LOCATION_TEXT,ROAD,WEATHER,LIGHT,DESC,REPORTING_AGENCY,MAIN_CAUSE,INCIDENTDETAILS_ID,DATE_UTC,TIME_UTC,ADDRESS,killed_driver,killed_passenger,killed_pedestrian,injured_driver,injured_passenger,injured_pedestrian,killed_uncategorized,injured_uncategorized,killed_total,injured_total,DATETIME_PST,SEVERITY,Y,X,COLLISION_TYPE
None,EDSA,None,None,"No Accident Factor, No Collision Stated (based on Police Blotter Book), 0.0 drivers_injured, 0.0 drivers_killed, 0.0 passengers_injured, 0.0 passengers_killed, 0.0 pedestrian_injured, 0.0 pedestrian_killed, Fair (Night), EDSA Taft Ave. Pasay",MMDA Road Safety Unit,Human error,29498cf9-ab55-4333-beca-743fbdf1d923,2016-09-25,18:00:00,EDSA Kabayan Hotel  Pasay,0,0,0,0,0,0,0,0,0,0,2016-09-26 2:00,Property,14.53775951,121.0007229,No Collision Stated
None,EDSA,None,None,"No Accident Factor, Hit and Run (No Collision Stated), 1.0 drivers_injured, 0.0 drivers_killed, 0.0 passengers_injured, 0.0 passengers_killed, 0.0 pedestrian_injured, 0.0 pedestrian_killed, Fair (Night), EDSA D. Macapagal Blvd. Pasay",MMDA Road Safety Unit,Human error,55630fb4-63bb-4ef7-9c5b-9fd735fcb8a6,2016-09-25,15:00:00,"EDSA ""U"" turn slot, Heritage Hotel  Pasay",0,0,0,1,0,0,0,0,0,1,2016-09-25 23:00,Injury,14.53639024,120.988979,No Collision Stated
None,EDSA,None,None,"No Accident Factor, No Collision Stated (based on Police Blotter Book), 1.0 drivers_injured, 0.0 drivers_killed, 0.0 passengers_injured, 0.0 passengers_killed, 0.0 pedestrian_injured, 0.0 pedestrian_killed, Fair (Night), EDSA  Roxas Blvd. Pasay",MMDA Road Safety Unit,Human error,7682d15d-d4a2-409d-aea6-160860b65a97,2016-09-25,06:20:00,EDSA Kabayan Hotel  Pasay,0,0,0,1,0,0,0,0,0,1,2016-09-25 14:20,Injury,14.53707744,120.9924007,No Collision Stated
None,EDSA,None,None,"No Accident Factor, No Collision Stated (based on Police Blotter Book), 0.0 drivers_injured, 0.0 drivers_killed, 0.0 passengers_injured, 0.0 passengers_killed, 0.0 pedestrian_injured, 0.0 pedestrian_killed, Fair (Night), EDSA Roxas Blvd. Pasay",MMDA Road Safety Unit,Human error,63a036f2-47c5-4680-a540-d69447195d99,2016-09-24,09:55:00,EDSA Kabayan Hotel  Pasay,0,0,0,0,0,0,0,0,0,0,2016-09-24 17:55,Property,14.53725136,120.9928775,No Collision Stated
None,EDSA,None,None,"No Accident Factor, No Collision Stated (based on Police Blotter Book), 0.0 drivers_injured, 0.0 drivers_killed, 0.0 passengers_injured, 0.0 passengers_killed, 0.0 pedestrian_injured, 0.0 pedestrian_killed, Fair (Night), EDSA Taft Ave. Pasay",MMDA Road Safety Unit,Human error,1a18525a-3707-4d92-86b8-a7b78d2d9632,2016-09-24,06:00:00,EDSA Roxas Blvd. Pasay,0,0,0,0,0,0,0,0,0,0,2016-09-24 14:00,Property,14.53775951,121.0007229,No Collision Stated
None,EDSA,None,None,"No Accident Factor, No Collision Stated (based on Police Blotter Book), 0.0 drivers_injured, 0.0 drivers_killed, 0.0 passengers_injured, 0.0 passengers_killed, 0.0 pedestrian_injured, 0.0 pedestrian_killed, Fair (Night), EDSA Heritage Hotel   Pasay",MMDA Road Safety Unit,Human error,e5289afc-acbd-4964-a1bb-3a22a9048693,2016-09-23,11:30:00,EDSA Roxas Blvd.  Pasay,0,0,0,0,0,0,0,0,0,0,2016-09-23 19:30,Property,14.53721957,120.9935015,No Collision Stated
None,EDSA,None,None,"No Accident Factor, No Collision Stated (based on Police Blotter Book), 0.0 drivers_injured, 0.0 drivers_killed, 0.0 passengers_injured, 0.0 passengers_killed, 0.0 pedestrian_injured, 0.0 pedestrian_killed, Fair (Night), EDSA Roxas Blvd. Pasay",MMDA Road Safety Unit,Human error,2dc8a9cf-2d13-494d-9c09-a27f4cd2eb11,2016-09-23,00:30:00,EDSA before Taft Ave.  Pasay,0,0,0,0,0,0,0,0,0,0,2016-09-23 8:30,Property,14.53725136,120.9928775,No Collision Stated
None,EDSA,None,None,"No Accident Factor, No Collision Stated (based on Police Blotter Book), 0.0 drivers_injured, 0.0 drivers_killed, 0.0 passengers_injured, 0.0 passengers_killed, 0.0 pedestrian_injured, 0.0 pedestrian_killed, Fair (Night), EDSA P. Celle St. Pasay",MMDA Road Safety Unit,Human error,fef8783f-f1f8-46db-b0b2-e1d36f175e9c,2016-09-23,00:00:00,EDSA Taft Ave.  Pasay,0,0,0,0,0,0,0,0,0,0,2016-09-23 8:00,Property,14.53789911,120.9974276,No Collision Stated
None,EDSA,None,None,"No Accident Factor, No Collision Stated (based on Police Blotter Book), 1.0 drivers_injured, 0.0 drivers_killed, 0.0 passengers_injured, 0.0 passengers_killed, 0.0 pedestrian_injured, 0.0 pedestrian_killed, Fair (Day), EDSA Taft Ave.  Pasay",MMDA Road Safety Unit,Human error,59190628-3ae5-4478-8d87-196084e0cbc9,2016-09-22,04:10:00,EDSA Roxas Blvd.  Pasay,0,0,0,1,0,0,0,0,0,1,2016-09-22 12:10,Injury,14.53775951,121.0007229,No Collision Stated
None,EDSA,None,None,"No Accident Factor, No Collision Stated (based on Police Blotter Book), 0.0 drivers_injured, 0.0 drivers_killed, 0.0 passengers_injured, 0.0 passengers_killed, 0.0 pedestrian_injured, 0.0 pedestrian_killed, Fair (Day), EDSA Kabayan Hotel  Pasay",MMDA Road Safety Unit,Human error,72629aa6-809d-4d16-832d-13d213a81070,2016-09-21,09:30:00,EDSA Tramo St.  Pasay,0,0,0,0,0,0,0,0,0,0,2016-09-21 17:30,Property,14.53775829,121.0015736,No Collision Stated
None,EDSA,None,None,"No Accident Factor, No Collision Stated (based on Police Blotter Book), 0.0 drivers_injured, 0.0 drivers_killed, 0.0 passengers_injured, 0.0 passengers_killed, 0.0 pedestrian_injured, 0.0 pedestrian_killed, Fair (Day), EDSA ""U"" turn slot, Heritage Hotel  Pasay",MMDA Road Safety Unit,Human error,4197bb19-9dbd-48cf-b3c8-3085963fdfeb,2016-09-21,08:30:00,EDSA Taft Ave.  Pasay,0,0,0,0,0,0,0,0,0,0,2016-09-21 16:30,Property,14.5373561,120.9938096,No Collision Stated
None,EDSA,None,None,"No Accident Factor, No Collision Stated (based on Police Blotter Book), 0.0 drivers_injured, 0.0 drivers_killed, 0.0 passengers_injured, 0.0 passengers_killed, 0.0 pedestrian_injured, 0.0 pedestrian_killed, Fair (Day), EDSA Kabayan Hotel  Pasay",MMDA Road Safety Unit,Human error,04c8751d-3022-4448-af99-b5f7a939fcbb,2016-09-21,04:00:00,EDSA F. B. Harrison St.  Pasay,0,0,0,0,0,0,0,0,0,0,2016-09-21 12:00,Property,14.53775829,121.0015736,No Collision Stated
None,EDSA,None,None,"No Accident Factor, Side Swipe, 0.0 drivers_injured, 0.0 drivers_killed, 0.0 passengers_injured, 0.0 passengers_killed, 0.0 pedestrian_injured, 0.0 pedestrian_killed, Fair (Day), EDSA Kabayan Hotel  Pasay",MMDA Road Safety Unit,Human error,0c912460-f15f-4542-8c00-ae3a24163e96,2016-09-19,08:30:00,EDSA Roxas Blvd.  Pasay,0,0,0,0,0,0,0,0,0,0,2016-09-19 16:30,Property,14.53775829,121.0015736,Side Swipe
None,EDSA,None,None,"No Accident Factor, No Collision Stated (based on Police Blotter Book), 0.0 drivers_injured, 0.0 drivers_killed, 0.0 passengers_injured, 0.0 passengers_killed, 0.0 pedestrian_injured, 0.0 pedestrian_killed, Fair (Night), EDSA Roxas Blvd. Pasay",MMDA Road Safety Unit,Human error,2379458b-8fc8-4519-93e8-41c00bab24b4,2016-09-19,00:00:00,EDSA P. Celle St.  Pasay,0,0,0,0,0,0,0,0,0,0,2016-09-19 8:00,Property,14.53725136,120.9928775,No Collision Stated
None,EDSA,None,None,"No Accident Factor, Angle Impact, 0.0 drivers_injured, 0.0 drivers_killed, 0.0 passengers_injured, 0.0 passengers_killed, 0.0 pedestrian_injured, 0.0 pedestrian_killed, Fair (Day), EDSA Roxas Blvd.  Pasay",MMDA Road Safety Unit,Human error,34f356c9-5dad-4dd2-bff3-ebe3c97a05d3,2016-09-18,22:55:00,EDSA Taft Ave.  Pasay,0,0,0,0,0,0,0,0,0,0,2016-09-19 6:55,Property,14.53725136,120.9928775,Angle Impact
None,EDSA,None,None,"No Accident Factor, Side Swipe, 0.0 drivers_injured, 0.0 drivers_killed, 0.0 passengers_injured, 0.0 passengers_killed, 0.0 pedestrian_injured, 0.0 pedestrian_killed, Fair (Day), EDSA before Taft Ave.  Pasay",MMDA Road Safety Unit,Human error,0895eb52-d4bc-4ff5-8af3-f425234b02e1,2016-09-18,22:15:00,"EDSA ""U"" turn slot, Copacabana Hotel  Pasay",0,0,0,0,0,0,0,0,0,0,2016-09-19 6:15,Property,14.53764622,121.0012661,Side Swipe
None,EDSA,None,None,"No Accident Factor, Hit and Run (Rear-end), 0.0 drivers_injured, 0.0 drivers_killed, 0.0 passengers_injured, 0.0 passengers_killed, 0.0 pedestrian_injured, 0.0 pedestrian_killed, Fair (Night), EDSA Taft Ave.  Pasay",MMDA Road Safety Unit,Human error,7a6db968-8d45-4e3e-94da-a2fa0e14fdd8,2016-09-17,21:00:00,EDSA Roxas Blvd.  Pasay,0,0,0,0,0,0,0,0,0,0,2016-09-18 5:00,Property,14.53775951,121.0007229,Rear-End
None,EDSA,None,None,"No Accident Factor, No Collision Stated (based on Police Blotter Book), 0.0 drivers_injured, 0.0 drivers_killed, 0.0 passengers_injured, 0.0 passengers_killed, 0.0 pedestrian_injured, 0.0 pedestrian_killed, Fair (Day), EDSA Roxas Blvd.  Pasay",MMDA Road Safety Unit,Human error,7781e499-b20f-4777-81df-9450615ec957,2016-09-17,02:45:00,EDSA Heritage Hotel   Pasay,0,0,0,0,0,0,0,0,0,0,2016-09-17 10:45,Property,14.53725136,120.9928775,No Collision Stated
None,EDSA,None,None,"No Accident Factor, No Collision Stated (based on Police Blotter Book), 0.0 drivers_injured, 0.0 drivers_killed, 0.0 passengers_injured, 0.0 passengers_killed, 0.0 pedestrian_injured, 0.0 pedestrian_killed, Fair (Night), EDSA Tramo St.  Pasay",MMDA Road Safety Unit,Human error,9ba62fbb-4eb4-4cf1-988f-d60577cce48b,2016-09-16,18:10:00,EDSA Roxas Blvd. Service Road Pasay,0,0,0,0,0,0,0,0,0,0,2016-09-17 2:10,Property,14.53790544,121.0032547,No Collision Stated
None,EDSA,None,None,"No Accident Factor, Angle Impact, 0.0 drivers_injured, 0.0 drivers_killed, 0.0 passengers_injured, 0.0 passengers_killed, 0.0 pedestrian_injured, 0.0 pedestrian_killed, Fair (Night), EDSA Taft Ave.  Pasay",MMDA Road Safety Unit,Human error,c5736847-8cca-496b-ada1-62604096b0fa,2016-09-16,11:30:00,EDSA Heritage Hotel U-turn Slot Pasay,0,0,0,0,0,0,0,0,0,0,2016-09-16 19:30,Property,14.53775951,121.0007229,Angle Impact
None,EDSA,None,None,"No Accident Factor, No Collision Stated (based on Police Blotter Book), 0.0 drivers_injured, 0.0 drivers_killed, 0.0 passengers_injured, 0.0 passengers_killed, 0.0 pedestrian_injured, 0.0 pedestrian_killed, Fair (Day), EDSA F. B. Harrison St.  Pasay",MMDA Road Safety Unit,Human error,ef5ca28f-789e-410a-bc7d-4476de20586d,2016-09-16,02:30:00,EDSA Taft Ave. Pasay,0,0,0,0,0,0,0,0,0,0,2016-09-16 10:30,Property,14.5378679,120.9956516,No Collision Stated
None,EDSA,None,None,"No Accident Factor, No Collision Stated (based on Police Blotter Book), 0.0 drivers_injured, 0.0 drivers_killed, 0.0 passengers_injured, 0.0 passengers_killed, 0.0 pedestrian_injured, 0.0 pedestrian_killed, Fair (Day), EDSA Roxas Blvd.  Pasay",MMDA Road Safety Unit,Human error,e851698b-48a4-477c-ab47-ee4182a70c1c,2016-09-16,02:00:00,EDSA E. Rodriguez St. Pasay,0,0,0,0,0,0,0,0,0,0,2016-09-16 10:00,Property,14.53725136,120.9928775,No Collision Stated
None,EDSA,None,None,"No Accident Factor, Rear-end, 0.0 drivers_injured, 0.0 drivers_killed, 0.0 passengers_injured, 0.0 passengers_killed, 0.0 pedestrian_injured, 0.0 pedestrian_killed, Fair (Day), EDSA P. Celle St.  Pasay",MMDA Road Safety Unit,Human error,3f4c606d-3634-4a79-b306-e2607eb3c06b,2016-09-15,06:00:00,EDSA Taft Ave. Pasay,0,0,0,0,0,0,0,0,0,0,2016-09-15 14:00,Property,14.53789911,120.9974276,Rear-End
None,EDSA,None,None,"No Accident Factor, No Collision Stated (based on Police Blotter Book), 0.0 drivers_injured, 0.0 drivers_killed, 0.0 passengers_injured, 0.0 passengers_killed, 0.0 pedestrian_injured, 0.0 pedestrian_killed, Fair (Day), EDSA Taft Ave.  Pasay",MMDA Road Safety Unit,Human error,2ea82455-7fcd-40f6-a0b3-ff00d3c74dcf,2016-09-15,04:30:00,EDSA Choice Motor Pasay,0,0,0,0,0,0,0,0,0,0,2016-09-15 12:30,Property,14.53775951,121.0007229,No Collision Stated
None,EDSA,None,None,"No Accident Factor, Angle Impact, 0.0 drivers_injured, 0.0 drivers_killed, 0.0 passengers_injured, 0.0 passengers_killed, 0.0 pedestrian_injured, 0.0 pedestrian_killed, Fair (Day), EDSA ""U"" turn slot, Copacabana Hotel  Pasay",MMDA Road Safety Unit,Human error,1d58b66f-d22f-400f-a57a-9d5cb5c4438d,2016-09-14,22:30:00,"EDSA ""U"" turn slot, P. Celle St.  Pasay",0,0,0,0,0,0,0,0,0,0,2016-09-15 6:30,Property,14.53740934,120.9940239,Angle Impact
None,EDSA,None,None,"No Accident Factor, No Collision Stated (based on Police Blotter Book), 0.0 drivers_injured, 0.0 drivers_killed, 1.0 passengers_injured, 0.0 passengers_killed, 0.0 pedestrian_injured, 0.0 pedestrian_killed, Fair (Day), EDSA Roxas Blvd.  Pasay",MMDA Road Safety Unit,Human error,c73f652d-a2d6-4a46-bd42-f0dfaf99688c,2016-09-14,22:05:00,EDSA D. Macapagal Blvd.  Pasay,0,0,0,0,1,0,0,0,0,1,2016-09-15 6:05,Injury,14.53725136,120.9928775,No Collision Stated
None,EDSA,None,None,"No Accident Factor, No Collision Stated (based on Police Blotter Book), 0.0 drivers_injured, 0.0 drivers_killed, 0.0 passengers_injured, 0.0 passengers_killed, 0.0 pedestrian_injured, 0.0 pedestrian_killed, Fair (Night), EDSA Heritage Hotel   Pasay",MMDA Road Safety Unit,Human error,138cd6ef-d859-48fa-b2b7-b0e7b2983c90,2016-09-11,12:35:00,EDSA Aurora Blvd.  Pasay,0,0,0,0,0,0,0,0,0,0,2016-09-11 20:35,Property,14.53721957,120.9935015,No Collision Stated
None,EDSA,None,None,"No Accident Factor, Rear-end, 0.0 drivers_injured, 0.0 drivers_killed, 0.0 passengers_injured, 0.0 passengers_killed, 0.0 pedestrian_injured, 0.0 pedestrian_killed, Fair (Night), EDSA Roxas Blvd. Service Road Pasay",MMDA Road Safety Unit,Human error,3d8ea762-967e-440f-9bec-6e1dca7df716,2016-09-10,17:00:00,EDSA D. Macapagal Blvd.  Pasay,0,0,0,0,0,0,0,0,0,0,2016-09-11 1:00,Property,14.53725136,120.9928775,Rear-End
None,EDSA,None,None,"No Accident Factor, Side Swipe, 0.0 drivers_injured, 0.0 drivers_killed, 0.0 passengers_injured, 0.0 passengers_killed, 0.0 pedestrian_injured, 0.0 pedestrian_killed, Fair (Night), EDSA Heritage Hotel U-turn Slot Pasay",MMDA Road Safety Unit,Human error,b2fc678c-8a09-4f76-8648-0a41f5d6c7e4,2016-09-10,09:30:00,EDSA Taft Ave.  Pasay,0,0,0,0,0,0,0,0,0,0,2016-09-10 17:30,Property,14.53735972,120.9938132,Side Swipe
None,EDSA,None,None,"No Accident Factor, No Collision Stated (based on Police Blotter Book), 0.0 drivers_injured, 0.0 drivers_killed, 0.0 passengers_injured, 0.0 passengers_killed, 0.0 pedestrian_injured, 0.0 pedestrian_killed, Fair (Night), EDSA Taft Ave. Pasay",MMDA Road Safety Unit,Human error,1c7316f0-dd52-47ad-aa4f-fda789e0d29a,2016-09-10,06:20:00,"EDSA ""U"" turn slot, Heritage Hotel Pasay",0,0,0,0,0,0,0,0,0,0,2016-09-10 14:20,Property,14.53775951,121.0007229,No Collision Stated
None,EDSA,None,None,"No Accident Factor, No Collision Stated (based on Police Blotter Book), 0.0 drivers_injured, 0.0 drivers_killed, 0.0 passengers_injured, 0.0 passengers_killed, 0.0 pedestrian_injured, 0.0 pedestrian_killed, Fair (Night), EDSA E. Rodriguez St. Pasay",MMDA Road Safety Unit,Human error,6428af49-3cc9-4587-bfd9-764c8230aeb3,2016-09-10,03:45:00,EDSA Taft Ave.  Pasay,0,0,0,0,0,0,0,0,0,0,2016-09-10 11:45,Property,14.53836867,121.0085613,No Collision Stated
None,EDSA,None,None,"No Accident Factor, No Collision Stated (based on Police Blotter Book), 0.0 drivers_injured, 0.0 drivers_killed, 0.0 passengers_injured, 0.0 passengers_killed, 0.0 pedestrian_injured, 0.0 pedestrian_killed, Fair (Night), EDSA Taft Ave. Pasay",MMDA Road Safety Unit,Human error,b00cf508-960c-426c-a16f-9bc8b4e1b61a,2016-09-09,15:40:00,EDSA Roxas Blvd.  Pasay,0,0,0,0,0,0,0,0,0,0,2016-09-09 23:40,Property,14.53775951,121.0007229,No Collision Stated
None,EDSA,None,None,"No Accident Factor, No Collision Stated (based on Police Blotter Book), 0.0 drivers_injured, 0.0 drivers_killed, 0.0 passengers_injured, 0.0 passengers_killed, 0.0 pedestrian_injured, 0.0 pedestrian_killed, Fair (Night), EDSA Choice Motor Pasay",MMDA Road Safety Unit,Human error,d80ee65d-2d86-4d78-b9e8-de27bf7cacd3,2016-09-09,00:30:00,EDSA Copacabana Hotel Pasay,0,0,0,0,0,0,0,0,0,0,2016-09-09 8:30,Property,14.53842873,121.0089674,No Collision Stated
None,EDSA,None,None,"No Accident Factor, Side Swipe, 0.0 drivers_injured, 0.0 drivers_killed, 0.0 passengers_injured, 0.0 passengers_killed, 0.0 pedestrian_injured, 0.0 pedestrian_killed, Fair (Day), EDSA ""U"" turn slot, P. Celle St.  Pasay",MMDA Road Safety Unit,Human error,76a330b9-30a5-4c3b-bff0-be90f073cb7c,2016-09-08,06:20:00,EDSA Tramo St.  Pasay,0,0,0,0,0,0,0,0,0,0,2016-09-08 14:20,Property,14.53777151,120.9974946,Side Swipe
None,EDSA,None,None,"No Accident Factor, No Collision Stated (based on Police Blotter Book), 0.0 drivers_injured, 0.0 drivers_killed, 0.0 passengers_injured, 0.0 passengers_killed, 0.0 pedestrian_injured, 0.0 pedestrian_killed, Fair (Night), EDSA D. Macapagal Blvd.  Pasay",MMDA Road Safety Unit,Human error,0a3096e9-d5ea-43d7-b323-95aba6ae3327,2016-09-07,12:30:00,EDSA Roxas Blvd. Pasay,0,0,0,0,0,0,0,0,0,0,2016-09-07 20:30,Property,14.53639024,120.988979,No Collision Stated
None,EDSA,None,None,"No Accident Factor, Multiple Collision, 0.0 drivers_injured, 0.0 drivers_killed, 0.0 passengers_injured, 0.0 passengers_killed, 0.0 pedestrian_injured, 0.0 pedestrian_killed, Fair (Day), EDSA Aurora Blvd.  Pasay",MMDA Road Safety Unit,Human error,ffa51f5c-1b84-4dc3-b2ac-3fbfaa80b92f,2016-09-07,05:20:00,EDSA C. Jose St.  Pasay,0,0,0,0,0,0,0,0,0,0,2016-09-07 13:20,Property,14.53767633,121.0032355,Multiple
None,EDSA,None,None,"No Accident Factor, No Collision Stated (based on Police Blotter Book), 0.0 drivers_injured, 0.0 drivers_killed, 0.0 passengers_injured, 0.0 passengers_killed, 0.0 pedestrian_injured, 0.0 pedestrian_killed, Fair (Day), EDSA D. Macapagal Blvd.  Pasay",MMDA Road Safety Unit,Human error,0930888d-65f0-4bc3-92cd-9b8d08e41133,2016-09-07,03:15:00,EDSA Roxas Blvd. Service Road Pasay,0,0,0,0,0,0,0,0,0,0,2016-09-07 11:15,Property,14.53639024,120.988979,No Collision Stated
None,EDSA,None,None,"No Accident Factor, No Collision Stated (based on Police Blotter Book), 0.0 drivers_injured, 0.0 drivers_killed, 0.0 passengers_injured, 0.0 passengers_killed, 0.0 pedestrian_injured, 0.0 pedestrian_killed, Fair (Day), EDSA Taft Ave.  Pasay",MMDA Road Safety Unit,Vehicle defect,6f65fbe9-00bb-498c-be0f-369ee42885e9,2016-09-07,02:30:00,EDSA Cabrera St. Pasay,0,0,0,0,0,0,0,0,0,0,2016-09-07 10:30,Property,14.53775951,121.0007229,No Collision Stated
None,EDSA,None,None,"No Accident Factor, No Collision Stated (based on Police Blotter Book), 1.0 drivers_injured, 0.0 drivers_killed, 0.0 passengers_injured, 0.0 passengers_killed, 0.0 pedestrian_injured, 0.0 pedestrian_killed, Fair (Day), EDSA ""U"" turn slot, Heritage Hotel Pasay",MMDA Road Safety Unit,Human error,f5cfbddb-0c32-4904-8a45-33480e6efc29,2016-09-07,01:45:00,"EDSA ""U"" turn slot, Copacabana Pasay",0,0,0,1,0,0,0,0,0,1,2016-09-07 9:45,Injury,14.5373561,120.9938096,No Collision Stated
None,EDSA,None,None,"No Accident Factor, Rear-end, 0.0 drivers_injured, 0.0 drivers_killed, 0.0 passengers_injured, 0.0 passengers_killed, 0.0 pedestrian_injured, 0.0 pedestrian_killed, Fair (Day), EDSA Taft Ave.  Pasay",MMDA Road Safety Unit,Human error,8a22b065-871e-44dd-af4b-34852379dd28,2016-09-07,00:30:00,EDSA Heritage Hotel Pasay,0,0,0,0,0,0,0,0,0,0,2016-09-07 8:30,Property,14.53775951,121.0007229,Rear-End
None,EDSA,None,None,"No Accident Factor, No Collision Stated (based on Police Blotter Book), 0.0 drivers_injured, 0.0 drivers_killed, 0.0 passengers_injured, 0.0 passengers_killed, 0.0 pedestrian_injured, 0.0 pedestrian_killed, Fair (Day), EDSA Roxas Blvd.  Pasay",MMDA Road Safety Unit,Human error,4e9fbfbf-c31a-440e-975b-b921c5b3e668,2016-09-05,07:55:00,EDSA Tramo St.  Pasay,0,0,0,0,0,0,0,0,0,0,2016-09-05 15:55,Property,14.53725136,120.9928775,No Collision Stated
None,EDSA,None,None,"No Accident Factor, Side Swipe, 0.0 drivers_injured, 0.0 drivers_killed, 0.0 passengers_injured, 0.0 passengers_killed, 0.0 pedestrian_injured, 0.0 pedestrian_killed, Fair (Day), EDSA Copacabana Hotel Pasay",MMDA Road Safety Unit,Human error,c081b358-adfc-4e56-a959-fe0184a6df1c,2016-09-04,23:45:00,EDSA Roxas Blvd. Pasay,0,0,0,0,0,0,0,0,0,0,2016-09-05 7:45,Property,14.53747529,120.9943264,Side Swipe
None,EDSA,None,None,"No Accident Factor, No Collision Stated (based on Police Blotter Book), 0.0 drivers_injured, 0.0 drivers_killed, 0.0 passengers_injured, 0.0 passengers_killed, 0.0 pedestrian_injured, 0.0 pedestrian_killed, Fair (Night), EDSA Tramo St.  Pasay",MMDA Road Safety Unit,Human error,8ef86a51-56d9-43a3-abb3-99d3378f137c,2016-09-03,17:00:00,EDSA before Taft Ave. Pasay,0,0,0,0,0,0,0,0,0,0,2016-09-04 1:00,Property,14.53790544,121.0032547,No Collision Stated
None,EDSA,None,None,"No Accident Factor, No Collision Stated (based on Police Blotter Book), 0.0 drivers_injured, 0.0 drivers_killed, 0.0 passengers_injured, 0.0 passengers_killed, 0.0 pedestrian_injured, 0.0 pedestrian_killed, Fair (Day), EDSA Roxas Blvd. Pasay",MMDA Road Safety Unit,Human error,43e6373d-5b7a-474b-982d-c42db537bea0,2016-09-03,03:25:00,EDSA Savemore Pasay,0,0,0,0,0,0,0,0,0,0,2016-09-03 11:25,Property,14.53725136,120.9928775,No Collision Stated
None,EDSA,None,None,"No Accident Factor, Side Swipe, 0.0 drivers_injured, 0.0 drivers_killed, 0.0 passengers_injured, 0.0 passengers_killed, 0.0 pedestrian_injured, 0.0 pedestrian_killed, Fair (Night), EDSA C. Jose St.  Pasay",MMDA Road Safety Unit,Human error,1445343f-7e0c-4cb1-9f49-e04c6b172511,2016-09-01,14:30:00,EDSA after L. Wood St. Pasay,0,0,0,0,0,0,0,0,0,0,2016-09-01 22:30,Property,14.53873461,121.0107828,Side Swipe
None,EDSA,None,None,"No Accident Factor, No Collision Stated (based on Police Blotter Book), 0.0 drivers_injured, 0.0 drivers_killed, 0.0 passengers_injured, 0.0 passengers_killed, 0.0 pedestrian_injured, 0.0 pedestrian_killed, Fair (Day), EDSA Roxas Blvd. Service Road Pasay",MMDA Road Safety Unit,Human error,26f28137-2128-4921-9e5c-ba0dbae15030,2016-09-01,01:00:00,EDSA Roxas Blvd. Pasay,0,0,0,0,0,0,0,0,0,0,2016-09-01 9:00,Property,14.53725136,120.9928775,No Collision Stated
None,EDSA,None,None,"No Accident Factor, Hit Object (No Object Stated), 0.0 drivers_injured, 0.0 drivers_killed, 0.0 passengers_injured, 0.0 passengers_killed, 0.0 pedestrian_injured, 0.0 pedestrian_killed, Fair (Night), EDSA Cabrera St. Pasay",MMDA Road Safety Unit,Human error,90c96c2a-630d-46f2-95b8-b733ba14b97a,2016-08-31,15:30:00,EDSA Rodriguez St. Pasay,0,0,0,0,0,0,0,0,0,0,2016-08-31 23:30,Property,14.53817493,121.0048575,Hit Object
None,EDSA,None,None,"No Accident Factor, Side Swipe, 0.0 drivers_injured, 0.0 drivers_killed, 0.0 passengers_injured, 0.0 passengers_killed, 0.0 pedestrian_injured, 0.0 pedestrian_killed, Fair (Night), EDSA ""U"" turn slot, Copacabana Pasay",MMDA Road Safety Unit,Human error,f83a560f-de6d-48f6-9c6c-89012cb37a61,2016-08-31,12:10:00,EDSA before Roxas Blvd. Pasay,0,0,0,0,0,0,0,0,0,0,2016-08-31 20:10,Property,14.53740934,120.9940239,Side Swipe
None,EDSA,None,None,"No Accident Factor, Rear-end, 0.0 drivers_injured, 0.0 drivers_killed, 0.0 passengers_injured, 0.0 passengers_killed, 0.0 pedestrian_injured, 0.0 pedestrian_killed, Fair (Day), EDSA Heritage Hotel Pasay",MMDA Road Safety Unit,Human error,a5ab1840-075b-401d-8aee-1b3bbad46fcd,2016-08-31,09:00:00,EDSA before Roxas Blvd. Pasay,0,0,0,0,0,0,0,0,0,0,2016-08-31 17:00,Property,14.53721957,120.9935015,Rear-End
None,EDSA,None,None,"No Accident Factor, Side Swipe, 0.0 drivers_injured, 0.0 drivers_killed, 0.0 passengers_injured, 0.0 passengers_killed, 0.0 pedestrian_injured, 0.0 pedestrian_killed, Fair (Day), EDSA Tramo St.  Pasay",MMDA Road Safety Unit,Human error,ad64c180-7888-4fda-8f62-72208163d56d,2016-08-31,07:55:00,EDSA D. Macapagal Blvd. Pasay,0,0,0,0,0,0,0,0,0,0,2016-08-31 15:55,Property,14.53790544,121.0032547,Side Swipe
None,EDSA,None,None,"No Accident Factor, Hit and Run (No Collision Stated), 0.0 drivers_injured, 0.0 drivers_killed, 0.0 passengers_injured, 0.0 passengers_killed, 0.0 pedestrian_injured, 0.0 pedestrian_killed, Fair (Day), EDSA Roxas Blvd. Pasay",MMDA Road Safety Unit,Human error,435c23a1-7d75-41ad-981d-bdd0c243529e,2016-08-31,06:00:00,EDSA Tramo Zipper Lane Pasay,0,0,0,0,0,0,0,0,0,0,2016-08-31 14:00,Property,14.53725136,120.9928775,No Collision Stated