LOCATION_TEXT,ROAD,WEATHER,LIGHT,DESC,REPORTING_AGENCY,MAIN_CAUSE,INCIDENTDETAILS_ID,DATE_UTC,TIME_UTC,ADDRESS,killed_driver,killed_passenger,killed_pedestrian,injured_driver,injured_passenger,injured_pedestrian,killed_uncategorized,injured_uncategorized,killed_total,injured_total,DATETIME_PST,SEVERITY,Y,X,COLLISION_TYPE
None,EDSA,None,None,"No Accident Factor, Hit and Run (Side Swipe), 1.0 drivers_injured, 0.0 drivers_killed, 1.0 passengers_injured, 0.0 passengers_killed, 0.0 pedestrian_injured, 0.0 pedestrian_killed, Fair (Day), EDSA before Taft Ave. Pasay",MMDA Road Safety Unit,Human error,0d462e94-f2c2-4a5a-9789-113467867455,2016-08-31,05:00:00,EDSA Edang St. Pasay,0,0,0,1,1,0,0,0,0,2,2016-08-31 13:00,Injury,14.53764622,121.0012661,Side Swipe
None,EDSA,None,None,"No Accident Factor, No Collision Stated (based on Police Blotter Book), 0.0 drivers_injured, 0.0 drivers_killed, 0.0 passengers_injured, 0.0 passengers_killed, 0.0 pedestrian_injured, 0.0 pedestrian_killed, Fair (Night), EDSA Savemore Pasay",MMDA Road Safety Unit,Human error,4994996c-3120-42fa-9130-52202395fb83,2016-08-29,21:30:00,"EDSA ""U"" turn slot, Heritage Pasay",0,0,0,0,0,0,0,0,0,0,2016-08-30 5:30,Property,14.53773852,120.9993152,No Collision Stated
None,EDSA,None,None,"No Accident Factor, No Collision Stated (based on Police Blotter Book), 0.0 drivers_injured, 0.0 drivers_killed, 0.0 passengers_injured, 0.0 passengers_killed, 0.0 pedestrian_injured, 0.0 pedestrian_killed, Fair (Night), EDSA after L. Wood St. Pasay",MMDA Road Safety Unit,Human error,43d045b0-7cf4-4370-b0fc-7dd148422fdb,2016-08-29,10:30:00,EDSA Roxas Blvd. Pasay,0,0,0,0,0,0,0,0,0,0,2016-08-29 18:30,Property,14.53857471,121.0090845,No Collision Stated
None,EDSA,None,None,"No Accident Factor, No Collision Stated (based on Police Blotter Book), 0.0 drivers_injured, 0.0 drivers_killed, 0.0 passengers_injured, 0.0 passengers_killed, 0.0 pedestrian_injured, 0.0 pedestrian_killed, Fair (Day), EDSA Roxas Blvd. Pasay",MMDA Road Safety Unit,Human error,6a427a17-def6-4dd2-869d-a3ffd45dff0a,2016-08-29,08:00:00,EDSA Taft Ave. Pasay,0,0,0,0,0,0,0,0,0,0,2016-08-29 16:00,Property,14.53725136,120.9928775,No Collision Stated
None,EDSA,None,None,"No Accident Factor, Multiple Collision, 0.0 drivers_injured, 0.0 drivers_killed, 0.0 passengers_injured, 0.0 passengers_killed, 0.0 pedestrian_injured, 0.0 pedestrian_killed, Fair (Night), EDSA Rodriguez St. Pasay",MMDA Road Safety Unit,Human error,b718ace9-05e0-4b7d-80b8-3789bec43d6a,2016-08-27,20:05:00,EDSA Taft Ave. Pasay,0,0,0,0,0,0,0,0,0,0,2016-08-28 4:05,Property,14.53843672,121.0086475,Multiple
None,EDSA,None,None,"No Accident Factor, Rear-end, 0.0 drivers_injured, 0.0 drivers_killed, 0.0 passengers_injured, 0.0 passengers_killed, 0.0 pedestrian_injured, 0.0 pedestrian_killed, Fair (Night), EDSA before Roxas Blvd. Pasay",MMDA Road Safety Unit,Human error,5d1a883e-562a-43fa-a88b-64775efa7f2b,2016-08-26,20:00:00,EDSA after F. B. Harrison St. Pasay,0,0,0,0,0,0,0,0,0,0,2016-08-27 4:00,Property,14.53731241,120.9931153,Rear-End
None,EDSA,None,None,"No Accident Factor, Side Swipe, 0.0 drivers_injured, 0.0 drivers_killed, 0.0 passengers_injured, 0.0 passengers_killed, 0.0 pedestrian_injured, 0.0 pedestrian_killed, Fair (Night), EDSA before Roxas Blvd. Pasay",MMDA Road Safety Unit,Human error,b5203a20-5c27-4b9d-8455-4b079823dbf6,2016-08-26,12:00:00,EDSA D. Macapagal Blvd. Pasay,0,0,0,0,0,0,0,0,0,0,2016-08-26 20:00,Property,14.53731241,120.9931153,Side Swipe
None,EDSA,None,None,"No Accident Factor, Rear-end, 0.0 drivers_injured, 0.0 drivers_killed, 0.0 passengers_injured, 0.0 passengers_killed, 0.0 pedestrian_injured, 0.0 pedestrian_killed, Fair (Night), EDSA D. Macapagal Blvd. Pasay",MMDA Road Safety Unit,Human error,84a42a77-04ea-4bf6-a50b-99a283879269,2016-08-26,10:00:00,EDSA Roxas Blvd. Pasay,0,0,0,0,0,0,0,0,0,0,2016-08-26 18:00,Property,14.53639024,120.988979,Rear-End
None,EDSA,None,None,"No Accident Factor, No Collision Stated (based on Police Blotter Book), 0.0 drivers_injured, 0.0 drivers_killed, 0.0 passengers_injured, 0.0 passengers_killed, 0.0 pedestrian_injured, 0.0 pedestrian_killed, Fair (Day), EDSA Tramo Zipper Lane Pasay",MMDA Road Safety Unit,Human error,2f59a4fc-75e0-4478-b7a4-9a837d7af21f,2016-08-26,08:10:00,EDSA Heritage Hotel Pasay,0,0,0,0,0,0,0,0,0,0,2016-08-26 16:10,Property,14.53790544,121.0032547,No Collision Stated
None,EDSA,None,None,"No Accident Factor, No Collision Stated (based on Police Blotter Book), 0.0 drivers_injured, 0.0 drivers_killed, 0.0 passengers_injured, 0.0 passengers_killed, 0.0 pedestrian_injured, 0.0 pedestrian_killed, Fair (Day), EDSA Edang St. Pasay",MMDA Road Safety Unit,Human error,b0132e97-6784-41ec-a7d5-457b5d3e2f42,2016-08-26,03:00:00,EDSA E. Rodriguez Pasay,0,0,0,0,0,0,0,0,0,0,2016-08-26 11:00,Property,14.53786068,121.0041878,No Collision Stated
None,EDSA,None,None,"No Accident Factor, No Collision Stated (based on Police Blotter Book), 0.0 drivers_injured, 0.0 drivers_killed, 0.0 passengers_injured, 0.0 passengers_killed, 0.0 pedestrian_injured, 0.0 pedestrian_killed, Fair (Day), EDSA ""U"" turn slot, Heritage Pasay",MMDA Road Safety Unit,Human error,f195d069-a0fe-4ca9-b6df-1cce0c13229a,2016-08-26,01:30:00,"EDSA ""U"" turn slot, Heritage Pasay",0,0,0,0,0,0,0,0,0,0,2016-08-26 9:30,Property,14.5373561,120.9938096,No Collision Stated
None,EDSA,None,None,"No Accident Factor, No Collision Stated (based on Police Blotter Book), 0.0 drivers_injured, 0.0 drivers_killed, 0.0 passengers_injured, 0.0 passengers_killed, 0.0 pedestrian_injured, 0.0 pedestrian_killed, Fair (Night), EDSA Roxas Blvd. Pasay",MMDA Road Safety Unit,Human error,f00f3f8d-9f07-4c28-8fe0-c6bfb682ea6d,2016-08-25,17:20:00,EDSA Roxas Blvd. Pasay,0,0,0,0,0,0,0,0,0,0,2016-08-26 1:20,Property,14.53725136,120.9928775,No Collision Stated
None,EDSA,None,None,"No Accident Factor, Side Swipe, 0.0 drivers_injured, 0.0 drivers_killed, 0.0 passengers_injured, 0.0 passengers_killed, 0.0 pedestrian_injured, 0.0 pedestrian_killed, Fair (Day), EDSA Taft Ave. Pasay",MMDA Road Safety Unit,Human error,89fd05ca-ec1a-47e1-830e-bf7339bc58ff,2016-08-25,08:00:00,EDSA Heritage Pasay,0,0,0,0,0,0,0,0,0,0,2016-08-25 16:00,Property,14.53775951,121.0007229,Side Swipe
None,EDSA,None,None,"No Accident Factor, No Collision Stated (based on Police Blotter Book), 0.0 drivers_injured, 0.0 drivers_killed, 0.0 passengers_injured, 0.0 passengers_killed, 0.0 pedestrian_injured, 0.0 pedestrian_killed, Fair (Night), EDSA Taft Ave. Pasay",MMDA Road Safety Unit,Human error,1217423f-326f-48e0-a30c-e29f6cc8047d,2016-08-24,15:00:00,EDSA Tramo Pasay,0,0,0,0,0,0,0,0,0,0,2016-08-24 23:00,Property,14.53775951,121.0007229,No Collision Stated
None,EDSA,None,None,"No Accident Factor, No Collision Stated (based on Police Blotter Book), 0.0 drivers_injured, 0.0 drivers_killed, 0.0 passengers_injured, 0.0 passengers_killed, 0.0 pedestrian_injured, 0.0 pedestrian_killed, Fair (Day), EDSA after F. B. Harrison St. Pasay",MMDA Road Safety Unit,Human error,977f94ad-0d1b-40c9-ad39-bb9d1d66171d,2016-08-24,04:00:00,EDSA Caltex Gas station Pasay,0,0,0,0,0,0,0,0,0,0,2016-08-24 12:00,Property,14.53778442,120.9952576,No Collision Stated
None,EDSA,None,None,"No Accident Factor, No Collision Stated (based on Police Blotter Book), 0.0 drivers_injured, 0.0 drivers_killed, 0.0 passengers_injured, 0.0 passengers_killed, 0.0 pedestrian_injured, 0.0 pedestrian_killed, Fair (Day), EDSA D. Macapagal Blvd. Pasay",MMDA Road Safety Unit,Human error,7e3e0c17-7b7c-4b44-b227-5ea8671c11ab,2016-08-24,03:00:00,EDSA F. B. Harrison St. Pasay,0,0,0,0,0,0,0,0,0,0,2016-08-24 11:00,Property,14.53639024,120.988979,No Collision Stated
None,EDSA,None,None,"No Accident Factor, Rear-end, 1.0 drivers_injured, 0.0 drivers_killed, 0.0 passengers_injured, 0.0 passengers_killed, 0.0 pedestrian_injured, 0.0 pedestrian_killed, Fair (Day), EDSA Roxas Blvd. Pasay",MMDA Road Safety Unit,Human error,2b50b2f2-50d6-49ea-bcb3-180edf9801b8,2016-08-22,06:15:00,EDSA Taft Ave. Pasay,0,0,0,1,0,0,0,0,0,1,2016-08-22 14:15,Injury,14.53725136,120.9928775,Rear-End
None,EDSA,None,None,"No Accident Factor, No Collision Stated (based on Police Blotter Book), 0.0 drivers_injured, 0.0 drivers_killed, 0.0 passengers_injured, 0.0 passengers_killed, 0.0 pedestrian_injured, 0.0 pedestrian_killed, Fair (Day), EDSA Heritage Hotel Pasay",MMDA Road Safety Unit,Human error,4c940640-e88a-47f6-8fcb-5b7aaee3c2d6,2016-08-21,23:00:00,EDSA Roxas Blvd. Pasay,0,0,0,0,0,0,0,0,0,0,2016-08-22 7:00,Property,14.53721957,120.9935015,No Collision Stated
None,EDSA,None,None,"No Accident Factor, Rear-end, 0.0 drivers_injured, 0.0 drivers_killed, 0.0 passengers_injured, 0.0 passengers_killed, 0.0 pedestrian_injured, 0.0 pedestrian_killed, Fair (Day), EDSA E. Rodriguez Pasay",MMDA Road Safety Unit,Human error,16e2b416-f287-42ec-ba82-b9b0d3fb8574,2016-08-21,22:25:00,EDSA Victory Liner Bus Terminal (WB) Pasay,0,0,0,0,0,0,0,0,0,0,2016-08-22 6:25,Property,14.53836867,121.0085613,Rear-End
None,EDSA,None,None,"No Accident Factor, Rear-end, 0.0 drivers_injured, 0.0 drivers_killed, 0.0 passengers_injured, 0.0 passengers_killed, 0.0 pedestrian_injured, 0.0 pedestrian_killed, Fair (Night), EDSA ""U"" turn slot, Heritage Pasay",MMDA Road Safety Unit,Human error,654b3caf-bb48-43d6-8b78-b3cab929428b,2016-08-20,19:30:00,EDSA Roxas Blvd. Pasay,0,0,0,0,0,0,0,0,0,0,2016-08-21 3:30,Property,14.5373561,120.9938096,Rear-End
None,EDSA,None,None,"No Accident Factor, No Collision Stated (based on Police Blotter Book), 0.0 drivers_injured, 0.0 drivers_killed, 0.0 passengers_injured, 0.0 passengers_killed, 0.0 pedestrian_injured, 0.0 pedestrian_killed, Fair (Night), EDSA Roxas Blvd. Pasay",MMDA Road Safety Unit,Human error,18e6a47f-a7c4-4c29-9f90-526ea49cd876,2016-08-20,12:50:00,"EDSA ""U"" turn slot, P. Celle St. Pasay",0,0,0,0,0,0,0,0,0,0,2016-08-20 20:50,Property,14.53725136,120.9928775,No Collision Stated
None,EDSA,None,None,"No Accident Factor, Rear-end, 0.0 drivers_injured, 0.0 drivers_killed, 0.0 passengers_injured, 0.0 passengers_killed, 0.0 pedestrian_injured, 0.0 pedestrian_killed, Fair (Day), EDSA Heritage Pasay",MMDA Road Safety Unit,Human error,db34273d-a14e-401c-9260-032dc6cff1ef,2016-08-20,09:40:00,EDSA Macapagal Blvd. Pasay,0,0,0,0,0,0,0,0,0,0,2016-08-20 17:40,Property,14.53721957,120.9935015,Rear-End
None,EDSA,None,None,"No Accident Factor, Rear-end, 0.0 drivers_injured, 0.0 drivers_killed, 0.0 passengers_injured, 0.0 passengers_killed, 0.0 pedestrian_injured, 0.0 pedestrian_killed, Fair (Day), EDSA Tramo Pasay",MMDA Road Safety Unit,Human error,7ef7c29f-1e65-4738-920f-3ace171f1403,2016-08-20,08:05:00,EDSA Roxas Blvd.  Pasay,0,0,0,0,0,0,0,0,0,0,2016-08-20 16:05,Property,14.53790544,121.0032547,Rear-End
None,EDSA,None,None,"No Accident Factor, Rear-end, 0.0 drivers_injured, 0.0 drivers_killed, 0.0 passengers_injured, 0.0 passengers_killed, 0.0 pedestrian_injured, 0.0 pedestrian_killed, Fair (Day), EDSA Caltex Gas station Pasay",MMDA Road Safety Unit,Human error,f3518942-43bd-4a8b-b462-2e011d20bfcd,2016-08-20,00:30:00,EDSA Kabayan Hotel Pasay,0,0,0,0,0,0,0,0,0,0,2016-08-20 8:30,Property,14.53902197,121.0121772,Rear-End
None,EDSA,None,None,"No Accident Factor, Rear-end, 0.0 drivers_injured, 0.0 drivers_killed, 0.0 passengers_injured, 0.0 passengers_killed, 0.0 pedestrian_injured, 0.0 pedestrian_killed, Fair (Night), EDSA F. B. Harrison St. Pasay",MMDA Road Safety Unit,Human error,1a3c8055-dd0f-43e5-ab74-c91b3e32bcb0,2016-08-19,13:00:00,EDSA before E. Rodriguez St.  Pasay,0,0,0,0,0,0,0,0,0,0,2016-08-19 21:00,Property,14.5378679,120.9956516,Rear-End
None,EDSA,None,None,"No Accident Factor, Rear-end, 0.0 drivers_injured, 0.0 drivers_killed, 0.0 passengers_injured, 0.0 passengers_killed, 0.0 pedestrian_injured, 0.0 pedestrian_killed, Fair (Night), EDSA Taft Ave. Pasay",MMDA Road Safety Unit,Human error,3a29d660-7465-4787-b0f8-e145a97a7588,2016-08-19,11:00:00,EDSA E. Rodriguez St.  Pasay,0,0,0,0,0,0,0,0,0,0,2016-08-19 19:00,Property,14.53775951,121.0007229,Rear-End
None,EDSA,None,None,"No Accident Factor, No Collision Stated (based on Police Blotter Book), 0.0 drivers_injured, 0.0 drivers_killed, 0.0 passengers_injured, 0.0 passengers_killed, 0.0 pedestrian_injured, 0.0 pedestrian_killed, Fair (Day), EDSA Roxas Blvd. Pasay",MMDA Road Safety Unit,Human error,1da179d1-8cad-43a8-ba18-223203307690,2016-08-19,07:10:00,EDSA D. Macapagal Blvd.  Pasay,0,0,0,0,0,0,0,0,0,0,2016-08-19 15:10,Property,14.53725136,120.9928775,No Collision Stated
None,EDSA,None,None,"No Accident Factor, No Collision Stated (based on Police Blotter Book), 0.0 drivers_injured, 0.0 drivers_killed, 0.0 passengers_injured, 0.0 passengers_killed, 0.0 pedestrian_injured, 0.0 pedestrian_killed, Fair (Day), EDSA Victory Liner Bus Terminal (WB) Pasay",MMDA Road Safety Unit,Human error,947271e0-0e0b-4e38-a59c-fc436e2df0d8,2016-08-19,06:00:00,EDSA Mahal Kita Inn Hotel Pasay,0,0,0,0,0,0,0,0,0,0,2016-08-19 14:00,Property,14.53839425,121.0066648,No Collision Stated
None,EDSA,None,None,"No Accident Factor, No Collision Stated (based on Police Blotter Book), 0.0 drivers_injured, 0.0 drivers_killed, 0.0 passengers_injured, 0.0 passengers_killed, 0.0 pedestrian_injured, 0.0 pedestrian_killed, Fair (Day), EDSA Roxas Blvd. Pasay",MMDA Road Safety Unit,Human error,10b29b1f-90e4-4005-bd1c-12bd5264d317,2016-08-19,03:20:00,EDSA Dimple Bus Terminal Pasay,0,0,0,0,0,0,0,0,0,0,2016-08-19 11:20,Property,14.53725136,120.9928775,No Collision Stated
None,EDSA,None,None,"No Accident Factor, No Collision Stated (based on Police Blotter Book), 1.0 drivers_injured, 0.0 drivers_killed, 0.0 passengers_injured, 0.0 passengers_killed, 0.0 pedestrian_injured, 0.0 pedestrian_killed, Fair (Night), EDSA ""U"" turn slot, P. Celle St. Pasay",MMDA Road Safety Unit,Human error,a436bcbf-400a-4137-b918-177beb1db057,2016-08-18,10:40:00,EDSA Taft Ave.  Pasay,0,0,0,1,0,0,0,0,0,1,2016-08-18 18:40,Injury,14.53777151,120.9974946,No Collision Stated
None,EDSA,None,None,"No Accident Factor, Rear-end, 0.0 drivers_injured, 0.0 drivers_killed, 0.0 passengers_injured, 0.0 passengers_killed, 0.0 pedestrian_injured, 0.0 pedestrian_killed, Fair (Day), EDSA Macapagal Blvd. Pasay",MMDA Road Safety Unit,Human error,b38b0273-d0b2-449c-954f-20fb3a06cce3,2016-08-18,08:05:00,EDSA D. Macapagal Blvd.  Pasay,0,0,0,0,0,0,0,0,0,0,2016-08-18 16:05,Property,14.53636061,120.9889709,Rear-End
None,EDSA,None,None,"No Accident Factor, Side Swipe, 0.0 drivers_injured, 0.0 drivers_killed, 0.0 passengers_injured, 0.0 passengers_killed, 0.0 pedestrian_injured, 0.0 pedestrian_killed, Fair (Day), EDSA Roxas Blvd.  Pasay",MMDA Road Safety Unit,Human error,17278e4d-d7be-4a21-b884-0afbfcec6b40,2016-08-17,16:30:00,EDSA Taft Ave.  Pasay,0,0,0,0,0,0,0,0,0,0,2016-08-18 0:30,Property,14.53725136,120.9928775,Side Swipe
None,EDSA,None,None,"No Accident Factor, Hit and Run (No Collision Stated), 0.0 drivers_injured, 0.0 drivers_killed, 0.0 passengers_injured, 0.0 passengers_killed, 0.0 pedestrian_injured, 0.0 pedestrian_killed, Fair (Night), EDSA Kabayan Hotel Pasay",MMDA Road Safety Unit,Human error,d3ebab94-c49c-495f-8545-d22ac063138c,2016-08-17,15:45:00,EDSA before Taft Ave.  Pasay,0,0,0,0,0,0,0,0,0,0,2016-08-17 23:45,Property,14.53775829,121.0015736,No Collision Stated
None,EDSA,None,None,"No Accident Factor, Rear-end, 0.0 drivers_injured, 0.0 drivers_killed, 0.0 passengers_injured, 0.0 passengers_killed, 0.0 pedestrian_injured, 0.0 pedestrian_killed, Fair (Night), EDSA before E. Rodriguez St.  Pasay",MMDA Road Safety Unit,Human error,800044c2-0325-4197-92b2-019c0ea19cb3,2016-08-17,11:30:00,EDSA Roxas Blvd.  Pasay,0,0,0,0,0,0,0,0,0,0,2016-08-17 19:30,Property,14.53837278,121.0083921,Rear-End
None,EDSA,None,None,"No Accident Factor, Rear-end, 0.0 drivers_injured, 0.0 drivers_killed, 0.0 passengers_injured, 0.0 passengers_killed, 0.0 pedestrian_injured, 0.0 pedestrian_killed, Fair (Day), EDSA E. Rodriguez St.  Pasay",MMDA Road Safety Unit,Human error,bbf60590-9420-4f9b-95c8-fda6ec570cd4,2016-08-17,01:25:00,EDSA Taft Ave.  Pasay,0,0,0,0,0,0,0,0,0,0,2016-08-17 9:25,Property,14.53836867,121.0085613,Rear-End
None,EDSA,None,None,"No Accident Factor, No Collision Stated (based on Police Blotter Book), 0.0 drivers_injured, 0.0 drivers_killed, 0.0 passengers_injured, 0.0 passengers_killed, 0.0 pedestrian_injured, 0.0 pedestrian_killed, Fair (Night), EDSA D. Macapagal Blvd.  Pasay",MMDA Road Safety Unit,Human error,68c07a5b-ece1-4a13-a281-acaf4379d3b5,2016-08-16,11:30:00,EDSA P. Celle St.  Pasay,0,0,0,0,0,0,0,0,0,0,2016-08-16 19:30,Property,14.53639024,120.988979,No Collision Stated
None,EDSA,None,None,"No Accident Factor, No Collision Stated (based on Police Blotter Book), 0.0 drivers_injured, 0.0 drivers_killed, 0.0 passengers_injured, 0.0 passengers_killed, 0.0 pedestrian_injured, 0.0 pedestrian_killed, Fair (Night), EDSA Mahal Kita Inn Hotel Pasay",MMDA Road Safety Unit,Human error,be1e3bbb-e558-402b-ad6a-c83ed29218bd,2016-08-15,14:15:00,EDSA Victory Liner Bus Terminal Pasay,0,0,0,0,0,0,0,0,0,0,2016-08-15 22:15,Property,14.53743819,120.9997641,No Collision Stated
None,EDSA,None,None,"No Accident Factor, No Collision Stated (based on Police Blotter Book), 1.0 drivers_injured, 0.0 drivers_killed, 0.0 passengers_injured, 0.0 passengers_killed, 0.0 pedestrian_injured, 0.0 pedestrian_killed, Fair (Day), EDSA Dimple Bus Terminal Pasay",MMDA Road Safety Unit,Human error,c2a6f49d-6f5a-4386-a2c4-6111bc382a4a,2016-08-14,23:15:00,EDSA D. Macapagal Blvd.  Pasay,0,0,0,1,0,0,0,0,0,1,2016-08-15 7:15,Injury,14.53805907,121.0056733,No Collision Stated
None,EDSA,None,None,"No Accident Factor, Rear-end, 0.0 drivers_injured, 0.0 drivers_killed, 0.0 passengers_injured, 0.0 passengers_killed, 0.0 pedestrian_injured, 0.0 pedestrian_killed, Fair (Night), EDSA Taft Ave.  Pasay",MMDA Road Safety Unit,Human error,e00ce992-733a-4911-92a5-f1d715932b9b,2016-08-14,15:00:00,EDSA Caltex Gas Station Pasay,0,0,0,0,0,0,0,0,0,0,2016-08-14 23:00,Property,14.53775951,121.0007229,Rear-End
None,EDSA,None,None,"No Accident Factor, Rear-end, 0.0 drivers_injured, 0.0 drivers_killed, 0.0 passengers_injured, 0.0 passengers_killed, 0.0 pedestrian_injured, 0.0 pedestrian_killed, Fair (Day), EDSA D. Macapagal Blvd.  Pasay",MMDA Road Safety Unit,Human error,1765d6ad-f626-49b5-94f5-b512f4c44b62,2016-08-14,06:30:00,EDSA Cabrera St.  Pasay,0,0,0,0,0,0,0,0,0,0,2016-08-14 14:30,Property,14.53639024,120.988979,Rear-End
None,EDSA,None,None,"No Accident Factor, No Collision Stated (based on Police Blotter Book), 0.0 drivers_injured, 0.0 drivers_killed, 0.0 passengers_injured, 0.0 passengers_killed, 0.0 pedestrian_injured, 0.0 pedestrian_killed, Fair (Night), EDSA Taft Ave.  Pasay",MMDA Road Safety Unit,Human error,63373c4d-6cc6-494b-9c17-cf8caed0439c,2016-08-13,15:45:00,EDSA D. Macapagal Blvd.  Pasay,0,0,0,0,0,0,0,0,0,0,2016-08-13 23:45,Property,14.53775951,121.0007229,No Collision Stated
None,EDSA,None,None,"No Accident Factor, No Collision Stated (based on Police Blotter Book), 0.0 drivers_injured, 0.0 drivers_killed, 0.0 passengers_injured, 0.0 passengers_killed, 0.0 pedestrian_injured, 0.0 pedestrian_killed, Fair (Day), EDSA before Taft Ave.  Pasay",MMDA Road Safety Unit,Human error,5aafb751-8f27-4cc0-a1a8-5603f69e30b2,2016-08-12,23:15:00,EDSA Roxas Blvd.  Pasay,0,0,0,0,0,0,0,0,0,0,2016-08-13 7:15,Property,14.53764622,121.0012661,No Collision Stated
None,EDSA,None,None,"No Accident Factor, No Collision Stated (based on Police Blotter Book), 0.0 drivers_injured, 0.0 drivers_killed, 0.0 passengers_injured, 0.0 passengers_killed, 0.0 pedestrian_injured, 0.0 pedestrian_killed, Fair (Night), EDSA Roxas Blvd.  Pasay",MMDA Road Safety Unit,Human error,71c6561f-d5bc-472a-8713-173aa621882b,2016-08-12,20:25:00,EDSA Heritage Hotel Pasay,0,0,0,0,0,0,0,0,0,0,2016-08-13 4:25,Property,14.53725136,120.9928775,No Collision Stated
None,EDSA,None,None,"No Accident Factor, Hit and Run (No Collision Stated), 0.0 drivers_injured, 0.0 drivers_killed, 0.0 passengers_injured, 0.0 passengers_killed, 0.0 pedestrian_injured, 0.0 pedestrian_killed, Fair (Night), EDSA Taft Ave.  Pasay",MMDA Road Safety Unit,Human error,195e4f56-a283-4e39-a2c9-321142ee839b,2016-08-12,14:45:00,EDSA Victory Liner Bus Terminal Pasay,0,0,0,0,0,0,0,0,0,0,2016-08-12 22:45,Property,14.53775951,121.0007229,No Collision Stated
None,EDSA,None,None,"No Accident Factor, No Collision Stated (based on Police Blotter Book), 0.0 drivers_injured, 0.0 drivers_killed, 0.0 passengers_injured, 0.0 passengers_killed, 0.0 pedestrian_injured, 0.0 pedestrian_killed, Fair (Day), EDSA P. Celle St.  Pasay",MMDA Road Safety Unit,Road defect,8735ba00-cc51-43ff-aeb1-dbcffcc7705e,2016-08-12,04:30:00,EDSA Roxas Blvd. Pasay,0,0,0,0,0,0,0,0,0,0,2016-08-12 12:30,Property,14.53789911,120.9974276,No Collision Stated
None,EDSA,None,None,"No Accident Factor, No Collision Stated (based on Police Blotter Book), 0.0 drivers_injured, 0.0 drivers_killed, 0.0 passengers_injured, 0.0 passengers_killed, 0.0 pedestrian_injured, 0.0 pedestrian_killed, Fair (Day), EDSA Victory Liner Bus Terminal Pasay",MMDA Road Safety Unit,Human error,0fda7ed7-82e6-4993-8651-c02a1aeeb5d8,2016-08-12,04:30:00,EDSA Roxas Blvd. Pasay,0,0,0,0,0,0,0,0,0,0,2016-08-12 12:30,Property,14.53839425,121.0066648,No Collision Stated
None,EDSA,None,None,"No Accident Factor, Side Swipe, 0.0 drivers_injured, 0.0 drivers_killed, 0.0 passengers_injured, 0.0 passengers_killed, 0.0 pedestrian_injured, 0.0 pedestrian_killed, Fair (Day), EDSA D. Macapagal Blvd.  Pasay",MMDA Road Safety Unit,Other (see description),d7d42d87-e912-45d9-acce-97c4f993a433,2016-08-11,07:30:00,EDSA Cabrera Footbridge Pasay,0,0,0,0,0,0,0,0,0,0,2016-08-11 15:30,Property,14.53639024,120.988979,Side Swipe
None,EDSA,None,None,"No Accident Factor, Hit Object (Cone-Steel), 0.0 drivers_injured, 0.0 drivers_killed, 0.0 passengers_injured, 0.0 passengers_killed, 0.0 pedestrian_injured, 0.0 pedestrian_killed, Fair (Day), EDSA Caltex Gas Station Pasay",MMDA Road Safety Unit,Human error,58f28cd0-1992-42fe-9a23-dfec3c15f1aa,2016-08-09,02:00:00,EDSA J. W. Diokno Blvd. Pasay,0,0,0,0,0,0,0,0,0,0,2016-08-09 10:00,Property,14.53902197,121.0121772,Hit Object
None,EDSA,None,None,"No Accident Factor, No Collision Stated (based on Police Blotter Book), 0.0 drivers_injured, 0.0 drivers_killed, 0.0 passengers_injured, 0.0 passengers_killed, 0.0 pedestrian_injured, 0.0 pedestrian_killed, Fair (Night), EDSA Cabrera St.  Pasay",MMDA Road Safety Unit,Human error,acc5f4ee-c9ba-46a4-a457-fd0faad9d479,2016-08-06,11:15:00,EDSA Roxas Blvd. Pasay,0,0,0,0,0,0,0,0,0,0,2016-08-06 19:15,Property,14.53817493,121.0048575,No Collision Stated
None,EDSA,None,None,"No Accident Factor, No Collision Stated (based on Police Blotter Book), 0.0 drivers_injured, 0.0 drivers_killed, 0.0 passengers_injured, 0.0 passengers_killed, 0.0 pedestrian_injured, 0.0 pedestrian_killed, Fair (Day), EDSA D. Macapagal Blvd.  Pasay",MMDA Road Safety Unit,Human error,69d34438-7b03-4e85-a7eb-8c0111933ec7,2016-08-06,02:30:00,EDSA D. Macapagal Blvd. Pasay,0,0,0,0,0,0,0,0,0,0,2016-08-06 10:30,Property,14.53639024,120.988979,No Collision Stated
None,EDSA,None,None,"No Accident Factor, No Collision Stated (based on Police Blotter Book), 0.0 drivers_injured, 0.0 drivers_killed, 0.0 passengers_injured, 0.0 passengers_killed, 0.0 pedestrian_injured, 0.0 pedestrian_killed, Fair (Night), EDSA Roxas Blvd.  Pasay",MMDA Road Safety Unit,Human error,a083f3ba-3e00-450d-a5bc-be5a99d396ff,2016-08-05,19:45:00,EDSA Roxas Blvd. Pasay,0,0,0,0,0,0,0,0,0,0,2016-08-06 3:45,Property,14.53725136,120.9928775,No Collision Stated
None,EDSA,None,None,"No Accident Factor, No Collision Stated (based on Police Blotter Book), 0.0 drivers_injured, 0.0 drivers_killed, 0.0 passengers_injured, 0.0 passengers_killed, 0.0 pedestrian_injured, 0.0 pedestrian_killed, Fair (Day), EDSA Heritage Hotel Pasay",MMDA Road Safety Unit,Human error,677a4b9c-308c-41c0-9b10-2da247ba1af2,2016-08-05,00:00:00,EDSA F. B. Harrison St. Pasay,0,0,0,0,0,0,0,0,0,0,2016-08-05 8:00,Property,14.53721957,120.9935015,No Collision Stated