LOCATION_TEXT,ROAD,WEATHER,LIGHT,DESC,REPORTING_AGENCY,MAIN_CAUSE,INCIDENTDETAILS_ID,DATE_UTC,TIME_UTC,ADDRESS,killed_driver,killed_passenger,killed_pedestrian,injured_driver,injured_passenger,injured_pedestrian,killed_uncategorized,injured_uncategorized,killed_total,injured_total,DATETIME_PST,SEVERITY,Y,X,COLLISION_TYPE
None,EDSA,None,None,"No Accident Factor, Rear-end, 0.0 drivers_injured, 0.0 drivers_killed, 0.0 passengers_injured, 0.0 passengers_killed, 0.0 pedestrian_injured, 0.0 pedestrian_killed, Fair (Night), EDSA Victory Liner Bus Terminal Pasay",MMDA Road Safety Unit,Human error,eba2920a-a316-461b-8fb0-438eeb0b9f8e,2016-08-04,19:15:00,EDSA Heritage Hotel Pasay,0,0,0,0,0,0,0,0,0,0,2016-08-05 3:15,Property,14.53839425,121.0066648,Rear-End
None,EDSA,None,None,"No Accident Factor, No Collision Stated (based on Police Blotter Book), 0.0 drivers_injured, 0.0 drivers_killed, 0.0 passengers_injured, 0.0 passengers_killed, 0.0 pedestrian_injured, 0.0 pedestrian_killed, Fair (Night), EDSA Roxas Blvd. Pasay",MMDA Road Safety Unit,Human error,5b5756ea-1f22-43c1-b057-0ea51961360c,2016-08-03,21:45:00,EDSA Philtranco Pasay,0,0,0,0,0,0,0,0,0,0,2016-08-04 5:45,Property,14.53725136,120.9928775,No Collision Stated
None,EDSA,None,None,"No Accident Factor, Hit and Run (Side Swipe), 0.0 drivers_injured, 0.0 drivers_killed, 0.0 passengers_injured, 0.0 passengers_killed, 0.0 pedestrian_injured, 0.0 pedestrian_killed, Fair (Night), EDSA Roxas Blvd. Pasay",MMDA Road Safety Unit,Human error,05a37fdd-a05f-4293-b767-140f1c86f609,2016-08-03,21:25:00,EDSA Taft Ave. Pasay,0,0,0,0,0,0,0,0,0,0,2016-08-04 5:25,Property,14.53725136,120.9928775,Side Swipe
None,EDSA,None,None,"No Accident Factor, Multiple Collision, 1.0 drivers_injured, 0.0 drivers_killed, 0.0 passengers_injured, 0.0 passengers_killed, 0.0 pedestrian_injured, 0.0 pedestrian_killed, Fair (Night), EDSA Cabrera Footbridge Pasay",MMDA Road Safety Unit,Human error,4b2d1e81-e789-4cbf-b4bc-6283d4e83adc,2016-08-03,10:00:00,EDSA Roxas Blvd. Pasay,0,0,0,1,0,0,0,0,0,1,2016-08-03 18:00,Injury,14.53817493,121.0048575,Multiple
None,EDSA,None,None,"No Accident Factor, No Collision Stated (based on Police Blotter Book), 0.0 drivers_injured, 0.0 drivers_killed, 0.0 passengers_injured, 0.0 passengers_killed, 0.0 pedestrian_injured, 0.0 pedestrian_killed, Fair (Day), EDSA J. W. Diokno Blvd. Pasay",MMDA Road Safety Unit,Human error,fc446f42-61c1-4b4b-bee8-bc669465bc53,2016-08-02,02:30:00,EDSA Roxas Blvd. Pasay,0,0,0,0,0,0,0,0,0,0,2016-08-02 10:30,Property,14.53581144,120.9841895,No Collision Stated
None,EDSA,None,None,"No Accident Factor, Multiple Collision, 0.0 drivers_injured, 0.0 drivers_killed, 0.0 passengers_injured, 0.0 passengers_killed, 0.0 pedestrian_injured, 0.0 pedestrian_killed, Fair (Night), EDSA Roxas Blvd. Pasay",MMDA Road Safety Unit,Human error,3f568d1b-ade8-416a-a998-8d398e48afa0,2016-08-01,17:00:00,EDSA SM MOA Circle Pasay,0,0,0,0,0,0,0,0,0,0,2016-08-02 1:00,Property,14.53725136,120.9928775,Multiple
None,EDSA,None,None,"No Accident Factor, No Collision Stated (based on Police Blotter Book), 2.0 drivers_injured, 0.0 drivers_killed, 1.0 passengers_injured, 0.0 passengers_killed, 0.0 pedestrian_injured, 0.0 pedestrian_killed, Fair (Night), EDSA D. Macapagal Blvd. Pasay",MMDA Road Safety Unit,Human error,38333836-75ca-4b55-8769-116c370e91d3,2016-08-01,13:00:00,EDSA Aurora Blvd. Pasay,0,0,0,2,1,0,0,0,0,3,2016-08-01 21:00,Injury,14.53639024,120.988979,No Collision Stated
None,EDSA,None,None,"No Accident Factor, No Collision Stated (based on Police Blotter Book), 0.0 drivers_injured, 0.0 drivers_killed, 0.0 passengers_injured, 0.0 passengers_killed, 0.0 pedestrian_injured, 0.0 pedestrian_killed, Fair (Day), EDSA Roxas Blvd. Pasay",MMDA Road Safety Unit,Human error,1b54aa11-bcba-4fab-ab41-45488fd6eba5,2016-08-01,04:50:00,EDSA Taft Ave. Pasay,0,0,0,0,0,0,0,0,0,0,2016-08-01 12:50,Property,14.53725136,120.9928775,No Collision Stated
None,EDSA,None,None,"No Accident Factor, No Collision Stated (based on Police Blotter Book), 0.0 drivers_injured, 0.0 drivers_killed, 0.0 passengers_injured, 0.0 passengers_killed, 0.0 pedestrian_injured, 0.0 pedestrian_killed, Fair (Night), EDSA F. B. Harrison St. Pasay",MMDA Road Safety Unit,Human error,00d874a2-7eee-4adc-b812-4c5f0fc90d9f,2016-07-31,17:00:00,EDSA Taft Ave. Pasay,0,0,0,0,0,0,0,0,0,0,2016-08-01 1:00,Property,14.5378679,120.9956516,No Collision Stated
None,EDSA,None,None,"No Accident Factor, Hit and Run (No Collision Stated), 0.0 drivers_injured, 0.0 drivers_killed, 0.0 passengers_injured, 0.0 passengers_killed, 0.0 pedestrian_injured, 0.0 pedestrian_killed, Fair (Day), EDSA Heritage Hotel Pasay",MMDA Road Safety Unit,Human error,a7dd51e2-c5cb-4042-9555-9485078ccaf8,2016-07-31,09:00:00,EDSA E. Rodriguez St. Pasay,0,0,0,0,0,0,0,0,0,0,2016-07-31 17:00,Property,14.53721957,120.9935015,No Collision Stated
None,EDSA,None,None,"No Accident Factor, Angle Impact, 0.0 drivers_injured, 0.0 drivers_killed, 0.0 passengers_injured, 0.0 passengers_killed, 0.0 pedestrian_injured, 0.0 pedestrian_killed, Fair (Day), EDSA Philtranco Pasay",MMDA Road Safety Unit,Human error,31875aad-b113-4711-aac9-a70d5863dfba,2016-07-31,06:30:00,EDSA D. Macapagal Blvd. Pasay,0,0,0,0,0,0,0,0,0,0,2016-07-31 14:30,Property,14.53794104,121.0047786,Angle Impact
None,EDSA,None,None,"No Accident Factor, Rear-end, 0.0 drivers_injured, 0.0 drivers_killed, 0.0 passengers_injured, 0.0 passengers_killed, 0.0 pedestrian_injured, 0.0 pedestrian_killed, Fair (Day), EDSA Taft Ave. Pasay",MMDA Road Safety Unit,Human error,b1c7c0d2-62fd-49c9-a15a-d8ccbf0de219,2016-07-31,05:30:00,EDSA Taft Ave. Pasay,0,0,0,0,0,0,0,0,0,0,2016-07-31 13:30,Property,14.53775951,121.0007229,Rear-End
None,EDSA,None,None,"No Accident Factor, Rear-end, 0.0 drivers_injured, 0.0 drivers_killed, 0.0 passengers_injured, 0.0 passengers_killed, 0.0 pedestrian_injured, 0.0 pedestrian_killed, Fair (Day), EDSA Roxas Blvd. Pasay",MMDA Road Safety Unit,Human error,0f009d15-7b5e-4696-97f4-c50f68545a24,2016-07-31,01:00:00,EDSA Roxas Blvd. Pasay,0,0,0,0,0,0,0,0,0,0,2016-07-31 9:00,Property,14.53725136,120.9928775,Rear-End
None,EDSA,None,None,"No Accident Factor, No Collision Stated (based on Police Blotter Book), 0.0 drivers_injured, 0.0 drivers_killed, 0.0 passengers_injured, 0.0 passengers_killed, 0.0 pedestrian_injured, 0.0 pedestrian_killed, Fair (Night), EDSA Roxas Blvd. Pasay",MMDA Road Safety Unit,Human error,28672802-f605-459f-a2a5-bd5495a2e5df,2016-07-30,20:55:00,EDSA Roxas Blvd.  Pasay,0,0,0,0,0,0,0,0,0,0,2016-07-31 4:55,Property,14.53725136,120.9928775,No Collision Stated
None,EDSA,None,None,"No Accident Factor, No Collision Stated (based on Police Blotter Book), 0.0 drivers_injured, 0.0 drivers_killed, 0.0 passengers_injured, 0.0 passengers_killed, 0.0 pedestrian_injured, 0.0 pedestrian_killed, Fair (Day), EDSA SM MOA Circle Pasay",MMDA Road Safety Unit,Human error,93601f17-4d32-41ce-b3a4-4142b2bef479,2016-07-30,09:30:00,EDSA Roxas Blvd.  Pasay,0,0,0,0,0,0,0,0,0,0,2016-07-30 17:30,Property,14.53556259,120.9848215,No Collision Stated
None,EDSA,None,None,"No Accident Factor, Multiple Collision, 0.0 drivers_injured, 0.0 drivers_killed, 0.0 passengers_injured, 0.0 passengers_killed, 0.0 pedestrian_injured, 0.0 pedestrian_killed, Fair (Day), EDSA Aurora Blvd. Pasay",MMDA Road Safety Unit,Human error,767b18a7-f7b6-4594-8e04-45118ec87b97,2016-07-30,07:00:00,EDSA Aurora Blvd. Pasay,0,0,0,0,0,0,0,0,0,0,2016-07-30 15:00,Property,14.53779864,121.0033477,Multiple
None,EDSA,None,None,"No Accident Factor, No Collision Stated (based on Police Blotter Book), 0.0 drivers_injured, 0.0 drivers_killed, 0.0 passengers_injured, 0.0 passengers_killed, 0.0 pedestrian_injured, 0.0 pedestrian_killed, Fair (Day), EDSA Taft Ave. Pasay",MMDA Road Safety Unit,Human error,35c77ac8-9952-406a-a089-b7a6d761bc1f,2016-07-30,02:45:00,EDSA Roxas Blvd. Pasay,0,0,0,0,0,0,0,0,0,0,2016-07-30 10:45,Property,14.53775951,121.0007229,No Collision Stated
None,EDSA,None,None,"No Accident Factor, No Collision Stated (based on Police Blotter Book), 0.0 drivers_injured, 0.0 drivers_killed, 0.0 passengers_injured, 0.0 passengers_killed, 0.0 pedestrian_injured, 0.0 pedestrian_killed, Fair (Day), EDSA Taft Ave. Pasay",MMDA Road Safety Unit,Human error,2eab11dc-b3fd-4c05-8abe-d978854235ba,2016-07-30,00:45:00,EDSA Tramo St.  Pasay,0,0,0,0,0,0,0,0,0,0,2016-07-30 8:45,Property,14.53775951,121.0007229,No Collision Stated
None,EDSA,None,None,"No Accident Factor, No Collision Stated (based on Police Blotter Book), 1.0 drivers_injured, 0.0 drivers_killed, 0.0 passengers_injured, 0.0 passengers_killed, 0.0 pedestrian_injured, 0.0 pedestrian_killed, Fair (Day), EDSA E. Rodriguez St. Pasay",MMDA Road Safety Unit,Human error,a72bdfe0-8910-492f-a17c-41916aff25d4,2016-07-30,00:30:00,EDSA C. Jose St.  Pasay,0,0,0,1,0,0,0,0,0,1,2016-07-30 8:30,Injury,14.53836867,121.0085613,No Collision Stated
None,EDSA,None,None,"No Accident Factor, No Collision Stated (based on Police Blotter Book), 0.0 drivers_injured, 0.0 drivers_killed, 0.0 passengers_injured, 0.0 passengers_killed, 0.0 pedestrian_injured, 0.0 pedestrian_killed, Fair (Day), EDSA D. Macapagal Blvd. Pasay",MMDA Road Safety Unit,Human error,d3339e2d-caeb-409d-a109-0123de045206,2016-07-29,08:30:00,EDSA Cabrera St. (NB) Pasay,0,0,0,0,0,0,0,0,0,0,2016-07-29 16:30,Property,14.53639024,120.988979,No Collision Stated
None,EDSA,None,None,"No Accident Factor, Rear-end, 0.0 drivers_injured, 0.0 drivers_killed, 0.0 passengers_injured, 0.0 passengers_killed, 0.0 pedestrian_injured, 0.0 pedestrian_killed, Fair (Day), EDSA Taft Ave. Pasay",MMDA Road Safety Unit,Human error,4abc22b2-9b4e-4c3d-8a38-c7865b125f3b,2016-07-29,05:00:00,EDSA P. Santos St. Pasay,0,0,0,0,0,0,0,0,0,0,2016-07-29 13:00,Property,14.53775951,121.0007229,Rear-End
None,EDSA,None,None,"No Accident Factor, Multiple Collision, 0.0 drivers_injured, 0.0 drivers_killed, 0.0 passengers_injured, 0.0 passengers_killed, 0.0 pedestrian_injured, 0.0 pedestrian_killed, Fair (Day), EDSA Roxas Blvd. Pasay",MMDA Road Safety Unit,Human error,d6255ec4-c020-47cc-aafe-0b48c282b985,2016-07-29,01:20:00,EDSA D. Macapagal Blvd.  Pasay,0,0,0,0,0,0,0,0,0,0,2016-07-29 9:20,Property,14.53725136,120.9928775,Multiple
None,EDSA,None,None,"No Accident Factor, No Collision Stated (based on Police Blotter Book), 0.0 drivers_injured, 0.0 drivers_killed, 0.0 passengers_injured, 0.0 passengers_killed, 0.0 pedestrian_injured, 0.0 pedestrian_killed, Fair (Night), EDSA Roxas Blvd.  Pasay",MMDA Road Safety Unit,Human error,ca75a814-b78e-43e9-8043-e882a76fdb9e,2016-07-27,14:30:00,EDSA Taft Ave.  Pasay,0,0,0,0,0,0,0,0,0,0,2016-07-27 22:30,Property,14.53725136,120.9928775,No Collision Stated
None,EDSA,None,None,"No Accident Factor, No Collision Stated (based on Police Blotter Book), 0.0 drivers_injured, 0.0 drivers_killed, 0.0 passengers_injured, 0.0 passengers_killed, 0.0 pedestrian_injured, 0.0 pedestrian_killed, Fair (Day), EDSA Roxas Blvd.  Pasay",MMDA Road Safety Unit,Human error,7c410517-670a-49f7-99f4-f3268be32bb1,2016-07-27,07:45:00,EDSA D. Macapagal Blvd.  Pasay,0,0,0,0,0,0,0,0,0,0,2016-07-27 15:45,Property,14.53725136,120.9928775,No Collision Stated
None,EDSA,None,None,"No Accident Factor, No Collision Stated (based on Police Blotter Book), 0.0 drivers_injured, 0.0 drivers_killed, 0.0 passengers_injured, 0.0 passengers_killed, 0.0 pedestrian_injured, 0.0 pedestrian_killed, Fair (Day), EDSA Aurora Blvd. Pasay",MMDA Road Safety Unit,Human error,6e68fbfc-6646-4db3-b54b-352db347bb56,2016-07-27,07:00:00,EDSA D. Macapagal Blvd.  Pasay,0,0,0,0,0,0,0,0,0,0,2016-07-27 15:00,Property,14.53779864,121.0033477,No Collision Stated
None,EDSA,None,None,"No Accident Factor, No Collision Stated (based on Police Blotter Book), 0.0 drivers_injured, 0.0 drivers_killed, 0.0 passengers_injured, 0.0 passengers_killed, 0.0 pedestrian_injured, 0.0 pedestrian_killed, Fair (Night), EDSA Roxas Blvd. Pasay",MMDA Road Safety Unit,Human error,3fef01d7-5ec0-4a8a-9923-c406a95cc294,2016-07-26,15:45:00,EDSA F. B. Harrison St. Pasay,0,0,0,0,0,0,0,0,0,0,2016-07-26 23:45,Property,14.53725136,120.9928775,No Collision Stated
None,EDSA,None,None,"No Accident Factor, No Collision Stated (based on Police Blotter Book), 0.0 drivers_injured, 0.0 drivers_killed, 0.0 passengers_injured, 0.0 passengers_killed, 0.0 pedestrian_injured, 0.0 pedestrian_killed, Fair (Day), EDSA Tramo St.  Pasay",MMDA Road Safety Unit,Human error,cc03aa50-518d-4d88-9654-ef5fcdc88803,2016-07-25,00:00:00,EDSA Savemore Pasay,0,0,0,0,0,0,0,0,0,0,2016-07-25 8:00,Property,14.53790544,121.0032547,No Collision Stated
None,EDSA,None,None,"No Accident Factor, Rear-end, 0.0 drivers_injured, 0.0 drivers_killed, 0.0 passengers_injured, 0.0 passengers_killed, 0.0 pedestrian_injured, 0.0 pedestrian_killed, Fair (Day), EDSA C. Jose St.  Pasay",MMDA Road Safety Unit,Human error,443b4b5d-5b8b-47d6-a996-d6595ed483ed,2016-07-24,00:30:00,EDSA C. Jose St. Pasay,0,0,0,0,0,0,0,0,0,0,2016-07-24 8:30,Property,14.53873461,121.0107828,Rear-End
None,EDSA,None,None,"No Accident Factor, Rear-end, 0.0 drivers_injured, 0.0 drivers_killed, 0.0 passengers_injured, 0.0 passengers_killed, 0.0 pedestrian_injured, 0.0 pedestrian_killed, Fair (Day), EDSA Cabrera St. (NB) Pasay",MMDA Road Safety Unit,Human error,22a5add5-f3e8-4ea9-8305-9f8422e58d70,2016-07-23,03:15:00,EDSA Roxas Blvd. Pasay,0,0,0,0,0,0,0,0,0,0,2016-07-23 11:15,Property,14.53817493,121.0048575,Rear-End
None,EDSA,None,None,"No Accident Factor, No Collision Stated (based on Police Blotter Book), 0.0 drivers_injured, 0.0 drivers_killed, 0.0 passengers_injured, 0.0 passengers_killed, 0.0 pedestrian_injured, 0.0 pedestrian_killed, Fair (Day), EDSA P. Santos St.  Pasay",MMDA Road Safety Unit,Human error,667a2f5f-512e-471a-8696-bfe5905e72a5,2016-07-22,07:30:00,EDSA Rodriguez St. Pasay,0,0,0,0,0,0,0,0,0,0,2016-07-22 15:30,Property,14.53874541,121.0111151,No Collision Stated
None,EDSA,None,None,"No Accident Factor, No Collision Stated (based on Police Blotter Book), 0.0 drivers_injured, 0.0 drivers_killed, 0.0 passengers_injured, 0.0 passengers_killed, 0.0 pedestrian_injured, 0.0 pedestrian_killed, Fair (Day), EDSA D. Macapagal Blvd.  Pasay",MMDA Road Safety Unit,Human error,f7968656-5b69-4bdf-9a2f-beb873d1dfcf,2016-07-22,05:00:00,EDSA D. Macapagal Blvd. Pasay,0,0,0,0,0,0,0,0,0,0,2016-07-22 13:00,Property,14.53639024,120.988979,No Collision Stated
None,EDSA,None,None,"No Accident Factor, Rear-end, 0.0 drivers_injured, 0.0 drivers_killed, 0.0 passengers_injured, 0.0 passengers_killed, 0.0 pedestrian_injured, 0.0 pedestrian_killed, Fair (Day), EDSA Taft Ave.  Pasay",MMDA Road Safety Unit,Human error,a69c306d-1418-4bac-881f-4623a3e4cf60,2016-07-22,04:30:00,EDSA Roxas Blvd. Pasay,0,0,0,0,0,0,0,0,0,0,2016-07-22 12:30,Property,14.53775951,121.0007229,Rear-End
None,EDSA,None,None,"No Accident Factor, No Collision Stated (based on Police Blotter Book), 1.0 drivers_injured, 0.0 drivers_killed, 0.0 passengers_injured, 0.0 passengers_killed, 0.0 pedestrian_injured, 0.0 pedestrian_killed, Fair (Day), EDSA D. Macapagal Blvd.  Pasay",MMDA Road Safety Unit,Human error,b59ba4a2-67cf-4603-9300-2fec9b805d74,2016-07-21,23:30:00,EDSA Taft Ave. Pasay,0,0,0,1,0,0,0,0,0,1,2016-07-22 7:30,Injury,14.53639024,120.988979,No Collision Stated
None,EDSA,None,None,"No Accident Factor, Side Swipe, 1.0 drivers_injured, 0.0 drivers_killed, 0.0 passengers_injured, 0.0 passengers_killed, 0.0 pedestrian_injured, 0.0 pedestrian_killed, Fair (Day), EDSA D. Macapagal Blvd.  Pasay",MMDA Road Safety Unit,Human error,9f82103b-8ffc-4ece-8f58-26569ff60118,2016-07-21,09:10:00,EDSA Aurora Blvd. Pasay,0,0,0,1,0,0,0,0,0,1,2016-07-21 17:10,Injury,14.53639024,120.988979,Side Swipe
None,EDSA,None,None,"No Accident Factor, No Collision Stated (based on Police Blotter Book), 0.0 drivers_injured, 0.0 drivers_killed, 0.0 passengers_injured, 0.0 passengers_killed, 0.0 pedestrian_injured, 0.0 pedestrian_killed, Fair (Night), EDSA F. B. Harrison St. Pasay",MMDA Road Safety Unit,Human error,e7ebcc57-4e7f-442b-b7ce-516391fe34d2,2016-07-20,12:25:00,EDSA D. Macapagal Blvd. Pasay,0,0,0,0,0,0,0,0,0,0,2016-07-20 20:25,Property,14.5378679,120.9956516,No Collision Stated
None,EDSA,None,None,"No Accident Factor, No Collision Stated (based on Police Blotter Book), 0.0 drivers_injured, 0.0 drivers_killed, 0.0 passengers_injured, 0.0 passengers_killed, 0.0 pedestrian_injured, 0.0 pedestrian_killed, Fair (Day), EDSA Savemore Pasay",MMDA Road Safety Unit,Human error,c92722c8-dfc5-47fe-abdf-ee5bc820907e,2016-07-20,07:40:00,EDSA Roxas Blvd. Pasay,0,0,0,0,0,0,0,0,0,0,2016-07-20 15:40,Property,14.53773852,120.9993152,No Collision Stated
None,EDSA,None,None,"No Accident Factor, Hit and Run (Side Swipe), 0.0 drivers_injured, 0.0 drivers_killed, 0.0 passengers_injured, 0.0 passengers_killed, 0.0 pedestrian_injured, 0.0 pedestrian_killed, Fair (Night), EDSA C. Jose St. Pasay",MMDA Road Safety Unit,Human error,db6e6513-7cb8-4243-8269-3f78888072ea,2016-07-19,11:00:00,EDSA D. Macapagal Blvd. Pasay,0,0,0,0,0,0,0,0,0,0,2016-07-19 19:00,Property,14.53873461,121.0107828,Side Swipe
None,EDSA,None,None,"No Accident Factor, Side Swipe, 0.0 drivers_injured, 0.0 drivers_killed, 0.0 passengers_injured, 0.0 passengers_killed, 0.0 pedestrian_injured, 0.0 pedestrian_killed, Fair (Night), EDSA Roxas Blvd. Pasay",MMDA Road Safety Unit,Human error,9914d1a1-18c1-42e8-8939-5bc44b40c0c5,2016-07-18,17:50:00,EDSA Taft Ave. Pasay,0,0,0,0,0,0,0,0,0,0,2016-07-19 1:50,Property,14.53725136,120.9928775,Side Swipe
None,EDSA,None,None,"No Accident Factor, Multiple Collision, 0.0 drivers_injured, 0.0 drivers_killed, 0.0 passengers_injured, 0.0 passengers_killed, 0.0 pedestrian_injured, 0.0 pedestrian_killed, Fair (Day), EDSA Rodriguez St. Pasay",MMDA Road Safety Unit,Human error,dc672223-9311-4e30-b7ee-f28aa6c0c31f,2016-07-18,04:00:00,EDSA Kabayan Hotel  Pasay,0,0,0,0,0,0,0,0,0,0,2016-07-18 12:00,Property,14.53843672,121.0086475,Multiple
None,EDSA,None,None,"No Accident Factor, Rear-end, 0.0 drivers_injured, 0.0 drivers_killed, 0.0 passengers_injured, 0.0 passengers_killed, 0.0 pedestrian_injured, 0.0 pedestrian_killed, Fair (Night), EDSA D. Macapagal Blvd. Pasay",MMDA Road Safety Unit,Human error,d11a7f2f-1101-4aad-a6a7-3e6d58bb346e,2016-07-17,20:30:00,EDSA D. Macapagal Blvd.  Pasay,0,0,0,0,0,0,0,0,0,0,2016-07-18 4:30,Property,14.53639024,120.988979,Rear-End
None,EDSA,None,None,"No Accident Factor, No Collision Stated (based on Police Blotter Book), 0.0 drivers_injured, 0.0 drivers_killed, 0.0 passengers_injured, 0.0 passengers_killed, 0.0 pedestrian_injured, 0.0 pedestrian_killed, Fair (Night), EDSA Roxas Blvd. Pasay",MMDA Road Safety Unit,Human error,3a95bc1b-7a50-40df-b5eb-202288dc43c6,2016-07-16,15:30:00,EDSA Roxas Blvd.  Pasay,0,0,0,0,0,0,0,0,0,0,2016-07-16 23:30,Property,14.53725136,120.9928775,No Collision Stated
None,EDSA,None,None,"No Accident Factor, No Collision Stated (based on Police Blotter Book), 0.0 drivers_injured, 0.0 drivers_killed, 0.0 passengers_injured, 0.0 passengers_killed, 0.0 pedestrian_injured, 0.0 pedestrian_killed, Fair (Day), EDSA Taft Ave. Pasay",MMDA Road Safety Unit,Human error,f08654dd-5e26-41de-9cef-d9a97672bd13,2016-07-16,01:30:00,EDSA Aurora Blvd.  Pasay,0,0,0,0,0,0,0,0,0,0,2016-07-16 9:30,Property,14.53775951,121.0007229,No Collision Stated
None,EDSA,None,None,"No Accident Factor, No Collision Stated (based on Police Blotter Book), 0.0 drivers_injured, 0.0 drivers_killed, 0.0 passengers_injured, 0.0 passengers_killed, 0.0 pedestrian_injured, 0.0 pedestrian_killed, Fair (Night), EDSA Aurora Blvd. Pasay",MMDA Road Safety Unit,Human error,97a77337-b85e-46ed-97f0-4ee1eb542578,2016-07-15,13:00:00,EDSA Roxas Blvd. (Service Road) Pasay,0,0,0,0,0,0,0,0,0,0,2016-07-15 21:00,Property,14.53779864,121.0033477,No Collision Stated
None,EDSA,None,None,"No Accident Factor, No Collision Stated (based on Police Blotter Book), 0.0 drivers_injured, 0.0 drivers_killed, 0.0 passengers_injured, 0.0 passengers_killed, 0.0 pedestrian_injured, 0.0 pedestrian_killed, Fair (Day), EDSA D. Macapagal Blvd. Pasay",MMDA Road Safety Unit,Human error,3f34f735-28f9-471e-8a45-1e608db9ec7b,2016-07-15,07:05:00,EDSA Tramo    Pasay,0,0,0,0,0,0,0,0,0,0,2016-07-15 15:05,Property,14.53639024,120.988979,No Collision Stated
None,EDSA,None,None,"No Accident Factor, No Collision Stated (based on Police Blotter Book), 0.0 drivers_injured, 0.0 drivers_killed, 0.0 passengers_injured, 0.0 passengers_killed, 0.0 pedestrian_injured, 0.0 pedestrian_killed, Fair (Night), EDSA Roxas Blvd. Pasay",MMDA Road Safety Unit,Human error,33e10f8f-80d6-475a-b3f4-b70f05305e7f,2016-07-14,15:10:00,EDSA Roxas Blvd. (Service Road) Pasay,0,0,0,0,0,0,0,0,0,0,2016-07-14 23:10,Property,14.53725136,120.9928775,No Collision Stated
None,EDSA,None,None,"No Accident Factor, No Collision Stated (based on Police Blotter Book), 0.0 drivers_injured, 0.0 drivers_killed, 0.0 passengers_injured, 0.0 passengers_killed, 0.0 pedestrian_injured, 0.0 pedestrian_killed, Fair (Day), EDSA D. Macapagal Blvd. Pasay",MMDA Road Safety Unit,Human error,78918520-e587-432a-9ea8-09f8bd4ec4ee,2016-07-14,06:30:00,EDSA Victory Liner Bus Terminal Pasay,0,0,0,0,0,0,0,0,0,0,2016-07-14 14:30,Property,14.53639024,120.988979,No Collision Stated
None,EDSA,None,None,"No Accident Factor, No Collision Stated (based on Police Blotter Book), 0.0 drivers_injured, 0.0 drivers_killed, 0.0 passengers_injured, 0.0 passengers_killed, 0.0 pedestrian_injured, 0.0 pedestrian_killed, Fair (Day), EDSA Taft Ave. Pasay",MMDA Road Safety Unit,Human error,37bd30a8-e32e-4bad-aa3e-cba1e421707d,2016-07-14,06:05:00,"EDSA Copacabana ""U"" turn slot Pasay",0,0,0,0,0,0,0,0,0,0,2016-07-14 14:05,Property,14.53775951,121.0007229,No Collision Stated
None,EDSA,None,None,"No Accident Factor, No Collision Stated (based on Police Blotter Book), 0.0 drivers_injured, 0.0 drivers_killed, 0.0 passengers_injured, 0.0 passengers_killed, 0.0 pedestrian_injured, 0.0 pedestrian_killed, Fair (Night), EDSA Kabayan Hotel  Pasay",MMDA Road Safety Unit,Human error,a1e6de5b-e01f-4a9a-8c4a-4791407e0b20,2016-07-13,11:30:00,EDSA Cabrera St.  Pasay,0,0,0,0,0,0,0,0,0,0,2016-07-13 19:30,Property,14.53775829,121.0015736,No Collision Stated
None,EDSA,None,None,"No Accident Factor, No Collision Stated (based on Police Blotter Book), 0.0 drivers_injured, 0.0 drivers_killed, 0.0 passengers_injured, 0.0 passengers_killed, 0.0 pedestrian_injured, 0.0 pedestrian_killed, Fair (Day), EDSA D. Macapagal Blvd.  Pasay",MMDA Road Safety Unit,Human error,afa9eec1-957a-44d2-a693-073ffe53d310,2016-07-13,01:00:00,EDSA Roxas Blvd.  Pasay,0,0,0,0,0,0,0,0,0,0,2016-07-13 9:00,Property,14.53639024,120.988979,No Collision Stated
None,EDSA,None,None,"No Accident Factor, No Collision Stated (based on Police Blotter Book), 0.0 drivers_injured, 0.0 drivers_killed, 0.0 passengers_injured, 0.0 passengers_killed, 0.0 pedestrian_injured, 0.0 pedestrian_killed, Fair (Night), EDSA Roxas Blvd.  Pasay",MMDA Road Safety Unit,Human error,b95bffef-1915-4c73-9d1d-314edf0380cb,2016-07-12,18:00:00,EDSA Taft Ave.  Pasay,0,0,0,0,0,0,0,0,0,0,2016-07-13 2:00,Property,14.53725136,120.9928775,No Collision Stated
None,EDSA,None,None,"No Accident Factor, Side Swipe, 0.0 drivers_injured, 0.0 drivers_killed, 0.0 passengers_injured, 0.0 passengers_killed, 0.0 pedestrian_injured, 0.0 pedestrian_killed, Fair (Day), EDSA Aurora Blvd.  Pasay",MMDA Road Safety Unit,Human error,9a91e7a6-a235-49ef-b798-8e5f59b344a2,2016-07-11,22:45:00,EDSA F.B. Harrison St.  Pasay,0,0,0,0,0,0,0,0,0,0,2016-07-12 6:45,Property,14.53767633,121.0032355,Side Swipe