LOCATION_TEXT,ROAD,WEATHER,LIGHT,DESC,REPORTING_AGENCY,MAIN_CAUSE,INCIDENTDETAILS_ID,DATE_UTC,TIME_UTC,ADDRESS,killed_driver,killed_passenger,killed_pedestrian,injured_driver,injured_passenger,injured_pedestrian,killed_uncategorized,injured_uncategorized,killed_total,injured_total,DATETIME_PST,SEVERITY,Y,X,COLLISION_TYPE
None,EDSA,None,None,"No Accident Factor, No Collision Stated (based on Police Blotter Book), 0.0 drivers_injured, 0.0 drivers_killed, 0.0 passengers_injured, 0.0 passengers_killed, 0.0 pedestrian_injured, 0.0 pedestrian_killed, Fair (Day), EDSA Roxas Blvd. (Service Road) Pasay",MMDA Road Safety Unit,Human error,05ca2963-5cba-482a-9575-6085bbbcfe75,2016-07-11,06:00:00,EDSA Roxas Blvd.  Pasay,0,0,0,0,0,0,0,0,0,0,2016-07-11 14:00,Property,14.53725136,120.9928775,No Collision Stated
None,EDSA,None,None,"No Accident Factor, No Collision Stated (based on Police Blotter Book), 0.0 drivers_injured, 0.0 drivers_killed, 0.0 passengers_injured, 0.0 passengers_killed, 0.0 pedestrian_injured, 0.0 pedestrian_killed, Fair (Day), EDSA Tramo    Pasay",MMDA Road Safety Unit,Human error,5f5aab9c-56dd-4d0e-864d-589b1ae662ad,2016-07-11,05:00:00,EDSA Taft Ave. Pasay,0,0,0,0,0,0,0,0,0,0,2016-07-11 13:00,Property,14.53790544,121.0032547,No Collision Stated
None,EDSA,None,None,"No Accident Factor, No Collision Stated (based on Police Blotter Book), 0.0 drivers_injured, 0.0 drivers_killed, 0.0 passengers_injured, 0.0 passengers_killed, 0.0 pedestrian_injured, 0.0 pedestrian_killed, Fair (Day), EDSA Roxas Blvd. (Service Road) Pasay",MMDA Road Safety Unit,Human error,e12ef779-6e59-475f-964d-e8a7a26f8584,2016-07-11,03:10:00,EDSA Zamora St.  Pasay,0,0,0,0,0,0,0,0,0,0,2016-07-11 11:10,Property,14.53725136,120.9928775,No Collision Stated
None,EDSA,None,None,"No Accident Factor, Side Swipe, 0.0 drivers_injured, 0.0 drivers_killed, 0.0 passengers_injured, 0.0 passengers_killed, 0.0 pedestrian_injured, 0.0 pedestrian_killed, Fair (Night), EDSA Victory Liner Bus Terminal Pasay",MMDA Road Safety Unit,Human error,8ab8a867-e01d-4128-882e-36d17fde751d,2016-07-10,10:00:00,EDSA Tramo St. Pasay,0,0,0,0,0,0,0,0,0,0,2016-07-10 18:00,Property,14.53839425,121.0066648,Side Swipe
None,EDSA,None,None,"No Accident Factor, Rear-end, 0.0 drivers_injured, 0.0 drivers_killed, 0.0 passengers_injured, 0.0 passengers_killed, 0.0 pedestrian_injured, 0.0 pedestrian_killed, Fair (Day), EDSA Copacabana ""U"" turn slot Pasay",MMDA Road Safety Unit,Human error,75de6a70-c76d-4e98-9702-f4bc7487112a,2016-07-08,07:20:00,EDSA Aurora Blvd. Pasay,0,0,0,0,0,0,0,0,0,0,2016-07-08 15:20,Property,14.53747529,120.9943264,Rear-End
None,EDSA,None,None,"No Accident Factor, No Collision Stated (based on Police Blotter Book), 0.0 drivers_injured, 0.0 drivers_killed, 0.0 passengers_injured, 0.0 passengers_killed, 0.0 pedestrian_injured, 0.0 pedestrian_killed, Fair (Day), EDSA Cabrera St.  Pasay",MMDA Road Safety Unit,Human error,1dffc50e-3082-4ade-a8cb-67f8333b85ba,2016-07-08,05:45:00,EDSA Zamora St. Pasay,0,0,0,0,0,0,0,0,0,0,2016-07-08 13:45,Property,14.53817493,121.0048575,No Collision Stated
None,EDSA,None,None,"No Accident Factor, No Collision Stated (based on Police Blotter Book), 0.0 drivers_injured, 0.0 drivers_killed, 0.0 passengers_injured, 0.0 passengers_killed, 0.0 pedestrian_injured, 0.0 pedestrian_killed, Fair (Day), EDSA Roxas Blvd.  Pasay",MMDA Road Safety Unit,Human error,35b4498e-eceb-4d25-b136-0063cfc14f81,2016-07-08,01:15:00,EDSA SM MOA Circle Pasay,0,0,0,0,0,0,0,0,0,0,2016-07-08 9:15,Property,14.53725136,120.9928775,No Collision Stated
None,EDSA,None,None,"No Accident Factor, No Collision Stated (based on Police Blotter Book), 0.0 drivers_injured, 0.0 drivers_killed, 0.0 passengers_injured, 0.0 passengers_killed, 0.0 pedestrian_injured, 0.0 pedestrian_killed, Fair (Day), EDSA Taft Ave.  Pasay",MMDA Road Safety Unit,Human error,956e4097-a226-4cd3-af55-f2fd9f506d7c,2016-07-08,00:20:00,EDSA Taft Ave. Pasay,0,0,0,0,0,0,0,0,0,0,2016-07-08 8:20,Property,14.53775951,121.0007229,No Collision Stated
None,EDSA,None,None,"No Accident Factor, Hit and Run (Rear-end), 0.0 drivers_injured, 0.0 drivers_killed, 0.0 passengers_injured, 0.0 passengers_killed, 0.0 pedestrian_injured, 0.0 pedestrian_killed, Fair (Day), EDSA F.B. Harrison St.  Pasay",MMDA Road Safety Unit,Human error,b33bc6d2-4109-4ee7-b762-737032ad8101,2016-07-07,09:00:00,EDSA Mahal Kita Motel Pasay,0,0,0,0,0,0,0,0,0,0,2016-07-07 17:00,Property,14.53785118,120.9955695,Rear-End
None,EDSA,None,None,"No Accident Factor, Hit and Run (Side Swipe), 0.0 drivers_injured, 0.0 drivers_killed, 0.0 passengers_injured, 0.0 passengers_killed, 0.0 pedestrian_injured, 0.0 pedestrian_killed, Fair (Day), EDSA Roxas Blvd.  Pasay",MMDA Road Safety Unit,Human error,bfc447e9-030c-45b1-9305-109d61bf2309,2016-07-07,05:50:00,EDSA Roxas Blvd. Pasay,0,0,0,0,0,0,0,0,0,0,2016-07-07 13:50,Property,14.53725136,120.9928775,Side Swipe
None,EDSA,None,None,"No Accident Factor, No Collision Stated (based on Police Blotter Book), 0.0 drivers_injured, 0.0 drivers_killed, 0.0 passengers_injured, 0.0 passengers_killed, 0.0 pedestrian_injured, 0.0 pedestrian_killed, Fair (Day), EDSA Taft Ave. Pasay",MMDA Road Safety Unit,Human error,ab6ad0ac-36da-4361-a713-95bae3f8373a,2016-07-07,05:00:00,EDSA Aurora Blvd. Pasay,0,0,0,0,0,0,0,0,0,0,2016-07-07 13:00,Property,14.53775951,121.0007229,No Collision Stated
None,EDSA,None,None,"No Accident Factor, No Collision Stated (based on Police Blotter Book), 1.0 drivers_injured, 0.0 drivers_killed, 1.0 passengers_injured, 0.0 passengers_killed, 0.0 pedestrian_injured, 0.0 pedestrian_killed, Fair (Day), EDSA Zamora St.  Pasay",MMDA Road Safety Unit,Human error,2d34f4da-1a19-484a-8969-11989eacf084,2016-07-06,22:30:00,EDSA Taft Ave. Pasay,0,0,0,1,1,0,0,0,0,2,2016-07-07 6:30,Injury,14.537724,121.0013108,No Collision Stated
None,EDSA,None,None,"No Accident Factor, No Collision Stated (based on Police Blotter Book), 0.0 drivers_injured, 0.0 drivers_killed, 0.0 passengers_injured, 0.0 passengers_killed, 0.0 pedestrian_injured, 0.0 pedestrian_killed, Fair (Day), EDSA Tramo St. Pasay",MMDA Road Safety Unit,Human error,554a35b3-eae8-46ba-ab22-d18cdbcabfe5,2016-07-05,07:45:00,EDSA Aurora Blvd. Pasay,0,0,0,0,0,0,0,0,0,0,2016-07-05 15:45,Property,14.53790544,121.0032547,No Collision Stated
None,EDSA,None,None,"No Accident Factor, Side Swipe, 0.0 drivers_injured, 0.0 drivers_killed, 0.0 passengers_injured, 0.0 passengers_killed, 0.0 pedestrian_injured, 0.0 pedestrian_killed, Fair (Night), EDSA Aurora Blvd. Pasay",MMDA Road Safety Unit,Human error,25166339-b700-4cbb-b9fb-cb889a650556,2016-07-04,10:45:00,EDSA Caltex Gas station Pasay,0,0,0,0,0,0,0,0,0,0,2016-07-04 18:45,Property,14.53779864,121.0033477,Side Swipe
None,EDSA,None,None,"No Accident Factor, No Collision Stated (based on Police Blotter Book), 0.0 drivers_injured, 0.0 drivers_killed, 0.0 passengers_injured, 0.0 passengers_killed, 0.0 pedestrian_injured, 0.0 pedestrian_killed, Fair (Night), EDSA Zamora St. Pasay",MMDA Road Safety Unit,Human error,0626a464-24e3-4f0c-bb8b-95965bd8a8b9,2016-07-02,20:20:00,EDSA Zamora St. Pasay,0,0,0,0,0,0,0,0,0,0,2016-07-03 4:20,Property,14.537724,121.0013108,No Collision Stated
None,EDSA,None,None,"No Accident Factor, Rear-end, 0.0 drivers_injured, 0.0 drivers_killed, 0.0 passengers_injured, 0.0 passengers_killed, 0.0 pedestrian_injured, 0.0 pedestrian_killed, Fair (Night), EDSA SM MOA Circle Pasay",MMDA Road Safety Unit,Human error,22e16556-89b1-4487-a83f-714bba3a6c9e,2016-07-02,12:55:00,"EDSA ""U"" turn slot, Copacabana Pasay",0,0,0,0,0,0,0,0,0,0,2016-07-02 20:55,Property,14.53556259,120.9848215,Rear-End
None,EDSA,None,None,"No Accident Factor, No Collision Stated (based on Police Blotter Book), 0.0 drivers_injured, 0.0 drivers_killed, 0.0 passengers_injured, 0.0 passengers_killed, 0.0 pedestrian_injured, 0.0 pedestrian_killed, Fair (Night), EDSA Taft Ave. Pasay",MMDA Road Safety Unit,Human error,d1f3a450-3024-414e-89d6-26247fecae93,2016-07-02,11:45:00,EDSA Taft Ave. Pasay,0,0,0,0,0,0,0,0,0,0,2016-07-02 19:45,Property,14.53775951,121.0007229,No Collision Stated
None,EDSA,None,None,"No Accident Factor, No Collision Stated (based on Police Blotter Book), 0.0 drivers_injured, 0.0 drivers_killed, 0.0 passengers_injured, 0.0 passengers_killed, 0.0 pedestrian_injured, 0.0 pedestrian_killed, Fair (Night), EDSA Mahal Kita Motel Pasay",MMDA Road Safety Unit,Human error,e645e8ff-5f2d-4b4b-95b3-449b0110d1ab,2016-07-01,15:55:00,EDSA Roxas Blvd. Pasay,0,0,0,0,0,0,0,0,0,0,2016-07-01 23:55,Property,14.53743819,120.9997641,No Collision Stated
None,EDSA,None,None,"No Accident Factor, Rear-end, 0.0 drivers_injured, 0.0 drivers_killed, 0.0 passengers_injured, 0.0 passengers_killed, 0.0 pedestrian_injured, 0.0 pedestrian_killed, Fair (Day), EDSA Roxas Blvd. Pasay",MMDA Road Safety Unit,Human error,cde38678-317d-4223-945e-963f6a915b66,2016-07-01,04:55:00,EDSA Taft Avenue Pasay,0,0,0,0,0,0,0,0,0,0,2016-07-01 12:55,Property,14.53725136,120.9928775,Rear-End
None,EDSA,None,None,"No Accident Factor, Angle Impact, 0.0 drivers_injured, 0.0 drivers_killed, 0.0 passengers_injured, 0.0 passengers_killed, 0.0 pedestrian_injured, 0.0 pedestrian_killed, Fair (Day), EDSA Aurora Blvd. Pasay",MMDA Road Safety Unit,Human error,f06925be-0720-465e-9b05-5b436e00651a,2016-06-30,23:05:00,EDSA Roxas Boulevard Pasay,0,0,0,0,0,0,0,0,0,0,2016-07-01 7:05,Property,14.53779864,121.0033477,Angle Impact
None,EDSA,None,None,"No Accident Factor, Side Swipe, 0.0 drivers_injured, 0.0 drivers_killed, 0.0 passengers_injured, 0.0 passengers_killed, 0.0 pedestrian_injured, 0.0 pedestrian_killed, Fair (Night), EDSA Taft Ave. Pasay",MMDA Road Safety Unit,Human error,6e005ca7-d51e-4858-abf6-b3961186eca7,2016-06-30,21:00:00,EDSA Cabrera Street Pasay,0,0,0,0,0,0,0,0,0,0,2016-07-01 5:00,Property,14.53775951,121.0007229,Side Swipe
None,EDSA,None,None,"No Accident Factor, No Collision Stated (based on Police Blotter Book), 0.0 drivers_injured, 0.0 drivers_killed, 0.0 passengers_injured, 0.0 passengers_killed, 0.0 pedestrian_injured, 0.0 pedestrian_killed, Fair (Night), EDSA Aurora Blvd. Pasay",MMDA Road Safety Unit,Human error,bfd6668c-f1d9-411e-8eb2-f2c47d7e5ce4,2016-06-30,15:30:00,EDSA Taft Avenue Pasay,0,0,0,0,0,0,0,0,0,0,2016-06-30 23:30,Property,14.53779864,121.0033477,No Collision Stated
None,EDSA,None,None,"No Accident Factor, No Collision Stated (based on Police Blotter Book), 0.0 drivers_injured, 0.0 drivers_killed, 0.0 passengers_injured, 0.0 passengers_killed, 0.0 pedestrian_injured, 0.0 pedestrian_killed, Fair (Day), EDSA Caltex Gas station Pasay",MMDA Road Safety Unit,Human error,fddbe428-1109-4b31-89e6-5c4b34b6822b,2016-06-29,07:30:00,EDSA Aurora Blvd. Pasay,0,0,0,0,0,0,0,0,0,0,2016-06-29 15:30,Property,14.53902197,121.0121772,No Collision Stated
None,EDSA,None,None,"No Accident Factor, No Collision Stated (based on Police Blotter Book), 0.0 drivers_injured, 0.0 drivers_killed, 0.0 passengers_injured, 0.0 passengers_killed, 0.0 pedestrian_injured, 0.0 pedestrian_killed, Fair (Day), EDSA Zamora St. Pasay",MMDA Road Safety Unit,Human error,5e7c0e76-a235-4f6b-93e0-7c4b0c91d2f3,2016-06-29,01:00:00,EDSA Roxas Blvd. Pasay,0,0,0,0,0,0,0,0,0,0,2016-06-29 9:00,Property,14.537724,121.0013108,No Collision Stated
None,EDSA,None,None,"No Accident Factor, Angle Impact, 0.0 drivers_injured, 0.0 drivers_killed, 0.0 passengers_injured, 0.0 passengers_killed, 0.0 pedestrian_injured, 0.0 pedestrian_killed, Fair (Day), EDSA ""U"" turn slot, Copacabana Pasay",MMDA Road Safety Unit,Human error,1b8a52f5-acd4-43b2-a236-d160a6c66468,2016-06-27,23:00:00,EDSA Tramo Street Pasay,0,0,0,0,0,0,0,0,0,0,2016-06-28 7:00,Property,14.53740934,120.9940239,Angle Impact
None,EDSA,None,None,"No Accident Factor, Multiple Collision, 0.0 drivers_injured, 0.0 drivers_killed, 0.0 passengers_injured, 0.0 passengers_killed, 0.0 pedestrian_injured, 0.0 pedestrian_killed, Fair (Night), EDSA Taft Ave. Pasay",MMDA Road Safety Unit,Human error,9703c3d9-bfcf-426c-80f6-d5b18e7133be,2016-06-26,21:10:00,EDSA C. Jose Street Pasay,0,0,0,0,0,0,0,0,0,0,2016-06-27 5:10,Property,14.53775951,121.0007229,Multiple
None,EDSA,None,None,"No Accident Factor, No Collision Stated (based on Police Blotter Book), 0.0 drivers_injured, 0.0 drivers_killed, 0.0 passengers_injured, 0.0 passengers_killed, 0.0 pedestrian_injured, 0.0 pedestrian_killed, Fair (Day), EDSA Roxas Blvd. Pasay",MMDA Road Safety Unit,Human error,5af4c6e7-12c7-46b3-b410-dc703d7fdf35,2016-06-26,08:30:00,EDSA Roxas Boulevard Pasay,0,0,0,0,0,0,0,0,0,0,2016-06-26 16:30,Property,14.53725136,120.9928775,No Collision Stated
None,EDSA,None,None,"No Accident Factor, No Collision Stated (based on Police Blotter Book), 0.0 drivers_injured, 0.0 drivers_killed, 0.0 passengers_injured, 0.0 passengers_killed, 0.0 pedestrian_injured, 0.0 pedestrian_killed, Fair (Day), EDSA Taft Avenue Pasay",MMDA Road Safety Unit,Human error,7776b50d-4ac8-46a8-ab2c-6dbe4b3a27fa,2016-06-22,09:45:00,EDSA Taft Ave. Pasay,0,0,0,0,0,0,0,0,0,0,2016-06-22 17:45,Property,14.53775951,121.0007229,No Collision Stated
None,EDSA,None,None,"No Accident Factor, No Collision Stated (based on Police Blotter Book), 0.0 drivers_injured, 0.0 drivers_killed, 0.0 passengers_injured, 0.0 passengers_killed, 0.0 pedestrian_injured, 0.0 pedestrian_killed, Fair (Day), EDSA Roxas Boulevard Pasay",MMDA Road Safety Unit,Human error,ec072243-0430-4dce-b562-df4524e519fb,2016-06-21,23:30:00,EDSA D. Macapagal Boulevard Pasay,0,0,0,0,0,0,0,0,0,0,2016-06-22 7:30,Property,14.53725136,120.9928775,No Collision Stated
None,EDSA,None,None,"No Accident Factor, Rear-end, 0.0 drivers_injured, 0.0 drivers_killed, 0.0 passengers_injured, 0.0 passengers_killed, 0.0 pedestrian_injured, 0.0 pedestrian_killed, Fair (Night), EDSA Cabrera Street Pasay",MMDA Road Safety Unit,Human error,fa945483-0b2f-4489-96d7-44373ea62254,2016-06-21,11:35:00,"EDSA P. Celle St. ""U"" turn slot Pasay",0,0,0,0,0,0,0,0,0,0,2016-06-21 19:35,Property,14.53817493,121.0048575,Rear-End
None,EDSA,None,None,"No Accident Factor, No Collision Stated (based on Police Blotter Book), 0.0 drivers_injured, 0.0 drivers_killed, 0.0 passengers_injured, 0.0 passengers_killed, 0.0 pedestrian_injured, 0.0 pedestrian_killed, Fair (Day), EDSA Taft Avenue Pasay",MMDA Road Safety Unit,Human error,f480b9a1-7059-4ba0-bb0a-99c43974af82,2016-06-20,05:00:00,EDSA Taft Ave.  Pasay,0,0,0,0,0,0,0,0,0,0,2016-06-20 13:00,Property,14.53775951,121.0007229,No Collision Stated
None,EDSA,None,None,"No Accident Factor, No Collision Stated (based on Police Blotter Book), 0.0 drivers_injured, 0.0 drivers_killed, 0.0 passengers_injured, 0.0 passengers_killed, 0.0 pedestrian_injured, 0.0 pedestrian_killed, Fair (Day), EDSA Aurora Blvd. Pasay",MMDA Road Safety Unit,Human error,97013ee6-07f9-4b83-98e4-32a3c4cf2d2b,2016-06-19,23:30:00,EDSA Roxas Blvd.  Pasay,0,0,0,0,0,0,0,0,0,0,2016-06-20 7:30,Property,14.53779864,121.0033477,No Collision Stated
None,EDSA,None,None,"No Accident Factor, No Collision Stated (based on Police Blotter Book), 0.0 drivers_injured, 0.0 drivers_killed, 0.0 passengers_injured, 0.0 passengers_killed, 0.0 pedestrian_injured, 0.0 pedestrian_killed, Fair (Night), EDSA Roxas Blvd. Pasay",MMDA Road Safety Unit,Human error,a9eec0b0-c10b-4309-88ad-f8c2f241adce,2016-06-19,21:10:00,EDSA Roxas Blvd.  Pasay,0,0,0,0,0,0,0,0,0,0,2016-06-20 5:10,Property,14.53725136,120.9928775,No Collision Stated
None,EDSA,None,None,"No Accident Factor, Side Swipe, 0.0 drivers_injured, 0.0 drivers_killed, 0.0 passengers_injured, 0.0 passengers_killed, 0.0 pedestrian_injured, 0.0 pedestrian_killed, Fair (Night), EDSA Tramo Street Pasay",MMDA Road Safety Unit,Human error,8f1fd1f5-eb3c-4247-8abc-2e43cd38e934,2016-06-18,11:30:00,EDSA Tramo St.    Pasay,0,0,0,0,0,0,0,0,0,0,2016-06-18 19:30,Property,14.53790544,121.0032547,Side Swipe
None,EDSA,None,None,"No Accident Factor, No Collision Stated (based on Police Blotter Book), 0.0 drivers_injured, 0.0 drivers_killed, 0.0 passengers_injured, 0.0 passengers_killed, 0.0 pedestrian_injured, 0.0 pedestrian_killed, Fair (Night), EDSA C. Jose Street Pasay",MMDA Road Safety Unit,Human error,f961a41a-95c9-49ed-a280-0643b9522e48,2016-06-18,11:15:00,EDSA Roxas Blvd.  Pasay,0,0,0,0,0,0,0,0,0,0,2016-06-18 19:15,Property,14.53873461,121.0107828,No Collision Stated
None,EDSA,None,None,"No Accident Factor, No Collision Stated (based on Police Blotter Book), 0.0 drivers_injured, 0.0 drivers_killed, 0.0 passengers_injured, 0.0 passengers_killed, 0.0 pedestrian_injured, 0.0 pedestrian_killed, Fair (Day), EDSA Roxas Boulevard Pasay",MMDA Road Safety Unit,Human error,0cc0fb5b-1296-4981-90c1-c8b187230603,2016-06-16,22:40:00,EDSA Taft Ave.  Pasay,0,0,0,0,0,0,0,0,0,0,2016-06-17 6:40,Property,14.53725136,120.9928775,No Collision Stated
None,EDSA,None,None,"No Accident Factor, No Collision Stated (based on Police Blotter Book), 0.0 drivers_injured, 0.0 drivers_killed, 0.0 passengers_injured, 0.0 passengers_killed, 0.0 pedestrian_injured, 0.0 pedestrian_killed, Fair (Night), EDSA Taft Ave. Pasay",MMDA Road Safety Unit,Human error,ecdbd747-5765-4b69-a3e3-c20e0be9a261,2016-06-16,14:40:00,EDSA Taft Ave.  Pasay,0,0,0,0,0,0,0,0,0,0,2016-06-16 22:40,Property,14.53775951,121.0007229,No Collision Stated
None,EDSA,None,None,"No Accident Factor, No Collision Stated (based on Police Blotter Book), 0.0 drivers_injured, 0.0 drivers_killed, 0.0 passengers_injured, 0.0 passengers_killed, 0.0 pedestrian_injured, 0.0 pedestrian_killed, Fair (Day), EDSA D. Macapagal Boulevard Pasay",MMDA Road Safety Unit,Human error,10348a15-9bdb-4163-becb-cd97a3ab44ef,2016-06-16,09:30:00,EDSA D. Macapagal Blvd.  Pasay,0,0,0,0,0,0,0,0,0,0,2016-06-16 17:30,Property,14.53639024,120.988979,No Collision Stated
None,EDSA,None,None,"No Accident Factor, Angle Impact, 0.0 drivers_injured, 0.0 drivers_killed, 0.0 passengers_injured, 0.0 passengers_killed, 0.0 pedestrian_injured, 0.0 pedestrian_killed, Fair (Day), EDSA P. Celle St. ""U"" turn slot Pasay",MMDA Road Safety Unit,Human error,8e7fc511-e8d3-4399-95eb-3bfdf78b3bcd,2016-06-14,23:00:00,EDSA Roxas Blvd.  Pasay,0,0,0,0,0,0,0,0,0,0,2016-06-15 7:00,Property,14.53778565,120.9974409,Angle Impact
None,EDSA,None,None,"No Accident Factor, Multiple Collision, 0.0 drivers_injured, 0.0 drivers_killed, 0.0 passengers_injured, 0.0 passengers_killed, 0.0 pedestrian_injured, 0.0 pedestrian_killed, Fair (Night), EDSA Taft Ave.  Pasay",MMDA Road Safety Unit,Human error,1cf1b650-0cc7-45de-be8e-eb34815839b0,2016-06-14,20:30:00,EDSA Tramo St.    Pasay,0,0,0,0,0,0,0,0,0,0,2016-06-15 4:30,Property,14.53775951,121.0007229,Multiple
None,EDSA,None,None,"No Accident Factor, Rear-end, 0.0 drivers_injured, 0.0 drivers_killed, 0.0 passengers_injured, 0.0 passengers_killed, 0.0 pedestrian_injured, 0.0 pedestrian_killed, Fair (Day), EDSA Roxas Blvd.  Pasay",MMDA Road Safety Unit,Human error,2547a053-6120-4b5b-a0e1-5660e3dc4719,2016-06-14,08:45:00,EDSA Figueroa St.  Pasay,0,0,0,0,0,0,0,0,0,0,2016-06-14 16:45,Property,14.53725136,120.9928775,Rear-End
None,EDSA,None,None,"No Accident Factor, No Collision Stated (based on Police Blotter Book), 0.0 drivers_injured, 0.0 drivers_killed, 1.0 passengers_injured, 0.0 passengers_killed, 0.0 pedestrian_injured, 0.0 pedestrian_killed, Fair (Day), EDSA Roxas Blvd.  Pasay",MMDA Road Safety Unit,Human error,305e1c97-d3bd-48f5-9b51-53182861cea7,2016-06-14,03:30:00,EDSA Kabayan Motel Pasay,0,0,0,0,1,0,0,0,0,1,2016-06-14 11:30,Injury,14.53725136,120.9928775,No Collision Stated
None,EDSA,None,None,"No Accident Factor, Rear-end, 0.0 drivers_injured, 0.0 drivers_killed, 0.0 passengers_injured, 0.0 passengers_killed, 0.0 pedestrian_injured, 0.0 pedestrian_killed, Fair (Day), EDSA Tramo St.    Pasay",MMDA Road Safety Unit,Human error,ba273f5a-26c0-4810-9c64-f2885728951b,2016-06-13,05:30:00,EDSA Aurora Blvd.  Pasay,0,0,0,0,0,0,0,0,0,0,2016-06-13 13:30,Property,14.53790544,121.0032547,Rear-End
None,EDSA,None,None,"No Accident Factor, Angle Impact, 0.0 drivers_injured, 0.0 drivers_killed, 0.0 passengers_injured, 0.0 passengers_killed, 0.0 pedestrian_injured, 0.0 pedestrian_killed, Fair (Day), EDSA Roxas Blvd.  Pasay",MMDA Road Safety Unit,Human error,f896470b-7569-4777-ba8e-8dc66d244606,2016-06-13,05:00:00,EDSA Taft Ave.  Pasay,0,0,0,0,0,0,0,0,0,0,2016-06-13 13:00,Property,14.53725136,120.9928775,Angle Impact
None,EDSA,None,None,"No Accident Factor, Rear-end, 0.0 drivers_injured, 0.0 drivers_killed, 0.0 passengers_injured, 0.0 passengers_killed, 0.0 pedestrian_injured, 0.0 pedestrian_killed, Fair (Night), EDSA Taft Ave.  Pasay",MMDA Road Safety Unit,Human error,1c3aa8f3-4db9-4dba-bc0e-9ba873720d69,2016-06-12,14:35:00,EDSA Roxas Blvd.  Pasay,0,0,0,0,0,0,0,0,0,0,2016-06-12 22:35,Property,14.53775951,121.0007229,Rear-End
None,EDSA,None,None,"No Accident Factor, No Collision Stated (based on Police Blotter Book), 0.0 drivers_injured, 0.0 drivers_killed, 0.0 passengers_injured, 0.0 passengers_killed, 0.0 pedestrian_injured, 0.0 pedestrian_killed, Fair (Day), EDSA Taft Ave.  Pasay",MMDA Road Safety Unit,Human error,7b0ecc2e-e1b4-4a35-a57b-ec029afbe2ea,2016-06-12,06:15:00,EDSA Tramo St.    Pasay,0,0,0,0,0,0,0,0,0,0,2016-06-12 14:15,Property,14.53775951,121.0007229,No Collision Stated
None,EDSA,None,None,"No Accident Factor, Rear-end, 0.0 drivers_injured, 0.0 drivers_killed, 0.0 passengers_injured, 0.0 passengers_killed, 0.0 pedestrian_injured, 0.0 pedestrian_killed, Fair (Day), EDSA D. Macapagal Blvd.  Pasay",MMDA Road Safety Unit,Human error,688fac60-5231-486b-8f24-e82a7084a968,2016-06-12,01:00:00,EDSA Macapagal Blvd. Pasay,0,0,0,0,0,0,0,0,0,0,2016-06-12 9:00,Property,14.53639024,120.988979,Rear-End
None,EDSA,None,None,"No Accident Factor, No Collision Stated (based on Police Blotter Book), 0.0 drivers_injured, 0.0 drivers_killed, 0.0 passengers_injured, 0.0 passengers_killed, 0.0 pedestrian_injured, 0.0 pedestrian_killed, Fair (Day), EDSA Roxas Blvd.  Pasay",MMDA Road Safety Unit,Human error,a5341c13-b6e9-4948-90bf-8c06dcb848c2,2016-06-11,03:20:00,EDSA Macapagal Blvd. Pasay,0,0,0,0,0,0,0,0,0,0,2016-06-11 11:20,Property,14.53725136,120.9928775,No Collision Stated
None,EDSA,None,None,"No Accident Factor, No Collision Stated (based on Police Blotter Book), 1.0 drivers_injured, 0.0 drivers_killed, 1.0 passengers_injured, 0.0 passengers_killed, 0.0 pedestrian_injured, 0.0 pedestrian_killed, Fair (Night), EDSA Tramo St.    Pasay",MMDA Road Safety Unit,Human error,8480f746-adfe-4474-b485-590345e5c942,2016-06-10,15:30:00,EDSA SM MOA Circle Pasay,0,0,0,1,1,0,0,0,0,2,2016-06-10 23:30,Injury,14.53790544,121.0032547,No Collision Stated
None,EDSA,None,None,"No Accident Factor, No Collision Stated (based on Police Blotter Book), 0.0 drivers_injured, 0.0 drivers_killed, 0.0 passengers_injured, 0.0 passengers_killed, 0.0 pedestrian_injured, 0.0 pedestrian_killed, Fair (Night), EDSA Figueroa St.  Pasay",MMDA Road Safety Unit,Human error,a94177c0-5518-4884-a722-94105f55395b,2016-06-10,15:30:00,EDSA Taft Avenue Pasay,0,0,0,0,0,0,0,0,0,0,2016-06-10 23:30,Property,14.53789841,120.9973454,No Collision Stated
None,EDSA,None,None,"No Accident Factor, Side Swipe, 0.0 drivers_injured, 0.0 drivers_killed, 0.0 passengers_injured, 0.0 passengers_killed, 0.0 pedestrian_injured, 0.0 pedestrian_killed, Fair (Day), EDSA Kabayan Motel Pasay",MMDA Road Safety Unit,,013b71d4-fa5b-4ee8-ac26-bed05f225fe1,2016-06-10,09:40:00,EDSA Roxas Blvd.  Pasay,0,0,0,0,0,0,0,0,0,0,2016-06-10 17:40,Property,14.53775829,121.0015736,Side Swipe
None,EDSA,None,None,"No Accident Factor, No Collision Stated (based on Police Blotter Book), 0.0 drivers_injured, 0.0 drivers_killed, 0.0 passengers_injured, 0.0 passengers_killed, 0.0 pedestrian_injured, 0.0 pedestrian_killed, Fair (Day), EDSA Aurora Blvd.  Pasay",MMDA Road Safety Unit,,9553a5ce-9c2e-4338-95bf-2549a6d882eb,2016-06-10,08:15:00,EDSA Roxas Blvd.  Pasay,0,0,0,0,0,0,0,0,0,0,2016-06-10 16:15,Property,14.53767633,121.0032355,No Collision Stated