LOCATION_TEXT,ROAD,WEATHER,LIGHT,DESC,REPORTING_AGENCY,MAIN_CAUSE,INCIDENTDETAILS_ID,DATE_UTC,TIME_UTC,ADDRESS,killed_driver,killed_passenger,killed_pedestrian,injured_driver,injured_passenger,injured_pedestrian,killed_uncategorized,injured_uncategorized,killed_total,injured_total,DATETIME_PST,SEVERITY,Y,X,COLLISION_TYPE
None,EDSA,None,None,"No Accident Factor, No Collision Stated (based on Police Blotter Book), 0.0 drivers_injured, 0.0 drivers_killed, 0.0 passengers_injured, 0.0 passengers_killed, 0.0 pedestrian_injured, 0.0 pedestrian_killed, Fair (Day), EDSA Taft Ave.  Pasay",MMDA Road Safety Unit,,7680a22c-fac6-4eb8-9a51-c4e631e1282f,2016-06-10,01:30:00,EDSA Aurora Blvd.  Pasay,0,0,0,0,0,0,0,0,0,0,2016-06-10 9:30,Property,14.53775951,121.0007229,No Collision Stated
None,EDSA,None,None,"No Accident Factor, No Collision Stated (based on Police Blotter Book), 0.0 drivers_injured, 0.0 drivers_killed, 0.0 passengers_injured, 0.0 passengers_killed, 0.0 pedestrian_injured, 0.0 pedestrian_killed, Fair (Night), EDSA Roxas Blvd.  Pasay",MMDA Road Safety Unit,,ca510de9-e80c-4b4e-8ac9-3c7bd43f14d9,2016-06-09,15:45:00,EDSA Roxas Blvd.  Pasay,0,0,0,0,0,0,0,0,0,0,2016-06-09 23:45,Property,14.53725136,120.9928775,No Collision Stated
None,EDSA,None,None,"No Accident Factor, No Collision Stated (based on Police Blotter Book), 1.0 drivers_injured, 0.0 drivers_killed, 0.0 passengers_injured, 0.0 passengers_killed, 0.0 pedestrian_injured, 0.0 pedestrian_killed, Fair (Night), EDSA Tramo St.    Pasay",MMDA Road Safety Unit,,bf6ecfb2-fd7e-4b5d-9e64-01511b59e689,2016-06-09,10:40:00,EDSA Macapagal Blvd.  Pasay,0,0,0,1,0,0,0,0,0,1,2016-06-09 18:40,Injury,14.53790544,121.0032547,No Collision Stated
None,EDSA,None,None,"No Accident Factor, No Collision Stated (based on Police Blotter Book), 0.0 drivers_injured, 0.0 drivers_killed, 0.0 passengers_injured, 0.0 passengers_killed, 0.0 pedestrian_injured, 0.0 pedestrian_killed, Fair (Night), EDSA Macapagal Blvd. Pasay",MMDA Road Safety Unit,,64ae94a9-7066-4412-b514-4882b5923175,2016-06-08,15:00:00,EDSA Taft Ave.  Pasay,0,0,0,0,0,0,0,0,0,0,2016-06-08 23:00,Property,14.53636061,120.9889709,No Collision Stated
None,EDSA,None,None,"No Accident Factor, Hit Object (Lamp/Light Post), 1.0 drivers_injured, 0.0 drivers_killed, 0.0 passengers_injured, 0.0 passengers_killed, 0.0 pedestrian_injured, 0.0 pedestrian_killed, Fair (Day), EDSA Macapagal Blvd. Pasay",MMDA Road Safety Unit,,c1aafe63-efcd-4a54-9ea0-b829d2f39ef5,2016-06-08,05:15:00,EDSA Taft Ave. Pasay,0,0,0,1,0,0,0,0,0,1,2016-06-08 13:15,Injury,14.53636061,120.9889709,Hit Object
None,EDSA,None,None,"No Accident Factor, Rear-end, 0.0 drivers_injured, 0.0 drivers_killed, 0.0 passengers_injured, 0.0 passengers_killed, 0.0 pedestrian_injured, 0.0 pedestrian_killed, Fair (Day), EDSA SM MOA Circle Pasay",MMDA Road Safety Unit,,62d027c7-3200-4ad1-a500-d6f9cfcbb968,2016-06-07,22:00:00,EDSA Taft Ave. Pasay,0,0,0,0,0,0,0,0,0,0,2016-06-08 6:00,Property,14.53556259,120.9848215,Rear-End
None,EDSA,None,None,"No Accident Factor, No Collision Stated (based on Police Blotter Book), 0.0 drivers_injured, 0.0 drivers_killed, 0.0 passengers_injured, 0.0 passengers_killed, 0.0 pedestrian_injured, 0.0 pedestrian_killed, Fair (Night), EDSA Taft Avenue Pasay",MMDA Road Safety Unit,,faf317da-bc24-48d9-be50-e5e5aee666d0,2016-06-07,18:00:00,EDSA Roxas Blvd. Pasay,0,0,0,0,0,0,0,0,0,0,2016-06-08 2:00,Property,14.53775951,121.0007229,No Collision Stated
None,EDSA,None,None,"No Accident Factor, No Collision Stated (based on Police Blotter Book), 0.0 drivers_injured, 0.0 drivers_killed, 0.0 passengers_injured, 0.0 passengers_killed, 0.0 pedestrian_injured, 0.0 pedestrian_killed, Fair (Day), EDSA Roxas Blvd.  Pasay",MMDA Road Safety Unit,,6b708a70-9123-4776-a6ac-9a392abd2ce2,2016-06-06,00:30:00,EDSA Aurora Blvd. Pasay,0,0,0,0,0,0,0,0,0,0,2016-06-06 8:30,Property,14.53725136,120.9928775,No Collision Stated
None,EDSA,None,None,"No Accident Factor, Side Swipe, 0.0 drivers_injured, 0.0 drivers_killed, 0.0 passengers_injured, 0.0 passengers_killed, 0.0 pedestrian_injured, 0.0 pedestrian_killed, Fair (Day), EDSA Roxas Blvd.  Pasay",MMDA Road Safety Unit,,89e07ff9-5949-4fe0-9665-a389354ea615,2016-06-05,03:00:00,EDSA Aurora Blvd. Pasay,0,0,0,0,0,0,0,0,0,0,2016-06-05 11:00,Property,14.53725136,120.9928775,Side Swipe
None,EDSA,None,None,"No Accident Factor, No Collision Stated (based on Police Blotter Book), 0.0 drivers_injured, 0.0 drivers_killed, 0.0 passengers_injured, 0.0 passengers_killed, 0.0 pedestrian_injured, 0.0 pedestrian_killed, Fair (Day), EDSA Aurora Blvd.  Pasay",MMDA Road Safety Unit,,340a5f38-76bc-452b-945e-8a42875e1a52,2016-06-04,01:45:00,EDSA Roxas Blvd. (Service Road) Pasay,0,0,0,0,0,0,0,0,0,0,2016-06-04 9:45,Property,14.53767633,121.0032355,No Collision Stated
None,EDSA,None,None,"No Accident Factor, No Collision Stated (based on Police Blotter Book), 0.0 drivers_injured, 0.0 drivers_killed, 0.0 passengers_injured, 0.0 passengers_killed, 0.0 pedestrian_injured, 0.0 pedestrian_killed, Fair (Day), EDSA Roxas Blvd.  Pasay",MMDA Road Safety Unit,,4cb95076-587c-42fd-b610-110d32093418,2016-06-02,09:30:00,EDSA Roxas Blvd. Pasay,0,0,0,0,0,0,0,0,0,0,2016-06-02 17:30,Property,14.53725136,120.9928775,No Collision Stated
None,EDSA,None,None,"No Accident Factor, Rear-end, 0.0 drivers_injured, 0.0 drivers_killed, 0.0 passengers_injured, 0.0 passengers_killed, 0.0 pedestrian_injured, 0.0 pedestrian_killed, Fair (Day), EDSA Macapagal Blvd.  Pasay",MMDA Road Safety Unit,,39fa9dff-e0b7-4e81-b6d0-8627feb104bd,2016-06-02,02:45:00,EDSA Automall Pasay,0,0,0,0,0,0,0,0,0,0,2016-06-02 10:45,Property,14.53636061,120.9889709,Rear-End
None,EDSA,None,None,"No Accident Factor, No Collision Stated (based on Police Blotter Book), 0.0 drivers_injured, 0.0 drivers_killed, 0.0 passengers_injured, 0.0 passengers_killed, 0.0 pedestrian_injured, 0.0 pedestrian_killed, Fair (Day), EDSA Taft Ave.  Pasay",MMDA Road Safety Unit,,79c31b5e-d779-41e2-b8bd-5c2189504273,2016-06-02,01:30:00,EDSA Roxas Blvd. Pasay,0,0,0,0,0,0,0,0,0,0,2016-06-02 9:30,Property,14.53775951,121.0007229,No Collision Stated
None,EDSA,None,None,"No Accident Factor, No Collision Stated (based on Police Blotter Book), 0.0 drivers_injured, 0.0 drivers_killed, 0.0 passengers_injured, 0.0 passengers_killed, 0.0 pedestrian_injured, 0.0 pedestrian_killed, Fair (Night), EDSA Taft Ave. Pasay",MMDA Road Safety Unit,,e9848e58-5fb5-4c15-ac8b-6f71b03a9503,2016-05-30,17:35:00,EDSA F. B. Harrison St. Pasay,0,0,0,0,0,0,0,0,0,0,2016-05-31 1:35,Property,14.53775951,121.0007229,No Collision Stated
None,EDSA,None,None,"No Accident Factor, No Collision Stated (based on Police Blotter Book), 0.0 drivers_injured, 0.0 drivers_killed, 0.0 passengers_injured, 0.0 passengers_killed, 0.0 pedestrian_injured, 0.0 pedestrian_killed, Fair (Day), EDSA Taft Ave. Pasay",MMDA Road Safety Unit,,85412f09-24c8-4ce4-8898-fd5540e77994,2016-05-30,07:30:00,EDSA Roxas Blvd. Pasay,0,0,0,0,0,0,0,0,0,0,2016-05-30 15:30,Property,14.53775951,121.0007229,No Collision Stated
None,EDSA,None,None,"No Accident Factor, No Collision Stated (based on Police Blotter Book), 0.0 drivers_injured, 0.0 drivers_killed, 0.0 passengers_injured, 0.0 passengers_killed, 0.0 pedestrian_injured, 0.0 pedestrian_killed, Fair (Day), EDSA Roxas Blvd. Pasay",MMDA Road Safety Unit,,a706f495-d98a-4afc-89ac-ddd49bc914ce,2016-05-30,07:15:00,EDSA Aurora Sippeer Lane Pasay,0,0,0,0,0,0,0,0,0,0,2016-05-30 15:15,Property,14.53725136,120.9928775,No Collision Stated
None,EDSA,None,None,"No Accident Factor, No Collision Stated (based on Police Blotter Book), 0.0 drivers_injured, 0.0 drivers_killed, 0.0 passengers_injured, 0.0 passengers_killed, 0.0 pedestrian_injured, 0.0 pedestrian_killed, Fair (Day), EDSA Aurora Blvd. Pasay",MMDA Road Safety Unit,,63ca5189-1a57-49aa-8688-f558a4406618,2016-05-30,00:00:00,"EDSA P. Celle St. ""U"" turn slot Pasay",0,0,0,0,0,0,0,0,0,0,2016-05-30 8:00,Property,14.53779864,121.0033477,No Collision Stated
None,EDSA,None,None,"No Accident Factor, No Collision Stated (based on Police Blotter Book), 0.0 drivers_injured, 0.0 drivers_killed, 0.0 passengers_injured, 0.0 passengers_killed, 0.0 pedestrian_injured, 0.0 pedestrian_killed, Fair (Day), EDSA Aurora Blvd. Pasay",MMDA Road Safety Unit,,0f80f54f-5185-456f-ae98-2f0f60d1ec7f,2016-05-29,02:30:00,EDSA Roxas Blvd. Pasay,0,0,0,0,0,0,0,0,0,0,2016-05-29 10:30,Property,14.53779864,121.0033477,No Collision Stated
None,EDSA,None,None,"No Accident Factor, No Collision Stated (based on Police Blotter Book), 0.0 drivers_injured, 0.0 drivers_killed, 0.0 passengers_injured, 0.0 passengers_killed, 0.0 pedestrian_injured, 0.0 pedestrian_killed, Fair (Day), EDSA Roxas Blvd. (Service Road) Pasay",MMDA Road Safety Unit,,b751ad97-a379-4813-8865-be4e22886698,2016-05-29,02:00:00,EDSA Macapagal Blvd. Pasay,0,0,0,0,0,0,0,0,0,0,2016-05-29 10:00,Property,14.53725136,120.9928775,No Collision Stated
None,EDSA,None,None,"No Accident Factor, No Collision Stated (based on Police Blotter Book), 0.0 drivers_injured, 0.0 drivers_killed, 0.0 passengers_injured, 0.0 passengers_killed, 0.0 pedestrian_injured, 0.0 pedestrian_killed, Fair (Day), EDSA Roxas Blvd. Pasay",MMDA Road Safety Unit,,b4329049-021d-4477-a3c8-66a8dde1c532,2016-05-27,09:30:00,EDSA Roxas Blvd. Pasay,0,0,0,0,0,0,0,0,0,0,2016-05-27 17:30,Property,14.53725136,120.9928775,No Collision Stated
None,EDSA,None,None,"No Accident Factor, No Collision Stated (based on Police Blotter Book), 1.0 drivers_injured, 0.0 drivers_killed, 0.0 passengers_injured, 0.0 passengers_killed, 0.0 pedestrian_injured, 0.0 pedestrian_killed, Fair (Day), EDSA Automall Pasay",MMDA Road Safety Unit,,b05fe18c-d411-4d65-b4f0-c973eabdd7b0,2016-05-27,05:15:00,EDSA Winston Hotel (EB) Pasay,0,0,0,1,0,0,0,0,0,1,2016-05-27 13:15,Injury,14.5378814,120.9972304,No Collision Stated
None,EDSA,None,None,"No Accident Factor, No Collision Stated (based on Police Blotter Book), 0.0 drivers_injured, 0.0 drivers_killed, 0.0 passengers_injured, 0.0 passengers_killed, 0.0 pedestrian_injured, 0.0 pedestrian_killed, Fair (Day), EDSA Roxas Blvd. Pasay",MMDA Road Safety Unit,,eaf4d375-fb26-444f-a82c-cc68a28cd2a6,2016-05-27,03:30:00,EDSA SM MOA Circle Pasay,0,0,0,0,0,0,0,0,0,0,2016-05-27 11:30,Property,14.53725136,120.9928775,No Collision Stated
None,EDSA,None,None,"No Accident Factor, No Collision Stated (based on Police Blotter Book), 0.0 drivers_injured, 0.0 drivers_killed, 0.0 passengers_injured, 0.0 passengers_killed, 0.0 pedestrian_injured, 0.0 pedestrian_killed, Fair (Day), EDSA F. B. Harrison St. Pasay",MMDA Road Safety Unit,,be1ec5ad-0722-4fdd-abc6-1e071cd8cf08,2016-05-26,05:25:00,EDSA F. B. Harrison St. Pasay,0,0,0,0,0,0,0,0,0,0,2016-05-26 13:25,Property,14.5378679,120.9956516,No Collision Stated
None,EDSA,None,None,"No Accident Factor, No Collision Stated (based on Police Blotter Book), 0.0 drivers_injured, 0.0 drivers_killed, 0.0 passengers_injured, 0.0 passengers_killed, 0.0 pedestrian_injured, 0.0 pedestrian_killed, Fair (Day), EDSA Roxas Blvd. Pasay",MMDA Road Safety Unit,,d97ed059-7664-4a1d-87f3-7553f83475e4,2016-05-26,05:00:00,EDSA Taft Ave. Pasay,0,0,0,0,0,0,0,0,0,0,2016-05-26 13:00,Property,14.53725136,120.9928775,No Collision Stated
None,EDSA,None,None,"No Accident Factor, No Collision Stated (based on Police Blotter Book), 0.0 drivers_injured, 0.0 drivers_killed, 0.0 passengers_injured, 0.0 passengers_killed, 0.0 pedestrian_injured, 0.0 pedestrian_killed, Fair (Night), EDSA Aurora Sippeer Lane Pasay",MMDA Road Safety Unit,,f21e6f35-df62-4a84-b216-48b1d17de840,2016-05-25,15:30:00,EDSA F. B. Harrison St. Pasay,0,0,0,0,0,0,0,0,0,0,2016-05-25 23:30,Property,14.53837139,121.0077195,No Collision Stated
None,EDSA,None,None,"No Accident Factor, No Collision Stated (based on Police Blotter Book), 0.0 drivers_injured, 0.0 drivers_killed, 0.0 passengers_injured, 0.0 passengers_killed, 0.0 pedestrian_injured, 0.0 pedestrian_killed, Fair (Day), EDSA P. Celle St. ""U"" turn slot Pasay",MMDA Road Safety Unit,,308ccdc6-8550-40aa-a164-9fe800913605,2016-05-24,22:15:00,EDSA Taft Ave. Pasay,0,0,0,0,0,0,0,0,0,0,2016-05-25 6:15,Property,14.53778565,120.9974409,No Collision Stated
None,EDSA,None,None,"No Accident Factor, No Collision Stated (based on Police Blotter Book), 0.0 drivers_injured, 0.0 drivers_killed, 0.0 passengers_injured, 0.0 passengers_killed, 0.0 pedestrian_injured, 0.0 pedestrian_killed, Fair (Day), EDSA Roxas Blvd. Pasay",MMDA Road Safety Unit,,06c9bb01-8167-4fe2-bce2-900930133f59,2016-05-24,05:55:00,EDSA Rodriguez St.  Pasay,0,0,0,0,0,0,0,0,0,0,2016-05-24 13:55,Property,14.53725136,120.9928775,No Collision Stated
None,EDSA,None,None,"No Accident Factor, No Collision Stated (based on Police Blotter Book), 1.0 drivers_injured, 0.0 drivers_killed, 0.0 passengers_injured, 0.0 passengers_killed, 0.0 pedestrian_injured, 0.0 pedestrian_killed, Fair (Night), EDSA Macapagal Blvd. Pasay",MMDA Road Safety Unit,,ac2e84ee-502f-413b-9519-34001169aaf6,2016-05-23,19:30:00,EDSA Macapagal Blvd. Pasay,0,0,0,1,0,0,0,0,0,1,2016-05-24 3:30,Injury,14.53636061,120.9889709,No Collision Stated
None,EDSA,None,None,"No Accident Factor, No Collision Stated (based on Police Blotter Book), 0.0 drivers_injured, 0.0 drivers_killed, 0.0 passengers_injured, 0.0 passengers_killed, 0.0 pedestrian_injured, 0.0 pedestrian_killed, Fair (Day), EDSA Roxas Blvd. Pasay",MMDA Road Safety Unit,,c9fc13ad-73fe-4229-8658-10ec1933f831,2016-05-23,02:00:00,EDSA Tramo Zipper Lane Pasay,0,0,0,0,0,0,0,0,0,0,2016-05-23 10:00,Property,14.53725136,120.9928775,No Collision Stated
None,EDSA,None,None,"No Accident Factor, Side Swipe, 0.0 drivers_injured, 0.0 drivers_killed, 0.0 passengers_injured, 0.0 passengers_killed, 0.0 pedestrian_injured, 0.0 pedestrian_killed, Fair (Night), EDSA Winston Hotel (EB) Pasay",MMDA Road Safety Unit,,63d74ba3-f9a4-4371-ad1a-f29850c33b3a,2016-05-22,13:25:00,EDSA Roxas Blvd. Pasay,0,0,0,0,0,0,0,0,0,0,2016-05-22 21:25,Property,14.53779363,121.0036149,Side Swipe
None,EDSA,None,None,"No Accident Factor, No Collision Stated (based on Police Blotter Book), 0.0 drivers_injured, 0.0 drivers_killed, 0.0 passengers_injured, 0.0 passengers_killed, 0.0 pedestrian_injured, 0.0 pedestrian_killed, Fair (Day), EDSA SM MOA Circle Pasay",MMDA Road Safety Unit,,2007d73e-0280-4376-9392-105db353c9c3,2016-05-22,02:30:00,EDSA Park Ave.  Pasay,0,0,0,0,0,0,0,0,0,0,2016-05-22 10:30,Property,14.53556259,120.9848215,No Collision Stated
None,EDSA,None,None,"No Accident Factor, No Collision Stated (based on Police Blotter Book), 0.0 drivers_injured, 0.0 drivers_killed, 0.0 passengers_injured, 0.0 passengers_killed, 0.0 pedestrian_injured, 0.0 pedestrian_killed, Fair (Night), EDSA F. B. Harrison St. Pasay",MMDA Road Safety Unit,,2e021d3a-cbb5-416e-98ba-654b965bdd28,2016-05-21,19:00:00,EDSA Fire House Pasay,0,0,0,0,0,0,0,0,0,0,2016-05-22 3:00,Property,14.5378679,120.9956516,No Collision Stated
None,EDSA,None,None,"No Accident Factor, No Collision Stated (based on Police Blotter Book), 0.0 drivers_injured, 0.0 drivers_killed, 0.0 passengers_injured, 0.0 passengers_killed, 0.0 pedestrian_injured, 0.0 pedestrian_killed, Fair (Day), EDSA Taft Ave. Pasay",MMDA Road Safety Unit,,09c3eccb-7163-4777-bba4-0d3b96cd620f,2016-05-21,08:35:00,EDSA Roxas Blvd. Pasay,0,0,0,0,0,0,0,0,0,0,2016-05-21 16:35,Property,14.53775951,121.0007229,No Collision Stated
None,EDSA,None,None,"No Accident Factor, No Collision Stated (based on Police Blotter Book), 0.0 drivers_injured, 0.0 drivers_killed, 0.0 passengers_injured, 0.0 passengers_killed, 0.0 pedestrian_injured, 0.0 pedestrian_killed, Fair (Day), EDSA F. B. Harrison St. Pasay",MMDA Road Safety Unit,,4db17f05-eb69-424d-a2f9-baf29061883c,2016-05-21,05:00:00,EDSA Taft Ave. Pasay,0,0,0,0,0,0,0,0,0,0,2016-05-21 13:00,Property,14.5378679,120.9956516,No Collision Stated
None,EDSA,None,None,"No Accident Factor, No Collision Stated (based on Police Blotter Book), 0.0 drivers_injured, 0.0 drivers_killed, 0.0 passengers_injured, 0.0 passengers_killed, 0.0 pedestrian_injured, 0.0 pedestrian_killed, Fair (Day), EDSA Taft Ave. Pasay",MMDA Road Safety Unit,,19174437-ea32-41cc-aa45-f7cc9884fa33,2016-05-20,08:00:00,EDSA Taft Ave. Pasay,0,0,0,0,0,0,0,0,0,0,2016-05-20 16:00,Property,14.53775951,121.0007229,No Collision Stated
None,EDSA,None,None,"No Accident Factor, No Collision Stated (based on Police Blotter Book), 0.0 drivers_injured, 0.0 drivers_killed, 0.0 passengers_injured, 0.0 passengers_killed, 0.0 pedestrian_injured, 0.0 pedestrian_killed, Fair (Day), EDSA Rodriguez St.  Pasay",MMDA Road Safety Unit,,bcbe71e5-6402-47d9-9084-2ba1c7bd4583,2016-05-20,02:20:00,EDSA Savemore Hypermarket Pasay,0,0,0,0,0,0,0,0,0,0,2016-05-20 10:20,Property,14.53843672,121.0086475,No Collision Stated
None,EDSA,None,None,"No Accident Factor, No Collision Stated (based on Police Blotter Book), 1.0 drivers_injured, 0.0 drivers_killed, 1.0 passengers_injured, 0.0 passengers_killed, 0.0 pedestrian_injured, 0.0 pedestrian_killed, Fair (Day), EDSA Macapagal Blvd. Pasay",MMDA Road Safety Unit,,58790819-5bba-4db7-a4e6-8dc24b74ef18,2016-05-19,03:20:00,EDSA Heritage Hotel  Pasay,0,0,0,1,1,0,0,0,0,2,2016-05-19 11:20,Injury,14.53636061,120.9889709,No Collision Stated
None,EDSA,None,None,"No Accident Factor, Hit Object (Barrier-Concrete), 0.0 drivers_injured, 0.0 drivers_killed, 0.0 passengers_injured, 0.0 passengers_killed, 0.0 pedestrian_injured, 0.0 pedestrian_killed, Fair (Day), EDSA Tramo Zipper Lane Pasay",MMDA Road Safety Unit,,9b4a9265-550d-464e-a8c5-c1cc98fd0f9d,2016-05-19,02:00:00,EDSA Roxas Blvd. Pasay,0,0,0,0,0,0,0,0,0,0,2016-05-19 10:00,Property,14.53790544,121.0032547,Hit Object
None,EDSA,None,None,"No Accident Factor, No Collision Stated (based on Police Blotter Book), 0.0 drivers_injured, 0.0 drivers_killed, 0.0 passengers_injured, 0.0 passengers_killed, 0.0 pedestrian_injured, 0.0 pedestrian_killed, Fair (Day), EDSA Roxas Blvd. Pasay",MMDA Road Safety Unit,,001e78b4-901c-4dcf-bffa-2e207221313a,2016-05-19,00:00:00,EDSA Macapagal Blvd. Pasay,0,0,0,0,0,0,0,0,0,0,2016-05-19 8:00,Property,14.53725136,120.9928775,No Collision Stated
None,EDSA,None,None,"No Accident Factor, No Collision Stated (based on Police Blotter Book), 0.0 drivers_injured, 0.0 drivers_killed, 0.0 passengers_injured, 0.0 passengers_killed, 0.0 pedestrian_injured, 0.0 pedestrian_killed, Fair (Day), EDSA Park Ave.  Pasay",MMDA Road Safety Unit,,0ee128ba-3577-4894-8f76-1726cf3b7a93,2016-05-18,22:30:00,EDSA Taft Rotonda (NB) Pasay,0,0,0,0,0,0,0,0,0,0,2016-05-19 6:30,Property,14.53774622,120.9982843,No Collision Stated
None,EDSA,None,None,"No Accident Factor, No Collision Stated (based on Police Blotter Book), 0.0 drivers_injured, 0.0 drivers_killed, 0.0 passengers_injured, 0.0 passengers_killed, 0.0 pedestrian_injured, 0.0 pedestrian_killed, Fair (Night), EDSA Fire House Pasay",MMDA Road Safety Unit,,c40fe02e-aa91-4373-8c83-2b384b1b24b5,2016-05-18,18:30:00,"EDSA ""U"" turn slot, P. Celle St.  Pasay",0,0,0,0,0,0,0,0,0,0,2016-05-19 2:30,Property,14.5383638,121.0065397,No Collision Stated
None,EDSA,None,None,"No Accident Factor, No Collision Stated (based on Police Blotter Book), 0.0 drivers_injured, 0.0 drivers_killed, 0.0 passengers_injured, 0.0 passengers_killed, 0.0 pedestrian_injured, 0.0 pedestrian_killed, Fair (Day), EDSA Roxas Blvd. Pasay",MMDA Road Safety Unit,,da6e79a5-9a4d-44b1-a271-342fe53fa6af,2016-05-18,01:50:00,EDSA Roxas Blvd. Pasay,0,0,0,0,0,0,0,0,0,0,2016-05-18 9:50,Property,14.53725136,120.9928775,No Collision Stated
None,EDSA,None,None,"No Accident Factor, No Collision Stated (based on Police Blotter Book), 0.0 drivers_injured, 0.0 drivers_killed, 0.0 passengers_injured, 0.0 passengers_killed, 0.0 pedestrian_injured, 0.0 pedestrian_killed, Fair (Day), EDSA Taft Ave. Pasay",MMDA Road Safety Unit,,fe795493-c796-4272-8d81-f216901ab723,2016-05-18,01:45:00,EDSA Macapagal (SB) Pasay,0,0,0,0,0,0,0,0,0,0,2016-05-18 9:45,Property,14.53775951,121.0007229,No Collision Stated
None,EDSA,None,None,"No Accident Factor, No Collision Stated (based on Police Blotter Book), 0.0 drivers_injured, 0.0 drivers_killed, 0.0 passengers_injured, 0.0 passengers_killed, 0.0 pedestrian_injured, 0.0 pedestrian_killed, Fair (Night), EDSA Taft Ave. Pasay",MMDA Road Safety Unit,,ddc05984-bb0e-451e-80d0-392f8b0538ee,2016-05-17,11:00:00,EDSA Taft Ave. Pasay,0,0,0,0,0,0,0,0,0,0,2016-05-17 19:00,Property,14.53775951,121.0007229,No Collision Stated
None,EDSA,None,None,"No Accident Factor, No Collision Stated (based on Police Blotter Book), 0.0 drivers_injured, 0.0 drivers_killed, 0.0 passengers_injured, 0.0 passengers_killed, 0.0 pedestrian_injured, 0.0 pedestrian_killed, Fair (Night), EDSA Savemore Hypermarket Pasay",MMDA Road Safety Unit,,e88d9e2f-bad4-4ef6-aa20-69930a56c27f,2016-05-17,10:30:00,EDSA Taft Ave. Pasay,0,0,0,0,0,0,0,0,0,0,2016-05-17 18:30,Property,14.53773852,120.9993152,No Collision Stated
None,EDSA,None,None,"No Accident Factor, No Collision Stated (based on Police Blotter Book), 0.0 drivers_injured, 0.0 drivers_killed, 0.0 passengers_injured, 0.0 passengers_killed, 0.0 pedestrian_injured, 0.0 pedestrian_killed, Fair (Day), EDSA Heritage Hotel  Pasay",MMDA Road Safety Unit,,0149ca01-8e3b-4377-a782-6104b43a1b86,2016-05-17,06:30:00,EDSA P. Celle St.  Pasay,0,0,0,0,0,0,0,0,0,0,2016-05-17 14:30,Property,14.53721957,120.9935015,No Collision Stated
None,EDSA,None,None,"No Accident Factor, No Collision Stated (based on Police Blotter Book), 0.0 drivers_injured, 0.0 drivers_killed, 0.0 passengers_injured, 0.0 passengers_killed, 0.0 pedestrian_injured, 0.0 pedestrian_killed, Fair (Day), EDSA Roxas Blvd. Pasay",MMDA Road Safety Unit,,624af0d0-533a-49a1-879a-3a22b28ba680,2016-05-17,03:30:00,EDSA Roxas Blvd. Pasay,0,0,0,0,0,0,0,0,0,0,2016-05-17 11:30,Property,14.53725136,120.9928775,No Collision Stated
None,EDSA,None,None,"No Accident Factor, No Collision Stated (based on Police Blotter Book), 0.0 drivers_injured, 0.0 drivers_killed, 0.0 passengers_injured, 0.0 passengers_killed, 0.0 pedestrian_injured, 0.0 pedestrian_killed, Fair (Day), EDSA Macapagal Blvd. Pasay",MMDA Road Safety Unit,,d3def895-10f8-4f5d-948e-d7cc9572bb26,2016-05-17,01:30:00,EDSA Roxas Blvd. Pasay,0,0,0,0,0,0,0,0,0,0,2016-05-17 9:30,Property,14.53636061,120.9889709,No Collision Stated
None,EDSA,None,None,"No Accident Factor, Rear-end, 0.0 drivers_injured, 0.0 drivers_killed, 0.0 passengers_injured, 0.0 passengers_killed, 0.0 pedestrian_injured, 0.0 pedestrian_killed, Fair (Day), EDSA Taft Rotonda (NB) Pasay",MMDA Road Safety Unit,,245f9995-ffc8-4dff-afdb-0349edb99e04,2016-05-16,22:20:00,EDSA Macapagal Blvd. Pasay,0,0,0,0,0,0,0,0,0,0,2016-05-17 6:20,Property,14.53775951,121.0007229,Rear-End
None,EDSA,None,None,"No Accident Factor, No Collision Stated (based on Police Blotter Book), 0.0 drivers_injured, 0.0 drivers_killed, 2.0 passengers_injured, 0.0 passengers_killed, 0.0 pedestrian_injured, 0.0 pedestrian_killed, Fair (Night), EDSA ""U"" turn slot, P. Celle St.  Pasay",MMDA Road Safety Unit,,6eca5e1e-fa88-4d9c-ba9f-ae220d80b14d,2016-05-16,19:30:00,EDSA Tramo (SB) Pasay,0,0,0,0,2,0,0,0,0,2,2016-05-17 3:30,Injury,14.53777151,120.9974946,No Collision Stated
None,EDSA,None,None,"No Accident Factor, No Collision Stated (based on Police Blotter Book), 0.0 drivers_injured, 0.0 drivers_killed, 0.0 passengers_injured, 0.0 passengers_killed, 0.0 pedestrian_injured, 0.0 pedestrian_killed, Fair (Day), EDSA Roxas Blvd. Pasay",MMDA Road Safety Unit,,5baf5f7c-f5e1-4172-928b-4af092a88c95,2016-05-15,08:00:00,EDSA Roxas Boulevard Pasay,0,0,0,0,0,0,0,0,0,0,2016-05-15 16:00,Property,14.53725136,120.9928775,No Collision Stated