LOCATION_TEXT,ROAD,WEATHER,LIGHT,DESC,REPORTING_AGENCY,MAIN_CAUSE,INCIDENTDETAILS_ID,DATE_UTC,TIME_UTC,ADDRESS,killed_driver,killed_passenger,killed_pedestrian,injured_driver,injured_passenger,injured_pedestrian,killed_uncategorized,injured_uncategorized,killed_total,injured_total,DATETIME_PST,SEVERITY,Y,X,COLLISION_TYPE
None,EDSA,None,None,"No Accident Factor, Rear-end, 0.0 drivers_injured, 0.0 drivers_killed, 0.0 passengers_injured, 0.0 passengers_killed, 0.0 pedestrian_injured, 0.0 pedestrian_killed, Fair (Day), EDSA Macapagal (SB) Pasay",MMDA Road Safety Unit,,e1397f3c-174e-47c2-91af-25bbe099cb4d,2016-05-15,07:25:00,EDSA Aurora Blvd. Pasay,0,0,0,0,0,0,0,0,0,0,2016-05-15 15:25,Property,14.53636061,120.9889709,Rear-End
None,EDSA,None,None,"No Accident Factor, No Collision Stated (based on Police Blotter Book), 0.0 drivers_injured, 0.0 drivers_killed, 0.0 passengers_injured, 0.0 passengers_killed, 0.0 pedestrian_injured, 0.0 pedestrian_killed, Fair (Day), EDSA Taft Ave. Pasay",MMDA Road Safety Unit,,5bec5567-710e-40fe-bd34-62f3ba25f96d,2016-05-15,03:35:00,EDSA Roxas Boulevard Pasay,0,0,0,0,0,0,0,0,0,0,2016-05-15 11:35,Property,14.53775951,121.0007229,No Collision Stated
None,EDSA,None,None,"No Accident Factor, No Collision Stated (based on Police Blotter Book), 0.0 drivers_injured, 0.0 drivers_killed, 0.0 passengers_injured, 0.0 passengers_killed, 0.0 pedestrian_injured, 0.0 pedestrian_killed, Fair (Day), EDSA Taft Ave. Pasay",MMDA Road Safety Unit,,d076ea7c-c23a-4a14-8883-17ee61dfbb3d,2016-05-15,03:30:00,EDSA Taft Rotonda (SB) Pasay,0,0,0,0,0,0,0,0,0,0,2016-05-15 11:30,Property,14.53775951,121.0007229,No Collision Stated
None,EDSA,None,None,"No Accident Factor, Rear-end, 0.0 drivers_injured, 0.0 drivers_killed, 0.0 passengers_injured, 0.0 passengers_killed, 0.0 pedestrian_injured, 0.0 pedestrian_killed, Fair (Day), EDSA P. Celle St.  Pasay",MMDA Road Safety Unit,,0bc6a03b-dd8a-4293-aa56-0ee740deb9bc,2016-05-15,02:30:00,EDSA Copacabana U Turn Slot Pasay,0,0,0,0,0,0,0,0,0,0,2016-05-15 10:30,Property,14.53789911,120.9974276,Rear-End
None,EDSA,None,None,"No Accident Factor, No Collision Stated (based on Police Blotter Book), 0.0 drivers_injured, 0.0 drivers_killed, 0.0 passengers_injured, 0.0 passengers_killed, 0.0 pedestrian_injured, 0.0 pedestrian_killed, Fair (Day), EDSA Roxas Blvd. Pasay",MMDA Road Safety Unit,,08193847-5d96-4976-9285-5e77968e42bb,2016-05-14,04:00:00,EDSA Tramo Street Pasay,0,0,0,0,0,0,0,0,0,0,2016-05-14 12:00,Property,14.53725136,120.9928775,No Collision Stated
None,EDSA,None,None,"No Accident Factor, Side Swipe, 0.0 drivers_injured, 0.0 drivers_killed, 0.0 passengers_injured, 0.0 passengers_killed, 0.0 pedestrian_injured, 0.0 pedestrian_killed, Fair (Day), EDSA Roxas Blvd. Pasay",MMDA Road Safety Unit,,d43717cc-5904-408d-aab4-1ed3ff0770ae,2016-05-14,02:00:00,EDSA Double Dragon Plaza Pasay,0,0,0,0,0,0,0,0,0,0,2016-05-14 10:00,Property,14.53725136,120.9928775,Side Swipe
None,EDSA,None,None,"No Accident Factor, Rear-end, 0.0 drivers_injured, 0.0 drivers_killed, 0.0 passengers_injured, 0.0 passengers_killed, 0.0 pedestrian_injured, 0.0 pedestrian_killed, Fair (Day), EDSA Macapagal Blvd. Pasay",MMDA Road Safety Unit,,090eb0c5-cd73-410a-a03e-ab17712aff10,2016-05-14,00:30:00,EDSA Macapagal Blvd. Pasay,0,0,0,0,0,0,0,0,0,0,2016-05-14 8:30,Property,14.53636061,120.9889709,Rear-End
None,EDSA,None,None,"No Accident Factor, Multiple Collision, 0.0 drivers_injured, 0.0 drivers_killed, 0.0 passengers_injured, 0.0 passengers_killed, 0.0 pedestrian_injured, 0.0 pedestrian_killed, Fair (Day), EDSA Tramo (SB) Pasay",MMDA Road Safety Unit,,162a7da9-7bd9-4fc0-848e-32e26639f547,2016-05-12,02:30:00,EDSA F. B. Harrison St. Pasay,0,0,0,0,0,0,0,0,0,0,2016-05-12 10:30,Property,14.53790544,121.0032547,Multiple
None,EDSA,None,None,"No Accident Factor, Rear-end, 0.0 drivers_injured, 0.0 drivers_killed, 0.0 passengers_injured, 0.0 passengers_killed, 0.0 pedestrian_injured, 0.0 pedestrian_killed, Fair (Day), EDSA Roxas Boulevard Pasay",MMDA Road Safety Unit,,f9cda782-83a1-451e-b302-a3d0b198c052,2016-05-12,02:30:00,EDSA Apelo Cruz Street Pasay,0,0,0,0,0,0,0,0,0,0,2016-05-12 10:30,Property,14.53725136,120.9928775,Rear-End
None,EDSA,None,None,"No Accident Factor, Side Swipe, 0.0 drivers_injured, 0.0 drivers_killed, 0.0 passengers_injured, 0.0 passengers_killed, 0.0 pedestrian_injured, 0.0 pedestrian_killed, Fair (Day), EDSA Aurora Blvd. Pasay",MMDA Road Safety Unit,,7768bf8d-b0a2-49ff-85cb-f23a82982eac,2016-05-11,01:00:00,EDSA Macapagal Blvd. Pasay,0,0,0,0,0,0,0,0,0,0,2016-05-11 9:00,Property,14.53779864,121.0033477,Side Swipe
None,EDSA,None,None,"No Accident Factor, No Collision Stated (based on Police Blotter Book), 0.0 drivers_injured, 0.0 drivers_killed, 0.0 passengers_injured, 0.0 passengers_killed, 0.0 pedestrian_injured, 0.0 pedestrian_killed, Fair (Night), EDSA Roxas Boulevard Pasay",MMDA Road Safety Unit,,73afce6d-2636-40a8-a4e6-0149e3f973e0,2016-05-10,21:45:00,EDSA Roxas Boulevard Pasay,0,0,0,0,0,0,0,0,0,0,2016-05-11 5:45,Property,14.53725136,120.9928775,No Collision Stated
None,EDSA,None,None,"No Accident Factor, Side Swipe, 0.0 drivers_injured, 0.0 drivers_killed, 0.0 passengers_injured, 0.0 passengers_killed, 0.0 pedestrian_injured, 0.0 pedestrian_killed, Fair (Night), EDSA Taft Rotonda (SB) Pasay",MMDA Road Safety Unit,,b7882acb-a47c-4cb5-90d9-4bfae65eb11d,2016-05-10,15:35:00,EDSA Zamora (SB) Pasay,0,0,0,0,0,0,0,0,0,0,2016-05-10 23:35,Property,14.53775951,121.0007229,Side Swipe
None,EDSA,None,None,"No Accident Factor, Rear-end, 1.0 drivers_injured, 0.0 drivers_killed, 0.0 passengers_injured, 0.0 passengers_killed, 0.0 pedestrian_injured, 0.0 pedestrian_killed, Fair (Day), EDSA Copacabana U Turn Slot Pasay",MMDA Road Safety Unit,,16b6676c-1cf8-44ef-a0a9-9e501f0b96e7,2016-05-09,23:30:00,EDSA Tramo (SB) Pasay,0,0,0,1,0,0,0,0,0,1,2016-05-10 7:30,Injury,14.53747529,120.9943264,Rear-End
None,EDSA,None,None,"No Accident Factor, Hit and Run (Side Swipe), 0.0 drivers_injured, 0.0 drivers_killed, 0.0 passengers_injured, 0.0 passengers_killed, 0.0 pedestrian_injured, 0.0 pedestrian_killed, Fair (Night), EDSA Tramo Street Pasay",MMDA Road Safety Unit,,bd41b148-8c75-4267-8717-fae9b8f484b8,2016-05-09,13:00:00,EDSA Roxas Blvd. Pasay,0,0,0,0,0,0,0,0,0,0,2016-05-09 21:00,Property,14.53790544,121.0032547,Side Swipe
None,EDSA,None,None,"No Accident Factor, No Collision Stated (based on Police Blotter Book), 0.0 drivers_injured, 0.0 drivers_killed, 0.0 passengers_injured, 0.0 passengers_killed, 0.0 pedestrian_injured, 0.0 pedestrian_killed, Fair (Night), EDSA Double Dragon Plaza Pasay",MMDA Road Safety Unit,,b1affbfb-5db1-4bea-9127-973674a19273,2016-05-09,10:10:00,EDSA Roxas Boulevard Pasay,0,0,0,0,0,0,0,0,0,0,2016-05-09 18:10,Property,14.53653508,120.990469,No Collision Stated
None,EDSA,None,None,"No Accident Factor, No Collision Stated (based on Police Blotter Book), 0.0 drivers_injured, 0.0 drivers_killed, 0.0 passengers_injured, 0.0 passengers_killed, 0.0 pedestrian_injured, 0.0 pedestrian_killed, Fair (Day), EDSA Macapagal Blvd. Pasay",MMDA Road Safety Unit,,eadaee71-b319-48f7-bf59-c9313e262db4,2016-05-09,08:00:00,EDSA Roxas Boulevard Pasay,0,0,0,0,0,0,0,0,0,0,2016-05-09 16:00,Property,14.53636061,120.9889709,No Collision Stated
None,EDSA,None,None,"No Accident Factor, Hit Object (Center Island), 0.0 drivers_injured, 0.0 drivers_killed, 0.0 passengers_injured, 0.0 passengers_killed, 0.0 pedestrian_injured, 0.0 pedestrian_killed, Fair (Night), EDSA F. B. Harrison St. Pasay",MMDA Road Safety Unit,,cea60017-86c5-4252-9382-ca55c9dc3991,2016-05-08,21:15:00,EDSA Heritage Hotel Pasay,0,0,0,0,0,0,0,0,0,0,2016-05-09 5:15,Property,14.5378679,120.9956516,Hit Object
None,EDSA,None,None,"No Accident Factor, Hit Parked Vehicle, 0.0 drivers_injured, 0.0 drivers_killed, 0.0 passengers_injured, 0.0 passengers_killed, 0.0 pedestrian_injured, 0.0 pedestrian_killed, Fair (Day), EDSA Apelo Cruz Street Pasay",MMDA Road Safety Unit,,c9132c83-9d4e-4e7a-a6a9-0e44c1511c7e,2016-05-08,03:30:00,EDSA Heritage Hotel Pasay,0,0,0,0,0,0,0,0,0,0,2016-05-08 11:30,Property,14.53789637,121.0046152,Hit Object
None,EDSA,None,None,"No Accident Factor, Side Swipe, 0.0 drivers_injured, 0.0 drivers_killed, 0.0 passengers_injured, 0.0 passengers_killed, 0.0 pedestrian_injured, 0.0 pedestrian_killed, Fair (Night), EDSA Macapagal Blvd. Pasay",MMDA Road Safety Unit,,f59a5f05-0703-4304-b9ee-8cd658ea4984,2016-05-07,14:00:00,EDSA Taft Avenue (EB) Pasay,0,0,0,0,0,0,0,0,0,0,2016-05-07 22:00,Property,14.53636061,120.9889709,Side Swipe
None,EDSA,None,None,"No Accident Factor, Side Swipe, 0.0 drivers_injured, 0.0 drivers_killed, 0.0 passengers_injured, 0.0 passengers_killed, 0.0 pedestrian_injured, 0.0 pedestrian_killed, Fair (Night), EDSA Roxas Boulevard Pasay",MMDA Road Safety Unit,,99c9cccd-521d-42b0-8eb7-778432ac0d2a,2016-05-07,12:40:00,EDSA Apelo Cruz (NB) Pasay,0,0,0,0,0,0,0,0,0,0,2016-05-07 20:40,Property,14.53725136,120.9928775,Side Swipe
None,EDSA,None,None,"No Accident Factor, No Collision Stated (based on Police Blotter Book), 1.0 drivers_injured, 0.0 drivers_killed, 0.0 passengers_injured, 0.0 passengers_killed, 0.0 pedestrian_injured, 0.0 pedestrian_killed, Fair (Day), EDSA Zamora (SB) Pasay",MMDA Road Safety Unit,,8aea94d2-4ed2-4abb-9186-c5f391a8a1aa,2016-05-07,08:25:00,EDSA F. B. Harrison St. Pasay,0,0,0,1,0,0,0,0,0,1,2016-05-07 16:25,Injury,14.537724,121.0013108,No Collision Stated
None,EDSA,None,None,"No Accident Factor, Side Swipe, 0.0 drivers_injured, 0.0 drivers_killed, 0.0 passengers_injured, 0.0 passengers_killed, 0.0 pedestrian_injured, 0.0 pedestrian_killed, Fair (Night), EDSA Tramo (SB) Pasay",MMDA Road Safety Unit,,468965d3-feec-4231-bceb-ccbc3bb87fd0,2016-05-06,14:25:00,EDSA C. Jose St.  Pasay,0,0,0,0,0,0,0,0,0,0,2016-05-06 22:25,Property,14.53790544,121.0032547,Side Swipe
None,EDSA,None,None,"No Accident Factor, No Collision Stated (based on Police Blotter Book), 0.0 drivers_injured, 0.0 drivers_killed, 0.0 passengers_injured, 0.0 passengers_killed, 0.0 pedestrian_injured, 0.0 pedestrian_killed, Fair (Day), EDSA Roxas Blvd. Pasay",MMDA Road Safety Unit,,9dd60be3-5af1-4d44-8bf5-c04b58a92c91,2016-05-06,03:25:00,EDSA Disodado Macapagal Boulevard Pasay,0,0,0,0,0,0,0,0,0,0,2016-05-06 11:25,Property,14.53725136,120.9928775,No Collision Stated
None,EDSA,None,None,"No Accident Factor, No Collision Stated (based on Police Blotter Book), 0.0 drivers_injured, 0.0 drivers_killed, 0.0 passengers_injured, 0.0 passengers_killed, 0.0 pedestrian_injured, 0.0 pedestrian_killed, Fair (Night), EDSA Roxas Boulevard Pasay",MMDA Road Safety Unit,,b18cb774-bdba-481c-b705-0a37867df03c,2016-05-05,15:00:00,EDSA Taft Ave. Pasay,0,0,0,0,0,0,0,0,0,0,2016-05-05 23:00,Property,14.53725136,120.9928775,No Collision Stated
None,EDSA,None,None,"No Accident Factor, No Collision Stated (based on Police Blotter Book), 0.0 drivers_injured, 0.0 drivers_killed, 0.0 passengers_injured, 0.0 passengers_killed, 0.0 pedestrian_injured, 0.0 pedestrian_killed, Fair (Night), EDSA Roxas Boulevard Pasay",MMDA Road Safety Unit,,21a36744-0e0e-48b5-b3a9-f545144ee89c,2016-05-05,12:30:00,EDSA Taft Ave. Pasay,0,0,0,0,0,0,0,0,0,0,2016-05-05 20:30,Property,14.53725136,120.9928775,No Collision Stated
None,EDSA,None,None,"No Accident Factor, No Collision Stated (based on Police Blotter Book), 0.0 drivers_injured, 0.0 drivers_killed, 0.0 passengers_injured, 0.0 passengers_killed, 0.0 pedestrian_injured, 0.0 pedestrian_killed, Fair (Day), EDSA Heritage Hotel Pasay",MMDA Road Safety Unit,,49f880b6-aaa0-48b0-b03c-881ec0e89c54,2016-05-05,04:00:00,EDSA Apello Cruz St.  Pasay,0,0,0,0,0,0,0,0,0,0,2016-05-05 12:00,Property,14.53721957,120.9935015,No Collision Stated
None,EDSA,None,None,"No Accident Factor, No Collision Stated (based on Police Blotter Book), 0.0 drivers_injured, 0.0 drivers_killed, 0.0 passengers_injured, 0.0 passengers_killed, 0.0 pedestrian_injured, 0.0 pedestrian_killed, Fair (Day), EDSA Heritage Hotel Pasay",MMDA Road Safety Unit,,0f572afa-ae2c-47a7-b230-e6ac1f7a254c,2016-05-05,03:40:00,EDSA Macapagal Blvd. Pasay,0,0,0,0,0,0,0,0,0,0,2016-05-05 11:40,Property,14.53721957,120.9935015,No Collision Stated
None,EDSA,None,None,"No Accident Factor, No Collision Stated (based on Police Blotter Book), 0.0 drivers_injured, 0.0 drivers_killed, 0.0 passengers_injured, 0.0 passengers_killed, 0.0 pedestrian_injured, 0.0 pedestrian_killed, Fair (Day), EDSA Taft Avenue (EB) Pasay",MMDA Road Safety Unit,,387d83ce-3baa-4e85-ac65-8449c4bcbcc5,2016-05-05,03:00:00,EDSA Roxas Blvd. (Shell Gas Station) Pasay,0,0,0,0,0,0,0,0,0,0,2016-05-05 11:00,Property,14.53775951,121.0007229,No Collision Stated
None,EDSA,None,None,"No Accident Factor, Rear-end, 0.0 drivers_injured, 0.0 drivers_killed, 0.0 passengers_injured, 0.0 passengers_killed, 0.0 pedestrian_injured, 0.0 pedestrian_killed, Fair (Day), EDSA Apelo Cruz (NB) Pasay",MMDA Road Safety Unit,,9a75c2ea-7d82-4d57-87ed-b70cd7b96dd5,2016-05-05,02:45:00,EDSA Tramo St.  Pasay,0,0,0,0,0,0,0,0,0,0,2016-05-05 10:45,Property,14.53789637,121.0046152,Rear-End
None,EDSA,None,None,"No Accident Factor, No Collision Stated (based on Police Blotter Book), 0.0 drivers_injured, 0.0 drivers_killed, 0.0 passengers_injured, 0.0 passengers_killed, 0.0 pedestrian_injured, 0.0 pedestrian_killed, Fair (Day), EDSA F. B. Harrison St. Pasay",MMDA Road Safety Unit,,93bff46b-4162-415b-bede-01ff5eab5bdd,2016-05-05,00:45:00,EDSA Heritage Hotel  Pasay,0,0,0,0,0,0,0,0,0,0,2016-05-05 8:45,Property,14.5378679,120.9956516,No Collision Stated
None,EDSA,None,None,"No Accident Factor, No Collision Stated (based on Police Blotter Book), 1.0 drivers_injured, 0.0 drivers_killed, 0.0 passengers_injured, 0.0 passengers_killed, 0.0 pedestrian_injured, 0.0 pedestrian_killed, Fair (Night), EDSA C. Jose St.  Pasay",MMDA Road Safety Unit,,006fa3de-c976-4cfa-b5ed-a3d16d3a0adc,2016-05-04,14:00:00,EDSA SM MOA Circle Pasay,0,0,0,1,0,0,0,0,0,1,2016-05-04 22:00,Injury,14.53873461,121.0107828,No Collision Stated
None,EDSA,None,None,"No Accident Factor, No Collision Stated (based on Police Blotter Book), 0.0 drivers_injured, 0.0 drivers_killed, 1.0 passengers_injured, 0.0 passengers_killed, 0.0 pedestrian_injured, 0.0 pedestrian_killed, Fair (Night), EDSA Disodado Macapagal Boulevard Pasay",MMDA Road Safety Unit,,2f7025be-d709-40d6-a985-1ac836cdfb2f,2016-05-04,12:00:00,EDSA Roxas Blvd. Pasay,0,0,0,0,1,0,0,0,0,1,2016-05-04 20:00,Injury,14.536143,120.9887488,No Collision Stated
None,EDSA,None,None,"No Accident Factor, No Collision Stated (based on Police Blotter Book), 0.0 drivers_injured, 0.0 drivers_killed, 0.0 passengers_injured, 0.0 passengers_killed, 0.0 pedestrian_injured, 0.0 pedestrian_killed, Fair (Day), EDSA Taft Ave. Pasay",MMDA Road Safety Unit,,e76a2642-2728-4f52-b152-e821a735af8b,2016-05-03,23:45:00,EDSA E. Rodriguez St.  Pasay,0,0,0,0,0,0,0,0,0,0,2016-05-04 7:45,Property,14.53775951,121.0007229,No Collision Stated
None,EDSA,None,None,"No Accident Factor, No Collision Stated (based on Police Blotter Book), 0.0 drivers_injured, 0.0 drivers_killed, 0.0 passengers_injured, 0.0 passengers_killed, 0.0 pedestrian_injured, 0.0 pedestrian_killed, Fair (Day), EDSA Taft Ave. Pasay",MMDA Road Safety Unit,,a884d154-8a5a-48e2-8621-ffbbbedfe76f,2016-05-03,23:25:00,EDSA Taft Ave. Pasay,0,0,0,0,0,0,0,0,0,0,2016-05-04 7:25,Property,14.53775951,121.0007229,No Collision Stated
None,EDSA,None,None,"No Accident Factor, Angle Impact, 0.0 drivers_injured, 0.0 drivers_killed, 0.0 passengers_injured, 0.0 passengers_killed, 0.0 pedestrian_injured, 0.0 pedestrian_killed, Fair (Night), EDSA Apello Cruz St.  Pasay",MMDA Road Safety Unit,,8b83fbba-0ae9-4c40-975e-7db4a911dac2,2016-05-03,12:40:00,EDSA Taft Ave. Pasay,0,0,0,0,0,0,0,0,0,0,2016-05-03 20:40,Property,14.53789637,121.0046152,Angle Impact
None,EDSA,None,None,"No Accident Factor, No Collision Stated (based on Police Blotter Book), 0.0 drivers_injured, 0.0 drivers_killed, 0.0 passengers_injured, 0.0 passengers_killed, 0.0 pedestrian_injured, 0.0 pedestrian_killed, Fair (Day), EDSA Macapagal Blvd. Pasay",MMDA Road Safety Unit,,0796c610-1a61-499a-a94a-2ca11e0046a6,2016-05-03,07:45:00,EDSA Roxas Blvd. Pasay,0,0,0,0,0,0,0,0,0,0,2016-05-03 15:45,Property,14.53636061,120.9889709,No Collision Stated
None,EDSA,None,None,"No Accident Factor, No Collision Stated (based on Police Blotter Book), 0.0 drivers_injured, 0.0 drivers_killed, 0.0 passengers_injured, 0.0 passengers_killed, 0.0 pedestrian_injured, 0.0 pedestrian_killed, Fair (Day), EDSA Roxas Blvd. (Shell Gas Station) Pasay",MMDA Road Safety Unit,,0094f036-31ae-4fcd-8e60-19d3b6e6dca5,2016-05-03,03:30:00,EDSA Roxas Blvd. Pasay,0,0,0,0,0,0,0,0,0,0,2016-05-03 11:30,Property,14.53725136,120.9928775,No Collision Stated
None,EDSA,None,None,"No Accident Factor, No Collision Stated (based on Police Blotter Book), 0.0 drivers_injured, 0.0 drivers_killed, 0.0 passengers_injured, 0.0 passengers_killed, 0.0 pedestrian_injured, 0.0 pedestrian_killed, Fair (Day), EDSA Tramo St.  Pasay",MMDA Road Safety Unit,,17e2150a-6e81-4659-81b6-5eeb939d854e,2016-05-03,03:00:00,EDSA F. B. Harrison St. Pasay,0,0,0,0,0,0,0,0,0,0,2016-05-03 11:00,Property,14.53790544,121.0032547,No Collision Stated
None,EDSA,None,None,"No Accident Factor, No Collision Stated (based on Police Blotter Book), 0.0 drivers_injured, 0.0 drivers_killed, 0.0 passengers_injured, 0.0 passengers_killed, 0.0 pedestrian_injured, 0.0 pedestrian_killed, Fair (Day), EDSA Heritage Hotel  Pasay",MMDA Road Safety Unit,,d6ce1701-2939-48b0-94a4-c8e7cb56f99f,2016-05-02,04:30:00,EDSA Roxas Blvd. Pasay,0,0,0,0,0,0,0,0,0,0,2016-05-02 12:30,Property,14.53721957,120.9935015,No Collision Stated
None,EDSA,None,None,"No Accident Factor, No Collision Stated (based on Police Blotter Book), 0.0 drivers_injured, 0.0 drivers_killed, 0.0 passengers_injured, 0.0 passengers_killed, 0.0 pedestrian_injured, 0.0 pedestrian_killed, Fair (Day), EDSA SM MOA Circle Pasay",MMDA Road Safety Unit,,97bbbb54-e4a2-4110-be31-90582cfe5d09,2016-05-02,03:10:00,EDSA Macapagal Blvd. Pasay,0,0,0,0,0,0,0,0,0,0,2016-05-02 11:10,Property,14.53556259,120.9848215,No Collision Stated
None,EDSA,None,None,"No Accident Factor, Side Swipe, 0.0 drivers_injured, 0.0 drivers_killed, 0.0 passengers_injured, 0.0 passengers_killed, 0.0 pedestrian_injured, 0.0 pedestrian_killed, Fair (Day), EDSA Roxas Blvd. Pasay",MMDA Road Safety Unit,,1cb5f4d9-2e6a-4e93-8b30-f84434f3141a,2016-05-01,22:50:00,EDSA Taft Ave. Pasay,0,0,0,0,0,0,0,0,0,0,2016-05-02 6:50,Property,14.53725136,120.9928775,Side Swipe
None,EDSA,None,None,"No Accident Factor, Angle Impact, 1.0 drivers_injured, 0.0 drivers_killed, 0.0 passengers_injured, 0.0 passengers_killed, 0.0 pedestrian_injured, 0.0 pedestrian_killed, Fair (Night), EDSA E. Rodriguez St.  Pasay",MMDA Road Safety Unit,,d3974788-3819-4642-8b49-18b0bbe5f8ca,2016-05-01,15:20:00,EDSA Taft Ave. Pasay,0,0,0,1,0,0,0,0,0,1,2016-05-01 23:20,Injury,14.53836867,121.0085613,Angle Impact
None,EDSA,None,None,"No Accident Factor, No Collision Stated (based on Police Blotter Book), 0.0 drivers_injured, 0.0 drivers_killed, 0.0 passengers_injured, 0.0 passengers_killed, 0.0 pedestrian_injured, 0.0 pedestrian_killed, Fair (Day), EDSA Taft Ave. Pasay",MMDA Road Safety Unit,,457342b7-204c-4c95-be44-565f2bcd71f8,2016-05-01,05:45:00,EDSA Taft Ave. Pasay,0,0,0,0,0,0,0,0,0,0,2016-05-01 13:45,Property,14.53775951,121.0007229,No Collision Stated
None,EDSA,None,None,"No Accident Factor, No Collision Stated (based on Police Blotter Book), 0.0 drivers_injured, 0.0 drivers_killed, 0.0 passengers_injured, 0.0 passengers_killed, 0.0 pedestrian_injured, 0.0 pedestrian_killed, Fair (Day), EDSA Taft Ave. Pasay",MMDA Road Safety Unit,,03706dce-f945-4f02-bc38-e610cc0ae1e2,2016-05-01,02:50:00,EDSA Roxas Blvd. Pasay,0,0,0,0,0,0,0,0,0,0,2016-05-01 10:50,Property,14.53775951,121.0007229,No Collision Stated
None,EDSA,None,None,"No Accident Factor, No Collision Stated (based on Police Blotter Book), 1.0 drivers_injured, 0.0 drivers_killed, 0.0 passengers_injured, 0.0 passengers_killed, 0.0 pedestrian_injured, 0.0 pedestrian_killed, Fair (Night), EDSA Roxas Blvd. Pasay",MMDA Road Safety Unit,,3643333d-2dc9-4348-aefa-0af9b33cc586,2016-04-30,10:00:00,"EDSA ""U"" turn slot, Heritage Hotel Pasay",0,0,0,1,0,0,0,0,0,1,2016-04-30 18:00,Injury,14.53725136,120.9928775,No Collision Stated
None,EDSA,None,None,"No Accident Factor, Side Swipe, 0.0 drivers_injured, 0.0 drivers_killed, 0.0 passengers_injured, 0.0 passengers_killed, 0.0 pedestrian_injured, 0.0 pedestrian_killed, Fair (Day), EDSA Roxas Blvd. Pasay",MMDA Road Safety Unit,,e9bab61c-8a58-4fa5-8c5a-0af753a858dd,2016-04-30,00:15:00,EDSA Tramo St.  Pasay,0,0,0,0,0,0,0,0,0,0,2016-04-30 8:15,Property,14.53725136,120.9928775,Side Swipe
None,EDSA,None,None,"No Accident Factor, Hit Object (Arch), 0.0 drivers_injured, 0.0 drivers_killed, 0.0 passengers_injured, 0.0 passengers_killed, 0.0 pedestrian_injured, 0.0 pedestrian_killed, Fair (Night), EDSA F. B. Harrison St. Pasay",MMDA Road Safety Unit,,de0841d7-dd05-4778-adfb-5ba388e6aa65,2016-04-28,13:45:00,EDSA Macapagal Blvd. Pasay,0,0,0,0,0,0,0,0,0,0,2016-04-28 21:45,Property,14.5378679,120.9956516,Hit Object
None,EDSA,None,None,"No Accident Factor, Side Swipe, 0.0 drivers_injured, 0.0 drivers_killed, 0.0 passengers_injured, 0.0 passengers_killed, 0.0 pedestrian_injured, 0.0 pedestrian_killed, Fair (Night), EDSA Roxas Blvd. Pasay",MMDA Road Safety Unit,,73dca78c-2d14-46c7-836c-32f9005715f8,2016-04-27,10:00:00,EDSA Roxas Blvd. Pasay,0,0,0,0,0,0,0,0,0,0,2016-04-27 18:00,Property,14.53725136,120.9928775,Side Swipe
None,EDSA,None,None,"No Accident Factor, No Collision Stated (based on Police Blotter Book), 1.0 drivers_injured, 0.0 drivers_killed, 0.0 passengers_injured, 0.0 passengers_killed, 0.0 pedestrian_injured, 0.0 pedestrian_killed, Fair (Night), EDSA Macapagal Blvd. Pasay",MMDA Road Safety Unit,,3508f151-3df2-4244-9ece-b652bb65a10c,2016-04-26,21:00:00,EDSA Taft Ave. Pasay,0,0,0,1,0,0,0,0,0,1,2016-04-27 5:00,Injury,14.53636061,120.9889709,No Collision Stated
None,EDSA,None,None,"No Accident Factor, Side Swipe, 0.0 drivers_injured, 0.0 drivers_killed, 0.0 passengers_injured, 0.0 passengers_killed, 0.0 pedestrian_injured, 0.0 pedestrian_killed, Fair (Day), EDSA Taft Ave. Pasay",MMDA Road Safety Unit,,3247512f-09e1-44c0-b83d-40679f088f4b,2016-04-26,06:00:00,EDSA Macapagal Blvd. Pasay,0,0,0,0,0,0,0,0,0,0,2016-04-26 14:00,Property,14.53775951,121.0007229,Side Swipe
None,EDSA,None,None,"No Accident Factor, Rear-end, 0.0 drivers_injured, 0.0 drivers_killed, 0.0 passengers_injured, 0.0 passengers_killed, 0.0 pedestrian_injured, 0.0 pedestrian_killed, Fair (Day), EDSA Taft Ave. Pasay",MMDA Road Safety Unit,,e1d29ab3-4a68-4e95-9751-e863eddbae58,2016-04-26,04:30:00,EDSA Taft Ave. Pasay,0,0,0,0,0,0,0,0,0,0,2016-04-26 12:30,Property,14.53775951,121.0007229,Rear-End
None,EDSA,None,None,"No Accident Factor, No Collision Stated (based on Police Blotter Book), 0.0 drivers_injured, 0.0 drivers_killed, 0.0 passengers_injured, 0.0 passengers_killed, 0.0 pedestrian_injured, 0.0 pedestrian_killed, Fair (Day), EDSA Taft Ave. Pasay",MMDA Road Safety Unit,,8016cac0-605e-44a3-8e44-08705fce092c,2016-04-26,03:45:00,"EDSA ""U"" turn slot, Heritage Hotel Pasay",0,0,0,0,0,0,0,0,0,0,2016-04-26 11:45,Property,14.53775951,121.0007229,No Collision Stated
None,EDSA,None,None,"No Accident Factor, Side Swipe, 0.0 drivers_injured, 0.0 drivers_killed, 0.0 passengers_injured, 0.0 passengers_killed, 0.0 pedestrian_injured, 0.0 pedestrian_killed, Fair (Day), EDSA Roxas Blvd. Pasay",MMDA Road Safety Unit,,8bac2d61-7b24-4b5e-9747-61a25028d73f,2016-04-26,03:30:00,EDSA Macapagal Blvd. Pasay,0,0,0,0,0,0,0,0,0,0,2016-04-26 11:30,Property,14.53725136,120.9928775,Side Swipe