LOCATION_TEXT,ROAD,WEATHER,LIGHT,DESC,REPORTING_AGENCY,MAIN_CAUSE,INCIDENTDETAILS_ID,DATE_UTC,TIME_UTC,ADDRESS,killed_driver,killed_passenger,killed_pedestrian,injured_driver,injured_passenger,injured_pedestrian,killed_uncategorized,injured_uncategorized,killed_total,injured_total,DATETIME_PST,SEVERITY,Y,X,COLLISION_TYPE
None,EDSA,None,None,"No Accident Factor, No Collision Stated (based on Police Blotter Book), 0.0 drivers_injured, 0.0 drivers_killed, 0.0 passengers_injured, 0.0 passengers_killed, 0.0 pedestrian_injured, 0.0 pedestrian_killed, Fair (Day), EDSA ""U"" turn slot, Heritage Hotel Pasay",MMDA Road Safety Unit,,6c15a558-ed41-485f-af74-0d331d3570d4,2016-04-26,03:30:00,EDSA Roxas Blvd. Service Road Pasay,0,0,0,0,0,0,0,0,0,0,2016-04-26 11:30,Property,14.5373561,120.9938096,No Collision Stated
None,EDSA,None,None,"No Accident Factor, Side Swipe, 0.0 drivers_injured, 0.0 drivers_killed, 0.0 passengers_injured, 0.0 passengers_killed, 0.0 pedestrian_injured, 0.0 pedestrian_killed, Fair (Day), EDSA Tramo St.  Pasay",MMDA Road Safety Unit,,a48be49d-67a9-4564-8406-4972ebed1e6c,2016-04-26,00:45:00,EDSA Aurora Blvd. Pasay,0,0,0,0,0,0,0,0,0,0,2016-04-26 8:45,Property,14.53790544,121.0032547,Side Swipe
None,EDSA,None,None,"No Accident Factor, Multiple Collision, 1.0 drivers_injured, 0.0 drivers_killed, 0.0 passengers_injured, 0.0 passengers_killed, 0.0 pedestrian_injured, 0.0 pedestrian_killed, Fair (Night), EDSA Macapagal Blvd. Pasay",MMDA Road Safety Unit,,69b1b2cd-5293-48bb-9b05-b897aefae9b8,2016-04-25,21:40:00,EDSA Aurora Blvd. Pasay,0,0,0,1,0,0,0,0,0,1,2016-04-26 5:40,Injury,14.53636061,120.9889709,Multiple
None,EDSA,None,None,"No Accident Factor, No Collision Stated (based on Police Blotter Book), 0.0 drivers_injured, 0.0 drivers_killed, 0.0 passengers_injured, 0.0 passengers_killed, 0.0 pedestrian_injured, 0.0 pedestrian_killed, Fair (Night), EDSA Roxas Blvd. Pasay",MMDA Road Safety Unit,,49c1e3ac-b9ad-4ef6-94a8-1844878828c0,2016-04-25,17:05:00,EDSA Taft Ave. Pasay,0,0,0,0,0,0,0,0,0,0,2016-04-26 1:05,Property,14.53725136,120.9928775,No Collision Stated
None,EDSA,None,None,"No Accident Factor, No Collision Stated (based on Police Blotter Book), 0.0 drivers_injured, 0.0 drivers_killed, 0.0 passengers_injured, 0.0 passengers_killed, 0.0 pedestrian_injured, 0.0 pedestrian_killed, Fair (Day), EDSA Taft Ave. Pasay",MMDA Road Safety Unit,,fcfc4b31-eee0-4c17-a849-17545e562882,2016-04-25,09:20:00,EDSA Taft Ave. Pasay,0,0,0,0,0,0,0,0,0,0,2016-04-25 17:20,Property,14.53775951,121.0007229,No Collision Stated
None,EDSA,None,None,"No Accident Factor, No Collision Stated (based on Police Blotter Book), 0.0 drivers_injured, 0.0 drivers_killed, 0.0 passengers_injured, 0.0 passengers_killed, 0.0 pedestrian_injured, 0.0 pedestrian_killed, Fair (Day), EDSA Macapagal Blvd. Pasay",MMDA Road Safety Unit,,c541214f-9175-4b78-9c39-2065adbe1137,2016-04-24,05:40:00,EDSA Taft Ave. Pasay,0,0,0,0,0,0,0,0,0,0,2016-04-24 13:40,Property,14.53636061,120.9889709,No Collision Stated
None,EDSA,None,None,"No Accident Factor, No Collision Stated (based on Police Blotter Book), 0.0 drivers_injured, 0.0 drivers_killed, 0.0 passengers_injured, 0.0 passengers_killed, 0.0 pedestrian_injured, 0.0 pedestrian_killed, Fair (Night), EDSA Taft Ave. Pasay",MMDA Road Safety Unit,,081b9d98-d176-4b4c-ae4d-88259e7a8308,2016-04-23,13:15:00,EDSA Taft Ave. Pasay,0,0,0,0,0,0,0,0,0,0,2016-04-23 21:15,Property,14.53775951,121.0007229,No Collision Stated
None,EDSA,None,None,"No Accident Factor, No Collision Stated (based on Police Blotter Book), 0.0 drivers_injured, 0.0 drivers_killed, 0.0 passengers_injured, 0.0 passengers_killed, 0.0 pedestrian_injured, 0.0 pedestrian_killed, Fair (Night), EDSA ""U"" turn slot, Heritage Hotel Pasay",MMDA Road Safety Unit,,85a90125-5623-42e4-ace7-95b6879e1990,2016-04-23,12:30:00,EDSA Taft Ave. Pasay,0,0,0,0,0,0,0,0,0,0,2016-04-23 20:30,Property,14.5373561,120.9938096,No Collision Stated
None,EDSA,None,None,"No Accident Factor, No Collision Stated (based on Police Blotter Book), 0.0 drivers_injured, 0.0 drivers_killed, 0.0 passengers_injured, 0.0 passengers_killed, 0.0 pedestrian_injured, 0.0 pedestrian_killed, Fair (Day), EDSA Macapagal Blvd. Pasay",MMDA Road Safety Unit,,d11ae695-1e19-4ef5-98c8-a03a245815df,2016-04-23,06:00:00,EDSA Tramo St.  Pasay,0,0,0,0,0,0,0,0,0,0,2016-04-23 14:00,Property,14.53636061,120.9889709,No Collision Stated
None,EDSA,None,None,"No Accident Factor, Side Swipe, 0.0 drivers_injured, 0.0 drivers_killed, 0.0 passengers_injured, 0.0 passengers_killed, 0.0 pedestrian_injured, 0.0 pedestrian_killed, Fair (Day), EDSA Roxas Blvd. Service Road Pasay",MMDA Road Safety Unit,,7047713d-ef6d-461a-a89f-36c77e25b4ff,2016-04-23,01:05:00,EDSA Cabrera St.  Pasay,0,0,0,0,0,0,0,0,0,0,2016-04-23 9:05,Property,14.53725136,120.9928775,Side Swipe
None,EDSA,None,None,"No Accident Factor, Hit and Run (No Collision Stated), 0.0 drivers_injured, 0.0 drivers_killed, 0.0 passengers_injured, 0.0 passengers_killed, 0.0 pedestrian_injured, 0.0 pedestrian_killed, Fair (Night), EDSA Aurora Blvd. Pasay",MMDA Road Safety Unit,,1d91abf9-5649-4905-a483-35bbd5052e62,2016-04-22,11:00:00,"EDSA ""U"" turn slot, Heritage Hotel Pasay",0,0,0,0,0,0,0,0,0,0,2016-04-22 19:00,Property,14.53779864,121.0033477,No Collision Stated
None,EDSA,None,None,"No Accident Factor, No Collision Stated (based on Police Blotter Book), 0.0 drivers_injured, 0.0 drivers_killed, 0.0 passengers_injured, 0.0 passengers_killed, 0.0 pedestrian_injured, 0.0 pedestrian_killed, Fair (Day), EDSA Aurora Blvd. Pasay",MMDA Road Safety Unit,,c752c15b-9a46-49d3-aea1-7a0169c05c24,2016-04-21,23:00:00,EDSA Rodriguez St.  Pasay,0,0,0,0,0,0,0,0,0,0,2016-04-22 7:00,Property,14.53779864,121.0033477,No Collision Stated
None,EDSA,None,None,"No Accident Factor, Hit and Run (No Collision Stated), 0.0 drivers_injured, 0.0 drivers_killed, 0.0 passengers_injured, 0.0 passengers_killed, 0.0 pedestrian_injured, 0.0 pedestrian_killed, Fair (Day), EDSA Taft Ave. Pasay",MMDA Road Safety Unit,,49e396ea-2be6-4d2c-b270-12bd5ecddace,2016-04-21,02:30:00,EDSA Taft Ave. Pasay,0,0,0,0,0,0,0,0,0,0,2016-04-21 10:30,Property,14.53775951,121.0007229,No Collision Stated
None,EDSA,None,None,"No Accident Factor, No Collision Stated (based on Police Blotter Book), 0.0 drivers_injured, 0.0 drivers_killed, 0.0 passengers_injured, 0.0 passengers_killed, 0.0 pedestrian_injured, 0.0 pedestrian_killed, Fair (Night), EDSA Taft Ave. Pasay",MMDA Road Safety Unit,,2d51ecdd-b98a-4120-8cd6-f222f551b97d,2016-04-20,10:25:00,EDSA Aurora Blvd. Pasay,0,0,0,0,0,0,0,0,0,0,2016-04-20 18:25,Property,14.53775951,121.0007229,No Collision Stated
None,EDSA,None,None,"No Accident Factor, Side Swipe, 0.0 drivers_injured, 0.0 drivers_killed, 0.0 passengers_injured, 0.0 passengers_killed, 0.0 pedestrian_injured, 0.0 pedestrian_killed, Fair (Day), EDSA Taft Ave. Pasay",MMDA Road Safety Unit,,59023b6a-cf98-4c14-b29d-91687cfc339a,2016-04-19,05:35:00,"EDSA ""U"" turn slot, Copacabana Hotel  Pasay",0,0,0,0,0,0,0,0,0,0,2016-04-19 13:35,Property,14.53775951,121.0007229,Side Swipe
None,EDSA,None,None,"No Accident Factor, No Collision Stated (based on Police Blotter Book), 0.0 drivers_injured, 0.0 drivers_killed, 0.0 passengers_injured, 0.0 passengers_killed, 0.0 pedestrian_injured, 0.0 pedestrian_killed, Fair (Day), EDSA Taft Ave. Pasay",MMDA Road Safety Unit,,b1d90255-93c5-43d1-b35c-e047bccd4113,2016-04-19,04:05:00,EDSA Taft Ave. Pasay,0,0,0,0,0,0,0,0,0,0,2016-04-19 12:05,Property,14.53775951,121.0007229,No Collision Stated
None,EDSA,None,None,"No Accident Factor, No Collision Stated (based on Police Blotter Book), 0.0 drivers_injured, 0.0 drivers_killed, 0.0 passengers_injured, 0.0 passengers_killed, 0.0 pedestrian_injured, 0.0 pedestrian_killed, Fair (Day), EDSA Taft Ave. Pasay",MMDA Road Safety Unit,,8623826b-b508-4c78-8b51-661b836011f5,2016-04-19,02:15:00,EDSA Tramo St.  Pasay,0,0,0,0,0,0,0,0,0,0,2016-04-19 10:15,Property,14.53775951,121.0007229,No Collision Stated
None,EDSA,None,None,"No Accident Factor, Side Swipe, 0.0 drivers_injured, 0.0 drivers_killed, 0.0 passengers_injured, 0.0 passengers_killed, 0.0 pedestrian_injured, 0.0 pedestrian_killed, Fair (Day), EDSA Tramo St.  Pasay",MMDA Road Safety Unit,,56003b4a-d6e9-4b66-b9c4-98ecbbcf5095,2016-04-17,09:30:00,"EDSA ""U"" turn slot, Heritage Hotel Pasay",0,0,0,0,0,0,0,0,0,0,2016-04-17 17:30,Property,14.53790544,121.0032547,Side Swipe
None,EDSA,None,None,"No Accident Factor, Rear-end, 0.0 drivers_injured, 0.0 drivers_killed, 0.0 passengers_injured, 0.0 passengers_killed, 0.0 pedestrian_injured, 0.0 pedestrian_killed, Fair (Day), EDSA Cabrera St.  Pasay",MMDA Road Safety Unit,,765e4632-e4f8-41f9-8974-47baf7bf20cc,2016-04-17,03:30:00,EDSA Roxas Blvd. Pasay,0,0,0,0,0,0,0,0,0,0,2016-04-17 11:30,Property,14.53817493,121.0048575,Rear-End
None,EDSA,None,None,"No Accident Factor, No Collision Stated (based on Police Blotter Book), 0.0 drivers_injured, 0.0 drivers_killed, 0.0 passengers_injured, 0.0 passengers_killed, 0.0 pedestrian_injured, 0.0 pedestrian_killed, Fair (Night), EDSA ""U"" turn slot, Heritage Hotel Pasay",MMDA Road Safety Unit,,536e88e1-05bf-481f-8559-dda141741bad,2016-04-16,15:40:00,EDSA E. Rodriguez St.  Pasay,0,0,0,0,0,0,0,0,0,0,2016-04-16 23:40,Property,14.5373561,120.9938096,No Collision Stated
None,EDSA,None,None,"No Accident Factor, No Collision Stated (based on Police Blotter Book), 1.0 drivers_injured, 0.0 drivers_killed, 0.0 passengers_injured, 0.0 passengers_killed, 0.0 pedestrian_injured, 0.0 pedestrian_killed, Fair (Night), EDSA Rodriguez St.  Pasay",MMDA Road Safety Unit,,5295dcaf-cdfa-4794-b0a2-57710710f2f0,2016-04-16,14:00:00,"EDSA ""U"" turn slot, Heritage Hotel Pasay",0,0,0,1,0,0,0,0,0,1,2016-04-16 22:00,Injury,14.53843672,121.0086475,No Collision Stated
None,EDSA,None,None,"No Accident Factor, No Collision Stated (based on Police Blotter Book), 1.0 drivers_injured, 0.0 drivers_killed, 0.0 passengers_injured, 0.0 passengers_killed, 0.0 pedestrian_injured, 0.0 pedestrian_killed, Fair (Night), EDSA Taft Ave. Pasay",MMDA Road Safety Unit,,a68b4458-88c4-446d-a45b-241b994269cc,2016-04-16,13:35:00,EDSA Macapagal Blvd. Pasay,0,0,0,1,0,0,0,0,0,1,2016-04-16 21:35,Injury,14.53775951,121.0007229,No Collision Stated
None,EDSA,None,None,"No Accident Factor, No Collision Stated (based on Police Blotter Book), 0.0 drivers_injured, 0.0 drivers_killed, 0.0 passengers_injured, 0.0 passengers_killed, 0.0 pedestrian_injured, 0.0 pedestrian_killed, Fair (Night), EDSA Aurora Blvd. Pasay",MMDA Road Safety Unit,,d6e15ba4-c09f-4c31-b1df-ed5698c7423e,2016-04-16,12:40:00,EDSA Taft Ave. Pasay,0,0,0,0,0,0,0,0,0,0,2016-04-16 20:40,Property,14.53779864,121.0033477,No Collision Stated
None,EDSA,None,None,"No Accident Factor, Side Swipe, 0.0 drivers_injured, 0.0 drivers_killed, 0.0 passengers_injured, 0.0 passengers_killed, 0.0 pedestrian_injured, 0.0 pedestrian_killed, Fair (Day), EDSA ""U"" turn slot, Copacabana Hotel  Pasay",MMDA Road Safety Unit,,7db4ea28-5131-4226-a250-c393739935cb,2016-04-16,02:20:00,EDSA J.W. Diokno Ave.  Pasay,0,0,0,0,0,0,0,0,0,0,2016-04-16 10:20,Property,14.53740934,120.9940239,Side Swipe
None,EDSA,None,None,"No Accident Factor, Rear-end, 0.0 drivers_injured, 0.0 drivers_killed, 0.0 passengers_injured, 0.0 passengers_killed, 0.0 pedestrian_injured, 0.0 pedestrian_killed, Fair (Day), EDSA Taft Ave. Pasay",MMDA Road Safety Unit,,58b7a87f-be65-4d58-ade5-40d7248db022,2016-04-16,00:30:00,EDSA Macapagal Blvd. Pasay,0,0,0,0,0,0,0,0,0,0,2016-04-16 8:30,Property,14.53775951,121.0007229,Rear-End
None,EDSA,None,None,"No Accident Factor, No Collision Stated (based on Police Blotter Book), 0.0 drivers_injured, 0.0 drivers_killed, 0.0 passengers_injured, 0.0 passengers_killed, 0.0 pedestrian_injured, 0.0 pedestrian_killed, Fair (Night), EDSA Tramo St.  Pasay",MMDA Road Safety Unit,,f8edfc9c-860d-4690-a1da-002bfc336db5,2016-04-15,20:00:00,EDSA Macapagal Blvd. Pasay,0,0,0,0,0,0,0,0,0,0,2016-04-16 4:00,Property,14.53790544,121.0032547,No Collision Stated
None,EDSA,None,None,"No Accident Factor, Rear-end, 0.0 drivers_injured, 0.0 drivers_killed, 0.0 passengers_injured, 0.0 passengers_killed, 0.0 pedestrian_injured, 0.0 pedestrian_killed, Fair (Day), EDSA ""U"" turn slot, Heritage Hotel Pasay",MMDA Road Safety Unit,,cbafa03f-67bd-4b82-9086-bc9250b99093,2016-04-15,09:30:00,EDSA Roxas Blvd. Pasay,0,0,0,0,0,0,0,0,0,0,2016-04-15 17:30,Property,14.5373561,120.9938096,Rear-End
None,EDSA,None,None,"No Accident Factor, Side Swipe, 0.0 drivers_injured, 0.0 drivers_killed, 0.0 passengers_injured, 0.0 passengers_killed, 0.0 pedestrian_injured, 0.0 pedestrian_killed, Fair (Day), EDSA Roxas Blvd. Pasay",MMDA Road Safety Unit,,c97bf762-f525-4ba8-bd56-eeea808cbb30,2016-04-14,04:35:00,EDSA Roxas Blvd. (SB) Pasay,0,0,0,0,0,0,0,0,0,0,2016-04-14 12:35,Property,14.53725136,120.9928775,Side Swipe
None,EDSA,None,None,"No Accident Factor, Side Swipe, 0.0 drivers_injured, 0.0 drivers_killed, 0.0 passengers_injured, 0.0 passengers_killed, 0.0 pedestrian_injured, 0.0 pedestrian_killed, Fair (Day), EDSA E. Rodriguez St.  Pasay",MMDA Road Safety Unit,,14a126bd-5abc-4089-8efe-430f314c6d7b,2016-04-13,23:30:00,EDSA Roxas Blvd. (SB)  Pasay,0,0,0,0,0,0,0,0,0,0,2016-04-14 7:30,Property,14.53836867,121.0085613,Side Swipe
None,EDSA,None,None,"No Accident Factor, No Collision Stated (based on Police Blotter Book), 0.0 drivers_injured, 0.0 drivers_killed, 0.0 passengers_injured, 0.0 passengers_killed, 0.0 pedestrian_injured, 0.0 pedestrian_killed, Fair (Night), EDSA ""U"" turn slot, Heritage Hotel Pasay",MMDA Road Safety Unit,,c9f0c9cf-dcaf-406a-a594-42ad3b5830cc,2016-04-13,20:20:00,EDSA Macapagal Blvd. Pasay,0,0,0,0,0,0,0,0,0,0,2016-04-14 4:20,Property,14.5373561,120.9938096,No Collision Stated
None,EDSA,None,None,"No Accident Factor, No Collision Stated (based on Police Blotter Book), 0.0 drivers_injured, 0.0 drivers_killed, 0.0 passengers_injured, 0.0 passengers_killed, 0.0 pedestrian_injured, 0.0 pedestrian_killed, Fair (Night), EDSA Macapagal Blvd. Pasay",MMDA Road Safety Unit,,76d94d9d-66ae-46ef-9766-5d5af1cd3366,2016-04-13,17:15:00,EDSA Aurora Blvd. Pasay,0,0,0,0,0,0,0,0,0,0,2016-04-14 1:15,Property,14.53636061,120.9889709,No Collision Stated
None,EDSA,None,None,"No Accident Factor, No Collision Stated (based on Police Blotter Book), 0.0 drivers_injured, 0.0 drivers_killed, 0.0 passengers_injured, 0.0 passengers_killed, 0.0 pedestrian_injured, 0.0 pedestrian_killed, Fair (Day), EDSA Taft Ave. Pasay",MMDA Road Safety Unit,,6bb1e09c-4617-489d-a662-655e92e64592,2016-04-13,05:35:00,EDSA Macapagal Blvd. Pasay,0,0,0,0,0,0,0,0,0,0,2016-04-13 13:35,Property,14.53775951,121.0007229,No Collision Stated
None,EDSA,None,None,"No Accident Factor, No Collision Stated (based on Police Blotter Book), 0.0 drivers_injured, 0.0 drivers_killed, 0.0 passengers_injured, 0.0 passengers_killed, 0.0 pedestrian_injured, 0.0 pedestrian_killed, Fair (Day), EDSA J.W. Diokno Ave.  Pasay",MMDA Road Safety Unit,,4422d607-eed8-45a8-8400-16718c32a15b,2016-04-12,22:35:00,EDSA Taft Ave. (WB)  Pasay,0,0,0,0,0,0,0,0,0,0,2016-04-13 6:35,Property,14.53581144,120.9841895,No Collision Stated
None,EDSA,None,None,"No Accident Factor, No Collision Stated (based on Police Blotter Book), 0.0 drivers_injured, 0.0 drivers_killed, 0.0 passengers_injured, 0.0 passengers_killed, 0.0 pedestrian_injured, 0.0 pedestrian_killed, Fair (Night), EDSA Macapagal Blvd. Pasay",MMDA Road Safety Unit,,0e038884-fefe-4881-8443-130e65859c4a,2016-04-12,18:15:00,EDSA J.W. Diokno Ave.  Pasay,0,0,0,0,0,0,0,0,0,0,2016-04-13 2:15,Property,14.53636061,120.9889709,No Collision Stated
None,EDSA,None,None,"No Accident Factor, No Collision Stated (based on Police Blotter Book), 0.0 drivers_injured, 0.0 drivers_killed, 0.0 passengers_injured, 0.0 passengers_killed, 0.0 pedestrian_injured, 0.0 pedestrian_killed, Fair (Night), EDSA Macapagal Blvd. Pasay",MMDA Road Safety Unit,,ae2fda3f-f16d-4f4c-8fd8-721976b2171a,2016-04-12,13:40:00,EDSA Kabayan Hotel  Pasay,0,0,0,0,0,0,0,0,0,0,2016-04-12 21:40,Property,14.53636061,120.9889709,No Collision Stated
None,EDSA,None,None,"No Accident Factor, Multiple Collision, 1.0 drivers_injured, 0.0 drivers_killed, 0.0 passengers_injured, 0.0 passengers_killed, 0.0 pedestrian_injured, 0.0 pedestrian_killed, Fair (Day), EDSA Roxas Blvd. Pasay",MMDA Road Safety Unit,,3b58e85b-0ea2-4f57-b0ac-33d5a05515ff,2016-04-12,05:00:00,EDSA Macapagal Blvd. Pasay,0,0,0,1,0,0,0,0,0,1,2016-04-12 13:00,Injury,14.53725136,120.9928775,Multiple
None,EDSA,None,None,"No Accident Factor, Multiple Collision, 0.0 drivers_injured, 0.0 drivers_killed, 0.0 passengers_injured, 0.0 passengers_killed, 0.0 pedestrian_injured, 0.0 pedestrian_killed, Fair (Day), EDSA Roxas Blvd. (SB) Pasay",MMDA Road Safety Unit,,ceb79c4b-4704-4058-bf28-e2b249a85c38,2016-04-12,04:25:00,EDSA Macapagal Blvd. Pasay,0,0,0,0,0,0,0,0,0,0,2016-04-12 12:25,Property,14.53725136,120.9928775,Multiple
None,EDSA,None,None,"No Accident Factor, No Collision Stated (based on Police Blotter Book), 0.0 drivers_injured, 0.0 drivers_killed, 0.0 passengers_injured, 0.0 passengers_killed, 0.0 pedestrian_injured, 0.0 pedestrian_killed, Fair (Night), EDSA Roxas Blvd. (SB)  Pasay",MMDA Road Safety Unit,,12aad706-8d0b-44f5-98e5-8c6e38375d0c,2016-04-11,19:00:00,EDSA Roxas Blvd. Pasay,0,0,0,0,0,0,0,0,0,0,2016-04-12 3:00,Property,14.53725136,120.9928775,No Collision Stated
None,EDSA,None,None,"No Accident Factor, No Collision Stated (based on Police Blotter Book), 0.0 drivers_injured, 0.0 drivers_killed, 0.0 passengers_injured, 0.0 passengers_killed, 0.0 pedestrian_injured, 0.0 pedestrian_killed, Fair (Day), EDSA Macapagal Blvd. Pasay",MMDA Road Safety Unit,,5eaabc8d-7352-4ed0-80a3-dbcb30ff2b0e,2016-04-09,06:50:00,EDSA Macapagal Blvd. Pasay,0,0,0,0,0,0,0,0,0,0,2016-04-09 14:50,Property,14.53636061,120.9889709,No Collision Stated
None,EDSA,None,None,"No Accident Factor, Side Swipe, 0.0 drivers_injured, 0.0 drivers_killed, 0.0 passengers_injured, 0.0 passengers_killed, 0.0 pedestrian_injured, 0.0 pedestrian_killed, Fair (Day), EDSA Aurora Blvd. Pasay",MMDA Road Safety Unit,,10e5d7c8-a6ea-4b0a-a6bc-5b6e17985079,2016-04-08,22:10:00,EDSA Kabayan Hotel Pasay,0,0,0,0,0,0,0,0,0,0,2016-04-09 6:10,Property,14.53779864,121.0033477,Side Swipe
None,EDSA,None,None,"No Accident Factor, No Collision Stated (based on Police Blotter Book), 0.0 drivers_injured, 0.0 drivers_killed, 0.0 passengers_injured, 0.0 passengers_killed, 0.0 pedestrian_injured, 0.0 pedestrian_killed, Fair (Day), EDSA Macapagal Blvd. Pasay",MMDA Road Safety Unit,,baff0501-d746-46dc-ab37-1d400713f9d4,2016-04-08,08:30:00,EDSA Aurora Blvd. Pasay,0,0,0,0,0,0,0,0,0,0,2016-04-08 16:30,Property,14.53636061,120.9889709,No Collision Stated
None,EDSA,None,None,"No Accident Factor, Rear-end, 0.0 drivers_injured, 0.0 drivers_killed, 0.0 passengers_injured, 0.0 passengers_killed, 0.0 pedestrian_injured, 0.0 pedestrian_killed, Fair (Day), EDSA Taft Ave. (WB)  Pasay",MMDA Road Safety Unit,,8ecfd561-6e91-4f5c-8566-ac9f200ed1fd,2016-04-08,07:00:00,EDSA Taft Ave. Pasay,0,0,0,0,0,0,0,0,0,0,2016-04-08 15:00,Property,14.53775951,121.0007229,Rear-End
None,EDSA,None,None,"No Accident Factor, No Collision Stated (based on Police Blotter Book), 0.0 drivers_injured, 0.0 drivers_killed, 0.0 passengers_injured, 0.0 passengers_killed, 0.0 pedestrian_injured, 0.0 pedestrian_killed, Fair (Day), EDSA J.W. Diokno Ave.  Pasay",MMDA Road Safety Unit,,7b5583ef-7fec-42b5-b6b1-915139a4982e,2016-04-08,00:45:00,EDSA Roxas Blvd. Pasay,0,0,0,0,0,0,0,0,0,0,2016-04-08 8:45,Property,14.53581144,120.9841895,No Collision Stated
None,EDSA,None,None,"No Accident Factor, No Collision Stated (based on Police Blotter Book), 0.0 drivers_injured, 0.0 drivers_killed, 0.0 passengers_injured, 0.0 passengers_killed, 0.0 pedestrian_injured, 0.0 pedestrian_killed, Fair (Night), EDSA Kabayan Hotel  Pasay",MMDA Road Safety Unit,,d6779aa9-5576-40ed-9b01-19cedd3c3510,2016-04-07,19:00:00,EDSA Cabrera St.  Pasay,0,0,0,0,0,0,0,0,0,0,2016-04-08 3:00,Property,14.53775829,121.0015736,No Collision Stated
None,EDSA,None,None,"No Accident Factor, No Collision Stated (based on Police Blotter Book), 0.0 drivers_injured, 0.0 drivers_killed, 0.0 passengers_injured, 0.0 passengers_killed, 0.0 pedestrian_injured, 0.0 pedestrian_killed, Fair (Day), EDSA Macapagal Blvd. Pasay",MMDA Road Safety Unit,,a6df1ce1-fa22-4dfb-85b8-30a8424e08fd,2016-04-07,07:00:00,EDSA Heritage Hotel (EB)  Pasay,0,0,0,0,0,0,0,0,0,0,2016-04-07 15:00,Property,14.53636061,120.9889709,No Collision Stated
None,EDSA,None,None,"No Accident Factor, Side Swipe, 0.0 drivers_injured, 0.0 drivers_killed, 0.0 passengers_injured, 0.0 passengers_killed, 0.0 pedestrian_injured, 0.0 pedestrian_killed, Fair (Day), EDSA Macapagal Blvd. Pasay",MMDA Road Safety Unit,,56cd6dd4-f2f6-4a1b-b1eb-2f186d6e8f04,2016-04-06,23:45:00,EDSA Heritage Hotel Entrance Driveway Pasay,0,0,0,0,0,0,0,0,0,0,2016-04-07 7:45,Property,14.53636061,120.9889709,Side Swipe
None,EDSA,None,None,"No Accident Factor, No Collision Stated (based on Police Blotter Book), 0.0 drivers_injured, 0.0 drivers_killed, 0.0 passengers_injured, 0.0 passengers_killed, 0.0 pedestrian_injured, 0.0 pedestrian_killed, Fair (Day), EDSA Roxas Blvd. Pasay",MMDA Road Safety Unit,,a2529e9e-6e73-432a-93f6-ad7e1e3283be,2016-04-06,23:15:00,EDSA Macapagal Blvd. Pasay,0,0,0,0,0,0,0,0,0,0,2016-04-07 7:15,Property,14.53725136,120.9928775,No Collision Stated
None,EDSA,None,None,"No Accident Factor, Multiple Collision, 0.0 drivers_injured, 0.0 drivers_killed, 0.0 passengers_injured, 0.0 passengers_killed, 0.0 pedestrian_injured, 0.0 pedestrian_killed, Fair (Day), EDSA Macapagal Blvd. Pasay",MMDA Road Safety Unit,,e46fe831-4026-4998-8016-8299c4f5b91c,2016-04-06,22:00:00,EDSA F. B. Harrison St. Pasay,0,0,0,0,0,0,0,0,0,0,2016-04-07 6:00,Property,14.53636061,120.9889709,Multiple
None,EDSA,None,None,"No Accident Factor, Rear-end, 0.0 drivers_injured, 0.0 drivers_killed, 0.0 passengers_injured, 0.0 passengers_killed, 0.0 pedestrian_injured, 0.0 pedestrian_killed, Fair (Night), EDSA Kabayan Hotel Pasay",MMDA Road Safety Unit,,09b1e275-7f8c-43a8-a900-6888b272591b,2016-04-06,12:00:00,EDSA Macapagal Blvd. Pasay,0,0,0,0,0,0,0,0,0,0,2016-04-06 20:00,Property,14.53775829,121.0015736,Rear-End
None,EDSA,None,None,"No Accident Factor, Side Swipe, 0.0 drivers_injured, 0.0 drivers_killed, 0.0 passengers_injured, 0.0 passengers_killed, 0.0 pedestrian_injured, 0.0 pedestrian_killed, Fair (Day), EDSA Aurora Blvd. Pasay",MMDA Road Safety Unit,,61be7f91-fa3e-47f6-b3d0-621522d696be,2016-04-06,08:00:00,EDSA A. Cruz St.  Pasay,0,0,0,0,0,0,0,0,0,0,2016-04-06 16:00,Property,14.53779864,121.0033477,Side Swipe
None,EDSA,None,None,"No Accident Factor, Side Swipe, 0.0 drivers_injured, 0.0 drivers_killed, 0.0 passengers_injured, 0.0 passengers_killed, 0.0 pedestrian_injured, 0.0 pedestrian_killed, Fair (Day), EDSA Taft Ave. Pasay",MMDA Road Safety Unit,,80bc0377-bb1e-4547-b81d-80c8293a7a36,2016-04-06,07:00:00,EDSA Macapagal Blvd. Pasay,0,0,0,0,0,0,0,0,0,0,2016-04-06 15:00,Property,14.53775951,121.0007229,Side Swipe
None,EDSA,None,None,"No Accident Factor, No Collision Stated (based on Police Blotter Book), 0.0 drivers_injured, 0.0 drivers_killed, 0.0 passengers_injured, 0.0 passengers_killed, 0.0 pedestrian_injured, 0.0 pedestrian_killed, Fair (Night), EDSA Roxas Blvd. Pasay",MMDA Road Safety Unit,,052e33fd-3808-4ef4-bcf8-abd9026d0f67,2016-04-05,13:10:00,EDSA Roxas Blvd. Pasay,0,0,0,0,0,0,0,0,0,0,2016-04-05 21:10,Property,14.53725136,120.9928775,No Collision Stated
None,EDSA,None,None,"No Accident Factor, No Collision Stated (based on Police Blotter Book), 0.0 drivers_injured, 0.0 drivers_killed, 0.0 passengers_injured, 0.0 passengers_killed, 0.0 pedestrian_injured, 0.0 pedestrian_killed, Fair (Day), EDSA Cabrera St.  Pasay",MMDA Road Safety Unit,,e8fa7924-026d-458c-bed6-f26faa99c17a,2016-04-05,08:20:00,EDSA Macapagal Blvd. Pasay,0,0,0,0,0,0,0,0,0,0,2016-04-05 16:20,Property,14.53817493,121.0048575,No Collision Stated