LOCATION_TEXT,ROAD,WEATHER,LIGHT,DESC,REPORTING_AGENCY,MAIN_CAUSE,INCIDENTDETAILS_ID,DATE_UTC,TIME_UTC,ADDRESS,killed_driver,killed_passenger,killed_pedestrian,injured_driver,injured_passenger,injured_pedestrian,killed_uncategorized,injured_uncategorized,killed_total,injured_total,DATETIME_PST,SEVERITY,Y,X,COLLISION_TYPE
None,EDSA,None,None,"No Accident Factor, No Collision Stated (based on Police Blotter Book), 0.0 drivers_injured, 0.0 drivers_killed, 0.0 passengers_injured, 0.0 passengers_killed, 0.0 pedestrian_injured, 0.0 pedestrian_killed, Fair (Day), EDSA Heritage Hotel (EB)  Pasay",MMDA Road Safety Unit,,7b4bce6b-32f1-497a-bf51-9e4baa78b150,2016-04-05,07:00:00,EDSA Macapagal Blvd. Pasay,0,0,0,0,0,0,0,0,0,0,2016-04-05 15:00,Property,14.53721957,120.9935015,No Collision Stated
None,EDSA,None,None,"No Accident Factor, No Collision Stated (based on Police Blotter Book), 0.0 drivers_injured, 0.0 drivers_killed, 0.0 passengers_injured, 0.0 passengers_killed, 0.0 pedestrian_injured, 0.0 pedestrian_killed, Fair (Day), EDSA Heritage Hotel Entrance Driveway Pasay",MMDA Road Safety Unit,,3383c4d9-36ce-46aa-8d27-f7c606c04c2e,2016-04-05,03:00:00,EDSA Caltex Gas Station Pasay,0,0,0,0,0,0,0,0,0,0,2016-04-05 11:00,Property,14.53721957,120.9935015,No Collision Stated
None,EDSA,None,None,"No Accident Factor, Rear-end, 1.0 drivers_injured, 0.0 drivers_killed, 1.0 passengers_injured, 0.0 passengers_killed, 0.0 pedestrian_injured, 0.0 pedestrian_killed, Fair (Day), EDSA Macapagal Blvd. Pasay",MMDA Road Safety Unit,,c7f7a314-1589-4774-be42-912f2ae8e8c7,2016-04-05,00:00:00,EDSA Tramo St.  Pasay,0,0,0,1,1,0,0,0,0,2,2016-04-05 8:00,Injury,14.53636061,120.9889709,Rear-End
None,EDSA,None,None,"No Accident Factor, No Collision Stated (based on Police Blotter Book), 0.0 drivers_injured, 0.0 drivers_killed, 0.0 passengers_injured, 0.0 passengers_killed, 0.0 pedestrian_injured, 0.0 pedestrian_killed, Fair (Day), EDSA F. B. Harrison St. Pasay",MMDA Road Safety Unit,,4e89de5a-dc6b-446a-ba79-c00497a1f902,2016-04-05,00:00:00,EDSA Macapagal Blvd. Pasay,0,0,0,0,0,0,0,0,0,0,2016-04-05 8:00,Property,14.5378679,120.9956516,No Collision Stated
None,EDSA,None,None,"No Accident Factor, No Collision Stated (based on Police Blotter Book), 0.0 drivers_injured, 0.0 drivers_killed, 0.0 passengers_injured, 0.0 passengers_killed, 0.0 pedestrian_injured, 0.0 pedestrian_killed, Fair (Night), EDSA Macapagal Blvd. Pasay",MMDA Road Safety Unit,,cc0cc1d4-9423-4c0f-bc9c-ef2859bd08b5,2016-04-04,12:00:00,EDSA Macapagal Blvd. Pasay,0,0,0,0,0,0,0,0,0,0,2016-04-04 20:00,Property,14.53636061,120.9889709,No Collision Stated
None,EDSA,None,None,"No Accident Factor, No Collision Stated (based on Police Blotter Book), 0.0 drivers_injured, 0.0 drivers_killed, 0.0 passengers_injured, 0.0 passengers_killed, 0.0 pedestrian_injured, 0.0 pedestrian_killed, Fair (Night), EDSA A. Cruz St.  Pasay",MMDA Road Safety Unit,,f6decf76-2d28-4ce6-bfa1-2eddecd48c9f,2016-04-04,12:00:00,EDSA Macapagal Blvd. Pasay,0,0,0,0,0,0,0,0,0,0,2016-04-04 20:00,Property,14.53791169,121.0045328,No Collision Stated
None,EDSA,None,None,"No Accident Factor, No Collision Stated (based on Police Blotter Book), 1.0 drivers_injured, 0.0 drivers_killed, 0.0 passengers_injured, 0.0 passengers_killed, 0.0 pedestrian_injured, 0.0 pedestrian_killed, Fair (Day), EDSA Macapagal Blvd. Pasay",MMDA Road Safety Unit,,4eb14be9-ed75-4968-b4d9-d0e35b72f7cf,2016-04-04,02:20:00,EDSA Roxas Blvd. Pasay,0,0,0,1,0,0,0,0,0,1,2016-04-04 10:20,Injury,14.53636061,120.9889709,No Collision Stated
None,EDSA,None,None,"No Accident Factor, Side Swipe, 0.0 drivers_injured, 0.0 drivers_killed, 0.0 passengers_injured, 0.0 passengers_killed, 0.0 pedestrian_injured, 0.0 pedestrian_killed, Fair (Night), EDSA Roxas Blvd. Pasay",MMDA Road Safety Unit,,cf946217-7657-48ef-a59e-dfd6636f029e,2016-04-03,20:45:00,EDSA Taft Ave. Pasay,0,0,0,0,0,0,0,0,0,0,2016-04-04 4:45,Property,14.53725136,120.9928775,Side Swipe
None,EDSA,None,None,"No Accident Factor, Side Swipe, 0.0 drivers_injured, 0.0 drivers_killed, 0.0 passengers_injured, 0.0 passengers_killed, 0.0 pedestrian_injured, 0.0 pedestrian_killed, Fair (Day), EDSA Macapagal Blvd. Pasay",MMDA Road Safety Unit,,18ed8a44-3c96-4c40-8ca7-4f6c48a57c28,2016-04-03,09:30:00,EDSA F. B. Harrison St. Pasay,0,0,0,0,0,0,0,0,0,0,2016-04-03 17:30,Property,14.53636061,120.9889709,Side Swipe
None,EDSA,None,None,"No Accident Factor, No Collision Stated (based on Police Blotter Book), 0.0 drivers_injured, 0.0 drivers_killed, 0.0 passengers_injured, 0.0 passengers_killed, 0.0 pedestrian_injured, 0.0 pedestrian_killed, Fair (Day), EDSA Macapagal Blvd. Pasay",MMDA Road Safety Unit,,21cab9ac-c40e-4e9e-9b3a-ba0aacbc1120,2016-04-02,06:30:00,EDSA A. Arnaiz Ave. (WB) Pasay,0,0,0,0,0,0,0,0,0,0,2016-04-02 14:30,Property,14.53636061,120.9889709,No Collision Stated
None,EDSA,None,None,"No Accident Factor, Side Swipe, 0.0 drivers_injured, 0.0 drivers_killed, 0.0 passengers_injured, 0.0 passengers_killed, 0.0 pedestrian_injured, 0.0 pedestrian_killed, Fair (Day), EDSA Caltex Gas Station Pasay",MMDA Road Safety Unit,,87b3a229-feaf-4d2d-8e46-c5663f13887f,2016-04-02,06:30:00,"EDSA ""U"" turn slot, Copacabana Pasay",0,0,0,0,0,0,0,0,0,0,2016-04-02 14:30,Property,14.53902197,121.0121772,Side Swipe
None,EDSA,None,None,"No Accident Factor, No Collision Stated (based on Police Blotter Book), 0.0 drivers_injured, 0.0 drivers_killed, 0.0 passengers_injured, 0.0 passengers_killed, 0.0 pedestrian_injured, 0.0 pedestrian_killed, Fair (Night), EDSA Tramo St.  Pasay",MMDA Road Safety Unit,,5fe7fec5-27de-4673-bbdb-4d20fc52ac0e,2016-03-31,10:20:00,EDSA F. B. Harrison St. Pasay,0,0,0,0,0,0,0,0,0,0,2016-03-31 18:20,Property,14.53790544,121.0032547,No Collision Stated
None,EDSA,None,None,"No Accident Factor, Hit and Run (No Collision Stated), 0.0 drivers_injured, 0.0 drivers_killed, 0.0 passengers_injured, 0.0 passengers_killed, 0.0 pedestrian_injured, 0.0 pedestrian_killed, Fair (Night), EDSA Macapagal Blvd. Pasay",MMDA Road Safety Unit,,a0b1990c-45dc-48e9-bf81-81bc97dfe1d9,2016-03-30,14:00:00,EDSA Tramo St. Pasay,0,0,0,0,0,0,0,0,0,0,2016-03-30 22:00,Property,14.53636061,120.9889709,No Collision Stated
None,EDSA,None,None,"No Accident Factor, Rear-end, 0.0 drivers_injured, 0.0 drivers_killed, 0.0 passengers_injured, 0.0 passengers_killed, 0.0 pedestrian_injured, 0.0 pedestrian_killed, Fair (Night), EDSA Macapagal Blvd. Pasay",MMDA Road Safety Unit,,eb5a3223-3259-4284-85ef-d484f599336f,2016-03-30,11:45:00,EDSA F. B. Harrison St. Pasay,0,0,0,0,0,0,0,0,0,0,2016-03-30 19:45,Property,14.53636061,120.9889709,Rear-End
None,EDSA,None,None,"No Accident Factor, No Collision Stated (based on Police Blotter Book), 0.0 drivers_injured, 0.0 drivers_killed, 0.0 passengers_injured, 0.0 passengers_killed, 0.0 pedestrian_injured, 0.0 pedestrian_killed, Fair (Night), EDSA Macapagal Blvd. Pasay",MMDA Road Safety Unit,,9fad94b7-2a18-49df-b124-b818fb6f9c9d,2016-03-29,14:30:00,EDSA Roxas Blvd. Pasay,0,0,0,0,0,0,0,0,0,0,2016-03-29 22:30,Property,14.53636061,120.9889709,No Collision Stated
None,EDSA,None,None,"No Accident Factor, No Collision Stated (based on Police Blotter Book), 0.0 drivers_injured, 0.0 drivers_killed, 0.0 passengers_injured, 0.0 passengers_killed, 0.0 pedestrian_injured, 0.0 pedestrian_killed, Fair (Night), EDSA Roxas Blvd. Pasay",MMDA Road Safety Unit,,eb5cbafe-4862-45a5-97ed-4aa93ce8fda6,2016-03-29,10:30:00,EDSA Roxas Blvd. (WB) Pasay,0,0,0,0,0,0,0,0,0,0,2016-03-29 18:30,Property,14.53725136,120.9928775,No Collision Stated
None,EDSA,None,None,"No Accident Factor, No Collision Stated (based on Police Blotter Book), 0.0 drivers_injured, 0.0 drivers_killed, 0.0 passengers_injured, 0.0 passengers_killed, 0.0 pedestrian_injured, 0.0 pedestrian_killed, Fair (Day), EDSA Taft Ave. Pasay",MMDA Road Safety Unit,,971dcb31-a23b-474c-b349-c728fd2080a0,2016-03-29,02:30:00,EDSA Roxas Blvd. Pasay,0,0,0,0,0,0,0,0,0,0,2016-03-29 10:30,Property,14.53775951,121.0007229,No Collision Stated
None,EDSA,None,None,"No Accident Factor, No Collision Stated (based on Police Blotter Book), 0.0 drivers_injured, 0.0 drivers_killed, 0.0 passengers_injured, 0.0 passengers_killed, 0.0 pedestrian_injured, 0.0 pedestrian_killed, Fair (Day), EDSA F. B. Harrison St. Pasay",MMDA Road Safety Unit,,fc206388-021d-4114-b62f-54b5cda6ea89,2016-03-29,00:55:00,EDSA Apelo Cruz St.  Pasay,0,0,0,0,0,0,0,0,0,0,2016-03-29 8:55,Property,14.5378679,120.9956516,No Collision Stated
None,EDSA,None,None,"No Accident Factor, Rear-end, 0.0 drivers_injured, 0.0 drivers_killed, 0.0 passengers_injured, 0.0 passengers_killed, 0.0 pedestrian_injured, 0.0 pedestrian_killed, Fair (Day), EDSA A. Arnaiz Ave. (WB) Pasay",MMDA Road Safety Unit,,22a8ca10-0348-45ed-be66-8315afeb5809,2016-03-29,00:25:00,EDSA Roxas Blvd. Pasay,0,0,0,0,0,0,0,0,0,0,2016-03-29 8:25,Property,14.54770714,121.0260742,Rear-End
None,EDSA,None,None,"No Accident Factor, Side Swipe, 0.0 drivers_injured, 0.0 drivers_killed, 0.0 passengers_injured, 0.0 passengers_killed, 0.0 pedestrian_injured, 0.0 pedestrian_killed, Fair (Day), EDSA ""U"" turn slot, Copacabana Pasay",MMDA Road Safety Unit,,03ee7a0e-199a-40b2-bbea-ce40a6d9c72d,2016-03-28,07:30:00,"EDSA ""U"" turn slot, Heritage Pasay",0,0,0,0,0,0,0,0,0,0,2016-03-28 15:30,Property,14.53740934,120.9940239,Side Swipe
None,EDSA,None,None,"No Accident Factor, Hit and Run (Side Swipe), 0.0 drivers_injured, 0.0 drivers_killed, 0.0 passengers_injured, 0.0 passengers_killed, 0.0 pedestrian_injured, 0.0 pedestrian_killed, Fair (Day), EDSA F. B. Harrison St. Pasay",MMDA Road Safety Unit,,478a2291-5c7b-4e0a-a23b-6007229a2f02,2016-03-23,00:00:00,EDSA Roxas Blvd. Pasay,0,0,0,0,0,0,0,0,0,0,2016-03-23 8:00,Property,14.5378679,120.9956516,Side Swipe
None,EDSA,None,None,"No Accident Factor, No Collision Stated (based on Police Blotter Book), 0.0 drivers_injured, 0.0 drivers_killed, 0.0 passengers_injured, 0.0 passengers_killed, 0.0 pedestrian_injured, 0.0 pedestrian_killed, Fair (Night), EDSA Tramo St. Pasay",MMDA Road Safety Unit,,3453c09d-2a2f-427b-a98c-519a919e8e88,2016-03-22,11:30:00,EDSA E. Rodriguez St. (EB) Pasay,0,0,0,0,0,0,0,0,0,0,2016-03-22 19:30,Property,14.53790544,121.0032547,No Collision Stated
None,EDSA,None,None,"No Accident Factor, No Collision Stated (based on Police Blotter Book), 0.0 drivers_injured, 0.0 drivers_killed, 0.0 passengers_injured, 0.0 passengers_killed, 0.0 pedestrian_injured, 0.0 pedestrian_killed, Fair (Night), EDSA F. B. Harrison St. Pasay",MMDA Road Safety Unit,,d32df98d-2e0d-4ef9-8fd6-53df014cf833,2016-03-21,17:10:00,EDSA F.B. Harrison Street Pasay,0,0,0,0,0,0,0,0,0,0,2016-03-22 1:10,Property,14.5378679,120.9956516,No Collision Stated
None,EDSA,None,None,"No Accident Factor, No Collision Stated (based on Police Blotter Book), 0.0 drivers_injured, 0.0 drivers_killed, 0.0 passengers_injured, 0.0 passengers_killed, 0.0 pedestrian_injured, 0.0 pedestrian_killed, Fair (Day), EDSA Roxas Blvd. Pasay",MMDA Road Safety Unit,,424ecb75-6062-4fe4-8cd8-d0a9c7a604fa,2016-03-21,03:00:00,EDSA SM MoA Circle Pasay,0,0,0,0,0,0,0,0,0,0,2016-03-21 11:00,Property,14.53725136,120.9928775,No Collision Stated
None,EDSA,None,None,"No Accident Factor, No Collision Stated (based on Police Blotter Book), 0.0 drivers_injured, 0.0 drivers_killed, 0.0 passengers_injured, 0.0 passengers_killed, 0.0 pedestrian_injured, 0.0 pedestrian_killed, Fair (Night), EDSA Roxas Blvd. (WB) Pasay",MMDA Road Safety Unit,,bf308037-ca5d-464d-97e9-25af3f1907d1,2016-03-20,12:45:00,EDSA Roxas Blvd. Pasay,0,0,0,0,0,0,0,0,0,0,2016-03-20 20:45,Property,14.53725136,120.9928775,No Collision Stated
None,EDSA,None,None,"No Accident Factor, Side Swipe, 0.0 drivers_injured, 0.0 drivers_killed, 0.0 passengers_injured, 0.0 passengers_killed, 0.0 pedestrian_injured, 0.0 pedestrian_killed, Fair (Day), EDSA Roxas Blvd. Pasay",MMDA Road Safety Unit,,a927f49f-f8f5-4ad9-828b-cddee64add39,2016-03-20,06:10:00,EDSA Aurora Blvd. (Tramo St.)  Pasay,0,0,0,0,0,0,0,0,0,0,2016-03-20 14:10,Property,14.53725136,120.9928775,Side Swipe
None,EDSA,None,None,"No Accident Factor, Rear-end, 0.0 drivers_injured, 0.0 drivers_killed, 0.0 passengers_injured, 0.0 passengers_killed, 0.0 pedestrian_injured, 0.0 pedestrian_killed, Fair (Day), EDSA Apelo Cruz St.  Pasay",MMDA Road Safety Unit,,d62b7581-1738-4a0a-be0a-7d6a4019b4f3,2016-03-20,04:00:00,EDSA Macapagal Blvd. Pasay,0,0,0,0,0,0,0,0,0,0,2016-03-20 12:00,Property,14.53789637,121.0046152,Rear-End
None,EDSA,None,None,"No Accident Factor, Rear-end, 0.0 drivers_injured, 0.0 drivers_killed, 0.0 passengers_injured, 0.0 passengers_killed, 0.0 pedestrian_injured, 0.0 pedestrian_killed, Fair (Day), EDSA Roxas Blvd. Pasay",MMDA Road Safety Unit,,950036ce-eaa7-49c4-9d11-4873a69e5101,2016-03-17,03:45:00,EDSA Macapagal Blvd. Pasay,0,0,0,0,0,0,0,0,0,0,2016-03-17 11:45,Property,14.53725136,120.9928775,Rear-End
None,EDSA,None,None,"No Accident Factor, Rear-end, 0.0 drivers_injured, 0.0 drivers_killed, 0.0 passengers_injured, 0.0 passengers_killed, 0.0 pedestrian_injured, 0.0 pedestrian_killed, Fair (Day), EDSA ""U"" turn slot, Heritage Pasay",MMDA Road Safety Unit,,926da057-440d-4d60-a349-55a4ffff8d15,2016-03-15,03:05:00,EDSA Taft Ave. Pasay,0,0,0,0,0,0,0,0,0,0,2016-03-15 11:05,Property,14.5373561,120.9938096,Rear-End
None,EDSA,None,None,"No Accident Factor, Side Swipe, 0.0 drivers_injured, 0.0 drivers_killed, 0.0 passengers_injured, 0.0 passengers_killed, 0.0 pedestrian_injured, 0.0 pedestrian_killed, Fair (Day), EDSA Roxas Blvd. Pasay",MMDA Road Safety Unit,,e7a75de6-a5c1-432e-83a5-914052b18cea,2016-03-15,00:00:00,EDSA Roxas Blvd. Pasay,0,0,0,0,0,0,0,0,0,0,2016-03-15 8:00,Property,14.53725136,120.9928775,Side Swipe
None,EDSA,None,None,"No Accident Factor, No Collision Stated (based on Police Blotter Book), 0.0 drivers_injured, 0.0 drivers_killed, 0.0 passengers_injured, 0.0 passengers_killed, 0.0 pedestrian_injured, 0.0 pedestrian_killed, Fair (Day), EDSA E. Rodriguez St. (EB) Pasay",MMDA Road Safety Unit,,47e83ce4-d77d-46ea-b275-66f4925c67e1,2016-03-14,22:40:00,EDSA Macapagal Blvd. Pasay,0,0,0,0,0,0,0,0,0,0,2016-03-15 6:40,Property,14.53836867,121.0085613,No Collision Stated
None,EDSA,None,None,"No Accident Factor, Hit Object (Signage, Maynilad), 0.0 drivers_injured, 0.0 drivers_killed, 0.0 passengers_injured, 0.0 passengers_killed, 0.0 pedestrian_injured, 0.0 pedestrian_killed, Fair (Night), EDSA F.B. Harrison Street Pasay",MMDA Road Safety Unit,,0fcd10be-c713-4dd8-a943-8d34b1140fb0,2016-03-14,21:00:00,EDSA Park Ave.  Pasay,0,0,0,0,0,0,0,0,0,0,2016-03-15 5:00,Property,14.53785118,120.9955695,Hit Object
None,EDSA,None,None,"No Accident Factor, No Collision Stated (based on Police Blotter Book), 0.0 drivers_injured, 0.0 drivers_killed, 0.0 passengers_injured, 0.0 passengers_killed, 0.0 pedestrian_injured, 0.0 pedestrian_killed, Fair (Day), EDSA SM MoA Circle Pasay",MMDA Road Safety Unit,,0c7cf473-164d-426c-bf68-3bf9c32be90b,2016-03-12,03:30:00,"EDSA ""U"" turn slot, Heritage Hotel Pasay",0,0,0,0,0,0,0,0,0,0,2016-03-12 11:30,Property,14.53556259,120.9848215,No Collision Stated
None,EDSA,None,None,"No Accident Factor, No Collision Stated (based on Police Blotter Book), 0.0 drivers_injured, 0.0 drivers_killed, 0.0 passengers_injured, 0.0 passengers_killed, 0.0 pedestrian_injured, 0.0 pedestrian_killed, Fair (Night), EDSA Roxas Blvd. Pasay",MMDA Road Safety Unit,,21943da6-f066-427e-bc29-a250515a60a3,2016-03-11,14:45:00,EDSA Tramo St.  Pasay,0,0,0,0,0,0,0,0,0,0,2016-03-11 22:45,Property,14.53725136,120.9928775,No Collision Stated
None,EDSA,None,None,"No Accident Factor, No Collision Stated (based on Police Blotter Book), 0.0 drivers_injured, 0.0 drivers_killed, 0.0 passengers_injured, 0.0 passengers_killed, 0.0 pedestrian_injured, 0.0 pedestrian_killed, Fair (Night), EDSA Aurora Blvd. (Tramo St.)  Pasay",MMDA Road Safety Unit,,d4992940-5648-41f9-9f75-b15ff2745e33,2016-03-11,12:15:00,EDSA F. B. Harrison St. Pasay,0,0,0,0,0,0,0,0,0,0,2016-03-11 20:15,Property,14.53779864,121.0033477,No Collision Stated
None,EDSA,None,None,"No Accident Factor, Side Swipe, 0.0 drivers_injured, 0.0 drivers_killed, 0.0 passengers_injured, 0.0 passengers_killed, 0.0 pedestrian_injured, 0.0 pedestrian_killed, Fair (Day), EDSA Macapagal Blvd. Pasay",MMDA Road Safety Unit,,a961aa45-b894-4d6a-844b-a1aea3391800,2016-03-10,09:20:00,EDSA Park Ave.  Pasay,0,0,0,0,0,0,0,0,0,0,2016-03-10 17:20,Property,14.53636061,120.9889709,Side Swipe
None,EDSA,None,None,"No Accident Factor, Rear-end, 0.0 drivers_injured, 0.0 drivers_killed, 0.0 passengers_injured, 0.0 passengers_killed, 0.0 pedestrian_injured, 0.0 pedestrian_killed, Fair (Day), EDSA Macapagal Blvd. Pasay",MMDA Road Safety Unit,,8a5a25a0-76d6-4f2e-87c3-8a57d10dc1e3,2016-03-10,04:00:00,EDSA Roxas Blvd. Pasay,0,0,0,0,0,0,0,0,0,0,2016-03-10 12:00,Property,14.53636061,120.9889709,Rear-End
None,EDSA,None,None,"No Accident Factor, Side Swipe, 0.0 drivers_injured, 0.0 drivers_killed, 0.0 passengers_injured, 0.0 passengers_killed, 0.0 pedestrian_injured, 0.0 pedestrian_killed, Fair (Day), EDSA Taft Ave. Pasay",MMDA Road Safety Unit,,b410fdb2-9f77-482e-863b-35f415f3a6ca,2016-03-10,02:00:00,EDSA Taft Ave. Pasay,0,0,0,0,0,0,0,0,0,0,2016-03-10 10:00,Property,14.53775951,121.0007229,Side Swipe
None,EDSA,None,None,"No Accident Factor, No Collision Stated (based on Police Blotter Book), 0.0 drivers_injured, 0.0 drivers_killed, 0.0 passengers_injured, 0.0 passengers_killed, 0.0 pedestrian_injured, 0.0 pedestrian_killed, Fair (Day), EDSA Roxas Blvd. Pasay",MMDA Road Safety Unit,,1b0ad97c-68ee-4b94-9559-c52d8ba437d0,2016-03-09,04:20:00,EDSA F. B. Harrison St. Pasay,0,0,0,0,0,0,0,0,0,0,2016-03-09 12:20,Property,14.53725136,120.9928775,No Collision Stated
None,EDSA,None,None,"No Accident Factor, No Collision Stated (based on Police Blotter Book), 0.0 drivers_injured, 0.0 drivers_killed, 0.0 passengers_injured, 0.0 passengers_killed, 0.0 pedestrian_injured, 0.0 pedestrian_killed, Fair (Night), EDSA Macapagal Blvd. Pasay",MMDA Road Safety Unit,,ee422491-bd74-477c-bb0a-c7645ffc58ad,2016-03-08,15:00:00,EDSA Caltex Gas Station-Malibay Pasay,0,0,0,0,0,0,0,0,0,0,2016-03-08 23:00,Property,14.53636061,120.9889709,No Collision Stated
None,EDSA,None,None,"No Accident Factor, Rear-end, 0.0 drivers_injured, 0.0 drivers_killed, 0.0 passengers_injured, 0.0 passengers_killed, 0.0 pedestrian_injured, 0.0 pedestrian_killed, Fair (Day), EDSA Park Ave.  Pasay",MMDA Road Safety Unit,,0985831e-5b0f-4028-b934-650b461e0255,2016-03-08,04:20:00,EDSA Taft Ave. Pasay,0,0,0,0,0,0,0,0,0,0,2016-03-08 12:20,Property,14.53774622,120.9982843,Rear-End
None,EDSA,None,None,"No Accident Factor, No Collision Stated (based on Police Blotter Book), 0.0 drivers_injured, 0.0 drivers_killed, 0.0 passengers_injured, 0.0 passengers_killed, 0.0 pedestrian_injured, 0.0 pedestrian_killed, Fair (Night), EDSA ""U"" turn slot, Heritage Hotel Pasay",MMDA Road Safety Unit,,2f6fd880-355d-4b4c-a770-31ff9b565634,2016-03-06,21:10:00,EDSA Tramo St. Pasay,0,0,0,0,0,0,0,0,0,0,2016-03-07 5:10,Property,14.5373561,120.9938096,No Collision Stated
None,EDSA,None,None,"No Accident Factor, Side Swipe, 0.0 drivers_injured, 0.0 drivers_killed, 0.0 passengers_injured, 0.0 passengers_killed, 0.0 pedestrian_injured, 0.0 pedestrian_killed, Fair (Night), EDSA Tramo St.  Pasay",MMDA Road Safety Unit,,21a41f58-68f1-4b00-aa31-89af63d6fbb4,2016-03-04,17:45:00,EDSA Roxas Blvd. Pasay,0,0,0,0,0,0,0,0,0,0,2016-03-05 1:45,Property,14.53790544,121.0032547,Side Swipe
None,EDSA,None,None,"No Accident Factor, Angle Impact, 0.0 drivers_injured, 0.0 drivers_killed, 0.0 passengers_injured, 0.0 passengers_killed, 0.0 pedestrian_injured, 0.0 pedestrian_killed, Fair (Night), EDSA F. B. Harrison St. Pasay",MMDA Road Safety Unit,,81f8ed4b-bd47-4527-a2a4-d41dbe0d23d6,2016-03-04,11:15:00,EDSA F. B. Harrison St. Pasay,0,0,0,0,0,0,0,0,0,0,2016-03-04 19:15,Property,14.5378679,120.9956516,Angle Impact
None,EDSA,None,None,"No Accident Factor, Hit and Run (Side Swipe), 0.0 drivers_injured, 0.0 drivers_killed, 0.0 passengers_injured, 0.0 passengers_killed, 0.0 pedestrian_injured, 0.0 pedestrian_killed, Fair (Night), EDSA Park Ave.  Pasay",MMDA Road Safety Unit,,86914549-1fc6-4baa-8ae8-0d7c5adfd2eb,2016-03-03,12:30:00,EDSA Cabrera St. Pasay,0,0,0,0,0,0,0,0,0,0,2016-03-03 20:30,Property,14.53774622,120.9982843,Side Swipe
None,EDSA,None,None,"No Accident Factor, Side Swipe, 0.0 drivers_injured, 0.0 drivers_killed, 0.0 passengers_injured, 0.0 passengers_killed, 0.0 pedestrian_injured, 0.0 pedestrian_killed, Fair (Day), EDSA Roxas Blvd. Pasay",MMDA Road Safety Unit,,435f0406-d9e1-4ebe-978e-94957d16f7c2,2016-03-03,04:10:00,EDSA Tramo (SB) Pasay,0,0,0,0,0,0,0,0,0,0,2016-03-03 12:10,Property,14.53725136,120.9928775,Side Swipe
None,EDSA,None,None,"No Accident Factor, Hit and Run (No Collision Stated), 0.0 drivers_injured, 0.0 drivers_killed, 0.0 passengers_injured, 0.0 passengers_killed, 0.0 pedestrian_injured, 0.0 pedestrian_killed, Fair (Night), EDSA Taft Ave. Pasay",MMDA Road Safety Unit,,a48dd4c2-a139-4985-8cbf-d22f8e3552dd,2016-03-02,13:00:00,EDSA Taft Ave. Pasay,0,0,0,0,0,0,0,0,0,0,2016-03-02 21:00,Property,14.53775951,121.0007229,No Collision Stated
None,EDSA,None,None,"No Accident Factor, Side Swipe, 0.0 drivers_injured, 0.0 drivers_killed, 0.0 passengers_injured, 0.0 passengers_killed, 0.0 pedestrian_injured, 0.0 pedestrian_killed, Fair (Night), EDSA F. B. Harrison St. Pasay",MMDA Road Safety Unit,,968f180e-b02e-4bce-881d-0d79b43ee1e0,2016-03-02,10:30:00,EDSA Taft Ave. Pasay,0,0,0,0,0,0,0,0,0,0,2016-03-02 18:30,Property,14.5378679,120.9956516,Side Swipe
None,EDSA,None,None,"No Accident Factor, Rear-end, 0.0 drivers_injured, 0.0 drivers_killed, 0.0 passengers_injured, 0.0 passengers_killed, 0.0 pedestrian_injured, 0.0 pedestrian_killed, Fair (Day), EDSA Caltex Gas Station-Malibay Pasay",MMDA Road Safety Unit,,54117844-0f67-43f9-b192-7af3b1532739,2016-03-02,00:00:00,EDSA Taft Ave. Pasay,0,0,0,0,0,0,0,0,0,0,2016-03-02 8:00,Property,14.53902197,121.0121772,Rear-End
None,EDSA,None,None,"No Accident Factor, Hit and Run (Side Swipe), 0.0 drivers_injured, 0.0 drivers_killed, 0.0 passengers_injured, 0.0 passengers_killed, 0.0 pedestrian_injured, 0.0 pedestrian_killed, Fair (Night), EDSA Taft Ave. Pasay",MMDA Road Safety Unit,,3cd415fc-9b45-44b7-b603-bd68108e667b,2016-02-28,14:30:00,EDSA Cabrera (EB) Pasay,0,0,0,0,0,0,0,0,0,0,2016-02-28 22:30,Property,14.53775951,121.0007229,Side Swipe
None,EDSA,None,None,"No Accident Factor, Side Swipe, 0.0 drivers_injured, 0.0 drivers_killed, 0.0 passengers_injured, 0.0 passengers_killed, 0.0 pedestrian_injured, 0.0 pedestrian_killed, Fair (Night), EDSA Tramo St. Pasay",MMDA Road Safety Unit,,f712eb54-173c-4c1f-9229-d40517308acd,2016-02-28,12:45:00,EDSA Macapagal Blvd. Pasay,0,0,0,0,0,0,0,0,0,0,2016-02-28 20:45,Property,14.53790544,121.0032547,Side Swipe
None,EDSA,None,None,"No Accident Factor, No Collision Stated (based on Police Blotter Book), 0.0 drivers_injured, 0.0 drivers_killed, 0.0 passengers_injured, 0.0 passengers_killed, 0.0 pedestrian_injured, 0.0 pedestrian_killed, Fair (Night), EDSA Roxas Blvd. Pasay",MMDA Road Safety Unit,,e0b12672-5a2d-4b69-b0ca-87f2af72f86c,2016-02-26,19:00:00,EDSA Roxas Blvd. Pasay,0,0,0,0,0,0,0,0,0,0,2016-02-27 3:00,Property,14.53725136,120.9928775,No Collision Stated
None,EDSA,None,None,"No Accident Factor, Side Swipe, 0.0 drivers_injured, 0.0 drivers_killed, 0.0 passengers_injured, 0.0 passengers_killed, 0.0 pedestrian_injured, 0.0 pedestrian_killed, Fair (Night), EDSA F. B. Harrison St. Pasay",MMDA Road Safety Unit,,80d9f002-5be5-4c44-b35e-bafa2733321e,2016-02-26,11:30:00,EDSA Roxas Blvd. Pasay,0,0,0,0,0,0,0,0,0,0,2016-02-26 19:30,Property,14.5378679,120.9956516,Side Swipe