LOCATION_TEXT,ROAD,WEATHER,LIGHT,DESC,REPORTING_AGENCY,MAIN_CAUSE,INCIDENTDETAILS_ID,DATE_UTC,TIME_UTC,ADDRESS,killed_driver,killed_passenger,killed_pedestrian,injured_driver,injured_passenger,injured_pedestrian,killed_uncategorized,injured_uncategorized,killed_total,injured_total,DATETIME_PST,SEVERITY,Y,X,COLLISION_TYPE
None,EDSA,None,None,"No Accident Factor, No Collision Stated (based on Police Blotter Book), 0.0 drivers_injured, 0.0 drivers_killed, 0.0 passengers_injured, 0.0 passengers_killed, 0.0 pedestrian_injured, 0.0 pedestrian_killed, Fair (Night), EDSA Cabrera St. Pasay",MMDA Road Safety Unit,,e8fcc0cd-809f-40b6-95e0-023ed836fd2e,2016-02-24,11:00:00,"EDSA Heritage Hotel ""U"" turn slot  Pasay",0,0,0,0,0,0,0,0,0,0,2016-02-24 19:00,Property,14.53817493,121.0048575,No Collision Stated
None,EDSA,None,None,"No Accident Factor, Side Swipe, 0.0 drivers_injured, 0.0 drivers_killed, 0.0 passengers_injured, 0.0 passengers_killed, 0.0 pedestrian_injured, 0.0 pedestrian_killed, Fair (Day), EDSA Tramo (SB) Pasay",MMDA Road Safety Unit,,c232107d-e73f-4ea7-a9c8-aedc1472da65,2016-02-22,06:15:00,"EDSA Heritage Hotel ""U"" turn slot  Pasay",0,0,0,0,0,0,0,0,0,0,2016-02-22 14:15,Property,14.53790544,121.0032547,Side Swipe
None,EDSA,None,None,"No Accident Factor, No Collision Stated (based on Police Blotter Book), 0.0 drivers_injured, 0.0 drivers_killed, 0.0 passengers_injured, 0.0 passengers_killed, 0.0 pedestrian_injured, 0.0 pedestrian_killed, Fair (Night), EDSA Taft Ave. Pasay",MMDA Road Safety Unit,,556fed90-fed0-41da-9928-5fdec6f23b9c,2016-02-21,13:15:00,EDSA Taft Ave. Pasay,0,0,0,0,0,0,0,0,0,0,2016-02-21 21:15,Property,14.53775951,121.0007229,No Collision Stated
None,EDSA,None,None,"No Accident Factor, No Collision Stated (based on Police Blotter Book), 0.0 drivers_injured, 0.0 drivers_killed, 0.0 passengers_injured, 0.0 passengers_killed, 0.0 pedestrian_injured, 0.0 pedestrian_killed, Fair (Night), EDSA Taft Ave. Pasay",MMDA Road Safety Unit,,263538d1-a8fb-47bb-b5d2-cc2ae24a5efb,2016-02-21,12:50:00,EDSA Taft Ave. Pasay,0,0,0,0,0,0,0,0,0,0,2016-02-21 20:50,Property,14.53775951,121.0007229,No Collision Stated
None,EDSA,None,None,"No Accident Factor, No Collision Stated (based on Police Blotter Book), 0.0 drivers_injured, 0.0 drivers_killed, 0.0 passengers_injured, 0.0 passengers_killed, 0.0 pedestrian_injured, 0.0 pedestrian_killed, Fair (Day), EDSA Taft Ave. Pasay",MMDA Road Safety Unit,,1129550c-bc3e-4c05-9a77-21f1348b2ed1,2016-02-21,01:00:00,EDSA Macapagal Blvd. Pasay,0,0,0,0,0,0,0,0,0,0,2016-02-21 9:00,Property,14.53775951,121.0007229,No Collision Stated
None,EDSA,None,None,"No Accident Factor, No Collision Stated (based on Police Blotter Book), 1.0 drivers_injured, 0.0 drivers_killed, 0.0 passengers_injured, 0.0 passengers_killed, 0.0 pedestrian_injured, 0.0 pedestrian_killed, Fair (Day), EDSA Cabrera (EB) Pasay",MMDA Road Safety Unit,,41dcf6ee-7bf6-418b-80c4-7c9af77351cf,2016-02-20,23:00:00,EDSA SM MOA Circle Pasay,0,0,0,1,0,0,0,0,0,1,2016-02-21 7:00,Injury,14.53817493,121.0048575,No Collision Stated
None,EDSA,None,None,"No Accident Factor, No Collision Stated (based on Police Blotter Book), 0.0 drivers_injured, 0.0 drivers_killed, 0.0 passengers_injured, 0.0 passengers_killed, 0.0 pedestrian_injured, 0.0 pedestrian_killed, Fair (Night), EDSA Macapagal Blvd. Pasay",MMDA Road Safety Unit,,34dd78b6-084d-49a9-84bf-de3199aa051c,2016-02-20,14:15:00,"EDSA Roxas Blvd. ""U"" turn slot Pasay",0,0,0,0,0,0,0,0,0,0,2016-02-20 22:15,Property,14.53636061,120.9889709,No Collision Stated
None,EDSA,None,None,"No Accident Factor, Side Swipe, 0.0 drivers_injured, 0.0 drivers_killed, 0.0 passengers_injured, 0.0 passengers_killed, 0.0 pedestrian_injured, 0.0 pedestrian_killed, Fair (Day), EDSA Roxas Blvd. Pasay",MMDA Road Safety Unit,,581c4402-4f50-442b-9566-d8a4514a175d,2016-02-20,02:40:00,EDSA Roxas Blvd. Pasay,0,0,0,0,0,0,0,0,0,0,2016-02-20 10:40,Property,14.53725136,120.9928775,Side Swipe
None,EDSA,None,None,"No Accident Factor, Rear-end, 0.0 drivers_injured, 0.0 drivers_killed, 0.0 passengers_injured, 0.0 passengers_killed, 0.0 pedestrian_injured, 0.0 pedestrian_killed, Fair (Night), EDSA Roxas Blvd. Pasay",MMDA Road Safety Unit,,824c52fe-2c8e-4c9b-b155-7956aa79f1c9,2016-02-18,15:50:00,EDSA Heritage Hotel  Pasay,0,0,0,0,0,0,0,0,0,0,2016-02-18 23:50,Property,14.53725136,120.9928775,Rear-End
None,EDSA,None,None,"No Accident Factor, No Collision Stated (based on Police Blotter Book), 0.0 drivers_injured, 0.0 drivers_killed, 0.0 passengers_injured, 0.0 passengers_killed, 0.0 pedestrian_injured, 0.0 pedestrian_killed, Fair (Day), EDSA Heritage Hotel ""U"" turn slot  Pasay",MMDA Road Safety Unit,,8e9fd116-a83b-4f23-9969-dac2bdf98c86,2016-02-18,08:30:00,EDSA Heritage (NB) Pasay,0,0,0,0,0,0,0,0,0,0,2016-02-18 16:30,Property,14.53735972,120.9938132,No Collision Stated
None,EDSA,None,None,"No Accident Factor, No Collision Stated (based on Police Blotter Book), 0.0 drivers_injured, 0.0 drivers_killed, 0.0 passengers_injured, 0.0 passengers_killed, 0.0 pedestrian_injured, 0.0 pedestrian_killed, Fair (Day), EDSA Heritage Hotel ""U"" turn slot  Pasay",MMDA Road Safety Unit,,149300ef-246b-4094-851c-4dbdc819e90b,2016-02-18,06:30:00,EDSA Macapagal Blvd. Pasay,0,0,0,0,0,0,0,0,0,0,2016-02-18 14:30,Property,14.53735972,120.9938132,No Collision Stated
None,EDSA,None,None,"No Accident Factor, No Collision Stated (based on Police Blotter Book), 0.0 drivers_injured, 0.0 drivers_killed, 0.0 passengers_injured, 0.0 passengers_killed, 0.0 pedestrian_injured, 0.0 pedestrian_killed, Fair (Day), EDSA Taft Ave. Pasay",MMDA Road Safety Unit,,5492a1cc-3585-4392-88b3-a56fbe7b09d7,2016-02-17,09:00:00,EDSA Victory Bus Terminal Parking Area  Pasay,0,0,0,0,0,0,0,0,0,0,2016-02-17 17:00,Property,14.53775951,121.0007229,No Collision Stated
None,EDSA,None,None,"No Accident Factor, Multiple Collision, 0.0 drivers_injured, 0.0 drivers_killed, 0.0 passengers_injured, 0.0 passengers_killed, 0.0 pedestrian_injured, 0.0 pedestrian_killed, Fair (Day), EDSA Taft Ave. Pasay",MMDA Road Safety Unit,,3746d9cb-daf2-4231-a05c-12a97bf130e8,2016-02-17,06:35:00,EDSA Macapagal Blvd. Pasay,0,0,0,0,0,0,0,0,0,0,2016-02-17 14:35,Property,14.53775951,121.0007229,Multiple
None,EDSA,None,None,"No Accident Factor, No Collision Stated (based on Police Blotter Book), 0.0 drivers_injured, 0.0 drivers_killed, 0.0 passengers_injured, 0.0 passengers_killed, 0.0 pedestrian_injured, 0.0 pedestrian_killed, Fair (Day), EDSA Macapagal Blvd. Pasay",MMDA Road Safety Unit,,9c1f06f5-3bdf-4c71-b7be-5602590118a3,2016-02-16,22:20:00,EDSA Roxas Blvd. Pasay,0,0,0,0,0,0,0,0,0,0,2016-02-17 6:20,Property,14.53636061,120.9889709,No Collision Stated
None,EDSA,None,None,"No Accident Factor, No Collision Stated (based on Police Blotter Book), 0.0 drivers_injured, 0.0 drivers_killed, 0.0 passengers_injured, 0.0 passengers_killed, 0.0 pedestrian_injured, 0.0 pedestrian_killed, Fair (Night), EDSA SM MOA Circle Pasay",MMDA Road Safety Unit,,b7909bf5-d56d-4e33-902b-8d54aca48110,2016-02-16,14:55:00,EDSA Macapagal Blvd. Pasay,0,0,0,0,0,0,0,0,0,0,2016-02-16 22:55,Property,14.53556259,120.9848215,No Collision Stated
None,EDSA,None,None,"No Accident Factor, Rear-end, 0.0 drivers_injured, 0.0 drivers_killed, 0.0 passengers_injured, 0.0 passengers_killed, 0.0 pedestrian_injured, 0.0 pedestrian_killed, Fair (Day), EDSA Roxas Blvd. ""U"" turn slot Pasay",MMDA Road Safety Unit,,f0593b07-67e5-4106-b7cb-8b8ee24a4e22,2016-02-16,01:35:00,EDSA Roxas Blvd. Pasay,0,0,0,0,0,0,0,0,0,0,2016-02-16 9:35,Property,14.53725136,120.9928775,Rear-End
None,EDSA,None,None,"No Accident Factor, No Collision Stated (based on Police Blotter Book), 0.0 drivers_injured, 0.0 drivers_killed, 0.0 passengers_injured, 0.0 passengers_killed, 0.0 pedestrian_injured, 0.0 pedestrian_killed, Fair (Day), EDSA Roxas Blvd. Pasay",MMDA Road Safety Unit,,3751dbda-69b4-4160-8d1d-7f9945c2c1fd,2016-02-15,23:15:00,EDSA Taft Ave. Pasay,0,0,0,0,0,0,0,0,0,0,2016-02-16 7:15,Property,14.53725136,120.9928775,No Collision Stated
None,EDSA,None,None,"No Accident Factor, No Collision Stated (based on Police Blotter Book), 0.0 drivers_injured, 0.0 drivers_killed, 0.0 passengers_injured, 0.0 passengers_killed, 0.0 pedestrian_injured, 0.0 pedestrian_killed, Fair (Day), EDSA Heritage Hotel  Pasay",MMDA Road Safety Unit,,ceb9d70b-c886-4eac-ab24-0cb236a21af1,2016-02-15,08:30:00,EDSA Tramo St.  Pasay,0,0,0,0,0,0,0,0,0,0,2016-02-15 16:30,Property,14.53721957,120.9935015,No Collision Stated
None,EDSA,None,None,"No Accident Factor, Rear-end, 0.0 drivers_injured, 0.0 drivers_killed, 0.0 passengers_injured, 0.0 passengers_killed, 0.0 pedestrian_injured, 0.0 pedestrian_killed, Fair (Day), EDSA Heritage (NB) Pasay",MMDA Road Safety Unit,,4060ea79-b1d7-4fc8-8645-24f4f144f737,2016-02-15,01:55:00,EDSA Taft Ave. Pasay,0,0,0,0,0,0,0,0,0,0,2016-02-15 9:55,Property,14.53721957,120.9935015,Rear-End
None,EDSA,None,None,"No Accident Factor, No Collision Stated (based on Police Blotter Book), 1.0 drivers_injured, 0.0 drivers_killed, 0.0 passengers_injured, 0.0 passengers_killed, 0.0 pedestrian_injured, 0.0 pedestrian_killed, Fair (Day), EDSA Macapagal Blvd. Pasay",MMDA Road Safety Unit,,823c4832-cc3f-4f61-bc67-4799f4ba79cb,2016-02-14,05:30:00,EDSA Roxas Blvd. Pasay,0,0,0,1,0,0,0,0,0,1,2016-02-14 13:30,Injury,14.53636061,120.9889709,No Collision Stated
None,EDSA,None,None,"No Accident Factor, No Collision Stated (based on Police Blotter Book), 0.0 drivers_injured, 0.0 drivers_killed, 0.0 passengers_injured, 0.0 passengers_killed, 0.0 pedestrian_injured, 0.0 pedestrian_killed, Fair (Day), EDSA Victory Bus Terminal Parking Area  Pasay",MMDA Road Safety Unit,,83ea5a6c-ae14-4ff9-92d0-a0da851a58e4,2016-02-14,02:25:00,EDSA Roxas Blvd. Pasay,0,0,0,0,0,0,0,0,0,0,2016-02-14 10:25,Property,14.53839425,121.0066648,No Collision Stated
None,EDSA,None,None,"No Accident Factor, Side Swipe, 0.0 drivers_injured, 0.0 drivers_killed, 0.0 passengers_injured, 0.0 passengers_killed, 0.0 pedestrian_injured, 0.0 pedestrian_killed, Fair (Night), EDSA Macapagal Blvd. Pasay",MMDA Road Safety Unit,,3bdf4393-a99c-4a51-8fd1-c7fb025fb87b,2016-02-13,21:55:00,EDSA Tramo (WB)  Pasay,0,0,0,0,0,0,0,0,0,0,2016-02-14 5:55,Property,14.53636061,120.9889709,Side Swipe
None,EDSA,None,None,"No Accident Factor, No Collision Stated (based on Police Blotter Book), 0.0 drivers_injured, 0.0 drivers_killed, 0.0 passengers_injured, 0.0 passengers_killed, 0.0 pedestrian_injured, 0.0 pedestrian_killed, Fair (Night), EDSA Roxas Blvd. Pasay",MMDA Road Safety Unit,,fcc7f3ac-82ea-4e18-ac33-06e8cf5b0efa,2016-02-13,13:30:00,EDSA Roxas Blvd. (SB)  Pasay,0,0,0,0,0,0,0,0,0,0,2016-02-13 21:30,Property,14.53725136,120.9928775,No Collision Stated
None,EDSA,None,None,"No Accident Factor, No Collision Stated (based on Police Blotter Book), 0.0 drivers_injured, 0.0 drivers_killed, 0.0 passengers_injured, 0.0 passengers_killed, 0.0 pedestrian_injured, 0.0 pedestrian_killed, Fair (Day), EDSA Macapagal Blvd. Pasay",MMDA Road Safety Unit,,b800ca9e-95ac-450b-b727-b45bd121e350,2016-02-13,08:30:00,EDSA Macapagal Blvd. Pasay,0,0,0,0,0,0,0,0,0,0,2016-02-13 16:30,Property,14.53636061,120.9889709,No Collision Stated
None,EDSA,None,None,"No Accident Factor, No Collision Stated (based on Police Blotter Book), 1.0 drivers_injured, 0.0 drivers_killed, 0.0 passengers_injured, 0.0 passengers_killed, 0.0 pedestrian_injured, 0.0 pedestrian_killed, Fair (Day), EDSA Roxas Blvd. Pasay",MMDA Road Safety Unit,,ca37bbfe-889c-45a3-8933-1516b18dface,2016-02-13,02:00:00,EDSA Macapagal Blvd. Pasay,0,0,0,1,0,0,0,0,0,1,2016-02-13 10:00,Injury,14.53725136,120.9928775,No Collision Stated
None,EDSA,None,None,"No Accident Factor, No Collision Stated (based on Police Blotter Book), 0.0 drivers_injured, 0.0 drivers_killed, 0.0 passengers_injured, 0.0 passengers_killed, 0.0 pedestrian_injured, 0.0 pedestrian_killed, Fair (Day), EDSA Taft Ave. Pasay",MMDA Road Safety Unit,,de1c43a6-7501-48f7-bf78-daad76b4a266,2016-02-12,00:40:00,EDSA Macapagal Blvd. Pasay,0,0,0,0,0,0,0,0,0,0,2016-02-12 8:40,Property,14.53775951,121.0007229,No Collision Stated
None,EDSA,None,None,"No Accident Factor, No Collision Stated (based on Police Blotter Book), 0.0 drivers_injured, 0.0 drivers_killed, 0.0 passengers_injured, 0.0 passengers_killed, 0.0 pedestrian_injured, 0.0 pedestrian_killed, Fair (Night), EDSA Tramo St.  Pasay",MMDA Road Safety Unit,,2004d53c-57fa-465f-b6d2-0c2aee64179b,2016-02-09,12:00:00,EDSA Tramo Zipper Concrete Barriere Pasay,0,0,0,0,0,0,0,0,0,0,2016-02-09 20:00,Property,14.53790544,121.0032547,No Collision Stated
None,EDSA,None,None,"No Accident Factor, Rear-end, 0.0 drivers_injured, 0.0 drivers_killed, 0.0 passengers_injured, 0.0 passengers_killed, 0.0 pedestrian_injured, 0.0 pedestrian_killed, Fair (Day), EDSA Taft Ave. Pasay",MMDA Road Safety Unit,,f75200ed-7bf9-4265-a13b-66ae52b3f560,2016-02-08,06:30:00,EDSA Roxas Blvd. Pasay,0,0,0,0,0,0,0,0,0,0,2016-02-08 14:30,Property,14.53775951,121.0007229,Rear-End
None,EDSA,None,None,"No Accident Factor, No Collision Stated (based on Police Blotter Book), 0.0 drivers_injured, 0.0 drivers_killed, 0.0 passengers_injured, 0.0 passengers_killed, 0.0 pedestrian_injured, 0.0 pedestrian_killed, Fair (Night), EDSA Roxas Blvd. Pasay",MMDA Road Safety Unit,,2e961fcb-6714-418e-969d-b9ab6513a83a,2016-02-06,15:00:00,EDSA Rotonda Pasay,0,0,0,0,0,0,0,0,0,0,2016-02-06 23:00,Property,14.53725136,120.9928775,No Collision Stated
None,EDSA,None,None,"No Accident Factor, No Collision Stated (based on Police Blotter Book), 0.0 drivers_injured, 0.0 drivers_killed, 0.0 passengers_injured, 0.0 passengers_killed, 0.0 pedestrian_injured, 0.0 pedestrian_killed, Fair (Night), EDSA Roxas Blvd. Pasay",MMDA Road Safety Unit,,26b7c79f-b775-4a6c-b4de-b3329234be89,2016-02-06,14:30:00,EDSA Taft Rotonda (NB) Pasay,0,0,0,0,0,0,0,0,0,0,2016-02-06 22:30,Property,14.53725136,120.9928775,No Collision Stated
None,EDSA,None,None,"No Accident Factor, No Collision Stated (based on Police Blotter Book), 0.0 drivers_injured, 0.0 drivers_killed, 0.0 passengers_injured, 0.0 passengers_killed, 0.0 pedestrian_injured, 0.0 pedestrian_killed, Fair (Day), EDSA Tramo (WB)  Pasay",MMDA Road Safety Unit,,f885e1fe-6478-4499-9e0a-147a697d1538,2016-02-06,06:15:00,EDSA Heritage Pasay,0,0,0,0,0,0,0,0,0,0,2016-02-06 14:15,Property,14.53790544,121.0032547,No Collision Stated
None,EDSA,None,None,"No Accident Factor, Multiple Collision, 1.0 drivers_injured, 0.0 drivers_killed, 3.0 passengers_injured, 0.0 passengers_killed, 0.0 pedestrian_injured, 0.0 pedestrian_killed, Fair (Day), EDSA Roxas Blvd. (SB)  Pasay",MMDA Road Safety Unit,,9b540120-43f0-4b89-966e-20668f9e9709,2016-02-05,07:15:00,EDSA Macapagal Blvd. Pasay,0,0,0,1,3,0,0,0,0,4,2016-02-05 15:15,Injury,14.53725136,120.9928775,Multiple
None,EDSA,None,None,"No Accident Factor, No Collision Stated (based on Police Blotter Book), 0.0 drivers_injured, 0.0 drivers_killed, 0.0 passengers_injured, 0.0 passengers_killed, 0.0 pedestrian_injured, 0.0 pedestrian_killed, Fair (Day), EDSA Macapagal Blvd. Pasay",MMDA Road Safety Unit,,62aef175-0b64-4354-b9eb-4024e88966d2,2016-02-05,04:45:00,EDSA Mitsubishi Motors  Pasay,0,0,0,0,0,0,0,0,0,0,2016-02-05 12:45,Property,14.53636061,120.9889709,No Collision Stated
None,EDSA,None,None,"No Accident Factor, No Collision Stated (based on Police Blotter Book), 0.0 drivers_injured, 0.0 drivers_killed, 0.0 passengers_injured, 0.0 passengers_killed, 0.0 pedestrian_injured, 0.0 pedestrian_killed, Fair (Day), EDSA Macapagal Blvd. Pasay",MMDA Road Safety Unit,,58c785b6-315d-4f49-8c97-7ff441124dc1,2016-02-05,01:10:00,EDSA Tramo (SB) Pasay,0,0,0,0,0,0,0,0,0,0,2016-02-05 9:10,Property,14.53636061,120.9889709,No Collision Stated
None,EDSA,None,None,"No Accident Factor, No Collision Stated (based on Police Blotter Book), 0.0 drivers_injured, 0.0 drivers_killed, 0.0 passengers_injured, 0.0 passengers_killed, 0.0 pedestrian_injured, 0.0 pedestrian_killed, Fair (Night), EDSA Macapagal Blvd. Pasay",MMDA Road Safety Unit,,dbd53844-a5c9-4a7e-8bfb-a44c39e87384,2016-02-04,21:00:00,EDSA Park Ave. (NB) Pasay,0,0,0,0,0,0,0,0,0,0,2016-02-05 5:00,Property,14.53636061,120.9889709,No Collision Stated
None,EDSA,None,None,"No Accident Factor, Hit Object (Barrier-Concrete), 0.0 drivers_injured, 0.0 drivers_killed, 0.0 passengers_injured, 0.0 passengers_killed, 0.0 pedestrian_injured, 0.0 pedestrian_killed, Fair (Day), EDSA Tramo Zipper Concrete Barriere Pasay",MMDA Road Safety Unit,,6cb71a0c-fb82-48c9-91f9-ef2e2c252d52,2016-02-04,04:30:00,EDSA Roxas Blvd. Pasay,0,0,0,0,0,0,0,0,0,0,2016-02-04 12:30,Property,14.53790544,121.0032547,Hit Object
None,EDSA,None,None,"No Accident Factor, No Collision Stated (based on Police Blotter Book), 0.0 drivers_injured, 0.0 drivers_killed, 0.0 passengers_injured, 0.0 passengers_killed, 0.0 pedestrian_injured, 0.0 pedestrian_killed, Fair (Night), EDSA Roxas Blvd. Pasay",MMDA Road Safety Unit,,593c906c-420a-467c-bca7-e1970283c3ca,2016-02-03,12:50:00,EDSA Macapagal Blvd. Pasay,0,0,0,0,0,0,0,0,0,0,2016-02-03 20:50,Property,14.53725136,120.9928775,No Collision Stated
None,EDSA,None,None,"No Accident Factor, No Collision Stated (based on Police Blotter Book), 0.0 drivers_injured, 0.0 drivers_killed, 0.0 passengers_injured, 0.0 passengers_killed, 0.0 pedestrian_injured, 0.0 pedestrian_killed, Fair (Day), EDSA Rotonda Pasay",MMDA Road Safety Unit,,7d2061f0-7ac0-42f4-8291-c9278a5c960a,2016-02-03,08:30:00,EDSA Roxas Blvd. Pasay,0,0,0,0,0,0,0,0,0,0,2016-02-03 16:30,Property,14.53744344,121.0007766,No Collision Stated
None,EDSA,None,None,"No Accident Factor, Side Swipe, 0.0 drivers_injured, 0.0 drivers_killed, 0.0 passengers_injured, 0.0 passengers_killed, 0.0 pedestrian_injured, 0.0 pedestrian_killed, Fair (Night), EDSA Taft Rotonda (NB) Pasay",MMDA Road Safety Unit,,052ab0d0-9e6b-4a9c-bb46-9031bb2d17ce,2016-02-02,15:35:00,EDSA Macapagal Blvd. Pasay,0,0,0,0,0,0,0,0,0,0,2016-02-02 23:35,Property,14.53775951,121.0007229,Side Swipe
None,EDSA,None,None,"No Accident Factor, Side Swipe, 0.0 drivers_injured, 0.0 drivers_killed, 0.0 passengers_injured, 0.0 passengers_killed, 0.0 pedestrian_injured, 0.0 pedestrian_killed, Fair (Night), EDSA Heritage Pasay",MMDA Road Safety Unit,,0c669e69-3280-4f3b-844d-2b3a4c3db92e,2016-02-01,20:55:00,EDSA Macapagal Blvd. Pasay,0,0,0,0,0,0,0,0,0,0,2016-02-02 4:55,Property,14.53721957,120.9935015,Side Swipe
None,EDSA,None,None,"No Accident Factor, No Collision Stated (based on Police Blotter Book), 0.0 drivers_injured, 0.0 drivers_killed, 0.0 passengers_injured, 0.0 passengers_killed, 0.0 pedestrian_injured, 0.0 pedestrian_killed, Fair (Night), EDSA Macapagal Blvd. Pasay",MMDA Road Safety Unit,,ba2d9b4c-dd09-4504-aa80-6a1110a1b72b,2016-02-01,11:30:00,EDSA Macapagal Blvd. Pasay,0,0,0,0,0,0,0,0,0,0,2016-02-01 19:30,Property,14.53636061,120.9889709,No Collision Stated
None,EDSA,None,None,"No Accident Factor, No Collision Stated (based on Police Blotter Book), 0.0 drivers_injured, 0.0 drivers_killed, 0.0 passengers_injured, 0.0 passengers_killed, 0.0 pedestrian_injured, 0.0 pedestrian_killed, Fair (Day), EDSA Mitsubishi Motors  Pasay",MMDA Road Safety Unit,,10fa81fd-54a8-4fce-bb07-ff12e1770919,2016-02-01,02:20:00,EDSA Cabrera St. Pasay,0,0,0,0,0,0,0,0,0,0,2016-02-01 10:20,Property,14.53723527,120.9929516,No Collision Stated
None,EDSA,None,None,"No Accident Factor, Side Swipe, 0.0 drivers_injured, 0.0 drivers_killed, 0.0 passengers_injured, 0.0 passengers_killed, 0.0 pedestrian_injured, 0.0 pedestrian_killed, Fair (Day), EDSA Tramo (SB) Pasay",MMDA Road Safety Unit,,4b3bdc4e-a1d3-4add-8b3c-cadf5e7c7cb4,2016-02-01,01:15:00,EDSA Macapagal Blvd. Pasay,0,0,0,0,0,0,0,0,0,0,2016-02-01 9:15,Property,14.53790544,121.0032547,Side Swipe
None,EDSA,None,None,"No Accident Factor, Rear-end, 0.0 drivers_injured, 0.0 drivers_killed, 0.0 passengers_injured, 0.0 passengers_killed, 0.0 pedestrian_injured, 0.0 pedestrian_killed, Fair (Day), EDSA Park Ave. (NB) Pasay",MMDA Road Safety Unit,,e23e840f-4138-4512-9c95-b4a65f3fcb90,2016-01-31,23:35:00,"EDSA ""U"" turn slot, P. Celle St. Pasay",0,0,0,0,0,0,0,0,0,0,2016-02-01 7:35,Property,14.53774622,120.9982843,Rear-End
None,EDSA,None,None,"No Accident Factor, Multiple Collision, 0.0 drivers_injured, 0.0 drivers_killed, 0.0 passengers_injured, 0.0 passengers_killed, 0.0 pedestrian_injured, 0.0 pedestrian_killed, Fair (Night), EDSA Roxas Blvd. Pasay",MMDA Road Safety Unit,,3e401412-f8f8-480a-9370-bcc4ee00a1a4,2016-01-31,13:40:00,EDSA Victory (SB) Pasay,0,0,0,0,0,0,0,0,0,0,2016-01-31 21:40,Property,14.53725136,120.9928775,Multiple
None,EDSA,None,None,"No Accident Factor, No Collision Stated (based on Police Blotter Book), 0.0 drivers_injured, 0.0 drivers_killed, 0.0 passengers_injured, 0.0 passengers_killed, 0.0 pedestrian_injured, 0.0 pedestrian_killed, Fair (Day), EDSA Macapagal Blvd. Pasay",MMDA Road Safety Unit,,7b443f1a-12f3-4cbc-a19f-74d6840c4fe0,2016-01-30,09:00:00,EDSA Roxas Blvd. Pasay,0,0,0,0,0,0,0,0,0,0,2016-01-30 17:00,Property,14.53636061,120.9889709,No Collision Stated
None,EDSA,None,None,"No Accident Factor, No Collision Stated (based on Police Blotter Book), 0.0 drivers_injured, 0.0 drivers_killed, 0.0 passengers_injured, 0.0 passengers_killed, 0.0 pedestrian_injured, 0.0 pedestrian_killed, Fair (Night), EDSA Roxas Blvd. Pasay",MMDA Road Safety Unit,,cf820745-cfa2-4955-bc54-03babd4a19cc,2016-01-29,18:55:00,EDSA Taft Ave. Pasay,0,0,0,0,0,0,0,0,0,0,2016-01-30 2:55,Property,14.53725136,120.9928775,No Collision Stated
None,EDSA,None,None,"No Accident Factor, Side Swipe, 0.0 drivers_injured, 0.0 drivers_killed, 0.0 passengers_injured, 0.0 passengers_killed, 0.0 pedestrian_injured, 0.0 pedestrian_killed, Fair (Day), EDSA Macapagal Blvd. Pasay",MMDA Road Safety Unit,,187262d4-b287-46ad-8373-389f1cf93ac9,2016-01-28,09:45:00,EDSA Taft Ave. Pasay,0,0,0,0,0,0,0,0,0,0,2016-01-28 17:45,Property,14.53636061,120.9889709,Side Swipe
None,EDSA,None,None,"No Accident Factor, No Collision Stated (based on Police Blotter Book), 0.0 drivers_injured, 0.0 drivers_killed, 0.0 passengers_injured, 0.0 passengers_killed, 0.0 pedestrian_injured, 0.0 pedestrian_killed, Fair (Night), EDSA Macapagal Blvd. Pasay",MMDA Road Safety Unit,,0dfe1496-a59c-40cb-9d77-2d3b0f12f618,2016-01-27,13:30:00,EDSA Roxas Blvd. (SB) Pasay,0,0,0,0,0,0,0,0,0,0,2016-01-27 21:30,Property,14.53636061,120.9889709,No Collision Stated
None,EDSA,None,None,"No Accident Factor, No Collision Stated (based on Police Blotter Book), 0.0 drivers_injured, 0.0 drivers_killed, 0.0 passengers_injured, 0.0 passengers_killed, 0.0 pedestrian_injured, 0.0 pedestrian_killed, Fair (Day), EDSA Macapagal Blvd. Pasay",MMDA Road Safety Unit,,98220aaa-f489-4f1c-929f-c8936a6d49ea,2016-01-27,07:45:00,EDSA Macapagal Blvd. Pasay,0,0,0,0,0,0,0,0,0,0,2016-01-27 15:45,Property,14.53636061,120.9889709,No Collision Stated
None,EDSA,None,None,"No Accident Factor, Hit and Run (No Collision Stated), 1.0 drivers_injured, 0.0 drivers_killed, 0.0 passengers_injured, 0.0 passengers_killed, 0.0 pedestrian_injured, 0.0 pedestrian_killed, Fair (Night), EDSA Cabrera St. Pasay",MMDA Road Safety Unit,,1bfedb3e-b6fa-46a2-b914-2ab0968f5230,2016-01-26,19:00:00,EDSA Roxas Blvd. Service Road Pasay,0,0,0,1,0,0,0,0,0,1,2016-01-27 3:00,Injury,14.53817493,121.0048575,No Collision Stated
None,EDSA,None,None,"No Accident Factor, Hit and Run (No Collision Stated), 0.0 drivers_injured, 0.0 drivers_killed, 0.0 passengers_injured, 0.0 passengers_killed, 0.0 pedestrian_injured, 0.0 pedestrian_killed, Fair (Day), EDSA Macapagal Blvd. Pasay",MMDA Road Safety Unit,,b8a66220-ba56-4ac3-a34c-704ba8b37dc6,2016-01-26,06:00:00,EDSA Taft Ave. Pasay,0,0,0,0,0,0,0,0,0,0,2016-01-26 14:00,Property,14.53636061,120.9889709,No Collision Stated
None,EDSA,None,None,"No Accident Factor, No Collision Stated (based on Police Blotter Book), 0.0 drivers_injured, 0.0 drivers_killed, 0.0 passengers_injured, 0.0 passengers_killed, 0.0 pedestrian_injured, 0.0 pedestrian_killed, Fair (Day), EDSA ""U"" turn slot, P. Celle St. Pasay",MMDA Road Safety Unit,,1f1ef24a-75f8-4b18-873a-9b63c8a53da2,2016-01-26,04:55:00,EDSA Taft Ave. Pasay,0,0,0,0,0,0,0,0,0,0,2016-01-26 12:55,Property,14.53777151,120.9974946,No Collision Stated