LOCATION_TEXT,ROAD,WEATHER,LIGHT,DESC,REPORTING_AGENCY,MAIN_CAUSE,INCIDENTDETAILS_ID,DATE_UTC,TIME_UTC,ADDRESS,killed_driver,killed_passenger,killed_pedestrian,injured_driver,injured_passenger,injured_pedestrian,killed_uncategorized,injured_uncategorized,killed_total,injured_total,DATETIME_PST,SEVERITY,Y,X,COLLISION_TYPE
None,EDSA,None,None,"No Accident Factor, Rear-end, 0.0 drivers_injured, 0.0 drivers_killed, 0.0 passengers_injured, 0.0 passengers_killed, 0.0 pedestrian_injured, 0.0 pedestrian_killed, Fair (Day), EDSA Victory (SB) Pasay",MMDA Road Safety Unit,,ed8d3d68-2073-4ae9-8c67-ab65b076be3c,2016-01-26,01:15:00,EDSA Taft Ave. Pasay,0,0,0,0,0,0,0,0,0,0,2016-01-26 9:15,Property,14.53839425,121.0066648,Rear-End
None,EDSA,None,None,"No Accident Factor, Side Swipe, 0.0 drivers_injured, 0.0 drivers_killed, 0.0 passengers_injured, 0.0 passengers_killed, 0.0 pedestrian_injured, 0.0 pedestrian_killed, Fair (Night), EDSA Roxas Blvd. Pasay",MMDA Road Safety Unit,,196caec9-2a50-49a3-b696-b0e5a5f449ce,2016-01-25,13:30:00,EDSA Macapagal Blvd. Pasay,0,0,0,0,0,0,0,0,0,0,2016-01-25 21:30,Property,14.53725136,120.9928775,Side Swipe
None,EDSA,None,None,"No Accident Factor, No Collision Stated (based on Police Blotter Book), 0.0 drivers_injured, 0.0 drivers_killed, 0.0 passengers_injured, 0.0 passengers_killed, 0.0 pedestrian_injured, 0.0 pedestrian_killed, Fair (Night), EDSA Taft Ave. Pasay",MMDA Road Safety Unit,,fba1f77c-68c8-4cea-ad3a-9619c0895d9c,2016-01-24,14:20:00,EDSA D. Macapagal Bvld. (SB)  Pasay,0,0,0,0,0,0,0,0,0,0,2016-01-24 22:20,Property,14.53775951,121.0007229,No Collision Stated
None,EDSA,None,None,"No Accident Factor, Side Swipe, 0.0 drivers_injured, 0.0 drivers_killed, 0.0 passengers_injured, 0.0 passengers_killed, 0.0 pedestrian_injured, 0.0 pedestrian_killed, Fair (Night), EDSA Taft Ave. Pasay",MMDA Road Safety Unit,,ab572c1a-96c2-46a0-9541-02db35e63ef7,2016-01-23,23:00:00,EDSA D. Macapagal Bvld. (SB)  Pasay,0,0,0,0,0,0,0,0,0,0,2016-01-24 7:00,Property,14.53775951,121.0007229,Side Swipe
None,EDSA,None,None,"Human Error, Self-Accident, 0.0 drivers_injured, 0.0 drivers_killed, 0.0 passengers_injured, 0.0 passengers_killed, 0.0 pedestrian_injured, 0.0 pedestrian_killed, Fair (Night), EDSA Roxas Blvd. (SB) Pasay",MMDA Road Safety Unit,,ce59e1ca-a714-4570-812e-d2d414d8312d,2016-01-23,17:35:00,EDSA Roxas Blvd. Pasay,0,0,0,0,0,0,0,0,0,0,2016-01-24 1:35,Property,14.53725136,120.9928775,Self-Accident
None,EDSA,None,None,"No Accident Factor, No Collision Stated (based on Police Blotter Book), 0.0 drivers_injured, 0.0 drivers_killed, 0.0 passengers_injured, 0.0 passengers_killed, 0.0 pedestrian_injured, 0.0 pedestrian_killed, Fair (Night), EDSA Macapagal Blvd. Pasay",MMDA Road Safety Unit,,2a1aa282-b795-4d3b-9261-a8c4b595a3df,2016-01-23,13:00:00,EDSA Taft Ave. (Rotonda) (NB) Pasay,0,0,0,0,0,0,0,0,0,0,2016-01-23 21:00,Property,14.53636061,120.9889709,No Collision Stated
None,EDSA,None,None,"No Accident Factor, No Collision Stated (based on Police Blotter Book), 0.0 drivers_injured, 0.0 drivers_killed, 0.0 passengers_injured, 0.0 passengers_killed, 0.0 pedestrian_injured, 0.0 pedestrian_killed, Fair (Day), EDSA Roxas Blvd. Service Road Pasay",MMDA Road Safety Unit,,23a74331-96d2-4733-88ec-1eff8546e0b9,2016-01-23,07:35:00,EDSA Taft Ave. Pasay,0,0,0,0,0,0,0,0,0,0,2016-01-23 15:35,Property,14.53725136,120.9928775,No Collision Stated
None,EDSA,None,None,"No Accident Factor, No Collision Stated (based on Police Blotter Book), 1.0 drivers_injured, 0.0 drivers_killed, 0.0 passengers_injured, 0.0 passengers_killed, 0.0 pedestrian_injured, 0.0 pedestrian_killed, Fair (Day), EDSA Taft Ave. Pasay",MMDA Road Safety Unit,,6feb8b76-e7f0-4230-9428-59cb3c15976f,2016-01-23,04:00:00,EDSA Macapagal Blvd. Pasay,0,0,0,1,0,0,0,0,0,1,2016-01-23 12:00,Injury,14.53775951,121.0007229,No Collision Stated
None,EDSA,None,None,"No Accident Factor, Rear-end, 0.0 drivers_injured, 0.0 drivers_killed, 0.0 passengers_injured, 0.0 passengers_killed, 0.0 pedestrian_injured, 0.0 pedestrian_killed, Fair (Day), EDSA Taft Ave. Pasay",MMDA Road Safety Unit,,0580eaa3-4603-4bb0-8aae-86cf77aeab04,2016-01-22,05:30:00,EDSA Roxas Blvd. Pasay,0,0,0,0,0,0,0,0,0,0,2016-01-22 13:30,Property,14.53775951,121.0007229,Rear-End
None,EDSA,None,None,"No Accident Factor, Rear-end, 0.0 drivers_injured, 0.0 drivers_killed, 0.0 passengers_injured, 0.0 passengers_killed, 0.0 pedestrian_injured, 0.0 pedestrian_killed, Fair (Day), EDSA Taft Ave. Pasay",MMDA Road Safety Unit,,8188a209-fb3b-49e3-812c-a562c09896e5,2016-01-20,07:35:00,EDSA Taft Ave. Pasay,0,0,0,0,0,0,0,0,0,0,2016-01-20 15:35,Property,14.53775951,121.0007229,Rear-End
None,EDSA,None,None,"No Accident Factor, Side Swipe, 0.0 drivers_injured, 0.0 drivers_killed, 0.0 passengers_injured, 0.0 passengers_killed, 0.0 pedestrian_injured, 0.0 pedestrian_killed, Fair (Day), EDSA Macapagal Blvd. Pasay",MMDA Road Safety Unit,,92466711-c8ca-4e0d-90cf-87f1a1eba3d1,2016-01-20,07:00:00,"EDSA Heritage Hotel ""U"" turn slot  Pasay",0,0,0,0,0,0,0,0,0,0,2016-01-20 15:00,Property,14.53636061,120.9889709,Side Swipe
None,EDSA,None,None,"No Accident Factor, No Collision Stated (based on Police Blotter Book), 1.0 drivers_injured, 0.0 drivers_killed, 0.0 passengers_injured, 0.0 passengers_killed, 0.0 pedestrian_injured, 0.0 pedestrian_killed, Fair (Night), EDSA D. Macapagal Bvld. (SB)  Pasay",MMDA Road Safety Unit,,661ab9d1-0835-44fc-831f-e2c0767e447e,2016-01-18,10:45:00,EDSA Roxas Blvd. Pasay,0,0,0,1,0,0,0,0,0,1,2016-01-18 18:45,Injury,14.53639024,120.988979,No Collision Stated
None,EDSA,None,None,"No Accident Factor, No Collision Stated (based on Police Blotter Book), 1.0 drivers_injured, 0.0 drivers_killed, 0.0 passengers_injured, 0.0 passengers_killed, 0.0 pedestrian_injured, 0.0 pedestrian_killed, Fair (Night), EDSA D. Macapagal Bvld. (SB)  Pasay",MMDA Road Safety Unit,,539983dc-51f7-435a-998c-5dbaee7186f7,2016-01-18,10:45:00,EDSA Heritage Hotel  Pasay,0,0,0,1,0,0,0,0,0,1,2016-01-18 18:45,Injury,14.53639024,120.988979,No Collision Stated
None,EDSA,None,None,"No Accident Factor, No Collision Stated (based on Police Blotter Book), 0.0 drivers_injured, 0.0 drivers_killed, 0.0 passengers_injured, 0.0 passengers_killed, 0.0 pedestrian_injured, 0.0 pedestrian_killed, Fair (Day), EDSA Roxas Blvd. Pasay",MMDA Road Safety Unit,,aaeaa35b-63d4-45a3-8b31-8908ed9864d4,2016-01-18,08:30:00,EDSA Taft Ave. Pasay,0,0,0,0,0,0,0,0,0,0,2016-01-18 16:30,Property,14.53725136,120.9928775,No Collision Stated
None,EDSA,None,None,"No Accident Factor, Rear-end, 0.0 drivers_injured, 0.0 drivers_killed, 0.0 passengers_injured, 0.0 passengers_killed, 0.0 pedestrian_injured, 0.0 pedestrian_killed, Fair (Day), EDSA Taft Ave. (Rotonda) (NB) Pasay",MMDA Road Safety Unit,,eb61d079-4c6b-41e2-9975-cce9203d0f4d,2016-01-17,02:45:00,EDSA Taft Ave. Pasay,0,0,0,0,0,0,0,0,0,0,2016-01-17 10:45,Property,14.53775951,121.0007229,Rear-End
None,EDSA,None,None,"No Accident Factor, No Collision Stated (based on Police Blotter Book), 0.0 drivers_injured, 0.0 drivers_killed, 0.0 passengers_injured, 0.0 passengers_killed, 0.0 pedestrian_injured, 0.0 pedestrian_killed, Fair (Night), EDSA Taft Ave. Pasay",MMDA Road Safety Unit,,663ac586-9690-40b2-a734-ab7698413c1f,2016-01-15,17:45:00,EDSA Victory Liner Bus Terminal  Pasay,0,0,0,0,0,0,0,0,0,0,2016-01-16 1:45,Property,14.53775951,121.0007229,No Collision Stated
None,EDSA,None,None,"No Accident Factor, No Collision Stated (based on Police Blotter Book), 0.0 drivers_injured, 0.0 drivers_killed, 0.0 passengers_injured, 0.0 passengers_killed, 0.0 pedestrian_injured, 0.0 pedestrian_killed, Fair (Day), EDSA Macapagal Blvd. Pasay",MMDA Road Safety Unit,,28297fb1-7fe9-4372-8dae-1d994723cf1a,2016-01-14,09:15:00,EDSA CYA Land  Pasay,0,0,0,0,0,0,0,0,0,0,2016-01-14 17:15,Property,14.53636061,120.9889709,No Collision Stated
None,EDSA,None,None,"No Accident Factor, No Collision Stated (based on Police Blotter Book), 0.0 drivers_injured, 0.0 drivers_killed, 0.0 passengers_injured, 0.0 passengers_killed, 0.0 pedestrian_injured, 0.0 pedestrian_killed, Fair (Day), EDSA Roxas Blvd. Pasay",MMDA Road Safety Unit,,c676b7d8-42ff-456d-806a-ffe615de09d3,2016-01-14,04:45:00,EDSA Cabrera st.  Pasay,0,0,0,0,0,0,0,0,0,0,2016-01-14 12:45,Property,14.53725136,120.9928775,No Collision Stated
None,EDSA,None,None,"No Accident Factor, No Collision Stated (based on Police Blotter Book), 0.0 drivers_injured, 0.0 drivers_killed, 0.0 passengers_injured, 0.0 passengers_killed, 0.0 pedestrian_injured, 0.0 pedestrian_killed, Fair (Day), EDSA Taft Ave. Pasay",MMDA Road Safety Unit,,ff88aa93-c2be-45da-bcb2-67bf4efdf7be,2016-01-14,04:00:00,EDSA Taft Ave. Pasay,0,0,0,0,0,0,0,0,0,0,2016-01-14 12:00,Property,14.53775951,121.0007229,No Collision Stated
None,EDSA,None,None,"No Accident Factor, No Collision Stated (based on Police Blotter Book), 0.0 drivers_injured, 0.0 drivers_killed, 0.0 passengers_injured, 0.0 passengers_killed, 0.0 pedestrian_injured, 0.0 pedestrian_killed, Fair (Day), EDSA Heritage Hotel ""U"" turn slot  Pasay",MMDA Road Safety Unit,,c7fbfe1f-2ec6-473f-82e5-c5acc1999cbf,2016-01-14,03:10:00,EDSA Roxas Blvd. Pasay,0,0,0,0,0,0,0,0,0,0,2016-01-14 11:10,Property,14.53735972,120.9938132,No Collision Stated
None,EDSA,None,None,"No Accident Factor, Hit and Run (No Collision Stated), 0.0 drivers_injured, 0.0 drivers_killed, 0.0 passengers_injured, 0.0 passengers_killed, 0.0 pedestrian_injured, 0.0 pedestrian_killed, Fair (Night), EDSA Roxas Blvd. Pasay",MMDA Road Safety Unit,,a0eb0ee4-b143-48d2-b412-9ac5df4e0539,2016-01-13,20:05:00,EDSA Aurora Blvd. Pasay,0,0,0,0,0,0,0,0,0,0,2016-01-14 4:05,Property,14.53725136,120.9928775,No Collision Stated
None,EDSA,None,None,"No Accident Factor, Rear-end, 0.0 drivers_injured, 0.0 drivers_killed, 0.0 passengers_injured, 0.0 passengers_killed, 0.0 pedestrian_injured, 0.0 pedestrian_killed, Fair (Day), EDSA Heritage Hotel  Pasay",MMDA Road Safety Unit,,7c1efdd4-86f8-4e4e-a129-4064fc714526,2016-01-13,09:20:00,EDSA Heritage Hotel  Pasay,0,0,0,0,0,0,0,0,0,0,2016-01-13 17:20,Property,14.53721957,120.9935015,Rear-End
None,EDSA,None,None,"No Accident Factor, Rear-end, 0.0 drivers_injured, 0.0 drivers_killed, 0.0 passengers_injured, 0.0 passengers_killed, 0.0 pedestrian_injured, 0.0 pedestrian_killed, Fair (Night), EDSA Taft Ave. Pasay",MMDA Road Safety Unit,,fb5af1e6-3778-421a-966e-258f9b3accb0,2016-01-10,20:30:00,EDSA F.B. Harrison Hotel  Pasay,0,0,0,0,0,0,0,0,0,0,2016-01-11 4:30,Property,14.53775951,121.0007229,Rear-End
None,EDSA,None,None,"No Accident Factor, Rear-end, 0.0 drivers_injured, 0.0 drivers_killed, 0.0 passengers_injured, 0.0 passengers_killed, 0.0 pedestrian_injured, 0.0 pedestrian_killed, Fair (Night), EDSA Taft Ave. Pasay",MMDA Road Safety Unit,,af85ff2c-87db-4665-9ffc-cf892d788685,2016-01-10,11:00:00,EDSA Kabayan Hotel  Pasay,0,0,0,0,0,0,0,0,0,0,2016-01-10 19:00,Property,14.53775951,121.0007229,Rear-End
None,EDSA,None,None,"No Accident Factor, Rear-end, 0.0 drivers_injured, 0.0 drivers_killed, 0.0 passengers_injured, 0.0 passengers_killed, 0.0 pedestrian_injured, 0.0 pedestrian_killed, Fair (Day), EDSA Victory Liner Bus Terminal  Pasay",MMDA Road Safety Unit,,b53a5122-ee5d-45f5-8f3f-4879ca1a3987,2016-01-10,08:50:00,EDSA Taft Ave. Pasay,0,0,0,0,0,0,0,0,0,0,2016-01-10 16:50,Property,14.53839425,121.0066648,Rear-End
None,EDSA,None,None,"No Accident Factor, No Collision Stated (based on Police Blotter Book), 0.0 drivers_injured, 0.0 drivers_killed, 0.0 passengers_injured, 0.0 passengers_killed, 0.0 pedestrian_injured, 0.0 pedestrian_killed, Fair (Night), EDSA CYA Land  Pasay",MMDA Road Safety Unit,,6bfe078c-51a4-4e83-8135-cb023f28cdd3,2016-01-09,10:45:00,EDSA Mahal Kita Inn  Pasay,0,0,0,0,0,0,0,0,0,0,2016-01-09 18:45,Property,14.53793904,120.997388,No Collision Stated
None,EDSA,None,None,"No Accident Factor, No Collision Stated (based on Police Blotter Book), 0.0 drivers_injured, 0.0 drivers_killed, 0.0 passengers_injured, 0.0 passengers_killed, 0.0 pedestrian_injured, 0.0 pedestrian_killed, Fair (Day), EDSA Cabrera st.  Pasay",MMDA Road Safety Unit,,5571f842-c5ec-46d7-9d04-ad71ca3ed22e,2016-01-09,06:00:00,"EDSA Heritage Hotel ""U"" turn slot  Pasay",0,0,0,0,0,0,0,0,0,0,2016-01-09 14:00,Property,14.53817493,121.0048575,No Collision Stated
None,EDSA,None,None,"No Accident Factor, No Collision Stated (based on Police Blotter Book), 0.0 drivers_injured, 0.0 drivers_killed, 0.0 passengers_injured, 0.0 passengers_killed, 0.0 pedestrian_injured, 0.0 pedestrian_killed, Fair (Night), EDSA Taft Ave. Pasay",MMDA Road Safety Unit,,a0a3c4b2-1f5c-4c24-a873-dbbc8c4175d6,2016-01-08,19:10:00,EDSA Heritage Hotel    Pasay,0,0,0,0,0,0,0,0,0,0,2016-01-09 3:10,Property,14.53775951,121.0007229,No Collision Stated
None,EDSA,None,None,"No Accident Factor, Side Swipe, 0.0 drivers_injured, 0.0 drivers_killed, 0.0 passengers_injured, 0.0 passengers_killed, 0.0 pedestrian_injured, 0.0 pedestrian_killed, Fair (Night), EDSA Roxas Blvd. Pasay",MMDA Road Safety Unit,,05b12888-11cc-4724-a1a3-a5fdc8766047,2016-01-08,17:10:00,EDSA Apelo Cruz St.  Pasay,0,0,0,0,0,0,0,0,0,0,2016-01-09 1:10,Property,14.53725136,120.9928775,Side Swipe
None,EDSA,None,None,"No Accident Factor, Angle Impact, 0.0 drivers_injured, 0.0 drivers_killed, 0.0 passengers_injured, 0.0 passengers_killed, 0.0 pedestrian_injured, 0.0 pedestrian_killed, Fair (Day), EDSA Aurora Blvd. Pasay",MMDA Road Safety Unit,,0f628d8a-627f-42a0-aad8-c7466da51a0b,2016-01-08,06:00:00,EDSA Roxas Blvd. (NB) Pasay,0,0,0,0,0,0,0,0,0,0,2016-01-08 14:00,Property,14.53779864,121.0033477,Angle Impact
None,EDSA,None,None,"No Accident Factor, No Collision Stated (based on Police Blotter Book), 0.0 drivers_injured, 0.0 drivers_killed, 0.0 passengers_injured, 0.0 passengers_killed, 0.0 pedestrian_injured, 0.0 pedestrian_killed, Fair (Day), EDSA Heritage Hotel  Pasay",MMDA Road Safety Unit,,f4d2ee39-3025-4c05-ab6f-b5f266d9cef6,2016-01-08,03:30:00,EDSA Roxas Blvd. Pasay,0,0,0,0,0,0,0,0,0,0,2016-01-08 11:30,Property,14.53721957,120.9935015,No Collision Stated
None,EDSA,None,None,"No Accident Factor, No Collision Stated (based on Police Blotter Book), 0.0 drivers_injured, 0.0 drivers_killed, 0.0 passengers_injured, 0.0 passengers_killed, 0.0 pedestrian_injured, 0.0 pedestrian_killed, Fair (Day), EDSA F.B. Harrison Hotel  Pasay",MMDA Road Safety Unit,,43814e42-880d-4035-8279-732c1e35f335,2016-01-08,03:10:00,EDSA Taft Ave. Pasay,0,0,0,0,0,0,0,0,0,0,2016-01-08 11:10,Property,14.53785118,120.9955695,No Collision Stated
None,EDSA,None,None,"No Accident Factor, Side Swipe, 0.0 drivers_injured, 0.0 drivers_killed, 0.0 passengers_injured, 0.0 passengers_killed, 0.0 pedestrian_injured, 0.0 pedestrian_killed, Fair (Day), EDSA Kabayan Hotel  Pasay",MMDA Road Safety Unit,,92d65477-677e-44d8-b9c6-62a2e037b8a5,2016-01-08,01:00:00,EDSA Tramo St. (WB)  Pasay,0,0,0,0,0,0,0,0,0,0,2016-01-08 9:00,Property,14.53775829,121.0015736,Side Swipe
None,EDSA,None,None,"No Accident Factor, No Collision Stated (based on Police Blotter Book), 0.0 drivers_injured, 0.0 drivers_killed, 0.0 passengers_injured, 0.0 passengers_killed, 0.0 pedestrian_injured, 0.0 pedestrian_killed, Fair (Night), EDSA Taft Ave. Pasay",MMDA Road Safety Unit,,96c4b295-234c-4d76-aa51-00b8e3f4acb0,2016-01-07,14:00:00,EDSA Taft Ave. Pasay,0,0,0,0,0,0,0,0,0,0,2016-01-07 22:00,Property,14.53775951,121.0007229,No Collision Stated
None,EDSA,None,None,"No Accident Factor, Hit and Run (Side Swipe), 0.0 drivers_injured, 0.0 drivers_killed, 0.0 passengers_injured, 0.0 passengers_killed, 0.0 pedestrian_injured, 0.0 pedestrian_killed, Fair (Day), EDSA Mahal Kita Inn  Pasay",MMDA Road Safety Unit,,3e4c1198-cdbe-43bb-9554-509f466f448f,2016-01-07,02:00:00,EDSA Roxas Blvd. Pasay,0,0,0,0,0,0,0,0,0,0,2016-01-07 10:00,Property,14.53743819,120.9997641,Side Swipe
None,EDSA,None,None,"No Accident Factor, No Collision Stated (based on Police Blotter Book), 0.0 drivers_injured, 0.0 drivers_killed, 0.0 passengers_injured, 0.0 passengers_killed, 0.0 pedestrian_injured, 0.0 pedestrian_killed, Fair (Day), EDSA Heritage Hotel ""U"" turn slot  Pasay",MMDA Road Safety Unit,,4a474357-5d52-463e-bc5b-520f52eda3cb,2016-01-05,22:30:00,EDSA Cabrera St.  Pasay,0,0,0,0,0,0,0,0,0,0,2016-01-06 6:30,Property,14.53735972,120.9938132,No Collision Stated
None,EDSA,None,None,"No Accident Factor, No Collision Stated (based on Police Blotter Book), 0.0 drivers_injured, 0.0 drivers_killed, 0.0 passengers_injured, 0.0 passengers_killed, 0.0 pedestrian_injured, 0.0 pedestrian_killed, Fair (Night), EDSA Heritage Hotel    Pasay",MMDA Road Safety Unit,,8a1956d9-705f-4606-9021-ae76c8297e00,2016-01-05,18:00:00,EDSA Taft Ave.  Pasay,0,0,0,0,0,0,0,0,0,0,2016-01-06 2:00,Property,14.53721957,120.9935015,No Collision Stated
None,EDSA,None,None,"No Accident Factor, Hit and Run (Hit Parked Vehicle), 0.0 drivers_injured, 0.0 drivers_killed, 0.0 passengers_injured, 0.0 passengers_killed, 0.0 pedestrian_injured, 0.0 pedestrian_killed, Fair (Night), EDSA Apelo Cruz St.  Pasay",MMDA Road Safety Unit,,51e8fed1-2c1e-4cb7-b15f-19284eccd09d,2016-01-05,10:00:00,EDSA Roxas Blvd.  Pasay,0,0,0,0,0,0,0,0,0,0,2016-01-05 18:00,Property,14.53789637,121.0046152,Hit Object
None,EDSA,None,None,"No Accident Factor, Rear-end, 0.0 drivers_injured, 0.0 drivers_killed, 0.0 passengers_injured, 0.0 passengers_killed, 0.0 pedestrian_injured, 0.0 pedestrian_killed, Fair (Day), EDSA Roxas Blvd. (NB) Pasay",MMDA Road Safety Unit,,12de5e5d-21cb-4de4-8d3f-0000c392507a,2016-01-05,01:25:00,EDSA Taft Ave.  Pasay,0,0,0,0,0,0,0,0,0,0,2016-01-05 9:25,Property,14.53725136,120.9928775,Rear-End
None,EDSA,None,None,"No Accident Factor, Angle Impact, 0.0 drivers_injured, 0.0 drivers_killed, 0.0 passengers_injured, 0.0 passengers_killed, 0.0 pedestrian_injured, 0.0 pedestrian_killed, Fair (Day), EDSA Roxas Blvd. Pasay",MMDA Road Safety Unit,,3204ac30-616f-495f-8a24-ecee70dad96e,2016-01-04,23:30:00,EDSA Cabrera St.  Pasay,0,0,0,0,0,0,0,0,0,0,2016-01-05 7:30,Property,14.53725136,120.9928775,Angle Impact
None,EDSA,None,None,"No Accident Factor, No Collision Stated (based on Police Blotter Book), 0.0 drivers_injured, 0.0 drivers_killed, 0.0 passengers_injured, 0.0 passengers_killed, 0.0 pedestrian_injured, 0.0 pedestrian_killed, Fair (Day), EDSA Taft Ave. Pasay",MMDA Road Safety Unit,,3ff76149-2a21-4846-a4c2-ce0378712541,2016-01-04,07:50:00,EDSA Taft Ave.  Pasay,0,0,0,0,0,0,0,0,0,0,2016-01-04 15:50,Property,14.53775951,121.0007229,No Collision Stated
None,EDSA,None,None,"No Accident Factor, No Collision Stated (based on Police Blotter Book), 0.0 drivers_injured, 0.0 drivers_killed, 0.0 passengers_injured, 0.0 passengers_killed, 0.0 pedestrian_injured, 0.0 pedestrian_killed, Fair (Night), EDSA Tramo St. (WB)  Pasay",MMDA Road Safety Unit,,fb90690b-5c09-4432-9fe9-d3b5d26aaa40,2016-01-03,11:00:00,EDSA D. Macapagal Blvd.  Pasay,0,0,0,0,0,0,0,0,0,0,2016-01-03 19:00,Property,14.53790544,121.0032547,No Collision Stated
None,EDSA,None,None,"No Accident Factor, Hit and Run (No Collision Stated), 0.0 drivers_injured, 0.0 drivers_killed, 0.0 passengers_injured, 0.0 passengers_killed, 0.0 pedestrian_injured, 0.0 pedestrian_killed, Fair (Day), EDSA Taft Ave. Pasay",MMDA Road Safety Unit,,346973dc-b913-49c3-88b7-109ba5697474,2016-01-03,07:45:00,EDSA Taft Ave.  Pasay,0,0,0,0,0,0,0,0,0,0,2016-01-03 15:45,Property,14.53775951,121.0007229,No Collision Stated
None,EDSA,None,None,"No Accident Factor, Hit and Run (No Collision Stated), 0.0 drivers_injured, 0.0 drivers_killed, 0.0 passengers_injured, 0.0 passengers_killed, 0.0 pedestrian_injured, 0.0 pedestrian_killed, Fair (Day), EDSA Roxas Blvd. Pasay",MMDA Road Safety Unit,,84484d92-ed31-4bb1-9c42-20099fdc6131,2016-01-01,01:50:00,EDSA Heritage Hotel  Pasay,0,0,0,0,0,0,0,0,0,0,2016-01-01 9:50,Property,14.53725136,120.9928775,No Collision Stated
None,EDSA,None,None,"No Accident Factor, Rear-end, 0.0 drivers_injured, 0.0 drivers_killed, 0.0 passengers_injured, 0.0 passengers_killed, 0.0 pedestrian_injured, 0.0 pedestrian_killed, Fair (Day), EDSA Cabrera St.  Pasay",MMDA Road Safety Unit,,fee652df-07f2-4b21-8f1d-a1de2e297d90,2015-12-28,09:45:00,EDSA D. Macapagal Ave.  Pasay,0,0,0,0,0,0,0,0,0,0,2015-12-28 17:45,Property,14.53817493,121.0048575,Rear-End
None,EDSA,None,None,"No Accident Factor, No Collision Stated (based on Police Blotter Book), 0.0 drivers_injured, 0.0 drivers_killed, 0.0 passengers_injured, 0.0 passengers_killed, 0.0 pedestrian_injured, 0.0 pedestrian_killed, Fair (Day), EDSA Taft Ave.  Pasay",MMDA Road Safety Unit,,6e0f0bfd-b658-4db7-a769-d13f27b8a01c,2015-12-28,03:30:00,EDSA Roxas Blvd.  Pasay,0,0,0,0,0,0,0,0,0,0,2015-12-28 11:30,Property,14.53775951,121.0007229,No Collision Stated
None,EDSA,None,None,"No Accident Factor, No Collision Stated (based on Police Blotter Book), 0.0 drivers_injured, 0.0 drivers_killed, 0.0 passengers_injured, 0.0 passengers_killed, 0.0 pedestrian_injured, 0.0 pedestrian_killed, Fair (Day), EDSA Roxas Blvd.  Pasay",MMDA Road Safety Unit,,3e250e42-c346-46aa-93ff-a294dbd0de39,2015-12-27,06:55:00,EDSA Taft Ave.  Pasay,0,0,0,0,0,0,0,0,0,0,2015-12-27 14:55,Property,14.53725136,120.9928775,No Collision Stated
None,EDSA,None,None,"No Accident Factor, No Collision Stated (based on Police Blotter Book), 0.0 drivers_injured, 0.0 drivers_killed, 0.0 passengers_injured, 0.0 passengers_killed, 0.0 pedestrian_injured, 0.0 pedestrian_killed, Fair (Day), EDSA Taft Ave.  Pasay",MMDA Road Safety Unit,,9ccfc4cb-019a-4157-9c4b-fc5f08a5dc06,2015-12-27,06:30:00,EDSA Taft Ave.  Pasay,0,0,0,0,0,0,0,0,0,0,2015-12-27 14:30,Property,14.53775951,121.0007229,No Collision Stated
None,EDSA,None,None,"No Accident Factor, No Collision Stated (based on Police Blotter Book), 0.0 drivers_injured, 0.0 drivers_killed, 0.0 passengers_injured, 0.0 passengers_killed, 0.0 pedestrian_injured, 0.0 pedestrian_killed, Fair (Day), EDSA Cabrera St.  Pasay",MMDA Road Safety Unit,,2fadad01-f14f-48fc-b5be-8568e895534c,2015-12-26,22:20:00,EDSA D. Macapagal Blvd.   Pasay,0,0,0,0,0,0,0,0,0,0,2015-12-27 6:20,Property,14.53817493,121.0048575,No Collision Stated
None,EDSA,None,None,"No Accident Factor, No Collision Stated (based on Police Blotter Book), 0.0 drivers_injured, 0.0 drivers_killed, 0.0 passengers_injured, 0.0 passengers_killed, 0.0 pedestrian_injured, 0.0 pedestrian_killed, Fair (Night), EDSA Taft Ave.  Pasay",MMDA Road Safety Unit,,bc424393-e9af-4db7-8550-9099ff07db28,2015-12-26,12:50:00,EDSA Roxas Blvd.  Pasay,0,0,0,0,0,0,0,0,0,0,2015-12-26 20:50,Property,14.53775951,121.0007229,No Collision Stated
None,EDSA,None,None,"No Accident Factor, No Collision Stated (based on Police Blotter Book), 0.0 drivers_injured, 0.0 drivers_killed, 0.0 passengers_injured, 0.0 passengers_killed, 0.0 pedestrian_injured, 0.0 pedestrian_killed, Fair (Night), EDSA D. Macapagal Blvd.  Pasay",MMDA Road Safety Unit,,d1cacc8e-7e45-4e8c-825d-c9968eb31f6a,2015-12-25,13:30:00,EDSA D. Macapagal Blvd.  Pasay,0,0,0,0,0,0,0,0,0,0,2015-12-25 21:30,Property,14.53639024,120.988979,No Collision Stated
None,EDSA,None,None,"No Accident Factor, No Collision Stated (based on Police Blotter Book), 0.0 drivers_injured, 0.0 drivers_killed, 0.0 passengers_injured, 0.0 passengers_killed, 0.0 pedestrian_injured, 0.0 pedestrian_killed, Fair (Day), EDSA Taft Ave.  Pasay",MMDA Road Safety Unit,,ebedc60e-314d-4022-b957-c855b42d9a22,2015-12-24,07:15:00,EDSA Taft Ave.  Pasay,0,0,0,0,0,0,0,0,0,0,2015-12-24 15:15,Property,14.53775951,121.0007229,No Collision Stated