LOCATION_TEXT,ROAD,WEATHER,LIGHT,DESC,REPORTING_AGENCY,MAIN_CAUSE,INCIDENTDETAILS_ID,DATE_UTC,TIME_UTC,ADDRESS,killed_driver,killed_passenger,killed_pedestrian,injured_driver,injured_passenger,injured_pedestrian,killed_uncategorized,injured_uncategorized,killed_total,injured_total,DATETIME_PST,SEVERITY,Y,X,COLLISION_TYPE
None,EDSA,None,None,"No Accident Factor, No Collision Stated (based on Police Blotter Book), 0.0 drivers_injured, 0.0 drivers_killed, 0.0 passengers_injured, 0.0 passengers_killed, 0.0 pedestrian_injured, 0.0 pedestrian_killed, Fair (Night), EDSA Heritage Hotel  Pasay",MMDA Road Safety Unit,,c41298c8-ecee-4b9d-a6c5-1493c1725a0c,2015-12-23,15:00:00,EDSA D. Macapagal Blvd.  Pasay,0,0,0,0,0,0,0,0,0,0,2015-12-23 23:00,Property,14.53721957,120.9935015,No Collision Stated
None,EDSA,None,None,"No Accident Factor, No Collision Stated (based on Police Blotter Book), 0.0 drivers_injured, 0.0 drivers_killed, 0.0 passengers_injured, 0.0 passengers_killed, 0.0 pedestrian_injured, 0.0 pedestrian_killed, Fair (Night), EDSA D. Macapagal Ave.  Pasay",MMDA Road Safety Unit,,e51b340f-c9ed-40be-bf71-e2ef78c5be8b,2015-12-23,12:00:00,EDSA Roxas Blvd.  Pasay,0,0,0,0,0,0,0,0,0,0,2015-12-23 20:00,Property,14.53639024,120.988979,No Collision Stated
None,EDSA,None,None,"No Accident Factor, No Collision Stated (based on Police Blotter Book), 0.0 drivers_injured, 0.0 drivers_killed, 0.0 passengers_injured, 0.0 passengers_killed, 0.0 pedestrian_injured, 0.0 pedestrian_killed, Fair (Day), EDSA Roxas Blvd.  Pasay",MMDA Road Safety Unit,,50c15f1a-49aa-493a-a7fe-422f216c9579,2015-12-23,00:30:00,EDSA Roxas Blvd.  Pasay,0,0,0,0,0,0,0,0,0,0,2015-12-23 8:30,Property,14.53725136,120.9928775,No Collision Stated
None,EDSA,None,None,"No Accident Factor, Hit and Run (Hit Parked Vehicle), 0.0 drivers_injured, 0.0 drivers_killed, 0.0 passengers_injured, 0.0 passengers_killed, 0.0 pedestrian_injured, 0.0 pedestrian_killed, Fair (Night), EDSA Taft Ave.  Pasay",MMDA Road Safety Unit,,ac992fa2-d609-419d-a760-1bcefb086ec0,2015-12-22,13:00:00,EDSA Roxas Blvd.  Pasay,0,0,0,0,0,0,0,0,0,0,2015-12-22 21:00,Property,14.53775951,121.0007229,Hit Object
None,EDSA,None,None,"No Accident Factor, Rear-end, 0.0 drivers_injured, 0.0 drivers_killed, 0.0 passengers_injured, 0.0 passengers_killed, 0.0 pedestrian_injured, 0.0 pedestrian_killed, Fair (Day), EDSA Taft Ave.  Pasay",MMDA Road Safety Unit,,b37bd31a-c2ed-4d94-b2c8-e54005b27561,2015-12-22,07:30:00,EDSA SOGO Hotel  Pasay,0,0,0,0,0,0,0,0,0,0,2015-12-22 15:30,Property,14.53775951,121.0007229,Rear-End
None,EDSA,None,None,"No Accident Factor, Side Swipe, 0.0 drivers_injured, 0.0 drivers_killed, 0.0 passengers_injured, 0.0 passengers_killed, 0.0 pedestrian_injured, 0.0 pedestrian_killed, Fair (Day), EDSA D. Macapagal Blvd.   Pasay",MMDA Road Safety Unit,,b0af1120-5ef4-4d75-91be-d5174ca60bb4,2015-12-21,23:05:00,EDSA P. Celle St.  Pasay,0,0,0,0,0,0,0,0,0,0,2015-12-22 7:05,Property,14.53639024,120.988979,Side Swipe
None,EDSA,None,None,"No Accident Factor, No Collision Stated (based on Police Blotter Book), 0.0 drivers_injured, 0.0 drivers_killed, 0.0 passengers_injured, 0.0 passengers_killed, 0.0 pedestrian_injured, 0.0 pedestrian_killed, Fair (Day), EDSA Roxas Blvd.  Pasay",MMDA Road Safety Unit,,54cf824f-754e-4800-9b69-2db576c1474d,2015-12-21,23:00:00,EDSA Roxas Blvd.  Pasay,0,0,0,0,0,0,0,0,0,0,2015-12-22 7:00,Property,14.53725136,120.9928775,No Collision Stated
None,EDSA,None,None,"No Accident Factor, No Collision Stated (based on Police Blotter Book), 0.0 drivers_injured, 0.0 drivers_killed, 0.0 passengers_injured, 0.0 passengers_killed, 0.0 pedestrian_injured, 0.0 pedestrian_killed, Fair (Night), EDSA D. Macapagal Blvd.  Pasay",MMDA Road Safety Unit,,4d5bd0bb-0790-4bcd-8e16-acdd1fabcc43,2015-12-21,21:45:00,EDSA Roxas Blvd.  Pasay,0,0,0,0,0,0,0,0,0,0,2015-12-22 5:45,Property,14.53639024,120.988979,No Collision Stated
None,EDSA,None,None,"No Accident Factor, No Collision Stated (based on Police Blotter Book), 0.0 drivers_injured, 0.0 drivers_killed, 0.0 passengers_injured, 0.0 passengers_killed, 0.0 pedestrian_injured, 0.0 pedestrian_killed, Fair (Night), EDSA Taft Ave.  Pasay",MMDA Road Safety Unit,,c2ecf805-3fa2-4d3b-a441-6ac4e9e897b7,2015-12-21,21:30:00,EDSA Roxas Blvd.  Pasay,0,0,0,0,0,0,0,0,0,0,2015-12-22 5:30,Property,14.53775951,121.0007229,No Collision Stated
None,EDSA,None,None,"No Accident Factor, No Collision Stated (based on Police Blotter Book), 0.0 drivers_injured, 0.0 drivers_killed, 0.0 passengers_injured, 0.0 passengers_killed, 0.0 pedestrian_injured, 0.0 pedestrian_killed, Fair (Day), EDSA D. Macapagal Blvd.  Pasay",MMDA Road Safety Unit,,e55b649f-bdb3-4167-846b-a79959e0920e,2015-12-21,02:45:00,EDSA Taft Ave.  Pasay,0,0,0,0,0,0,0,0,0,0,2015-12-21 10:45,Property,14.53639024,120.988979,No Collision Stated
None,EDSA,None,None,"No Accident Factor, No Collision Stated (based on Police Blotter Book), 0.0 drivers_injured, 0.0 drivers_killed, 0.0 passengers_injured, 0.0 passengers_killed, 0.0 pedestrian_injured, 0.0 pedestrian_killed, Fair (Night), EDSA Roxas Blvd.  Pasay",MMDA Road Safety Unit,,44a29f48-729a-470b-b1a3-0e0804e303c7,2015-12-19,18:30:00,EDSA MRT Station  Pasay,0,0,0,0,0,0,0,0,0,0,2015-12-20 2:30,Property,14.53725136,120.9928775,No Collision Stated
None,EDSA,None,None,"No Accident Factor, Hit and Run (Side Swipe), 0.0 drivers_injured, 0.0 drivers_killed, 0.0 passengers_injured, 0.0 passengers_killed, 0.0 pedestrian_injured, 0.0 pedestrian_killed, Fair (Night), EDSA Roxas Blvd.  Pasay",MMDA Road Safety Unit,,7d298b82-0d37-4927-a01e-d6219b324f3a,2015-12-19,15:10:00,EDSA Roxas Blvd.  Pasay,0,0,0,0,0,0,0,0,0,0,2015-12-19 23:10,Property,14.53725136,120.9928775,Side Swipe
None,EDSA,None,None,"No Accident Factor, No Collision Stated (based on Police Blotter Book), 0.0 drivers_injured, 0.0 drivers_killed, 0.0 passengers_injured, 0.0 passengers_killed, 0.0 pedestrian_injured, 0.0 pedestrian_killed, Fair (Day), EDSA Roxas Blvd.  Pasay",MMDA Road Safety Unit,,b1b178a5-49c9-4264-936c-27c8ebe1fe58,2015-12-19,09:35:00,EDSA Winston Hotel Pasay,0,0,0,0,0,0,0,0,0,0,2015-12-19 17:35,Property,14.53725136,120.9928775,No Collision Stated
None,EDSA,None,None,"No Accident Factor, No Collision Stated (based on Police Blotter Book), 0.0 drivers_injured, 0.0 drivers_killed, 0.0 passengers_injured, 0.0 passengers_killed, 0.0 pedestrian_injured, 0.0 pedestrian_killed, Fair (Day), EDSA SOGO Hotel  Pasay",MMDA Road Safety Unit,,986ccda0-6ea3-4463-86ff-b36fa3561d6f,2015-12-19,03:00:00,EDSA Taft Ave.  Pasay,0,0,0,0,0,0,0,0,0,0,2015-12-19 11:00,Property,14.53744776,121.0009304,No Collision Stated
None,EDSA,None,None,"No Accident Factor, No Collision Stated (based on Police Blotter Book), 1.0 drivers_injured, 0.0 drivers_killed, 0.0 passengers_injured, 0.0 passengers_killed, 0.0 pedestrian_injured, 0.0 pedestrian_killed, Fair (Day), EDSA P. Celle St.  Pasay",MMDA Road Safety Unit,,12d3e4cf-1562-4309-9751-cc3dcd6a4bda,2015-12-17,08:00:00,EDSA Roxas Blvd.  Pasay,0,0,0,1,0,0,0,0,0,1,2015-12-17 16:00,Injury,14.53789911,120.9974276,No Collision Stated
None,EDSA,None,None,"No Accident Factor, No Collision Stated (based on Police Blotter Book), 0.0 drivers_injured, 0.0 drivers_killed, 0.0 passengers_injured, 0.0 passengers_killed, 0.0 pedestrian_injured, 0.0 pedestrian_killed, Fair (Day), EDSA Roxas Blvd.  Pasay",MMDA Road Safety Unit,,7fae8186-7342-4791-8e5a-6504f45c9b59,2015-12-17,03:20:00,EDSA F.B. Harrison St.  Pasay,0,0,0,0,0,0,0,0,0,0,2015-12-17 11:20,Property,14.53725136,120.9928775,No Collision Stated
None,EDSA,None,None,"No Accident Factor, No Collision Stated (based on Police Blotter Book), 0.0 drivers_injured, 0.0 drivers_killed, 0.0 passengers_injured, 0.0 passengers_killed, 0.0 pedestrian_injured, 0.0 pedestrian_killed, Fair (Day), EDSA Roxas Blvd.  Pasay",MMDA Road Safety Unit,,437f8524-67c8-4d59-9e34-88434b8f8bf8,2015-12-16,08:35:00,EDSA Taft Ave.  Pasay,0,0,0,0,0,0,0,0,0,0,2015-12-16 16:35,Property,14.53725136,120.9928775,No Collision Stated
None,EDSA,None,None,"No Accident Factor, No Collision Stated (based on Police Blotter Book), 0.0 drivers_injured, 0.0 drivers_killed, 0.0 passengers_injured, 0.0 passengers_killed, 0.0 pedestrian_injured, 0.0 pedestrian_killed, Fair (Day), EDSA Roxas Blvd.  Pasay",MMDA Road Safety Unit,,29c842f1-8184-4f3b-a8fd-8e76c23967a0,2015-12-15,23:25:00,EDSA Heritage Hotel  Pasay,0,0,0,0,0,0,0,0,0,0,2015-12-16 7:25,Property,14.53725136,120.9928775,No Collision Stated
None,EDSA,None,None,"No Accident Factor, No Collision Stated (based on Police Blotter Book), 1.0 drivers_injured, 0.0 drivers_killed, 0.0 passengers_injured, 0.0 passengers_killed, 0.0 pedestrian_injured, 0.0 pedestrian_killed, Fair (Night), EDSA Taft Ave.  Pasay",MMDA Road Safety Unit,,51ee6dce-8dc3-4d1f-ae85-eb6887a8e745,2015-12-15,14:45:00,EDSA Roxas Blvd.  Pasay,0,0,0,1,0,0,0,0,0,1,2015-12-15 22:45,Injury,14.53775951,121.0007229,No Collision Stated
None,EDSA,None,None,"No Accident Factor, No Collision Stated (based on Police Blotter Book), 0.0 drivers_injured, 0.0 drivers_killed, 0.0 passengers_injured, 0.0 passengers_killed, 0.0 pedestrian_injured, 0.0 pedestrian_killed, Fair (Day), EDSA MRT Station  Pasay",MMDA Road Safety Unit,,9670978c-0bca-4bdd-a6b9-3349b981a001,2015-12-15,02:15:00,EDSA Roxas Blvd.  Pasay,0,0,0,0,0,0,0,0,0,0,2015-12-15 10:15,Property,14.53750141,121.0014813,No Collision Stated
None,EDSA,None,None,"No Accident Factor, Side Swipe, 0.0 drivers_injured, 0.0 drivers_killed, 0.0 passengers_injured, 0.0 passengers_killed, 0.0 pedestrian_injured, 0.0 pedestrian_killed, Fair (Night), EDSA Roxas Blvd.  Pasay",MMDA Road Safety Unit,,57b3bb8a-3736-439d-a5d5-49ba8d4599ac,2015-12-14,17:05:00,EDSA Victory Liner Bus Terminal  Pasay,0,0,0,0,0,0,0,0,0,0,2015-12-15 1:05,Property,14.53725136,120.9928775,Side Swipe
None,EDSA,None,None,"No Accident Factor, No Collision Stated (based on Police Blotter Book), 0.0 drivers_injured, 0.0 drivers_killed, 0.0 passengers_injured, 0.0 passengers_killed, 0.0 pedestrian_injured, 0.0 pedestrian_killed, Fair (Night), EDSA Winston Hotel  Pasay",MMDA Road Safety Unit,,ef387bbf-dcc4-42fc-ad07-402fb166b958,2015-12-14,13:45:00,EDSA Roxas Blvd. (SB) Pasay,0,0,0,0,0,0,0,0,0,0,2015-12-14 21:45,Property,14.53779363,121.0036149,No Collision Stated
None,EDSA,None,None,"No Accident Factor, Rear-end, 0.0 drivers_injured, 0.0 drivers_killed, 0.0 passengers_injured, 0.0 passengers_killed, 0.0 pedestrian_injured, 0.0 pedestrian_killed, Fair (Night), EDSA Taft Ave.  Pasay",MMDA Road Safety Unit,,8aa8795e-510a-4a28-9cf3-4ad03dfb9940,2015-12-14,13:15:00,EDSA Taft Ave.  Pasay,0,0,0,0,0,0,0,0,0,0,2015-12-14 21:15,Property,14.53775951,121.0007229,Rear-End
None,EDSA,None,None,"No Accident Factor, Multiple Collision, 0.0 drivers_injured, 0.0 drivers_killed, 0.0 passengers_injured, 0.0 passengers_killed, 0.0 pedestrian_injured, 0.0 pedestrian_killed, Fair (Day), EDSA Roxas Blvd.  Pasay",MMDA Road Safety Unit,,e0edd9c0-036d-4864-9e63-55fa5d287787,2015-12-14,08:00:00,EDSA Roxas Blvd.  Pasay,0,0,0,0,0,0,0,0,0,0,2015-12-14 16:00,Property,14.53725136,120.9928775,Multiple
None,EDSA,None,None,"No Accident Factor, No Collision Stated (based on Police Blotter Book), 0.0 drivers_injured, 0.0 drivers_killed, 0.0 passengers_injured, 0.0 passengers_killed, 0.0 pedestrian_injured, 0.0 pedestrian_killed, Fair (Day), EDSA F.B. Harrison St.  Pasay",MMDA Road Safety Unit,,57418f8a-3948-4e5c-a50e-a6d1ffcdeb07,2015-12-14,03:30:00,EDSA D. Macapagal Blvd.  Pasay,0,0,0,0,0,0,0,0,0,0,2015-12-14 11:30,Property,14.53785118,120.9955695,No Collision Stated
None,EDSA,None,None,"No Accident Factor, No Collision Stated (based on Police Blotter Book), 0.0 drivers_injured, 0.0 drivers_killed, 0.0 passengers_injured, 0.0 passengers_killed, 0.0 pedestrian_injured, 0.0 pedestrian_killed, Fair (Day), EDSA Taft Ave.  Pasay",MMDA Road Safety Unit,,ad4c2bef-aa8e-4a7e-b470-9bd5341bd1a2,2015-12-13,01:30:00,EDSA D. Macapagal Blvd.  Pasay,0,0,0,0,0,0,0,0,0,0,2015-12-13 9:30,Property,14.53775951,121.0007229,No Collision Stated
None,EDSA,None,None,"No Accident Factor, No Collision Stated (based on Police Blotter Book), 0.0 drivers_injured, 0.0 drivers_killed, 0.0 passengers_injured, 0.0 passengers_killed, 0.0 pedestrian_injured, 0.0 pedestrian_killed, Fair (Day), EDSA Heritage Hotel  Pasay",MMDA Road Safety Unit,,eb04d22f-5860-4ca4-8f57-f0532e9c15e1,2015-12-13,00:30:00,"EDSA ""U"" turn slot, Heritage Hotel  Pasay",0,0,0,0,0,0,0,0,0,0,2015-12-13 8:30,Property,14.53721957,120.9935015,No Collision Stated
None,EDSA,None,None,"No Accident Factor, No Collision Stated (based on Police Blotter Book), 0.0 drivers_injured, 0.0 drivers_killed, 0.0 passengers_injured, 0.0 passengers_killed, 0.0 pedestrian_injured, 0.0 pedestrian_killed, Fair (Day), EDSA Roxas Blvd.  Pasay",MMDA Road Safety Unit,,8cfa3d44-b7cf-4467-8db2-83334d56d542,2015-12-12,02:30:00,EDSA D. Macapgal Blvd.  Pasay,0,0,0,0,0,0,0,0,0,0,2015-12-12 10:30,Property,14.53725136,120.9928775,No Collision Stated
None,EDSA,None,None,"No Accident Factor, No Collision Stated (based on Police Blotter Book), 0.0 drivers_injured, 0.0 drivers_killed, 0.0 passengers_injured, 0.0 passengers_killed, 0.0 pedestrian_injured, 0.0 pedestrian_killed, Fair (Day), EDSA Roxas Blvd.  Pasay",MMDA Road Safety Unit,,7e8a92f6-43ca-44f4-af52-de1bbcc9073d,2015-12-09,08:45:00,EDSA D. Macapagal Blvd.  Pasay,0,0,0,0,0,0,0,0,0,0,2015-12-09 16:45,Property,14.53725136,120.9928775,No Collision Stated
None,EDSA,None,None,"No Accident Factor, No Collision Stated (based on Police Blotter Book), 0.0 drivers_injured, 0.0 drivers_killed, 0.0 passengers_injured, 0.0 passengers_killed, 0.0 pedestrian_injured, 0.0 pedestrian_killed, Fair (Day), EDSA Victory Liner Bus Terminal  Pasay",MMDA Road Safety Unit,,aabe2416-0dca-4cd2-86b1-5aa8f0f77c39,2015-12-09,08:00:00,EDSA Roxas Blvd.  Pasay,0,0,0,0,0,0,0,0,0,0,2015-12-09 16:00,Property,14.53839425,121.0066648,No Collision Stated
None,EDSA,None,None,"No Accident Factor, No Collision Stated (based on Police Blotter Book), 0.0 drivers_injured, 0.0 drivers_killed, 0.0 passengers_injured, 0.0 passengers_killed, 0.0 pedestrian_injured, 0.0 pedestrian_killed, Fair (Day), EDSA Roxas Blvd. (SB) Pasay",MMDA Road Safety Unit,,2cf8169f-4e50-49d0-a467-878bca10a095,2015-12-08,07:45:00,EDSA Roxas Blvd.  Pasay,0,0,0,0,0,0,0,0,0,0,2015-12-08 15:45,Property,14.53725136,120.9928775,No Collision Stated
None,EDSA,None,None,"No Accident Factor, No Collision Stated (based on Police Blotter Book), 0.0 drivers_injured, 0.0 drivers_killed, 0.0 passengers_injured, 0.0 passengers_killed, 0.0 pedestrian_injured, 0.0 pedestrian_killed, Fair (Night), EDSA Taft Ave.  Pasay",MMDA Road Safety Unit,,4cb70bda-a834-4a74-bb51-2399fabbe0e8,2015-12-07,15:30:00,EDSA Macapagal Blvd.  Pasay,0,0,0,0,0,0,0,0,0,0,2015-12-07 23:30,Property,14.53775951,121.0007229,No Collision Stated
None,EDSA,None,None,"No Accident Factor, No Collision Stated (based on Police Blotter Book), 0.0 drivers_injured, 0.0 drivers_killed, 0.0 passengers_injured, 0.0 passengers_killed, 0.0 pedestrian_injured, 0.0 pedestrian_killed, Fair (Day), EDSA Roxas Blvd.  Pasay",MMDA Road Safety Unit,,bbdd61aa-42bd-4d02-bb8a-d3119bff432d,2015-12-07,01:50:00,EDSA D. Macapagal Blvd. (SB) Pasay,0,0,0,0,0,0,0,0,0,0,2015-12-07 9:50,Property,14.53725136,120.9928775,No Collision Stated
None,EDSA,None,None,"No Accident Factor, No Collision Stated (based on Police Blotter Book), 0.0 drivers_injured, 0.0 drivers_killed, 0.0 passengers_injured, 0.0 passengers_killed, 0.0 pedestrian_injured, 0.0 pedestrian_killed, Fair (Day), EDSA D. Macapagal Blvd.  Pasay",MMDA Road Safety Unit,,05f054a4-6ffc-4ad7-8676-0514991e5fd6,2015-12-06,04:30:00,EDSA Roxas Blvd.  Pasay,0,0,0,0,0,0,0,0,0,0,2015-12-06 12:30,Property,14.53639024,120.988979,No Collision Stated
None,EDSA,None,None,"No Accident Factor, Side Swipe, 0.0 drivers_injured, 0.0 drivers_killed, 0.0 passengers_injured, 0.0 passengers_killed, 0.0 pedestrian_injured, 0.0 pedestrian_killed, Fair (Night), EDSA D. Macapagal Blvd.  Pasay",MMDA Road Safety Unit,,086f1c1c-656d-44ed-8a18-51f401111877,2015-12-05,18:00:00,EDSA Roxas Blvd.  Pasay,0,0,0,0,0,0,0,0,0,0,2015-12-06 2:00,Property,14.53639024,120.988979,Side Swipe
None,EDSA,None,None,"No Accident Factor, No Collision Stated (based on Police Blotter Book), 0.0 drivers_injured, 0.0 drivers_killed, 0.0 passengers_injured, 0.0 passengers_killed, 0.0 pedestrian_injured, 0.0 pedestrian_killed, Fair (Night), EDSA ""U"" turn slot, Heritage Hotel  Pasay",MMDA Road Safety Unit,,24c95430-1f00-474d-9a2d-0f59f5c0a6fb,2015-12-05,12:15:00,EDSA D. Macapagal Blvd.  Pasay,0,0,0,0,0,0,0,0,0,0,2015-12-05 20:15,Property,14.5373561,120.9938096,No Collision Stated
None,EDSA,None,None,"No Accident Factor, No Collision Stated (based on Police Blotter Book), 0.0 drivers_injured, 0.0 drivers_killed, 0.0 passengers_injured, 0.0 passengers_killed, 0.0 pedestrian_injured, 0.0 pedestrian_killed, Fair (Day), EDSA D. Macapgal Blvd.  Pasay",MMDA Road Safety Unit,,cc581b5a-482c-4f1b-9e51-0404ec40c6b9,2015-12-05,06:30:00,"EDSA ""U"" turn slot, P. Celle St.  Pasay",0,0,0,0,0,0,0,0,0,0,2015-12-05 14:30,Property,14.53639024,120.988979,No Collision Stated
None,EDSA,None,None,"No Accident Factor, No Collision Stated (based on Police Blotter Book), 0.0 drivers_injured, 0.0 drivers_killed, 0.0 passengers_injured, 0.0 passengers_killed, 0.0 pedestrian_injured, 0.0 pedestrian_killed, Fair (Day), EDSA D. Macapagal Blvd.  Pasay",MMDA Road Safety Unit,,651478b3-4c62-492a-9b85-0612421baba4,2015-12-05,03:40:00,EDSA D. Macapagal Blvd.  Pasay,0,0,0,0,0,0,0,0,0,0,2015-12-05 11:40,Property,14.53639024,120.988979,No Collision Stated
None,EDSA,None,None,"No Accident Factor, Side Swipe, 0.0 drivers_injured, 0.0 drivers_killed, 0.0 passengers_injured, 0.0 passengers_killed, 0.0 pedestrian_injured, 0.0 pedestrian_killed, Fair (Day), EDSA Roxas Blvd.  Pasay",MMDA Road Safety Unit,,9432273e-50f4-4a7c-9a3e-c8fd367f5cd4,2015-12-05,02:00:00,EDSA D. Macapagal Blvd.  Pasay,0,0,0,0,0,0,0,0,0,0,2015-12-05 10:00,Property,14.53725136,120.9928775,Side Swipe
None,EDSA,None,None,"No Accident Factor, No Collision Stated (based on Police Blotter Book), 0.0 drivers_injured, 0.0 drivers_killed, 0.0 passengers_injured, 0.0 passengers_killed, 0.0 pedestrian_injured, 0.0 pedestrian_killed, Fair (Night), EDSA Roxas Blvd.  Pasay",MMDA Road Safety Unit,,45081850-d288-4770-b51c-48c2b6fdfaba,2015-12-04,10:30:00,EDSA D. Macapagal Blvd.  Pasay,0,0,0,0,0,0,0,0,0,0,2015-12-04 18:30,Property,14.53725136,120.9928775,No Collision Stated
None,EDSA,None,None,"No Accident Factor, No Collision Stated (based on Police Blotter Book), 0.0 drivers_injured, 0.0 drivers_killed, 0.0 passengers_injured, 0.0 passengers_killed, 0.0 pedestrian_injured, 0.0 pedestrian_killed, Fair (Night), EDSA Macapagal Blvd.  Pasay",MMDA Road Safety Unit,,d0016c5c-128c-4fc6-bc60-4d3ab4596e1a,2015-12-04,10:00:00,EDSA F.B. Harrison St.  Pasay,0,0,0,0,0,0,0,0,0,0,2015-12-04 18:00,Property,14.53636061,120.9889709,No Collision Stated
None,EDSA,None,None,"No Accident Factor, No Collision Stated (based on Police Blotter Book), 0.0 drivers_injured, 0.0 drivers_killed, 0.0 passengers_injured, 0.0 passengers_killed, 0.0 pedestrian_injured, 0.0 pedestrian_killed, Fair (Day), EDSA D. Macapagal Blvd. (SB) Pasay",MMDA Road Safety Unit,,f7804d1c-9e69-428b-bdc9-b20da434202c,2015-12-03,03:30:00,EDSA Roxas Blvd. (NB)  Pasay,0,0,0,0,0,0,0,0,0,0,2015-12-03 11:30,Property,14.53639024,120.988979,No Collision Stated
None,EDSA,None,None,"No Accident Factor, No Collision Stated (based on Police Blotter Book), 0.0 drivers_injured, 0.0 drivers_killed, 0.0 passengers_injured, 0.0 passengers_killed, 0.0 pedestrian_injured, 0.0 pedestrian_killed, Fair (Day), EDSA Roxas Blvd.  Pasay",MMDA Road Safety Unit,,70ac7a99-3f58-4dbd-bbc2-2395587fb8ae,2015-12-03,01:55:00,EDSA M. Reyes St.  Pasay,0,0,0,0,0,0,0,0,0,0,2015-12-03 9:55,Property,14.53725136,120.9928775,No Collision Stated
None,EDSA,None,None,"No Accident Factor, No Collision Stated (based on Police Blotter Book), 0.0 drivers_injured, 0.0 drivers_killed, 0.0 passengers_injured, 0.0 passengers_killed, 0.0 pedestrian_injured, 0.0 pedestrian_killed, Fair (Night), EDSA Roxas Blvd.  Pasay",MMDA Road Safety Unit,,2e8d787e-9f5d-4949-bbfc-94617ce9d886,2015-12-02,12:00:00,EDSA Taft Ave.  Pasay,0,0,0,0,0,0,0,0,0,0,2015-12-02 20:00,Property,14.53725136,120.9928775,No Collision Stated
None,EDSA,None,None,"No Accident Factor, No Collision Stated (based on Police Blotter Book), 0.0 drivers_injured, 0.0 drivers_killed, 0.0 passengers_injured, 0.0 passengers_killed, 0.0 pedestrian_injured, 0.0 pedestrian_killed, Fair (Day), EDSA D. Macapagal Blvd.  Pasay",MMDA Road Safety Unit,,65532906-085c-4bef-8aed-50455045ce33,2015-12-02,06:10:00,EDSA D. Macapagal Blvd.  Pasay,0,0,0,0,0,0,0,0,0,0,2015-12-02 14:10,Property,14.53639024,120.988979,No Collision Stated
None,EDSA,None,None,"No Accident Factor, No Collision Stated (based on Police Blotter Book), 0.0 drivers_injured, 0.0 drivers_killed, 0.0 passengers_injured, 0.0 passengers_killed, 0.0 pedestrian_injured, 0.0 pedestrian_killed, Fair (Day), EDSA ""U"" turn slot, P. Celle St.  Pasay",MMDA Road Safety Unit,,5ad04d12-7a13-4c16-bb86-9c9fb01714a7,2015-12-02,03:40:00,EDSA Cabrera St.  Pasay,0,0,0,0,0,0,0,0,0,0,2015-12-02 11:40,Property,14.53777151,120.9974946,No Collision Stated
None,EDSA,None,None,"No Accident Factor, Rear-end, 0.0 drivers_injured, 0.0 drivers_killed, 0.0 passengers_injured, 0.0 passengers_killed, 0.0 pedestrian_injured, 0.0 pedestrian_killed, Fair (Night), EDSA D. Macapagal Blvd.  Pasay",MMDA Road Safety Unit,,7db0804f-3921-4f17-a83e-02809de927f6,2015-11-29,11:00:00,EDSA Rodriguez St.  Pasay,0,0,0,0,0,0,0,0,0,0,2015-11-29 19:00,Property,14.53639024,120.988979,Rear-End
None,EDSA,None,None,"No Accident Factor, Hit and Run (Side Swipe), 0.0 drivers_injured, 0.0 drivers_killed, 0.0 passengers_injured, 0.0 passengers_killed, 0.0 pedestrian_injured, 0.0 pedestrian_killed, Fair (Night), EDSA D. Macapagal Blvd.  Pasay",MMDA Road Safety Unit,,aa89aa13-7471-4c8a-8464-8f3b70dfd804,2015-11-29,11:00:00,EDSA Savemore Supermarket Pasay,0,0,0,0,0,0,0,0,0,0,2015-11-29 19:00,Property,14.53639024,120.988979,Side Swipe
None,EDSA,None,None,"No Accident Factor, Rear-end, 0.0 drivers_injured, 0.0 drivers_killed, 0.0 passengers_injured, 0.0 passengers_killed, 0.0 pedestrian_injured, 0.0 pedestrian_killed, Fair (Night), EDSA D. Macapagal Blvd.  Pasay",MMDA Road Safety Unit,,82084101-9965-457e-b78c-0008bced0a4b,2015-11-29,10:15:00,EDSA F.B. Harrison St.  Pasay,0,0,0,0,0,0,0,0,0,0,2015-11-29 18:15,Property,14.53639024,120.988979,Rear-End
None,EDSA,None,None,"No Accident Factor, No Collision Stated (based on Police Blotter Book), 0.0 drivers_injured, 0.0 drivers_killed, 0.0 passengers_injured, 0.0 passengers_killed, 0.0 pedestrian_injured, 0.0 pedestrian_killed, Fair (Night), EDSA F.B. Harrison St.  Pasay",MMDA Road Safety Unit,,8eb7615f-5197-4adf-991b-cd0be9160ad3,2015-11-28,11:00:00,EDSA Roxas Blvd.  Pasay,0,0,0,0,0,0,0,0,0,0,2015-11-28 19:00,Property,14.53785118,120.9955695,No Collision Stated
None,EDSA,None,None,"No Accident Factor, No Collision Stated (based on Police Blotter Book), 0.0 drivers_injured, 0.0 drivers_killed, 0.0 passengers_injured, 0.0 passengers_killed, 0.0 pedestrian_injured, 0.0 pedestrian_killed, Fair (Night), EDSA Roxas Blvd. (NB)  Pasay",MMDA Road Safety Unit,,32b3c229-6e58-4a6f-a607-19e995ebc1a0,2015-11-27,12:00:00,EDSA Cabrera St.  Pasay,0,0,0,0,0,0,0,0,0,0,2015-11-27 20:00,Property,14.53725136,120.9928775,No Collision Stated
None,EDSA,None,None,"No Accident Factor, No Collision Stated (based on Police Blotter Book), 0.0 drivers_injured, 0.0 drivers_killed, 0.0 passengers_injured, 0.0 passengers_killed, 0.0 pedestrian_injured, 0.0 pedestrian_killed, Fair (Night), EDSA M. Reyes St.  Pasay",MMDA Road Safety Unit,,73e42362-98b2-4dee-b95a-44fa02f0e3c6,2015-11-26,10:15:00,EDSA D. Macapagal Blvd.  Pasay,0,0,0,0,0,0,0,0,0,0,2015-11-26 18:15,Property,14.5387948,121.0108313,No Collision Stated