LOCATION_TEXT,ROAD,WEATHER,LIGHT,DESC,REPORTING_AGENCY,MAIN_CAUSE,INCIDENTDETAILS_ID,DATE_UTC,TIME_UTC,ADDRESS,killed_driver,killed_passenger,killed_pedestrian,injured_driver,injured_passenger,injured_pedestrian,killed_uncategorized,injured_uncategorized,killed_total,injured_total,DATETIME_PST,SEVERITY,Y,X,COLLISION_TYPE
None,EDSA,None,None,"No Accident Factor, No Collision Stated (based on Police Blotter Book), 0.0 drivers_injured, 0.0 drivers_killed, 0.0 passengers_injured, 0.0 passengers_killed, 0.0 pedestrian_injured, 0.0 pedestrian_killed, Fair (Night), EDSA Taft Ave.  Pasay",MMDA Road Safety Unit,,a0e24410-011f-4e98-a6e9-afae22ba838a,2015-11-25,19:55:00,EDSA D. Macapagal Blvd.  Pasay,0,0,0,0,0,0,0,0,0,0,2015-11-26 3:55,Property,14.53775951,121.0007229,No Collision Stated
None,EDSA,None,None,"No Accident Factor, No Collision Stated (based on Police Blotter Book), 1.0 drivers_injured, 0.0 drivers_killed, 0.0 passengers_injured, 0.0 passengers_killed, 0.0 pedestrian_injured, 0.0 pedestrian_killed, Fair (Day), EDSA D. Macapagal Blvd.  Pasay",MMDA Road Safety Unit,,a2ea6a5f-38e2-45fd-8e75-46daec0b6949,2015-11-24,23:00:00,EDSA D. Macapagal Blvd.  Pasay,0,0,0,1,0,0,0,0,0,1,2015-11-25 7:00,Injury,14.53639024,120.988979,No Collision Stated
None,EDSA,None,None,"No Accident Factor, Hit Object (Fence/Wall, Flyover), 0.0 drivers_injured, 0.0 drivers_killed, 0.0 passengers_injured, 0.0 passengers_killed, 0.0 pedestrian_injured, 0.0 pedestrian_killed, Fair (Day), EDSA Cabrera St.  Pasay",MMDA Road Safety Unit,,37394bb2-ee44-4aa0-8f66-c080b509c146,2015-11-24,05:00:00,EDSA Taft Ave.  Pasay,0,0,0,0,0,0,0,0,0,0,2015-11-24 13:00,Property,14.53817493,121.0048575,Hit Object
None,EDSA,None,None,"No Accident Factor, No Collision Stated (based on Police Blotter Book), 0.0 drivers_injured, 0.0 drivers_killed, 0.0 passengers_injured, 0.0 passengers_killed, 0.0 pedestrian_injured, 0.0 pedestrian_killed, Fair (Day), EDSA Rodriguez St.  Pasay",MMDA Road Safety Unit,,8d24cc5c-d61e-4750-81db-68d77bdafd28,2015-11-24,02:00:00,EDSA D. Macapagal Blvd.  Pasay,0,0,0,0,0,0,0,0,0,0,2015-11-24 10:00,Property,14.53843672,121.0086475,No Collision Stated
None,EDSA,None,None,"No Accident Factor, Side Swipe, 0.0 drivers_injured, 0.0 drivers_killed, 0.0 passengers_injured, 0.0 passengers_killed, 0.0 pedestrian_injured, 0.0 pedestrian_killed, Fair (Day), EDSA Savemore Supermarket Pasay",MMDA Road Safety Unit,,3a1bbd9f-4553-4cb8-967c-7ca7c9ae9e72,2015-11-22,00:00:00,EDSA Copacobana Hotel  Pasay,0,0,0,0,0,0,0,0,0,0,2015-11-22 8:00,Property,14.53773852,120.9993152,Side Swipe
None,EDSA,None,None,"No Accident Factor, No Collision Stated (based on Police Blotter Book), 0.0 drivers_injured, 0.0 drivers_killed, 0.0 passengers_injured, 0.0 passengers_killed, 0.0 pedestrian_injured, 0.0 pedestrian_killed, Fair (Night), EDSA F.B. Harrison St.  Pasay",MMDA Road Safety Unit,,0d5c9274-332a-419b-a1fa-da057ff06b8c,2015-11-21,20:30:00,EDSA F.B. Harrison St.  Pasay,0,0,0,0,0,0,0,0,0,0,2015-11-22 4:30,Property,14.53785118,120.9955695,No Collision Stated
None,EDSA,None,None,"No Accident Factor, No Collision Stated (based on Police Blotter Book), 0.0 drivers_injured, 0.0 drivers_killed, 0.0 passengers_injured, 0.0 passengers_killed, 0.0 pedestrian_injured, 0.0 pedestrian_killed, Fair (Day), EDSA Roxas Blvd.  Pasay",MMDA Road Safety Unit,,65f6cb4c-e152-4c1e-b844-e642d5a29b20,2015-11-20,23:15:00,EDSA Taft Ave.  Pasay,0,0,0,0,0,0,0,0,0,0,2015-11-21 7:15,Property,14.53725136,120.9928775,No Collision Stated
None,EDSA,None,None,"No Accident Factor, Rear-end, 0.0 drivers_injured, 0.0 drivers_killed, 0.0 passengers_injured, 0.0 passengers_killed, 0.0 pedestrian_injured, 0.0 pedestrian_killed, Fair (Night), EDSA Cabrera St.  Pasay",MMDA Road Safety Unit,,b58c7e8e-52cd-480a-986a-9ed7acef8768,2015-11-20,20:30:00,EDSA Taft Ave.  Pasay,0,0,0,0,0,0,0,0,0,0,2015-11-21 4:30,Property,14.53817493,121.0048575,Rear-End
None,EDSA,None,None,"No Accident Factor, No Collision Stated (based on Police Blotter Book), 0.0 drivers_injured, 0.0 drivers_killed, 0.0 passengers_injured, 0.0 passengers_killed, 0.0 pedestrian_injured, 0.0 pedestrian_killed, Fair (Day), EDSA D. Macapagal Blvd.  Pasay",MMDA Road Safety Unit,,49918ce0-7503-4b55-8fda-f5e9359baf28,2015-11-20,03:45:00,EDSA Cabrera St.  Pasay,0,0,0,0,0,0,0,0,0,0,2015-11-20 11:45,Property,14.53639024,120.988979,No Collision Stated
None,EDSA,None,None,"No Accident Factor, No Collision Stated (based on Police Blotter Book), 0.0 drivers_injured, 0.0 drivers_killed, 0.0 passengers_injured, 0.0 passengers_killed, 0.0 pedestrian_injured, 0.0 pedestrian_killed, Fair (Day), EDSA D. Macapagal Blvd.  Pasay",MMDA Road Safety Unit,,1c0e7004-f994-4d71-8f3f-2433d3ef7898,2015-11-19,08:00:00,EDSA SM MOA Circle  Pasay,0,0,0,0,0,0,0,0,0,0,2015-11-19 16:00,Property,14.53639024,120.988979,No Collision Stated
None,EDSA,None,None,"No Accident Factor, No Collision Stated (based on Police Blotter Book), 0.0 drivers_injured, 0.0 drivers_killed, 0.0 passengers_injured, 0.0 passengers_killed, 0.0 pedestrian_injured, 0.0 pedestrian_killed, Fair (Night), EDSA D. Macapagal Blvd.  Pasay",MMDA Road Safety Unit,,aa4b482e-4dde-47bb-be68-29278c0bacff,2015-11-17,20:30:00,"EDSA Tramo ""U"" turn slot  Pasay",0,0,0,0,0,0,0,0,0,0,2015-11-18 4:30,Property,14.53639024,120.988979,No Collision Stated
None,EDSA,None,None,"No Accident Factor, No Collision Stated (based on Police Blotter Book), 0.0 drivers_injured, 0.0 drivers_killed, 0.0 passengers_injured, 0.0 passengers_killed, 0.0 pedestrian_injured, 0.0 pedestrian_killed, Fair (Day), EDSA Taft Ave.  Pasay",MMDA Road Safety Unit,,c5426489-c0e9-4709-8171-6ae212536a32,2015-11-16,23:00:00,EDSA Heritge Hotel  Pasay,0,0,0,0,0,0,0,0,0,0,2015-11-17 7:00,Property,14.53775951,121.0007229,No Collision Stated
None,EDSA,None,None,"No Accident Factor, Side Swipe, 0.0 drivers_injured, 0.0 drivers_killed, 0.0 passengers_injured, 0.0 passengers_killed, 0.0 pedestrian_injured, 0.0 pedestrian_killed, Fair (Night), EDSA D. Macapagal Blvd.  Pasay",MMDA Road Safety Unit,,34b26b9a-40e5-4fe5-a3db-6be5aac8d157,2015-11-16,20:35:00,EDSA Heritage Hotel  Pasay,0,0,0,0,0,0,0,0,0,0,2015-11-17 4:35,Property,14.53639024,120.988979,Side Swipe
None,EDSA,None,None,"No Accident Factor, Rear-end, 0.0 drivers_injured, 0.0 drivers_killed, 0.0 passengers_injured, 0.0 passengers_killed, 0.0 pedestrian_injured, 0.0 pedestrian_killed, Fair (Night), EDSA Copacobana Hotel  Pasay",MMDA Road Safety Unit,,da4038fd-4212-4570-8d89-2c7ed787a224,2015-11-16,14:45:00,EDSA Roxas Blvd.  Pasay,0,0,0,0,0,0,0,0,0,0,2015-11-16 22:45,Property,14.53747529,120.9943264,Rear-End
None,EDSA,None,None,"No Accident Factor, No Collision Stated (based on Police Blotter Book), 0.0 drivers_injured, 0.0 drivers_killed, 0.0 passengers_injured, 0.0 passengers_killed, 0.0 pedestrian_injured, 0.0 pedestrian_killed, Fair (Day), EDSA F.B. Harrison St.  Pasay",MMDA Road Safety Unit,,5c660d47-6d1e-444c-9d04-22ad99ae045e,2015-11-16,01:00:00,EDSA Heritage Hotel  Pasay,0,0,0,0,0,0,0,0,0,0,2015-11-16 9:00,Property,14.53785118,120.9955695,No Collision Stated
None,EDSA,None,None,"No Accident Factor, No Collision Stated (based on Police Blotter Book), 0.0 drivers_injured, 0.0 drivers_killed, 0.0 passengers_injured, 0.0 passengers_killed, 0.0 pedestrian_injured, 0.0 pedestrian_killed, Fair (Day), EDSA Taft Ave.  Pasay",MMDA Road Safety Unit,,7a737a63-65d7-4359-a6ba-267c9fb77a9b,2015-11-15,04:20:00,EDSA SM MOA Circle  Pasay,0,0,0,0,0,0,0,0,0,0,2015-11-15 12:20,Property,14.53775951,121.0007229,No Collision Stated
None,EDSA,None,None,"No Accident Factor, Side Swipe, 0.0 drivers_injured, 0.0 drivers_killed, 0.0 passengers_injured, 0.0 passengers_killed, 0.0 pedestrian_injured, 0.0 pedestrian_killed, Fair (Night), EDSA Taft Ave.  Pasay",MMDA Road Safety Unit,,76343c5a-5e27-443e-9fac-5628e991143f,2015-11-14,14:10:00,EDSA Roxas Blvd.  Pasay,0,0,0,0,0,0,0,0,0,0,2015-11-14 22:10,Property,14.53775951,121.0007229,Side Swipe
None,EDSA,None,None,"No Accident Factor, Hit and Run (No Collision Stated), 1.0 drivers_injured, 0.0 drivers_killed, 0.0 passengers_injured, 0.0 passengers_killed, 0.0 pedestrian_injured, 0.0 pedestrian_killed, Fair (Night), EDSA Cabrera St.  Pasay",MMDA Road Safety Unit,,900f9907-493d-4930-8277-2856e20541d2,2015-11-14,11:00:00,EDSA Tramo  Pasay,0,0,0,1,0,0,0,0,0,1,2015-11-14 19:00,Injury,14.53817493,121.0048575,No Collision Stated
None,EDSA,None,None,"No Accident Factor, No Collision Stated (based on Police Blotter Book), 0.0 drivers_injured, 0.0 drivers_killed, 0.0 passengers_injured, 0.0 passengers_killed, 0.0 pedestrian_injured, 0.0 pedestrian_killed, Fair (Night), EDSA SM MOA Circle  Pasay",MMDA Road Safety Unit,,1aa0d47a-d929-4eda-a88e-0ed7c7747a56,2015-11-14,11:00:00,"EDSA P. Celle ""U"" turn slot Pasay",0,0,0,0,0,0,0,0,0,0,2015-11-14 19:00,Property,14.53556259,120.9848215,No Collision Stated
None,EDSA,None,None,"No Accident Factor, No Collision Stated (based on Police Blotter Book), 0.0 drivers_injured, 0.0 drivers_killed, 0.0 passengers_injured, 0.0 passengers_killed, 0.0 pedestrian_injured, 0.0 pedestrian_killed, Fair (Night), EDSA Tramo ""U"" turn slot  Pasay",MMDA Road Safety Unit,,8a8f36a6-88ff-4b89-8d7f-615ac6ec9955,2015-11-14,10:15:00,EDSA D. Macapagal Blvd.  Pasay,0,0,0,0,0,0,0,0,0,0,2015-11-14 18:15,Property,14.53790544,121.0032547,No Collision Stated
None,EDSA,None,None,"No Accident Factor, Side Swipe, 0.0 drivers_injured, 0.0 drivers_killed, 0.0 passengers_injured, 0.0 passengers_killed, 0.0 pedestrian_injured, 0.0 pedestrian_killed, Fair (Day), EDSA Heritge Hotel  Pasay",MMDA Road Safety Unit,,54f58aed-0f91-4805-a962-17ae7dccd5ea,2015-11-14,08:00:00,EDSA D. Macapagal Blvd.  Pasay,0,0,0,0,0,0,0,0,0,0,2015-11-14 16:00,Property,14.53721957,120.9935015,Side Swipe
None,EDSA,None,None,"No Accident Factor, No Collision Stated (based on Police Blotter Book), 0.0 drivers_injured, 0.0 drivers_killed, 0.0 passengers_injured, 0.0 passengers_killed, 0.0 pedestrian_injured, 0.0 pedestrian_killed, Fair (Day), EDSA Heritage Hotel  Pasay",MMDA Road Safety Unit,,18c9d3fb-ba6f-4484-943b-bca860666a80,2015-11-14,07:35:00,EDSA Aurora Blvd.  Pasay,0,0,0,0,0,0,0,0,0,0,2015-11-14 15:35,Property,14.53721957,120.9935015,No Collision Stated
None,EDSA,None,None,"No Accident Factor, Side Swipe, 0.0 drivers_injured, 0.0 drivers_killed, 0.0 passengers_injured, 0.0 passengers_killed, 0.0 pedestrian_injured, 0.0 pedestrian_killed, Fair (Night), EDSA Roxas Blvd.  Pasay",MMDA Road Safety Unit,,b79abd1d-9bb2-4d4f-bc03-07a4249aaff9,2015-11-12,21:05:00,EDSA D. Macapagal Blvd.  Pasay,0,0,0,0,0,0,0,0,0,0,2015-11-13 5:05,Property,14.53725136,120.9928775,Side Swipe
None,EDSA,None,None,"No Accident Factor, Rear-end, 0.0 drivers_injured, 0.0 drivers_killed, 0.0 passengers_injured, 0.0 passengers_killed, 0.0 pedestrian_injured, 0.0 pedestrian_killed, Fair (Day), EDSA Heritage Hotel  Pasay",MMDA Road Safety Unit,,7018bf1f-c487-47e5-b4f4-b3b0683e2df2,2015-11-12,06:00:00,"EDSA Heritage Hotel ""U"" turn slot  Pasay",0,0,0,0,0,0,0,0,0,0,2015-11-12 14:00,Property,14.53721957,120.9935015,Rear-End
None,EDSA,None,None,"No Accident Factor, No Collision Stated (based on Police Blotter Book), 0.0 drivers_injured, 0.0 drivers_killed, 0.0 passengers_injured, 0.0 passengers_killed, 0.0 pedestrian_injured, 0.0 pedestrian_killed, Fair (Night), EDSA SM MOA Circle  Pasay",MMDA Road Safety Unit,,b56752b5-7bb3-40ad-ac8b-cd833f0288d2,2015-11-11,17:30:00,EDSA D. Macapagal Blvd.  Pasay,0,0,0,0,0,0,0,0,0,0,2015-11-12 1:30,Property,14.53556259,120.9848215,No Collision Stated
None,EDSA,None,None,"No Accident Factor, No Collision Stated (based on Police Blotter Book), 0.0 drivers_injured, 0.0 drivers_killed, 0.0 passengers_injured, 0.0 passengers_killed, 0.0 pedestrian_injured, 0.0 pedestrian_killed, Fair (Day), EDSA Roxas Blvd.  Pasay",MMDA Road Safety Unit,,5fd44e6b-3cf4-4796-b468-65c6b1b56d7b,2015-11-11,08:10:00,EDSA Rotonda Pasay,0,0,0,0,0,0,0,0,0,0,2015-11-11 16:10,Property,14.53725136,120.9928775,No Collision Stated
None,EDSA,None,None,"No Accident Factor, No Collision Stated (based on Police Blotter Book), 0.0 drivers_injured, 0.0 drivers_killed, 0.0 passengers_injured, 0.0 passengers_killed, 0.0 pedestrian_injured, 0.0 pedestrian_killed, Fair (Day), EDSA Tramo  Pasay",MMDA Road Safety Unit,,121803ce-45a0-4153-a7fa-b8c60eda9508,2015-11-11,06:00:00,EDSA Park Ave.  Pasay,0,0,0,0,0,0,0,0,0,0,2015-11-11 14:00,Property,14.53790544,121.0032547,No Collision Stated
None,EDSA,None,None,"No Accident Factor, No Collision Stated (based on Police Blotter Book), 0.0 drivers_injured, 0.0 drivers_killed, 0.0 passengers_injured, 0.0 passengers_killed, 0.0 pedestrian_injured, 0.0 pedestrian_killed, Fair (Day), EDSA P. Celle ""U"" turn slot Pasay",MMDA Road Safety Unit,,a675a11e-9a2b-4f61-b5f6-dd5c47361ecd,2015-11-11,05:00:00,EDSA Taft Ave.  Pasay,0,0,0,0,0,0,0,0,0,0,2015-11-11 13:00,Property,14.53778565,120.9974409,No Collision Stated
None,EDSA,None,None,"No Accident Factor, No Collision Stated (based on Police Blotter Book), 0.0 drivers_injured, 0.0 drivers_killed, 0.0 passengers_injured, 0.0 passengers_killed, 0.0 pedestrian_injured, 0.0 pedestrian_killed, Fair (Day), EDSA D. Macapagal Blvd.  Pasay",MMDA Road Safety Unit,,a8357983-6fb6-4796-b42b-c7b37489ee8f,2015-11-11,04:30:00,EDSA Taft Ave.  Pasay,0,0,0,0,0,0,0,0,0,0,2015-11-11 12:30,Property,14.53639024,120.988979,No Collision Stated
None,EDSA,None,None,"No Accident Factor, No Collision Stated (based on Police Blotter Book), 0.0 drivers_injured, 0.0 drivers_killed, 0.0 passengers_injured, 0.0 passengers_killed, 0.0 pedestrian_injured, 0.0 pedestrian_killed, Fair (Day), EDSA D. Macapagal Blvd.  Pasay",MMDA Road Safety Unit,,db50da07-714d-428c-a62b-cfff68480e2e,2015-11-08,09:00:00,EDSA Taft Ave.  Pasay,0,0,0,0,0,0,0,0,0,0,2015-11-08 17:00,Property,14.53639024,120.988979,No Collision Stated
None,EDSA,None,None,"No Accident Factor, No Collision Stated (based on Police Blotter Book), 0.0 drivers_injured, 0.0 drivers_killed, 0.0 passengers_injured, 0.0 passengers_killed, 0.0 pedestrian_injured, 0.0 pedestrian_killed, Fair (Night), EDSA Aurora Blvd.  Pasay",MMDA Road Safety Unit,,32ec21f4-0a02-453e-a2c2-d71ebe860b9e,2015-11-07,20:00:00,EDSA D. Macapagal Blvd.  Pasay,0,0,0,0,0,0,0,0,0,0,2015-11-08 4:00,Property,14.53767633,121.0032355,No Collision Stated
None,EDSA,None,None,"No Accident Factor, No Collision Stated (based on Police Blotter Book), 1.0 drivers_injured, 0.0 drivers_killed, 0.0 passengers_injured, 0.0 passengers_killed, 0.0 pedestrian_injured, 0.0 pedestrian_killed, Fair (Day), EDSA D. Macapagal Blvd.  Pasay",MMDA Road Safety Unit,,2d2b2da1-b65e-4d91-abf3-037dd1be0d66,2015-11-06,09:35:00,EDSA C. Jose St.  Pasay,0,0,0,1,0,0,0,0,0,1,2015-11-06 17:35,Injury,14.53639024,120.988979,No Collision Stated
None,EDSA,None,None,"No Accident Factor, No Collision Stated (based on Police Blotter Book), 0.0 drivers_injured, 0.0 drivers_killed, 0.0 passengers_injured, 0.0 passengers_killed, 0.0 pedestrian_injured, 0.0 pedestrian_killed, Fair (Day), EDSA Heritage Hotel ""U"" turn slot  Pasay",MMDA Road Safety Unit,,66032eac-e0e4-450a-a909-c3ae203d9908,2015-11-04,00:35:00,EDSA Taft Ave.  Pasay,0,0,0,0,0,0,0,0,0,0,2015-11-04 8:35,Property,14.53735972,120.9938132,No Collision Stated
None,EDSA,None,None,"No Accident Factor, No Collision Stated (based on Police Blotter Book), 0.0 drivers_injured, 0.0 drivers_killed, 0.0 passengers_injured, 0.0 passengers_killed, 0.0 pedestrian_injured, 0.0 pedestrian_killed, Fair (Day), EDSA D. Macapagal Blvd.  Pasay",MMDA Road Safety Unit,,22881a7b-695a-436f-b9bc-6fdfab92cf99,2015-11-03,08:40:00,EDSA F.B. Harrison St.  Pasay,0,0,0,0,0,0,0,0,0,0,2015-11-03 16:40,Property,14.53639024,120.988979,No Collision Stated
None,EDSA,None,None,"No Accident Factor, Rear-end, 0.0 drivers_injured, 0.0 drivers_killed, 0.0 passengers_injured, 0.0 passengers_killed, 0.0 pedestrian_injured, 0.0 pedestrian_killed, Fair (Day), EDSA Rotonda Pasay",MMDA Road Safety Unit,,5ec7ce86-0685-425f-8cdf-e7d1a8f272cf,2015-11-02,22:30:00,EDSA Rotonda Pasay,0,0,0,0,0,0,0,0,0,0,2015-11-03 6:30,Property,14.53744344,121.0007766,Rear-End
None,EDSA,None,None,"No Accident Factor, Side Swipe, 0.0 drivers_injured, 0.0 drivers_killed, 0.0 passengers_injured, 0.0 passengers_killed, 0.0 pedestrian_injured, 0.0 pedestrian_killed, Fair (Day), EDSA Park Ave.  Pasay",MMDA Road Safety Unit,,aa29d413-c620-4511-98eb-e48b034b1edb,2015-11-02,22:30:00,EDSA Taft Ave.  Pasay,0,0,0,0,0,0,0,0,0,0,2015-11-03 6:30,Property,14.53774622,120.9982843,Side Swipe
None,EDSA,None,None,"No Accident Factor, No Collision Stated (based on Police Blotter Book), 0.0 drivers_injured, 0.0 drivers_killed, 0.0 passengers_injured, 0.0 passengers_killed, 0.0 pedestrian_injured, 0.0 pedestrian_killed, Fair (Day), EDSA Taft Ave.  Pasay",MMDA Road Safety Unit,,0546fc0b-e2bb-4467-8889-956b564b445a,2015-11-02,02:00:00,EDSA Mahal Kita Hotel  Pasay,0,0,0,0,0,0,0,0,0,0,2015-11-02 10:00,Property,14.53775951,121.0007229,No Collision Stated
None,EDSA,None,None,"No Accident Factor, Hit Object (No Object Stated), 0.0 drivers_injured, 0.0 drivers_killed, 0.0 passengers_injured, 0.0 passengers_killed, 0.0 pedestrian_injured, 0.0 pedestrian_killed, Fair (Day), EDSA Taft Ave.  Pasay",MMDA Road Safety Unit,,c7b466bf-66a0-4eb7-a378-f3f8305382ee,2015-11-01,04:45:00,"EDSA Heritage Hotel ""U"" turn slot  Pasay",0,0,0,0,0,0,0,0,0,0,2015-11-01 12:45,Property,14.53775951,121.0007229,Hit Object
None,EDSA,None,None,"No Accident Factor, Hit Object (No Object Stated), 0.0 drivers_injured, 0.0 drivers_killed, 0.0 passengers_injured, 0.0 passengers_killed, 0.0 pedestrian_injured, 0.0 pedestrian_killed, Fair (Day), EDSA Taft Ave.  Pasay",MMDA Road Safety Unit,,3a38e590-8810-4637-bea5-08486e5c14dd,2015-11-01,03:00:00,EDSA Rodriguez St.  Pasay,0,0,0,0,0,0,0,0,0,0,2015-11-01 11:00,Property,14.53775951,121.0007229,Hit Object
None,EDSA,None,None,"No Accident Factor, No Collision Stated (based on Police Blotter Book), 0.0 drivers_injured, 0.0 drivers_killed, 0.0 passengers_injured, 0.0 passengers_killed, 0.0 pedestrian_injured, 0.0 pedestrian_killed, Fair (Night), EDSA D. Macapagal Blvd.  Pasay",MMDA Road Safety Unit,,77c7e65f-9744-4ff1-b71d-9a476f731e45,2015-10-31,14:00:00,EDSA Cabrera St.  Pasay,0,0,0,0,0,0,0,0,0,0,2015-10-31 22:00,Property,14.53639024,120.988979,No Collision Stated
None,EDSA,None,None,"No Accident Factor, Rear-end, 0.0 drivers_injured, 0.0 drivers_killed, 0.0 passengers_injured, 0.0 passengers_killed, 0.0 pedestrian_injured, 0.0 pedestrian_killed, Fair (Day), EDSA C. Jose St.  Pasay",MMDA Road Safety Unit,,79fd7178-d712-4914-8e8b-c49c177bae95,2015-10-31,08:30:00,EDSA D. Macapagal Blvd.  Pasay,0,0,0,0,0,0,0,0,0,0,2015-10-31 16:30,Property,14.53873461,121.0107828,Rear-End
None,EDSA,None,None,"No Accident Factor, No Collision Stated (based on Police Blotter Book), 0.0 drivers_injured, 0.0 drivers_killed, 0.0 passengers_injured, 0.0 passengers_killed, 0.0 pedestrian_injured, 0.0 pedestrian_killed, Fair (Day), EDSA Taft Ave.  Pasay",MMDA Road Safety Unit,,5bc46032-a2ec-40d8-b847-89ed47d590f2,2015-10-31,05:10:00,EDSA D. Macapagal Blvd.  Pasay,0,0,0,0,0,0,0,0,0,0,2015-10-31 13:10,Property,14.53775951,121.0007229,No Collision Stated
None,EDSA,None,None,"No Accident Factor, Rear-end, 0.0 drivers_injured, 0.0 drivers_killed, 0.0 passengers_injured, 0.0 passengers_killed, 0.0 pedestrian_injured, 0.0 pedestrian_killed, Fair (Day), EDSA F.B. Harrison St.  Pasay",MMDA Road Safety Unit,,a1f0ba6c-c414-460a-8c73-26827e00e089,2015-10-31,05:00:00,EDSA Taft Ave.  Pasay,0,0,0,0,0,0,0,0,0,0,2015-10-31 13:00,Property,14.53785118,120.9955695,Rear-End
None,EDSA,None,None,"No Accident Factor, No Collision Stated (based on Police Blotter Book), 0.0 drivers_injured, 0.0 drivers_killed, 0.0 passengers_injured, 0.0 passengers_killed, 0.0 pedestrian_injured, 0.0 pedestrian_killed, Fair (Day), EDSA Rotonda Pasay",MMDA Road Safety Unit,,8b4571c6-c3e0-4edf-b847-df7ea1f466b5,2015-10-31,04:40:00,"EDSA P. Celle St. ""U"" turn slot  Pasay",0,0,0,0,0,0,0,0,0,0,2015-10-31 12:40,Property,14.53744344,121.0007766,No Collision Stated
None,EDSA,None,None,"No Accident Factor, Rear-end, 0.0 drivers_injured, 0.0 drivers_killed, 0.0 passengers_injured, 0.0 passengers_killed, 0.0 pedestrian_injured, 0.0 pedestrian_killed, Fair (Day), EDSA Taft Ave.  Pasay",MMDA Road Safety Unit,,0d42b86d-f5aa-46ba-81b6-c38f04816fd0,2015-10-30,23:50:00,"EDSA Heritage Hotel ""U"" turn slot  Pasay",0,0,0,0,0,0,0,0,0,0,2015-10-31 7:50,Property,14.53775951,121.0007229,Rear-End
None,EDSA,None,None,"No Accident Factor, No Collision Stated (based on Police Blotter Book), 0.0 drivers_injured, 0.0 drivers_killed, 0.0 passengers_injured, 0.0 passengers_killed, 0.0 pedestrian_injured, 0.0 pedestrian_killed, Fair (Day), EDSA Mahal Kita Hotel  Pasay",MMDA Road Safety Unit,,6f17a9b4-1e5c-4745-9bb3-aa6ce530d49b,2015-10-30,02:50:00,EDSA Taft Ave.  Pasay,0,0,0,0,0,0,0,0,0,0,2015-10-30 10:50,Property,14.53743819,120.9997641,No Collision Stated
None,EDSA,None,None,"No Accident Factor, No Collision Stated (based on Police Blotter Book), 0.0 drivers_injured, 0.0 drivers_killed, 0.0 passengers_injured, 0.0 passengers_killed, 0.0 pedestrian_injured, 0.0 pedestrian_killed, Fair (Day), EDSA Heritage Hotel ""U"" turn slot  Pasay",MMDA Road Safety Unit,,335499c9-22b1-483f-ba84-222575c94186,2015-10-29,01:05:00,EDSA D. Macapagal Blvd.  Pasay,0,0,0,0,0,0,0,0,0,0,2015-10-29 9:05,Property,14.53735972,120.9938132,No Collision Stated
None,EDSA,None,None,"No Accident Factor, No Collision Stated (based on Police Blotter Book), 0.0 drivers_injured, 0.0 drivers_killed, 0.0 passengers_injured, 0.0 passengers_killed, 0.0 pedestrian_injured, 0.0 pedestrian_killed, Fair (Day), EDSA Rodriguez St.  Pasay",MMDA Road Safety Unit,,77c32e4f-ca5f-4f13-929e-2f9b0e6e62b4,2015-10-28,23:45:00,EDSA Heritage Hotel  Pasay,0,0,0,0,0,0,0,0,0,0,2015-10-29 7:45,Property,14.53843672,121.0086475,No Collision Stated
None,EDSA,None,None,"No Accident Factor, No Collision Stated (based on Police Blotter Book), 0.0 drivers_injured, 0.0 drivers_killed, 0.0 passengers_injured, 0.0 passengers_killed, 0.0 pedestrian_injured, 0.0 pedestrian_killed, Fair (Night), EDSA Cabrera St.  Pasay",MMDA Road Safety Unit,,981a3fff-b6d9-456a-9f48-153a98d8f52d,2015-10-28,17:50:00,EDSA Taft Ave. LRT Station  Pasay,0,0,0,0,0,0,0,0,0,0,2015-10-29 1:50,Property,14.53817493,121.0048575,No Collision Stated
None,EDSA,None,None,"No Accident Factor, No Collision Stated (based on Police Blotter Book), 0.0 drivers_injured, 0.0 drivers_killed, 0.0 passengers_injured, 0.0 passengers_killed, 0.0 pedestrian_injured, 0.0 pedestrian_killed, Fair (Day), EDSA D. Macapagal Blvd.  Pasay",MMDA Road Safety Unit,,df16e294-4cee-4a8d-9d82-7eb9d6446bc7,2015-10-28,07:45:00,EDSA Automall  Pasay,0,0,0,0,0,0,0,0,0,0,2015-10-28 15:45,Property,14.53639024,120.988979,No Collision Stated
None,EDSA,None,None,"No Accident Factor, Side Swipe, 0.0 drivers_injured, 0.0 drivers_killed, 0.0 passengers_injured, 0.0 passengers_killed, 0.0 pedestrian_injured, 0.0 pedestrian_killed, Fair (Day), EDSA D. Macapagal Blvd.  Pasay",MMDA Road Safety Unit,,92213f71-fd30-43c4-9a34-e48a7e3d3320,2015-10-28,06:20:00,EDSA Roxas Blvd.  Pasay,0,0,0,0,0,0,0,0,0,0,2015-10-28 14:20,Property,14.53639024,120.988979,Side Swipe
None,EDSA,None,None,"No Accident Factor, No Collision Stated (based on Police Blotter Book), 0.0 drivers_injured, 0.0 drivers_killed, 0.0 passengers_injured, 0.0 passengers_killed, 0.0 pedestrian_injured, 0.0 pedestrian_killed, Fair (Night), EDSA Taft Ave.  Pasay",MMDA Road Safety Unit,,4e1c5545-66a5-480e-a3a9-a24eb22e87d6,2015-10-26,14:20:00,EDSA MRT Station  Pasay,0,0,0,0,0,0,0,0,0,0,2015-10-26 22:20,Property,14.53775951,121.0007229,No Collision Stated