LOCATION_TEXT,ROAD,WEATHER,LIGHT,DESC,REPORTING_AGENCY,MAIN_CAUSE,INCIDENTDETAILS_ID,DATE_UTC,TIME_UTC,ADDRESS,killed_driver,killed_passenger,killed_pedestrian,injured_driver,injured_passenger,injured_pedestrian,killed_uncategorized,injured_uncategorized,killed_total,injured_total,DATETIME_PST,SEVERITY,Y,X,COLLISION_TYPE
None,EDSA,None,None,"No Accident Factor, No Collision Stated (based on Police Blotter Book), 1.0 drivers_injured, 0.0 drivers_killed, 0.0 passengers_injured, 0.0 passengers_killed, 0.0 pedestrian_injured, 0.0 pedestrian_killed, Fair (Night), EDSA P. Celle St. ""U"" turn slot  Pasay",MMDA Road Safety Unit,,eb4f5d3e-b59e-470d-8483-dba866a4dae9,2015-10-24,21:40:00,EDSA Taft Ave.  Pasay,0,0,0,1,0,0,0,0,0,1,2015-10-25 5:40,Injury,14.53778565,120.9974409,No Collision Stated
None,EDSA,None,None,"No Accident Factor, Rear-end, 0.0 drivers_injured, 0.0 drivers_killed, 0.0 passengers_injured, 0.0 passengers_killed, 0.0 pedestrian_injured, 0.0 pedestrian_killed, Fair (Night), EDSA Heritage Hotel ""U"" turn slot  Pasay",MMDA Road Safety Unit,,f3a27140-b3b2-4318-ad87-556c1a749e35,2015-10-24,14:20:00,EDSA Roxas Blvd. Pasay,0,0,0,0,0,0,0,0,0,0,2015-10-24 22:20,Property,14.53735972,120.9938132,Rear-End
None,EDSA,None,None,"No Accident Factor, No Collision Stated (based on Police Blotter Book), 0.0 drivers_injured, 0.0 drivers_killed, 0.0 passengers_injured, 0.0 passengers_killed, 0.0 pedestrian_injured, 0.0 pedestrian_killed, Fair (Day), EDSA Taft Ave.  Pasay",MMDA Road Safety Unit,,23ef130d-10d7-4b18-89e3-3bc886da37f8,2015-10-24,08:00:00,EDSA D. Macapagal Blvd.  Pasay,0,0,0,0,0,0,0,0,0,0,2015-10-24 16:00,Property,14.53775951,121.0007229,No Collision Stated
None,EDSA,None,None,"No Accident Factor, No Collision Stated (based on Police Blotter Book), 0.0 drivers_injured, 0.0 drivers_killed, 0.0 passengers_injured, 0.0 passengers_killed, 0.0 pedestrian_injured, 0.0 pedestrian_killed, Fair (Day), EDSA D. Macapagal Blvd.  Pasay",MMDA Road Safety Unit,,1dd87c63-6dbc-443a-bf5e-8b200a81b793,2015-10-24,06:15:00,EDSA Heritage Hotel  Pasay,0,0,0,0,0,0,0,0,0,0,2015-10-24 14:15,Property,14.53639024,120.988979,No Collision Stated
None,EDSA,None,None,"No Accident Factor, No Collision Stated (based on Police Blotter Book), 0.0 drivers_injured, 0.0 drivers_killed, 0.0 passengers_injured, 0.0 passengers_killed, 0.0 pedestrian_injured, 0.0 pedestrian_killed, Fair (Day), EDSA Heritage Hotel  Pasay",MMDA Road Safety Unit,,e737ade9-5488-4f91-b91f-4f94950535f6,2015-10-23,03:30:00,EDSA Heritage Hotel Lobby  Pasay,0,0,0,0,0,0,0,0,0,0,2015-10-23 11:30,Property,14.53721957,120.9935015,No Collision Stated
None,EDSA,None,None,"No Accident Factor, Rear-end, 0.0 drivers_injured, 0.0 drivers_killed, 0.0 passengers_injured, 0.0 passengers_killed, 0.0 pedestrian_injured, 0.0 pedestrian_killed, Fair (Night), EDSA Taft Ave. LRT Station  Pasay",MMDA Road Safety Unit,,8a0ed8d4-8300-404c-b003-6c2d3837ae91,2015-10-22,20:20:00,EDSA D. Macapagal Blvd.  Pasay,0,0,0,0,0,0,0,0,0,0,2015-10-23 4:20,Property,14.53775951,121.0007229,Rear-End
None,EDSA,None,None,"No Accident Factor, No Collision Stated (based on Police Blotter Book), 0.0 drivers_injured, 0.0 drivers_killed, 0.0 passengers_injured, 0.0 passengers_killed, 0.0 pedestrian_injured, 0.0 pedestrian_killed, Fair (Day), EDSA Automall  Pasay",MMDA Road Safety Unit,,704077d7-ca91-4913-b6ce-119cb73bbb86,2015-10-21,22:45:00,EDSA Roxas Blvd.  Pasay,0,0,0,0,0,0,0,0,0,0,2015-10-22 6:45,Property,14.5378814,120.9972304,No Collision Stated
None,EDSA,None,None,"No Accident Factor, Rear-end, 0.0 drivers_injured, 0.0 drivers_killed, 0.0 passengers_injured, 0.0 passengers_killed, 0.0 pedestrian_injured, 0.0 pedestrian_killed, Fair (Day), EDSA Roxas Blvd.  Pasay",MMDA Road Safety Unit,,65dcafda-93f9-4d74-87dc-7f883dfb822c,2015-10-21,02:30:00,EDSA D. Macapagal Blvd.  Pasay,0,0,0,0,0,0,0,0,0,0,2015-10-21 10:30,Property,14.53725136,120.9928775,Rear-End
None,EDSA,None,None,"No Accident Factor, No Collision Stated (based on Police Blotter Book), 0.0 drivers_injured, 0.0 drivers_killed, 1.0 passengers_injured, 0.0 passengers_killed, 0.0 pedestrian_injured, 0.0 pedestrian_killed, Fair (Day), EDSA MRT Station  Pasay",MMDA Road Safety Unit,,33de5c71-535d-4101-be8e-53b4c5b38167,2015-10-19,00:45:00,EDSA Roxas Blvd.  Pasay,0,0,0,0,1,0,0,0,0,1,2015-10-19 8:45,Injury,14.53750141,121.0014813,No Collision Stated
None,EDSA,None,None,"No Accident Factor, No Collision Stated (based on Police Blotter Book), 0.0 drivers_injured, 0.0 drivers_killed, 0.0 passengers_injured, 0.0 passengers_killed, 0.0 pedestrian_injured, 0.0 pedestrian_killed, Fair (Night), EDSA Taft Ave.  Pasay",MMDA Road Safety Unit,,bc89aba2-5521-48a5-a6b5-c9485f5ef946,2015-10-18,15:05:00,EDSA Taft Ave.  Pasay,0,0,0,0,0,0,0,0,0,0,2015-10-18 23:05,Property,14.53775951,121.0007229,No Collision Stated
None,EDSA,None,None,"No Accident Factor, No Collision Stated (based on Police Blotter Book), 0.0 drivers_injured, 0.0 drivers_killed, 0.0 passengers_injured, 0.0 passengers_killed, 0.0 pedestrian_injured, 0.0 pedestrian_killed, Fair (Night), EDSA Roxas Blvd. Pasay",MMDA Road Safety Unit,,ab4a870a-d31f-4506-9f06-2f0d4b792a32,2015-10-16,15:30:00,EDSA Taft Ave.  Pasay,0,0,0,0,0,0,0,0,0,0,2015-10-16 23:30,Property,14.53725136,120.9928775,No Collision Stated
None,EDSA,None,None,"No Accident Factor, No Collision Stated (based on Police Blotter Book), 0.0 drivers_injured, 0.0 drivers_killed, 0.0 passengers_injured, 0.0 passengers_killed, 0.0 pedestrian_injured, 0.0 pedestrian_killed, Fair (Night), EDSA D. Macapagal Blvd.  Pasay",MMDA Road Safety Unit,,282cd2d2-b55a-4e7d-b6f0-7bfc8d42a6f7,2015-10-16,14:05:00,EDSA D. Macapagal Blvd.  Pasay,0,0,0,0,0,0,0,0,0,0,2015-10-16 22:05,Property,14.53639024,120.988979,No Collision Stated
None,EDSA,None,None,"No Accident Factor, No Collision Stated (based on Police Blotter Book), 0.0 drivers_injured, 0.0 drivers_killed, 0.0 passengers_injured, 0.0 passengers_killed, 0.0 pedestrian_injured, 0.0 pedestrian_killed, Fair (Night), EDSA Heritage Hotel  Pasay",MMDA Road Safety Unit,,d3a6aef7-aeba-4032-a521-3c322d99e44b,2015-10-16,13:00:00,EDSA Taft Ave. (EB) Pasay,0,0,0,0,0,0,0,0,0,0,2015-10-16 21:00,Property,14.53721957,120.9935015,No Collision Stated
None,EDSA,None,None,"No Accident Factor, No Collision Stated (based on Police Blotter Book), 0.0 drivers_injured, 0.0 drivers_killed, 0.0 passengers_injured, 0.0 passengers_killed, 0.0 pedestrian_injured, 0.0 pedestrian_killed, Fair (Day), EDSA Heritage Hotel Lobby  Pasay",MMDA Road Safety Unit,,0a2125db-ca62-4002-899a-3f9d3196b831,2015-10-15,23:00:00,EDSA Cabrera St.  Pasay,0,0,0,0,0,0,0,0,0,0,2015-10-16 7:00,Property,14.53721957,120.9935015,No Collision Stated
None,EDSA,None,None,"No Accident Factor, No Collision Stated (based on Police Blotter Book), 0.0 drivers_injured, 0.0 drivers_killed, 0.0 passengers_injured, 0.0 passengers_killed, 0.0 pedestrian_injured, 0.0 pedestrian_killed, Fair (Night), EDSA D. Macapagal Blvd.  Pasay",MMDA Road Safety Unit,,a78edcdc-9a90-4ba7-b901-dbe4bf52834d,2015-10-15,17:00:00,EDSA Cabrera St.  Pasay,0,0,0,0,0,0,0,0,0,0,2015-10-16 1:00,Property,14.53639024,120.988979,No Collision Stated
None,EDSA,None,None,"No Accident Factor, No Collision Stated (based on Police Blotter Book), 0.0 drivers_injured, 0.0 drivers_killed, 0.0 passengers_injured, 0.0 passengers_killed, 0.0 pedestrian_injured, 0.0 pedestrian_killed, Fair (Night), EDSA Roxas Blvd.  Pasay",MMDA Road Safety Unit,,1aea0664-5d6a-4452-88f1-065631e236ba,2015-10-14,19:15:00,EDSA Taft Ave.  Pasay,0,0,0,0,0,0,0,0,0,0,2015-10-15 3:15,Property,14.53725136,120.9928775,No Collision Stated
None,EDSA,None,None,"No Accident Factor, Side Swipe, 0.0 drivers_injured, 0.0 drivers_killed, 0.0 passengers_injured, 0.0 passengers_killed, 0.0 pedestrian_injured, 0.0 pedestrian_killed, Fair (Night), EDSA D. Macapagal Blvd.  Pasay",MMDA Road Safety Unit,,c1ca8967-991c-4e4e-9a33-b52f3d31eb67,2015-10-14,12:20:00,EDSA Cabrera St.  Pasay,0,0,0,0,0,0,0,0,0,0,2015-10-14 20:20,Property,14.53639024,120.988979,Side Swipe
None,EDSA,None,None,"No Accident Factor, No Collision Stated (based on Police Blotter Book), 0.0 drivers_injured, 0.0 drivers_killed, 0.0 passengers_injured, 0.0 passengers_killed, 0.0 pedestrian_injured, 0.0 pedestrian_killed, Fair (Night), EDSA Roxas Blvd.  Pasay",MMDA Road Safety Unit,,f64537ec-eab6-4ce5-9e6a-5f01ad8c2ddf,2015-10-12,19:00:00,EDSA Park Ave.  Pasay,0,0,0,0,0,0,0,0,0,0,2015-10-13 3:00,Property,14.53725136,120.9928775,No Collision Stated
None,EDSA,None,None,"No Accident Factor, No Collision Stated (based on Police Blotter Book), 0.0 drivers_injured, 0.0 drivers_killed, 0.0 passengers_injured, 0.0 passengers_killed, 0.0 pedestrian_injured, 0.0 pedestrian_killed, Fair (Day), EDSA Taft Ave.  Pasay",MMDA Road Safety Unit,,8dd8e293-5263-49c6-9590-977a5d12aeff,2015-10-12,04:45:00,EDSA D. Macapagal Blvd.  Pasay,0,0,0,0,0,0,0,0,0,0,2015-10-12 12:45,Property,14.53775951,121.0007229,No Collision Stated
None,EDSA,None,None,"No Accident Factor, No Collision Stated (based on Police Blotter Book), 0.0 drivers_injured, 0.0 drivers_killed, 0.0 passengers_injured, 0.0 passengers_killed, 0.0 pedestrian_injured, 0.0 pedestrian_killed, Fair (Day), EDSA Taft Ave.  Pasay",MMDA Road Safety Unit,,e710fa08-d44a-49c1-8737-15b4339a9c4a,2015-10-12,00:30:00,EDSA D. Macapagal Blvd.  Pasay,0,0,0,0,0,0,0,0,0,0,2015-10-12 8:30,Property,14.53775951,121.0007229,No Collision Stated
None,EDSA,None,None,"No Accident Factor, Rear-end, 0.0 drivers_injured, 0.0 drivers_killed, 0.0 passengers_injured, 0.0 passengers_killed, 0.0 pedestrian_injured, 0.0 pedestrian_killed, Fair (Night), EDSA D. Macapagal Blvd.  Pasay",MMDA Road Safety Unit,,630bc045-3b2f-4392-a9bb-1b9b9484c569,2015-10-10,20:00:00,EDSA Roxas Blvd.  Pasay,0,0,0,0,0,0,0,0,0,0,2015-10-11 4:00,Property,14.53639024,120.988979,Rear-End
None,EDSA,None,None,"No Accident Factor, No Collision Stated (based on Police Blotter Book), 0.0 drivers_injured, 0.0 drivers_killed, 0.0 passengers_injured, 0.0 passengers_killed, 0.0 pedestrian_injured, 0.0 pedestrian_killed, Fair (Day), EDSA Taft Ave. (EB) Pasay",MMDA Road Safety Unit,,7114b1ff-0bd0-4049-b14d-0e80f621a57a,2015-10-10,00:45:00,EDSA Roxas Blvd.  Pasay,0,0,0,0,0,0,0,0,0,0,2015-10-10 8:45,Property,14.53775951,121.0007229,No Collision Stated
None,EDSA,None,None,"No Accident Factor, Multiple Collision, 0.0 drivers_injured, 0.0 drivers_killed, 2.0 passengers_injured, 0.0 passengers_killed, 0.0 pedestrian_injured, 0.0 pedestrian_killed, Fair (Day), EDSA Cabrera St.  Pasay",MMDA Road Safety Unit,,29402978-7580-460c-ad51-bb8690a4c583,2015-10-09,07:00:00,EDSA P. Calle St.  Pasay,0,0,0,0,2,0,0,0,0,2,2015-10-09 15:00,Injury,14.53817493,121.0048575,Multiple
None,EDSA,None,None,"No Accident Factor, Rear-end, 0.0 drivers_injured, 0.0 drivers_killed, 0.0 passengers_injured, 0.0 passengers_killed, 0.0 pedestrian_injured, 0.0 pedestrian_killed, Fair (Night), EDSA Cabrera St.  Pasay",MMDA Road Safety Unit,,b4964fc2-d602-448e-b212-408c117974ed,2015-10-08,15:30:00,EDSA D. Macapagal Blvd.  Pasay,0,0,0,0,0,0,0,0,0,0,2015-10-08 23:30,Property,14.53817493,121.0048575,Rear-End
None,EDSA,None,None,"No Accident Factor, Side Swipe, 0.0 drivers_injured, 0.0 drivers_killed, 0.0 passengers_injured, 0.0 passengers_killed, 0.0 pedestrian_injured, 0.0 pedestrian_killed, Fair (Night), EDSA Taft Ave.  Pasay",MMDA Road Safety Unit,,0dbc524c-9a1c-4912-a3a8-0efdc09d8388,2015-10-08,10:30:00,EDSA Mahal Kita Inn  Pasay,0,0,0,0,0,0,0,0,0,0,2015-10-08 18:30,Property,14.53775951,121.0007229,Side Swipe
None,EDSA,None,None,"No Accident Factor, No Collision Stated (based on Police Blotter Book), 0.0 drivers_injured, 0.0 drivers_killed, 1.0 passengers_injured, 0.0 passengers_killed, 0.0 pedestrian_injured, 0.0 pedestrian_killed, Fair (Day), EDSA Cabrera St.  Pasay",MMDA Road Safety Unit,,0c4dfdf3-879d-48ef-8c27-e249c457d811,2015-10-07,04:30:00,EDSA D. Macapagal Blvd.  Pasay,0,0,0,0,1,0,0,0,0,1,2015-10-07 12:30,Injury,14.53817493,121.0048575,No Collision Stated
None,EDSA,None,None,"No Accident Factor, No Collision Stated (based on Police Blotter Book), 0.0 drivers_injured, 0.0 drivers_killed, 0.0 passengers_injured, 0.0 passengers_killed, 0.0 pedestrian_injured, 0.0 pedestrian_killed, Fair (Day), EDSA Park Ave.  Pasay",MMDA Road Safety Unit,,b3d84b59-754d-4610-995b-95dc30b1ce7d,2015-10-05,07:45:00,EDSA D. Macapagal Blvd.  Pasay,0,0,0,0,0,0,0,0,0,0,2015-10-05 15:45,Property,14.53774622,120.9982843,No Collision Stated
None,EDSA,None,None,"No Accident Factor, No Collision Stated (based on Police Blotter Book), 0.0 drivers_injured, 0.0 drivers_killed, 0.0 passengers_injured, 0.0 passengers_killed, 0.0 pedestrian_injured, 0.0 pedestrian_killed, Fair (Night), EDSA D. Macapagal Blvd.  Pasay",MMDA Road Safety Unit,,095234e9-a050-4146-9fc8-268ec5c1a177,2015-10-03,18:00:00,"EDSA P. Celle St. ""U"" turn slot  Pasay",0,0,0,0,0,0,0,0,0,0,2015-10-04 2:00,Property,14.53639024,120.988979,No Collision Stated
None,EDSA,None,None,"No Accident Factor, No Collision Stated (based on Police Blotter Book), 0.0 drivers_injured, 0.0 drivers_killed, 0.0 passengers_injured, 0.0 passengers_killed, 0.0 pedestrian_injured, 0.0 pedestrian_killed, Fair (Night), EDSA D. Macapagal Blvd.  Pasay",MMDA Road Safety Unit,,cc1153a1-ba25-408d-9984-ba5eb85a3adf,2015-10-02,17:00:00,EDSA D. Macapagal Blvd.  Pasay,0,0,0,0,0,0,0,0,0,0,2015-10-03 1:00,Property,14.53639024,120.988979,No Collision Stated
None,EDSA,None,None,"No Accident Factor, No Collision Stated (based on Police Blotter Book), 0.0 drivers_injured, 0.0 drivers_killed, 0.0 passengers_injured, 0.0 passengers_killed, 0.0 pedestrian_injured, 0.0 pedestrian_killed, Fair (Day), EDSA Roxas Blvd.  Pasay",MMDA Road Safety Unit,,19c32fd0-8d30-47d6-8925-42c575619e96,2015-10-02,08:00:00,EDSA Heritage Hotel  Pasay,0,0,0,0,0,0,0,0,0,0,2015-10-02 16:00,Property,14.53725136,120.9928775,No Collision Stated
None,EDSA,None,None,"No Accident Factor, No Collision Stated (based on Police Blotter Book), 0.0 drivers_injured, 0.0 drivers_killed, 0.0 passengers_injured, 0.0 passengers_killed, 0.0 pedestrian_injured, 0.0 pedestrian_killed, Fair (Night), EDSA Roxas Blvd.  Pasay",MMDA Road Safety Unit,,16bede08-9cd0-4fa4-b695-7d5b2b1f848a,2015-10-01,11:00:00,EDSA Taft Ave. (EB)  Pasay,0,0,0,0,0,0,0,0,0,0,2015-10-01 19:00,Property,14.53725136,120.9928775,No Collision Stated
None,EDSA,None,None,"No Accident Factor, Hit and Run (No Collision Stated), 1.0 drivers_injured, 0.0 drivers_killed, 1.0 passengers_injured, 0.0 passengers_killed, 0.0 pedestrian_injured, 0.0 pedestrian_killed, Fair (Night), EDSA P. Calle St.  Pasay",MMDA Road Safety Unit,,92e3cf5c-86a7-4ff0-9f45-c265ab3ed3e8,2015-09-30,11:45:00,EDSA D. Macapagal Blvd. Pasay,0,0,0,1,1,0,0,0,0,2,2015-09-30 19:45,Injury,14.53789911,120.9974276,No Collision Stated
None,EDSA,None,None,"No Accident Factor, Side Swipe, 0.0 drivers_injured, 0.0 drivers_killed, 0.0 passengers_injured, 0.0 passengers_killed, 0.0 pedestrian_injured, 0.0 pedestrian_killed, Fair (Day), EDSA D. Macapagal Blvd.  Pasay",MMDA Road Safety Unit,,6cb42410-edac-4321-8c11-5e539c1e4b07,2015-09-30,05:00:00,EDSA D. Macapagal Blvd. Pasay,0,0,0,0,0,0,0,0,0,0,2015-09-30 13:00,Property,14.53639024,120.988979,Side Swipe
None,EDSA,None,None,"No Accident Factor, No Collision Stated (based on Police Blotter Book), 0.0 drivers_injured, 0.0 drivers_killed, 0.0 passengers_injured, 0.0 passengers_killed, 0.0 pedestrian_injured, 0.0 pedestrian_killed, Fair (Night), EDSA Mahal Kita Inn  Pasay",MMDA Road Safety Unit,,d0e692a0-94e4-4448-9f2d-1e6a2ebf506f,2015-09-29,15:45:00,EDSA Roxas Blvd. (SB) Pasay,0,0,0,0,0,0,0,0,0,0,2015-09-29 23:45,Property,14.53743819,120.9997641,No Collision Stated
None,EDSA,None,None,"No Accident Factor, No Collision Stated (based on Police Blotter Book), 0.0 drivers_injured, 0.0 drivers_killed, 2.0 passengers_injured, 0.0 passengers_killed, 0.0 pedestrian_injured, 0.0 pedestrian_killed, Fair (Day), EDSA D. Macapagal Blvd.  Pasay",MMDA Road Safety Unit,,be429e1f-895e-4d6c-897a-b614ce8a65e8,2015-09-28,22:40:00,EDSA F.B. Harrison St. Pasay,0,0,0,0,2,0,0,0,0,2,2015-09-29 6:40,Injury,14.53639024,120.988979,No Collision Stated
None,EDSA,None,None,"No Accident Factor, No Collision Stated (based on Police Blotter Book), 0.0 drivers_injured, 0.0 drivers_killed, 0.0 passengers_injured, 0.0 passengers_killed, 0.0 pedestrian_injured, 0.0 pedestrian_killed, Fair (Night), EDSA D. Macapagal Blvd.  Pasay",MMDA Road Safety Unit,,dfbf0cbf-39f7-4e27-86ca-0d453826324a,2015-09-28,15:30:00,"EDSA ""U"" turn slot, Copacabana Pasay",0,0,0,0,0,0,0,0,0,0,2015-09-28 23:30,Property,14.53639024,120.988979,No Collision Stated
None,EDSA,None,None,"No Accident Factor, No Collision Stated (based on Police Blotter Book), 0.0 drivers_injured, 0.0 drivers_killed, 0.0 passengers_injured, 0.0 passengers_killed, 0.0 pedestrian_injured, 0.0 pedestrian_killed, Fair (Night), EDSA P. Celle St. ""U"" turn slot  Pasay",MMDA Road Safety Unit,,c08efbb0-9630-4e17-98e4-28293da4f0d9,2015-09-26,19:00:00,EDSA Roxas Blvd. Pasay,0,0,0,0,0,0,0,0,0,0,2015-09-27 3:00,Property,14.53778565,120.9974409,No Collision Stated
None,EDSA,None,None,"No Accident Factor, No Collision Stated (based on Police Blotter Book), 0.0 drivers_injured, 0.0 drivers_killed, 0.0 passengers_injured, 0.0 passengers_killed, 0.0 pedestrian_injured, 0.0 pedestrian_killed, Fair (Day), EDSA D. Macapagal Blvd.  Pasay",MMDA Road Safety Unit,,c9b57887-4763-4a15-89dd-8176023655fc,2015-09-26,03:30:00,EDSA Heritage Hotel Pasay,0,0,0,0,0,0,0,0,0,0,2015-09-26 11:30,Property,14.53639024,120.988979,No Collision Stated
None,EDSA,None,None,"No Accident Factor, No Collision Stated (based on Police Blotter Book), 0.0 drivers_injured, 0.0 drivers_killed, 0.0 passengers_injured, 0.0 passengers_killed, 0.0 pedestrian_injured, 0.0 pedestrian_killed, Fair (Night), EDSA Heritage Hotel  Pasay",MMDA Road Safety Unit,,7fc4dd0a-b965-4193-bb3e-33be32b8c5bb,2015-09-25,13:20:00,EDSA F.B. Harrison St. Pasay,0,0,0,0,0,0,0,0,0,0,2015-09-25 21:20,Property,14.53721957,120.9935015,No Collision Stated
None,EDSA,None,None,"No Accident Factor, No Collision Stated (based on Police Blotter Book), 0.0 drivers_injured, 0.0 drivers_killed, 0.0 passengers_injured, 0.0 passengers_killed, 0.0 pedestrian_injured, 0.0 pedestrian_killed, Fair (Night), EDSA Taft Ave. (EB)  Pasay",MMDA Road Safety Unit,,e45693d0-177a-411e-ab16-ed314a48e3b8,2015-09-24,14:30:00,EDSA Heritage Hotel Pasay,0,0,0,0,0,0,0,0,0,0,2015-09-24 22:30,Property,14.53775951,121.0007229,No Collision Stated
None,EDSA,None,None,"No Accident Factor, No Collision Stated (based on Police Blotter Book), 0.0 drivers_injured, 0.0 drivers_killed, 1.0 passengers_injured, 0.0 passengers_killed, 0.0 pedestrian_injured, 0.0 pedestrian_killed, Fair (Day), EDSA D. Macapagal Blvd. Pasay",MMDA Road Safety Unit,,6e510c8b-529b-41d6-990b-50af1ebfbe96,2015-09-24,02:00:00,EDSA Mahal Kita Inn Pasay,0,0,0,0,1,0,0,0,0,1,2015-09-24 10:00,Injury,14.53639024,120.988979,No Collision Stated
None,EDSA,None,None,"No Accident Factor, No Collision Stated (based on Police Blotter Book), 0.0 drivers_injured, 0.0 drivers_killed, 0.0 passengers_injured, 0.0 passengers_killed, 0.0 pedestrian_injured, 0.0 pedestrian_killed, Fair (Day), EDSA D. Macapagal Blvd. Pasay",MMDA Road Safety Unit,,abba3f74-9072-4b37-a67f-9d8e6335b4c1,2015-09-24,00:20:00,"EDSA ""U"" turn slot, Heritage Hotel Pasay",0,0,0,0,0,0,0,0,0,0,2015-09-24 8:20,Property,14.53639024,120.988979,No Collision Stated
None,EDSA,None,None,"No Accident Factor, No Collision Stated (based on Police Blotter Book), 0.0 drivers_injured, 0.0 drivers_killed, 0.0 passengers_injured, 0.0 passengers_killed, 0.0 pedestrian_injured, 0.0 pedestrian_killed, Fair (Day), EDSA Roxas Blvd. (SB) Pasay",MMDA Road Safety Unit,,38dafd26-c92f-4932-a3c0-cc42a1ae4642,2015-09-23,07:20:00,EDSA Roxas Blvd. Pasay,0,0,0,0,0,0,0,0,0,0,2015-09-23 15:20,Property,14.53725136,120.9928775,No Collision Stated
None,EDSA,None,None,"No Accident Factor, Rear-end, 0.0 drivers_injured, 0.0 drivers_killed, 0.0 passengers_injured, 0.0 passengers_killed, 0.0 pedestrian_injured, 0.0 pedestrian_killed, Fair (Day), EDSA F.B. Harrison St. Pasay",MMDA Road Safety Unit,,da0f1edc-b095-4839-8947-224d5b8cee7f,2015-09-23,02:00:00,EDSA Aurora Blvd. Pasay,0,0,0,0,0,0,0,0,0,0,2015-09-23 10:00,Property,14.53785118,120.9955695,Rear-End
None,EDSA,None,None,"No Accident Factor, Side Swipe, 1.0 drivers_injured, 0.0 drivers_killed, 0.0 passengers_injured, 0.0 passengers_killed, 0.0 pedestrian_injured, 0.0 pedestrian_killed, Fair (Night), EDSA ""U"" turn slot, Copacabana Pasay",MMDA Road Safety Unit,,c54840ac-aea5-41f7-a481-1f36cb102bd1,2015-09-22,20:00:00,EDSA Roxas Blvd. Pasay,0,0,0,1,0,0,0,0,0,1,2015-09-23 4:00,Injury,14.53740934,120.9940239,Side Swipe
None,EDSA,None,None,"No Accident Factor, No Collision Stated (based on Police Blotter Book), 0.0 drivers_injured, 0.0 drivers_killed, 0.0 passengers_injured, 0.0 passengers_killed, 0.0 pedestrian_injured, 0.0 pedestrian_killed, Fair (Day), EDSA Roxas Blvd. Pasay",MMDA Road Safety Unit,,eaaa54eb-4bd0-4647-aa36-0ad5b8f85ee0,2015-09-21,08:15:00,EDSA D. Macapagal Blvd. Pasay,0,0,0,0,0,0,0,0,0,0,2015-09-21 16:15,Property,14.53725136,120.9928775,No Collision Stated
None,EDSA,None,None,"No Accident Factor, Hit Object (No Object Stated), 0.0 drivers_injured, 0.0 drivers_killed, 0.0 passengers_injured, 0.0 passengers_killed, 0.0 pedestrian_injured, 0.0 pedestrian_killed, Fair (Day), EDSA Heritage Hotel Pasay",MMDA Road Safety Unit,,f328bf3b-6aa3-44c3-9246-6e3e29b55253,2015-09-21,06:50:00,EDSA Roxas Blvd. Pasay,0,0,0,0,0,0,0,0,0,0,2015-09-21 14:50,Property,14.53721957,120.9935015,Hit Object
None,EDSA,None,None,"No Accident Factor, Side Swipe, 0.0 drivers_injured, 0.0 drivers_killed, 0.0 passengers_injured, 0.0 passengers_killed, 0.0 pedestrian_injured, 0.0 pedestrian_killed, Fair (Day), EDSA F.B. Harrison St. Pasay",MMDA Road Safety Unit,,e146e2f9-e2e3-46cf-9456-53d5b3edf032,2015-09-20,23:20:00,EDSA Taft Ave. Pasay,0,0,0,0,0,0,0,0,0,0,2015-09-21 7:20,Property,14.53785118,120.9955695,Side Swipe
None,EDSA,None,None,"No Accident Factor, No Collision Stated (based on Police Blotter Book), 0.0 drivers_injured, 0.0 drivers_killed, 0.0 passengers_injured, 0.0 passengers_killed, 0.0 pedestrian_injured, 0.0 pedestrian_killed, Fair (Day), EDSA Heritage Hotel Pasay",MMDA Road Safety Unit,,0897e7b1-b2a9-4955-99ce-5913f2aea1f5,2015-09-20,22:00:00,EDSA F.B. Harrison St. (SB) Pasay,0,0,0,0,0,0,0,0,0,0,2015-09-21 6:00,Property,14.53721957,120.9935015,No Collision Stated
None,EDSA,None,None,"No Accident Factor, No Collision Stated (based on Police Blotter Book), 0.0 drivers_injured, 0.0 drivers_killed, 0.0 passengers_injured, 0.0 passengers_killed, 0.0 pedestrian_injured, 0.0 pedestrian_killed, Fair (Night), EDSA Mahal Kita Inn Pasay",MMDA Road Safety Unit,,40471983-881a-4b22-900f-01ebaaa14f60,2015-09-19,15:00:00,EDSA Roxas Blvd.  Pasay,0,0,0,0,0,0,0,0,0,0,2015-09-19 23:00,Property,14.53743819,120.9997641,No Collision Stated
None,EDSA,None,None,"No Accident Factor, No Collision Stated (based on Police Blotter Book), 0.0 drivers_injured, 0.0 drivers_killed, 0.0 passengers_injured, 0.0 passengers_killed, 0.0 pedestrian_injured, 0.0 pedestrian_killed, Fair (Night), EDSA ""U"" turn slot, Heritage Hotel Pasay",MMDA Road Safety Unit,,59b0b34f-9730-44fc-b344-ea13998fd5e2,2015-09-19,11:30:00,EDSA Roxas Blvd.  Pasay,0,0,0,0,0,0,0,0,0,0,2015-09-19 19:30,Property,14.5373561,120.9938096,No Collision Stated
None,EDSA,None,None,"No Accident Factor, No Collision Stated (based on Police Blotter Book), 0.0 drivers_injured, 0.0 drivers_killed, 0.0 passengers_injured, 0.0 passengers_killed, 0.0 pedestrian_injured, 0.0 pedestrian_killed, Fair (Day), EDSA Roxas Blvd. Pasay",MMDA Road Safety Unit,,8988efcd-b6f5-4ade-859d-384839a46ffb,2015-09-19,08:00:00,EDSA F.B. Harrison St.  Pasay,0,0,0,0,0,0,0,0,0,0,2015-09-19 16:00,Property,14.53725136,120.9928775,No Collision Stated