LOCATION_TEXT,ROAD,WEATHER,LIGHT,DESC,REPORTING_AGENCY,MAIN_CAUSE,INCIDENTDETAILS_ID,DATE_UTC,TIME_UTC,ADDRESS,killed_driver,killed_passenger,killed_pedestrian,injured_driver,injured_passenger,injured_pedestrian,killed_uncategorized,injured_uncategorized,killed_total,injured_total,DATETIME_PST,SEVERITY,Y,X,COLLISION_TYPE
None,EDSA,None,None,"No Accident Factor, Side Swipe, 0.0 drivers_injured, 0.0 drivers_killed, 0.0 passengers_injured, 0.0 passengers_killed, 0.0 pedestrian_injured, 0.0 pedestrian_killed, Fair (Night), EDSA Aurora Blvd. Pasay",MMDA Road Safety Unit,,4ef2a10a-105b-49fb-9546-05cd36c89315,2015-09-18,18:30:00,EDSA P. Celle St.  Pasay,0,0,0,0,0,0,0,0,0,0,2015-09-19 2:30,Property,14.53779864,121.0033477,Side Swipe
None,EDSA,None,None,"No Accident Factor, No Collision Stated (based on Police Blotter Book), 0.0 drivers_injured, 0.0 drivers_killed, 0.0 passengers_injured, 0.0 passengers_killed, 0.0 pedestrian_injured, 0.0 pedestrian_killed, Fair (Day), EDSA Roxas Blvd. Pasay",MMDA Road Safety Unit,,8ceea0f7-f156-49d2-8d23-548d7a10dd58,2015-09-18,06:30:00,EDSA D. Macapagal Blvd.  Pasay,0,0,0,0,0,0,0,0,0,0,2015-09-18 14:30,Property,14.53725136,120.9928775,No Collision Stated
None,EDSA,None,None,"No Accident Factor, No Collision Stated (based on Police Blotter Book), 0.0 drivers_injured, 0.0 drivers_killed, 0.0 passengers_injured, 0.0 passengers_killed, 0.0 pedestrian_injured, 0.0 pedestrian_killed, Fair (Night), EDSA D. Macapagal Blvd. Pasay",MMDA Road Safety Unit,,6861215a-d073-468b-9f28-bcd6479b59e5,2015-09-17,13:55:00,EDSA Roxas Blvd. Pasay,0,0,0,0,0,0,0,0,0,0,2015-09-17 21:55,Property,14.53639024,120.988979,No Collision Stated
None,EDSA,None,None,"No Accident Factor, No Collision Stated (based on Police Blotter Book), 0.0 drivers_injured, 0.0 drivers_killed, 0.0 passengers_injured, 0.0 passengers_killed, 0.0 pedestrian_injured, 0.0 pedestrian_killed, Fair (Day), EDSA Roxas Blvd. Pasay",MMDA Road Safety Unit,,2ec46b85-a09d-438e-b0d7-3f8b2bf82800,2015-09-17,04:30:00,EDSA Roxas Blvd. Service Road Pasay,0,0,0,0,0,0,0,0,0,0,2015-09-17 12:30,Property,14.53725136,120.9928775,No Collision Stated
None,EDSA,None,None,"No Accident Factor, No Collision Stated (based on Police Blotter Book), 0.0 drivers_injured, 0.0 drivers_killed, 0.0 passengers_injured, 0.0 passengers_killed, 0.0 pedestrian_injured, 0.0 pedestrian_killed, Fair (Night), EDSA Taft Ave. Pasay",MMDA Road Safety Unit,,ed019d65-0150-4394-9e11-e7d79fd6f9e9,2015-09-16,20:35:00,EDSA Taft Ave.  Pasay,0,0,0,0,0,0,0,0,0,0,2015-09-17 4:35,Property,14.53775951,121.0007229,No Collision Stated
None,EDSA,None,None,"No Accident Factor, Hit Parked Vehicle, 0.0 drivers_injured, 0.0 drivers_killed, 0.0 passengers_injured, 0.0 passengers_killed, 0.0 pedestrian_injured, 0.0 pedestrian_killed, Fair (Night), EDSA F.B. Harrison St. (SB) Pasay",MMDA Road Safety Unit,,47c39106-6767-4df4-a7d4-ac2b8b50af31,2015-09-16,15:10:00,EDSA Roxas Blvd.  Pasay,0,0,0,0,0,0,0,0,0,0,2015-09-16 23:10,Property,14.53785118,120.9955695,Hit Object
None,EDSA,None,None,"No Accident Factor, No Collision Stated (based on Police Blotter Book), 0.0 drivers_injured, 0.0 drivers_killed, 0.0 passengers_injured, 0.0 passengers_killed, 0.0 pedestrian_injured, 0.0 pedestrian_killed, Fair (Day), EDSA Roxas Blvd.  Pasay",MMDA Road Safety Unit,,7ba91d73-54e9-4f80-8176-c764ceef9d30,2015-09-15,08:30:00,EDSA Taft Ave.  Pasay,0,0,0,0,0,0,0,0,0,0,2015-09-15 16:30,Property,14.53725136,120.9928775,No Collision Stated
None,EDSA,None,None,"No Accident Factor, Rear-end, 0.0 drivers_injured, 0.0 drivers_killed, 0.0 passengers_injured, 0.0 passengers_killed, 0.0 pedestrian_injured, 0.0 pedestrian_killed, Fair (Day), EDSA Roxas Blvd.  Pasay",MMDA Road Safety Unit,,7b6093e2-8ae4-4e4d-a395-4a3b1b32e4d9,2015-09-13,23:00:00,EDSA Roxas Blvd.  Pasay,0,0,0,0,0,0,0,0,0,0,2015-09-14 7:00,Property,14.53725136,120.9928775,Rear-End
None,EDSA,None,None,"No Accident Factor, Side Swipe, 0.0 drivers_injured, 0.0 drivers_killed, 0.0 passengers_injured, 0.0 passengers_killed, 0.0 pedestrian_injured, 0.0 pedestrian_killed, Fair (Night), EDSA F.B. Harrison St.  Pasay",MMDA Road Safety Unit,,4bc8c221-57db-4e5f-b383-eabb31f7c982,2015-09-13,20:00:00,EDSA Taft Ave.  Pasay,0,0,0,0,0,0,0,0,0,0,2015-09-14 4:00,Property,14.53785118,120.9955695,Side Swipe
None,EDSA,None,None,"No Accident Factor, No Collision Stated (based on Police Blotter Book), 1.0 drivers_injured, 0.0 drivers_killed, 0.0 passengers_injured, 0.0 passengers_killed, 0.0 pedestrian_injured, 0.0 pedestrian_killed, Fair (Day), EDSA P. Celle St.  Pasay",MMDA Road Safety Unit,,6de85aec-605d-4482-99bb-7824a66d3724,2015-09-13,08:20:00,EDSA Taft Ave.  Pasay,0,0,0,1,0,0,0,0,0,1,2015-09-13 16:20,Injury,14.53789911,120.9974276,No Collision Stated
None,EDSA,None,None,"No Accident Factor, No Collision Stated (based on Police Blotter Book), 0.0 drivers_injured, 0.0 drivers_killed, 0.0 passengers_injured, 0.0 passengers_killed, 0.0 pedestrian_injured, 0.0 pedestrian_killed, Fair (Day), EDSA D. Macapagal Blvd.  Pasay",MMDA Road Safety Unit,,b0b24743-9104-4030-ba54-949a6df98596,2015-09-11,23:20:00,EDSA Tramo St.  Pasay,0,0,0,0,0,0,0,0,0,0,2015-09-12 7:20,Property,14.53639024,120.988979,No Collision Stated
None,EDSA,None,None,"No Accident Factor, No Collision Stated (based on Police Blotter Book), 0.0 drivers_injured, 0.0 drivers_killed, 0.0 passengers_injured, 0.0 passengers_killed, 0.0 pedestrian_injured, 0.0 pedestrian_killed, Fair (Night), EDSA Roxas Blvd. Pasay",MMDA Road Safety Unit,,f8394366-ac9f-4fb5-80a7-4c385c44af38,2015-09-11,21:00:00,EDSA Tramo St.  Pasay,0,0,0,0,0,0,0,0,0,0,2015-09-12 5:00,Property,14.53725136,120.9928775,No Collision Stated
None,EDSA,None,None,"No Accident Factor, No Collision Stated (based on Police Blotter Book), 0.0 drivers_injured, 0.0 drivers_killed, 0.0 passengers_injured, 0.0 passengers_killed, 0.0 pedestrian_injured, 0.0 pedestrian_killed, Fair (Day), EDSA Roxas Blvd. Service Road Pasay",MMDA Road Safety Unit,,dc1f2d2b-2cb2-42ae-93a5-15011dc06a9b,2015-09-10,22:20:00,EDSA D. Macapagal Blvd.  Pasay,0,0,0,0,0,0,0,0,0,0,2015-09-11 6:20,Property,14.53725136,120.9928775,No Collision Stated
None,EDSA,None,None,"No Accident Factor, No Collision Stated (based on Police Blotter Book), 0.0 drivers_injured, 0.0 drivers_killed, 0.0 passengers_injured, 0.0 passengers_killed, 0.0 pedestrian_injured, 0.0 pedestrian_killed, Fair (Night), EDSA Taft Ave.  Pasay",MMDA Road Safety Unit,,5b955197-6150-4100-962f-033d69584387,2015-09-10,15:00:00,EDSA Macapagal Blvd. Pasay,0,0,0,0,0,0,0,0,0,0,2015-09-10 23:00,Property,14.53775951,121.0007229,No Collision Stated
None,EDSA,None,None,"No Accident Factor, No Collision Stated (based on Police Blotter Book), 0.0 drivers_injured, 0.0 drivers_killed, 0.0 passengers_injured, 0.0 passengers_killed, 0.0 pedestrian_injured, 0.0 pedestrian_killed, Fair (Night), EDSA Roxas Blvd.  Pasay",MMDA Road Safety Unit,,fdcccdd5-fb69-40a8-867a-866005744462,2015-09-10,14:30:00,EDSA Roxas Blvd.  Pasay,0,0,0,0,0,0,0,0,0,0,2015-09-10 22:30,Property,14.53725136,120.9928775,No Collision Stated
None,EDSA,None,None,"No Accident Factor, Side Swipe, 0.0 drivers_injured, 0.0 drivers_killed, 0.0 passengers_injured, 0.0 passengers_killed, 0.0 pedestrian_injured, 0.0 pedestrian_killed, Fair (Night), EDSA Taft Ave.  Pasay",MMDA Road Safety Unit,,3dd5de3d-3084-4c36-9dec-a9f4fb4c0356,2015-09-10,12:00:00,EDSA F. B. Harrison St. Pasay,0,0,0,0,0,0,0,0,0,0,2015-09-10 20:00,Property,14.53775951,121.0007229,Side Swipe
None,EDSA,None,None,"No Accident Factor, No Collision Stated (based on Police Blotter Book), 0.0 drivers_injured, 0.0 drivers_killed, 0.0 passengers_injured, 0.0 passengers_killed, 0.0 pedestrian_injured, 0.0 pedestrian_killed, Fair (Day), EDSA Roxas Blvd.  Pasay",MMDA Road Safety Unit,,e6e5b812-4c55-4652-8bfe-fb1af0854121,2015-09-10,08:45:00,EDSA Roxas Blvd.  Pasay,0,0,0,0,0,0,0,0,0,0,2015-09-10 16:45,Property,14.53725136,120.9928775,No Collision Stated
None,EDSA,None,None,"No Accident Factor, Side Swipe, 0.0 drivers_injured, 0.0 drivers_killed, 0.0 passengers_injured, 0.0 passengers_killed, 0.0 pedestrian_injured, 0.0 pedestrian_killed, Fair (Day), EDSA Taft Ave.  Pasay",MMDA Road Safety Unit,,775ea43a-352a-4865-8d76-3055daa9c318,2015-09-10,06:00:00,EDSA SM MOA Circle  Pasay,0,0,0,0,0,0,0,0,0,0,2015-09-10 14:00,Property,14.53775951,121.0007229,Side Swipe
None,EDSA,None,None,"No Accident Factor, Hit and Run (Side Swipe), 0.0 drivers_injured, 0.0 drivers_killed, 0.0 passengers_injured, 0.0 passengers_killed, 0.0 pedestrian_injured, 0.0 pedestrian_killed, Fair (Day), EDSA Taft Ave.  Pasay",MMDA Road Safety Unit,,6d7cf4a9-9210-4fd2-b878-496cee07a0e7,2015-09-10,04:05:00,EDSA SM MOA Circle  Pasay,0,0,0,0,0,0,0,0,0,0,2015-09-10 12:05,Property,14.53775951,121.0007229,Side Swipe
None,EDSA,None,None,"No Accident Factor, No Collision Stated (based on Police Blotter Book), 0.0 drivers_injured, 0.0 drivers_killed, 0.0 passengers_injured, 0.0 passengers_killed, 0.0 pedestrian_injured, 0.0 pedestrian_killed, Fair (Day), EDSA Tramo St.  Pasay",MMDA Road Safety Unit,,b46cd992-605c-40d2-9643-341231824949,2015-09-09,22:30:00,EDSA Macapagal Blvd. Pasay,0,0,0,0,0,0,0,0,0,0,2015-09-10 6:30,Property,14.53790544,121.0032547,No Collision Stated
None,EDSA,None,None,"No Accident Factor, Hit and Run (No Collision Stated), 0.0 drivers_injured, 0.0 drivers_killed, 0.0 passengers_injured, 0.0 passengers_killed, 0.0 pedestrian_injured, 0.0 pedestrian_killed, Fair (Night), EDSA Tramo St.  Pasay",MMDA Road Safety Unit,,a8731733-5628-46da-8a15-7d1be588c624,2015-09-08,15:45:00,EDSA D. Macapagal Blvd. (NB)  Pasay,0,0,0,0,0,0,0,0,0,0,2015-09-08 23:45,Property,14.53790544,121.0032547,No Collision Stated
None,EDSA,None,None,"No Accident Factor, No Collision Stated (based on Police Blotter Book), 0.0 drivers_injured, 0.0 drivers_killed, 0.0 passengers_injured, 0.0 passengers_killed, 0.0 pedestrian_injured, 0.0 pedestrian_killed, Fair (Night), EDSA D. Macapagal Blvd.  Pasay",MMDA Road Safety Unit,,43894102-de6a-4582-8de2-147a88543b08,2015-09-07,14:00:00,EDSA Cabrera St. Pasay,0,0,0,0,0,0,0,0,0,0,2015-09-07 22:00,Property,14.53639024,120.988979,No Collision Stated
None,EDSA,None,None,"No Accident Factor, No Collision Stated (based on Police Blotter Book), 0.0 drivers_injured, 0.0 drivers_killed, 0.0 passengers_injured, 0.0 passengers_killed, 0.0 pedestrian_injured, 0.0 pedestrian_killed, Fair (Day), EDSA Macapagal Blvd. Pasay",MMDA Road Safety Unit,,63cab7f2-e884-477b-a374-0933edacc4e3,2015-09-07,05:45:00,EDSA Roxas Blvd.  Pasay,0,0,0,0,0,0,0,0,0,0,2015-09-07 13:45,Property,14.53636061,120.9889709,No Collision Stated
None,EDSA,None,None,"No Accident Factor, No Collision Stated (based on Police Blotter Book), 0.0 drivers_injured, 0.0 drivers_killed, 0.0 passengers_injured, 0.0 passengers_killed, 0.0 pedestrian_injured, 0.0 pedestrian_killed, Fair (Night), EDSA Roxas Blvd.  Pasay",MMDA Road Safety Unit,,eef62d9e-181f-44ef-9c76-e03aa37152db,2015-09-06,10:00:00,EDSA Tramo (EB)  Pasay,0,0,0,0,0,0,0,0,0,0,2015-09-06 18:00,Property,14.53725136,120.9928775,No Collision Stated
None,EDSA,None,None,"No Accident Factor, No Collision Stated (based on Police Blotter Book), 0.0 drivers_injured, 0.0 drivers_killed, 0.0 passengers_injured, 0.0 passengers_killed, 0.0 pedestrian_injured, 0.0 pedestrian_killed, Fair (Night), EDSA F. B. Harrison St. Pasay",MMDA Road Safety Unit,,c18a3f76-d591-4f58-8968-68a78cb63805,2015-09-05,12:55:00,EDSA Macapagal Blvd. Pasay,0,0,0,0,0,0,0,0,0,0,2015-09-05 20:55,Property,14.5378679,120.9956516,No Collision Stated
None,EDSA,None,None,"No Accident Factor, No Collision Stated (based on Police Blotter Book), 0.0 drivers_injured, 0.0 drivers_killed, 0.0 passengers_injured, 0.0 passengers_killed, 0.0 pedestrian_injured, 0.0 pedestrian_killed, Fair (Night), EDSA Roxas Blvd.  Pasay",MMDA Road Safety Unit,,f74b61fb-c495-4662-8166-da846e6edfe8,2015-09-05,12:15:00,EDSA Taft Ave. Pasay,0,0,0,0,0,0,0,0,0,0,2015-09-05 20:15,Property,14.53725136,120.9928775,No Collision Stated
None,EDSA,None,None,"No Accident Factor, No Collision Stated (based on Police Blotter Book), 0.0 drivers_injured, 0.0 drivers_killed, 0.0 passengers_injured, 0.0 passengers_killed, 0.0 pedestrian_injured, 0.0 pedestrian_killed, Fair (Night), EDSA SM MOA Circle  Pasay",MMDA Road Safety Unit,,a07a5aca-2a6f-480a-99cb-8c343df4ce5c,2015-09-05,12:00:00,EDSA Macapagal Blvd. Pasay,0,0,0,0,0,0,0,0,0,0,2015-09-05 20:00,Property,14.53556259,120.9848215,No Collision Stated
None,EDSA,None,None,"No Accident Factor, No Collision Stated (based on Police Blotter Book), 0.0 drivers_injured, 0.0 drivers_killed, 0.0 passengers_injured, 0.0 passengers_killed, 0.0 pedestrian_injured, 0.0 pedestrian_killed, Fair (Day), EDSA SM MOA Circle  Pasay",MMDA Road Safety Unit,,057af8d3-df93-437e-b0c2-91daa694b12d,2015-09-05,06:45:00,EDSA Roxas Blvd.  Pasay,0,0,0,0,0,0,0,0,0,0,2015-09-05 14:45,Property,14.53556259,120.9848215,No Collision Stated
None,EDSA,None,None,"No Accident Factor, No Collision Stated (based on Police Blotter Book), 0.0 drivers_injured, 0.0 drivers_killed, 0.0 passengers_injured, 0.0 passengers_killed, 0.0 pedestrian_injured, 0.0 pedestrian_killed, Fair (Day), EDSA Macapagal Blvd. Pasay",MMDA Road Safety Unit,,325cc39c-f9d3-42b9-adf5-dbdaafeaa783,2015-09-05,05:15:00,EDSA Macapagal Blvd. Pasay,0,0,0,0,0,0,0,0,0,0,2015-09-05 13:15,Property,14.53636061,120.9889709,No Collision Stated
None,EDSA,None,None,"No Accident Factor, Multiple Collision, 0.0 drivers_injured, 0.0 drivers_killed, 0.0 passengers_injured, 0.0 passengers_killed, 0.0 pedestrian_injured, 0.0 pedestrian_killed, Fair (Day), EDSA D. Macapagal Blvd. (NB)  Pasay",MMDA Road Safety Unit,,89811a7d-b4bd-4b7a-b7aa-43275cb7d32e,2015-09-04,22:45:00,EDSA DLTB Bus Terminal  Pasay,0,0,0,0,0,0,0,0,0,0,2015-09-05 6:45,Property,14.53639024,120.988979,Multiple
None,EDSA,None,None,"No Accident Factor, No Collision Stated (based on Police Blotter Book), 0.0 drivers_injured, 0.0 drivers_killed, 0.0 passengers_injured, 0.0 passengers_killed, 0.0 pedestrian_injured, 0.0 pedestrian_killed, Fair (Night), EDSA Cabrera St. Pasay",MMDA Road Safety Unit,,7089bce1-818d-4399-8590-b06796937b61,2015-09-04,14:30:00,EDSA Taft Ave. Pasay,0,0,0,0,0,0,0,0,0,0,2015-09-04 22:30,Property,14.53817493,121.0048575,No Collision Stated
None,EDSA,None,None,"No Accident Factor, Side Swipe, 0.0 drivers_injured, 0.0 drivers_killed, 0.0 passengers_injured, 0.0 passengers_killed, 0.0 pedestrian_injured, 0.0 pedestrian_killed, Fair (Night), EDSA Roxas Blvd.  Pasay",MMDA Road Safety Unit,,1c949f3d-d6b5-4cf0-8738-e56180e5dac6,2015-09-04,11:35:00,EDSA Taft Ave. Pasay,0,0,0,0,0,0,0,0,0,0,2015-09-04 19:35,Property,14.53725136,120.9928775,Side Swipe
None,EDSA,None,None,"No Accident Factor, No Collision Stated (based on Police Blotter Book), 0.0 drivers_injured, 0.0 drivers_killed, 0.0 passengers_injured, 0.0 passengers_killed, 0.0 pedestrian_injured, 0.0 pedestrian_killed, Fair (Night), EDSA Tramo (EB)  Pasay",MMDA Road Safety Unit,,bfed2f17-b7e1-47ed-baff-0c771d0a5549,2015-08-29,17:15:00,EDSA E. Rodriguez St.  Pasay,0,0,0,0,0,0,0,0,0,0,2015-08-30 1:15,Property,14.53790544,121.0032547,No Collision Stated
None,EDSA,None,None,"No Accident Factor, Rear-end, 0.0 drivers_injured, 0.0 drivers_killed, 0.0 passengers_injured, 0.0 passengers_killed, 0.0 pedestrian_injured, 0.0 pedestrian_killed, Fair (Night), EDSA Macapagal Blvd. Pasay",MMDA Road Safety Unit,,d0932d4f-a861-4c63-85a2-94ad96d803d7,2015-08-29,13:20:00,EDSA Macapagal Blvd. Pasay,0,0,0,0,0,0,0,0,0,0,2015-08-29 21:20,Property,14.53636061,120.9889709,Rear-End
None,EDSA,None,None,"No Accident Factor, No Collision Stated (based on Police Blotter Book), 0.0 drivers_injured, 0.0 drivers_killed, 0.0 passengers_injured, 0.0 passengers_killed, 0.0 pedestrian_injured, 0.0 pedestrian_killed, Fair (Day), EDSA Taft Ave. Pasay",MMDA Road Safety Unit,,e7d09824-a097-47b3-b7d3-30536686d571,2015-08-27,00:50:00,"EDSA Heritage Hotel ""U"" turn slot  Pasay",0,0,0,0,0,0,0,0,0,0,2015-08-27 8:50,Property,14.53775951,121.0007229,No Collision Stated
None,EDSA,None,None,"No Accident Factor, No Collision Stated (based on Police Blotter Book), 0.0 drivers_injured, 0.0 drivers_killed, 0.0 passengers_injured, 0.0 passengers_killed, 0.0 pedestrian_injured, 0.0 pedestrian_killed, Fair (Night), EDSA Macapagal Blvd. Pasay",MMDA Road Safety Unit,,9830a250-aca8-4dc7-9c5b-b144f62845af,2015-08-26,11:00:00,EDSA Macapagal Blvd. Pasay,0,0,0,0,0,0,0,0,0,0,2015-08-26 19:00,Property,14.53636061,120.9889709,No Collision Stated
None,EDSA,None,None,"No Accident Factor, No Collision Stated (based on Police Blotter Book), 1.0 drivers_injured, 0.0 drivers_killed, 0.0 passengers_injured, 0.0 passengers_killed, 0.0 pedestrian_injured, 0.0 pedestrian_killed, Fair (Day), EDSA Roxas Blvd.  Pasay",MMDA Road Safety Unit,,7f5e234d-180c-4747-a5cf-b8e888bc2427,2015-08-26,05:00:00,EDSA Roxas Blvd. Service Road Pasay,0,0,0,1,0,0,0,0,0,1,2015-08-26 13:00,Injury,14.53725136,120.9928775,No Collision Stated
None,EDSA,None,None,"No Accident Factor, No Collision Stated (based on Police Blotter Book), 0.0 drivers_injured, 0.0 drivers_killed, 0.0 passengers_injured, 0.0 passengers_killed, 0.0 pedestrian_injured, 0.0 pedestrian_killed, Fair (Night), EDSA Macapagal Blvd. Pasay",MMDA Road Safety Unit,,f58c1190-3704-48d6-b5e3-8faa59fb9e50,2015-08-25,17:00:00,EDSA F. B. Harrison St. Pasay,0,0,0,0,0,0,0,0,0,0,2015-08-26 1:00,Property,14.53636061,120.9889709,No Collision Stated
None,EDSA,None,None,"No Accident Factor, No Collision Stated (based on Police Blotter Book), 0.0 drivers_injured, 0.0 drivers_killed, 0.0 passengers_injured, 0.0 passengers_killed, 0.0 pedestrian_injured, 0.0 pedestrian_killed, Fair (Day), EDSA DLTB Bus Terminal  Pasay",MMDA Road Safety Unit,,1a858af8-87cf-4690-bbfb-12975c012559,2015-08-25,00:30:00,EDSA Taft Ave. Pasay,0,0,0,0,0,0,0,0,0,0,2015-08-25 8:30,Property,14.53774311,121.0035932,No Collision Stated
None,EDSA,None,None,"No Accident Factor, No Collision Stated (based on Police Blotter Book), 0.0 drivers_injured, 0.0 drivers_killed, 0.0 passengers_injured, 0.0 passengers_killed, 0.0 pedestrian_injured, 0.0 pedestrian_killed, Fair (Day), EDSA Taft Ave. Pasay",MMDA Road Safety Unit,,7ddf8a68-dfce-47d6-b47e-bf128aa69303,2015-08-25,00:00:00,"EDSA Heritage Hotel ""U: turn slot  Pasay",0,0,0,0,0,0,0,0,0,0,2015-08-25 8:00,Property,14.53775951,121.0007229,No Collision Stated
None,EDSA,None,None,"No Accident Factor, No Collision Stated (based on Police Blotter Book), 0.0 drivers_injured, 0.0 drivers_killed, 0.0 passengers_injured, 0.0 passengers_killed, 0.0 pedestrian_injured, 0.0 pedestrian_killed, Fair (Day), EDSA Taft Ave. Pasay",MMDA Road Safety Unit,,77dc5e8b-2cfd-497c-bb9e-6ebee43230a9,2015-08-24,06:45:00,EDSA Roxas Blvd.  Pasay,0,0,0,0,0,0,0,0,0,0,2015-08-24 14:45,Property,14.53775951,121.0007229,No Collision Stated
None,EDSA,None,None,"No Accident Factor, No Collision Stated (based on Police Blotter Book), 0.0 drivers_injured, 0.0 drivers_killed, 0.0 passengers_injured, 0.0 passengers_killed, 0.0 pedestrian_injured, 0.0 pedestrian_killed, Fair (Night), EDSA E. Rodriguez St.  Pasay",MMDA Road Safety Unit,,56a3afdd-af44-4eab-b357-c9fe9028a7b7,2015-08-23,14:05:00,EDSA Macapagal Blvd. Pasay,0,0,0,0,0,0,0,0,0,0,2015-08-23 22:05,Property,14.53836867,121.0085613,No Collision Stated
None,EDSA,None,None,"No Accident Factor, No Collision Stated (based on Police Blotter Book), 0.0 drivers_injured, 0.0 drivers_killed, 0.0 passengers_injured, 0.0 passengers_killed, 0.0 pedestrian_injured, 0.0 pedestrian_killed, Fair (Day), EDSA Macapagal Blvd. Pasay",MMDA Road Safety Unit,,106665e4-4945-4741-99b8-e1d58783c492,2015-08-23,09:40:00,EDSA Macapagal Blvd. Pasay,0,0,0,0,0,0,0,0,0,0,2015-08-23 17:40,Property,14.53636061,120.9889709,No Collision Stated
None,EDSA,None,None,"No Accident Factor, No Collision Stated (based on Police Blotter Book), 0.0 drivers_injured, 0.0 drivers_killed, 0.0 passengers_injured, 0.0 passengers_killed, 0.0 pedestrian_injured, 0.0 pedestrian_killed, Fair (Night), EDSA Heritage Hotel ""U"" turn slot  Pasay",MMDA Road Safety Unit,,cc17126e-6076-4090-959d-b371ca1d4969,2015-08-22,12:00:00,EDSA Taft Ave. Pasay,0,0,0,0,0,0,0,0,0,0,2015-08-22 20:00,Property,14.53735972,120.9938132,No Collision Stated
None,EDSA,None,None,"No Accident Factor, Rear-end, 0.0 drivers_injured, 0.0 drivers_killed, 0.0 passengers_injured, 0.0 passengers_killed, 0.0 pedestrian_injured, 0.0 pedestrian_killed, Fair (Night), EDSA Macapagal Blvd. Pasay",MMDA Road Safety Unit,,7e366117-2359-4747-b4d4-4061f910b17c,2015-08-20,15:30:00,EDSA F. B. Harrison St. Pasay,0,0,0,0,0,0,0,0,0,0,2015-08-20 23:30,Property,14.53636061,120.9889709,Rear-End
None,EDSA,None,None,"No Accident Factor, No Collision Stated (based on Police Blotter Book), 0.0 drivers_injured, 0.0 drivers_killed, 0.0 passengers_injured, 0.0 passengers_killed, 0.0 pedestrian_injured, 0.0 pedestrian_killed, Fair (Night), EDSA Roxas Blvd. Service Road Pasay",MMDA Road Safety Unit,,0b86ca08-ed8b-4f3b-8c37-e6577788765d,2015-08-20,15:00:00,EDSA Taft Ave. Pasay,0,0,0,0,0,0,0,0,0,0,2015-08-20 23:00,Property,14.53725136,120.9928775,No Collision Stated
None,EDSA,None,None,"No Accident Factor, Rear-end, 0.0 drivers_injured, 0.0 drivers_killed, 0.0 passengers_injured, 0.0 passengers_killed, 0.0 pedestrian_injured, 0.0 pedestrian_killed, Fair (Night), EDSA F. B. Harrison St. Pasay",MMDA Road Safety Unit,,f56f6159-54c7-4c3e-96b8-c2fdc6741cee,2015-08-20,13:25:00,EDSA E. Rodriguez St.  Pasay,0,0,0,0,0,0,0,0,0,0,2015-08-20 21:25,Property,14.5378679,120.9956516,Rear-End
None,EDSA,None,None,"No Accident Factor, No Collision Stated (based on Police Blotter Book), 0.0 drivers_injured, 0.0 drivers_killed, 0.0 passengers_injured, 0.0 passengers_killed, 0.0 pedestrian_injured, 0.0 pedestrian_killed, Fair (Day), EDSA Taft Ave. Pasay",MMDA Road Safety Unit,,6f46f9e6-3bdd-4ac8-b757-399d604d6f5e,2015-08-18,23:45:00,EDSA Tramo St.  Pasay,0,0,0,0,0,0,0,0,0,0,2015-08-19 7:45,Property,14.53775951,121.0007229,No Collision Stated
None,EDSA,None,None,"No Accident Factor, Side Swipe, 0.0 drivers_injured, 0.0 drivers_killed, 0.0 passengers_injured, 0.0 passengers_killed, 0.0 pedestrian_injured, 0.0 pedestrian_killed, Fair (Day), EDSA Heritage Hotel ""U: turn slot  Pasay",MMDA Road Safety Unit,,0330e005-edf0-458f-887f-33afdc1ca209,2015-08-16,23:15:00,"EDSA ""U"" turn slot, P. Celle St. Pasay",0,0,0,0,0,0,0,0,0,0,2015-08-17 7:15,Property,14.53735972,120.9938132,Side Swipe
None,EDSA,None,None,"No Accident Factor, No Collision Stated (based on Police Blotter Book), 0.0 drivers_injured, 0.0 drivers_killed, 0.0 passengers_injured, 0.0 passengers_killed, 0.0 pedestrian_injured, 0.0 pedestrian_killed, Fair (Day), EDSA Roxas Blvd.  Pasay",MMDA Road Safety Unit,,b690be3c-921d-4347-9e6c-7f4a1e112cec,2015-08-16,04:00:00,EDSA Macapagal Blvd. Pasay,0,0,0,0,0,0,0,0,0,0,2015-08-16 12:00,Property,14.53725136,120.9928775,No Collision Stated
None,EDSA,None,None,"No Accident Factor, No Collision Stated (based on Police Blotter Book), 0.0 drivers_injured, 0.0 drivers_killed, 0.0 passengers_injured, 0.0 passengers_killed, 0.0 pedestrian_injured, 0.0 pedestrian_killed, Fair (Night), EDSA Macapagal Blvd. Pasay",MMDA Road Safety Unit,,b8b6e7a4-0499-4db1-8a31-6cb9e91c1a07,2015-08-14,15:55:00,EDSA P. Celle St.  Pasay,0,0,0,0,0,0,0,0,0,0,2015-08-14 23:55,Property,14.53636061,120.9889709,No Collision Stated