LOCATION_TEXT,ROAD,WEATHER,LIGHT,DESC,REPORTING_AGENCY,MAIN_CAUSE,INCIDENTDETAILS_ID,DATE_UTC,TIME_UTC,ADDRESS,killed_driver,killed_passenger,killed_pedestrian,injured_driver,injured_passenger,injured_pedestrian,killed_uncategorized,injured_uncategorized,killed_total,injured_total,DATETIME_PST,SEVERITY,Y,X,COLLISION_TYPE
None,EDSA,None,None,"No Accident Factor, No Collision Stated (based on Police Blotter Book), 0.0 drivers_injured, 0.0 drivers_killed, 0.0 passengers_injured, 0.0 passengers_killed, 0.0 pedestrian_injured, 0.0 pedestrian_killed, Fair (Day), EDSA Macapagal Blvd. Pasay",MMDA Road Safety Unit,,90a909fa-e4fc-45da-acec-6681ba9e373f,2015-08-14,07:20:00,EDSA Heritage Hotel Pasay,0,0,0,0,0,0,0,0,0,0,2015-08-14 15:20,Property,14.53636061,120.9889709,No Collision Stated
None,EDSA,None,None,"No Accident Factor, No Collision Stated (based on Police Blotter Book), 0.0 drivers_injured, 0.0 drivers_killed, 0.0 passengers_injured, 0.0 passengers_killed, 0.0 pedestrian_injured, 0.0 pedestrian_killed, Fair (Day), EDSA Taft Ave. Pasay",MMDA Road Safety Unit,,577f604b-ab4f-4b7a-93cc-75dd3a8cd02b,2015-08-13,05:10:00,EDSA Roxas Blvd.  Pasay,0,0,0,0,0,0,0,0,0,0,2015-08-13 13:10,Property,14.53775951,121.0007229,No Collision Stated
None,EDSA,None,None,"No Accident Factor, No Collision Stated (based on Police Blotter Book), 0.0 drivers_injured, 0.0 drivers_killed, 0.0 passengers_injured, 0.0 passengers_killed, 0.0 pedestrian_injured, 0.0 pedestrian_killed, Fair (Day), EDSA F. B. Harrison St. Pasay",MMDA Road Safety Unit,,c7c0b885-d09d-4adb-9a07-62b18e73a6ad,2015-08-13,04:30:00,EDSA Heritage Hotel Pasay,0,0,0,0,0,0,0,0,0,0,2015-08-13 12:30,Property,14.5378679,120.9956516,No Collision Stated
None,EDSA,None,None,"No Accident Factor, Side Swipe, 0.0 drivers_injured, 0.0 drivers_killed, 0.0 passengers_injured, 0.0 passengers_killed, 0.0 pedestrian_injured, 0.0 pedestrian_killed, Fair (Day), EDSA Taft Ave. Pasay",MMDA Road Safety Unit,,99ae9ecd-8b9a-428e-89db-1791ee85ad1b,2015-08-13,02:30:00,EDSA Roxas Blvd.  Pasay,0,0,0,0,0,0,0,0,0,0,2015-08-13 10:30,Property,14.53775951,121.0007229,Side Swipe
None,EDSA,None,None,"No Accident Factor, No Collision Stated (based on Police Blotter Book), 0.0 drivers_injured, 0.0 drivers_killed, 0.0 passengers_injured, 0.0 passengers_killed, 0.0 pedestrian_injured, 0.0 pedestrian_killed, Fair (Day), EDSA E. Rodriguez St.  Pasay",MMDA Road Safety Unit,,b92e0603-af88-4498-a0ca-d6d4bad1e4a9,2015-08-12,06:00:00,EDSA Macapagal Blvd. Pasay,0,0,0,0,0,0,0,0,0,0,2015-08-12 14:00,Property,14.53836867,121.0085613,No Collision Stated
None,EDSA,None,None,"No Accident Factor, Rear-end, 0.0 drivers_injured, 0.0 drivers_killed, 0.0 passengers_injured, 0.0 passengers_killed, 0.0 pedestrian_injured, 0.0 pedestrian_killed, Fair (Day), EDSA Tramo St.  Pasay",MMDA Road Safety Unit,,018e2b84-7961-41fe-8094-678b3cf8a9a7,2015-08-12,02:45:00,EDSA Taft Ave. Pasay,0,0,0,0,0,0,0,0,0,0,2015-08-12 10:45,Property,14.53790544,121.0032547,Rear-End
None,EDSA,None,None,"No Accident Factor, No Collision Stated (based on Police Blotter Book), 1.0 drivers_injured, 0.0 drivers_killed, 0.0 passengers_injured, 0.0 passengers_killed, 0.0 pedestrian_injured, 0.0 pedestrian_killed, Fair (Day), EDSA ""U"" turn slot, P. Celle St. Pasay",MMDA Road Safety Unit,,e8941c63-6073-45ed-beef-b7f6fafd7098,2015-08-09,08:55:00,EDSA Macapagal Blvd. Pasay,0,0,0,1,0,0,0,0,0,1,2015-08-09 16:55,Injury,14.53777151,120.9974946,No Collision Stated
None,EDSA,None,None,"No Accident Factor, Other (Hit Veh. + Hit Obj.), 0.0 drivers_injured, 0.0 drivers_killed, 0.0 passengers_injured, 0.0 passengers_killed, 0.0 pedestrian_injured, 0.0 pedestrian_killed, Fair (Day), EDSA Macapagal Blvd. Pasay",MMDA Road Safety Unit,,1f64c96e-0486-4d94-9930-a80aad22ccd3,2015-08-09,08:45:00,EDSA Kabayan Hotel  Pasay,0,0,0,0,0,0,0,0,0,0,2015-08-09 16:45,Property,14.53636061,120.9889709,Hit Object
None,EDSA,None,None,"No Accident Factor, Hit Object (No Object Stated), 0.0 drivers_injured, 0.0 drivers_killed, 0.0 passengers_injured, 0.0 passengers_killed, 0.0 pedestrian_injured, 0.0 pedestrian_killed, Fair (Day), EDSA P. Celle St.  Pasay",MMDA Road Safety Unit,,2815bb58-e83d-4e8a-9e33-4602f22c871b,2015-08-09,04:40:00,EDSA Aurora Blvd. Pasay,0,0,0,0,0,0,0,0,0,0,2015-08-09 12:40,Property,14.53789911,120.9974276,Hit Object
None,EDSA,None,None,"No Accident Factor, No Collision Stated (based on Police Blotter Book), 0.0 drivers_injured, 0.0 drivers_killed, 0.0 passengers_injured, 0.0 passengers_killed, 0.0 pedestrian_injured, 0.0 pedestrian_killed, Fair (Night), EDSA Heritage Hotel Pasay",MMDA Road Safety Unit,,104ec89c-92bc-48ed-bf45-525ef42cdd05,2015-08-08,19:00:00,EDSA Zamora St.  Pasay,0,0,0,0,0,0,0,0,0,0,2015-08-09 3:00,Property,14.53721957,120.9935015,No Collision Stated
None,EDSA,None,None,"No Accident Factor, No Collision Stated (based on Police Blotter Book), 0.0 drivers_injured, 0.0 drivers_killed, 0.0 passengers_injured, 0.0 passengers_killed, 0.0 pedestrian_injured, 0.0 pedestrian_killed, Fair (Night), EDSA Roxas Blvd.  Pasay",MMDA Road Safety Unit,,2d355563-4d43-4025-8f9e-4112cd6c24f9,2015-08-08,14:00:00,EDSA Macapagal Blvd. Pasay,0,0,0,0,0,0,0,0,0,0,2015-08-08 22:00,Property,14.53725136,120.9928775,No Collision Stated
None,EDSA,None,None,"No Accident Factor, No Collision Stated (based on Police Blotter Book), 0.0 drivers_injured, 0.0 drivers_killed, 0.0 passengers_injured, 0.0 passengers_killed, 0.0 pedestrian_injured, 0.0 pedestrian_killed, Fair (Night), EDSA Heritage Hotel Pasay",MMDA Road Safety Unit,,d00e5747-4c3d-4537-a229-fe66a625bd76,2015-08-08,13:30:00,EDSA Edang St.  Pasay,0,0,0,0,0,0,0,0,0,0,2015-08-08 21:30,Property,14.53721957,120.9935015,No Collision Stated
None,EDSA,None,None,"No Accident Factor, No Collision Stated (based on Police Blotter Book), 0.0 drivers_injured, 0.0 drivers_killed, 0.0 passengers_injured, 0.0 passengers_killed, 0.0 pedestrian_injured, 0.0 pedestrian_killed, Fair (Night), EDSA Roxas Blvd.  Pasay",MMDA Road Safety Unit,,59fd7d83-4fec-4122-a9e9-0de9ce4ec69e,2015-08-08,10:30:00,EDSA Aurora Blvd. Pasay,0,0,0,0,0,0,0,0,0,0,2015-08-08 18:30,Property,14.53725136,120.9928775,No Collision Stated
None,EDSA,None,None,"No Accident Factor, No Collision Stated (based on Police Blotter Book), 0.0 drivers_injured, 0.0 drivers_killed, 0.0 passengers_injured, 0.0 passengers_killed, 0.0 pedestrian_injured, 0.0 pedestrian_killed, Fair (Day), EDSA Macapagal Blvd. Pasay",MMDA Road Safety Unit,,ed114074-4e38-4129-8e90-b2414706d6ed,2015-08-07,08:30:00,EDSA Victory Liner Bus Terminal  Pasay,0,0,0,0,0,0,0,0,0,0,2015-08-07 16:30,Property,14.53636061,120.9889709,No Collision Stated
None,EDSA,None,None,"No Accident Factor, No Collision Stated (based on Police Blotter Book), 0.0 drivers_injured, 0.0 drivers_killed, 0.0 passengers_injured, 0.0 passengers_killed, 0.0 pedestrian_injured, 0.0 pedestrian_killed, Fair (Day), EDSA Taft Ave. Pasay",MMDA Road Safety Unit,,6dee76bb-ed3e-4342-ae52-1f4d77184d8d,2015-08-07,04:30:00,EDSA Taft Ave. Pasay,0,0,0,0,0,0,0,0,0,0,2015-08-07 12:30,Property,14.53775951,121.0007229,No Collision Stated
None,EDSA,None,None,"No Accident Factor, No Collision Stated (based on Police Blotter Book), 0.0 drivers_injured, 0.0 drivers_killed, 0.0 passengers_injured, 0.0 passengers_killed, 0.0 pedestrian_injured, 0.0 pedestrian_killed, Fair (Night), EDSA Macapagal Blvd. Pasay",MMDA Road Safety Unit,,80b7f588-81d0-44ff-a3bd-90339cebb9aa,2015-08-06,15:55:00,"EDSA Heritage Hotel ""U"" turn slot  Pasay",0,0,0,0,0,0,0,0,0,0,2015-08-06 23:55,Property,14.53636061,120.9889709,No Collision Stated
None,EDSA,None,None,"No Accident Factor, Rear-end, 0.0 drivers_injured, 0.0 drivers_killed, 0.0 passengers_injured, 0.0 passengers_killed, 0.0 pedestrian_injured, 0.0 pedestrian_killed, Fair (Day), EDSA Kabayan Hotel  Pasay",MMDA Road Safety Unit,,930b69f3-cb19-4828-a433-da2b3e0e0d93,2015-08-06,00:55:00,EDSA Roxas Blvd.    Pasay,0,0,0,0,0,0,0,0,0,0,2015-08-06 8:55,Property,14.53775829,121.0015736,Rear-End
None,EDSA,None,None,"No Accident Factor, Side Swipe, 0.0 drivers_injured, 0.0 drivers_killed, 0.0 passengers_injured, 0.0 passengers_killed, 0.0 pedestrian_injured, 0.0 pedestrian_killed, Fair (Night), EDSA Aurora Blvd. Pasay",MMDA Road Safety Unit,,66124bcd-3632-4b2e-b917-2055d3864a34,2015-08-05,12:45:00,EDSA D. Macapagl Blvd.  Pasay,0,0,0,0,0,0,0,0,0,0,2015-08-05 20:45,Property,14.53779864,121.0033477,Side Swipe
None,EDSA,None,None,"No Accident Factor, No Collision Stated (based on Police Blotter Book), 0.0 drivers_injured, 0.0 drivers_killed, 0.0 passengers_injured, 0.0 passengers_killed, 0.0 pedestrian_injured, 0.0 pedestrian_killed, Fair (Day), EDSA Zamora St.  Pasay",MMDA Road Safety Unit,,f5879300-621f-4027-8b5f-07ca2e1850df,2015-08-05,03:50:00,EDSA Taft Ave. Pasay,0,0,0,0,0,0,0,0,0,0,2015-08-05 11:50,Property,14.537724,121.0013108,No Collision Stated
None,EDSA,None,None,"No Accident Factor, No Collision Stated (based on Police Blotter Book), 0.0 drivers_injured, 0.0 drivers_killed, 1.0 passengers_injured, 0.0 passengers_killed, 0.0 pedestrian_injured, 0.0 pedestrian_killed, Fair (Night), EDSA Macapagal Blvd. Pasay",MMDA Road Safety Unit,,752d3421-3204-4353-99f4-b8a7f79fa3cd,2015-08-04,10:30:00,EDSA Taft Ave. Pasay,0,0,0,0,1,0,0,0,0,1,2015-08-04 18:30,Injury,14.53636061,120.9889709,No Collision Stated
None,EDSA,None,None,"No Accident Factor, Hit and Run (No Collision Stated), 0.0 drivers_injured, 0.0 drivers_killed, 0.0 passengers_injured, 0.0 passengers_killed, 0.0 pedestrian_injured, 0.0 pedestrian_killed, Fair (Day), EDSA Edang St.  Pasay",MMDA Road Safety Unit,,77e9e02c-25a0-4865-8997-991dee461c7e,2015-08-03,08:00:00,EDSA Macapagal Blvd. Pasay,0,0,0,0,0,0,0,0,0,0,2015-08-03 16:00,Property,14.53786068,121.0041878,No Collision Stated
None,EDSA,None,None,"No Accident Factor, No Collision Stated (based on Police Blotter Book), 0.0 drivers_injured, 0.0 drivers_killed, 0.0 passengers_injured, 0.0 passengers_killed, 0.0 pedestrian_injured, 0.0 pedestrian_killed, Fair (Day), EDSA Aurora Blvd. Pasay",MMDA Road Safety Unit,,58517e4a-9add-437f-9a2e-334158a00e7b,2015-08-03,05:30:00,EDSA Roxas Blvd.  Pasay,0,0,0,0,0,0,0,0,0,0,2015-08-03 13:30,Property,14.53779864,121.0033477,No Collision Stated
None,EDSA,None,None,"No Accident Factor, Side Swipe, 0.0 drivers_injured, 0.0 drivers_killed, 0.0 passengers_injured, 0.0 passengers_killed, 0.0 pedestrian_injured, 0.0 pedestrian_killed, Fair (Night), EDSA Victory Liner Bus Terminal  Pasay",MMDA Road Safety Unit,,3398f56e-b0c2-45ae-bb6b-d5be8e445ac7,2015-07-31,10:05:00,EDSA Roxas Blvd.  Pasay,0,0,0,0,0,0,0,0,0,0,2015-07-31 18:05,Property,14.53839425,121.0066648,Side Swipe
None,EDSA,None,None,"No Accident Factor, No Collision Stated (based on Police Blotter Book), 0.0 drivers_injured, 0.0 drivers_killed, 0.0 passengers_injured, 0.0 passengers_killed, 0.0 pedestrian_injured, 0.0 pedestrian_killed, Fair (Day), EDSA Taft Ave. Pasay",MMDA Road Safety Unit,,fcbfb884-7bf6-43fc-84c7-d1b045489ff5,2015-07-31,04:40:00,EDSA P. Celle St.  Pasay,0,0,0,0,0,0,0,0,0,0,2015-07-31 12:40,Property,14.53775951,121.0007229,No Collision Stated
None,EDSA,None,None,"No Accident Factor, No Collision Stated (based on Police Blotter Book), 0.0 drivers_injured, 0.0 drivers_killed, 0.0 passengers_injured, 0.0 passengers_killed, 0.0 pedestrian_injured, 0.0 pedestrian_killed, Fair (Day), EDSA Heritage Hotel ""U"" turn slot  Pasay",MMDA Road Safety Unit,,b9a586a9-4ce2-463b-83d0-3b2263f73393,2015-07-31,04:00:00,EDSA Roxas Blvd.  Pasay,0,0,0,0,0,0,0,0,0,0,2015-07-31 12:00,Property,14.53735972,120.9938132,No Collision Stated
None,EDSA,None,None,"No Accident Factor, No Collision Stated (based on Police Blotter Book), 0.0 drivers_injured, 0.0 drivers_killed, 0.0 passengers_injured, 0.0 passengers_killed, 0.0 pedestrian_injured, 0.0 pedestrian_killed, Fair (Day), EDSA Roxas Blvd.    Pasay",MMDA Road Safety Unit,,5341405b-ac06-4d4c-85bf-f726aade880b,2015-07-31,03:30:00,EDSA Macapagal Blvd. Pasay,0,0,0,0,0,0,0,0,0,0,2015-07-31 11:30,Property,14.53725136,120.9928775,No Collision Stated
None,EDSA,None,None,"No Accident Factor, Side Swipe, 0.0 drivers_injured, 0.0 drivers_killed, 0.0 passengers_injured, 0.0 passengers_killed, 0.0 pedestrian_injured, 0.0 pedestrian_killed, Fair (Day), EDSA D. Macapagl Blvd.  Pasay",MMDA Road Safety Unit,,8cd8b634-9d2c-4ab0-93ce-6e4757f77e5c,2015-07-30,03:00:00,EDSA Aurora Blvd. (Banco de Oro) Pasay,0,0,0,0,0,0,0,0,0,0,2015-07-30 11:00,Property,14.53639024,120.988979,Side Swipe
None,EDSA,None,None,"No Accident Factor, Rear-end, 1.0 drivers_injured, 0.0 drivers_killed, 0.0 passengers_injured, 0.0 passengers_killed, 0.0 pedestrian_injured, 0.0 pedestrian_killed, Fair (Night), EDSA Taft Ave. Pasay",MMDA Road Safety Unit,,b6670d69-421e-409d-85e4-b405a7714e47,2015-07-29,15:00:00,EDSA Taft Ave. (Genesis Bus Terminal Parking Area) Pasay,0,0,0,1,0,0,0,0,0,1,2015-07-29 23:00,Injury,14.53775951,121.0007229,Rear-End
None,EDSA,None,None,"No Accident Factor, Rear-end, 0.0 drivers_injured, 0.0 drivers_killed, 0.0 passengers_injured, 0.0 passengers_killed, 0.0 pedestrian_injured, 0.0 pedestrian_killed, Fair (Day), EDSA Taft Ave. Pasay",MMDA Road Safety Unit,,4420b7af-aabc-4e4b-af83-b8f05fae0f43,2015-07-29,03:25:00,EDSA Roxas Blvd.  Pasay,0,0,0,0,0,0,0,0,0,0,2015-07-29 11:25,Property,14.53775951,121.0007229,Rear-End
None,EDSA,None,None,"No Accident Factor, No Collision Stated (based on Police Blotter Book), 0.0 drivers_injured, 0.0 drivers_killed, 0.0 passengers_injured, 0.0 passengers_killed, 0.0 pedestrian_injured, 0.0 pedestrian_killed, Fair (Night), EDSA Macapagal Blvd. Pasay",MMDA Road Safety Unit,,2690df0f-75cb-44cd-b71f-fe2114e16e5e,2015-07-27,14:45:00,EDSA Macapagal Blvd. Pasay,0,0,0,0,0,0,0,0,0,0,2015-07-27 22:45,Property,14.53636061,120.9889709,No Collision Stated
None,EDSA,None,None,"No Accident Factor, No Collision Stated (based on Police Blotter Book), 0.0 drivers_injured, 0.0 drivers_killed, 0.0 passengers_injured, 0.0 passengers_killed, 0.0 pedestrian_injured, 0.0 pedestrian_killed, Fair (Night), EDSA Roxas Blvd.  Pasay",MMDA Road Safety Unit,,9e21c8e7-2923-4b47-9ae0-160cf248a202,2015-07-23,14:00:00,"EDSA ""U"" turn slot, Copacabana Hotel Pasay",0,0,0,0,0,0,0,0,0,0,2015-07-23 22:00,Property,14.53725136,120.9928775,No Collision Stated
None,EDSA,None,None,"No Accident Factor, No Collision Stated (based on Police Blotter Book), 0.0 drivers_injured, 0.0 drivers_killed, 0.0 passengers_injured, 0.0 passengers_killed, 0.0 pedestrian_injured, 0.0 pedestrian_killed, Fair (Night), EDSA Roxas Blvd.  Pasay",MMDA Road Safety Unit,,c48c2385-5d08-4aaa-abb6-19ce8a97bf4c,2015-07-22,12:40:00,EDSA Taft MRT Station  Pasay,0,0,0,0,0,0,0,0,0,0,2015-07-22 20:40,Property,14.53725136,120.9928775,No Collision Stated
None,EDSA,None,None,"No Accident Factor, Hit and Run (No Collision Stated), 1.0 drivers_injured, 0.0 drivers_killed, 0.0 passengers_injured, 0.0 passengers_killed, 0.0 pedestrian_injured, 0.0 pedestrian_killed, Fair (Day), EDSA P. Celle St.  Pasay",MMDA Road Safety Unit,,d53ecba0-51e6-4cc0-a7b4-25c30ec99a60,2015-07-19,05:30:00,EDSA Taft Ave. Pasay,0,0,0,1,0,0,0,0,0,1,2015-07-19 13:30,Injury,14.53789911,120.9974276,No Collision Stated
None,EDSA,None,None,"No Accident Factor, No Collision Stated (based on Police Blotter Book), 0.0 drivers_injured, 0.0 drivers_killed, 0.0 passengers_injured, 0.0 passengers_killed, 0.0 pedestrian_injured, 0.0 pedestrian_killed, Fair (Day), EDSA Roxas Blvd.  Pasay",MMDA Road Safety Unit,,8e6196ea-25c9-45ad-b8e6-2ec99fb12205,2015-07-17,08:15:00,EDSA Taft Ave. Pasay,0,0,0,0,0,0,0,0,0,0,2015-07-17 16:15,Property,14.53725136,120.9928775,No Collision Stated
None,EDSA,None,None,"No Accident Factor, Hit Parked Vehicle, 0.0 drivers_injured, 0.0 drivers_killed, 0.0 passengers_injured, 0.0 passengers_killed, 0.0 pedestrian_injured, 0.0 pedestrian_killed, Fair (Night), EDSA Macapagal Blvd. Pasay",MMDA Road Safety Unit,,003f7412-fa52-49f7-a173-7d2551c83650,2015-07-16,15:00:00,EDSA Aurora (Tramo) Blvd.  Pasay,0,0,0,0,0,0,0,0,0,0,2015-07-16 23:00,Property,14.53636061,120.9889709,Hit Object
None,EDSA,None,None,"No Accident Factor, Rear-end, 0.0 drivers_injured, 0.0 drivers_killed, 0.0 passengers_injured, 0.0 passengers_killed, 0.0 pedestrian_injured, 0.0 pedestrian_killed, Fair (Day), EDSA Aurora Blvd. (Banco de Oro) Pasay",MMDA Road Safety Unit,,d577c020-f765-4f87-9812-9dcab7bff8ab,2015-07-16,09:10:00,EDSA Taft Ave. Pasay,0,0,0,0,0,0,0,0,0,0,2015-07-16 17:10,Property,14.53801304,121.0032654,Rear-End
None,EDSA,None,None,"No Accident Factor, No Collision Stated (based on Police Blotter Book), 0.0 drivers_injured, 0.0 drivers_killed, 0.0 passengers_injured, 0.0 passengers_killed, 0.0 pedestrian_injured, 0.0 pedestrian_killed, Fair (Night), EDSA Taft Ave. (Genesis Bus Terminal Parking Area) Pasay",MMDA Road Safety Unit,,846a8ed8-5e2f-4966-8a80-a5b0c182ebf4,2015-07-15,13:40:00,EDSA Macapagal Blvd. Pasay,0,0,0,0,0,0,0,0,0,0,2015-07-15 21:40,Property,14.53775951,121.0007229,No Collision Stated
None,EDSA,None,None,"No Accident Factor, No Collision Stated (based on Police Blotter Book), 0.0 drivers_injured, 0.0 drivers_killed, 0.0 passengers_injured, 0.0 passengers_killed, 0.0 pedestrian_injured, 0.0 pedestrian_killed, Fair (Night), EDSA Roxas Blvd.  Pasay",MMDA Road Safety Unit,,8152625c-5894-4d06-97d5-9102f128e236,2015-07-15,12:15:00,EDSA Taft Ave. Pasay,0,0,0,0,0,0,0,0,0,0,2015-07-15 20:15,Property,14.53725136,120.9928775,No Collision Stated
None,EDSA,None,None,"No Accident Factor, Angle Impact, 0.0 drivers_injured, 0.0 drivers_killed, 0.0 passengers_injured, 0.0 passengers_killed, 0.0 pedestrian_injured, 0.0 pedestrian_killed, Fair (Day), EDSA Macapagal Blvd. Pasay",MMDA Road Safety Unit,,7108c337-9647-453e-8e8a-38fff76dc527,2015-07-15,07:30:00,"EDSA Copacabana ""U"" turn slot  Pasay",0,0,0,0,0,0,0,0,0,0,2015-07-15 15:30,Property,14.53636061,120.9889709,Angle Impact
None,EDSA,None,None,"No Accident Factor, Rear-end, 0.0 drivers_injured, 0.0 drivers_killed, 0.0 passengers_injured, 0.0 passengers_killed, 0.0 pedestrian_injured, 0.0 pedestrian_killed, Fair (Day), EDSA ""U"" turn slot, Copacabana Hotel Pasay",MMDA Road Safety Unit,,395ddd30-d0e8-4135-8b7f-8acd91e1d142,2015-07-15,01:00:00,EDSA C. Jose St.  Pasay,0,0,0,0,0,0,0,0,0,0,2015-07-15 9:00,Property,14.53740934,120.9940239,Rear-End
None,EDSA,None,None,"No Accident Factor, Rear-end, 0.0 drivers_injured, 0.0 drivers_killed, 0.0 passengers_injured, 0.0 passengers_killed, 0.0 pedestrian_injured, 0.0 pedestrian_killed, Fair (Day), EDSA Taft MRT Station  Pasay",MMDA Road Safety Unit,,34a796e4-80aa-486f-977e-63cd2b41aa4c,2015-07-14,06:00:00,EDSA Macapagal Blvd. Pasay,0,0,0,0,0,0,0,0,0,0,2015-07-14 14:00,Property,14.53775951,121.0007229,Rear-End
None,EDSA,None,None,"No Accident Factor, Rear-end, 0.0 drivers_injured, 0.0 drivers_killed, 0.0 passengers_injured, 0.0 passengers_killed, 0.0 pedestrian_injured, 0.0 pedestrian_killed, Fair (Day), EDSA Taft Ave. Pasay",MMDA Road Safety Unit,,b8720d93-5a45-4fd5-be63-f61e862a6f3e,2015-07-13,06:00:00,EDSA Taft Ave. (NB)  Pasay,0,0,0,0,0,0,0,0,0,0,2015-07-13 14:00,Property,14.53775951,121.0007229,Rear-End
None,EDSA,None,None,"No Accident Factor, No Collision Stated (based on Police Blotter Book), 0.0 drivers_injured, 0.0 drivers_killed, 0.0 passengers_injured, 0.0 passengers_killed, 0.0 pedestrian_injured, 0.0 pedestrian_killed, Fair (Day), EDSA Taft Ave. Pasay",MMDA Road Safety Unit,,3bb42073-d644-405e-9433-4e9b78dcafc0,2015-07-13,03:50:00,EDSA Heritage Hotel Pasay,0,0,0,0,0,0,0,0,0,0,2015-07-13 11:50,Property,14.53775951,121.0007229,No Collision Stated
None,EDSA,None,None,"No Accident Factor, Hit Parked Vehicle, 0.0 drivers_injured, 0.0 drivers_killed, 0.0 passengers_injured, 0.0 passengers_killed, 0.0 pedestrian_injured, 0.0 pedestrian_killed, Fair (Day), EDSA Aurora (Tramo) Blvd.  Pasay",MMDA Road Safety Unit,,99bcd37a-5888-4e30-8a14-ff6fbcfc6fd8,2015-07-12,01:20:00,EDSA Macapagal Blvd. Pasay,0,0,0,0,0,0,0,0,0,0,2015-07-12 9:20,Property,14.53791607,121.0031676,Hit Object
None,EDSA,None,None,"No Accident Factor, No Collision Stated (based on Police Blotter Book), 0.0 drivers_injured, 0.0 drivers_killed, 0.0 passengers_injured, 0.0 passengers_killed, 0.0 pedestrian_injured, 0.0 pedestrian_killed, Fair (Day), EDSA Taft Ave. Pasay",MMDA Road Safety Unit,,2f569414-ec41-4bee-bf5f-c7d4718be345,2015-07-11,08:30:00,"EDSA ""U"" turn slot, Copacabana Hotel Pasay",0,0,0,0,0,0,0,0,0,0,2015-07-11 16:30,Property,14.53775951,121.0007229,No Collision Stated
None,EDSA,None,None,"No Accident Factor, No Collision Stated (based on Police Blotter Book), 0.0 drivers_injured, 0.0 drivers_killed, 0.0 passengers_injured, 0.0 passengers_killed, 0.0 pedestrian_injured, 0.0 pedestrian_killed, Fair (Day), EDSA Macapagal Blvd. Pasay",MMDA Road Safety Unit,,39efd1c8-defb-4a53-bc8e-69cd3a19a489,2015-07-10,09:30:00,EDSA Tramo St.  Pasay,0,0,0,0,0,0,0,0,0,0,2015-07-10 17:30,Property,14.53636061,120.9889709,No Collision Stated
None,EDSA,None,None,"No Accident Factor, No Collision Stated (based on Police Blotter Book), 0.0 drivers_injured, 0.0 drivers_killed, 0.0 passengers_injured, 0.0 passengers_killed, 0.0 pedestrian_injured, 0.0 pedestrian_killed, Fair (Day), EDSA Taft Ave. Pasay",MMDA Road Safety Unit,,9de332f5-2927-4f03-a35c-20f4ec4f04aa,2015-07-10,05:25:00,EDSA F. B. Harrison St. Pasay,0,0,0,0,0,0,0,0,0,0,2015-07-10 13:25,Property,14.53775951,121.0007229,No Collision Stated
None,EDSA,None,None,"No Accident Factor, No Collision Stated (based on Police Blotter Book), 0.0 drivers_injured, 0.0 drivers_killed, 0.0 passengers_injured, 0.0 passengers_killed, 0.0 pedestrian_injured, 0.0 pedestrian_killed, Fair (Day), EDSA Copacabana ""U"" turn slot  Pasay",MMDA Road Safety Unit,,35c67d11-863b-4902-84e7-d4cf42bd6e55,2015-07-07,23:00:00,"EDSA ""U"" turn slot, Toyota Motors  Pasay",0,0,0,0,0,0,0,0,0,0,2015-07-08 7:00,Property,14.53747529,120.9943264,No Collision Stated
None,EDSA,None,None,"No Accident Factor, No Collision Stated (based on Police Blotter Book), 0.0 drivers_injured, 0.0 drivers_killed, 0.0 passengers_injured, 0.0 passengers_killed, 0.0 pedestrian_injured, 0.0 pedestrian_killed, Fair (Day), EDSA C. Jose St.  Pasay",MMDA Road Safety Unit,,9735a1e2-0776-412e-834c-5aa794f17847,2015-07-07,03:30:00,EDSA Macapagal Blvd. Pasay,0,0,0,0,0,0,0,0,0,0,2015-07-07 11:30,Property,14.53873461,121.0107828,No Collision Stated
None,EDSA,None,None,"No Accident Factor, No Collision Stated (based on Police Blotter Book), 0.0 drivers_injured, 0.0 drivers_killed, 0.0 passengers_injured, 0.0 passengers_killed, 0.0 pedestrian_injured, 0.0 pedestrian_killed, Fair (Day), EDSA Macapagal Blvd. Pasay",MMDA Road Safety Unit,,f188f8ec-05cd-4742-b899-5a5d1da2b674,2015-07-04,07:00:00,EDSA Roxas Blvd.  Pasay,0,0,0,0,0,0,0,0,0,0,2015-07-04 15:00,Property,14.53636061,120.9889709,No Collision Stated
None,EDSA,None,None,"No Accident Factor, Rear-end, 0.0 drivers_injured, 0.0 drivers_killed, 0.0 passengers_injured, 0.0 passengers_killed, 0.0 pedestrian_injured, 0.0 pedestrian_killed, Fair (Day), EDSA Taft Ave. (NB)  Pasay",MMDA Road Safety Unit,,3fc4bcb3-faea-4bcb-9e2c-b0c29221efb1,2015-07-03,07:35:00,EDSA Macapagal Blvd. Pasay,0,0,0,0,0,0,0,0,0,0,2015-07-03 15:35,Property,14.53775951,121.0007229,Rear-End
None,EDSA,None,None,"No Accident Factor, Side Swipe, 1.0 drivers_injured, 0.0 drivers_killed, 0.0 passengers_injured, 0.0 passengers_killed, 0.0 pedestrian_injured, 0.0 pedestrian_killed, Fair (Day), EDSA Heritage Hotel Pasay",MMDA Road Safety Unit,,c0654766-0b07-4603-9b2b-086d5ece4e1d,2015-06-30,22:30:00,EDSA Mahal Kita Inn Pasay,0,0,0,1,0,0,0,0,0,1,2015-07-01 6:30,Injury,14.53721957,120.9935015,Side Swipe
None,EDSA,None,None,"No Accident Factor, No Collision Stated (based on Police Blotter Book), 0.0 drivers_injured, 0.0 drivers_killed, 0.0 passengers_injured, 0.0 passengers_killed, 0.0 pedestrian_injured, 0.0 pedestrian_killed, Fair (Night), EDSA Macapagal Blvd. Pasay",MMDA Road Safety Unit,,db1fa153-ce43-4916-a92e-434e733bd58d,2015-06-30,10:00:00,EDSA Kabayan Hotel Pasay,0,0,0,0,0,0,0,0,0,0,2015-06-30 18:00,Property,14.53636061,120.9889709,No Collision Stated