LOCATION_TEXT,ROAD,WEATHER,LIGHT,DESC,REPORTING_AGENCY,MAIN_CAUSE,INCIDENTDETAILS_ID,DATE_UTC,TIME_UTC,ADDRESS,killed_driver,killed_passenger,killed_pedestrian,injured_driver,injured_passenger,injured_pedestrian,killed_uncategorized,injured_uncategorized,killed_total,injured_total,DATETIME_PST,SEVERITY,Y,X,COLLISION_TYPE
None,EDSA,None,None,"No Accident Factor, Angle Impact, 0.0 drivers_injured, 0.0 drivers_killed, 0.0 passengers_injured, 0.0 passengers_killed, 0.0 pedestrian_injured, 0.0 pedestrian_killed, Fair (Day), EDSA ""U"" turn slot, Copacabana Hotel Pasay",MMDA Road Safety Unit,,3f4f740f-d58d-4667-a852-9f61a0d9002f,2015-06-30,03:30:00,EDSA Roxas Blvd. Service Road Pasay,0,0,0,0,0,0,0,0,0,0,2015-06-30 11:30,Property,14.53740934,120.9940239,Angle Impact
None,EDSA,None,None,"No Accident Factor, No Collision Stated (based on Police Blotter Book), 0.0 drivers_injured, 0.0 drivers_killed, 0.0 passengers_injured, 0.0 passengers_killed, 0.0 pedestrian_injured, 0.0 pedestrian_killed, Fair (Night), EDSA Tramo St.  Pasay",MMDA Road Safety Unit,,a21fb199-017b-4c6e-8aa0-2e241892c47c,2015-06-29,19:30:00,EDSA Taft Ave. Pasay,0,0,0,0,0,0,0,0,0,0,2015-06-30 3:30,Property,14.53790544,121.0032547,No Collision Stated
None,EDSA,None,None,"No Accident Factor, No Collision Stated (based on Police Blotter Book), 0.0 drivers_injured, 0.0 drivers_killed, 0.0 passengers_injured, 0.0 passengers_killed, 0.0 pedestrian_injured, 0.0 pedestrian_killed, Fair (Night), EDSA F. B. Harrison St. Pasay",MMDA Road Safety Unit,,5765b2b6-f023-40b3-bc3c-9d898a200c69,2015-06-27,11:10:00,EDSA Heritage Hotel Driveway Pasay,0,0,0,0,0,0,0,0,0,0,2015-06-27 19:10,Property,14.5378679,120.9956516,No Collision Stated
None,EDSA,None,None,"No Accident Factor, No Collision Stated (based on Police Blotter Book), 0.0 drivers_injured, 0.0 drivers_killed, 0.0 passengers_injured, 0.0 passengers_killed, 0.0 pedestrian_injured, 0.0 pedestrian_killed, Fair (Day), EDSA ""U"" turn slot, Toyota Motors  Pasay",MMDA Road Safety Unit,,c7a84061-89c0-4d41-943f-d5f36e9a2a0d,2015-06-27,09:00:00,EDSA Roxas Blvd. Pasay,0,0,0,0,0,0,0,0,0,0,2015-06-27 17:00,Property,14.5367494,120.9910905,No Collision Stated
None,EDSA,None,None,"No Accident Factor, No Collision Stated (based on Police Blotter Book), 0.0 drivers_injured, 0.0 drivers_killed, 0.0 passengers_injured, 0.0 passengers_killed, 0.0 pedestrian_injured, 0.0 pedestrian_killed, Fair (Night), EDSA Macapagal Blvd. Pasay",MMDA Road Safety Unit,,7dcb0d59-382c-41dd-886a-303a4697adaf,2015-06-26,15:00:00,EDSA C. Jose St.  Pasay,0,0,0,0,0,0,0,0,0,0,2015-06-26 23:00,Property,14.53636061,120.9889709,No Collision Stated
None,EDSA,None,None,"No Accident Factor, No Collision Stated (based on Police Blotter Book), 0.0 drivers_injured, 0.0 drivers_killed, 0.0 passengers_injured, 0.0 passengers_killed, 0.0 pedestrian_injured, 0.0 pedestrian_killed, Fair (Day), EDSA Roxas Blvd.  Pasay",MMDA Road Safety Unit,,b05c2de7-314a-442e-88c6-03a8a4d40558,2015-06-26,07:30:00,EDSA SM MOA Circle Pasay,0,0,0,0,0,0,0,0,0,0,2015-06-26 15:30,Property,14.53725136,120.9928775,No Collision Stated
None,EDSA,None,None,"No Accident Factor, No Collision Stated (based on Police Blotter Book), 0.0 drivers_injured, 0.0 drivers_killed, 0.0 passengers_injured, 0.0 passengers_killed, 0.0 pedestrian_injured, 0.0 pedestrian_killed, Fair (Day), EDSA Macapagal Blvd. Pasay",MMDA Road Safety Unit,,918adab8-97ac-483d-abec-4ceaab6f6554,2015-06-24,02:30:00,EDSA Tramo St.  Pasay,0,0,0,0,0,0,0,0,0,0,2015-06-24 10:30,Property,14.53636061,120.9889709,No Collision Stated
None,EDSA,None,None,"No Accident Factor, Angle Impact, 0.0 drivers_injured, 0.0 drivers_killed, 0.0 passengers_injured, 0.0 passengers_killed, 0.0 pedestrian_injured, 0.0 pedestrian_killed, Fair (Night), EDSA Mahal Kita Inn Pasay",MMDA Road Safety Unit,,d6bef583-90aa-440e-8f47-f4b2b66e3292,2015-06-23,14:20:00,EDSA Caltex Gas Station Pasay,0,0,0,0,0,0,0,0,0,0,2015-06-23 22:20,Property,14.53743819,120.9997641,Angle Impact
None,EDSA,None,None,"No Accident Factor, Rear-end, 0.0 drivers_injured, 0.0 drivers_killed, 0.0 passengers_injured, 0.0 passengers_killed, 0.0 pedestrian_injured, 0.0 pedestrian_killed, Fair (Night), EDSA Kabayan Hotel Pasay",MMDA Road Safety Unit,,6dc5dc1f-47cb-499e-8847-9c7e0c1297f9,2015-06-23,12:30:00,EDSA Macapagal Blvd. Pasay,0,0,0,0,0,0,0,0,0,0,2015-06-23 20:30,Property,14.53775829,121.0015736,Rear-End
None,EDSA,None,None,"No Accident Factor, No Collision Stated (based on Police Blotter Book), 0.0 drivers_injured, 0.0 drivers_killed, 0.0 passengers_injured, 0.0 passengers_killed, 0.0 pedestrian_injured, 0.0 pedestrian_killed, Fair (Day), EDSA Roxas Blvd. Service Road Pasay",MMDA Road Safety Unit,,0e030bb6-460e-45f5-ac58-4afa0508b180,2015-06-23,05:45:00,EDSA Park Ave.  Pasay,0,0,0,0,0,0,0,0,0,0,2015-06-23 13:45,Property,14.53725136,120.9928775,No Collision Stated
None,EDSA,None,None,"No Accident Factor, No Collision Stated (based on Police Blotter Book), 0.0 drivers_injured, 0.0 drivers_killed, 0.0 passengers_injured, 0.0 passengers_killed, 0.0 pedestrian_injured, 0.0 pedestrian_killed, Fair (Day), EDSA Taft Ave. Pasay",MMDA Road Safety Unit,,075e40c5-be94-45cd-82ec-6b5bb8f81a56,2015-06-22,07:20:00,EDSA Taft Ave. Pasay,0,0,0,0,0,0,0,0,0,0,2015-06-22 15:20,Property,14.53775951,121.0007229,No Collision Stated
None,EDSA,None,None,"No Accident Factor, Hit Object (No Object Stated), 1.0 drivers_injured, 0.0 drivers_killed, 0.0 passengers_injured, 0.0 passengers_killed, 0.0 pedestrian_injured, 0.0 pedestrian_killed, Fair (Day), EDSA Heritage Hotel Driveway Pasay",MMDA Road Safety Unit,,473fb23e-c56b-45cd-ac66-4edd2a04075e,2015-06-22,00:00:00,EDSA Macapagal Blvd. Pasay,0,0,0,1,0,0,0,0,0,1,2015-06-22 8:00,Injury,14.53721957,120.9935015,Hit Object
None,EDSA,None,None,"No Accident Factor, Side Swipe, 0.0 drivers_injured, 0.0 drivers_killed, 0.0 passengers_injured, 0.0 passengers_killed, 0.0 pedestrian_injured, 0.0 pedestrian_killed, Fair (Day), EDSA Roxas Blvd. Pasay",MMDA Road Safety Unit,,4301ce5c-0d57-4c42-a068-ea6224e6e81e,2015-06-21,03:30:00,EDSA Macapagal Blvd. Pasay,0,0,0,0,0,0,0,0,0,0,2015-06-21 11:30,Property,14.53725136,120.9928775,Side Swipe
None,EDSA,None,None,"No Accident Factor, No Collision Stated (based on Police Blotter Book), 0.0 drivers_injured, 0.0 drivers_killed, 0.0 passengers_injured, 0.0 passengers_killed, 0.0 pedestrian_injured, 0.0 pedestrian_killed, Fair (Night), EDSA C. Jose St.  Pasay",MMDA Road Safety Unit,,771b5f67-0fd6-492a-886b-ec4f4df1f668,2015-06-19,14:30:00,EDSA Roxas Blvd. Pasay,0,0,0,0,0,0,0,0,0,0,2015-06-19 22:30,Property,14.53873461,121.0107828,No Collision Stated
None,EDSA,None,None,"No Accident Factor, No Collision Stated (based on Police Blotter Book), 0.0 drivers_injured, 0.0 drivers_killed, 0.0 passengers_injured, 0.0 passengers_killed, 0.0 pedestrian_injured, 0.0 pedestrian_killed, Fair (Day), EDSA SM MOA Circle Pasay",MMDA Road Safety Unit,,9c2e9742-0bb0-4ae3-aa31-a5d593124e3e,2015-06-19,00:30:00,"EDSA D, Macapagal Blvd.  Pasay",0,0,0,0,0,0,0,0,0,0,2015-06-19 8:30,Property,14.53556259,120.9848215,No Collision Stated
None,EDSA,None,None,"No Accident Factor, Rear-end, 0.0 drivers_injured, 0.0 drivers_killed, 0.0 passengers_injured, 0.0 passengers_killed, 0.0 pedestrian_injured, 0.0 pedestrian_killed, Fair (Night), EDSA Tramo St.  Pasay",MMDA Road Safety Unit,,c6976586-449c-427a-b2ca-9484b2dfd39c,2015-06-18,10:40:00,EDSA Roxas Blvd. Pasay,0,0,0,0,0,0,0,0,0,0,2015-06-18 18:40,Property,14.53790544,121.0032547,Rear-End
None,EDSA,None,None,"No Accident Factor, Hit and Run (No Collision Stated), 0.0 drivers_injured, 0.0 drivers_killed, 0.0 passengers_injured, 0.0 passengers_killed, 0.0 pedestrian_injured, 0.0 pedestrian_killed, Fair (Night), EDSA Caltex Gas Station Pasay",MMDA Road Safety Unit,,8fa34aca-7ae0-470e-9402-cd74690b533b,2015-06-17,10:45:00,EDSA Copacabana Hotel  Pasay,0,0,0,0,0,0,0,0,0,0,2015-06-17 18:45,Property,14.53902197,121.0121772,No Collision Stated
None,EDSA,None,None,"No Accident Factor, No Collision Stated (based on Police Blotter Book), 1.0 drivers_injured, 0.0 drivers_killed, 0.0 passengers_injured, 0.0 passengers_killed, 0.0 pedestrian_injured, 0.0 pedestrian_killed, Fair (Day), EDSA Macapagal Blvd. Pasay",MMDA Road Safety Unit,,4066fe42-8aee-4ad2-b754-cfa8a81a81f9,2015-06-16,04:45:00,EDSA SM MOA Circle Pasay,0,0,0,1,0,0,0,0,0,1,2015-06-16 12:45,Injury,14.53636061,120.9889709,No Collision Stated
None,EDSA,None,None,"No Accident Factor, No Collision Stated (based on Police Blotter Book), 0.0 drivers_injured, 0.0 drivers_killed, 0.0 passengers_injured, 0.0 passengers_killed, 0.0 pedestrian_injured, 0.0 pedestrian_killed, Fair (Day), EDSA Park Ave.  Pasay",MMDA Road Safety Unit,,e2c35568-4d49-4115-9648-1dd4c1734dbd,2015-06-13,08:00:00,EDSA Roxas Blvd. (NB)  Pasay,0,0,0,0,0,0,0,0,0,0,2015-06-13 16:00,Property,14.53774622,120.9982843,No Collision Stated
None,EDSA,None,None,"No Accident Factor, No Collision Stated (based on Police Blotter Book), 1.0 drivers_injured, 0.0 drivers_killed, 0.0 passengers_injured, 0.0 passengers_killed, 0.0 pedestrian_injured, 0.0 pedestrian_killed, Fair (Day), EDSA Taft Ave. Pasay",MMDA Road Safety Unit,,27b039e4-dd54-4580-a822-80d9efa4320a,2015-06-13,07:15:00,EDSA Roxas Blvd. (SB)  Pasay,0,0,0,1,0,0,0,0,0,1,2015-06-13 15:15,Injury,14.53775951,121.0007229,No Collision Stated
None,EDSA,None,None,"No Accident Factor, No Collision Stated (based on Police Blotter Book), 0.0 drivers_injured, 0.0 drivers_killed, 0.0 passengers_injured, 0.0 passengers_killed, 0.0 pedestrian_injured, 0.0 pedestrian_killed, Fair (Day), EDSA Macapagal Blvd. Pasay",MMDA Road Safety Unit,,76badb73-2580-4c5c-be1d-84135ecb144a,2015-06-13,03:30:00,EDSA P. Celle St.    Pasay,0,0,0,0,0,0,0,0,0,0,2015-06-13 11:30,Property,14.53636061,120.9889709,No Collision Stated
None,EDSA,None,None,"No Accident Factor, No Collision Stated (based on Police Blotter Book), 0.0 drivers_injured, 0.0 drivers_killed, 0.0 passengers_injured, 0.0 passengers_killed, 0.0 pedestrian_injured, 0.0 pedestrian_killed, Fair (Day), EDSA Macapagal Blvd. Pasay",MMDA Road Safety Unit,,2130e76a-1c61-4bf4-acfc-4b4bdfdedef1,2015-06-12,03:30:00,EDSA F. B. Harrison St. Pasay,0,0,0,0,0,0,0,0,0,0,2015-06-12 11:30,Property,14.53636061,120.9889709,No Collision Stated
None,EDSA,None,None,"No Accident Factor, Side Swipe, 0.0 drivers_injured, 0.0 drivers_killed, 0.0 passengers_injured, 0.0 passengers_killed, 0.0 pedestrian_injured, 0.0 pedestrian_killed, Fair (Day), EDSA Roxas Blvd. Pasay",MMDA Road Safety Unit,,baa683a7-16c8-4267-825e-70ff331a561a,2015-06-10,08:30:00,"EDSA P. Celle St. ""U"" turn slot Pasay",0,0,0,0,0,0,0,0,0,0,2015-06-10 16:30,Property,14.53725136,120.9928775,Side Swipe
None,EDSA,None,None,"No Accident Factor, No Collision Stated (based on Police Blotter Book), 0.0 drivers_injured, 0.0 drivers_killed, 0.0 passengers_injured, 0.0 passengers_killed, 0.0 pedestrian_injured, 0.0 pedestrian_killed, Fair (Day), EDSA D, Macapagal Blvd.  Pasay",MMDA Road Safety Unit,,63da84e7-356c-46a7-b693-0422a4487c93,2015-06-07,09:45:00,EDSA Victory Liner Bus Terminal Pasay,0,0,0,0,0,0,0,0,0,0,2015-06-07 17:45,Property,14.53642863,120.9890561,No Collision Stated
None,EDSA,None,None,"No Accident Factor, No Collision Stated (based on Police Blotter Book), 0.0 drivers_injured, 0.0 drivers_killed, 0.0 passengers_injured, 0.0 passengers_killed, 0.0 pedestrian_injured, 0.0 pedestrian_killed, Fair (Night), EDSA Roxas Blvd. Pasay",MMDA Road Safety Unit,,f936d817-d48b-46ea-906c-51a1276c8d93,2015-06-06,13:40:00,EDSA Taft Ave. Pasay,0,0,0,0,0,0,0,0,0,0,2015-06-06 21:40,Property,14.53725136,120.9928775,No Collision Stated
None,EDSA,None,None,"No Accident Factor, No Collision Stated (based on Police Blotter Book), 0.0 drivers_injured, 0.0 drivers_killed, 0.0 passengers_injured, 0.0 passengers_killed, 0.0 pedestrian_injured, 0.0 pedestrian_killed, Fair (Day), EDSA Copacabana Hotel  Pasay",MMDA Road Safety Unit,,384a7e6f-8c0e-4bb5-a185-2bc46e61fdde,2015-06-06,05:45:00,EDSA Roxas Blvd. Pasay,0,0,0,0,0,0,0,0,0,0,2015-06-06 13:45,Property,14.53747529,120.9943264,No Collision Stated
None,EDSA,None,None,"No Accident Factor, No Collision Stated (based on Police Blotter Book), 0.0 drivers_injured, 0.0 drivers_killed, 0.0 passengers_injured, 0.0 passengers_killed, 0.0 pedestrian_injured, 0.0 pedestrian_killed, Fair (Day), EDSA SM MOA Circle Pasay",MMDA Road Safety Unit,,b69f6d3b-617c-48cb-ae92-3c74494f06e9,2015-06-06,00:30:00,EDSA Roxas Blvd. Pasay,0,0,0,0,0,0,0,0,0,0,2015-06-06 8:30,Property,14.53556259,120.9848215,No Collision Stated
None,EDSA,None,None,"No Accident Factor, No Collision Stated (based on Police Blotter Book), 0.0 drivers_injured, 0.0 drivers_killed, 0.0 passengers_injured, 0.0 passengers_killed, 0.0 pedestrian_injured, 0.0 pedestrian_killed, Fair (Night), EDSA Roxas Blvd. (NB)  Pasay",MMDA Road Safety Unit,,bf0d8016-67a2-474b-b6d6-175b9e9ddd17,2015-06-05,15:30:00,"EDSA Heritage Hotel ""U"" turn slot  Pasay",0,0,0,0,0,0,0,0,0,0,2015-06-05 23:30,Property,14.53725136,120.9928775,No Collision Stated
None,EDSA,None,None,"No Accident Factor, No Collision Stated (based on Police Blotter Book), 0.0 drivers_injured, 0.0 drivers_killed, 0.0 passengers_injured, 0.0 passengers_killed, 0.0 pedestrian_injured, 0.0 pedestrian_killed, Fair (Night), EDSA Roxas Blvd. (SB)  Pasay",MMDA Road Safety Unit,,7f53cd6f-0e9a-43d9-ad1e-431d761be44e,2015-06-04,12:00:00,EDSA Roxas Blvd. Pasay,0,0,0,0,0,0,0,0,0,0,2015-06-04 20:00,Property,14.53725136,120.9928775,No Collision Stated
None,EDSA,None,None,"No Accident Factor, Hit and Run (No Collision Stated), 0.0 drivers_injured, 0.0 drivers_killed, 0.0 passengers_injured, 0.0 passengers_killed, 0.0 pedestrian_injured, 0.0 pedestrian_killed, Fair (Day), EDSA P. Celle St.    Pasay",MMDA Road Safety Unit,,7f1056c2-0219-4f14-9b76-52b8ecd8dbb1,2015-06-04,06:00:00,EDSA Cabrera St. Pasay,0,0,0,0,0,0,0,0,0,0,2015-06-04 14:00,Property,14.53789911,120.9974276,No Collision Stated
None,EDSA,None,None,"No Accident Factor, No Collision Stated (based on Police Blotter Book), 0.0 drivers_injured, 0.0 drivers_killed, 0.0 passengers_injured, 0.0 passengers_killed, 0.0 pedestrian_injured, 0.0 pedestrian_killed, Fair (Day), EDSA F. B. Harrison St. Pasay",MMDA Road Safety Unit,,5cf6267d-f1fc-41d9-8d41-eac75e5dac87,2015-06-03,07:20:00,EDSA Cabrera St. Pasay,0,0,0,0,0,0,0,0,0,0,2015-06-03 15:20,Property,14.5378679,120.9956516,No Collision Stated
None,EDSA,None,None,"No Accident Factor, No Collision Stated (based on Police Blotter Book), 0.0 drivers_injured, 0.0 drivers_killed, 0.0 passengers_injured, 0.0 passengers_killed, 0.0 pedestrian_injured, 0.0 pedestrian_killed, Fair (Night), EDSA P. Celle St. ""U"" turn slot Pasay",MMDA Road Safety Unit,,5b08353d-e3cd-4c04-902e-4af94eb8ee2e,2015-06-01,15:45:00,EDSA Taft Ave. Pasay,0,0,0,0,0,0,0,0,0,0,2015-06-01 23:45,Property,14.53778565,120.9974409,No Collision Stated
None,EDSA,None,None,"No Accident Factor, Multiple Collision, 0.0 drivers_injured, 0.0 drivers_killed, 0.0 passengers_injured, 0.0 passengers_killed, 0.0 pedestrian_injured, 0.0 pedestrian_killed, Fair (Day), EDSA Victory Liner Bus Terminal Pasay",MMDA Road Safety Unit,,95815ff5-a709-4878-947c-a5ded723c446,2015-06-01,04:50:00,EDSA Roxas Blvd. Pasay,0,0,0,0,0,0,0,0,0,0,2015-06-01 12:50,Property,14.53839425,121.0066648,Multiple
None,EDSA,None,None,"No Accident Factor, No Collision Stated (based on Police Blotter Book), 0.0 drivers_injured, 0.0 drivers_killed, 0.0 passengers_injured, 0.0 passengers_killed, 0.0 pedestrian_injured, 0.0 pedestrian_killed, Fair (Day), EDSA Taft Ave. Pasay",MMDA Road Safety Unit,,3bf4ecfd-6c85-48b4-901a-3b72aa9476e6,2015-05-31,06:30:00,EDSA Aurora (Tramo) Blvd. (EB) Pasay,0,0,0,0,0,0,0,0,0,0,2015-05-31 14:30,Property,14.53775951,121.0007229,No Collision Stated
None,EDSA,None,None,"No Accident Factor, Hit and Run (Rear-end), 0.0 drivers_injured, 0.0 drivers_killed, 0.0 passengers_injured, 0.0 passengers_killed, 0.0 pedestrian_injured, 0.0 pedestrian_killed, Fair (Night), EDSA Roxas Blvd. Pasay",MMDA Road Safety Unit,,9d5d08ad-951a-4b72-9745-86d1f3606fd8,2015-05-30,14:40:00,EDSA Roxas Blvd. Pasay,0,0,0,0,0,0,0,0,0,0,2015-05-30 22:40,Property,14.53725136,120.9928775,Rear-End
None,EDSA,None,None,"No Accident Factor, Side Swipe, 0.0 drivers_injured, 0.0 drivers_killed, 0.0 passengers_injured, 0.0 passengers_killed, 0.0 pedestrian_injured, 0.0 pedestrian_killed, Fair (Day), EDSA Roxas Blvd. Pasay",MMDA Road Safety Unit,,9e66045c-5d79-4549-8193-907f7c5898be,2015-05-30,02:30:00,EDSA Mitsubishi Motors Pasay,0,0,0,0,0,0,0,0,0,0,2015-05-30 10:30,Property,14.53725136,120.9928775,Side Swipe
None,EDSA,None,None,"No Accident Factor, No Collision Stated (based on Police Blotter Book), 0.0 drivers_injured, 0.0 drivers_killed, 0.0 passengers_injured, 0.0 passengers_killed, 0.0 pedestrian_injured, 0.0 pedestrian_killed, Fair (Day), EDSA Heritage Hotel ""U"" turn slot  Pasay",MMDA Road Safety Unit,,bdd8647b-eeb0-4b14-b88c-4b78d56098b6,2015-05-29,08:05:00,EDSA Macapagal Blvd. Pasay,0,0,0,0,0,0,0,0,0,0,2015-05-29 16:05,Property,14.53735972,120.9938132,No Collision Stated
None,EDSA,None,None,"No Accident Factor, Rear-end, 0.0 drivers_injured, 0.0 drivers_killed, 0.0 passengers_injured, 0.0 passengers_killed, 0.0 pedestrian_injured, 0.0 pedestrian_killed, Fair (Night), EDSA Roxas Blvd. Pasay",MMDA Road Safety Unit,,4ca3e78c-a6eb-40ac-bfe4-8822b2768ee7,2015-05-28,18:15:00,EDSA Macapagal Blvd. Pasay,0,0,0,0,0,0,0,0,0,0,2015-05-29 2:15,Property,14.53725136,120.9928775,Rear-End
None,EDSA,None,None,"No Accident Factor, Rear-end, 0.0 drivers_injured, 0.0 drivers_killed, 0.0 passengers_injured, 0.0 passengers_killed, 0.0 pedestrian_injured, 0.0 pedestrian_killed, Fair (Night), EDSA Cabrera St. Pasay",MMDA Road Safety Unit,,f3beab57-21d5-4de7-a232-8bf2e7d4aa3e,2015-05-28,15:00:00,EDSA Macapagal Blvd. Pasay,0,0,0,0,0,0,0,0,0,0,2015-05-28 23:00,Property,14.53817493,121.0048575,Rear-End
None,EDSA,None,None,"No Accident Factor, No Collision Stated (based on Police Blotter Book), 0.0 drivers_injured, 0.0 drivers_killed, 0.0 passengers_injured, 0.0 passengers_killed, 0.0 pedestrian_injured, 0.0 pedestrian_killed, Fair (Night), EDSA Cabrera St. Pasay",MMDA Road Safety Unit,,12aa44e9-2caf-47b7-ab4a-a42a380d4d98,2015-05-28,15:00:00,EDSA Macapagal Blvd. Pasay,0,0,0,0,0,0,0,0,0,0,2015-05-28 23:00,Property,14.53817493,121.0048575,No Collision Stated
None,EDSA,None,None,"No Accident Factor, No Collision Stated (based on Police Blotter Book), 0.0 drivers_injured, 0.0 drivers_killed, 0.0 passengers_injured, 0.0 passengers_killed, 0.0 pedestrian_injured, 0.0 pedestrian_killed, Fair (Day), EDSA Taft Ave. Pasay",MMDA Road Safety Unit,,5ad0fc0b-7a43-437f-a5be-78b9a9663b7e,2015-05-27,23:00:00,EDSA Roxas Blvd. Pasay,0,0,0,0,0,0,0,0,0,0,2015-05-28 7:00,Property,14.53775951,121.0007229,No Collision Stated
None,EDSA,None,None,"No Accident Factor, No Collision Stated (based on Police Blotter Book), 0.0 drivers_injured, 0.0 drivers_killed, 0.0 passengers_injured, 0.0 passengers_killed, 0.0 pedestrian_injured, 0.0 pedestrian_killed, Fair (Night), EDSA Roxas Blvd. Pasay",MMDA Road Safety Unit,,2b1fa240-6a84-4c60-a460-be9badb5e878,2015-05-27,14:55:00,EDSA MRT-? Station Pasay,0,0,0,0,0,0,0,0,0,0,2015-05-27 22:55,Property,14.53725136,120.9928775,No Collision Stated
None,EDSA,None,None,"No Accident Factor, Multiple Collision, 0.0 drivers_injured, 0.0 drivers_killed, 0.0 passengers_injured, 0.0 passengers_killed, 0.0 pedestrian_injured, 0.0 pedestrian_killed, Fair (Night), EDSA Aurora (Tramo) Blvd. (EB) Pasay",MMDA Road Safety Unit,,f4797de2-953e-4905-aacf-d44fe773a6e5,2015-05-26,15:55:00,EDSA DLTB Bus Terminal  Pasay,0,0,0,0,0,0,0,0,0,0,2015-05-26 23:55,Property,14.53791607,121.0031676,Multiple
None,EDSA,None,None,"No Accident Factor, Rear-end, 0.0 drivers_injured, 0.0 drivers_killed, 0.0 passengers_injured, 0.0 passengers_killed, 0.0 pedestrian_injured, 0.0 pedestrian_killed, Fair (Day), EDSA Roxas Blvd. Pasay",MMDA Road Safety Unit,,a5c8ef71-177c-4333-b372-bf73f147da14,2015-05-26,04:25:00,"EDSA ""U"" turn slot, Heritage Hotel Pasay",0,0,0,0,0,0,0,0,0,0,2015-05-26 12:25,Property,14.53725136,120.9928775,Rear-End
None,EDSA,None,None,"No Accident Factor, No Collision Stated (based on Police Blotter Book), 0.0 drivers_injured, 0.0 drivers_killed, 0.0 passengers_injured, 0.0 passengers_killed, 0.0 pedestrian_injured, 0.0 pedestrian_killed, Fair (Day), EDSA Mitsubishi Motors Pasay",MMDA Road Safety Unit,,01692cde-29cf-4a8b-b977-a877a0eb9623,2015-05-25,23:15:00,EDSA Aurora (Tramo) Blvd.  Pasay,0,0,0,0,0,0,0,0,0,0,2015-05-26 7:15,Property,14.53723527,120.9929516,No Collision Stated
None,EDSA,None,None,"No Accident Factor, Side Swipe, 0.0 drivers_injured, 0.0 drivers_killed, 0.0 passengers_injured, 0.0 passengers_killed, 0.0 pedestrian_injured, 0.0 pedestrian_killed, Fair (Day), EDSA Macapagal Blvd. Pasay",MMDA Road Safety Unit,,06ff9aaf-3c93-4d2b-b84b-bebf3c999451,2015-05-25,07:00:00,EDSA Roxas Blvd. Pasay,0,0,0,0,0,0,0,0,0,0,2015-05-25 15:00,Property,14.53636061,120.9889709,Side Swipe
None,EDSA,None,None,"No Accident Factor, No Collision Stated (based on Police Blotter Book), 0.0 drivers_injured, 0.0 drivers_killed, 1.0 passengers_injured, 0.0 passengers_killed, 0.0 pedestrian_injured, 0.0 pedestrian_killed, Fair (Day), EDSA Macapagal Blvd. Pasay",MMDA Road Safety Unit,,2245f441-0066-403f-9bc1-554ec0147637,2015-05-25,05:15:00,EDSA MRT-? Station Pasay,0,0,0,0,1,0,0,0,0,1,2015-05-25 13:15,Injury,14.53636061,120.9889709,No Collision Stated
None,EDSA,None,None,"No Accident Factor, No Collision Stated (based on Police Blotter Book), 0.0 drivers_injured, 0.0 drivers_killed, 0.0 passengers_injured, 0.0 passengers_killed, 0.0 pedestrian_injured, 0.0 pedestrian_killed, Fair (Day), EDSA Macapagal Blvd. Pasay",MMDA Road Safety Unit,,4f827ea0-948e-4695-9f2a-ab15315ee68a,2015-05-24,03:00:00,"EDSA ""U"" turn slot, P. Celle St. Pasay",0,0,0,0,0,0,0,0,0,0,2015-05-24 11:00,Property,14.53636061,120.9889709,No Collision Stated
None,EDSA,None,None,"No Accident Factor, Side Swipe, 0.0 drivers_injured, 0.0 drivers_killed, 0.0 passengers_injured, 0.0 passengers_killed, 0.0 pedestrian_injured, 0.0 pedestrian_killed, Fair (Night), EDSA Macapagal Blvd. Pasay",MMDA Road Safety Unit,,6ea20bcb-bcff-49d9-b782-3ef01e23f60e,2015-05-22,14:15:00,EDSA Heritage Hotel (EB) Pasay,0,0,0,0,0,0,0,0,0,0,2015-05-22 22:15,Property,14.53636061,120.9889709,Side Swipe
None,EDSA,None,None,"No Accident Factor, No Collision Stated (based on Police Blotter Book), 0.0 drivers_injured, 0.0 drivers_killed, 0.0 passengers_injured, 0.0 passengers_killed, 0.0 pedestrian_injured, 0.0 pedestrian_killed, Fair (Day), EDSA Roxas Blvd. Pasay",MMDA Road Safety Unit,,7133900b-7ae5-4d8e-a904-316deb660288,2015-05-22,04:40:00,EDSA MRT-? Station Pasay,0,0,0,0,0,0,0,0,0,0,2015-05-22 12:40,Property,14.53725136,120.9928775,No Collision Stated
None,EDSA,None,None,"No Accident Factor, Multiple Collision, 1.0 drivers_injured, 0.0 drivers_killed, 0.0 passengers_injured, 0.0 passengers_killed, 0.0 pedestrian_injured, 0.0 pedestrian_killed, Fair (Day), EDSA MRT-? Station Pasay",MMDA Road Safety Unit,,c647c157-f63a-4390-8b3e-7ba161c19192,2015-05-21,23:30:00,EDSA Heritage Hotel Pasay,0,0,0,1,0,0,0,0,0,1,2015-05-22 7:30,Injury,14.53769253,121.0014383,Multiple
None,EDSA,None,None,"No Accident Factor, No Collision Stated (based on Police Blotter Book), 1.0 drivers_injured, 0.0 drivers_killed, 0.0 passengers_injured, 0.0 passengers_killed, 0.0 pedestrian_injured, 0.0 pedestrian_killed, Fair (Day), EDSA DLTB Bus Terminal  Pasay",MMDA Road Safety Unit,,65ed99b2-66bd-4977-9f1c-fc0cc561c470,2015-05-21,23:30:00,"EDSA ""U"" turn slot, Copacabana Hotel Pasay",0,0,0,1,0,0,0,0,0,1,2015-05-22 7:30,Injury,14.53774311,121.0035932,No Collision Stated