LOCATION_TEXT,ROAD,WEATHER,LIGHT,DESC,REPORTING_AGENCY,MAIN_CAUSE,INCIDENTDETAILS_ID,DATE_UTC,TIME_UTC,ADDRESS,killed_driver,killed_passenger,killed_pedestrian,injured_driver,injured_passenger,injured_pedestrian,killed_uncategorized,injured_uncategorized,killed_total,injured_total,DATETIME_PST,SEVERITY,Y,X,COLLISION_TYPE
None,EDSA,None,None,"No Accident Factor, No Collision Stated (based on Police Blotter Book), 0.0 drivers_injured, 0.0 drivers_killed, 0.0 passengers_injured, 0.0 passengers_killed, 0.0 pedestrian_injured, 0.0 pedestrian_killed, Fair (Night), EDSA ""U"" turn slot, Heritage Hotel Pasay",MMDA Road Safety Unit,,b07790eb-5a53-434f-bfb8-7ccdf4ab50de,2015-05-21,13:45:00,EDSA Taft Ave. Pasay,0,0,0,0,0,0,0,0,0,0,2015-05-21 21:45,Property,14.5373561,120.9938096,No Collision Stated
None,EDSA,None,None,"No Accident Factor, No Collision Stated (based on Police Blotter Book), 0.0 drivers_injured, 0.0 drivers_killed, 0.0 passengers_injured, 0.0 passengers_killed, 0.0 pedestrian_injured, 0.0 pedestrian_killed, Fair (Night), EDSA Aurora (Tramo) Blvd.  Pasay",MMDA Road Safety Unit,,d6f10bba-1337-40c5-8619-f3493b23f94b,2015-05-21,11:15:00,EDSA C. Jose St.  Pasay,0,0,0,0,0,0,0,0,0,0,2015-05-21 19:15,Property,14.53791607,121.0031676,No Collision Stated
None,EDSA,None,None,"No Accident Factor, Hit and Run (No Collision Stated), 0.0 drivers_injured, 0.0 drivers_killed, 0.0 passengers_injured, 0.0 passengers_killed, 0.0 pedestrian_injured, 0.0 pedestrian_killed, Fair (Day), EDSA Roxas Blvd. Pasay",MMDA Road Safety Unit,,4e393654-ff4d-476a-9147-f7fae1a2eeb7,2015-05-20,02:00:00,EDSA Savemore Hypermarket Pasay,0,0,0,0,0,0,0,0,0,0,2015-05-20 10:00,Property,14.53725136,120.9928775,No Collision Stated
None,EDSA,None,None,"No Accident Factor, No Collision Stated (based on Police Blotter Book), 0.0 drivers_injured, 0.0 drivers_killed, 0.0 passengers_injured, 0.0 passengers_killed, 0.0 pedestrian_injured, 0.0 pedestrian_killed, Fair (Night), EDSA MRT-? Station Pasay",MMDA Road Safety Unit,,e649ea21-bcc8-457b-a5f9-9acf15ff28f2,2015-05-19,15:00:00,EDSA Heritage Hotel Pasay,0,0,0,0,0,0,0,0,0,0,2015-05-19 23:00,Property,14.53769253,121.0014383,No Collision Stated
None,EDSA,None,None,"No Accident Factor, No Collision Stated (based on Police Blotter Book), 0.0 drivers_injured, 0.0 drivers_killed, 1.0 passengers_injured, 0.0 passengers_killed, 0.0 pedestrian_injured, 0.0 pedestrian_killed, Fair (Day), EDSA ""U"" turn slot, P. Celle St. Pasay",MMDA Road Safety Unit,,557eec54-4662-4ecc-babb-76a6f382dcf2,2015-05-19,08:45:00,EDSA Roxas Blvd. Pasay,0,0,0,0,1,0,0,0,0,1,2015-05-19 16:45,Injury,14.53777151,120.9974946,No Collision Stated
None,EDSA,None,None,"No Accident Factor, No Collision Stated (based on Police Blotter Book), 0.0 drivers_injured, 0.0 drivers_killed, 0.0 passengers_injured, 0.0 passengers_killed, 0.0 pedestrian_injured, 0.0 pedestrian_killed, Fair (Day), EDSA Heritage Hotel (EB) Pasay",MMDA Road Safety Unit,,87edd5e2-2f08-42c1-bd08-84a3fb83a06b,2015-05-19,03:30:00,EDSA Taft Ave. (EB) Pasay,0,0,0,0,0,0,0,0,0,0,2015-05-19 11:30,Property,14.53721957,120.9935015,No Collision Stated
None,EDSA,None,None,"No Accident Factor, No Collision Stated (based on Police Blotter Book), 0.0 drivers_injured, 0.0 drivers_killed, 0.0 passengers_injured, 0.0 passengers_killed, 0.0 pedestrian_injured, 0.0 pedestrian_killed, Fair (Day), EDSA MRT-? Station Pasay",MMDA Road Safety Unit,,b4fa957d-2536-42b9-91cc-a0562839cfce,2015-05-19,01:40:00,EDSA Victory Liner Bus Terminal Pasay,0,0,0,0,0,0,0,0,0,0,2015-05-19 9:40,Property,14.53769253,121.0014383,No Collision Stated
None,EDSA,None,None,"No Accident Factor, No Collision Stated (based on Police Blotter Book), 0.0 drivers_injured, 0.0 drivers_killed, 0.0 passengers_injured, 0.0 passengers_killed, 0.0 pedestrian_injured, 0.0 pedestrian_killed, Fair (Night), EDSA Heritage Hotel Pasay",MMDA Road Safety Unit,,1aec5ad3-0c29-45cb-81c5-bf8c1eac4cb6,2015-05-18,21:55:00,EDSA Apelo Cruz St. (Jollibee Fastfood Chain) Pasay,0,0,0,0,0,0,0,0,0,0,2015-05-19 5:55,Property,14.53721957,120.9935015,No Collision Stated
None,EDSA,None,None,"No Accident Factor, Side Swipe, 0.0 drivers_injured, 0.0 drivers_killed, 0.0 passengers_injured, 0.0 passengers_killed, 0.0 pedestrian_injured, 0.0 pedestrian_killed, Fair (Day), EDSA ""U"" turn slot, Copacabana Hotel Pasay",MMDA Road Safety Unit,,13800f44-8cd1-43ae-967f-5ed1d058d8e6,2015-05-18,00:40:00,EDSA Copacabana Hotel   Pasay,0,0,0,0,0,0,0,0,0,0,2015-05-18 8:40,Property,14.53740934,120.9940239,Side Swipe
None,EDSA,None,None,"No Accident Factor, No Collision Stated (based on Police Blotter Book), 0.0 drivers_injured, 0.0 drivers_killed, 0.0 passengers_injured, 0.0 passengers_killed, 0.0 pedestrian_injured, 0.0 pedestrian_killed, Fair (Day), EDSA Taft Ave. Pasay",MMDA Road Safety Unit,,c5f0c8e1-27fc-4f15-a75c-6789cbddfca9,2015-05-16,05:00:00,EDSA Roxas Blvd. Pasay,0,0,0,0,0,0,0,0,0,0,2015-05-16 13:00,Property,14.53775951,121.0007229,No Collision Stated
None,EDSA,None,None,"No Accident Factor, No Collision Stated (based on Police Blotter Book), 0.0 drivers_injured, 0.0 drivers_killed, 0.0 passengers_injured, 0.0 passengers_killed, 0.0 pedestrian_injured, 0.0 pedestrian_killed, Fair (Day), EDSA C. Jose St.  Pasay",MMDA Road Safety Unit,,798a4e96-75b1-43ac-a168-98e8d3e284cc,2015-05-16,04:00:00,EDSA Apelo Cruz St. (Jollibee Fastfood Chain) Pasay,0,0,0,0,0,0,0,0,0,0,2015-05-16 12:00,Property,14.53873461,121.0107828,No Collision Stated
None,EDSA,None,None,"No Accident Factor, No Collision Stated (based on Police Blotter Book), 0.0 drivers_injured, 0.0 drivers_killed, 0.0 passengers_injured, 0.0 passengers_killed, 0.0 pedestrian_injured, 0.0 pedestrian_killed, Fair (Day), EDSA Savemore Hypermarket Pasay",MMDA Road Safety Unit,,16880653-3de1-4123-9086-0f581c00eaba,2015-05-16,01:00:00,EDSA Heritage Hotel Pasay,0,0,0,0,0,0,0,0,0,0,2015-05-16 9:00,Property,14.53773852,120.9993152,No Collision Stated
None,EDSA,None,None,"No Accident Factor, No Collision Stated (based on Police Blotter Book), 0.0 drivers_injured, 0.0 drivers_killed, 0.0 passengers_injured, 0.0 passengers_killed, 0.0 pedestrian_injured, 0.0 pedestrian_killed, Fair (Night), EDSA Heritage Hotel Pasay",MMDA Road Safety Unit,,f6327db9-713a-4e42-a0fc-d5e754097f87,2015-05-15,15:10:00,"EDSA ""U"" turn slot, Heritage Hotel Pasay",0,0,0,0,0,0,0,0,0,0,2015-05-15 23:10,Property,14.53721957,120.9935015,No Collision Stated
None,EDSA,None,None,"No Accident Factor, No Collision Stated (based on Police Blotter Book), 0.0 drivers_injured, 0.0 drivers_killed, 0.0 passengers_injured, 0.0 passengers_killed, 0.0 pedestrian_injured, 0.0 pedestrian_killed, Fair (Day), EDSA Roxas Blvd. Pasay",MMDA Road Safety Unit,,126346a2-f6a3-47b8-8959-0f0dd50d3fb0,2015-05-15,04:30:00,EDSA Roxas Blvd. Pasay,0,0,0,0,0,0,0,0,0,0,2015-05-15 12:30,Property,14.53725136,120.9928775,No Collision Stated
None,EDSA,None,None,"No Accident Factor, No Collision Stated (based on Police Blotter Book), 0.0 drivers_injured, 0.0 drivers_killed, 0.0 passengers_injured, 0.0 passengers_killed, 0.0 pedestrian_injured, 0.0 pedestrian_killed, Fair (Day), EDSA Taft Ave. (EB) Pasay",MMDA Road Safety Unit,,098743be-ce7c-429c-9587-b5c43c949ec7,2015-05-15,03:00:00,EDSA Philtranco Bus Terminal Pasay,0,0,0,0,0,0,0,0,0,0,2015-05-15 11:00,Property,14.53775951,121.0007229,No Collision Stated
None,EDSA,None,None,"No Accident Factor, Side Swipe, 0.0 drivers_injured, 0.0 drivers_killed, 0.0 passengers_injured, 0.0 passengers_killed, 0.0 pedestrian_injured, 0.0 pedestrian_killed, Fair (Day), EDSA Victory Liner Bus Terminal Pasay",MMDA Road Safety Unit,,83c56644-bf85-423c-9392-57ef0fee6aad,2015-05-15,02:30:00,EDSA Taft Ave. Pasay,0,0,0,0,0,0,0,0,0,0,2015-05-15 10:30,Property,14.53839425,121.0066648,Side Swipe
None,EDSA,None,None,"No Accident Factor, Hit and Run (Hit Parked Vehicle), 0.0 drivers_injured, 0.0 drivers_killed, 0.0 passengers_injured, 0.0 passengers_killed, 0.0 pedestrian_injured, 0.0 pedestrian_killed, Fair (Night), EDSA Apelo Cruz St. (Jollibee Fastfood Chain) Pasay",MMDA Road Safety Unit,,61fe2e0a-7ac4-4e3c-9344-ac31cd0ca9cd,2015-05-14,14:45:00,"EDSA ""U"" turn slot, Heritage Hotel Pasay",0,0,0,0,0,0,0,0,0,0,2015-05-14 22:45,Property,14.53791616,121.0046935,Hit Object
None,EDSA,None,None,"No Accident Factor, No Collision Stated (based on Police Blotter Book), 0.0 drivers_injured, 0.0 drivers_killed, 0.0 passengers_injured, 0.0 passengers_killed, 0.0 pedestrian_injured, 0.0 pedestrian_killed, Fair (Day), EDSA Copacabana Hotel   Pasay",MMDA Road Safety Unit,,49ae5596-d054-4018-a49e-141553ab57bf,2015-05-14,06:10:00,EDSA Taft Ave. Pasay,0,0,0,0,0,0,0,0,0,0,2015-05-14 14:10,Property,14.53747529,120.9943264,No Collision Stated
None,EDSA,None,None,"No Accident Factor, No Collision Stated (based on Police Blotter Book), 0.0 drivers_injured, 0.0 drivers_killed, 0.0 passengers_injured, 0.0 passengers_killed, 0.0 pedestrian_injured, 0.0 pedestrian_killed, Fair (Day), EDSA Roxas Blvd. Pasay",MMDA Road Safety Unit,,b6dab81b-1f8e-4e15-b193-3ca3c36869f2,2015-05-14,02:15:00,EDSA Taft Ave. (WB) Pasay,0,0,0,0,0,0,0,0,0,0,2015-05-14 10:15,Property,14.53725136,120.9928775,No Collision Stated
None,EDSA,None,None,"No Accident Factor, Rear-end, 0.0 drivers_injured, 0.0 drivers_killed, 0.0 passengers_injured, 0.0 passengers_killed, 0.0 pedestrian_injured, 0.0 pedestrian_killed, Fair (Night), EDSA Apelo Cruz St. (Jollibee Fastfood Chain) Pasay",MMDA Road Safety Unit,,9a29d509-6884-4ccd-9118-dc4cfb21bb2c,2015-05-13,20:30:00,EDSA F. B. Harrison St. Pasay,0,0,0,0,0,0,0,0,0,0,2015-05-14 4:30,Property,14.53791616,121.0046935,Rear-End
None,EDSA,None,None,"No Accident Factor, Side Swipe, 0.0 drivers_injured, 0.0 drivers_killed, 0.0 passengers_injured, 0.0 passengers_killed, 0.0 pedestrian_injured, 0.0 pedestrian_killed, Fair (Night), EDSA Heritage Hotel Pasay",MMDA Road Safety Unit,,06e46558-50f7-40ff-b4a7-c9071f90794b,2015-05-13,12:30:00,EDSA Macapagal Blvd. Pasay,0,0,0,0,0,0,0,0,0,0,2015-05-13 20:30,Property,14.53721957,120.9935015,Side Swipe
None,EDSA,None,None,"No Accident Factor, No Collision Stated (based on Police Blotter Book), 0.0 drivers_injured, 0.0 drivers_killed, 0.0 passengers_injured, 0.0 passengers_killed, 0.0 pedestrian_injured, 0.0 pedestrian_killed, Fair (Night), EDSA ""U"" turn slot, Heritage Hotel Pasay",MMDA Road Safety Unit,,668d4add-7143-4c79-bf3e-69c86c1a2428,2015-05-13,11:15:00,EDSA Macapagal Blvd. (WB) Pasay,0,0,0,0,0,0,0,0,0,0,2015-05-13 19:15,Property,14.5373561,120.9938096,No Collision Stated
None,EDSA,None,None,"No Accident Factor, No Collision Stated (based on Police Blotter Book), 1.0 drivers_injured, 0.0 drivers_killed, 0.0 passengers_injured, 0.0 passengers_killed, 0.0 pedestrian_injured, 0.0 pedestrian_killed, Fair (Day), EDSA Roxas Blvd. Pasay",MMDA Road Safety Unit,,052ba347-a195-46fa-883b-830e7d6fc472,2015-05-13,08:00:00,EDSA F. B. Harrison St. Pasay,0,0,0,1,0,0,0,0,0,1,2015-05-13 16:00,Injury,14.53725136,120.9928775,No Collision Stated
None,EDSA,None,None,"No Accident Factor, No Collision Stated (based on Police Blotter Book), 0.0 drivers_injured, 0.0 drivers_killed, 0.0 passengers_injured, 0.0 passengers_killed, 0.0 pedestrian_injured, 0.0 pedestrian_killed, Fair (Day), EDSA Philtranco Bus Terminal Pasay",MMDA Road Safety Unit,,25a0e1bd-0e66-44bb-ae87-0c791ad6796a,2015-05-12,22:15:00,EDSA Macapagal Blvd. Pasay,0,0,0,0,0,0,0,0,0,0,2015-05-13 6:15,Property,14.53794104,121.0047786,No Collision Stated
None,EDSA,None,None,"No Accident Factor, No Collision Stated (based on Police Blotter Book), 0.0 drivers_injured, 0.0 drivers_killed, 0.0 passengers_injured, 0.0 passengers_killed, 0.0 pedestrian_injured, 0.0 pedestrian_killed, Fair (Day), EDSA Taft Ave. Pasay",MMDA Road Safety Unit,,9b80bd78-69de-4f8b-b7ce-4d6e59da193a,2015-05-12,06:20:00,EDSA Taft Ave. (EB) Pasay,0,0,0,0,0,0,0,0,0,0,2015-05-12 14:20,Property,14.53775951,121.0007229,No Collision Stated
None,EDSA,None,None,"No Accident Factor, Hit and Run (No Collision Stated), 0.0 drivers_injured, 0.0 drivers_killed, 3.0 passengers_injured, 0.0 passengers_killed, 0.0 pedestrian_injured, 0.0 pedestrian_killed, Fair (Night), EDSA ""U"" turn slot, Heritage Hotel Pasay",MMDA Road Safety Unit,,f5ef3355-618e-46b8-acc8-2270bc990a52,2015-05-11,20:30:00,EDSA E. Rodriguez St. (EB) Pasay,0,0,0,0,3,0,0,0,0,3,2015-05-12 4:30,Injury,14.5373561,120.9938096,No Collision Stated
None,EDSA,None,None,"No Accident Factor, No Collision Stated (based on Police Blotter Book), 0.0 drivers_injured, 0.0 drivers_killed, 0.0 passengers_injured, 0.0 passengers_killed, 0.0 pedestrian_injured, 0.0 pedestrian_killed, Fair (Day), EDSA Taft Ave. Pasay",MMDA Road Safety Unit,,324d39d3-763e-413c-9e87-9077573e9c8b,2015-05-11,07:25:00,EDSA Taft Ave. Pasay,0,0,0,0,0,0,0,0,0,0,2015-05-11 15:25,Property,14.53775951,121.0007229,No Collision Stated
None,EDSA,None,None,"No Accident Factor, No Collision Stated (based on Police Blotter Book), 0.0 drivers_injured, 0.0 drivers_killed, 0.0 passengers_injured, 0.0 passengers_killed, 0.0 pedestrian_injured, 0.0 pedestrian_killed, Fair (Day), EDSA Taft Ave. (WB) Pasay",MMDA Road Safety Unit,,73d5cde0-13a5-43b1-92af-1b193961bf74,2015-05-09,04:15:00,EDSA Roxas Blvd. Pasay,0,0,0,0,0,0,0,0,0,0,2015-05-09 12:15,Property,14.53775951,121.0007229,No Collision Stated
None,EDSA,None,None,"No Accident Factor, Hit and Run (No Collision Stated), 0.0 drivers_injured, 0.0 drivers_killed, 0.0 passengers_injured, 0.0 passengers_killed, 0.0 pedestrian_injured, 0.0 pedestrian_killed, Fair (Day), EDSA F. B. Harrison St. Pasay",MMDA Road Safety Unit,,7dff92ae-71ae-4031-961d-d0e1d0639f8a,2015-05-08,22:10:00,EDSA Heritage Hotel (EB) Pasay,0,0,0,0,0,0,0,0,0,0,2015-05-09 6:10,Property,14.5378679,120.9956516,No Collision Stated
None,EDSA,None,None,"No Accident Factor, No Collision Stated (based on Police Blotter Book), 0.0 drivers_injured, 0.0 drivers_killed, 0.0 passengers_injured, 0.0 passengers_killed, 0.0 pedestrian_injured, 0.0 pedestrian_killed, Fair (Night), EDSA Macapagal Blvd. Pasay",MMDA Road Safety Unit,,73097997-e565-4a3b-a801-8bd9f2eba2c6,2015-05-08,20:35:00,EDSA Taft Ave. (EB) Pasay,0,0,0,0,0,0,0,0,0,0,2015-05-09 4:35,Property,14.53636061,120.9889709,No Collision Stated
None,EDSA,None,None,"No Accident Factor, No Collision Stated (based on Police Blotter Book), 0.0 drivers_injured, 0.0 drivers_killed, 0.0 passengers_injured, 0.0 passengers_killed, 0.0 pedestrian_injured, 0.0 pedestrian_killed, Fair (Night), EDSA Macapagal Blvd. (WB) Pasay",MMDA Road Safety Unit,,6a7fcc8e-9e3d-4f6f-bc55-a286fa57e88a,2015-05-08,17:05:00,EDSA Macapagal Blvd. Pasay,0,0,0,0,0,0,0,0,0,0,2015-05-09 1:05,Property,14.53636061,120.9889709,No Collision Stated
None,EDSA,None,None,"No Accident Factor, No Collision Stated (based on Police Blotter Book), 0.0 drivers_injured, 0.0 drivers_killed, 0.0 passengers_injured, 0.0 passengers_killed, 0.0 pedestrian_injured, 0.0 pedestrian_killed, Fair (Night), EDSA F. B. Harrison St. Pasay",MMDA Road Safety Unit,,b39aef8f-0644-4125-a8be-3a72ad36e9d9,2015-05-08,10:25:00,"EDSA ""U"" turn slot, Toyota Manila Bay Pasay",0,0,0,0,0,0,0,0,0,0,2015-05-08 18:25,Property,14.5378679,120.9956516,No Collision Stated
None,EDSA,None,None,"No Accident Factor, No Collision Stated (based on Police Blotter Book), 0.0 drivers_injured, 0.0 drivers_killed, 0.0 passengers_injured, 0.0 passengers_killed, 0.0 pedestrian_injured, 0.0 pedestrian_killed, Fair (Night), EDSA Macapagal Blvd. Pasay",MMDA Road Safety Unit,,de9d4c46-9c07-4402-be99-f09fb51ba8dd,2015-05-06,21:00:00,EDSA Macapagal Blvd. Pasay,0,0,0,0,0,0,0,0,0,0,2015-05-07 5:00,Property,14.53636061,120.9889709,No Collision Stated
None,EDSA,None,None,"No Accident Factor, Side Swipe, 0.0 drivers_injured, 0.0 drivers_killed, 0.0 passengers_injured, 0.0 passengers_killed, 0.0 pedestrian_injured, 0.0 pedestrian_killed, Fair (Night), EDSA Taft Ave. (EB) Pasay",MMDA Road Safety Unit,,e96b8a8a-b842-4d8a-ae43-056d56c9bb4c,2015-05-06,14:45:00,EDSA Macapagal Blvd. Pasay,0,0,0,0,0,0,0,0,0,0,2015-05-06 22:45,Property,14.53775951,121.0007229,Side Swipe
None,EDSA,None,None,"No Accident Factor, No Collision Stated (based on Police Blotter Book), 0.0 drivers_injured, 0.0 drivers_killed, 1.0 passengers_injured, 0.0 passengers_killed, 0.0 pedestrian_injured, 0.0 pedestrian_killed, Fair (Day), EDSA E. Rodriguez St. (EB) Pasay",MMDA Road Safety Unit,,b6ddb5d7-55b5-4226-aefc-092cc5caad85,2015-05-06,09:30:00,EDSA Heritage Hotel Pasay,0,0,0,0,1,0,0,0,0,1,2015-05-06 17:30,Injury,14.53836867,121.0085613,No Collision Stated
None,EDSA,None,None,"No Accident Factor, No Collision Stated (based on Police Blotter Book), 0.0 drivers_injured, 0.0 drivers_killed, 0.0 passengers_injured, 0.0 passengers_killed, 0.0 pedestrian_injured, 0.0 pedestrian_killed, Fair (Night), EDSA Taft Ave. Pasay",MMDA Road Safety Unit,,00a6dfaa-e129-462e-a272-a2b522147480,2015-05-05,21:15:00,EDSA Macapagal Blvd. (EB) Pasay,0,0,0,0,0,0,0,0,0,0,2015-05-06 5:15,Property,14.53775951,121.0007229,No Collision Stated
None,EDSA,None,None,"No Accident Factor, Side Swipe, 0.0 drivers_injured, 0.0 drivers_killed, 0.0 passengers_injured, 0.0 passengers_killed, 0.0 pedestrian_injured, 0.0 pedestrian_killed, Fair (Day), EDSA Roxas Blvd. Pasay",MMDA Road Safety Unit,,3f18a241-2989-423c-9782-ad070b727a9e,2015-05-04,07:00:00,EDSA Roxas Blvd. Pasay,0,0,0,0,0,0,0,0,0,0,2015-05-04 15:00,Property,14.53725136,120.9928775,Side Swipe
None,EDSA,None,None,"No Accident Factor, No Collision Stated (based on Police Blotter Book), 0.0 drivers_injured, 0.0 drivers_killed, 0.0 passengers_injured, 0.0 passengers_killed, 0.0 pedestrian_injured, 0.0 pedestrian_killed, Fair (Day), EDSA Heritage Hotel (EB) Pasay",MMDA Road Safety Unit,,d0c889b4-28ef-4803-afc0-2c7b66eabde0,2015-05-02,07:15:00,EDSA Taft Ave. Pasay,0,0,0,0,0,0,0,0,0,0,2015-05-02 15:15,Property,14.53721957,120.9935015,No Collision Stated
None,EDSA,None,None,"No Accident Factor, No Collision Stated (based on Police Blotter Book), 0.0 drivers_injured, 0.0 drivers_killed, 0.0 passengers_injured, 0.0 passengers_killed, 0.0 pedestrian_injured, 0.0 pedestrian_killed, Fair (Day), EDSA Taft Ave. (EB) Pasay",MMDA Road Safety Unit,,0a46ec46-1bba-4e69-9b3f-20bef93dbd4f,2015-05-02,03:30:00,EDSA Taft Ave. Pasay,0,0,0,0,0,0,0,0,0,0,2015-05-02 11:30,Property,14.53775951,121.0007229,No Collision Stated
None,EDSA,None,None,"No Accident Factor, Side Swipe, 0.0 drivers_injured, 0.0 drivers_killed, 0.0 passengers_injured, 0.0 passengers_killed, 0.0 pedestrian_injured, 0.0 pedestrian_killed, Fair (Day), EDSA Macapagal Blvd. Pasay",MMDA Road Safety Unit,,7db5293e-406c-46f6-b7bf-1049be3b63f5,2015-05-02,00:00:00,EDSA Roxas Blvd. Pasay,0,0,0,0,0,0,0,0,0,0,2015-05-02 8:00,Property,14.53636061,120.9889709,Side Swipe
None,EDSA,None,None,"No Accident Factor, No Collision Stated (based on Police Blotter Book), 0.0 drivers_injured, 0.0 drivers_killed, 0.0 passengers_injured, 0.0 passengers_killed, 0.0 pedestrian_injured, 0.0 pedestrian_killed, Fair (Night), EDSA ""U"" turn slot, Toyota Manila Bay Pasay",MMDA Road Safety Unit,,74bbda1a-c27f-48b2-8f68-dda76b2ed0f3,2015-05-01,12:40:00,EDSA Savemore Pasay,0,0,0,0,0,0,0,0,0,0,2015-05-01 20:40,Property,14.5367494,120.9910905,No Collision Stated
None,EDSA,None,None,"No Accident Factor, Side Swipe, 0.0 drivers_injured, 0.0 drivers_killed, 0.0 passengers_injured, 0.0 passengers_killed, 0.0 pedestrian_injured, 0.0 pedestrian_killed, Fair (Day), EDSA Macapagal Blvd. Pasay",MMDA Road Safety Unit,,f09ac757-aab7-4297-8987-ce57a1da9b2e,2015-04-30,23:00:00,EDSA Taft Ave. Pasay,0,0,0,0,0,0,0,0,0,0,2015-05-01 7:00,Property,14.53636061,120.9889709,Side Swipe
None,EDSA,None,None,"No Accident Factor, Rear-end, 0.0 drivers_injured, 0.0 drivers_killed, 0.0 passengers_injured, 0.0 passengers_killed, 0.0 pedestrian_injured, 0.0 pedestrian_killed, Fair (Night), EDSA Macapagal Blvd. Pasay",MMDA Road Safety Unit,,47e6f760-517f-4c53-ab37-596c2c63f382,2015-04-30,13:45:00,EDSA Taft Ave. Pasay,0,0,0,0,0,0,0,0,0,0,2015-04-30 21:45,Property,14.53636061,120.9889709,Rear-End
None,EDSA,None,None,"No Accident Factor, No Collision Stated (based on Police Blotter Book), 0.0 drivers_injured, 0.0 drivers_killed, 0.0 passengers_injured, 0.0 passengers_killed, 0.0 pedestrian_injured, 0.0 pedestrian_killed, Fair (Day), EDSA Heritage Hotel Pasay",MMDA Road Safety Unit,,9a1c6d1b-5b88-4bc6-bb5d-d0625060273f,2015-04-30,05:10:00,EDSA Taft Ave. (EB) Pasay,0,0,0,0,0,0,0,0,0,0,2015-04-30 13:10,Property,14.53721957,120.9935015,No Collision Stated
None,EDSA,None,None,"No Accident Factor, No Collision Stated (based on Police Blotter Book), 0.0 drivers_injured, 0.0 drivers_killed, 0.0 passengers_injured, 0.0 passengers_killed, 0.0 pedestrian_injured, 0.0 pedestrian_killed, Fair (Day), EDSA Macapagal Blvd. (EB) Pasay",MMDA Road Safety Unit,,e9d061d4-5f4d-4a00-9527-59285981797a,2015-04-30,02:30:00,EDSA SM MOA Circle Pasay,0,0,0,0,0,0,0,0,0,0,2015-04-30 10:30,Property,14.53636061,120.9889709,No Collision Stated
None,EDSA,None,None,"No Accident Factor, No Collision Stated (based on Police Blotter Book), 0.0 drivers_injured, 0.0 drivers_killed, 0.0 passengers_injured, 0.0 passengers_killed, 0.0 pedestrian_injured, 0.0 pedestrian_killed, Fair (Night), EDSA Roxas Blvd. Pasay",MMDA Road Safety Unit,,63bec1f9-622c-40d5-8d76-73d594de5484,2015-04-28,13:00:00,EDSA Macapagal Blvd. Pasay,0,0,0,0,0,0,0,0,0,0,2015-04-28 21:00,Property,14.53725136,120.9928775,No Collision Stated
None,EDSA,None,None,"No Accident Factor, Rear-end, 0.0 drivers_injured, 0.0 drivers_killed, 0.0 passengers_injured, 0.0 passengers_killed, 0.0 pedestrian_injured, 0.0 pedestrian_killed, Fair (Night), EDSA Taft Ave. Pasay",MMDA Road Safety Unit,,35b81380-ee6e-454d-a9bd-262e03a11f29,2015-04-27,14:45:00,"EDSA ""U"" turn slot, F. B. Harrison St. Pasay",0,0,0,0,0,0,0,0,0,0,2015-04-27 22:45,Property,14.53775951,121.0007229,Rear-End
None,EDSA,None,None,"No Accident Factor, No Collision Stated (based on Police Blotter Book), 0.0 drivers_injured, 0.0 drivers_killed, 0.0 passengers_injured, 0.0 passengers_killed, 0.0 pedestrian_injured, 0.0 pedestrian_killed, Fair (Day), EDSA Taft Ave. Pasay",MMDA Road Safety Unit,,8ff19c71-3370-4389-bb3e-bfe3662a9223,2015-04-26,04:55:00,EDSA Taft Ave. Pasay,0,0,0,0,0,0,0,0,0,0,2015-04-26 12:55,Property,14.53775951,121.0007229,No Collision Stated
None,EDSA,None,None,"No Accident Factor, No Collision Stated (based on Police Blotter Book), 0.0 drivers_injured, 0.0 drivers_killed, 0.0 passengers_injured, 0.0 passengers_killed, 0.0 pedestrian_injured, 0.0 pedestrian_killed, Fair (Day), EDSA Roxas Blvd. Pasay",MMDA Road Safety Unit,,3b7efecc-0c65-4470-93aa-65ffda67b595,2015-04-25,08:00:00,EDSA Macapagal Blvd. Pasay,0,0,0,0,0,0,0,0,0,0,2015-04-25 16:00,Property,14.53725136,120.9928775,No Collision Stated
None,EDSA,None,None,"No Accident Factor, Hit Object (No Object Stated), 1.0 drivers_injured, 0.0 drivers_killed, 1.0 passengers_injured, 0.0 passengers_killed, 0.0 pedestrian_injured, 0.0 pedestrian_killed, Fair (Night), EDSA Savemore Pasay",MMDA Road Safety Unit,,d6c39132-1c21-4099-9a1e-a19da9fa64a2,2015-04-24,12:30:00,EDSA L. Wood St.  Pasay,0,0,0,1,1,0,0,0,0,2,2015-04-24 20:30,Injury,14.53773852,120.9993152,Hit Object
None,EDSA,None,None,"No Accident Factor, No Collision Stated (based on Police Blotter Book), 0.0 drivers_injured, 0.0 drivers_killed, 0.0 passengers_injured, 0.0 passengers_killed, 0.0 pedestrian_injured, 0.0 pedestrian_killed, Fair (Day), EDSA Taft Ave. Pasay",MMDA Road Safety Unit,,c20bfd85-54e4-40ac-9c92-5bb6247415db,2015-04-24,06:45:00,EDSA Roxas Blvd. Pasay,0,0,0,0,0,0,0,0,0,0,2015-04-24 14:45,Property,14.53775951,121.0007229,No Collision Stated