LOCATION_TEXT,ROAD,WEATHER,LIGHT,DESC,REPORTING_AGENCY,MAIN_CAUSE,INCIDENTDETAILS_ID,DATE_UTC,TIME_UTC,ADDRESS,killed_driver,killed_passenger,killed_pedestrian,injured_driver,injured_passenger,injured_pedestrian,killed_uncategorized,injured_uncategorized,killed_total,injured_total,DATETIME_PST,SEVERITY,Y,X,COLLISION_TYPE
None,EDSA,None,None,"No Accident Factor, No Collision Stated (based on Police Blotter Book), 0.0 drivers_injured, 0.0 drivers_killed, 0.0 passengers_injured, 0.0 passengers_killed, 0.0 pedestrian_injured, 0.0 pedestrian_killed, Fair (Day), EDSA Taft Ave. Pasay",MMDA Road Safety Unit,,8b25c491-e7f7-442a-a306-965729b94c6f,2015-04-23,07:05:00,EDSA Roxas Blvd. Service Road Pasay,0,0,0,0,0,0,0,0,0,0,2015-04-23 15:05,Property,14.53775951,121.0007229,No Collision Stated
None,EDSA,None,None,"No Accident Factor, Rear-end, 0.0 drivers_injured, 0.0 drivers_killed, 0.0 passengers_injured, 0.0 passengers_killed, 0.0 pedestrian_injured, 0.0 pedestrian_killed, Fair (Night), EDSA Taft Ave. (EB) Pasay",MMDA Road Safety Unit,,719cf82d-4989-4a96-ba06-44752b6c28b9,2015-04-22,15:10:00,"EDSA ""U"" turn slot, Toyota Manila Bay Pasay",0,0,0,0,0,0,0,0,0,0,2015-04-22 23:10,Property,14.53775951,121.0007229,Rear-End
None,EDSA,None,None,"No Accident Factor, Side Swipe, 0.0 drivers_injured, 0.0 drivers_killed, 0.0 passengers_injured, 0.0 passengers_killed, 0.0 pedestrian_injured, 0.0 pedestrian_killed, Fair (Night), EDSA SM MOA Circle Pasay",MMDA Road Safety Unit,,56e6dfec-2549-4da7-9195-c0517122d3c2,2015-04-22,15:05:00,EDSA Macapagal Blvd. Pasay,0,0,0,0,0,0,0,0,0,0,2015-04-22 23:05,Property,14.53556259,120.9848215,Side Swipe
None,EDSA,None,None,"No Accident Factor, No Collision Stated (based on Police Blotter Book), 0.0 drivers_injured, 0.0 drivers_killed, 0.0 passengers_injured, 0.0 passengers_killed, 0.0 pedestrian_injured, 0.0 pedestrian_killed, Fair (Night), EDSA Macapagal Blvd. Pasay",MMDA Road Safety Unit,,7e8e9d37-1522-4458-a4a9-6913be2945fa,2015-04-22,11:35:00,EDSA Taft Ave. Pasay,0,0,0,0,0,0,0,0,0,0,2015-04-22 19:35,Property,14.53636061,120.9889709,No Collision Stated
None,EDSA,None,None,"No Accident Factor, No Collision Stated (based on Police Blotter Book), 1.0 drivers_injured, 0.0 drivers_killed, 0.0 passengers_injured, 0.0 passengers_killed, 0.0 pedestrian_injured, 0.0 pedestrian_killed, Fair (Night), EDSA ""U"" turn slot, F. B. Harrison St. Pasay",MMDA Road Safety Unit,,3d81aa6b-339f-4a37-a2cd-5dee49e9436a,2015-04-22,10:30:00,EDSA Macapagal Blvd. Pasay,0,0,0,1,0,0,0,0,0,1,2015-04-22 18:30,Injury,14.53736413,120.9940382,No Collision Stated
None,EDSA,None,None,"No Accident Factor, Rear-end, 0.0 drivers_injured, 0.0 drivers_killed, 0.0 passengers_injured, 0.0 passengers_killed, 0.0 pedestrian_injured, 0.0 pedestrian_killed, Fair (Day), EDSA Taft Ave. Pasay",MMDA Road Safety Unit,,a26dc9c0-863c-418e-8c3f-360d5ac31531,2015-04-22,08:15:00,EDSA Taft Ave. Pasay,0,0,0,0,0,0,0,0,0,0,2015-04-22 16:15,Property,14.53775951,121.0007229,Rear-End
None,EDSA,None,None,"No Accident Factor, Side Swipe, 0.0 drivers_injured, 0.0 drivers_killed, 0.0 passengers_injured, 0.0 passengers_killed, 0.0 pedestrian_injured, 0.0 pedestrian_killed, Fair (Day), EDSA Macapagal Blvd. Pasay",MMDA Road Safety Unit,,a3e861e7-2e6d-43df-ac02-3c2179663dab,2015-04-22,05:30:00,EDSA Taft Ave. Pasay,0,0,0,0,0,0,0,0,0,0,2015-04-22 13:30,Property,14.53636061,120.9889709,Side Swipe
None,EDSA,None,None,"No Accident Factor, No Collision Stated (based on Police Blotter Book), 1.0 drivers_injured, 0.0 drivers_killed, 0.0 passengers_injured, 0.0 passengers_killed, 0.0 pedestrian_injured, 0.0 pedestrian_killed, Fair (Day), EDSA L. Wood St.  Pasay",MMDA Road Safety Unit,,440f99d9-8ec7-4ad8-8810-8eebd7e6702e,2015-04-22,03:00:00,EDSA Roxas Blvd. Pasay,0,0,0,1,0,0,0,0,0,1,2015-04-22 11:00,Injury,14.53865152,121.0094458,No Collision Stated
None,EDSA,None,None,"No Accident Factor, Side Swipe, 0.0 drivers_injured, 0.0 drivers_killed, 0.0 passengers_injured, 0.0 passengers_killed, 0.0 pedestrian_injured, 0.0 pedestrian_killed, Fair (Day), EDSA Roxas Blvd. Pasay",MMDA Road Safety Unit,,ca047d20-642e-4211-a183-69558bfde0c0,2015-04-21,03:00:00,EDSA Tramo St. Pasay,0,0,0,0,0,0,0,0,0,0,2015-04-21 11:00,Property,14.53725136,120.9928775,Side Swipe
None,EDSA,None,None,"No Accident Factor, No Collision Stated (based on Police Blotter Book), 0.0 drivers_injured, 0.0 drivers_killed, 0.0 passengers_injured, 0.0 passengers_killed, 0.0 pedestrian_injured, 0.0 pedestrian_killed, Fair (Day), EDSA Roxas Blvd. Service Road Pasay",MMDA Road Safety Unit,,a10500d8-6855-4724-9036-633f70be3bb4,2015-04-21,02:40:00,EDSA Macapagal Blvd. Pasay,0,0,0,0,0,0,0,0,0,0,2015-04-21 10:40,Property,14.53725136,120.9928775,No Collision Stated
None,EDSA,None,None,"No Accident Factor, Hit Object (No Object Stated), 0.0 drivers_injured, 0.0 drivers_killed, 0.0 passengers_injured, 0.0 passengers_killed, 0.0 pedestrian_injured, 0.0 pedestrian_killed, Fair (Day), EDSA ""U"" turn slot, Toyota Manila Bay Pasay",MMDA Road Safety Unit,,39e6a7b5-a6fd-47de-8745-e4b3f353e62f,2015-04-21,01:45:00,EDSA Heritage Hotel Pasay,0,0,0,0,0,0,0,0,0,0,2015-04-21 9:45,Property,14.5367494,120.9910905,Hit Object
None,EDSA,None,None,"No Accident Factor, No Collision Stated (based on Police Blotter Book), 0.0 drivers_injured, 0.0 drivers_killed, 0.0 passengers_injured, 0.0 passengers_killed, 0.0 pedestrian_injured, 0.0 pedestrian_killed, Fair (Night), EDSA Macapagal Blvd. Pasay",MMDA Road Safety Unit,,6b56cd95-b134-421c-ac50-6493ef2bcc64,2015-04-20,15:55:00,EDSA Macapagal Blvd. Pasay,0,0,0,0,0,0,0,0,0,0,2015-04-20 23:55,Property,14.53636061,120.9889709,No Collision Stated
None,EDSA,None,None,"No Accident Factor, No Collision Stated (based on Police Blotter Book), 0.0 drivers_injured, 0.0 drivers_killed, 0.0 passengers_injured, 0.0 passengers_killed, 0.0 pedestrian_injured, 0.0 pedestrian_killed, Fair (Night), EDSA Taft Ave. Pasay",MMDA Road Safety Unit,,5338fba1-dc84-479c-884f-5e1a57ebca2b,2015-04-20,15:30:00,EDSA Roxas Blvd. Pasay,0,0,0,0,0,0,0,0,0,0,2015-04-20 23:30,Property,14.53775951,121.0007229,No Collision Stated
None,EDSA,None,None,"No Accident Factor, Side Swipe, 0.0 drivers_injured, 0.0 drivers_killed, 0.0 passengers_injured, 0.0 passengers_killed, 0.0 pedestrian_injured, 0.0 pedestrian_killed, Fair (Day), EDSA Macapagal Blvd. Pasay",MMDA Road Safety Unit,,ceef239a-5973-49b5-b161-72ca09a7e2d1,2015-04-20,07:10:00,EDSA Aurora Blvd. Pasay,0,0,0,0,0,0,0,0,0,0,2015-04-20 15:10,Property,14.53636061,120.9889709,Side Swipe
None,EDSA,None,None,"No Accident Factor, No Collision Stated (based on Police Blotter Book), 0.0 drivers_injured, 0.0 drivers_killed, 0.0 passengers_injured, 0.0 passengers_killed, 0.0 pedestrian_injured, 0.0 pedestrian_killed, Fair (Day), EDSA Taft Ave. Pasay",MMDA Road Safety Unit,,83300901-3878-4bed-9ba8-ce3dd45b44a0,2015-04-20,01:00:00,EDSA Taft Ave. Pasay,0,0,0,0,0,0,0,0,0,0,2015-04-20 9:00,Property,14.53775951,121.0007229,No Collision Stated
None,EDSA,None,None,"No Accident Factor, No Collision Stated (based on Police Blotter Book), 0.0 drivers_injured, 0.0 drivers_killed, 0.0 passengers_injured, 0.0 passengers_killed, 0.0 pedestrian_injured, 0.0 pedestrian_killed, Fair (Day), EDSA Taft Ave. Pasay",MMDA Road Safety Unit,,58cad8b0-6925-4bb2-9471-43484a0dc4c6,2015-04-17,02:40:00,EDSA C. Jose St.  Pasay,0,0,0,0,0,0,0,0,0,0,2015-04-17 10:40,Property,14.53775951,121.0007229,No Collision Stated
None,EDSA,None,None,"No Accident Factor, No Collision Stated (based on Police Blotter Book), 0.0 drivers_injured, 0.0 drivers_killed, 0.0 passengers_injured, 0.0 passengers_killed, 0.0 pedestrian_injured, 0.0 pedestrian_killed, Fair (Day), EDSA Roxas Blvd. Pasay",MMDA Road Safety Unit,,d627a664-5ec5-4a7b-afed-99b0e2ca2652,2015-04-17,00:50:00,EDSA Heritage Hotel Pasay,0,0,0,0,0,0,0,0,0,0,2015-04-17 8:50,Property,14.53725136,120.9928775,No Collision Stated
None,EDSA,None,None,"No Accident Factor, Hit and Run (Rear-end), 0.0 drivers_injured, 0.0 drivers_killed, 0.0 passengers_injured, 0.0 passengers_killed, 0.0 pedestrian_injured, 0.0 pedestrian_killed, Fair (Night), EDSA Tramo St. Pasay",MMDA Road Safety Unit,,6b53385b-f880-4406-9453-9cbf7ee2b487,2015-04-16,15:20:00,EDSA Macapagal Blvd. Pasay,0,0,0,0,0,0,0,0,0,0,2015-04-16 23:20,Property,14.53790544,121.0032547,Rear-End
None,EDSA,None,None,"No Accident Factor, Side Swipe, 0.0 drivers_injured, 0.0 drivers_killed, 0.0 passengers_injured, 0.0 passengers_killed, 0.0 pedestrian_injured, 0.0 pedestrian_killed, Fair (Night), EDSA Macapagal Blvd. Pasay",MMDA Road Safety Unit,,e2fe4ec1-6fbf-4471-9857-94f95be97932,2015-04-15,15:00:00,EDSA Savemore Pasay,0,0,0,0,0,0,0,0,0,0,2015-04-15 23:00,Property,14.53636061,120.9889709,Side Swipe
None,EDSA,None,None,"No Accident Factor, Rear-end, 0.0 drivers_injured, 0.0 drivers_killed, 0.0 passengers_injured, 0.0 passengers_killed, 0.0 pedestrian_injured, 0.0 pedestrian_killed, Fair (Night), EDSA Heritage Hotel Pasay",MMDA Road Safety Unit,,cb85e351-f21a-40d2-bbe0-642a593e1d3d,2015-04-15,14:30:00,EDSA Aurora Blvd. Pasay,0,0,0,0,0,0,0,0,0,0,2015-04-15 22:30,Property,14.53721957,120.9935015,Rear-End
None,EDSA,None,None,"No Accident Factor, No Collision Stated (based on Police Blotter Book), 0.0 drivers_injured, 0.0 drivers_killed, 0.0 passengers_injured, 0.0 passengers_killed, 0.0 pedestrian_injured, 0.0 pedestrian_killed, Fair (Day), EDSA Macapagal Blvd. Pasay",MMDA Road Safety Unit,,b73ffc59-6355-40f3-9f58-56686a068692,2015-04-15,09:05:00,EDSA Park Ave.  Pasay,0,0,0,0,0,0,0,0,0,0,2015-04-15 17:05,Property,14.53636061,120.9889709,No Collision Stated
None,EDSA,None,None,"No Accident Factor, No Collision Stated (based on Police Blotter Book), 0.0 drivers_injured, 0.0 drivers_killed, 0.0 passengers_injured, 0.0 passengers_killed, 0.0 pedestrian_injured, 0.0 pedestrian_killed, Fair (Day), EDSA Roxas Blvd. Pasay",MMDA Road Safety Unit,,2056fbe6-6021-4eee-892e-e1a1294f100c,2015-04-15,06:00:00,EDSA Aurora Blvd. Pasay,0,0,0,0,0,0,0,0,0,0,2015-04-15 14:00,Property,14.53725136,120.9928775,No Collision Stated
None,EDSA,None,None,"No Accident Factor, Hit and Run (Hit Parked Vehicle), 0.0 drivers_injured, 0.0 drivers_killed, 0.0 passengers_injured, 0.0 passengers_killed, 0.0 pedestrian_injured, 0.0 pedestrian_killed, Fair (Night), EDSA Aurora Blvd. Pasay",MMDA Road Safety Unit,,445cf8d0-8d4b-4e3e-ab87-e94181414cc0,2015-04-14,21:30:00,EDSA M. Reyes St.  Pasay,0,0,0,0,0,0,0,0,0,0,2015-04-15 5:30,Property,14.53779864,121.0033477,Hit Object
None,EDSA,None,None,"No Accident Factor, No Collision Stated (based on Police Blotter Book), 0.0 drivers_injured, 0.0 drivers_killed, 0.0 passengers_injured, 0.0 passengers_killed, 0.0 pedestrian_injured, 0.0 pedestrian_killed, Fair (Day), EDSA Taft Ave. Pasay",MMDA Road Safety Unit,,77150ee2-7d4a-4804-ae88-8d206e022b1c,2015-04-14,06:55:00,EDSA Copacabana Hotel  Pasay,0,0,0,0,0,0,0,0,0,0,2015-04-14 14:55,Property,14.53775951,121.0007229,No Collision Stated
None,EDSA,None,None,"No Accident Factor, No Collision Stated (based on Police Blotter Book), 0.0 drivers_injured, 0.0 drivers_killed, 0.0 passengers_injured, 0.0 passengers_killed, 0.0 pedestrian_injured, 0.0 pedestrian_killed, Fair (Night), EDSA C. Jose St.  Pasay",MMDA Road Safety Unit,,def74dff-8458-4fd0-960e-dc7f6d63d983,2015-04-13,11:45:00,EDSA Macapagal Blvd. Pasay,0,0,0,0,0,0,0,0,0,0,2015-04-13 19:45,Property,14.53873461,121.0107828,No Collision Stated
None,EDSA,None,None,"No Accident Factor, No Collision Stated (based on Police Blotter Book), 0.0 drivers_injured, 0.0 drivers_killed, 0.0 passengers_injured, 0.0 passengers_killed, 0.0 pedestrian_injured, 0.0 pedestrian_killed, Fair (Day), EDSA Heritage Hotel Pasay",MMDA Road Safety Unit,,472bf068-85b7-4aef-8178-8797ee4447ee,2015-04-13,09:00:00,EDSA Taft Ave. Pasay,0,0,0,0,0,0,0,0,0,0,2015-04-13 17:00,Property,14.53721957,120.9935015,No Collision Stated
None,EDSA,None,None,"No Accident Factor, No Collision Stated (based on Police Blotter Book), 0.0 drivers_injured, 0.0 drivers_killed, 0.0 passengers_injured, 0.0 passengers_killed, 0.0 pedestrian_injured, 0.0 pedestrian_killed, Fair (Day), EDSA Macapagal Blvd. Pasay",MMDA Road Safety Unit,,260b8aeb-7b56-4bb7-adf9-02a1cfe336ea,2015-04-13,00:30:00,EDSA Sogo Hotel  Pasay,0,0,0,0,0,0,0,0,0,0,2015-04-13 8:30,Property,14.53636061,120.9889709,No Collision Stated
None,EDSA,None,None,"No Accident Factor, No Collision Stated (based on Police Blotter Book), 0.0 drivers_injured, 0.0 drivers_killed, 0.0 passengers_injured, 0.0 passengers_killed, 0.0 pedestrian_injured, 0.0 pedestrian_killed, Fair (Day), EDSA Savemore Pasay",MMDA Road Safety Unit,,f6e2d05f-0aa7-4024-862d-a909aa19c0c3,2015-04-12,04:30:00,EDSA Macapagal Blvd. Pasay,0,0,0,0,0,0,0,0,0,0,2015-04-12 12:30,Property,14.53773852,120.9993152,No Collision Stated
None,EDSA,None,None,"No Accident Factor, No Collision Stated (based on Police Blotter Book), 1.0 drivers_injured, 0.0 drivers_killed, 0.0 passengers_injured, 0.0 passengers_killed, 0.0 pedestrian_injured, 0.0 pedestrian_killed, Fair (Night), EDSA Aurora Blvd. Pasay",MMDA Road Safety Unit,,7281af77-a14e-4c8c-9643-77bd9f7e29ab,2015-04-11,15:30:00,EDSA Heritage Hotel Driveway Pasay,0,0,0,1,0,0,0,0,0,1,2015-04-11 23:30,Injury,14.53779864,121.0033477,No Collision Stated
None,EDSA,None,None,"No Accident Factor, No Collision Stated (based on Police Blotter Book), 0.0 drivers_injured, 0.0 drivers_killed, 0.0 passengers_injured, 0.0 passengers_killed, 0.0 pedestrian_injured, 0.0 pedestrian_killed, Fair (Day), EDSA Park Ave.  Pasay",MMDA Road Safety Unit,,2560592a-82b9-4d94-bef2-ccb34755ebf0,2015-04-11,06:30:00,EDSA M. Reyes St.  Pasay,0,0,0,0,0,0,0,0,0,0,2015-04-11 14:30,Property,14.53774622,120.9982843,No Collision Stated
None,EDSA,None,None,"No Accident Factor, No Collision Stated (based on Police Blotter Book), 0.0 drivers_injured, 0.0 drivers_killed, 0.0 passengers_injured, 0.0 passengers_killed, 0.0 pedestrian_injured, 0.0 pedestrian_killed, Fair (Day), EDSA Aurora Blvd. Pasay",MMDA Road Safety Unit,,b958a741-7eca-43f7-bd87-b8c80f8d2e18,2015-04-11,05:15:00,EDSA Roxas Blvd. Pasay,0,0,0,0,0,0,0,0,0,0,2015-04-11 13:15,Property,14.53779864,121.0033477,No Collision Stated
None,EDSA,None,None,"No Accident Factor, No Collision Stated (based on Police Blotter Book), 0.0 drivers_injured, 0.0 drivers_killed, 0.0 passengers_injured, 0.0 passengers_killed, 0.0 pedestrian_injured, 0.0 pedestrian_killed, Fair (Day), EDSA M. Reyes St.  Pasay",MMDA Road Safety Unit,,8309dcb7-a237-4573-8c1e-7d9ae833c94e,2015-04-11,03:55:00,EDSA Macapagal Blvd. Pasay,0,0,0,0,0,0,0,0,0,0,2015-04-11 11:55,Property,14.5387948,121.0108313,No Collision Stated
None,EDSA,None,None,"No Accident Factor, Side Swipe, 0.0 drivers_injured, 0.0 drivers_killed, 0.0 passengers_injured, 0.0 passengers_killed, 0.0 pedestrian_injured, 0.0 pedestrian_killed, Fair (Day), EDSA Copacabana Hotel  Pasay",MMDA Road Safety Unit,,81fdebb5-f95d-4c46-bac9-ca6a293b1e55,2015-04-11,03:00:00,EDSA Macapagal Blvd. Pasay,0,0,0,0,0,0,0,0,0,0,2015-04-11 11:00,Property,14.53747529,120.9943264,Side Swipe
None,EDSA,None,None,"No Accident Factor, Hit and Run (Side Swipe), 1.0 drivers_injured, 0.0 drivers_killed, 1.0 passengers_injured, 0.0 passengers_killed, 0.0 pedestrian_injured, 0.0 pedestrian_killed, Fair (Day), EDSA Macapagal Blvd. Pasay",MMDA Road Safety Unit,,07531340-3696-4fd3-a836-3bdc93125b44,2015-04-11,00:00:00,EDSA Taft Ave. Pasay,0,0,0,1,1,0,0,0,0,2,2015-04-11 8:00,Injury,14.53636061,120.9889709,Side Swipe
None,EDSA,None,None,"No Accident Factor, No Collision Stated (based on Police Blotter Book), 0.0 drivers_injured, 0.0 drivers_killed, 0.0 passengers_injured, 0.0 passengers_killed, 0.0 pedestrian_injured, 0.0 pedestrian_killed, Fair (Day), EDSA Taft Ave. Pasay",MMDA Road Safety Unit,,700ae613-090f-49e1-8bf7-1619e127ce3b,2015-04-10,09:20:00,EDSA Taft Ave. Pasay,0,0,0,0,0,0,0,0,0,0,2015-04-10 17:20,Property,14.53775951,121.0007229,No Collision Stated
None,EDSA,None,None,"No Accident Factor, No Collision Stated (based on Police Blotter Book), 0.0 drivers_injured, 0.0 drivers_killed, 0.0 passengers_injured, 0.0 passengers_killed, 0.0 pedestrian_injured, 0.0 pedestrian_killed, Fair (Day), EDSA Sogo Hotel  Pasay",MMDA Road Safety Unit,,187c19bd-f6f9-405c-afbb-f31a58f99f14,2015-04-10,05:00:00,EDSA Aurora Blvd. Pasay,0,0,0,0,0,0,0,0,0,0,2015-04-10 13:00,Property,14.53744776,121.0009304,No Collision Stated
None,EDSA,None,None,"No Accident Factor, No Collision Stated (based on Police Blotter Book), 0.0 drivers_injured, 0.0 drivers_killed, 0.0 passengers_injured, 0.0 passengers_killed, 0.0 pedestrian_injured, 0.0 pedestrian_killed, Fair (Night), EDSA Macapagal Blvd. Pasay",MMDA Road Safety Unit,,96e27e17-63d0-49ad-acc5-8bad6f9863f1,2015-04-09,13:00:00,EDSA SM MOA Circle Pasay,0,0,0,0,0,0,0,0,0,0,2015-04-09 21:00,Property,14.53636061,120.9889709,No Collision Stated
None,EDSA,None,None,"No Accident Factor, Hit Parked Vehicle, 0.0 drivers_injured, 0.0 drivers_killed, 0.0 passengers_injured, 0.0 passengers_killed, 0.0 pedestrian_injured, 0.0 pedestrian_killed, Fair (Night), EDSA Heritage Hotel Driveway Pasay",MMDA Road Safety Unit,,f9850a52-f623-4a9e-8753-33f5abb5bd98,2015-04-09,12:00:00,EDSA SM MOA Circle Pasay,0,0,0,0,0,0,0,0,0,0,2015-04-09 20:00,Property,14.53721957,120.9935015,Hit Object
None,EDSA,None,None,"No Accident Factor, No Collision Stated (based on Police Blotter Book), 0.0 drivers_injured, 0.0 drivers_killed, 0.0 passengers_injured, 0.0 passengers_killed, 0.0 pedestrian_injured, 0.0 pedestrian_killed, Fair (Day), EDSA M. Reyes St.  Pasay",MMDA Road Safety Unit,,c309ea2f-3770-4b6e-addc-ce4ee20e644d,2015-04-09,07:30:00,EDSA Taft Ave. Pasay,0,0,0,0,0,0,0,0,0,0,2015-04-09 15:30,Property,14.5387948,121.0108313,No Collision Stated
None,EDSA,None,None,"No Accident Factor, No Collision Stated (based on Police Blotter Book), 0.0 drivers_injured, 0.0 drivers_killed, 0.0 passengers_injured, 0.0 passengers_killed, 0.0 pedestrian_injured, 0.0 pedestrian_killed, Fair (Day), EDSA Roxas Blvd. Pasay",MMDA Road Safety Unit,,ccefc31f-1979-4421-b524-0f15779132ca,2015-04-06,05:00:00,EDSA Taft LRT Station Pasay,0,0,0,0,0,0,0,0,0,0,2015-04-06 13:00,Property,14.53725136,120.9928775,No Collision Stated
None,EDSA,None,None,"No Accident Factor, No Collision Stated (based on Police Blotter Book), 2.0 drivers_injured, 0.0 drivers_killed, 1.0 passengers_injured, 0.0 passengers_killed, 0.0 pedestrian_injured, 0.0 pedestrian_killed, Fair (Night), EDSA Macapagal Blvd. Pasay",MMDA Road Safety Unit,,c7fc7893-f39a-453c-b8bc-08a5b05f1ced,2015-04-05,12:45:00,EDSA Aurora Blvd. Pasay,0,0,0,2,1,0,0,0,0,3,2015-04-05 20:45,Injury,14.53636061,120.9889709,No Collision Stated
None,EDSA,None,None,"No Accident Factor, No Collision Stated (based on Police Blotter Book), 1.0 drivers_injured, 0.0 drivers_killed, 0.0 passengers_injured, 0.0 passengers_killed, 0.0 pedestrian_injured, 0.0 pedestrian_killed, Fair (Night), EDSA Macapagal Blvd. Pasay",MMDA Road Safety Unit,,f293bff8-8164-4241-bc4c-bbdef8c3674a,2015-04-04,13:00:00,EDSA Taft Ave. Pasay,0,0,0,1,0,0,0,0,0,1,2015-04-04 21:00,Injury,14.53636061,120.9889709,No Collision Stated
None,EDSA,None,None,"No Accident Factor, No Collision Stated (based on Police Blotter Book), 0.0 drivers_injured, 0.0 drivers_killed, 0.0 passengers_injured, 0.0 passengers_killed, 0.0 pedestrian_injured, 0.0 pedestrian_killed, Fair (Night), EDSA Taft Ave. Pasay",MMDA Road Safety Unit,,fb1870ad-9cae-42a7-9cc9-da25625a57d9,2015-04-01,12:30:00,EDSA Heritage Hotel Pasay,0,0,0,0,0,0,0,0,0,0,2015-04-01 20:30,Property,14.53775951,121.0007229,No Collision Stated
None,EDSA,None,None,"No Accident Factor, No Collision Stated (based on Police Blotter Book), 0.0 drivers_injured, 0.0 drivers_killed, 0.0 passengers_injured, 0.0 passengers_killed, 0.0 pedestrian_injured, 0.0 pedestrian_killed, Fair (Day), EDSA Taft Ave. Pasay",MMDA Road Safety Unit,,baf8d4ff-f891-4af7-901a-c5db53c6ed63,2015-04-01,00:30:00,EDSA P. Santos St. Pasay,0,0,0,0,0,0,0,0,0,0,2015-04-01 8:30,Property,14.53775951,121.0007229,No Collision Stated
None,EDSA,None,None,"No Accident Factor, No Collision Stated (based on Police Blotter Book), 0.0 drivers_injured, 0.0 drivers_killed, 0.0 passengers_injured, 0.0 passengers_killed, 0.0 pedestrian_injured, 0.0 pedestrian_killed, Fair (Night), EDSA Aurora Blvd. Pasay",MMDA Road Safety Unit,,c6b208ea-7a0a-411f-bfd8-1b12bb19f55b,2015-03-31,13:00:00,EDSA Macapagal Blvd. Pasay,0,0,0,0,0,0,0,0,0,0,2015-03-31 21:00,Property,14.53779864,121.0033477,No Collision Stated
None,EDSA,None,None,"No Accident Factor, Hit Object (No Object Stated), 0.0 drivers_injured, 0.0 drivers_killed, 0.0 passengers_injured, 0.0 passengers_killed, 0.0 pedestrian_injured, 0.0 pedestrian_killed, Fair (Night), EDSA SM MOA Circle Pasay",MMDA Road Safety Unit,,3f45c9f8-e84e-46b5-8aed-55cd618d82fc,2015-03-31,11:25:00,EDSA Heritage Hotel Pasay,0,0,0,0,0,0,0,0,0,0,2015-03-31 19:25,Property,14.53556259,120.9848215,Hit Object
None,EDSA,None,None,"No Accident Factor, No Collision Stated (based on Police Blotter Book), 1.0 drivers_injured, 0.0 drivers_killed, 0.0 passengers_injured, 0.0 passengers_killed, 0.0 pedestrian_injured, 0.0 pedestrian_killed, Fair (Day), EDSA SM MOA Circle Pasay",MMDA Road Safety Unit,,49573247-316a-4237-a7a6-dd2fcd878df8,2015-03-30,23:40:00,EDSA Taft Ave. Pasay,0,0,0,1,0,0,0,0,0,1,2015-03-31 7:40,Injury,14.53556259,120.9848215,No Collision Stated
None,EDSA,None,None,"No Accident Factor, No Collision Stated (based on Police Blotter Book), 0.0 drivers_injured, 0.0 drivers_killed, 0.0 passengers_injured, 0.0 passengers_killed, 0.0 pedestrian_injured, 0.0 pedestrian_killed, Fair (Day), EDSA Taft Ave. Pasay",MMDA Road Safety Unit,,82ca78e8-1b1e-44ed-8fad-c9a7a1315e90,2015-03-30,06:50:00,EDSA Tramo Pasay,0,0,0,0,0,0,0,0,0,0,2015-03-30 14:50,Property,14.53775951,121.0007229,No Collision Stated
None,EDSA,None,None,"No Accident Factor, No Collision Stated (based on Police Blotter Book), 0.0 drivers_injured, 0.0 drivers_killed, 0.0 passengers_injured, 0.0 passengers_killed, 0.0 pedestrian_injured, 0.0 pedestrian_killed, Fair (Day), EDSA Taft LRT Station Pasay",MMDA Road Safety Unit,,30663b45-e94e-4c29-8efd-6456d0eab183,2015-03-29,05:55:00,EDSA Taft Ave. Pasay,0,0,0,0,0,0,0,0,0,0,2015-03-29 13:55,Property,14.53775951,121.0007229,No Collision Stated
None,EDSA,None,None,"No Accident Factor, No Collision Stated (based on Police Blotter Book), 1.0 drivers_injured, 0.0 drivers_killed, 0.0 passengers_injured, 0.0 passengers_killed, 0.0 pedestrian_injured, 0.0 pedestrian_killed, Fair (Day), EDSA Aurora Blvd. Pasay",MMDA Road Safety Unit,,5c5482fb-2935-4207-88f4-4334959e7a50,2015-03-29,04:05:00,EDSA Macapagal Blvd. Pasay,0,0,0,1,0,0,0,0,0,1,2015-03-29 12:05,Injury,14.53779864,121.0033477,No Collision Stated
None,EDSA,None,None,"No Accident Factor, No Collision Stated (based on Police Blotter Book), 0.0 drivers_injured, 0.0 drivers_killed, 0.0 passengers_injured, 0.0 passengers_killed, 0.0 pedestrian_injured, 0.0 pedestrian_killed, Fair (Night), EDSA Taft Ave. Pasay",MMDA Road Safety Unit,,25116e53-ad13-46a3-808b-cd74c587743e,2015-03-28,11:30:00,EDSA Rotonda Pasay,0,0,0,0,0,0,0,0,0,0,2015-03-28 19:30,Property,14.53775951,121.0007229,No Collision Stated
None,EDSA,None,None,"No Accident Factor, No Collision Stated (based on Police Blotter Book), 0.0 drivers_injured, 0.0 drivers_killed, 0.0 passengers_injured, 0.0 passengers_killed, 0.0 pedestrian_injured, 0.0 pedestrian_killed, Fair (Day), EDSA Heritage Hotel Pasay",MMDA Road Safety Unit,,00d9c2d3-23fe-4395-8fe1-3198111f0553,2015-03-27,07:00:00,EDSA Macapagal Blvd. Pasay,0,0,0,0,0,0,0,0,0,0,2015-03-27 15:00,Property,14.53721957,120.9935015,No Collision Stated