LOCATION_TEXT,ROAD,WEATHER,LIGHT,DESC,REPORTING_AGENCY,MAIN_CAUSE,INCIDENTDETAILS_ID,DATE_UTC,TIME_UTC,ADDRESS,killed_driver,killed_passenger,killed_pedestrian,injured_driver,injured_passenger,injured_pedestrian,killed_uncategorized,injured_uncategorized,killed_total,injured_total,DATETIME_PST,SEVERITY,Y,X,COLLISION_TYPE
None,EDSA,None,None,"No Accident Factor, Rear-end, 0.0 drivers_injured, 0.0 drivers_killed, 0.0 passengers_injured, 0.0 passengers_killed, 0.0 pedestrian_injured, 0.0 pedestrian_killed, Fair (Day), EDSA P. Santos St. Pasay",MMDA Road Safety Unit,,4c9955d6-6731-4103-a9dc-93c867d274cd,2015-03-26,06:40:00,EDSA Taft Rotonda Pasay,0,0,0,0,0,0,0,0,0,0,2015-03-26 14:40,Property,14.53874541,121.0111151,Rear-End
None,EDSA,None,None,"No Accident Factor, Rear-end, 0.0 drivers_injured, 0.0 drivers_killed, 0.0 passengers_injured, 0.0 passengers_killed, 0.0 pedestrian_injured, 0.0 pedestrian_killed, Fair (Day), EDSA Macapagal Blvd. Pasay",MMDA Road Safety Unit,,68a7d164-8d1c-4896-8666-9ae96684dd8e,2015-03-24,01:30:00,EDSA Philtranco Bus Terminal Pasay,0,0,0,0,0,0,0,0,0,0,2015-03-24 9:30,Property,14.53636061,120.9889709,Rear-End
None,EDSA,None,None,"No Accident Factor, Side Swipe, 0.0 drivers_injured, 0.0 drivers_killed, 0.0 passengers_injured, 0.0 passengers_killed, 0.0 pedestrian_injured, 0.0 pedestrian_killed, Fair (Day), EDSA Heritage Hotel Pasay",MMDA Road Safety Unit,,289a88c5-c3d1-46df-b20e-2f3baaefcee0,2015-03-24,00:25:00,EDSA Macapagal Blvd. Pasay,0,0,0,0,0,0,0,0,0,0,2015-03-24 8:25,Property,14.53721957,120.9935015,Side Swipe
None,EDSA,None,None,"No Accident Factor, Side Swipe, 0.0 drivers_injured, 0.0 drivers_killed, 0.0 passengers_injured, 0.0 passengers_killed, 0.0 pedestrian_injured, 0.0 pedestrian_killed, Fair (Day), EDSA Taft Ave. Pasay",MMDA Road Safety Unit,,22f14e2c-5eab-497a-bc7a-36b92fb44ad5,2015-03-23,23:50:00,EDSA F. B. Harrison St. Pasay,0,0,0,0,0,0,0,0,0,0,2015-03-24 7:50,Property,14.53775951,121.0007229,Side Swipe
None,EDSA,None,None,"No Accident Factor, No Collision Stated (based on Police Blotter Book), 0.0 drivers_injured, 0.0 drivers_killed, 0.0 passengers_injured, 0.0 passengers_killed, 0.0 pedestrian_injured, 0.0 pedestrian_killed, Fair (Day), EDSA Tramo Pasay",MMDA Road Safety Unit,,597a6350-c1cf-4316-ae26-a4c90ccc90aa,2015-03-23,07:45:00,"EDSA ""U"" turn slot, P. Celle St. Pasay",0,0,0,0,0,0,0,0,0,0,2015-03-23 15:45,Property,14.53790544,121.0032547,No Collision Stated
None,EDSA,None,None,"No Accident Factor, No Collision Stated (based on Police Blotter Book), 0.0 drivers_injured, 0.0 drivers_killed, 0.0 passengers_injured, 0.0 passengers_killed, 0.0 pedestrian_injured, 0.0 pedestrian_killed, Fair (Day), EDSA Taft Ave. Pasay",MMDA Road Safety Unit,,05b0b42b-a813-41ee-919d-195ed7e8c9bc,2015-03-22,05:00:00,EDSA SOGO Hotel Pasay,0,0,0,0,0,0,0,0,0,0,2015-03-22 13:00,Property,14.53775951,121.0007229,No Collision Stated
None,EDSA,None,None,"No Accident Factor, No Collision Stated (based on Police Blotter Book), 0.0 drivers_injured, 0.0 drivers_killed, 0.0 passengers_injured, 0.0 passengers_killed, 0.0 pedestrian_injured, 0.0 pedestrian_killed, Fair (Night), EDSA Macapagal Blvd. Pasay",MMDA Road Safety Unit,,00b9b921-d154-4408-a40e-58f29031cbca,2015-03-21,15:45:00,EDSA Macapagal Blvd. Pasay,0,0,0,0,0,0,0,0,0,0,2015-03-21 23:45,Property,14.53636061,120.9889709,No Collision Stated
None,EDSA,None,None,"No Accident Factor, Rear-end, 0.0 drivers_injured, 0.0 drivers_killed, 0.0 passengers_injured, 0.0 passengers_killed, 0.0 pedestrian_injured, 0.0 pedestrian_killed, Fair (Day), EDSA Rotonda Pasay",MMDA Road Safety Unit,,fa58561f-823d-4235-9c97-899ec9622227,2015-03-21,05:50:00,EDSA Roxas Blvd. (SB) Pasay,0,0,0,0,0,0,0,0,0,0,2015-03-21 13:50,Property,14.53744344,121.0007766,Rear-End
None,EDSA,None,None,"No Accident Factor, Multiple Collision, 0.0 drivers_injured, 0.0 drivers_killed, 2.0 passengers_injured, 0.0 passengers_killed, 0.0 pedestrian_injured, 0.0 pedestrian_killed, Fair (Day), EDSA Macapagal Blvd. Pasay",MMDA Road Safety Unit,,c11e54d0-ff7a-45c1-963c-72ddb04f88e2,2015-03-21,00:20:00,EDSA Macapagal Blvd. Pasay,0,0,0,0,2,0,0,0,0,2,2015-03-21 8:20,Injury,14.53636061,120.9889709,Multiple
None,EDSA,None,None,"No Accident Factor, Rear-end, 0.0 drivers_injured, 0.0 drivers_killed, 0.0 passengers_injured, 0.0 passengers_killed, 0.0 pedestrian_injured, 0.0 pedestrian_killed, Fair (Night), EDSA Taft Rotonda Pasay",MMDA Road Safety Unit,,be32bc01-cbd3-4f1e-858b-29e960d28484,2015-03-20,14:00:00,EDSA Macapagal Blvd. Pasay,0,0,0,0,0,0,0,0,0,0,2015-03-20 22:00,Property,14.53775951,121.0007229,Rear-End
None,EDSA,None,None,"No Accident Factor, No Collision Stated (based on Police Blotter Book), 0.0 drivers_injured, 0.0 drivers_killed, 0.0 passengers_injured, 0.0 passengers_killed, 0.0 pedestrian_injured, 0.0 pedestrian_killed, Fair (Day), EDSA Philtranco Bus Terminal Pasay",MMDA Road Safety Unit,,040da730-83bc-4112-9c80-f8df2dfdbe67,2015-03-20,07:25:00,EDSA Taft Ave. Pasay,0,0,0,0,0,0,0,0,0,0,2015-03-20 15:25,Property,14.53794104,121.0047786,No Collision Stated
None,EDSA,None,None,"No Accident Factor, No Collision Stated (based on Police Blotter Book), 0.0 drivers_injured, 0.0 drivers_killed, 0.0 passengers_injured, 0.0 passengers_killed, 0.0 pedestrian_injured, 0.0 pedestrian_killed, Fair (Day), EDSA Macapagal Blvd. Pasay",MMDA Road Safety Unit,,6cdc76ff-4fc8-42f5-ab45-f24d1c3391da,2015-03-20,07:00:00,EDSA Savemore Pasay,0,0,0,0,0,0,0,0,0,0,2015-03-20 15:00,Property,14.53636061,120.9889709,No Collision Stated
None,EDSA,None,None,"No Accident Factor, No Collision Stated (based on Police Blotter Book), 1.0 drivers_injured, 0.0 drivers_killed, 0.0 passengers_injured, 0.0 passengers_killed, 0.0 pedestrian_injured, 0.0 pedestrian_killed, Fair (Night), EDSA F. B. Harrison St. Pasay",MMDA Road Safety Unit,,c49d6ac6-3d7c-4a12-b9ea-84126826b3b5,2015-03-19,13:30:00,EDSA Taft Ave. Pasay,0,0,0,1,0,0,0,0,0,1,2015-03-19 21:30,Injury,14.5378679,120.9956516,No Collision Stated
None,EDSA,None,None,"No Accident Factor, No Collision Stated (based on Police Blotter Book), 0.0 drivers_injured, 0.0 drivers_killed, 0.0 passengers_injured, 0.0 passengers_killed, 0.0 pedestrian_injured, 0.0 pedestrian_killed, Fair (Day), EDSA ""U"" turn slot, P. Celle St. Pasay",MMDA Road Safety Unit,,22bc5989-3df1-4200-a22c-cb7cb37658c1,2015-03-19,09:30:00,EDSA Mahal Kita Inn Pasay,0,0,0,0,0,0,0,0,0,0,2015-03-19 17:30,Property,14.53777151,120.9974946,No Collision Stated
None,EDSA,None,None,"No Accident Factor, No Collision Stated (based on Police Blotter Book), 0.0 drivers_injured, 0.0 drivers_killed, 0.0 passengers_injured, 0.0 passengers_killed, 0.0 pedestrian_injured, 0.0 pedestrian_killed, Fair (Day), EDSA SOGO Hotel Pasay",MMDA Road Safety Unit,,9d66efbb-6800-49e9-934c-bc900ebe47e1,2015-03-19,08:30:00,"EDSA ""U"" turn slot, Toyota Manila Bay Pasay",0,0,0,0,0,0,0,0,0,0,2015-03-19 16:30,Property,14.53748037,121.0009959,No Collision Stated
None,EDSA,None,None,"No Accident Factor, No Collision Stated (based on Police Blotter Book), 0.0 drivers_injured, 0.0 drivers_killed, 0.0 passengers_injured, 0.0 passengers_killed, 0.0 pedestrian_injured, 0.0 pedestrian_killed, Fair (Day), EDSA Macapagal Blvd. Pasay",MMDA Road Safety Unit,,e7d816a6-18ab-48bd-be4a-0f680dfa4b01,2015-03-19,07:10:00,EDSA Taft Ave. Pasay,0,0,0,0,0,0,0,0,0,0,2015-03-19 15:10,Property,14.53636061,120.9889709,No Collision Stated
None,EDSA,None,None,"No Accident Factor, Side Swipe, 0.0 drivers_injured, 0.0 drivers_killed, 0.0 passengers_injured, 0.0 passengers_killed, 0.0 pedestrian_injured, 0.0 pedestrian_killed, Fair (Day), EDSA Roxas Blvd. (SB) Pasay",MMDA Road Safety Unit,,32fc41b4-c156-421f-a28d-75094f29968c,2015-03-18,04:30:00,EDSA Taft Ave. Pasay,0,0,0,0,0,0,0,0,0,0,2015-03-18 12:30,Property,14.53725136,120.9928775,Side Swipe
None,EDSA,None,None,"No Accident Factor, No Collision Stated (based on Police Blotter Book), 0.0 drivers_injured, 0.0 drivers_killed, 0.0 passengers_injured, 0.0 passengers_killed, 0.0 pedestrian_injured, 0.0 pedestrian_killed, Fair (Night), EDSA Macapagal Blvd. Pasay",MMDA Road Safety Unit,,f5714693-7c29-4754-845b-77a1240988bc,2015-03-16,12:05:00,EDSA Taft Ave. Pasay,0,0,0,0,0,0,0,0,0,0,2015-03-16 20:05,Property,14.53636061,120.9889709,No Collision Stated
None,EDSA,None,None,"No Accident Factor, Rear-end, 0.0 drivers_injured, 0.0 drivers_killed, 0.0 passengers_injured, 0.0 passengers_killed, 0.0 pedestrian_injured, 0.0 pedestrian_killed, Fair (Night), EDSA Macapagal Blvd. Pasay",MMDA Road Safety Unit,,9f998cfd-caac-498d-afbd-23f657c0ece3,2015-03-16,11:30:00,EDSA E. Rodriguez St. Pasay,0,0,0,0,0,0,0,0,0,0,2015-03-16 19:30,Property,14.53636061,120.9889709,Rear-End
None,EDSA,None,None,"No Accident Factor, No Collision Stated (based on Police Blotter Book), 0.0 drivers_injured, 0.0 drivers_killed, 1.0 passengers_injured, 0.0 passengers_killed, 0.0 pedestrian_injured, 0.0 pedestrian_killed, Fair (Day), EDSA Taft Ave. Pasay",MMDA Road Safety Unit,,eec982c4-2c8b-4b8b-a0fa-86c5eac6b702,2015-03-16,01:30:00,EDSA Macapagal Blvd. Pasay,0,0,0,0,1,0,0,0,0,1,2015-03-16 9:30,Injury,14.53775951,121.0007229,No Collision Stated
None,EDSA,None,None,"No Accident Factor, No Collision Stated (based on Police Blotter Book), 0.0 drivers_injured, 0.0 drivers_killed, 0.0 passengers_injured, 0.0 passengers_killed, 0.0 pedestrian_injured, 0.0 pedestrian_killed, Fair (Night), EDSA Savemore Pasay",MMDA Road Safety Unit,,6952a945-dfb1-4eb2-906a-3479f0f7df9f,2015-03-15,12:30:00,EDSA Savemore Pasay,0,0,0,0,0,0,0,0,0,0,2015-03-15 20:30,Property,14.53773852,120.9993152,No Collision Stated
None,EDSA,None,None,"No Accident Factor, No Collision Stated (based on Police Blotter Book), 0.0 drivers_injured, 0.0 drivers_killed, 0.0 passengers_injured, 0.0 passengers_killed, 0.0 pedestrian_injured, 0.0 pedestrian_killed, Fair (Day), EDSA Taft Ave. Pasay",MMDA Road Safety Unit,,1caeb4f0-aa5d-4e80-88e7-404573242e79,2015-03-14,04:30:00,EDSA Apelo Cruz St. Pasay,0,0,0,0,0,0,0,0,0,0,2015-03-14 12:30,Property,14.53775951,121.0007229,No Collision Stated
None,EDSA,None,None,"No Accident Factor, Hit and Run (No Collision Stated), 0.0 drivers_injured, 0.0 drivers_killed, 0.0 passengers_injured, 0.0 passengers_killed, 0.0 pedestrian_injured, 0.0 pedestrian_killed, Fair (Day), EDSA Mahal Kita Inn Pasay",MMDA Road Safety Unit,,a62274c9-c806-4cf7-b702-f62e831dd99b,2015-03-14,04:30:00,EDSA Roxas Blvd. Pasay,0,0,0,0,0,0,0,0,0,0,2015-03-14 12:30,Property,14.53743819,120.9997641,No Collision Stated
None,EDSA,None,None,"No Accident Factor, No Collision Stated (based on Police Blotter Book), 0.0 drivers_injured, 0.0 drivers_killed, 0.0 passengers_injured, 0.0 passengers_killed, 0.0 pedestrian_injured, 0.0 pedestrian_killed, Fair (Day), EDSA ""U"" turn slot, Toyota Manila Bay Pasay",MMDA Road Safety Unit,,eb2fdb24-9479-4bee-b354-3ea979bdfad6,2015-03-14,04:15:00,EDSA Taft Ave. Pasay,0,0,0,0,0,0,0,0,0,0,2015-03-14 12:15,Property,14.5367494,120.9910905,No Collision Stated
None,EDSA,None,None,"No Accident Factor, Side Swipe, 0.0 drivers_injured, 0.0 drivers_killed, 0.0 passengers_injured, 0.0 passengers_killed, 0.0 pedestrian_injured, 0.0 pedestrian_killed, Fair (Night), EDSA Taft Ave. Pasay",MMDA Road Safety Unit,,ec794142-c596-47f3-902b-2bf95a6455a5,2015-03-13,14:15:00,EDSA Macapagal Blvd. Pasay,0,0,0,0,0,0,0,0,0,0,2015-03-13 22:15,Property,14.53775951,121.0007229,Side Swipe
None,EDSA,None,None,"No Accident Factor, Side Swipe, 0.0 drivers_injured, 0.0 drivers_killed, 0.0 passengers_injured, 0.0 passengers_killed, 0.0 pedestrian_injured, 0.0 pedestrian_killed, Fair (Day), EDSA Taft Ave. Pasay",MMDA Road Safety Unit,,ceb6c908-f1c4-4cfa-9e06-129a3a57ecc2,2015-03-12,23:35:00,EDSA Taft Ave. Pasay,0,0,0,0,0,0,0,0,0,0,2015-03-13 7:35,Property,14.53775951,121.0007229,Side Swipe
None,EDSA,None,None,"No Accident Factor, No Collision Stated (based on Police Blotter Book), 0.0 drivers_injured, 0.0 drivers_killed, 0.0 passengers_injured, 0.0 passengers_killed, 0.0 pedestrian_injured, 0.0 pedestrian_killed, Fair (Day), EDSA Taft Ave. Pasay",MMDA Road Safety Unit,,3c42d9ad-917c-4e71-bb9b-041ec5e4c72a,2015-03-12,23:30:00,"EDSA ""U"" turn slot, Heritage Hotel Pasay",0,0,0,0,0,0,0,0,0,0,2015-03-13 7:30,Property,14.53775951,121.0007229,No Collision Stated
None,EDSA,None,None,"No Accident Factor, No Collision Stated (based on Police Blotter Book), 0.0 drivers_injured, 0.0 drivers_killed, 0.0 passengers_injured, 0.0 passengers_killed, 0.0 pedestrian_injured, 0.0 pedestrian_killed, Fair (Day), EDSA E. Rodriguez St. Pasay",MMDA Road Safety Unit,,23a8f4a9-7ada-45f4-aed9-9cd2b8bb01d1,2015-03-12,04:20:00,EDSA Macapagal Blvd. Pasay,0,0,0,0,0,0,0,0,0,0,2015-03-12 12:20,Property,14.53836867,121.0085613,No Collision Stated
None,EDSA,None,None,"No Accident Factor, No Collision Stated (based on Police Blotter Book), 0.0 drivers_injured, 0.0 drivers_killed, 0.0 passengers_injured, 0.0 passengers_killed, 0.0 pedestrian_injured, 0.0 pedestrian_killed, Fair (Day), EDSA Macapagal Blvd. Pasay",MMDA Road Safety Unit,,c72585d1-68b2-4e69-8b28-95f575398504,2015-03-10,04:15:00,EDSA Macapagal Blvd. Pasay,0,0,0,0,0,0,0,0,0,0,2015-03-10 12:15,Property,14.53636061,120.9889709,No Collision Stated
None,EDSA,None,None,"No Accident Factor, Hit and Run (No Collision Stated), 0.0 drivers_injured, 0.0 drivers_killed, 0.0 passengers_injured, 0.0 passengers_killed, 0.0 pedestrian_injured, 0.0 pedestrian_killed, Fair (Day), EDSA Savemore Pasay",MMDA Road Safety Unit,,7f94aca3-cb10-43de-89eb-cf4ee0e85cd3,2015-03-07,23:40:00,EDSA Giselle Park Driveway Pasay,0,0,0,0,0,0,0,0,0,0,2015-03-08 7:40,Property,14.53773852,120.9993152,No Collision Stated
None,EDSA,None,None,"No Accident Factor, Rear-end, 0.0 drivers_injured, 0.0 drivers_killed, 0.0 passengers_injured, 0.0 passengers_killed, 0.0 pedestrian_injured, 0.0 pedestrian_killed, Fair (Night), EDSA Apelo Cruz St. Pasay",MMDA Road Safety Unit,,e044a83f-ba3a-42e1-884f-8fd5b1d18b7a,2015-03-07,21:00:00,EDSA J. W. Diokno Blvd. Pasay,0,0,0,0,0,0,0,0,0,0,2015-03-08 5:00,Property,14.53789637,121.0046152,Rear-End
None,EDSA,None,None,"No Accident Factor, Side Swipe, 0.0 drivers_injured, 0.0 drivers_killed, 0.0 passengers_injured, 0.0 passengers_killed, 0.0 pedestrian_injured, 0.0 pedestrian_killed, Fair (Day), EDSA Roxas Blvd. Pasay",MMDA Road Safety Unit,,8e0616bc-a815-4dde-a644-cf53eddf1d5e,2015-03-06,22:00:00,EDSA E. Rodriguez St. Pasay,0,0,0,0,0,0,0,0,0,0,2015-03-07 6:00,Property,14.53725136,120.9928775,Side Swipe
None,EDSA,None,None,"No Accident Factor, Side Swipe, 0.0 drivers_injured, 0.0 drivers_killed, 0.0 passengers_injured, 0.0 passengers_killed, 0.0 pedestrian_injured, 0.0 pedestrian_killed, Fair (Day), EDSA Taft Ave. Pasay",MMDA Road Safety Unit,,9c4d9f96-21c0-491a-8aca-ff83172066fa,2015-03-05,00:10:00,EDSA Roxas Blvd. Pasay,0,0,0,0,0,0,0,0,0,0,2015-03-05 8:10,Property,14.53775951,121.0007229,Side Swipe
None,EDSA,None,None,"No Accident Factor, No Collision Stated (based on Police Blotter Book), 0.0 drivers_injured, 0.0 drivers_killed, 0.0 passengers_injured, 0.0 passengers_killed, 0.0 pedestrian_injured, 0.0 pedestrian_killed, Fair (Day), EDSA Macapagal Blvd. Pasay",MMDA Road Safety Unit,,c4464fc7-c2e1-4965-a7e8-751ddddb5fb9,2015-03-04,03:00:00,EDSA L. Wood St.  Pasay,0,0,0,0,0,0,0,0,0,0,2015-03-04 11:00,Property,14.53636061,120.9889709,No Collision Stated
None,EDSA,None,None,"No Accident Factor, No Collision Stated (based on Police Blotter Book), 0.0 drivers_injured, 0.0 drivers_killed, 0.0 passengers_injured, 0.0 passengers_killed, 0.0 pedestrian_injured, 0.0 pedestrian_killed, Fair (Night), EDSA Taft Ave. Pasay",MMDA Road Safety Unit,,9f79aae1-7f73-49a8-ab3b-b2b31289db99,2015-03-03,13:35:00,EDSA Macapagal Blvd. Pasay,0,0,0,0,0,0,0,0,0,0,2015-03-03 21:35,Property,14.53775951,121.0007229,No Collision Stated
None,EDSA,None,None,"No Accident Factor, No Collision Stated (based on Police Blotter Book), 0.0 drivers_injured, 0.0 drivers_killed, 0.0 passengers_injured, 0.0 passengers_killed, 0.0 pedestrian_injured, 0.0 pedestrian_killed, Fair (Night), EDSA ""U"" turn slot, Heritage Hotel Pasay",MMDA Road Safety Unit,,04a9ace9-7bd0-4606-a727-c0ca2b654b76,2015-03-01,14:45:00,EDSA F. B. Harrison St. Pasay,0,0,0,0,0,0,0,0,0,0,2015-03-01 22:45,Property,14.5373561,120.9938096,No Collision Stated
None,EDSA,None,None,"No Accident Factor, Rear-end, 0.0 drivers_injured, 0.0 drivers_killed, 0.0 passengers_injured, 0.0 passengers_killed, 0.0 pedestrian_injured, 0.0 pedestrian_killed, Fair (Day), EDSA Macapagal Blvd. Pasay",MMDA Road Safety Unit,,f7bf6926-4e09-4e48-bb33-2482a74c2473,2015-03-01,01:00:00,EDSA C. Jose St. Pasay,0,0,0,0,0,0,0,0,0,0,2015-03-01 9:00,Property,14.53636061,120.9889709,Rear-End
None,EDSA,None,None,"No Accident Factor, Rear-end, 2.0 drivers_injured, 0.0 drivers_killed, 0.0 passengers_injured, 0.0 passengers_killed, 0.0 pedestrian_injured, 0.0 pedestrian_killed, Fair (Day), EDSA Macapagal Blvd. Pasay",MMDA Road Safety Unit,,03b77ced-588b-48ae-8315-aed116c1263a,2015-02-28,07:00:00,EDSA Macapagal Blvd. Pasay,0,0,0,2,0,0,0,0,0,2,2015-02-28 15:00,Injury,14.53636061,120.9889709,Rear-End
None,EDSA,None,None,"No Accident Factor, Side Swipe, 0.0 drivers_injured, 0.0 drivers_killed, 0.0 passengers_injured, 0.0 passengers_killed, 0.0 pedestrian_injured, 0.0 pedestrian_killed, Fair (Day), EDSA Giselle Park Driveway Pasay",MMDA Road Safety Unit,,6bacd344-f145-42b9-9017-deb1d3d46d42,2015-02-27,22:00:00,EDSA Roxas Blvd. Pasay,0,0,0,0,0,0,0,0,0,0,2015-02-28 6:00,Property,14.53744921,121.0010655,Side Swipe
None,EDSA,None,None,"No Accident Factor, No Collision Stated (based on Police Blotter Book), 0.0 drivers_injured, 0.0 drivers_killed, 0.0 passengers_injured, 0.0 passengers_killed, 0.0 pedestrian_injured, 0.0 pedestrian_killed, Fair (Night), EDSA J. W. Diokno Blvd. Pasay",MMDA Road Safety Unit,,71052ea9-cb35-4562-96f6-c2e06c3fdccd,2015-02-27,13:30:00,EDSA Taft Ave. Pasay,0,0,0,0,0,0,0,0,0,0,2015-02-27 21:30,Property,14.53581144,120.9841895,No Collision Stated
None,EDSA,None,None,"No Accident Factor, No Collision Stated (based on Police Blotter Book), 0.0 drivers_injured, 0.0 drivers_killed, 0.0 passengers_injured, 0.0 passengers_killed, 0.0 pedestrian_injured, 0.0 pedestrian_killed, Fair (Day), EDSA E. Rodriguez St. Pasay",MMDA Road Safety Unit,,c3bfda32-a960-4748-9b06-a99aa084bfdf,2015-02-27,00:00:00,EDSA Taft Ave. Pasay,0,0,0,0,0,0,0,0,0,0,2015-02-27 8:00,Property,14.53836867,121.0085613,No Collision Stated
None,EDSA,None,None,"No Accident Factor, No Collision Stated (based on Police Blotter Book), 0.0 drivers_injured, 0.0 drivers_killed, 0.0 passengers_injured, 0.0 passengers_killed, 0.0 pedestrian_injured, 0.0 pedestrian_killed, Fair (Day), EDSA Roxas Blvd. Pasay",MMDA Road Safety Unit,,67a01891-e18b-42b3-88c1-bc159e810fb4,2015-02-26,09:00:00,EDSA Roxas Blvd. Pasay,0,0,0,0,0,0,0,0,0,0,2015-02-26 17:00,Property,14.53725136,120.9928775,No Collision Stated
None,EDSA,None,None,"No Accident Factor, Rear-end, 0.0 drivers_injured, 0.0 drivers_killed, 0.0 passengers_injured, 0.0 passengers_killed, 0.0 pedestrian_injured, 0.0 pedestrian_killed, Fair (Day), EDSA L. Wood St.  Pasay",MMDA Road Safety Unit,,297d3a25-4b34-4977-849a-3583dee92184,2015-02-26,07:35:00,EDSA Aurora Blvd. (Tramo St.) (EB) Pasay,0,0,0,0,0,0,0,0,0,0,2015-02-26 15:35,Property,14.53865152,121.0094458,Rear-End
None,EDSA,None,None,"No Accident Factor, No Collision Stated (based on Police Blotter Book), 0.0 drivers_injured, 0.0 drivers_killed, 0.0 passengers_injured, 0.0 passengers_killed, 0.0 pedestrian_injured, 0.0 pedestrian_killed, Fair (Day), EDSA Macapagal Blvd. Pasay",MMDA Road Safety Unit,,92d13187-96a7-4b38-b32a-c3220a0a7772,2015-02-26,04:30:00,"EDSA ""U"" turn slot, Heritage Hotel Pasay",0,0,0,0,0,0,0,0,0,0,2015-02-26 12:30,Property,14.53636061,120.9889709,No Collision Stated
None,EDSA,None,None,"No Accident Factor, No Collision Stated (based on Police Blotter Book), 0.0 drivers_injured, 0.0 drivers_killed, 0.0 passengers_injured, 0.0 passengers_killed, 0.0 pedestrian_injured, 0.0 pedestrian_killed, Fair (Night), EDSA F. B. Harrison St. Pasay",MMDA Road Safety Unit,,dcbf37c1-e15c-4830-8d8d-fd1ebdeeb758,2015-02-25,10:40:00,EDSA Roxas Blvd. Service Road Pasay,0,0,0,0,0,0,0,0,0,0,2015-02-25 18:40,Property,14.5378679,120.9956516,No Collision Stated
None,EDSA,None,None,"No Accident Factor, No Collision Stated (based on Police Blotter Book), 0.0 drivers_injured, 0.0 drivers_killed, 0.0 passengers_injured, 0.0 passengers_killed, 0.0 pedestrian_injured, 0.0 pedestrian_killed, Fair (Day), EDSA C. Jose St. Pasay",MMDA Road Safety Unit,,702611bc-bbf8-4152-a84f-aebe71f45853,2015-02-23,22:25:00,EDSA Roxas Blvd. Pasay,0,0,0,0,0,0,0,0,0,0,2015-02-24 6:25,Property,14.53873461,121.0107828,No Collision Stated
None,EDSA,None,None,"No Accident Factor, Rear-end, 0.0 drivers_injured, 0.0 drivers_killed, 0.0 passengers_injured, 0.0 passengers_killed, 0.0 pedestrian_injured, 0.0 pedestrian_killed, Fair (Day), EDSA Macapagal Blvd. Pasay",MMDA Road Safety Unit,,17c348b8-b5ff-4021-add6-35b1eee799ce,2015-02-23,07:45:00,EDSA F. B. Harrison St. Pasay,0,0,0,0,0,0,0,0,0,0,2015-02-23 15:45,Property,14.53636061,120.9889709,Rear-End
None,EDSA,None,None,"No Accident Factor, No Collision Stated (based on Police Blotter Book), 0.0 drivers_injured, 0.0 drivers_killed, 0.0 passengers_injured, 0.0 passengers_killed, 0.0 pedestrian_injured, 0.0 pedestrian_killed, Fair (Day), EDSA Roxas Blvd. Pasay",MMDA Road Safety Unit,,1f1be264-9036-4d0f-9603-bc5b51f131bf,2015-02-23,06:15:00,EDSA Taft Ave. Pasay,0,0,0,0,0,0,0,0,0,0,2015-02-23 14:15,Property,14.53725136,120.9928775,No Collision Stated
None,EDSA,None,None,"No Accident Factor, Hit and Run (No Collision Stated), 0.0 drivers_injured, 0.0 drivers_killed, 0.0 passengers_injured, 0.0 passengers_killed, 0.0 pedestrian_injured, 0.0 pedestrian_killed, Fair (Day), EDSA Taft Ave. Pasay",MMDA Road Safety Unit,,5c35af3f-8e39-49ea-89b9-cf8bd1ab8cd8,2015-02-23,01:15:00,EDSA Macapagal Blvd. Pasay,0,0,0,0,0,0,0,0,0,0,2015-02-23 9:15,Property,14.53775951,121.0007229,No Collision Stated
None,EDSA,None,None,"No Accident Factor, No Collision Stated (based on Police Blotter Book), 0.0 drivers_injured, 0.0 drivers_killed, 0.0 passengers_injured, 0.0 passengers_killed, 0.0 pedestrian_injured, 0.0 pedestrian_killed, Fair (Day), EDSA Taft Ave. Pasay",MMDA Road Safety Unit,,47f31100-d377-40cb-8ca3-3409ac146b43,2015-02-22,01:40:00,EDSA J. W. Diokno Blvd. (SM MoA Circle) Pasay,0,0,0,0,0,0,0,0,0,0,2015-02-22 9:40,Property,14.53775951,121.0007229,No Collision Stated
None,EDSA,None,None,"No Accident Factor, No Collision Stated (based on Police Blotter Book), 0.0 drivers_injured, 0.0 drivers_killed, 0.0 passengers_injured, 0.0 passengers_killed, 0.0 pedestrian_injured, 0.0 pedestrian_killed, Fair (Night), EDSA Roxas Blvd. Pasay",MMDA Road Safety Unit,,58b277cb-2461-468e-ac2e-2d06ff084158,2015-02-20,15:05:00,EDSA Taft Ave. Pasay,0,0,0,0,0,0,0,0,0,0,2015-02-20 23:05,Property,14.53725136,120.9928775,No Collision Stated
None,EDSA,None,None,"No Accident Factor, No Collision Stated (based on Police Blotter Book), 0.0 drivers_injured, 0.0 drivers_killed, 0.0 passengers_injured, 0.0 passengers_killed, 0.0 pedestrian_injured, 0.0 pedestrian_killed, Fair (Night), EDSA Aurora Blvd. (Tramo St.) (EB) Pasay",MMDA Road Safety Unit,,0118c473-ccd3-4eed-9f8d-7475de7c27b6,2015-02-19,20:00:00,EDSA Macapagal Blvd. Pasay,0,0,0,0,0,0,0,0,0,0,2015-02-20 4:00,Property,14.53779864,121.0033477,No Collision Stated
None,EDSA,None,None,"No Accident Factor, No Collision Stated (based on Police Blotter Book), 0.0 drivers_injured, 0.0 drivers_killed, 0.0 passengers_injured, 0.0 passengers_killed, 0.0 pedestrian_injured, 0.0 pedestrian_killed, Fair (Night), EDSA ""U"" turn slot, Heritage Hotel Pasay",MMDA Road Safety Unit,,5f3a5e6b-5d8d-47cc-98ef-0c6d963d7992,2015-02-18,13:45:00,EDSA P. Celle St.  Pasay,0,0,0,0,0,0,0,0,0,0,2015-02-18 21:45,Property,14.5373561,120.9938096,No Collision Stated