LOCATION_TEXT,ROAD,WEATHER,LIGHT,DESC,REPORTING_AGENCY,MAIN_CAUSE,INCIDENTDETAILS_ID,DATE_UTC,TIME_UTC,ADDRESS,killed_driver,killed_passenger,killed_pedestrian,injured_driver,injured_passenger,injured_pedestrian,killed_uncategorized,injured_uncategorized,killed_total,injured_total,DATETIME_PST,SEVERITY,Y,X,COLLISION_TYPE
None,EDSA,None,None,"No Accident Factor, No Collision Stated (based on Police Blotter Book), 0.0 drivers_injured, 0.0 drivers_killed, 0.0 passengers_injured, 0.0 passengers_killed, 0.0 pedestrian_injured, 0.0 pedestrian_killed, Fair (Night), EDSA Roxas Blvd. Service Road Pasay",MMDA Road Safety Unit,,cd30b7e8-285c-4756-941d-7441e20481db,2015-02-17,15:15:00,EDSA Heritage Hotel Pasay,0,0,0,0,0,0,0,0,0,0,2015-02-17 23:15,Property,14.53725136,120.9928775,No Collision Stated
None,EDSA,None,None,"No Accident Factor, No Collision Stated (based on Police Blotter Book), 0.0 drivers_injured, 0.0 drivers_killed, 0.0 passengers_injured, 0.0 passengers_killed, 0.0 pedestrian_injured, 0.0 pedestrian_killed, Fair (Night), EDSA Roxas Blvd. Pasay",MMDA Road Safety Unit,,7617a7a2-3782-4c14-b7e6-3c52850a7344,2015-02-17,13:00:00,EDSA Mitsubishi Motors Pasay,0,0,0,0,0,0,0,0,0,0,2015-02-17 21:00,Property,14.53725136,120.9928775,No Collision Stated
None,EDSA,None,None,"No Accident Factor, No Collision Stated (based on Police Blotter Book), 0.0 drivers_injured, 0.0 drivers_killed, 0.0 passengers_injured, 0.0 passengers_killed, 0.0 pedestrian_injured, 0.0 pedestrian_killed, Fair (Night), EDSA F. B. Harrison St. Pasay",MMDA Road Safety Unit,,3871f37f-e93b-4cfa-99be-95c306e22d37,2015-02-16,13:00:00,EDSA P. Celle St.  Pasay,0,0,0,0,0,0,0,0,0,0,2015-02-16 21:00,Property,14.5378679,120.9956516,No Collision Stated
None,EDSA,None,None,"No Accident Factor, No Collision Stated (based on Police Blotter Book), 0.0 drivers_injured, 0.0 drivers_killed, 3.0 passengers_injured, 0.0 passengers_killed, 0.0 pedestrian_injured, 0.0 pedestrian_killed, Fair (Day), EDSA Taft Ave. Pasay",MMDA Road Safety Unit,,c3deeba3-cce1-4957-8d22-e6bbf2607c8f,2015-02-16,04:00:00,EDSA Roxas Blvd. Pasay,0,0,0,0,3,0,0,0,0,3,2015-02-16 12:00,Injury,14.53775951,121.0007229,No Collision Stated
None,EDSA,None,None,"No Accident Factor, No Collision Stated (based on Police Blotter Book), 0.0 drivers_injured, 0.0 drivers_killed, 0.0 passengers_injured, 0.0 passengers_killed, 0.0 pedestrian_injured, 0.0 pedestrian_killed, Fair (Night), EDSA Macapagal Blvd. Pasay",MMDA Road Safety Unit,,f16ef49f-cf91-4b7a-a94a-d85c698a66f9,2015-02-14,14:40:00,EDSA F. B. Harrison St. Pasay,0,0,0,0,0,0,0,0,0,0,2015-02-14 22:40,Property,14.53636061,120.9889709,No Collision Stated
None,EDSA,None,None,"No Accident Factor, Side Swipe, 0.0 drivers_injured, 0.0 drivers_killed, 0.0 passengers_injured, 0.0 passengers_killed, 0.0 pedestrian_injured, 0.0 pedestrian_killed, Fair (Night), EDSA J. W. Diokno Blvd. (SM MoA Circle) Pasay",MMDA Road Safety Unit,,1011bf95-3c4c-4e44-b8c4-35d8fcd0f473,2015-02-14,13:30:00,EDSA Heritage Hotel Pasay,0,0,0,0,0,0,0,0,0,0,2015-02-14 21:30,Property,14.53581144,120.9841895,Side Swipe
None,EDSA,None,None,"No Accident Factor, No Collision Stated (based on Police Blotter Book), 0.0 drivers_injured, 0.0 drivers_killed, 0.0 passengers_injured, 0.0 passengers_killed, 0.0 pedestrian_injured, 0.0 pedestrian_killed, Fair (Day), EDSA Taft Ave. Pasay",MMDA Road Safety Unit,,a2012482-4f8f-425f-b847-efa4fae53490,2015-02-14,05:40:00,EDSA F. B. Harrison St. Pasay,0,0,0,0,0,0,0,0,0,0,2015-02-14 13:40,Property,14.53775951,121.0007229,No Collision Stated
None,EDSA,None,None,"No Accident Factor, No Collision Stated (based on Police Blotter Book), 0.0 drivers_injured, 0.0 drivers_killed, 0.0 passengers_injured, 0.0 passengers_killed, 0.0 pedestrian_injured, 0.0 pedestrian_killed, Fair (Day), EDSA Macapagal Blvd. Pasay",MMDA Road Safety Unit,,0eaa74f8-63b0-4ef4-ad13-de3c3094402d,2015-02-14,03:55:00,EDSA Macapagal Blvd. Pasay,0,0,0,0,0,0,0,0,0,0,2015-02-14 11:55,Property,14.53636061,120.9889709,No Collision Stated
None,EDSA,None,None,"No Accident Factor, No Collision Stated (based on Police Blotter Book), 0.0 drivers_injured, 0.0 drivers_killed, 0.0 passengers_injured, 0.0 passengers_killed, 0.0 pedestrian_injured, 0.0 pedestrian_killed, Fair (Night), EDSA P. Celle St.  Pasay",MMDA Road Safety Unit,,c932b5c0-f3da-41da-af85-36fa3e3d6f9b,2015-02-13,21:30:00,EDSA Macapagal Blvd. Pasay,0,0,0,0,0,0,0,0,0,0,2015-02-14 5:30,Property,14.53789911,120.9974276,No Collision Stated
None,EDSA,None,None,"No Accident Factor, Rear-end, 0.0 drivers_injured, 0.0 drivers_killed, 0.0 passengers_injured, 0.0 passengers_killed, 0.0 pedestrian_injured, 0.0 pedestrian_killed, Fair (Day), EDSA Heritage Hotel Pasay",MMDA Road Safety Unit,,6a8ae743-0553-4a18-ae30-a266104a4bb5,2015-02-13,04:20:00,EDSA Heritage Hotel Pasay,0,0,0,0,0,0,0,0,0,0,2015-02-13 12:20,Property,14.53721957,120.9935015,Rear-End
None,EDSA,None,None,"No Accident Factor, No Collision Stated (based on Police Blotter Book), 0.0 drivers_injured, 0.0 drivers_killed, 0.0 passengers_injured, 0.0 passengers_killed, 0.0 pedestrian_injured, 0.0 pedestrian_killed, Fair (Day), EDSA Mitsubishi Motors Pasay",MMDA Road Safety Unit,,65fe7327-0878-4bbb-b954-00793456a80a,2015-02-13,03:20:00,EDSA Heritage Hotel Pasay,0,0,0,0,0,0,0,0,0,0,2015-02-13 11:20,Property,14.53723527,120.9929516,No Collision Stated
None,EDSA,None,None,"No Accident Factor, No Collision Stated (based on Police Blotter Book), 0.0 drivers_injured, 0.0 drivers_killed, 0.0 passengers_injured, 0.0 passengers_killed, 0.0 pedestrian_injured, 0.0 pedestrian_killed, Fair (Day), EDSA P. Celle St.  Pasay",MMDA Road Safety Unit,,b4b52e2f-d647-4f44-b259-e21d612ba57c,2015-02-11,23:35:00,EDSA C. Jose St.  Pasay,0,0,0,0,0,0,0,0,0,0,2015-02-12 7:35,Property,14.53789911,120.9974276,No Collision Stated
None,EDSA,None,None,"No Accident Factor, Hit and Run (No Collision Stated), 0.0 drivers_injured, 0.0 drivers_killed, 0.0 passengers_injured, 0.0 passengers_killed, 0.0 pedestrian_injured, 0.0 pedestrian_killed, Fair (Day), EDSA Roxas Blvd. Pasay",MMDA Road Safety Unit,,6e8f891c-e590-4c11-b47e-6d7bb011732a,2015-02-11,03:30:00,EDSA Macapagal Blvd. Pasay,0,0,0,0,0,0,0,0,0,0,2015-02-11 11:30,Property,14.53725136,120.9928775,No Collision Stated
None,EDSA,None,None,"No Accident Factor, No Collision Stated (based on Police Blotter Book), 0.0 drivers_injured, 0.0 drivers_killed, 0.0 passengers_injured, 0.0 passengers_killed, 0.0 pedestrian_injured, 0.0 pedestrian_killed, Fair (Night), EDSA F. B. Harrison St. Pasay",MMDA Road Safety Unit,,6f2aefc9-bc7d-4b59-a9b0-c1e2c79df908,2015-02-09,10:30:00,EDSA Taft Ave. Pasay,0,0,0,0,0,0,0,0,0,0,2015-02-09 18:30,Property,14.5378679,120.9956516,No Collision Stated
None,EDSA,None,None,"No Accident Factor, Rear-end, 0.0 drivers_injured, 0.0 drivers_killed, 0.0 passengers_injured, 0.0 passengers_killed, 0.0 pedestrian_injured, 0.0 pedestrian_killed, Fair (Day), EDSA Heritage Hotel Pasay",MMDA Road Safety Unit,,a2c49b17-d1f3-487e-a961-cff3a69e4c1a,2015-02-09,00:30:00,EDSA Tramo St. (EB)  Pasay,0,0,0,0,0,0,0,0,0,0,2015-02-09 8:30,Property,14.53721957,120.9935015,Rear-End
None,EDSA,None,None,"No Accident Factor, Rear-end, 0.0 drivers_injured, 0.0 drivers_killed, 0.0 passengers_injured, 0.0 passengers_killed, 0.0 pedestrian_injured, 0.0 pedestrian_killed, Fair (Night), EDSA F. B. Harrison St. Pasay",MMDA Road Safety Unit,,1f1d6cd7-44c8-4662-8aaa-a691d7cb6ef9,2015-02-08,11:30:00,EDSA After Ave.  Pasay,0,0,0,0,0,0,0,0,0,0,2015-02-08 19:30,Property,14.5378679,120.9956516,Rear-End
None,EDSA,None,None,"No Accident Factor, Rear-end, 0.0 drivers_injured, 0.0 drivers_killed, 0.0 passengers_injured, 0.0 passengers_killed, 0.0 pedestrian_injured, 0.0 pedestrian_killed, Fair (Night), EDSA Macapagal Blvd. Pasay",MMDA Road Safety Unit,,2764157c-b577-4ec6-9155-a15380d6c822,2015-02-08,11:00:00,EDSA Macapagal Blvd. Pasay,0,0,0,0,0,0,0,0,0,0,2015-02-08 19:00,Property,14.53636061,120.9889709,Rear-End
None,EDSA,None,None,"No Accident Factor, Rear-end, 0.0 drivers_injured, 0.0 drivers_killed, 0.0 passengers_injured, 0.0 passengers_killed, 0.0 pedestrian_injured, 0.0 pedestrian_killed, Fair (Day), EDSA Macapagal Blvd. Pasay",MMDA Road Safety Unit,,db2c936f-fdf0-4b9a-bfd6-e2c3406a9e1c,2015-02-08,06:10:00,"EDSA ""U"" turn slot, Heritage Hotel Pasay",0,0,0,0,0,0,0,0,0,0,2015-02-08 14:10,Property,14.53636061,120.9889709,Rear-End
None,EDSA,None,None,"No Accident Factor, No Collision Stated (based on Police Blotter Book), 0.0 drivers_injured, 0.0 drivers_killed, 0.0 passengers_injured, 0.0 passengers_killed, 0.0 pedestrian_injured, 0.0 pedestrian_killed, Fair (Night), EDSA Heritage Hotel Pasay",MMDA Road Safety Unit,,3790951c-e478-4315-8c08-d14b432f6570,2015-02-07,14:15:00,EDSA Cabrera St. Pasay,0,0,0,0,0,0,0,0,0,0,2015-02-07 22:15,Property,14.53721957,120.9935015,No Collision Stated
None,EDSA,None,None,"No Accident Factor, No Collision Stated (based on Police Blotter Book), 0.0 drivers_injured, 0.0 drivers_killed, 0.0 passengers_injured, 0.0 passengers_killed, 0.0 pedestrian_injured, 0.0 pedestrian_killed, Fair (Day), EDSA Heritage Hotel Pasay",MMDA Road Safety Unit,,39bb8ab0-b371-4f4d-9495-d95b13676125,2015-02-07,02:30:00,EDSA Macapagal Blvd. Pasay,0,0,0,0,0,0,0,0,0,0,2015-02-07 10:30,Property,14.53721957,120.9935015,No Collision Stated
None,EDSA,None,None,"No Accident Factor, No Collision Stated (based on Police Blotter Book), 0.0 drivers_injured, 0.0 drivers_killed, 1.0 passengers_injured, 0.0 passengers_killed, 0.0 pedestrian_injured, 0.0 pedestrian_killed, Fair (Night), EDSA C. Jose St.  Pasay",MMDA Road Safety Unit,,c5666c13-d019-4a83-8019-a4cbbc5424d2,2015-02-04,20:00:00,EDSA Macapagal Blvd. Pasay,0,0,0,0,1,0,0,0,0,1,2015-02-05 4:00,Injury,14.53873461,121.0107828,No Collision Stated
None,EDSA,None,None,"No Accident Factor, No Collision Stated (based on Police Blotter Book), 0.0 drivers_injured, 0.0 drivers_killed, 0.0 passengers_injured, 0.0 passengers_killed, 0.0 pedestrian_injured, 0.0 pedestrian_killed, Fair (Night), EDSA Macapagal Blvd. Pasay",MMDA Road Safety Unit,,da50c0fa-ab10-4b31-b69e-b167b7fc679a,2015-02-04,13:00:00,EDSA Mahal Kita Inn  Pasay,0,0,0,0,0,0,0,0,0,0,2015-02-04 21:00,Property,14.53636061,120.9889709,No Collision Stated
None,EDSA,None,None,"No Accident Factor, No Collision Stated (based on Police Blotter Book), 0.0 drivers_injured, 0.0 drivers_killed, 0.0 passengers_injured, 0.0 passengers_killed, 0.0 pedestrian_injured, 0.0 pedestrian_killed, Fair (Day), EDSA Taft Ave. Pasay",MMDA Road Safety Unit,,1ee5c0ff-9a30-4963-b2f4-7f25b7845a09,2015-02-04,08:15:00,EDSA Taft Ave. Pasay,0,0,0,0,0,0,0,0,0,0,2015-02-04 16:15,Property,14.53775951,121.0007229,No Collision Stated
None,EDSA,None,None,"No Accident Factor, Side Swipe, 0.0 drivers_injured, 0.0 drivers_killed, 0.0 passengers_injured, 0.0 passengers_killed, 0.0 pedestrian_injured, 0.0 pedestrian_killed, Fair (Day), EDSA Tramo St. (EB)  Pasay",MMDA Road Safety Unit,,56c8b7b2-0c98-499b-b4cf-5dbe1cfc4c8b,2015-02-03,22:50:00,EDSA Savemore Pasay,0,0,0,0,0,0,0,0,0,0,2015-02-04 6:50,Property,14.53790544,121.0032547,Side Swipe
None,EDSA,None,None,"No Accident Factor, No Collision Stated (based on Police Blotter Book), 0.0 drivers_injured, 0.0 drivers_killed, 0.0 passengers_injured, 0.0 passengers_killed, 0.0 pedestrian_injured, 0.0 pedestrian_killed, Fair (Night), EDSA After Ave.  Pasay",MMDA Road Safety Unit,,39b6f493-1773-45af-bcd9-3841a7fbcc1a,2015-02-03,12:00:00,EDSA Rodriguez St. (WB) Pasay,0,0,0,0,0,0,0,0,0,0,2015-02-03 20:00,Property,14.5388766,121.0106097,No Collision Stated
None,EDSA,None,None,"No Accident Factor, No Collision Stated (based on Police Blotter Book), 0.0 drivers_injured, 0.0 drivers_killed, 0.0 passengers_injured, 0.0 passengers_killed, 0.0 pedestrian_injured, 0.0 pedestrian_killed, Fair (Day), EDSA Macapagal Blvd. Pasay",MMDA Road Safety Unit,,73e68876-0fec-4edb-b583-bb662fdd0e31,2015-02-03,03:30:00,EDSA Roxas Blvd. Pasay,0,0,0,0,0,0,0,0,0,0,2015-02-03 11:30,Property,14.53636061,120.9889709,No Collision Stated
None,EDSA,None,None,"No Accident Factor, No Collision Stated (based on Police Blotter Book), 0.0 drivers_injured, 0.0 drivers_killed, 0.0 passengers_injured, 0.0 passengers_killed, 0.0 pedestrian_injured, 0.0 pedestrian_killed, Fair (Day), EDSA ""U"" turn slot, Heritage Hotel Pasay",MMDA Road Safety Unit,,5437138d-da55-42c6-9833-e101a5968d27,2015-02-02,22:15:00,EDSA Macapagal Blvd. Pasay,0,0,0,0,0,0,0,0,0,0,2015-02-03 6:15,Property,14.5373561,120.9938096,No Collision Stated
None,EDSA,None,None,"No Accident Factor, No Collision Stated (based on Police Blotter Book), 0.0 drivers_injured, 0.0 drivers_killed, 0.0 passengers_injured, 0.0 passengers_killed, 0.0 pedestrian_injured, 0.0 pedestrian_killed, Fair (Day), EDSA Cabrera St. Pasay",MMDA Road Safety Unit,,05b7f831-25f1-4293-96da-d4a107da4520,2015-02-02,04:20:00,EDSA Roxas Blvd. (SB) Pasay,0,0,0,0,0,0,0,0,0,0,2015-02-02 12:20,Property,14.53817493,121.0048575,No Collision Stated
None,EDSA,None,None,"No Accident Factor, Multiple Collision, 0.0 drivers_injured, 0.0 drivers_killed, 0.0 passengers_injured, 0.0 passengers_killed, 0.0 pedestrian_injured, 0.0 pedestrian_killed, Fair (Night), EDSA Macapagal Blvd. Pasay",MMDA Road Safety Unit,,cc70811c-7ce3-40b7-ad21-42de605a851a,2015-02-01,15:00:00,EDSA Macapagal Blvd. Pasay,0,0,0,0,0,0,0,0,0,0,2015-02-01 23:00,Property,14.53636061,120.9889709,Multiple
None,EDSA,None,None,"No Accident Factor, No Collision Stated (based on Police Blotter Book), 0.0 drivers_injured, 0.0 drivers_killed, 0.0 passengers_injured, 0.0 passengers_killed, 0.0 pedestrian_injured, 0.0 pedestrian_killed, Fair (Day), EDSA Macapagal Blvd. Pasay",MMDA Road Safety Unit,,a872f442-8e9c-45b5-8a10-d6bbd0cb22ac,2015-01-31,23:30:00,"EDSA ""U"" turn slot, Heritage Hotel Pasay",0,0,0,0,0,0,0,0,0,0,2015-02-01 7:30,Property,14.53636061,120.9889709,No Collision Stated
None,EDSA,None,None,"No Accident Factor, No Collision Stated (based on Police Blotter Book), 0.0 drivers_injured, 0.0 drivers_killed, 0.0 passengers_injured, 0.0 passengers_killed, 0.0 pedestrian_injured, 0.0 pedestrian_killed, Fair (Night), EDSA Mahal Kita Inn  Pasay",MMDA Road Safety Unit,,b33edc52-33fa-4d5b-a556-3f6c547472ae,2015-01-31,15:30:00,EDSA Roxas Blvd. (WB) Pasay,0,0,0,0,0,0,0,0,0,0,2015-01-31 23:30,Property,14.53743819,120.9997641,No Collision Stated
None,EDSA,None,None,"No Accident Factor, Rear-end, 0.0 drivers_injured, 0.0 drivers_killed, 0.0 passengers_injured, 0.0 passengers_killed, 0.0 pedestrian_injured, 0.0 pedestrian_killed, Fair (Night), EDSA Taft Ave. Pasay",MMDA Road Safety Unit,,9ce431e2-b722-424f-9261-13f8c1397b03,2015-01-30,20:45:00,EDSA Cabrera St. Pasay,0,0,0,0,0,0,0,0,0,0,2015-01-31 4:45,Property,14.53775951,121.0007229,Rear-End
None,EDSA,None,None,"No Accident Factor, No Collision Stated (based on Police Blotter Book), 0.0 drivers_injured, 0.0 drivers_killed, 0.0 passengers_injured, 0.0 passengers_killed, 0.0 pedestrian_injured, 0.0 pedestrian_killed, Fair (Night), EDSA Savemore Pasay",MMDA Road Safety Unit,,0e697d82-aa6e-4d47-b06f-8e60e921bf25,2015-01-30,10:40:00,EDSA Aurora Blvd. Pasay,0,0,0,0,0,0,0,0,0,0,2015-01-30 18:40,Property,14.53773852,120.9993152,No Collision Stated
None,EDSA,None,None,"No Accident Factor, Rear-end, 0.0 drivers_injured, 0.0 drivers_killed, 0.0 passengers_injured, 0.0 passengers_killed, 0.0 pedestrian_injured, 0.0 pedestrian_killed, Fair (Day), EDSA Rodriguez St. (WB) Pasay",MMDA Road Safety Unit,,f44c7a50-ecc1-4ef3-91ea-2b1d37f734e9,2015-01-27,04:00:00,EDSA Heritage Hotel Pasay,0,0,0,0,0,0,0,0,0,0,2015-01-27 12:00,Property,14.53843672,121.0086475,Rear-End
None,EDSA,None,None,"No Accident Factor, Rear-end, 0.0 drivers_injured, 0.0 drivers_killed, 0.0 passengers_injured, 0.0 passengers_killed, 0.0 pedestrian_injured, 0.0 pedestrian_killed, Fair (Day), EDSA Roxas Blvd. Pasay",MMDA Road Safety Unit,,9c353f39-4f44-41c8-aea7-820b505ea040,2015-01-26,00:45:00,EDSA Tramo St.  Pasay,0,0,0,0,0,0,0,0,0,0,2015-01-26 8:45,Property,14.53725136,120.9928775,Rear-End
None,EDSA,None,None,"No Accident Factor, Rear-end, 0.0 drivers_injured, 0.0 drivers_killed, 0.0 passengers_injured, 0.0 passengers_killed, 0.0 pedestrian_injured, 0.0 pedestrian_killed, Fair (Night), EDSA Macapagal Blvd. Pasay",MMDA Road Safety Unit,,af4e5eaf-4836-410e-b695-fdd06d3904ce,2015-01-25,10:55:00,EDSA Macapagal Blvd. Pasay,0,0,0,0,0,0,0,0,0,0,2015-01-25 18:55,Property,14.53636061,120.9889709,Rear-End
None,EDSA,None,None,"No Accident Factor, Rear-end, 0.0 drivers_injured, 0.0 drivers_killed, 0.0 passengers_injured, 0.0 passengers_killed, 0.0 pedestrian_injured, 0.0 pedestrian_killed, Fair (Day), EDSA Roxas Blvd. (SB) Pasay",MMDA Road Safety Unit,,2b515c44-8323-4dbd-b21a-f66a5cfa984f,2015-01-25,08:30:00,EDSA Roxas Blvd. Pasay,0,0,0,0,0,0,0,0,0,0,2015-01-25 16:30,Property,14.53725136,120.9928775,Rear-End
None,EDSA,None,None,"No Accident Factor, Rear-end, 0.0 drivers_injured, 0.0 drivers_killed, 0.0 passengers_injured, 0.0 passengers_killed, 0.0 pedestrian_injured, 0.0 pedestrian_killed, Fair (Day), EDSA Macapagal Blvd. Pasay",MMDA Road Safety Unit,,d80b24a6-8a81-4037-85f3-c575b3a10dbb,2015-01-25,06:45:00,EDSA Taft Ave. (WB)  Pasay,0,0,0,0,0,0,0,0,0,0,2015-01-25 14:45,Property,14.53636061,120.9889709,Rear-End
None,EDSA,None,None,"No Accident Factor, No Collision Stated (based on Police Blotter Book), 0.0 drivers_injured, 0.0 drivers_killed, 0.0 passengers_injured, 0.0 passengers_killed, 0.0 pedestrian_injured, 0.0 pedestrian_killed, Fair (Day), EDSA ""U"" turn slot, Heritage Hotel Pasay",MMDA Road Safety Unit,,5bde8a42-5532-4061-bccb-95c54f68e6e9,2015-01-24,02:55:00,EDSA E. Rodriguez St.  Pasay,0,0,0,0,0,0,0,0,0,0,2015-01-24 10:55,Property,14.5373561,120.9938096,No Collision Stated
None,EDSA,None,None,"No Accident Factor, No Collision Stated (based on Police Blotter Book), 0.0 drivers_injured, 0.0 drivers_killed, 0.0 passengers_injured, 0.0 passengers_killed, 0.0 pedestrian_injured, 0.0 pedestrian_killed, Fair (Night), EDSA Roxas Blvd. (WB) Pasay",MMDA Road Safety Unit,,8765d890-0c10-4f73-bc65-7476af0c819e,2015-01-23,11:00:00,EDSA Taft Ave. Pasay,0,0,0,0,0,0,0,0,0,0,2015-01-23 19:00,Property,14.53725136,120.9928775,No Collision Stated
None,EDSA,None,None,"No Accident Factor, Side Swipe, 0.0 drivers_injured, 0.0 drivers_killed, 0.0 passengers_injured, 0.0 passengers_killed, 0.0 pedestrian_injured, 0.0 pedestrian_killed, Fair (Day), EDSA Cabrera St. Pasay",MMDA Road Safety Unit,,a0b64d2b-6a08-4225-bfa7-9cd768754319,2015-01-23,07:30:00,EDSA SM MOA Circle (WB)  Pasay,0,0,0,0,0,0,0,0,0,0,2015-01-23 15:30,Property,14.53817493,121.0048575,Side Swipe
None,EDSA,None,None,"No Accident Factor, No Collision Stated (based on Police Blotter Book), 0.0 drivers_injured, 0.0 drivers_killed, 0.0 passengers_injured, 0.0 passengers_killed, 0.0 pedestrian_injured, 0.0 pedestrian_killed, Fair (Day), EDSA Aurora Blvd. Pasay",MMDA Road Safety Unit,,3fecaea8-0e85-456a-94d3-504fc0df5710,2015-01-23,07:10:00,EDSA Taft Ave. (EB)  Pasay,0,0,0,0,0,0,0,0,0,0,2015-01-23 15:10,Property,14.53779864,121.0033477,No Collision Stated
None,EDSA,None,None,"No Accident Factor, No Collision Stated (based on Police Blotter Book), 0.0 drivers_injured, 0.0 drivers_killed, 0.0 passengers_injured, 0.0 passengers_killed, 0.0 pedestrian_injured, 0.0 pedestrian_killed, Fair (Night), EDSA Heritage Hotel Pasay",MMDA Road Safety Unit,,ae7b6078-3a85-47f6-8dbd-486e1662d18a,2015-01-22,10:15:00,EDSA Tramo St.  Pasay,0,0,0,0,0,0,0,0,0,0,2015-01-22 18:15,Property,14.53721957,120.9935015,No Collision Stated
None,EDSA,None,None,"No Accident Factor, No Collision Stated (based on Police Blotter Book), 0.0 drivers_injured, 0.0 drivers_killed, 0.0 passengers_injured, 0.0 passengers_killed, 0.0 pedestrian_injured, 0.0 pedestrian_killed, Fair (Day), EDSA Tramo St.  Pasay",MMDA Road Safety Unit,,9b1ca745-dc7b-46c0-b97d-64bcc16a79df,2015-01-22,07:40:00,EDSA Macapagal Blvd. Pasay,0,0,0,0,0,0,0,0,0,0,2015-01-22 15:40,Property,14.53790544,121.0032547,No Collision Stated
None,EDSA,None,None,"No Accident Factor, No Collision Stated (based on Police Blotter Book), 0.0 drivers_injured, 0.0 drivers_killed, 0.0 passengers_injured, 0.0 passengers_killed, 0.0 pedestrian_injured, 0.0 pedestrian_killed, Fair (Night), EDSA Macapagal Blvd. Pasay",MMDA Road Safety Unit,,063fb97a-c06a-472f-9329-3bccd025c71f,2015-01-21,15:35:00,EDSA Savemore Pasay,0,0,0,0,0,0,0,0,0,0,2015-01-21 23:35,Property,14.53636061,120.9889709,No Collision Stated
None,EDSA,None,None,"No Accident Factor, No Collision Stated (based on Police Blotter Book), 0.0 drivers_injured, 0.0 drivers_killed, 0.0 passengers_injured, 0.0 passengers_killed, 0.0 pedestrian_injured, 0.0 pedestrian_killed, Fair (Night), EDSA Roxas Blvd. Pasay",MMDA Road Safety Unit,,c1ea556a-81ba-422c-ba59-229b217f647a,2015-01-21,13:30:00,EDSA Heritage Hotel Pasay,0,0,0,0,0,0,0,0,0,0,2015-01-21 21:30,Property,14.53725136,120.9928775,No Collision Stated
None,EDSA,None,None,"No Accident Factor, No Collision Stated (based on Police Blotter Book), 0.0 drivers_injured, 0.0 drivers_killed, 0.0 passengers_injured, 0.0 passengers_killed, 0.0 pedestrian_injured, 0.0 pedestrian_killed, Fair (Day), EDSA Taft Ave. (WB)  Pasay",MMDA Road Safety Unit,,a80a22c4-0352-4842-9e25-5f56bfce81a7,2015-01-21,09:00:00,EDSA F. B. Harrison St. (WB) Pasay,0,0,0,0,0,0,0,0,0,0,2015-01-21 17:00,Property,14.53775951,121.0007229,No Collision Stated
None,EDSA,None,None,"No Accident Factor, Rear-end, 0.0 drivers_injured, 0.0 drivers_killed, 0.0 passengers_injured, 0.0 passengers_killed, 0.0 pedestrian_injured, 0.0 pedestrian_killed, Fair (Day), EDSA E. Rodriguez St.  Pasay",MMDA Road Safety Unit,,f4fcbbb5-8e93-45b8-a828-7d5602a1aae7,2015-01-21,07:00:00,EDSA Macapagal Blvd. Pasay,0,0,0,0,0,0,0,0,0,0,2015-01-21 15:00,Property,14.53836867,121.0085613,Rear-End
None,EDSA,None,None,"No Accident Factor, No Collision Stated (based on Police Blotter Book), 0.0 drivers_injured, 0.0 drivers_killed, 0.0 passengers_injured, 0.0 passengers_killed, 0.0 pedestrian_injured, 0.0 pedestrian_killed, Fair (Day), EDSA Taft Ave. Pasay",MMDA Road Safety Unit,,96345438-b836-429f-9fbc-f52bb7f786c6,2015-01-20,23:30:00,EDSA Roxas Blvd. Pasay,0,0,0,0,0,0,0,0,0,0,2015-01-21 7:30,Property,14.53775951,121.0007229,No Collision Stated
None,EDSA,None,None,"No Accident Factor, No Collision Stated (based on Police Blotter Book), 0.0 drivers_injured, 0.0 drivers_killed, 0.0 passengers_injured, 0.0 passengers_killed, 0.0 pedestrian_injured, 0.0 pedestrian_killed, Fair (Night), EDSA SM MOA Circle (WB)  Pasay",MMDA Road Safety Unit,,5ebe8192-592d-4c80-b37e-34176f76f1dc,2015-01-20,11:50:00,EDSA Roxas Blvd. Pasay,0,0,0,0,0,0,0,0,0,0,2015-01-20 19:50,Property,14.53556259,120.9848215,No Collision Stated
None,EDSA,None,None,"No Accident Factor, No Collision Stated (based on Police Blotter Book), 0.0 drivers_injured, 0.0 drivers_killed, 0.0 passengers_injured, 0.0 passengers_killed, 0.0 pedestrian_injured, 0.0 pedestrian_killed, Fair (Night), EDSA Taft Ave. (EB)  Pasay",MMDA Road Safety Unit,,baaa3a4b-cf0c-4c69-b341-6b39da45e9f5,2015-01-19,14:30:00,EDSA Macapagal Blvd. Pasay,0,0,0,0,0,0,0,0,0,0,2015-01-19 22:30,Property,14.53775951,121.0007229,No Collision Stated
None,EDSA,None,None,"No Accident Factor, No Collision Stated (based on Police Blotter Book), 0.0 drivers_injured, 0.0 drivers_killed, 0.0 passengers_injured, 0.0 passengers_killed, 0.0 pedestrian_injured, 0.0 pedestrian_killed, Fair (Day), EDSA Tramo St.  Pasay",MMDA Road Safety Unit,,7bcf1664-fc78-4a76-a652-4d91e047eca3,2015-01-19,02:40:00,EDSA Heritage Hotel Pasay,0,0,0,0,0,0,0,0,0,0,2015-01-19 10:40,Property,14.53790544,121.0032547,No Collision Stated