LOCATION_TEXT,ROAD,WEATHER,LIGHT,DESC,REPORTING_AGENCY,MAIN_CAUSE,INCIDENTDETAILS_ID,DATE_UTC,TIME_UTC,ADDRESS,killed_driver,killed_passenger,killed_pedestrian,injured_driver,injured_passenger,injured_pedestrian,killed_uncategorized,injured_uncategorized,killed_total,injured_total,DATETIME_PST,SEVERITY,Y,X,COLLISION_TYPE
None,EDSA,None,None,"No Accident Factor, No Collision Stated (based on Police Blotter Book), 0.0 drivers_injured, 0.0 drivers_killed, 0.0 passengers_injured, 0.0 passengers_killed, 0.0 pedestrian_injured, 0.0 pedestrian_killed, Fair (Day), EDSA Macapagal Blvd. Pasay",MMDA Road Safety Unit,,dcabfa16-d05f-401e-bc55-d4dacbd1b761,2015-01-19,01:05:00,EDSA Taft Ave. (EB)  Pasay,0,0,0,0,0,0,0,0,0,0,2015-01-19 9:05,Property,14.53636061,120.9889709,No Collision Stated
None,EDSA,None,None,"No Accident Factor, No Collision Stated (based on Police Blotter Book), 0.0 drivers_injured, 0.0 drivers_killed, 0.0 passengers_injured, 0.0 passengers_killed, 0.0 pedestrian_injured, 0.0 pedestrian_killed, Fair (Day), EDSA Savemore Pasay",MMDA Road Safety Unit,,01244b02-a3d4-4e43-a529-7f6ccd2378ad,2015-01-15,22:45:00,EDSA Macapagal Blvd. Pasay,0,0,0,0,0,0,0,0,0,0,2015-01-16 6:45,Property,14.53773852,120.9993152,No Collision Stated
None,EDSA,None,None,"No Accident Factor, No Collision Stated (based on Police Blotter Book), 1.0 drivers_injured, 0.0 drivers_killed, 1.0 passengers_injured, 0.0 passengers_killed, 0.0 pedestrian_injured, 0.0 pedestrian_killed, Fair (Day), EDSA Heritage Hotel Pasay",MMDA Road Safety Unit,,ccfcd016-0e09-4d11-91b2-85d8d8334004,2015-01-15,00:50:00,EDSA P. Celle St. (WB)  Pasay,0,0,0,1,1,0,0,0,0,2,2015-01-15 8:50,Injury,14.53721957,120.9935015,No Collision Stated
None,EDSA,None,None,"No Accident Factor, No Collision Stated (based on Police Blotter Book), 0.0 drivers_injured, 0.0 drivers_killed, 0.0 passengers_injured, 0.0 passengers_killed, 0.0 pedestrian_injured, 0.0 pedestrian_killed, Fair (Day), EDSA F. B. Harrison St. (WB) Pasay",MMDA Road Safety Unit,,20a1c501-6ee5-46e1-9455-1ddaece10610,2015-01-14,09:10:00,EDSA Tramo St.  Pasay,0,0,0,0,0,0,0,0,0,0,2015-01-14 17:10,Property,14.5378679,120.9956516,No Collision Stated
None,EDSA,None,None,"No Accident Factor, Rear-end, 0.0 drivers_injured, 0.0 drivers_killed, 0.0 passengers_injured, 0.0 passengers_killed, 0.0 pedestrian_injured, 0.0 pedestrian_killed, Fair (Day), EDSA Macapagal Blvd. Pasay",MMDA Road Safety Unit,,0b2c55c1-99d6-4135-ad31-66857c1518f6,2015-01-14,03:00:00,EDSA Macapagal Blvd. Pasay,0,0,0,0,0,0,0,0,0,0,2015-01-14 11:00,Property,14.53636061,120.9889709,Rear-End
None,EDSA,None,None,"No Accident Factor, No Collision Stated (based on Police Blotter Book), 0.0 drivers_injured, 0.0 drivers_killed, 0.0 passengers_injured, 0.0 passengers_killed, 0.0 pedestrian_injured, 0.0 pedestrian_killed, Fair (Day), EDSA Roxas Blvd. Pasay",MMDA Road Safety Unit,,d31c00b8-75e0-4546-a359-d1700be9e526,2015-01-13,09:00:00,EDSA Taft Ave. Pasay,0,0,0,0,0,0,0,0,0,0,2015-01-13 17:00,Property,14.53725136,120.9928775,No Collision Stated
None,EDSA,None,None,"No Accident Factor, No Collision Stated (based on Police Blotter Book), 0.0 drivers_injured, 0.0 drivers_killed, 0.0 passengers_injured, 0.0 passengers_killed, 0.0 pedestrian_injured, 0.0 pedestrian_killed, Fair (Day), EDSA Roxas Blvd. Pasay",MMDA Road Safety Unit,,39746a25-9808-43bf-ae70-081cf8792e14,2015-01-13,06:50:00,EDSA Macapagal Blvd. Pasay,0,0,0,0,0,0,0,0,0,0,2015-01-13 14:50,Property,14.53725136,120.9928775,No Collision Stated
None,EDSA,None,None,"No Accident Factor, No Collision Stated (based on Police Blotter Book), 0.0 drivers_injured, 0.0 drivers_killed, 0.0 passengers_injured, 0.0 passengers_killed, 0.0 pedestrian_injured, 0.0 pedestrian_killed, Fair (Night), EDSA Macapagal Blvd. Pasay",MMDA Road Safety Unit,,7bace22f-2f02-4909-ba79-0958fc8096c1,2015-01-12,13:45:00,EDSA Macapagal Blvd. Pasay,0,0,0,0,0,0,0,0,0,0,2015-01-12 21:45,Property,14.53636061,120.9889709,No Collision Stated
None,EDSA,None,None,"No Accident Factor, No Collision Stated (based on Police Blotter Book), 0.0 drivers_injured, 0.0 drivers_killed, 0.0 passengers_injured, 0.0 passengers_killed, 0.0 pedestrian_injured, 0.0 pedestrian_killed, Fair (Day), EDSA Heritage Hotel Pasay",MMDA Road Safety Unit,,b8032b06-d0a3-46d5-9847-2521f93cb37c,2015-01-12,01:30:00,EDSA DLTB Bus Terminal  Pasay,0,0,0,0,0,0,0,0,0,0,2015-01-12 9:30,Property,14.53721957,120.9935015,No Collision Stated
None,EDSA,None,None,"No Accident Factor, No Collision Stated (based on Police Blotter Book), 0.0 drivers_injured, 0.0 drivers_killed, 0.0 passengers_injured, 0.0 passengers_killed, 0.0 pedestrian_injured, 0.0 pedestrian_killed, Fair (Day), EDSA Taft Ave. (EB)  Pasay",MMDA Road Safety Unit,,dbc4a5d9-8151-43ca-8813-c504381ad776,2015-01-12,00:50:00,EDSA Taft Avr. MRT Station  Pasay,0,0,0,0,0,0,0,0,0,0,2015-01-12 8:50,Property,14.53775951,121.0007229,No Collision Stated
None,EDSA,None,None,"No Accident Factor, No Collision Stated (based on Police Blotter Book), 0.0 drivers_injured, 0.0 drivers_killed, 0.0 passengers_injured, 0.0 passengers_killed, 0.0 pedestrian_injured, 0.0 pedestrian_killed, Fair (Day), EDSA Macapagal Blvd. Pasay",MMDA Road Safety Unit,,a722f60a-800a-4816-9ab5-d74e6156e740,2015-01-11,06:00:00,EDSA Heritage Hotel Pasay,0,0,0,0,0,0,0,0,0,0,2015-01-11 14:00,Property,14.53636061,120.9889709,No Collision Stated
None,EDSA,None,None,"No Accident Factor, No Collision Stated (based on Police Blotter Book), 1.0 drivers_injured, 0.0 drivers_killed, 0.0 passengers_injured, 0.0 passengers_killed, 0.0 pedestrian_injured, 0.0 pedestrian_killed, Fair (Day), EDSA P. Celle St. (WB)  Pasay",MMDA Road Safety Unit,,1adeafc5-583c-4343-876e-4fca8594f201,2015-01-10,09:55:00,"EDSA ""U"" turn slot, Toyota Manila Bay Pasay",0,0,0,1,0,0,0,0,0,1,2015-01-10 17:55,Injury,14.53789911,120.9974276,No Collision Stated
None,EDSA,None,None,"No Accident Factor, No Collision Stated (based on Police Blotter Book), 0.0 drivers_injured, 0.0 drivers_killed, 0.0 passengers_injured, 0.0 passengers_killed, 0.0 pedestrian_injured, 0.0 pedestrian_killed, Fair (Night), EDSA Tramo St.  Pasay",MMDA Road Safety Unit,,5c86b5cd-da6d-44ce-bd5f-35028b49cb31,2015-01-09,13:25:00,EDSA Roxas Blvd. Pasay,0,0,0,0,0,0,0,0,0,0,2015-01-09 21:25,Property,14.53790544,121.0032547,No Collision Stated
None,EDSA,None,None,"No Accident Factor, No Collision Stated (based on Police Blotter Book), 0.0 drivers_injured, 0.0 drivers_killed, 0.0 passengers_injured, 0.0 passengers_killed, 0.0 pedestrian_injured, 0.0 pedestrian_killed, Fair (Night), EDSA Macapagal Blvd. Pasay",MMDA Road Safety Unit,,f98bea89-af94-4e83-99e1-5f8236ac5f98,2015-01-09,13:15:00,EDSA Kabayan Hotel  Pasay,0,0,0,0,0,0,0,0,0,0,2015-01-09 21:15,Property,14.53636061,120.9889709,No Collision Stated
None,EDSA,None,None,"No Accident Factor, No Collision Stated (based on Police Blotter Book), 0.0 drivers_injured, 0.0 drivers_killed, 0.0 passengers_injured, 0.0 passengers_killed, 0.0 pedestrian_injured, 0.0 pedestrian_killed, Fair (Day), EDSA Taft Ave. Pasay",MMDA Road Safety Unit,,404e1468-b325-46e0-9cac-c3bfd07152f5,2015-01-09,07:00:00,EDSA Kabayan Hotel  Pasay,0,0,0,0,0,0,0,0,0,0,2015-01-09 15:00,Property,14.53775951,121.0007229,No Collision Stated
None,EDSA,None,None,"No Accident Factor, No Collision Stated (based on Police Blotter Book), 0.0 drivers_injured, 0.0 drivers_killed, 0.0 passengers_injured, 0.0 passengers_killed, 0.0 pedestrian_injured, 0.0 pedestrian_killed, Fair (Day), EDSA Macapagal Blvd. Pasay",MMDA Road Safety Unit,,6973ca05-3fef-4ae5-ad1d-f3d199918fc5,2015-01-09,04:45:00,"EDSA  ""U"" turn slot , Heritage Hotel  Pasay",0,0,0,0,0,0,0,0,0,0,2015-01-09 12:45,Property,14.53636061,120.9889709,No Collision Stated
None,EDSA,None,None,"No Accident Factor, No Collision Stated (based on Police Blotter Book), 0.0 drivers_injured, 0.0 drivers_killed, 0.0 passengers_injured, 0.0 passengers_killed, 0.0 pedestrian_injured, 0.0 pedestrian_killed, Fair (Night), EDSA Macapagal Blvd. Pasay",MMDA Road Safety Unit,,8aa0a6b5-f14d-4f8c-897a-e7bbfb189825,2015-01-08,21:20:00,EDSA Taft Ave. (EB)  Pasay,0,0,0,0,0,0,0,0,0,0,2015-01-09 5:20,Property,14.53636061,120.9889709,No Collision Stated
None,EDSA,None,None,"No Accident Factor, Rear-end, 0.0 drivers_injured, 0.0 drivers_killed, 0.0 passengers_injured, 0.0 passengers_killed, 0.0 pedestrian_injured, 0.0 pedestrian_killed, Fair (Night), EDSA DLTB Bus Terminal  Pasay",MMDA Road Safety Unit,,440b57f7-0946-43ca-9d37-6e2b116296d1,2015-01-07,15:50:00,"EDSA  ""U"" turn slot , Heritage Hotel  Pasay",0,0,0,0,0,0,0,0,0,0,2015-01-07 23:50,Property,14.53774311,121.0035932,Rear-End
None,EDSA,None,None,"No Accident Factor, Hit and Run (No Collision Stated), 0.0 drivers_injured, 0.0 drivers_killed, 0.0 passengers_injured, 0.0 passengers_killed, 0.0 pedestrian_injured, 0.0 pedestrian_killed, Fair (Night), EDSA Taft Avr. MRT Station  Pasay",MMDA Road Safety Unit,,f377268b-f46b-4109-8fa1-4eebbd56ba00,2015-01-06,14:30:00,EDSA Taft Ave. LRT Station  Pasay,0,0,0,0,0,0,0,0,0,0,2015-01-06 22:30,Property,14.53775951,121.0007229,No Collision Stated
None,EDSA,None,None,"No Accident Factor, No Collision Stated (based on Police Blotter Book), 0.0 drivers_injured, 0.0 drivers_killed, 0.0 passengers_injured, 0.0 passengers_killed, 0.0 pedestrian_injured, 0.0 pedestrian_killed, Fair (Day), EDSA Heritage Hotel Pasay",MMDA Road Safety Unit,,4ea1410d-0bd4-4079-994f-40a6e8d90914,2015-01-06,00:00:00,EDSA Philtranco (EB) Pasay,0,0,0,0,0,0,0,0,0,0,2015-01-06 8:00,Property,14.53721957,120.9935015,No Collision Stated
None,EDSA,None,None,"No Accident Factor, Hit Object (No Object Stated), 0.0 drivers_injured, 0.0 drivers_killed, 0.0 passengers_injured, 0.0 passengers_killed, 0.0 pedestrian_injured, 0.0 pedestrian_killed, Fair (Night), EDSA ""U"" turn slot, Toyota Manila Bay Pasay",MMDA Road Safety Unit,,29338de7-81c8-4012-81f6-f2a2112a58b1,2015-01-05,17:35:00,EDSA P. Celle St.    Pasay,0,0,0,0,0,0,0,0,0,0,2015-01-06 1:35,Property,14.5367494,120.9910905,Hit Object
None,EDSA,None,None,"No Accident Factor, No Collision Stated (based on Police Blotter Book), 0.0 drivers_injured, 0.0 drivers_killed, 0.0 passengers_injured, 0.0 passengers_killed, 0.0 pedestrian_injured, 0.0 pedestrian_killed, Fair (Night), EDSA Roxas Blvd. Pasay",MMDA Road Safety Unit,,98098f75-a02a-4aef-975f-b4a8cc120443,2015-01-04,13:00:00,EDSA J.W. Diokno St.  Pasay,0,0,0,0,0,0,0,0,0,0,2015-01-04 21:00,Property,14.53725136,120.9928775,No Collision Stated
None,EDSA,None,None,"No Accident Factor, Side Swipe, 0.0 drivers_injured, 0.0 drivers_killed, 0.0 passengers_injured, 0.0 passengers_killed, 0.0 pedestrian_injured, 0.0 pedestrian_killed, Fair (Night), EDSA Kabayan Hotel  Pasay",MMDA Road Safety Unit,,be274cb6-8634-4462-937a-7fdc9b4a58f7,2014-12-30,12:30:00,EDSA Macapagal Blvd.  Pasay,0,0,0,0,0,0,0,0,0,0,2014-12-30 20:30,Property,14.53775829,121.0015736,Side Swipe
None,EDSA,None,None,"No Accident Factor, No Collision Stated (based on Police Blotter Book), 0.0 drivers_injured, 0.0 drivers_killed, 0.0 passengers_injured, 0.0 passengers_killed, 0.0 pedestrian_injured, 0.0 pedestrian_killed, Fair (Night), EDSA Kabayan Hotel  Pasay",MMDA Road Safety Unit,,bbff91e1-8be6-49b7-85ca-83b8be3cbdaa,2014-12-30,12:15:00,EDSA  Macapagal Blvd.  Pasay,0,0,0,0,0,0,0,0,0,0,2014-12-30 20:15,Property,14.53775829,121.0015736,No Collision Stated
None,EDSA,None,None,"No Accident Factor, Multiple Collision, 1.0 drivers_injured, 0.0 drivers_killed, 0.0 passengers_injured, 0.0 passengers_killed, 0.0 pedestrian_injured, 0.0 pedestrian_killed, Fair (Night), EDSA  ""U"" turn slot , Heritage Hotel  Pasay",MMDA Road Safety Unit,,98a76cd4-1ee1-43b8-9623-d1c36a545f1c,2014-12-28,22:30:00,EDSA Heritage Hotel  Pasay,0,0,0,1,0,0,0,0,0,1,2014-12-29 6:30,Injury,14.53736602,120.9938678,Multiple
None,EDSA,None,None,"No Accident Factor, No Collision Stated (based on Police Blotter Book), 0.0 drivers_injured, 0.0 drivers_killed, 0.0 passengers_injured, 0.0 passengers_killed, 0.0 pedestrian_injured, 0.0 pedestrian_killed, Fair (Night), EDSA Taft Ave. (EB)  Pasay",MMDA Road Safety Unit,,6f21dbe5-22bb-4af5-ba02-332705c1672e,2014-12-28,18:10:00,EDSA Cabrera St.  Pasay,0,0,0,0,0,0,0,0,0,0,2014-12-29 2:10,Property,14.53775951,121.0007229,No Collision Stated
None,EDSA,None,None,"No Accident Factor, No Collision Stated (based on Police Blotter Book), 0.0 drivers_injured, 0.0 drivers_killed, 0.0 passengers_injured, 0.0 passengers_killed, 0.0 pedestrian_injured, 0.0 pedestrian_killed, Fair (Night), EDSA  ""U"" turn slot , Heritage Hotel  Pasay",MMDA Road Safety Unit,,dac8fa02-6fcf-43c2-b36d-10e62a9877ab,2014-12-28,01:00:00,EDSA L. Wood St.  Pasay,0,0,0,0,0,0,0,0,0,0,2014-12-28 9:00,Property,14.53736602,120.9938678,No Collision Stated
None,EDSA,None,None,"No Accident Factor, No Collision Stated (based on Police Blotter Book), 0.0 drivers_injured, 0.0 drivers_killed, 0.0 passengers_injured, 0.0 passengers_killed, 0.0 pedestrian_injured, 0.0 pedestrian_killed, Fair (Night), EDSA Taft Ave. LRT Station  Pasay",MMDA Road Safety Unit,,a08d8572-7d7f-458c-bb6e-e9ec7aa62bf9,2014-12-26,04:00:00,EDSA Roxas Blvd.  Pasay,0,0,0,0,0,0,0,0,0,0,2014-12-26 12:00,Property,14.53775951,121.0007229,No Collision Stated
None,EDSA,None,None,"No Accident Factor, No Collision Stated (based on Police Blotter Book), 0.0 drivers_injured, 0.0 drivers_killed, 0.0 passengers_injured, 0.0 passengers_killed, 0.0 pedestrian_injured, 0.0 pedestrian_killed, Fair (Night), EDSA Philtranco (EB)  Pasay",MMDA Road Safety Unit,,7794159b-08c3-447c-a892-37ff6d0c6679,2014-12-26,03:00:00,EDSA Roxas Blvd.  Pasay,0,0,0,0,0,0,0,0,0,0,2014-12-26 11:00,Property,14.53794104,121.0047786,No Collision Stated
None,EDSA,None,None,"No Accident Factor, No Collision Stated (based on Police Blotter Book), 1.0 drivers_injured, 0.0 drivers_killed, 1.0 passengers_injured, 0.0 passengers_killed, 0.0 pedestrian_injured, 0.0 pedestrian_killed, Fair (Night), EDSA P. Celle St.    Pasay",MMDA Road Safety Unit,,77232a41-ffba-4d60-a546-f077a005782a,2014-12-25,18:30:00,EDSA Heritage Hotel Pasay,0,0,0,1,1,0,0,0,0,2,2014-12-26 2:30,Injury,14.53789911,120.9974276,No Collision Stated
None,EDSA,None,None,"No Accident Factor, No Collision Stated (based on Police Blotter Book), 0.0 drivers_injured, 0.0 drivers_killed, 0.0 passengers_injured, 0.0 passengers_killed, 0.0 pedestrian_injured, 0.0 pedestrian_killed, Fair (Night), EDSA J.W. Diokno St.  Pasay",MMDA Road Safety Unit,,57583bd1-6107-4713-8130-25cdce494a32,2014-12-25,08:00:00,"EDSA  ""U"" turn slot , Heritage Hotel  Pasay",0,0,0,0,0,0,0,0,0,0,2014-12-25 16:00,Property,14.53581144,120.9841895,No Collision Stated
None,EDSA,None,None,"No Accident Factor, Multiple Collision, 0.0 drivers_injured, 0.0 drivers_killed, 0.0 passengers_injured, 0.0 passengers_killed, 0.0 pedestrian_injured, 0.0 pedestrian_killed, Fair (Night), EDSA Macapagal Blvd.  Pasay",MMDA Road Safety Unit,,f59e117e-15c2-4766-afbf-7db0fcc48bbc,2014-12-24,18:00:00,EDSA Taft Ave.  Pasay,0,0,0,0,0,0,0,0,0,0,2014-12-25 2:00,Property,14.53636061,120.9889709,Multiple
None,EDSA,None,None,"No Accident Factor, Rear-end, 0.0 drivers_injured, 0.0 drivers_killed, 0.0 passengers_injured, 0.0 passengers_killed, 0.0 pedestrian_injured, 0.0 pedestrian_killed, Fair (Night), EDSA  Macapagal Blvd.  Pasay",MMDA Road Safety Unit,,0a05a6f0-4906-4f94-a528-64e9f5e44805,2014-12-24,05:40:00,EDSA  Macapagal Blvd.  Pasay,0,0,0,0,0,0,0,0,0,0,2014-12-24 13:40,Property,14.53644854,120.9889375,Rear-End
None,EDSA,None,None,"No Accident Factor, No Collision Stated (based on Police Blotter Book), 0.0 drivers_injured, 0.0 drivers_killed, 0.0 passengers_injured, 0.0 passengers_killed, 0.0 pedestrian_injured, 0.0 pedestrian_killed, Fair (Night), EDSA Heritage Hotel  Pasay",MMDA Road Safety Unit,,cac28217-78d4-49b1-8142-12de9d0aa0de,2014-12-24,05:30:00,EDSA Taft Ave.  Pasay,0,0,0,0,0,0,0,0,0,0,2014-12-24 13:30,Property,14.53721957,120.9935015,No Collision Stated
None,EDSA,None,None,"No Accident Factor, No Collision Stated (based on Police Blotter Book), 0.0 drivers_injured, 0.0 drivers_killed, 0.0 passengers_injured, 0.0 passengers_killed, 0.0 pedestrian_injured, 0.0 pedestrian_killed, Fair (Night), EDSA Cabrera St.  Pasay",MMDA Road Safety Unit,,c9b21d4f-0712-4f58-9ef3-cfbf7cb49453,2014-12-23,02:50:00,EDSA  SM MOA Circle  Pasay,0,0,0,0,0,0,0,0,0,0,2014-12-23 10:50,Property,14.53817493,121.0048575,No Collision Stated
None,EDSA,None,None,"No Accident Factor, No Collision Stated (based on Police Blotter Book), 0.0 drivers_injured, 0.0 drivers_killed, 0.0 passengers_injured, 0.0 passengers_killed, 0.0 pedestrian_injured, 0.0 pedestrian_killed, Fair (Night), EDSA L. Wood St.  Pasay",MMDA Road Safety Unit,,ca2a526d-e66a-4e02-be88-60ab810b37f9,2014-12-22,06:00:00,EDSA Heritage Hotel  Pasay,0,0,0,0,0,0,0,0,0,0,2014-12-22 14:00,Property,14.53865152,121.0094458,No Collision Stated
None,EDSA,None,None,"No Accident Factor, No Collision Stated (based on Police Blotter Book), 1.0 drivers_injured, 0.0 drivers_killed, 0.0 passengers_injured, 0.0 passengers_killed, 0.0 pedestrian_injured, 0.0 pedestrian_killed, Fair (Night), EDSA Roxas Blvd.  Pasay",MMDA Road Safety Unit,,01e5c366-fad2-4c5e-a59a-6e67ed457837,2014-12-21,12:30:00,EDSA Taft Ave. Pasay,0,0,0,1,0,0,0,0,0,1,2014-12-21 20:30,Injury,14.53725136,120.9928775,No Collision Stated
None,EDSA,None,None,"No Accident Factor, No Collision Stated (based on Police Blotter Book), 0.0 drivers_injured, 0.0 drivers_killed, 0.0 passengers_injured, 0.0 passengers_killed, 0.0 pedestrian_injured, 0.0 pedestrian_killed, Fair (Night), EDSA Roxas Blvd.  Pasay",MMDA Road Safety Unit,,bd1fc9b7-77e1-49ca-bff8-26672d6766de,2014-12-21,08:00:00,EDSA Cabrera St.    Pasay,0,0,0,0,0,0,0,0,0,0,2014-12-21 16:00,Property,14.53725136,120.9928775,No Collision Stated
None,EDSA,None,None,"No Accident Factor, No Collision Stated (based on Police Blotter Book), 0.0 drivers_injured, 0.0 drivers_killed, 0.0 passengers_injured, 0.0 passengers_killed, 0.0 pedestrian_injured, 0.0 pedestrian_killed, Fair (Night), EDSA Heritage Hotel Pasay",MMDA Road Safety Unit,,b14ba9f7-7691-47ba-95ab-0ca0e9f52e06,2014-12-20,06:20:00,EDSA Cabrera St. (WB)  Pasay,0,0,0,0,0,0,0,0,0,0,2014-12-20 14:20,Property,14.53721957,120.9935015,No Collision Stated
None,EDSA,None,None,"No Accident Factor, Side Swipe, 0.0 drivers_injured, 0.0 drivers_killed, 0.0 passengers_injured, 0.0 passengers_killed, 0.0 pedestrian_injured, 0.0 pedestrian_killed, Fair (Night), EDSA  ""U"" turn slot , Heritage Hotel  Pasay",MMDA Road Safety Unit,,a2ff4737-b059-453d-bcd9-f3c268b513a7,2014-12-19,15:30:00,"EDSA ""U"" turn slot, P. Celle St. Pasay",0,0,0,0,0,0,0,0,0,0,2014-12-19 23:30,Property,14.53736602,120.9938678,Side Swipe
None,EDSA,None,None,"No Accident Factor, No Collision Stated (based on Police Blotter Book), 0.0 drivers_injured, 0.0 drivers_killed, 0.0 passengers_injured, 0.0 passengers_killed, 0.0 pedestrian_injured, 0.0 pedestrian_killed, Fair (Night), EDSA Taft Ave.  Pasay",MMDA Road Safety Unit,,2a651c5e-709d-4732-9ec9-a997d9fea38e,2014-12-19,14:30:00,EDSA Roxas Blvd.  Pasay,0,0,0,0,0,0,0,0,0,0,2014-12-19 22:30,Property,14.53775951,121.0007229,No Collision Stated
None,EDSA,None,None,"No Accident Factor, Multiple Collision, 1.0 drivers_injured, 0.0 drivers_killed, 0.0 passengers_injured, 0.0 passengers_killed, 0.0 pedestrian_injured, 0.0 pedestrian_killed, Fair (Night), EDSA  Macapagal Blvd.  Pasay",MMDA Road Safety Unit,,c1d8f47d-8eba-4d62-86b2-24e3724062fb,2014-12-19,08:30:00,EDSA Roxas Blvd.  Pasay,0,0,0,1,0,0,0,0,0,1,2014-12-19 16:30,Injury,14.53644854,120.9889375,Multiple
None,EDSA,None,None,"No Accident Factor, No Collision Stated (based on Police Blotter Book), 0.0 drivers_injured, 0.0 drivers_killed, 0.0 passengers_injured, 0.0 passengers_killed, 0.0 pedestrian_injured, 0.0 pedestrian_killed, Fair (Night), EDSA Taft Ave.  Pasay",MMDA Road Safety Unit,,3c0260a1-78f4-49f4-9f66-d602d2fcb782,2014-12-19,01:30:00,EDSA  Roxas Blvd. (NB)  Pasay,0,0,0,0,0,0,0,0,0,0,2014-12-19 9:30,Property,14.53775951,121.0007229,No Collision Stated
None,EDSA,None,None,"No Accident Factor, No Collision Stated (based on Police Blotter Book), 0.0 drivers_injured, 0.0 drivers_killed, 0.0 passengers_injured, 0.0 passengers_killed, 0.0 pedestrian_injured, 0.0 pedestrian_killed, Fair (Night), EDSA  SM MOA Circle  Pasay",MMDA Road Safety Unit,,a0f682fe-b1e5-46dd-94f6-6529c9e53d87,2014-12-19,01:30:00,EDSA Roxas Blvd.  Pasay,0,0,0,0,0,0,0,0,0,0,2014-12-19 9:30,Property,14.53549965,120.9847849,No Collision Stated
None,EDSA,None,None,"No Accident Factor, No Collision Stated (based on Police Blotter Book), 0.0 drivers_injured, 0.0 drivers_killed, 0.0 passengers_injured, 0.0 passengers_killed, 0.0 pedestrian_injured, 0.0 pedestrian_killed, Fair (Night), EDSA Heritage Hotel  Pasay",MMDA Road Safety Unit,,3d4ee6fb-e2e9-4083-87ba-23706e35e295,2014-12-19,00:30:00,EDSA Roxas Blvd.  Pasay,0,0,0,0,0,0,0,0,0,0,2014-12-19 8:30,Property,14.53721957,120.9935015,No Collision Stated
None,EDSA,None,None,"No Accident Factor, No Collision Stated (based on Police Blotter Book), 0.0 drivers_injured, 0.0 drivers_killed, 0.0 passengers_injured, 0.0 passengers_killed, 0.0 pedestrian_injured, 0.0 pedestrian_killed, Fair (Night), EDSA Taft Ave. Pasay",MMDA Road Safety Unit,,8fedc850-f282-4569-b43f-0ec5d53f7b25,2014-12-18,23:30:00,EDSA Savemore Pasay,0,0,0,0,0,0,0,0,0,0,2014-12-19 7:30,Property,14.53775951,121.0007229,No Collision Stated
None,EDSA,None,None,"No Accident Factor, Side Swipe, 0.0 drivers_injured, 0.0 drivers_killed, 0.0 passengers_injured, 0.0 passengers_killed, 0.0 pedestrian_injured, 0.0 pedestrian_killed, Fair (Night), EDSA Cabrera St.    Pasay",MMDA Road Safety Unit,,d0fe2d9f-50c0-49d6-8721-cefe20e3cf18,2014-12-18,22:20:00,EDSA Taft Ave.  Pasay,0,0,0,0,0,0,0,0,0,0,2014-12-19 6:20,Property,14.53817493,121.0048575,Side Swipe
None,EDSA,None,None,"No Accident Factor, Rear-end, 0.0 drivers_injured, 0.0 drivers_killed, 0.0 passengers_injured, 0.0 passengers_killed, 0.0 pedestrian_injured, 0.0 pedestrian_killed, Fair (Night), EDSA Cabrera St. (WB)  Pasay",MMDA Road Safety Unit,,a98dceb7-c7e4-41df-b50f-26d5df69f1bd,2014-12-18,13:15:00,EDSA Heritage Hotel  Pasay,0,0,0,0,0,0,0,0,0,0,2014-12-18 21:15,Property,14.53817493,121.0048575,Rear-End
None,EDSA,None,None,"No Accident Factor, No Collision Stated (based on Police Blotter Book), 1.0 drivers_injured, 0.0 drivers_killed, 0.0 passengers_injured, 0.0 passengers_killed, 0.0 pedestrian_injured, 0.0 pedestrian_killed, Fair (Night), EDSA ""U"" turn slot, P. Celle St. Pasay",MMDA Road Safety Unit,,2eba5815-6d87-4615-a872-caf2f8dc4e40,2014-12-17,21:00:00,EDSA  Roxas Blvd.  Pasay,0,0,0,1,0,0,0,0,0,1,2014-12-18 5:00,Injury,14.53777151,120.9974946,No Collision Stated
None,EDSA,None,None,"No Accident Factor, No Collision Stated (based on Police Blotter Book), 0.0 drivers_injured, 0.0 drivers_killed, 0.0 passengers_injured, 0.0 passengers_killed, 0.0 pedestrian_injured, 0.0 pedestrian_killed, Fair (Night), EDSA Roxas Blvd.  Pasay",MMDA Road Safety Unit,,2092e23c-76d4-4c88-b386-b4c97d21c881,2014-12-16,12:15:00,EDSA Macapagal Blvd.  Pasay,0,0,0,0,0,0,0,0,0,0,2014-12-16 20:15,Property,14.53725136,120.9928775,No Collision Stated
None,EDSA,None,None,"No Accident Factor, Rear-end, 0.0 drivers_injured, 0.0 drivers_killed, 0.0 passengers_injured, 0.0 passengers_killed, 0.0 pedestrian_injured, 0.0 pedestrian_killed, Fair (Night), EDSA Roxas Blvd.  Pasay",MMDA Road Safety Unit,,0a03d397-943e-4180-9fe9-6b97efcab171,2014-12-16,05:00:00,EDSA  Macapagal Blvd.  Pasay,0,0,0,0,0,0,0,0,0,0,2014-12-16 13:00,Property,14.53725136,120.9928775,Rear-End