LOCATION_TEXT,ROAD,WEATHER,LIGHT,DESC,REPORTING_AGENCY,MAIN_CAUSE,INCIDENTDETAILS_ID,DATE_UTC,TIME_UTC,ADDRESS,killed_driver,killed_passenger,killed_pedestrian,injured_driver,injured_passenger,injured_pedestrian,killed_uncategorized,injured_uncategorized,killed_total,injured_total,DATETIME_PST,SEVERITY,Y,X,COLLISION_TYPE
None,EDSA,None,None,"No Accident Factor, No Collision Stated (based on Police Blotter Book), 0.0 drivers_injured, 0.0 drivers_killed, 0.0 passengers_injured, 0.0 passengers_killed, 0.0 pedestrian_injured, 0.0 pedestrian_killed, Fair (Night), EDSA  Roxas Blvd. (NB)  Pasay",MMDA Road Safety Unit,,fa0a344e-10b9-4e5d-b37d-1ee1a7094376,2014-12-16,04:35:00,EDSA Macapagal Blvd.  Pasay,0,0,0,0,0,0,0,0,0,0,2014-12-16 12:35,Property,14.53707744,120.9924007,No Collision Stated
None,EDSA,None,None,"No Accident Factor, Side Swipe, 0.0 drivers_injured, 0.0 drivers_killed, 0.0 passengers_injured, 0.0 passengers_killed, 0.0 pedestrian_injured, 0.0 pedestrian_killed, Fair (Night), EDSA Roxas Blvd.  Pasay",MMDA Road Safety Unit,,5b71e60f-90e1-4149-8844-da6e9f5872be,2014-12-16,00:40:00,"EDSA  ""U"" turn slot , Heritage Hotel  Pasay",0,0,0,0,0,0,0,0,0,0,2014-12-16 8:40,Property,14.53725136,120.9928775,Side Swipe
None,EDSA,None,None,"No Accident Factor, No Collision Stated (based on Police Blotter Book), 0.0 drivers_injured, 0.0 drivers_killed, 0.0 passengers_injured, 0.0 passengers_killed, 0.0 pedestrian_injured, 0.0 pedestrian_killed, Fair (Night), EDSA Roxas Blvd.  Pasay",MMDA Road Safety Unit,,07ee5a59-7407-4283-817f-74700eed9bef,2014-12-15,00:30:00,EDSA Roxas Blvd.  Pasay,0,0,0,0,0,0,0,0,0,0,2014-12-15 8:30,Property,14.53725136,120.9928775,No Collision Stated
None,EDSA,None,None,"No Accident Factor, No Collision Stated (based on Police Blotter Book), 0.0 drivers_injured, 0.0 drivers_killed, 0.0 passengers_injured, 0.0 passengers_killed, 0.0 pedestrian_injured, 0.0 pedestrian_killed, Fair (Night), EDSA Savemore Pasay",MMDA Road Safety Unit,,4fe56791-7f20-4e5c-b574-d1539d3b57df,2014-12-14,13:30:00,EDSA  Heritage Hotel  Pasay,0,0,0,0,0,0,0,0,0,0,2014-12-14 21:30,Property,14.53773852,120.9993152,No Collision Stated
None,EDSA,None,None,"No Accident Factor, No Collision Stated (based on Police Blotter Book), 0.0 drivers_injured, 0.0 drivers_killed, 0.0 passengers_injured, 0.0 passengers_killed, 0.0 pedestrian_injured, 0.0 pedestrian_killed, Fair (Night), EDSA Taft Ave.  Pasay",MMDA Road Safety Unit,,3940f442-c03a-4416-ae2d-50e52f9d34c6,2014-12-14,12:50:00,EDSA E. Rodriguez St.  Pasay,0,0,0,0,0,0,0,0,0,0,2014-12-14 20:50,Property,14.53775951,121.0007229,No Collision Stated
None,EDSA,None,None,"No Accident Factor, Hit and Run (No Collision Stated), 0.0 drivers_injured, 0.0 drivers_killed, 0.0 passengers_injured, 0.0 passengers_killed, 0.0 pedestrian_injured, 0.0 pedestrian_killed, Fair (Night), EDSA Heritage Hotel  Pasay",MMDA Road Safety Unit,,18868bdd-ffa3-4fd5-a3e5-247b535797a3,2014-12-13,15:30:00,EDSA  Macapagal Blvd.  Pasay,0,0,0,0,0,0,0,0,0,0,2014-12-13 23:30,Property,14.53721957,120.9935015,No Collision Stated
None,EDSA,None,None,"No Accident Factor, No Collision Stated (based on Police Blotter Book), 0.0 drivers_injured, 0.0 drivers_killed, 0.0 passengers_injured, 0.0 passengers_killed, 0.0 pedestrian_injured, 0.0 pedestrian_killed, Fair (Night), EDSA  Roxas Blvd.  Pasay",MMDA Road Safety Unit,,6ef43bc6-08fa-46da-9fd4-0b95d19763d2,2014-12-13,04:00:00,EDSA Aurora Blvd. Pasay,0,0,0,0,0,0,0,0,0,0,2014-12-13 12:00,Property,14.53707744,120.9924007,No Collision Stated
None,EDSA,None,None,"No Accident Factor, Rear-end, 0.0 drivers_injured, 0.0 drivers_killed, 0.0 passengers_injured, 0.0 passengers_killed, 0.0 pedestrian_injured, 0.0 pedestrian_killed, Fair (Night), EDSA Macapagal Blvd.  Pasay",MMDA Road Safety Unit,,8f2e8639-7763-408f-ad94-20ea61f705dc,2014-12-12,15:30:00,EDSA Heritage Hotel  Pasay,0,0,0,0,0,0,0,0,0,0,2014-12-12 23:30,Property,14.53636061,120.9889709,Rear-End
None,EDSA,None,None,"No Accident Factor, No Collision Stated (based on Police Blotter Book), 0.0 drivers_injured, 0.0 drivers_killed, 0.0 passengers_injured, 0.0 passengers_killed, 0.0 pedestrian_injured, 0.0 pedestrian_killed, Fair (Night), EDSA  Macapagal Blvd.  Pasay",MMDA Road Safety Unit,,7b663f8e-a5d0-43e7-bf32-b4e0a31db456,2014-12-12,09:20:00,EDSA  Roxas Blvd.  Pasay,0,0,0,0,0,0,0,0,0,0,2014-12-12 17:20,Property,14.53644854,120.9889375,No Collision Stated
None,EDSA,None,None,"No Accident Factor, No Collision Stated (based on Police Blotter Book), 0.0 drivers_injured, 0.0 drivers_killed, 0.0 passengers_injured, 0.0 passengers_killed, 0.0 pedestrian_injured, 0.0 pedestrian_killed, Fair (Night), EDSA Macapagal Blvd.  Pasay",MMDA Road Safety Unit,,7ecf3327-2a07-4811-b75e-18d3b0812aff,2014-12-12,06:20:00,EDSA  Roxas Blvd. (WB)  Pasay,0,0,0,0,0,0,0,0,0,0,2014-12-12 14:20,Property,14.53636061,120.9889709,No Collision Stated
None,EDSA,None,None,"No Accident Factor, No Collision Stated (based on Police Blotter Book), 0.0 drivers_injured, 0.0 drivers_killed, 0.0 passengers_injured, 0.0 passengers_killed, 0.0 pedestrian_injured, 0.0 pedestrian_killed, Fair (Night), EDSA  ""U"" turn slot , Heritage Hotel  Pasay",MMDA Road Safety Unit,,cd051662-3382-432e-8ade-fec4cc29bac7,2014-12-12,06:00:00,EDSA Roxas Blvd.  Pasay,0,0,0,0,0,0,0,0,0,0,2014-12-12 14:00,Property,14.53736602,120.9938678,No Collision Stated
None,EDSA,None,None,"No Accident Factor, No Collision Stated (based on Police Blotter Book), 0.0 drivers_injured, 0.0 drivers_killed, 0.0 passengers_injured, 0.0 passengers_killed, 0.0 pedestrian_injured, 0.0 pedestrian_killed, Fair (Night), EDSA Roxas Blvd.  Pasay",MMDA Road Safety Unit,,bbfb3066-4136-4738-bb84-d7dbf8b1e7eb,2014-12-12,05:35:00,EDSA Giselle Park  Pasay,0,0,0,0,0,0,0,0,0,0,2014-12-12 13:35,Property,14.53725136,120.9928775,No Collision Stated
None,EDSA,None,None,"No Accident Factor, No Collision Stated (based on Police Blotter Book), 0.0 drivers_injured, 0.0 drivers_killed, 0.0 passengers_injured, 0.0 passengers_killed, 0.0 pedestrian_injured, 0.0 pedestrian_killed, Fair (Night), EDSA  Heritage Hotel  Pasay",MMDA Road Safety Unit,,0124043c-4754-4c77-a608-e4c1cc006b93,2014-12-12,04:30:00,EDSA Taft Ave. Pasay,0,0,0,0,0,0,0,0,0,0,2014-12-12 12:30,Property,14.53714503,120.9931655,No Collision Stated
None,EDSA,None,None,"No Accident Factor, No Collision Stated (based on Police Blotter Book), 0.0 drivers_injured, 0.0 drivers_killed, 0.0 passengers_injured, 0.0 passengers_killed, 0.0 pedestrian_injured, 0.0 pedestrian_killed, Fair (Night), EDSA E. Rodriguez St.  Pasay",MMDA Road Safety Unit,,1445d859-0a7e-4ab9-9444-8e6d16f2acfb,2014-12-12,01:30:00,EDSA Taft Ave.  Pasay,0,0,0,0,0,0,0,0,0,0,2014-12-12 9:30,Property,14.53836867,121.0085613,No Collision Stated
None,EDSA,None,None,"No Accident Factor, No Collision Stated (based on Police Blotter Book), 0.0 drivers_injured, 0.0 drivers_killed, 0.0 passengers_injured, 0.0 passengers_killed, 0.0 pedestrian_injured, 0.0 pedestrian_killed, Fair (Night), EDSA  Macapagal Blvd.  Pasay",MMDA Road Safety Unit,,febc430a-a683-4166-80d7-5e969a66e2ab,2014-12-11,13:30:00,EDSA Aurora Blvd.  Pasay,0,0,0,0,0,0,0,0,0,0,2014-12-11 21:30,Property,14.53644854,120.9889375,No Collision Stated
None,EDSA,None,None,"No Accident Factor, No Collision Stated (based on Police Blotter Book), 0.0 drivers_injured, 0.0 drivers_killed, 0.0 passengers_injured, 0.0 passengers_killed, 0.0 pedestrian_injured, 0.0 pedestrian_killed, Fair (Night), EDSA Aurora Blvd. Pasay",MMDA Road Safety Unit,,6d738ef7-2df9-414e-ab99-de531d751286,2014-12-11,04:55:00,EDSA  Heritage Hotel (EB) Pasay,0,0,0,0,0,0,0,0,0,0,2014-12-11 12:55,Property,14.53779864,121.0033477,No Collision Stated
None,EDSA,None,None,"No Accident Factor, No Collision Stated (based on Police Blotter Book), 0.0 drivers_injured, 0.0 drivers_killed, 0.0 passengers_injured, 0.0 passengers_killed, 0.0 pedestrian_injured, 0.0 pedestrian_killed, Fair (Night), EDSA Heritage Hotel  Pasay",MMDA Road Safety Unit,,ba4a0963-e7cf-41c2-b1fd-7ff2880f7f46,2014-12-10,11:05:00,EDSA Taft Ave. Extn. (EB) Pasay,0,0,0,0,0,0,0,0,0,0,2014-12-10 19:05,Property,14.53721957,120.9935015,No Collision Stated
None,EDSA,None,None,"No Accident Factor, Side Swipe, 0.0 drivers_injured, 0.0 drivers_killed, 0.0 passengers_injured, 0.0 passengers_killed, 0.0 pedestrian_injured, 0.0 pedestrian_killed, Fair (Night), EDSA  Roxas Blvd.  Pasay",MMDA Road Safety Unit,,5627296b-53e8-4f4c-8287-ee2ee18ffba8,2014-12-10,11:00:00,EDSA Heritage Hotel (EB) Pasay,0,0,0,0,0,0,0,0,0,0,2014-12-10 19:00,Property,14.53707744,120.9924007,Side Swipe
None,EDSA,None,None,"No Accident Factor, No Collision Stated (based on Police Blotter Book), 0.0 drivers_injured, 0.0 drivers_killed, 0.0 passengers_injured, 0.0 passengers_killed, 0.0 pedestrian_injured, 0.0 pedestrian_killed, Fair (Night), EDSA  Roxas Blvd. (WB)  Pasay",MMDA Road Safety Unit,,ccc27cf3-7d16-4289-94b2-29290e884a6a,2014-12-10,04:45:00,EDSA F. B. Harrison St. (EB) Pasay,0,0,0,0,0,0,0,0,0,0,2014-12-10 12:45,Property,14.53707744,120.9924007,No Collision Stated
None,EDSA,None,None,"No Accident Factor, No Collision Stated (based on Police Blotter Book), 0.0 drivers_injured, 0.0 drivers_killed, 0.0 passengers_injured, 0.0 passengers_killed, 0.0 pedestrian_injured, 0.0 pedestrian_killed, Fair (Night), EDSA Roxas Blvd.  Pasay",MMDA Road Safety Unit,,e8c50644-1e1b-4c64-bc5d-60c26cce0ff9,2014-12-06,09:45:00,EDSA Roxas Blvd. (WB) Pasay,0,0,0,0,0,0,0,0,0,0,2014-12-06 17:45,Property,14.53725136,120.9928775,No Collision Stated
None,EDSA,None,None,"No Accident Factor, No Collision Stated (based on Police Blotter Book), 0.0 drivers_injured, 0.0 drivers_killed, 0.0 passengers_injured, 0.0 passengers_killed, 0.0 pedestrian_injured, 0.0 pedestrian_killed, Fair (Night), EDSA Giselle Park  Pasay",MMDA Road Safety Unit,,51638269-efc9-45f5-82b8-1a1378da7d5c,2014-12-05,18:00:00,EDSA Inside Victory Liner Bus Terminal Pasay,0,0,0,0,0,0,0,0,0,0,2014-12-06 2:00,Property,14.53744921,121.0010655,No Collision Stated
None,EDSA,None,None,"No Accident Factor, No Collision Stated (based on Police Blotter Book), 0.0 drivers_injured, 0.0 drivers_killed, 0.0 passengers_injured, 0.0 passengers_killed, 0.0 pedestrian_injured, 0.0 pedestrian_killed, Fair (Day), EDSA Taft Ave. Pasay",MMDA Road Safety Unit,,527ce151-3985-438e-889b-abfdb68378ec,2014-12-05,04:40:00,EDSA Taft Ave. MRT Station Pasay,0,0,0,0,0,0,0,0,0,0,2014-12-05 12:40,Property,14.53775951,121.0007229,No Collision Stated
None,EDSA,None,None,"No Accident Factor, No Collision Stated (based on Police Blotter Book), 1.0 drivers_injured, 0.0 drivers_killed, 0.0 passengers_injured, 0.0 passengers_killed, 0.0 pedestrian_injured, 0.0 pedestrian_killed, Fair (Day), EDSA Taft Ave.  Pasay",MMDA Road Safety Unit,,34789ef2-ade4-4cbf-84d9-b3da64a9bbd4,2014-12-05,00:15:00,EDSA E. Rodriguez St.  Pasay,0,0,0,1,0,0,0,0,0,1,2014-12-05 8:15,Injury,14.53775951,121.0007229,No Collision Stated
None,EDSA,None,None,"No Accident Factor, Rear-end, 0.0 drivers_injured, 0.0 drivers_killed, 0.0 passengers_injured, 0.0 passengers_killed, 0.0 pedestrian_injured, 0.0 pedestrian_killed, Fair (Night), EDSA Aurora Blvd.  Pasay",MMDA Road Safety Unit,,82151797-9707-4b01-920f-9fbdc29da3f5,2014-12-04,15:00:00,EDSA Roxas Blvd. Service Road Pasay,0,0,0,0,0,0,0,0,0,0,2014-12-04 23:00,Property,14.53767633,121.0032355,Rear-End
None,EDSA,None,None,"No Accident Factor, No Collision Stated (based on Police Blotter Book), 0.0 drivers_injured, 0.0 drivers_killed, 0.0 passengers_injured, 0.0 passengers_killed, 0.0 pedestrian_injured, 0.0 pedestrian_killed, Fair (Day), EDSA  Heritage Hotel (EB) Pasay",MMDA Road Safety Unit,,70e342b1-7ec0-47e3-bf4b-23621ef87d0b,2014-12-03,06:10:00,EDSA Taft Ave.  Pasay,0,0,0,0,0,0,0,0,0,0,2014-12-03 14:10,Property,14.53714503,120.9931655,No Collision Stated
None,EDSA,None,None,"No Accident Factor, No Collision Stated (based on Police Blotter Book), 0.0 drivers_injured, 0.0 drivers_killed, 0.0 passengers_injured, 0.0 passengers_killed, 0.0 pedestrian_injured, 0.0 pedestrian_killed, Fair (Day), EDSA Taft Ave. Extn. (EB) Pasay",MMDA Road Safety Unit,,b29543a4-951b-41d3-a800-b28379fe0f7e,2014-12-03,01:00:00,EDSA Taft Ave.  Pasay,0,0,0,0,0,0,0,0,0,0,2014-12-03 9:00,Property,14.53775951,121.0007229,No Collision Stated
None,EDSA,None,None,"No Accident Factor, Rear-end, 0.0 drivers_injured, 0.0 drivers_killed, 0.0 passengers_injured, 0.0 passengers_killed, 0.0 pedestrian_injured, 0.0 pedestrian_killed, Fair (Day), EDSA Heritage Hotel (EB) Pasay",MMDA Road Safety Unit,,0bade2e6-cbe2-40b8-acb4-8cdade828194,2014-12-02,05:30:00,"EDSA ""U"" turn slot (Heritage Hotel)  Pasay",0,0,0,0,0,0,0,0,0,0,2014-12-02 13:30,Property,14.53721957,120.9935015,Rear-End
None,EDSA,None,None,"No Accident Factor, Rear-end, 0.0 drivers_injured, 0.0 drivers_killed, 0.0 passengers_injured, 0.0 passengers_killed, 0.0 pedestrian_injured, 0.0 pedestrian_killed, Fair (Day), EDSA F. B. Harrison St. (EB) Pasay",MMDA Road Safety Unit,,4e301d52-c594-4570-a1fd-57d31ba1825b,2014-12-02,04:40:00,EDSA Roxas Blvd. Service Road (WB) Pasay,0,0,0,0,0,0,0,0,0,0,2014-12-02 12:40,Property,14.5378679,120.9956516,Rear-End
None,EDSA,None,None,"No Accident Factor, No Collision Stated (based on Police Blotter Book), 0.0 drivers_injured, 0.0 drivers_killed, 0.0 passengers_injured, 0.0 passengers_killed, 0.0 pedestrian_injured, 0.0 pedestrian_killed, Fair (Day), EDSA Roxas Blvd. (WB) Pasay",MMDA Road Safety Unit,,2e6dffcb-a0d3-4560-9aee-bc543395784e,2014-11-30,23:50:00,EDSA Roxas Blvd.  Pasay,0,0,0,0,0,0,0,0,0,0,2014-12-01 7:50,Property,14.53725136,120.9928775,No Collision Stated
None,EDSA,None,None,"No Accident Factor, No Collision Stated (based on Police Blotter Book), 0.0 drivers_injured, 0.0 drivers_killed, 0.0 passengers_injured, 0.0 passengers_killed, 0.0 pedestrian_injured, 0.0 pedestrian_killed, Fair (Night), EDSA Inside Victory Liner Bus Terminal  Pasay",MMDA Road Safety Unit,,679bdaab-c9e5-4170-8d3d-fdd4d51eb0a8,2014-11-30,15:30:00,EDSA Taft Ave.  Pasay,0,0,0,0,0,0,0,0,0,0,2014-11-30 23:30,Property,14.53837135,121.006595,No Collision Stated
None,EDSA,None,None,"No Accident Factor, No Collision Stated (based on Police Blotter Book), 0.0 drivers_injured, 0.0 drivers_killed, 0.0 passengers_injured, 0.0 passengers_killed, 0.0 pedestrian_injured, 0.0 pedestrian_killed, Fair (Day), EDSA Taft Ave. MRT Station Pasay",MMDA Road Safety Unit,,36239274-ca00-4528-9196-d85244140783,2014-11-30,05:50:00,"EDSA P. Celle St. ""U"" turn slot  Pasay",0,0,0,0,0,0,0,0,0,0,2014-11-30 13:50,Property,14.53775951,121.0007229,No Collision Stated
None,EDSA,None,None,"No Accident Factor, No Collision Stated (based on Police Blotter Book), 0.0 drivers_injured, 0.0 drivers_killed, 0.0 passengers_injured, 0.0 passengers_killed, 0.0 pedestrian_injured, 0.0 pedestrian_killed, Fair (Day), EDSA E. Rodriguez St.  Pasay",MMDA Road Safety Unit,,19213b7c-8616-452a-8c34-894eab14ce00,2014-11-30,01:15:00,EDSA F.B. Harrison St.  Pasay,0,0,0,0,0,0,0,0,0,0,2014-11-30 9:15,Property,14.53836867,121.0085613,No Collision Stated
None,EDSA,None,None,"No Accident Factor, No Collision Stated (based on Police Blotter Book), 0.0 drivers_injured, 0.0 drivers_killed, 0.0 passengers_injured, 0.0 passengers_killed, 0.0 pedestrian_injured, 0.0 pedestrian_killed, Fair (Night), EDSA Roxas Blvd. Service Road Pasay",MMDA Road Safety Unit,,add0aa66-c427-4697-b1cd-1d1c5f6621fb,2014-11-29,13:00:00,EDSA F.B. Harrison St.  Pasay,0,0,0,0,0,0,0,0,0,0,2014-11-29 21:00,Property,14.53725136,120.9928775,No Collision Stated
None,EDSA,None,None,"No Accident Factor, No Collision Stated (based on Police Blotter Book), 0.0 drivers_injured, 0.0 drivers_killed, 0.0 passengers_injured, 0.0 passengers_killed, 0.0 pedestrian_injured, 0.0 pedestrian_killed, Fair (Day), EDSA Taft Ave.  Pasay",MMDA Road Safety Unit,,4333068d-42d7-48f3-9391-68c9e94247b0,2014-11-29,07:30:00,EDSA Taft Ave.  Pasay,0,0,0,0,0,0,0,0,0,0,2014-11-29 15:30,Property,14.53775951,121.0007229,No Collision Stated
None,EDSA,None,None,"No Accident Factor, Side Swipe, 0.0 drivers_injured, 0.0 drivers_killed, 0.0 passengers_injured, 0.0 passengers_killed, 0.0 pedestrian_injured, 0.0 pedestrian_killed, Fair (Day), EDSA Taft Ave.  Pasay",MMDA Road Safety Unit,,3ac469ad-05a8-4893-9ffa-5fb98685e698,2014-11-29,04:05:00,EDSA Taft Ave. Pasay,0,0,0,0,0,0,0,0,0,0,2014-11-29 12:05,Property,14.53775951,121.0007229,Side Swipe
None,EDSA,None,None,"No Accident Factor, No Collision Stated (based on Police Blotter Book), 0.0 drivers_injured, 0.0 drivers_killed, 1.0 passengers_injured, 0.0 passengers_killed, 0.0 pedestrian_injured, 0.0 pedestrian_killed, Fair (Day), EDSA ""U"" turn slot (Heritage Hotel)  Pasay",MMDA Road Safety Unit,,21bf7035-e7ee-46c2-b869-1866c1ba482b,2014-11-28,22:30:00,EDSA Macapagal Blvd.  Pasay,0,0,0,0,1,0,0,0,0,1,2014-11-29 6:30,Injury,14.53724155,120.9938352,No Collision Stated
None,EDSA,None,None,"No Accident Factor, No Collision Stated (based on Police Blotter Book), 0.0 drivers_injured, 0.0 drivers_killed, 0.0 passengers_injured, 0.0 passengers_killed, 0.0 pedestrian_injured, 0.0 pedestrian_killed, Fair (Night), EDSA Roxas Blvd. Service Road (WB) Pasay",MMDA Road Safety Unit,,5d78ed3e-b310-430f-a227-4b459c0024af,2014-11-28,20:15:00,EDSA C. Jose St.  Pasay,0,0,0,0,0,0,0,0,0,0,2014-11-29 4:15,Property,14.53725136,120.9928775,No Collision Stated
None,EDSA,None,None,"No Accident Factor, No Collision Stated (based on Police Blotter Book), 0.0 drivers_injured, 0.0 drivers_killed, 0.0 passengers_injured, 0.0 passengers_killed, 0.0 pedestrian_injured, 0.0 pedestrian_killed, Fair (Night), EDSA Roxas Blvd.  Pasay",MMDA Road Safety Unit,,67a6a7cf-c076-40d2-b09f-5e3bc8ca9467,2014-11-26,14:15:00,"EDSA  ""U"" turn slot, Capacabana Hotel  Pasay",0,0,0,0,0,0,0,0,0,0,2014-11-26 22:15,Property,14.53725136,120.9928775,No Collision Stated
None,EDSA,None,None,"No Accident Factor, No Collision Stated (based on Police Blotter Book), 0.0 drivers_injured, 0.0 drivers_killed, 0.0 passengers_injured, 0.0 passengers_killed, 0.0 pedestrian_injured, 0.0 pedestrian_killed, Fair (Day), EDSA Taft Ave.  Pasay",MMDA Road Safety Unit,,e177e7b4-a85c-44c8-94e7-96af1447bb20,2014-11-24,05:45:00,EDSA F.B. Harrison St. (EB)  Pasay,0,0,0,0,0,0,0,0,0,0,2014-11-24 13:45,Property,14.53775951,121.0007229,No Collision Stated
None,EDSA,None,None,"No Accident Factor, No Collision Stated (based on Police Blotter Book), 0.0 drivers_injured, 0.0 drivers_killed, 0.0 passengers_injured, 0.0 passengers_killed, 0.0 pedestrian_injured, 0.0 pedestrian_killed, Fair (Day), EDSA P. Celle St. ""U"" turn slot  Pasay",MMDA Road Safety Unit,,bf8bff52-8863-481b-bc01-fc5051bb3486,2014-11-21,23:10:00,EDSA Aurora Blvd.  Pasay,0,0,0,0,0,0,0,0,0,0,2014-11-22 7:10,Property,14.53778565,120.9974409,No Collision Stated
None,EDSA,None,None,"No Accident Factor, No Collision Stated (based on Police Blotter Book), 0.0 drivers_injured, 0.0 drivers_killed, 0.0 passengers_injured, 0.0 passengers_killed, 0.0 pedestrian_injured, 0.0 pedestrian_killed, Fair (Night), EDSA F.B. Harrison St.  Pasay",MMDA Road Safety Unit,,894e2de1-d94a-484e-960e-d37daacb4831,2014-11-21,19:00:00,EDSA F.B. Harrison St. (EB)  Pasay,0,0,0,0,0,0,0,0,0,0,2014-11-22 3:00,Property,14.53785118,120.9955695,No Collision Stated
None,EDSA,None,None,"No Accident Factor, No Collision Stated (based on Police Blotter Book), 0.0 drivers_injured, 0.0 drivers_killed, 0.0 passengers_injured, 0.0 passengers_killed, 0.0 pedestrian_injured, 0.0 pedestrian_killed, Fair (Day), EDSA F.B. Harrison St.  Pasay",MMDA Road Safety Unit,,ba2367bd-ee79-4add-beaa-ecd1f7ed1b43,2014-11-21,00:40:00,EDSA Macapagal Blvd.  Pasay,0,0,0,0,0,0,0,0,0,0,2014-11-21 8:40,Property,14.53785118,120.9955695,No Collision Stated
None,EDSA,None,None,"No Accident Factor, No Collision Stated (based on Police Blotter Book), 0.0 drivers_injured, 0.0 drivers_killed, 0.0 passengers_injured, 0.0 passengers_killed, 0.0 pedestrian_injured, 0.0 pedestrian_killed, Fair (Day), EDSA Taft Ave.  Pasay",MMDA Road Safety Unit,,5286f21f-0e7f-4db6-8d6c-d51814bb0384,2014-11-19,04:05:00,EDSA Taft Ave.  Pasay,0,0,0,0,0,0,0,0,0,0,2014-11-19 12:05,Property,14.53775951,121.0007229,No Collision Stated
None,EDSA,None,None,"No Accident Factor, Side Swipe, 0.0 drivers_injured, 0.0 drivers_killed, 0.0 passengers_injured, 0.0 passengers_killed, 0.0 pedestrian_injured, 0.0 pedestrian_killed, Fair (Night), EDSA Taft Ave. Pasay",MMDA Road Safety Unit,,5aae9a7e-36de-4391-b009-b9a58c183778,2014-11-18,10:30:00,EDSA Macapagal Blvd.  Pasay,0,0,0,0,0,0,0,0,0,0,2014-11-18 18:30,Property,14.53775951,121.0007229,Side Swipe
None,EDSA,None,None,"No Accident Factor, Rear-end, 0.0 drivers_injured, 0.0 drivers_killed, 0.0 passengers_injured, 0.0 passengers_killed, 0.0 pedestrian_injured, 0.0 pedestrian_killed, Fair (Day), EDSA Macapagal Blvd.  Pasay",MMDA Road Safety Unit,,0a17b3b2-8174-4d5f-939d-524c41ae9a95,2014-11-16,02:45:00,EDSA Taft Ave.  Pasay,0,0,0,0,0,0,0,0,0,0,2014-11-16 10:45,Property,14.53636061,120.9889709,Rear-End
None,EDSA,None,None,"No Accident Factor, No Collision Stated (based on Police Blotter Book), 0.0 drivers_injured, 0.0 drivers_killed, 0.0 passengers_injured, 0.0 passengers_killed, 0.0 pedestrian_injured, 0.0 pedestrian_killed, Fair (Night), EDSA C. Jose St.  Pasay",MMDA Road Safety Unit,,b1155f85-80ba-4be9-8852-a12919350e98,2014-11-15,20:30:00,EDSA  Macapagal Blvd.  Pasay,0,0,0,0,0,0,0,0,0,0,2014-11-16 4:30,Property,14.53873461,121.0107828,No Collision Stated
None,EDSA,None,None,"No Accident Factor, Hit and Run (No Collision Stated), 0.0 drivers_injured, 0.0 drivers_killed, 0.0 passengers_injured, 0.0 passengers_killed, 0.0 pedestrian_injured, 0.0 pedestrian_killed, Fair (Day), EDSA  ""U"" turn slot, Capacabana Hotel  Pasay",MMDA Road Safety Unit,,dc0e4f42-2d7e-4654-ab39-c8a3bee9df0c,2014-11-14,04:25:00,EDSA Roxas Blvd.  Pasay,0,0,0,0,0,0,0,0,0,0,2014-11-14 12:25,Property,14.53738491,120.9938228,No Collision Stated
None,EDSA,None,None,"No Accident Factor, No Collision Stated (based on Police Blotter Book), 0.0 drivers_injured, 0.0 drivers_killed, 0.0 passengers_injured, 0.0 passengers_killed, 0.0 pedestrian_injured, 0.0 pedestrian_killed, Fair (Day), EDSA F.B. Harrison St. (EB)  Pasay",MMDA Road Safety Unit,,0c5fc58a-555e-44f4-a4f9-6ea961be13ec,2014-11-10,08:00:00,EDSA  Macapagal Blvd.  Pasay,0,0,0,0,0,0,0,0,0,0,2014-11-10 16:00,Property,14.53785118,120.9955695,No Collision Stated
None,EDSA,None,None,"No Accident Factor, Hit and Run (No Collision Stated), 0.0 drivers_injured, 0.0 drivers_killed, 0.0 passengers_injured, 0.0 passengers_killed, 0.0 pedestrian_injured, 0.0 pedestrian_killed, Fair (Day), EDSA Aurora Blvd.  Pasay",MMDA Road Safety Unit,,f2c05a59-949f-4a52-a883-a8abb868d1ae,2014-11-10,02:00:00,EDSA Macapagal Blvd. (NB)  Pasay,0,0,0,0,0,0,0,0,0,0,2014-11-10 10:00,Property,14.53767633,121.0032355,No Collision Stated
None,EDSA,None,None,"No Accident Factor, Side Swipe, 0.0 drivers_injured, 0.0 drivers_killed, 0.0 passengers_injured, 0.0 passengers_killed, 0.0 pedestrian_injured, 0.0 pedestrian_killed, Fair (Day), EDSA F.B. Harrison St. (EB)  Pasay",MMDA Road Safety Unit,,151f0f19-1cbc-407a-a514-f6f9e28610f6,2014-11-07,07:00:00,EDSA Roxas Blvd.  Pasay,0,0,0,0,0,0,0,0,0,0,2014-11-07 15:00,Property,14.53785118,120.9955695,Side Swipe
None,EDSA,None,None,"No Accident Factor, No Collision Stated (based on Police Blotter Book), 0.0 drivers_injured, 0.0 drivers_killed, 0.0 passengers_injured, 0.0 passengers_killed, 0.0 pedestrian_injured, 0.0 pedestrian_killed, Fair (Day), EDSA Macapagal Blvd.  Pasay",MMDA Road Safety Unit,,1ca295df-9aaf-43c7-973e-146ab71b2ac5,2014-11-07,06:30:00,EDSA Heritage Hotel  Pasay,0,0,0,0,0,0,0,0,0,0,2014-11-07 14:30,Property,14.53636061,120.9889709,No Collision Stated