LOCATION_TEXT,ROAD,WEATHER,LIGHT,DESC,REPORTING_AGENCY,MAIN_CAUSE,INCIDENTDETAILS_ID,DATE_UTC,TIME_UTC,ADDRESS,killed_driver,killed_passenger,killed_pedestrian,injured_driver,injured_passenger,injured_pedestrian,killed_uncategorized,injured_uncategorized,killed_total,injured_total,DATETIME_PST,SEVERITY,Y,X,COLLISION_TYPE
None,EDSA,None,None,"No Accident Factor, Rear-end, 0.0 drivers_injured, 0.0 drivers_killed, 0.0 passengers_injured, 0.0 passengers_killed, 0.0 pedestrian_injured, 0.0 pedestrian_killed, Fair (Day), EDSA Taft Ave.  Pasay",MMDA Road Safety Unit,,549c8bce-9416-40fe-ade5-b0bbecdf1f24,2014-11-07,04:00:00,EDSA E. Rodriguez St.  Pasay,0,0,0,0,0,0,0,0,0,0,2014-11-07 12:00,Property,14.53775951,121.0007229,Rear-End
None,EDSA,None,None,"No Accident Factor, Rear-end, 0.0 drivers_injured, 0.0 drivers_killed, 0.0 passengers_injured, 0.0 passengers_killed, 0.0 pedestrian_injured, 0.0 pedestrian_killed, Fair (Day), EDSA Macapagal Blvd.  Pasay",MMDA Road Safety Unit,,2b34aa0c-8194-4808-880d-c12bb9fab10c,2014-11-07,03:30:00,EDSA Roxas Blvd.  Pasay,0,0,0,0,0,0,0,0,0,0,2014-11-07 11:30,Property,14.53636061,120.9889709,Rear-End
None,EDSA,None,None,"No Accident Factor, Hit and Run (No Collision Stated), 0.0 drivers_injured, 0.0 drivers_killed, 0.0 passengers_injured, 0.0 passengers_killed, 0.0 pedestrian_injured, 0.0 pedestrian_killed, Fair (Day), EDSA Taft Ave.  Pasay",MMDA Road Safety Unit,,19720483-b327-46e5-8d34-a7c7cbf4f321,2014-11-07,02:30:00,EDSA Taft Ave.  Pasay,0,0,0,0,0,0,0,0,0,0,2014-11-07 10:30,Property,14.53775951,121.0007229,No Collision Stated
None,EDSA,None,None,"No Accident Factor, Hit and Run (No Collision Stated), 0.0 drivers_injured, 0.0 drivers_killed, 0.0 passengers_injured, 0.0 passengers_killed, 0.0 pedestrian_injured, 0.0 pedestrian_killed, Fair (Night), EDSA  Macapagal Blvd.  Pasay",MMDA Road Safety Unit,,3cb3095a-009b-418b-92e0-99888c59f539,2014-11-06,21:40:00,EDSA Taft Ave.  Pasay,0,0,0,0,0,0,0,0,0,0,2014-11-07 5:40,Property,14.53644854,120.9889375,No Collision Stated
None,EDSA,None,None,"No Accident Factor, No Collision Stated (based on Police Blotter Book), 0.0 drivers_injured, 0.0 drivers_killed, 0.0 passengers_injured, 0.0 passengers_killed, 0.0 pedestrian_injured, 0.0 pedestrian_killed, Fair (Day), EDSA Roxas Blvd.  Pasay",MMDA Road Safety Unit,,3a84616d-860c-495f-bdcc-ff85dc5f4d57,2014-11-06,07:00:00,EDSA Roxas Blvd.  Pasay,0,0,0,0,0,0,0,0,0,0,2014-11-06 15:00,Property,14.53725136,120.9928775,No Collision Stated
None,EDSA,None,None,"No Accident Factor, No Collision Stated (based on Police Blotter Book), 0.0 drivers_injured, 0.0 drivers_killed, 0.0 passengers_injured, 0.0 passengers_killed, 0.0 pedestrian_injured, 0.0 pedestrian_killed, Fair (Night), EDSA  Macapagal Blvd.  Pasay",MMDA Road Safety Unit,,24fb1a57-f542-4129-9e87-816566a6a1ba,2014-11-05,13:15:00,EDSA  Macapagal Blvd.  Pasay,0,0,0,0,0,0,0,0,0,0,2014-11-05 21:15,Property,14.53644854,120.9889375,No Collision Stated
None,EDSA,None,None,"No Accident Factor, No Collision Stated (based on Police Blotter Book), 0.0 drivers_injured, 0.0 drivers_killed, 0.0 passengers_injured, 0.0 passengers_killed, 0.0 pedestrian_injured, 0.0 pedestrian_killed, Fair (Day), EDSA Macapagal Blvd. (NB)  Pasay",MMDA Road Safety Unit,,0a94af89-f566-49e4-a00e-2ad97a33148d,2014-11-05,01:00:00,EDSA  Savemore Super Market Pasay,0,0,0,0,0,0,0,0,0,0,2014-11-05 9:00,Property,14.53636061,120.9889709,No Collision Stated
None,EDSA,None,None,"No Accident Factor, No Collision Stated (based on Police Blotter Book), 0.0 drivers_injured, 0.0 drivers_killed, 0.0 passengers_injured, 0.0 passengers_killed, 0.0 pedestrian_injured, 0.0 pedestrian_killed, Fair (Night), EDSA Roxas Blvd.  Pasay",MMDA Road Safety Unit,,63a3409f-2d0e-4684-9f39-5ab302469e60,2014-11-04,10:40:00,EDSA Cabrera St.  Pasay,0,0,0,0,0,0,0,0,0,0,2014-11-04 18:40,Property,14.53725136,120.9928775,No Collision Stated
None,EDSA,None,None,"No Accident Factor, Side Swipe, 0.0 drivers_injured, 0.0 drivers_killed, 0.0 passengers_injured, 0.0 passengers_killed, 0.0 pedestrian_injured, 0.0 pedestrian_killed, Fair (Night), EDSA Heritage Hotel  Pasay",MMDA Road Safety Unit,,3aa146a9-aaae-49b0-8279-6641284c8289,2014-11-03,11:55:00,EDSA  Savemore Super Market Pasay,0,0,0,0,0,0,0,0,0,0,2014-11-03 19:55,Property,14.53721957,120.9935015,Side Swipe
None,EDSA,None,None,"No Accident Factor, No Collision Stated (based on Police Blotter Book), 0.0 drivers_injured, 0.0 drivers_killed, 0.0 passengers_injured, 0.0 passengers_killed, 0.0 pedestrian_injured, 0.0 pedestrian_killed, Fair (Day), EDSA E. Rodriguez St.  Pasay",MMDA Road Safety Unit,,bf25c9b3-ad33-4e8e-8de0-fd003cc776db,2014-11-03,03:15:00,EDSA  Macapagal Blvd.  Pasay,0,0,0,0,0,0,0,0,0,0,2014-11-03 11:15,Property,14.53836867,121.0085613,No Collision Stated
None,EDSA,None,None,"No Accident Factor, Hit and Run (No Collision Stated), 0.0 drivers_injured, 0.0 drivers_killed, 0.0 passengers_injured, 0.0 passengers_killed, 0.0 pedestrian_injured, 0.0 pedestrian_killed, Fair (Night), EDSA Roxas Blvd.  Pasay",MMDA Road Safety Unit,,03507449-e291-42e2-a3d3-0356e3039956,2014-11-02,14:00:00,EDSA Taft Ave.  Pasay,0,0,0,0,0,0,0,0,0,0,2014-11-02 22:00,Property,14.53725136,120.9928775,No Collision Stated
None,EDSA,None,None,"No Accident Factor, Hit and Run (Rear-end), 0.0 drivers_injured, 0.0 drivers_killed, 0.0 passengers_injured, 0.0 passengers_killed, 0.0 pedestrian_injured, 0.0 pedestrian_killed, Fair (Night), EDSA Taft Ave.  Pasay",MMDA Road Safety Unit,,a223b1d8-443e-4e41-984d-e3403421f3aa,2014-11-02,12:15:00,EDSA  Roxas Blvd.  Pasay,0,0,0,0,0,0,0,0,0,0,2014-11-02 20:15,Property,14.53775951,121.0007229,Rear-End
None,EDSA,None,None,"No Accident Factor, Multiple Collision, 0.0 drivers_injured, 0.0 drivers_killed, 0.0 passengers_injured, 0.0 passengers_killed, 0.0 pedestrian_injured, 0.0 pedestrian_killed, Fair (Day), EDSA Taft Ave.  Pasay",MMDA Road Safety Unit,,2779b045-b5ab-4ec9-af97-e5251f3caf0a,2014-10-31,06:25:00,EDSA  Macapagal Blvd.  Pasay,0,0,0,0,0,0,0,0,0,0,2014-10-31 14:25,Property,14.53775951,121.0007229,Multiple
None,EDSA,None,None,"No Accident Factor, No Collision Stated (based on Police Blotter Book), 0.0 drivers_injured, 0.0 drivers_killed, 0.0 passengers_injured, 0.0 passengers_killed, 0.0 pedestrian_injured, 0.0 pedestrian_killed, Fair (Day), EDSA Roxas Blvd.  Pasay",MMDA Road Safety Unit,,ed7ce3b1-c60e-45a2-957e-1df70a8204b3,2014-10-31,05:45:00,EDSA Macapagal Blvd.  Pasay,0,0,0,0,0,0,0,0,0,0,2014-10-31 13:45,Property,14.53725136,120.9928775,No Collision Stated
None,EDSA,None,None,"No Accident Factor, Multiple Collision, 0.0 drivers_injured, 0.0 drivers_killed, 1.0 passengers_injured, 0.0 passengers_killed, 0.0 pedestrian_injured, 0.0 pedestrian_killed, Fair (Night), EDSA  Macapagal Blvd.  Pasay",MMDA Road Safety Unit,,f8369d6b-94d0-4d98-949e-aca26d1d3841,2014-10-30,15:30:00,EDSA Heritage Hotel  Pasay,0,0,0,0,1,0,0,0,0,1,2014-10-30 23:30,Injury,14.53644854,120.9889375,Multiple
None,EDSA,None,None,"No Accident Factor, Side Swipe, 0.0 drivers_injured, 0.0 drivers_killed, 0.0 passengers_injured, 0.0 passengers_killed, 0.0 pedestrian_injured, 0.0 pedestrian_killed, Fair (Night), EDSA  Savemore Super Market Pasay",MMDA Road Safety Unit,,ef68d804-db57-48e0-9fdf-3aa758ebb9e8,2014-10-30,14:40:00,EDSA Taft Ave.  Pasay,0,0,0,0,0,0,0,0,0,0,2014-10-30 22:40,Property,14.53765526,121.0000646,Side Swipe
None,EDSA,None,None,"No Accident Factor, Rear-end, 0.0 drivers_injured, 0.0 drivers_killed, 0.0 passengers_injured, 0.0 passengers_killed, 0.0 pedestrian_injured, 0.0 pedestrian_killed, Fair (Night), EDSA Cabrera St.  Pasay",MMDA Road Safety Unit,,1f9810ec-8cbf-46a2-9f9f-31a241c710e6,2014-10-30,14:00:00,EDSA Taft Ave.  Pasay,0,0,0,0,0,0,0,0,0,0,2014-10-30 22:00,Property,14.53817493,121.0048575,Rear-End
None,EDSA,None,None,"No Accident Factor, Rear-end, 0.0 drivers_injured, 0.0 drivers_killed, 0.0 passengers_injured, 0.0 passengers_killed, 0.0 pedestrian_injured, 0.0 pedestrian_killed, Fair (Day), EDSA  Savemore Super Market Pasay",MMDA Road Safety Unit,,f0dce2cb-b215-4211-87fd-704631804908,2014-10-29,22:20:00,"EDSA  ""U"" turn slot, Heritage Hotel Pasay",0,0,0,0,0,0,0,0,0,0,2014-10-30 6:20,Property,14.53765526,121.0000646,Rear-End
None,EDSA,None,None,"No Accident Factor, Rear-end, 0.0 drivers_injured, 0.0 drivers_killed, 0.0 passengers_injured, 0.0 passengers_killed, 0.0 pedestrian_injured, 0.0 pedestrian_killed, Fair (Day), EDSA  Macapagal Blvd.  Pasay",MMDA Road Safety Unit,,419485dd-8614-49ce-9167-1e735e55216f,2014-10-29,08:20:00,EDSA Macapagal Blvd.  Pasay,0,0,0,0,0,0,0,0,0,0,2014-10-29 16:20,Property,14.53644854,120.9889375,Rear-End
None,EDSA,None,None,"No Accident Factor, Rear-end, 0.0 drivers_injured, 0.0 drivers_killed, 0.0 passengers_injured, 0.0 passengers_killed, 0.0 pedestrian_injured, 0.0 pedestrian_killed, Fair (Day), EDSA Taft Ave.  Pasay",MMDA Road Safety Unit,,4ee7f26a-6dc3-4dbd-8ba1-011248d849b6,2014-10-29,05:00:00,EDSA Taft Ave.  Pasay,0,0,0,0,0,0,0,0,0,0,2014-10-29 13:00,Property,14.53775951,121.0007229,Rear-End
None,EDSA,None,None,"No Accident Factor, No Collision Stated (based on Police Blotter Book), 0.0 drivers_injured, 0.0 drivers_killed, 0.0 passengers_injured, 0.0 passengers_killed, 0.0 pedestrian_injured, 0.0 pedestrian_killed, Fair (Night), EDSA  Roxas Blvd.  Pasay",MMDA Road Safety Unit,,2d3f8930-c620-4773-aa54-53f4d9ca67db,2014-10-28,10:20:00,EDSA  Roxas Blvd.  Pasay,0,0,0,0,0,0,0,0,0,0,2014-10-28 18:20,Property,14.53707744,120.9924007,No Collision Stated
None,EDSA,None,None,"No Accident Factor, Rear-end, 0.0 drivers_injured, 0.0 drivers_killed, 0.0 passengers_injured, 0.0 passengers_killed, 0.0 pedestrian_injured, 0.0 pedestrian_killed, Fair (Night), EDSA  Macapagal Blvd.  Pasay",MMDA Road Safety Unit,,9dbffd5a-b020-47f4-aff8-4f60c00ed95d,2014-10-27,11:30:00,"EDSA  ""U"" turn slot, Toyota Pasay",0,0,0,0,0,0,0,0,0,0,2014-10-27 19:30,Property,14.53644854,120.9889375,Rear-End
None,EDSA,None,None,"No Accident Factor, No Collision Stated (based on Police Blotter Book), 0.0 drivers_injured, 0.0 drivers_killed, 0.0 passengers_injured, 0.0 passengers_killed, 0.0 pedestrian_injured, 0.0 pedestrian_killed, Fair (Day), EDSA Macapagal Blvd.  Pasay",MMDA Road Safety Unit,,8b1f345c-afca-4328-acc2-8424f5b5e72d,2014-10-26,08:00:00,EDSA Roxas Blvd.    Pasay,0,0,0,0,0,0,0,0,0,0,2014-10-26 16:00,Property,14.53636061,120.9889709,No Collision Stated
None,EDSA,None,None,"No Accident Factor, No Collision Stated (based on Police Blotter Book), 0.0 drivers_injured, 0.0 drivers_killed, 0.0 passengers_injured, 0.0 passengers_killed, 0.0 pedestrian_injured, 0.0 pedestrian_killed, Fair (Day), EDSA Heritage Hotel  Pasay",MMDA Road Safety Unit,,13e2213e-0284-440e-a599-b2b8e37af01a,2014-10-26,03:35:00,"EDSA  ""U"" turn slot, Heritage Hotel Pasay",0,0,0,0,0,0,0,0,0,0,2014-10-26 11:35,Property,14.53721957,120.9935015,No Collision Stated
None,EDSA,None,None,"No Accident Factor, Side Swipe, 0.0 drivers_injured, 0.0 drivers_killed, 0.0 passengers_injured, 0.0 passengers_killed, 0.0 pedestrian_injured, 0.0 pedestrian_killed, Fair (Night), EDSA Taft Ave.  Pasay",MMDA Road Safety Unit,,4bbc4088-831d-453c-8e2a-344999ac5b33,2014-10-25,21:20:00,EDSA F.B. Harrison St. (EB)  Pasay,0,0,0,0,0,0,0,0,0,0,2014-10-26 5:20,Property,14.53775951,121.0007229,Side Swipe
None,EDSA,None,None,"No Accident Factor, No Collision Stated (based on Police Blotter Book), 0.0 drivers_injured, 0.0 drivers_killed, 0.0 passengers_injured, 0.0 passengers_killed, 0.0 pedestrian_injured, 0.0 pedestrian_killed, Fair (Night), EDSA Taft Ave.  Pasay",MMDA Road Safety Unit,,e0369917-c1b8-4160-b111-86f70f45bd17,2014-10-23,13:30:00,EDSA Taft Ave.  Pasay,0,0,0,0,0,0,0,0,0,0,2014-10-23 21:30,Property,14.53775951,121.0007229,No Collision Stated
None,EDSA,None,None,"No Accident Factor, Angle Impact, 0.0 drivers_injured, 0.0 drivers_killed, 0.0 passengers_injured, 0.0 passengers_killed, 0.0 pedestrian_injured, 0.0 pedestrian_killed, Fair (Day), EDSA  ""U"" turn slot, Heritage Hotel Pasay",MMDA Road Safety Unit,,84514844-3c17-4102-a610-5d098ce65c3a,2014-10-22,23:00:00,EDSA Roxas Blvd. (WB)  Pasay,0,0,0,0,0,0,0,0,0,0,2014-10-23 7:00,Property,14.53742302,120.9938065,Angle Impact
None,EDSA,None,None,"No Accident Factor, No Collision Stated (based on Police Blotter Book), 1.0 drivers_injured, 0.0 drivers_killed, 0.0 passengers_injured, 0.0 passengers_killed, 0.0 pedestrian_injured, 0.0 pedestrian_killed, Fair (Night), EDSA Macapagal Blvd.  Pasay",MMDA Road Safety Unit,,d6f1a663-3e12-4da9-b559-f8087f248c3d,2014-10-22,15:00:00,EDSA Roxas Blvd.  Pasay,0,0,0,1,0,0,0,0,0,1,2014-10-22 23:00,Injury,14.53636061,120.9889709,No Collision Stated
None,EDSA,None,None,"No Accident Factor, No Collision Stated (based on Police Blotter Book), 1.0 drivers_injured, 0.0 drivers_killed, 0.0 passengers_injured, 0.0 passengers_killed, 0.0 pedestrian_injured, 0.0 pedestrian_killed, Fair (Night), EDSA Taft Ave.  Pasay",MMDA Road Safety Unit,,f53c1f6c-392e-4c3f-ba12-b1ab8b3ea092,2014-10-22,13:30:00,EDSA Park Ave.  Pasay,0,0,0,1,0,0,0,0,0,1,2014-10-22 21:30,Injury,14.53775951,121.0007229,No Collision Stated
None,EDSA,None,None,"No Accident Factor, No Collision Stated (based on Police Blotter Book), 0.0 drivers_injured, 0.0 drivers_killed, 0.0 passengers_injured, 0.0 passengers_killed, 0.0 pedestrian_injured, 0.0 pedestrian_killed, Fair (Night), EDSA  Roxas Blvd.  Pasay",MMDA Road Safety Unit,,070d1793-0971-475c-840a-3ac2b6da8f31,2014-10-21,10:45:00,EDSA Macapagal Blvd.  Pasay,0,0,0,0,0,0,0,0,0,0,2014-10-21 18:45,Property,14.53707744,120.9924007,No Collision Stated
None,EDSA,None,None,"No Accident Factor, No Collision Stated (based on Police Blotter Book), 0.0 drivers_injured, 0.0 drivers_killed, 0.0 passengers_injured, 0.0 passengers_killed, 0.0 pedestrian_injured, 0.0 pedestrian_killed, Fair (Night), EDSA  ""U"" turn slot, Toyota Pasay",MMDA Road Safety Unit,,015d2f82-ace9-48a2-bdcf-2d0e7a18cd5e,2014-10-20,15:45:00,"EDSA  ""U"" turn slot. Heritage Hotel Pasay",0,0,0,0,0,0,0,0,0,0,2014-10-20 23:45,Property,14.53748771,120.9924149,No Collision Stated
None,EDSA,None,None,"No Accident Factor, No Collision Stated (based on Police Blotter Book), 1.0 drivers_injured, 0.0 drivers_killed, 0.0 passengers_injured, 0.0 passengers_killed, 0.0 pedestrian_injured, 0.0 pedestrian_killed, Fair (Day), EDSA Roxas Blvd.    Pasay",MMDA Road Safety Unit,,84725349-4f3c-4445-b3c8-83182de46e14,2014-10-18,23:00:00,EDSA Taft Ave.  Pasay,0,0,0,1,0,0,0,0,0,1,2014-10-19 7:00,Injury,14.53725136,120.9928775,No Collision Stated
None,EDSA,None,None,"No Accident Factor, No Collision Stated (based on Police Blotter Book), 2.0 drivers_injured, 0.0 drivers_killed, 0.0 passengers_injured, 0.0 passengers_killed, 0.0 pedestrian_injured, 0.0 pedestrian_killed, Fair (Night), EDSA  ""U"" turn slot, Heritage Hotel Pasay",MMDA Road Safety Unit,,134f18e7-c3f3-495a-98fb-8fdb5115a468,2014-10-18,12:00:00,EDSA Roxas Blvd.  Pasay,0,0,0,2,0,0,0,0,0,2,2014-10-18 20:00,Injury,14.53742302,120.9938065,No Collision Stated
None,EDSA,None,None,"No Accident Factor, No Collision Stated (based on Police Blotter Book), 0.0 drivers_injured, 0.0 drivers_killed, 0.0 passengers_injured, 0.0 passengers_killed, 0.0 pedestrian_injured, 0.0 pedestrian_killed, Fair (Day), EDSA F.B. Harrison St. (EB)  Pasay",MMDA Road Safety Unit,,cc5ed2e8-e630-44cf-a0b1-e4627c38906d,2014-10-18,09:10:00,EDSA Roxas Blvd.  Pasay,0,0,0,0,0,0,0,0,0,0,2014-10-18 17:10,Property,14.53785118,120.9955695,No Collision Stated
None,EDSA,None,None,"No Accident Factor, Rear-end, 0.0 drivers_injured, 0.0 drivers_killed, 0.0 passengers_injured, 0.0 passengers_killed, 0.0 pedestrian_injured, 0.0 pedestrian_killed, Fair (Night), EDSA Taft Ave.  Pasay",MMDA Road Safety Unit,,549556c2-721a-4480-bc86-8555e04af66e,2014-10-17,15:30:00,EDSA Macapagal Blvd.  Pasay,0,0,0,0,0,0,0,0,0,0,2014-10-17 23:30,Property,14.53775951,121.0007229,Rear-End
None,EDSA,None,None,"No Accident Factor, No Collision Stated (based on Police Blotter Book), 0.0 drivers_injured, 0.0 drivers_killed, 0.0 passengers_injured, 0.0 passengers_killed, 0.0 pedestrian_injured, 0.0 pedestrian_killed, Fair (Night), EDSA Roxas Blvd. (WB)  Pasay",MMDA Road Safety Unit,,6d95252f-54f9-435e-a0c1-e648562b805f,2014-10-16,17:45:00,EDSA Macapagal Blvd.  Pasay,0,0,0,0,0,0,0,0,0,0,2014-10-17 1:45,Property,14.53725136,120.9928775,No Collision Stated
None,EDSA,None,None,"No Accident Factor, No Collision Stated (based on Police Blotter Book), 0.0 drivers_injured, 0.0 drivers_killed, 0.0 passengers_injured, 0.0 passengers_killed, 0.0 pedestrian_injured, 0.0 pedestrian_killed, Fair (Day), EDSA Roxas Blvd.  Pasay",MMDA Road Safety Unit,,469a65b5-e63f-4eac-986a-4c1ce68cb5ea,2014-10-16,09:00:00,EDSA Taft Ave.  Pasay,0,0,0,0,0,0,0,0,0,0,2014-10-16 17:00,Property,14.53725136,120.9928775,No Collision Stated
None,EDSA,None,None,"No Accident Factor, Side Swipe, 0.0 drivers_injured, 0.0 drivers_killed, 0.0 passengers_injured, 0.0 passengers_killed, 0.0 pedestrian_injured, 0.0 pedestrian_killed, Fair (Day), EDSA Park Ave.  Pasay",MMDA Road Safety Unit,,d7def110-88bd-46c8-ab06-95ed7d135d76,2014-10-16,00:05:00,EDSA Philtranco Pasay,0,0,0,0,0,0,0,0,0,0,2014-10-16 8:05,Property,14.53774622,120.9982843,Side Swipe
None,EDSA,None,None,"No Accident Factor, No Collision Stated (based on Police Blotter Book), 1.0 drivers_injured, 0.0 drivers_killed, 0.0 passengers_injured, 0.0 passengers_killed, 0.0 pedestrian_injured, 0.0 pedestrian_killed, Fair (Day), EDSA Macapagal Blvd.  Pasay",MMDA Road Safety Unit,,5e88a16d-9189-4dfc-a30e-01f3c23aeb24,2014-10-15,23:00:00,EDSA Taft Ave.  Pasay,0,0,0,1,0,0,0,0,0,1,2014-10-16 7:00,Injury,14.53636061,120.9889709,No Collision Stated
None,EDSA,None,None,"No Accident Factor, No Collision Stated (based on Police Blotter Book), 1.0 drivers_injured, 0.0 drivers_killed, 0.0 passengers_injured, 0.0 passengers_killed, 0.0 pedestrian_injured, 0.0 pedestrian_killed, Fair (Day), EDSA  ""U"" turn slot. Heritage Hotel Pasay",MMDA Road Safety Unit,,2c3663e2-f7d8-43ef-84b8-b02e3d529a37,2014-10-15,04:00:00,"EDSA  ""U"" turn slot, Toyota Motorts Pasay",0,0,0,1,0,0,0,0,0,1,2014-10-15 12:00,Injury,14.53737195,120.9938633,No Collision Stated
None,EDSA,None,None,"No Accident Factor, No Collision Stated (based on Police Blotter Book), 0.0 drivers_injured, 0.0 drivers_killed, 0.0 passengers_injured, 0.0 passengers_killed, 0.0 pedestrian_injured, 0.0 pedestrian_killed, Fair (Night), EDSA Taft Ave.  Pasay",MMDA Road Safety Unit,,d036276b-9187-442a-8422-dd526f252c42,2014-10-09,12:30:00,EDSA Macapagal Blvd.  Pasay,0,0,0,0,0,0,0,0,0,0,2014-10-09 20:30,Property,14.53775951,121.0007229,No Collision Stated
None,EDSA,None,None,"No Accident Factor, Hit and Run (No Collision Stated), 0.0 drivers_injured, 0.0 drivers_killed, 0.0 passengers_injured, 0.0 passengers_killed, 0.0 pedestrian_injured, 0.0 pedestrian_killed, Fair (Day), EDSA Roxas Blvd.  Pasay",MMDA Road Safety Unit,,19c479fb-c884-4392-9560-e5d4ceb41dc1,2014-10-09,08:00:00,EDSA Macapagal Blvd.  Pasay,0,0,0,0,0,0,0,0,0,0,2014-10-09 16:00,Property,14.53725136,120.9928775,No Collision Stated
None,EDSA,None,None,"No Accident Factor, No Collision Stated (based on Police Blotter Book), 0.0 drivers_injured, 0.0 drivers_killed, 0.0 passengers_injured, 0.0 passengers_killed, 0.0 pedestrian_injured, 0.0 pedestrian_killed, Fair (Day), EDSA Roxas Blvd.  Pasay",MMDA Road Safety Unit,,a56b329e-6221-4f70-94a7-652a27abe1f9,2014-10-09,07:00:00,EDSA C. Jose St.  Pasay,0,0,0,0,0,0,0,0,0,0,2014-10-09 15:00,Property,14.53725136,120.9928775,No Collision Stated
None,EDSA,None,None,"No Accident Factor, No Collision Stated (based on Police Blotter Book), 0.0 drivers_injured, 0.0 drivers_killed, 0.0 passengers_injured, 0.0 passengers_killed, 0.0 pedestrian_injured, 0.0 pedestrian_killed, Fair (Day), EDSA Macapagal Blvd.  Pasay",MMDA Road Safety Unit,,8a43b737-1a0b-40b5-8e17-2459907c3d2f,2014-10-08,05:00:00,EDSA Taft Ave.  Pasay,0,0,0,0,0,0,0,0,0,0,2014-10-08 13:00,Property,14.53636061,120.9889709,No Collision Stated
None,EDSA,None,None,"No Accident Factor, No Collision Stated (based on Police Blotter Book), 0.0 drivers_injured, 0.0 drivers_killed, 1.0 passengers_injured, 0.0 passengers_killed, 0.0 pedestrian_injured, 0.0 pedestrian_killed, Fair (Day), EDSA Macapagal Blvd.  Pasay",MMDA Road Safety Unit,,d6174ceb-e835-4c7d-aa77-6ac6e69421e6,2014-10-08,04:00:00,EDSA MRT Station  Pasay,0,0,0,0,1,0,0,0,0,1,2014-10-08 12:00,Injury,14.53636061,120.9889709,No Collision Stated
None,EDSA,None,None,"No Accident Factor, No Collision Stated (based on Police Blotter Book), 0.0 drivers_injured, 0.0 drivers_killed, 0.0 passengers_injured, 0.0 passengers_killed, 0.0 pedestrian_injured, 0.0 pedestrian_killed, Fair (Day), EDSA Taft Ave.  Pasay",MMDA Road Safety Unit,,733bc417-5196-40e1-9a63-9894c3197003,2014-10-07,06:15:00,EDSA Aurora blvd. (tramo St.)  Pasay,0,0,0,0,0,0,0,0,0,0,2014-10-07 14:15,Property,14.53775951,121.0007229,No Collision Stated
None,EDSA,None,None,"No Accident Factor, Hit and Run (No Collision Stated), 0.0 drivers_injured, 0.0 drivers_killed, 0.0 passengers_injured, 0.0 passengers_killed, 0.0 pedestrian_injured, 0.0 pedestrian_killed, Fair (Night), EDSA Philtranco  Pasay",MMDA Road Safety Unit,,f670d2ed-0223-4c0a-94f3-3e8f7fd63a2a,2014-10-06,20:30:00,EDSA Macapagal Blvd.  Pasay,0,0,0,0,0,0,0,0,0,0,2014-10-07 4:30,Property,14.53794104,121.0047786,No Collision Stated
None,EDSA,None,None,"No Accident Factor, No Collision Stated (based on Police Blotter Book), 0.0 drivers_injured, 0.0 drivers_killed, 0.0 passengers_injured, 0.0 passengers_killed, 0.0 pedestrian_injured, 0.0 pedestrian_killed, Fair (Night), EDSA Taft Ave.  Pasay",MMDA Road Safety Unit,,02d26195-42b1-4d56-92a2-b3d04332771c,2014-10-06,11:00:00,EDSA Taft Ave.  Pasay,0,0,0,0,0,0,0,0,0,0,2014-10-06 19:00,Property,14.53775951,121.0007229,No Collision Stated
None,EDSA,None,None,"No Accident Factor, No Collision Stated (based on Police Blotter Book), 0.0 drivers_injured, 0.0 drivers_killed, 0.0 passengers_injured, 0.0 passengers_killed, 0.0 pedestrian_injured, 0.0 pedestrian_killed, Fair (Day), EDSA  ""U"" turn slot, Toyota Motorts Pasay",MMDA Road Safety Unit,,ab5b0576-7c4a-4051-9e41-7832e4ad2aa9,2014-10-06,02:10:00,"EDSA ""U"" turn slot, Roxas Blvd.  Pasay",0,0,0,0,0,0,0,0,0,0,2014-10-06 10:10,Property,14.53748771,120.9924149,No Collision Stated
None,EDSA,None,None,"No Accident Factor, No Collision Stated (based on Police Blotter Book), 0.0 drivers_injured, 0.0 drivers_killed, 0.0 passengers_injured, 0.0 passengers_killed, 0.0 pedestrian_injured, 0.0 pedestrian_killed, Fair (Day), EDSA Macapagal Blvd.  Pasay",MMDA Road Safety Unit,,23577103-35b5-4966-8342-806faa59f4d4,2014-10-05,07:05:00,EDSA C. Jose St.  Pasay,0,0,0,0,0,0,0,0,0,0,2014-10-05 15:05,Property,14.53636061,120.9889709,No Collision Stated
None,EDSA,None,None,"No Accident Factor, No Collision Stated (based on Police Blotter Book), 0.0 drivers_injured, 0.0 drivers_killed, 0.0 passengers_injured, 0.0 passengers_killed, 0.0 pedestrian_injured, 0.0 pedestrian_killed, Fair (Day), EDSA Macapagal Blvd.  Pasay",MMDA Road Safety Unit,,7195a68c-ffc9-4dc7-b225-e9b074629e5c,2014-10-05,06:40:00,EDSA   Blue Wave (WB) Pasay,0,0,0,0,0,0,0,0,0,0,2014-10-05 14:40,Property,14.53636061,120.9889709,No Collision Stated
None,EDSA,None,None,"No Accident Factor, No Collision Stated (based on Police Blotter Book), 0.0 drivers_injured, 0.0 drivers_killed, 0.0 passengers_injured, 0.0 passengers_killed, 0.0 pedestrian_injured, 0.0 pedestrian_killed, Fair (Night), EDSA C. Jose St.  Pasay",MMDA Road Safety Unit,,6403d051-2cd1-4ca5-8eda-3ec429294900,2014-10-04,13:30:00,EDSA E. Rodriguez Blvd.  Pasay,0,0,0,0,0,0,0,0,0,0,2014-10-04 21:30,Property,14.53873461,121.0107828,No Collision Stated