LOCATION_TEXT,ROAD,WEATHER,LIGHT,DESC,REPORTING_AGENCY,MAIN_CAUSE,INCIDENTDETAILS_ID,DATE_UTC,TIME_UTC,ADDRESS,killed_driver,killed_passenger,killed_pedestrian,injured_driver,injured_passenger,injured_pedestrian,killed_uncategorized,injured_uncategorized,killed_total,injured_total,DATETIME_PST,SEVERITY,Y,X,COLLISION_TYPE
None,EDSA,None,None,"No Accident Factor, No Collision Stated (based on Police Blotter Book), 0.0 drivers_injured, 0.0 drivers_killed, 0.0 passengers_injured, 0.0 passengers_killed, 0.0 pedestrian_injured, 0.0 pedestrian_killed, Fair (Night), EDSA Taft Ave.  Pasay",MMDA Road Safety Unit,,d70246a6-d9a0-47d9-a8c9-e2edb2aa5be3,2014-10-03,21:00:00,EDSA Zamora St.  Pasay,0,0,0,0,0,0,0,0,0,0,2014-10-04 5:00,Property,14.53775951,121.0007229,No Collision Stated
None,EDSA,None,None,"No Accident Factor, No Collision Stated (based on Police Blotter Book), 0.0 drivers_injured, 0.0 drivers_killed, 0.0 passengers_injured, 0.0 passengers_killed, 0.0 pedestrian_injured, 0.0 pedestrian_killed, Fair (Day), EDSA MRT Station  Pasay",MMDA Road Safety Unit,,35814016-7510-441b-97d3-e9dae1edd36b,2014-10-03,07:45:00,EDSA  Aurora Blvd. (Tramo St.)  Pasay,0,0,0,0,0,0,0,0,0,0,2014-10-03 15:45,Property,14.53750141,121.0014813,No Collision Stated
None,EDSA,None,None,"No Accident Factor, No Collision Stated (based on Police Blotter Book), 0.0 drivers_injured, 0.0 drivers_killed, 0.0 passengers_injured, 0.0 passengers_killed, 0.0 pedestrian_injured, 0.0 pedestrian_killed, Fair (Day), EDSA Aurora blvd. (tramo St.)  Pasay",MMDA Road Safety Unit,,ccaf124e-c4f1-453c-ad52-99f015e63f42,2014-10-03,04:15:00,EDSA  Taft Ave.  Pasay,0,0,0,0,0,0,0,0,0,0,2014-10-03 12:15,Property,14.53779864,121.0033477,No Collision Stated
None,EDSA,None,None,"No Accident Factor, No Collision Stated (based on Police Blotter Book), 0.0 drivers_injured, 0.0 drivers_killed, 0.0 passengers_injured, 0.0 passengers_killed, 0.0 pedestrian_injured, 0.0 pedestrian_killed, Fair (Night), EDSA Macapagal Blvd.  Pasay",MMDA Road Safety Unit,,be1257eb-7205-485f-9133-f1da82858a86,2014-10-02,10:00:00,EDSA  Copacabana Pasay,0,0,0,0,0,0,0,0,0,0,2014-10-02 18:00,Property,14.53636061,120.9889709,No Collision Stated
None,EDSA,None,None,"No Accident Factor, No Collision Stated (based on Police Blotter Book), 0.0 drivers_injured, 0.0 drivers_killed, 0.0 passengers_injured, 0.0 passengers_killed, 0.0 pedestrian_injured, 0.0 pedestrian_killed, Fair (Day), EDSA Taft Ave.  Pasay",MMDA Road Safety Unit,,178126fb-bfae-44f2-be22-e10248a78a00,2014-10-02,07:30:00,EDSA Taft Ave.  Pasay,0,0,0,0,0,0,0,0,0,0,2014-10-02 15:30,Property,14.53775951,121.0007229,No Collision Stated
None,EDSA,None,None,"No Accident Factor, No Collision Stated (based on Police Blotter Book), 0.0 drivers_injured, 0.0 drivers_killed, 0.0 passengers_injured, 0.0 passengers_killed, 0.0 pedestrian_injured, 0.0 pedestrian_killed, Fair (Day), EDSA ""U"" turn slot, Roxas Blvd.  Pasay",MMDA Road Safety Unit,,d3886eaf-331d-4c13-a9f8-1e3f203a5676,2014-10-02,00:30:00,EDSA  F. B. Harrison St.  Pasay,0,0,0,0,0,0,0,0,0,0,2014-10-02 8:30,Property,14.53704585,120.9923421,No Collision Stated
None,EDSA,None,None,"No Accident Factor, No Collision Stated (based on Police Blotter Book), 0.0 drivers_injured, 0.0 drivers_killed, 0.0 passengers_injured, 0.0 passengers_killed, 0.0 pedestrian_injured, 0.0 pedestrian_killed, Fair (Night), EDSA C. Jose St.  Pasay",MMDA Road Safety Unit,,a0e8c319-117f-4d3e-bc0f-2a78a558c2ce,2014-10-01,10:30:00,EDSA  Taft Ave.  Pasay,0,0,0,0,0,0,0,0,0,0,2014-10-01 18:30,Property,14.53873461,121.0107828,No Collision Stated
None,EDSA,None,None,"No Accident Factor, Hit and Run (No Collision Stated), 0.0 drivers_injured, 0.0 drivers_killed, 0.0 passengers_injured, 0.0 passengers_killed, 0.0 pedestrian_injured, 0.0 pedestrian_killed, Fair (Day), EDSA   Blue Wave (WB) Pasay",MMDA Road Safety Unit,,f692fe0a-42a7-4693-8611-044d4ad47546,2014-10-01,02:05:00,EDSA Roxas Blvd.  Pasay,0,0,0,0,0,0,0,0,0,0,2014-10-01 10:05,Property,14.53641537,120.9888062,No Collision Stated
None,EDSA,None,None,"No Accident Factor, No Collision Stated (based on Police Blotter Book), 0.0 drivers_injured, 0.0 drivers_killed, 0.0 passengers_injured, 0.0 passengers_killed, 0.0 pedestrian_injured, 0.0 pedestrian_killed, Fair (Night), EDSA E. Rodriguez Blvd.  Pasay",MMDA Road Safety Unit,,2042beba-7a41-4b01-961d-07925465c9b3,2014-09-29,14:00:00,"EDSA ""U"" turn slot (Toyota Manila Bay) Pasay",0,0,0,0,0,0,0,0,0,0,2014-09-29 22:00,Property,14.53836867,121.0085613,No Collision Stated
None,EDSA,None,None,"No Accident Factor, No Collision Stated (based on Police Blotter Book), 0.0 drivers_injured, 0.0 drivers_killed, 0.0 passengers_injured, 0.0 passengers_killed, 0.0 pedestrian_injured, 0.0 pedestrian_killed, Fair (Night), EDSA Zamora St.  Pasay",MMDA Road Safety Unit,,884a1b16-3573-4927-8804-3702fb6c0a94,2014-09-29,09:45:00,EDSA Roxas Blvd.  Pasay,0,0,0,0,0,0,0,0,0,0,2014-09-29 17:45,Property,14.537724,121.0013108,No Collision Stated
None,EDSA,None,None,"No Accident Factor, No Collision Stated (based on Police Blotter Book), 0.0 drivers_injured, 0.0 drivers_killed, 0.0 passengers_injured, 0.0 passengers_killed, 0.0 pedestrian_injured, 0.0 pedestrian_killed, Fair (Night), EDSA  Aurora Blvd. (Tramo St.)  Pasay",MMDA Road Safety Unit,,b5599e10-5e8b-412b-af33-2b80778e917f,2014-09-25,12:00:00,"EDSA  ""U"" turn slot (Toyota Manila Bay) Pasay",0,0,0,0,0,0,0,0,0,0,2014-09-25 20:00,Property,14.53791607,121.0031676,No Collision Stated
None,EDSA,None,None,"No Accident Factor, No Collision Stated (based on Police Blotter Book), 0.0 drivers_injured, 0.0 drivers_killed, 0.0 passengers_injured, 0.0 passengers_killed, 0.0 pedestrian_injured, 0.0 pedestrian_killed, Fair (Night), EDSA  Taft Ave.  Pasay",MMDA Road Safety Unit,,e9f1f21d-532c-4d88-9df1-bedf6b937bd7,2014-09-25,11:00:00,EDSA  Roxas Blvd.  Pasay,0,0,0,0,0,0,0,0,0,0,2014-09-25 19:00,Property,14.53765557,121.0008015,No Collision Stated
None,EDSA,None,None,"No Accident Factor, No Collision Stated (based on Police Blotter Book), 0.0 drivers_injured, 0.0 drivers_killed, 0.0 passengers_injured, 0.0 passengers_killed, 0.0 pedestrian_injured, 0.0 pedestrian_killed, Fair (Night), EDSA  Copacabana Pasay",MMDA Road Safety Unit,,443b8830-478d-46c2-8652-b183e0ef04d5,2014-09-24,11:40:00,EDSA Winston Hotel Pasay,0,0,0,0,0,0,0,0,0,0,2014-09-24 19:40,Property,14.53744223,120.9945863,No Collision Stated
None,EDSA,None,None,"No Accident Factor, No Collision Stated (based on Police Blotter Book), 0.0 drivers_injured, 0.0 drivers_killed, 0.0 passengers_injured, 0.0 passengers_killed, 0.0 pedestrian_injured, 0.0 pedestrian_killed, Fair (Night), EDSA Taft Ave.  Pasay",MMDA Road Safety Unit,,a851d646-722d-4d00-94d2-db49102b8dfa,2014-09-24,07:00:00,EDSA Winston Hotel Pasay,0,0,0,0,0,0,0,0,0,0,2014-09-24 15:00,Property,14.53775951,121.0007229,No Collision Stated
None,EDSA,None,None,"No Accident Factor, No Collision Stated (based on Police Blotter Book), 0.0 drivers_injured, 0.0 drivers_killed, 1.0 passengers_injured, 0.0 passengers_killed, 0.0 pedestrian_injured, 0.0 pedestrian_killed, Fair (Night), EDSA  F. B. Harrison St.  Pasay",MMDA Road Safety Unit,,9187e1ed-6ddb-4e58-9451-62ea874a34b4,2014-09-23,01:15:00,EDSA  Macapagal Blvd.  Pasay,0,0,0,0,1,0,0,0,0,1,2014-09-23 9:15,Injury,14.53788406,120.9956679,No Collision Stated
None,EDSA,None,None,"No Accident Factor, No Collision Stated (based on Police Blotter Book), 0.0 drivers_injured, 0.0 drivers_killed, 0.0 passengers_injured, 0.0 passengers_killed, 0.0 pedestrian_injured, 0.0 pedestrian_killed, Fair (Night), EDSA  Taft Ave.  Pasay",MMDA Road Safety Unit,,306158e0-6a63-427e-bd2a-8b4541db42d4,2014-09-21,04:35:00,EDSA  Heritage Hotel  Pasay,0,0,0,0,0,0,0,0,0,0,2014-09-21 12:35,Property,14.53765557,121.0008015,No Collision Stated
None,EDSA,None,None,"No Accident Factor, No Collision Stated (based on Police Blotter Book), 0.0 drivers_injured, 0.0 drivers_killed, 0.0 passengers_injured, 0.0 passengers_killed, 0.0 pedestrian_injured, 0.0 pedestrian_killed, Fair (Night), EDSA Roxas Blvd.  Pasay",MMDA Road Safety Unit,,ea382ee0-9ef1-4404-95c2-77a8812e5e3a,2014-09-20,07:45:00,EDSA  Roxas Blvd.  Pasay,0,0,0,0,0,0,0,0,0,0,2014-09-20 15:45,Property,14.53725136,120.9928775,No Collision Stated
None,EDSA,None,None,"No Accident Factor, No Collision Stated (based on Police Blotter Book), 0.0 drivers_injured, 0.0 drivers_killed, 0.0 passengers_injured, 0.0 passengers_killed, 0.0 pedestrian_injured, 0.0 pedestrian_killed, Fair (Night), EDSA ""U"" turn slot (Toyota Manila Bay) Pasay",MMDA Road Safety Unit,,e9a13ed9-c7dc-4dde-83c8-8b929a4b8b93,2014-09-18,18:00:00,EDSA  Macapagal Blvd.  Pasay,0,0,0,0,0,0,0,0,0,0,2014-09-19 2:00,Property,14.53748828,120.9924807,No Collision Stated
None,EDSA,None,None,"No Accident Factor, No Collision Stated (based on Police Blotter Book), 0.0 drivers_injured, 0.0 drivers_killed, 0.0 passengers_injured, 0.0 passengers_killed, 0.0 pedestrian_injured, 0.0 pedestrian_killed, Fair (Night), EDSA Roxas Blvd.  Pasay",MMDA Road Safety Unit,,a326e986-871f-4376-9f02-8e182141a61a,2014-09-18,11:50:00,EDSA  D. Macapagal Blvd.  Pasay,0,0,0,0,0,0,0,0,0,0,2014-09-18 19:50,Property,14.53725136,120.9928775,No Collision Stated
None,EDSA,None,None,"No Accident Factor, Hit and Run (No Collision Stated), 0.0 drivers_injured, 0.0 drivers_killed, 0.0 passengers_injured, 0.0 passengers_killed, 0.0 pedestrian_injured, 0.0 pedestrian_killed, Fair (Night), EDSA  ""U"" turn slot (Toyota Manila Bay) Pasay",MMDA Road Safety Unit,,93da0306-7ace-42e6-9aae-5477bc9456d7,2014-09-16,04:15:00,EDSA Cabrera St. Pasay,0,0,0,0,0,0,0,0,0,0,2014-09-16 12:15,Property,14.53748136,120.99237,No Collision Stated
None,EDSA,None,None,"No Accident Factor, No Collision Stated (based on Police Blotter Book), 0.0 drivers_injured, 0.0 drivers_killed, 0.0 passengers_injured, 0.0 passengers_killed, 0.0 pedestrian_injured, 0.0 pedestrian_killed, Fair (Night), EDSA  Roxas Blvd.  Pasay",MMDA Road Safety Unit,,a9443611-54e5-4785-8716-b5c882e6f56d,2014-09-16,02:30:00,"EDSA P. Celle St. ""U"" turn slot Pasay",0,0,0,0,0,0,0,0,0,0,2014-09-16 10:30,Property,14.53707744,120.9924007,No Collision Stated
None,EDSA,None,None,"No Accident Factor, No Collision Stated (based on Police Blotter Book), 0.0 drivers_injured, 0.0 drivers_killed, 0.0 passengers_injured, 0.0 passengers_killed, 0.0 pedestrian_injured, 0.0 pedestrian_killed, Fair (Night), EDSA Winston Hotel  Pasay",MMDA Road Safety Unit,,8f71f315-1e04-4f47-8c58-c626acd30fcb,2014-09-14,23:30:00,EDSA  D. Macapagal Blvd.  Pasay,0,0,0,0,0,0,0,0,0,0,2014-09-15 7:30,Property,14.53779363,121.0036149,No Collision Stated
None,EDSA,None,None,"No Accident Factor, Hit and Run (No Collision Stated), 0.0 drivers_injured, 0.0 drivers_killed, 0.0 passengers_injured, 0.0 passengers_killed, 0.0 pedestrian_injured, 0.0 pedestrian_killed, Fair (Night), EDSA Winston Hotel  Pasay",MMDA Road Safety Unit,,d6a0b9bc-dbf0-4e96-a36f-2ad209d62a8f,2014-09-14,14:00:00,EDSA Taft Ave. LRT  Pasay,0,0,0,0,0,0,0,0,0,0,2014-09-14 22:00,Property,14.53779363,121.0036149,No Collision Stated
None,EDSA,None,None,"No Accident Factor, No Collision Stated (based on Police Blotter Book), 0.0 drivers_injured, 0.0 drivers_killed, 0.0 passengers_injured, 0.0 passengers_killed, 0.0 pedestrian_injured, 0.0 pedestrian_killed, Fair (Night), EDSA  Macapagal Blvd.  Pasay",MMDA Road Safety Unit,,933dd4cd-e1d9-4fa2-9b05-141fce3d1381,2014-09-13,14:30:00,EDSA  D. Macapagal Blvd.  Pasay,0,0,0,0,0,0,0,0,0,0,2014-09-13 22:30,Property,14.53644854,120.9889375,No Collision Stated
None,EDSA,None,None,"No Accident Factor, No Collision Stated (based on Police Blotter Book), 1.0 drivers_injured, 0.0 drivers_killed, 5.0 passengers_injured, 0.0 passengers_killed, 0.0 pedestrian_injured, 0.0 pedestrian_killed, Fair (Night), EDSA  Heritage Hotel  Pasay",MMDA Road Safety Unit,,05b1e989-347a-4f28-9fe2-83921b69bf3f,2014-09-13,14:15:00,"EDSA  ""U"" turn slot, Toyota Manila Bay  Pasay",0,0,0,1,5,0,0,0,0,6,2014-09-13 22:15,Injury,14.53714503,120.9931655,No Collision Stated
None,EDSA,None,None,"No Accident Factor, No Collision Stated (based on Police Blotter Book), 0.0 drivers_injured, 0.0 drivers_killed, 0.0 passengers_injured, 0.0 passengers_killed, 0.0 pedestrian_injured, 0.0 pedestrian_killed, Fair (Night), EDSA  Roxas Blvd.  Pasay",MMDA Road Safety Unit,,8ae1ced1-9d37-41e5-b6e9-d1c32124df24,2014-09-09,03:30:00,EDSA Tramo St.  Pasay,0,0,0,0,0,0,0,0,0,0,2014-09-09 11:30,Property,14.53707744,120.9924007,No Collision Stated
None,EDSA,None,None,"No Accident Factor, No Collision Stated (based on Police Blotter Book), 0.0 drivers_injured, 0.0 drivers_killed, 0.0 passengers_injured, 0.0 passengers_killed, 0.0 pedestrian_injured, 0.0 pedestrian_killed, Fair (Night), EDSA  Macapagal Blvd.  Pasay",MMDA Road Safety Unit,,87653a6c-3412-4ec5-a355-a26b35406529,2014-09-05,15:00:00,EDSA Taft Ave. Pasay,0,0,0,0,0,0,0,0,0,0,2014-09-05 23:00,Property,14.53644854,120.9889375,No Collision Stated
None,EDSA,None,None,"No Accident Factor, No Collision Stated (based on Police Blotter Book), 0.0 drivers_injured, 0.0 drivers_killed, 0.0 passengers_injured, 0.0 passengers_killed, 0.0 pedestrian_injured, 0.0 pedestrian_killed, Fair (Day), EDSA  D. Macapagal Blvd.  Pasay",MMDA Road Safety Unit,,c2d43f13-d8d4-4302-8d8b-052a5e94adcc,2014-09-04,05:30:00,"EDSA  ""U"" turn slot  Pasay",0,0,0,0,0,0,0,0,0,0,2014-09-04 13:30,Property,14.53620909,120.9890383,No Collision Stated
None,EDSA,None,None,"No Accident Factor, Rear-end, 0.0 drivers_injured, 0.0 drivers_killed, 0.0 passengers_injured, 0.0 passengers_killed, 0.0 pedestrian_injured, 0.0 pedestrian_killed, Fair (Day), EDSA Cabrera St. Pasay",MMDA Road Safety Unit,,30891ae6-6eef-470a-89ce-298ccc7da32e,2014-09-01,02:00:00,EDSA Taft Ave.  Pasay,0,0,0,0,0,0,0,0,0,0,2014-09-01 10:00,Property,14.53817493,121.0048575,Rear-End
None,EDSA,None,None,"No Accident Factor, No Collision Stated (based on Police Blotter Book), 0.0 drivers_injured, 0.0 drivers_killed, 0.0 passengers_injured, 0.0 passengers_killed, 0.0 pedestrian_injured, 0.0 pedestrian_killed, Fair (Day), EDSA P. Celle St. ""U"" turn slot Pasay",MMDA Road Safety Unit,,f2be924d-9fc7-45e3-966a-14e568ee62f9,2014-08-30,09:10:00,EDSA  Roxas Blvd.  Pasay,0,0,0,0,0,0,0,0,0,0,2014-08-30 17:10,Property,14.53778565,120.9974409,No Collision Stated
None,EDSA,None,None,"No Accident Factor, No Collision Stated (based on Police Blotter Book), 0.0 drivers_injured, 0.0 drivers_killed, 0.0 passengers_injured, 0.0 passengers_killed, 0.0 pedestrian_injured, 0.0 pedestrian_killed, Fair (Day), EDSA  D. Macapagal Blvd.  Pasay",MMDA Road Safety Unit,,63b0c658-dd1e-4479-b73f-984c5f4b8e98,2014-08-30,02:45:00,EDSA Taft Ave.  Pasay,0,0,0,0,0,0,0,0,0,0,2014-08-30 10:45,Property,14.53620909,120.9890383,No Collision Stated
None,EDSA,None,None,"No Accident Factor, No Collision Stated (based on Police Blotter Book), 0.0 drivers_injured, 0.0 drivers_killed, 0.0 passengers_injured, 0.0 passengers_killed, 0.0 pedestrian_injured, 0.0 pedestrian_killed, Fair (Night), EDSA Taft Ave. LRT  Pasay",MMDA Road Safety Unit,,2ec433b1-214e-417a-a2bf-b90af7add5df,2014-08-26,14:10:00,EDSA Taft Ave.  Pasay,0,0,0,0,0,0,0,0,0,0,2014-08-26 22:10,Property,14.53775951,121.0007229,No Collision Stated
None,EDSA,None,None,"No Accident Factor, No Collision Stated (based on Police Blotter Book), 0.0 drivers_injured, 0.0 drivers_killed, 0.0 passengers_injured, 0.0 passengers_killed, 0.0 pedestrian_injured, 0.0 pedestrian_killed, Fair (Day), EDSA  D. Macapagal Blvd.  Pasay",MMDA Road Safety Unit,,7f4ef4ac-c1ac-48ac-9bec-c9f4d8c903b2,2014-08-23,09:15:00,EDSA Taft Ave. Pasay,0,0,0,0,0,0,0,0,0,0,2014-08-23 17:15,Property,14.53620909,120.9890383,No Collision Stated
None,EDSA,None,None,"No Accident Factor, No Collision Stated (based on Police Blotter Book), 0.0 drivers_injured, 0.0 drivers_killed, 0.0 passengers_injured, 0.0 passengers_killed, 0.0 pedestrian_injured, 0.0 pedestrian_killed, Fair (Night), EDSA  ""U"" turn slot, Toyota Manila Bay  Pasay",MMDA Road Safety Unit,,25a7a841-4303-4ae3-b9c9-3410c63a4250,2014-08-22,15:45:00,"EDSA  ""U"" turn slot Herritage Hotel  Pasay",0,0,0,0,0,0,0,0,0,0,2014-08-22 23:45,Property,14.53748771,120.9924149,No Collision Stated
None,EDSA,None,None,"No Accident Factor, No Collision Stated (based on Police Blotter Book), 0.0 drivers_injured, 0.0 drivers_killed, 0.0 passengers_injured, 0.0 passengers_killed, 0.0 pedestrian_injured, 0.0 pedestrian_killed, Fair (Day), EDSA Tramo St.  Pasay",MMDA Road Safety Unit,,48d27d3e-499f-4a13-8ff7-d8dfe61effdd,2014-08-20,22:45:00,EDSA  D. Macapagal Blvd.  Pasay,0,0,0,0,0,0,0,0,0,0,2014-08-21 6:45,Property,14.53790544,121.0032547,No Collision Stated
None,EDSA,None,None,"No Accident Factor, No Collision Stated (based on Police Blotter Book), 0.0 drivers_injured, 0.0 drivers_killed, 0.0 passengers_injured, 0.0 passengers_killed, 0.0 pedestrian_injured, 0.0 pedestrian_killed, Fair (Night), EDSA Taft Ave. Pasay",MMDA Road Safety Unit,,1e762c1d-7288-4e94-8910-603647780101,2014-08-16,12:30:00,EDSA Victory Liner Bus Terminal  Pasay,0,0,0,0,0,0,0,0,0,0,2014-08-16 20:30,Property,14.53775951,121.0007229,No Collision Stated
None,EDSA,None,None,"No Accident Factor, No Collision Stated (based on Police Blotter Book), 1.0 drivers_injured, 0.0 drivers_killed, 1.0 passengers_injured, 0.0 passengers_killed, 0.0 pedestrian_injured, 0.0 pedestrian_killed, Fair (Night), EDSA  ""U"" turn slot  Pasay",MMDA Road Safety Unit,,dd25027d-7c68-43c3-aa98-200c4c263701,2014-08-15,19:00:00,EDSA  Mahal Kita Inn Pasay,0,0,0,1,1,0,0,0,0,2,2014-08-16 3:00,Injury,14.53736602,120.9938678,No Collision Stated
None,EDSA,None,None,"No Accident Factor, No Collision Stated (based on Police Blotter Book), 0.0 drivers_injured, 0.0 drivers_killed, 0.0 passengers_injured, 0.0 passengers_killed, 0.0 pedestrian_injured, 0.0 pedestrian_killed, Fair (Night), EDSA Taft Ave.  Pasay",MMDA Road Safety Unit,,51dc76b9-e513-4c1d-a08c-f92e686ef45b,2014-08-14,20:10:00,EDSA Taft Ave.  Pasay,0,0,0,0,0,0,0,0,0,0,2014-08-15 4:10,Property,14.53775951,121.0007229,No Collision Stated
None,EDSA,None,None,"No Accident Factor, Rear-end, 0.0 drivers_injured, 0.0 drivers_killed, 0.0 passengers_injured, 0.0 passengers_killed, 0.0 pedestrian_injured, 0.0 pedestrian_killed, Fair (Day), EDSA  Roxas Blvd.  Pasay",MMDA Road Safety Unit,,b7bba798-7c6c-4aca-b047-135dd76bae60,2014-08-14,06:30:00,EDSA Taft Ave.  Pasay,0,0,0,0,0,0,0,0,0,0,2014-08-14 14:30,Property,14.53707744,120.9924007,Rear-End
None,EDSA,None,None,"No Accident Factor, Side Swipe, 0.0 drivers_injured, 0.0 drivers_killed, 0.0 passengers_injured, 0.0 passengers_killed, 0.0 pedestrian_injured, 0.0 pedestrian_killed, Fair (Day), EDSA Taft Ave.  Pasay",MMDA Road Safety Unit,,9b778f25-6c67-4ca6-9eff-3a185c262edc,2014-08-14,05:45:00,EDSA Taft Ave.  Pasay,0,0,0,0,0,0,0,0,0,0,2014-08-14 13:45,Property,14.53775951,121.0007229,Side Swipe
None,EDSA,None,None,"No Accident Factor, No Collision Stated (based on Police Blotter Book), 0.0 drivers_injured, 0.0 drivers_killed, 0.0 passengers_injured, 0.0 passengers_killed, 0.0 pedestrian_injured, 0.0 pedestrian_killed, Fair (Day), EDSA Taft Ave.  Pasay",MMDA Road Safety Unit,,ac372ba6-92e6-4e16-963a-10eb66ba929f,2014-08-14,02:45:00,EDSA E. Rodriguez St.  Pasay,0,0,0,0,0,0,0,0,0,0,2014-08-14 10:45,Property,14.53775951,121.0007229,No Collision Stated
None,EDSA,None,None,"No Accident Factor, Rear-end, 0.0 drivers_injured, 0.0 drivers_killed, 0.0 passengers_injured, 0.0 passengers_killed, 0.0 pedestrian_injured, 0.0 pedestrian_killed, Fair (Day), EDSA Taft Ave. Pasay",MMDA Road Safety Unit,,7209f644-178e-49ab-ac7b-f0c203831075,2014-08-13,00:15:00,EDSA Roxas Blvd. Auxillary Road Pasay,0,0,0,0,0,0,0,0,0,0,2014-08-13 8:15,Property,14.53775951,121.0007229,Rear-End
None,EDSA,None,None,"No Accident Factor, No Collision Stated (based on Police Blotter Book), 0.0 drivers_injured, 0.0 drivers_killed, 0.0 passengers_injured, 0.0 passengers_killed, 0.0 pedestrian_injured, 0.0 pedestrian_killed, Fair (Day), EDSA  ""U"" turn slot Herritage Hotel  Pasay",MMDA Road Safety Unit,,71d07b6e-3139-4c80-ad27-e23e8804d078,2014-08-12,23:40:00,EDSA Cabrera St.  Pasay,0,0,0,0,0,0,0,0,0,0,2014-08-13 7:40,Property,14.53736602,120.9938678,No Collision Stated
None,EDSA,None,None,"No Accident Factor, Hit and Run (No Collision Stated), 0.0 drivers_injured, 0.0 drivers_killed, 0.0 passengers_injured, 0.0 passengers_killed, 0.0 pedestrian_injured, 0.0 pedestrian_killed, Fair (Night), EDSA  D. Macapagal Blvd.  Pasay",MMDA Road Safety Unit,,6932ff6d-8767-423a-9eb5-d1a8ffb54c63,2014-08-12,15:00:00,EDSA  Roxas Blvd.  Pasay,0,0,0,0,0,0,0,0,0,0,2014-08-12 23:00,Property,14.53620909,120.9890383,No Collision Stated
None,EDSA,None,None,"No Accident Factor, No Collision Stated (based on Police Blotter Book), 0.0 drivers_injured, 0.0 drivers_killed, 0.0 passengers_injured, 0.0 passengers_killed, 0.0 pedestrian_injured, 0.0 pedestrian_killed, Fair (Day), EDSA Victory Liner Bus Terminal  Pasay",MMDA Road Safety Unit,,511a091e-606e-44da-a50b-d1aa36933f76,2014-08-12,05:00:00,EDSA  SM MOA Pasay,0,0,0,0,0,0,0,0,0,0,2014-08-12 13:00,Property,14.53839425,121.0066648,No Collision Stated
None,EDSA,None,None,"No Accident Factor, No Collision Stated (based on Police Blotter Book), 0.0 drivers_injured, 0.0 drivers_killed, 0.0 passengers_injured, 0.0 passengers_killed, 0.0 pedestrian_injured, 0.0 pedestrian_killed, Fair (Night), EDSA  Mahal Kita Inn Pasay",MMDA Road Safety Unit,,fcf83ced-049d-46d1-9f37-ea1613050c4b,2014-08-10,10:00:00,EDSA Rotonda  Pasay,0,0,0,0,0,0,0,0,0,0,2014-08-10 18:00,Property,14.53746882,120.9995696,No Collision Stated
None,EDSA,None,None,"No Accident Factor, No Collision Stated (based on Police Blotter Book), 0.0 drivers_injured, 0.0 drivers_killed, 0.0 passengers_injured, 0.0 passengers_killed, 0.0 pedestrian_injured, 0.0 pedestrian_killed, Fair (Day), EDSA Taft Ave.  Pasay",MMDA Road Safety Unit,,1ef99f2d-da1a-4a44-812d-8438c4ec6215,2014-08-10,03:30:00,"EDSA  ""U"" turn slot , SM MOA Circle Pasay",0,0,0,0,0,0,0,0,0,0,2014-08-10 11:30,Property,14.53775951,121.0007229,No Collision Stated
None,EDSA,None,None,"No Accident Factor, Hit and Run (No Collision Stated), 0.0 drivers_injured, 0.0 drivers_killed, 0.0 passengers_injured, 0.0 passengers_killed, 0.0 pedestrian_injured, 0.0 pedestrian_killed, Fair (Day), EDSA Taft Ave.  Pasay",MMDA Road Safety Unit,,3b98dc56-104f-4b39-8ecd-15551060462f,2014-08-09,08:30:00,EDSA Rotonda  Pasay,0,0,0,0,0,0,0,0,0,0,2014-08-09 16:30,Property,14.53775951,121.0007229,No Collision Stated
None,EDSA,None,None,"No Accident Factor, No Collision Stated (based on Police Blotter Book), 0.0 drivers_injured, 0.0 drivers_killed, 0.0 passengers_injured, 0.0 passengers_killed, 0.0 pedestrian_injured, 0.0 pedestrian_killed, Fair (Day), EDSA Taft Ave.  Pasay",MMDA Road Safety Unit,,60bca0dd-3fea-4771-9620-d930a2d73a4c,2014-08-09,06:30:00,EDSA Rotonda Pasay,0,0,0,0,0,0,0,0,0,0,2014-08-09 14:30,Property,14.53775951,121.0007229,No Collision Stated
None,EDSA,None,None,"No Accident Factor, Hit and Run (No Collision Stated), 1.0 drivers_injured, 0.0 drivers_killed, 0.0 passengers_injured, 0.0 passengers_killed, 0.0 pedestrian_injured, 0.0 pedestrian_killed, Fair (Day), EDSA E. Rodriguez St.  Pasay",MMDA Road Safety Unit,,b7b8c6e4-8cab-4e5c-a297-6d5b8b065222,2014-08-08,04:05:00,"EDSA  ""U"" turn slot , Heritage Hotel  Pasay",0,0,0,1,0,0,0,0,0,1,2014-08-08 12:05,Injury,14.53836867,121.0085613,No Collision Stated
None,EDSA,None,None,"No Accident Factor, No Collision Stated (based on Police Blotter Book), 0.0 drivers_injured, 0.0 drivers_killed, 0.0 passengers_injured, 0.0 passengers_killed, 0.0 pedestrian_injured, 0.0 pedestrian_killed, Fair (Day), EDSA Roxas Blvd. Auxillary Road Pasay",MMDA Road Safety Unit,,9e9a7383-9efe-44e7-8eca-cf5b21aefdb8,2014-08-05,06:25:00,EDSA Taft Ave.  Pasay,0,0,0,0,0,0,0,0,0,0,2014-08-05 14:25,Property,14.53725136,120.9928775,No Collision Stated