LOCATION_TEXT,ROAD,WEATHER,LIGHT,DESC,REPORTING_AGENCY,MAIN_CAUSE,INCIDENTDETAILS_ID,DATE_UTC,TIME_UTC,ADDRESS,killed_driver,killed_passenger,killed_pedestrian,injured_driver,injured_passenger,injured_pedestrian,killed_uncategorized,injured_uncategorized,killed_total,injured_total,DATETIME_PST,SEVERITY,Y,X,COLLISION_TYPE
None,EDSA,None,None,"No Accident Factor, No Collision Stated (based on Police Blotter Book), 0.0 drivers_injured, 0.0 drivers_killed, 0.0 passengers_injured, 0.0 passengers_killed, 0.0 pedestrian_injured, 0.0 pedestrian_killed, Fair (Night), EDSA Cabrera St.  Pasay",MMDA Road Safety Unit,,f914722c-43ce-4e8c-8820-e189b98345ba,2014-08-04,10:30:00,"EDSA ""U"" turn slot, P. Celles St.  Pasay",0,0,0,0,0,0,0,0,0,0,2014-08-04 18:30,Property,14.53817493,121.0048575,No Collision Stated
None,EDSA,None,None,"No Accident Factor, No Collision Stated (based on Police Blotter Book), 0.0 drivers_injured, 0.0 drivers_killed, 0.0 passengers_injured, 0.0 passengers_killed, 0.0 pedestrian_injured, 0.0 pedestrian_killed, Fair (Night), EDSA  Roxas Blvd.  Pasay",MMDA Road Safety Unit,,3b970fc1-e1b3-40a6-b358-813dc9c0bc84,2014-08-02,20:45:00,EDSA Zamora St. Pasay,0,0,0,0,0,0,0,0,0,0,2014-08-03 4:45,Property,14.53707744,120.9924007,No Collision Stated
None,EDSA,None,None,"No Accident Factor, No Collision Stated (based on Police Blotter Book), 0.0 drivers_injured, 0.0 drivers_killed, 0.0 passengers_injured, 0.0 passengers_killed, 0.0 pedestrian_injured, 0.0 pedestrian_killed, Fair (Day), EDSA  SM MOA Pasay",MMDA Road Safety Unit,,b8055e80-545c-4f15-a02b-922d6aafc277,2014-07-31,00:55:00,EDSA Copacabana Hotel  Pasay,0,0,0,0,0,0,0,0,0,0,2014-07-31 8:55,Property,14.53549965,120.9847849,No Collision Stated
None,EDSA,None,None,"No Accident Factor, No Collision Stated (based on Police Blotter Book), 0.0 drivers_injured, 0.0 drivers_killed, 0.0 passengers_injured, 0.0 passengers_killed, 0.0 pedestrian_injured, 0.0 pedestrian_killed, Fair (Day), EDSA Rotonda  Pasay",MMDA Road Safety Unit,,ec89e1f5-3ef9-4b53-b785-f17eacce4685,2014-07-30,03:20:00,EDSA  Service Road Copacabana Hotel  Pasay,0,0,0,0,0,0,0,0,0,0,2014-07-30 11:20,Property,14.53744344,121.0007766,No Collision Stated
None,EDSA,None,None,"No Accident Factor, No Collision Stated (based on Police Blotter Book), 0.0 drivers_injured, 0.0 drivers_killed, 0.0 passengers_injured, 0.0 passengers_killed, 0.0 pedestrian_injured, 0.0 pedestrian_killed, Fair (Day), EDSA  ""U"" turn slot , SM MOA Circle Pasay",MMDA Road Safety Unit,,f528dcd4-c989-4b61-8da2-0bcdaefad271,2014-07-29,04:00:00,"EDSA  P. Celle St. ""U"" turn slot Pasay",0,0,0,0,0,0,0,0,0,0,2014-07-29 12:00,Property,14.53541941,120.9847692,No Collision Stated
None,EDSA,None,None,"No Accident Factor, No Collision Stated (based on Police Blotter Book), 0.0 drivers_injured, 0.0 drivers_killed, 0.0 passengers_injured, 0.0 passengers_killed, 0.0 pedestrian_injured, 0.0 pedestrian_killed, Fair (Day), EDSA Rotonda  Pasay",MMDA Road Safety Unit,,25797a77-3518-41e5-8719-d2d14f1ae10b,2014-07-26,23:00:00,EDSA Roxas Blvd.    Pasay,0,0,0,0,0,0,0,0,0,0,2014-07-27 7:00,Property,14.53744344,121.0007766,No Collision Stated
None,EDSA,None,None,"No Accident Factor, No Collision Stated (based on Police Blotter Book), 0.0 drivers_injured, 0.0 drivers_killed, 0.0 passengers_injured, 0.0 passengers_killed, 0.0 pedestrian_injured, 0.0 pedestrian_killed, Fair (Day), EDSA Rotonda Pasay",MMDA Road Safety Unit,,24e6c268-c5d1-4471-9d2f-841938544666,2014-07-25,06:20:00,"EDSA  ""U"" turn slot, Toyota Manila Bay Pasay",0,0,0,0,0,0,0,0,0,0,2014-07-25 14:20,Property,14.53744344,121.0007766,No Collision Stated
None,EDSA,None,None,"No Accident Factor, No Collision Stated (based on Police Blotter Book), 1.0 drivers_injured, 0.0 drivers_killed, 0.0 passengers_injured, 0.0 passengers_killed, 0.0 pedestrian_injured, 0.0 pedestrian_killed, Fair (Night), EDSA  ""U"" turn slot , Heritage Hotel  Pasay",MMDA Road Safety Unit,,e60abb6e-d20b-41c9-887c-2b9eaae0c637,2014-07-23,13:20:00,EDSA  Roxas Blvd.  Pasay,0,0,0,1,0,0,0,0,0,1,2014-07-23 21:20,Injury,14.53736602,120.9938678,No Collision Stated
None,EDSA,None,None,"No Accident Factor, No Collision Stated (based on Police Blotter Book), 0.0 drivers_injured, 0.0 drivers_killed, 0.0 passengers_injured, 0.0 passengers_killed, 0.0 pedestrian_injured, 0.0 pedestrian_killed, Fair (Day), EDSA Taft Ave.  Pasay",MMDA Road Safety Unit,,0bf14166-ea86-4fb3-8cbc-fe9087737711,2014-07-22,04:25:00,"EDSA  ""U"" turn slot Pasay",0,0,0,0,0,0,0,0,0,0,2014-07-22 12:25,Property,14.53775951,121.0007229,No Collision Stated
None,EDSA,None,None,"No Accident Factor, No Collision Stated (based on Police Blotter Book), 1.0 drivers_injured, 0.0 drivers_killed, 1.0 passengers_injured, 0.0 passengers_killed, 0.0 pedestrian_injured, 0.0 pedestrian_killed, Fair (Night), EDSA ""U"" turn slot, P. Celles St.  Pasay",MMDA Road Safety Unit,,48e388b8-b07d-4b6b-be90-d9adbf7ab7b8,2014-07-22,00:30:00,EDSA Taft Ave.  Pasay,0,0,0,1,1,0,0,0,0,2,2014-07-22 8:30,Injury,14.53777151,120.9974946,No Collision Stated
None,EDSA,None,None,"No Accident Factor, No Collision Stated (based on Police Blotter Book), 0.0 drivers_injured, 0.0 drivers_killed, 0.0 passengers_injured, 0.0 passengers_killed, 0.0 pedestrian_injured, 0.0 pedestrian_killed, Fair (Day), EDSA Zamora St. Pasay",MMDA Road Safety Unit,,94aab817-5ccf-4ad4-8fcb-97b6871bfd5e,2014-07-21,23:30:00,EDSA Taft Ave.  Pasay,0,0,0,0,0,0,0,0,0,0,2014-07-22 7:30,Property,14.537724,121.0013108,No Collision Stated
None,EDSA,None,None,"No Accident Factor, Rear-end, 0.0 drivers_injured, 0.0 drivers_killed, 0.0 passengers_injured, 0.0 passengers_killed, 0.0 pedestrian_injured, 0.0 pedestrian_killed, Fair (Day), EDSA Copacabana Hotel  Pasay",MMDA Road Safety Unit,,e8037cd1-fb66-4ead-8015-5456a77eb2e2,2014-07-21,02:45:00,EDSA Taft Ave.  Pasay,0,0,0,0,0,0,0,0,0,0,2014-07-21 10:45,Property,14.53747529,120.9943264,Rear-End
None,EDSA,None,None,"No Accident Factor, No Collision Stated (based on Police Blotter Book), 0.0 drivers_injured, 0.0 drivers_killed, 0.0 passengers_injured, 0.0 passengers_killed, 0.0 pedestrian_injured, 0.0 pedestrian_killed, Fair (Night), EDSA  Service Road Copacabana Hotel  Pasay",MMDA Road Safety Unit,,7c8fc966-c40b-4f6c-9243-9b51cce7a91e,2014-07-20,14:30:00,EDSA  D. Macapagal Blvd.  Pasay,0,0,0,0,0,0,0,0,0,0,2014-07-20 22:30,Property,14.53747399,120.9945532,No Collision Stated
None,EDSA,None,None,"No Accident Factor, No Collision Stated (based on Police Blotter Book), 0.0 drivers_injured, 0.0 drivers_killed, 0.0 passengers_injured, 0.0 passengers_killed, 0.0 pedestrian_injured, 0.0 pedestrian_killed, Fair (Night), EDSA  P. Celle St. ""U"" turn slot Pasay",MMDA Road Safety Unit,,aa92bf86-2730-4405-9036-3c4658161b68,2014-07-19,12:30:00,EDSA Kabayan Hotel  Pasay,0,0,0,0,0,0,0,0,0,0,2014-07-19 20:30,Property,14.53790317,120.9973883,No Collision Stated
None,EDSA,None,None,"No Accident Factor, No Collision Stated (based on Police Blotter Book), 0.0 drivers_injured, 0.0 drivers_killed, 0.0 passengers_injured, 0.0 passengers_killed, 0.0 pedestrian_injured, 0.0 pedestrian_killed, Fair (Night), EDSA Roxas Blvd.    Pasay",MMDA Road Safety Unit,,927d131b-da25-4bfc-a928-96cb73c1f243,2014-07-18,20:20:00,EDSA  D. Macapagal Blvd.  Pasay,0,0,0,0,0,0,0,0,0,0,2014-07-19 4:20,Property,14.53725136,120.9928775,No Collision Stated
None,EDSA,None,None,"No Accident Factor, No Collision Stated (based on Police Blotter Book), 0.0 drivers_injured, 0.0 drivers_killed, 0.0 passengers_injured, 0.0 passengers_killed, 0.0 pedestrian_injured, 0.0 pedestrian_killed, Fair (Day), EDSA  ""U"" turn slot, Toyota Manila Bay Pasay",MMDA Road Safety Unit,,a66afb8c-dae7-49cb-a56e-a86e7c23681e,2014-07-18,06:40:00,"EDSA  ""U"" turn slot - Heritage Hotel  Pasay",0,0,0,0,0,0,0,0,0,0,2014-07-18 14:40,Property,14.53748771,120.9924149,No Collision Stated
None,EDSA,None,None,"No Accident Factor, No Collision Stated (based on Police Blotter Book), 0.0 drivers_injured, 0.0 drivers_killed, 0.0 passengers_injured, 0.0 passengers_killed, 0.0 pedestrian_injured, 0.0 pedestrian_killed, Fair (Night), EDSA  Roxas Blvd.  Pasay",MMDA Road Safety Unit,,fd1dc857-26cf-4c17-b68a-e52ff025f662,2014-07-17,12:20:00,"EDSA ""U"" turn slot - Heritage Hotel  Pasay",0,0,0,0,0,0,0,0,0,0,2014-07-17 20:20,Property,14.53707744,120.9924007,No Collision Stated
None,EDSA,None,None,"No Accident Factor, No Collision Stated (based on Police Blotter Book), 1.0 drivers_injured, 0.0 drivers_killed, 0.0 passengers_injured, 0.0 passengers_killed, 0.0 pedestrian_injured, 0.0 pedestrian_killed, Fair (Day), EDSA  ""U"" turn slot Pasay",MMDA Road Safety Unit,,bf97a670-976c-4b23-b8a6-71aaedf2dcfa,2014-07-13,05:30:00,EDSA Roxas Blvd.  Pasay,0,0,0,1,0,0,0,0,0,1,2014-07-13 13:30,Injury,14.53736602,120.9938678,No Collision Stated
None,EDSA,None,None,"No Accident Factor, No Collision Stated (based on Police Blotter Book), 0.0 drivers_injured, 0.0 drivers_killed, 0.0 passengers_injured, 0.0 passengers_killed, 0.0 pedestrian_injured, 0.0 pedestrian_killed, Fair (Night), EDSA Taft Ave.  Pasay",MMDA Road Safety Unit,,add0bb01-0ad8-4e69-93e1-92524a743f3a,2014-07-12,14:35:00,EDSA F. B. Harrison St.  Pasay,0,0,0,0,0,0,0,0,0,0,2014-07-12 22:35,Property,14.53775951,121.0007229,No Collision Stated
None,EDSA,None,None,"No Accident Factor, No Collision Stated (based on Police Blotter Book), 0.0 drivers_injured, 0.0 drivers_killed, 0.0 passengers_injured, 0.0 passengers_killed, 0.0 pedestrian_injured, 0.0 pedestrian_killed, Fair (Night), EDSA Taft Ave.  Pasay",MMDA Road Safety Unit,,9348d58e-194d-49be-8aa4-1f360867988e,2014-07-12,12:30:00,EDSA Taft Ave. Pasay,0,0,0,0,0,0,0,0,0,0,2014-07-12 20:30,Property,14.53775951,121.0007229,No Collision Stated
None,EDSA,None,None,"No Accident Factor, No Collision Stated (based on Police Blotter Book), 0.0 drivers_injured, 0.0 drivers_killed, 0.0 passengers_injured, 0.0 passengers_killed, 0.0 pedestrian_injured, 0.0 pedestrian_killed, Fair (Day), EDSA Taft Ave.  Pasay",MMDA Road Safety Unit,,649229cb-09d9-44e5-a544-999f72163e09,2014-07-12,06:00:00,EDSA Roxas Blvd.  Pasay,0,0,0,0,0,0,0,0,0,0,2014-07-12 14:00,Property,14.53775951,121.0007229,No Collision Stated
None,EDSA,None,None,"No Accident Factor, No Collision Stated (based on Police Blotter Book), 0.0 drivers_injured, 0.0 drivers_killed, 0.0 passengers_injured, 0.0 passengers_killed, 0.0 pedestrian_injured, 0.0 pedestrian_killed, Fair (Day), EDSA  D. Macapagal Blvd.  Pasay",MMDA Road Safety Unit,,d011fc7c-a826-42b5-9cf8-77eda326363f,2014-07-11,05:30:00,EDSA Victory Liner Bus Terminal Pasay,0,0,0,0,0,0,0,0,0,0,2014-07-11 13:30,Property,14.53620909,120.9890383,No Collision Stated
None,EDSA,None,None,"No Accident Factor, No Collision Stated (based on Police Blotter Book), 0.0 drivers_injured, 0.0 drivers_killed, 0.0 passengers_injured, 0.0 passengers_killed, 0.0 pedestrian_injured, 0.0 pedestrian_killed, Fair (Day), EDSA Kabayan Hotel  Pasay",MMDA Road Safety Unit,,145dfa38-8177-47a9-84ee-38b043bb360a,2014-07-09,08:10:00,EDSA Park Ave.  Pasay,0,0,0,0,0,0,0,0,0,0,2014-07-09 16:10,Property,14.53775829,121.0015736,No Collision Stated
None,EDSA,None,None,"No Accident Factor, No Collision Stated (based on Police Blotter Book), 0.0 drivers_injured, 0.0 drivers_killed, 1.0 passengers_injured, 0.0 passengers_killed, 0.0 pedestrian_injured, 0.0 pedestrian_killed, Fair (Night), EDSA  D. Macapagal Blvd.  Pasay",MMDA Road Safety Unit,,91e769c4-a8ef-4770-bb7a-862e027f4eef,2014-07-08,12:25:00,EDSA Caltex Gas Station Pasay,0,0,0,0,1,0,0,0,0,1,2014-07-08 20:25,Injury,14.53620909,120.9890383,No Collision Stated
None,EDSA,None,None,"No Accident Factor, No Collision Stated (based on Police Blotter Book), 1.0 drivers_injured, 0.0 drivers_killed, 0.0 passengers_injured, 0.0 passengers_killed, 0.0 pedestrian_injured, 0.0 pedestrian_killed, Fair (Day), EDSA  ""U"" turn slot - Heritage Hotel  Pasay",MMDA Road Safety Unit,,008ce91b-b67c-427d-b7cc-08b44ed9b6fd,2014-07-07,22:00:00,"EDSA ""U"" turn slot, Heritage Hotel  Pasay",0,0,0,1,0,0,0,0,0,1,2014-07-08 6:00,Injury,14.53736602,120.9938678,No Collision Stated
None,EDSA,None,None,"No Accident Factor, No Collision Stated (based on Police Blotter Book), 0.0 drivers_injured, 0.0 drivers_killed, 0.0 passengers_injured, 0.0 passengers_killed, 0.0 pedestrian_injured, 0.0 pedestrian_killed, Fair (Night), EDSA ""U"" turn slot - Heritage Hotel  Pasay",MMDA Road Safety Unit,,8b7f7159-a6c4-4996-bab9-959ef245effe,2014-07-07,14:15:00,EDSA Heritage Hotel Pasay,0,0,0,0,0,0,0,0,0,0,2014-07-07 22:15,Property,14.53735902,120.9938709,No Collision Stated
None,EDSA,None,None,"No Accident Factor, No Collision Stated (based on Police Blotter Book), 0.0 drivers_injured, 0.0 drivers_killed, 0.0 passengers_injured, 0.0 passengers_killed, 0.0 pedestrian_injured, 0.0 pedestrian_killed, Fair (Day), EDSA Roxas Blvd.  Pasay",MMDA Road Safety Unit,,67cb2d53-fa37-468e-b097-837a64b8e012,2014-07-07,08:30:00,EDSA Roxas Blvd.  Pasay,0,0,0,0,0,0,0,0,0,0,2014-07-07 16:30,Property,14.53725136,120.9928775,No Collision Stated
None,EDSA,None,None,"No Accident Factor, No Collision Stated (based on Police Blotter Book), 0.0 drivers_injured, 0.0 drivers_killed, 0.0 passengers_injured, 0.0 passengers_killed, 0.0 pedestrian_injured, 0.0 pedestrian_killed, Fair (Night), EDSA F. B. Harrison St.  Pasay",MMDA Road Safety Unit,,684386d9-9f0b-4c68-83ba-1b6ea4d882ec,2014-07-05,19:15:00,"EDSA ""U"" turn slot - P. Celle St.  Pasay",0,0,0,0,0,0,0,0,0,0,2014-07-06 3:15,Property,14.5378679,120.9956516,No Collision Stated
None,EDSA,None,None,"No Accident Factor, No Collision Stated (based on Police Blotter Book), 0.0 drivers_injured, 0.0 drivers_killed, 0.0 passengers_injured, 0.0 passengers_killed, 0.0 pedestrian_injured, 0.0 pedestrian_killed, Fair (Day), EDSA Taft Ave. Pasay",MMDA Road Safety Unit,,7e334eb8-e285-4293-a2dc-144295e9fb4e,2014-07-05,08:30:00,EDSA SM MOA Circle Pasay,0,0,0,0,0,0,0,0,0,0,2014-07-05 16:30,Property,14.53775951,121.0007229,No Collision Stated
None,EDSA,None,None,"No Accident Factor, No Collision Stated (based on Police Blotter Book), 0.0 drivers_injured, 0.0 drivers_killed, 0.0 passengers_injured, 0.0 passengers_killed, 0.0 pedestrian_injured, 0.0 pedestrian_killed, Fair (Night), EDSA Roxas Blvd.  Pasay",MMDA Road Safety Unit,,da383644-a0e2-4e4f-a4a2-e96231bf9272,2014-07-04,14:40:00,EDSA Taft Ave.  Pasay,0,0,0,0,0,0,0,0,0,0,2014-07-04 22:40,Property,14.53725136,120.9928775,No Collision Stated
None,EDSA,None,None,"No Accident Factor, No Collision Stated (based on Police Blotter Book), 0.0 drivers_injured, 0.0 drivers_killed, 0.0 passengers_injured, 0.0 passengers_killed, 0.0 pedestrian_injured, 0.0 pedestrian_killed, Fair (Night), EDSA Victory Liner Bus Terminal Pasay",MMDA Road Safety Unit,,66cda589-bdd7-467f-9497-63601f94de35,2014-07-03,23:35:00,EDSA F. B. Harrison St.  Pasay,0,0,0,0,0,0,0,0,0,0,2014-07-04 7:35,Property,14.53839425,121.0066648,No Collision Stated
None,EDSA,None,None,"No Accident Factor, No Collision Stated (based on Police Blotter Book), 1.0 drivers_injured, 0.0 drivers_killed, 1.0 passengers_injured, 0.0 passengers_killed, 0.0 pedestrian_injured, 0.0 pedestrian_killed, Fair (Night), EDSA Park Ave.  Pasay",MMDA Road Safety Unit,,07930476-791b-43e5-bfb2-641b4ae6a284,2014-07-03,02:00:00,EDSA Taft Ave.  Pasay,0,0,0,1,1,0,0,0,0,2,2014-07-03 10:00,Injury,14.53774622,120.9982843,No Collision Stated
None,EDSA,None,None,"No Accident Factor, No Collision Stated (based on Police Blotter Book), 0.0 drivers_injured, 0.0 drivers_killed, 0.0 passengers_injured, 0.0 passengers_killed, 0.0 pedestrian_injured, 0.0 pedestrian_killed, Fair (Night), EDSA Caltex Gas Station Pasay",MMDA Road Safety Unit,,d03470ba-dbe8-4a28-9f63-286845ec8119,2014-07-02,05:00:00,EDSA Heritage Hotel  Pasay,0,0,0,0,0,0,0,0,0,0,2014-07-02 13:00,Property,14.53902197,121.0121772,No Collision Stated
None,EDSA,None,None,"No Accident Factor, No Collision Stated (based on Police Blotter Book), 0.0 drivers_injured, 0.0 drivers_killed, 0.0 passengers_injured, 0.0 passengers_killed, 0.0 pedestrian_injured, 0.0 pedestrian_killed, Fair (Night), EDSA ""U"" turn slot, Heritage Hotel  Pasay",MMDA Road Safety Unit,,87ada7d4-790d-4f4a-850f-ed8179ca156e,2014-07-01,07:40:00,EDSA Roxas Blvd. Pasay,0,0,0,0,0,0,0,0,0,0,2014-07-01 15:40,Property,14.5373561,120.9938096,No Collision Stated
None,EDSA,None,None,"No Accident Factor, No Collision Stated (based on Police Blotter Book), 0.0 drivers_injured, 0.0 drivers_killed, 0.0 passengers_injured, 0.0 passengers_killed, 0.0 pedestrian_injured, 0.0 pedestrian_killed, Fair (Night), EDSA Heritage Hotel Pasay",MMDA Road Safety Unit,,d65fe9e4-9131-40e0-af2f-20709b609ef7,2014-06-29,22:00:00,EDSA Apelo Cruz St.  Pasay,0,0,0,0,0,0,0,0,0,0,2014-06-30 6:00,Property,14.53721957,120.9935015,No Collision Stated
None,EDSA,None,None,"No Accident Factor, No Collision Stated (based on Police Blotter Book), 0.0 drivers_injured, 0.0 drivers_killed, 0.0 passengers_injured, 0.0 passengers_killed, 0.0 pedestrian_injured, 0.0 pedestrian_killed, Fair (Night), EDSA Roxas Blvd.  Pasay",MMDA Road Safety Unit,,5f988c6f-c280-4080-adc6-ff447f670a40,2014-06-28,08:30:00,EDSA Caltex Gas Station Pasay,0,0,0,0,0,0,0,0,0,0,2014-06-28 16:30,Property,14.53725136,120.9928775,No Collision Stated
None,EDSA,None,None,"No Accident Factor, No Collision Stated (based on Police Blotter Book), 0.0 drivers_injured, 0.0 drivers_killed, 0.0 passengers_injured, 0.0 passengers_killed, 0.0 pedestrian_injured, 0.0 pedestrian_killed, Fair (Night), EDSA ""U"" turn slot - P. Celle St.  Pasay",MMDA Road Safety Unit,,86fedb94-36b1-4d06-bc01-64f0bfe0e9fe,2014-06-26,22:45:00,EDSA Aurora Blvd. (Tramo St.) Pasay,0,0,0,0,0,0,0,0,0,0,2014-06-27 6:45,Property,14.53775479,120.9974125,No Collision Stated
None,EDSA,None,None,"No Accident Factor, No Collision Stated (based on Police Blotter Book), 0.0 drivers_injured, 0.0 drivers_killed, 0.0 passengers_injured, 0.0 passengers_killed, 0.0 pedestrian_injured, 0.0 pedestrian_killed, Fair (Night), EDSA SM MOA Circle Pasay",MMDA Road Safety Unit,,f5e61433-0253-4842-b1af-ba39cca0de68,2014-06-26,14:30:00,EDSA D. Macapagal Blvd.  Pasay,0,0,0,0,0,0,0,0,0,0,2014-06-26 22:30,Property,14.53556259,120.9848215,No Collision Stated
None,EDSA,None,None,"No Accident Factor, No Collision Stated (based on Police Blotter Book), 0.0 drivers_injured, 0.0 drivers_killed, 0.0 passengers_injured, 0.0 passengers_killed, 0.0 pedestrian_injured, 0.0 pedestrian_killed, Fair (Night), EDSA Taft Ave.  Pasay",MMDA Road Safety Unit,,46c423f9-378a-405b-8515-0794d46ebe74,2014-06-26,10:30:00,EDSA D. Macapagal Blvd.  Pasay,0,0,0,0,0,0,0,0,0,0,2014-06-26 18:30,Property,14.53775951,121.0007229,No Collision Stated
None,EDSA,None,None,"No Accident Factor, No Collision Stated (based on Police Blotter Book), 0.0 drivers_injured, 0.0 drivers_killed, 0.0 passengers_injured, 0.0 passengers_killed, 0.0 pedestrian_injured, 0.0 pedestrian_killed, Fair (Night), EDSA F. B. Harrison St.  Pasay",MMDA Road Safety Unit,,61947f64-e77b-4286-8987-a149779f7249,2014-06-25,11:35:00,EDSA Roxas Blvd. Pasay,0,0,0,0,0,0,0,0,0,0,2014-06-25 19:35,Property,14.5378679,120.9956516,No Collision Stated
None,EDSA,None,None,"No Accident Factor, No Collision Stated (based on Police Blotter Book), 0.0 drivers_injured, 0.0 drivers_killed, 1.0 passengers_injured, 0.0 passengers_killed, 0.0 pedestrian_injured, 0.0 pedestrian_killed, Fair (Night), EDSA Taft Ave.  Pasay",MMDA Road Safety Unit,,b58cf837-6f56-4335-bb6e-f7b7ae16729d,2014-06-24,02:35:00,EDSA Taft Ave.  Pasay,0,0,0,0,1,0,0,0,0,1,2014-06-24 10:35,Injury,14.53775951,121.0007229,No Collision Stated
None,EDSA,None,None,"No Accident Factor, No Collision Stated (based on Police Blotter Book), 0.0 drivers_injured, 0.0 drivers_killed, 0.0 passengers_injured, 0.0 passengers_killed, 0.0 pedestrian_injured, 0.0 pedestrian_killed, Fair (Night), EDSA Heritage Hotel  Pasay",MMDA Road Safety Unit,,255762df-be27-4fcf-b9d1-f361734563bb,2014-06-24,01:30:00,EDSA Roxas Blvd.  Pasay,0,0,0,0,0,0,0,0,0,0,2014-06-24 9:30,Property,14.53721957,120.9935015,No Collision Stated
None,EDSA,None,None,"No Accident Factor, No Collision Stated (based on Police Blotter Book), 1.0 drivers_injured, 0.0 drivers_killed, 0.0 passengers_injured, 0.0 passengers_killed, 0.0 pedestrian_injured, 0.0 pedestrian_killed, Fair (Night), EDSA Roxas Blvd. Pasay",MMDA Road Safety Unit,,903090ef-37ac-4527-b969-24fb0bb31332,2014-06-24,00:30:00,EDSA Roxas Blvd.  Pasay,0,0,0,1,0,0,0,0,0,1,2014-06-24 8:30,Injury,14.53725136,120.9928775,No Collision Stated
None,EDSA,None,None,"No Accident Factor, No Collision Stated (based on Police Blotter Book), 0.0 drivers_injured, 0.0 drivers_killed, 0.0 passengers_injured, 0.0 passengers_killed, 0.0 pedestrian_injured, 0.0 pedestrian_killed, Fair (Night), EDSA Apelo Cruz St.  Pasay",MMDA Road Safety Unit,,b21afa7d-5e10-463f-ad43-87c208a086ff,2014-06-23,06:50:00,EDSA SM MOA Circle Pasay,0,0,0,0,0,0,0,0,0,0,2014-06-23 14:50,Property,14.53789637,121.0046152,No Collision Stated
None,EDSA,None,None,"No Accident Factor, No Collision Stated (based on Police Blotter Book), 0.0 drivers_injured, 0.0 drivers_killed, 0.0 passengers_injured, 0.0 passengers_killed, 0.0 pedestrian_injured, 0.0 pedestrian_killed, Fair (Night), EDSA Caltex Gas Station Pasay",MMDA Road Safety Unit,,bdc47ebe-e669-415e-bbed-f686d3cf9115,2014-06-22,21:00:00,EDSA Victory Liner Bus Terminal Pasay,0,0,0,0,0,0,0,0,0,0,2014-06-23 5:00,Property,14.53902197,121.0121772,No Collision Stated
None,EDSA,None,None,"No Accident Factor, Hit and Run (No Collision Stated), 0.0 drivers_injured, 0.0 drivers_killed, 0.0 passengers_injured, 0.0 passengers_killed, 0.0 pedestrian_injured, 0.0 pedestrian_killed, Fair (Night), EDSA Aurora Blvd. (Tramo St.) Pasay",MMDA Road Safety Unit,,11fa8bee-cfae-4175-8620-2bc9a886e40c,2014-06-22,13:30:00,EDSA Rotonda Pasay,0,0,0,0,0,0,0,0,0,0,2014-06-22 21:30,Property,14.53779864,121.0033477,No Collision Stated
None,EDSA,None,None,"No Accident Factor, No Collision Stated (based on Police Blotter Book), 0.0 drivers_injured, 0.0 drivers_killed, 0.0 passengers_injured, 0.0 passengers_killed, 0.0 pedestrian_injured, 0.0 pedestrian_killed, Fair (Night), EDSA D. Macapagal Blvd.  Pasay",MMDA Road Safety Unit,,678460ac-e715-480d-af9d-6b91de142a1c,2014-06-22,05:15:00,EDSA SM MOA Circle Pasay,0,0,0,0,0,0,0,0,0,0,2014-06-22 13:15,Property,14.53639024,120.988979,No Collision Stated
None,EDSA,None,None,"No Accident Factor, No Collision Stated (based on Police Blotter Book), 0.0 drivers_injured, 0.0 drivers_killed, 0.0 passengers_injured, 0.0 passengers_killed, 0.0 pedestrian_injured, 0.0 pedestrian_killed, Fair (Night), EDSA D. Macapagal Blvd.  Pasay",MMDA Road Safety Unit,,37397c9e-f1f5-4a58-9617-6b6bb5cdb1e3,2014-06-21,18:00:00,EDSA Aurora Blvd. (Tramo St.) Pasay,0,0,0,0,0,0,0,0,0,0,2014-06-22 2:00,Property,14.53639024,120.988979,No Collision Stated
None,EDSA,None,None,"No Accident Factor, Hit and Run (No Collision Stated), 0.0 drivers_injured, 0.0 drivers_killed, 0.0 passengers_injured, 0.0 passengers_killed, 0.0 pedestrian_injured, 0.0 pedestrian_killed, Fair (Night), EDSA Roxas Blvd. Pasay",MMDA Road Safety Unit,,73330295-ac1d-457a-9dba-46428c418602,2014-06-21,13:15:00,EDSA F.B. Harrison St. Pasay,0,0,0,0,0,0,0,0,0,0,2014-06-21 21:15,Property,14.53725136,120.9928775,No Collision Stated
None,EDSA,None,None,"No Accident Factor, No Collision Stated (based on Police Blotter Book), 0.0 drivers_injured, 0.0 drivers_killed, 0.0 passengers_injured, 0.0 passengers_killed, 0.0 pedestrian_injured, 0.0 pedestrian_killed, Fair (Night), EDSA Taft Ave.  Pasay",MMDA Road Safety Unit,,a0b26760-0a9d-4735-a553-22dadc06940a,2014-06-21,10:30:00,"EDSA  ""U"" turn slot Heritage Hotel Pasay",0,0,0,0,0,0,0,0,0,0,2014-06-21 18:30,Property,14.53775951,121.0007229,No Collision Stated