LOCATION_TEXT,ROAD,WEATHER,LIGHT,DESC,REPORTING_AGENCY,MAIN_CAUSE,INCIDENTDETAILS_ID,DATE_UTC,TIME_UTC,ADDRESS,killed_driver,killed_passenger,killed_pedestrian,injured_driver,injured_passenger,injured_pedestrian,killed_uncategorized,injured_uncategorized,killed_total,injured_total,DATETIME_PST,SEVERITY,Y,X,COLLISION_TYPE
None,EDSA,None,None,"No Accident Factor, No Collision Stated (based on Police Blotter Book), 0.0 drivers_injured, 0.0 drivers_killed, 0.0 passengers_injured, 0.0 passengers_killed, 0.0 pedestrian_injured, 0.0 pedestrian_killed, Fair (Night), EDSA Roxas Blvd.  Pasay",MMDA Road Safety Unit,,326b7030-329e-4738-90ea-230d1e441545,2014-06-21,10:25:00,EDSA Victory Liner Bus Terminal  Pasay,0,0,0,0,0,0,0,0,0,0,2014-06-21 18:25,Property,14.53725136,120.9928775,No Collision Stated
None,EDSA,None,None,"No Accident Factor, No Collision Stated (based on Police Blotter Book), 0.0 drivers_injured, 0.0 drivers_killed, 0.0 passengers_injured, 0.0 passengers_killed, 0.0 pedestrian_injured, 0.0 pedestrian_killed, Fair (Night), EDSA Roxas Blvd.  Pasay",MMDA Road Safety Unit,,e576a7a2-f7c5-48af-842b-1086b20b6457,2014-06-21,05:00:00,"EDSA  ""U"" turn slot Heritage Hotel Pasay",0,0,0,0,0,0,0,0,0,0,2014-06-21 13:00,Property,14.53725136,120.9928775,No Collision Stated
None,EDSA,None,None,"No Accident Factor, No Collision Stated (based on Police Blotter Book), 0.0 drivers_injured, 0.0 drivers_killed, 0.0 passengers_injured, 0.0 passengers_killed, 0.0 pedestrian_injured, 0.0 pedestrian_killed, Fair (Night), EDSA SM MOA Circle Pasay",MMDA Road Safety Unit,,36107527-76c6-4501-b8b7-509525ce521e,2014-06-20,23:35:00,EDSA Roxas Blvd. Pasay,0,0,0,0,0,0,0,0,0,0,2014-06-21 7:35,Property,14.53556259,120.9848215,No Collision Stated
None,EDSA,None,None,"No Accident Factor, No Collision Stated (based on Police Blotter Book), 0.0 drivers_injured, 0.0 drivers_killed, 0.0 passengers_injured, 0.0 passengers_killed, 0.0 pedestrian_injured, 0.0 pedestrian_killed, Fair (Night), EDSA Victory Liner Bus Terminal Pasay",MMDA Road Safety Unit,,302675cd-b6d9-4297-8042-f3fcfeca5aa1,2014-06-20,22:05:00,"EDSA  ""U"" turn slot Pasay",0,0,0,0,0,0,0,0,0,0,2014-06-21 6:05,Property,14.53839425,121.0066648,No Collision Stated
None,EDSA,None,None,"No Accident Factor, No Collision Stated (based on Police Blotter Book), 0.0 drivers_injured, 0.0 drivers_killed, 0.0 passengers_injured, 0.0 passengers_killed, 0.0 pedestrian_injured, 0.0 pedestrian_killed, Fair (Night), EDSA Rotonda Pasay",MMDA Road Safety Unit,,4c424b90-2c36-4e1f-8d80-2f9ecee48f96,2014-06-20,11:30:00,EDSA  Roxas Blvd.  Pasay,0,0,0,0,0,0,0,0,0,0,2014-06-20 19:30,Property,14.53744344,121.0007766,No Collision Stated
None,EDSA,None,None,"No Accident Factor, Hit and Run (No Collision Stated), 0.0 drivers_injured, 0.0 drivers_killed, 0.0 passengers_injured, 0.0 passengers_killed, 0.0 pedestrian_injured, 0.0 pedestrian_killed, Fair (Night), EDSA SM MOA Circle Pasay",MMDA Road Safety Unit,,f40ebf2f-eb88-403a-bf61-87ac61946393,2014-06-20,11:00:00,EDSA Taft Ave. Pasay,0,0,0,0,0,0,0,0,0,0,2014-06-20 19:00,Property,14.53556259,120.9848215,No Collision Stated
None,EDSA,None,None,"No Accident Factor, No Collision Stated (based on Police Blotter Book), 0.0 drivers_injured, 0.0 drivers_killed, 0.0 passengers_injured, 0.0 passengers_killed, 0.0 pedestrian_injured, 0.0 pedestrian_killed, Fair (Night), EDSA Aurora Blvd. (Tramo St.) Pasay",MMDA Road Safety Unit,,eabfe345-d995-486e-bd5d-7c9fd4450063,2014-06-20,09:15:00,EDSA  Savemore Pasay,0,0,0,0,0,0,0,0,0,0,2014-06-20 17:15,Property,14.53779864,121.0033477,No Collision Stated
None,EDSA,None,None,"No Accident Factor, No Collision Stated (based on Police Blotter Book), 0.0 drivers_injured, 0.0 drivers_killed, 0.0 passengers_injured, 0.0 passengers_killed, 0.0 pedestrian_injured, 0.0 pedestrian_killed, Fair (Night), EDSA F.B. Harrison St. Pasay",MMDA Road Safety Unit,,855b1828-7370-43e2-890f-14c2a993cdf5,2014-06-18,01:00:00,EDSA  D. Macapagal Blvd. Pasay,0,0,0,0,0,0,0,0,0,0,2014-06-18 9:00,Property,14.53785118,120.9955695,No Collision Stated
None,EDSA,None,None,"No Accident Factor, No Collision Stated (based on Police Blotter Book), 0.0 drivers_injured, 0.0 drivers_killed, 0.0 passengers_injured, 0.0 passengers_killed, 0.0 pedestrian_injured, 0.0 pedestrian_killed, Fair (Night), EDSA  ""U"" turn slot Heritage Hotel Pasay",MMDA Road Safety Unit,,89b9652c-845d-4bf0-8017-b7a45e0edb68,2014-06-15,10:25:00,EDSA M. Reyes St. Pasay,0,0,0,0,0,0,0,0,0,0,2014-06-15 18:25,Property,14.53736602,120.9938678,No Collision Stated
None,EDSA,None,None,"No Accident Factor, No Collision Stated (based on Police Blotter Book), 0.0 drivers_injured, 0.0 drivers_killed, 0.0 passengers_injured, 0.0 passengers_killed, 0.0 pedestrian_injured, 0.0 pedestrian_killed, Fair (Night), EDSA Victory Liner Bus Terminal  Pasay",MMDA Road Safety Unit,,33abae19-d766-43d5-92fa-780aab2322a4,2014-06-14,23:10:00,EDSA Taft Ave. Pasay,0,0,0,0,0,0,0,0,0,0,2014-06-15 7:10,Property,14.53839425,121.0066648,No Collision Stated
None,EDSA,None,None,"No Accident Factor, No Collision Stated (based on Police Blotter Book), 0.0 drivers_injured, 0.0 drivers_killed, 0.0 passengers_injured, 0.0 passengers_killed, 0.0 pedestrian_injured, 0.0 pedestrian_killed, Fair (Night), EDSA  ""U"" turn slot Heritage Hotel Pasay",MMDA Road Safety Unit,,e4a92727-842f-44cc-b66e-ed1c19e15e6c,2014-06-13,22:30:00,"EDSA  ""U"" turn slot Pasay",0,0,0,0,0,0,0,0,0,0,2014-06-14 6:30,Property,14.53736602,120.9938678,No Collision Stated
None,EDSA,None,None,"No Accident Factor, No Collision Stated (based on Police Blotter Book), 0.0 drivers_injured, 0.0 drivers_killed, 0.0 passengers_injured, 0.0 passengers_killed, 0.0 pedestrian_injured, 0.0 pedestrian_killed, Fair (Night), EDSA Roxas Blvd. Pasay",MMDA Road Safety Unit,,1cab2d58-4673-4451-86c8-a5c3606834e7,2014-06-13,09:30:00,EDSA Roxas Blvd. Pasay,0,0,0,0,0,0,0,0,0,0,2014-06-13 17:30,Property,14.53725136,120.9928775,No Collision Stated
None,EDSA,None,None,"No Accident Factor, No Collision Stated (based on Police Blotter Book), 0.0 drivers_injured, 0.0 drivers_killed, 0.0 passengers_injured, 0.0 passengers_killed, 0.0 pedestrian_injured, 0.0 pedestrian_killed, Fair (Night), EDSA  ""U"" turn slot Pasay",MMDA Road Safety Unit,,ec07415b-3ce1-4a8d-9c91-00cd4958a809,2014-06-13,07:00:00,EDSA Taft Ave. Pasay,0,0,0,0,0,0,0,0,0,0,2014-06-13 15:00,Property,14.53736602,120.9938678,No Collision Stated
None,EDSA,None,None,"No Accident Factor, No Collision Stated (based on Police Blotter Book), 0.0 drivers_injured, 0.0 drivers_killed, 0.0 passengers_injured, 0.0 passengers_killed, 0.0 pedestrian_injured, 0.0 pedestrian_killed, Fair (Night), EDSA  Roxas Blvd.  Pasay",MMDA Road Safety Unit,,9960363f-36f6-4447-a8cd-5b7c1a3b1214,2014-06-13,02:20:00,"EDSA  ""U"" turn slot Pasay",0,0,0,0,0,0,0,0,0,0,2014-06-13 10:20,Property,14.53707744,120.9924007,No Collision Stated
None,EDSA,None,None,"No Accident Factor, No Collision Stated (based on Police Blotter Book), 1.0 drivers_injured, 0.0 drivers_killed, 0.0 passengers_injured, 0.0 passengers_killed, 0.0 pedestrian_injured, 0.0 pedestrian_killed, Fair (Night), EDSA Taft Ave. Pasay",MMDA Road Safety Unit,,54bb1019-5bcf-4732-bcc9-8b42cffcbb5c,2014-06-13,00:10:00,"EDSA ""U"" turn slot - Heritage Hotel  Pasay",0,0,0,1,0,0,0,0,0,1,2014-06-13 8:10,Injury,14.53775951,121.0007229,No Collision Stated
None,EDSA,None,None,"No Accident Factor, No Collision Stated (based on Police Blotter Book), 0.0 drivers_injured, 0.0 drivers_killed, 0.0 passengers_injured, 0.0 passengers_killed, 0.0 pedestrian_injured, 0.0 pedestrian_killed, Fair (Night), EDSA  Savemore Pasay",MMDA Road Safety Unit,,7189116f-6dd0-4244-bef5-01bc0db855ac,2014-06-10,14:00:00,EDSA  Savemore Pasay,0,0,0,0,0,0,0,0,0,0,2014-06-10 22:00,Property,14.53765526,121.0000646,No Collision Stated
None,EDSA,None,None,"No Accident Factor, No Collision Stated (based on Police Blotter Book), 0.0 drivers_injured, 0.0 drivers_killed, 0.0 passengers_injured, 0.0 passengers_killed, 0.0 pedestrian_injured, 0.0 pedestrian_killed, Fair (Night), EDSA  D. Macapagal Blvd. Pasay",MMDA Road Safety Unit,,f9769500-da10-4d69-9996-b94e30ed9323,2014-06-09,10:00:00,"EDSA  ""U"" turn slot, Toyota Pasay",0,0,0,0,0,0,0,0,0,0,2014-06-09 18:00,Property,14.53620909,120.9890383,No Collision Stated
None,EDSA,None,None,"No Accident Factor, No Collision Stated (based on Police Blotter Book), 0.0 drivers_injured, 0.0 drivers_killed, 0.0 passengers_injured, 0.0 passengers_killed, 0.0 pedestrian_injured, 0.0 pedestrian_killed, Fair (Night), EDSA M. Reyes St. Pasay",MMDA Road Safety Unit,,2b1eb614-5232-4fbf-a1c4-fa40542ec4b1,2014-06-09,03:45:00,"EDSA  ""U"" turn slot Pasay",0,0,0,0,0,0,0,0,0,0,2014-06-09 11:45,Property,14.5387948,121.0108313,No Collision Stated
None,EDSA,None,None,"No Accident Factor, Multiple Collision, 0.0 drivers_injured, 0.0 drivers_killed, 0.0 passengers_injured, 0.0 passengers_killed, 0.0 pedestrian_injured, 0.0 pedestrian_killed, Fair (Night), EDSA Taft Ave. Pasay",MMDA Road Safety Unit,,c9ddd215-f836-4350-b7e3-63679c12a8a3,2014-06-06,01:55:00,EDSA MRT Station  Pasay,0,0,0,0,0,0,0,0,0,0,2014-06-06 9:55,Property,14.53775951,121.0007229,Multiple
None,EDSA,None,None,"No Accident Factor, Hit and Run (No Collision Stated), 1.0 drivers_injured, 0.0 drivers_killed, 0.0 passengers_injured, 0.0 passengers_killed, 0.0 pedestrian_injured, 0.0 pedestrian_killed, Fair (Night), EDSA  ""U"" turn slot Pasay",MMDA Road Safety Unit,,75cfe066-b3d9-4e99-9594-20f3591ef31f,2014-06-04,12:10:00,EDSA P. Celle Street  Pasay,0,0,0,1,0,0,0,0,0,1,2014-06-04 20:10,Injury,14.53736602,120.9938678,No Collision Stated
None,EDSA,None,None,"No Accident Factor, No Collision Stated (based on Police Blotter Book), 0.0 drivers_injured, 0.0 drivers_killed, 0.0 passengers_injured, 0.0 passengers_killed, 0.0 pedestrian_injured, 0.0 pedestrian_killed, Fair (Night), EDSA Roxas Blvd. Pasay",MMDA Road Safety Unit,,6a1120df-acf3-4cef-9a13-432d27f0560b,2014-06-04,11:40:00,EDSA before Heritage Hotel UTS Pasay,0,0,0,0,0,0,0,0,0,0,2014-06-04 19:40,Property,14.53725136,120.9928775,No Collision Stated
None,EDSA,None,None,"No Accident Factor, Side Swipe, 0.0 drivers_injured, 0.0 drivers_killed, 0.0 passengers_injured, 0.0 passengers_killed, 0.0 pedestrian_injured, 0.0 pedestrian_killed, Fair (Night), EDSA Taft Ave. Pasay",MMDA Road Safety Unit,,1ea254b2-b7bc-4fe2-a5da-e31f31593b24,2014-06-04,07:00:00,EDSA Taft Avenue  Pasay,0,0,0,0,0,0,0,0,0,0,2014-06-04 15:00,Property,14.53775951,121.0007229,Side Swipe
None,EDSA,None,None,"No Accident Factor, Self-Accident, 0.0 drivers_injured, 0.0 drivers_killed, 0.0 passengers_injured, 0.0 passengers_killed, 0.0 pedestrian_injured, 0.0 pedestrian_killed, Fair (Night), EDSA  ""U"" turn slot Pasay",MMDA Road Safety Unit,,dc352419-a546-45b3-8c34-831791b79a2e,2014-06-03,18:15:00,EDSA Edang Street  Pasay,0,0,0,0,0,0,0,0,0,0,2014-06-04 2:15,Property,14.53736602,120.9938678,Self-Accident
None,EDSA,None,None,"No Accident Factor, No Collision Stated (based on Police Blotter Book), 1.0 drivers_injured, 0.0 drivers_killed, 0.0 passengers_injured, 0.0 passengers_killed, 0.0 pedestrian_injured, 0.0 pedestrian_killed, Fair (Night), EDSA ""U"" turn slot - Heritage Hotel  Pasay",MMDA Road Safety Unit,,f33a59ec-0e47-4479-9696-02120ed78c05,2014-06-02,10:35:00,EDSA before Kabayan Hotel  Pasay,0,0,0,1,0,0,0,0,0,1,2014-06-02 18:35,Injury,14.53735902,120.9938709,No Collision Stated
None,EDSA,None,None,"No Accident Factor, Rear-end, 0.0 drivers_injured, 0.0 drivers_killed, 0.0 passengers_injured, 0.0 passengers_killed, 0.0 pedestrian_injured, 0.0 pedestrian_killed, Fair (Night), EDSA  Savemore Pasay",MMDA Road Safety Unit,,b0884a70-26b1-4c9f-a1d3-a54ef877cee8,2014-06-02,06:00:00,EDSA before Kabayan Hotel Pasay,0,0,0,0,0,0,0,0,0,0,2014-06-02 14:00,Property,14.53765526,121.0000646,Rear-End
None,EDSA,None,None,"No Accident Factor, No Collision Stated (based on Police Blotter Book), 0.0 drivers_injured, 0.0 drivers_killed, 0.0 passengers_injured, 0.0 passengers_killed, 0.0 pedestrian_injured, 0.0 pedestrian_killed, Fair (Night), EDSA  ""U"" turn slot, Toyota Pasay",MMDA Road Safety Unit,,2468115a-11b7-4219-8f5e-d30104c93e89,2014-06-01,14:35:00,EDSA Taft Avenue  Pasay,0,0,0,0,0,0,0,0,0,0,2014-06-01 22:35,Property,14.53748771,120.9924149,No Collision Stated
None,EDSA,None,None,"No Accident Factor, Hit and Run (No Collision Stated), 0.0 drivers_injured, 0.0 drivers_killed, 0.0 passengers_injured, 0.0 passengers_killed, 0.0 pedestrian_injured, 0.0 pedestrian_killed, Fair (Night), EDSA  ""U"" turn slot Pasay",MMDA Road Safety Unit,,c5067d12-327b-42f6-b15f-314d5d0269ce,2014-06-01,04:35:00,EDSA Taft Avenue  Pasay,0,0,0,0,0,0,0,0,0,0,2014-06-01 12:35,Property,14.53736602,120.9938678,No Collision Stated
None,EDSA,None,None,"No Accident Factor, No Collision Stated (based on Police Blotter Book), 0.0 drivers_injured, 0.0 drivers_killed, 0.0 passengers_injured, 0.0 passengers_killed, 0.0 pedestrian_injured, 0.0 pedestrian_killed, Fair (Day), EDSA MRT Station  Pasay",MMDA Road Safety Unit,,17d492e2-a6c0-4719-aba8-a5f939087d05,2014-05-28,04:10:00,EDSA before Total Gas Station  Pasay,0,0,0,0,0,0,0,0,0,0,2014-05-28 12:10,Property,14.53750141,121.0014813,No Collision Stated
None,EDSA,None,None,"No Accident Factor, No Collision Stated (based on Police Blotter Book), 0.0 drivers_injured, 0.0 drivers_killed, 1.0 passengers_injured, 0.0 passengers_killed, 0.0 pedestrian_injured, 0.0 pedestrian_killed, Fair (Night), EDSA P. Celle Street  Pasay",MMDA Road Safety Unit,,27e879cd-5144-4921-a95b-84f33c851ac5,2014-05-25,12:00:00,EDSA before Taft Avenue  Pasay,0,0,0,0,1,0,0,0,0,1,2014-05-25 20:00,Injury,14.53789911,120.9974276,No Collision Stated
None,EDSA,None,None,"No Accident Factor, No Collision Stated (based on Police Blotter Book), 0.0 drivers_injured, 0.0 drivers_killed, 0.0 passengers_injured, 0.0 passengers_killed, 0.0 pedestrian_injured, 0.0 pedestrian_killed, Fair (Night), EDSA before Heritage Hotel UTS Pasay",MMDA Road Safety Unit,,407fc7a4-2cb0-44ce-ae1f-c46216392f8f,2014-05-24,15:40:00,EDSA Tramo Street  Pasay,0,0,0,0,0,0,0,0,0,0,2014-05-24 23:40,Property,14.53735279,120.9934248,No Collision Stated
None,EDSA,None,None,"No Accident Factor, No Collision Stated (based on Police Blotter Book), 0.0 drivers_injured, 0.0 drivers_killed, 0.0 passengers_injured, 0.0 passengers_killed, 0.0 pedestrian_injured, 0.0 pedestrian_killed, Fair (Day), EDSA Taft Avenue  Pasay",MMDA Road Safety Unit,,5a97c6bd-cf61-4e3d-9fdc-4c2d63813352,2014-05-24,09:45:00,EDSA F.B. Harrison Street  Pasay,0,0,0,0,0,0,0,0,0,0,2014-05-24 17:45,Property,14.53775951,121.0007229,No Collision Stated
None,EDSA,None,None,"No Accident Factor, No Collision Stated (based on Police Blotter Book), 0.0 drivers_injured, 0.0 drivers_killed, 0.0 passengers_injured, 0.0 passengers_killed, 0.0 pedestrian_injured, 0.0 pedestrian_killed, Fair (Day), EDSA Edang Street  Pasay",MMDA Road Safety Unit,,1bd7f6c5-bdac-4ae1-adfd-8d57f9cf919f,2014-05-21,04:00:00,EDSA M. Reyes Street  Pasay,0,0,0,0,0,0,0,0,0,0,2014-05-21 12:00,Property,14.53786068,121.0041878,No Collision Stated
None,EDSA,None,None,"No Accident Factor, No Collision Stated (based on Police Blotter Book), 0.0 drivers_injured, 0.0 drivers_killed, 0.0 passengers_injured, 0.0 passengers_killed, 0.0 pedestrian_injured, 0.0 pedestrian_killed, Fair (Day), EDSA before Kabayan Hotel  Pasay",MMDA Road Safety Unit,,c5fb6b02-a4b6-4f40-aa82-dbe891a14870,2014-05-21,01:00:00,EDSA Taft Avenue  Pasay,0,0,0,0,0,0,0,0,0,0,2014-05-21 9:00,Property,14.53789642,121.0018449,No Collision Stated
None,EDSA,None,None,"No Accident Factor, No Collision Stated (based on Police Blotter Book), 0.0 drivers_injured, 0.0 drivers_killed, 0.0 passengers_injured, 0.0 passengers_killed, 0.0 pedestrian_injured, 0.0 pedestrian_killed, Fair (Day), EDSA before Kabayan Hotel Pasay",MMDA Road Safety Unit,,d58dafbb-4eb7-40a3-b260-339ec513997d,2014-05-19,23:40:00,EDSA Giselle Terminal  Pasay,0,0,0,0,0,0,0,0,0,0,2014-05-20 7:40,Property,14.53789642,121.0018449,No Collision Stated
None,EDSA,None,None,"No Accident Factor, Hit and Run (No Collision Stated), 0.0 drivers_injured, 0.0 drivers_killed, 0.0 passengers_injured, 0.0 passengers_killed, 0.0 pedestrian_injured, 0.0 pedestrian_killed, Fair (Day), EDSA Taft Avenue  Pasay",MMDA Road Safety Unit,,efcc6f33-5e12-4a4c-b853-a7cf5bc071a0,2014-05-19,23:20:00,EDSA Taft Avenue  Pasay,0,0,0,0,0,0,0,0,0,0,2014-05-20 7:20,Property,14.53775951,121.0007229,No Collision Stated
None,EDSA,None,None,"No Accident Factor, No Collision Stated (based on Police Blotter Book), 1.0 drivers_injured, 0.0 drivers_killed, 0.0 passengers_injured, 0.0 passengers_killed, 0.0 pedestrian_injured, 0.0 pedestrian_killed, Fair (Day), EDSA Taft Avenue  Pasay",MMDA Road Safety Unit,,89e714e9-0939-49bf-bda5-e59ae01d585c,2014-05-19,00:40:00,EDSA before Tramo Bridge  Pasay,0,0,0,1,0,0,0,0,0,1,2014-05-19 8:40,Injury,14.53775951,121.0007229,No Collision Stated
None,EDSA,None,None,"No Accident Factor, No Collision Stated (based on Police Blotter Book), 0.0 drivers_injured, 0.0 drivers_killed, 0.0 passengers_injured, 0.0 passengers_killed, 0.0 pedestrian_injured, 0.0 pedestrian_killed, Fair (Day), EDSA before Total Gas Station  Pasay",MMDA Road Safety Unit,,58ff5655-58fc-4101-96db-213367ec19c5,2014-05-18,03:05:00,EDSA F.B. Harrison Street  Pasay,0,0,0,0,0,0,0,0,0,0,2014-05-18 11:05,Property,14.53842379,121.0083865,No Collision Stated
None,EDSA,None,None,"No Accident Factor, No Collision Stated (based on Police Blotter Book), 0.0 drivers_injured, 0.0 drivers_killed, 0.0 passengers_injured, 0.0 passengers_killed, 0.0 pedestrian_injured, 0.0 pedestrian_killed, Fair (Day), EDSA before Taft Avenue  Pasay",MMDA Road Safety Unit,,cbeb2342-41ce-430e-ad3a-713e06e53e92,2014-05-17,02:50:00,EDSA Roxas Blvd. Infront of Heritage Hote;  Pasay,0,0,0,0,0,0,0,0,0,0,2014-05-17 10:50,Property,14.53764622,121.0012661,No Collision Stated
None,EDSA,None,None,"No Accident Factor, No Collision Stated (based on Police Blotter Book), 0.0 drivers_injured, 0.0 drivers_killed, 0.0 passengers_injured, 0.0 passengers_killed, 0.0 pedestrian_injured, 0.0 pedestrian_killed, Fair (Night), EDSA Tramo Street  Pasay",MMDA Road Safety Unit,,75bb28d7-0d28-4489-934d-999eb99d600d,2014-05-16,13:30:00,EDSA Roxas Blvd.  Pasay,0,0,0,0,0,0,0,0,0,0,2014-05-16 21:30,Property,14.53790544,121.0032547,No Collision Stated
None,EDSA,None,None,"No Accident Factor, No Collision Stated (based on Police Blotter Book), 0.0 drivers_injured, 0.0 drivers_killed, 0.0 passengers_injured, 0.0 passengers_killed, 0.0 pedestrian_injured, 0.0 pedestrian_killed, Fair (Night), EDSA F.B. Harrison Street  Pasay",MMDA Road Safety Unit,,8c285463-e032-449c-9602-2b3abc50ff3e,2014-05-15,13:20:00,EDSA Roxas Blvd.  Pasay,0,0,0,0,0,0,0,0,0,0,2014-05-15 21:20,Property,14.53785118,120.9955695,No Collision Stated
None,EDSA,None,None,"No Accident Factor, Rear-end, 0.0 drivers_injured, 0.0 drivers_killed, 0.0 passengers_injured, 0.0 passengers_killed, 0.0 pedestrian_injured, 0.0 pedestrian_killed, Fair (Day), EDSA M. Reyes Street  Pasay",MMDA Road Safety Unit,,981f4d43-7d63-4069-a1f0-cdf51e72021f,2014-05-11,04:00:00,EDSA fronting Heritage Hotel Pasay,0,0,0,0,0,0,0,0,0,0,2014-05-11 12:00,Property,14.5387948,121.0108313,Rear-End
None,EDSA,None,None,"No Accident Factor, Hit and Run (No Collision Stated), 0.0 drivers_injured, 0.0 drivers_killed, 0.0 passengers_injured, 0.0 passengers_killed, 0.0 pedestrian_injured, 0.0 pedestrian_killed, Fair (Day), EDSA Taft Avenue  Pasay",MMDA Road Safety Unit,,d3a780db-1f6e-4662-80c8-008573f33d7b,2014-05-10,07:00:00,EDSA F.B Harrison St. Pasay,0,0,0,0,0,0,0,0,0,0,2014-05-10 15:00,Property,14.53775951,121.0007229,No Collision Stated
None,EDSA,None,None,"No Accident Factor, No Collision Stated (based on Police Blotter Book), 0.0 drivers_injured, 0.0 drivers_killed, 0.0 passengers_injured, 0.0 passengers_killed, 0.0 pedestrian_injured, 0.0 pedestrian_killed, Fair (Day), EDSA Giselle Terminal  Pasay",MMDA Road Safety Unit,,fc909df7-ade5-4200-ae53-9a41f7df14ed,2014-05-10,03:50:00,EDSA Roxas Blvd. Pasay,0,0,0,0,0,0,0,0,0,0,2014-05-10 11:50,Property,14.53744921,121.0010655,No Collision Stated
None,EDSA,None,None,"No Accident Factor, Rear-end, 0.0 drivers_injured, 0.0 drivers_killed, 0.0 passengers_injured, 0.0 passengers_killed, 0.0 pedestrian_injured, 0.0 pedestrian_killed, Fair (Day), EDSA Taft Avenue  Pasay",MMDA Road Safety Unit,,814f2637-3bd0-479a-82a2-b3ebf09f6e0f,2014-05-10,03:30:00,EDSA Edang St. Pasay,0,0,0,0,0,0,0,0,0,0,2014-05-10 11:30,Property,14.53775951,121.0007229,Rear-End
None,EDSA,None,None,"No Accident Factor, No Collision Stated (based on Police Blotter Book), 0.0 drivers_injured, 0.0 drivers_killed, 0.0 passengers_injured, 0.0 passengers_killed, 0.0 pedestrian_injured, 0.0 pedestrian_killed, Fair (Day), EDSA before Tramo Bridge  Pasay",MMDA Road Safety Unit,,54697313-77d2-4138-8251-bd606749d66f,2014-04-25,08:30:00,EDSA Cabrera Street  Pasay,0,0,0,0,0,0,0,0,0,0,2014-04-25 16:30,Property,14.5385532,121.0080754,No Collision Stated
None,EDSA,None,None,"No Accident Factor, No Collision Stated (based on Police Blotter Book), 0.0 drivers_injured, 0.0 drivers_killed, 0.0 passengers_injured, 0.0 passengers_killed, 0.0 pedestrian_injured, 0.0 pedestrian_killed, Fair (Day), EDSA F.B. Harrison Street  Pasay",MMDA Road Safety Unit,,a29944bb-d29c-4039-8ed7-4a97a7bda65b,2014-04-20,09:00:00,EDSA F.B. Harrison Street  Pasay,0,0,0,0,0,0,0,0,0,0,2014-04-20 17:00,Property,14.53785118,120.9955695,No Collision Stated
None,EDSA,None,None,"No Accident Factor, No Collision Stated (based on Police Blotter Book), 0.0 drivers_injured, 0.0 drivers_killed, 0.0 passengers_injured, 0.0 passengers_killed, 0.0 pedestrian_injured, 0.0 pedestrian_killed, Fair (Day), EDSA Roxas Blvd. Infront of Heritage Hote;  Pasay",MMDA Road Safety Unit,,7e6edf6c-982c-4fe5-a9d4-a6bba090e19d,2014-04-15,03:30:00,EDSA E. Rodriguez St. Pasay,0,0,0,0,0,0,0,0,0,0,2014-04-15 11:30,Property,14.53725136,120.9928775,No Collision Stated
None,EDSA,None,None,"No Accident Factor, No Collision Stated (based on Police Blotter Book), 0.0 drivers_injured, 0.0 drivers_killed, 0.0 passengers_injured, 0.0 passengers_killed, 0.0 pedestrian_injured, 0.0 pedestrian_killed, Fair (Night), EDSA Roxas Blvd.  Pasay",MMDA Road Safety Unit,,244890c2-8a5f-4a3c-b83c-d5e0b2fa4054,2014-04-13,13:00:00,EDSA Heritage Hotel Pasay,0,0,0,0,0,0,0,0,0,0,2014-04-13 21:00,Property,14.53725136,120.9928775,No Collision Stated
None,EDSA,None,None,"No Accident Factor, No Collision Stated (based on Police Blotter Book), 0.0 drivers_injured, 0.0 drivers_killed, 0.0 passengers_injured, 0.0 passengers_killed, 0.0 pedestrian_injured, 0.0 pedestrian_killed, Fair (Night), EDSA Roxas Blvd.  Pasay",MMDA Road Safety Unit,,c93d55aa-3833-49e9-adc7-7f0cac6ad50c,2014-04-10,18:15:00,EDSA Carabana Hotel Pasay,0,0,0,0,0,0,0,0,0,0,2014-04-11 2:15,Property,14.53725136,120.9928775,No Collision Stated
None,EDSA,None,None,"No Accident Factor, No Collision Stated (based on Police Blotter Book), 0.0 drivers_injured, 0.0 drivers_killed, 0.0 passengers_injured, 0.0 passengers_killed, 0.0 pedestrian_injured, 0.0 pedestrian_killed, Fair (Day), EDSA fronting Heritage Hotel Pasay",MMDA Road Safety Unit,,398403b3-1af1-41c3-9e59-4a1bf503254f,2014-04-06,08:00:00,EDSA D. Macapagal Blvd. Pasay,0,0,0,0,0,0,0,0,0,0,2014-04-06 16:00,Property,14.5372421,120.9936671,No Collision Stated
None,EDSA,None,None,"No Accident Factor, No Collision Stated (based on Police Blotter Book), 0.0 drivers_injured, 0.0 drivers_killed, 0.0 passengers_injured, 0.0 passengers_killed, 0.0 pedestrian_injured, 0.0 pedestrian_killed, Fair (Night), EDSA F.B Harrison St. Pasay",MMDA Road Safety Unit,,7c8bb2ce-b3f9-41a5-9d55-e6487fec84c5,2014-04-05,17:35:00,EDSA M. Reyes St. Pasay,0,0,0,0,0,0,0,0,0,0,2014-04-06 1:35,Property,14.53785118,120.9955695,No Collision Stated