LOCATION_TEXT,ROAD,WEATHER,LIGHT,DESC,REPORTING_AGENCY,MAIN_CAUSE,INCIDENTDETAILS_ID,DATE_UTC,TIME_UTC,ADDRESS,killed_driver,killed_passenger,killed_pedestrian,injured_driver,injured_passenger,injured_pedestrian,killed_uncategorized,injured_uncategorized,killed_total,injured_total,DATETIME_PST,SEVERITY,Y,X,COLLISION_TYPE
None,EDSA,None,None,"No Accident Factor, No Collision Stated (based on Police Blotter Book), 0.0 drivers_injured, 0.0 drivers_killed, 0.0 passengers_injured, 0.0 passengers_killed, 0.0 pedestrian_injured, 0.0 pedestrian_killed, Fair (Day), EDSA Roxas Blvd. Pasay",MMDA Road Safety Unit,,8eb6e0b0-a436-4d9b-b9b2-5c7d3ea31eb2,2014-04-04,03:30:00,EDSA Taft Ave. Pasay,0,0,0,0,0,0,0,0,0,0,2014-04-04 11:30,Property,14.53725136,120.9928775,No Collision Stated
None,EDSA,None,None,"No Accident Factor, No Collision Stated (based on Police Blotter Book), 0.0 drivers_injured, 0.0 drivers_killed, 1.0 passengers_injured, 0.0 passengers_killed, 0.0 pedestrian_injured, 0.0 pedestrian_killed, Fair (Night), EDSA Edang St. Pasay",MMDA Road Safety Unit,,44922bfa-4168-4113-b0e3-8bc05d1bcd47,2014-03-31,19:00:00,EDSA Taft Ave. Pasay,0,0,0,0,1,0,0,0,0,1,2014-04-01 3:00,Injury,14.53786068,121.0041878,No Collision Stated
None,EDSA,None,None,"No Accident Factor, No Collision Stated (based on Police Blotter Book), 0.0 drivers_injured, 0.0 drivers_killed, 0.0 passengers_injured, 0.0 passengers_killed, 0.0 pedestrian_injured, 0.0 pedestrian_killed, Fair (Night), EDSA Cabrera Street  Pasay",MMDA Road Safety Unit,,d4297b5c-1927-4b12-aa7f-66229175cd25,2014-03-28,18:45:00,EDSA Rotonda  Pasay,0,0,0,0,0,0,0,0,0,0,2014-03-29 2:45,Property,14.53817493,121.0048575,No Collision Stated
None,EDSA,None,None,"No Accident Factor, No Collision Stated (based on Police Blotter Book), 0.0 drivers_injured, 0.0 drivers_killed, 0.0 passengers_injured, 0.0 passengers_killed, 0.0 pedestrian_injured, 0.0 pedestrian_killed, Fair (Night), EDSA F.B. Harrison Street  Pasay",MMDA Road Safety Unit,,173282cb-718d-49e5-9b1b-deb0b2772627,2014-03-28,14:35:00,EDSA Roxas Blvd. Pasay,0,0,0,0,0,0,0,0,0,0,2014-03-28 22:35,Property,14.53785118,120.9955695,No Collision Stated
None,EDSA,None,None,"No Accident Factor, Rear-end, 0.0 drivers_injured, 0.0 drivers_killed, 0.0 passengers_injured, 0.0 passengers_killed, 0.0 pedestrian_injured, 0.0 pedestrian_killed, Fair (Day), EDSA E. Rodriguez St. Pasay",MMDA Road Safety Unit,,639945d7-0ef4-48d8-b2df-12254a525270,2014-03-24,05:15:00,EDSA Roxas Blvd. Service Road Pasay,0,0,0,0,0,0,0,0,0,0,2014-03-24 13:15,Property,14.53836867,121.0085613,Rear-End
None,EDSA,None,None,"No Accident Factor, Angle Impact, 0.0 drivers_injured, 0.0 drivers_killed, 0.0 passengers_injured, 0.0 passengers_killed, 0.0 pedestrian_injured, 0.0 pedestrian_killed, Fair (Night), EDSA Heritage Hotel Pasay",MMDA Road Safety Unit,,c2145be0-269d-4906-85e4-2998dce60c70,2014-03-22,15:20:00,EDSA DLTB Bus Terminal  Pasay,0,0,0,0,0,0,0,0,0,0,2014-03-22 23:20,Property,14.53721957,120.9935015,Angle Impact
None,EDSA,None,None,"No Accident Factor, No Collision Stated (based on Police Blotter Book), 0.0 drivers_injured, 0.0 drivers_killed, 0.0 passengers_injured, 0.0 passengers_killed, 0.0 pedestrian_injured, 0.0 pedestrian_killed, Fair (Night), EDSA Carabana Hotel Pasay",MMDA Road Safety Unit,,a07501a6-1678-4b3b-8524-7650fce5ec5a,2014-03-22,14:30:00,EDSA Edang Street Pasay,0,0,0,0,0,0,0,0,0,0,2014-03-22 22:30,Property,14.53742372,120.9944471,No Collision Stated
None,EDSA,None,None,"No Accident Factor, Rear-end, 0.0 drivers_injured, 0.0 drivers_killed, 0.0 passengers_injured, 0.0 passengers_killed, 0.0 pedestrian_injured, 0.0 pedestrian_killed, Fair (Day), EDSA D. Macapagal Blvd. Pasay",MMDA Road Safety Unit,,3caec84b-66fe-406c-97cb-ec94c3d622df,2014-03-22,08:45:00,EDSA F.B. Harrison Street  Pasay,0,0,0,0,0,0,0,0,0,0,2014-03-22 16:45,Property,14.53639024,120.988979,Rear-End
None,EDSA,None,None,"No Accident Factor, No Collision Stated (based on Police Blotter Book), 0.0 drivers_injured, 0.0 drivers_killed, 0.0 passengers_injured, 0.0 passengers_killed, 0.0 pedestrian_injured, 0.0 pedestrian_killed, Fair (Day), EDSA M. Reyes St. Pasay",MMDA Road Safety Unit,,c2a419a4-815b-4e7a-a0bf-d5bffc945237,2014-03-21,07:30:00,EDSA Tramo Street  Pasay,0,0,0,0,0,0,0,0,0,0,2014-03-21 15:30,Property,14.5387948,121.0108313,No Collision Stated
None,EDSA,None,None,"No Accident Factor, No Collision Stated (based on Police Blotter Book), 0.0 drivers_injured, 0.0 drivers_killed, 0.0 passengers_injured, 0.0 passengers_killed, 0.0 pedestrian_injured, 0.0 pedestrian_killed, Fair (Day), EDSA Taft Ave. Pasay",MMDA Road Safety Unit,,7c5c2b4f-d13c-42a8-b889-ecabbf907200,2014-03-14,07:30:00,EDSA Taft Ave. Pasay,0,0,0,0,0,0,0,0,0,0,2014-03-14 15:30,Property,14.53775951,121.0007229,No Collision Stated
None,EDSA,None,None,"No Accident Factor, No Collision Stated (based on Police Blotter Book), 0.0 drivers_injured, 0.0 drivers_killed, 1.0 passengers_injured, 0.0 passengers_killed, 0.0 pedestrian_injured, 0.0 pedestrian_killed, Fair (Day), EDSA Taft Ave. Pasay",MMDA Road Safety Unit,,0b85f9c0-77d1-4832-b6ed-7e8962864b83,2014-03-12,22:30:00,EDSA Taft Ave. Pasay,0,0,0,0,1,0,0,0,0,1,2014-03-13 6:30,Injury,14.53775951,121.0007229,No Collision Stated
None,EDSA,None,None,"No Accident Factor, No Collision Stated (based on Police Blotter Book), 0.0 drivers_injured, 0.0 drivers_killed, 0.0 passengers_injured, 0.0 passengers_killed, 0.0 pedestrian_injured, 0.0 pedestrian_killed, Fair (Night), EDSA Rotonda  Pasay",MMDA Road Safety Unit,,370f0c95-5443-456b-a668-149ee2606d27,2014-03-11,13:45:00,EDSA before Automall Pasay,0,0,0,0,0,0,0,0,0,0,2014-03-11 21:45,Property,14.53744344,121.0007766,No Collision Stated
None,EDSA,None,None,"No Accident Factor, No Collision Stated (based on Police Blotter Book), 0.0 drivers_injured, 0.0 drivers_killed, 0.0 passengers_injured, 0.0 passengers_killed, 0.0 pedestrian_injured, 0.0 pedestrian_killed, Fair (Night), EDSA Roxas Blvd. Pasay",MMDA Road Safety Unit,,1b680a0f-8db9-431d-9254-1288404d783c,2014-03-10,14:30:00,EDSA Roxas Boulevard Pasay,0,0,0,0,0,0,0,0,0,0,2014-03-10 22:30,Property,14.53725136,120.9928775,No Collision Stated
None,EDSA,None,None,"No Accident Factor, No Collision Stated (based on Police Blotter Book), 0.0 drivers_injured, 0.0 drivers_killed, 0.0 passengers_injured, 0.0 passengers_killed, 0.0 pedestrian_injured, 0.0 pedestrian_killed, Fair (Night), EDSA Roxas Blvd. Service Road Pasay",MMDA Road Safety Unit,,d7433df0-5484-41d3-91dc-42cdf6b7b490,2014-03-08,15:30:00,EDSA Roxas Boulevard Pasay,0,0,0,0,0,0,0,0,0,0,2014-03-08 23:30,Property,14.53725136,120.9928775,No Collision Stated
None,EDSA,None,None,"No Accident Factor, No Collision Stated (based on Police Blotter Book), 0.0 drivers_injured, 0.0 drivers_killed, 0.0 passengers_injured, 0.0 passengers_killed, 0.0 pedestrian_injured, 0.0 pedestrian_killed, Fair (Day), EDSA DLTB Bus Terminal  Pasay",MMDA Road Safety Unit,,7db2807b-0af8-4289-abdd-d5961f288a31,2014-03-08,02:05:00,EDSA Roxas Boulevard Pasay,0,0,0,0,0,0,0,0,0,0,2014-03-08 10:05,Property,14.53774311,121.0035932,No Collision Stated
None,EDSA,None,None,"No Accident Factor, No Collision Stated (based on Police Blotter Book), 0.0 drivers_injured, 0.0 drivers_killed, 0.0 passengers_injured, 0.0 passengers_killed, 0.0 pedestrian_injured, 0.0 pedestrian_killed, Fair (Day), EDSA Edang Street Pasay",MMDA Road Safety Unit,,61d11a20-8438-4cff-a4d6-9226acb43e32,2014-03-06,05:30:00,EDSA Roxas Boulevard Service Road  Pasay,0,0,0,0,0,0,0,0,0,0,2014-03-06 13:30,Property,14.53786068,121.0041878,No Collision Stated
None,EDSA,None,None,"No Accident Factor, No Collision Stated (based on Police Blotter Book), 0.0 drivers_injured, 0.0 drivers_killed, 0.0 passengers_injured, 0.0 passengers_killed, 0.0 pedestrian_injured, 0.0 pedestrian_killed, Fair (Night), EDSA F.B. Harrison Street  Pasay",MMDA Road Safety Unit,,2bfee266-7072-4198-a1b4-f0ff2c8baf3c,2014-03-05,13:00:00,EDSA Cabrera Street  Pasay,0,0,0,0,0,0,0,0,0,0,2014-03-05 21:00,Property,14.53785118,120.9955695,No Collision Stated
None,EDSA,None,None,"No Accident Factor, Hit and Run (No Collision Stated), 0.0 drivers_injured, 0.0 drivers_killed, 0.0 passengers_injured, 0.0 passengers_killed, 0.0 pedestrian_injured, 0.0 pedestrian_killed, Fair (Day), EDSA Tramo Street  Pasay",MMDA Road Safety Unit,,a158dbd2-793f-471a-a4f5-b03da31e5059,2014-03-05,00:00:00,EDSA F. B. Harrison Street Pasay,0,0,0,0,0,0,0,0,0,0,2014-03-05 8:00,Property,14.53790544,121.0032547,No Collision Stated
None,EDSA,None,None,"No Accident Factor, No Collision Stated (based on Police Blotter Book), 1.0 drivers_injured, 0.0 drivers_killed, 0.0 passengers_injured, 0.0 passengers_killed, 0.0 pedestrian_injured, 0.0 pedestrian_killed, Fair (Night), EDSA Taft Ave. Pasay",MMDA Road Safety Unit,,afa55cae-d9e5-4739-aeca-8fe587e4aa47,2014-02-27,11:00:00,EDSA Roxas Boulevard  Pasay,0,0,0,1,0,0,0,0,0,1,2014-02-27 19:00,Injury,14.53775951,121.0007229,No Collision Stated
None,EDSA,None,None,"No Accident Factor, No Collision Stated (based on Police Blotter Book), 0.0 drivers_injured, 0.0 drivers_killed, 0.0 passengers_injured, 0.0 passengers_killed, 0.0 pedestrian_injured, 0.0 pedestrian_killed, Fair (Night), EDSA Taft Ave. Pasay",MMDA Road Safety Unit,,e3e8be8c-e1ab-46b1-bcbf-615ec1ac0924,2014-02-25,11:30:00,EDSA Taft Avenue Pasay,0,0,0,0,0,0,0,0,0,0,2014-02-25 19:30,Property,14.53775951,121.0007229,No Collision Stated
None,EDSA,None,None,"No Accident Factor, Side Swipe, 0.0 drivers_injured, 0.0 drivers_killed, 0.0 passengers_injured, 0.0 passengers_killed, 0.0 pedestrian_injured, 0.0 pedestrian_killed, Fair (Day), EDSA before Automall Pasay",MMDA Road Safety Unit,,1ddb70ea-3486-46fd-9f24-6ec3af292cae,2014-02-18,23:00:00,EDSA Tramo Street Pasay,0,0,0,0,0,0,0,0,0,0,2014-02-19 7:00,Property,14.53794952,120.9972161,Side Swipe
None,EDSA,None,None,"No Accident Factor, No Collision Stated (based on Police Blotter Book), 0.0 drivers_injured, 0.0 drivers_killed, 0.0 passengers_injured, 0.0 passengers_killed, 0.0 pedestrian_injured, 0.0 pedestrian_killed, Fair (Day), EDSA Roxas Boulevard Pasay",MMDA Road Safety Unit,,2fd108d9-da7e-43e7-81a3-57acab7f615e,2014-02-18,06:35:00,EDSA Diosdado Macapagal Boulevard Pasay,0,0,0,0,0,0,0,0,0,0,2014-02-18 14:35,Property,14.53725136,120.9928775,No Collision Stated
None,EDSA,None,None,"No Accident Factor, No Collision Stated (based on Police Blotter Book), 0.0 drivers_injured, 0.0 drivers_killed, 0.0 passengers_injured, 0.0 passengers_killed, 0.0 pedestrian_injured, 0.0 pedestrian_killed, Fair (Day), EDSA Roxas Boulevard Pasay",MMDA Road Safety Unit,,cefbb705-2b07-4061-8a17-a7f8143bdf41,2014-02-18,05:30:00,EDSA before Taft Avenue Pasay,0,0,0,0,0,0,0,0,0,0,2014-02-18 13:30,Property,14.53725136,120.9928775,No Collision Stated
None,EDSA,None,None,"No Accident Factor, No Collision Stated (based on Police Blotter Book), 0.0 drivers_injured, 0.0 drivers_killed, 0.0 passengers_injured, 0.0 passengers_killed, 0.0 pedestrian_injured, 0.0 pedestrian_killed, Fair (Day), EDSA Roxas Boulevard Pasay",MMDA Road Safety Unit,,07924e5b-c1a5-47e1-848c-617b32f5055a,2014-02-18,02:15:00,EDSA before E. Rodriguez Street Pasay,0,0,0,0,0,0,0,0,0,0,2014-02-18 10:15,Property,14.53725136,120.9928775,No Collision Stated
None,EDSA,None,None,"No Accident Factor, No Collision Stated (based on Police Blotter Book), 0.0 drivers_injured, 0.0 drivers_killed, 0.0 passengers_injured, 0.0 passengers_killed, 0.0 pedestrian_injured, 0.0 pedestrian_killed, Fair (Day), EDSA Roxas Boulevard Service Road  Pasay",MMDA Road Safety Unit,,9cf68753-2ad8-42af-9b77-513327c421ea,2014-02-18,00:30:00,EDSA Taft Avenue Pasay,0,0,0,0,0,0,0,0,0,0,2014-02-18 8:30,Property,14.53725136,120.9928775,No Collision Stated
None,EDSA,None,None,"No Accident Factor, Angle Impact, 0.0 drivers_injured, 0.0 drivers_killed, 0.0 passengers_injured, 0.0 passengers_killed, 0.0 pedestrian_injured, 0.0 pedestrian_killed, Fair (Day), EDSA Cabrera Street  Pasay",MMDA Road Safety Unit,,f4fbe369-2cc4-489a-ae5d-9c44b1563da1,2014-02-17,09:30:00,EDSA C. Jose Street fronting Mercury Drugstore  Pasay,0,0,0,0,0,0,0,0,0,0,2014-02-17 17:30,Property,14.53817493,121.0048575,Angle Impact
None,EDSA,None,None,"No Accident Factor, No Collision Stated (based on Police Blotter Book), 0.0 drivers_injured, 0.0 drivers_killed, 0.0 passengers_injured, 0.0 passengers_killed, 0.0 pedestrian_injured, 0.0 pedestrian_killed, Fair (Day), EDSA F. B. Harrison Street Pasay",MMDA Road Safety Unit,,ba29227d-0cb9-464a-8208-3e7d6521ed73,2014-02-15,07:00:00,EDSA Roxas Boulevard  Pasay,0,0,0,0,0,0,0,0,0,0,2014-02-15 15:00,Property,14.5378679,120.9956516,No Collision Stated
None,EDSA,None,None,"No Accident Factor, No Collision Stated (based on Police Blotter Book), 0.0 drivers_injured, 0.0 drivers_killed, 0.0 passengers_injured, 0.0 passengers_killed, 0.0 pedestrian_injured, 0.0 pedestrian_killed, Fair (Night), EDSA Roxas Boulevard  Pasay",MMDA Road Safety Unit,,5a3ce162-fc3c-4723-95ea-72df193e42d8,2014-02-14,14:00:00,EDSA before Victory Terminal  Pasay,0,0,0,0,0,0,0,0,0,0,2014-02-14 22:00,Property,14.53725136,120.9928775,No Collision Stated
None,EDSA,None,None,"No Accident Factor, No Collision Stated (based on Police Blotter Book), 0.0 drivers_injured, 0.0 drivers_killed, 0.0 passengers_injured, 0.0 passengers_killed, 0.0 pedestrian_injured, 0.0 pedestrian_killed, Fair (Night), EDSA Taft Avenue Pasay",MMDA Road Safety Unit,,139f22b5-3aa4-48be-95a7-85c075893f7d,2014-02-13,11:05:00,EDSA C. Jose Street Pasay,0,0,0,0,0,0,0,0,0,0,2014-02-13 19:05,Property,14.53775951,121.0007229,No Collision Stated
None,EDSA,None,None,"No Accident Factor, No Collision Stated (based on Police Blotter Book), 1.0 drivers_injured, 0.0 drivers_killed, 0.0 passengers_injured, 0.0 passengers_killed, 0.0 pedestrian_injured, 0.0 pedestrian_killed, Fair (Night), EDSA Tramo Street Pasay",MMDA Road Safety Unit,,53c172c9-23e3-4fd5-ad5a-7de1bb49d097,2014-02-10,12:30:00,EDSA Roxas Boulevard  Pasay,0,0,0,1,0,0,0,0,0,1,2014-02-10 20:30,Injury,14.53790544,121.0032547,No Collision Stated
None,EDSA,None,None,"No Accident Factor, No Collision Stated (based on Police Blotter Book), 1.0 drivers_injured, 0.0 drivers_killed, 0.0 passengers_injured, 0.0 passengers_killed, 0.0 pedestrian_injured, 0.0 pedestrian_killed, Fair (Day), EDSA Diosdado Macapagal Boulevard Pasay",MMDA Road Safety Unit,,23dedf86-ed0c-4219-b526-f4af6ec83bc9,2014-02-09,23:45:00,EDSA Sogo Hotel  Pasay,0,0,0,1,0,0,0,0,0,1,2014-02-10 7:45,Injury,14.536143,120.9887488,No Collision Stated
None,EDSA,None,None,"No Accident Factor, No Collision Stated (based on Police Blotter Book), 0.0 drivers_injured, 0.0 drivers_killed, 0.0 passengers_injured, 0.0 passengers_killed, 0.0 pedestrian_injured, 0.0 pedestrian_killed, Fair (Day), EDSA before Taft Avenue Pasay",MMDA Road Safety Unit,,739085ba-90d9-4581-9113-f7edb1c03818,2014-02-09,04:20:00,EDSA Roxas Blvd.  Pasay,0,0,0,0,0,0,0,0,0,0,2014-02-09 12:20,Property,14.53764622,121.0012661,No Collision Stated
None,EDSA,None,None,"No Accident Factor, Rear-end, 0.0 drivers_injured, 0.0 drivers_killed, 0.0 passengers_injured, 0.0 passengers_killed, 0.0 pedestrian_injured, 0.0 pedestrian_killed, Fair (Day), EDSA before E. Rodriguez Street Pasay",MMDA Road Safety Unit,,4bbf3b17-6067-4e10-87b0-b3d5fecf6eb5,2014-02-07,03:30:00,EDSA before Taft Avenue Pedestrian Overpass Pasay,0,0,0,0,0,0,0,0,0,0,2014-02-07 11:30,Property,14.53837278,121.0083921,Rear-End
None,EDSA,None,None,"No Accident Factor, No Collision Stated (based on Police Blotter Book), 0.0 drivers_injured, 0.0 drivers_killed, 0.0 passengers_injured, 0.0 passengers_killed, 0.0 pedestrian_injured, 0.0 pedestrian_killed, Fair (Day), EDSA Taft Avenue Pasay",MMDA Road Safety Unit,,85fed6a1-1320-4e3f-8c12-c247fa5ed537,2014-02-06,23:55:00,EDSA before Heritage Hotel  Pasay,0,0,0,0,0,0,0,0,0,0,2014-02-07 7:55,Property,14.53775951,121.0007229,No Collision Stated
None,EDSA,None,None,"No Accident Factor, Hit Object (No Object Stated), 1.0 drivers_injured, 0.0 drivers_killed, 0.0 passengers_injured, 0.0 passengers_killed, 0.0 pedestrian_injured, 0.0 pedestrian_killed, Fair (Night), EDSA C. Jose Street fronting Mercury Drugstore  Pasay",MMDA Road Safety Unit,,2dffcd89-c589-4e22-a122-83cf85077713,2014-02-05,10:00:00,EDSA Sogo Hotel Pasay,0,0,0,1,0,0,0,0,0,1,2014-02-05 18:00,Injury,14.53873461,121.0107828,Hit Object
None,EDSA,None,None,"No Accident Factor, No Collision Stated (based on Police Blotter Book), 0.0 drivers_injured, 0.0 drivers_killed, 0.0 passengers_injured, 0.0 passengers_killed, 0.0 pedestrian_injured, 0.0 pedestrian_killed, Fair (Day), EDSA Roxas Boulevard  Pasay",MMDA Road Safety Unit,,c76e7a8f-2f1d-4f02-b3bb-806bd2660bde,2014-02-03,23:30:00,EDSA Heritage Hotel  Pasay,0,0,0,0,0,0,0,0,0,0,2014-02-04 7:30,Property,14.53725136,120.9928775,No Collision Stated
None,EDSA,None,None,"No Accident Factor, No Collision Stated (based on Police Blotter Book), 0.0 drivers_injured, 0.0 drivers_killed, 0.0 passengers_injured, 0.0 passengers_killed, 0.0 pedestrian_injured, 0.0 pedestrian_killed, Fair (Day), EDSA before Victory Terminal  Pasay",MMDA Road Safety Unit,,eb40b177-91c7-4677-a112-07f8e900e0d9,2014-02-02,08:20:00,EDSA Heritage Hotel Pasay,0,0,0,0,0,0,0,0,0,0,2014-02-02 16:20,Property,14.53837354,121.0069149,No Collision Stated
None,EDSA,None,None,"No Accident Factor, No Collision Stated (based on Police Blotter Book), 0.0 drivers_injured, 0.0 drivers_killed, 0.0 passengers_injured, 0.0 passengers_killed, 0.0 pedestrian_injured, 0.0 pedestrian_killed, Fair (Night), EDSA C. Jose Street Pasay",MMDA Road Safety Unit,,e80c9fbc-76a4-4902-929c-cfd70b1e3a46,2014-02-01,21:45:00,EDSA P. Celle Stret UTS Pasay,0,0,0,0,0,0,0,0,0,0,2014-02-02 5:45,Property,14.53873461,121.0107828,No Collision Stated
None,EDSA,None,None,"No Accident Factor, No Collision Stated (based on Police Blotter Book), 0.0 drivers_injured, 0.0 drivers_killed, 0.0 passengers_injured, 0.0 passengers_killed, 0.0 pedestrian_injured, 0.0 pedestrian_killed, Fair (Day), EDSA Roxas Boulevard  Pasay",MMDA Road Safety Unit,,4d913ddf-25cc-495f-b1c1-f79bf29be191,2014-01-31,02:30:00,EDSA Taft Avenue  Pasay,0,0,0,0,0,0,0,0,0,0,2014-01-31 10:30,Property,14.53725136,120.9928775,No Collision Stated
None,EDSA,None,None,"No Accident Factor, Hit Parked Vehicle, 0.0 drivers_injured, 0.0 drivers_killed, 0.0 passengers_injured, 0.0 passengers_killed, 0.0 pedestrian_injured, 0.0 pedestrian_killed, Fair (Day), EDSA Sogo Hotel  Pasay",MMDA Road Safety Unit,,3c1671f5-d3f0-4337-aff7-04116b8879e0,2014-01-31,01:35:00,EDSA before Heritage Hotel  Pasay,0,0,0,0,0,0,0,0,0,0,2014-01-31 9:35,Property,14.53744776,121.0009304,Hit Object
None,EDSA,None,None,"No Accident Factor, No Collision Stated (based on Police Blotter Book), 0.0 drivers_injured, 0.0 drivers_killed, 0.0 passengers_injured, 0.0 passengers_killed, 0.0 pedestrian_injured, 0.0 pedestrian_killed, Fair (Day), EDSA Roxas Blvd.  Pasay",MMDA Road Safety Unit,,643f4b8e-1eea-4b9b-af09-a869625a9ca1,2014-01-30,07:30:00,EDSA Taft Avenue  Pasay,0,0,0,0,0,0,0,0,0,0,2014-01-30 15:30,Property,14.53725136,120.9928775,No Collision Stated
None,EDSA,None,None,"No Accident Factor, Hit and Run (No Collision Stated), 0.0 drivers_injured, 0.0 drivers_killed, 0.0 passengers_injured, 0.0 passengers_killed, 0.0 pedestrian_injured, 0.0 pedestrian_killed, Fair (Day), EDSA before Taft Avenue Pedestrian Overpass Pasay",MMDA Road Safety Unit,,8e38a5c0-dce0-43c0-bb29-61c651999ecf,2014-01-29,22:15:00,EDSA fronting Toyota Motors Pasay,0,0,0,0,0,0,0,0,0,0,2014-01-30 6:15,Property,14.53764622,121.0012661,No Collision Stated
None,EDSA,None,None,"No Accident Factor, No Collision Stated (based on Police Blotter Book), 0.0 drivers_injured, 0.0 drivers_killed, 0.0 passengers_injured, 0.0 passengers_killed, 0.0 pedestrian_injured, 0.0 pedestrian_killed, Fair (Day), EDSA before Heritage Hotel  Pasay",MMDA Road Safety Unit,,da3b60bf-fa74-47bb-9fcb-17f538bcd182,2014-01-27,02:30:00,EDSA F. B. Harrison Street Pasay,0,0,0,0,0,0,0,0,0,0,2014-01-27 10:30,Property,14.53735279,120.9934248,No Collision Stated
None,EDSA,None,None,"No Accident Factor, Side Swipe, 0.0 drivers_injured, 0.0 drivers_killed, 0.0 passengers_injured, 0.0 passengers_killed, 0.0 pedestrian_injured, 0.0 pedestrian_killed, Fair (Day), EDSA Sogo Hotel Pasay",MMDA Road Safety Unit,,c84d4573-5d3b-44fc-acae-fcc4727b6d52,2014-01-26,07:45:00,EDSA Tramo Street fronting Winston Lodge Pasay,0,0,0,0,0,0,0,0,0,0,2014-01-26 15:45,Property,14.53744776,121.0009304,Side Swipe
None,EDSA,None,None,"No Accident Factor, No Collision Stated (based on Police Blotter Book), 0.0 drivers_injured, 0.0 drivers_killed, 0.0 passengers_injured, 0.0 passengers_killed, 0.0 pedestrian_injured, 0.0 pedestrian_killed, Fair (Day), EDSA Heritage Hotel  Pasay",MMDA Road Safety Unit,,7e8b065f-fd51-4d5e-be69-fff3c4bd47fd,2014-01-24,06:40:00,EDSA Taft Avenue  Pasay,0,0,0,0,0,0,0,0,0,0,2014-01-24 14:40,Property,14.53721957,120.9935015,No Collision Stated
None,EDSA,None,None,"No Accident Factor, No Collision Stated (based on Police Blotter Book), 0.0 drivers_injured, 0.0 drivers_killed, 0.0 passengers_injured, 0.0 passengers_killed, 0.0 pedestrian_injured, 0.0 pedestrian_killed, Fair (Day), EDSA Heritage Hotel Pasay",MMDA Road Safety Unit,,9d500c7a-309f-4baa-8f58-b88f8b56e368,2014-01-24,03:45:00,EDSA before MRT Pasay,0,0,0,0,0,0,0,0,0,0,2014-01-24 11:45,Property,14.53721957,120.9935015,No Collision Stated
None,EDSA,None,None,"No Accident Factor, No Collision Stated (based on Police Blotter Book), 0.0 drivers_injured, 0.0 drivers_killed, 0.0 passengers_injured, 0.0 passengers_killed, 0.0 pedestrian_injured, 0.0 pedestrian_killed, Fair (Night), EDSA P. Celle Stret UTS Pasay",MMDA Road Safety Unit,,57e773f8-a150-4f21-845b-f8a6592b11bc,2014-01-23,10:10:00,EDSA Taft Avenue  Pasay,0,0,0,0,0,0,0,0,0,0,2014-01-23 18:10,Property,14.53789911,120.9974276,No Collision Stated
None,EDSA,None,None,"No Accident Factor, No Collision Stated (based on Police Blotter Book), 0.0 drivers_injured, 0.0 drivers_killed, 0.0 passengers_injured, 0.0 passengers_killed, 0.0 pedestrian_injured, 0.0 pedestrian_killed, Fair (Day), EDSA Taft Avenue  Pasay",MMDA Road Safety Unit,,f2abe1ce-f529-44b4-a098-6a5abce30ef6,2014-01-23,04:30:00,EDSA President Diosdado Macapagal Boulevard  Pasay,0,0,0,0,0,0,0,0,0,0,2014-01-23 12:30,Property,14.53775951,121.0007229,No Collision Stated
None,EDSA,None,None,"No Accident Factor, No Collision Stated (based on Police Blotter Book), 0.0 drivers_injured, 0.0 drivers_killed, 0.0 passengers_injured, 0.0 passengers_killed, 0.0 pedestrian_injured, 0.0 pedestrian_killed, Fair (Day), EDSA before Heritage Hotel  Pasay",MMDA Road Safety Unit,,f05a27dc-3dff-4063-b254-e16b5280a840,2014-01-22,04:10:00,EDSA Tramo Street Pasay,0,0,0,0,0,0,0,0,0,0,2014-01-22 12:10,Property,14.53735279,120.9934248,No Collision Stated
None,EDSA,None,None,"No Accident Factor, No Collision Stated (based on Police Blotter Book), 0.0 drivers_injured, 0.0 drivers_killed, 0.0 passengers_injured, 0.0 passengers_killed, 0.0 pedestrian_injured, 0.0 pedestrian_killed, Fair (Day), EDSA Taft Avenue  Pasay",MMDA Road Safety Unit,,e60d9a02-8df4-46c6-9c71-8794af7e8e7f,2014-01-21,23:00:00,EDSA F. B. Harrison Street Pasay,0,0,0,0,0,0,0,0,0,0,2014-01-22 7:00,Property,14.53775951,121.0007229,No Collision Stated
None,EDSA,None,None,"No Accident Factor, No Collision Stated (based on Police Blotter Book), 0.0 drivers_injured, 0.0 drivers_killed, 0.0 passengers_injured, 0.0 passengers_killed, 0.0 pedestrian_injured, 0.0 pedestrian_killed, Fair (Night), EDSA fronting Toyota Motors Pasay",MMDA Road Safety Unit,,209772ab-d302-459a-b4d6-c4e0376cc721,2014-01-21,12:30:00,EDSA Heritage Hotel  Pasay,0,0,0,0,0,0,0,0,0,0,2014-01-21 20:30,Property,14.53701539,120.9920619,No Collision Stated