LOCATION_TEXT,ROAD,WEATHER,LIGHT,DESC,REPORTING_AGENCY,MAIN_CAUSE,INCIDENTDETAILS_ID,DATE_UTC,TIME_UTC,ADDRESS,killed_driver,killed_passenger,killed_pedestrian,injured_driver,injured_passenger,injured_pedestrian,killed_uncategorized,injured_uncategorized,killed_total,injured_total,DATETIME_PST,SEVERITY,Y,X,COLLISION_TYPE
None,EDSA,None,None,"No Accident Factor, No Collision Stated (based on Police Blotter Book), 0.0 drivers_injured, 0.0 drivers_killed, 0.0 passengers_injured, 0.0 passengers_killed, 0.0 pedestrian_injured, 0.0 pedestrian_killed, Fair (Day), EDSA F. B. Harrison Street Pasay",MMDA Road Safety Unit,,a74332bc-ded9-4fde-b4c7-63260719d0f7,2014-01-20,23:30:00,EDSA D. Macapagal Blvd.  Pasay,0,0,0,0,0,0,0,0,0,0,2014-01-21 7:30,Property,14.5378679,120.9956516,No Collision Stated
None,EDSA,None,None,"No Accident Factor, No Collision Stated (based on Police Blotter Book), 0.0 drivers_injured, 0.0 drivers_killed, 1.0 passengers_injured, 0.0 passengers_killed, 0.0 pedestrian_injured, 0.0 pedestrian_killed, Fair (Night), EDSA Tramo Street fronting Winston Lodge Pasay",MMDA Road Safety Unit,,0cf42e05-4395-4e6d-8246-f1abf17e31a9,2014-01-19,11:45:00,EDSA F.B. Harrison St. Pasay,0,0,0,0,1,0,0,0,0,1,2014-01-19 19:45,Injury,14.53790544,121.0032547,No Collision Stated
None,EDSA,None,None,"No Accident Factor, No Collision Stated (based on Police Blotter Book), 0.0 drivers_injured, 0.0 drivers_killed, 0.0 passengers_injured, 0.0 passengers_killed, 0.0 pedestrian_injured, 0.0 pedestrian_killed, Fair (Night), EDSA Taft Avenue  Pasay",MMDA Road Safety Unit,,1161f749-85cc-459c-90ff-89859a92e1fc,2014-01-15,10:00:00,EDSA F.B. Harrison St. Pasay,0,0,0,0,0,0,0,0,0,0,2014-01-15 18:00,Property,14.53775951,121.0007229,No Collision Stated
None,EDSA,None,None,"No Accident Factor, No Collision Stated (based on Police Blotter Book), 0.0 drivers_injured, 0.0 drivers_killed, 0.0 passengers_injured, 0.0 passengers_killed, 0.0 pedestrian_injured, 0.0 pedestrian_killed, Fair (Day), EDSA before MRT Pasay",MMDA Road Safety Unit,,0dd915a6-fdbc-44a7-8cdc-e58e2a15b399,2014-01-15,09:10:00,EDSA Tramo St. Pasay,0,0,0,0,0,0,0,0,0,0,2014-01-15 17:10,Property,14.53774418,121.0016913,No Collision Stated
None,EDSA,None,None,"No Accident Factor, No Collision Stated (based on Police Blotter Book), 0.0 drivers_injured, 0.0 drivers_killed, 0.0 passengers_injured, 0.0 passengers_killed, 0.0 pedestrian_injured, 0.0 pedestrian_killed, Fair (Night), EDSA Taft Avenue  Pasay",MMDA Road Safety Unit,,8c45b0ad-35d3-4d59-ae4d-b0007f2fa048,2014-01-12,13:30:00,"EDSA Taft Ave.,MRT Station Pasay",0,0,0,0,0,0,0,0,0,0,2014-01-12 21:30,Property,14.53775951,121.0007229,No Collision Stated
None,EDSA,None,None,"No Accident Factor, No Collision Stated (based on Police Blotter Book), 0.0 drivers_injured, 0.0 drivers_killed, 0.0 passengers_injured, 0.0 passengers_killed, 0.0 pedestrian_injured, 0.0 pedestrian_killed, Fair (Day), EDSA President Diosdado Macapagal Boulevard  Pasay",MMDA Road Safety Unit,,31e51245-7b39-4363-9493-bb445a550566,2014-01-09,00:00:00,EDSA Taft Ave. Pasay,0,0,0,0,0,0,0,0,0,0,2014-01-09 8:00,Property,14.53619237,120.9889562,No Collision Stated
None,EDSA,None,None,"No Accident Factor, No Collision Stated (based on Police Blotter Book), 0.0 drivers_injured, 0.0 drivers_killed, 0.0 passengers_injured, 0.0 passengers_killed, 0.0 pedestrian_injured, 0.0 pedestrian_killed, Fair (Day), EDSA Tramo Street Pasay",MMDA Road Safety Unit,,6a9333b3-77b4-46c8-a599-e17d40c49a92,2014-01-08,05:10:00,EDSA Heritage Hotel Pasay,0,0,0,0,0,0,0,0,0,0,2014-01-08 13:10,Property,14.53790544,121.0032547,No Collision Stated
None,EDSA,None,None,"No Accident Factor, No Collision Stated (based on Police Blotter Book), 0.0 drivers_injured, 0.0 drivers_killed, 0.0 passengers_injured, 0.0 passengers_killed, 0.0 pedestrian_injured, 0.0 pedestrian_killed, Fair (Day), EDSA F. B. Harrison Street Pasay",MMDA Road Safety Unit,,0613a403-eb7c-42cf-ac3c-df48a89518b4,2014-01-06,23:25:00,EDSA  Taft Avenue  Pasay,0,0,0,0,0,0,0,0,0,0,2014-01-07 7:25,Property,14.5378679,120.9956516,No Collision Stated
None,EDSA,None,None,"No Accident Factor, No Collision Stated (based on Police Blotter Book), 0.0 drivers_injured, 0.0 drivers_killed, 0.0 passengers_injured, 0.0 passengers_killed, 0.0 pedestrian_injured, 0.0 pedestrian_killed, Fair (Night), EDSA Heritage Hotel  Pasay",MMDA Road Safety Unit,,90f2e69b-d80f-4b45-bd1e-bbecf6a359ff,2014-01-05,17:45:00,EDSA P. Celle Street UTS Pasay,0,0,0,0,0,0,0,0,0,0,2014-01-06 1:45,Property,14.53721957,120.9935015,No Collision Stated
None,EDSA,None,None,"No Accident Factor, Side Swipe, 0.0 drivers_injured, 0.0 drivers_killed, 0.0 passengers_injured, 0.0 passengers_killed, 0.0 pedestrian_injured, 0.0 pedestrian_killed, Fair (Night), EDSA D. Macapagal Blvd.  Pasay",MMDA Road Safety Unit,,01d8d28f-0a4d-44ef-99fb-30e1e08e275a,2014-01-02,15:00:00,EDSA Kabayan Hotel  Pasay,0,0,0,0,0,0,0,0,0,0,2014-01-02 23:00,Property,14.53639024,120.988979,Side Swipe
None,EDSA,None,None,"No Accident Factor, No Collision Stated (based on Police Blotter Book), 1.0 drivers_injured, 0.0 drivers_killed, 0.0 passengers_injured, 0.0 passengers_killed, 0.0 pedestrian_injured, 0.0 pedestrian_killed, Fair (Night), EDSA F.B. Harrison St. Pasay",MMDA Road Safety Unit,,e1518ff2-5904-42c3-a78a-c58497075ca9,2013-12-09,10:30:00,EDSA C. Jose Street  Pasay,0,0,0,1,0,0,0,0,0,1,2013-12-09 18:30,Injury,14.53785118,120.9955695,No Collision Stated
None,EDSA,None,None,"No Accident Factor, No Collision Stated (based on Police Blotter Book), 0.0 drivers_injured, 0.0 drivers_killed, 0.0 passengers_injured, 0.0 passengers_killed, 0.0 pedestrian_injured, 0.0 pedestrian_killed, Fair (Day), EDSA F.B. Harrison St. Pasay",MMDA Road Safety Unit,,4496bcef-cb3c-48e0-9efd-bd9921aebd73,2013-12-09,01:50:00,EDSA E. Rodriguez Street (WB)  Pasay,0,0,0,0,0,0,0,0,0,0,2013-12-09 9:50,Property,14.53785118,120.9955695,No Collision Stated
None,EDSA,None,None,"No Accident Factor, Rear-end, 0.0 drivers_injured, 0.0 drivers_killed, 0.0 passengers_injured, 0.0 passengers_killed, 0.0 pedestrian_injured, 0.0 pedestrian_killed, Fair (Day), EDSA Tramo St. Pasay",MMDA Road Safety Unit,,aa3bf616-037f-42d8-8dd6-be415da6b79e,2013-12-08,23:20:00,EDSA Roxas Blvd.  Pasay,0,0,0,0,0,0,0,0,0,0,2013-12-09 7:20,Property,14.53790544,121.0032547,Rear-End
None,EDSA,None,None,"No Accident Factor, Rear-end, 0.0 drivers_injured, 0.0 drivers_killed, 0.0 passengers_injured, 0.0 passengers_killed, 0.0 pedestrian_injured, 0.0 pedestrian_killed, Fair (Night), EDSA Taft Ave.,MRT Station Pasay",MMDA Road Safety Unit,,3a2307a0-ccd6-4cf2-87b7-484b0742150a,2013-12-06,12:45:00,EDSA  Heritage Hotel Pasay,0,0,0,0,0,0,0,0,0,0,2013-12-06 20:45,Property,14.53775951,121.0007229,Rear-End
None,EDSA,None,None,"No Accident Factor, No Collision Stated (based on Police Blotter Book), 0.0 drivers_injured, 0.0 drivers_killed, 0.0 passengers_injured, 0.0 passengers_killed, 0.0 pedestrian_injured, 0.0 pedestrian_killed, Fair (Night), EDSA Taft Ave. Pasay",MMDA Road Safety Unit,,166f7d6b-b230-4ff0-a608-63737c4d0e9d,2013-12-05,14:15:00,EDSA  Near MRT Taft Station  Pasay,0,0,0,0,0,0,0,0,0,0,2013-12-05 22:15,Property,14.53775951,121.0007229,No Collision Stated
None,EDSA,None,None,"No Accident Factor, No Collision Stated (based on Police Blotter Book), 0.0 drivers_injured, 0.0 drivers_killed, 1.0 passengers_injured, 0.0 passengers_killed, 0.0 pedestrian_injured, 0.0 pedestrian_killed, Fair (Day), EDSA Heritage Hotel Pasay",MMDA Road Safety Unit,,fc861a5b-9163-48b1-a789-4063b8d31e0f,2013-12-04,08:40:00,EDSA Cabrera Street  Pasay,0,0,0,0,1,0,0,0,0,1,2013-12-04 16:40,Injury,14.53721957,120.9935015,No Collision Stated
None,EDSA,None,None,"No Accident Factor, No Collision Stated (based on Police Blotter Book), 0.0 drivers_injured, 0.0 drivers_killed, 0.0 passengers_injured, 0.0 passengers_killed, 0.0 pedestrian_injured, 0.0 pedestrian_killed, Fair (Day), EDSA  Taft Avenue  Pasay",MMDA Road Safety Unit,,9653456c-2c4c-4d79-83e4-21408dfb100c,2013-11-25,23:30:00,EDSA  Rotonda Pasay,0,0,0,0,0,0,0,0,0,0,2013-11-26 7:30,Property,14.53765557,121.0008015,No Collision Stated
None,EDSA,None,None,"No Accident Factor, No Collision Stated (based on Police Blotter Book), 0.0 drivers_injured, 0.0 drivers_killed, 0.0 passengers_injured, 0.0 passengers_killed, 0.0 pedestrian_injured, 0.0 pedestrian_killed, Fair (Day), EDSA P. Celle Street UTS Pasay",MMDA Road Safety Unit,,b88d5aa4-90c7-4d24-abeb-58518dc90d32,2013-11-24,22:00:00,EDSA  Taft Ave.  Pasay,0,0,0,0,0,0,0,0,0,0,2013-11-25 6:00,Property,14.53789911,120.9974276,No Collision Stated
None,EDSA,None,None,"No Accident Factor, No Collision Stated (based on Police Blotter Book), 0.0 drivers_injured, 0.0 drivers_killed, 0.0 passengers_injured, 0.0 passengers_killed, 0.0 pedestrian_injured, 0.0 pedestrian_killed, Fair (Night), EDSA Kabayan Hotel  Pasay",MMDA Road Safety Unit,,67b90045-b213-49dd-af41-fce0e20493de,2013-11-24,10:30:00,EDSA fronting Victory Liner Bus Terminal Pasay,0,0,0,0,0,0,0,0,0,0,2013-11-24 18:30,Property,14.53775829,121.0015736,No Collision Stated
None,EDSA,None,None,"No Accident Factor, No Collision Stated (based on Police Blotter Book), 0.0 drivers_injured, 0.0 drivers_killed, 0.0 passengers_injured, 0.0 passengers_killed, 0.0 pedestrian_injured, 0.0 pedestrian_killed, Fair (Day), EDSA C. Jose Street  Pasay",MMDA Road Safety Unit,,06edda38-dce0-4017-a0a5-37030e2ea347,2013-11-23,04:00:00,EDSA  Taft Ave. Pasay,0,0,0,0,0,0,0,0,0,0,2013-11-23 12:00,Property,14.53873461,121.0107828,No Collision Stated
None,EDSA,None,None,"No Accident Factor, No Collision Stated (based on Police Blotter Book), 0.0 drivers_injured, 0.0 drivers_killed, 0.0 passengers_injured, 0.0 passengers_killed, 0.0 pedestrian_injured, 0.0 pedestrian_killed, Fair (Day), EDSA E. Rodriguez Street (WB)  Pasay",MMDA Road Safety Unit,,67096b6d-da30-44e4-b8ca-d45965e751a8,2013-11-22,09:30:00,EDSA    Taft Avenue (Rotonda) Pasay,0,0,0,0,0,0,0,0,0,0,2013-11-22 17:30,Property,14.53836867,121.0085613,No Collision Stated
None,EDSA,None,None,"No Accident Factor, No Collision Stated (based on Police Blotter Book), 0.0 drivers_injured, 0.0 drivers_killed, 0.0 passengers_injured, 0.0 passengers_killed, 0.0 pedestrian_injured, 0.0 pedestrian_killed, Fair (Day), EDSA Roxas Blvd.  Pasay",MMDA Road Safety Unit,,5bd09d12-b3c6-4bf6-9a25-963f2c2b5557,2013-11-20,04:00:00,EDSA     Taft Avenue Pasay,0,0,0,0,0,0,0,0,0,0,2013-11-20 12:00,Property,14.53725136,120.9928775,No Collision Stated
None,EDSA,None,None,"No Accident Factor, Rear-end, 0.0 drivers_injured, 0.0 drivers_killed, 0.0 passengers_injured, 0.0 passengers_killed, 0.0 pedestrian_injured, 0.0 pedestrian_killed, Fair (Day), EDSA  Heritage Hotel Pasay",MMDA Road Safety Unit,,ea2acea7-a8c3-4f43-a1f3-52b2351a603c,2013-11-20,00:05:00,EDSA  Heritage Hotel Pasay,0,0,0,0,0,0,0,0,0,0,2013-11-20 8:05,Property,14.53714503,120.9931655,Rear-End
None,EDSA,None,None,"No Accident Factor, No Collision Stated (based on Police Blotter Book), 0.0 drivers_injured, 0.0 drivers_killed, 0.0 passengers_injured, 0.0 passengers_killed, 0.0 pedestrian_injured, 0.0 pedestrian_killed, Fair (Day), EDSA  Near MRT Taft Station  Pasay",MMDA Road Safety Unit,,90f3f8fd-bb76-4e1a-bdbc-f15c7f63134e,2013-11-19,00:00:00,EDSA  Kabayan Hotel  Pasay,0,0,0,0,0,0,0,0,0,0,2013-11-19 8:00,Property,14.53759696,121.0014435,No Collision Stated
None,EDSA,None,None,"No Accident Factor, Hit Object (No Object Stated), 0.0 drivers_injured, 0.0 drivers_killed, 0.0 passengers_injured, 0.0 passengers_killed, 0.0 pedestrian_injured, 0.0 pedestrian_killed, Fair (Night), EDSA Cabrera Street  Pasay",MMDA Road Safety Unit,,6da545fb-04f7-4e49-8a9a-b0823b9842b9,2013-11-18,15:40:00,EDSA  D. Macapagal Blvd. Pasay,0,0,0,0,0,0,0,0,0,0,2013-11-18 23:40,Property,14.53817493,121.0048575,Hit Object
None,EDSA,None,None,"No Accident Factor, No Collision Stated (based on Police Blotter Book), 0.0 drivers_injured, 0.0 drivers_killed, 0.0 passengers_injured, 0.0 passengers_killed, 0.0 pedestrian_injured, 0.0 pedestrian_killed, Fair (Day), EDSA  Rotonda Pasay",MMDA Road Safety Unit,,bbf44665-7c43-4f8b-9ddd-7dcc9f2ce822,2013-11-15,05:30:00,EDSA Taft Ave. Pasay,0,0,0,0,0,0,0,0,0,0,2013-11-15 13:30,Property,14.53765659,121.0007103,No Collision Stated
None,EDSA,None,None,"No Accident Factor, No Collision Stated (based on Police Blotter Book), 0.0 drivers_injured, 0.0 drivers_killed, 0.0 passengers_injured, 0.0 passengers_killed, 0.0 pedestrian_injured, 0.0 pedestrian_killed, Fair (Night), EDSA  Taft Ave.  Pasay",MMDA Road Safety Unit,,7dff8d59-283f-42d2-bcbd-4c859c4d5223,2013-11-04,13:20:00,EDSA M. Reyes St.  Pasay,0,0,0,0,0,0,0,0,0,0,2013-11-04 21:20,Property,14.53765557,121.0008015,No Collision Stated
None,EDSA,None,None,"No Accident Factor, No Collision Stated (based on Police Blotter Book), 0.0 drivers_injured, 0.0 drivers_killed, 0.0 passengers_injured, 0.0 passengers_killed, 0.0 pedestrian_injured, 0.0 pedestrian_killed, Fair (Day), EDSA fronting Victory Liner Bus Terminal Pasay",MMDA Road Safety Unit,,6a775cfa-3c41-4f9f-8db8-b94f7d04bc78,2013-10-30,03:00:00,EDSA Taft Ave. Pasay,0,0,0,0,0,0,0,0,0,0,2013-10-30 11:00,Property,14.53838401,121.0066671,No Collision Stated
None,EDSA,None,None,"No Accident Factor, No Collision Stated (based on Police Blotter Book), 0.0 drivers_injured, 0.0 drivers_killed, 0.0 passengers_injured, 0.0 passengers_killed, 0.0 pedestrian_injured, 0.0 pedestrian_killed, Fair (Day), EDSA  Taft Ave. Pasay",MMDA Road Safety Unit,,816bdae0-71a0-4b2e-ab90-4f377d228502,2013-10-22,03:30:00,EDSA Taft Ave. Pasay,0,0,0,0,0,0,0,0,0,0,2013-10-22 11:30,Property,14.53765557,121.0008015,No Collision Stated
None,EDSA,None,None,"No Accident Factor, Hit and Run (No Collision Stated), 0.0 drivers_injured, 0.0 drivers_killed, 0.0 passengers_injured, 0.0 passengers_killed, 0.0 pedestrian_injured, 0.0 pedestrian_killed, Fair (Night), EDSA    Taft Avenue (Rotonda) Pasay",MMDA Road Safety Unit,,8405f9b2-f342-45f1-aab5-a9dacdf42629,2013-10-15,10:20:00,EDSA Taft Ave. Pasay,0,0,0,0,0,0,0,0,0,0,2013-10-15 18:20,Property,14.53768663,121.0006861,No Collision Stated
None,EDSA,None,None,"No Accident Factor, Rear-end, 0.0 drivers_injured, 0.0 drivers_killed, 0.0 passengers_injured, 0.0 passengers_killed, 0.0 pedestrian_injured, 0.0 pedestrian_killed, Fair (Night), EDSA     Taft Avenue Pasay",MMDA Road Safety Unit,,568f24ae-1b77-4091-a66e-70fa96c939d6,2013-10-13,12:50:00,EDSA C. Jose St.  Pasay,0,0,0,0,0,0,0,0,0,0,2013-10-13 20:50,Property,14.53763983,121.0008346,Rear-End
None,EDSA,None,None,"No Accident Factor, Side Swipe, 0.0 drivers_injured, 0.0 drivers_killed, 0.0 passengers_injured, 0.0 passengers_killed, 0.0 pedestrian_injured, 0.0 pedestrian_killed, Fair (Day), EDSA  Heritage Hotel Pasay",MMDA Road Safety Unit,,2928b007-3dac-46b2-af8e-2b1ff5c2eb0f,2013-10-09,03:40:00,EDSA Taft Ave. Pasay,0,0,0,0,0,0,0,0,0,0,2013-10-09 11:40,Property,14.53714503,120.9931655,Side Swipe
None,EDSA,None,None,"No Accident Factor, Hit and Run (Hit Parked Vehicle), 0.0 drivers_injured, 0.0 drivers_killed, 0.0 passengers_injured, 0.0 passengers_killed, 0.0 pedestrian_injured, 0.0 pedestrian_killed, Fair (Day), EDSA  Kabayan Hotel  Pasay",MMDA Road Safety Unit,,02cc68c8-2a56-4c12-9ab6-1601aa646b40,2013-10-09,03:00:00,EDSA Taft Ave. Pasay,0,0,0,0,0,0,0,0,0,0,2013-10-09 11:00,Property,14.53778177,121.0016505,Hit Object
None,EDSA,None,None,"No Accident Factor, Side Swipe, 0.0 drivers_injured, 0.0 drivers_killed, 0.0 passengers_injured, 0.0 passengers_killed, 0.0 pedestrian_injured, 0.0 pedestrian_killed, Fair (Day), EDSA  D. Macapagal Blvd. Pasay",MMDA Road Safety Unit,,0f5dbe35-5092-442e-8a05-8008d7c1a393,2013-10-08,04:30:00,EDSA Taft Rotonda  Pasay,0,0,0,0,0,0,0,0,0,0,2013-10-08 12:30,Property,14.53620909,120.9890383,Side Swipe
None,EDSA,None,None,"No Accident Factor, No Collision Stated (based on Police Blotter Book), 0.0 drivers_injured, 0.0 drivers_killed, 0.0 passengers_injured, 0.0 passengers_killed, 0.0 pedestrian_injured, 0.0 pedestrian_killed, Fair (Night), EDSA Taft Ave. Pasay",MMDA Road Safety Unit,,86d4ffb7-5ca6-4893-946a-76f577d8060a,2013-09-25,10:40:00,EDSA Apelo St.  Pasay,0,0,0,0,0,0,0,0,0,0,2013-09-25 18:40,Property,14.53775951,121.0007229,No Collision Stated
None,EDSA,None,None,"No Accident Factor, No Collision Stated (based on Police Blotter Book), 0.0 drivers_injured, 0.0 drivers_killed, 0.0 passengers_injured, 0.0 passengers_killed, 0.0 pedestrian_injured, 0.0 pedestrian_killed, Fair (Night), EDSA M. Reyes St.  Pasay",MMDA Road Safety Unit,,be81a02a-717c-46c7-9bdd-bc0eea894634,2013-09-24,12:00:00,EDSA Taft Ave. Pasay,0,0,0,0,0,0,0,0,0,0,2013-09-24 20:00,Property,14.5387948,121.0108313,No Collision Stated
None,EDSA,None,None,"No Accident Factor, No Collision Stated (based on Police Blotter Book), 0.0 drivers_injured, 0.0 drivers_killed, 0.0 passengers_injured, 0.0 passengers_killed, 0.0 pedestrian_injured, 0.0 pedestrian_killed, Fair (Day), EDSA Taft Ave. Pasay",MMDA Road Safety Unit,,456253f8-99b9-4ccf-b897-abbf15692f5d,2013-09-24,05:20:00,EDSA Taft Ave. Pasay,0,0,0,0,0,0,0,0,0,0,2013-09-24 13:20,Property,14.53775951,121.0007229,No Collision Stated
None,EDSA,None,None,"No Accident Factor, Hit and Run (No Collision Stated), 0.0 drivers_injured, 0.0 drivers_killed, 0.0 passengers_injured, 0.0 passengers_killed, 0.0 pedestrian_injured, 0.0 pedestrian_killed, Fair (Day), EDSA Taft Ave. Pasay",MMDA Road Safety Unit,,e8a9d9ea-5e80-4168-a60b-30e39194f201,2013-09-22,05:00:00,EDSA Taft Ave. Pasay,0,0,0,0,0,0,0,0,0,0,2013-09-22 13:00,Property,14.53775951,121.0007229,No Collision Stated
None,EDSA,None,None,"No Accident Factor, No Collision Stated (based on Police Blotter Book), 0.0 drivers_injured, 0.0 drivers_killed, 0.0 passengers_injured, 0.0 passengers_killed, 0.0 pedestrian_injured, 0.0 pedestrian_killed, Fair (Night), EDSA Taft Ave. Pasay",MMDA Road Safety Unit,,7556a33c-8dd8-44d3-adf1-3267e2878dc7,2013-09-21,11:05:00,EDSA Taft Ave. Pasay,0,0,0,0,0,0,0,0,0,0,2013-09-21 19:05,Property,14.53775951,121.0007229,No Collision Stated
None,EDSA,None,None,"No Accident Factor, No Collision Stated (based on Police Blotter Book), 1.0 drivers_injured, 0.0 drivers_killed, 0.0 passengers_injured, 0.0 passengers_killed, 0.0 pedestrian_injured, 0.0 pedestrian_killed, Fair (Night), EDSA C. Jose St.  Pasay",MMDA Road Safety Unit,,07ed22f3-c5ed-4512-aff2-adc1601420db,2013-09-18,14:30:00,EDSA Taft Ave. Pasay,0,0,0,1,0,0,0,0,0,1,2013-09-18 22:30,Injury,14.53873461,121.0107828,No Collision Stated
None,EDSA,None,None,"No Accident Factor, Hit and Run (No Collision Stated), 0.0 drivers_injured, 0.0 drivers_killed, 0.0 passengers_injured, 0.0 passengers_killed, 0.0 pedestrian_injured, 0.0 pedestrian_killed, Fair (Night), EDSA Taft Ave. Pasay",MMDA Road Safety Unit,,88d3991c-f5f9-4eef-90c7-3ad2c720ffde,2013-09-18,11:45:00,EDSA fronting Heritage Hotel Pasay,0,0,0,0,0,0,0,0,0,0,2013-09-18 19:45,Property,14.53775951,121.0007229,No Collision Stated
None,EDSA,None,None,"No Accident Factor, No Collision Stated (based on Police Blotter Book), 0.0 drivers_injured, 0.0 drivers_killed, 0.0 passengers_injured, 0.0 passengers_killed, 0.0 pedestrian_injured, 0.0 pedestrian_killed, Fair (Night), EDSA Taft Ave. Pasay",MMDA Road Safety Unit,,fb0af4d7-9b2e-42a1-91bb-02eb815328df,2013-09-17,15:00:00,EDSA Taft Ave. Pasay,0,0,0,0,0,0,0,0,0,0,2013-09-17 23:00,Property,14.53775951,121.0007229,No Collision Stated
None,EDSA,None,None,"No Accident Factor, No Collision Stated (based on Police Blotter Book), 0.0 drivers_injured, 0.0 drivers_killed, 0.0 passengers_injured, 0.0 passengers_killed, 0.0 pedestrian_injured, 0.0 pedestrian_killed, Fair (Night), EDSA Taft Rotonda  Pasay",MMDA Road Safety Unit,,96484a8e-32d4-40d3-8a4e-1bb4ed61dbdf,2013-09-13,21:00:00,EDSA Tramo St. Pasay,0,0,0,0,0,0,0,0,0,0,2013-09-14 5:00,Property,14.53775951,121.0007229,No Collision Stated
None,EDSA,None,None,"No Accident Factor, No Collision Stated (based on Police Blotter Book), 0.0 drivers_injured, 0.0 drivers_killed, 0.0 passengers_injured, 0.0 passengers_killed, 0.0 pedestrian_injured, 0.0 pedestrian_killed, Fair (Day), EDSA Apelo St.  Pasay",MMDA Road Safety Unit,,9621f483-d8c7-4575-99ee-0b9f64b8c7d6,2013-09-12,23:30:00,EDSA D. Macapagal Blvd. Pasay,0,0,0,0,0,0,0,0,0,0,2013-09-13 7:30,Property,14.53789637,121.0046152,No Collision Stated
None,EDSA,None,None,"No Accident Factor, No Collision Stated (based on Police Blotter Book), 0.0 drivers_injured, 0.0 drivers_killed, 0.0 passengers_injured, 0.0 passengers_killed, 0.0 pedestrian_injured, 0.0 pedestrian_killed, Fair (Day), EDSA Taft Ave. Pasay",MMDA Road Safety Unit,,a74f0592-516c-4a8d-8a54-dd98b260ddb5,2013-09-12,22:20:00,EDSA fronting PTT Gas station (SB) Pasay,0,0,0,0,0,0,0,0,0,0,2013-09-13 6:20,Property,14.53775951,121.0007229,No Collision Stated
None,EDSA,None,None,"No Accident Factor, No Collision Stated (based on Police Blotter Book), 0.0 drivers_injured, 0.0 drivers_killed, 0.0 passengers_injured, 0.0 passengers_killed, 0.0 pedestrian_injured, 0.0 pedestrian_killed, Fair (Day), EDSA Taft Ave. Pasay",MMDA Road Safety Unit,,2beb17ab-643b-408e-a295-9a08b179d4b7,2013-09-12,00:40:00,EDSA Taft Ave. Pasay,0,0,0,0,0,0,0,0,0,0,2013-09-12 8:40,Property,14.53775951,121.0007229,No Collision Stated
None,EDSA,None,None,"No Accident Factor, No Collision Stated (based on Police Blotter Book), 0.0 drivers_injured, 0.0 drivers_killed, 0.0 passengers_injured, 0.0 passengers_killed, 0.0 pedestrian_injured, 0.0 pedestrian_killed, Fair (Day), EDSA Taft Ave. Pasay",MMDA Road Safety Unit,,bfc84ad1-4a8c-4ca3-9b18-7772376c91f7,2013-09-10,07:30:00,EDSA Taft Ave. Pasay,0,0,0,0,0,0,0,0,0,0,2013-09-10 15:30,Property,14.53775951,121.0007229,No Collision Stated
None,EDSA,None,None,"No Accident Factor, No Collision Stated (based on Police Blotter Book), 0.0 drivers_injured, 0.0 drivers_killed, 0.0 passengers_injured, 0.0 passengers_killed, 0.0 pedestrian_injured, 0.0 pedestrian_killed, Fair (Day), EDSA Taft Ave. Pasay",MMDA Road Safety Unit,,2530b1a1-d811-45cf-b685-47bdd4daddcc,2013-09-10,03:45:00,EDSA fronting Goldline Bus Terminal Pasay,0,0,0,0,0,0,0,0,0,0,2013-09-10 11:45,Property,14.53775951,121.0007229,No Collision Stated
None,EDSA,None,None,"No Accident Factor, No Collision Stated (based on Police Blotter Book), 0.0 drivers_injured, 0.0 drivers_killed, 0.0 passengers_injured, 0.0 passengers_killed, 0.0 pedestrian_injured, 0.0 pedestrian_killed, Fair (Day), EDSA Taft Ave. Pasay",MMDA Road Safety Unit,,569210ff-c504-4d59-a2aa-789e421b939e,2013-09-07,02:30:00,EDSA Taft Ave. Pasay,0,0,0,0,0,0,0,0,0,0,2013-09-07 10:30,Property,14.53775951,121.0007229,No Collision Stated
None,EDSA,None,None,"No Accident Factor, No Collision Stated (based on Police Blotter Book), 0.0 drivers_injured, 0.0 drivers_killed, 0.0 passengers_injured, 0.0 passengers_killed, 0.0 pedestrian_injured, 0.0 pedestrian_killed, Fair (Day), EDSA fronting Heritage Hotel Pasay",MMDA Road Safety Unit,,cb9155b2-4534-4e00-a3d2-677ee8753aac,2013-08-10,03:50:00,EDSA Taft Ave. Pasay,0,0,0,0,0,0,0,0,0,0,2013-08-10 11:50,Property,14.5372421,120.9936671,No Collision Stated
None,EDSA,None,None,"No Accident Factor, No Collision Stated (based on Police Blotter Book), 0.0 drivers_injured, 0.0 drivers_killed, 0.0 passengers_injured, 0.0 passengers_killed, 0.0 pedestrian_injured, 0.0 pedestrian_killed, Fair (Night), EDSA Taft Ave. Pasay",MMDA Road Safety Unit,,de96adc7-fad6-4155-abc4-3353746f2e33,2013-08-09,14:35:00,EDSA Taft Ave. Pasay,0,0,0,0,0,0,0,0,0,0,2013-08-09 22:35,Property,14.53775951,121.0007229,No Collision Stated