LOCATION_TEXT,ROAD,WEATHER,LIGHT,DESC,REPORTING_AGENCY,MAIN_CAUSE,INCIDENTDETAILS_ID,DATE_UTC,TIME_UTC,ADDRESS,killed_driver,killed_passenger,killed_pedestrian,injured_driver,injured_passenger,injured_pedestrian,killed_uncategorized,injured_uncategorized,killed_total,injured_total,DATETIME_PST,SEVERITY,Y,X,COLLISION_TYPE
None,EDSA,None,None,"No Accident Factor, No Collision Stated (based on Police Blotter Book), 0.0 drivers_injured, 0.0 drivers_killed, 0.0 passengers_injured, 0.0 passengers_killed, 0.0 pedestrian_injured, 0.0 pedestrian_killed, Fair (Night), EDSA Tramo St. Pasay",MMDA Road Safety Unit,,24011092-42c1-4d52-86e3-fcd4b20355cf,2013-08-09,12:55:00,EDSA SM MOA Circle Pasay,0,0,0,0,0,0,0,0,0,0,2013-08-09 20:55,Property,14.53790544,121.0032547,No Collision Stated
None,EDSA,None,None,"No Accident Factor, No Collision Stated (based on Police Blotter Book), 0.0 drivers_injured, 0.0 drivers_killed, 0.0 passengers_injured, 0.0 passengers_killed, 0.0 pedestrian_injured, 0.0 pedestrian_killed, Fair (Night), EDSA D. Macapagal Blvd. Pasay",MMDA Road Safety Unit,,e2ad0ea1-a4d5-46ca-822c-a0bbb4cf0c64,2013-08-07,20:10:00,EDSA Rodriguez St. Pasay,0,0,0,0,0,0,0,0,0,0,2013-08-08 4:10,Property,14.53639024,120.988979,No Collision Stated
None,EDSA,None,None,"No Accident Factor, No Collision Stated (based on Police Blotter Book), 0.0 drivers_injured, 0.0 drivers_killed, 0.0 passengers_injured, 0.0 passengers_killed, 0.0 pedestrian_injured, 0.0 pedestrian_killed, Fair (Night), EDSA fronting PTT Gas station (SB) Pasay",MMDA Road Safety Unit,,f1338664-32c1-4180-8130-9003878d31fa,2013-08-05,10:30:00,EDSA Taft Ave. Pasay,0,0,0,0,0,0,0,0,0,0,2013-08-05 18:30,Property,14.5377104,120.9993649,No Collision Stated
None,EDSA,None,None,"No Accident Factor, No Collision Stated (based on Police Blotter Book), 0.0 drivers_injured, 0.0 drivers_killed, 0.0 passengers_injured, 0.0 passengers_killed, 0.0 pedestrian_injured, 0.0 pedestrian_killed, Fair (Day), EDSA Taft Ave. Pasay",MMDA Road Safety Unit,,47348922-bb71-41c9-80a6-d11b3ac4b366,2013-08-05,05:30:00,EDSA C. Jose St. Pasay,0,0,0,0,0,0,0,0,0,0,2013-08-05 13:30,Property,14.53775951,121.0007229,No Collision Stated
None,EDSA,None,None,"No Accident Factor, No Collision Stated (based on Police Blotter Book), 0.0 drivers_injured, 0.0 drivers_killed, 0.0 passengers_injured, 0.0 passengers_killed, 0.0 pedestrian_injured, 0.0 pedestrian_killed, Fair (Day), EDSA Taft Ave. Pasay",MMDA Road Safety Unit,,22ad2e95-a0f9-498b-a480-d6b2f6e6b2b6,2013-08-03,02:45:00,EDSA Taft Ave. Pasay,0,0,0,0,0,0,0,0,0,0,2013-08-03 10:45,Property,14.53775951,121.0007229,No Collision Stated
None,EDSA,None,None,"No Accident Factor, No Collision Stated (based on Police Blotter Book), 0.0 drivers_injured, 0.0 drivers_killed, 0.0 passengers_injured, 0.0 passengers_killed, 0.0 pedestrian_injured, 0.0 pedestrian_killed, Fair (Day), EDSA fronting Goldline Bus Terminal Pasay",MMDA Road Safety Unit,,28cfc872-e3ae-46ad-99eb-c36d18662957,2013-08-01,09:10:00,EDSA Taft Ave. Pasay,0,0,0,0,0,0,0,0,0,0,2013-08-01 17:10,Property,14.53772372,121.0012779,No Collision Stated
None,EDSA,None,None,"No Accident Factor, No Collision Stated (based on Police Blotter Book), 0.0 drivers_injured, 0.0 drivers_killed, 0.0 passengers_injured, 0.0 passengers_killed, 0.0 pedestrian_injured, 0.0 pedestrian_killed, Fair (Day), EDSA Taft Ave. Pasay",MMDA Road Safety Unit,,52f42563-38fc-46d5-abb7-9de2022e5ae8,2013-08-01,02:00:00,EDSA J. W. Diokno Blvd. Pasay,0,0,0,0,0,0,0,0,0,0,2013-08-01 10:00,Property,14.53775951,121.0007229,No Collision Stated
None,EDSA,None,None,"No Accident Factor, No Collision Stated (based on Police Blotter Book), 0.0 drivers_injured, 0.0 drivers_killed, 0.0 passengers_injured, 0.0 passengers_killed, 0.0 pedestrian_injured, 0.0 pedestrian_killed, Fair (Night), EDSA Taft Ave. Pasay",MMDA Road Safety Unit,,7f6f8b35-2780-4fed-b1ca-e821989e6cbb,2013-07-31,13:10:00,EDSA Cabrera St.  Pasay,0,0,0,0,0,0,0,0,0,0,2013-07-31 21:10,Property,14.53775951,121.0007229,No Collision Stated
None,EDSA,None,None,"No Accident Factor, No Collision Stated (based on Police Blotter Book), 0.0 drivers_injured, 0.0 drivers_killed, 0.0 passengers_injured, 0.0 passengers_killed, 0.0 pedestrian_injured, 0.0 pedestrian_killed, Fair (Day), EDSA Taft Ave. Pasay",MMDA Road Safety Unit,,8db2ad6a-47e4-46c0-b991-42ce03549da9,2013-07-31,09:30:00,EDSA Pres. Diosdado Macapagal Blvd. Pasay,0,0,0,0,0,0,0,0,0,0,2013-07-31 17:30,Property,14.53775951,121.0007229,No Collision Stated
None,EDSA,None,None,"No Accident Factor, No Collision Stated (based on Police Blotter Book), 0.0 drivers_injured, 0.0 drivers_killed, 0.0 passengers_injured, 0.0 passengers_killed, 0.0 pedestrian_injured, 0.0 pedestrian_killed, Fair (Night), EDSA SM MOA Circle Pasay",MMDA Road Safety Unit,,b9dc82ca-2c5c-4bc4-a34a-6da57c46a945,2013-07-30,12:35:00,EDSA Roxas Blvd. Pasay,0,0,0,0,0,0,0,0,0,0,2013-07-30 20:35,Property,14.53556259,120.9848215,No Collision Stated
None,EDSA,None,None,"No Accident Factor, No Collision Stated (based on Police Blotter Book), 0.0 drivers_injured, 0.0 drivers_killed, 0.0 passengers_injured, 0.0 passengers_killed, 0.0 pedestrian_injured, 0.0 pedestrian_killed, Fair (Day), EDSA Rodriguez St. Pasay",MMDA Road Safety Unit,,a8676389-d046-45c5-936b-b757b95f02a7,2013-07-30,03:50:00,EDSA Taft Ave. Pasay,0,0,0,0,0,0,0,0,0,0,2013-07-30 11:50,Property,14.53843672,121.0086475,No Collision Stated
None,EDSA,None,None,"No Accident Factor, No Collision Stated (based on Police Blotter Book), 0.0 drivers_injured, 0.0 drivers_killed, 0.0 passengers_injured, 0.0 passengers_killed, 0.0 pedestrian_injured, 0.0 pedestrian_killed, Fair (Day), EDSA Taft Ave. Pasay",MMDA Road Safety Unit,,02dbb735-fa7e-49c6-9a78-65354cfebbf2,2013-07-28,03:30:00,EDSA Pres. Diosdado Macapagal Blvd. Pasay,0,0,0,0,0,0,0,0,0,0,2013-07-28 11:30,Property,14.53775951,121.0007229,No Collision Stated
None,EDSA,None,None,"No Accident Factor, No Collision Stated (based on Police Blotter Book), 0.0 drivers_injured, 0.0 drivers_killed, 0.0 passengers_injured, 0.0 passengers_killed, 0.0 pedestrian_injured, 0.0 pedestrian_killed, Fair (Day), EDSA C. Jose St. Pasay",MMDA Road Safety Unit,,992c042e-318c-4365-87d3-ad51acf5665c,2013-07-28,03:20:00,EDSA Roxas Blvd. Pasay,0,0,0,0,0,0,0,0,0,0,2013-07-28 11:20,Property,14.53873461,121.0107828,No Collision Stated
None,EDSA,None,None,"No Accident Factor, No Collision Stated (based on Police Blotter Book), 0.0 drivers_injured, 0.0 drivers_killed, 0.0 passengers_injured, 0.0 passengers_killed, 0.0 pedestrian_injured, 0.0 pedestrian_killed, Fair (Day), EDSA Taft Ave. Pasay",MMDA Road Safety Unit,,a002da11-2bca-47bf-91c7-0a1256b7a412,2013-07-27,04:30:00,EDSA fronting Copacabana Hotel  Pasay,0,0,0,0,0,0,0,0,0,0,2013-07-27 12:30,Property,14.53775951,121.0007229,No Collision Stated
None,EDSA,None,None,"No Accident Factor, No Collision Stated (based on Police Blotter Book), 0.0 drivers_injured, 0.0 drivers_killed, 0.0 passengers_injured, 0.0 passengers_killed, 0.0 pedestrian_injured, 0.0 pedestrian_killed, Fair (Night), EDSA Taft Ave. Pasay",MMDA Road Safety Unit,,4aa079f3-2930-47a0-b208-fdb975be35e4,2013-07-26,15:45:00,EDSA Aurora Blvd. (Tramo) Pasay,0,0,0,0,0,0,0,0,0,0,2013-07-26 23:45,Property,14.53775951,121.0007229,No Collision Stated
None,EDSA,None,None,"No Accident Factor, No Collision Stated (based on Police Blotter Book), 0.0 drivers_injured, 0.0 drivers_killed, 0.0 passengers_injured, 0.0 passengers_killed, 0.0 pedestrian_injured, 0.0 pedestrian_killed, Fair (Day), EDSA J. W. Diokno Blvd. Pasay",MMDA Road Safety Unit,,531660b5-8475-4671-81b1-747638423edd,2013-07-26,07:30:00,EDSA Taft Ave. Pasay,0,0,0,0,0,0,0,0,0,0,2013-07-26 15:30,Property,14.53581144,120.9841895,No Collision Stated
None,EDSA,None,None,"No Accident Factor, No Collision Stated (based on Police Blotter Book), 0.0 drivers_injured, 0.0 drivers_killed, 0.0 passengers_injured, 0.0 passengers_killed, 0.0 pedestrian_injured, 0.0 pedestrian_killed, Fair (Day), EDSA Cabrera St.  Pasay",MMDA Road Safety Unit,,10cae34b-e5eb-4977-951a-6431cfacd842,2013-07-24,08:00:00,EDSA F. B. Harrison St. Pasay,0,0,0,0,0,0,0,0,0,0,2013-07-24 16:00,Property,14.53817493,121.0048575,No Collision Stated
None,EDSA,None,None,"No Accident Factor, No Collision Stated (based on Police Blotter Book), 0.0 drivers_injured, 0.0 drivers_killed, 0.0 passengers_injured, 0.0 passengers_killed, 0.0 pedestrian_injured, 0.0 pedestrian_killed, Fair (Day), EDSA Pres. Diosdado Macapagal Blvd. Pasay",MMDA Road Safety Unit,,eaa022a5-010c-4ac8-ba51-2f376e58f163,2013-07-23,23:40:00,EDSA Roxas Blvd. Pasay,0,0,0,0,0,0,0,0,0,0,2013-07-24 7:40,Property,14.53619237,120.9889562,No Collision Stated
None,EDSA,None,None,"No Accident Factor, No Collision Stated (based on Police Blotter Book), 0.0 drivers_injured, 0.0 drivers_killed, 0.0 passengers_injured, 0.0 passengers_killed, 0.0 pedestrian_injured, 0.0 pedestrian_killed, Fair (Day), EDSA Roxas Blvd. Pasay",MMDA Road Safety Unit,,1df517bb-24e3-4114-8760-ba98e9b5d9cf,2013-07-23,22:45:00,EDSA Taft Ave. Pasay,0,0,0,0,0,0,0,0,0,0,2013-07-24 6:45,Property,14.53725136,120.9928775,No Collision Stated
None,EDSA,None,None,"No Accident Factor, No Collision Stated (based on Police Blotter Book), 0.0 drivers_injured, 0.0 drivers_killed, 0.0 passengers_injured, 0.0 passengers_killed, 0.0 pedestrian_injured, 0.0 pedestrian_killed, Fair (Night), EDSA Taft Ave. Pasay",MMDA Road Safety Unit,,10d473e9-c529-477e-a051-29ecd2949ff4,2013-07-23,14:10:00,EDSA Tramo St. Pasay,0,0,0,0,0,0,0,0,0,0,2013-07-23 22:10,Property,14.53775951,121.0007229,No Collision Stated
None,EDSA,None,None,"No Accident Factor, No Collision Stated (based on Police Blotter Book), 0.0 drivers_injured, 0.0 drivers_killed, 0.0 passengers_injured, 0.0 passengers_killed, 0.0 pedestrian_injured, 0.0 pedestrian_killed, Fair (Night), EDSA Pres. Diosdado Macapagal Blvd. Pasay",MMDA Road Safety Unit,,be992adb-b63b-4033-bcc8-06377c1d03c6,2013-07-23,12:55:00,EDSA Pres. Diosdado Macapagal Blvd. Pasay,0,0,0,0,0,0,0,0,0,0,2013-07-23 20:55,Property,14.53619237,120.9889562,No Collision Stated
None,EDSA,None,None,"No Accident Factor, No Collision Stated (based on Police Blotter Book), 0.0 drivers_injured, 0.0 drivers_killed, 0.0 passengers_injured, 0.0 passengers_killed, 0.0 pedestrian_injured, 0.0 pedestrian_killed, Fair (Day), EDSA Roxas Blvd. Pasay",MMDA Road Safety Unit,,6531c3a0-45e5-4bd2-8d5d-fd464b95c121,2013-07-23,07:15:00,EDSA Taft Ave. Pasay,0,0,0,0,0,0,0,0,0,0,2013-07-23 15:15,Property,14.53725136,120.9928775,No Collision Stated
None,EDSA,None,None,"No Accident Factor, No Collision Stated (based on Police Blotter Book), 0.0 drivers_injured, 0.0 drivers_killed, 0.0 passengers_injured, 0.0 passengers_killed, 0.0 pedestrian_injured, 0.0 pedestrian_killed, Fair (Day), EDSA fronting Copacabana Hotel  Pasay",MMDA Road Safety Unit,,1a5d4186-43ce-40c8-87f9-0ba8bf15fa64,2013-07-23,02:40:00,EDSA fronting Mahal Kita Inn Pasay,0,0,0,0,0,0,0,0,0,0,2013-07-23 10:40,Property,14.53742635,120.9946029,No Collision Stated
None,EDSA,None,None,"No Accident Factor, No Collision Stated (based on Police Blotter Book), 0.0 drivers_injured, 0.0 drivers_killed, 0.0 passengers_injured, 0.0 passengers_killed, 0.0 pedestrian_injured, 0.0 pedestrian_killed, Fair (Day), EDSA Aurora Blvd. (Tramo) Pasay",MMDA Road Safety Unit,,036a7038-bb06-40c4-876e-e7c9953d22f5,2013-07-19,03:00:00,EDSA fronting Toyota Manila Bay Pasay,0,0,0,0,0,0,0,0,0,0,2013-07-19 11:00,Property,14.53779864,121.0033477,No Collision Stated
None,EDSA,None,None,"No Accident Factor, No Collision Stated (based on Police Blotter Book), 0.0 drivers_injured, 0.0 drivers_killed, 0.0 passengers_injured, 0.0 passengers_killed, 0.0 pedestrian_injured, 0.0 pedestrian_killed, Fair (Day), EDSA Taft Ave. Pasay",MMDA Road Safety Unit,,349c8732-0b3f-4de4-9f7a-8d0cd06b64cf,2013-07-18,07:30:00,EDSA fronting Heritage Hotel Pasay,0,0,0,0,0,0,0,0,0,0,2013-07-18 15:30,Property,14.53775951,121.0007229,No Collision Stated
None,EDSA,None,None,"No Accident Factor, No Collision Stated (based on Police Blotter Book), 0.0 drivers_injured, 0.0 drivers_killed, 0.0 passengers_injured, 0.0 passengers_killed, 0.0 pedestrian_injured, 0.0 pedestrian_killed, Fair (Day), EDSA F. B. Harrison St. Pasay",MMDA Road Safety Unit,,6321d5bc-ac4a-4338-82ce-414787c3a2d9,2013-07-18,07:00:00,EDSA fronting Heritage Hotel Pasay,0,0,0,0,0,0,0,0,0,0,2013-07-18 15:00,Property,14.5378679,120.9956516,No Collision Stated
None,EDSA,None,None,"No Accident Factor, No Collision Stated (based on Police Blotter Book), 0.0 drivers_injured, 0.0 drivers_killed, 0.0 passengers_injured, 0.0 passengers_killed, 0.0 pedestrian_injured, 0.0 pedestrian_killed, Fair (Day), EDSA Roxas Blvd. Pasay",MMDA Road Safety Unit,,8c599df8-1376-4bf9-9cec-35309653a6d5,2013-07-18,00:45:00,EDSA Roxas Blvd. (Service Road) Pasay,0,0,0,0,0,0,0,0,0,0,2013-07-18 8:45,Property,14.53725136,120.9928775,No Collision Stated
None,EDSA,None,None,"No Accident Factor, No Collision Stated (based on Police Blotter Book), 0.0 drivers_injured, 0.0 drivers_killed, 0.0 passengers_injured, 0.0 passengers_killed, 0.0 pedestrian_injured, 0.0 pedestrian_killed, Fair (Night), EDSA Taft Ave. Pasay",MMDA Road Safety Unit,,1d1cdfc7-8831-44a0-9469-0f48f486de1a,2013-07-17,21:30:00,"EDSA at ""U"" turn slot, fronting Heritage Hotel  Pasay",0,0,0,0,0,0,0,0,0,0,2013-07-18 5:30,Property,14.53775951,121.0007229,No Collision Stated
None,EDSA,None,None,"No Accident Factor, No Collision Stated (based on Police Blotter Book), 0.0 drivers_injured, 0.0 drivers_killed, 0.0 passengers_injured, 0.0 passengers_killed, 0.0 pedestrian_injured, 0.0 pedestrian_killed, Fair (Night), EDSA Tramo St. Pasay",MMDA Road Safety Unit,,2e2785b5-c0fb-4863-a752-120b7de80d22,2013-07-16,14:00:00,EDSA before F. B. Harrison St.  Pasay,0,0,0,0,0,0,0,0,0,0,2013-07-16 22:00,Property,14.53790544,121.0032547,No Collision Stated
None,EDSA,None,None,"No Accident Factor, No Collision Stated (based on Police Blotter Book), 0.0 drivers_injured, 0.0 drivers_killed, 0.0 passengers_injured, 0.0 passengers_killed, 0.0 pedestrian_injured, 0.0 pedestrian_killed, Fair (Day), EDSA Pres. Diosdado Macapagal Blvd. Pasay",MMDA Road Safety Unit,,c085006c-c530-4759-9410-f04e195fc927,2013-07-14,06:30:00,EDSA Tramo St. Pasay,0,0,0,0,0,0,0,0,0,0,2013-07-14 14:30,Property,14.53619237,120.9889562,No Collision Stated
None,EDSA,None,None,"No Accident Factor, No Collision Stated (based on Police Blotter Book), 0.0 drivers_injured, 0.0 drivers_killed, 0.0 passengers_injured, 0.0 passengers_killed, 0.0 pedestrian_injured, 0.0 pedestrian_killed, Fair (Night), EDSA Taft Ave. Pasay",MMDA Road Safety Unit,,f9468a28-8b1c-4cb7-ae86-6cbe6b5cfe2a,2013-07-13,18:00:00,EDSA Pres. Diosdado Macapagal Blvd. Pasay,0,0,0,0,0,0,0,0,0,0,2013-07-14 2:00,Property,14.53775951,121.0007229,No Collision Stated
None,EDSA,None,None,"No Accident Factor, No Collision Stated (based on Police Blotter Book), 0.0 drivers_injured, 0.0 drivers_killed, 0.0 passengers_injured, 0.0 passengers_killed, 0.0 pedestrian_injured, 0.0 pedestrian_killed, Fair (Day), EDSA fronting Mahal Kita Inn Pasay",MMDA Road Safety Unit,,f6f951ac-9d43-4ce0-919e-02f3da1f12d8,2013-07-12,07:25:00,EDSA Taft Ave. Pasay,0,0,0,0,0,0,0,0,0,0,2013-07-12 15:25,Property,14.5374691,120.9996025,No Collision Stated
None,EDSA,None,None,"No Accident Factor, No Collision Stated (based on Police Blotter Book), 0.0 drivers_injured, 0.0 drivers_killed, 0.0 passengers_injured, 0.0 passengers_killed, 0.0 pedestrian_injured, 0.0 pedestrian_killed, Fair (Night), EDSA fronting Toyota Manila Bay Pasay",MMDA Road Safety Unit,,2b599a09-2e27-4cac-b676-af7ec7cafb19,2013-07-10,14:00:00,EDSA Cabrera St. Pasay,0,0,0,0,0,0,0,0,0,0,2013-07-10 22:00,Property,14.53701539,120.9920619,No Collision Stated
None,EDSA,None,None,"No Accident Factor, No Collision Stated (based on Police Blotter Book), 0.0 drivers_injured, 0.0 drivers_killed, 0.0 passengers_injured, 0.0 passengers_killed, 0.0 pedestrian_injured, 0.0 pedestrian_killed, Fair (Night), EDSA fronting Heritage Hotel Pasay",MMDA Road Safety Unit,,fe9baea3-aa87-4838-90ca-60958c2e7d98,2013-07-10,11:30:00,EDSA Taft Ave. Pasay,0,0,0,0,0,0,0,0,0,0,2013-07-10 19:30,Property,14.5372421,120.9936671,No Collision Stated
None,EDSA,None,None,"No Accident Factor, No Collision Stated (based on Police Blotter Book), 0.0 drivers_injured, 0.0 drivers_killed, 0.0 passengers_injured, 0.0 passengers_killed, 0.0 pedestrian_injured, 0.0 pedestrian_killed, Fair (Day), EDSA fronting Heritage Hotel Pasay",MMDA Road Safety Unit,,dd067d29-a941-459a-a34b-815bcb6722d9,2013-07-10,03:30:00,EDSA F. B. Harrison St. Pasay,0,0,0,0,0,0,0,0,0,0,2013-07-10 11:30,Property,14.5372421,120.9936671,No Collision Stated
None,EDSA,None,None,"No Accident Factor, No Collision Stated (based on Police Blotter Book), 0.0 drivers_injured, 0.0 drivers_killed, 0.0 passengers_injured, 0.0 passengers_killed, 0.0 pedestrian_injured, 0.0 pedestrian_killed, Fair (Day), EDSA Roxas Blvd. (Service Road) Pasay",MMDA Road Safety Unit,,acef3d74-6517-4b31-b7ce-1a9494889087,2013-07-10,00:30:00,EDSA Tramo St. Pasay,0,0,0,0,0,0,0,0,0,0,2013-07-10 8:30,Property,14.53725136,120.9928775,No Collision Stated
None,EDSA,None,None,"No Accident Factor, No Collision Stated (based on Police Blotter Book), 0.0 drivers_injured, 0.0 drivers_killed, 0.0 passengers_injured, 0.0 passengers_killed, 0.0 pedestrian_injured, 0.0 pedestrian_killed, Fair (Day), EDSA at ""U"" turn slot, fronting Heritage Hotel  Pasay",MMDA Road Safety Unit,,c559b958-407a-4ca6-bcef-c2521440d393,2013-07-09,02:15:00,EDSA Tramo St. Pasay,0,0,0,0,0,0,0,0,0,0,2013-07-09 10:15,Property,14.53735565,120.9938305,No Collision Stated
None,EDSA,None,None,"No Accident Factor, No Collision Stated (based on Police Blotter Book), 0.0 drivers_injured, 0.0 drivers_killed, 0.0 passengers_injured, 0.0 passengers_killed, 0.0 pedestrian_injured, 0.0 pedestrian_killed, Fair (Day), EDSA before F. B. Harrison St.  Pasay",MMDA Road Safety Unit,,42f8c30c-5526-43df-847a-37c6ffa4e8f9,2013-07-07,22:35:00,EDSA Taft Ave. Pasay,0,0,0,0,0,0,0,0,0,0,2013-07-08 6:35,Property,14.53788589,120.9958817,No Collision Stated
None,EDSA,None,None,"No Accident Factor, No Collision Stated (based on Police Blotter Book), 0.0 drivers_injured, 0.0 drivers_killed, 0.0 passengers_injured, 0.0 passengers_killed, 0.0 pedestrian_injured, 0.0 pedestrian_killed, Fair (Day), EDSA Tramo St. Pasay",MMDA Road Safety Unit,,dc8bbff1-602c-42db-a319-ebb2dbc603d1,2013-07-07,22:20:00,EDSA fronting Mahal Kita Lodge Pasay,0,0,0,0,0,0,0,0,0,0,2013-07-08 6:20,Property,14.53790544,121.0032547,No Collision Stated
None,EDSA,None,None,"No Accident Factor, No Collision Stated (based on Police Blotter Book), 1.0 drivers_injured, 0.0 drivers_killed, 0.0 passengers_injured, 0.0 passengers_killed, 0.0 pedestrian_injured, 0.0 pedestrian_killed, Fair (Night), EDSA Pres. Diosdado Macapagal Blvd. Pasay",MMDA Road Safety Unit,,2416f8a1-41b4-43b4-b247-84334dbba7e5,2013-07-04,21:20:00,EDSA Taft Ave. Pasay,0,0,0,1,0,0,0,0,0,1,2013-07-05 5:20,Injury,14.53619237,120.9889562,No Collision Stated
None,EDSA,None,None,"No Accident Factor, No Collision Stated (based on Police Blotter Book), 0.0 drivers_injured, 0.0 drivers_killed, 0.0 passengers_injured, 0.0 passengers_killed, 0.0 pedestrian_injured, 0.0 pedestrian_killed, Fair (Night), EDSA Taft Ave. Pasay",MMDA Road Safety Unit,,1df942e5-9896-4ff1-b53e-bd169a166c13,2013-07-04,13:30:00,EDSA Victory Liner Bus Terminal Pasay,0,0,0,0,0,0,0,0,0,0,2013-07-04 21:30,Property,14.53775951,121.0007229,No Collision Stated
None,EDSA,None,None,"No Accident Factor, No Collision Stated (based on Police Blotter Book), 0.0 drivers_injured, 0.0 drivers_killed, 0.0 passengers_injured, 0.0 passengers_killed, 0.0 pedestrian_injured, 0.0 pedestrian_killed, Fair (Day), EDSA Cabrera St. Pasay",MMDA Road Safety Unit,,387a2302-f1e8-49ab-b73f-ced3671bf4a8,2013-07-01,09:35:00,EDSA Taft Ave. Pasay,0,0,0,0,0,0,0,0,0,0,2013-07-01 17:35,Property,14.53817493,121.0048575,No Collision Stated
None,EDSA,None,None,"No Accident Factor, No Collision Stated (based on Police Blotter Book), 0.0 drivers_injured, 0.0 drivers_killed, 0.0 passengers_injured, 0.0 passengers_killed, 0.0 pedestrian_injured, 0.0 pedestrian_killed, Fair (Day), EDSA Taft Ave. Pasay",MMDA Road Safety Unit,,4de8a93f-182f-494c-bd94-266326e7367f,2013-06-14,05:15:00,EDSA Taft Ave. Pasay,0,0,0,0,0,0,0,0,0,0,2013-06-14 13:15,Property,14.53775951,121.0007229,No Collision Stated
None,EDSA,None,None,"No Accident Factor, No Collision Stated (based on Police Blotter Book), 0.0 drivers_injured, 0.0 drivers_killed, 0.0 passengers_injured, 0.0 passengers_killed, 0.0 pedestrian_injured, 0.0 pedestrian_killed, Fair (Night), EDSA F. B. Harrison St. Pasay",MMDA Road Safety Unit,,d0a15787-c160-415a-9626-6286c774c294,2013-06-13,10:30:00,EDSA Taft Ave. Pasay,0,0,0,0,0,0,0,0,0,0,2013-06-13 18:30,Property,14.5378679,120.9956516,No Collision Stated
None,EDSA,None,None,"No Accident Factor, No Collision Stated (based on Police Blotter Book), 1.0 drivers_injured, 0.0 drivers_killed, 0.0 passengers_injured, 0.0 passengers_killed, 0.0 pedestrian_injured, 0.0 pedestrian_killed, Fair (Night), EDSA Tramo St. Pasay",MMDA Road Safety Unit,,10707b6b-020e-448a-aea6-c773e611efcb,2013-06-12,17:10:00,EDSA Taft Ave. Pasay,0,0,0,1,0,0,0,0,0,1,2013-06-13 1:10,Injury,14.53790544,121.0032547,No Collision Stated
None,EDSA,None,None,"No Accident Factor, Hit and Run (No Collision Stated), 0.0 drivers_injured, 0.0 drivers_killed, 0.0 passengers_injured, 0.0 passengers_killed, 0.0 pedestrian_injured, 0.0 pedestrian_killed, Fair (Day), EDSA Tramo St. Pasay",MMDA Road Safety Unit,,a805777f-9d86-4cd3-bc45-ae5d73a316ae,2013-06-09,06:35:00,EDSA Taft Ave. Pasay,0,0,0,0,0,0,0,0,0,0,2013-06-09 14:35,Property,14.53790544,121.0032547,No Collision Stated
None,EDSA,None,None,"No Accident Factor, No Collision Stated (based on Police Blotter Book), 0.0 drivers_injured, 0.0 drivers_killed, 0.0 passengers_injured, 0.0 passengers_killed, 0.0 pedestrian_injured, 0.0 pedestrian_killed, Fair (Day), EDSA Taft Ave. Pasay",MMDA Road Safety Unit,,4e07705c-e1b3-40be-895f-a701870f8ae1,2013-06-04,06:00:00,EDSA SM MOA Circle Pasay,0,0,0,0,0,0,0,0,0,0,2013-06-04 14:00,Property,14.53775951,121.0007229,No Collision Stated
None,EDSA,None,None,"No Accident Factor, No Collision Stated (based on Police Blotter Book), 0.0 drivers_injured, 0.0 drivers_killed, 0.0 passengers_injured, 0.0 passengers_killed, 0.0 pedestrian_injured, 0.0 pedestrian_killed, Fair (Night), EDSA fronting Mahal Kita Lodge Pasay",MMDA Road Safety Unit,,d12ea38a-60e4-4429-b002-674fa8d9c8a4,2013-06-02,13:30:00,EDSA Aurora Blvd. Pasay,0,0,0,0,0,0,0,0,0,0,2013-06-02 21:30,Property,14.5374691,120.9996025,No Collision Stated
None,EDSA,None,None,"No Accident Factor, No Collision Stated (based on Police Blotter Book), 0.0 drivers_injured, 0.0 drivers_killed, 0.0 passengers_injured, 0.0 passengers_killed, 0.0 pedestrian_injured, 0.0 pedestrian_killed, Fair (Night), EDSA Taft Ave. Pasay",MMDA Road Safety Unit,,9df47caf-db05-41c1-a68f-fba59a74b4dc,2013-05-30,20:30:00,EDSA Taft Ave. Pasay,0,0,0,0,0,0,0,0,0,0,2013-05-31 4:30,Property,14.53775951,121.0007229,No Collision Stated
None,EDSA,None,None,"No Accident Factor, No Collision Stated (based on Police Blotter Book), 0.0 drivers_injured, 0.0 drivers_killed, 0.0 passengers_injured, 0.0 passengers_killed, 0.0 pedestrian_injured, 0.0 pedestrian_killed, Fair (Night), EDSA Victory Liner Bus Terminal Pasay",MMDA Road Safety Unit,,e9ba0de1-0f26-4e7d-af20-5b9d27d3577d,2013-05-28,10:30:00,EDSA Taft Ave. Pasay,0,0,0,0,0,0,0,0,0,0,2013-05-28 18:30,Property,14.53839425,121.0066648,No Collision Stated