LOCATION_TEXT,ROAD,WEATHER,LIGHT,DESC,REPORTING_AGENCY,MAIN_CAUSE,INCIDENTDETAILS_ID,DATE_UTC,TIME_UTC,ADDRESS,killed_driver,killed_passenger,killed_pedestrian,injured_driver,injured_passenger,injured_pedestrian,killed_uncategorized,injured_uncategorized,killed_total,injured_total,DATETIME_PST,SEVERITY,Y,X,COLLISION_TYPE
None,EDSA,None,None,"No Accident Factor, No Collision Stated (based on Police Blotter Book), 0.0 drivers_injured, 0.0 drivers_killed, 0.0 passengers_injured, 0.0 passengers_killed, 0.0 pedestrian_injured, 0.0 pedestrian_killed, Fair (Night), EDSA Taft Ave. Pasay",MMDA Road Safety Unit,,bc1d726b-cf89-4aa2-a4a4-d1f75f2a3a35,2013-05-24,19:40:00,EDSA E. Rodriguez Sr. Blvd. Pasay,0,0,0,0,0,0,0,0,0,0,2013-05-25 3:40,Property,14.53775951,121.0007229,No Collision Stated
None,EDSA,None,None,"No Accident Factor, No Collision Stated (based on Police Blotter Book), 1.0 drivers_injured, 0.0 drivers_killed, 0.0 passengers_injured, 0.0 passengers_killed, 0.0 pedestrian_injured, 0.0 pedestrian_killed, Fair (Day), EDSA Taft Ave. Pasay",MMDA Road Safety Unit,,5a1cc3fe-f207-480c-a16e-99b6498c7a95,2013-05-24,03:25:00,EDSA Taft Ave. Pasay,0,0,0,1,0,0,0,0,0,1,2013-05-24 11:25,Injury,14.53775951,121.0007229,No Collision Stated
None,EDSA,None,None,"No Accident Factor, No Collision Stated (based on Police Blotter Book), 0.0 drivers_injured, 0.0 drivers_killed, 0.0 passengers_injured, 0.0 passengers_killed, 0.0 pedestrian_injured, 0.0 pedestrian_killed, Fair (Day), EDSA Taft Ave. Pasay",MMDA Road Safety Unit,,a4416abb-d53a-4b33-a946-941183f6d952,2013-05-23,03:30:00,EDSA F. B. Harrison St. Pasay,0,0,0,0,0,0,0,0,0,0,2013-05-23 11:30,Property,14.53775951,121.0007229,No Collision Stated
None,EDSA,None,None,"No Accident Factor, No Collision Stated (based on Police Blotter Book), 0.0 drivers_injured, 0.0 drivers_killed, 0.0 passengers_injured, 0.0 passengers_killed, 0.0 pedestrian_injured, 0.0 pedestrian_killed, Fair (Day), EDSA Taft Ave. Pasay",MMDA Road Safety Unit,,ac7a8bf1-1e3c-4587-b580-78b12729ffb7,2013-05-15,07:00:00,EDSA fronting MRT Station  Pasay,0,0,0,0,0,0,0,0,0,0,2013-05-15 15:00,Property,14.53775951,121.0007229,No Collision Stated
None,EDSA,None,None,"No Accident Factor, No Collision Stated (based on Police Blotter Book), 0.0 drivers_injured, 0.0 drivers_killed, 0.0 passengers_injured, 0.0 passengers_killed, 0.0 pedestrian_injured, 0.0 pedestrian_killed, Fair (Night), EDSA Taft Ave. Pasay",MMDA Road Safety Unit,,1ad86cc9-a408-4259-811a-7822c7afb324,2013-05-14,12:00:00,EDSA Park Ave. Pasay,0,0,0,0,0,0,0,0,0,0,2013-05-14 20:00,Property,14.53775951,121.0007229,No Collision Stated
None,EDSA,None,None,"No Accident Factor, No Collision Stated (based on Police Blotter Book), 0.0 drivers_injured, 0.0 drivers_killed, 0.0 passengers_injured, 0.0 passengers_killed, 0.0 pedestrian_injured, 0.0 pedestrian_killed, Fair (Night), EDSA SM MOA Circle Pasay",MMDA Road Safety Unit,,209373bc-65f4-4576-9211-2329531615df,2013-05-14,11:20:00,EDSA Taft. Ave. Pasay,0,0,0,0,0,0,0,0,0,0,2013-05-14 19:20,Property,14.53556259,120.9848215,No Collision Stated
None,EDSA,None,None,"No Accident Factor, No Collision Stated (based on Police Blotter Book), 0.0 drivers_injured, 0.0 drivers_killed, 0.0 passengers_injured, 0.0 passengers_killed, 0.0 pedestrian_injured, 0.0 pedestrian_killed, Fair (Day), EDSA Aurora Blvd. Pasay",MMDA Road Safety Unit,,956cfc0f-f5d0-4ff7-9ff4-db0c2b6eccb3,2013-05-09,09:00:00,EDSA Roxas Blvd. Pasay,0,0,0,0,0,0,0,0,0,0,2013-05-09 17:00,Property,14.53779864,121.0033477,No Collision Stated
None,EDSA,None,None,"No Accident Factor, No Collision Stated (based on Police Blotter Book), 0.0 drivers_injured, 0.0 drivers_killed, 0.0 passengers_injured, 0.0 passengers_killed, 0.0 pedestrian_injured, 0.0 pedestrian_killed, Fair (Day), EDSA Taft Ave. Pasay",MMDA Road Safety Unit,,51b9d51a-ac1f-4e71-b4bd-dbce3dd9d36f,2013-05-09,07:00:00,EDSA E. Rodriguez St. Pasay,0,0,0,0,0,0,0,0,0,0,2013-05-09 15:00,Property,14.53775951,121.0007229,No Collision Stated
None,EDSA,None,None,"No Accident Factor, No Collision Stated (based on Police Blotter Book), 0.0 drivers_injured, 0.0 drivers_killed, 0.0 passengers_injured, 0.0 passengers_killed, 0.0 pedestrian_injured, 0.0 pedestrian_killed, Fair (Night), EDSA Taft Ave. Pasay",MMDA Road Safety Unit,,7f8a1a6d-2c68-435f-b986-ed903ce980dc,2013-05-08,11:45:00,EDSA Taft Ave. Pasay,0,0,0,0,0,0,0,0,0,0,2013-05-08 19:45,Property,14.53775951,121.0007229,No Collision Stated
None,EDSA,None,None,"No Accident Factor, No Collision Stated (based on Police Blotter Book), 0.0 drivers_injured, 0.0 drivers_killed, 0.0 passengers_injured, 0.0 passengers_killed, 0.0 pedestrian_injured, 0.0 pedestrian_killed, Fair (Night), EDSA E. Rodriguez Sr. Blvd. Pasay",MMDA Road Safety Unit,,b649cf00-c439-455e-95d0-57c8cf95b7b3,2013-05-08,11:00:00,EDSA fronting Heritage Hotel Pasay,0,0,0,0,0,0,0,0,0,0,2013-05-08 19:00,Property,14.53836867,121.0085613,No Collision Stated
None,EDSA,None,None,"No Accident Factor, No Collision Stated (based on Police Blotter Book), 0.0 drivers_injured, 0.0 drivers_killed, 0.0 passengers_injured, 0.0 passengers_killed, 0.0 pedestrian_injured, 0.0 pedestrian_killed, Fair (Day), EDSA Taft Ave. Pasay",MMDA Road Safety Unit,,f7c5724c-3eb8-4652-b101-b5f134248526,2013-05-06,03:15:00,EDSA Aurora Blvd. (Tramo) Pasay,0,0,0,0,0,0,0,0,0,0,2013-05-06 11:15,Property,14.53775951,121.0007229,No Collision Stated
None,EDSA,None,None,"No Accident Factor, No Collision Stated (based on Police Blotter Book), 0.0 drivers_injured, 0.0 drivers_killed, 0.0 passengers_injured, 0.0 passengers_killed, 0.0 pedestrian_injured, 0.0 pedestrian_killed, Fair (Day), EDSA F. B. Harrison St. Pasay",MMDA Road Safety Unit,,c7db2b76-1649-4914-9df0-3367d0cad69b,2013-05-05,23:20:00,EDSA Pres. Diosdado Macapagal Blvd. Pasay,0,0,0,0,0,0,0,0,0,0,2013-05-06 7:20,Property,14.5378679,120.9956516,No Collision Stated
None,EDSA,None,None,"No Accident Factor, No Collision Stated (based on Police Blotter Book), 0.0 drivers_injured, 0.0 drivers_killed, 0.0 passengers_injured, 0.0 passengers_killed, 0.0 pedestrian_injured, 0.0 pedestrian_killed, Fair (Day), EDSA fronting MRT Station  Pasay",MMDA Road Safety Unit,,ffd3f17b-d8cd-4ded-884a-8a3cfb4ed228,2013-05-04,08:00:00,EDSA fronting Victory Liner Terminal Pasay,0,0,0,0,0,0,0,0,0,0,2013-05-04 16:00,Property,14.5376303,121.0013802,No Collision Stated
None,EDSA,None,None,"No Accident Factor, No Collision Stated (based on Police Blotter Book), 0.0 drivers_injured, 0.0 drivers_killed, 0.0 passengers_injured, 0.0 passengers_killed, 0.0 pedestrian_injured, 0.0 pedestrian_killed, Fair (Day), EDSA Park Ave. Pasay",MMDA Road Safety Unit,,6b1f2958-65ce-480a-97db-ee3ab189648e,2013-05-02,03:45:00,EDSA Taft Ave. Pasay,0,0,0,0,0,0,0,0,0,0,2013-05-02 11:45,Property,14.53774622,120.9982843,No Collision Stated
None,EDSA,None,None,"No Accident Factor, No Collision Stated (based on Police Blotter Book), 0.0 drivers_injured, 0.0 drivers_killed, 0.0 passengers_injured, 0.0 passengers_killed, 0.0 pedestrian_injured, 0.0 pedestrian_killed, Fair (Day), EDSA Taft. Ave. Pasay",MMDA Road Safety Unit,,179e7476-6284-4cd6-b92f-7dcb45451947,2013-05-02,02:15:00,EDSA Taft Ave. Pasay,0,0,0,0,0,0,0,0,0,0,2013-05-02 10:15,Property,14.53775951,121.0007229,No Collision Stated
None,EDSA,None,None,"No Accident Factor, No Collision Stated (based on Police Blotter Book), 0.0 drivers_injured, 0.0 drivers_killed, 0.0 passengers_injured, 0.0 passengers_killed, 0.0 pedestrian_injured, 0.0 pedestrian_killed, Fair (Day), EDSA Roxas Blvd. Pasay",MMDA Road Safety Unit,,2873c6ce-b7e8-4e9e-9d75-82feb615c5a8,2013-04-30,00:30:00,EDSA Pres. Diosdado Macapagal Blvd. Pasay,0,0,0,0,0,0,0,0,0,0,2013-04-30 8:30,Property,14.53725136,120.9928775,No Collision Stated
None,EDSA,None,None,"No Accident Factor, No Collision Stated (based on Police Blotter Book), 0.0 drivers_injured, 0.0 drivers_killed, 0.0 passengers_injured, 0.0 passengers_killed, 0.0 pedestrian_injured, 0.0 pedestrian_killed, Fair (Day), EDSA E. Rodriguez St. Pasay",MMDA Road Safety Unit,,ef622295-6ed2-490d-a2d5-73a9aef83d2f,2013-04-29,03:00:00,EDSA Pres. Diosdado Macapagal Blvd. Pasay,0,0,0,0,0,0,0,0,0,0,2013-04-29 11:00,Property,14.53836867,121.0085613,No Collision Stated
None,EDSA,None,None,"No Accident Factor, No Collision Stated (based on Police Blotter Book), 0.0 drivers_injured, 0.0 drivers_killed, 0.0 passengers_injured, 0.0 passengers_killed, 0.0 pedestrian_injured, 0.0 pedestrian_killed, Fair (Day), EDSA Taft Ave. Pasay",MMDA Road Safety Unit,,f9674039-c780-4c8c-bd12-f08dfa589248,2013-04-27,00:55:00,EDSA Taft Ave. Pasay,0,0,0,0,0,0,0,0,0,0,2013-04-27 8:55,Property,14.53775951,121.0007229,No Collision Stated
None,EDSA,None,None,"No Accident Factor, No Collision Stated (based on Police Blotter Book), 0.0 drivers_injured, 0.0 drivers_killed, 1.0 passengers_injured, 0.0 passengers_killed, 0.0 pedestrian_injured, 0.0 pedestrian_killed, Fair (Night), EDSA fronting Heritage Hotel Pasay",MMDA Road Safety Unit,,c24d45bc-b42f-4e1f-a736-5ab6d536df2b,2013-04-26,14:00:00,EDSA Roxas Blvd. Pasay,0,0,0,0,1,0,0,0,0,1,2013-04-26 22:00,Injury,14.5372421,120.9936671,No Collision Stated
None,EDSA,None,None,"No Accident Factor, No Collision Stated (based on Police Blotter Book), 0.0 drivers_injured, 0.0 drivers_killed, 0.0 passengers_injured, 0.0 passengers_killed, 0.0 pedestrian_injured, 0.0 pedestrian_killed, Fair (Night), EDSA Aurora Blvd. (Tramo) Pasay",MMDA Road Safety Unit,,2ec00a6e-1825-40f0-9101-b9776e4e3817,2013-04-25,15:00:00,EDSA Park Ave. Pasay,0,0,0,0,0,0,0,0,0,0,2013-04-25 23:00,Property,14.53779864,121.0033477,No Collision Stated
None,EDSA,None,None,"No Accident Factor, No Collision Stated (based on Police Blotter Book), 0.0 drivers_injured, 0.0 drivers_killed, 0.0 passengers_injured, 0.0 passengers_killed, 0.0 pedestrian_injured, 0.0 pedestrian_killed, Fair (Night), EDSA Pres. Diosdado Macapagal Blvd. Pasay",MMDA Road Safety Unit,,b61bf701-f5ec-4d0f-85c7-1492cc5f5979,2013-04-25,12:15:00,EDSA Taft Ave. Pasay,0,0,0,0,0,0,0,0,0,0,2013-04-25 20:15,Property,14.53619237,120.9889562,No Collision Stated
None,EDSA,None,None,"No Accident Factor, No Collision Stated (based on Police Blotter Book), 0.0 drivers_injured, 0.0 drivers_killed, 0.0 passengers_injured, 0.0 passengers_killed, 0.0 pedestrian_injured, 0.0 pedestrian_killed, Fair (Day), EDSA fronting Victory Liner Terminal Pasay",MMDA Road Safety Unit,,9881203e-5b92-4523-8a63-edd832538e80,2013-04-25,03:40:00,"EDSA at ""U"" turn slot, fronting Toyota Manila Bay Pasay",0,0,0,0,0,0,0,0,0,0,2013-04-25 11:40,Injury,14.53838401,121.0066671,No Collision Stated
None,EDSA,None,None,"No Accident Factor, No Collision Stated (based on Police Blotter Book), 0.0 drivers_injured, 0.0 drivers_killed, 0.0 passengers_injured, 0.0 passengers_killed, 0.0 pedestrian_injured, 0.0 pedestrian_killed, Fair (Day), EDSA Taft Ave. Pasay",MMDA Road Safety Unit,,c6e982d0-e2b7-45ea-8b70-aec31f3dcef4,2013-04-25,01:30:00,EDSA fronting Winston Lodge Pasay,0,0,0,0,0,0,0,0,0,0,2013-04-25 9:30,Property,14.53775951,121.0007229,No Collision Stated
None,EDSA,None,None,"No Accident Factor, No Collision Stated (based on Police Blotter Book), 0.0 drivers_injured, 0.0 drivers_killed, 0.0 passengers_injured, 0.0 passengers_killed, 0.0 pedestrian_injured, 0.0 pedestrian_killed, Fair (Night), EDSA Taft Ave. Pasay",MMDA Road Safety Unit,,cbf36278-7b4a-4b6f-baf6-4756da1ddbc2,2013-04-23,14:45:00,EDSA fronting PTT Gas Station Pasay,0,0,0,0,0,0,0,0,0,0,2013-04-23 22:45,Property,14.53775951,121.0007229,No Collision Stated
None,EDSA,None,None,"No Accident Factor, No Collision Stated (based on Police Blotter Book), 0.0 drivers_injured, 0.0 drivers_killed, 0.0 passengers_injured, 0.0 passengers_killed, 0.0 pedestrian_injured, 0.0 pedestrian_killed, Fair (Day), EDSA Pres. Diosdado Macapagal Blvd. Pasay",MMDA Road Safety Unit,,e59b555a-5fb8-433a-846e-a0fc86b0a12e,2013-04-23,01:00:00,EDSA Taft Ave. Pasay,0,0,0,0,0,0,0,0,0,0,2013-04-23 9:00,Property,14.53619237,120.9889562,No Collision Stated
None,EDSA,None,None,"No Accident Factor, No Collision Stated (based on Police Blotter Book), 0.0 drivers_injured, 0.0 drivers_killed, 0.0 passengers_injured, 0.0 passengers_killed, 0.0 pedestrian_injured, 0.0 pedestrian_killed, Fair (Night), EDSA Pres. Diosdado Macapagal Blvd. Pasay",MMDA Road Safety Unit,,ab598e4c-4bd4-44f6-85cb-f0b650e3bc0e,2013-04-21,13:40:00,EDSA Park Ave. Pasay,0,0,0,0,0,0,0,0,0,0,2013-04-21 21:40,Property,14.53619237,120.9889562,No Collision Stated
None,EDSA,None,None,"No Accident Factor, No Collision Stated (based on Police Blotter Book), 0.0 drivers_injured, 0.0 drivers_killed, 0.0 passengers_injured, 0.0 passengers_killed, 0.0 pedestrian_injured, 0.0 pedestrian_killed, Fair (Day), EDSA Taft Ave. Pasay",MMDA Road Safety Unit,,cb2f0a3c-326e-4eb2-ad9a-45b23ff3a951,2013-04-20,09:45:00,EDSA fronting Heritage Hotel Pasay,0,0,0,0,0,0,0,0,0,0,2013-04-20 17:45,Property,14.53775951,121.0007229,No Collision Stated
None,EDSA,None,None,"No Accident Factor, No Collision Stated (based on Police Blotter Book), 0.0 drivers_injured, 0.0 drivers_killed, 0.0 passengers_injured, 0.0 passengers_killed, 0.0 pedestrian_injured, 0.0 pedestrian_killed, Fair (Day), EDSA Roxas Blvd. Pasay",MMDA Road Safety Unit,,9979a5c0-eb8b-4b08-a188-728c64a506ac,2013-04-19,22:55:00,EDSA Taft Ave. Pasay,0,0,0,0,0,0,0,0,0,0,2013-04-20 6:55,Property,14.53725136,120.9928775,No Collision Stated
None,EDSA,None,None,"No Accident Factor, No Collision Stated (based on Police Blotter Book), 0.0 drivers_injured, 0.0 drivers_killed, 0.0 passengers_injured, 0.0 passengers_killed, 0.0 pedestrian_injured, 0.0 pedestrian_killed, Fair (Day), EDSA Park Ave. Pasay",MMDA Road Safety Unit,,b0fa32b4-5c69-4615-86ce-e71376147520,2013-04-17,00:00:00,EDSA Pres. Diosdado Macapagal Blvd. Pasay,0,0,0,0,0,0,0,0,0,0,2013-04-17 8:00,Property,14.53774622,120.9982843,No Collision Stated
None,EDSA,None,None,"No Accident Factor, No Collision Stated (based on Police Blotter Book), 0.0 drivers_injured, 0.0 drivers_killed, 0.0 passengers_injured, 0.0 passengers_killed, 0.0 pedestrian_injured, 0.0 pedestrian_killed, Fair (Night), EDSA Taft Ave. Pasay",MMDA Road Safety Unit,,7ebc3818-987b-455c-b14e-9c5d4195d0b0,2013-04-16,14:30:00,EDSA Taft Ave. Pasay,0,0,0,0,0,0,0,0,0,0,2013-04-16 22:30,Property,14.53775951,121.0007229,No Collision Stated
None,EDSA,None,None,"No Accident Factor, No Collision Stated (based on Police Blotter Book), 0.0 drivers_injured, 0.0 drivers_killed, 0.0 passengers_injured, 0.0 passengers_killed, 0.0 pedestrian_injured, 0.0 pedestrian_killed, Fair (Day), EDSA at ""U"" turn slot, fronting Toyota Manila Bay Pasay",MMDA Road Safety Unit,,07ee12c6-eccf-45b0-99bd-8585a410671b,2013-04-16,08:00:00,EDSA Roxas Blvd. Pasay,0,0,0,0,0,0,0,0,0,0,2013-04-16 16:00,Property,14.53672377,120.9911389,No Collision Stated
None,EDSA,None,None,"No Accident Factor, No Collision Stated (based on Police Blotter Book), 0.0 drivers_injured, 0.0 drivers_killed, 0.0 passengers_injured, 0.0 passengers_killed, 0.0 pedestrian_injured, 0.0 pedestrian_killed, Fair (Day), EDSA fronting Winston Lodge Pasay",MMDA Road Safety Unit,,1f0104af-cf75-420a-971e-ca686f301630,2013-04-16,01:55:00,"EDSA at ""U"" turn slot, beside Toyota Manila Bay Pasay",0,0,0,0,0,0,0,0,0,0,2013-04-16 9:55,Property,14.5376809,121.0035109,No Collision Stated
None,EDSA,None,None,"No Accident Factor, No Collision Stated (based on Police Blotter Book), 0.0 drivers_injured, 0.0 drivers_killed, 0.0 passengers_injured, 0.0 passengers_killed, 0.0 pedestrian_injured, 0.0 pedestrian_killed, Fair (Night), EDSA fronting PTT Gas Station Pasay",MMDA Road Safety Unit,,9f0f2c15-e632-4adc-b681-1393439eafda,2013-04-15,13:00:00,EDSA Taft Ave. Pasay,0,0,0,0,0,0,0,0,0,0,2013-04-15 21:00,Property,14.5377104,120.9993649,No Collision Stated
None,EDSA,None,None,"No Accident Factor, No Collision Stated (based on Police Blotter Book), 0.0 drivers_injured, 0.0 drivers_killed, 0.0 passengers_injured, 0.0 passengers_killed, 0.0 pedestrian_injured, 0.0 pedestrian_killed, Fair (Day), EDSA Taft Ave. Pasay",MMDA Road Safety Unit,,ab81499c-5f89-47d5-843e-36415125ff68,2013-04-14,01:00:00,EDSA Aurora Blvd. (Tramo) Pasay,0,0,0,0,0,0,0,0,0,0,2013-04-14 9:00,Property,14.53775951,121.0007229,No Collision Stated
None,EDSA,None,None,"No Accident Factor, No Collision Stated (based on Police Blotter Book), 0.0 drivers_injured, 0.0 drivers_killed, 0.0 passengers_injured, 0.0 passengers_killed, 0.0 pedestrian_injured, 0.0 pedestrian_killed, Fair (Night), EDSA Park Ave. Pasay",MMDA Road Safety Unit,,4a4016d3-5a1e-491c-ae4b-c0136ce3aa21,2013-04-13,13:50:00,"EDSA at ""U"" turn slot, beside P. Celle St. Pasay",0,0,0,0,0,0,0,0,0,0,2013-04-13 21:50,Property,14.53774622,120.9982843,No Collision Stated
None,EDSA,None,None,"No Accident Factor, No Collision Stated (based on Police Blotter Book), 0.0 drivers_injured, 0.0 drivers_killed, 0.0 passengers_injured, 0.0 passengers_killed, 0.0 pedestrian_injured, 0.0 pedestrian_killed, Fair (Day), EDSA fronting Heritage Hotel Pasay",MMDA Road Safety Unit,,acf48ea5-c457-4aae-b4b1-9b6ab44c4307,2013-04-13,05:25:00,EDSA Cabrera St. Pasay,0,0,0,0,0,0,0,0,0,0,2013-04-13 13:25,Property,14.5372421,120.9936671,No Collision Stated
None,EDSA,None,None,"No Accident Factor, No Collision Stated (based on Police Blotter Book), 0.0 drivers_injured, 0.0 drivers_killed, 0.0 passengers_injured, 0.0 passengers_killed, 0.0 pedestrian_injured, 0.0 pedestrian_killed, Fair (Night), EDSA Taft Ave. Pasay",MMDA Road Safety Unit,,d1bc1707-f705-4c89-8edf-2f9558c29985,2013-04-12,15:45:00,EDSA fronting Heritage Hotel Pasay,0,0,0,0,0,0,0,0,0,0,2013-04-12 23:45,Property,14.53775951,121.0007229,No Collision Stated
None,EDSA,None,None,"No Accident Factor, No Collision Stated (based on Police Blotter Book), 0.0 drivers_injured, 0.0 drivers_killed, 0.0 passengers_injured, 0.0 passengers_killed, 0.0 pedestrian_injured, 0.0 pedestrian_killed, Fair (Night), EDSA Pres. Diosdado Macapagal Blvd. Pasay",MMDA Road Safety Unit,,adccb32c-0b43-46b3-8c92-71a3a3e1a1da,2013-04-12,15:45:00,"EDSA at circle, SM Mall of Asia Pasay",0,0,0,0,0,0,0,0,0,0,2013-04-12 23:45,Property,14.53619237,120.9889562,No Collision Stated
None,EDSA,None,None,"No Accident Factor, No Collision Stated (based on Police Blotter Book), 0.0 drivers_injured, 0.0 drivers_killed, 0.0 passengers_injured, 0.0 passengers_killed, 0.0 pedestrian_injured, 0.0 pedestrian_killed, Fair (Day), EDSA Taft Ave. Pasay",MMDA Road Safety Unit,,2fa76001-20b9-4ed1-944d-ac42fe8f162c,2013-04-11,08:00:00,EDSA before Roxas Blvd. Pasay,0,0,0,0,0,0,0,0,0,0,2013-04-11 16:00,Property,14.53775951,121.0007229,No Collision Stated
None,EDSA,None,None,"No Accident Factor, No Collision Stated (based on Police Blotter Book), 0.0 drivers_injured, 0.0 drivers_killed, 0.0 passengers_injured, 0.0 passengers_killed, 0.0 pedestrian_injured, 0.0 pedestrian_killed, Fair (Day), EDSA Roxas Blvd. Pasay",MMDA Road Safety Unit,,72b17c8e-18ac-46d2-a905-60c11bca71d2,2013-04-11,00:00:00,EDSA Taft Ave. Pasay,0,0,0,0,0,0,0,0,0,0,2013-04-11 8:00,Property,14.53725136,120.9928775,No Collision Stated
None,EDSA,None,None,"No Accident Factor, No Collision Stated (based on Police Blotter Book), 0.0 drivers_injured, 0.0 drivers_killed, 0.0 passengers_injured, 0.0 passengers_killed, 0.0 pedestrian_injured, 0.0 pedestrian_killed, Fair (Night), EDSA at ""U"" turn slot, beside Toyota Manila Bay Pasay",MMDA Road Safety Unit,,918fd14e-4bcc-47a9-8916-3e0d463b2590,2013-04-09,11:00:00,EDSA Pres. Diosdado Macapagal Blvd. Pasay,0,0,0,0,0,0,0,0,0,0,2013-04-09 19:00,Property,14.53673522,120.9911103,No Collision Stated
None,EDSA,None,None,"No Accident Factor, No Collision Stated (based on Police Blotter Book), 0.0 drivers_injured, 0.0 drivers_killed, 0.0 passengers_injured, 0.0 passengers_killed, 0.0 pedestrian_injured, 0.0 pedestrian_killed, Fair (Day), EDSA Taft Ave. Pasay",MMDA Road Safety Unit,,b35a389b-0786-4e1f-9ff9-19ce2abf7eb0,2013-04-07,23:45:00,EDSA Rotonda  Pasay,0,0,0,0,0,0,0,0,0,0,2013-04-08 7:45,Property,14.53775951,121.0007229,No Collision Stated
None,EDSA,None,None,"No Accident Factor, No Collision Stated (based on Police Blotter Book), 0.0 drivers_injured, 0.0 drivers_killed, 0.0 passengers_injured, 0.0 passengers_killed, 0.0 pedestrian_injured, 0.0 pedestrian_killed, Fair (Day), EDSA Aurora Blvd. (Tramo) Pasay",MMDA Road Safety Unit,,667319b5-66a1-4008-8be9-a27dd1110dd9,2013-04-07,09:30:00,EDSA Rotonda  Pasay,0,0,0,0,0,0,0,0,0,0,2013-04-07 17:30,Property,14.53779864,121.0033477,No Collision Stated
None,EDSA,None,None,"No Accident Factor, No Collision Stated (based on Police Blotter Book), 0.0 drivers_injured, 0.0 drivers_killed, 0.0 passengers_injured, 0.0 passengers_killed, 0.0 pedestrian_injured, 0.0 pedestrian_killed, Fair (Day), EDSA at ""U"" turn slot, beside P. Celle St. Pasay",MMDA Road Safety Unit,,3abd9be6-aca1-4db0-9529-2c7fc56850c5,2013-04-07,03:40:00,EDSA Roxas Blvd. Pasay,0,0,0,0,0,0,0,0,0,0,2013-04-07 11:40,Property,14.53778405,120.9974385,No Collision Stated
None,EDSA,None,None,"No Accident Factor, No Collision Stated (based on Police Blotter Book), 0.0 drivers_injured, 0.0 drivers_killed, 0.0 passengers_injured, 0.0 passengers_killed, 0.0 pedestrian_injured, 0.0 pedestrian_killed, Fair (Day), EDSA Cabrera St. Pasay",MMDA Road Safety Unit,,b04e84ca-3d06-40b5-a0fb-9bfe62738b07,2013-04-06,04:00:00,EDSA Roxas Blvd. Pasay,0,0,0,0,0,0,0,0,0,0,2013-04-06 12:00,Property,14.53817493,121.0048575,No Collision Stated
None,EDSA,None,None,"No Accident Factor, Other (Hit Veh., Rear-end + Hit Obj.), 0.0 drivers_injured, 0.0 drivers_killed, 0.0 passengers_injured, 0.0 passengers_killed, 0.0 pedestrian_injured, 0.0 pedestrian_killed, Fair (Night), EDSA fronting Heritage Hotel Pasay",MMDA Road Safety Unit,,a0841d24-81f7-4559-91ac-97385e9b2d30,2013-04-05,13:30:00,EDSA Roxas Blvd. Pasay,0,0,0,0,0,0,0,0,0,0,2013-04-05 21:30,Property,14.5372421,120.9936671,Rear-End
None,EDSA,None,None,"No Accident Factor, No Collision Stated (based on Police Blotter Book), 0.0 drivers_injured, 0.0 drivers_killed, 0.0 passengers_injured, 0.0 passengers_killed, 0.0 pedestrian_injured, 0.0 pedestrian_killed, Fair (Day), EDSA at circle, SM Mall of Asia Pasay",MMDA Road Safety Unit,,8803ca2e-5346-43bb-9bfc-866ebb2a2689,2013-04-05,08:45:00,EDSA fronting Victory Liner Terminal Pasay,0,0,0,0,0,0,0,0,0,0,2013-04-05 16:45,Property,14.53541969,120.9848021,No Collision Stated
None,EDSA,None,None,"No Accident Factor, No Collision Stated (based on Police Blotter Book), 0.0 drivers_injured, 0.0 drivers_killed, 0.0 passengers_injured, 0.0 passengers_killed, 0.0 pedestrian_injured, 0.0 pedestrian_killed, Fair (Day), EDSA before Roxas Blvd. Pasay",MMDA Road Safety Unit,,76d77b4e-00c8-426a-abf8-8d9bc8a7beb4,2013-04-03,00:10:00,EDSA Taft Ave. Pasay,0,0,0,0,0,0,0,0,0,0,2013-04-03 8:10,Property,14.53731241,120.9931153,No Collision Stated
None,EDSA,None,None,"No Accident Factor, No Collision Stated (based on Police Blotter Book), 0.0 drivers_injured, 0.0 drivers_killed, 0.0 passengers_injured, 0.0 passengers_killed, 0.0 pedestrian_injured, 0.0 pedestrian_killed, Fair (Night), EDSA Taft Ave. Pasay",MMDA Road Safety Unit,,e514a54d-3e22-4248-b52d-f3542adc7192,2013-03-28,13:05:00,EDSA Taft Ave. Pasay,0,0,0,0,0,0,0,0,0,0,2013-03-28 21:05,Property,14.53775951,121.0007229,No Collision Stated
None,EDSA,None,None,"No Accident Factor, No Collision Stated (based on Police Blotter Book), 0.0 drivers_injured, 0.0 drivers_killed, 0.0 passengers_injured, 0.0 passengers_killed, 0.0 pedestrian_injured, 0.0 pedestrian_killed, Fair (Day), EDSA Pres. Diosdado Macapagal Blvd. Pasay",MMDA Road Safety Unit,,7601e1a1-9824-400f-90f4-40017d9dc4ab,2013-03-25,03:00:00,EDSA Cabrera St. Pasay,0,0,0,0,0,0,0,0,0,0,2013-03-25 11:00,Property,14.53619237,120.9889562,No Collision Stated