LOCATION_TEXT,ROAD,WEATHER,LIGHT,DESC,REPORTING_AGENCY,MAIN_CAUSE,INCIDENTDETAILS_ID,DATE_UTC,TIME_UTC,ADDRESS,killed_driver,killed_passenger,killed_pedestrian,injured_driver,injured_passenger,injured_pedestrian,killed_uncategorized,injured_uncategorized,killed_total,injured_total,DATETIME_PST,SEVERITY,Y,X,COLLISION_TYPE
None,EDSA,None,None,"No Accident Factor, No Collision Stated (based on Police Blotter Book), 0.0 drivers_injured, 0.0 drivers_killed, 0.0 passengers_injured, 0.0 passengers_killed, 0.0 pedestrian_injured, 0.0 pedestrian_killed, Fair (Day), EDSA Rotonda  Pasay",MMDA Road Safety Unit,,43c79549-243a-4664-acf0-35e693359a58,2013-03-23,07:00:00,EDSA Taft Ave. Pasay,0,0,0,0,0,0,0,0,0,0,2013-03-23 15:00,Property,14.53744344,121.0007766,No Collision Stated
None,EDSA,None,None,"No Accident Factor, No Collision Stated (based on Police Blotter Book), 0.0 drivers_injured, 0.0 drivers_killed, 0.0 passengers_injured, 0.0 passengers_killed, 0.0 pedestrian_injured, 0.0 pedestrian_killed, Fair (Night), EDSA Rotonda  Pasay",MMDA Road Safety Unit,,b1f39103-1716-4a41-b83b-8aeb62acb7d3,2013-03-22,15:20:00,EDSA Taft Ave. Pasay,0,0,0,0,0,0,0,0,0,0,2013-03-22 23:20,Property,14.53744344,121.0007766,No Collision Stated
None,EDSA,None,None,"No Accident Factor, No Collision Stated (based on Police Blotter Book), 0.0 drivers_injured, 0.0 drivers_killed, 0.0 passengers_injured, 0.0 passengers_killed, 0.0 pedestrian_injured, 0.0 pedestrian_killed, Fair (Day), EDSA Roxas Blvd. Pasay",MMDA Road Safety Unit,,4c8a9eb6-4c97-4a10-b269-3620168295b7,2013-03-21,03:40:00,"EDSA fronting Caltex Gas Station, before Victory Liner Terminal Pasay",0,0,0,0,0,0,0,0,0,0,2013-03-21 11:40,Property,14.53725136,120.9928775,No Collision Stated
None,EDSA,None,None,"No Accident Factor, No Collision Stated (based on Police Blotter Book), 0.0 drivers_injured, 0.0 drivers_killed, 0.0 passengers_injured, 0.0 passengers_killed, 0.0 pedestrian_injured, 0.0 pedestrian_killed, Fair (Day), EDSA Roxas Blvd. Pasay",MMDA Road Safety Unit,,024ab580-14eb-4e96-a353-09dc0f1d141f,2013-03-21,03:30:00,EDSA Taft Ave. Pasay,0,0,0,0,0,0,0,0,0,0,2013-03-21 11:30,Property,14.53725136,120.9928775,No Collision Stated
None,EDSA,None,None,"No Accident Factor, No Collision Stated (based on Police Blotter Book), 0.0 drivers_injured, 0.0 drivers_killed, 0.0 passengers_injured, 0.0 passengers_killed, 0.0 pedestrian_injured, 0.0 pedestrian_killed, Fair (Day), EDSA Roxas Blvd. Pasay",MMDA Road Safety Unit,,95fbfd02-0fcf-4dd4-82fb-fab6ea37dddb,2013-03-21,03:10:00,EDSA before Ewood St. Pasay,0,0,0,0,0,0,0,0,0,0,2013-03-21 11:10,Property,14.53725136,120.9928775,No Collision Stated
None,EDSA,None,None,"No Accident Factor, No Collision Stated (based on Police Blotter Book), 0.0 drivers_injured, 0.0 drivers_killed, 0.0 passengers_injured, 0.0 passengers_killed, 0.0 pedestrian_injured, 0.0 pedestrian_killed, Fair (Night), EDSA fronting Victory Liner Terminal Pasay",MMDA Road Safety Unit,,75f99fd8-cb0f-4ef1-beee-208734629835,2013-03-20,10:40:00,EDSA Roxas Blvd. Pasay,0,0,0,0,0,0,0,0,0,0,2013-03-20 18:40,Property,14.53838401,121.0066671,No Collision Stated
None,EDSA,None,None,"No Accident Factor, No Collision Stated (based on Police Blotter Book), 0.0 drivers_injured, 0.0 drivers_killed, 0.0 passengers_injured, 0.0 passengers_killed, 0.0 pedestrian_injured, 0.0 pedestrian_killed, Fair (Night), EDSA Taft Ave. Pasay",MMDA Road Safety Unit,,e0fca29c-989f-42e0-94c3-7dc2ffacc0ae,2013-03-20,10:30:00,EDSA Heritage Hotel Pasay,0,0,0,0,0,0,0,0,0,0,2013-03-20 18:30,Property,14.53775951,121.0007229,No Collision Stated
None,EDSA,None,None,"No Accident Factor, No Collision Stated (based on Police Blotter Book), 0.0 drivers_injured, 0.0 drivers_killed, 0.0 passengers_injured, 0.0 passengers_killed, 0.0 pedestrian_injured, 0.0 pedestrian_killed, Fair (Night), EDSA Taft Ave. Pasay",MMDA Road Safety Unit,,54067c97-da7d-4bcb-b619-a40e547a03f4,2013-03-20,10:20:00,EDSA Taft Ave. Pasay,0,0,0,0,0,0,0,0,0,0,2013-03-20 18:20,Property,14.53775951,121.0007229,No Collision Stated
None,EDSA,None,None,"No Accident Factor, No Collision Stated (based on Police Blotter Book), 0.0 drivers_injured, 0.0 drivers_killed, 0.0 passengers_injured, 0.0 passengers_killed, 0.0 pedestrian_injured, 0.0 pedestrian_killed, Fair (Day), EDSA Cabrera St. Pasay",MMDA Road Safety Unit,,fcf82c70-89d6-4058-9c76-9dfb2cbeb25e,2013-03-20,02:50:00,EDSA before Kalayaan Pasay,0,0,0,0,0,0,0,0,0,0,2013-03-20 10:50,Property,14.53817493,121.0048575,No Collision Stated
None,EDSA,None,None,"No Accident Factor, No Collision Stated (based on Police Blotter Book), 0.0 drivers_injured, 0.0 drivers_killed, 0.0 passengers_injured, 0.0 passengers_killed, 0.0 pedestrian_injured, 0.0 pedestrian_killed, Fair (Day), EDSA Taft Ave. Pasay",MMDA Road Safety Unit,,9d2b8acd-db8c-4180-811a-e68d603ca043,2013-03-20,02:30:00,EDSA Heritage Hotel Pasay,0,0,0,0,0,0,0,0,0,0,2013-03-20 10:30,Property,14.53775951,121.0007229,No Collision Stated
None,EDSA,None,None,"No Accident Factor, No Collision Stated (based on Police Blotter Book), 0.0 drivers_injured, 0.0 drivers_killed, 0.0 passengers_injured, 0.0 passengers_killed, 0.0 pedestrian_injured, 0.0 pedestrian_killed, Fair (Night), EDSA Taft Ave. Pasay",MMDA Road Safety Unit,,897c95e9-2331-4728-bd11-3bd69c6f0180,2013-03-18,10:30:00,EDSA Pres. Diosdado Macapagal Blvd. Pasay,0,0,0,0,0,0,0,0,0,0,2013-03-18 18:30,Property,14.53775951,121.0007229,No Collision Stated
None,EDSA,None,None,"No Accident Factor, No Collision Stated (based on Police Blotter Book), 0.0 drivers_injured, 0.0 drivers_killed, 0.0 passengers_injured, 0.0 passengers_killed, 0.0 pedestrian_injured, 0.0 pedestrian_killed, Fair (Day), EDSA fronting Caltex Gas Station, before Victory Liner Terminal Pasay",MMDA Road Safety Unit,,396b3ab7-7424-43f0-9071-c8bdf14962f6,2013-03-18,06:00:00,EDSA Taft Ave. Pasay,0,0,0,0,0,0,0,0,0,0,2013-03-18 14:00,Property,14.53831018,121.0061739,No Collision Stated
None,EDSA,None,None,"No Accident Factor, No Collision Stated (based on Police Blotter Book), 0.0 drivers_injured, 0.0 drivers_killed, 0.0 passengers_injured, 0.0 passengers_killed, 0.0 pedestrian_injured, 0.0 pedestrian_killed, Fair (Night), EDSA Taft Ave. Pasay",MMDA Road Safety Unit,,a043a733-537d-4516-9334-0d089fb0ec27,2013-03-16,14:50:00,EDSA fronting SM Mall of Asia Pasay,0,0,0,0,0,0,0,0,0,0,2013-03-16 22:50,Property,14.53775951,121.0007229,No Collision Stated
None,EDSA,None,None,"No Accident Factor, No Collision Stated (based on Police Blotter Book), 0.0 drivers_injured, 0.0 drivers_killed, 0.0 passengers_injured, 0.0 passengers_killed, 0.0 pedestrian_injured, 0.0 pedestrian_killed, Fair (Day), EDSA before Ewood St. Pasay",MMDA Road Safety Unit,,c0945c4a-c956-438f-8957-885ff91734b2,2013-03-16,05:45:00,EDSA Park Ave. Pasay,0,0,0,0,0,0,0,0,0,0,2013-03-16 13:45,Property,14.53870801,121.0096244,No Collision Stated
None,EDSA,None,None,"No Accident Factor, No Collision Stated (based on Police Blotter Book), 0.0 drivers_injured, 0.0 drivers_killed, 0.0 passengers_injured, 0.0 passengers_killed, 0.0 pedestrian_injured, 0.0 pedestrian_killed, Fair (Night), EDSA Roxas Blvd. Pasay",MMDA Road Safety Unit,,85ad2672-7e9f-4ac3-a095-42022fac345e,2013-03-15,14:00:00,EDSA Taft Ave. Pasay,0,0,0,0,0,0,0,0,0,0,2013-03-15 22:00,Property,14.53725136,120.9928775,No Collision Stated
None,EDSA,None,None,"No Accident Factor, No Collision Stated (based on Police Blotter Book), 0.0 drivers_injured, 0.0 drivers_killed, 0.0 passengers_injured, 0.0 passengers_killed, 0.0 pedestrian_injured, 0.0 pedestrian_killed, Fair (Day), EDSA Heritage Hotel Pasay",MMDA Road Safety Unit,,3304c2b0-b433-4cdc-9da7-4fcec05c0680,2013-03-15,03:35:00,EDSA SM Mall of Asia Pasay,0,0,0,0,0,0,0,0,0,0,2013-03-15 11:35,Property,14.53721957,120.9935015,No Collision Stated
None,EDSA,None,None,"No Accident Factor, No Collision Stated (based on Police Blotter Book), 0.0 drivers_injured, 0.0 drivers_killed, 0.0 passengers_injured, 0.0 passengers_killed, 0.0 pedestrian_injured, 0.0 pedestrian_killed, Fair (Day), EDSA Taft Ave. Pasay",MMDA Road Safety Unit,,228b9940-4be7-4b8e-9828-df87fd095c0c,2013-03-15,00:25:00,EDSA Taft Ave. Pasay,0,0,0,0,0,0,0,0,0,0,2013-03-15 8:25,Property,14.53775951,121.0007229,No Collision Stated
None,EDSA,None,None,"No Accident Factor, No Collision Stated (based on Police Blotter Book), 0.0 drivers_injured, 0.0 drivers_killed, 0.0 passengers_injured, 0.0 passengers_killed, 0.0 pedestrian_injured, 0.0 pedestrian_killed, Fair (Day), EDSA before Kalayaan Pasay",MMDA Road Safety Unit,,577b5809-ad30-4e39-ab5a-05ed22f2c500,2013-03-15,00:00:00,EDSA fronting Heritage Hotel Pasay,0,0,0,0,0,0,0,0,0,0,2013-03-15 8:00,Property,14.55718086,121.0379119,No Collision Stated
None,EDSA,None,None,"No Accident Factor, No Collision Stated (based on Police Blotter Book), 0.0 drivers_injured, 0.0 drivers_killed, 0.0 passengers_injured, 0.0 passengers_killed, 0.0 pedestrian_injured, 0.0 pedestrian_killed, Fair (Day), EDSA Heritage Hotel Pasay",MMDA Road Safety Unit,,20a51880-d7a2-4f77-b371-62b0f1af83cd,2013-03-13,01:30:00,EDSA Taft Ave. Pasay,0,0,0,0,0,0,0,0,0,0,2013-03-13 9:30,Property,14.53721957,120.9935015,No Collision Stated
None,EDSA,None,None,"No Accident Factor, No Collision Stated (based on Police Blotter Book), 0.0 drivers_injured, 0.0 drivers_killed, 0.0 passengers_injured, 0.0 passengers_killed, 0.0 pedestrian_injured, 0.0 pedestrian_killed, Fair (Day), EDSA Pres. Diosdado Macapagal Blvd. Pasay",MMDA Road Safety Unit,,99f88b86-622d-4f09-8c9e-22ddfe25112f,2013-03-12,02:20:00,EDSA inside Victory Liner Bus Terminal Pasay,0,0,0,0,0,0,0,0,0,0,2013-03-12 10:20,Property,14.53619237,120.9889562,No Collision Stated
None,EDSA,None,None,"No Accident Factor, No Collision Stated (based on Police Blotter Book), 0.0 drivers_injured, 0.0 drivers_killed, 0.0 passengers_injured, 0.0 passengers_killed, 0.0 pedestrian_injured, 0.0 pedestrian_killed, Fair (Night), EDSA Taft Ave. Pasay",MMDA Road Safety Unit,,6712cbc7-4eeb-4c4f-a4e5-ba62dff9f740,2013-03-11,14:35:00,EDSA Pres. Diosdado Macapagal Blvd. Pasay,0,0,0,0,0,0,0,0,0,0,2013-03-11 22:35,Property,14.53775951,121.0007229,No Collision Stated
None,EDSA,None,None,"No Accident Factor, No Collision Stated (based on Police Blotter Book), 0.0 drivers_injured, 0.0 drivers_killed, 0.0 passengers_injured, 0.0 passengers_killed, 0.0 pedestrian_injured, 0.0 pedestrian_killed, Fair (Day), EDSA fronting SM Mall of Asia Pasay",MMDA Road Safety Unit,,92930de3-4ce0-433e-a634-f95ddc84386a,2013-03-11,05:30:00,EDSA Taft Ave. Pasay,0,0,0,0,0,0,0,0,0,0,2013-03-11 13:30,Property,14.53553823,120.9850879,No Collision Stated
None,EDSA,None,None,"No Accident Factor, No Collision Stated (based on Police Blotter Book), 0.0 drivers_injured, 0.0 drivers_killed, 0.0 passengers_injured, 0.0 passengers_killed, 0.0 pedestrian_injured, 0.0 pedestrian_killed, Fair (Night), EDSA Park Ave. Pasay",MMDA Road Safety Unit,,9dc16f14-d320-4be9-b4a8-8bb6fb9772d4,2013-03-10,12:10:00,EDSA F. B. Harrison St. Pasay,0,0,0,0,0,0,0,0,0,0,2013-03-10 20:10,Property,14.53774622,120.9982843,No Collision Stated
None,EDSA,None,None,"No Accident Factor, No Collision Stated (based on Police Blotter Book), 0.0 drivers_injured, 0.0 drivers_killed, 0.0 passengers_injured, 0.0 passengers_killed, 0.0 pedestrian_injured, 0.0 pedestrian_killed, Fair (Night), EDSA Taft Ave. Pasay",MMDA Road Safety Unit,,0a646a80-d1f9-48f5-8353-f351b43666c1,2013-03-09,15:10:00,EDSA Roxas Blvd. Pasay,0,0,0,0,0,0,0,0,0,0,2013-03-09 23:10,Property,14.53775951,121.0007229,No Collision Stated
None,EDSA,None,None,"No Accident Factor, No Collision Stated (based on Police Blotter Book), 0.0 drivers_injured, 0.0 drivers_killed, 0.0 passengers_injured, 0.0 passengers_killed, 0.0 pedestrian_injured, 0.0 pedestrian_killed, Fair (Day), EDSA SM Mall of Asia Pasay",MMDA Road Safety Unit,,170adfc3-7241-4b57-abe5-40d0cffcf93e,2013-03-08,23:00:00,EDSA C. Jose St. Pasay,0,0,0,0,0,0,0,0,0,0,2013-03-09 7:00,Property,14.5353884,120.9849103,No Collision Stated
None,EDSA,None,None,"No Accident Factor, No Collision Stated (based on Police Blotter Book), 0.0 drivers_injured, 0.0 drivers_killed, 0.0 passengers_injured, 0.0 passengers_killed, 0.0 pedestrian_injured, 0.0 pedestrian_killed, Fair (Night), EDSA Taft Ave. Pasay",MMDA Road Safety Unit,,34ec9bcb-32cf-486c-9e5b-4ca5f6bae04a,2013-03-08,13:00:00,EDSA fronting Genesis Bus Terminal Pasay,0,0,0,0,0,0,0,0,0,0,2013-03-08 21:00,Property,14.53775951,121.0007229,No Collision Stated
None,EDSA,None,None,"No Accident Factor, No Collision Stated (based on Police Blotter Book), 0.0 drivers_injured, 0.0 drivers_killed, 0.0 passengers_injured, 0.0 passengers_killed, 0.0 pedestrian_injured, 0.0 pedestrian_killed, Fair (Night), EDSA fronting Heritage Hotel Pasay",MMDA Road Safety Unit,,0e1844e2-84fd-41b4-90ab-f3d919016f47,2013-03-07,17:30:00,EDSA Roxas Blvd. Pasay,0,0,0,0,0,0,0,0,0,0,2013-03-08 1:30,Property,14.5372421,120.9936671,No Collision Stated
None,EDSA,None,None,"No Accident Factor, No Collision Stated (based on Police Blotter Book), 0.0 drivers_injured, 0.0 drivers_killed, 0.0 passengers_injured, 0.0 passengers_killed, 0.0 pedestrian_injured, 0.0 pedestrian_killed, Fair (Day), EDSA Taft Ave. Pasay",MMDA Road Safety Unit,,6ab7576e-7399-4e0e-a8cf-99eae52a643b,2013-03-07,08:10:00,EDSA Taft Ave. Pasay,0,0,0,0,0,0,0,0,0,0,2013-03-07 16:10,Property,14.53775951,121.0007229,No Collision Stated
None,EDSA,None,None,"No Accident Factor, No Collision Stated (based on Police Blotter Book), 0.0 drivers_injured, 0.0 drivers_killed, 0.0 passengers_injured, 0.0 passengers_killed, 0.0 pedestrian_injured, 0.0 pedestrian_killed, Fair (Day), EDSA inside Victory Liner Bus Terminal Pasay",MMDA Road Safety Unit,,a03596b4-ddc5-421a-bf81-90cb23e3683c,2013-03-07,02:30:00,EDSA Pres. Diosdado Macapagal Blvd. Pasay,0,0,0,0,0,0,0,0,0,0,2013-03-07 10:30,Property,14.53837135,121.006595,No Collision Stated
None,EDSA,None,None,"No Accident Factor, No Collision Stated (based on Police Blotter Book), 0.0 drivers_injured, 0.0 drivers_killed, 0.0 passengers_injured, 0.0 passengers_killed, 0.0 pedestrian_injured, 0.0 pedestrian_killed, Fair (Night), EDSA Pres. Diosdado Macapagal Blvd. Pasay",MMDA Road Safety Unit,,76d39957-3f45-4800-b251-4d664c4681ae,2013-03-06,12:30:00,EDSA Taft Ave. Pasay,0,0,0,0,0,0,0,0,0,0,2013-03-06 20:30,Property,14.53619237,120.9889562,No Collision Stated
None,EDSA,None,None,"No Accident Factor, No Collision Stated (based on Police Blotter Book), 0.0 drivers_injured, 0.0 drivers_killed, 0.0 passengers_injured, 0.0 passengers_killed, 0.0 pedestrian_injured, 0.0 pedestrian_killed, Fair (Night), EDSA Taft Ave. Pasay",MMDA Road Safety Unit,,4f3166b4-0263-4862-8ec5-6e00974ed54c,2013-03-05,11:20:00,EDSA fronting MRT-Taft Ave. Terminal Pasay,0,0,0,0,0,0,0,0,0,0,2013-03-05 19:20,Property,14.53775951,121.0007229,No Collision Stated
None,EDSA,None,None,"No Accident Factor, No Collision Stated (based on Police Blotter Book), 0.0 drivers_injured, 0.0 drivers_killed, 0.0 passengers_injured, 0.0 passengers_killed, 0.0 pedestrian_injured, 0.0 pedestrian_killed, Fair (Day), EDSA F. B. Harrison St. Pasay",MMDA Road Safety Unit,,b0ca326e-3e85-47a7-b4c0-b20723e6f856,2013-03-05,06:45:00,"EDSA at ""U"" turn slot, P. Celle St. Pasay",0,0,0,0,0,0,0,0,0,0,2013-03-05 14:45,Property,14.5378679,120.9956516,No Collision Stated
None,EDSA,None,None,"No Accident Factor, No Collision Stated (based on Police Blotter Book), 0.0 drivers_injured, 0.0 drivers_killed, 0.0 passengers_injured, 0.0 passengers_killed, 0.0 pedestrian_injured, 0.0 pedestrian_killed, Fair (Night), EDSA Roxas Blvd. Pasay",MMDA Road Safety Unit,,4bfab30c-2829-41f9-b40e-63e7ff0a16e8,2013-03-02,12:30:00,EDSA C. Jose St. Pasay,0,0,0,0,0,0,0,0,0,0,2013-03-02 20:30,Property,14.53725136,120.9928775,No Collision Stated
None,EDSA,None,None,"No Accident Factor, No Collision Stated (based on Police Blotter Book), 0.0 drivers_injured, 0.0 drivers_killed, 0.0 passengers_injured, 0.0 passengers_killed, 0.0 pedestrian_injured, 0.0 pedestrian_killed, Fair (Day), EDSA C. Jose St. Pasay",MMDA Road Safety Unit,,2f58f3d5-caf7-4874-8768-73d4a96b11b2,2013-03-02,04:30:00,EDSA fronting Heritage Hotel Pasay,0,0,0,0,0,0,0,0,0,0,2013-03-02 12:30,Property,14.53873461,121.0107828,No Collision Stated
None,EDSA,None,None,"No Accident Factor, No Collision Stated (based on Police Blotter Book), 0.0 drivers_injured, 0.0 drivers_killed, 0.0 passengers_injured, 0.0 passengers_killed, 0.0 pedestrian_injured, 0.0 pedestrian_killed, Fair (Day), EDSA fronting Genesis Bus Terminal Pasay",MMDA Road Safety Unit,,4f884ae1-11e3-4dab-a03a-18b3e95e7ddd,2013-02-27,00:40:00,"EDSA at ""U"" turn slot, fronting Toyota Manila Bay Pasay",0,0,0,0,0,0,0,0,0,0,2013-02-27 8:40,Property,14.53744594,121.0009613,No Collision Stated
None,EDSA,None,None,"No Accident Factor, No Collision Stated (based on Police Blotter Book), 0.0 drivers_injured, 0.0 drivers_killed, 0.0 passengers_injured, 0.0 passengers_killed, 0.0 pedestrian_injured, 0.0 pedestrian_killed, Fair (Night), EDSA Roxas Blvd. Pasay",MMDA Road Safety Unit,,727f3dbc-6b8a-49bc-a3a6-c00c71c96680,2013-02-26,12:30:00,EDSA Taft Ave. Pasay,0,0,0,0,0,0,0,0,0,0,2013-02-26 20:30,Property,14.53725136,120.9928775,No Collision Stated
None,EDSA,None,None,"No Accident Factor, No Collision Stated (based on Police Blotter Book), 0.0 drivers_injured, 0.0 drivers_killed, 0.0 passengers_injured, 0.0 passengers_killed, 0.0 pedestrian_injured, 0.0 pedestrian_killed, Fair (Night), EDSA Taft Ave. Pasay",MMDA Road Safety Unit,,ed0f66e9-36a5-4bf2-9690-f5db773c3923,2013-02-26,11:00:00,EDSA Taft Ave. Pasay,0,0,0,0,0,0,0,0,0,0,2013-02-26 19:00,Property,14.53775951,121.0007229,No Collision Stated
None,EDSA,None,None,"No Accident Factor, No Collision Stated (based on Police Blotter Book), 0.0 drivers_injured, 0.0 drivers_killed, 0.0 passengers_injured, 0.0 passengers_killed, 0.0 pedestrian_injured, 0.0 pedestrian_killed, Fair (Day), EDSA Pres. Diosdado Macapagal Blvd. Pasay",MMDA Road Safety Unit,,b28abe73-29be-44d8-bdf0-a1b4a92521c9,2013-02-23,22:00:00,EDSA Cabrera St. Pasay,0,0,0,0,0,0,0,0,0,0,2013-02-24 6:00,Property,14.53619237,120.9889562,No Collision Stated
None,EDSA,None,None,"No Accident Factor, No Collision Stated (based on Police Blotter Book), 0.0 drivers_injured, 0.0 drivers_killed, 0.0 passengers_injured, 0.0 passengers_killed, 0.0 pedestrian_injured, 0.0 pedestrian_killed, Fair (Night), EDSA Taft Ave. Pasay",MMDA Road Safety Unit,,489daa58-d1f2-4d57-823f-d4a12a85a5c1,2013-02-22,13:45:00,EDSA Dimple Bus Terminal Pasay,0,0,0,0,0,0,0,0,0,0,2013-02-22 21:45,Property,14.53775951,121.0007229,No Collision Stated
None,EDSA,None,None,"No Accident Factor, No Collision Stated (based on Police Blotter Book), 0.0 drivers_injured, 0.0 drivers_killed, 0.0 passengers_injured, 0.0 passengers_killed, 0.0 pedestrian_injured, 0.0 pedestrian_killed, Fair (Day), EDSA fronting MRT-Taft Ave. Terminal Pasay",MMDA Road Safety Unit,,6706cae6-7fde-4210-a1db-c901cb026b7c,2013-02-22,07:30:00,EDSA Pres. Diosdado Macapagal Blvd. Pasay,0,0,0,0,0,0,0,0,0,0,2013-02-22 15:30,Property,14.53764666,121.0013967,No Collision Stated
None,EDSA,None,None,"No Accident Factor, No Collision Stated (based on Police Blotter Book), 0.0 drivers_injured, 0.0 drivers_killed, 0.0 passengers_injured, 0.0 passengers_killed, 0.0 pedestrian_injured, 0.0 pedestrian_killed, Fair (Day), EDSA at ""U"" turn slot, P. Celle St. Pasay",MMDA Road Safety Unit,,3586bf16-834b-49eb-a70f-a38f625f2cd2,2013-02-22,02:00:00,EDSA Taft Ave. Pasay,0,0,0,0,0,0,0,0,0,0,2013-02-22 10:00,Property,14.53777137,120.9974781,No Collision Stated
None,EDSA,None,None,"No Accident Factor, No Collision Stated (based on Police Blotter Book), 0.0 drivers_injured, 0.0 drivers_killed, 0.0 passengers_injured, 0.0 passengers_killed, 0.0 pedestrian_injured, 0.0 pedestrian_killed, Fair (Night), EDSA C. Jose St. Pasay",MMDA Road Safety Unit,,30c7af4f-7a5f-4729-8b1b-979ca920e7ed,2013-02-21,21:00:00,EDSA Auto Mall Pasay,0,0,0,0,0,0,0,0,0,0,2013-02-22 5:00,Property,14.53873461,121.0107828,No Collision Stated
None,EDSA,None,None,"No Accident Factor, No Collision Stated (based on Police Blotter Book), 0.0 drivers_injured, 0.0 drivers_killed, 0.0 passengers_injured, 0.0 passengers_killed, 0.0 pedestrian_injured, 0.0 pedestrian_killed, Fair (Day), EDSA fronting Heritage Hotel Pasay",MMDA Road Safety Unit,,6bc9319a-58db-4ce0-a0d4-6d00cac8cce9,2013-02-21,00:00:00,EDSA before C. Jose St. Pasay,0,0,0,0,0,0,0,0,0,0,2013-02-21 8:00,Property,14.5372421,120.9936671,No Collision Stated
None,EDSA,None,None,"No Accident Factor, No Collision Stated (based on Police Blotter Book), 0.0 drivers_injured, 0.0 drivers_killed, 0.0 passengers_injured, 0.0 passengers_killed, 0.0 pedestrian_injured, 0.0 pedestrian_killed, Fair (Day), EDSA at ""U"" turn slot, fronting Toyota Manila Bay Pasay",MMDA Road Safety Unit,,5c40f49f-f071-47d3-ae71-bd0e3d8ca3af,2013-02-19,08:15:00,EDSA SM Mall of Asia Circle Pasay,0,0,0,0,0,0,0,0,0,0,2013-02-19 16:15,Property,14.53672377,120.9911389,No Collision Stated
None,EDSA,None,None,"No Accident Factor, No Collision Stated (based on Police Blotter Book), 0.0 drivers_injured, 0.0 drivers_killed, 0.0 passengers_injured, 0.0 passengers_killed, 0.0 pedestrian_injured, 0.0 pedestrian_killed, Fair (Night), EDSA Taft Ave. Pasay",MMDA Road Safety Unit,,aa79d290-e257-46c9-81a1-1488b631874c,2013-02-18,17:45:00,EDSA Park Ave. Pasay,0,0,0,0,0,0,0,0,0,0,2013-02-19 1:45,Property,14.53775951,121.0007229,No Collision Stated
None,EDSA,None,None,"No Accident Factor, No Collision Stated (based on Police Blotter Book), 0.0 drivers_injured, 0.0 drivers_killed, 0.0 passengers_injured, 0.0 passengers_killed, 0.0 pedestrian_injured, 0.0 pedestrian_killed, Fair (Day), EDSA Taft Ave. Pasay",MMDA Road Safety Unit,,42cfd07f-d314-4dcd-b5f3-0d6c6c53dd63,2013-02-18,06:30:00,EDSA Mahal Kita Hotel Pasay,0,0,0,0,0,0,0,0,0,0,2013-02-18 14:30,Property,14.53775951,121.0007229,No Collision Stated
None,EDSA,None,None,"No Accident Factor, No Collision Stated (based on Police Blotter Book), 0.0 drivers_injured, 0.0 drivers_killed, 0.0 passengers_injured, 0.0 passengers_killed, 0.0 pedestrian_injured, 0.0 pedestrian_killed, Fair (Day), EDSA Cabrera St. Pasay",MMDA Road Safety Unit,,ac4e00ce-9465-426f-af6e-391f89d8db3c,2013-02-17,05:15:00,EDSA E. Rodriguez Pasay,0,0,0,0,0,0,0,0,0,0,2013-02-17 13:15,Property,14.53817493,121.0048575,No Collision Stated
None,EDSA,None,None,"No Accident Factor, No Collision Stated (based on Police Blotter Book), 0.0 drivers_injured, 0.0 drivers_killed, 0.0 passengers_injured, 0.0 passengers_killed, 0.0 pedestrian_injured, 0.0 pedestrian_killed, Fair (Day), EDSA Dimple Bus Terminal Pasay",MMDA Road Safety Unit,,7e595c89-2321-4ec8-872b-0a54a1dd14b0,2013-02-16,04:00:00,EDSA Taft Ave. Pasay,0,0,0,0,0,0,0,0,0,0,2013-02-16 12:00,Property,14.53805907,121.0056733,No Collision Stated
None,EDSA,None,None,"No Accident Factor, No Collision Stated (based on Police Blotter Book), 0.0 drivers_injured, 0.0 drivers_killed, 0.0 passengers_injured, 0.0 passengers_killed, 0.0 pedestrian_injured, 0.0 pedestrian_killed, Fair (Day), EDSA Pres. Diosdado Macapagal Blvd. Pasay",MMDA Road Safety Unit,,a5b4049f-8dae-48cb-8882-a9129856bb28,2013-02-15,00:55:00,EDSA F. B. Harrison St. Pasay,0,0,0,0,0,0,0,0,0,0,2013-02-15 8:55,Property,14.53619237,120.9889562,No Collision Stated
None,EDSA,None,None,"No Accident Factor, No Collision Stated (based on Police Blotter Book), 0.0 drivers_injured, 0.0 drivers_killed, 0.0 passengers_injured, 0.0 passengers_killed, 0.0 pedestrian_injured, 0.0 pedestrian_killed, Fair (Night), EDSA Taft Ave. Pasay",MMDA Road Safety Unit,,59e05cea-f6a7-401e-ae2c-4769500fe958,2013-02-11,13:30:00,EDSA Aurora Blvd. (Tramo) Pasay,0,0,0,0,0,0,0,0,0,0,2013-02-11 21:30,Property,14.53775951,121.0007229,No Collision Stated