LOCATION_TEXT,ROAD,WEATHER,LIGHT,DESC,REPORTING_AGENCY,MAIN_CAUSE,INCIDENTDETAILS_ID,DATE_UTC,TIME_UTC,ADDRESS,killed_driver,killed_passenger,killed_pedestrian,injured_driver,injured_passenger,injured_pedestrian,killed_uncategorized,injured_uncategorized,killed_total,injured_total,DATETIME_PST,SEVERITY,Y,X,COLLISION_TYPE
None,EDSA,None,None,"No Accident Factor, No Collision Stated (based on Police Blotter Book), 0.0 drivers_injured, 0.0 drivers_killed, 0.0 passengers_injured, 0.0 passengers_killed, 0.0 pedestrian_injured, 0.0 pedestrian_killed, Fair (Night), EDSA Auto Mall Pasay",MMDA Road Safety Unit,,bdf1919c-d38a-429b-aa2a-a86193ddf4c1,2013-02-11,12:40:00,"EDSA at ""U"" turn slot, fronting Heritage Hotel Pasay",0,0,0,0,0,0,0,0,0,0,2013-02-11 20:40,Property,14.5378814,120.9972304,No Collision Stated
None,EDSA,None,None,"No Accident Factor, Rear-end (Multiple), 0.0 drivers_injured, 1.0 drivers_killed, 0.0 passengers_injured, 0.0 passengers_killed, 0.0 pedestrian_injured, 0.0 pedestrian_killed, Fair (Night), EDSA before C. Jose St. Pasay",MMDA Road Safety Unit,,ccd1d389-b33b-4ba4-b915-26b697ce0f8f,2013-02-10,10:30:00,EDSA Taft Ave. Pasay,1,0,0,0,0,0,0,0,1,0,2013-02-10 18:30,Fatal,14.53861972,121.0105462,Rear-End
None,EDSA,None,None,"No Accident Factor, No Collision Stated (based on Police Blotter Book), 0.0 drivers_injured, 0.0 drivers_killed, 0.0 passengers_injured, 0.0 passengers_killed, 0.0 pedestrian_injured, 0.0 pedestrian_killed, Fair (Day), EDSA SM Mall of Asia Circle Pasay",MMDA Road Safety Unit,,cfab2f5c-fd08-4122-a87a-2a168d227b2c,2013-02-10,09:30:00,EDSA Pres. Diosdado Macapagal Blvd. Pasay,0,0,0,0,0,0,0,0,0,0,2013-02-10 17:30,Property,14.5353884,120.9849103,No Collision Stated
None,EDSA,None,None,"No Accident Factor, No Collision Stated (based on Police Blotter Book), 0.0 drivers_injured, 0.0 drivers_killed, 0.0 passengers_injured, 0.0 passengers_killed, 0.0 pedestrian_injured, 0.0 pedestrian_killed, Fair (Day), EDSA Park Ave. Pasay",MMDA Road Safety Unit,,db0474b6-3704-453c-8bce-25f906871752,2013-02-07,06:20:00,EDSA Pres. Diosdado Macapagal Blvd. Pasay,0,0,0,0,0,0,0,0,0,0,2013-02-07 14:20,Property,14.53774622,120.9982843,No Collision Stated
None,EDSA,None,None,"No Accident Factor, No Collision Stated (based on Police Blotter Book), 0.0 drivers_injured, 0.0 drivers_killed, 0.0 passengers_injured, 0.0 passengers_killed, 0.0 pedestrian_injured, 0.0 pedestrian_killed, Fair (Day), EDSA Mahal Kita Hotel Pasay",MMDA Road Safety Unit,,d9a38f3f-7cf4-46cd-af28-c31590261c2c,2013-02-06,00:45:00,EDSA Taft Ave. Pasay,0,0,0,0,0,0,0,0,0,0,2013-02-06 8:45,Property,14.53743819,120.9997641,No Collision Stated
None,EDSA,None,None,"No Accident Factor, No Collision Stated (based on Police Blotter Book), 0.0 drivers_injured, 0.0 drivers_killed, 0.0 passengers_injured, 0.0 passengers_killed, 0.0 pedestrian_injured, 0.0 pedestrian_killed, Fair (Night), EDSA E. Rodriguez Pasay",MMDA Road Safety Unit,,b91e9b29-33cb-4c7a-a1bd-95a8475d80c7,2013-02-05,11:05:00,EDSA before C. Jose St. Pasay,0,0,0,0,0,0,0,0,0,0,2013-02-05 19:05,Property,14.53836867,121.0085613,No Collision Stated
None,EDSA,None,None,"No Accident Factor, No Collision Stated (based on Police Blotter Book), 0.0 drivers_injured, 0.0 drivers_killed, 0.0 passengers_injured, 0.0 passengers_killed, 0.0 pedestrian_injured, 0.0 pedestrian_killed, Fair (Day), EDSA Taft Ave. Pasay",MMDA Road Safety Unit,,be4c653d-b425-4c08-84fe-ce1f87f14fd9,2013-02-05,08:00:00,EDSA Cabrera St. Pasay,0,0,0,0,0,0,0,0,0,0,2013-02-05 16:00,Property,14.53775951,121.0007229,No Collision Stated
None,EDSA,None,None,"No Accident Factor, No Collision Stated (based on Police Blotter Book), 0.0 drivers_injured, 0.0 drivers_killed, 0.0 passengers_injured, 0.0 passengers_killed, 0.0 pedestrian_injured, 0.0 pedestrian_killed, Fair (Night), EDSA F. B. Harrison St. Pasay",MMDA Road Safety Unit,,480f0278-46bd-4b2b-bce3-54074468ddb0,2013-02-02,11:20:00,EDSA F. B. Harrison St. Pasay,0,0,0,0,0,0,0,0,0,0,2013-02-02 19:20,Property,14.5378679,120.9956516,No Collision Stated
None,EDSA,None,None,"No Accident Factor, No Collision Stated (based on Police Blotter Book), 0.0 drivers_injured, 0.0 drivers_killed, 0.0 passengers_injured, 0.0 passengers_killed, 0.0 pedestrian_injured, 0.0 pedestrian_killed, Fair (Night), EDSA Aurora Blvd. (Tramo) Pasay",MMDA Road Safety Unit,,be63828a-5dda-4575-acec-e147dd73fd1e,2013-02-02,10:30:00,EDSA fronting Heritage Hotel Pasay,0,0,0,0,0,0,0,0,0,0,2013-02-02 18:30,Property,14.53779864,121.0033477,No Collision Stated
None,EDSA,None,None,"No Accident Factor, No Collision Stated (based on Police Blotter Book), 0.0 drivers_injured, 0.0 drivers_killed, 0.0 passengers_injured, 0.0 passengers_killed, 0.0 pedestrian_injured, 0.0 pedestrian_killed, Fair (Day), EDSA at ""U"" turn slot, fronting Heritage Hotel Pasay",MMDA Road Safety Unit,,a62c597b-3cc2-488b-a612-58fc0fb49660,2013-01-30,23:40:00,EDSA Aurora Blvd. (Tramo) Pasay,0,0,0,0,0,0,0,0,0,0,2013-01-31 7:40,Property,14.53735565,120.9938305,No Collision Stated
None,EDSA,None,None,"No Accident Factor, No Collision Stated (based on Police Blotter Book), 0.0 drivers_injured, 0.0 drivers_killed, 0.0 passengers_injured, 0.0 passengers_killed, 0.0 pedestrian_injured, 0.0 pedestrian_killed, Fair (Day), EDSA Taft Ave. Pasay",MMDA Road Safety Unit,,ddea9dfb-ef7d-4b8d-a05d-02e06d9a66f1,2013-01-25,05:15:00,EDSA F. B. Harrison St. Pasay,0,0,0,0,0,0,0,0,0,0,2013-01-25 13:15,Property,14.53775951,121.0007229,No Collision Stated
None,EDSA,None,None,"No Accident Factor, No Collision Stated (based on Police Blotter Book), 0.0 drivers_injured, 0.0 drivers_killed, 0.0 passengers_injured, 0.0 passengers_killed, 0.0 pedestrian_injured, 0.0 pedestrian_killed, Fair (Day), EDSA Pres. Diosdado Macapagal Blvd. Pasay",MMDA Road Safety Unit,,97806c7f-4a7c-4aa6-920b-2a32537b4059,2013-01-24,04:20:00,EDSA before P. Celle St. Pasay,0,0,0,0,0,0,0,0,0,0,2013-01-24 12:20,Property,14.53619237,120.9889562,No Collision Stated
None,EDSA,None,None,"No Accident Factor, No Collision Stated (based on Police Blotter Book), 0.0 drivers_injured, 0.0 drivers_killed, 0.0 passengers_injured, 0.0 passengers_killed, 0.0 pedestrian_injured, 0.0 pedestrian_killed, Fair (Night), EDSA Pres. Diosdado Macapagal Blvd. Pasay",MMDA Road Safety Unit,,f476cd80-b07e-422d-8a90-99288f4302c4,2013-01-23,10:30:00,EDSA fronting PTT Gas Station Pasay,0,0,0,0,0,0,0,0,0,0,2013-01-23 18:30,Property,14.53619237,120.9889562,No Collision Stated
None,EDSA,None,None,"No Accident Factor, No Collision Stated (based on Police Blotter Book), 0.0 drivers_injured, 0.0 drivers_killed, 0.0 passengers_injured, 0.0 passengers_killed, 0.0 pedestrian_injured, 0.0 pedestrian_killed, Fair (Day), EDSA Taft Ave. Pasay",MMDA Road Safety Unit,,c783f071-57bd-422d-b820-59e8f9756dcb,2013-01-22,07:00:00,EDSA fronting Sogo Hotel Pasay,0,0,0,0,0,0,0,0,0,0,2013-01-22 15:00,Property,14.53775951,121.0007229,No Collision Stated
None,EDSA,None,None,"No Accident Factor, No Collision Stated (based on Police Blotter Book), 0.0 drivers_injured, 0.0 drivers_killed, 0.0 passengers_injured, 0.0 passengers_killed, 0.0 pedestrian_injured, 0.0 pedestrian_killed, Fair (Day), EDSA before C. Jose St. Pasay",MMDA Road Safety Unit,,142efc03-a1e1-4c99-b9a7-38c2644ca8ba,2013-01-21,04:30:00,EDSA F. B. Harrison St. Pasay,0,0,0,0,0,0,0,0,0,0,2013-01-21 12:30,Property,14.53861972,121.0105462,No Collision Stated
None,EDSA,None,None,"No Accident Factor, No Collision Stated (based on Police Blotter Book), 0.0 drivers_injured, 0.0 drivers_killed, 3.0 passengers_injured, 0.0 passengers_killed, 0.0 pedestrian_injured, 0.0 pedestrian_killed, Fair (Night), EDSA Cabrera St. Pasay",MMDA Road Safety Unit,,9cb9997a-52c8-4392-a844-44706e33932c,2013-01-19,21:50:00,"EDSA at ""U"" turn slot, fronting Heritage Hotel Pasay",0,0,0,0,3,0,0,0,0,3,2013-01-20 5:50,Injury,14.53817493,121.0048575,No Collision Stated
None,EDSA,None,None,"No Accident Factor, No Collision Stated (based on Police Blotter Book), 0.0 drivers_injured, 1.0 drivers_killed, 0.0 passengers_injured, 0.0 passengers_killed, 0.0 pedestrian_injured, 0.0 pedestrian_killed, Fair (Night), EDSA F. B. Harrison St. Pasay",MMDA Road Safety Unit,,5ebe6123-5ba8-4d51-a464-afe5cac2ddf4,2013-01-19,20:30:00,EDSA Roxas Blvd. Pasay,1,0,0,0,0,0,0,0,1,0,2013-01-20 4:30,Fatal,14.5378679,120.9956516,No Collision Stated
None,EDSA,None,None,"No Accident Factor, No Collision Stated (based on Police Blotter Book), 0.0 drivers_injured, 0.0 drivers_killed, 0.0 passengers_injured, 0.0 passengers_killed, 0.0 pedestrian_injured, 0.0 pedestrian_killed, Fair (Day), EDSA fronting Heritage Hotel Pasay",MMDA Road Safety Unit,,40de2b88-a4c6-4abe-845d-a70793d6f496,2013-01-18,09:15:00,EDSA Cabrera St. Pasay,0,0,0,0,0,0,0,0,0,0,2013-01-18 17:15,Property,14.5372421,120.9936671,No Collision Stated
None,EDSA,None,None,"No Accident Factor, No Collision Stated (based on Police Blotter Book), 0.0 drivers_injured, 0.0 drivers_killed, 0.0 passengers_injured, 0.0 passengers_killed, 0.0 pedestrian_injured, 0.0 pedestrian_killed, Fair (Night), EDSA Aurora Blvd. (Tramo) Pasay",MMDA Road Safety Unit,,31d45c35-5562-431f-815f-f33acdff1f0f,2013-01-15,11:15:00,EDSA fronting Toyota Manila Bay Pasay,0,0,0,0,0,0,0,0,0,0,2013-01-15 19:15,Property,14.53779864,121.0033477,No Collision Stated
None,EDSA,None,None,"No Accident Factor, No Collision Stated (based on Police Blotter Book), 0.0 drivers_injured, 0.0 drivers_killed, 0.0 passengers_injured, 0.0 passengers_killed, 0.0 pedestrian_injured, 0.0 pedestrian_killed, Fair (Day), EDSA F. B. Harrison St. Pasay",MMDA Road Safety Unit,,4f57a51b-1ebe-47f7-a37e-da6fcc4bc7b3,2013-01-15,09:30:00,EDSA Taft Ave. Pasay,0,0,0,0,0,0,0,0,0,0,2013-01-15 17:30,Property,14.5378679,120.9956516,No Collision Stated
None,EDSA,None,None,"No Accident Factor, No Collision Stated (based on Police Blotter Book), 0.0 drivers_injured, 0.0 drivers_killed, 0.0 passengers_injured, 0.0 passengers_killed, 0.0 pedestrian_injured, 0.0 pedestrian_killed, Fair (Day), EDSA before P. Celle St. Pasay",MMDA Road Safety Unit,,f2b65729-2191-4f47-97cc-febeb8fd9cb1,2013-01-15,08:55:00,EDSA fronting Kabayan Hotel Pasay,0,0,0,0,0,0,0,0,0,0,2013-01-15 16:55,Property,14.53785693,120.9975728,No Collision Stated
None,EDSA,None,None,"No Accident Factor, No Collision Stated (based on Police Blotter Book), 0.0 drivers_injured, 0.0 drivers_killed, 0.0 passengers_injured, 0.0 passengers_killed, 0.0 pedestrian_injured, 0.0 pedestrian_killed, Fair (Night), EDSA fronting PTT Gas Station Pasay",MMDA Road Safety Unit,,ec3bdfe2-db79-4c6d-80b2-2ee6d0ce19ee,2013-01-14,12:00:00,EDSA Taft Ave. Pasay,0,0,0,0,0,0,0,0,0,0,2013-01-14 20:00,Property,14.5377104,120.9993649,No Collision Stated
None,EDSA,None,None,"No Accident Factor, No Collision Stated (based on Police Blotter Book), 0.0 drivers_injured, 0.0 drivers_killed, 0.0 passengers_injured, 0.0 passengers_killed, 0.0 pedestrian_injured, 0.0 pedestrian_killed, Fair (Day), EDSA fronting Sogo Hotel Pasay",MMDA Road Safety Unit,,3aef1a3a-621a-4bb6-8523-384526252b29,2013-01-13,06:30:00,EDSA Taft Ave. Pasay,0,0,0,0,0,0,0,0,0,0,2013-01-13 14:30,Property,14.53741805,121.0012156,No Collision Stated
None,EDSA,None,None,"No Accident Factor, No Collision Stated (based on Police Blotter Book), 0.0 drivers_injured, 0.0 drivers_killed, 0.0 passengers_injured, 0.0 passengers_killed, 0.0 pedestrian_injured, 0.0 pedestrian_killed, Fair (Day), EDSA F. B. Harrison St. Pasay",MMDA Road Safety Unit,,b7daabb2-88cb-462a-8b31-f3861792739b,2013-01-08,09:00:00,"EDSA before Circle, SM Mall of Asia Pasay",0,0,0,0,0,0,0,0,0,0,2013-01-08 17:00,Property,14.5378679,120.9956516,No Collision Stated
None,EDSA,None,None,"No Accident Factor, Hit and Run (No Collision Stated), 0.0 drivers_injured, 0.0 drivers_killed, 0.0 passengers_injured, 0.0 passengers_killed, 0.0 pedestrian_injured, 0.0 pedestrian_killed, Fair (Day), EDSA at ""U"" turn slot, fronting Heritage Hotel Pasay",MMDA Road Safety Unit,,e9568c44-edeb-4622-bbf6-680d39e66f6e,2013-01-07,00:00:00,EDSA E. Rodriguez St. Pasay,0,0,0,0,0,0,0,0,0,0,2013-01-07 8:00,Property,14.53735565,120.9938305,No Collision Stated
None,EDSA,None,None,"No Accident Factor, No Collision Stated (based on Police Blotter Book), 0.0 drivers_injured, 0.0 drivers_killed, 0.0 passengers_injured, 0.0 passengers_killed, 0.0 pedestrian_injured, 0.0 pedestrian_killed, Fair (Day), EDSA Roxas Blvd. Pasay",MMDA Road Safety Unit,,65581668-635b-4411-af33-0e40ccb4b472,2013-01-06,22:15:00,EDSA Taft Ave. Pasay,0,0,0,0,0,0,0,0,0,0,2013-01-07 6:15,Property,14.53725136,120.9928775,No Collision Stated
None,EDSA,None,None,"No Accident Factor, No Collision Stated (based on Police Blotter Book), 0.0 drivers_injured, 0.0 drivers_killed, 0.0 passengers_injured, 0.0 passengers_killed, 0.0 pedestrian_injured, 0.0 pedestrian_killed, Fair (Night), EDSA Cabrera St. Pasay",MMDA Road Safety Unit,,84119b59-56d8-4bd2-a186-120970bcb783,2013-01-06,18:45:00,EDSA  Taft Ave. Pasay,0,0,0,0,0,0,0,0,0,0,2013-01-07 2:45,Property,14.53817493,121.0048575,No Collision Stated
None,EDSA,None,None,"No Accident Factor, No Collision Stated (based on Police Blotter Book), 0.0 drivers_injured, 0.0 drivers_killed, 0.0 passengers_injured, 0.0 passengers_killed, 0.0 pedestrian_injured, 0.0 pedestrian_killed, Fair (Night), EDSA fronting Toyota Manila Bay Pasay",MMDA Road Safety Unit,,192f3812-5b10-4b8a-bea2-647db86dc407,2013-01-06,14:10:00,EDSA Taft Ave. Pasay,0,0,0,0,0,0,0,0,0,0,2013-01-06 22:10,Property,14.53701539,120.9920619,No Collision Stated
None,EDSA,None,None,"No Accident Factor, Hit and Run (No Collision Stated), 0.0 drivers_injured, 0.0 drivers_killed, 0.0 passengers_injured, 0.0 passengers_killed, 0.0 pedestrian_injured, 0.0 pedestrian_killed, Fair (Night), EDSA Taft Ave. Pasay",MMDA Road Safety Unit,,077c7e9d-510d-4d59-a96d-d4439684ff74,2013-01-06,13:00:00,EDSA Victory Liner Bus Terminal Pasay,0,0,0,0,0,0,0,0,0,0,2013-01-06 21:00,Property,14.53775951,121.0007229,No Collision Stated
None,EDSA,None,None,"No Accident Factor, No Collision Stated (based on Police Blotter Book), 0.0 drivers_injured, 0.0 drivers_killed, 0.0 passengers_injured, 0.0 passengers_killed, 0.0 pedestrian_injured, 0.0 pedestrian_killed, Fair (Night), EDSA fronting Kabayan Hotel Pasay",MMDA Road Safety Unit,,54b99b55-9818-4536-989a-8bdb97505a5c,2013-01-03,21:30:00,EDSA Victory Liner Bus Terminal Pasay,0,0,0,0,0,0,0,0,0,0,2013-01-04 5:30,Property,14.53775899,121.0016559,No Collision Stated
None,EDSA,None,None,"No Accident Factor, No Collision Stated (based on Police Blotter Book), 0.0 drivers_injured, 0.0 drivers_killed, 0.0 passengers_injured, 0.0 passengers_killed, 0.0 pedestrian_injured, 0.0 pedestrian_killed, Fair (Day), EDSA Taft Ave. Pasay",MMDA Road Safety Unit,,c20469a5-549d-4e2f-a2d8-d6cee295e229,2013-01-03,04:00:00,EDSA  Adela Cruz St. Pasay,0,0,0,0,0,0,0,0,0,0,2013-01-03 12:00,Property,14.53775951,121.0007229,No Collision Stated
None,EDSA,None,None,"No Accident Factor, No Collision Stated (based on Police Blotter Book), 0.0 drivers_injured, 0.0 drivers_killed, 0.0 passengers_injured, 0.0 passengers_killed, 0.0 pedestrian_injured, 0.0 pedestrian_killed, Fair (Night), EDSA Taft Ave. Pasay",MMDA Road Safety Unit,,5c0627ea-e37d-43ba-b3dc-98b5c0315e2c,2013-01-02,14:25:00,EDSA before E. Rodriguez St. Pasay,0,0,0,0,0,0,0,0,0,0,2013-01-02 22:25,Property,14.53775951,121.0007229,No Collision Stated
None,EDSA,None,None,"No Accident Factor, No Collision Stated (based on Police Blotter Book), 0.0 drivers_injured, 0.0 drivers_killed, 0.0 passengers_injured, 0.0 passengers_killed, 0.0 pedestrian_injured, 0.0 pedestrian_killed, Fair (Night), EDSA before Circle, SM Mall of Asia Pasay",MMDA Road Safety Unit,,aebc09f7-1fee-402f-82d2-744e0e2ef7a7,2012-12-31,20:45:00,EDSA before MRT-EDSA Station Pasay,0,0,0,0,0,0,0,0,0,0,2013-01-01 4:45,Property,14.53553791,120.9850511,No Collision Stated
None,EDSA,None,None,"No Accident Factor, No Collision Stated (based on Police Blotter Book), 0.0 drivers_injured, 0.0 drivers_killed, 0.0 passengers_injured, 0.0 passengers_killed, 0.0 pedestrian_injured, 0.0 pedestrian_killed, Fair (Night), EDSA E. Rodriguez St. Pasay",MMDA Road Safety Unit,,4d59b7c0-0828-49a3-b34f-d2f3d5b8d3db,2012-12-29,14:10:00,Edsa P. Celle St. Pasay,0,0,0,0,0,0,0,0,0,0,2012-12-29 22:10,Property,14.53836867,121.0085613,No Collision Stated
None,EDSA,None,None,"No Accident Factor, No Collision Stated (based on Police Blotter Book), 0.0 drivers_injured, 0.0 drivers_killed, 0.0 passengers_injured, 0.0 passengers_killed, 0.0 pedestrian_injured, 0.0 pedestrian_killed, Fair (Day), EDSA Taft Ave. Pasay",MMDA Road Safety Unit,,46ffba42-5993-494f-b2b7-9e0db38c78cd,2012-12-28,07:30:00,Edsa Taft Ave.  Pasay,0,0,0,0,0,0,0,0,0,0,2012-12-28 15:30,Property,14.53775951,121.0007229,No Collision Stated
None,EDSA,None,None,"No Accident Factor, No Collision Stated (based on Police Blotter Book), 0.0 drivers_injured, 0.0 drivers_killed, 0.0 passengers_injured, 0.0 passengers_killed, 0.0 pedestrian_injured, 0.0 pedestrian_killed, Fair (Day), EDSA  Taft Ave. Pasay",MMDA Road Safety Unit,,bb5f2a65-31f2-4815-96bc-03fda72a0ed0,2012-12-28,07:00:00,Edsa Heritage Hotel Pasay,0,0,0,0,0,0,0,0,0,0,2012-12-28 15:00,Property,14.53765557,121.0008015,No Collision Stated
None,EDSA,None,None,"No Accident Factor, Hit and Run (Hit Parked Vehicle), 0.0 drivers_injured, 0.0 drivers_killed, 0.0 passengers_injured, 0.0 passengers_killed, 0.0 pedestrian_injured, 0.0 pedestrian_killed, Fair (Night), EDSA Taft Ave. Pasay",MMDA Road Safety Unit,,72fe6787-a9b4-44b5-9f42-daf092dfd111,2012-12-26,13:30:00,Edsa Taft Ave.  Pasay,0,0,0,0,0,0,0,0,0,0,2012-12-26 21:30,Property,14.53775951,121.0007229,Hit Object
None,EDSA,None,None,"No Accident Factor, No Collision Stated (based on Police Blotter Book), 0.0 drivers_injured, 0.0 drivers_killed, 0.0 passengers_injured, 0.0 passengers_killed, 0.0 pedestrian_injured, 0.0 pedestrian_killed, Fair (Night), EDSA Victory Liner Bus Terminal Pasay",MMDA Road Safety Unit,,a108d223-e6d2-4423-aa36-3e067c383bf4,2012-12-22,14:20:00,Edsa  Taft Ave. Pasay,0,0,0,0,0,0,0,0,0,0,2012-12-22 22:20,Property,14.53839425,121.0066648,No Collision Stated
None,EDSA,None,None,"No Accident Factor, No Collision Stated (based on Police Blotter Book), 0.0 drivers_injured, 0.0 drivers_killed, 0.0 passengers_injured, 0.0 passengers_killed, 0.0 pedestrian_injured, 0.0 pedestrian_killed, Fair (Day), EDSA Victory Liner Bus Terminal Pasay",MMDA Road Safety Unit,,c39f6c49-cff6-4694-9dda-e1bfc2acc06d,2012-12-22,06:55:00,Edsa  Entertainment Center Pasay,0,0,0,0,0,0,0,0,0,0,2012-12-22 14:55,Property,14.53839425,121.0066648,No Collision Stated
None,EDSA,None,None,"No Accident Factor, No Collision Stated (based on Police Blotter Book), 0.0 drivers_injured, 0.0 drivers_killed, 0.0 passengers_injured, 0.0 passengers_killed, 0.0 pedestrian_injured, 0.0 pedestrian_killed, Fair (Day), EDSA  Adela Cruz St. Pasay",MMDA Road Safety Unit,,100cf063-6106-481a-93c3-f1b0ab19d4b2,2012-12-22,03:00:00,Edsa  Taft Ave. Pasay,0,0,0,0,0,0,0,0,0,0,2012-12-22 11:00,Property,14.53794022,121.0045307,No Collision Stated
None,EDSA,None,None,"No Accident Factor, No Collision Stated (based on Police Blotter Book), 0.0 drivers_injured, 0.0 drivers_killed, 0.0 passengers_injured, 0.0 passengers_killed, 0.0 pedestrian_injured, 0.0 pedestrian_killed, Fair (Night), EDSA before E. Rodriguez St. Pasay",MMDA Road Safety Unit,,874e3ae5-7c6b-4072-a9e1-0f7fb5c31ca1,2012-12-21,10:30:00,EDSA Victory Liner Bus Terminal Pasay,0,0,0,0,0,0,0,0,0,0,2012-12-21 18:30,Property,14.53837278,121.0083921,No Collision Stated
None,EDSA,None,None,"No Accident Factor, No Collision Stated (based on Police Blotter Book), 0.0 drivers_injured, 0.0 drivers_killed, 0.0 passengers_injured, 0.0 passengers_killed, 0.0 pedestrian_injured, 0.0 pedestrian_killed, Fair (Night), EDSA before MRT-EDSA Station Pasay",MMDA Road Safety Unit,,693316eb-4e82-4c1a-a2d2-d152ea0d7c54,2012-12-13,12:40:00,EDSA Taft Ave. Pasay,0,0,0,0,0,0,0,0,0,0,2012-12-13 20:40,Property,14.53774418,121.0016913,No Collision Stated
None,EDSA,None,None,"No Accident Factor, No Collision Stated (based on Police Blotter Book), 0.0 drivers_injured, 0.0 drivers_killed, 0.0 passengers_injured, 0.0 passengers_killed, 0.0 pedestrian_injured, 0.0 pedestrian_killed, Fair (Day), Edsa P. Celle St. Pasay",MMDA Road Safety Unit,,0a575d8b-28fc-4e4a-9fd3-c39501692a8f,2012-12-11,23:15:00,EDSA Taft Ave. Pasay,0,0,0,0,0,0,0,0,0,0,2012-12-12 7:15,Property,14.53789911,120.9974276,No Collision Stated
None,EDSA,None,None,"No Accident Factor, No Collision Stated (based on Police Blotter Book), 0.0 drivers_injured, 0.0 drivers_killed, 0.0 passengers_injured, 0.0 passengers_killed, 0.0 pedestrian_injured, 0.0 pedestrian_killed, Fair (Day), Edsa Taft Ave.  Pasay",MMDA Road Safety Unit,,246ab509-7d2e-4c5c-b905-ae24bd568a08,2012-12-10,23:10:00,EDSA Caltex Gas Station Pasay,0,0,0,0,0,0,0,0,0,0,2012-12-11 7:10,Property,14.53775951,121.0007229,No Collision Stated
None,EDSA,None,None,"No Accident Factor, No Collision Stated (based on Police Blotter Book), 0.0 drivers_injured, 0.0 drivers_killed, 0.0 passengers_injured, 0.0 passengers_killed, 0.0 pedestrian_injured, 0.0 pedestrian_killed, Fair (Night), Edsa Heritage Hotel Pasay",MMDA Road Safety Unit,,d31ef485-48e5-444c-960a-0668c9ae3ce8,2012-12-10,15:50:00,EDSA F.B. Harrison St. Pasay,0,0,0,0,0,0,0,0,0,0,2012-12-10 23:50,Property,14.53721957,120.9935015,No Collision Stated
None,EDSA,None,None,"No Accident Factor, No Collision Stated (based on Police Blotter Book), 0.0 drivers_injured, 0.0 drivers_killed, 0.0 passengers_injured, 0.0 passengers_killed, 0.0 pedestrian_injured, 0.0 pedestrian_killed, Fair (Night), Edsa Taft Ave.  Pasay",MMDA Road Safety Unit,,a40364f2-3945-4e9b-9185-bc728ce2c360,2012-12-10,13:10:00,EDSA Rotonda Pasay,0,0,0,0,0,0,0,0,0,0,2012-12-10 21:10,Property,14.53775951,121.0007229,No Collision Stated
None,EDSA,None,None,"No Accident Factor, No Collision Stated (based on Police Blotter Book), 0.0 drivers_injured, 0.0 drivers_killed, 0.0 passengers_injured, 0.0 passengers_killed, 0.0 pedestrian_injured, 0.0 pedestrian_killed, Fair (Day), Edsa  Taft Ave. Pasay",MMDA Road Safety Unit,,d5e7951d-5a2d-4ca5-81b9-5b6dedda826d,2012-12-08,07:00:00,EDSA Rotonda Pasay,0,0,0,0,0,0,0,0,0,0,2012-12-08 15:00,Property,14.53765557,121.0008015,No Collision Stated
None,EDSA,None,None,"No Accident Factor, No Collision Stated (based on Police Blotter Book), 0.0 drivers_injured, 0.0 drivers_killed, 0.0 passengers_injured, 0.0 passengers_killed, 0.0 pedestrian_injured, 0.0 pedestrian_killed, Fair (Night), Edsa  Entertainment Center Pasay",MMDA Road Safety Unit,,84449bc9-58e7-4627-9e6f-f12036c219b3,2012-12-07,17:00:00,EDSA Taft Ave. Pasay,0,0,0,0,0,0,0,0,0,0,2012-12-08 1:00,Property,14.53788566,120.9953413,No Collision Stated
None,EDSA,None,None,"No Accident Factor, No Collision Stated (based on Police Blotter Book), 0.0 drivers_injured, 0.0 drivers_killed, 0.0 passengers_injured, 0.0 passengers_killed, 0.0 pedestrian_injured, 0.0 pedestrian_killed, Fair (Day), Edsa  Taft Ave. Pasay",MMDA Road Safety Unit,,e33274d8-de2d-445b-8d09-5a52f2238d00,2012-12-06,07:15:00,EDSA  Rodriguez St. Pasay,0,0,0,0,0,0,0,0,0,0,2012-12-06 15:15,Property,14.53765557,121.0008015,No Collision Stated
None,EDSA,None,None,"No Accident Factor, No Collision Stated (based on Police Blotter Book), 0.0 drivers_injured, 0.0 drivers_killed, 0.0 passengers_injured, 0.0 passengers_killed, 0.0 pedestrian_injured, 0.0 pedestrian_killed, Fair (Day), EDSA Victory Liner Bus Terminal Pasay",MMDA Road Safety Unit,,6416c46e-a0ca-46ef-9b69-4ea9e32e24cf,2012-11-28,07:55:00,EDSA Cabrera St. Pasay,0,0,0,0,0,0,0,0,0,0,2012-11-28 15:55,Property,14.53839425,121.0066648,No Collision Stated