LOCATION_TEXT,ROAD,WEATHER,LIGHT,DESC,REPORTING_AGENCY,MAIN_CAUSE,INCIDENTDETAILS_ID,DATE_UTC,TIME_UTC,ADDRESS,killed_driver,killed_passenger,killed_pedestrian,injured_driver,injured_passenger,injured_pedestrian,killed_uncategorized,injured_uncategorized,killed_total,injured_total,DATETIME_PST,SEVERITY,Y,X,COLLISION_TYPE
None,EDSA,None,None,"No Accident Factor, No Collision Stated (based on Police Blotter Book), 0.0 drivers_injured, 0.0 drivers_killed, 0.0 passengers_injured, 0.0 passengers_killed, 0.0 pedestrian_injured, 0.0 pedestrian_killed, Fair (Night), EDSA Taft Ave. Pasay",MMDA Road Safety Unit,,266442f4-579a-4bea-a174-606502267c12,2012-11-23,14:00:00,EDSA Park Ave. Pasay,0,0,0,0,0,0,0,0,0,0,2012-11-23 22:00,Property,14.53775951,121.0007229,No Collision Stated
None,EDSA,None,None,"No Accident Factor, No Collision Stated (based on Police Blotter Book), 0.0 drivers_injured, 0.0 drivers_killed, 0.0 passengers_injured, 0.0 passengers_killed, 0.0 pedestrian_injured, 0.0 pedestrian_killed, Fair (Night), EDSA Taft Ave. Pasay",MMDA Road Safety Unit,,ea2d94e0-f632-493e-885d-d05f85d12c7a,2012-11-23,13:00:00,EDSA Victory Liner Bus Terminal Pasay,0,0,0,0,0,0,0,0,0,0,2012-11-23 21:00,Property,14.53775951,121.0007229,No Collision Stated
None,EDSA,None,None,"No Accident Factor, No Collision Stated (based on Police Blotter Book), 0.0 drivers_injured, 0.0 drivers_killed, 0.0 passengers_injured, 0.0 passengers_killed, 0.0 pedestrian_injured, 0.0 pedestrian_killed, Fair (Day), EDSA Caltex Gas Station Pasay",MMDA Road Safety Unit,,26c59149-2bb3-46c5-bc5b-330ba7084920,2012-11-23,06:00:00,EDSA Zamora St. Pasay,0,0,0,0,0,0,0,0,0,0,2012-11-23 14:00,Property,14.53902197,121.0121772,No Collision Stated
None,EDSA,None,None,"No Accident Factor, No Collision Stated (based on Police Blotter Book), 0.0 drivers_injured, 0.0 drivers_killed, 0.0 passengers_injured, 0.0 passengers_killed, 0.0 pedestrian_injured, 0.0 pedestrian_killed, Fair (Day), EDSA F.B. Harrison St. Pasay",MMDA Road Safety Unit,,b3b22d56-1c36-4a2c-aa8d-3324aa69ef8a,2012-11-19,09:45:00,EDSA MRT Station Pasay,0,0,0,0,0,0,0,0,0,0,2012-11-19 17:45,Property,14.53785118,120.9955695,No Collision Stated
None,EDSA,None,None,"No Accident Factor, No Collision Stated (based on Police Blotter Book), 0.0 drivers_injured, 0.0 drivers_killed, 0.0 passengers_injured, 0.0 passengers_killed, 0.0 pedestrian_injured, 0.0 pedestrian_killed, Fair (Day), EDSA Rotonda Pasay",MMDA Road Safety Unit,,3a3fb913-6eb9-4dfb-9278-d9b6f6466510,2012-11-16,08:40:00,EDSA Cabrera St. Pasay,0,0,0,0,0,0,0,0,0,0,2012-11-16 16:40,Property,14.53744344,121.0007766,No Collision Stated
None,EDSA,None,None,"No Accident Factor, Hit and Run (No Collision Stated), 0.0 drivers_injured, 0.0 drivers_killed, 0.0 passengers_injured, 0.0 passengers_killed, 0.0 pedestrian_injured, 0.0 pedestrian_killed, Fair (Day), EDSA Rotonda Pasay",MMDA Road Safety Unit,,ed4103d6-abd3-40a8-894e-6e985f0ee6f1,2012-11-14,02:30:00,EDSA before E. Rodriguez St. Pasay,0,0,0,0,0,0,0,0,0,0,2012-11-14 10:30,Property,14.53744344,121.0007766,No Collision Stated
None,EDSA,None,None,"No Accident Factor, No Collision Stated (based on Police Blotter Book), 0.0 drivers_injured, 0.0 drivers_killed, 0.0 passengers_injured, 0.0 passengers_killed, 0.0 pedestrian_injured, 0.0 pedestrian_killed, Fair (Night), EDSA Taft Ave. Pasay",MMDA Road Safety Unit,,9ac20f6f-660d-4090-9401-92dd7c1d9f36,2012-11-09,13:00:00,EDSA MRT Station Pasay,0,0,0,0,0,0,0,0,0,0,2012-11-09 21:00,Property,14.53775951,121.0007229,No Collision Stated
None,EDSA,None,None,"No Accident Factor, No Collision Stated (based on Police Blotter Book), 0.0 drivers_injured, 0.0 drivers_killed, 0.0 passengers_injured, 0.0 passengers_killed, 0.0 pedestrian_injured, 0.0 pedestrian_killed, Fair (Day), EDSA  Rodriguez St. Pasay",MMDA Road Safety Unit,,7cbbe43c-32ca-4b8b-84ae-7187179a419c,2012-11-02,23:30:00,EDSA Sogo Hotel Pasay,0,0,0,0,0,0,0,0,0,0,2012-11-03 7:30,Property,14.53855489,121.0085731,No Collision Stated
None,EDSA,None,None,"No Accident Factor, No Collision Stated (based on Police Blotter Book), 1.0 drivers_injured, 0.0 drivers_killed, 0.0 passengers_injured, 0.0 passengers_killed, 0.0 pedestrian_injured, 0.0 pedestrian_killed, Fair (Day), EDSA Cabrera St. Pasay",MMDA Road Safety Unit,,6a3239f6-58d9-46e7-9549-70c4b32b6370,2012-10-29,23:45:00,EDSA Taft Ave. (SB) Pasay,0,0,0,1,0,0,0,0,0,1,2012-10-30 7:45,Injury,14.53817493,121.0048575,No Collision Stated
None,EDSA,None,None,"No Accident Factor, No Collision Stated (based on Police Blotter Book), 0.0 drivers_injured, 0.0 drivers_killed, 0.0 passengers_injured, 0.0 passengers_killed, 0.0 pedestrian_injured, 0.0 pedestrian_killed, Fair (Day), EDSA Park Ave. Pasay",MMDA Road Safety Unit,,d1850dd9-b586-4303-9290-85a310c29604,2012-10-28,08:55:00,EDSA Tramo St. Pasay,0,0,0,0,0,0,0,0,0,0,2012-10-28 16:55,Property,14.53774622,120.9982843,No Collision Stated
None,EDSA,None,None,"No Accident Factor, Hit and Run (No Collision Stated), 0.0 drivers_injured, 0.0 drivers_killed, 0.0 passengers_injured, 0.0 passengers_killed, 0.0 pedestrian_injured, 0.0 pedestrian_killed, Fair (Night), EDSA Victory Liner Bus Terminal Pasay",MMDA Road Safety Unit,,28b1250f-4c42-487b-ac57-a1a5e0260822,2012-10-26,12:20:00,EDSA F.B. Harrison St. Pasay,0,0,0,0,0,0,0,0,0,0,2012-10-26 20:20,Property,14.53839425,121.0066648,No Collision Stated
None,EDSA,None,None,"No Accident Factor, No Collision Stated (based on Police Blotter Book), 0.0 drivers_injured, 0.0 drivers_killed, 0.0 passengers_injured, 0.0 passengers_killed, 0.0 pedestrian_injured, 0.0 pedestrian_killed, Fair (Day), EDSA Zamora St. Pasay",MMDA Road Safety Unit,,282e0e5c-ea40-4816-a98c-8c3472a31efd,2012-10-26,08:35:00,EDSA E. Rodriguez St. Pasay,0,0,0,0,0,0,0,0,0,0,2012-10-26 16:35,Property,14.537724,121.0013108,No Collision Stated
None,EDSA,None,None,"No Accident Factor, No Collision Stated (based on Police Blotter Book), 0.0 drivers_injured, 0.0 drivers_killed, 0.0 passengers_injured, 0.0 passengers_killed, 0.0 pedestrian_injured, 0.0 pedestrian_killed, Fair (Night), EDSA MRT Station Pasay",MMDA Road Safety Unit,,b30871e8-6ed4-4f64-9a2a-47eb2eaba04b,2012-10-23,14:15:00,EDSA Carlos Revilla St. Pasay,0,0,0,0,0,0,0,0,0,0,2012-10-23 22:15,Property,14.53750141,121.0014813,No Collision Stated
None,EDSA,None,None,"No Accident Factor, No Collision Stated (based on Police Blotter Book), 0.0 drivers_injured, 0.0 drivers_killed, 0.0 passengers_injured, 0.0 passengers_killed, 0.0 pedestrian_injured, 0.0 pedestrian_killed, Fair (Day), EDSA Cabrera St. Pasay",MMDA Road Safety Unit,,77864f22-2b25-488a-839f-4de9aa30c4df,2012-10-23,09:00:00,EDSA Taft Ave. Pasay,0,0,0,0,0,0,0,0,0,0,2012-10-23 17:00,Property,14.53817493,121.0048575,No Collision Stated
None,EDSA,None,None,"No Accident Factor, No Collision Stated (based on Police Blotter Book), 0.0 drivers_injured, 0.0 drivers_killed, 0.0 passengers_injured, 0.0 passengers_killed, 0.0 pedestrian_injured, 0.0 pedestrian_killed, Fair (Day), EDSA before E. Rodriguez St. Pasay",MMDA Road Safety Unit,,821f5748-7d05-40a8-8529-e51a599e7877,2012-10-21,09:30:00,EDSA Rotonda  Pasay,0,0,0,0,0,0,0,0,0,0,2012-10-21 17:30,Property,14.53837278,121.0083921,No Collision Stated
None,EDSA,None,None,"No Accident Factor, No Collision Stated (based on Police Blotter Book), 0.0 drivers_injured, 0.0 drivers_killed, 0.0 passengers_injured, 0.0 passengers_killed, 0.0 pedestrian_injured, 0.0 pedestrian_killed, Fair (Night), EDSA MRT Station Pasay",MMDA Road Safety Unit,,99342017-c28f-405d-8519-0890b1f6d1ed,2012-10-20,15:20:00,EDSA Rotonda  Pasay,0,0,0,0,0,0,0,0,0,0,2012-10-20 23:20,Property,14.53750141,121.0014813,No Collision Stated
None,EDSA,None,None,"No Accident Factor, No Collision Stated (based on Police Blotter Book), 0.0 drivers_injured, 0.0 drivers_killed, 0.0 passengers_injured, 0.0 passengers_killed, 0.0 pedestrian_injured, 0.0 pedestrian_killed, Fair (Night), EDSA Sogo Hotel Pasay",MMDA Road Safety Unit,,e1a99747-d8d5-41a2-9866-e53422c5f6d3,2012-10-20,11:25:00,EDSA Caltex Gas Station Pasay,0,0,0,0,0,0,0,0,0,0,2012-10-20 19:25,Property,14.53744776,121.0009304,No Collision Stated
None,EDSA,None,None,"No Accident Factor, No Collision Stated (based on Police Blotter Book), 0.0 drivers_injured, 0.0 drivers_killed, 0.0 passengers_injured, 0.0 passengers_killed, 0.0 pedestrian_injured, 0.0 pedestrian_killed, Fair (Night), EDSA Taft Ave. (SB) Pasay",MMDA Road Safety Unit,,1ec52f80-11a3-4bdd-9410-c1ddf4478718,2012-10-18,14:20:00,EDSA D. Macapagal Blvd. Pasay,0,0,0,0,0,0,0,0,0,0,2012-10-18 22:20,Property,14.53775951,121.0007229,No Collision Stated
None,EDSA,None,None,"No Accident Factor, No Collision Stated (based on Police Blotter Book), 0.0 drivers_injured, 0.0 drivers_killed, 0.0 passengers_injured, 0.0 passengers_killed, 0.0 pedestrian_injured, 0.0 pedestrian_killed, Fair (Night), EDSA Tramo St. Pasay",MMDA Road Safety Unit,,1cc2888f-c586-45cb-9e97-31c6310e3220,2012-10-18,12:15:00,EDSA Taft Ave. Pasay,0,0,0,0,0,0,0,0,0,0,2012-10-18 20:15,Property,14.53790544,121.0032547,No Collision Stated
None,EDSA,None,None,"No Accident Factor, No Collision Stated (based on Police Blotter Book), 0.0 drivers_injured, 0.0 drivers_killed, 0.0 passengers_injured, 0.0 passengers_killed, 0.0 pedestrian_injured, 0.0 pedestrian_killed, Fair (Day), EDSA F.B. Harrison St. Pasay",MMDA Road Safety Unit,,8f4501d5-c766-4763-a3f4-032197239ce3,2012-10-17,23:00:00,EDSA Savemore Pasay,0,0,0,0,0,0,0,0,0,0,2012-10-18 7:00,Property,14.53785118,120.9955695,No Collision Stated
None,EDSA,None,None,"No Accident Factor, No Collision Stated (based on Police Blotter Book), 0.0 drivers_injured, 0.0 drivers_killed, 0.0 passengers_injured, 0.0 passengers_killed, 0.0 pedestrian_injured, 0.0 pedestrian_killed, Fair (Day), EDSA E. Rodriguez St. Pasay",MMDA Road Safety Unit,,dcd965d2-0f46-48d6-9848-589c0c2dd1bf,2012-10-15,01:50:00,EDSA Rotonda  Pasay,0,0,0,0,0,0,0,0,0,0,2012-10-15 9:50,Property,14.53836867,121.0085613,No Collision Stated
None,EDSA,None,None,"No Accident Factor, No Collision Stated (based on Police Blotter Book), 1.0 drivers_injured, 0.0 drivers_killed, 0.0 passengers_injured, 0.0 passengers_killed, 0.0 pedestrian_injured, 0.0 pedestrian_killed, Fair (Night), EDSA Carlos Revilla St. Pasay",MMDA Road Safety Unit,,a7cf96db-94f5-440a-b155-b0122499689f,2012-10-10,19:40:00,EDSA Caltex Gas Station Pasay,0,0,0,1,0,0,0,0,0,1,2012-10-11 3:40,Injury,14.53749713,121.0014805,No Collision Stated
None,EDSA,None,None,"No Accident Factor, No Collision Stated (based on Police Blotter Book), 0.0 drivers_injured, 0.0 drivers_killed, 0.0 passengers_injured, 0.0 passengers_killed, 0.0 pedestrian_injured, 0.0 pedestrian_killed, Fair (Night), EDSA Taft Ave. Pasay",MMDA Road Safety Unit,,b39acc90-4aab-4af3-b184-d2fb36e06fb9,2012-10-09,15:30:00,EDSA Taft Ave. Pasay,0,0,0,0,0,0,0,0,0,0,2012-10-09 23:30,Property,14.53775951,121.0007229,No Collision Stated
None,EDSA,None,None,"No Accident Factor, No Collision Stated (based on Police Blotter Book), 0.0 drivers_injured, 0.0 drivers_killed, 0.0 passengers_injured, 0.0 passengers_killed, 0.0 pedestrian_injured, 0.0 pedestrian_killed, Fair (Night), EDSA Rotonda  Pasay",MMDA Road Safety Unit,,0edc0bf3-dc3e-4662-a027-08953b630fc2,2012-10-07,13:30:00,Edsa    Before Victtory Liner Bus terminal Pasay,0,0,0,0,0,0,0,0,0,0,2012-10-07 21:30,Property,14.53744344,121.0007766,No Collision Stated
None,EDSA,None,None,"No Accident Factor, No Collision Stated (based on Police Blotter Book), 0.0 drivers_injured, 0.0 drivers_killed, 0.0 passengers_injured, 0.0 passengers_killed, 0.0 pedestrian_injured, 0.0 pedestrian_killed, Fair (Day), EDSA Rotonda  Pasay",MMDA Road Safety Unit,,ac257257-601a-4d8c-abd8-4c29760bee7b,2012-10-06,23:30:00,Edsa    Heritage Hotel Pasay,0,0,0,0,0,0,0,0,0,0,2012-10-07 7:30,Property,14.53744344,121.0007766,No Collision Stated
None,EDSA,None,None,"No Accident Factor, No Collision Stated (based on Police Blotter Book), 0.0 drivers_injured, 0.0 drivers_killed, 0.0 passengers_injured, 0.0 passengers_killed, 0.0 pedestrian_injured, 0.0 pedestrian_killed, Fair (Night), EDSA Caltex Gas Station Pasay",MMDA Road Safety Unit,,d1e445d4-a160-4cfb-9478-da94aa570e71,2012-10-06,11:10:00,Edsa    TaftAve. Pasay,0,0,0,0,0,0,0,0,0,0,2012-10-06 19:10,Property,14.53902197,121.0121772,No Collision Stated
None,EDSA,None,None,"No Accident Factor, No Collision Stated (based on Police Blotter Book), 0.0 drivers_injured, 0.0 drivers_killed, 0.0 passengers_injured, 0.0 passengers_killed, 0.0 pedestrian_injured, 0.0 pedestrian_killed, Fair (Day), EDSA D. Macapagal Blvd. Pasay",MMDA Road Safety Unit,,4bde4899-63dc-4ec3-ab97-c5f77e7c0535,2012-10-05,05:00:00,Edsa    Before Taft Ave. Pasay,0,0,0,0,0,0,0,0,0,0,2012-10-05 13:00,Property,14.53639024,120.988979,No Collision Stated
None,EDSA,None,None,"No Accident Factor, No Collision Stated (based on Police Blotter Book), 0.0 drivers_injured, 0.0 drivers_killed, 0.0 passengers_injured, 0.0 passengers_killed, 0.0 pedestrian_injured, 0.0 pedestrian_killed, Fair (Day), EDSA Taft Ave. Pasay",MMDA Road Safety Unit,,def1f7d2-f6ac-44c2-b1e6-dfc65b23044e,2012-10-04,00:20:00,Edsa    Geneis Bus Terminal Pasay,0,0,0,0,0,0,0,0,0,0,2012-10-04 8:20,Property,14.53775951,121.0007229,No Collision Stated
None,EDSA,None,None,"No Accident Factor, No Collision Stated (based on Police Blotter Book), 0.0 drivers_injured, 0.0 drivers_killed, 0.0 passengers_injured, 0.0 passengers_killed, 0.0 pedestrian_injured, 0.0 pedestrian_killed, Fair (Day), EDSA Savemore Pasay",MMDA Road Safety Unit,,30d5a926-81b3-45c3-8ef9-64f7e2ac79f4,2012-10-03,04:15:00,Edsa    Cabrera st. Pasay,0,0,0,0,0,0,0,0,0,0,2012-10-03 12:15,Property,14.53773852,120.9993152,No Collision Stated
None,EDSA,None,None,"No Accident Factor, No Collision Stated (based on Police Blotter Book), 0.0 drivers_injured, 0.0 drivers_killed, 0.0 passengers_injured, 0.0 passengers_killed, 0.0 pedestrian_injured, 0.0 pedestrian_killed, Fair (Night), EDSA Rotonda  Pasay",MMDA Road Safety Unit,,ef6d2baa-fdcf-4f7f-ba6d-2c4cdd3d73f9,2012-10-02,15:00:00,Edsa    Roxas Blvd.   Pasay,0,0,0,0,0,0,0,0,0,0,2012-10-02 23:00,Property,14.53744344,121.0007766,No Collision Stated
None,EDSA,None,None,"No Accident Factor, No Collision Stated (based on Police Blotter Book), 2.0 drivers_injured, 0.0 drivers_killed, 0.0 passengers_injured, 0.0 passengers_killed, 0.0 pedestrian_injured, 0.0 pedestrian_killed, Fair (Day), EDSA Caltex Gas Station Pasay",MMDA Road Safety Unit,,5cba16b6-f204-4c8f-8bf4-b714e6e54326,2012-10-02,00:40:00,Edsa    Taft ave. Pasay,0,0,0,2,0,0,0,0,0,2,2012-10-02 8:40,Injury,14.53902197,121.0121772,No Collision Stated
None,EDSA,None,None,"No Accident Factor, No Collision Stated (based on Police Blotter Book), 0.0 drivers_injured, 0.0 drivers_killed, 0.0 passengers_injured, 0.0 passengers_killed, 0.0 pedestrian_injured, 0.0 pedestrian_killed, Fair (Night), EDSA Taft Ave. Pasay",MMDA Road Safety Unit,,14965d48-a874-47b2-9d8a-0d53b775872e,2012-10-01,18:45:00,Edsa    Taft ave. Pasay,0,0,0,0,0,0,0,0,0,0,2012-10-02 2:45,Property,14.53775951,121.0007229,No Collision Stated
None,EDSA,None,None,"No Accident Factor, No Collision Stated (based on Police Blotter Book), 0.0 drivers_injured, 0.0 drivers_killed, 0.0 passengers_injured, 0.0 passengers_killed, 0.0 pedestrian_injured, 0.0 pedestrian_killed, Fair (Day), Edsa    Before Victtory Liner Bus terminal Pasay",MMDA Road Safety Unit,,403150be-48bb-4d68-b4b9-ca42c95dad7e,2012-09-28,02:00:00,Edsa    Edsa Entertainment Complex Pasay,0,0,0,0,0,0,0,0,0,0,2012-09-28 10:00,Property,14.53841261,121.0066375,No Collision Stated
None,EDSA,None,None,"No Accident Factor, No Collision Stated (based on Police Blotter Book), 0.0 drivers_injured, 0.0 drivers_killed, 0.0 passengers_injured, 0.0 passengers_killed, 0.0 pedestrian_injured, 0.0 pedestrian_killed, Fair (Night), Edsa    Heritage Hotel Pasay",MMDA Road Safety Unit,,da56c9f2-e649-4e27-929f-3e4fc09d7b8c,2012-09-27,12:00:00,Edsa    Near Rotanda MRT Station Pasay,0,0,0,0,0,0,0,0,0,0,2012-09-27 20:00,Property,14.53713607,120.9932446,No Collision Stated
None,EDSA,None,None,"No Accident Factor, No Collision Stated (based on Police Blotter Book), 0.0 drivers_injured, 0.0 drivers_killed, 0.0 passengers_injured, 0.0 passengers_killed, 0.0 pedestrian_injured, 0.0 pedestrian_killed, Fair (Day), Edsa    TaftAve. Pasay",MMDA Road Safety Unit,,3d2f38ea-b5b8-47e8-9eb7-099a53262255,2012-09-27,08:00:00,EDSA Tramo St.  Pasay,0,0,0,0,0,0,0,0,0,0,2012-09-27 16:00,Property,14.53768663,121.0006861,No Collision Stated
None,EDSA,None,None,"No Accident Factor, No Collision Stated (based on Police Blotter Book), 0.0 drivers_injured, 0.0 drivers_killed, 0.0 passengers_injured, 0.0 passengers_killed, 0.0 pedestrian_injured, 0.0 pedestrian_killed, Fair (Day), Edsa    Before Taft Ave. Pasay",MMDA Road Safety Unit,,9b627e42-c59c-4b71-8bd3-aa1f65a9aae9,2012-09-27,08:00:00,EDSA Taft Ave.  Pasay,0,0,0,0,0,0,0,0,0,0,2012-09-27 16:00,Property,14.53768747,121.0007848,No Collision Stated
None,EDSA,None,None,"No Accident Factor, No Collision Stated (based on Police Blotter Book), 0.0 drivers_injured, 0.0 drivers_killed, 0.0 passengers_injured, 0.0 passengers_killed, 0.0 pedestrian_injured, 0.0 pedestrian_killed, Fair (Day), Edsa    Geneis Bus Terminal Pasay",MMDA Road Safety Unit,,3174a576-7203-4532-897c-49c810e5747e,2012-09-27,01:35:00,EDSA Taft Ave.  Pasay,0,0,0,0,0,0,0,0,0,0,2012-09-27 9:35,Property,14.5374816,121.0010662,No Collision Stated
None,EDSA,None,None,"No Accident Factor, No Collision Stated (based on Police Blotter Book), 0.0 drivers_injured, 0.0 drivers_killed, 0.0 passengers_injured, 0.0 passengers_killed, 0.0 pedestrian_injured, 0.0 pedestrian_killed, Fair (Night), Edsa    Cabrera st. Pasay",MMDA Road Safety Unit,,48ba398c-db85-45fb-9fcb-8cdc0f6ab19d,2012-09-25,10:20:00,EDSA P. Celle St. Pasay,0,0,0,0,0,0,0,0,0,0,2012-09-25 18:20,Property,14.53818683,121.0048593,No Collision Stated
None,EDSA,None,None,"No Accident Factor, No Collision Stated (based on Police Blotter Book), 0.0 drivers_injured, 0.0 drivers_killed, 0.0 passengers_injured, 0.0 passengers_killed, 0.0 pedestrian_injured, 0.0 pedestrian_killed, Fair (Night), Edsa    Roxas Blvd.   Pasay",MMDA Road Safety Unit,,b29a6abc-815c-4143-8af0-39b3e041d06d,2012-09-24,17:00:00,EDSA Kabayan Hotel  Pasay,0,0,0,0,0,0,0,0,0,0,2012-09-25 1:00,Property,14.53726343,120.9924169,No Collision Stated
None,EDSA,None,None,"No Accident Factor, No Collision Stated (based on Police Blotter Book), 0.0 drivers_injured, 0.0 drivers_killed, 0.0 passengers_injured, 0.0 passengers_killed, 0.0 pedestrian_injured, 0.0 pedestrian_killed, Fair (Night), Edsa    Taft ave. Pasay",MMDA Road Safety Unit,,70652eb2-9418-4187-baf0-cf491ca998b8,2012-09-23,17:50:00,EDSA Sogo Hotel  Pasay,0,0,0,0,0,0,0,0,0,0,2012-09-24 1:50,Property,14.53768663,121.0006861,No Collision Stated
None,EDSA,None,None,"No Accident Factor, No Collision Stated (based on Police Blotter Book), 0.0 drivers_injured, 0.0 drivers_killed, 0.0 passengers_injured, 0.0 passengers_killed, 0.0 pedestrian_injured, 0.0 pedestrian_killed, Fair (Night), Edsa    Taft ave. Pasay",MMDA Road Safety Unit,,b0c72281-c669-46e1-a1de-7a92bc67c893,2012-09-22,13:20:00,EDSA E. Rodriguez St. Pasay,0,0,0,0,0,0,0,0,0,0,2012-09-22 21:20,Property,14.53768663,121.0006861,No Collision Stated
None,EDSA,None,None,"No Accident Factor, No Collision Stated (based on Police Blotter Book), 0.0 drivers_injured, 0.0 drivers_killed, 0.0 passengers_injured, 0.0 passengers_killed, 0.0 pedestrian_injured, 0.0 pedestrian_killed, Fair (Day), Edsa    Edsa Entertainment Complex Pasay",MMDA Road Safety Unit,,bd66b7cb-3f74-4ef7-ae55-45e1023718c9,2012-09-21,04:45:00,EDSA Caltex Gas Station Pasay,0,0,0,0,0,0,0,0,0,0,2012-09-21 12:45,Property,14.53786956,120.9956949,No Collision Stated
None,EDSA,None,None,"No Accident Factor, No Collision Stated (based on Police Blotter Book), 0.0 drivers_injured, 0.0 drivers_killed, 0.0 passengers_injured, 0.0 passengers_killed, 0.0 pedestrian_injured, 0.0 pedestrian_killed, Fair (Day), Edsa    Near Rotanda MRT Station Pasay",MMDA Road Safety Unit,,468b029c-75d3-4879-92c6-88a3537b04bc,2012-09-19,23:00:00,EDSA before Victory Liner Bus Terminal Pasay,0,0,0,0,0,0,0,0,0,0,2012-09-20 7:00,Property,14.53768351,121.0007825,No Collision Stated
None,EDSA,None,None,"No Accident Factor, No Collision Stated (based on Police Blotter Book), 0.0 drivers_injured, 0.0 drivers_killed, 0.0 passengers_injured, 0.0 passengers_killed, 0.0 pedestrian_injured, 0.0 pedestrian_killed, Fair (Night), EDSA Tramo St.  Pasay",MMDA Road Safety Unit,,985aa251-cd52-4569-b2a7-7428d1e76acf,2012-09-11,13:30:00,EDSA Taft Ave. Pasay,0,0,0,0,0,0,0,0,0,0,2012-09-11 21:30,Property,14.53790544,121.0032547,No Collision Stated
None,EDSA,None,None,"No Accident Factor, No Collision Stated (based on Police Blotter Book), 0.0 drivers_injured, 0.0 drivers_killed, 0.0 passengers_injured, 0.0 passengers_killed, 0.0 pedestrian_injured, 0.0 pedestrian_killed, Fair (Day), EDSA Taft Ave.  Pasay",MMDA Road Safety Unit,,eb34b698-7583-4134-996f-137c86768e60,2012-09-09,23:30:00,EDSA Rodriguez St. Pasay,0,0,0,0,0,0,0,0,0,0,2012-09-10 7:30,Property,14.53775951,121.0007229,No Collision Stated
None,EDSA,None,None,"No Accident Factor, No Collision Stated (based on Police Blotter Book), 0.0 drivers_injured, 0.0 drivers_killed, 0.0 passengers_injured, 0.0 passengers_killed, 0.0 pedestrian_injured, 0.0 pedestrian_killed, Fair (Day), EDSA Taft Ave.  Pasay",MMDA Road Safety Unit,,30771325-0f27-483c-b991-2506e7121968,2012-09-07,02:00:00,EDSA Taft Ave. Pasay,0,0,0,0,0,0,0,0,0,0,2012-09-07 10:00,Property,14.53775951,121.0007229,No Collision Stated
None,EDSA,None,None,"No Accident Factor, No Collision Stated (based on Police Blotter Book), 1.0 drivers_injured, 0.0 drivers_killed, 0.0 passengers_injured, 0.0 passengers_killed, 0.0 pedestrian_injured, 0.0 pedestrian_killed, Fair (Day), EDSA P. Celle St. Pasay",MMDA Road Safety Unit,,033119ad-83a2-48b1-8ab5-de350008cf62,2012-09-04,22:45:00,EDSA Savemore Pasay,0,0,0,1,0,0,0,0,0,1,2012-09-05 6:45,Injury,14.53789911,120.9974276,No Collision Stated
None,EDSA,None,None,"No Accident Factor, No Collision Stated (based on Police Blotter Book), 0.0 drivers_injured, 0.0 drivers_killed, 0.0 passengers_injured, 0.0 passengers_killed, 0.0 pedestrian_injured, 0.0 pedestrian_killed, Fair (Night), EDSA Kabayan Hotel  Pasay",MMDA Road Safety Unit,,394d40b0-ac5e-42ae-9d34-3f992ccd3381,2012-09-04,12:20:00,EDSA Taft Ave. Pasay,0,0,0,0,0,0,0,0,0,0,2012-09-04 20:20,Property,14.53775829,121.0015736,No Collision Stated
None,EDSA,None,None,"No Accident Factor, No Collision Stated (based on Police Blotter Book), 0.0 drivers_injured, 0.0 drivers_killed, 0.0 passengers_injured, 0.0 passengers_killed, 0.0 pedestrian_injured, 0.0 pedestrian_killed, Fair (Day), EDSA Sogo Hotel  Pasay",MMDA Road Safety Unit,,209da4ab-de13-43cc-89d2-8921f9598a94,2012-09-04,00:15:00,EDSA Taft Ave. Pasay,0,0,0,0,0,0,0,0,0,0,2012-09-04 8:15,Property,14.53744776,121.0009304,No Collision Stated
None,EDSA,None,None,"No Accident Factor, No Collision Stated (based on Police Blotter Book), 0.0 drivers_injured, 0.0 drivers_killed, 0.0 passengers_injured, 0.0 passengers_killed, 0.0 pedestrian_injured, 0.0 pedestrian_killed, Fair (Day), EDSA E. Rodriguez St. Pasay",MMDA Road Safety Unit,,ec4d9755-017e-47d7-8fec-6df98a316ff3,2012-09-01,00:35:00,EDSA Heritage Hotel UTS Pasay,0,0,0,0,0,0,0,0,0,0,2012-09-01 8:35,Property,14.53836867,121.0085613,No Collision Stated
None,EDSA,None,None,"No Accident Factor, No Collision Stated (based on Police Blotter Book), 0.0 drivers_injured, 0.0 drivers_killed, 1.0 passengers_injured, 0.0 passengers_killed, 0.0 pedestrian_injured, 0.0 pedestrian_killed, Fair (Night), EDSA Caltex Gas Station Pasay",MMDA Road Safety Unit,,d507b215-52ee-4c07-8a81-b71ca3ed9e9f,2012-08-31,13:15:00,EDSA Heritage Hotel Pasay,0,0,0,0,1,0,0,0,0,1,2012-08-31 21:15,Injury,14.53902197,121.0121772,No Collision Stated