LOCATION_TEXT,ROAD,WEATHER,LIGHT,DESC,REPORTING_AGENCY,MAIN_CAUSE,INCIDENTDETAILS_ID,DATE_UTC,TIME_UTC,ADDRESS,killed_driver,killed_passenger,killed_pedestrian,injured_driver,injured_passenger,injured_pedestrian,killed_uncategorized,injured_uncategorized,killed_total,injured_total,DATETIME_PST,SEVERITY,Y,X,COLLISION_TYPE
None,EDSA,None,None,"No Accident Factor, No Collision Stated (based on Police Blotter Book), 0.0 drivers_injured, 0.0 drivers_killed, 0.0 passengers_injured, 0.0 passengers_killed, 0.0 pedestrian_injured, 0.0 pedestrian_killed, Fair (Night), EDSA before Victory Liner Bus Terminal Pasay",MMDA Road Safety Unit,,5bf2d407-47b0-4a97-b96c-2eae01c1e362,2012-08-31,12:45:00,EDSA Roxas Blvd. Pasay,0,0,0,0,0,0,0,0,0,0,2012-08-31 20:45,Property,14.53837354,121.0069149,No Collision Stated
None,EDSA,None,None,"No Accident Factor, No Collision Stated (based on Police Blotter Book), 0.0 drivers_injured, 0.0 drivers_killed, 0.0 passengers_injured, 0.0 passengers_killed, 0.0 pedestrian_injured, 0.0 pedestrian_killed, Fair (Day), EDSA Taft Ave. Pasay",MMDA Road Safety Unit,,f369beec-9377-44c4-ac0d-931a96331d58,2012-08-30,22:45:00,EDSA SM MOA Circle Pasay,0,0,0,0,0,0,0,0,0,0,2012-08-31 6:45,Property,14.53775951,121.0007229,No Collision Stated
None,EDSA,None,None,"No Accident Factor, No Collision Stated (based on Police Blotter Book), 0.0 drivers_injured, 0.0 drivers_killed, 0.0 passengers_injured, 0.0 passengers_killed, 0.0 pedestrian_injured, 0.0 pedestrian_killed, Fair (Day), EDSA Rodriguez St. Pasay",MMDA Road Safety Unit,,a123138c-15c4-4ca6-828e-cc833795f0d5,2012-08-28,03:00:00,EDSA Roxas Blvd. Pasay,0,0,0,0,0,0,0,0,0,0,2012-08-28 11:00,Property,14.53843672,121.0086475,No Collision Stated
None,EDSA,None,None,"No Accident Factor, No Collision Stated (based on Police Blotter Book), 0.0 drivers_injured, 0.0 drivers_killed, 0.0 passengers_injured, 0.0 passengers_killed, 0.0 pedestrian_injured, 0.0 pedestrian_killed, Fair (Night), EDSA Taft Ave. Pasay",MMDA Road Safety Unit,,4e172556-5952-420c-8d7e-c85e0319ba35,2012-08-25,10:30:00,EDSA Taft Ave. Pasay,0,0,0,0,0,0,0,0,0,0,2012-08-25 18:30,Property,14.53775951,121.0007229,No Collision Stated
None,EDSA,None,None,"No Accident Factor, No Collision Stated (based on Police Blotter Book), 0.0 drivers_injured, 0.0 drivers_killed, 0.0 passengers_injured, 0.0 passengers_killed, 0.0 pedestrian_injured, 0.0 pedestrian_killed, Fair (Night), EDSA Savemore Pasay",MMDA Road Safety Unit,,1c5b092c-3251-4eac-8dc3-387d8f650ca9,2012-08-25,10:00:00,EDSA before Taft Ave. Pasay,0,0,0,0,0,0,0,0,0,0,2012-08-25 18:00,Property,14.53773852,120.9993152,No Collision Stated
None,EDSA,None,None,"No Accident Factor, No Collision Stated (based on Police Blotter Book), 0.0 drivers_injured, 0.0 drivers_killed, 0.0 passengers_injured, 0.0 passengers_killed, 0.0 pedestrian_injured, 0.0 pedestrian_killed, Fair (Day), EDSA Taft Ave. Pasay",MMDA Road Safety Unit,,e1d448e7-8b28-4b93-a117-9c8fe200f782,2012-08-22,06:30:00,EDSA Taft Ave. Pasay,0,0,0,0,0,0,0,0,0,0,2012-08-22 14:30,Property,14.53775951,121.0007229,No Collision Stated
None,EDSA,None,None,"No Accident Factor, No Collision Stated (based on Police Blotter Book), 0.0 drivers_injured, 0.0 drivers_killed, 0.0 passengers_injured, 0.0 passengers_killed, 0.0 pedestrian_injured, 0.0 pedestrian_killed, Fair (Day), EDSA Taft Ave. Pasay",MMDA Road Safety Unit,,3ed61b4c-905e-41a7-9d8b-abb1c9404a0c,2012-08-20,06:30:00,EDSA Apelo St. Pasay,0,0,0,0,0,0,0,0,0,0,2012-08-20 14:30,Property,14.53775951,121.0007229,No Collision Stated
None,EDSA,None,None,"No Accident Factor, No Collision Stated (based on Police Blotter Book), 0.0 drivers_injured, 0.0 drivers_killed, 0.0 passengers_injured, 0.0 passengers_killed, 0.0 pedestrian_injured, 0.0 pedestrian_killed, Fair (Night), EDSA Heritage Hotel UTS Pasay",MMDA Road Safety Unit,,5e1adde7-e9ec-48ee-9edb-9eaccc9dfacc,2012-08-18,18:25:00,EDSA Cabrera St. Pasay,0,0,0,0,0,0,0,0,0,0,2012-08-19 2:25,Property,14.53735972,120.9938132,No Collision Stated
None,EDSA,None,None,"No Accident Factor, No Collision Stated (based on Police Blotter Book), 0.0 drivers_injured, 0.0 drivers_killed, 0.0 passengers_injured, 0.0 passengers_killed, 0.0 pedestrian_injured, 0.0 pedestrian_killed, Fair (Night), EDSA Heritage Hotel Pasay",MMDA Road Safety Unit,,1d307a71-b12f-409e-915c-cc9583457a8d,2012-08-18,13:30:00,EDSA fronting Victory Liner Terminal Pasay,0,0,0,0,0,0,0,0,0,0,2012-08-18 21:30,Property,14.53721957,120.9935015,No Collision Stated
None,EDSA,None,None,"No Accident Factor, No Collision Stated (based on Police Blotter Book), 0.0 drivers_injured, 0.0 drivers_killed, 0.0 passengers_injured, 0.0 passengers_killed, 0.0 pedestrian_injured, 0.0 pedestrian_killed, Fair (Night), EDSA Roxas Blvd. Pasay",MMDA Road Safety Unit,,f83291b2-21ec-4d16-8a94-cb13976d9301,2012-08-18,13:30:00,EDSA F.B Harrison St. Pasay,0,0,0,0,0,0,0,0,0,0,2012-08-18 21:30,Property,14.53725136,120.9928775,No Collision Stated
None,EDSA,None,None,"No Accident Factor, No Collision Stated (based on Police Blotter Book), 0.0 drivers_injured, 0.0 drivers_killed, 0.0 passengers_injured, 0.0 passengers_killed, 0.0 pedestrian_injured, 0.0 pedestrian_killed, Fair (Day), EDSA SM MOA Circle Pasay",MMDA Road Safety Unit,,126e347e-f181-4043-a607-391e93169f87,2012-08-18,06:30:00,EDSA Heritage Hotel  Pasay,0,0,0,0,0,0,0,0,0,0,2012-08-18 14:30,Property,14.53556259,120.9848215,No Collision Stated
None,EDSA,None,None,"No Accident Factor, No Collision Stated (based on Police Blotter Book), 0.0 drivers_injured, 0.0 drivers_killed, 0.0 passengers_injured, 0.0 passengers_killed, 0.0 pedestrian_injured, 0.0 pedestrian_killed, Fair (Day), EDSA Roxas Blvd. Pasay",MMDA Road Safety Unit,,698ce6d6-96f1-4afd-b436-e9c6d3d0c6ea,2012-08-18,06:30:00,EDSA MRT Station  Pasay,0,0,0,0,0,0,0,0,0,0,2012-08-18 14:30,Property,14.53725136,120.9928775,No Collision Stated
None,EDSA,None,None,"No Accident Factor, No Collision Stated (based on Police Blotter Book), 0.0 drivers_injured, 0.0 drivers_killed, 0.0 passengers_injured, 0.0 passengers_killed, 0.0 pedestrian_injured, 0.0 pedestrian_killed, Fair (Day), EDSA Taft Ave. Pasay",MMDA Road Safety Unit,,97838816-57b0-4ba9-ba29-9f925f75e8b6,2012-08-16,08:00:00,EDSA Taft Ave.  Pasay,0,0,0,0,0,0,0,0,0,0,2012-08-16 16:00,Property,14.53775951,121.0007229,No Collision Stated
None,EDSA,None,None,"No Accident Factor, No Collision Stated (based on Police Blotter Book), 0.0 drivers_injured, 0.0 drivers_killed, 0.0 passengers_injured, 0.0 passengers_killed, 0.0 pedestrian_injured, 0.0 pedestrian_killed, Fair (Day), EDSA before Taft Ave. Pasay",MMDA Road Safety Unit,,4e9b1096-a997-4297-b29a-8ca0768288c7,2012-08-16,02:10:00,EDSA fronting Kabayan Hotel Pasay,0,0,0,0,0,0,0,0,0,0,2012-08-16 10:10,Property,14.53764622,121.0012661,No Collision Stated
None,EDSA,None,None,"No Accident Factor, No Collision Stated (based on Police Blotter Book), 0.0 drivers_injured, 0.0 drivers_killed, 0.0 passengers_injured, 0.0 passengers_killed, 0.0 pedestrian_injured, 0.0 pedestrian_killed, Fair (Night), EDSA Taft Ave. Pasay",MMDA Road Safety Unit,,2d9f6588-c2d5-4cc0-8ee7-2be167e950d6,2012-08-14,19:50:00,EDSA P. Celle St. uturn slot Pasay,0,0,0,0,0,0,0,0,0,0,2012-08-15 3:50,Property,14.53775951,121.0007229,No Collision Stated
None,EDSA,None,None,"No Accident Factor, No Collision Stated (based on Police Blotter Book), 0.0 drivers_injured, 0.0 drivers_killed, 0.0 passengers_injured, 0.0 passengers_killed, 0.0 pedestrian_injured, 0.0 pedestrian_killed, Fair (Night), EDSA Apelo St. Pasay",MMDA Road Safety Unit,,aca85d77-88c3-4fc8-b5ac-01ee1d428446,2012-08-14,11:20:00,EDSA fronting Mahal Kita Hotel Pasay,0,0,0,0,0,0,0,0,0,0,2012-08-14 19:20,Property,14.53789637,121.0046152,No Collision Stated
None,EDSA,None,None,"No Accident Factor, No Collision Stated (based on Police Blotter Book), 0.0 drivers_injured, 0.0 drivers_killed, 0.0 passengers_injured, 0.0 passengers_killed, 0.0 pedestrian_injured, 0.0 pedestrian_killed, Fair (Day), EDSA Cabrera St. Pasay",MMDA Road Safety Unit,,0502c064-908d-40c4-8377-29df820b7855,2012-08-12,02:50:00,EDSA Taft Ave. Pasay,0,0,0,0,0,0,0,0,0,0,2012-08-12 10:50,Property,14.53817493,121.0048575,No Collision Stated
None,EDSA,None,None,"No Accident Factor, No Collision Stated (based on Police Blotter Book), 0.0 drivers_injured, 0.0 drivers_killed, 0.0 passengers_injured, 0.0 passengers_killed, 0.0 pedestrian_injured, 0.0 pedestrian_killed, Fair (Night), EDSA fronting Victory Liner Terminal Pasay",MMDA Road Safety Unit,,cff47ac4-7d19-41af-8b0d-7452e8b78398,2012-08-10,12:00:00,EDSA Automall Pasay,0,0,0,0,0,0,0,0,0,0,2012-08-10 20:00,Property,14.53838401,121.0066671,No Collision Stated
None,EDSA,None,None,"No Accident Factor, No Collision Stated (based on Police Blotter Book), 0.0 drivers_injured, 0.0 drivers_killed, 0.0 passengers_injured, 0.0 passengers_killed, 0.0 pedestrian_injured, 0.0 pedestrian_killed, Fair (Night), EDSA F.B Harrison St. Pasay",MMDA Road Safety Unit,,5464f2aa-378d-41cb-998e-279a8bcf5a12,2012-08-09,11:30:00,EDSA Mahal Kita Lodge Pasay,0,0,0,0,0,0,0,0,0,0,2012-08-09 19:30,Property,14.53785118,120.9955695,No Collision Stated
None,EDSA,None,None,"No Accident Factor, No Collision Stated (based on Police Blotter Book), 0.0 drivers_injured, 0.0 drivers_killed, 0.0 passengers_injured, 0.0 passengers_killed, 0.0 pedestrian_injured, 0.0 pedestrian_killed, Fair (Day), EDSA Heritage Hotel  Pasay",MMDA Road Safety Unit,,f73c6578-5320-4961-80ca-ca80ab699ba0,2012-07-26,07:40:00,EDSA Taft Ave. Pasay,0,0,0,0,0,0,0,0,0,0,2012-07-26 15:40,Property,14.53721957,120.9935015,No Collision Stated
None,EDSA,None,None,"No Accident Factor, No Collision Stated (based on Police Blotter Book), 0.0 drivers_injured, 0.0 drivers_killed, 0.0 passengers_injured, 0.0 passengers_killed, 0.0 pedestrian_injured, 0.0 pedestrian_killed, Fair (Night), EDSA MRT Station  Pasay",MMDA Road Safety Unit,,6c3f5c73-873e-4755-a65b-9f14945be081,2012-07-23,14:40:00,EDSA Taft Ave. Pasay,0,0,0,0,0,0,0,0,0,0,2012-07-23 22:40,Property,14.53750141,121.0014813,No Collision Stated
None,EDSA,None,None,"No Accident Factor, No Collision Stated (based on Police Blotter Book), 0.0 drivers_injured, 0.0 drivers_killed, 0.0 passengers_injured, 0.0 passengers_killed, 0.0 pedestrian_injured, 0.0 pedestrian_killed, Fair (Day), EDSA Taft Ave.  Pasay",MMDA Road Safety Unit,,a64ce0eb-0a66-4c57-bb3f-d453fb86a290,2012-07-23,00:10:00,EDSA Before Mc Donalds Malibay Pasay,0,0,0,0,0,0,0,0,0,0,2012-07-23 8:10,Property,14.53775951,121.0007229,No Collision Stated
None,EDSA,None,None,"No Accident Factor, No Collision Stated (based on Police Blotter Book), 0.0 drivers_injured, 0.0 drivers_killed, 0.0 passengers_injured, 0.0 passengers_killed, 0.0 pedestrian_injured, 0.0 pedestrian_killed, Fair (Day), EDSA fronting Kabayan Hotel Pasay",MMDA Road Safety Unit,,a25c3855-f4d8-4728-aa2f-896999a99335,2012-07-19,04:05:00,EDSA Taft Avenue Pasay,0,0,0,0,0,0,0,0,0,0,2012-07-19 12:05,Property,14.53775899,121.0016559,No Collision Stated
None,EDSA,None,None,"No Accident Factor, No Collision Stated (based on Police Blotter Book), 0.0 drivers_injured, 0.0 drivers_killed, 0.0 passengers_injured, 0.0 passengers_killed, 0.0 pedestrian_injured, 0.0 pedestrian_killed, Fair (Day), EDSA P. Celle St. uturn slot Pasay",MMDA Road Safety Unit,,ed486410-8425-4d7b-90a8-a24b4f298e32,2012-07-12,04:40:00,EDSA Taft Avenue Pasay,0,0,0,0,0,0,0,0,0,0,2012-07-12 12:40,Property,14.53789911,120.9974276,No Collision Stated
None,EDSA,None,None,"No Accident Factor, No Collision Stated (based on Police Blotter Book), 0.0 drivers_injured, 0.0 drivers_killed, 0.0 passengers_injured, 0.0 passengers_killed, 0.0 pedestrian_injured, 0.0 pedestrian_killed, Fair (Day), EDSA fronting Mahal Kita Hotel Pasay",MMDA Road Safety Unit,,d7d3e550-e9f8-4c88-ad94-ece18b34d849,2012-07-11,01:05:00,EDSA F.B. Harrison St. Pasay,0,0,0,0,0,0,0,0,0,0,2012-07-11 9:05,Property,14.5374691,120.9996025,No Collision Stated
None,EDSA,None,None,"No Accident Factor, No Collision Stated (based on Police Blotter Book), 0.0 drivers_injured, 0.0 drivers_killed, 0.0 passengers_injured, 0.0 passengers_killed, 0.0 pedestrian_injured, 0.0 pedestrian_killed, Fair (Night), EDSA Taft Ave. Pasay",MMDA Road Safety Unit,,297f27be-b43c-442a-a5fc-c5672e9e5a35,2012-07-09,13:40:00,EDSA Aurora Blvd. (Tramo) Pasay,0,0,0,0,0,0,0,0,0,0,2012-07-09 21:40,Property,14.53775951,121.0007229,No Collision Stated
None,EDSA,None,None,"No Accident Factor, No Collision Stated (based on Police Blotter Book), 0.0 drivers_injured, 0.0 drivers_killed, 0.0 passengers_injured, 0.0 passengers_killed, 0.0 pedestrian_injured, 0.0 pedestrian_killed, Fair (Day), EDSA Automall Pasay",MMDA Road Safety Unit,,e241f394-8e44-4680-b52a-03a9279f0ef3,2012-06-30,04:00:00,EDSA Roxas Blvd. (N/B) Pasay,0,0,0,0,0,0,0,0,0,0,2012-06-30 12:00,Property,14.5378814,120.9972304,No Collision Stated
None,EDSA,None,None,"No Accident Factor, No Collision Stated (based on Police Blotter Book), 0.0 drivers_injured, 0.0 drivers_killed, 0.0 passengers_injured, 0.0 passengers_killed, 0.0 pedestrian_injured, 0.0 pedestrian_killed, Fair (Day), EDSA Mahal Kita Lodge Pasay",MMDA Road Safety Unit,,2269b80d-b39f-4fe8-9e23-5791b9be1d6e,2012-06-26,00:15:00,EDSA Before F.B. Harrison St. Foot Bridge Pasay,0,0,0,0,0,0,0,0,0,0,2012-06-26 8:15,Property,14.53743819,120.9997641,No Collision Stated
None,EDSA,None,None,"No Accident Factor, No Collision Stated (based on Police Blotter Book), 0.0 drivers_injured, 0.0 drivers_killed, 0.0 passengers_injured, 0.0 passengers_killed, 0.0 pedestrian_injured, 0.0 pedestrian_killed, Fair (Night), EDSA Taft Ave. Pasay",MMDA Road Safety Unit,,fa35d060-d302-4a4e-b62f-41b2c0763412,2012-06-24,15:10:00,EDSA Before Rotonda Pasay,0,0,0,0,0,0,0,0,0,0,2012-06-24 23:10,Property,14.53775951,121.0007229,No Collision Stated
None,EDSA,None,None,"No Accident Factor, No Collision Stated (based on Police Blotter Book), 0.0 drivers_injured, 0.0 drivers_killed, 0.0 passengers_injured, 0.0 passengers_killed, 0.0 pedestrian_injured, 0.0 pedestrian_killed, Fair (Night), EDSA Taft Ave. Pasay",MMDA Road Safety Unit,,991e2d4e-1fb3-4fe1-8180-27cb9d73c7b6,2012-06-24,14:25:00,EDSA Heritage Hotel Pasay,0,0,0,0,0,0,0,0,0,0,2012-06-24 22:25,Property,14.53775951,121.0007229,No Collision Stated
None,EDSA,None,None,"No Accident Factor, No Collision Stated (based on Police Blotter Book), 0.0 drivers_injured, 0.0 drivers_killed, 0.0 passengers_injured, 0.0 passengers_killed, 0.0 pedestrian_injured, 0.0 pedestrian_killed, Fair (Night), EDSA Before Mc Donalds Malibay Pasay",MMDA Road Safety Unit,,0cf149c4-5b41-452a-b8df-49f132630b6d,2012-06-23,10:15:00,EDSA Taft Avenue Pasay,0,0,0,0,0,0,0,0,0,0,2012-06-23 18:15,Property,14.53760506,121.0002751,No Collision Stated
None,EDSA,None,None,"No Accident Factor, No Collision Stated (based on Police Blotter Book), 0.0 drivers_injured, 0.0 drivers_killed, 0.0 passengers_injured, 0.0 passengers_killed, 0.0 pedestrian_injured, 0.0 pedestrian_killed, Fair (Day), EDSA Taft Avenue Pasay",MMDA Road Safety Unit,,adf5f317-00d7-40bb-b220-548771f7a252,2012-06-23,07:30:00,EDSA P. Celle St. Pasay,0,0,0,0,0,0,0,0,0,0,2012-06-23 15:30,Property,14.53775951,121.0007229,No Collision Stated
None,EDSA,None,None,"No Accident Factor, No Collision Stated (based on Police Blotter Book), 0.0 drivers_injured, 0.0 drivers_killed, 0.0 passengers_injured, 0.0 passengers_killed, 0.0 pedestrian_injured, 0.0 pedestrian_killed, Fair (Night), EDSA Taft Avenue Pasay",MMDA Road Safety Unit,,c9488ce7-199b-4e93-b977-ecdb8012730d,2012-06-18,12:30:00,EDSA E. Rodriguez St. (W/B) Pasay,0,0,0,0,0,0,0,0,0,0,2012-06-18 20:30,Property,14.53775951,121.0007229,No Collision Stated
None,EDSA,None,None,"No Accident Factor, No Collision Stated (based on Police Blotter Book), 0.0 drivers_injured, 0.0 drivers_killed, 0.0 passengers_injured, 0.0 passengers_killed, 0.0 pedestrian_injured, 0.0 pedestrian_killed, Fair (Night), EDSA F.B. Harrison St. Pasay",MMDA Road Safety Unit,,b34c8726-9718-4c26-b4fe-49fba3c49f3c,2012-06-16,12:40:00,EDSA Heritage Hotel Pasay,0,0,0,0,0,0,0,0,0,0,2012-06-16 20:40,Property,14.53785118,120.9955695,No Collision Stated
None,EDSA,None,None,"No Accident Factor, Side Swipe, 0.0 drivers_injured, 0.0 drivers_killed, 0.0 passengers_injured, 0.0 passengers_killed, 0.0 pedestrian_injured, 0.0 pedestrian_killed, Fair (Day), EDSA Aurora Blvd. (Tramo) Pasay",MMDA Road Safety Unit,,651f260c-02b9-4f69-ad93-2699e3b56e87,2012-06-15,05:20:00,EDSA fronting Sm Moa Pasay,0,0,0,0,0,0,0,0,0,0,2012-06-15 13:20,Property,14.53779864,121.0033477,Side Swipe
None,EDSA,None,None,"No Accident Factor, No Collision Stated (based on Police Blotter Book), 0.0 drivers_injured, 0.0 drivers_killed, 0.0 passengers_injured, 0.0 passengers_killed, 0.0 pedestrian_injured, 0.0 pedestrian_killed, Fair (Day), EDSA Roxas Blvd. (N/B) Pasay",MMDA Road Safety Unit,,2f159d53-119d-44c9-bb8c-c61551fcb201,2012-06-15,00:20:00,EDSA Roxas Blvd./Toyota Motors Pasay,0,0,0,0,0,0,0,0,0,0,2012-06-15 8:20,Property,14.53725136,120.9928775,No Collision Stated
None,EDSA,None,None,"No Accident Factor, No Collision Stated (based on Police Blotter Book), 0.0 drivers_injured, 0.0 drivers_killed, 0.0 passengers_injured, 0.0 passengers_killed, 0.0 pedestrian_injured, 0.0 pedestrian_killed, Fair (Day), EDSA Before F.B. Harrison St. Foot Bridge Pasay",MMDA Road Safety Unit,,94d7f085-7998-488c-9c15-06f1c871b4ac,2012-06-14,09:00:00,EDSA Roxas Blvd. Pasay,0,0,0,0,0,0,0,0,0,0,2012-06-14 17:00,Property,14.53788659,120.9959639,No Collision Stated
None,EDSA,None,None,"No Accident Factor, No Collision Stated (based on Police Blotter Book), 0.0 drivers_injured, 0.0 drivers_killed, 0.0 passengers_injured, 0.0 passengers_killed, 0.0 pedestrian_injured, 0.0 pedestrian_killed, Fair (Day), EDSA Before Rotonda Pasay",MMDA Road Safety Unit,,6b2fa7a1-bdde-427e-96aa-3e012fba799c,2012-06-13,08:00:00,"EDSA P. Celle St. ""U""turn Slot Pasay",0,0,0,0,0,0,0,0,0,0,2012-06-13 16:00,Property,14.53764507,121.0011305,No Collision Stated
None,EDSA,None,None,"No Accident Factor, No Collision Stated (based on Police Blotter Book), 0.0 drivers_injured, 0.0 drivers_killed, 0.0 passengers_injured, 0.0 passengers_killed, 0.0 pedestrian_injured, 0.0 pedestrian_killed, Fair (Night), EDSA Heritage Hotel Pasay",MMDA Road Safety Unit,,2d2c8415-6fb1-4fe7-a24e-9023708ae401,2012-06-12,12:45:00,"EDSA at ""U"" turn slot, P. Celle St. Pasay",0,0,0,0,0,0,0,0,0,0,2012-06-12 20:45,Property,14.53721957,120.9935015,No Collision Stated
None,EDSA,None,None,"No Accident Factor, No Collision Stated (based on Police Blotter Book), 0.0 drivers_injured, 0.0 drivers_killed, 0.0 passengers_injured, 0.0 passengers_killed, 0.0 pedestrian_injured, 0.0 pedestrian_killed, Fair (Day), EDSA Taft Avenue Pasay",MMDA Road Safety Unit,,dc5f40c3-f839-45e9-b0fb-ccb0d6b32417,2012-06-11,05:30:00,EDSA fronting Toyota Motors Pasay,0,0,0,0,0,0,0,0,0,0,2012-06-11 13:30,Property,14.53775951,121.0007229,No Collision Stated
None,EDSA,None,None,"No Accident Factor, No Collision Stated (based on Police Blotter Book), 1.0 drivers_injured, 0.0 drivers_killed, 0.0 passengers_injured, 0.0 passengers_killed, 0.0 pedestrian_injured, 0.0 pedestrian_killed, Fair (Night), EDSA P. Celle St. Pasay",MMDA Road Safety Unit,,245d60e9-4101-4c01-9c2e-b4bcab9a44d0,2012-06-08,17:30:00,EDSA before MRT-? Station Pasay,0,0,0,1,0,0,0,0,0,1,2012-06-09 1:30,Injury,14.53789911,120.9974276,No Collision Stated
None,EDSA,None,None,"No Accident Factor, No Collision Stated (based on Police Blotter Book), 0.0 drivers_injured, 0.0 drivers_killed, 0.0 passengers_injured, 0.0 passengers_killed, 0.0 pedestrian_injured, 0.0 pedestrian_killed, Fair (Day), EDSA E. Rodriguez St. (W/B) Pasay",MMDA Road Safety Unit,,1e14d2b2-1b53-49b3-b8cc-46155cb3b1f0,2012-06-08,04:00:00,"EDSA at ""U"" turn slot, Heritage Hotel Pasay",0,0,0,0,0,0,0,0,0,0,2012-06-08 12:00,Property,14.53836867,121.0085613,No Collision Stated
None,EDSA,None,None,"No Accident Factor, No Collision Stated (based on Police Blotter Book), 0.0 drivers_injured, 0.0 drivers_killed, 0.0 passengers_injured, 0.0 passengers_killed, 0.0 pedestrian_injured, 0.0 pedestrian_killed, Fair (Day), EDSA Heritage Hotel Pasay",MMDA Road Safety Unit,,3507b242-832c-457e-980e-b93b794436c4,2012-06-06,08:30:00,EDSA Taft Ave. Pasay,0,0,0,0,0,0,0,0,0,0,2012-06-06 16:30,Property,14.53721957,120.9935015,No Collision Stated
None,EDSA,None,None,"No Accident Factor, No Collision Stated (based on Police Blotter Book), 0.0 drivers_injured, 0.0 drivers_killed, 1.0 passengers_injured, 0.0 passengers_killed, 0.0 pedestrian_injured, 0.0 pedestrian_killed, Fair (Night), EDSA fronting Sm Moa Pasay",MMDA Road Safety Unit,,3b50e19d-84ce-4575-991c-fc6abd1e91b0,2012-06-02,12:15:00,EDSA Before Kabayan Hotel Pasay,0,0,0,0,1,0,0,0,0,1,2012-06-02 20:15,Injury,14.53553823,120.9850879,No Collision Stated
None,EDSA,None,None,"No Accident Factor, No Collision Stated (based on Police Blotter Book), 0.0 drivers_injured, 0.0 drivers_killed, 0.0 passengers_injured, 0.0 passengers_killed, 0.0 pedestrian_injured, 0.0 pedestrian_killed, Fair (Day), EDSA Roxas Blvd./Toyota Motors Pasay",MMDA Road Safety Unit,,b7e9f26d-a8e3-455b-a3fb-d26522e99ddb,2012-06-02,06:35:00,EDSA  fronting Sogo Hotel Pasay,0,0,0,0,0,0,0,0,0,0,2012-06-02 14:35,Property,14.53725136,120.9928775,No Collision Stated
None,EDSA,None,None,"No Accident Factor, No Collision Stated (based on Police Blotter Book), 0.0 drivers_injured, 0.0 drivers_killed, 0.0 passengers_injured, 0.0 passengers_killed, 0.0 pedestrian_injured, 0.0 pedestrian_killed, Fair (Night), EDSA Roxas Blvd. Pasay",MMDA Road Safety Unit,,5ec78bbc-9583-4041-9060-72953a5451a8,2012-05-31,17:00:00,EDSA fronting Heritage Hotel Pasay,0,0,0,0,0,0,0,0,0,0,2012-06-01 1:00,Property,14.53725136,120.9928775,No Collision Stated
None,EDSA,None,None,"No Accident Factor, No Collision Stated (based on Police Blotter Book), 0.0 drivers_injured, 0.0 drivers_killed, 2.0 passengers_injured, 0.0 passengers_killed, 0.0 pedestrian_injured, 0.0 pedestrian_killed, Fair (Night), EDSA P. Celle St. ""U""turn Slot Pasay",MMDA Road Safety Unit,,ce5d252b-7083-4697-a716-468860b2565f,2012-05-28,15:00:00,EDSA Park Ave. Pasay,0,0,0,0,2,0,0,0,0,2,2012-05-28 23:00,Injury,14.53778565,120.9974409,No Collision Stated
None,EDSA,None,None,"No Accident Factor, No Collision Stated (based on Police Blotter Book), 0.0 drivers_injured, 0.0 drivers_killed, 0.0 passengers_injured, 0.0 passengers_killed, 0.0 pedestrian_injured, 0.0 pedestrian_killed, Fair (Night), EDSA at ""U"" turn slot, P. Celle St. Pasay",MMDA Road Safety Unit,,3742ce4c-d60f-4d27-8b7c-171ae6183879,2012-05-15,19:30:00,EDSA before Pres. Diosdado Macapagal Blvd. Pasay,0,0,0,0,0,0,0,0,0,0,2012-05-16 3:30,Property,14.53777137,120.9974781,No Collision Stated
None,EDSA,None,None,"No Accident Factor, Hit and Run (Rear-end), 0.0 drivers_injured, 0.0 drivers_killed, 0.0 passengers_injured, 0.0 passengers_killed, 0.0 pedestrian_injured, 0.0 pedestrian_killed, Fair (Day), EDSA fronting Toyota Motors Pasay",MMDA Road Safety Unit,,06346a04-0fd1-4479-9954-5bd77afbd728,2012-05-15,03:30:00,EDSA E. Rodriguez St. Pasay,0,0,0,0,0,0,0,0,0,0,2012-05-15 11:30,Property,14.53701539,120.9920619,Rear-End
None,EDSA,None,None,"No Accident Factor, No Collision Stated (based on Police Blotter Book), 0.0 drivers_injured, 0.0 drivers_killed, 0.0 passengers_injured, 0.0 passengers_killed, 0.0 pedestrian_injured, 0.0 pedestrian_killed, Fair (Day), EDSA before MRT-? Station Pasay",MMDA Road Safety Unit,,c13285c3-1b6c-4ac3-a0e4-1a04af8f4009,2012-05-14,05:20:00,EDSA before Heritage Hotel Pasay,0,0,0,0,0,0,0,0,0,0,2012-05-14 13:20,Property,14.53774418,121.0016913,No Collision Stated