LOCATION_TEXT,ROAD,WEATHER,LIGHT,DESC,REPORTING_AGENCY,MAIN_CAUSE,INCIDENTDETAILS_ID,DATE_UTC,TIME_UTC,ADDRESS,killed_driver,killed_passenger,killed_pedestrian,injured_driver,injured_passenger,injured_pedestrian,killed_uncategorized,injured_uncategorized,killed_total,injured_total,DATETIME_PST,SEVERITY,Y,X,COLLISION_TYPE
None,EDSA,None,None,"No Accident Factor, No Collision Stated (based on Police Blotter Book), 0.0 drivers_injured, 0.0 drivers_killed, 0.0 passengers_injured, 0.0 passengers_killed, 0.0 pedestrian_injured, 0.0 pedestrian_killed, Fair (Day), EDSA at ""U"" turn slot, Heritage Hotel Pasay",MMDA Road Safety Unit,,d9976bc0-9832-400b-bac7-4df44c6fb206,2012-05-13,22:00:00,"EDSA before Heritage Hotel ""U"" turn slot Pasay",0,0,0,0,0,0,0,0,0,0,2012-05-14 6:00,Property,14.53732389,120.9938637,No Collision Stated
None,EDSA,None,None,"No Accident Factor, No Collision Stated (based on Police Blotter Book), 0.0 drivers_injured, 0.0 drivers_killed, 0.0 passengers_injured, 0.0 passengers_killed, 0.0 pedestrian_injured, 0.0 pedestrian_killed, Fair (Night), EDSA Taft Ave. Pasay",MMDA Road Safety Unit,,450d2ce0-15fc-4b70-a5dc-fee1a75e0802,2012-05-13,14:20:00,"EDSA at ""U"" turn slot, Heritage Hotel Pasay",0,0,0,0,0,0,0,0,0,0,2012-05-13 22:20,Property,14.53775951,121.0007229,No Collision Stated
None,EDSA,None,None,"No Accident Factor, No Collision Stated (based on Police Blotter Book), 0.0 drivers_injured, 0.0 drivers_killed, 0.0 passengers_injured, 0.0 passengers_killed, 0.0 pedestrian_injured, 0.0 pedestrian_killed, Fair (Day), EDSA Before Kabayan Hotel Pasay",MMDA Road Safety Unit,,c910b1dd-4806-4eee-a3b2-7682e0baa9df,2012-05-12,02:30:00,EDSA fronting EDSA Entertainment Complex Pasay,0,0,0,0,0,0,0,0,0,0,2012-05-12 10:30,Property,14.53789642,121.0018449,No Collision Stated
None,EDSA,None,None,"No Accident Factor, No Collision Stated (based on Police Blotter Book), 0.0 drivers_injured, 0.0 drivers_killed, 0.0 passengers_injured, 0.0 passengers_killed, 0.0 pedestrian_injured, 0.0 pedestrian_killed, Fair (Day), EDSA  fronting Sogo Hotel Pasay",MMDA Road Safety Unit,,41eaca12-706f-4a0f-8ee4-a0bf3bf6c9c5,2012-05-12,02:25:00,EDSA before Taft Ave. Pasay,0,0,0,0,0,0,0,0,0,0,2012-05-12 10:25,Property,14.53763499,120.9961015,No Collision Stated
None,EDSA,None,None,"No Accident Factor, No Collision Stated (based on Police Blotter Book), 0.0 drivers_injured, 0.0 drivers_killed, 0.0 passengers_injured, 0.0 passengers_killed, 0.0 pedestrian_injured, 0.0 pedestrian_killed, Fair (Day), EDSA fronting Heritage Hotel Pasay",MMDA Road Safety Unit,,7cf68c5a-5b01-405d-b34d-86693404d025,2012-05-10,23:20:00,EDSA fronting Heritage Hotel Pasay,0,0,0,0,0,0,0,0,0,0,2012-05-11 7:20,Property,14.5372421,120.9936671,No Collision Stated
None,EDSA,None,None,"No Accident Factor, No Collision Stated (based on Police Blotter Book), 0.0 drivers_injured, 0.0 drivers_killed, 0.0 passengers_injured, 0.0 passengers_killed, 0.0 pedestrian_injured, 0.0 pedestrian_killed, Fair (Night), EDSA Park Ave. Pasay",MMDA Road Safety Unit,,5b7e3f2a-89a7-4088-aab9-3b9b6152dce4,2012-05-10,14:00:00,EDSA fronting Giselle Park Commercial Complex Pasay,0,0,0,0,0,0,0,0,0,0,2012-05-10 22:00,Property,14.53774622,120.9982843,No Collision Stated
None,EDSA,None,None,"No Accident Factor, No Collision Stated (based on Police Blotter Book), 0.0 drivers_injured, 0.0 drivers_killed, 0.0 passengers_injured, 0.0 passengers_killed, 0.0 pedestrian_injured, 0.0 pedestrian_killed, Fair (Day), EDSA before Pres. Diosdado Macapagal Blvd. Pasay",MMDA Road Safety Unit,,e0177d8a-3d95-4f8e-aea8-66b7c4631cd2,2012-05-08,08:45:00,EDSA Pres. Diosdado Macapagal Blvd. Pasay,0,0,0,0,0,0,0,0,0,0,2012-05-08 16:45,Property,14.53641159,120.9892693,No Collision Stated
None,EDSA,None,None,"No Accident Factor, No Collision Stated (based on Police Blotter Book), 0.0 drivers_injured, 0.0 drivers_killed, 0.0 passengers_injured, 0.0 passengers_killed, 0.0 pedestrian_injured, 0.0 pedestrian_killed, Fair (Day), EDSA E. Rodriguez St. Pasay",MMDA Road Safety Unit,,2c2dab20-1ca3-489d-9381-69e006b91a70,2012-05-07,07:15:00,EDSA F. B. Harrison St. Pasay,0,0,0,0,0,0,0,0,0,0,2012-05-07 15:15,Property,14.53836867,121.0085613,No Collision Stated
None,EDSA,None,None,"No Accident Factor, No Collision Stated (based on Police Blotter Book), 0.0 drivers_injured, 0.0 drivers_killed, 0.0 passengers_injured, 0.0 passengers_killed, 0.0 pedestrian_injured, 0.0 pedestrian_killed, Fair (Day), EDSA before Heritage Hotel Pasay",MMDA Road Safety Unit,,7a07f042-ac57-46f3-a14c-90bfa32b9746,2012-05-07,04:40:00,EDSA Taft Ave. Pasay,0,0,0,0,0,0,0,0,0,0,2012-05-07 12:40,Property,14.53735279,120.9934248,No Collision Stated
None,EDSA,None,None,"No Accident Factor, No Collision Stated (based on Police Blotter Book), 0.0 drivers_injured, 0.0 drivers_killed, 0.0 passengers_injured, 0.0 passengers_killed, 0.0 pedestrian_injured, 0.0 pedestrian_killed, Fair (Day), EDSA before Heritage Hotel ""U"" turn slot Pasay",MMDA Road Safety Unit,,cf30f62e-c138-4525-a8da-d72571824a5c,2012-05-07,03:30:00,EDSA fronting DLTB Bus Terminal Pasay,0,0,0,0,0,0,0,0,0,0,2012-05-07 11:30,Property,14.53735279,120.9934248,No Collision Stated
None,EDSA,None,None,"No Accident Factor, No Collision Stated (based on Police Blotter Book), 0.0 drivers_injured, 0.0 drivers_killed, 0.0 passengers_injured, 0.0 passengers_killed, 0.0 pedestrian_injured, 0.0 pedestrian_killed, Fair (Day), EDSA at ""U"" turn slot, Heritage Hotel Pasay",MMDA Road Safety Unit,,75a9beff-daeb-4dad-a003-28070c6ca42a,2012-05-07,01:00:00,EDSA fronting DLTB Bus Terminal Pasay,0,0,0,0,0,0,0,0,0,0,2012-05-07 9:00,Property,14.53732389,120.9938637,No Collision Stated
None,EDSA,None,None,"No Accident Factor, No Collision Stated (based on Police Blotter Book), 0.0 drivers_injured, 0.0 drivers_killed, 0.0 passengers_injured, 0.0 passengers_killed, 0.0 pedestrian_injured, 0.0 pedestrian_killed, Fair (Day), EDSA fronting EDSA Entertainment Complex Pasay",MMDA Road Safety Unit,,80eb03b6-f694-495d-a7a0-502fb923f4a9,2012-05-05,23:30:00,EDSA Taft Ave. Pasay,0,0,0,0,0,0,0,0,0,0,2012-05-06 7:30,Property,14.53789686,120.9971645,No Collision Stated
None,EDSA,None,None,"No Accident Factor, No Collision Stated (based on Police Blotter Book), 0.0 drivers_injured, 0.0 drivers_killed, 0.0 passengers_injured, 0.0 passengers_killed, 0.0 pedestrian_injured, 0.0 pedestrian_killed, Fair (Night), EDSA before Taft Ave. Pasay",MMDA Road Safety Unit,,9f89b19d-575b-4e49-b302-f4c19f7d967a,2012-05-04,13:30:00,EDSA fronting SM Corporate Bldg. Pasay,0,0,0,0,0,0,0,0,0,0,2012-05-04 21:30,Property,14.53764622,121.0012661,No Collision Stated
None,EDSA,None,None,"No Accident Factor, No Collision Stated (based on Police Blotter Book), 0.0 drivers_injured, 0.0 drivers_killed, 0.0 passengers_injured, 0.0 passengers_killed, 0.0 pedestrian_injured, 0.0 pedestrian_killed, Fair (Day), EDSA fronting Heritage Hotel Pasay",MMDA Road Safety Unit,,c34f4d5a-e986-4323-86b5-b56a5d07a353,2012-05-04,09:45:00,EDSA Pres. Diosdado Macapagal Blvd. Pasay,0,0,0,0,0,0,0,0,0,0,2012-05-04 17:45,Property,14.5372421,120.9936671,No Collision Stated
None,EDSA,None,None,"No Accident Factor, No Collision Stated (based on Police Blotter Book), 0.0 drivers_injured, 0.0 drivers_killed, 0.0 passengers_injured, 0.0 passengers_killed, 0.0 pedestrian_injured, 0.0 pedestrian_killed, Fair (Night), EDSA fronting Giselle Park Commercial Complex Pasay",MMDA Road Safety Unit,,360e42ba-40ba-46c7-b317-b7565c70fea4,2012-05-02,13:00:00,EDSA fronting Firehouse Disco Pasay,0,0,0,0,0,0,0,0,0,0,2012-05-02 21:00,Property,14.5388766,121.0106097,No Collision Stated
None,EDSA,None,None,"No Accident Factor, No Collision Stated (based on Police Blotter Book), 0.0 drivers_injured, 0.0 drivers_killed, 0.0 passengers_injured, 0.0 passengers_killed, 0.0 pedestrian_injured, 0.0 pedestrian_killed, Fair (Night), EDSA Pres. Diosdado Macapagal Blvd. Pasay",MMDA Road Safety Unit,,7bd0d055-a737-4742-b75f-588cc77c561c,2012-05-02,12:00:00,EDSA fronting Sogo Hotel Pasay,0,0,0,0,0,0,0,0,0,0,2012-05-02 20:00,Property,14.53619237,120.9889562,No Collision Stated
None,EDSA,None,None,"No Accident Factor, No Collision Stated (based on Police Blotter Book), 0.0 drivers_injured, 0.0 drivers_killed, 0.0 passengers_injured, 0.0 passengers_killed, 0.0 pedestrian_injured, 0.0 pedestrian_killed, Fair (Day), EDSA F. B. Harrison St. Pasay",MMDA Road Safety Unit,,e6ca6d76-5349-453b-a615-0b4a2650183e,2012-05-02,09:40:00,EDSA Cabrera St. Pasay,0,0,0,0,0,0,0,0,0,0,2012-05-02 17:40,Property,14.5378679,120.9956516,No Collision Stated
None,EDSA,None,None,"No Accident Factor, No Collision Stated (based on Police Blotter Book), 0.0 drivers_injured, 0.0 drivers_killed, 0.0 passengers_injured, 0.0 passengers_killed, 0.0 pedestrian_injured, 0.0 pedestrian_killed, Fair (Day), EDSA Taft Ave. Pasay",MMDA Road Safety Unit,,36d7e2e5-4cf1-449b-bb3c-e941fe02ed44,2012-04-29,06:00:00,EDSA Pres. Diosdado Macapagal Blvd. Pasay,0,0,0,0,0,0,0,0,0,0,2012-04-29 14:00,Property,14.53775951,121.0007229,No Collision Stated
None,EDSA,None,None,"No Accident Factor, No Collision Stated (based on Police Blotter Book), 0.0 drivers_injured, 0.0 drivers_killed, 0.0 passengers_injured, 0.0 passengers_killed, 0.0 pedestrian_injured, 0.0 pedestrian_killed, Fair (Day), EDSA fronting DLTB Bus Terminal Pasay",MMDA Road Safety Unit,,d5fb49b2-99c5-43f2-b775-d032338856ee,2012-04-29,00:00:00,EDSA F. B. Harrison St. Pasay,0,0,0,0,0,0,0,0,0,0,2012-04-29 8:00,Property,14.5377768,121.0037445,No Collision Stated
None,EDSA,None,None,"No Accident Factor, No Collision Stated (based on Police Blotter Book), 0.0 drivers_injured, 0.0 drivers_killed, 0.0 passengers_injured, 0.0 passengers_killed, 0.0 pedestrian_injured, 0.0 pedestrian_killed, Fair (Day), EDSA fronting DLTB Bus Terminal Pasay",MMDA Road Safety Unit,,91fe12df-bfe3-43a8-a349-b19de698da5e,2012-04-28,00:25:00,EDSA fronting Victory Liner Bus Terminal Pasay,0,0,0,0,0,0,0,0,0,0,2012-04-28 8:25,Property,14.5377768,121.0037445,No Collision Stated
None,EDSA,None,None,"No Accident Factor, No Collision Stated (based on Police Blotter Book), 0.0 drivers_injured, 0.0 drivers_killed, 0.0 passengers_injured, 0.0 passengers_killed, 0.0 pedestrian_injured, 0.0 pedestrian_killed, Fair (Day), EDSA Taft Ave. Pasay",MMDA Road Safety Unit,,963d332c-7514-4f1c-9079-6bece196b066,2012-04-26,03:30:00,EDSA fronting Genesis Bus Terminal Pasay,0,0,0,0,0,0,0,0,0,0,2012-04-26 11:30,Property,14.53775951,121.0007229,No Collision Stated
None,EDSA,None,None,"No Accident Factor, No Collision Stated (based on Police Blotter Book), 0.0 drivers_injured, 0.0 drivers_killed, 0.0 passengers_injured, 0.0 passengers_killed, 0.0 pedestrian_injured, 0.0 pedestrian_killed, Fair (Night), EDSA fronting SM Corporate Bldg. Pasay",MMDA Road Safety Unit,,076a37cb-5ddc-4c4e-8fdd-5e1480deecd8,2012-04-22,12:05:00,EDSA Roxas Blvd.   Pasay,0,0,0,0,0,0,0,0,0,0,2012-04-22 20:05,Property,14.53553823,120.9850879,No Collision Stated
None,EDSA,None,None,"No Accident Factor, No Collision Stated (based on Police Blotter Book), 0.0 drivers_injured, 0.0 drivers_killed, 0.0 passengers_injured, 0.0 passengers_killed, 0.0 pedestrian_injured, 0.0 pedestrian_killed, Fair (Night), EDSA Pres. Diosdado Macapagal Blvd. Pasay",MMDA Road Safety Unit,,cf8e74dc-fa60-474e-8bf5-2d6b120d0284,2012-04-21,21:45:00,EDSA Tramo St. Pasay,0,0,0,0,0,0,0,0,0,0,2012-04-22 5:45,Property,14.53619237,120.9889562,No Collision Stated
None,EDSA,None,None,"No Accident Factor, No Collision Stated (based on Police Blotter Book), 0.0 drivers_injured, 0.0 drivers_killed, 0.0 passengers_injured, 0.0 passengers_killed, 0.0 pedestrian_injured, 0.0 pedestrian_killed, Fair (Night), EDSA fronting Firehouse Disco Pasay",MMDA Road Safety Unit,,00363e7b-9749-4115-8513-9c8b36234ca4,2012-04-21,13:35:00,EDSA Roxas Blvd.   Pasay,0,0,0,0,0,0,0,0,0,0,2012-04-21 21:35,Property,14.53788378,120.995635,No Collision Stated
None,EDSA,None,None,"No Accident Factor, No Collision Stated (based on Police Blotter Book), 0.0 drivers_injured, 0.0 drivers_killed, 0.0 passengers_injured, 0.0 passengers_killed, 0.0 pedestrian_injured, 0.0 pedestrian_killed, Fair (Night), EDSA fronting Sogo Hotel Pasay",MMDA Road Safety Unit,,bdcccee3-fa57-4c8e-ba33-9403418ce081,2012-04-20,13:20:00,EDSA Pres. Diosdado Macapagal Blvd. Pasay,0,0,0,0,0,0,0,0,0,0,2012-04-20 21:20,Property,14.53741805,121.0012156,No Collision Stated
None,EDSA,None,None,"No Accident Factor, No Collision Stated (based on Police Blotter Book), 0.0 drivers_injured, 0.0 drivers_killed, 0.0 passengers_injured, 0.0 passengers_killed, 0.0 pedestrian_injured, 0.0 pedestrian_killed, Fair (Day), EDSA Cabrera St. Pasay",MMDA Road Safety Unit,,fcefaf7c-56d0-475b-9bf5-ccda24c45aef,2012-04-20,04:30:00,EDSA fronting Toyota Motors Pasay,0,0,0,0,0,0,0,0,0,0,2012-04-20 12:30,Property,14.53817493,121.0048575,No Collision Stated
None,EDSA,None,None,"No Accident Factor, No Collision Stated (based on Police Blotter Book), 0.0 drivers_injured, 0.0 drivers_killed, 0.0 passengers_injured, 0.0 passengers_killed, 0.0 pedestrian_injured, 0.0 pedestrian_killed, Fair (Day), EDSA Pres. Diosdado Macapagal Blvd. Pasay",MMDA Road Safety Unit,,cc557efc-e9e0-4fd6-aff4-60cdbe719bae,2012-04-19,04:45:00,EDSA fronting Inland Bus Terminal Pasay,0,0,0,0,0,0,0,0,0,0,2012-04-19 12:45,Property,14.53619237,120.9889562,No Collision Stated
None,EDSA,None,None,"No Accident Factor, No Collision Stated (based on Police Blotter Book), 0.0 drivers_injured, 0.0 drivers_killed, 0.0 passengers_injured, 0.0 passengers_killed, 0.0 pedestrian_injured, 0.0 pedestrian_killed, Fair (Night), EDSA F. B. Harrison St. Pasay",MMDA Road Safety Unit,,8634cf05-cbd9-46c4-9eca-6277748a8e52,2012-04-18,10:00:00,EDSA Tramo St. Pasay,0,0,0,0,0,0,0,0,0,0,2012-04-18 18:00,Property,14.5378679,120.9956516,No Collision Stated
None,EDSA,None,None,"No Accident Factor, No Collision Stated (based on Police Blotter Book), 0.0 drivers_injured, 0.0 drivers_killed, 0.0 passengers_injured, 0.0 passengers_killed, 0.0 pedestrian_injured, 0.0 pedestrian_killed, Fair (Day), EDSA fronting Victory Liner Bus Terminal Pasay",MMDA Road Safety Unit,,c7a381a5-ce11-4a25-9824-58994325b472,2012-04-18,06:10:00,EDSA Taft Ave. Pasay,0,0,0,0,0,0,0,0,0,0,2012-04-18 14:10,Property,14.53838401,121.0066671,No Collision Stated
None,EDSA,None,None,"No Accident Factor, No Collision Stated (based on Police Blotter Book), 0.0 drivers_injured, 0.0 drivers_killed, 0.0 passengers_injured, 0.0 passengers_killed, 0.0 pedestrian_injured, 0.0 pedestrian_killed, Fair (Day), EDSA fronting Genesis Bus Terminal Pasay",MMDA Road Safety Unit,,44922ae9-11a6-4b97-a4a8-429c7abe00f8,2012-04-17,05:00:00,EDSA Taft Ave. Pasay,0,0,0,0,0,0,0,0,0,0,2012-04-17 13:00,Property,14.53744594,121.0009613,No Collision Stated
None,EDSA,None,None,"No Accident Factor, No Collision Stated (based on Police Blotter Book), 0.0 drivers_injured, 0.0 drivers_killed, 0.0 passengers_injured, 0.0 passengers_killed, 0.0 pedestrian_injured, 0.0 pedestrian_killed, Fair (Night), EDSA Roxas Blvd.   Pasay",MMDA Road Safety Unit,,40d5d245-6c7c-43b2-aebe-2bb20d41e361,2012-04-16,11:30:00,EDSA Taft Ave. Pasay,0,0,0,0,0,0,0,0,0,0,2012-04-16 19:30,Property,14.53725136,120.9928775,No Collision Stated
None,EDSA,None,None,"No Accident Factor, No Collision Stated (based on Police Blotter Book), 0.0 drivers_injured, 0.0 drivers_killed, 0.0 passengers_injured, 0.0 passengers_killed, 0.0 pedestrian_injured, 0.0 pedestrian_killed, Fair (Night), EDSA Tramo St. Pasay",MMDA Road Safety Unit,,36b32c4a-5c1c-4724-b6dd-6fba19e18153,2012-04-15,14:30:00,EDSA Taft Ave. Pasay,0,0,0,0,0,0,0,0,0,0,2012-04-15 22:30,Property,14.53790544,121.0032547,No Collision Stated
None,EDSA,None,None,"No Accident Factor, No Collision Stated (based on Police Blotter Book), 0.0 drivers_injured, 0.0 drivers_killed, 0.0 passengers_injured, 0.0 passengers_killed, 0.0 pedestrian_injured, 0.0 pedestrian_killed, Fair (Day), EDSA Roxas Blvd.   Pasay",MMDA Road Safety Unit,,db76c3ee-175a-4916-930d-928866b536c8,2012-04-15,07:35:00,EDSA Pres. Diosdado Macapagal Blvd. Pasay,0,0,0,0,0,0,0,0,0,0,2012-04-15 15:35,Property,14.53725136,120.9928775,No Collision Stated
None,EDSA,None,None,"No Accident Factor, Rear-end, 0.0 drivers_injured, 0.0 drivers_killed, 0.0 passengers_injured, 0.0 passengers_killed, 0.0 pedestrian_injured, 0.0 pedestrian_killed, Fair (Day), EDSA Pres. Diosdado Macapagal Blvd. Pasay",MMDA Road Safety Unit,,1d291bb9-290d-4770-b65e-ff8a9ac1f6db,2012-04-15,04:40:00,EDSA Taft Ave. Pasay,0,0,0,0,0,0,0,0,0,0,2012-04-15 12:40,Property,14.53619237,120.9889562,Rear-End
None,EDSA,None,None,"No Accident Factor, No Collision Stated (based on Police Blotter Book), 0.0 drivers_injured, 0.0 drivers_killed, 0.0 passengers_injured, 0.0 passengers_killed, 0.0 pedestrian_injured, 0.0 pedestrian_killed, Fair (Night), EDSA fronting Toyota Motors Pasay",MMDA Road Safety Unit,,50fe8c92-9eac-4162-ba66-282e203a7f3e,2012-04-14,14:00:00,EDSA D. Santos St. Pasay,0,0,0,0,0,0,0,0,0,0,2012-04-14 22:00,Property,14.53701539,120.9920619,No Collision Stated
None,EDSA,None,None,"No Accident Factor, Side Swipe, 0.0 drivers_injured, 0.0 drivers_killed, 0.0 passengers_injured, 0.0 passengers_killed, 0.0 pedestrian_injured, 0.0 pedestrian_killed, Fair (Night), EDSA fronting Inland Bus Terminal Pasay",MMDA Road Safety Unit,,e7779ea9-8a57-414c-8983-492631f79ae6,2012-04-12,20:00:00,EDSA fronting Heritage Hotel Pasay,0,0,0,0,0,0,0,0,0,0,2012-04-13 4:00,Property,14.53817326,121.0066273,Side Swipe
None,EDSA,None,None,"No Accident Factor, No Collision Stated (based on Police Blotter Book), 0.0 drivers_injured, 0.0 drivers_killed, 0.0 passengers_injured, 0.0 passengers_killed, 0.0 pedestrian_injured, 0.0 pedestrian_killed, Fair (Day), EDSA Tramo St. Pasay",MMDA Road Safety Unit,,131db685-c363-45b3-8c72-d46253df4364,2012-04-12,02:30:00,EDSA Park Ave. Pasay,0,0,0,0,0,0,0,0,0,0,2012-04-12 10:30,Property,14.53790544,121.0032547,No Collision Stated
None,EDSA,None,None,"No Accident Factor, No Collision Stated (based on Police Blotter Book), 0.0 drivers_injured, 0.0 drivers_killed, 0.0 passengers_injured, 0.0 passengers_killed, 0.0 pedestrian_injured, 0.0 pedestrian_killed, Fair (Night), EDSA Taft Ave. Pasay",MMDA Road Safety Unit,,61f9b2aa-583d-49fd-9b33-60bf895d91b4,2012-04-11,11:40:00,EDSA F. B. Harrison St. Pasay,0,0,0,0,0,0,0,0,0,0,2012-04-11 19:40,Property,14.53775951,121.0007229,No Collision Stated
None,EDSA,None,None,"No Accident Factor, No Collision Stated (based on Police Blotter Book), 0.0 drivers_injured, 0.0 drivers_killed, 0.0 passengers_injured, 0.0 passengers_killed, 0.0 pedestrian_injured, 0.0 pedestrian_killed, Fair (Day), EDSA Taft Ave. Pasay",MMDA Road Safety Unit,,3efb022d-8335-476a-b3a2-b8dbca7920a2,2012-04-11,05:30:00,EDSA Roxas Blvd. Pasay,0,0,0,0,0,0,0,0,0,0,2012-04-11 13:30,Property,14.53775951,121.0007229,No Collision Stated
None,EDSA,None,None,"No Accident Factor, No Collision Stated (based on Police Blotter Book), 0.0 drivers_injured, 0.0 drivers_killed, 0.0 passengers_injured, 0.0 passengers_killed, 0.0 pedestrian_injured, 0.0 pedestrian_killed, Fair (Day), EDSA Taft Ave. Pasay",MMDA Road Safety Unit,,db3aed98-6bc1-44dd-a498-0d1a3f0bddb3,2012-04-11,05:00:00,EDSA Heritage Hotel Pasay,0,0,0,0,0,0,0,0,0,0,2012-04-11 13:00,Property,14.53775951,121.0007229,No Collision Stated
None,EDSA,None,None,"No Accident Factor, No Collision Stated (based on Police Blotter Book), 0.0 drivers_injured, 0.0 drivers_killed, 0.0 passengers_injured, 0.0 passengers_killed, 0.0 pedestrian_injured, 0.0 pedestrian_killed, Fair (Night), EDSA Taft Ave. Pasay",MMDA Road Safety Unit,,58063e5b-a451-46de-ab6f-7ab65cd4cb4b,2012-04-10,11:20:00,EDSA after Taft Ave. Pasay,0,0,0,0,0,0,0,0,0,0,2012-04-10 19:20,Property,14.53775951,121.0007229,No Collision Stated
None,EDSA,None,None,"No Accident Factor, No Collision Stated (based on Police Blotter Book), 0.0 drivers_injured, 0.0 drivers_killed, 0.0 passengers_injured, 0.0 passengers_killed, 0.0 pedestrian_injured, 0.0 pedestrian_killed, Fair (Day), EDSA Pres. Diosdado Macapagal Blvd. Pasay",MMDA Road Safety Unit,,72daea35-a393-4c65-887f-9abc1d4cf06f,2012-04-10,01:45:00,EDSA Taft Avenue Pasay,0,0,0,0,0,0,0,0,0,0,2012-04-10 9:45,Property,14.53619237,120.9889562,No Collision Stated
None,EDSA,None,None,"No Accident Factor, No Collision Stated (based on Police Blotter Book), 0.0 drivers_injured, 0.0 drivers_killed, 0.0 passengers_injured, 0.0 passengers_killed, 0.0 pedestrian_injured, 0.0 pedestrian_killed, Fair (Night), EDSA Taft Ave. Pasay",MMDA Road Safety Unit,,7428d33a-cb86-4531-9a54-67b95602b30a,2012-04-09,11:00:00,EDSA Diosdado Macapagal Blvd. Pasay,0,0,0,0,0,0,0,0,0,0,2012-04-09 19:00,Property,14.53775951,121.0007229,No Collision Stated
None,EDSA,None,None,"No Accident Factor, No Collision Stated (based on Police Blotter Book), 0.0 drivers_injured, 0.0 drivers_killed, 0.0 passengers_injured, 0.0 passengers_killed, 0.0 pedestrian_injured, 0.0 pedestrian_killed, Fair (Day), EDSA D. Santos St. Pasay",MMDA Road Safety Unit,,30254996-46ff-476b-b0b9-3f48745604fd,2012-04-09,09:25:00,EDSA Before Victory Liner Bus Terminal Pasay,0,0,0,0,0,0,0,0,0,0,2012-04-09 17:25,Property,14.53876868,121.0112304,No Collision Stated
None,EDSA,None,None,"No Accident Factor, Hit and Run (Hit Parked Vehicle), 0.0 drivers_injured, 0.0 drivers_killed, 0.0 passengers_injured, 0.0 passengers_killed, 0.0 pedestrian_injured, 0.0 pedestrian_killed, Fair (Day), EDSA fronting Heritage Hotel Pasay",MMDA Road Safety Unit,,4129c9ad-595f-48ee-a205-2aaf15d54d82,2012-04-07,06:30:00,EDSA Sogo Hotel Pasay,0,0,0,0,0,0,0,0,0,0,2012-04-07 14:30,Property,14.5372421,120.9936671,Hit Object
None,EDSA,None,None,"No Accident Factor, No Collision Stated (based on Police Blotter Book), 0.0 drivers_injured, 0.0 drivers_killed, 0.0 passengers_injured, 0.0 passengers_killed, 0.0 pedestrian_injured, 0.0 pedestrian_killed, Fair (Night), EDSA Park Ave. Pasay",MMDA Road Safety Unit,,d76bc0b7-8b7b-41c2-817d-6f6937253318,2012-04-03,13:00:00,EDSA Taft Ave. Pasay,0,0,0,0,0,0,0,0,0,0,2012-04-03 21:00,Property,14.53774622,120.9982843,No Collision Stated
None,EDSA,None,None,"No Accident Factor, No Collision Stated (based on Police Blotter Book), 0.0 drivers_injured, 0.0 drivers_killed, 0.0 passengers_injured, 0.0 passengers_killed, 0.0 pedestrian_injured, 0.0 pedestrian_killed, Fair (Night), EDSA F. B. Harrison St. Pasay",MMDA Road Safety Unit,,58febbd3-ba53-40de-a56d-5bec0455d21e,2012-04-02,18:00:00,EDSA Heritage Hotel Pasay,0,0,0,0,0,0,0,0,0,0,2012-04-03 2:00,Property,14.5378679,120.9956516,No Collision Stated
None,EDSA,None,None,"No Accident Factor, No Collision Stated (based on Police Blotter Book), 0.0 drivers_injured, 0.0 drivers_killed, 0.0 passengers_injured, 0.0 passengers_killed, 0.0 pedestrian_injured, 0.0 pedestrian_killed, Fair (Day), EDSA Roxas Blvd. Pasay",MMDA Road Safety Unit,,800f6e48-c154-4b97-8562-009ffb625a3f,2012-04-01,08:30:00,EDSA fronting Victory Liner Bus Terminal Pasay,0,0,0,0,0,0,0,0,0,0,2012-04-01 16:30,Property,14.53725136,120.9928775,No Collision Stated
None,EDSA,None,None,"No Accident Factor, No Collision Stated (based on Police Blotter Book), 0.0 drivers_injured, 0.0 drivers_killed, 0.0 passengers_injured, 0.0 passengers_killed, 0.0 pedestrian_injured, 0.0 pedestrian_killed, Fair (Night), EDSA Heritage Hotel Pasay",MMDA Road Safety Unit,,a0fe387a-8d05-4399-ad2f-09c283217d1f,2012-03-30,10:00:00,EDSA Pres. Diosdado Macapagal Blvd. Pasay,0,0,0,0,0,0,0,0,0,0,2012-03-30 18:00,Property,14.53721957,120.9935015,No Collision Stated
None,EDSA,None,None,"No Accident Factor, No Collision Stated (based on Police Blotter Book), 0.0 drivers_injured, 0.0 drivers_killed, 0.0 passengers_injured, 0.0 passengers_killed, 0.0 pedestrian_injured, 0.0 pedestrian_killed, Fair (Night), EDSA after Taft Ave. Pasay",MMDA Road Safety Unit,,4b3da7b7-abdb-4d1d-9379-a3ddb0994e59,2012-03-29,14:00:00,EDSA Taft Ave. Pasay,0,0,0,0,0,0,0,0,0,0,2012-03-29 22:00,Property,14.53748342,121.00128,No Collision Stated