LOCATION_TEXT,ROAD,WEATHER,LIGHT,DESC,REPORTING_AGENCY,MAIN_CAUSE,INCIDENTDETAILS_ID,DATE_UTC,TIME_UTC,ADDRESS,killed_driver,killed_passenger,killed_pedestrian,injured_driver,injured_passenger,injured_pedestrian,killed_uncategorized,injured_uncategorized,killed_total,injured_total,DATETIME_PST,SEVERITY,Y,X,COLLISION_TYPE
None,EDSA,None,None,"No Accident Factor, No Collision Stated (based on Police Blotter Book), 0.0 drivers_injured, 0.0 drivers_killed, 0.0 passengers_injured, 0.0 passengers_killed, 0.0 pedestrian_injured, 0.0 pedestrian_killed, Fair (Day), EDSA Taft Avenue Pasay",MMDA Road Safety Unit,,41a84f46-80dc-46f9-a2d7-06ac47fb25f1,2012-03-25,22:30:00,EDSA Before Taft Avenue / Victory Liner Bus Terminal Pasay,0,0,0,0,0,0,0,0,0,0,2012-03-26 6:30,Property,14.53775951,121.0007229,No Collision Stated
None,EDSA,None,None,"No Accident Factor, No Collision Stated (based on Police Blotter Book), 0.0 drivers_injured, 0.0 drivers_killed, 0.0 passengers_injured, 0.0 passengers_killed, 0.0 pedestrian_injured, 0.0 pedestrian_killed, Fair (Day), EDSA Diosdado Macapagal Blvd. Pasay",MMDA Road Safety Unit,,1f9ac530-dae8-4cdd-b6a6-0a5e6ed5be2a,2012-03-25,02:25:00,EDSA Roxas Blvd. Pasay,0,0,0,0,0,0,0,0,0,0,2012-03-25 10:25,Property,14.536143,120.9887488,No Collision Stated
None,EDSA,None,None,"No Accident Factor, No Collision Stated (based on Police Blotter Book), 1.0 drivers_injured, 0.0 drivers_killed, 0.0 passengers_injured, 0.0 passengers_killed, 0.0 pedestrian_injured, 0.0 pedestrian_killed, Fair (Day), EDSA Before Victory Liner Bus Terminal Pasay",MMDA Road Safety Unit,,2ea85ad7-11d2-4793-b0b3-b4c4427bb2d8,2012-03-25,01:40:00,EDSA Aurora Blvd. (Tramo) Pasay,0,0,0,1,0,0,0,0,0,1,2012-03-25 9:40,Injury,14.53837354,121.0069149,No Collision Stated
None,EDSA,None,None,"No Accident Factor, No Collision Stated (based on Police Blotter Book), 0.0 drivers_injured, 0.0 drivers_killed, 0.0 passengers_injured, 0.0 passengers_killed, 0.0 pedestrian_injured, 0.0 pedestrian_killed, Fair (Night), EDSA Sogo Hotel Pasay",MMDA Road Safety Unit,,6edf9c2e-8db3-4406-b5b4-f20ac3cbb130,2012-03-22,13:30:00,EDSA F. B. Harrison St. Pasay,0,0,0,0,0,0,0,0,0,0,2012-03-22 21:30,Property,14.53744776,121.0009304,No Collision Stated
None,EDSA,None,None,"No Accident Factor, No Collision Stated (based on Police Blotter Book), 0.0 drivers_injured, 0.0 drivers_killed, 0.0 passengers_injured, 0.0 passengers_killed, 0.0 pedestrian_injured, 0.0 pedestrian_killed, Fair (Night), EDSA Taft Ave. Pasay",MMDA Road Safety Unit,,2e544bf4-f2e2-4f34-8f4d-8e5b3efc268f,2012-03-19,14:00:00,EDSA Taft Ave. Pasay,0,0,0,0,0,0,0,0,0,0,2012-03-19 22:00,Property,14.53775951,121.0007229,No Collision Stated
None,EDSA,None,None,"No Accident Factor, No Collision Stated (based on Police Blotter Book), 0.0 drivers_injured, 0.0 drivers_killed, 0.0 passengers_injured, 0.0 passengers_killed, 0.0 pedestrian_injured, 0.0 pedestrian_killed, Fair (Day), EDSA Heritage Hotel Pasay",MMDA Road Safety Unit,,2b1eef58-4cb5-4f27-9ce6-1ab87ad55133,2012-03-17,07:20:00,EDSA before Rodriguez St. Pasay,0,0,0,0,0,0,0,0,0,0,2012-03-17 15:20,Property,14.53721957,120.9935015,No Collision Stated
None,EDSA,None,None,"No Accident Factor, No Collision Stated (based on Police Blotter Book), 1.0 drivers_injured, 0.0 drivers_killed, 0.0 passengers_injured, 0.0 passengers_killed, 0.0 pedestrian_injured, 0.0 pedestrian_killed, Fair (Day), EDSA fronting Victory Liner Bus Terminal Pasay",MMDA Road Safety Unit,,42ad71e7-0e33-4b35-9f2b-03bf0e2218ed,2012-03-17,06:15:00,EDSA Apelo Cruz St. Pasay,0,0,0,1,0,0,0,0,0,1,2012-03-17 14:15,Injury,14.53838401,121.0066671,No Collision Stated
None,EDSA,None,None,"No Accident Factor, No Collision Stated (based on Police Blotter Book), 0.0 drivers_injured, 0.0 drivers_killed, 0.0 passengers_injured, 0.0 passengers_killed, 0.0 pedestrian_injured, 0.0 pedestrian_killed, Fair (Day), EDSA Pres. Diosdado Macapagal Blvd. Pasay",MMDA Road Safety Unit,,233e8d05-6d7c-4fb8-ad35-eb9b6b2334f0,2012-03-15,23:30:00,EDSA C. Jose St. Footbridge Pasay,0,0,0,0,0,0,0,0,0,0,2012-03-16 7:30,Property,14.53619237,120.9889562,No Collision Stated
None,EDSA,None,None,"No Accident Factor, No Collision Stated (based on Police Blotter Book), 0.0 drivers_injured, 0.0 drivers_killed, 0.0 passengers_injured, 0.0 passengers_killed, 0.0 pedestrian_injured, 0.0 pedestrian_killed, Fair (Night), EDSA Taft Ave. Pasay",MMDA Road Safety Unit,,25807121-9ef1-4cbc-a495-1e2f8ab5e2d5,2012-03-15,21:00:00,EDSA Aurora Blvd. (Tramo) Pasay,0,0,0,0,0,0,0,0,0,0,2012-03-16 5:00,Property,14.53775951,121.0007229,No Collision Stated
None,EDSA,None,None,"No Accident Factor, No Collision Stated (based on Police Blotter Book), 0.0 drivers_injured, 0.0 drivers_killed, 0.0 passengers_injured, 0.0 passengers_killed, 0.0 pedestrian_injured, 0.0 pedestrian_killed, Fair (Day), EDSA Before Taft Avenue / Victory Liner Bus Terminal Pasay",MMDA Road Safety Unit,,1340ff2c-c6e6-480e-be2e-719299fb6730,2012-03-13,22:30:00,EDSA Diosdado Macapagal Blvd./ Select Convenient Store Pasay,0,0,0,0,0,0,0,0,0,0,2012-03-14 6:30,Property,14.53764622,121.0012661,No Collision Stated
None,EDSA,None,None,"No Accident Factor, No Collision Stated (based on Police Blotter Book), 0.0 drivers_injured, 0.0 drivers_killed, 0.0 passengers_injured, 0.0 passengers_killed, 0.0 pedestrian_injured, 0.0 pedestrian_killed, Fair (Day), EDSA Roxas Blvd. Pasay",MMDA Road Safety Unit,,74659be1-e0bf-490e-9a1c-d471423ca7b5,2012-03-12,07:00:00,EDSA Taft Ave. Pasay,0,0,0,0,0,0,0,0,0,0,2012-03-12 15:00,Property,14.53725136,120.9928775,No Collision Stated
None,EDSA,None,None,"No Accident Factor, No Collision Stated (based on Police Blotter Book), 0.0 drivers_injured, 0.0 drivers_killed, 0.0 passengers_injured, 0.0 passengers_killed, 0.0 pedestrian_injured, 0.0 pedestrian_killed, Fair (Day), EDSA Aurora Blvd. (Tramo) Pasay",MMDA Road Safety Unit,,f830e77c-d8cf-4c8e-8ef2-d59bcb58286f,2012-03-11,23:30:00,EDSA Taft Ave. Pasay,0,0,0,0,0,0,0,0,0,0,2012-03-12 7:30,Property,14.53779864,121.0033477,No Collision Stated
None,EDSA,None,None,"No Accident Factor, No Collision Stated (based on Police Blotter Book), 0.0 drivers_injured, 0.0 drivers_killed, 0.0 passengers_injured, 0.0 passengers_killed, 0.0 pedestrian_injured, 0.0 pedestrian_killed, Fair (Day), EDSA F. B. Harrison St. Pasay",MMDA Road Safety Unit,,df88c861-640e-43bf-a416-0d81ee4ce1d9,2012-03-11,07:00:00,EDSA Pres. Diosdado Macapagal Blvd. Pasay,0,0,0,0,0,0,0,0,0,0,2012-03-11 15:00,Property,14.5378679,120.9956516,No Collision Stated
None,EDSA,None,None,"No Accident Factor, No Collision Stated (based on Police Blotter Book), 0.0 drivers_injured, 0.0 drivers_killed, 0.0 passengers_injured, 0.0 passengers_killed, 0.0 pedestrian_injured, 0.0 pedestrian_killed, Fair (Day), EDSA Taft Ave. Pasay",MMDA Road Safety Unit,,dc72c604-0158-4b02-b9c3-2e603fd19e63,2012-03-10,07:05:00,EDSA Taft Ave. Pasay,0,0,0,0,0,0,0,0,0,0,2012-03-10 15:05,Property,14.53775951,121.0007229,No Collision Stated
None,EDSA,None,None,"No Accident Factor, No Collision Stated (based on Police Blotter Book), 0.0 drivers_injured, 0.0 drivers_killed, 0.0 passengers_injured, 0.0 passengers_killed, 0.0 pedestrian_injured, 0.0 pedestrian_killed, Fair (Day), EDSA before Rodriguez St. Pasay",MMDA Road Safety Unit,,99295219-41c7-4cdf-bf6e-df71233616ed,2012-03-10,03:15:00,EDSA C. Jose St. Pasay,0,0,0,0,0,0,0,0,0,0,2012-03-10 11:15,Property,14.53838655,121.0084449,No Collision Stated
None,EDSA,None,None,"No Accident Factor, No Collision Stated (based on Police Blotter Book), 0.0 drivers_injured, 0.0 drivers_killed, 0.0 passengers_injured, 0.0 passengers_killed, 0.0 pedestrian_injured, 0.0 pedestrian_killed, Fair (Day), EDSA Apelo Cruz St. Pasay",MMDA Road Safety Unit,,4b4caac0-b00a-4f0c-a08d-5b6d924808e2,2012-03-09,04:05:00,EDSA Mahal Kita Lodge Pasay,0,0,0,0,0,0,0,0,0,0,2012-03-09 12:05,Property,14.53789637,121.0046152,No Collision Stated
None,EDSA,None,None,"No Accident Factor, No Collision Stated (based on Police Blotter Book), 0.0 drivers_injured, 0.0 drivers_killed, 0.0 passengers_injured, 0.0 passengers_killed, 0.0 pedestrian_injured, 0.0 pedestrian_killed, Fair (Day), EDSA C. Jose St. Footbridge Pasay",MMDA Road Safety Unit,,4ad17fb2-bf6e-45dc-bce4-14df5cd40373,2012-03-09,00:45:00,EDSA Heritage Hotel Pasay,0,0,0,0,0,0,0,0,0,0,2012-03-09 8:45,Property,14.53873461,121.0107828,No Collision Stated
None,EDSA,None,None,"No Accident Factor, No Collision Stated (based on Police Blotter Book), 0.0 drivers_injured, 0.0 drivers_killed, 0.0 passengers_injured, 0.0 passengers_killed, 0.0 pedestrian_injured, 0.0 pedestrian_killed, Fair (Day), EDSA Aurora Blvd. (Tramo) Pasay",MMDA Road Safety Unit,,27c251f6-d1a0-4b77-b4a4-4bfdf29b9631,2012-03-08,01:55:00,EDSA Taft Ave. Pasay,0,0,0,0,0,0,0,0,0,0,2012-03-08 9:55,Property,14.53779864,121.0033477,No Collision Stated
None,EDSA,None,None,"No Accident Factor, No Collision Stated (based on Police Blotter Book), 0.0 drivers_injured, 0.0 drivers_killed, 0.0 passengers_injured, 0.0 passengers_killed, 0.0 pedestrian_injured, 0.0 pedestrian_killed, Fair (Day), EDSA Diosdado Macapagal Blvd./ Select Convenient Store Pasay",MMDA Road Safety Unit,,e2a4a429-759c-45fb-90a5-7395b933fea7,2012-03-07,01:30:00,EDSA Taft Ave. Pasay,0,0,0,0,0,0,0,0,0,0,2012-03-07 9:30,Property,14.536143,120.9887488,No Collision Stated
None,EDSA,None,None,"No Accident Factor, No Collision Stated (based on Police Blotter Book), 0.0 drivers_injured, 0.0 drivers_killed, 0.0 passengers_injured, 0.0 passengers_killed, 0.0 pedestrian_injured, 0.0 pedestrian_killed, Fair (Night), EDSA Taft Ave. Pasay",MMDA Road Safety Unit,,858ffbe2-e721-425d-b514-6bda79528f9d,2012-03-03,13:25:00,EDSA Taft Ave. Pasay,0,0,0,0,0,0,0,0,0,0,2012-03-03 21:25,Property,14.53775951,121.0007229,No Collision Stated
None,EDSA,None,None,"No Accident Factor, No Collision Stated (based on Police Blotter Book), 0.0 drivers_injured, 0.0 drivers_killed, 0.0 passengers_injured, 0.0 passengers_killed, 0.0 pedestrian_injured, 0.0 pedestrian_killed, Fair (Night), EDSA Taft Ave. Pasay",MMDA Road Safety Unit,,02fa3a24-1b8f-420d-a557-5eb62647b0a6,2012-03-03,11:35:00,EDSA Pres. Diosdado Macapagal Blvd. Pasay,0,0,0,0,0,0,0,0,0,0,2012-03-03 19:35,Property,14.53775951,121.0007229,No Collision Stated
None,EDSA,None,None,"No Accident Factor, No Collision Stated (based on Police Blotter Book), 1.0 drivers_injured, 0.0 drivers_killed, 0.0 passengers_injured, 0.0 passengers_killed, 0.0 pedestrian_injured, 0.0 pedestrian_killed, Fair (Night), EDSA Pres. Diosdado Macapagal Blvd. Pasay",MMDA Road Safety Unit,,0fd6e895-220c-4c40-a43b-dc9d747f0c66,2012-03-02,13:15:00,EDSA Taft Ave. Pasay,0,0,0,1,0,0,0,0,0,1,2012-03-02 21:15,Injury,14.53619237,120.9889562,No Collision Stated
None,EDSA,None,None,"No Accident Factor, No Collision Stated (based on Police Blotter Book), 0.0 drivers_injured, 0.0 drivers_killed, 0.0 passengers_injured, 0.0 passengers_killed, 0.0 pedestrian_injured, 0.0 pedestrian_killed, Fair (Day), EDSA Taft Ave. Pasay",MMDA Road Safety Unit,,1f5b76c8-e73e-46f6-a243-47768b86fb27,2012-03-02,07:00:00,EDSA Tramo St. Pasay,0,0,0,0,0,0,0,0,0,0,2012-03-02 15:00,Property,14.53775951,121.0007229,No Collision Stated
None,EDSA,None,None,"No Accident Factor, No Collision Stated (based on Police Blotter Book), 0.0 drivers_injured, 0.0 drivers_killed, 0.0 passengers_injured, 0.0 passengers_killed, 0.0 pedestrian_injured, 0.0 pedestrian_killed, Fair (Night), EDSA C. Jose St. Pasay",MMDA Road Safety Unit,,83a62ca6-a10b-474e-b96c-ac403c8f682d,2012-03-01,12:30:00,EDSA Taft Ave. Pasay,0,0,0,0,0,0,0,0,0,0,2012-03-01 20:30,Property,14.53873461,121.0107828,No Collision Stated
None,EDSA,None,None,"No Accident Factor, No Collision Stated (based on Police Blotter Book), 0.0 drivers_injured, 0.0 drivers_killed, 0.0 passengers_injured, 0.0 passengers_killed, 0.0 pedestrian_injured, 0.0 pedestrian_killed, Fair (Day), EDSA Mahal Kita Lodge Pasay",MMDA Road Safety Unit,,0860d1f4-b576-4a8f-bf62-dcfba6dfe284,2012-03-01,00:20:00,EDSA Pres. Diosdado Macapagal Blvd. Pasay,0,0,0,0,0,0,0,0,0,0,2012-03-01 8:20,Property,14.53743819,120.9997641,No Collision Stated
None,EDSA,None,None,"No Accident Factor, No Collision Stated (based on Police Blotter Book), 0.0 drivers_injured, 0.0 drivers_killed, 0.0 passengers_injured, 0.0 passengers_killed, 0.0 pedestrian_injured, 0.0 pedestrian_killed, Fair (Night), EDSA Heritage Hotel Pasay",MMDA Road Safety Unit,,ecc82fca-1b04-4a4e-a999-7681ca5968ac,2012-02-29,10:15:00,EDSA Auto Mall Pasay,0,0,0,0,0,0,0,0,0,0,2012-02-29 18:15,Property,14.53721957,120.9935015,No Collision Stated
None,EDSA,None,None,"No Accident Factor, No Collision Stated (based on Police Blotter Book), 0.0 drivers_injured, 0.0 drivers_killed, 0.0 passengers_injured, 0.0 passengers_killed, 0.0 pedestrian_injured, 0.0 pedestrian_killed, Fair (Day), EDSA Taft Ave. Pasay",MMDA Road Safety Unit,,54522c04-f534-4d8b-b0de-45ea88e2f131,2012-02-26,22:30:00,EDSA Taft Ave. Pasay,0,0,0,0,0,0,0,0,0,0,2012-02-27 6:30,Property,14.53775951,121.0007229,No Collision Stated
None,EDSA,None,None,"No Accident Factor, No Collision Stated (based on Police Blotter Book), 0.0 drivers_injured, 0.0 drivers_killed, 0.0 passengers_injured, 0.0 passengers_killed, 0.0 pedestrian_injured, 0.0 pedestrian_killed, Fair (Day), EDSA Taft Ave. Pasay",MMDA Road Safety Unit,,160f6fb9-7b81-4549-9be3-e7f22236d545,2012-02-24,08:15:00,EDSA Taft Ave. Pasay,0,0,0,0,0,0,0,0,0,0,2012-02-24 16:15,Property,14.53775951,121.0007229,No Collision Stated
None,EDSA,None,None,"No Accident Factor, No Collision Stated (based on Police Blotter Book), 0.0 drivers_injured, 0.0 drivers_killed, 0.0 passengers_injured, 0.0 passengers_killed, 0.0 pedestrian_injured, 0.0 pedestrian_killed, Fair (Day), EDSA Taft Ave. Pasay",MMDA Road Safety Unit,,c674e60f-7d9b-4269-80fc-932b0e41b154,2012-02-22,05:20:00,"EDSA at ""U"" turn slot, fronting Heritage Hotel Pasay",0,0,0,0,0,0,0,0,0,0,2012-02-22 13:20,Property,14.53775951,121.0007229,No Collision Stated
None,EDSA,None,None,"No Accident Factor, No Collision Stated (based on Police Blotter Book), 0.0 drivers_injured, 0.0 drivers_killed, 0.0 passengers_injured, 0.0 passengers_killed, 0.0 pedestrian_injured, 0.0 pedestrian_killed, Fair (Day), EDSA Pres. Diosdado Macapagal Blvd. Pasay",MMDA Road Safety Unit,,cff2bb8f-8fc8-4315-8afd-02253d022f02,2012-02-22,02:30:00,EDSA F. B. Harrison St. Pasay,0,0,0,0,0,0,0,0,0,0,2012-02-22 10:30,Property,14.53619237,120.9889562,No Collision Stated
None,EDSA,None,None,"No Accident Factor, No Collision Stated (based on Police Blotter Book), 0.0 drivers_injured, 0.0 drivers_killed, 0.0 passengers_injured, 0.0 passengers_killed, 0.0 pedestrian_injured, 0.0 pedestrian_killed, Fair (Day), EDSA Taft Ave. Pasay",MMDA Road Safety Unit,,c5c96941-766c-4dc8-9ddf-bc7bff674549,2012-02-21,23:30:00,EDSA before Taft Ave. Pasay,0,0,0,0,0,0,0,0,0,0,2012-02-22 7:30,Property,14.53775951,121.0007229,No Collision Stated
None,EDSA,None,None,"No Accident Factor, No Collision Stated (based on Police Blotter Book), 0.0 drivers_injured, 0.0 drivers_killed, 0.0 passengers_injured, 0.0 passengers_killed, 0.0 pedestrian_injured, 0.0 pedestrian_killed, Fair (Day), EDSA Tramo St. Pasay",MMDA Road Safety Unit,,4c03ee88-d7dc-4b8f-aa25-4c6f16445e21,2012-02-20,04:45:00,EDSA Roxas Blvd. Service Road Pasay,0,0,0,0,0,0,0,0,0,0,2012-02-20 12:45,Property,14.53790544,121.0032547,No Collision Stated
None,EDSA,None,None,"No Accident Factor, Hit and Run (No Collision Stated), 0.0 drivers_injured, 0.0 drivers_killed, 0.0 passengers_injured, 0.0 passengers_killed, 0.0 pedestrian_injured, 0.0 pedestrian_killed, Fair (Day), EDSA Taft Ave. Pasay",MMDA Road Safety Unit,,bbcb029c-f2c1-408e-b864-93e0f89dae8b,2012-02-19,04:20:00,EDSA after F. B. Harrison St. Pasay,0,0,0,0,0,0,0,0,0,0,2012-02-19 12:20,Property,14.53775951,121.0007229,No Collision Stated
None,EDSA,None,None,"No Accident Factor, No Collision Stated (based on Police Blotter Book), 0.0 drivers_injured, 0.0 drivers_killed, 0.0 passengers_injured, 0.0 passengers_killed, 0.0 pedestrian_injured, 0.0 pedestrian_killed, Fair (Day), EDSA Pres. Diosdado Macapagal Blvd. Pasay",MMDA Road Safety Unit,,6eaa3198-bcce-40a7-8d38-ce20057fa39c,2012-02-19,02:30:00,EDSA Caltex Gas Station Pasay,0,0,0,0,0,0,0,0,0,0,2012-02-19 10:30,Property,14.53619237,120.9889562,No Collision Stated
None,EDSA,None,None,"No Accident Factor, No Collision Stated (based on Police Blotter Book), 0.0 drivers_injured, 0.0 drivers_killed, 0.0 passengers_injured, 0.0 passengers_killed, 0.0 pedestrian_injured, 0.0 pedestrian_killed, Fair (Day), EDSA Auto Mall Pasay",MMDA Road Safety Unit,,778ceb45-0f87-4035-b05c-71c4d077d377,2012-02-18,08:45:00,EDSA before C. Jose St. Pasay,0,0,0,0,0,0,0,0,0,0,2012-02-18 16:45,Property,14.5378814,120.9972304,No Collision Stated
None,EDSA,None,None,"No Accident Factor, No Collision Stated (based on Police Blotter Book), 0.0 drivers_injured, 0.0 drivers_killed, 0.0 passengers_injured, 0.0 passengers_killed, 0.0 pedestrian_injured, 0.0 pedestrian_killed, Fair (Night), EDSA Taft Ave. Pasay",MMDA Road Safety Unit,,be9d0c0a-b3bf-4061-9b66-1a56312d4460,2012-02-17,21:50:00,EDSA Victory Liner Bus Terminal Pasay,0,0,0,0,0,0,0,0,0,0,2012-02-18 5:50,Property,14.53775951,121.0007229,No Collision Stated
None,EDSA,None,None,"No Accident Factor, No Collision Stated (based on Police Blotter Book), 0.0 drivers_injured, 0.0 drivers_killed, 0.0 passengers_injured, 0.0 passengers_killed, 0.0 pedestrian_injured, 0.0 pedestrian_killed, Fair (Night), EDSA Taft Ave. Pasay",MMDA Road Safety Unit,,a72034bd-455d-4da6-8d74-f24806767dd1,2012-02-15,18:30:00,EDSA Taft Ave. Pasay,0,0,0,0,0,0,0,0,0,0,2012-02-16 2:30,Property,14.53775951,121.0007229,No Collision Stated
None,EDSA,None,None,"No Accident Factor, Hit Object (No Object Stated), 0.0 drivers_injured, 0.0 drivers_killed, 0.0 passengers_injured, 0.0 passengers_killed, 0.0 pedestrian_injured, 0.0 pedestrian_killed, Fair (Night), EDSA at ""U"" turn slot, fronting Heritage Hotel Pasay",MMDA Road Safety Unit,,270a1046-7537-40fd-8384-fc2812265d41,2012-02-15,13:30:00,EDSA Pres. Diosdado Macapagal Blvd. Pasay,0,0,0,0,0,0,0,0,0,0,2012-02-15 21:30,Property,14.53735565,120.9938305,Hit Object
None,EDSA,None,None,"No Accident Factor, Hit Object (No Object Stated), 0.0 drivers_injured, 0.0 drivers_killed, 0.0 passengers_injured, 0.0 passengers_killed, 0.0 pedestrian_injured, 0.0 pedestrian_killed, Fair (Night), EDSA F. B. Harrison St. Pasay",MMDA Road Safety Unit,,ef9a2251-900d-4f19-ba65-32101d53845d,2012-02-14,20:00:00,EDSA Mahal Kita Hotel Pasay,0,0,0,0,0,0,0,0,0,0,2012-02-15 4:00,Property,14.5378679,120.9956516,Hit Object
None,EDSA,None,None,"No Accident Factor, No Collision Stated (based on Police Blotter Book), 0.0 drivers_injured, 0.0 drivers_killed, 0.0 passengers_injured, 0.0 passengers_killed, 0.0 pedestrian_injured, 0.0 pedestrian_killed, Fair (Night), EDSA before Taft Ave. Pasay",MMDA Road Safety Unit,,336deba0-c5bc-403b-9502-bdc181aa09ef,2012-02-14,13:40:00,EDSA Roxas Blvd. Pasay,0,0,0,0,0,0,0,0,0,0,2012-02-14 21:40,Property,14.53764622,121.0012661,No Collision Stated
None,EDSA,None,None,"No Accident Factor, No Collision Stated (based on Police Blotter Book), 0.0 drivers_injured, 0.0 drivers_killed, 0.0 passengers_injured, 0.0 passengers_killed, 0.0 pedestrian_injured, 0.0 pedestrian_killed, Fair (Day), EDSA Roxas Blvd. Service Road Pasay",MMDA Road Safety Unit,,780087fe-3e74-4563-a4fa-f3cfa549ae1a,2012-02-14,03:25:00,EDSA Victory Liner Bus Terminal Pasay,0,0,0,0,0,0,0,0,0,0,2012-02-14 11:25,Property,14.53725136,120.9928775,No Collision Stated
None,EDSA,None,None,"No Accident Factor, No Collision Stated (based on Police Blotter Book), 0.0 drivers_injured, 0.0 drivers_killed, 0.0 passengers_injured, 0.0 passengers_killed, 0.0 pedestrian_injured, 0.0 pedestrian_killed, Fair (Day), EDSA after F. B. Harrison St. Pasay",MMDA Road Safety Unit,,f12e676f-c498-404b-9651-756da36f5e82,2012-02-13,07:00:00,EDSA before Roxas Blvd. Pasay,0,0,0,0,0,0,0,0,0,0,2012-02-13 15:00,Property,14.53778442,120.9952576,No Collision Stated
None,EDSA,None,None,"No Accident Factor, No Collision Stated (based on Police Blotter Book), 0.0 drivers_injured, 0.0 drivers_killed, 0.0 passengers_injured, 0.0 passengers_killed, 0.0 pedestrian_injured, 0.0 pedestrian_killed, Fair (Night), EDSA Caltex Gas Station Pasay",MMDA Road Safety Unit,,a68b160b-cc79-4581-a5e0-3c50ffff6141,2012-02-12,12:30:00,EDSA Philtranco Bus Terminal Pasay,0,0,0,0,0,0,0,0,0,0,2012-02-12 20:30,Property,14.53902197,121.0121772,No Collision Stated
None,EDSA,None,None,"No Accident Factor, No Collision Stated (based on Police Blotter Book), 0.0 drivers_injured, 0.0 drivers_killed, 0.0 passengers_injured, 0.0 passengers_killed, 0.0 pedestrian_injured, 0.0 pedestrian_killed, Fair (Day), EDSA before C. Jose St. Pasay",MMDA Road Safety Unit,,a1b90563-321a-48f1-b2da-4a29e65dfb71,2012-02-11,04:05:00,EDSA Automall Pasay,0,0,0,0,0,0,0,0,0,0,2012-02-11 12:05,Property,14.53861972,121.0105462,No Collision Stated
None,EDSA,None,None,"No Accident Factor, No Collision Stated (based on Police Blotter Book), 0.0 drivers_injured, 0.0 drivers_killed, 0.0 passengers_injured, 0.0 passengers_killed, 0.0 pedestrian_injured, 0.0 pedestrian_killed, Fair (Day), EDSA Victory Liner Bus Terminal Pasay",MMDA Road Safety Unit,,b60e826b-d162-42bd-b6a2-e02ca82794e2,2012-02-11,00:45:00,EDSA Taft Ave. Pasay,0,0,0,0,0,0,0,0,0,0,2012-02-11 8:45,Property,14.53839425,121.0066648,No Collision Stated
None,EDSA,None,None,"No Accident Factor, No Collision Stated (based on Police Blotter Book), 0.0 drivers_injured, 0.0 drivers_killed, 0.0 passengers_injured, 0.0 passengers_killed, 0.0 pedestrian_injured, 0.0 pedestrian_killed, Fair (Night), EDSA Taft Ave. Pasay",MMDA Road Safety Unit,,d4a2cbba-fc35-4d69-86cf-917ed14aa2ca,2012-02-10,14:20:00,EDSA Taft Avenue / Mahal Kita Hotel Pasay,0,0,0,0,0,0,0,0,0,0,2012-02-10 22:20,Property,14.53775951,121.0007229,No Collision Stated
None,EDSA,None,None,"No Accident Factor, No Collision Stated (based on Police Blotter Book), 0.0 drivers_injured, 0.0 drivers_killed, 0.0 passengers_injured, 0.0 passengers_killed, 0.0 pedestrian_injured, 0.0 pedestrian_killed, Fair (Day), EDSA Pres. Diosdado Macapagal Blvd. Pasay",MMDA Road Safety Unit,,33b7cfe0-e230-4e13-bc52-f2807178662b,2012-02-10,08:15:00,EDSA Pres. Diosdado Macapagal Blvd. Pasay,0,0,0,0,0,0,0,0,0,0,2012-02-10 16:15,Property,14.53619237,120.9889562,No Collision Stated
None,EDSA,None,None,"No Accident Factor, No Collision Stated (based on Police Blotter Book), 0.0 drivers_injured, 0.0 drivers_killed, 0.0 passengers_injured, 0.0 passengers_killed, 0.0 pedestrian_injured, 0.0 pedestrian_killed, Fair (Day), EDSA Mahal Kita Hotel Pasay",MMDA Road Safety Unit,,b546f99a-ad07-47f1-bdb0-660cc6f0384f,2012-02-09,08:45:00,EDSA Taft Ave. Pasay,0,0,0,0,0,0,0,0,0,0,2012-02-09 16:45,Property,14.53743819,120.9997641,No Collision Stated
None,EDSA,None,None,"No Accident Factor, No Collision Stated (based on Police Blotter Book), 0.0 drivers_injured, 0.0 drivers_killed, 0.0 passengers_injured, 0.0 passengers_killed, 0.0 pedestrian_injured, 0.0 pedestrian_killed, Fair (Day), EDSA Roxas Blvd. Pasay",MMDA Road Safety Unit,,83d9967f-e8fb-48c4-bbcd-1e61ff38a241,2012-02-09,03:00:00,EDSA Taft Avenue / Park Avenue Pasay,0,0,0,0,0,0,0,0,0,0,2012-02-09 11:00,Property,14.53725136,120.9928775,No Collision Stated