LOCATION_TEXT,ROAD,WEATHER,LIGHT,DESC,REPORTING_AGENCY,MAIN_CAUSE,INCIDENTDETAILS_ID,DATE_UTC,TIME_UTC,ADDRESS,killed_driver,killed_passenger,killed_pedestrian,injured_driver,injured_passenger,injured_pedestrian,killed_uncategorized,injured_uncategorized,killed_total,injured_total,DATETIME_PST,SEVERITY,Y,X,COLLISION_TYPE
None,EDSA,None,None,"Unknown, Side Swipe, 0.0 drivers_injured, 0.0 drivers_killed, 0.0 passengers_injured, 0.0 passengers_killed, 0.0 pedestrian_injured, 0.0 pedestrian_killed, Dry, EDSA fronting Kabayan Hotel Pasay",MMDA Road Safety Unit,,566e8864-0fa0-4a4f-87b2-41713f6041be,2010-04-17,03:00:00,EDSA victory Liner Bus Terminal Pasay,0,0,0,0,0,0,0,0,0,0,2010-04-17 11:00,Property,14.53775899,121.0016559,Side Swipe
None,EDSA,None,None,"Unknown, Side Swipe, 0.0 drivers_injured, 0.0 drivers_killed, 0.0 passengers_injured, 0.0 passengers_killed, 0.0 pedestrian_injured, 0.0 pedestrian_killed, Dry, EDSA D. macapagal Blvd. Pasay",MMDA Road Safety Unit,,2a5d498e-719a-46da-87da-b1c1c7e88437,2010-04-15,18:30:00,EDSA Roxas Blvd. Pasay,0,0,0,0,0,0,0,0,0,0,2010-04-16 2:30,Property,14.53639024,120.988979,Side Swipe
None,EDSA,None,None,"Unknown, Side Swipe, 0.0 drivers_injured, 0.0 drivers_killed, 0.0 passengers_injured, 0.0 passengers_killed, 0.0 pedestrian_injured, 0.0 pedestrian_killed, Dry, EDSA fronting Heritage Hotel Pasay",MMDA Road Safety Unit,,0f2517c4-178e-419f-97e7-d269575d4f59,2010-04-06,10:30:00,EDSA fronting Mahal Kita Notel Pasay,0,0,0,0,0,0,0,0,0,0,2010-04-06 18:30,Property,14.5372421,120.9936671,Side Swipe
None,EDSA,None,None,"Unknown, Hit Object (No Object Stated), 0.0 drivers_injured, 0.0 drivers_killed, 0.0 passengers_injured, 0.0 passengers_killed, 0.0 pedestrian_injured, 0.0 pedestrian_killed, Dry, EDSA at ""U""turn slot / fronting Heritage Hotel Pasay",MMDA Road Safety Unit,,e5c978d0-71cb-4fb6-bfa7-4122d5e54703,2010-03-26,14:00:00,EDSA fronting Toyota Mla Bay Pasay,0,0,0,0,0,0,0,0,0,0,2010-03-26 22:00,Property,14.53735551,120.9938141,Hit Object
None,EDSA,None,None,"Unknown, Side Swipe, 0.0 drivers_injured, 0.0 drivers_killed, 0.0 passengers_injured, 0.0 passengers_killed, 0.0 pedestrian_injured, 0.0 pedestrian_killed, Dry, EDSA before Heritage Hotel Pasay",MMDA Road Safety Unit,,a4d883ed-e583-4147-86ed-200436c680e3,2010-03-26,02:45:00,EDSA F.B. Harrison St. Pasay,0,0,0,0,0,0,0,0,0,0,2010-03-26 10:45,Property,14.53735279,120.9934248,Side Swipe
None,EDSA,None,None,"Human Error, Side Swipe, 1.0 drivers_injured, 0.0 drivers_killed, 0.0 passengers_injured, 0.0 passengers_killed, 0.0 pedestrian_injured, 0.0 pedestrian_killed, Dry, EDSA after Taft Avenue Pasay",MMDA Road Safety Unit,,8f71f3e5-1193-4ef8-b926-cdc179fa42aa,2010-03-21,22:40:00,EDSA after Foot Bridge Cabrera  Pasay,0,0,0,1,0,0,0,0,0,1,2010-03-22 6:40,Injury,14.53748342,121.00128,Side Swipe
None,EDSA,None,None,"Unknown, Side Swipe, 1.0 drivers_injured, 0.0 drivers_killed, 0.0 passengers_injured, 0.0 passengers_killed, 0.0 pedestrian_injured, 0.0 pedestrian_killed, Dry, EDSA fronting Pasay Automall Pasay",MMDA Road Safety Unit,,99ebce5d-9e39-44cf-a401-d972511db414,2010-03-14,02:30:00,"EDSA at ""U""turn slot / Toyota Mla Bay Pasay",0,0,0,1,0,0,0,0,0,1,2010-03-14 10:30,Injury,14.53793402,120.9970652,Side Swipe
None,EDSA,None,None,"Unknown, Hit and Run (No Collision Stated), 0.0 drivers_injured, 0.0 drivers_killed, 0.0 passengers_injured, 0.0 passengers_killed, 0.0 pedestrian_injured, 0.0 pedestrian_killed, Dry, EDSA Park Avenue Pasay",MMDA Road Safety Unit,,1bafcfef-ce1c-491d-b061-79c48d0a765a,2010-03-11,22:40:00,"EDSA at ""U""turn slot / Heritage Hotel Pasay",0,0,0,0,0,0,0,0,0,0,2010-03-12 6:40,Property,14.53774622,120.9982843,No Collision Stated
None,EDSA,None,None,"Unknown, Hit and Run (No Collision Stated), 0.0 drivers_injured, 0.0 drivers_killed, 0.0 passengers_injured, 0.0 passengers_killed, 0.0 pedestrian_injured, 0.0 pedestrian_killed, Dry, EDSA near Taft Avenue  Pasay",MMDA Road Safety Unit,,03909e98-c94e-456e-91eb-4246085d34e2,2010-03-08,07:30:00,EDSA MRT-? Station Pasay,0,0,0,0,0,0,0,0,0,0,2010-03-08 15:30,Property,14.53768652,121.0014157,No Collision Stated
None,EDSA,None,None,"Unknown, Hit Object (No Object Stated), 0.0 drivers_injured, 0.0 drivers_killed, 0.0 passengers_injured, 0.0 passengers_killed, 0.0 pedestrian_injured, 0.0 pedestrian_killed, Dry, EDSA fronting zvictory Liner Bus Terminal Pasay",MMDA Road Safety Unit,,0ea7362e-1331-451a-af44-ffbb603057fd,2010-03-06,08:00:00,"EDSA at ""U""turn slot / P. Celle St. Pasay",0,0,0,0,0,0,0,0,0,0,2010-03-06 16:00,Property,14.53837135,121.006595,Hit Object
None,EDSA,None,None,"Unknown, Hit and Run (No Collision Stated), 0.0 drivers_injured, 0.0 drivers_killed, 0.0 passengers_injured, 0.0 passengers_killed, 0.0 pedestrian_injured, 0.0 pedestrian_killed, Dry, EDSA Roxas Blvd. Pasay",MMDA Road Safety Unit,,c8648d6b-0f82-49ec-bdbd-399f04ff221c,2010-03-05,11:30:00,EDSA fronting Victory Liner Pasay,0,0,0,0,0,0,0,0,0,0,2010-03-05 19:30,Property,14.53725136,120.9928775,No Collision Stated
None,EDSA,None,None,"Unknown, Side Swipe, 0.0 drivers_injured, 0.0 drivers_killed, 0.0 passengers_injured, 0.0 passengers_killed, 0.0 pedestrian_injured, 0.0 pedestrian_killed, Dry, EDSA fronting Mahal Kita Notel Pasay",MMDA Road Safety Unit,,ed5ebcd1-cdd7-4acc-98f2-190cef87dc8b,2010-03-03,03:30:00,EDSA Tramo St. Pasay,0,0,0,0,0,0,0,0,0,0,2010-03-03 11:30,Property,14.5374691,120.9996025,Side Swipe
None,EDSA,None,None,"Unknown, Hit Object (No Object Stated), 0.0 drivers_injured, 0.0 drivers_killed, 0.0 passengers_injured, 0.0 passengers_killed, 0.0 pedestrian_injured, 0.0 pedestrian_killed, Dry, EDSA fronting Toyota Mla Bay Pasay",MMDA Road Safety Unit,,dd2bbc9b-6a51-4f97-900d-185566deef91,2010-02-28,12:00:00,EDSA F .B. Harrison St. Pasay,0,0,0,0,0,0,0,0,0,0,2010-02-28 20:00,Property,14.53701539,120.9920619,Hit Object
None,EDSA,None,None,"Unknown, Side Swipe, 0.0 drivers_injured, 0.0 drivers_killed, 0.0 passengers_injured, 0.0 passengers_killed, 0.0 pedestrian_injured, 0.0 pedestrian_killed, Dry, EDSA near F.B. Harrison St. Pasay",MMDA Road Safety Unit,,964de15f-1491-4bc9-8e53-91b03a3e568a,2010-02-22,01:45:00,EDSA fronting Victory liner Bus terminal Pasay,0,0,0,0,0,0,0,0,0,0,2010-02-22 9:45,Property,14.5377929,120.9956772,Side Swipe
None,EDSA,None,None,"Unknown, Side Swipe, 0.0 drivers_injured, 0.0 drivers_killed, 0.0 passengers_injured, 0.0 passengers_killed, 0.0 pedestrian_injured, 0.0 pedestrian_killed, Dry, EDSA after Foot Bridge Cabrera  Pasay",MMDA Road Safety Unit,,a20e3cfc-e37e-4e50-b86d-04bb2cad0043,2010-02-21,06:30:00,EDSA fronting Heritage Hotel Pasay,0,0,0,0,0,0,0,0,0,0,2010-02-21 14:30,Property,14.53807906,121.0051484,Side Swipe
None,EDSA,None,None,"Unknown, Hit Object (No Object Stated), 0.0 drivers_injured, 0.0 drivers_killed, 0.0 passengers_injured, 0.0 passengers_killed, 0.0 pedestrian_injured, 0.0 pedestrian_killed, Dry, EDSA at ""U""turn slot / Toyota Mla Bay Pasay",MMDA Road Safety Unit,,8f3750a9-fb29-4fb3-a4de-60b0780b5bda,2010-02-17,01:00:00,EDSA after Taft Avenue (NB) Pasay,0,0,0,0,0,0,0,0,0,0,2010-02-17 9:00,Property,14.53675567,120.9911222,Hit Object
None,EDSA,None,None,"Unknown, Hit Object (No Object Stated), 0.0 drivers_injured, 0.0 drivers_killed, 0.0 passengers_injured, 0.0 passengers_killed, 0.0 pedestrian_injured, 0.0 pedestrian_killed, Dry, EDSA at ""U""turn slot / Heritage Hotel Pasay",MMDA Road Safety Unit,,883a73b3-b6b2-4318-be77-dd928f4594a5,2010-02-05,01:00:00,EDSA Taft Ave. Pasay,0,0,0,0,0,0,0,0,0,0,2010-02-05 9:00,Property,14.53735565,120.9938305,Hit Object
None,EDSA,None,None,"Unknown, Side Swipe, 0.0 drivers_injured, 0.0 drivers_killed, 0.0 passengers_injured, 0.0 passengers_killed, 0.0 pedestrian_injured, 0.0 pedestrian_killed, Dry, EDSA MRT-? Station Pasay",MMDA Road Safety Unit,,9c83db12-c468-4a52-827c-0e1fc8d52861,2010-02-02,01:30:00,EDSA before Taft Ave. Pasay,0,0,0,0,0,0,0,0,0,0,2010-02-02 9:30,Property,14.53769253,121.0014383,Side Swipe
None,EDSA,None,None,"Unknown, Hit Object (No Object Stated), 0.0 drivers_injured, 0.0 drivers_killed, 0.0 passengers_injured, 0.0 passengers_killed, 0.0 pedestrian_injured, 0.0 pedestrian_killed, Dry, EDSA at ""U""turn slot / P. Celle St. Pasay",MMDA Road Safety Unit,,ae6ca28c-67de-4af5-b361-49352d2bc569,2010-01-27,17:00:00,EDSA Tramo St. Pasay,0,0,0,0,0,0,0,0,0,0,2010-01-28 1:00,Property,14.53775465,120.997396,Hit Object
None,EDSA,None,None,"Unknown, Side Swipe, 0.0 drivers_injured, 0.0 drivers_killed, 0.0 passengers_injured, 0.0 passengers_killed, 0.0 pedestrian_injured, 0.0 pedestrian_killed, Dry, EDSA fronting Victory Liner Pasay",MMDA Road Safety Unit,,fb02a0ec-18b5-4b5c-a01c-3a26cefc5182,2010-01-21,09:00:00,EDSA D. Macapagal Blvd. Pasay,0,0,0,0,0,0,0,0,0,0,2010-01-21 17:00,Property,14.53838401,121.0066671,Side Swipe
None,EDSA,None,None,"Unknown, Angle Impact, 0.0 drivers_injured, 0.0 drivers_killed, 0.0 passengers_injured, 0.0 passengers_killed, 0.0 pedestrian_injured, 0.0 pedestrian_killed, Dry, EDSA Tramo St. Pasay",MMDA Road Safety Unit,,5366e583-1b0a-4170-ac05-b6ac9759fdfd,2010-01-09,01:55:00,EDSA Tramo St. Pasay,0,0,0,0,0,0,0,0,0,0,2010-01-09 9:55,Property,14.53790544,121.0032547,Angle Impact
None,EDSA,None,None,"Unknown, Angle Impact, 0.0 drivers_injured, 0.0 drivers_killed, 0.0 passengers_injured, 0.0 passengers_killed, 0.0 pedestrian_injured, 0.0 pedestrian_killed, Fair (Night), EDSA F .B. Harrison St. Pasay",MMDA Road Safety Unit,,d342f71b-4b8a-4593-8f62-077c0933e3a2,2009-12-12,13:20:00,EDSA Taft Ave. Pasay,0,0,0,0,0,0,0,0,0,0,2009-12-12 21:20,Property,14.53785244,120.9957175,Angle Impact
None,EDSA,None,None,"Unknown, Hit and Run (No Collision Stated), 0.0 drivers_injured, 0.0 drivers_killed, 0.0 passengers_injured, 0.0 passengers_killed, 0.0 pedestrian_injured, 0.0 pedestrian_killed, Fair (Night), EDSA fronting Victory liner Bus terminal Pasay",MMDA Road Safety Unit,,5b0a15c0-d410-4c27-8f7f-b9ca1a43b59a,2009-12-07,18:30:00,EDSA fronting Heritage Hotel Pasay,0,0,0,0,0,0,0,0,0,0,2009-12-08 2:30,Property,14.53838401,121.0066671,No Collision Stated
None,EDSA,None,None,"Unknown, Side Swipe, 0.0 drivers_injured, 0.0 drivers_killed, 0.0 passengers_injured, 0.0 passengers_killed, 0.0 pedestrian_injured, 0.0 pedestrian_killed, Fair (Day), EDSA fronting Heritage Hotel Pasay",MMDA Road Safety Unit,,1f0a229f-6ddf-4e89-8188-6ffe3bcd235a,2009-12-07,07:30:00,EDSA Taft Ave. Pasay,0,0,0,0,0,0,0,0,0,0,2009-12-07 15:30,Property,14.5372421,120.9936671,Side Swipe
None,EDSA,None,None,"Unknown, Side Swipe, 0.0 drivers_injured, 0.0 drivers_killed, 0.0 passengers_injured, 0.0 passengers_killed, 0.0 pedestrian_injured, 0.0 pedestrian_killed, Fair (Night), EDSA after Taft Avenue (NB) Pasay",MMDA Road Safety Unit,,0f092782-f8f4-46ed-a657-e7466d757720,2009-11-24,14:30:00,EDSA Park Avenue Pasay,0,0,0,0,0,0,0,0,0,0,2009-11-24 22:30,Property,14.53748342,121.00128,Side Swipe
None,EDSA,None,None,"Human Error, Side Swipe, 1.0 drivers_injured, 0.0 drivers_killed, 0.0 passengers_injured, 0.0 passengers_killed, 0.0 pedestrian_injured, 0.0 pedestrian_killed, Fair (Day), EDSA Taft Ave. Pasay",MMDA Road Safety Unit,,258620c8-36dd-40a0-81ac-353a023cff40,2009-11-09,22:00:00,EDSA fronting Cathay Pacific Builders Pasay,0,0,0,1,0,0,0,0,0,1,2009-11-10 6:00,Injury,14.53775951,121.0007229,Side Swipe
None,EDSA,None,None,"Unknown, Side Swipe, 0.0 drivers_injured, 0.0 drivers_killed, 0.0 passengers_injured, 0.0 passengers_killed, 0.0 pedestrian_injured, 0.0 pedestrian_killed, Fair (Night), EDSA before Taft Ave. Pasay",MMDA Road Safety Unit,,ce5028ed-1dc6-4cba-998f-7133f200c5d6,2009-10-30,21:10:00,EDSA F.B. Harrison St. Pasay,0,0,0,0,0,0,0,0,0,0,2009-10-31 5:10,Property,14.53764622,121.0012661,Side Swipe
None,EDSA,None,None,"Unknown, Hit object (No Object Stated), 0.0 drivers_injured, 0.0 drivers_killed, 0.0 passengers_injured, 0.0 passengers_killed, 0.0 pedestrian_injured, 0.0 pedestrian_killed, Fair (Night), EDSA Tramo St. Pasay",MMDA Road Safety Unit,,8ba899a9-bf9c-4a2c-b7f1-7ef02dfab2a7,2009-10-30,08:30:00,EDSA D. Macapagal Blvd. Pasay,0,0,0,0,0,0,0,0,0,0,2009-10-30 16:30,Property,14.53790544,121.0032547,Hit Object
None,EDSA,None,None,"Unknown, Rear-end, 0.0 drivers_injured, 0.0 drivers_killed, 0.0 passengers_injured, 0.0 passengers_killed, 0.0 pedestrian_injured, 0.0 pedestrian_killed, Fair (Day), EDSA D. Macapagal Blvd. Pasay",MMDA Road Safety Unit,,7b17dd12-f84b-4928-98e0-508c29513eff,2009-10-25,04:45:00,EDSA Taft Ave. Pasay,0,0,0,0,0,0,0,0,0,0,2009-10-25 12:45,Property,14.53639024,120.988979,Rear-End
None,EDSA,None,None,"Unknown, Angle Impact, 0.0 drivers_injured, 0.0 drivers_killed, 0.0 passengers_injured, 0.0 passengers_killed, 0.0 pedestrian_injured, 0.0 pedestrian_killed, Fair (Night), EDSA Tramo St. Pasay",MMDA Road Safety Unit,,d6c43b64-02c0-4449-8279-3b7988d00119,2009-10-08,09:30:00,EDSA Taft Ave. Pasay,0,0,0,0,0,0,0,0,0,0,2009-10-08 17:30,Property,14.53790544,121.0032547,Angle Impact
None,EDSA,None,None,"Unknown, Angle Impact, 0.0 drivers_injured, 0.0 drivers_killed, 0.0 passengers_injured, 0.0 passengers_killed, 0.0 pedestrian_injured, 0.0 pedestrian_killed, Fair (Day), EDSA Taft Ave. Pasay",MMDA Road Safety Unit,,57b554e0-adb0-4d91-ae35-85db6b076536,2009-10-01,06:35:00,EDSA fronting May Bank Pasay,0,0,0,0,0,0,0,0,0,0,2009-10-01 14:35,Property,14.53775951,121.0007229,Angle Impact
None,EDSA,None,None,"Unknown, Side Swipe, 0.0 drivers_injured, 0.0 drivers_killed, 0.0 passengers_injured, 0.0 passengers_killed, 0.0 pedestrian_injured, 0.0 pedestrian_killed, Fair (Day), EDSA fronting Heritage Hotel Pasay",MMDA Road Safety Unit,,2d741833-f966-448d-b25b-09a84f68402d,2009-10-01,06:30:00,EDSA Taft Ave. Pasay,0,0,0,0,0,0,0,0,0,0,2009-10-01 14:30,Property,14.5372421,120.9936671,Side Swipe
None,EDSA,None,None,"Unknown, Angle Impact, 0.0 drivers_injured, 0.0 drivers_killed, 0.0 passengers_injured, 0.0 passengers_killed, 0.0 pedestrian_injured, 0.0 pedestrian_killed, Fair (Day), EDSA Taft Ave. Pasay",MMDA Road Safety Unit,,6d7bd685-32a4-467d-ac98-ff65f96329a2,2009-09-25,05:00:00,EDSA Victory liner term. Pasay,0,0,0,0,0,0,0,0,0,0,2009-09-25 13:00,Property,14.53775951,121.0007229,Angle Impact
None,EDSA,None,None,"Unknown, Angle Impact, 0.0 drivers_injured, 0.0 drivers_killed, 0.0 passengers_injured, 0.0 passengers_killed, 0.0 pedestrian_injured, 0.0 pedestrian_killed, Fair (Day), EDSA Park Avenue Pasay",MMDA Road Safety Unit,,48ebe158-fc06-472b-9910-7acaea456169,2009-09-24,03:00:00,EDSA Taft Ave. Pasay,0,0,0,0,0,0,0,0,0,0,2009-09-24 11:00,Property,14.53774622,120.9982843,Angle Impact
None,EDSA,None,None,"Unknown, Side Swipe, 0.0 drivers_injured, 0.0 drivers_killed, 0.0 passengers_injured, 0.0 passengers_killed, 0.0 pedestrian_injured, 0.0 pedestrian_killed, Fair (Day), EDSA fronting Cathay Pacific Builders Pasay",MMDA Road Safety Unit,,669134f0-a059-4004-a3fa-d595f49ad023,2009-09-22,01:30:00,EDSA Victory Liner Bus Terminal Pasay,0,0,0,0,0,0,0,0,0,0,2009-09-22 9:30,Property,14.53851716,121.008244,Side Swipe
None,EDSA,None,None,"Unknown, Angle Impact, 0.0 drivers_injured, 0.0 drivers_killed, 0.0 passengers_injured, 0.0 passengers_killed, 0.0 pedestrian_injured, 0.0 pedestrian_killed, Fair (Day), EDSA F.B. Harrison St. Pasay",MMDA Road Safety Unit,,7194bcee-eee5-40f5-a4e4-d1a6eed539b5,2009-09-21,23:30:00,EDSA near Taft Avenue  Pasay,0,0,0,0,0,0,0,0,0,0,2009-09-22 7:30,Property,14.53785118,120.9955695,Angle Impact
None,EDSA,None,None,"Unknown, Hit and Run (No Collision Stated), 0.0 drivers_injured, 0.0 drivers_killed, 0.0 passengers_injured, 0.0 passengers_killed, 0.0 pedestrian_injured, 0.0 pedestrian_killed, Fair (Day), EDSA D. Macapagal Blvd. Pasay",MMDA Road Safety Unit,,e006bdd5-f85a-4738-85b3-3dc3f8adae23,2009-09-10,02:15:00,"EDSA at ""U""turn slot / Heritage Hotel Pasay",0,0,0,0,0,0,0,0,0,0,2009-09-10 10:15,Property,14.53639024,120.988979,No Collision Stated
None,EDSA,None,None,"Unknown, Angle Impact, 0.0 drivers_injured, 0.0 drivers_killed, 0.0 passengers_injured, 0.0 passengers_killed, 0.0 pedestrian_injured, 0.0 pedestrian_killed, Fair (Night), EDSA Taft Ave. Pasay",MMDA Road Safety Unit,,37a97896-0539-4a56-b964-c6672185f946,2009-08-29,15:00:00,EDSA Taft Ave. Pasay,0,0,0,0,0,0,0,0,0,0,2009-08-29 23:00,Property,14.53775951,121.0007229,Angle Impact
None,EDSA,None,None,"Unknown, Angle Impact, 0.0 drivers_injured, 0.0 drivers_killed, 0.0 passengers_injured, 0.0 passengers_killed, 0.0 pedestrian_injured, 0.0 pedestrian_killed, Fair (Night), EDSA Taft Ave. Pasay",MMDA Road Safety Unit,,46c5f292-2fa4-4ec8-a91c-4cdf27af61e4,2009-08-27,14:30:00,EDSA Taft Ave. Pasay,0,0,0,0,0,0,0,0,0,0,2009-08-27 22:30,Property,14.53775951,121.0007229,Angle Impact
None,EDSA,None,None,"Unknown, Side Swipe, 0.0 drivers_injured, 0.0 drivers_killed, 0.0 passengers_injured, 0.0 passengers_killed, 0.0 pedestrian_injured, 0.0 pedestrian_killed, Fair (Day), EDSA fronting May Bank Pasay",MMDA Road Safety Unit,,83007ba5-7215-4906-88f1-49d73eff00a1,2009-08-27,04:45:00,EDSA Taft Avenue near Sogo Hotel Pasay,0,0,0,0,0,0,0,0,0,0,2009-08-27 12:45,Property,14.53751885,120.9997995,Side Swipe
None,EDSA,None,None,"Unknown, Angle Impact, 0.0 drivers_injured, 0.0 drivers_killed, 0.0 passengers_injured, 0.0 passengers_killed, 0.0 pedestrian_injured, 0.0 pedestrian_killed, Fair (Night), EDSA Taft Ave. Pasay",MMDA Road Safety Unit,,d60ca5a9-8673-410e-ad53-3b5c4ce1d0d9,2009-08-22,21:30:00,EDSA fronting Winston Hotel Pasay,0,0,0,0,0,0,0,0,0,0,2009-08-23 5:30,Property,14.53775951,121.0007229,Angle Impact
None,EDSA,None,None,"Unknown, Side Swipe, 0.0 drivers_injured, 0.0 drivers_killed, 0.0 passengers_injured, 0.0 passengers_killed, 0.0 pedestrian_injured, 0.0 pedestrian_killed, Fair (Night), EDSA near Victory liner term. Pasay",MMDA Road Safety Unit,,29de28f5-9018-47e6-91ba-028fda855495,2009-08-22,18:30:00,EDSA fronting Hritage Hotel Pasay,0,0,0,0,0,0,0,0,0,0,2009-08-23 2:30,Property,14.53837135,121.006595,Side Swipe
None,EDSA,None,None,"Unknown, Angle Impact, 0.0 drivers_injured, 0.0 drivers_killed, 0.0 passengers_injured, 0.0 passengers_killed, 0.0 pedestrian_injured, 0.0 pedestrian_killed, Fair (Night), EDSA Taft Ave. Pasay",MMDA Road Safety Unit,,3711b67f-eac6-485b-b82e-599ca00e746a,2009-08-13,17:45:00,EDSA Victory Liner Terminal Pasay,0,0,0,0,0,0,0,0,0,0,2009-08-14 1:45,Property,14.53775951,121.0007229,Angle Impact
None,EDSA,None,None,"Unknown, Hit and Run (No Collision Stated), 0.0 drivers_injured, 0.0 drivers_killed, 1.0 passengers_injured, 0.0 passengers_killed, 0.0 pedestrian_injured, 0.0 pedestrian_killed, Fair (Day), EDSA near Victory Liner Bus Terminal Pasay",MMDA Road Safety Unit,,24c530f0-2b07-401e-afb2-f86a9f5fa0bc,2009-08-07,02:45:00,EDSA fronting Heritage Hotel Pasay,0,0,0,0,1,0,0,0,0,1,2009-08-07 10:45,Injury,14.53837135,121.006595,No Collision Stated
None,EDSA,None,None,"Unknown, Side Swipe, 0.0 drivers_injured, 0.0 drivers_killed, 0.0 passengers_injured, 0.0 passengers_killed, 0.0 pedestrian_injured, 0.0 pedestrian_killed, Fair (Day), EDSA near Taft Avenue  Pasay",MMDA Road Safety Unit,,d06dc411-899d-4783-b09c-7078048cce20,2009-08-06,01:35:00,EDSA Taft Ave. Pasay,0,0,0,0,0,0,0,0,0,0,2009-08-06 9:35,Property,14.53768652,121.0014157,Side Swipe
None,EDSA,None,None,"Unknown, Hit object (No Object Stated), 0.0 drivers_injured, 0.0 drivers_killed, 0.0 passengers_injured, 0.0 passengers_killed, 0.0 pedestrian_injured, 0.0 pedestrian_killed, Fair (Night), EDSA at ""U""turn slot / Heritage Hotel Pasay",MMDA Road Safety Unit,,e4aeef75-118f-4d64-bcd8-9864ac1e433f,2009-08-04,18:30:00,EDSA Copacobana & Heritage Hotel Pasay,0,0,0,0,0,0,0,0,0,0,2009-08-05 2:30,Property,14.53735565,120.9938305,Hit Object
None,EDSA,None,None,"Unknown, Side Swipe, 0.0 drivers_injured, 0.0 drivers_killed, 0.0 passengers_injured, 0.0 passengers_killed, 0.0 pedestrian_injured, 0.0 pedestrian_killed, Fair (Day), EDSA Taft Ave. Pasay",MMDA Road Safety Unit,,6a344c14-6858-4463-a762-ae56f12001b1,2009-08-04,01:00:00,EDSA Taft Ave. Pasay,0,0,0,0,0,0,0,0,0,0,2009-08-04 9:00,Property,14.53775951,121.0007229,Side Swipe
None,EDSA,None,None,"Unknown, Side Swipe, 0.0 drivers_injured, 0.0 drivers_killed, 0.0 passengers_injured, 0.0 passengers_killed, 0.0 pedestrian_injured, 0.0 pedestrian_killed, Fair (Night), EDSA Taft Ave. Pasay",MMDA Road Safety Unit,,a1f9f19c-7a9d-48f9-8c62-599e684b7172,2009-08-01,15:45:00,EDSA MRT Station Pasay,0,0,0,0,0,0,0,0,0,0,2009-08-01 23:45,Property,14.53775951,121.0007229,Side Swipe
None,EDSA,None,None,"Unknown, Side Swipe, 0.0 drivers_injured, 0.0 drivers_killed, 0.0 passengers_injured, 0.0 passengers_killed, 0.0 pedestrian_injured, 0.0 pedestrian_killed, Fair (Night), EDSA Taft Avenue near Sogo Hotel Pasay",MMDA Road Safety Unit,,380943cb-bb06-4a6f-9798-dcef3d4b29bd,2009-08-01,12:45:00,EDSA P. Celle St. Pasay,0,0,0,0,0,0,0,0,0,0,2009-08-01 20:45,Property,14.53775951,121.0007229,Side Swipe
None,EDSA,None,None,"Unknown, Side Swipe, 0.0 drivers_injured, 0.0 drivers_killed, 0.0 passengers_injured, 0.0 passengers_killed, 0.0 pedestrian_injured, 0.0 pedestrian_killed, Fair (Night), EDSA fronting Winston Hotel Pasay",MMDA Road Safety Unit,,fde7a484-9357-4df6-b110-02a7bc303169,2009-07-27,14:45:00,EDSA Taft Ave. Pasay,0,0,0,0,0,0,0,0,0,0,2009-07-27 22:45,Property,14.5376809,121.0035109,Side Swipe
None,EDSA,None,None,"Unknown, Side Swipe, 0.0 drivers_injured, 0.0 drivers_killed, 0.0 passengers_injured, 0.0 passengers_killed, 0.0 pedestrian_injured, 0.0 pedestrian_killed, Fair (Day), EDSA fronting Hritage Hotel Pasay",MMDA Road Safety Unit,,1cf5d790-8296-4b2f-b168-e7cb510a40f2,2009-07-26,07:30:00,EDSA Taft Ave. Pasay,0,0,0,0,0,0,0,0,0,0,2009-07-26 15:30,Property,14.53719348,120.9936018,Side Swipe
None,EDSA,None,None,"Unknown, Side Swipe, 0.0 drivers_injured, 0.0 drivers_killed, 0.0 passengers_injured, 0.0 passengers_killed, 0.0 pedestrian_injured, 0.0 pedestrian_killed, Fair (Day), EDSA near Victory Liner Terminal Pasay",MMDA Road Safety Unit,,3751862e-c908-403c-9400-76a0c596e5bf,2009-07-26,07:30:00,EDSA Roxas Blvd. Pasay,0,0,0,0,0,0,0,0,0,0,2009-07-26 15:30,Property,14.53837135,121.006595,Side Swipe
None,EDSA,None,None,"Unknown, Hit object (No Object Stated), 0.0 drivers_injured, 0.0 drivers_killed, 0.0 passengers_injured, 0.0 passengers_killed, 0.0 pedestrian_injured, 0.0 pedestrian_killed, Fair (Night), EDSA fronting Heritage Hotel Pasay",MMDA Road Safety Unit,,b94e97d5-cc84-4a15-9891-0fb9ea479d40,2009-07-21,14:20:00,EDSA fronting Cathay Builders Pasay,0,0,0,0,0,0,0,0,0,0,2009-07-21 22:20,Property,14.5372421,120.9936671,Hit Object
None,EDSA,None,None,"Unknown, Angle Impact, 0.0 drivers_injured, 0.0 drivers_killed, 0.0 passengers_injured, 0.0 passengers_killed, 0.0 pedestrian_injured, 0.0 pedestrian_killed, Fair (Night), EDSA Taft Ave. Pasay",MMDA Road Safety Unit,,fa188fcb-5b80-40cb-ad0b-73bff5771e77,2009-07-21,08:50:00,EDSA Taft Ave. Pasay,0,0,0,0,0,0,0,0,0,0,2009-07-21 16:50,Property,14.53775951,121.0007229,Angle Impact
None,EDSA,None,None,"Unknown, Hit object (No Object Stated), 0.0 drivers_injured, 0.0 drivers_killed, 0.0 passengers_injured, 0.0 passengers_killed, 0.0 pedestrian_injured, 0.0 pedestrian_killed, Fair (Night), EDSA Copacobana & Heritage Hotel Pasay",MMDA Road Safety Unit,,5cb2be2b-9946-4cce-86e9-a3b84320fcca,2009-07-13,13:00:00,EDSA fronting Victory Liner Pasay,0,0,0,0,0,0,0,0,0,0,2009-07-13 21:00,Property,14.53747529,120.9943264,Hit Object
None,EDSA,None,None,"Unknown, Hit and Run (No Collision Stated), 1.0 drivers_injured, 0.0 drivers_killed, 0.0 passengers_injured, 0.0 passengers_killed, 0.0 pedestrian_injured, 0.0 pedestrian_killed, Fair (Night), EDSA Taft Ave. Pasay",MMDA Road Safety Unit,,8887bedd-22a8-4a17-b16a-7629a5f9dbf6,2009-06-25,10:30:00,EDSA Taft Ave. Pasay,0,0,0,1,0,0,0,0,0,1,2009-06-25 18:30,Injury,14.53775951,121.0007229,No Collision Stated