LOCATION_TEXT,ROAD,WEATHER,LIGHT,DESC,REPORTING_AGENCY,MAIN_CAUSE,INCIDENTDETAILS_ID,DATE_UTC,TIME_UTC,ADDRESS,killed_driver,killed_passenger,killed_pedestrian,injured_driver,injured_passenger,injured_pedestrian,killed_uncategorized,injured_uncategorized,killed_total,injured_total,DATETIME_PST,SEVERITY,Y,X,COLLISION_TYPE
None,EDSA,None,None,"Unknown, Side Swipe, 0.0 drivers_injured, 0.0 drivers_killed, 0.0 passengers_injured, 0.0 passengers_killed, 0.0 pedestrian_injured, 0.0 pedestrian_killed, Fair (Day), EDSA MRT Station Pasay",MMDA Road Safety Unit,,399cab4e-d217-4153-affc-39d66282dabc,2009-06-25,04:55:00,EDSA Cabrera St. Pasay,0,0,0,0,0,0,0,0,0,0,2009-06-25 12:55,Property,14.53750141,121.0014813,Side Swipe
None,EDSA,None,None,"Unknown, Hit and Run (No Collision Stated), 0.0 drivers_injured, 0.0 drivers_killed, 0.0 passengers_injured, 0.0 passengers_killed, 0.0 pedestrian_injured, 0.0 pedestrian_killed, Fair (Day), EDSA P. Celle St. Pasay",MMDA Road Safety Unit,,45ab25ef-a179-48d2-af7b-b013c618db7d,2009-06-25,02:00:00,EDSA fronting Sogo Hotel Pasay,0,0,0,0,0,0,0,0,0,0,2009-06-25 10:00,Property,14.53789911,120.9974276,No Collision Stated
None,EDSA,None,None,"Human Error, Side Swipe, 1.0 drivers_injured, 0.0 drivers_killed, 0.0 passengers_injured, 0.0 passengers_killed, 0.0 pedestrian_injured, 0.0 pedestrian_killed, Fair (Day), EDSA Taft Ave. Pasay",MMDA Road Safety Unit,,bb0df602-fee5-44e3-b6ff-013094bdb5b2,2009-06-24,23:00:00,EDSA Roxas Blvd. / Toyota Mla Bay Pasay,0,0,0,1,0,0,0,0,0,1,2009-06-25 7:00,Injury,14.53775951,121.0007229,Side Swipe
None,EDSA,None,None,"Unknown, Hit and Run (No Collision Stated), 0.0 drivers_injured, 0.0 drivers_killed, 0.0 passengers_injured, 0.0 passengers_killed, 0.0 pedestrian_injured, 0.0 pedestrian_killed, Fair (Day), EDSA Taft Ave. Pasay",MMDA Road Safety Unit,,5233bf38-f9a5-483e-881e-c30107ddc0e5,2009-06-23,07:00:00,EDSA fronting Music 21 Family Plaza Pasay,0,0,0,0,0,0,0,0,0,0,2009-06-23 15:00,Property,14.53775951,121.0007229,No Collision Stated
None,EDSA,None,None,"Unknown, Self-Accident, 0.0 drivers_injured, 0.0 drivers_killed, 0.0 passengers_injured, 0.0 passengers_killed, 0.0 pedestrian_injured, 0.0 pedestrian_killed, Fair (Night), EDSA Roxas Blvd. Pasay",MMDA Road Safety Unit,,2af40974-efbd-41b1-aaee-8972439030fa,2009-06-21,16:00:00,EDSA fronting Heritage Hotel Pasay,0,0,0,0,0,0,0,0,0,0,2009-06-22,Property,14.53725136,120.9928775,Self-Accident
None,EDSA,None,None,"Unknown, Side Swipe, 0.0 drivers_injured, 0.0 drivers_killed, 0.0 passengers_injured, 0.0 passengers_killed, 0.0 pedestrian_injured, 0.0 pedestrian_killed, Fair (Day), EDSA fronting Cathay Builders Pasay",MMDA Road Safety Unit,,ad9bb0a8-6278-45ec-a407-6393ee292a5c,2009-06-18,02:15:00,EDSA fronting Heritage Hotel Pasay,0,0,0,0,0,0,0,0,0,0,2009-06-18 10:15,Property,14.53851716,121.008244,Side Swipe
None,EDSA,None,None,"Human Error, Side Swipe, 0.0 drivers_injured, 0.0 drivers_killed, 0.0 passengers_injured, 0.0 passengers_killed, 0.0 pedestrian_injured, 0.0 pedestrian_killed, Fair (Night), EDSA Taft Ave. Pasay",MMDA Road Safety Unit,,ccf41bbd-5e69-4c3c-b6be-d931447b4e0f,2009-06-17,19:30:00,EDSA fronting Copacabana Hotel Pasay,0,0,0,0,0,0,0,0,0,0,2009-06-18 3:30,Property,14.53775951,121.0007229,Side Swipe
None,EDSA,None,None,"Human Error, Hit and Run (No Collision Stated), 1.0 drivers_injured, 0.0 drivers_killed, 0.0 passengers_injured, 0.0 passengers_killed, 0.0 pedestrian_injured, 0.0 pedestrian_killed, Fair (Day), EDSA fronting Victory Liner Pasay",MMDA Road Safety Unit,,43e53e81-f643-40b9-9a6e-17abb0db7baf,2009-06-16,02:00:00,EDSA before Taft Ave.-Rotunda Pasay,0,0,0,1,0,0,0,0,0,1,2009-06-16 10:00,Injury,14.53831932,121.006687,No Collision Stated
None,EDSA,None,None,"Unknown, Hit and Run (No Collision Stated), 0.0 drivers_injured, 0.0 drivers_killed, 0.0 passengers_injured, 0.0 passengers_killed, 0.0 pedestrian_injured, 0.0 pedestrian_killed, Fair (Night), EDSA Taft Ave. Pasay",MMDA Road Safety Unit,,38793ba9-37db-412c-99b1-b41e1aacaba9,2009-06-11,13:30:00,EDSA F.B. Harrison St. Pasay,0,0,0,0,0,0,0,0,0,0,2009-06-11 21:30,Property,14.53775951,121.0007229,No Collision Stated
None,EDSA,None,None,"Unknown, Angle Impact, 0.0 drivers_injured, 0.0 drivers_killed, 0.0 passengers_injured, 0.0 passengers_killed, 0.0 pedestrian_injured, 0.0 pedestrian_killed, Fair (Day), EDSA Cabrera St. Pasay",MMDA Road Safety Unit,,80cbe513-b4ed-42e9-8fd0-23a966f9d470,2009-06-05,05:45:00,EDSA after F. B. Harrison St. Pasay,0,0,0,0,0,0,0,0,0,0,2009-06-05 13:45,Property,14.53817493,121.0048575,Angle Impact
None,EDSA,None,None,"Unknown, Side Swipe, 0.0 drivers_injured, 0.0 drivers_killed, 0.0 passengers_injured, 0.0 passengers_killed, 0.0 pedestrian_injured, 0.0 pedestrian_killed, Fair (Day), EDSA fronting Sogo Hotel Pasay",MMDA Road Safety Unit,,f11a814a-6758-4e19-b00b-8a382ad200b9,2009-06-02,04:50:00,EDSA fronting Blue Wave Pasay,0,0,0,0,0,0,0,0,0,0,2009-06-02 12:50,Property,14.53741805,121.0012156,Side Swipe
None,EDSA,None,None,"Human Error, Side Swipe, 0.0 drivers_injured, 0.0 drivers_killed, 0.0 passengers_injured, 0.0 passengers_killed, 0.0 pedestrian_injured, 0.0 pedestrian_killed, Fair (Night), EDSA Roxas Blvd. / Toyota Mla Bay Pasay",MMDA Road Safety Unit,,ef714197-1515-455a-abe4-b5267e6ef3b8,2009-05-27,14:30:00,EDSA fronting Heritage Hotel Pasay,0,0,0,0,0,0,0,0,0,0,2009-05-27 22:30,Property,14.53725136,120.9928775,Side Swipe
None,EDSA,None,None,"Unknown, Side Swipe, 0.0 drivers_injured, 0.0 drivers_killed, 0.0 passengers_injured, 0.0 passengers_killed, 0.0 pedestrian_injured, 0.0 pedestrian_killed, Fair (Day), EDSA fronting Music 21 Family Plaza Pasay",MMDA Road Safety Unit,,8163d8a1-699f-4406-9cc6-eb2d0108c318,2009-05-26,04:45:00,EDSA Taft Ave. Pasay,0,0,0,0,0,0,0,0,0,0,2009-05-26 12:45,Property,14.53754636,120.9953538,Side Swipe
None,EDSA,None,None,"Unknown, Side Swipe, 0.0 drivers_injured, 0.0 drivers_killed, 0.0 passengers_injured, 0.0 passengers_killed, 0.0 pedestrian_injured, 0.0 pedestrian_killed, Fair (Day), EDSA fronting Heritage Hotel Pasay",MMDA Road Safety Unit,,914d88c0-a3c4-421e-904b-d3e839dfa63b,2009-05-26,03:00:00,"EDSA at ""U"" turn slot, fronting Heritage Hotel Pasay",0,0,0,0,0,0,0,0,0,0,2009-05-26 11:00,Property,14.5372421,120.9936671,Side Swipe
None,EDSA,None,None,"Human Error, Rear-end, 0.0 drivers_injured, 0.0 drivers_killed, 0.0 passengers_injured, 0.0 passengers_killed, 0.0 pedestrian_injured, 0.0 pedestrian_killed, Fair (Day), EDSA fronting Heritage Hotel Pasay",MMDA Road Safety Unit,,7f86f5e1-290c-4703-85fd-6b01650aa605,2009-05-24,05:10:00,EDSA Taft Ave. Pasay,0,0,0,0,0,0,0,0,0,0,2009-05-24 13:10,Property,14.5372421,120.9936671,Rear-End
None,EDSA,None,None,"Unknown, Side Swipe, 0.0 drivers_injured, 0.0 drivers_killed, 0.0 passengers_injured, 0.0 passengers_killed, 0.0 pedestrian_injured, 0.0 pedestrian_killed, Fair (Day), EDSA fronting Copacabana Hotel Pasay",MMDA Road Safety Unit,,5c116cab-2730-42c9-92ec-19ff44cfb4bb,2009-05-23,05:00:00,EDSA F.B. Harrison St. Pasay,0,0,0,0,0,0,0,0,0,0,2009-05-23 13:00,Property,14.53742635,120.9946029,Side Swipe
None,EDSA,None,None,"Unknown, Hit and Run (No Collision Stated), 0.0 drivers_injured, 0.0 drivers_killed, 0.0 passengers_injured, 0.0 passengers_killed, 0.0 pedestrian_injured, 0.0 pedestrian_killed, Fair (Day), EDSA before Taft Ave.-Rotunda Pasay",MMDA Road Safety Unit,,402f8a21-800d-4d77-9b77-a5bb542bb82b,2009-05-19,01:00:00,EDSA fronting Mahal Kita Motel Pasay,0,0,0,0,0,0,0,0,0,0,2009-05-19 9:00,Property,14.53764622,121.0012661,No Collision Stated
None,EDSA,None,None,"Unknown, Side Swipe, 0.0 drivers_injured, 0.0 drivers_killed, 0.0 passengers_injured, 0.0 passengers_killed, 0.0 pedestrian_injured, 0.0 pedestrian_killed, Fair (Day), EDSA F.B. Harrison St. Pasay",MMDA Road Safety Unit,,e267e301-5811-4c54-b078-24ff7bb89d1e,2009-05-18,05:50:00,EDSA Taft Ave. Pasay,0,0,0,0,0,0,0,0,0,0,2009-05-18 13:50,Property,14.53785118,120.9955695,Side Swipe
None,EDSA,None,None,"Unknown, Side Swipe, 0.0 drivers_injured, 0.0 drivers_killed, 0.0 passengers_injured, 0.0 passengers_killed, 0.0 pedestrian_injured, 0.0 pedestrian_killed, Fair (Day), EDSA after F. B. Harrison St. Pasay",MMDA Road Safety Unit,,5aca5322-842f-4976-acf1-e1095f87ef23,2009-05-18,03:20:00,"EDSA Taft Ave., Pasay Rotonda Pasay",0,0,0,0,0,0,0,0,0,0,2009-05-18 11:20,Property,14.53778442,120.9952576,Side Swipe
None,EDSA,None,None,"Human Error, Side Swipe, 0.0 drivers_injured, 0.0 drivers_killed, 0.0 passengers_injured, 0.0 passengers_killed, 0.0 pedestrian_injured, 0.0 pedestrian_killed, Fair (Day), EDSA fronting Blue Wave Pasay",MMDA Road Safety Unit,,a34269a2-07d8-436a-8f07-b5218d935ab7,2009-05-16,08:45:00,EDSA Taft Rotonda Pasay,0,0,0,0,0,0,0,0,0,0,2009-05-16 16:45,Property,14.53631742,120.9885933,Side Swipe
None,EDSA,None,None,"Human Error, Rear-end, 0.0 drivers_injured, 0.0 drivers_killed, 0.0 passengers_injured, 0.0 passengers_killed, 0.0 pedestrian_injured, 0.0 pedestrian_killed, Fair (Day), EDSA fronting Heritage Hotel Pasay",MMDA Road Safety Unit,,2d8e4740-ca8d-4529-85c6-5b5bdc37e3c4,2009-05-16,07:30:00,EDSA Taft Ave. Pasay,0,0,0,0,0,0,0,0,0,0,2009-05-16 15:30,Property,14.5372421,120.9936671,Rear-End
None,EDSA,None,None,"Human Error, Rear-end, 0.0 drivers_injured, 0.0 drivers_killed, 0.0 passengers_injured, 0.0 passengers_killed, 0.0 pedestrian_injured, 0.0 pedestrian_killed, Fair (Day), EDSA Taft Ave. Pasay",MMDA Road Safety Unit,,cc590c69-e213-4215-b19d-6702c70b6539,2009-05-16,03:20:00,EDSA Rotonda Pasay,0,0,0,0,0,0,0,0,0,0,2009-05-16 11:20,Property,14.53775951,121.0007229,Rear-End
None,EDSA,None,None,"Unknown, Hit object (Island-Concrete), 0.0 drivers_injured, 0.0 drivers_killed, 0.0 passengers_injured, 0.0 passengers_killed, 0.0 pedestrian_injured, 0.0 pedestrian_killed, Fair (Night), EDSA at ""U"" turn slot, fronting Heritage Hotel Pasay",MMDA Road Safety Unit,,7c8ceb64-50ca-47da-9885-b7f6e7cffdce,2009-05-14,15:30:00,EDSA Taft Ave. Pasay,0,0,0,0,0,0,0,0,0,0,2009-05-14 23:30,Property,14.53735565,120.9938305,Hit Object
None,EDSA,None,None,"Unknown, Angle Impact, 0.0 drivers_injured, 0.0 drivers_killed, 0.0 passengers_injured, 0.0 passengers_killed, 0.0 pedestrian_injured, 0.0 pedestrian_killed, Fair (Night), EDSA Taft Ave. Pasay",MMDA Road Safety Unit,,422e051a-57e8-4837-85f8-db1e1e5f1f19,2009-05-14,13:00:00,EDSA Pres. Diosdado Macapagal Blvd. Pasay,0,0,0,0,0,0,0,0,0,0,2009-05-14 21:00,Property,14.53775951,121.0007229,Angle Impact
None,EDSA,None,None,"Human Error, Rear-end, 0.0 drivers_injured, 0.0 drivers_killed, 0.0 passengers_injured, 0.0 passengers_killed, 0.0 pedestrian_injured, 0.0 pedestrian_killed, Fair (Day), EDSA F.B. Harrison St. Pasay",MMDA Road Safety Unit,,a90777e8-34d9-4b16-a672-bf6d82718bfb,2009-05-14,05:45:00,EDSA P. Celle St. Pasay,0,0,0,0,0,0,0,0,0,0,2009-05-14 13:45,Property,14.53785118,120.9955695,Rear-End
None,EDSA,None,None,"Human Error, Side Swipe, 0.0 drivers_injured, 0.0 drivers_killed, 0.0 passengers_injured, 0.0 passengers_killed, 0.0 pedestrian_injured, 0.0 pedestrian_killed, Fair (Day), EDSA fronting Mahal Kita Motel Pasay",MMDA Road Safety Unit,,ce3b349a-6d6f-490a-8884-d31bc7ba9317,2009-05-12,07:45:00,EDSA after F. B. Harrison St. Pasay,0,0,0,0,0,0,0,0,0,0,2009-05-12 15:45,Property,14.5374691,120.9996025,Side Swipe
None,EDSA,None,None,"Unknown, Side Swipe, 0.0 drivers_injured, 0.0 drivers_killed, 0.0 passengers_injured, 0.0 passengers_killed, 0.0 pedestrian_injured, 0.0 pedestrian_killed, Fair (Night), EDSA Taft Ave. Pasay",MMDA Road Safety Unit,,27b133cc-e5b2-491c-9256-d4c36f7032d8,2009-05-10,11:15:00,EDSA Taft Ave. Pasay,0,0,0,0,0,0,0,0,0,0,2009-05-10 19:15,Property,14.53775951,121.0007229,Side Swipe
None,EDSA,None,None,"Unknown, Head-on, 0.0 drivers_injured, 0.0 drivers_killed, 0.0 passengers_injured, 0.0 passengers_killed, 0.0 pedestrian_injured, 0.0 pedestrian_killed, Fair (Night), EDSA Taft Ave., Pasay Rotonda Pasay",MMDA Road Safety Unit,,66b572ac-8990-486f-84fb-eb42addcdfc3,2009-04-15,17:30:00,EDSA fronting Jollibee Along Cabrena St. Pasay,0,0,0,0,0,0,0,0,0,0,2009-04-16 1:30,Property,14.53775951,121.0007229,Head-On
None,EDSA,None,None,"Unknown, Angle Impact, 0.0 drivers_injured, 0.0 drivers_killed, 0.0 passengers_injured, 0.0 passengers_killed, 0.0 pedestrian_injured, 0.0 pedestrian_killed, Fair (Night), EDSA Taft Rotonda Pasay",MMDA Road Safety Unit,,33fdc1b3-6f83-4d17-a70d-2439c7736fc8,2009-04-14,12:00:00,"EDSA at ""U"" turn slot, fronting P. Celle St. Pasay",0,0,0,0,0,0,0,0,0,0,2009-04-14 20:00,Property,14.53775951,121.0007229,Angle Impact
None,EDSA,None,None,"Unknown, Rear-end, 0.0 drivers_injured, 0.0 drivers_killed, 0.0 passengers_injured, 0.0 passengers_killed, 0.0 pedestrian_injured, 0.0 pedestrian_killed, Fair (Night), EDSA Taft Ave. Pasay",MMDA Road Safety Unit,,caeff32b-f605-46f0-b291-2b8b548d1cf5,2009-04-12,11:00:00,EDSA fronting Saver's Plaza Shopping Mall Pasay,0,0,0,0,0,0,0,0,0,0,2009-04-12 19:00,Property,14.53775951,121.0007229,Rear-End
None,EDSA,None,None,"Unknown, Rear-end, 0.0 drivers_injured, 0.0 drivers_killed, 0.0 passengers_injured, 0.0 passengers_killed, 0.0 pedestrian_injured, 0.0 pedestrian_killed, Fair (Day), EDSA Rotonda Pasay",MMDA Road Safety Unit,,6f2b83c0-8e93-44ee-b51a-622839ef2899,2009-04-08,08:30:00,EDSA Roxas Blvd. Service Road Pasay,0,0,0,0,0,0,0,0,0,0,2009-04-08 16:30,Property,14.53744344,121.0007766,Rear-End
None,EDSA,None,None,"Unknown, Side Swipe, 0.0 drivers_injured, 0.0 drivers_killed, 0.0 passengers_injured, 0.0 passengers_killed, 0.0 pedestrian_injured, 0.0 pedestrian_killed, Fair (Day), EDSA Taft Ave. Pasay",MMDA Road Safety Unit,,52601827-3bf7-47e1-a677-c1ac3bcfe107,2009-04-03,05:00:00,EDSA Taft Ave. (WB) Pasay,0,0,0,0,0,0,0,0,0,0,2009-04-03 13:00,Property,14.53775951,121.0007229,Side Swipe
None,EDSA,None,None,"Unknown, Side Swipe, 0.0 drivers_injured, 0.0 drivers_killed, 0.0 passengers_injured, 0.0 passengers_killed, 0.0 pedestrian_injured, 0.0 pedestrian_killed, Fair (Day), EDSA Pres. Diosdado Macapagal Blvd. Pasay",MMDA Road Safety Unit,,7cec29c5-f2d1-4f42-9b3b-ad471c324296,2009-04-02,03:30:00,EDSA fronting Victory Liner Inc. Pasay,0,0,0,0,0,0,0,0,0,0,2009-04-02 11:30,Property,14.53619237,120.9889562,Side Swipe
None,EDSA,None,None,"Unknown, Side Swipe, 0.0 drivers_injured, 0.0 drivers_killed, 0.0 passengers_injured, 0.0 passengers_killed, 0.0 pedestrian_injured, 0.0 pedestrian_killed, Fair (Day), EDSA P. Celle St. Pasay",MMDA Road Safety Unit,,330c88c5-f71d-41d3-93be-f43b1c466242,2009-04-01,09:15:00,EDSA Rotonda Pasay,0,0,0,0,0,0,0,0,0,0,2009-04-01 17:15,Property,14.53789911,120.9974276,Side Swipe
None,EDSA,None,None,"Unknown, Side Swipe, 0.0 drivers_injured, 0.0 drivers_killed, 0.0 passengers_injured, 0.0 passengers_killed, 0.0 pedestrian_injured, 0.0 pedestrian_killed, Fair (Day), EDSA after F. B. Harrison St. Pasay",MMDA Road Safety Unit,,59215b4f-7350-42a7-9d00-6527cb404feb,2009-04-01,02:20:00,EDSA Taft Ave. Pasay,0,0,0,0,0,0,0,0,0,0,2009-04-01 10:20,Property,14.53778442,120.9952576,Side Swipe
None,EDSA,None,None,"Unknown, Hit and Run (No Collision Stated), 0.0 drivers_injured, 0.0 drivers_killed, 0.0 passengers_injured, 0.0 passengers_killed, 0.0 pedestrian_injured, 0.0 pedestrian_killed, Fair (Day), EDSA Taft Ave. Pasay",MMDA Road Safety Unit,,03b78535-a926-460b-9783-9ca2e1491341,2009-03-25,08:30:00,EDSA fronting Auto Mall Pasay,0,0,0,0,0,0,0,0,0,0,2009-03-25 16:30,Property,14.53775951,121.0007229,No Collision Stated
None,EDSA,None,None,"Unknown, Angle Impact, 0.0 drivers_injured, 0.0 drivers_killed, 0.0 passengers_injured, 0.0 passengers_killed, 0.0 pedestrian_injured, 0.0 pedestrian_killed, Fair (Day), EDSA fronting Jollibee Along Cabrena St. Pasay",MMDA Road Safety Unit,,729d461b-ec5d-40bd-af7d-83d8eacdfa0d,2009-03-23,23:30:00,EDSA before Taft Ave. Pasay,0,0,0,0,0,0,0,0,0,0,2009-03-24 7:30,Property,14.53797773,121.0047624,Angle Impact
None,EDSA,None,None,"Unknown, Side Swipe, 0.0 drivers_injured, 0.0 drivers_killed, 0.0 passengers_injured, 0.0 passengers_killed, 0.0 pedestrian_injured, 0.0 pedestrian_killed, Fair (Day), EDSA at ""U"" turn slot, fronting P. Celle St. Pasay",MMDA Road Safety Unit,,f9581d1c-19ac-4682-a4a5-111422dc8154,2009-03-19,09:00:00,EDSA fronting Heritage Hotel Pasay,0,0,0,0,0,0,0,0,0,0,2009-03-19 17:00,Property,14.53775493,120.9974289,Side Swipe
None,EDSA,None,None,"Unknown, Side Swipe, 0.0 drivers_injured, 0.0 drivers_killed, 0.0 passengers_injured, 0.0 passengers_killed, 0.0 pedestrian_injured, 0.0 pedestrian_killed, Fair (Day), EDSA fronting Saver's Plaza Shopping Mall Pasay",MMDA Road Safety Unit,,ef3df362-a52f-41b8-93e6-9947c009d181,2009-03-12,07:45:00,EDSA fronting Cathay Builders Pasay,0,0,0,0,0,0,0,0,0,0,2009-03-12 15:45,Property,14.53766857,121.0001644,Side Swipe
None,EDSA,None,None,"Unknown, Side Swipe, 0.0 drivers_injured, 0.0 drivers_killed, 0.0 passengers_injured, 0.0 passengers_killed, 0.0 pedestrian_injured, 0.0 pedestrian_killed, Fair (Day), EDSA Roxas Blvd. Service Road Pasay",MMDA Road Safety Unit,,557e4090-6e3f-4019-9a87-b7391135959d,2009-03-12,07:20:00,"EDSA at ""U"" turn slot, Heritage Hotel Pasay",0,0,0,0,0,0,0,0,0,0,2009-03-12 15:20,Property,14.53725136,120.9928775,Side Swipe
None,EDSA,None,None,"Unknown, Rear-end, 0.0 drivers_injured, 0.0 drivers_killed, 0.0 passengers_injured, 0.0 passengers_killed, 0.0 pedestrian_injured, 0.0 pedestrian_killed, Fair (Night), EDSA Taft Ave. (WB) Pasay",MMDA Road Safety Unit,,95394f29-b284-4140-9789-2958db6dbcad,2009-03-10,12:35:00,EDSA Victory Liner Bus Terminal Pasay,0,0,0,0,0,0,0,0,0,0,2009-03-10 20:35,Property,14.53775951,121.0007229,Rear-End
None,EDSA,None,None,"Unknown, Side Swipe, 0.0 drivers_injured, 0.0 drivers_killed, 0.0 passengers_injured, 0.0 passengers_killed, 0.0 pedestrian_injured, 0.0 pedestrian_killed, Fair (Day), EDSA fronting Victory Liner Inc. Pasay",MMDA Road Safety Unit,,58bc43ab-5874-44eb-9ad1-0163cad5614c,2009-03-06,03:45:00,EDSA D. Macapagal Blvd. Pasay,0,0,0,0,0,0,0,0,0,0,2009-03-06 11:45,Property,14.53838401,121.0066671,Side Swipe
None,EDSA,None,None,"Unknown, Side Swipe, 0.0 drivers_injured, 0.0 drivers_killed, 0.0 passengers_injured, 0.0 passengers_killed, 0.0 pedestrian_injured, 0.0 pedestrian_killed, Fair (Night), EDSA Rotonda Pasay",MMDA Road Safety Unit,,09f729dd-18db-4cc5-9956-9c74c4af5811,2009-02-28,20:35:00,EDSA Tramo St. Pasay,0,0,0,0,0,0,0,0,0,0,2009-03-01 4:35,Property,14.53744344,121.0007766,Side Swipe
None,EDSA,None,None,"Unknown, Side Swipe, 0.0 drivers_injured, 0.0 drivers_killed, 0.0 passengers_injured, 0.0 passengers_killed, 0.0 pedestrian_injured, 0.0 pedestrian_killed, Fair (Day), EDSA Taft Ave. Pasay",MMDA Road Safety Unit,,05c4aee7-33cd-4264-aa94-843689d9cd4a,2009-02-26,02:50:00,EDSA Taft Ave. Pasay,0,0,0,0,0,0,0,0,0,0,2009-02-26 10:50,Property,14.53775951,121.0007229,Side Swipe
None,EDSA,None,None,"Unknown, Side Swipe, 0.0 drivers_injured, 0.0 drivers_killed, 0.0 passengers_injured, 0.0 passengers_killed, 0.0 pedestrian_injured, 0.0 pedestrian_killed, Fair (Day), EDSA fronting Auto Mall Pasay",MMDA Road Safety Unit,,d2cbde67-065d-41d5-bb2a-a168f7966590,2009-02-24,02:10:00,EDSA Tramo St. Pasay,0,0,0,0,0,0,0,0,0,0,2009-02-24 10:10,Property,14.53791373,120.997263,Side Swipe
None,EDSA,None,None,"Human Error, Side Swipe, 0.0 drivers_injured, 0.0 drivers_killed, 0.0 passengers_injured, 0.0 passengers_killed, 0.0 pedestrian_injured, 0.0 pedestrian_killed, Fair (Day), EDSA before Taft Ave. Pasay",MMDA Road Safety Unit,,55142cc3-bcbc-4ff7-bba9-4416be12e331,2009-02-23,04:00:00,EDSA fronting Heritage Hotel Pasay,0,0,0,0,0,0,0,0,0,0,2009-02-23 12:00,Property,14.53764622,121.0012661,Side Swipe
None,EDSA,None,None,"Human Error, Side Swipe, 0.0 drivers_injured, 0.0 drivers_killed, 0.0 passengers_injured, 0.0 passengers_killed, 0.0 pedestrian_injured, 0.0 pedestrian_killed, Fair (Day), EDSA fronting Heritage Hotel Pasay",MMDA Road Safety Unit,,766b6496-56c2-4736-abbb-8f185a6b2778,2009-02-21,07:00:00,EDSA fronting Metropoint Shopping Mall Pasay,0,0,0,0,0,0,0,0,0,0,2009-02-21 15:00,Property,14.5372421,120.9936671,Side Swipe
None,EDSA,None,None,"Unknown, Hit and Run (No Collision Stated), 0.0 drivers_injured, 0.0 drivers_killed, 0.0 passengers_injured, 0.0 passengers_killed, 0.0 pedestrian_injured, 0.0 pedestrian_killed, Dry, EDSA fronting Cathay Builders Pasay",MMDA Road Safety Unit,,a9f5920c-050e-45c9-b651-9e061f96608e,2008-12-21,06:50:00,EDSA F.B.Harrison St. Pasay,0,0,0,0,0,0,0,0,0,0,2008-12-21 14:50,Property,14.53851716,121.008244,No Collision Stated
None,EDSA,None,None,"Unknown, Hit object (No Object Stated), 0.0 drivers_injured, 0.0 drivers_killed, 0.0 passengers_injured, 0.0 passengers_killed, 0.0 pedestrian_injured, 0.0 pedestrian_killed, Dry, EDSA at ""U"" turn slot, Heritage Hotel Pasay",MMDA Road Safety Unit,,89d9c1d4-4246-4e0a-abe1-f5b284504e64,2008-12-17,05:00:00,EDSA Taft Ave. Pasay,0,0,0,0,0,0,0,0,0,0,2008-12-17 13:00,Property,14.53732389,120.9938637,Hit Object
None,EDSA,None,None,"Unknown, Hit object (No Object Stated), 0.0 drivers_injured, 0.0 drivers_killed, 0.0 passengers_injured, 0.0 passengers_killed, 0.0 pedestrian_injured, 0.0 pedestrian_killed, Dry, EDSA Victory Liner Bus Terminal Pasay",MMDA Road Safety Unit,,7a75e22a-7428-4832-9a3b-b1a190e9bfdc,2008-12-09,21:00:00,EDSA Taft Ave. Pasay,0,0,0,0,0,0,0,0,0,0,2008-12-10 5:00,Property,14.53839425,121.0066648,Hit Object
None,EDSA,None,None,"Unknown, Hit and Run (No Collision Stated), 0.0 drivers_injured, 0.0 drivers_killed, 0.0 passengers_injured, 0.0 passengers_killed, 0.0 pedestrian_injured, 0.0 pedestrian_killed, Dry, EDSA D. Macapagal Blvd. Pasay",MMDA Road Safety Unit,,86b0c7c6-09d2-46b1-9342-fbb6c01c26bf,2008-12-04,19:30:00,"EDSA at ""U""turn slot / fronting Heritage Hotel Pasay",0,0,0,0,0,0,0,0,0,0,2008-12-05 3:30,Property,14.53639024,120.988979,No Collision Stated
None,EDSA,None,None,"Human Error, Angle Impact, 0.0 drivers_injured, 0.0 drivers_killed, 0.0 passengers_injured, 0.0 passengers_killed, 0.0 pedestrian_injured, 0.0 pedestrian_killed, Dry, EDSA Tramo St. Pasay",MMDA Road Safety Unit,,71da3e13-bd34-4417-9fac-4c55038872fe,2008-12-02,10:55:00,EDSA Malibay Pasay,0,0,0,0,0,0,0,0,0,0,2008-12-02 18:55,Property,14.53789456,121.003215,Angle Impact
None,EDSA,None,None,"Human Error, Angle Impact, 0.0 drivers_injured, 0.0 drivers_killed, 0.0 passengers_injured, 0.0 passengers_killed, 0.0 pedestrian_injured, 0.0 pedestrian_killed, Dry, EDSA Taft Ave. Pasay",MMDA Road Safety Unit,,8eed801a-9e8a-4508-ba41-627ff92a5cc4,2008-12-01,09:00:00,EDSA fronting mahal Kita Lodge Pasay,0,0,0,0,0,0,0,0,0,0,2008-12-01 17:00,Property,14.53759065,121.0007321,Angle Impact
None,EDSA,None,None,"Human Error, Angle Impact, 0.0 drivers_injured, 0.0 drivers_killed, 0.0 passengers_injured, 0.0 passengers_killed, 0.0 pedestrian_injured, 0.0 pedestrian_killed, Dry, EDSA Tramo St. Pasay",MMDA Road Safety Unit,,42767a5c-760d-44d4-bdaa-016730c424c7,2008-12-01,07:45:00,EDSA near Heritage Hotel Pasay,0,0,0,0,0,0,0,0,0,0,2008-12-01 15:45,Property,14.53789456,121.003215,Angle Impact
None,EDSA,None,None,"Unknown, Side Swipe, 0.0 drivers_injured, 0.0 drivers_killed, 0.0 passengers_injured, 0.0 passengers_killed, 0.0 pedestrian_injured, 0.0 pedestrian_killed, Dry, EDSA fronting Heritage Hotel Pasay",MMDA Road Safety Unit,,a355f557-1175-4aad-8fa6-f465aed4ab5c,2008-11-29,09:35:00,EDSA Taft Ave. / Rotonda Lodge Pasay,0,0,0,0,0,0,0,0,0,0,2008-11-29 17:35,Property,14.5372421,120.9936671,Side Swipe
None,EDSA,None,None,"Unknown, Side Swipe, 0.0 drivers_injured, 0.0 drivers_killed, 0.0 passengers_injured, 0.0 passengers_killed, 0.0 pedestrian_injured, 0.0 pedestrian_killed, Dry, EDSA fronting Metropoint Shopping Mall Pasay",MMDA Road Safety Unit,,5740cb91-6784-4a60-949d-c5683a337b9c,2008-11-29,07:00:00,EDSA Taft Ave. Pasay,0,0,0,0,0,0,0,0,0,0,2008-11-29 15:00,Property,14.5377084,121.0010299,Side Swipe