LOCATION_TEXT,ROAD,WEATHER,LIGHT,DESC,REPORTING_AGENCY,MAIN_CAUSE,INCIDENTDETAILS_ID,DATE_UTC,TIME_UTC,ADDRESS,killed_driver,killed_passenger,killed_pedestrian,injured_driver,injured_passenger,injured_pedestrian,killed_uncategorized,injured_uncategorized,killed_total,injured_total,DATETIME_PST,SEVERITY,Y,X,COLLISION_TYPE
None,EDSA,None,None,"Human Error, Side Swipe, 1.0 drivers_injured, 0.0 drivers_killed, 0.0 passengers_injured, 0.0 passengers_killed, 0.0 pedestrian_injured, 0.0 pedestrian_killed, Dry, EDSA near F.B.Harrison St. Pasay",MMDA Road Safety Unit,,d15d7143-895b-4419-a3ba-6decadb590cf,2008-11-28,01:00:00,EDSA F.B. Harrison St. Pasay,0,0,0,1,0,0,0,0,0,1,2008-11-28 9:00,Injury,14.5377929,120.9956772,Side Swipe
None,EDSA,None,None,"Human Error, Angle Impact, 0.0 drivers_injured, 0.0 drivers_killed, 0.0 passengers_injured, 0.0 passengers_killed, 0.0 pedestrian_injured, 0.0 pedestrian_killed, Dry, EDSA Taft Ave. Pasay",MMDA Road Safety Unit,,81314f5a-9e91-416e-807e-da84c256e341,2008-11-26,04:30:00,EDSA fronting Heritage Hotel Pasay,0,0,0,0,0,0,0,0,0,0,2008-11-26 12:30,Property,14.53759065,121.0007321,Angle Impact
None,EDSA,None,None,"Human Error, Angle Impact, 0.0 drivers_injured, 0.0 drivers_killed, 0.0 passengers_injured, 0.0 passengers_killed, 0.0 pedestrian_injured, 0.0 pedestrian_killed, Dry, EDSA Taft Ave. Pasay",MMDA Road Safety Unit,,e56682a8-0a4a-44a9-8b12-ed9867bcce9a,2008-11-23,07:00:00,EDSA Taft Ave. Pasay,0,0,0,0,0,0,0,0,0,0,2008-11-23 15:00,Property,14.53759065,121.0007321,Angle Impact
None,EDSA,None,None,"Unknown, Hit object (No Object Stated), 1.0 drivers_injured, 0.0 drivers_killed, 0.0 passengers_injured, 0.0 passengers_killed, 0.0 pedestrian_injured, 0.0 pedestrian_killed, Dry, EDSA at ""U""turn slot / fronting Heritage Hotel Pasay",MMDA Road Safety Unit,,ea0a764b-985c-4245-a2d0-526dae29be9e,2008-11-22,06:30:00,EDSA Before Park ave. Pasay,0,0,0,1,0,0,0,0,0,1,2008-11-22 14:30,Injury,14.53735551,120.9938141,Hit Object
None,EDSA,None,None,"Human Error, Hit and Run (No Collision Stated), 0.0 drivers_injured, 0.0 drivers_killed, 0.0 passengers_injured, 0.0 passengers_killed, 0.0 pedestrian_injured, 0.0 pedestrian_killed, Dry, EDSA Malibay Pasay",MMDA Road Safety Unit,,8304909f-0c2c-4b01-9ec0-367a89a66a65,2008-11-19,02:00:00,EDSA Taft Ave. Pasay,0,0,0,0,0,0,0,0,0,0,2008-11-19 10:00,Property,14.5388766,121.0106097,No Collision Stated
None,EDSA,None,None,"Unknown, Side Swipe, 0.0 drivers_injured, 0.0 drivers_killed, 0.0 passengers_injured, 0.0 passengers_killed, 0.0 pedestrian_injured, 0.0 pedestrian_killed, Dry, EDSA fronting mahal Kita Lodge Pasay",MMDA Road Safety Unit,,ea2b93d1-6739-45d5-99fa-07e6edae42e6,2008-11-18,01:50:00,EDSA after Taft Ave. Pasay,0,0,0,0,0,0,0,0,0,0,2008-11-18 9:50,Property,14.5374691,120.9996025,Side Swipe
None,EDSA,None,None,"Human Error, Hit and Run (No Collision Stated), 0.0 drivers_injured, 0.0 drivers_killed, 0.0 passengers_injured, 0.0 passengers_killed, 0.0 pedestrian_injured, 0.0 pedestrian_killed, Dry, EDSA near Heritage Hotel Pasay",MMDA Road Safety Unit,,bf784128-fd02-4268-9908-2e5ad344d6cc,2008-11-14,11:40:00,EDSA Taft Ave. Pasay,0,0,0,0,0,0,0,0,0,0,2008-11-14 19:40,Property,14.53699398,120.9929721,No Collision Stated
None,EDSA,None,None,"Human Error, Hit and Run (No Collision Stated), 0.0 drivers_injured, 0.0 drivers_killed, 0.0 passengers_injured, 0.0 passengers_killed, 0.0 pedestrian_injured, 0.0 pedestrian_killed, Dry, EDSA Taft Ave. / Rotonda Lodge Pasay",MMDA Road Safety Unit,,cbe58cab-3e78-4fef-bfa9-d3383301e477,2008-11-08,00:05:00,EDSA Apelo St. Pasay,0,0,0,0,0,0,0,0,0,0,2008-11-08 8:05,Property,14.53759065,121.0007321,No Collision Stated
None,EDSA,None,None,"Human Error, Angle Impact, 0.0 drivers_injured, 0.0 drivers_killed, 0.0 passengers_injured, 0.0 passengers_killed, 0.0 pedestrian_injured, 0.0 pedestrian_killed, Dry, EDSA Taft Ave. Pasay",MMDA Road Safety Unit,,18711b91-62a2-401d-95b4-068b7bb9cf04,2008-11-06,20:30:00,EDSA after Taft Ave. Pasay,0,0,0,0,0,0,0,0,0,0,2008-11-07 4:30,Property,14.53759065,121.0007321,Angle Impact
None,EDSA,None,None,"Human Error, Hit and Run (No Collision Stated), 0.0 drivers_injured, 0.0 drivers_killed, 0.0 passengers_injured, 0.0 passengers_killed, 0.0 pedestrian_injured, 0.0 pedestrian_killed, Dry, EDSA F.B. Harrison St. Pasay",MMDA Road Safety Unit,,dfe27e54-24b5-491a-aa7f-baeed4709a4c,2008-10-31,07:00:00,EDSA fronting Music 21 KTV Bar Pasay,0,0,0,0,0,0,0,0,0,0,2008-10-31 15:00,Property,14.53759161,120.995779,No Collision Stated
None,EDSA,None,None,"Unknown, Side Swipe, 0.0 drivers_injured, 0.0 drivers_killed, 0.0 passengers_injured, 0.0 passengers_killed, 0.0 pedestrian_injured, 0.0 pedestrian_killed, Dry, EDSA fronting Heritage Hotel Pasay",MMDA Road Safety Unit,,4434615a-3af2-4165-af1c-0b30954e1e1f,2008-10-29,08:30:00,EDSA Tramo St. Pasay,0,0,0,0,0,0,0,0,0,0,2008-10-29 16:30,Property,14.5372421,120.9936671,Side Swipe
None,EDSA,None,None,"Human Error, Angle Impact, 0.0 drivers_injured, 0.0 drivers_killed, 0.0 passengers_injured, 0.0 passengers_killed, 0.0 pedestrian_injured, 0.0 pedestrian_killed, Dry, EDSA Taft Ave. Pasay",MMDA Road Safety Unit,,38439f05-b4ad-4d87-a2dd-f4f00e92ec79,2008-10-28,05:20:00,EDSA fronting Inland terminal Pasay,0,0,0,0,0,0,0,0,0,0,2008-10-28 13:20,Property,14.53759065,121.0007321,Angle Impact
None,EDSA,None,None,"Human Error, Side Swipe, 0.0 drivers_injured, 0.0 drivers_killed, 0.0 passengers_injured, 0.0 passengers_killed, 0.0 pedestrian_injured, 0.0 pedestrian_killed, Dry, EDSA Before Park ave. Pasay",MMDA Road Safety Unit,,54ffb5ef-59f0-4da8-9049-3061edf9cd46,2008-10-24,04:30:00,EDSA Taft Ave. Pasay,0,0,0,0,0,0,0,0,0,0,2008-10-24 12:30,Property,14.53777399,120.9985535,Side Swipe
None,EDSA,None,None,"Human Error, Angle Impact, 0.0 drivers_injured, 0.0 drivers_killed, 0.0 passengers_injured, 0.0 passengers_killed, 0.0 pedestrian_injured, 0.0 pedestrian_killed, Dry, EDSA Taft Ave. Pasay",MMDA Road Safety Unit,,74e86524-3f23-4678-b7df-58f63c1d57ee,2008-10-19,08:30:00,EDSA Taft Ave. Pasay,0,0,0,0,0,0,0,0,0,0,2008-10-19 16:30,Property,14.53759065,121.0007321,Angle Impact
None,EDSA,None,None,"Human Error, Side Swipe, 1.0 drivers_injured, 0.0 drivers_killed, 0.0 passengers_injured, 0.0 passengers_killed, 0.0 pedestrian_injured, 0.0 pedestrian_killed, Dry, EDSA after Taft Ave. Pasay",MMDA Road Safety Unit,,2aa543dc-0fe2-4bc0-9574-42626049c019,2008-10-02,21:30:00,EDSA Taft Ave. Pasay,0,0,0,1,0,0,0,0,0,1,2008-10-03 5:30,Injury,14.53748342,121.00128,Side Swipe
None,EDSA,None,None,"Human Error, Side Swipe, 0.0 drivers_injured, 0.0 drivers_killed, 0.0 passengers_injured, 0.0 passengers_killed, 0.0 pedestrian_injured, 0.0 pedestrian_killed, Dry, EDSA Taft Ave. Pasay",MMDA Road Safety Unit,,04589b43-5c52-49ec-ba2f-3bc08ab01ccb,2008-10-02,21:30:00,EDSA Taft Ave. Pasay,0,0,0,0,0,0,0,0,0,0,2008-10-03 5:30,Property,14.53775951,121.0007229,Side Swipe
None,EDSA,None,None,"Human Error, Angle Impact, 0.0 drivers_injured, 0.0 drivers_killed, 0.0 passengers_injured, 0.0 passengers_killed, 0.0 pedestrian_injured, 0.0 pedestrian_killed, Dry, EDSA Apelo St. Pasay",MMDA Road Safety Unit,,68a438d1-3e02-43ff-a33c-3631a7c3afb3,2008-10-01,04:15:00,EDSA fronting Heritage Hotel Pasay,0,0,0,0,0,0,0,0,0,0,2008-10-01 12:15,Property,14.53781432,121.0046399,Angle Impact
None,EDSA,None,None,"Human Error, Rear-end, 0.0 drivers_injured, 0.0 drivers_killed, 0.0 passengers_injured, 0.0 passengers_killed, 0.0 pedestrian_injured, 0.0 pedestrian_killed, Dry, EDSA after Taft Ave. Pasay",MMDA Road Safety Unit,,c5b9139a-f14e-4234-b9b4-3db1642f70fe,2008-09-28,21:45:00,EDSA Taft Ave. Pasay,0,0,0,0,0,0,0,0,0,0,2008-09-29 5:45,Property,14.53759161,121.0008752,Rear-End
None,EDSA,None,None,"Unknown, Side Swipe, 0.0 drivers_injured, 0.0 drivers_killed, 0.0 passengers_injured, 0.0 passengers_killed, 0.0 pedestrian_injured, 0.0 pedestrian_killed, Dry, EDSA fronting Music 21 KTV Bar Pasay",MMDA Road Safety Unit,,ffb6cda7-3b57-453a-806b-096ac9f710a7,2008-09-24,12:30:00,EDSA Taft Ave. Pasay,0,0,0,0,0,0,0,0,0,0,2008-09-24 20:30,Property,14.53754636,120.9953538,Side Swipe
None,EDSA,None,None,"Human Error, Angle Impact, 0.0 drivers_injured, 0.0 drivers_killed, 0.0 passengers_injured, 0.0 passengers_killed, 0.0 pedestrian_injured, 0.0 pedestrian_killed, Dry, EDSA Tramo St. Pasay",MMDA Road Safety Unit,,6688caa0-728e-42e7-b899-deb10620ea2d,2008-09-23,14:25:00,EDSA fronting BLTB Bus Terminal Pasay,0,0,0,0,0,0,0,0,0,0,2008-09-23 22:25,Property,14.53789456,121.003215,Angle Impact
None,EDSA,None,None,"Human Error, Rear-end, 1.0 drivers_injured, 0.0 drivers_killed, 0.0 passengers_injured, 0.0 passengers_killed, 0.0 pedestrian_injured, 0.0 pedestrian_killed, Dry, EDSA fronting Inland terminal Pasay",MMDA Road Safety Unit,,14e3637a-5b14-4246-8d98-678776cdeca8,2008-09-20,01:45:00,EDSA Cabrera St. Pasay,0,0,0,1,0,0,0,0,0,1,2008-09-20 9:45,Injury,14.53817326,121.0066273,Rear-End
None,EDSA,None,None,"Human Error, Rear-end, 0.0 drivers_injured, 0.0 drivers_killed, 0.0 passengers_injured, 0.0 passengers_killed, 0.0 pedestrian_injured, 0.0 pedestrian_killed, Dry, EDSA Taft Ave. Pasay",MMDA Road Safety Unit,,62ea25df-3694-4e8b-bf20-ae468ce4dd5c,2008-09-19,07:00:00,EDSA Tramo St. Pasay,0,0,0,0,0,0,0,0,0,0,2008-09-19 15:00,Property,14.53775951,121.0007229,Rear-End
None,EDSA,None,None,"Human Error, Angle Impact, 0.0 drivers_injured, 0.0 drivers_killed, 0.0 passengers_injured, 0.0 passengers_killed, 0.0 pedestrian_injured, 0.0 pedestrian_killed, Dry, EDSA Taft Ave. Pasay",MMDA Road Safety Unit,,9424e0bf-f6aa-4f90-ab4e-4b6c0604e0bf,2008-09-16,19:40:00,EDSA Taft Ave. Pasay,0,0,0,0,0,0,0,0,0,0,2008-09-17 3:40,Property,14.53759065,121.0007321,Angle Impact
None,EDSA,None,None,"Human Error, Angle Impact, 0.0 drivers_injured, 0.0 drivers_killed, 0.0 passengers_injured, 0.0 passengers_killed, 0.0 pedestrian_injured, 0.0 pedestrian_killed, Dry, EDSA Taft Ave. Pasay",MMDA Road Safety Unit,,1b16ebf2-4b32-4f09-877a-a1e8c4e7182a,2008-09-13,00:50:00,EDSA Taft Ave. Pasay,0,0,0,0,0,0,0,0,0,0,2008-09-13 8:50,Property,14.53759065,121.0007321,Angle Impact
None,EDSA,None,None,"Human Error, Angle Impact, 0.0 drivers_injured, 0.0 drivers_killed, 0.0 passengers_injured, 0.0 passengers_killed, 0.0 pedestrian_injured, 0.0 pedestrian_killed, Dry, EDSA Taft Ave. Pasay",MMDA Road Safety Unit,,83e7899d-d3dc-4bd2-a31f-cc31ac0e6b68,2008-09-12,03:30:00,EDSA Park Ave.  Pasay,0,0,0,0,0,0,0,0,0,0,2008-09-12 11:30,Property,14.53759065,121.0007321,Angle Impact
None,EDSA,None,None,"Unknown, Hit object (No Object Stated), 0.0 drivers_injured, 0.0 drivers_killed, 0.0 passengers_injured, 0.0 passengers_killed, 0.0 pedestrian_injured, 0.0 pedestrian_killed, Dry, EDSA fronting Heritage Hotel Pasay",MMDA Road Safety Unit,,22620f91-7df2-4b8c-bfb8-290db515063f,2008-08-30,20:30:00,EDSA Rodriguez st.  Pasay,0,0,0,0,0,0,0,0,0,0,2008-08-31 4:30,Property,14.5372421,120.9936671,Hit Object
None,EDSA,None,None,"Human Error, Angle Impact, 0.0 drivers_injured, 0.0 drivers_killed, 0.0 passengers_injured, 0.0 passengers_killed, 0.0 pedestrian_injured, 0.0 pedestrian_killed, Dry, EDSA Taft Ave. Pasay",MMDA Road Safety Unit,,b02c9298-e307-49ec-9881-d56037a063c0,2008-08-30,07:05:00,EDSA fronting Heritage Hotel Pasay,0,0,0,0,0,0,0,0,0,0,2008-08-30 15:05,Property,14.53759065,121.0007321,Angle Impact
None,EDSA,None,None,"Human Error, Angle Impact, 0.0 drivers_injured, 0.0 drivers_killed, 0.0 passengers_injured, 0.0 passengers_killed, 0.0 pedestrian_injured, 0.0 pedestrian_killed, Dry, EDSA Taft Ave. Pasay",MMDA Road Safety Unit,,7f587cf1-d0e3-4178-8e79-3be950ed9663,2008-08-27,05:30:00,EDSA Taft Ave. Pasay,0,0,0,0,0,0,0,0,0,0,2008-08-27 13:30,Property,14.53759065,121.0007321,Angle Impact
None,EDSA,None,None,"Unknown, Self-Accident, 1.0 drivers_injured, 0.0 drivers_killed, 0.0 passengers_injured, 0.0 passengers_killed, 0.0 pedestrian_injured, 0.0 pedestrian_killed, Dry, EDSA fronting BLTB Bus Terminal Pasay",MMDA Road Safety Unit,,64a4fe96-5aa7-4511-9e9e-7eeec25cc6fa,2008-08-23,12:30:00,EDSA Taft Ave. Pasay,0,0,0,1,0,0,0,0,0,1,2008-08-23 20:30,Injury,14.5377924,121.003695,Self-Accident
None,EDSA,None,None,"Human Error, Angle Impact, 0.0 drivers_injured, 0.0 drivers_killed, 0.0 passengers_injured, 0.0 passengers_killed, 0.0 pedestrian_injured, 0.0 pedestrian_killed, Dry, EDSA Cabrera St. Pasay",MMDA Road Safety Unit,,9307117a-04cb-4da0-823d-6860b71fb3ab,2008-08-19,07:15:00,EDSA Taft Ave. Pasay,0,0,0,0,0,0,0,0,0,0,2008-08-19 15:15,Property,14.53809452,121.0048901,Angle Impact
None,EDSA,None,None,"Human Error, Angle Impact, 0.0 drivers_injured, 0.0 drivers_killed, 0.0 passengers_injured, 0.0 passengers_killed, 0.0 pedestrian_injured, 0.0 pedestrian_killed, Dry, EDSA Tramo St. Pasay",MMDA Road Safety Unit,,f58a646e-3ca5-455f-b509-08f5503d7e7b,2008-08-07,10:00:00,EDSA Taft Ave. Pasay,0,0,0,0,0,0,0,0,0,0,2008-08-07 18:00,Property,14.53789456,121.003215,Angle Impact
None,EDSA,None,None,"Human Error, Angle Impact, 0.0 drivers_injured, 0.0 drivers_killed, 0.0 passengers_injured, 0.0 passengers_killed, 0.0 pedestrian_injured, 0.0 pedestrian_killed, Dry, EDSA Taft Ave. Pasay",MMDA Road Safety Unit,,21eee939-3de3-401f-a3c4-7839790534aa,2008-08-01,07:00:00,EDSA Tramo St. Pasay,0,0,0,0,0,0,0,0,0,0,2008-08-01 15:00,Property,14.53759065,121.0007321,Angle Impact
None,EDSA,None,None,"Human Error, Angle Impact, 0.0 drivers_injured, 0.0 drivers_killed, 0.0 passengers_injured, 0.0 passengers_killed, 0.0 pedestrian_injured, 0.0 pedestrian_killed, Dry, EDSA Taft Ave. Pasay",MMDA Road Safety Unit,,7ffed0ea-d3a0-4410-acc2-64b3d7cc6a7f,2008-08-01,03:30:00,EDSA Taft Ave. Pasay,0,0,0,0,0,0,0,0,0,0,2008-08-01 11:30,Property,14.53759065,121.0007321,Angle Impact
None,EDSA,None,None,"Human Error, Side Swipe, 0.0 drivers_injured, 0.0 drivers_killed, 0.0 passengers_injured, 0.0 passengers_killed, 0.0 pedestrian_injured, 0.0 pedestrian_killed, Dry, EDSA Park Ave.  Pasay",MMDA Road Safety Unit,,d5084024-b26d-4f87-b66e-ef904a91b2db,2008-07-27,07:40:00,EDSA Tramo St. Pasay,0,0,0,0,0,0,0,0,0,0,2008-07-27 15:40,Property,14.53774622,120.9982843,Side Swipe
None,EDSA,None,None,"Human Error, Rear-end, 0.0 drivers_injured, 0.0 drivers_killed, 1.0 passengers_injured, 0.0 passengers_killed, 0.0 pedestrian_injured, 0.0 pedestrian_killed, Dry, EDSA Rodriguez st.  Pasay",MMDA Road Safety Unit,,d8354df6-9007-412a-a65c-815bcf44fdab,2008-07-25,22:00:00,EDSA after Taft Ave. Pasay,0,0,0,0,1,0,0,0,0,1,2008-07-26 6:00,Injury,14.53843672,121.0086475,Rear-End
None,EDSA,None,None,"Human Error, Side Swipe, 0.0 drivers_injured, 0.0 drivers_killed, 0.0 passengers_injured, 0.0 passengers_killed, 0.0 pedestrian_injured, 0.0 pedestrian_killed, Dry, EDSA fronting Heritage Hotel Pasay",MMDA Road Safety Unit,,cbb08e67-5fea-4536-946c-5cc239151608,2008-07-25,15:00:00,EDSA Taft Ave. Pasay,0,0,0,0,0,0,0,0,0,0,2008-07-25 23:00,Property,14.5372421,120.9936671,Side Swipe
None,EDSA,None,None,"Human Error, Angle Impact, 0.0 drivers_injured, 0.0 drivers_killed, 0.0 passengers_injured, 0.0 passengers_killed, 0.0 pedestrian_injured, 0.0 pedestrian_killed, Dry, EDSA Taft Ave. Pasay",MMDA Road Safety Unit,,67cd2a7e-ca54-47cf-b5c0-505e928af5f7,2008-07-22,15:40:00,EDSA fronting Heritage Hotel Pasay,0,0,0,0,0,0,0,0,0,0,2008-07-22 23:40,Property,14.53759065,121.0007321,Angle Impact
None,EDSA,None,None,"Human Error, Angle Impact, 0.0 drivers_injured, 0.0 drivers_killed, 0.0 passengers_injured, 0.0 passengers_killed, 0.0 pedestrian_injured, 0.0 pedestrian_killed, Dry, EDSA Taft Ave. Pasay",MMDA Road Safety Unit,,352fb807-8012-48b9-ae7a-4ff3ef674f07,2008-07-19,14:55:00,EDSA fronting Heritage Hotel Pasay,0,0,0,0,0,0,0,0,0,0,2008-07-19 22:55,Property,14.53759065,121.0007321,Angle Impact
None,EDSA,None,None,"Human Error, Angle Impact, 0.0 drivers_injured, 0.0 drivers_killed, 0.0 passengers_injured, 0.0 passengers_killed, 0.0 pedestrian_injured, 0.0 pedestrian_killed, Dry, EDSA Taft Ave. Pasay",MMDA Road Safety Unit,,bd94fe63-9545-4ae4-b05c-70d1ab63b4c9,2008-07-15,08:30:00,EDSA Taft Ave. Pasay,0,0,0,0,0,0,0,0,0,0,2008-07-15 16:30,Property,14.53759065,121.0007321,Angle Impact
None,EDSA,None,None,"Human Error, Angle Impact, 0.0 drivers_injured, 0.0 drivers_killed, 0.0 passengers_injured, 0.0 passengers_killed, 0.0 pedestrian_injured, 0.0 pedestrian_killed, Dry, EDSA Taft Ave. Pasay",MMDA Road Safety Unit,,b20ee8bd-a99a-4347-a3e7-75e6f99662fb,2008-07-11,14:30:00,EDSA Taft Ave. Pasay,0,0,0,0,0,0,0,0,0,0,2008-07-11 22:30,Property,14.53759065,121.0007321,Angle Impact
None,EDSA,None,None,"Human Error, Angle Impact, 0.0 drivers_injured, 0.0 drivers_killed, 0.0 passengers_injured, 0.0 passengers_killed, 0.0 pedestrian_injured, 0.0 pedestrian_killed, Dry, EDSA Tramo St. Pasay",MMDA Road Safety Unit,,42adffaf-722b-4f88-963b-20fc4e392841,2008-07-02,02:00:00,EDSA before F.B. Harrison Pasay,0,0,0,0,0,0,0,0,0,0,2008-07-02 10:00,Property,14.53789456,121.003215,Angle Impact
None,EDSA,None,None,"Human Error, Angle Impact, 0.0 drivers_injured, 0.0 drivers_killed, 0.0 passengers_injured, 0.0 passengers_killed, 0.0 pedestrian_injured, 0.0 pedestrian_killed, Dry, EDSA Taft Ave. Pasay",MMDA Road Safety Unit,,152dce30-5f90-4c09-9db4-9ad8c0c9ca5c,2008-06-28,04:40:00,EDSA bet. Copacobana & Heritage Hotel Pasay,0,0,0,0,0,0,0,0,0,0,2008-06-28 12:40,Property,14.53759065,121.0007321,Angle Impact
None,EDSA,None,None,"Human Error, Rear-end, 0.0 drivers_injured, 0.0 drivers_killed, 0.0 passengers_injured, 0.0 passengers_killed, 0.0 pedestrian_injured, 0.0 pedestrian_killed, Dry, EDSA Tramo St. Pasay",MMDA Road Safety Unit,,3f5d115d-79b8-4157-8df7-7a92b6ed7895,2008-06-25,10:30:00,EDSA F.B. Harrison St. Pasay,0,0,0,0,0,0,0,0,0,0,2008-06-25 18:30,Property,14.53790544,121.0032547,Rear-End
None,EDSA,None,None,"Other, Hit object (No Object Stated), 0.0 drivers_injured, 0.0 drivers_killed, 0.0 passengers_injured, 0.0 passengers_killed, 0.0 pedestrian_injured, 0.0 pedestrian_killed, Dry, EDSA after Taft Ave. Pasay",MMDA Road Safety Unit,,be967b4a-ee81-4d3b-b4a2-025cd7c73f63,2008-06-24,03:30:00,EDSA Taft Ave. Pasay,0,0,0,0,0,0,0,0,0,0,2008-06-24 11:30,Property,14.53748342,121.00128,Hit Object
None,EDSA,None,None,"Human Error, Angle Impact, 0.0 drivers_injured, 0.0 drivers_killed, 0.0 passengers_injured, 0.0 passengers_killed, 0.0 pedestrian_injured, 0.0 pedestrian_killed, Dry, EDSA Taft Ave. Pasay",MMDA Road Safety Unit,,630a13ae-ee5d-4d63-a152-109b68407c02,2008-06-22,02:35:00,"EDSA at ""U"" turn slot, Park Ave. Pasay",0,0,0,0,0,0,0,0,0,0,2008-06-22 10:35,Property,14.53759065,121.0007321,Angle Impact
None,EDSA,None,None,"Human Error, Side Swipe, 0.0 drivers_injured, 0.0 drivers_killed, 0.0 passengers_injured, 0.0 passengers_killed, 0.0 pedestrian_injured, 0.0 pedestrian_killed, Dry, EDSA fronting Heritage Hotel Pasay",MMDA Road Safety Unit,,d2706aad-ac6c-4cca-8977-58a4bd8ba584,2008-06-21,06:00:00,EDSA Taft Ave. Pasay,0,0,0,0,0,0,0,0,0,0,2008-06-21 14:00,Property,14.5372421,120.9936671,Side Swipe
None,EDSA,None,None,"Other, Hit object (No Object Stated), 0.0 drivers_injured, 0.0 drivers_killed, 0.0 passengers_injured, 0.0 passengers_killed, 0.0 pedestrian_injured, 0.0 pedestrian_killed, Dry, EDSA fronting Heritage Hotel Pasay",MMDA Road Safety Unit,,1684f9e7-4db1-4de9-8ac1-1bb9338bafff,2008-06-20,11:30:00,EDSA fronting Victory Liner Bus Terminal Pasay,0,0,0,0,0,0,0,0,0,0,2008-06-20 19:30,Property,14.5372421,120.9936671,Hit Object
None,EDSA,None,None,"Human Error, Rear-end, 0.0 drivers_injured, 0.0 drivers_killed, 0.0 passengers_injured, 0.0 passengers_killed, 0.0 pedestrian_injured, 0.0 pedestrian_killed, Dry, EDSA Taft Ave. Pasay",MMDA Road Safety Unit,,2840c0bb-f673-4885-985d-d502f44f36be,2008-06-20,03:45:00,EDSA Victory Bus Terminal Pasay,0,0,0,0,0,0,0,0,0,0,2008-06-20 11:45,Property,14.53775951,121.0007229,Rear-End
None,EDSA,None,None,"Human Error, Angle Impact, 0.0 drivers_injured, 0.0 drivers_killed, 0.0 passengers_injured, 0.0 passengers_killed, 0.0 pedestrian_injured, 0.0 pedestrian_killed, Dry, EDSA Taft Ave. Pasay",MMDA Road Safety Unit,,935c2414-d88a-4228-a2e5-d1f81b9dfda2,2008-06-14,03:00:00,EDSA fronting Heritage Hotel Pasay,0,0,0,0,0,0,0,0,0,0,2008-06-14 11:00,Property,14.53759065,121.0007321,Angle Impact
None,EDSA,None,None,"Human Error, Side Swipe, 0.0 drivers_injured, 0.0 drivers_killed, 0.0 passengers_injured, 0.0 passengers_killed, 0.0 pedestrian_injured, 0.0 pedestrian_killed, Dry, EDSA before F.B. Harrison Pasay",MMDA Road Safety Unit,,91c32b64-840e-4fbc-822f-209f1591a85d,2008-06-13,06:00:00,EDSA Taft Ave. Pasay,0,0,0,0,0,0,0,0,0,0,2008-06-13 14:00,Property,14.53788659,120.9959639,Side Swipe
None,EDSA,None,None,"Human Error, Rear-end, 0.0 drivers_injured, 0.0 drivers_killed, 0.0 passengers_injured, 0.0 passengers_killed, 0.0 pedestrian_injured, 0.0 pedestrian_killed, Dry, EDSA bet. Copacobana & Heritage Hotel Pasay",MMDA Road Safety Unit,,f0a51301-4121-4ece-816d-13491d16ec76,2008-06-12,07:00:00,EDSA Taft Ave. Pasay,0,0,0,0,0,0,0,0,0,0,2008-06-12 15:00,Property,14.53725725,120.993142,Rear-End
None,EDSA,None,None,"Human Error, Angle Impact, 0.0 drivers_injured, 0.0 drivers_killed, 0.0 passengers_injured, 0.0 passengers_killed, 0.0 pedestrian_injured, 0.0 pedestrian_killed, Dry, EDSA F.B. Harrison St. Pasay",MMDA Road Safety Unit,,186fcea9-b76e-4457-ac67-c655797ddf1e,2008-06-05,23:30:00,EDSA Tramo St. Pasay,0,0,0,0,0,0,0,0,0,0,2008-06-06 7:30,Property,14.53777817,120.9956489,Angle Impact
None,EDSA,None,None,"Human Error, Angle Impact, 0.0 drivers_injured, 0.0 drivers_killed, 0.0 passengers_injured, 0.0 passengers_killed, 0.0 pedestrian_injured, 0.0 pedestrian_killed, Dry, EDSA Taft Ave. Pasay",MMDA Road Safety Unit,,a0294ed3-4551-4ad9-922b-f40ca73341e1,2008-06-01,04:30:00,EDSA Taft Ave. Pasay,0,0,0,0,0,0,0,0,0,0,2008-06-01 12:30,Property,14.53759065,121.0007321,Angle Impact
None,EDSA,None,None,"Unknown, Hit object (No Object Stated), 0.0 drivers_injured, 0.0 drivers_killed, 0.0 passengers_injured, 0.0 passengers_killed, 0.0 pedestrian_injured, 0.0 pedestrian_killed, Dry, EDSA at ""U"" turn slot, Park Ave. Pasay",MMDA Road Safety Unit,,6e28296c-e238-4c45-bb1e-f7c93d5df290,2008-05-26,17:30:00, EDSA fronting Heritage Hotel Pasay,0,0,0,0,0,0,0,0,0,0,2008-05-27 1:30,Property,14.53767511,120.9974625,Hit Object
None,EDSA,None,None,"Unknown, Self-Accident, 0.0 drivers_injured, 0.0 drivers_killed, 1.0 passengers_injured, 0.0 passengers_killed, 0.0 pedestrian_injured, 0.0 pedestrian_killed, Dry, EDSA Taft Ave. Pasay",MMDA Road Safety Unit,,925838b6-3d8f-44fb-8b2c-74b529d62a91,2008-05-23,10:30:00,EDSA fronting BLTB Bus Terminal Pasay,0,0,0,0,1,0,0,0,0,1,2008-05-23 18:30,Injury,14.53775951,121.0007229,Self-Accident
None,EDSA,None,None,"Human Error, Rear-end, 0.0 drivers_injured, 0.0 drivers_killed, 0.0 passengers_injured, 0.0 passengers_killed, 0.0 pedestrian_injured, 0.0 pedestrian_killed, Dry, EDSA fronting Victory Liner Bus Terminal Pasay",MMDA Road Safety Unit,,77d4782c-68e2-4a62-992c-401873f16c46,2008-05-20,02:00:00,EDSA Tramo St. Pasay,0,0,0,0,0,0,0,0,0,0,2008-05-20 10:00,Property,14.53838401,121.0066671,Rear-End
None,EDSA,None,None,"Human Error, Side Swipe, 0.0 drivers_injured, 0.0 drivers_killed, 0.0 passengers_injured, 0.0 passengers_killed, 0.0 pedestrian_injured, 0.0 pedestrian_killed, Dry, EDSA Victory Bus Terminal Pasay",MMDA Road Safety Unit,,ada15dbb-f855-482b-b9e9-0375fb7ac7a1,2008-04-13,08:00:00,EDSA Taft Ave Pasay,0,0,0,0,0,0,0,0,0,0,2008-04-13 16:00,Property,14.53839425,121.0066648,Side Swipe
None,EDSA,None,None,"Human Error, Side Swipe, 0.0 drivers_injured, 0.0 drivers_killed, 0.0 passengers_injured, 0.0 passengers_killed, 0.0 pedestrian_injured, 0.0 pedestrian_killed, Dry, EDSA fronting Heritage Hotel Pasay",MMDA Road Safety Unit,,608d0109-aff4-4d94-a7f4-936200f239ca,2008-04-11,12:30:00,EDSA Tramo St. Pasay,0,0,0,0,0,0,0,0,0,0,2008-04-11 20:30,Property,14.5372421,120.9936671,Side Swipe