LOCATION_TEXT,ROAD,WEATHER,LIGHT,DESC,REPORTING_AGENCY,MAIN_CAUSE,INCIDENTDETAILS_ID,DATE_UTC,TIME_UTC,ADDRESS,killed_driver,killed_passenger,killed_pedestrian,injured_driver,injured_passenger,injured_pedestrian,killed_uncategorized,injured_uncategorized,killed_total,injured_total,DATETIME_PST,SEVERITY,Y,X,COLLISION_TYPE
None,EDSA,None,None,"Human Error, Angle Impact, 0.0 drivers_injured, 0.0 drivers_killed, 0.0 passengers_injured, 0.0 passengers_killed, 0.0 pedestrian_injured, 0.0 pedestrian_killed, Dry, EDSA Taft Ave. Pasay",MMDA Road Safety Unit,,a4b4529f-1487-4e9f-8313-1f72760e61dc,2008-04-04,12:55:00,EDSA fronting Heritage Hotel Pasay,0,0,0,0,0,0,0,0,0,0,2008-04-04 20:55,Property,14.53759065,121.0007321,Angle Impact
None,EDSA,None,None,"Human Error, Angle Impact, 0.0 drivers_injured, 0.0 drivers_killed, 0.0 passengers_injured, 0.0 passengers_killed, 0.0 pedestrian_injured, 0.0 pedestrian_killed, Dry, EDSA Taft Ave. Pasay",MMDA Road Safety Unit,,2655b18b-db43-4c64-9050-95803ae18fdc,2008-04-03,23:45:00,EDSA fronting Heritage Hotel Pasay,0,0,0,0,0,0,0,0,0,0,2008-04-04 7:45,Property,14.53759065,121.0007321,Angle Impact
None,EDSA,None,None,"Human Error, Angle Impact, 0.0 drivers_injured, 0.0 drivers_killed, 0.0 passengers_injured, 0.0 passengers_killed, 0.0 pedestrian_injured, 0.0 pedestrian_killed, Dry, EDSA Tramo St. Pasay",MMDA Road Safety Unit,,967d40c9-f20d-4be2-bcaa-6d055a793436,2008-04-03,14:00:00,EDSA fronting heritage Hotel Pasay,0,0,0,0,0,0,0,0,0,0,2008-04-03 22:00,Property,14.53789456,121.003215,Angle Impact
None,EDSA,None,None,"Human Error, Angle Impact, 0.0 drivers_injured, 0.0 drivers_killed, 0.0 passengers_injured, 0.0 passengers_killed, 0.0 pedestrian_injured, 0.0 pedestrian_killed, Dry, EDSA Taft Ave. Pasay",MMDA Road Safety Unit,,eb348285-3f67-4fe0-8319-26f7a54bbb18,2008-03-31,23:20:00,EDSA Taft Ave. Pasay,0,0,0,0,0,0,0,0,0,0,2008-04-01 7:20,Property,14.53759065,121.0007321,Angle Impact
None,EDSA,None,None,"Human Error, Hit object (No Object Stated), 1.0 drivers_injured, 0.0 drivers_killed, 0.0 passengers_injured, 0.0 passengers_killed, 0.0 pedestrian_injured, 0.0 pedestrian_killed, Dry, EDSA fronting Heritage Hotel Pasay",MMDA Road Safety Unit,,ba614619-7a7f-4d62-9930-f79dc14f3b99,2008-03-31,18:45:00,EDSA before Tramo St. Pasay,0,0,0,1,0,0,0,0,0,1,2008-04-01 2:45,Injury,14.53699398,120.9929721,Hit Object
None,EDSA,None,None,"Human Error, Side Swipe, 0.0 drivers_injured, 0.0 drivers_killed, 0.0 passengers_injured, 0.0 passengers_killed, 0.0 pedestrian_injured, 0.0 pedestrian_killed, Dry, EDSA fronting BLTB Bus Terminal Pasay",MMDA Road Safety Unit,,f2dff7ab-45f5-4d15-81ef-2357817a11cb,2008-03-18,23:30:00,EDSA Taft Ave. Pasay,0,0,0,0,0,0,0,0,0,0,2008-03-19 7:30,Property,14.5377924,121.003695,Side Swipe
None,EDSA,None,None,"Human Error, Angle Impact, 0.0 drivers_injured, 0.0 drivers_killed, 0.0 passengers_injured, 0.0 passengers_killed, 0.0 pedestrian_injured, 0.0 pedestrian_killed, Dry, EDSA Tramo St. Pasay",MMDA Road Safety Unit,,8d0b266b-2e5e-499e-9fc3-587ebd864875,2008-03-18,07:00:00,EDSA Taft Ave. Pasay,0,0,0,0,0,0,0,0,0,0,2008-03-18 15:00,Property,14.53789456,121.003215,Angle Impact
None,EDSA,None,None,"Human Error, Angle Impact, 0.0 drivers_injured, 0.0 drivers_killed, 0.0 passengers_injured, 0.0 passengers_killed, 0.0 pedestrian_injured, 0.0 pedestrian_killed, Dry, EDSA Taft Ave Pasay",MMDA Road Safety Unit,,0ecc3416-0eb8-4736-b422-c36d66a816e2,2008-03-17,10:00:00,EDSA fronting Heritage Hotel Pasay,0,0,0,0,0,0,0,0,0,0,2008-03-17 18:00,Property,14.53759065,121.0007321,Angle Impact
None,EDSA,None,None,"Human Error, Angle Impact, 0.0 drivers_injured, 0.0 drivers_killed, 0.0 passengers_injured, 0.0 passengers_killed, 0.0 pedestrian_injured, 0.0 pedestrian_killed, Dry, EDSA Tramo St. Pasay",MMDA Road Safety Unit,,2f5e3ac1-2ce4-490c-b13a-bd4cc41f760c,2008-03-15,10:45:00,EDSA Victory Liner Pasay,0,0,0,0,0,0,0,0,0,0,2008-03-15 18:45,Property,14.53789456,121.003215,Angle Impact
None,EDSA,None,None,"Human Error, Side Swipe, 0.0 drivers_injured, 0.0 drivers_killed, 0.0 passengers_injured, 0.0 passengers_killed, 0.0 pedestrian_injured, 0.0 pedestrian_killed, Dry, EDSA fronting Heritage Hotel Pasay",MMDA Road Safety Unit,,565bff53-8d50-4c56-879c-ca14d69f8499,2008-03-15,08:00:00,EDSA near Tramo St. Pasay,0,0,0,0,0,0,0,0,0,0,2008-03-15 16:00,Property,14.5372421,120.9936671,Side Swipe
None,EDSA,None,None,"Human Error, Side Swipe, 0.0 drivers_injured, 0.0 drivers_killed, 0.0 passengers_injured, 0.0 passengers_killed, 0.0 pedestrian_injured, 0.0 pedestrian_killed, Dry, EDSA fronting Heritage Hotel Pasay",MMDA Road Safety Unit,,6562d986-1e9d-440a-b517-824e393ea8c2,2008-03-09,02:45:00,EDSA near Tramo St. Pasay,0,0,0,0,0,0,0,0,0,0,2008-03-09 10:45,Property,14.5372421,120.9936671,Side Swipe
None,EDSA,None,None,"Human Error, Side Swipe, 0.0 drivers_injured, 0.0 drivers_killed, 0.0 passengers_injured, 0.0 passengers_killed, 0.0 pedestrian_injured, 0.0 pedestrian_killed, Dry, EDSA fronting heritage Hotel Pasay",MMDA Road Safety Unit,,27546386-9bd4-4abb-8b01-b3de0384dfae,2008-03-08,02:50:00,EDSA Taft Ave. Pasay,0,0,0,0,0,0,0,0,0,0,2008-03-08 10:50,Property,14.5372421,120.9936671,Side Swipe
None,EDSA,None,None,"Human Error, Angle Impact, 0.0 drivers_injured, 0.0 drivers_killed, 0.0 passengers_injured, 0.0 passengers_killed, 0.0 pedestrian_injured, 0.0 pedestrian_killed, Dry, EDSA Taft Ave. Pasay",MMDA Road Safety Unit,,37fef79b-0686-41e7-ada1-33d46d925118,2008-02-27,04:15:00,EDSA Taft Ave. Pasay,0,0,0,0,0,0,0,0,0,0,2008-02-27 12:15,Property,14.53759065,121.0007321,Angle Impact
None,EDSA,None,None,"Human Error, Rear-end, 0.0 drivers_injured, 0.0 drivers_killed, 0.0 passengers_injured, 0.0 passengers_killed, 0.0 pedestrian_injured, 0.0 pedestrian_killed, Dry, EDSA before Tramo St. Pasay",MMDA Road Safety Unit,,c30268d8-04d3-47af-80af-31232f366574,2008-02-11,22:15:00,EDSA fronting Auto Mall Pasay,0,0,0,0,0,0,0,0,0,0,2008-02-12 6:15,Property,14.53789456,121.003215,Rear-End
None,EDSA,None,None,"Human Error, Angle Impact, 0.0 drivers_injured, 0.0 drivers_killed, 0.0 passengers_injured, 0.0 passengers_killed, 0.0 pedestrian_injured, 0.0 pedestrian_killed, Dry, EDSA Taft Ave. Pasay",MMDA Road Safety Unit,,0c0df28b-09c2-4585-8849-f16019898587,2008-02-09,07:00:00,EDSA fronting Heritage Hotel Pasay,0,0,0,0,0,0,0,0,0,0,2008-02-09 15:00,Property,14.53759065,121.0007321,Angle Impact
None,EDSA,None,None,"Unknown, Hit object (No Object Stated), 0.0 drivers_injured, 0.0 drivers_killed, 0.0 passengers_injured, 0.0 passengers_killed, 0.0 pedestrian_injured, 0.0 pedestrian_killed, Dry, EDSA Taft Ave. Pasay",MMDA Road Safety Unit,,c7e4e624-3fdf-4d46-906e-f04e7c6e4386,2008-02-06,08:10:00,EDSA Victory Liner Bus Terminal Pasay,0,0,0,0,0,0,0,0,0,0,2008-02-06 16:10,Property,14.53775951,121.0007229,Hit Object
None,EDSA,None,None,"Human Error, Rear-end, 0.0 drivers_injured, 0.0 drivers_killed, 0.0 passengers_injured, 0.0 passengers_killed, 0.0 pedestrian_injured, 0.0 pedestrian_killed, Dry, EDSA fronting Heritage Hotel Pasay",MMDA Road Safety Unit,,46f4d717-1285-4356-8a97-2e186b7bdafb,2008-02-05,15:15:00,EDSA Taft Ave. Pasay,0,0,0,0,0,0,0,0,0,0,2008-02-05 23:15,Property,14.53705274,120.993278,Rear-End
None,EDSA,None,None,"Human Error, Rear-end, 0.0 drivers_injured, 0.0 drivers_killed, 0.0 passengers_injured, 0.0 passengers_killed, 0.0 pedestrian_injured, 0.0 pedestrian_killed, Dry, EDSA near Victory Liner Pasay",MMDA Road Safety Unit,,d258d441-8429-425c-8684-9f10d93b49be,2008-02-05,02:00:00,EDSA Taft Ave. Pasay,0,0,0,0,0,0,0,0,0,0,2008-02-05 10:00,Property,14.53837135,121.006595,Rear-End
None,EDSA,None,None,"Human Error, Angle Impact, 0.0 drivers_injured, 0.0 drivers_killed, 0.0 passengers_injured, 0.0 passengers_killed, 0.0 pedestrian_injured, 0.0 pedestrian_killed, Dry, EDSA near Tramo St. Pasay",MMDA Road Safety Unit,,46b3ed10-56b3-4653-a0ce-cd5ef51730f8,2008-02-04,11:30:00,EDSA Taft Ave. Pasay,0,0,0,0,0,0,0,0,0,0,2008-02-04 19:30,Property,14.53789456,121.003215,Angle Impact
None,EDSA,None,None,"Human Error, Side Swipe, 0.0 drivers_injured, 0.0 drivers_killed, 0.0 passengers_injured, 0.0 passengers_killed, 0.0 pedestrian_injured, 0.0 pedestrian_killed, Dry, EDSA near Tramo St. Pasay",MMDA Road Safety Unit,,8f73aebf-9679-41a9-9219-da88dddf21ea,2008-02-04,02:40:00,EDSA Taft Ave. Pasay,0,0,0,0,0,0,0,0,0,0,2008-02-04 10:40,Property,14.53794796,121.0031967,Side Swipe
None,EDSA,None,None,"Human Error, Angle Impact, 0.0 drivers_injured, 0.0 drivers_killed, 0.0 passengers_injured, 0.0 passengers_killed, 0.0 pedestrian_injured, 0.0 pedestrian_killed, Dry, EDSA Taft Ave. Pasay",MMDA Road Safety Unit,,9f3958fd-ac23-402f-bcad-1337ff4ec431,2008-02-01,10:00:00,EDSA Taft Ave. Pasay,0,0,0,0,0,0,0,0,0,0,2008-02-01 18:00,Property,14.53759065,121.0007321,Angle Impact
None,EDSA,None,None,"Human Error, Angle Impact, 0.0 drivers_injured, 0.0 drivers_killed, 0.0 passengers_injured, 0.0 passengers_killed, 0.0 pedestrian_injured, 0.0 pedestrian_killed, Dry, EDSA Taft Ave. Pasay",MMDA Road Safety Unit,,98d3b8e6-d303-465d-a6da-40549af61247,2008-02-01,06:00:00,EDSA near Tramo St. Pasay,0,0,0,0,0,0,0,0,0,0,2008-02-01 14:00,Property,14.53759065,121.0007321,Angle Impact
None,EDSA,None,None,"Human Error, Side Swipe, 0.0 drivers_injured, 0.0 drivers_killed, 0.0 passengers_injured, 0.0 passengers_killed, 0.0 pedestrian_injured, 0.0 pedestrian_killed, Dry, EDSA fronting Auto Mall Pasay",MMDA Road Safety Unit,,153ad88b-0414-43ef-bfc1-1d154abfabda,2008-01-20,08:00:00,EDSA Taft Ave. Pasay,0,0,0,0,0,0,0,0,0,0,2008-01-20 16:00,Property,14.53791373,120.997263,Side Swipe
None,EDSA,None,None,"Human Error, Side Swipe, 0.0 drivers_injured, 0.0 drivers_killed, 0.0 passengers_injured, 0.0 passengers_killed, 0.0 pedestrian_injured, 0.0 pedestrian_killed, Dry, EDSA fronting Heritage Hotel Pasay",MMDA Road Safety Unit,,ed2dd8b8-6a97-4f48-bd75-85eaab1c341b,2008-01-15,05:30:00,EDSA fronting Philtranco Pasay,0,0,0,0,0,0,0,0,0,0,2008-01-15 13:30,Property,14.5372421,120.9936671,Side Swipe
None,EDSA,None,None,"Human Error, Side Swipe, 0.0 drivers_injured, 0.0 drivers_killed, 0.0 passengers_injured, 0.0 passengers_killed, 0.0 pedestrian_injured, 0.0 pedestrian_killed, Dry, EDSA Victory Liner Bus Terminal Pasay",MMDA Road Safety Unit,,7dfa1aad-b04d-477b-9019-4facf3abaecd,2008-01-15,04:30:00,EDSA MRT Station Pasay,0,0,0,0,0,0,0,0,0,0,2008-01-15 12:30,Property,14.53839425,121.0066648,Side Swipe
None,EDSA,None,None,"Human Error, Angle Impact, 0.0 drivers_injured, 0.0 drivers_killed, 0.0 passengers_injured, 0.0 passengers_killed, 0.0 pedestrian_injured, 0.0 pedestrian_killed, Dry, EDSA Taft Ave. Pasay",MMDA Road Safety Unit,,a9cec1a9-8c32-47f8-9b2f-58dd3a3d1382,2008-01-10,00:00:00,EDSA before Malll of Asia Pasay,0,0,0,0,0,0,0,0,0,0,2008-01-10 8:00,Property,14.53759065,121.0007321,Angle Impact
None,EDSA,None,None,"Human Error, Angle Impact, 0.0 drivers_injured, 0.0 drivers_killed, 0.0 passengers_injured, 0.0 passengers_killed, 0.0 pedestrian_injured, 0.0 pedestrian_killed, Dry, EDSA Taft Ave. Pasay",MMDA Road Safety Unit,,6b781312-26de-49bb-9d5f-9d2ecaefb7b7,2008-01-08,01:00:00,EDSA before Taft Ave. Pasay,0,0,0,0,0,0,0,0,0,0,2008-01-08 9:00,Property,14.53759065,121.0007321,Angle Impact
None,EDSA,None,None,"Human Error, Angle Impact, 0.0 drivers_injured, 0.0 drivers_killed, 0.0 passengers_injured, 0.0 passengers_killed, 0.0 pedestrian_injured, 0.0 pedestrian_killed, Dry, EDSA Taft Ave. Pasay",MMDA Road Safety Unit,,56635ca2-6d3c-4e52-9258-c8fb1f9929c3,2008-01-06,19:30:00,EDSA Taft Ave. Pasay,0,0,0,0,0,0,0,0,0,0,2008-01-07 3:30,Property,14.53759065,121.0007321,Angle Impact
None,EDSA,None,None,"Vehicle Defect, Other, 0.0 drivers_injured, 0.0 drivers_killed, 0.0 passengers_injured, 0.0 passengers_killed, 0.0 pedestrian_injured, 0.0 pedestrian_killed, Dry, EDSA Taft Ave. Pasay",MMDA Road Safety Unit,,3262bc39-1e76-4ae2-ba41-1b9f98d4ca54,2008-01-06,01:30:00,EDSA Taft Ave. Pasay,0,0,0,0,0,0,0,0,0,0,2008-01-06 9:30,Property,14.53775951,121.0007229,No Collision Stated
None,EDSA,None,None,"Human Error, Angle Impact, 0.0 drivers_injured, 0.0 drivers_killed, 0.0 passengers_injured, 0.0 passengers_killed, 0.0 pedestrian_injured, 0.0 pedestrian_killed, Dry, EDSA Taft Ave. Pasay",MMDA Road Safety Unit,,1c3a9684-f484-4f2e-a6b0-ee789bebf550,2008-01-03,02:30:00,EDSA before Roxas Blvd.  Pasay,0,0,0,0,0,0,0,0,0,0,2008-01-03 10:30,Property,14.53759065,121.0007321,Angle Impact
None,EDSA,None,None,"Human Error, Rear-end, 0.0 drivers_injured, 0.0 drivers_killed, 0.0 passengers_injured, 0.0 passengers_killed, 0.0 pedestrian_injured, 0.0 pedestrian_killed, Dry, EDSA near Tramo St. Pasay",MMDA Road Safety Unit,,2a2125c5-ff3f-4682-be7c-02362abdf891,2007-11-27,02:35:00,EDSA Taft Ave. Pasay,0,0,0,0,0,0,0,0,0,0,2007-11-27 10:35,Property,14.53794796,121.0031967,Rear-End
None,EDSA,None,None,"Human Error, Angle Impact, 0.0 drivers_injured, 0.0 drivers_killed, 0.0 passengers_injured, 0.0 passengers_killed, 0.0 pedestrian_injured, 0.0 pedestrian_killed, Dry, EDSA Taft Ave. Pasay",MMDA Road Safety Unit,,6b32a834-8bee-42c8-bd9d-ee84009607fe,2007-11-17,13:15:00,EDSA SM Mall of Asia Circle Pasay,0,0,0,0,0,0,0,0,0,0,2007-11-17 21:15,Property,14.53759065,121.0007321,Angle Impact
None,EDSA,None,None,"Human Error, Side Swipe, 0.0 drivers_injured, 0.0 drivers_killed, 0.0 passengers_injured, 0.0 passengers_killed, 0.0 pedestrian_injured, 0.0 pedestrian_killed, Dry, EDSA fronting Philtranco Pasay",MMDA Road Safety Unit,,966fb212-d118-46ce-8a61-5da1e65e90da,2007-11-17,02:00:00,EDSA Taft Ave. Pasay,0,0,0,0,0,0,0,0,0,0,2007-11-17 10:00,Property,14.53790364,121.0049075,Side Swipe
None,EDSA,None,None,"Human Error, Side Swipe, 0.0 drivers_injured, 0.0 drivers_killed, 0.0 passengers_injured, 0.0 passengers_killed, 0.0 pedestrian_injured, 0.0 pedestrian_killed, Dry, EDSA MRT Station Pasay",MMDA Road Safety Unit,,84db5709-75f8-4aea-b413-d9551ef9d1af,2007-11-12,11:45:00,EDSA Taft Ave. Pasay,0,0,0,0,0,0,0,0,0,0,2007-11-12 19:45,Property,14.53750141,121.0014813,Side Swipe
None,EDSA,None,None,"Human Error, Side Swipe, 0.0 drivers_injured, 0.0 drivers_killed, 0.0 passengers_injured, 0.0 passengers_killed, 0.0 pedestrian_injured, 0.0 pedestrian_killed, Dry, EDSA before Malll of Asia Pasay",MMDA Road Safety Unit,,804f8da3-3a34-41a2-a7a5-a0e17ff6a3eb,2007-11-12,07:10:00,EDSA Taft Ave. Pasay,0,0,0,0,0,0,0,0,0,0,2007-11-12 15:10,Property,14.53560205,120.9850739,Side Swipe
None,EDSA,None,None,"Human Error, Side Swipe, 0.0 drivers_injured, 0.0 drivers_killed, 0.0 passengers_injured, 0.0 passengers_killed, 0.0 pedestrian_injured, 0.0 pedestrian_killed, Dry, EDSA before Taft Ave. Pasay",MMDA Road Safety Unit,,3486f73a-c047-478c-8e9e-a6349bd75e4e,2007-11-10,09:00:00,EDSA Tramo St. Pasay,0,0,0,0,0,0,0,0,0,0,2007-11-10 17:00,Property,14.53764622,121.0012661,Side Swipe
None,EDSA,None,None,"Human Error, Angle Impact, 0.0 drivers_injured, 0.0 drivers_killed, 0.0 passengers_injured, 0.0 passengers_killed, 0.0 pedestrian_injured, 0.0 pedestrian_killed, Dry, EDSA Taft Ave. Pasay",MMDA Road Safety Unit,,479e8d62-90e8-4165-a74c-3e8053f8c01a,2007-11-07,09:15:00,EDSA Taft Ave. Pasay,0,0,0,0,0,0,0,0,0,0,2007-11-07 17:15,Property,14.53759065,121.0007321,Angle Impact
None,EDSA,None,None,"Human Error, Angle Impact, 0.0 drivers_injured, 0.0 drivers_killed, 0.0 passengers_injured, 0.0 passengers_killed, 0.0 pedestrian_injured, 0.0 pedestrian_killed, Dry, EDSA Taft Ave. Pasay",MMDA Road Safety Unit,,0875aa67-0c4f-4262-b0f1-16dc7662de3d,2007-11-05,14:00:00,EDSA Taft Ave. Pasay,0,0,0,0,0,0,0,0,0,0,2007-11-05 22:00,Property,14.53759065,121.0007321,Angle Impact
None,EDSA,None,None,"Human Error, Side Swipe, 0.0 drivers_injured, 0.0 drivers_killed, 0.0 passengers_injured, 0.0 passengers_killed, 0.0 pedestrian_injured, 0.0 pedestrian_killed, Dry, EDSA before Roxas Blvd.  Pasay",MMDA Road Safety Unit,,c08abf35-2310-47dd-a71f-fe1481a657b2,2007-11-03,01:45:00,EDSA Taft Ave. Pasay,0,0,0,0,0,0,0,0,0,0,2007-11-03 9:45,Property,14.53731241,120.9931153,Side Swipe
None,EDSA,None,None,"Human Error, Angle Impact, 0.0 drivers_injured, 0.0 drivers_killed, 0.0 passengers_injured, 0.0 passengers_killed, 0.0 pedestrian_injured, 0.0 pedestrian_killed, Dry, EDSA Taft Ave. Pasay",MMDA Road Safety Unit,,1fc53617-16c4-4ec6-b72d-3209e090cada,2007-10-31,15:00:00,EDSA  Taft Ave. (NB) Pasay,0,0,0,0,0,0,0,0,0,0,2007-10-31 23:00,Property,14.53759065,121.0007321,Angle Impact
None,EDSA,None,None,"Human Error, Rear-end, 0.0 drivers_injured, 0.0 drivers_killed, 0.0 passengers_injured, 0.0 passengers_killed, 0.0 pedestrian_injured, 0.0 pedestrian_killed, Dry, EDSA SM Mall of Asia Circle Pasay",MMDA Road Safety Unit,,7b87620f-6520-4201-b5f1-b2a63ddffdaa,2007-10-31,00:15:00,EDSA Taft Ave. Pasay,0,0,0,0,0,0,0,0,0,0,2007-10-31 8:15,Property,14.5353884,120.9849103,Rear-End
None,EDSA,None,None,"Human Error, Angle Impact, 0.0 drivers_injured, 0.0 drivers_killed, 0.0 passengers_injured, 0.0 passengers_killed, 0.0 pedestrian_injured, 0.0 pedestrian_killed, Dry, EDSA Taft Ave. Pasay",MMDA Road Safety Unit,,1683e543-a272-43fc-a33a-f97ad0ff2f86,2007-10-27,06:30:00,EDSA before Taft Ave. Pasay,0,0,0,0,0,0,0,0,0,0,2007-10-27 14:30,Property,14.53759065,121.0007321,Angle Impact
None,EDSA,None,None,"Human Error, Angle Impact, 0.0 drivers_injured, 0.0 drivers_killed, 0.0 passengers_injured, 0.0 passengers_killed, 0.0 pedestrian_injured, 0.0 pedestrian_killed, Dry, EDSA Taft Ave. Pasay",MMDA Road Safety Unit,,4b16f6d6-7230-4560-b85c-7ca1cb990bdd,2007-10-25,02:30:00,EDSA F.B. Harrison St. Pasay,0,0,0,0,0,0,0,0,0,0,2007-10-25 10:30,Property,14.53759065,121.0007321,Angle Impact
None,EDSA,None,None,"Human Error, Angle Impact, 0.0 drivers_injured, 0.0 drivers_killed, 0.0 passengers_injured, 0.0 passengers_killed, 0.0 pedestrian_injured, 0.0 pedestrian_killed, Dry, EDSA Taft Ave. Pasay",MMDA Road Safety Unit,,45e85146-93e3-45f9-b89c-54632b0ac87b,2007-10-21,00:00:00,EDSA before BLTB Pasay,0,0,0,0,0,0,0,0,0,0,2007-10-21 8:00,Property,14.53759065,121.0007321,Angle Impact
None,EDSA,None,None,"Human Error, Angle Impact, 0.0 drivers_injured, 0.0 drivers_killed, 0.0 passengers_injured, 0.0 passengers_killed, 0.0 pedestrian_injured, 0.0 pedestrian_killed, Dry, EDSA Tramo St. Pasay",MMDA Road Safety Unit,,16b4b52c-5fd6-4d50-b172-f12f5abda7b5,2007-10-17,11:00:00,EDSA near C. Jose St. Pasay,0,0,0,0,0,0,0,0,0,0,2007-10-17 19:00,Property,14.53789456,121.003215,Angle Impact
None,EDSA,None,None,"Human Error, Angle Impact, 0.0 drivers_injured, 0.0 drivers_killed, 0.0 passengers_injured, 0.0 passengers_killed, 0.0 pedestrian_injured, 0.0 pedestrian_killed, Dry, EDSA Taft Ave. Pasay",MMDA Road Safety Unit,,f0c7fad0-a221-45e6-b0d1-653b22605d61,2007-10-17,09:00:00,EDSA Taft Ave. Pasay,0,0,0,0,0,0,0,0,0,0,2007-10-17 17:00,Property,14.53759065,121.0007321,Angle Impact
None,EDSA,None,None,"Human Error, Angle Impact, 0.0 drivers_injured, 0.0 drivers_killed, 0.0 passengers_injured, 0.0 passengers_killed, 0.0 pedestrian_injured, 0.0 pedestrian_killed, Dry, EDSA Taft Ave. Pasay",MMDA Road Safety Unit,,26a91ea3-4b40-40a7-a7d3-91a215024f69,2007-10-13,13:00:00,EDSA before Taft Ave. Pasay,0,0,0,0,0,0,0,0,0,0,2007-10-13 21:00,Property,14.53759065,121.0007321,Angle Impact
None,EDSA,None,None,"Human Error, Angle Impact, 0.0 drivers_injured, 0.0 drivers_killed, 0.0 passengers_injured, 0.0 passengers_killed, 0.0 pedestrian_injured, 0.0 pedestrian_killed, Dry, EDSA Taft Ave. Pasay",MMDA Road Safety Unit,,f59b27a2-fa15-4dfe-a7e9-21484cd45a63,2007-10-06,04:00:00,EDSA Taft Ave. Pasay,0,0,0,0,0,0,0,0,0,0,2007-10-06 12:00,Property,14.53759065,121.0007321,Angle Impact
None,EDSA,None,None,"Human Error, Side Swipe, 0.0 drivers_injured, 0.0 drivers_killed, 0.0 passengers_injured, 0.0 passengers_killed, 0.0 pedestrian_injured, 0.0 pedestrian_killed, Dry, EDSA  Taft Ave. (NB) Pasay",MMDA Road Safety Unit,,4acea4fe-aa8d-48f7-918f-27df6a272eb5,2007-10-02,22:30:00,EDSA MRT Stn. Pasay,0,0,0,0,0,0,0,0,0,0,2007-10-03 6:30,Property,14.53765557,121.0008015,Side Swipe
None,EDSA,None,None,"Unknown, Angle Impact, 0.0 drivers_injured, 0.0 drivers_killed, 0.0 passengers_injured, 0.0 passengers_killed, 0.0 pedestrian_injured, 0.0 pedestrian_killed, Dry, EDSA Taft Ave. Pasay",MMDA Road Safety Unit,,1e1f2964-247b-48aa-9e0b-be7cbfc5d7c5,2007-09-28,03:10:00,EDSA Victory Liner Bus Terminal Pasay,0,0,0,0,0,0,0,0,0,0,2007-09-28 11:10,Property,14.53775951,121.0007229,Angle Impact
None,EDSA,None,None,"Human Error, Side Swipe, 0.0 drivers_injured, 0.0 drivers_killed, 0.0 passengers_injured, 0.0 passengers_killed, 0.0 pedestrian_injured, 0.0 pedestrian_killed, Dry, EDSA before Taft Ave. Pasay",MMDA Road Safety Unit,,5732e246-261b-4671-8764-599c2ae39e71,2007-09-25,01:45:00,EDSA fronting Heritage Hotel Pasay,0,0,0,0,0,0,0,0,0,0,2007-09-25 9:45,Property,14.53764622,121.0012661,Side Swipe
None,EDSA,None,None,"Human Error, Side Swipe, 1.0 drivers_injured, 0.0 drivers_killed, 0.0 passengers_injured, 0.0 passengers_killed, 0.0 pedestrian_injured, 0.0 pedestrian_killed, Dry, EDSA F.B. Harrison St. Pasay",MMDA Road Safety Unit,,26d482b0-0733-4a49-8743-7266b01488e5,2007-09-20,00:30:00,EDSA before C. Jose St. Pasay,0,0,0,1,0,0,0,0,0,1,2007-09-20 8:30,Injury,14.53785118,120.9955695,Side Swipe
None,EDSA,None,None,"Human Error, Side Swipe, 0.0 drivers_injured, 0.0 drivers_killed, 0.0 passengers_injured, 0.0 passengers_killed, 0.0 pedestrian_injured, 0.0 pedestrian_killed, Dry, EDSA before BLTB Pasay",MMDA Road Safety Unit,,7b6db07c-6357-491f-9776-b4d63136dca7,2007-09-18,01:30:00,EDSA before Zamora St. Pasay,0,0,0,0,0,0,0,0,0,0,2007-09-18 9:30,Property,14.53779058,121.0034812,Side Swipe
None,EDSA,None,None,"Human Error, Angle Impact, 0.0 drivers_injured, 0.0 drivers_killed, 0.0 passengers_injured, 0.0 passengers_killed, 0.0 pedestrian_injured, 0.0 pedestrian_killed, Dry, EDSA near C. Jose St. Pasay",MMDA Road Safety Unit,,5721d55d-c05b-45e9-b57d-06d99d9b7c53,2007-09-17,01:30:00,EDSA Taft Ave. Pasay,0,0,0,0,0,0,0,0,0,0,2007-09-17 9:30,Property,14.5388766,121.0106097,Angle Impact
None,EDSA,None,None,"Human Error, Angle Impact, 0.0 drivers_injured, 0.0 drivers_killed, 0.0 passengers_injured, 0.0 passengers_killed, 0.0 pedestrian_injured, 0.0 pedestrian_killed, Dry, EDSA Taft Ave. Pasay",MMDA Road Safety Unit,,8967fa72-a721-4a6a-be24-208f199a4eb0,2007-09-14,10:30:00,EDSA  fronting Copacuban Hotel Pasay,0,0,0,0,0,0,0,0,0,0,2007-09-14 18:30,Property,14.53759065,121.0007321,Angle Impact
None,EDSA,None,None,"Human Error, Rear-end, 0.0 drivers_injured, 0.0 drivers_killed, 0.0 passengers_injured, 0.0 passengers_killed, 0.0 pedestrian_injured, 0.0 pedestrian_killed, Dry, EDSA before Taft Ave. Pasay",MMDA Road Safety Unit,,e6e65204-19be-4c6f-8a9c-b96e5d6e17bd,2007-09-13,13:00:00,EDSA Taft Ave. Pasay,0,0,0,0,0,0,0,0,0,0,2007-09-13 21:00,Property,14.53759161,121.0008752,Rear-End
None,EDSA,None,None,"Human Error, Angle Impact, 0.0 drivers_injured, 0.0 drivers_killed, 1.0 passengers_injured, 0.0 passengers_killed, 0.0 pedestrian_injured, 0.0 pedestrian_killed, Dry, EDSA Taft Ave. Pasay",MMDA Road Safety Unit,,006e47a8-c41e-488b-a1f5-8709d683559c,2007-09-12,03:00:00,EDSA F.B. Harrison St. Pasay,0,0,0,0,1,0,0,0,0,1,2007-09-12 11:00,Injury,14.53759065,121.0007321,Angle Impact
None,EDSA,None,None,"Human Error, Side Swipe, 0.0 drivers_injured, 0.0 drivers_killed, 0.0 passengers_injured, 0.0 passengers_killed, 0.0 pedestrian_injured, 0.0 pedestrian_killed, Dry, EDSA MRT Stn. Pasay",MMDA Road Safety Unit,,698ccdc7-36ba-4638-a650-320efdb1c518,2007-09-11,09:05:00,EDSA before SM Mall of asia Pasay,0,0,0,0,0,0,0,0,0,0,2007-09-11 17:05,Property,14.53750141,121.0014813,Side Swipe
None,EDSA,None,None,"Human Error, Side Swipe, 0.0 drivers_injured, 0.0 drivers_killed, 0.0 passengers_injured, 0.0 passengers_killed, 0.0 pedestrian_injured, 0.0 pedestrian_killed, Dry, EDSA near Victory Liner Bus Terminal Pasay",MMDA Road Safety Unit,,207b4bfa-6861-48c1-8112-98e1a2bb19eb,2007-09-11,02:00:00,"EDSA before ""U'turn slot fronting Heritage Hotel Pasay",0,0,0,0,0,0,0,0,0,0,2007-09-11 10:00,Property,14.53837135,121.006595,Side Swipe