LOCATION_TEXT,ROAD,WEATHER,LIGHT,DESC,REPORTING_AGENCY,MAIN_CAUSE,INCIDENTDETAILS_ID,DATE_UTC,TIME_UTC,ADDRESS,killed_driver,killed_passenger,killed_pedestrian,injured_driver,injured_passenger,injured_pedestrian,killed_uncategorized,injured_uncategorized,killed_total,injured_total,DATETIME_PST,SEVERITY,Y,X,COLLISION_TYPE
None,EDSA,None,None,"Human Error, Rear-end, 0.0 drivers_injured, 0.0 drivers_killed, 0.0 passengers_injured, 0.0 passengers_killed, 0.0 pedestrian_injured, 0.0 pedestrian_killed, Dry, EDSA fronting Heritage Hotel Pasay",MMDA Road Safety Unit,,68a499cd-f2e7-49dc-b9b6-a223b2b45e73,2007-09-08,08:30:00,EDSA fronting Victory Liner Bus Terminal Pasay,0,0,0,0,0,0,0,0,0,0,2007-09-08 16:30,Property,14.53705274,120.993278,Rear-End
None,EDSA,None,None,"Human Error, Angle Impact, 0.0 drivers_injured, 0.0 drivers_killed, 0.0 passengers_injured, 0.0 passengers_killed, 0.0 pedestrian_injured, 0.0 pedestrian_killed, Dry, EDSA before C. Jose St. Pasay",MMDA Road Safety Unit,,6bba0af5-c2ba-4c0c-8c83-812675f4ab7c,2007-09-07,03:00:00,EDSA  before Mantrade Pasay,0,0,0,0,0,0,0,0,0,0,2007-09-07 11:00,Property,14.53859937,121.0107661,Angle Impact
None,EDSA,None,None,"Human Error, Side Swipe, 0.0 drivers_injured, 0.0 drivers_killed, 0.0 passengers_injured, 0.0 passengers_killed, 0.0 pedestrian_injured, 0.0 pedestrian_killed, Dry, EDSA before Zamora St. Pasay",MMDA Road Safety Unit,,b8407dc1-659a-417e-b433-630a61e16276,2007-09-07,02:00:00,EDSA Taft Ave. Pasay,0,0,0,0,0,0,0,0,0,0,2007-09-07 10:00,Property,14.53785704,121.0016516,Side Swipe
None,EDSA,None,None,"Human Error, Angle Impact, 0.0 drivers_injured, 0.0 drivers_killed, 0.0 passengers_injured, 0.0 passengers_killed, 0.0 pedestrian_injured, 0.0 pedestrian_killed, Dry, EDSA Taft Ave. Pasay",MMDA Road Safety Unit,,1ce44abf-0e04-4591-85aa-00c208726f87,2007-09-04,22:45:00,EDSA before Zamora St. Pasay,0,0,0,0,0,0,0,0,0,0,2007-09-05 6:45,Property,14.53759065,121.0007321,Angle Impact
None,EDSA,None,None,"Human Error, Side Swipe, 0.0 drivers_injured, 0.0 drivers_killed, 0.0 passengers_injured, 0.0 passengers_killed, 0.0 pedestrian_injured, 0.0 pedestrian_killed, Dry, EDSA  fronting Copacuban Hotel Pasay",MMDA Road Safety Unit,,aaaf26a3-b242-45d8-aa35-7276f2f5ef58,2007-09-04,02:40:00,EDSA Aurora Blvd. (Tramo) Pasay,0,0,0,0,0,0,0,0,0,0,2007-09-04 10:40,Property,14.53745881,120.994652,Side Swipe
None,EDSA,None,None,"Human Error, Angle Impact, 0.0 drivers_injured, 0.0 drivers_killed, 0.0 passengers_injured, 0.0 passengers_killed, 0.0 pedestrian_injured, 0.0 pedestrian_killed, Dry, EDSA Taft Ave. Pasay",MMDA Road Safety Unit,,a4c70ced-9813-4edf-9923-42fac4f842b6,2007-09-03,05:30:00,EDSA  after C. Jose St. Pasay,0,0,0,0,0,0,0,0,0,0,2007-09-03 13:30,Property,14.53759065,121.0007321,Angle Impact
None,EDSA,None,None,"Human Error, Angle Impact, 0.0 drivers_injured, 0.0 drivers_killed, 0.0 passengers_injured, 0.0 passengers_killed, 0.0 pedestrian_injured, 0.0 pedestrian_killed, Dry, EDSA F.B. Harrison St. Pasay",MMDA Road Safety Unit,,ec95c752-c6c8-47e0-ae55-9fdb3f8415d3,2007-09-03,02:40:00,EDSA before Taft Ave. Pasay,0,0,0,0,0,0,0,0,0,0,2007-09-03 10:40,Property,14.53777817,120.9956489,Angle Impact
None,EDSA,None,None,"Human Error, Side Swipe, 0.0 drivers_injured, 0.0 drivers_killed, 0.0 passengers_injured, 0.0 passengers_killed, 0.0 pedestrian_injured, 0.0 pedestrian_killed, Dry, EDSA before SM Mall of asia Pasay",MMDA Road Safety Unit,,18710abc-c618-43e9-aa1b-f7162794cf54,2007-08-31,13:25:00,EDSA before Taft Ave. Pasay,0,0,0,0,0,0,0,0,0,0,2007-08-31 21:25,Property,14.53552592,120.9849972,Side Swipe
None,EDSA,None,None,"Human Error, Side Swipe, 0.0 drivers_injured, 0.0 drivers_killed, 0.0 passengers_injured, 0.0 passengers_killed, 0.0 pedestrian_injured, 0.0 pedestrian_killed, Dry, EDSA before ""U'turn slot fronting Heritage Hotel Pasay",MMDA Road Safety Unit,,364443fd-333b-4a05-a745-e2bd420d6ef7,2007-08-29,23:25:00,EDSA Roxas Blvd. Pasay,0,0,0,0,0,0,0,0,0,0,2007-08-30 7:25,Property,14.53737125,120.9937811,Side Swipe
None,EDSA,None,None,"Human Error, Side Swipe, 0.0 drivers_injured, 0.0 drivers_killed, 0.0 passengers_injured, 0.0 passengers_killed, 0.0 pedestrian_injured, 0.0 pedestrian_killed, Dry, EDSA fronting Victory Liner Bus Terminal Pasay",MMDA Road Safety Unit,,fb085186-8ec1-4669-a3cf-821706a0b607,2007-07-30,23:05:00,EDSA before Taft Ave. Pasay,0,0,0,0,0,0,0,0,0,0,2007-07-31 7:05,Property,14.53838401,121.0066671,Side Swipe
None,EDSA,None,None,"Human Error, Hit and Run (No Collision Stated), 0.0 drivers_injured, 0.0 drivers_killed, 0.0 passengers_injured, 0.0 passengers_killed, 0.0 pedestrian_injured, 0.0 pedestrian_killed, Dry, EDSA  before Mantrade Pasay",MMDA Road Safety Unit,,e72aaf3d-3cd4-4adc-94da-c65e313cc3cf,2007-07-28,10:30:00,EDSA Taft Ave. Pasay,0,0,0,0,0,0,0,0,0,0,2007-07-28 18:30,Property,14.54094224,121.018059,No Collision Stated
None,EDSA,None,None,"Human Error, Angle Impact, 0.0 drivers_injured, 0.0 drivers_killed, 0.0 passengers_injured, 0.0 passengers_killed, 0.0 pedestrian_injured, 0.0 pedestrian_killed, Dry, EDSA Taft Ave. Pasay",MMDA Road Safety Unit,,24619f52-d8a0-4eb7-86b8-3a7427c66d05,2007-07-27,03:30:00,EDSA Taft Ave. Pasay,0,0,0,0,0,0,0,0,0,0,2007-07-27 11:30,Property,14.53759065,121.0007321,Angle Impact
None,EDSA,None,None,"Human Error, Side Swipe, 0.0 drivers_injured, 0.0 drivers_killed, 0.0 passengers_injured, 0.0 passengers_killed, 0.0 pedestrian_injured, 0.0 pedestrian_killed, Dry, EDSA before Zamora St. Pasay",MMDA Road Safety Unit,,c01e8fa6-e622-4195-b836-eaab85b12d73,2007-07-27,03:30:00,EDSA fronting Philtranco Pasay,0,0,0,0,0,0,0,0,0,0,2007-07-27 11:30,Property,14.53785704,121.0016516,Side Swipe
None,EDSA,None,None,"Unknown, Other (Hit by a Falling Debri / Object), 0.0 drivers_injured, 0.0 drivers_killed, 0.0 passengers_injured, 0.0 passengers_killed, 0.0 pedestrian_injured, 0.0 pedestrian_killed, Dry, EDSA Aurora Blvd. (Tramo) Pasay",MMDA Road Safety Unit,,7e03a961-3464-4d7f-aba9-8444699bd0d4,2007-07-13,07:40:00,EDSA Taft Ave. Pasay,0,0,0,0,0,0,0,0,0,0,2007-07-13 15:40,Property,14.53779864,121.0033477,Hit Object
None,EDSA,None,None,"Human Error, Rear-end, 0.0 drivers_injured, 0.0 drivers_killed, 0.0 passengers_injured, 0.0 passengers_killed, 0.0 pedestrian_injured, 0.0 pedestrian_killed, Dry, EDSA  after C. Jose St. Pasay",MMDA Road Safety Unit,,43bda441-b057-4ba8-90e7-774429f825af,2007-07-07,12:45:00,EDSA fronting C. Jose St. Pasay,0,0,0,0,0,0,0,0,0,0,2007-07-07 20:45,Property,14.5388766,121.0106097,Rear-End
None,EDSA,None,None,"Human Error, Side Swipe, 0.0 drivers_injured, 0.0 drivers_killed, 0.0 passengers_injured, 0.0 passengers_killed, 0.0 pedestrian_injured, 0.0 pedestrian_killed, Dry, EDSA before Taft Ave. Pasay",MMDA Road Safety Unit,,e71a4265-87f2-4f7a-979c-b6e9ad9edb9d,2007-07-05,15:00:00,EDSA Taft Ave. Pasay,0,0,0,0,0,0,0,0,0,0,2007-07-05 23:00,Property,14.53764622,121.0012661,Side Swipe
None,EDSA,None,None,"Human Error, Side Swipe, 0.0 drivers_injured, 0.0 drivers_killed, 0.0 passengers_injured, 0.0 passengers_killed, 0.0 pedestrian_injured, 0.0 pedestrian_killed, Dry, EDSA before Taft Ave. Pasay",MMDA Road Safety Unit,,e01647ef-c55d-4e62-9955-0a16c5c30dc9,2007-07-05,12:30:00,EDSA Roxas Blvd. Service Road Pasay,0,0,0,0,0,0,0,0,0,0,2007-07-05 20:30,Property,14.53764622,121.0012661,Side Swipe
None,EDSA,None,None,"Human Error, Angle Impact, 0.0 drivers_injured, 0.0 drivers_killed, 0.0 passengers_injured, 0.0 passengers_killed, 0.0 pedestrian_injured, 0.0 pedestrian_killed, Dry, EDSA Roxas Blvd. Pasay",MMDA Road Safety Unit,,5c05aa06-5488-450c-889f-8c854ef8a99b,2007-07-05,07:00:00,EDSA  fronting Heritage Hotel Pasay,0,0,0,0,0,0,0,0,0,0,2007-07-05 15:00,Property,14.53690471,120.992558,Angle Impact
None,EDSA,None,None,"Human Error, Side Swipe, 0.0 drivers_injured, 0.0 drivers_killed, 0.0 passengers_injured, 0.0 passengers_killed, 0.0 pedestrian_injured, 0.0 pedestrian_killed, Dry, EDSA before Taft Ave. Pasay",MMDA Road Safety Unit,,f18069ff-4626-4f61-ab42-247c7297610b,2007-07-04,05:50:00,EDSA fronting Heritage Hotel Pasay,0,0,0,0,0,0,0,0,0,0,2007-07-04 13:50,Property,14.53764622,121.0012661,Side Swipe
None,EDSA,None,None,"Human Error, Angle Impact, 0.0 drivers_injured, 0.0 drivers_killed, 0.0 passengers_injured, 0.0 passengers_killed, 0.0 pedestrian_injured, 0.0 pedestrian_killed, Dry, EDSA Taft Ave. Pasay",MMDA Road Safety Unit,,cc2e5ef2-7d5b-46d0-9f97-cb9fa4d2dc9f,2007-07-04,02:00:00,EDSA Aurora Blvd. Pasay,0,0,0,0,0,0,0,0,0,0,2007-07-04 10:00,Property,14.53759065,121.0007321,Angle Impact
None,EDSA,None,None,"Human Error, Angle Impact, 0.0 drivers_injured, 0.0 drivers_killed, 0.0 passengers_injured, 0.0 passengers_killed, 0.0 pedestrian_injured, 0.0 pedestrian_killed, Dry, EDSA Taft Ave. Pasay",MMDA Road Safety Unit,,4afe0907-6851-4631-9ef6-6428bcb2581a,2007-07-03,10:30:00,EDSA Taft Ave. Pasay,0,0,0,0,0,0,0,0,0,0,2007-07-03 18:30,Property,14.53759065,121.0007321,Angle Impact
None,EDSA,None,None,"Human Error, Side Swipe, 0.0 drivers_injured, 0.0 drivers_killed, 0.0 passengers_injured, 0.0 passengers_killed, 0.0 pedestrian_injured, 0.0 pedestrian_killed, Dry, EDSA fronting Philtranco Pasay",MMDA Road Safety Unit,,76733815-63c5-4aa6-b095-244667c686c9,2007-07-01,22:45:00,EDSA Taft Ave. Pasay,0,0,0,0,0,0,0,0,0,0,2007-07-02 6:45,Property,14.53790364,121.0049075,Side Swipe
None,EDSA,None,None,"Human Error, Angle Impact, 0.0 drivers_injured, 0.0 drivers_killed, 0.0 passengers_injured, 0.0 passengers_killed, 0.0 pedestrian_injured, 0.0 pedestrian_killed, Dry, EDSA Taft Ave. Pasay",MMDA Road Safety Unit,,80f75196-67e3-43ec-b8de-cee0a993a6de,2007-07-01,14:15:00,EDSA Taft Ave. Pasay,0,0,0,0,0,0,0,0,0,0,2007-07-01 22:15,Property,14.53759065,121.0007321,Angle Impact
None,EDSA,None,None,"Human Error, Side Swipe, 0.0 drivers_injured, 0.0 drivers_killed, 0.0 passengers_injured, 0.0 passengers_killed, 0.0 pedestrian_injured, 0.0 pedestrian_killed, Dry, EDSA fronting C. Jose St. Pasay",MMDA Road Safety Unit,,5f78d308-b6c2-40b1-aa6c-8e6763bc918f,2007-07-01,09:00:00,EDSA before Taft Ave. Pasay,0,0,0,0,0,0,0,0,0,0,2007-07-01 17:00,Property,14.5387178,121.0107756,Side Swipe
None,EDSA,None,None,"Human Error, Angle Impact, 1.0 drivers_injured, 0.0 drivers_killed, 0.0 passengers_injured, 0.0 passengers_killed, 0.0 pedestrian_injured, 0.0 pedestrian_killed, Dry, EDSA Taft Ave. Pasay",MMDA Road Safety Unit,,d804947e-28e5-446c-951b-0a680c9a96d9,2007-06-30,13:30:00,EDSA near Tramo St. Pasay,0,0,0,1,0,0,0,0,0,1,2007-06-30 21:30,Injury,14.53759161,121.0008752,Angle Impact
None,EDSA,None,None,"Unknown, Side Swipe, 0.0 drivers_injured, 0.0 drivers_killed, 0.0 passengers_injured, 0.0 passengers_killed, 0.0 pedestrian_injured, 0.0 pedestrian_killed, Dry, EDSA Roxas Blvd. Service Road Pasay",MMDA Road Safety Unit,,454f8137-99b3-49ed-96db-33c01cdec553,2007-06-29,13:30:00,EDSA F.B. Harrison St. Pasay,0,0,0,0,0,0,0,0,0,0,2007-06-29 21:30,Property,14.53725136,120.9928775,Side Swipe
None,EDSA,None,None,"Human Error, Side Swipe, 0.0 drivers_injured, 0.0 drivers_killed, 0.0 passengers_injured, 0.0 passengers_killed, 0.0 pedestrian_injured, 0.0 pedestrian_killed, Dry, EDSA  fronting Heritage Hotel Pasay",MMDA Road Safety Unit,,4fceebc9-7973-4bea-bbb3-770b2b3a5f44,2007-06-29,06:30:00,EDSA Aurora Blvd. Pasay,0,0,0,0,0,0,0,0,0,0,2007-06-29 14:30,Property,14.53723527,120.9933811,Side Swipe
None,EDSA,None,None,"Human Error, Side Swipe, 0.0 drivers_injured, 0.0 drivers_killed, 0.0 passengers_injured, 0.0 passengers_killed, 0.0 pedestrian_injured, 0.0 pedestrian_killed, Dry, EDSA fronting Heritage Hotel Pasay",MMDA Road Safety Unit,,275781bd-8da0-4148-b2c2-88f0c1e09475,2007-06-12,00:35:00,EDSA Taft Ave. Pasay,0,0,0,0,0,0,0,0,0,0,2007-06-12 8:35,Property,14.5372421,120.9936671,Side Swipe
None,EDSA,None,None,"Human Error, Angle Impact, 0.0 drivers_injured, 0.0 drivers_killed, 0.0 passengers_injured, 0.0 passengers_killed, 0.0 pedestrian_injured, 0.0 pedestrian_killed, Dry, EDSA Aurora Blvd. Pasay",MMDA Road Safety Unit,,69c4cbfd-aeb4-4dc8-a0c9-c42f19e06151,2007-06-11,23:00:00,EDSA before Taft Ave. Pasay,0,0,0,0,0,0,0,0,0,0,2007-06-12 7:00,Property,14.53764354,121.0033321,Angle Impact
None,EDSA,None,None,"Human Error, Rear-end, 0.0 drivers_injured, 0.0 drivers_killed, 0.0 passengers_injured, 0.0 passengers_killed, 0.0 pedestrian_injured, 0.0 pedestrian_killed, Dry, EDSA Taft Ave. Pasay",MMDA Road Safety Unit,,a55e3fcc-bdbd-4137-8bc3-ee7d7ea28618,2007-06-10,09:30:00,EDSA Taft Ave. Pasay,0,0,0,0,0,0,0,0,0,0,2007-06-10 17:30,Property,14.53775951,121.0007229,Rear-End
None,EDSA,None,None,"Human Error, Angle Impact, 0.0 drivers_injured, 0.0 drivers_killed, 0.0 passengers_injured, 0.0 passengers_killed, 0.0 pedestrian_injured, 0.0 pedestrian_killed, Dry, EDSA Taft Ave. Pasay",MMDA Road Safety Unit,,e8258852-8a07-4c82-9f8e-c6de942c0f3a,2007-06-09,11:00:00,EDSA Taft Ave. Pasay,0,0,0,0,0,0,0,0,0,0,2007-06-09 19:00,Property,14.53759065,121.0007321,Angle Impact
None,EDSA,None,None,"Human Error, Side Swipe, 0.0 drivers_injured, 0.0 drivers_killed, 0.0 passengers_injured, 0.0 passengers_killed, 0.0 pedestrian_injured, 0.0 pedestrian_killed, Dry, EDSA Taft Ave. Pasay",MMDA Road Safety Unit,,f7950fdb-3eb1-4764-98c8-8804fb10bb15,2007-06-08,17:10:00,EDSA Taft Ave. Pasay,0,0,0,0,0,0,0,0,0,0,2007-06-09 1:10,Property,14.53775951,121.0007229,Side Swipe
None,EDSA,None,None,"Human Error, Side Swipe, 0.0 drivers_injured, 0.0 drivers_killed, 0.0 passengers_injured, 0.0 passengers_killed, 0.0 pedestrian_injured, 0.0 pedestrian_killed, Dry, EDSA before Taft Ave. Pasay",MMDA Road Safety Unit,,0e61c597-7772-444d-a20f-80344d37a451,2007-06-08,08:35:00,EDSA near C. Jose St. Pasay,0,0,0,0,0,0,0,0,0,0,2007-06-08 16:35,Property,14.53764622,121.0012661,Side Swipe
None,EDSA,None,None,"Human Error, Side Swipe, 0.0 drivers_injured, 0.0 drivers_killed, 0.0 passengers_injured, 0.0 passengers_killed, 0.0 pedestrian_injured, 0.0 pedestrian_killed, Dry, EDSA near Tramo St. Pasay",MMDA Road Safety Unit,,5afad619-83b6-4a09-ab92-45761b74aab4,2007-06-08,07:00:00,EDSA Tramo St. Pasay,0,0,0,0,0,0,0,0,0,0,2007-06-08 15:00,Property,14.53794796,121.0031967,Side Swipe
None,EDSA,None,None,"Human Error, Side Swipe, 0.0 drivers_injured, 0.0 drivers_killed, 0.0 passengers_injured, 0.0 passengers_killed, 0.0 pedestrian_injured, 0.0 pedestrian_killed, Dry, EDSA near F.B. Harrison St. Pasay",MMDA Road Safety Unit,,3b08be5b-549d-4b6c-98a4-9b860cb56217,2007-06-07,07:50:00,EDSA Taft Ave. Pasay,0,0,0,0,0,0,0,0,0,0,2007-06-07 15:50,Property,14.5377929,120.9956772,Side Swipe
None,EDSA,None,None,"Human Error, Angle Impact, 0.0 drivers_injured, 0.0 drivers_killed, 0.0 passengers_injured, 0.0 passengers_killed, 0.0 pedestrian_injured, 0.0 pedestrian_killed, Dry, EDSA Aurora Blvd. Pasay",MMDA Road Safety Unit,,d1a7f8df-afcf-40d1-bdc9-8d92f36d42c9,2007-06-05,12:15:00,EDSA Taft Ave. Pasay,0,0,0,0,0,0,0,0,0,0,2007-06-05 20:15,Property,14.53764354,121.0033321,Angle Impact
None,EDSA,None,None,"Human Error, Angle Impact, 0.0 drivers_injured, 0.0 drivers_killed, 0.0 passengers_injured, 0.0 passengers_killed, 0.0 pedestrian_injured, 0.0 pedestrian_killed, Dry, EDSA Taft Ave. Pasay",MMDA Road Safety Unit,,66aeb143-b457-4d8d-8e2a-410fc118a191,2007-06-04,13:45:00,EDSA Taft Ave. Pasay,0,0,0,0,0,0,0,0,0,0,2007-06-04 21:45,Property,14.53759065,121.0007321,Angle Impact
None,EDSA,None,None,"Human Error, Side Swipe, 0.0 drivers_injured, 0.0 drivers_killed, 0.0 passengers_injured, 0.0 passengers_killed, 0.0 pedestrian_injured, 0.0 pedestrian_killed, Dry, EDSA before Taft Ave. Pasay",MMDA Road Safety Unit,,2ce451e2-ea77-4706-86c8-d7f7d00cd336,2007-06-03,07:30:00,EDSA Taft Ave. Pasay,0,0,0,0,0,0,0,0,0,0,2007-06-03 15:30,Property,14.53764622,121.0012661,Side Swipe
None,EDSA,None,None,"Human Error, Angle Impact, 0.0 drivers_injured, 0.0 drivers_killed, 0.0 passengers_injured, 0.0 passengers_killed, 0.0 pedestrian_injured, 0.0 pedestrian_killed, Dry, EDSA Taft Ave. Pasay",MMDA Road Safety Unit,,24a6b22a-5223-426e-ab50-4c1166ea262d,2007-06-01,12:25:00,EDSA Taft Ave. Pasay,0,0,0,0,0,0,0,0,0,0,2007-06-01 20:25,Property,14.53759065,121.0007321,Angle Impact
None,EDSA,None,None,"Human Error, Angle Impact, 0.0 drivers_injured, 0.0 drivers_killed, 0.0 passengers_injured, 0.0 passengers_killed, 0.0 pedestrian_injured, 0.0 pedestrian_killed, Dry, EDSA Taft Ave. Pasay",MMDA Road Safety Unit,,6e319855-8e3b-4515-9bf3-9ef1b15e481e,2007-05-30,15:00:00,EDSA Taft Ave. Pasay,0,0,0,0,0,0,0,0,0,0,2007-05-30 23:00,Property,14.53759065,121.0007321,Angle Impact
None,EDSA,None,None,"Human Error, Angle Impact, 0.0 drivers_injured, 0.0 drivers_killed, 0.0 passengers_injured, 0.0 passengers_killed, 0.0 pedestrian_injured, 0.0 pedestrian_killed, Dry, EDSA Taft Ave. Pasay",MMDA Road Safety Unit,,ca87300f-dca2-40c5-9ff1-0a29b816ae0f,2007-05-28,09:25:00,EDSA Taft Ave. Pasay,0,0,0,0,0,0,0,0,0,0,2007-05-28 17:25,Property,14.53759065,121.0007321,Angle Impact
None,EDSA,None,None,"Human Error, Angle Impact, 0.0 drivers_injured, 0.0 drivers_killed, 0.0 passengers_injured, 0.0 passengers_killed, 0.0 pedestrian_injured, 0.0 pedestrian_killed, Dry, EDSA near C. Jose St. Pasay",MMDA Road Safety Unit,,3793658b-462a-456a-ab28-0d571adc34ed,2007-05-27,11:45:00,EDSA fronting Victory Liner Pasay,0,0,0,0,0,0,0,0,0,0,2007-05-27 19:45,Property,14.5388766,121.0106097,Angle Impact
None,EDSA,None,None,"Human Error, Hit and Run (No Collision Stated), 0.0 drivers_injured, 0.0 drivers_killed, 0.0 passengers_injured, 0.0 passengers_killed, 0.0 pedestrian_injured, 0.0 pedestrian_killed, Dry, EDSA Tramo St. Pasay",MMDA Road Safety Unit,,3394eb0f-01b4-4d36-9e60-45f8e7df3ce3,2007-05-26,20:00:00,EDSA fronting Heritage Hotel Pasay,0,0,0,0,0,0,0,0,0,0,2007-05-27 4:00,Property,14.53791867,121.0036181,No Collision Stated
None,EDSA,None,None,"Human Error, Angle Impact, 0.0 drivers_injured, 0.0 drivers_killed, 0.0 passengers_injured, 0.0 passengers_killed, 0.0 pedestrian_injured, 0.0 pedestrian_killed, Dry, EDSA Taft Ave. Pasay",MMDA Road Safety Unit,,a9df33bb-4855-45a1-aba0-47d020c92582,2007-05-25,14:10:00,EDSA Taft Ave. Pasay,0,0,0,0,0,0,0,0,0,0,2007-05-25 22:10,Property,14.53759065,121.0007321,Angle Impact
None,EDSA,None,None,"Human Error, Angle Impact, 0.0 drivers_injured, 0.0 drivers_killed, 0.0 passengers_injured, 0.0 passengers_killed, 0.0 pedestrian_injured, 0.0 pedestrian_killed, Dry, EDSA Taft Ave. Pasay",MMDA Road Safety Unit,,93ccf955-6348-4083-af5a-a19b57974cb0,2007-05-25,14:00:00,EDSA Taft Ave. Pasay,0,0,0,0,0,0,0,0,0,0,2007-05-25 22:00,Property,14.53759065,121.0007321,Angle Impact
None,EDSA,None,None,"Human Error, Angle Impact, 0.0 drivers_injured, 0.0 drivers_killed, 0.0 passengers_injured, 0.0 passengers_killed, 0.0 pedestrian_injured, 0.0 pedestrian_killed, Dry, EDSA Taft Ave. Pasay",MMDA Road Safety Unit,,93e0d46f-04df-4bb6-8164-d7346e66b5e1,2007-05-24,05:45:00,EDSA before Rodriguez Overpass Pasay,0,0,0,0,0,0,0,0,0,0,2007-05-24 13:45,Property,14.53759065,121.0007321,Angle Impact
None,EDSA,None,None,"Human Error, Angle Impact, 0.0 drivers_injured, 0.0 drivers_killed, 0.0 passengers_injured, 0.0 passengers_killed, 0.0 pedestrian_injured, 0.0 pedestrian_killed, Dry, EDSA Taft Ave. Pasay",MMDA Road Safety Unit,,37f76a22-5ac6-41cb-80ef-cbcda93a7ad3,2007-05-20,04:30:00,EDSA Taft Ave. Pasay,0,0,0,0,0,0,0,0,0,0,2007-05-20 12:30,Property,14.53759065,121.0007321,Angle Impact
None,EDSA,None,None,"Human Error, Angle Impact, 0.0 drivers_injured, 0.0 drivers_killed, 0.0 passengers_injured, 0.0 passengers_killed, 0.0 pedestrian_injured, 0.0 pedestrian_killed, Dry, EDSA Taft Ave. Pasay",MMDA Road Safety Unit,,94fb7283-a40d-4edd-8242-2787d9b187f6,2007-05-12,02:00:00,EDSA after Taft Ave. Pasay,0,0,0,0,0,0,0,0,0,0,2007-05-12 10:00,Property,14.53759065,121.0007321,Angle Impact
None,EDSA,None,None,"Human Error, Angle Impact, 0.0 drivers_injured, 0.0 drivers_killed, 0.0 passengers_injured, 0.0 passengers_killed, 0.0 pedestrian_injured, 0.0 pedestrian_killed, Dry, EDSA Taft Ave. Pasay",MMDA Road Safety Unit,,28e7b5a9-c508-44e9-861d-180c1a42da9e,2007-05-11,13:45:00,EDSA C. Jose St. Pasay,0,0,0,0,0,0,0,0,0,0,2007-05-11 21:45,Property,14.53759065,121.0007321,Angle Impact
None,EDSA,None,None,"Human Error, Angle Impact, 0.0 drivers_injured, 0.0 drivers_killed, 0.0 passengers_injured, 0.0 passengers_killed, 0.0 pedestrian_injured, 0.0 pedestrian_killed, Dry, EDSA Taft Ave. Pasay",MMDA Road Safety Unit,,6ff1f2e7-9a77-4b01-97a0-d06ee078b36e,2007-05-09,15:00:00,EDSA Cabrera St. Pasay,0,0,0,0,0,0,0,0,0,0,2007-05-09 23:00,Property,14.53759065,121.0007321,Angle Impact
None,EDSA,None,None,"Human Error, Side Swipe, 0.0 drivers_injured, 0.0 drivers_killed, 0.0 passengers_injured, 0.0 passengers_killed, 0.0 pedestrian_injured, 0.0 pedestrian_killed, Dry, EDSA fronting Victory Liner Pasay",MMDA Road Safety Unit,,f4c96f6c-1fcd-4e81-ada6-f466916b9d0b,2007-05-07,12:45:00,EDSA Victory Liner Bus Term. Pasay,0,0,0,0,0,0,0,0,0,0,2007-05-07 20:45,Property,14.53838401,121.0066671,Side Swipe
None,EDSA,None,None,"Human Error, Hit and Run (No Collision Stated), 0.0 drivers_injured, 0.0 drivers_killed, 0.0 passengers_injured, 0.0 passengers_killed, 0.0 pedestrian_injured, 0.0 pedestrian_killed, Dry, EDSA fronting Heritage Hotel Pasay",MMDA Road Safety Unit,,235a08dd-1e5b-41d1-8476-4f990bf96440,2007-05-07,03:00:00,EDSA after Taft Ave. Pasay,0,0,0,0,0,0,0,0,0,0,2007-05-07 11:00,Property,14.53732956,120.993458,No Collision Stated
None,EDSA,None,None,"Human Error, Rear-end, 0.0 drivers_injured, 0.0 drivers_killed, 0.0 passengers_injured, 0.0 passengers_killed, 0.0 pedestrian_injured, 0.0 pedestrian_killed, Dry, EDSA Taft Ave. Pasay",MMDA Road Safety Unit,,32b526ba-41d4-4d21-bd34-08e84e7db80b,2007-05-06,15:30:00,EDSA before Taft Ave. Pasay,0,0,0,0,0,0,0,0,0,0,2007-05-06 23:30,Property,14.53775951,121.0007229,Rear-End
None,EDSA,None,None,"Human Error, Side Swipe, 0.0 drivers_injured, 0.0 drivers_killed, 0.0 passengers_injured, 0.0 passengers_killed, 0.0 pedestrian_injured, 0.0 pedestrian_killed, Dry, EDSA Taft Ave. Pasay",MMDA Road Safety Unit,,6b54de18-5394-4236-97c5-e0cde4bda4c5,2007-05-04,00:15:00,EDSA fronting Heritage Hotel Pasay,0,0,0,0,0,0,0,0,0,0,2007-05-04 8:15,Property,14.53775951,121.0007229,Side Swipe
None,EDSA,None,None,"Human Error, Side Swipe, 0.0 drivers_injured, 0.0 drivers_killed, 0.0 passengers_injured, 0.0 passengers_killed, 0.0 pedestrian_injured, 0.0 pedestrian_killed, Dry, EDSA before Rodriguez Overpass Pasay",MMDA Road Safety Unit,,aa64de1c-5d60-4490-aaa4-35fc9d03eee0,2007-05-01,23:30:00,EDSA fronting Cathay Bldg. Pasay,0,0,0,0,0,0,0,0,0,0,2007-05-02 7:30,Property,14.53846629,121.0086835,Side Swipe
None,EDSA,None,None,"Human Error, Angle Impact, 0.0 drivers_injured, 0.0 drivers_killed, 0.0 passengers_injured, 0.0 passengers_killed, 0.0 pedestrian_injured, 0.0 pedestrian_killed, Dry, EDSA Taft Ave. Pasay",MMDA Road Safety Unit,,aa7a5e87-b06b-4326-b202-8152c168c789,2007-02-14,08:30:00,EDSA fronting Cathay Builders Pasay,0,0,0,0,0,0,0,0,0,0,2007-02-14 16:30,Property,14.53759065,121.0007321,Angle Impact
None,EDSA,None,None,"Human Error, Side Swipe, 0.0 drivers_injured, 0.0 drivers_killed, 0.0 passengers_injured, 0.0 passengers_killed, 0.0 pedestrian_injured, 0.0 pedestrian_killed, Dry, EDSA after Taft Ave. Pasay",MMDA Road Safety Unit,,046a619d-dedc-470c-a067-8b7a2b14fe0a,2007-02-14,01:45:00,EDSA Taft Ave. Pasay,0,0,0,0,0,0,0,0,0,0,2007-02-14 9:45,Property,14.53748342,121.00128,Side Swipe
None,EDSA,None,None,"Human Error, Angle Impact, 0.0 drivers_injured, 0.0 drivers_killed, 0.0 passengers_injured, 0.0 passengers_killed, 0.0 pedestrian_injured, 0.0 pedestrian_killed, Dry, EDSA C. Jose St. Pasay",MMDA Road Safety Unit,,f40017df-a343-4467-8d1c-ced0822f4efb,2007-02-12,05:00:00,EDSA Roxas Blvd. Service Road Pasay,0,0,0,0,0,0,0,0,0,0,2007-02-12 13:00,Property,14.5388766,121.0106097,Angle Impact