LOCATION_TEXT,ROAD,WEATHER,LIGHT,DESC,REPORTING_AGENCY,MAIN_CAUSE,INCIDENTDETAILS_ID,DATE_UTC,TIME_UTC,ADDRESS,killed_driver,killed_passenger,killed_pedestrian,injured_driver,injured_passenger,injured_pedestrian,killed_uncategorized,injured_uncategorized,killed_total,injured_total,DATETIME_PST,SEVERITY,Y,X,COLLISION_TYPE
None,EDSA,None,None,"Human Error, Angle Impact, 0.0 drivers_injured, 0.0 drivers_killed, 0.0 passengers_injured, 0.0 passengers_killed, 0.0 pedestrian_injured, 0.0 pedestrian_killed, Dry, EDSA Cabrera St. Pasay",MMDA Road Safety Unit,,9cd3d17c-cbaf-4c6d-862c-f189af82e322,2007-02-12,00:30:00,EDSA fronting Lions 777 Bar Pasay,0,0,0,0,0,0,0,0,0,0,2007-02-12 8:30,Property,14.53809452,121.0048901,Angle Impact
None,EDSA,None,None,"Human Error, Side Swipe, 0.0 drivers_injured, 0.0 drivers_killed, 0.0 passengers_injured, 0.0 passengers_killed, 0.0 pedestrian_injured, 0.0 pedestrian_killed, Dry, EDSA fronting Victory Liner Bus Term. Pasay",MMDA Road Safety Unit,,1c1dda9b-754a-498f-9666-cdad8a680bce,2007-02-11,01:40:00,EDSA before Taft Ave. Pasay,0,0,0,0,0,0,0,0,0,0,2007-02-11 9:40,Property,14.53837135,121.006595,Side Swipe
None,EDSA,None,None,"Human Error, Side Swipe, 0.0 drivers_injured, 0.0 drivers_killed, 0.0 passengers_injured, 0.0 passengers_killed, 0.0 pedestrian_injured, 0.0 pedestrian_killed, Dry, EDSA after Taft Ave. Pasay",MMDA Road Safety Unit,,9b16511a-5953-4bea-986d-c8d6766a0df5,2007-02-10,07:45:00,EDSA F. B. Harrison St. Pasay,0,0,0,0,0,0,0,0,0,0,2007-02-10 15:45,Property,14.53748342,121.00128,Side Swipe
None,EDSA,None,None,"Human Error, Side Swipe, 0.0 drivers_injured, 0.0 drivers_killed, 0.0 passengers_injured, 0.0 passengers_killed, 0.0 pedestrian_injured, 0.0 pedestrian_killed, Dry, EDSA before Taft Ave. Pasay",MMDA Road Safety Unit,,d2b389b8-c231-46bb-b799-94bb13f46d35,2007-02-09,08:00:00,EDSA Taft Ave. Pasay,0,0,0,0,0,0,0,0,0,0,2007-02-09 16:00,Property,14.53764622,121.0012661,Side Swipe
None,EDSA,None,None,"Human Error, Side Swipe, 0.0 drivers_injured, 0.0 drivers_killed, 0.0 passengers_injured, 0.0 passengers_killed, 0.0 pedestrian_injured, 0.0 pedestrian_killed, Dry, EDSA fronting Heritage Hotel Pasay",MMDA Road Safety Unit,,aada2bb6-5128-4b49-b02e-f733ed9055bd,2007-01-31,14:15:00,EDSA Roxas Blvd. Pasay,0,0,0,0,0,0,0,0,0,0,2007-01-31 22:15,Property,14.5372421,120.9936671,Side Swipe
None,EDSA,None,None,"Human Error, Side Swipe, 1.0 drivers_injured, 0.0 drivers_killed, 0.0 passengers_injured, 0.0 passengers_killed, 0.0 pedestrian_injured, 0.0 pedestrian_killed, Dry, EDSA fronting Cathay Bldg. Pasay",MMDA Road Safety Unit,,37154ddf-05a4-4916-a15d-d5f2446ef0b1,2007-01-31,11:30:00,EDSA Aurora Blvd. (Tramo) Pasay,0,0,0,1,0,0,0,0,0,1,2007-01-31 19:30,Injury,14.53851716,121.008244,Side Swipe
None,EDSA,None,None,"Human Error, Side Swipe, 0.0 drivers_injured, 0.0 drivers_killed, 0.0 passengers_injured, 0.0 passengers_killed, 0.0 pedestrian_injured, 0.0 pedestrian_killed, Dry, EDSA fronting Cathay Builders Pasay",MMDA Road Safety Unit,,0114b85c-6eec-4327-a09b-170088f199fe,2007-01-19,01:00:00,EDSA fronting St. Jude Bus Terminal Pasay,0,0,0,0,0,0,0,0,0,0,2007-01-19 9:00,Property,14.53851716,121.008244,Side Swipe
None,EDSA,None,None,"Human Error, Angle Impact, 0.0 drivers_injured, 0.0 drivers_killed, 0.0 passengers_injured, 0.0 passengers_killed, 0.0 pedestrian_injured, 0.0 pedestrian_killed, Dry, EDSA Taft Ave. Pasay",MMDA Road Safety Unit,,b0428623-025c-46f1-a371-d0550c88e086,2007-01-18,05:30:00,EDSA before Zamora St. Pasay,0,0,0,0,0,0,0,0,0,0,2007-01-18 13:30,Property,14.53759065,121.0007321,Angle Impact
None,EDSA,None,None,"Human Error, Angle Impact, 0.0 drivers_injured, 0.0 drivers_killed, 0.0 passengers_injured, 0.0 passengers_killed, 0.0 pedestrian_injured, 0.0 pedestrian_killed, Dry, EDSA Roxas Blvd. Service Road Pasay",MMDA Road Safety Unit,,e39f5050-3943-461c-be57-fc4f9bc53ea0,2007-01-14,15:45:00,EDSA (SB)  Magallanes    Makati,0,0,0,0,0,0,0,0,0,0,2007-01-14 23:45,Property,14.53690471,120.992558,Angle Impact
None,EDSA,None,None,"Human Error, Side Swipe, 0.0 drivers_injured, 0.0 drivers_killed, 0.0 passengers_injured, 0.0 passengers_killed, 0.0 pedestrian_injured, 0.0 pedestrian_killed, Dry, EDSA fronting Lions 777 Bar Pasay",MMDA Road Safety Unit,,91755e0a-f846-4b7f-88f5-9bbcd8ab407d,2007-01-14,02:30:00,EDSA (SB)  Magallanes Interchange Makati,0,0,0,0,0,0,0,0,0,0,2007-01-14 10:30,Property,14.53841294,121.0088375,Side Swipe
None,EDSA,None,None,"Human Error, Side Swipe, 0.0 drivers_injured, 0.0 drivers_killed, 0.0 passengers_injured, 0.0 passengers_killed, 0.0 pedestrian_injured, 0.0 pedestrian_killed, Dry, EDSA before Taft Ave. Pasay",MMDA Road Safety Unit,,fc9f46cc-22ae-443c-b58e-765465653e20,2007-01-13,18:00:00,EDSA (SB) San Lorenzo Makati,0,0,0,0,0,0,0,0,0,0,2007-01-14 2:00,Property,14.53764622,121.0012661,Side Swipe
None,EDSA,None,None,"Human Error, Angle Impact, 0.0 drivers_injured, 0.0 drivers_killed, 0.0 passengers_injured, 0.0 passengers_killed, 0.0 pedestrian_injured, 0.0 pedestrian_killed, Dry, EDSA F. B. Harrison St. Pasay",MMDA Road Safety Unit,,42f4138c-e037-4375-8ffe-c091a3094de4,2007-01-13,12:55:00,EDSA (SB) Buendia Makati,0,0,0,0,0,0,0,0,0,0,2007-01-13 20:55,Property,14.53777817,120.9956489,Angle Impact
None,EDSA,None,None,"Human Error, Angle Impact, 0.0 drivers_injured, 0.0 drivers_killed, 0.0 passengers_injured, 0.0 passengers_killed, 0.0 pedestrian_injured, 0.0 pedestrian_killed, Dry, EDSA Taft Ave. Pasay",MMDA Road Safety Unit,,560c7c52-110e-40e4-a325-90d9795c21d1,2007-01-11,23:35:00,EDSA (SB) Estrella St. Makati,0,0,0,0,0,0,0,0,0,0,2007-01-12 7:35,Property,14.53759065,121.0007321,Angle Impact
None,EDSA,None,None,"Human Error, Angle Impact, 0.0 drivers_injured, 0.0 drivers_killed, 0.0 passengers_injured, 0.0 passengers_killed, 0.0 pedestrian_injured, 0.0 pedestrian_killed, Dry, EDSA Roxas Blvd. Pasay",MMDA Road Safety Unit,,b3a268ca-d147-455d-95b4-fbe070ae0a82,2007-01-11,14:30:00,EDSA (SB) Estrella St. Makati,0,0,0,0,0,0,0,0,0,0,2007-01-11 22:30,Property,14.53690471,120.992558,Angle Impact
None,EDSA,None,None,"Human Error, Side Swipe, 0.0 drivers_injured, 0.0 drivers_killed, 0.0 passengers_injured, 0.0 passengers_killed, 0.0 pedestrian_injured, 0.0 pedestrian_killed, Dry, EDSA near Aurora Blvd. (Tramo) Pasay",MMDA Road Safety Unit,,f324b226-0ca8-46f2-919f-aeebc37d1cfe,2007-01-09,10:00:00,EDSA (SB) Mckinley Road Makati,0,0,0,0,0,0,0,0,0,0,2007-01-09 18:00,Property,14.53769016,121.0032443,Side Swipe
None,EDSA,None,None,"Human Error, Side Swipe, 1.0 drivers_injured, 1.0 drivers_killed, 0.0 passengers_injured, 0.0 passengers_killed, 0.0 pedestrian_injured, 0.0 pedestrian_killed, Dry, EDSA fronting St. Jude Bus Terminal Pasay",MMDA Road Safety Unit,,c850fb8e-72ad-498a-8f34-3bc038d4c219,2007-01-05,18:30:00,EDSA (SB) San Carlos Seminary Makati,1,0,0,1,0,0,0,0,1,1,2007-01-06 2:30,Fatal,14.53878792,121.0116261,Side Swipe
None,EDSA,None,None,"Human Error, Side Swipe, 0.0 drivers_injured, 0.0 drivers_killed, 0.0 passengers_injured, 0.0 passengers_killed, 0.0 pedestrian_injured, 0.0 pedestrian_killed, Dry, EDSA before Zamora St. Pasay",MMDA Road Safety Unit,,8f2c0871-8b4e-437f-97fe-8af6a750faa5,2007-01-04,13:45:00,EDSA (SB) Ayala Ave. Makati,0,0,0,0,0,0,0,0,0,0,2007-01-04 21:45,Property,14.53785704,121.0016516,Side Swipe
"Jollibee, Evangelista, Kayamanan Subdivision, Bangkal, Makati, District I, Makati, Metro Manila, 1233, Philippines",EDSA,clear-night,night,Bumped from Behind,MMDA Metrobase,,f3bd5c64-1e45-4cc3-b028-01f7b171e383,2016-11-20,09:56:45,EDSA (SB) Magallanes Interchange Makati,0,0,0,0,0,0,0,0,0,0,2016-11-20 17:56,Property,14.53912863,121.0122907,Rear-End
"Kilometer 9, Osmeña Highway, Magallanes, Makati, District I, Makati, Metro Manila, 1232, Philippines",EDSA,partly-cloudy-night,night,Bumped from Behind,MMDA Metrobase,,b08ea1b9-191a-457a-babf-378b42111a77,2016-11-10,11:42:45,EDSA (SB) Estrella St. Makati,0,0,0,0,0,0,0,0,0,0,2016-11-10 19:42,Property,14.53969982,121.0169899,Rear-End
None,EDSA,None,None,"No Accident Factor, Side Swipe, 0.0 drivers_injured, 0.0 drivers_killed, 0.0 passengers_injured, 0.0 passengers_killed, 0.0 pedestrian_injured, 0.0 pedestrian_killed, Fair (Night), EDSA (SB)  Magallanes    Makati",MMDA Road Safety Unit,,7732784e-84e1-4bf0-bacf-525921607254,2016-10-02,10:30:00,"EDSA (SB) ""U"" turn slot, Bel Air Makati",0,0,0,0,0,0,0,0,0,0,2016-10-02 18:30,Property,14.53925495,121.0142649,Side Swipe
None,EDSA,None,None,"No Accident Factor, Rear-end, 0.0 drivers_injured, 0.0 drivers_killed, 0.0 passengers_injured, 0.0 passengers_killed, 0.0 pedestrian_injured, 0.0 pedestrian_killed, Fair (Night), EDSA (SB)  Magallanes Interchange Makati",MMDA Road Safety Unit,,1d6e524d-648e-4357-b6fb-dc10fdd5e40d,2016-10-02,03:30:00,EDSA (SB) Palm Ave. Makati,0,0,0,0,0,0,0,0,0,0,2016-10-02 11:30,Property,14.53925495,121.0142649,Rear-End
None,EDSA,None,None,"No Accident Factor, Rear-end, 0.0 drivers_injured, 0.0 drivers_killed, 0.0 passengers_injured, 0.0 passengers_killed, 0.0 pedestrian_injured, 0.0 pedestrian_killed, Fair (Night), EDSA (SB) San Lorenzo Makati",MMDA Road Safety Unit,,8d4debf3-2b49-47df-8d43-f5e1136a8080,2016-10-01,04:05:00,EDSA (SB) West Cloverleaf Makati,0,0,0,0,0,0,0,0,0,0,2016-10-01 12:05,Property,14.5422524,121.0195278,Rear-End
None,EDSA,None,None,"No Accident Factor, Side Swipe, 0.0 drivers_injured, 0.0 drivers_killed, 0.0 passengers_injured, 0.0 passengers_killed, 0.0 pedestrian_injured, 0.0 pedestrian_killed, Fair (Night), EDSA (SB) Buendia Makati",MMDA Road Safety Unit,,da2fe926-9198-42e4-8dd8-ec3452f2dd07,2016-09-30,14:45:00,EDSA (SB) Ayala Ave.  Makati,0,0,0,0,0,0,0,0,0,0,2016-09-30 22:45,Property,14.55505269,121.034707,Side Swipe
None,EDSA,None,None,"No Accident Factor, Hit Object (Barrier-Plastic), 0.0 drivers_injured, 0.0 drivers_killed, 0.0 passengers_injured, 0.0 passengers_killed, 0.0 pedestrian_injured, 0.0 pedestrian_killed, Fair (Night), EDSA (SB) Estrella St. Makati",MMDA Road Safety Unit,,2cb46bd5-17ec-4393-aef7-977ce7eb2d09,2016-09-30,13:15:00,EDSA (SB) Mc Kinley Road Makati,0,0,0,0,0,0,0,0,0,0,2016-09-30 21:15,Property,14.56002889,121.040751,Hit Object
None,EDSA,None,None,"No Accident Factor, No Collision Stated (based on Police Blotter Book), 0.0 drivers_injured, 0.0 drivers_killed, 0.0 passengers_injured, 0.0 passengers_killed, 0.0 pedestrian_injured, 0.0 pedestrian_killed, Fair (Night), EDSA (SB) Estrella St. Makati",MMDA Road Safety Unit,,526d90ad-bfff-44a4-bcca-b50bf7ec1ffd,2016-09-30,11:30:00,EDSA (SB) Ayala Ave.  Makati,0,0,0,0,0,0,0,0,0,0,2016-09-30 19:30,Property,14.56002889,121.040751,No Collision Stated
None,EDSA,None,None,"No Accident Factor, Angle Impact, 1.0 drivers_injured, 0.0 drivers_killed, 0.0 passengers_injured, 0.0 passengers_killed, 0.0 pedestrian_injured, 0.0 pedestrian_killed, Fair (Night), EDSA (SB) Mckinley Road Makati",MMDA Road Safety Unit,,f6cf38e9-45df-4c2c-ac61-3cf3e3180a47,2016-09-29,20:15:00,EDSA (SB) Guadalupe MRT Station Makati,0,0,0,1,0,0,0,0,0,1,2016-09-30 4:15,Injury,14.55013698,121.0294728,Angle Impact
None,EDSA,None,None,"No Accident Factor, Side Swipe, 0.0 drivers_injured, 0.0 drivers_killed, 0.0 passengers_injured, 0.0 passengers_killed, 0.0 pedestrian_injured, 0.0 pedestrian_killed, Fair (Day), EDSA (SB) San Carlos Seminary Makati",MMDA Road Safety Unit,,c13e4b35-75d3-4d3b-9270-3a2f364b5e3d,2016-09-28,04:30:00,EDSA (SB) Ayala Ave.  Makati,0,0,0,0,0,0,0,0,0,0,2016-09-28 12:30,Property,14.56316308,121.043841,Side Swipe
None,EDSA,None,None,"No Accident Factor, Rear-end, 0.0 drivers_injured, 0.0 drivers_killed, 0.0 passengers_injured, 0.0 passengers_killed, 0.0 pedestrian_injured, 0.0 pedestrian_killed, Fair (Night), EDSA (SB) Ayala Ave. Makati",MMDA Road Safety Unit,,c112db18-a515-463b-bea8-c3fc83829651,2016-09-27,12:00:00,EDSA (SB) Ayala Ave.  Makati,0,0,0,0,0,0,0,0,0,0,2016-09-27 20:00,Property,14.55022912,121.0292348,Rear-End
None,EDSA,None,None,"No Accident Factor, Hit and Run (Side Swipe), 0.0 drivers_injured, 0.0 drivers_killed, 0.0 passengers_injured, 0.0 passengers_killed, 0.0 pedestrian_injured, 0.0 pedestrian_killed, Fair (Night), EDSA (SB) Magallanes Interchange Makati",MMDA Road Safety Unit,,efc92398-4a5a-4b5b-8998-475b82463b1b,2016-09-26,14:30:00,EDSA (SB) Ayala Ave.  Makati,0,0,0,0,0,0,0,0,0,0,2016-09-26 22:30,Property,14.54028633,121.0167655,Side Swipe
None,EDSA,None,None,"No Accident Factor, Side Swipe, 0.0 drivers_injured, 0.0 drivers_killed, 0.0 passengers_injured, 0.0 passengers_killed, 0.0 pedestrian_injured, 0.0 pedestrian_killed, Fair (Night), EDSA (SB) Estrella St. Makati",MMDA Road Safety Unit,,29ce6f56-602d-452f-9b9f-bcbbbb5db6f8,2016-09-26,11:35:00,EDSA (SB) Magallanes Interchange Makati,0,0,0,0,0,0,0,0,0,0,2016-09-26 19:35,Property,14.56002889,121.040751,Side Swipe
None,EDSA,None,None,"No Accident Factor, Rear-end, 0.0 drivers_injured, 0.0 drivers_killed, 0.0 passengers_injured, 0.0 passengers_killed, 0.0 pedestrian_injured, 0.0 pedestrian_killed, Fair (Night), EDSA (SB) ""U"" turn slot, Bel Air Makati",MMDA Road Safety Unit,,8c170f86-31e8-4374-a4b6-26a1279ea8d3,2016-09-25,11:30:00,EDSA (SB) Buendia Ave.  Makati,0,0,0,0,0,0,0,0,0,0,2016-09-25 19:30,Property,14.55533419,121.0354546,Rear-End
None,EDSA,None,None,"No Accident Factor, Side Swipe, 0.0 drivers_injured, 0.0 drivers_killed, 0.0 passengers_injured, 0.0 passengers_killed, 0.0 pedestrian_injured, 0.0 pedestrian_killed, Fair (Night), EDSA (SB) Palm Ave. Makati",MMDA Road Safety Unit,,83296286-63de-433d-9c4c-a944de12f708,2016-09-23,11:30:00,EDSA (SB) Buendia Ave.  Makati,0,0,0,0,0,0,0,0,0,0,2016-09-23 19:30,Property,14.54848063,121.0270791,Side Swipe
None,EDSA,None,None,"No Accident Factor, Side Swipe, 0.0 drivers_injured, 0.0 drivers_killed, 0.0 passengers_injured, 0.0 passengers_killed, 0.0 pedestrian_injured, 0.0 pedestrian_killed, Fair (Night), EDSA (SB) West Cloverleaf Makati",MMDA Road Safety Unit,,dd326bf9-e633-4f6d-9338-2127f6dfcde7,2016-09-22,10:30:00,EDSA (SB) Ayala Ave.  Makati,0,0,0,0,0,0,0,0,0,0,2016-09-22 18:30,Property,14.56779247,121.0455985,Side Swipe
None,EDSA,None,None,"No Accident Factor, Side Swipe, 0.0 drivers_injured, 0.0 drivers_killed, 0.0 passengers_injured, 0.0 passengers_killed, 0.0 pedestrian_injured, 0.0 pedestrian_killed, Fair (Day), EDSA (SB) Ayala Ave.  Makati",MMDA Road Safety Unit,,a46dff4b-7f46-4d4e-8be9-9825ea45172a,2016-09-21,21:30:00,EDSA (SB) Belarmino St.  Makati,0,0,0,0,0,0,0,0,0,0,2016-09-22 5:30,Property,14.55032185,121.0294221,Side Swipe
None,EDSA,None,None,"No Accident Factor, Side Swipe, 0.0 drivers_injured, 0.0 drivers_killed, 0.0 passengers_injured, 0.0 passengers_killed, 0.0 pedestrian_injured, 0.0 pedestrian_killed, Fair (Day), EDSA (SB) Mc Kinley Road Makati",MMDA Road Safety Unit,,1c9ad51b-96b1-44a4-9f2c-ecc759e9a836,2016-09-21,11:30:00,EDSA (SB)  Ayala Ave.  Makati,0,0,0,0,0,0,0,0,0,0,2016-09-21 19:30,Property,14.55013698,121.0294728,Side Swipe
None,EDSA,None,None,"No Accident Factor, Side Swipe, 0.0 drivers_injured, 0.0 drivers_killed, 0.0 passengers_injured, 0.0 passengers_killed, 0.0 pedestrian_injured, 0.0 pedestrian_killed, Fair (Day), EDSA (SB) Ayala Ave.  Makati",MMDA Road Safety Unit,,4fc7d449-fdda-4b77-8201-a9c8b4ee7407,2016-09-20,23:00:00,EDSA (SB)  Sen. Gil Puyat Ave. Makati,0,0,0,0,0,0,0,0,0,0,2016-09-21 7:00,Property,14.55032185,121.0294221,Side Swipe
None,EDSA,None,None,"No Accident Factor, Side Swipe, 0.0 drivers_injured, 0.0 drivers_killed, 0.0 passengers_injured, 0.0 passengers_killed, 0.0 pedestrian_injured, 0.0 pedestrian_killed, Fair (Day), EDSA (SB) Guadalupe MRT Station Makati",MMDA Road Safety Unit,,a2bc938b-b5fa-45cc-a501-ba527f9a24a0,2016-09-20,12:30:00,EDSA (SB)  Guadalupe Loading Bay Makati,0,0,0,0,0,0,0,0,0,0,2016-09-20 20:30,Property,14.5665734,121.0453551,Side Swipe
None,EDSA,None,None,"No Accident Factor, Side Swipe, 0.0 drivers_injured, 0.0 drivers_killed, 0.0 passengers_injured, 0.0 passengers_killed, 0.0 pedestrian_injured, 0.0 pedestrian_killed, Fair (Day), EDSA (SB) Ayala Ave.  Makati",MMDA Road Safety Unit,,90c187f7-8f8f-434a-9cd8-d349b155a37c,2016-09-20,09:15:00,EDSA (SB)  A. Arnaiz Ave. Makati,0,0,0,0,0,0,0,0,0,0,2016-09-20 17:15,Property,14.55032185,121.0294221,Side Swipe
None,EDSA,None,None,"No Accident Factor, Rear-end, 0.0 drivers_injured, 0.0 drivers_killed, 0.0 passengers_injured, 0.0 passengers_killed, 0.0 pedestrian_injured, 0.0 pedestrian_killed, Fair (Day), EDSA (SB) Ayala Ave.  Makati",MMDA Road Safety Unit,,e3b13176-cd2f-4b76-b34a-81f396cc2027,2016-09-20,09:00:00,EDSA (SB)  Guadalupe Viejo Makati,0,0,0,0,0,0,0,0,0,0,2016-09-20 17:00,Property,14.55032185,121.0294221,Rear-End
None,EDSA,None,None,"No Accident Factor, Side Swipe, 0.0 drivers_injured, 0.0 drivers_killed, 0.0 passengers_injured, 0.0 passengers_killed, 0.0 pedestrian_injured, 0.0 pedestrian_killed, Fair (Day), EDSA (SB) Ayala Ave.  Makati",MMDA Road Safety Unit,,610bc7f2-5d81-41c6-b37f-41e651c56895,2016-09-19,04:30:00,EDSA (SB)  Estrella St.  Makati,0,0,0,0,0,0,0,0,0,0,2016-09-19 12:30,Property,14.55032185,121.0294221,Side Swipe
None,EDSA,None,None,"No Accident Factor, Side Swipe, 0.0 drivers_injured, 0.0 drivers_killed, 0.0 passengers_injured, 0.0 passengers_killed, 0.0 pedestrian_injured, 0.0 pedestrian_killed, Fair (Day), EDSA (SB) Magallanes Interchange Makati",MMDA Road Safety Unit,,15232dc9-4b92-40d5-a986-045cab49d25d,2016-09-15,17:00:00,EDSA (SB)  Ayala Ave.  Makati,0,0,0,0,0,0,0,0,0,0,2016-09-16 1:00,Property,14.54028633,121.0167655,Side Swipe
None,EDSA,None,None,"No Accident Factor, Rear-end, 0.0 drivers_injured, 0.0 drivers_killed, 0.0 passengers_injured, 0.0 passengers_killed, 0.0 pedestrian_injured, 0.0 pedestrian_killed, Fair (Day), EDSA (SB) Buendia Ave.  Makati",MMDA Road Safety Unit,,f223019c-3a22-4513-baf9-e69c06a97fa7,2016-09-15,12:00:00,EDSA (SB)  Ayala Ave.  Makati,0,0,0,0,0,0,0,0,0,0,2016-09-15 20:00,Property,14.55505269,121.034707,Rear-End
None,EDSA,None,None,"No Accident Factor, Angle Impact, 0.0 drivers_injured, 0.0 drivers_killed, 0.0 passengers_injured, 0.0 passengers_killed, 0.0 pedestrian_injured, 0.0 pedestrian_killed, Fair (Night), EDSA (SB) Buendia Ave.  Makati",MMDA Road Safety Unit,,bc573cb5-6831-4944-9ac2-7b4aa7347fac,2016-09-14,10:30:00,EDSA (SB)  Buendia Ave. Makati,0,0,0,0,0,0,0,0,0,0,2016-09-14 18:30,Property,14.55505269,121.034707,Angle Impact
None,EDSA,None,None,"No Accident Factor, Rear-end, 0.0 drivers_injured, 0.0 drivers_killed, 0.0 passengers_injured, 0.0 passengers_killed, 0.0 pedestrian_injured, 0.0 pedestrian_killed, Fair (Day), EDSA (SB) Ayala Ave.  Makati",MMDA Road Safety Unit,,e4af3cdf-8eb5-46b9-85a0-d77ce6603f59,2016-09-13,23:40:00,EDSA (SB)  Estrella St.  Makati,0,0,0,0,0,0,0,0,0,0,2016-09-14 7:40,Property,14.55032185,121.0294221,Rear-End
None,EDSA,None,None,"No Accident Factor, Side Swipe, 0.0 drivers_injured, 0.0 drivers_killed, 0.0 passengers_injured, 0.0 passengers_killed, 0.0 pedestrian_injured, 0.0 pedestrian_killed, Fair (Day), EDSA (SB) Belarmino St.  Makati",MMDA Road Safety Unit,,df35a3b4-8f05-4284-9b6b-418c53681bbd,2016-09-13,06:00:00,EDSA (SB)  Estrella St.  Makati,0,0,0,0,0,0,0,0,0,0,2016-09-13 14:00,Property,14.53885874,121.010865,Side Swipe
None,EDSA,None,None,"No Accident Factor, Side Swipe, 0.0 drivers_injured, 0.0 drivers_killed, 0.0 passengers_injured, 0.0 passengers_killed, 0.0 pedestrian_injured, 0.0 pedestrian_killed, Fair (Night), EDSA (SB)  Ayala Ave.  Makati",MMDA Road Safety Unit,,034c62b6-7bcf-4ee3-917a-2be6c3816311,2016-09-13,00:30:00,EDSA (SB)  Ayala Ave.  Makati,0,0,0,0,0,0,0,0,0,0,2016-09-13 8:30,Property,14.55041073,121.0293293,Side Swipe
None,EDSA,None,None,"No Accident Factor, Rear-end, 0.0 drivers_injured, 0.0 drivers_killed, 0.0 passengers_injured, 0.0 passengers_killed, 0.0 pedestrian_injured, 0.0 pedestrian_killed, Fair (Night), EDSA (SB)  Sen. Gil Puyat Ave. Makati",MMDA Road Safety Unit,,74b0cd47-edec-482a-aba2-4790c0aebb71,2016-09-12,09:30:00,EDSA (SB)  Magallanes Makati,0,0,0,0,0,0,0,0,0,0,2016-09-12 17:30,Property,14.55488126,121.0349356,Rear-End
None,EDSA,None,None,"No Accident Factor, Side Swipe, 0.0 drivers_injured, 0.0 drivers_killed, 0.0 passengers_injured, 0.0 passengers_killed, 0.0 pedestrian_injured, 0.0 pedestrian_killed, Fair (Night), EDSA (SB)  Guadalupe Loading Bay Makati",MMDA Road Safety Unit,,cdfea844-a4e6-4e54-9792-25f0065b51dc,2016-09-12,05:00:00,EDSA (SB) Apolinario St. Makati,0,0,0,0,0,0,0,0,0,0,2016-09-12 13:00,Property,14.56458659,121.044657,Side Swipe
None,EDSA,None,None,"No Accident Factor, Side Swipe, 0.0 drivers_injured, 0.0 drivers_killed, 0.0 passengers_injured, 0.0 passengers_killed, 0.0 pedestrian_injured, 0.0 pedestrian_killed, Fair (Night), EDSA (SB)  A. Arnaiz Ave. Makati",MMDA Road Safety Unit,,f639b1c7-ea70-4293-8a65-1226754c935f,2016-09-11,05:50:00,EDSA (SB) Estrella St. Makati,0,0,0,0,0,0,0,0,0,0,2016-09-11 13:50,Property,14.54766428,121.0261625,Side Swipe
None,EDSA,None,None,"No Accident Factor, Rear-end, 0.0 drivers_injured, 0.0 drivers_killed, 0.0 passengers_injured, 0.0 passengers_killed, 0.0 pedestrian_injured, 0.0 pedestrian_killed, Fair (Night), EDSA (SB)  Guadalupe Viejo Makati",MMDA Road Safety Unit,,d4cdd1ac-e003-4e64-a356-38b39cc8f5e3,2016-09-10,22:45:00,EDSA (SB) Buendia Ave. Makati,0,0,0,0,0,0,0,0,0,0,2016-09-11 6:45,Property,14.56692578,121.0456061,Rear-End
None,EDSA,None,None,"No Accident Factor, Rear-end, 0.0 drivers_injured, 0.0 drivers_killed, 0.0 passengers_injured, 0.0 passengers_killed, 0.0 pedestrian_injured, 0.0 pedestrian_killed, Fair (Night), EDSA (SB)  Estrella St.  Makati",MMDA Road Safety Unit,,63ce7cc9-f8c2-48ba-98c0-d664467e3ba0,2016-09-10,20:00:00,EDSA (SB) After Estrella St. Makati,0,0,0,0,0,0,0,0,0,0,2016-09-11 4:00,Property,14.56004155,121.0406932,Rear-End
None,EDSA,None,None,"No Accident Factor, Side Swipe, 0.0 drivers_injured, 0.0 drivers_killed, 0.0 passengers_injured, 0.0 passengers_killed, 0.0 pedestrian_injured, 0.0 pedestrian_killed, Fair (Night), EDSA (SB)  Ayala Ave.  Makati",MMDA Road Safety Unit,,6e0298f1-b76a-4efa-a4de-0d6cfdfe8644,2016-09-10,12:30:00,EDSA (SB) Ayala Ave. Makati,0,0,0,0,0,0,0,0,0,0,2016-09-10 20:30,Property,14.55041073,121.0293293,Side Swipe
None,EDSA,None,None,"No Accident Factor, Rear-end, 0.0 drivers_injured, 0.0 drivers_killed, 0.0 passengers_injured, 0.0 passengers_killed, 0.0 pedestrian_injured, 0.0 pedestrian_killed, Fair (Night), EDSA (SB)  Ayala Ave.  Makati",MMDA Road Safety Unit,,1556075d-fa18-41f1-bc37-c9a3e4841876,2016-09-10,03:20:00,EDSA (SB) Evangelista St. Makati,0,0,0,0,0,0,0,0,0,0,2016-09-10 11:20,Property,14.55041073,121.0293293,Rear-End
None,EDSA,None,None,"No Accident Factor, Side Swipe, 0.0 drivers_injured, 0.0 drivers_killed, 0.0 passengers_injured, 0.0 passengers_killed, 0.0 pedestrian_injured, 0.0 pedestrian_killed, Fair (Night), EDSA (SB)  Buendia Ave. Makati",MMDA Road Safety Unit,,5d3ad261-a1c8-4a30-b4d0-a0e2bbfd0a39,2016-09-09,22:30:00,EDSA (SB) Ayala Ave. Makati,0,0,0,0,0,0,0,0,0,0,2016-09-10 6:30,Property,14.55505902,121.0347499,Side Swipe
None,EDSA,None,None,"No Accident Factor, Rear-end, 0.0 drivers_injured, 0.0 drivers_killed, 0.0 passengers_injured, 0.0 passengers_killed, 0.0 pedestrian_injured, 0.0 pedestrian_killed, Fair (Night), EDSA (SB)  Estrella St.  Makati",MMDA Road Safety Unit,,950190e4-c7cc-47c4-9bb8-4d3eb8c70411,2016-09-09,16:00:00,EDSA (SB) A. Arnaiz Ave. Makati,0,0,0,0,0,0,0,0,0,0,2016-09-10,Property,14.56004155,121.0406932,Rear-End