LOCATION_TEXT,ROAD,WEATHER,LIGHT,DESC,REPORTING_AGENCY,MAIN_CAUSE,INCIDENTDETAILS_ID,DATE_UTC,TIME_UTC,ADDRESS,killed_driver,killed_passenger,killed_pedestrian,injured_driver,injured_passenger,injured_pedestrian,killed_uncategorized,injured_uncategorized,killed_total,injured_total,DATETIME_PST,SEVERITY,Y,X,COLLISION_TYPE
None,EDSA,None,None,"No Accident Factor, Rear-end, 0.0 drivers_injured, 0.0 drivers_killed, 0.0 passengers_injured, 0.0 passengers_killed, 0.0 pedestrian_injured, 0.0 pedestrian_killed, Fair (Night), EDSA (SB)  Estrella St.  Makati",MMDA Road Safety Unit,,ef143dcb-dcdc-4f86-94c9-51491e58b4ea,2016-09-09,07:00:00,EDSA (SB) After Buendia MRT Station Makati,0,0,0,0,0,0,0,0,0,0,2016-09-09 15:00,Property,14.56004155,121.0406932,Rear-End
None,EDSA,None,None,"No Accident Factor, Side Swipe, 0.0 drivers_injured, 0.0 drivers_killed, 0.0 passengers_injured, 0.0 passengers_killed, 0.0 pedestrian_injured, 0.0 pedestrian_killed, Fair (Night), EDSA (SB)  Ayala Ave.  Makati",MMDA Road Safety Unit,,df44dbbc-b25b-47ac-b1e7-f5411e9f140b,2016-09-09,01:45:00,EDSA (SB) Bernardino St. Makati,0,0,0,0,0,0,0,0,0,0,2016-09-09 9:45,Property,14.55041073,121.0293293,Side Swipe
None,EDSA,None,None,"No Accident Factor, Hit and Run (Angle Impact), 0.0 drivers_injured, 0.0 drivers_killed, 0.0 passengers_injured, 0.0 passengers_killed, 0.0 pedestrian_injured, 0.0 pedestrian_killed, Fair (Night), EDSA (SB)  Magallanes Makati",MMDA Road Safety Unit,,aade0600-5555-4d9e-b6de-040995345281,2016-09-08,15:30:00,EDSA (SB) Estrella St.  Makati,0,0,0,0,0,0,0,0,0,0,2016-09-08 23:30,Property,14.53925495,121.0142649,Angle Impact
None,EDSA,None,None,"No Accident Factor, Rear-end, 0.0 drivers_injured, 0.0 drivers_killed, 0.0 passengers_injured, 0.0 passengers_killed, 0.0 pedestrian_injured, 0.0 pedestrian_killed, Fair (Day), EDSA (SB) Apolinario St. Makati",MMDA Road Safety Unit,,189d8ff4-ff91-4d56-ae5d-d55cc22517a0,2016-09-08,08:30:00,EDSA (SB) Magallanes Interchange Makati,0,0,0,0,0,0,0,0,0,0,2016-09-08 16:30,Property,14.5394354,121.0136926,Rear-End
None,EDSA,None,None,"No Accident Factor, Side Swipe, 0.0 drivers_injured, 0.0 drivers_killed, 0.0 passengers_injured, 0.0 passengers_killed, 0.0 pedestrian_injured, 0.0 pedestrian_killed, Fair (Day), EDSA (SB) Estrella St. Makati",MMDA Road Safety Unit,,b7c97e17-b3e8-40ec-8749-6185238c7dd7,2016-09-08,03:10:00,EDSA (SB) Magalllanes Interchange Makati,0,0,0,0,0,0,0,0,0,0,2016-09-08 11:10,Property,14.56002889,121.040751,Side Swipe
None,EDSA,None,None,"No Accident Factor, Side Swipe, 0.0 drivers_injured, 0.0 drivers_killed, 0.0 passengers_injured, 0.0 passengers_killed, 0.0 pedestrian_injured, 0.0 pedestrian_killed, Fair (Night), EDSA (SB) Buendia Ave. Makati",MMDA Road Safety Unit,,e460e891-5789-4637-a034-b52cad822ada,2016-09-07,11:10:00,EDSA (SB) Buendia Ave. Makati,0,0,0,0,0,0,0,0,0,0,2016-09-07 19:10,Property,14.55505269,121.034707,Side Swipe
None,EDSA,None,None,"No Accident Factor, Rear-end, 0.0 drivers_injured, 0.0 drivers_killed, 0.0 passengers_injured, 0.0 passengers_killed, 0.0 pedestrian_injured, 0.0 pedestrian_killed, Fair (Day), EDSA (SB) After Estrella St. Makati",MMDA Road Safety Unit,,bf3c8d07-7b78-47e9-aea6-639059bb67a5,2016-09-07,06:00:00,EDSA (SB) Buendia MRT Station Makati,0,0,0,0,0,0,0,0,0,0,2016-09-07 14:00,Property,14.56019425,121.0409398,Rear-End
None,EDSA,None,None,"No Accident Factor, Side Swipe, 0.0 drivers_injured, 0.0 drivers_killed, 0.0 passengers_injured, 0.0 passengers_killed, 0.0 pedestrian_injured, 0.0 pedestrian_killed, Fair (Night), EDSA (SB) Ayala Ave. Makati",MMDA Road Safety Unit,,0b7ba21e-ca12-4d2b-8a68-e6bb017d44ee,2016-09-06,11:00:00,EDSA (SB) Palm Drive Makati,0,0,0,0,0,0,0,0,0,0,2016-09-06 19:00,Property,14.55022912,121.0292348,Side Swipe
None,EDSA,None,None,"No Accident Factor, Rear-end, 0.0 drivers_injured, 0.0 drivers_killed, 0.0 passengers_injured, 0.0 passengers_killed, 0.0 pedestrian_injured, 0.0 pedestrian_killed, Fair (Day), EDSA (SB) Evangelista St. Makati",MMDA Road Safety Unit,,dcadee4f-0930-4a72-aad6-45cebad1b090,2016-09-06,04:10:00,EDSA (SB) Evangelista St. Makati,0,0,0,0,0,0,0,0,0,0,2016-09-06 12:10,Property,14.53903137,121.0123272,Rear-End
None,EDSA,None,None,"No Accident Factor, Rear-end, 0.0 drivers_injured, 0.0 drivers_killed, 0.0 passengers_injured, 0.0 passengers_killed, 0.0 pedestrian_injured, 0.0 pedestrian_killed, Fair (Night), EDSA (SB) Ayala Ave. Makati",MMDA Road Safety Unit,,23ca08cc-bac6-4e43-9115-645e24660f32,2016-09-05,10:30:00,EDSA (SB) Ortigas Loading Bay Makati,0,0,0,0,0,0,0,0,0,0,2016-09-05 18:30,Property,14.55022912,121.0292348,Rear-End
None,EDSA,None,None,"No Accident Factor, Side Swipe, 0.0 drivers_injured, 0.0 drivers_killed, 0.0 passengers_injured, 0.0 passengers_killed, 0.0 pedestrian_injured, 0.0 pedestrian_killed, Fair (Night), EDSA (SB) A. Arnaiz Ave. Makati",MMDA Road Safety Unit,,cd139314-f308-42da-acf4-9073f21e6eed,2016-09-04,18:35:00,EDSA (SB) Buendia Ave. Makati,0,0,0,0,0,0,0,0,0,0,2016-09-05 2:35,Property,14.54765031,121.0260523,Side Swipe
None,EDSA,None,None,"No Accident Factor, Side Swipe, 0.0 drivers_injured, 0.0 drivers_killed, 0.0 passengers_injured, 0.0 passengers_killed, 0.0 pedestrian_injured, 0.0 pedestrian_killed, Fair (Day), EDSA (SB) After Buendia MRT Station Makati",MMDA Road Safety Unit,,c92cb66d-cd5b-4746-b0e1-70740710d31d,2016-09-04,06:30:00,EDSA (SB) Magallanes Ave. Makati,0,0,0,0,0,0,0,0,0,0,2016-09-04 14:30,Property,14.5541694,121.0340209,Side Swipe
None,EDSA,None,None,"No Accident Factor, Angle Impact, 0.0 drivers_injured, 0.0 drivers_killed, 0.0 passengers_injured, 0.0 passengers_killed, 0.0 pedestrian_injured, 0.0 pedestrian_killed, Fair (Day), EDSA (SB) Bernardino St. Makati",MMDA Road Safety Unit,,0e43632d-d6cc-4e91-aa6b-bc63591e4e2b,2016-09-04,00:00:00,EDSA (SB) Magallanes Interchange Makati,0,0,0,0,0,0,0,0,0,0,2016-09-04 8:00,Property,14.5656985,121.0450952,Angle Impact
None,EDSA,None,None,"No Accident Factor, Side Swipe, 0.0 drivers_injured, 0.0 drivers_killed, 0.0 passengers_injured, 0.0 passengers_killed, 0.0 pedestrian_injured, 0.0 pedestrian_killed, Fair (Day), EDSA (SB) Estrella St.  Makati",MMDA Road Safety Unit,,d14aace1-cd88-49e5-9296-2d628ca14fe6,2016-09-02,22:35:00,EDSA (SB) Ayala Loading Bay Makati,0,0,0,0,0,0,0,0,0,0,2016-09-03 6:35,Property,14.56002889,121.040751,Side Swipe
None,EDSA,None,None,"No Accident Factor, Side Swipe, 0.0 drivers_injured, 0.0 drivers_killed, 0.0 passengers_injured, 0.0 passengers_killed, 0.0 pedestrian_injured, 0.0 pedestrian_killed, Fair (Day), EDSA (SB) Magallanes Interchange Makati",MMDA Road Safety Unit,,0697380d-d6c6-4131-bcd7-5cc5bb645a53,2016-09-02,06:10:00,EDSA (SB) After Buendia Loading Bay Makati,0,0,0,0,0,0,0,0,0,0,2016-09-02 14:10,Property,14.54028633,121.0167655,Side Swipe
None,EDSA,None,None,"No Accident Factor, Side Swipe, 0.0 drivers_injured, 0.0 drivers_killed, 0.0 passengers_injured, 0.0 passengers_killed, 0.0 pedestrian_injured, 0.0 pedestrian_killed, Fair (Day), EDSA (SB) Magalllanes Interchange Makati",MMDA Road Safety Unit,,0ef446d4-fc45-41ea-b199-4cafb03c58ab,2016-09-02,02:10:00,EDSA (SB) Estrella St. Makati,0,0,0,0,0,0,0,0,0,0,2016-09-02 10:10,Property,14.54040587,121.0167645,Side Swipe
None,EDSA,None,None,"No Accident Factor, Multiple Collision, 0.0 drivers_injured, 0.0 drivers_killed, 0.0 passengers_injured, 0.0 passengers_killed, 0.0 pedestrian_injured, 0.0 pedestrian_killed, Fair (Night), EDSA (SB) Buendia Ave. Makati",MMDA Road Safety Unit,,a81f8f48-983e-4961-b78b-a59bc6c57d9a,2016-09-01,16:05:00,EDSA (SB) After PET Plans Makati,0,0,0,0,0,0,0,0,0,0,2016-09-02 0:05,Property,14.55505269,121.034707,Multiple
None,EDSA,None,None,"No Accident Factor, Side Swipe, 0.0 drivers_injured, 0.0 drivers_killed, 0.0 passengers_injured, 0.0 passengers_killed, 0.0 pedestrian_injured, 0.0 pedestrian_killed, Fair (Night), EDSA (SB) Buendia MRT Station Makati",MMDA Road Safety Unit,,eda62a7e-2d75-4306-babd-c9f7fe08cf52,2016-08-31,11:30:00,EDSA (SB) Buendia Makati,0,0,0,0,0,0,0,0,0,0,2016-08-31 19:30,Property,14.55421358,121.03387,Side Swipe
None,EDSA,None,None,"No Accident Factor, Side Swipe, 0.0 drivers_injured, 0.0 drivers_killed, 0.0 passengers_injured, 0.0 passengers_killed, 0.0 pedestrian_injured, 0.0 pedestrian_killed, Fair (Night), EDSA (SB) Palm Drive Makati",MMDA Road Safety Unit,,4d11e833-947f-454b-acc0-7310bbc6232b,2016-08-31,11:30:00,EDSA (SB) Guadalupe Loading Bay Makati,0,0,0,0,0,0,0,0,0,0,2016-08-31 19:30,Property,14.54848063,121.0270791,Side Swipe
None,EDSA,None,None,"No Accident Factor, Side Swipe, 0.0 drivers_injured, 0.0 drivers_killed, 0.0 passengers_injured, 0.0 passengers_killed, 0.0 pedestrian_injured, 0.0 pedestrian_killed, Fair (Day), EDSA (SB) Evangelista St. Makati",MMDA Road Safety Unit,,dd01b2ac-88d4-4c35-9887-8301e2ca8d51,2016-08-31,08:45:00,EDSA (SB) San Lorenzo Makati,0,0,0,0,0,0,0,0,0,0,2016-08-31 16:45,Property,14.53903137,121.0123272,Side Swipe
None,EDSA,None,None,"No Accident Factor, Hit Object (Fence/Wall-See-thru), 0.0 drivers_injured, 0.0 drivers_killed, 0.0 passengers_injured, 0.0 passengers_killed, 0.0 pedestrian_injured, 0.0 pedestrian_killed, Fair (Day), EDSA (SB) Ortigas Loading Bay Makati",MMDA Road Safety Unit,,61351814-f80e-4d00-9cac-4772b86844d4,2016-08-31,03:30:00,EDSA (SB) Buendia Ave. Makati,0,0,0,0,0,0,0,0,0,0,2016-08-31 11:30,Property,14.5921524,121.057936,Hit Object
None,EDSA,None,None,"No Accident Factor, Multiple Collision, 0.0 drivers_injured, 0.0 drivers_killed, 0.0 passengers_injured, 0.0 passengers_killed, 0.0 pedestrian_injured, 0.0 pedestrian_killed, Fair (Day), EDSA (SB) Buendia Ave. Makati",MMDA Road Safety Unit,,2c4acc1e-eef4-49d0-9706-b6884934414f,2016-08-31,02:10:00,EDSA (SB) Palm Drive Makati,0,0,0,0,0,0,0,0,0,0,2016-08-31 10:10,Property,14.55505269,121.034707,Multiple
None,EDSA,None,None,"No Accident Factor, Rear-end, 0.0 drivers_injured, 0.0 drivers_killed, 0.0 passengers_injured, 0.0 passengers_killed, 0.0 pedestrian_injured, 0.0 pedestrian_killed, Fair (Night), EDSA (SB) Magallanes Ave. Makati",MMDA Road Safety Unit,,1fc72a15-928b-4fc9-b3c3-93be3749b971,2016-08-30,12:15:00,EDSA (SB) Magallanes Ave. Makati,0,0,0,0,0,0,0,0,0,0,2016-08-30 20:15,Property,14.53938592,121.0142024,Rear-End
None,EDSA,None,None,"No Accident Factor, Rear-end, 0.0 drivers_injured, 0.0 drivers_killed, 0.0 passengers_injured, 0.0 passengers_killed, 0.0 pedestrian_injured, 0.0 pedestrian_killed, Fair (Day), EDSA (SB) Magallanes Interchange Makati",MMDA Road Safety Unit,,d308fd6c-3c8b-4c5d-8dc6-addcd500aeb0,2016-08-30,04:30:00,EDSA (SB) Estrella Loading Bay Makati,0,0,0,0,0,0,0,0,0,0,2016-08-30 12:30,Property,14.54028633,121.0167655,Rear-End
None,EDSA,None,None,"No Accident Factor, Side Swipe, 0.0 drivers_injured, 0.0 drivers_killed, 0.0 passengers_injured, 0.0 passengers_killed, 0.0 pedestrian_injured, 0.0 pedestrian_killed, Fair (Night), EDSA (SB) Ayala Loading Bay Makati",MMDA Road Safety Unit,,3239b11f-7f64-4cd0-8a78-7292307c6ecb,2016-08-29,12:40:00,EDSA (SB) Estrella Makati,0,0,0,0,0,0,0,0,0,0,2016-08-29 20:40,Property,14.54886,121.0276063,Side Swipe
None,EDSA,None,None,"No Accident Factor, Side Swipe, 0.0 drivers_injured, 0.0 drivers_killed, 0.0 passengers_injured, 0.0 passengers_killed, 0.0 pedestrian_injured, 0.0 pedestrian_killed, Fair (Day), EDSA (SB) After Buendia Loading Bay Makati",MMDA Road Safety Unit,,0cb6b0eb-fba1-4dc7-966d-3917feaeeeb4,2016-08-29,09:00:00,EDSA (SB) Estrella Loading Bay Makati,0,0,0,0,0,0,0,0,0,0,2016-08-29 17:00,Property,14.55386823,121.0334638,Side Swipe
None,EDSA,None,None,"No Accident Factor, Hit and Run (Side Swipe), 0.0 drivers_injured, 0.0 drivers_killed, 0.0 passengers_injured, 0.0 passengers_killed, 0.0 pedestrian_injured, 0.0 pedestrian_killed, Fair (Day), EDSA (SB) Estrella St. Makati",MMDA Road Safety Unit,,1d41c76e-e90c-4696-b262-185e6e15c756,2016-08-27,06:10:00,EDSA (SB) Magallanes Interchange Makati,0,0,0,0,0,0,0,0,0,0,2016-08-27 14:10,Property,14.56002889,121.040751,Side Swipe
None,EDSA,None,None,"No Accident Factor, Rear-end, 0.0 drivers_injured, 0.0 drivers_killed, 0.0 passengers_injured, 0.0 passengers_killed, 0.0 pedestrian_injured, 0.0 pedestrian_killed, Fair (Day), EDSA (SB) After PET Plans Makati",MMDA Road Safety Unit,,ceb19734-dae6-4111-9571-17d5dc2201ef,2016-08-27,00:10:00,EDSA (SB) AfterAyala Ave. Makati,0,0,0,0,0,0,0,0,0,0,2016-08-27 8:10,Property,14.56193326,121.0428807,Rear-End
None,EDSA,None,None,"No Accident Factor, No Collision Stated (based on Police Blotter Book), 0.0 drivers_injured, 0.0 drivers_killed, 0.0 passengers_injured, 0.0 passengers_killed, 0.0 pedestrian_injured, 0.0 pedestrian_killed, Fair (Night), EDSA (SB) Buendia Makati",MMDA Road Safety Unit,,980448b2-f8c5-41c8-96a3-db76e382b2d5,2016-08-26,21:30:00,EDSA (SB) Palm Drive Makati,0,0,0,0,0,0,0,0,0,0,2016-08-27 5:30,Property,14.55505269,121.034707,No Collision Stated
None,EDSA,None,None,"No Accident Factor, Side Swipe, 0.0 drivers_injured, 0.0 drivers_killed, 0.0 passengers_injured, 0.0 passengers_killed, 0.0 pedestrian_injured, 0.0 pedestrian_killed, Fair (Night), EDSA (SB) Guadalupe Loading Bay Makati",MMDA Road Safety Unit,,47e6dd6b-a2c1-4a75-8ffc-fd3e6287c331,2016-08-26,16:20:00,EDSA (SB) Estrella Makati,0,0,0,0,0,0,0,0,0,0,2016-08-27 0:20,Property,14.56473213,121.0447625,Side Swipe
None,EDSA,None,None,"No Accident Factor, Hit and Run (Rear-end), 0.0 drivers_injured, 0.0 drivers_killed, 0.0 passengers_injured, 0.0 passengers_killed, 0.0 pedestrian_injured, 0.0 pedestrian_killed, Fair (Night), EDSA (SB) San Lorenzo Makati",MMDA Road Safety Unit,,0001ac17-4b8a-4cc0-a1e8-8c9350969c1b,2016-08-26,15:45:00,EDSA (SB) MRT Magallanes Station Makati,0,0,0,0,0,0,0,0,0,0,2016-08-26 23:45,Property,14.5422524,121.0195278,Rear-End
None,EDSA,None,None,"No Accident Factor, Side Swipe, 0.0 drivers_injured, 0.0 drivers_killed, 0.0 passengers_injured, 0.0 passengers_killed, 0.0 pedestrian_injured, 0.0 pedestrian_killed, Fair (Day), EDSA (SB) Buendia Ave. Makati",MMDA Road Safety Unit,,b6e29a03-a082-4ec6-a5b8-5899c194e680,2016-08-25,22:00:00,EDSA (SB) Buendia Makati,0,0,0,0,0,0,0,0,0,0,2016-08-26 6:00,Property,14.55505269,121.034707,Side Swipe
None,EDSA,None,None,"No Accident Factor, Side Swipe, 0.0 drivers_injured, 0.0 drivers_killed, 0.0 passengers_injured, 0.0 passengers_killed, 0.0 pedestrian_injured, 0.0 pedestrian_killed, Fair (Night), EDSA (SB) Palm Drive Makati",MMDA Road Safety Unit,,2f4fd605-870c-4895-93b3-13c99db9819c,2016-08-25,12:55:00,EDSA (SB) Buendia Makati,0,0,0,0,0,0,0,0,0,0,2016-08-25 20:55,Property,14.54848063,121.0270791,Side Swipe
None,EDSA,None,None,"No Accident Factor, Side Swipe, 0.0 drivers_injured, 0.0 drivers_killed, 0.0 passengers_injured, 0.0 passengers_killed, 0.0 pedestrian_injured, 0.0 pedestrian_killed, Fair (Day), EDSA (SB) Magallanes Ave. Makati",MMDA Road Safety Unit,,a6470c29-de6a-4f92-81c9-fcfd912c02ea,2016-08-24,03:30:00,EDSA (SB) After Buendia Loading Bay Makati,0,0,0,0,0,0,0,0,0,0,2016-08-24 11:30,Property,14.53938592,121.0142024,Side Swipe
None,EDSA,None,None,"No Accident Factor, Rear-end, 0.0 drivers_injured, 0.0 drivers_killed, 0.0 passengers_injured, 0.0 passengers_killed, 0.0 pedestrian_injured, 0.0 pedestrian_killed, Fair (Day), EDSA (SB) Estrella Loading Bay Makati",MMDA Road Safety Unit,,7fe183ab-2e33-4d4a-bf5c-ee6347c73b6b,2016-08-23,02:45:00,EDSA (SB) Ayala Ave. Makati,0,0,0,0,0,0,0,0,0,0,2016-08-23 10:45,Property,14.56059855,121.0413941,Rear-End
None,EDSA,None,None,"No Accident Factor, Rear-end, 0.0 drivers_injured, 0.0 drivers_killed, 0.0 passengers_injured, 0.0 passengers_killed, 0.0 pedestrian_injured, 0.0 pedestrian_killed, Fair (Day), EDSA (SB) Estrella Makati",MMDA Road Safety Unit,,17051a1a-520f-4177-8298-9fcdb76b817f,2016-08-22,22:00:00,EDSA (SB) Buendia Ave.  Makati,0,0,0,0,0,0,0,0,0,0,2016-08-23 6:00,Property,14.56002889,121.040751,Rear-End
None,EDSA,None,None,"No Accident Factor, Rear-end, 0.0 drivers_injured, 0.0 drivers_killed, 0.0 passengers_injured, 0.0 passengers_killed, 0.0 pedestrian_injured, 0.0 pedestrian_killed, Fair (Night), EDSA (SB) Estrella Loading Bay Makati",MMDA Road Safety Unit,,ed5bf61d-de1b-4dbf-bcac-0b30f190860d,2016-08-22,21:00:00,EDSA (SB) Estrella St.  Makati,0,0,0,0,0,0,0,0,0,0,2016-08-23 5:00,Property,14.56059855,121.0413941,Rear-End
None,EDSA,None,None,"No Accident Factor, Side Swipe, 0.0 drivers_injured, 0.0 drivers_killed, 0.0 passengers_injured, 0.0 passengers_killed, 0.0 pedestrian_injured, 0.0 pedestrian_killed, Fair (Night), EDSA (SB) Magallanes Interchange Makati",MMDA Road Safety Unit,,464d8be1-e1b4-41f9-95ee-9aacf35495ab,2016-08-22,11:05:00,EDSA (SB) Estrella St. Makati,0,0,0,0,0,0,0,0,0,0,2016-08-22 19:05,Property,14.54028633,121.0167655,Side Swipe
None,EDSA,None,None,"No Accident Factor, Multiple Collision, 0.0 drivers_injured, 0.0 drivers_killed, 0.0 passengers_injured, 0.0 passengers_killed, 0.0 pedestrian_injured, 0.0 pedestrian_killed, Fair (Day), EDSA (SB) AfterAyala Ave. Makati",MMDA Road Safety Unit,,490de968-edaa-4810-9487-d3fe36241641,2016-08-22,03:15:00,EDSA (SB) Evangelista St.  Makati,0,0,0,0,0,0,0,0,0,0,2016-08-22 11:15,Property,14.550136,121.0293562,Multiple
None,EDSA,None,None,"No Accident Factor, Side Swipe, 0.0 drivers_injured, 0.0 drivers_killed, 0.0 passengers_injured, 0.0 passengers_killed, 0.0 pedestrian_injured, 0.0 pedestrian_killed, Fair (Day), EDSA (SB) Palm Drive Makati",MMDA Road Safety Unit,,b7160c44-0a68-4f8b-8312-15e8bf438f39,2016-08-21,09:40:00,EDSA (SB) Estrella Footbridge Makati,0,0,0,0,0,0,0,0,0,0,2016-08-21 17:40,Property,14.54848063,121.0270791,Side Swipe
None,EDSA,None,None,"No Accident Factor, Side Swipe, 0.0 drivers_injured, 0.0 drivers_killed, 0.0 passengers_injured, 0.0 passengers_killed, 0.0 pedestrian_injured, 0.0 pedestrian_killed, Fair (Day), EDSA (SB) Estrella Makati",MMDA Road Safety Unit,,950e8287-e3c1-4938-bd0a-15c68df36dd1,2016-08-21,07:45:00,EDSA (SB) Magallanes Interchange Makati,0,0,0,0,0,0,0,0,0,0,2016-08-21 15:45,Property,14.56002889,121.040751,Side Swipe
None,EDSA,None,None,"No Accident Factor, Side Swipe, 0.0 drivers_injured, 0.0 drivers_killed, 0.0 passengers_injured, 0.0 passengers_killed, 0.0 pedestrian_injured, 0.0 pedestrian_killed, Fair (Day), EDSA (SB) MRT Magallanes Station Makati",MMDA Road Safety Unit,,ccf9995d-6013-4029-893e-206d862ca6bf,2016-08-21,04:45:00,EDSA (SB) After A. Arnaiz Ave. Makati,0,0,0,0,0,0,0,0,0,0,2016-08-21 12:45,Property,14.54200052,121.0194596,Side Swipe
None,EDSA,None,None,"No Accident Factor, Angle Impact, 0.0 drivers_injured, 0.0 drivers_killed, 0.0 passengers_injured, 0.0 passengers_killed, 0.0 pedestrian_injured, 0.0 pedestrian_killed, Fair (Day), EDSA (SB) Buendia Makati",MMDA Road Safety Unit,,5836ad71-a4a4-4c25-8ec3-19a039fc9a72,2016-08-19,08:40:00,EDSA (SB) Rockwell Makati,0,0,0,0,0,0,0,0,0,0,2016-08-19 16:40,Property,14.55505269,121.034707,Angle Impact
None,EDSA,None,None,"No Accident Factor, Rear-end, 0.0 drivers_injured, 0.0 drivers_killed, 0.0 passengers_injured, 0.0 passengers_killed, 0.0 pedestrian_injured, 0.0 pedestrian_killed, Fair (Day), EDSA (SB) Buendia Makati",MMDA Road Safety Unit,,859fcff7-2b1d-4c32-9d65-e8d50d0f998e,2016-08-19,03:45:00,EDSA (SB) Before Ayala Ave. Makati,0,0,0,0,0,0,0,0,0,0,2016-08-19 11:45,Property,14.55505269,121.034707,Rear-End
None,EDSA,None,None,"No Accident Factor, Rear-end, 0.0 drivers_injured, 0.0 drivers_killed, 0.0 passengers_injured, 0.0 passengers_killed, 0.0 pedestrian_injured, 0.0 pedestrian_killed, Fair (Night), EDSA (SB) After Buendia Loading Bay Makati",MMDA Road Safety Unit,,32f209e5-0629-46be-be38-1d57b16e2385,2016-08-17,11:20:00,EDSA (SB) Estrella St. Makati,0,0,0,0,0,0,0,0,0,0,2016-08-17 19:20,Property,14.55386823,121.0334638,Rear-End
None,EDSA,None,None,"No Accident Factor, Side Swipe, 0.0 drivers_injured, 0.0 drivers_killed, 0.0 passengers_injured, 0.0 passengers_killed, 0.0 pedestrian_injured, 0.0 pedestrian_killed, Fair (Day), EDSA (SB) Ayala Ave. Makati",MMDA Road Safety Unit,,ad888d97-0c4b-4faf-afc0-3209efdb10b7,2016-08-15,05:30:00,EDSA (SB) Palm Drive Makati,0,0,0,0,0,0,0,0,0,0,2016-08-15 13:30,Property,14.55022912,121.0292348,Side Swipe
None,EDSA,None,None,"No Accident Factor, Rear-end, 0.0 drivers_injured, 0.0 drivers_killed, 0.0 passengers_injured, 0.0 passengers_killed, 0.0 pedestrian_injured, 0.0 pedestrian_killed, Fair (Day), EDSA (SB) Buendia Ave.  Makati",MMDA Road Safety Unit,,505f16c2-aa71-4d1e-b98d-7da037279e5a,2016-08-15,02:30:00,EDSA (SB) Ayala Ave. Makati,0,0,0,0,0,0,0,0,0,0,2016-08-15 10:30,Property,14.55505269,121.034707,Rear-End
None,EDSA,None,None,"No Accident Factor, Rear-end, 0.0 drivers_injured, 0.0 drivers_killed, 1.0 passengers_injured, 0.0 passengers_killed, 0.0 pedestrian_injured, 0.0 pedestrian_killed, Fair (Day), EDSA (SB) Estrella St.  Makati",MMDA Road Safety Unit,,561c5c43-24f2-4570-8675-16f30861cdc8,2016-08-14,08:00:00,EDSA (SB) Before Buendia Ave. Makati,0,0,0,0,1,0,0,0,0,1,2016-08-14 16:00,Injury,14.56002889,121.040751,Rear-End
None,EDSA,None,None,"No Accident Factor, Rear-end, 0.0 drivers_injured, 0.0 drivers_killed, 0.0 passengers_injured, 0.0 passengers_killed, 0.0 pedestrian_injured, 0.0 pedestrian_killed, Fair (Night), EDSA (SB) Estrella St. Makati",MMDA Road Safety Unit,,6bf87679-a79a-47d7-8bed-7aee780118a7,2016-08-13,15:00:00,EDSA (SB) Buendia Shell Gas Station Makati,0,0,0,0,0,0,0,0,0,0,2016-08-13 23:00,Property,14.56002889,121.040751,Rear-End
None,EDSA,None,None,"No Accident Factor, Side Swipe, 0.0 drivers_injured, 0.0 drivers_killed, 0.0 passengers_injured, 0.0 passengers_killed, 0.0 pedestrian_injured, 0.0 pedestrian_killed, Fair (Night), EDSA (SB) Evangelista St.  Makati",MMDA Road Safety Unit,,a137781d-7168-4129-9b58-1db0f8e7a5b6,2016-08-12,16:05:00,EDSA (SB) Ayala Ave.  Makati,0,0,0,0,0,0,0,0,0,0,2016-08-13 0:05,Property,14.53903137,121.0123272,Side Swipe
None,EDSA,None,None,"No Accident Factor, Side Swipe, 0.0 drivers_injured, 0.0 drivers_killed, 0.0 passengers_injured, 0.0 passengers_killed, 0.0 pedestrian_injured, 0.0 pedestrian_killed, Fair (Night), EDSA (SB) Estrella Footbridge Makati",MMDA Road Safety Unit,,ebcc7c37-f8b8-454e-b845-81c07cc0a559,2016-08-12,16:00:00,EDSA (SB) Buendia Shell Gas Station Makati,0,0,0,0,0,0,0,0,0,0,2016-08-13,Property,14.56054068,121.0413357,Side Swipe
None,EDSA,None,None,"No Accident Factor, Side Swipe, 0.0 drivers_injured, 0.0 drivers_killed, 0.0 passengers_injured, 0.0 passengers_killed, 0.0 pedestrian_injured, 0.0 pedestrian_killed, Rain (Night), EDSA (SB) Magallanes Interchange Makati",MMDA Road Safety Unit,,a1384911-80b2-45f7-908c-d0b52acf31e3,2016-08-12,14:30:00,EDSA (SB) Estrella Makati,0,0,0,0,0,0,0,0,0,0,2016-08-12 22:30,Property,14.54028633,121.0167655,Side Swipe
None,EDSA,None,None,"No Accident Factor, Rear-end, 0.0 drivers_injured, 0.0 drivers_killed, 0.0 passengers_injured, 0.0 passengers_killed, 0.0 pedestrian_injured, 0.0 pedestrian_killed, Fair (Day), EDSA (SB) After A. Arnaiz Ave. Makati",MMDA Road Safety Unit,,7bf386c9-120b-4156-bdf9-39891096be2d,2016-08-12,03:50:00,EDSA (SB) PET Plans Bldg. Makati,0,0,0,0,0,0,0,0,0,0,2016-08-12 11:50,Property,14.54740302,121.0262287,Rear-End
None,EDSA,None,None,"No Accident Factor, Side Swipe, 1.0 drivers_injured, 0.0 drivers_killed, 0.0 passengers_injured, 0.0 passengers_killed, 0.0 pedestrian_injured, 0.0 pedestrian_killed, Fair (Day), EDSA (SB) Rockwell Makati",MMDA Road Safety Unit,,04fd9fda-239e-46ce-abbe-742450ef348a,2016-08-11,07:10:00,EDSA (SB) Estrella Makati,0,0,0,1,0,0,0,0,0,1,2016-08-11 15:10,Injury,14.559945,121.0407272,Side Swipe
None,EDSA,None,None,"No Accident Factor, Rear-end, 0.0 drivers_injured, 0.0 drivers_killed, 1.0 passengers_injured, 0.0 passengers_killed, 0.0 pedestrian_injured, 0.0 pedestrian_killed, Fair (Day), EDSA (SB) Before Ayala Ave. Makati",MMDA Road Safety Unit,,978976cf-77f1-41cb-b1e2-9d5c01d104ca,2016-08-09,00:35:00,EDSA (SB) Estrella St.  Makati,0,0,0,0,1,0,0,0,0,1,2016-08-09 8:35,Injury,14.55063226,121.0295437,Rear-End