LOCATION_TEXT,ROAD,WEATHER,LIGHT,DESC,REPORTING_AGENCY,MAIN_CAUSE,INCIDENTDETAILS_ID,DATE_UTC,TIME_UTC,ADDRESS,killed_driver,killed_passenger,killed_pedestrian,injured_driver,injured_passenger,injured_pedestrian,killed_uncategorized,injured_uncategorized,killed_total,injured_total,DATETIME_PST,SEVERITY,Y,X,COLLISION_TYPE
None,EDSA,None,None,"No Accident Factor, Rear-end, 0.0 drivers_injured, 0.0 drivers_killed, 0.0 passengers_injured, 0.0 passengers_killed, 0.0 pedestrian_injured, 0.0 pedestrian_killed, Fair (Day), EDSA (SB) Estrella St. Makati",MMDA Road Safety Unit,,465414e5-9c6f-45d9-879b-c1133ea3b06c,2016-08-08,05:30:00,EDSA (SB) Estrella St. Makati,0,0,0,0,0,0,0,0,0,0,2016-08-08 13:30,Property,14.56002889,121.040751,Rear-End
None,EDSA,None,None,"No Accident Factor, Side Swipe, 0.0 drivers_injured, 0.0 drivers_killed, 0.0 passengers_injured, 0.0 passengers_killed, 0.0 pedestrian_injured, 0.0 pedestrian_killed, Fair (Day), EDSA (SB) Palm Drive Makati",MMDA Road Safety Unit,,10543422-a687-4786-a411-321ab8e7595a,2016-08-06,01:45:00,EDSA (SB) Estrella St. Makati,0,0,0,0,0,0,0,0,0,0,2016-08-06 9:45,Property,14.54848063,121.0270791,Side Swipe
None,EDSA,None,None,"No Accident Factor, Side Swipe, 1.0 drivers_injured, 0.0 drivers_killed, 1.0 passengers_injured, 0.0 passengers_killed, 0.0 pedestrian_injured, 0.0 pedestrian_killed, Fair (Night), EDSA (SB) Ayala Ave. Makati",MMDA Road Safety Unit,,2af075fe-b7ec-4470-826c-6b63f4c90b4f,2016-08-05,15:30:00,EDSA (SB) Magallanes Loading Bay Makati,0,0,0,1,1,0,0,0,0,2,2016-08-05 23:30,Injury,14.55022912,121.0292348,Side Swipe
None,EDSA,None,None,"No Accident Factor, Rear-end, 0.0 drivers_injured, 0.0 drivers_killed, 0.0 passengers_injured, 0.0 passengers_killed, 0.0 pedestrian_injured, 0.0 pedestrian_killed, Fair (Night), EDSA (SB) Before Buendia Ave. Makati",MMDA Road Safety Unit,,eb229f2d-b622-4ebf-ad39-f94ade4dfd7f,2016-08-05,13:15:00,EDSA (SB) Ayala Ave.  Makati,0,0,0,0,0,0,0,0,0,0,2016-08-05 21:15,Property,14.555472,121.035406,Rear-End
None,EDSA,None,None,"No Accident Factor, Rear-end, 0.0 drivers_injured, 0.0 drivers_killed, 0.0 passengers_injured, 0.0 passengers_killed, 0.0 pedestrian_injured, 0.0 pedestrian_killed, Fair (Day), EDSA (SB) Buendia Shell Gas Station Makati",MMDA Road Safety Unit,,af0159ba-fb1f-4f9e-a407-33470cc651aa,2016-08-05,08:45:00,EDSA (SB) Estrella Makati,0,0,0,0,0,0,0,0,0,0,2016-08-05 16:45,Property,14.5553137,121.0350386,Rear-End
None,EDSA,None,None,"No Accident Factor, Side Swipe, 0.0 drivers_injured, 0.0 drivers_killed, 0.0 passengers_injured, 0.0 passengers_killed, 0.0 pedestrian_injured, 0.0 pedestrian_killed, Fair (Day), EDSA (SB) Ayala Ave.  Makati",MMDA Road Safety Unit,,2f0d5faa-aa93-419b-b82b-e211ef94a745,2016-08-05,08:10:00,EDSA (SB) Chino Roces Ave. Makati,0,0,0,0,0,0,0,0,0,0,2016-08-05 16:10,Property,14.55032185,121.0294221,Side Swipe
None,EDSA,None,None,"No Accident Factor, Side Swipe, 0.0 drivers_injured, 0.0 drivers_killed, 0.0 passengers_injured, 0.0 passengers_killed, 0.0 pedestrian_injured, 0.0 pedestrian_killed, Fair (Day), EDSA (SB) Buendia Shell Gas Station Makati",MMDA Road Safety Unit,,492390c0-a38d-403f-a41b-37a7ce58f165,2016-08-05,06:10:00,EDSA (SB) After A. Arnaiz Ave. Makati,0,0,0,0,0,0,0,0,0,0,2016-08-05 14:10,Property,14.5553137,121.0350386,Side Swipe
None,EDSA,None,None,"No Accident Factor, Rear-end, 0.0 drivers_injured, 0.0 drivers_killed, 0.0 passengers_injured, 0.0 passengers_killed, 0.0 pedestrian_injured, 0.0 pedestrian_killed, Fair (Night), EDSA (SB) Estrella Makati",MMDA Road Safety Unit,,1e6b2110-e320-41bf-9fb6-e94e19e4dbd9,2016-08-04,11:00:00,EDSA (SB) Buendia Ave. Makati,0,0,0,0,0,0,0,0,0,0,2016-08-04 19:00,Property,14.56002889,121.040751,Rear-End
None,EDSA,None,None,"No Accident Factor, Rear-end, 0.0 drivers_injured, 0.0 drivers_killed, 0.0 passengers_injured, 0.0 passengers_killed, 0.0 pedestrian_injured, 0.0 pedestrian_killed, Fair (Day), EDSA (SB) PET Plans Bldg. Makati",MMDA Road Safety Unit,,61f64eee-0615-4a42-98bd-295a93c38fd6,2016-08-04,02:30:00,EDSA (SB) Before Magallanes Loading Bay Makati,0,0,0,0,0,0,0,0,0,0,2016-08-04 10:30,Property,14.56191915,121.0429118,Rear-End
None,EDSA,None,None,"No Accident Factor, Rear-end, 0.0 drivers_injured, 0.0 drivers_killed, 0.0 passengers_injured, 0.0 passengers_killed, 0.0 pedestrian_injured, 0.0 pedestrian_killed, Fair (Night), EDSA (SB) Estrella Makati",MMDA Road Safety Unit,,9950538e-41c2-4c13-bd54-834daddc0a86,2016-08-03,10:30:00,EDSA (SB) Buendia Ave. Makati,0,0,0,0,0,0,0,0,0,0,2016-08-03 18:30,Property,14.56002889,121.040751,Rear-End
None,EDSA,None,None,"No Accident Factor, Side Swipe, 0.0 drivers_injured, 0.0 drivers_killed, 0.0 passengers_injured, 0.0 passengers_killed, 0.0 pedestrian_injured, 0.0 pedestrian_killed, Fair (Day), EDSA (SB) Estrella St.  Makati",MMDA Road Safety Unit,,6beb7740-e324-4abb-89a1-e62a7d18359f,2016-08-03,08:00:00,EDSA (SB) Buendia Makati,0,0,0,0,0,0,0,0,0,0,2016-08-03 16:00,Property,14.56002889,121.040751,Side Swipe
None,EDSA,None,None,"No Accident Factor, No Collision Stated (based on Police Blotter Book), 0.0 drivers_injured, 0.0 drivers_killed, 0.0 passengers_injured, 0.0 passengers_killed, 0.0 pedestrian_injured, 0.0 pedestrian_killed, Fair (Day), EDSA (SB) Estrella St. Makati",MMDA Road Safety Unit,,cba7a5b9-54a6-49c7-a997-58a671a18dfb,2016-08-03,07:00:00,EDSA (SB) Buendia Makati,0,0,0,0,0,0,0,0,0,0,2016-08-03 15:00,Property,14.56002889,121.040751,No Collision Stated
None,EDSA,None,None,"No Accident Factor, No Collision Stated (based on Police Blotter Book), 0.0 drivers_injured, 0.0 drivers_killed, 0.0 passengers_injured, 0.0 passengers_killed, 0.0 pedestrian_injured, 0.0 pedestrian_killed, Fair (Day), EDSA (SB) Estrella St. Makati",MMDA Road Safety Unit,,92991f84-b117-4fb0-8687-7c963d322d11,2016-08-03,06:30:00,EDSA (SB) A. Arnaiz Ave.  Makati,0,0,0,0,0,0,0,0,0,0,2016-08-03 14:30,Property,14.56002889,121.040751,No Collision Stated
None,EDSA,None,None,"No Accident Factor, Side Swipe, 0.0 drivers_injured, 0.0 drivers_killed, 0.0 passengers_injured, 0.0 passengers_killed, 0.0 pedestrian_injured, 0.0 pedestrian_killed, Fair (Night), EDSA (SB) Magallanes Loading Bay Makati",MMDA Road Safety Unit,,874397b0-65bb-42a5-bd5f-6225601ed55f,2016-08-02,12:00:00,EDSA (SB) Pasay Road Makati,0,0,0,0,0,0,0,0,0,0,2016-08-02 20:00,Property,14.54282655,121.0202714,Side Swipe
None,EDSA,None,None,"No Accident Factor, Side Swipe, 0.0 drivers_injured, 0.0 drivers_killed, 0.0 passengers_injured, 0.0 passengers_killed, 0.0 pedestrian_injured, 0.0 pedestrian_killed, Fair (Day), EDSA (SB) Ayala Ave.  Makati",MMDA Road Safety Unit,,58e16e2b-0040-49e8-87cb-7da2d38e8af0,2016-08-02,09:30:00,EDSA (SB) Pasay Road Makati,0,0,0,0,0,0,0,0,0,0,2016-08-02 17:30,Property,14.55032185,121.0294221,Side Swipe
None,EDSA,None,None,"No Accident Factor, No Collision Stated (based on Police Blotter Book), 0.0 drivers_injured, 0.0 drivers_killed, 0.0 passengers_injured, 0.0 passengers_killed, 0.0 pedestrian_injured, 0.0 pedestrian_killed, Fair (Night), EDSA (SB) Estrella Makati",MMDA Road Safety Unit,,219e8ae2-260d-46b8-9854-e066145e2ae6,2016-08-01,12:45:00,EDSA (SB) Kalayaan Ave.  Makati,0,0,0,0,0,0,0,0,0,0,2016-08-01 20:45,Property,14.56002889,121.040751,No Collision Stated
None,EDSA,None,None,"No Accident Factor, Side Swipe, 0.0 drivers_injured, 0.0 drivers_killed, 0.0 passengers_injured, 0.0 passengers_killed, 0.0 pedestrian_injured, 0.0 pedestrian_killed, Fair (Day), EDSA (SB) Chino Roces Ave. Makati",MMDA Road Safety Unit,,1123d513-5115-4706-a57a-47e89818b578,2016-08-01,00:00:00,EDSA (SB) Before Estrella Loading Bay Makati,0,0,0,0,0,0,0,0,0,0,2016-08-01 8:00,Property,14.54137258,121.0182439,Side Swipe
None,EDSA,None,None,"No Accident Factor, Rear-end, 0.0 drivers_injured, 0.0 drivers_killed, 0.0 passengers_injured, 0.0 passengers_killed, 0.0 pedestrian_injured, 0.0 pedestrian_killed, Fair (Night), EDSA (SB) After A. Arnaiz Ave. Makati",MMDA Road Safety Unit,,4e75e1d6-ac60-4cca-9868-bbcf443b5e8c,2016-07-31,15:50:00,EDSA (SB) Buendia Ave. Makati,0,0,0,0,0,0,0,0,0,0,2016-07-31 23:50,Property,14.54740302,121.0262287,Rear-End
None,EDSA,None,None,"No Accident Factor, Side Swipe, 0.0 drivers_injured, 0.0 drivers_killed, 0.0 passengers_injured, 0.0 passengers_killed, 0.0 pedestrian_injured, 0.0 pedestrian_killed, Fair (Day), EDSA (SB) Buendia Ave. Makati",MMDA Road Safety Unit,,af529eac-5d03-4ccb-9c64-3316e104dc44,2016-07-31,08:00:00,EDSA (SB) Evangelista St. Makati,0,0,0,0,0,0,0,0,0,0,2016-07-31 16:00,Property,14.55505269,121.034707,Side Swipe
None,EDSA,None,None,"No Accident Factor, Rear-end, 0.0 drivers_injured, 0.0 drivers_killed, 0.0 passengers_injured, 0.0 passengers_killed, 0.0 pedestrian_injured, 0.0 pedestrian_killed, Fair (Day), EDSA (SB) Before Magallanes Loading Bay Makati",MMDA Road Safety Unit,,c539e889-c499-4f5a-829d-75789bd35cca,2016-07-30,05:00:00,EDSA (SB) Buendia Makati,0,0,0,0,0,0,0,0,0,0,2016-07-30 13:00,Property,14.54305474,121.0205369,Rear-End
None,EDSA,None,None,"No Accident Factor, Rear-end, 0.0 drivers_injured, 0.0 drivers_killed, 0.0 passengers_injured, 0.0 passengers_killed, 0.0 pedestrian_injured, 0.0 pedestrian_killed, Fair (Day), EDSA (SB) Buendia Ave. Makati",MMDA Road Safety Unit,,704fa914-272d-4f08-9742-3046e94527a5,2016-07-30,01:00:00,EDSA (SB) Buendia Makati,0,0,0,0,0,0,0,0,0,0,2016-07-30 9:00,Property,14.55505269,121.034707,Rear-End
None,EDSA,None,None,"No Accident Factor, Multiple Collision, 0.0 drivers_injured, 0.0 drivers_killed, 0.0 passengers_injured, 0.0 passengers_killed, 0.0 pedestrian_injured, 0.0 pedestrian_killed, Fair (Night), EDSA (SB) Buendia Makati",MMDA Road Safety Unit,,5b928a0e-6510-4400-a515-00d155333afb,2016-07-29,13:20:00,EDSA (SB) Estrella    Loading / Unloading Bay Makati,0,0,0,0,0,0,0,0,0,0,2016-07-29 21:20,Property,14.55505269,121.034707,Multiple
None,EDSA,None,None,"No Accident Factor, Side Swipe, 0.0 drivers_injured, 0.0 drivers_killed, 0.0 passengers_injured, 0.0 passengers_killed, 0.0 pedestrian_injured, 0.0 pedestrian_killed, Fair (Night), EDSA (SB) Buendia Makati",MMDA Road Safety Unit,,4fedb64d-1277-4353-ab42-17f3f7dd18da,2016-07-29,10:55:00,EDSA (SB) Ayala Ave.  Makati,0,0,0,0,0,0,0,0,0,0,2016-07-29 18:55,Property,14.55505269,121.034707,Side Swipe
None,EDSA,None,None,"No Accident Factor, Side Swipe, 0.0 drivers_injured, 0.0 drivers_killed, 0.0 passengers_injured, 0.0 passengers_killed, 0.0 pedestrian_injured, 0.0 pedestrian_killed, Fair (Night), EDSA (SB) A. Arnaiz Ave.  Makati",MMDA Road Safety Unit,,03c69eed-6cc9-416d-b454-7428a502d8d2,2016-07-29,10:25:00,EDSA (SB) A. Arnaiz Ave. Makati,0,0,0,0,0,0,0,0,0,0,2016-07-29 18:25,Property,14.54765031,121.0260523,Side Swipe
None,EDSA,None,None,"No Accident Factor, Side Swipe, 0.0 drivers_injured, 0.0 drivers_killed, 0.0 passengers_injured, 0.0 passengers_killed, 0.0 pedestrian_injured, 0.0 pedestrian_killed, Fair (Night), EDSA (SB) Pasay Road Makati",MMDA Road Safety Unit,,45c77839-89f4-4ab0-a621-7096e27efa07,2016-07-29,10:00:00,EDSA (SB) Estrella St. Makati,0,0,0,0,0,0,0,0,0,0,2016-07-29 18:00,Property,14.54756725,121.0259977,Side Swipe
None,EDSA,None,None,"No Accident Factor, Rear-end, 0.0 drivers_injured, 0.0 drivers_killed, 0.0 passengers_injured, 0.0 passengers_killed, 0.0 pedestrian_injured, 0.0 pedestrian_killed, Fair (Day), EDSA (SB) Pasay Road Makati",MMDA Road Safety Unit,,62b8cd51-648f-493d-aa8e-158de5dcf646,2016-07-29,08:00:00,EDSA (SB) Evangelista St.  Makati,0,0,0,0,0,0,0,0,0,0,2016-07-29 16:00,Property,14.54756725,121.0259977,Rear-End
None,EDSA,None,None,"No Accident Factor, Rear-end, 0.0 drivers_injured, 0.0 drivers_killed, 0.0 passengers_injured, 0.0 passengers_killed, 0.0 pedestrian_injured, 0.0 pedestrian_killed, Fair (Day), EDSA (SB) Kalayaan Ave.  Makati",MMDA Road Safety Unit,,c4483677-98b5-4fc0-8c79-de08711f0c9a,2016-07-29,02:25:00,EDSA (SB) Ayala Ave.  Makati,0,0,0,0,0,0,0,0,0,0,2016-07-29 10:25,Property,14.55774691,121.0380708,Rear-End
None,EDSA,None,None,"No Accident Factor, Side Swipe, 0.0 drivers_injured, 0.0 drivers_killed, 0.0 passengers_injured, 0.0 passengers_killed, 0.0 pedestrian_injured, 0.0 pedestrian_killed, Fair (Night), EDSA (SB) Before Estrella Loading Bay Makati",MMDA Road Safety Unit,,adacd942-3094-437f-ac27-271efd770601,2016-07-28,10:45:00,EDSA (SB) Buendia Loading / Unloading Bay Makati,0,0,0,0,0,0,0,0,0,0,2016-07-28 18:45,Property,14.56078858,121.0415299,Side Swipe
None,EDSA,None,None,"No Accident Factor, Side Swipe, 0.0 drivers_injured, 0.0 drivers_killed, 0.0 passengers_injured, 0.0 passengers_killed, 0.0 pedestrian_injured, 0.0 pedestrian_killed, Fair (Day), EDSA (SB) Buendia Ave. Makati",MMDA Road Safety Unit,,76ca3de2-4282-46eb-a36c-a115a75a1e54,2016-07-28,03:45:00,EDSA (SB) Buendia Ave. Makati,0,0,0,0,0,0,0,0,0,0,2016-07-28 11:45,Property,14.55505269,121.034707,Side Swipe
None,EDSA,None,None,"No Accident Factor, Rear-end, 0.0 drivers_injured, 0.0 drivers_killed, 0.0 passengers_injured, 0.0 passengers_killed, 0.0 pedestrian_injured, 0.0 pedestrian_killed, Fair (Day), EDSA (SB) Evangelista St. Makati",MMDA Road Safety Unit,,f4401a5c-386c-42c1-ab8c-d792046fb391,2016-07-26,05:20:00,EDSA (SB) Palm Drive Makati,0,0,0,0,0,0,0,0,0,0,2016-07-26 13:20,Property,14.53903137,121.0123272,Rear-End
None,EDSA,None,None,"No Accident Factor, Side Swipe, 0.0 drivers_injured, 0.0 drivers_killed, 0.0 passengers_injured, 0.0 passengers_killed, 0.0 pedestrian_injured, 0.0 pedestrian_killed, Fair (Day), EDSA (SB) Buendia Makati",MMDA Road Safety Unit,,5269d94f-d691-4e97-92e5-29770f8713ed,2016-07-26,00:55:00,EDSA (SB) Magallanes Loading Bay Makati,0,0,0,0,0,0,0,0,0,0,2016-07-26 8:55,Property,14.55505269,121.034707,Side Swipe
None,EDSA,None,None,"No Accident Factor, Side Swipe, 0.0 drivers_injured, 0.0 drivers_killed, 0.0 passengers_injured, 0.0 passengers_killed, 0.0 pedestrian_injured, 0.0 pedestrian_killed, Fair (Day), EDSA (SB) Buendia Makati",MMDA Road Safety Unit,,5f11fa63-1a4c-4cca-bab0-237d9a3ad098,2016-07-26,00:00:00,EDSA (SB) San Lorenzo Makati,0,0,0,0,0,0,0,0,0,0,2016-07-26 8:00,Property,14.55505269,121.034707,Side Swipe
None,EDSA,None,None,"No Accident Factor, Side Swipe, 0.0 drivers_injured, 0.0 drivers_killed, 0.0 passengers_injured, 0.0 passengers_killed, 0.0 pedestrian_injured, 0.0 pedestrian_killed, Fair (Day), EDSA (SB) Estrella    Loading / Unloading Bay Makati",MMDA Road Safety Unit,,8bf8e677-a58d-4891-9d7b-8296a04b17fd,2016-07-24,06:20:00,EDSA (SB) Estrella St. Makati,0,0,0,0,0,0,0,0,0,0,2016-07-24 14:20,Property,14.56058907,121.041404,Side Swipe
None,EDSA,None,None,"No Accident Factor, Side Swipe, 0.0 drivers_injured, 0.0 drivers_killed, 1.0 passengers_injured, 0.0 passengers_killed, 0.0 pedestrian_injured, 0.0 pedestrian_killed, Fair (Night), EDSA (SB) Ayala Ave.  Makati",MMDA Road Safety Unit,,e2792353-95ce-4f3c-836e-feebf49a5d1c,2016-07-23,15:30:00,EDSA (SB) Before Buendia Ave. Makati,0,0,0,0,1,0,0,0,0,1,2016-07-23 23:30,Injury,14.55032185,121.0294221,Side Swipe
None,EDSA,None,None,"No Accident Factor, Rear-end, 0.0 drivers_injured, 0.0 drivers_killed, 0.0 passengers_injured, 0.0 passengers_killed, 0.0 pedestrian_injured, 0.0 pedestrian_killed, Fair (Day), EDSA (SB) A. Arnaiz Ave. Makati",MMDA Road Safety Unit,,b2a92f36-8d9d-4bb7-aac3-f512d8ede76a,2016-07-23,01:00:00,EDSA (SB) Estrella St.  Makati,0,0,0,0,0,0,0,0,0,0,2016-07-23 9:00,Property,14.54765031,121.0260523,Rear-End
None,EDSA,None,None,"No Accident Factor, Hit Object (Barrier-Concrete), 0.0 drivers_injured, 0.0 drivers_killed, 0.0 passengers_injured, 0.0 passengers_killed, 0.0 pedestrian_injured, 0.0 pedestrian_killed, Fair (Night), EDSA (SB) Estrella St. Makati",MMDA Road Safety Unit,,3d94e6d5-1790-43cb-aba9-3d28532c2326,2016-07-22,18:00:00,EDSA (SB) Near Guadalupe Loading Bay Makati,0,0,0,0,0,0,0,0,0,0,2016-07-23 2:00,Property,14.56002889,121.040751,Hit Object
None,EDSA,None,None,"No Accident Factor, Side Swipe, 0.0 drivers_injured, 0.0 drivers_killed, 0.0 passengers_injured, 0.0 passengers_killed, 0.0 pedestrian_injured, 0.0 pedestrian_killed, Fair (Night), EDSA (SB) Evangelista St.  Makati",MMDA Road Safety Unit,,3f0cb707-27d5-4bb9-9d36-f5dd3d0e7051,2016-07-22,16:15:00,EDSA (SB) Guadalupe Bridge Makati,0,0,0,0,0,0,0,0,0,0,2016-07-23 0:15,Property,14.53903137,121.0123272,Side Swipe
None,EDSA,None,None,"No Accident Factor, Side Swipe, 0.0 drivers_injured, 0.0 drivers_killed, 0.0 passengers_injured, 0.0 passengers_killed, 0.0 pedestrian_injured, 0.0 pedestrian_killed, Fair (Day), EDSA (SB) Ayala Ave.  Makati",MMDA Road Safety Unit,,8dd56a22-b2c4-404b-a2b3-de420cc0b247,2016-07-22,09:00:00,EDSA (SB) Magallanes Interchange Entry Makati,0,0,0,0,0,0,0,0,0,0,2016-07-22 17:00,Property,14.55032185,121.0294221,Side Swipe
None,EDSA,None,None,"No Accident Factor, Other (Hit Veh. + Hit Obj.), 0.0 drivers_injured, 0.0 drivers_killed, 0.0 passengers_injured, 0.0 passengers_killed, 0.0 pedestrian_injured, 0.0 pedestrian_killed, Fair (Day), EDSA (SB) Buendia Loading / Unloading Bay Makati",MMDA Road Safety Unit,,78bfb2c7-8300-46f6-b6cf-bcf87eae7e89,2016-07-22,06:55:00,EDSA (SB) PET Plans Bldg. Makati,0,0,0,0,0,0,0,0,0,0,2016-07-22 14:55,Property,14.55405859,121.0336357,Hit Object
None,EDSA,None,None,"No Accident Factor, No Collision Stated (based on Police Blotter Book), 0.0 drivers_injured, 0.0 drivers_killed, 0.0 passengers_injured, 0.0 passengers_killed, 0.0 pedestrian_injured, 0.0 pedestrian_killed, Fair (Day), EDSA (SB) Buendia Ave. Makati",MMDA Road Safety Unit,,801658ae-67ca-4a0c-9090-ad434696e284,2016-07-22,06:55:00,"EDSA (SB) Loyola Memorial Park, Guadalupe Viejo Makati",0,0,0,0,0,0,0,0,0,0,2016-07-22 14:55,Property,14.55505269,121.034707,No Collision Stated
None,EDSA,None,None,"No Accident Factor, Rear-end, 0.0 drivers_injured, 0.0 drivers_killed, 0.0 passengers_injured, 0.0 passengers_killed, 0.0 pedestrian_injured, 0.0 pedestrian_killed, Fair (Day), EDSA (SB) Palm Drive Makati",MMDA Road Safety Unit,,5f71cb6e-8df6-4b12-8d8a-af3ddfb0f13e,2016-07-21,09:50:00,EDSA (SB) after Buendia Ave. Makati,0,0,0,0,0,0,0,0,0,0,2016-07-21 17:50,Property,14.54848063,121.0270791,Rear-End
None,EDSA,None,None,"No Accident Factor, Side Swipe, 0.0 drivers_injured, 0.0 drivers_killed, 0.0 passengers_injured, 0.0 passengers_killed, 0.0 pedestrian_injured, 0.0 pedestrian_killed, Fair (Day), EDSA (SB) Magallanes Loading Bay Makati",MMDA Road Safety Unit,,7550bab1-990a-4c69-8711-8880600b2c2f,2016-07-21,04:55:00,EDSA (SB) Estrella St. Makati,0,0,0,0,0,0,0,0,0,0,2016-07-21 12:55,Property,14.54282655,121.0202714,Side Swipe
None,EDSA,None,None,"No Accident Factor, Side Swipe, 0.0 drivers_injured, 0.0 drivers_killed, 0.0 passengers_injured, 0.0 passengers_killed, 0.0 pedestrian_injured, 0.0 pedestrian_killed, Fair (Day), EDSA (SB) San Lorenzo Makati",MMDA Road Safety Unit,,8956a1a8-f800-44a4-bd9b-2c46473127e3,2016-07-21,00:45:00,EDSA (SB) Estrella St.  Makati,0,0,0,0,0,0,0,0,0,0,2016-07-21 8:45,Property,14.5422524,121.0195278,Side Swipe
None,EDSA,None,None,"No Accident Factor, Hit and Run (Side Swipe), 0.0 drivers_injured, 0.0 drivers_killed, 0.0 passengers_injured, 0.0 passengers_killed, 0.0 pedestrian_injured, 0.0 pedestrian_killed, Fair (Night), EDSA (SB) Estrella St. Makati",MMDA Road Safety Unit,,e5708845-811d-4d5f-a0de-b626837d498a,2016-07-20,18:30:00,EDSA (SB) Ayala Ave.  Makati,0,0,0,0,0,0,0,0,0,0,2016-07-21 2:30,Property,14.56002889,121.040751,Side Swipe
None,EDSA,None,None,"No Accident Factor, Hit Object (Barrier-Concrete), 0.0 drivers_injured, 0.0 drivers_killed, 0.0 passengers_injured, 0.0 passengers_killed, 0.0 pedestrian_injured, 0.0 pedestrian_killed, Fair (Night), EDSA (SB) Before Buendia Ave. Makati",MMDA Road Safety Unit,,29c0aea7-55f0-48e7-b45c-3b6e1a5e222c,2016-07-19,17:20:00,EDSA (SB) Ayala Ave.  Makati,0,0,0,0,0,0,0,0,0,0,2016-07-20 1:20,Property,14.555472,121.035406,Hit Object
None,EDSA,None,None,"No Accident Factor, Rear-end, 0.0 drivers_injured, 0.0 drivers_killed, 0.0 passengers_injured, 0.0 passengers_killed, 0.0 pedestrian_injured, 0.0 pedestrian_killed, Fair (Day), EDSA (SB) Estrella St.  Makati",MMDA Road Safety Unit,,05337c39-511e-4af0-81c6-c16f109816ea,2016-07-19,05:45:00,EDSA (SB) after A. Arnaiz Ave. Makati,0,0,0,0,0,0,0,0,0,0,2016-07-19 13:45,Property,14.56002889,121.040751,Rear-End
None,EDSA,None,None,"No Accident Factor, Side Swipe, 1.0 drivers_injured, 0.0 drivers_killed, 0.0 passengers_injured, 0.0 passengers_killed, 0.0 pedestrian_injured, 0.0 pedestrian_killed, Fair (Day), EDSA (SB) Near Guadalupe Loading Bay Makati",MMDA Road Safety Unit,,73fa631f-a046-4480-be9c-7bc98810afed,2016-07-18,22:50:00,EDSA (SB) Ayala Ave.  Makati,0,0,0,1,0,0,0,0,0,1,2016-07-19 6:50,Injury,14.56459272,121.0446754,Side Swipe
None,EDSA,None,None,"No Accident Factor, Side Swipe, 0.0 drivers_injured, 0.0 drivers_killed, 0.0 passengers_injured, 0.0 passengers_killed, 0.0 pedestrian_injured, 0.0 pedestrian_killed, Fair (Day), EDSA (SB) Guadalupe Bridge Makati",MMDA Road Safety Unit,,8618a1f9-98b3-4426-89ec-b632a202b2fe,2016-07-18,09:45:00,EDSA (SB) Shell Gas Station-Buendia Makati,0,0,0,0,0,0,0,0,0,0,2016-07-18 17:45,Property,14.56802596,121.045885,Side Swipe
None,EDSA,None,None,"No Accident Factor, Side Swipe, 0.0 drivers_injured, 0.0 drivers_killed, 0.0 passengers_injured, 0.0 passengers_killed, 0.0 pedestrian_injured, 0.0 pedestrian_killed, Fair (Day), EDSA (SB) Magallanes Interchange Entry Makati",MMDA Road Safety Unit,,56121675-cb74-4616-b080-14918240f2b2,2016-07-18,09:30:00,EDSA (SB) Ayala Ave.  Makati,0,0,0,0,0,0,0,0,0,0,2016-07-18 17:30,Property,14.54028633,121.0167655,Side Swipe
None,EDSA,None,None,"No Accident Factor, Angle Impact, 0.0 drivers_injured, 0.0 drivers_killed, 0.0 passengers_injured, 0.0 passengers_killed, 0.0 pedestrian_injured, 0.0 pedestrian_killed, Fair (Day), EDSA (SB) PET Plans Bldg. Makati",MMDA Road Safety Unit,,35f2a274-af5a-45f5-8b5a-0fbd4c6b0398,2016-07-18,09:25:00,EDSA (SB) Estrella St. Makati,0,0,0,0,0,0,0,0,0,0,2016-07-18 17:25,Property,14.56191915,121.0429118,Angle Impact
None,EDSA,None,None,"No Accident Factor, Multiple Collision, 0.0 drivers_injured, 0.0 drivers_killed, 0.0 passengers_injured, 0.0 passengers_killed, 0.0 pedestrian_injured, 0.0 pedestrian_killed, Fair (Night), EDSA (SB) Loyola Memorial Park, Guadalupe Viejo Makati",MMDA Road Safety Unit,,3bc79077-908b-4760-a7bb-c1024a137439,2016-07-16,15:00:00,EDSA (SB) Estrella St. Makati,0,0,0,0,0,0,0,0,0,0,2016-07-16 23:00,Property,14.5653264,121.0449169,Multiple
None,EDSA,None,None,"No Accident Factor, Rear-end, 0.0 drivers_injured, 0.0 drivers_killed, 0.0 passengers_injured, 0.0 passengers_killed, 0.0 pedestrian_injured, 0.0 pedestrian_killed, Fair (Day), EDSA (SB) after Buendia Ave. Makati",MMDA Road Safety Unit,,9dfd853c-edf8-4933-b428-143f7fa21727,2016-07-16,04:00:00,EDSA (SB) West Cloverleaf Makati,0,0,0,0,0,0,0,0,0,0,2016-07-16 12:00,Property,14.55495937,121.0347012,Rear-End
None,EDSA,None,None,"No Accident Factor, Rear-end, 0.0 drivers_injured, 0.0 drivers_killed, 0.0 passengers_injured, 0.0 passengers_killed, 0.0 pedestrian_injured, 0.0 pedestrian_killed, Fair (Night), EDSA (SB) Estrella St. Makati",MMDA Road Safety Unit,,75321123-d86a-48a5-a265-24088e8b17a5,2016-07-15,19:55:00,EDSA (SB) Estrella St. Makati,0,0,0,0,0,0,0,0,0,0,2016-07-16 3:55,Property,14.56002889,121.040751,Rear-End
None,EDSA,None,None,"No Accident Factor, Side Swipe, 0.0 drivers_injured, 0.0 drivers_killed, 0.0 passengers_injured, 0.0 passengers_killed, 0.0 pedestrian_injured, 0.0 pedestrian_killed, Fair (Night), EDSA (SB) Estrella St.  Makati",MMDA Road Safety Unit,,9440c0cc-f5d3-4b98-b330-b1725d787901,2016-07-15,19:30:00,EDSA (SB) Evangelista St.  Makati,0,0,0,0,0,0,0,0,0,0,2016-07-16 3:30,Property,14.56002889,121.040751,Side Swipe