LOCATION_TEXT,ROAD,WEATHER,LIGHT,DESC,REPORTING_AGENCY,MAIN_CAUSE,INCIDENTDETAILS_ID,DATE_UTC,TIME_UTC,ADDRESS,killed_driver,killed_passenger,killed_pedestrian,injured_driver,injured_passenger,injured_pedestrian,killed_uncategorized,injured_uncategorized,killed_total,injured_total,DATETIME_PST,SEVERITY,Y,X,COLLISION_TYPE
None,EDSA,None,None,"No Accident Factor, Side Swipe, 0.0 drivers_injured, 0.0 drivers_killed, 0.0 passengers_injured, 0.0 passengers_killed, 0.0 pedestrian_injured, 0.0 pedestrian_killed, Fair (Night), EDSA (SB) Ayala Ave.  Makati",MMDA Road Safety Unit,,96c18551-57b7-48d3-bf3b-1660a9b2763c,2016-07-15,17:00:00,EDSA (SB) Evangelista St.  Makati,0,0,0,0,0,0,0,0,0,0,2016-07-16 1:00,Property,14.55032185,121.0294221,Side Swipe
None,EDSA,None,None,"No Accident Factor, Side Swipe, 0.0 drivers_injured, 0.0 drivers_killed, 0.0 passengers_injured, 0.0 passengers_killed, 0.0 pedestrian_injured, 0.0 pedestrian_killed, Fair (Day), EDSA (SB) Ayala Ave.  Makati",MMDA Road Safety Unit,,31eba670-457c-4922-816e-079a4bf8e8d7,2016-07-15,07:25:00,EDSA (SB) Evangelista St.  Makati,0,0,0,0,0,0,0,0,0,0,2016-07-15 15:25,Property,14.55032185,121.0294221,Side Swipe
None,EDSA,None,None,"No Accident Factor, Multiple Collision, 0.0 drivers_injured, 0.0 drivers_killed, 0.0 passengers_injured, 0.0 passengers_killed, 0.0 pedestrian_injured, 0.0 pedestrian_killed, Fair (Day), EDSA (SB) after A. Arnaiz Ave. Makati",MMDA Road Safety Unit,,11ab63ea-9cd6-4899-be93-60d42e5209df,2016-07-15,03:30:00,EDSA (SB) After A. Arnaiz Ave. Makati,0,0,0,0,0,0,0,0,0,0,2016-07-15 11:30,Property,14.54740302,121.0262287,Multiple
None,EDSA,None,None,"No Accident Factor, Side Swipe, 0.0 drivers_injured, 0.0 drivers_killed, 0.0 passengers_injured, 0.0 passengers_killed, 0.0 pedestrian_injured, 0.0 pedestrian_killed, Fair (Day), EDSA (SB) Ayala Ave.  Makati",MMDA Road Safety Unit,,336b3e8c-f3b2-481a-8bd3-1417e89b996d,2016-07-14,23:20:00,EDSA (SB) A. Arnaiz Ave. Makati,0,0,0,0,0,0,0,0,0,0,2016-07-15 7:20,Property,14.55032185,121.0294221,Side Swipe
None,EDSA,None,None,"No Accident Factor, Rear-end, 0.0 drivers_injured, 0.0 drivers_killed, 0.0 passengers_injured, 0.0 passengers_killed, 0.0 pedestrian_injured, 0.0 pedestrian_killed, Fair (Day), EDSA (SB) Shell Gas Station-Buendia Makati",MMDA Road Safety Unit,,ef60a8c4-60a1-4493-8d2e-95f1f1301be6,2016-07-14,02:55:00,EDSA (SB) Ayala Ave. Makati,0,0,0,0,0,0,0,0,0,0,2016-07-14 10:55,Property,14.55547546,121.0352249,Rear-End
None,EDSA,None,None,"No Accident Factor, Rear-end, 0.0 drivers_injured, 0.0 drivers_killed, 0.0 passengers_injured, 0.0 passengers_killed, 0.0 pedestrian_injured, 0.0 pedestrian_killed, Fair (Day), EDSA (SB) Ayala Ave.  Makati",MMDA Road Safety Unit,,ce1aa76b-a673-49b9-98c0-e1b75b09fe57,2016-07-12,03:50:00,"EDSA (SB) ""U"" turn slot, Buendia Ave. Makati",0,0,0,0,0,0,0,0,0,0,2016-07-12 11:50,Property,14.55032185,121.0294221,Rear-End
None,EDSA,None,None,"No Accident Factor, Side Swipe, 0.0 drivers_injured, 0.0 drivers_killed, 0.0 passengers_injured, 0.0 passengers_killed, 0.0 pedestrian_injured, 0.0 pedestrian_killed, Fair (Day), EDSA (SB) Estrella St. Makati",MMDA Road Safety Unit,,16572ee6-61b1-4182-b744-9def2bd9c923,2016-07-12,01:00:00,EDSA (SB) Buendia Ave. Makati,0,0,0,0,0,0,0,0,0,0,2016-07-12 9:00,Property,14.56002889,121.040751,Side Swipe
None,EDSA,None,None,"No Accident Factor, Angle Impact, 0.0 drivers_injured, 0.0 drivers_killed, 0.0 passengers_injured, 0.0 passengers_killed, 0.0 pedestrian_injured, 0.0 pedestrian_killed, Fair (Night), EDSA (SB) Estrella St. Makati",MMDA Road Safety Unit,,3e3bae24-4e65-4e1c-8da9-77ecd864f09e,2016-07-11,21:00:00,EDSA (SB) Buendia Makati,0,0,0,0,0,0,0,0,0,0,2016-07-12 5:00,Property,14.56002889,121.040751,Angle Impact
None,EDSA,None,None,"No Accident Factor, Side Swipe, 0.0 drivers_injured, 0.0 drivers_killed, 0.0 passengers_injured, 0.0 passengers_killed, 0.0 pedestrian_injured, 0.0 pedestrian_killed, Fair (Day), EDSA (SB) West Cloverleaf Makati",MMDA Road Safety Unit,,b35b5a71-d605-41a3-a94d-8d77d0d499b4,2016-07-11,05:00:00,EDSA (SB) Guadalupe Bridge Makati,0,0,0,0,0,0,0,0,0,0,2016-07-11 13:00,Property,14.56779247,121.0455985,Side Swipe
None,EDSA,None,None,"No Accident Factor, Angle Impact, 0.0 drivers_injured, 0.0 drivers_killed, 0.0 passengers_injured, 0.0 passengers_killed, 0.0 pedestrian_injured, 0.0 pedestrian_killed, Fair (Day), EDSA (SB) Estrella St. Makati",MMDA Road Safety Unit,,a73c5f58-b105-4c5d-a81c-7b11db021e10,2016-07-10,01:45:00,EDSA (SB) Estrella St. Makati,0,0,0,0,0,0,0,0,0,0,2016-07-10 9:45,Property,14.56002889,121.040751,Angle Impact
None,EDSA,None,None,"No Accident Factor, Rear-end, 0.0 drivers_injured, 0.0 drivers_killed, 0.0 passengers_injured, 0.0 passengers_killed, 0.0 pedestrian_injured, 0.0 pedestrian_killed, Fair (Night), EDSA (SB) Evangelista St.  Makati",MMDA Road Safety Unit,,cad62daf-503b-4a16-bfad-25fcefbe5e3b,2016-07-09,18:00:00,EDSA (SB) Buendia Ave. Makati,0,0,0,0,0,0,0,0,0,0,2016-07-10 2:00,Property,14.53903137,121.0123272,Rear-End
None,EDSA,None,None,"No Accident Factor, Self-Accident, 0.0 drivers_injured, 0.0 drivers_killed, 0.0 passengers_injured, 0.0 passengers_killed, 0.0 pedestrian_injured, 0.0 pedestrian_killed, Fair (Night), EDSA (SB) Evangelista St.  Makati",MMDA Road Safety Unit,,94216885-6479-4655-9144-5cc083afaa32,2016-07-09,17:55:00,EDSA (SB) Before Buendia Shell Gas Station Makati,0,0,0,0,0,0,0,0,0,0,2016-07-10 1:55,Property,14.53903137,121.0123272,Self-Accident
None,EDSA,None,None,"No Accident Factor, Rear-end, 0.0 drivers_injured, 0.0 drivers_killed, 0.0 passengers_injured, 0.0 passengers_killed, 0.0 pedestrian_injured, 0.0 pedestrian_killed, Fair (Night), EDSA (SB) Evangelista St.  Makati",MMDA Road Safety Unit,,926b055d-60a1-49b6-ae29-fac77f984a5e,2016-07-09,17:55:00,EDSA (SB) Bernardino St. Makati,0,0,0,0,0,0,0,0,0,0,2016-07-10 1:55,Property,14.53903137,121.0123272,Rear-End
None,EDSA,None,None,"No Accident Factor, Side Swipe, 0.0 drivers_injured, 0.0 drivers_killed, 0.0 passengers_injured, 0.0 passengers_killed, 0.0 pedestrian_injured, 0.0 pedestrian_killed, Fair (Night), EDSA (SB) After A. Arnaiz Ave. Makati",MMDA Road Safety Unit,,80ef2406-52e3-4408-a679-d17b69a13bb0,2016-07-09,10:30:00,EDSA (SB) Estrella Makati,0,0,0,0,0,0,0,0,0,0,2016-07-09 18:30,Property,14.54740302,121.0262287,Side Swipe
None,EDSA,None,None,"No Accident Factor, Rear-end, 0.0 drivers_injured, 0.0 drivers_killed, 0.0 passengers_injured, 0.0 passengers_killed, 0.0 pedestrian_injured, 0.0 pedestrian_killed, Fair (Night), EDSA (SB) A. Arnaiz Ave. Makati",MMDA Road Safety Unit,,bfb9aa3b-d5f6-48b5-a021-235c70b0e636,2016-07-08,12:55:00,EDSA (SB) Guadalupe MRT Station Makati,0,0,0,0,0,0,0,0,0,0,2016-07-08 20:55,Property,14.54765031,121.0260523,Rear-End
None,EDSA,None,None,"No Accident Factor, Side Swipe, 0.0 drivers_injured, 0.0 drivers_killed, 0.0 passengers_injured, 0.0 passengers_killed, 0.0 pedestrian_injured, 0.0 pedestrian_killed, Fair (Day), EDSA (SB) Ayala Ave. Makati",MMDA Road Safety Unit,,f4ff2a2d-66a9-4f09-aa91-c8ea266314e6,2016-07-08,09:55:00,EDSA (SB) Ayala Ave. Service Road Makati,0,0,0,0,0,0,0,0,0,0,2016-07-08 17:55,Property,14.55022912,121.0292348,Side Swipe
None,EDSA,None,None,"No Accident Factor, Side Swipe, 0.0 drivers_injured, 0.0 drivers_killed, 0.0 passengers_injured, 0.0 passengers_killed, 0.0 pedestrian_injured, 0.0 pedestrian_killed, Fair (Day), EDSA (SB) ""U"" turn slot, Buendia Ave. Makati",MMDA Road Safety Unit,,7d5625a4-9044-464b-bc67-970368d7ee2d,2016-07-07,23:05:00,EDSA (SB) Estrella Makati,0,0,0,0,0,0,0,0,0,0,2016-07-08 7:05,Property,14.55533419,121.0354546,Side Swipe
None,EDSA,None,None,"No Accident Factor, Side Swipe, 0.0 drivers_injured, 0.0 drivers_killed, 0.0 passengers_injured, 0.0 passengers_killed, 0.0 pedestrian_injured, 0.0 pedestrian_killed, Fair (Night), EDSA (SB) Buendia Ave. Makati",MMDA Road Safety Unit,,ccc7a06a-b34e-4305-ad85-35f86ea0aff4,2016-07-07,20:45:00,EDSA (SB) Estrella St. Makati,0,0,0,0,0,0,0,0,0,0,2016-07-08 4:45,Property,14.55505269,121.034707,Side Swipe
None,EDSA,None,None,"No Accident Factor, Side Swipe, 0.0 drivers_injured, 0.0 drivers_killed, 0.0 passengers_injured, 0.0 passengers_killed, 0.0 pedestrian_injured, 0.0 pedestrian_killed, Fair (Night), EDSA (SB) Buendia Makati",MMDA Road Safety Unit,,671ce0e9-1672-43e8-90af-cd3c49ce6a98,2016-07-07,11:30:00,EDSA (SB) Buendia Ave. Makati,0,0,0,0,0,0,0,0,0,0,2016-07-07 19:30,Property,14.55505269,121.034707,Side Swipe
None,EDSA,None,None,"No Accident Factor, Side Swipe, 0.0 drivers_injured, 0.0 drivers_killed, 0.0 passengers_injured, 0.0 passengers_killed, 0.0 pedestrian_injured, 0.0 pedestrian_killed, Fair (Day), EDSA (SB) Guadalupe Bridge Makati",MMDA Road Safety Unit,,96e4b7e1-e5b4-4157-8684-7f48246daa3e,2016-07-07,07:30:00,"EDSA (SB) before Guadalupe Bridge, Guadalupe Makati",0,0,0,0,0,0,0,0,0,0,2016-07-07 15:30,Property,14.56802596,121.045885,Side Swipe
None,EDSA,None,None,"No Accident Factor, Rear-end, 0.0 drivers_injured, 0.0 drivers_killed, 0.0 passengers_injured, 0.0 passengers_killed, 0.0 pedestrian_injured, 0.0 pedestrian_killed, Fair (Day), EDSA (SB) Estrella St. Makati",MMDA Road Safety Unit,,9b61c2a3-f4be-4b5f-a465-c5b604a0f47b,2016-07-07,02:25:00,EDSA (SB) Evangelista St. Makati,0,0,0,0,0,0,0,0,0,0,2016-07-07 10:25,Property,14.56002889,121.040751,Rear-End
None,EDSA,None,None,"No Accident Factor, No Collision Stated (based on Police Blotter Book), 0.0 drivers_injured, 0.0 drivers_killed, 0.0 passengers_injured, 0.0 passengers_killed, 0.0 pedestrian_injured, 0.0 pedestrian_killed, Fair (Day), EDSA (SB) Buendia Ave. Makati",MMDA Road Safety Unit,,a73c1cc8-7d64-4274-9e21-4884d3013550,2016-07-07,00:15:00,EDSA (SB) Before Magallanes Interchange Makati,0,0,0,0,0,0,0,0,0,0,2016-07-07 8:15,Property,14.55505269,121.034707,No Collision Stated
None,EDSA,None,None,"No Accident Factor, Rear-end, 0.0 drivers_injured, 0.0 drivers_killed, 0.0 passengers_injured, 0.0 passengers_killed, 0.0 pedestrian_injured, 0.0 pedestrian_killed, Fair (Day), EDSA (SB) Before Buendia Shell Gas Station Makati",MMDA Road Safety Unit,,2177de8a-3800-4fb8-9cd0-adf95114773d,2016-07-06,23:30:00,EDSA (SB) Buendia Ave.  Makati,0,0,0,0,0,0,0,0,0,0,2016-07-07 7:30,Property,14.55529648,121.0350049,Rear-End
None,EDSA,None,None,"No Accident Factor, Hit Object (Lane Separator), 0.0 drivers_injured, 0.0 drivers_killed, 0.0 passengers_injured, 0.0 passengers_killed, 0.0 pedestrian_injured, 0.0 pedestrian_killed, Fair (Night), EDSA (SB) Bernardino St. Makati",MMDA Road Safety Unit,,aaf4749d-972c-4a35-b99b-e218b2848027,2016-07-06,18:45:00,"EDSA (SB) Shell, Buendia Ave. Makati",0,0,0,0,0,0,0,0,0,0,2016-07-07 2:45,Property,14.5656985,121.0450952,Hit Object
None,EDSA,None,None,"No Accident Factor, Rear-end, 0.0 drivers_injured, 0.0 drivers_killed, 0.0 passengers_injured, 0.0 passengers_killed, 0.0 pedestrian_injured, 0.0 pedestrian_killed, Fair (Night), EDSA (SB) Estrella Makati",MMDA Road Safety Unit,,48266b79-e2a1-4bec-a316-05c23f697ed1,2016-07-05,12:30:00,EDSA (SB) Buendia Ave.  Makati,0,0,0,0,0,0,0,0,0,0,2016-07-05 20:30,Property,14.56002889,121.040751,Rear-End
None,EDSA,None,None,"No Accident Factor, Hit and Run (Side Swipe), 0.0 drivers_injured, 0.0 drivers_killed, 0.0 passengers_injured, 0.0 passengers_killed, 0.0 pedestrian_injured, 0.0 pedestrian_killed, Fair (Night), EDSA (SB) Guadalupe MRT Station Makati",MMDA Road Safety Unit,,091d8697-286d-42bc-9c0d-cf86c0a6eae0,2016-07-05,11:45:00,EDSA (SB) Buendia Ave.  Makati,0,0,0,0,0,0,0,0,0,0,2016-07-05 19:45,Property,14.5665734,121.0453551,Side Swipe
None,EDSA,None,None,"No Accident Factor, Self-Accident, 1.0 drivers_injured, 0.0 drivers_killed, 0.0 passengers_injured, 0.0 passengers_killed, 0.0 pedestrian_injured, 0.0 pedestrian_killed, Fair (Night), EDSA (SB) Ayala Ave. Service Road Makati",MMDA Road Safety Unit,,67e98581-4eaf-4c47-afb6-1842c1af6c55,2016-07-05,11:35:00,EDSA (SB) Ayala Ave. Makati,0,0,0,1,0,0,0,0,0,1,2016-07-05 19:35,Injury,14.54831863,121.0268667,Self-Accident
None,EDSA,None,None,"No Accident Factor, Side Swipe, 0.0 drivers_injured, 0.0 drivers_killed, 0.0 passengers_injured, 0.0 passengers_killed, 0.0 pedestrian_injured, 0.0 pedestrian_killed, Fair (Night), EDSA (SB) Estrella Makati",MMDA Road Safety Unit,,70146b20-e961-4519-8fe7-f4389fb6c77d,2016-07-05,11:30:00,EDSA (SB) Ayala Ave. Makati,0,0,0,0,0,0,0,0,0,0,2016-07-05 19:30,Property,14.56002889,121.040751,Side Swipe
None,EDSA,None,None,"No Accident Factor, Side Swipe, 0.0 drivers_injured, 0.0 drivers_killed, 0.0 passengers_injured, 0.0 passengers_killed, 0.0 pedestrian_injured, 0.0 pedestrian_killed, Fair (Day), EDSA (SB) Estrella St. Makati",MMDA Road Safety Unit,,24b9e73d-62fa-4374-8e42-96db92199ab5,2016-07-05,09:55:00,EDSA (SB) Buendia Loading / Unloading Bay Makati,0,0,0,0,0,0,0,0,0,0,2016-07-05 17:55,Property,14.56002889,121.040751,Side Swipe
None,EDSA,None,None,"No Accident Factor, Side Swipe, 0.0 drivers_injured, 0.0 drivers_killed, 0.0 passengers_injured, 0.0 passengers_killed, 0.0 pedestrian_injured, 0.0 pedestrian_killed, Fair (Day), EDSA (SB) Buendia Ave. Makati",MMDA Road Safety Unit,,b1c8faaa-a0b3-4504-a4ae-e32e70ad114e,2016-07-05,09:15:00,EDSA (SB) Magallanes Loading / Unloading Bay Makati,0,0,0,0,0,0,0,0,0,0,2016-07-05 17:15,Property,14.55505269,121.034707,Side Swipe
None,EDSA,None,None,"No Accident Factor, No Collision Stated (based on Police Blotter Book), 1.0 drivers_injured, 0.0 drivers_killed, 0.0 passengers_injured, 0.0 passengers_killed, 0.0 pedestrian_injured, 0.0 pedestrian_killed, Fair (Day), EDSA (SB) before Guadalupe Bridge, Guadalupe Makati",MMDA Road Safety Unit,,c6b53b3e-6103-41e1-931a-2ff47e433a49,2016-07-05,07:45:00,EDSA (SB) Ayala Makati,0,0,0,1,0,0,0,0,0,1,2016-07-05 15:45,Injury,14.56901524,121.0459989,No Collision Stated
None,EDSA,None,None,"No Accident Factor, Side Swipe, 0.0 drivers_injured, 0.0 drivers_killed, 0.0 passengers_injured, 0.0 passengers_killed, 0.0 pedestrian_injured, 0.0 pedestrian_killed, Fair (Day), EDSA (SB) Evangelista St. Makati",MMDA Road Safety Unit,,c80bac3f-4120-46df-a888-0120fcf15eb8,2016-07-05,03:25:00,EDSA (SB) Ayala Makati,0,0,0,0,0,0,0,0,0,0,2016-07-05 11:25,Property,14.53903137,121.0123272,Side Swipe
None,EDSA,None,None,"No Accident Factor, Side Swipe, 0.0 drivers_injured, 0.0 drivers_killed, 0.0 passengers_injured, 0.0 passengers_killed, 0.0 pedestrian_injured, 0.0 pedestrian_killed, Fair (Day), EDSA (SB) Before Magallanes Interchange Makati",MMDA Road Safety Unit,,d64e7ec4-8bcd-473c-b071-040d0d21e20e,2016-07-02,07:35:00,EDSA (SB) Buendia Makati,0,0,0,0,0,0,0,0,0,0,2016-07-02 15:35,Property,14.54241081,121.0197643,Side Swipe
None,EDSA,None,None,"No Accident Factor, Rear-end, 0.0 drivers_injured, 0.0 drivers_killed, 0.0 passengers_injured, 0.0 passengers_killed, 0.0 pedestrian_injured, 0.0 pedestrian_killed, Fair (Day), EDSA (SB) Buendia Ave.  Makati",MMDA Road Safety Unit,,6bfee734-373b-447c-b0cb-c0a4cb29f472,2016-07-01,04:30:00,EDSA (SB) MMDA Bldg. Makati,0,0,0,0,0,0,0,0,0,0,2016-07-01 12:30,Property,14.55505269,121.034707,Rear-End
None,EDSA,None,None,"No Accident Factor, Rear-end, 0.0 drivers_injured, 0.0 drivers_killed, 0.0 passengers_injured, 0.0 passengers_killed, 0.0 pedestrian_injured, 0.0 pedestrian_killed, Fair (Day), EDSA (SB) Shell, Buendia Ave. Makati",MMDA Road Safety Unit,,424ed0f6-058e-41e7-ad35-da1ec02e5a4a,2016-07-01,04:05:00,EDSA (SB) Before Ayala Ave. Makati,0,0,0,0,0,0,0,0,0,0,2016-07-01 12:05,Property,14.55547546,121.0352249,Rear-End
None,EDSA,None,None,"No Accident Factor, Side Swipe, 0.0 drivers_injured, 0.0 drivers_killed, 0.0 passengers_injured, 0.0 passengers_killed, 0.0 pedestrian_injured, 0.0 pedestrian_killed, Fair (Day), EDSA (SB) Buendia Ave.  Makati",MMDA Road Safety Unit,,4d494cbb-7ad6-43e5-a81d-8b54bfe72e89,2016-06-30,07:35:00,EDSA (SB) Ayala Ave. Makati,0,0,0,0,0,0,0,0,0,0,2016-06-30 15:35,Property,14.55505269,121.034707,Side Swipe
None,EDSA,None,None,"No Accident Factor, Side Swipe, 0.0 drivers_injured, 0.0 drivers_killed, 0.0 passengers_injured, 0.0 passengers_killed, 0.0 pedestrian_injured, 0.0 pedestrian_killed, Fair (Day), EDSA (SB) Buendia Ave.  Makati",MMDA Road Safety Unit,,e6a6285c-91c3-413f-9be9-0d5c3ff59c26,2016-06-30,07:10:00,EDSA (SB) Guadalupe MRT Station Makati,0,0,0,0,0,0,0,0,0,0,2016-06-30 15:10,Property,14.55505269,121.034707,Side Swipe
None,EDSA,None,None,"No Accident Factor, Side Swipe, 1.0 drivers_injured, 0.0 drivers_killed, 0.0 passengers_injured, 0.0 passengers_killed, 0.0 pedestrian_injured, 0.0 pedestrian_killed, Fair (Day), EDSA (SB) Ayala Ave. Makati",MMDA Road Safety Unit,,ee56a597-07c3-4403-9649-738536df8a13,2016-06-28,22:05:00,EDSA (SB) Sen. Gil Puyat Ave. Makati,0,0,0,1,0,0,0,0,0,1,2016-06-29 6:05,Injury,14.55022912,121.0292348,Side Swipe
None,EDSA,None,None,"No Accident Factor, Side Swipe, 0.0 drivers_injured, 0.0 drivers_killed, 0.0 passengers_injured, 0.0 passengers_killed, 0.0 pedestrian_injured, 0.0 pedestrian_killed, Fair (Night), EDSA (SB) Ayala Ave. Makati",MMDA Road Safety Unit,,ce936393-c713-4978-944a-e4204c12e115,2016-06-28,11:55:00,EDSA (SB) Ayala Makati,0,0,0,0,0,0,0,0,0,0,2016-06-28 19:55,Property,14.55022912,121.0292348,Side Swipe
None,EDSA,None,None,"No Accident Factor, Side Swipe, 0.0 drivers_injured, 0.0 drivers_killed, 0.0 passengers_injured, 0.0 passengers_killed, 0.0 pedestrian_injured, 0.0 pedestrian_killed, Fair (Night), EDSA (SB) Buendia Loading / Unloading Bay Makati",MMDA Road Safety Unit,,19618976-e3ea-4cce-82e0-84f93daa605f,2016-06-28,10:35:00,EDSA (SB) Ayala Loading Bay Makati,0,0,0,0,0,0,0,0,0,0,2016-06-28 18:35,Property,14.55405859,121.0336357,Side Swipe
None,EDSA,None,None,"No Accident Factor, Side Swipe, 0.0 drivers_injured, 0.0 drivers_killed, 0.0 passengers_injured, 0.0 passengers_killed, 0.0 pedestrian_injured, 0.0 pedestrian_killed, Fair (Day), EDSA (SB) Magallanes Loading / Unloading Bay Makati",MMDA Road Safety Unit,,1ef2d674-53d9-4465-8eda-d81fa467e446,2016-06-28,08:35:00,EDSA (SB) Buendia MRT Station Makati,0,0,0,0,0,0,0,0,0,0,2016-06-28 16:35,Property,14.54282655,121.0202714,Side Swipe
None,EDSA,None,None,"No Accident Factor, Side Swipe, 0.0 drivers_injured, 0.0 drivers_killed, 0.0 passengers_injured, 0.0 passengers_killed, 0.0 pedestrian_injured, 0.0 pedestrian_killed, Fair (Day), EDSA (SB) Ayala Makati",MMDA Road Safety Unit,,4c9189e7-6cd7-42eb-b641-363cf86c817c,2016-06-28,06:40:00,EDSA (SB) Buendia Shell Gas Station Makati,0,0,0,0,0,0,0,0,0,0,2016-06-28 14:40,Property,14.54918586,121.0279716,Side Swipe
None,EDSA,None,None,"No Accident Factor, Rear-end, 0.0 drivers_injured, 0.0 drivers_killed, 0.0 passengers_injured, 0.0 passengers_killed, 0.0 pedestrian_injured, 0.0 pedestrian_killed, Fair (Night), EDSA (SB) Ayala Makati",MMDA Road Safety Unit,,d0b138bb-e65e-4a5f-8abd-119eff0cf6c2,2016-06-27,12:15:00,EDSA (SB) Ayala Ave. Makati,0,0,0,0,0,0,0,0,0,0,2016-06-27 20:15,Property,14.54918586,121.0279716,Rear-End
None,EDSA,None,None,"No Accident Factor, Side Swipe, 0.0 drivers_injured, 0.0 drivers_killed, 0.0 passengers_injured, 0.0 passengers_killed, 0.0 pedestrian_injured, 0.0 pedestrian_killed, Fair (Day), EDSA (SB) Buendia Makati",MMDA Road Safety Unit,,c1031586-682c-4ca2-8f1e-3b9a2d04b944,2016-06-27,09:30:00,EDSA (SB) Guadalupe Loading Bay Makati,0,0,0,0,0,0,0,0,0,0,2016-06-27 17:30,Property,14.55505269,121.034707,Side Swipe
None,EDSA,None,None,"No Accident Factor, Side Swipe, 0.0 drivers_injured, 0.0 drivers_killed, 0.0 passengers_injured, 0.0 passengers_killed, 0.0 pedestrian_injured, 0.0 pedestrian_killed, Fair (Day), EDSA (SB) MMDA Bldg. Makati",MMDA Road Safety Unit,,313b1d7c-7ccf-4099-b157-db81f69d4bba,2016-06-27,01:25:00,EDSA (SB) Buendia Ave. Makati,0,0,0,0,0,0,0,0,0,0,2016-06-27 9:25,Property,14.56140321,121.042688,Side Swipe
None,EDSA,None,None,"No Accident Factor, Side Swipe, 0.0 drivers_injured, 0.0 drivers_killed, 0.0 passengers_injured, 0.0 passengers_killed, 0.0 pedestrian_injured, 0.0 pedestrian_killed, Fair (Day), EDSA (SB) Before Ayala Ave. Makati",MMDA Road Safety Unit,,ab28dc2d-9a30-4297-bbeb-014a036b33dc,2016-06-27,01:20:00,EDSA (SB) Buendia Ave. Makati,0,0,0,0,0,0,0,0,0,0,2016-06-27 9:20,Property,14.55063226,121.0295437,Side Swipe
None,EDSA,None,None,"No Accident Factor, Side Swipe, 0.0 drivers_injured, 0.0 drivers_killed, 0.0 passengers_injured, 0.0 passengers_killed, 0.0 pedestrian_injured, 0.0 pedestrian_killed, Fair (Day), EDSA (SB) Ayala Ave. Makati",MMDA Road Safety Unit,,e211ccba-f687-402c-b0aa-3ab0eaabaddc,2016-06-27,01:00:00,EDSA (SB) Guadalupe Loading Bay Makati,0,0,0,0,0,0,0,0,0,0,2016-06-27 9:00,Property,14.55022912,121.0292348,Side Swipe
None,EDSA,None,None,"No Accident Factor, Rear-end, 0.0 drivers_injured, 0.0 drivers_killed, 0.0 passengers_injured, 0.0 passengers_killed, 0.0 pedestrian_injured, 0.0 pedestrian_killed, Fair (Day), EDSA (SB) Guadalupe MRT Station Makati",MMDA Road Safety Unit,,72f2755b-1b43-4571-a2a6-e1d7a93f87e0,2016-06-27,00:25:00,EDSA (SB) Evangelista St. Makati,0,0,0,0,0,0,0,0,0,0,2016-06-27 8:25,Property,14.5665734,121.0453551,Rear-End
None,EDSA,None,None,"No Accident Factor, Rear-end, 0.0 drivers_injured, 0.0 drivers_killed, 0.0 passengers_injured, 0.0 passengers_killed, 0.0 pedestrian_injured, 0.0 pedestrian_killed, Fair (Day), EDSA (SB) Sen. Gil Puyat Ave. Makati",MMDA Road Safety Unit,,f44cef6b-dbde-485e-a9f4-48d7015ee91f,2016-06-26,08:10:00,EDSA (SB) Estrella St. Makati,0,0,0,0,0,0,0,0,0,0,2016-06-26 16:10,Property,14.55496432,121.0348612,Rear-End
None,EDSA,None,None,"No Accident Factor, Rear-end, 0.0 drivers_injured, 0.0 drivers_killed, 0.0 passengers_injured, 0.0 passengers_killed, 0.0 pedestrian_injured, 0.0 pedestrian_killed, Fair (Day), EDSA (SB) Ayala Makati",MMDA Road Safety Unit,,06c56110-edea-46f1-82b4-c72a44a3e0f0,2016-06-26,07:30:00,EDSA (SB) Estrella St. Makati,0,0,0,0,0,0,0,0,0,0,2016-06-26 15:30,Property,14.54918586,121.0279716,Rear-End
None,EDSA,None,None,"No Accident Factor, Side Swipe, 0.0 drivers_injured, 0.0 drivers_killed, 0.0 passengers_injured, 0.0 passengers_killed, 0.0 pedestrian_injured, 0.0 pedestrian_killed, Fair (Day), EDSA (SB) Ayala Loading Bay Makati",MMDA Road Safety Unit,,ae96ab2c-6dd1-41b1-b73d-2fcc140723e9,2016-06-26,03:15:00,EDSA (SB) Buendia Ave. Makati,0,0,0,0,0,0,0,0,0,0,2016-06-26 11:15,Property,14.54886,121.0276063,Side Swipe
None,EDSA,None,None,"No Accident Factor, Side Swipe, 0.0 drivers_injured, 0.0 drivers_killed, 0.0 passengers_injured, 0.0 passengers_killed, 0.0 pedestrian_injured, 0.0 pedestrian_killed, Fair (Day), EDSA (SB) Buendia MRT Station Makati",MMDA Road Safety Unit,,93b80955-039c-453c-86e2-d4a8b18b83c3,2016-06-22,22:15:00,"EDSA (SB) Magallanes, MRT Station Makati",0,0,0,0,0,0,0,0,0,0,2016-06-23 6:15,Property,14.55421358,121.03387,Side Swipe
None,EDSA,None,None,"No Accident Factor, Rear-end, 0.0 drivers_injured, 0.0 drivers_killed, 0.0 passengers_injured, 0.0 passengers_killed, 0.0 pedestrian_injured, 0.0 pedestrian_killed, Fair (Night), EDSA (SB) Buendia Shell Gas Station Makati",MMDA Road Safety Unit,,c5ac2824-9d22-4613-a1a1-91ffeda24513,2016-06-22,21:00:00,EDSA (SB) Ayala Ave. Makati,0,0,0,0,0,0,0,0,0,0,2016-06-23 5:00,Property,14.5553137,121.0350386,Rear-End
None,EDSA,None,None,"No Accident Factor, No Collision Stated (based on Police Blotter Book), 0.0 drivers_injured, 0.0 drivers_killed, 0.0 passengers_injured, 0.0 passengers_killed, 0.0 pedestrian_injured, 0.0 pedestrian_killed, Fair (Night), EDSA (SB) Ayala Ave. Makati",MMDA Road Safety Unit,,07267582-1c8e-4339-80cb-5314ea9b1693,2016-06-22,11:50:00,EDSA (SB) South Superhighway Makati,0,0,0,0,0,0,0,0,0,0,2016-06-22 19:50,Property,14.55022912,121.0292348,No Collision Stated
None,EDSA,None,None,"No Accident Factor, Side Swipe, 0.0 drivers_injured, 0.0 drivers_killed, 0.0 passengers_injured, 0.0 passengers_killed, 0.0 pedestrian_injured, 0.0 pedestrian_killed, Fair (Day), EDSA (SB) Guadalupe Loading Bay Makati",MMDA Road Safety Unit,,0a001338-6941-4de1-b6dc-3a3492614c3c,2016-06-21,06:40:00,EDSA (SB) Estrella St. Makati,0,0,0,0,0,0,0,0,0,0,2016-06-21 14:40,Property,14.56473213,121.0447625,Side Swipe