LOCATION_TEXT,ROAD,WEATHER,LIGHT,DESC,REPORTING_AGENCY,MAIN_CAUSE,INCIDENTDETAILS_ID,DATE_UTC,TIME_UTC,ADDRESS,killed_driver,killed_passenger,killed_pedestrian,injured_driver,injured_passenger,injured_pedestrian,killed_uncategorized,injured_uncategorized,killed_total,injured_total,DATETIME_PST,SEVERITY,Y,X,COLLISION_TYPE
None,EDSA,None,None,"No Accident Factor, No Collision Stated (based on Police Blotter Book), 0.0 drivers_injured, 0.0 drivers_killed, 1.0 passengers_injured, 0.0 passengers_killed, 0.0 pedestrian_injured, 0.0 pedestrian_killed, Fair (Day), EDSA (SB) Buendia Ave. Makati",MMDA Road Safety Unit,,0b6cb018-9702-4325-a975-5cf3f60fbed2,2016-06-21,01:20:00,EDSA (SB) Estrella Loading Bay Makati,0,0,0,0,1,0,0,0,0,1,2016-06-21 9:20,Injury,14.55505269,121.034707,No Collision Stated
None,EDSA,None,None,"No Accident Factor, Side Swipe, 0.0 drivers_injured, 0.0 drivers_killed, 0.0 passengers_injured, 0.0 passengers_killed, 0.0 pedestrian_injured, 0.0 pedestrian_killed, Fair (Night), EDSA (SB) Buendia Ave. Makati",MMDA Road Safety Unit,,408a766a-26bc-48df-8494-a8916a9a9369,2016-06-20,11:30:00,EDSA (SB) Capt. A. Apolinario St. Makati,0,0,0,0,0,0,0,0,0,0,2016-06-20 19:30,Property,14.55505269,121.034707,Side Swipe
None,EDSA,None,None,"No Accident Factor, Side Swipe, 0.0 drivers_injured, 0.0 drivers_killed, 0.0 passengers_injured, 0.0 passengers_killed, 0.0 pedestrian_injured, 0.0 pedestrian_killed, Fair (Night), EDSA (SB) Guadalupe Loading Bay Makati",MMDA Road Safety Unit,,ce16fe4d-30d4-4422-9431-89a071d573c9,2016-06-20,11:00:00,EDSA (SB) Magallanes Loading Bay Makati,0,0,0,0,0,0,0,0,0,0,2016-06-20 19:00,Property,14.56473213,121.0447625,Side Swipe
None,EDSA,None,None,"No Accident Factor, Side Swipe, 0.0 drivers_injured, 0.0 drivers_killed, 0.0 passengers_injured, 0.0 passengers_killed, 0.0 pedestrian_injured, 0.0 pedestrian_killed, Fair (Day), EDSA (SB) Evangelista St. Makati",MMDA Road Safety Unit,,a8ea3916-1d96-4ea0-9194-a3aba13000d5,2016-06-19,23:30:00,EDSA (SB) Arnaiz Ave. Makati,0,0,0,0,0,0,0,0,0,0,2016-06-20 7:30,Property,14.53903137,121.0123272,Side Swipe
None,EDSA,None,None,"No Accident Factor, Side Swipe, 0.0 drivers_injured, 0.0 drivers_killed, 0.0 passengers_injured, 0.0 passengers_killed, 0.0 pedestrian_injured, 0.0 pedestrian_killed, Fair (Night), EDSA (SB) Estrella St. Makati",MMDA Road Safety Unit,,140be294-ae2d-4b06-96c3-0f58234c2e4b,2016-06-19,12:05:00,EDSA (SB) Estrella St. Makati,0,0,0,0,0,0,0,0,0,0,2016-06-19 20:05,Property,14.56002889,121.040751,Side Swipe
None,EDSA,None,None,"No Accident Factor, Side Swipe, 0.0 drivers_injured, 0.0 drivers_killed, 0.0 passengers_injured, 0.0 passengers_killed, 0.0 pedestrian_injured, 0.0 pedestrian_killed, Fair (Day), EDSA (SB) Estrella St. Makati",MMDA Road Safety Unit,,cb83da1e-d547-430b-bf21-53d4a587dc0e,2016-06-18,22:40:00,EDSA (SB) Ayala Ave. Makati,0,0,0,0,0,0,0,0,0,0,2016-06-19 6:40,Property,14.56002889,121.040751,Side Swipe
None,EDSA,None,None,"No Accident Factor, Rear-end, 0.0 drivers_injured, 0.0 drivers_killed, 0.0 passengers_injured, 0.0 passengers_killed, 0.0 pedestrian_injured, 0.0 pedestrian_killed, Fair (Day), EDSA (SB) Buendia Ave. Makati",MMDA Road Safety Unit,,c2bf8b6f-a5a9-4a4f-a6cf-e1e2390e609b,2016-06-18,05:50:00,EDSA (SB) Ayala Ave. Service Road Makati,0,0,0,0,0,0,0,0,0,0,2016-06-18 13:50,Property,14.55505269,121.034707,Rear-End
None,EDSA,None,None,"No Accident Factor, Rear-end, 0.0 drivers_injured, 0.0 drivers_killed, 0.0 passengers_injured, 0.0 passengers_killed, 0.0 pedestrian_injured, 0.0 pedestrian_killed, Fair (Day), EDSA (SB) Magallanes, MRT Station Makati",MMDA Road Safety Unit,,7cd47cdb-a05b-4130-8410-068cd8337bf3,2016-06-18,01:35:00,EDSA (SB) Buendia Ave. Makati,0,0,0,0,0,0,0,0,0,0,2016-06-18 9:35,Property,14.54207215,121.019419,Rear-End
None,EDSA,None,None,"No Accident Factor, Side Swipe, 0.0 drivers_injured, 0.0 drivers_killed, 0.0 passengers_injured, 0.0 passengers_killed, 0.0 pedestrian_injured, 0.0 pedestrian_killed, Fair (Night), EDSA (SB) Ayala Ave. Makati",MMDA Road Safety Unit,,7142215d-3272-4be6-9f67-f047347de576,2016-06-17,15:30:00,EDSA (SB) Estrella St. Makati,0,0,0,0,0,0,0,0,0,0,2016-06-17 23:30,Property,14.55022912,121.0292348,Side Swipe
None,EDSA,None,None,"No Accident Factor, Side Swipe, 0.0 drivers_injured, 0.0 drivers_killed, 0.0 passengers_injured, 0.0 passengers_killed, 0.0 pedestrian_injured, 0.0 pedestrian_killed, Fair (Night), EDSA (SB) South Superhighway Makati",MMDA Road Safety Unit,,b790cbd1-c7a2-4c06-9b09-3ef949603992,2016-06-17,14:00:00,EDSA (SB) Ayala Ave. Makati,0,0,0,0,0,0,0,0,0,0,2016-06-17 22:00,Property,14.54025479,121.0167901,Side Swipe
None,EDSA,None,None,"No Accident Factor, Hit Object (Island Divider-Concrete), 0.0 drivers_injured, 0.0 drivers_killed, 0.0 passengers_injured, 0.0 passengers_killed, 0.0 pedestrian_injured, 0.0 pedestrian_killed, Fair (Day), EDSA (SB) Estrella St. Makati",MMDA Road Safety Unit,,633ab356-c4bf-4940-b5bb-160288219e06,2016-06-17,06:30:00,EDSA (SB) Amorsolo St. Makati,0,0,0,0,0,0,0,0,0,0,2016-06-17 14:30,Property,14.56002889,121.040751,Hit Object
None,EDSA,None,None,"No Accident Factor, Side Swipe, 0.0 drivers_injured, 0.0 drivers_killed, 0.0 passengers_injured, 0.0 passengers_killed, 0.0 pedestrian_injured, 0.0 pedestrian_killed, Fair (Day), EDSA (SB) Estrella Loading Bay Makati",MMDA Road Safety Unit,,9782cb74-37a1-468b-9caa-6a10b8b644ea,2016-06-17,02:30:00,EDSA (SB) MRT-Magallanes Station Makati,0,0,0,0,0,0,0,0,0,0,2016-06-17 10:30,Property,14.56059855,121.0413941,Side Swipe
None,EDSA,None,None,"No Accident Factor, Side Swipe, 0.0 drivers_injured, 0.0 drivers_killed, 0.0 passengers_injured, 0.0 passengers_killed, 0.0 pedestrian_injured, 0.0 pedestrian_killed, Fair (Night), EDSA (SB) Capt. A. Apolinario St. Makati",MMDA Road Safety Unit,,462b61f6-5f29-4a0f-865c-038b95d4a3a8,2016-06-16,21:00:00,EDSA (SB) Buendia Ave. Makati,0,0,0,0,0,0,0,0,0,0,2016-06-17 5:00,Property,14.53945947,121.0136886,Side Swipe
None,EDSA,None,None,"No Accident Factor, Rear-end, 0.0 drivers_injured, 0.0 drivers_killed, 0.0 passengers_injured, 0.0 passengers_killed, 0.0 pedestrian_injured, 0.0 pedestrian_killed, Fair (Day), EDSA (SB) Magallanes Loading Bay Makati",MMDA Road Safety Unit,,0a377ee7-7ec0-4aad-a491-003bc23256a9,2016-06-16,05:25:00,EDSA (SB) Buendia Ave. Makati,0,0,0,0,0,0,0,0,0,0,2016-06-16 13:25,Property,14.54282655,121.0202714,Rear-End
None,EDSA,None,None,"No Accident Factor, Side Swipe, 0.0 drivers_injured, 0.0 drivers_killed, 0.0 passengers_injured, 0.0 passengers_killed, 0.0 pedestrian_injured, 0.0 pedestrian_killed, Fair (Day), EDSA (SB) Arnaiz Ave. Makati",MMDA Road Safety Unit,,73a29826-2798-4631-84ae-d998f1e3f081,2016-06-16,03:45:00,EDSA (SB) Estrella St. Makati,0,0,0,0,0,0,0,0,0,0,2016-06-16 11:45,Property,14.54784079,121.0263936,Side Swipe
None,EDSA,None,None,"No Accident Factor, Angle Impact, 0.0 drivers_injured, 0.0 drivers_killed, 0.0 passengers_injured, 0.0 passengers_killed, 0.0 pedestrian_injured, 0.0 pedestrian_killed, Fair (Day), EDSA (SB) Estrella St. Makati",MMDA Road Safety Unit,,f8a9cfe4-0449-4bdb-b136-18cd934631a7,2016-06-15,02:30:00,EDSA (SB) Guadalupe Bridge Makati,0,0,0,0,0,0,0,0,0,0,2016-06-15 10:30,Property,14.56002889,121.040751,Angle Impact
None,EDSA,None,None,"No Accident Factor, Rear-end, 0.0 drivers_injured, 0.0 drivers_killed, 0.0 passengers_injured, 0.0 passengers_killed, 0.0 pedestrian_injured, 0.0 pedestrian_killed, Fair (Night), EDSA (SB) Ayala Ave. Makati",MMDA Road Safety Unit,,0e71ecb9-8729-4c09-b52c-c734d13df782,2016-06-14,17:00:00,EDSA (SB) Guadalupe Loading Bay Makati,0,0,0,0,0,0,0,0,0,0,2016-06-15 1:00,Property,14.55022912,121.0292348,Rear-End
None,EDSA,None,None,"No Accident Factor, Side Swipe, 0.0 drivers_injured, 0.0 drivers_killed, 0.0 passengers_injured, 0.0 passengers_killed, 0.0 pedestrian_injured, 0.0 pedestrian_killed, Fair (Night), EDSA (SB) Ayala Ave. Service Road Makati",MMDA Road Safety Unit,,1275e814-960b-4dce-853c-5a46e50dfb37,2016-06-14,13:00:00,EDSA (SB) Buendia Makati,0,0,0,0,0,0,0,0,0,0,2016-06-14 21:00,Property,14.54831863,121.0268667,Side Swipe
None,EDSA,None,None,"No Accident Factor, Side Swipe, 0.0 drivers_injured, 0.0 drivers_killed, 0.0 passengers_injured, 0.0 passengers_killed, 0.0 pedestrian_injured, 0.0 pedestrian_killed, Fair (Day), EDSA (SB) Buendia Ave. Makati",MMDA Road Safety Unit,,763a467d-98b8-4fd7-9889-c3036d7d83c5,2016-06-14,09:35:00,EDSA (SB) Magallanes Interchange Makati,0,0,0,0,0,0,0,0,0,0,2016-06-14 17:35,Property,14.55505269,121.034707,Side Swipe
None,EDSA,None,None,"No Accident Factor, Angle Impact, 0.0 drivers_injured, 0.0 drivers_killed, 0.0 passengers_injured, 0.0 passengers_killed, 0.0 pedestrian_injured, 0.0 pedestrian_killed, Fair (Day), EDSA (SB) Estrella St. Makati",MMDA Road Safety Unit,,89298603-b16f-4318-8376-2a3a096eea2c,2016-06-14,00:30:00,EDSA (SB) San Lorenzo Village Gate  Makati,0,0,0,0,0,0,0,0,0,0,2016-06-14 8:30,Property,14.56002889,121.040751,Angle Impact
None,EDSA,None,None,"No Accident Factor, Side Swipe, 0.0 drivers_injured, 0.0 drivers_killed, 0.0 passengers_injured, 0.0 passengers_killed, 0.0 pedestrian_injured, 0.0 pedestrian_killed, Fair (Day), EDSA (SB) Ayala Ave. Makati",MMDA Road Safety Unit,,a5304605-b69e-4afa-bd52-b79b668acabc,2016-06-13,08:45:00,EDSA (SB) Ayala Ave. Makati,0,0,0,0,0,0,0,0,0,0,2016-06-13 16:45,Property,14.55022912,121.0292348,Side Swipe
None,EDSA,None,None,"No Accident Factor, Side Swipe, 0.0 drivers_injured, 0.0 drivers_killed, 0.0 passengers_injured, 0.0 passengers_killed, 0.0 pedestrian_injured, 0.0 pedestrian_killed, Fair (Night), EDSA (SB) Amorsolo St. Makati",MMDA Road Safety Unit,,0d5585cb-82ef-46ee-bf82-17b3c0335c55,2016-06-12,21:20:00,EDSA (SB) Magallanes MRT Station Makati,0,0,0,0,0,0,0,0,0,0,2016-06-13 5:20,Property,14.54191847,121.0195694,Side Swipe
None,EDSA,None,None,"No Accident Factor, Rear-end, 0.0 drivers_injured, 0.0 drivers_killed, 0.0 passengers_injured, 0.0 passengers_killed, 0.0 pedestrian_injured, 0.0 pedestrian_killed, Fair (Day), EDSA (SB) MRT-Magallanes Station Makati",MMDA Road Safety Unit,,4fa6ba96-cd17-42d4-bd5d-3a9b278fce4b,2016-06-12,07:00:00,EDSA (SB) Estrella St. Makati,0,0,0,0,0,0,0,0,0,0,2016-06-12 15:00,Property,14.54205011,121.0196401,Rear-End
None,EDSA,None,None,"No Accident Factor, Rear-end, 0.0 drivers_injured, 0.0 drivers_killed, 0.0 passengers_injured, 0.0 passengers_killed, 0.0 pedestrian_injured, 0.0 pedestrian_killed, Fair (Day), EDSA (SB) Buendia Ave. Makati",MMDA Road Safety Unit,,3f2ee678-3d04-4cce-b341-5d82101b3e8c,2016-06-11,07:05:00,EDSA (SB) Buendia Ave. Makati,0,0,0,0,0,0,0,0,0,0,2016-06-11 15:05,Property,14.55505269,121.034707,Rear-End
None,EDSA,None,None,"No Accident Factor, Side Swipe, 0.0 drivers_injured, 0.0 drivers_killed, 0.0 passengers_injured, 0.0 passengers_killed, 0.0 pedestrian_injured, 0.0 pedestrian_killed, Fair (Day), EDSA (SB) Buendia Ave. Makati",MMDA Road Safety Unit,,462c44a6-f8ba-4c75-8e4e-7b8108719ecc,2016-06-11,06:35:00,EDSA (SB) Magallanes MRT Station Makati,0,0,0,0,0,0,0,0,0,0,2016-06-11 14:35,Property,14.55505269,121.034707,Side Swipe
None,EDSA,None,None,"No Accident Factor, Angle Impact, 1.0 drivers_injured, 0.0 drivers_killed, 0.0 passengers_injured, 0.0 passengers_killed, 0.0 pedestrian_injured, 0.0 pedestrian_killed, Fair (Day), EDSA (SB) Estrella St. Makati",MMDA Road Safety Unit,,4a22df4f-8708-48b8-9909-7125b2cd92f4,2016-06-11,00:20:00,EDSA (SB) Esterlla St. Makati,0,0,0,1,0,0,0,0,0,1,2016-06-11 8:20,Injury,14.56002889,121.040751,Angle Impact
None,EDSA,None,None,"No Accident Factor, Self-Accident, 0.0 drivers_injured, 0.0 drivers_killed, 0.0 passengers_injured, 0.0 passengers_killed, 0.0 pedestrian_injured, 0.0 pedestrian_killed, Fair (Night), EDSA (SB) Guadalupe Bridge Makati",MMDA Road Safety Unit,,326f5357-10fe-4efa-8ab6-e2d298d80df3,2016-06-10,20:05:00,EDSA (SB) Ayala Ave. Makati,0,0,0,0,0,0,0,0,0,0,2016-06-11 4:05,Property,14.56802596,121.045885,Self-Accident
None,EDSA,None,None,"No Accident Factor, Rear-end, 0.0 drivers_injured, 0.0 drivers_killed, 0.0 passengers_injured, 0.0 passengers_killed, 0.0 pedestrian_injured, 0.0 pedestrian_killed, Fair (Night), EDSA (SB) Guadalupe Loading Bay Makati",MMDA Road Safety Unit,,72a5901d-85f8-4b20-8a78-6fa1f3a5c1b9,2016-06-10,12:10:00,EDSA (SB) Guadalupe Bridge Makati,0,0,0,0,0,0,0,0,0,0,2016-06-10 20:10,Property,14.56473213,121.0447625,Rear-End
None,EDSA,None,None,"No Accident Factor, Side Swipe, 0.0 drivers_injured, 0.0 drivers_killed, 0.0 passengers_injured, 0.0 passengers_killed, 0.0 pedestrian_injured, 0.0 pedestrian_killed, Fair (Night), EDSA (SB) Buendia Makati",MMDA Road Safety Unit,,0a4d272d-bf57-48e2-a3b4-8020058354c1,2016-06-10,11:00:00,EDSA (SB) Ayala Split Makati,0,0,0,0,0,0,0,0,0,0,2016-06-10 19:00,Property,14.55505269,121.034707,Side Swipe
None,EDSA,None,None,"No Accident Factor, Side Swipe, 0.0 drivers_injured, 0.0 drivers_killed, 0.0 passengers_injured, 0.0 passengers_killed, 0.0 pedestrian_injured, 0.0 pedestrian_killed, Fair (Day), EDSA (SB) Magallanes Interchange Makati",MMDA Road Safety Unit,,03664790-a670-4e41-bc62-891457956273,2016-06-10,02:30:00,EDSA (SB) Estrella St. Makati,0,0,0,0,0,0,0,0,0,0,2016-06-10 10:30,Property,14.54028633,121.0167655,Side Swipe
None,EDSA,None,None,"No Accident Factor, Side Swipe, 0.0 drivers_injured, 0.0 drivers_killed, 0.0 passengers_injured, 0.0 passengers_killed, 0.0 pedestrian_injured, 0.0 pedestrian_killed, Fair (Night), EDSA (SB) San Lorenzo Village Gate  Makati",MMDA Road Safety Unit,,60c9062e-fffd-4af1-99e2-b55921ff1f92,2016-06-09,14:20:00,EDSA (SB) Rockwell Makati,0,0,0,0,0,0,0,0,0,0,2016-06-09 22:20,Property,14.5422524,121.0195278,Side Swipe
None,EDSA,None,None,"No Accident Factor, Rear-end, 0.0 drivers_injured, 0.0 drivers_killed, 0.0 passengers_injured, 0.0 passengers_killed, 0.0 pedestrian_injured, 0.0 pedestrian_killed, Fair (Day), EDSA (SB) Ayala Ave. Makati",MMDA Road Safety Unit,,9400ba88-b3b6-459f-92d6-3dc74b54a1b8,2016-06-09,06:30:00,EDSA (SB) Guadalupe MRT Station Makati,0,0,0,0,0,0,0,0,0,0,2016-06-09 14:30,Property,14.55022912,121.0292348,Rear-End
None,EDSA,None,None,"No Accident Factor, Rear-end, 0.0 drivers_injured, 0.0 drivers_killed, 0.0 passengers_injured, 0.0 passengers_killed, 0.0 pedestrian_injured, 0.0 pedestrian_killed, Fair (Day), EDSA (SB) Magallanes MRT Station Makati",MMDA Road Safety Unit,,5dc2c9db-1cb5-46df-b1b5-3ae18cd8eaee,2016-06-08,22:30:00,EDSA (SB) Guadalupe Viejo Makati,0,0,0,0,0,0,0,0,0,0,2016-06-09 6:30,Property,14.54171041,121.019054,Rear-End
None,EDSA,None,None,"No Accident Factor, Angle Impact, 0.0 drivers_injured, 0.0 drivers_killed, 0.0 passengers_injured, 0.0 passengers_killed, 0.0 pedestrian_injured, 0.0 pedestrian_killed, Fair (Night), EDSA (SB) Estrella St. Makati",MMDA Road Safety Unit,,0ffd9bcf-781b-4766-931d-9aa20d0a873d,2016-06-08,21:20:00,EDSA (SB) Ayala Ave. Makati,0,0,0,0,0,0,0,0,0,0,2016-06-09 5:20,Property,14.56002889,121.040751,Angle Impact
None,EDSA,None,None,"No Accident Factor, Hit Object (Barrier-Plastic), 0.0 drivers_injured, 0.0 drivers_killed, 0.0 passengers_injured, 0.0 passengers_killed, 0.0 pedestrian_injured, 0.0 pedestrian_killed, Fair (Night), EDSA (SB) Buendia Ave. Makati",MMDA Road Safety Unit,,9219b956-53d9-4b84-9356-d9d31cc0f9bc,2016-06-08,17:25:00,EDSA (SB) Buendia Ave. Makati,0,0,0,0,0,0,0,0,0,0,2016-06-09 1:25,Property,14.55505269,121.034707,Hit Object
None,EDSA,None,None,"No Accident Factor, Rear-end, 0.0 drivers_injured, 0.0 drivers_killed, 0.0 passengers_injured, 0.0 passengers_killed, 0.0 pedestrian_injured, 0.0 pedestrian_killed, Fair (Night), EDSA (SB) Magallanes MRT Station Makati",MMDA Road Safety Unit,,061b33fa-5620-4f92-8fe0-568e3fb0974b,2016-06-08,14:30:00,EDSA (SB) Ayala Ave. Makati,0,0,0,0,0,0,0,0,0,0,2016-06-08 22:30,Property,14.54171041,121.019054,Rear-End
None,EDSA,None,None,"No Accident Factor, Side Swipe, 0.0 drivers_injured, 0.0 drivers_killed, 0.0 passengers_injured, 0.0 passengers_killed, 0.0 pedestrian_injured, 0.0 pedestrian_killed, Fair (Day), EDSA (SB) Esterlla St. Makati",MMDA Road Safety Unit,,c71db362-37aa-406b-8ca3-cc8aa7ff4e0d,2016-06-08,06:15:00,"EDSA (SB) ""U"" turn slot, Buendia Ave. Makati",0,0,0,0,0,0,0,0,0,0,2016-06-08 14:15,Property,14.56002889,121.040751,Side Swipe
None,EDSA,None,None,"No Accident Factor, No Collision Stated (based on Police Blotter Book), 0.0 drivers_injured, 0.0 drivers_killed, 1.0 passengers_injured, 0.0 passengers_killed, 0.0 pedestrian_injured, 0.0 pedestrian_killed, Fair (Day), EDSA (SB) Ayala Ave. Makati",MMDA Road Safety Unit,,6fd1290c-6d74-4e99-98d9-9e7e5b78f7bf,2016-06-08,05:25:00,EDSA (SB) Magallanes Interchange Makati,0,0,0,0,1,0,0,0,0,1,2016-06-08 13:25,Injury,14.55022912,121.0292348,No Collision Stated
None,EDSA,None,None,"No Accident Factor, Rear-end, 0.0 drivers_injured, 0.0 drivers_killed, 0.0 passengers_injured, 0.0 passengers_killed, 0.0 pedestrian_injured, 0.0 pedestrian_killed, Fair (Day), EDSA (SB) Guadalupe Bridge Makati",MMDA Road Safety Unit,,a429c640-bea6-4675-bc69-d18a51e46b2a,2016-06-08,03:20:00,EDSA (SB) Estrella St. Makati,0,0,0,0,0,0,0,0,0,0,2016-06-08 11:20,Property,14.56802596,121.045885,Rear-End
None,EDSA,None,None,"No Accident Factor, No Collision Stated (based on Police Blotter Book), 0.0 drivers_injured, 0.0 drivers_killed, 1.0 passengers_injured, 0.0 passengers_killed, 0.0 pedestrian_injured, 0.0 pedestrian_killed, Fair (Day), EDSA (SB) Ayala Split Makati",MMDA Road Safety Unit,,4d8648a0-1c9d-409a-a1fa-4a15cc601729,2016-06-08,03:05:00,EDSA (SB) A. Arnaiz Ave. Makati,0,0,0,0,1,0,0,0,0,1,2016-06-08 11:05,Injury,14.55017758,121.0293252,No Collision Stated
None,EDSA,None,None,"No Accident Factor, No Collision Stated (based on Police Blotter Book), 1.0 drivers_injured, 0.0 drivers_killed, 1.0 passengers_injured, 0.0 passengers_killed, 0.0 pedestrian_injured, 0.0 pedestrian_killed, Fair (Night), EDSA (SB) Estrella St. Makati",MMDA Road Safety Unit,,db13aadc-9bde-48a4-a24c-33e4930945c0,2016-06-07,20:20:00,EDSA (SB) Buendia Ave. loading bay Makati,0,0,0,1,1,0,0,0,0,2,2016-06-08 4:20,Injury,14.56002889,121.040751,No Collision Stated
None,EDSA,None,None,"No Accident Factor, Rear-end, 0.0 drivers_injured, 0.0 drivers_killed, 0.0 passengers_injured, 0.0 passengers_killed, 0.0 pedestrian_injured, 0.0 pedestrian_killed, Fair (Day), EDSA (SB) Rockwell Makati",MMDA Road Safety Unit,,9ea9550b-6b71-4b5b-90d7-87de0010b8a5,2016-06-07,00:35:00,EDSA (SB) Estrella St. Makati,0,0,0,0,0,0,0,0,0,0,2016-06-07 8:35,Property,14.559945,121.0407272,Rear-End
None,EDSA,None,None,"No Accident Factor, Rear-end, 0.0 drivers_injured, 0.0 drivers_killed, 0.0 passengers_injured, 0.0 passengers_killed, 0.0 pedestrian_injured, 0.0 pedestrian_killed, Fair (Day), EDSA (SB) Guadalupe MRT Station Makati",MMDA Road Safety Unit,,4f72ef0e-80ae-47ca-ada4-32ff712d4796,2016-06-06,22:30:00,EDSA (SB) Guadalupe Bridge Makati,0,0,0,0,0,0,0,0,0,0,2016-06-07 6:30,Property,14.5665734,121.0453551,Rear-End
None,EDSA,None,None,"No Accident Factor, Rear-end, 0.0 drivers_injured, 0.0 drivers_killed, 0.0 passengers_injured, 0.0 passengers_killed, 0.0 pedestrian_injured, 0.0 pedestrian_killed, Fair (Night), EDSA (SB) Guadalupe Viejo Makati",MMDA Road Safety Unit,,46359340-f473-4464-8f6d-c28a4bc5e27a,2016-06-06,19:00:00,EDSA (SB) Apolinario St. Makati,0,0,0,0,0,0,0,0,0,0,2016-06-07 3:00,Property,14.56473213,121.0447625,Rear-End
None,EDSA,None,None,"No Accident Factor, Side Swipe, 0.0 drivers_injured, 0.0 drivers_killed, 0.0 passengers_injured, 0.0 passengers_killed, 0.0 pedestrian_injured, 0.0 pedestrian_killed, Fair (Night), EDSA (SB) Ayala Ave. Makati",MMDA Road Safety Unit,,0bfa273a-511f-4c88-a8e2-f31322fac496,2016-06-06,13:00:00,EDSA (SB) Buendia Ave. Makati,0,0,0,0,0,0,0,0,0,0,2016-06-06 21:00,Property,14.55022912,121.0292348,Side Swipe
None,EDSA,None,None,"No Accident Factor, Rear-end, 0.0 drivers_injured, 0.0 drivers_killed, 0.0 passengers_injured, 0.0 passengers_killed, 0.0 pedestrian_injured, 0.0 pedestrian_killed, Fair (Night), EDSA (SB) Buendia Ave. Makati",MMDA Road Safety Unit,,a7ecf886-7443-415d-96d9-dbd9d402cfa5,2016-06-06,12:25:00,EDSA (SB) Iran Embassy Makati,0,0,0,0,0,0,0,0,0,0,2016-06-06 20:25,Property,14.55505269,121.034707,Rear-End
None,EDSA,None,None,"No Accident Factor, Rear-end, 0.0 drivers_injured, 0.0 drivers_killed, 0.0 passengers_injured, 0.0 passengers_killed, 0.0 pedestrian_injured, 0.0 pedestrian_killed, Fair (Night), EDSA (SB) Ayala Ave. Makati",MMDA Road Safety Unit,,bba34c3a-9b15-4f68-918d-66f195bc8902,2016-06-06,11:30:00,EDSA (SB) Ayala Ave. Makati,0,0,0,0,0,0,0,0,0,0,2016-06-06 19:30,Property,14.55022912,121.0292348,Rear-End
None,EDSA,None,None,"No Accident Factor, Self-Accident, 1.0 drivers_injured, 0.0 drivers_killed, 0.0 passengers_injured, 0.0 passengers_killed, 0.0 pedestrian_injured, 0.0 pedestrian_killed, Fair (Day), EDSA (SB) ""U"" turn slot, Buendia Ave. Makati",MMDA Road Safety Unit,,ebc63b86-1ce1-4f29-be38-64f8ca949c5e,2016-06-06,05:55:00,EDSA (SB) Magallanes Split Makati,0,0,0,1,0,0,0,0,0,1,2016-06-06 13:55,Injury,14.55533419,121.0354546,Self-Accident
None,EDSA,None,None,"No Accident Factor, Rear-end, 0.0 drivers_injured, 0.0 drivers_killed, 0.0 passengers_injured, 0.0 passengers_killed, 0.0 pedestrian_injured, 0.0 pedestrian_killed, Fair (Night), EDSA (SB) Magallanes Interchange Makati",MMDA Road Safety Unit,,5c072a50-f3a6-4281-8103-9d9cedcef166,2016-06-04,21:30:00,EDSA (SB) Ayala Ave. Makati,0,0,0,0,0,0,0,0,0,0,2016-06-05 5:30,Property,14.54028633,121.0167655,Rear-End
None,EDSA,None,None,"No Accident Factor, Side Swipe, 0.0 drivers_injured, 0.0 drivers_killed, 0.0 passengers_injured, 0.0 passengers_killed, 0.0 pedestrian_injured, 0.0 pedestrian_killed, Fair (Day), EDSA (SB) Estrella St. Makati",MMDA Road Safety Unit,,3f324d1d-844e-4fd7-925a-188b470d3d5a,2016-06-04,07:30:00,EDSA (SB) Ayala Ave. Makati,0,0,0,0,0,0,0,0,0,0,2016-06-04 15:30,Property,14.56002889,121.040751,Side Swipe
None,EDSA,None,None,"No Accident Factor, No Collision Stated (based on Police Blotter Book), 1.0 drivers_injured, 0.0 drivers_killed, 0.0 passengers_injured, 0.0 passengers_killed, 0.0 pedestrian_injured, 0.0 pedestrian_killed, Fair (Day), EDSA (SB) A. Arnaiz Ave. Makati",MMDA Road Safety Unit,,c7ed9310-d061-4f66-8fc7-cf6711acefb5,2016-06-04,07:00:00,EDSA (SB) Ayala Ave. Makati,0,0,0,1,0,0,0,0,0,1,2016-06-04 15:00,Injury,14.54765031,121.0260523,No Collision Stated
None,EDSA,None,None,"No Accident Factor, Rear-end, 0.0 drivers_injured, 0.0 drivers_killed, 0.0 passengers_injured, 0.0 passengers_killed, 0.0 pedestrian_injured, 0.0 pedestrian_killed, Fair (Day), EDSA (SB) Buendia Ave. loading bay Makati",MMDA Road Safety Unit,,c20f2189-4ea8-4203-9a8d-1b8c64189bfe,2016-06-04,05:05:00,EDSA (SB) Pet Plans Bldg.  Makati,0,0,0,0,0,0,0,0,0,0,2016-06-04 13:05,Property,14.5538613,121.0334902,Rear-End
None,EDSA,None,None,"No Accident Factor, Rear-end, 0.0 drivers_injured, 0.0 drivers_killed, 0.0 passengers_injured, 0.0 passengers_killed, 0.0 pedestrian_injured, 0.0 pedestrian_killed, Fair (Day), EDSA (SB) Estrella St. Makati",MMDA Road Safety Unit,,cfb7f48d-1591-4f21-8dd4-a21e174f0e32,2016-06-03,22:55:00,EDSA (SB) Estrella St. Makati,0,0,0,0,0,0,0,0,0,0,2016-06-04 6:55,Property,14.56002889,121.040751,Rear-End
None,EDSA,None,None,"No Accident Factor, Side Swipe, 0.0 drivers_injured, 0.0 drivers_killed, 0.0 passengers_injured, 0.0 passengers_killed, 0.0 pedestrian_injured, 0.0 pedestrian_killed, Fair (Night), EDSA (SB) Guadalupe Bridge Makati",MMDA Road Safety Unit,,6ec5bf04-efe3-43de-9b58-d872bacd9f73,2016-06-03,12:40:00,EDSA (SB) Evangelista St. Makati,0,0,0,0,0,0,0,0,0,0,2016-06-03 20:40,Property,14.56802596,121.045885,Side Swipe