LOCATION_TEXT,ROAD,WEATHER,LIGHT,DESC,REPORTING_AGENCY,MAIN_CAUSE,INCIDENTDETAILS_ID,DATE_UTC,TIME_UTC,ADDRESS,killed_driver,killed_passenger,killed_pedestrian,injured_driver,injured_passenger,injured_pedestrian,killed_uncategorized,injured_uncategorized,killed_total,injured_total,DATETIME_PST,SEVERITY,Y,X,COLLISION_TYPE
None,EDSA,None,None,"No Accident Factor, Side Swipe, 0.0 drivers_injured, 0.0 drivers_killed, 0.0 passengers_injured, 0.0 passengers_killed, 0.0 pedestrian_injured, 0.0 pedestrian_killed, Fair (Night), EDSA (SB) Apolinario St. Makati",MMDA Road Safety Unit,,db755a74-c516-454c-b82a-0135d39804d7,2016-06-03,11:30:00,EDSA (SB) Ayala Loading / Unloading Bay Makati,0,0,0,0,0,0,0,0,0,0,2016-06-03 19:30,Property,14.5394354,121.0136926,Side Swipe
None,EDSA,None,None,"No Accident Factor, Side Swipe, 0.0 drivers_injured, 0.0 drivers_killed, 0.0 passengers_injured, 0.0 passengers_killed, 0.0 pedestrian_injured, 0.0 pedestrian_killed, Fair (Day), EDSA (SB) Buendia Ave. Makati",MMDA Road Safety Unit,,738d88f6-e9f8-4aba-87e5-6b453d21dac5,2016-06-03,08:05:00,EDSA (SB) Estrella Makati,0,0,0,0,0,0,0,0,0,0,2016-06-03 16:05,Property,14.55505269,121.034707,Side Swipe
None,EDSA,None,None,"No Accident Factor, Multiple Collision, 0.0 drivers_injured, 0.0 drivers_killed, 0.0 passengers_injured, 0.0 passengers_killed, 0.0 pedestrian_injured, 0.0 pedestrian_killed, Fair (Day), EDSA (SB) Iran Embassy Makati",MMDA Road Safety Unit,,eda62bea-8c18-4a42-8247-32b7bbf5659a,2016-06-03,06:45:00,EDSA (SB) A. Arnaiz Ave.  Makati,0,0,0,0,0,0,0,0,0,0,2016-06-03 14:45,Property,14.54737691,121.0261098,Multiple
None,EDSA,None,None,"No Accident Factor, Side Swipe, 0.0 drivers_injured, 0.0 drivers_killed, 0.0 passengers_injured, 0.0 passengers_killed, 0.0 pedestrian_injured, 0.0 pedestrian_killed, Fair (Day), EDSA (SB) Ayala Ave. Makati",MMDA Road Safety Unit,,16702af3-a6a9-4883-8017-f69dda3f6db5,2016-06-03,05:30:00,EDSA (SB) Ayala Ave. Makati,0,0,0,0,0,0,0,0,0,0,2016-06-03 13:30,Property,14.55022912,121.0292348,Side Swipe
None,EDSA,None,None,"No Accident Factor, Rear-end, 0.0 drivers_injured, 0.0 drivers_killed, 0.0 passengers_injured, 0.0 passengers_killed, 0.0 pedestrian_injured, 0.0 pedestrian_killed, Fair (Day), EDSA (SB) Magallanes Split Makati",MMDA Road Safety Unit,,48d976d5-4e09-4e0f-8576-265797b6e985,2016-06-03,01:55:00,EDSA (SB) Ayala Ave. Makati,0,0,0,0,0,0,0,0,0,0,2016-06-03 9:55,Property,14.53930817,121.0141969,Rear-End
None,EDSA,None,None,"No Accident Factor, Angle Impact, 0.0 drivers_injured, 0.0 drivers_killed, 0.0 passengers_injured, 0.0 passengers_killed, 0.0 pedestrian_injured, 0.0 pedestrian_killed, Fair (Night), EDSA (SB) Ayala Ave. Makati",MMDA Road Safety Unit,,4dc4c456-65d7-4079-a9ea-dd9d6d7ee2db,2016-06-02,12:30:00,EDSA (SB) Magallanes Loadind / Unloading Bay Makati,0,0,0,0,0,0,0,0,0,0,2016-06-02 20:30,Property,14.55022912,121.0292348,Angle Impact
None,EDSA,None,None,"No Accident Factor, Side Swipe, 0.0 drivers_injured, 0.0 drivers_killed, 0.0 passengers_injured, 0.0 passengers_killed, 0.0 pedestrian_injured, 0.0 pedestrian_killed, Fair (Day), EDSA (SB) Ayala Ave. Makati",MMDA Road Safety Unit,,e5590e8e-1c07-4908-9ba8-d5370bf76eb8,2016-06-02,04:30:00,"EDSA (SB) San Carlos Seminary, Guadalupe Makati",0,0,0,0,0,0,0,0,0,0,2016-06-02 12:30,Property,14.55022912,121.0292348,Side Swipe
None,EDSA,None,None,"No Accident Factor, Side Swipe, 0.0 drivers_injured, 0.0 drivers_killed, 0.0 passengers_injured, 0.0 passengers_killed, 0.0 pedestrian_injured, 0.0 pedestrian_killed, Fair (Day), EDSA (SB) Ayala Ave. Makati",MMDA Road Safety Unit,,730d870b-e68a-49b6-87ec-b4b2f3595e42,2016-06-02,00:25:00,EDSA (SB) Ayala Ave. Makati,0,0,0,0,0,0,0,0,0,0,2016-06-02 8:25,Property,14.55022912,121.0292348,Side Swipe
None,EDSA,None,None,"No Accident Factor, Rear-end, 0.0 drivers_injured, 0.0 drivers_killed, 0.0 passengers_injured, 0.0 passengers_killed, 0.0 pedestrian_injured, 0.0 pedestrian_killed, Fair (Night), EDSA (SB) Pet Plans Bldg.  Makati",MMDA Road Safety Unit,,65f310a0-7723-4158-a91c-6a7c91a3f039,2016-06-01,21:20:00,EDSA (SB) Magallanes Loadind / Unloading Bay Makati,0,0,0,0,0,0,0,0,0,0,2016-06-02 5:20,Property,14.56191915,121.0429118,Rear-End
None,EDSA,None,None,"No Accident Factor, Side Swipe, 1.0 drivers_injured, 0.0 drivers_killed, 0.0 passengers_injured, 0.0 passengers_killed, 0.0 pedestrian_injured, 0.0 pedestrian_killed, Fair (Night), EDSA (SB) Estrella St. Makati",MMDA Road Safety Unit,,b4586985-1f90-4006-9723-a72bdc99e627,2016-06-01,12:30:00,EDSA (SB) Estrella Makati,0,0,0,1,0,0,0,0,0,1,2016-06-01 20:30,Injury,14.56002889,121.040751,Side Swipe
None,EDSA,None,None,"No Accident Factor, Rear-end, 0.0 drivers_injured, 0.0 drivers_killed, 0.0 passengers_injured, 0.0 passengers_killed, 0.0 pedestrian_injured, 0.0 pedestrian_killed, Fair (Day), EDSA (SB) Evangelista St. Makati",MMDA Road Safety Unit,,724fe9a1-12ab-4b5c-a838-8161e3e49a1d,2016-06-01,03:00:00,"EDSA (SB) Pet Plans Bldg., Estrella Makati",0,0,0,0,0,0,0,0,0,0,2016-06-01 11:00,Property,14.53903137,121.0123272,Rear-End
None,EDSA,None,None,"No Accident Factor, Side Swipe, 0.0 drivers_injured, 0.0 drivers_killed, 0.0 passengers_injured, 0.0 passengers_killed, 0.0 pedestrian_injured, 0.0 pedestrian_killed, Fair (Night), EDSA (SB) Ayala Loading / Unloading Bay Makati",MMDA Road Safety Unit,,82ddc1f6-0d41-4285-9735-55c2a84265ac,2016-05-31,12:30:00,EDSA (SB) Evangelista St. Makati,0,0,0,0,0,0,0,0,0,0,2016-05-31 20:30,Property,14.54886,121.0276063,Side Swipe
None,EDSA,None,None,"No Accident Factor, Rear-end, 0.0 drivers_injured, 0.0 drivers_killed, 0.0 passengers_injured, 0.0 passengers_killed, 0.0 pedestrian_injured, 0.0 pedestrian_killed, Fair (Night), EDSA (SB) Estrella Makati",MMDA Road Safety Unit,,a723373a-823e-4108-a8eb-9ac8e3bd292e,2016-05-31,10:55:00,"EDSA (SB) Magallanes, San Lorenzo Makati",0,0,0,0,0,0,0,0,0,0,2016-05-31 18:55,Property,14.56002889,121.040751,Rear-End
None,EDSA,None,None,"No Accident Factor, Side Swipe, 0.0 drivers_injured, 0.0 drivers_killed, 0.0 passengers_injured, 0.0 passengers_killed, 0.0 pedestrian_injured, 0.0 pedestrian_killed, Fair (Day), EDSA (SB) A. Arnaiz Ave.  Makati",MMDA Road Safety Unit,,be1295e4-1bb9-45ea-9703-d05be679eb4e,2016-05-31,09:15:00,EDSA (SB) Ayala Ave. Makati,0,0,0,0,0,0,0,0,0,0,2016-05-31 17:15,Property,14.54765031,121.0260523,Side Swipe
None,EDSA,None,None,"No Accident Factor, Rear-end, 0.0 drivers_injured, 0.0 drivers_killed, 0.0 passengers_injured, 0.0 passengers_killed, 0.0 pedestrian_injured, 0.0 pedestrian_killed, Fair (Day), EDSA (SB) Ayala Ave. Makati",MMDA Road Safety Unit,,d9968a6c-3e3c-46e9-9b47-3eaeb5223a41,2016-05-30,23:45:00,EDSA (SB) Evangelista St. Makati,0,0,0,0,0,0,0,0,0,0,2016-05-31 7:45,Property,14.55022912,121.0292348,Rear-End
None,EDSA,None,None,"No Accident Factor, Side Swipe, 0.0 drivers_injured, 0.0 drivers_killed, 0.0 passengers_injured, 0.0 passengers_killed, 0.0 pedestrian_injured, 0.0 pedestrian_killed, Fair (Night), EDSA (SB) Ayala Ave. Makati",MMDA Road Safety Unit,,69d7703b-3b57-4404-81f7-b3e9a0c6cd5d,2016-05-28,17:00:00,EDSA (SB) Ayala Ave. Makati,0,0,0,0,0,0,0,0,0,0,2016-05-29 1:00,Property,14.55022912,121.0292348,Side Swipe
None,EDSA,None,None,"No Accident Factor, Side Swipe, 0.0 drivers_injured, 0.0 drivers_killed, 0.0 passengers_injured, 0.0 passengers_killed, 0.0 pedestrian_injured, 0.0 pedestrian_killed, Fair (Night), EDSA (SB) Magallanes Loadind / Unloading Bay Makati",MMDA Road Safety Unit,,0642db34-8c39-411a-ac2d-f9f63d91b454,2016-05-28,15:45:00,EDSA (SB) Ayala Ave. Service Road Makati,0,0,0,0,0,0,0,0,0,0,2016-05-28 23:45,Property,14.54282655,121.0202714,Side Swipe
None,EDSA,None,None,"No Accident Factor, Rear-end, 0.0 drivers_injured, 0.0 drivers_killed, 1.0 passengers_injured, 0.0 passengers_killed, 0.0 pedestrian_injured, 0.0 pedestrian_killed, Fair (Day), EDSA (SB) San Carlos Seminary, Guadalupe Makati",MMDA Road Safety Unit,,ebf1cf66-a4fe-4084-82a5-9ca6df781400,2016-05-28,08:00:00,EDSA (SB) Evangelista st.  Makati,0,0,0,0,1,0,0,0,0,1,2016-05-28 16:00,Injury,14.56316308,121.043841,Rear-End
None,EDSA,None,None,"No Accident Factor, Side Swipe, 0.0 drivers_injured, 0.0 drivers_killed, 0.0 passengers_injured, 0.0 passengers_killed, 0.0 pedestrian_injured, 0.0 pedestrian_killed, Fair (Day), EDSA (SB) Ayala Ave. Makati",MMDA Road Safety Unit,,ca9ac925-38ca-43b2-93c3-b5560e3f4845,2016-05-28,07:15:00,EDSA (SB) Magallanes Loading Bay Makati,0,0,0,0,0,0,0,0,0,0,2016-05-28 15:15,Property,14.55022912,121.0292348,Side Swipe
None,EDSA,None,None,"No Accident Factor, Rear-end, 0.0 drivers_injured, 0.0 drivers_killed, 0.0 passengers_injured, 0.0 passengers_killed, 0.0 pedestrian_injured, 0.0 pedestrian_killed, Fair (Day), EDSA (SB) Magallanes Loadind / Unloading Bay Makati",MMDA Road Safety Unit,,0616ef22-a4ab-4df5-867a-d6161c93860c,2016-05-28,02:30:00,EDSA (SB) MRT-Magallanes Station  Makati,0,0,0,0,0,0,0,0,0,0,2016-05-28 10:30,Property,14.54282655,121.0202714,Rear-End
None,EDSA,None,None,"No Accident Factor, Side Swipe, 0.0 drivers_injured, 0.0 drivers_killed, 0.0 passengers_injured, 0.0 passengers_killed, 0.0 pedestrian_injured, 0.0 pedestrian_killed, Fair (Night), EDSA (SB) Estrella Makati",MMDA Road Safety Unit,,a9b2dc23-f88b-4739-ad86-dabbaef33de9,2016-05-27,16:20:00,EDSA (SB) J.P. Rizal St.  Makati,0,0,0,0,0,0,0,0,0,0,2016-05-28 0:20,Property,14.56002889,121.040751,Side Swipe
None,EDSA,None,None,"No Accident Factor, Side Swipe, 0.0 drivers_injured, 0.0 drivers_killed, 0.0 passengers_injured, 0.0 passengers_killed, 0.0 pedestrian_injured, 0.0 pedestrian_killed, Fair (Night), EDSA (SB) Pet Plans Bldg., Estrella Makati",MMDA Road Safety Unit,,d214a0c9-2fb3-404b-ade9-44c5266e867c,2016-05-27,16:15:00,EDSA (SB) Estrella Loading / Unloading Bay Makati,0,0,0,0,0,0,0,0,0,0,2016-05-28 0:15,Property,14.56191915,121.0429118,Side Swipe
None,EDSA,None,None,"No Accident Factor, Side Swipe, 0.0 drivers_injured, 0.0 drivers_killed, 0.0 passengers_injured, 0.0 passengers_killed, 0.0 pedestrian_injured, 0.0 pedestrian_killed, Fair (Night), EDSA (SB) Evangelista St. Makati",MMDA Road Safety Unit,,6882efbb-a9a8-4411-b52a-b5ea7d03bd60,2016-05-27,13:20:00,EDSA (SB) Buendia Ave. Makati,0,0,0,0,0,0,0,0,0,0,2016-05-27 21:20,Property,14.53903137,121.0123272,Side Swipe
None,EDSA,None,None,"No Accident Factor, Side Swipe, 0.0 drivers_injured, 0.0 drivers_killed, 0.0 passengers_injured, 0.0 passengers_killed, 0.0 pedestrian_injured, 0.0 pedestrian_killed, Fair (Night), EDSA (SB) Magallanes, San Lorenzo Makati",MMDA Road Safety Unit,,de11f61c-620f-4ed4-9b9c-3852a7c0d3af,2016-05-27,10:35:00,EDSA (SB) Buendia Ave. Makati,0,0,0,0,0,0,0,0,0,0,2016-05-27 18:35,Property,14.54207215,121.019419,Side Swipe
None,EDSA,None,None,"No Accident Factor, Side Swipe, 0.0 drivers_injured, 0.0 drivers_killed, 0.0 passengers_injured, 0.0 passengers_killed, 0.0 pedestrian_injured, 0.0 pedestrian_killed, Fair (Night), EDSA (SB) Ayala Ave. Makati",MMDA Road Safety Unit,,209378b8-815d-426c-82a6-1c0ce38d8fa8,2016-05-26,12:35:00,EDSA (SB) Estrella St. Makati,0,0,0,0,0,0,0,0,0,0,2016-05-26 20:35,Property,14.55022912,121.0292348,Side Swipe
None,EDSA,None,None,"No Accident Factor, Side Swipe, 0.0 drivers_injured, 0.0 drivers_killed, 0.0 passengers_injured, 0.0 passengers_killed, 0.0 pedestrian_injured, 0.0 pedestrian_killed, Fair (Day), EDSA (SB) Evangelista St. Makati",MMDA Road Safety Unit,,3594357d-6415-4e62-941c-b925526db14c,2016-05-26,00:15:00,EDSA (SB) Magallanes loading bay Makati,0,0,0,0,0,0,0,0,0,0,2016-05-26 8:15,Property,14.53903137,121.0123272,Side Swipe
None,EDSA,None,None,"No Accident Factor, Rear-end, 0.0 drivers_injured, 0.0 drivers_killed, 0.0 passengers_injured, 0.0 passengers_killed, 0.0 pedestrian_injured, 0.0 pedestrian_killed, Fair (Night), EDSA (SB) Ayala Ave. Makati",MMDA Road Safety Unit,,12fe4e59-5eff-441f-8b90-9f438fd17356,2016-05-25,14:15:00,EDSA (SB) MRT-Buendia Station Makati,0,0,0,0,0,0,0,0,0,0,2016-05-25 22:15,Property,14.55022912,121.0292348,Rear-End
None,EDSA,None,None,"No Accident Factor, Rear-end, 0.0 drivers_injured, 0.0 drivers_killed, 0.0 passengers_injured, 0.0 passengers_killed, 0.0 pedestrian_injured, 0.0 pedestrian_killed, Fair (Day), EDSA (SB) Ayala Ave. Service Road Makati",MMDA Road Safety Unit,,18b7e0f4-ac7d-43f5-8128-954270468be0,2016-05-25,09:15:00,EDSA (SB) Guadalupe Bridge Makati,0,0,0,0,0,0,0,0,0,0,2016-05-25 17:15,Property,14.54831863,121.0268667,Rear-End
None,EDSA,None,None,"No Accident Factor, Side Swipe, 0.0 drivers_injured, 0.0 drivers_killed, 0.0 passengers_injured, 0.0 passengers_killed, 0.0 pedestrian_injured, 0.0 pedestrian_killed, Fair (Day), EDSA (SB) Evangelista st.  Makati",MMDA Road Safety Unit,,dee714c3-33ba-4c52-805a-fe31ea4c4cdd,2016-05-25,02:45:00,EDSA (SB) Ayala Ave. Makati,0,0,0,0,0,0,0,0,0,0,2016-05-25 10:45,Property,14.53903137,121.0123272,Side Swipe
None,EDSA,None,None,"No Accident Factor, Rear-end, 0.0 drivers_injured, 0.0 drivers_killed, 0.0 passengers_injured, 0.0 passengers_killed, 0.0 pedestrian_injured, 0.0 pedestrian_killed, Fair (Day), EDSA (SB) Magallanes Loading Bay Makati",MMDA Road Safety Unit,,57328339-c469-4055-b6b9-14f7c78bfac5,2016-05-25,01:25:00,EDSA (SB) Buendia Ave. (SB) Makati,0,0,0,0,0,0,0,0,0,0,2016-05-25 9:25,Property,14.54282655,121.0202714,Rear-End
None,EDSA,None,None,"No Accident Factor, Rear-end, 0.0 drivers_injured, 0.0 drivers_killed, 0.0 passengers_injured, 0.0 passengers_killed, 0.0 pedestrian_injured, 0.0 pedestrian_killed, Fair (Day), EDSA (SB) MRT-Magallanes Station  Makati",MMDA Road Safety Unit,,ed8e3e7e-965a-4e44-a4b3-322fd87cea8c,2016-05-24,03:50:00,EDSA (SB) Ayala Loading / Unloading Bay Makati,0,0,0,0,0,0,0,0,0,0,2016-05-24 11:50,Property,14.54205011,121.0196401,Rear-End
None,EDSA,None,None,"No Accident Factor, Side Swipe, 0.0 drivers_injured, 0.0 drivers_killed, 0.0 passengers_injured, 0.0 passengers_killed, 0.0 pedestrian_injured, 0.0 pedestrian_killed, Fair (Day), EDSA (SB) J.P. Rizal St.  Makati",MMDA Road Safety Unit,,a18558e0-1885-41e9-a48b-7babe4ce4082,2016-05-24,01:30:00,EDSA (SB) Estrella Loading Bay Makati,0,0,0,0,0,0,0,0,0,0,2016-05-24 9:30,Property,14.56796367,121.0460573,Side Swipe
None,EDSA,None,None,"No Accident Factor, No Collision Stated (based on Police Blotter Book), 0.0 drivers_injured, 0.0 drivers_killed, 0.0 passengers_injured, 0.0 passengers_killed, 0.0 pedestrian_injured, 0.0 pedestrian_killed, Fair (Night), EDSA (SB) Estrella Loading / Unloading Bay Makati",MMDA Road Safety Unit,,51781872-74cc-4361-a6be-95b07f21217b,2016-05-23,18:30:00,EDSA (SB) Estrella St. Makati,0,0,0,0,0,0,0,0,0,0,2016-05-24 2:30,Property,14.56059855,121.0413941,No Collision Stated
None,EDSA,None,None,"No Accident Factor, Hit and Run (Side Swipe), 0.0 drivers_injured, 0.0 drivers_killed, 0.0 passengers_injured, 0.0 passengers_killed, 0.0 pedestrian_injured, 0.0 pedestrian_killed, Fair (Night), EDSA (SB) Buendia Ave. Makati",MMDA Road Safety Unit,,1b515ed0-9adb-4384-84f8-f5a7c8a63954,2016-05-23,13:40:00,EDSA (SB) Guadalupe Loading Bay Makati,0,0,0,0,0,0,0,0,0,0,2016-05-23 21:40,Property,14.55505269,121.034707,Side Swipe
None,EDSA,None,None,"No Accident Factor, Rear-end, 0.0 drivers_injured, 0.0 drivers_killed, 0.0 passengers_injured, 0.0 passengers_killed, 0.0 pedestrian_injured, 0.0 pedestrian_killed, Fair (Day), EDSA (SB) Buendia Ave. Makati",MMDA Road Safety Unit,,f10fdf6d-5de4-481a-8d9b-7d13248e3edf,2016-05-22,01:15:00,"EDSA (SB) San Carlos Seminary, Guadalupe Makati",0,0,0,0,0,0,0,0,0,0,2016-05-22 9:15,Property,14.55505269,121.034707,Rear-End
None,EDSA,None,None,"No Accident Factor, Side Swipe, 0.0 drivers_injured, 0.0 drivers_killed, 0.0 passengers_injured, 0.0 passengers_killed, 0.0 pedestrian_injured, 0.0 pedestrian_killed, Fair (Day), EDSA (SB) Estrella St. Makati",MMDA Road Safety Unit,,a0ed0d26-4171-49ed-af65-dd0ec5b45ff2,2016-05-22,01:00:00,EDSA (SB) Estrella Loading Bay Makati,0,0,0,0,0,0,0,0,0,0,2016-05-22 9:00,Property,14.56002889,121.040751,Side Swipe
None,EDSA,None,None,"No Accident Factor, Side Swipe, 0.0 drivers_injured, 0.0 drivers_killed, 0.0 passengers_injured, 0.0 passengers_killed, 0.0 pedestrian_injured, 0.0 pedestrian_killed, Fair (Night), EDSA (SB) Magallanes loading bay Makati",MMDA Road Safety Unit,,1cfa3205-d8f8-42d2-b04a-01d5d3ae2b5d,2016-05-21,12:05:00,EDSA (SB) Estrella St. Makati,0,0,0,0,0,0,0,0,0,0,2016-05-21 20:05,Property,14.54282655,121.0202714,Side Swipe
None,EDSA,None,None,"No Accident Factor, Rear-end, 0.0 drivers_injured, 0.0 drivers_killed, 0.0 passengers_injured, 0.0 passengers_killed, 0.0 pedestrian_injured, 0.0 pedestrian_killed, Fair (Night), EDSA (SB) MRT-Buendia Station Makati",MMDA Road Safety Unit,,9f65ea18-2641-4474-b818-8e31cd49fd91,2016-05-21,12:00:00,EDSA (SB) San Lorenzo Makati,0,0,0,0,0,0,0,0,0,0,2016-05-21 20:00,Property,14.55423279,121.0338797,Rear-End
None,EDSA,None,None,"No Accident Factor, Rear-end, 0.0 drivers_injured, 0.0 drivers_killed, 0.0 passengers_injured, 0.0 passengers_killed, 0.0 pedestrian_injured, 0.0 pedestrian_killed, Fair (Day), EDSA (SB) Guadalupe Bridge Makati",MMDA Road Safety Unit,,ca751761-ff2e-4e01-8c67-61c4487918c9,2016-05-21,06:00:00,EDSA (SB) Buendia Ave. Makati,0,0,0,0,0,0,0,0,0,0,2016-05-21 14:00,Property,14.56802596,121.045885,Rear-End
None,EDSA,None,None,"No Accident Factor, Rear-end, 0.0 drivers_injured, 0.0 drivers_killed, 0.0 passengers_injured, 0.0 passengers_killed, 0.0 pedestrian_injured, 0.0 pedestrian_killed, Fair (Day), EDSA (SB) Ayala Ave. Makati",MMDA Road Safety Unit,,c28c2240-b551-4bd9-9057-97525d0a5e22,2016-05-21,05:40:00,EDSA (SB) Magallanes Loading Bay Makati,0,0,0,0,0,0,0,0,0,0,2016-05-21 13:40,Property,14.55022912,121.0292348,Rear-End
None,EDSA,None,None,"No Accident Factor, Rear-end, 0.0 drivers_injured, 0.0 drivers_killed, 0.0 passengers_injured, 0.0 passengers_killed, 0.0 pedestrian_injured, 0.0 pedestrian_killed, Fair (Night), EDSA (SB) Buendia Ave. (SB) Makati",MMDA Road Safety Unit,,d7dd3764-5eff-4f4f-92e4-3f397e47744e,2016-05-20,16:05:00,EDSA (SB) Estrella St. Makati,0,0,0,0,0,0,0,0,0,0,2016-05-21 0:05,Property,14.55505269,121.034707,Rear-End
None,EDSA,None,None,"No Accident Factor, Self-Accident, 0.0 drivers_injured, 0.0 drivers_killed, 0.0 passengers_injured, 0.0 passengers_killed, 0.0 pedestrian_injured, 0.0 pedestrian_killed, Fair (Night), EDSA (SB) Ayala Loading / Unloading Bay Makati",MMDA Road Safety Unit,,f01c8d5c-7eba-4f54-9303-72fd6fe44b61,2016-05-20,14:30:00,EDSA (SB) Estrella St. Makati,0,0,0,0,0,0,0,0,0,0,2016-05-20 22:30,Property,14.54886,121.0276063,Self-Accident
None,EDSA,None,None,"No Accident Factor, Rear-end, 0.0 drivers_injured, 0.0 drivers_killed, 0.0 passengers_injured, 0.0 passengers_killed, 0.0 pedestrian_injured, 0.0 pedestrian_killed, Fair (Night), EDSA (SB) Estrella Loading Bay Makati",MMDA Road Safety Unit,,e61887b1-3e5d-479d-b9ca-1f8da1247567,2016-05-20,14:20:00,EDSA (SB) Estrella Loading / Unloading Bay Makati,0,0,0,0,0,0,0,0,0,0,2016-05-20 22:20,Property,14.56059855,121.0413941,Rear-End
None,EDSA,None,None,"No Accident Factor, Side Swipe, 0.0 drivers_injured, 0.0 drivers_killed, 0.0 passengers_injured, 0.0 passengers_killed, 0.0 pedestrian_injured, 0.0 pedestrian_killed, Fair (Night), EDSA (SB) Estrella St. Makati",MMDA Road Safety Unit,,896e36fd-597b-4a12-8924-d67b4cba18f5,2016-05-20,10:40:00,"EDSA (SB) San Carlos Seminary, Guadalupe Makati",0,0,0,0,0,0,0,0,0,0,2016-05-20 18:40,Property,14.56002889,121.040751,Side Swipe
None,EDSA,None,None,"No Accident Factor, Side Swipe, 0.0 drivers_injured, 0.0 drivers_killed, 0.0 passengers_injured, 0.0 passengers_killed, 0.0 pedestrian_injured, 0.0 pedestrian_killed, Fair (Day), EDSA (SB) Guadalupe Loading Bay Makati",MMDA Road Safety Unit,,80c8884d-4daf-4fa5-bfd3-b6496296bd0d,2016-05-20,02:30:00,EDSA (SB) Estrella St. (Rockwell) Makati,0,0,0,0,0,0,0,0,0,0,2016-05-20 10:30,Property,14.56473213,121.0447625,Side Swipe
None,EDSA,None,None,"No Accident Factor, Side Swipe, 0.0 drivers_injured, 0.0 drivers_killed, 0.0 passengers_injured, 0.0 passengers_killed, 0.0 pedestrian_injured, 0.0 pedestrian_killed, Fair (Day), EDSA (SB) San Carlos Seminary, Guadalupe Makati",MMDA Road Safety Unit,,121e87a8-82b0-47f3-aae1-b6dad7a7460a,2016-05-19,09:00:00,EDSA (SB) Estrella St. Makati,0,0,0,0,0,0,0,0,0,0,2016-05-19 17:00,Property,14.56316308,121.043841,Side Swipe
None,EDSA,None,None,"No Accident Factor, Rear-end, 0.0 drivers_injured, 0.0 drivers_killed, 0.0 passengers_injured, 0.0 passengers_killed, 0.0 pedestrian_injured, 0.0 pedestrian_killed, Fair (Night), EDSA (SB) Estrella Loading Bay Makati",MMDA Road Safety Unit,,bab24b2a-9e6e-40a0-8e61-f6b2856132b2,2016-05-18,15:00:00,EDSA (SB) Magallanes Interchange Makati,0,0,0,0,0,0,0,0,0,0,2016-05-18 23:00,Property,14.56059855,121.0413941,Rear-End
None,EDSA,None,None,"No Accident Factor, Hit and Run (Side Swipe), 0.0 drivers_injured, 0.0 drivers_killed, 0.0 passengers_injured, 0.0 passengers_killed, 0.0 pedestrian_injured, 0.0 pedestrian_killed, Fair (Night), EDSA (SB) Estrella St. Makati",MMDA Road Safety Unit,,4b30b049-263a-4716-ba8b-70c885519fec,2016-05-18,14:00:00,EDSA (SB) Guadalupe Bridge Makati,0,0,0,0,0,0,0,0,0,0,2016-05-18 22:00,Property,14.56002889,121.040751,Side Swipe
None,EDSA,None,None,"No Accident Factor, Rear-end, 0.0 drivers_injured, 0.0 drivers_killed, 0.0 passengers_injured, 0.0 passengers_killed, 0.0 pedestrian_injured, 0.0 pedestrian_killed, Fair (Night), EDSA (SB) San Lorenzo Makati",MMDA Road Safety Unit,,6d83cbd8-378b-43ea-b1af-b805ad5c5141,2016-05-18,13:35:00,EDSA (SB) Estrella Loading / Unloading Bay Makati,0,0,0,0,0,0,0,0,0,0,2016-05-18 21:35,Property,14.5422524,121.0195278,Rear-End
None,EDSA,None,None,"No Accident Factor, Angle Impact, 0.0 drivers_injured, 0.0 drivers_killed, 0.0 passengers_injured, 0.0 passengers_killed, 0.0 pedestrian_injured, 0.0 pedestrian_killed, Fair (Night), EDSA (SB) Buendia Ave. Makati",MMDA Road Safety Unit,,4294ec3c-2a38-4e4a-b90e-901662f2017f,2016-05-18,13:00:00,EDSA (SB) Buendia MRT Station Makati,0,0,0,0,0,0,0,0,0,0,2016-05-18 21:00,Property,14.55505269,121.034707,Angle Impact
None,EDSA,None,None,"No Accident Factor, Side Swipe, 0.0 drivers_injured, 0.0 drivers_killed, 0.0 passengers_injured, 0.0 passengers_killed, 0.0 pedestrian_injured, 0.0 pedestrian_killed, Fair (Night), EDSA (SB) Magallanes Loading Bay Makati",MMDA Road Safety Unit,,98053a1e-cf96-4573-b26a-a1bbf3b20369,2016-05-18,10:15:00,"EDSA (SB) ""U"" turn slot, Buendia Ave. Makati",0,0,0,0,0,0,0,0,0,0,2016-05-18 18:15,Property,14.54282655,121.0202714,Side Swipe
None,EDSA,None,None,"No Accident Factor, Side Swipe, 0.0 drivers_injured, 0.0 drivers_killed, 0.0 passengers_injured, 0.0 passengers_killed, 0.0 pedestrian_injured, 0.0 pedestrian_killed, Fair (Night), EDSA (SB) Estrella St. Makati",MMDA Road Safety Unit,,c2b3f196-5a40-4e61-8055-210b99287b0d,2016-05-18,10:15:00,EDSA (SB) Ayala Ave. Makati,0,0,0,0,0,0,0,0,0,0,2016-05-18 18:15,Property,14.56002889,121.040751,Side Swipe
None,EDSA,None,None,"No Accident Factor, Side Swipe, 0.0 drivers_injured, 0.0 drivers_killed, 0.0 passengers_injured, 0.0 passengers_killed, 0.0 pedestrian_injured, 0.0 pedestrian_killed, Fair (Night), EDSA (SB) Estrella St. Makati",MMDA Road Safety Unit,,e5961c31-cc3a-40d8-b2ab-816037b4fe1e,2016-05-18,10:15:00,"EDSA (SB) San Carlos Seminary, Guadalupe  Makati",0,0,0,0,0,0,0,0,0,0,2016-05-18 18:15,Property,14.56002889,121.040751,Side Swipe
None,EDSA,None,None,"No Accident Factor, Rear-end, 0.0 drivers_injured, 0.0 drivers_killed, 0.0 passengers_injured, 0.0 passengers_killed, 0.0 pedestrian_injured, 0.0 pedestrian_killed, Fair (Day), EDSA (SB) Estrella Loading / Unloading Bay Makati",MMDA Road Safety Unit,,deb6c445-492d-45f1-903f-ec9bb15854f3,2016-05-18,08:10:00,EDSA (SB) Guadalupe MRT Station Makati,0,0,0,0,0,0,0,0,0,0,2016-05-18 16:10,Property,14.56059855,121.0413941,Rear-End