LOCATION_TEXT,ROAD,WEATHER,LIGHT,DESC,REPORTING_AGENCY,MAIN_CAUSE,INCIDENTDETAILS_ID,DATE_UTC,TIME_UTC,ADDRESS,killed_driver,killed_passenger,killed_pedestrian,injured_driver,injured_passenger,injured_pedestrian,killed_uncategorized,injured_uncategorized,killed_total,injured_total,DATETIME_PST,SEVERITY,Y,X,COLLISION_TYPE
None,EDSA,None,None,"No Accident Factor, No Collision Stated (based on Police Blotter Book), 0.0 drivers_injured, 0.0 drivers_killed, 0.0 passengers_injured, 0.0 passengers_killed, 0.0 pedestrian_injured, 0.0 pedestrian_killed, Fair (Day), EDSA (SB) San Carlos Seminary, Guadalupe Makati",MMDA Road Safety Unit,,4c2b18e4-9b78-4909-9df3-3abfa623b569,2016-05-18,05:30:00,EDSA (SB) Buendia Ave. Makati,0,0,0,0,0,0,0,0,0,0,2016-05-18 13:30,Property,14.56316308,121.043841,No Collision Stated
None,EDSA,None,None,"No Accident Factor, Rear-end, 0.0 drivers_injured, 0.0 drivers_killed, 0.0 passengers_injured, 0.0 passengers_killed, 0.0 pedestrian_injured, 0.0 pedestrian_killed, Fair (Day), EDSA (SB) Estrella St. (Rockwell) Makati",MMDA Road Safety Unit,,053d91b6-1250-435e-aaaa-8fed0c279096,2016-05-18,04:00:00,EDSA (SB) Ayala Ave. Makati,0,0,0,0,0,0,0,0,0,0,2016-05-18 12:00,Property,14.56002889,121.040751,Rear-End
None,EDSA,None,None,"No Accident Factor, Rear-end, 0.0 drivers_injured, 0.0 drivers_killed, 0.0 passengers_injured, 0.0 passengers_killed, 0.0 pedestrian_injured, 0.0 pedestrian_killed, Fair (Day), EDSA (SB) Estrella St. Makati",MMDA Road Safety Unit,,e1198f53-c96c-465b-a690-11fa92f0d997,2016-05-17,22:40:00,EDSA (SB) Ayala Ave. Makati,0,0,0,0,0,0,0,0,0,0,2016-05-18 6:40,Property,14.56002889,121.040751,Rear-End
None,EDSA,None,None,"No Accident Factor, Side Swipe, 0.0 drivers_injured, 0.0 drivers_killed, 0.0 passengers_injured, 0.0 passengers_killed, 0.0 pedestrian_injured, 0.0 pedestrian_killed, Fair (Night), EDSA (SB) Magallanes Interchange Makati",MMDA Road Safety Unit,,1dcdae9c-9f86-44a4-99f5-991d655b9619,2016-05-17,12:00:00,EDSA (SB) Buendia Ave. Makati,0,0,0,0,0,0,0,0,0,0,2016-05-17 20:00,Property,14.54028633,121.0167655,Side Swipe
None,EDSA,None,None,"No Accident Factor, No Collision Stated (based on Police Blotter Book), 0.0 drivers_injured, 0.0 drivers_killed, 0.0 passengers_injured, 0.0 passengers_killed, 0.0 pedestrian_injured, 0.0 pedestrian_killed, Fair (Day), EDSA (SB) Guadalupe Bridge Makati",MMDA Road Safety Unit,,910ffe8d-e213-4629-9a27-f452e4ed3dde,2016-05-17,07:45:00,EDSA (SB) Buendia Loading / Unloading Bay Makati,0,0,0,0,0,0,0,0,0,0,2016-05-17 15:45,Property,14.56802596,121.045885,No Collision Stated
None,EDSA,None,None,"No Accident Factor, Rear-end, 0.0 drivers_injured, 0.0 drivers_killed, 0.0 passengers_injured, 0.0 passengers_killed, 0.0 pedestrian_injured, 0.0 pedestrian_killed, Fair (Day), EDSA (SB) Estrella Loading / Unloading Bay Makati",MMDA Road Safety Unit,,6dcb8a60-c566-4dc0-a18d-c1b345dd6b39,2016-05-16,23:30:00,EDSA (SB) Evangelista St.  Makati,0,0,0,0,0,0,0,0,0,0,2016-05-17 7:30,Property,14.56059855,121.0413941,Rear-End
None,EDSA,None,None,"No Accident Factor, Other (Hit Veh. + Hit Obj.), 2.0 drivers_injured, 0.0 drivers_killed, 0.0 passengers_injured, 0.0 passengers_killed, 0.0 pedestrian_injured, 0.0 pedestrian_killed, Fair (Day), EDSA (SB) Buendia MRT Station Makati",MMDA Road Safety Unit,,106742a0-4037-4134-a977-973db68d0d10,2016-05-16,05:10:00,"EDSA (SB) San Carlos Seminary, Guadalupe  Makati",0,0,0,2,0,0,0,0,0,2,2016-05-16 13:10,Injury,14.55421358,121.03387,Hit Object
None,EDSA,None,None,"No Accident Factor, Rear-end, 0.0 drivers_injured, 0.0 drivers_killed, 0.0 passengers_injured, 0.0 passengers_killed, 0.0 pedestrian_injured, 0.0 pedestrian_killed, Fair (Day), EDSA (SB) ""U"" turn slot, Buendia Ave. Makati",MMDA Road Safety Unit,,3445ff60-8257-4feb-9fa0-898192020e34,2016-05-13,03:20:00,EDSA (SB) Buendia Ave. Makati,0,0,0,0,0,0,0,0,0,0,2016-05-13 11:20,Property,14.55533419,121.0354546,Rear-End
None,EDSA,None,None,"No Accident Factor, Side Swipe, 0.0 drivers_injured, 0.0 drivers_killed, 0.0 passengers_injured, 0.0 passengers_killed, 0.0 pedestrian_injured, 0.0 pedestrian_killed, Fair (Day), EDSA (SB) Ayala Ave. Makati",MMDA Road Safety Unit,,72f1592a-6e95-4159-bd7c-b9b04359c931,2016-05-12,07:45:00,EDSA (SB) Evangelista St. Makati,0,0,0,0,0,0,0,0,0,0,2016-05-12 15:45,Property,14.55022912,121.0292348,Side Swipe
None,EDSA,None,None,"No Accident Factor, Rear-end, 0.0 drivers_injured, 0.0 drivers_killed, 0.0 passengers_injured, 0.0 passengers_killed, 0.0 pedestrian_injured, 0.0 pedestrian_killed, Fair (Day), EDSA (SB) San Carlos Seminary, Guadalupe  Makati",MMDA Road Safety Unit,,3216b32d-ba3c-4347-ab28-264479acf2bd,2016-05-11,23:00:00,EDSA (SB) Magallanes Bus Stop Makati,0,0,0,0,0,0,0,0,0,0,2016-05-12 7:00,Property,14.56316308,121.043841,Rear-End
None,EDSA,None,None,"No Accident Factor, Rear-end, 0.0 drivers_injured, 0.0 drivers_killed, 0.0 passengers_injured, 0.0 passengers_killed, 0.0 pedestrian_injured, 0.0 pedestrian_killed, Fair (Night), EDSA (SB) Guadalupe MRT Station Makati",MMDA Road Safety Unit,,9525fd89-8a83-4f77-bd1f-830ffc1d8446,2016-05-11,20:20:00,EDSA (SB) Buendia Ave. Makati,0,0,0,0,0,0,0,0,0,0,2016-05-12 4:20,Property,14.5665734,121.0453551,Rear-End
None,EDSA,None,None,"No Accident Factor, Side Swipe, 0.0 drivers_injured, 0.0 drivers_killed, 0.0 passengers_injured, 0.0 passengers_killed, 0.0 pedestrian_injured, 0.0 pedestrian_killed, Fair (Night), EDSA (SB) Buendia Ave. Makati",MMDA Road Safety Unit,,803590da-8cc5-4090-8ed4-f33ce7e88702,2016-05-11,11:00:00,EDSA (SB) Guadalupe MRT Station Makati,0,0,0,0,0,0,0,0,0,0,2016-05-11 19:00,Property,14.55505269,121.034707,Side Swipe
None,EDSA,None,None,"No Accident Factor, No Collision Stated (based on Police Blotter Book), 0.0 drivers_injured, 0.0 drivers_killed, 1.0 passengers_injured, 0.0 passengers_killed, 0.0 pedestrian_injured, 0.0 pedestrian_killed, Fair (Day), EDSA (SB) Ayala Ave. Makati",MMDA Road Safety Unit,,7bc6e2ad-d1b2-4b4f-8970-f13c88721692,2016-05-11,07:30:00,EDSA (SB) Ayala Ave. (Urdaneta Village) Makati,0,0,0,0,1,0,0,0,0,1,2016-05-11 15:30,Injury,14.55022912,121.0292348,No Collision Stated
None,EDSA,None,None,"No Accident Factor, No Collision Stated (based on Police Blotter Book), 0.0 drivers_injured, 0.0 drivers_killed, 1.0 passengers_injured, 0.0 passengers_killed, 0.0 pedestrian_injured, 0.0 pedestrian_killed, Fair (Day), EDSA (SB) Ayala Ave. Makati",MMDA Road Safety Unit,,3c88648f-8b7c-4951-9db6-6b3674fbffcc,2016-05-11,07:30:00,EDSA (SB) Magallanes Loading / Unloading Bay Makati,0,0,0,0,1,0,0,0,0,1,2016-05-11 15:30,Injury,14.55022912,121.0292348,No Collision Stated
None,EDSA,None,None,"No Accident Factor, Hit and Run (No Collision Stated), 0.0 drivers_injured, 0.0 drivers_killed, 0.0 passengers_injured, 0.0 passengers_killed, 0.0 pedestrian_injured, 0.0 pedestrian_killed, Fair (Day), EDSA (SB) Buendia Ave. Makati",MMDA Road Safety Unit,,8354a9d8-2dca-43c0-8d40-c120a0964ecd,2016-05-11,01:20:00,EDSA (SB) Ayala Ave. Makati,0,0,0,0,0,0,0,0,0,0,2016-05-11 9:20,Property,14.55505269,121.034707,No Collision Stated
None,EDSA,None,None,"No Accident Factor, Side Swipe, 0.0 drivers_injured, 0.0 drivers_killed, 0.0 passengers_injured, 0.0 passengers_killed, 0.0 pedestrian_injured, 0.0 pedestrian_killed, Fair (Day), EDSA (SB) Buendia Loading / Unloading Bay Makati",MMDA Road Safety Unit,,a0fa5f8f-1ca0-4a44-af21-fd4e8697188c,2016-05-11,00:45:00,"EDSA (SB) San Carlos Seminary, Guadalupe  Makati",0,0,0,0,0,0,0,0,0,0,2016-05-11 8:45,Property,14.55405859,121.0336357,Side Swipe
None,EDSA,None,None,"No Accident Factor, Side Swipe, 0.0 drivers_injured, 0.0 drivers_killed, 0.0 passengers_injured, 0.0 passengers_killed, 0.0 pedestrian_injured, 0.0 pedestrian_killed, Fair (Night), EDSA (SB) Evangelista St.  Makati",MMDA Road Safety Unit,,253ff4b1-bf39-4dc3-af1f-23ce38ba4171,2016-05-10,11:10:00,EDSA (SB) Estrella Loading / Unloading Bay Makati,0,0,0,0,0,0,0,0,0,0,2016-05-10 19:10,Property,14.53903137,121.0123272,Side Swipe
None,EDSA,None,None,"No Accident Factor, Rear-end, 0.0 drivers_injured, 0.0 drivers_killed, 0.0 passengers_injured, 0.0 passengers_killed, 0.0 pedestrian_injured, 0.0 pedestrian_killed, Fair (Day), EDSA (SB) San Carlos Seminary, Guadalupe  Makati",MMDA Road Safety Unit,,f647b76c-5134-452c-bb23-d1c047b08e8e,2016-05-10,02:45:00,EDSA (SB) Magallanes Loading / Unloading Bay Makati,0,0,0,0,0,0,0,0,0,0,2016-05-10 10:45,Property,14.56316308,121.043841,Rear-End
None,EDSA,None,None,"No Accident Factor, Rear-end, 1.0 drivers_injured, 0.0 drivers_killed, 0.0 passengers_injured, 0.0 passengers_killed, 0.0 pedestrian_injured, 0.0 pedestrian_killed, Fair (Day), EDSA (SB) Buendia Ave. Makati",MMDA Road Safety Unit,,ecf8e111-1382-4212-8f14-3cff8fe1a42d,2016-05-07,09:45:00,EDSA (SB) Estrella Loading / Unloading Bay Makati,0,0,0,1,0,0,0,0,0,1,2016-05-07 17:45,Injury,14.55505269,121.034707,Rear-End
None,EDSA,None,None,"No Accident Factor, Rear-end, 0.0 drivers_injured, 0.0 drivers_killed, 0.0 passengers_injured, 0.0 passengers_killed, 0.0 pedestrian_injured, 0.0 pedestrian_killed, Fair (Day), EDSA (SB) Evangelista St. Makati",MMDA Road Safety Unit,,19a6b990-3e5f-43b9-8414-31155b58f144,2016-05-07,08:40:00,EDSA (SB) Guadalupe Bridge Makati,0,0,0,0,0,0,0,0,0,0,2016-05-07 16:40,Property,14.53903137,121.0123272,Rear-End
None,EDSA,None,None,"No Accident Factor, Multiple Collision, 0.0 drivers_injured, 0.0 drivers_killed, 1.0 passengers_injured, 0.0 passengers_killed, 0.0 pedestrian_injured, 0.0 pedestrian_killed, Fair (Night), EDSA (SB) Magallanes Bus Stop Makati",MMDA Road Safety Unit,,530b95c8-ddcf-4bfb-9966-a32426f8b4f0,2016-05-06,20:30:00,EDSA (SB) Magallanes MRT Station Makati,0,0,0,0,1,0,0,0,0,1,2016-05-07 4:30,Injury,14.54288632,121.0202709,Multiple
None,EDSA,None,None,"No Accident Factor, No Collision Stated (based on Police Blotter Book), 0.0 drivers_injured, 0.0 drivers_killed, 0.0 passengers_injured, 0.0 passengers_killed, 0.0 pedestrian_injured, 0.0 pedestrian_killed, Fair (Night), EDSA (SB) Buendia Ave. Makati",MMDA Road Safety Unit,,4427e9e9-a71d-4e8a-8f7e-783545e992c6,2016-05-06,12:00:00,"EDSA (SB) Phoenix Gas station, Guadalupe Nuevo Makati",0,0,0,0,0,0,0,0,0,0,2016-05-06 20:00,Property,14.55505269,121.034707,No Collision Stated
None,EDSA,None,None,"No Accident Factor, Side Swipe, 0.0 drivers_injured, 0.0 drivers_killed, 0.0 passengers_injured, 0.0 passengers_killed, 0.0 pedestrian_injured, 0.0 pedestrian_killed, Fair (Night), EDSA (SB) Guadalupe MRT Station Makati",MMDA Road Safety Unit,,3dfb35af-cef1-43ed-a9ab-88bb0b999107,2016-05-06,12:00:00,EDSA (SB) Ayala Ave. Makati,0,0,0,0,0,0,0,0,0,0,2016-05-06 20:00,Property,14.5665734,121.0453551,Side Swipe
None,EDSA,None,None,"No Accident Factor, Rear-end, 0.0 drivers_injured, 0.0 drivers_killed, 0.0 passengers_injured, 0.0 passengers_killed, 0.0 pedestrian_injured, 0.0 pedestrian_killed, Fair (Night), EDSA (SB) Ayala Ave. (Urdaneta Village) Makati",MMDA Road Safety Unit,,0d9f7b61-03a1-4211-9a0e-bb797df6b280,2016-05-06,10:05:00,"EDSA (SB) Jollibee, Evangelista St. Makati",0,0,0,0,0,0,0,0,0,0,2016-05-06 18:05,Property,14.55022912,121.0292348,Rear-End
None,EDSA,None,None,"No Accident Factor, Rear-end, 0.0 drivers_injured, 0.0 drivers_killed, 0.0 passengers_injured, 0.0 passengers_killed, 0.0 pedestrian_injured, 0.0 pedestrian_killed, Fair (Day), EDSA (SB) Magallanes Loading / Unloading Bay Makati",MMDA Road Safety Unit,,3f3166cf-daad-432f-a6a6-44c4ae91ab25,2016-05-06,02:40:00,EDSA (SB) Buendia Ave. Makati,0,0,0,0,0,0,0,0,0,0,2016-05-06 10:40,Property,14.54282655,121.0202714,Rear-End
None,EDSA,None,None,"No Accident Factor, Side Swipe, 0.0 drivers_injured, 0.0 drivers_killed, 0.0 passengers_injured, 0.0 passengers_killed, 0.0 pedestrian_injured, 0.0 pedestrian_killed, Fair (Day), EDSA (SB) Ayala Ave. Makati",MMDA Road Safety Unit,,7d806a56-f0dc-46cf-84e6-16789384e887,2016-05-06,01:20:00,EDSA (SB) Magallanes Interchange Makati,0,0,0,0,0,0,0,0,0,0,2016-05-06 9:20,Property,14.55022912,121.0292348,Side Swipe
None,EDSA,None,None,"No Accident Factor, Rear-end, 0.0 drivers_injured, 0.0 drivers_killed, 0.0 passengers_injured, 0.0 passengers_killed, 0.0 pedestrian_injured, 0.0 pedestrian_killed, Fair (Day), EDSA (SB) San Carlos Seminary, Guadalupe  Makati",MMDA Road Safety Unit,,c5798d2e-93e7-4a9c-80c1-4c850a91dc0c,2016-05-05,00:45:00,EDSA (SB) Ayala Ave. Makati,0,0,0,0,0,0,0,0,0,0,2016-05-05 8:45,Property,14.56316308,121.043841,Rear-End
None,EDSA,None,None,"No Accident Factor, Side Swipe, 0.0 drivers_injured, 0.0 drivers_killed, 0.0 passengers_injured, 0.0 passengers_killed, 0.0 pedestrian_injured, 0.0 pedestrian_killed, Fair (Day), EDSA (SB) Estrella Loading / Unloading Bay Makati",MMDA Road Safety Unit,,f837869c-97a1-4c61-baad-011b15b86cf1,2016-05-04,09:30:00,EDSA (SB) Ayala Ave. Makati,0,0,0,0,0,0,0,0,0,0,2016-05-04 17:30,Property,14.56059855,121.0413941,Side Swipe
None,EDSA,None,None,"No Accident Factor, Side Swipe, 0.0 drivers_injured, 0.0 drivers_killed, 0.0 passengers_injured, 0.0 passengers_killed, 0.0 pedestrian_injured, 0.0 pedestrian_killed, Fair (Night), EDSA (SB) Magallanes Loading / Unloading Bay Makati",MMDA Road Safety Unit,,5658e382-2f46-45cd-886e-3014fa29431c,2016-05-03,21:30:00,EDSA (SB) Evangelista St. Makati,0,0,0,0,0,0,0,0,0,0,2016-05-04 5:30,Property,14.54282655,121.0202714,Side Swipe
None,EDSA,None,None,"No Accident Factor, Rear-end, 0.0 drivers_injured, 0.0 drivers_killed, 0.0 passengers_injured, 0.0 passengers_killed, 0.0 pedestrian_injured, 0.0 pedestrian_killed, Fair (Day), EDSA (SB) Estrella Loading / Unloading Bay Makati",MMDA Road Safety Unit,,75c3148d-502c-4611-8264-1d0333a5bfc1,2016-05-03,07:15:00,EDSA (SB) Estrella St. Makati,0,0,0,0,0,0,0,0,0,0,2016-05-03 15:15,Property,14.56059855,121.0413941,Rear-End
None,EDSA,None,None,"No Accident Factor, Side Swipe, 0.0 drivers_injured, 0.0 drivers_killed, 0.0 passengers_injured, 0.0 passengers_killed, 0.0 pedestrian_injured, 0.0 pedestrian_killed, Fair (Night), EDSA (SB) Guadalupe Bridge Makati",MMDA Road Safety Unit,,e46d776e-df6e-4269-995a-8b4563943504,2016-05-02,11:15:00,EDSA (SB) Estrella St. Makati,0,0,0,0,0,0,0,0,0,0,2016-05-02 19:15,Property,14.56802596,121.045885,Side Swipe
None,EDSA,None,None,"No Accident Factor, Hit Object (Barrier-Plastic), 0.0 drivers_injured, 0.0 drivers_killed, 0.0 passengers_injured, 0.0 passengers_killed, 0.0 pedestrian_injured, 0.0 pedestrian_killed, Fair (Day), EDSA (SB) Magallanes MRT Station Makati",MMDA Road Safety Unit,,eedd5816-f47c-473f-9600-39f16d9b2cc8,2016-05-01,22:10:00,EDSA (SB) Estrella St. Makati,0,0,0,0,0,0,0,0,0,0,2016-05-02 6:10,Property,14.54171041,121.019054,Hit Object
None,EDSA,None,None,"No Accident Factor, Hit and Run (No Collision Stated), 0.0 drivers_injured, 0.0 drivers_killed, 0.0 passengers_injured, 0.0 passengers_killed, 0.0 pedestrian_injured, 0.0 pedestrian_killed, Fair (Day), EDSA (SB) Phoenix Gas station, Guadalupe Nuevo Makati",MMDA Road Safety Unit,,cacebc2f-f63e-443e-ad77-ca765c51ec93,2016-05-01,05:30:00,EDSA (SB) Estrella St. (Rockwell) Makati,0,0,0,0,0,0,0,0,0,0,2016-05-01 13:30,Property,14.56329194,121.0442388,No Collision Stated
None,EDSA,None,None,"No Accident Factor, No Collision Stated (based on Police Blotter Book), 1.0 drivers_injured, 0.0 drivers_killed, 0.0 passengers_injured, 1.0 passengers_killed, 0.0 pedestrian_injured, 0.0 pedestrian_killed, Fair (Day), EDSA (SB) Ayala Ave. Makati",MMDA Road Safety Unit,,1a6b2ab5-c55a-4aff-ab3e-7a6a53dd7314,2016-05-01,02:15:00,EDSA (SB) Rockwell  Makati,0,1,0,1,0,0,0,0,1,1,2016-05-01 10:15,Fatal,14.55022912,121.0292348,No Collision Stated
None,EDSA,None,None,"No Accident Factor, Hit Parked Vehicle, 0.0 drivers_injured, 0.0 drivers_killed, 0.0 passengers_injured, 0.0 passengers_killed, 0.0 pedestrian_injured, 0.0 pedestrian_killed, Fair (Day), EDSA (SB) Jollibee, Evangelista St. Makati",MMDA Road Safety Unit,,49bc364a-647e-460c-8827-c3d48e1547f7,2016-05-01,01:00:00,EDSA (SB) Ayala Ave. - Buendia Ave. Makati,0,0,0,0,0,0,0,0,0,0,2016-05-01 9:00,Property,14.53912935,121.0121428,Hit Object
None,EDSA,None,None,"No Accident Factor, Rear-end, 0.0 drivers_injured, 0.0 drivers_killed, 0.0 passengers_injured, 0.0 passengers_killed, 0.0 pedestrian_injured, 0.0 pedestrian_killed, Fair (Night), EDSA (SB) Buendia Ave. Makati",MMDA Road Safety Unit,,9f3e1e7e-6d68-42e6-961f-a33ccc816fe3,2016-04-30,20:15:00,EDSA (SB) Magallanes Loading / Unloading Bay Makati,0,0,0,0,0,0,0,0,0,0,2016-05-01 4:15,Property,14.55505269,121.034707,Rear-End
None,EDSA,None,None,"No Accident Factor, Rear-end, 0.0 drivers_injured, 0.0 drivers_killed, 0.0 passengers_injured, 0.0 passengers_killed, 0.0 pedestrian_injured, 0.0 pedestrian_killed, Fair (Night), EDSA (SB) Magallanes Interchange Makati",MMDA Road Safety Unit,,141ef4fa-a6f3-41b7-8073-6ec6956f47e4,2016-04-30,11:00:00,EDSA (SB) Buendia Loading / Unloading Bay Makati,0,0,0,0,0,0,0,0,0,0,2016-04-30 19:00,Property,14.54028633,121.0167655,Rear-End
None,EDSA,None,None,"No Accident Factor, Side Swipe, 1.0 drivers_injured, 0.0 drivers_killed, 0.0 passengers_injured, 0.0 passengers_killed, 0.0 pedestrian_injured, 0.0 pedestrian_killed, Fair (Day), EDSA (SB) Ayala Ave. Makati",MMDA Road Safety Unit,,db6d6c48-7dd4-4be0-9728-b100e6f5f980,2016-04-30,07:00:00,EDSA (SB) Buendia Ave. Makati,0,0,0,1,0,0,0,0,0,1,2016-04-30 15:00,Injury,14.55022912,121.0292348,Side Swipe
None,EDSA,None,None,"No Accident Factor, No Collision Stated (based on Police Blotter Book), 0.0 drivers_injured, 0.0 drivers_killed, 2.0 passengers_injured, 0.0 passengers_killed, 0.0 pedestrian_injured, 0.0 pedestrian_killed, Fair (Day), EDSA (SB) Ayala Ave. Makati",MMDA Road Safety Unit,,d58d7d90-d0d0-4e4c-9c63-f0ea54d904f1,2016-04-30,06:15:00,EDSA (SB) between Buendia Ave. & Ayala Ave.  Makati,0,0,0,0,2,0,0,0,0,2,2016-04-30 14:15,Injury,14.55022912,121.0292348,No Collision Stated
None,EDSA,None,None,"No Accident Factor, Side Swipe, 0.0 drivers_injured, 0.0 drivers_killed, 0.0 passengers_injured, 0.0 passengers_killed, 0.0 pedestrian_injured, 0.0 pedestrian_killed, Fair (Day), EDSA (SB) Evangelista St. Makati",MMDA Road Safety Unit,,d6031df6-66ac-46c1-a0aa-17851f08b485,2016-04-30,04:45:00,EDSA (SB) Ayala Ave. Makati,0,0,0,0,0,0,0,0,0,0,2016-04-30 12:45,Property,14.53903137,121.0123272,Side Swipe
None,EDSA,None,None,"No Accident Factor, Side Swipe, 0.0 drivers_injured, 0.0 drivers_killed, 0.0 passengers_injured, 0.0 passengers_killed, 0.0 pedestrian_injured, 0.0 pedestrian_killed, Fair (Night), EDSA (SB) Estrella St. Makati",MMDA Road Safety Unit,,ef7c26f2-05c4-4c3b-8bc4-c2327aa140bd,2016-04-29,16:25:00,EDSA (SB) Buendia Ave. Makati,0,0,0,0,0,0,0,0,0,0,2016-04-30 0:25,Property,14.56002889,121.040751,Side Swipe
None,EDSA,None,None,"No Accident Factor, Rear-end, 0.0 drivers_injured, 0.0 drivers_killed, 0.0 passengers_injured, 0.0 passengers_killed, 0.0 pedestrian_injured, 0.0 pedestrian_killed, Fair (Night), EDSA (SB) Estrella St. Makati",MMDA Road Safety Unit,,ded01992-bb16-46c1-973b-8344bc0b87f2,2016-04-29,15:30:00,EDSA (SB) Ayala Ave. Makati,0,0,0,0,0,0,0,0,0,0,2016-04-29 23:30,Property,14.56002889,121.040751,Rear-End
None,EDSA,None,None,"No Accident Factor, Side Swipe, 0.0 drivers_injured, 0.0 drivers_killed, 0.0 passengers_injured, 0.0 passengers_killed, 0.0 pedestrian_injured, 0.0 pedestrian_killed, Fair (Night), EDSA (SB) Estrella St. Makati",MMDA Road Safety Unit,,02da838b-d8f5-4ae0-9804-2fc159f22db6,2016-04-29,14:45:00,EDSA (SB) Buendia Ave. (Shell Gas Station)  Makati,0,0,0,0,0,0,0,0,0,0,2016-04-29 22:45,Property,14.56002889,121.040751,Side Swipe
None,EDSA,None,None,"No Accident Factor, Side Swipe, 0.0 drivers_injured, 0.0 drivers_killed, 0.0 passengers_injured, 0.0 passengers_killed, 0.0 pedestrian_injured, 0.0 pedestrian_killed, Fair (Day), EDSA (SB) Estrella St. (Rockwell) Makati",MMDA Road Safety Unit,,9122ae23-acd7-4f17-aba4-df54bd5fe1b3,2016-04-29,07:55:00,"EDSA (SB) San Carlos Seminary, Guadalupe  Makati",0,0,0,0,0,0,0,0,0,0,2016-04-29 15:55,Property,14.56002889,121.040751,Side Swipe
None,EDSA,None,None,"No Accident Factor, No Collision Stated (based on Police Blotter Book), 0.0 drivers_injured, 0.0 drivers_killed, 0.0 passengers_injured, 0.0 passengers_killed, 0.0 pedestrian_injured, 0.0 pedestrian_killed, Fair (Day), EDSA (SB) Rockwell  Makati",MMDA Road Safety Unit,,3352a5aa-9455-4024-9714-7882306d08cd,2016-04-29,07:15:00,EDSA (SB) Ayala Ave. Makati,0,0,0,0,0,0,0,0,0,0,2016-04-29 15:15,Property,14.559945,121.0407272,No Collision Stated
None,EDSA,None,None,"No Accident Factor, Side Swipe, 0.0 drivers_injured, 0.0 drivers_killed, 0.0 passengers_injured, 0.0 passengers_killed, 0.0 pedestrian_injured, 0.0 pedestrian_killed, Fair (Day), EDSA (SB) Ayala Ave. - Buendia Ave. Makati",MMDA Road Safety Unit,,935d79e9-ba8e-4c22-a71f-24a9b735dcf3,2016-04-29,03:30:00,EDSA (SB) Estrella St. Makati,0,0,0,0,0,0,0,0,0,0,2016-04-29 11:30,Property,14.55032185,121.0294221,Side Swipe
None,EDSA,None,None,"No Accident Factor, No Collision Stated (based on Police Blotter Book), 0.0 drivers_injured, 0.0 drivers_killed, 0.0 passengers_injured, 0.0 passengers_killed, 0.0 pedestrian_injured, 0.0 pedestrian_killed, Fair (Day), EDSA (SB) Magallanes Loading / Unloading Bay Makati",MMDA Road Safety Unit,,f2c9a231-f260-4cdb-8441-0ab3f34964e3,2016-04-29,00:45:00,"EDSA (SB) ""U"" turn Slot, Buendia Ave.  Makati",0,0,0,0,0,0,0,0,0,0,2016-04-29 8:45,Property,14.54282655,121.0202714,No Collision Stated
None,EDSA,None,None,"No Accident Factor, Hit Object (Barrier-Plastic), 0.0 drivers_injured, 0.0 drivers_killed, 0.0 passengers_injured, 0.0 passengers_killed, 0.0 pedestrian_injured, 0.0 pedestrian_killed, Fair (Day), EDSA (SB) Buendia Loading / Unloading Bay Makati",MMDA Road Safety Unit,,cffeabbf-a3c2-4319-82ec-65926ba915a7,2016-04-29,00:30:00,EDSA (SB) Ayala MRT Station Makati,0,0,0,0,0,0,0,0,0,0,2016-04-29 8:30,Property,14.55405859,121.0336357,Hit Object
None,EDSA,None,None,"No Accident Factor, Rear-end, 0.0 drivers_injured, 0.0 drivers_killed, 0.0 passengers_injured, 0.0 passengers_killed, 0.0 pedestrian_injured, 0.0 pedestrian_killed, Fair (Day), EDSA (SB) Buendia Ave. Makati",MMDA Road Safety Unit,,e0a9980f-194f-4e19-b13c-0eaba70f24c1,2016-04-28,23:55:00,EDSA (SB) Natividad St. Makati,0,0,0,0,0,0,0,0,0,0,2016-04-29 7:55,Property,14.55505269,121.034707,Rear-End
None,EDSA,None,None,"No Accident Factor, Side Swipe, 0.0 drivers_injured, 0.0 drivers_killed, 0.0 passengers_injured, 0.0 passengers_killed, 0.0 pedestrian_injured, 0.0 pedestrian_killed, Fair (Day), EDSA (SB) between Buendia Ave. & Ayala Ave.  Makati",MMDA Road Safety Unit,,2a3e36e9-9e85-405f-a7b2-6e3a6f7da91b,2016-04-28,08:00:00,EDSA (SB) Ayala Ave. Makati,0,0,0,0,0,0,0,0,0,0,2016-04-28 16:00,Property,14.55428081,121.0339038,Side Swipe
None,EDSA,None,None,"No Accident Factor, Rear-end, 0.0 drivers_injured, 0.0 drivers_killed, 0.0 passengers_injured, 0.0 passengers_killed, 0.0 pedestrian_injured, 0.0 pedestrian_killed, Fair (Day), EDSA (SB) Ayala Ave. Makati",MMDA Road Safety Unit,,4d5b0736-1456-4829-9c36-a7f7eeb40a1a,2016-04-28,03:35:00,EDSA (SB) Estrella St. (Pet Plans Bldg.) Makati,0,0,0,0,0,0,0,0,0,0,2016-04-28 11:35,Property,14.55022912,121.0292348,Rear-End
None,EDSA,None,None,"No Accident Factor, Side Swipe, 0.0 drivers_injured, 0.0 drivers_killed, 0.0 passengers_injured, 0.0 passengers_killed, 0.0 pedestrian_injured, 0.0 pedestrian_killed, Fair (Day), EDSA (SB) Buendia Ave. Makati",MMDA Road Safety Unit,,683fc593-1efb-4dc8-9608-74682ad572d5,2016-04-28,03:25:00,EDSA (SB) Estrella Loading / Unloading Bay Makati,0,0,0,0,0,0,0,0,0,0,2016-04-28 11:25,Property,14.55505269,121.034707,Side Swipe