LOCATION_TEXT,ROAD,WEATHER,LIGHT,DESC,REPORTING_AGENCY,MAIN_CAUSE,INCIDENTDETAILS_ID,DATE_UTC,TIME_UTC,ADDRESS,killed_driver,killed_passenger,killed_pedestrian,injured_driver,injured_passenger,injured_pedestrian,killed_uncategorized,injured_uncategorized,killed_total,injured_total,DATETIME_PST,SEVERITY,Y,X,COLLISION_TYPE
None,EDSA,None,None,"No Accident Factor, Side Swipe, 0.0 drivers_injured, 0.0 drivers_killed, 0.0 passengers_injured, 0.0 passengers_killed, 0.0 pedestrian_injured, 0.0 pedestrian_killed, Fair (Night), EDSA (SB) Ayala Ave. Makati",MMDA Road Safety Unit,,79f4db1d-9c2b-49e8-b5ac-856d4c3f59ce,2016-04-27,14:00:00,EDSA (SB) Magallanes Loading / Unloading Bay Makati,0,0,0,0,0,0,0,0,0,0,2016-04-27 22:00,Property,14.55022912,121.0292348,Side Swipe
None,EDSA,None,None,"No Accident Factor, No Collision Stated (based on Police Blotter Book), 0.0 drivers_injured, 0.0 drivers_killed, 0.0 passengers_injured, 0.0 passengers_killed, 0.0 pedestrian_injured, 0.0 pedestrian_killed, Fair (Day), EDSA (SB) Buendia Ave. (Shell Gas Station)  Makati",MMDA Road Safety Unit,,cf256ef1-8188-48ad-88e3-38b30cb8e43f,2016-04-27,04:00:00,EDSA (SB) Magallanes Interchange Makati,0,0,0,0,0,0,0,0,0,0,2016-04-27 12:00,Property,14.55532829,121.0350679,No Collision Stated
None,EDSA,None,None,"No Accident Factor, Hit and Run (Rear-end), 0.0 drivers_injured, 0.0 drivers_killed, 0.0 passengers_injured, 0.0 passengers_killed, 0.0 pedestrian_injured, 0.0 pedestrian_killed, Fair (Day), EDSA (SB) San Carlos Seminary, Guadalupe  Makati",MMDA Road Safety Unit,,29bbf301-e0ba-49b9-8e19-f376a8b150e9,2016-04-27,03:30:00,EDSA (SB) Ayala Ave. Makati,0,0,0,0,0,0,0,0,0,0,2016-04-27 11:30,Property,14.56316308,121.043841,Rear-End
None,EDSA,None,None,"No Accident Factor, Rear-end, 0.0 drivers_injured, 0.0 drivers_killed, 0.0 passengers_injured, 0.0 passengers_killed, 0.0 pedestrian_injured, 0.0 pedestrian_killed, Fair (Day), EDSA (SB) Ayala Ave. Makati",MMDA Road Safety Unit,,e10691d5-7d9a-4b9a-8b79-0a5de2dc47c5,2016-04-27,00:55:00,EDSA (SB) San Lorenzo Makati,0,0,0,0,0,0,0,0,0,0,2016-04-27 8:55,Property,14.55022912,121.0292348,Rear-End
None,EDSA,None,None,"No Accident Factor, No Collision Stated (based on Police Blotter Book), 0.0 drivers_injured, 0.0 drivers_killed, 0.0 passengers_injured, 0.0 passengers_killed, 0.0 pedestrian_injured, 0.0 pedestrian_killed, Fair (Day), EDSA (SB) Estrella St. Makati",MMDA Road Safety Unit,,ce50e350-f06a-49ef-9181-98ff51a62894,2016-04-26,23:00:00,EDSA (SB) Ayala Loading / Unloading Bay Makati,0,0,0,0,0,0,0,0,0,0,2016-04-27 7:00,Property,14.56002889,121.040751,No Collision Stated
None,EDSA,None,None,"No Accident Factor, Rear-end, 0.0 drivers_injured, 0.0 drivers_killed, 0.0 passengers_injured, 0.0 passengers_killed, 0.0 pedestrian_injured, 0.0 pedestrian_killed, Fair (Night), EDSA (SB) ""U"" turn Slot, Buendia Ave.  Makati",MMDA Road Safety Unit,,7e5173a9-6202-4d3b-8e95-7e10c11f312c,2016-04-26,11:00:00,EDSA (SB) Buendia Ave. (Forbes Park) Makati,0,0,0,0,0,0,0,0,0,0,2016-04-26 19:00,Property,14.55533419,121.0354546,Rear-End
None,EDSA,None,None,"No Accident Factor, Side Swipe, 0.0 drivers_injured, 0.0 drivers_killed, 0.0 passengers_injured, 0.0 passengers_killed, 0.0 pedestrian_injured, 0.0 pedestrian_killed, Fair (Day), EDSA (SB) Ayala MRT Station Makati",MMDA Road Safety Unit,,aa0e1cc9-9424-4bb7-bd3c-b148d77e528e,2016-04-26,06:55:00,EDSA (SB) Buenida Ave. (E-Bay) Makati,0,0,0,0,0,0,0,0,0,0,2016-04-26 14:55,Property,14.54918586,121.0279716,Side Swipe
None,EDSA,None,None,"No Accident Factor, Side Swipe, 0.0 drivers_injured, 0.0 drivers_killed, 0.0 passengers_injured, 0.0 passengers_killed, 0.0 pedestrian_injured, 0.0 pedestrian_killed, Fair (Day), EDSA (SB) Natividad St. Makati",MMDA Road Safety Unit,,8604d6b7-0561-4967-af9c-bf90ace42dbc,2016-04-25,23:50:00,EDSA (SB) Buenida Ave.  Makati,0,0,0,0,0,0,0,0,0,0,2016-04-26 7:50,Property,14.54016446,121.015786,Side Swipe
None,EDSA,None,None,"No Accident Factor, Side Swipe, 0.0 drivers_injured, 0.0 drivers_killed, 0.0 passengers_injured, 0.0 passengers_killed, 0.0 pedestrian_injured, 0.0 pedestrian_killed, Fair (Night), EDSA (SB) Ayala Ave. Makati",MMDA Road Safety Unit,,1cb4e0cd-c912-47bd-a68c-69e624808354,2016-04-25,12:30:00,EDSA (SB) Rockwell Makati,0,0,0,0,0,0,0,0,0,0,2016-04-25 20:30,Property,14.55022912,121.0292348,Side Swipe
None,EDSA,None,None,"No Accident Factor, No Collision Stated (based on Police Blotter Book), 0.0 drivers_injured, 0.0 drivers_killed, 2.0 passengers_injured, 0.0 passengers_killed, 0.0 pedestrian_injured, 0.0 pedestrian_killed, Fair (Night), EDSA (SB) Estrella St. (Pet Plans Bldg.) Makati",MMDA Road Safety Unit,,ed05c3be-00fa-48c5-b029-f6f4865256ca,2016-04-25,11:15:00,EDSA (SB) Guadalupe Bridge Makati,0,0,0,0,2,0,0,0,0,2,2016-04-25 19:15,Injury,14.56191192,121.0429045,No Collision Stated
None,EDSA,None,None,"No Accident Factor, Rear-end, 0.0 drivers_injured, 0.0 drivers_killed, 0.0 passengers_injured, 0.0 passengers_killed, 0.0 pedestrian_injured, 0.0 pedestrian_killed, Fair (Day), EDSA (SB) Estrella Loading / Unloading Bay Makati",MMDA Road Safety Unit,,325c9d67-af87-40b3-9611-e31f9a76f51e,2016-04-25,01:40:00,EDSA (SB) Ayala Ave. Makati,0,0,0,0,0,0,0,0,0,0,2016-04-25 9:40,Property,14.56059855,121.0413941,Rear-End
None,EDSA,None,None,"No Accident Factor, Rear-end, 0.0 drivers_injured, 0.0 drivers_killed, 0.0 passengers_injured, 0.0 passengers_killed, 0.0 pedestrian_injured, 0.0 pedestrian_killed, Fair (Night), EDSA (SB) Magallanes Loading / Unloading Bay Makati",MMDA Road Safety Unit,,31314eb6-c1f6-4bde-b99b-6361c7f0eccb,2016-04-22,16:45:00,EDSA (SB) Santolan Loading / Unloading Bay Makati,0,0,0,0,0,0,0,0,0,0,2016-04-23 0:45,Property,14.54282655,121.0202714,Rear-End
None,EDSA,None,None,"No Accident Factor, Rear-end, 0.0 drivers_injured, 0.0 drivers_killed, 0.0 passengers_injured, 0.0 passengers_killed, 0.0 pedestrian_injured, 0.0 pedestrian_killed, Fair (Night), EDSA (SB) Magallanes Interchange Makati",MMDA Road Safety Unit,,4512ee30-49e8-45e2-ba02-5a17a90683e6,2016-04-22,16:00:00,EDSA (SB) Estrella St. (Rockwell) Makati,0,0,0,0,0,0,0,0,0,0,2016-04-23,Property,14.54028633,121.0167655,Rear-End
None,EDSA,None,None,"No Accident Factor, Side Swipe, 0.0 drivers_injured, 0.0 drivers_killed, 0.0 passengers_injured, 0.0 passengers_killed, 0.0 pedestrian_injured, 0.0 pedestrian_killed, Fair (Day), EDSA (SB) Ayala Ave. Makati",MMDA Road Safety Unit,,50ef1d4e-8a0a-4aa6-a101-72c03bbd583c,2016-04-21,23:05:00,EDSA (SB) San Carlos Seminary Makati,0,0,0,0,0,0,0,0,0,0,2016-04-22 7:05,Property,14.55022912,121.0292348,Side Swipe
None,EDSA,None,None,"No Accident Factor, Rear-end, 0.0 drivers_injured, 0.0 drivers_killed, 0.0 passengers_injured, 0.0 passengers_killed, 0.0 pedestrian_injured, 0.0 pedestrian_killed, Fair (Day), EDSA (SB) San Lorenzo Makati",MMDA Road Safety Unit,,b15f9c69-14e8-4c24-958b-87e5d68d7065,2016-04-21,08:50:00,EDSA (SB) Buendia Ave. (Shell Gas Station)  Makati,0,0,0,0,0,0,0,0,0,0,2016-04-21 16:50,Property,14.5422524,121.0195278,Rear-End
None,EDSA,None,None,"No Accident Factor, Side Swipe, 0.0 drivers_injured, 0.0 drivers_killed, 0.0 passengers_injured, 0.0 passengers_killed, 0.0 pedestrian_injured, 0.0 pedestrian_killed, Fair (Day), EDSA (SB) Ayala Loading / Unloading Bay Makati",MMDA Road Safety Unit,,193e7db3-1f01-4bb2-9f4f-7ea825426133,2016-04-21,04:10:00,EDSA (SB) Rockwell Makati,0,0,0,0,0,0,0,0,0,0,2016-04-21 12:10,Property,14.54886,121.0276063,Side Swipe
None,EDSA,None,None,"No Accident Factor, No Collision Stated (based on Police Blotter Book), 1.0 drivers_injured, 0.0 drivers_killed, 1.0 passengers_injured, 0.0 passengers_killed, 0.0 pedestrian_injured, 0.0 pedestrian_killed, Fair (Night), EDSA (SB) Buendia Ave. (Forbes Park) Makati",MMDA Road Safety Unit,,80edc2e6-6b8a-455c-bdd0-02281ddfeed8,2016-04-20,12:15:00,EDSA (SB) Buendia Ave. Makati,0,0,0,1,1,0,0,0,0,2,2016-04-20 20:15,Injury,14.55505269,121.034707,No Collision Stated
None,EDSA,None,None,"No Accident Factor, Side Swipe, 0.0 drivers_injured, 0.0 drivers_killed, 0.0 passengers_injured, 0.0 passengers_killed, 0.0 pedestrian_injured, 0.0 pedestrian_killed, Fair (Night), EDSA (SB) Buenida Ave. (E-Bay) Makati",MMDA Road Safety Unit,,bb0685c1-4bc8-48f8-b756-bc1f29772486,2016-04-20,12:00:00,EDSA (SB) Buendia Loading / Unloading Bay Makati,0,0,0,0,0,0,0,0,0,0,2016-04-20 20:00,Property,14.55399148,121.0336167,Side Swipe
None,EDSA,None,None,"No Accident Factor, Angle Impact, 0.0 drivers_injured, 0.0 drivers_killed, 0.0 passengers_injured, 0.0 passengers_killed, 0.0 pedestrian_injured, 0.0 pedestrian_killed, Fair (Night), EDSA (SB) Buenida Ave.  Makati",MMDA Road Safety Unit,,47e35c45-f0c4-4d42-b147-fa6ecffbdf3a,2016-04-20,10:50:00,EDSA (SB) Eran St. (Petron Gas Station) Makati,0,0,0,0,0,0,0,0,0,0,2016-04-20 18:50,Property,14.55505269,121.034707,Angle Impact
None,EDSA,None,None,"No Accident Factor, Rear-end, 0.0 drivers_injured, 0.0 drivers_killed, 0.0 passengers_injured, 0.0 passengers_killed, 0.0 pedestrian_injured, 0.0 pedestrian_killed, Fair (Day), EDSA (SB) Rockwell Makati",MMDA Road Safety Unit,,1b220b2f-6bd3-4727-8527-8a8a936ef492,2016-04-20,06:35:00,EDSA (SB) Buendia Loading / Unloading Bay Makati,0,0,0,0,0,0,0,0,0,0,2016-04-20 14:35,Property,14.559945,121.0407272,Rear-End
None,EDSA,None,None,"No Accident Factor, Rear-end, 0.0 drivers_injured, 0.0 drivers_killed, 0.0 passengers_injured, 0.0 passengers_killed, 0.0 pedestrian_injured, 0.0 pedestrian_killed, Fair (Day), EDSA (SB) Guadalupe Bridge Makati",MMDA Road Safety Unit,,e350e106-bc25-41bf-8df2-dafd56d1ae84,2016-04-20,06:00:00,EDSA (SB) Buendia Ave. Makati,0,0,0,0,0,0,0,0,0,0,2016-04-20 14:00,Property,14.56802596,121.045885,Rear-End
None,EDSA,None,None,"No Accident Factor, Rear-end, 0.0 drivers_injured, 0.0 drivers_killed, 0.0 passengers_injured, 0.0 passengers_killed, 0.0 pedestrian_injured, 0.0 pedestrian_killed, Fair (Night), EDSA (SB) Ayala Ave. Makati",MMDA Road Safety Unit,,c800f02d-aa97-4aed-ad55-05f8a2637689,2016-04-19,15:10:00,EDSA (SB) Buendia Ave. (Shell Gas Station)  Makati,0,0,0,0,0,0,0,0,0,0,2016-04-19 23:10,Property,14.55022912,121.0292348,Rear-End
None,EDSA,None,None,"No Accident Factor, Side Swipe, 0.0 drivers_injured, 0.0 drivers_killed, 0.0 passengers_injured, 0.0 passengers_killed, 0.0 pedestrian_injured, 0.0 pedestrian_killed, Fair (Night), EDSA (SB) Santolan Loading / Unloading Bay Makati",MMDA Road Safety Unit,,1e6363cd-0dcd-489f-8f21-2b91ae0baff5,2016-04-18,11:15:00,EDSA (SB) Magallanes SPLIT Makati,0,0,0,0,0,0,0,0,0,0,2016-04-18 19:15,Property,14.60707629,121.0569579,Side Swipe
None,EDSA,None,None,"No Accident Factor, Side Swipe, 0.0 drivers_injured, 0.0 drivers_killed, 0.0 passengers_injured, 0.0 passengers_killed, 0.0 pedestrian_injured, 0.0 pedestrian_killed, Fair (Day), EDSA (SB) Estrella St. (Rockwell) Makati",MMDA Road Safety Unit,,c53144a4-dc51-4ede-97cf-d8add064f607,2016-04-18,01:30:00,EDSA (SB) Buendia Ave. SPLIT Makati,0,0,0,0,0,0,0,0,0,0,2016-04-18 9:30,Property,14.56002889,121.040751,Side Swipe
None,EDSA,None,None,"No Accident Factor, Rear-end, 0.0 drivers_injured, 0.0 drivers_killed, 0.0 passengers_injured, 0.0 passengers_killed, 0.0 pedestrian_injured, 0.0 pedestrian_killed, Fair (Day), EDSA (SB) San Carlos Seminary Makati",MMDA Road Safety Unit,,2848edde-5d18-41bf-a986-cbfb598d06ac,2016-04-17,05:05:00,EDSA (SB) Guadalupe Loading / Unloading Bay Makati,0,0,0,0,0,0,0,0,0,0,2016-04-17 13:05,Property,14.56316308,121.043841,Rear-End
None,EDSA,None,None,"No Accident Factor, Side Swipe, 1.0 drivers_injured, 0.0 drivers_killed, 0.0 passengers_injured, 0.0 passengers_killed, 0.0 pedestrian_injured, 0.0 pedestrian_killed, Fair (Night), EDSA (SB) Buendia Ave. (Shell Gas Station)  Makati",MMDA Road Safety Unit,,a64c8a99-302a-4090-b102-fff0d2da5435,2016-04-16,21:45:00,EDSA (SB) Buendia Ave. Makati,0,0,0,1,0,0,0,0,0,1,2016-04-17 5:45,Injury,14.55532829,121.0350679,Side Swipe
None,EDSA,None,None,"No Accident Factor, Side Swipe, 0.0 drivers_injured, 0.0 drivers_killed, 0.0 passengers_injured, 0.0 passengers_killed, 0.0 pedestrian_injured, 0.0 pedestrian_killed, Fair (Night), EDSA (SB) Rockwell Makati",MMDA Road Safety Unit,,e053d141-c0cf-422e-ad7f-6a23c386a82e,2016-04-16,20:05:00,EDSA (SB) Ayala Ave. Makati,0,0,0,0,0,0,0,0,0,0,2016-04-17 4:05,Property,14.559945,121.0407272,Side Swipe
None,EDSA,None,None,"No Accident Factor, Side Swipe, 0.0 drivers_injured, 0.0 drivers_killed, 0.0 passengers_injured, 0.0 passengers_killed, 0.0 pedestrian_injured, 0.0 pedestrian_killed, Fair (Day), EDSA (SB) Buendia Ave. Makati",MMDA Road Safety Unit,,a896383e-3844-4eaf-823c-dfcc1259a458,2016-04-16,07:20:00,EDSA (SB) Ayala Ave. Makati,0,0,0,0,0,0,0,0,0,0,2016-04-16 15:20,Property,14.55505269,121.034707,Side Swipe
None,EDSA,None,None,"No Accident Factor, Rear-end, 0.0 drivers_injured, 0.0 drivers_killed, 0.0 passengers_injured, 0.0 passengers_killed, 0.0 pedestrian_injured, 0.0 pedestrian_killed, Fair (Day), EDSA (SB) Buendia Loading / Unloading Bay Makati",MMDA Road Safety Unit,,13e8c42a-a028-46f0-a925-d257f21a405a,2016-04-16,06:30:00,"EDSA (SB) San Carlos Seminary, Guadalupe  Makati",0,0,0,0,0,0,0,0,0,0,2016-04-16 14:30,Property,14.55405859,121.0336357,Rear-End
None,EDSA,None,None,"No Accident Factor, Side Swipe, 0.0 drivers_injured, 0.0 drivers_killed, 0.0 passengers_injured, 0.0 passengers_killed, 0.0 pedestrian_injured, 0.0 pedestrian_killed, Fair (Day), EDSA (SB) Eran St. (Petron Gas Station) Makati",MMDA Road Safety Unit,,9e23161e-9160-47a6-a2cf-9e516e91be4c,2016-04-15,23:30:00,EDSA (SB) Bernardino St.  Makati,0,0,0,0,0,0,0,0,0,0,2016-04-16 7:30,Property,14.55824436,121.0390746,Side Swipe
None,EDSA,None,None,"No Accident Factor, Rear-end, 0.0 drivers_injured, 0.0 drivers_killed, 0.0 passengers_injured, 0.0 passengers_killed, 0.0 pedestrian_injured, 0.0 pedestrian_killed, Fair (Day), EDSA (SB) Buendia Loading / Unloading Bay Makati",MMDA Road Safety Unit,,1e687044-ae47-4cb3-89ac-1a518c1f0706,2016-04-15,22:30:00,EDSA (SB) Bernardino St.  Makati,0,0,0,0,0,0,0,0,0,0,2016-04-16 6:30,Property,14.55405859,121.0336357,Rear-End
None,EDSA,None,None,"No Accident Factor, Side Swipe, 0.0 drivers_injured, 0.0 drivers_killed, 0.0 passengers_injured, 0.0 passengers_killed, 0.0 pedestrian_injured, 0.0 pedestrian_killed, Fair (Day), EDSA (SB) Buendia Ave. Makati",MMDA Road Safety Unit,,903f69d5-ecb7-470a-abb4-16bf2bd8a75e,2016-04-15,08:25:00,EDSA (SB) Buendia Ave. Makati,0,0,0,0,0,0,0,0,0,0,2016-04-15 16:25,Property,14.55505269,121.034707,Side Swipe
None,EDSA,None,None,"No Accident Factor, Rear-end, 0.0 drivers_injured, 0.0 drivers_killed, 0.0 passengers_injured, 0.0 passengers_killed, 0.0 pedestrian_injured, 0.0 pedestrian_killed, Fair (Day), EDSA (SB) Buendia Ave. (Shell Gas Station)  Makati",MMDA Road Safety Unit,,b9bddeae-27cc-4b16-8c64-785ee2f4f087,2016-04-15,02:15:00,EDSA (SB) Buendia Ave. Makati,0,0,0,0,0,0,0,0,0,0,2016-04-15 10:15,Property,14.55532829,121.0350679,Rear-End
None,EDSA,None,None,"No Accident Factor, Rear-end, 0.0 drivers_injured, 0.0 drivers_killed, 0.0 passengers_injured, 0.0 passengers_killed, 0.0 pedestrian_injured, 0.0 pedestrian_killed, Fair (Day), EDSA (SB) Magallanes SPLIT Makati",MMDA Road Safety Unit,,15548699-a333-4ddd-8a51-fd9b16b90b9a,2016-04-14,07:00:00,EDSA (SB) Ayala Ave. Makati,0,0,0,0,0,0,0,0,0,0,2016-04-14 15:00,Property,14.53930817,121.0141969,Rear-End
None,EDSA,None,None,"No Accident Factor, Rear-end, 0.0 drivers_injured, 0.0 drivers_killed, 0.0 passengers_injured, 0.0 passengers_killed, 0.0 pedestrian_injured, 0.0 pedestrian_killed, Fair (Day), EDSA (SB) Buendia Ave. SPLIT Makati",MMDA Road Safety Unit,,12e4a806-9ddf-441e-82bb-b38b239eca93,2016-04-14,06:10:00,EDSA (SB) East Cloverleaf Makati,0,0,0,0,0,0,0,0,0,0,2016-04-14 14:10,Property,14.55505269,121.034707,Rear-End
None,EDSA,None,None,"No Accident Factor, Side Swipe, 0.0 drivers_injured, 0.0 drivers_killed, 0.0 passengers_injured, 0.0 passengers_killed, 0.0 pedestrian_injured, 0.0 pedestrian_killed, Fair (Day), EDSA (SB) Guadalupe Loading / Unloading Bay Makati",MMDA Road Safety Unit,,c096a493-7d19-4c87-bf77-120a69e773fb,2016-04-14,01:00:00,EDSA (SB) Ayala MRT Station Makati,0,0,0,0,0,0,0,0,0,0,2016-04-14 9:00,Property,14.56473213,121.0447625,Side Swipe
None,EDSA,None,None,"No Accident Factor, Rear-end, 0.0 drivers_injured, 0.0 drivers_killed, 0.0 passengers_injured, 0.0 passengers_killed, 0.0 pedestrian_injured, 0.0 pedestrian_killed, Fair (Day), EDSA (SB) Buendia Ave. Makati",MMDA Road Safety Unit,,8a6b4ba2-2e8b-437b-9f96-e90e2be1fb37,2016-04-14,00:00:00,EDSA (SB) Buendia Ave. Makati,0,0,0,0,0,0,0,0,0,0,2016-04-14 8:00,Property,14.55505269,121.034707,Rear-End
None,EDSA,None,None,"No Accident Factor, Rear-end, 1.0 drivers_injured, 0.0 drivers_killed, 0.0 passengers_injured, 0.0 passengers_killed, 0.0 pedestrian_injured, 0.0 pedestrian_killed, Fair (Night), EDSA (SB) Ayala Ave. Makati",MMDA Road Safety Unit,,f6a8f68a-c879-4f91-9cf8-ed77b8c7cddb,2016-04-13,19:15:00,EDSA (SB) Estrella St. Makati,0,0,0,1,0,0,0,0,0,1,2016-04-14 3:15,Injury,14.55022912,121.0292348,Rear-End
None,EDSA,None,None,"No Accident Factor, Side Swipe, 0.0 drivers_injured, 0.0 drivers_killed, 0.0 passengers_injured, 0.0 passengers_killed, 0.0 pedestrian_injured, 0.0 pedestrian_killed, Fair (Day), EDSA (SB) Ayala Ave. Makati",MMDA Road Safety Unit,,8eb642ba-24cc-42da-9d68-da8d8a92c8f1,2016-04-13,09:15:00,EDSA (SB) Estrella St. Makati,0,0,0,0,0,0,0,0,0,0,2016-04-13 17:15,Property,14.55022912,121.0292348,Side Swipe
None,EDSA,None,None,"No Accident Factor, Rear-end, 0.0 drivers_injured, 0.0 drivers_killed, 0.0 passengers_injured, 0.0 passengers_killed, 0.0 pedestrian_injured, 0.0 pedestrian_killed, Fair (Day), EDSA (SB) San Carlos Seminary, Guadalupe  Makati",MMDA Road Safety Unit,,203402b8-d055-40d5-a7d4-f1d5c76d13cf,2016-04-13,06:20:00,EDSA (SB) Ayala Service Road Makati,0,0,0,0,0,0,0,0,0,0,2016-04-13 14:20,Property,14.56316308,121.043841,Rear-End
None,EDSA,None,None,"No Accident Factor, No Collision Stated (based on Police Blotter Book), 0.0 drivers_injured, 0.0 drivers_killed, 0.0 passengers_injured, 0.0 passengers_killed, 0.0 pedestrian_injured, 0.0 pedestrian_killed, Fair (Night), EDSA (SB) Bernardino St.  Makati",MMDA Road Safety Unit,,4f7f3dab-073b-4036-9482-056e9787c81a,2016-04-12,10:30:00,EDSA (SB) Orense St. Makati,0,0,0,0,0,0,0,0,0,0,2016-04-12 18:30,Property,14.5656985,121.0450952,No Collision Stated
None,EDSA,None,None,"No Accident Factor, No Collision Stated (based on Police Blotter Book), 0.0 drivers_injured, 0.0 drivers_killed, 0.0 passengers_injured, 0.0 passengers_killed, 0.0 pedestrian_injured, 0.0 pedestrian_killed, Fair (Night), EDSA (SB) Bernardino St.  Makati",MMDA Road Safety Unit,,cf2b5876-e3ac-4fd4-90c4-0526df004c18,2016-04-12,10:20:00,EDSA (SB) Guadalupe MRT Station Makati,0,0,0,0,0,0,0,0,0,0,2016-04-12 18:20,Property,14.5656985,121.0450952,No Collision Stated
None,EDSA,None,None,"No Accident Factor, Side Swipe, 0.0 drivers_injured, 0.0 drivers_killed, 0.0 passengers_injured, 0.0 passengers_killed, 0.0 pedestrian_injured, 0.0 pedestrian_killed, Fair (Day), EDSA (SB) Buendia Ave. Makati",MMDA Road Safety Unit,,eb8823a1-eef2-47b9-a836-6093a8a839e5,2016-04-12,08:00:00,EDSA (SB) Kalayaan Ave. Makati,0,0,0,0,0,0,0,0,0,0,2016-04-12 16:00,Property,14.55505269,121.034707,Side Swipe
None,EDSA,None,None,"No Accident Factor, Rear-end, 0.0 drivers_injured, 0.0 drivers_killed, 0.0 passengers_injured, 0.0 passengers_killed, 0.0 pedestrian_injured, 0.0 pedestrian_killed, Fair (Day), EDSA (SB) Buendia Ave. Makati",MMDA Road Safety Unit,,978489df-4ab7-4452-b234-57921e214b9c,2016-04-12,07:40:00,EDSA (SB) A. Arnaiz Ave. Makati,0,0,0,0,0,0,0,0,0,0,2016-04-12 15:40,Property,14.55505269,121.034707,Rear-End
None,EDSA,None,None,"No Accident Factor, Rear-end, 0.0 drivers_injured, 0.0 drivers_killed, 0.0 passengers_injured, 0.0 passengers_killed, 0.0 pedestrian_injured, 0.0 pedestrian_killed, Fair (Day), EDSA (SB) Ayala Ave. Makati",MMDA Road Safety Unit,,489d79c7-cf4d-4574-a520-e36b9e2ac500,2016-04-12,02:35:00,EDSA (SB) San Carlos Seminary Makati,0,0,0,0,0,0,0,0,0,0,2016-04-12 10:35,Property,14.55022912,121.0292348,Rear-End
None,EDSA,None,None,"No Accident Factor, Side Swipe, 0.0 drivers_injured, 0.0 drivers_killed, 0.0 passengers_injured, 0.0 passengers_killed, 0.0 pedestrian_injured, 0.0 pedestrian_killed, Fair (Day), EDSA (SB) East Cloverleaf Makati",MMDA Road Safety Unit,,e33fbf0b-2ea3-4330-81ac-1482f9ebdfd0,2016-04-12,01:40:00,EDSA (SB) Ayala Ave. Makati,0,0,0,0,0,0,0,0,0,0,2016-04-12 9:40,Property,14.56709999,121.0457089,Side Swipe
None,EDSA,None,None,"No Accident Factor, Rear-end, 0.0 drivers_injured, 0.0 drivers_killed, 0.0 passengers_injured, 0.0 passengers_killed, 0.0 pedestrian_injured, 0.0 pedestrian_killed, Fair (Day), EDSA (SB) Ayala MRT Station Makati",MMDA Road Safety Unit,,4267f051-0f17-4535-a1aa-2fe1502e7e75,2016-04-12,01:30:00,EDSA (SB) Buendia Ave. Makati,0,0,0,0,0,0,0,0,0,0,2016-04-12 9:30,Property,14.54918586,121.0279716,Rear-End
None,EDSA,None,None,"No Accident Factor, Side Swipe, 0.0 drivers_injured, 0.0 drivers_killed, 0.0 passengers_injured, 0.0 passengers_killed, 0.0 pedestrian_injured, 0.0 pedestrian_killed, Fair (Day), EDSA (SB) Buendia Ave. Makati",MMDA Road Safety Unit,,a2eca4c7-557f-42a9-8582-1a53c1ac0160,2016-04-11,22:30:00,EDSA (SB) Ayala Ave. Makati,0,0,0,0,0,0,0,0,0,0,2016-04-12 6:30,Property,14.55505269,121.034707,Side Swipe
None,EDSA,None,None,"No Accident Factor, Multiple Collision, 0.0 drivers_injured, 0.0 drivers_killed, 0.0 passengers_injured, 0.0 passengers_killed, 0.0 pedestrian_injured, 0.0 pedestrian_killed, Fair (Day), EDSA (SB) Estrella St. Makati",MMDA Road Safety Unit,,7ee8e314-50b3-4a59-aac9-a2d7dcec03d2,2016-04-11,07:15:00,EDSA (SB) Palm Drive Makati,0,0,0,0,0,0,0,0,0,0,2016-04-11 15:15,Property,14.56002889,121.040751,Multiple
None,EDSA,None,None,"No Accident Factor, Rear-end, 0.0 drivers_injured, 0.0 drivers_killed, 0.0 passengers_injured, 0.0 passengers_killed, 0.0 pedestrian_injured, 0.0 pedestrian_killed, Fair (Day), EDSA (SB) Estrella St. Makati",MMDA Road Safety Unit,,ca1b5b52-a39f-45fe-b844-5906c7182cee,2016-04-11,03:35:00,EDSA (SB) Magallanes Interchange Makati,0,0,0,0,0,0,0,0,0,0,2016-04-11 11:35,Property,14.56002889,121.040751,Rear-End
None,EDSA,None,None,"No Accident Factor, Rear-end, 0.0 drivers_injured, 0.0 drivers_killed, 0.0 passengers_injured, 0.0 passengers_killed, 0.0 pedestrian_injured, 0.0 pedestrian_killed, Fair (Day), EDSA (SB) Ayala Service Road Makati",MMDA Road Safety Unit,,f9488496-7458-4116-8c5b-284375369c8d,2016-04-11,02:55:00,EDSA (SB) Guadalupe Bridge Makati,0,0,0,0,0,0,0,0,0,0,2016-04-11 10:55,Property,14.54918586,121.0279716,Rear-End
None,EDSA,None,None,"No Accident Factor, Side Swipe, 0.0 drivers_injured, 0.0 drivers_killed, 0.0 passengers_injured, 0.0 passengers_killed, 0.0 pedestrian_injured, 0.0 pedestrian_killed, Fair (Day), EDSA (SB) Orense St. Makati",MMDA Road Safety Unit,,6a3db1ce-0683-4c19-84a4-b93b9c24cf95,2016-04-11,02:05:00,EDSA (SB) Guadalupe MRT Station Makati,0,0,0,0,0,0,0,0,0,0,2016-04-11 10:05,Property,14.56178559,121.0428099,Side Swipe
None,EDSA,None,None,"No Accident Factor, Rear-end, 0.0 drivers_injured, 0.0 drivers_killed, 0.0 passengers_injured, 0.0 passengers_killed, 0.0 pedestrian_injured, 0.0 pedestrian_killed, Fair (Day), EDSA (SB) Guadalupe MRT Station Makati",MMDA Road Safety Unit,,d1a0935a-353b-4f74-bc14-ac59409acd73,2016-04-10,23:15:00,EDSA (SB) Buendia (Sen. Gil Puyat) Ave.  Makati,0,0,0,0,0,0,0,0,0,0,2016-04-11 7:15,Property,14.5665734,121.0453551,Rear-End
None,EDSA,None,None,"No Accident Factor, Side Swipe, 0.0 drivers_injured, 0.0 drivers_killed, 0.0 passengers_injured, 0.0 passengers_killed, 0.0 pedestrian_injured, 0.0 pedestrian_killed, Fair (Night), EDSA (SB) Kalayaan Ave. Makati",MMDA Road Safety Unit,,c061746b-f8c6-4b15-9b59-9131b42f9a98,2016-04-09,16:30:00,EDSA (SB) Ayala Ave. Makati,0,0,0,0,0,0,0,0,0,0,2016-04-10 0:30,Property,14.55774691,121.0380708,Side Swipe