LOCATION_TEXT,ROAD,WEATHER,LIGHT,DESC,REPORTING_AGENCY,MAIN_CAUSE,INCIDENTDETAILS_ID,DATE_UTC,TIME_UTC,ADDRESS,killed_driver,killed_passenger,killed_pedestrian,injured_driver,injured_passenger,injured_pedestrian,killed_uncategorized,injured_uncategorized,killed_total,injured_total,DATETIME_PST,SEVERITY,Y,X,COLLISION_TYPE
None,EDSA,None,None,"No Accident Factor, Rear-end, 0.0 drivers_injured, 0.0 drivers_killed, 0.0 passengers_injured, 0.0 passengers_killed, 0.0 pedestrian_injured, 0.0 pedestrian_killed, Fair (Day), EDSA (SB) Ayala Ave. Makati",MMDA Road Safety Unit,,bc47a122-c198-4ee9-a8a8-fb6792bf8a96,2016-03-07,22:05:00,EDSA (SB) Ayala Ave. Makati,0,0,0,0,0,0,0,0,0,0,2016-03-08 6:05,Property,14.55022912,121.0292348,Rear-End
None,EDSA,None,None,"No Accident Factor, Rear-end, 0.0 drivers_injured, 0.0 drivers_killed, 0.0 passengers_injured, 0.0 passengers_killed, 0.0 pedestrian_injured, 0.0 pedestrian_killed, Fair (Night), EDSA (SB) A. Arnaiz Ave. Makati",MMDA Road Safety Unit,,f785e8ae-627a-4f76-bc8c-8776bc8c70fe,2016-03-07,14:40:00,EDSA (SB) Ayala Ave. Makati,0,0,0,0,0,0,0,0,0,0,2016-03-07 22:40,Property,14.54765031,121.0260523,Rear-End
None,EDSA,None,None,"No Accident Factor, Multiple Collision, 1.0 drivers_injured, 0.0 drivers_killed, 4.0 passengers_injured, 0.0 passengers_killed, 0.0 pedestrian_injured, 0.0 pedestrian_killed, Fair (Day), EDSA (SB) Estrella Loading Bay Makati",MMDA Road Safety Unit,,98cf54ed-acdd-4191-ae12-4851be5ab9b2,2016-03-06,06:45:00,EDSA (SB) Buendia Ave. Makati,0,0,0,1,4,0,0,0,0,5,2016-03-06 14:45,Injury,14.56059855,121.0413941,Multiple
None,EDSA,None,None,"No Accident Factor, Side Swipe, 0.0 drivers_injured, 0.0 drivers_killed, 0.0 passengers_injured, 0.0 passengers_killed, 0.0 pedestrian_injured, 0.0 pedestrian_killed, Fair (Day), EDSA (SB) Magallanes Interchange Makati",MMDA Road Safety Unit,,3c6608d9-a51c-411c-9fd6-ed1742442b37,2016-03-05,09:00:00,EDSA (SB) A. Arnaiz Ave. Makati,0,0,0,0,0,0,0,0,0,0,2016-03-05 17:00,Property,14.54028633,121.0167655,Side Swipe
None,EDSA,None,None,"No Accident Factor, Rear-end, 0.0 drivers_injured, 0.0 drivers_killed, 0.0 passengers_injured, 0.0 passengers_killed, 0.0 pedestrian_injured, 0.0 pedestrian_killed, Fair (Day), EDSA (SB) Buendia Ave. Makati",MMDA Road Safety Unit,,4c8e8624-7f77-41b3-a640-0bfb5abf39ef,2016-03-04,23:45:00,EDSA (SB) Ayala Ave. Makati,0,0,0,0,0,0,0,0,0,0,2016-03-05 7:45,Property,14.55505269,121.034707,Rear-End
None,EDSA,None,None,"No Accident Factor, Rear-end, 0.0 drivers_injured, 0.0 drivers_killed, 0.0 passengers_injured, 0.0 passengers_killed, 0.0 pedestrian_injured, 0.0 pedestrian_killed, Fair (Night), EDSA (SB) Estrella St. Makati",MMDA Road Safety Unit,,3c595d5b-2e84-4359-9fc4-ff0cdde9b5b2,2016-03-04,19:15:00,EDSA (SB) Ayala Ave. Makati,0,0,0,0,0,0,0,0,0,0,2016-03-05 3:15,Property,14.56002889,121.040751,Rear-End
None,EDSA,None,None,"No Accident Factor, Rear-end, 0.0 drivers_injured, 0.0 drivers_killed, 0.0 passengers_injured, 0.0 passengers_killed, 0.0 pedestrian_injured, 0.0 pedestrian_killed, Fair (Night), EDSA (SB) Ayala Ave. Makati",MMDA Road Safety Unit,,515107a9-d6ea-4429-9a71-581d6748f18f,2016-03-04,13:20:00,EDSA (SB) Ayala Ave. Makati,0,0,0,0,0,0,0,0,0,0,2016-03-04 21:20,Property,14.55022912,121.0292348,Rear-End
None,EDSA,None,None,"No Accident Factor, Side Swipe, 0.0 drivers_injured, 0.0 drivers_killed, 0.0 passengers_injured, 0.0 passengers_killed, 0.0 pedestrian_injured, 0.0 pedestrian_killed, Fair (Night), EDSA (SB) Buendia (Sen. Gil Puyat) Ave.  Makati",MMDA Road Safety Unit,,58f0d2bd-413e-45eb-a4d5-c077f1c24974,2016-03-04,12:45:00,EDSA (SB) Ayala Ave. Makati,0,0,0,0,0,0,0,0,0,0,2016-03-04 20:45,Property,14.55505269,121.034707,Side Swipe
None,EDSA,None,None,"No Accident Factor, Rear-end, 0.0 drivers_injured, 0.0 drivers_killed, 0.0 passengers_injured, 0.0 passengers_killed, 0.0 pedestrian_injured, 0.0 pedestrian_killed, Fair (Day), EDSA (SB) Buendia Ave. (Shell Gas Station) Makati",MMDA Road Safety Unit,,caa61661-d3c1-4642-94a4-daf7031e260d,2016-03-04,03:00:00,EDSA (SB) Guadalupe Bridge Makati,0,0,0,0,0,0,0,0,0,0,2016-03-04 11:00,Property,14.55532829,121.0350679,Rear-End
None,EDSA,None,None,"No Accident Factor, Side Swipe, 0.0 drivers_injured, 0.0 drivers_killed, 0.0 passengers_injured, 0.0 passengers_killed, 0.0 pedestrian_injured, 0.0 pedestrian_killed, Fair (Day), EDSA (SB) Buendia Ave. (SB) SPLIT Makati",MMDA Road Safety Unit,,c810834a-ec74-4bf3-b01f-843b100e4c20,2016-03-04,02:55:00,EDSA (SB) Estrella (SB)  Makati,0,0,0,0,0,0,0,0,0,0,2016-03-04 10:55,Property,14.55505269,121.034707,Side Swipe
None,EDSA,None,None,"No Accident Factor, No Collision Stated (based on Police Blotter Book), 0.0 drivers_injured, 0.0 drivers_killed, 0.0 passengers_injured, 0.0 passengers_killed, 0.0 pedestrian_injured, 0.0 pedestrian_killed, Fair (Night), EDSA (SB) Buendia Ave. (SB) Makati",MMDA Road Safety Unit,,695f8c6d-93d9-4d79-9e30-794ca35ac881,2016-03-03,21:25:00,EDSA (SB) Rockwell Makati,0,0,0,0,0,0,0,0,0,0,2016-03-04 5:25,Property,14.55505269,121.034707,No Collision Stated
None,EDSA,None,None,"No Accident Factor, No Collision Stated (based on Police Blotter Book), 0.0 drivers_injured, 0.0 drivers_killed, 1.0 passengers_injured, 0.0 passengers_killed, 0.0 pedestrian_injured, 0.0 pedestrian_killed, Fair (Night), EDSA (SB) Ayala Ave. Makati",MMDA Road Safety Unit,,f27a7e0b-4f85-4322-83d2-cd02ba6aa6d3,2016-03-03,11:45:00,EDSA (SB) Estrella (SB)  Makati,0,0,0,0,1,0,0,0,0,1,2016-03-03 19:45,Injury,14.55022912,121.0292348,No Collision Stated
None,EDSA,None,None,"No Accident Factor, Side Swipe, 0.0 drivers_injured, 0.0 drivers_killed, 0.0 passengers_injured, 0.0 passengers_killed, 0.0 pedestrian_injured, 0.0 pedestrian_killed, Fair (Day), EDSA (SB) Ayala Ave. Makati",MMDA Road Safety Unit,,dfce2e1c-3418-4060-a01a-332d65d69af1,2016-03-02,23:45:00,EDSA (SB) Estrella St. Makati,0,0,0,0,0,0,0,0,0,0,2016-03-03 7:45,Property,14.55022912,121.0292348,Side Swipe
None,EDSA,None,None,"No Accident Factor, Side Swipe, 0.0 drivers_injured, 0.0 drivers_killed, 0.0 passengers_injured, 0.0 passengers_killed, 0.0 pedestrian_injured, 0.0 pedestrian_killed, Fair (Day), EDSA (SB) Buendia Ave. Makati",MMDA Road Safety Unit,,6c795db2-665f-43c9-b876-47fd7c739e7c,2016-03-02,23:40:00,EDSA (SB) San Lorenzo Makati,0,0,0,0,0,0,0,0,0,0,2016-03-03 7:40,Property,14.55505269,121.034707,Side Swipe
None,EDSA,None,None,"No Accident Factor, Side Swipe, 0.0 drivers_injured, 0.0 drivers_killed, 0.0 passengers_injured, 0.0 passengers_killed, 0.0 pedestrian_injured, 0.0 pedestrian_killed, Fair (Night), EDSA (SB) A. Arnaiz Ave. Makati",MMDA Road Safety Unit,,c51afee7-03d6-4066-bdd0-b4733e6e4c85,2016-03-02,11:30:00,EDSA (SB) Buendia Loading Bay  Makati,0,0,0,0,0,0,0,0,0,0,2016-03-02 19:30,Property,14.54765031,121.0260523,Side Swipe
None,EDSA,None,None,"No Accident Factor, Side Swipe, 0.0 drivers_injured, 0.0 drivers_killed, 0.0 passengers_injured, 0.0 passengers_killed, 0.0 pedestrian_injured, 0.0 pedestrian_killed, Fair (Unknown), EDSA (SB) Ayala Ave. Makati",MMDA Road Safety Unit,,cc11c64a-b8e6-4106-8068-af00880b3a01,2016-03-02,02:20:00,EDSA (SB) Buendia Ave. MRT Station  Makati,0,0,0,0,0,0,0,0,0,0,2016-03-02 10:20,Property,14.55022912,121.0292348,Side Swipe
None,EDSA,None,None,"No Accident Factor, Side Swipe, 0.0 drivers_injured, 0.0 drivers_killed, 0.0 passengers_injured, 0.0 passengers_killed, 0.0 pedestrian_injured, 0.0 pedestrian_killed, Fair (Night), EDSA (SB) Ayala Ave. Makati",MMDA Road Safety Unit,,c9fd9da8-fc35-4ba3-aa38-9788156f67ad,2016-03-01,11:45:00,EDSA (SB) Buendia Ave. MRT Station  Makati,0,0,0,0,0,0,0,0,0,0,2016-03-01 19:45,Property,14.55022912,121.0292348,Side Swipe
None,EDSA,None,None,"No Accident Factor, Side Swipe, 0.0 drivers_injured, 0.0 drivers_killed, 0.0 passengers_injured, 0.0 passengers_killed, 0.0 pedestrian_injured, 0.0 pedestrian_killed, Fair (Night), EDSA (SB) Ayala Ave. Makati",MMDA Road Safety Unit,,5ef4c4cd-bd5e-4462-9f1c-3fe9d812b06d,2016-03-01,10:30:00,EDSA (SB) Buendia Ave. Makati,0,0,0,0,0,0,0,0,0,0,2016-03-01 18:30,Property,14.55022912,121.0292348,Side Swipe
None,EDSA,None,None,"No Accident Factor, Rear-end, 0.0 drivers_injured, 0.0 drivers_killed, 0.0 passengers_injured, 0.0 passengers_killed, 0.0 pedestrian_injured, 0.0 pedestrian_killed, Fair (Day), EDSA (SB) Ayala Ave. Makati",MMDA Road Safety Unit,,cfbf9d66-0148-4026-a6ed-c14f1ea31867,2016-03-01,08:30:00,EDSA (SB) Estrella St. Makati,0,0,0,0,0,0,0,0,0,0,2016-03-01 16:30,Property,14.55022912,121.0292348,Rear-End
None,EDSA,None,None,"No Accident Factor, Rear-end, 0.0 drivers_injured, 0.0 drivers_killed, 0.0 passengers_injured, 0.0 passengers_killed, 0.0 pedestrian_injured, 0.0 pedestrian_killed, Fair (Day), EDSA (SB) Guadalupe Bridge Makati",MMDA Road Safety Unit,,9a0172dc-0a57-45de-b4e3-620849a267b4,2016-03-01,00:45:00,EDSA (SB) Buendia Ave. (SB)  Makati,0,0,0,0,0,0,0,0,0,0,2016-03-01 8:45,Property,14.56802596,121.045885,Rear-End
None,EDSA,None,None,"No Accident Factor, Multiple Collision, 0.0 drivers_injured, 0.0 drivers_killed, 0.0 passengers_injured, 0.0 passengers_killed, 0.0 pedestrian_injured, 0.0 pedestrian_killed, Fair (Night), EDSA (SB) Estrella (SB)  Makati",MMDA Road Safety Unit,,0257d5d4-5e9c-4f64-9a5a-342760e4be03,2016-02-29,13:45:00,EDSA (SB) San Lorenzo Drive Makati,0,0,0,0,0,0,0,0,0,0,2016-02-29 21:45,Property,14.56002889,121.040751,Multiple
None,EDSA,None,None,"No Accident Factor, Side Swipe, 0.0 drivers_injured, 0.0 drivers_killed, 0.0 passengers_injured, 0.0 passengers_killed, 0.0 pedestrian_injured, 0.0 pedestrian_killed, Fair (Day), EDSA (SB) Rockwell Makati",MMDA Road Safety Unit,,a5c0854d-c228-4767-ae0c-acf83450b09c,2016-02-29,05:55:00,EDSA (SB) Pasong Tamo Exit (SB)  Makati,0,0,0,0,0,0,0,0,0,0,2016-02-29 13:55,Property,14.559945,121.0407272,Side Swipe
None,EDSA,None,None,"No Accident Factor, Rear-end, 0.0 drivers_injured, 0.0 drivers_killed, 0.0 passengers_injured, 0.0 passengers_killed, 0.0 pedestrian_injured, 0.0 pedestrian_killed, Fair (Day), EDSA (SB) Estrella (SB)  Makati",MMDA Road Safety Unit,,afb6e088-ce5c-4d8b-a78e-04a0e90337d9,2016-02-29,05:40:00,EDSA (SB) Ayala Ave. Makati,0,0,0,0,0,0,0,0,0,0,2016-02-29 13:40,Property,14.56002889,121.040751,Rear-End
None,EDSA,None,None,"No Accident Factor, Rear-end, 0.0 drivers_injured, 0.0 drivers_killed, 0.0 passengers_injured, 0.0 passengers_killed, 0.0 pedestrian_injured, 0.0 pedestrian_killed, Fair (Day), EDSA (SB) Estrella St. Makati",MMDA Road Safety Unit,,4018f023-991a-4833-acf2-d9c08c0edbc5,2016-02-29,04:20:00,EDSA (SB) Magallanes Loading Bay  Makati,0,0,0,0,0,0,0,0,0,0,2016-02-29 12:20,Property,14.56002889,121.040751,Rear-End
None,EDSA,None,None,"No Accident Factor, Side Swipe, 0.0 drivers_injured, 0.0 drivers_killed, 0.0 passengers_injured, 0.0 passengers_killed, 0.0 pedestrian_injured, 0.0 pedestrian_killed, Fair (Night), EDSA (SB) San Lorenzo Makati",MMDA Road Safety Unit,,0fb5e5f0-4ae0-4531-92bf-ca955e41426f,2016-02-27,12:15:00,EDSA (SB) Ayala Ave. - Buendia Ave. Makati,0,0,0,0,0,0,0,0,0,0,2016-02-27 20:15,Property,14.5422524,121.0195278,Side Swipe
None,EDSA,None,None,"No Accident Factor, Side Swipe, 0.0 drivers_injured, 0.0 drivers_killed, 0.0 passengers_injured, 0.0 passengers_killed, 0.0 pedestrian_injured, 0.0 pedestrian_killed, Fair (Night), EDSA (SB) Buendia Loading Bay  Makati",MMDA Road Safety Unit,,bf6236bf-c8b7-463a-bf1b-2bb5b536765a,2016-02-26,14:40:00,EDSA (SB) Buendia Ave. Makati,0,0,0,0,0,0,0,0,0,0,2016-02-26 22:40,Property,14.55400112,121.0336264,Side Swipe
None,EDSA,None,None,"No Accident Factor, Side Swipe, 0.0 drivers_injured, 0.0 drivers_killed, 0.0 passengers_injured, 0.0 passengers_killed, 0.0 pedestrian_injured, 0.0 pedestrian_killed, Fair (Night), EDSA (SB) Buendia Ave. MRT Station  Makati",MMDA Road Safety Unit,,857091f4-f0c2-469b-ab28-a3586198a88a,2016-02-26,12:45:00,EDSA (SB) Evangelista St. Makati,0,0,0,0,0,0,0,0,0,0,2016-02-26 20:45,Property,14.55422339,121.0338994,Side Swipe
None,EDSA,None,None,"No Accident Factor, Rear-end, 0.0 drivers_injured, 0.0 drivers_killed, 0.0 passengers_injured, 0.0 passengers_killed, 0.0 pedestrian_injured, 0.0 pedestrian_killed, Fair (Night), EDSA (SB) Buendia Ave. MRT Station  Makati",MMDA Road Safety Unit,,9d9dbc98-03de-4091-901b-45ced4cd2bcc,2016-02-26,12:15:00,EDSA (SB) Estrella St. Loading bay Makati,0,0,0,0,0,0,0,0,0,0,2016-02-26 20:15,Property,14.55422339,121.0338994,Rear-End
None,EDSA,None,None,"No Accident Factor, Side Swipe, 0.0 drivers_injured, 0.0 drivers_killed, 0.0 passengers_injured, 0.0 passengers_killed, 0.0 pedestrian_injured, 0.0 pedestrian_killed, Fair (Day), EDSA (SB) Buendia Ave. Makati",MMDA Road Safety Unit,,43adc59d-5f15-4b5f-9580-a1506af0a0a7,2016-02-26,06:25:00,EDSA (SB) A. Arnaiz Ave. (Pasay Road) Makati,0,0,0,0,0,0,0,0,0,0,2016-02-26 14:25,Property,14.55505269,121.034707,Side Swipe
None,EDSA,None,None,"No Accident Factor, Side Swipe, 0.0 drivers_injured, 0.0 drivers_killed, 0.0 passengers_injured, 0.0 passengers_killed, 0.0 pedestrian_injured, 0.0 pedestrian_killed, Fair (Day), EDSA (SB) Estrella St. Makati",MMDA Road Safety Unit,,7c41f852-977b-492a-bee9-2b1a04b0de47,2016-02-26,00:50:00,EDSA (SB) San Carlos Seminary Makati,0,0,0,0,0,0,0,0,0,0,2016-02-26 8:50,Property,14.56002889,121.040751,Side Swipe
None,EDSA,None,None,"No Accident Factor, Rear-end, 1.0 drivers_injured, 0.0 drivers_killed, 0.0 passengers_injured, 0.0 passengers_killed, 0.0 pedestrian_injured, 0.0 pedestrian_killed, Fair (Night), EDSA (SB) Buendia Ave. (SB)  Makati",MMDA Road Safety Unit,,bda10bad-ca27-4ae6-9fc8-b218662b16cd,2016-02-24,21:35:00,EDSA (SB) Guadalupe Loading bay Makati,0,0,0,1,0,0,0,0,0,1,2016-02-25 5:35,Injury,14.55505269,121.034707,Rear-End
None,EDSA,None,None,"No Accident Factor, Rear-end, 0.0 drivers_injured, 0.0 drivers_killed, 0.0 passengers_injured, 0.0 passengers_killed, 0.0 pedestrian_injured, 0.0 pedestrian_killed, Fair (Night), EDSA (SB) San Lorenzo Drive Makati",MMDA Road Safety Unit,,d5a824bc-05f0-4d48-967f-7d9c1cd85f3b,2016-02-24,14:30:00,EDSA (SB) A. Arnaiz Ave. Makati,0,0,0,0,0,0,0,0,0,0,2016-02-24 22:30,Property,14.5422524,121.0195278,Rear-End
None,EDSA,None,None,"No Accident Factor, Side Swipe, 0.0 drivers_injured, 0.0 drivers_killed, 0.0 passengers_injured, 0.0 passengers_killed, 0.0 pedestrian_injured, 0.0 pedestrian_killed, Fair (Night), EDSA (SB) Pasong Tamo Exit (SB)  Makati",MMDA Road Safety Unit,,b5c8aee1-1b28-4a2b-a259-3d9c549b0d0d,2016-02-24,11:40:00,EDSA (SB) Ayala Ave. Makati,0,0,0,0,0,0,0,0,0,0,2016-02-24 19:40,Property,14.54116487,121.0183116,Side Swipe
None,EDSA,None,None,"No Accident Factor, No Collision Stated (based on Police Blotter Book), 1.0 drivers_injured, 0.0 drivers_killed, 0.0 passengers_injured, 0.0 passengers_killed, 0.0 pedestrian_injured, 0.0 pedestrian_killed, Fair (Day), EDSA (SB) Ayala Ave. Makati",MMDA Road Safety Unit,,905d42a0-4885-47fa-9b49-c8b5f2f8631f,2016-02-24,07:45:00,EDSA (SB) Guadalupe Loading bay Makati,0,0,0,1,0,0,0,0,0,1,2016-02-24 15:45,Injury,14.55022912,121.0292348,No Collision Stated
None,EDSA,None,None,"No Accident Factor, Rear-end, 0.0 drivers_injured, 0.0 drivers_killed, 0.0 passengers_injured, 0.0 passengers_killed, 0.0 pedestrian_injured, 0.0 pedestrian_killed, Fair (Day), EDSA (SB) Magallanes Loading Bay  Makati",MMDA Road Safety Unit,,381ed671-90a7-4c14-a45f-7ce811ff3024,2016-02-23,06:45:00,EDSA (SB) A. Arnaiz Ave. (Pasay Road) Makati,0,0,0,0,0,0,0,0,0,0,2016-02-23 14:45,Property,14.54282655,121.0202714,Rear-End
None,EDSA,None,None,"No Accident Factor, Rear-end, 0.0 drivers_injured, 0.0 drivers_killed, 0.0 passengers_injured, 0.0 passengers_killed, 0.0 pedestrian_injured, 0.0 pedestrian_killed, Fair (Day), EDSA (SB) Ayala Ave. - Buendia Ave. Makati",MMDA Road Safety Unit,,77d672a7-a915-47db-9496-57f4ec3fd9c5,2016-02-22,00:15:00,EDSA (SB) Estrella St. (SB) Makati,0,0,0,0,0,0,0,0,0,0,2016-02-22 8:15,Property,14.55032185,121.0294221,Rear-End
None,EDSA,None,None,"No Accident Factor, Other (Hit Veh. + Hit Obj.), 1.0 drivers_injured, 0.0 drivers_killed, 1.0 passengers_injured, 0.0 passengers_killed, 0.0 pedestrian_injured, 0.0 pedestrian_killed, Fair (Day), EDSA (SB) Buendia Ave. Makati",MMDA Road Safety Unit,,0090690b-9f16-48e2-97c3-a0de15124237,2016-02-21,08:00:00,EDSA (SB) Loyola Memorial Chapel Makati,0,0,0,1,1,0,0,0,0,2,2016-02-21 16:00,Injury,14.55505269,121.034707,Hit Object
None,EDSA,None,None,"No Accident Factor, Rear-end, 0.0 drivers_injured, 0.0 drivers_killed, 0.0 passengers_injured, 0.0 passengers_killed, 0.0 pedestrian_injured, 0.0 pedestrian_killed, Fair (Day), EDSA (SB) Evangelista St. Makati",MMDA Road Safety Unit,,cd8825f5-1107-4c11-97e6-25cd351f4536,2016-02-21,06:35:00,EDSA (SB) Buendia Ave. Makati,0,0,0,0,0,0,0,0,0,0,2016-02-21 14:35,Property,14.53903137,121.0123272,Rear-End
None,EDSA,None,None,"No Accident Factor, Rear-end, 0.0 drivers_injured, 0.0 drivers_killed, 0.0 passengers_injured, 0.0 passengers_killed, 0.0 pedestrian_injured, 0.0 pedestrian_killed, Fair (Day), EDSA (SB) Estrella St. Loading bay Makati",MMDA Road Safety Unit,,60185594-586a-4e5a-a329-fa3f274c0edd,2016-02-21,05:00:00,EDSA (SB) Ayala Ave. Makati,0,0,0,0,0,0,0,0,0,0,2016-02-21 13:00,Property,14.56057959,121.0414139,Rear-End
None,EDSA,None,None,"No Accident Factor, Rear-end, 0.0 drivers_injured, 0.0 drivers_killed, 0.0 passengers_injured, 0.0 passengers_killed, 0.0 pedestrian_injured, 0.0 pedestrian_killed, Fair (Night), EDSA (SB) A. Arnaiz Ave. (Pasay Road) Makati",MMDA Road Safety Unit,,2a5edde3-cc71-440a-9bd8-d88ca9c2cae3,2016-02-20,11:20:00,EDSA (SB) Ayala Ave. Makati,0,0,0,0,0,0,0,0,0,0,2016-02-20 19:20,Property,14.54765031,121.0260523,Rear-End
None,EDSA,None,None,"No Accident Factor, Rear-end, 0.0 drivers_injured, 0.0 drivers_killed, 0.0 passengers_injured, 0.0 passengers_killed, 0.0 pedestrian_injured, 0.0 pedestrian_killed, Fair (Night), EDSA (SB) San Carlos Seminary Makati",MMDA Road Safety Unit,,d1d5c2b6-4ade-4983-9153-0dce04561da3,2016-02-20,10:15:00,EDSA (SB) Magallanes Loading Bay Makati,0,0,0,0,0,0,0,0,0,0,2016-02-20 18:15,Property,14.56316308,121.043841,Rear-End
None,EDSA,None,None,"No Accident Factor, Rear-end, 0.0 drivers_injured, 0.0 drivers_killed, 0.0 passengers_injured, 0.0 passengers_killed, 0.0 pedestrian_injured, 0.0 pedestrian_killed, Fair (Night), EDSA (SB) Guadalupe Loading bay Makati",MMDA Road Safety Unit,,0be46974-40cc-4a4b-b111-2a3f1b0421e4,2016-02-20,10:00:00,EDSA (SB) Magallanes MRT Station Makati,0,0,0,0,0,0,0,0,0,0,2016-02-20 18:00,Property,14.56473213,121.0447625,Rear-End
None,EDSA,None,None,"No Accident Factor, Side Swipe, 0.0 drivers_injured, 0.0 drivers_killed, 0.0 passengers_injured, 0.0 passengers_killed, 0.0 pedestrian_injured, 0.0 pedestrian_killed, Fair (Day), EDSA (SB) A. Arnaiz Ave. Makati",MMDA Road Safety Unit,,1e3ab366-1ee8-4898-a626-b71aba1f8ebd,2016-02-20,08:35:00,EDSA (SB) Ayala Ave. Makati,0,0,0,0,0,0,0,0,0,0,2016-02-20 16:35,Property,14.54765031,121.0260523,Side Swipe
None,EDSA,None,None,"No Accident Factor, Side Swipe, 0.0 drivers_injured, 0.0 drivers_killed, 0.0 passengers_injured, 0.0 passengers_killed, 0.0 pedestrian_injured, 0.0 pedestrian_killed, Fair (Day), EDSA (SB) Ayala Ave. Makati",MMDA Road Safety Unit,,321e6dfe-3a57-4503-9e9e-82755fa6d2ff,2016-02-20,05:45:00,EDSA (SB) Estrella St. Makati,0,0,0,0,0,0,0,0,0,0,2016-02-20 13:45,Property,14.55022912,121.0292348,Side Swipe
None,EDSA,None,None,"No Accident Factor, Side Swipe, 0.0 drivers_injured, 0.0 drivers_killed, 0.0 passengers_injured, 0.0 passengers_killed, 0.0 pedestrian_injured, 0.0 pedestrian_killed, Fair (Day), EDSA (SB) Guadalupe Loading bay Makati",MMDA Road Safety Unit,,62756256-c944-483c-b48c-ad393913c470,2016-02-20,05:35:00,EDSA (SB) Estrella St. Makati,0,0,0,0,0,0,0,0,0,0,2016-02-20 13:35,Property,14.56473213,121.0447625,Side Swipe
None,EDSA,None,None,"No Accident Factor, Hit and Run (Side Swipe), 0.0 drivers_injured, 0.0 drivers_killed, 0.0 passengers_injured, 0.0 passengers_killed, 0.0 pedestrian_injured, 0.0 pedestrian_killed, Fair (Night), EDSA (SB) A. Arnaiz Ave. (Pasay Road) Makati",MMDA Road Safety Unit,,46ff5f51-5c04-423c-8652-bd8f6db1b140,2016-02-19,13:30:00,EDSA (SB) Ayala Ave. Makati,0,0,0,0,0,0,0,0,0,0,2016-02-19 21:30,Property,14.54765031,121.0260523,Side Swipe
None,EDSA,None,None,"No Accident Factor, Side Swipe, 0.0 drivers_injured, 0.0 drivers_killed, 0.0 passengers_injured, 0.0 passengers_killed, 0.0 pedestrian_injured, 0.0 pedestrian_killed, Fair (Night), EDSA (SB) Estrella St. (SB) Makati",MMDA Road Safety Unit,,bbe8e721-2f33-48c9-b23a-6ef4e129d35c,2016-02-19,10:30:00,EDSA (SB) Buendia Emergency Bay Makati,0,0,0,0,0,0,0,0,0,0,2016-02-19 18:30,Property,14.56002889,121.040751,Side Swipe
None,EDSA,None,None,"No Accident Factor, Hit Object (Barrier-Plastic), 0.0 drivers_injured, 0.0 drivers_killed, 0.0 passengers_injured, 0.0 passengers_killed, 0.0 pedestrian_injured, 0.0 pedestrian_killed, Fair (Night), EDSA (SB) Loyola Memorial Chapel Makati",MMDA Road Safety Unit,,76676808-20fc-49bb-b0e8-a34806b3c464,2016-02-18,20:30:00,EDSA (SB) Estrella St. loading bay Makati,0,0,0,0,0,0,0,0,0,0,2016-02-19 4:30,Property,14.5653264,121.0449169,Hit Object
None,EDSA,None,None,"No Accident Factor, Angle Impact, 0.0 drivers_injured, 0.0 drivers_killed, 0.0 passengers_injured, 0.0 passengers_killed, 0.0 pedestrian_injured, 0.0 pedestrian_killed, Fair (Night), EDSA (SB) Buendia Ave. Makati",MMDA Road Safety Unit,,f80d4375-2427-480c-939e-5cb332a525b4,2016-02-18,11:30:00,EDSA (SB) Rockwell Makati,0,0,0,0,0,0,0,0,0,0,2016-02-18 19:30,Property,14.55505269,121.034707,Angle Impact
None,EDSA,None,None,"No Accident Factor, Rear-end, 0.0 drivers_injured, 0.0 drivers_killed, 0.0 passengers_injured, 0.0 passengers_killed, 0.0 pedestrian_injured, 0.0 pedestrian_killed, Fair (Day), EDSA (SB) Ayala Ave. Makati",MMDA Road Safety Unit,,0dcd1812-f2ce-43d3-bbfd-ff2715359572,2016-02-18,09:45:00,EDSA (SB) Estrella St. Makati,0,0,0,0,0,0,0,0,0,0,2016-02-18 17:45,Property,14.55022912,121.0292348,Rear-End
None,EDSA,None,None,"No Accident Factor, Angle Impact, 1.0 drivers_injured, 0.0 drivers_killed, 0.0 passengers_injured, 0.0 passengers_killed, 0.0 pedestrian_injured, 0.0 pedestrian_killed, Fair (Night), EDSA (SB) Ayala Ave. Makati",MMDA Road Safety Unit,,5c793579-a937-4902-a0b5-f7f65888a460,2016-02-17,20:45:00,EDSA (SB) Dusit Hotel A. Arnaiz Ave. Makati,0,0,0,1,0,0,0,0,0,1,2016-02-18 4:45,Injury,14.55022912,121.0292348,Angle Impact
None,EDSA,None,None,"No Accident Factor, No Collision Stated (based on Police Blotter Book), 0.0 drivers_injured, 0.0 drivers_killed, 0.0 passengers_injured, 0.0 passengers_killed, 0.0 pedestrian_injured, 0.0 pedestrian_killed, Fair (Night), EDSA (SB) Magallanes Loading Bay Makati",MMDA Road Safety Unit,,d02f3695-28ca-4ca4-8e23-bde0641a592d,2016-02-17,11:00:00,EDSA (SB) MRT Ayala Loading Bay Makati,0,0,0,0,0,0,0,0,0,0,2016-02-17 19:00,Property,14.54282655,121.0202714,No Collision Stated
None,EDSA,None,None,"No Accident Factor, Rear-end, 0.0 drivers_injured, 0.0 drivers_killed, 0.0 passengers_injured, 0.0 passengers_killed, 0.0 pedestrian_injured, 0.0 pedestrian_killed, Fair (Day), EDSA (SB) Magallanes MRT Station Makati",MMDA Road Safety Unit,,6410f400-f321-407d-bd06-6d704cb58097,2016-02-17,03:30:00,EDSA (SB) Ayala Ave. Makati,0,0,0,0,0,0,0,0,0,0,2016-02-17 11:30,Property,14.54171041,121.019054,Rear-End
None,EDSA,None,None,"No Accident Factor, Rear-end, 0.0 drivers_injured, 0.0 drivers_killed, 0.0 passengers_injured, 0.0 passengers_killed, 0.0 pedestrian_injured, 0.0 pedestrian_killed, Fair (Night), EDSA (SB) Ayala Ave. Makati",MMDA Road Safety Unit,,1267c497-0a22-46d1-a537-8d4a56c8b5e4,2016-02-16,12:50:00,"EDSA (SB) ""U"" turn slot, Buendia Makati",0,0,0,0,0,0,0,0,0,0,2016-02-16 20:50,Property,14.55022912,121.0292348,Rear-End