LOCATION_TEXT,ROAD,WEATHER,LIGHT,DESC,REPORTING_AGENCY,MAIN_CAUSE,INCIDENTDETAILS_ID,DATE_UTC,TIME_UTC,ADDRESS,killed_driver,killed_passenger,killed_pedestrian,injured_driver,injured_passenger,injured_pedestrian,killed_uncategorized,injured_uncategorized,killed_total,injured_total,DATETIME_PST,SEVERITY,Y,X,COLLISION_TYPE
None,EDSA,None,None,"No Accident Factor, Side Swipe, 0.0 drivers_injured, 0.0 drivers_killed, 0.0 passengers_injured, 0.0 passengers_killed, 0.0 pedestrian_injured, 0.0 pedestrian_killed, Fair (Day), EDSA (SB) Estrella St. Makati",MMDA Road Safety Unit,,8f12145c-033d-4eae-94ab-47ad5ab54167,2016-02-16,07:05:00,EDSA (SB) Guadalupe MRT Station Makati,0,0,0,0,0,0,0,0,0,0,2016-02-16 15:05,Property,14.56002889,121.040751,Side Swipe
None,EDSA,None,None,"No Accident Factor, Side Swipe, 0.0 drivers_injured, 0.0 drivers_killed, 0.0 passengers_injured, 0.0 passengers_killed, 0.0 pedestrian_injured, 0.0 pedestrian_killed, Fair (Day), EDSA (SB) Estrella St. Makati",MMDA Road Safety Unit,,f523dd32-7150-4df7-b390-ff4fa79a2a45,2016-02-16,05:45:00,EDSA (SB) San Carlos Seminary Makati,0,0,0,0,0,0,0,0,0,0,2016-02-16 13:45,Property,14.56002889,121.040751,Side Swipe
None,EDSA,None,None,"No Accident Factor, Side Swipe, 0.0 drivers_injured, 0.0 drivers_killed, 0.0 passengers_injured, 0.0 passengers_killed, 0.0 pedestrian_injured, 0.0 pedestrian_killed, Fair (Day), EDSA (SB) Ayala Ave. Makati",MMDA Road Safety Unit,,ae237dee-10c1-49ee-aa1f-d7e446f31bd2,2016-02-16,02:20:00,EDSA (SB) Shell Gas Station Buendia Makati,0,0,0,0,0,0,0,0,0,0,2016-02-16 10:20,Property,14.55022912,121.0292348,Side Swipe
None,EDSA,None,None,"No Accident Factor, Rear-end, 0.0 drivers_injured, 0.0 drivers_killed, 0.0 passengers_injured, 0.0 passengers_killed, 0.0 pedestrian_injured, 0.0 pedestrian_killed, Fair (Day), EDSA (SB) Buendia Emergency Bay Makati",MMDA Road Safety Unit,,bf65d81b-4f62-4250-97da-5d68f4bbe935,2016-02-16,01:05:00,EDSA (SB) A. Arnaiz Ave. Makati,0,0,0,0,0,0,0,0,0,0,2016-02-16 9:05,Property,14.55405859,121.0336357,Rear-End
None,EDSA,None,None,"No Accident Factor, Side Swipe, 0.0 drivers_injured, 0.0 drivers_killed, 0.0 passengers_injured, 0.0 passengers_killed, 0.0 pedestrian_injured, 0.0 pedestrian_killed, Fair (Day), EDSA (SB) Estrella St. loading bay Makati",MMDA Road Safety Unit,,b6d04536-c20c-4428-a764-fe5c2724edc6,2016-02-15,01:00:00,EDSA (SB) Dusit Hotel Ayala Makati,0,0,0,0,0,0,0,0,0,0,2016-02-15 9:00,Property,14.56057959,121.0414139,Side Swipe
None,EDSA,None,None,"No Accident Factor, Side Swipe, 0.0 drivers_injured, 0.0 drivers_killed, 0.0 passengers_injured, 0.0 passengers_killed, 0.0 pedestrian_injured, 0.0 pedestrian_killed, Fair (Day), EDSA (SB) Rockwell Makati",MMDA Road Safety Unit,,2a2c57e9-ccc4-4e57-93ac-cf19360d8e07,2016-02-14,09:55:00,EDSA (SB) A. Arnaiz Ave.  Makati,0,0,0,0,0,0,0,0,0,0,2016-02-14 17:55,Property,14.559945,121.0407272,Side Swipe
None,EDSA,None,None,"No Accident Factor, No Collision Stated (based on Police Blotter Book), 0.0 drivers_injured, 0.0 drivers_killed, 0.0 passengers_injured, 0.0 passengers_killed, 0.0 pedestrian_injured, 0.0 pedestrian_killed, Fair (Day), EDSA (SB) Estrella St. Makati",MMDA Road Safety Unit,,fafe9878-e123-4119-9702-f857cf2c3eec,2016-02-14,04:25:00,EDSA (SB) Lapu-Lapu St.  Makati,0,0,0,0,0,0,0,0,0,0,2016-02-14 12:25,Property,14.56002889,121.040751,No Collision Stated
None,EDSA,None,None,"No Accident Factor, Side Swipe, 0.0 drivers_injured, 0.0 drivers_killed, 0.0 passengers_injured, 0.0 passengers_killed, 0.0 pedestrian_injured, 0.0 pedestrian_killed, Fair (Night), EDSA (SB) Dusit Hotel A. Arnaiz Ave. Makati",MMDA Road Safety Unit,,e7adaaa5-160e-4b02-bf1b-edd7dd09a0f2,2016-02-13,11:30:00,EDSA (SB) A. Arnaiz Ave.  Makati,0,0,0,0,0,0,0,0,0,0,2016-02-13 19:30,Property,14.54794586,121.0263601,Side Swipe
None,EDSA,None,None,"No Accident Factor, Side Swipe, 0.0 drivers_injured, 0.0 drivers_killed, 0.0 passengers_injured, 0.0 passengers_killed, 0.0 pedestrian_injured, 0.0 pedestrian_killed, Fair (Day), EDSA (SB) MRT Ayala Loading Bay Makati",MMDA Road Safety Unit,,14a68a70-d7a2-4684-a6a9-f33a1ffec24f,2016-02-13,09:50:00,"EDSA (SB) ""U"" turn slot, Buendia Makati",0,0,0,0,0,0,0,0,0,0,2016-02-13 17:50,Property,14.54911319,121.0279946,Side Swipe
None,EDSA,None,None,"No Accident Factor, Side Swipe, 0.0 drivers_injured, 0.0 drivers_killed, 0.0 passengers_injured, 0.0 passengers_killed, 0.0 pedestrian_injured, 0.0 pedestrian_killed, Fair (Day), EDSA (SB) Ayala Ave. Makati",MMDA Road Safety Unit,,6d240d7f-51b1-41c2-b506-46b69ff0d402,2016-02-12,06:45:00,EDSA (SB) Guadalupe loading bay (SB) Makati,0,0,0,0,0,0,0,0,0,0,2016-02-12 14:45,Property,14.55022912,121.0292348,Side Swipe
None,EDSA,None,None,"No Accident Factor, No Collision Stated (based on Police Blotter Book), 1.0 drivers_injured, 0.0 drivers_killed, 0.0 passengers_injured, 0.0 passengers_killed, 0.0 pedestrian_injured, 0.0 pedestrian_killed, Fair (Day), EDSA (SB) ""U"" turn slot, Buendia Makati",MMDA Road Safety Unit,,0be5df19-1123-4021-aea8-de94c86d0064,2016-02-12,06:15:00,EDSA (SB) Magallanes Interchange Makati,0,0,0,1,0,0,0,0,0,1,2016-02-12 14:15,Injury,14.55533419,121.0354546,No Collision Stated
None,EDSA,None,None,"No Accident Factor, Rear-end, 0.0 drivers_injured, 0.0 drivers_killed, 0.0 passengers_injured, 0.0 passengers_killed, 0.0 pedestrian_injured, 0.0 pedestrian_killed, Fair (Day), EDSA (SB) Guadalupe MRT Station Makati",MMDA Road Safety Unit,,9d53ff10-56f1-4cd6-bf22-81209033353c,2016-02-12,04:50:00,EDSA (SB) Estrella St. Makati,0,0,0,0,0,0,0,0,0,0,2016-02-12 12:50,Property,14.5665734,121.0453551,Rear-End
None,EDSA,None,None,"No Accident Factor, Side Swipe, 0.0 drivers_injured, 0.0 drivers_killed, 0.0 passengers_injured, 0.0 passengers_killed, 0.0 pedestrian_injured, 0.0 pedestrian_killed, Fair (Day), EDSA (SB) San Carlos Seminary Makati",MMDA Road Safety Unit,,df53c1a7-f2aa-4d27-bd85-66027be242b8,2016-02-12,01:30:00,EDSA (SB) Kalayaan Ave. Makati,0,0,0,0,0,0,0,0,0,0,2016-02-12 9:30,Property,14.56316308,121.043841,Side Swipe
None,EDSA,None,None,"No Accident Factor, Rear-end, 0.0 drivers_injured, 0.0 drivers_killed, 0.0 passengers_injured, 0.0 passengers_killed, 0.0 pedestrian_injured, 0.0 pedestrian_killed, Fair (Day), EDSA (SB) Shell Gas Station Buendia Makati",MMDA Road Safety Unit,,924c281d-dc6d-48dc-874a-0e3547791a06,2016-02-10,22:40:00,EDSA (SB) Estrella St. Makati,0,0,0,0,0,0,0,0,0,0,2016-02-11 6:40,Property,14.55547546,121.0352249,Rear-End
None,EDSA,None,None,"No Accident Factor, Side Swipe, 0.0 drivers_injured, 0.0 drivers_killed, 0.0 passengers_injured, 0.0 passengers_killed, 0.0 pedestrian_injured, 0.0 pedestrian_killed, Fair (Night), EDSA (SB) A. Arnaiz Ave. Makati",MMDA Road Safety Unit,,fb7ff3a3-703a-4b46-ba56-a087e9efdb81,2016-02-10,10:10:00,EDSA (SB) South Cloverleaf  Makati,0,0,0,0,0,0,0,0,0,0,2016-02-10 18:10,Property,14.54765031,121.0260523,Side Swipe
None,EDSA,None,None,"No Accident Factor, Side Swipe, 0.0 drivers_injured, 0.0 drivers_killed, 0.0 passengers_injured, 0.0 passengers_killed, 0.0 pedestrian_injured, 0.0 pedestrian_killed, Fair (Day), EDSA (SB) Dusit Hotel Ayala Makati",MMDA Road Safety Unit,,dfc241ea-96d9-4956-a874-824882f07a9b,2016-02-10,06:50:00,EDSA (SB) Buendia Ave. loading bay Makati,0,0,0,0,0,0,0,0,0,0,2016-02-10 14:50,Property,14.54794586,121.0263601,Side Swipe
None,EDSA,None,None,"No Accident Factor, Side Swipe, 0.0 drivers_injured, 0.0 drivers_killed, 0.0 passengers_injured, 0.0 passengers_killed, 0.0 pedestrian_injured, 0.0 pedestrian_killed, Fair (Day), EDSA (SB) A. Arnaiz Ave.  Makati",MMDA Road Safety Unit,,32095b4b-ed00-4cff-be3b-b2dd14c3ef2e,2016-02-10,05:30:00,EDSA (SB) Bernardino St.  Makati,0,0,0,0,0,0,0,0,0,0,2016-02-10 13:30,Property,14.54765031,121.0260523,Side Swipe
None,EDSA,None,None,"No Accident Factor, Rear-end, 0.0 drivers_injured, 0.0 drivers_killed, 0.0 passengers_injured, 0.0 passengers_killed, 0.0 pedestrian_injured, 0.0 pedestrian_killed, Fair (Day), EDSA (SB) Lapu-Lapu St.  Makati",MMDA Road Safety Unit,,30a88c1e-d877-4c22-85f2-8d7a0e193395,2016-02-10,04:30:00,EDSA (SB) Guadalupe MRT Station Makati,0,0,0,0,0,0,0,0,0,0,2016-02-10 12:30,Property,14.53966789,121.0155946,Rear-End
None,EDSA,None,None,"No Accident Factor, Rear-end, 0.0 drivers_injured, 0.0 drivers_killed, 0.0 passengers_injured, 0.0 passengers_killed, 0.0 pedestrian_injured, 0.0 pedestrian_killed, Fair (Day), EDSA (SB) A. Arnaiz Ave.  Makati",MMDA Road Safety Unit,,3a18bf07-7670-4eba-a1a7-207494cace35,2016-02-10,03:00:00,EDSA (SB) San Carlos Seminary Makati,0,0,0,0,0,0,0,0,0,0,2016-02-10 11:00,Property,14.54765031,121.0260523,Rear-End
None,EDSA,None,None,"No Accident Factor, Rear-end, 0.0 drivers_injured, 0.0 drivers_killed, 0.0 passengers_injured, 0.0 passengers_killed, 0.0 pedestrian_injured, 0.0 pedestrian_killed, Fair (Day), EDSA (SB) ""U"" turn slot, Buendia Makati",MMDA Road Safety Unit,,cf03e6b3-8c70-4f27-b2f5-621f77355026,2016-02-10,01:15:00,EDSA (SB) Buendia Ave. Makati,0,0,0,0,0,0,0,0,0,0,2016-02-10 9:15,Property,14.55533419,121.0354546,Rear-End
None,EDSA,None,None,"No Accident Factor, Rear-end, 0.0 drivers_injured, 0.0 drivers_killed, 0.0 passengers_injured, 0.0 passengers_killed, 0.0 pedestrian_injured, 0.0 pedestrian_killed, Fair (Day), EDSA (SB) Guadalupe loading bay (SB) Makati",MMDA Road Safety Unit,,62fd701d-be38-4469-9ac2-c31fdfdec102,2016-02-09,23:10:00,EDSA (SB) Buendia Ave. Makati,0,0,0,0,0,0,0,0,0,0,2016-02-10 7:10,Property,14.56473213,121.0447625,Rear-End
None,EDSA,None,None,"No Accident Factor, Multiple Collision, 0.0 drivers_injured, 0.0 drivers_killed, 0.0 passengers_injured, 0.0 passengers_killed, 0.0 pedestrian_injured, 0.0 pedestrian_killed, Fair (Day), EDSA (SB) Magallanes Interchange Makati",MMDA Road Safety Unit,,47cc4f39-37b3-4800-b36a-b3a8a28272cb,2016-02-09,04:35:00,EDSA (SB) Buendia Ave. Makati,0,0,0,0,0,0,0,0,0,0,2016-02-09 12:35,Property,14.54028633,121.0167655,Multiple
None,EDSA,None,None,"No Accident Factor, Rear-end, 0.0 drivers_injured, 0.0 drivers_killed, 0.0 passengers_injured, 0.0 passengers_killed, 0.0 pedestrian_injured, 0.0 pedestrian_killed, Fair (Day), EDSA (SB) Estrella St. Makati",MMDA Road Safety Unit,,5b136d6b-5d82-4efd-a811-6df9bb08f3cc,2016-02-09,01:30:00,EDSA (SB) Buendia Ave. loading bay Makati,0,0,0,0,0,0,0,0,0,0,2016-02-09 9:30,Property,14.56002889,121.040751,Rear-End
None,EDSA,None,None,"No Accident Factor, Rear-end, 0.0 drivers_injured, 0.0 drivers_killed, 0.0 passengers_injured, 0.0 passengers_killed, 0.0 pedestrian_injured, 0.0 pedestrian_killed, Fair (Day), EDSA (SB) Kalayaan Ave. Makati",MMDA Road Safety Unit,,531ad6b0-752e-4eb3-9b0c-3d4661b1f4a1,2016-02-09,00:20:00,"EDSA (SB) San Carlos, Guadalupe Makati",0,0,0,0,0,0,0,0,0,0,2016-02-09 8:20,Property,14.55774691,121.0380708,Rear-End
None,EDSA,None,None,"No Accident Factor, Rear-end, 0.0 drivers_injured, 0.0 drivers_killed, 0.0 passengers_injured, 0.0 passengers_killed, 0.0 pedestrian_injured, 0.0 pedestrian_killed, Fair (Day), EDSA (SB) Estrella St. Makati",MMDA Road Safety Unit,,12f0b505-d71b-4169-a87e-1c42e707cde7,2016-02-09,00:10:00,EDSA (SB) Evangelista St.  Makati,0,0,0,0,0,0,0,0,0,0,2016-02-09 8:10,Property,14.56002889,121.040751,Rear-End
None,EDSA,None,None,"No Accident Factor, Rear-end, 0.0 drivers_injured, 0.0 drivers_killed, 0.0 passengers_injured, 0.0 passengers_killed, 0.0 pedestrian_injured, 0.0 pedestrian_killed, Fair (Night), EDSA (SB) South Cloverleaf  Makati",MMDA Road Safety Unit,,01403c5e-1eb1-4d5d-9b8b-533a65298201,2016-02-07,17:00:00,EDSA (SB) Magallanes Interchange Makati,0,0,0,0,0,0,0,0,0,0,2016-02-08 1:00,Property,14.5674885,121.0457055,Rear-End
None,EDSA,None,None,"No Accident Factor, Rear-end, 0.0 drivers_injured, 0.0 drivers_killed, 0.0 passengers_injured, 0.0 passengers_killed, 0.0 pedestrian_injured, 0.0 pedestrian_killed, Fair (Day), EDSA (SB) Buendia Ave. loading bay Makati",MMDA Road Safety Unit,,de59e9af-7a70-411f-b522-451b08908fc7,2016-02-07,09:00:00,EDSA (SB) East Cloverleaf Makati,0,0,0,0,0,0,0,0,0,0,2016-02-07 17:00,Property,14.5538613,121.0334902,Rear-End
None,EDSA,None,None,"No Accident Factor, Rear-end, 0.0 drivers_injured, 0.0 drivers_killed, 0.0 passengers_injured, 0.0 passengers_killed, 0.0 pedestrian_injured, 0.0 pedestrian_killed, Fair (Day), EDSA (SB) Bernardino St.  Makati",MMDA Road Safety Unit,,4cd44a74-a026-44aa-be54-2368621c2402,2016-02-07,08:45:00,EDSA (SB) Estrella St. Makati,0,0,0,0,0,0,0,0,0,0,2016-02-07 16:45,Property,14.5656985,121.0450952,Rear-End
None,EDSA,None,None,"No Accident Factor, Rear-end, 0.0 drivers_injured, 0.0 drivers_killed, 0.0 passengers_injured, 0.0 passengers_killed, 0.0 pedestrian_injured, 0.0 pedestrian_killed, Fair (Day), EDSA (SB) Guadalupe MRT Station Makati",MMDA Road Safety Unit,,5609e0f7-8ac2-4f18-b461-bbecc5dd07c5,2016-02-07,06:30:00,EDSA (SB) Ayala Ave. Makati,0,0,0,0,0,0,0,0,0,0,2016-02-07 14:30,Property,14.5665734,121.0453551,Rear-End
None,EDSA,None,None,"No Accident Factor, Hit Object (Barrier-Plastic / Bollards), 0.0 drivers_injured, 0.0 drivers_killed, 0.0 passengers_injured, 0.0 passengers_killed, 0.0 pedestrian_injured, 0.0 pedestrian_killed, Fair (Day), EDSA (SB) San Carlos Seminary Makati",MMDA Road Safety Unit,,8c533d45-d238-40b7-9462-2b26e651c816,2016-02-07,02:00:00,EDSA (SB) Buendia Ave. MRT Station Makati,0,0,0,0,0,0,0,0,0,0,2016-02-07 10:00,Property,14.56316308,121.043841,Hit Object
None,EDSA,None,None,"No Accident Factor, Rear-end, 0.0 drivers_injured, 0.0 drivers_killed, 0.0 passengers_injured, 0.0 passengers_killed, 0.0 pedestrian_injured, 0.0 pedestrian_killed, Fair (Night), EDSA (SB) Buendia Ave. Makati",MMDA Road Safety Unit,,4126149f-0001-496c-b97e-9998226cae61,2016-02-06,12:45:00,"EDSA (SB) Chino Roces Ave,  Makati",0,0,0,0,0,0,0,0,0,0,2016-02-06 20:45,Property,14.55505269,121.034707,Rear-End
None,EDSA,None,None,"No Accident Factor, Rear-end, 0.0 drivers_injured, 0.0 drivers_killed, 0.0 passengers_injured, 0.0 passengers_killed, 0.0 pedestrian_injured, 0.0 pedestrian_killed, Fair (Day), EDSA (SB) Buendia Ave. Makati",MMDA Road Safety Unit,,bb6b98f7-757f-4ab3-9faf-171778235119,2016-02-06,07:05:00,EDSA (SB) Estrella St. Makati,0,0,0,0,0,0,0,0,0,0,2016-02-06 15:05,Property,14.55505269,121.034707,Rear-End
None,EDSA,None,None,"No Accident Factor, Rear-end, 0.0 drivers_injured, 0.0 drivers_killed, 0.0 passengers_injured, 0.0 passengers_killed, 0.0 pedestrian_injured, 0.0 pedestrian_killed, Fair (Day), EDSA (SB) Buendia Ave. Makati",MMDA Road Safety Unit,,34b2ea11-6ec1-4cb6-b1a9-e73c6142452f,2016-02-06,05:20:00,"EDSA (SB) Chino Roces Ave,  Makati",0,0,0,0,0,0,0,0,0,0,2016-02-06 13:20,Property,14.55505269,121.034707,Rear-End
None,EDSA,None,None,"No Accident Factor, Rear-end, 0.0 drivers_injured, 0.0 drivers_killed, 0.0 passengers_injured, 0.0 passengers_killed, 0.0 pedestrian_injured, 0.0 pedestrian_killed, Fair (Night), EDSA (SB) Buendia Ave. loading bay Makati",MMDA Road Safety Unit,,195fd8f9-e4b1-4335-be56-2344b0b0e9af,2016-02-05,11:30:00,EDSA (SB) Buendia Ave. loading bay (SB) Makati,0,0,0,0,0,0,0,0,0,0,2016-02-05 19:30,Property,14.5538613,121.0334902,Rear-End
None,EDSA,None,None,"No Accident Factor, Side Swipe, 0.0 drivers_injured, 0.0 drivers_killed, 0.0 passengers_injured, 0.0 passengers_killed, 0.0 pedestrian_injured, 0.0 pedestrian_killed, Fair (Day), EDSA (SB) San Carlos, Guadalupe Makati",MMDA Road Safety Unit,,383e08b6-9e09-406a-b598-2e2f4299d2a7,2016-02-05,09:30:00,EDSA (SB) A. Arnaiz Ave.  Makati,0,0,0,0,0,0,0,0,0,0,2016-02-05 17:30,Property,14.56316308,121.043841,Side Swipe
None,EDSA,None,None,"No Accident Factor, Side Swipe, 0.0 drivers_injured, 0.0 drivers_killed, 0.0 passengers_injured, 0.0 passengers_killed, 0.0 pedestrian_injured, 0.0 pedestrian_killed, Fair (Night), EDSA (SB) Evangelista St.  Makati",MMDA Road Safety Unit,,1634c01e-7dfe-4db1-a923-76a4e2649dd5,2016-02-04,11:25:00,EDSA (SB) San Carlos Seminary Makati,0,0,0,0,0,0,0,0,0,0,2016-02-04 19:25,Property,14.53903137,121.0123272,Side Swipe
None,EDSA,None,None,"No Accident Factor, Rear-end, 0.0 drivers_injured, 0.0 drivers_killed, 0.0 passengers_injured, 0.0 passengers_killed, 0.0 pedestrian_injured, 0.0 pedestrian_killed, Fair (Day), EDSA (SB) Magallanes Interchange Makati",MMDA Road Safety Unit,,bebf96ce-907a-4783-b144-eb26e0e2c9df,2016-02-04,02:40:00,EDSA (SB) Ayala Ave. Makati,0,0,0,0,0,0,0,0,0,0,2016-02-04 10:40,Property,14.54028633,121.0167655,Rear-End
None,EDSA,None,None,"No Accident Factor, Rear-end, 0.0 drivers_injured, 0.0 drivers_killed, 0.0 passengers_injured, 0.0 passengers_killed, 0.0 pedestrian_injured, 0.0 pedestrian_killed, Fair (Day), EDSA (SB) East Cloverleaf Makati",MMDA Road Safety Unit,,5e8b1b82-1aa8-4cd2-b99b-77d96ca1642c,2016-02-03,00:45:00,EDSA (SB) Ayala Ave. Makati,0,0,0,0,0,0,0,0,0,0,2016-02-03 8:45,Property,14.56709999,121.0457089,Rear-End
None,EDSA,None,None,"No Accident Factor, Rear-end, 0.0 drivers_injured, 0.0 drivers_killed, 0.0 passengers_injured, 0.0 passengers_killed, 0.0 pedestrian_injured, 0.0 pedestrian_killed, Fair (Night), EDSA (SB) Estrella St. Makati",MMDA Road Safety Unit,,709224d1-f5e9-4628-8f79-73be295f6979,2016-02-02,15:10:00,EDSA (SB) Ayala Ave. Makati,0,0,0,0,0,0,0,0,0,0,2016-02-02 23:10,Property,14.56002889,121.040751,Rear-End
None,EDSA,None,None,"No Accident Factor, Side Swipe, 0.0 drivers_injured, 0.0 drivers_killed, 0.0 passengers_injured, 0.0 passengers_killed, 0.0 pedestrian_injured, 0.0 pedestrian_killed, Fair (Day), EDSA (SB) Ayala Ave. Makati",MMDA Road Safety Unit,,88578f3a-2cfe-4d22-a3e1-c81e3fa006f4,2016-02-02,09:50:00,EDSA (SB) San Lorenzo Village  Makati,0,0,0,0,0,0,0,0,0,0,2016-02-02 17:50,Property,14.55022912,121.0292348,Side Swipe
None,EDSA,None,None,"No Accident Factor, Side Swipe, 0.0 drivers_injured, 0.0 drivers_killed, 0.0 passengers_injured, 0.0 passengers_killed, 0.0 pedestrian_injured, 0.0 pedestrian_killed, Fair (Day), EDSA (SB) Buendia Ave. MRT Station Makati",MMDA Road Safety Unit,,3834d674-f39e-451c-8fd1-1d7a192c41a7,2016-02-02,08:15:00,EDSA (SB) Guadalupe Bridge  Makati,0,0,0,0,0,0,0,0,0,0,2016-02-02 16:15,Property,14.55422339,121.0338994,Side Swipe
None,EDSA,None,None,"No Accident Factor, Side Swipe, 0.0 drivers_injured, 0.0 drivers_killed, 0.0 passengers_injured, 0.0 passengers_killed, 0.0 pedestrian_injured, 0.0 pedestrian_killed, Fair (Day), EDSA (SB) Chino Roces Ave,  Makati",MMDA Road Safety Unit,,d8974b3d-3e74-48c9-ab93-4139c3fccec7,2016-02-02,08:00:00,EDSA (SB) Ayala Ave. Makati,0,0,0,0,0,0,0,0,0,0,2016-02-02 16:00,Property,14.54137258,121.0182439,Side Swipe
None,EDSA,None,None,"No Accident Factor, Rear-end, 0.0 drivers_injured, 0.0 drivers_killed, 0.0 passengers_injured, 0.0 passengers_killed, 0.0 pedestrian_injured, 0.0 pedestrian_killed, Fair (Day), EDSA (SB) Estrella St. Makati",MMDA Road Safety Unit,,7cf8c5d4-84e2-4854-ab4c-9f5a049f1348,2016-02-02,05:20:00,EDSA (SB) Ayala Ave. Makati,0,0,0,0,0,0,0,0,0,0,2016-02-02 13:20,Property,14.56002889,121.040751,Rear-End
None,EDSA,None,None,"No Accident Factor, Side Swipe, 0.0 drivers_injured, 0.0 drivers_killed, 0.0 passengers_injured, 0.0 passengers_killed, 0.0 pedestrian_injured, 0.0 pedestrian_killed, Fair (Day), EDSA (SB) Chino Roces Ave,  Makati",MMDA Road Safety Unit,,e56a9c1a-e1e6-417c-925a-984f9dab750a,2016-02-02,01:00:00,EDSA (SB) Ayala Ave. Makati,0,0,0,0,0,0,0,0,0,0,2016-02-02 9:00,Property,14.54137258,121.0182439,Side Swipe
None,EDSA,None,None,"No Accident Factor, Hit Object (Barrier-Plastic, MMDA), 0.0 drivers_injured, 0.0 drivers_killed, 0.0 passengers_injured, 0.0 passengers_killed, 0.0 pedestrian_injured, 0.0 pedestrian_killed, Fair (Day), EDSA (SB) Buendia Ave. loading bay (SB) Makati",MMDA Road Safety Unit,,81e58ab1-0fdd-440b-b809-ba6ea8a526a2,2016-02-01,07:15:00,EDSA (SB) West Cloverleaf Makati,0,0,0,0,0,0,0,0,0,0,2016-02-01 15:15,Property,14.5538613,121.0334902,Hit Object
None,EDSA,None,None,"No Accident Factor, Rear-end, 0.0 drivers_injured, 0.0 drivers_killed, 0.0 passengers_injured, 0.0 passengers_killed, 0.0 pedestrian_injured, 0.0 pedestrian_killed, Fair (Day), EDSA (SB) A. Arnaiz Ave.  Makati",MMDA Road Safety Unit,,ff4fc232-bff5-4fb8-a29d-90f6e4d4dccf,2016-01-31,23:00:00,EDSA (SB) San Lorenzo Village  Makati,0,0,0,0,0,0,0,0,0,0,2016-02-01 7:00,Property,14.54765031,121.0260523,Rear-End
None,EDSA,None,None,"No Accident Factor, Multiple Collision, 1.0 drivers_injured, 0.0 drivers_killed, 0.0 passengers_injured, 0.0 passengers_killed, 0.0 pedestrian_injured, 0.0 pedestrian_killed, Fair (Night), EDSA (SB) San Carlos Seminary Makati",MMDA Road Safety Unit,,405cb8d8-f571-4555-89b3-5d5726a4e848,2016-01-31,10:35:00,EDSA (SB) Guadalupe Cloverleaf Makati,0,0,0,1,0,0,0,0,0,1,2016-01-31 18:35,Injury,14.56316308,121.043841,Multiple
None,EDSA,None,None,"No Accident Factor, No Collision Stated (based on Police Blotter Book), 0.0 drivers_injured, 0.0 drivers_killed, 0.0 passengers_injured, 0.0 passengers_killed, 0.0 pedestrian_injured, 0.0 pedestrian_killed, Fair (Night), EDSA (SB) Ayala Ave. Makati",MMDA Road Safety Unit,,bc361aba-0afa-4fb4-a0f2-de2ff8c53b3c,2016-01-30,10:45:00,EDSA (SB) Buendia Ave. Makati,0,0,0,0,0,0,0,0,0,0,2016-01-30 18:45,Property,14.55022912,121.0292348,No Collision Stated
None,EDSA,None,None,"No Accident Factor, Side Swipe, 0.0 drivers_injured, 0.0 drivers_killed, 0.0 passengers_injured, 0.0 passengers_killed, 0.0 pedestrian_injured, 0.0 pedestrian_killed, Fair (Day), EDSA (SB) Ayala Ave. Makati",MMDA Road Safety Unit,,ce692a0e-2cfd-4d14-9232-3dfef608cb60,2016-01-29,04:15:00,EDSA (SB) Buandia Ave. (SB)  Makati,0,0,0,0,0,0,0,0,0,0,2016-01-29 12:15,Property,14.55022912,121.0292348,Side Swipe
None,EDSA,None,None,"No Accident Factor, Side Swipe, 0.0 drivers_injured, 0.0 drivers_killed, 0.0 passengers_injured, 0.0 passengers_killed, 0.0 pedestrian_injured, 0.0 pedestrian_killed, Fair (Day), EDSA (SB) Ayala Ave. Makati",MMDA Road Safety Unit,,290513e5-f620-4f3b-9af1-ebec968bff2d,2016-01-28,09:15:00,EDSA (SB) Guadalupe Loading Bay  Makati,0,0,0,0,0,0,0,0,0,0,2016-01-28 17:15,Property,14.55022912,121.0292348,Side Swipe
None,EDSA,None,None,"No Accident Factor, Rear-end, 0.0 drivers_injured, 0.0 drivers_killed, 0.0 passengers_injured, 0.0 passengers_killed, 0.0 pedestrian_injured, 0.0 pedestrian_killed, Fair (Night), EDSA (SB) San Lorenzo Village  Makati",MMDA Road Safety Unit,,415d1580-c68a-40c5-91bf-295a89575790,2016-01-26,19:00:00,EDSA (SB) Estrella St. Makati,0,0,0,0,0,0,0,0,0,0,2016-01-27 3:00,Property,14.5422524,121.0195278,Rear-End
None,EDSA,None,None,"No Accident Factor, Rear-end, 0.0 drivers_injured, 0.0 drivers_killed, 0.0 passengers_injured, 0.0 passengers_killed, 0.0 pedestrian_injured, 0.0 pedestrian_killed, Fair (Day), EDSA (SB) Guadalupe Bridge  Makati",MMDA Road Safety Unit,,b4ee240f-e4f6-41d5-ae71-9eb5dbfe7d66,2016-01-26,04:30:00,EDSA (SB) Guadalupe Foot Bridge  Makati,0,0,0,0,0,0,0,0,0,0,2016-01-26 12:30,Property,14.56802596,121.045885,Rear-End
None,EDSA,None,None,"No Accident Factor, Side Swipe, 0.0 drivers_injured, 0.0 drivers_killed, 0.0 passengers_injured, 0.0 passengers_killed, 0.0 pedestrian_injured, 0.0 pedestrian_killed, Fair (Day), EDSA (SB) Ayala Ave. Makati",MMDA Road Safety Unit,,882e8bd6-66d7-4a8d-9e97-adb32a02ed15,2016-01-25,06:25:00,EDSA (SB) Buendia Ave. Makati,0,0,0,0,0,0,0,0,0,0,2016-01-25 14:25,Property,14.55022912,121.0292348,Side Swipe
None,EDSA,None,None,"No Accident Factor, Hit and Run (No Collision Stated), 0.0 drivers_injured, 0.0 drivers_killed, 0.0 passengers_injured, 0.0 passengers_killed, 0.0 pedestrian_injured, 0.0 pedestrian_killed, Fair (Day), EDSA (SB) Ayala Ave. Makati",MMDA Road Safety Unit,,080d471e-cc0e-467b-bae3-c94e7a750f72,2016-01-25,04:25:00,EDSA (SB) Magallanes Interchange Makati,0,0,0,0,0,0,0,0,0,0,2016-01-25 12:25,Property,14.55022912,121.0292348,No Collision Stated