LOCATION_TEXT,ROAD,WEATHER,LIGHT,DESC,REPORTING_AGENCY,MAIN_CAUSE,INCIDENTDETAILS_ID,DATE_UTC,TIME_UTC,ADDRESS,killed_driver,killed_passenger,killed_pedestrian,injured_driver,injured_passenger,injured_pedestrian,killed_uncategorized,injured_uncategorized,killed_total,injured_total,DATETIME_PST,SEVERITY,Y,X,COLLISION_TYPE
None,EDSA,None,None,"No Accident Factor, Side Swipe, 0.0 drivers_injured, 0.0 drivers_killed, 0.0 passengers_injured, 0.0 passengers_killed, 0.0 pedestrian_injured, 0.0 pedestrian_killed, Fair (Day), EDSA (SB) Ayala Ave. Makati",MMDA Road Safety Unit,,674629d3-ffe2-4e63-ab81-bad5bf278352,2016-01-25,01:30:00,EDSA (SB) Guadalupe Cloverleaf Makati,0,0,0,0,0,0,0,0,0,0,2016-01-25 9:30,Property,14.55022912,121.0292348,Side Swipe
None,EDSA,None,None,"No Accident Factor, Hit and Run (Side Swipe), 0.0 drivers_injured, 0.0 drivers_killed, 0.0 passengers_injured, 0.0 passengers_killed, 0.0 pedestrian_injured, 0.0 pedestrian_killed, Fair (Night), EDSA (SB) West Cloverleaf Makati",MMDA Road Safety Unit,,809cd85c-68eb-4034-ac2d-f67192275ef6,2016-01-24,12:00:00,EDSA (SB) Buendia MRT Station  Makati,0,0,0,0,0,0,0,0,0,0,2016-01-24 20:00,Property,14.56779247,121.0455985,Side Swipe
None,EDSA,None,None,"No Accident Factor, Multiple Collision, 0.0 drivers_injured, 0.0 drivers_killed, 0.0 passengers_injured, 0.0 passengers_killed, 0.0 pedestrian_injured, 0.0 pedestrian_killed, Fair (Day), EDSA (SB) San Lorenzo Village  Makati",MMDA Road Safety Unit,,553d996b-d314-4e40-bd13-eda3b47bc21b,2016-01-23,05:30:00,EDSA (SB) Evangelista St. Makati,0,0,0,0,0,0,0,0,0,0,2016-01-23 13:30,Property,14.5422524,121.0195278,Multiple
None,EDSA,None,None,"No Accident Factor, Multiple Collision, 0.0 drivers_injured, 0.0 drivers_killed, 0.0 passengers_injured, 0.0 passengers_killed, 0.0 pedestrian_injured, 0.0 pedestrian_killed, Fair (Day), EDSA (SB) Guadalupe Cloverleaf Makati",MMDA Road Safety Unit,,fd8ed8aa-b885-4ce1-8a82-572c53a64373,2016-01-23,04:50:00,EDSA (SB) Ayala Ave. Makati,0,0,0,0,0,0,0,0,0,0,2016-01-23 12:50,Property,14.56720754,121.0457277,Multiple
None,EDSA,None,None,"No Accident Factor, Rear-end, 0.0 drivers_injured, 0.0 drivers_killed, 0.0 passengers_injured, 0.0 passengers_killed, 0.0 pedestrian_injured, 0.0 pedestrian_killed, Fair (Night), EDSA (SB) Buendia Ave. Makati",MMDA Road Safety Unit,,a2ab4e39-852b-4966-83e2-a19704e253ec,2016-01-22,11:30:00,EDSA (SB) Ayala Ave. Makati,0,0,0,0,0,0,0,0,0,0,2016-01-22 19:30,Property,14.55505269,121.034707,Rear-End
None,EDSA,None,None,"No Accident Factor, Rear-end, 0.0 drivers_injured, 0.0 drivers_killed, 0.0 passengers_injured, 0.0 passengers_killed, 0.0 pedestrian_injured, 0.0 pedestrian_killed, Fair (Day), EDSA (SB) Buandia Ave. (SB)  Makati",MMDA Road Safety Unit,,2cf23d96-2801-4d10-b7fe-73941ed7d994,2016-01-22,07:20:00,EDSA (SB) Buendia Loading Bay Makati,0,0,0,0,0,0,0,0,0,0,2016-01-22 15:20,Property,14.55505269,121.034707,Rear-End
None,EDSA,None,None,"No Accident Factor, Side Swipe, 0.0 drivers_injured, 0.0 drivers_killed, 0.0 passengers_injured, 0.0 passengers_killed, 0.0 pedestrian_injured, 0.0 pedestrian_killed, Fair (Day), EDSA (SB) Guadalupe Loading Bay  Makati",MMDA Road Safety Unit,,2852c196-2d90-43b8-b207-e9eddb424acd,2016-01-22,03:20:00,EDSA (SB) Kalayaan Ave. Makati,0,0,0,0,0,0,0,0,0,0,2016-01-22 11:20,Property,14.56473213,121.0447625,Side Swipe
None,EDSA,None,None,"No Accident Factor, Side Swipe, 0.0 drivers_injured, 0.0 drivers_killed, 0.0 passengers_injured, 0.0 passengers_killed, 0.0 pedestrian_injured, 0.0 pedestrian_killed, Fair (Night), EDSA (SB) Estrella St. Makati",MMDA Road Safety Unit,,33b79a08-ffc4-4ab3-8684-36a558028a55,2016-01-21,10:00:00,EDSA (SB) Estrella St. Makati,0,0,0,0,0,0,0,0,0,0,2016-01-21 18:00,Property,14.56002889,121.040751,Side Swipe
None,EDSA,None,None,"No Accident Factor, Rear-end, 0.0 drivers_injured, 0.0 drivers_killed, 0.0 passengers_injured, 0.0 passengers_killed, 0.0 pedestrian_injured, 0.0 pedestrian_killed, Fair (Day), EDSA (SB) Guadalupe Foot Bridge  Makati",MMDA Road Safety Unit,,1d3ec05a-8071-4f0f-a53b-989b29691abb,2016-01-21,08:00:00,EDSA (SB) Guadalupe Loyola  Makati,0,0,0,0,0,0,0,0,0,0,2016-01-21 16:00,Property,14.56486176,121.044824,Rear-End
None,EDSA,None,None,"No Accident Factor, Rear-end, 0.0 drivers_injured, 0.0 drivers_killed, 0.0 passengers_injured, 0.0 passengers_killed, 0.0 pedestrian_injured, 0.0 pedestrian_killed, Fair (Day), EDSA (SB) Buendia Ave. Makati",MMDA Road Safety Unit,,d2a48631-52db-438d-ae22-17fc8b40b91a,2016-01-21,00:00:00,EDSA (SB) South Superhighway Makati,0,0,0,0,0,0,0,0,0,0,2016-01-21 8:00,Property,14.55505269,121.034707,Rear-End
None,EDSA,None,None,"No Accident Factor, Side Swipe, 0.0 drivers_injured, 0.0 drivers_killed, 0.0 passengers_injured, 0.0 passengers_killed, 0.0 pedestrian_injured, 0.0 pedestrian_killed, Fair (Day), EDSA (SB) Magallanes Interchange Makati",MMDA Road Safety Unit,,1c63f39b-eacb-4a81-8c6a-6dfac2e3a21a,2016-01-20,23:30:00,EDSA (SB) Ayala Ave. Makati,0,0,0,0,0,0,0,0,0,0,2016-01-21 7:30,Property,14.54028633,121.0167655,Side Swipe
None,EDSA,None,None,"No Accident Factor, Hit Object (Plantbox), 0.0 drivers_injured, 0.0 drivers_killed, 0.0 passengers_injured, 0.0 passengers_killed, 0.0 pedestrian_injured, 0.0 pedestrian_killed, Fair (Night), EDSA (SB) Guadalupe Cloverleaf Makati",MMDA Road Safety Unit,,f188a854-fe08-4c00-a1d1-6a31db942398,2016-01-20,15:45:00,EDSA (SB) Buendia Ave. Makati,0,0,0,0,0,0,0,0,0,0,2016-01-20 23:45,Property,14.56720754,121.0457277,Hit Object
None,EDSA,None,None,"No Accident Factor, Rear-end, 0.0 drivers_injured, 0.0 drivers_killed, 0.0 passengers_injured, 0.0 passengers_killed, 0.0 pedestrian_injured, 0.0 pedestrian_killed, Fair (Night), EDSA (SB) Buendia MRT Station  Makati",MMDA Road Safety Unit,,00016a71-15ef-4f72-a3fd-6e5038049278,2016-01-20,10:25:00,EDSA (SB) Estrella St. Makati,0,0,0,0,0,0,0,0,0,0,2016-01-20 18:25,Property,14.55421358,121.03387,Rear-End
None,EDSA,None,None,"No Accident Factor, Side Swipe, 0.0 drivers_injured, 0.0 drivers_killed, 0.0 passengers_injured, 0.0 passengers_killed, 0.0 pedestrian_injured, 0.0 pedestrian_killed, Fair (Day), EDSA (SB) Evangelista St. Makati",MMDA Road Safety Unit,,8a8d0e8a-b099-42fe-abfa-95d03940ac78,2016-01-20,04:05:00,EDSA (SB) Buendia Ave. Makati,0,0,0,0,0,0,0,0,0,0,2016-01-20 12:05,Property,14.53903137,121.0123272,Side Swipe
None,EDSA,None,None,"No Accident Factor, Side Swipe, 0.0 drivers_injured, 0.0 drivers_killed, 0.0 passengers_injured, 0.0 passengers_killed, 0.0 pedestrian_injured, 0.0 pedestrian_killed, Fair (Night), EDSA (SB) Ayala Ave. Makati",MMDA Road Safety Unit,,d1b04efa-03b3-4471-9ee0-df80d67e3288,2016-01-19,11:55:00,EDSA (SB) Ayala Ave. Makati,0,0,0,0,0,0,0,0,0,0,2016-01-19 19:55,Property,14.55022912,121.0292348,Side Swipe
None,EDSA,None,None,"No Accident Factor, Side Swipe, 0.0 drivers_injured, 0.0 drivers_killed, 0.0 passengers_injured, 0.0 passengers_killed, 0.0 pedestrian_injured, 0.0 pedestrian_killed, Fair (Night), EDSA (SB) Ayala Ave. Makati",MMDA Road Safety Unit,,995ddbfa-3377-4ad5-9f7a-046b7b94e90e,2016-01-19,11:30:00,EDSA (SB) Evangelista St.  Makati,0,0,0,0,0,0,0,0,0,0,2016-01-19 19:30,Property,14.55022912,121.0292348,Side Swipe
None,EDSA,None,None,"No Accident Factor, No Collision Stated (based on Police Blotter Book), 0.0 drivers_injured, 0.0 drivers_killed, 0.0 passengers_injured, 0.0 passengers_killed, 0.0 pedestrian_injured, 0.0 pedestrian_killed, Fair (Day), EDSA (SB) Buendia Loading Bay Makati",MMDA Road Safety Unit,,186b082b-2588-4565-a5d9-38cfceddc5ce,2016-01-19,06:50:00,EDSA (SB) Evangelista St. Makati,0,0,0,0,0,0,0,0,0,0,2016-01-19 14:50,Property,14.55400112,121.0336264,No Collision Stated
None,EDSA,None,None,"No Accident Factor, Side Swipe, 0.0 drivers_injured, 0.0 drivers_killed, 0.0 passengers_injured, 0.0 passengers_killed, 0.0 pedestrian_injured, 0.0 pedestrian_killed, Fair (Day), EDSA (SB) Kalayaan Ave. Makati",MMDA Road Safety Unit,,a06aa52c-f059-4495-89d0-a9b58e015384,2016-01-19,00:15:00,EDSA (SB) Evangelista St. Makati,0,0,0,0,0,0,0,0,0,0,2016-01-19 8:15,Property,14.55774691,121.0380708,Side Swipe
None,EDSA,None,None,"No Accident Factor, Rear-end, 0.0 drivers_injured, 0.0 drivers_killed, 0.0 passengers_injured, 0.0 passengers_killed, 0.0 pedestrian_injured, 0.0 pedestrian_killed, Fair (Night), EDSA (SB) Estrella St. Makati",MMDA Road Safety Unit,,863ca0e2-41d1-498f-bbd5-316fcf2ee5fa,2016-01-18,12:20:00,EDSA (SB) Buendia Ave. Makati,0,0,0,0,0,0,0,0,0,0,2016-01-18 20:20,Property,14.56002889,121.040751,Rear-End
None,EDSA,None,None,"No Accident Factor, Side Swipe, 0.0 drivers_injured, 0.0 drivers_killed, 0.0 passengers_injured, 0.0 passengers_killed, 0.0 pedestrian_injured, 0.0 pedestrian_killed, Fair (Day), EDSA (SB) Guadalupe Loyola  Makati",MMDA Road Safety Unit,,592ebf1d-2ff3-464a-8a54-41be46120c61,2016-01-18,07:25:00,EDSA (SB) Buendia Loading Bay  Makati,0,0,0,0,0,0,0,0,0,0,2016-01-18 15:25,Property,14.56473213,121.0447625,Side Swipe
None,EDSA,None,None,"No Accident Factor, Rear-end, 0.0 drivers_injured, 0.0 drivers_killed, 0.0 passengers_injured, 0.0 passengers_killed, 0.0 pedestrian_injured, 0.0 pedestrian_killed, Fair (Day), EDSA (SB) South Superhighway Makati",MMDA Road Safety Unit,,f188bcde-cf60-4996-b3f0-5d668c77ba22,2016-01-18,02:40:00,EDSA (SB) Buendia Makati,0,0,0,0,0,0,0,0,0,0,2016-01-18 10:40,Property,14.54025479,121.0167901,Rear-End
None,EDSA,None,None,"No Accident Factor, Rear-end, 0.0 drivers_injured, 0.0 drivers_killed, 0.0 passengers_injured, 0.0 passengers_killed, 0.0 pedestrian_injured, 0.0 pedestrian_killed, Fair (Day), EDSA (SB) Ayala Ave. Makati",MMDA Road Safety Unit,,67e2aaf0-923d-458c-a9d1-9651d2c746a4,2016-01-17,23:00:00,EDSA (SB) Estrella St. Makati,0,0,0,0,0,0,0,0,0,0,2016-01-18 7:00,Property,14.55022912,121.0292348,Rear-End
None,EDSA,None,None,"No Accident Factor, Rear-end, 0.0 drivers_injured, 0.0 drivers_killed, 0.0 passengers_injured, 0.0 passengers_killed, 0.0 pedestrian_injured, 0.0 pedestrian_killed, Fair (Day), EDSA (SB) Buendia Ave. Makati",MMDA Road Safety Unit,,ab709785-f231-4266-992b-e9238e7add52,2016-01-17,22:55:00,EDSA (SB) Estrella Makati,0,0,0,0,0,0,0,0,0,0,2016-01-18 6:55,Property,14.55505269,121.034707,Rear-End
None,EDSA,None,None,"No Accident Factor, Side Swipe, 0.0 drivers_injured, 0.0 drivers_killed, 0.0 passengers_injured, 0.0 passengers_killed, 0.0 pedestrian_injured, 0.0 pedestrian_killed, Fair (Night), EDSA (SB) Estrella St. Makati",MMDA Road Safety Unit,,8202856e-929c-4ccd-92c3-053b548de203,2016-01-17,15:45:00,EDSA (SB) Estrella St. Makati,0,0,0,0,0,0,0,0,0,0,2016-01-17 23:45,Property,14.56002889,121.040751,Side Swipe
None,EDSA,None,None,"No Accident Factor, Side Swipe, 0.0 drivers_injured, 0.0 drivers_killed, 0.0 passengers_injured, 0.0 passengers_killed, 0.0 pedestrian_injured, 0.0 pedestrian_killed, Fair (Night), EDSA (SB) Buendia Ave. Makati",MMDA Road Safety Unit,,2dd1b4c4-01ad-4823-a538-dac16496427c,2016-01-17,11:00:00,EDSA (SB) Estrella St. Makati,0,0,0,0,0,0,0,0,0,0,2016-01-17 19:00,Property,14.55505269,121.034707,Side Swipe
None,EDSA,None,None,"No Accident Factor, Angle Impact, 0.0 drivers_injured, 0.0 drivers_killed, 0.0 passengers_injured, 0.0 passengers_killed, 0.0 pedestrian_injured, 0.0 pedestrian_killed, Fair (Night), EDSA (SB) Ayala Ave. Makati",MMDA Road Safety Unit,,d8871249-6f49-4eb6-960d-dc4f02ea4c36,2016-01-16,12:00:00,EDSA (SB) Estrella St. Makati,0,0,0,0,0,0,0,0,0,0,2016-01-16 20:00,Property,14.55022912,121.0292348,Angle Impact
None,EDSA,None,None,"No Accident Factor, Side Swipe, 0.0 drivers_injured, 0.0 drivers_killed, 0.0 passengers_injured, 0.0 passengers_killed, 0.0 pedestrian_injured, 0.0 pedestrian_killed, Fair (Day), EDSA (SB) Evangelista St.  Makati",MMDA Road Safety Unit,,2d419c8d-ff80-4b5b-bbf8-6b37ce8ff9d3,2016-01-16,08:25:00,EDSA (SB) Estrella (Pet Plans Bldg.)  Makati,0,0,0,0,0,0,0,0,0,0,2016-01-16 16:25,Property,14.53903137,121.0123272,Side Swipe
None,EDSA,None,None,"No Accident Factor, Side Swipe, 0.0 drivers_injured, 0.0 drivers_killed, 0.0 passengers_injured, 0.0 passengers_killed, 0.0 pedestrian_injured, 0.0 pedestrian_killed, Fair (Day), EDSA (SB) Evangelista St. Makati",MMDA Road Safety Unit,,77adc15c-47f3-4c15-9506-5727b5aba6a9,2016-01-16,05:00:00,EDSA (SB) Buendia Ave. Makati,0,0,0,0,0,0,0,0,0,0,2016-01-16 13:00,Property,14.53903137,121.0123272,Side Swipe
None,EDSA,None,None,"No Accident Factor, Multiple Collision, 0.0 drivers_injured, 0.0 drivers_killed, 0.0 passengers_injured, 0.0 passengers_killed, 0.0 pedestrian_injured, 0.0 pedestrian_killed, Fair (Day), EDSA (SB) Evangelista St. Makati",MMDA Road Safety Unit,,ad641e69-70a7-4ad2-acd8-50098d56f8c7,2016-01-16,05:00:00,EDSA (SB) Guadalupe Loading Bay  Makati,0,0,0,0,0,0,0,0,0,0,2016-01-16 13:00,Property,14.53903137,121.0123272,Multiple
None,EDSA,None,None,"No Accident Factor, Rear-end, 0.0 drivers_injured, 0.0 drivers_killed, 0.0 passengers_injured, 0.0 passengers_killed, 0.0 pedestrian_injured, 0.0 pedestrian_killed, Fair (Day), EDSA (SB) Buendia Ave. Makati",MMDA Road Safety Unit,,e2bebd00-344a-4081-858d-dfcdc7b3270f,2016-01-16,01:30:00,EDSA (SB) Buendia Ave. Makati,0,0,0,0,0,0,0,0,0,0,2016-01-16 9:30,Property,14.55505269,121.034707,Rear-End
None,EDSA,None,None,"No Accident Factor, Side Swipe, 0.0 drivers_injured, 0.0 drivers_killed, 0.0 passengers_injured, 0.0 passengers_killed, 0.0 pedestrian_injured, 0.0 pedestrian_killed, Fair (Night), EDSA (SB) Buendia Loading Bay  Makati",MMDA Road Safety Unit,,eecf7698-02d1-4d44-b7f8-69c400ec083a,2016-01-15,10:35:00,EDSA (SB) Ayala Ave. Makati,0,0,0,0,0,0,0,0,0,0,2016-01-15 18:35,Property,14.55400112,121.0336264,Side Swipe
None,EDSA,None,None,"No Accident Factor, Rear-end, 0.0 drivers_injured, 0.0 drivers_killed, 0.0 passengers_injured, 0.0 passengers_killed, 0.0 pedestrian_injured, 0.0 pedestrian_killed, Fair (Night), EDSA (SB) Buendia Makati",MMDA Road Safety Unit,,b86e2487-792e-474d-abac-f46dc301fdb1,2016-01-15,10:00:00,EDSA (SB) Pasay Road Makati,0,0,0,0,0,0,0,0,0,0,2016-01-15 18:00,Property,14.55505269,121.034707,Rear-End
None,EDSA,None,None,"No Accident Factor, Side Swipe, 0.0 drivers_injured, 0.0 drivers_killed, 0.0 passengers_injured, 0.0 passengers_killed, 0.0 pedestrian_injured, 0.0 pedestrian_killed, Fair (Day), EDSA (SB) Estrella St. Makati",MMDA Road Safety Unit,,7f41aa52-35cd-4b2b-868a-88626bc4f2a2,2016-01-15,07:45:00,EDSA (SB) Ayala Loading Bay  Makati,0,0,0,0,0,0,0,0,0,0,2016-01-15 15:45,Property,14.56002889,121.040751,Side Swipe
None,EDSA,None,None,"No Accident Factor, Side Swipe, 0.0 drivers_injured, 0.0 drivers_killed, 0.0 passengers_injured, 0.0 passengers_killed, 0.0 pedestrian_injured, 0.0 pedestrian_killed, Fair (Day), EDSA (SB) Estrella Makati",MMDA Road Safety Unit,,00131728-2c04-4456-9ac2-d3c0de08e2da,2016-01-15,07:05:00,EDSA (SB) Ayala Ave. (Dusit Hotel) Makati,0,0,0,0,0,0,0,0,0,0,2016-01-15 15:05,Property,14.56002889,121.040751,Side Swipe
None,EDSA,None,None,"No Accident Factor, Rear-end, 0.0 drivers_injured, 0.0 drivers_killed, 0.0 passengers_injured, 0.0 passengers_killed, 0.0 pedestrian_injured, 0.0 pedestrian_killed, Fair (Day), EDSA (SB) Estrella St. Makati",MMDA Road Safety Unit,,39df61a5-f815-4450-b6ef-f92ee20d16f0,2016-01-15,05:45:00,EDSA (SB) Dusit Hotel Makati,0,0,0,0,0,0,0,0,0,0,2016-01-15 13:45,Property,14.56002889,121.040751,Rear-End
None,EDSA,None,None,"No Accident Factor, Rear-end, 0.0 drivers_injured, 0.0 drivers_killed, 0.0 passengers_injured, 0.0 passengers_killed, 0.0 pedestrian_injured, 0.0 pedestrian_killed, Fair (Day), EDSA (SB) Estrella St. Makati",MMDA Road Safety Unit,,7aa8b0e4-12cd-439f-9b0e-b3dd9b81ad17,2016-01-15,01:35:00,EDSA (SB) Estrella St. Makati,0,0,0,0,0,0,0,0,0,0,2016-01-15 9:35,Property,14.56002889,121.040751,Rear-End
None,EDSA,None,None,"No Accident Factor, Rear-end, 0.0 drivers_injured, 0.0 drivers_killed, 0.0 passengers_injured, 0.0 passengers_killed, 0.0 pedestrian_injured, 0.0 pedestrian_killed, Fair (Day), EDSA (SB) Estrella St. Makati",MMDA Road Safety Unit,,046fac0d-dfa3-4130-8ba8-11e375555f2d,2016-01-15,01:00:00,EDSA (SB) Guadalupe Loading Bay  Makati,0,0,0,0,0,0,0,0,0,0,2016-01-15 9:00,Property,14.56002889,121.040751,Rear-End
None,EDSA,None,None,"No Accident Factor, Rear-end, 0.0 drivers_injured, 0.0 drivers_killed, 0.0 passengers_injured, 0.0 passengers_killed, 0.0 pedestrian_injured, 0.0 pedestrian_killed, Fair (Day), EDSA (SB) Estrella (Pet Plans Bldg.)  Makati",MMDA Road Safety Unit,,c397bcb8-edb0-4a62-9736-a208b0f1862e,2016-01-15,00:35:00,EDSA (SB) Estrella St. Makati,0,0,0,0,0,0,0,0,0,0,2016-01-15 8:35,Property,14.5619406,121.0429042,Rear-End
None,EDSA,None,None,"No Accident Factor, Rear-end, 0.0 drivers_injured, 0.0 drivers_killed, 0.0 passengers_injured, 0.0 passengers_killed, 0.0 pedestrian_injured, 0.0 pedestrian_killed, Fair (Day), EDSA (SB) Buendia Ave. Makati",MMDA Road Safety Unit,,91b34f6a-855a-4279-b272-4588a8145057,2016-01-14,23:40:00,EDSA (SB) Buendia Ave. Makati,0,0,0,0,0,0,0,0,0,0,2016-01-15 7:40,Property,14.55505269,121.034707,Rear-End
None,EDSA,None,None,"No Accident Factor, Side Swipe, 0.0 drivers_injured, 0.0 drivers_killed, 0.0 passengers_injured, 0.0 passengers_killed, 0.0 pedestrian_injured, 0.0 pedestrian_killed, Fair (Night), EDSA (SB) Guadalupe Loading Bay  Makati",MMDA Road Safety Unit,,870a3dc7-5979-4e63-a6dd-a9b82f72e3fb,2016-01-14,18:45:00,EDSA (SB) Guadalupe MRT Station  Makati,0,0,0,0,0,0,0,0,0,0,2016-01-15 2:45,Property,14.56473213,121.0447625,Side Swipe
None,EDSA,None,None,"No Accident Factor, Hit and Run (Side Swipe), 0.0 drivers_injured, 0.0 drivers_killed, 0.0 passengers_injured, 0.0 passengers_killed, 0.0 pedestrian_injured, 0.0 pedestrian_killed, Fair (Night), EDSA (SB) Buendia Ave. Makati",MMDA Road Safety Unit,,5636af96-b658-453e-bea8-52c9c27a0338,2016-01-14,13:45:00,EDSA (SB) Buendia Ave. Makati,0,0,0,0,0,0,0,0,0,0,2016-01-14 21:45,Property,14.55505269,121.034707,Side Swipe
None,EDSA,None,None,"No Accident Factor, Side Swipe, 0.0 drivers_injured, 0.0 drivers_killed, 0.0 passengers_injured, 0.0 passengers_killed, 0.0 pedestrian_injured, 0.0 pedestrian_killed, Fair (Day), EDSA (SB) Ayala Ave. Makati",MMDA Road Safety Unit,,06572653-4d31-4358-96e4-1497d6298eb3,2016-01-14,09:50:00,EDSA (SB) Buendia Ave. Makati,0,0,0,0,0,0,0,0,0,0,2016-01-14 17:50,Property,14.55022912,121.0292348,Side Swipe
None,EDSA,None,None,"No Accident Factor, Rear-end, 0.0 drivers_injured, 0.0 drivers_killed, 0.0 passengers_injured, 0.0 passengers_killed, 0.0 pedestrian_injured, 0.0 pedestrian_killed, Fair (Day), EDSA (SB) Pasay Road Makati",MMDA Road Safety Unit,,abbe33c2-d1dc-4629-b727-a6ff166f6982,2016-01-14,02:00:00,EDSA (SB) Buendia Ave. Makati,0,0,0,0,0,0,0,0,0,0,2016-01-14 10:00,Property,14.54756725,121.0259977,Rear-End
None,EDSA,None,None,"No Accident Factor, Other (Hit Veh. + Hit Obj.), 0.0 drivers_injured, 0.0 drivers_killed, 0.0 passengers_injured, 0.0 passengers_killed, 0.0 pedestrian_injured, 0.0 pedestrian_killed, Fair (Night), EDSA (SB) Ayala Loading Bay  Makati",MMDA Road Safety Unit,,b6ff574a-1a4a-48b8-9ccf-bee86da4f676,2016-01-13,13:40:00,EDSA (SB) Buendia Ave. Makati,0,0,0,0,0,0,0,0,0,0,2016-01-13 21:40,Property,14.54886,121.0276063,Hit Object
None,EDSA,None,None,"No Accident Factor, Side Swipe, 0.0 drivers_injured, 0.0 drivers_killed, 0.0 passengers_injured, 0.0 passengers_killed, 0.0 pedestrian_injured, 0.0 pedestrian_killed, Fair (Night), EDSA (SB) Ayala Ave. (Dusit Hotel) Makati",MMDA Road Safety Unit,,1fcd56c7-f473-4d78-a2d4-41b752c1e290,2016-01-13,11:35:00,EDSA (SB) Buendia Ave. Makati,0,0,0,0,0,0,0,0,0,0,2016-01-13 19:35,Property,14.54799236,121.0265069,Side Swipe
None,EDSA,None,None,"No Accident Factor, Side Swipe, 0.0 drivers_injured, 0.0 drivers_killed, 0.0 passengers_injured, 0.0 passengers_killed, 0.0 pedestrian_injured, 0.0 pedestrian_killed, Fair (Day), EDSA (SB) Dusit Hotel Makati",MMDA Road Safety Unit,,5f813bff-6599-4111-945a-ec471951ffba,2016-01-12,06:35:00,EDSA (SB) Buendia Ave. Makati,0,0,0,0,0,0,0,0,0,0,2016-01-12 14:35,Property,14.54794586,121.0263601,Side Swipe
None,EDSA,None,None,"No Accident Factor, Rear-end, 0.0 drivers_injured, 0.0 drivers_killed, 0.0 passengers_injured, 0.0 passengers_killed, 0.0 pedestrian_injured, 0.0 pedestrian_killed, Fair (Day), EDSA (SB) Estrella St. Makati",MMDA Road Safety Unit,,412f9933-d204-43eb-865b-d22a4f2fc309,2016-01-11,22:45:00,EDSA (SB) Estrella St. Makati,0,0,0,0,0,0,0,0,0,0,2016-01-12 6:45,Property,14.56002889,121.040751,Rear-End
None,EDSA,None,None,"No Accident Factor, Side Swipe, 0.0 drivers_injured, 0.0 drivers_killed, 0.0 passengers_injured, 0.0 passengers_killed, 0.0 pedestrian_injured, 0.0 pedestrian_killed, Fair (Night), EDSA (SB) Guadalupe Loading Bay  Makati",MMDA Road Safety Unit,,50a06db3-1ff8-4499-a460-3cae235ca6c3,2016-01-11,20:45:00,EDSA (SB) Magallanes SPLIT Makati,0,0,0,0,0,0,0,0,0,0,2016-01-12 4:45,Property,14.56473213,121.0447625,Side Swipe
None,EDSA,None,None,"No Accident Factor, Rear-end, 0.0 drivers_injured, 0.0 drivers_killed, 0.0 passengers_injured, 0.0 passengers_killed, 0.0 pedestrian_injured, 0.0 pedestrian_killed, Fair (Day), EDSA (SB) Estrella St. Makati",MMDA Road Safety Unit,,5959491b-0a45-40d6-9d20-ff9b771eb72e,2016-01-11,02:45:00,EDSA (SB) Magallanes Interchange  Makati,0,0,0,0,0,0,0,0,0,0,2016-01-11 10:45,Property,14.56002889,121.040751,Rear-End
None,EDSA,None,None,"No Accident Factor, Rear-end, 0.0 drivers_injured, 0.0 drivers_killed, 0.0 passengers_injured, 0.0 passengers_killed, 0.0 pedestrian_injured, 0.0 pedestrian_killed, Fair (Day), EDSA (SB) Buendia Ave. Makati",MMDA Road Safety Unit,,f19892d3-a598-4d69-80e7-b4b07f63889e,2016-01-11,02:35:00,EDSA (SB) Buednia Loading Bay  Makati,0,0,0,0,0,0,0,0,0,0,2016-01-11 10:35,Property,14.55505269,121.034707,Rear-End
None,EDSA,None,None,"No Accident Factor, Side Swipe, 0.0 drivers_injured, 0.0 drivers_killed, 0.0 passengers_injured, 0.0 passengers_killed, 0.0 pedestrian_injured, 0.0 pedestrian_killed, Fair (Day), EDSA (SB) Guadalupe MRT Station  Makati",MMDA Road Safety Unit,,26c07ec6-545a-42fa-bedc-dc579ffb24eb,2016-01-10,22:45:00,EDSA (SB) Estrella St. Makati,0,0,0,0,0,0,0,0,0,0,2016-01-11 6:45,Property,14.5665734,121.0453551,Side Swipe
None,EDSA,None,None,"No Accident Factor, Rear-end, 0.0 drivers_injured, 0.0 drivers_killed, 0.0 passengers_injured, 0.0 passengers_killed, 0.0 pedestrian_injured, 0.0 pedestrian_killed, Fair (Day), EDSA (SB) Buendia Ave. Makati",MMDA Road Safety Unit,,b1482034-6be0-4488-ae90-3d1caec9dbf2,2016-01-10,06:45:00,EDSA (SB) Magallanes Ave. Makati,0,0,0,0,0,0,0,0,0,0,2016-01-10 14:45,Property,14.55505269,121.034707,Rear-End
None,EDSA,None,None,"No Accident Factor, Multiple Collision, 0.0 drivers_injured, 0.0 drivers_killed, 0.0 passengers_injured, 0.0 passengers_killed, 0.0 pedestrian_injured, 0.0 pedestrian_killed, Fair (Day), EDSA (SB) Buendia Ave. Makati",MMDA Road Safety Unit,,da5df202-cb60-40f0-9ffd-07ce1470d3b0,2016-01-10,06:05:00,EDSA (SB) Ayala Ave. Makati,0,0,0,0,0,0,0,0,0,0,2016-01-10 14:05,Property,14.55505269,121.034707,Multiple
None,EDSA,None,None,"Other, Self-Accident, 0.0 drivers_injured, 0.0 drivers_killed, 0.0 passengers_injured, 0.0 passengers_killed, 0.0 pedestrian_injured, 0.0 pedestrian_killed, Fair (Day), EDSA (SB) Buendia Ave. Makati",MMDA Road Safety Unit,,bfe34888-517b-460d-8d57-41fb513abc15,2016-01-09,23:55:00,EDSA (SB) Buendia Ave. Makati,0,0,0,0,0,0,0,0,0,0,2016-01-10 7:55,Property,14.55505269,121.034707,Self-Accident
None,EDSA,None,None,"Other, Self-Accident, 0.0 drivers_injured, 0.0 drivers_killed, 0.0 passengers_injured, 0.0 passengers_killed, 0.0 pedestrian_injured, 0.0 pedestrian_killed, Fair (Day), EDSA (SB) Buendia Ave. Makati",MMDA Road Safety Unit,,99483e64-7ec6-4304-8971-02e7201c6c80,2016-01-09,23:55:00,EDSA (SB) Ayala Ave. Makati,0,0,0,0,0,0,0,0,0,0,2016-01-10 7:55,Property,14.55505269,121.034707,Self-Accident