LOCATION_TEXT,ROAD,WEATHER,LIGHT,DESC,REPORTING_AGENCY,MAIN_CAUSE,INCIDENTDETAILS_ID,DATE_UTC,TIME_UTC,ADDRESS,killed_driver,killed_passenger,killed_pedestrian,injured_driver,injured_passenger,injured_pedestrian,killed_uncategorized,injured_uncategorized,killed_total,injured_total,DATETIME_PST,SEVERITY,Y,X,COLLISION_TYPE
None,EDSA,None,None,"Other, Self-Accident, 0.0 drivers_injured, 0.0 drivers_killed, 0.0 passengers_injured, 0.0 passengers_killed, 0.0 pedestrian_injured, 0.0 pedestrian_killed, Fair (Day), EDSA (SB) Buendia Ave. Makati",MMDA Road Safety Unit,,21b85d35-7520-4474-9882-1ced2d237c07,2016-01-09,23:55:00,EDSA (SB) Ayala Ave. Makati,0,0,0,0,0,0,0,0,0,0,2016-01-10 7:55,Property,14.55505269,121.034707,Self-Accident
None,EDSA,None,None,"Other, Self-Accident, 0.0 drivers_injured, 0.0 drivers_killed, 0.0 passengers_injured, 0.0 passengers_killed, 0.0 pedestrian_injured, 0.0 pedestrian_killed, Fair (Day), EDSA (SB) Buendia Ave. Makati",MMDA Road Safety Unit,,ed7f360e-55fa-4c93-95a1-21f143399b59,2016-01-09,23:50:00,"EDSA (SB) ""U"" turn slot, Buendia Makati",0,0,0,0,0,0,0,0,0,0,2016-01-10 7:50,Property,14.55505269,121.034707,Self-Accident
None,EDSA,None,None,"No Accident Factor, Side Swipe, 0.0 drivers_injured, 0.0 drivers_killed, 0.0 passengers_injured, 0.0 passengers_killed, 0.0 pedestrian_injured, 0.0 pedestrian_killed, Fair (Day), EDSA (SB) Estrella St. Makati",MMDA Road Safety Unit,,fe7dcda6-85bc-4b70-b74f-d72e6cf0b74e,2016-01-09,07:30:00,EDSA (SB) Rockwell (SB) Makati,0,0,0,0,0,0,0,0,0,0,2016-01-09 15:30,Property,14.56002889,121.040751,Side Swipe
None,EDSA,None,None,"No Accident Factor, Rear-end, 0.0 drivers_injured, 0.0 drivers_killed, 0.0 passengers_injured, 0.0 passengers_killed, 0.0 pedestrian_injured, 0.0 pedestrian_killed, Fair (Day), EDSA (SB) Magallanes SPLIT Makati",MMDA Road Safety Unit,,e6ea68e6-a1ab-4af8-88ef-2ff4757d9fe7,2016-01-09,05:35:00,EDSA (SB) Chino Roces Ave. Makati,0,0,0,0,0,0,0,0,0,0,2016-01-09 13:35,Property,14.53930817,121.0141969,Rear-End
None,EDSA,None,None,"No Accident Factor, Rear-end, 0.0 drivers_injured, 0.0 drivers_killed, 0.0 passengers_injured, 0.0 passengers_killed, 0.0 pedestrian_injured, 0.0 pedestrian_killed, Fair (Day), EDSA (SB) Magallanes Interchange  Makati",MMDA Road Safety Unit,,f5ad7903-d402-4df2-abc8-3c1a0812b4a1,2016-01-09,03:45:00,EDSA (SB) Ayala Intersection (SB) Makati,0,0,0,0,0,0,0,0,0,0,2016-01-09 11:45,Property,14.54028633,121.0167655,Rear-End
None,EDSA,None,None,"No Accident Factor, Other (Hit Veh. + Hit Obj.), 0.0 drivers_injured, 0.0 drivers_killed, 0.0 passengers_injured, 0.0 passengers_killed, 0.0 pedestrian_injured, 0.0 pedestrian_killed, Fair (Day), EDSA (SB) Buednia Loading Bay  Makati",MMDA Road Safety Unit,,0ec39a95-183e-4ff6-b26e-a73257878d9f,2016-01-09,00:00:00,EDSA (SB) Magallanes Interchange Makati,0,0,0,0,0,0,0,0,0,0,2016-01-09 8:00,Property,14.55505269,121.034707,Hit Object
None,EDSA,None,None,"No Accident Factor, Side Swipe, 0.0 drivers_injured, 0.0 drivers_killed, 0.0 passengers_injured, 0.0 passengers_killed, 0.0 pedestrian_injured, 0.0 pedestrian_killed, Fair (Night), EDSA (SB) Estrella St. Makati",MMDA Road Safety Unit,,e253fd0b-bc19-470b-8a30-938e0136e2a7,2016-01-08,15:45:00,EDSA (SB) Ayala Ave. Makati,0,0,0,0,0,0,0,0,0,0,2016-01-08 23:45,Property,14.56002889,121.040751,Side Swipe
None,EDSA,None,None,"No Accident Factor, Rear-end, 0.0 drivers_injured, 0.0 drivers_killed, 0.0 passengers_injured, 0.0 passengers_killed, 0.0 pedestrian_injured, 0.0 pedestrian_killed, Fair (Night), EDSA (SB) Magallanes Ave. Makati",MMDA Road Safety Unit,,e904b81a-591a-4b93-a590-0b2cb305acc5,2016-01-08,15:30:00,EDSA (SB) Ayala Ave. Makati,0,0,0,0,0,0,0,0,0,0,2016-01-08 23:30,Property,14.53938592,121.0142024,Rear-End
None,EDSA,None,None,"No Accident Factor, Side Swipe, 0.0 drivers_injured, 0.0 drivers_killed, 0.0 passengers_injured, 0.0 passengers_killed, 0.0 pedestrian_injured, 0.0 pedestrian_killed, Fair (Night), EDSA (SB) Ayala Ave. Makati",MMDA Road Safety Unit,,61a1eee0-6644-4ad2-b38f-e40ee280857e,2016-01-08,15:15:00,EDSA (SB) Evangelista St. Makati,0,0,0,0,0,0,0,0,0,0,2016-01-08 23:15,Property,14.55022912,121.0292348,Side Swipe
None,EDSA,None,None,"No Accident Factor, Side Swipe, 0.0 drivers_injured, 0.0 drivers_killed, 0.0 passengers_injured, 0.0 passengers_killed, 0.0 pedestrian_injured, 0.0 pedestrian_killed, Fair (Night), EDSA (SB) Buendia Ave. Makati",MMDA Road Safety Unit,,eca9fb17-49ac-49b2-b7d8-2ca3fbfbb3f9,2016-01-08,11:00:00,EDSA (SB) Magallanes Interchange Makati,0,0,0,0,0,0,0,0,0,0,2016-01-08 19:00,Property,14.55505269,121.034707,Side Swipe
None,EDSA,None,None,"No Accident Factor, Rear-end, 0.0 drivers_injured, 0.0 drivers_killed, 0.0 passengers_injured, 0.0 passengers_killed, 0.0 pedestrian_injured, 0.0 pedestrian_killed, Fair (Day), EDSA (SB) Ayala Ave. Makati",MMDA Road Safety Unit,,42a3a0d7-64cc-4cb5-a681-fb47cfbc375d,2016-01-07,23:05:00,EDSA (SB) Buendia Ave. (SB)  Makati,0,0,0,0,0,0,0,0,0,0,2016-01-08 7:05,Property,14.55022912,121.0292348,Rear-End
None,EDSA,None,None,"No Accident Factor, Side Swipe, 0.0 drivers_injured, 0.0 drivers_killed, 0.0 passengers_injured, 0.0 passengers_killed, 0.0 pedestrian_injured, 0.0 pedestrian_killed, Fair (Day), EDSA (SB) Ayala Ave. Makati",MMDA Road Safety Unit,,a9715611-2d02-4bf8-8d61-7cef9afeb32f,2016-01-07,23:00:00,EDSA (SB) Pasong Tamo Exit Makati,0,0,0,0,0,0,0,0,0,0,2016-01-08 7:00,Property,14.55022912,121.0292348,Side Swipe
None,EDSA,None,None,"No Accident Factor, Side Swipe, 0.0 drivers_injured, 0.0 drivers_killed, 0.0 passengers_injured, 0.0 passengers_killed, 0.0 pedestrian_injured, 0.0 pedestrian_killed, Fair (Day), EDSA (SB) ""U"" turn slot, Buendia Makati",MMDA Road Safety Unit,,7f9233c5-2238-40bf-b9c0-1c137803a597,2016-01-07,09:15:00,EDSA (SB) Palm Drive  Makati,0,0,0,0,0,0,0,0,0,0,2016-01-07 17:15,Property,14.55533419,121.0354546,Side Swipe
None,EDSA,None,None,"No Accident Factor, Rear-end, 0.0 drivers_injured, 0.0 drivers_killed, 0.0 passengers_injured, 0.0 passengers_killed, 0.0 pedestrian_injured, 0.0 pedestrian_killed, Fair (Day), EDSA (SB) Rockwell (SB) Makati",MMDA Road Safety Unit,,c0acd3a7-b1fc-4366-a9c2-1159997c8504,2016-01-06,03:45:00,EDSA (SB) Guadalupe Loading Bay  Makati,0,0,0,0,0,0,0,0,0,0,2016-01-06 11:45,Property,14.559945,121.0407272,Rear-End
None,EDSA,None,None,"No Accident Factor, Rear-end, 0.0 drivers_injured, 0.0 drivers_killed, 0.0 passengers_injured, 0.0 passengers_killed, 0.0 pedestrian_injured, 0.0 pedestrian_killed, Fair (Day), EDSA (SB) Chino Roces Ave. Makati",MMDA Road Safety Unit,,a5c2ca18-0326-49bd-8e71-7f136000b7cd,2016-01-06,01:45:00,EDSA (SB) Buendia Ave. Makati,0,0,0,0,0,0,0,0,0,0,2016-01-06 9:45,Property,14.54137258,121.0182439,Rear-End
None,EDSA,None,None,"No Accident Factor, Rear-end, 0.0 drivers_injured, 0.0 drivers_killed, 0.0 passengers_injured, 0.0 passengers_killed, 0.0 pedestrian_injured, 0.0 pedestrian_killed, Fair (Day), EDSA (SB) Ayala Intersection (SB) Makati",MMDA Road Safety Unit,,87f14f87-5498-48d5-bf2f-64f0e607e8e6,2016-01-05,22:55:00,EDSA (SB) Rodriguez Ave. Makati,0,0,0,0,0,0,0,0,0,0,2016-01-06 6:55,Property,14.550131,121.0294729,Rear-End
None,EDSA,None,None,"No Accident Factor, Multiple Collision, 0.0 drivers_injured, 0.0 drivers_killed, 0.0 passengers_injured, 0.0 passengers_killed, 0.0 pedestrian_injured, 0.0 pedestrian_killed, Fair (Day), EDSA (SB) Magallanes Interchange Makati",MMDA Road Safety Unit,,4adf3823-d139-4040-9112-2ee43c56fcd8,2016-01-05,22:50:00,EDSA (SB) MRT-Ayala Station Makati,0,0,0,0,0,0,0,0,0,0,2016-01-06 6:50,Property,14.54028633,121.0167655,Multiple
None,EDSA,None,None,"No Accident Factor, Side Swipe, 0.0 drivers_injured, 0.0 drivers_killed, 0.0 passengers_injured, 0.0 passengers_killed, 0.0 pedestrian_injured, 0.0 pedestrian_killed, Fair (Night), EDSA (SB) Ayala Ave. Makati",MMDA Road Safety Unit,,4210fcc6-6f59-4873-b791-36e2f683e8dc,2016-01-05,12:30:00,EDSA (SB) Magallanes Interchange Makati,0,0,0,0,0,0,0,0,0,0,2016-01-05 20:30,Property,14.55022912,121.0292348,Side Swipe
None,EDSA,None,None,"No Accident Factor, Side Swipe, 0.0 drivers_injured, 0.0 drivers_killed, 0.0 passengers_injured, 0.0 passengers_killed, 0.0 pedestrian_injured, 0.0 pedestrian_killed, Fair (Day), EDSA (SB) Ayala Ave. Makati",MMDA Road Safety Unit,,d8ae3b28-3daf-4f3e-bbf8-72d59fb8b192,2016-01-05,08:05:00,EDSA (SB) A. Arnaiz Ave. Makati,0,0,0,0,0,0,0,0,0,0,2016-01-05 16:05,Property,14.55022912,121.0292348,Side Swipe
None,EDSA,None,None,"No Accident Factor, Side Swipe, 0.0 drivers_injured, 0.0 drivers_killed, 0.0 passengers_injured, 0.0 passengers_killed, 0.0 pedestrian_injured, 0.0 pedestrian_killed, Fair (Day), EDSA (SB) Evangelista St. Makati",MMDA Road Safety Unit,,96961953-5f55-4d75-8925-956c07bfa9e7,2016-01-05,05:40:00,EDSA (SB) Magallanes Interchange Makati,0,0,0,0,0,0,0,0,0,0,2016-01-05 13:40,Property,14.53903137,121.0123272,Side Swipe
None,EDSA,None,None,"No Accident Factor, Rear-end, 0.0 drivers_injured, 0.0 drivers_killed, 0.0 passengers_injured, 0.0 passengers_killed, 0.0 pedestrian_injured, 0.0 pedestrian_killed, Fair (Day), EDSA (SB) Magallanes Interchange Makati",MMDA Road Safety Unit,,accebcab-cf7f-40ce-975d-86ff88eade7f,2016-01-05,05:30:00,EDSA (SB) Ayala Ave. Makati,0,0,0,0,0,0,0,0,0,0,2016-01-05 13:30,Property,14.54028633,121.0167655,Rear-End
None,EDSA,None,None,"No Accident Factor, Rear-end, 0.0 drivers_injured, 0.0 drivers_killed, 0.0 passengers_injured, 0.0 passengers_killed, 0.0 pedestrian_injured, 0.0 pedestrian_killed, Fair (Day), EDSA (SB) Buendia Ave. (SB)  Makati",MMDA Road Safety Unit,,a9dae2bb-5771-4dc6-a540-8632030909f2,2016-01-05,05:30:00,EDSA (SB) West Cloverleaf Makati,0,0,0,0,0,0,0,0,0,0,2016-01-05 13:30,Property,14.55505269,121.034707,Rear-End
None,EDSA,None,None,"No Accident Factor, Side Swipe, 0.0 drivers_injured, 0.0 drivers_killed, 0.0 passengers_injured, 0.0 passengers_killed, 0.0 pedestrian_injured, 0.0 pedestrian_killed, Fair (Night), EDSA (SB) Pasong Tamo Exit Makati",MMDA Road Safety Unit,,19c45782-c2db-45cd-8972-3cfb636169a4,2016-01-04,11:00:00,EDSA (SB) San Carlos Seminary Makati,0,0,0,0,0,0,0,0,0,0,2016-01-04 19:00,Property,14.54116487,121.0183116,Side Swipe
None,EDSA,None,None,"No Accident Factor, Angle Impact, 0.0 drivers_injured, 0.0 drivers_killed, 0.0 passengers_injured, 0.0 passengers_killed, 0.0 pedestrian_injured, 0.0 pedestrian_killed, Fair (Night), EDSA (SB) Palm Drive  Makati",MMDA Road Safety Unit,,63deda59-2ab4-40f1-8ebf-d31e2bee4327,2016-01-04,11:00:00,EDSA (SB) Ayala Ave. Makati,0,0,0,0,0,0,0,0,0,0,2016-01-04 19:00,Property,14.54848063,121.0270791,Angle Impact
None,EDSA,None,None,"No Accident Factor, Rear-end, 0.0 drivers_injured, 0.0 drivers_killed, 0.0 passengers_injured, 0.0 passengers_killed, 0.0 pedestrian_injured, 0.0 pedestrian_killed, Fair (Day), EDSA (SB) Guadalupe Loading Bay  Makati",MMDA Road Safety Unit,,75258385-f68f-432a-84e3-b08dfe5ce188,2016-01-04,01:05:00,EDSA (SB) Evangelista St. Makati,0,0,0,0,0,0,0,0,0,0,2016-01-04 9:05,Property,14.56473213,121.0447625,Rear-End
None,EDSA,None,None,"No Accident Factor, Other (Hit Veh. + Hit Obj.), 0.0 drivers_injured, 0.0 drivers_killed, 0.0 passengers_injured, 0.0 passengers_killed, 0.0 pedestrian_injured, 0.0 pedestrian_killed, Fair (Night), EDSA (SB) Buendia Ave. Makati",MMDA Road Safety Unit,,c56a296f-2310-4aae-8a09-9d7302d4a4c1,2016-01-03,19:15:00,EDSA (SB) A. Arnaiz Ave. Makati,0,0,0,0,0,0,0,0,0,0,2016-01-04 3:15,Property,14.55505269,121.034707,Hit Object
None,EDSA,None,None,"No Accident Factor, Multiple Collision, 1.0 drivers_injured, 0.0 drivers_killed, 0.0 passengers_injured, 0.0 passengers_killed, 0.0 pedestrian_injured, 0.0 pedestrian_killed, Fair (Day), EDSA (SB) Rodriguez Ave. Makati",MMDA Road Safety Unit,,4b0f8316-643c-400f-b283-f152a0c80943,2016-01-01,23:30:00,EDSA (SB) Estrella St. Makati,0,0,0,1,0,0,0,0,0,1,2016-01-02 7:30,Injury,14.53841991,121.0085642,Multiple
None,EDSA,None,None,"No Accident Factor, Side Swipe, 0.0 drivers_injured, 0.0 drivers_killed, 0.0 passengers_injured, 0.0 passengers_killed, 0.0 pedestrian_injured, 0.0 pedestrian_killed, Fair (Night), EDSA (SB) MRT-Ayala Station Makati",MMDA Road Safety Unit,,3e2c663d-00b4-4321-ac59-7a67f8ec02ac,2016-01-01,11:45:00,EDSA (SB) Buendia Ave.  Makati,0,0,0,0,0,0,0,0,0,0,2016-01-01 19:45,Property,14.54920905,121.0278855,Side Swipe
None,EDSA,None,None,"No Accident Factor, Side Swipe, 0.0 drivers_injured, 0.0 drivers_killed, 0.0 passengers_injured, 0.0 passengers_killed, 0.0 pedestrian_injured, 0.0 pedestrian_killed, Fair (Night), EDSA (SB) Magallanes Interchange Makati",MMDA Road Safety Unit,,bb308a5a-6e31-4237-8e89-aeaa2b2b882a,2015-12-31,19:00:00,EDSA (SB) Guadalupe Loading Bay  Makati,0,0,0,0,0,0,0,0,0,0,2016-01-01 3:00,Property,14.54028633,121.0167655,Side Swipe
None,EDSA,None,None,"No Accident Factor, Rear-end, 0.0 drivers_injured, 0.0 drivers_killed, 0.0 passengers_injured, 0.0 passengers_killed, 0.0 pedestrian_injured, 0.0 pedestrian_killed, Fair (Night), EDSA (SB) A. Arnaiz Ave. Makati",MMDA Road Safety Unit,,8caf98ce-1cf5-4e87-b103-c16087e4589d,2015-12-31,18:15:00,EDSA (SB) Guadalupe Bridge  Makati,0,0,0,0,0,0,0,0,0,0,2016-01-01 2:15,Property,14.54765031,121.0260523,Rear-End
None,EDSA,None,None,"No Accident Factor, Side Swipe, 0.0 drivers_injured, 0.0 drivers_killed, 0.0 passengers_injured, 0.0 passengers_killed, 0.0 pedestrian_injured, 0.0 pedestrian_killed, Fair (Day), EDSA (SB) Magallanes Interchange Makati",MMDA Road Safety Unit,,5e09e129-3858-43df-8bf6-05eb29201ea5,2015-12-15,03:00:00,EDSA (SB) Palm Drive Makati,0,0,0,0,0,0,0,0,0,0,2015-12-15 11:00,Property,14.54028633,121.0167655,Side Swipe
None,EDSA,None,None,"No Accident Factor, Side Swipe, 0.0 drivers_injured, 0.0 drivers_killed, 0.0 passengers_injured, 0.0 passengers_killed, 0.0 pedestrian_injured, 0.0 pedestrian_killed, Fair (Day), EDSA (SB) Ayala Ave. Makati",MMDA Road Safety Unit,,7ed5d7da-7e48-4856-81c2-81cdf57ca879,2015-12-14,01:55:00,EDSA (SB) Buendia MRT Station  Makati,0,0,0,0,0,0,0,0,0,0,2015-12-14 9:55,Property,14.55022912,121.0292348,Side Swipe
None,EDSA,None,None,"No Accident Factor, Angle Impact, 0.0 drivers_injured, 0.0 drivers_killed, 0.0 passengers_injured, 0.0 passengers_killed, 0.0 pedestrian_injured, 0.0 pedestrian_killed, Fair (Day), EDSA (SB) West Cloverleaf Makati",MMDA Road Safety Unit,,b7ba8110-2549-4d80-8c19-77eb4b7df421,2015-12-13,06:45:00,EDSA (SB) Guadalupe Cloverleaf  Makati,0,0,0,0,0,0,0,0,0,0,2015-12-13 14:45,Property,14.56779247,121.0455985,Angle Impact
None,EDSA,None,None,"No Accident Factor, Rear-end, 0.0 drivers_injured, 0.0 drivers_killed, 0.0 passengers_injured, 0.0 passengers_killed, 0.0 pedestrian_injured, 0.0 pedestrian_killed, Fair (Day), EDSA (SB) San Carlos Seminary Makati",MMDA Road Safety Unit,,02e791cd-5325-48d1-8557-b332b1e2643f,2015-12-13,05:40:00,EDSA (SB) Q-Mart  Makati,0,0,0,0,0,0,0,0,0,0,2015-12-13 13:40,Property,14.56316308,121.043841,Rear-End
None,EDSA,None,None,"No Accident Factor, Rear-end, 0.0 drivers_injured, 0.0 drivers_killed, 0.0 passengers_injured, 0.0 passengers_killed, 0.0 pedestrian_injured, 0.0 pedestrian_killed, Fair (Day), EDSA (SB) Ayala Ave. Makati",MMDA Road Safety Unit,,8d84e711-38f9-4edf-b66a-bb7eb793f764,2015-12-13,04:20:00,EDSA (SB) Ayala Ave.  Makati,0,0,0,0,0,0,0,0,0,0,2015-12-13 12:20,Property,14.55022912,121.0292348,Rear-End
None,EDSA,None,None,"No Accident Factor, Side Swipe, 0.0 drivers_injured, 0.0 drivers_killed, 0.0 passengers_injured, 0.0 passengers_killed, 0.0 pedestrian_injured, 0.0 pedestrian_killed, Fair (Day), EDSA (SB) Evangelista St. Makati",MMDA Road Safety Unit,,47dc0a8e-e2af-4c74-9d13-35be7948d5bb,2015-12-12,06:10:00,EDSA (SB) Estrella Loading Bay  Makati,0,0,0,0,0,0,0,0,0,0,2015-12-12 14:10,Property,14.53903137,121.0123272,Side Swipe
None,EDSA,None,None,"No Accident Factor, Rear-end, 0.0 drivers_injured, 0.0 drivers_killed, 0.0 passengers_injured, 0.0 passengers_killed, 0.0 pedestrian_injured, 0.0 pedestrian_killed, Fair (Day), EDSA (SB) A. Arnaiz Ave. Makati",MMDA Road Safety Unit,,7397412a-10bc-44f4-b3f1-606830d50d61,2015-12-12,01:00:00,EDSA (SB) Estrella Loading Bay  Makati,0,0,0,0,0,0,0,0,0,0,2015-12-12 9:00,Property,14.54765031,121.0260523,Rear-End
None,EDSA,None,None,"No Accident Factor, Hit and Run (Side Swipe), 0.0 drivers_injured, 0.0 drivers_killed, 0.0 passengers_injured, 0.0 passengers_killed, 0.0 pedestrian_injured, 0.0 pedestrian_killed, Fair (Day), EDSA (SB) Estrella St. Makati",MMDA Road Safety Unit,,471e86e4-30f4-4f56-8a87-e6d15a24cdec,2015-12-10,02:00:00,EDSA (SB) Pasay Road Makati,0,0,0,0,0,0,0,0,0,0,2015-12-10 10:00,Property,14.56002889,121.040751,Side Swipe
None,EDSA,None,None,"No Accident Factor, Rear-end, 0.0 drivers_injured, 0.0 drivers_killed, 0.0 passengers_injured, 0.0 passengers_killed, 0.0 pedestrian_injured, 0.0 pedestrian_killed, Fair (Day), EDSA (SB) Buendia Ave.  Makati",MMDA Road Safety Unit,,0ebf5240-08f9-4735-afbe-cbf79da8af0a,2015-12-09,09:00:00,EDSA (SB) Estrella St. Makati,0,0,0,0,0,0,0,0,0,0,2015-12-09 17:00,Property,14.55505269,121.034707,Rear-End
None,EDSA,None,None,"No Accident Factor, No Collision Stated (based on Police Blotter Book), 0.0 drivers_injured, 0.0 drivers_killed, 0.0 passengers_injured, 0.0 passengers_killed, 0.0 pedestrian_injured, 0.0 pedestrian_killed, Fair (Night), EDSA (SB) Guadalupe Loading Bay  Makati",MMDA Road Safety Unit,,236f56e0-a96f-4a64-bc89-cdb7b1b8ee3e,2015-12-05,15:00:00,EDSA (SB) Ayala Ave.  Makati,0,0,0,0,0,0,0,0,0,0,2015-12-05 23:00,Property,14.56473213,121.0447625,No Collision Stated
None,EDSA,None,None,"No Accident Factor, No Collision Stated (based on Police Blotter Book), 0.0 drivers_injured, 0.0 drivers_killed, 0.0 passengers_injured, 0.0 passengers_killed, 0.0 pedestrian_injured, 0.0 pedestrian_killed, Fair (Day), EDSA (SB) Guadalupe Bridge  Makati",MMDA Road Safety Unit,,14182023-3d75-4ea8-b117-810689b44e12,2015-12-05,08:15:00,EDSA (SB) MRT Guadalupe Makati,0,0,0,0,0,0,0,0,0,0,2015-12-05 16:15,Property,14.56802596,121.045885,No Collision Stated
None,EDSA,None,None,"No Accident Factor, Side Swipe, 0.0 drivers_injured, 0.0 drivers_killed, 0.0 passengers_injured, 0.0 passengers_killed, 0.0 pedestrian_injured, 0.0 pedestrian_killed, Fair (Night), EDSA (SB) Palm Drive Makati",MMDA Road Safety Unit,,234fe3ce-a42c-4a0a-9a37-f546e59ea485,2015-12-04,13:20:00,EDSA (SB) Estrella St.  Makati,0,0,0,0,0,0,0,0,0,0,2015-12-04 21:20,Property,14.54848063,121.0270791,Side Swipe
None,EDSA,None,None,"No Accident Factor, Side Swipe, 0.0 drivers_injured, 0.0 drivers_killed, 0.0 passengers_injured, 0.0 passengers_killed, 0.0 pedestrian_injured, 0.0 pedestrian_killed, Fair (Night), EDSA (SB) Buendia MRT Station  Makati",MMDA Road Safety Unit,,ccaea46d-2f24-4b06-b298-5c0be7a3df60,2015-12-03,12:25:00,EDSA (SB) Evangelista St. Makati,0,0,0,0,0,0,0,0,0,0,2015-12-03 20:25,Property,14.55421358,121.03387,Side Swipe
None,EDSA,None,None,"No Accident Factor, Multiple Collision, 0.0 drivers_injured, 0.0 drivers_killed, 0.0 passengers_injured, 0.0 passengers_killed, 0.0 pedestrian_injured, 0.0 pedestrian_killed, Fair (Day), EDSA (SB) Guadalupe Cloverleaf  Makati",MMDA Road Safety Unit,,04ccfbee-e34a-43c3-8d4a-6f2992443b5a,2015-12-03,07:00:00,EDSA (SB) Kalayaan Ave. Makati,0,0,0,0,0,0,0,0,0,0,2015-12-03 15:00,Property,14.56720754,121.0457277,Multiple
None,EDSA,None,None,"No Accident Factor, Rear-end, 0.0 drivers_injured, 0.0 drivers_killed, 0.0 passengers_injured, 0.0 passengers_killed, 0.0 pedestrian_injured, 0.0 pedestrian_killed, Fair (Day), EDSA (SB) Q-Mart  Makati",MMDA Road Safety Unit,,ee29bcd5-bc84-4157-b5fb-aeb4b94c4956,2015-12-02,06:25:00,EDSA (SB) Evangelista St. Makati,0,0,0,0,0,0,0,0,0,0,2015-12-02 14:25,Property,14.62795032,121.0472735,Rear-End
None,EDSA,None,None,"No Accident Factor, Angle Impact, 0.0 drivers_injured, 0.0 drivers_killed, 0.0 passengers_injured, 0.0 passengers_killed, 0.0 pedestrian_injured, 0.0 pedestrian_killed, Fair (Night), EDSA (SB) Ayala Ave.  Makati",MMDA Road Safety Unit,,96332c7f-4044-4526-a42e-f8289007fb05,2015-12-01,21:40:00,EDSA (SB) Buendia Ave. Makati,0,0,0,0,0,0,0,0,0,0,2015-12-02 5:40,Property,14.55032185,121.0294221,Angle Impact
None,EDSA,None,None,"No Accident Factor, Rear-end, 0.0 drivers_injured, 0.0 drivers_killed, 0.0 passengers_injured, 0.0 passengers_killed, 0.0 pedestrian_injured, 0.0 pedestrian_killed, Fair (Day), EDSA (SB) Estrella Loading Bay  Makati",MMDA Road Safety Unit,,479f5ff9-0138-49a4-90be-8b1f68a1c308,2015-12-01,08:00:00,EDSA (SB) Lapu Lapu St. Makati,0,0,0,0,0,0,0,0,0,0,2015-12-01 16:00,Property,14.56059855,121.0413941,Rear-End
None,EDSA,None,None,"No Accident Factor, Side Swipe, 0.0 drivers_injured, 0.0 drivers_killed, 0.0 passengers_injured, 0.0 passengers_killed, 0.0 pedestrian_injured, 0.0 pedestrian_killed, Fair (Day), EDSA (SB) Estrella Loading Bay  Makati",MMDA Road Safety Unit,,a0e24e2d-c9d9-4bc6-80da-1b633a897f72,2015-12-01,00:20:00,EDSA (SB) Evangelista St. Makati,0,0,0,0,0,0,0,0,0,0,2015-12-01 8:20,Property,14.56059855,121.0413941,Side Swipe
None,EDSA,None,None,"No Accident Factor, Hit and Run (Rear-end), 0.0 drivers_injured, 0.0 drivers_killed, 0.0 passengers_injured, 0.0 passengers_killed, 0.0 pedestrian_injured, 0.0 pedestrian_killed, Fair (Day), EDSA (SB) Pasay Road Makati",MMDA Road Safety Unit,,e86282ac-96be-4f24-ad1f-79304a4bd1a7,2015-11-30,03:00:00,EDSA (SB) A. Arnaiz Ave.  Makati,0,0,0,0,0,0,0,0,0,0,2015-11-30 11:00,Property,14.54756725,121.0259977,Rear-End
None,EDSA,None,None,"No Accident Factor, Side Swipe, 0.0 drivers_injured, 0.0 drivers_killed, 0.0 passengers_injured, 0.0 passengers_killed, 0.0 pedestrian_injured, 0.0 pedestrian_killed, Fair (Night), EDSA (SB) Estrella St. Makati",MMDA Road Safety Unit,,ce2a6f0f-c3a0-4797-9d24-89d604651f2f,2015-11-29,21:30:00,EDSA (SB) Loyola Memorial Chapel  Makati,0,0,0,0,0,0,0,0,0,0,2015-11-30 5:30,Property,14.56002889,121.040751,Side Swipe
None,EDSA,None,None,"No Accident Factor, Side Swipe, 0.0 drivers_injured, 0.0 drivers_killed, 0.0 passengers_injured, 0.0 passengers_killed, 0.0 pedestrian_injured, 0.0 pedestrian_killed, Fair (Night), EDSA (SB) Ayala Ave.  Makati",MMDA Road Safety Unit,,5360ec43-3f51-447f-9509-0b70e6f26920,2015-11-27,12:20:00,EDSA (SB) Guadalupe Cloverleaf Makati,0,0,0,0,0,0,0,0,0,0,2015-11-27 20:20,Property,14.55032185,121.0294221,Side Swipe
None,EDSA,None,None,"No Accident Factor, Side Swipe, 0.0 drivers_injured, 0.0 drivers_killed, 0.0 passengers_injured, 0.0 passengers_killed, 0.0 pedestrian_injured, 0.0 pedestrian_killed, Fair (Day), EDSA (SB) MRT Guadalupe Makati",MMDA Road Safety Unit,,e42ff3de-f6a5-457f-a85e-c73efc6198b8,2015-11-25,23:30:00,EDSA (SB) Guadalupe Footbridge  Makati,0,0,0,0,0,0,0,0,0,0,2015-11-26 7:30,Property,14.56668632,121.0454204,Side Swipe
None,EDSA,None,None,"No Accident Factor, Hit and Run (No Collision Stated), 0.0 drivers_injured, 0.0 drivers_killed, 0.0 passengers_injured, 0.0 passengers_killed, 0.0 pedestrian_injured, 0.0 pedestrian_killed, Fair (Day), EDSA (SB) Estrella St.  Makati",MMDA Road Safety Unit,,2bc85337-42ea-48b2-97be-f8da8f597db0,2015-11-25,02:20:00,EDSA (SB) MRT Buendia Station Makati,0,0,0,0,0,0,0,0,0,0,2015-11-25 10:20,Property,14.56002889,121.040751,No Collision Stated
None,EDSA,None,None,"No Accident Factor, Side Swipe, 0.0 drivers_injured, 0.0 drivers_killed, 0.0 passengers_injured, 0.0 passengers_killed, 0.0 pedestrian_injured, 0.0 pedestrian_killed, Fair (Day), EDSA (SB) Evangelista St. Makati",MMDA Road Safety Unit,,c4ec6f3e-4676-4f39-8989-9500f15e44ed,2015-11-23,03:50:00,EDSA (SB) A. Arnaiz Ave.  Makati,0,0,0,0,0,0,0,0,0,0,2015-11-23 11:50,Property,14.53903137,121.0123272,Side Swipe
None,EDSA,None,None,"No Accident Factor, Side Swipe, 0.0 drivers_injured, 0.0 drivers_killed, 0.0 passengers_injured, 0.0 passengers_killed, 0.0 pedestrian_injured, 0.0 pedestrian_killed, Fair (Day), EDSA (SB) Kalayaan Ave. Makati",MMDA Road Safety Unit,,ed48aa37-76f2-4b79-a2b3-4bdc7cdcf028,2015-11-21,07:45:00,EDSA (SB) Buendia Ave. Makati,0,0,0,0,0,0,0,0,0,0,2015-11-21 15:45,Property,14.55774691,121.0380708,Side Swipe