LOCATION_TEXT,ROAD,WEATHER,LIGHT,DESC,REPORTING_AGENCY,MAIN_CAUSE,INCIDENTDETAILS_ID,DATE_UTC,TIME_UTC,ADDRESS,killed_driver,killed_passenger,killed_pedestrian,injured_driver,injured_passenger,injured_pedestrian,killed_uncategorized,injured_uncategorized,killed_total,injured_total,DATETIME_PST,SEVERITY,Y,X,COLLISION_TYPE
None,EDSA,None,None,"No Accident Factor, Side Swipe, 0.0 drivers_injured, 0.0 drivers_killed, 0.0 passengers_injured, 0.0 passengers_killed, 0.0 pedestrian_injured, 0.0 pedestrian_killed, Fair (Night), EDSA (SB) Evangelista St. Makati",MMDA Road Safety Unit,,5c696a7d-8894-420f-8f2c-aa1d890f8e1d,2015-11-19,17:45:00,EDSA (SB) Ayala Ave.  Makati,0,0,0,0,0,0,0,0,0,0,2015-11-20 1:45,Property,14.53903137,121.0123272,Side Swipe
None,EDSA,None,None,"No Accident Factor, Side Swipe, 0.0 drivers_injured, 0.0 drivers_killed, 1.0 passengers_injured, 0.0 passengers_killed, 0.0 pedestrian_injured, 0.0 pedestrian_killed, Fair (Night), EDSA (SB) Buendia Ave. Makati",MMDA Road Safety Unit,,90e43ec5-9289-4a36-8bde-5ffd1e5220b2,2015-11-18,11:00:00,EDSA (SB) Evangelista St. Makati,0,0,0,0,1,0,0,0,0,1,2015-11-18 19:00,Injury,14.55505269,121.034707,Side Swipe
None,EDSA,None,None,"No Accident Factor, Side Swipe, 0.0 drivers_injured, 0.0 drivers_killed, 0.0 passengers_injured, 0.0 passengers_killed, 0.0 pedestrian_injured, 0.0 pedestrian_killed, Fair (Day), EDSA (SB) Lapu Lapu St. Makati",MMDA Road Safety Unit,,4b049626-903f-47c4-bcf1-240118d52fa3,2015-11-16,02:30:00,EDSA (SB) Ayala Ave. Makati,0,0,0,0,0,0,0,0,0,0,2015-11-16 10:30,Property,14.53966789,121.0155946,Side Swipe
None,EDSA,None,None,"No Accident Factor, Multiple Collision, 0.0 drivers_injured, 0.0 drivers_killed, 0.0 passengers_injured, 0.0 passengers_killed, 0.0 pedestrian_injured, 0.0 pedestrian_killed, Fair (Day), EDSA (SB) Evangelista St. Makati",MMDA Road Safety Unit,,422fd6d9-8b0f-49cf-995c-ac09551bdcb5,2015-11-15,09:00:00,EDSA (SB) Shell Gas Station  Makati,0,0,0,0,0,0,0,0,0,0,2015-11-15 17:00,Property,14.53903137,121.0123272,Multiple
None,EDSA,None,None,"No Accident Factor, No Collision Stated (based on Police Blotter Book), 1.0 drivers_injured, 0.0 drivers_killed, 0.0 passengers_injured, 0.0 passengers_killed, 0.0 pedestrian_injured, 0.0 pedestrian_killed, Fair (Day), EDSA (SB) A. Arnaiz Ave.  Makati",MMDA Road Safety Unit,,8db4a674-cdd9-487f-b038-c59a19a33e97,2015-11-14,08:00:00,EDSA (SB) Evangelista St. Makati,0,0,0,1,0,0,0,0,0,1,2015-11-14 16:00,Injury,14.54765031,121.0260523,No Collision Stated
None,EDSA,None,None,"No Accident Factor, Side Swipe, 0.0 drivers_injured, 0.0 drivers_killed, 0.0 passengers_injured, 0.0 passengers_killed, 0.0 pedestrian_injured, 0.0 pedestrian_killed, Fair (Day), EDSA (SB) Loyola Memorial Chapel  Makati",MMDA Road Safety Unit,,6266c943-97d6-469c-bf2e-5207a939f751,2015-11-13,22:45:00,EDSA (SB) Loyola Memorial Chapel Makati,0,0,0,0,0,0,0,0,0,0,2015-11-14 6:45,Property,14.5653264,121.0449169,Side Swipe
None,EDSA,None,None,"No Accident Factor, No Collision Stated (based on Police Blotter Book), 0.0 drivers_injured, 0.0 drivers_killed, 2.0 passengers_injured, 0.0 passengers_killed, 0.0 pedestrian_injured, 0.0 pedestrian_killed, Fair (Night), EDSA (SB) Guadalupe Cloverleaf Makati",MMDA Road Safety Unit,,d17ee327-c3e5-4721-aeaa-b628ec9bc909,2015-11-13,21:00:00,EDSA (SB) Estrella St.  Makati,0,0,0,0,2,0,0,0,0,2,2015-11-14 5:00,Injury,14.56720754,121.0457277,No Collision Stated
None,EDSA,None,None,"No Accident Factor, Side Swipe, 0.0 drivers_injured, 0.0 drivers_killed, 0.0 passengers_injured, 0.0 passengers_killed, 0.0 pedestrian_injured, 0.0 pedestrian_killed, Fair (Day), EDSA (SB) Guadalupe Footbridge  Makati",MMDA Road Safety Unit,,1074113d-bfaf-41b1-9327-b2db4a1054c9,2015-11-13,06:15:00,EDSA (SB) Buendia Ave.    Makati,0,0,0,0,0,0,0,0,0,0,2015-11-13 14:15,Property,14.56486176,121.044824,Side Swipe
None,EDSA,None,None,"No Accident Factor, Side Swipe, 0.0 drivers_injured, 0.0 drivers_killed, 0.0 passengers_injured, 0.0 passengers_killed, 0.0 pedestrian_injured, 0.0 pedestrian_killed, Fair (Night), EDSA (SB) MRT Buendia Station Makati",MMDA Road Safety Unit,,aeb3ced8-3395-4223-8dce-0af910dfac16,2015-11-12,10:20:00,EDSA (SB) Guadalupe MRT Station  Makati,0,0,0,0,0,0,0,0,0,0,2015-11-12 18:20,Property,14.55406248,121.0340572,Side Swipe
None,EDSA,None,None,"No Accident Factor, No Collision Stated (based on Police Blotter Book), 1.0 drivers_injured, 0.0 drivers_killed, 0.0 passengers_injured, 0.0 passengers_killed, 0.0 pedestrian_injured, 0.0 pedestrian_killed, Fair (Night), EDSA (SB) A. Arnaiz Ave.  Makati",MMDA Road Safety Unit,,cde7a94c-9afa-42f2-ba94-558e7003dd98,2015-11-11,10:00:00,EDSA (SB) Apolinario St. Makati,0,0,0,1,0,0,0,0,0,1,2015-11-11 18:00,Injury,14.54765031,121.0260523,No Collision Stated
None,EDSA,None,None,"No Accident Factor, Side Swipe, 0.0 drivers_injured, 0.0 drivers_killed, 0.0 passengers_injured, 0.0 passengers_killed, 0.0 pedestrian_injured, 0.0 pedestrian_killed, Fair (Day), EDSA (SB) Buendia Ave. Makati",MMDA Road Safety Unit,,c1cc8950-2340-438e-8b85-66fbf74ef918,2015-11-11,08:00:00,EDSA (SB) Buendia Ave. Makati,0,0,0,0,0,0,0,0,0,0,2015-11-11 16:00,Property,14.55505269,121.034707,Side Swipe
None,EDSA,None,None,"No Accident Factor, Side Swipe, 0.0 drivers_injured, 0.0 drivers_killed, 0.0 passengers_injured, 0.0 passengers_killed, 0.0 pedestrian_injured, 0.0 pedestrian_killed, Fair (Day), EDSA (SB) Ayala Ave.  Makati",MMDA Road Safety Unit,,9aec86fc-a6a6-4c36-890c-9d1bcccb0376,2015-11-10,22:00:00,EDSA (SB) Estrella Loading Bay  Makati,0,0,0,0,0,0,0,0,0,0,2015-11-11 6:00,Property,14.55032185,121.0294221,Side Swipe
None,EDSA,None,None,"No Accident Factor, Side Swipe, 0.0 drivers_injured, 0.0 drivers_killed, 0.0 passengers_injured, 0.0 passengers_killed, 0.0 pedestrian_injured, 0.0 pedestrian_killed, Fair (Night), EDSA (SB) Evangelista St. Makati",MMDA Road Safety Unit,,4401b6ff-1d26-47aa-9d5e-0bd6c85cf26d,2015-11-10,16:00:00,EDSA (SB) Bernardino St. Makati,0,0,0,0,0,0,0,0,0,0,2015-11-11,Property,14.53903137,121.0123272,Side Swipe
None,EDSA,None,None,"No Accident Factor, Rear-end, 0.0 drivers_injured, 0.0 drivers_killed, 0.0 passengers_injured, 0.0 passengers_killed, 0.0 pedestrian_injured, 0.0 pedestrian_killed, Fair (Day), EDSA (SB) Ayala Ave. Makati",MMDA Road Safety Unit,,e2934454-0a0a-45fd-bec4-53c8f833f0e7,2015-11-10,05:45:00,EDSA (SB) A. Arnaiz Ave. Makati,0,0,0,0,0,0,0,0,0,0,2015-11-10 13:45,Property,14.55022912,121.0292348,Rear-End
None,EDSA,None,None,"No Accident Factor, Side Swipe, 0.0 drivers_injured, 0.0 drivers_killed, 0.0 passengers_injured, 0.0 passengers_killed, 0.0 pedestrian_injured, 0.0 pedestrian_killed, Fair (Day), EDSA (SB) Shell Gas Station  Makati",MMDA Road Safety Unit,,6809c9d8-7446-4c74-a3b9-b924b1708e16,2015-11-10,03:30:00,EDSA (SB) Evangelista St. Makati,0,0,0,0,0,0,0,0,0,0,2015-11-10 11:30,Property,14.55547546,121.0352249,Side Swipe
None,EDSA,None,None,"No Accident Factor, Rear-end, 0.0 drivers_injured, 0.0 drivers_killed, 0.0 passengers_injured, 0.0 passengers_killed, 0.0 pedestrian_injured, 0.0 pedestrian_killed, Fair (Night), EDSA (SB) Evangelista St. Makati",MMDA Road Safety Unit,,e5325afe-e880-430d-9b8c-3c69b8fc562a,2015-11-09,11:00:00,EDSA (SB) San Lorenzo Drive Makati,0,0,0,0,0,0,0,0,0,0,2015-11-09 19:00,Property,14.53903137,121.0123272,Rear-End
None,EDSA,None,None,"No Accident Factor, Rear-end, 0.0 drivers_injured, 0.0 drivers_killed, 0.0 passengers_injured, 0.0 passengers_killed, 0.0 pedestrian_injured, 0.0 pedestrian_killed, Fair (Day), EDSA (SB) Loyola Memorial Chapel Makati",MMDA Road Safety Unit,,0205d318-662b-4a60-8d58-f4ac0fa49eef,2015-11-09,06:20:00,EDSA (SB) Estrella St. Makati,0,0,0,0,0,0,0,0,0,0,2015-11-09 14:20,Property,14.5653264,121.0449169,Rear-End
None,EDSA,None,None,"No Accident Factor, Side Swipe, 0.0 drivers_injured, 0.0 drivers_killed, 0.0 passengers_injured, 0.0 passengers_killed, 0.0 pedestrian_injured, 0.0 pedestrian_killed, Fair (Day), EDSA (SB) Estrella St.  Makati",MMDA Road Safety Unit,,bcdca664-fc39-45d3-9da7-98753f21944c,2015-11-09,01:30:00,EDSA (SB) Estrella St. Makati,0,0,0,0,0,0,0,0,0,0,2015-11-09 9:30,Property,14.56002889,121.040751,Side Swipe
None,EDSA,None,None,"No Accident Factor, Side Swipe, 0.0 drivers_injured, 0.0 drivers_killed, 0.0 passengers_injured, 0.0 passengers_killed, 0.0 pedestrian_injured, 0.0 pedestrian_killed, Fair (Day), EDSA (SB) Buendia Ave.    Makati",MMDA Road Safety Unit,,64b5b411-f0f3-4c76-b2cd-69f9621a0a7a,2015-11-07,00:30:00,EDSA (SB) Magallanes MRT Station Makati,0,0,0,0,0,0,0,0,0,0,2015-11-07 8:30,Property,14.55505269,121.034707,Side Swipe
None,EDSA,None,None,"No Accident Factor, Rear-end, 0.0 drivers_injured, 0.0 drivers_killed, 0.0 passengers_injured, 0.0 passengers_killed, 0.0 pedestrian_injured, 0.0 pedestrian_killed, Fair (Night), EDSA (SB) Guadalupe MRT Station  Makati",MMDA Road Safety Unit,,cfa3eccc-b7a5-4cb8-95ec-e881634314d3,2015-11-05,12:30:00,EDSA (SB) Buendia Ave. Makati,0,0,0,0,0,0,0,0,0,0,2015-11-05 20:30,Property,14.5665734,121.0453551,Rear-End
None,EDSA,None,None,"No Accident Factor, Side Swipe, 0.0 drivers_injured, 0.0 drivers_killed, 0.0 passengers_injured, 0.0 passengers_killed, 0.0 pedestrian_injured, 0.0 pedestrian_killed, Fair (Day), EDSA (SB) Apolinario St. Makati",MMDA Road Safety Unit,,6712f87d-6919-4a25-a37b-1b1453d7b4df,2015-11-05,07:00:00,EDSA (SB) Evangelista St. Makati,0,0,0,0,0,0,0,0,0,0,2015-11-05 15:00,Property,14.5394354,121.0136926,Side Swipe
None,EDSA,None,None,"No Accident Factor, Hit and Run (Side Swipe), 0.0 drivers_injured, 0.0 drivers_killed, 0.0 passengers_injured, 0.0 passengers_killed, 0.0 pedestrian_injured, 0.0 pedestrian_killed, Fair (Day), EDSA (SB) Buendia Ave. Makati",MMDA Road Safety Unit,,f9475cdc-155a-456e-bb8a-2309e8407f02,2015-11-05,01:30:00,EDSA (SB) Ayala Ave. Makati,0,0,0,0,0,0,0,0,0,0,2015-11-05 9:30,Property,14.55505269,121.034707,Side Swipe
None,EDSA,None,None,"No Accident Factor, Side Swipe, 0.0 drivers_injured, 0.0 drivers_killed, 0.0 passengers_injured, 0.0 passengers_killed, 0.0 pedestrian_injured, 0.0 pedestrian_killed, Fair (Night), EDSA (SB) Estrella Loading Bay  Makati",MMDA Road Safety Unit,,48027696-1575-4c04-9bac-f583dc2fe32d,2015-11-04,21:10:00,EDSA (SB) Ayala Ave. Makati,0,0,0,0,0,0,0,0,0,0,2015-11-05 5:10,Property,14.56059855,121.0413941,Side Swipe
None,EDSA,None,None,"No Accident Factor, Rear-end, 0.0 drivers_injured, 0.0 drivers_killed, 0.0 passengers_injured, 0.0 passengers_killed, 0.0 pedestrian_injured, 0.0 pedestrian_killed, Fair (Day), EDSA (SB) Bernardino St. Makati",MMDA Road Safety Unit,,0d0f4c69-cfc3-4a5d-bf93-aaa1afb7f7dc,2015-11-04,02:15:00,EDSA (SB) Guadalupe Loading Bay Makati,0,0,0,0,0,0,0,0,0,0,2015-11-04 10:15,Property,14.5656985,121.0450952,Rear-End
None,EDSA,None,None,"No Accident Factor, Side Swipe, 0.0 drivers_injured, 0.0 drivers_killed, 0.0 passengers_injured, 0.0 passengers_killed, 0.0 pedestrian_injured, 0.0 pedestrian_killed, Fair (Night), EDSA (SB) A. Arnaiz Ave. Makati",MMDA Road Safety Unit,,4cf023f4-4b74-4676-8d4d-72e3d3c965c2,2015-11-03,12:00:00,EDSA (SB) Llanera St. Makati,0,0,0,0,0,0,0,0,0,0,2015-11-03 20:00,Property,14.54765031,121.0260523,Side Swipe
None,EDSA,None,None,"No Accident Factor, Rear-end, 0.0 drivers_injured, 0.0 drivers_killed, 0.0 passengers_injured, 0.0 passengers_killed, 0.0 pedestrian_injured, 0.0 pedestrian_killed, Fair (Day), EDSA (SB) Evangelista St. Makati",MMDA Road Safety Unit,,6b1d41a6-adb8-4775-9f7d-8d6288e940bb,2015-11-03,03:00:00,EDSA (SB) Ayala Ave. Makati,0,0,0,0,0,0,0,0,0,0,2015-11-03 11:00,Property,14.53903137,121.0123272,Rear-End
None,EDSA,None,None,"No Accident Factor, Rear-end, 0.0 drivers_injured, 0.0 drivers_killed, 0.0 passengers_injured, 0.0 passengers_killed, 0.0 pedestrian_injured, 0.0 pedestrian_killed, Fair (Day), EDSA (SB) San Lorenzo Drive Makati",MMDA Road Safety Unit,,74c7f11b-8959-4fc9-b190-3c53f5c5dcbb,2015-11-02,23:30:00,EDSA (SB) Ayala Ave. (MRT Station) Makati,0,0,0,0,0,0,0,0,0,0,2015-11-03 7:30,Property,14.5422524,121.0195278,Rear-End
None,EDSA,None,None,"No Accident Factor, Rear-end, 0.0 drivers_injured, 0.0 drivers_killed, 0.0 passengers_injured, 0.0 passengers_killed, 0.0 pedestrian_injured, 0.0 pedestrian_killed, Fair (Night), EDSA (SB) Estrella St. Makati",MMDA Road Safety Unit,,65fae4ca-b18a-4d97-a1c9-3e106cacf153,2015-10-30,19:15:00,EDSA (SB) Ayala Ave. Makati,0,0,0,0,0,0,0,0,0,0,2015-10-31 3:15,Property,14.56002889,121.040751,Rear-End
None,EDSA,None,None,"No Accident Factor, Rear-end, 0.0 drivers_injured, 0.0 drivers_killed, 0.0 passengers_injured, 0.0 passengers_killed, 0.0 pedestrian_injured, 0.0 pedestrian_killed, Fair (Night), EDSA (SB) Estrella St. Makati",MMDA Road Safety Unit,,f5ba18ec-4578-4650-8cb0-bfae5d022c7c,2015-10-30,10:40:00,EDSA (SB) Guadalupe Loading Bay Makati,0,0,0,0,0,0,0,0,0,0,2015-10-30 18:40,Property,14.56002889,121.040751,Rear-End
None,EDSA,None,None,"No Accident Factor, Hit Object (No Object Stated), 0.0 drivers_injured, 0.0 drivers_killed, 0.0 passengers_injured, 0.0 passengers_killed, 0.0 pedestrian_injured, 0.0 pedestrian_killed, Fair (Night), EDSA (SB) Magallanes MRT Station Makati",MMDA Road Safety Unit,,d7b3d390-aa29-4e9e-8242-f731e9753b62,2015-10-29,21:40:00,EDSA (SB) Estrella St. Makati,0,0,0,0,0,0,0,0,0,0,2015-10-30 5:40,Property,14.54171041,121.019054,Hit Object
None,EDSA,None,None,"No Accident Factor, Side Swipe, 0.0 drivers_injured, 0.0 drivers_killed, 0.0 passengers_injured, 0.0 passengers_killed, 0.0 pedestrian_injured, 0.0 pedestrian_killed, Fair (Night), EDSA (SB) Buendia Ave. Makati",MMDA Road Safety Unit,,acf2834c-051f-4c33-abe0-eff998ce6237,2015-10-29,13:05:00,EDSA (SB) Ayala Ave. Makati,0,0,0,0,0,0,0,0,0,0,2015-10-29 21:05,Property,14.55505269,121.034707,Side Swipe
None,EDSA,None,None,"No Accident Factor, Side Swipe, 0.0 drivers_injured, 0.0 drivers_killed, 0.0 passengers_injured, 0.0 passengers_killed, 0.0 pedestrian_injured, 0.0 pedestrian_killed, Fair (Night), EDSA (SB) Evangelista St. Makati",MMDA Road Safety Unit,,38ca7225-92d8-4ee1-854f-a69045db7aea,2015-10-29,12:30:00,EDSA (SB) Evangelista St. Makati,0,0,0,0,0,0,0,0,0,0,2015-10-29 20:30,Property,14.53903137,121.0123272,Side Swipe
None,EDSA,None,None,"No Accident Factor, Rear-end, 0.0 drivers_injured, 0.0 drivers_killed, 0.0 passengers_injured, 0.0 passengers_killed, 0.0 pedestrian_injured, 0.0 pedestrian_killed, Fair (Night), EDSA (SB) Ayala Ave. Makati",MMDA Road Safety Unit,,2594f7c1-e3ea-440e-b2c9-076638bb5fa9,2015-10-28,11:45:00,EDSA (SB) Loyola Memorial Chapel Makati,0,0,0,0,0,0,0,0,0,0,2015-10-28 19:45,Property,14.55022912,121.0292348,Rear-End
None,EDSA,None,None,"No Accident Factor, Rear-end, 0.0 drivers_injured, 0.0 drivers_killed, 0.0 passengers_injured, 0.0 passengers_killed, 0.0 pedestrian_injured, 0.0 pedestrian_killed, Fair (Night), EDSA (SB) Ayala Ave. Makati",MMDA Road Safety Unit,,c5e0866b-413f-40d0-8c92-2faa18956d1b,2015-10-28,11:30:00,EDSA (SB) Buendia Ave. Makati,0,0,0,0,0,0,0,0,0,0,2015-10-28 19:30,Property,14.55022912,121.0292348,Rear-End
None,EDSA,None,None,"No Accident Factor, Side Swipe, 0.0 drivers_injured, 0.0 drivers_killed, 0.0 passengers_injured, 0.0 passengers_killed, 0.0 pedestrian_injured, 0.0 pedestrian_killed, Fair (Day), EDSA (SB) Guadalupe Loading Bay Makati",MMDA Road Safety Unit,,2989f00f-81a9-4420-8cb9-60f66bdb3ef6,2015-10-28,06:40:00,EDSA (SB) Ayala Ave. Makati,0,0,0,0,0,0,0,0,0,0,2015-10-28 14:40,Property,14.56473213,121.0447625,Side Swipe
None,EDSA,None,None,"No Accident Factor, Side Swipe, 0.0 drivers_injured, 0.0 drivers_killed, 0.0 passengers_injured, 0.0 passengers_killed, 0.0 pedestrian_injured, 0.0 pedestrian_killed, Fair (Day), EDSA (SB) Llanera St. Makati",MMDA Road Safety Unit,,aa295b28-0632-4f49-8bdc-49d4e6b7a3c1,2015-10-27,05:20:00,EDSA (SB) West Cloverleaf Makati,0,0,0,0,0,0,0,0,0,0,2015-10-27 13:20,Property,14.53962584,121.0142984,Side Swipe
None,EDSA,None,None,"No Accident Factor, Side Swipe, 0.0 drivers_injured, 0.0 drivers_killed, 0.0 passengers_injured, 0.0 passengers_killed, 0.0 pedestrian_injured, 0.0 pedestrian_killed, Fair (Night), EDSA (SB) Ayala Ave. Makati",MMDA Road Safety Unit,,22b0b783-f746-4b62-8d3a-43245f0d5206,2015-10-26,13:30:00,EDSA (SB) Ayala Ave. Makati,0,0,0,0,0,0,0,0,0,0,2015-10-26 21:30,Property,14.55022912,121.0292348,Side Swipe
None,EDSA,None,None,"No Accident Factor, No Collision Stated (based on Police Blotter Book), 0.0 drivers_injured, 0.0 drivers_killed, 1.0 passengers_injured, 0.0 passengers_killed, 0.0 pedestrian_injured, 0.0 pedestrian_killed, Fair (Night), EDSA (SB) Ayala Ave. (MRT Station) Makati",MMDA Road Safety Unit,,b9bba3e7-ad21-42e7-9be5-308784e3e4a1,2015-10-26,11:30:00,EDSA (SB) Estrella St. Makati,0,0,0,0,1,0,0,0,0,1,2015-10-26 19:30,Injury,14.54917484,121.0280822,No Collision Stated
None,EDSA,None,None,"No Accident Factor, Rear-end, 0.0 drivers_injured, 0.0 drivers_killed, 0.0 passengers_injured, 0.0 passengers_killed, 0.0 pedestrian_injured, 0.0 pedestrian_killed, Fair (Day), EDSA (SB) Ayala Ave. Makati",MMDA Road Safety Unit,,10772b35-0ff3-4755-b711-83a61c8c7a51,2015-10-26,06:15:00,EDSA (SB) Guadalupe Loading Bay Makati,0,0,0,0,0,0,0,0,0,0,2015-10-26 14:15,Property,14.55022912,121.0292348,Rear-End
None,EDSA,None,None,"No Accident Factor, Side Swipe, 0.0 drivers_injured, 0.0 drivers_killed, 0.0 passengers_injured, 0.0 passengers_killed, 0.0 pedestrian_injured, 0.0 pedestrian_killed, Fair (Day), EDSA (SB) Guadalupe Loading Bay Makati",MMDA Road Safety Unit,,93715503-fa6a-485b-b25b-50e1869b3b75,2015-10-21,07:30:00,EDSA (SB) Estrella St. Makati,0,0,0,0,0,0,0,0,0,0,2015-10-21 15:30,Property,14.56473213,121.0447625,Side Swipe
None,EDSA,None,None,"No Accident Factor, Rear-end, 0.0 drivers_injured, 0.0 drivers_killed, 0.0 passengers_injured, 0.0 passengers_killed, 0.0 pedestrian_injured, 0.0 pedestrian_killed, Fair (Day), EDSA (SB) Estrella St. Makati",MMDA Road Safety Unit,,c0b3eda7-10f0-4798-9691-e48e4568ee11,2015-10-21,06:20:00,EDSA (SB) Estrella St. Makati,0,0,0,0,0,0,0,0,0,0,2015-10-21 14:20,Property,14.56002889,121.040751,Rear-End
None,EDSA,None,None,"No Accident Factor, Side Swipe, 0.0 drivers_injured, 0.0 drivers_killed, 0.0 passengers_injured, 0.0 passengers_killed, 0.0 pedestrian_injured, 0.0 pedestrian_killed, Fair (Day), EDSA (SB) Ayala Ave. Makati",MMDA Road Safety Unit,,0d255c6a-b049-4757-9508-608b4e925d44,2015-10-18,22:45:00,EDSA (SB) PET Plans Makati,0,0,0,0,0,0,0,0,0,0,2015-10-19 6:45,Property,14.55022912,121.0292348,Side Swipe
None,EDSA,None,None,"No Accident Factor, Side Swipe, 0.0 drivers_injured, 0.0 drivers_killed, 0.0 passengers_injured, 0.0 passengers_killed, 0.0 pedestrian_injured, 0.0 pedestrian_killed, Fair (Day), EDSA (SB) Evangelista St. Makati",MMDA Road Safety Unit,,f7e93eb6-e3ae-4d25-9bf2-6430a30a4fc8,2015-10-17,07:20:00,EDSA (SB) San Carlos Seminary Makati,0,0,0,0,0,0,0,0,0,0,2015-10-17 15:20,Property,14.53903137,121.0123272,Side Swipe
None,EDSA,None,None,"No Accident Factor, Hit and Run (No Collision Stated), 1.0 drivers_injured, 0.0 drivers_killed, 1.0 passengers_injured, 0.0 passengers_killed, 0.0 pedestrian_injured, 0.0 pedestrian_killed, Fair (Night), EDSA (SB) Loyola Memorial Chapel Makati",MMDA Road Safety Unit,,286ba5d9-570b-4246-b44b-57abf0ebde95,2015-10-16,20:50:00,EDSA (SB) Rodriguez St. Makati,0,0,0,1,1,0,0,0,0,2,2015-10-17 4:50,Injury,14.5653264,121.0449169,No Collision Stated
None,EDSA,None,None,"No Accident Factor, Side Swipe, 0.0 drivers_injured, 0.0 drivers_killed, 0.0 passengers_injured, 0.0 passengers_killed, 0.0 pedestrian_injured, 0.0 pedestrian_killed, Fair (Night), EDSA (SB) Buendia Ave. Makati",MMDA Road Safety Unit,,fdc27623-0675-4116-9e27-34292bafc8a3,2015-10-16,13:00:00,EDSA (SB) Estrella St. Makati,0,0,0,0,0,0,0,0,0,0,2015-10-16 21:00,Property,14.55505269,121.034707,Side Swipe
None,EDSA,None,None,"No Accident Factor, No Collision Stated (based on Police Blotter Book), 0.0 drivers_injured, 0.0 drivers_killed, 0.0 passengers_injured, 0.0 passengers_killed, 0.0 pedestrian_injured, 0.0 pedestrian_killed, Fair (Night), EDSA (SB) Ayala Ave. Makati",MMDA Road Safety Unit,,908c4504-aa52-4183-b2b5-629a36d8b4a1,2015-10-16,12:55:00,EDSA (SB) Bernardino St. Makati,0,0,0,0,0,0,0,0,0,0,2015-10-16 20:55,Property,14.55022912,121.0292348,No Collision Stated
None,EDSA,None,None,"No Accident Factor, Rear-end, 0.0 drivers_injured, 0.0 drivers_killed, 0.0 passengers_injured, 0.0 passengers_killed, 0.0 pedestrian_injured, 0.0 pedestrian_killed, Fair (Night), EDSA (SB) West Cloverleaf Makati",MMDA Road Safety Unit,,70aa8b37-1338-4b7e-a1a8-642c47a4755b,2015-10-16,10:30:00,"EDSA (SB) Shell Gas station, Urdaneta Makati",0,0,0,0,0,0,0,0,0,0,2015-10-16 18:30,Property,14.56779247,121.0455985,Rear-End
None,EDSA,None,None,"No Accident Factor, Side Swipe, 0.0 drivers_injured, 0.0 drivers_killed, 0.0 passengers_injured, 0.0 passengers_killed, 0.0 pedestrian_injured, 0.0 pedestrian_killed, Fair (Day), EDSA (SB) Ayala Ave. Makati",MMDA Road Safety Unit,,4620c3a5-1ea0-4500-b59f-474aff11229c,2015-10-14,09:00:00,EDSA (SB) Evangelista St. Makati,0,0,0,0,0,0,0,0,0,0,2015-10-14 17:00,Property,14.55022912,121.0292348,Side Swipe
None,EDSA,None,None,"No Accident Factor, Side Swipe, 0.0 drivers_injured, 0.0 drivers_killed, 0.0 passengers_injured, 0.0 passengers_killed, 0.0 pedestrian_injured, 0.0 pedestrian_killed, Fair (Night), EDSA (SB) Estrella St. Makati",MMDA Road Safety Unit,,c17aea1e-e691-458b-8507-2e94d2bdea36,2015-10-11,15:35:00,EDSA (SB) Ayala Ave. Makati,0,0,0,0,0,0,0,0,0,0,2015-10-11 23:35,Property,14.56002889,121.040751,Side Swipe
None,EDSA,None,None,"No Accident Factor, Side Swipe, 0.0 drivers_injured, 0.0 drivers_killed, 0.0 passengers_injured, 0.0 passengers_killed, 0.0 pedestrian_injured, 0.0 pedestrian_killed, Fair (Night), EDSA (SB) Guadalupe Loading Bay Makati",MMDA Road Safety Unit,,558f7f9c-8186-4184-b373-cbef3e503823,2015-10-11,11:30:00,EDSA (SB) Magallanes Interchange Makati,0,0,0,0,0,0,0,0,0,0,2015-10-11 19:30,Property,14.56473213,121.0447625,Side Swipe
None,EDSA,None,None,"No Accident Factor, Rear-end, 0.0 drivers_injured, 0.0 drivers_killed, 0.0 passengers_injured, 0.0 passengers_killed, 0.0 pedestrian_injured, 0.0 pedestrian_killed, Fair (Day), EDSA (SB) Estrella St. Makati",MMDA Road Safety Unit,,9a3e8fdd-f192-4d60-a977-97ff939e85e8,2015-10-10,01:35:00,EDSA (SB) A. Arnaiz Ave. Makati,0,0,0,0,0,0,0,0,0,0,2015-10-10 9:35,Property,14.56002889,121.040751,Rear-End
None,EDSA,None,None,"No Accident Factor, Side Swipe, 0.0 drivers_injured, 0.0 drivers_killed, 0.0 passengers_injured, 0.0 passengers_killed, 0.0 pedestrian_injured, 0.0 pedestrian_killed, Fair (Day), EDSA (SB) Estrella St. Makati",MMDA Road Safety Unit,,47351118-da03-4412-a699-3d160c780629,2015-10-10,01:05:00,EDSA (SB) Ayala Ave.  Makati,0,0,0,0,0,0,0,0,0,0,2015-10-10 9:05,Property,14.56002889,121.040751,Side Swipe
None,EDSA,None,None,"No Accident Factor, Rear-end, 0.0 drivers_injured, 0.0 drivers_killed, 0.0 passengers_injured, 0.0 passengers_killed, 0.0 pedestrian_injured, 0.0 pedestrian_killed, Fair (Night), EDSA (SB) PET Plans Makati",MMDA Road Safety Unit,,97ddebf2-4070-4e1a-9798-c8f84e0636a8,2015-10-09,21:50:00,EDSA (SB) Bernardino St. Makati,0,0,0,0,0,0,0,0,0,0,2015-10-10 5:50,Property,14.56191915,121.0429118,Rear-End
None,EDSA,None,None,"No Accident Factor, Rear-end, 1.0 drivers_injured, 0.0 drivers_killed, 0.0 passengers_injured, 0.0 passengers_killed, 0.0 pedestrian_injured, 0.0 pedestrian_killed, Fair (Night), EDSA (SB) San Carlos Seminary Makati",MMDA Road Safety Unit,,69d8e7cf-7852-4b40-987f-e5b2dc652ad2,2015-10-09,16:30:00,EDSA (SB) Gen. Natividad St. Makati,0,0,0,1,0,0,0,0,0,1,2015-10-10 0:30,Injury,14.56316308,121.043841,Rear-End