LOCATION_TEXT,ROAD,WEATHER,LIGHT,DESC,REPORTING_AGENCY,MAIN_CAUSE,INCIDENTDETAILS_ID,DATE_UTC,TIME_UTC,ADDRESS,killed_driver,killed_passenger,killed_pedestrian,injured_driver,injured_passenger,injured_pedestrian,killed_uncategorized,injured_uncategorized,killed_total,injured_total,DATETIME_PST,SEVERITY,Y,X,COLLISION_TYPE
None,EDSA,None,None,"No Accident Factor, Rear-end, 0.0 drivers_injured, 0.0 drivers_killed, 0.0 passengers_injured, 0.0 passengers_killed, 0.0 pedestrian_injured, 0.0 pedestrian_killed, Fair (Day), EDSA (SB) Rodriguez St. Makati",MMDA Road Safety Unit,,8e42ddf3-baca-43c3-827e-90a80d880a81,2015-10-09,08:00:00,EDSA (SB) Ayala Ave.  Makati,0,0,0,0,0,0,0,0,0,0,2015-10-09 16:00,Property,14.53841991,121.0085642,Rear-End
None,EDSA,None,None,"No Accident Factor, Side Swipe, 0.0 drivers_injured, 0.0 drivers_killed, 0.0 passengers_injured, 0.0 passengers_killed, 0.0 pedestrian_injured, 0.0 pedestrian_killed, Fair (Day), EDSA (SB) Estrella St. Makati",MMDA Road Safety Unit,,646a1817-192c-467f-8ed0-402e4f1bc53a,2015-10-06,02:30:00,EDSA (SB) Buendia Loading Bay  Makati,0,0,0,0,0,0,0,0,0,0,2015-10-06 10:30,Property,14.56002889,121.040751,Side Swipe
None,EDSA,None,None,"No Accident Factor, Rear-end, 0.0 drivers_injured, 0.0 drivers_killed, 0.0 passengers_injured, 0.0 passengers_killed, 0.0 pedestrian_injured, 0.0 pedestrian_killed, Fair (Day), EDSA (SB) Bernardino St. Makati",MMDA Road Safety Unit,,755a0b43-937e-4932-9dec-d932ddb4fd9f,2015-10-04,08:30:00,EDSA (SB) Ayala Ave. Makati,0,0,0,0,0,0,0,0,0,0,2015-10-04 16:30,Property,14.5656985,121.0450952,Rear-End
None,EDSA,None,None,"No Accident Factor, Rear-end, 0.0 drivers_injured, 0.0 drivers_killed, 0.0 passengers_injured, 0.0 passengers_killed, 0.0 pedestrian_injured, 0.0 pedestrian_killed, Fair (Day), EDSA (SB) Shell Gas station, Urdaneta Makati",MMDA Road Safety Unit,,bf492649-4afa-4bd7-8e4d-827ca34604e2,2015-10-04,08:00:00,EDSA (SB) Buendia Ave.  Makati,0,0,0,0,0,0,0,0,0,0,2015-10-04 16:00,Property,14.55547546,121.0352249,Rear-End
None,EDSA,None,None,"No Accident Factor, Angle Impact, 0.0 drivers_injured, 0.0 drivers_killed, 0.0 passengers_injured, 0.0 passengers_killed, 0.0 pedestrian_injured, 0.0 pedestrian_killed, Fair (Day), EDSA (SB) Evangelista St. Makati",MMDA Road Safety Unit,,011a6356-7ca6-4ee7-8faa-b67828d36fca,2015-10-04,07:40:00,EDSA (SB) Buendia Ave.  Makati,0,0,0,0,0,0,0,0,0,0,2015-10-04 15:40,Property,14.53903137,121.0123272,Angle Impact
None,EDSA,None,None,"No Accident Factor, Side Swipe, 0.0 drivers_injured, 0.0 drivers_killed, 0.0 passengers_injured, 0.0 passengers_killed, 0.0 pedestrian_injured, 0.0 pedestrian_killed, Fair (Night), EDSA (SB) Ayala Ave. Makati",MMDA Road Safety Unit,,ee1b80f4-ac81-41f9-ba41-b531b5972cd3,2015-10-03,10:15:00,EDSA (SB) Guadalupe Loading Bay  Makati,0,0,0,0,0,0,0,0,0,0,2015-10-03 18:15,Property,14.55022912,121.0292348,Side Swipe
None,EDSA,None,None,"No Accident Factor, Rear-end, 0.0 drivers_injured, 0.0 drivers_killed, 0.0 passengers_injured, 0.0 passengers_killed, 0.0 pedestrian_injured, 0.0 pedestrian_killed, Fair (Day), EDSA (SB) Magallanes Interchange Makati",MMDA Road Safety Unit,,1e82ac30-919d-4bdd-8e69-d9c70b826453,2015-10-02,02:45:00,EDSA (SB) in between Buendia Ave. and Ayala Ave. Makati,0,0,0,0,0,0,0,0,0,0,2015-10-02 10:45,Property,14.54028633,121.0167655,Rear-End
None,EDSA,None,None,"No Accident Factor, Side Swipe, 0.0 drivers_injured, 0.0 drivers_killed, 0.0 passengers_injured, 0.0 passengers_killed, 0.0 pedestrian_injured, 0.0 pedestrian_killed, Fair (Night), EDSA (SB) A. Arnaiz Ave. Makati",MMDA Road Safety Unit,,52486adc-462d-4264-80bb-4476e7372d91,2015-09-30,12:25:00,EDSA (SB) San Carlos Seminary  Makati,0,0,0,0,0,0,0,0,0,0,2015-09-30 20:25,Property,14.54765031,121.0260523,Side Swipe
None,EDSA,None,None,"No Accident Factor, Side Swipe, 0.0 drivers_injured, 0.0 drivers_killed, 0.0 passengers_injured, 0.0 passengers_killed, 0.0 pedestrian_injured, 0.0 pedestrian_killed, Fair (Night), EDSA (SB) Ayala Ave.  Makati",MMDA Road Safety Unit,,9b4b9f72-6895-4b83-a30b-18755d261466,2015-09-30,10:30:00,EDSA (SB) Shell Gas Buendia Ave.  Makati,0,0,0,0,0,0,0,0,0,0,2015-09-30 18:30,Property,14.55032185,121.0294221,Side Swipe
None,EDSA,None,None,"No Accident Factor, Side Swipe, 0.0 drivers_injured, 0.0 drivers_killed, 0.0 passengers_injured, 0.0 passengers_killed, 0.0 pedestrian_injured, 0.0 pedestrian_killed, Fair (Day), EDSA (SB) Bernardino St. Makati",MMDA Road Safety Unit,,4a508b58-43a7-4abc-8cc1-305d3003c4ed,2015-09-30,07:00:00,EDSA (SB) Magallanes Interchange  Makati,0,0,0,0,0,0,0,0,0,0,2015-09-30 15:00,Property,14.5656985,121.0450952,Side Swipe
None,EDSA,None,None,"No Accident Factor, Side Swipe, 0.0 drivers_injured, 0.0 drivers_killed, 0.0 passengers_injured, 0.0 passengers_killed, 0.0 pedestrian_injured, 0.0 pedestrian_killed, Fair (Day), EDSA (SB) Gen. Natividad St. Makati",MMDA Road Safety Unit,,814d4a59-ce70-402a-a8bc-19e2a5bdfc85,2015-09-30,06:20:00,EDSA (SB) Estrella St. Makati,0,0,0,0,0,0,0,0,0,0,2015-09-30 14:20,Property,14.54020058,121.0158151,Side Swipe
None,EDSA,None,None,"No Accident Factor, Side Swipe, 0.0 drivers_injured, 0.0 drivers_killed, 0.0 passengers_injured, 0.0 passengers_killed, 0.0 pedestrian_injured, 0.0 pedestrian_killed, Fair (Night), EDSA (SB) Ayala Ave.  Makati",MMDA Road Safety Unit,,00071ba2-52e4-4408-abb5-811b0ced9eac,2015-09-29,12:30:00,EDSA (SB) Buendia Ave. Makati,0,0,0,0,0,0,0,0,0,0,2015-09-29 20:30,Property,14.55032185,121.0294221,Side Swipe
None,EDSA,None,None,"No Accident Factor, Side Swipe, 0.0 drivers_injured, 0.0 drivers_killed, 0.0 passengers_injured, 0.0 passengers_killed, 0.0 pedestrian_injured, 0.0 pedestrian_killed, Fair (Day), EDSA (SB) Buendia Loading Bay  Makati",MMDA Road Safety Unit,,4edda3c3-132f-4705-903b-9bb8a5c3b826,2015-09-29,09:50:00,EDSA (SB) Estrella St. Makati,0,0,0,0,0,0,0,0,0,0,2015-09-29 17:50,Property,14.55400112,121.0336264,Side Swipe
None,EDSA,None,None,"No Accident Factor, Rear-end, 0.0 drivers_injured, 0.0 drivers_killed, 0.0 passengers_injured, 0.0 passengers_killed, 0.0 pedestrian_injured, 0.0 pedestrian_killed, Fair (Night), EDSA (SB) Ayala Ave. Makati",MMDA Road Safety Unit,,35076d27-d890-4290-9f63-a824cb88833b,2015-09-28,13:00:00,EDSA (SB) Magallanes Interchange Makati,0,0,0,0,0,0,0,0,0,0,2015-09-28 21:00,Property,14.55022912,121.0292348,Rear-End
None,EDSA,None,None,"No Accident Factor, Side Swipe, 0.0 drivers_injured, 0.0 drivers_killed, 0.0 passengers_injured, 0.0 passengers_killed, 0.0 pedestrian_injured, 0.0 pedestrian_killed, Fair (Night), EDSA (SB) Buendia Ave.  Makati",MMDA Road Safety Unit,,0267fb61-3453-45d6-9c5d-3283a361fd8f,2015-09-28,13:00:00,EDSA (SB) San Carlos Seminary Makati,0,0,0,0,0,0,0,0,0,0,2015-09-28 21:00,Property,14.55505269,121.034707,Side Swipe
None,EDSA,None,None,"No Accident Factor, Side Swipe, 0.0 drivers_injured, 0.0 drivers_killed, 0.0 passengers_injured, 0.0 passengers_killed, 0.0 pedestrian_injured, 0.0 pedestrian_killed, Fair (Night), EDSA (SB) Buendia Ave.  Makati",MMDA Road Safety Unit,,6114c753-a2fa-4dbe-a9cb-c93128b53ea5,2015-09-28,12:40:00,EDSA (SB) Magallanes Interchange Makati,0,0,0,0,0,0,0,0,0,0,2015-09-28 20:40,Property,14.55505269,121.034707,Side Swipe
None,EDSA,None,None,"No Accident Factor, Side Swipe, 0.0 drivers_injured, 0.0 drivers_killed, 0.0 passengers_injured, 0.0 passengers_killed, 0.0 pedestrian_injured, 0.0 pedestrian_killed, Fair (Night), EDSA (SB) Guadalupe Loading Bay  Makati",MMDA Road Safety Unit,,185a57a7-4e42-4a91-a780-ff1fe465a395,2015-09-27,15:15:00,EDSA (SB) Estrella St. Makati,0,0,0,0,0,0,0,0,0,0,2015-09-27 23:15,Property,14.56473213,121.0447625,Side Swipe
None,EDSA,None,None,"No Accident Factor, Rear-end, 0.0 drivers_injured, 0.0 drivers_killed, 0.0 passengers_injured, 0.0 passengers_killed, 0.0 pedestrian_injured, 0.0 pedestrian_killed, Fair (Night), EDSA (SB) in between Buendia Ave. and Ayala Ave. Makati",MMDA Road Safety Unit,,e4671e06-e233-46da-840c-19c5dc0fb955,2015-09-27,13:10:00,EDSA (SB) A. Arnaiz Ave.  Makati,0,0,0,0,0,0,0,0,0,0,2015-09-27 21:10,Property,14.55360684,121.0333697,Rear-End
None,EDSA,None,None,"No Accident Factor, Rear-end, 0.0 drivers_injured, 0.0 drivers_killed, 0.0 passengers_injured, 0.0 passengers_killed, 0.0 pedestrian_injured, 0.0 pedestrian_killed, Fair (Day), EDSA (SB) San Carlos Seminary  Makati",MMDA Road Safety Unit,,9013609b-4f4e-4af4-bfe0-c605e7e3d10b,2015-09-26,07:00:00,EDSA (SB) Loyola Memorial Chapel  Makati,0,0,0,0,0,0,0,0,0,0,2015-09-26 15:00,Property,14.56316308,121.043841,Rear-End
None,EDSA,None,None,"No Accident Factor, Side Swipe, 0.0 drivers_injured, 0.0 drivers_killed, 0.0 passengers_injured, 0.0 passengers_killed, 0.0 pedestrian_injured, 0.0 pedestrian_killed, Fair (Day), EDSA (SB) Shell Gas Buendia Ave.  Makati",MMDA Road Safety Unit,,d227d3e1-3b5c-45b0-a278-12669014c6ed,2015-09-26,06:40:00,EDSA (SB) Ayala Loading Bay  Makati,0,0,0,0,0,0,0,0,0,0,2015-09-26 14:40,Property,14.55547546,121.0352249,Side Swipe
None,EDSA,None,None,"No Accident Factor, Rear-end, 0.0 drivers_injured, 0.0 drivers_killed, 1.0 passengers_injured, 0.0 passengers_killed, 0.0 pedestrian_injured, 0.0 pedestrian_killed, Fair (Day), EDSA (SB) Magallanes Interchange  Makati",MMDA Road Safety Unit,,b956f055-c58a-4490-9a87-60ec4229058a,2015-09-26,03:00:00,EDSA (SB) Ayala Ave. Makati,0,0,0,0,1,0,0,0,0,1,2015-09-26 11:00,Injury,14.54028633,121.0167655,Rear-End
None,EDSA,None,None,"No Accident Factor, Hit Object (Barrier-Concrete), 0.0 drivers_injured, 0.0 drivers_killed, 0.0 passengers_injured, 0.0 passengers_killed, 0.0 pedestrian_injured, 0.0 pedestrian_killed, Fair (Night), EDSA (SB) Estrella St. Makati",MMDA Road Safety Unit,,1aa138b1-c640-4ccc-b0bb-54d68c9958ae,2015-09-25,19:00:00,EDSA (SB) Buendia Ave. Makati,0,0,0,0,0,0,0,0,0,0,2015-09-26 3:00,Property,14.56002889,121.040751,Hit Object
None,EDSA,None,None,"No Accident Factor, Side Swipe, 0.0 drivers_injured, 0.0 drivers_killed, 0.0 passengers_injured, 0.0 passengers_killed, 0.0 pedestrian_injured, 0.0 pedestrian_killed, Fair (Day), EDSA (SB) Buendia Ave. Makati",MMDA Road Safety Unit,,73737759-782d-4ada-b763-6ff4d767f0f7,2015-09-24,04:25:00,EDSA (SB) Palm Drive  Makati,0,0,0,0,0,0,0,0,0,0,2015-09-24 12:25,Property,14.55505269,121.034707,Side Swipe
None,EDSA,None,None,"No Accident Factor, Rear-end, 0.0 drivers_injured, 0.0 drivers_killed, 1.0 passengers_injured, 0.0 passengers_killed, 0.0 pedestrian_injured, 0.0 pedestrian_killed, Fair (Night), EDSA (SB) Estrella St. Makati",MMDA Road Safety Unit,,d64524a6-1654-47fe-bd34-c20d0469b9cc,2015-09-22,18:30:00,EDSA (SB) San Lorenzo Village  Makati,0,0,0,0,1,0,0,0,0,1,2015-09-23 2:30,Injury,14.56002889,121.040751,Rear-End
None,EDSA,None,None,"No Accident Factor, Rear-end, 0.0 drivers_injured, 0.0 drivers_killed, 0.0 passengers_injured, 0.0 passengers_killed, 0.0 pedestrian_injured, 0.0 pedestrian_killed, Fair (Day), EDSA (SB) Magallanes Interchange Makati",MMDA Road Safety Unit,,94ba923a-2ccc-4eb1-b967-3ffef7655584,2015-09-20,05:30:00,EDSA (SB) Magallanes Interchange  Makati,0,0,0,0,0,0,0,0,0,0,2015-09-20 13:30,Property,14.54028633,121.0167655,Rear-End
None,EDSA,None,None,"No Accident Factor, Side Swipe, 0.0 drivers_injured, 0.0 drivers_killed, 0.0 passengers_injured, 0.0 passengers_killed, 0.0 pedestrian_injured, 0.0 pedestrian_killed, Fair (Night), EDSA (SB) San Carlos Seminary Makati",MMDA Road Safety Unit,,b7c67220-af9e-454e-aaea-f21e1694ae03,2015-09-19,17:30:00,EDSA (SB) Buendia Loading Bay Makati,0,0,0,0,0,0,0,0,0,0,2015-09-20 1:30,Property,14.56316308,121.043841,Side Swipe
None,EDSA,None,None,"No Accident Factor, Side Swipe, 0.0 drivers_injured, 0.0 drivers_killed, 0.0 passengers_injured, 0.0 passengers_killed, 0.0 pedestrian_injured, 0.0 pedestrian_killed, Fair (Night), EDSA (SB) Magallanes Interchange Makati",MMDA Road Safety Unit,,27a1899c-bc13-4856-a151-1a14d35750d4,2015-09-19,12:00:00,EDSA (SB) Loyola Memorial Chapel    Makati,0,0,0,0,0,0,0,0,0,0,2015-09-19 20:00,Property,14.54028633,121.0167655,Side Swipe
None,EDSA,None,None,"No Accident Factor, Side Swipe, 0.0 drivers_injured, 0.0 drivers_killed, 0.0 passengers_injured, 0.0 passengers_killed, 0.0 pedestrian_injured, 0.0 pedestrian_killed, Fair (Day), EDSA (SB) Estrella St. Makati",MMDA Road Safety Unit,,7f476121-7930-4205-80fb-390917831028,2015-09-19,08:20:00,EDSA (SB) Palm Drive Makati,0,0,0,0,0,0,0,0,0,0,2015-09-19 16:20,Property,14.56002889,121.040751,Side Swipe
None,EDSA,None,None,"No Accident Factor, Rear-end, 0.0 drivers_injured, 0.0 drivers_killed, 0.0 passengers_injured, 0.0 passengers_killed, 0.0 pedestrian_injured, 0.0 pedestrian_killed, Fair (Day), EDSA (SB) A. Arnaiz Ave.  Makati",MMDA Road Safety Unit,,4f526e6f-8129-486b-b6f0-22d269499416,2015-09-19,02:05:00,EDSA (SB) Magallanes Interchange Makati,0,0,0,0,0,0,0,0,0,0,2015-09-19 10:05,Property,14.54765031,121.0260523,Rear-End
None,EDSA,None,None,"No Accident Factor, Side Swipe, 0.0 drivers_injured, 0.0 drivers_killed, 0.0 passengers_injured, 0.0 passengers_killed, 0.0 pedestrian_injured, 0.0 pedestrian_killed, Fair (Night), EDSA (SB) Loyola Memorial Chapel  Makati",MMDA Road Safety Unit,,4eed8c71-2f57-42c6-ba7e-a5db1ab33fa1,2015-09-18,14:00:00,EDSA (SB) Gauadalupe Overpass Makati,0,0,0,0,0,0,0,0,0,0,2015-09-18 22:00,Property,14.5653264,121.0449169,Side Swipe
None,EDSA,None,None,"No Accident Factor, Side Swipe, 0.0 drivers_injured, 0.0 drivers_killed, 0.0 passengers_injured, 0.0 passengers_killed, 0.0 pedestrian_injured, 0.0 pedestrian_killed, Fair (Night), EDSA (SB) Ayala Loading Bay  Makati",MMDA Road Safety Unit,,7f99fadc-9411-4374-9a74-4000f3125cfe,2015-09-17,12:30:00,EDSA (SB) Ayala Ave. Makati,0,0,0,0,0,0,0,0,0,0,2015-09-17 20:30,Property,14.54886,121.0276063,Side Swipe
None,EDSA,None,None,"No Accident Factor, Side Swipe, 0.0 drivers_injured, 0.0 drivers_killed, 0.0 passengers_injured, 0.0 passengers_killed, 0.0 pedestrian_injured, 0.0 pedestrian_killed, Fair (Night), EDSA (SB) Ayala Ave. Makati",MMDA Road Safety Unit,,ea8974dc-47d0-4365-84e9-2b9eb9386ee1,2015-09-17,11:00:00,EDSA (SB) Magallanes Loading Bay  Makati,0,0,0,0,0,0,0,0,0,0,2015-09-17 19:00,Property,14.55022912,121.0292348,Side Swipe
None,EDSA,None,None,"No Accident Factor, Side Swipe, 0.0 drivers_injured, 0.0 drivers_killed, 0.0 passengers_injured, 0.0 passengers_killed, 0.0 pedestrian_injured, 0.0 pedestrian_killed, Fair (Day), EDSA (SB) Buendia Ave. Makati",MMDA Road Safety Unit,,d3a601b1-b618-4c7a-86ac-57852c0200a6,2015-09-17,09:30:00,EDSA (SB) A. Arnaiz Ave. Makati,0,0,0,0,0,0,0,0,0,0,2015-09-17 17:30,Property,14.55505269,121.034707,Side Swipe
None,EDSA,None,None,"No Accident Factor, Rear-end, 0.0 drivers_injured, 0.0 drivers_killed, 0.0 passengers_injured, 0.0 passengers_killed, 0.0 pedestrian_injured, 0.0 pedestrian_killed, Fair (Night), EDSA (SB) Palm Drive  Makati",MMDA Road Safety Unit,,c39e3aca-826f-4efd-9d98-f4ac789d2285,2015-09-15,15:25:00,EDSA (SB) Pasay Road Makati,0,0,0,0,0,0,0,0,0,0,2015-09-15 23:25,Property,14.54848063,121.0270791,Rear-End
None,EDSA,None,None,"No Accident Factor, No Collision Stated (based on Police Blotter Book), 0.0 drivers_injured, 0.0 drivers_killed, 0.0 passengers_injured, 0.0 passengers_killed, 0.0 pedestrian_injured, 0.0 pedestrian_killed, Fair (Night), EDSA (SB) San Lorenzo Village  Makati",MMDA Road Safety Unit,,15c5c013-112f-47da-b4f9-66811cac1858,2015-09-15,10:15:00,EDSA (SB) Dusit Thani Hotel Pasay Road Makati,0,0,0,0,0,0,0,0,0,0,2015-09-15 18:15,Property,14.5422524,121.0195278,No Collision Stated
None,EDSA,None,None,"No Accident Factor, Side Swipe, 0.0 drivers_injured, 0.0 drivers_killed, 0.0 passengers_injured, 0.0 passengers_killed, 0.0 pedestrian_injured, 0.0 pedestrian_killed, Fair (Day), EDSA (SB) Magallanes Interchange  Makati",MMDA Road Safety Unit,,6ecf4096-3f21-4999-b210-58756cd61dfb,2015-09-15,09:20:00,EDSA (SB) Ayala Ave. (MRT station) Makati,0,0,0,0,0,0,0,0,0,0,2015-09-15 17:20,Property,14.54028633,121.0167655,Side Swipe
None,EDSA,None,None,"No Accident Factor, Rear-end, 0.0 drivers_injured, 0.0 drivers_killed, 0.0 passengers_injured, 0.0 passengers_killed, 0.0 pedestrian_injured, 0.0 pedestrian_killed, Fair (Day), EDSA (SB) Buendia Loading Bay Makati",MMDA Road Safety Unit,,4d0b18ff-022a-44bb-9ad4-eeda70b5ee0d,2015-09-15,03:45:00,EDSA (SB) Buendia Ave. Makati,0,0,0,0,0,0,0,0,0,0,2015-09-15 11:45,Property,14.55400112,121.0336264,Rear-End
None,EDSA,None,None,"No Accident Factor, Rear-end, 0.0 drivers_injured, 0.0 drivers_killed, 0.0 passengers_injured, 0.0 passengers_killed, 0.0 pedestrian_injured, 0.0 pedestrian_killed, Fair (Day), EDSA (SB) Loyola Memorial Chapel    Makati",MMDA Road Safety Unit,,7405a444-3bf4-4186-a8e5-5bafa7882635,2015-09-14,07:00:00,EDSA (SB) P. Santos St. Makati,0,0,0,0,0,0,0,0,0,0,2015-09-14 15:00,Property,14.5653264,121.0449169,Rear-End
None,EDSA,None,None,"No Accident Factor, Side Swipe, 0.0 drivers_injured, 0.0 drivers_killed, 0.0 passengers_injured, 0.0 passengers_killed, 0.0 pedestrian_injured, 0.0 pedestrian_killed, Fair (Day), EDSA (SB) Palm Drive Makati",MMDA Road Safety Unit,,2940c98e-644b-4c02-8ec7-647697f6eb6f,2015-09-14,05:00:00,EDSA (SB) SM Makati  Makati,0,0,0,0,0,0,0,0,0,0,2015-09-14 13:00,Property,14.54848063,121.0270791,Side Swipe
None,EDSA,None,None,"No Accident Factor, Side Swipe, 0.0 drivers_injured, 0.0 drivers_killed, 0.0 passengers_injured, 0.0 passengers_killed, 0.0 pedestrian_injured, 0.0 pedestrian_killed, Fair (Day), EDSA (SB) Magallanes Interchange Makati",MMDA Road Safety Unit,,eeb177f9-d38b-4a00-b940-bf6fe85c6dea,2015-09-14,04:30:00,EDSA (SB) Guadalupe MRT Station  Makati,0,0,0,0,0,0,0,0,0,0,2015-09-14 12:30,Property,14.54028633,121.0167655,Side Swipe
None,EDSA,None,None,"No Accident Factor, Rear-end, 0.0 drivers_injured, 0.0 drivers_killed, 0.0 passengers_injured, 0.0 passengers_killed, 0.0 pedestrian_injured, 0.0 pedestrian_killed, Fair (Day), EDSA (SB) Gauadalupe Overpass Makati",MMDA Road Safety Unit,,c65914bb-1376-4305-a7e0-41f38a8b39ab,2015-09-14,04:00:00,EDSA (SB) Palm Drive  Makati,0,0,0,0,0,0,0,0,0,0,2015-09-14 12:00,Property,14.5647102,121.0447136,Rear-End
None,EDSA,None,None,"No Accident Factor, Side Swipe, 0.0 drivers_injured, 0.0 drivers_killed, 0.0 passengers_injured, 0.0 passengers_killed, 0.0 pedestrian_injured, 0.0 pedestrian_killed, Fair (Day), EDSA (SB) Ayala Ave. Makati",MMDA Road Safety Unit,,8c802af5-c777-48e9-a41f-859f6925116a,2015-09-12,09:20:00,EDSA (SB) Estrella St. Makati,0,0,0,0,0,0,0,0,0,0,2015-09-12 17:20,Property,14.55022912,121.0292348,Side Swipe
None,EDSA,None,None,"No Accident Factor, Side Swipe, 0.0 drivers_injured, 0.0 drivers_killed, 0.0 passengers_injured, 0.0 passengers_killed, 0.0 pedestrian_injured, 0.0 pedestrian_killed, Fair (Day), EDSA (SB) Magallanes Loading Bay  Makati",MMDA Road Safety Unit,,ee39e5bf-6612-4529-b287-819d81eb120d,2015-09-12,05:40:00,EDSA (SB) Ayala Ave. (Dusit Hotel) Makati,0,0,0,0,0,0,0,0,0,0,2015-09-12 13:40,Property,14.54282655,121.0202714,Side Swipe
None,EDSA,None,None,"No Accident Factor, Side Swipe, 0.0 drivers_injured, 0.0 drivers_killed, 0.0 passengers_injured, 0.0 passengers_killed, 0.0 pedestrian_injured, 0.0 pedestrian_killed, Fair (Day), EDSA (SB) A. Arnaiz Ave. Makati",MMDA Road Safety Unit,,ff741461-fa8b-46dd-91d2-6fffa84a640e,2015-09-12,01:35:00,EDSA (SB) Buendia Ave. (Shell Gas Station) Makati,0,0,0,0,0,0,0,0,0,0,2015-09-12 9:35,Property,14.54765031,121.0260523,Side Swipe
None,EDSA,None,None,"No Accident Factor, Rear-end, 0.0 drivers_injured, 0.0 drivers_killed, 0.0 passengers_injured, 0.0 passengers_killed, 0.0 pedestrian_injured, 0.0 pedestrian_killed, Fair (Day), EDSA (SB) Pasay Road Makati",MMDA Road Safety Unit,,2af169ef-2742-45a8-9e6e-033117430516,2015-09-10,23:50:00,EDSA (SB) Magallanes Interchange Makati,0,0,0,0,0,0,0,0,0,0,2015-09-11 7:50,Property,14.54756725,121.0259977,Rear-End
None,EDSA,None,None,"No Accident Factor, Hit and Run (Rear-end), 0.0 drivers_injured, 0.0 drivers_killed, 0.0 passengers_injured, 0.0 passengers_killed, 0.0 pedestrian_injured, 0.0 pedestrian_killed, Fair (Day), EDSA (SB) Dusit Thani Hotel Pasay Road Makati",MMDA Road Safety Unit,,7368ea35-845f-4e6e-b459-7e1aaa9673e5,2015-09-09,02:45:00,EDSA (SB) Magallanes Loading Bay  Makati,0,0,0,0,0,0,0,0,0,0,2015-09-09 10:45,Property,14.54794586,121.0263601,Rear-End
None,EDSA,None,None,"No Accident Factor, Side Swipe, 0.0 drivers_injured, 0.0 drivers_killed, 0.0 passengers_injured, 0.0 passengers_killed, 0.0 pedestrian_injured, 0.0 pedestrian_killed, Fair (Night), EDSA (SB) Ayala Ave. (MRT station) Makati",MMDA Road Safety Unit,,fef1109f-e1ca-4b1f-8979-8fe67b0b5cda,2015-09-08,14:30:00,EDSA (SB) Guadalupe MRT Station Makati,0,0,0,0,0,0,0,0,0,0,2015-09-08 22:30,Property,14.54917484,121.0280822,Side Swipe
None,EDSA,None,None,"No Accident Factor, Hit and Run (Rear-end), 0.0 drivers_injured, 0.0 drivers_killed, 0.0 passengers_injured, 0.0 passengers_killed, 0.0 pedestrian_injured, 0.0 pedestrian_killed, Fair (Night), EDSA (SB) Buendia Ave. Makati",MMDA Road Safety Unit,,78b2620d-9900-4172-a28a-17d7cbae5dc1,2015-09-08,10:45:00,EDSA (SB) Guadalupe Bridge Makati,0,0,0,0,0,0,0,0,0,0,2015-09-08 18:45,Property,14.55505269,121.034707,Rear-End
None,EDSA,None,None,"No Accident Factor, Side Swipe, 0.0 drivers_injured, 0.0 drivers_killed, 0.0 passengers_injured, 0.0 passengers_killed, 0.0 pedestrian_injured, 0.0 pedestrian_killed, Fair (Day), EDSA (SB) P. Santos St. Makati",MMDA Road Safety Unit,,07ec0fcd-2aea-4d1e-a421-74d38361cd1d,2015-09-08,05:40:00,EDSA (SB) Evangelista St. Makati,0,0,0,0,0,0,0,0,0,0,2015-09-08 13:40,Property,14.60474159,121.0579802,Side Swipe
None,EDSA,None,None,"No Accident Factor, Rear-end, 0.0 drivers_injured, 0.0 drivers_killed, 0.0 passengers_injured, 0.0 passengers_killed, 0.0 pedestrian_injured, 0.0 pedestrian_killed, Fair (Day), EDSA (SB) SM Makati  Makati",MMDA Road Safety Unit,,adba1816-423b-423a-b2d2-4b648ac32639,2015-09-08,03:35:00,EDSA (SB) Buendia Ave. Makati,0,0,0,0,0,0,0,0,0,0,2015-09-08 11:35,Property,14.54889514,121.0275201,Rear-End
None,EDSA,None,None,"No Accident Factor, Hit and Run (No Collision Stated), 0.0 drivers_injured, 0.0 drivers_killed, 0.0 passengers_injured, 0.0 passengers_killed, 0.0 pedestrian_injured, 0.0 pedestrian_killed, Fair (Night), EDSA (SB) Guadalupe MRT Station  Makati",MMDA Road Safety Unit,,e797768b-81ad-4486-9d7a-66c744bcf2f9,2015-09-07,15:30:00,EDSA (SB) San Carlos Seminary  Makati,0,0,0,0,0,0,0,0,0,0,2015-09-07 23:30,Property,14.5665734,121.0453551,No Collision Stated
None,EDSA,None,None,"No Accident Factor, Side Swipe, 0.0 drivers_injured, 0.0 drivers_killed, 0.0 passengers_injured, 0.0 passengers_killed, 0.0 pedestrian_injured, 0.0 pedestrian_killed, Fair (Night), EDSA (SB) Palm Drive  Makati",MMDA Road Safety Unit,,7046fa3e-6fd3-43ad-9ca6-73e9813021d3,2015-09-07,11:40:00,EDSA (SB) Ayala Ave. Makati,0,0,0,0,0,0,0,0,0,0,2015-09-07 19:40,Property,14.54848063,121.0270791,Side Swipe
None,EDSA,None,None,"No Accident Factor, Side Swipe, 0.0 drivers_injured, 0.0 drivers_killed, 0.0 passengers_injured, 0.0 passengers_killed, 0.0 pedestrian_injured, 0.0 pedestrian_killed, Fair (Day), EDSA (SB) Estrella St. Makati",MMDA Road Safety Unit,,81e14af7-0d37-46cc-af6b-588b6c992f8b,2015-09-07,09:25:00,EDSA (SB) Magallanes Interchange Makati,0,0,0,0,0,0,0,0,0,0,2015-09-07 17:25,Property,14.56002889,121.040751,Side Swipe
None,EDSA,None,None,"No Accident Factor, Side Swipe, 0.0 drivers_injured, 0.0 drivers_killed, 0.0 passengers_injured, 0.0 passengers_killed, 0.0 pedestrian_injured, 0.0 pedestrian_killed, Fair (Day), EDSA (SB) Ayala Ave. (Dusit Hotel) Makati",MMDA Road Safety Unit,,c5bdf10d-5b53-49f2-8964-6b2ba7161b5e,2015-09-06,23:10:00,EDSA (SB) Magallanes Loading Bay  Makati,0,0,0,0,0,0,0,0,0,0,2015-09-07 7:10,Property,14.54799236,121.0265069,Side Swipe