LOCATION_TEXT,ROAD,WEATHER,LIGHT,DESC,REPORTING_AGENCY,MAIN_CAUSE,INCIDENTDETAILS_ID,DATE_UTC,TIME_UTC,ADDRESS,killed_driver,killed_passenger,killed_pedestrian,injured_driver,injured_passenger,injured_pedestrian,killed_uncategorized,injured_uncategorized,killed_total,injured_total,DATETIME_PST,SEVERITY,Y,X,COLLISION_TYPE
None,EDSA,None,None,"No Accident Factor, Side Swipe, 0.0 drivers_injured, 0.0 drivers_killed, 0.0 passengers_injured, 0.0 passengers_killed, 0.0 pedestrian_injured, 0.0 pedestrian_killed, Fair (Day), EDSA (SB) Buendia Ave. (Shell Gas Station) Makati",MMDA Road Safety Unit,,4e5194c6-9272-479c-9b32-92947b2e275b,2015-09-06,22:50:00,EDSA (SB) Buendia Ave. Makati,0,0,0,0,0,0,0,0,0,0,2015-09-07 6:50,Property,14.55532829,121.0350679,Side Swipe
None,EDSA,None,None,"No Accident Factor, Side Swipe, 0.0 drivers_injured, 0.0 drivers_killed, 0.0 passengers_injured, 0.0 passengers_killed, 0.0 pedestrian_injured, 0.0 pedestrian_killed, Fair (Day), EDSA (SB) Magallanes Interchange Makati",MMDA Road Safety Unit,,bf7f163a-8f48-4e9c-b329-fd4d7ab131d1,2015-09-06,04:45:00,EDSA (SB) Kalyaan Ave.  Makati,0,0,0,0,0,0,0,0,0,0,2015-09-06 12:45,Property,14.54028633,121.0167655,Side Swipe
None,EDSA,None,None,"No Accident Factor, Hit Object (No Object Stated), 0.0 drivers_injured, 0.0 drivers_killed, 0.0 passengers_injured, 0.0 passengers_killed, 0.0 pedestrian_injured, 0.0 pedestrian_killed, Fair (Day), EDSA (SB) Magallanes Loading Bay  Makati",MMDA Road Safety Unit,,b33c45f8-505b-4614-8593-4f187ef2a4e4,2015-09-06,04:30:00,EDSA (SB) Buendia Loading Bay  Makati,0,0,0,0,0,0,0,0,0,0,2015-09-06 12:30,Property,14.54282655,121.0202714,Hit Object
None,EDSA,None,None,"No Accident Factor, Rear-end, 0.0 drivers_injured, 0.0 drivers_killed, 0.0 passengers_injured, 0.0 passengers_killed, 0.0 pedestrian_injured, 0.0 pedestrian_killed, Fair (Night), EDSA (SB) Guadalupe MRT Station Makati",MMDA Road Safety Unit,,fb59b0b5-a8f2-435a-b5bd-275f9c9701df,2015-09-05,13:30:00,EDSA (SB) Magallanes Loading Bay  Makati,0,0,0,0,0,0,0,0,0,0,2015-09-05 21:30,Property,14.5665734,121.0453551,Rear-End
None,EDSA,None,None,"No Accident Factor, Rear-end, 0.0 drivers_injured, 0.0 drivers_killed, 0.0 passengers_injured, 0.0 passengers_killed, 0.0 pedestrian_injured, 0.0 pedestrian_killed, Fair (Day), EDSA (SB) Guadalupe Bridge Makati",MMDA Road Safety Unit,,b6db6970-eb89-4d8f-85da-8601a5739d63,2015-09-05,06:45:00,EDSA (SB) Buendia Ave. Makati,0,0,0,0,0,0,0,0,0,0,2015-09-05 14:45,Property,14.56802596,121.045885,Rear-End
None,EDSA,None,None,"No Accident Factor, Side Swipe, 0.0 drivers_injured, 0.0 drivers_killed, 0.0 passengers_injured, 0.0 passengers_killed, 0.0 pedestrian_injured, 0.0 pedestrian_killed, Fair (Day), EDSA (SB) Evangelista St. Makati",MMDA Road Safety Unit,,26017437-966b-4e20-950b-463f787f80ca,2015-09-05,05:30:00,EDSA (SB) Buendia Ave. Makati,0,0,0,0,0,0,0,0,0,0,2015-09-05 13:30,Property,14.53903137,121.0123272,Side Swipe
None,EDSA,None,None,"No Accident Factor, Side Swipe, 1.0 drivers_injured, 0.0 drivers_killed, 0.0 passengers_injured, 0.0 passengers_killed, 0.0 pedestrian_injured, 0.0 pedestrian_killed, Fair (Day), EDSA (SB) Buendia Ave. Makati",MMDA Road Safety Unit,,67a46643-5f45-4401-a0bd-e669b66a1456,2015-09-05,04:40:00,EDSA (SB) Guadalupe Loading bay Makati,0,0,0,1,0,0,0,0,0,1,2015-09-05 12:40,Injury,14.55505269,121.034707,Side Swipe
None,EDSA,None,None,"No Accident Factor, Side Swipe, 0.0 drivers_injured, 0.0 drivers_killed, 0.0 passengers_injured, 0.0 passengers_killed, 0.0 pedestrian_injured, 0.0 pedestrian_killed, Fair (Day), EDSA (SB) San Carlos Seminary  Makati",MMDA Road Safety Unit,,06c83d80-9d45-4985-8ee9-fd8506945852,2015-09-05,04:30:00,EDSA (SB) Boni Ave. Makati,0,0,0,0,0,0,0,0,0,0,2015-09-05 12:30,Property,14.56316308,121.043841,Side Swipe
None,EDSA,None,None,"No Accident Factor, Side Swipe, 0.0 drivers_injured, 0.0 drivers_killed, 0.0 passengers_injured, 0.0 passengers_killed, 0.0 pedestrian_injured, 0.0 pedestrian_killed, Fair (Day), EDSA (SB) Ayala Ave. Makati",MMDA Road Safety Unit,,6b0ec846-e0fc-40a5-a95a-b5215ac7cfbc,2015-09-05,03:05:00,EDSA (SB) Lippay St. Makati,0,0,0,0,0,0,0,0,0,0,2015-09-05 11:05,Property,14.55022912,121.0292348,Side Swipe
None,EDSA,None,None,"No Accident Factor, Side Swipe, 0.0 drivers_injured, 0.0 drivers_killed, 0.0 passengers_injured, 0.0 passengers_killed, 0.0 pedestrian_injured, 0.0 pedestrian_killed, Fair (Day), EDSA (SB) Magallanes Interchange Makati",MMDA Road Safety Unit,,8b0ce5ef-4a53-4b20-be55-7de95a673773,2015-09-05,00:30:00,EDSA (SB) Guadalupe Loading bay Makati,0,0,0,0,0,0,0,0,0,0,2015-09-05 8:30,Property,14.54028633,121.0167655,Side Swipe
None,EDSA,None,None,"No Accident Factor, Rear-end, 0.0 drivers_injured, 0.0 drivers_killed, 0.0 passengers_injured, 0.0 passengers_killed, 0.0 pedestrian_injured, 0.0 pedestrian_killed, Fair (Day), EDSA (SB) Magallanes Loading Bay  Makati",MMDA Road Safety Unit,,407ebc18-176c-41f9-85ff-0c371b7272c7,2015-09-04,06:30:00,EDSA (SB) Magallanes Loading bay Makati,0,0,0,0,0,0,0,0,0,0,2015-09-04 14:30,Property,14.54282655,121.0202714,Rear-End
None,EDSA,None,None,"No Accident Factor, Rear-end, 0.0 drivers_injured, 0.0 drivers_killed, 0.0 passengers_injured, 0.0 passengers_killed, 0.0 pedestrian_injured, 0.0 pedestrian_killed, Fair (Night), EDSA (SB) Buendia Ave. Makati",MMDA Road Safety Unit,,89c315a8-c751-43f6-b8ee-110a4763ce64,2015-09-03,20:25:00,"EDSA (SB) ""U"" turn slot, Buendia Ave. Makati",0,0,0,0,0,0,0,0,0,0,2015-09-04 4:25,Property,14.55505269,121.034707,Rear-End
None,EDSA,None,None,"No Accident Factor, Rear-end, 0.0 drivers_injured, 0.0 drivers_killed, 0.0 passengers_injured, 0.0 passengers_killed, 0.0 pedestrian_injured, 0.0 pedestrian_killed, Fair (Day), EDSA (SB) Kalyaan Ave.  Makati",MMDA Road Safety Unit,,99563c3c-248d-48da-8255-82a5d65aadeb,2015-09-02,00:00:00,EDSA (SB) Buendia Ave. Makati,0,0,0,0,0,0,0,0,0,0,2015-09-02 8:00,Property,14.55774691,121.0380708,Rear-End
None,EDSA,None,None,"No Accident Factor, Rear-end, 0.0 drivers_injured, 0.0 drivers_killed, 0.0 passengers_injured, 0.0 passengers_killed, 0.0 pedestrian_injured, 0.0 pedestrian_killed, Fair (Night), EDSA (SB) Buendia Loading Bay  Makati",MMDA Road Safety Unit,,44d64f7b-b6dd-4da6-b587-afb929ebdbb6,2015-09-01,16:45:00,EDSA (SB) Buendia Ave. Makati,0,0,0,0,0,0,0,0,0,0,2015-09-02 0:45,Property,14.55400112,121.0336264,Rear-End
None,EDSA,None,None,"No Accident Factor, Rear-end, 0.0 drivers_injured, 0.0 drivers_killed, 0.0 passengers_injured, 0.0 passengers_killed, 0.0 pedestrian_injured, 0.0 pedestrian_killed, Fair (Night), EDSA (SB) Magallanes Loading Bay  Makati",MMDA Road Safety Unit,,ea206fc8-3268-45db-bdc1-112f2a05e5bb,2015-09-01,12:00:00,EDSA (SB) Buendia Ave. Makati,0,0,0,0,0,0,0,0,0,0,2015-09-01 20:00,Property,14.54282655,121.0202714,Rear-End
None,EDSA,None,None,"No Accident Factor, Rear-end, 0.0 drivers_injured, 0.0 drivers_killed, 0.0 passengers_injured, 0.0 passengers_killed, 0.0 pedestrian_injured, 0.0 pedestrian_killed, Fair (Day), EDSA (SB) Buendia Ave. Makati",MMDA Road Safety Unit,,893cc3de-b6a4-4512-b86d-2bbfb514e6ca,2015-09-01,03:00:00,EDSA (SB) Ayala Ave. Makati,0,0,0,0,0,0,0,0,0,0,2015-09-01 11:00,Property,14.55505269,121.034707,Rear-End
None,EDSA,None,None,"No Accident Factor, Rear-end, 0.0 drivers_injured, 0.0 drivers_killed, 0.0 passengers_injured, 0.0 passengers_killed, 0.0 pedestrian_injured, 0.0 pedestrian_killed, Fair (Day), EDSA (SB) Buendia Ave. Makati",MMDA Road Safety Unit,,14a090de-ae9b-4e6e-9598-701253258089,2015-09-01,01:35:00,EDSA (SB) Buendia Ave. Makati,0,0,0,0,0,0,0,0,0,0,2015-09-01 9:35,Property,14.55505269,121.034707,Rear-End
None,EDSA,None,None,"No Accident Factor, Rear-end, 0.0 drivers_injured, 0.0 drivers_killed, 0.0 passengers_injured, 0.0 passengers_killed, 0.0 pedestrian_injured, 0.0 pedestrian_killed, Fair (Day), EDSA (SB) Guadalupe Loading bay Makati",MMDA Road Safety Unit,,6de8a83d-91b9-41e0-bb4c-dce871317c95,2015-08-31,04:45:00,EDSA (SB) Buendia Ave. Makati,0,0,0,0,0,0,0,0,0,0,2015-08-31 12:45,Property,14.56473213,121.0447625,Rear-End
None,EDSA,None,None,"No Accident Factor, Hit Object (No Object Stated), 0.0 drivers_injured, 0.0 drivers_killed, 0.0 passengers_injured, 0.0 passengers_killed, 0.0 pedestrian_injured, 0.0 pedestrian_killed, Fair (Night), EDSA (SB) Boni Ave. Makati",MMDA Road Safety Unit,,93166f0f-e93b-462f-bd03-092da2dddaab,2015-08-28,17:30:00,EDSA (SB) Buendia Ave. Makati,0,0,0,0,0,0,0,0,0,0,2015-08-29 1:30,Property,14.57261177,121.0471947,Hit Object
None,EDSA,None,None,"No Accident Factor, Side Swipe, 0.0 drivers_injured, 0.0 drivers_killed, 0.0 passengers_injured, 0.0 passengers_killed, 0.0 pedestrian_injured, 0.0 pedestrian_killed, Fair (Night), EDSA (SB) Lippay St. Makati",MMDA Road Safety Unit,,32ccdc99-460f-4033-b0bc-9e617b552231,2015-08-28,16:30:00,EDSA (SB) Shell Gas station Makati,0,0,0,0,0,0,0,0,0,0,2015-08-29 0:30,Property,14.54573023,121.0237864,Side Swipe
None,EDSA,None,None,"No Accident Factor, Hit and Run (Side Swipe), 0.0 drivers_injured, 0.0 drivers_killed, 0.0 passengers_injured, 0.0 passengers_killed, 0.0 pedestrian_injured, 0.0 pedestrian_killed, Fair (Day), EDSA (SB) Guadalupe Loading bay Makati",MMDA Road Safety Unit,,91f720f4-bfe2-4128-8152-03ea46e764ff,2015-08-28,09:30:00,EDSA (SB) Buendia Ave. Makati,0,0,0,0,0,0,0,0,0,0,2015-08-28 17:30,Property,14.56473213,121.0447625,Side Swipe
None,EDSA,None,None,"No Accident Factor, Rear-end, 0.0 drivers_injured, 0.0 drivers_killed, 0.0 passengers_injured, 0.0 passengers_killed, 0.0 pedestrian_injured, 0.0 pedestrian_killed, Fair (Day), EDSA (SB) Magallanes Loading bay Makati",MMDA Road Safety Unit,,93efaabb-573a-4f0b-95b6-9ec259df96c3,2015-08-28,06:25:00,EDSA (SB) Estrella St. Makati,0,0,0,0,0,0,0,0,0,0,2015-08-28 14:25,Property,14.54282655,121.0202714,Rear-End
None,EDSA,None,None,"No Accident Factor, No Collision Stated (based on Police Blotter Book), 0.0 drivers_injured, 0.0 drivers_killed, 0.0 passengers_injured, 0.0 passengers_killed, 0.0 pedestrian_injured, 0.0 pedestrian_killed, Fair (Day), EDSA (SB) ""U"" turn slot, Buendia Ave. Makati",MMDA Road Safety Unit,,66727e34-7489-4406-959f-928982b669db,2015-08-28,05:00:00,EDSA (SB) Evangelista St. Makati,0,0,0,0,0,0,0,0,0,0,2015-08-28 13:00,Property,14.55533419,121.0354546,No Collision Stated
None,EDSA,None,None,"No Accident Factor, Rear-end, 0.0 drivers_injured, 0.0 drivers_killed, 0.0 passengers_injured, 0.0 passengers_killed, 0.0 pedestrian_injured, 0.0 pedestrian_killed, Fair (Day), EDSA (SB) Buendia Ave. Makati",MMDA Road Safety Unit,,e988f58a-30e6-4faf-9784-5293b328879a,2015-08-27,07:20:00,EDSA (SB) Ayala Ave. Makati,0,0,0,0,0,0,0,0,0,0,2015-08-27 15:20,Property,14.55505269,121.034707,Rear-End
None,EDSA,None,None,"No Accident Factor, Side Swipe, 0.0 drivers_injured, 0.0 drivers_killed, 0.0 passengers_injured, 0.0 passengers_killed, 0.0 pedestrian_injured, 0.0 pedestrian_killed, Fair (Day), EDSA (SB) Buendia Ave. Makati",MMDA Road Safety Unit,,050b3a08-6235-402c-a5e9-c42a7b6c9eaf,2015-08-27,05:30:00,EDSA (SB) Ayala Ave. Makati,0,0,0,0,0,0,0,0,0,0,2015-08-27 13:30,Property,14.55505269,121.034707,Side Swipe
None,EDSA,None,None,"No Accident Factor, Rear-end, 0.0 drivers_injured, 0.0 drivers_killed, 0.0 passengers_injured, 0.0 passengers_killed, 0.0 pedestrian_injured, 0.0 pedestrian_killed, Fair (Day), EDSA (SB) Buendia Ave. Makati",MMDA Road Safety Unit,,bece2eb9-f192-4984-a6d9-fcf0f6e352d8,2015-08-26,23:50:00,EDSA (SB) Magallanes Loading bay Makati,0,0,0,0,0,0,0,0,0,0,2015-08-27 7:50,Property,14.55505269,121.034707,Rear-End
None,EDSA,None,None,"No Accident Factor, Hit Object (Fence/Wall-Metal), 0.0 drivers_injured, 0.0 drivers_killed, 0.0 passengers_injured, 0.0 passengers_killed, 0.0 pedestrian_injured, 0.0 pedestrian_killed, Fair (Night), EDSA (SB) Ayala Ave. Makati",MMDA Road Safety Unit,,c8189c3c-b3be-4335-abc7-1e1cd327c65d,2015-08-26,18:45:00,EDSA (SB) Buendia Ave. Loading Bay Makati,0,0,0,0,0,0,0,0,0,0,2015-08-27 2:45,Property,14.55022912,121.0292348,Hit Object
None,EDSA,None,None,"No Accident Factor, Multiple Collision, 0.0 drivers_injured, 0.0 drivers_killed, 0.0 passengers_injured, 0.0 passengers_killed, 0.0 pedestrian_injured, 0.0 pedestrian_killed, Fair (Night), EDSA (SB) Buendia Ave. Makati",MMDA Road Safety Unit,,df99fbcb-7922-44ff-a867-28fa74e0a6ae,2015-08-26,11:15:00,EDSA (SB) Estrella St. Makati,0,0,0,0,0,0,0,0,0,0,2015-08-26 19:15,Property,14.55505269,121.034707,Multiple
None,EDSA,None,None,"No Accident Factor, Rear-end, 0.0 drivers_injured, 0.0 drivers_killed, 0.0 passengers_injured, 0.0 passengers_killed, 0.0 pedestrian_injured, 0.0 pedestrian_killed, Fair (Day), EDSA (SB) Buendia Ave. Makati",MMDA Road Safety Unit,,29202161-3974-4d7a-ad42-701d1412fb79,2015-08-26,08:00:00,EDSA (SB) Evangelista St. Makati,0,0,0,0,0,0,0,0,0,0,2015-08-26 16:00,Property,14.55505269,121.034707,Rear-End
None,EDSA,None,None,"No Accident Factor, Rear-end, 0.0 drivers_injured, 0.0 drivers_killed, 0.0 passengers_injured, 0.0 passengers_killed, 0.0 pedestrian_injured, 0.0 pedestrian_killed, Fair (Day), EDSA (SB) Buendia Ave. Makati",MMDA Road Safety Unit,,06d51c53-e86c-4841-bd9f-33c3d3e2dcf2,2015-08-26,05:15:00,EDSA (SB) Ayala Ave. Makati,0,0,0,0,0,0,0,0,0,0,2015-08-26 13:15,Property,14.55505269,121.034707,Rear-End
None,EDSA,None,None,"No Accident Factor, Rear-end, 0.0 drivers_injured, 0.0 drivers_killed, 0.0 passengers_injured, 0.0 passengers_killed, 0.0 pedestrian_injured, 0.0 pedestrian_killed, Fair (Day), EDSA (SB) Shell Gas station Makati",MMDA Road Safety Unit,,7d1cd215-a79b-4c02-8d04-281c2871515b,2015-08-25,03:30:00,"EDSA (SB) Estrella St., Loading bay Makati",0,0,0,0,0,0,0,0,0,0,2015-08-25 11:30,Property,14.55547546,121.0352249,Rear-End
None,EDSA,None,None,"No Accident Factor, Rear-end, 0.0 drivers_injured, 0.0 drivers_killed, 0.0 passengers_injured, 0.0 passengers_killed, 0.0 pedestrian_injured, 0.0 pedestrian_killed, Fair (Day), EDSA (SB) Buendia Ave. Makati",MMDA Road Safety Unit,,7e8ce023-c32b-4356-b9b2-f42335f77778,2015-08-25,02:25:00,EDSA (SB) Buendia Ave. Loading Bay Makati,0,0,0,0,0,0,0,0,0,0,2015-08-25 10:25,Property,14.55505269,121.034707,Rear-End
None,EDSA,None,None,"No Accident Factor, Rear-end, 0.0 drivers_injured, 0.0 drivers_killed, 0.0 passengers_injured, 0.0 passengers_killed, 0.0 pedestrian_injured, 0.0 pedestrian_killed, Fair (Day), EDSA (SB) Estrella St. Makati",MMDA Road Safety Unit,,3bcb44e5-4df1-40b6-9062-f8eb1617f80e,2015-08-24,23:50:00,EDSA (SB) Buendia Ave. Makati,0,0,0,0,0,0,0,0,0,0,2015-08-25 7:50,Property,14.56002889,121.040751,Rear-End
None,EDSA,None,None,"No Accident Factor, Rear-end, 0.0 drivers_injured, 0.0 drivers_killed, 0.0 passengers_injured, 0.0 passengers_killed, 0.0 pedestrian_injured, 0.0 pedestrian_killed, Fair (Night), EDSA (SB) Evangelista St. Makati",MMDA Road Safety Unit,,71d62610-142a-42a0-a70e-242274c49bc1,2015-08-24,11:45:00,EDSA (SB) Evangelista St. Makati,0,0,0,0,0,0,0,0,0,0,2015-08-24 19:45,Property,14.53903137,121.0123272,Rear-End
None,EDSA,None,None,"No Accident Factor, Side Swipe, 0.0 drivers_injured, 0.0 drivers_killed, 0.0 passengers_injured, 0.0 passengers_killed, 0.0 pedestrian_injured, 0.0 pedestrian_killed, Fair (Day), EDSA (SB) Ayala Ave. Makati",MMDA Road Safety Unit,,34cb8c9e-8f78-482b-84f3-e87d9a6bd9d6,2015-08-24,04:30:00,EDSA (SB) Magallanes Loading bay Makati,0,0,0,0,0,0,0,0,0,0,2015-08-24 12:30,Property,14.55022912,121.0292348,Side Swipe
None,EDSA,None,None,"No Accident Factor, Hit Object (Fence/Wall-Steel), 0.0 drivers_injured, 0.0 drivers_killed, 0.0 passengers_injured, 0.0 passengers_killed, 0.0 pedestrian_injured, 0.0 pedestrian_killed, Fair (Night), EDSA (SB) Ayala Ave. Makati",MMDA Road Safety Unit,,9c5b66ff-5d84-4a1a-b42b-6ef762fb6c4b,2015-08-20,21:45:00,EDSA (SB) Estrella St. Makati,0,0,0,0,0,0,0,0,0,0,2015-08-21 5:45,Property,14.55022912,121.0292348,Hit Object
None,EDSA,None,None,"No Accident Factor, Hit Object (No Object Stated), 0.0 drivers_injured, 0.0 drivers_killed, 0.0 passengers_injured, 0.0 passengers_killed, 0.0 pedestrian_injured, 0.0 pedestrian_killed, Fair (Night), EDSA (SB) Magallanes Loading bay Makati",MMDA Road Safety Unit,,8434ac85-8664-4b4d-a485-7216b3fb2330,2015-08-20,20:00:00,EDSA (SB) Estrella St. Makati,0,0,0,0,0,0,0,0,0,0,2015-08-21 4:00,Property,14.54282655,121.0202714,Hit Object
None,EDSA,None,None,"No Accident Factor, Side Swipe, 0.0 drivers_injured, 0.0 drivers_killed, 0.0 passengers_injured, 0.0 passengers_killed, 0.0 pedestrian_injured, 0.0 pedestrian_killed, Fair (Night), EDSA (SB) Buendia Ave. Loading Bay Makati",MMDA Road Safety Unit,,8613b311-ab73-49c6-93e4-59e31325358c,2015-08-20,13:30:00,EDSA (SB) Estrella St. Makati,0,0,0,0,0,0,0,0,0,0,2015-08-20 21:30,Property,14.5538613,121.0334902,Side Swipe
None,EDSA,None,None,"No Accident Factor, Side Swipe, 0.0 drivers_injured, 0.0 drivers_killed, 0.0 passengers_injured, 0.0 passengers_killed, 0.0 pedestrian_injured, 0.0 pedestrian_killed, Fair (Night), EDSA (SB) Estrella St. Makati",MMDA Road Safety Unit,,5aae1d57-6042-475c-8f35-b5c8c257e6fe,2015-08-20,10:00:00,EDSA (SB) Estrella Loading Bay  Makati,0,0,0,0,0,0,0,0,0,0,2015-08-20 18:00,Property,14.56002889,121.040751,Side Swipe
None,EDSA,None,None,"No Accident Factor, Rear-end, 0.0 drivers_injured, 0.0 drivers_killed, 0.0 passengers_injured, 0.0 passengers_killed, 0.0 pedestrian_injured, 0.0 pedestrian_killed, Fair (Day), EDSA (SB) Evangelista St. Makati",MMDA Road Safety Unit,,599ea7f3-85ca-4955-bdf1-8ef950055547,2015-08-20,05:15:00,EDSA (SB) Ayala Ave. Makati,0,0,0,0,0,0,0,0,0,0,2015-08-20 13:15,Property,14.53903137,121.0123272,Rear-End
None,EDSA,None,None,"No Accident Factor, Rear-end, 0.0 drivers_injured, 0.0 drivers_killed, 0.0 passengers_injured, 0.0 passengers_killed, 0.0 pedestrian_injured, 0.0 pedestrian_killed, Fair (Day), EDSA (SB) Ayala Ave. Makati",MMDA Road Safety Unit,,117b944b-0948-4f1b-be0f-a4214b8d6da6,2015-08-20,04:10:00,EDSA (SB) Boni Ave. Makati,0,0,0,0,0,0,0,0,0,0,2015-08-20 12:10,Property,14.55022912,121.0292348,Rear-End
None,EDSA,None,None,"No Accident Factor, Side Swipe, 0.0 drivers_injured, 0.0 drivers_killed, 0.0 passengers_injured, 0.0 passengers_killed, 0.0 pedestrian_injured, 0.0 pedestrian_killed, Fair (Night), EDSA (SB) Estrella St., Loading bay Makati",MMDA Road Safety Unit,,211e741b-80e0-4683-989f-986716a333fc,2015-08-19,11:00:00,EDSA (SB) Ayala Ave. Makati,0,0,0,0,0,0,0,0,0,0,2015-08-19 19:00,Property,14.56057027,121.0414434,Side Swipe
None,EDSA,None,None,"No Accident Factor, Side Swipe, 0.0 drivers_injured, 0.0 drivers_killed, 0.0 passengers_injured, 0.0 passengers_killed, 0.0 pedestrian_injured, 0.0 pedestrian_killed, Fair (Day), EDSA (SB) Buendia Ave. Loading Bay Makati",MMDA Road Safety Unit,,50505c36-374f-4426-887c-21db91973fed,2015-08-19,06:00:00,"EDSA (SB) Laperal Compound, Guadalupe Viejo Makati",0,0,0,0,0,0,0,0,0,0,2015-08-19 14:00,Property,14.5538613,121.0334902,Side Swipe
None,EDSA,None,None,"No Accident Factor, Angle Impact, 0.0 drivers_injured, 0.0 drivers_killed, 0.0 passengers_injured, 0.0 passengers_killed, 0.0 pedestrian_injured, 0.0 pedestrian_killed, Fair (Day), EDSA (SB) Buendia Ave. Makati",MMDA Road Safety Unit,,323b6f13-cf17-4c81-a93a-4931fb925b33,2015-08-18,08:00:00,EDSA (SB) P. Santos St. Makati,0,0,0,0,0,0,0,0,0,0,2015-08-18 16:00,Property,14.55505269,121.034707,Angle Impact
None,EDSA,None,None,"No Accident Factor, Side Swipe, 0.0 drivers_injured, 0.0 drivers_killed, 0.0 passengers_injured, 0.0 passengers_killed, 0.0 pedestrian_injured, 0.0 pedestrian_killed, Fair (Day), EDSA (SB) Evangelista St. Makati",MMDA Road Safety Unit,,eca84464-9bb3-4a60-bf72-125e06a5e34b,2015-08-18,06:45:00,EDSA (SB) Guadalupe Bridge Makati,0,0,0,0,0,0,0,0,0,0,2015-08-18 14:45,Property,14.53903137,121.0123272,Side Swipe
None,EDSA,None,None,"No Accident Factor, Side Swipe, 0.0 drivers_injured, 0.0 drivers_killed, 0.0 passengers_injured, 0.0 passengers_killed, 0.0 pedestrian_injured, 0.0 pedestrian_killed, Fair (Day), EDSA (SB) Magallanes Loading bay Makati",MMDA Road Safety Unit,,2d50cc19-8282-4336-bf3f-9d9c5b9b9b27,2015-08-18,04:10:00,EDSA (SB) Buendia Ave. Loading Bay Makati,0,0,0,0,0,0,0,0,0,0,2015-08-18 12:10,Property,14.54282655,121.0202714,Side Swipe
None,EDSA,None,None,"No Accident Factor, Side Swipe, 0.0 drivers_injured, 0.0 drivers_killed, 0.0 passengers_injured, 0.0 passengers_killed, 0.0 pedestrian_injured, 0.0 pedestrian_killed, Fair (Day), EDSA (SB) Estrella St. Makati",MMDA Road Safety Unit,,cad98735-aea0-40f1-972e-83258df2d1e6,2015-08-18,04:00:00,"EDSA (SB) ""U"" turn slot, Buendia Ave. Makati",0,0,0,0,0,0,0,0,0,0,2015-08-18 12:00,Property,14.56002889,121.040751,Side Swipe
None,EDSA,None,None,"No Accident Factor, Rear-end, 0.0 drivers_injured, 0.0 drivers_killed, 0.0 passengers_injured, 0.0 passengers_killed, 0.0 pedestrian_injured, 0.0 pedestrian_killed, Fair (Day), EDSA (SB) Estrella St. Makati",MMDA Road Safety Unit,,a48c58e4-52ee-40fa-ad9b-a1515157edd8,2015-08-18,03:00:00,EDSA (SB) Buendia Ave. Makati,0,0,0,0,0,0,0,0,0,0,2015-08-18 11:00,Property,14.56002889,121.040751,Rear-End
None,EDSA,None,None,"No Accident Factor, Side Swipe, 0.0 drivers_injured, 0.0 drivers_killed, 0.0 passengers_injured, 0.0 passengers_killed, 0.0 pedestrian_injured, 0.0 pedestrian_killed, Fair (Day), EDSA (SB) Estrella St. Makati",MMDA Road Safety Unit,,b19d6817-a011-407e-9e8b-a7f0d6bf1c46,2015-08-17,23:45:00,EDSA (SB) Buendia Ave. Makati,0,0,0,0,0,0,0,0,0,0,2015-08-18 7:45,Property,14.56002889,121.040751,Side Swipe
None,EDSA,None,None,"No Accident Factor, Multiple Collision, 2.0 drivers_injured, 0.0 drivers_killed, 1.0 passengers_injured, 0.0 passengers_killed, 0.0 pedestrian_injured, 0.0 pedestrian_killed, Fair (Day), EDSA (SB) Estrella Loading Bay  Makati",MMDA Road Safety Unit,,235ab106-74ba-4ac8-bdf2-2ca35700d415,2015-08-14,08:45:00,EDSA (SB) Pasong Tamo Exit Makati,0,0,0,2,1,0,0,0,0,3,2015-08-14 16:45,Injury,14.56059855,121.0413941,Multiple
None,EDSA,None,None,"No Accident Factor, Side Swipe, 0.0 drivers_injured, 0.0 drivers_killed, 0.0 passengers_injured, 0.0 passengers_killed, 0.0 pedestrian_injured, 0.0 pedestrian_killed, Fair (Day), EDSA (SB) Ayala Ave. Makati",MMDA Road Safety Unit,,8eddd5fe-c4ee-4e09-87f4-8df7a3848304,2015-08-14,04:30:00,EDSA (SB) Ayala Ave. Makati,0,0,0,0,0,0,0,0,0,0,2015-08-14 12:30,Property,14.55022912,121.0292348,Side Swipe
None,EDSA,None,None,"No Accident Factor, Rear-end, 0.0 drivers_injured, 0.0 drivers_killed, 0.0 passengers_injured, 0.0 passengers_killed, 0.0 pedestrian_injured, 0.0 pedestrian_killed, Fair (Night), EDSA (SB) Boni Ave. Makati",MMDA Road Safety Unit,,3402507e-76ac-487c-815a-8ac497f38a66,2015-08-13,10:25:00,EDSA (SB) Estrella Loading Bay  Makati,0,0,0,0,0,0,0,0,0,0,2015-08-13 18:25,Property,14.57261177,121.0471947,Rear-End
None,EDSA,None,None,"No Accident Factor, No Collision Stated (based on Police Blotter Book), 0.0 drivers_injured, 0.0 drivers_killed, 0.0 passengers_injured, 0.0 passengers_killed, 0.0 pedestrian_injured, 0.0 pedestrian_killed, Fair (Night), EDSA (SB) Ayala Ave. Makati",MMDA Road Safety Unit,,961fde6b-3aee-492d-b98a-31f839af0ab0,2015-08-11,12:00:00,EDSA (SB) San Carlos Seminary  Makati,0,0,0,0,0,0,0,0,0,0,2015-08-11 20:00,Property,14.55022912,121.0292348,No Collision Stated
None,EDSA,None,None,"No Accident Factor, Side Swipe, 0.0 drivers_injured, 0.0 drivers_killed, 0.0 passengers_injured, 0.0 passengers_killed, 0.0 pedestrian_injured, 0.0 pedestrian_killed, Fair (Day), EDSA (SB) Laperal Compound, Guadalupe Viejo Makati",MMDA Road Safety Unit,,4e0d64e1-4738-480d-8510-c4cbb1028bf1,2015-08-08,22:45:00,EDSA (SB) Magallanes Loading Bay  Makati,0,0,0,0,0,0,0,0,0,0,2015-08-09 6:45,Property,14.56455124,121.0447187,Side Swipe