LOCATION_TEXT,ROAD,WEATHER,LIGHT,DESC,REPORTING_AGENCY,MAIN_CAUSE,INCIDENTDETAILS_ID,DATE_UTC,TIME_UTC,ADDRESS,killed_driver,killed_passenger,killed_pedestrian,injured_driver,injured_passenger,injured_pedestrian,killed_uncategorized,injured_uncategorized,killed_total,injured_total,DATETIME_PST,SEVERITY,Y,X,COLLISION_TYPE
None,EDSA,None,None,"No Accident Factor, Side Swipe, 0.0 drivers_injured, 0.0 drivers_killed, 0.0 passengers_injured, 0.0 passengers_killed, 0.0 pedestrian_injured, 0.0 pedestrian_killed, Fair (Night), EDSA (SB) P. Santos St. Makati",MMDA Road Safety Unit,,7c3de2bb-0d85-4c96-92b7-509d497ebc69,2015-08-07,11:00:00,EDSA (SB) Guadalupe Loading Bay    Makati,0,0,0,0,0,0,0,0,0,0,2015-08-07 19:00,Property,14.60474159,121.0579802,Side Swipe
None,EDSA,None,None,"No Accident Factor, No Collision Stated (based on Police Blotter Book), 0.0 drivers_injured, 0.0 drivers_killed, 0.0 passengers_injured, 0.0 passengers_killed, 0.0 pedestrian_injured, 0.0 pedestrian_killed, Fair (Day), EDSA (SB) Guadalupe Bridge Makati",MMDA Road Safety Unit,,0698b18a-32e3-4b7a-8cf5-8ac593a62775,2015-08-06,09:00:00,EDSA (SB) San Carlos Seminary  Makati,0,0,0,0,0,0,0,0,0,0,2015-08-06 17:00,Property,14.56802596,121.045885,No Collision Stated
None,EDSA,None,None,"No Accident Factor, Side Swipe, 0.0 drivers_injured, 0.0 drivers_killed, 0.0 passengers_injured, 0.0 passengers_killed, 0.0 pedestrian_injured, 0.0 pedestrian_killed, Fair (Day), EDSA (SB) Buendia Ave. Loading Bay Makati",MMDA Road Safety Unit,,e89c320c-5139-4df8-a9b5-ec50008bddde,2015-08-06,02:20:00,EDSA (SB) Buendia Ave. (MRT Station) Makati,0,0,0,0,0,0,0,0,0,0,2015-08-06 10:20,Property,14.5538613,121.0334902,Side Swipe
None,EDSA,None,None,"No Accident Factor, Rear-end, 0.0 drivers_injured, 0.0 drivers_killed, 0.0 passengers_injured, 0.0 passengers_killed, 0.0 pedestrian_injured, 0.0 pedestrian_killed, Fair (Day), EDSA (SB) ""U"" turn slot, Buendia Ave. Makati",MMDA Road Safety Unit,,8efdc1cd-919f-4ed2-a258-ea476c351691,2015-08-05,06:00:00,EDSA (SB) Ayala Ave. Makati,0,0,0,0,0,0,0,0,0,0,2015-08-05 14:00,Property,14.55533419,121.0354546,Rear-End
None,EDSA,None,None,"No Accident Factor, Multiple Collision, 0.0 drivers_injured, 0.0 drivers_killed, 0.0 passengers_injured, 0.0 passengers_killed, 0.0 pedestrian_injured, 0.0 pedestrian_killed, Fair (Day), EDSA (SB) Buendia Ave. Makati",MMDA Road Safety Unit,,74ca2150-f195-492c-832f-03448e075a00,2015-08-05,02:45:00,"EDSA (SB) Buendia Ave. ""U"" turn slot  Makati",0,0,0,0,0,0,0,0,0,0,2015-08-05 10:45,Property,14.55505269,121.034707,Multiple
None,EDSA,None,None,"No Accident Factor, Multiple Collision, 0.0 drivers_injured, 0.0 drivers_killed, 0.0 passengers_injured, 0.0 passengers_killed, 0.0 pedestrian_injured, 0.0 pedestrian_killed, Fair (Day), EDSA (SB) Buendia Ave. Makati",MMDA Road Safety Unit,,f64f03ec-0e48-4ee9-8a82-faa866cf3069,2015-08-04,00:15:00,EDSA (SB) Magallanes Service Road (SB) Makati,0,0,0,0,0,0,0,0,0,0,2015-08-04 8:15,Property,14.55505269,121.034707,Multiple
None,EDSA,None,None,"No Accident Factor, Side Swipe, 0.0 drivers_injured, 0.0 drivers_killed, 0.0 passengers_injured, 0.0 passengers_killed, 0.0 pedestrian_injured, 0.0 pedestrian_killed, Fair (Day), EDSA (SB) Pasong Tamo Exit Makati",MMDA Road Safety Unit,,536c97d5-6553-4193-aaf2-e980bef53109,2015-08-03,02:30:00,EDSA (SB) Estrella St. Makati,0,0,0,0,0,0,0,0,0,0,2015-08-03 10:30,Property,14.54116487,121.0183116,Side Swipe
None,EDSA,None,None,"No Accident Factor, Rear-end, 0.0 drivers_injured, 0.0 drivers_killed, 0.0 passengers_injured, 0.0 passengers_killed, 0.0 pedestrian_injured, 0.0 pedestrian_killed, Fair (Day), EDSA (SB) Ayala Ave. Makati",MMDA Road Safety Unit,,c5daaf1b-2f4b-4043-ac6a-32ceaa46d9b7,2015-08-01,06:40:00,EDSA (SB) Estrella St. Makati,0,0,0,0,0,0,0,0,0,0,2015-08-01 14:40,Property,14.55022912,121.0292348,Rear-End
None,EDSA,None,None,"No Accident Factor, Rear-end, 0.0 drivers_injured, 0.0 drivers_killed, 0.0 passengers_injured, 0.0 passengers_killed, 0.0 pedestrian_injured, 0.0 pedestrian_killed, Fair (Day), EDSA (SB) Estrella Loading Bay  Makati",MMDA Road Safety Unit,,95bc0947-9cab-4b92-935f-6658ecc7385e,2015-08-01,06:20:00,EDSA (SB) Buendia Ave. Makati,0,0,0,0,0,0,0,0,0,0,2015-08-01 14:20,Property,14.56059855,121.0413941,Rear-End
None,EDSA,None,None,"No Accident Factor, Side Swipe, 0.0 drivers_injured, 0.0 drivers_killed, 0.0 passengers_injured, 0.0 passengers_killed, 0.0 pedestrian_injured, 0.0 pedestrian_killed, Fair (Day), EDSA (SB) San Carlos Seminary  Makati",MMDA Road Safety Unit,,3a3cf6f5-45fc-4216-9721-b6b68bbdd929,2015-08-01,05:45:00,EDSA (SB) Estrella Loading Bay  Makati,0,0,0,0,0,0,0,0,0,0,2015-08-01 13:45,Property,14.56316308,121.043841,Side Swipe
None,EDSA,None,None,"No Accident Factor, Side Swipe, 0.0 drivers_injured, 0.0 drivers_killed, 0.0 passengers_injured, 0.0 passengers_killed, 0.0 pedestrian_injured, 0.0 pedestrian_killed, Fair (Day), EDSA (SB) Magallanes Loading Bay  Makati",MMDA Road Safety Unit,,c07d4663-b8f0-4c62-a4c2-014e244b98f2,2015-08-01,05:20:00,EDSA (SB) Kamayan Restaurant  Makati,0,0,0,0,0,0,0,0,0,0,2015-08-01 13:20,Property,14.54282655,121.0202714,Side Swipe
None,EDSA,None,None,"No Accident Factor, Multiple Collision, 0.0 drivers_injured, 0.0 drivers_killed, 0.0 passengers_injured, 0.0 passengers_killed, 0.0 pedestrian_injured, 0.0 pedestrian_killed, Fair (Day), EDSA (SB) Guadalupe Loading Bay    Makati",MMDA Road Safety Unit,,065c4dd0-f9d6-43d5-8089-358f88cc5c9d,2015-07-31,06:50:00,EDSA (SB) Magallanes Loading Bay  Makati,0,0,0,0,0,0,0,0,0,0,2015-07-31 14:50,Property,14.56473213,121.0447625,Multiple
None,EDSA,None,None,"No Accident Factor, Hit and Run (Side Swipe), 0.0 drivers_injured, 0.0 drivers_killed, 0.0 passengers_injured, 0.0 passengers_killed, 0.0 pedestrian_injured, 0.0 pedestrian_killed, Fair (Night), EDSA (SB) San Carlos Seminary  Makati",MMDA Road Safety Unit,,e86f770b-1e87-401e-9259-bb92c349ed86,2015-07-29,15:10:00,EDSA (SB) Buendia Ave. Makati,0,0,0,0,0,0,0,0,0,0,2015-07-29 23:10,Property,14.56316308,121.043841,Side Swipe
None,EDSA,None,None,"No Accident Factor, Side Swipe, 0.0 drivers_injured, 0.0 drivers_killed, 0.0 passengers_injured, 0.0 passengers_killed, 0.0 pedestrian_injured, 0.0 pedestrian_killed, Fair (Night), EDSA (SB) Buendia Ave. (MRT Station) Makati",MMDA Road Safety Unit,,3cc3ed02-8c4f-4f84-b476-3ce5a0e36c11,2015-07-29,14:00:00,EDSA (SB) Estrella Loading Bay  Makati,0,0,0,0,0,0,0,0,0,0,2015-07-29 22:00,Property,14.55415591,121.0338361,Side Swipe
None,EDSA,None,None,"No Accident Factor, Rear-end, 0.0 drivers_injured, 0.0 drivers_killed, 0.0 passengers_injured, 0.0 passengers_killed, 0.0 pedestrian_injured, 0.0 pedestrian_killed, Fair (Night), EDSA (SB) Ayala Ave. Makati",MMDA Road Safety Unit,,39fef6bb-ae12-4c0b-acc1-00c647e09316,2015-07-28,11:50:00,EDSA (SB) Ayala Ave. Makati,0,0,0,0,0,0,0,0,0,0,2015-07-28 19:50,Property,14.55022912,121.0292348,Rear-End
None,EDSA,None,None,"No Accident Factor, Rear-end, 0.0 drivers_injured, 0.0 drivers_killed, 0.0 passengers_injured, 0.0 passengers_killed, 0.0 pedestrian_injured, 0.0 pedestrian_killed, Fair (Day), EDSA (SB) Buendia Ave. ""U"" turn slot  Makati",MMDA Road Safety Unit,,40b525a2-d4e9-451a-a203-35f85e446f99,2015-07-28,04:45:00,EDSA (SB) Ayala Ave. Makati,0,0,0,0,0,0,0,0,0,0,2015-07-28 12:45,Property,14.55549376,121.0354101,Rear-End
None,EDSA,None,None,"No Accident Factor, Side Swipe, 0.0 drivers_injured, 0.0 drivers_killed, 0.0 passengers_injured, 0.0 passengers_killed, 0.0 pedestrian_injured, 0.0 pedestrian_killed, Fair (Day), EDSA (SB) Magallanes Service Road (SB) Makati",MMDA Road Safety Unit,,5e509d6a-0da9-4186-97cc-a5da796e1343,2015-07-27,03:30:00,EDSA (SB) Rockwell  Makati,0,0,0,0,0,0,0,0,0,0,2015-07-27 11:30,Property,14.53930817,121.0141969,Side Swipe
None,EDSA,None,None,"No Accident Factor, Rear-end, 0.0 drivers_injured, 0.0 drivers_killed, 0.0 passengers_injured, 0.0 passengers_killed, 0.0 pedestrian_injured, 0.0 pedestrian_killed, Fair (Day), EDSA (SB) Estrella St. Makati",MMDA Road Safety Unit,,92c23b5c-ae43-49fa-9a57-e3096bded0e0,2015-07-26,22:20:00,EDSA (SB) Ayala Ave. Makati,0,0,0,0,0,0,0,0,0,0,2015-07-27 6:20,Property,14.56002889,121.040751,Rear-End
None,EDSA,None,None,"No Accident Factor, Rear-end, 0.0 drivers_injured, 0.0 drivers_killed, 0.0 passengers_injured, 0.0 passengers_killed, 0.0 pedestrian_injured, 0.0 pedestrian_killed, Fair (Night), EDSA (SB) Estrella St. Makati",MMDA Road Safety Unit,,18cc636b-6b9e-490c-bc9c-896c1b82acb8,2015-07-26,13:45:00,EDSA (SB) Estrella St. Makati,0,0,0,0,0,0,0,0,0,0,2015-07-26 21:45,Property,14.56002889,121.040751,Rear-End
None,EDSA,None,None,"No Accident Factor, Rear-end, 0.0 drivers_injured, 0.0 drivers_killed, 0.0 passengers_injured, 0.0 passengers_killed, 0.0 pedestrian_injured, 0.0 pedestrian_killed, Fair (Day), EDSA (SB) Buendia Ave. Makati",MMDA Road Safety Unit,,5d3e07d1-bc2e-4238-90e9-1ce6280f02a6,2015-07-26,06:40:00,EDSA (SB) Palm Drive Makati,0,0,0,0,0,0,0,0,0,0,2015-07-26 14:40,Property,14.55505269,121.034707,Rear-End
None,EDSA,None,None,"No Accident Factor, Rear-end, 0.0 drivers_injured, 0.0 drivers_killed, 0.0 passengers_injured, 0.0 passengers_killed, 0.0 pedestrian_injured, 0.0 pedestrian_killed, Fair (Day), EDSA (SB) Estrella Loading Bay  Makati",MMDA Road Safety Unit,,d72ce002-97d8-4109-bfdc-80890a98ec89,2015-07-25,05:35:00,EDSA (SB) A. Arnaiz Ave. Makati,0,0,0,0,0,0,0,0,0,0,2015-07-25 13:35,Property,14.56059855,121.0413941,Rear-End
None,EDSA,None,None,"No Accident Factor, Rear-end, 0.0 drivers_injured, 0.0 drivers_killed, 0.0 passengers_injured, 0.0 passengers_killed, 0.0 pedestrian_injured, 0.0 pedestrian_killed, Fair (Day), EDSA (SB) Kamayan Restaurant  Makati",MMDA Road Safety Unit,,49e6e820-a512-409b-8e59-11cc7130eace,2015-07-25,05:00:00,EDSA (SB) Rockwell Drive Makati,0,0,0,0,0,0,0,0,0,0,2015-07-25 13:00,Property,14.59793476,121.0596162,Rear-End
None,EDSA,None,None,"No Accident Factor, Rear-end, 0.0 drivers_injured, 0.0 drivers_killed, 0.0 passengers_injured, 0.0 passengers_killed, 0.0 pedestrian_injured, 0.0 pedestrian_killed, Fair (Day), EDSA (SB) Magallanes Loading Bay  Makati",MMDA Road Safety Unit,,ca0b8cae-f26a-4a3f-840c-0812eb4d889d,2015-07-25,04:30:00,EDSA (SB) Buendia Ave. Makati,0,0,0,0,0,0,0,0,0,0,2015-07-25 12:30,Property,14.54282655,121.0202714,Rear-End
None,EDSA,None,None,"No Accident Factor, Rear-end, 0.0 drivers_injured, 0.0 drivers_killed, 0.0 passengers_injured, 0.0 passengers_killed, 0.0 pedestrian_injured, 0.0 pedestrian_killed, Fair (Night), EDSA (SB) Buendia Ave. Makati",MMDA Road Safety Unit,,eaf81fb9-9a07-41c6-9956-c3e21f1fda9a,2015-07-24,18:40:00,EDSA (SB) Buendia Ave. Makati,0,0,0,0,0,0,0,0,0,0,2015-07-25 2:40,Property,14.55505269,121.034707,Rear-End
None,EDSA,None,None,"No Accident Factor, Side Swipe, 0.0 drivers_injured, 0.0 drivers_killed, 0.0 passengers_injured, 0.0 passengers_killed, 0.0 pedestrian_injured, 0.0 pedestrian_killed, Fair (Day), EDSA (SB) Estrella Loading Bay  Makati",MMDA Road Safety Unit,,c706eb3b-b3d3-4ab0-877c-8e343a3b18a6,2015-07-24,09:00:00,EDSA (SB) Ayala Loading Bay Makati,0,0,0,0,0,0,0,0,0,0,2015-07-24 17:00,Property,14.56059855,121.0413941,Side Swipe
None,EDSA,None,None,"No Accident Factor, Side Swipe, 0.0 drivers_injured, 0.0 drivers_killed, 0.0 passengers_injured, 0.0 passengers_killed, 0.0 pedestrian_injured, 0.0 pedestrian_killed, Fair (Day), EDSA (SB) Ayala Ave. Makati",MMDA Road Safety Unit,,03c250cc-f99d-43fd-82c8-9e03dd3f9664,2015-07-24,00:25:00,EDSA (SB) Ayala Ave. Makati,0,0,0,0,0,0,0,0,0,0,2015-07-24 8:25,Property,14.55022912,121.0292348,Side Swipe
None,EDSA,None,None,"No Accident Factor, Side Swipe, 1.0 drivers_injured, 0.0 drivers_killed, 0.0 passengers_injured, 0.0 passengers_killed, 0.0 pedestrian_injured, 0.0 pedestrian_killed, Fair (Night), EDSA (SB) Ayala Ave. Makati",MMDA Road Safety Unit,,3e941efe-3ad1-4d96-8e63-d17610d053ed,2015-07-23,14:30:00,EDSA (SB) Buendia Ave. Makati,0,0,0,1,0,0,0,0,0,1,2015-07-23 22:30,Injury,14.55022912,121.0292348,Side Swipe
None,EDSA,None,None,"No Accident Factor, No Collision Stated (based on Police Blotter Book), 0.0 drivers_injured, 0.0 drivers_killed, 0.0 passengers_injured, 0.0 passengers_killed, 0.0 pedestrian_injured, 0.0 pedestrian_killed, Fair (Day), EDSA (SB) Rockwell  Makati",MMDA Road Safety Unit,,530703a6-e365-4d81-82ad-59ea8b22e644,2015-07-23,07:00:00,EDSA (SB) Magallanes Loading Bay  Makati,0,0,0,0,0,0,0,0,0,0,2015-07-23 15:00,Property,14.559945,121.0407272,No Collision Stated
None,EDSA,None,None,"No Accident Factor, Hit and Run (No Collision Stated), 0.0 drivers_injured, 0.0 drivers_killed, 0.0 passengers_injured, 0.0 passengers_killed, 0.0 pedestrian_injured, 0.0 pedestrian_killed, Fair (Day), EDSA (SB) Ayala Ave. Makati",MMDA Road Safety Unit,,bec2c67f-5a0c-44cf-91d6-25af1ab23165,2015-07-23,04:05:00,EDSA (SB) Ayala Ave. Makati,0,0,0,0,0,0,0,0,0,0,2015-07-23 12:05,Property,14.55022912,121.0292348,No Collision Stated
None,EDSA,None,None,"No Accident Factor, Side Swipe, 0.0 drivers_injured, 0.0 drivers_killed, 0.0 passengers_injured, 0.0 passengers_killed, 0.0 pedestrian_injured, 0.0 pedestrian_killed, Fair (Day), EDSA (SB) Estrella St. Makati",MMDA Road Safety Unit,,ce373e12-18af-40c5-a737-ca9f643c3f2b,2015-07-23,02:30:00,EDSA (SB) Evangelista St. Makati,0,0,0,0,0,0,0,0,0,0,2015-07-23 10:30,Property,14.56002889,121.040751,Side Swipe
None,EDSA,None,None,"No Accident Factor, Side Swipe, 0.0 drivers_injured, 0.0 drivers_killed, 0.0 passengers_injured, 0.0 passengers_killed, 0.0 pedestrian_injured, 0.0 pedestrian_killed, Fair (Night), EDSA (SB) Palm Drive Makati",MMDA Road Safety Unit,,3e639b3a-c178-44be-a27a-3742b5e6ee1e,2015-07-22,15:00:00,EDSA (SB) Buendia Ave. Makati,0,0,0,0,0,0,0,0,0,0,2015-07-22 23:00,Property,14.54848063,121.0270791,Side Swipe
None,EDSA,None,None,"No Accident Factor, Rear-end, 0.0 drivers_injured, 0.0 drivers_killed, 0.0 passengers_injured, 0.0 passengers_killed, 0.0 pedestrian_injured, 0.0 pedestrian_killed, Fair (Night), EDSA (SB) A. Arnaiz Ave. Makati",MMDA Road Safety Unit,,35072aa9-37f0-4574-8bc5-2eb393a55f02,2015-07-22,13:30:00,EDSA (SB) Estrella St. Makati,0,0,0,0,0,0,0,0,0,0,2015-07-22 21:30,Property,14.54765031,121.0260523,Rear-End
None,EDSA,None,None,"No Accident Factor, Side Swipe, 0.0 drivers_injured, 0.0 drivers_killed, 0.0 passengers_injured, 0.0 passengers_killed, 0.0 pedestrian_injured, 0.0 pedestrian_killed, Fair (Day), EDSA (SB) Rockwell Drive Makati",MMDA Road Safety Unit,,51f81498-1a7a-46c1-aa52-145c69937558,2015-07-21,22:30:00,EDSA (SB) Guadalupe Loading Bay  Makati,0,0,0,0,0,0,0,0,0,0,2015-07-22 6:30,Property,14.559945,121.0407272,Side Swipe
None,EDSA,None,None,"No Accident Factor, Rear-end, 0.0 drivers_injured, 0.0 drivers_killed, 0.0 passengers_injured, 0.0 passengers_killed, 0.0 pedestrian_injured, 0.0 pedestrian_killed, Fair (Day), EDSA (SB) Buendia Ave. Makati",MMDA Road Safety Unit,,991c56a7-3de9-4a72-afa4-fe80fcdcd40c,2015-07-21,08:15:00,EDSA (SB) Estrella St. Makati,0,0,0,0,0,0,0,0,0,0,2015-07-21 16:15,Property,14.55505269,121.034707,Rear-End
None,EDSA,None,None,"No Accident Factor, Side Swipe, 0.0 drivers_injured, 0.0 drivers_killed, 0.0 passengers_injured, 0.0 passengers_killed, 0.0 pedestrian_injured, 0.0 pedestrian_killed, Fair (Day), EDSA (SB) Buendia Ave. Makati",MMDA Road Safety Unit,,94e46dac-74bb-44c6-b73d-31404df24c0b,2015-07-21,03:15:00,EDSA (SB) Ayala Ave. Makati,0,0,0,0,0,0,0,0,0,0,2015-07-21 11:15,Property,14.55505269,121.034707,Side Swipe
None,EDSA,None,None,"No Accident Factor, Multiple Collision, 0.0 drivers_injured, 0.0 drivers_killed, 0.0 passengers_injured, 0.0 passengers_killed, 0.0 pedestrian_injured, 0.0 pedestrian_killed, Fair (Day), EDSA (SB) Ayala Loading Bay Makati",MMDA Road Safety Unit,,172d7e51-e950-476b-b3ce-2796d2ea5afe,2015-07-17,07:25:00,EDSA (SB) Ayala Ave. Makati,0,0,0,0,0,0,0,0,0,0,2015-07-17 15:25,Property,14.54886,121.0276063,Multiple
None,EDSA,None,None,"No Accident Factor, Side Swipe, 0.0 drivers_injured, 0.0 drivers_killed, 0.0 passengers_injured, 0.0 passengers_killed, 0.0 pedestrian_injured, 0.0 pedestrian_killed, Fair (Night), EDSA (SB) Ayala Ave. Makati",MMDA Road Safety Unit,,b4a4db02-3032-47bd-8acb-4bb0ea9ec1f7,2015-07-16,13:20:00,"EDSA (SB) ""U"" turn slot, Buendia Ave. Makati",0,0,0,0,0,0,0,0,0,0,2015-07-16 21:20,Property,14.55022912,121.0292348,Side Swipe
None,EDSA,None,None,"No Accident Factor, Rear-end, 0.0 drivers_injured, 0.0 drivers_killed, 0.0 passengers_injured, 0.0 passengers_killed, 0.0 pedestrian_injured, 0.0 pedestrian_killed, Fair (Day), EDSA (SB) Buendia Ave. Makati",MMDA Road Safety Unit,,05a6b044-c38f-4fd0-839e-f5a115689935,2015-07-16,04:10:00,EDSA (SB) Magallanes Loading Bay  Makati,0,0,0,0,0,0,0,0,0,0,2015-07-16 12:10,Property,14.55505269,121.034707,Rear-End
None,EDSA,None,None,"No Accident Factor, Rear-end, 0.0 drivers_injured, 0.0 drivers_killed, 0.0 passengers_injured, 0.0 passengers_killed, 0.0 pedestrian_injured, 0.0 pedestrian_killed, Fair (Day), EDSA (SB) Magallanes Loading Bay  Makati",MMDA Road Safety Unit,,270f877f-0d15-4ea1-945b-77fe4fae44e5,2015-07-16,02:15:00,EDSA (SB) A. Arnaiz Ave. Makati,0,0,0,0,0,0,0,0,0,0,2015-07-16 10:15,Property,14.54282655,121.0202714,Rear-End
None,EDSA,None,None,"No Accident Factor, Side Swipe, 0.0 drivers_injured, 0.0 drivers_killed, 0.0 passengers_injured, 0.0 passengers_killed, 0.0 pedestrian_injured, 0.0 pedestrian_killed, Fair (Day), EDSA (SB) Ayala Ave. Makati",MMDA Road Safety Unit,,55405094-45d2-44b4-8ce5-a0aed6aa5c63,2015-07-14,06:55:00,EDSA (SB) Buendia Ave. Makati,0,0,0,0,0,0,0,0,0,0,2015-07-14 14:55,Property,14.55022912,121.0292348,Side Swipe
None,EDSA,None,None,"No Accident Factor, Side Swipe, 0.0 drivers_injured, 0.0 drivers_killed, 0.0 passengers_injured, 0.0 passengers_killed, 0.0 pedestrian_injured, 0.0 pedestrian_killed, Fair (Night), EDSA (SB) Evangelista St. Makati",MMDA Road Safety Unit,,a5c166b5-ce90-4710-a638-5c440e5cbc1b,2015-07-13,12:00:00,EDSA (SB) Estrella St. Makati,0,0,0,0,0,0,0,0,0,0,2015-07-13 20:00,Property,14.53903137,121.0123272,Side Swipe
None,EDSA,None,None,"No Accident Factor, Multiple Collision, 0.0 drivers_injured, 0.0 drivers_killed, 0.0 passengers_injured, 0.0 passengers_killed, 0.0 pedestrian_injured, 0.0 pedestrian_killed, Fair (Day), EDSA (SB) Buendia Ave. Makati",MMDA Road Safety Unit,,b126ab80-3687-4944-a150-9d5fb81bf7f3,2015-07-13,03:45:00,EDSA (SB) Buendia Ave. Makati,0,0,0,0,0,0,0,0,0,0,2015-07-13 11:45,Property,14.55505269,121.034707,Multiple
None,EDSA,None,None,"No Accident Factor, Rear-end, 0.0 drivers_injured, 0.0 drivers_killed, 0.0 passengers_injured, 0.0 passengers_killed, 0.0 pedestrian_injured, 0.0 pedestrian_killed, Fair (Day), EDSA (SB) Estrella St. Makati",MMDA Road Safety Unit,,46c912bd-bfb0-4c79-a6ea-f597288ef6d8,2015-07-13,02:30:00,EDSA (SB) A. Arnaiz Ave. Makati,0,0,0,0,0,0,0,0,0,0,2015-07-13 10:30,Property,14.56002889,121.040751,Rear-End
None,EDSA,None,None,"No Accident Factor, Rear-end, 1.0 drivers_injured, 0.0 drivers_killed, 0.0 passengers_injured, 0.0 passengers_killed, 0.0 pedestrian_injured, 0.0 pedestrian_killed, Fair (Day), EDSA (SB) Guadalupe Loading Bay  Makati",MMDA Road Safety Unit,,1f7e918d-be1e-480b-872b-d9f08fba2e30,2015-07-12,23:25:00,EDSA (SB) Evangelista St. Makati,0,0,0,1,0,0,0,0,0,1,2015-07-13 7:25,Injury,14.56473213,121.0447625,Rear-End
None,EDSA,None,None,"No Accident Factor, Side Swipe, 0.0 drivers_injured, 0.0 drivers_killed, 0.0 passengers_injured, 0.0 passengers_killed, 0.0 pedestrian_injured, 0.0 pedestrian_killed, Fair (Night), EDSA (SB) Estrella St. Makati",MMDA Road Safety Unit,,cdf38c8e-bb88-4c4f-80ce-cf0635b7f960,2015-07-12,14:30:00,"EDSA (SB) Ayala Ave., MRT station Makati",0,0,0,0,0,0,0,0,0,0,2015-07-12 22:30,Property,14.56002889,121.040751,Side Swipe
None,EDSA,None,None,"No Accident Factor, Rear-end, 1.0 drivers_injured, 0.0 drivers_killed, 0.0 passengers_injured, 0.0 passengers_killed, 0.0 pedestrian_injured, 0.0 pedestrian_killed, Fair (Night), EDSA (SB) Ayala Ave. Makati",MMDA Road Safety Unit,,4b1a9099-0f4a-482f-98ec-8648fbf844f7,2015-07-11,10:20:00,EDSA (SB) A. Arnaiz Ave. Makati,0,0,0,1,0,0,0,0,0,1,2015-07-11 18:20,Injury,14.55022912,121.0292348,Rear-End
None,EDSA,None,None,"No Accident Factor, Angle Impact, 1.0 drivers_injured, 0.0 drivers_killed, 1.0 passengers_injured, 0.0 passengers_killed, 0.0 pedestrian_injured, 0.0 pedestrian_killed, Fair (Day), EDSA (SB) Ayala Ave. Makati",MMDA Road Safety Unit,,16b7e2d1-adac-4417-9edc-cc6d40289e10,2015-07-11,09:30:00,EDSA (SB) Buendia Ave. Makati,0,0,0,1,1,0,0,0,0,2,2015-07-11 17:30,Injury,14.55022912,121.0292348,Angle Impact
None,EDSA,None,None,"No Accident Factor, Rear-end, 0.0 drivers_injured, 0.0 drivers_killed, 0.0 passengers_injured, 0.0 passengers_killed, 0.0 pedestrian_injured, 0.0 pedestrian_killed, Fair (Day), EDSA (SB) ""U"" turn slot, Buendia Ave. Makati",MMDA Road Safety Unit,,888c6c3d-7a98-47ab-8365-6bd820530f70,2015-07-11,08:15:00,EDSA (SB) Estrella St. Makati,0,0,0,0,0,0,0,0,0,0,2015-07-11 16:15,Property,14.55533419,121.0354546,Rear-End
None,EDSA,None,None,"No Accident Factor, Rear-end, 0.0 drivers_injured, 0.0 drivers_killed, 0.0 passengers_injured, 0.0 passengers_killed, 0.0 pedestrian_injured, 0.0 pedestrian_killed, Fair (Day), EDSA (SB) Magallanes Loading Bay  Makati",MMDA Road Safety Unit,,1737636c-6301-40f3-bf54-7c895f167331,2015-07-10,02:20:00,EDSA (SB) Buendia Ave. Makati,0,0,0,0,0,0,0,0,0,0,2015-07-10 10:20,Property,14.54282655,121.0202714,Rear-End
None,EDSA,None,None,"No Accident Factor, Angle Impact, 0.0 drivers_injured, 0.0 drivers_killed, 0.0 passengers_injured, 0.0 passengers_killed, 0.0 pedestrian_injured, 0.0 pedestrian_killed, Fair (Night), EDSA (SB) A. Arnaiz Ave. Makati",MMDA Road Safety Unit,,3c5a3894-5196-46cd-a512-6e07f41ff159,2015-07-08,12:30:00,EDSA (SB) Ayala Ave. Makati,0,0,0,0,0,0,0,0,0,0,2015-07-08 20:30,Property,14.54765031,121.0260523,Angle Impact
None,EDSA,None,None,"No Accident Factor, Angle Impact, 0.0 drivers_injured, 0.0 drivers_killed, 0.0 passengers_injured, 0.0 passengers_killed, 0.0 pedestrian_injured, 0.0 pedestrian_killed, Fair (Night), EDSA (SB) Buendia Ave. Makati",MMDA Road Safety Unit,,67ce9850-33fb-4a1f-9949-2aebe09b6047,2015-07-07,11:00:00,EDSA (SB) Guadalupe Loading Bay  Makati,0,0,0,0,0,0,0,0,0,0,2015-07-07 19:00,Property,14.55505269,121.034707,Angle Impact
None,EDSA,None,None,"No Accident Factor, Rear-end, 0.0 drivers_injured, 0.0 drivers_killed, 0.0 passengers_injured, 0.0 passengers_killed, 0.0 pedestrian_injured, 0.0 pedestrian_killed, Fair (Day), EDSA (SB) Estrella St. Makati",MMDA Road Safety Unit,,f5f3583e-b3e2-4322-9c8d-063669e4fe05,2015-07-07,01:15:00,EDSA (SB) Buendia Ave. Makati,0,0,0,0,0,0,0,0,0,0,2015-07-07 9:15,Property,14.56002889,121.040751,Rear-End
None,EDSA,None,None,"No Accident Factor, Rear-end, 0.0 drivers_injured, 0.0 drivers_killed, 0.0 passengers_injured, 0.0 passengers_killed, 0.0 pedestrian_injured, 0.0 pedestrian_killed, Fair (Day), EDSA (SB) Buendia Ave. Makati",MMDA Road Safety Unit,,a69426f9-d6b3-465e-816a-c448cd1c783e,2015-07-04,02:30:00,EDSA (SB) Buendia Ave. Makati,0,0,0,0,0,0,0,0,0,0,2015-07-04 10:30,Property,14.55505269,121.034707,Rear-End
None,EDSA,None,None,"No Accident Factor, Side Swipe, 0.0 drivers_injured, 0.0 drivers_killed, 0.0 passengers_injured, 0.0 passengers_killed, 0.0 pedestrian_injured, 0.0 pedestrian_killed, Fair (Day), EDSA (SB) A. Arnaiz Ave. Makati",MMDA Road Safety Unit,,41bca437-1668-405b-b551-5529952e1bcf,2015-07-03,03:00:00,EDSA (SB) Magallanes Loading Bay  Makati,0,0,0,0,0,0,0,0,0,0,2015-07-03 11:00,Property,14.54765031,121.0260523,Side Swipe
None,EDSA,None,None,"No Accident Factor, Side Swipe, 0.0 drivers_injured, 0.0 drivers_killed, 0.0 passengers_injured, 0.0 passengers_killed, 0.0 pedestrian_injured, 0.0 pedestrian_killed, Fair (Night), EDSA (SB) Evangelista St. Makati",MMDA Road Safety Unit,,e8d18257-a7e9-4529-9207-995f58a8eec3,2015-07-02,11:00:00,EDSA (SB) Buendia Ave. Makati,0,0,0,0,0,0,0,0,0,0,2015-07-02 19:00,Property,14.53903137,121.0123272,Side Swipe