LOCATION_TEXT,ROAD,WEATHER,LIGHT,DESC,REPORTING_AGENCY,MAIN_CAUSE,INCIDENTDETAILS_ID,DATE_UTC,TIME_UTC,ADDRESS,killed_driver,killed_passenger,killed_pedestrian,injured_driver,injured_passenger,injured_pedestrian,killed_uncategorized,injured_uncategorized,killed_total,injured_total,DATETIME_PST,SEVERITY,Y,X,COLLISION_TYPE
None,EDSA,None,None,"No Accident Factor, Side Swipe, 0.0 drivers_injured, 0.0 drivers_killed, 0.0 passengers_injured, 0.0 passengers_killed, 0.0 pedestrian_injured, 0.0 pedestrian_killed, Fair (Day), EDSA (SB) Ayala Ave., MRT station Makati",MMDA Road Safety Unit,,b55f4a50-ebf4-416d-a948-2b66caa3c890,2015-07-02,07:10:00,"EDSA (SB) ""U"" turn slot, Buendia Ave. Makati",0,0,0,0,0,0,0,0,0,0,2015-07-02 15:10,Property,14.54921008,121.0280082,Side Swipe
None,EDSA,None,None,"No Accident Factor, Side Swipe, 0.0 drivers_injured, 0.0 drivers_killed, 0.0 passengers_injured, 0.0 passengers_killed, 0.0 pedestrian_injured, 0.0 pedestrian_killed, Fair (Night), EDSA (SB) A. Arnaiz Ave. Makati",MMDA Road Safety Unit,,e7ef3eb8-7947-484d-b0fc-c2a390f3825b,2015-07-01,11:30:00,EDSA (SB) Ayala  Makati,0,0,0,0,0,0,0,0,0,0,2015-07-01 19:30,Property,14.54765031,121.0260523,Side Swipe
None,EDSA,None,None,"No Accident Factor, Side Swipe, 0.0 drivers_injured, 0.0 drivers_killed, 0.0 passengers_injured, 0.0 passengers_killed, 0.0 pedestrian_injured, 0.0 pedestrian_killed, Fair (Day), EDSA (SB) Buendia Ave. Makati",MMDA Road Safety Unit,,dea71c4f-f096-467f-8d99-727560b06885,2015-06-30,03:00:00,EDSA (SB) Stramall Crossong Shaw  Makati,0,0,0,0,0,0,0,0,0,0,2015-06-30 11:00,Property,14.55505269,121.034707,Side Swipe
None,EDSA,None,None,"No Accident Factor, Hit Object (Fence/Wall-Cyclone / Clay Pot), 1.0 drivers_injured, 0.0 drivers_killed, 1.0 passengers_injured, 0.0 passengers_killed, 0.0 pedestrian_injured, 0.0 pedestrian_killed, Fair (Night), EDSA (SB) Estrella St. Makati",MMDA Road Safety Unit,,eed5ba3c-9abf-4c72-b3e7-7ce02f33562c,2015-06-29,17:20:00,EDSA (SB) MRT-Guadalupe Station Makati,0,0,0,1,1,0,0,0,0,2,2015-06-30 1:20,Injury,14.56002889,121.040751,Hit Object
None,EDSA,None,None,"No Accident Factor, Hit and Run (Side Swipe), 0.0 drivers_injured, 0.0 drivers_killed, 0.0 passengers_injured, 0.0 passengers_killed, 0.0 pedestrian_injured, 0.0 pedestrian_killed, Fair (Day), EDSA (SB) Buendia Ave. Makati",MMDA Road Safety Unit,,43b99ca2-535b-4a07-87c5-91eca262c041,2015-06-28,23:05:00,EDSA (SB) Guadalupe Loading Bay  Makati,0,0,0,0,0,0,0,0,0,0,2015-06-29 7:05,Property,14.55505269,121.034707,Side Swipe
None,EDSA,None,None,"No Accident Factor, Angle Impact, 1.0 drivers_injured, 0.0 drivers_killed, 0.0 passengers_injured, 0.0 passengers_killed, 0.0 pedestrian_injured, 0.0 pedestrian_killed, Fair (Day), EDSA (SB) Ayala Ave. Makati",MMDA Road Safety Unit,,0b9169a5-04a5-41e6-b889-da85bfc9cdb5,2015-06-27,08:00:00,EDSA (SB) Shaw Blvd. Makati,0,0,0,1,0,0,0,0,0,1,2015-06-27 16:00,Injury,14.55022912,121.0292348,Angle Impact
None,EDSA,None,None,"No Accident Factor, Multiple Collision, 0.0 drivers_injured, 0.0 drivers_killed, 0.0 passengers_injured, 0.0 passengers_killed, 0.0 pedestrian_injured, 0.0 pedestrian_killed, Fair (Day), EDSA (SB) Guadalupe Loading Bay  Makati",MMDA Road Safety Unit,,12a6dd8b-c54b-43a3-940f-446acbb4209d,2015-06-27,06:35:00,EDSA (SB) Magallanes Loading Bay  Makati,0,0,0,0,0,0,0,0,0,0,2015-06-27 14:35,Property,14.56473213,121.0447625,Multiple
None,EDSA,None,None,"No Accident Factor, Rear-end, 0.0 drivers_injured, 0.0 drivers_killed, 0.0 passengers_injured, 0.0 passengers_killed, 0.0 pedestrian_injured, 0.0 pedestrian_killed, Fair (Day), EDSA (SB) Buendia Ave. Makati",MMDA Road Safety Unit,,523451f7-f98d-41a7-a5c2-901df014e3be,2015-06-27,02:40:00,EDSA (SB) Estrella St. Makati,0,0,0,0,0,0,0,0,0,0,2015-06-27 10:40,Property,14.55505269,121.034707,Rear-End
None,EDSA,None,None,"No Accident Factor, Side Swipe, 0.0 drivers_injured, 0.0 drivers_killed, 0.0 passengers_injured, 0.0 passengers_killed, 0.0 pedestrian_injured, 0.0 pedestrian_killed, Fair (Day), EDSA (SB) Buendia Ave. Makati",MMDA Road Safety Unit,,7089559e-f53b-4529-9cd5-a6377e8ed42d,2015-06-27,02:25:00,EDSA (SB) Buendia Ave. Makati,0,0,0,0,0,0,0,0,0,0,2015-06-27 10:25,Property,14.55505269,121.034707,Side Swipe
None,EDSA,None,None,"No Accident Factor, Side Swipe, 0.0 drivers_injured, 0.0 drivers_killed, 0.0 passengers_injured, 0.0 passengers_killed, 0.0 pedestrian_injured, 0.0 pedestrian_killed, Fair (Night), EDSA (SB) Magallanes Loading Bay  Makati",MMDA Road Safety Unit,,4713cf98-3f8f-4a7d-bb8f-0006940aac25,2015-06-26,11:00:00,EDSA (SB) Guadalupe Bridge Makati,0,0,0,0,0,0,0,0,0,0,2015-06-26 19:00,Property,14.54282655,121.0202714,Side Swipe
None,EDSA,None,None,"No Accident Factor, Rear-end, 0.0 drivers_injured, 0.0 drivers_killed, 0.0 passengers_injured, 0.0 passengers_killed, 0.0 pedestrian_injured, 0.0 pedestrian_killed, Fair (Day), EDSA (SB) Buendia Ave. Makati",MMDA Road Safety Unit,,3914f22b-4615-4e59-9379-8f57be190fe4,2015-06-26,07:15:00,"EDSA (SB) ""U"" turn slot, Buendia Ave. Makati",0,0,0,0,0,0,0,0,0,0,2015-06-26 15:15,Property,14.55505269,121.034707,Rear-End
None,EDSA,None,None,"No Accident Factor, Hit Object (No Object Stated), 0.0 drivers_injured, 0.0 drivers_killed, 0.0 passengers_injured, 0.0 passengers_killed, 0.0 pedestrian_injured, 0.0 pedestrian_killed, Fair (Day), EDSA (SB) ""U"" turn slot, Buendia Ave. Makati",MMDA Road Safety Unit,,53f1238e-56e3-4598-9327-8aa76ab7e15d,2015-06-25,07:00:00,EDSA (SB) Rockwell  Makati,0,0,0,0,0,0,0,0,0,0,2015-06-25 15:00,Property,14.55533419,121.0354546,Hit Object
None,EDSA,None,None,"No Accident Factor, Side Swipe, 0.0 drivers_injured, 0.0 drivers_killed, 0.0 passengers_injured, 0.0 passengers_killed, 0.0 pedestrian_injured, 0.0 pedestrian_killed, Fair (Night), EDSA (SB) Ayala  Makati",MMDA Road Safety Unit,,d954e066-d73c-4715-8f3f-8866f37ca781,2015-06-24,10:00:00,EDSA (SB) Buendia Ave. Makati,0,0,0,0,0,0,0,0,0,0,2015-06-24 18:00,Property,14.55029341,121.0294518,Side Swipe
None,EDSA,None,None,"No Accident Factor, Side Swipe, 0.0 drivers_injured, 0.0 drivers_killed, 0.0 passengers_injured, 0.0 passengers_killed, 0.0 pedestrian_injured, 0.0 pedestrian_killed, Fair (Day), EDSA (SB) Stramall Crossong Shaw  Makati",MMDA Road Safety Unit,,072e4855-daa2-442d-a8a3-8e2f6f3240ea,2015-06-24,05:35:00,EDSA (SB) Estrella Loading Bay  Makati,0,0,0,0,0,0,0,0,0,0,2015-06-24 13:35,Property,14.58235312,121.054106,Side Swipe
None,EDSA,None,None,"No Accident Factor, Rear-end, 0.0 drivers_injured, 0.0 drivers_killed, 0.0 passengers_injured, 0.0 passengers_killed, 0.0 pedestrian_injured, 0.0 pedestrian_killed, Fair (Day), EDSA (SB) MRT-Guadalupe Station Makati",MMDA Road Safety Unit,,9cb7ba2b-c676-484d-ac6b-313cc96c8538,2015-06-24,01:40:00,EDSA (SB) Buendia Ave. Makati,0,0,0,0,0,0,0,0,0,0,2015-06-24 9:40,Property,14.56668632,121.0454204,Rear-End
None,EDSA,None,None,"No Accident Factor, Side Swipe, 0.0 drivers_injured, 0.0 drivers_killed, 0.0 passengers_injured, 0.0 passengers_killed, 0.0 pedestrian_injured, 0.0 pedestrian_killed, Fair (Day), EDSA (SB) Guadalupe Loading Bay  Makati",MMDA Road Safety Unit,,c0c3db9d-815e-4c61-a523-2f1d6396b47d,2015-06-24,01:25:00,EDSA (SB) Estrella St. Makati,0,0,0,0,0,0,0,0,0,0,2015-06-24 9:25,Property,14.56473213,121.0447625,Side Swipe
None,EDSA,None,None,"No Accident Factor, Rear-end, 0.0 drivers_injured, 0.0 drivers_killed, 0.0 passengers_injured, 0.0 passengers_killed, 0.0 pedestrian_injured, 0.0 pedestrian_killed, Fair (Day), EDSA (SB) Shaw Blvd. Makati",MMDA Road Safety Unit,,74a3c78b-7967-4cc0-a6ab-8bf887086d62,2015-06-21,01:00:00,EDSA (SB) Estrella St. Makati,0,0,0,0,0,0,0,0,0,0,2015-06-21 9:00,Property,14.5813087,121.0535873,Rear-End
None,EDSA,None,None,"No Accident Factor, Side Swipe, 0.0 drivers_injured, 0.0 drivers_killed, 0.0 passengers_injured, 0.0 passengers_killed, 0.0 pedestrian_injured, 0.0 pedestrian_killed, Fair (Day), EDSA (SB) Magallanes Loading Bay  Makati",MMDA Road Safety Unit,,a28f10e1-a32f-496d-8721-b9db33c5ef8e,2015-06-20,05:45:00,EDSA (SB) Magallanes Interchange  Makati,0,0,0,0,0,0,0,0,0,0,2015-06-20 13:45,Property,14.54282655,121.0202714,Side Swipe
None,EDSA,None,None,"No Accident Factor, Angle Impact, 0.0 drivers_injured, 0.0 drivers_killed, 0.0 passengers_injured, 0.0 passengers_killed, 0.0 pedestrian_injured, 0.0 pedestrian_killed, Fair (Day), EDSA (SB) Estrella St. Makati",MMDA Road Safety Unit,,f35fc57b-8125-40ce-b9b7-5fc9cd219f2e,2015-06-20,05:25:00,EDSA (SB) Ayala Loading Bay Makati,0,0,0,0,0,0,0,0,0,0,2015-06-20 13:25,Property,14.56002889,121.040751,Angle Impact
None,EDSA,None,None,"No Accident Factor, Self-Accident, 1.0 drivers_injured, 0.0 drivers_killed, 0.0 passengers_injured, 0.0 passengers_killed, 0.0 pedestrian_injured, 0.0 pedestrian_killed, Fair (Day), EDSA (SB) Buendia Ave. Makati",MMDA Road Safety Unit,,22b1b75a-2dbc-4373-bbbe-5fdcf06aa65d,2015-06-20,00:45:00,EDSA (SB) Ayala Ave. Makati,0,0,0,1,0,0,0,0,0,1,2015-06-20 8:45,Injury,14.55505269,121.034707,Self-Accident
None,EDSA,None,None,"No Accident Factor, Rear-end, 0.0 drivers_injured, 0.0 drivers_killed, 0.0 passengers_injured, 0.0 passengers_killed, 0.0 pedestrian_injured, 0.0 pedestrian_killed, Fair (Night), EDSA (SB) Guadalupe Bridge Makati",MMDA Road Safety Unit,,94701b5c-62d3-4ef0-9881-1f5d0d234f92,2015-06-19,13:25:00,"EDSA (SB) ""U"" turn slot, Buendia Ave. Makati",0,0,0,0,0,0,0,0,0,0,2015-06-19 21:25,Property,14.56802596,121.045885,Rear-End
None,EDSA,None,None,"No Accident Factor, Rear-end, 0.0 drivers_injured, 0.0 drivers_killed, 0.0 passengers_injured, 0.0 passengers_killed, 0.0 pedestrian_injured, 0.0 pedestrian_killed, Fair (Day), EDSA (SB) ""U"" turn slot, Buendia Ave. Makati",MMDA Road Safety Unit,,aba4f98f-320e-435f-9d76-de80d1bd54e2,2015-06-19,03:10:00,EDSA (SB) Buendia Ave. Makati,0,0,0,0,0,0,0,0,0,0,2015-06-19 11:10,Property,14.55533419,121.0354546,Rear-End
None,EDSA,None,None,"No Accident Factor, Side Swipe, 0.0 drivers_injured, 0.0 drivers_killed, 0.0 passengers_injured, 0.0 passengers_killed, 0.0 pedestrian_injured, 0.0 pedestrian_killed, Fair (Day), EDSA (SB) Rockwell  Makati",MMDA Road Safety Unit,,8b28d364-d279-43ba-80ea-1e8a2785f7ce,2015-06-18,00:05:00,EDSA (SB) Estrella Loading Bay  Makati,0,0,0,0,0,0,0,0,0,0,2015-06-18 8:05,Property,14.559945,121.0407272,Side Swipe
None,EDSA,None,None,"No Accident Factor, Side Swipe, 0.0 drivers_injured, 0.0 drivers_killed, 0.0 passengers_injured, 0.0 passengers_killed, 0.0 pedestrian_injured, 0.0 pedestrian_killed, Fair (Night), EDSA (SB) Buendia Ave. Makati",MMDA Road Safety Unit,,d552c3de-462a-44c7-a7cc-a7dd81347d7f,2015-06-15,11:00:00,EDSA (SB) Evangelista St. Makati,0,0,0,0,0,0,0,0,0,0,2015-06-15 19:00,Property,14.55505269,121.034707,Side Swipe
None,EDSA,None,None,"No Accident Factor, Side Swipe, 0.0 drivers_injured, 0.0 drivers_killed, 0.0 passengers_injured, 0.0 passengers_killed, 0.0 pedestrian_injured, 0.0 pedestrian_killed, Fair (Day), EDSA (SB) Estrella Loading Bay  Makati",MMDA Road Safety Unit,,a6e43c99-028d-4b5d-a72e-267f05fcbe64,2015-06-13,07:00:00,EDSA (SB) Buendia Ave. Makati,0,0,0,0,0,0,0,0,0,0,2015-06-13 15:00,Property,14.56059855,121.0413941,Side Swipe
None,EDSA,None,None,"No Accident Factor, Rear-end, 0.0 drivers_injured, 0.0 drivers_killed, 0.0 passengers_injured, 0.0 passengers_killed, 0.0 pedestrian_injured, 0.0 pedestrian_killed, Fair (Day), EDSA (SB) Buendia Ave. Makati",MMDA Road Safety Unit,,3d1e3ec6-acd1-4461-ab4e-6ee09f9792ea,2015-06-12,23:00:00,EDSA (SB) Buendia Loading Bay Makati,0,0,0,0,0,0,0,0,0,0,2015-06-13 7:00,Property,14.55505269,121.034707,Rear-End
None,EDSA,None,None,"No Accident Factor, Rear-end, 0.0 drivers_injured, 0.0 drivers_killed, 0.0 passengers_injured, 0.0 passengers_killed, 0.0 pedestrian_injured, 0.0 pedestrian_killed, Fair (Night), EDSA (SB) Estrella St. Makati",MMDA Road Safety Unit,,c2c3d845-2a00-4fea-b555-915ea6ef93b4,2015-06-11,13:20:00,EDSA (SB) Magallanes Interchange  Makati,0,0,0,0,0,0,0,0,0,0,2015-06-11 21:20,Property,14.56002889,121.040751,Rear-End
None,EDSA,None,None,"No Accident Factor, Rear-end, 0.0 drivers_injured, 0.0 drivers_killed, 0.0 passengers_injured, 0.0 passengers_killed, 0.0 pedestrian_injured, 0.0 pedestrian_killed, Fair (Night), EDSA (SB) Estrella St. Makati",MMDA Road Safety Unit,,353fb262-7c14-46fd-8b68-6a517f5a6da1,2015-06-08,12:45:00,EDSA (SB) West Cloverleaf Makati,0,0,0,0,0,0,0,0,0,0,2015-06-08 20:45,Property,14.56002889,121.040751,Rear-End
None,EDSA,None,None,"No Accident Factor, Side Swipe, 0.0 drivers_injured, 0.0 drivers_killed, 0.0 passengers_injured, 0.0 passengers_killed, 0.0 pedestrian_injured, 0.0 pedestrian_killed, Fair (Night), EDSA (SB) Magallanes Interchange  Makati",MMDA Road Safety Unit,,d672ea87-f213-4a9e-a9c1-9beebcce474d,2015-06-08,12:00:00,EDSA (SB) Magallanes Loading Bay Makati,0,0,0,0,0,0,0,0,0,0,2015-06-08 20:00,Property,14.54028633,121.0167655,Side Swipe
None,EDSA,None,None,"No Accident Factor, Hit Object (No Object Stated), 0.0 drivers_injured, 0.0 drivers_killed, 0.0 passengers_injured, 0.0 passengers_killed, 0.0 pedestrian_injured, 0.0 pedestrian_killed, Fair (Day), EDSA (SB) Ayala Loading Bay Makati",MMDA Road Safety Unit,,d2155e0d-e4a8-48fe-b286-f20a2aa9db26,2015-06-08,08:30:00,EDSA (SB) Magallanes Loading Bay Makati,0,0,0,0,0,0,0,0,0,0,2015-06-08 16:30,Property,14.54886,121.0276063,Hit Object
None,EDSA,None,None,"No Accident Factor, No Collision Stated (based on Police Blotter Book), 0.0 drivers_injured, 0.0 drivers_killed, 0.0 passengers_injured, 0.0 passengers_killed, 0.0 pedestrian_injured, 0.0 pedestrian_killed, Fair (Day), EDSA (SB) Ayala Ave. Makati",MMDA Road Safety Unit,,1004a087-0764-46a9-bc4e-730da3cfd9ea,2015-06-08,00:45:00,EDSA (SB) V.V. Soliven Loading Bay  Makati,0,0,0,0,0,0,0,0,0,0,2015-06-08 8:45,Property,14.55022912,121.0292348,No Collision Stated
None,EDSA,None,None,"No Accident Factor, Rear-end, 0.0 drivers_injured, 0.0 drivers_killed, 0.0 passengers_injured, 0.0 passengers_killed, 0.0 pedestrian_injured, 0.0 pedestrian_killed, Fair (Day), EDSA (SB) ""U"" turn slot, Buendia Ave. Makati",MMDA Road Safety Unit,,d4d5e88f-db13-4a1e-b587-393dde84ba09,2015-06-06,08:45:00,EDSA (SB) Buendia Ave. Makati,0,0,0,0,0,0,0,0,0,0,2015-06-06 16:45,Property,14.55533419,121.0354546,Rear-End
None,EDSA,None,None,"No Accident Factor, Rear-end, 0.0 drivers_injured, 0.0 drivers_killed, 0.0 passengers_injured, 0.0 passengers_killed, 0.0 pedestrian_injured, 0.0 pedestrian_killed, Fair (Day), EDSA (SB) Buendia Ave. Makati",MMDA Road Safety Unit,,7b16cb8c-c6a4-4852-803c-58e1670e604e,2015-06-04,22:30:00,EDSA (SB) Ayala Ave. Makati,0,0,0,0,0,0,0,0,0,0,2015-06-05 6:30,Property,14.55505269,121.034707,Rear-End
None,EDSA,None,None,"No Accident Factor, Rear-end, 0.0 drivers_injured, 0.0 drivers_killed, 0.0 passengers_injured, 0.0 passengers_killed, 0.0 pedestrian_injured, 0.0 pedestrian_killed, Fair (Night), EDSA (SB) Estrella Loading Bay  Makati",MMDA Road Safety Unit,,1faad8db-46be-4649-b735-c82e21edd995,2015-06-03,15:00:00,EDSA (SB) Ayala Ave. Makati,0,0,0,0,0,0,0,0,0,0,2015-06-03 23:00,Property,14.56059855,121.0413941,Rear-End
None,EDSA,None,None,"No Accident Factor, Rear-end, 0.0 drivers_injured, 0.0 drivers_killed, 0.0 passengers_injured, 0.0 passengers_killed, 0.0 pedestrian_injured, 0.0 pedestrian_killed, Fair (Day), EDSA (SB) Evangelista St. Makati",MMDA Road Safety Unit,,02ee490b-7f6b-4d82-beee-9b4ad39369b0,2015-06-03,07:45:00,EDSA (SB) Buendia Loading Bay Makati,0,0,0,0,0,0,0,0,0,0,2015-06-03 15:45,Property,14.53903137,121.0123272,Rear-End
None,EDSA,None,None,"No Accident Factor, Angle Impact, 0.0 drivers_injured, 0.0 drivers_killed, 0.0 passengers_injured, 0.0 passengers_killed, 0.0 pedestrian_injured, 0.0 pedestrian_killed, Fair (Day), EDSA (SB) Buendia Ave. Makati",MMDA Road Safety Unit,,2a1702a6-1aea-40d8-9217-f814afa2d22a,2015-06-03,06:55:00,EDSA (SB) Buendia Ave. Makati,0,0,0,0,0,0,0,0,0,0,2015-06-03 14:55,Property,14.55505269,121.034707,Angle Impact
None,EDSA,None,None,"No Accident Factor, Side Swipe, 0.0 drivers_injured, 0.0 drivers_killed, 0.0 passengers_injured, 0.0 passengers_killed, 0.0 pedestrian_injured, 0.0 pedestrian_killed, Fair (Day), EDSA (SB) Buendia Loading Bay Makati",MMDA Road Safety Unit,,d195c3b7-eca0-46f2-986a-d8a4c18295d3,2015-06-03,04:10:00,EDSA (SB) Palm Drive Makati,0,0,0,0,0,0,0,0,0,0,2015-06-03 12:10,Property,14.55400112,121.0336264,Side Swipe
None,EDSA,None,None,"No Accident Factor, Rear-end, 0.0 drivers_injured, 0.0 drivers_killed, 0.0 passengers_injured, 0.0 passengers_killed, 0.0 pedestrian_injured, 0.0 pedestrian_killed, Fair (Night), EDSA (SB) Magallanes Interchange  Makati",MMDA Road Safety Unit,,2a53f230-483a-4716-822e-38533fd534d6,2015-06-02,11:25:00,EDSA (SB) Guadalupe Loading Bay  Makati,0,0,0,0,0,0,0,0,0,0,2015-06-02 19:25,Property,14.54028633,121.0167655,Rear-End
None,EDSA,None,None,"No Accident Factor, Rear-end, 0.0 drivers_injured, 0.0 drivers_killed, 0.0 passengers_injured, 0.0 passengers_killed, 0.0 pedestrian_injured, 0.0 pedestrian_killed, Fair (Day), EDSA (SB) West Cloverleaf Makati",MMDA Road Safety Unit,,d2753b3c-c313-4fca-b4a5-9f174d94a676,2015-06-02,01:00:00,EDSA (SB) Ayala Ave. Makati,0,0,0,0,0,0,0,0,0,0,2015-06-02 9:00,Property,14.56779247,121.0455985,Rear-End
None,EDSA,None,None,"No Accident Factor, Rear-end, 0.0 drivers_injured, 0.0 drivers_killed, 0.0 passengers_injured, 0.0 passengers_killed, 0.0 pedestrian_injured, 0.0 pedestrian_killed, Fair (Day), EDSA (SB) Magallanes Loading Bay Makati",MMDA Road Safety Unit,,63dc075e-3a53-48e2-9248-ed5f1bf3a34b,2015-06-01,23:30:00,EDSA (SB) Buendia Ave. Makati,0,0,0,0,0,0,0,0,0,0,2015-06-02 7:30,Property,14.54282655,121.0202714,Rear-End
None,EDSA,None,None,"No Accident Factor, Rear-end, 0.0 drivers_injured, 0.0 drivers_killed, 0.0 passengers_injured, 0.0 passengers_killed, 0.0 pedestrian_injured, 0.0 pedestrian_killed, Fair (Day), EDSA (SB) Magallanes Loading Bay Makati",MMDA Road Safety Unit,,6b61cff5-696b-4f6c-98c4-cdd53bd4a0c4,2015-06-01,00:50:00,EDSA (SB) Evangelista St. Makati,0,0,0,0,0,0,0,0,0,0,2015-06-01 8:50,Property,14.54282655,121.0202714,Rear-End
None,EDSA,None,None,"No Accident Factor, Side Swipe, 0.0 drivers_injured, 0.0 drivers_killed, 0.0 passengers_injured, 0.0 passengers_killed, 0.0 pedestrian_injured, 0.0 pedestrian_killed, Fair (Day), EDSA (SB) V.V. Soliven Loading Bay  Makati",MMDA Road Safety Unit,,827e7ef4-7650-4e5b-a517-8ebef07c87e9,2015-06-01,00:10:00,EDSA (SB) Buendia Ave. Makati,0,0,0,0,0,0,0,0,0,0,2015-06-01 8:10,Property,14.60548371,121.0574021,Side Swipe
None,EDSA,None,None,"No Accident Factor, Rear-end, 0.0 drivers_injured, 0.0 drivers_killed, 0.0 passengers_injured, 0.0 passengers_killed, 0.0 pedestrian_injured, 0.0 pedestrian_killed, Fair (Day), EDSA (SB) Buendia Ave. Makati",MMDA Road Safety Unit,,f501b94d-9ae0-4828-89e7-a24f312b7dd1,2015-05-30,22:10:00,EDSA (SB) Pet Plans Bldg. Makati,0,0,0,0,0,0,0,0,0,0,2015-05-31 6:10,Property,14.55505269,121.034707,Rear-End
None,EDSA,None,None,"No Accident Factor, Side Swipe, 0.0 drivers_injured, 0.0 drivers_killed, 0.0 passengers_injured, 0.0 passengers_killed, 0.0 pedestrian_injured, 0.0 pedestrian_killed, Fair (Day), EDSA (SB) Ayala Ave. Makati",MMDA Road Safety Unit,,db689f51-9fd1-4771-8b03-e59d802ef789,2015-05-29,23:00:00,"EDSA (SB) ""U"" turn slot, Buendia Ave. Makati",0,0,0,0,0,0,0,0,0,0,2015-05-30 7:00,Property,14.55022912,121.0292348,Side Swipe
None,EDSA,None,None,"No Accident Factor, Rear-end, 0.0 drivers_injured, 0.0 drivers_killed, 0.0 passengers_injured, 0.0 passengers_killed, 0.0 pedestrian_injured, 0.0 pedestrian_killed, Fair (Day), EDSA (SB) Ayala Ave. Makati",MMDA Road Safety Unit,,e29c9a58-a21e-4af7-8d11-7826961d1388,2015-05-29,05:55:00,EDSA (SB) Ayala Ave. Makati,0,0,0,0,0,0,0,0,0,0,2015-05-29 13:55,Property,14.55022912,121.0292348,Rear-End
None,EDSA,None,None,"No Accident Factor, Rear-end, 0.0 drivers_injured, 0.0 drivers_killed, 0.0 passengers_injured, 0.0 passengers_killed, 0.0 pedestrian_injured, 0.0 pedestrian_killed, Fair (Day), EDSA (SB) Buendia Loading Bay Makati",MMDA Road Safety Unit,,ed414cb8-06f1-4ab3-a656-28182cacc0cc,2015-05-29,03:30:00,EDSA (SB) Buendia Ave. Makati,0,0,0,0,0,0,0,0,0,0,2015-05-29 11:30,Property,14.55400112,121.0336264,Rear-End
None,EDSA,None,None,"No Accident Factor, No Collision Stated (based on Police Blotter Book), 0.0 drivers_injured, 0.0 drivers_killed, 0.0 passengers_injured, 0.0 passengers_killed, 0.0 pedestrian_injured, 0.0 pedestrian_killed, Fair (Night), EDSA (SB) Buendia Ave. Makati",MMDA Road Safety Unit,,6b90a6d8-51ff-48f1-9ccd-dd1d21fe5e35,2015-05-28,18:50:00,EDSA (SB) Pasong Tamo Ext. Makati,0,0,0,0,0,0,0,0,0,0,2015-05-29 2:50,Property,14.55505269,121.034707,No Collision Stated
None,EDSA,None,None,"No Accident Factor, Side Swipe, 0.0 drivers_injured, 0.0 drivers_killed, 0.0 passengers_injured, 0.0 passengers_killed, 0.0 pedestrian_injured, 0.0 pedestrian_killed, Fair (Night), EDSA (SB) Palm Drive Makati",MMDA Road Safety Unit,,8df00785-42ad-4255-bc8d-81b7f6404b6f,2015-05-28,11:00:00,EDSA (SB) Magallanes Ave. Makati,0,0,0,0,0,0,0,0,0,0,2015-05-28 19:00,Property,14.54848063,121.0270791,Side Swipe
None,EDSA,None,None,"No Accident Factor, Rear-end, 0.0 drivers_injured, 0.0 drivers_killed, 0.0 passengers_injured, 0.0 passengers_killed, 0.0 pedestrian_injured, 0.0 pedestrian_killed, Fair (Day), EDSA (SB) Guadalupe Loading Bay  Makati",MMDA Road Safety Unit,,26a0141a-ae4b-4eaa-b5d8-6aa222b687e0,2015-05-28,05:00:00,"EDSA (SB) Pet Plans Bldg., Guadalupe Makati",0,0,0,0,0,0,0,0,0,0,2015-05-28 13:00,Property,14.56473213,121.0447625,Rear-End
None,EDSA,None,None,"No Accident Factor, Side Swipe, 0.0 drivers_injured, 0.0 drivers_killed, 0.0 passengers_injured, 0.0 passengers_killed, 0.0 pedestrian_injured, 0.0 pedestrian_killed, Fair (Night), EDSA (SB) Ayala Ave. Makati",MMDA Road Safety Unit,,4bb01428-7ede-4dde-b035-066906c1639a,2015-05-27,10:20:00,EDSA (SB) Ayala Ave. Makati,0,0,0,0,0,0,0,0,0,0,2015-05-27 18:20,Property,14.55022912,121.0292348,Side Swipe
None,EDSA,None,None,"No Accident Factor, Rear-end, 0.0 drivers_injured, 0.0 drivers_killed, 0.0 passengers_injured, 0.0 passengers_killed, 0.0 pedestrian_injured, 0.0 pedestrian_killed, Fair (Day), EDSA (SB) Buendia Ave. Makati",MMDA Road Safety Unit,,6d43a3ad-5824-439f-86fa-6d6d58b31b93,2015-05-27,03:40:00,EDSA (SB) MRT-Ayala Station Makati,0,0,0,0,0,0,0,0,0,0,2015-05-27 11:40,Property,14.55505269,121.034707,Rear-End
None,EDSA,None,None,"No Accident Factor, Rear-end, 0.0 drivers_injured, 0.0 drivers_killed, 0.0 passengers_injured, 0.0 passengers_killed, 0.0 pedestrian_injured, 0.0 pedestrian_killed, Fair (Day), EDSA (SB) Evangelista St. Makati",MMDA Road Safety Unit,,872c99c9-17b4-4627-8161-0bec7f70b2f6,2015-05-26,02:45:00,EDSA (SB) Magallanes Loading Bay Makati,0,0,0,0,0,0,0,0,0,0,2015-05-26 10:45,Property,14.53903137,121.0123272,Rear-End
None,EDSA,None,None,"No Accident Factor, Hit and Run (No Collision Stated), 0.0 drivers_injured, 0.0 drivers_killed, 0.0 passengers_injured, 0.0 passengers_killed, 0.0 pedestrian_injured, 0.0 pedestrian_killed, Fair (Day), EDSA (SB) Buendia Ave. Makati",MMDA Road Safety Unit,,c69c30cc-fcce-4b97-bb36-b7b7e63e3a62,2015-05-26,02:45:00,EDSA (SB) Escuela St. (Shell Gas Station) Makati,0,0,0,0,0,0,0,0,0,0,2015-05-26 10:45,Property,14.55505269,121.034707,No Collision Stated
None,EDSA,None,None,"No Accident Factor, Rear-end, 0.0 drivers_injured, 0.0 drivers_killed, 0.0 passengers_injured, 0.0 passengers_killed, 0.0 pedestrian_injured, 0.0 pedestrian_killed, Fair (Day), EDSA (SB) Pet Plans Bldg. Makati",MMDA Road Safety Unit,,6d08635e-ab7c-4c8f-ac8b-1c247203d6ae,2015-05-22,06:45:00,EDSA (SB) A. Arnaiz Ave. Makati,0,0,0,0,0,0,0,0,0,0,2015-05-22 14:45,Property,14.56191915,121.0429118,Rear-End