LOCATION_TEXT,ROAD,WEATHER,LIGHT,DESC,REPORTING_AGENCY,MAIN_CAUSE,INCIDENTDETAILS_ID,DATE_UTC,TIME_UTC,ADDRESS,killed_driver,killed_passenger,killed_pedestrian,injured_driver,injured_passenger,injured_pedestrian,killed_uncategorized,injured_uncategorized,killed_total,injured_total,DATETIME_PST,SEVERITY,Y,X,COLLISION_TYPE
None,EDSA,None,None,"No Accident Factor, Side Swipe, 0.0 drivers_injured, 0.0 drivers_killed, 0.0 passengers_injured, 0.0 passengers_killed, 0.0 pedestrian_injured, 0.0 pedestrian_killed, Fair (Day), EDSA (SB) ""U"" turn slot, Buendia Ave. Makati",MMDA Road Safety Unit,,bc7e7026-b87e-419b-8040-75ec552f3dd7,2015-05-22,06:00:00,EDSA (SB) MRT-Magallanes Station Makati,0,0,0,0,0,0,0,0,0,0,2015-05-22 14:00,Property,14.55533419,121.0354546,Side Swipe
None,EDSA,None,None,"No Accident Factor, Rear-end, 0.0 drivers_injured, 0.0 drivers_killed, 0.0 passengers_injured, 0.0 passengers_killed, 0.0 pedestrian_injured, 0.0 pedestrian_killed, Fair (Day), EDSA (SB) Ayala Ave. Makati",MMDA Road Safety Unit,,224ce1f0-9bea-4b71-874a-f96f1f396b97,2015-05-22,05:00:00,EDSA (SB) Buendia Ave. Makati,0,0,0,0,0,0,0,0,0,0,2015-05-22 13:00,Property,14.55022912,121.0292348,Rear-End
None,EDSA,None,None,"No Accident Factor, Rear-end, 0.0 drivers_injured, 0.0 drivers_killed, 0.0 passengers_injured, 0.0 passengers_killed, 0.0 pedestrian_injured, 0.0 pedestrian_killed, Fair (Day), EDSA (SB) Buendia Ave. Makati",MMDA Road Safety Unit,,22f3715b-e0c2-4ba2-8511-008de3d1fbd4,2015-05-22,04:30:00,EDSA (SB) Buendia Ave. Makati,0,0,0,0,0,0,0,0,0,0,2015-05-22 12:30,Property,14.55505269,121.034707,Rear-End
None,EDSA,None,None,"No Accident Factor, Side Swipe, 0.0 drivers_injured, 0.0 drivers_killed, 0.0 passengers_injured, 0.0 passengers_killed, 0.0 pedestrian_injured, 0.0 pedestrian_killed, Fair (Day), EDSA (SB) Pasong Tamo Ext. Makati",MMDA Road Safety Unit,,279037f1-9392-413d-863f-12dcd9e2f2c5,2015-05-21,06:50:00,EDSA (SB) Estrella St. Makati,0,0,0,0,0,0,0,0,0,0,2015-05-21 14:50,Property,14.54116487,121.0183116,Side Swipe
None,EDSA,None,None,"No Accident Factor, Side Swipe, 0.0 drivers_injured, 0.0 drivers_killed, 0.0 passengers_injured, 0.0 passengers_killed, 0.0 pedestrian_injured, 0.0 pedestrian_killed, Fair (Day), EDSA (SB) Magallanes Ave. Makati",MMDA Road Safety Unit,,588fdcc8-4684-4f1f-9471-5bfc72e7eab4,2015-05-20,08:55:00,"EDSA (SB) Pet Plans, Guadalupe  Makati",0,0,0,0,0,0,0,0,0,0,2015-05-20 16:55,Property,14.53938592,121.0142024,Side Swipe
None,EDSA,None,None,"No Accident Factor, Rear-end, 0.0 drivers_injured, 0.0 drivers_killed, 0.0 passengers_injured, 0.0 passengers_killed, 0.0 pedestrian_injured, 0.0 pedestrian_killed, Fair (Day), EDSA (SB) Pet Plans Bldg., Guadalupe Makati",MMDA Road Safety Unit,,547bf103-ce35-4e28-bfc8-41209582ea1e,2015-05-20,00:55:00,EDSA (SB) Buendia Loading Bay Makati,0,0,0,0,0,0,0,0,0,0,2015-05-20 8:55,Property,14.56191915,121.0429118,Rear-End
None,EDSA,None,None,"No Accident Factor, Rear-end, 0.0 drivers_injured, 0.0 drivers_killed, 0.0 passengers_injured, 0.0 passengers_killed, 0.0 pedestrian_injured, 0.0 pedestrian_killed, Fair (Day), EDSA (SB) Ayala Ave. Makati",MMDA Road Safety Unit,,1fce21ab-fcf4-4f7e-b254-0f5ba12f137b,2015-05-19,02:15:00,"EDSA (SB) Loyola Memorial Chapel, Guadalupe Viejo Makati",0,0,0,0,0,0,0,0,0,0,2015-05-19 10:15,Property,14.55022912,121.0292348,Rear-End
None,EDSA,None,None,"No Accident Factor, Side Swipe, 0.0 drivers_injured, 0.0 drivers_killed, 0.0 passengers_injured, 0.0 passengers_killed, 0.0 pedestrian_injured, 0.0 pedestrian_killed, Fair (Night), EDSA (SB) MRT-Ayala Station Makati",MMDA Road Safety Unit,,a9092b27-549c-4dc7-a832-34c5b943f968,2015-05-16,12:30:00,EDSA (SB) Ayala Loading Bay Makati,0,0,0,0,0,0,0,0,0,0,2015-05-16 20:30,Property,14.54920905,121.0278855,Side Swipe
None,EDSA,None,None,"No Accident Factor, Side Swipe, 0.0 drivers_injured, 0.0 drivers_killed, 0.0 passengers_injured, 0.0 passengers_killed, 0.0 pedestrian_injured, 0.0 pedestrian_killed, Fair (Day), EDSA (SB) Magallanes Loading Bay Makati",MMDA Road Safety Unit,,b99280c3-3dbd-4413-a093-b7b0a0e97d23,2015-05-16,07:10:00,EDSA (SB) Magallanes Loading Bay Makati,0,0,0,0,0,0,0,0,0,0,2015-05-16 15:10,Property,14.54282655,121.0202714,Side Swipe
None,EDSA,None,None,"No Accident Factor, Rear-end, 0.0 drivers_injured, 0.0 drivers_killed, 0.0 passengers_injured, 0.0 passengers_killed, 0.0 pedestrian_injured, 0.0 pedestrian_killed, Fair (Day), EDSA (SB) Escuela St. (Shell Gas Station) Makati",MMDA Road Safety Unit,,72755257-b562-4f88-b605-ae219232e140,2015-05-16,05:50:00,EDSA (SB) Buendia Ave. Makati,0,0,0,0,0,0,0,0,0,0,2015-05-16 13:50,Property,14.56005696,121.0412479,Rear-End
None,EDSA,None,None,"No Accident Factor, Side Swipe, 0.0 drivers_injured, 0.0 drivers_killed, 0.0 passengers_injured, 0.0 passengers_killed, 0.0 pedestrian_injured, 0.0 pedestrian_killed, Fair (Night), EDSA (SB) A. Arnaiz Ave. Makati",MMDA Road Safety Unit,,03e17dc2-0de4-430c-9e0d-6479d9cea6a1,2015-05-15,12:40:00,EDSA (SB) Magallanes Interchange Makati,0,0,0,0,0,0,0,0,0,0,2015-05-15 20:40,Property,14.54765031,121.0260523,Side Swipe
None,EDSA,None,None,"No Accident Factor, Rear-end, 1.0 drivers_injured, 0.0 drivers_killed, 0.0 passengers_injured, 0.0 passengers_killed, 0.0 pedestrian_injured, 0.0 pedestrian_killed, Fair (Day), EDSA (SB) MRT-Magallanes Station Makati",MMDA Road Safety Unit,,4ddf38c6-9dda-4081-8116-05007cefbc55,2015-05-15,08:50:00,EDSA (SB) Buendia Ave. Makati,0,0,0,1,0,0,0,0,0,1,2015-05-15 16:50,Injury,14.54205011,121.0196401,Rear-End
None,EDSA,None,None,"No Accident Factor, Rear-end, 0.0 drivers_injured, 0.0 drivers_killed, 0.0 passengers_injured, 0.0 passengers_killed, 0.0 pedestrian_injured, 0.0 pedestrian_killed, Fair (Day), EDSA (SB) Buendia Ave. Makati",MMDA Road Safety Unit,,bd254b2d-49ed-4389-9a9f-5323bdc6d9a3,2015-05-15,06:40:00,EDSA (SB) Ayala Ave. Makati,0,0,0,0,0,0,0,0,0,0,2015-05-15 14:40,Property,14.55505269,121.034707,Rear-End
None,EDSA,None,None,"No Accident Factor, Side Swipe, 0.0 drivers_injured, 0.0 drivers_killed, 0.0 passengers_injured, 0.0 passengers_killed, 0.0 pedestrian_injured, 0.0 pedestrian_killed, Fair (Night), EDSA (SB) Buendia Ave. Makati",MMDA Road Safety Unit,,a191d04a-15e5-4db5-a4a2-0ef06d605ec9,2015-05-14,21:45:00,EDSA (SB) Ayala Ave. Makati,0,0,0,0,0,0,0,0,0,0,2015-05-15 5:45,Property,14.55505269,121.034707,Side Swipe
None,EDSA,None,None,"No Accident Factor, Side Swipe, 0.0 drivers_injured, 0.0 drivers_killed, 0.0 passengers_injured, 0.0 passengers_killed, 0.0 pedestrian_injured, 0.0 pedestrian_killed, Fair (Day), EDSA (SB) Estrella St. Makati",MMDA Road Safety Unit,,46c7ef23-64e4-481a-80f0-568e5e3f0252,2015-05-14,06:45:00,EDSA (SB) Buendia Ave. Makati,0,0,0,0,0,0,0,0,0,0,2015-05-14 14:45,Property,14.56002889,121.040751,Side Swipe
None,EDSA,None,None,"No Accident Factor, Side Swipe, 0.0 drivers_injured, 0.0 drivers_killed, 0.0 passengers_injured, 0.0 passengers_killed, 0.0 pedestrian_injured, 0.0 pedestrian_killed, Fair (Day), EDSA (SB) Pet Plans, Guadalupe  Makati",MMDA Road Safety Unit,,6ba4465e-7af8-47f3-9269-4609a927ee9a,2015-05-14,05:00:00,EDSA (SB) Buendia Ave. Makati,0,0,0,0,0,0,0,0,0,0,2015-05-14 13:00,Property,14.56191915,121.0429118,Side Swipe
None,EDSA,None,None,"No Accident Factor, Side Swipe, 0.0 drivers_injured, 0.0 drivers_killed, 0.0 passengers_injured, 0.0 passengers_killed, 0.0 pedestrian_injured, 0.0 pedestrian_killed, Fair (Day), EDSA (SB) Buendia Loading Bay Makati",MMDA Road Safety Unit,,fcccca7b-efcd-4076-90ac-55b35f4b8aa9,2015-05-14,01:50:00,EDSA (SB) Ayala Ave. Makati,0,0,0,0,0,0,0,0,0,0,2015-05-14 9:50,Property,14.55400112,121.0336264,Side Swipe
None,EDSA,None,None,"No Accident Factor, Side Swipe, 0.0 drivers_injured, 0.0 drivers_killed, 0.0 passengers_injured, 0.0 passengers_killed, 0.0 pedestrian_injured, 0.0 pedestrian_killed, Fair (Day), EDSA (SB) Loyola Memorial Chapel, Guadalupe Viejo Makati",MMDA Road Safety Unit,,43b0e465-8378-4879-9fb1-4adc17f3fb76,2015-05-13,03:00:00,EDSA (SB) Evangelista St. Makati,0,0,0,0,0,0,0,0,0,0,2015-05-13 11:00,Property,14.5653264,121.0449169,Side Swipe
None,EDSA,None,None,"No Accident Factor, No Collision Stated (based on Police Blotter Book), 0.0 drivers_injured, 0.0 drivers_killed, 0.0 passengers_injured, 0.0 passengers_killed, 0.0 pedestrian_injured, 0.0 pedestrian_killed, Fair (Day), EDSA (SB) Ayala Loading Bay Makati",MMDA Road Safety Unit,,8f6de87f-a16f-43ff-9dcd-e8811ee48d28,2015-05-13,02:00:00,EDSA (SB) Buendia Ave. Makati,0,0,0,0,0,0,0,0,0,0,2015-05-13 10:00,Property,14.54886,121.0276063,No Collision Stated
None,EDSA,None,None,"No Accident Factor, Side Swipe, 0.0 drivers_injured, 0.0 drivers_killed, 0.0 passengers_injured, 0.0 passengers_killed, 0.0 pedestrian_injured, 0.0 pedestrian_killed, Fair (Day), EDSA (SB) Magallanes Loading Bay Makati",MMDA Road Safety Unit,,66be4a63-4d8f-44dd-81a2-7b8b50f3aa07,2015-05-12,01:40:00,EDSA (SB) Magallanes Loading Bay Makati,0,0,0,0,0,0,0,0,0,0,2015-05-12 9:40,Property,14.54282655,121.0202714,Side Swipe
None,EDSA,None,None,"No Accident Factor, Rear-end, 0.0 drivers_injured, 0.0 drivers_killed, 0.0 passengers_injured, 0.0 passengers_killed, 0.0 pedestrian_injured, 0.0 pedestrian_killed, Fair (Day), EDSA (SB) Buendia Ave. Makati",MMDA Road Safety Unit,,4746f3d3-20b0-4a1f-83e6-ecb442543a21,2015-05-12,00:25:00,"EDSA (SB) ""U"" turn slot, Buendia Ave. Makati",0,0,0,0,0,0,0,0,0,0,2015-05-12 8:25,Property,14.55505269,121.034707,Rear-End
None,EDSA,None,None,"No Accident Factor, Rear-end, 0.0 drivers_injured, 0.0 drivers_killed, 0.0 passengers_injured, 0.0 passengers_killed, 0.0 pedestrian_injured, 0.0 pedestrian_killed, Fair (Day), EDSA (SB) Magallanes Interchange Makati",MMDA Road Safety Unit,,0670b06b-05c1-45cd-833c-79618a2d7b31,2015-05-11,04:45:00,EDSA (SB) Magallanes Interchange Makati,0,0,0,0,0,0,0,0,0,0,2015-05-11 12:45,Property,14.54028633,121.0167655,Rear-End
None,EDSA,None,None,"No Accident Factor, Rear-end, 0.0 drivers_injured, 0.0 drivers_killed, 0.0 passengers_injured, 0.0 passengers_killed, 0.0 pedestrian_injured, 0.0 pedestrian_killed, Fair (Day), EDSA (SB) Buendia Ave. Makati",MMDA Road Safety Unit,,00ea408a-4156-4fca-b5f8-65950e0933f6,2015-05-11,01:30:00,EDSA (SB) Ayala Ave. Makati,0,0,0,0,0,0,0,0,0,0,2015-05-11 9:30,Property,14.55505269,121.034707,Rear-End
None,EDSA,None,None,"No Accident Factor, Side Swipe, 0.0 drivers_injured, 0.0 drivers_killed, 0.0 passengers_injured, 0.0 passengers_killed, 0.0 pedestrian_injured, 0.0 pedestrian_killed, Fair (Day), EDSA (SB) Ayala Ave. Makati",MMDA Road Safety Unit,,61780b99-1658-4c1c-91b2-e30e8cb9ac02,2015-05-11,01:15:00,EDSA (SB) Buendia Ave. Makati,0,0,0,0,0,0,0,0,0,0,2015-05-11 9:15,Property,14.55022912,121.0292348,Side Swipe
None,EDSA,None,None,"No Accident Factor, Side Swipe, 0.0 drivers_injured, 0.0 drivers_killed, 0.0 passengers_injured, 0.0 passengers_killed, 0.0 pedestrian_injured, 0.0 pedestrian_killed, Fair (Day), EDSA (SB) Ayala Ave. Makati",MMDA Road Safety Unit,,9ff413a7-2bc0-4d81-9698-e0ce3b86f3fa,2015-05-11,01:00:00,EDSA (SB) Ayala Ave. Makati,0,0,0,0,0,0,0,0,0,0,2015-05-11 9:00,Property,14.55022912,121.0292348,Side Swipe
None,EDSA,None,None,"No Accident Factor, Rear-end, 0.0 drivers_injured, 0.0 drivers_killed, 0.0 passengers_injured, 0.0 passengers_killed, 0.0 pedestrian_injured, 0.0 pedestrian_killed, Fair (Day), EDSA (SB) Buendia Ave. Makati",MMDA Road Safety Unit,,340d4fd3-052b-4e91-a21f-de083f1b7246,2015-05-10,07:00:00,EDSA (SB) Estrella St. Makati,0,0,0,0,0,0,0,0,0,0,2015-05-10 15:00,Property,14.55505269,121.034707,Rear-End
None,EDSA,None,None,"No Accident Factor, Rear-end, 0.0 drivers_injured, 0.0 drivers_killed, 0.0 passengers_injured, 0.0 passengers_killed, 0.0 pedestrian_injured, 0.0 pedestrian_killed, Fair (Night), EDSA (SB) Buendia Ave. Makati",MMDA Road Safety Unit,,2a9f4c97-9f99-4840-8e90-3569a60e2b4f,2015-05-08,21:00:00,EDSA (SB) Ayala Loading Bay Makati,0,0,0,0,0,0,0,0,0,0,2015-05-09 5:00,Property,14.55505269,121.034707,Rear-End
None,EDSA,None,None,"No Accident Factor, Multiple Collision, 0.0 drivers_injured, 0.0 drivers_killed, 0.0 passengers_injured, 0.0 passengers_killed, 0.0 pedestrian_injured, 0.0 pedestrian_killed, Fair (Night), EDSA (SB) Ayala Ave. Makati",MMDA Road Safety Unit,,a883ea17-ce93-40ac-af3d-4b2035a0670c,2015-05-08,20:30:00,EDSA (SB) Magallanes (SB) Loading Bay Makati,0,0,0,0,0,0,0,0,0,0,2015-05-09 4:30,Property,14.55022912,121.0292348,Multiple
None,EDSA,None,None,"No Accident Factor, Side Swipe, 0.0 drivers_injured, 0.0 drivers_killed, 0.0 passengers_injured, 0.0 passengers_killed, 0.0 pedestrian_injured, 0.0 pedestrian_killed, Fair (Night), EDSA (SB) Evangelista St. Makati",MMDA Road Safety Unit,,d7b31ddc-f109-4340-82f0-3bcdd4058c3b,2015-05-08,12:10:00,EDSA (SB) in between Buendia Ave. and Ayala Ave. Makati,0,0,0,0,0,0,0,0,0,0,2015-05-08 20:10,Property,14.53903137,121.0123272,Side Swipe
None,EDSA,None,None,"No Accident Factor, Side Swipe, 0.0 drivers_injured, 0.0 drivers_killed, 0.0 passengers_injured, 0.0 passengers_killed, 0.0 pedestrian_injured, 0.0 pedestrian_killed, Fair (Night), EDSA (SB) Buendia Ave. Makati",MMDA Road Safety Unit,,2208d8af-aa7e-44e3-b94a-4badec02f41d,2015-05-08,11:00:00,"EDSA (SB) Shell Gas Station, Buendia Makati",0,0,0,0,0,0,0,0,0,0,2015-05-08 19:00,Property,14.55505269,121.034707,Side Swipe
None,EDSA,None,None,"No Accident Factor, Rear-end, 0.0 drivers_injured, 0.0 drivers_killed, 0.0 passengers_injured, 0.0 passengers_killed, 0.0 pedestrian_injured, 0.0 pedestrian_killed, Fair (Day), EDSA (SB) Magallanes Loading Bay Makati",MMDA Road Safety Unit,,8d1d9421-22d0-4071-9133-433dbf57c2b0,2015-05-08,05:50:00,EDSA (SB) Guadalupe Loading Bay Makati,0,0,0,0,0,0,0,0,0,0,2015-05-08 13:50,Property,14.54282655,121.0202714,Rear-End
None,EDSA,None,None,"No Accident Factor, Rear-end, 0.0 drivers_injured, 0.0 drivers_killed, 0.0 passengers_injured, 0.0 passengers_killed, 0.0 pedestrian_injured, 0.0 pedestrian_killed, Fair (Day), EDSA (SB) ""U"" turn slot, Buendia Ave. Makati",MMDA Road Safety Unit,,bf68808b-a943-4e96-b15f-d4331e8a12b1,2015-05-07,06:45:00,EDSA (SB) Buendia Ave. Makati,0,0,0,0,0,0,0,0,0,0,2015-05-07 14:45,Property,14.55533419,121.0354546,Rear-End
None,EDSA,None,None,"No Accident Factor, Multiple Collision, 0.0 drivers_injured, 0.0 drivers_killed, 0.0 passengers_injured, 0.0 passengers_killed, 0.0 pedestrian_injured, 0.0 pedestrian_killed, Fair (Day), EDSA (SB) Magallanes Interchange Makati",MMDA Road Safety Unit,,7927409a-eff1-48b9-b345-d43a9afc6ca3,2015-05-07,02:30:00,EDSA (SB) Ayala Ave. Makati,0,0,0,0,0,0,0,0,0,0,2015-05-07 10:30,Property,14.54028633,121.0167655,Multiple
None,EDSA,None,None,"No Accident Factor, Multiple Collision, 0.0 drivers_injured, 0.0 drivers_killed, 0.0 passengers_injured, 0.0 passengers_killed, 0.0 pedestrian_injured, 0.0 pedestrian_killed, Fair (Day), EDSA (SB) Ayala Ave. Makati",MMDA Road Safety Unit,,44e92bb0-49d0-4503-ad62-f9827563ac08,2015-05-06,23:55:00,EDSA (SB) Buendia Ave. Makati,0,0,0,0,0,0,0,0,0,0,2015-05-07 7:55,Property,14.55022912,121.0292348,Multiple
None,EDSA,None,None,"No Accident Factor, Rear-end, 0.0 drivers_injured, 0.0 drivers_killed, 0.0 passengers_injured, 0.0 passengers_killed, 0.0 pedestrian_injured, 0.0 pedestrian_killed, Fair (Day), EDSA (SB) Buendia Ave. Makati",MMDA Road Safety Unit,,97305a10-c50b-463f-8b84-53902b666081,2015-05-06,09:10:00,EDSA (SB) Ayala Ave. Makati,0,0,0,0,0,0,0,0,0,0,2015-05-06 17:10,Property,14.55505269,121.034707,Rear-End
None,EDSA,None,None,"No Accident Factor, Rear-end, 0.0 drivers_injured, 0.0 drivers_killed, 0.0 passengers_injured, 0.0 passengers_killed, 0.0 pedestrian_injured, 0.0 pedestrian_killed, Fair (Day), EDSA (SB) Ayala Ave. Makati",MMDA Road Safety Unit,,968cab8b-68c3-4204-b4c5-8a9078ae79a2,2015-05-05,22:30:00,EDSA (SB) Ayala Ave. Makati,0,0,0,0,0,0,0,0,0,0,2015-05-06 6:30,Property,14.55022912,121.0292348,Rear-End
None,EDSA,None,None,"No Accident Factor, Rear-end, 0.0 drivers_injured, 0.0 drivers_killed, 0.0 passengers_injured, 0.0 passengers_killed, 0.0 pedestrian_injured, 0.0 pedestrian_killed, Fair (Night), EDSA (SB) Estrella St. Makati",MMDA Road Safety Unit,,b48c5357-19d3-4479-ad7a-83a04b361366,2015-04-30,13:20:00,EDSA (SB) Buendia Ave. Makati,0,0,0,0,0,0,0,0,0,0,2015-04-30 21:20,Property,14.56002889,121.040751,Rear-End
None,EDSA,None,None,"No Accident Factor, Side Swipe, 0.0 drivers_injured, 0.0 drivers_killed, 0.0 passengers_injured, 0.0 passengers_killed, 0.0 pedestrian_injured, 0.0 pedestrian_killed, Fair (Night), EDSA (SB) Ayala Loading Bay Makati",MMDA Road Safety Unit,,f29d290f-6f0d-48e0-8e95-6c624455ca1b,2015-04-30,11:15:00,EDSA (SB) Magallanes Interchange Makati,0,0,0,0,0,0,0,0,0,0,2015-04-30 19:15,Property,14.54886,121.0276063,Side Swipe
None,EDSA,None,None,"No Accident Factor, Side Swipe, 0.0 drivers_injured, 0.0 drivers_killed, 0.0 passengers_injured, 0.0 passengers_killed, 0.0 pedestrian_injured, 0.0 pedestrian_killed, Fair (Day), EDSA (SB) Magallanes (SB) Loading Bay Makati",MMDA Road Safety Unit,,b2eb0bc3-81c6-4942-8a7e-35c6bdbf34d3,2015-04-30,03:40:00,EDSA (SB) Buendia Ave. Makati,0,0,0,0,0,0,0,0,0,0,2015-04-30 11:40,Property,14.54295248,121.0203194,Side Swipe
None,EDSA,None,None,"No Accident Factor, Hit and Run (Side Swipe), 1.0 drivers_injured, 0.0 drivers_killed, 0.0 passengers_injured, 0.0 passengers_killed, 0.0 pedestrian_injured, 0.0 pedestrian_killed, Fair (Day), EDSA (SB) in between Buendia Ave. and Ayala Ave. Makati",MMDA Road Safety Unit,,617ebef5-da18-4d46-a2a3-6d6ebfef22db,2015-04-28,06:40:00,EDSA (SB) Magallanes Interchange Makati,0,0,0,1,0,0,0,0,0,1,2015-04-28 14:40,Injury,14.55360684,121.0333697,Side Swipe
None,EDSA,None,None,"No Accident Factor, Rear-end, 0.0 drivers_injured, 0.0 drivers_killed, 0.0 passengers_injured, 0.0 passengers_killed, 0.0 pedestrian_injured, 0.0 pedestrian_killed, Fair (Day), EDSA (SB) Shell Gas Station, Buendia Makati",MMDA Road Safety Unit,,b1cdae8c-4664-4321-8dd0-66de03df468c,2015-04-28,00:15:00,EDSA (SB) Ayala Ave. Makati,0,0,0,0,0,0,0,0,0,0,2015-04-28 8:15,Property,14.55547546,121.0352249,Rear-End
None,EDSA,None,None,"No Accident Factor, Rear-end, 0.0 drivers_injured, 0.0 drivers_killed, 0.0 passengers_injured, 0.0 passengers_killed, 0.0 pedestrian_injured, 0.0 pedestrian_killed, Fair (Day), EDSA (SB) Guadalupe Loading Bay Makati",MMDA Road Safety Unit,,d0573e24-c19d-4a9c-8ec2-b46f249a7861,2015-04-27,08:30:00,"EDSA (SB) ""U"" turn slot, Buendia Ave. Makati",0,0,0,0,0,0,0,0,0,0,2015-04-27 16:30,Property,14.56473213,121.0447625,Rear-End
None,EDSA,None,None,"No Accident Factor, Side Swipe, 0.0 drivers_injured, 0.0 drivers_killed, 0.0 passengers_injured, 0.0 passengers_killed, 0.0 pedestrian_injured, 0.0 pedestrian_killed, Fair (Day), EDSA (SB) Buendia Ave. Makati",MMDA Road Safety Unit,,2f91ef17-2ce8-427b-93b0-8cf9729df385,2015-04-25,08:30:00,"EDSA (SB) Loyola Memorial Chapel, Guadalupe Viejo Makati",0,0,0,0,0,0,0,0,0,0,2015-04-25 16:30,Property,14.55505269,121.034707,Side Swipe
None,EDSA,None,None,"No Accident Factor, Rear-end, 0.0 drivers_injured, 0.0 drivers_killed, 0.0 passengers_injured, 0.0 passengers_killed, 0.0 pedestrian_injured, 0.0 pedestrian_killed, Fair (Day), EDSA (SB) Ayala Ave. Makati",MMDA Road Safety Unit,,4235caca-d6cb-4989-9cd3-c7a40d57453a,2015-04-25,05:30:00,EDSA (SB) Ayala Ave. Makati,0,0,0,0,0,0,0,0,0,0,2015-04-25 13:30,Property,14.55022912,121.0292348,Rear-End
None,EDSA,None,None,"No Accident Factor, Side Swipe, 0.0 drivers_injured, 0.0 drivers_killed, 0.0 passengers_injured, 0.0 passengers_killed, 0.0 pedestrian_injured, 0.0 pedestrian_killed, Fair (Night), EDSA (SB) Buendia Ave. Makati",MMDA Road Safety Unit,,cf7f6f0c-c0f7-4e14-be39-c17df1207a10,2015-04-24,17:15:00,EDSA (SB) Magallanes Interchange Makati,0,0,0,0,0,0,0,0,0,0,2015-04-25 1:15,Property,14.55505269,121.034707,Side Swipe
None,EDSA,None,None,"No Accident Factor, Side Swipe, 0.0 drivers_injured, 0.0 drivers_killed, 0.0 passengers_injured, 0.0 passengers_killed, 0.0 pedestrian_injured, 0.0 pedestrian_killed, Fair (Day), EDSA (SB) Ayala Ave. Makati",MMDA Road Safety Unit,,0daaa0ba-a65a-4dec-b033-6087c4ccac81,2015-04-23,01:00:00,EDSA (SB) Buendia Ave. Makati,0,0,0,0,0,0,0,0,0,0,2015-04-23 9:00,Property,14.55022912,121.0292348,Side Swipe
None,EDSA,None,None,"No Accident Factor, Side Swipe, 0.0 drivers_injured, 0.0 drivers_killed, 0.0 passengers_injured, 0.0 passengers_killed, 0.0 pedestrian_injured, 0.0 pedestrian_killed, Fair (Night), EDSA (SB) Ayala Ave. Makati",MMDA Road Safety Unit,,91b0ea8c-504d-42a0-a0ea-5c1b4178530e,2015-04-22,11:30:00,EDSA (SB) Estrella St. Makati,0,0,0,0,0,0,0,0,0,0,2015-04-22 19:30,Property,14.55022912,121.0292348,Side Swipe
None,EDSA,None,None,"No Accident Factor, Rear-end, 0.0 drivers_injured, 0.0 drivers_killed, 0.0 passengers_injured, 0.0 passengers_killed, 0.0 pedestrian_injured, 0.0 pedestrian_killed, Fair (Night), EDSA (SB) Buendia Ave. Makati",MMDA Road Safety Unit,,398b18c6-b86e-44af-9c5b-1d8201499797,2015-04-22,11:15:00,"EDSA (SB) ""U"" turn slot, Buendia Ave. Makati",0,0,0,0,0,0,0,0,0,0,2015-04-22 19:15,Property,14.55505269,121.034707,Rear-End
None,EDSA,None,None,"No Accident Factor, No Collision Stated (based on Police Blotter Book), 0.0 drivers_injured, 0.0 drivers_killed, 0.0 passengers_injured, 0.0 passengers_killed, 0.0 pedestrian_injured, 0.0 pedestrian_killed, Fair (Night), EDSA (SB) Magallanes Interchange Makati",MMDA Road Safety Unit,,8a68dda7-91f0-4fa3-b31a-cb617654895b,2015-04-22,10:30:00,"EDSA (SB) ""U"" turn slot, Buendia Ave. Makati",0,0,0,0,0,0,0,0,0,0,2015-04-22 18:30,Property,14.54028633,121.0167655,No Collision Stated
None,EDSA,None,None,"No Accident Factor, Side Swipe, 0.0 drivers_injured, 0.0 drivers_killed, 0.0 passengers_injured, 0.0 passengers_killed, 0.0 pedestrian_injured, 0.0 pedestrian_killed, Fair (Day), EDSA (SB) Buendia Ave. Makati",MMDA Road Safety Unit,,c98e4c64-d428-484a-895e-cb2cecb3ab02,2015-04-21,00:30:00,EDSA (SB) Buendia Ave. Makati,0,0,0,0,0,0,0,0,0,0,2015-04-21 8:30,Property,14.55505269,121.034707,Side Swipe
None,EDSA,None,None,"No Accident Factor, Side Swipe, 0.0 drivers_injured, 0.0 drivers_killed, 0.0 passengers_injured, 0.0 passengers_killed, 0.0 pedestrian_injured, 0.0 pedestrian_killed, Fair (Night), EDSA (SB) Magallanes Interchange Makati",MMDA Road Safety Unit,,b0438309-20d6-402f-9ae1-20d45dd417fe,2015-04-20,10:30:00,EDSA (SB) Guadalupe Loading Bay Makati,0,0,0,0,0,0,0,0,0,0,2015-04-20 18:30,Property,14.54028633,121.0167655,Side Swipe
None,EDSA,None,None,"No Accident Factor, Rear-end, 2.0 drivers_injured, 0.0 drivers_killed, 0.0 passengers_injured, 0.0 passengers_killed, 0.0 pedestrian_injured, 0.0 pedestrian_killed, Fair (Day), EDSA (SB) Ayala Ave. Makati",MMDA Road Safety Unit,,7f2314e8-3b16-412d-9d58-4ac013e548c5,2015-04-20,09:30:00,EDSA (SB) Guadalupe Loading Bay Makati,0,0,0,2,0,0,0,0,0,2,2015-04-20 17:30,Injury,14.55022912,121.0292348,Rear-End
None,EDSA,None,None,"No Accident Factor, Side Swipe, 0.0 drivers_injured, 0.0 drivers_killed, 0.0 passengers_injured, 0.0 passengers_killed, 0.0 pedestrian_injured, 0.0 pedestrian_killed, Fair (Day), EDSA (SB) ""U"" turn slot, Buendia Ave. Makati",MMDA Road Safety Unit,,05ea4712-dd6b-4b91-a788-799455650419,2015-04-20,09:00:00,EDSA (SB) Buendia Ave. Makati,0,0,0,0,0,0,0,0,0,0,2015-04-20 17:00,Property,14.55533419,121.0354546,Side Swipe
None,EDSA,None,None,"No Accident Factor, No Collision Stated (based on Police Blotter Book), 0.0 drivers_injured, 0.0 drivers_killed, 0.0 passengers_injured, 0.0 passengers_killed, 0.0 pedestrian_injured, 0.0 pedestrian_killed, Fair (Day), EDSA (SB) Loyola Memorial Chapel, Guadalupe Viejo Makati",MMDA Road Safety Unit,,3b4e019b-b183-4a3a-9a27-aacac287603c,2015-04-20,00:45:00,EDSA (SB) San Carlos Seminary Makati,0,0,0,0,0,0,0,0,0,0,2015-04-20 8:45,Property,14.5653264,121.0449169,No Collision Stated