LOCATION_TEXT,ROAD,WEATHER,LIGHT,DESC,REPORTING_AGENCY,MAIN_CAUSE,INCIDENTDETAILS_ID,DATE_UTC,TIME_UTC,ADDRESS,killed_driver,killed_passenger,killed_pedestrian,injured_driver,injured_passenger,injured_pedestrian,killed_uncategorized,injured_uncategorized,killed_total,injured_total,DATETIME_PST,SEVERITY,Y,X,COLLISION_TYPE
None,EDSA,None,None,"No Accident Factor, Side Swipe, 0.0 drivers_injured, 0.0 drivers_killed, 0.0 passengers_injured, 0.0 passengers_killed, 0.0 pedestrian_injured, 0.0 pedestrian_killed, Fair (Day), EDSA (SB) Ayala Ave. Makati",MMDA Road Safety Unit,,a1ef25cc-2dd4-4f9c-a32f-ef5e80a161cc,2015-04-16,01:00:00,EDSA (SB) Magallanes Interchange Makati,0,0,0,0,0,0,0,0,0,0,2015-04-16 9:00,Property,14.55022912,121.0292348,Side Swipe
None,EDSA,None,None,"No Accident Factor, Side Swipe, 0.0 drivers_injured, 0.0 drivers_killed, 0.0 passengers_injured, 0.0 passengers_killed, 0.0 pedestrian_injured, 0.0 pedestrian_killed, Fair (Night), EDSA (SB) Magallanes Interchange Makati",MMDA Road Safety Unit,,b8d1e1c6-069b-4935-9ce3-26ddba98956c,2015-04-14,10:45:00,EDSA (SB) Guadalupe Bridge Makati,0,0,0,0,0,0,0,0,0,0,2015-04-14 18:45,Property,14.54028633,121.0167655,Side Swipe
None,EDSA,None,None,"No Accident Factor, Hit and Run (No Collision Stated), 0.0 drivers_injured, 0.0 drivers_killed, 1.0 passengers_injured, 0.0 passengers_killed, 0.0 pedestrian_injured, 0.0 pedestrian_killed, Fair (Night), EDSA (SB) Buendia Ave. Makati",MMDA Road Safety Unit,,4c550476-a105-40b9-9a32-e76fc79d7534,2015-04-14,10:20:00,EDSA (SB) Ayala Ave. Makati,0,0,0,0,1,0,0,0,0,1,2015-04-14 18:20,Injury,14.55505269,121.034707,No Collision Stated
None,EDSA,None,None,"No Accident Factor, No Collision Stated (based on Police Blotter Book), 0.0 drivers_injured, 0.0 drivers_killed, 0.0 passengers_injured, 0.0 passengers_killed, 0.0 pedestrian_injured, 0.0 pedestrian_killed, Fair (Day), EDSA (SB) Estrella St. Makati",MMDA Road Safety Unit,,a0d63fe3-d875-48b0-b474-6282473fd8e8,2015-04-14,07:45:00,EDSA (SB) Buendia Ave. Makati,0,0,0,0,0,0,0,0,0,0,2015-04-14 15:45,Property,14.56002889,121.040751,No Collision Stated
None,EDSA,None,None,"No Accident Factor, Side Swipe, 0.0 drivers_injured, 0.0 drivers_killed, 0.0 passengers_injured, 0.0 passengers_killed, 0.0 pedestrian_injured, 0.0 pedestrian_killed, Fair (Day), EDSA (SB) ""U"" turn slot, Buendia Ave. Makati",MMDA Road Safety Unit,,6d7d7805-eec3-4a3a-9d4b-ac9a5b87fb11,2015-04-14,07:40:00,"EDSA (SB) ""U"" turn slot, Lapu Lapu St. Makati",0,0,0,0,0,0,0,0,0,0,2015-04-14 15:40,Property,14.55533419,121.0354546,Side Swipe
None,EDSA,None,None,"No Accident Factor, Rear-end, 0.0 drivers_injured, 0.0 drivers_killed, 0.0 passengers_injured, 0.0 passengers_killed, 0.0 pedestrian_injured, 0.0 pedestrian_killed, Fair (Day), EDSA (SB) ""U"" turn slot, Buendia Ave. Makati",MMDA Road Safety Unit,,4984dc32-8d59-495f-af75-16706de9659e,2015-04-14,05:00:00,EDSA (SB) Guadalupe Cloverleaf  Makati,0,0,0,0,0,0,0,0,0,0,2015-04-14 13:00,Property,14.55533419,121.0354546,Rear-End
None,EDSA,None,None,"No Accident Factor, Rear-end, 0.0 drivers_injured, 0.0 drivers_killed, 0.0 passengers_injured, 0.0 passengers_killed, 0.0 pedestrian_injured, 0.0 pedestrian_killed, Fair (Day), EDSA (SB) Buendia Ave. Makati",MMDA Road Safety Unit,,1d13674f-48a0-485b-9f20-df7873e77e6b,2015-04-14,01:00:00,EDSA (SB) Guadalupe Loading Bay Makati,0,0,0,0,0,0,0,0,0,0,2015-04-14 9:00,Property,14.55505269,121.034707,Rear-End
None,EDSA,None,None,"No Accident Factor, Side Swipe, 0.0 drivers_injured, 0.0 drivers_killed, 0.0 passengers_injured, 0.0 passengers_killed, 0.0 pedestrian_injured, 0.0 pedestrian_killed, Fair (Night), EDSA (SB) Guadalupe Loading Bay Makati",MMDA Road Safety Unit,,b4c9a70e-781d-412c-bd93-086c895e4f86,2015-04-09,10:30:00,EDSA (SB) Ayala Ave. Makati,0,0,0,0,0,0,0,0,0,0,2015-04-09 18:30,Property,14.56473213,121.0447625,Side Swipe
None,EDSA,None,None,"No Accident Factor, Rear-end, 0.0 drivers_injured, 0.0 drivers_killed, 0.0 passengers_injured, 0.0 passengers_killed, 0.0 pedestrian_injured, 0.0 pedestrian_killed, Fair (Day), EDSA (SB) Guadalupe Loading Bay Makati",MMDA Road Safety Unit,,0f92a183-a953-470a-8721-a5fa9e394fbe,2015-04-09,06:30:00,EDSA (SB) Buendia Ave. Makati,0,0,0,0,0,0,0,0,0,0,2015-04-09 14:30,Property,14.56473213,121.0447625,Rear-End
None,EDSA,None,None,"No Accident Factor, No Collision Stated (based on Police Blotter Book), 0.0 drivers_injured, 0.0 drivers_killed, 0.0 passengers_injured, 0.0 passengers_killed, 0.0 pedestrian_injured, 0.0 pedestrian_killed, Fair (Day), EDSA (SB) Buendia Ave. Makati",MMDA Road Safety Unit,,cf3e66f5-0a49-42cc-be01-59cfc0ee4bea,2015-04-08,03:10:00,EDSA (SB) Magallanes Loading Bay Makati,0,0,0,0,0,0,0,0,0,0,2015-04-08 11:10,Property,14.55505269,121.034707,No Collision Stated
None,EDSA,None,None,"No Accident Factor, Side Swipe, 0.0 drivers_injured, 0.0 drivers_killed, 0.0 passengers_injured, 0.0 passengers_killed, 0.0 pedestrian_injured, 0.0 pedestrian_killed, Fair (Night), EDSA (SB) San Carlos Seminary Makati",MMDA Road Safety Unit,,6a8bc842-d97a-4f15-8df2-d81ae8f22c2a,2015-04-07,13:00:00,EDSA (SB) Guadalupe Loading Bay Makati,0,0,0,0,0,0,0,0,0,0,2015-04-07 21:00,Property,14.56316308,121.043841,Side Swipe
None,EDSA,None,None,"No Accident Factor, Side Swipe, 0.0 drivers_injured, 0.0 drivers_killed, 0.0 passengers_injured, 0.0 passengers_killed, 0.0 pedestrian_injured, 0.0 pedestrian_killed, Fair (Day), EDSA (SB) Magallanes Interchange Makati",MMDA Road Safety Unit,,1d3a3883-b64b-44b4-803d-54b03dbd7d0d,2015-04-06,06:30:00,EDSA (SB) Estrella St. Makati,0,0,0,0,0,0,0,0,0,0,2015-04-06 14:30,Property,14.54028633,121.0167655,Side Swipe
None,EDSA,None,None,"No Accident Factor, Rear-end, 0.0 drivers_injured, 0.0 drivers_killed, 0.0 passengers_injured, 0.0 passengers_killed, 0.0 pedestrian_injured, 0.0 pedestrian_killed, Fair (Day), EDSA (SB) Guadalupe Bridge Makati",MMDA Road Safety Unit,,ac321f74-7f32-4869-bc95-c89df73ac425,2015-04-06,00:20:00,EDSA (SB) Estrella Loading Bay  Makati,0,0,0,0,0,0,0,0,0,0,2015-04-06 8:20,Property,14.56802596,121.045885,Rear-End
None,EDSA,None,None,"No Accident Factor, Side Swipe, 0.0 drivers_injured, 0.0 drivers_killed, 0.0 passengers_injured, 0.0 passengers_killed, 0.0 pedestrian_injured, 0.0 pedestrian_killed, Fair (Day), EDSA (SB) Ayala Ave. Makati",MMDA Road Safety Unit,,f504ec28-117e-4d25-82d0-bc5c93ec5322,2015-04-06,00:20:00,EDSA (SB) Magallanes Loading Bay Makati,0,0,0,0,0,0,0,0,0,0,2015-04-06 8:20,Property,14.55022912,121.0292348,Side Swipe
None,EDSA,None,None,"No Accident Factor, Side Swipe, 0.0 drivers_injured, 0.0 drivers_killed, 0.0 passengers_injured, 0.0 passengers_killed, 0.0 pedestrian_injured, 0.0 pedestrian_killed, Fair (Day), EDSA (SB) Buendia Ave. Makati",MMDA Road Safety Unit,,d46e4896-d6d1-4f7d-8695-e3b2102ed922,2015-04-05,23:30:00,EDSA (SB) Buendia Loading Bay Makati,0,0,0,0,0,0,0,0,0,0,2015-04-06 7:30,Property,14.55505269,121.034707,Side Swipe
None,EDSA,None,None,"No Accident Factor, Angle Impact, 0.0 drivers_injured, 0.0 drivers_killed, 0.0 passengers_injured, 0.0 passengers_killed, 0.0 pedestrian_injured, 0.0 pedestrian_killed, Fair (Day), EDSA (SB) ""U"" turn slot, Lapu Lapu St. Makati",MMDA Road Safety Unit,,2eb7ae23-889c-4b26-b816-c4d3462fa944,2015-04-03,07:00:00,EDSA (SB) Pet Plans Makati,0,0,0,0,0,0,0,0,0,0,2015-04-03 15:00,Property,14.53974759,121.0155455,Angle Impact
None,EDSA,None,None,"No Accident Factor, Side Swipe, 0.0 drivers_injured, 0.0 drivers_killed, 0.0 passengers_injured, 0.0 passengers_killed, 0.0 pedestrian_injured, 0.0 pedestrian_killed, Fair (Night), EDSA (SB) Guadalupe Cloverleaf  Makati",MMDA Road Safety Unit,,a8f93b20-eb74-4e71-9b56-864c1db8e9a8,2015-04-01,10:30:00,EDSA (SB) Ayala Ave. Makati,0,0,0,0,0,0,0,0,0,0,2015-04-01 18:30,Property,14.56720754,121.0457277,Side Swipe
None,EDSA,None,None,"No Accident Factor, Side Swipe, 0.0 drivers_injured, 0.0 drivers_killed, 0.0 passengers_injured, 0.0 passengers_killed, 0.0 pedestrian_injured, 0.0 pedestrian_killed, Fair (Day), EDSA (SB) Guadalupe Loading Bay Makati",MMDA Road Safety Unit,,c2adb210-3d08-40a5-b15a-d9e6a831cfbc,2015-03-31,07:20:00,EDSA (SB) A. Arnaiz Ave. Makati,0,0,0,0,0,0,0,0,0,0,2015-03-31 15:20,Property,14.56473213,121.0447625,Side Swipe
None,EDSA,None,None,"No Accident Factor, Hit and Run (No Collision Stated), 0.0 drivers_injured, 0.0 drivers_killed, 0.0 passengers_injured, 0.0 passengers_killed, 0.0 pedestrian_injured, 0.0 pedestrian_killed, Fair (Day), EDSA (SB) Ayala Ave. Makati",MMDA Road Safety Unit,,72abc67b-318f-4c74-97d3-73022d5990f4,2015-03-30,23:35:00,EDSA (SB) Evangelista St. Makati,0,0,0,0,0,0,0,0,0,0,2015-03-31 7:35,Property,14.55022912,121.0292348,No Collision Stated
None,EDSA,None,None,"No Accident Factor, Rear-end, 0.0 drivers_injured, 0.0 drivers_killed, 0.0 passengers_injured, 0.0 passengers_killed, 0.0 pedestrian_injured, 0.0 pedestrian_killed, Fair (Day), EDSA (SB) Buendia Ave. Makati",MMDA Road Safety Unit,,6fdb7c9a-8e8e-43ac-9bc7-ee9d3cac6810,2015-03-29,22:30:00,EDSA (SB) Kalayaan Ave. Makati,0,0,0,0,0,0,0,0,0,0,2015-03-30 6:30,Property,14.55505269,121.034707,Rear-End
None,EDSA,None,None,"No Accident Factor, Rear-end, 0.0 drivers_injured, 0.0 drivers_killed, 0.0 passengers_injured, 0.0 passengers_killed, 0.0 pedestrian_injured, 0.0 pedestrian_killed, Fair (Night), EDSA (SB) Magallanes Loading Bay Makati",MMDA Road Safety Unit,,009a2e08-46f5-495e-8d94-6c665adde0b5,2015-03-28,11:05:00,EDSA (SB) Buendia Ave. Makati,0,0,0,0,0,0,0,0,0,0,2015-03-28 19:05,Property,14.54282655,121.0202714,Rear-End
None,EDSA,None,None,"No Accident Factor, Multiple Collision, 0.0 drivers_injured, 0.0 drivers_killed, 0.0 passengers_injured, 0.0 passengers_killed, 0.0 pedestrian_injured, 0.0 pedestrian_killed, Fair (Day), EDSA (SB) Guadalupe Loading Bay Makati",MMDA Road Safety Unit,,429f05d1-ca59-4361-bc97-c025464c87dd,2015-03-28,09:15:00,EDSA (SB) Estrella St. Makati,0,0,0,0,0,0,0,0,0,0,2015-03-28 17:15,Property,14.56473213,121.0447625,Multiple
None,EDSA,None,None,"No Accident Factor, Side Swipe, 0.0 drivers_injured, 0.0 drivers_killed, 0.0 passengers_injured, 0.0 passengers_killed, 0.0 pedestrian_injured, 0.0 pedestrian_killed, Fair (Day), EDSA (SB) Estrella St. Makati",MMDA Road Safety Unit,,4c36cd79-d82a-466d-bba9-3ca2412de8b5,2015-03-28,04:45:00,EDSA (SB) Ayala Ave. Makati,0,0,0,0,0,0,0,0,0,0,2015-03-28 12:45,Property,14.56002889,121.040751,Side Swipe
None,EDSA,None,None,"No Accident Factor, Rear-end, 0.0 drivers_injured, 0.0 drivers_killed, 0.0 passengers_injured, 0.0 passengers_killed, 0.0 pedestrian_injured, 0.0 pedestrian_killed, Fair (Night), EDSA (SB) Estrella Loading Bay  Makati",MMDA Road Safety Unit,,a83a44d6-ef8d-4957-9eb6-f7db071ca225,2015-03-27,11:50:00,EDSA (SB) Estrella St. Makati,0,0,0,0,0,0,0,0,0,0,2015-03-27 19:50,Property,14.56059855,121.0413941,Rear-End
None,EDSA,None,None,"No Accident Factor, Rear-end, 0.0 drivers_injured, 0.0 drivers_killed, 0.0 passengers_injured, 0.0 passengers_killed, 0.0 pedestrian_injured, 0.0 pedestrian_killed, Fair (Day), EDSA (SB) Magallanes Loading Bay Makati",MMDA Road Safety Unit,,84e37093-53e3-4e55-bc31-8a57be509b06,2015-03-27,04:25:00,EDSA (SB) Ayala Loading Bay Makati,0,0,0,0,0,0,0,0,0,0,2015-03-27 12:25,Property,14.54282655,121.0202714,Rear-End
None,EDSA,None,None,"No Accident Factor, Rear-end, 0.0 drivers_injured, 0.0 drivers_killed, 0.0 passengers_injured, 0.0 passengers_killed, 0.0 pedestrian_injured, 0.0 pedestrian_killed, Fair (Day), EDSA (SB) Buendia Loading Bay Makati",MMDA Road Safety Unit,,a8d269ce-7ed5-41e3-8042-cef8cb22ee45,2015-03-27,03:45:00,EDSA (SB) Ayala Ave. Makati,0,0,0,0,0,0,0,0,0,0,2015-03-27 11:45,Property,14.55400112,121.0336264,Rear-End
None,EDSA,None,None,"No Accident Factor, Side Swipe, 0.0 drivers_injured, 0.0 drivers_killed, 0.0 passengers_injured, 0.0 passengers_killed, 0.0 pedestrian_injured, 0.0 pedestrian_killed, Fair (Day), EDSA (SB) Pet Plans Makati",MMDA Road Safety Unit,,571bf2e9-62ac-4b9a-ad0e-8187881797e9,2015-03-27,03:05:00,EDSA (SB) Buendia Ave. Makati,0,0,0,0,0,0,0,0,0,0,2015-03-27 11:05,Property,14.56191915,121.0429118,Side Swipe
None,EDSA,None,None,"No Accident Factor, Side Swipe, 0.0 drivers_injured, 0.0 drivers_killed, 0.0 passengers_injured, 0.0 passengers_killed, 0.0 pedestrian_injured, 0.0 pedestrian_killed, Fair (Day), EDSA (SB) Ayala Ave. Makati",MMDA Road Safety Unit,,1b9b4a8d-2a01-4884-8b74-90ed07d1801e,2015-03-27,02:00:00,EDSA (SB) Estrella Loading Bay Makati,0,0,0,0,0,0,0,0,0,0,2015-03-27 10:00,Property,14.55022912,121.0292348,Side Swipe
None,EDSA,None,None,"No Accident Factor, Rear-end, 0.0 drivers_injured, 0.0 drivers_killed, 0.0 passengers_injured, 0.0 passengers_killed, 0.0 pedestrian_injured, 0.0 pedestrian_killed, Fair (Day), EDSA (SB) A. Arnaiz Ave. Makati",MMDA Road Safety Unit,,91d90c49-e58e-45d3-949c-813061008c37,2015-03-26,08:50:00,EDSA (SB) P. Burgos St. Makati,0,0,0,0,0,0,0,0,0,0,2015-03-26 16:50,Property,14.54765031,121.0260523,Rear-End
None,EDSA,None,None,"No Accident Factor, Side Swipe, 0.0 drivers_injured, 0.0 drivers_killed, 0.0 passengers_injured, 0.0 passengers_killed, 0.0 pedestrian_injured, 0.0 pedestrian_killed, Fair (Day), EDSA (SB) Evangelista St. Makati",MMDA Road Safety Unit,,1b269157-66f2-4847-b87d-8c9c859effe6,2015-03-26,08:45:00,"EDSA (SB) Loyola Memorial Chapel, Guadalupe Viejo Makati",0,0,0,0,0,0,0,0,0,0,2015-03-26 16:45,Property,14.53903137,121.0123272,Side Swipe
None,EDSA,None,None,"No Accident Factor, Rear-end, 0.0 drivers_injured, 0.0 drivers_killed, 0.0 passengers_injured, 0.0 passengers_killed, 0.0 pedestrian_injured, 0.0 pedestrian_killed, Fair (Day), EDSA (SB) Kalayaan Ave. Makati",MMDA Road Safety Unit,,a367c66c-242f-40af-adf2-94b7fffb887a,2015-03-24,05:30:00,EDSA (SB) Guadalupe East Cloverleaf Makati,0,0,0,0,0,0,0,0,0,0,2015-03-24 13:30,Property,14.55774691,121.0380708,Rear-End
None,EDSA,None,None,"No Accident Factor, Angle Impact, 0.0 drivers_injured, 0.0 drivers_killed, 0.0 passengers_injured, 0.0 passengers_killed, 0.0 pedestrian_injured, 0.0 pedestrian_killed, Fair (Night), EDSA (SB) Buendia Ave. Makati",MMDA Road Safety Unit,,cbcf979e-e040-433f-9914-5e509fa1590d,2015-03-23,12:35:00,"EDSA (SB) Loyola Memorial Chapel, Guadalupe Viejo Makati",0,0,0,0,0,0,0,0,0,0,2015-03-23 20:35,Property,14.55505269,121.034707,Angle Impact
None,EDSA,None,None,"No Accident Factor, Rear-end, 0.0 drivers_injured, 0.0 drivers_killed, 0.0 passengers_injured, 0.0 passengers_killed, 0.0 pedestrian_injured, 0.0 pedestrian_killed, Fair (Day), EDSA (SB) Estrella St. Makati",MMDA Road Safety Unit,,456f7c4f-bfac-4690-9f39-3659c9412ecb,2015-03-21,05:15:00,EDSA (SB) Ayala Loading Bay Makati,0,0,0,0,0,0,0,0,0,0,2015-03-21 13:15,Property,14.56002889,121.040751,Rear-End
None,EDSA,None,None,"No Accident Factor, Multiple Collision, 0.0 drivers_injured, 0.0 drivers_killed, 0.0 passengers_injured, 0.0 passengers_killed, 0.0 pedestrian_injured, 0.0 pedestrian_killed, Fair (Day), EDSA (SB) Ayala Ave. Makati",MMDA Road Safety Unit,,3764b6f7-49a1-4969-8ef7-b0561f370bc1,2015-03-20,00:45:00,EDSA (SB) MRT-Buendia Station Makati,0,0,0,0,0,0,0,0,0,0,2015-03-20 8:45,Property,14.55022912,121.0292348,Multiple
None,EDSA,None,None,"No Accident Factor, Side Swipe, 0.0 drivers_injured, 0.0 drivers_killed, 0.0 passengers_injured, 0.0 passengers_killed, 0.0 pedestrian_injured, 0.0 pedestrian_killed, Fair (Day), EDSA (SB) Estrella St. Makati",MMDA Road Safety Unit,,97bfab64-b502-4061-af37-4353ed1d17e8,2015-03-19,23:55:00,EDSA (SB) Buendia Loading Bay Makati,0,0,0,0,0,0,0,0,0,0,2015-03-20 7:55,Property,14.56002889,121.040751,Side Swipe
None,EDSA,None,None,"No Accident Factor, Side Swipe, 0.0 drivers_injured, 0.0 drivers_killed, 0.0 passengers_injured, 0.0 passengers_killed, 0.0 pedestrian_injured, 0.0 pedestrian_killed, Fair (Day), EDSA (SB) Ayala Loading Bay Makati",MMDA Road Safety Unit,,555f03cc-31e5-4346-8a08-92e2f8658038,2015-03-17,22:30:00,EDSA (SB) Buendia Ave. Makati,0,0,0,0,0,0,0,0,0,0,2015-03-18 6:30,Property,14.54886,121.0276063,Side Swipe
None,EDSA,None,None,"No Accident Factor, Hit Object (Fence/Wall-Wire Type), 0.0 drivers_injured, 0.0 drivers_killed, 0.0 passengers_injured, 0.0 passengers_killed, 0.0 pedestrian_injured, 0.0 pedestrian_killed, Fair (Night), EDSA (SB) Ayala Ave. Makati",MMDA Road Safety Unit,,5bfec4b0-e53b-4293-93ca-c8040a894473,2015-03-17,20:30:00,EDSA (SB) MRT-Buendia Station Makati,0,0,0,0,0,0,0,0,0,0,2015-03-18 4:30,Property,14.55022912,121.0292348,Hit Object
None,EDSA,None,None,"No Accident Factor, No Collision Stated (based on Police Blotter Book), 0.0 drivers_injured, 0.0 drivers_killed, 0.0 passengers_injured, 0.0 passengers_killed, 0.0 pedestrian_injured, 0.0 pedestrian_killed, Fair (Day), EDSA (SB) Buendia Ave. Makati",MMDA Road Safety Unit,,4a939ae0-4b8a-4f85-8a80-86324c01702d,2015-03-14,08:10:00,EDSA (SB) Ayala Ave. Makati,0,0,0,0,0,0,0,0,0,0,2015-03-14 16:10,Property,14.55505269,121.034707,No Collision Stated
None,EDSA,None,None,"No Accident Factor, Side Swipe, 0.0 drivers_injured, 0.0 drivers_killed, 0.0 passengers_injured, 0.0 passengers_killed, 0.0 pedestrian_injured, 0.0 pedestrian_killed, Fair (Day), EDSA (SB) Estrella Loading Bay Makati",MMDA Road Safety Unit,,5b57d489-1426-4fdb-8b7a-1cd87a620937,2015-03-14,07:55:00,EDSA (SB) Guadalupe Loading Bay Makati,0,0,0,0,0,0,0,0,0,0,2015-03-14 15:55,Property,14.56059855,121.0413941,Side Swipe
None,EDSA,None,None,"No Accident Factor, Self-Accident, 0.0 drivers_injured, 0.0 drivers_killed, 0.0 passengers_injured, 0.0 passengers_killed, 0.0 pedestrian_injured, 0.0 pedestrian_killed, Fair (Day), EDSA (SB) P. Burgos St. Makati",MMDA Road Safety Unit,,a24daedf-71f7-48f5-9482-2838468a1304,2015-03-14,07:20:00,EDSA (SB) MRT-Guadalupe Station Makati,0,0,0,0,0,0,0,0,0,0,2015-03-14 15:20,Property,14.56558285,121.0451525,Self-Accident
None,EDSA,None,None,"No Accident Factor, Rear-end, 0.0 drivers_injured, 0.0 drivers_killed, 0.0 passengers_injured, 0.0 passengers_killed, 0.0 pedestrian_injured, 0.0 pedestrian_killed, Fair (Day), EDSA (SB) Loyola Memorial Chapel, Guadalupe Viejo Makati",MMDA Road Safety Unit,,d7b66332-a342-4857-93da-067eb0cbf86e,2015-03-14,07:10:00,EDSA (SB) Estrella St. Makati,0,0,0,0,0,0,0,0,0,0,2015-03-14 15:10,Property,14.5653264,121.0449169,Rear-End
None,EDSA,None,None,"No Accident Factor, Side Swipe, 0.0 drivers_injured, 0.0 drivers_killed, 0.0 passengers_injured, 0.0 passengers_killed, 0.0 pedestrian_injured, 0.0 pedestrian_killed, Fair (Day), EDSA (SB) Guadalupe East Cloverleaf Makati",MMDA Road Safety Unit,,6ebfd07c-b62e-419c-8e3f-73c8c8d90aa4,2015-03-14,01:35:00,EDSA (SB) Guadalupe Loading Bay Makati,0,0,0,0,0,0,0,0,0,0,2015-03-14 9:35,Property,14.56720754,121.0457277,Side Swipe
None,EDSA,None,None,"No Accident Factor, No Collision Stated (based on Police Blotter Book), 0.0 drivers_injured, 0.0 drivers_killed, 0.0 passengers_injured, 0.0 passengers_killed, 0.0 pedestrian_injured, 0.0 pedestrian_killed, Fair (Night), EDSA (SB) Loyola Memorial Chapel, Guadalupe Viejo Makati",MMDA Road Safety Unit,,f8046246-e365-4ed3-9f0f-64d7cd618fbc,2015-03-12,14:40:00,EDSA (SB) Magallanes Interchange Makati,0,0,0,0,0,0,0,0,0,0,2015-03-12 22:40,Property,14.5653264,121.0449169,No Collision Stated
None,EDSA,None,None,"No Accident Factor, Rear-end, 0.0 drivers_injured, 0.0 drivers_killed, 0.0 passengers_injured, 0.0 passengers_killed, 0.0 pedestrian_injured, 0.0 pedestrian_killed, Fair (Night), EDSA (SB) Ayala Loading Bay Makati",MMDA Road Safety Unit,,7dc24ec2-5c65-43fc-a1a9-c338676eb3be,2015-03-12,10:30:00,EDSA (SB) Rodriguez Ave. Makati,0,0,0,0,0,0,0,0,0,0,2015-03-12 18:30,Property,14.54886,121.0276063,Rear-End
None,EDSA,None,None,"No Accident Factor, No Collision Stated (based on Police Blotter Book), 0.0 drivers_injured, 0.0 drivers_killed, 0.0 passengers_injured, 0.0 passengers_killed, 0.0 pedestrian_injured, 0.0 pedestrian_killed, Fair (Night), EDSA (SB) MRT-Buendia Station Makati",MMDA Road Safety Unit,,2ac92a02-2eb0-4af3-a904-5d4c5eaec843,2015-03-11,12:30:00,EDSA (SB) Rodriguez Ave. Makati,0,0,0,0,0,0,0,0,0,0,2015-03-11 20:30,Property,14.55423279,121.0338797,No Collision Stated
None,EDSA,None,None,"No Accident Factor, No Collision Stated (based on Police Blotter Book), 0.0 drivers_injured, 0.0 drivers_killed, 0.0 passengers_injured, 0.0 passengers_killed, 0.0 pedestrian_injured, 0.0 pedestrian_killed, Fair (Night), EDSA (SB) Buendia Loading Bay Makati",MMDA Road Safety Unit,,0013278c-f6be-46b4-8176-235ea6e1f259,2015-03-11,12:15:00,EDSA (SB) Estrella Loading bay Makati,0,0,0,0,0,0,0,0,0,0,2015-03-11 20:15,Property,14.55400112,121.0336264,No Collision Stated
None,EDSA,None,None,"No Accident Factor, No Collision Stated (based on Police Blotter Book), 0.0 drivers_injured, 0.0 drivers_killed, 0.0 passengers_injured, 0.0 passengers_killed, 0.0 pedestrian_injured, 0.0 pedestrian_killed, Fair (Night), EDSA (SB) Buendia Ave. Makati",MMDA Road Safety Unit,,b9434218-b39d-4e30-8520-ec88519d512d,2015-03-11,11:30:00,EDSA (SB) Buendia Ave. Makati,0,0,0,0,0,0,0,0,0,0,2015-03-11 19:30,Property,14.55505269,121.034707,No Collision Stated
None,EDSA,None,None,"No Accident Factor, Rear-end, 0.0 drivers_injured, 0.0 drivers_killed, 0.0 passengers_injured, 0.0 passengers_killed, 0.0 pedestrian_injured, 0.0 pedestrian_killed, Fair (Day), EDSA (SB) MRT-Buendia Station Makati",MMDA Road Safety Unit,,428919c9-d35a-41c4-81d1-a3f2fc65ba44,2015-03-11,03:30:00,EDSA (SB) Ayala Ave. Makati,0,0,0,0,0,0,0,0,0,0,2015-03-11 11:30,Property,14.55423279,121.0338797,Rear-End
None,EDSA,None,None,"No Accident Factor, Multiple Collision, 0.0 drivers_injured, 0.0 drivers_killed, 0.0 passengers_injured, 0.0 passengers_killed, 0.0 pedestrian_injured, 0.0 pedestrian_killed, Fair (Day), EDSA (SB) Ayala Ave. Makati",MMDA Road Safety Unit,,05bc7b27-f587-41eb-8436-1831d3a536de,2015-03-10,08:00:00,EDSA (SB) Magallanes Interchange Makati,0,0,0,0,0,0,0,0,0,0,2015-03-10 16:00,Property,14.55022912,121.0292348,Multiple
None,EDSA,None,None,"No Accident Factor, Rear-end, 0.0 drivers_injured, 0.0 drivers_killed, 0.0 passengers_injured, 0.0 passengers_killed, 0.0 pedestrian_injured, 0.0 pedestrian_killed, Fair (Night), EDSA (SB) Guadalupe Loading Bay Makati",MMDA Road Safety Unit,,cf6ef74c-0514-472f-a5d9-c50f08ced4da,2015-03-09,14:50:00,EDSA (SB) Estrella St. Makati,0,0,0,0,0,0,0,0,0,0,2015-03-09 22:50,Property,14.56473213,121.0447625,Rear-End
None,EDSA,None,None,"No Accident Factor, No Collision Stated (based on Police Blotter Book), 0.0 drivers_injured, 0.0 drivers_killed, 0.0 passengers_injured, 0.0 passengers_killed, 0.0 pedestrian_injured, 0.0 pedestrian_killed, Fair (Day), EDSA (SB) MRT-Guadalupe Station Makati",MMDA Road Safety Unit,,0668d4d1-638b-4ed1-a702-8f3064dc285b,2015-03-09,09:45:00,EDSA (SB) Buendia Ave. Makati,0,0,0,0,0,0,0,0,0,0,2015-03-09 17:45,Property,14.56668632,121.0454204,No Collision Stated
None,EDSA,None,None,"No Accident Factor, Rear-end, 0.0 drivers_injured, 0.0 drivers_killed, 0.0 passengers_injured, 0.0 passengers_killed, 0.0 pedestrian_injured, 0.0 pedestrian_killed, Fair (Day), EDSA (SB) Estrella St. Makati",MMDA Road Safety Unit,,04baec6e-e4ed-40bf-9ac6-1c32bf52c2c5,2015-03-09,09:20:00,EDSA (SB) Ayala Ave. Makati,0,0,0,0,0,0,0,0,0,0,2015-03-09 17:20,Property,14.56002889,121.040751,Rear-End
None,EDSA,None,None,"No Accident Factor, Side Swipe, 0.0 drivers_injured, 0.0 drivers_killed, 0.0 passengers_injured, 0.0 passengers_killed, 0.0 pedestrian_injured, 0.0 pedestrian_killed, Fair (Day), EDSA (SB) Guadalupe Loading Bay Makati",MMDA Road Safety Unit,,4343c927-fe00-4ecd-8239-04de18250548,2015-03-08,08:05:00,EDSA (SB) MRT-Buendia Station Makati,0,0,0,0,0,0,0,0,0,0,2015-03-08 16:05,Property,14.56473213,121.0447625,Side Swipe