LOCATION_TEXT,ROAD,WEATHER,LIGHT,DESC,REPORTING_AGENCY,MAIN_CAUSE,INCIDENTDETAILS_ID,DATE_UTC,TIME_UTC,ADDRESS,killed_driver,killed_passenger,killed_pedestrian,injured_driver,injured_passenger,injured_pedestrian,killed_uncategorized,injured_uncategorized,killed_total,injured_total,DATETIME_PST,SEVERITY,Y,X,COLLISION_TYPE
None,EDSA,None,None,"No Accident Factor, No Collision Stated (based on Police Blotter Book), 0.0 drivers_injured, 0.0 drivers_killed, 0.0 passengers_injured, 0.0 passengers_killed, 0.0 pedestrian_injured, 0.0 pedestrian_killed, Fair (Night), EDSA (SB) MRT-Buendia Station Makati",MMDA Road Safety Unit,,592ac68b-fe24-4a59-b507-be3cd7fd6c54,2015-01-31,10:35:00,EDSA (SB) Magallanes Loading Bay Makati,0,0,0,0,0,0,0,0,0,0,2015-01-31 18:35,Property,14.55423279,121.0338797,No Collision Stated
None,EDSA,None,None,"No Accident Factor, Side Swipe, 0.0 drivers_injured, 0.0 drivers_killed, 0.0 passengers_injured, 0.0 passengers_killed, 0.0 pedestrian_injured, 0.0 pedestrian_killed, Fair (Night), EDSA (SB) Estrella St. Makati",MMDA Road Safety Unit,,f8dc652e-a8c7-4228-9568-7c16e7fc20d8,2015-01-30,11:45:00,EDSA (SB) Ayala Ave. Makati,0,0,0,0,0,0,0,0,0,0,2015-01-30 19:45,Property,14.56002889,121.040751,Side Swipe
None,EDSA,None,None,"No Accident Factor, Side Swipe, 0.0 drivers_injured, 0.0 drivers_killed, 0.0 passengers_injured, 0.0 passengers_killed, 0.0 pedestrian_injured, 0.0 pedestrian_killed, Fair (Day), EDSA (SB) Magallanes Interchange Makati",MMDA Road Safety Unit,,ffcf01b6-9ef9-4fe6-b910-6aae4d50953a,2015-01-30,01:00:00,EDSA (SB) Palm Drive Makati,0,0,0,0,0,0,0,0,0,0,2015-01-30 9:00,Property,14.54028633,121.0167655,Side Swipe
None,EDSA,None,None,"No Accident Factor, Rear-end, 0.0 drivers_injured, 0.0 drivers_killed, 0.0 passengers_injured, 0.0 passengers_killed, 0.0 pedestrian_injured, 0.0 pedestrian_killed, Fair (Day), EDSA (SB) Ayala Ave. Makati",MMDA Road Safety Unit,,d5a8f10d-8d10-41fe-908e-707450811383,2015-01-28,06:30:00,EDSA (SB) Estrella St. Makati,0,0,0,0,0,0,0,0,0,0,2015-01-28 14:30,Property,14.55022912,121.0292348,Rear-End
None,EDSA,None,None,"No Accident Factor, Side Swipe, 0.0 drivers_injured, 0.0 drivers_killed, 0.0 passengers_injured, 0.0 passengers_killed, 0.0 pedestrian_injured, 0.0 pedestrian_killed, Fair (Day), EDSA (SB) Ayala Ave. Makati",MMDA Road Safety Unit,,12b76752-c7ab-4bc8-96d4-965182b51733,2015-01-28,03:40:00,EDSA (SB) Magallanes Loading Bay Makati,0,0,0,0,0,0,0,0,0,0,2015-01-28 11:40,Property,14.55022912,121.0292348,Side Swipe
None,EDSA,None,None,"No Accident Factor, Rear-end, 0.0 drivers_injured, 0.0 drivers_killed, 0.0 passengers_injured, 0.0 passengers_killed, 0.0 pedestrian_injured, 0.0 pedestrian_killed, Fair (Day), EDSA (SB) Magallanes (Mantrade) Makati",MMDA Road Safety Unit,,f8efded3-7b7b-44be-90ea-92cee1d996de,2015-01-28,01:30:00,EDSA (SB) MRT-Buendia Station Makati,0,0,0,0,0,0,0,0,0,0,2015-01-28 9:30,Property,14.53938592,121.0142024,Rear-End
None,EDSA,None,None,"No Accident Factor, Rear-end, 0.0 drivers_injured, 0.0 drivers_killed, 0.0 passengers_injured, 0.0 passengers_killed, 0.0 pedestrian_injured, 0.0 pedestrian_killed, Fair (Day), EDSA (SB) Estrella St. Makati",MMDA Road Safety Unit,,08eac60b-5f18-434e-b9f3-cff0ee71767c,2015-01-27,23:15:00,EDSA (SB) Estrella St. Makati,0,0,0,0,0,0,0,0,0,0,2015-01-28 7:15,Property,14.56002889,121.040751,Rear-End
None,EDSA,None,None,"No Accident Factor, Angle Impact, 0.0 drivers_injured, 0.0 drivers_killed, 0.0 passengers_injured, 0.0 passengers_killed, 0.0 pedestrian_injured, 0.0 pedestrian_killed, Fair (Night), EDSA (SB) Palm Drive Makati",MMDA Road Safety Unit,,009dd5ff-7f5f-4b30-a981-7a2a6a3593f1,2015-01-27,18:00:00,EDSA (SB) Ayala Loading Bay Makati,0,0,0,0,0,0,0,0,0,0,2015-01-28 2:00,Property,14.54848063,121.0270791,Angle Impact
None,EDSA,None,None,"No Accident Factor, Side Swipe, 0.0 drivers_injured, 0.0 drivers_killed, 0.0 passengers_injured, 0.0 passengers_killed, 0.0 pedestrian_injured, 0.0 pedestrian_killed, Fair (Day), EDSA (SB) Buendia Loading Bay Makati",MMDA Road Safety Unit,,153c8632-1fcd-4395-bc1f-72e9de592176,2015-01-27,01:20:00,EDSA (SB) MRT-Guadalupe Station Makati,0,0,0,0,0,0,0,0,0,0,2015-01-27 9:20,Property,14.55400112,121.0336264,Side Swipe
None,EDSA,None,None,"No Accident Factor, Side Swipe, 0.0 drivers_injured, 0.0 drivers_killed, 0.0 passengers_injured, 0.0 passengers_killed, 0.0 pedestrian_injured, 0.0 pedestrian_killed, Fair (Day), EDSA (SB) in between Buendia Ave. and A. Arnaiz Ave. Makati",MMDA Road Safety Unit,,52edb0a8-2f65-4393-bde5-1da20e304932,2015-01-26,23:00:00,EDSA (SB) MRT-Guadalupe Station Makati,0,0,0,0,0,0,0,0,0,0,2015-01-27 7:00,Property,14.55051395,121.0295186,Side Swipe
None,EDSA,None,None,"No Accident Factor, Rear-end, 0.0 drivers_injured, 0.0 drivers_killed, 0.0 passengers_injured, 0.0 passengers_killed, 0.0 pedestrian_injured, 0.0 pedestrian_killed, Fair (Night), EDSA (SB) Buendia Ave. Makati",MMDA Road Safety Unit,,e5f6b058-3a9c-448d-b1c4-7f2625e77e9d,2015-01-25,14:20:00,EDSA (SB) Magallanes Loading Bay Makati,0,0,0,0,0,0,0,0,0,0,2015-01-25 22:20,Property,14.55505269,121.034707,Rear-End
None,EDSA,None,None,"No Accident Factor, Rear-end, 0.0 drivers_injured, 0.0 drivers_killed, 0.0 passengers_injured, 0.0 passengers_killed, 0.0 pedestrian_injured, 0.0 pedestrian_killed, Fair (Day), EDSA (SB) Magallanes Loading Bay Makati",MMDA Road Safety Unit,,025887a1-70ef-4e8c-a8c4-548e1d853fae,2015-01-24,04:45:00,EDSA (SB) Ayala Ave. Loading Bay Makati,0,0,0,0,0,0,0,0,0,0,2015-01-24 12:45,Property,14.54282655,121.0202714,Rear-End
None,EDSA,None,None,"No Accident Factor, Rear-end, 0.0 drivers_injured, 0.0 drivers_killed, 2.0 passengers_injured, 0.0 passengers_killed, 0.0 pedestrian_injured, 0.0 pedestrian_killed, Fair (Night), EDSA (SB) Ayala Ave. Makati",MMDA Road Safety Unit,,71f8c3e5-4c75-49f3-8030-3070d2a5a76c,2015-01-23,12:00:00,EDSA (SB) MRT-Guadalupe Station Makati,0,0,0,0,2,0,0,0,0,2,2015-01-23 20:00,Injury,14.55022912,121.0292348,Rear-End
None,EDSA,None,None,"No Accident Factor, Angle Impact, 0.0 drivers_injured, 0.0 drivers_killed, 0.0 passengers_injured, 0.0 passengers_killed, 0.0 pedestrian_injured, 0.0 pedestrian_killed, Fair (Night), EDSA (SB) Palm Drive Makati",MMDA Road Safety Unit,,dd318bf3-fbe2-4698-bed3-cac7051d9205,2015-01-23,12:00:00,EDSA (SB) Magallanes Interchange Makati,0,0,0,0,0,0,0,0,0,0,2015-01-23 20:00,Property,14.54848063,121.0270791,Angle Impact
None,EDSA,None,None,"No Accident Factor, Side Swipe, 0.0 drivers_injured, 0.0 drivers_killed, 0.0 passengers_injured, 0.0 passengers_killed, 0.0 pedestrian_injured, 0.0 pedestrian_killed, Fair (Day), EDSA (SB) Estrella St. Makati",MMDA Road Safety Unit,,f4eb9b83-f27d-4e1a-b1fd-63df81f81a0b,2015-01-23,07:40:00,EDSA (SB) MRT-Guadalupe Station Makati,0,0,0,0,0,0,0,0,0,0,2015-01-23 15:40,Property,14.56002889,121.040751,Side Swipe
None,EDSA,None,None,"No Accident Factor, Multiple Collision, 0.0 drivers_injured, 0.0 drivers_killed, 1.0 passengers_injured, 0.0 passengers_killed, 0.0 pedestrian_injured, 0.0 pedestrian_killed, Fair (Day), EDSA (SB) Magallanes Loading Bay Makati",MMDA Road Safety Unit,,d62088ca-58c9-4202-a615-c65866c803af,2015-01-23,02:50:00,"EDSA (SB) Loyola Memorial Chapel, Guadalupe Viejo Makati",0,0,0,0,1,0,0,0,0,1,2015-01-23 10:50,Injury,14.54282655,121.0202714,Multiple
None,EDSA,None,None,"No Accident Factor, Self-Accident, 0.0 drivers_injured, 0.0 drivers_killed, 0.0 passengers_injured, 0.0 passengers_killed, 0.0 pedestrian_injured, 0.0 pedestrian_killed, Fair (Day), EDSA (SB) MRT-Buendia Station Makati",MMDA Road Safety Unit,,33ab3580-ba35-41dd-9d7e-85bbfe86a033,2015-01-23,00:20:00,EDSA (SB) Palm Drive Makati,0,0,0,0,0,0,0,0,0,0,2015-01-23 8:20,Property,14.55423279,121.0338797,Self-Accident
None,EDSA,None,None,"No Accident Factor, Rear-end, 0.0 drivers_injured, 0.0 drivers_killed, 0.0 passengers_injured, 0.0 passengers_killed, 0.0 pedestrian_injured, 0.0 pedestrian_killed, Fair (Day), EDSA (SB) Estrella St. Makati",MMDA Road Safety Unit,,7dc37f09-54b0-4daa-bf88-5ba30637838e,2015-01-22,00:30:00,EDSA (SB) A. Arnaiz Ave. Makati,0,0,0,0,0,0,0,0,0,0,2015-01-22 8:30,Property,14.56002889,121.040751,Rear-End
None,EDSA,None,None,"No Accident Factor, No Collision Stated (based on Police Blotter Book), 0.0 drivers_injured, 0.0 drivers_killed, 1.0 passengers_injured, 0.0 passengers_killed, 0.0 pedestrian_injured, 0.0 pedestrian_killed, Fair (Day), EDSA (SB) Ayala Loading Bay Makati",MMDA Road Safety Unit,,34edc713-94b1-4253-b42b-f319ba9d3f59,2015-01-21,05:30:00,EDSA (SB) South Super Highway Service Road Makati,0,0,0,0,1,0,0,0,0,1,2015-01-21 13:30,Injury,14.54886,121.0276063,No Collision Stated
None,EDSA,None,None,"No Accident Factor, Hit and Run (No Collision Stated), 0.0 drivers_injured, 0.0 drivers_killed, 0.0 passengers_injured, 0.0 passengers_killed, 0.0 pedestrian_injured, 0.0 pedestrian_killed, Fair (Day), EDSA (SB) MRT-Guadalupe Station Makati",MMDA Road Safety Unit,,e0f66aa0-adb1-4aba-a5b6-b15ab60ba56c,2015-01-21,01:00:00,EDSA (SB) Buendia Ave. Makati,0,0,0,0,0,0,0,0,0,0,2015-01-21 9:00,Property,14.56668632,121.0454204,No Collision Stated
None,EDSA,None,None,"No Accident Factor, Hit and Run (No Collision Stated), 0.0 drivers_injured, 0.0 drivers_killed, 0.0 passengers_injured, 0.0 passengers_killed, 0.0 pedestrian_injured, 0.0 pedestrian_killed, Fair (Day), EDSA (SB) MRT-Guadalupe Station Makati",MMDA Road Safety Unit,,bf228518-fc93-4421-9f0f-18523f29941b,2015-01-21,01:00:00,EDSA (SB) Guadalupe Overpass Makati,0,0,0,0,0,0,0,0,0,0,2015-01-21 9:00,Property,14.56668632,121.0454204,No Collision Stated
None,EDSA,None,None,"No Accident Factor, Rear-end, 0.0 drivers_injured, 0.0 drivers_killed, 0.0 passengers_injured, 0.0 passengers_killed, 0.0 pedestrian_injured, 0.0 pedestrian_killed, Fair (Night), EDSA (SB) Magallanes Loading Bay Makati",MMDA Road Safety Unit,,d96ea65d-26fc-4d71-a86b-5e3cbd103073,2015-01-20,12:15:00,EDSA (SB) Magallanes Interchange Makati,0,0,0,0,0,0,0,0,0,0,2015-01-20 20:15,Property,14.54282655,121.0202714,Rear-End
None,EDSA,None,None,"No Accident Factor, Rear-end, 0.0 drivers_injured, 0.0 drivers_killed, 0.0 passengers_injured, 0.0 passengers_killed, 0.0 pedestrian_injured, 0.0 pedestrian_killed, Fair (Night), EDSA (SB) Ayala Ave. Loading Bay Makati",MMDA Road Safety Unit,,8ffdfc28-9ceb-466a-82e0-c43c6e51878b,2015-01-20,11:40:00,EDSA (SB) Buendia Loading Bay Makati,0,0,0,0,0,0,0,0,0,0,2015-01-20 19:40,Property,14.54888544,121.0275854,Rear-End
None,EDSA,None,None,"No Accident Factor, No Collision Stated (based on Police Blotter Book), 0.0 drivers_injured, 0.0 drivers_killed, 0.0 passengers_injured, 0.0 passengers_killed, 0.0 pedestrian_injured, 0.0 pedestrian_killed, Fair (Day), EDSA (SB) MRT-Guadalupe Station Makati",MMDA Road Safety Unit,,01e19cff-926b-4f8c-99c9-c0ef5bddc763,2015-01-20,01:00:00,EDSA (SB) Magallanes Loading Bay Makati,0,0,0,0,0,0,0,0,0,0,2015-01-20 9:00,Property,14.56668632,121.0454204,No Collision Stated
None,EDSA,None,None,"No Accident Factor, No Collision Stated (based on Police Blotter Book), 0.0 drivers_injured, 0.0 drivers_killed, 0.0 passengers_injured, 0.0 passengers_killed, 0.0 pedestrian_injured, 0.0 pedestrian_killed, Rain (Night), EDSA (SB) Magallanes Interchange Makati",MMDA Road Safety Unit,,4e9eced0-0011-4af4-845c-75e252f4b864,2015-01-18,11:45:00,EDSA (SB) Buendia Loading Bay Makati,0,0,0,0,0,0,0,0,0,0,2015-01-18 19:45,Property,14.54028633,121.0167655,No Collision Stated
None,EDSA,None,None,"No Accident Factor, Side Swipe, 0.0 drivers_injured, 0.0 drivers_killed, 0.0 passengers_injured, 0.0 passengers_killed, 0.0 pedestrian_injured, 0.0 pedestrian_killed, Fair (Day), EDSA (SB) MRT-Guadalupe Station Makati",MMDA Road Safety Unit,,b9837ae4-c64f-473b-8edb-41936ab0ee34,2015-01-17,09:00:00,EDSA (SB) A. Arnaiz Ave. Makati,0,0,0,0,0,0,0,0,0,0,2015-01-17 17:00,Property,14.56668632,121.0454204,Side Swipe
None,EDSA,None,None,"No Accident Factor, Rear-end, 0.0 drivers_injured, 0.0 drivers_killed, 0.0 passengers_injured, 0.0 passengers_killed, 0.0 pedestrian_injured, 0.0 pedestrian_killed, Fair (Day), EDSA (SB) Loyola Memorial Chapel, Guadalupe Viejo Makati",MMDA Road Safety Unit,,5bf1f67e-3d45-462f-bfdd-3d1b0213b2a5,2015-01-16,06:00:00,EDSA (SB) MRT-Magallanes Station Makati,0,0,0,0,0,0,0,0,0,0,2015-01-16 14:00,Property,14.5653264,121.0449169,Rear-End
None,EDSA,None,None,"No Accident Factor, Side Swipe, 0.0 drivers_injured, 0.0 drivers_killed, 0.0 passengers_injured, 0.0 passengers_killed, 0.0 pedestrian_injured, 0.0 pedestrian_killed, Fair (Night), EDSA (SB) Palm Drive Makati",MMDA Road Safety Unit,,f85b627e-56e1-4786-9f31-bff35eb0cf68,2015-01-13,11:30:00,EDSA (SB) Magallanes Loading Bay Makati,0,0,0,0,0,0,0,0,0,0,2015-01-13 19:30,Property,14.54848063,121.0270791,Side Swipe
None,EDSA,None,None,"No Accident Factor, Side Swipe, 0.0 drivers_injured, 0.0 drivers_killed, 0.0 passengers_injured, 0.0 passengers_killed, 0.0 pedestrian_injured, 0.0 pedestrian_killed, Fair (Night), EDSA (SB) A. Arnaiz Ave. Makati",MMDA Road Safety Unit,,7e1d95f9-1bd8-41a2-885d-614bbfb6fc17,2015-01-12,12:25:00,EDSA (SB) MRT-Guadalupe Station Makati,0,0,0,0,0,0,0,0,0,0,2015-01-12 20:25,Property,14.54765031,121.0260523,Side Swipe
None,EDSA,None,None,"No Accident Factor, Side Swipe, 0.0 drivers_injured, 0.0 drivers_killed, 0.0 passengers_injured, 0.0 passengers_killed, 0.0 pedestrian_injured, 0.0 pedestrian_killed, Fair (Day), EDSA (SB) South Super Highway Service Road Makati",MMDA Road Safety Unit,,5479238a-ea52-4999-ac05-53a03d7ab649,2015-01-12,08:30:00,EDSA (SB) Magallanes Interchange Makati,0,0,0,0,0,0,0,0,0,0,2015-01-12 16:30,Property,14.54025479,121.0167901,Side Swipe
None,EDSA,None,None,"No Accident Factor, Side Swipe, 0.0 drivers_injured, 0.0 drivers_killed, 0.0 passengers_injured, 0.0 passengers_killed, 0.0 pedestrian_injured, 0.0 pedestrian_killed, Fair (Day), EDSA (SB) Buendia Ave. Makati",MMDA Road Safety Unit,,c0cd12de-052b-4c8a-9b50-9f5ca62fb273,2015-01-12,02:10:00,EDSA (SB) Palm Drive Makati,0,0,0,0,0,0,0,0,0,0,2015-01-12 10:10,Property,14.55505269,121.034707,Side Swipe
None,EDSA,None,None,"No Accident Factor, No Collision Stated (based on Police Blotter Book), 0.0 drivers_injured, 0.0 drivers_killed, 0.0 passengers_injured, 0.0 passengers_killed, 0.0 pedestrian_injured, 0.0 pedestrian_killed, Fair (Night), EDSA (SB) Guadalupe Overpass Makati",MMDA Road Safety Unit,,98a1bbb0-3728-4fa0-b772-35991123ed44,2015-01-10,20:00:00,EDSA (SB) Magallanes Interchange Makati,0,0,0,0,0,0,0,0,0,0,2015-01-11 4:00,Property,14.56480938,121.0448502,No Collision Stated
None,EDSA,None,None,"No Accident Factor, Hit Object (Light/Lamp Post / Signage), 0.0 drivers_injured, 0.0 drivers_killed, 0.0 passengers_injured, 0.0 passengers_killed, 0.0 pedestrian_injured, 0.0 pedestrian_killed, Fair (Night), EDSA (SB) Magallanes Interchange Makati",MMDA Road Safety Unit,,df0bf2ba-36e0-49f0-8ee7-bdd546441abc,2015-01-10,14:30:00,"EDSA (SB) Loyola Memorial Chapel, Guadalupe Viejo Makati",0,0,0,0,0,0,0,0,0,0,2015-01-10 22:30,Property,14.54028633,121.0167655,Hit Object
None,EDSA,None,None,"No Accident Factor, Side Swipe, 0.0 drivers_injured, 0.0 drivers_killed, 0.0 passengers_injured, 0.0 passengers_killed, 0.0 pedestrian_injured, 0.0 pedestrian_killed, Fair (Day), EDSA (SB) Buendia Loading Bay Makati",MMDA Road Safety Unit,,fb20ceb6-8b47-4cbc-95f4-c35ea65f88d1,2015-01-09,08:55:00,EDSA (SB) Evangelista St. Makati,0,0,0,0,0,0,0,0,0,0,2015-01-09 16:55,Property,14.55400112,121.0336264,Side Swipe
None,EDSA,None,None,"No Accident Factor, Rear-end, 0.0 drivers_injured, 0.0 drivers_killed, 0.0 passengers_injured, 0.0 passengers_killed, 0.0 pedestrian_injured, 0.0 pedestrian_killed, Fair (Day), EDSA (SB) Magallanes Loading Bay Makati",MMDA Road Safety Unit,,7da20014-563a-45bc-bf47-25dba2061034,2015-01-09,06:20:00,EDSA (SB) Evangelista St. Makati,0,0,0,0,0,0,0,0,0,0,2015-01-09 14:20,Property,14.54282655,121.0202714,Rear-End
None,EDSA,None,None,"No Accident Factor, Rear-end, 0.0 drivers_injured, 0.0 drivers_killed, 0.0 passengers_injured, 0.0 passengers_killed, 0.0 pedestrian_injured, 0.0 pedestrian_killed, Fair (Day), EDSA (SB) Buendia Loading Bay Makati",MMDA Road Safety Unit,,5df86d16-a708-4c76-b63e-3c4a237e9153,2015-01-09,00:45:00,EDSA (SB) Bernardino St.  Makati,0,0,0,0,0,0,0,0,0,0,2015-01-09 8:45,Property,14.55400112,121.0336264,Rear-End
None,EDSA,None,None,"No Accident Factor, No Collision Stated (based on Police Blotter Book), 0.0 drivers_injured, 0.0 drivers_killed, 0.0 passengers_injured, 0.0 passengers_killed, 0.0 pedestrian_injured, 0.0 pedestrian_killed, Fair (Day), EDSA (SB) A. Arnaiz Ave. Makati",MMDA Road Safety Unit,,b2c1da07-dbc4-4d56-be6a-4309ddb27cfc,2015-01-08,09:30:00,EDSA (SB) Buendia Ave. Makati,0,0,0,0,0,0,0,0,0,0,2015-01-08 17:30,Property,14.54765031,121.0260523,No Collision Stated
None,EDSA,None,None,"No Accident Factor, Side Swipe, 0.0 drivers_injured, 0.0 drivers_killed, 0.0 passengers_injured, 0.0 passengers_killed, 0.0 pedestrian_injured, 0.0 pedestrian_killed, Fair (Day), EDSA (SB) MRT-Magallanes Station Makati",MMDA Road Safety Unit,,ff8d1431-3088-4459-b38c-c83add7ed8ac,2015-01-08,05:50:00,EDSA (SB) East Cloverleaf Makati,0,0,0,0,0,0,0,0,0,0,2015-01-08 13:50,Property,14.54205011,121.0196401,Side Swipe
None,EDSA,None,None,"No Accident Factor, Side Swipe, 0.0 drivers_injured, 0.0 drivers_killed, 0.0 passengers_injured, 0.0 passengers_killed, 0.0 pedestrian_injured, 0.0 pedestrian_killed, Fair (Night), EDSA (SB) Magallanes Loading Bay Makati",MMDA Road Safety Unit,,42bf51dc-be43-46ac-b9de-3bbbac61f487,2015-01-07,11:05:00,EDSA (SB) West Cloverleaf Makati,0,0,0,0,0,0,0,0,0,0,2015-01-07 19:05,Property,14.54282655,121.0202714,Side Swipe
None,EDSA,None,None,"No Accident Factor, No Collision Stated (based on Police Blotter Book), 0.0 drivers_injured, 0.0 drivers_killed, 0.0 passengers_injured, 0.0 passengers_killed, 0.0 pedestrian_injured, 0.0 pedestrian_killed, Fair (Night), EDSA (SB) MRT-Guadalupe Station Makati",MMDA Road Safety Unit,,d176e87c-c593-4cd5-95cc-2d811fb0ceb2,2015-01-07,10:30:00,EDSA (SB) Ayala Ave. Makati,0,0,0,0,0,0,0,0,0,0,2015-01-07 18:30,Property,14.56668632,121.0454204,No Collision Stated
None,EDSA,None,None,"No Accident Factor, Side Swipe, 0.0 drivers_injured, 0.0 drivers_killed, 0.0 passengers_injured, 0.0 passengers_killed, 0.0 pedestrian_injured, 0.0 pedestrian_killed, Fair (Day), EDSA (SB) Magallanes Interchange Makati",MMDA Road Safety Unit,,98d62dd1-ac17-4243-82d3-c2086c47b3ab,2015-01-05,06:25:00,EDSA (SB) Estrella St.  Makati,0,0,0,0,0,0,0,0,0,0,2015-01-05 14:25,Property,14.54028633,121.0167655,Side Swipe
None,EDSA,None,None,"No Accident Factor, Side Swipe, 0.0 drivers_injured, 0.0 drivers_killed, 0.0 passengers_injured, 0.0 passengers_killed, 0.0 pedestrian_injured, 0.0 pedestrian_killed, Fair (Day), EDSA (SB) Palm Drive Makati",MMDA Road Safety Unit,,88521cbc-581e-41a4-bf26-cd6cceb3dfe3,2015-01-04,03:00:00,EDSA (SB) Ayala Ave. (MRT Station) Makati,0,0,0,0,0,0,0,0,0,0,2015-01-04 11:00,Property,14.54848063,121.0270791,Side Swipe
None,EDSA,None,None,"No Accident Factor, Rear-end, 0.0 drivers_injured, 0.0 drivers_killed, 0.0 passengers_injured, 0.0 passengers_killed, 0.0 pedestrian_injured, 0.0 pedestrian_killed, Fair (Day), EDSA (SB) Magallanes Interchange Makati",MMDA Road Safety Unit,,08974b6e-f79b-4cae-9a53-17445be7bdbc,2015-01-03,08:50:00,EDSA (SB) Magallanes Loading Bay Makati,0,0,0,0,0,0,0,0,0,0,2015-01-03 16:50,Property,14.54028633,121.0167655,Rear-End
None,EDSA,None,None,"No Accident Factor, No Collision Stated (based on Police Blotter Book), 0.0 drivers_injured, 0.0 drivers_killed, 0.0 passengers_injured, 0.0 passengers_killed, 0.0 pedestrian_injured, 0.0 pedestrian_killed, Fair (Night), EDSA (SB) Loyola Memorial Chapel, Guadalupe Viejo Makati",MMDA Road Safety Unit,,bea2e3fb-6f8b-4043-acb2-4d405008e707,2015-01-02,10:00:00,EDSA (SB) Magallanes Loading Bay Makati,0,0,0,0,0,0,0,0,0,0,2015-01-02 18:00,Property,14.5653264,121.0449169,No Collision Stated
None,EDSA,None,None,"No Accident Factor, Side Swipe, 0.0 drivers_injured, 0.0 drivers_killed, 0.0 passengers_injured, 0.0 passengers_killed, 0.0 pedestrian_injured, 0.0 pedestrian_killed, Fair (Day), EDSA (SB) Evangelista St. Makati",MMDA Road Safety Unit,,329c257b-e6b5-4ded-9cfd-a8e33b9ea8f3,2014-12-29,05:55:00,EDSA (SB) Evangelista St. Makati,0,0,0,0,0,0,0,0,0,0,2014-12-29 13:55,Property,14.53903137,121.0123272,Side Swipe
None,EDSA,None,None,"No Accident Factor, Angle Impact, 0.0 drivers_injured, 0.0 drivers_killed, 0.0 passengers_injured, 0.0 passengers_killed, 0.0 pedestrian_injured, 0.0 pedestrian_killed, Fair (Day), EDSA (SB) Evangelista St. Makati",MMDA Road Safety Unit,,62ceaccc-f47a-4e91-b9a6-beac6b9cbaef,2014-12-26,22:30:00,EDSA (SB) Estrella St.  Makati,0,0,0,0,0,0,0,0,0,0,2014-12-27 6:30,Property,14.53903137,121.0123272,Angle Impact
None,EDSA,None,None,"No Accident Factor, Side Swipe, 0.0 drivers_injured, 0.0 drivers_killed, 0.0 passengers_injured, 0.0 passengers_killed, 0.0 pedestrian_injured, 0.0 pedestrian_killed, Fair (Day), EDSA (SB) Bernardino St.  Makati",MMDA Road Safety Unit,,e96bd48f-1b2a-4310-bb12-f8ebfd1728c0,2014-12-26,04:25:00,EDSA (SB) Buendia Ave. Makati,0,0,0,0,0,0,0,0,0,0,2014-12-26 12:25,Property,14.5656985,121.0450952,Side Swipe
None,EDSA,None,None,"No Accident Factor, Rear-end, 0.0 drivers_injured, 0.0 drivers_killed, 0.0 passengers_injured, 0.0 passengers_killed, 0.0 pedestrian_injured, 0.0 pedestrian_killed, Fair (Night), EDSA (SB) Buendia Ave. Makati",MMDA Road Safety Unit,,7ed1415a-84bd-4702-bd2b-9d3b94d58fab,2014-12-25,17:30:00,EDSA (SB) Alpha Land Bldg. Makati,0,0,0,0,0,0,0,0,0,0,2014-12-26 1:30,Property,14.55505269,121.034707,Rear-End
None,EDSA,None,None,"No Accident Factor, Hit and Run (Rear-end), 0.0 drivers_injured, 0.0 drivers_killed, 0.0 passengers_injured, 0.0 passengers_killed, 0.0 pedestrian_injured, 0.0 pedestrian_killed, Fair (Night), EDSA (SB) East Cloverleaf Makati",MMDA Road Safety Unit,,114e241d-c42f-42fa-99ff-96d157acfce9,2014-12-23,21:15:00,EDSA (SB) Bernardino St. Makati,0,0,0,0,0,0,0,0,0,0,2014-12-24 5:15,Property,14.56709999,121.0457089,Rear-End
None,EDSA,None,None,"No Accident Factor, No Collision Stated (based on Police Blotter Book), 1.0 drivers_injured, 0.0 drivers_killed, 0.0 passengers_injured, 0.0 passengers_killed, 0.0 pedestrian_injured, 0.0 pedestrian_killed, Fair (Night), EDSA (SB) West Cloverleaf Makati",MMDA Road Safety Unit,,83fdee5a-1dee-4baa-8a51-c39368578eba,2014-12-23,13:35:00,EDSA (SB) Evangelista St. Makati,0,0,0,1,0,0,0,0,0,1,2014-12-23 21:35,Injury,14.56779247,121.0455985,No Collision Stated
None,EDSA,None,None,"No Accident Factor, Multiple Collision, 0.0 drivers_injured, 0.0 drivers_killed, 0.0 passengers_injured, 0.0 passengers_killed, 0.0 pedestrian_injured, 0.0 pedestrian_killed, Fair (Night), EDSA (SB) Ayala Ave. Makati",MMDA Road Safety Unit,,3eaaa9e7-aea6-430a-9f1a-60b334f32b6c,2014-12-23,12:30:00,EDSA (SB) Magallanes Interchange Makati,0,0,0,0,0,0,0,0,0,0,2014-12-23 20:30,Property,14.55022912,121.0292348,Multiple
None,EDSA,None,None,"No Accident Factor, Side Swipe, 0.0 drivers_injured, 0.0 drivers_killed, 0.0 passengers_injured, 0.0 passengers_killed, 0.0 pedestrian_injured, 0.0 pedestrian_killed, Fair (Day), EDSA (SB) Estrella St.  Makati",MMDA Road Safety Unit,,75d4b86a-0c10-46f4-8321-51c9141d7a72,2014-12-23,07:40:00,EDSA (SB) Buendia Ave. Makati,0,0,0,0,0,0,0,0,0,0,2014-12-23 15:40,Property,14.56002889,121.040751,Side Swipe
None,EDSA,None,None,"No Accident Factor, Rear-end, 0.0 drivers_injured, 0.0 drivers_killed, 0.0 passengers_injured, 0.0 passengers_killed, 0.0 pedestrian_injured, 0.0 pedestrian_killed, Fair (Day), EDSA (SB) Ayala Ave. (MRT Station) Makati",MMDA Road Safety Unit,,683252c2-6259-40a7-b4fd-3e52c315ecac,2014-12-22,07:10:00,EDSA (SB) Ayala Ave.  Makati,0,0,0,0,0,0,0,0,0,0,2014-12-22 15:10,Property,14.54917484,121.0280822,Rear-End