LOCATION_TEXT,ROAD,WEATHER,LIGHT,DESC,REPORTING_AGENCY,MAIN_CAUSE,INCIDENTDETAILS_ID,DATE_UTC,TIME_UTC,ADDRESS,killed_driver,killed_passenger,killed_pedestrian,injured_driver,injured_passenger,injured_pedestrian,killed_uncategorized,injured_uncategorized,killed_total,injured_total,DATETIME_PST,SEVERITY,Y,X,COLLISION_TYPE
None,EDSA,None,None,"No Accident Factor, Rear-end, 0.0 drivers_injured, 0.0 drivers_killed, 0.0 passengers_injured, 0.0 passengers_killed, 0.0 pedestrian_injured, 0.0 pedestrian_killed, Fair (Day), EDSA (SB) Magallanes Loading Bay Makati",MMDA Road Safety Unit,,d9b5383c-9598-40e9-8fe3-20d720805065,2014-12-22,06:45:00,EDSA (SB) A. Arnaiz Ave. Makati,0,0,0,0,0,0,0,0,0,0,2014-12-22 14:45,Property,14.54282655,121.0202714,Rear-End
None,EDSA,None,None,"No Accident Factor, Side Swipe, 0.0 drivers_injured, 0.0 drivers_killed, 0.0 passengers_injured, 0.0 passengers_killed, 0.0 pedestrian_injured, 0.0 pedestrian_killed, Fair (Day), EDSA (SB) Magallanes Loading Bay Makati",MMDA Road Safety Unit,,458fb415-1953-40fb-bf83-e88ab751e9d3,2014-12-22,02:05:00,EDSA (SB) Evangelista St. Makati,0,0,0,0,0,0,0,0,0,0,2014-12-22 10:05,Property,14.54282655,121.0202714,Side Swipe
None,EDSA,None,None,"No Accident Factor, Side Swipe, 0.0 drivers_injured, 0.0 drivers_killed, 0.0 passengers_injured, 0.0 passengers_killed, 0.0 pedestrian_injured, 0.0 pedestrian_killed, Rain (Day), EDSA (SB) Evangelista St. Makati",MMDA Road Safety Unit,,baeefd97-4c30-4b08-a377-261253e33cf0,2014-12-21,09:00:00,EDSA (SB)  Guadalupe Loading Bay  Makati,0,0,0,0,0,0,0,0,0,0,2014-12-21 17:00,Property,14.53903137,121.0123272,Side Swipe
None,EDSA,None,None,"No Accident Factor, Multiple Collision, 1.0 drivers_injured, 0.0 drivers_killed, 0.0 passengers_injured, 0.0 passengers_killed, 0.0 pedestrian_injured, 0.0 pedestrian_killed, Fair (Night), EDSA (SB) Estrella St.  Makati",MMDA Road Safety Unit,,ab1286b2-0ad2-4d8b-b400-4483072d1c34,2014-12-20,13:30:00,EDSA (SB)  Ayala Ave.  Makati,0,0,0,1,0,0,0,0,0,1,2014-12-20 21:30,Injury,14.56002889,121.040751,Multiple
None,EDSA,None,None,"No Accident Factor, Rear-end, 0.0 drivers_injured, 0.0 drivers_killed, 0.0 passengers_injured, 0.0 passengers_killed, 0.0 pedestrian_injured, 0.0 pedestrian_killed, Fair (Day), EDSA (SB) Buendia Ave. Makati",MMDA Road Safety Unit,,aeb2f23b-1673-4082-8813-c22822f79afa,2014-12-20,07:55:00,EDSA (SB)  Bus Stop Magallanes Makati,0,0,0,0,0,0,0,0,0,0,2014-12-20 15:55,Property,14.55505269,121.034707,Rear-End
None,EDSA,None,None,"No Accident Factor, Rear-end, 0.0 drivers_injured, 0.0 drivers_killed, 0.0 passengers_injured, 0.0 passengers_killed, 0.0 pedestrian_injured, 0.0 pedestrian_killed, Fair (Day), EDSA (SB) Alpha Land Bldg. Makati",MMDA Road Safety Unit,,e79449d0-2dd4-4f17-bdca-e45347a4c4a0,2014-12-20,05:15:00,EDSA (SB) Buendia Ave. Makati,0,0,0,0,0,0,0,0,0,0,2014-12-20 13:15,Property,14.54122056,121.0185065,Rear-End
None,EDSA,None,None,"No Accident Factor, Rear-end, 0.0 drivers_injured, 0.0 drivers_killed, 0.0 passengers_injured, 0.0 passengers_killed, 0.0 pedestrian_injured, 0.0 pedestrian_killed, Fair (Day), EDSA (SB) Bernardino St. Makati",MMDA Road Safety Unit,,7ce04447-255b-4f98-ba35-607c946d7e53,2014-12-20,01:50:00,EDSA (SB) Estrella St. Makati,0,0,0,0,0,0,0,0,0,0,2014-12-20 9:50,Property,14.5656985,121.0450952,Rear-End
None,EDSA,None,None,"No Accident Factor, Side Swipe, 0.0 drivers_injured, 0.0 drivers_killed, 0.0 passengers_injured, 0.0 passengers_killed, 0.0 pedestrian_injured, 0.0 pedestrian_killed, Fair (Night), EDSA (SB) Evangelista St. Makati",MMDA Road Safety Unit,,23b84a01-bbd6-4a16-a998-39a7656fa54c,2014-12-19,11:00:00,EDSA (SB) Ayala-Buendia Split  Makati,0,0,0,0,0,0,0,0,0,0,2014-12-19 19:00,Property,14.53903137,121.0123272,Side Swipe
None,EDSA,None,None,"No Accident Factor, Side Swipe, 1.0 drivers_injured, 0.0 drivers_killed, 0.0 passengers_injured, 0.0 passengers_killed, 0.0 pedestrian_injured, 0.0 pedestrian_killed, Fair (Day), EDSA (SB) Magallanes Interchange Makati",MMDA Road Safety Unit,,e8303581-290e-438c-8ac8-f7cbec5ba5a3,2014-12-18,08:05:00,EDSA (SB) San Lorenzo Village  Makati,0,0,0,1,0,0,0,0,0,1,2014-12-18 16:05,Injury,14.54028633,121.0167655,Side Swipe
None,EDSA,None,None,"No Accident Factor, Rear-end, 0.0 drivers_injured, 0.0 drivers_killed, 0.0 passengers_injured, 0.0 passengers_killed, 0.0 pedestrian_injured, 0.0 pedestrian_killed, Fair (Day), EDSA (SB) Buendia Ave. Makati",MMDA Road Safety Unit,,746a491e-5a69-4089-97e0-e94fbc68052e,2014-12-18,04:55:00,EDSA (SB) Evangelista St. Makati,0,0,0,0,0,0,0,0,0,0,2014-12-18 12:55,Property,14.55505269,121.034707,Rear-End
None,EDSA,None,None,"No Accident Factor, Rear-end, 0.0 drivers_injured, 0.0 drivers_killed, 0.0 passengers_injured, 0.0 passengers_killed, 0.0 pedestrian_injured, 0.0 pedestrian_killed, Fair (Night), EDSA (SB) Ayala Ave.  Makati",MMDA Road Safety Unit,,5cac0eee-430d-4805-9c43-23dc71d121cb,2014-12-17,13:00:00,EDSA (SB) Guadalupe MRT Station  Makati,0,0,0,0,0,0,0,0,0,0,2014-12-17 21:00,Property,14.55032185,121.0294221,Rear-End
None,EDSA,None,None,"No Accident Factor, Hit and Run (No Collision Stated), 0.0 drivers_injured, 0.0 drivers_killed, 0.0 passengers_injured, 0.0 passengers_killed, 0.0 pedestrian_injured, 0.0 pedestrian_killed, Fair (Day), EDSA (SB) A. Arnaiz Ave. Makati",MMDA Road Safety Unit,,413e1a84-0aa0-43c3-90a1-a56f1871553a,2014-12-16,07:40:00,EDSA (SB) Evangelista St. Makati,0,0,0,0,0,0,0,0,0,0,2014-12-16 15:40,Property,14.54765031,121.0260523,No Collision Stated
None,EDSA,None,None,"No Accident Factor, Hit and Run (No Collision Stated), 0.0 drivers_injured, 0.0 drivers_killed, 0.0 passengers_injured, 0.0 passengers_killed, 0.0 pedestrian_injured, 0.0 pedestrian_killed, Fair (Night), EDSA (SB) Evangelista St. Makati",MMDA Road Safety Unit,,9455f106-1be0-44fe-8e1f-9031c45cba40,2014-12-12,17:15:00,EDSA (SB) Farmers Makati,0,0,0,0,0,0,0,0,0,0,2014-12-13 1:15,Property,14.53903137,121.0123272,No Collision Stated
None,EDSA,None,None,"No Accident Factor, Side Swipe, 0.0 drivers_injured, 0.0 drivers_killed, 0.0 passengers_injured, 0.0 passengers_killed, 0.0 pedestrian_injured, 0.0 pedestrian_killed, Fair (Night), EDSA (SB)  Guadalupe Loading Bay  Makati",MMDA Road Safety Unit,,4cae50cf-b252-4bf2-b415-70590b981a0f,2014-12-11,06:00:00,EDSA (SB) Reliance St.  Makati,0,0,0,0,0,0,0,0,0,0,2014-12-11 14:00,Property,14.56458659,121.044657,Side Swipe
None,EDSA,None,None,"No Accident Factor, Side Swipe, 0.0 drivers_injured, 0.0 drivers_killed, 0.0 passengers_injured, 0.0 passengers_killed, 0.0 pedestrian_injured, 0.0 pedestrian_killed, Fair (Night), EDSA (SB)  Ayala Ave.  Makati",MMDA Road Safety Unit,,36d0c8a3-d1e8-4240-ae05-af9905d41902,2014-12-10,14:30:00,EDSA (SB) Buendia Ave.  Makati,0,0,0,0,0,0,0,0,0,0,2014-12-10 22:30,Property,14.55041073,121.0293293,Side Swipe
None,EDSA,None,None,"No Accident Factor, Multiple Collision, 0.0 drivers_injured, 0.0 drivers_killed, 0.0 passengers_injured, 0.0 passengers_killed, 0.0 pedestrian_injured, 0.0 pedestrian_killed, Fair (Night), EDSA (SB)  Bus Stop Magallanes Makati",MMDA Road Safety Unit,,fc01989e-4f77-4c4a-913d-85e35f585dbd,2014-12-10,06:45:00,EDSA (SB) Estrella St.  Makati,0,0,0,0,0,0,0,0,0,0,2014-12-10 14:45,Property,14.54305638,121.0204687,Multiple
None,EDSA,None,None,"No Accident Factor, Hit Object (Barrier-Concrete), 0.0 drivers_injured, 0.0 drivers_killed, 0.0 passengers_injured, 0.0 passengers_killed, 0.0 pedestrian_injured, 0.0 pedestrian_killed, Fair (Day), EDSA (SB) Buendia Ave. Makati",MMDA Road Safety Unit,,b86a23fb-bb61-422d-bccc-a30fc9bc77f3,2014-12-10,02:20:00,EDSA (SB) Shell Gasoline Station  Makati,0,0,0,0,0,0,0,0,0,0,2014-12-10 10:20,Property,14.55505269,121.034707,Hit Object
None,EDSA,None,None,"No Accident Factor, Side Swipe, 0.0 drivers_injured, 0.0 drivers_killed, 0.0 passengers_injured, 0.0 passengers_killed, 0.0 pedestrian_injured, 0.0 pedestrian_killed, Fair (Day), EDSA (SB) Estrella St. Makati",MMDA Road Safety Unit,,672a7a7f-dca0-46be-94e1-acbbb838281f,2014-12-10,00:00:00,EDSA (SB) Ayala Ave.  Makati,0,0,0,0,0,0,0,0,0,0,2014-12-10 8:00,Property,14.56002889,121.040751,Side Swipe
None,EDSA,None,None,"No Accident Factor, Side Swipe, 0.0 drivers_injured, 0.0 drivers_killed, 0.0 passengers_injured, 0.0 passengers_killed, 0.0 pedestrian_injured, 0.0 pedestrian_killed, Fair (Day), EDSA (SB) Ayala-Buendia Split  Makati",MMDA Road Safety Unit,,8b95ab31-a832-46e4-aca9-d9e1d72bd45b,2014-12-09,01:45:00,EDSA (SB) Estrella Foot Bridge  Makati,0,0,0,0,0,0,0,0,0,0,2014-12-09 9:45,Property,14.55243515,121.0316519,Side Swipe
None,EDSA,None,None,"No Accident Factor, Rear-end, 0.0 drivers_injured, 0.0 drivers_killed, 0.0 passengers_injured, 0.0 passengers_killed, 0.0 pedestrian_injured, 0.0 pedestrian_killed, Fair (Night), EDSA (SB) San Lorenzo Village  Makati",MMDA Road Safety Unit,,bf0d3f97-2f99-4f1c-a72b-96d5a4a505a9,2014-12-05,14:15:00,EDSA (SB) Buendia Ave.     Makati,0,0,0,0,0,0,0,0,0,0,2014-12-05 22:15,Property,14.5422524,121.0195278,Rear-End
None,EDSA,None,None,"No Accident Factor, Side Swipe, 0.0 drivers_injured, 0.0 drivers_killed, 0.0 passengers_injured, 0.0 passengers_killed, 0.0 pedestrian_injured, 0.0 pedestrian_killed, Fair (Night), EDSA (SB) Evangelista St. Makati",MMDA Road Safety Unit,,c13f641b-aff3-461b-92e6-563eec5ecbe5,2014-12-04,10:35:00,EDSA (SB) Ayala Ave. Makati,0,0,0,0,0,0,0,0,0,0,2014-12-04 18:35,Property,14.53903137,121.0123272,Side Swipe
None,EDSA,None,None,"No Accident Factor, Rear-end, 0.0 drivers_injured, 0.0 drivers_killed, 0.0 passengers_injured, 0.0 passengers_killed, 0.0 pedestrian_injured, 0.0 pedestrian_killed, Fair (Day), EDSA (SB) Guadalupe MRT Station  Makati",MMDA Road Safety Unit,,354df9c7-84aa-472d-850c-864ddd208243,2014-12-04,02:00:00,EDSA (SB) A. Arnaiz Ave. Makati,0,0,0,0,0,0,0,0,0,0,2014-12-04 10:00,Property,14.5665734,121.0453551,Rear-End
None,EDSA,None,None,"No Accident Factor, Side Swipe, 0.0 drivers_injured, 0.0 drivers_killed, 0.0 passengers_injured, 0.0 passengers_killed, 0.0 pedestrian_injured, 0.0 pedestrian_killed, Fair (Day), EDSA (SB) Evangelista St. Makati",MMDA Road Safety Unit,,9bbbd132-dd13-4e45-a3dc-bde117692872,2014-12-03,05:20:00,EDSA (SB) Guadalupe Bridge  Makati,0,0,0,0,0,0,0,0,0,0,2014-12-03 13:20,Property,14.53903137,121.0123272,Side Swipe
None,EDSA,None,None,"No Accident Factor, Hit and Run (Side Swipe), 0.0 drivers_injured, 0.0 drivers_killed, 0.0 passengers_injured, 0.0 passengers_killed, 0.0 pedestrian_injured, 0.0 pedestrian_killed, Fair (Day), EDSA (SB) Farmers Makati",MMDA Road Safety Unit,,8e18bb6f-da12-4d50-bae2-73023d6fab4f,2014-12-03,00:15:00,EDSA (SB) Guadalupe Bridge  Makati,0,0,0,0,0,0,0,0,0,0,2014-12-03 8:15,Property,14.61915728,121.0512277,Side Swipe
None,EDSA,None,None,"No Accident Factor, Side Swipe, 0.0 drivers_injured, 0.0 drivers_killed, 0.0 passengers_injured, 0.0 passengers_killed, 0.0 pedestrian_injured, 0.0 pedestrian_killed, Fair (Night), EDSA (SB) Reliance St.  Makati",MMDA Road Safety Unit,,15d34d6e-2843-4599-94ba-76a9d8fb1b8c,2014-12-01,20:45:00,EDSA (SB) between Mantrade & A. Arnaiz Ave.  Makati,0,0,0,0,0,0,0,0,0,0,2014-12-02 4:45,Property,14.5766735,121.0504119,Side Swipe
None,EDSA,None,None,"No Accident Factor, Side Swipe, 0.0 drivers_injured, 0.0 drivers_killed, 0.0 passengers_injured, 0.0 passengers_killed, 0.0 pedestrian_injured, 0.0 pedestrian_killed, Fair (Night), EDSA (SB) Buendia Ave.  Makati",MMDA Road Safety Unit,,38791d94-2b94-4820-8423-42353e1dc402,2014-12-01,13:50:00,EDSA (SB) Magallanes MRT Station  Makati,0,0,0,0,0,0,0,0,0,0,2014-12-01 21:50,Property,14.55505269,121.034707,Side Swipe
None,EDSA,None,None,"No Accident Factor, No Collision Stated (based on Police Blotter Book), 0.0 drivers_injured, 0.0 drivers_killed, 0.0 passengers_injured, 0.0 passengers_killed, 0.0 pedestrian_injured, 0.0 pedestrian_killed, Fair (Night), EDSA (SB) Estrella St.  Makati",MMDA Road Safety Unit,,f349fcd7-986f-4d55-916f-c6a4ce181776,2014-11-28,11:20:00,EDSA (SB) Ayala Ave.  Makati,0,0,0,0,0,0,0,0,0,0,2014-11-28 19:20,Property,14.56002889,121.040751,No Collision Stated
None,EDSA,None,None,"No Accident Factor, Side Swipe, 0.0 drivers_injured, 0.0 drivers_killed, 0.0 passengers_injured, 0.0 passengers_killed, 0.0 pedestrian_injured, 0.0 pedestrian_killed, Fair (Night), EDSA (SB) Shell Gasoline Station  Makati",MMDA Road Safety Unit,,2bc58319-e5b2-4078-9c67-651aa455ca60,2014-11-27,10:15:00,EDSA (SB) Ayala Loading Bay  Makati,0,0,0,0,0,0,0,0,0,0,2014-11-27 18:15,Property,14.55547546,121.0352249,Side Swipe
None,EDSA,None,None,"No Accident Factor, Side Swipe, 0.0 drivers_injured, 0.0 drivers_killed, 0.0 passengers_injured, 0.0 passengers_killed, 0.0 pedestrian_injured, 0.0 pedestrian_killed, Fair (Night), EDSA (SB) Ayala Ave.  Makati",MMDA Road Safety Unit,,f9b4608d-679e-4300-93b6-b39493d3fe4d,2014-11-26,10:00:00,EDSA (SB) Estrella Footbridge Makati,0,0,0,0,0,0,0,0,0,0,2014-11-26 18:00,Property,14.55032185,121.0294221,Side Swipe
None,EDSA,None,None,"No Accident Factor, Side Swipe, 0.0 drivers_injured, 0.0 drivers_killed, 0.0 passengers_injured, 0.0 passengers_killed, 0.0 pedestrian_injured, 0.0 pedestrian_killed, Fair (Day), EDSA (SB) Estrella Foot Bridge  Makati",MMDA Road Safety Unit,,96d818b5-f81c-4db7-8f5d-2edb9b9fdb0b,2014-11-25,03:20:00,EDSA (SB)  Buendia MRT Station  Makati,0,0,0,0,0,0,0,0,0,0,2014-11-25 11:20,Property,14.56054068,121.0413357,Side Swipe
None,EDSA,None,None,"No Accident Factor, Multiple Collision, 0.0 drivers_injured, 0.0 drivers_killed, 0.0 passengers_injured, 0.0 passengers_killed, 0.0 pedestrian_injured, 0.0 pedestrian_killed, Fair (Day), EDSA (SB) Buendia Ave.     Makati",MMDA Road Safety Unit,,880e9d8e-2243-4a41-8f93-27e988e5e85c,2014-11-25,01:30:00,EDSA (SB)  Buendia Loading Bay  Makati,0,0,0,0,0,0,0,0,0,0,2014-11-25 9:30,Property,14.55505269,121.034707,Multiple
None,EDSA,None,None,"No Accident Factor, Side Swipe, 0.0 drivers_injured, 0.0 drivers_killed, 0.0 passengers_injured, 0.0 passengers_killed, 0.0 pedestrian_injured, 0.0 pedestrian_killed, Fair (Night), EDSA (SB) Ayala Ave. Makati",MMDA Road Safety Unit,,9286d05a-dad0-412b-917d-9adea2ef433b,2014-11-24,10:25:00,EDSA (SB) Loyola Memorial Chapel Makati,0,0,0,0,0,0,0,0,0,0,2014-11-24 18:25,Property,14.55022912,121.0292348,Side Swipe
None,EDSA,None,None,"No Accident Factor, Rear-end, 0.0 drivers_injured, 0.0 drivers_killed, 0.0 passengers_injured, 0.0 passengers_killed, 0.0 pedestrian_injured, 0.0 pedestrian_killed, Fair (Day), EDSA (SB) A. Arnaiz Ave. Makati",MMDA Road Safety Unit,,28a4a931-5d5a-42cf-84a2-7134926cf0f6,2014-11-24,09:00:00,EDSA (SB)  Guadalupe MRT Station  Makati,0,0,0,0,0,0,0,0,0,0,2014-11-24 17:00,Property,14.54765031,121.0260523,Rear-End
None,EDSA,None,None,"No Accident Factor, Rear-end, 0.0 drivers_injured, 0.0 drivers_killed, 0.0 passengers_injured, 0.0 passengers_killed, 0.0 pedestrian_injured, 0.0 pedestrian_killed, Fair (Day), EDSA (SB) Guadalupe Bridge  Makati",MMDA Road Safety Unit,,11731fdf-61c1-461c-8c95-d267f92d0eba,2014-11-24,08:00:00,EDSA (SB) Evangelista St.  Makati,0,0,0,0,0,0,0,0,0,0,2014-11-24 16:00,Property,14.56802596,121.045885,Rear-End
None,EDSA,None,None,"No Accident Factor, Side Swipe, 0.0 drivers_injured, 0.0 drivers_killed, 0.0 passengers_injured, 0.0 passengers_killed, 0.0 pedestrian_injured, 0.0 pedestrian_killed, Fair (Day), EDSA (SB) Guadalupe Bridge  Makati",MMDA Road Safety Unit,,eafa8f04-ed88-4899-bd7f-6a6cb9cf4cdd,2014-11-24,01:00:00,EDSA (SB) Ayala Ave.  Makati,0,0,0,0,0,0,0,0,0,0,2014-11-24 9:00,Property,14.56802596,121.045885,Side Swipe
None,EDSA,None,None,"No Accident Factor, Hit Object (No Object Stated), 1.0 drivers_injured, 0.0 drivers_killed, 0.0 passengers_injured, 0.0 passengers_killed, 0.0 pedestrian_injured, 0.0 pedestrian_killed, Fair (Night), EDSA (SB) between Mantrade & A. Arnaiz Ave.  Makati",MMDA Road Safety Unit,,2c6bae69-94e8-49e8-a3b1-59c3948501a3,2014-11-23,17:10:00,EDSA (SB) Ecology Village  Makati,0,0,0,1,0,0,0,0,0,1,2014-11-24 1:10,Injury,14.54213513,121.019372,Hit Object
None,EDSA,None,None,"No Accident Factor, Rear-end, 0.0 drivers_injured, 0.0 drivers_killed, 0.0 passengers_injured, 0.0 passengers_killed, 0.0 pedestrian_injured, 0.0 pedestrian_killed, Fair (Day), EDSA (SB) Magallanes MRT Station  Makati",MMDA Road Safety Unit,,b83fff49-f696-4c05-806c-cb2525a7712d,2014-11-22,08:00:00,EDSA (SB)  Guadalupe Loading Bay  Makati,0,0,0,0,0,0,0,0,0,0,2014-11-22 16:00,Property,14.54171041,121.019054,Rear-End
None,EDSA,None,None,"No Accident Factor, Side Swipe, 0.0 drivers_injured, 0.0 drivers_killed, 0.0 passengers_injured, 0.0 passengers_killed, 0.0 pedestrian_injured, 0.0 pedestrian_killed, Fair (Day), EDSA (SB) Ayala Ave.  Makati",MMDA Road Safety Unit,,9f7c3b8b-c2a2-4fff-9029-a2ab3526ef31,2014-11-21,08:50:00,EDSA (SB)  Estrella Loading Bay  Makati,0,0,0,0,0,0,0,0,0,0,2014-11-21 16:50,Property,14.55032185,121.0294221,Side Swipe
None,EDSA,None,None,"No Accident Factor, Side Swipe, 0.0 drivers_injured, 0.0 drivers_killed, 0.0 passengers_injured, 0.0 passengers_killed, 0.0 pedestrian_injured, 0.0 pedestrian_killed, Fair (Night), EDSA (SB) Ayala Loading Bay  Makati",MMDA Road Safety Unit,,25755827-6e8b-4b60-99ae-d8deecb1624d,2014-11-20,12:00:00,EDSA (SB) San Lorenzo Makati,0,0,0,0,0,0,0,0,0,0,2014-11-20 20:00,Property,14.54886,121.0276063,Side Swipe
None,EDSA,None,None,"No Accident Factor, Side Swipe, 0.0 drivers_injured, 0.0 drivers_killed, 0.0 passengers_injured, 0.0 passengers_killed, 0.0 pedestrian_injured, 0.0 pedestrian_killed, Fair (Day), EDSA (SB) Estrella Footbridge Makati",MMDA Road Safety Unit,,f8b8c87c-a79e-4907-ab87-a19ea485f188,2014-11-19,22:55:00,EDSA (SB)  Buendia Ave. Makati,0,0,0,0,0,0,0,0,0,0,2014-11-20 6:55,Property,14.56054068,121.0413357,Side Swipe
None,EDSA,None,None,"No Accident Factor, Side Swipe, 0.0 drivers_injured, 0.0 drivers_killed, 0.0 passengers_injured, 0.0 passengers_killed, 0.0 pedestrian_injured, 0.0 pedestrian_killed, Fair (Night), EDSA (SB)  Buendia MRT Station  Makati",MMDA Road Safety Unit,,cad870b9-b275-4907-b841-1c031a796283,2014-11-18,11:50:00,EDSA (SB)  Rockwell  Makati,0,0,0,0,0,0,0,0,0,0,2014-11-18 19:50,Property,14.55410594,121.0340072,Side Swipe
None,EDSA,None,None,"No Accident Factor, Rear-end, 0.0 drivers_injured, 0.0 drivers_killed, 0.0 passengers_injured, 0.0 passengers_killed, 0.0 pedestrian_injured, 0.0 pedestrian_killed, Fair (Day), EDSA (SB)  Buendia Loading Bay  Makati",MMDA Road Safety Unit,,13933d66-587a-455e-98c5-31acf83c07f5,2014-11-17,22:10:00,EDSA (SB)  Estrella St.  Makati,0,0,0,0,0,0,0,0,0,0,2014-11-18 6:10,Property,14.55384284,121.0334277,Rear-End
None,EDSA,None,None,"No Accident Factor, Hit and Run (Side Swipe), 1.0 drivers_injured, 0.0 drivers_killed, 0.0 passengers_injured, 0.0 passengers_killed, 0.0 pedestrian_injured, 0.0 pedestrian_killed, Fair (Day), EDSA (SB) Loyola Memorial Chapel Makati",MMDA Road Safety Unit,,50ab47e3-139d-4edb-ab74-868262eda36a,2014-11-17,02:00:00,EDSA (SB) Magallanes MRT Station Makati,0,0,0,1,0,0,0,0,0,1,2014-11-17 10:00,Injury,14.5653264,121.0449169,Side Swipe
None,EDSA,None,None,"No Accident Factor, Multiple Collision, 0.0 drivers_injured, 0.0 drivers_killed, 0.0 passengers_injured, 0.0 passengers_killed, 0.0 pedestrian_injured, 0.0 pedestrian_killed, Fair (Day), EDSA (SB)  Guadalupe MRT Station  Makati",MMDA Road Safety Unit,,7776050b-272f-4f9f-a0c7-fb5bc6607459,2014-11-17,01:15:00,EDSA (SB) Magallanes Interchange Makati,0,0,0,0,0,0,0,0,0,0,2014-11-17 9:15,Property,14.56658983,121.0454618,Multiple
None,EDSA,None,None,"No Accident Factor, Rear-end, 0.0 drivers_injured, 0.0 drivers_killed, 1.0 passengers_injured, 0.0 passengers_killed, 0.0 pedestrian_injured, 0.0 pedestrian_killed, Fair (Unknown), EDSA (SB) Evangelista St.  Makati",MMDA Road Safety Unit,,41d49947-cb35-4838-9320-a2f9ad82a252,2014-11-16,14:30:00,EDSA (SB) Magallanes Interchange Makati,0,0,0,0,1,0,0,0,0,1,2014-11-16 22:30,Injury,14.53903137,121.0123272,Rear-End
None,EDSA,None,None,"No Accident Factor, Rear-end, 0.0 drivers_injured, 0.0 drivers_killed, 0.0 passengers_injured, 0.0 passengers_killed, 0.0 pedestrian_injured, 0.0 pedestrian_killed, Fair (Day), EDSA (SB) Ayala Ave.  Makati",MMDA Road Safety Unit,,9c1a76e0-d425-4b30-a32d-b29bd6b7663d,2014-11-15,09:00:00,EDSA (SB)  Buendia Ave.  Makati,0,0,0,0,0,0,0,0,0,0,2014-11-15 17:00,Property,14.55032185,121.0294221,Rear-End
None,EDSA,None,None,"No Accident Factor, Side Swipe, 0.0 drivers_injured, 0.0 drivers_killed, 0.0 passengers_injured, 0.0 passengers_killed, 0.0 pedestrian_injured, 0.0 pedestrian_killed, Fair (Day), EDSA (SB) Ecology Village  Makati",MMDA Road Safety Unit,,2c8ea878-a5ec-4382-9661-a1b1685b54f2,2014-11-15,06:00:00,EDSA (SB)  Loyola Memorial Park Makati,0,0,0,0,0,0,0,0,0,0,2014-11-15 14:00,Property,14.54200502,121.0191429,Side Swipe
None,EDSA,None,None,"No Accident Factor, Rear-end, 0.0 drivers_injured, 0.0 drivers_killed, 0.0 passengers_injured, 0.0 passengers_killed, 0.0 pedestrian_injured, 0.0 pedestrian_killed, Fair (Day), EDSA (SB)  Guadalupe Loading Bay  Makati",MMDA Road Safety Unit,,7d947d56-d165-48dc-a1c7-0af9b99576ac,2014-11-14,22:40:00,EDSA (SB) Magallanes Interchange Makati,0,0,0,0,0,0,0,0,0,0,2014-11-15 6:40,Property,14.56458659,121.044657,Rear-End
None,EDSA,None,None,"No Accident Factor, Rear-end, 0.0 drivers_injured, 0.0 drivers_killed, 0.0 passengers_injured, 0.0 passengers_killed, 0.0 pedestrian_injured, 0.0 pedestrian_killed, Fair (Day), EDSA (SB)  Estrella Loading Bay  Makati",MMDA Road Safety Unit,,ac5fd3f0-92e3-408e-8f8b-450e346b8c21,2014-11-14,05:00:00,EDSA (SB)  Estrella St.  Makati,0,0,0,0,0,0,0,0,0,0,2014-11-14 13:00,Property,14.56082383,121.0415995,Rear-End
None,EDSA,None,None,"No Accident Factor, Side Swipe, 0.0 drivers_injured, 0.0 drivers_killed, 0.0 passengers_injured, 0.0 passengers_killed, 0.0 pedestrian_injured, 0.0 pedestrian_killed, Fair (Day), EDSA (SB) San Lorenzo Makati",MMDA Road Safety Unit,,7ece88b9-866d-4848-b1fc-55ad19e8d0ec,2014-11-14,00:40:00,EDSA (SB)  Estrella St.  Makati,0,0,0,0,0,0,0,0,0,0,2014-11-14 8:40,Property,14.5422524,121.0195278,Side Swipe
None,EDSA,None,None,"No Accident Factor, Rear-end, 0.0 drivers_injured, 0.0 drivers_killed, 0.0 passengers_injured, 0.0 passengers_killed, 0.0 pedestrian_injured, 0.0 pedestrian_killed, Fair (Day), EDSA (SB)  Buendia Ave. Makati",MMDA Road Safety Unit,,7036f810-8dfa-4042-ab8f-79e9db210dc7,2014-11-13,03:40:00,EDSA (SB) Magallanes Loading Bay  Makati,0,0,0,0,0,0,0,0,0,0,2014-11-13 11:40,Property,14.55505902,121.0347499,Rear-End
None,EDSA,None,None,"No Accident Factor, Rear-end, 0.0 drivers_injured, 0.0 drivers_killed, 0.0 passengers_injured, 0.0 passengers_killed, 0.0 pedestrian_injured, 0.0 pedestrian_killed, Fair (Day), EDSA (SB)  Rockwell  Makati",MMDA Road Safety Unit,,c44d0124-529f-4345-94d9-588803c1033c,2014-11-12,03:30:00,EDSA (SB)  Estrella St.  Makati,0,0,0,0,0,0,0,0,0,0,2014-11-12 11:30,Property,14.55995041,121.0406596,Rear-End
None,EDSA,None,None,"No Accident Factor, Hit Object (No Object Stated), 0.0 drivers_injured, 0.0 drivers_killed, 0.0 passengers_injured, 0.0 passengers_killed, 0.0 pedestrian_injured, 0.0 pedestrian_killed, Fair (Night), EDSA (SB)  Estrella St.  Makati",MMDA Road Safety Unit,,20e51a18-7392-4951-8000-c6777a750145,2014-11-11,19:50:00,EDSA (SB) Guadalupe Viejo Footbridge Makati,0,0,0,0,0,0,0,0,0,0,2014-11-12 3:50,Property,14.56004155,121.0406932,Hit Object
None,EDSA,None,None,"No Accident Factor, Rear-end, 0.0 drivers_injured, 0.0 drivers_killed, 0.0 passengers_injured, 0.0 passengers_killed, 0.0 pedestrian_injured, 0.0 pedestrian_killed, Fair (Day), EDSA (SB) Magallanes MRT Station Makati",MMDA Road Safety Unit,,f2c50e63-f9b4-440f-8696-c1c40255aa35,2014-11-11,04:15:00,EDSA (SB) Guadalupe MRT Station Makati,0,0,0,0,0,0,0,0,0,0,2014-11-11 12:15,Property,14.54171041,121.019054,Rear-End