LOCATION_TEXT,ROAD,WEATHER,LIGHT,DESC,REPORTING_AGENCY,MAIN_CAUSE,INCIDENTDETAILS_ID,DATE_UTC,TIME_UTC,ADDRESS,killed_driver,killed_passenger,killed_pedestrian,injured_driver,injured_passenger,injured_pedestrian,killed_uncategorized,injured_uncategorized,killed_total,injured_total,DATETIME_PST,SEVERITY,Y,X,COLLISION_TYPE
None,EDSA,None,None,"No Accident Factor, No Collision Stated (based on Police Blotter Book), 0.0 drivers_injured, 0.0 drivers_killed, 0.0 passengers_injured, 0.0 passengers_killed, 0.0 pedestrian_injured, 0.0 pedestrian_killed, Fair (Night), EDSA (SB) Magallanes Interchange Makati",MMDA Road Safety Unit,,8ca55eec-29e9-4913-88a6-78a28df55126,2014-11-07,11:55:00,EDSA (SB)  San Lorenzo Village  Makati,0,0,0,0,0,0,0,0,0,0,2014-11-07 19:55,Property,14.54028633,121.0167655,No Collision Stated
None,EDSA,None,None,"No Accident Factor, Rear-end, 0.0 drivers_injured, 0.0 drivers_killed, 0.0 passengers_injured, 0.0 passengers_killed, 0.0 pedestrian_injured, 0.0 pedestrian_killed, Fair (Night), EDSA (SB) Magallanes Interchange Makati",MMDA Road Safety Unit,,4ab5f00b-bedf-494b-8a95-2673f340db65,2014-11-07,11:05:00,EDSA (SB)  San Lorenzo Village  Makati,0,0,0,0,0,0,0,0,0,0,2014-11-07 19:05,Property,14.54028633,121.0167655,Rear-End
None,EDSA,None,None,"No Accident Factor, Angle Impact, 0.0 drivers_injured, 0.0 drivers_killed, 0.0 passengers_injured, 0.0 passengers_killed, 0.0 pedestrian_injured, 0.0 pedestrian_killed, Fair (Night), EDSA (SB)  Buendia Ave.  Makati",MMDA Road Safety Unit,,c174c625-6018-47a2-acbd-e0ee8dbb601a,2014-11-07,10:15:00,EDSA (SB) Buendia Ave. Makati,0,0,0,0,0,0,0,0,0,0,2014-11-07 18:15,Property,14.55505902,121.0347499,Angle Impact
None,EDSA,None,None,"No Accident Factor, Side Swipe, 0.0 drivers_injured, 0.0 drivers_killed, 0.0 passengers_injured, 0.0 passengers_killed, 0.0 pedestrian_injured, 0.0 pedestrian_killed, Fair (Day), EDSA (SB)  Loyola Memorial Park Makati",MMDA Road Safety Unit,,b0b0eaa5-fd1b-4b66-861a-bb9ef88059bc,2014-11-07,09:15:00,EDSA (SB)  Pet Plans Bldg. Makati,0,0,0,0,0,0,0,0,0,0,2014-11-07 17:15,Property,14.56533615,121.0449389,Side Swipe
None,EDSA,None,None,"No Accident Factor, No Collision Stated (based on Police Blotter Book), 0.0 drivers_injured, 0.0 drivers_killed, 0.0 passengers_injured, 0.0 passengers_killed, 0.0 pedestrian_injured, 0.0 pedestrian_killed, Fair (Day), EDSA (SB) Magallanes Interchange Makati",MMDA Road Safety Unit,,49d41d19-c5a7-4edd-a629-89a84d6797c4,2014-11-07,09:05:00,EDSA (SB)  Ayala Loading Bay  Makati,0,0,0,0,0,0,0,0,0,0,2014-11-07 17:05,Property,14.54028633,121.0167655,No Collision Stated
None,EDSA,None,None,"No Accident Factor, Angle Impact, 0.0 drivers_injured, 0.0 drivers_killed, 0.0 passengers_injured, 0.0 passengers_killed, 0.0 pedestrian_injured, 0.0 pedestrian_killed, Fair (Day), EDSA (SB)  Estrella St.  Makati",MMDA Road Safety Unit,,22d7cb50-2ac0-4237-bf8e-caad0cb78be2,2014-11-07,08:45:00,EDSA (SB)  Magallanes Makati,0,0,0,0,0,0,0,0,0,0,2014-11-07 16:45,Property,14.56004155,121.0406932,Angle Impact
None,EDSA,None,None,"No Accident Factor, Side Swipe, 0.0 drivers_injured, 0.0 drivers_killed, 0.0 passengers_injured, 0.0 passengers_killed, 0.0 pedestrian_injured, 0.0 pedestrian_killed, Fair (Day), EDSA (SB)  Estrella St.  Makati",MMDA Road Safety Unit,,a95a95ee-1120-45be-abc9-a717ad0484bc,2014-11-06,08:00:00,EDSA (SB) Estrella St. Makati,0,0,0,0,0,0,0,0,0,0,2014-11-06 16:00,Property,14.56004155,121.0406932,Side Swipe
None,EDSA,None,None,"No Accident Factor, No Collision Stated (based on Police Blotter Book), 0.0 drivers_injured, 0.0 drivers_killed, 0.0 passengers_injured, 0.0 passengers_killed, 0.0 pedestrian_injured, 0.0 pedestrian_killed, Fair (Day), EDSA (SB) Magallanes Loading Bay  Makati",MMDA Road Safety Unit,,6d382abc-c409-40bc-975a-feb27f39f1e1,2014-11-06,07:15:00,EDSA (SB)  Estrella St.  Makati,0,0,0,0,0,0,0,0,0,0,2014-11-06 15:15,Property,14.54282655,121.0202714,No Collision Stated
None,EDSA,None,None,"No Accident Factor, Side Swipe, 0.0 drivers_injured, 0.0 drivers_killed, 0.0 passengers_injured, 0.0 passengers_killed, 0.0 pedestrian_injured, 0.0 pedestrian_killed, Fair (Day), EDSA (SB)  Estrella St.  Makati",MMDA Road Safety Unit,,7e9c3ac2-9702-47a2-aa49-a6d48126886e,2014-11-04,09:30:00,EDSA (SB)  Pet Plans Bldg. Makati,0,0,0,0,0,0,0,0,0,0,2014-11-04 17:30,Property,14.56004155,121.0406932,Side Swipe
None,EDSA,None,None,"No Accident Factor, Hit and Run (Side Swipe), 0.0 drivers_injured, 0.0 drivers_killed, 0.0 passengers_injured, 0.0 passengers_killed, 0.0 pedestrian_injured, 0.0 pedestrian_killed, Fair (Night), EDSA (SB) Guadalupe Viejo Footbridge Makati",MMDA Road Safety Unit,,64178d46-0b9d-4a4a-ac09-bec2a6a18303,2014-11-02,21:30:00,EDSA (SB)  San Lorenzo Village  Makati,0,0,0,0,0,0,0,0,0,0,2014-11-03 5:30,Property,14.56473213,121.0447625,Side Swipe
None,EDSA,None,None,"No Accident Factor, Rear-end, 0.0 drivers_injured, 0.0 drivers_killed, 0.0 passengers_injured, 0.0 passengers_killed, 0.0 pedestrian_injured, 0.0 pedestrian_killed, Fair (Night), EDSA (SB) Guadalupe MRT Station Makati",MMDA Road Safety Unit,,6104c8a8-ecce-4f38-8053-c9b02124d632,2014-11-02,19:15:00,EDSA (SB)  Loyola Memorial Chapel  Makati,0,0,0,0,0,0,0,0,0,0,2014-11-03 3:15,Property,14.5665734,121.0453551,Rear-End
None,EDSA,None,None,"No Accident Factor, Side Swipe, 0.0 drivers_injured, 0.0 drivers_killed, 0.0 passengers_injured, 0.0 passengers_killed, 0.0 pedestrian_injured, 0.0 pedestrian_killed, Fair (Night), EDSA (SB)  San Lorenzo Village  Makati",MMDA Road Safety Unit,,138399c1-1a79-4738-bf2a-3a14b275a7e5,2014-10-31,10:50:00,EDSA (SB)  Estrella St.  Makati,0,0,0,0,0,0,0,0,0,0,2014-10-31 18:50,Property,14.54228611,121.0194674,Side Swipe
None,EDSA,None,None,"No Accident Factor, Side Swipe, 0.0 drivers_injured, 0.0 drivers_killed, 0.0 passengers_injured, 0.0 passengers_killed, 0.0 pedestrian_injured, 0.0 pedestrian_killed, Fair (Day), EDSA (SB)  San Lorenzo Village  Makati",MMDA Road Safety Unit,,84e7976f-4896-4b87-95cf-2dd7cb60aa72,2014-10-31,07:00:00,EDSA (SB)  Rockwell Bel-air Makati,0,0,0,0,0,0,0,0,0,0,2014-10-31 15:00,Property,14.54228611,121.0194674,Side Swipe
None,EDSA,None,None,"No Accident Factor, Rear-end, 0.0 drivers_injured, 0.0 drivers_killed, 0.0 passengers_injured, 0.0 passengers_killed, 0.0 pedestrian_injured, 0.0 pedestrian_killed, Fair (Night), EDSA (SB) Buendia Ave. Makati",MMDA Road Safety Unit,,40f35c36-1ba0-499c-aec6-6a9740685fe9,2014-10-29,20:00:00,EDSA (SB)  Magallanes Makati,0,0,0,0,0,0,0,0,0,0,2014-10-30 4:00,Property,14.55505269,121.034707,Rear-End
None,EDSA,None,None,"No Accident Factor, Rear-end, 0.0 drivers_injured, 0.0 drivers_killed, 0.0 passengers_injured, 0.0 passengers_killed, 0.0 pedestrian_injured, 0.0 pedestrian_killed, Fair (Night), EDSA (SB)  Pet Plans Bldg. Makati",MMDA Road Safety Unit,,d32ac0c5-e50d-433f-929d-f378d3c85e70,2014-10-29,11:20:00,EDSA (SB)  San Lorenzo Village  Makati,0,0,0,0,0,0,0,0,0,0,2014-10-29 19:20,Property,14.56189368,121.0428691,Rear-End
None,EDSA,None,None,"No Accident Factor, Side Swipe, 0.0 drivers_injured, 0.0 drivers_killed, 0.0 passengers_injured, 0.0 passengers_killed, 0.0 pedestrian_injured, 0.0 pedestrian_killed, Fair (Night), EDSA (SB)  Ayala Loading Bay  Makati",MMDA Road Safety Unit,,a9d2d721-25cf-4434-927b-ee4b198713cf,2014-10-29,10:00:00,EDSA (SB) Guadalupe Bridge Makati,0,0,0,0,0,0,0,0,0,0,2014-10-29 18:00,Property,14.55041073,121.0293293,Side Swipe
None,EDSA,None,None,"No Accident Factor, Side Swipe, 0.0 drivers_injured, 0.0 drivers_killed, 0.0 passengers_injured, 0.0 passengers_killed, 0.0 pedestrian_injured, 0.0 pedestrian_killed, Fair (Night), EDSA (SB)  Magallanes Makati",MMDA Road Safety Unit,,d533e570-3f98-4f9c-bbcf-f38bf6f3f97c,2014-10-28,12:30:00,EDSA (SB)  Estrella St.  Makati,0,0,0,0,0,0,0,0,0,0,2014-10-28 20:30,Property,14.53925495,121.0142649,Side Swipe
None,EDSA,None,None,"No Accident Factor, Rear-end, 0.0 drivers_injured, 0.0 drivers_killed, 0.0 passengers_injured, 0.0 passengers_killed, 0.0 pedestrian_injured, 0.0 pedestrian_killed, Fair (Night), EDSA (SB) Estrella St. Makati",MMDA Road Safety Unit,,be04c807-5a28-4d0e-8f04-939ec8945e3f,2014-10-28,12:30:00,EDSA (SB)  Ayala Ave.  Makati,0,0,0,0,0,0,0,0,0,0,2014-10-28 20:30,Property,14.56002889,121.040751,Rear-End
None,EDSA,None,None,"No Accident Factor, Rear-end, 0.0 drivers_injured, 0.0 drivers_killed, 0.0 passengers_injured, 0.0 passengers_killed, 0.0 pedestrian_injured, 0.0 pedestrian_killed, Fair (Night), EDSA (SB)  Estrella St.  Makati",MMDA Road Safety Unit,,bb99735a-f3b6-4665-a259-48a8cf9cb386,2014-10-28,12:25:00,EDSA (SB) MRT Magallanes Makati,0,0,0,0,0,0,0,0,0,0,2014-10-28 20:25,Property,14.56004155,121.0406932,Rear-End
None,EDSA,None,None,"No Accident Factor, Rear-end, 0.0 drivers_injured, 0.0 drivers_killed, 0.0 passengers_injured, 0.0 passengers_killed, 0.0 pedestrian_injured, 0.0 pedestrian_killed, Fair (Night), EDSA (SB)  Pet Plans Bldg. Makati",MMDA Road Safety Unit,,d2bf8c1b-1a5d-4e25-88f2-2ee2a26d020c,2014-10-28,12:00:00,EDSA (SB) A. Arnaiz Ave. Makati,0,0,0,0,0,0,0,0,0,0,2014-10-28 20:00,Property,14.56189368,121.0428691,Rear-End
None,EDSA,None,None,"No Accident Factor, Side Swipe, 0.0 drivers_injured, 0.0 drivers_killed, 0.0 passengers_injured, 0.0 passengers_killed, 0.0 pedestrian_injured, 0.0 pedestrian_killed, Fair (Day), EDSA (SB)  San Lorenzo Village  Makati",MMDA Road Safety Unit,,88554b34-9bf7-4507-9eb6-e1e928738f6e,2014-10-28,09:30:00,EDSA (SB) Magallanes Interchange Makati,0,0,0,0,0,0,0,0,0,0,2014-10-28 17:30,Property,14.54228611,121.0194674,Side Swipe
None,EDSA,None,None,"No Accident Factor, Rear-end, 0.0 drivers_injured, 0.0 drivers_killed, 0.0 passengers_injured, 0.0 passengers_killed, 0.0 pedestrian_injured, 0.0 pedestrian_killed, Fair (Night), EDSA (SB)  Loyola Memorial Chapel  Makati",MMDA Road Safety Unit,,91c8681c-5031-4bc6-88f0-625985e6f72b,2014-10-27,11:30:00,EDSA (SB)  Estrella St.   Makati,0,0,0,0,0,0,0,0,0,0,2014-10-27 19:30,Property,14.56533615,121.0449389,Rear-End
None,EDSA,None,None,"No Accident Factor, Rear-end, 0.0 drivers_injured, 0.0 drivers_killed, 0.0 passengers_injured, 0.0 passengers_killed, 0.0 pedestrian_injured, 0.0 pedestrian_killed, Fair (Night), EDSA (SB)  Estrella St.  Makati",MMDA Road Safety Unit,,956163c3-eb85-4f15-93e6-7d3b096f3b23,2014-10-27,11:30:00,"EDSA (SB)  ""U"" turn slot, Buendia Ave. Makati",0,0,0,0,0,0,0,0,0,0,2014-10-27 19:30,Property,14.56004155,121.0406932,Rear-End
None,EDSA,None,None,"No Accident Factor, Rear-end, 0.0 drivers_injured, 0.0 drivers_killed, 0.0 passengers_injured, 0.0 passengers_killed, 0.0 pedestrian_injured, 0.0 pedestrian_killed, Fair (Day), EDSA (SB)  Rockwell Bel-air Makati",MMDA Road Safety Unit,,cb04355e-c5a7-4702-8b82-c72ed06ef509,2014-10-27,06:45:00,"EDSA (SB) Ayala Ave., MRT station Makati",0,0,0,0,0,0,0,0,0,0,2014-10-27 14:45,Property,14.55995041,121.0406596,Rear-End
None,EDSA,None,None,"No Accident Factor, Side Swipe, 0.0 drivers_injured, 0.0 drivers_killed, 0.0 passengers_injured, 0.0 passengers_killed, 0.0 pedestrian_injured, 0.0 pedestrian_killed, Fair (Day), EDSA (SB)  Magallanes Makati",MMDA Road Safety Unit,,c9070016-814f-4218-98ad-9215e46061f7,2014-10-25,08:30:00,EDSA (SB)  Guadalupe MRT Station  Makati,0,0,0,0,0,0,0,0,0,0,2014-10-25 16:30,Property,14.53925495,121.0142649,Side Swipe
None,EDSA,None,None,"No Accident Factor, Rear-end, 0.0 drivers_injured, 0.0 drivers_killed, 0.0 passengers_injured, 0.0 passengers_killed, 0.0 pedestrian_injured, 0.0 pedestrian_killed, Fair (Day), EDSA (SB)  San Lorenzo Village  Makati",MMDA Road Safety Unit,,593ccaa8-4c1c-43f3-bc1d-89f0d6ac9f67,2014-10-25,07:15:00,EDSA (SB)  Shell Gas Station Buendia Ave.  Makati,0,0,0,0,0,0,0,0,0,0,2014-10-25 15:15,Property,14.54228611,121.0194674,Rear-End
None,EDSA,None,None,"No Accident Factor, Self-Accident, 0.0 drivers_injured, 0.0 drivers_killed, 0.0 passengers_injured, 0.0 passengers_killed, 0.0 pedestrian_injured, 0.0 pedestrian_killed, Fair (Night), EDSA (SB) Guadalupe Bridge Makati",MMDA Road Safety Unit,,26ce4606-bde2-4375-ae60-390fb072942a,2014-10-22,20:10:00,EDSA (SB)  Buendia Ave.  Makati,0,0,0,0,0,0,0,0,0,0,2014-10-23 4:10,Property,14.56802596,121.045885,Self-Accident
None,EDSA,None,None,"No Accident Factor, Side Swipe, 0.0 drivers_injured, 0.0 drivers_killed, 0.0 passengers_injured, 0.0 passengers_killed, 0.0 pedestrian_injured, 0.0 pedestrian_killed, Fair (Night), EDSA (SB)  Estrella St.  Makati",MMDA Road Safety Unit,,60f16cf8-2865-4489-a91b-fa06c4bd68d2,2014-10-20,11:25:00,EDSA (SB) Guadalupe Bridge Makati,0,0,0,0,0,0,0,0,0,0,2014-10-20 19:25,Property,14.56004155,121.0406932,Side Swipe
None,EDSA,None,None,"No Accident Factor, Rear-end, 0.0 drivers_injured, 0.0 drivers_killed, 0.0 passengers_injured, 0.0 passengers_killed, 0.0 pedestrian_injured, 0.0 pedestrian_killed, Fair (Day), EDSA (SB)  Ayala Ave.  Makati",MMDA Road Safety Unit,,6ad466f1-83b5-4bce-9959-474d26b893cd,2014-10-20,08:50:00,EDSA (SB)  Pet Plans Bldg.  Makati,0,0,0,0,0,0,0,0,0,0,2014-10-20 16:50,Property,14.55041073,121.0293293,Rear-End
None,EDSA,None,None,"No Accident Factor, Rear-end, 0.0 drivers_injured, 0.0 drivers_killed, 0.0 passengers_injured, 0.0 passengers_killed, 0.0 pedestrian_injured, 0.0 pedestrian_killed, Fair (Day), EDSA (SB) MRT Magallanes Makati",MMDA Road Safety Unit,,d7069839-6c89-4366-bb5f-16068ca48f66,2014-10-20,08:30:00,EDSA (SB) San Lorenzo Drive Makati,0,0,0,0,0,0,0,0,0,0,2014-10-20 16:30,Property,14.54200052,121.0194596,Rear-End
None,EDSA,None,None,"No Accident Factor, Rear-end, 0.0 drivers_injured, 0.0 drivers_killed, 0.0 passengers_injured, 0.0 passengers_killed, 0.0 pedestrian_injured, 0.0 pedestrian_killed, Fair (Day), EDSA (SB) A. Arnaiz Ave. Makati",MMDA Road Safety Unit,,b2fa7fba-8232-4518-9be7-ab12f364121e,2014-10-19,01:45:00,EDSA (SB) Estrella St. Makati,0,0,0,0,0,0,0,0,0,0,2014-10-19 9:45,Property,14.54765031,121.0260523,Rear-End
None,EDSA,None,None,"No Accident Factor, No Collision Stated (based on Police Blotter Book), 0.0 drivers_injured, 0.0 drivers_killed, 0.0 passengers_injured, 0.0 passengers_killed, 0.0 pedestrian_injured, 0.0 pedestrian_killed, Fair (Day), EDSA (SB) Magallanes Interchange Makati",MMDA Road Safety Unit,,31903ba6-9ffc-431d-bf47-5e6fee35e12d,2014-10-18,23:45:00,EDSA (SB) San Lorenzo Makati,0,0,0,0,0,0,0,0,0,0,2014-10-19 7:45,Property,14.54028633,121.0167655,No Collision Stated
None,EDSA,None,None,"No Accident Factor, Side Swipe, 0.0 drivers_injured, 0.0 drivers_killed, 0.0 passengers_injured, 0.0 passengers_killed, 0.0 pedestrian_injured, 0.0 pedestrian_killed, Fair (Night), EDSA (SB)  Estrella St.   Makati",MMDA Road Safety Unit,,cd356669-0778-4211-b461-2f384f730e4c,2014-10-18,11:00:00,EDSA (SB)  Magallanes Makati,0,0,0,0,0,0,0,0,0,0,2014-10-18 19:00,Property,14.56004155,121.0406932,Side Swipe
None,EDSA,None,None,"No Accident Factor, Rear-end, 0.0 drivers_injured, 0.0 drivers_killed, 0.0 passengers_injured, 0.0 passengers_killed, 0.0 pedestrian_injured, 0.0 pedestrian_killed, Fair (Day), EDSA (SB)  ""U"" turn slot, Buendia Ave. Makati",MMDA Road Safety Unit,,c2404185-7e2a-4192-b815-76816e33b8a5,2014-10-18,08:45:00,EDSA (SB)  Buendia Loading Bay  Makati,0,0,0,0,0,0,0,0,0,0,2014-10-18 16:45,Property,14.55548243,121.0354675,Rear-End
None,EDSA,None,None,"No Accident Factor, Side Swipe, 0.0 drivers_injured, 0.0 drivers_killed, 0.0 passengers_injured, 0.0 passengers_killed, 0.0 pedestrian_injured, 0.0 pedestrian_killed, Fair (Night), EDSA (SB) Ayala Ave., MRT station Makati",MMDA Road Safety Unit,,04382349-baaf-4eb9-b9f0-6c6b03a7db60,2014-10-17,21:00:00,EDSA (SB)  Buendia Loading Bay  Makati,0,0,0,0,0,0,0,0,0,0,2014-10-18 5:00,Property,14.54921008,121.0280082,Side Swipe
None,EDSA,None,None,"No Accident Factor, Side Swipe, 0.0 drivers_injured, 0.0 drivers_killed, 0.0 passengers_injured, 0.0 passengers_killed, 0.0 pedestrian_injured, 0.0 pedestrian_killed, Fair (Night), EDSA (SB)  Guadalupe MRT Station  Makati",MMDA Road Safety Unit,,8fa764e4-dcc2-4ab6-925c-1c60e3a79725,2014-10-17,12:50:00,EDSA (SB)  Estrella St. Makati,0,0,0,0,0,0,0,0,0,0,2014-10-17 20:50,Property,14.56658983,121.0454618,Side Swipe
None,EDSA,None,None,"No Accident Factor, Side Swipe, 0.0 drivers_injured, 0.0 drivers_killed, 0.0 passengers_injured, 0.0 passengers_killed, 0.0 pedestrian_injured, 0.0 pedestrian_killed, Fair (Night), EDSA (SB)  Shell Gas Station Buendia Ave.  Makati",MMDA Road Safety Unit,,c4a95613-f9ab-4a13-9964-da673bc58eeb,2014-10-17,11:00:00,EDSA (SB) Pet Plans Tower Makati,0,0,0,0,0,0,0,0,0,0,2014-10-17 19:00,Property,14.55525895,121.0350673,Side Swipe
None,EDSA,None,None,"No Accident Factor, Side Swipe, 0.0 drivers_injured, 0.0 drivers_killed, 0.0 passengers_injured, 0.0 passengers_killed, 0.0 pedestrian_injured, 0.0 pedestrian_killed, Fair (Day), EDSA (SB)  Buendia Ave.  Makati",MMDA Road Safety Unit,,ec43b14d-d2ac-4f13-ac7d-b9f7d9631b13,2014-10-17,09:25:00,"EDSA (SB) MRT Station, Magallanes Makati",0,0,0,0,0,0,0,0,0,0,2014-10-17 17:25,Property,14.55505902,121.0347499,Side Swipe
None,EDSA,None,None,"No Accident Factor, Side Swipe, 0.0 drivers_injured, 0.0 drivers_killed, 0.0 passengers_injured, 0.0 passengers_killed, 0.0 pedestrian_injured, 0.0 pedestrian_killed, Fair (Night), EDSA (SB) Guadalupe Bridge Makati",MMDA Road Safety Unit,,cafca158-9c8c-4aec-ae77-31c403131387,2014-10-15,10:45:00,EDSA (SB)  Rockwell Makati,0,0,0,0,0,0,0,0,0,0,2014-10-15 18:45,Property,14.56802596,121.045885,Side Swipe
None,EDSA,None,None,"No Accident Factor, Rear-end, 0.0 drivers_injured, 0.0 drivers_killed, 0.0 passengers_injured, 0.0 passengers_killed, 0.0 pedestrian_injured, 0.0 pedestrian_killed, Fair (Day), EDSA (SB)  Pet Plans Bldg.  Makati",MMDA Road Safety Unit,,09cdf8b7-fdf7-4715-88c0-400d3b0bdbd6,2014-10-14,08:25:00,EDSA (SB) Guadalupe Cloverleaf  Makati,0,0,0,0,0,0,0,0,0,0,2014-10-14 16:25,Property,14.56189368,121.0428691,Rear-End
None,EDSA,None,None,"No Accident Factor, Side Swipe, 0.0 drivers_injured, 0.0 drivers_killed, 0.0 passengers_injured, 0.0 passengers_killed, 0.0 pedestrian_injured, 0.0 pedestrian_killed, Fair (Night), EDSA (SB) San Lorenzo Drive Makati",MMDA Road Safety Unit,,7aec2a5d-16de-4321-be18-2f621645ae92,2014-10-13,16:20:00,EDSA (SB)  Estrella Loading Bay  Makati,0,0,0,0,0,0,0,0,0,0,2014-10-14 0:20,Property,14.5422524,121.0195278,Side Swipe
None,EDSA,None,None,"No Accident Factor, Rear-end, 0.0 drivers_injured, 0.0 drivers_killed, 0.0 passengers_injured, 0.0 passengers_killed, 0.0 pedestrian_injured, 0.0 pedestrian_killed, Fair (Day), EDSA (SB) Estrella St. Makati",MMDA Road Safety Unit,,85d543ca-4624-46a0-9568-95f4d732192d,2014-10-12,23:30:00,EDSA (SB)  San Carlos Seminary  Makati,0,0,0,0,0,0,0,0,0,0,2014-10-13 7:30,Property,14.56002889,121.040751,Rear-End
None,EDSA,None,None,"No Accident Factor, Hit and Run (No Collision Stated), 0.0 drivers_injured, 0.0 drivers_killed, 0.0 passengers_injured, 0.0 passengers_killed, 0.0 pedestrian_injured, 0.0 pedestrian_killed, Fair (Day), EDSA (SB) San Lorenzo Makati",MMDA Road Safety Unit,,499f699b-3e37-4538-af39-eb6411818967,2014-10-12,04:05:00,EDSA (SB) Ayala Ave.  Makati,0,0,0,0,0,0,0,0,0,0,2014-10-12 12:05,Property,14.5422524,121.0195278,No Collision Stated
None,EDSA,None,None,"No Accident Factor, Multiple Collision, 0.0 drivers_injured, 0.0 drivers_killed, 0.0 passengers_injured, 0.0 passengers_killed, 0.0 pedestrian_injured, 0.0 pedestrian_killed, Fair (Night), EDSA (SB)  Magallanes Makati",MMDA Road Safety Unit,,5493fc6a-93e8-40a2-abb3-651ca81868c7,2014-10-10,15:15:00,EDSA (SB) Mc Kinley Road Makati,0,0,0,0,0,0,0,0,0,0,2014-10-10 23:15,Property,14.53925495,121.0142649,Multiple
None,EDSA,None,None,"No Accident Factor, Rear-end, 0.0 drivers_injured, 0.0 drivers_killed, 0.0 passengers_injured, 0.0 passengers_killed, 0.0 pedestrian_injured, 0.0 pedestrian_killed, Fair (Night), EDSA (SB)  Buendia Loading Bay  Makati",MMDA Road Safety Unit,,0b7a036d-498a-48c6-8ce7-9df2f1b472ad,2014-10-10,10:25:00,EDSA (SB)  Shell Gas Station Buendia Ave.  Makati,0,0,0,0,0,0,0,0,0,0,2014-10-10 18:25,Property,14.55384284,121.0334277,Rear-End
None,EDSA,None,None,"No Accident Factor, No Collision Stated (based on Police Blotter Book), 0.0 drivers_injured, 0.0 drivers_killed, 0.0 passengers_injured, 0.0 passengers_killed, 0.0 pedestrian_injured, 0.0 pedestrian_killed, Fair (Day), EDSA (SB)  Buendia Loading Bay  Makati",MMDA Road Safety Unit,,bdc682e9-f095-4624-b676-79595e3dd89a,2014-10-10,08:15:00,EDSA (SB) Buendia Ave. Makati,0,0,0,0,0,0,0,0,0,0,2014-10-10 16:15,Property,14.55384284,121.0334277,No Collision Stated
None,EDSA,None,None,"No Accident Factor, Side Swipe, 0.0 drivers_injured, 0.0 drivers_killed, 0.0 passengers_injured, 0.0 passengers_killed, 0.0 pedestrian_injured, 0.0 pedestrian_killed, Fair (Day), EDSA (SB)  Estrella St. Makati",MMDA Road Safety Unit,,ad564638-3cdc-43e7-85e1-c0f371286b58,2014-10-10,01:00:00,EDSA (SB)  Buendia MRT Station Makati,0,0,0,0,0,0,0,0,0,0,2014-10-10 9:00,Property,14.56004155,121.0406932,Side Swipe
None,EDSA,None,None,"No Accident Factor, Rear-end, 0.0 drivers_injured, 0.0 drivers_killed, 0.0 passengers_injured, 0.0 passengers_killed, 0.0 pedestrian_injured, 0.0 pedestrian_killed, Fair (Day), EDSA (SB) Pet Plans Tower Makati",MMDA Road Safety Unit,,d75c2008-ca41-4d0f-8540-4c7733a37068,2014-10-09,01:45:00,EDSA (SB)  Buendia Ave.  Makati,0,0,0,0,0,0,0,0,0,0,2014-10-09 9:45,Property,14.56191915,121.0429118,Rear-End
None,EDSA,None,None,"No Accident Factor, Rear-end, 0.0 drivers_injured, 0.0 drivers_killed, 0.0 passengers_injured, 0.0 passengers_killed, 0.0 pedestrian_injured, 0.0 pedestrian_killed, Fair (Night), EDSA (SB) MRT Station, Magallanes Makati",MMDA Road Safety Unit,,70ba025c-1d68-4c5e-8778-997f4d5c500e,2014-10-08,21:30:00,EDSA (SB)  Estrella St.  Makati,0,0,0,0,0,0,0,0,0,0,2014-10-09 5:30,Property,14.54202271,121.0193402,Rear-End
None,EDSA,None,None,"No Accident Factor, Side Swipe, 0.0 drivers_injured, 0.0 drivers_killed, 0.0 passengers_injured, 0.0 passengers_killed, 0.0 pedestrian_injured, 0.0 pedestrian_killed, Fair (Day), EDSA (SB)  Rockwell Makati",MMDA Road Safety Unit,,7bd58c21-ad08-4b94-bcd3-3402ec71a851,2014-10-08,00:30:00,EDSA (SB)  Rockwell Makati,0,0,0,0,0,0,0,0,0,0,2014-10-08 8:30,Property,14.55995041,121.0406596,Side Swipe
None,EDSA,None,None,"No Accident Factor, No Collision Stated (based on Police Blotter Book), 0.0 drivers_injured, 0.0 drivers_killed, 0.0 passengers_injured, 0.0 passengers_killed, 0.0 pedestrian_injured, 0.0 pedestrian_killed, Fair (Night), EDSA (SB) Guadalupe Cloverleaf  Makati",MMDA Road Safety Unit,,c6a94c4b-9d7b-4945-826e-6e4d3c5807f5,2014-10-07,13:30:00,"EDSA (SB) Rockwell, Bel Air Makati",0,0,0,0,0,0,0,0,0,0,2014-10-07 21:30,Property,14.56720754,121.0457277,No Collision Stated
None,EDSA,None,None,"No Accident Factor, Side Swipe, 0.0 drivers_injured, 0.0 drivers_killed, 0.0 passengers_injured, 0.0 passengers_killed, 0.0 pedestrian_injured, 0.0 pedestrian_killed, Fair (Day), EDSA (SB)  Estrella Loading Bay  Makati",MMDA Road Safety Unit,,e261d62c-0e9e-43c3-be7c-238e4f6d67d1,2014-10-07,06:50:00,EDSA (SB)  Guadalupe MRT Station  Makati,0,0,0,0,0,0,0,0,0,0,2014-10-07 14:50,Property,14.56082383,121.0415995,Side Swipe
None,EDSA,None,None,"No Accident Factor, Hit and Run (Rear-end), 0.0 drivers_injured, 0.0 drivers_killed, 0.0 passengers_injured, 0.0 passengers_killed, 0.0 pedestrian_injured, 0.0 pedestrian_killed, Fair (Night), EDSA (SB)  San Carlos Seminary  Makati",MMDA Road Safety Unit,,3544da32-e6b3-4db5-97d0-bf0788fef52d,2014-10-06,12:20:00,EDSA (SB) Buendia Ave. MRT station Makati,0,0,0,0,0,0,0,0,0,0,2014-10-06 20:20,Property,14.56381373,121.0443042,Rear-End