LOCATION_TEXT,ROAD,WEATHER,LIGHT,DESC,REPORTING_AGENCY,MAIN_CAUSE,INCIDENTDETAILS_ID,DATE_UTC,TIME_UTC,ADDRESS,killed_driver,killed_passenger,killed_pedestrian,injured_driver,injured_passenger,injured_pedestrian,killed_uncategorized,injured_uncategorized,killed_total,injured_total,DATETIME_PST,SEVERITY,Y,X,COLLISION_TYPE
None,EDSA,None,None,"No Accident Factor, Side Swipe, 0.0 drivers_injured, 0.0 drivers_killed, 0.0 passengers_injured, 0.0 passengers_killed, 0.0 pedestrian_injured, 0.0 pedestrian_killed, Fair (Day), EDSA (SB) Ayala Ave.  Makati",MMDA Road Safety Unit,,8462b44e-7179-455b-b23e-826e54e90b84,2014-10-05,07:55:00,EDSA (SB) Ayala Ave. Makati,0,0,0,0,0,0,0,0,0,0,2014-10-05 15:55,Property,14.55032185,121.0294221,Side Swipe
None,EDSA,None,None,"No Accident Factor, No Collision Stated (based on Police Blotter Book), 0.0 drivers_injured, 0.0 drivers_killed, 1.0 passengers_injured, 0.0 passengers_killed, 0.0 pedestrian_injured, 0.0 pedestrian_killed, Fair (Day), EDSA (SB) Mc Kinley Road Makati",MMDA Road Safety Unit,,60141b25-33a7-48be-8333-c0b2034f746b,2014-10-05,01:45:00,EDSA (SB)  Buendia Loading  Bay  Makati,0,0,0,0,1,0,0,0,0,1,2014-10-05 9:45,Injury,14.55013698,121.0294728,No Collision Stated
None,EDSA,None,None,"No Accident Factor, Hit Object (No Object Stated), 0.0 drivers_injured, 0.0 drivers_killed, 0.0 passengers_injured, 0.0 passengers_killed, 0.0 pedestrian_injured, 0.0 pedestrian_killed, Fair (Night), EDSA (SB)  Shell Gas Station Buendia Ave.  Makati",MMDA Road Safety Unit,,054eecf0-cbac-415b-b0d8-afdea122aa47,2014-10-04,13:55:00,EDSA (SB)  Guadalupe Loading Bay  Makati,0,0,0,0,0,0,0,0,0,0,2014-10-04 21:55,Property,14.55525895,121.0350673,Hit Object
None,EDSA,None,None,"No Accident Factor, Rear-end, 0.0 drivers_injured, 0.0 drivers_killed, 0.0 passengers_injured, 0.0 passengers_killed, 0.0 pedestrian_injured, 0.0 pedestrian_killed, Rain (Night), EDSA (SB) Buendia Ave. Makati",MMDA Road Safety Unit,,6b58dd32-501e-4ecc-b323-a3c1ad0ccde6,2014-10-04,11:30:00,EDSA (SB) Buendia Ave. Makati,0,0,0,0,0,0,0,0,0,0,2014-10-04 19:30,Property,14.55505269,121.034707,Rear-End
None,EDSA,None,None,"No Accident Factor, Side Swipe, 0.0 drivers_injured, 0.0 drivers_killed, 0.0 passengers_injured, 0.0 passengers_killed, 0.0 pedestrian_injured, 0.0 pedestrian_killed, Fair (Night), EDSA (SB)  Buendia MRT Station Makati",MMDA Road Safety Unit,,5b0c957a-0f7b-4f39-b3d4-822a952e24b6,2014-10-03,12:30:00,"EDSA (SB) Loyola Memorial, Guadalupe Nuevo Makati",0,0,0,0,0,0,0,0,0,0,2014-10-03 20:30,Property,14.55410594,121.0340072,Side Swipe
None,EDSA,None,None,"No Accident Factor, Rear-end, 0.0 drivers_injured, 0.0 drivers_killed, 0.0 passengers_injured, 0.0 passengers_killed, 0.0 pedestrian_injured, 0.0 pedestrian_killed, Fair (Day), EDSA (SB)  Buendia Ave.  Makati",MMDA Road Safety Unit,,c0f5ccc2-ca90-47aa-ad3c-c8e8236ff0c9,2014-10-03,09:45:00,EDSA (SB)  Buendia Ave.  Makati,0,0,0,0,0,0,0,0,0,0,2014-10-03 17:45,Property,14.55505902,121.0347499,Rear-End
None,EDSA,None,None,"No Accident Factor, Side Swipe, 0.0 drivers_injured, 0.0 drivers_killed, 0.0 passengers_injured, 0.0 passengers_killed, 0.0 pedestrian_injured, 0.0 pedestrian_killed, Fair (Night), EDSA (SB)  Estrella St.  Makati",MMDA Road Safety Unit,,ebbc9122-675e-4d79-aa58-eb28fe5660ce,2014-10-02,11:05:00,EDSA (SB)  Ayala Loading bay  Makati,0,0,0,0,0,0,0,0,0,0,2014-10-02 19:05,Property,14.56004155,121.0406932,Side Swipe
None,EDSA,None,None,"No Accident Factor, Side Swipe, 0.0 drivers_injured, 0.0 drivers_killed, 0.0 passengers_injured, 0.0 passengers_killed, 0.0 pedestrian_injured, 0.0 pedestrian_killed, Fair (Day), EDSA (SB)  Rockwell Makati",MMDA Road Safety Unit,,f174fa38-0cd4-455d-ae98-0016c5f32708,2014-10-02,00:30:00,EDSA (SB) Magallanes Interchange Makati,0,0,0,0,0,0,0,0,0,0,2014-10-02 8:30,Property,14.55995041,121.0406596,Side Swipe
None,EDSA,None,None,"No Accident Factor, Rear-end, 0.0 drivers_injured, 0.0 drivers_killed, 0.0 passengers_injured, 0.0 passengers_killed, 0.0 pedestrian_injured, 0.0 pedestrian_killed, Fair (Night), EDSA (SB) Rockwell, Bel Air Makati",MMDA Road Safety Unit,,6e159bb4-b913-49b4-aeb3-3773ad76639a,2014-10-01,22:40:00,EDSA (SB)  Magallanes Loading Bay  Makati,0,0,0,0,0,0,0,0,0,0,2014-10-02 6:40,Property,14.559945,121.0407272,Rear-End
None,EDSA,None,None,"No Accident Factor, Rear-end, 0.0 drivers_injured, 0.0 drivers_killed, 0.0 passengers_injured, 0.0 passengers_killed, 0.0 pedestrian_injured, 0.0 pedestrian_killed, Fair (Night), EDSA (SB)  Guadalupe MRT Station  Makati",MMDA Road Safety Unit,,bae04a3b-f44b-4468-ad5f-00529d7d20c6,2014-09-30,11:30:00,EDSA (SB) SM San Lorenzo Makati,0,0,0,0,0,0,0,0,0,0,2014-09-30 19:30,Property,14.56658983,121.0454618,Rear-End
None,EDSA,None,None,"No Accident Factor, Side Swipe, 0.0 drivers_injured, 0.0 drivers_killed, 0.0 passengers_injured, 0.0 passengers_killed, 0.0 pedestrian_injured, 0.0 pedestrian_killed, Fair (Night), EDSA (SB) Buendia Ave. MRT station Makati",MMDA Road Safety Unit,,a2c9d557-7a8e-4ca1-99dc-7e16b8bb52a5,2014-09-30,10:20:00,EDSA (SB)  Guadalupe Makati,0,0,0,0,0,0,0,0,0,0,2014-09-30 18:20,Property,14.55422339,121.0338994,Side Swipe
None,EDSA,None,None,"No Accident Factor, Hit Object (Bollard-Metal), 0.0 drivers_injured, 0.0 drivers_killed, 0.0 passengers_injured, 0.0 passengers_killed, 0.0 pedestrian_injured, 0.0 pedestrian_killed, Fair (Day), EDSA (SB) Ayala Ave. Makati",MMDA Road Safety Unit,,17ac4514-a2b3-4e93-9502-4d2c3b219ecc,2014-09-30,08:05:00,EDSA (SB)  Loyola Memorial Chapel  Makati,0,0,0,0,0,0,0,0,0,0,2014-09-30 16:05,Property,14.55022912,121.0292348,Hit Object
None,EDSA,None,None,"No Accident Factor, Side Swipe, 0.0 drivers_injured, 0.0 drivers_killed, 0.0 passengers_injured, 0.0 passengers_killed, 0.0 pedestrian_injured, 0.0 pedestrian_killed, Fair (Night), EDSA (SB)  Buendia Loading  Bay  Makati",MMDA Road Safety Unit,,601ea48f-48b4-46f7-9831-b052599fcfd7,2014-09-29,01:10:00,EDSA (SB)  Guadalupe Loading Bay  Makati,0,0,0,0,0,0,0,0,0,0,2014-09-29 9:10,Property,14.55384284,121.0334277,Side Swipe
None,EDSA,None,None,"No Accident Factor, Rear-end, 0.0 drivers_injured, 0.0 drivers_killed, 0.0 passengers_injured, 0.0 passengers_killed, 0.0 pedestrian_injured, 0.0 pedestrian_killed, Fair (Night), EDSA (SB)  Guadalupe Loading Bay  Makati",MMDA Road Safety Unit,,6dc37728-c84a-467c-9413-ce2bae094b35,2014-09-29,00:30:00,EDSA (SB)  San Lorenzo Village Gate  Makati,0,0,0,0,0,0,0,0,0,0,2014-09-29 8:30,Property,14.56458659,121.044657,Rear-End
None,EDSA,None,None,"No Accident Factor, Side Swipe, 0.0 drivers_injured, 0.0 drivers_killed, 0.0 passengers_injured, 0.0 passengers_killed, 0.0 pedestrian_injured, 0.0 pedestrian_killed, Fair (Night), EDSA (SB) Buendia Ave. Makati",MMDA Road Safety Unit,,592387a8-8305-4559-927b-1182c5bd8abd,2014-09-27,21:30:00,EDSA (SB)  Estrella Loading Bay  Makati,0,0,0,0,0,0,0,0,0,0,2014-09-28 5:30,Property,14.55505269,121.034707,Side Swipe
None,EDSA,None,None,"No Accident Factor, Rear-end, 0.0 drivers_injured, 0.0 drivers_killed, 0.0 passengers_injured, 0.0 passengers_killed, 0.0 pedestrian_injured, 0.0 pedestrian_killed, Fair (Night), EDSA (SB) Loyola Memorial, Guadalupe Nuevo Makati",MMDA Road Safety Unit,,42862e09-c304-46b1-835a-343350145349,2014-09-26,21:50:00,EDSA (SB)  Buendia Ave. MRT Station  Makati,0,0,0,0,0,0,0,0,0,0,2014-09-27 5:50,Property,14.5653264,121.0449169,Rear-End
None,EDSA,None,None,"No Accident Factor, Side Swipe, 0.0 drivers_injured, 0.0 drivers_killed, 0.0 passengers_injured, 0.0 passengers_killed, 0.0 pedestrian_injured, 0.0 pedestrian_killed, Fair (Night), EDSA (SB)  Buendia Ave.  Makati",MMDA Road Safety Unit,,9fa080c5-fba0-4b19-99c4-7498c70952f5,2014-09-26,08:10:00,EDSA (SB) MRT Ayala station Makati,0,0,0,0,0,0,0,0,0,0,2014-09-26 16:10,Property,14.55505902,121.0347499,Side Swipe
None,EDSA,None,None,"No Accident Factor, Side Swipe, 0.0 drivers_injured, 0.0 drivers_killed, 0.0 passengers_injured, 0.0 passengers_killed, 0.0 pedestrian_injured, 0.0 pedestrian_killed, Fair (Night), EDSA (SB)  Ayala Loading bay  Makati",MMDA Road Safety Unit,,d514116e-6fcc-45c3-853b-4501a89f9a07,2014-09-25,22:00:00,EDSA (SB)  Buendia Ave.  Makati,0,0,0,0,0,0,0,0,0,0,2014-09-26 6:00,Property,14.55041073,121.0293293,Side Swipe
None,EDSA,None,None,"No Accident Factor, Multiple Collision, 0.0 drivers_injured, 0.0 drivers_killed, 2.0 passengers_injured, 0.0 passengers_killed, 0.0 pedestrian_injured, 0.0 pedestrian_killed, Fair (Night), EDSA (SB) Magallanes Interchange Makati",MMDA Road Safety Unit,,13046c6d-4488-4ea0-b0df-758a4bc0624b,2014-09-25,21:45:00,EDSA (SB)  Estrella St.  Makati,0,0,0,0,2,0,0,0,0,2,2014-09-26 5:45,Injury,14.54028633,121.0167655,Multiple
None,EDSA,None,None,"No Accident Factor, Side Swipe, 0.0 drivers_injured, 0.0 drivers_killed, 0.0 passengers_injured, 0.0 passengers_killed, 0.0 pedestrian_injured, 0.0 pedestrian_killed, Fair (Night), EDSA (SB)  Magallanes Loading Bay  Makati",MMDA Road Safety Unit,,776f6b16-c5c9-4eea-8610-4e983aacc8fb,2014-09-24,11:30:00,EDSA (SB)  San Lorenzo Village Gate  Makati,0,0,0,0,0,0,0,0,0,0,2014-09-24 19:30,Property,14.54305703,121.0205246,Side Swipe
None,EDSA,None,None,"No Accident Factor, Side Swipe, 0.0 drivers_injured, 0.0 drivers_killed, 0.0 passengers_injured, 0.0 passengers_killed, 0.0 pedestrian_injured, 0.0 pedestrian_killed, Fair (Day), EDSA (SB) SM San Lorenzo Makati",MMDA Road Safety Unit,,d2b7f47e-3f6e-4e5f-b192-43cf6b61df0b,2014-09-24,09:00:00,EDSA (SB)  Evangelsita St.  Makati,0,0,0,0,0,0,0,0,0,0,2014-09-24 17:00,Property,14.54886983,121.0276349,Side Swipe
None,EDSA,None,None,"No Accident Factor, No Collision Stated (based on Police Blotter Book), 0.0 drivers_injured, 0.0 drivers_killed, 0.0 passengers_injured, 0.0 passengers_killed, 0.0 pedestrian_injured, 0.0 pedestrian_killed, Fair (Night), EDSA (SB)  Guadalupe Makati",MMDA Road Safety Unit,,c9c87ffc-c269-45d0-9668-1539b7f922bc,2014-09-24,01:00:00,EDSA (SB) Estrella Loading Bay     Makati,0,0,0,0,0,0,0,0,0,0,2014-09-24 9:00,Property,14.56692578,121.0456061,No Collision Stated
None,EDSA,None,None,"No Accident Factor, Side Swipe, 0.0 drivers_injured, 0.0 drivers_killed, 0.0 passengers_injured, 0.0 passengers_killed, 0.0 pedestrian_injured, 0.0 pedestrian_killed, Fair (Night), EDSA (SB)  Loyola Memorial Chapel  Makati",MMDA Road Safety Unit,,8abe98a4-5a13-4d20-a311-ae873967b72b,2014-09-22,13:15:00,EDSA (SB)  Magallanes Service Road Makati,0,0,0,0,0,0,0,0,0,0,2014-09-22 21:15,Property,14.56533615,121.0449389,Side Swipe
None,EDSA,None,None,"No Accident Factor, Rear-end, 0.0 drivers_injured, 0.0 drivers_killed, 0.0 passengers_injured, 0.0 passengers_killed, 0.0 pedestrian_injured, 0.0 pedestrian_killed, Fair (Night), EDSA (SB)  Guadalupe Loading Bay  Makati",MMDA Road Safety Unit,,0f86ad67-9a56-4fb9-bf06-56e3a1320562,2014-09-18,09:30:00,EDSA (SB) Guadalupe Cloverleaf Makati,0,0,0,0,0,0,0,0,0,0,2014-09-18 17:30,Property,14.56458659,121.044657,Rear-End
None,EDSA,None,None,"No Accident Factor, Angle Impact, 0.0 drivers_injured, 0.0 drivers_killed, 0.0 passengers_injured, 0.0 passengers_killed, 0.0 pedestrian_injured, 0.0 pedestrian_killed, Fair (Night), EDSA (SB)  San Lorenzo Village Gate  Makati",MMDA Road Safety Unit,,d19ab7c3-813f-4427-ae34-ebb5641a4434,2014-09-18,01:50:00,EDSA (SB) Dusit Hotel  Makati,0,0,0,0,0,0,0,0,0,0,2014-09-18 9:50,Property,14.54228611,121.0194674,Angle Impact
None,EDSA,None,None,"No Accident Factor, Side Swipe, 0.0 drivers_injured, 0.0 drivers_killed, 0.0 passengers_injured, 0.0 passengers_killed, 0.0 pedestrian_injured, 0.0 pedestrian_killed, Fair (Night), EDSA (SB)  Estrella Loading Bay  Makati",MMDA Road Safety Unit,,4fb5f5b9-f3a7-432d-b5c4-0a4a564e75a1,2014-09-18,01:25:00,EDSA (SB) San Lorenzo entrance gate Makati,0,0,0,0,0,0,0,0,0,0,2014-09-18 9:25,Property,14.56082383,121.0415995,Side Swipe
None,EDSA,None,None,"No Accident Factor, Rear-end, 0.0 drivers_injured, 0.0 drivers_killed, 0.0 passengers_injured, 0.0 passengers_killed, 0.0 pedestrian_injured, 0.0 pedestrian_killed, Fair (Night), EDSA (SB)  Buendia Ave. MRT Station  Makati",MMDA Road Safety Unit,,54e16c33-08ee-4c05-848c-ad960e461b7a,2014-09-17,00:35:00,EDSA (SB) Cloverleaf  Makati,0,0,0,0,0,0,0,0,0,0,2014-09-17 8:35,Property,14.55410594,121.0340072,Rear-End
None,EDSA,None,None,"No Accident Factor, Rear-end, 0.0 drivers_injured, 0.0 drivers_killed, 0.0 passengers_injured, 0.0 passengers_killed, 0.0 pedestrian_injured, 0.0 pedestrian_killed, Fair (Night), EDSA (SB) MRT Ayala station Makati",MMDA Road Safety Unit,,e1ddf0ce-09b8-455b-b6c1-c10b1b8f3bb3,2014-09-16,10:00:00,EDSA (SB) Buendia Ave.  Makati,0,0,0,0,0,0,0,0,0,0,2014-09-16 18:00,Property,14.54911319,121.0279946,Rear-End
None,EDSA,None,None,"No Accident Factor, Rear-end, 0.0 drivers_injured, 0.0 drivers_killed, 0.0 passengers_injured, 0.0 passengers_killed, 0.0 pedestrian_injured, 0.0 pedestrian_killed, Fair (Night), EDSA (SB)  Buendia Ave.  Makati",MMDA Road Safety Unit,,ffd16c48-9a1b-4ace-8c84-754036d97a86,2014-09-16,01:00:00,EDSA (SB) Ayala Ave.  Makati,0,0,0,0,0,0,0,0,0,0,2014-09-16 9:00,Property,14.55505902,121.0347499,Rear-End
None,EDSA,None,None,"No Accident Factor, Angle Impact, 0.0 drivers_injured, 0.0 drivers_killed, 0.0 passengers_injured, 0.0 passengers_killed, 0.0 pedestrian_injured, 0.0 pedestrian_killed, Rain (Night), EDSA (SB)  Estrella St.  Makati",MMDA Road Safety Unit,,5ce4edbb-ecd1-4cca-b8b1-b69ec4fefe15,2014-09-14,12:30:00,EDSA (SB) Magallanes Interchange Makati,0,0,0,0,0,0,0,0,0,0,2014-09-14 20:30,Property,14.56004155,121.0406932,Angle Impact
None,EDSA,None,None,"No Accident Factor, Rear-end, 0.0 drivers_injured, 0.0 drivers_killed, 0.0 passengers_injured, 0.0 passengers_killed, 0.0 pedestrian_injured, 0.0 pedestrian_killed, Rain (Night), EDSA (SB)  San Lorenzo Village Gate  Makati",MMDA Road Safety Unit,,88f89f77-71e6-4ce3-b93d-9e01fbd4f303,2014-09-14,11:30:00,EDSA (SB) Estrella St. Makati,0,0,0,0,0,0,0,0,0,0,2014-09-14 19:30,Property,14.54228611,121.0194674,Rear-End
None,EDSA,None,None,"No Accident Factor, Angle Impact, 0.0 drivers_injured, 0.0 drivers_killed, 0.0 passengers_injured, 0.0 passengers_killed, 0.0 pedestrian_injured, 0.0 pedestrian_killed, Rain (Night), EDSA (SB)  Evangelsita St.  Makati",MMDA Road Safety Unit,,b59314aa-7c8a-4b95-abb8-7d736ae849f5,2014-09-13,14:00:00,EDSA (SB) Estrella  Makati,0,0,0,0,0,0,0,0,0,0,2014-09-13 22:00,Property,14.53913289,121.0122586,Angle Impact
None,EDSA,None,None,"No Accident Factor, Side Swipe, 1.0 drivers_injured, 0.0 drivers_killed, 3.0 passengers_injured, 0.0 passengers_killed, 0.0 pedestrian_injured, 0.0 pedestrian_killed, Fair (Night), EDSA (SB) Estrella Loading Bay     Makati",MMDA Road Safety Unit,,5c4abbf7-21c5-49ff-9a70-4afc6ab94912,2014-09-13,12:40:00,EDSA (SB) Buendia Ave. Makati,0,0,0,1,3,0,0,0,0,4,2014-09-13 20:40,Injury,14.56059855,121.0413941,Side Swipe
None,EDSA,None,None,"No Accident Factor, Side Swipe, 0.0 drivers_injured, 0.0 drivers_killed, 0.0 passengers_injured, 0.0 passengers_killed, 0.0 pedestrian_injured, 0.0 pedestrian_killed, Rain (Night), EDSA (SB)  Magallanes Service Road Makati",MMDA Road Safety Unit,,6bd3fcd7-2c26-4744-9fcb-980217340bd7,2014-09-13,09:30:00,EDSA (SB) Buendia Ave.  Makati,0,0,0,0,0,0,0,0,0,0,2014-09-13 17:30,Property,14.53925495,121.0142649,Side Swipe
None,EDSA,None,None,"No Accident Factor, Side Swipe, 0.0 drivers_injured, 0.0 drivers_killed, 0.0 passengers_injured, 0.0 passengers_killed, 0.0 pedestrian_injured, 0.0 pedestrian_killed, Fair (Day), EDSA (SB) Guadalupe Cloverleaf Makati",MMDA Road Safety Unit,,5c86ed93-fd9a-4ced-83ee-0d7a956df6d8,2014-09-13,07:00:00,EDSA (SB) Loyola Memorial Chapel  Makati,0,0,0,0,0,0,0,0,0,0,2014-09-13 15:00,Property,14.56720754,121.0457277,Side Swipe
None,EDSA,None,None,"No Accident Factor, Rear-end, 0.0 drivers_injured, 0.0 drivers_killed, 0.0 passengers_injured, 0.0 passengers_killed, 0.0 pedestrian_injured, 0.0 pedestrian_killed, Fair (Day), EDSA (SB) Dusit Hotel  Makati",MMDA Road Safety Unit,,62870103-e04a-4fd1-aa67-852dad7bbdb1,2014-09-11,02:30:00,EDSA (SB) Estrella St. Makati,0,0,0,0,0,0,0,0,0,0,2014-09-11 10:30,Property,14.54794586,121.0263601,Rear-End
None,EDSA,None,None,"No Accident Factor, Hit and Run (Side Swipe), 0.0 drivers_injured, 0.0 drivers_killed, 0.0 passengers_injured, 0.0 passengers_killed, 0.0 pedestrian_injured, 0.0 pedestrian_killed, Fair (Day), EDSA (SB) San Lorenzo entrance gate Makati",MMDA Road Safety Unit,,019ea05a-a5c4-4de5-81a8-25c560e27d97,2014-09-10,02:00:00,EDSA (SB) Ayala Loading bay  Makati,0,0,0,0,0,0,0,0,0,0,2014-09-10 10:00,Property,14.5422524,121.0195278,Side Swipe
None,EDSA,None,None,"No Accident Factor, Angle Impact, 0.0 drivers_injured, 0.0 drivers_killed, 0.0 passengers_injured, 0.0 passengers_killed, 0.0 pedestrian_injured, 0.0 pedestrian_killed, Fair (Day), EDSA (SB) Cloverleaf  Makati",MMDA Road Safety Unit,,7816c2be-4371-43ac-9fbf-9ef310991b9b,2014-09-08,08:10:00,EDSA (SB) Magallanes Interchange Makati,0,0,0,0,0,0,0,0,0,0,2014-09-08 16:10,Property,14.56752962,121.0456192,Angle Impact
None,EDSA,None,None,"No Accident Factor, Hit and Run (Side Swipe), 0.0 drivers_injured, 0.0 drivers_killed, 0.0 passengers_injured, 0.0 passengers_killed, 0.0 pedestrian_injured, 0.0 pedestrian_killed, Fair (Night), EDSA (SB) Buendia Ave.  Makati",MMDA Road Safety Unit,,97ed4bb9-5bf1-46c7-92c3-f9752c93c31a,2014-09-04,12:15:00,EDSA (SB) Estrella  Makati,0,0,0,0,0,0,0,0,0,0,2014-09-04 20:15,Property,14.55505269,121.034707,Side Swipe
None,EDSA,None,None,"No Accident Factor, Hit and Run (Side Swipe), 0.0 drivers_injured, 0.0 drivers_killed, 0.0 passengers_injured, 0.0 passengers_killed, 0.0 pedestrian_injured, 0.0 pedestrian_killed, Fair (Night), EDSA (SB) Ayala Ave.  Makati",MMDA Road Safety Unit,,43c6d2ef-f71e-47c0-b910-421a9b2e8aa9,2014-09-04,10:00:00,EDSA (SB) Magallanes Interchange Makati,0,0,0,0,0,0,0,0,0,0,2014-09-04 18:00,Property,14.55032185,121.0294221,Side Swipe
None,EDSA,None,None,"No Accident Factor, Rear-end, 0.0 drivers_injured, 0.0 drivers_killed, 0.0 passengers_injured, 0.0 passengers_killed, 0.0 pedestrian_injured, 0.0 pedestrian_killed, Fair (Night), EDSA (SB) Magallanes Interchange Makati",MMDA Road Safety Unit,,01b01860-80d7-49c1-b696-9966a7eeb657,2014-09-02,12:10:00,EDSA (SB) San Carlos Seminary Makati,0,0,0,0,0,0,0,0,0,0,2014-09-02 20:10,Property,14.54028633,121.0167655,Rear-End
None,EDSA,None,None,"No Accident Factor, Side Swipe, 0.0 drivers_injured, 0.0 drivers_killed, 0.0 passengers_injured, 0.0 passengers_killed, 0.0 pedestrian_injured, 0.0 pedestrian_killed, Fair (Night), EDSA (SB) Estrella St. Makati",MMDA Road Safety Unit,,7966ce77-89ce-4f86-9bb8-3e7edf9582dc,2014-09-02,11:15:00,"EDSA (SB) ""U"" turn slot, Buendia Ave. Makati",0,0,0,0,0,0,0,0,0,0,2014-09-02 19:15,Property,14.56002889,121.040751,Side Swipe
None,EDSA,None,None,"No Accident Factor, Side Swipe, 0.0 drivers_injured, 0.0 drivers_killed, 0.0 passengers_injured, 0.0 passengers_killed, 0.0 pedestrian_injured, 0.0 pedestrian_killed, Fair (Day), EDSA (SB) Estrella  Makati",MMDA Road Safety Unit,,e6041f58-b9f0-4c66-92c1-1abbaf1d68a5,2014-09-02,09:50:00,EDSA (SB) Buendia Ave.  Makati,0,0,0,0,0,0,0,0,0,0,2014-09-02 17:50,Property,14.56002889,121.040751,Side Swipe
None,EDSA,None,None,"No Accident Factor, Angle Impact, 0.0 drivers_injured, 0.0 drivers_killed, 0.0 passengers_injured, 0.0 passengers_killed, 0.0 pedestrian_injured, 0.0 pedestrian_killed, Fair (Night), EDSA (SB) Buendia Ave. Makati",MMDA Road Safety Unit,,7449e056-5dfa-4c61-ba51-19b7cfd714b6,2014-08-29,15:15:00,EDSA (SB) Ayala Ave. Makati,0,0,0,0,0,0,0,0,0,0,2014-08-29 23:15,Property,14.55505269,121.034707,Angle Impact
None,EDSA,None,None,"No Accident Factor, Rear-end, 0.0 drivers_injured, 0.0 drivers_killed, 0.0 passengers_injured, 0.0 passengers_killed, 0.0 pedestrian_injured, 0.0 pedestrian_killed, Fair (Night), EDSA (SB) Buendia Ave.  Makati",MMDA Road Safety Unit,,481f3cb2-fb59-4fb0-9ed0-9a83cc89cfe5,2014-08-29,15:05:00,EDSA (SB) Buendia Ave. Makati,0,0,0,0,0,0,0,0,0,0,2014-08-29 23:05,Property,14.55505269,121.034707,Rear-End
None,EDSA,None,None,"No Accident Factor, Side Swipe, 0.0 drivers_injured, 0.0 drivers_killed, 0.0 passengers_injured, 0.0 passengers_killed, 0.0 pedestrian_injured, 0.0 pedestrian_killed, Fair (Night), EDSA (SB) Loyola Memorial Chapel  Makati",MMDA Road Safety Unit,,5865e040-2e1e-4d99-b801-10bf20b94565,2014-08-29,12:30:00,EDSA (SB) Estrella St. Makati,0,0,0,0,0,0,0,0,0,0,2014-08-29 20:30,Property,14.5653264,121.0449169,Side Swipe
None,EDSA,None,None,"No Accident Factor, Side Swipe, 0.0 drivers_injured, 0.0 drivers_killed, 0.0 passengers_injured, 0.0 passengers_killed, 0.0 pedestrian_injured, 0.0 pedestrian_killed, Fair (Day), EDSA (SB) Estrella St. Makati",MMDA Road Safety Unit,,6e6a591e-6ca2-4be3-9049-5d414d5a61e3,2014-08-28,02:45:00,EDSA (SB) Buendia Ave. Makati,0,0,0,0,0,0,0,0,0,0,2014-08-28 10:45,Property,14.56002889,121.040751,Side Swipe
None,EDSA,None,None,"No Accident Factor, Side Swipe, 0.0 drivers_injured, 0.0 drivers_killed, 0.0 passengers_injured, 0.0 passengers_killed, 0.0 pedestrian_injured, 0.0 pedestrian_killed, Fair (Night), EDSA (SB) Ayala Loading bay  Makati",MMDA Road Safety Unit,,43701bce-7921-4c5d-bcb6-c5743f8a3b77,2014-08-27,13:30:00,EDSA (SB) Ayala Ave. Makati,0,0,0,0,0,0,0,0,0,0,2014-08-27 21:30,Property,14.54886,121.0276063,Side Swipe
None,EDSA,None,None,"No Accident Factor, Side Swipe, 0.0 drivers_injured, 0.0 drivers_killed, 0.0 passengers_injured, 0.0 passengers_killed, 0.0 pedestrian_injured, 0.0 pedestrian_killed, Fair (Night), EDSA (SB) Magallanes Interchange Makati",MMDA Road Safety Unit,,20bb885f-8c15-47ca-88d1-3624a07f65c0,2014-08-27,12:00:00,EDSA (SB) Evangelista St. Makati,0,0,0,0,0,0,0,0,0,0,2014-08-27 20:00,Property,14.54028633,121.0167655,Side Swipe
None,EDSA,None,None,"No Accident Factor, Rear-end, 0.0 drivers_injured, 0.0 drivers_killed, 0.0 passengers_injured, 0.0 passengers_killed, 0.0 pedestrian_injured, 0.0 pedestrian_killed, Fair (Night), EDSA (SB) Estrella  Makati",MMDA Road Safety Unit,,fea785c4-726c-4f94-a3c2-e5dbb70ea33a,2014-08-27,10:05:00,EDSA (SB) Evangelista St. Makati,0,0,0,0,0,0,0,0,0,0,2014-08-27 18:05,Property,14.56002889,121.040751,Rear-End
None,EDSA,None,None,"No Accident Factor, Side Swipe, 0.0 drivers_injured, 0.0 drivers_killed, 0.0 passengers_injured, 0.0 passengers_killed, 0.0 pedestrian_injured, 0.0 pedestrian_killed, Fair (Day), EDSA (SB) Magallanes Interchange Makati",MMDA Road Safety Unit,,35d2ca2f-a080-4eb0-966f-e05a9b330a72,2014-08-27,08:55:00,EDSA (SB) Bernardino St. Makati,0,0,0,0,0,0,0,0,0,0,2014-08-27 16:55,Property,14.54028633,121.0167655,Side Swipe
None,EDSA,None,None,"No Accident Factor, Side Swipe, 0.0 drivers_injured, 0.0 drivers_killed, 0.0 passengers_injured, 0.0 passengers_killed, 0.0 pedestrian_injured, 0.0 pedestrian_killed, Fair (Day), EDSA (SB) San Carlos Seminary Makati",MMDA Road Safety Unit,,96fd8d61-fb03-405d-8924-c3a8261410f1,2014-08-26,00:30:00,EDSA (SB) Estrella St.  Makati,0,0,0,0,0,0,0,0,0,0,2014-08-26 8:30,Property,14.56316308,121.043841,Side Swipe
None,EDSA,None,None,"No Accident Factor, Rear-end, 1.0 drivers_injured, 0.0 drivers_killed, 0.0 passengers_injured, 0.0 passengers_killed, 0.0 pedestrian_injured, 0.0 pedestrian_killed, Fair (Night), EDSA (SB) ""U"" turn slot, Buendia Ave. Makati",MMDA Road Safety Unit,,fb4e2a73-fe80-490b-830c-a5d03f896c65,2014-08-24,17:00:00,EDSA (SB) Estrella Loading Bay  Makati,0,0,0,1,0,0,0,0,0,1,2014-08-25 1:00,Injury,14.55533419,121.0354546,Rear-End
None,EDSA,None,None,"No Accident Factor, Rear-end, 0.0 drivers_injured, 0.0 drivers_killed, 0.0 passengers_injured, 0.0 passengers_killed, 0.0 pedestrian_injured, 0.0 pedestrian_killed, Fair (Day), EDSA (SB) Buendia Ave.  Makati",MMDA Road Safety Unit,,f25f6cc5-efab-41c4-8a42-7e6291436a20,2014-08-22,07:30:00,EDSA (SB) Guadalupe Bridge  Makati,0,0,0,0,0,0,0,0,0,0,2014-08-22 15:30,Property,14.55505269,121.034707,Rear-End