LOCATION_TEXT,ROAD,WEATHER,LIGHT,DESC,REPORTING_AGENCY,MAIN_CAUSE,INCIDENTDETAILS_ID,DATE_UTC,TIME_UTC,ADDRESS,killed_driver,killed_passenger,killed_pedestrian,injured_driver,injured_passenger,injured_pedestrian,killed_uncategorized,injured_uncategorized,killed_total,injured_total,DATETIME_PST,SEVERITY,Y,X,COLLISION_TYPE
None,EDSA,None,None,"No Accident Factor, Side Swipe, 0.0 drivers_injured, 0.0 drivers_killed, 0.0 passengers_injured, 0.0 passengers_killed, 0.0 pedestrian_injured, 0.0 pedestrian_killed, Fair (Day), EDSA (SB) Ayala Ave. Makati",MMDA Road Safety Unit,,32302229-da0d-4e52-a8d3-3227e8cd27ff,2014-08-20,08:35:00,EDSA (SB) Buendia Ave. MRT Station  Makati,0,0,0,0,0,0,0,0,0,0,2014-08-20 16:35,Property,14.55022912,121.0292348,Side Swipe
None,EDSA,None,None,"No Accident Factor, Side Swipe, 0.0 drivers_injured, 0.0 drivers_killed, 0.0 passengers_injured, 0.0 passengers_killed, 0.0 pedestrian_injured, 0.0 pedestrian_killed, Fair (Day), EDSA (SB) Buendia Ave. Makati",MMDA Road Safety Unit,,2cb07cf0-f2fe-4330-893f-aac4b4d65f33,2014-08-19,07:20:00,EDSA (SB) Evangelista St. Makati,0,0,0,0,0,0,0,0,0,0,2014-08-19 15:20,Property,14.55505269,121.034707,Side Swipe
None,EDSA,None,None,"No Accident Factor, Rear-end, 0.0 drivers_injured, 0.0 drivers_killed, 0.0 passengers_injured, 0.0 passengers_killed, 0.0 pedestrian_injured, 0.0 pedestrian_killed, Rain (Night), EDSA (SB) Estrella St. Makati",MMDA Road Safety Unit,,6ea15879-e7e3-466f-b620-64129afb8ff6,2014-08-16,10:30:00,EDSA (SB) Ayala Ave. Makati,0,0,0,0,0,0,0,0,0,0,2014-08-16 18:30,Property,14.56002889,121.040751,Rear-End
None,EDSA,None,None,"No Accident Factor, Side Swipe, 0.0 drivers_injured, 0.0 drivers_killed, 0.0 passengers_injured, 0.0 passengers_killed, 0.0 pedestrian_injured, 0.0 pedestrian_killed, Fair (Night), EDSA (SB) Buendia Ave. Makati",MMDA Road Safety Unit,,29af0c8c-36c3-4eff-943a-7f929bcd1dfd,2014-08-15,11:45:00,EDSA (SB) Estrella Loading Bay Makati,0,0,0,0,0,0,0,0,0,0,2014-08-15 19:45,Property,14.55505269,121.034707,Side Swipe
None,EDSA,None,None,"No Accident Factor, Rear-end, 0.0 drivers_injured, 0.0 drivers_killed, 0.0 passengers_injured, 0.0 passengers_killed, 0.0 pedestrian_injured, 0.0 pedestrian_killed, Fair (Day), EDSA (SB) Ayala Ave. Makati",MMDA Road Safety Unit,,8d37316b-3316-4797-8d60-e3d0754d9d98,2014-08-14,03:50:00,EDSA (SB) Palm Drive Makati,0,0,0,0,0,0,0,0,0,0,2014-08-14 11:50,Property,14.55022912,121.0292348,Rear-End
None,EDSA,None,None,"No Accident Factor, Hit and Run (No Collision Stated), 0.0 drivers_injured, 0.0 drivers_killed, 0.0 passengers_injured, 0.0 passengers_killed, 0.0 pedestrian_injured, 0.0 pedestrian_killed, Fair (Day), EDSA (SB) Evangelista St. Makati",MMDA Road Safety Unit,,9d50596b-973d-419c-b97d-9286204f13dd,2014-08-14,01:50:00,"EDSA (SB) Ayala Ave., MRT station Makati",0,0,0,0,0,0,0,0,0,0,2014-08-14 9:50,Property,14.53903137,121.0123272,No Collision Stated
None,EDSA,None,None,"No Accident Factor, Rear-end, 0.0 drivers_injured, 0.0 drivers_killed, 0.0 passengers_injured, 0.0 passengers_killed, 0.0 pedestrian_injured, 0.0 pedestrian_killed, Fair (Day), EDSA (SB) Evangelista St. Makati",MMDA Road Safety Unit,,4c00a952-d615-4ffb-8c7f-a053a5df32ac,2014-08-11,23:55:00,"EDSA (SB) Loading and Unloading bay, San Lorenzo Makati",0,0,0,0,0,0,0,0,0,0,2014-08-12 7:55,Property,14.53903137,121.0123272,Rear-End
None,EDSA,None,None,"No Accident Factor, Hit and Run (Rear-end), 0.0 drivers_injured, 1.0 drivers_killed, 0.0 passengers_injured, 0.0 passengers_killed, 0.0 pedestrian_injured, 0.0 pedestrian_killed, Fair (Day), EDSA (SB) Bernardino St. Makati",MMDA Road Safety Unit,,4bf30ee0-986d-4de3-b8cd-9e38b2b794b6,2014-08-07,18:45:00,EDSA (SB) Ponce St. Makati,1,0,0,0,0,0,0,0,1,0,2014-08-08 2:45,Fatal,14.5656985,121.0450952,Rear-End
None,EDSA,None,None,"No Accident Factor, Rear-end, 0.0 drivers_injured, 0.0 drivers_killed, 0.0 passengers_injured, 0.0 passengers_killed, 0.0 pedestrian_injured, 0.0 pedestrian_killed, Fair (Day), EDSA (SB) Estrella St.  Makati",MMDA Road Safety Unit,,9c728e0e-1c4c-4dc9-8e4e-d4879de7a6cc,2014-08-07,06:30:00,EDSA (SB) Ayala Ave. Makati,0,0,0,0,0,0,0,0,0,0,2014-08-07 14:30,Property,14.56002889,121.040751,Rear-End
None,EDSA,None,None,"No Accident Factor, Side Swipe, 0.0 drivers_injured, 0.0 drivers_killed, 0.0 passengers_injured, 0.0 passengers_killed, 0.0 pedestrian_injured, 0.0 pedestrian_killed, Fair (Day), EDSA (SB) Estrella Loading Bay  Makati",MMDA Road Safety Unit,,09d4125f-5e72-4592-97c4-86a5a7ce6cb2,2014-08-07,03:20:00,"EDSA (SB) Ayala Loading Bay, San Lorenzo Makati",0,0,0,0,0,0,0,0,0,0,2014-08-07 11:20,Property,14.56059855,121.0413941,Side Swipe
None,EDSA,None,None,"No Accident Factor, Rear-end, 0.0 drivers_injured, 0.0 drivers_killed, 0.0 passengers_injured, 0.0 passengers_killed, 0.0 pedestrian_injured, 0.0 pedestrian_killed, Fair (Day), EDSA (SB) Guadalupe Bridge  Makati",MMDA Road Safety Unit,,64271b5f-25e8-4ce7-a548-5b8b06824927,2014-08-06,23:30:00,EDSA (SB) Estrella St. Makati,0,0,0,0,0,0,0,0,0,0,2014-08-07 7:30,Property,14.56802596,121.045885,Rear-End
None,EDSA,None,None,"No Accident Factor, Side Swipe, 0.0 drivers_injured, 0.0 drivers_killed, 0.0 passengers_injured, 0.0 passengers_killed, 0.0 pedestrian_injured, 0.0 pedestrian_killed, Fair (Night), EDSA (SB) Buendia Ave. MRT Station  Makati",MMDA Road Safety Unit,,69b5882e-4e46-4682-a8d1-3b0ab75473a6,2014-08-06,11:00:00,EDSA (SB) Ayala Ave. Makati,0,0,0,0,0,0,0,0,0,0,2014-08-06 19:00,Property,14.55422339,121.0338994,Side Swipe
None,EDSA,None,None,"No Accident Factor, Side Swipe, 0.0 drivers_injured, 0.0 drivers_killed, 0.0 passengers_injured, 0.0 passengers_killed, 0.0 pedestrian_injured, 0.0 pedestrian_killed, Rain (Day), EDSA (SB) Evangelista St. Makati",MMDA Road Safety Unit,,2896155f-cc01-4397-9ff8-a0070d381591,2014-08-06,01:30:00,EDSA (SB) Estrella - Loading Bay Makati,0,0,0,0,0,0,0,0,0,0,2014-08-06 9:30,Property,14.53903137,121.0123272,Side Swipe
None,EDSA,None,None,"No Accident Factor, Angle Impact, 0.0 drivers_injured, 0.0 drivers_killed, 0.0 passengers_injured, 0.0 passengers_killed, 0.0 pedestrian_injured, 0.0 pedestrian_killed, Rain (Day), EDSA (SB) Ayala Ave. Makati",MMDA Road Safety Unit,,e9df7b8f-1b1f-4bf6-aeec-64a9a6a5fa48,2014-08-05,21:45:00,EDSA (SB) Magallanes Loading and Unloading bay Makati,0,0,0,0,0,0,0,0,0,0,2014-08-06 5:45,Property,14.55022912,121.0292348,Angle Impact
None,EDSA,None,None,"No Accident Factor, Rear-end, 0.0 drivers_injured, 0.0 drivers_killed, 0.0 passengers_injured, 0.0 passengers_killed, 0.0 pedestrian_injured, 0.0 pedestrian_killed, Fair (Night), EDSA (SB) Estrella Loading Bay Makati",MMDA Road Safety Unit,,c15e5312-977f-4d40-86b3-175b74d48a20,2014-08-04,11:20:00,EDSA (SB) Buendia Ave.  Makati,0,0,0,0,0,0,0,0,0,0,2014-08-04 19:20,Property,14.56059855,121.0413941,Rear-End
None,EDSA,None,None,"No Accident Factor, Angle Impact, 0.0 drivers_injured, 0.0 drivers_killed, 0.0 passengers_injured, 0.0 passengers_killed, 0.0 pedestrian_injured, 0.0 pedestrian_killed, Fair (Night), EDSA (SB) Palm Drive Makati",MMDA Road Safety Unit,,fd255080-f5d2-4810-b749-2a8a3e61d6a2,2014-08-04,10:25:00,EDSA (SB) Ayala Ave. MRT station Makati,0,0,0,0,0,0,0,0,0,0,2014-08-04 18:25,Property,14.54848063,121.0270791,Angle Impact
None,EDSA,None,None,"No Accident Factor, Hit Object (Center Island), 0.0 drivers_injured, 0.0 drivers_killed, 0.0 passengers_injured, 0.0 passengers_killed, 0.0 pedestrian_injured, 0.0 pedestrian_killed, Fair (Day), EDSA (SB) Ayala Ave., MRT station Makati",MMDA Road Safety Unit,,5dc278e5-73d3-4117-9800-f3bfbbe9a4d9,2014-08-02,19:30:00,EDSA (SB) Buendia Ave.  Makati,0,0,0,0,0,0,0,0,0,0,2014-08-03 3:30,Property,14.54921008,121.0280082,Hit Object
None,EDSA,None,None,"No Accident Factor, Hit and Run (No Collision Stated), 0.0 drivers_injured, 0.0 drivers_killed, 0.0 passengers_injured, 0.0 passengers_killed, 0.0 pedestrian_injured, 0.0 pedestrian_killed, Fair (Day), EDSA (SB) Loading and Unloading bay, San Lorenzo Makati",MMDA Road Safety Unit,,0f0850fe-db39-404a-9c40-1b352c4478a3,2014-08-01,23:30:00,EDSA (SB) Buendia Ave. / Urdaneta St.  Makati,0,0,0,0,0,0,0,0,0,0,2014-08-02 7:30,Property,14.54300082,121.0203803,No Collision Stated
None,EDSA,None,None,"No Accident Factor, Side Swipe, 0.0 drivers_injured, 0.0 drivers_killed, 0.0 passengers_injured, 0.0 passengers_killed, 0.0 pedestrian_injured, 0.0 pedestrian_killed, Fair (Day), EDSA (SB) Ponce St. Makati",MMDA Road Safety Unit,,20256c30-276d-4d7b-af9a-9424532fa5f4,2014-07-31,22:30:00,EDSA (SB) San Lorenzo Village Makati,0,0,0,0,0,0,0,0,0,0,2014-08-01 6:30,Property,14.53982168,121.0148367,Side Swipe
None,EDSA,None,None,"No Accident Factor, Side Swipe, 0.0 drivers_injured, 0.0 drivers_killed, 0.0 passengers_injured, 0.0 passengers_killed, 0.0 pedestrian_injured, 0.0 pedestrian_killed, Rain (Night), EDSA (SB) Ayala Ave. Makati",MMDA Road Safety Unit,,fefb6b8d-44aa-43ce-82cb-4b90ac69e879,2014-07-31,12:40:00,EDSA (SB) A. Arnaiz Ave.  Makati,0,0,0,0,0,0,0,0,0,0,2014-07-31 20:40,Property,14.55022912,121.0292348,Side Swipe
None,EDSA,None,None,"No Accident Factor, Angle Impact, 0.0 drivers_injured, 0.0 drivers_killed, 0.0 passengers_injured, 0.0 passengers_killed, 0.0 pedestrian_injured, 0.0 pedestrian_killed, Rain (Night), EDSA (SB) Ayala Loading Bay, San Lorenzo Makati",MMDA Road Safety Unit,,17a3ea62-d3f5-4039-b0f2-199f876b14ec,2014-07-30,13:15:00,EDSA (SB) Estrella St. Makati,0,0,0,0,0,0,0,0,0,0,2014-07-30 21:15,Property,14.54886,121.0276063,Angle Impact
None,EDSA,None,None,"No Accident Factor, Rear-end, 0.0 drivers_injured, 0.0 drivers_killed, 0.0 passengers_injured, 0.0 passengers_killed, 0.0 pedestrian_injured, 0.0 pedestrian_killed, Rain (Day), EDSA (SB) Estrella St. Makati",MMDA Road Safety Unit,,cddb0f0f-c854-40f1-b1f0-7a2bb8b740ee,2014-07-26,09:00:00,EDSA (SB) A. Arnaiz Ave.  Makati,0,0,0,0,0,0,0,0,0,0,2014-07-26 17:00,Property,14.56002889,121.040751,Rear-End
None,EDSA,None,None,"No Accident Factor, Rear-end, 0.0 drivers_injured, 0.0 drivers_killed, 0.0 passengers_injured, 0.0 passengers_killed, 0.0 pedestrian_injured, 0.0 pedestrian_killed, Fair (Night), EDSA (SB) Ayala Ave. Makati",MMDA Road Safety Unit,,a8c4ac62-026c-493c-bf14-bfbb382f0147,2014-07-25,15:50:00,EDSA (SB) Rodriguez St. Makati,0,0,0,0,0,0,0,0,0,0,2014-07-25 23:50,Property,14.55022912,121.0292348,Rear-End
None,EDSA,None,None,"No Accident Factor, Side Swipe, 0.0 drivers_injured, 0.0 drivers_killed, 0.0 passengers_injured, 0.0 passengers_killed, 0.0 pedestrian_injured, 0.0 pedestrian_killed, Fair (Night), EDSA (SB) Estrella - Loading Bay Makati",MMDA Road Safety Unit,,1542172e-335a-4d49-b26a-f3cf7e866bb8,2014-07-25,11:35:00,EDSA (SB) Estrella St. Makati,0,0,0,0,0,0,0,0,0,0,2014-07-25 19:35,Property,14.56058907,121.041404,Side Swipe
None,EDSA,None,None,"No Accident Factor, Side Swipe, 0.0 drivers_injured, 0.0 drivers_killed, 0.0 passengers_injured, 0.0 passengers_killed, 0.0 pedestrian_injured, 0.0 pedestrian_killed, Fair (Day), EDSA (SB) Magallanes Loading and Unloading bay Makati",MMDA Road Safety Unit,,cbfea1c0-9348-48d2-bdb5-0d836b2d1538,2014-07-25,05:40:00,EDSA (SB) Victor R. Protacio Medical Center Makati,0,0,0,0,0,0,0,0,0,0,2014-07-25 13:40,Property,14.54282655,121.0202714,Side Swipe
None,EDSA,None,None,"No Accident Factor, Side Swipe, 0.0 drivers_injured, 0.0 drivers_killed, 0.0 passengers_injured, 0.0 passengers_killed, 0.0 pedestrian_injured, 0.0 pedestrian_killed, Fair (Night), EDSA (SB) Buendia Ave.  Makati",MMDA Road Safety Unit,,ad183db3-25d3-4c9e-8181-144abe992605,2014-07-25,00:20:00,EDSA (SB) Pinatubo St.  Makati,0,0,0,0,0,0,0,0,0,0,2014-07-25 8:20,Property,14.55505269,121.034707,Side Swipe
None,EDSA,None,None,"No Accident Factor, Side Swipe, 0.0 drivers_injured, 0.0 drivers_killed, 0.0 passengers_injured, 0.0 passengers_killed, 0.0 pedestrian_injured, 0.0 pedestrian_killed, Fair (Night), EDSA (SB) Ayala Ave. MRT station Makati",MMDA Road Safety Unit,,d57a7c23-6121-444e-9a41-267c378fc83a,2014-07-24,13:00:00,EDSA (SB) Lapu Lapu St. Makati,0,0,0,0,0,0,0,0,0,0,2014-07-24 21:00,Property,14.54906642,121.027985,Side Swipe
None,EDSA,None,None,"No Accident Factor, Side Swipe, 0.0 drivers_injured, 0.0 drivers_killed, 0.0 passengers_injured, 0.0 passengers_killed, 0.0 pedestrian_injured, 0.0 pedestrian_killed, Fair (Night), EDSA (SB) Buendia Ave.  Makati",MMDA Road Safety Unit,,b92d3b49-7dec-4587-8e8f-bd8bd32a1f64,2014-07-24,10:40:00,EDSA (SB) Footbridge - Guadalupe  Makati,0,0,0,0,0,0,0,0,0,0,2014-07-24 18:40,Property,14.55505269,121.034707,Side Swipe
None,EDSA,None,None,"No Accident Factor, Hit and Run (Rear-end), 0.0 drivers_injured, 0.0 drivers_killed, 0.0 passengers_injured, 0.0 passengers_killed, 0.0 pedestrian_injured, 0.0 pedestrian_killed, Fair (Night), EDSA (SB) Buendia Ave. / Urdaneta St.  Makati",MMDA Road Safety Unit,,f53ee4f0-9916-48db-a108-0fe7df9b04b9,2014-07-24,08:00:00,EDSA (SB) San Lorenzo Makati,0,0,0,0,0,0,0,0,0,0,2014-07-24 16:00,Property,14.55505269,121.034707,Rear-End
None,EDSA,None,None,"No Accident Factor, Side Swipe, 0.0 drivers_injured, 0.0 drivers_killed, 0.0 passengers_injured, 0.0 passengers_killed, 0.0 pedestrian_injured, 0.0 pedestrian_killed, Fair (Day), EDSA (SB) San Lorenzo Village Makati",MMDA Road Safety Unit,,72f89399-5e24-4020-a9b8-f8ea415407b9,2014-07-23,08:30:00,EDSA (SB) Evangelista St. Makati,0,0,0,0,0,0,0,0,0,0,2014-07-23 16:30,Property,14.5422524,121.0195278,Side Swipe
None,EDSA,None,None,"No Accident Factor, Rear-end, 0.0 drivers_injured, 0.0 drivers_killed, 0.0 passengers_injured, 0.0 passengers_killed, 0.0 pedestrian_injured, 0.0 pedestrian_killed, Fair (Day), EDSA (SB) A. Arnaiz Ave.  Makati",MMDA Road Safety Unit,,43092047-0060-4e7d-85c7-10003bdc1835,2014-07-21,07:55:00,EDSA (SB) Guadalupe - MRT Station Makati,0,0,0,0,0,0,0,0,0,0,2014-07-21 15:55,Property,14.54765031,121.0260523,Rear-End
None,EDSA,None,None,"No Accident Factor, Rear-end, 0.0 drivers_injured, 0.0 drivers_killed, 0.0 passengers_injured, 0.0 passengers_killed, 0.0 pedestrian_injured, 0.0 pedestrian_killed, Rain (Night), EDSA (SB) Estrella St. Makati",MMDA Road Safety Unit,,f9cf287e-c4ee-4e01-bf3c-80f9461de3b1,2014-07-19,15:30:00,"EDSA (SB) ""U"" turn slot - Buendia Ave.  Makati",0,0,0,0,0,0,0,0,0,0,2014-07-19 23:30,Property,14.56002889,121.040751,Rear-End
None,EDSA,None,None,"No Accident Factor, Side Swipe, 0.0 drivers_injured, 0.0 drivers_killed, 0.0 passengers_injured, 0.0 passengers_killed, 0.0 pedestrian_injured, 0.0 pedestrian_killed, Fair (Night), EDSA (SB) A. Arnaiz Ave.  Makati",MMDA Road Safety Unit,,578abf04-9ad2-4024-86a3-3c80964433ab,2014-07-18,11:00:00,EDSA (SB) Palm Drive Makati,0,0,0,0,0,0,0,0,0,0,2014-07-18 19:00,Property,14.54765031,121.0260523,Side Swipe
None,EDSA,None,None,"No Accident Factor, Side Swipe, 0.0 drivers_injured, 0.0 drivers_killed, 0.0 passengers_injured, 0.0 passengers_killed, 0.0 pedestrian_injured, 0.0 pedestrian_killed, Fair (Day), EDSA (SB) Rodriguez St. Makati",MMDA Road Safety Unit,,455766ff-6862-4a25-aa7b-9f5952319c8b,2014-07-18,08:00:00,EDSA (SB) Guadalupe MRT station Makati,0,0,0,0,0,0,0,0,0,0,2014-07-18 16:00,Property,14.53841991,121.0085642,Side Swipe
None,EDSA,None,None,"No Accident Factor, Rear-end, 0.0 drivers_injured, 0.0 drivers_killed, 0.0 passengers_injured, 0.0 passengers_killed, 0.0 pedestrian_injured, 0.0 pedestrian_killed, Fair (Day), EDSA (SB) Estrella St. Makati",MMDA Road Safety Unit,,3bd878df-0a50-4cce-bcab-192aca95121b,2014-07-16,00:45:00,EDSA (SB) Palm Drive Makati,0,0,0,0,0,0,0,0,0,0,2014-07-16 8:45,Property,14.56002889,121.040751,Rear-End
None,EDSA,None,None,"No Accident Factor, Side Swipe, 0.0 drivers_injured, 0.0 drivers_killed, 0.0 passengers_injured, 0.0 passengers_killed, 0.0 pedestrian_injured, 0.0 pedestrian_killed, Fair (Day), EDSA (SB) Victor R. Protacio Medical Center Makati",MMDA Road Safety Unit,,0a2c59fd-79d2-4e4d-96ca-e5b9734839d8,2014-07-15,07:50:00,EDSA (SB) Buendia Ave. Makati,0,0,0,0,0,0,0,0,0,0,2014-07-15 15:50,Property,14.5767745,121.0503373,Side Swipe
None,EDSA,None,None,"No Accident Factor, No Collision Stated (based on Police Blotter Book), 0.0 drivers_injured, 0.0 drivers_killed, 0.0 passengers_injured, 0.0 passengers_killed, 0.0 pedestrian_injured, 0.0 pedestrian_killed, Fair (Day), EDSA (SB) Pinatubo St.  Makati",MMDA Road Safety Unit,,14be8edd-7eb8-4fdd-ae7e-1578bc16914e,2014-07-15,07:00:00,EDSA (SB) Palm Drive Makati,0,0,0,0,0,0,0,0,0,0,2014-07-15 15:00,Property,14.6194301,121.0508651,No Collision Stated
None,EDSA,None,None,"No Accident Factor, Hit Object (No Object Stated), 0.0 drivers_injured, 0.0 drivers_killed, 0.0 passengers_injured, 0.0 passengers_killed, 0.0 pedestrian_injured, 0.0 pedestrian_killed, Fair (Day), EDSA (SB) Lapu Lapu St. Makati",MMDA Road Safety Unit,,9f27a421-8b18-4c7a-b6b5-49aba0cb4775,2014-07-14,02:45:00,EDSA (SB) Ayala Ave. Makati,0,0,0,0,0,0,0,0,0,0,2014-07-14 10:45,Property,14.53966789,121.0155946,Hit Object
None,EDSA,None,None,"No Accident Factor, Rear-end, 0.0 drivers_injured, 0.0 drivers_killed, 0.0 passengers_injured, 0.0 passengers_killed, 0.0 pedestrian_injured, 0.0 pedestrian_killed, Fair (Night), EDSA (SB) Footbridge - Guadalupe  Makati",MMDA Road Safety Unit,,d123cf67-6922-4851-b80b-61d52319e3dd,2014-07-09,21:55:00,EDSA (SB) Buendia Ave. Makati,0,0,0,0,0,0,0,0,0,0,2014-07-10 5:55,Property,14.56479293,121.0448847,Rear-End
None,EDSA,None,None,"No Accident Factor, Rear-end, 0.0 drivers_injured, 0.0 drivers_killed, 0.0 passengers_injured, 0.0 passengers_killed, 0.0 pedestrian_injured, 0.0 pedestrian_killed, Fair (Night), EDSA (SB) San Lorenzo Makati",MMDA Road Safety Unit,,ac2b394b-5311-4c3d-a04e-62f0723cba0e,2014-07-09,15:30:00,EDSA (SB) Palm Drive  Makati,0,0,0,0,0,0,0,0,0,0,2014-07-09 23:30,Property,14.5422524,121.0195278,Rear-End
None,EDSA,None,None,"No Accident Factor, Side Swipe, 0.0 drivers_injured, 0.0 drivers_killed, 0.0 passengers_injured, 0.0 passengers_killed, 0.0 pedestrian_injured, 0.0 pedestrian_killed, Rain (Day), EDSA (SB) Evangelista St. Makati",MMDA Road Safety Unit,,3dc3faa1-3278-45c5-9701-5eaa271deda3,2014-07-09,07:30:00,EDSA (SB) Estrella - Loading Bay Makati,0,0,0,0,0,0,0,0,0,0,2014-07-09 15:30,Property,14.53903137,121.0123272,Side Swipe
None,EDSA,None,None,"No Accident Factor, No Collision Stated (based on Police Blotter Book), 0.0 drivers_injured, 0.0 drivers_killed, 0.0 passengers_injured, 0.0 passengers_killed, 0.0 pedestrian_injured, 0.0 pedestrian_killed, Fair (Day), EDSA (SB) Guadalupe - MRT Station Makati",MMDA Road Safety Unit,,ebca1200-8caa-476b-a4d9-43554c558545,2014-07-09,00:30:00,EDSA (SB) Buendia Ave. Makati,0,0,0,0,0,0,0,0,0,0,2014-07-09 8:30,Property,14.56473213,121.0447625,No Collision Stated
None,EDSA,None,None,"No Accident Factor, Side Swipe, 0.0 drivers_injured, 0.0 drivers_killed, 0.0 passengers_injured, 0.0 passengers_killed, 0.0 pedestrian_injured, 0.0 pedestrian_killed, Fair (Day), EDSA (SB) ""U"" turn slot - Buendia Ave.  Makati",MMDA Road Safety Unit,,6d0e748d-791d-42dd-9826-c6e86bd873c7,2014-07-08,06:30:00,EDSA (SB) Estrella St. Makati,0,0,0,0,0,0,0,0,0,0,2014-07-08 14:30,Property,14.55534207,121.0354274,Side Swipe
None,EDSA,None,None,"No Accident Factor, Rear-end, 0.0 drivers_injured, 0.0 drivers_killed, 0.0 passengers_injured, 0.0 passengers_killed, 0.0 pedestrian_injured, 0.0 pedestrian_killed, Fair (Day), EDSA (SB) Palm Drive Makati",MMDA Road Safety Unit,,743cdebc-2d91-474a-a739-6349b55a02f8,2014-07-08,02:15:00,EDSA (SB) Estrella St. Makati,0,0,0,0,0,0,0,0,0,0,2014-07-08 10:15,Property,14.54848063,121.0270791,Rear-End
None,EDSA,None,None,"No Accident Factor, Rear-end, 0.0 drivers_injured, 0.0 drivers_killed, 0.0 passengers_injured, 0.0 passengers_killed, 0.0 pedestrian_injured, 0.0 pedestrian_killed, Fair (Night), EDSA (SB) Guadalupe MRT station Makati",MMDA Road Safety Unit,,0ba237e2-8387-47ba-9492-30520e271fc3,2014-07-07,12:30:00,EDSA (SB) Buendia Ave. Makati,0,0,0,0,0,0,0,0,0,0,2014-07-07 20:30,Property,14.5665734,121.0453551,Rear-End
None,EDSA,None,None,"No Accident Factor, No Collision Stated (based on Police Blotter Book), 0.0 drivers_injured, 0.0 drivers_killed, 0.0 passengers_injured, 0.0 passengers_killed, 0.0 pedestrian_injured, 0.0 pedestrian_killed, Fair (Day), EDSA (SB) Palm Drive Makati",MMDA Road Safety Unit,,d24af798-c3ac-4757-bed6-4f9547acda66,2014-07-07,04:45:00,EDSA (SB) Ayala Ave. Makati,0,0,0,0,0,0,0,0,0,0,2014-07-07 12:45,Property,14.54848063,121.0270791,No Collision Stated
None,EDSA,None,None,"No Accident Factor, Rear-end, 0.0 drivers_injured, 0.0 drivers_killed, 0.0 passengers_injured, 0.0 passengers_killed, 0.0 pedestrian_injured, 0.0 pedestrian_killed, Fair (Day), EDSA (SB) Buendia Ave. Makati",MMDA Road Safety Unit,,42ba1a38-c1ea-49a0-80cf-58ffb58c696e,2014-07-07,01:30:00,EDSA (SB) Ayala Ave. Makati,0,0,0,0,0,0,0,0,0,0,2014-07-07 9:30,Property,14.55505269,121.034707,Rear-End
None,EDSA,None,None,"No Accident Factor, Side Swipe, 0.0 drivers_injured, 0.0 drivers_killed, 0.0 passengers_injured, 0.0 passengers_killed, 0.0 pedestrian_injured, 0.0 pedestrian_killed, Fair (Night), EDSA (SB) Palm Drive Makati",MMDA Road Safety Unit,,c8254e63-d2ac-4d8c-867f-54b8380d2ce0,2014-07-06,10:25:00,EDSA (SB) Ayala Ave. Makati,0,0,0,0,0,0,0,0,0,0,2014-07-06 18:25,Property,14.54848063,121.0270791,Side Swipe
None,EDSA,None,None,"No Accident Factor, Side Swipe, 0.0 drivers_injured, 0.0 drivers_killed, 0.0 passengers_injured, 0.0 passengers_killed, 0.0 pedestrian_injured, 0.0 pedestrian_killed, Fair (Night), EDSA (SB) Ayala Ave. Makati",MMDA Road Safety Unit,,c99d7ae4-6e3b-4d7f-baae-b338d6087993,2014-07-05,11:00:00,EDSA (SB) Guadalupe Foot bridge Makati,0,0,0,0,0,0,0,0,0,0,2014-07-05 19:00,Property,14.55022912,121.0292348,Side Swipe
None,EDSA,None,None,"No Accident Factor, Side Swipe, 0.0 drivers_injured, 0.0 drivers_killed, 0.0 passengers_injured, 0.0 passengers_killed, 0.0 pedestrian_injured, 0.0 pedestrian_killed, Fair (Night), EDSA (SB) Buendia Ave. Makati",MMDA Road Safety Unit,,ab134f2a-83de-4928-9a74-06f6856fbff8,2014-07-05,10:25:00,EDSA (SB) Guadalupe Foot Bridge Bgy. Guadalupe Viejo  Makati,0,0,0,0,0,0,0,0,0,0,2014-07-05 18:25,Property,14.55505269,121.034707,Side Swipe
None,EDSA,None,None,"No Accident Factor, Angle Impact, 0.0 drivers_injured, 0.0 drivers_killed, 0.0 passengers_injured, 0.0 passengers_killed, 0.0 pedestrian_injured, 0.0 pedestrian_killed, Fair (Night), EDSA (SB) Palm Drive  Makati",MMDA Road Safety Unit,,4c984f7f-d4f4-40fd-8c01-a1b9fecf958c,2014-07-03,09:55:00,EDSA (SB) Estrella St. Makati,0,0,0,0,0,0,0,0,0,0,2014-07-03 17:55,Property,14.54848063,121.0270791,Angle Impact
None,EDSA,None,None,"No Accident Factor, Rear-end, 0.0 drivers_injured, 0.0 drivers_killed, 0.0 passengers_injured, 0.0 passengers_killed, 0.0 pedestrian_injured, 0.0 pedestrian_killed, Fair (Night), EDSA (SB) Estrella - Loading Bay Makati",MMDA Road Safety Unit,,66d67d7f-a79c-4c9e-a28e-dec050c468cc,2014-07-02,22:35:00,EDSA (SB) Esterlla Foot Bridge Bgy. Guadalupe Viejo  Makati,0,0,0,0,0,0,0,0,0,0,2014-07-03 6:35,Property,14.56058907,121.041404,Rear-End
None,EDSA,None,None,"No Accident Factor, Hit and Run (Side Swipe), 0.0 drivers_injured, 0.0 drivers_killed, 0.0 passengers_injured, 0.0 passengers_killed, 0.0 pedestrian_injured, 0.0 pedestrian_killed, Fair (Day), EDSA (SB) Buendia Ave. Makati",MMDA Road Safety Unit,,99e6014c-292a-413c-a464-f35c9f2afebf,2014-07-01,01:00:00,EDSA (SB) A. Aranaiz Ave. Bgy. San Lorenzo  Makati,0,0,0,0,0,0,0,0,0,0,2014-07-01 9:00,Property,14.55505269,121.034707,Side Swipe
None,EDSA,None,None,"No Accident Factor, Multiple Collision, 0.0 drivers_injured, 0.0 drivers_killed, 0.0 passengers_injured, 0.0 passengers_killed, 0.0 pedestrian_injured, 0.0 pedestrian_killed, Fair (Day), EDSA (SB) Estrella St. Makati",MMDA Road Safety Unit,,b6e97389-2649-4819-9915-e1d584d4fe26,2014-06-24,00:00:00,EDSA (SB) Bernardino St. Makati,0,0,0,0,0,0,0,0,0,0,2014-06-24 8:00,Property,14.56002889,121.040751,Multiple