LOCATION_TEXT,ROAD,WEATHER,LIGHT,DESC,REPORTING_AGENCY,MAIN_CAUSE,INCIDENTDETAILS_ID,DATE_UTC,TIME_UTC,ADDRESS,killed_driver,killed_passenger,killed_pedestrian,injured_driver,injured_passenger,injured_pedestrian,killed_uncategorized,injured_uncategorized,killed_total,injured_total,DATETIME_PST,SEVERITY,Y,X,COLLISION_TYPE
None,EDSA,None,None,"No Accident Factor, Side Swipe, 0.0 drivers_injured, 0.0 drivers_killed, 0.0 passengers_injured, 0.0 passengers_killed, 0.0 pedestrian_injured, 0.0 pedestrian_killed, Fair (Night), EDSA (SB) Estrella St. Makati",MMDA Road Safety Unit,,cdf0744c-c691-4185-83fc-56c4b1e8ffbb,2014-06-19,00:00:00,EDSA (SB) A. Arnaiz Ave. Makati,0,0,0,0,0,0,0,0,0,0,2014-06-19 8:00,Property,14.56002889,121.040751,Side Swipe
None,EDSA,None,None,"No Accident Factor, Hit Object (No Object Stated), 0.0 drivers_injured, 0.0 drivers_killed, 0.0 passengers_injured, 0.0 passengers_killed, 0.0 pedestrian_injured, 0.0 pedestrian_killed, Rain (Night), EDSA (SB) Buendia Ave. Makati",MMDA Road Safety Unit,,732e92a9-bfc0-4928-8735-0bf6d5277415,2014-06-18,18:00:00,EDSA (SB) Estrella St. Bgy. Bel-air Makati,0,0,0,0,0,0,0,0,0,0,2014-06-19 2:00,Property,14.55505269,121.034707,Hit Object
None,EDSA,None,None,"No Accident Factor, Side Swipe, 0.0 drivers_injured, 0.0 drivers_killed, 0.0 passengers_injured, 0.0 passengers_killed, 0.0 pedestrian_injured, 0.0 pedestrian_killed, Fair (Night), EDSA (SB) Ayala Ave. Makati",MMDA Road Safety Unit,,7e381658-240a-4399-8713-1dfbf3b08391,2014-06-18,13:30:00,EDSA (SB) San Carlos Seminary Gudalupe Viejo  Makati,0,0,0,0,0,0,0,0,0,0,2014-06-18 21:30,Property,14.55022912,121.0292348,Side Swipe
None,EDSA,None,None,"No Accident Factor, Rear-end, 0.0 drivers_injured, 0.0 drivers_killed, 0.0 passengers_injured, 0.0 passengers_killed, 0.0 pedestrian_injured, 0.0 pedestrian_killed, Fair (Night), EDSA (SB) Ayala Ave. Makati",MMDA Road Safety Unit,,f79cdcf6-b962-4f9f-9ca2-b681931edd7a,2014-06-17,03:30:00,EDSA (SB) Buendia Ave. Shell Gas Station Bel-air Makati,0,0,0,0,0,0,0,0,0,0,2014-06-17 11:30,Property,14.55022912,121.0292348,Rear-End
None,EDSA,None,None,"No Accident Factor, Side Swipe, 0.0 drivers_injured, 0.0 drivers_killed, 0.0 passengers_injured, 0.0 passengers_killed, 0.0 pedestrian_injured, 0.0 pedestrian_killed, Fair (Night), EDSA (SB) Ayala Ave. Makati",MMDA Road Safety Unit,,055a539d-0e92-4dd7-aec1-6598f9e0390a,2014-06-16,05:30:00,EDSA (SB) Estrella St. Bgy. Guadalupe Viejo  Makati,0,0,0,0,0,0,0,0,0,0,2014-06-16 13:30,Property,14.55022912,121.0292348,Side Swipe
None,EDSA,None,None,"No Accident Factor, Side Swipe, 0.0 drivers_injured, 0.0 drivers_killed, 0.0 passengers_injured, 0.0 passengers_killed, 0.0 pedestrian_injured, 0.0 pedestrian_killed, Fair (Night), EDSA (SB) Guadalupe Foot bridge Makati",MMDA Road Safety Unit,,76e86d8b-5016-44fc-8e34-02db7bc5ebcf,2014-06-16,03:35:00,EDSA (SB) MRT Station Guadalupe Viejo  Makati,0,0,0,0,0,0,0,0,0,0,2014-06-16 11:35,Property,14.56486176,121.044824,Side Swipe
None,EDSA,None,None,"No Accident Factor, Multiple Collision, 0.0 drivers_injured, 0.0 drivers_killed, 0.0 passengers_injured, 0.0 passengers_killed, 0.0 pedestrian_injured, 0.0 pedestrian_killed, Fair (Night), EDSA (SB) Guadalupe Foot Bridge Bgy. Guadalupe Viejo  Makati",MMDA Road Safety Unit,,d3991ec0-cb96-4fe9-8994-f7fc5ce785af,2014-06-11,21:10:00,"EDSA (SB) before Evangelista St. - Footbridge, Bgy. Bangkal  Makati",0,0,0,0,0,0,0,0,0,0,2014-06-12 5:10,Property,14.56486176,121.044824,Multiple
None,EDSA,None,None,"No Accident Factor, Rear-end, 0.0 drivers_injured, 0.0 drivers_killed, 0.0 passengers_injured, 0.0 passengers_killed, 0.0 pedestrian_injured, 0.0 pedestrian_killed, Fair (Night), EDSA (SB) Estrella St. Makati",MMDA Road Safety Unit,,d0126bcf-f7ff-4842-bc69-1d434ae520a9,2014-06-11,11:20:00,"EDSA (SB) before Buendia Emegency Bay, Bgy. Urdaneta Makati",0,0,0,0,0,0,0,0,0,0,2014-06-11 19:20,Property,14.56002889,121.040751,Rear-End
None,EDSA,None,None,"No Accident Factor, Hit and Run (Side Swipe), 0.0 drivers_injured, 0.0 drivers_killed, 0.0 passengers_injured, 0.0 passengers_killed, 0.0 pedestrian_injured, 0.0 pedestrian_killed, Fair (Night), EDSA (SB) Esterlla Foot Bridge Bgy. Guadalupe Viejo  Makati",MMDA Road Safety Unit,,e697afca-08ab-4db9-a995-625027faddb4,2014-06-10,11:45:00,"EDSA (SB) ""U"" turn slot, Buendia Ave. Makati",0,0,0,0,0,0,0,0,0,0,2014-06-10 19:45,Property,14.56051838,121.0413849,Side Swipe
None,EDSA,None,None,"No Accident Factor, Side Swipe, 0.0 drivers_injured, 0.0 drivers_killed, 0.0 passengers_injured, 0.0 passengers_killed, 0.0 pedestrian_injured, 0.0 pedestrian_killed, Fair (Night), EDSA (SB) A. Aranaiz Ave. Bgy. San Lorenzo  Makati",MMDA Road Safety Unit,,adcdad97-658b-4ebb-aca0-10f4e085b8b8,2014-06-09,13:30:00,EDSA (SB) Buendia Avenue  U- Turn Slot  Makati,0,0,0,0,0,0,0,0,0,0,2014-06-09 21:30,Property,14.54765031,121.0260523,Side Swipe
None,EDSA,None,None,"No Accident Factor, Side Swipe, 1.0 drivers_injured, 0.0 drivers_killed, 0.0 passengers_injured, 0.0 passengers_killed, 0.0 pedestrian_injured, 0.0 pedestrian_killed, Fair (Night), EDSA (SB) Bernardino St. Makati",MMDA Road Safety Unit,,6947b7a3-67b5-4c50-b1be-f88c045c8115,2014-06-09,08:45:00,EDSA (SB) Loading/Unloading Bgy. Guadalupe Viejo  Makati,0,0,0,1,0,0,0,0,0,1,2014-06-09 16:45,Injury,14.5656985,121.0450952,Side Swipe
None,EDSA,None,None,"No Accident Factor, Rear-end, 0.0 drivers_injured, 0.0 drivers_killed, 0.0 passengers_injured, 0.0 passengers_killed, 0.0 pedestrian_injured, 0.0 pedestrian_killed, Fair (Night), EDSA (SB) A. Arnaiz Ave. Makati",MMDA Road Safety Unit,,33227df1-f0dd-497e-a518-81088a53ca88,2014-06-09,07:00:00,EDSA (SB) Magallanes Street Makati,0,0,0,0,0,0,0,0,0,0,2014-06-09 15:00,Property,14.54765031,121.0260523,Rear-End
None,EDSA,None,None,"No Accident Factor, Rear-end, 0.0 drivers_injured, 0.0 drivers_killed, 0.0 passengers_injured, 0.0 passengers_killed, 0.0 pedestrian_injured, 0.0 pedestrian_killed, Fair (Day), EDSA (SB) Estrella St. Bgy. Bel-air Makati",MMDA Road Safety Unit,,5efc224a-c495-4f61-b1f8-0b100e47604f,2014-06-08,23:30:00,EDSA (SB) Estrella Stree Makati,0,0,0,0,0,0,0,0,0,0,2014-06-09 7:30,Property,14.56002889,121.040751,Rear-End
None,EDSA,None,None,"No Accident Factor, Side Swipe, 0.0 drivers_injured, 0.0 drivers_killed, 0.0 passengers_injured, 0.0 passengers_killed, 0.0 pedestrian_injured, 0.0 pedestrian_killed, Fair (Day), EDSA (SB) San Carlos Seminary Gudalupe Viejo  Makati",MMDA Road Safety Unit,,bf51ebec-04ce-40a8-9836-4510aede7ae9,2014-06-08,01:15:00,EDSA (SB) Magallanes Street Makati,0,0,0,0,0,0,0,0,0,0,2014-06-08 9:15,Property,14.56316308,121.043841,Side Swipe
None,EDSA,None,None,"No Accident Factor, Rear-end, 2.0 drivers_injured, 0.0 drivers_killed, 0.0 passengers_injured, 0.0 passengers_killed, 0.0 pedestrian_injured, 0.0 pedestrian_killed, Fair (Day), EDSA (SB) Buendia Ave. Shell Gas Station Bel-air Makati",MMDA Road Safety Unit,,53bde0a9-eb56-4948-94ff-be45b995a2c1,2014-06-07,09:30:00,EDSA (SB) Guadalupe Bridge Makati,0,0,0,2,0,0,0,0,0,2,2014-06-07 17:30,Injury,14.5553616,121.035048,Rear-End
None,EDSA,None,None,"No Accident Factor, Side Swipe, 0.0 drivers_injured, 0.0 drivers_killed, 0.0 passengers_injured, 0.0 passengers_killed, 0.0 pedestrian_injured, 0.0 pedestrian_killed, Fair (Day), EDSA (SB) Estrella St. Bgy. Guadalupe Viejo  Makati",MMDA Road Safety Unit,,1b684c9d-4e8d-411e-808a-a266baae986b,2014-06-07,08:25:00,EDSA (SB) Guadalupe Loading Bay Makati,0,0,0,0,0,0,0,0,0,0,2014-06-07 16:25,Property,14.56002889,121.040751,Side Swipe
None,EDSA,None,None,"No Accident Factor, Side Swipe, 0.0 drivers_injured, 0.0 drivers_killed, 0.0 passengers_injured, 0.0 passengers_killed, 0.0 pedestrian_injured, 0.0 pedestrian_killed, Fair (Day), EDSA (SB) MRT Station Guadalupe Viejo  Makati",MMDA Road Safety Unit,,7215769b-c575-4550-a006-4f42f3cec634,2014-06-07,04:15:00,EDSA (SB) Rockwell Power Plant / Mall Area Makati,0,0,0,0,0,0,0,0,0,0,2014-06-07 12:15,Property,14.56661843,121.0453081,Side Swipe
None,EDSA,None,None,"No Accident Factor, No Collision Stated (based on Police Blotter Book), 0.0 drivers_injured, 0.0 drivers_killed, 0.0 passengers_injured, 0.0 passengers_killed, 0.0 pedestrian_injured, 0.0 pedestrian_killed, Fair (Night), EDSA (SB) before Evangelista St. - Footbridge, Bgy. Bangkal  Makati",MMDA Road Safety Unit,,0a84d876-382c-4ef5-b452-005c92d48c78,2014-06-06,17:00:00,EDSA (SB) SM Mega Mall Loading Bay Makati,0,0,0,0,0,0,0,0,0,0,2014-06-07 1:00,Property,14.5391356,121.0125968,No Collision Stated
None,EDSA,None,None,"No Accident Factor, Multiple Collision, 0.0 drivers_injured, 0.0 drivers_killed, 0.0 passengers_injured, 0.0 passengers_killed, 0.0 pedestrian_injured, 0.0 pedestrian_killed, Fair (Night), EDSA (SB) before Buendia Emegency Bay, Bgy. Urdaneta Makati",MMDA Road Safety Unit,,7a7309e6-eb07-4ac9-8c1f-0dc19e8ec709,2014-06-03,17:20:00,EDSA (SB) Estrella Stree Makati,0,0,0,0,0,0,0,0,0,0,2014-06-04 1:20,Property,14.555472,121.035406,Multiple
None,EDSA,None,None,"No Accident Factor, Rear-end, 0.0 drivers_injured, 0.0 drivers_killed, 0.0 passengers_injured, 0.0 passengers_killed, 0.0 pedestrian_injured, 0.0 pedestrian_killed, Fair (Night), EDSA (SB) ""U"" turn slot, Buendia Ave. Makati",MMDA Road Safety Unit,,141ea3d5-472e-40c7-8055-1956e5882993,2014-06-03,00:30:00,EDSA (SB) Kalayaan Avenue Makati,0,0,0,0,0,0,0,0,0,0,2014-06-03 8:30,Property,14.55533419,121.0354546,Rear-End
None,EDSA,None,None,"No Accident Factor, Side Swipe, 0.0 drivers_injured, 0.0 drivers_killed, 0.0 passengers_injured, 0.0 passengers_killed, 0.0 pedestrian_injured, 0.0 pedestrian_killed, Fair (Day), EDSA (SB) Buendia Avenue  U- Turn Slot  Makati",MMDA Road Safety Unit,,aeb76f9c-9f0a-4508-a95d-e094d8a6c709,2014-06-02,00:30:00,EDSA (SB) before Kalayaan Avenue Makati,0,0,0,0,0,0,0,0,0,0,2014-06-02 8:30,Property,14.55505269,121.034707,Side Swipe
None,EDSA,None,None,"No Accident Factor, Side Swipe, 0.0 drivers_injured, 0.0 drivers_killed, 0.0 passengers_injured, 0.0 passengers_killed, 0.0 pedestrian_injured, 0.0 pedestrian_killed, Fair (Day), EDSA (SB) Loading/Unloading Bgy. Guadalupe Viejo  Makati",MMDA Road Safety Unit,,4fea984f-9808-4751-bac7-58a8659283bb,2014-05-31,00:30:00,EDSA (SB) Magallanes Street Makati,0,0,0,0,0,0,0,0,0,0,2014-05-31 8:30,Property,14.56459428,121.0447183,Side Swipe
None,EDSA,None,None,"No Accident Factor, Side Swipe, 0.0 drivers_injured, 0.0 drivers_killed, 0.0 passengers_injured, 0.0 passengers_killed, 0.0 pedestrian_injured, 0.0 pedestrian_killed, Fair (Day), EDSA (SB) Magallanes Street Makati",MMDA Road Safety Unit,,097380e6-b1ac-4deb-8432-88d6813c88f8,2014-05-30,08:45:00,"EDSA (SB) before Magallanes Interchange, Bgy. San Lorenzo Makati",0,0,0,0,0,0,0,0,0,0,2014-05-30 16:45,Property,14.53930817,121.0141969,Side Swipe
None,EDSA,None,None,"No Accident Factor, Rear-end, 0.0 drivers_injured, 0.0 drivers_killed, 0.0 passengers_injured, 0.0 passengers_killed, 0.0 pedestrian_injured, 0.0 pedestrian_killed, Fair (Day), EDSA (SB) Estrella Stree Makati",MMDA Road Safety Unit,,6477f543-d185-43ba-a672-09b605be2dd1,2014-05-30,01:30:00,EDSA (SB) Front of Guadalupe Mall Makati,0,0,0,0,0,0,0,0,0,0,2014-05-30 9:30,Property,14.56002889,121.040751,Rear-End
None,EDSA,None,None,"No Accident Factor, Rear-end, 0.0 drivers_injured, 0.0 drivers_killed, 0.0 passengers_injured, 0.0 passengers_killed, 0.0 pedestrian_injured, 0.0 pedestrian_killed, Fair (Day), EDSA (SB) Magallanes Street Makati",MMDA Road Safety Unit,,a18a21d5-01e1-4de3-8309-d0cdf99b1738,2014-05-29,08:30:00,EDSA (SB) Magallanes Street Makati,0,0,0,0,0,0,0,0,0,0,2014-05-29 16:30,Property,14.53930817,121.0141969,Rear-End
None,EDSA,None,None,"No Accident Factor, Rear-end, 0.0 drivers_injured, 0.0 drivers_killed, 0.0 passengers_injured, 0.0 passengers_killed, 0.0 pedestrian_injured, 0.0 pedestrian_killed, Fair (Day), EDSA (SB) Guadalupe Bridge Makati",MMDA Road Safety Unit,,c2552c65-3be2-479b-a495-ec93ed098fbc,2014-05-29,01:05:00,EDSA (SB) Estrella Stree Makati,0,0,0,0,0,0,0,0,0,0,2014-05-29 9:05,Property,14.56802596,121.045885,Rear-End
None,EDSA,None,None,"No Accident Factor, Rear-end, 0.0 drivers_injured, 0.0 drivers_killed, 0.0 passengers_injured, 0.0 passengers_killed, 0.0 pedestrian_injured, 0.0 pedestrian_killed, Fair (Day), EDSA (SB) Guadalupe Loading Bay Makati",MMDA Road Safety Unit,,97e3cf8e-23da-4001-ad47-90b20b4a06b9,2014-05-28,06:20:00,EDSA (SB) Ayala Avenue Makati,0,0,0,0,0,0,0,0,0,0,2014-05-28 14:20,Property,14.56473213,121.0447625,Rear-End
None,EDSA,None,None,"No Accident Factor, Side Swipe, 0.0 drivers_injured, 0.0 drivers_killed, 0.0 passengers_injured, 0.0 passengers_killed, 0.0 pedestrian_injured, 0.0 pedestrian_killed, Fair (Day), EDSA (SB) Rockwell Power Plant / Mall Area Makati",MMDA Road Safety Unit,,38dc81a2-e024-4e33-af6d-74212a1eb87a,2014-05-28,00:00:00,EDSA (SB) Ayala Avenue Makati,0,0,0,0,0,0,0,0,0,0,2014-05-28 8:00,Property,14.559945,121.0407272,Side Swipe
None,EDSA,None,None,"No Accident Factor, Side Swipe, 0.0 drivers_injured, 0.0 drivers_killed, 0.0 passengers_injured, 0.0 passengers_killed, 0.0 pedestrian_injured, 0.0 pedestrian_killed, Fair (Night), EDSA (SB) SM Mega Mall Loading Bay Makati",MMDA Road Safety Unit,,1fb6b995-e21b-4588-b010-2b18b4da5722,2014-05-27,14:25:00,"EDSA (SB) PET Plans Bldg., Bgy. Guadalupe Viejo Makati",0,0,0,0,0,0,0,0,0,0,2014-05-27 22:25,Property,14.58523301,121.0559589,Side Swipe
None,EDSA,None,None,"No Accident Factor, Rear-end, 0.0 drivers_injured, 0.0 drivers_killed, 0.0 passengers_injured, 0.0 passengers_killed, 0.0 pedestrian_injured, 0.0 pedestrian_killed, Fair (Night), EDSA (SB) Estrella Stree Makati",MMDA Road Safety Unit,,de934ba0-73c8-4cc4-a207-f5f930bb87cf,2014-05-27,10:45:00,"EDSA (SB) Estrella St., Bgy. Guadalupe Viejo Makati",0,0,0,0,0,0,0,0,0,0,2014-05-27 18:45,Property,14.56002889,121.040751,Rear-End
None,EDSA,None,None,"No Accident Factor, Rear-end, 0.0 drivers_injured, 0.0 drivers_killed, 0.0 passengers_injured, 0.0 passengers_killed, 0.0 pedestrian_injured, 0.0 pedestrian_killed, Fair (Night), EDSA (SB) Kalayaan Avenue Makati",MMDA Road Safety Unit,,dea40fab-0d24-4a04-bbb2-bc083044fdf4,2014-05-26,10:30:00,EDSA (SB) before Magallanes Loading Bay Makati,0,0,0,0,0,0,0,0,0,0,2014-05-26 18:30,Property,14.55774691,121.0380708,Rear-End
None,EDSA,None,None,"No Accident Factor, Rear-end, 0.0 drivers_injured, 0.0 drivers_killed, 0.0 passengers_injured, 0.0 passengers_killed, 0.0 pedestrian_injured, 0.0 pedestrian_killed, Fair (Day), EDSA (SB) before Kalayaan Avenue Makati",MMDA Road Safety Unit,,c913e6d9-f3f9-4867-bda3-c1a01cd7c44d,2014-05-26,09:40:00,EDSA (SB) Ayala Ave. Bgy. Urdaneta  Makati,0,0,0,0,0,0,0,0,0,0,2014-05-26 17:40,Property,14.55809728,121.0385096,Rear-End
None,EDSA,None,None,"No Accident Factor, Side Swipe, 0.0 drivers_injured, 0.0 drivers_killed, 0.0 passengers_injured, 0.0 passengers_killed, 0.0 pedestrian_injured, 0.0 pedestrian_killed, Fair (Day), EDSA (SB) Magallanes Street Makati",MMDA Road Safety Unit,,177c1987-1efd-42c7-ac5c-e6b2249f1329,2014-05-26,00:00:00,EDSA (SB) Buendia Avenue fronting Gas Station Makati,0,0,0,0,0,0,0,0,0,0,2014-05-26 8:00,Property,14.53930817,121.0141969,Side Swipe
None,EDSA,None,None,"No Accident Factor, Side Swipe, 0.0 drivers_injured, 0.0 drivers_killed, 0.0 passengers_injured, 0.0 passengers_killed, 0.0 pedestrian_injured, 0.0 pedestrian_killed, Fair (Day), EDSA (SB) before Magallanes Interchange, Bgy. San Lorenzo Makati",MMDA Road Safety Unit,,06c92711-4e2a-4fc0-95ca-ea6ff7c35cb0,2014-05-23,09:00:00,EDSA (SB) fronting Loyola Makati,0,0,0,0,0,0,0,0,0,0,2014-05-23 17:00,Property,14.54241081,121.0197643,Side Swipe
None,EDSA,None,None,"No Accident Factor, Side Swipe, 0.0 drivers_injured, 0.0 drivers_killed, 0.0 passengers_injured, 0.0 passengers_killed, 0.0 pedestrian_injured, 0.0 pedestrian_killed, Fair (Day), EDSA (SB) Front of Guadalupe Mall Makati",MMDA Road Safety Unit,,58eef9a2-2793-45eb-aa2d-06a58377c363,2014-05-23,04:30:00,EDSA (SB) after Buendia Avenue  Makati,0,0,0,0,0,0,0,0,0,0,2014-05-23 12:30,Property,14.56564314,121.0451952,Side Swipe
None,EDSA,None,None,"No Accident Factor, Side Swipe, 0.0 drivers_injured, 0.0 drivers_killed, 0.0 passengers_injured, 0.0 passengers_killed, 0.0 pedestrian_injured, 0.0 pedestrian_killed, Fair (Day), EDSA (SB) Magallanes Street Makati",MMDA Road Safety Unit,,4b37ec95-7e3c-452f-bb68-6ccbb90d34ee,2014-05-23,02:45:00,"EDSA (SB) after Buendia MRT Station, Bgy.Urdaneta Makati",0,0,0,0,0,0,0,0,0,0,2014-05-23 10:45,Property,14.53930817,121.0141969,Side Swipe
None,EDSA,None,None,"No Accident Factor, Rear-end, 0.0 drivers_injured, 0.0 drivers_killed, 0.0 passengers_injured, 0.0 passengers_killed, 0.0 pedestrian_injured, 0.0 pedestrian_killed, Fair (Day), EDSA (SB) Estrella Stree Makati",MMDA Road Safety Unit,,1060af80-e74c-4d51-ba8d-af322b9e8333,2014-05-23,02:30:00,"EDSA (SB) Estrella St., Bgy.Poblacion Makati",0,0,0,0,0,0,0,0,0,0,2014-05-23 10:30,Property,14.56002889,121.040751,Rear-End
None,EDSA,None,None,"No Accident Factor, Side Swipe, 0.0 drivers_injured, 0.0 drivers_killed, 0.0 passengers_injured, 0.0 passengers_killed, 0.0 pedestrian_injured, 0.0 pedestrian_killed, Fair (Night), EDSA (SB) Ayala Avenue Makati",MMDA Road Safety Unit,,05858140-0d6a-4d97-ab9d-f76d6fac7f50,2014-05-21,11:25:00,EDSA (SB) before Guadalupe MRT Station  Makati,0,0,0,0,0,0,0,0,0,0,2014-05-21 19:25,Property,14.55023673,121.029251,Side Swipe
None,EDSA,None,None,"No Accident Factor, Rear-end, 0.0 drivers_injured, 0.0 drivers_killed, 0.0 passengers_injured, 0.0 passengers_killed, 0.0 pedestrian_injured, 0.0 pedestrian_killed, Fair (Night), EDSA (SB) Ayala Avenue Makati",MMDA Road Safety Unit,,a6301292-20d6-40aa-9d11-02e82eae9117,2014-05-21,10:20:00,EDSA (SB) before Magallanes Loading Bay  Makati,0,0,0,0,0,0,0,0,0,0,2014-05-21 18:20,Property,14.55023673,121.029251,Rear-End
None,EDSA,None,None,"No Accident Factor, Rear-end, 0.0 drivers_injured, 0.0 drivers_killed, 0.0 passengers_injured, 0.0 passengers_killed, 0.0 pedestrian_injured, 0.0 pedestrian_killed, Fair (Night), EDSA (SB) PET Plans Bldg., Bgy. Guadalupe Viejo Makati",MMDA Road Safety Unit,,5f4f931c-8011-48a2-a735-aa4f97b88f07,2014-05-20,06:05:00,"EDSA (SB) before Evangelista St., Bgy.Bangkal Makati",0,0,0,0,0,0,0,0,0,0,2014-05-20 14:05,Property,14.56191915,121.0429118,Rear-End
None,EDSA,None,None,"No Accident Factor, Rear-end, 0.0 drivers_injured, 0.0 drivers_killed, 0.0 passengers_injured, 0.0 passengers_killed, 0.0 pedestrian_injured, 0.0 pedestrian_killed, Fair (Night), EDSA (SB) Estrella St., Bgy. Guadalupe Viejo Makati",MMDA Road Safety Unit,,893f7799-8316-49d2-bbdc-4930ef4b1b42,2014-05-20,06:05:00,EDSA (SB) Buendia MRT Station  Makati,0,0,0,0,0,0,0,0,0,0,2014-05-20 14:05,Property,14.56002889,121.040751,Rear-End
None,EDSA,None,None,"No Accident Factor, Side Swipe, 0.0 drivers_injured, 0.0 drivers_killed, 0.0 passengers_injured, 0.0 passengers_killed, 0.0 pedestrian_injured, 0.0 pedestrian_killed, Fair (Day), EDSA (SB) before Magallanes Loading Bay Makati",MMDA Road Safety Unit,,1f1a40fb-8aea-4fde-bb5f-d9d5807cea2d,2014-05-16,07:00:00,EDSA (SB) after Dusit Hotel Drive  Makati,0,0,0,0,0,0,0,0,0,0,2014-05-16 15:00,Property,14.54305474,121.0205369,Side Swipe
None,EDSA,None,None,"No Accident Factor, Rear-end, 0.0 drivers_injured, 0.0 drivers_killed, 0.0 passengers_injured, 0.0 passengers_killed, 0.0 pedestrian_injured, 0.0 pedestrian_killed, Fair (Day), EDSA (SB) Ayala Ave. Bgy. Urdaneta  Makati",MMDA Road Safety Unit,,9b7421b4-5aad-4449-93b0-455e3a9d185f,2014-05-14,23:00:00,EDSA (SB) Guadalupe Bridge Makati,0,0,0,0,0,0,0,0,0,0,2014-05-15 7:00,Property,14.55022912,121.0292348,Rear-End
None,EDSA,None,None,"No Accident Factor, No Collision Stated (based on Police Blotter Book), 0.0 drivers_injured, 0.0 drivers_killed, 0.0 passengers_injured, 0.0 passengers_killed, 0.0 pedestrian_injured, 0.0 pedestrian_killed, Fair (Night), EDSA (SB) Buendia Avenue fronting Gas Station Makati",MMDA Road Safety Unit,,07683c43-9da4-4858-94f2-70276e7931ba,2014-05-11,11:00:00,EDSA (SB) Ayala Ave. Makati,0,0,0,0,0,0,0,0,0,0,2014-05-11 19:00,Property,14.55533324,121.0350875,No Collision Stated
None,EDSA,None,None,"No Accident Factor, Multiple Collision, 1.0 drivers_injured, 0.0 drivers_killed, 0.0 passengers_injured, 0.0 passengers_killed, 0.0 pedestrian_injured, 0.0 pedestrian_killed, Fair (Night), EDSA (SB) fronting Loyola Makati",MMDA Road Safety Unit,,f84e6bb7-15d1-40ba-9146-b63053a8e818,2014-05-07,15:30:00,EDSA (SB) Loyola Memorial Chapel  Makati,0,0,0,1,0,0,0,0,0,1,2014-05-07 23:30,Injury,14.56526983,121.0448719,Multiple
None,EDSA,None,None,"No Accident Factor, Rear-end, 0.0 drivers_injured, 0.0 drivers_killed, 0.0 passengers_injured, 0.0 passengers_killed, 0.0 pedestrian_injured, 0.0 pedestrian_killed, Fair (Day), EDSA (SB) after Buendia Avenue  Makati",MMDA Road Safety Unit,,fbe26f99-814b-4663-aa06-9183489e76a2,2014-05-02,08:35:00,EDSA (SB) Buendia Avenue  Makati,0,0,0,0,0,0,0,0,0,0,2014-05-02 16:35,Property,14.55495937,121.0347012,Rear-End
None,EDSA,None,None,"No Accident Factor, Side Swipe, 0.0 drivers_injured, 0.0 drivers_killed, 0.0 passengers_injured, 0.0 passengers_killed, 0.0 pedestrian_injured, 0.0 pedestrian_killed, Fair (Day), EDSA (SB) after Buendia MRT Station, Bgy.Urdaneta Makati",MMDA Road Safety Unit,,7a5e0915-2d5e-4696-ab98-76eda9cfc37e,2014-04-30,04:30:00,EDSA (SB) before Magallanes Loading Bay  Makati,0,0,0,0,0,0,0,0,0,0,2014-04-30 12:30,Property,14.5541694,121.0340209,Side Swipe
None,EDSA,None,None,"No Accident Factor, No Collision Stated (based on Police Blotter Book), 0.0 drivers_injured, 0.0 drivers_killed, 0.0 passengers_injured, 0.0 passengers_killed, 0.0 pedestrian_injured, 0.0 pedestrian_killed, Fair (Night), EDSA (SB) Estrella St., Bgy.Poblacion Makati",MMDA Road Safety Unit,,29b6a136-1d83-4a08-bade-7d48df595308,2014-04-29,13:35:00,EDSA (SB) Ayala Loading Bay Brgy.San Lorenzo Makati,0,0,0,0,0,0,0,0,0,0,2014-04-29 21:35,Property,14.56002889,121.040751,No Collision Stated
None,EDSA,None,None,"No Accident Factor, Side Swipe, 0.0 drivers_injured, 0.0 drivers_killed, 0.0 passengers_injured, 0.0 passengers_killed, 0.0 pedestrian_injured, 0.0 pedestrian_killed, Fair (Day), EDSA (SB) before Guadalupe MRT Station  Makati",MMDA Road Safety Unit,,985a5b66-623a-4a91-8511-056a247d0bdb,2014-04-29,02:10:00,EDSA (SB) Buendia Avenue Shell Gas Station  Makati,0,0,0,0,0,0,0,0,0,0,2014-04-29 10:10,Property,14.56706831,121.0454944,Side Swipe
None,EDSA,None,None,"No Accident Factor, No Collision Stated (based on Police Blotter Book), 0.0 drivers_injured, 0.0 drivers_killed, 0.0 passengers_injured, 0.0 passengers_killed, 0.0 pedestrian_injured, 0.0 pedestrian_killed, Fair (Night), EDSA (SB) before Magallanes Loading Bay  Makati",MMDA Road Safety Unit,,5fca679d-ed56-47f9-a994-ac8df96be994,2014-04-28,11:05:00,EDSA (SB) Guadalupe Loading Bay  Makati,0,0,0,0,0,0,0,0,0,0,2014-04-28 19:05,Property,14.54305474,121.0205369,No Collision Stated
None,EDSA,None,None,"No Accident Factor, Rear-end, 0.0 drivers_injured, 0.0 drivers_killed, 0.0 passengers_injured, 0.0 passengers_killed, 0.0 pedestrian_injured, 0.0 pedestrian_killed, Fair (Day), EDSA (SB) before Evangelista St., Bgy.Bangkal Makati",MMDA Road Safety Unit,,05b61210-573b-4009-99f2-1b4298b52b7d,2014-04-26,08:50:00,EDSA (SB) after Estrella street Brgy.Bel Air Makati,0,0,0,0,0,0,0,0,0,0,2014-04-26 16:50,Property,14.53904703,121.0123031,Rear-End
None,EDSA,None,None,"No Accident Factor, Side Swipe, 0.0 drivers_injured, 0.0 drivers_killed, 0.0 passengers_injured, 0.0 passengers_killed, 0.0 pedestrian_injured, 0.0 pedestrian_killed, Fair (Night), EDSA (SB) Buendia MRT Station  Makati",MMDA Road Safety Unit,,7f14b964-548b-43bf-8e04-8e4df7419545,2014-04-24,10:20:00,EDSA (SB) Bernardino Street Guadalupe  Makati,0,0,0,0,0,0,0,0,0,0,2014-04-24 18:20,Property,14.55421358,121.03387,Side Swipe