LOCATION_TEXT,ROAD,WEATHER,LIGHT,DESC,REPORTING_AGENCY,MAIN_CAUSE,INCIDENTDETAILS_ID,DATE_UTC,TIME_UTC,ADDRESS,killed_driver,killed_passenger,killed_pedestrian,injured_driver,injured_passenger,injured_pedestrian,killed_uncategorized,injured_uncategorized,killed_total,injured_total,DATETIME_PST,SEVERITY,Y,X,COLLISION_TYPE
None,EDSA,None,None,"No Accident Factor, Side Swipe, 0.0 drivers_injured, 0.0 drivers_killed, 0.0 passengers_injured, 0.0 passengers_killed, 0.0 pedestrian_injured, 0.0 pedestrian_killed, Fair (Day), EDSA (SB) after Dusit Hotel Drive  Makati",MMDA Road Safety Unit,,d637613d-563b-42a0-ac9b-d6ab7eecabb9,2014-04-22,22:40:00,EDSA (SB) Shell Gas Station Buendia Makati,0,0,0,0,0,0,0,0,0,0,2014-04-23 6:40,Property,14.54809781,121.0265706,Side Swipe
None,EDSA,None,None,"No Accident Factor, Side Swipe, 0.0 drivers_injured, 0.0 drivers_killed, 0.0 passengers_injured, 0.0 passengers_killed, 0.0 pedestrian_injured, 0.0 pedestrian_killed, Fair (Day), EDSA (SB) Guadalupe Bridge Makati",MMDA Road Safety Unit,,15db0866-53a2-4f7d-9380-6ac1d10a00fb,2014-04-22,09:30:00,EDSA (SB) across Estrella Street  Makati,0,0,0,0,0,0,0,0,0,0,2014-04-22 17:30,Property,14.56802596,121.045885,Side Swipe
None,EDSA,None,None,"No Accident Factor, Rear-end, 0.0 drivers_injured, 0.0 drivers_killed, 0.0 passengers_injured, 0.0 passengers_killed, 0.0 pedestrian_injured, 0.0 pedestrian_killed, Fair (Day), EDSA (SB) Ayala Ave. Makati",MMDA Road Safety Unit,,690b5285-4b39-4aa3-a846-84bd091c89c7,2014-04-18,03:00:00,EDSA (SB) Ayala Avenue  Makati,0,0,0,0,0,0,0,0,0,0,2014-04-18 11:00,Property,14.55022912,121.0292348,Rear-End
None,EDSA,None,None,"No Accident Factor, Side Swipe, 0.0 drivers_injured, 0.0 drivers_killed, 0.0 passengers_injured, 0.0 passengers_killed, 0.0 pedestrian_injured, 0.0 pedestrian_killed, Fair (Night), EDSA (SB) Loyola Memorial Chapel  Makati",MMDA Road Safety Unit,,86bbac65-3932-4285-972c-4ec040183022,2014-04-17,12:30:00,EDSA (SB) fronting San Carios Seminary  Makati,0,0,0,0,0,0,0,0,0,0,2014-04-17 20:30,Property,14.5653264,121.0449169,Side Swipe
None,EDSA,None,None,"No Accident Factor, Angle Impact, 0.0 drivers_injured, 0.0 drivers_killed, 0.0 passengers_injured, 0.0 passengers_killed, 0.0 pedestrian_injured, 0.0 pedestrian_killed, Fair (Night), EDSA (SB) Buendia Avenue  Makati",MMDA Road Safety Unit,,a36dfe30-7d47-418f-b215-f23c204c1c9f,2014-04-16,12:20:00,EDSA (SB) across Buendia MRT Station  Makati,0,0,0,0,0,0,0,0,0,0,2014-04-16 20:20,Property,14.55505269,121.034707,Angle Impact
None,EDSA,None,None,"No Accident Factor, No Collision Stated (based on Police Blotter Book), 0.0 drivers_injured, 0.0 drivers_killed, 0.0 passengers_injured, 0.0 passengers_killed, 0.0 pedestrian_injured, 0.0 pedestrian_killed, Fair (Day), EDSA (SB) before Magallanes Loading Bay  Makati",MMDA Road Safety Unit,,0c547c8c-7d7a-4df6-b513-d46e9e7ad528,2014-04-15,09:35:00,"EDSA (SB) after Estrella St., Bgy.Bel Air Makati",0,0,0,0,0,0,0,0,0,0,2014-04-15 17:35,Property,14.54305474,121.0205369,No Collision Stated
None,EDSA,None,None,"No Accident Factor, Hit Object (Fence/Wall-See-thru), 0.0 drivers_injured, 0.0 drivers_killed, 0.0 passengers_injured, 0.0 passengers_killed, 0.0 pedestrian_injured, 0.0 pedestrian_killed, Fair (Night), EDSA (SB) Ayala Loading Bay Brgy.San Lorenzo Makati",MMDA Road Safety Unit,,4122072a-7a05-4ef5-af8e-55cd9ba3540f,2014-04-14,19:30:00,EDSA (SB) along Buendia Avenue  Makati,0,0,0,0,0,0,0,0,0,0,2014-04-15 3:30,Property,14.54886,121.0276063,Hit Object
None,EDSA,None,None,"No Accident Factor, Rear-end, 0.0 drivers_injured, 0.0 drivers_killed, 0.0 passengers_injured, 0.0 passengers_killed, 0.0 pedestrian_injured, 0.0 pedestrian_killed, Fair (Day), EDSA (SB) Buendia Avenue Shell Gas Station  Makati",MMDA Road Safety Unit,,075b5998-b1d0-4c19-a950-ae58b972178d,2014-04-14,08:10:00,"EDSA (SB) Evangelista St., Bgy.Bangkal Makati",0,0,0,0,0,0,0,0,0,0,2014-04-14 16:10,Property,14.55505269,121.034707,Rear-End
None,EDSA,None,None,"No Accident Factor, Rear-end, 1.0 drivers_injured, 0.0 drivers_killed, 0.0 passengers_injured, 0.0 passengers_killed, 0.0 pedestrian_injured, 0.0 pedestrian_killed, Fair (Day), EDSA (SB) Guadalupe Loading Bay  Makati",MMDA Road Safety Unit,,b5e22732-694d-4a20-a993-6bd1db213445,2014-04-14,04:50:00,EDSA (SB) Estrella Street  Makati,0,0,0,1,0,0,0,0,0,1,2014-04-14 12:50,Injury,14.56473213,121.0447625,Rear-End
None,EDSA,None,None,"No Accident Factor, Side Swipe, 0.0 drivers_injured, 0.0 drivers_killed, 0.0 passengers_injured, 0.0 passengers_killed, 0.0 pedestrian_injured, 0.0 pedestrian_killed, Fair (Day), EDSA (SB) after Estrella street Brgy.Bel Air Makati",MMDA Road Safety Unit,,a9418f37-c774-4629-a31e-599974ca5a4a,2014-04-12,04:05:00,EDSA (SB) MRT-Guadalupe Station Makati,0,0,0,0,0,0,0,0,0,0,2014-04-12 12:05,Property,14.56019425,121.0409398,Side Swipe
None,EDSA,None,None,"No Accident Factor, No Collision Stated (based on Police Blotter Book), 0.0 drivers_injured, 0.0 drivers_killed, 0.0 passengers_injured, 0.0 passengers_killed, 0.0 pedestrian_injured, 0.0 pedestrian_killed, Fair (Night), EDSA (SB) Bernardino Street Guadalupe  Makati",MMDA Road Safety Unit,,51852b89-2e28-4bc3-9840-cb8892721702,2014-04-08,11:10:00,EDSA (SB) before Magallanes Interchange Makati,0,0,0,0,0,0,0,0,0,0,2014-04-08 19:10,Property,14.5656985,121.0450952,No Collision Stated
None,EDSA,None,None,"No Accident Factor, Rear-end, 0.0 drivers_injured, 0.0 drivers_killed, 0.0 passengers_injured, 0.0 passengers_killed, 0.0 pedestrian_injured, 0.0 pedestrian_killed, Fair (Day), EDSA (SB) Shell Gas Station Buendia Makati",MMDA Road Safety Unit,,2b8ea632-940a-44f4-b57d-3c4a476490c3,2014-04-07,02:25:00,EDSA (SB) Magallanes Loading Bay Makati,0,0,0,0,0,0,0,0,0,0,2014-04-07 10:25,Property,14.55547546,121.0352249,Rear-End
None,EDSA,None,None,"No Accident Factor, Side Swipe, 0.0 drivers_injured, 0.0 drivers_killed, 0.0 passengers_injured, 0.0 passengers_killed, 0.0 pedestrian_injured, 0.0 pedestrian_killed, Fair (Day), EDSA (SB) across Estrella Street  Makati",MMDA Road Safety Unit,,bb31317c-02be-462b-9fa3-0a99b97684f2,2014-04-07,01:30:00,"EDSA (SB) in between Estrella St. And Buendia Ave., Bgy.Bel Air Makati",0,0,0,0,0,0,0,0,0,0,2014-04-07 9:30,Property,14.5598083,121.0408205,Side Swipe
None,EDSA,None,None,"No Accident Factor, Side Swipe, 0.0 drivers_injured, 0.0 drivers_killed, 0.0 passengers_injured, 0.0 passengers_killed, 0.0 pedestrian_injured, 0.0 pedestrian_killed, Fair (Day), EDSA (SB) Ayala Avenue  Makati",MMDA Road Safety Unit,,994b7fd3-45ff-4c87-9a6b-e87799d86ba5,2014-04-07,01:05:00,EDSA (SB) Buendia Avenue fronting Shell Gas Station Makati,0,0,0,0,0,0,0,0,0,0,2014-04-07 9:05,Property,14.55023673,121.029251,Side Swipe
None,EDSA,None,None,"No Accident Factor, Rear-end, 0.0 drivers_injured, 0.0 drivers_killed, 0.0 passengers_injured, 0.0 passengers_killed, 0.0 pedestrian_injured, 0.0 pedestrian_killed, Fair (Day), EDSA (SB) fronting San Carios Seminary  Makati",MMDA Road Safety Unit,,c156e80b-9a04-46a1-a705-1cf40e194df8,2014-04-06,09:30:00,EDSA (SB) before Buendia Avenue U- Turn Slot  Makati,0,0,0,0,0,0,0,0,0,0,2014-04-06 17:30,Property,14.56336498,121.0439669,Rear-End
None,EDSA,None,None,"No Accident Factor, No Collision Stated (based on Police Blotter Book), 0.0 drivers_injured, 0.0 drivers_killed, 0.0 passengers_injured, 0.0 passengers_killed, 0.0 pedestrian_injured, 0.0 pedestrian_killed, Fair (Day), EDSA (SB) across Buendia MRT Station  Makati",MMDA Road Safety Unit,,84b00640-45a9-46f0-a830-40c8870ab50b,2014-04-05,05:15:00,EDSA (SB) Buendia Avenue Makati,0,0,0,0,0,0,0,0,0,0,2014-04-05 13:15,Property,14.55424036,121.0340698,No Collision Stated
None,EDSA,None,None,"No Accident Factor, Rear-end, 1.0 drivers_injured, 0.0 drivers_killed, 0.0 passengers_injured, 0.0 passengers_killed, 0.0 pedestrian_injured, 0.0 pedestrian_killed, Fair (Day), EDSA (SB) after Estrella St., Bgy.Bel Air Makati",MMDA Road Safety Unit,,d676f8e2-239f-4ec4-812a-d39415f73e1e,2014-04-04,22:40:00,EDSA (SB) approaching Ayala Avenue Brgy. Urdaneta Makati,0,0,0,1,0,0,0,0,0,1,2014-04-05 6:40,Injury,14.56019425,121.0409398,Rear-End
None,EDSA,None,None,"No Accident Factor, Side Swipe, 0.0 drivers_injured, 0.0 drivers_killed, 0.0 passengers_injured, 0.0 passengers_killed, 0.0 pedestrian_injured, 0.0 pedestrian_killed, Fair (Night), EDSA (SB) along Buendia Avenue  Makati",MMDA Road Safety Unit,,a4a4e90b-252b-40cb-abba-ef32c0f0ba11,2014-04-04,10:00:00,EDSA (SB) before EDSA-Magallanes Interchange Makati,0,0,0,0,0,0,0,0,0,0,2014-04-04 18:00,Property,14.55505659,121.034832,Side Swipe
None,EDSA,None,None,"No Accident Factor, No Collision Stated (based on Police Blotter Book), 0.0 drivers_injured, 0.0 drivers_killed, 2.0 passengers_injured, 0.0 passengers_killed, 0.0 pedestrian_injured, 0.0 pedestrian_killed, Fair (Night), EDSA (SB) Evangelista St., Bgy.Bangkal Makati",MMDA Road Safety Unit,,d6fe1b92-12bf-4850-a9a8-7669f3fe5fbe,2014-04-03,20:00:00,EDSA (SB) approaching Estrella Street Guadalupe Viejo Makati,0,0,0,0,2,0,0,0,0,2,2014-04-04 4:00,Injury,14.53903137,121.0123272,No Collision Stated
None,EDSA,None,None,"No Accident Factor, No Collision Stated (based on Police Blotter Book), 0.0 drivers_injured, 0.0 drivers_killed, 0.0 passengers_injured, 0.0 passengers_killed, 0.0 pedestrian_injured, 0.0 pedestrian_killed, Fair (Night), EDSA (SB) Estrella Street  Makati",MMDA Road Safety Unit,,805168ce-52b4-4f5e-84bb-f23d5e17ae82,2014-04-03,11:30:00,EDSA (SB) Estrella Street Makati,0,0,0,0,0,0,0,0,0,0,2014-04-03 19:30,Property,14.56002889,121.040751,No Collision Stated
None,EDSA,None,None,"No Accident Factor, Rear-end, 0.0 drivers_injured, 0.0 drivers_killed, 0.0 passengers_injured, 0.0 passengers_killed, 0.0 pedestrian_injured, 0.0 pedestrian_killed, Fair (Day), EDSA (SB) MRT-Guadalupe Station Makati",MMDA Road Safety Unit,,89889b2b-a25c-4687-a698-0fbf88a8ddc9,2014-04-01,23:00:00,EDSA (SB) Guadalupe Loading Bay Makati,0,0,0,0,0,0,0,0,0,0,2014-04-02 7:00,Property,14.56668632,121.0454204,Rear-End
None,EDSA,None,None,"No Accident Factor, No Collision Stated (based on Police Blotter Book), 0.0 drivers_injured, 0.0 drivers_killed, 0.0 passengers_injured, 0.0 passengers_killed, 0.0 pedestrian_injured, 0.0 pedestrian_killed, Fair (Day), EDSA (SB) before Magallanes Interchange Makati",MMDA Road Safety Unit,,b3c2cf59-79fe-4d4d-83a2-f8e871ff87a6,2014-04-01,05:00:00,EDSA (SB) beneath Guadalupe - Metro Rail Transit Station Makati City Makati,0,0,0,0,0,0,0,0,0,0,2014-04-01 13:00,Property,14.54241081,121.0197643,No Collision Stated
None,EDSA,None,None,"No Accident Factor, Rear-end, 0.0 drivers_injured, 0.0 drivers_killed, 0.0 passengers_injured, 0.0 passengers_killed, 0.0 pedestrian_injured, 0.0 pedestrian_killed, Fair (Night), EDSA (SB) Magallanes Loading Bay Makati",MMDA Road Safety Unit,,9dde6aeb-ace0-40ca-ad7f-285964c73a1f,2014-03-31,11:40:00,EDSA (SB) approaching EDSA-Magallanes Interchange  Makati,0,0,0,0,0,0,0,0,0,0,2014-03-31 19:40,Property,14.54282655,121.0202714,Rear-End
None,EDSA,None,None,"No Accident Factor, No Collision Stated (based on Police Blotter Book), 0.0 drivers_injured, 0.0 drivers_killed, 0.0 passengers_injured, 0.0 passengers_killed, 0.0 pedestrian_injured, 0.0 pedestrian_killed, Fair (Day), EDSA (SB) in between Estrella St. And Buendia Ave., Bgy.Bel Air Makati",MMDA Road Safety Unit,,b8a08463-43d4-4781-a3a5-3974a90d5b19,2014-03-29,07:05:00,EDSA (SB) before Buendia Avenue Makati,0,0,0,0,0,0,0,0,0,0,2014-03-29 15:05,Property,14.55756574,121.0378515,No Collision Stated
None,EDSA,None,None,"No Accident Factor, No Collision Stated (based on Police Blotter Book), 0.0 drivers_injured, 0.0 drivers_killed, 0.0 passengers_injured, 0.0 passengers_killed, 0.0 pedestrian_injured, 0.0 pedestrian_killed, Fair (Night), EDSA (SB) Buendia Avenue fronting Shell Gas Station Makati",MMDA Road Safety Unit,,0b2d5c61-9543-4ee5-8a81-2ee03f1e9387,2014-03-27,16:20:00,EDSA (SB) before Buendia Avenue Extension Makati,0,0,0,0,0,0,0,0,0,0,2014-03-28 0:20,Property,14.55533324,121.0350875,No Collision Stated
None,EDSA,None,None,"No Accident Factor, No Collision Stated (based on Police Blotter Book), 0.0 drivers_injured, 0.0 drivers_killed, 0.0 passengers_injured, 0.0 passengers_killed, 0.0 pedestrian_injured, 0.0 pedestrian_killed, Fair (Night), EDSA (SB) before Buendia Avenue U- Turn Slot  Makati",MMDA Road Safety Unit,,967366b1-dd90-4b58-9a39-665d213b1240,2014-03-27,11:05:00,EDSA (SB) Gauadalupe Loading Bay  Makati,0,0,0,0,0,0,0,0,0,0,2014-03-27 19:05,Property,14.555472,121.035406,No Collision Stated
None,EDSA,None,None,"No Accident Factor, No Collision Stated (based on Police Blotter Book), 1.0 drivers_injured, 0.0 drivers_killed, 0.0 passengers_injured, 0.0 passengers_killed, 0.0 pedestrian_injured, 0.0 pedestrian_killed, Fair (Day), EDSA (SB) Buendia Avenue Makati",MMDA Road Safety Unit,,5d2d1338-a8a8-40e4-9565-a25357678383,2014-03-27,00:00:00,EDSA (SB) before Buendia Avenue Makati,0,0,0,1,0,0,0,0,0,1,2014-03-27 8:00,Injury,14.55505269,121.034707,No Collision Stated
None,EDSA,None,None,"No Accident Factor, No Collision Stated (based on Police Blotter Book), 0.0 drivers_injured, 0.0 drivers_killed, 0.0 passengers_injured, 0.0 passengers_killed, 0.0 pedestrian_injured, 0.0 pedestrian_killed, Fair (Day), EDSA (SB) approaching Ayala Avenue Brgy. Urdaneta Makati",MMDA Road Safety Unit,,67c9e4e5-126a-4010-b804-7f75d16d381e,2014-03-25,23:15:00,EDSA (SB) approaching Ayala Avenue Brgy. Urdaneta Village  Makati,0,0,0,0,0,0,0,0,0,0,2014-03-26 7:15,Property,14.55028537,121.0293488,No Collision Stated
None,EDSA,None,None,"No Accident Factor, No Collision Stated (based on Police Blotter Book), 0.0 drivers_injured, 0.0 drivers_killed, 0.0 passengers_injured, 0.0 passengers_killed, 0.0 pedestrian_injured, 0.0 pedestrian_killed, Fair (Night), EDSA (SB) before EDSA-Magallanes Interchange Makati",MMDA Road Safety Unit,,5eece9e4-7c1a-455b-95ac-e9c5f53b45f0,2014-03-25,15:20:00,EDSA (SB) Buendia Avenue Makati,0,0,0,0,0,0,0,0,0,0,2014-03-25 23:20,Property,14.54231341,121.0196746,No Collision Stated
None,EDSA,None,None,"No Accident Factor, Hit and Run (Side Swipe), 0.0 drivers_injured, 0.0 drivers_killed, 0.0 passengers_injured, 0.0 passengers_killed, 0.0 pedestrian_injured, 0.0 pedestrian_killed, Fair (Day), EDSA (SB) approaching Estrella Street Guadalupe Viejo Makati",MMDA Road Safety Unit,,9e7ba159-78fe-45f3-a571-7d9d51572a6e,2014-03-24,23:30:00,EDSA (SB) Ayala Avenue Makati,0,0,0,0,0,0,0,0,0,0,2014-03-25 7:30,Property,14.5599755,121.0408006,Side Swipe
None,EDSA,None,None,"No Accident Factor, Rear-end, 0.0 drivers_injured, 0.0 drivers_killed, 0.0 passengers_injured, 0.0 passengers_killed, 0.0 pedestrian_injured, 0.0 pedestrian_killed, Fair (Day), EDSA (SB) Estrella Street Makati",MMDA Road Safety Unit,,1226505a-84b5-4825-b63c-aa4178687169,2014-03-24,07:00:00,EDSA (SB) Front of San Carlos Seminary  Makati,0,0,0,0,0,0,0,0,0,0,2014-03-24 15:00,Property,14.56002889,121.040751,Rear-End
None,EDSA,None,None,"No Accident Factor, Side Swipe, 0.0 drivers_injured, 0.0 drivers_killed, 0.0 passengers_injured, 0.0 passengers_killed, 0.0 pedestrian_injured, 0.0 pedestrian_killed, Fair (Day), EDSA (SB) Guadalupe Loading Bay Makati",MMDA Road Safety Unit,,5f8a414d-4d3c-49bc-87dd-33a9fc3aa49a,2014-03-24,00:35:00,EDSA (SB) before Ayala Avenue Makati,0,0,0,0,0,0,0,0,0,0,2014-03-24 8:35,Property,14.56473213,121.0447625,Side Swipe
None,EDSA,None,None,"No Accident Factor, No Collision Stated (based on Police Blotter Book), 0.0 drivers_injured, 0.0 drivers_killed, 0.0 passengers_injured, 0.0 passengers_killed, 0.0 pedestrian_injured, 0.0 pedestrian_killed, Fair (Day), EDSA (SB) beneath Guadalupe - Metro Rail Transit Station Makati City Makati",MMDA Road Safety Unit,,76d2245e-e0a5-4a69-af02-e080ad05158f,2014-03-24,00:25:00,EDSA (SB) Estrella Street Makati,0,0,0,0,0,0,0,0,0,0,2014-03-24 8:25,Property,14.56668591,121.0453713,No Collision Stated
None,EDSA,None,None,"No Accident Factor, No Collision Stated (based on Police Blotter Book), 0.0 drivers_injured, 0.0 drivers_killed, 0.0 passengers_injured, 0.0 passengers_killed, 0.0 pedestrian_injured, 0.0 pedestrian_killed, Fair (Night), EDSA (SB) approaching EDSA-Magallanes Interchange  Makati",MMDA Road Safety Unit,,1517f0b0-de94-4e30-be92-18bf88513c34,2014-03-21,20:00:00,EDSA (SB) Estrella Street Makati,0,0,0,0,0,0,0,0,0,0,2014-03-22 4:00,Property,14.54037729,121.0169181,No Collision Stated
None,EDSA,None,None,"No Accident Factor, Side Swipe, 0.0 drivers_injured, 0.0 drivers_killed, 0.0 passengers_injured, 0.0 passengers_killed, 0.0 pedestrian_injured, 0.0 pedestrian_killed, Fair (Night), EDSA (SB) before Buendia Avenue Makati",MMDA Road Safety Unit,,309a5132-7045-44ca-875b-bba1c5237b7e,2014-03-20,11:30:00,EDSA (SB) fronting SM Ayala Brgy San Lorenzo Makati,0,0,0,0,0,0,0,0,0,0,2014-03-20 19:30,Property,14.555472,121.035406,Side Swipe
None,EDSA,None,None,"No Accident Factor, Side Swipe, 0.0 drivers_injured, 0.0 drivers_killed, 0.0 passengers_injured, 0.0 passengers_killed, 0.0 pedestrian_injured, 0.0 pedestrian_killed, Fair (Night), EDSA (SB) before Buendia Avenue Extension Makati",MMDA Road Safety Unit,,bd0ecdec-075f-4c68-b1cb-9f0a229b834d,2014-03-20,11:30:00,EDSA (SB) Buendia Avenue Makati,0,0,0,0,0,0,0,0,0,0,2014-03-20 19:30,Property,14.555472,121.035406,Side Swipe
None,EDSA,None,None,"No Accident Factor, Side Swipe, 0.0 drivers_injured, 0.0 drivers_killed, 0.0 passengers_injured, 0.0 passengers_killed, 0.0 pedestrian_injured, 0.0 pedestrian_killed, Fair (Day), EDSA (SB) Gauadalupe Loading Bay  Makati",MMDA Road Safety Unit,,2404a868-fbff-41f8-81ae-3e1e4d53fc76,2014-03-20,00:15:00,EDSA (SB) Ayala Avenue Makati,0,0,0,0,0,0,0,0,0,0,2014-03-20 8:15,Property,14.5647102,121.0447136,Side Swipe
None,EDSA,None,None,"No Accident Factor, Side Swipe, 0.0 drivers_injured, 0.0 drivers_killed, 0.0 passengers_injured, 0.0 passengers_killed, 0.0 pedestrian_injured, 0.0 pedestrian_killed, Fair (Day), EDSA (SB) before Buendia Avenue Makati",MMDA Road Safety Unit,,d5c97bbc-e5d5-4805-821b-f27efabf4830,2014-03-19,23:15:00,EDSA (SB) Magallanes Interchange Brgy San Lorenzo Village Makati,0,0,0,0,0,0,0,0,0,0,2014-03-20 7:15,Property,14.555472,121.035406,Side Swipe
None,EDSA,None,None,"No Accident Factor, Side Swipe, 0.0 drivers_injured, 0.0 drivers_killed, 0.0 passengers_injured, 0.0 passengers_killed, 0.0 pedestrian_injured, 0.0 pedestrian_killed, Fair (Day), EDSA (SB) approaching Ayala Avenue Brgy. Urdaneta Village  Makati",MMDA Road Safety Unit,,3722b6e2-fa7a-45cf-aba8-4d23529b6b9b,2014-03-19,22:00:00,EDSA (SB) Estrella Street Makati,0,0,0,0,0,0,0,0,0,0,2014-03-20 6:00,Property,14.55028537,121.0293488,Side Swipe
None,EDSA,None,None,"No Accident Factor, Side Swipe, 0.0 drivers_injured, 0.0 drivers_killed, 0.0 passengers_injured, 0.0 passengers_killed, 0.0 pedestrian_injured, 0.0 pedestrian_killed, Fair (Day), EDSA (SB) Buendia Avenue Makati",MMDA Road Safety Unit,,1133186e-2836-4bb4-98fd-39af0455e3dd,2014-03-19,09:30:00,EDSA (SB) Estrella Street Loading Bay Makati,0,0,0,0,0,0,0,0,0,0,2014-03-19 17:30,Property,14.55505269,121.034707,Side Swipe
None,EDSA,None,None,"No Accident Factor, Side Swipe, 0.0 drivers_injured, 0.0 drivers_killed, 0.0 passengers_injured, 0.0 passengers_killed, 0.0 pedestrian_injured, 0.0 pedestrian_killed, Fair (Day), EDSA (SB) Ayala Avenue Makati",MMDA Road Safety Unit,,20e0f2bc-da55-4be1-a129-83dda11e70e4,2014-03-19,01:30:00,"EDSA (SB) before Sen.Gil Puyat Ave., Bgy.Bgy.Urdaneta Makati",0,0,0,0,0,0,0,0,0,0,2014-03-19 9:30,Property,14.55023673,121.029251,Side Swipe
None,EDSA,None,None,"No Accident Factor, No Collision Stated (based on Police Blotter Book), 0.0 drivers_injured, 0.0 drivers_killed, 0.0 passengers_injured, 0.0 passengers_killed, 0.0 pedestrian_injured, 0.0 pedestrian_killed, Fair (Day), EDSA (SB) Front of San Carlos Seminary  Makati",MMDA Road Safety Unit,,a2982f1f-f4b0-4c53-a057-037e2c6fb939,2014-03-18,02:00:00,EDSA (SB) Estrella Street Makati,0,0,0,0,0,0,0,0,0,0,2014-03-18 10:00,Property,14.56332571,121.0439881,No Collision Stated
None,EDSA,None,None,"No Accident Factor, Rear-end, 0.0 drivers_injured, 0.0 drivers_killed, 0.0 passengers_injured, 0.0 passengers_killed, 0.0 pedestrian_injured, 0.0 pedestrian_killed, Fair (Day), EDSA (SB) before Ayala Avenue Makati",MMDA Road Safety Unit,,8827030d-29b8-43f6-9182-76fa5f35caa0,2014-03-18,00:05:00,"EDSA (SB) Evangelista St., Bgy.Poblacion Makati",0,0,0,0,0,0,0,0,0,0,2014-03-18 8:05,Property,14.55012399,121.0292078,Rear-End
None,EDSA,None,None,"No Accident Factor, Rear-end, 0.0 drivers_injured, 0.0 drivers_killed, 0.0 passengers_injured, 0.0 passengers_killed, 0.0 pedestrian_injured, 0.0 pedestrian_killed, Fair (Day), EDSA (SB) Estrella Street Makati",MMDA Road Safety Unit,,4f240401-edbb-4cc1-be28-cef0f6eb745a,2014-03-17,06:45:00,EDSA (SB) Estrella Street Makati,0,0,0,0,0,0,0,0,0,0,2014-03-17 14:45,Property,14.56002889,121.040751,Rear-End
None,EDSA,None,None,"No Accident Factor, Rear-end, 0.0 drivers_injured, 0.0 drivers_killed, 0.0 passengers_injured, 0.0 passengers_killed, 0.0 pedestrian_injured, 0.0 pedestrian_killed, Fair (Day), EDSA (SB) Estrella Street Makati",MMDA Road Safety Unit,,af9b0de7-2309-4f63-8998-3f5c5ae608cc,2014-03-17,00:45:00,EDSA (SB) Estrella Street Makati,0,0,0,0,0,0,0,0,0,0,2014-03-17 8:45,Property,14.56002889,121.040751,Rear-End
None,EDSA,None,None,"No Accident Factor, Side Swipe, 0.0 drivers_injured, 0.0 drivers_killed, 0.0 passengers_injured, 0.0 passengers_killed, 0.0 pedestrian_injured, 0.0 pedestrian_killed, Fair (Day), EDSA (SB) fronting SM Ayala Brgy San Lorenzo Makati",MMDA Road Safety Unit,,705899f1-4feb-439f-84e8-cdd36c3cde3a,2014-03-15,07:20:00,EDSA (SB) Buendia Avenue Metro - Rail Transit Station Makati,0,0,0,0,0,0,0,0,0,0,2014-03-15 15:20,Property,14.54895007,121.0276506,Side Swipe
None,EDSA,None,None,"No Accident Factor, Rear-end, 0.0 drivers_injured, 0.0 drivers_killed, 0.0 passengers_injured, 0.0 passengers_killed, 0.0 pedestrian_injured, 0.0 pedestrian_killed, Fair (Night), EDSA (SB) Buendia Avenue Makati",MMDA Road Safety Unit,,94e1d3f3-145a-4336-84cb-c118efde3688,2014-03-14,10:30:00,EDSA (SB) Guadalupe Loading Bay Makati,0,0,0,0,0,0,0,0,0,0,2014-03-14 18:30,Property,14.55505269,121.034707,Rear-End
None,EDSA,None,None,"No Accident Factor, Side Swipe, 0.0 drivers_injured, 0.0 drivers_killed, 0.0 passengers_injured, 0.0 passengers_killed, 0.0 pedestrian_injured, 0.0 pedestrian_killed, Fair (Day), EDSA (SB) Ayala Avenue Makati",MMDA Road Safety Unit,,2878a8f9-cf0e-41a9-9d0e-783ed7a47548,2014-03-14,09:30:00,EDSA (SB) Buendia Avenue Makati City Makati,0,0,0,0,0,0,0,0,0,0,2014-03-14 17:30,Property,14.55023673,121.029251,Side Swipe
None,EDSA,None,None,"No Accident Factor, No Collision Stated (based on Police Blotter Book), 0.0 drivers_injured, 0.0 drivers_killed, 0.0 passengers_injured, 0.0 passengers_killed, 0.0 pedestrian_injured, 0.0 pedestrian_killed, Fair (Day), EDSA (SB) Magallanes Interchange Brgy San Lorenzo Village Makati",MMDA Road Safety Unit,,dafbc92d-7e46-4b7e-95be-c3b02acc4179,2014-03-14,05:40:00,EDSA (SB) Kalayaan Makati,0,0,0,0,0,0,0,0,0,0,2014-03-14 13:40,Property,14.54028633,121.0167655,No Collision Stated
None,EDSA,None,None,"No Accident Factor, Side Swipe, 0.0 drivers_injured, 0.0 drivers_killed, 0.0 passengers_injured, 0.0 passengers_killed, 0.0 pedestrian_injured, 0.0 pedestrian_killed, Fair (Day), EDSA (SB) Estrella Street Makati",MMDA Road Safety Unit,,b01178a7-2236-484c-8775-7b4f0d054aa7,2014-03-11,03:10:00,EDSA (SB) Ayala Ave. Makati,0,0,0,0,0,0,0,0,0,0,2014-03-11 11:10,Property,14.56002889,121.040751,Side Swipe