LOCATION_TEXT,ROAD,WEATHER,LIGHT,DESC,REPORTING_AGENCY,MAIN_CAUSE,INCIDENTDETAILS_ID,DATE_UTC,TIME_UTC,ADDRESS,killed_driver,killed_passenger,killed_pedestrian,injured_driver,injured_passenger,injured_pedestrian,killed_uncategorized,injured_uncategorized,killed_total,injured_total,DATETIME_PST,SEVERITY,Y,X,COLLISION_TYPE
None,EDSA,None,None,"No Accident Factor, Side Swipe, 0.0 drivers_injured, 0.0 drivers_killed, 0.0 passengers_injured, 0.0 passengers_killed, 0.0 pedestrian_injured, 0.0 pedestrian_killed, Fair (Day), EDSA (SB) Estrella Street Loading Bay Makati",MMDA Road Safety Unit,,4281c058-26a9-4ecb-9463-5980a5eb46e4,2014-03-11,02:30:00,EDSA (SB) Ayala Bgy. San Lorenzo Village Makati,0,0,0,0,0,0,0,0,0,0,2014-03-11 10:30,Property,14.56057027,121.0414434,Side Swipe
None,EDSA,None,None,"No Accident Factor, Angle Impact, 0.0 drivers_injured, 0.0 drivers_killed, 0.0 passengers_injured, 0.0 passengers_killed, 0.0 pedestrian_injured, 0.0 pedestrian_killed, Fair (Day), EDSA (SB) before Sen.Gil Puyat Ave., Bgy.Bgy.Urdaneta Makati",MMDA Road Safety Unit,,ee2f8da8-bea5-4627-b88e-6bfa8ce5c893,2014-03-10,02:30:00,EDSA (SB) Loading Bay Guadalupe Makati City Makati,0,0,0,0,0,0,0,0,0,0,2014-03-10 10:30,Property,14.55551148,121.035243,Angle Impact
None,EDSA,None,None,"No Accident Factor, Rear-end, 0.0 drivers_injured, 0.0 drivers_killed, 0.0 passengers_injured, 0.0 passengers_killed, 0.0 pedestrian_injured, 0.0 pedestrian_killed, Fair (Day), EDSA (SB) Estrella Street Makati",MMDA Road Safety Unit,,b8640c8d-eda8-44be-9e2c-647286cf946e,2014-03-08,05:55:00,EDSA (SB) Ayala Avenue Makati City Makati,0,0,0,0,0,0,0,0,0,0,2014-03-08 13:55,Property,14.56002889,121.040751,Rear-End
None,EDSA,None,None,"No Accident Factor, Hit and Run (Rear-end), 0.0 drivers_injured, 0.0 drivers_killed, 0.0 passengers_injured, 0.0 passengers_killed, 0.0 pedestrian_injured, 0.0 pedestrian_killed, Fair (Day), EDSA (SB) Evangelista St., Bgy.Poblacion Makati",MMDA Road Safety Unit,,4c44ac1d-a5fe-4b55-9af1-676e72b37bf5,2014-03-08,03:20:00,"EDSA (SB) fronting Guadalupe Mall, Bgy. Guadalupe Viejo Makati",0,0,0,0,0,0,0,0,0,0,2014-03-08 11:20,Property,14.53903137,121.0123272,Rear-End
None,EDSA,None,None,"No Accident Factor, No Collision Stated (based on Police Blotter Book), 0.0 drivers_injured, 0.0 drivers_killed, 0.0 passengers_injured, 0.0 passengers_killed, 0.0 pedestrian_injured, 0.0 pedestrian_killed, Fair (Night), EDSA (SB) Estrella Street Makati",MMDA Road Safety Unit,,b662f144-6877-4c40-a166-a24637a7a4fc,2014-03-06,12:30:00,"EDSA (SB) Natividad St., Bgy.Bangkal Makati",0,0,0,0,0,0,0,0,0,0,2014-03-06 20:30,Property,14.56002889,121.040751,No Collision Stated
None,EDSA,None,None,"No Accident Factor, Side Swipe, 0.0 drivers_injured, 0.0 drivers_killed, 0.0 passengers_injured, 0.0 passengers_killed, 0.0 pedestrian_injured, 0.0 pedestrian_killed, Fair (Day), EDSA (SB) Estrella Street Makati",MMDA Road Safety Unit,,2b725cfd-fb1d-4263-989f-f17cc07c20c1,2014-03-05,00:00:00,EDSA (SB) before Ayala Avenue Makati City Makati,0,0,0,0,0,0,0,0,0,0,2014-03-05 8:00,Property,14.56002889,121.040751,Side Swipe
None,EDSA,None,None,"No Accident Factor, Side Swipe, 0.0 drivers_injured, 0.0 drivers_killed, 0.0 passengers_injured, 0.0 passengers_killed, 0.0 pedestrian_injured, 0.0 pedestrian_killed, Fair (Day), EDSA (SB) Buendia Avenue Metro - Rail Transit Station Makati",MMDA Road Safety Unit,,4cf42592-e618-4fbd-9456-872639f3311e,2014-03-04,02:20:00,"EDSA (SB) before Evangelista St., Bgy.Bangkal Makati",0,0,0,0,0,0,0,0,0,0,2014-03-04 10:20,Property,14.5541947,121.0338996,Side Swipe
None,EDSA,None,None,"No Accident Factor, Rear-end, 0.0 drivers_injured, 0.0 drivers_killed, 0.0 passengers_injured, 0.0 passengers_killed, 0.0 pedestrian_injured, 0.0 pedestrian_killed, Fair (Day), EDSA (SB) Guadalupe Loading Bay Makati",MMDA Road Safety Unit,,cae8191b-83cc-470a-b1fb-2f6726f76d48,2014-03-03,02:45:00,EDSA (SB) fronting Loyola Chapels Bgy.Guadalupe Viejo Makati,0,0,0,0,0,0,0,0,0,0,2014-03-03 10:45,Property,14.56473213,121.0447625,Rear-End
None,EDSA,None,None,"No Accident Factor, No Collision Stated (based on Police Blotter Book), 0.0 drivers_injured, 0.0 drivers_killed, 0.0 passengers_injured, 0.0 passengers_killed, 0.0 pedestrian_injured, 0.0 pedestrian_killed, Fair (Day), EDSA (SB) Buendia Avenue Makati City Makati",MMDA Road Safety Unit,,418aebde-fff9-4f82-95cf-1c4342a9133e,2014-02-28,07:30:00,EDSA (SB) A. Arnaiz Avenue Makati City Makati,0,0,0,0,0,0,0,0,0,0,2014-02-28 15:30,Property,14.55505269,121.034707,No Collision Stated
None,EDSA,None,None,"No Accident Factor, No Collision Stated (based on Police Blotter Book), 0.0 drivers_injured, 0.0 drivers_killed, 0.0 passengers_injured, 0.0 passengers_killed, 0.0 pedestrian_injured, 0.0 pedestrian_killed, Fair (Day), EDSA (SB) Kalayaan Makati",MMDA Road Safety Unit,,c7b3352c-709a-4f80-ac6c-88ef096c5502,2014-02-26,09:30:00,EDSA (SB) between Ayala Avenue & Buendia Avenue Barangay Urdaneta Makati,0,0,0,0,0,0,0,0,0,0,2014-02-26 17:30,Property,14.55774691,121.0380708,No Collision Stated
None,EDSA,None,None,"No Accident Factor, Side Swipe, 0.0 drivers_injured, 0.0 drivers_killed, 0.0 passengers_injured, 0.0 passengers_killed, 0.0 pedestrian_injured, 0.0 pedestrian_killed, Fair (Day), EDSA (SB) Ayala Ave. Makati",MMDA Road Safety Unit,,787e20ac-c087-425c-b907-b786fdd9de41,2014-02-26,01:20:00,EDSA (SB) Guadalupe Loading Bay Makati,0,0,0,0,0,0,0,0,0,0,2014-02-26 9:20,Property,14.55022912,121.0292348,Side Swipe
None,EDSA,None,None,"No Accident Factor, Angle Impact, 0.0 drivers_injured, 0.0 drivers_killed, 0.0 passengers_injured, 0.0 passengers_killed, 0.0 pedestrian_injured, 0.0 pedestrian_killed, Fair (Day), EDSA (SB) Ayala Bgy. San Lorenzo Village Makati",MMDA Road Safety Unit,,6b73ac12-34ae-44f4-961e-aa2088b5eb0d,2014-02-25,23:15:00,EDSA (SB) Buendia Ave. Makati,0,0,0,0,0,0,0,0,0,0,2014-02-26 7:15,Property,14.550131,121.0294729,Angle Impact
None,EDSA,None,None,"No Accident Factor, Side Swipe, 0.0 drivers_injured, 0.0 drivers_killed, 0.0 passengers_injured, 0.0 passengers_killed, 0.0 pedestrian_injured, 0.0 pedestrian_killed, Fair (Night), EDSA (SB) Loading Bay Guadalupe Makati City Makati",MMDA Road Safety Unit,,3ab54767-c2db-4aca-8cbf-3348c7e170ee,2014-02-22,12:20:00,EDSA (SB) Buendia Avenue Makati City Makati,0,0,0,0,0,0,0,0,0,0,2014-02-22 20:20,Property,14.56459428,121.0447183,Side Swipe
None,EDSA,None,None,"No Accident Factor, Head-on, 0.0 drivers_injured, 0.0 drivers_killed, 0.0 passengers_injured, 0.0 passengers_killed, 0.0 pedestrian_injured, 0.0 pedestrian_killed, Fair (Night), EDSA (SB) Ayala Avenue Makati City Makati",MMDA Road Safety Unit,,252f4a14-272b-461e-a842-1f345555170a,2014-02-22,11:30:00,EDSA (SB) San Lorenzo Drive  Makati,0,0,0,0,0,0,0,0,0,0,2014-02-22 19:30,Property,14.55023673,121.029251,Head-On
None,EDSA,None,None,"No Accident Factor, Hit and Run (Side Swipe), 0.0 drivers_injured, 0.0 drivers_killed, 0.0 passengers_injured, 0.0 passengers_killed, 0.0 pedestrian_injured, 0.0 pedestrian_killed, Fair (Night), EDSA (SB) fronting Guadalupe Mall, Bgy. Guadalupe Viejo Makati",MMDA Road Safety Unit,,90a003e4-42e6-4671-af45-9162d43688d1,2014-02-20,21:30:00,EDSA (SB) Ayala Avenue Makati City Makati,0,0,0,0,0,0,0,0,0,0,2014-02-21 5:30,Property,14.56664839,121.04546,Side Swipe
None,EDSA,None,None,"No Accident Factor, No Collision Stated (based on Police Blotter Book), 0.0 drivers_injured, 0.0 drivers_killed, 0.0 passengers_injured, 0.0 passengers_killed, 0.0 pedestrian_injured, 0.0 pedestrian_killed, Fair (Day), EDSA (SB) Natividad St., Bgy.Bangkal Makati",MMDA Road Safety Unit,,b1855ca0-4272-45f9-86a0-45f4c3a151cf,2014-02-18,23:50:00,EDSA (SB) Guadalupe Viejo - San Carlos Seminary  Makati,0,0,0,0,0,0,0,0,0,0,2014-02-19 7:50,Property,14.54016446,121.015786,No Collision Stated
None,EDSA,None,None,"No Accident Factor, Side Swipe, 0.0 drivers_injured, 0.0 drivers_killed, 0.0 passengers_injured, 0.0 passengers_killed, 0.0 pedestrian_injured, 0.0 pedestrian_killed, Fair (Day), EDSA (SB) before Ayala Avenue Makati City Makati",MMDA Road Safety Unit,,94c03704-d9ff-4c8e-adef-10f8668563ea,2014-02-18,06:00:00,EDSA (SB) Ayala Avenue Makati City Makati,0,0,0,0,0,0,0,0,0,0,2014-02-18 14:00,Property,14.55012399,121.0292078,Side Swipe
None,EDSA,None,None,"No Accident Factor, Rear-end, 0.0 drivers_injured, 0.0 drivers_killed, 0.0 passengers_injured, 0.0 passengers_killed, 0.0 pedestrian_injured, 0.0 pedestrian_killed, Fair (Day), EDSA (SB) before Evangelista St., Bgy.Bangkal Makati",MMDA Road Safety Unit,,863895ba-84ca-4659-aa64-0f031c7ede60,2014-02-16,06:45:00,EDSA (SB) Ayala Avenue Makati,0,0,0,0,0,0,0,0,0,0,2014-02-16 14:45,Property,14.53904703,121.0123031,Rear-End
None,EDSA,None,None,"No Accident Factor, Rear-end, 0.0 drivers_injured, 0.0 drivers_killed, 0.0 passengers_injured, 0.0 passengers_killed, 0.0 pedestrian_injured, 0.0 pedestrian_killed, Fair (Night), EDSA (SB) fronting Loyola Chapels Bgy.Guadalupe Viejo Makati",MMDA Road Safety Unit,,0fe3846a-c5f5-4f1a-a652-7a33c0199e93,2014-02-14,10:30:00,EDSA (SB) Buendia Avenue Makati City Makati,0,0,0,0,0,0,0,0,0,0,2014-02-14 18:30,Property,14.56526983,121.0448719,Rear-End
None,EDSA,None,None,"No Accident Factor, Side Swipe, 0.0 drivers_injured, 0.0 drivers_killed, 0.0 passengers_injured, 0.0 passengers_killed, 0.0 pedestrian_injured, 0.0 pedestrian_killed, Fair (Night), EDSA (SB) A. Arnaiz Avenue Makati City Makati",MMDA Road Safety Unit,,3a5b233a-9772-44f8-a378-83d81feb46e3,2014-02-10,10:00:00,EDSA (SB) Estrella Street Makati City Makati,0,0,0,0,0,0,0,0,0,0,2014-02-10 18:00,Property,14.54765031,121.0260523,Side Swipe
None,EDSA,None,None,"No Accident Factor, Hit and Run (Side Swipe), 0.0 drivers_injured, 0.0 drivers_killed, 0.0 passengers_injured, 0.0 passengers_killed, 0.0 pedestrian_injured, 0.0 pedestrian_killed, Fair (Night), EDSA (SB) between Ayala Avenue & Buendia Avenue Barangay Urdaneta Makati",MMDA Road Safety Unit,,532b2954-448b-4743-a43e-1e2a7ca66996,2014-02-09,13:10:00,EDSA (SB) beneath Guadalupe Footbridge  Makati,0,0,0,0,0,0,0,0,0,0,2014-02-09 21:10,Property,14.55382243,121.0334169,Side Swipe
None,EDSA,None,None,"No Accident Factor, Side Swipe, 0.0 drivers_injured, 0.0 drivers_killed, 0.0 passengers_injured, 0.0 passengers_killed, 0.0 pedestrian_injured, 0.0 pedestrian_killed, Fair (Night), EDSA (SB) Guadalupe Loading Bay Makati",MMDA Road Safety Unit,,e05d9ce3-7cfb-4bde-8b1a-48ee7d933d7b,2014-02-07,17:15:00,EDSA (SB) Ayala Avenue Makati,0,0,0,0,0,0,0,0,0,0,2014-02-08 1:15,Property,14.56473213,121.0447625,Side Swipe
None,EDSA,None,None,"No Accident Factor, Rear-end, 0.0 drivers_injured, 0.0 drivers_killed, 0.0 passengers_injured, 0.0 passengers_killed, 0.0 pedestrian_injured, 0.0 pedestrian_killed, Fair (Night), EDSA (SB) Buendia Ave. Makati",MMDA Road Safety Unit,,2e0907fb-149a-4fee-900a-1e520168b475,2014-02-07,14:00:00,EDSA (SB) before EDSA- Kalayaan U- Turn Slot Barangay Bel - Air  Makati,0,0,0,0,0,0,0,0,0,0,2014-02-07 22:00,Property,14.55505269,121.034707,Rear-End
None,EDSA,None,None,"No Accident Factor, Side Swipe, 0.0 drivers_injured, 0.0 drivers_killed, 0.0 passengers_injured, 0.0 passengers_killed, 0.0 pedestrian_injured, 0.0 pedestrian_killed, Fair (Day), EDSA (SB) Buendia Avenue Makati City Makati",MMDA Road Safety Unit,,b2ce3585-0e6e-498c-93ee-54a4dc38a1f4,2014-02-07,09:40:00,EDSA (SB) Ayala Intersection  Makati,0,0,0,0,0,0,0,0,0,0,2014-02-07 17:40,Property,14.55505269,121.034707,Side Swipe
None,EDSA,None,None,"No Accident Factor, Side Swipe, 0.0 drivers_injured, 0.0 drivers_killed, 0.0 passengers_injured, 0.0 passengers_killed, 0.0 pedestrian_injured, 0.0 pedestrian_killed, Fair (Day), EDSA (SB) San Lorenzo Drive  Makati",MMDA Road Safety Unit,,8822845f-8edf-467a-a021-d0930a91985e,2014-02-07,08:00:00,EDSA (SB) Ayala Intersection  Makati,0,0,0,0,0,0,0,0,0,0,2014-02-07 16:00,Property,14.5422524,121.0195278,Side Swipe
None,EDSA,None,None,"No Accident Factor, Rear-end, 0.0 drivers_injured, 0.0 drivers_killed, 0.0 passengers_injured, 0.0 passengers_killed, 0.0 pedestrian_injured, 0.0 pedestrian_killed, Fair (Day), EDSA (SB) Ayala Avenue Makati City Makati",MMDA Road Safety Unit,,0c975c6c-430a-4bd9-9e1e-d85cb3ef5a82,2014-02-07,07:20:00,EDSA (SB) Buendia Makati City  Makati,0,0,0,0,0,0,0,0,0,0,2014-02-07 15:20,Property,14.55023673,121.029251,Rear-End
None,EDSA,None,None,"No Accident Factor, Rear-end, 0.0 drivers_injured, 0.0 drivers_killed, 0.0 passengers_injured, 0.0 passengers_killed, 0.0 pedestrian_injured, 0.0 pedestrian_killed, Fair (Day), EDSA (SB) Guadalupe Viejo - San Carlos Seminary  Makati",MMDA Road Safety Unit,,d287b61e-3ea0-4847-a20a-be72adb09249,2014-02-07,03:30:00,EDSA (SB) Buendia Avenue  Makati,0,0,0,0,0,0,0,0,0,0,2014-02-07 11:30,Property,14.56323521,121.0439368,Rear-End
None,EDSA,None,None,"No Accident Factor, Rear-end, 0.0 drivers_injured, 0.0 drivers_killed, 0.0 passengers_injured, 0.0 passengers_killed, 0.0 pedestrian_injured, 0.0 pedestrian_killed, Fair (Day), EDSA (SB) Ayala Avenue Makati City Makati",MMDA Road Safety Unit,,1697ecb8-1674-4d16-8031-b7209170e706,2014-02-06,23:45:00,"EDSA (SB) Loading and Unloading area, Bgy.San Lorenzo Makati",0,0,0,0,0,0,0,0,0,0,2014-02-07 7:45,Property,14.55023673,121.029251,Rear-End
None,EDSA,None,None,"No Accident Factor, Rear-end, 0.0 drivers_injured, 0.0 drivers_killed, 0.0 passengers_injured, 0.0 passengers_killed, 0.0 pedestrian_injured, 0.0 pedestrian_killed, Fair (Day), EDSA (SB) Ayala Avenue Makati",MMDA Road Safety Unit,,e95bed04-da30-4418-b0c9-4067b2031d26,2014-02-06,08:45:00,EDSA (SB) Along Buendia Loading Bay  Makati,0,0,0,0,0,0,0,0,0,0,2014-02-06 16:45,Property,14.55023673,121.029251,Rear-End
None,EDSA,None,None,"No Accident Factor, Rear-end, 0.0 drivers_injured, 0.0 drivers_killed, 0.0 passengers_injured, 0.0 passengers_killed, 0.0 pedestrian_injured, 0.0 pedestrian_killed, Fair (Day), EDSA (SB) Buendia Avenue Makati City Makati",MMDA Road Safety Unit,,1860cf34-f051-496a-9a39-21cdc6ba819a,2014-02-04,07:10:00,EDSA (SB) Along Ayala Avenue Intersection  Makati,0,0,0,0,0,0,0,0,0,0,2014-02-04 15:10,Property,14.55505269,121.034707,Rear-End
None,EDSA,None,None,"No Accident Factor, Side Swipe, 0.0 drivers_injured, 0.0 drivers_killed, 0.0 passengers_injured, 0.0 passengers_killed, 0.0 pedestrian_injured, 0.0 pedestrian_killed, Fair (Day), EDSA (SB) Estrella Street Makati City Makati",MMDA Road Safety Unit,,ed95e638-d0c7-4431-a637-008bba173288,2014-02-04,00:35:00,EDSA (SB) Along Estrella Street  Makati,0,0,0,0,0,0,0,0,0,0,2014-02-04 8:35,Property,14.56002889,121.040751,Side Swipe
None,EDSA,None,None,"No Accident Factor, Rear-end, 0.0 drivers_injured, 0.0 drivers_killed, 0.0 passengers_injured, 0.0 passengers_killed, 0.0 pedestrian_injured, 0.0 pedestrian_killed, Fair (Day), EDSA (SB) beneath Guadalupe Footbridge  Makati",MMDA Road Safety Unit,,769f1058-a07c-4829-8697-3ef7f8175e84,2014-02-03,22:05:00,EDSA (SB) Along Ayala Avenue Intersection  Makati,0,0,0,0,0,0,0,0,0,0,2014-02-04 6:05,Property,14.56478251,121.0449253,Rear-End
None,EDSA,None,None,"No Accident Factor, Side Swipe, 0.0 drivers_injured, 0.0 drivers_killed, 0.0 passengers_injured, 0.0 passengers_killed, 0.0 pedestrian_injured, 0.0 pedestrian_killed, Fair (Day), EDSA (SB) Ayala Avenue Makati",MMDA Road Safety Unit,,7a2517c5-1c66-4a5a-a529-ac61a6ce4f43,2014-02-03,01:00:00,EDSA (SB) Along Buendia Avenue  Makati,0,0,0,0,0,0,0,0,0,0,2014-02-03 9:00,Property,14.55023673,121.029251,Side Swipe
None,EDSA,None,None,"No Accident Factor, No Collision Stated (based on Police Blotter Book), 0.0 drivers_injured, 0.0 drivers_killed, 0.0 passengers_injured, 0.0 passengers_killed, 0.0 pedestrian_injured, 0.0 pedestrian_killed, Fair (Day), EDSA (SB) before EDSA- Kalayaan U- Turn Slot Barangay Bel - Air  Makati",MMDA Road Safety Unit,,d1ff0935-d082-4c82-9a24-a17a8add256e,2014-02-03,00:00:00,EDSA (SB) Lapu-Lapu  Makati,0,0,0,0,0,0,0,0,0,0,2014-02-03 8:00,Property,14.5578096,121.0384189,No Collision Stated
None,EDSA,None,None,"No Accident Factor, Side Swipe, 0.0 drivers_injured, 0.0 drivers_killed, 0.0 passengers_injured, 0.0 passengers_killed, 0.0 pedestrian_injured, 0.0 pedestrian_killed, Fair (Day), EDSA (SB) Ayala Intersection  Makati",MMDA Road Safety Unit,,ff1c984e-f292-4b3c-b4e7-2761cd5c1d4e,2014-01-30,04:00:00,EDSA (SB) Estrella Street  Makati,0,0,0,0,0,0,0,0,0,0,2014-01-30 12:00,Property,14.550131,121.0294729,Side Swipe
None,EDSA,None,None,"No Accident Factor, Side Swipe, 0.0 drivers_injured, 0.0 drivers_killed, 0.0 passengers_injured, 0.0 passengers_killed, 0.0 pedestrian_injured, 0.0 pedestrian_killed, Fair (Day), EDSA (SB) Ayala Intersection  Makati",MMDA Road Safety Unit,,5f9a31f1-1795-4976-a380-81ccbfef6d95,2014-01-30,03:00:00,EDSA (SB) infront of Loyola Memorial Chapel Guadalupe  Makati,0,0,0,0,0,0,0,0,0,0,2014-01-30 11:00,Property,14.550131,121.0294729,Side Swipe
None,EDSA,None,None,"No Accident Factor, Side Swipe, 0.0 drivers_injured, 0.0 drivers_killed, 0.0 passengers_injured, 0.0 passengers_killed, 0.0 pedestrian_injured, 0.0 pedestrian_killed, Fair (Night), EDSA (SB) Buendia Makati City  Makati",MMDA Road Safety Unit,,48c02f00-3f5f-4363-aede-14c1b62ef107,2014-01-29,11:30:00,EDSA (SB) Right after Ayala Avenue  Makati,0,0,0,0,0,0,0,0,0,0,2014-01-29 19:30,Property,14.55505269,121.034707,Side Swipe
None,EDSA,None,None,"No Accident Factor, Hit and Run (Angle Impact), 0.0 drivers_injured, 0.0 drivers_killed, 0.0 passengers_injured, 0.0 passengers_killed, 0.0 pedestrian_injured, 0.0 pedestrian_killed, Fair (Night), EDSA (SB) Buendia Avenue  Makati",MMDA Road Safety Unit,,741e5c57-b0cd-4eb0-952e-2f5fb0793622,2014-01-28,11:10:00,EDSA (SB) Approaching Magallanes MRT Station  Makati,0,0,0,0,0,0,0,0,0,0,2014-01-28 19:10,Property,14.55505269,121.034707,Angle Impact
None,EDSA,None,None,"No Accident Factor, Side Swipe, 0.0 drivers_injured, 0.0 drivers_killed, 0.0 passengers_injured, 0.0 passengers_killed, 0.0 pedestrian_injured, 0.0 pedestrian_killed, Fair (Day), EDSA (SB) Loading and Unloading area, Bgy.San Lorenzo Makati",MMDA Road Safety Unit,,5a5427fa-0f67-4799-a435-e12b94bb9821,2014-01-28,06:30:00,EDSA (SB) Pet Plans Guadalupe Makati,0,0,0,0,0,0,0,0,0,0,2014-01-28 14:30,Property,14.54300082,121.0203803,Side Swipe
None,EDSA,None,None,"No Accident Factor, Side Swipe, 0.0 drivers_injured, 0.0 drivers_killed, 0.0 passengers_injured, 0.0 passengers_killed, 0.0 pedestrian_injured, 0.0 pedestrian_killed, Fair (Day), EDSA (SB) Along Buendia Loading Bay  Makati",MMDA Road Safety Unit,,3ec96bf7-5f58-442c-a0ca-e1a6c9b42520,2014-01-28,04:45:00,EDSA (SB) Palm Drive Brgy. San Lorenzo  Makati,0,0,0,0,0,0,0,0,0,0,2014-01-28 12:45,Property,14.55385892,121.0333951,Side Swipe
None,EDSA,None,None,"No Accident Factor, Side Swipe, 0.0 drivers_injured, 0.0 drivers_killed, 0.0 passengers_injured, 0.0 passengers_killed, 0.0 pedestrian_injured, 0.0 pedestrian_killed, Fair (Day), EDSA (SB) Along Ayala Avenue Intersection  Makati",MMDA Road Safety Unit,,fb76f0fd-2ecf-4ae4-aa71-7a72e2462893,2014-01-28,01:50:00,EDSA (SB) Along Ayala Loading Bay  Makati,0,0,0,0,0,0,0,0,0,0,2014-01-28 9:50,Property,14.550136,121.0293562,Side Swipe
None,EDSA,None,None,"No Accident Factor, Side Swipe, 0.0 drivers_injured, 0.0 drivers_killed, 0.0 passengers_injured, 0.0 passengers_killed, 0.0 pedestrian_injured, 0.0 pedestrian_killed, Fair (Day), EDSA (SB) Along Estrella Street  Makati",MMDA Road Safety Unit,,381ae439-3de2-4f16-9e20-1b638375d49c,2014-01-27,03:00:00,EDSA (SB) fronting Loyola Memorial Chapel Guadalupe Makati,0,0,0,0,0,0,0,0,0,0,2014-01-27 11:00,Property,14.55994051,121.0409052,Side Swipe
None,EDSA,None,None,"No Accident Factor, No Collision Stated (based on Police Blotter Book), 0.0 drivers_injured, 0.0 drivers_killed, 0.0 passengers_injured, 0.0 passengers_killed, 0.0 pedestrian_injured, 0.0 pedestrian_killed, Fair (Day), EDSA (SB) Along Ayala Avenue Intersection  Makati",MMDA Road Safety Unit,,6c620ceb-382c-4eab-b2de-5eac4c4154fe,2014-01-27,02:45:00,EDSA (SB) Estrella Street  Makati,0,0,0,0,0,0,0,0,0,0,2014-01-27 10:45,Property,14.550136,121.0293562,No Collision Stated
None,EDSA,None,None,"No Accident Factor, No Collision Stated (based on Police Blotter Book), 0.0 drivers_injured, 0.0 drivers_killed, 0.0 passengers_injured, 0.0 passengers_killed, 0.0 pedestrian_injured, 0.0 pedestrian_killed, Fair (Day), EDSA (SB) Along Buendia Avenue  Makati",MMDA Road Safety Unit,,a8945fc0-300d-4678-a09d-b590673e8223,2014-01-21,22:35:00,EDSA (SB) after Estrella Makati City Makati,0,0,0,0,0,0,0,0,0,0,2014-01-22 6:35,Property,14.55505659,121.034832,No Collision Stated
None,EDSA,None,None,"No Accident Factor, Side Swipe, 0.0 drivers_injured, 0.0 drivers_killed, 0.0 passengers_injured, 0.0 passengers_killed, 0.0 pedestrian_injured, 0.0 pedestrian_killed, Fair (Day), EDSA (SB) Lapu-Lapu  Makati",MMDA Road Safety Unit,,c1abc3ac-605c-4c7b-854b-344316e0b923,2014-01-21,03:00:00,EDSA (SB) Past Estrella Street  Makati,0,0,0,0,0,0,0,0,0,0,2014-01-21 11:00,Property,14.53966789,121.0155946,Side Swipe
None,EDSA,None,None,"No Accident Factor, Rear-end, 0.0 drivers_injured, 0.0 drivers_killed, 0.0 passengers_injured, 0.0 passengers_killed, 0.0 pedestrian_injured, 0.0 pedestrian_killed, Fair (Day), EDSA (SB) Estrella Street  Makati",MMDA Road Safety Unit,,56a2fcc6-d9ca-4b60-9f1e-d5c8877a6df6,2014-01-21,02:00:00,"EDSA (SB) fronting San Lorenzo Amorsolo Gate, Mantrade Makati",0,0,0,0,0,0,0,0,0,0,2014-01-21 10:00,Property,14.56002889,121.040751,Rear-End
None,EDSA,None,None,"No Accident Factor, Rear-end, 0.0 drivers_injured, 0.0 drivers_killed, 0.0 passengers_injured, 0.0 passengers_killed, 0.0 pedestrian_injured, 0.0 pedestrian_killed, Fair (Day), EDSA (SB) infront of Loyola Memorial Chapel Guadalupe  Makati",MMDA Road Safety Unit,,a189c49c-a12d-435e-b1fe-73b079d8141c,2014-01-21,01:45:00,EDSA (SB) Along Cloverleaf Makati  Makati,0,0,0,0,0,0,0,0,0,0,2014-01-21 9:45,Property,14.56546816,121.0449991,Rear-End
None,EDSA,None,None,"No Accident Factor, Side Swipe, 0.0 drivers_injured, 0.0 drivers_killed, 0.0 passengers_injured, 0.0 passengers_killed, 0.0 pedestrian_injured, 0.0 pedestrian_killed, Fair (Night), EDSA (SB) Right after Ayala Avenue  Makati",MMDA Road Safety Unit,,ba2ed2e7-0b4e-4f58-9640-b7101f1989f9,2014-01-17,10:25:00,EDSA (SB) after Evangelista Makati  Makati,0,0,0,0,0,0,0,0,0,0,2014-01-17 18:25,Property,14.55011522,121.0290189,Side Swipe
None,EDSA,None,None,"No Accident Factor, Rear-end, 0.0 drivers_injured, 0.0 drivers_killed, 0.0 passengers_injured, 0.0 passengers_killed, 0.0 pedestrian_injured, 0.0 pedestrian_killed, Fair (Day), EDSA (SB) Approaching Magallanes MRT Station  Makati",MMDA Road Safety Unit,,5d033579-ce19-42b6-a693-176779617127,2014-01-17,06:30:00,EDSA (SB) Guadalupe Cloverleaf Makati  Makati,0,0,0,0,0,0,0,0,0,0,2014-01-17 14:30,Property,14.54181322,121.0191319,Rear-End
None,EDSA,None,None,"No Accident Factor, Rear-end, 0.0 drivers_injured, 0.0 drivers_killed, 0.0 passengers_injured, 0.0 passengers_killed, 0.0 pedestrian_injured, 0.0 pedestrian_killed, Fair (Day), EDSA (SB) Pet Plans Guadalupe Makati",MMDA Road Safety Unit,,88877c48-4277-483b-92ab-7b627424c982,2014-01-16,23:15:00,EDSA (SB) Sen. Gil Puyat Ave. Bgy. Bel-Air  Makati,0,0,0,0,0,0,0,0,0,0,2014-01-17 7:15,Property,14.56191915,121.0429118,Rear-End
None,EDSA,None,None,"No Accident Factor, Side Swipe, 0.0 drivers_injured, 0.0 drivers_killed, 0.0 passengers_injured, 0.0 passengers_killed, 0.0 pedestrian_injured, 0.0 pedestrian_killed, Fair (Night), EDSA (SB) Palm Drive Brgy. San Lorenzo  Makati",MMDA Road Safety Unit,,cdffa1b4-713a-4726-ad79-7d74ea22f128,2014-01-16,10:30:00,EDSA (SB)  Magallanes Ave. (NB) Bgy. Magallanes Makati,0,0,0,0,0,0,0,0,0,0,2014-01-16 18:30,Property,14.54848063,121.0270791,Side Swipe