LOCATION_TEXT,ROAD,WEATHER,LIGHT,DESC,REPORTING_AGENCY,MAIN_CAUSE,INCIDENTDETAILS_ID,DATE_UTC,TIME_UTC,ADDRESS,killed_driver,killed_passenger,killed_pedestrian,injured_driver,injured_passenger,injured_pedestrian,killed_uncategorized,injured_uncategorized,killed_total,injured_total,DATETIME_PST,SEVERITY,Y,X,COLLISION_TYPE
None,EDSA,None,None,"No Accident Factor, No Collision Stated (based on Police Blotter Book), 0.0 drivers_injured, 0.0 drivers_killed, 0.0 passengers_injured, 0.0 passengers_killed, 0.0 pedestrian_injured, 0.0 pedestrian_killed, Fair (Night), EDSA (SB) Along Ayala Loading Bay  Makati",MMDA Road Safety Unit,,ff3a04ea-7b12-4585-b6ef-a09a86868b48,2014-01-14,11:10:00,"EDSA (SB) Ayala Ave., Bgy.Urdaneta Makati",0,0,0,0,0,0,0,0,0,0,2014-01-14 19:10,Property,14.54908544,121.0277955,No Collision Stated
None,EDSA,None,None,"No Accident Factor, Side Swipe, 0.0 drivers_injured, 0.0 drivers_killed, 0.0 passengers_injured, 0.0 passengers_killed, 0.0 pedestrian_injured, 0.0 pedestrian_killed, Fair (Day), EDSA (SB) fronting Loyola Memorial Chapel Guadalupe Makati",MMDA Road Safety Unit,,f083d4c9-bcd4-4251-accd-327f82815416,2014-01-14,00:00:00,EDSA (SB) EDSA Cloverleaf Bgy.Guadalupe Viejo Makati,0,0,0,0,0,0,0,0,0,0,2014-01-14 8:00,Property,14.56526983,121.0448719,Side Swipe
None,EDSA,None,None,"No Accident Factor, Side Swipe, 0.0 drivers_injured, 0.0 drivers_killed, 0.0 passengers_injured, 0.0 passengers_killed, 0.0 pedestrian_injured, 0.0 pedestrian_killed, Fair (Night), EDSA (SB) Estrella Street  Makati",MMDA Road Safety Unit,,371cf13d-db34-490f-ae78-1c8943c53eb6,2014-01-10,10:40:00,"EDSA (SB) Estrella St., Bgy.Guadalupe Viejo Makati",0,0,0,0,0,0,0,0,0,0,2014-01-10 18:40,Property,14.56002889,121.040751,Side Swipe
None,EDSA,None,None,"No Accident Factor, Rear-end, 0.0 drivers_injured, 0.0 drivers_killed, 0.0 passengers_injured, 0.0 passengers_killed, 0.0 pedestrian_injured, 0.0 pedestrian_killed, Fair (Day), EDSA (SB) after Estrella Makati City Makati",MMDA Road Safety Unit,,bae60835-33dc-4f7a-bf1d-91e19b6aacf8,2014-01-09,04:00:00,EDSA (SB) Estrella St. Makati,0,0,0,0,0,0,0,0,0,0,2014-01-09 12:00,Property,14.56019425,121.0409398,Rear-End
None,EDSA,None,None,"No Accident Factor, Side Swipe, 0.0 drivers_injured, 0.0 drivers_killed, 0.0 passengers_injured, 0.0 passengers_killed, 0.0 pedestrian_injured, 0.0 pedestrian_killed, Fair (Day), EDSA (SB) Past Estrella Street  Makati",MMDA Road Safety Unit,,2d5a5500-a4b9-445f-8da7-721e55a46409,2014-01-08,02:00:00,EDSA (SB)  West Cloverleaf Bgy. Guadalupe Viejo Makati,0,0,0,0,0,0,0,0,0,0,2014-01-08 10:00,Property,14.55948205,121.0401225,Side Swipe
None,EDSA,None,None,"No Accident Factor, Side Swipe, 0.0 drivers_injured, 0.0 drivers_killed, 0.0 passengers_injured, 0.0 passengers_killed, 0.0 pedestrian_injured, 0.0 pedestrian_killed, Fair (Night), EDSA (SB) fronting San Lorenzo Amorsolo Gate, Mantrade Makati",MMDA Road Safety Unit,,0af4ca7d-fe26-4ae7-8620-282b9af4070d,2014-01-07,10:30:00,"EDSA (SB) before Estrella St., Bgy.Guadalupe Viejo Makati",0,0,0,0,0,0,0,0,0,0,2014-01-07 18:30,Property,14.54225668,121.0194689,Side Swipe
None,EDSA,None,None,"No Accident Factor, Hit and Run (Angle Impact), 0.0 drivers_injured, 0.0 drivers_killed, 0.0 passengers_injured, 0.0 passengers_killed, 0.0 pedestrian_injured, 0.0 pedestrian_killed, Fair (Day), EDSA (SB) Along Cloverleaf Makati  Makati",MMDA Road Safety Unit,,4b3b0c64-41fc-4502-a4dd-978280c1c0cf,2014-01-07,08:00:00,EDSA (SB) underneath MRT Guadalupe Makati,0,0,0,0,0,0,0,0,0,0,2014-01-07 16:00,Property,14.56705984,121.0459118,Angle Impact
None,EDSA,None,None,"No Accident Factor, Rear-end, 0.0 drivers_injured, 0.0 drivers_killed, 0.0 passengers_injured, 0.0 passengers_killed, 0.0 pedestrian_injured, 0.0 pedestrian_killed, Fair (Day), EDSA (SB) after Evangelista Makati  Makati",MMDA Road Safety Unit,,b7f69c12-3f91-402c-9f89-9938f6634e7e,2014-01-07,03:25:00,EDSA (SB) Buendia Ave. Makati,0,0,0,0,0,0,0,0,0,0,2014-01-07 11:25,Property,14.53908511,121.0122919,Rear-End
None,EDSA,None,None,"No Accident Factor, Hit and Run (Angle Impact), 0.0 drivers_injured, 0.0 drivers_killed, 0.0 passengers_injured, 0.0 passengers_killed, 0.0 pedestrian_injured, 0.0 pedestrian_killed, Fair (Day), EDSA (SB) Guadalupe Cloverleaf Makati  Makati",MMDA Road Safety Unit,,fbe5c53d-295f-4ce4-9732-ddf242f23367,2014-01-06,03:00:00,EDSA (SB) A. Arnaiz Ave. Makati,0,0,0,0,0,0,0,0,0,0,2014-01-06 11:00,Property,14.56720754,121.0457277,Angle Impact
None,EDSA,None,None,"No Accident Factor, No Collision Stated (based on Police Blotter Book), 0.0 drivers_injured, 0.0 drivers_killed, 0.0 passengers_injured, 0.0 passengers_killed, 0.0 pedestrian_injured, 0.0 pedestrian_killed, Fair (Day), EDSA (SB) Sen. Gil Puyat Ave. Bgy. Bel-Air  Makati",MMDA Road Safety Unit,,5730f121-a50b-4173-b638-3494b2767cab,2013-12-11,05:00:00,EDSA (SB) Pasay Road Makati,0,0,0,0,0,0,0,0,0,0,2013-12-11 13:00,Property,14.55496432,121.0348612,No Collision Stated
None,EDSA,None,None,"No Accident Factor, Angle Impact, 0.0 drivers_injured, 0.0 drivers_killed, 0.0 passengers_injured, 0.0 passengers_killed, 0.0 pedestrian_injured, 0.0 pedestrian_killed, Fair (Day), EDSA (SB)  Magallanes Ave. (NB) Bgy. Magallanes Makati",MMDA Road Safety Unit,,41fd33d1-54dd-4ea5-87ed-6f36c8c7fcb3,2013-12-05,04:00:00,EDSA (SB) Estrella St.  Makati,0,0,0,0,0,0,0,0,0,0,2013-12-05 12:00,Property,14.53925495,121.0142649,Angle Impact
None,EDSA,None,None,"No Accident Factor, No Collision Stated (based on Police Blotter Book), 0.0 drivers_injured, 0.0 drivers_killed, 0.0 passengers_injured, 0.0 passengers_killed, 0.0 pedestrian_injured, 0.0 pedestrian_killed, Fair (Day), EDSA (SB) Ayala Ave., Bgy.Urdaneta Makati",MMDA Road Safety Unit,,9b9f8639-8930-4ca9-886e-25638ee41790,2013-11-29,09:20:00,EDSA (SB) after Buendia Bgy.Urdaneta Village Makati,0,0,0,0,0,0,0,0,0,0,2013-11-29 17:20,Property,14.55041707,121.0293722,No Collision Stated
None,EDSA,None,None,"No Accident Factor, No Collision Stated (based on Police Blotter Book), 0.0 drivers_injured, 0.0 drivers_killed, 0.0 passengers_injured, 0.0 passengers_killed, 0.0 pedestrian_injured, 0.0 pedestrian_killed, Fair (Day), EDSA (SB) EDSA Cloverleaf Bgy.Guadalupe Viejo Makati",MMDA Road Safety Unit,,4bf1d942-f415-494d-9eec-ec18f6f05e92,2013-11-29,05:30:00,EDSA (SB) Ayala Ave.  Makati,0,0,0,0,0,0,0,0,0,0,2013-11-29 13:30,Property,14.56773526,121.0456198,No Collision Stated
None,EDSA,None,None,"No Accident Factor, Rear-end, 0.0 drivers_injured, 0.0 drivers_killed, 0.0 passengers_injured, 0.0 passengers_killed, 0.0 pedestrian_injured, 0.0 pedestrian_killed, Fair (Night), EDSA (SB) Estrella St., Bgy.Guadalupe Viejo Makati",MMDA Road Safety Unit,,d98874da-9993-4ae6-ba70-9efd2cc6f0e3,2013-11-27,13:00:00,"EDSA (SB) before EDSA Magallanes Interchange, Bgy.San Lorenzo Village Makati",0,0,0,0,0,0,0,0,0,0,2013-11-27 21:00,Property,14.56002889,121.040751,Rear-End
None,EDSA,None,None,"No Accident Factor, No Collision Stated (based on Police Blotter Book), 0.0 drivers_injured, 0.0 drivers_killed, 0.0 passengers_injured, 0.0 passengers_killed, 0.0 pedestrian_injured, 0.0 pedestrian_killed, Fair (Day), EDSA (SB) Estrella St. Makati",MMDA Road Safety Unit,,c7321050-5763-4944-bb22-1d2801e10c74,2013-11-24,08:25:00,EDSA (SB) before Magallanes Interchange Makati,0,0,0,0,0,0,0,0,0,0,2013-11-24 16:25,Property,14.56002889,121.040751,No Collision Stated
None,EDSA,None,None,"No Accident Factor, Side Swipe, 0.0 drivers_injured, 0.0 drivers_killed, 0.0 passengers_injured, 0.0 passengers_killed, 0.0 pedestrian_injured, 0.0 pedestrian_killed, Fair (Night), EDSA (SB)  West Cloverleaf Bgy. Guadalupe Viejo Makati",MMDA Road Safety Unit,,725c0af2-7765-4ed7-9130-726f062d1383,2013-11-03,11:15:00,EDSA (SB) Palm Drive Bgy.San Lorenzo Makati,0,0,0,0,0,0,0,0,0,0,2013-11-03 19:15,Property,14.56757916,121.0451094,Side Swipe
None,EDSA,None,None,"No Accident Factor, Hit Object (Tree), 0.0 drivers_injured, 0.0 drivers_killed, 0.0 passengers_injured, 0.0 passengers_killed, 0.0 pedestrian_injured, 0.0 pedestrian_killed, Fair (Day), EDSA (SB) before Estrella St., Bgy.Guadalupe Viejo Makati",MMDA Road Safety Unit,,a7267c8f-f6c2-4af7-9ff5-fc73865d8245,2013-10-19,02:30:00,EDSA (SB) after Loading bay of Guadalupe Makati,0,0,0,0,0,0,0,0,0,0,2013-10-19 10:30,Property,14.55988482,121.0406786,Hit Object
None,EDSA,None,None,"No Accident Factor, Side Swipe, 0.0 drivers_injured, 0.0 drivers_killed, 0.0 passengers_injured, 0.0 passengers_killed, 0.0 pedestrian_injured, 0.0 pedestrian_killed, Fair (Night), EDSA (SB) underneath MRT Guadalupe Makati",MMDA Road Safety Unit,,6b455530-06a8-47ba-a4ce-63f3853f62d0,2013-10-09,11:40:00,"EDSA (SB) before Evangelista St., Bgy.Bangkal Makati",0,0,0,0,0,0,0,0,0,0,2013-10-09 19:40,Property,14.56673828,121.0453439,Side Swipe
None,EDSA,None,None,"No Accident Factor, No Collision Stated (based on Police Blotter Book), 0.0 drivers_injured, 0.0 drivers_killed, 0.0 passengers_injured, 0.0 passengers_killed, 0.0 pedestrian_injured, 0.0 pedestrian_killed, Fair (Night), EDSA (SB) Buendia Ave. Makati",MMDA Road Safety Unit,,12209969-c14d-406d-9e8f-d9d155348009,2013-10-08,13:45:00,EDSA (SB) in between A. Arnaiz Ave. and Magallanes Makati,0,0,0,0,0,0,0,0,0,0,2013-10-08 21:45,Property,14.55505269,121.034707,No Collision Stated
None,EDSA,None,None,"No Accident Factor, Rear-end, 0.0 drivers_injured, 0.0 drivers_killed, 0.0 passengers_injured, 0.0 passengers_killed, 0.0 pedestrian_injured, 0.0 pedestrian_killed, Fair (Day), EDSA (SB) A. Arnaiz Ave. Makati",MMDA Road Safety Unit,,e512da45-fd0a-4dd4-8c41-4f24b2e86cdd,2013-10-07,08:10:00,"EDSA (SB) Estrella St., Bgy.Guadalupe Viejo Makati",0,0,0,0,0,0,0,0,0,0,2013-10-07 16:10,Property,14.54765031,121.0260523,Rear-End
None,EDSA,None,None,"No Accident Factor, Rear-end, 0.0 drivers_injured, 0.0 drivers_killed, 0.0 passengers_injured, 0.0 passengers_killed, 0.0 pedestrian_injured, 0.0 pedestrian_killed, Fair (Day), EDSA (SB) Pasay Road Makati",MMDA Road Safety Unit,,23b34f30-6b16-456e-a2e3-768bf83a773f,2013-10-07,04:30:00,"EDSA (SB) Bernardino St., Bgy.Guadalupe Viejo Makati",0,0,0,0,0,0,0,0,0,0,2013-10-07 12:30,Property,14.54756725,121.0259977,Rear-End
None,EDSA,None,None,"No Accident Factor, Rear-end, 0.0 drivers_injured, 0.0 drivers_killed, 0.0 passengers_injured, 0.0 passengers_killed, 0.0 pedestrian_injured, 0.0 pedestrian_killed, Fair (Day), EDSA (SB) Estrella St.  Makati",MMDA Road Safety Unit,,a52622f4-ae3f-4b85-9114-eb313f662238,2013-09-29,02:30:00,EDSA (SB) Buendia Makati,0,0,0,0,0,0,0,0,0,0,2013-09-29 10:30,Property,14.56002889,121.040751,Rear-End
None,EDSA,None,None,"No Accident Factor, No Collision Stated (based on Police Blotter Book), 0.0 drivers_injured, 0.0 drivers_killed, 0.0 passengers_injured, 0.0 passengers_killed, 0.0 pedestrian_injured, 0.0 pedestrian_killed, Fair (Night), EDSA (SB) after Buendia Bgy.Urdaneta Village Makati",MMDA Road Safety Unit,,ab85a2b6-8714-4cef-9ff5-dd61326bc5a0,2013-09-28,10:30:00,EDSA (SB) Guadalupe after overpass Makati,0,0,0,0,0,0,0,0,0,0,2013-09-28 18:30,Property,14.55386823,121.0334638,No Collision Stated
None,EDSA,None,None,"No Accident Factor, Side Swipe, 0.0 drivers_injured, 0.0 drivers_killed, 0.0 passengers_injured, 0.0 passengers_killed, 0.0 pedestrian_injured, 0.0 pedestrian_killed, Fair (Day), EDSA (SB) Ayala Ave.  Makati",MMDA Road Safety Unit,,b535d8bb-2426-44b8-bd8f-9881a34d9901,2013-09-27,00:00:00,"EDSA (SB) Guadalupe Bridge, Bgy. Guadalupe Viejo Makati",0,0,0,0,0,0,0,0,0,0,2013-09-27 8:00,Property,14.55032185,121.0294221,Side Swipe
None,EDSA,None,None,"No Accident Factor, No Collision Stated (based on Police Blotter Book), 0.0 drivers_injured, 0.0 drivers_killed, 0.0 passengers_injured, 0.0 passengers_killed, 0.0 pedestrian_injured, 0.0 pedestrian_killed, Fair (Night), EDSA (SB) before EDSA Magallanes Interchange, Bgy.San Lorenzo Village Makati",MMDA Road Safety Unit,,cda3ab30-10ad-47a2-98f8-10259e90b95f,2013-09-26,15:45:00,"EDSA (SB) Estrella Loading/Unloading Bay, Bgy. Guadalupe viejo Makati",0,0,0,0,0,0,0,0,0,0,2013-09-26 23:45,Property,14.54231341,121.0196746,No Collision Stated
None,EDSA,None,None,"No Accident Factor, No Collision Stated (based on Police Blotter Book), 0.0 drivers_injured, 0.0 drivers_killed, 0.0 passengers_injured, 0.0 passengers_killed, 0.0 pedestrian_injured, 0.0 pedestrian_killed, Fair (Night), EDSA (SB) before Magallanes Interchange Makati",MMDA Road Safety Unit,,14ea066d-9b47-480f-b25f-77babd00d73b,2013-09-26,13:30:00,"EDSA (SB) Estrella Street, Brgy. Guadalupe Viejo Makati",0,0,0,0,0,0,0,0,0,0,2013-09-26 21:30,Property,14.54241081,121.0197643,No Collision Stated
None,EDSA,None,None,"No Accident Factor, No Collision Stated (based on Police Blotter Book), 0.0 drivers_injured, 0.0 drivers_killed, 0.0 passengers_injured, 0.0 passengers_killed, 0.0 pedestrian_injured, 0.0 pedestrian_killed, Fair (Day), EDSA (SB) Palm Drive Bgy.San Lorenzo Makati",MMDA Road Safety Unit,,dfe22b5f-352f-48dc-8d2d-6109ac0abfb0,2013-09-25,23:05:00,"EDSA (SB) fronting Pet Plans Bldg., Brgy. Guadalupe Viejo Makati",0,0,0,0,0,0,0,0,0,0,2013-09-26 7:05,Property,14.54848063,121.0270791,No Collision Stated
None,EDSA,None,None,"No Accident Factor, No Collision Stated (based on Police Blotter Book), 1.0 drivers_injured, 0.0 drivers_killed, 0.0 passengers_injured, 0.0 passengers_killed, 0.0 pedestrian_injured, 0.0 pedestrian_killed, Fair (Day), EDSA (SB) after Loading bay of Guadalupe Makati",MMDA Road Safety Unit,,4537f9ff-83b8-4d7e-bb85-b61f178bda53,2013-09-25,07:15:00,"EDSA (SB) fronting Sen. Gil Puyat Avenue, Loading/Unloading Bay Makati",0,0,0,1,0,0,0,0,0,1,2013-09-25 15:15,Injury,14.56460786,121.0446274,No Collision Stated
None,EDSA,None,None,"No Accident Factor, No Collision Stated (based on Police Blotter Book), 0.0 drivers_injured, 0.0 drivers_killed, 0.0 passengers_injured, 0.0 passengers_killed, 0.0 pedestrian_injured, 0.0 pedestrian_killed, Fair (Night), EDSA (SB) before Evangelista St., Bgy.Bangkal Makati",MMDA Road Safety Unit,,1b0695e2-eb07-4e9a-8141-b04037fec876,2013-09-23,12:30:00,EDSA (SB) Estrella Street Makati,0,0,0,0,0,0,0,0,0,0,2013-09-23 20:30,Property,14.53904703,121.0123031,No Collision Stated
None,EDSA,None,None,"No Accident Factor, No Collision Stated (based on Police Blotter Book), 0.0 drivers_injured, 0.0 drivers_killed, 0.0 passengers_injured, 0.0 passengers_killed, 0.0 pedestrian_injured, 0.0 pedestrian_killed, Fair (Day), EDSA (SB) in between A. Arnaiz Ave. and Magallanes Makati",MMDA Road Safety Unit,,3540619f-237b-4fb4-8adf-a0138ab83908,2013-09-22,03:15:00,EDSA (SB) Estrella Street Makati,0,0,0,0,0,0,0,0,0,0,2013-09-22 11:15,Property,14.54215635,121.0194796,No Collision Stated
None,EDSA,None,None,"No Accident Factor, Rear-end, 0.0 drivers_injured, 0.0 drivers_killed, 0.0 passengers_injured, 0.0 passengers_killed, 0.0 pedestrian_injured, 0.0 pedestrian_killed, Fair (Day), EDSA (SB) Estrella St., Bgy.Guadalupe Viejo Makati",MMDA Road Safety Unit,,5125e73c-d336-4774-abe6-dfd1e5f6d3b9,2013-09-20,02:10:00,"EDSA (SB) before Sen. Gil Puyat Avenue UTS, Brgy. Bel-Air Makati",0,0,0,0,0,0,0,0,0,0,2013-09-20 10:10,Property,14.56002889,121.040751,Rear-End
None,EDSA,None,None,"No Accident Factor, No Collision Stated (based on Police Blotter Book), 0.0 drivers_injured, 0.0 drivers_killed, 0.0 passengers_injured, 0.0 passengers_killed, 0.0 pedestrian_injured, 0.0 pedestrian_killed, Rain (Night), EDSA (SB) Bernardino St., Bgy.Guadalupe Viejo Makati",MMDA Road Safety Unit,,e1c0335a-c6ce-4049-95bd-3172b249a9cd,2013-09-18,11:30:00,EDSA (SB) before EDSA-Magallanes Interchange Makati,0,0,0,0,0,0,0,0,0,0,2013-09-18 19:30,Property,14.5656985,121.0450952,No Collision Stated
None,EDSA,None,None,"No Accident Factor, Rear-end, 0.0 drivers_injured, 0.0 drivers_killed, 0.0 passengers_injured, 0.0 passengers_killed, 0.0 pedestrian_injured, 0.0 pedestrian_killed, Fair (Night), EDSA (SB) Buendia Makati",MMDA Road Safety Unit,,bdac7558-8d09-4633-b97a-d1e711baa715,2013-09-05,13:45:00,EDSA (SB) Evangelista Street Brgy. Bangkal  Makati,0,0,0,0,0,0,0,0,0,0,2013-09-05 21:45,Property,14.55505269,121.034707,Rear-End
None,EDSA,None,None,"No Accident Factor, Rear-end, 0.0 drivers_injured, 0.0 drivers_killed, 0.0 passengers_injured, 0.0 passengers_killed, 0.0 pedestrian_injured, 0.0 pedestrian_killed, Fair (Night), EDSA (SB) Guadalupe after overpass Makati",MMDA Road Safety Unit,,3a46a023-d2a5-4c96-893d-ab0f921fdbb4,2013-09-05,11:30:00,EDSA (SB) Buendia Bel-Air Makati,0,0,0,0,0,0,0,0,0,0,2013-09-05 19:30,Property,14.56473213,121.0447625,Rear-End
None,EDSA,None,None,"No Accident Factor, Rear-end, 0.0 drivers_injured, 0.0 drivers_killed, 0.0 passengers_injured, 0.0 passengers_killed, 0.0 pedestrian_injured, 0.0 pedestrian_killed, Fair (Day), EDSA (SB) Guadalupe Bridge, Bgy. Guadalupe Viejo Makati",MMDA Road Safety Unit,,47b46825-ff2f-4180-8d75-e580fbe9fdd9,2013-09-03,00:00:00,EDSA (SB) after Guadalupe MRT Station Makati,0,0,0,0,0,0,0,0,0,0,2013-09-03 8:00,Property,14.56802596,121.045885,Rear-End
None,EDSA,None,None,"No Accident Factor, Rear-end, 0.0 drivers_injured, 0.0 drivers_killed, 13.0 passengers_injured, 0.0 passengers_killed, 0.0 pedestrian_injured, 0.0 pedestrian_killed, Fair (Day), EDSA (SB) Estrella Loading/Unloading Bay, Bgy. Guadalupe viejo Makati",MMDA Road Safety Unit,,da0e282d-397c-4653-abd1-de8a344be50e,2013-09-01,23:00:00,"EDSA (SB) between Esrella & Bel-Air, Bgy. Bel-Air Makati",0,0,0,0,13,0,0,0,0,13,2013-09-02 7:00,Injury,14.56059855,121.0413941,Rear-End
None,EDSA,None,None,"No Accident Factor, Side Swipe, 0.0 drivers_injured, 0.0 drivers_killed, 0.0 passengers_injured, 0.0 passengers_killed, 0.0 pedestrian_injured, 0.0 pedestrian_killed, Fair (Night), EDSA (SB) Estrella Street, Brgy. Guadalupe Viejo Makati",MMDA Road Safety Unit,,aa4d43cf-935b-4d92-9d27-0fde1c83c76b,2013-08-31,13:40:00,"EDSA (SB) Bernardino St., Bgy. Guadalupe Viejo Makati",0,0,0,0,0,0,0,0,0,0,2013-08-31 21:40,Property,14.56002889,121.040751,Side Swipe
None,EDSA,None,None,"No Accident Factor, Side Swipe, 1.0 drivers_injured, 0.0 drivers_killed, 0.0 passengers_injured, 0.0 passengers_killed, 0.0 pedestrian_injured, 0.0 pedestrian_killed, Fair (Day), EDSA (SB) fronting Pet Plans Bldg., Brgy. Guadalupe Viejo Makati",MMDA Road Safety Unit,,639faa14-bd6c-4679-b8b2-f56fc56c9291,2013-08-30,22:50:00,EDSA (SB) West Cloverleaf Makati,0,0,0,1,0,0,0,0,0,1,2013-08-31 6:50,Injury,14.56187579,121.0428741,Side Swipe
None,EDSA,None,None,"No Accident Factor, No Collision Stated (based on Police Blotter Book), 0.0 drivers_injured, 0.0 drivers_killed, 0.0 passengers_injured, 0.0 passengers_killed, 0.0 pedestrian_injured, 0.0 pedestrian_killed, Fair (Night), EDSA (SB) fronting Sen. Gil Puyat Avenue, Loading/Unloading Bay Makati",MMDA Road Safety Unit,,e4bafb48-5849-4575-ab7b-2f839ae218a8,2013-08-29,10:30:00,EDSA (SB) Ayala Ave. Makati,0,0,0,0,0,0,0,0,0,0,2013-08-29 18:30,Property,14.55379728,121.0332698,No Collision Stated
None,EDSA,None,None,"No Accident Factor, Side Swipe, 0.0 drivers_injured, 0.0 drivers_killed, 0.0 passengers_injured, 0.0 passengers_killed, 0.0 pedestrian_injured, 0.0 pedestrian_killed, Fair (Day), EDSA (SB) Estrella Street Makati",MMDA Road Safety Unit,,0edca136-3b31-4a42-b5bf-40ad8c374cef,2013-08-29,07:30:00,EDSA (SB) before Estrella St. Makati,0,0,0,0,0,0,0,0,0,0,2013-08-29 15:30,Property,14.56002889,121.040751,Side Swipe
None,EDSA,None,None,"No Accident Factor, Side Swipe, 0.0 drivers_injured, 0.0 drivers_killed, 0.0 passengers_injured, 0.0 passengers_killed, 0.0 pedestrian_injured, 0.0 pedestrian_killed, Fair (Day), EDSA (SB) Estrella Street Makati",MMDA Road Safety Unit,,3272e69b-1145-454f-ac66-529503e66b48,2013-08-29,07:20:00,EDSA (SB) Magallanes Interchange Makati,0,0,0,0,0,0,0,0,0,0,2013-08-29 15:20,Property,14.56002889,121.040751,Side Swipe
None,EDSA,None,None,"No Accident Factor, Rear-end, 0.0 drivers_injured, 0.0 drivers_killed, 0.0 passengers_injured, 0.0 passengers_killed, 0.0 pedestrian_injured, 0.0 pedestrian_killed, Fair (Day), EDSA (SB) before Sen. Gil Puyat Avenue UTS, Brgy. Bel-Air Makati",MMDA Road Safety Unit,,c955a408-65e1-4fbe-957e-3e12cf52aaef,2013-08-27,23:45:00,EDSA (SB) before Estrella St. Makati,0,0,0,0,0,0,0,0,0,0,2013-08-28 7:45,Property,14.55568193,121.0356097,Rear-End
None,EDSA,None,None,"No Accident Factor, No Collision Stated (based on Police Blotter Book), 0.0 drivers_injured, 0.0 drivers_killed, 0.0 passengers_injured, 0.0 passengers_killed, 0.0 pedestrian_injured, 0.0 pedestrian_killed, Fair (Day), EDSA (SB) before EDSA-Magallanes Interchange Makati",MMDA Road Safety Unit,,2260f66d-fa25-4706-8475-e85c5ff6b28d,2013-08-27,09:30:00,EDSA (SB) Estrella St. Makati,0,0,0,0,0,0,0,0,0,0,2013-08-27 17:30,Property,14.54231341,121.0196746,No Collision Stated
None,EDSA,None,None,"No Accident Factor, No Collision Stated (based on Police Blotter Book), 0.0 drivers_injured, 0.0 drivers_killed, 0.0 passengers_injured, 0.0 passengers_killed, 0.0 pedestrian_injured, 0.0 pedestrian_killed, Fair (Day), EDSA (SB) Evangelista Street Brgy. Bangkal  Makati",MMDA Road Safety Unit,,31a413a6-796c-45a7-ae4f-7bf2b159924e,2013-08-25,06:30:00,"EDSA (SB) after Estrella St., Bgy. Bel-Air Makati",0,0,0,0,0,0,0,0,0,0,2013-08-25 14:30,Property,14.53903137,121.0123272,No Collision Stated
None,EDSA,None,None,"No Accident Factor, No Collision Stated (based on Police Blotter Book), 0.0 drivers_injured, 0.0 drivers_killed, 0.0 passengers_injured, 0.0 passengers_killed, 0.0 pedestrian_injured, 0.0 pedestrian_killed, Fair (Night), EDSA (SB) Buendia Bel-Air Makati",MMDA Road Safety Unit,,db0f0e7d-689f-4a9f-a580-4fd9ad47418b,2013-08-08,17:00:00,EDSA (SB) after Estrella St. Makati,0,0,0,0,0,0,0,0,0,0,2013-08-09 1:00,Property,14.55505269,121.034707,No Collision Stated
None,EDSA,None,None,"No Accident Factor, Side Swipe, 0.0 drivers_injured, 0.0 drivers_killed, 0.0 passengers_injured, 0.0 passengers_killed, 0.0 pedestrian_injured, 0.0 pedestrian_killed, Fair (Day), EDSA (SB) after Guadalupe MRT Station Makati",MMDA Road Safety Unit,,87bdb179-87b5-4c7f-992f-0b9365a2ed1a,2013-08-08,07:10:00,EDSA (SB) before Buendia uturn slot Makati,0,0,0,0,0,0,0,0,0,0,2013-08-08 15:10,Property,14.56669742,121.0454608,Side Swipe
None,EDSA,None,None,"No Accident Factor, No Collision Stated (based on Police Blotter Book), 0.0 drivers_injured, 0.0 drivers_killed, 0.0 passengers_injured, 0.0 passengers_killed, 0.0 pedestrian_injured, 0.0 pedestrian_killed, Fair (Night), EDSA (SB) between Esrella & Bel-Air, Bgy. Bel-Air Makati",MMDA Road Safety Unit,,3267b0b5-6f69-4ed9-80ac-5731175763f1,2013-08-07,12:20:00,EDSA (SB) before Buendia Ave. Makati,0,0,0,0,0,0,0,0,0,0,2013-08-07 20:20,Property,14.55575407,121.0356582,No Collision Stated
None,EDSA,None,None,"No Accident Factor, Side Swipe, 0.0 drivers_injured, 0.0 drivers_killed, 0.0 passengers_injured, 0.0 passengers_killed, 0.0 pedestrian_injured, 0.0 pedestrian_killed, Fair (Night), EDSA (SB) Bernardino St., Bgy. Guadalupe Viejo Makati",MMDA Road Safety Unit,,7584fbc5-3c65-4fab-ab57-a3c7cab43c18,2013-08-05,11:30:00,EDSA (SB) before Shell Gas station Bgy.Bel Air Makati,0,0,0,0,0,0,0,0,0,0,2013-08-05 19:30,Property,14.5656985,121.0450952,Side Swipe
None,EDSA,None,None,"No Accident Factor, Rear-end, 0.0 drivers_injured, 0.0 drivers_killed, 0.0 passengers_injured, 0.0 passengers_killed, 0.0 pedestrian_injured, 0.0 pedestrian_killed, Fair (Night), EDSA (SB) West Cloverleaf Makati",MMDA Road Safety Unit,,7e75a310-7c1b-42e6-8179-083b6f8d0c29,2013-08-03,16:30:00,EDSA (SB) EDSA Guadalupe Foot Bridge Makati,0,0,0,0,0,0,0,0,0,0,2013-08-04 0:30,Property,14.56779247,121.0455985,Rear-End
None,EDSA,None,None,"No Accident Factor, No Collision Stated (based on Police Blotter Book), 0.0 drivers_injured, 0.0 drivers_killed, 0.0 passengers_injured, 0.0 passengers_killed, 0.0 pedestrian_injured, 0.0 pedestrian_killed, Fair (Night), EDSA (SB) Ayala Ave. Makati",MMDA Road Safety Unit,,0259aa01-8407-4e76-8981-a055f358fc19,2013-08-02,13:45:00,EDSA (SB) Ayala Ave. Makati,0,0,0,0,0,0,0,0,0,0,2013-08-02 21:45,Property,14.55022912,121.0292348,No Collision Stated