LOCATION_TEXT,ROAD,WEATHER,LIGHT,DESC,REPORTING_AGENCY,MAIN_CAUSE,INCIDENTDETAILS_ID,DATE_UTC,TIME_UTC,ADDRESS,killed_driver,killed_passenger,killed_pedestrian,injured_driver,injured_passenger,injured_pedestrian,killed_uncategorized,injured_uncategorized,killed_total,injured_total,DATETIME_PST,SEVERITY,Y,X,COLLISION_TYPE
None,EDSA,None,None,"No Accident Factor, Rear-end, 0.0 drivers_injured, 0.0 drivers_killed, 0.0 passengers_injured, 0.0 passengers_killed, 0.0 pedestrian_injured, 0.0 pedestrian_killed, Fair (Night), EDSA (SB) before Estrella St. Makati",MMDA Road Safety Unit,,d621eb63-9fe2-4d5b-9867-0041fe0e1d43,2013-08-02,10:50:00,EDSA (SB) Ayala Ave. Makati,0,0,0,0,0,0,0,0,0,0,2013-08-02 18:50,Property,14.55988482,121.0406786,Rear-End
None,EDSA,None,None,"No Accident Factor, No Collision Stated (based on Police Blotter Book), 0.0 drivers_injured, 0.0 drivers_killed, 0.0 passengers_injured, 0.0 passengers_killed, 0.0 pedestrian_injured, 0.0 pedestrian_killed, Fair (Day), EDSA (SB) Magallanes Interchange Makati",MMDA Road Safety Unit,,d675af15-0aaa-444c-94fd-52d08848c57d,2013-08-02,08:45:00,EDSA (SB) near EDSA-Magallanes Interchange Up-Ramp Makati,0,0,0,0,0,0,0,0,0,0,2013-08-02 16:45,Property,14.54028633,121.0167655,No Collision Stated
None,EDSA,None,None,"No Accident Factor, No Collision Stated (based on Police Blotter Book), 0.0 drivers_injured, 0.0 drivers_killed, 0.0 passengers_injured, 0.0 passengers_killed, 0.0 pedestrian_injured, 0.0 pedestrian_killed, Fair (Day), EDSA (SB) before Estrella St. Makati",MMDA Road Safety Unit,,b52cf25c-82cf-41f2-81b6-e1dd2d71acda,2013-08-02,01:00:00,EDSA (SB) after Estrella St. Makati,0,0,0,0,0,0,0,0,0,0,2013-08-02 9:00,Property,14.55988482,121.0406786,No Collision Stated
None,EDSA,None,None,"No Accident Factor, No Collision Stated (based on Police Blotter Book), 0.0 drivers_injured, 0.0 drivers_killed, 0.0 passengers_injured, 0.0 passengers_killed, 0.0 pedestrian_injured, 0.0 pedestrian_killed, Fair (Night), EDSA (SB) Estrella St. Makati",MMDA Road Safety Unit,,eec69fcf-2a54-47b6-99f3-0fde1f9082ff,2013-08-01,11:45:00,EDSA (SB) near Buendia Ave. and Estrella St. Makati,0,0,0,0,0,0,0,0,0,0,2013-08-01 19:45,Property,14.56002889,121.040751,No Collision Stated
None,EDSA,None,None,"No Accident Factor, No Collision Stated (based on Police Blotter Book), 0.0 drivers_injured, 0.0 drivers_killed, 0.0 passengers_injured, 0.0 passengers_killed, 0.0 pedestrian_injured, 0.0 pedestrian_killed, Fair (Day), EDSA (SB) after Estrella St., Bgy. Bel-Air Makati",MMDA Road Safety Unit,,e8a71fe9-08ad-4967-8efc-872a67b1eb62,2013-08-01,08:00:00,EDSA (SB) San Lorenzo Drive Makati,0,0,0,0,0,0,0,0,0,0,2013-08-01 16:00,Property,14.56019425,121.0409398,No Collision Stated
None,EDSA,None,None,"No Accident Factor, No Collision Stated (based on Police Blotter Book), 0.0 drivers_injured, 0.0 drivers_killed, 0.0 passengers_injured, 0.0 passengers_killed, 0.0 pedestrian_injured, 0.0 pedestrian_killed, Fair (Day), EDSA (SB) after Estrella St. Makati",MMDA Road Safety Unit,,56352eac-3897-4b64-b96a-922187de648d,2013-08-01,00:30:00,"EDSA (SB) Bernardino St., Bgy. Guadalupe Viejo Makati",0,0,0,0,0,0,0,0,0,0,2013-08-01 8:30,Property,14.56019425,121.0409398,No Collision Stated
None,EDSA,None,None,"No Accident Factor, Rear-end, 0.0 drivers_injured, 0.0 drivers_killed, 0.0 passengers_injured, 0.0 passengers_killed, 0.0 pedestrian_injured, 0.0 pedestrian_killed, Rain (Day), EDSA (SB) before Buendia uturn slot Makati",MMDA Road Safety Unit,,e971f323-382a-48d7-bc3d-a5f53b1ecf50,2013-07-31,02:30:00,EDSA (SB) Estrella St. Makati,0,0,0,0,0,0,0,0,0,0,2013-07-31 10:30,Property,14.555472,121.035406,Rear-End
None,EDSA,None,None,"No Accident Factor, Rear-end, 0.0 drivers_injured, 0.0 drivers_killed, 0.0 passengers_injured, 0.0 passengers_killed, 0.0 pedestrian_injured, 0.0 pedestrian_killed, Fair (Night), EDSA (SB) before Buendia Ave. Makati",MMDA Road Safety Unit,,c931e633-6c63-40eb-9ff5-a05f7781ebd5,2013-07-30,11:20:00,EDSA (SB) after Bernardino St. Bgy.Guadalupe Makati,0,0,0,0,0,0,0,0,0,0,2013-07-30 19:20,Property,14.555472,121.035406,Rear-End
None,EDSA,None,None,"No Accident Factor, Side Swipe, 0.0 drivers_injured, 0.0 drivers_killed, 0.0 passengers_injured, 0.0 passengers_killed, 0.0 pedestrian_injured, 0.0 pedestrian_killed, Fair (Day), EDSA (SB) before Shell Gas station Bgy.Bel Air Makati",MMDA Road Safety Unit,,e2c33caa-d998-4978-bfb3-dbbf8ce94933,2013-07-30,05:30:00,EDSA (SB) Ayala Ave. Makati,0,0,0,0,0,0,0,0,0,0,2013-07-30 13:30,Property,14.53982168,121.0148367,Side Swipe
None,EDSA,None,None,"No Accident Factor, Side Swipe, 0.0 drivers_injured, 0.0 drivers_killed, 0.0 passengers_injured, 0.0 passengers_killed, 0.0 pedestrian_injured, 0.0 pedestrian_killed, Fair (Day), EDSA (SB) EDSA Guadalupe Foot Bridge Makati",MMDA Road Safety Unit,,bfb6c88a-6273-4361-ab2c-4bc19f81366e,2013-07-30,05:00:00,EDSA (SB) between A. Arnaiz Ave. (Pasay Road) and Magallanes Interchange Makati,0,0,0,0,0,0,0,0,0,0,2013-07-30 13:00,Property,14.56477594,121.0448542,Side Swipe
None,EDSA,None,None,"No Accident Factor, Side Swipe, 0.0 drivers_injured, 0.0 drivers_killed, 0.0 passengers_injured, 0.0 passengers_killed, 0.0 pedestrian_injured, 0.0 pedestrian_killed, Rain (Night), EDSA (SB) Ayala Ave. Makati",MMDA Road Safety Unit,,7d37fc6b-2380-440d-89e7-ffaeb8e4a59a,2013-07-29,11:35:00,EDSA (SB) Interchange Makati,0,0,0,0,0,0,0,0,0,0,2013-07-29 19:35,Property,14.55022912,121.0292348,Side Swipe
None,EDSA,None,None,"No Accident Factor, Side Swipe, 0.0 drivers_injured, 0.0 drivers_killed, 0.0 passengers_injured, 0.0 passengers_killed, 0.0 pedestrian_injured, 0.0 pedestrian_killed, Fair (Day), EDSA (SB) Ayala Ave. Makati",MMDA Road Safety Unit,,c189fe4a-cd16-4d81-92d1-d89de93828e1,2013-07-29,03:30:00,"EDSA (SB) Ayala Ave, Bgy. Urdaneta Makati",0,0,0,0,0,0,0,0,0,0,2013-07-29 11:30,Property,14.55022912,121.0292348,Side Swipe
None,EDSA,None,None,"No Accident Factor, No Collision Stated (based on Police Blotter Book), 0.0 drivers_injured, 0.0 drivers_killed, 0.0 passengers_injured, 0.0 passengers_killed, 0.0 pedestrian_injured, 0.0 pedestrian_killed, Fair (Night), EDSA (SB) near EDSA-Magallanes Interchange Up-Ramp Makati",MMDA Road Safety Unit,,44bad411-5c35-46a5-9404-7e90bb9d2988,2013-07-28,11:15:00,EDSA (SB) Estrella Loading Area Makati,0,0,0,0,0,0,0,0,0,0,2013-07-28 19:15,Property,14.54169075,121.0187081,No Collision Stated
None,EDSA,None,None,"No Accident Factor, Rear-end, 0.0 drivers_injured, 0.0 drivers_killed, 0.0 passengers_injured, 0.0 passengers_killed, 0.0 pedestrian_injured, 0.0 pedestrian_killed, Fair (Night), EDSA (SB) after Estrella St. Makati",MMDA Road Safety Unit,,e802ce98-0884-451a-8348-a09c6132bc80,2013-07-26,19:30:00,EDSA (SB) fronting San Carlos Seminary Makati,0,0,0,0,0,0,0,0,0,0,2013-07-27 3:30,Property,14.56019425,121.0409398,Rear-End
None,EDSA,None,None,"No Accident Factor, No Collision Stated (based on Police Blotter Book), 0.0 drivers_injured, 0.0 drivers_killed, 0.0 passengers_injured, 0.0 passengers_killed, 0.0 pedestrian_injured, 0.0 pedestrian_killed, Fair (Night), EDSA (SB) near Buendia Ave. and Estrella St. Makati",MMDA Road Safety Unit,,dd6c4c9a-d71d-4f01-a96d-4aeab52aec85,2013-07-26,10:20:00,"EDSA (SB) Estrella St., Bgy. Bel-Air Makati",0,0,0,0,0,0,0,0,0,0,2013-07-26 18:20,Property,14.55580755,121.0356209,No Collision Stated
None,EDSA,None,None,"No Accident Factor, No Collision Stated (based on Police Blotter Book), 0.0 drivers_injured, 0.0 drivers_killed, 0.0 passengers_injured, 0.0 passengers_killed, 0.0 pedestrian_injured, 0.0 pedestrian_killed, Fair (Day), EDSA (SB) San Lorenzo Drive Makati",MMDA Road Safety Unit,,eb5f4aa3-900b-4aa9-9db4-971d87e0d1ad,2013-07-26,09:30:00,EDSA (SB) between Sen. Gil J. Puyat Ave. (Buendia Ave.) and Loading Bay Makati,0,0,0,0,0,0,0,0,0,0,2013-07-26 17:30,Property,14.5422524,121.0195278,No Collision Stated
None,EDSA,None,None,"No Accident Factor, No Collision Stated (based on Police Blotter Book), 0.0 drivers_injured, 0.0 drivers_killed, 0.0 passengers_injured, 0.0 passengers_killed, 0.0 pedestrian_injured, 0.0 pedestrian_killed, Fair (Night), EDSA (SB) Bernardino St., Bgy. Guadalupe Viejo Makati",MMDA Road Safety Unit,,5b6f98a8-1b39-431b-800b-38b24399ee2b,2013-07-24,14:45:00,"EDSA (SB) before Sen. Gil J. Puyat Ave. (Buendia Ave.) ""U"" turn slot, Bgy. Bel-Air Makati",0,0,0,0,0,0,0,0,0,0,2013-07-24 22:45,Property,14.5656985,121.0450952,No Collision Stated
None,EDSA,None,None,"No Accident Factor, Hit and Run (No Collision Stated), 0.0 drivers_injured, 0.0 drivers_killed, 0.0 passengers_injured, 0.0 passengers_killed, 0.0 pedestrian_injured, 0.0 pedestrian_killed, Fair (Night), EDSA (SB) Estrella St. Makati",MMDA Road Safety Unit,,9636e2eb-8e0c-4882-9021-861dfb0ca57f,2013-07-24,12:00:00,EDSA (SB) up-ramp Magallanes Interchange Makati,0,0,0,0,0,0,0,0,0,0,2013-07-24 20:00,Property,14.56002889,121.040751,No Collision Stated
None,EDSA,None,None,"No Accident Factor, No Collision Stated (based on Police Blotter Book), 0.0 drivers_injured, 0.0 drivers_killed, 0.0 passengers_injured, 0.0 passengers_killed, 0.0 pedestrian_injured, 0.0 pedestrian_killed, Fair (Day), EDSA (SB) after Bernardino St. Bgy.Guadalupe Makati",MMDA Road Safety Unit,,36c88c39-be41-49f7-94dd-a3a1f1d69da6,2013-07-24,01:25:00,"EDSA (SB) Guadalupe Bus Stop, Bgy. Guadalupe Viejo Makati",0,0,0,0,0,0,0,0,0,0,2013-07-24 9:25,Property,14.56571393,121.0450816,No Collision Stated
None,EDSA,None,None,"No Accident Factor, Rear-end, 0.0 drivers_injured, 0.0 drivers_killed, 0.0 passengers_injured, 0.0 passengers_killed, 0.0 pedestrian_injured, 0.0 pedestrian_killed, Fair (Day), EDSA (SB) Ayala Ave. Makati",MMDA Road Safety Unit,,cbc11996-c599-41be-be4c-9e3a89a1414f,2013-07-23,23:30:00,"EDSA (SB) Sen. Gil J. Puyat Ave. (Buendia Ave.), Bgy. Bel-Air Makati",0,0,0,0,0,0,0,0,0,0,2013-07-24 7:30,Property,14.55022912,121.0292348,Rear-End
None,EDSA,None,None,"No Accident Factor, Hit Object (No Object Stated), 0.0 drivers_injured, 0.0 drivers_killed, 2.0 passengers_injured, 0.0 passengers_killed, 0.0 pedestrian_injured, 0.0 pedestrian_killed, Fair (Day), EDSA (SB) between A. Arnaiz Ave. (Pasay Road) and Magallanes Interchange Makati",MMDA Road Safety Unit,,5f1de596-d289-4eac-9036-faedbb70e55a,2013-07-23,22:50:00,"EDSA (SB) before Sen. Gil J. Puyat Ave. (Buendia Ave.) ""U"" turn slot, Bgy. Bel-Air Makati",0,0,0,0,2,0,0,0,0,2,2013-07-24 6:50,Injury,14.54213166,121.0193878,Hit Object
None,EDSA,None,None,"No Accident Factor, No Collision Stated (based on Police Blotter Book), 0.0 drivers_injured, 0.0 drivers_killed, 0.0 passengers_injured, 0.0 passengers_killed, 0.0 pedestrian_injured, 0.0 pedestrian_killed, Fair (Night), EDSA (SB) Interchange Makati",MMDA Road Safety Unit,,e4f7619e-e33b-4365-a990-561500aa97f8,2013-07-23,17:00:00,EDSA (SB) between A. Arnaiz Ave. (Pasay Road) and Magallanes Makati,0,0,0,0,0,0,0,0,0,0,2013-07-24 1:00,Property,14.54026949,121.0168945,No Collision Stated
None,EDSA,None,None,"No Accident Factor, No Collision Stated (based on Police Blotter Book), 0.0 drivers_injured, 0.0 drivers_killed, 0.0 passengers_injured, 0.0 passengers_killed, 0.0 pedestrian_injured, 0.0 pedestrian_killed, Fair (Night), EDSA (SB) Ayala Ave, Bgy. Urdaneta Makati",MMDA Road Safety Unit,,e71814fc-f1b8-4bb4-9ced-1351ca303974,2013-07-23,13:45:00,EDSA (SB) after Guadalupe footbridge Makati,0,0,0,0,0,0,0,0,0,0,2013-07-23 21:45,Property,14.55032185,121.0294221,No Collision Stated
None,EDSA,None,None,"No Accident Factor, Side Swipe, 0.0 drivers_injured, 0.0 drivers_killed, 0.0 passengers_injured, 0.0 passengers_killed, 0.0 pedestrian_injured, 0.0 pedestrian_killed, Fair (Day), EDSA (SB) Estrella Loading Area Makati",MMDA Road Safety Unit,,ac0eb36f-72c8-4cca-8e4e-8128709c13f6,2013-07-23,01:30:00,EDSA (SB) Estrella St. Makati,0,0,0,0,0,0,0,0,0,0,2013-07-23 9:30,Property,14.56059855,121.0413941,Side Swipe
None,EDSA,None,None,"No Accident Factor, Rear-end (Multiple), 0.0 drivers_injured, 0.0 drivers_killed, 0.0 passengers_injured, 0.0 passengers_killed, 0.0 pedestrian_injured, 0.0 pedestrian_killed, Fair (Night), EDSA (SB) fronting San Carlos Seminary Makati",MMDA Road Safety Unit,,7dd752f3-2507-49db-bf1e-2eb79b9690fa,2013-07-22,12:45:00,"EDSA (SB) Sen. Gil J. Puyat Ave. (Buendia Ave.) ""U"" turn slot Makati",0,0,0,0,0,0,0,0,0,0,2013-07-22 20:45,Property,14.56336498,121.0439669,Rear-End
None,EDSA,None,None,"No Accident Factor, Rear-end, 0.0 drivers_injured, 0.0 drivers_killed, 0.0 passengers_injured, 0.0 passengers_killed, 0.0 pedestrian_injured, 0.0 pedestrian_killed, Fair (Day), EDSA (SB) Estrella St., Bgy. Bel-Air Makati",MMDA Road Safety Unit,,8a2f6a9f-a20f-471c-8781-360436c6d1df,2013-07-22,02:30:00,EDSA (SB) Buendia Loading/Unloading Bay Makati,0,0,0,0,0,0,0,0,0,0,2013-07-22 10:30,Property,14.56002889,121.040751,Rear-End
None,EDSA,None,None,"No Accident Factor, Side Swipe, 0.0 drivers_injured, 0.0 drivers_killed, 0.0 passengers_injured, 0.0 passengers_killed, 0.0 pedestrian_injured, 0.0 pedestrian_killed, Fair (Day), EDSA (SB) between Sen. Gil J. Puyat Ave. (Buendia Ave.) and Loading Bay Makati",MMDA Road Safety Unit,,023383a0-b309-4670-9c7f-d140e6105b36,2013-07-21,02:30:00,EDSA (SB) Ayala Ave. Makati,0,0,0,0,0,0,0,0,0,0,2013-07-21 10:30,Property,14.55443564,121.0340992,Side Swipe
None,EDSA,None,None,"No Accident Factor, Side Swipe, 0.0 drivers_injured, 0.0 drivers_killed, 0.0 passengers_injured, 0.0 passengers_killed, 0.0 pedestrian_injured, 0.0 pedestrian_killed, Fair (Night), EDSA (SB) before Sen. Gil J. Puyat Ave. (Buendia Ave.) ""U"" turn slot, Bgy. Bel-Air Makati",MMDA Road Safety Unit,,28e6b4c9-187e-47e5-98b3-5b3623379dec,2013-07-20,11:15:00,EDSA (SB) Gil Puyat Ave. Makati,0,0,0,0,0,0,0,0,0,0,2013-07-20 19:15,Property,14.55568193,121.0356097,Side Swipe
None,EDSA,None,None,"No Accident Factor, No Collision Stated (based on Police Blotter Book), 0.0 drivers_injured, 0.0 drivers_killed, 0.0 passengers_injured, 0.0 passengers_killed, 0.0 pedestrian_injured, 0.0 pedestrian_killed, Fair (Night), EDSA (SB) up-ramp Magallanes Interchange Makati",MMDA Road Safety Unit,,3ba3763e-49f4-4cef-8db0-b3ba799f2817,2013-07-18,14:00:00,EDSA (SB) before Arnaiz Ave. Makati,0,0,0,0,0,0,0,0,0,0,2013-07-18 22:00,Property,14.54158672,121.0185642,No Collision Stated
None,EDSA,None,None,"No Accident Factor, No Collision Stated (based on Police Blotter Book), 0.0 drivers_injured, 0.0 drivers_killed, 0.0 passengers_injured, 0.0 passengers_killed, 0.0 pedestrian_injured, 0.0 pedestrian_killed, Fair (Night), EDSA (SB) Guadalupe Bus Stop, Bgy. Guadalupe Viejo Makati",MMDA Road Safety Unit,,ca8262a4-cc5a-4725-8a90-df388b62408a,2013-07-16,12:30:00,EDSA (SB) Mantrade Service Road Makati,0,0,0,0,0,0,0,0,0,0,2013-07-16 20:30,Property,14.56473213,121.0447625,No Collision Stated
None,EDSA,None,None,"No Accident Factor, No Collision Stated (based on Police Blotter Book), 0.0 drivers_injured, 0.0 drivers_killed, 0.0 passengers_injured, 0.0 passengers_killed, 0.0 pedestrian_injured, 0.0 pedestrian_killed, Fair (Day), EDSA (SB) Sen. Gil J. Puyat Ave. (Buendia Ave.), Bgy. Bel-Air Makati",MMDA Road Safety Unit,,c02ee22a-0182-41ee-9506-9625e10d8c52,2013-07-16,05:45:00,"EDSA (SB) Guadalupe Bridge, Bgy. Guadalupe Viejo Makati",0,0,0,0,0,0,0,0,0,0,2013-07-16 13:45,Property,14.55496432,121.0348612,No Collision Stated
None,EDSA,None,None,"No Accident Factor, Rear-end, 0.0 drivers_injured, 0.0 drivers_killed, 0.0 passengers_injured, 0.0 passengers_killed, 0.0 pedestrian_injured, 0.0 pedestrian_killed, Fair (Day), EDSA (SB) before Sen. Gil J. Puyat Ave. (Buendia Ave.) ""U"" turn slot, Bgy. Bel-Air Makati",MMDA Road Safety Unit,,3465a00a-84e1-4d49-ae2c-2db4319b82ad,2013-07-16,03:45:00,"EDSA (SB) Estrella St., Bgy. Guadalupe Viejo Makati",0,0,0,0,0,0,0,0,0,0,2013-07-16 11:45,Property,14.55568193,121.0356097,Rear-End
None,EDSA,None,None,"No Accident Factor, No Collision Stated (based on Police Blotter Book), 0.0 drivers_injured, 0.0 drivers_killed, 0.0 passengers_injured, 0.0 passengers_killed, 0.0 pedestrian_injured, 0.0 pedestrian_killed, Fair (Night), EDSA (SB) between A. Arnaiz Ave. (Pasay Road) and Magallanes Makati",MMDA Road Safety Unit,,eb2a7ce9-c8ae-430f-8ca3-643a477b6a52,2013-07-12,13:30:00,EDSA (SB) Etrella St. Makati,0,0,0,0,0,0,0,0,0,0,2013-07-12 21:30,Property,14.54213166,121.0193878,No Collision Stated
None,EDSA,None,None,"No Accident Factor, Side Swipe, 0.0 drivers_injured, 0.0 drivers_killed, 0.0 passengers_injured, 0.0 passengers_killed, 0.0 pedestrian_injured, 0.0 pedestrian_killed, Fair (Night), EDSA (SB) after Guadalupe footbridge Makati",MMDA Road Safety Unit,,805fef9f-8716-449d-8e9e-533e18294809,2013-07-11,16:30:00,"EDSA (SB) before EDSA-Kalayaan Ave. ""U"" turn slot Makati",0,0,0,0,0,0,0,0,0,0,2013-07-12 0:30,Property,14.56480887,121.0449325,Side Swipe
None,EDSA,None,None,"No Accident Factor, Side Swipe, 0.0 drivers_injured, 0.0 drivers_killed, 0.0 passengers_injured, 0.0 passengers_killed, 0.0 pedestrian_injured, 0.0 pedestrian_killed, Fair (Day), EDSA (SB) Estrella St. Makati",MMDA Road Safety Unit,,115f97db-a396-415c-b2d2-1e94722df2b8,2013-07-11,08:40:00,EDSA (SB) Ayala Ave. Makati,0,0,0,0,0,0,0,0,0,0,2013-07-11 16:40,Property,14.56002889,121.040751,Side Swipe
None,EDSA,None,None,"No Accident Factor, Rear-end, 0.0 drivers_injured, 0.0 drivers_killed, 0.0 passengers_injured, 0.0 passengers_killed, 0.0 pedestrian_injured, 0.0 pedestrian_killed, Fair (Day), EDSA (SB) Sen. Gil J. Puyat Ave. (Buendia Ave.) ""U"" turn slot Makati",MMDA Road Safety Unit,,c8b0b459-8a50-4b7f-98be-3a047a997c77,2013-07-11,07:00:00,EDSA (SB) in-between Magallanes and Ayala Ave. Makati,0,0,0,0,0,0,0,0,0,0,2013-07-11 15:00,Property,14.55535644,121.0352873,Rear-End
None,EDSA,None,None,"No Accident Factor, No Collision Stated (based on Police Blotter Book), 0.0 drivers_injured, 0.0 drivers_killed, 0.0 passengers_injured, 0.0 passengers_killed, 0.0 pedestrian_injured, 0.0 pedestrian_killed, Fair (Day), EDSA (SB) Buendia Loading/Unloading Bay Makati",MMDA Road Safety Unit,,ce3c1c70-6c8e-4b6d-aab9-f1fe3908b1db,2013-07-11,04:15:00,"EDSA (SB) Estrella St., Bgy. Guadalupe Viejo Makati",0,0,0,0,0,0,0,0,0,0,2013-07-11 12:15,Property,14.55400112,121.0336264,No Collision Stated
None,EDSA,None,None,"No Accident Factor, Side Swipe, 0.0 drivers_injured, 0.0 drivers_killed, 0.0 passengers_injured, 0.0 passengers_killed, 0.0 pedestrian_injured, 0.0 pedestrian_killed, Fair (Day), EDSA (SB) Ayala Ave. Makati",MMDA Road Safety Unit,,0a044156-ed02-4ff8-a654-6ee8b56f6f27,2013-07-11,01:45:00,EDSA (SB) Sen. Gil J. Puyat Ave. (Buendia Ave. Ext.) Makati,0,0,0,0,0,0,0,0,0,0,2013-07-11 9:45,Property,14.55022912,121.0292348,Side Swipe
None,EDSA,None,None,"No Accident Factor, Side Swipe, 0.0 drivers_injured, 0.0 drivers_killed, 0.0 passengers_injured, 0.0 passengers_killed, 0.0 pedestrian_injured, 0.0 pedestrian_killed, Fair (Day), EDSA (SB) Gil Puyat Ave. Makati",MMDA Road Safety Unit,,3ed731a6-22f6-4008-a8cf-449ad0da899b,2013-07-09,00:30:00,EDSA (SB) Sen. Gil J. Puyat Ave. (Buendia Ave. Ext.) Makati,0,0,0,0,0,0,0,0,0,0,2013-07-09 8:30,Property,14.55512606,121.0349028,Side Swipe
None,EDSA,None,None,"No Accident Factor, Side Swipe, 0.0 drivers_injured, 0.0 drivers_killed, 0.0 passengers_injured, 0.0 passengers_killed, 0.0 pedestrian_injured, 0.0 pedestrian_killed, Fair (Day), EDSA (SB) before Arnaiz Ave. Makati",MMDA Road Safety Unit,,dd336a84-df3b-418c-9245-27e81f0ee5aa,2013-07-07,08:20:00,EDSA (SB) MRT Magallanes Makati,0,0,0,0,0,0,0,0,0,0,2013-07-07 16:20,Property,14.54784835,121.0261965,Side Swipe
None,EDSA,None,None,"No Accident Factor, Hit Object (Barrier-Plastic), 0.0 drivers_injured, 0.0 drivers_killed, 0.0 passengers_injured, 0.0 passengers_killed, 0.0 pedestrian_injured, 0.0 pedestrian_killed, Fair (Day), EDSA (SB) Mantrade Service Road Makati",MMDA Road Safety Unit,,28bb2553-b3f6-4048-ac83-593593e01a99,2013-07-07,01:30:00,"EDSA (SB) Estrella St., Bgy. Guadalupe Viejo Makati",0,0,0,0,0,0,0,0,0,0,2013-07-07 9:30,Property,14.53977387,121.0162485,Hit Object
None,EDSA,None,None,"No Accident Factor, No Collision Stated (based on Police Blotter Book), 0.0 drivers_injured, 0.0 drivers_killed, 0.0 passengers_injured, 0.0 passengers_killed, 0.0 pedestrian_injured, 0.0 pedestrian_killed, Fair (Night), EDSA (SB) Guadalupe Bridge, Bgy. Guadalupe Viejo Makati",MMDA Road Safety Unit,,2647a105-4580-45a8-b590-044ae7092e20,2013-07-06,11:30:00,EDSA (SB) San Lorenzo Drive Makati,0,0,0,0,0,0,0,0,0,0,2013-07-06 19:30,Property,14.56802596,121.045885,No Collision Stated
None,EDSA,None,None,"No Accident Factor, No Collision Stated (based on Police Blotter Book), 0.0 drivers_injured, 0.0 drivers_killed, 1.0 passengers_injured, 0.0 passengers_killed, 0.0 pedestrian_injured, 0.0 pedestrian_killed, Fair (Day), EDSA (SB) Estrella St., Bgy. Guadalupe Viejo Makati",MMDA Road Safety Unit,,a4af0f3a-3f44-4cda-a74d-2112663ffffd,2013-07-05,22:30:00,EDSA (SB) Evangelista St. Makati,0,0,0,0,1,0,0,0,0,1,2013-07-06 6:30,Injury,14.56002889,121.040751,No Collision Stated
None,EDSA,None,None,"No Accident Factor, Rear-end, 0.0 drivers_injured, 0.0 drivers_killed, 0.0 passengers_injured, 0.0 passengers_killed, 0.0 pedestrian_injured, 0.0 pedestrian_killed, Fair (Day), EDSA (SB) Etrella St. Makati",MMDA Road Safety Unit,,7e84b7b7-c0aa-4a39-84dc-05b7c6816cc7,2013-07-05,07:10:00,EDSA (SB) before Estrella St.  Makati,0,0,0,0,0,0,0,0,0,0,2013-07-05 15:10,Property,14.56002889,121.040751,Rear-End
None,EDSA,None,None,"No Accident Factor, No Collision Stated (based on Police Blotter Book), 1.0 drivers_injured, 0.0 drivers_killed, 0.0 passengers_injured, 0.0 passengers_killed, 0.0 pedestrian_injured, 0.0 pedestrian_killed, Fair (Day), EDSA (SB) before EDSA-Kalayaan Ave. ""U"" turn slot Makati",MMDA Road Safety Unit,,62a3145d-a93c-4941-815c-45861ce168ab,2013-07-04,00:25:00,"EDSA (SB) fronting Shell Gas Station, Buendia  Makati",0,0,0,1,0,0,0,0,0,1,2013-07-04 8:25,Injury,14.55769583,121.0385377,No Collision Stated
None,EDSA,None,None,"No Accident Factor, No Collision Stated (based on Police Blotter Book), 0.0 drivers_injured, 0.0 drivers_killed, 0.0 passengers_injured, 0.0 passengers_killed, 0.0 pedestrian_injured, 0.0 pedestrian_killed, Fair (Day), EDSA (SB) Ayala Ave. Makati",MMDA Road Safety Unit,,35b7c3d0-6d54-4c58-bde9-307f7705ca3e,2013-07-03,03:30:00,EDSA (SB) before Magallanes Interchange Makati,0,0,0,0,0,0,0,0,0,0,2013-07-03 11:30,Property,14.55022912,121.0292348,No Collision Stated
None,EDSA,None,None,"No Accident Factor, Rear-end, 0.0 drivers_injured, 0.0 drivers_killed, 0.0 passengers_injured, 0.0 passengers_killed, 0.0 pedestrian_injured, 0.0 pedestrian_killed, Fair (Day), EDSA (SB) in-between Magallanes and Ayala Ave. Makati",MMDA Road Safety Unit,,61e6dfb5-a047-4954-be7e-e7cc7565228e,2013-07-01,02:55:00,EDSA (SB) Palm Drive Makati,0,0,0,0,0,0,0,0,0,0,2013-07-01 10:55,Property,14.54208721,121.0193889,Rear-End
None,EDSA,None,None,"No Accident Factor, No Collision Stated (based on Police Blotter Book), 0.0 drivers_injured, 0.0 drivers_killed, 0.0 passengers_injured, 0.0 passengers_killed, 0.0 pedestrian_injured, 0.0 pedestrian_killed, Fair (Day), EDSA (SB) Estrella St., Bgy. Guadalupe Viejo Makati",MMDA Road Safety Unit,,f7de5901-68d3-4927-a814-70749e3cf32a,2013-07-01,01:15:00,EDSA (SB) before Antonio Arnaiz Ave. Makati,0,0,0,0,0,0,0,0,0,0,2013-07-01 9:15,Property,14.56002889,121.040751,No Collision Stated