LOCATION_TEXT,ROAD,WEATHER,LIGHT,DESC,REPORTING_AGENCY,MAIN_CAUSE,INCIDENTDETAILS_ID,DATE_UTC,TIME_UTC,ADDRESS,killed_driver,killed_passenger,killed_pedestrian,injured_driver,injured_passenger,injured_pedestrian,killed_uncategorized,injured_uncategorized,killed_total,injured_total,DATETIME_PST,SEVERITY,Y,X,COLLISION_TYPE
None,EDSA,None,None,"No Accident Factor, No Collision Stated (based on Police Blotter Book), 0.0 drivers_injured, 0.0 drivers_killed, 0.0 passengers_injured, 0.0 passengers_killed, 0.0 pedestrian_injured, 0.0 pedestrian_killed, Fair (Day), EDSA (SB) Sen. Gil J. Puyat Ave. (Buendia Ave. Ext.) Makati",MMDA Road Safety Unit,,a395def8-7519-4c47-9a7b-e449d5a339cc,2013-07-01,00:45:00,EDSA (SB) before Estrella St. Makati,0,0,0,0,0,0,0,0,0,0,2013-07-01 8:45,Property,14.55496432,121.0348612,No Collision Stated
None,EDSA,None,None,"No Accident Factor, Side Swipe, 0.0 drivers_injured, 0.0 drivers_killed, 0.0 passengers_injured, 0.0 passengers_killed, 0.0 pedestrian_injured, 0.0 pedestrian_killed, Fair (Day), EDSA (SB) Sen. Gil J. Puyat Ave. (Buendia Ave. Ext.) Makati",MMDA Road Safety Unit,,4effd661-8c9a-4d2b-9f4b-b6b66c0d1b77,2013-06-30,22:30:00,"EDSA (SB) Lapuz Ave., Bgy. Bangkal  Makati",0,0,0,0,0,0,0,0,0,0,2013-07-01 6:30,Property,14.55496432,121.0348612,Side Swipe
None,EDSA,None,None,"No Accident Factor, No Collision Stated (based on Police Blotter Book), 0.0 drivers_injured, 0.0 drivers_killed, 0.0 passengers_injured, 0.0 passengers_killed, 0.0 pedestrian_injured, 0.0 pedestrian_killed, Fair (Night), EDSA (SB) MRT Magallanes Makati",MMDA Road Safety Unit,,ae8945fb-be79-48d2-86fd-558d14f97359,2013-06-30,11:45:00,EDSA (SB) fronting San Carlos Seminary Makati,0,0,0,0,0,0,0,0,0,0,2013-06-30 19:45,Property,14.54200052,121.0194596,No Collision Stated
None,EDSA,None,None,"No Accident Factor, Side Swipe, 0.0 drivers_injured, 0.0 drivers_killed, 0.0 passengers_injured, 0.0 passengers_killed, 0.0 pedestrian_injured, 0.0 pedestrian_killed, Fair (Day), EDSA (SB) Estrella St., Bgy. Guadalupe Viejo Makati",MMDA Road Safety Unit,,a21de54b-08cc-4e59-aaa8-1d00752800ba,2013-06-29,05:50:00,"EDSA (SB) Sen. Gil J. Puyat Ave. (Buendia Ave. Ext.), Bgy. Bel-Air Makati",0,0,0,0,0,0,0,0,0,0,2013-06-29 13:50,Property,14.56002889,121.040751,Side Swipe
None,EDSA,None,None,"No Accident Factor, No Collision Stated (based on Police Blotter Book), 0.0 drivers_injured, 0.0 drivers_killed, 0.0 passengers_injured, 0.0 passengers_killed, 0.0 pedestrian_injured, 0.0 pedestrian_killed, Fair (Day), EDSA (SB) San Lorenzo Drive Makati",MMDA Road Safety Unit,,64df4976-6f68-4bad-bc76-85878b8c717d,2013-06-28,09:00:00,EDSA (SB) before Estrella St. Makati,0,0,0,0,0,0,0,0,0,0,2013-06-28 17:00,Property,14.5422524,121.0195278,No Collision Stated
None,EDSA,None,None,"No Accident Factor, No Collision Stated (based on Police Blotter Book), 0.0 drivers_injured, 0.0 drivers_killed, 0.0 passengers_injured, 0.0 passengers_killed, 0.0 pedestrian_injured, 0.0 pedestrian_killed, Fair (Day), EDSA (SB) Evangelista St. Makati",MMDA Road Safety Unit,,36afe87f-e175-47df-97e6-d83cec52f2a1,2013-06-28,04:30:00,EDSA (SB) Guadalupe Loading Area Makati,0,0,0,0,0,0,0,0,0,0,2013-06-28 12:30,Property,14.53903137,121.0123272,No Collision Stated
None,EDSA,None,None,"No Accident Factor, No Collision Stated (based on Police Blotter Book), 0.0 drivers_injured, 0.0 drivers_killed, 0.0 passengers_injured, 0.0 passengers_killed, 0.0 pedestrian_injured, 0.0 pedestrian_killed, Fair (Day), EDSA (SB) before Estrella St.  Makati",MMDA Road Safety Unit,,7200e8c6-2e8d-4bba-98fb-624c24638ddb,2013-06-28,02:30:00,"EDSA (SB) before Estrella St., Bgy. Bel-Air Makati",0,0,0,0,0,0,0,0,0,0,2013-06-28 10:30,Property,14.55988482,121.0406786,No Collision Stated
None,EDSA,None,None,"No Accident Factor, No Collision Stated (based on Police Blotter Book), 0.0 drivers_injured, 0.0 drivers_killed, 1.0 passengers_injured, 0.0 passengers_killed, 0.0 pedestrian_injured, 0.0 pedestrian_killed, Fair (Night), EDSA (SB) fronting Shell Gas Station, Buendia  Makati",MMDA Road Safety Unit,,708653bc-3411-4d9d-84db-99f2ac11d069,2013-06-27,14:50:00,EDSA (SB) West Cloverleaf Makati,0,0,0,0,1,0,0,0,0,1,2013-06-27 22:50,Injury,14.55548788,121.03528,No Collision Stated
None,EDSA,None,None,"No Accident Factor, Rear-end, 0.0 drivers_injured, 0.0 drivers_killed, 0.0 passengers_injured, 0.0 passengers_killed, 0.0 pedestrian_injured, 0.0 pedestrian_killed, Fair (Night), EDSA (SB) before Magallanes Interchange Makati",MMDA Road Safety Unit,,fc9173fd-2083-4acb-a8a1-147ae5b6722c,2013-06-27,14:45:00,EDSA (SB) Estrella St. Makati,0,0,0,0,0,0,0,0,0,0,2013-06-27 22:45,Property,14.54241081,121.0197643,Rear-End
None,EDSA,None,None,"No Accident Factor, Angle Impact, 0.0 drivers_injured, 0.0 drivers_killed, 0.0 passengers_injured, 0.0 passengers_killed, 0.0 pedestrian_injured, 0.0 pedestrian_killed, Fair (Day), EDSA (SB) Palm Drive Makati",MMDA Road Safety Unit,,160a7135-14ac-4163-90ae-838ffa8ded7b,2013-06-27,08:10:00,EDSA (SB) Estrella St. Makati,0,0,0,0,0,0,0,0,0,0,2013-06-27 16:10,Property,14.54848063,121.0270791,Angle Impact
None,EDSA,None,None,"No Accident Factor, No Collision Stated (based on Police Blotter Book), 0.0 drivers_injured, 0.0 drivers_killed, 0.0 passengers_injured, 0.0 passengers_killed, 0.0 pedestrian_injured, 0.0 pedestrian_killed, Fair (Night), EDSA (SB) before Antonio Arnaiz Ave. Makati",MMDA Road Safety Unit,,584d9701-16c7-4045-bc9a-9fee50a5868e,2013-06-26,14:00:00,EDSA (SB) Estrella St. Makati,0,0,0,0,0,0,0,0,0,0,2013-06-26 22:00,Property,14.54784835,121.0261965,No Collision Stated
None,EDSA,None,None,"No Accident Factor, No Collision Stated (based on Police Blotter Book), 1.0 drivers_injured, 0.0 drivers_killed, 1.0 passengers_injured, 0.0 passengers_killed, 0.0 pedestrian_injured, 0.0 pedestrian_killed, Fair (Day), EDSA (SB) before Estrella St. Makati",MMDA Road Safety Unit,,18aa1870-5163-4378-b3bd-995cbb2a7847,2013-06-26,06:00:00,EDSA (SB) Bernardino St. Makati,0,0,0,1,1,0,0,0,0,2,2013-06-26 14:00,Injury,14.55988482,121.0406786,No Collision Stated
None,EDSA,None,None,"No Accident Factor, No Collision Stated (based on Police Blotter Book), 0.0 drivers_injured, 0.0 drivers_killed, 0.0 passengers_injured, 0.0 passengers_killed, 0.0 pedestrian_injured, 0.0 pedestrian_killed, Fair (Day), EDSA (SB) Lapuz Ave., Bgy. Bangkal  Makati",MMDA Road Safety Unit,,d499cddf-0099-42b8-b796-4afe4626bc65,2013-06-21,06:00:00,EDSA (SB) Ayala Ave. Makati,0,0,0,0,0,0,0,0,0,0,2013-06-21 14:00,Property,14.5396722,121.0155376,No Collision Stated
None,EDSA,None,None,"No Accident Factor, Rear-end, 0.0 drivers_injured, 0.0 drivers_killed, 0.0 passengers_injured, 0.0 passengers_killed, 0.0 pedestrian_injured, 0.0 pedestrian_killed, Fair (Day), EDSA (SB) fronting San Carlos Seminary Makati",MMDA Road Safety Unit,,7f1a8624-62bf-4ed4-8204-b3eacda7cb41,2013-06-21,03:30:00,EDSA (SB) after Estrella St. Makati,0,0,0,0,0,0,0,0,0,0,2013-06-21 11:30,Property,14.56336498,121.0439669,Rear-End
None,EDSA,None,None,"No Accident Factor, No Collision Stated (based on Police Blotter Book), 0.0 drivers_injured, 0.0 drivers_killed, 31.0 passengers_injured, 0.0 passengers_killed, 0.0 pedestrian_injured, 0.0 pedestrian_killed, Fair (Night), EDSA (SB) Sen. Gil J. Puyat Ave. (Buendia Ave. Ext.), Bgy. Bel-Air Makati",MMDA Road Safety Unit,,3044b7b2-29d0-4c46-bdf3-833652e4bf3c,2013-06-20,15:05:00,EDSA (SB) after Bernardino St. Makati,0,0,0,0,31,0,0,0,0,31,2013-06-20 23:05,Injury,14.55496432,121.0348612,No Collision Stated
None,EDSA,None,None,"No Accident Factor, No Collision Stated (based on Police Blotter Book), 0.0 drivers_injured, 0.0 drivers_killed, 0.0 passengers_injured, 0.0 passengers_killed, 0.0 pedestrian_injured, 0.0 pedestrian_killed, Fair (Day), EDSA (SB) before Estrella St. Makati",MMDA Road Safety Unit,,f60ff29b-3448-41d7-8597-bc27b6a95019,2013-06-20,00:15:00,EDSA (SB) Estrella St. Makati,0,0,0,0,0,0,0,0,0,0,2013-06-20 8:15,Property,14.55988482,121.0406786,No Collision Stated
None,EDSA,None,None,"No Accident Factor, No Collision Stated (based on Police Blotter Book), 0.0 drivers_injured, 0.0 drivers_killed, 0.0 passengers_injured, 0.0 passengers_killed, 0.0 pedestrian_injured, 0.0 pedestrian_killed, Fair (Day), EDSA (SB) Guadalupe Loading Area Makati",MMDA Road Safety Unit,,eb108b93-83a1-4a84-947a-ed84158c80f5,2013-06-18,03:45:00,EDSA (SB) Buendia Ave. Loading/Unloading area Makati,0,0,0,0,0,0,0,0,0,0,2013-06-18 11:45,Property,14.56473213,121.0447625,No Collision Stated
None,EDSA,None,None,"No Accident Factor, No Collision Stated (based on Police Blotter Book), 0.0 drivers_injured, 0.0 drivers_killed, 0.0 passengers_injured, 0.0 passengers_killed, 0.0 pedestrian_injured, 0.0 pedestrian_killed, Fair (Day), EDSA (SB) before Estrella St., Bgy. Bel-Air Makati",MMDA Road Safety Unit,,0b36ab75-6cdd-431f-a70a-056b482159c1,2013-06-18,03:00:00,EDSA (SB) before Magallanes Interchange Makati,0,0,0,0,0,0,0,0,0,0,2013-06-18 11:00,Property,14.55988482,121.0406786,No Collision Stated
None,EDSA,None,None,"No Accident Factor, No Collision Stated (based on Police Blotter Book), 0.0 drivers_injured, 0.0 drivers_killed, 0.0 passengers_injured, 0.0 passengers_killed, 0.0 pedestrian_injured, 0.0 pedestrian_killed, Fair (Night), EDSA (SB) West Cloverleaf Makati",MMDA Road Safety Unit,,0a583a2c-574c-42bd-8681-df6c9e24be51,2013-06-17,12:15:00,EDSA (SB) after Buendia MRT Station Makati,0,0,0,0,0,0,0,0,0,0,2013-06-17 20:15,Property,14.56779247,121.0455985,No Collision Stated
None,EDSA,None,None,"No Accident Factor, Angle Impact, 0.0 drivers_injured, 0.0 drivers_killed, 0.0 passengers_injured, 0.0 passengers_killed, 0.0 pedestrian_injured, 0.0 pedestrian_killed, Fair (Day), EDSA (SB) Estrella St. Makati",MMDA Road Safety Unit,,2b026df1-8f38-4efd-ab4c-f3555809d5db,2013-06-17,06:15:00,EDSA (SB) between Magallanes and A. Arnaiz Ave. Makati,0,0,0,0,0,0,0,0,0,0,2013-06-17 14:15,Property,14.56002889,121.040751,Angle Impact
None,EDSA,None,None,"No Accident Factor, No Collision Stated (based on Police Blotter Book), 0.0 drivers_injured, 0.0 drivers_killed, 0.0 passengers_injured, 0.0 passengers_killed, 0.0 pedestrian_injured, 0.0 pedestrian_killed, Fair (Day), EDSA (SB) Estrella St. Makati",MMDA Road Safety Unit,,bb192fa1-86f4-4127-bfd7-4bee349d5716,2013-06-17,05:45:00,EDSA (SB) before Magallanes Loading / Unloading Makati,0,0,0,0,0,0,0,0,0,0,2013-06-17 13:45,Property,14.56002889,121.040751,No Collision Stated
None,EDSA,None,None,"No Accident Factor, No Collision Stated (based on Police Blotter Book), 0.0 drivers_injured, 0.0 drivers_killed, 0.0 passengers_injured, 0.0 passengers_killed, 0.0 pedestrian_injured, 0.0 pedestrian_killed, Fair (Day), EDSA (SB) Estrella St. Makati",MMDA Road Safety Unit,,80ec3c2a-26b9-4eb2-8598-1b69ac8750f2,2013-06-17,05:30:00,EDSA (SB) Evangelista St. Makati,0,0,0,0,0,0,0,0,0,0,2013-06-17 13:30,Property,14.56002889,121.040751,No Collision Stated
None,EDSA,None,None,"No Accident Factor, Rear-end, 0.0 drivers_injured, 0.0 drivers_killed, 0.0 passengers_injured, 0.0 passengers_killed, 0.0 pedestrian_injured, 0.0 pedestrian_killed, Fair (Day), EDSA (SB) Bernardino St. Makati",MMDA Road Safety Unit,,bbd4df20-76e1-4b63-8dc8-197e7c4dda91,2013-06-16,23:45:00,EDSA (SB) Ayala Ave. Makati,0,0,0,0,0,0,0,0,0,0,2013-06-17 7:45,Property,14.5656985,121.0450952,Rear-End
None,EDSA,None,None,"No Accident Factor, No Collision Stated (based on Police Blotter Book), 0.0 drivers_injured, 0.0 drivers_killed, 0.0 passengers_injured, 0.0 passengers_killed, 0.0 pedestrian_injured, 0.0 pedestrian_killed, Fair (Day), EDSA (SB) Ayala Ave. Makati",MMDA Road Safety Unit,,16dec47a-712c-489e-b6f8-414b4fd4d408,2013-06-14,08:30:00,EDSA (SB) before Buendia Loading / Unloading Bay Makati,0,0,0,0,0,0,0,0,0,0,2013-06-14 16:30,Property,14.55022912,121.0292348,No Collision Stated
None,EDSA,None,None,"No Accident Factor, No Collision Stated (based on Police Blotter Book), 0.0 drivers_injured, 0.0 drivers_killed, 0.0 passengers_injured, 0.0 passengers_killed, 0.0 pedestrian_injured, 0.0 pedestrian_killed, Fair (Day), EDSA (SB) after Estrella St. Makati",MMDA Road Safety Unit,,9d517679-015b-4422-95a4-8f5b267f703e,2013-06-14,08:00:00,EDSA (SB) Evangelista St. Makati,0,0,0,0,0,0,0,0,0,0,2013-06-14 16:00,Property,14.56019425,121.0409398,No Collision Stated
None,EDSA,None,None,"No Accident Factor, No Collision Stated (based on Police Blotter Book), 0.0 drivers_injured, 0.0 drivers_killed, 0.0 passengers_injured, 0.0 passengers_killed, 0.0 pedestrian_injured, 0.0 pedestrian_killed, Fair (Day), EDSA (SB) after Bernardino St. Makati",MMDA Road Safety Unit,,59fa3388-6e22-4b3f-a292-b65818df5388,2013-06-14,03:30:00,EDSA (SB) Ayala Ave. Makati,0,0,0,0,0,0,0,0,0,0,2013-06-14 11:30,Property,14.56571393,121.0450816,No Collision Stated
None,EDSA,None,None,"No Accident Factor, No Collision Stated (based on Police Blotter Book), 0.0 drivers_injured, 0.0 drivers_killed, 0.0 passengers_injured, 0.0 passengers_killed, 0.0 pedestrian_injured, 0.0 pedestrian_killed, Fair (Day), EDSA (SB) Estrella St. Makati",MMDA Road Safety Unit,,ab1628af-9320-4faa-9dad-afb5b20b93cf,2013-06-13,23:05:00,EDSA (SB) Bernardino St. Makati,0,0,0,0,0,0,0,0,0,0,2013-06-14 7:05,Property,14.56002889,121.040751,No Collision Stated
None,EDSA,None,None,"No Accident Factor, No Collision Stated (based on Police Blotter Book), 0.0 drivers_injured, 0.0 drivers_killed, 0.0 passengers_injured, 0.0 passengers_killed, 0.0 pedestrian_injured, 0.0 pedestrian_killed, Fair (Day), EDSA (SB) Buendia Ave. Loading/Unloading area Makati",MMDA Road Safety Unit,,d5bd480f-9919-4313-b300-028381e16a1a,2013-06-12,05:30:00,EDSA (SB) Palm Drive Bgy.San Lorenzo Makati,0,0,0,0,0,0,0,0,0,0,2013-06-12 13:30,Property,14.5538613,121.0334902,No Collision Stated
None,EDSA,None,None,"No Accident Factor, Rear-end, 0.0 drivers_injured, 0.0 drivers_killed, 0.0 passengers_injured, 0.0 passengers_killed, 0.0 pedestrian_injured, 0.0 pedestrian_killed, Rain (Night), EDSA (SB) before Magallanes Interchange Makati",MMDA Road Safety Unit,,64819493-505d-4405-81e2-87430869509a,2013-06-11,14:15:00,EDSA (SB) after Estrella St. Makati,0,0,0,0,0,0,0,0,0,0,2013-06-11 22:15,Property,14.54241081,121.0197643,Rear-End
None,EDSA,None,None,"No Accident Factor, Side Swipe, 0.0 drivers_injured, 0.0 drivers_killed, 0.0 passengers_injured, 0.0 passengers_killed, 0.0 pedestrian_injured, 0.0 pedestrian_killed, Fair (Day), EDSA (SB) after Buendia MRT Station Makati",MMDA Road Safety Unit,,4aec4f6b-3292-4480-bd08-3abfc0f64805,2013-06-11,01:05:00,EDSA (SB) before Estrella St. Makati,0,0,0,0,0,0,0,0,0,0,2013-06-11 9:05,Property,14.5541694,121.0340209,Side Swipe
None,EDSA,None,None,"No Accident Factor, No Collision Stated (based on Police Blotter Book), 1.0 drivers_injured, 0.0 drivers_killed, 0.0 passengers_injured, 0.0 passengers_killed, 0.0 pedestrian_injured, 0.0 pedestrian_killed, Fair (Day), EDSA (SB) between Magallanes and A. Arnaiz Ave. Makati",MMDA Road Safety Unit,,6e4d1007-a338-48ad-81e0-4cb9cb4a6ca1,2013-06-09,22:20:00,EDSA (SB) San Lorenzo Drive Makati,0,0,0,1,0,0,0,0,0,1,2013-06-10 6:20,Injury,14.54213513,121.019372,No Collision Stated
None,EDSA,None,None,"No Accident Factor, No Collision Stated (based on Police Blotter Book), 0.0 drivers_injured, 0.0 drivers_killed, 0.0 passengers_injured, 0.0 passengers_killed, 0.0 pedestrian_injured, 0.0 pedestrian_killed, Fair (Night), EDSA (SB) before Magallanes Loading / Unloading Makati",MMDA Road Safety Unit,,85df0e8d-4566-48e9-b658-2cc8e56dc698,2013-06-07,12:30:00,EDSA (SB) Palm Drive S/B Makati,0,0,0,0,0,0,0,0,0,0,2013-06-07 20:30,Property,14.54305474,121.0205369,No Collision Stated
None,EDSA,None,None,"No Accident Factor, No Collision Stated (based on Police Blotter Book), 0.0 drivers_injured, 0.0 drivers_killed, 0.0 passengers_injured, 0.0 passengers_killed, 0.0 pedestrian_injured, 0.0 pedestrian_killed, Fair (Night), EDSA (SB) Evangelista St. Makati",MMDA Road Safety Unit,,5695ce40-a69a-4b5a-bff4-501ee424b244,2013-06-06,12:45:00,EDSA (SB) Sen.Gil Puyat Ave. Bgy.Bel Air Makati,0,0,0,0,0,0,0,0,0,0,2013-06-06 20:45,Property,14.53903137,121.0123272,No Collision Stated
None,EDSA,None,None,"No Accident Factor, No Collision Stated (based on Police Blotter Book), 0.0 drivers_injured, 0.0 drivers_killed, 0.0 passengers_injured, 0.0 passengers_killed, 0.0 pedestrian_injured, 0.0 pedestrian_killed, Fair (Day), EDSA (SB) Ayala Ave. Makati",MMDA Road Safety Unit,,78831ef6-dd17-4a9b-bb54-4638d5833853,2013-06-06,09:30:00,EDSA (SB) Ayala Ave. Bgy.Urdaneta Makati,0,0,0,0,0,0,0,0,0,0,2013-06-06 17:30,Property,14.55022912,121.0292348,No Collision Stated
None,EDSA,None,None,"No Accident Factor, No Collision Stated (based on Police Blotter Book), 0.0 drivers_injured, 0.0 drivers_killed, 0.0 passengers_injured, 0.0 passengers_killed, 0.0 pedestrian_injured, 0.0 pedestrian_killed, Fair (Day), EDSA (SB) before Buendia Loading / Unloading Bay Makati",MMDA Road Safety Unit,,07f7b137-6b37-4c44-be7b-96702fc96d02,2013-06-06,08:30:00,EDSA (SB) before Magallanes Interchange Makati,0,0,0,0,0,0,0,0,0,0,2013-06-06 16:30,Property,14.55404392,121.0336217,No Collision Stated
None,EDSA,None,None,"No Accident Factor, No Collision Stated (based on Police Blotter Book), 0.0 drivers_injured, 0.0 drivers_killed, 0.0 passengers_injured, 0.0 passengers_killed, 0.0 pedestrian_injured, 0.0 pedestrian_killed, Fair (Day), EDSA (SB) Evangelista St. Makati",MMDA Road Safety Unit,,663ce7f6-dea3-436c-842d-eb1584341e99,2013-06-06,01:30:00,EDSA (SB) fronting Pioneer Bldg. Bgy.Guadalupe Viejo Makati,0,0,0,0,0,0,0,0,0,0,2013-06-06 9:30,Property,14.53903137,121.0123272,No Collision Stated
None,EDSA,None,None,"No Accident Factor, No Collision Stated (based on Police Blotter Book), 0.0 drivers_injured, 0.0 drivers_killed, 0.0 passengers_injured, 0.0 passengers_killed, 0.0 pedestrian_injured, 0.0 pedestrian_killed, Fair (Day), EDSA (SB) Ayala Ave. Makati",MMDA Road Safety Unit,,49e5e789-b1ae-4155-8640-669398d7d0f6,2013-06-05,03:15:00,EDSA (SB) before Buendia Ave. uturn slot Makati,0,0,0,0,0,0,0,0,0,0,2013-06-05 11:15,Property,14.55022912,121.0292348,No Collision Stated
None,EDSA,None,None,"No Accident Factor, Rear-end, 0.0 drivers_injured, 0.0 drivers_killed, 0.0 passengers_injured, 0.0 passengers_killed, 0.0 pedestrian_injured, 0.0 pedestrian_killed, Fair (Day), EDSA (SB) Bernardino St. Makati",MMDA Road Safety Unit,,8f882ab3-faa7-43ba-8e82-74f654ce9b65,2013-06-03,09:20:00,EDSA (SB) before EDSA-Magallanes Interchange Makati,0,0,0,0,0,0,0,0,0,0,2013-06-03 17:20,Property,14.5656985,121.0450952,Rear-End
None,EDSA,None,None,"No Accident Factor, No Collision Stated (based on Police Blotter Book), 0.0 drivers_injured, 0.0 drivers_killed, 0.0 passengers_injured, 0.0 passengers_killed, 0.0 pedestrian_injured, 0.0 pedestrian_killed, Fair (Night), EDSA (SB) Palm Drive Bgy.San Lorenzo Makati",MMDA Road Safety Unit,,93b9239a-5be1-4bdf-8d14-e5d873e09d74,2013-05-31,13:50:00,EDSA (SB) San Lorenzo Drive Makati,0,0,0,0,0,0,0,0,0,0,2013-05-31 21:50,Property,14.54848063,121.0270791,No Collision Stated
None,EDSA,None,None,"No Accident Factor, No Collision Stated (based on Police Blotter Book), 0.0 drivers_injured, 0.0 drivers_killed, 0.0 passengers_injured, 0.0 passengers_killed, 0.0 pedestrian_injured, 0.0 pedestrian_killed, Fair (Day), EDSA (SB) after Estrella St. Makati",MMDA Road Safety Unit,,b48f9ff7-f9cd-44f1-a65c-dfda689b0a0a,2013-05-31,07:00:00,EDSA (SB) before Magallanes Interchange Makati,0,0,0,0,0,0,0,0,0,0,2013-05-31 15:00,Property,14.56019425,121.0409398,No Collision Stated
None,EDSA,None,None,"No Accident Factor, No Collision Stated (based on Police Blotter Book), 0.0 drivers_injured, 0.0 drivers_killed, 0.0 passengers_injured, 0.0 passengers_killed, 0.0 pedestrian_injured, 0.0 pedestrian_killed, Fair (Day), EDSA (SB) before Estrella St. Makati",MMDA Road Safety Unit,,12d8098b-ab45-49f3-b2b5-917f7806ef59,2013-05-31,02:40:00,EDSA (SB) fronting SOGO Hotel Bgy.Guadalupe Makati,0,0,0,0,0,0,0,0,0,0,2013-05-31 10:40,Property,14.55988482,121.0406786,No Collision Stated
None,EDSA,None,None,"No Accident Factor, No Collision Stated (based on Police Blotter Book), 0.0 drivers_injured, 0.0 drivers_killed, 0.0 passengers_injured, 0.0 passengers_killed, 0.0 pedestrian_injured, 0.0 pedestrian_killed, Fair (Day), EDSA (SB) San Lorenzo Drive Makati",MMDA Road Safety Unit,,fd51abfe-827d-4ee0-bd08-2e3cc1a3ecd7,2013-05-31,02:40:00,EDSA (SB) before Estrella St Makati,0,0,0,0,0,0,0,0,0,0,2013-05-31 10:40,Property,14.5422524,121.0195278,No Collision Stated
None,EDSA,None,None,"No Accident Factor, Side Swipe, 0.0 drivers_injured, 0.0 drivers_killed, 0.0 passengers_injured, 0.0 passengers_killed, 0.0 pedestrian_injured, 0.0 pedestrian_killed, Fair (Night), EDSA (SB) Palm Drive S/B Makati",MMDA Road Safety Unit,,a483db7d-bac0-4314-97d4-89f00ceca284,2013-05-30,11:00:00,"EDSA (SB) after Estrella St., Bgy. Bel-Air Makati",0,0,0,0,0,0,0,0,0,0,2013-05-30 19:00,Property,14.54848063,121.0270791,Side Swipe
None,EDSA,None,None,"No Accident Factor, No Collision Stated (based on Police Blotter Book), 0.0 drivers_injured, 0.0 drivers_killed, 0.0 passengers_injured, 0.0 passengers_killed, 0.0 pedestrian_injured, 0.0 pedestrian_killed, Fair (Day), EDSA (SB) Sen.Gil Puyat Ave. Bgy.Bel Air Makati",MMDA Road Safety Unit,,ac61e990-7286-4830-924b-0abd846a2300,2013-05-30,06:00:00,EDSA (SB) before Estrella St. Bgy.Guadalupe Viejo Makati,0,0,0,0,0,0,0,0,0,0,2013-05-30 14:00,Property,14.55496432,121.0348612,No Collision Stated
None,EDSA,None,None,"No Accident Factor, No Collision Stated (based on Police Blotter Book), 0.0 drivers_injured, 0.0 drivers_killed, 0.0 passengers_injured, 0.0 passengers_killed, 0.0 pedestrian_injured, 0.0 pedestrian_killed, Fair (Day), EDSA (SB) Ayala Ave. Bgy.Urdaneta Makati",MMDA Road Safety Unit,,57c4a22f-86fb-4e2c-ac9d-208215bd4ba3,2013-05-29,05:30:00,"EDSA (SB) Loading and Unloading Bay, Bgy.Magallanes Makati",0,0,0,0,0,0,0,0,0,0,2013-05-29 13:30,Property,14.55022912,121.0292348,No Collision Stated
None,EDSA,None,None,"No Accident Factor, Side Swipe, 0.0 drivers_injured, 0.0 drivers_killed, 0.0 passengers_injured, 0.0 passengers_killed, 0.0 pedestrian_injured, 0.0 pedestrian_killed, Fair (Day), EDSA (SB) before Magallanes Interchange Makati",MMDA Road Safety Unit,,4b6a9249-a61c-499d-b5e8-f7a0f47059fb,2013-05-27,23:45:00,EDSA (SB) Palm Drive Makati,0,0,0,0,0,0,0,0,0,0,2013-05-28 7:45,Property,14.54241081,121.0197643,Side Swipe
None,EDSA,None,None,"No Accident Factor, No Collision Stated (based on Police Blotter Book), 0.0 drivers_injured, 0.0 drivers_killed, 0.0 passengers_injured, 0.0 passengers_killed, 0.0 pedestrian_injured, 0.0 pedestrian_killed, Fair (Night), EDSA (SB) fronting Pioneer Bldg. Bgy.Guadalupe Viejo Makati",MMDA Road Safety Unit,,53f125b2-f5b8-4392-acee-77f8cb25b8bb,2013-05-25,14:00:00,EDSA (SB) before EDSA-Magallanes Interchange Makati,0,0,0,0,0,0,0,0,0,0,2013-05-25 22:00,Property,14.57065487,121.0466051,No Collision Stated
None,EDSA,None,None,"No Accident Factor, Rear-end, 0.0 drivers_injured, 0.0 drivers_killed, 0.0 passengers_injured, 0.0 passengers_killed, 0.0 pedestrian_injured, 0.0 pedestrian_killed, Fair (Day), EDSA (SB) before Buendia Ave. uturn slot Makati",MMDA Road Safety Unit,,2f1f5d9c-5ed0-42d4-816b-4e7f77c03d5c,2013-05-24,06:00:00,"EDSA (SB) before Sen. Gil Puyat Ave., Bgy. Bel-Air Makati",0,0,0,0,0,0,0,0,0,0,2013-05-24 14:00,Property,14.555472,121.035406,Rear-End
None,EDSA,None,None,"No Accident Factor, No Collision Stated (based on Police Blotter Book), 0.0 drivers_injured, 0.0 drivers_killed, 0.0 passengers_injured, 0.0 passengers_killed, 0.0 pedestrian_injured, 0.0 pedestrian_killed, Fair (Day), EDSA (SB) before EDSA-Magallanes Interchange Makati",MMDA Road Safety Unit,,ed92790d-6b46-4c09-b9d1-da96ad99ad9c,2013-05-24,02:30:00,"EDSA (SB) Sen. Gil Puyat Ave., Bgy. Bel-Air Makati",0,0,0,0,0,0,0,0,0,0,2013-05-24 10:30,Property,14.54231341,121.0196746,No Collision Stated