LOCATION_TEXT,ROAD,WEATHER,LIGHT,DESC,REPORTING_AGENCY,MAIN_CAUSE,INCIDENTDETAILS_ID,DATE_UTC,TIME_UTC,ADDRESS,killed_driver,killed_passenger,killed_pedestrian,injured_driver,injured_passenger,injured_pedestrian,killed_uncategorized,injured_uncategorized,killed_total,injured_total,DATETIME_PST,SEVERITY,Y,X,COLLISION_TYPE
None,EDSA,None,None,"No Accident Factor, No Collision Stated (based on Police Blotter Book), 0.0 drivers_injured, 0.0 drivers_killed, 0.0 passengers_injured, 0.0 passengers_killed, 0.0 pedestrian_injured, 0.0 pedestrian_killed, Fair (Day), EDSA (SB) San Lorenzo Drive Makati",MMDA Road Safety Unit,,d7d6ce44-7ba7-4446-8acf-63ed8e901149,2013-05-23,09:15:00,EDSA (SB) fronting Loyola Chapel Guadalupe Viejo Makati,0,0,0,0,0,0,0,0,0,0,2013-05-23 17:15,Property,14.5422524,121.0195278,No Collision Stated
None,EDSA,None,None,"No Accident Factor, Side Swipe, 0.0 drivers_injured, 0.0 drivers_killed, 0.0 passengers_injured, 0.0 passengers_killed, 0.0 pedestrian_injured, 0.0 pedestrian_killed, Fair (Night), EDSA (SB) before Magallanes Interchange Makati",MMDA Road Safety Unit,,73073eaa-bf7b-4131-ba2a-397fae58febf,2013-05-22,11:45:00,EDSA (SB) Buendia Ave. Makati,0,0,0,0,0,0,0,0,0,0,2013-05-22 19:45,Property,14.54241081,121.0197643,Side Swipe
None,EDSA,None,None,"No Accident Factor, Rear-end, 0.0 drivers_injured, 0.0 drivers_killed, 0.0 passengers_injured, 0.0 passengers_killed, 0.0 pedestrian_injured, 0.0 pedestrian_killed, Fair (Night), EDSA (SB) fronting SOGO Hotel Bgy.Guadalupe Makati",MMDA Road Safety Unit,,828bc077-7f56-4c7a-b28e-872670a78a32,2013-05-22,10:20:00,EDSA (SB) fronting Loyola Memorial Chapel Makati,0,0,0,0,0,0,0,0,0,0,2013-05-22 18:20,Property,14.56999938,121.0464567,Rear-End
None,EDSA,None,None,"No Accident Factor, Rear-end, 0.0 drivers_injured, 0.0 drivers_killed, 0.0 passengers_injured, 0.0 passengers_killed, 0.0 pedestrian_injured, 0.0 pedestrian_killed, Fair (Day), EDSA (SB) before Estrella St Makati",MMDA Road Safety Unit,,1fce1da2-2e8d-40e2-923a-c130fd907592,2013-05-21,05:30:00,"EDSA (SB) before Loyola, Bgy. Guadalupe Viejo Makati",0,0,0,0,0,0,0,0,0,0,2013-05-21 13:30,Property,14.55988482,121.0406786,Rear-End
None,EDSA,None,None,"No Accident Factor, No Collision Stated (based on Police Blotter Book), 0.0 drivers_injured, 0.0 drivers_killed, 0.0 passengers_injured, 0.0 passengers_killed, 0.0 pedestrian_injured, 0.0 pedestrian_killed, Fair (Day), EDSA (SB) after Estrella St., Bgy. Bel-Air Makati",MMDA Road Safety Unit,,ec604b82-9c0f-4d9b-80f9-fcd55cb0066a,2013-05-21,02:25:00,"EDSA (SB) Kalayaan u-turn slot, Bgy. Bel-Air Makati",0,0,0,0,0,0,0,0,0,0,2013-05-21 10:25,Property,14.56019425,121.0409398,No Collision Stated
None,EDSA,None,None,"No Accident Factor, No Collision Stated (based on Police Blotter Book), 0.0 drivers_injured, 0.0 drivers_killed, 0.0 passengers_injured, 0.0 passengers_killed, 0.0 pedestrian_injured, 0.0 pedestrian_killed, Fair (Day), EDSA (SB) before Estrella St. Bgy.Guadalupe Viejo Makati",MMDA Road Safety Unit,,7711b1a9-fc64-4544-8912-712df44569b7,2013-05-21,00:50:00,EDSA (SB) before Evangelista St. Makati,0,0,0,0,0,0,0,0,0,0,2013-05-21 8:50,Property,14.55988482,121.0406786,No Collision Stated
None,EDSA,None,None,"No Accident Factor, No Collision Stated (based on Police Blotter Book), 0.0 drivers_injured, 0.0 drivers_killed, 0.0 passengers_injured, 0.0 passengers_killed, 0.0 pedestrian_injured, 0.0 pedestrian_killed, Fair (Day), EDSA (SB) Loading and Unloading Bay, Bgy.Magallanes Makati",MMDA Road Safety Unit,,c2a151e5-2512-4d50-9d7d-79f0edf56bae,2013-05-20,22:30:00,"EDSA (SB) Loading Bay, Guadalupe Viejo Makati",0,0,0,0,0,0,0,0,0,0,2013-05-21 6:30,Property,14.54300082,121.0203803,No Collision Stated
None,EDSA,None,None,"No Accident Factor, Side Swipe, 0.0 drivers_injured, 0.0 drivers_killed, 0.0 passengers_injured, 0.0 passengers_killed, 0.0 pedestrian_injured, 0.0 pedestrian_killed, Fair (Day), EDSA (SB) Palm Drive Makati",MMDA Road Safety Unit,,363016d5-5770-4bec-87bf-456cc1124c96,2013-05-20,05:15:00,"EDSA (SB) Estrella St., Bgy. Bel-Air Makati",0,0,0,0,0,0,0,0,0,0,2013-05-20 13:15,Property,14.54848063,121.0270791,Side Swipe
None,EDSA,None,None,"No Accident Factor, No Collision Stated (based on Police Blotter Book), 0.0 drivers_injured, 0.0 drivers_killed, 0.0 passengers_injured, 0.0 passengers_killed, 0.0 pedestrian_injured, 0.0 pedestrian_killed, Fair (Day), EDSA (SB) before EDSA-Magallanes Interchange Makati",MMDA Road Safety Unit,,ccd1e336-5174-4631-a5c4-f5b8a2a0edc2,2013-05-19,08:00:00,EDSA (SB) before Sen. Gil Puyat Ave. Makati,0,0,0,0,0,0,0,0,0,0,2013-05-19 16:00,Property,14.54231341,121.0196746,No Collision Stated
None,EDSA,None,None,"No Accident Factor, No Collision Stated (based on Police Blotter Book), 0.0 drivers_injured, 0.0 drivers_killed, 0.0 passengers_injured, 0.0 passengers_killed, 0.0 pedestrian_injured, 0.0 pedestrian_killed, Fair (Night), EDSA (SB) before Sen. Gil Puyat Ave., Bgy. Bel-Air Makati",MMDA Road Safety Unit,,177359bd-db38-4c42-b63c-12b1993a5a81,2013-05-18,10:45:00,"EDSA (SB) before Sen. Gil Puyat Ave., Bgy. Guadalupe Viejo Makati",0,0,0,0,0,0,0,0,0,0,2013-05-18 18:45,Property,14.55551148,121.035243,No Collision Stated
None,EDSA,None,None,"No Accident Factor, Rear-end, 0.0 drivers_injured, 0.0 drivers_killed, 0.0 passengers_injured, 0.0 passengers_killed, 0.0 pedestrian_injured, 0.0 pedestrian_killed, Fair (Day), EDSA (SB) Sen. Gil Puyat Ave., Bgy. Bel-Air Makati",MMDA Road Safety Unit,,268f10a2-deff-4f8b-9087-d257492c5a78,2013-05-18,03:30:00,EDSA (SB) between Ayala Ave. & Buendia Ave. Makati,0,0,0,0,0,0,0,0,0,0,2013-05-18 11:30,Property,14.55496432,121.0348612,Rear-End
None,EDSA,None,None,"No Accident Factor, Rear-end, 0.0 drivers_injured, 0.0 drivers_killed, 0.0 passengers_injured, 0.0 passengers_killed, 0.0 pedestrian_injured, 0.0 pedestrian_killed, Fair (Day), EDSA (SB) fronting Loyola Chapel Guadalupe Viejo Makati",MMDA Road Safety Unit,,da4c2867-0be9-461c-a3ca-54a29b5d2492,2013-05-18,00:30:00,EDSA (SB) before Courtyard Drive Makati,0,0,0,0,0,0,0,0,0,0,2013-05-18 8:30,Property,14.56526983,121.0448719,Rear-End
None,EDSA,None,None,"No Accident Factor, No Collision Stated (based on Police Blotter Book), 0.0 drivers_injured, 0.0 drivers_killed, 0.0 passengers_injured, 0.0 passengers_killed, 0.0 pedestrian_injured, 0.0 pedestrian_killed, Fair (Night), EDSA (SB) Buendia Ave. Makati",MMDA Road Safety Unit,,fb11690e-c133-4038-b4e1-f1a0ed1e53bf,2013-05-13,14:15:00,EDSA (SB) Ayala Ave. Makati,0,0,0,0,0,0,0,0,0,0,2013-05-13 22:15,Property,14.55505269,121.034707,No Collision Stated
None,EDSA,None,None,"No Accident Factor, No Collision Stated (based on Police Blotter Book), 0.0 drivers_injured, 0.0 drivers_killed, 0.0 passengers_injured, 0.0 passengers_killed, 0.0 pedestrian_injured, 0.0 pedestrian_killed, Fair (Day), EDSA (SB) fronting Loyola Memorial Chapel Makati",MMDA Road Safety Unit,,005609db-4e8b-42d6-98e5-c7faaca78d39,2013-05-12,07:50:00,EDSA (SB) Magallanes Interchange Makati,0,0,0,0,0,0,0,0,0,0,2013-05-12 15:50,Property,14.56526983,121.0448719,No Collision Stated
None,EDSA,None,None,"No Accident Factor, No Collision Stated (based on Police Blotter Book), 0.0 drivers_injured, 0.0 drivers_killed, 0.0 passengers_injured, 0.0 passengers_killed, 0.0 pedestrian_injured, 0.0 pedestrian_killed, Fair (Night), EDSA (SB) before Loyola, Bgy. Guadalupe Viejo Makati",MMDA Road Safety Unit,,6e8c3121-929d-490e-8ad0-ea93a195bd41,2013-05-11,10:30:00,EDSA (SB) Estrella St. Makati,0,0,0,0,0,0,0,0,0,0,2013-05-11 18:30,Property,14.56543922,121.0449699,No Collision Stated
None,EDSA,None,None,"No Accident Factor, No Collision Stated (based on Police Blotter Book), 0.0 drivers_injured, 0.0 drivers_killed, 0.0 passengers_injured, 0.0 passengers_killed, 0.0 pedestrian_injured, 0.0 pedestrian_killed, Fair (Day), EDSA (SB) Kalayaan u-turn slot, Bgy. Bel-Air Makati",MMDA Road Safety Unit,,7f5028fa-54e2-4c30-b1bd-5d45ca5945e8,2013-05-10,02:30:00,EDSA (SB) Palm Drive Makati,0,0,0,0,0,0,0,0,0,0,2013-05-10 10:30,Property,14.55774691,121.0380708,No Collision Stated
None,EDSA,None,None,"No Accident Factor, No Collision Stated (based on Police Blotter Book), 0.0 drivers_injured, 0.0 drivers_killed, 0.0 passengers_injured, 0.0 passengers_killed, 0.0 pedestrian_injured, 0.0 pedestrian_killed, Fair (Day), EDSA (SB) before Evangelista St. Makati",MMDA Road Safety Unit,,2fcf6395-9bf1-4d44-a827-a9af62b3757f,2013-05-10,00:50:00,EDSA (SB) Estrella St. Makati,0,0,0,0,0,0,0,0,0,0,2013-05-10 8:50,Property,14.53904703,121.0123031,No Collision Stated
None,EDSA,None,None,"No Accident Factor, Side Swipe-Same Direction, 0.0 drivers_injured, 0.0 drivers_killed, 0.0 passengers_injured, 0.0 passengers_killed, 0.0 pedestrian_injured, 0.0 pedestrian_killed, Fair (Day), EDSA (SB) Loading Bay, Guadalupe Viejo Makati",MMDA Road Safety Unit,,f5b44e99-e54d-4f25-8f05-2c885004341e,2013-05-09,23:55:00,EDSA (SB) before Estrella St. Makati,0,0,0,0,0,0,0,0,0,0,2013-05-10 7:55,Property,14.56459428,121.0447183,Side Swipe
None,EDSA,None,None,"No Accident Factor, Rear-end, 0.0 drivers_injured, 0.0 drivers_killed, 0.0 passengers_injured, 0.0 passengers_killed, 0.0 pedestrian_injured, 0.0 pedestrian_killed, Fair (Day), EDSA (SB) Estrella St., Bgy. Bel-Air Makati",MMDA Road Safety Unit,,733998bd-334b-4667-b5c9-92d7fbd63a6b,2013-05-09,09:00:00,EDSA (SB) Buendia Ave. Makati,0,0,0,0,0,0,0,0,0,0,2013-05-09 17:00,Property,14.56002889,121.040751,Rear-End
None,EDSA,None,None,"No Accident Factor, No Collision Stated (based on Police Blotter Book), 0.0 drivers_injured, 0.0 drivers_killed, 0.0 passengers_injured, 0.0 passengers_killed, 0.0 pedestrian_injured, 0.0 pedestrian_killed, Fair (Day), EDSA (SB) before Sen. Gil Puyat Ave. Makati",MMDA Road Safety Unit,,1bbfc05a-13ea-4623-92f7-f49ed31c20a0,2013-05-09,07:00:00,EDSA (SB) Ayala Ave. Makati,0,0,0,0,0,0,0,0,0,0,2013-05-09 15:00,Property,14.55551148,121.035243,No Collision Stated
None,EDSA,None,None,"No Accident Factor, No Collision Stated (based on Police Blotter Book), 0.0 drivers_injured, 0.0 drivers_killed, 0.0 passengers_injured, 0.0 passengers_killed, 0.0 pedestrian_injured, 0.0 pedestrian_killed, Fair (Night), EDSA (SB) before Sen. Gil Puyat Ave., Bgy. Guadalupe Viejo Makati",MMDA Road Safety Unit,,52a93655-3491-4222-812c-bcb3124d7a27,2013-05-08,13:00:00,EDSA (SB) before Buendia Makati,0,0,0,0,0,0,0,0,0,0,2013-05-08 21:00,Property,14.55551148,121.035243,No Collision Stated
None,EDSA,None,None,"No Accident Factor, Angle Impact, 0.0 drivers_injured, 0.0 drivers_killed, 0.0 passengers_injured, 0.0 passengers_killed, 0.0 pedestrian_injured, 0.0 pedestrian_killed, Fair (Night), EDSA (SB) between Ayala Ave. & Buendia Ave. Makati",MMDA Road Safety Unit,,9fe3db81-fa1e-445b-bb80-41dcfe903ba7,2013-05-08,13:00:00,"EDSA (SB) Pet Bldg., after Guadalupe Viejo Makati",0,0,0,0,0,0,0,0,0,0,2013-05-08 21:00,Property,14.55382243,121.0334169,Angle Impact
None,EDSA,None,None,"No Accident Factor, No Collision Stated (based on Police Blotter Book), 0.0 drivers_injured, 0.0 drivers_killed, 0.0 passengers_injured, 0.0 passengers_killed, 0.0 pedestrian_injured, 0.0 pedestrian_killed, Fair (Day), EDSA (SB) before Courtyard Drive Makati",MMDA Road Safety Unit,,122730a2-3166-4f6d-ab0d-5536023cfc2c,2013-05-08,09:20:00,EDSA (SB) before Estrella St. Makati,0,0,0,0,0,0,0,0,0,0,2013-05-08 17:20,Property,14.54930782,121.028016,No Collision Stated
None,EDSA,None,None,"No Accident Factor, Side Swipe-Same Direction, 0.0 drivers_injured, 0.0 drivers_killed, 0.0 passengers_injured, 0.0 passengers_killed, 0.0 pedestrian_injured, 0.0 pedestrian_killed, Fair (Day), EDSA (SB) Ayala Ave. Makati",MMDA Road Safety Unit,,42fb8184-2e01-4ecc-a1a0-3b97a91764b2,2013-05-08,08:10:00,EDSA (SB) before Sen. Gil J. Puyat Ave. (Buendia Ave.) Makati,0,0,0,0,0,0,0,0,0,0,2013-05-08 16:10,Property,14.55022912,121.0292348,Side Swipe
None,EDSA,None,None,"No Accident Factor, Rear-end, 0.0 drivers_injured, 0.0 drivers_killed, 0.0 passengers_injured, 0.0 passengers_killed, 0.0 pedestrian_injured, 0.0 pedestrian_killed, Fair (Day), EDSA (SB) Magallanes Interchange Makati",MMDA Road Safety Unit,,0d0eddb4-1e7f-4968-916f-73b76fba0948,2013-05-07,08:20:00,EDSA (SB) before Magallanes Interchange Makati,0,0,0,0,0,0,0,0,0,0,2013-05-07 16:20,Property,14.54028633,121.0167655,Rear-End
None,EDSA,None,None,"No Accident Factor, No Collision Stated (based on Police Blotter Book), 0.0 drivers_injured, 0.0 drivers_killed, 0.0 passengers_injured, 0.0 passengers_killed, 0.0 pedestrian_injured, 0.0 pedestrian_killed, Fair (Day), EDSA (SB) Estrella St. Makati",MMDA Road Safety Unit,,4c662e84-19eb-4d27-ade7-0a5291f701ef,2013-05-07,00:30:00,EDSA (SB) before Magallanes Ave. Makati,0,0,0,0,0,0,0,0,0,0,2013-05-07 8:30,Property,14.56002889,121.040751,No Collision Stated
None,EDSA,None,None,"No Accident Factor, Angle Impact, 0.0 drivers_injured, 0.0 drivers_killed, 0.0 passengers_injured, 0.0 passengers_killed, 0.0 pedestrian_injured, 0.0 pedestrian_killed, Fair (Night), EDSA (SB) Palm Drive Makati",MMDA Road Safety Unit,,1f2f91fb-4625-4c74-a9c2-06559319141f,2013-05-05,12:30:00,EDSA (SB) fronting MMDA Office Makati,0,0,0,0,0,0,0,0,0,0,2013-05-05 20:30,Property,14.54848063,121.0270791,Angle Impact
None,EDSA,None,None,"No Accident Factor, No Collision Stated (based on Police Blotter Book), 0.0 drivers_injured, 0.0 drivers_killed, 0.0 passengers_injured, 0.0 passengers_killed, 0.0 pedestrian_injured, 0.0 pedestrian_killed, Fair (Night), EDSA (SB) Estrella St. Makati",MMDA Road Safety Unit,,7b01a787-5776-40e7-8b83-15e78a74e370,2013-05-04,14:55:00,EDSA (SB) Sen. Gil J. Puyat Ave. (Buendia Ave. Ext.) Makati,0,0,0,0,0,0,0,0,0,0,2013-05-04 22:55,Property,14.56002889,121.040751,No Collision Stated
None,EDSA,None,None,"No Accident Factor, Side Swipe, 0.0 drivers_injured, 0.0 drivers_killed, 0.0 passengers_injured, 0.0 passengers_killed, 0.0 pedestrian_injured, 0.0 pedestrian_killed, Fair (Night), EDSA (SB) before Estrella St. Makati",MMDA Road Safety Unit,,4ca34809-dcb8-4f69-8548-b68c39f1be48,2013-05-04,12:30:00,EDSA (SB) Ayala Loading Bay Makati,0,0,0,0,0,0,0,0,0,0,2013-05-04 20:30,Property,14.55988482,121.0406786,Side Swipe
None,EDSA,None,None,"No Accident Factor, Side Swipe, 0.0 drivers_injured, 0.0 drivers_killed, 2.0 passengers_injured, 0.0 passengers_killed, 0.0 pedestrian_injured, 0.0 pedestrian_killed, Fair (Night), EDSA (SB) Buendia Ave. Makati",MMDA Road Safety Unit,,dfd28cfd-4790-4fc1-9a6f-81a1a6a966dd,2013-05-04,11:10:00,EDSA (SB) Evangelista St. Makati,0,0,0,0,2,0,0,0,0,2,2013-05-04 19:10,Injury,14.55505269,121.034707,Side Swipe
None,EDSA,None,None,"No Accident Factor, No Collision Stated (based on Police Blotter Book), 1.0 drivers_injured, 0.0 drivers_killed, 0.0 passengers_injured, 0.0 passengers_killed, 0.0 pedestrian_injured, 0.0 pedestrian_killed, Fair (Day), EDSA (SB) Ayala Ave. Makati",MMDA Road Safety Unit,,f8f1d468-6551-4ec5-93a4-a9c2570cac3d,2013-05-03,22:00:00,EDSA (SB) Sen. Gil J. Puyat Ave. (Buendia Ave. Ext.) Makati,0,0,0,1,0,0,0,0,0,1,2013-05-04 6:00,Injury,14.55022912,121.0292348,No Collision Stated
None,EDSA,None,None,"No Accident Factor, No Collision Stated (based on Police Blotter Book), 0.0 drivers_injured, 0.0 drivers_killed, 0.0 passengers_injured, 0.0 passengers_killed, 0.0 pedestrian_injured, 0.0 pedestrian_killed, Fair (Night), EDSA (SB) before Buendia Makati",MMDA Road Safety Unit,,16607342-e62c-4ba4-80a4-e8d6729f0649,2013-05-03,11:15:00,EDSA (SB) Buendia Loading Bay Makati,0,0,0,0,0,0,0,0,0,0,2013-05-03 19:15,Property,14.555472,121.035406,No Collision Stated
None,EDSA,None,None,"No Accident Factor, Rear-end, 0.0 drivers_injured, 0.0 drivers_killed, 0.0 passengers_injured, 0.0 passengers_killed, 0.0 pedestrian_injured, 0.0 pedestrian_killed, Fair (Day), EDSA (SB) Pet Bldg., after Guadalupe Viejo Makati",MMDA Road Safety Unit,,c36f7253-0618-42d2-81b6-8af0e2e955e4,2013-05-02,00:50:00,EDSA (SB) before Magallanes Interchange Makati,0,0,0,0,0,0,0,0,0,0,2013-05-02 8:50,Property,14.56191915,121.0429118,Rear-End
None,EDSA,None,None,"No Accident Factor, No Collision Stated (based on Police Blotter Book), 0.0 drivers_injured, 0.0 drivers_killed, 0.0 passengers_injured, 0.0 passengers_killed, 0.0 pedestrian_injured, 0.0 pedestrian_killed, Fair (Night), EDSA (SB) before Estrella St. Makati",MMDA Road Safety Unit,,883b0467-5027-40d3-97df-ed1e1046eb5a,2013-04-30,11:30:00,"EDSA (SB) Ayala Ave., Bgy. Urdaneta Makati",0,0,0,0,0,0,0,0,0,0,2013-04-30 19:30,Property,14.55988482,121.0406786,No Collision Stated
None,EDSA,None,None,"No Accident Factor, No Collision Stated (based on Police Blotter Book), 0.0 drivers_injured, 0.0 drivers_killed, 0.0 passengers_injured, 0.0 passengers_killed, 0.0 pedestrian_injured, 0.0 pedestrian_killed, Fair (Day), EDSA (SB) before Sen. Gil J. Puyat Ave. (Buendia Ave.) Makati",MMDA Road Safety Unit,,a2b74ef2-3ef2-47e4-92f3-1b302e94acf1,2013-04-29,05:30:00,EDSA (SB) Estrella St. Makati,0,0,0,0,0,0,0,0,0,0,2013-04-29 13:30,Property,14.55551148,121.035243,No Collision Stated
None,EDSA,None,None,"No Accident Factor, Side Swipe, 0.0 drivers_injured, 0.0 drivers_killed, 0.0 passengers_injured, 0.0 passengers_killed, 0.0 pedestrian_injured, 0.0 pedestrian_killed, Fair (Night), EDSA (SB) before Magallanes Interchange Makati",MMDA Road Safety Unit,,642ae70e-3553-4e0f-b3ea-f5ee13872820,2013-04-28,10:00:00,EDSA (SB) Palm Drive Makati,0,0,0,0,0,0,0,0,0,0,2013-04-28 18:00,Property,14.54241081,121.0197643,Side Swipe
None,EDSA,None,None,"No Accident Factor, Rear-end, 0.0 drivers_injured, 0.0 drivers_killed, 0.0 passengers_injured, 0.0 passengers_killed, 0.0 pedestrian_injured, 0.0 pedestrian_killed, Fair (Day), EDSA (SB) before Magallanes Ave. Makati",MMDA Road Safety Unit,,bd5665d6-0c76-4be1-88eb-d8d05e61ab22,2013-04-27,05:00:00,EDSA (SB) Apolinario St. Bgy. Bangkal Makati,0,0,0,0,0,0,0,0,0,0,2013-04-27 13:00,Property,14.53961702,121.0143868,Rear-End
None,EDSA,None,None,"No Accident Factor, Side Swipe, 0.0 drivers_injured, 0.0 drivers_killed, 1.0 passengers_injured, 0.0 passengers_killed, 0.0 pedestrian_injured, 0.0 pedestrian_killed, Fair (Night), EDSA (SB) fronting MMDA Office Makati",MMDA Road Safety Unit,,dd531a4d-5d20-4f7a-9002-f5d89fa16555,2013-04-26,14:30:00,EDSA (SB) Ayala Loading Bay Makati,0,0,0,0,1,0,0,0,0,1,2013-04-26 22:30,Injury,14.56146059,121.0426875,Side Swipe
None,EDSA,None,None,"No Accident Factor, No Collision Stated (based on Police Blotter Book), 0.0 drivers_injured, 0.0 drivers_killed, 0.0 passengers_injured, 0.0 passengers_killed, 0.0 pedestrian_injured, 0.0 pedestrian_killed, Fair (Day), EDSA (SB) Sen. Gil J. Puyat Ave. (Buendia Ave. Ext.) Makati",MMDA Road Safety Unit,,d72ac1f2-1739-4d60-a565-1855c57bc8f3,2013-04-26,02:00:00,"EDSA (SB) Estrella St., Bgy. Guadalupe Viejo Makati",0,0,0,0,0,0,0,0,0,0,2013-04-26 10:00,Property,14.55496432,121.0348612,No Collision Stated
None,EDSA,None,None,"No Accident Factor, Side Swipe, 0.0 drivers_injured, 0.0 drivers_killed, 0.0 passengers_injured, 0.0 passengers_killed, 0.0 pedestrian_injured, 0.0 pedestrian_killed, Fair (Day), EDSA (SB) Ayala Loading Bay Makati",MMDA Road Safety Unit,,a78a90f6-f1fd-4d48-9374-8bc7c2ca1a63,2013-04-24,04:20:00,EDSA (SB) before Sen. Gil J. Puyat Ave. (Buendia Ave. Ext.) Makati,0,0,0,0,0,0,0,0,0,0,2013-04-24 12:20,Property,14.54886,121.0276063,Side Swipe
None,EDSA,None,None,"No Accident Factor, No Collision Stated (based on Police Blotter Book), 0.0 drivers_injured, 0.0 drivers_killed, 0.0 passengers_injured, 0.0 passengers_killed, 0.0 pedestrian_injured, 0.0 pedestrian_killed, Fair (Day), EDSA (SB) Evangelista St. Makati",MMDA Road Safety Unit,,917db8ac-5cca-43bb-a823-b6d8bd4234ec,2013-04-24,04:10:00,EDSA (SB) Estrella St. Makati,0,0,0,0,0,0,0,0,0,0,2013-04-24 12:10,Property,14.53903137,121.0123272,No Collision Stated
None,EDSA,None,None,"No Accident Factor, Side Swipe, 0.0 drivers_injured, 0.0 drivers_killed, 0.0 passengers_injured, 0.0 passengers_killed, 0.0 pedestrian_injured, 0.0 pedestrian_killed, Fair (Day), EDSA (SB) Sen. Gil J. Puyat Ave. (Buendia Ave. Ext.) Makati",MMDA Road Safety Unit,,8975d00e-298b-41ee-bb07-251ccfb3c5cf,2013-04-23,03:30:00,EDSA (SB) San Lorenzo Drive Makati,0,0,0,0,0,0,0,0,0,0,2013-04-23 11:30,Property,14.55496432,121.0348612,Side Swipe
None,EDSA,None,None,"No Accident Factor, Rear-end, 0.0 drivers_injured, 0.0 drivers_killed, 0.0 passengers_injured, 0.0 passengers_killed, 0.0 pedestrian_injured, 0.0 pedestrian_killed, Fair (Day), EDSA (SB) Buendia Loading Bay Makati",MMDA Road Safety Unit,,57ca6ee1-571a-423a-a4d2-34e551d7891b,2013-04-23,02:00:00,EDSA (SB) A. Arnaiz Ave. Brgy. San Lorenzo Makati,0,0,0,0,0,0,0,0,0,0,2013-04-23 10:00,Property,14.55400112,121.0336264,Rear-End
None,EDSA,None,None,"No Accident Factor, No Collision Stated (based on Police Blotter Book), 0.0 drivers_injured, 0.0 drivers_killed, 0.0 passengers_injured, 0.0 passengers_killed, 0.0 pedestrian_injured, 0.0 pedestrian_killed, Fair (Night), EDSA (SB) before Magallanes Interchange Makati",MMDA Road Safety Unit,,15db59f3-e8c0-4a39-a8b7-705cb5c42457,2013-04-22,11:30:00,EDSA (SB) Approaching Magallanes Interchange Makati,0,0,0,0,0,0,0,0,0,0,2013-04-22 19:30,Property,14.54241081,121.0197643,No Collision Stated
None,EDSA,None,None,"No Accident Factor, No Collision Stated (based on Police Blotter Book), 0.0 drivers_injured, 0.0 drivers_killed, 0.0 passengers_injured, 0.0 passengers_killed, 0.0 pedestrian_injured, 0.0 pedestrian_killed, Fair (Night), EDSA (SB) Ayala Ave., Bgy. Urdaneta Makati",MMDA Road Safety Unit,,1b563564-e140-4b6b-9129-f486816327fe,2013-04-22,10:30:00,EDSA (SB) Estrella St.   Makati,0,0,0,0,0,0,0,0,0,0,2013-04-22 18:30,Property,14.55041707,121.0293722,No Collision Stated
None,EDSA,None,None,"No Accident Factor, No Collision Stated (based on Police Blotter Book), 0.0 drivers_injured, 0.0 drivers_killed, 1.0 passengers_injured, 0.0 passengers_killed, 0.0 pedestrian_injured, 0.0 pedestrian_killed, Fair (Day), EDSA (SB) Estrella St. Makati",MMDA Road Safety Unit,,7529ca06-7342-4fbc-88c2-670b688a1951,2013-04-22,09:10:00,EDSA (SB) Approaching Ayala Ave. Brgy. Urdaneta  Makati,0,0,0,0,1,0,0,0,0,1,2013-04-22 17:10,Injury,14.56002889,121.040751,No Collision Stated
None,EDSA,None,None,"No Accident Factor, Side Swipe, 0.0 drivers_injured, 0.0 drivers_killed, 0.0 passengers_injured, 0.0 passengers_killed, 0.0 pedestrian_injured, 0.0 pedestrian_killed, Fair (Day), EDSA (SB) Palm Drive Makati",MMDA Road Safety Unit,,a603c8a5-fb0d-4282-a610-0796366c54d9,2013-04-22,03:10:00,EDSA (SB) Fronting Guadalupe MRT Station Makati,0,0,0,0,0,0,0,0,0,0,2013-04-22 11:10,Property,14.54848063,121.0270791,Side Swipe
None,EDSA,None,None,"No Accident Factor, No Collision Stated (based on Police Blotter Book), 0.0 drivers_injured, 0.0 drivers_killed, 0.0 passengers_injured, 0.0 passengers_killed, 0.0 pedestrian_injured, 0.0 pedestrian_killed, Fair (Day), EDSA (SB) Apolinario St. Bgy. Bangkal Makati",MMDA Road Safety Unit,,536f3cb6-73de-4648-99c7-c739e7729cb1,2013-04-22,02:00:00,EDSA (SB) Estrella St. & Buendia Ave. Makati,0,0,0,0,0,0,0,0,0,0,2013-04-22 10:00,Property,14.5394354,121.0136926,No Collision Stated
None,EDSA,None,None,"No Accident Factor, No Collision Stated (based on Police Blotter Book), 0.0 drivers_injured, 0.0 drivers_killed, 0.0 passengers_injured, 0.0 passengers_killed, 0.0 pedestrian_injured, 0.0 pedestrian_killed, Fair (Night), EDSA (SB) Ayala Loading Bay Makati",MMDA Road Safety Unit,,41d65fe5-b7b7-4a7d-acbc-3d5092bc588a,2013-04-20,13:00:00,EDSA (SB) Approaching Mantrade Makati,0,0,0,0,0,0,0,0,0,0,2013-04-20 21:00,Property,14.54886,121.0276063,No Collision Stated