LOCATION_TEXT,ROAD,WEATHER,LIGHT,DESC,REPORTING_AGENCY,MAIN_CAUSE,INCIDENTDETAILS_ID,DATE_UTC,TIME_UTC,ADDRESS,killed_driver,killed_passenger,killed_pedestrian,injured_driver,injured_passenger,injured_pedestrian,killed_uncategorized,injured_uncategorized,killed_total,injured_total,DATETIME_PST,SEVERITY,Y,X,COLLISION_TYPE
None,EDSA,None,None,"No Accident Factor, No Collision Stated (based on Police Blotter Book), 0.0 drivers_injured, 0.0 drivers_killed, 0.0 passengers_injured, 0.0 passengers_killed, 0.0 pedestrian_injured, 0.0 pedestrian_killed, Fair (Night), EDSA (SB) Estrella St., Bgy. Guadalupe Viejo Makati",MMDA Road Safety Unit,,a0266284-02ab-4e95-9d10-6bf8d124d383,2013-04-19,11:45:00,EDSA (SB) before Estrella St. Makati,0,0,0,0,0,0,0,0,0,0,2013-04-19 19:45,Property,14.56002889,121.040751,No Collision Stated
None,EDSA,None,None,"No Accident Factor, Side Swipe, 0.0 drivers_injured, 0.0 drivers_killed, 0.0 passengers_injured, 0.0 passengers_killed, 0.0 pedestrian_injured, 0.0 pedestrian_killed, Fair (Night), EDSA (SB) before Sen. Gil J. Puyat Ave. (Buendia Ave. Ext.) Makati",MMDA Road Safety Unit,,0402b278-448f-4b3a-8afc-bc6843a56fe7,2013-04-18,12:00:00,"EDSA (SB) before Sen. Gil J. Puyat Ave. (Buendia Ave. Ext.), Bgy. Urdaneta Makati",0,0,0,0,0,0,0,0,0,0,2013-04-18 20:00,Property,14.55551148,121.035243,Side Swipe
None,EDSA,None,None,"No Accident Factor, Side Swipe, 0.0 drivers_injured, 0.0 drivers_killed, 0.0 passengers_injured, 0.0 passengers_killed, 0.0 pedestrian_injured, 0.0 pedestrian_killed, Fair (Day), EDSA (SB) Estrella St. Makati",MMDA Road Safety Unit,,7b985d5b-7c84-4b45-9329-fe9fc4e49ebf,2013-04-18,08:25:00,EDSA (SB) Sen. Gil J. Puyat Ave. (Buendia Ave.) Bgy. Bel-Air Makati,0,0,0,0,0,0,0,0,0,0,2013-04-18 16:25,Property,14.56002889,121.040751,Side Swipe
None,EDSA,None,None,"No Accident Factor, Rear-end (Multiple), 0.0 drivers_injured, 0.0 drivers_killed, 0.0 passengers_injured, 0.0 passengers_killed, 0.0 pedestrian_injured, 0.0 pedestrian_killed, Fair (Night), EDSA (SB) San Lorenzo Drive Makati",MMDA Road Safety Unit,,3eca5fbe-df07-4f7a-975f-4e3a748a5bde,2013-04-17,15:45:00,EDSA (SB) after Sen. Gil J. Puyat Ave. (Buendia Ave. Ext.) Makati,0,0,0,0,0,0,0,0,0,0,2013-04-17 23:45,Property,14.5422524,121.0195278,Rear-End
None,EDSA,None,None,"No Accident Factor, No Collision Stated (based on Police Blotter Book), 0.0 drivers_injured, 0.0 drivers_killed, 2.0 passengers_injured, 0.0 passengers_killed, 0.0 pedestrian_injured, 0.0 pedestrian_killed, Fair (Night), EDSA (SB) A. Arnaiz Ave. Brgy. San Lorenzo Makati",MMDA Road Safety Unit,,7588944d-124e-49b8-9c2c-df94f0db4148,2013-04-16,14:45:00,EDSA (SB) fronting San Lorenzo Gate Makati,0,0,0,0,2,0,0,0,0,2,2013-04-16 22:45,Injury,14.54765031,121.0260523,No Collision Stated
None,EDSA,None,None,"No Accident Factor, No Collision Stated (based on Police Blotter Book), 0.0 drivers_injured, 0.0 drivers_killed, 1.0 passengers_injured, 0.0 passengers_killed, 0.0 pedestrian_injured, 0.0 pedestrian_killed, Fair (Day), EDSA (SB) Approaching Magallanes Interchange Makati",MMDA Road Safety Unit,,44d6bca2-05bc-4b15-af40-bd479bd0798d,2013-04-16,01:30:00,EDSA (SB) before Magallanes Interchange Makati,0,0,0,0,1,0,0,0,0,1,2013-04-16 9:30,Injury,14.54035889,121.0168007,No Collision Stated
None,EDSA,None,None,"No Accident Factor, No Collision Stated (based on Police Blotter Book), 0.0 drivers_injured, 0.0 drivers_killed, 0.0 passengers_injured, 0.0 passengers_killed, 0.0 pedestrian_injured, 0.0 pedestrian_killed, Fair (Day), EDSA (SB) Estrella St.   Makati",MMDA Road Safety Unit,,db05f551-52fc-4be0-a6b8-7088437e201f,2013-04-15,09:00:00,"EDSA (SB) Magallanes Intrechange, Bgy. Bangkal Makati",0,0,0,0,0,0,0,0,0,0,2013-04-15 17:00,Property,14.56002889,121.040751,No Collision Stated
None,EDSA,None,None,"No Accident Factor, No Collision Stated (based on Police Blotter Book), 0.0 drivers_injured, 0.0 drivers_killed, 0.0 passengers_injured, 0.0 passengers_killed, 0.0 pedestrian_injured, 0.0 pedestrian_killed, Fair (Night), EDSA (SB) Approaching Ayala Ave. Brgy. Urdaneta  Makati",MMDA Road Safety Unit,,d1096476-8d52-4b20-a994-12d35aa2d896,2013-04-13,16:30:00,"EDSA (SB) Magallanes Interchange (up-ramp), Bgy. Magallanes Makati",0,0,0,0,0,0,0,0,0,0,2013-04-14 0:30,Property,14.55028537,121.0293488,No Collision Stated
None,EDSA,None,None,"No Accident Factor, No Collision Stated (based on Police Blotter Book), 0.0 drivers_injured, 0.0 drivers_killed, 0.0 passengers_injured, 0.0 passengers_killed, 0.0 pedestrian_injured, 0.0 pedestrian_killed, Fair (Night), EDSA (SB) Fronting Guadalupe MRT Station Makati",MMDA Road Safety Unit,,ac4e6d64-0235-4db9-a520-f3c9632dd37e,2013-04-13,13:30:00,"EDSA (SB) before Estrella St., Bgy. Guadalupe Viejo Makati",0,0,0,0,0,0,0,0,0,0,2013-04-13 21:30,Property,14.56664839,121.04546,No Collision Stated
None,EDSA,None,None,"No Accident Factor, Rear-end, 0.0 drivers_injured, 0.0 drivers_killed, 0.0 passengers_injured, 0.0 passengers_killed, 0.0 pedestrian_injured, 0.0 pedestrian_killed, Fair (Day), EDSA (SB) Estrella St. & Buendia Ave. Makati",MMDA Road Safety Unit,,7926241b-2b64-4cb4-8b3f-6253815aa91e,2013-04-12,01:55:00,"EDSA (SB) before Sen. Gil J. Puyat Ave. (Buendia Ave. Ext.), Bgy. Guadalupe Viejo Makati",0,0,0,0,0,0,0,0,0,0,2013-04-12 9:55,Property,14.56002889,121.040751,Rear-End
None,EDSA,None,None,"No Accident Factor, No Collision Stated (based on Police Blotter Book), 0.0 drivers_injured, 0.0 drivers_killed, 0.0 passengers_injured, 0.0 passengers_killed, 0.0 pedestrian_injured, 0.0 pedestrian_killed, Fair (Night), EDSA (SB) Approaching Mantrade Makati",MMDA Road Safety Unit,,fd706d8b-78ce-435c-b39a-05c16e8adf94,2013-04-11,12:50:00,EDSA (SB) before Sen. Gil J. Puyat Ave. (Buendia Ave. Ext.) Makati,0,0,0,0,0,0,0,0,0,0,2013-04-11 20:50,Property,14.53941899,121.014514,No Collision Stated
None,EDSA,None,None,"No Accident Factor, Rear-end, 0.0 drivers_injured, 0.0 drivers_killed, 0.0 passengers_injured, 0.0 passengers_killed, 0.0 pedestrian_injured, 0.0 pedestrian_killed, Fair (Day), EDSA (SB) before Estrella St. Makati",MMDA Road Safety Unit,,997cb0f7-9609-477b-8c30-acfa0846a90b,2013-04-10,06:00:00,"EDSA (SB) Bernardino St., Bgy. Guadalupe Viejo Makati",0,0,0,0,0,0,0,0,0,0,2013-04-10 14:00,Property,14.55988482,121.0406786,Rear-End
None,EDSA,None,None,"No Accident Factor, Hit Object (Railings), 0.0 drivers_injured, 0.0 drivers_killed, 0.0 passengers_injured, 0.0 passengers_killed, 0.0 pedestrian_injured, 0.0 pedestrian_killed, Fair (Night), EDSA (SB) before Sen. Gil J. Puyat Ave. (Buendia Ave. Ext.), Bgy. Urdaneta Makati",MMDA Road Safety Unit,,706cca3f-3c22-47fd-998b-2a3f88e353b4,2013-04-09,21:20:00,"EDSA (SB) between A. Apolinario and Evangelista Sts., Bgy. Bangkal Makati",0,0,0,0,0,0,0,0,0,0,2013-04-10 5:20,Property,14.55551148,121.035243,Hit Object
None,EDSA,None,None,"No Accident Factor, No Collision Stated (based on Police Blotter Book), 0.0 drivers_injured, 0.0 drivers_killed, 0.0 passengers_injured, 0.0 passengers_killed, 0.0 pedestrian_injured, 0.0 pedestrian_killed, Fair (Day), EDSA (SB) Sen. Gil J. Puyat Ave. (Buendia Ave.) Bgy. Bel-Air Makati",MMDA Road Safety Unit,,0b3885ce-8209-4133-a180-d3fbd024a9e0,2013-04-08,06:20:00,"EDSA (SB) before Ayala Ave., Bgy. Urdaneta Makati",0,0,0,0,0,0,0,0,0,0,2013-04-08 14:20,Property,14.55496432,121.0348612,No Collision Stated
None,EDSA,None,None,"No Accident Factor, Side Swipe, 0.0 drivers_injured, 0.0 drivers_killed, 0.0 passengers_injured, 0.0 passengers_killed, 0.0 pedestrian_injured, 0.0 pedestrian_killed, Fair (Day), EDSA (SB) after Sen. Gil J. Puyat Ave. (Buendia Ave. Ext.) Makati",MMDA Road Safety Unit,,baf0ad46-7644-4951-bca3-9c7038f23559,2013-04-03,23:30:00,"EDSA (SB) M. Alamera and Evangelista Sts., Bgy. Bangkal Makati",0,0,0,0,0,0,0,0,0,0,2013-04-04 7:30,Property,14.5547747,121.0350593,Side Swipe
None,EDSA,None,None,"No Accident Factor, No Collision Stated (based on Police Blotter Book), 0.0 drivers_injured, 0.0 drivers_killed, 0.0 passengers_injured, 0.0 passengers_killed, 0.0 pedestrian_injured, 0.0 pedestrian_killed, Fair (Day), EDSA (SB) fronting San Lorenzo Gate Makati",MMDA Road Safety Unit,,776bcca1-9b7a-493d-8b66-0b3bd8694dca,2013-04-03,05:30:00,EDSA (SB) Estrella St. Makati,0,0,0,0,0,0,0,0,0,0,2013-04-03 13:30,Property,14.54225668,121.0194689,No Collision Stated
None,EDSA,None,None,"No Accident Factor, No Collision Stated (based on Police Blotter Book), 0.0 drivers_injured, 0.0 drivers_killed, 0.0 passengers_injured, 0.0 passengers_killed, 0.0 pedestrian_injured, 0.0 pedestrian_killed, Fair (Day), EDSA (SB) before Magallanes Interchange Makati",MMDA Road Safety Unit,,ece06855-a0b9-4f87-b409-80ffffe18713,2013-04-02,05:30:00,EDSA (SB) Estrella St. Makati,0,0,0,0,0,0,0,0,0,0,2013-04-02 13:30,Property,14.54241081,121.0197643,No Collision Stated
None,EDSA,None,None,"No Accident Factor, No Collision Stated (based on Police Blotter Book), 0.0 drivers_injured, 0.0 drivers_killed, 0.0 passengers_injured, 0.0 passengers_killed, 0.0 pedestrian_injured, 0.0 pedestrian_killed, Fair (Day), EDSA (SB) Magallanes Intrechange, Bgy. Bangkal Makati",MMDA Road Safety Unit,,af20b374-671e-4c36-8c3c-9b314097800e,2013-04-01,08:50:00,EDSA (SB) Loyola Makati,0,0,0,0,0,0,0,0,0,0,2013-04-01 16:50,Property,14.54028633,121.0167655,No Collision Stated
None,EDSA,None,None,"No Accident Factor, No Collision Stated (based on Police Blotter Book), 0.0 drivers_injured, 0.0 drivers_killed, 0.0 passengers_injured, 0.0 passengers_killed, 0.0 pedestrian_injured, 0.0 pedestrian_killed, Fair (Day), EDSA (SB) Magallanes Interchange (up-ramp), Bgy. Magallanes Makati",MMDA Road Safety Unit,,621823f6-44c6-4b82-8523-e5254315791c,2013-04-01,06:00:00,EDSA (SB) Palm Drive Makati,0,0,0,0,0,0,0,0,0,0,2013-04-01 14:00,Property,14.54028633,121.0167655,No Collision Stated
None,EDSA,None,None,"No Accident Factor, Rear-end (Multiple), 0.0 drivers_injured, 0.0 drivers_killed, 0.0 passengers_injured, 0.0 passengers_killed, 0.0 pedestrian_injured, 0.0 pedestrian_killed, Fair (Day), EDSA (SB) before Estrella St., Bgy. Guadalupe Viejo Makati",MMDA Road Safety Unit,,120b4a0d-31a3-4d13-9703-31f6776cbf6b,2013-03-29,02:15:00,EDSA (SB) A. Arnaiz Ave. Makati,0,0,0,0,0,0,0,0,0,0,2013-03-29 10:15,Property,14.55988482,121.0406786,Rear-End
None,EDSA,None,None,"No Accident Factor, No Collision Stated (based on Police Blotter Book), 0.0 drivers_injured, 0.0 drivers_killed, 0.0 passengers_injured, 0.0 passengers_killed, 0.0 pedestrian_injured, 0.0 pedestrian_killed, Fair (Night), EDSA (SB) before Sen. Gil J. Puyat Ave. (Buendia Ave. Ext.), Bgy. Guadalupe Viejo Makati",MMDA Road Safety Unit,,bed81bd0-8e1b-4313-b06c-893820e6317e,2013-03-26,20:35:00,EDSA (SB) Buendia Ave. Makati,0,0,0,0,0,0,0,0,0,0,2013-03-27 4:35,Property,14.55551148,121.035243,No Collision Stated
None,EDSA,None,None,"No Accident Factor, No Collision Stated (based on Police Blotter Book), 0.0 drivers_injured, 0.0 drivers_killed, 0.0 passengers_injured, 0.0 passengers_killed, 0.0 pedestrian_injured, 0.0 pedestrian_killed, Fair (Day), EDSA (SB) before Sen. Gil J. Puyat Ave. (Buendia Ave. Ext.) Makati",MMDA Road Safety Unit,,bb09d59b-c22c-490a-b286-06d35a171ae1,2013-03-26,06:30:00,EDSA (SB) Estrella St. Bgy.Guadalupe Viejo Makati,0,0,0,0,0,0,0,0,0,0,2013-03-26 14:30,Property,14.55551148,121.035243,No Collision Stated
None,EDSA,None,None,"No Accident Factor, Side Swipe, 0.0 drivers_injured, 0.0 drivers_killed, 0.0 passengers_injured, 0.0 passengers_killed, 0.0 pedestrian_injured, 0.0 pedestrian_killed, Fair (Day), EDSA (SB) Bernardino St., Bgy. Guadalupe Viejo Makati",MMDA Road Safety Unit,,c8fa5fc5-875c-4ede-9510-f2b23e6ca2cb,2013-03-26,04:05:00,EDSA (SB) after Estrella St. Makati,0,0,0,0,0,0,0,0,0,0,2013-03-26 12:05,Property,14.5656985,121.0450952,Side Swipe
None,EDSA,None,None,"No Accident Factor, Side Swipe, 0.0 drivers_injured, 0.0 drivers_killed, 0.0 passengers_injured, 0.0 passengers_killed, 0.0 pedestrian_injured, 0.0 pedestrian_killed, Fair (Day), EDSA (SB) between A. Apolinario and Evangelista Sts., Bgy. Bangkal Makati",MMDA Road Safety Unit,,c7858509-3aca-4f7b-924c-0fd574459904,2013-03-26,03:40:00,EDSA (SB) EDSA/Magallanes Up Ramp Bgy.San Lorenzo Makati,0,0,0,0,0,0,0,0,0,0,2013-03-26 11:40,Property,14.53926123,121.0129831,Side Swipe
None,EDSA,None,None,"No Accident Factor, Side Swipe, 0.0 drivers_injured, 0.0 drivers_killed, 0.0 passengers_injured, 0.0 passengers_killed, 0.0 pedestrian_injured, 0.0 pedestrian_killed, Fair (Day), EDSA (SB) before Ayala Ave., Bgy. Urdaneta Makati",MMDA Road Safety Unit,,f66841e0-3189-47a9-a2fd-e42cefdedf39,2013-03-26,01:00:00,EDSA (SB) fronting Estrella Loading bay Bgy.Guadalupe Viejo Makati,0,0,0,0,0,0,0,0,0,0,2013-03-26 9:00,Property,14.55012399,121.0292078,Side Swipe
None,EDSA,None,None,"No Accident Factor, No Collision Stated (based on Police Blotter Book), 0.0 drivers_injured, 0.0 drivers_killed, 0.0 passengers_injured, 0.0 passengers_killed, 0.0 pedestrian_injured, 0.0 pedestrian_killed, Fair (Day), EDSA (SB) M. Alamera and Evangelista Sts., Bgy. Bangkal Makati",MMDA Road Safety Unit,,19d11923-f405-48de-97e0-d575bf2d85eb,2013-03-25,23:45:00,EDSA (SB) Palm Drive Makati,0,0,0,0,0,0,0,0,0,0,2013-03-26 7:45,Property,14.53914266,121.0123022,No Collision Stated
None,EDSA,None,None,"No Accident Factor, Side Swipe, 0.0 drivers_injured, 0.0 drivers_killed, 0.0 passengers_injured, 0.0 passengers_killed, 0.0 pedestrian_injured, 0.0 pedestrian_killed, Fair (Day), EDSA (SB) Estrella St. Makati",MMDA Road Safety Unit,,1be2fc0c-3713-48d9-90dc-e732cb5decea,2013-03-25,00:00:00,EDSA (SB) between Estrella St. and Buendia Ave. Makati,0,0,0,0,0,0,0,0,0,0,2013-03-25 8:00,Property,14.56002889,121.040751,Side Swipe
None,EDSA,None,None,"No Accident Factor, Side Swipe, 0.0 drivers_injured, 0.0 drivers_killed, 0.0 passengers_injured, 0.0 passengers_killed, 0.0 pedestrian_injured, 0.0 pedestrian_killed, Fair (Night), EDSA (SB) Estrella St. Makati",MMDA Road Safety Unit,,505c149f-3750-4572-9550-c364291b2155,2013-03-23,14:30:00,EDSA (SB) near Gil Puyat Ave. Bgy.Bel-Air Makati,0,0,0,0,0,0,0,0,0,0,2013-03-23 22:30,Property,14.56002889,121.040751,Side Swipe
None,EDSA,None,None,"No Accident Factor, No Collision Stated (based on Police Blotter Book), 0.0 drivers_injured, 0.0 drivers_killed, 0.0 passengers_injured, 0.0 passengers_killed, 0.0 pedestrian_injured, 0.0 pedestrian_killed, Fair (Day), EDSA (SB) Loyola Makati",MMDA Road Safety Unit,,f5fcb83d-6a14-48f6-96f5-3e199af0dedc,2013-03-23,07:20:00,EDSA (SB) On Ramp Magallanes Interchange Bgy.Magallanes Makati,0,0,0,0,0,0,0,0,0,0,2013-03-23 15:20,Property,14.5653264,121.0449169,No Collision Stated
None,EDSA,None,None,"No Accident Factor, Side Swipe, 0.0 drivers_injured, 0.0 drivers_killed, 0.0 passengers_injured, 0.0 passengers_killed, 0.0 pedestrian_injured, 0.0 pedestrian_killed, Fair (Day), EDSA (SB) Palm Drive Makati",MMDA Road Safety Unit,,295f5772-dd69-48f2-9b5c-0a7bbc9dcfd4,2013-03-23,06:20:00,EDSA (SB) between Gil Puyat Ave. and Ayala Ave. Bgy.Urdaneta Makati,0,0,0,0,0,0,0,0,0,0,2013-03-23 14:20,Property,14.54848063,121.0270791,Side Swipe
None,EDSA,None,None,"No Accident Factor, Rear-end, 0.0 drivers_injured, 0.0 drivers_killed, 0.0 passengers_injured, 0.0 passengers_killed, 0.0 pedestrian_injured, 0.0 pedestrian_killed, Fair (Day), EDSA (SB) A. Arnaiz Ave. Makati",MMDA Road Safety Unit,,d2325744-1616-4db1-bf74-c3d397d0471a,2013-03-23,04:05:00,EDSA (SB) Estrella St. Bgy.Guadalupe Viejo Makati,0,0,0,0,0,0,0,0,0,0,2013-03-23 12:05,Property,14.54765031,121.0260523,Rear-End
None,EDSA,None,None,"No Accident Factor, No Collision Stated (based on Police Blotter Book), 0.0 drivers_injured, 0.0 drivers_killed, 0.0 passengers_injured, 0.0 passengers_killed, 0.0 pedestrian_injured, 0.0 pedestrian_killed, Fair (Day), EDSA (SB) Buendia Ave. Makati",MMDA Road Safety Unit,,f481e8d4-c1fe-4ff6-aa4f-5a23ae01e094,2013-03-23,01:30:00,EDSA (SB) Buendia loading/Unloading Bay Makati,0,0,0,0,0,0,0,0,0,0,2013-03-23 9:30,Property,14.55505269,121.034707,No Collision Stated
None,EDSA,None,None,"No Accident Factor, No Collision Stated (based on Police Blotter Book), 0.0 drivers_injured, 0.0 drivers_killed, 0.0 passengers_injured, 0.0 passengers_killed, 0.0 pedestrian_injured, 0.0 pedestrian_killed, Fair (Night), EDSA (SB) Estrella St. Bgy.Guadalupe Viejo Makati",MMDA Road Safety Unit,,faeb2f52-f15d-4f13-a0e3-f3209776acad,2013-03-22,21:50:00,EDSA (SB) Gil Puyat Ave. Makati,0,0,0,0,0,0,0,0,0,0,2013-03-23 5:50,Property,14.56002889,121.040751,No Collision Stated
None,EDSA,None,None,"No Accident Factor, No Collision Stated (based on Police Blotter Book), 0.0 drivers_injured, 0.0 drivers_killed, 0.0 passengers_injured, 0.0 passengers_killed, 0.0 pedestrian_injured, 0.0 pedestrian_killed, Fair (Night), EDSA (SB) after Estrella St. Makati",MMDA Road Safety Unit,,06710b03-c841-41e6-9286-fb7aaf48e276,2013-03-22,16:00:00,EDSA (SB) Estrella St. Bgy.Bel-Air Makati,0,0,0,0,0,0,0,0,0,0,2013-03-23,Property,14.56019425,121.0409398,No Collision Stated
None,EDSA,None,None,"No Accident Factor, No Collision Stated (based on Police Blotter Book), 0.0 drivers_injured, 0.0 drivers_killed, 0.0 passengers_injured, 0.0 passengers_killed, 0.0 pedestrian_injured, 0.0 pedestrian_killed, Fair (Night), EDSA (SB) EDSA/Magallanes Up Ramp Bgy.San Lorenzo Makati",MMDA Road Safety Unit,,ecc09c91-efc5-4ad2-b2e6-0d249b47f64b,2013-03-22,12:00:00,EDSA (SB) before Estrella St. Makati,0,0,0,0,0,0,0,0,0,0,2013-03-22 20:00,Property,14.54189163,121.0189959,No Collision Stated
None,EDSA,None,None,"No Accident Factor, Side Swipe, 0.0 drivers_injured, 0.0 drivers_killed, 0.0 passengers_injured, 0.0 passengers_killed, 0.0 pedestrian_injured, 0.0 pedestrian_killed, Fair (Day), EDSA (SB) fronting Estrella Loading bay Bgy.Guadalupe Viejo Makati",MMDA Road Safety Unit,,78d1057c-7b69-4b08-bb14-46dd95d605c7,2013-03-22,02:55:00,"EDSA (SB) in-between Estrella St. and Sen. Gil J. Puyat Ave. (Buendia Ave. Ext.), Bgy. Bel-Air Makati",0,0,0,0,0,0,0,0,0,0,2013-03-22 10:55,Property,14.56066904,121.0415309,Side Swipe
None,EDSA,None,None,"No Accident Factor, Side Swipe, 0.0 drivers_injured, 0.0 drivers_killed, 0.0 passengers_injured, 0.0 passengers_killed, 0.0 pedestrian_injured, 0.0 pedestrian_killed, Fair (Night), EDSA (SB) Palm Drive Makati",MMDA Road Safety Unit,,a81656ad-8886-4d54-a601-6fcdc73bc3ab,2013-03-21,11:55:00,EDSA (SB) MRT-Magallanes Station Makati,0,0,0,0,0,0,0,0,0,0,2013-03-21 19:55,Property,14.54848063,121.0270791,Side Swipe
None,EDSA,None,None,"No Accident Factor, Side Swipe, 0.0 drivers_injured, 0.0 drivers_killed, 0.0 passengers_injured, 0.0 passengers_killed, 0.0 pedestrian_injured, 0.0 pedestrian_killed, Fair (Day), EDSA (SB) between Estrella St. and Buendia Ave. Makati",MMDA Road Safety Unit,,b09d73a0-a6de-4930-8d3e-f50cb9874f36,2013-03-21,03:00:00,EDSA (SB) before Magallanes Interchange Makati,0,0,0,0,0,0,0,0,0,0,2013-03-21 11:00,Property,14.55575407,121.0356582,Side Swipe
None,EDSA,None,None,"No Accident Factor, No Collision Stated (based on Police Blotter Book), 0.0 drivers_injured, 0.0 drivers_killed, 0.0 passengers_injured, 0.0 passengers_killed, 0.0 pedestrian_injured, 0.0 pedestrian_killed, Fair (Night), EDSA (SB) near Gil Puyat Ave. Bgy.Bel-Air Makati",MMDA Road Safety Unit,,581c1768-5b14-4923-b8f3-353f53f354db,2013-03-20,12:15:00,EDSA (SB) before Magallanes Interchange Makati,0,0,0,0,0,0,0,0,0,0,2013-03-20 20:15,Property,14.55535721,121.0353794,No Collision Stated
None,EDSA,None,None,"No Accident Factor, Side Swipe, 0.0 drivers_injured, 0.0 drivers_killed, 0.0 passengers_injured, 0.0 passengers_killed, 0.0 pedestrian_injured, 0.0 pedestrian_killed, Fair (Day), EDSA (SB) On Ramp Magallanes Interchange Bgy.Magallanes Makati",MMDA Road Safety Unit,,bcab4fba-382c-4f11-a3d9-d3d95f0fec21,2013-03-20,03:00:00,"EDSA (SB) Magallanes Interchange, Bgy. San Lorenzo Makati",0,0,0,0,0,0,0,0,0,0,2013-03-20 11:00,Property,14.54131542,121.0182905,Side Swipe
None,EDSA,None,None,"No Accident Factor, No Collision Stated (based on Police Blotter Book), 0.0 drivers_injured, 0.0 drivers_killed, 0.0 passengers_injured, 0.0 passengers_killed, 0.0 pedestrian_injured, 0.0 pedestrian_killed, Fair (Day), EDSA (SB) between Gil Puyat Ave. and Ayala Ave. Bgy.Urdaneta Makati",MMDA Road Safety Unit,,86984037-b5ef-4aea-b93c-59521e1b824e,2013-03-18,00:30:00,"EDSA (SB) in-between Sen. Gil J. Puyat Ave. (Buendia Ave. Ext.) and Ayala Ave., Bgy. Urdaneta Makati",0,0,0,0,0,0,0,0,0,0,2013-03-18 8:30,Property,14.55393417,121.0335279,No Collision Stated
None,EDSA,None,None,"No Accident Factor, No Collision Stated (based on Police Blotter Book), 0.0 drivers_injured, 0.0 drivers_killed, 0.0 passengers_injured, 0.0 passengers_killed, 0.0 pedestrian_injured, 0.0 pedestrian_killed, Fair (Day), EDSA (SB) Estrella St. Bgy.Guadalupe Viejo Makati",MMDA Road Safety Unit,,30d337b5-f5b9-434e-8d40-31d0f1c50caa,2013-03-16,08:30:00,"EDSA (SB) Estrella St., Bgy. Guadalupe Viejo Makati",0,0,0,0,0,0,0,0,0,0,2013-03-16 16:30,Property,14.56002889,121.040751,No Collision Stated
None,EDSA,None,None,"No Accident Factor, Rear-end, 0.0 drivers_injured, 0.0 drivers_killed, 0.0 passengers_injured, 0.0 passengers_killed, 0.0 pedestrian_injured, 0.0 pedestrian_killed, Fair (Day), EDSA (SB) Buendia loading/Unloading Bay Makati",MMDA Road Safety Unit,,684dee1e-449e-4acb-bcdb-47990fef39e4,2013-03-15,07:00:00,EDSA (SB) fronting Magallanes Interchange Makati,0,0,0,0,0,0,0,0,0,0,2013-03-15 15:00,Property,14.55400112,121.0336264,Rear-End
None,EDSA,None,None,"No Accident Factor, No Collision Stated (based on Police Blotter Book), 0.0 drivers_injured, 0.0 drivers_killed, 0.0 passengers_injured, 0.0 passengers_killed, 0.0 pedestrian_injured, 0.0 pedestrian_killed, Fair (Day), EDSA (SB) Gil Puyat Ave. Makati",MMDA Road Safety Unit,,a8f50ea5-2135-42cf-9eff-006d62bce51a,2013-03-15,02:45:00,EDSA (SB) Sen. Gil J. Puyat Ave. (Buendia Ave. Ext.) Makati,0,0,0,0,0,0,0,0,0,0,2013-03-15 10:45,Property,14.55512606,121.0349028,No Collision Stated
None,EDSA,None,None,"No Accident Factor, No Collision Stated (based on Police Blotter Book), 0.0 drivers_injured, 0.0 drivers_killed, 0.0 passengers_injured, 0.0 passengers_killed, 0.0 pedestrian_injured, 0.0 pedestrian_killed, Fair (Night), EDSA (SB) Estrella St. Bgy.Bel-Air Makati",MMDA Road Safety Unit,,f0de2058-c5f5-4462-bdcd-9f7f8e67acfb,2013-03-14,11:45:00,"EDSA (SB) after Estrella St., Bgy. Bel-Air Makati",0,0,0,0,0,0,0,0,0,0,2013-03-14 19:45,Property,14.56002889,121.040751,No Collision Stated
None,EDSA,None,None,"No Accident Factor, Side Swipe, 0.0 drivers_injured, 0.0 drivers_killed, 0.0 passengers_injured, 0.0 passengers_killed, 0.0 pedestrian_injured, 0.0 pedestrian_killed, Fair (Day), EDSA (SB) before Estrella St. Makati",MMDA Road Safety Unit,,d1ba586e-693e-4fe5-904d-5423d527e439,2013-03-13,07:30:00,"EDSA (SB) Loading and Unloading Bay, Buendia Makati",0,0,0,0,0,0,0,0,0,0,2013-03-13 15:30,Property,14.55988482,121.0406786,Side Swipe
None,EDSA,None,None,"No Accident Factor, Hit and Run (No Collision Stated), 0.0 drivers_injured, 0.0 drivers_killed, 0.0 passengers_injured, 0.0 passengers_killed, 0.0 pedestrian_injured, 0.0 pedestrian_killed, Fair (Night), EDSA (SB) in-between Estrella St. and Sen. Gil J. Puyat Ave. (Buendia Ave. Ext.), Bgy. Bel-Air Makati",MMDA Road Safety Unit,,48d18d8b-6ff8-41c1-9570-06d74f5aced7,2013-03-12,10:45:00,EDSA (SB) before Ayala Ave. Makati,0,0,0,0,0,0,0,0,0,0,2013-03-12 18:45,Property,14.55534925,121.0352862,No Collision Stated
None,EDSA,None,None,"No Accident Factor, No Collision Stated (based on Police Blotter Book), 0.0 drivers_injured, 0.0 drivers_killed, 0.0 passengers_injured, 0.0 passengers_killed, 0.0 pedestrian_injured, 0.0 pedestrian_killed, Fair (Night), EDSA (SB) MRT-Magallanes Station Makati",MMDA Road Safety Unit,,cdc608ed-5ff8-47da-a29a-6474d847245b,2013-03-11,10:00:00,EDSA (SB) Ayala Ave. Makati,0,0,0,0,0,0,0,0,0,0,2013-03-11 18:00,Property,14.54205011,121.0196401,No Collision Stated