LOCATION_TEXT,ROAD,WEATHER,LIGHT,DESC,REPORTING_AGENCY,MAIN_CAUSE,INCIDENTDETAILS_ID,DATE_UTC,TIME_UTC,ADDRESS,killed_driver,killed_passenger,killed_pedestrian,injured_driver,injured_passenger,injured_pedestrian,killed_uncategorized,injured_uncategorized,killed_total,injured_total,DATETIME_PST,SEVERITY,Y,X,COLLISION_TYPE
None,EDSA,None,None,"No Accident Factor, Side Swipe, 0.0 drivers_injured, 0.0 drivers_killed, 0.0 passengers_injured, 0.0 passengers_killed, 0.0 pedestrian_injured, 0.0 pedestrian_killed, Fair (Day), EDSA (SB) before Magallanes Interchange Makati",MMDA Road Safety Unit,,03b9d923-1c37-4de1-a80d-a5a45149cfee,2013-03-11,03:00:00,"EDSA (SB) before Magallanes Interchange, Bgy. San Lorenzo Makati",0,0,0,0,0,0,0,0,0,0,2013-03-11 11:00,Property,14.54241081,121.0197643,Side Swipe
None,EDSA,None,None,"No Accident Factor, Side Swipe, 0.0 drivers_injured, 0.0 drivers_killed, 0.0 passengers_injured, 0.0 passengers_killed, 0.0 pedestrian_injured, 0.0 pedestrian_killed, Fair (Day), EDSA (SB) before Magallanes Interchange Makati",MMDA Road Safety Unit,,a15152eb-f87a-437e-bb59-9300c6021c3a,2013-03-09,06:00:00,"EDSA (SB) before Ayala Ave., Bgy. Urdaneta Makati",0,0,0,0,0,0,0,0,0,0,2013-03-09 14:00,Property,14.54241081,121.0197643,Side Swipe
None,EDSA,None,None,"No Accident Factor, Rear-end (Multiple), 0.0 drivers_injured, 0.0 drivers_killed, 0.0 passengers_injured, 0.0 passengers_killed, 0.0 pedestrian_injured, 0.0 pedestrian_killed, Fair (Night), EDSA (SB) Magallanes Interchange, Bgy. San Lorenzo Makati",MMDA Road Safety Unit,,fbc32d4c-85c9-4b14-8ca6-849ab48e3f11,2013-03-08,19:15:00,"EDSA (SB) before Sen. Gil J. Puyat Ave. (Buendia Ave. Ext.), Bgy. Bel-Air Makati",0,0,0,0,0,0,0,0,0,0,2013-03-09 3:15,Property,14.54028633,121.0167655,Rear-End
None,EDSA,None,None,"No Accident Factor, Rear-end, 0.0 drivers_injured, 0.0 drivers_killed, 0.0 passengers_injured, 0.0 passengers_killed, 0.0 pedestrian_injured, 0.0 pedestrian_killed, Fair (Day), EDSA (SB) in-between Sen. Gil J. Puyat Ave. (Buendia Ave. Ext.) and Ayala Ave., Bgy. Urdaneta Makati",MMDA Road Safety Unit,,3508464a-8b97-47cb-9110-98ebfaad9dae,2013-03-08,07:20:00,EDSA (SB) before Sen. Gil J. Puyat Ave. (Buendia Ave. Ext.) Makati,0,0,0,0,0,0,0,0,0,0,2013-03-08 15:20,Property,14.5537507,121.0334175,Rear-End
None,EDSA,None,None,"No Accident Factor, No Collision Stated (based on Police Blotter Book), 0.0 drivers_injured, 0.0 drivers_killed, 0.0 passengers_injured, 0.0 passengers_killed, 0.0 pedestrian_injured, 0.0 pedestrian_killed, Fair (Day), EDSA (SB) Estrella St., Bgy. Guadalupe Viejo Makati",MMDA Road Safety Unit,,87e54773-1cb6-4bc8-86be-d5985f5339d6,2013-03-08,01:00:00,EDSA (SB) before Sen. Gil J. Puyat Ave. (Buendia Ave. Ext.) Makati,0,0,0,0,0,0,0,0,0,0,2013-03-08 9:00,Property,14.56002889,121.040751,No Collision Stated
None,EDSA,None,None,"No Accident Factor, No Collision Stated (based on Police Blotter Book), 0.0 drivers_injured, 0.0 drivers_killed, 0.0 passengers_injured, 0.0 passengers_killed, 0.0 pedestrian_injured, 0.0 pedestrian_killed, Fair (Day), EDSA (SB) fronting Magallanes Interchange Makati",MMDA Road Safety Unit,,e3e4e7f0-56af-4986-99c5-09e43189f0ed,2013-03-06,06:15:00,"EDSA (SB) Estrella St., Bgy. Bel-Air Makati",0,0,0,0,0,0,0,0,0,0,2013-03-06 14:15,Property,14.54046305,121.0167882,No Collision Stated
None,EDSA,None,None,"No Accident Factor, No Collision Stated (based on Police Blotter Book), 0.0 drivers_injured, 0.0 drivers_killed, 0.0 passengers_injured, 0.0 passengers_killed, 0.0 pedestrian_injured, 0.0 pedestrian_killed, Fair (Night), EDSA (SB) Sen. Gil J. Puyat Ave. (Buendia Ave. Ext.) Makati",MMDA Road Safety Unit,,231da443-608b-41cc-83a8-ee573470536e,2013-03-05,10:15:00,"EDSA (SB) before Estrella St., Bgy. Guadalupe Viejo Makati",0,0,0,0,0,0,0,0,0,0,2013-03-05 18:15,Property,14.55496432,121.0348612,No Collision Stated
None,EDSA,None,None,"No Accident Factor, No Collision Stated (based on Police Blotter Book), 0.0 drivers_injured, 0.0 drivers_killed, 0.0 passengers_injured, 0.0 passengers_killed, 0.0 pedestrian_injured, 0.0 pedestrian_killed, Fair (Day), EDSA (SB) after Estrella St., Bgy. Bel-Air Makati",MMDA Road Safety Unit,,5fc8c8ce-915b-4889-908e-a1e3fdd0e753,2013-03-05,09:00:00,"EDSA (SB) before Evangelista St., Bgy. Bangkal Makati",0,0,0,0,0,0,0,0,0,0,2013-03-05 17:00,Property,14.56019425,121.0409398,No Collision Stated
None,EDSA,None,None,"No Accident Factor, Rear-end (Multiple), 0.0 drivers_injured, 0.0 drivers_killed, 0.0 passengers_injured, 0.0 passengers_killed, 0.0 pedestrian_injured, 0.0 pedestrian_killed, Fair (Day), EDSA (SB) Loading and Unloading Bay, Buendia Makati",MMDA Road Safety Unit,,a9daf712-807d-44ab-b05f-ae73db1aa722,2013-03-05,02:05:00,EDSA (SB) before MRT-Magallanes Station Makati,0,0,0,0,0,0,0,0,0,0,2013-03-05 10:05,Property,14.55380771,121.0333728,Rear-End
None,EDSA,None,None,"No Accident Factor, No Collision Stated (based on Police Blotter Book), 0.0 drivers_injured, 0.0 drivers_killed, 0.0 passengers_injured, 0.0 passengers_killed, 0.0 pedestrian_injured, 0.0 pedestrian_killed, Fair (Day), EDSA (SB) before Ayala Ave. Makati",MMDA Road Safety Unit,,8b9afeb0-11db-476a-828d-ce75fc5e2a91,2013-03-01,01:40:00,EDSA (SB) fronting San Carlos Seminary Makati,0,0,0,0,0,0,0,0,0,0,2013-03-01 9:40,Property,14.55063226,121.0295437,No Collision Stated
None,EDSA,None,None,"No Accident Factor, No Collision Stated (based on Police Blotter Book), 0.0 drivers_injured, 0.0 drivers_killed, 0.0 passengers_injured, 0.0 passengers_killed, 0.0 pedestrian_injured, 0.0 pedestrian_killed, Fair (Day), EDSA (SB) Ayala Ave. Makati",MMDA Road Safety Unit,,4b2f2403-4c78-492b-82f8-8fa945140c0e,2013-03-01,01:00:00,"EDSA (SB) West Cloverleaf, Bgy. Guadalupe Viejo Makati",0,0,0,0,0,0,0,0,0,0,2013-03-01 9:00,Property,14.55022912,121.0292348,No Collision Stated
None,EDSA,None,None,"No Accident Factor, No Collision Stated (based on Police Blotter Book), 0.0 drivers_injured, 0.0 drivers_killed, 0.0 passengers_injured, 0.0 passengers_killed, 0.0 pedestrian_injured, 0.0 pedestrian_killed, Fair (Night), EDSA (SB) before Magallanes Interchange, Bgy. San Lorenzo Makati",MMDA Road Safety Unit,,c4c1e314-6067-4f9f-aacc-4570c5cefc4b,2013-02-28,12:15:00,EDSA (SB) underneath MRT-Ayala Station Makati,0,0,0,0,0,0,0,0,0,0,2013-02-28 20:15,Property,14.54241081,121.0197643,No Collision Stated
None,EDSA,None,None,"No Accident Factor, No Collision Stated (based on Police Blotter Book), 0.0 drivers_injured, 0.0 drivers_killed, 0.0 passengers_injured, 0.0 passengers_killed, 0.0 pedestrian_injured, 0.0 pedestrian_killed, Fair (Day), EDSA (SB) before Ayala Ave., Bgy. Urdaneta Makati",MMDA Road Safety Unit,,ddc1bef8-8902-4895-974b-7eebde8ec0c2,2013-02-28,07:00:00,"EDSA (SB) Estrella St., Bgy. Guadalupe Viejo Makati",0,0,0,0,0,0,0,0,0,0,2013-02-28 15:00,Property,14.55012399,121.0292078,No Collision Stated
None,EDSA,None,None,"No Accident Factor, No Collision Stated (based on Police Blotter Book), 0.0 drivers_injured, 0.0 drivers_killed, 0.0 passengers_injured, 0.0 passengers_killed, 0.0 pedestrian_injured, 0.0 pedestrian_killed, Fair (Day), EDSA (SB) before Sen. Gil J. Puyat Ave. (Buendia Ave. Ext.), Bgy. Bel-Air Makati",MMDA Road Safety Unit,,a434f89b-7e20-4a04-a1dc-d8e3682acc70,2013-02-26,06:15:00,"EDSA (SB) before San Lorenzo Drive, Bgy. Magallanes Makati",0,0,0,0,0,0,0,0,0,0,2013-02-26 14:15,Property,14.55551148,121.035243,No Collision Stated
None,EDSA,None,None,"No Accident Factor, Side Swipe, 1.0 drivers_injured, 0.0 drivers_killed, 0.0 passengers_injured, 0.0 passengers_killed, 0.0 pedestrian_injured, 0.0 pedestrian_killed, Fair (Day), EDSA (SB) before Sen. Gil J. Puyat Ave. (Buendia Ave. Ext.) Makati",MMDA Road Safety Unit,,bc8cb42d-033e-49df-b225-3cd53f48ba29,2013-02-25,01:50:00,EDSA (SB) Ayala Ave. Makati,0,0,0,1,0,0,0,0,0,1,2013-02-25 9:50,Injury,14.55551148,121.035243,Side Swipe
None,EDSA,None,None,"No Accident Factor, Side Swipe, 0.0 drivers_injured, 0.0 drivers_killed, 0.0 passengers_injured, 0.0 passengers_killed, 0.0 pedestrian_injured, 0.0 pedestrian_killed, Fair (Day), EDSA (SB) before Sen. Gil J. Puyat Ave. (Buendia Ave. Ext.) Makati",MMDA Road Safety Unit,,3dbed7d2-90bd-4c4e-9add-241d9bcc7cae,2013-02-24,23:45:00,"EDSA (SB) Estrella St., Bgy. Guadalupe Nuevo Makati",0,0,0,0,0,0,0,0,0,0,2013-02-25 7:45,Property,14.55551148,121.035243,Side Swipe
None,EDSA,None,None,"No Accident Factor, No Collision Stated (based on Police Blotter Book), 0.0 drivers_injured, 0.0 drivers_killed, 0.0 passengers_injured, 0.0 passengers_killed, 0.0 pedestrian_injured, 0.0 pedestrian_killed, Fair (Day), EDSA (SB) Estrella St., Bgy. Bel-Air Makati",MMDA Road Safety Unit,,1313cef2-537d-47db-a18a-a8f49ca69b32,2013-02-23,06:00:00,"EDSA (SB) before Magallanes Interchange, Bgy. San Lorenzo Makati",0,0,0,0,0,0,0,0,0,0,2013-02-23 14:00,Property,14.56002889,121.040751,No Collision Stated
None,EDSA,None,None,"No Accident Factor, No Collision Stated (based on Police Blotter Book), 0.0 drivers_injured, 0.0 drivers_killed, 0.0 passengers_injured, 0.0 passengers_killed, 0.0 pedestrian_injured, 0.0 pedestrian_killed, Fair (Night), EDSA (SB) before Estrella St., Bgy. Guadalupe Viejo Makati",MMDA Road Safety Unit,,2b446520-0e0c-4c69-8bb1-11e4cbb2c593,2013-02-22,13:15:00,EDSA (SB) before Sen. Gil J. Puyat Ave. (Buendia Ave. Ext.) Makati,0,0,0,0,0,0,0,0,0,0,2013-02-22 21:15,Property,14.55988482,121.0406786,No Collision Stated
None,EDSA,None,None,"No Accident Factor, No Collision Stated (based on Police Blotter Book), 0.0 drivers_injured, 0.0 drivers_killed, 0.0 passengers_injured, 0.0 passengers_killed, 0.0 pedestrian_injured, 0.0 pedestrian_killed, Fair (Night), EDSA (SB) before Evangelista St., Bgy. Bangkal Makati",MMDA Road Safety Unit,,53eede30-ab8b-4049-abf5-570a2ac11f53,2013-02-21,10:45:00,"EDSA (SB) fronting Loyola Memorial, Bgy. Guadalupe Viejo Makati",0,0,0,0,0,0,0,0,0,0,2013-02-21 18:45,Property,14.53904703,121.0123031,No Collision Stated
None,EDSA,None,None,"No Accident Factor, No Collision Stated (based on Police Blotter Book), 0.0 drivers_injured, 0.0 drivers_killed, 0.0 passengers_injured, 0.0 passengers_killed, 0.0 pedestrian_injured, 0.0 pedestrian_killed, Fair (Day), EDSA (SB) before MRT-Magallanes Station Makati",MMDA Road Safety Unit,,b030f21b-3666-4418-8717-0799e4cbfe86,2013-02-21,08:15:00,"EDSA (SB) Sen. Gil J. Puyat Ave. (Buendia Ave. Ext.), Bgy. Bel-Air Makati",0,0,0,0,0,0,0,0,0,0,2013-02-21 16:15,Property,14.54192478,121.0191272,No Collision Stated
None,EDSA,None,None,"No Accident Factor, No Collision Stated (based on Police Blotter Book), 0.0 drivers_injured, 0.0 drivers_killed, 0.0 passengers_injured, 0.0 passengers_killed, 0.0 pedestrian_injured, 0.0 pedestrian_killed, Fair (Day), EDSA (SB) fronting San Carlos Seminary Makati",MMDA Road Safety Unit,,4b38048a-95aa-4d9d-8939-05ede838285f,2013-02-20,07:50:00,"EDSA (SB) before Magallanes Interchange, Bgy. San Lorenzo Makati",0,0,0,0,0,0,0,0,0,0,2013-02-20 15:50,Property,14.56336498,121.0439669,No Collision Stated
None,EDSA,None,None,"No Accident Factor, No Collision Stated (based on Police Blotter Book), 0.0 drivers_injured, 0.0 drivers_killed, 0.0 passengers_injured, 0.0 passengers_killed, 0.0 pedestrian_injured, 0.0 pedestrian_killed, Fair (Day), EDSA (SB) West Cloverleaf, Bgy. Guadalupe Viejo Makati",MMDA Road Safety Unit,,5c2617af-1404-4ab7-bace-cb73027be7f3,2013-02-19,07:05:00,"EDSA (SB) before Loading and Unloading Bay, Magallanes, Bgy. San Lorenzo Makati",0,0,0,0,0,0,0,0,0,0,2013-02-19 15:05,Property,14.56779247,121.0455985,No Collision Stated
None,EDSA,None,None,"No Accident Factor, Rear-end, 0.0 drivers_injured, 0.0 drivers_killed, 0.0 passengers_injured, 0.0 passengers_killed, 0.0 pedestrian_injured, 0.0 pedestrian_killed, Fair (Day), EDSA (SB) underneath MRT-Ayala Station Makati",MMDA Road Safety Unit,,a21dc6e1-7607-4ae8-acc0-4ff9fc77907a,2013-02-18,23:20:00,EDSA (SB) before Sen. Gil J. Puyat Ave. (Buendia Ave. Ext.) Makati,0,0,0,0,0,0,0,0,0,0,2013-02-19 7:20,Property,14.5491368,121.0278248,Rear-End
None,EDSA,None,None,"No Accident Factor, No Collision Stated (based on Police Blotter Book), 0.0 drivers_injured, 0.0 drivers_killed, 0.0 passengers_injured, 0.0 passengers_killed, 0.0 pedestrian_injured, 0.0 pedestrian_killed, Fair (Day), EDSA (SB) Estrella St., Bgy. Guadalupe Viejo Makati",MMDA Road Safety Unit,,8d6cb98c-6ca9-4c4d-804f-7312ded2f150,2013-02-16,08:30:00,"EDSA (SB) at Loading and Unloading Bay, Guadalupe Makati",0,0,0,0,0,0,0,0,0,0,2013-02-16 16:30,Property,14.56002889,121.040751,No Collision Stated
None,EDSA,None,None,"No Accident Factor, No Collision Stated (based on Police Blotter Book), 0.0 drivers_injured, 0.0 drivers_killed, 0.0 passengers_injured, 0.0 passengers_killed, 0.0 pedestrian_injured, 0.0 pedestrian_killed, Fair (Day), EDSA (SB) before San Lorenzo Drive, Bgy. Magallanes Makati",MMDA Road Safety Unit,,0596db7d-49e7-4e0d-b963-afe451d4f7b5,2013-02-16,07:05:00,"EDSA (SB) after Guadalupe Footbridge, Bgy. Guadalupe Viejo Makati",0,0,0,0,0,0,0,0,0,0,2013-02-16 15:05,Property,14.54447498,121.0222327,No Collision Stated
None,EDSA,None,None,"No Accident Factor, No Collision Stated (based on Police Blotter Book), 0.0 drivers_injured, 0.0 drivers_killed, 0.0 passengers_injured, 0.0 passengers_killed, 0.0 pedestrian_injured, 0.0 pedestrian_killed, Fair (Day), EDSA (SB) Ayala Ave. Makati",MMDA Road Safety Unit,,af9788e7-60af-4965-985f-0cf5f9ea6353,2013-02-15,01:00:00,EDSA (SB) Estrella St. Makati,0,0,0,0,0,0,0,0,0,0,2013-02-15 9:00,Property,14.55022912,121.0292348,No Collision Stated
None,EDSA,None,None,"No Accident Factor, No Collision Stated (based on Police Blotter Book), 0.0 drivers_injured, 0.0 drivers_killed, 0.0 passengers_injured, 0.0 passengers_killed, 0.0 pedestrian_injured, 0.0 pedestrian_killed, Fair (Day), EDSA (SB) Estrella St., Bgy. Guadalupe Nuevo Makati",MMDA Road Safety Unit,,ceecb012-9692-443e-ad21-c19d9edfc5f7,2013-02-14,23:55:00,"EDSA (SB) Estrella St., Bgy. Guadalupe Nuevo Makati",0,0,0,0,0,0,0,0,0,0,2013-02-15 7:55,Property,14.56002889,121.040751,No Collision Stated
None,EDSA,None,None,"No Accident Factor, No Collision Stated (based on Police Blotter Book), 0.0 drivers_injured, 0.0 drivers_killed, 0.0 passengers_injured, 0.0 passengers_killed, 0.0 pedestrian_injured, 0.0 pedestrian_killed, Fair (Night), EDSA (SB) before Magallanes Interchange, Bgy. San Lorenzo Makati",MMDA Road Safety Unit,,6f1065a3-6354-47f2-8776-9d401b2bba70,2013-02-14,11:40:00,"EDSA (SB) in-between Sen. Gil J. Puyat Ave. (Buendia Ave. Ext.) and Estrella St., Bgy. Bel-Air Makati",0,0,0,0,0,0,0,0,0,0,2013-02-14 19:40,Property,14.54241081,121.0197643,No Collision Stated
None,EDSA,None,None,"No Accident Factor, Rear-end, 0.0 drivers_injured, 0.0 drivers_killed, 0.0 passengers_injured, 0.0 passengers_killed, 0.0 pedestrian_injured, 0.0 pedestrian_killed, Fair (Day), EDSA (SB) before Sen. Gil J. Puyat Ave. (Buendia Ave. Ext.) Makati",MMDA Road Safety Unit,,181d0665-95c2-470f-8e0c-1d190bc2af5b,2013-02-13,07:05:00,"EDSA (SB) fronting Loyola Memorial Chapel, after Bernardino St. Makati",0,0,0,0,0,0,0,0,0,0,2013-02-13 15:05,Property,14.55551148,121.035243,Rear-End
None,EDSA,None,None,"No Accident Factor, No Collision Stated (based on Police Blotter Book), 0.0 drivers_injured, 0.0 drivers_killed, 0.0 passengers_injured, 0.0 passengers_killed, 0.0 pedestrian_injured, 0.0 pedestrian_killed, Fair (Day), EDSA (SB) fronting Loyola Memorial, Bgy. Guadalupe Viejo Makati",MMDA Road Safety Unit,,79ff0649-34b0-4984-b903-5728d62b319b,2013-02-13,06:45:00,EDSA (SB) before Magallanes Interchange Makati,0,0,0,0,0,0,0,0,0,0,2013-02-13 14:45,Property,14.56526983,121.0448719,No Collision Stated
None,EDSA,None,None,"No Accident Factor, No Collision Stated (based on Police Blotter Book), 0.0 drivers_injured, 0.0 drivers_killed, 0.0 passengers_injured, 0.0 passengers_killed, 0.0 pedestrian_injured, 0.0 pedestrian_killed, Fair (Night), EDSA (SB) Sen. Gil J. Puyat Ave. (Buendia Ave. Ext.), Bgy. Bel-Air Makati",MMDA Road Safety Unit,,d677c903-02fa-4301-847b-099088a21bc0,2013-02-12,12:30:00,"EDSA (SB) Evangelista St., Bgy. Bangkal Makati",0,0,0,0,0,0,0,0,0,0,2013-02-12 20:30,Property,14.55496432,121.0348612,No Collision Stated
None,EDSA,None,None,"No Accident Factor, No Collision Stated (based on Police Blotter Book), 0.0 drivers_injured, 0.0 drivers_killed, 0.0 passengers_injured, 0.0 passengers_killed, 0.0 pedestrian_injured, 0.0 pedestrian_killed, Fair (Night), EDSA (SB) before Magallanes Interchange, Bgy. San Lorenzo Makati",MMDA Road Safety Unit,,89377e6a-89d6-45ea-b467-d27bf7674600,2013-02-12,11:20:00,EDSA (SB) in-between Sen. Gil J. Puyat Ave. (Buendia Ave. Ext.) and Estrella St. Makati,0,0,0,0,0,0,0,0,0,0,2013-02-12 19:20,Property,14.54241081,121.0197643,No Collision Stated
None,EDSA,None,None,"No Accident Factor, No Collision Stated (based on Police Blotter Book), 0.0 drivers_injured, 0.0 drivers_killed, 0.0 passengers_injured, 0.0 passengers_killed, 0.0 pedestrian_injured, 0.0 pedestrian_killed, Fair (Day), EDSA (SB) before Loading and Unloading Bay, Magallanes, Bgy. San Lorenzo Makati",MMDA Road Safety Unit,,c52ca076-3bb3-4f8b-ad55-985f655e0313,2013-02-12,01:40:00,EDSA (SB) Estrella St. Makati,0,0,0,0,0,0,0,0,0,0,2013-02-12 9:40,Property,14.54300664,121.020503,No Collision Stated
None,EDSA,None,None,"No Accident Factor, Rear-end, 0.0 drivers_injured, 0.0 drivers_killed, 0.0 passengers_injured, 0.0 passengers_killed, 0.0 pedestrian_injured, 0.0 pedestrian_killed, Fair (Night), EDSA (SB) before Sen. Gil J. Puyat Ave. (Buendia Ave. Ext.) Makati",MMDA Road Safety Unit,,8158567e-c8cb-46ef-90a2-90daee56d3cd,2013-02-11,14:45:00,EDSA (SB) before Sen. Gil J. Puyat Ave. (Buendia Ave. Ext.) Makati,0,0,0,0,0,0,0,0,0,0,2013-02-11 22:45,Property,14.55551148,121.035243,Rear-End
None,EDSA,None,None,"No Accident Factor, Side Swipe, 0.0 drivers_injured, 0.0 drivers_killed, 0.0 passengers_injured, 0.0 passengers_killed, 0.0 pedestrian_injured, 0.0 pedestrian_killed, Fair (Day), EDSA (SB) at Loading and Unloading Bay, Guadalupe Makati",MMDA Road Safety Unit,,09c72540-c15c-4550-b207-0071e3287656,2013-02-11,08:20:00,"EDSA (SB) before Ayala Ave., Bgy. Urdaneta Makati",0,0,0,0,0,0,0,0,0,0,2013-02-11 16:20,Property,14.56466476,121.0447116,Side Swipe
None,EDSA,None,None,"No Accident Factor, Rear-end, 0.0 drivers_injured, 0.0 drivers_killed, 0.0 passengers_injured, 0.0 passengers_killed, 0.0 pedestrian_injured, 0.0 pedestrian_killed, Fair (Day), EDSA (SB) after Guadalupe Footbridge, Bgy. Guadalupe Viejo Makati",MMDA Road Safety Unit,,2394b333-74e2-4ea7-8eda-76dd08266c19,2013-02-11,00:40:00,"EDSA (SB) fronting Loading and Unloading Bay, Magallanes Makati",0,0,0,0,0,0,0,0,0,0,2013-02-11 8:40,Property,14.56480887,121.0449325,Rear-End
None,EDSA,None,None,"No Accident Factor, No Collision Stated (based on Police Blotter Book), 0.0 drivers_injured, 0.0 drivers_killed, 0.0 passengers_injured, 0.0 passengers_killed, 0.0 pedestrian_injured, 0.0 pedestrian_killed, Fair (Day), EDSA (SB) Estrella St. Makati",MMDA Road Safety Unit,,f67014de-e8de-447d-9f90-81c4d07129af,2013-02-10,23:45:00,EDSA (SB) before Magallanes Interchange Makati,0,0,0,0,0,0,0,0,0,0,2013-02-11 7:45,Property,14.56002889,121.040751,No Collision Stated
None,EDSA,None,None,"No Accident Factor, No Collision Stated (based on Police Blotter Book), 0.0 drivers_injured, 0.0 drivers_killed, 0.0 passengers_injured, 0.0 passengers_killed, 0.0 pedestrian_injured, 0.0 pedestrian_killed, Fair (Day), EDSA (SB) Estrella St., Bgy. Guadalupe Nuevo Makati",MMDA Road Safety Unit,,ccfe000c-261e-4474-a0c7-40f869520b7b,2013-02-04,09:45:00,EDSA (SB) before Sen. Gil J. Puyat Ave. (Buendia Ave. Ext.) Makati,0,0,0,0,0,0,0,0,0,0,2013-02-04 17:45,Property,14.56002889,121.040751,No Collision Stated
None,EDSA,None,None,"No Accident Factor, No Collision Stated (based on Police Blotter Book), 0.0 drivers_injured, 0.0 drivers_killed, 0.0 passengers_injured, 0.0 passengers_killed, 0.0 pedestrian_injured, 0.0 pedestrian_killed, Fair (Day), EDSA (SB) in-between Sen. Gil J. Puyat Ave. (Buendia Ave. Ext.) and Estrella St., Bgy. Bel-Air Makati",MMDA Road Safety Unit,,f68e6c2a-9b56-42db-9c6b-221b49289a41,2013-02-04,09:30:00,EDSA (SB) Ayala Ave. Makati,0,0,0,0,0,0,0,0,0,0,2013-02-04 17:30,Property,14.55804844,121.0383873,No Collision Stated
None,EDSA,None,None,"No Accident Factor, No Collision Stated (based on Police Blotter Book), 0.0 drivers_injured, 0.0 drivers_killed, 0.0 passengers_injured, 0.0 passengers_killed, 0.0 pedestrian_injured, 0.0 pedestrian_killed, Fair (Day), EDSA (SB) fronting Loyola Memorial Chapel, after Bernardino St. Makati",MMDA Road Safety Unit,,e0cba8a7-a38f-41cf-bfd7-5e32ce382166,2013-02-03,23:10:00,EDSA (SB) before Ayala Ave. Makati,0,0,0,0,0,0,0,0,0,0,2013-02-04 7:10,Property,14.56526983,121.0448719,No Collision Stated
None,EDSA,None,None,"No Accident Factor, Hit and Run (Rear-end), 0.0 drivers_injured, 0.0 drivers_killed, 0.0 passengers_injured, 0.0 passengers_killed, 0.0 pedestrian_injured, 0.0 pedestrian_killed, Fair (Night), EDSA (SB) before Magallanes Interchange Makati",MMDA Road Safety Unit,,14a261ef-5677-4281-a4d7-b79c6d79df1c,2013-02-01,19:30:00,"EDSA (SB) Estrella St., Bgy. Guadalupe Viejo Makati",0,0,0,0,0,0,0,0,0,0,2013-02-02 3:30,Property,14.54241081,121.0197643,Rear-End
None,EDSA,None,None,"No Accident Factor, No Collision Stated (based on Police Blotter Book), 0.0 drivers_injured, 0.0 drivers_killed, 0.0 passengers_injured, 0.0 passengers_killed, 0.0 pedestrian_injured, 0.0 pedestrian_killed, Fair (Night), EDSA (SB) Evangelista St., Bgy. Bangkal Makati",MMDA Road Safety Unit,,7b16433e-4bdd-4368-92f6-d6c43868cdb3,2013-02-01,10:35:00,EDSA (SB) in-between Sen. Gil J. Puyat Ave. (Buendia Ave. Ext.) and Estrella St. Makati,0,0,0,0,0,0,0,0,0,0,2013-02-01 18:35,Property,14.53903137,121.0123272,No Collision Stated
None,EDSA,None,None,"No Accident Factor, Hit and Run (No Collision Stated), 1.0 drivers_injured, 0.0 drivers_killed, 0.0 passengers_injured, 0.0 passengers_killed, 0.0 pedestrian_injured, 0.0 pedestrian_killed, Fair (Day), EDSA (SB) in-between Sen. Gil J. Puyat Ave. (Buendia Ave. Ext.) and Estrella St. Makati",MMDA Road Safety Unit,,877f7846-f752-4fcd-bc44-e70d99d03062,2013-02-01,07:50:00,EDSA (SB) San Lorenzo Drive Makati,0,0,0,1,0,0,0,0,0,1,2013-02-01 15:50,Injury,14.55804844,121.0383873,No Collision Stated
None,EDSA,None,None,"No Accident Factor, Rear-end, 0.0 drivers_injured, 0.0 drivers_killed, 0.0 passengers_injured, 0.0 passengers_killed, 0.0 pedestrian_injured, 0.0 pedestrian_killed, Fair (Day), EDSA (SB) Estrella St. Makati",MMDA Road Safety Unit,,ac9dfa87-1e46-412c-9e89-4d41a74c406c,2013-02-01,05:45:00,EDSA (SB) after Sen. Gil J. Puyat Ave. (Buendia Ave. Ext.) Makati,0,0,0,0,0,0,0,0,0,0,2013-02-01 13:45,Property,14.56002889,121.040751,Rear-End
None,EDSA,None,None,"No Accident Factor, Rear-end, 0.0 drivers_injured, 0.0 drivers_killed, 0.0 passengers_injured, 0.0 passengers_killed, 0.0 pedestrian_injured, 0.0 pedestrian_killed, Fair (Day), EDSA (SB) before Sen. Gil J. Puyat Ave. (Buendia Ave. Ext.) Makati",MMDA Road Safety Unit,,70d1c944-7fec-43e8-9d2e-9422982f71bf,2013-02-01,02:30:00,"EDSA (SB) before Ayala Ave., Bgy. Urdaneta Makati",0,0,0,0,0,0,0,0,0,0,2013-02-01 10:30,Property,14.55551148,121.035243,Rear-End
None,EDSA,None,None,"No Accident Factor, No Collision Stated (based on Police Blotter Book), 0.0 drivers_injured, 0.0 drivers_killed, 0.0 passengers_injured, 0.0 passengers_killed, 0.0 pedestrian_injured, 0.0 pedestrian_killed, Fair (Night), EDSA (SB) before Ayala Ave., Bgy. Urdaneta Makati",MMDA Road Safety Unit,,ee572b62-822d-47bf-ba1e-e0783c37b01f,2013-01-31,14:40:00,"EDSA (SB) after Estrella St., Bgy. Bel-Air Makati",0,0,0,0,0,0,0,0,0,0,2013-01-31 22:40,Property,14.55012399,121.0292078,No Collision Stated