LOCATION_TEXT,ROAD,WEATHER,LIGHT,DESC,REPORTING_AGENCY,MAIN_CAUSE,INCIDENTDETAILS_ID,DATE_UTC,TIME_UTC,ADDRESS,killed_driver,killed_passenger,killed_pedestrian,injured_driver,injured_passenger,injured_pedestrian,killed_uncategorized,injured_uncategorized,killed_total,injured_total,DATETIME_PST,SEVERITY,Y,X,COLLISION_TYPE
None,EDSA,None,None,"No Accident Factor, No Collision Stated (based on Police Blotter Book), 0.0 drivers_injured, 0.0 drivers_killed, 0.0 passengers_injured, 0.0 passengers_killed, 0.0 pedestrian_injured, 0.0 pedestrian_killed, Fair (Night), EDSA (SB) fronting Loading and Unloading Bay, Magallanes Makati",MMDA Road Safety Unit,,49db7b21-5ac4-4e0e-bacd-998563144089,2013-01-31,12:00:00,"EDSA (SB) before ""U"" turn slot, Buendia Makati",0,0,0,0,0,0,0,0,0,0,2013-01-31 20:00,Property,14.54302542,121.0204497,No Collision Stated
None,EDSA,None,None,"No Accident Factor, No Collision Stated (based on Police Blotter Book), 0.0 drivers_injured, 0.0 drivers_killed, 0.0 passengers_injured, 0.0 passengers_killed, 0.0 pedestrian_injured, 0.0 pedestrian_killed, Fair (Night), EDSA (SB) before Magallanes Interchange Makati",MMDA Road Safety Unit,,ab1858c5-b86c-4fa7-b2cd-dc0a5b27551f,2013-01-31,12:00:00,EDSA (SB) in-between Ayala Ave. and Sen. Gil J. Puyat Ave. (Buendia Ave. Ext.) Makati,0,0,0,0,0,0,0,0,0,0,2013-01-31 20:00,Property,14.54241081,121.0197643,No Collision Stated
None,EDSA,None,None,"No Accident Factor, No Collision Stated (based on Police Blotter Book), 0.0 drivers_injured, 0.0 drivers_killed, 0.0 passengers_injured, 0.0 passengers_killed, 0.0 pedestrian_injured, 0.0 pedestrian_killed, Fair (Day), EDSA (SB) before Sen. Gil J. Puyat Ave. (Buendia Ave. Ext.) Makati",MMDA Road Safety Unit,,7aea6265-eb96-4227-aa68-3cb37eb6be39,2013-01-31,01:00:00,EDSA (SB) fronting Pet Plans Bldg. Makati,0,0,0,0,0,0,0,0,0,0,2013-01-31 9:00,Property,14.55551148,121.035243,No Collision Stated
None,EDSA,None,None,"No Accident Factor, No Collision Stated (based on Police Blotter Book), 0.0 drivers_injured, 0.0 drivers_killed, 0.0 passengers_injured, 0.0 passengers_killed, 0.0 pedestrian_injured, 0.0 pedestrian_killed, Fair (Day), EDSA (SB) Ayala Ave. Makati",MMDA Road Safety Unit,,4f7285bc-a6dd-4dae-8d59-41d0efba1f85,2013-01-30,01:30:00,EDSA (SB) Antonio S. Arnaiz Ave. (Pasay Road) Makati,0,0,0,0,0,0,0,0,0,0,2013-01-30 9:30,Property,14.55022912,121.0292348,No Collision Stated
None,EDSA,None,None,"No Accident Factor, No Collision Stated (based on Police Blotter Book), 0.0 drivers_injured, 0.0 drivers_killed, 0.0 passengers_injured, 0.0 passengers_killed, 0.0 pedestrian_injured, 0.0 pedestrian_killed, Fair (Day), EDSA (SB) before Ayala Ave. Makati",MMDA Road Safety Unit,,a9eda997-a7ce-4500-9be1-a01a8b9001cd,2013-01-30,00:20:00,EDSA (SB) Estrella St. Makati,0,0,0,0,0,0,0,0,0,0,2013-01-30 8:20,Property,14.55063226,121.0295437,No Collision Stated
None,EDSA,None,None,"No Accident Factor, No Collision Stated (based on Police Blotter Book), 0.0 drivers_injured, 0.0 drivers_killed, 0.0 passengers_injured, 0.0 passengers_killed, 0.0 pedestrian_injured, 0.0 pedestrian_killed, Fair (Day), EDSA (SB) Estrella St., Bgy. Guadalupe Viejo Makati",MMDA Road Safety Unit,,761469cb-01fd-4dfe-a241-52faa57d4f9f,2013-01-29,02:00:00,EDSA (SB) Magallanes Interchange Makati,0,0,0,0,0,0,0,0,0,0,2013-01-29 10:00,Property,14.56002889,121.040751,No Collision Stated
None,EDSA,None,None,"No Accident Factor, Rear-end (Multiple), 0.0 drivers_injured, 0.0 drivers_killed, 0.0 passengers_injured, 0.0 passengers_killed, 0.0 pedestrian_injured, 0.0 pedestrian_killed, Fair (Night), EDSA (SB) in-between Sen. Gil J. Puyat Ave. (Buendia Ave. Ext.) and Estrella St. Makati",MMDA Road Safety Unit,,554ee3e1-9987-487f-b1e4-b181cece4072,2013-01-26,14:45:00,EDSA (SB) West Cloverleaf Makati,0,0,0,0,0,0,0,0,0,0,2013-01-26 22:45,Property,14.55804844,121.0383873,Rear-End
None,EDSA,None,None,"No Accident Factor, No Collision Stated (based on Police Blotter Book), 0.0 drivers_injured, 0.0 drivers_killed, 0.0 passengers_injured, 0.0 passengers_killed, 0.0 pedestrian_injured, 0.0 pedestrian_killed, Fair (Day), EDSA (SB) San Lorenzo Drive Makati",MMDA Road Safety Unit,,79afda1a-db85-4e13-b558-0b675f90655e,2013-01-21,23:00:00,EDSA (SB) after Antonio S. Arnaiz Ave. (Pasay Road) Makati,0,0,0,0,0,0,0,0,0,0,2013-01-22 7:00,Property,14.5422524,121.0195278,No Collision Stated
None,EDSA,None,None,"No Accident Factor, Side Swipe, 1.0 drivers_injured, 0.0 drivers_killed, 1.0 passengers_injured, 0.0 passengers_killed, 0.0 pedestrian_injured, 0.0 pedestrian_killed, Fair (Day), EDSA (SB) after Sen. Gil J. Puyat Ave. (Buendia Ave. Ext.) Makati",MMDA Road Safety Unit,,74c3b89c-6985-4dd4-bb0c-b64b3fe898b5,2013-01-20,04:20:00,"EDSA (SB) before Loyola Memorial, Bgy. Guadalupe Viejo Makati",0,0,0,1,1,0,0,0,0,2,2013-01-20 12:20,Injury,14.5547747,121.0350593,Side Swipe
None,EDSA,None,None,"No Accident Factor, Rear-end (Multiple), 0.0 drivers_injured, 0.0 drivers_killed, 0.0 passengers_injured, 0.0 passengers_killed, 0.0 pedestrian_injured, 0.0 pedestrian_killed, Fair (Night), EDSA (SB) before Ayala Ave., Bgy. Urdaneta Makati",MMDA Road Safety Unit,,b5487d66-e33a-4fec-93fe-20eb9312cd15,2013-01-19,10:00:00,EDSA (SB) in-between Antonio S. Arnaiz Ave. and Magallanes Interchange Makati,0,0,0,0,0,0,0,0,0,0,2013-01-19 18:00,Property,14.55012399,121.0292078,Rear-End
None,EDSA,None,None,"No Accident Factor, No Collision Stated (based on Police Blotter Book), 0.0 drivers_injured, 0.0 drivers_killed, 0.0 passengers_injured, 0.0 passengers_killed, 0.0 pedestrian_injured, 0.0 pedestrian_killed, Fair (Day), EDSA (SB) after Estrella St., Bgy. Bel-Air Makati",MMDA Road Safety Unit,,6bb59e59-6ebe-4daa-8bde-0aa5f7d80c1c,2013-01-19,07:50:00,EDSA (SB) in-between Ponce St. and Magallanes Makati,0,0,0,0,0,0,0,0,0,0,2013-01-19 15:50,Property,14.56019425,121.0409398,No Collision Stated
None,EDSA,None,None,"No Accident Factor, Self-Accident, 0.0 drivers_injured, 0.0 drivers_killed, 0.0 passengers_injured, 0.0 passengers_killed, 0.0 pedestrian_injured, 0.0 pedestrian_killed, Fair (Day), EDSA (SB) before ""U"" turn slot, Buendia Makati",MMDA Road Safety Unit,,7a8ec799-c80f-470c-88c5-0fb747bcbd39,2013-01-17,03:25:00,EDSA (SB) before Sen. Gil J. Puyat Ave. (Buendia Ave. Ext.) Makati,0,0,0,0,0,0,0,0,0,0,2013-01-17 11:25,Property,14.5555684,121.035438,Self-Accident
None,EDSA,None,None,"No Accident Factor, Side Swipe, 0.0 drivers_injured, 0.0 drivers_killed, 0.0 passengers_injured, 0.0 passengers_killed, 0.0 pedestrian_injured, 0.0 pedestrian_killed, Fair (Night), EDSA (SB) in-between Ayala Ave. and Sen. Gil J. Puyat Ave. (Buendia Ave. Ext.) Makati",MMDA Road Safety Unit,,a1a25b2d-6e4a-4cef-80e6-43e040e9be7b,2013-01-16,11:50:00,EDSA (SB) in-between Guadalupe and Estrella St. Makati,0,0,0,0,0,0,0,0,0,0,2013-01-16 19:50,Property,14.55408887,121.0338257,Side Swipe
None,EDSA,None,None,"No Accident Factor, No Collision Stated (based on Police Blotter Book), 0.0 drivers_injured, 0.0 drivers_killed, 0.0 passengers_injured, 0.0 passengers_killed, 0.0 pedestrian_injured, 0.0 pedestrian_killed, Fair (Day), EDSA (SB) fronting Pet Plans Bldg. Makati",MMDA Road Safety Unit,,b6ec6edf-24ef-4f40-a2f7-fb47b5691f2f,2013-01-15,03:10:00,"EDSA (SB) before Bus Stop A, Sen. Gil J. Puyat Ave. (Buendia Ave. Ext.) Makati",0,0,0,0,0,0,0,0,0,0,2013-01-15 11:10,Property,14.56187579,121.0428741,No Collision Stated
None,EDSA,None,None,"No Accident Factor, No Collision Stated (based on Police Blotter Book), 0.0 drivers_injured, 0.0 drivers_killed, 0.0 passengers_injured, 0.0 passengers_killed, 0.0 pedestrian_injured, 0.0 pedestrian_killed, Fair (Day), EDSA (SB) Antonio S. Arnaiz Ave. (Pasay Road) Makati",MMDA Road Safety Unit,,0bcd656d-36b6-444b-8cb6-c0e04eb56801,2013-01-14,05:20:00,"EDSA (SB) fronting Shell Gas Station, Bgy. Bel-Air Makati",0,0,0,0,0,0,0,0,0,0,2013-01-14 13:20,Property,14.54752556,121.0260165,No Collision Stated
None,EDSA,None,None,"No Accident Factor, No Collision Stated (based on Police Blotter Book), 0.0 drivers_injured, 0.0 drivers_killed, 0.0 passengers_injured, 0.0 passengers_killed, 0.0 pedestrian_injured, 0.0 pedestrian_killed, Fair (Day), EDSA (SB) Estrella St. Makati",MMDA Road Safety Unit,,c56cbbe1-f837-4e74-af32-9798a0889334,2013-01-14,03:20:00,"EDSA (SB) after Ayala Ave., Bgy. San Lorenzo Makati",0,0,0,0,0,0,0,0,0,0,2013-01-14 11:20,Property,14.56002889,121.040751,No Collision Stated
None,EDSA,None,None,"No Accident Factor, Rear-end, 0.0 drivers_injured, 0.0 drivers_killed, 0.0 passengers_injured, 0.0 passengers_killed, 0.0 pedestrian_injured, 0.0 pedestrian_killed, Fair (Day), EDSA (SB) Magallanes Interchange Makati",MMDA Road Safety Unit,,531c9512-deb9-437a-bdb5-2a2ebb1ceb26,2013-01-12,05:10:00,EDSA (SB) Magallanes Off-Ramp  Makati,0,0,0,0,0,0,0,0,0,0,2013-01-12 13:10,Property,14.54028633,121.0167655,Rear-End
None,EDSA,None,None,"No Accident Factor, Rear-end (Multiple), 1.0 drivers_injured, 0.0 drivers_killed, 0.0 passengers_injured, 0.0 passengers_killed, 0.0 pedestrian_injured, 0.0 pedestrian_killed, Rain (Night), EDSA (SB) West Cloverleaf Makati",MMDA Road Safety Unit,,fa4cb990-2271-41c3-b033-f64c36977cf3,2013-01-11,14:30:00,EDSA (SB) between Magallanes & Arnaiz Ave. Makati,0,0,0,1,0,0,0,0,0,1,2013-01-11 22:30,Injury,14.56779247,121.0455985,Rear-End
None,EDSA,None,None,"No Accident Factor, No Collision Stated (based on Police Blotter Book), 0.0 drivers_injured, 0.0 drivers_killed, 0.0 passengers_injured, 0.0 passengers_killed, 0.0 pedestrian_injured, 0.0 pedestrian_killed, Fair (Day), EDSA (SB) after Antonio S. Arnaiz Ave. (Pasay Road) Makati",MMDA Road Safety Unit,,07388daa-f763-45b5-8b79-85d5218556d0,2013-01-10,08:30:00,EDSA (SB) Ayala Makati,0,0,0,0,0,0,0,0,0,0,2013-01-10 16:30,Property,14.54756205,121.0260898,No Collision Stated
None,EDSA,None,None,"No Accident Factor, No Collision Stated (based on Police Blotter Book), 0.0 drivers_injured, 0.0 drivers_killed, 0.0 passengers_injured, 0.0 passengers_killed, 0.0 pedestrian_injured, 0.0 pedestrian_killed, Fair (Day), EDSA (SB) before Loyola Memorial, Bgy. Guadalupe Viejo Makati",MMDA Road Safety Unit,,26c5de70-b1b5-4c9a-b81a-4b6580cf7ad3,2013-01-09,05:10:00,EDSA (SB) MRT Magallanes Station  Makati,0,0,0,0,0,0,0,0,0,0,2013-01-09 13:10,Property,14.56543922,121.0449699,No Collision Stated
None,EDSA,None,None,"No Accident Factor, Rear-end, 0.0 drivers_injured, 0.0 drivers_killed, 0.0 passengers_injured, 0.0 passengers_killed, 0.0 pedestrian_injured, 0.0 pedestrian_killed, Fair (Night), EDSA (SB) in-between Antonio S. Arnaiz Ave. and Magallanes Interchange Makati",MMDA Road Safety Unit,,f5bcc141-001c-4f56-96d7-2d52b622784b,2013-01-08,10:40:00,"EDSA (SB) Evangelista St., Bgy. Bangkal Makati",0,0,0,0,0,0,0,0,0,0,2013-01-08 18:40,Property,14.540336,121.0169209,Rear-End
None,EDSA,None,None,"No Accident Factor, Side Swipe, 0.0 drivers_injured, 0.0 drivers_killed, 0.0 passengers_injured, 0.0 passengers_killed, 0.0 pedestrian_injured, 0.0 pedestrian_killed, Fair (Night), EDSA (SB) in-between Ponce St. and Magallanes Makati",MMDA Road Safety Unit,,4e26e284-4538-4cab-9f94-251a3c3e756c,2013-01-08,10:30:00,EDSA (SB) Sen. Gil Puyat Ave. Makati,0,0,0,0,0,0,0,0,0,0,2013-01-08 18:30,Property,14.5420608,121.0194903,Side Swipe
None,EDSA,None,None,"No Accident Factor, Rear-end (Multiple), 0.0 drivers_injured, 0.0 drivers_killed, 1.0 passengers_injured, 0.0 passengers_killed, 0.0 pedestrian_injured, 0.0 pedestrian_killed, Fair (Day), EDSA (SB) before Sen. Gil J. Puyat Ave. (Buendia Ave. Ext.) Makati",MMDA Road Safety Unit,,bac754b1-973a-4d9c-a4ad-89d8b8033a7e,2013-01-08,07:00:00,EDSA (SB) Magallanes Station Makati,0,0,0,0,1,0,0,0,0,1,2013-01-08 15:00,Injury,14.55551148,121.035243,Rear-End
None,EDSA,None,None,"No Accident Factor, No Collision Stated (based on Police Blotter Book), 0.0 drivers_injured, 0.0 drivers_killed, 0.0 passengers_injured, 0.0 passengers_killed, 0.0 pedestrian_injured, 0.0 pedestrian_killed, Fair (Day), EDSA (SB) in-between Guadalupe and Estrella St. Makati",MMDA Road Safety Unit,,57b2bb0b-6813-4e94-aa3f-c1fdee7efaac,2013-01-08,03:30:00,EDSA (SB) before Sen. Gil Puyat Ave. Makati,0,0,0,0,0,0,0,0,0,0,2013-01-08 11:30,Property,14.56685719,121.0454103,No Collision Stated
None,EDSA,None,None,"No Accident Factor, Rear-end, 0.0 drivers_injured, 0.0 drivers_killed, 0.0 passengers_injured, 0.0 passengers_killed, 0.0 pedestrian_injured, 0.0 pedestrian_killed, Fair (Day), EDSA (SB) before Bus Stop A, Sen. Gil J. Puyat Ave. (Buendia Ave. Ext.) Makati",MMDA Road Safety Unit,,ae50c891-5750-4537-abb7-4eac49c3cf82,2013-01-07,23:30:00,EDSA (SB) Estrella St. & Buendia Makati,0,0,0,0,0,0,0,0,0,0,2013-01-08 7:30,Property,14.55405796,121.0337032,Rear-End
None,EDSA,None,None,"No Accident Factor, No Collision Stated (based on Police Blotter Book), 0.0 drivers_injured, 0.0 drivers_killed, 0.0 passengers_injured, 0.0 passengers_killed, 0.0 pedestrian_injured, 0.0 pedestrian_killed, Rain (Night), EDSA (SB) fronting Shell Gas Station, Bgy. Bel-Air Makati",MMDA Road Safety Unit,,a7905a3b-da92-400d-8ddb-5abfd9b3e127,2013-01-03,14:20:00,Edsa (SB) before Magallanes On Ramp Makati,0,0,0,0,0,0,0,0,0,0,2013-01-03 22:20,Property,14.55548788,121.03528,No Collision Stated
None,EDSA,None,None,"No Accident Factor, No Collision Stated (based on Police Blotter Book), 0.0 drivers_injured, 0.0 drivers_killed, 0.0 passengers_injured, 0.0 passengers_killed, 0.0 pedestrian_injured, 0.0 pedestrian_killed, Fair (Night), EDSA (SB) after Ayala Ave., Bgy. San Lorenzo Makati",MMDA Road Safety Unit,,bfda47ff-ee48-4cb8-8c2e-4253a1f23a34,2013-01-01,12:00:00,Edsa (SB) Between Buendia & Estrella St.  Makati,0,0,0,0,0,0,0,0,0,0,2013-01-01 20:00,Property,14.55024379,121.0293798,No Collision Stated
None,EDSA,None,None,"No Accident Factor, Rear-end, 0.0 drivers_injured, 0.0 drivers_killed, 0.0 passengers_injured, 0.0 passengers_killed, 0.0 pedestrian_injured, 0.0 pedestrian_killed, Fair (Day), EDSA (SB) Magallanes Off-Ramp  Makati",MMDA Road Safety Unit,,2563cf2a-1376-4779-b927-a3a571ad55f1,2012-12-28,09:00:00,Edsa (SB) After Estrella St. Makati,0,0,0,0,0,0,0,0,0,0,2012-12-28 17:00,Property,14.54246377,121.0197837,Rear-End
None,EDSA,None,None,"No Accident Factor, No Collision Stated (based on Police Blotter Book), 0.0 drivers_injured, 0.0 drivers_killed, 0.0 passengers_injured, 0.0 passengers_killed, 0.0 pedestrian_injured, 0.0 pedestrian_killed, Fair (Day), EDSA (SB) between Magallanes & Arnaiz Ave. Makati",MMDA Road Safety Unit,,85c7f842-e8e8-49c8-8c68-5653872c1e29,2012-12-23,05:00:00,Edsa (SB) before Ayala Ave. Makati,0,0,0,0,0,0,0,0,0,0,2012-12-23 13:00,Property,14.54213513,121.019372,No Collision Stated
None,EDSA,None,None,"No Accident Factor, Self-Accident, 0.0 drivers_injured, 0.0 drivers_killed, 0.0 passengers_injured, 0.0 passengers_killed, 0.0 pedestrian_injured, 0.0 pedestrian_killed, Fair (Day), EDSA (SB) Ayala Makati",MMDA Road Safety Unit,,7ca434df-e875-4039-b731-7081cab84b23,2012-12-22,08:50:00,Edsa (SB) Between Estrella St. & Sen. Gil Puyat Ave. Makati,0,0,0,0,0,0,0,0,0,0,2012-12-22 16:50,Property,14.54918586,121.0279716,Self-Accident
None,EDSA,None,None,"No Accident Factor, Rear-end, 0.0 drivers_injured, 0.0 drivers_killed, 0.0 passengers_injured, 0.0 passengers_killed, 0.0 pedestrian_injured, 0.0 pedestrian_killed, Fair (Night), EDSA (SB) MRT Magallanes Station  Makati",MMDA Road Safety Unit,,50cb9efc-7d2f-4062-ab7f-4fb21d0df246,2012-12-21,15:55:00,"Edsa (SB) Ayala Loading Bay, Bgy. San Lorenzo Makati",0,0,0,0,0,0,0,0,0,0,2012-12-21 23:55,Property,14.54200052,121.0194596,Rear-End
None,EDSA,None,None,"No Accident Factor, Side Swipe, 0.0 drivers_injured, 0.0 drivers_killed, 0.0 passengers_injured, 0.0 passengers_killed, 0.0 pedestrian_injured, 0.0 pedestrian_killed, Fair (Day), EDSA (SB) Evangelista St., Bgy. Bangkal Makati",MMDA Road Safety Unit,,352b7910-4621-4838-ba6e-0f86ddc5c406,2012-12-21,02:05:00,Edsa (SB) before Sen. Gil Puyat Ave. Makati,0,0,0,0,0,0,0,0,0,0,2012-12-21 10:05,Property,14.53903137,121.0123272,Side Swipe
None,EDSA,None,None,"No Accident Factor, Side Swipe, 0.0 drivers_injured, 0.0 drivers_killed, 0.0 passengers_injured, 0.0 passengers_killed, 0.0 pedestrian_injured, 0.0 pedestrian_killed, Fair (Day), EDSA (SB) Sen. Gil Puyat Ave. Makati",MMDA Road Safety Unit,,abd9e421-3fd5-44ee-a1ae-36a226e189b2,2012-12-20,06:45:00,Edsa (SB) Estrella St. Makati,0,0,0,0,0,0,0,0,0,0,2012-12-20 14:45,Property,14.55496432,121.0348612,Side Swipe
None,EDSA,None,None,"No Accident Factor, Rear-end, 0.0 drivers_injured, 0.0 drivers_killed, 0.0 passengers_injured, 0.0 passengers_killed, 0.0 pedestrian_injured, 0.0 pedestrian_killed, Fair (Day), EDSA (SB) Magallanes Station Makati",MMDA Road Safety Unit,,32d20139-c087-4f8c-ba4a-7196358ec5b7,2012-12-20,04:50:00,"Edsa (SB) Service Road,before Chino Roces Ave. Makati",0,0,0,0,0,0,0,0,0,0,2012-12-20 12:50,Property,14.53930817,121.0141969,Rear-End
None,EDSA,None,None,"No Accident Factor, Rear-end, 0.0 drivers_injured, 0.0 drivers_killed, 0.0 passengers_injured, 0.0 passengers_killed, 0.0 pedestrian_injured, 0.0 pedestrian_killed, Fair (Night), EDSA (SB) before Sen. Gil Puyat Ave. Makati",MMDA Road Safety Unit,,3135a133-ecaa-404e-9d01-9aee0b67b1e4,2012-12-19,17:30:00,Edsa (SB) before Ayala Ave. Makati,0,0,0,0,0,0,0,0,0,0,2012-12-20 1:30,Property,14.55551148,121.035243,Rear-End
None,EDSA,None,None,"No Accident Factor, Rear-end, 0.0 drivers_injured, 0.0 drivers_killed, 0.0 passengers_injured, 0.0 passengers_killed, 0.0 pedestrian_injured, 0.0 pedestrian_killed, Fair (Night), EDSA (SB) Estrella St. & Buendia Makati",MMDA Road Safety Unit,,51084a2b-6629-4576-87cd-9e7e4503be3b,2012-12-19,12:10:00,Edsa (SB) Magallanes Interchange Makati,0,0,0,0,0,0,0,0,0,0,2012-12-19 20:10,Property,14.56002889,121.040751,Rear-End
None,EDSA,None,None,"No Accident Factor, No Collision Stated (based on Police Blotter Book), 0.0 drivers_injured, 0.0 drivers_killed, 0.0 passengers_injured, 0.0 passengers_killed, 0.0 pedestrian_injured, 0.0 pedestrian_killed, Fair (Night), Edsa (SB) before Magallanes On Ramp Makati",MMDA Road Safety Unit,,4a29a89c-3606-4390-ade2-4da6bc12d97b,2012-12-17,18:35:00,EDSA (SB) Underneath Guadalupe MRT Station Makati,0,0,0,0,0,0,0,0,0,0,2012-12-18 2:35,Property,14.54237891,121.0197811,No Collision Stated
None,EDSA,None,None,"No Accident Factor, Rear-end, 0.0 drivers_injured, 0.0 drivers_killed, 0.0 passengers_injured, 0.0 passengers_killed, 0.0 pedestrian_injured, 0.0 pedestrian_killed, Fair (Day), Edsa (SB) Between Buendia & Estrella St.  Makati",MMDA Road Safety Unit,,a040a3d5-a224-4a00-ba63-1f041713d9b5,2012-12-17,00:10:00,EDSA (SB) Approaching Ayala Ave. Brgy. Urdaneta Makati,0,0,0,0,0,0,0,0,0,0,2012-12-17 8:10,Property,14.55563411,121.0356102,Rear-End
None,EDSA,None,None,"No Accident Factor, No Collision Stated (based on Police Blotter Book), 0.0 drivers_injured, 0.0 drivers_killed, 0.0 passengers_injured, 0.0 passengers_killed, 0.0 pedestrian_injured, 0.0 pedestrian_killed, Fair (Day), Edsa (SB) After Estrella St. Makati",MMDA Road Safety Unit,,51f9864b-ea6f-4266-b1a6-916c9e19ffb6,2012-12-15,02:50:00,EDSA (SB) Approasching Evangelista St. Makati,0,0,0,0,0,0,0,0,0,0,2012-12-15 10:50,Property,14.56019425,121.0409398,No Collision Stated
None,EDSA,None,None,"No Accident Factor, Rear-end, 0.0 drivers_injured, 0.0 drivers_killed, 0.0 passengers_injured, 0.0 passengers_killed, 0.0 pedestrian_injured, 0.0 pedestrian_killed, Fair (Day), Edsa (SB) before Ayala Ave. Makati",MMDA Road Safety Unit,,9dea3d74-535d-45ba-9289-19683d6034a6,2012-12-13,09:20:00,EDSA (SB) Buendia Makati,0,0,0,0,0,0,0,0,0,0,2012-12-13 17:20,Property,14.55063226,121.0295437,Rear-End
None,EDSA,None,None,"No Accident Factor, Rear-end, 0.0 drivers_injured, 0.0 drivers_killed, 0.0 passengers_injured, 0.0 passengers_killed, 0.0 pedestrian_injured, 0.0 pedestrian_killed, Fair (Day), Edsa (SB) Between Estrella St. & Sen. Gil Puyat Ave. Makati",MMDA Road Safety Unit,,2b12afef-a1ea-4cb9-80d9-0edb794462ea,2012-12-13,07:00:00,EDSA (SB) Buendia fronting Shell gas station Makati,0,0,0,0,0,0,0,0,0,0,2012-12-13 15:00,Property,14.55575407,121.0356582,Rear-End
None,EDSA,None,None,"No Accident Factor, No Collision Stated (based on Police Blotter Book), 0.0 drivers_injured, 0.0 drivers_killed, 0.0 passengers_injured, 0.0 passengers_killed, 0.0 pedestrian_injured, 0.0 pedestrian_killed, Fair (Day), Edsa (SB) Ayala Loading Bay, Bgy. San Lorenzo Makati",MMDA Road Safety Unit,,116a6fc4-23f2-4901-979f-5a9335487803,2012-12-12,07:40:00,EDSA (SB) Ayala Loading Bay Makati,0,0,0,0,0,0,0,0,0,0,2012-12-12 15:40,Property,14.54886,121.0276063,No Collision Stated
None,EDSA,None,None,"No Accident Factor, Side Swipe, 0.0 drivers_injured, 0.0 drivers_killed, 0.0 passengers_injured, 0.0 passengers_killed, 0.0 pedestrian_injured, 0.0 pedestrian_killed, Fair (Day), Edsa (SB) before Sen. Gil Puyat Ave. Makati",MMDA Road Safety Unit,,8498915b-d1ec-45cf-a225-f3e3655a6288,2012-12-05,02:30:00,EDSA (SB) Approaching Buendia Brgy. Urdaneta Vill. Makati,0,0,0,0,0,0,0,0,0,0,2012-12-05 10:30,Property,14.55551148,121.035243,Side Swipe
None,EDSA,None,None,"No Accident Factor, Side Swipe, 0.0 drivers_injured, 0.0 drivers_killed, 0.0 passengers_injured, 0.0 passengers_killed, 0.0 pedestrian_injured, 0.0 pedestrian_killed, Fair (Night), Edsa (SB) Estrella St. Makati",MMDA Road Safety Unit,,06ad91d2-1a63-432c-a893-0239b15a1fd8,2012-12-03,11:20:00,EDSA (SB) Nativedad St. Bangkal Makati,0,0,0,0,0,0,0,0,0,0,2012-12-03 19:20,Property,14.56002889,121.040751,Side Swipe
None,EDSA,None,None,"No Accident Factor, No Collision Stated (based on Police Blotter Book), 0.0 drivers_injured, 0.0 drivers_killed, 0.0 passengers_injured, 0.0 passengers_killed, 0.0 pedestrian_injured, 0.0 pedestrian_killed, Fair (Day), Edsa (SB) Service Road,before Chino Roces Ave. Makati",MMDA Road Safety Unit,,8bf4c4dd-f8bb-45de-afec-084070b9a5e6,2012-12-03,06:30:00,EDSA (SB) Estrella St. Makati,0,0,0,0,0,0,0,0,0,0,2012-12-03 14:30,Property,14.54175543,121.0187222,No Collision Stated
None,EDSA,None,None,"No Accident Factor, No Collision Stated (based on Police Blotter Book), 0.0 drivers_injured, 0.0 drivers_killed, 0.0 passengers_injured, 0.0 passengers_killed, 0.0 pedestrian_injured, 0.0 pedestrian_killed, Fair (Day), Edsa (SB) before Ayala Ave. Makati",MMDA Road Safety Unit,,ce06b1fd-f6e6-430d-911d-224ecbd94c97,2012-12-01,08:30:00,EDSA (SB) Ayala Ave. Makati,0,0,0,0,0,0,0,0,0,0,2012-12-01 16:30,Property,14.55063226,121.0295437,No Collision Stated
None,EDSA,None,None,"No Accident Factor, Rear-end, 0.0 drivers_injured, 0.0 drivers_killed, 0.0 passengers_injured, 0.0 passengers_killed, 0.0 pedestrian_injured, 0.0 pedestrian_killed, Fair (Day), Edsa (SB) Magallanes Interchange Makati",MMDA Road Safety Unit,,609fcd9d-35d2-4dbe-b5c5-b19807ae7b1b,2012-12-01,05:30:00,EDSA (SB) Near Ayala Edsa Loading Bay  Makati,0,0,0,0,0,0,0,0,0,0,2012-12-01 13:30,Property,14.54028633,121.0167655,Rear-End
None,EDSA,None,None,"No Accident Factor, Side Swipe, 0.0 drivers_injured, 0.0 drivers_killed, 0.0 passengers_injured, 0.0 passengers_killed, 0.0 pedestrian_injured, 0.0 pedestrian_killed, Fair (Night), EDSA (SB) Underneath Guadalupe MRT Station Makati",MMDA Road Safety Unit,,ef43de32-f1ce-4813-ac2d-873a41b0a551,2012-11-25,10:45:00,EDSA (SB) EStrella St. Makati,0,0,0,0,0,0,0,0,0,0,2012-11-25 18:45,Property,14.56691708,121.0452809,Side Swipe
None,EDSA,None,None,"No Accident Factor, No Collision Stated (based on Police Blotter Book), 0.0 drivers_injured, 0.0 drivers_killed, 0.0 passengers_injured, 0.0 passengers_killed, 0.0 pedestrian_injured, 0.0 pedestrian_killed, Fair (Day), EDSA (SB) Approaching Ayala Ave. Brgy. Urdaneta Makati",MMDA Road Safety Unit,,f3b49875-39ea-4aa1-ad15-eeb0876203f7,2012-11-24,01:30:00,EDSA (SB) Approaching Magallanes MRT Station Makati,0,0,0,0,0,0,0,0,0,0,2012-11-24 9:30,Property,14.55028537,121.0293488,No Collision Stated