LOCATION_TEXT,ROAD,WEATHER,LIGHT,DESC,REPORTING_AGENCY,MAIN_CAUSE,INCIDENTDETAILS_ID,DATE_UTC,TIME_UTC,ADDRESS,killed_driver,killed_passenger,killed_pedestrian,injured_driver,injured_passenger,injured_pedestrian,killed_uncategorized,injured_uncategorized,killed_total,injured_total,DATETIME_PST,SEVERITY,Y,X,COLLISION_TYPE
None,EDSA,None,None,"No Accident Factor, No Collision Stated (based on Police Blotter Book), 0.0 drivers_injured, 0.0 drivers_killed, 0.0 passengers_injured, 0.0 passengers_killed, 0.0 pedestrian_injured, 0.0 pedestrian_killed, Fair (Night), EDSA (SB) Approasching Evangelista St. Makati",MMDA Road Safety Unit,,a14f1b9c-7021-4f6b-8b4c-82b1f849f6e0,2012-11-22,19:30:00,EDSA (SB) After Gil Puyat   Makati,0,0,0,0,0,0,0,0,0,0,2012-11-23 3:30,Property,14.53914476,121.0124743,No Collision Stated
None,EDSA,None,None,"No Accident Factor, No Collision Stated (based on Police Blotter Book), 0.0 drivers_injured, 0.0 drivers_killed, 0.0 passengers_injured, 0.0 passengers_killed, 0.0 pedestrian_injured, 0.0 pedestrian_killed, Fair (Night), EDSA (SB) Buendia Makati",MMDA Road Safety Unit,,b00edfda-08ab-410c-ace6-5e2fcafb0472,2012-11-21,11:25:00,EDSA (SB) Guadalupe Loading Bay Makati,0,0,0,0,0,0,0,0,0,0,2012-11-21 19:25,Property,14.55505269,121.034707,No Collision Stated
None,EDSA,None,None,"No Accident Factor, No Collision Stated (based on Police Blotter Book), 0.0 drivers_injured, 0.0 drivers_killed, 0.0 passengers_injured, 0.0 passengers_killed, 0.0 pedestrian_injured, 0.0 pedestrian_killed, Fair (Night), EDSA (SB) Buendia fronting Shell gas station Makati",MMDA Road Safety Unit,,9e1ede7b-8ffa-4ec6-a941-b67ff850ac4a,2012-11-20,21:20:00,EDSA (SB) Ayala Ave. Makati,0,0,0,0,0,0,0,0,0,0,2012-11-21 5:20,Property,14.55532434,121.0351661,No Collision Stated
None,EDSA,None,None,"No Accident Factor, Side Swipe, 0.0 drivers_injured, 0.0 drivers_killed, 0.0 passengers_injured, 0.0 passengers_killed, 0.0 pedestrian_injured, 0.0 pedestrian_killed, Fair (Night), EDSA (SB) Ayala Loading Bay Makati",MMDA Road Safety Unit,,3d31c0a7-0316-4037-ae2d-9c7e66692565,2012-11-17,14:00:00,EDSA (SB) Palm Drive Makati,0,0,0,0,0,0,0,0,0,0,2012-11-17 22:00,Property,14.54886,121.0276063,Side Swipe
None,EDSA,None,None,"No Accident Factor, No Collision Stated (based on Police Blotter Book), 0.0 drivers_injured, 0.0 drivers_killed, 0.0 passengers_injured, 0.0 passengers_killed, 0.0 pedestrian_injured, 0.0 pedestrian_killed, Fair (Day), EDSA (SB) Approaching Buendia Brgy. Urdaneta Vill. Makati",MMDA Road Safety Unit,,8dc32186-775b-43a3-9b7c-d2f9593de3f8,2012-11-16,01:15:00,EDSA (SB) Ayala Loading Bay Makati,0,0,0,0,0,0,0,0,0,0,2012-11-16 9:15,Property,14.55537485,121.0354873,No Collision Stated
None,EDSA,None,None,"No Accident Factor, No Collision Stated (based on Police Blotter Book), 0.0 drivers_injured, 0.0 drivers_killed, 0.0 passengers_injured, 0.0 passengers_killed, 0.0 pedestrian_injured, 0.0 pedestrian_killed, Fair (Day), EDSA (SB) Nativedad St. Bangkal Makati",MMDA Road Safety Unit,,821a3dc7-05ca-469a-9ab7-ea13a5e97063,2012-11-14,04:50:00,EDSA (SB) near Estrella St. Makati,0,0,0,0,0,0,0,0,0,0,2012-11-14 12:50,Property,14.54016446,121.015786,No Collision Stated
None,EDSA,None,None,"No Accident Factor, No Collision Stated (based on Police Blotter Book), 0.0 drivers_injured, 0.0 drivers_killed, 0.0 passengers_injured, 0.0 passengers_killed, 0.0 pedestrian_injured, 0.0 pedestrian_killed, Fair (Day), EDSA (SB) Estrella St. Makati",MMDA Road Safety Unit,,90549450-c295-424c-80b3-03d1bda21b70,2012-11-11,23:20:00,EDSA (SB) Ayala Loading Bay Makati,0,0,0,0,0,0,0,0,0,0,2012-11-12 7:20,Property,14.56002889,121.040751,No Collision Stated
None,EDSA,None,None,"No Accident Factor, Angle Impact, 0.0 drivers_injured, 0.0 drivers_killed, 0.0 passengers_injured, 0.0 passengers_killed, 0.0 pedestrian_injured, 0.0 pedestrian_killed, Fair (Day), EDSA (SB) Ayala Ave. Makati",MMDA Road Safety Unit,,199b6020-2b04-4621-bb56-614a4554accc,2012-11-11,22:00:00,EDSA (SB) Sen. Gil Puyat Ave. Makati,0,0,0,0,0,0,0,0,0,0,2012-11-12 6:00,Property,14.55022912,121.0292348,Angle Impact
None,EDSA,None,None,"No Accident Factor, No Collision Stated (based on Police Blotter Book), 0.0 drivers_injured, 0.0 drivers_killed, 0.0 passengers_injured, 0.0 passengers_killed, 0.0 pedestrian_injured, 0.0 pedestrian_killed, Fair (Night), EDSA (SB) Near Ayala Edsa Loading Bay  Makati",MMDA Road Safety Unit,,946285f6-2e1f-4f44-b600-fe70b745d703,2012-11-11,11:30:00,EDSA (SB) Buendia Makati,0,0,0,0,0,0,0,0,0,0,2012-11-11 19:30,Property,14.5490456,121.0276415,No Collision Stated
None,EDSA,None,None,"No Accident Factor, No Collision Stated (based on Police Blotter Book), 0.0 drivers_injured, 0.0 drivers_killed, 0.0 passengers_injured, 0.0 passengers_killed, 0.0 pedestrian_injured, 0.0 pedestrian_killed, Fair (Day), EDSA (SB) EStrella St. Makati",MMDA Road Safety Unit,,c0e59fd3-8227-4584-97de-b4a57ac5707a,2012-11-10,09:30:00,EDSA (SB) near Ayala Ave. Makati,0,0,0,0,0,0,0,0,0,0,2012-11-10 17:30,Property,14.56002889,121.040751,No Collision Stated
None,EDSA,None,None,"No Accident Factor, No Collision Stated (based on Police Blotter Book), 0.0 drivers_injured, 0.0 drivers_killed, 0.0 passengers_injured, 0.0 passengers_killed, 0.0 pedestrian_injured, 0.0 pedestrian_killed, Fair (Night), EDSA (SB) Approaching Magallanes MRT Station Makati",MMDA Road Safety Unit,,73e94bd1-76f1-489b-99d4-3a1a20a0a461,2012-11-09,18:35:00,EDSA (SB) Ayala Ave. Makati,0,0,0,0,0,0,0,0,0,0,2012-11-10 2:35,Property,14.54181322,121.0191319,No Collision Stated
None,EDSA,None,None,"No Accident Factor, Side Swipe, 0.0 drivers_injured, 0.0 drivers_killed, 0.0 passengers_injured, 0.0 passengers_killed, 0.0 pedestrian_injured, 0.0 pedestrian_killed, Fair (Night), EDSA (SB) After Gil Puyat   Makati",MMDA Road Safety Unit,,3100353a-65d4-42bf-9826-b3d1f3a5dceb,2012-11-09,11:15:00,EDSA (SB) Estrella St. Makati,0,0,0,0,0,0,0,0,0,0,2012-11-09 19:15,Property,14.55494329,121.0346356,Side Swipe
None,EDSA,None,None,"No Accident Factor, Side Swipe, 0.0 drivers_injured, 0.0 drivers_killed, 0.0 passengers_injured, 0.0 passengers_killed, 0.0 pedestrian_injured, 0.0 pedestrian_killed, Fair (Day), EDSA (SB) Guadalupe Loading Bay Makati",MMDA Road Safety Unit,,bd5aa0a7-7cda-4f40-992f-ea71070770dc,2012-11-09,02:00:00,EDSA (SB) after Estrella St. Makati,0,0,0,0,0,0,0,0,0,0,2012-11-09 10:00,Property,14.56473213,121.0447625,Side Swipe
None,EDSA,None,None,"No Accident Factor, Angle Impact, 0.0 drivers_injured, 0.0 drivers_killed, 0.0 passengers_injured, 0.0 passengers_killed, 0.0 pedestrian_injured, 0.0 pedestrian_killed, Fair (Night), EDSA (SB) Ayala Ave. Makati",MMDA Road Safety Unit,,b46dfa0f-bc2d-46c2-bac5-2e7bfc754b92,2012-11-07,11:45:00,EDSA (SB) Estrella St. Makati,0,0,0,0,0,0,0,0,0,0,2012-11-07 19:45,Property,14.55022912,121.0292348,Angle Impact
None,EDSA,None,None,"No Accident Factor, Side Swipe, 0.0 drivers_injured, 0.0 drivers_killed, 0.0 passengers_injured, 0.0 passengers_killed, 0.0 pedestrian_injured, 0.0 pedestrian_killed, Fair (Day), EDSA (SB) Palm Drive Makati",MMDA Road Safety Unit,,1d4b2b51-93fd-4cbe-8d21-cc50e85337ab,2012-11-07,01:30:00,EDSA (SB) near Estrella St. Makati,0,0,0,0,0,0,0,0,0,0,2012-11-07 9:30,Property,14.54848063,121.0270791,Side Swipe
None,EDSA,None,None,"No Accident Factor, Side Swipe, 0.0 drivers_injured, 0.0 drivers_killed, 1.0 passengers_injured, 0.0 passengers_killed, 0.0 pedestrian_injured, 0.0 pedestrian_killed, Fair (Day), EDSA (SB) Ayala Loading Bay Makati",MMDA Road Safety Unit,,4f5b3071-db8c-4016-a433-31a61563bb13,2012-11-05,04:15:00,EDSA (SB) near Estrella St. Makati,0,0,0,0,1,0,0,0,0,1,2012-11-05 12:15,Injury,14.54886,121.0276063,Side Swipe
None,EDSA,None,None,"No Accident Factor, Rear-end, 0.0 drivers_injured, 0.0 drivers_killed, 0.0 passengers_injured, 0.0 passengers_killed, 0.0 pedestrian_injured, 0.0 pedestrian_killed, Fair (Night), EDSA (SB) near Estrella St. Makati",MMDA Road Safety Unit,,08327c22-3112-486e-b51a-85e2d2e9acad,2012-11-04,21:00:00,EDSA (SB) Ayala Ave. Brgy. Urdaneta Makati,0,0,0,0,0,0,0,0,0,0,2012-11-05 5:00,Property,14.55948844,121.0401715,Rear-End
None,EDSA,None,None,"No Accident Factor, Side Swipe, 0.0 drivers_injured, 0.0 drivers_killed, 0.0 passengers_injured, 0.0 passengers_killed, 0.0 pedestrian_injured, 0.0 pedestrian_killed, Fair (Night), EDSA (SB) Ayala Loading Bay Makati",MMDA Road Safety Unit,,6f16307c-964d-45b7-adb3-2a4f72a0a5ef,2012-11-03,11:00:00,EDSA (SB) Estrella st. Brgy.Guadalupe Viejo Makati,0,0,0,0,0,0,0,0,0,0,2012-11-03 19:00,Property,14.54886,121.0276063,Side Swipe
None,EDSA,None,None,"No Accident Factor, Rear-end, 0.0 drivers_injured, 0.0 drivers_killed, 0.0 passengers_injured, 0.0 passengers_killed, 0.0 pedestrian_injured, 0.0 pedestrian_killed, Fair (Night), EDSA (SB) Sen. Gil Puyat Ave. Makati",MMDA Road Safety Unit,,6de5b802-b67c-40a9-82b9-1826754089ed,2012-11-01,17:50:00,EDSA (SB) before Kalayaan UTS Makati,0,0,0,0,0,0,0,0,0,0,2012-11-02 1:50,Property,14.55496432,121.0348612,Rear-End
None,EDSA,None,None,"No Accident Factor, No Collision Stated (based on Police Blotter Book), 0.0 drivers_injured, 0.0 drivers_killed, 0.0 passengers_injured, 0.0 passengers_killed, 0.0 pedestrian_injured, 0.0 pedestrian_killed, Fair (Day), EDSA (SB) Buendia Makati",MMDA Road Safety Unit,,408de1f4-b65d-4af0-abf8-4e93a7bfada3,2012-10-31,03:30:00,EDSA (SB) Buendia Ave. Makati,0,0,0,0,0,0,0,0,0,0,2012-10-31 11:30,Property,14.55505269,121.034707,No Collision Stated
None,EDSA,None,None,"No Accident Factor, No Collision Stated (based on Police Blotter Book), 0.0 drivers_injured, 0.0 drivers_killed, 0.0 passengers_injured, 0.0 passengers_killed, 0.0 pedestrian_injured, 0.0 pedestrian_killed, Fair (Night), EDSA (SB) near Ayala Ave. Makati",MMDA Road Safety Unit,,2b778491-fa4b-4590-a539-b98965b1314a,2012-10-29,11:30:00,EDSA (SB) between Estrella & Sen. Gil Puyat Ave. Makati,0,0,0,0,0,0,0,0,0,0,2012-10-29 19:30,Property,14.55079704,121.0297738,No Collision Stated
None,EDSA,None,None,"No Accident Factor, No Collision Stated (based on Police Blotter Book), 0.0 drivers_injured, 0.0 drivers_killed, 1.0 passengers_injured, 0.0 passengers_killed, 0.0 pedestrian_injured, 0.0 pedestrian_killed, Fair (Night), EDSA (SB) Ayala Ave. Makati",MMDA Road Safety Unit,,6fe7a031-aefe-4ffb-888d-6304a26400a0,2012-10-29,10:30:00,EDSA (SB) Magallanes Ave. Makati,0,0,0,0,1,0,0,0,0,1,2012-10-29 18:30,Injury,14.55022912,121.0292348,No Collision Stated
None,EDSA,None,None,"No Accident Factor, Hit and Run (No Collision Stated), 0.0 drivers_injured, 0.0 drivers_killed, 0.0 passengers_injured, 0.0 passengers_killed, 0.0 pedestrian_injured, 0.0 pedestrian_killed, Fair (Day), EDSA (SB) Estrella St. Makati",MMDA Road Safety Unit,,3d82f308-c7e3-4593-a909-a88b19968d50,2012-10-27,07:10:00,EDSA (SB) Estrella St. Makati,0,0,0,0,0,0,0,0,0,0,2012-10-27 15:10,Property,14.56002889,121.040751,No Collision Stated
None,EDSA,None,None,"No Accident Factor, Hit and Run (No Collision Stated), 0.0 drivers_injured, 0.0 drivers_killed, 0.0 passengers_injured, 0.0 passengers_killed, 0.0 pedestrian_injured, 0.0 pedestrian_killed, Fair (Day), EDSA (SB) after Estrella St. Makati",MMDA Road Safety Unit,,93556522-93c1-49df-b80f-d4f4c942a703,2012-10-27,05:00:00,EDSA (SB) between Ayala & Buendia Makati,0,0,0,0,0,0,0,0,0,0,2012-10-27 13:00,Property,14.56019425,121.0409398,No Collision Stated
None,EDSA,None,None,"No Accident Factor, Rear-end, 0.0 drivers_injured, 0.0 drivers_killed, 0.0 passengers_injured, 0.0 passengers_killed, 0.0 pedestrian_injured, 0.0 pedestrian_killed, Fair (Night), EDSA (SB) Estrella St. Makati",MMDA Road Safety Unit,,9843a8dd-dff2-447e-a142-4546fef889d4,2012-10-26,17:50:00,EDSA (SB) between Ayala & Buendia Makati,0,0,0,0,0,0,0,0,0,0,2012-10-27 1:50,Property,14.56002889,121.040751,Rear-End
None,EDSA,None,None,"No Accident Factor, No Collision Stated (based on Police Blotter Book), 0.0 drivers_injured, 0.0 drivers_killed, 0.0 passengers_injured, 0.0 passengers_killed, 0.0 pedestrian_injured, 0.0 pedestrian_killed, Fair (Night), EDSA (SB) near Estrella St. Makati",MMDA Road Safety Unit,,f0d03482-3618-44c3-837e-046f4a1b431d,2012-10-25,15:45:00,EDSA (SB) after Evangelista St. Makati,0,0,0,0,0,0,0,0,0,0,2012-10-25 23:45,Property,14.55948844,121.0401715,No Collision Stated
None,EDSA,None,None,"No Accident Factor, Hit and Run (No Collision Stated), 0.0 drivers_injured, 0.0 drivers_killed, 0.0 passengers_injured, 0.0 passengers_killed, 0.0 pedestrian_injured, 0.0 pedestrian_killed, Fair (Night), EDSA (SB) near Estrella St. Makati",MMDA Road Safety Unit,,d9f5084d-a43f-4d3e-9e17-79910e879370,2012-10-25,12:40:00,"EDSA (SB) Estrella St., Brgy. Guadalupe Viejo Makati",0,0,0,0,0,0,0,0,0,0,2012-10-25 20:40,Property,14.55948844,121.0401715,No Collision Stated
None,EDSA,None,None,"No Accident Factor, No Collision Stated (based on Police Blotter Book), 0.0 drivers_injured, 0.0 drivers_killed, 0.0 passengers_injured, 0.0 passengers_killed, 0.0 pedestrian_injured, 0.0 pedestrian_killed, Fair (Day), EDSA (SB) Ayala Ave. Brgy. Urdaneta Makati",MMDA Road Safety Unit,,d04114e6-1297-447a-b372-357bb905d35e,2012-10-23,02:30:00,EDSA (SB) Buendia Ave. Makati,0,0,0,0,0,0,0,0,0,0,2012-10-23 10:30,Property,14.55022912,121.0292348,No Collision Stated
None,EDSA,None,None,"No Accident Factor, No Collision Stated (based on Police Blotter Book), 0.0 drivers_injured, 0.0 drivers_killed, 0.0 passengers_injured, 0.0 passengers_killed, 0.0 pedestrian_injured, 0.0 pedestrian_killed, Fair (Day), EDSA (SB) Estrella st. Brgy.Guadalupe Viejo Makati",MMDA Road Safety Unit,,900fd185-24aa-451e-9f8f-393c3f7ce1bd,2012-10-21,23:40:00,EDSA (SB) Approaching Shell Buendia Makati,0,0,0,0,0,0,0,0,0,0,2012-10-22 7:40,Property,14.56002889,121.040751,No Collision Stated
None,EDSA,None,None,"No Accident Factor, Other (Multiple), 0.0 drivers_injured, 0.0 drivers_killed, 0.0 passengers_injured, 0.0 passengers_killed, 0.0 pedestrian_injured, 0.0 pedestrian_killed, Fair (Day), EDSA (SB) before Kalayaan UTS Makati",MMDA Road Safety Unit,,f9697ad5-f3c4-4b7b-a09b-0a12ec09a555,2012-10-15,09:20:00,EDSA (SB) Estrella St. Bgy. Guadalupe Makati,0,0,0,0,0,0,0,0,0,0,2012-10-15 17:20,Property,14.55809728,121.0385096,Multiple
None,EDSA,None,None,"No Accident Factor, No Collision Stated (based on Police Blotter Book), 0.0 drivers_injured, 0.0 drivers_killed, 0.0 passengers_injured, 0.0 passengers_killed, 0.0 pedestrian_injured, 0.0 pedestrian_killed, Fair (Day), EDSA (SB) Buendia Ave. Makati",MMDA Road Safety Unit,,44672f92-e206-49c3-98fa-ff65970552f2,2012-10-15,09:00:00,EDSA (SB) Ayala Ave. Makati,0,0,0,0,0,0,0,0,0,0,2012-10-15 17:00,Property,14.55505269,121.034707,No Collision Stated
None,EDSA,None,None,"No Accident Factor, No Collision Stated (based on Police Blotter Book), 0.0 drivers_injured, 0.0 drivers_killed, 0.0 passengers_injured, 0.0 passengers_killed, 0.0 pedestrian_injured, 0.0 pedestrian_killed, Fair (Day), EDSA (SB) between Estrella & Sen. Gil Puyat Ave. Makati",MMDA Road Safety Unit,,1e59c87f-0dfd-43da-a146-3551373273df,2012-10-13,02:00:00,EDSA (SB) near Ayala Ave. Makati,0,0,0,0,0,0,0,0,0,0,2012-10-13 10:00,Property,14.55575407,121.0356582,No Collision Stated
None,EDSA,None,None,"No Accident Factor, No Collision Stated (based on Police Blotter Book), 0.0 drivers_injured, 0.0 drivers_killed, 0.0 passengers_injured, 0.0 passengers_killed, 0.0 pedestrian_injured, 0.0 pedestrian_killed, Fair (Night), EDSA (SB) Magallanes Ave. Makati",MMDA Road Safety Unit,,809a8a8e-83cf-4441-912a-95aff9ae7239,2012-10-12,11:45:00,EDSA (SB) Buendia Brgy.Bel-Air Makati,0,0,0,0,0,0,0,0,0,0,2012-10-12 19:45,Property,14.53938592,121.0142024,No Collision Stated
None,EDSA,None,None,"No Accident Factor, Rear-end, 0.0 drivers_injured, 0.0 drivers_killed, 0.0 passengers_injured, 0.0 passengers_killed, 0.0 pedestrian_injured, 0.0 pedestrian_killed, Fair (Night), EDSA (SB) Estrella St. Makati",MMDA Road Safety Unit,,5ca8a409-66f2-41eb-9510-d32b117a72c8,2012-10-12,11:15:00,EDSA (SB) Sen.Gil Puyat Ave. Makati,0,0,0,0,0,0,0,0,0,0,2012-10-12 19:15,Property,14.56002889,121.040751,Rear-End
None,EDSA,None,None,"No Accident Factor, Rear-end, 0.0 drivers_injured, 0.0 drivers_killed, 0.0 passengers_injured, 0.0 passengers_killed, 0.0 pedestrian_injured, 0.0 pedestrian_killed, Fair (Night), EDSA (SB) between Ayala & Buendia Makati",MMDA Road Safety Unit,,bf427f0b-d8bb-4366-9d91-2275f94c4d3d,2012-10-12,10:45:00,EDSA (SB) Buendia Ave. Makati,0,0,0,0,0,0,0,0,0,0,2012-10-12 18:45,Property,14.55382243,121.0334169,Rear-End
None,EDSA,None,None,"No Accident Factor, Side Swipe, 0.0 drivers_injured, 0.0 drivers_killed, 0.0 passengers_injured, 0.0 passengers_killed, 0.0 pedestrian_injured, 0.0 pedestrian_killed, Fair (Day), EDSA (SB) between Ayala & Buendia Makati",MMDA Road Safety Unit,,c98af29d-497c-4b0e-a415-bc584f1f399e,2012-10-12,08:30:00,EDSA (SB) before MRT-Magallanes Station Makati,0,0,0,0,0,0,0,0,0,0,2012-10-12 16:30,Property,14.55382243,121.0334169,Side Swipe
None,EDSA,None,None,"No Accident Factor, No Collision Stated (based on Police Blotter Book), 0.0 drivers_injured, 0.0 drivers_killed, 0.0 passengers_injured, 0.0 passengers_killed, 0.0 pedestrian_injured, 0.0 pedestrian_killed, Fair (Day), EDSA (SB) after Evangelista St. Makati",MMDA Road Safety Unit,,f520ec10-95b0-4fe9-8704-b9cf24161d01,2012-10-12,03:30:00,"EDSA (SB) fronting Loyola, Guadalupe Makati",0,0,0,0,0,0,0,0,0,0,2012-10-12 11:30,Property,14.53908511,121.0122919,No Collision Stated
None,EDSA,None,None,"No Accident Factor, No Collision Stated (based on Police Blotter Book), 0.0 drivers_injured, 0.0 drivers_killed, 0.0 passengers_injured, 0.0 passengers_killed, 0.0 pedestrian_injured, 0.0 pedestrian_killed, Fair (Day), EDSA (SB) Estrella St., Brgy. Guadalupe Viejo Makati",MMDA Road Safety Unit,,4f4a957b-e031-474e-91de-756f0c8fe66d,2012-10-10,23:30:00,EDSA (SB) Ayala Loading Bay Makati,0,0,0,0,0,0,0,0,0,0,2012-10-11 7:30,Property,14.56002889,121.040751,No Collision Stated
None,EDSA,None,None,"No Accident Factor, Rear-end, 0.0 drivers_injured, 0.0 drivers_killed, 0.0 passengers_injured, 0.0 passengers_killed, 0.0 pedestrian_injured, 0.0 pedestrian_killed, Fair (Night), EDSA (SB) Buendia Ave. Makati",MMDA Road Safety Unit,,513a3b36-72bb-4132-b8f5-013d6e554104,2012-10-10,21:15:00,EDSA (SB) before Ayala Ave. Makati,0,0,0,0,0,0,0,0,0,0,2012-10-11 5:15,Property,14.55505269,121.034707,Rear-End
None,EDSA,None,None,"No Accident Factor, No Collision Stated (based on Police Blotter Book), 0.0 drivers_injured, 0.0 drivers_killed, 0.0 passengers_injured, 0.0 passengers_killed, 0.0 pedestrian_injured, 0.0 pedestrian_killed, Fair (Day), EDSA (SB) Approaching Shell Buendia Makati",MMDA Road Safety Unit,,e79d1f4b-9b81-4e1d-b4ec-f8c60cee132e,2012-10-08,07:55:00,EDSA (SB) Estrella St. Makati,0,0,0,0,0,0,0,0,0,0,2012-10-08 15:55,Property,14.55542101,121.0352189,No Collision Stated
None,EDSA,None,None,"No Accident Factor, No Collision Stated (based on Police Blotter Book), 0.0 drivers_injured, 0.0 drivers_killed, 0.0 passengers_injured, 0.0 passengers_killed, 0.0 pedestrian_injured, 0.0 pedestrian_killed, Fair (Day), EDSA (SB) Estrella St. Bgy. Guadalupe Makati",MMDA Road Safety Unit,,996cca1b-6d28-4728-8463-93cd2c179375,2012-10-04,03:20:00,"EDSA (SB) fronting Loyola, before San Carlos Seminary Makati",0,0,0,0,0,0,0,0,0,0,2012-10-04 11:20,Property,14.56002889,121.040751,No Collision Stated
None,EDSA,None,None,"No Accident Factor, No Collision Stated (based on Police Blotter Book), 0.0 drivers_injured, 0.0 drivers_killed, 0.0 passengers_injured, 0.0 passengers_killed, 0.0 pedestrian_injured, 0.0 pedestrian_killed, Fair (Day), EDSA (SB) Ayala Ave. Makati",MMDA Road Safety Unit,,ff879ac3-f864-4661-bc9c-74d4163eac60,2012-10-04,01:30:00,EDSA (SB) before Guadalupe Bridge Makati,0,0,0,0,0,0,0,0,0,0,2012-10-04 9:30,Property,14.55022912,121.0292348,No Collision Stated
None,EDSA,None,None,"No Accident Factor, No Collision Stated (based on Police Blotter Book), 0.0 drivers_injured, 0.0 drivers_killed, 0.0 passengers_injured, 0.0 passengers_killed, 0.0 pedestrian_injured, 0.0 pedestrian_killed, Fair (Day), EDSA (SB) near Ayala Ave. Makati",MMDA Road Safety Unit,,33d227ee-801a-4c8a-aa3a-6d58577828d7,2012-09-25,00:00:00,EDSA (SB) Guadalupe Loading Bay Makati,0,0,0,0,0,0,0,0,0,0,2012-09-25 8:00,Property,14.55079704,121.0297738,No Collision Stated
None,EDSA,None,None,"No Accident Factor, No Collision Stated (based on Police Blotter Book), 0.0 drivers_injured, 0.0 drivers_killed, 0.0 passengers_injured, 0.0 passengers_killed, 0.0 pedestrian_injured, 0.0 pedestrian_killed, Fair (Night), EDSA (SB) Buendia Brgy.Bel-Air Makati",MMDA Road Safety Unit,,9cf26336-1866-4b23-8f88-e7f36e8d46ba,2012-09-23,11:15:00,EDSA (SB) MRT-Buendia Station Makati,0,0,0,0,0,0,0,0,0,0,2012-09-23 19:15,Property,14.55505269,121.034707,No Collision Stated
None,EDSA,None,None,"No Accident Factor, Side Swipe, 0.0 drivers_injured, 0.0 drivers_killed, 0.0 passengers_injured, 0.0 passengers_killed, 0.0 pedestrian_injured, 0.0 pedestrian_killed, Fair (Day), EDSA (SB) Sen.Gil Puyat Ave. Makati",MMDA Road Safety Unit,,76b34541-94d5-443e-bd8d-521dd494ad63,2012-08-09,09:10:00,EDSA (SB) after Estrella St. Makati,0,0,0,0,0,0,0,0,0,0,2012-08-09 17:10,Property,14.55496432,121.0348612,Side Swipe
None,EDSA,None,None,"No Accident Factor, No Collision Stated (based on Police Blotter Book), 0.0 drivers_injured, 0.0 drivers_killed, 0.0 passengers_injured, 0.0 passengers_killed, 0.0 pedestrian_injured, 0.0 pedestrian_killed, Fair (Day), EDSA (SB) Buendia Ave. Makati",MMDA Road Safety Unit,,6d6238bb-bc97-452e-9bcc-21ee9cb64382,2012-08-06,00:15:00,EDSA (SB) before Estrella St. Makati,0,0,0,0,0,0,0,0,0,0,2012-08-06 8:15,Property,14.55505269,121.034707,No Collision Stated
None,EDSA,None,None,"No Accident Factor, Hit and Run (No Collision Stated), 0.0 drivers_injured, 0.0 drivers_killed, 0.0 passengers_injured, 0.0 passengers_killed, 0.0 pedestrian_injured, 0.0 pedestrian_killed, Fair (Day), EDSA (SB) before MRT-Magallanes Station Makati",MMDA Road Safety Unit,,695be963-4c07-4b02-9c81-eb6c95b0d8b3,2012-07-05,01:30:00,EDSA (SB) MRT-Guadalupe Station Makati,0,0,0,0,0,0,0,0,0,0,2012-07-05 9:30,Property,14.54192478,121.0191272,No Collision Stated
None,EDSA,None,None,"No Accident Factor, Rear-end, 0.0 drivers_injured, 0.0 drivers_killed, 0.0 passengers_injured, 0.0 passengers_killed, 0.0 pedestrian_injured, 0.0 pedestrian_killed, Fair (Day), EDSA (SB) fronting Loyola, Guadalupe Makati",MMDA Road Safety Unit,,3dabaf92-779b-464d-8020-f986301b7a7b,2012-06-29,23:25:00,EDSA (SB) atop Magallanes Interchange Makati,0,0,0,0,0,0,0,0,0,0,2012-06-30 7:25,Property,14.56526983,121.0448719,Rear-End
None,EDSA,None,None,"No Accident Factor, No Collision Stated (based on Police Blotter Book), 0.0 drivers_injured, 0.0 drivers_killed, 0.0 passengers_injured, 0.0 passengers_killed, 0.0 pedestrian_injured, 0.0 pedestrian_killed, Fair (Night), EDSA (SB) Ayala Loading Bay Makati",MMDA Road Safety Unit,,d8501cff-b1e1-4ef3-9f90-20a3619d1333,2012-06-28,12:00:00,EDSA (SB) Estrella Loading Bay Makati,0,0,0,0,0,0,0,0,0,0,2012-06-28 20:00,Property,14.54886,121.0276063,No Collision Stated
None,EDSA,None,None,"No Accident Factor, Side Swipe, 0.0 drivers_injured, 0.0 drivers_killed, 0.0 passengers_injured, 0.0 passengers_killed, 0.0 pedestrian_injured, 0.0 pedestrian_killed, Fair (Day), EDSA (SB) before Ayala Ave. Makati",MMDA Road Safety Unit,,5e6964be-97ce-4af5-bb7b-ebd8c40bdf32,2012-06-28,01:15:00,EDSA (SB) Estrella Loading Bay Makati,0,0,0,0,0,0,0,0,0,0,2012-06-28 9:15,Property,14.55063226,121.0295437,Side Swipe