LOCATION_TEXT,ROAD,WEATHER,LIGHT,DESC,REPORTING_AGENCY,MAIN_CAUSE,INCIDENTDETAILS_ID,DATE_UTC,TIME_UTC,ADDRESS,killed_driver,killed_passenger,killed_pedestrian,injured_driver,injured_passenger,injured_pedestrian,killed_uncategorized,injured_uncategorized,killed_total,injured_total,DATETIME_PST,SEVERITY,Y,X,COLLISION_TYPE
None,EDSA,None,None,"No Accident Factor, Rear-end, 0.0 drivers_injured, 0.0 drivers_killed, 0.0 passengers_injured, 0.0 passengers_killed, 0.0 pedestrian_injured, 0.0 pedestrian_killed, Fair (Day), EDSA (SB) Estrella St. Makati",MMDA Road Safety Unit,,e5632279-5248-49af-ba7a-3e976480ef1c,2012-06-28,00:10:00,EDSA (SB) Estrella St. Makati,0,0,0,0,0,0,0,0,0,0,2012-06-28 8:10,Property,14.56002889,121.040751,Rear-End
None,EDSA,None,None,"No Accident Factor, Rear-end (Multiple), 0.0 drivers_injured, 0.0 drivers_killed, 0.0 passengers_injured, 0.0 passengers_killed, 0.0 pedestrian_injured, 0.0 pedestrian_killed, Fair (Day), EDSA (SB) fronting Loyola, before San Carlos Seminary Makati",MMDA Road Safety Unit,,2accd12f-efcd-451a-8352-16ed280c2a93,2012-06-27,22:20:00,EDSA (SB) Estrella St. Makati,0,0,0,0,0,0,0,0,0,0,2012-06-28 6:20,Property,14.56526983,121.0448719,Rear-End
None,EDSA,None,None,"No Accident Factor, Rear-end, 0.0 drivers_injured, 0.0 drivers_killed, 0.0 passengers_injured, 0.0 passengers_killed, 0.0 pedestrian_injured, 0.0 pedestrian_killed, Fair (Night), EDSA (SB) before Guadalupe Bridge Makati",MMDA Road Safety Unit,,5e678223-12d0-423d-93d0-79e8ed40dfa9,2012-06-27,13:15:00,EDSA (SB) before Magallanes Interchange Makati,0,0,0,0,0,0,0,0,0,0,2012-06-27 21:15,Property,14.56901524,121.0459989,Rear-End
None,EDSA,None,None,"No Accident Factor, Side Swipe, 0.0 drivers_injured, 0.0 drivers_killed, 0.0 passengers_injured, 0.0 passengers_killed, 0.0 pedestrian_injured, 0.0 pedestrian_killed, Fair (Night), EDSA (SB) Guadalupe Loading Bay Makati",MMDA Road Safety Unit,,2722d72b-7235-4a1f-aa4e-673855f9b0d1,2012-06-27,11:05:00,EDSA (SB) Ayala Ave. Makati,0,0,0,0,0,0,0,0,0,0,2012-06-27 19:05,Property,14.56473213,121.0447625,Side Swipe
None,EDSA,None,None,"No Accident Factor, Angle Impact, 0.0 drivers_injured, 0.0 drivers_killed, 0.0 passengers_injured, 0.0 passengers_killed, 0.0 pedestrian_injured, 0.0 pedestrian_killed, Fair (Night), EDSA (SB) MRT-Buendia Station Makati",MMDA Road Safety Unit,,cb1d7bf4-4a3c-4e4c-8c16-df3dc1d63c64,2012-06-27,10:05:00,EDSA (SB) Buendia Loading Bay Makati,0,0,0,0,0,0,0,0,0,0,2012-06-27 18:05,Property,14.55423279,121.0338797,Angle Impact
None,EDSA,None,None,"No Accident Factor, Side Swipe, 0.0 drivers_injured, 0.0 drivers_killed, 0.0 passengers_injured, 0.0 passengers_killed, 0.0 pedestrian_injured, 0.0 pedestrian_killed, Fair (Day), EDSA (SB) after Estrella St. Makati",MMDA Road Safety Unit,,75ab6d32-2db7-48b7-a170-4403bc750c87,2012-06-27,09:00:00,EDSA (SB) Ayala Ave. Makati,0,0,0,0,0,0,0,0,0,0,2012-06-27 17:00,Property,14.56019425,121.0409398,Side Swipe
None,EDSA,None,None,"No Accident Factor, Rear-end, 0.0 drivers_injured, 0.0 drivers_killed, 0.0 passengers_injured, 0.0 passengers_killed, 0.0 pedestrian_injured, 0.0 pedestrian_killed, Fair (Day), EDSA (SB) before Estrella St. Makati",MMDA Road Safety Unit,,2d24f14b-175c-4500-8021-beabfa6cc679,2012-06-26,23:05:00,EDSA (SB) Estrella St. Makati,0,0,0,0,0,0,0,0,0,0,2012-06-27 7:05,Property,14.55988482,121.0406786,Rear-End
None,EDSA,None,None,"No Accident Factor, Side Swipe, 0.0 drivers_injured, 0.0 drivers_killed, 0.0 passengers_injured, 0.0 passengers_killed, 0.0 pedestrian_injured, 0.0 pedestrian_killed, Fair (Night), EDSA (SB) MRT-Guadalupe Station Makati",MMDA Road Safety Unit,,e3e03868-50e5-42fe-a70d-5960059b5913,2012-06-26,13:10:00,"EDSA (SB) fronting San Carlos Seminary, Guadalupe Makati",0,0,0,0,0,0,0,0,0,0,2012-06-26 21:10,Property,14.56668632,121.0454204,Side Swipe
None,EDSA,None,None,"No Accident Factor, No Collision Stated (based on Police Blotter Book), 0.0 drivers_injured, 0.0 drivers_killed, 0.0 passengers_injured, 0.0 passengers_killed, 0.0 pedestrian_injured, 0.0 pedestrian_killed, Fair (Night), EDSA (SB) atop Magallanes Interchange Makati",MMDA Road Safety Unit,,4fcb7e25-5907-482d-85a5-94f03b7dac0c,2012-06-26,11:15:00,EDSA (SB) Ayala Ave. Makati,0,0,0,0,0,0,0,0,0,0,2012-06-26 19:15,Property,14.54056015,121.0169025,No Collision Stated
None,EDSA,None,None,"No Accident Factor, Rear-end, 0.0 drivers_injured, 0.0 drivers_killed, 0.0 passengers_injured, 0.0 passengers_killed, 0.0 pedestrian_injured, 0.0 pedestrian_killed, Fair (Day), EDSA (SB) Estrella Loading Bay Makati",MMDA Road Safety Unit,,a8f698b9-5cf0-4883-bcc4-5cf0bb17f915,2012-06-25,08:45:00,EDSA (SB) Estrella St. Makati,0,0,0,0,0,0,0,0,0,0,2012-06-25 16:45,Property,14.56059855,121.0413941,Rear-End
None,EDSA,None,None,"No Accident Factor, No Collision Stated (based on Police Blotter Book), 0.0 drivers_injured, 0.0 drivers_killed, 0.0 passengers_injured, 0.0 passengers_killed, 0.0 pedestrian_injured, 0.0 pedestrian_killed, Fair (Day), EDSA (SB) Estrella Loading Bay Makati",MMDA Road Safety Unit,,5be635a1-5795-43d3-9a9a-53b22fc11789,2012-06-22,08:30:00,EDSA (SB) across MRT-Buendia Station Makati,0,0,0,0,0,0,0,0,0,0,2012-06-22 16:30,Property,14.56059855,121.0413941,No Collision Stated
None,EDSA,None,None,"No Accident Factor, Rear-end, 0.0 drivers_injured, 0.0 drivers_killed, 0.0 passengers_injured, 0.0 passengers_killed, 0.0 pedestrian_injured, 0.0 pedestrian_killed, Fair (Day), EDSA (SB) Estrella St. Makati",MMDA Road Safety Unit,,f37cc50c-fdbc-4d00-84d5-fd1b05741afe,2012-06-22,04:10:00,EDSA (SB) Magallanes Interchange Makati,0,0,0,0,0,0,0,0,0,0,2012-06-22 12:10,Property,14.56002889,121.040751,Rear-End
None,EDSA,None,None,"No Accident Factor, Side Swipe, 0.0 drivers_injured, 0.0 drivers_killed, 0.0 passengers_injured, 0.0 passengers_killed, 0.0 pedestrian_injured, 0.0 pedestrian_killed, Fair (Day), EDSA (SB) Estrella St. Makati",MMDA Road Safety Unit,,43396c7b-3ef2-461d-91d5-f9edbd7b0d88,2012-06-22,01:20:00,EDSA (SB) before Sen. Gil J. Puyat Ave. (Buendia Ave. Ext.) Makati,0,0,0,0,0,0,0,0,0,0,2012-06-22 9:20,Property,14.56002889,121.040751,Side Swipe
None,EDSA,None,None,"No Accident Factor, Hit and Run (No Collision Stated), 0.0 drivers_injured, 0.0 drivers_killed, 0.0 passengers_injured, 0.0 passengers_killed, 0.0 pedestrian_injured, 0.0 pedestrian_killed, Fair (Night), EDSA (SB) before Magallanes Interchange Makati",MMDA Road Safety Unit,,a7658a04-98dd-49df-bd45-f2be67403dd7,2012-06-21,15:00:00,EDSA (SB) Magallanes Interchange Makati,0,0,0,0,0,0,0,0,0,0,2012-06-21 23:00,Property,14.54241081,121.0197643,No Collision Stated
None,EDSA,None,None,"No Accident Factor, Hit Object (No Object Stated), 1.0 drivers_injured, 0.0 drivers_killed, 0.0 passengers_injured, 0.0 passengers_killed, 0.0 pedestrian_injured, 0.0 pedestrian_killed, Fair (Day), EDSA (SB) Ayala Ave. Makati",MMDA Road Safety Unit,,db9986c9-9370-4242-90f9-ff9a80a5ae5d,2012-06-21,01:45:00,"EDSA (SB) fronting San Carlos Seminary, Guadalupe Makati",0,0,0,1,0,0,0,0,0,1,2012-06-21 9:45,Injury,14.55022912,121.0292348,Hit Object
None,EDSA,None,None,"No Accident Factor, Rear-end (Multiple), 0.0 drivers_injured, 0.0 drivers_killed, 0.0 passengers_injured, 0.0 passengers_killed, 0.0 pedestrian_injured, 0.0 pedestrian_killed, Fair (Day), EDSA (SB) Buendia Loading Bay Makati",MMDA Road Safety Unit,,bd6bf936-bdfc-4493-8913-3af744f9150c,2012-06-20,07:05:00,EDSA (SB) Guadalupe Loading Bay Makati,0,0,0,0,0,0,0,0,0,0,2012-06-20 15:05,Property,14.55400112,121.0336264,Rear-End
None,EDSA,None,None,"No Accident Factor, No Collision Stated (based on Police Blotter Book), 0.0 drivers_injured, 0.0 drivers_killed, 0.0 passengers_injured, 0.0 passengers_killed, 0.0 pedestrian_injured, 0.0 pedestrian_killed, Fair (Day), EDSA (SB) Ayala Ave. Makati",MMDA Road Safety Unit,,fe7d61f8-c9db-45a9-890c-9924f932fd13,2012-06-20,04:30:00,EDSA (SB) before Ayala Ave. Makati,0,0,0,0,0,0,0,0,0,0,2012-06-20 12:30,Property,14.55022912,121.0292348,No Collision Stated
None,EDSA,None,None,"No Accident Factor, Rear-end, 0.0 drivers_injured, 0.0 drivers_killed, 0.0 passengers_injured, 0.0 passengers_killed, 0.0 pedestrian_injured, 0.0 pedestrian_killed, Fair (Day), EDSA (SB) Estrella St. Makati",MMDA Road Safety Unit,,c21a89e2-73a2-45b8-aa08-e0e4e652df27,2012-06-20,03:00:00,EDSA (SB) Estrella St. Makati,0,0,0,0,0,0,0,0,0,0,2012-06-20 11:00,Property,14.56002889,121.040751,Rear-End
None,EDSA,None,None,"No Accident Factor, Side Swipe, 0.0 drivers_injured, 0.0 drivers_killed, 0.0 passengers_injured, 0.0 passengers_killed, 0.0 pedestrian_injured, 0.0 pedestrian_killed, Fair (Day), EDSA (SB) fronting San Carlos Seminary, Guadalupe Makati",MMDA Road Safety Unit,,bf938791-8387-43d8-a019-6c7e40055a0e,2012-06-20,01:30:00,EDSA (SB) Estrella Loading Bay Makati,0,0,0,0,0,0,0,0,0,0,2012-06-20 9:30,Property,14.56336498,121.0439669,Side Swipe
None,EDSA,None,None,"No Accident Factor, Rear-end, 0.0 drivers_injured, 0.0 drivers_killed, 0.0 passengers_injured, 0.0 passengers_killed, 0.0 pedestrian_injured, 0.0 pedestrian_killed, Fair (Night), EDSA (SB) Ayala Ave. Makati",MMDA Road Safety Unit,,6d981c84-efc5-416d-8c42-50b3c3d6d2f8,2012-06-19,10:55:00,EDSA (SB) MRT-Buendia Station Makati,0,0,0,0,0,0,0,0,0,0,2012-06-19 18:55,Property,14.55022912,121.0292348,Rear-End
None,EDSA,None,None,"No Accident Factor, Side Swipe, 0.0 drivers_injured, 0.0 drivers_killed, 0.0 passengers_injured, 0.0 passengers_killed, 0.0 pedestrian_injured, 0.0 pedestrian_killed, Fair (Day), EDSA (SB) Estrella St. Makati",MMDA Road Safety Unit,,820efed2-e054-4a55-a147-be2357be406a,2012-06-19,05:45:00,EDSA (SB) before Ayala Ave. Makati,0,0,0,0,0,0,0,0,0,0,2012-06-19 13:45,Property,14.56002889,121.040751,Side Swipe
None,EDSA,None,None,"No Accident Factor, Rear-end, 0.0 drivers_injured, 0.0 drivers_killed, 0.0 passengers_injured, 0.0 passengers_killed, 0.0 pedestrian_injured, 0.0 pedestrian_killed, Fair (Day), EDSA (SB) across MRT-Buendia Station Makati",MMDA Road Safety Unit,,7e630464-1a9e-4b5e-8e60-5d0005be8726,2012-06-17,23:30:00,EDSA (SB) Magallanes Loading Bay Makati,0,0,0,0,0,0,0,0,0,0,2012-06-18 7:30,Property,14.5541752,121.0341404,Rear-End
None,EDSA,None,None,"No Accident Factor, Other (Multiple), 0.0 drivers_injured, 0.0 drivers_killed, 0.0 passengers_injured, 0.0 passengers_killed, 0.0 pedestrian_injured, 0.0 pedestrian_killed, Fair (Night), EDSA (SB) Magallanes Interchange Makati",MMDA Road Safety Unit,,3777196d-35be-41a2-9d41-94a7262e9dae,2012-06-16,21:30:00,"EDSA (SB) across Buendia Ave. ""U"" turn slot Makati",0,0,0,0,0,0,0,0,0,0,2012-06-17 5:30,Property,14.54028633,121.0167655,Multiple
None,EDSA,None,None,"No Accident Factor, Rear-end, 0.0 drivers_injured, 0.0 drivers_killed, 0.0 passengers_injured, 0.0 passengers_killed, 0.0 pedestrian_injured, 0.0 pedestrian_killed, Fair (Day), EDSA (SB) before Sen. Gil J. Puyat Ave. (Buendia Ave. Ext.) Makati",MMDA Road Safety Unit,,993f9593-0225-474f-a5c7-29582c547ac6,2012-06-16,06:30:00,EDSA (SB) Magallanes Interchange Makati,0,0,0,0,0,0,0,0,0,0,2012-06-16 14:30,Property,14.55551148,121.035243,Rear-End
None,EDSA,None,None,"No Accident Factor, Side Swipe, 0.0 drivers_injured, 0.0 drivers_killed, 0.0 passengers_injured, 0.0 passengers_killed, 0.0 pedestrian_injured, 0.0 pedestrian_killed, Fair (Day), EDSA (SB) Magallanes Interchange Makati",MMDA Road Safety Unit,,29196bfa-913d-4f41-bfb9-23e7819ae1e4,2012-06-16,02:50:00,EDSA (SB) fronting Pet Plan Makati,0,0,0,0,0,0,0,0,0,0,2012-06-16 10:50,Property,14.54028633,121.0167655,Side Swipe
None,EDSA,None,None,"No Accident Factor, Rear-end, 0.0 drivers_injured, 0.0 drivers_killed, 0.0 passengers_injured, 0.0 passengers_killed, 0.0 pedestrian_injured, 0.0 pedestrian_killed, Fair (Night), EDSA (SB) fronting San Carlos Seminary, Guadalupe Makati",MMDA Road Safety Unit,,01d9cf3e-2f01-40b2-8170-e1401e042c1a,2012-06-15,11:55:00,EDSA (SB) before Magallanes Interchange Makati,0,0,0,0,0,0,0,0,0,0,2012-06-15 19:55,Property,14.56336498,121.0439669,Rear-End
None,EDSA,None,None,"No Accident Factor, Side Swipe, 0.0 drivers_injured, 0.0 drivers_killed, 0.0 passengers_injured, 0.0 passengers_killed, 0.0 pedestrian_injured, 0.0 pedestrian_killed, Fair (Day), EDSA (SB) Guadalupe Loading Bay Makati",MMDA Road Safety Unit,,79daf9f8-4a76-449c-aa9c-150942e47140,2012-06-13,23:30:00,EDSA (SB) Estrella Overpass Makati,0,0,0,0,0,0,0,0,0,0,2012-06-14 7:30,Property,14.56473213,121.0447625,Side Swipe
None,EDSA,None,None,"No Accident Factor, Rear-end, 0.0 drivers_injured, 0.0 drivers_killed, 0.0 passengers_injured, 0.0 passengers_killed, 0.0 pedestrian_injured, 0.0 pedestrian_killed, Fair (Night), EDSA (SB) before Ayala Ave. Makati",MMDA Road Safety Unit,,2c4157a5-96e5-4ed2-b7a7-a063327e19c2,2012-06-13,21:50:00,EDSA (SB) before Orense St. Makati,0,0,0,0,0,0,0,0,0,0,2012-06-14 5:50,Property,14.55063226,121.0295437,Rear-End
None,EDSA,None,None,"No Accident Factor, Rear-end, 0.0 drivers_injured, 0.0 drivers_killed, 0.0 passengers_injured, 0.0 passengers_killed, 0.0 pedestrian_injured, 0.0 pedestrian_killed, Fair (Night), EDSA (SB) Estrella St. Makati",MMDA Road Safety Unit,,debe2df2-28ea-441e-bb24-6b1820ceefaf,2012-06-13,21:00:00,EDSA (SB) before Magallanes Interchange Makati,0,0,0,0,0,0,0,0,0,0,2012-06-14 5:00,Property,14.56002889,121.040751,Rear-End
None,EDSA,None,None,"No Accident Factor, Rear-end, 0.0 drivers_injured, 0.0 drivers_killed, 0.0 passengers_injured, 0.0 passengers_killed, 0.0 pedestrian_injured, 0.0 pedestrian_killed, Fair (Night), EDSA (SB) Estrella Loading Bay Makati",MMDA Road Safety Unit,,961303f8-fce3-4394-8c6a-24521a48e816,2012-06-13,14:00:00,EDSA (SB) Estrella St. Makati,0,0,0,0,0,0,0,0,0,0,2012-06-13 22:00,Property,14.56059855,121.0413941,Rear-End
None,EDSA,None,None,"No Accident Factor, Rear-end, 0.0 drivers_injured, 0.0 drivers_killed, 0.0 passengers_injured, 0.0 passengers_killed, 0.0 pedestrian_injured, 0.0 pedestrian_killed, Fair (Day), EDSA (SB) MRT-Buendia Station Makati",MMDA Road Safety Unit,,a29ff287-8fee-4835-a4a2-bf80376ac0a1,2012-06-13,03:20:00,EDSA (SB) Guadalupe Loading Bay Makati,0,0,0,0,0,0,0,0,0,0,2012-06-13 11:20,Property,14.55423279,121.0338797,Rear-End
None,EDSA,None,None,"No Accident Factor, Side Swipe, 0.0 drivers_injured, 0.0 drivers_killed, 0.0 passengers_injured, 0.0 passengers_killed, 0.0 pedestrian_injured, 0.0 pedestrian_killed, Fair (Day), EDSA (SB) before Ayala Ave. Makati",MMDA Road Safety Unit,,7079e340-1652-41bf-81c2-3a1a45e10369,2012-06-13,00:45:00,EDSA (SB) MRT-Guadalupe Station Makati,0,0,0,0,0,0,0,0,0,0,2012-06-13 8:45,Property,14.55063226,121.0295437,Side Swipe
None,EDSA,None,None,"No Accident Factor, Side Swipe (Multiple), 0.0 drivers_injured, 0.0 drivers_killed, 0.0 passengers_injured, 0.0 passengers_killed, 0.0 pedestrian_injured, 0.0 pedestrian_killed, Fair (Day), EDSA (SB) Magallanes Loading Bay Makati",MMDA Road Safety Unit,,3831e129-04ed-4ed9-8ca2-b0c41b9f80f0,2012-06-12,01:25:00,EDSA (SB) Exit of Dusit Hotel Makati,0,0,0,0,0,0,0,0,0,0,2012-06-12 9:25,Property,14.54282655,121.0202714,Side Swipe
None,EDSA,None,None,"No Accident Factor, Side Swipe, 0.0 drivers_injured, 0.0 drivers_killed, 0.0 passengers_injured, 0.0 passengers_killed, 0.0 pedestrian_injured, 0.0 pedestrian_killed, Fair (Night), EDSA (SB) across Buendia Ave. ""U"" turn slot Makati",MMDA Road Safety Unit,,25583312-0eb0-4076-b8dd-fa31f966be53,2012-06-11,13:30:00,EDSA (SB) before Ayala Ave. Makati,0,0,0,0,0,0,0,0,0,0,2012-06-11 21:30,Property,14.55531583,121.035435,Side Swipe
None,EDSA,None,None,"No Accident Factor, Rear-end, 0.0 drivers_injured, 0.0 drivers_killed, 0.0 passengers_injured, 0.0 passengers_killed, 0.0 pedestrian_injured, 0.0 pedestrian_killed, Fair (Day), EDSA (SB) Magallanes Interchange Makati",MMDA Road Safety Unit,,ed497529-88cf-4fc0-a67d-0411f7bef177,2012-06-08,05:30:00,EDSA (SB) Fronting San Carlos Seminary Makati,0,0,0,0,0,0,0,0,0,0,2012-06-08 13:30,Property,14.54028633,121.0167655,Rear-End
None,EDSA,None,None,"No Accident Factor, Rear-end, 0.0 drivers_injured, 0.0 drivers_killed, 0.0 passengers_injured, 0.0 passengers_killed, 0.0 pedestrian_injured, 0.0 pedestrian_killed, Fair (Day), EDSA (SB) fronting Pet Plan Makati",MMDA Road Safety Unit,,52b096db-6fd6-4983-97d9-b42ee4eeab9f,2012-06-07,23:55:00,"EDSA (SB) fronting San Carlos Seminary, Guadalupe Makati",0,0,0,0,0,0,0,0,0,0,2012-06-08 7:55,Property,14.56187579,121.0428741,Rear-End
None,EDSA,None,None,"No Accident Factor, Rear-end, 0.0 drivers_injured, 0.0 drivers_killed, 0.0 passengers_injured, 0.0 passengers_killed, 0.0 pedestrian_injured, 0.0 pedestrian_killed, Fair (Day), EDSA (SB) before Magallanes Interchange Makati",MMDA Road Safety Unit,,73bb2f43-3d10-45ef-a714-b623e484d752,2012-06-07,05:00:00,EDSA (SB) Ayala Ave. Makati,0,0,0,0,0,0,0,0,0,0,2012-06-07 13:00,Property,14.54241081,121.0197643,Rear-End
None,EDSA,None,None,"No Accident Factor, No Collision Stated (based on Police Blotter Book), 0.0 drivers_injured, 0.0 drivers_killed, 0.0 passengers_injured, 0.0 passengers_killed, 0.0 pedestrian_injured, 0.0 pedestrian_killed, Fair (Night), EDSA (SB) Estrella Overpass Makati",MMDA Road Safety Unit,,6dc3fa12-4fab-46ab-8d62-e3edea1bd6ff,2012-06-06,17:05:00,"EDSA (SB) fronting San Carlos Seminary, Guadalupe Makati",0,0,0,0,0,0,0,0,0,0,2012-06-07 1:05,Property,14.56055074,121.0413945,No Collision Stated
None,EDSA,None,None,"No Accident Factor, No Collision Stated (based on Police Blotter Book), 0.0 drivers_injured, 0.0 drivers_killed, 0.0 passengers_injured, 0.0 passengers_killed, 0.0 pedestrian_injured, 0.0 pedestrian_killed, Fair (Day), EDSA (SB) before Orense St. Makati",MMDA Road Safety Unit,,1d14eb4a-b435-4236-89af-34fa87e251de,2012-06-06,04:15:00,EDSA (SB) before Estrella St. Makati,0,0,0,0,0,0,0,0,0,0,2012-06-06 12:15,Property,14.56195961,121.0429153,No Collision Stated
None,EDSA,None,None,"No Accident Factor, Rear-end (Multiple), 0.0 drivers_injured, 0.0 drivers_killed, 0.0 passengers_injured, 0.0 passengers_killed, 0.0 pedestrian_injured, 0.0 pedestrian_killed, Fair (Day), EDSA (SB) before Magallanes Interchange Makati",MMDA Road Safety Unit,,52abea1a-ea32-4d3b-9158-3abe24961529,2012-06-04,03:55:00,"EDSA (SB) fronting San Carlos Seminary, Guadalupe Makati",0,0,0,0,0,0,0,0,0,0,2012-06-04 11:55,Property,14.54241081,121.0197643,Rear-End
None,EDSA,None,None,"No Accident Factor, Side Swipe, 0.0 drivers_injured, 0.0 drivers_killed, 0.0 passengers_injured, 0.0 passengers_killed, 0.0 pedestrian_injured, 0.0 pedestrian_killed, Fair (Day), EDSA (SB) Estrella St. Makati",MMDA Road Safety Unit,,0e646e77-b987-4613-a394-6ec6eb13db22,2012-06-03,23:30:00,EDSA (SB) Ayala Ave. Makati,0,0,0,0,0,0,0,0,0,0,2012-06-04 7:30,Property,14.56002889,121.040751,Side Swipe
None,EDSA,None,None,"No Accident Factor, No Collision Stated (based on Police Blotter Book), 0.0 drivers_injured, 0.0 drivers_killed, 0.0 passengers_injured, 0.0 passengers_killed, 0.0 pedestrian_injured, 0.0 pedestrian_killed, Rain (Day), EDSA (SB) Guadalupe Loading Bay Makati",MMDA Road Safety Unit,,f5ee888a-80a3-4435-9de7-3e05603018f3,2012-06-02,05:15:00,EDSA (SB) fronting Pet Plans Makati,0,0,0,0,0,0,0,0,0,0,2012-06-02 13:15,Property,14.56473213,121.0447625,No Collision Stated
None,EDSA,None,None,"No Accident Factor, Side Swipe, 0.0 drivers_injured, 0.0 drivers_killed, 0.0 passengers_injured, 0.0 passengers_killed, 0.0 pedestrian_injured, 0.0 pedestrian_killed, Rain (Night), EDSA (SB) MRT-Guadalupe Station Makati",MMDA Road Safety Unit,,86dc1b38-1aa2-4d9e-ac02-7b57b16b1b05,2012-06-01,20:30:00,EDSA (SB) Bernardino St. Makati,0,0,0,0,0,0,0,0,0,0,2012-06-02 4:30,Property,14.56668632,121.0454204,Side Swipe
None,EDSA,None,None,"No Accident Factor, Side Swipe, 0.0 drivers_injured, 0.0 drivers_killed, 0.0 passengers_injured, 0.0 passengers_killed, 0.0 pedestrian_injured, 0.0 pedestrian_killed, Fair (Day), EDSA (SB) Exit of Dusit Hotel Makati",MMDA Road Safety Unit,,79df89b2-df0c-42d3-8e64-2d5a772b5e66,2012-05-31,23:30:00,EDSA (SB) Mantrade Loading Bay Makati,0,0,0,0,0,0,0,0,0,0,2012-06-01 7:30,Property,14.54794572,121.0263437,Side Swipe
None,EDSA,None,None,"No Accident Factor, Side Swipe, 0.0 drivers_injured, 0.0 drivers_killed, 0.0 passengers_injured, 0.0 passengers_killed, 0.0 pedestrian_injured, 0.0 pedestrian_killed, Fair (Day), EDSA (SB) before Ayala Ave. Makati",MMDA Road Safety Unit,,a98c7a92-32b5-4bf5-8898-313e24b36de5,2012-05-29,07:50:00,EDSA (SB) Guadalupe Loading Bay Makati,0,0,0,0,0,0,0,0,0,0,2012-05-29 15:50,Property,14.55063226,121.0295437,Side Swipe
None,EDSA,None,None,"No Accident Factor, No Collision Stated (based on Police Blotter Book), 0.0 drivers_injured, 0.0 drivers_killed, 0.0 passengers_injured, 0.0 passengers_killed, 0.0 pedestrian_injured, 0.0 pedestrian_killed, Fair (Night), EDSA (SB) Fronting San Carlos Seminary Makati",MMDA Road Safety Unit,,0ab71eea-b1ba-4b89-94ee-a82984a9bbe9,2012-05-28,14:30:00,EDSA (SB) before Magallanes Loading Bay Makati,0,0,0,0,0,0,0,0,0,0,2012-05-28 22:30,Property,14.56336498,121.0439669,No Collision Stated
None,EDSA,None,None,"No Accident Factor, No Collision Stated (based on Police Blotter Book), 0.0 drivers_injured, 0.0 drivers_killed, 0.0 passengers_injured, 0.0 passengers_killed, 0.0 pedestrian_injured, 0.0 pedestrian_killed, Fair (Day), EDSA (SB) fronting San Carlos Seminary, Guadalupe Makati",MMDA Road Safety Unit,,b1e3230e-693a-4e50-9b3d-0050a095de51,2012-05-28,02:15:00,EDSA (SB) MRT-Guadalupe Station Makati,0,0,0,0,0,0,0,0,0,0,2012-05-28 10:15,Property,14.56336498,121.0439669,No Collision Stated
None,EDSA,None,None,"No Accident Factor, Rear-end, 0.0 drivers_injured, 0.0 drivers_killed, 0.0 passengers_injured, 0.0 passengers_killed, 0.0 pedestrian_injured, 0.0 pedestrian_killed, Fair (Day), EDSA (SB) Ayala Ave. Makati",MMDA Road Safety Unit,,f20b5ffc-432f-4f42-915b-46622729ff1c,2012-05-28,02:00:00,EDSA (SB) Estrella St. Makati,0,0,0,0,0,0,0,0,0,0,2012-05-28 10:00,Property,14.55022912,121.0292348,Rear-End
None,EDSA,None,None,"No Accident Factor, Rear-end, 0.0 drivers_injured, 0.0 drivers_killed, 0.0 passengers_injured, 0.0 passengers_killed, 0.0 pedestrian_injured, 0.0 pedestrian_killed, Fair (Day), EDSA (SB) fronting San Carlos Seminary, Guadalupe Makati",MMDA Road Safety Unit,,c82cfd63-95ae-4358-819c-ea2986d3c060,2012-05-27,23:20:00,EDSA (SB) access Loyola Memorial Chapel Makati,0,0,0,0,0,0,0,0,0,0,2012-05-28 7:20,Property,14.56336498,121.0439669,Rear-End
None,EDSA,None,None,"No Accident Factor, Rear-end, 0.0 drivers_injured, 0.0 drivers_killed, 0.0 passengers_injured, 0.0 passengers_killed, 0.0 pedestrian_injured, 0.0 pedestrian_killed, Fair (Night), EDSA (SB) before Estrella St. Makati",MMDA Road Safety Unit,,f6729d5a-75a2-42e5-af65-7f829409409c,2012-05-26,10:00:00,"EDSA (SB) fronting Loyola Memorial Chapel, Guadalupe Makati",0,0,0,0,0,0,0,0,0,0,2012-05-26 18:00,Property,14.55988482,121.0406786,Rear-End
None,EDSA,None,None,"No Accident Factor, Rear-end, 0.0 drivers_injured, 0.0 drivers_killed, 0.0 passengers_injured, 0.0 passengers_killed, 0.0 pedestrian_injured, 0.0 pedestrian_killed, Fair (Day), EDSA (SB) fronting San Carlos Seminary, Guadalupe Makati",MMDA Road Safety Unit,,84e18173-94d2-4f24-b4d6-cc5c7e2781a9,2012-05-25,02:30:00,"EDSA (SB) Estrella St., Bgy. Bel-Air Makati",0,0,0,0,0,0,0,0,0,0,2012-05-25 10:30,Property,14.56336498,121.0439669,Rear-End
None,EDSA,None,None,"No Accident Factor, Rear-end, 0.0 drivers_injured, 0.0 drivers_killed, 0.0 passengers_injured, 0.0 passengers_killed, 0.0 pedestrian_injured, 0.0 pedestrian_killed, Fair (Day), EDSA (SB) Ayala Ave. Makati",MMDA Road Safety Unit,,f7ef5feb-197b-45d9-9d9c-77e7f69a9fbe,2012-05-25,02:00:00,EDSA (SB) Guadalupe Loading Bay Makati,0,0,0,0,0,0,0,0,0,0,2012-05-25 10:00,Property,14.55022912,121.0292348,Rear-End