LOCATION_TEXT,ROAD,WEATHER,LIGHT,DESC,REPORTING_AGENCY,MAIN_CAUSE,INCIDENTDETAILS_ID,DATE_UTC,TIME_UTC,ADDRESS,killed_driver,killed_passenger,killed_pedestrian,injured_driver,injured_passenger,injured_pedestrian,killed_uncategorized,injured_uncategorized,killed_total,injured_total,DATETIME_PST,SEVERITY,Y,X,COLLISION_TYPE
None,EDSA,None,None,"No Accident Factor, Rear-end, 0.0 drivers_injured, 0.0 drivers_killed, 0.0 passengers_injured, 0.0 passengers_killed, 0.0 pedestrian_injured, 0.0 pedestrian_killed, Fair (Day), EDSA (SB) fronting Pet Plans Makati",MMDA Road Safety Unit,,74e926fd-3896-4241-a20a-b40f66733f2b,2012-05-24,02:45:00,"EDSA (SB) MRT-Buendia Station, Sen. Gil J. Puyat Ave. (Buendia Ave. Ext.) Makati",0,0,0,0,0,0,0,0,0,0,2012-05-24 10:45,Property,14.56187579,121.0428741,Rear-End
None,EDSA,None,None,"No Accident Factor, Side Swipe, 0.0 drivers_injured, 0.0 drivers_killed, 0.0 passengers_injured, 0.0 passengers_killed, 0.0 pedestrian_injured, 0.0 pedestrian_killed, Fair (Day), EDSA (SB) Bernardino St. Makati",MMDA Road Safety Unit,,bc238600-2368-44f8-8a86-2c5dd35f82bd,2012-05-23,00:30:00,EDSA (SB) after Ayala Ave. Makati,0,0,0,0,0,0,0,0,0,0,2012-05-23 8:30,Property,14.5656985,121.0450952,Side Swipe
None,EDSA,None,None,"No Accident Factor, Side Swipe, 0.0 drivers_injured, 0.0 drivers_killed, 0.0 passengers_injured, 0.0 passengers_killed, 0.0 pedestrian_injured, 0.0 pedestrian_killed, Fair (Night), EDSA (SB) Mantrade Loading Bay Makati",MMDA Road Safety Unit,,66530749-a5e6-4d44-a9fe-778310029fba,2012-05-22,14:15:00,EDSA (SB) MRT-Guadalupe Station Makati,0,0,0,0,0,0,0,0,0,0,2012-05-22 22:15,Property,14.54276678,121.0202719,Side Swipe
None,EDSA,None,None,"No Accident Factor, Side Swipe, 0.0 drivers_injured, 0.0 drivers_killed, 0.0 passengers_injured, 0.0 passengers_killed, 0.0 pedestrian_injured, 0.0 pedestrian_killed, Fair (Night), EDSA (SB) Guadalupe Loading Bay Makati",MMDA Road Safety Unit,,ca472fae-4bef-4781-b33a-2999e691703c,2012-05-22,12:30:00,EDSA (SB) MRT-Magallanes Station Makati,0,0,0,0,0,0,0,0,0,0,2012-05-22 20:30,Property,14.56473213,121.0447625,Side Swipe
None,EDSA,None,None,"No Accident Factor, Rear-end, 0.0 drivers_injured, 0.0 drivers_killed, 0.0 passengers_injured, 0.0 passengers_killed, 0.0 pedestrian_injured, 0.0 pedestrian_killed, Fair (Day), EDSA (SB) before Magallanes Loading Bay Makati",MMDA Road Safety Unit,,f2860c01-8a37-408f-ad13-2094649ade0d,2012-05-22,07:30:00,EDSA (SB) after Estrella St. Makati,0,0,0,0,0,0,0,0,0,0,2012-05-22 15:30,Property,14.54305474,121.0205369,Rear-End
None,EDSA,None,None,"No Accident Factor, Rear-end, 1.0 drivers_injured, 0.0 drivers_killed, 1.0 passengers_injured, 0.0 passengers_killed, 0.0 pedestrian_injured, 0.0 pedestrian_killed, Fair (Day), EDSA (SB) MRT-Guadalupe Station Makati",MMDA Road Safety Unit,,3f76b65f-39e4-4145-b85b-0bc709476886,2012-05-19,04:40:00,EDSA (SB) Estrella St. Makati,0,0,0,1,1,0,0,0,0,2,2012-05-19 12:40,Injury,14.56668632,121.0454204,Rear-End
None,EDSA,None,None,"No Accident Factor, Rear-end, 0.0 drivers_injured, 0.0 drivers_killed, 0.0 passengers_injured, 0.0 passengers_killed, 0.0 pedestrian_injured, 0.0 pedestrian_killed, Fair (Night), EDSA (SB) Estrella St. Makati",MMDA Road Safety Unit,,b001dcd5-0a8b-4ba7-951a-7ed90f878319,2012-05-18,14:00:00,EDSA (SB) Sen. Gil J. Puyat Ave. (Buendia Ave. Ext.) Makati,0,0,0,0,0,0,0,0,0,0,2012-05-18 22:00,Property,14.56002889,121.040751,Rear-End
None,EDSA,None,None,"No Accident Factor, Rear-end, 0.0 drivers_injured, 0.0 drivers_killed, 0.0 passengers_injured, 0.0 passengers_killed, 0.0 pedestrian_injured, 0.0 pedestrian_killed, Fair (Day), EDSA (SB) access Loyola Memorial Chapel Makati",MMDA Road Safety Unit,,7c89ae1f-8bed-43b8-baa1-09b912aa2758,2012-05-18,02:30:00,EDSA (SB) Sen. Gil J. Puyat Ave. (Buendia Ave. Ext.) Makati,0,0,0,0,0,0,0,0,0,0,2012-05-18 10:30,Property,14.56699597,121.0454214,Rear-End
None,EDSA,None,None,"No Accident Factor, Rear-end, 0.0 drivers_injured, 0.0 drivers_killed, 0.0 passengers_injured, 0.0 passengers_killed, 0.0 pedestrian_injured, 0.0 pedestrian_killed, Fair (Day), EDSA (SB) fronting Loyola Memorial Chapel, Guadalupe Makati",MMDA Road Safety Unit,,2f46eb69-cdb1-4f7b-a838-a98e8968ba73,2012-05-16,01:35:00,EDSA (SB) before Sen. Gil J. Puyat Ave. (Buedia Ave. Ext.) Makati,0,0,0,0,0,0,0,0,0,0,2012-05-16 9:35,Property,14.56526983,121.0448719,Rear-End
None,EDSA,None,None,"No Accident Factor, No Collision Stated (based on Police Blotter Book), 0.0 drivers_injured, 0.0 drivers_killed, 0.0 passengers_injured, 0.0 passengers_killed, 0.0 pedestrian_injured, 0.0 pedestrian_killed, Fair (Night), EDSA (SB) Estrella St., Bgy. Bel-Air Makati",MMDA Road Safety Unit,,372af7b2-5fd7-4502-acc4-1d619358ae69,2012-05-15,14:40:00,EDSA (SB) before Magallanes Loading Bay Makati,0,0,0,0,0,0,0,0,0,0,2012-05-15 22:40,Property,14.56002889,121.040751,No Collision Stated
None,EDSA,None,None,"No Accident Factor, Rear-end, 0.0 drivers_injured, 0.0 drivers_killed, 0.0 passengers_injured, 0.0 passengers_killed, 0.0 pedestrian_injured, 0.0 pedestrian_killed, Fair (Night), EDSA (SB) Guadalupe Loading Bay Makati",MMDA Road Safety Unit,,b7d41cb7-5256-453d-b951-f595df157e71,2012-05-14,11:15:00,EDSA (SB) before Estrella St. Makati,0,0,0,0,0,0,0,0,0,0,2012-05-14 19:15,Property,14.56473213,121.0447625,Rear-End
None,EDSA,None,None,"No Accident Factor, Side Swipe-Same Direction, 0.0 drivers_injured, 0.0 drivers_killed, 0.0 passengers_injured, 0.0 passengers_killed, 0.0 pedestrian_injured, 0.0 pedestrian_killed, Fair (Night), EDSA (SB) MRT-Buendia Station, Sen. Gil J. Puyat Ave. (Buendia Ave. Ext.) Makati",MMDA Road Safety Unit,,5c4bd533-919f-4e96-9d39-0271b8247a6d,2012-05-10,15:40:00,EDSA (SB) Cloverleaf Makati,0,0,0,0,0,0,0,0,0,0,2012-05-10 23:40,Property,14.55423279,121.0338797,Side Swipe
None,EDSA,None,None,"No Accident Factor, Side Swipe, 0.0 drivers_injured, 0.0 drivers_killed, 0.0 passengers_injured, 0.0 passengers_killed, 0.0 pedestrian_injured, 0.0 pedestrian_killed, Fair (Night), EDSA (SB) after Ayala Ave. Makati",MMDA Road Safety Unit,,1dc43b48-53b0-4a98-b0ef-77eb275a00bd,2012-05-09,15:00:00,"EDSA (SB) after Evangelista St., Bgy. Bangkal Makati",0,0,0,0,0,0,0,0,0,0,2012-05-09 23:00,Property,14.55024379,121.0293798,Side Swipe
None,EDSA,None,None,"No Accident Factor, Rear-end, 0.0 drivers_injured, 0.0 drivers_killed, 0.0 passengers_injured, 0.0 passengers_killed, 0.0 pedestrian_injured, 0.0 pedestrian_killed, Fair (Day), EDSA (SB) MRT-Guadalupe Station Makati",MMDA Road Safety Unit,,85745d7e-3b01-437c-903f-7fcd38c479e5,2012-05-09,05:45:00,EDSA (SB) before Estrella St. Makati,0,0,0,0,0,0,0,0,0,0,2012-05-09 13:45,Property,14.56668632,121.0454204,Rear-End
None,EDSA,None,None,"No Accident Factor, Hit Object (No Object Stated), 0.0 drivers_injured, 0.0 drivers_killed, 0.0 passengers_injured, 0.0 passengers_killed, 0.0 pedestrian_injured, 0.0 pedestrian_killed, Fair (Day), EDSA (SB) MRT-Magallanes Station Makati",MMDA Road Safety Unit,,37dd7e15-c00c-413d-af3b-91c3ec179da0,2012-05-08,23:05:00,EDSA (SB) Mantrade Loading Bay Makati,0,0,0,0,0,0,0,0,0,0,2012-05-09 7:05,Property,14.54205011,121.0196401,Hit Object
None,EDSA,None,None,"No Accident Factor, No Collision Stated (based on Police Blotter Book), 0.0 drivers_injured, 0.0 drivers_killed, 0.0 passengers_injured, 0.0 passengers_killed, 0.0 pedestrian_injured, 0.0 pedestrian_killed, Fair (Day), EDSA (SB) after Estrella St. Makati",MMDA Road Safety Unit,,d1510879-9edf-4f8f-bfad-c785a3e095dc,2012-05-08,06:45:00,EDSA (SB) before Estrella Loading Bay Makati,0,0,0,0,0,0,0,0,0,0,2012-05-08 14:45,Property,14.56019425,121.0409398,No Collision Stated
None,EDSA,None,None,"No Accident Factor, No Collision Stated (based on Police Blotter Book), 0.0 drivers_injured, 0.0 drivers_killed, 0.0 passengers_injured, 0.0 passengers_killed, 0.0 pedestrian_injured, 0.0 pedestrian_killed, Fair (Day), EDSA (SB) Estrella St. Makati",MMDA Road Safety Unit,,35c938ba-b955-4b86-b1ed-f093cf149b08,2012-05-08,03:00:00,EDSA (SB) before Ayala Ave. Makati,0,0,0,0,0,0,0,0,0,0,2012-05-08 11:00,Property,14.56002889,121.040751,No Collision Stated
None,EDSA,None,None,"No Accident Factor, Rear-end (Multiple), 0.0 drivers_injured, 0.0 drivers_killed, 0.0 passengers_injured, 0.0 passengers_killed, 0.0 pedestrian_injured, 0.0 pedestrian_killed, Fair (Day), EDSA (SB) Sen. Gil J. Puyat Ave. (Buendia Ave. Ext.) Makati",MMDA Road Safety Unit,,c7e56512-c418-4219-be68-4d2d7885fbe0,2012-05-05,03:10:00,EDSA (SB) Shaw Blvd. Makati,0,0,0,0,0,0,0,0,0,0,2012-05-05 11:10,Property,14.55496432,121.0348612,Rear-End
None,EDSA,None,None,"No Accident Factor, Rear-end, 0.0 drivers_injured, 0.0 drivers_killed, 0.0 passengers_injured, 0.0 passengers_killed, 0.0 pedestrian_injured, 0.0 pedestrian_killed, Fair (Day), EDSA (SB) Sen. Gil J. Puyat Ave. (Buendia Ave. Ext.) Makati",MMDA Road Safety Unit,,3f7c05ff-3881-48e2-a879-e99912afdf25,2012-05-03,08:30:00,EDSA (SB) fronting San Carlos Seminary Makati,0,0,0,0,0,0,0,0,0,0,2012-05-03 16:30,Property,14.55496432,121.0348612,Rear-End
None,EDSA,None,None,"No Accident Factor, Rear-end, 0.0 drivers_injured, 0.0 drivers_killed, 0.0 passengers_injured, 0.0 passengers_killed, 0.0 pedestrian_injured, 0.0 pedestrian_killed, Fair (Day), EDSA (SB) before Sen. Gil J. Puyat Ave. (Buedia Ave. Ext.) Makati",MMDA Road Safety Unit,,44c9238c-ea07-4256-9d6d-534eca75f8cc,2012-05-03,00:30:00,EDSA (SB) Guadalupe Cloverleaf Makati,0,0,0,0,0,0,0,0,0,0,2012-05-03 8:30,Property,14.55551148,121.035243,Rear-End
None,EDSA,None,None,"No Accident Factor, Rear-end, 0.0 drivers_injured, 0.0 drivers_killed, 0.0 passengers_injured, 0.0 passengers_killed, 0.0 pedestrian_injured, 0.0 pedestrian_killed, Fair (Day), EDSA (SB) before Magallanes Loading Bay Makati",MMDA Road Safety Unit,,a877a3e7-be61-41c3-a9e4-327fac6141fd,2012-05-02,03:05:00,EDSA (SB) Ayala Loading Bay Makati,0,0,0,0,0,0,0,0,0,0,2012-05-02 11:05,Property,14.54305474,121.0205369,Rear-End
None,EDSA,None,None,"No Accident Factor, Hit and Run (Side Swipe), 0.0 drivers_injured, 0.0 drivers_killed, 0.0 passengers_injured, 0.0 passengers_killed, 0.0 pedestrian_injured, 0.0 pedestrian_killed, Fair (Day), EDSA (SB) before Estrella St. Makati",MMDA Road Safety Unit,,2cebe7f5-8e14-419a-81c9-1a4e16d688dc,2012-05-02,00:40:00,EDSA (SB) Sen. Gil J. Puyat Ave. (Buendia Ave. Ext.) Makati,0,0,0,0,0,0,0,0,0,0,2012-05-02 8:40,Property,14.55988482,121.0406786,Side Swipe
None,EDSA,None,None,"No Accident Factor, Rear-end, 1.0 drivers_injured, 0.0 drivers_killed, 6.0 passengers_injured, 0.0 passengers_killed, 0.0 pedestrian_injured, 0.0 pedestrian_killed, Fair (Night), EDSA (SB) Cloverleaf Makati",MMDA Road Safety Unit,,4da55337-6f21-4c74-b236-e69d380cbc50,2012-05-01,14:30:00,EDSA (SB) before Buendia Loading Bay Makati,0,0,0,1,6,0,0,0,0,7,2012-05-01 22:30,Injury,14.56752962,121.0456192,Rear-End
None,EDSA,None,None,"No Accident Factor, Rear-end, 0.0 drivers_injured, 0.0 drivers_killed, 0.0 passengers_injured, 0.0 passengers_killed, 0.0 pedestrian_injured, 0.0 pedestrian_killed, Fair (Night), EDSA (SB) after Evangelista St., Bgy. Bangkal Makati",MMDA Road Safety Unit,,90aa4dc3-4ee5-4809-abfa-6981df078d0e,2012-05-01,13:10:00,EDSA (SB) before Ayala Ave. Makati,0,0,0,0,0,0,0,0,0,0,2012-05-01 21:10,Property,14.53908511,121.0122919,Rear-End
None,EDSA,None,None,"No Accident Factor, Rear-end, 0.0 drivers_injured, 0.0 drivers_killed, 0.0 passengers_injured, 0.0 passengers_killed, 0.0 pedestrian_injured, 0.0 pedestrian_killed, Fair (Day), EDSA (SB) before Estrella St. Makati",MMDA Road Safety Unit,,cf5064d1-cfb2-42e3-9587-93d4e0a8dc78,2012-04-28,05:30:00,"EDSA (SB) before ""U"" turn slot, Sen. Gil J. Puyat Ave. (Buendia Ave. Ext.) Makati",0,0,0,0,0,0,0,0,0,0,2012-04-28 13:30,Property,14.55988482,121.0406786,Rear-End
None,EDSA,None,None,"No Accident Factor, Side Swipe-Same Direction, 0.0 drivers_injured, 0.0 drivers_killed, 0.0 passengers_injured, 0.0 passengers_killed, 0.0 pedestrian_injured, 0.0 pedestrian_killed, Fair (Night), EDSA (SB) Mantrade Loading Bay Makati",MMDA Road Safety Unit,,9a37bb5e-1107-4f39-9110-4ee704a70a31,2012-04-25,21:00:00,EDSA (SB) after Estrella St. Makati,0,0,0,0,0,0,0,0,0,0,2012-04-26 5:00,Property,14.54276678,121.0202719,Side Swipe
None,EDSA,None,None,"No Accident Factor, Rear-end, 0.0 drivers_injured, 0.0 drivers_killed, 0.0 passengers_injured, 0.0 passengers_killed, 0.0 pedestrian_injured, 0.0 pedestrian_killed, Fair (Day), EDSA (SB) before Estrella Loading Bay Makati",MMDA Road Safety Unit,,72f024a7-b5a5-4694-aa58-07504d0f8186,2012-04-24,23:30:00,"EDSA (SB) before ""U"" turn slot, Sen. Gil J. Puyat Ave. (Buendia Ave. Ext.) Makati",0,0,0,0,0,0,0,0,0,0,2012-04-25 7:30,Property,14.56078858,121.0415299,Rear-End
None,EDSA,None,None,"No Accident Factor, Side Swipe, 0.0 drivers_injured, 0.0 drivers_killed, 0.0 passengers_injured, 0.0 passengers_killed, 0.0 pedestrian_injured, 0.0 pedestrian_killed, Fair (Night), EDSA (SB) before Ayala Ave. Makati",MMDA Road Safety Unit,,e7543ffc-92df-4d85-9d08-4ac7119cd09f,2012-04-24,12:40:00,EDSA (SB) after Buendia Loading Bay Makati,0,0,0,0,0,0,0,0,0,0,2012-04-24 20:40,Property,14.55063226,121.0295437,Side Swipe
None,EDSA,None,None,"No Accident Factor, Side Swipe-Same Direction, 0.0 drivers_injured, 0.0 drivers_killed, 0.0 passengers_injured, 0.0 passengers_killed, 0.0 pedestrian_injured, 0.0 pedestrian_killed, Fair (Night), EDSA (SB) Shaw Blvd. Makati",MMDA Road Safety Unit,,a86d40d5-fa6a-4947-b37f-7fb935f2f83c,2012-04-24,11:00:00,EDSA (SB) Sen. Gil J. Puyat Ave. (Buendia Ave. Ext.) Makati,0,0,0,0,0,0,0,0,0,0,2012-04-24 19:00,Property,14.5813087,121.0535873,Side Swipe
None,EDSA,None,None,"No Accident Factor, Hit and Run (Rear-end), 0.0 drivers_injured, 0.0 drivers_killed, 0.0 passengers_injured, 0.0 passengers_killed, 0.0 pedestrian_injured, 0.0 pedestrian_killed, Fair (Night), EDSA (SB) fronting San Carlos Seminary Makati",MMDA Road Safety Unit,,0d1424da-460f-4b94-adc2-4dc8b0ec5454,2012-04-23,12:00:00,EDSA (SB) Ayala Loading Bay Makati,0,0,0,0,0,0,0,0,0,0,2012-04-23 20:00,Property,14.56336498,121.0439669,Rear-End
None,EDSA,None,None,"No Accident Factor, No Collision Stated (based on Police Blotter Book), 0.0 drivers_injured, 0.0 drivers_killed, 0.0 passengers_injured, 0.0 passengers_killed, 0.0 pedestrian_injured, 0.0 pedestrian_killed, Fair (Day), EDSA (SB) Guadalupe Cloverleaf Makati",MMDA Road Safety Unit,,5e62cd61-5f72-403e-9825-8ee80e40cdad,2012-04-21,23:40:00,"EDSA (SB) before ""U"" turn slot, Buendia Ave. Ext. Makati",0,0,0,0,0,0,0,0,0,0,2012-04-22 7:40,Property,14.56720754,121.0457277,No Collision Stated
None,EDSA,None,None,"No Accident Factor, Side Swipe, 0.0 drivers_injured, 0.0 drivers_killed, 0.0 passengers_injured, 0.0 passengers_killed, 0.0 pedestrian_injured, 0.0 pedestrian_killed, Fair (Night), EDSA (SB) Ayala Loading Bay Makati",MMDA Road Safety Unit,,0d2ade12-eb08-4170-81d3-b1ed197fcc05,2012-04-21,12:10:00,EDSA (SB) before Sen. Gil J. Puyat Ave. (Buendia Ave. Ext.) Makati,0,0,0,0,0,0,0,0,0,0,2012-04-21 20:10,Property,14.54886,121.0276063,Side Swipe
None,EDSA,None,None,"No Accident Factor, Side Swipe, 1.0 drivers_injured, 0.0 drivers_killed, 0.0 passengers_injured, 0.0 passengers_killed, 0.0 pedestrian_injured, 0.0 pedestrian_killed, Fair (Day), EDSA (SB) Sen. Gil J. Puyat Ave. (Buendia Ave. Ext.) Makati",MMDA Road Safety Unit,,04c01e3c-4869-41aa-bfe3-f17da477bacf,2012-04-20,00:40:00,EDSA (SB) Rockwell Drive Makati,0,0,0,1,0,0,0,0,0,1,2012-04-20 8:40,Injury,14.55496432,121.0348612,Side Swipe
None,EDSA,None,None,"No Accident Factor, No Collision Stated (based on Police Blotter Book), 1.0 drivers_injured, 0.0 drivers_killed, 0.0 passengers_injured, 0.0 passengers_killed, 0.0 pedestrian_injured, 0.0 pedestrian_killed, Fair (Night), EDSA (SB) before Buendia Loading Bay Makati",MMDA Road Safety Unit,,162d0f92-437d-438d-ab11-fca710fa4084,2012-04-19,11:40:00,EDSA (SB) after Estrella St. Makati,0,0,0,1,0,0,0,0,0,1,2012-04-19 19:40,Injury,14.55404392,121.0336217,No Collision Stated
None,EDSA,None,None,"No Accident Factor, Side Swipe, 0.0 drivers_injured, 0.0 drivers_killed, 0.0 passengers_injured, 0.0 passengers_killed, 0.0 pedestrian_injured, 0.0 pedestrian_killed, Fair (Day), EDSA (SB) before Ayala Ave. Makati",MMDA Road Safety Unit,,6b73fbdd-7bff-4a09-b4c5-5f1e524d8e46,2012-04-19,00:15:00,EDSA (SB) fronting San Carlos Seminary Makati,0,0,0,0,0,0,0,0,0,0,2012-04-19 8:15,Property,14.55063226,121.0295437,Side Swipe
None,EDSA,None,None,"No Accident Factor, Hit and Run (No Collision Stated), 0.0 drivers_injured, 0.0 drivers_killed, 0.0 passengers_injured, 0.0 passengers_killed, 0.0 pedestrian_injured, 0.0 pedestrian_killed, Fair (Day), EDSA (SB) before ""U"" turn slot, Sen. Gil J. Puyat Ave. (Buendia Ave. Ext.) Makati",MMDA Road Safety Unit,,e629ccb5-49e1-45c4-97a9-681770bd7632,2012-04-18,09:30:00,EDSA (SB) before Estrella St. Makati,0,0,0,0,0,0,0,0,0,0,2012-04-18 17:30,Property,14.5555684,121.035438,No Collision Stated
None,EDSA,None,None,"No Accident Factor, Rear-end, 0.0 drivers_injured, 0.0 drivers_killed, 0.0 passengers_injured, 0.0 passengers_killed, 0.0 pedestrian_injured, 0.0 pedestrian_killed, Fair (Day), EDSA (SB) after Estrella St. Makati",MMDA Road Safety Unit,,420537d4-5cb7-4bc1-8d8b-0b29797764d0,2012-04-18,07:45:00,EDSA (SB) Estrella St. Makati,0,0,0,0,0,0,0,0,0,0,2012-04-18 15:45,Property,14.56019425,121.0409398,Rear-End
None,EDSA,None,None,"No Accident Factor, Rear-end, 0.0 drivers_injured, 0.0 drivers_killed, 0.0 passengers_injured, 0.0 passengers_killed, 0.0 pedestrian_injured, 0.0 pedestrian_killed, Fair (Day), EDSA (SB) before ""U"" turn slot, Sen. Gil J. Puyat Ave. (Buendia Ave. Ext.) Makati",MMDA Road Safety Unit,,a3de0e1a-9cec-4ced-9e2e-a83ab20c05ca,2012-04-18,06:45:00,"EDSA (SB) before ""U"" turn slot, Buendia Ave. Ext. Makati",0,0,0,0,0,0,0,0,0,0,2012-04-18 14:45,Property,14.5555684,121.035438,Rear-End
None,EDSA,None,None,"No Accident Factor, Side Swipe, 0.0 drivers_injured, 0.0 drivers_killed, 0.0 passengers_injured, 0.0 passengers_killed, 0.0 pedestrian_injured, 0.0 pedestrian_killed, Fair (Day), EDSA (SB) after Buendia Loading Bay Makati",MMDA Road Safety Unit,,a30dfc3a-cee2-4bfc-a777-15dfb79fa829,2012-04-18,06:30:00,"EDSA (SB) Mantrade, after Loading Bay Makati",0,0,0,0,0,0,0,0,0,0,2012-04-18 14:30,Property,14.55386823,121.0334638,Side Swipe
None,EDSA,None,None,"No Accident Factor, Side Swipe, 0.0 drivers_injured, 0.0 drivers_killed, 0.0 passengers_injured, 0.0 passengers_killed, 0.0 pedestrian_injured, 0.0 pedestrian_killed, Fair (Day), EDSA (SB) Sen. Gil J. Puyat Ave. (Buendia Ave. Ext.) Makati",MMDA Road Safety Unit,,7b4523fd-9b35-4e15-bfd8-40913b981d9b,2012-04-18,06:00:00,EDSA (SB) Estrella St. Makati,0,0,0,0,0,0,0,0,0,0,2012-04-18 14:00,Property,14.55496432,121.0348612,Side Swipe
None,EDSA,None,None,"No Accident Factor, Hit Object (No Object Stated), 0.0 drivers_injured, 0.0 drivers_killed, 0.0 passengers_injured, 0.0 passengers_killed, 0.0 pedestrian_injured, 0.0 pedestrian_killed, Fair (Night), EDSA (SB) Ayala Loading Bay Makati",MMDA Road Safety Unit,,66565053-31a3-49ee-b298-bcaf565e0c71,2012-04-14,20:30:00,EDSA (SB) before Evangelista St. Makati,0,0,0,0,0,0,0,0,0,0,2012-04-15 4:30,Property,14.54886,121.0276063,Hit Object
None,EDSA,None,None,"No Accident Factor, Hit and Run (Rear-end), 0.0 drivers_injured, 0.0 drivers_killed, 0.0 passengers_injured, 0.0 passengers_killed, 0.0 pedestrian_injured, 0.0 pedestrian_killed, Fair (Day), EDSA (SB) before ""U"" turn slot, Buendia Ave. Ext. Makati",MMDA Road Safety Unit,,5f8ddf04-19fa-4ec3-ade8-a7156b85a35b,2012-04-14,09:00:00,EDSA (SB) before Ayala Ave. Makati,0,0,0,0,0,0,0,0,0,0,2012-04-14 17:00,Property,14.5555684,121.035438,Rear-End
None,EDSA,None,None,"No Accident Factor, Side Swipe, 0.0 drivers_injured, 0.0 drivers_killed, 0.0 passengers_injured, 0.0 passengers_killed, 0.0 pedestrian_injured, 0.0 pedestrian_killed, Fair (Night), EDSA (SB) before Sen. Gil J. Puyat Ave. (Buendia Ave. Ext.) Makati",MMDA Road Safety Unit,,d411dc00-6991-46d5-bf6c-cc91d6b4ffe6,2012-04-13,21:30:00,EDSA (SB) Ayala Ave. Makati,0,0,0,0,0,0,0,0,0,0,2012-04-14 5:30,Property,14.55551148,121.035243,Side Swipe
None,EDSA,None,None,"No Accident Factor, Hit and Run (No Collision Stated), 0.0 drivers_injured, 0.0 drivers_killed, 0.0 passengers_injured, 0.0 passengers_killed, 0.0 pedestrian_injured, 0.0 pedestrian_killed, Fair (Night), EDSA (SB) Rockwell Drive Makati",MMDA Road Safety Unit,,6ba5fff0-6fe0-43e5-b290-87c0d47abf36,2012-04-13,12:00:00,EDSA (SB) fronting Loyola Memorial Chapel Makati,0,0,0,0,0,0,0,0,0,0,2012-04-13 20:00,Property,14.559945,121.0407272,No Collision Stated
None,EDSA,None,None,"No Accident Factor, Rear-end, 0.0 drivers_injured, 0.0 drivers_killed, 0.0 passengers_injured, 0.0 passengers_killed, 0.0 pedestrian_injured, 0.0 pedestrian_killed, Fair (Day), EDSA (SB) after Estrella St. Makati",MMDA Road Safety Unit,,3a9dbea0-f194-4d07-97db-b6231800d58f,2012-04-13,07:00:00,EDSA (SB) before Ayala Ave. Makati,0,0,0,0,0,0,0,0,0,0,2012-04-13 15:00,Property,14.56019425,121.0409398,Rear-End
None,EDSA,None,None,"No Accident Factor, Rear-end, 0.0 drivers_injured, 0.0 drivers_killed, 0.0 passengers_injured, 0.0 passengers_killed, 0.0 pedestrian_injured, 0.0 pedestrian_killed, Fair (Day), EDSA (SB) fronting San Carlos Seminary Makati",MMDA Road Safety Unit,,8fa679be-72fa-4a9f-a3a7-b795b1d6e09d,2012-04-12,22:50:00,EDSA (SB) fronting San Carlos Seminary Makati,0,0,0,0,0,0,0,0,0,0,2012-04-13 6:50,Property,14.56336498,121.0439669,Rear-End
None,EDSA,None,None,"No Accident Factor, Side Swipe, 0.0 drivers_injured, 0.0 drivers_killed, 0.0 passengers_injured, 0.0 passengers_killed, 0.0 pedestrian_injured, 0.0 pedestrian_killed, Fair (Day), EDSA (SB) before Estrella St. Makati",MMDA Road Safety Unit,,cc225fbb-98d7-4a80-afac-8ed8c38ca63c,2012-04-12,09:25:00,EDSA (SB) after Buendia Loading Bay Makati,0,0,0,0,0,0,0,0,0,0,2012-04-12 17:25,Property,14.55988482,121.0406786,Side Swipe
None,EDSA,None,None,"No Accident Factor, Rear-end, 0.0 drivers_injured, 0.0 drivers_killed, 0.0 passengers_injured, 0.0 passengers_killed, 0.0 pedestrian_injured, 0.0 pedestrian_killed, Fair (Day), EDSA (SB) Estrella St. Makati",MMDA Road Safety Unit,,5226b256-0d67-4504-905f-0c4718e40f0c,2012-04-12,06:30:00,EDSA (SB) before Magallanes Interchange Makati,0,0,0,0,0,0,0,0,0,0,2012-04-12 14:30,Property,14.56002889,121.040751,Rear-End
None,EDSA,None,None,"No Accident Factor, Hit and Run (No Collision Stated), 0.0 drivers_injured, 0.0 drivers_killed, 0.0 passengers_injured, 0.0 passengers_killed, 0.0 pedestrian_injured, 0.0 pedestrian_killed, Fair (Day), EDSA (SB) before ""U"" turn slot, Buendia Ave. Ext. Makati",MMDA Road Safety Unit,,a535d685-d232-491d-9490-850b3d584963,2012-04-12,00:20:00,EDSA (SB) Guadalupe Cloverleaf Makati,0,0,0,0,0,0,0,0,0,0,2012-04-12 8:20,Property,14.5555684,121.035438,No Collision Stated
None,EDSA,None,None,"No Accident Factor, No Collision Stated (based on Police Blotter Book), 0.0 drivers_injured, 0.0 drivers_killed, 0.0 passengers_injured, 0.0 passengers_killed, 0.0 pedestrian_injured, 0.0 pedestrian_killed, Fair (Night), EDSA (SB) Mantrade, after Loading Bay Makati",MMDA Road Safety Unit,,70cdf14b-5b55-497a-b826-48ccb210817e,2012-04-11,10:35:00,EDSA (SB) before Magallanes Interchange Makati,0,0,0,0,0,0,0,0,0,0,2012-04-11 18:35,Property,14.54270519,121.0200577,No Collision Stated
None,EDSA,None,None,"No Accident Factor, Side Swipe-Same Direction, 0.0 drivers_injured, 0.0 drivers_killed, 0.0 passengers_injured, 0.0 passengers_killed, 0.0 pedestrian_injured, 0.0 pedestrian_killed, Fair (Day), EDSA (SB) Estrella St. Makati",MMDA Road Safety Unit,,f95dd980-d1c3-4a5d-b29d-6108231259fa,2012-04-11,06:55:00,EDSA (SB) before Sen. Gil J. Puyat Ave. (Buendia Ave. Ext.) Makati,0,0,0,0,0,0,0,0,0,0,2012-04-11 14:55,Property,14.56002889,121.040751,Side Swipe