LOCATION_TEXT,ROAD,WEATHER,LIGHT,DESC,REPORTING_AGENCY,MAIN_CAUSE,INCIDENTDETAILS_ID,DATE_UTC,TIME_UTC,ADDRESS,killed_driver,killed_passenger,killed_pedestrian,injured_driver,injured_passenger,injured_pedestrian,killed_uncategorized,injured_uncategorized,killed_total,injured_total,DATETIME_PST,SEVERITY,Y,X,COLLISION_TYPE
None,EDSA,None,None,"No Accident Factor, Side Swipe, 0.0 drivers_injured, 0.0 drivers_killed, 0.0 passengers_injured, 0.0 passengers_killed, 0.0 pedestrian_injured, 0.0 pedestrian_killed, Fair (Day), EDSA (SB) before Evangelista St. Makati",MMDA Road Safety Unit,,8a58fedb-b87b-43fd-baeb-b8fff5db80c4,2012-04-10,09:30:00,EDSA (SB) fronting Pet Plan Bldg. Makati,0,0,0,0,0,0,0,0,0,0,2012-04-10 17:30,Property,14.53904703,121.0123031,Side Swipe
None,EDSA,None,None,"No Accident Factor, Side Swipe, 0.0 drivers_injured, 0.0 drivers_killed, 0.0 passengers_injured, 0.0 passengers_killed, 0.0 pedestrian_injured, 0.0 pedestrian_killed, Fair (Day), EDSA (SB) before Ayala Ave. Makati",MMDA Road Safety Unit,,6a222957-b4dc-4d15-8f92-10627ecbc8fa,2012-04-10,07:30:00,EDSA (SB) before Evangelista St. Makati,0,0,0,0,0,0,0,0,0,0,2012-04-10 15:30,Property,14.55063226,121.0295437,Side Swipe
None,EDSA,None,None,"No Accident Factor, Side Swipe, 2.0 drivers_injured, 0.0 drivers_killed, 0.0 passengers_injured, 0.0 passengers_killed, 0.0 pedestrian_injured, 0.0 pedestrian_killed, Fair (Night), EDSA (SB) Ayala Ave. Makati",MMDA Road Safety Unit,,1aeb39a8-6d01-4fcd-9c45-d0ece07b4095,2012-04-04,13:15:00,EDSA (SB) after Guadalupe Overpass Makati,0,0,0,2,0,0,0,0,0,2,2012-04-04 21:15,Injury,14.55022912,121.0292348,Side Swipe
None,EDSA,None,None,"No Accident Factor, Rear-end, 0.0 drivers_injured, 0.0 drivers_killed, 0.0 passengers_injured, 0.0 passengers_killed, 0.0 pedestrian_injured, 0.0 pedestrian_killed, Fair (Day), EDSA (SB) fronting Loyola Memorial Chapel Makati",MMDA Road Safety Unit,,fe5a9246-295f-4887-890b-f5b92bd0ffc3,2012-04-04,03:00:00,EDSA (SB) Buendia Makati,0,0,0,0,0,0,0,0,0,0,2012-04-04 11:00,Property,14.56526983,121.0448719,Rear-End
None,EDSA,None,None,"No Accident Factor, No Collision Stated (based on Police Blotter Book), 0.0 drivers_injured, 0.0 drivers_killed, 0.0 passengers_injured, 0.0 passengers_killed, 0.0 pedestrian_injured, 0.0 pedestrian_killed, Fair (Day), EDSA (SB) before Ayala Ave. Makati",MMDA Road Safety Unit,,9517aa59-09a4-46df-8a11-2a5a0e937c16,2012-04-03,06:20:00,EDSA (SB) Estrella St. Makati,0,0,0,0,0,0,0,0,0,0,2012-04-03 14:20,Property,14.55063226,121.0295437,No Collision Stated
None,EDSA,None,None,"No Accident Factor, Rear-end, 0.0 drivers_injured, 0.0 drivers_killed, 0.0 passengers_injured, 0.0 passengers_killed, 0.0 pedestrian_injured, 0.0 pedestrian_killed, Fair (Night), EDSA (SB) fronting San Carlos Seminary Makati",MMDA Road Safety Unit,,56f40cf5-bc7c-428a-b0eb-71f80d031869,2012-04-02,21:10:00,EDSA (SB) Ayala Makati,0,0,0,0,0,0,0,0,0,0,2012-04-03 5:10,Property,14.56336498,121.0439669,Rear-End
None,EDSA,None,None,"No Accident Factor, No Collision Stated (based on Police Blotter Book), 0.0 drivers_injured, 0.0 drivers_killed, 0.0 passengers_injured, 0.0 passengers_killed, 0.0 pedestrian_injured, 0.0 pedestrian_killed, Fair (Night), EDSA (SB) after Buendia Loading Bay Makati",MMDA Road Safety Unit,,a901b74f-d941-4148-9e46-b369146bd80b,2012-04-02,11:30:00,EDSA (SB) Before Estrella St. 3rd Lane Makati,0,0,0,0,0,0,0,0,0,0,2012-04-02 19:30,Property,14.55386823,121.0334638,No Collision Stated
None,EDSA,None,None,"No Accident Factor, Side Swipe, 0.0 drivers_injured, 0.0 drivers_killed, 0.0 passengers_injured, 0.0 passengers_killed, 0.0 pedestrian_injured, 0.0 pedestrian_killed, Fair (Day), EDSA (SB) before Magallanes Interchange Makati",MMDA Road Safety Unit,,eb25f64b-4829-4c0a-8b85-46c7e1dd544b,2012-03-30,23:00:00,EDSA (SB) Estrella St. Makati,0,0,0,0,0,0,0,0,0,0,2012-03-31 7:00,Property,14.54241081,121.0197643,Side Swipe
None,EDSA,None,None,"No Accident Factor, Other (Multiple), 0.0 drivers_injured, 0.0 drivers_killed, 0.0 passengers_injured, 0.0 passengers_killed, 0.0 pedestrian_injured, 0.0 pedestrian_killed, Fair (Night), EDSA (SB) Guadalupe Cloverleaf Makati",MMDA Road Safety Unit,,7099c4a9-0df8-421b-9052-be72805e5ad3,2012-03-28,12:30:00,EDSA (SB) Ayala Loading Bay Makati,0,0,0,0,0,0,0,0,0,0,2012-03-28 20:30,Property,14.56720754,121.0457277,Multiple
None,EDSA,None,None,"No Accident Factor, Rear-end, 0.0 drivers_injured, 0.0 drivers_killed, 0.0 passengers_injured, 0.0 passengers_killed, 0.0 pedestrian_injured, 0.0 pedestrian_killed, Fair (Day), EDSA (SB) before Magallanes Interchange Makati",MMDA Road Safety Unit,,8357ea19-ab4f-4c78-a9af-caf20873e6e6,2012-03-28,03:10:00,EDSA (SB) Estrella St. Makati,0,0,0,0,0,0,0,0,0,0,2012-03-28 11:10,Property,14.54241081,121.0197643,Rear-End
None,EDSA,None,None,"No Accident Factor, Hit Object (No Object Stated), 0.0 drivers_injured, 0.0 drivers_killed, 0.0 passengers_injured, 0.0 passengers_killed, 0.0 pedestrian_injured, 0.0 pedestrian_killed, Fair (Day), EDSA (SB) before Sen. Gil J. Puyat Ave. (Buendia Ave. Ext.) Makati",MMDA Road Safety Unit,,1728694e-7f56-4b11-86e6-cb31b739e8ad,2012-03-27,05:00:00,EDSA (SB) Guadalupe Loading Bay Makati,0,0,0,0,0,0,0,0,0,0,2012-03-27 13:00,Property,14.55551148,121.035243,Hit Object
None,EDSA,None,None,"No Accident Factor, Rear-end, 0.0 drivers_injured, 0.0 drivers_killed, 0.0 passengers_injured, 0.0 passengers_killed, 0.0 pedestrian_injured, 0.0 pedestrian_killed, Fair (Day), EDSA (SB) fronting Pet Plan Bldg. Makati",MMDA Road Safety Unit,,6cec34b7-22f4-484a-a58e-e46e65626856,2012-03-27,01:30:00,EDSA (SB) Guadalupe Loading Bay Makati,0,0,0,0,0,0,0,0,0,0,2012-03-27 9:30,Property,14.56187579,121.0428741,Rear-End
None,EDSA,None,None,"No Accident Factor, Side Swipe, 0.0 drivers_injured, 0.0 drivers_killed, 0.0 passengers_injured, 0.0 passengers_killed, 0.0 pedestrian_injured, 0.0 pedestrian_killed, Fair (Day), EDSA (SB) before Evangelista St. Makati",MMDA Road Safety Unit,,82d9f20d-a128-46bb-a5d3-82cf1ffe36b0,2012-03-26,23:45:00,"EDSA (SB) before Buendia ""U"" turn Slot Makati",0,0,0,0,0,0,0,0,0,0,2012-03-27 7:45,Property,14.53904703,121.0123031,Side Swipe
None,EDSA,None,None,"No Accident Factor, No Collision Stated (based on Police Blotter Book), 0.0 drivers_injured, 0.0 drivers_killed, 0.0 passengers_injured, 0.0 passengers_killed, 0.0 pedestrian_injured, 0.0 pedestrian_killed, Fair (Day), EDSA (SB) after Guadalupe Overpass Makati",MMDA Road Safety Unit,,ed118eab-5f6b-4aa5-9d36-9586247d9361,2012-03-26,23:30:00,EDSA (SB) before Evangelista St. Makati,0,0,0,0,0,0,0,0,0,0,2012-03-27 7:30,Property,14.56482272,121.0448734,No Collision Stated
None,EDSA,None,None,"No Accident Factor, Hit Object (Railing-Steel), 0.0 drivers_injured, 0.0 drivers_killed, 0.0 passengers_injured, 0.0 passengers_killed, 0.0 pedestrian_injured, 0.0 pedestrian_killed, Fair (Night), EDSA (SB) Buendia Makati",MMDA Road Safety Unit,,002c56ef-9845-463c-a523-ac62d83388e9,2012-03-24,12:40:00,EDSA (SB) Guadalupe Loading Bay Makati,0,0,0,0,0,0,0,0,0,0,2012-03-24 20:40,Property,14.55505269,121.034707,Hit Object
None,EDSA,None,None,"No Accident Factor, No Collision Stated (based on Police Blotter Book), 0.0 drivers_injured, 0.0 drivers_killed, 0.0 passengers_injured, 0.0 passengers_killed, 0.0 pedestrian_injured, 0.0 pedestrian_killed, Fair (Day), EDSA (SB) Estrella St. Makati",MMDA Road Safety Unit,,3b1023be-0ea8-4d9e-8557-8c65c8e8088e,2012-03-22,01:30:00,EDSA (SB) Estrella St. Makati,0,0,0,0,0,0,0,0,0,0,2012-03-22 9:30,Property,14.56002889,121.040751,No Collision Stated
None,EDSA,None,None,"No Accident Factor, Rear-end, 0.0 drivers_injured, 0.0 drivers_killed, 0.0 passengers_injured, 0.0 passengers_killed, 0.0 pedestrian_injured, 0.0 pedestrian_killed, Fair (Day), EDSA (SB) Ayala Makati",MMDA Road Safety Unit,,3eda0e4c-6eb0-4561-b138-3ff0e27ac846,2012-03-20,00:40:00,EDSA (SB) Ayala Ave. Makati,0,0,0,0,0,0,0,0,0,0,2012-03-20 8:40,Property,14.54918586,121.0279716,Rear-End
None,EDSA,None,None,"No Accident Factor, Rear-end, 0.0 drivers_injured, 0.0 drivers_killed, 0.0 passengers_injured, 0.0 passengers_killed, 0.0 pedestrian_injured, 0.0 pedestrian_killed, Fair (Day), EDSA (SB) Before Estrella St. 3rd Lane Makati",MMDA Road Safety Unit,,05ae0cf0-0365-40d7-9ff7-203b8a9437f8,2012-03-19,01:20:00,EDSA (SB) after Estrella St. Makati,0,0,0,0,0,0,0,0,0,0,2012-03-19 9:20,Property,14.55988482,121.0406786,Rear-End
None,EDSA,None,None,"No Accident Factor, Side Swipe, 0.0 drivers_injured, 0.0 drivers_killed, 0.0 passengers_injured, 0.0 passengers_killed, 0.0 pedestrian_injured, 0.0 pedestrian_killed, Fair (Night), EDSA (SB) Estrella St. Makati",MMDA Road Safety Unit,,b7a6b19b-011f-455e-a352-5fcacdb33abc,2012-03-18,19:00:00,EDSA (SB) Guadalupe Clover Leaf Makati,0,0,0,0,0,0,0,0,0,0,2012-03-19 3:00,Property,14.56002889,121.040751,Side Swipe
None,EDSA,None,None,"No Accident Factor, No Collision Stated (based on Police Blotter Book), 0.0 drivers_injured, 0.0 drivers_killed, 0.0 passengers_injured, 0.0 passengers_killed, 0.0 pedestrian_injured, 0.0 pedestrian_killed, Fair (Night), EDSA (SB) Ayala Loading Bay Makati",MMDA Road Safety Unit,,ef34e31c-5c80-414a-9926-90e52dbfc273,2012-03-17,12:20:00,EDSA (SB) before Ayala Ave. Makati,0,0,0,0,0,0,0,0,0,0,2012-03-17 20:20,Property,14.54886,121.0276063,No Collision Stated
None,EDSA,None,None,"No Accident Factor, No Collision Stated (based on Police Blotter Book), 0.0 drivers_injured, 0.0 drivers_killed, 0.0 passengers_injured, 0.0 passengers_killed, 0.0 pedestrian_injured, 0.0 pedestrian_killed, Fair (Night), EDSA (SB) Estrella St. Makati",MMDA Road Safety Unit,,ebf69ab7-7fb9-44b2-8484-9ba67faf8ddd,2012-03-17,11:30:00,EDSA (SB) Ayala Ave. Makati,0,0,0,0,0,0,0,0,0,0,2012-03-17 19:30,Property,14.56002889,121.040751,No Collision Stated
None,EDSA,None,None,"No Accident Factor, No Collision Stated (based on Police Blotter Book), 0.0 drivers_injured, 0.0 drivers_killed, 0.0 passengers_injured, 0.0 passengers_killed, 0.0 pedestrian_injured, 0.0 pedestrian_killed, Fair (Day), EDSA (SB) Guadalupe Loading Bay Makati",MMDA Road Safety Unit,,94df9313-b547-42c8-ab61-41a282ee4d8c,2012-03-17,02:00:00,EDSA (SB) Mantrade Loading Bay Makati,0,0,0,0,0,0,0,0,0,0,2012-03-17 10:00,Property,14.56473213,121.0447625,No Collision Stated
None,EDSA,None,None,"No Accident Factor, Side Swipe, 0.0 drivers_injured, 0.0 drivers_killed, 1.0 passengers_injured, 0.0 passengers_killed, 0.0 pedestrian_injured, 0.0 pedestrian_killed, Fair (Day), EDSA (SB) Guadalupe Loading Bay Makati",MMDA Road Safety Unit,,d510be59-8432-482c-8635-96eb53b9dbd6,2012-03-17,01:10:00,EDSA (SB) after Estrella St. Makati,0,0,0,0,1,0,0,0,0,1,2012-03-17 9:10,Injury,14.56473213,121.0447625,Side Swipe
None,EDSA,None,None,"No Accident Factor, Side Swipe, 0.0 drivers_injured, 0.0 drivers_killed, 0.0 passengers_injured, 0.0 passengers_killed, 0.0 pedestrian_injured, 0.0 pedestrian_killed, Fair (Night), EDSA (SB) before Buendia ""U"" turn Slot Makati",MMDA Road Safety Unit,,7674db94-6b72-4dc9-aa3d-a0281c171402,2012-03-16,14:15:00,EDSA (SB) Before Evangelista St. Makati,0,0,0,0,0,0,0,0,0,0,2012-03-16 22:15,Property,14.555472,121.035406,Side Swipe
None,EDSA,None,None,"No Accident Factor, Rear-end, 0.0 drivers_injured, 0.0 drivers_killed, 0.0 passengers_injured, 0.0 passengers_killed, 0.0 pedestrian_injured, 0.0 pedestrian_killed, Fair (Day), EDSA (SB) before Evangelista St. Makati",MMDA Road Safety Unit,,0c82a539-caba-4ec3-8cde-1eb052afb586,2012-03-16,04:15:00,"EDSA (SB) before Buendia ""U"" turn Slot Makati",0,0,0,0,0,0,0,0,0,0,2012-03-16 12:15,Property,14.53904703,121.0123031,Rear-End
None,EDSA,None,None,"No Accident Factor, Hit Object (No Object Stated), 0.0 drivers_injured, 0.0 drivers_killed, 0.0 passengers_injured, 0.0 passengers_killed, 0.0 pedestrian_injured, 0.0 pedestrian_killed, Fair (Day), EDSA (SB) Guadalupe Loading Bay Makati",MMDA Road Safety Unit,,178ea098-717b-40e6-a3e1-f0571621abc3,2012-03-16,04:00:00,EDSA (SB) After Buendia Avenue Makati,0,0,0,0,0,0,0,0,0,0,2012-03-16 12:00,Property,14.56473213,121.0447625,Hit Object
None,EDSA,None,None,"No Accident Factor, Rear-end, 0.0 drivers_injured, 0.0 drivers_killed, 0.0 passengers_injured, 0.0 passengers_killed, 0.0 pedestrian_injured, 0.0 pedestrian_killed, Fair (Day), EDSA (SB) Estrella St. Makati",MMDA Road Safety Unit,,03cc3486-fb40-495e-9f04-b776e639169b,2012-03-15,22:45:00,EDSA (SB) Buendia Avenue Makati,0,0,0,0,0,0,0,0,0,0,2012-03-16 6:45,Property,14.56002889,121.040751,Rear-End
None,EDSA,None,None,"No Accident Factor, Side Swipe, 0.0 drivers_injured, 0.0 drivers_killed, 0.0 passengers_injured, 0.0 passengers_killed, 0.0 pedestrian_injured, 0.0 pedestrian_killed, Fair (Night), EDSA (SB) Ayala Ave. Makati",MMDA Road Safety Unit,,ad257e08-ce08-4b3c-ad62-a5221d66c2b7,2012-03-15,14:30:00,EDSA (SB) before Ayala Ave. Makati,0,0,0,0,0,0,0,0,0,0,2012-03-15 22:30,Property,14.55022912,121.0292348,Side Swipe
None,EDSA,None,None,"No Accident Factor, Rear-end, 0.0 drivers_injured, 0.0 drivers_killed, 0.0 passengers_injured, 0.0 passengers_killed, 0.0 pedestrian_injured, 0.0 pedestrian_killed, Rain (Day), EDSA (SB) after Estrella St. Makati",MMDA Road Safety Unit,,7e2278ea-357c-4f7f-9306-62a7e17cf181,2012-03-12,02:15:00,EDSA (SB) Estrella St. Loading Bay Makati,0,0,0,0,0,0,0,0,0,0,2012-03-12 10:15,Property,14.56019425,121.0409398,Rear-End
None,EDSA,None,None,"No Accident Factor, Angle Impact, 0.0 drivers_injured, 0.0 drivers_killed, 0.0 passengers_injured, 0.0 passengers_killed, 0.0 pedestrian_injured, 0.0 pedestrian_killed, Fair (Day), EDSA (SB) Guadalupe Clover Leaf Makati",MMDA Road Safety Unit,,ede48c37-1037-47e5-b69b-0f630d3639aa,2012-03-12,02:00:00,EDSA (SB) fronting San Carlos Seminary Makati,0,0,0,0,0,0,0,0,0,0,2012-03-12 10:00,Property,14.56720754,121.0457277,Angle Impact
None,EDSA,None,None,"No Accident Factor, Rear-end, 0.0 drivers_injured, 0.0 drivers_killed, 0.0 passengers_injured, 0.0 passengers_killed, 0.0 pedestrian_injured, 0.0 pedestrian_killed, Fair (Day), EDSA (SB) before Ayala Ave. Makati",MMDA Road Safety Unit,,ba7d02f8-a858-4e55-aeb5-6bd22f9c6b31,2012-03-12,01:00:00,EDSA (SB) fronting San Carlos Seminary Makati,0,0,0,0,0,0,0,0,0,0,2012-03-12 9:00,Property,14.55063226,121.0295437,Rear-End
None,EDSA,None,None,"No Accident Factor, Rear-end, 0.0 drivers_injured, 0.0 drivers_killed, 0.0 passengers_injured, 0.0 passengers_killed, 0.0 pedestrian_injured, 0.0 pedestrian_killed, Fair (Day), EDSA (SB) Ayala Ave. Makati",MMDA Road Safety Unit,,9d24ead0-9207-40fe-b0b6-3c524678c590,2012-03-12,00:45:00,EDSA (SB) Ayala Ave. Makati,0,0,0,0,0,0,0,0,0,0,2012-03-12 8:45,Property,14.55022912,121.0292348,Rear-End
None,EDSA,None,None,"No Accident Factor, Hit and Run (No Collision Stated), 0.0 drivers_injured, 0.0 drivers_killed, 0.0 passengers_injured, 0.0 passengers_killed, 0.0 pedestrian_injured, 0.0 pedestrian_killed, Fair (Day), EDSA (SB) Mantrade Loading Bay Makati",MMDA Road Safety Unit,,d0a270b6-8070-4eb1-a0b8-5f16094d2f20,2012-03-10,07:35:00,EDSA (SB) fronting Loyola Memorial Chapels Inc. Makati,0,0,0,0,0,0,0,0,0,0,2012-03-10 15:35,Property,14.54276678,121.0202719,No Collision Stated
None,EDSA,None,None,"No Accident Factor, Rear-end, 0.0 drivers_injured, 0.0 drivers_killed, 0.0 passengers_injured, 0.0 passengers_killed, 0.0 pedestrian_injured, 0.0 pedestrian_killed, Fair (Day), EDSA (SB) after Estrella St. Makati",MMDA Road Safety Unit,,d6bca03e-00d2-4094-9434-f815c0da6c6a,2012-03-09,06:15:00,EDSA (SB) San Lorenzo Village Makati,0,0,0,0,0,0,0,0,0,0,2012-03-09 14:15,Property,14.56019425,121.0409398,Rear-End
None,EDSA,None,None,"No Accident Factor, Side Swipe, 0.0 drivers_injured, 0.0 drivers_killed, 0.0 passengers_injured, 0.0 passengers_killed, 0.0 pedestrian_injured, 0.0 pedestrian_killed, Fair (Night), EDSA (SB) Before Evangelista St. Makati",MMDA Road Safety Unit,,ff4d9a44-cfd3-442e-89cf-192dc724ecb6,2012-03-08,11:00:00,EDSA (SB) after MRT-Buendia Station Makati,0,0,0,0,0,0,0,0,0,0,2012-03-08 19:00,Property,14.53904703,121.0123031,Side Swipe
None,EDSA,None,None,"No Accident Factor, Rear-end, 0.0 drivers_injured, 0.0 drivers_killed, 0.0 passengers_injured, 0.0 passengers_killed, 0.0 pedestrian_injured, 0.0 pedestrian_killed, Fair (Day), EDSA (SB) before Buendia ""U"" turn Slot Makati",MMDA Road Safety Unit,,b31b8aad-21a9-4a34-9f5c-f033ab479947,2012-03-06,09:15:00,EDSA (SB) Estrella St. Makati,0,0,0,0,0,0,0,0,0,0,2012-03-06 17:15,Property,14.555472,121.035406,Rear-End
None,EDSA,None,None,"No Accident Factor, Rear-end, 0.0 drivers_injured, 0.0 drivers_killed, 0.0 passengers_injured, 0.0 passengers_killed, 0.0 pedestrian_injured, 0.0 pedestrian_killed, Fair (Night), EDSA (SB) After Buendia Avenue Makati",MMDA Road Safety Unit,,733ca562-dd43-4ffc-9116-50a14b2e00a0,2012-03-05,21:40:00,EDSA (SB) Ayala Ave. Makati,0,0,0,0,0,0,0,0,0,0,2012-03-06 5:40,Property,14.55495937,121.0347012,Rear-End
None,EDSA,None,None,"No Accident Factor, Angle Impact, 0.0 drivers_injured, 0.0 drivers_killed, 0.0 passengers_injured, 0.0 passengers_killed, 0.0 pedestrian_injured, 0.0 pedestrian_killed, Fair (Night), EDSA (SB) Buendia Avenue Makati",MMDA Road Safety Unit,,72b451a2-3c06-4384-8e80-aba8fd373675,2012-03-03,10:50:00,EDSA (SB) after Buendia Loading Bay Makati,0,0,0,0,0,0,0,0,0,0,2012-03-03 18:50,Property,14.55505269,121.034707,Angle Impact
None,EDSA,None,None,"No Accident Factor, Rear-end, 0.0 drivers_injured, 0.0 drivers_killed, 0.0 passengers_injured, 0.0 passengers_killed, 0.0 pedestrian_injured, 0.0 pedestrian_killed, Fair (Day), EDSA (SB) before Ayala Ave. Makati",MMDA Road Safety Unit,,af2371d1-b3ad-4fe2-b0df-a9b7f68cd54f,2012-03-03,08:00:00,EDSA (SB) Sen. Gil J. Puyat (Buendia Ave. Ext.) Makati,0,0,0,0,0,0,0,0,0,0,2012-03-03 16:00,Property,14.55063226,121.0295437,Rear-End
None,EDSA,None,None,"No Accident Factor, No Collision Stated (based on Police Blotter Book), 0.0 drivers_injured, 0.0 drivers_killed, 0.0 passengers_injured, 0.0 passengers_killed, 0.0 pedestrian_injured, 0.0 pedestrian_killed, Fair (Night), EDSA (SB) Estrella St. Loading Bay Makati",MMDA Road Safety Unit,,864a7f9f-f493-4f4f-bbce-792e60f77c18,2012-03-02,14:30:00,"EDSA (SB) before ""U"" turn slot, Buendia Makati",0,0,0,0,0,0,0,0,0,0,2012-03-02 22:30,Property,14.56057959,121.0414139,No Collision Stated
None,EDSA,None,None,"No Accident Factor, Side Swipe, 0.0 drivers_injured, 0.0 drivers_killed, 0.0 passengers_injured, 0.0 passengers_killed, 0.0 pedestrian_injured, 0.0 pedestrian_killed, Fair (Day), EDSA (SB) fronting San Carlos Seminary Makati",MMDA Road Safety Unit,,0eb3397f-5aaf-437d-a127-c558a7802b4c,2012-02-28,05:00:00,EDSA (SB) before Evangelista St. Makati,0,0,0,0,0,0,0,0,0,0,2012-02-28 13:00,Property,14.56336498,121.0439669,Side Swipe
None,EDSA,None,None,"No Accident Factor, Side Swipe, 0.0 drivers_injured, 0.0 drivers_killed, 0.0 passengers_injured, 0.0 passengers_killed, 0.0 pedestrian_injured, 0.0 pedestrian_killed, Fair (Night), EDSA (SB) fronting San Carlos Seminary Makati",MMDA Road Safety Unit,,02ca6e03-d2df-457d-b461-c8ffe3f8fd66,2012-02-27,14:40:00,EDSA (SB) before Sen. Gil J. Puyat Ave. (Buendia Ave. Ext.) Makati,0,0,0,0,0,0,0,0,0,0,2012-02-27 22:40,Property,14.56336498,121.0439669,Side Swipe
None,EDSA,None,None,"No Accident Factor, No Collision Stated (based on Police Blotter Book), 0.0 drivers_injured, 0.0 drivers_killed, 0.0 passengers_injured, 0.0 passengers_killed, 0.0 pedestrian_injured, 0.0 pedestrian_killed, Fair (Night), EDSA (SB) Ayala Ave. Makati",MMDA Road Safety Unit,,1c5c66e7-110c-4239-8e38-e5f3e9688790,2012-02-26,12:40:00,EDSA (SB) fronting Gate of San Lorenzo Village Makati,0,0,0,0,0,0,0,0,0,0,2012-02-26 20:40,Property,14.55022912,121.0292348,No Collision Stated
None,EDSA,None,None,"No Accident Factor, No Collision Stated (based on Police Blotter Book), 0.0 drivers_injured, 0.0 drivers_killed, 0.0 passengers_injured, 0.0 passengers_killed, 0.0 pedestrian_injured, 0.0 pedestrian_killed, Fair (Day), EDSA (SB) fronting Loyola Memorial Chapels Inc. Makati",MMDA Road Safety Unit,,6d6c8595-607b-4e1d-abaa-839e29ebe141,2012-02-26,03:15:00,EDSA (SB) Bgy. Guadalupe Makati,0,0,0,0,0,0,0,0,0,0,2012-02-26 11:15,Property,14.56526983,121.0448719,No Collision Stated
None,EDSA,None,None,"No Accident Factor, No Collision Stated (based on Police Blotter Book), 0.0 drivers_injured, 0.0 drivers_killed, 0.0 passengers_injured, 0.0 passengers_killed, 0.0 pedestrian_injured, 0.0 pedestrian_killed, Fair (Night), EDSA (SB) San Lorenzo Village Makati",MMDA Road Safety Unit,,4b29abc0-59a9-4c9a-9d45-ae4e93468903,2012-02-25,12:30:00,"EDSA (SB) fronting San Carlos Seminary, Bgy. Guadalupe Makati",0,0,0,0,0,0,0,0,0,0,2012-02-25 20:30,Property,14.5422524,121.0195278,No Collision Stated
None,EDSA,None,None,"No Accident Factor, No Collision Stated (based on Police Blotter Book), 0.0 drivers_injured, 0.0 drivers_killed, 0.0 passengers_injured, 0.0 passengers_killed, 0.0 pedestrian_injured, 0.0 pedestrian_killed, Fair (Night), EDSA (SB) after MRT-Buendia Station Makati",MMDA Road Safety Unit,,bf7179ba-1de2-4ad7-867e-5e18518dfa10,2012-02-25,12:00:00,EDSA (SB) Estrella St. Makati,0,0,0,0,0,0,0,0,0,0,2012-02-25 20:00,Property,14.55415473,121.0338374,No Collision Stated
None,EDSA,None,None,"No Accident Factor, Side Swipe, 0.0 drivers_injured, 0.0 drivers_killed, 0.0 passengers_injured, 0.0 passengers_killed, 0.0 pedestrian_injured, 0.0 pedestrian_killed, Fair (Day), EDSA (SB) Estrella St. Makati",MMDA Road Safety Unit,,91348785-3aef-4ba0-a829-70a17c230d11,2012-02-23,02:30:00,EDSA (SB) Sen. Gil J. Puyat (Buendia Ave. Ext.) Makati,0,0,0,0,0,0,0,0,0,0,2012-02-23 10:30,Property,14.56002889,121.040751,Side Swipe
None,EDSA,None,None,"No Accident Factor, Angle Impact, 0.0 drivers_injured, 0.0 drivers_killed, 0.0 passengers_injured, 0.0 passengers_killed, 0.0 pedestrian_injured, 0.0 pedestrian_killed, Fair (Night), EDSA (SB) Ayala Ave. Makati",MMDA Road Safety Unit,,0917ab3e-b408-404d-9805-0ed58ca01ed2,2012-02-21,15:45:00,EDSA (SB) before Evangelista St. Makati,0,0,0,0,0,0,0,0,0,0,2012-02-21 23:45,Property,14.55022912,121.0292348,Angle Impact
None,EDSA,None,None,"No Accident Factor, Side Swipe, 0.0 drivers_injured, 0.0 drivers_killed, 0.0 passengers_injured, 0.0 passengers_killed, 0.0 pedestrian_injured, 0.0 pedestrian_killed, Fair (Day), EDSA (SB) after Buendia Loading Bay Makati",MMDA Road Safety Unit,,8f8a3393-e843-4d0c-9f54-6a2fe753670d,2012-02-20,01:15:00,EDSA (SB) Estrella St. Makati,0,0,0,0,0,0,0,0,0,0,2012-02-20 9:15,Property,14.55386823,121.0334638,Side Swipe
None,EDSA,None,None,"No Accident Factor, Other (Multiple), 0.0 drivers_injured, 0.0 drivers_killed, 0.0 passengers_injured, 0.0 passengers_killed, 0.0 pedestrian_injured, 0.0 pedestrian_killed, Fair (Night), EDSA (SB) Sen. Gil J. Puyat (Buendia Ave. Ext.) Makati",MMDA Road Safety Unit,,2b3e8d23-d42d-4756-bc14-69dd77ee145d,2012-02-18,15:50:00,EDSA (SB) before Sen. Gil J. Puyat Ave. (Buendia Ave. Ext.) Makati,0,0,0,0,0,0,0,0,0,0,2012-02-18 23:50,Property,14.55496432,121.0348612,Multiple
None,EDSA,None,None,"No Accident Factor, Rear-end, 0.0 drivers_injured, 0.0 drivers_killed, 0.0 passengers_injured, 0.0 passengers_killed, 0.0 pedestrian_injured, 0.0 pedestrian_killed, Fair (Day), EDSA (SB) before ""U"" turn slot, Buendia Makati",MMDA Road Safety Unit,,029f9df4-bff4-4ea4-85ac-d705b6640d1a,2012-02-18,04:50:00,EDSA (SB) Sen. Gil J. Puyat Ave. (Buendia Ave. Ext.) Makati,0,0,0,0,0,0,0,0,0,0,2012-02-18 12:50,Property,14.5555684,121.035438,Rear-End
None,EDSA,None,None,"No Accident Factor, Side Swipe, 0.0 drivers_injured, 0.0 drivers_killed, 0.0 passengers_injured, 0.0 passengers_killed, 0.0 pedestrian_injured, 0.0 pedestrian_killed, Fair (Day), EDSA (SB) before Evangelista St. Makati",MMDA Road Safety Unit,,0f22835e-c6b3-4032-a1ab-5e018da6fddd,2012-02-18,03:20:00,EDSA (SB) Estrella St. Makati,0,0,0,0,0,0,0,0,0,0,2012-02-18 11:20,Property,14.53904703,121.0123031,Side Swipe