LOCATION_TEXT,ROAD,WEATHER,LIGHT,DESC,REPORTING_AGENCY,MAIN_CAUSE,INCIDENTDETAILS_ID,DATE_UTC,TIME_UTC,ADDRESS,killed_driver,killed_passenger,killed_pedestrian,injured_driver,injured_passenger,injured_pedestrian,killed_uncategorized,injured_uncategorized,killed_total,injured_total,DATETIME_PST,SEVERITY,Y,X,COLLISION_TYPE
None,EDSA,None,None,"No Accident Factor, Side Swipe, 0.0 drivers_injured, 0.0 drivers_killed, 0.0 passengers_injured, 0.0 passengers_killed, 0.0 pedestrian_injured, 0.0 pedestrian_killed, Fair (Day), EDSA (SB) before Sen. Gil J. Puyat Ave. (Buendia Ave. Ext.) Makati",MMDA Road Safety Unit,,70fc40b6-5296-4cd9-89c1-e2d7cf75b6a1,2012-02-16,00:30:00,EDSA (SB) fronting Loyola Memorial Chapels Inc. Makati,0,0,0,0,0,0,0,0,0,0,2012-02-16 8:30,Property,14.55551148,121.035243,Side Swipe
None,EDSA,None,None,"No Accident Factor, Angle Impact, 0.0 drivers_injured, 0.0 drivers_killed, 0.0 passengers_injured, 0.0 passengers_killed, 0.0 pedestrian_injured, 0.0 pedestrian_killed, Fair (Night), EDSA (SB) fronting Gate of San Lorenzo Village Makati",MMDA Road Safety Unit,,938bb08b-1403-4013-af99-128931297d71,2012-02-14,10:00:00,EDSA (SB) before Antonio S. Arnaiz Ave. (Pasay Road) Makati,0,0,0,0,0,0,0,0,0,0,2012-02-14 18:00,Property,14.54231191,121.0194363,Angle Impact
None,EDSA,None,None,"Human Error, Other (Backing Collision), 0.0 drivers_injured, 0.0 drivers_killed, 0.0 passengers_injured, 0.0 passengers_killed, 0.0 pedestrian_injured, 0.0 pedestrian_killed, Rain (Day), EDSA (SB) Bgy. Guadalupe Makati",MMDA Road Safety Unit,,aa2cabd8-4bf7-442f-bc16-7d8393648772,2012-02-12,22:30:00,EDSA (SB) fronting Pet Plan Bldg. Makati,0,0,0,0,0,0,0,0,0,0,2012-02-13 6:30,Property,14.56800815,121.04599,Rear-End
None,EDSA,None,None,"No Accident Factor, No Collision Stated (based on Police Blotter Book), 0.0 drivers_injured, 0.0 drivers_killed, 0.0 passengers_injured, 0.0 passengers_killed, 0.0 pedestrian_injured, 0.0 pedestrian_killed, Rain (Night), EDSA (SB) fronting San Carlos Seminary, Bgy. Guadalupe Makati",MMDA Road Safety Unit,,45976d41-94ad-46ac-bcfa-d4183c548a43,2012-02-12,12:00:00,EDSA (SB) Estrella St. Makati,0,0,0,0,0,0,0,0,0,0,2012-02-12 20:00,Property,14.56336498,121.0439669,No Collision Stated
None,EDSA,None,None,"No Accident Factor, Side Swipe, 0.0 drivers_injured, 0.0 drivers_killed, 0.0 passengers_injured, 0.0 passengers_killed, 0.0 pedestrian_injured, 0.0 pedestrian_killed, Fair (Day), EDSA (SB) Estrella St. Makati",MMDA Road Safety Unit,,c22f23ab-2a5e-4fe5-9533-d0448de69a51,2012-02-09,01:45:00,EDSA (SB) Ayala Loading Bay Makati,0,0,0,0,0,0,0,0,0,0,2012-02-09 9:45,Property,14.56002889,121.040751,Side Swipe
None,EDSA,None,None,"No Accident Factor, Rear-end (Multiple), 0.0 drivers_injured, 0.0 drivers_killed, 0.0 passengers_injured, 0.0 passengers_killed, 0.0 pedestrian_injured, 0.0 pedestrian_killed, Fair (Night), EDSA (SB) Sen. Gil J. Puyat (Buendia Ave. Ext.) Makati",MMDA Road Safety Unit,,89518686-de2f-43e3-a954-1521acdfe038,2012-02-08,11:40:00,EDSA (SB) fronting San Carlos Seminary Makati,0,0,0,0,0,0,0,0,0,0,2012-02-08 19:40,Property,14.55496432,121.0348612,Rear-End
None,EDSA,None,None,"No Accident Factor, No Collision Stated (based on Police Blotter Book), 0.0 drivers_injured, 0.0 drivers_killed, 0.0 passengers_injured, 0.0 passengers_killed, 0.0 pedestrian_injured, 0.0 pedestrian_killed, Fair (Day), EDSA (SB) before Evangelista St. Makati",MMDA Road Safety Unit,,9eb1ce2f-a0b6-4120-bc18-d3e4b7d201f1,2012-02-07,04:25:00,EDSA (SB) fronting Pet Plan Bldg. Makati,0,0,0,0,0,0,0,0,0,0,2012-02-07 12:25,Property,14.53904703,121.0123031,No Collision Stated
None,EDSA,None,None,"No Accident Factor, Side Swipe, 0.0 drivers_injured, 0.0 drivers_killed, 0.0 passengers_injured, 0.0 passengers_killed, 0.0 pedestrian_injured, 0.0 pedestrian_killed, Fair (Day), EDSA (SB) Estrella St. Makati",MMDA Road Safety Unit,,a4274f39-d310-47e0-940b-2796fac8f420,2012-02-07,02:30:00,EDSA (SB) Buendia Turning Right Makati,0,0,0,0,0,0,0,0,0,0,2012-02-07 10:30,Property,14.56002889,121.040751,Side Swipe
None,EDSA,None,None,"No Accident Factor, Side Swipe, 0.0 drivers_injured, 0.0 drivers_killed, 0.0 passengers_injured, 0.0 passengers_killed, 0.0 pedestrian_injured, 0.0 pedestrian_killed, Fair (Day), EDSA (SB) before Sen. Gil J. Puyat Ave. (Buendia Ave. Ext.) Makati",MMDA Road Safety Unit,,9d5812c9-2f62-455a-b2fd-8e7f27d728b6,2012-02-03,02:50:00,EDSA (SB) Evangelista Makati,0,0,0,0,0,0,0,0,0,0,2012-02-03 10:50,Property,14.55551148,121.035243,Side Swipe
None,EDSA,None,None,"No Accident Factor, Side Swipe, 0.0 drivers_injured, 0.0 drivers_killed, 0.0 passengers_injured, 0.0 passengers_killed, 0.0 pedestrian_injured, 0.0 pedestrian_killed, Fair (Day), EDSA (SB) Sen. Gil J. Puyat Ave. (Buendia Ave. Ext.) Makati",MMDA Road Safety Unit,,5387dadc-5730-4a90-aa9d-fd4951d08190,2012-02-03,01:00:00,EDSA (SB) before Ayale Ave. Makati,0,0,0,0,0,0,0,0,0,0,2012-02-03 9:00,Property,14.55496432,121.0348612,Side Swipe
None,EDSA,None,None,"No Accident Factor, Side Swipe, 0.0 drivers_injured, 0.0 drivers_killed, 0.0 passengers_injured, 0.0 passengers_killed, 0.0 pedestrian_injured, 0.0 pedestrian_killed, Fair (Day), EDSA (SB) Estrella St. Makati",MMDA Road Safety Unit,,3f6baa14-2027-4df1-92e6-0ee28b2bc83d,2012-02-01,00:20:00,EDSA (SB) Sen. Gil J. Puyat Ave. (Buendia Ave. Ext.) Makati,0,0,0,0,0,0,0,0,0,0,2012-02-01 8:20,Property,14.56002889,121.040751,Side Swipe
None,EDSA,None,None,"No Accident Factor, Rear-end, 0.0 drivers_injured, 0.0 drivers_killed, 0.0 passengers_injured, 0.0 passengers_killed, 0.0 pedestrian_injured, 0.0 pedestrian_killed, Fair (Night), EDSA (SB) fronting Loyola Memorial Chapels Inc. Makati",MMDA Road Safety Unit,,84beb377-5c88-45eb-bf3f-5311a418da63,2012-01-31,13:45:00,EDSA (SB) after Sen. Gil J. Puyat Ave. (Buendia Ave. Ext.) Makati,0,0,0,0,0,0,0,0,0,0,2012-01-31 21:45,Property,14.56526983,121.0448719,Rear-End
None,EDSA,None,None,"No Accident Factor, Side Swipe, 0.0 drivers_injured, 0.0 drivers_killed, 0.0 passengers_injured, 0.0 passengers_killed, 0.0 pedestrian_injured, 0.0 pedestrian_killed, Fair (Night), EDSA (SB) before Antonio S. Arnaiz Ave. (Pasay Road) Makati",MMDA Road Safety Unit,,fa416d35-2d3a-4c5b-af2c-2b6be1350787,2012-01-31,11:30:00,EDSA (SB) before Estrella St. Makati,0,0,0,0,0,0,0,0,0,0,2012-01-31 19:30,Property,14.54784835,121.0261965,Side Swipe
None,EDSA,None,None,"Vehicle Defect, Rear-end, 0.0 drivers_injured, 0.0 drivers_killed, 0.0 passengers_injured, 0.0 passengers_killed, 0.0 pedestrian_injured, 0.0 pedestrian_killed, Fair (Day), EDSA (SB) fronting Pet Plan Bldg. Makati",MMDA Road Safety Unit,,9a062d29-0ec3-4dda-923c-646bd5b6d111,2012-01-31,08:45:00,EDSA (SB) fronting Shell Gas Station/Buendia Avenue Makati,0,0,0,0,0,0,0,0,0,0,2012-01-31 16:45,Property,14.56187579,121.0428741,Rear-End
None,EDSA,None,None,"No Accident Factor, Side Swipe, 0.0 drivers_injured, 0.0 drivers_killed, 0.0 passengers_injured, 0.0 passengers_killed, 0.0 pedestrian_injured, 0.0 pedestrian_killed, Fair (Day), EDSA (SB) Estrella St. Makati",MMDA Road Safety Unit,,2f6a91e5-4abe-49b7-8c92-a723c9e42e44,2012-01-30,23:35:00,EDSA (SB) fronting Pet Plan Bldg. Makati,0,0,0,0,0,0,0,0,0,0,2012-01-31 7:35,Property,14.56002889,121.040751,Side Swipe
None,EDSA,None,None,"No Accident Factor, Side Swipe, 1.0 drivers_injured, 0.0 drivers_killed, 0.0 passengers_injured, 0.0 passengers_killed, 0.0 pedestrian_injured, 0.0 pedestrian_killed, Fair (Night), EDSA (SB) Ayala Loading Bay Makati",MMDA Road Safety Unit,,a5b8200d-43b7-44b8-a9c3-0c8328b9eb72,2012-01-30,12:30:00,EDSA (SB) before Estrella Loading Bay Makati,0,0,0,1,0,0,0,0,0,1,2012-01-30 20:30,Injury,14.54886,121.0276063,Side Swipe
None,EDSA,None,None,"No Accident Factor, Rear-end, 0.0 drivers_injured, 0.0 drivers_killed, 0.0 passengers_injured, 0.0 passengers_killed, 0.0 pedestrian_injured, 0.0 pedestrian_killed, Fair (Day), EDSA (SB) fronting San Carlos Seminary Makati",MMDA Road Safety Unit,,d8dbf898-6821-4bb2-8781-a17d94c9258f,2012-01-30,07:20:00,EDSA (SB) Guada Bridge Makati,0,0,0,0,0,0,0,0,0,0,2012-01-30 15:20,Property,14.56336498,121.0439669,Rear-End
None,EDSA,None,None,"No Accident Factor, Rear-end, 0.0 drivers_injured, 0.0 drivers_killed, 0.0 passengers_injured, 0.0 passengers_killed, 0.0 pedestrian_injured, 0.0 pedestrian_killed, Fair (Day), EDSA (SB) fronting Pet Plan Bldg. Makati",MMDA Road Safety Unit,,a317ffc8-afd7-4a8b-92d7-fdb333a013ca,2012-01-29,00:30:00,EDSA (SB) Ayala Ave. Makati,0,0,0,0,0,0,0,0,0,0,2012-01-29 8:30,Property,14.56187579,121.0428741,Rear-End
None,EDSA,None,None,"No Accident Factor, Rear-end, 0.0 drivers_injured, 0.0 drivers_killed, 0.0 passengers_injured, 0.0 passengers_killed, 0.0 pedestrian_injured, 0.0 pedestrian_killed, Fair (Day), EDSA (SB) Buendia Turning Right Makati",MMDA Road Safety Unit,,b48f7764-80a9-41f2-84e7-8b74767f4a88,2012-01-26,06:30:00,EDSA (SB) before Magallanes Interchange Makati,0,0,0,0,0,0,0,0,0,0,2012-01-26 14:30,Property,14.55505269,121.034707,Rear-End
None,EDSA,None,None,"No Accident Factor, Side Swipe, 0.0 drivers_injured, 0.0 drivers_killed, 0.0 passengers_injured, 0.0 passengers_killed, 0.0 pedestrian_injured, 0.0 pedestrian_killed, Fair (Night), EDSA (SB) Evangelista Makati",MMDA Road Safety Unit,,42a4d46c-f127-4197-a98a-1d4c70da3363,2012-01-25,11:45:00,EDSA (SB) fronting Pet Plan Bldg. Makati,0,0,0,0,0,0,0,0,0,0,2012-01-25 19:45,Property,14.53903137,121.0123272,Side Swipe
None,EDSA,None,None,"No Accident Factor, Rear-end, 0.0 drivers_injured, 0.0 drivers_killed, 0.0 passengers_injured, 0.0 passengers_killed, 0.0 pedestrian_injured, 0.0 pedestrian_killed, Fair (Day), EDSA (SB) before Ayale Ave. Makati",MMDA Road Safety Unit,,4beeeb83-8e5d-48a9-91a8-378c548ff809,2012-01-25,01:30:00,EDSA (SB) before Magallanes Interchange Makati,0,0,0,0,0,0,0,0,0,0,2012-01-25 9:30,Property,14.55012399,121.0292078,Rear-End
None,EDSA,None,None,"No Accident Factor, Other (Hit Veh. + Hit Obj.), 0.0 drivers_injured, 0.0 drivers_killed, 0.0 passengers_injured, 0.0 passengers_killed, 0.0 pedestrian_injured, 0.0 pedestrian_killed, Fair (Night), EDSA (SB) Sen. Gil J. Puyat Ave. (Buendia Ave. Ext.) Makati",MMDA Road Safety Unit,,52919976-dd74-4c3f-bf93-b571860eed72,2012-01-20,13:20:00,EDSA (SB) before Separation Strip of Two Way Lane at Buendia Avenue Makati,0,0,0,0,0,0,0,0,0,0,2012-01-20 21:20,Property,14.55496432,121.0348612,Hit Object
None,EDSA,None,None,"No Accident Factor, Side Swipe, 0.0 drivers_injured, 0.0 drivers_killed, 0.0 passengers_injured, 0.0 passengers_killed, 0.0 pedestrian_injured, 0.0 pedestrian_killed, Fair (Day), EDSA (SB) after Sen. Gil J. Puyat Ave. (Buendia Ave. Ext.) Makati",MMDA Road Safety Unit,,8a1b470d-d03c-436a-bfd3-4be8ad3c2014,2012-01-20,07:00:00,EDSA (SB) Past Estrella St. Makati,0,0,0,0,0,0,0,0,0,0,2012-01-20 15:00,Property,14.5547747,121.0350593,Side Swipe
None,EDSA,None,None,"No Accident Factor, Side Swipe, 0.0 drivers_injured, 0.0 drivers_killed, 0.0 passengers_injured, 0.0 passengers_killed, 0.0 pedestrian_injured, 0.0 pedestrian_killed, Fair (Night), EDSA (SB) before Estrella St. Makati",MMDA Road Safety Unit,,f9d111bd-390d-446a-af5d-9ce2175d47e0,2012-01-19,11:00:00,EDSA (SB) in-between Antonio S. Arnaiz Ave. (Pasay Road) and Mantrade Makati,0,0,0,0,0,0,0,0,0,0,2012-01-19 19:00,Property,14.55988482,121.0406786,Side Swipe
None,EDSA,None,None,"No Accident Factor, Rear-end, 0.0 drivers_injured, 0.0 drivers_killed, 0.0 passengers_injured, 0.0 passengers_killed, 0.0 pedestrian_injured, 0.0 pedestrian_killed, Fair (Day), EDSA (SB) fronting Shell Gas Station/Buendia Avenue Makati",MMDA Road Safety Unit,,9a239f13-9967-4c14-9954-097a8d801991,2012-01-19,03:00:00,EDSA (SB) before Magallanes Loading Bay Makati,0,0,0,0,0,0,0,0,0,0,2012-01-19 11:00,Property,14.55548788,121.03528,Rear-End
None,EDSA,None,None,"No Accident Factor, Rear-end, 0.0 drivers_injured, 0.0 drivers_killed, 0.0 passengers_injured, 0.0 passengers_killed, 0.0 pedestrian_injured, 0.0 pedestrian_killed, Fair (Day), EDSA (SB) fronting Pet Plan Bldg. Makati",MMDA Road Safety Unit,,94a27a29-b9ee-4bd2-b536-46c4980c121b,2012-01-17,00:05:00,EDSA (SB) Magallanes Road Makati,0,0,0,0,0,0,0,0,0,0,2012-01-17 8:05,Property,14.56187579,121.0428741,Rear-End
None,EDSA,None,None,"No Accident Factor, No Collision Stated (based on Police Blotter Book), 0.0 drivers_injured, 0.0 drivers_killed, 0.0 passengers_injured, 0.0 passengers_killed, 0.0 pedestrian_injured, 0.0 pedestrian_killed, Fair (Night), EDSA (SB) before Estrella Loading Bay Makati",MMDA Road Safety Unit,,8581acd7-c008-487e-8b1e-e4c6927639ec,2012-01-14,11:15:00,EDSA (SB) after Antonio S. Arnaiz Ave. (Pasay Road) Makati,0,0,0,0,0,0,0,0,0,0,2012-01-14 19:15,Property,14.56078858,121.0415299,No Collision Stated
None,EDSA,None,None,"No Accident Factor, Rear-end, 0.0 drivers_injured, 0.0 drivers_killed, 0.0 passengers_injured, 0.0 passengers_killed, 0.0 pedestrian_injured, 0.0 pedestrian_killed, Fair (Day), EDSA (SB) Guada Bridge Makati",MMDA Road Safety Unit,,7352cc0f-fe7d-4c49-bf3e-349c2a2e0672,2012-01-12,06:30:00,EDSA (SB) Bernardino St. Makati,0,0,0,0,0,0,0,0,0,0,2012-01-12 14:30,Property,14.56855766,121.0458925,Rear-End
None,EDSA,None,None,"No Accident Factor, Side Swipe, 0.0 drivers_injured, 0.0 drivers_killed, 0.0 passengers_injured, 0.0 passengers_killed, 0.0 pedestrian_injured, 0.0 pedestrian_killed, Fair (Day), EDSA (SB) Ayala Ave. Makati",MMDA Road Safety Unit,,9475b966-89ec-4e07-b689-3070ff335f12,2012-01-11,06:45:00,EDSA (SB) Ayala Makati,0,0,0,0,0,0,0,0,0,0,2012-01-11 14:45,Property,14.55022912,121.0292348,Side Swipe
None,EDSA,None,None,"No Accident Factor, Rear-end, 0.0 drivers_injured, 0.0 drivers_killed, 0.0 passengers_injured, 0.0 passengers_killed, 0.0 pedestrian_injured, 0.0 pedestrian_killed, Fair (Night), EDSA (SB) before Magallanes Interchange Makati",MMDA Road Safety Unit,,c3ce71d0-1905-43b6-b72e-cee5f4ef2fd0,2012-01-10,13:30:00,EDSA (SB) fronting San Carlos Seminary Makati,0,0,0,0,0,0,0,0,0,0,2012-01-10 21:30,Property,14.54241081,121.0197643,Rear-End
None,EDSA,None,None,"No Accident Factor, Rear-end, 0.0 drivers_injured, 0.0 drivers_killed, 0.0 passengers_injured, 0.0 passengers_killed, 0.0 pedestrian_injured, 0.0 pedestrian_killed, Fair (Day), EDSA (SB) fronting Pet Plan Bldg. Makati",MMDA Road Safety Unit,,04321f40-73cf-4491-855f-a1b0c57391a7,2012-01-09,07:00:00,EDSA (SB) Estrella St. Makati,0,0,0,0,0,0,0,0,0,0,2012-01-09 15:00,Property,14.56187579,121.0428741,Rear-End
None,EDSA,None,None,"No Accident Factor, Rear-end, 1.0 drivers_injured, 0.0 drivers_killed, 0.0 passengers_injured, 0.0 passengers_killed, 0.0 pedestrian_injured, 0.0 pedestrian_killed, Fair (Night), EDSA (SB) before Magallanes Interchange Makati",MMDA Road Safety Unit,,9318184a-01df-4587-9631-604006ce80d7,2012-01-08,10:35:00,EDSA (SB) before Buendia Ave. Makati,0,0,0,1,0,0,0,0,0,1,2012-01-08 18:35,Injury,14.54241081,121.0197643,Rear-End
None,EDSA,None,None,"No Accident Factor, Hit and Run (Rear-end), 0.0 drivers_injured, 0.0 drivers_killed, 0.0 passengers_injured, 0.0 passengers_killed, 0.0 pedestrian_injured, 0.0 pedestrian_killed, Rain (Day), EDSA (SB) before Separation Strip of Two Way Lane at Buendia Avenue Makati",MMDA Road Safety Unit,,c3001a30-39cd-4f76-9c2f-c38f7d2d9654,2012-01-08,02:30:00,EDSA (SB) Ayala (WB) Makati,0,0,0,0,0,0,0,0,0,0,2012-01-08 10:30,Property,14.53982168,121.0148367,Rear-End
None,EDSA,None,None,"No Accident Factor, Rear-end, 0.0 drivers_injured, 0.0 drivers_killed, 0.0 passengers_injured, 0.0 passengers_killed, 0.0 pedestrian_injured, 0.0 pedestrian_killed, Fair (Night), EDSA (SB) Past Estrella St. Makati",MMDA Road Safety Unit,,14894a1d-9642-4e17-b20b-cbae13f7ef2d,2012-01-07,18:30:00,EDSA (SB) past Buendia Ave. Makati,0,0,0,0,0,0,0,0,0,0,2012-01-08 2:30,Property,14.55948205,121.0401225,Rear-End
None,EDSA,None,None,"No Accident Factor, Other (Multiple), 0.0 drivers_injured, 0.0 drivers_killed, 0.0 passengers_injured, 0.0 passengers_killed, 0.0 pedestrian_injured, 0.0 pedestrian_killed, Fair (Night), EDSA (SB) in-between Antonio S. Arnaiz Ave. (Pasay Road) and Mantrade Makati",MMDA Road Safety Unit,,cdf805a9-7c2e-4227-a0b0-aea97b892fa5,2012-01-06,21:30:00,EDSA (SB) fronting San Carlos Seminary Makati,0,0,0,0,0,0,0,0,0,0,2012-01-07 5:30,Property,14.54186056,121.0191113,Multiple
None,EDSA,None,None,"No Accident Factor, Rear-end, 0.0 drivers_injured, 0.0 drivers_killed, 0.0 passengers_injured, 0.0 passengers_killed, 0.0 pedestrian_injured, 0.0 pedestrian_killed, Fair (Day), EDSA (SB) before Magallanes Loading Bay Makati",MMDA Road Safety Unit,,be8029ac-1f91-471a-aa66-487b3c3cdb3d,2012-01-05,02:30:00,EDSA (SB) Evangelista St. Makati,0,0,0,0,0,0,0,0,0,0,2012-01-05 10:30,Property,14.54305474,121.0205369,Rear-End
None,EDSA,None,None,"No Accident Factor, Side Swipe, 0.0 drivers_injured, 0.0 drivers_killed, 0.0 passengers_injured, 0.0 passengers_killed, 0.0 pedestrian_injured, 0.0 pedestrian_killed, Fair (Night), EDSA (SB) Magallanes Road Makati",MMDA Road Safety Unit,,367d76ab-2625-48f7-8f51-554affbff723,2012-01-02,14:40:00,EDSA (SB) Ayala Ave. Makati,0,0,0,0,0,0,0,0,0,0,2012-01-02 22:40,Property,14.53930817,121.0141969,Side Swipe
None,EDSA,None,None,"No Accident Factor, Side Swipe, 0.0 drivers_injured, 0.0 drivers_killed, 0.0 passengers_injured, 0.0 passengers_killed, 0.0 pedestrian_injured, 0.0 pedestrian_killed, Fair (Day), EDSA (SB) after Antonio S. Arnaiz Ave. (Pasay Road) Makati",MMDA Road Safety Unit,,870a1119-0504-4878-845d-bb406d64d2eb,2012-01-02,01:15:00,EDSA (SB) before Magallanes Interchange Makati,0,0,0,0,0,0,0,0,0,0,2012-01-02 9:15,Property,14.54756205,121.0260898,Side Swipe
None,EDSA,None,None,"Unknown, Angle Impact, 0.0 drivers_injured, 0.0 drivers_killed, 0.0 passengers_injured, 0.0 passengers_killed, 0.0 pedestrian_injured, 0.0 pedestrian_killed, Fair (Night), EDSA (SB) Bernardino St. Makati",MMDA Road Safety Unit,,9e0614cd-1f6b-4364-9a24-c38a4327ea51,2011-12-29,14:45:00,EDSA (SB) Ayala Ave. Makati,0,0,0,0,0,0,0,0,0,0,2011-12-29 22:45,Property,14.5656985,121.0450952,Angle Impact
None,EDSA,None,None,"Unknown, Side Swipe, 0.0 drivers_injured, 0.0 drivers_killed, 0.0 passengers_injured, 0.0 passengers_killed, 0.0 pedestrian_injured, 0.0 pedestrian_killed, Fair (Night), EDSA (SB) Ayala Makati",MMDA Road Safety Unit,,b4b042c8-5a3a-43c4-9d0f-e173d8493941,2011-12-28,14:00:00,EDSA (SB) before Buendia Ave. Makati,0,0,0,0,0,0,0,0,0,0,2011-12-28 22:00,Property,14.54918586,121.0279716,Side Swipe
None,EDSA,None,None,"Unknown, Side Swipe, 0.0 drivers_injured, 0.0 drivers_killed, 0.0 passengers_injured, 0.0 passengers_killed, 0.0 pedestrian_injured, 0.0 pedestrian_killed, Fair (Night), EDSA (SB) fronting San Carlos Seminary Makati",MMDA Road Safety Unit,,c3a59ab2-029b-42e4-ae39-1840741ae554,2011-12-26,13:30:00,EDSA (SB) cor. Bernardino St. Guadalupe Makati Makati,0,0,0,0,0,0,0,0,0,0,2011-12-26 21:30,Property,14.56336498,121.0439669,Side Swipe
None,EDSA,None,None,"Unknown, Side Swipe, 0.0 drivers_injured, 0.0 drivers_killed, 0.0 passengers_injured, 0.0 passengers_killed, 0.0 pedestrian_injured, 0.0 pedestrian_killed, Fair (Night), EDSA (SB) Estrella St. Makati",MMDA Road Safety Unit,,7f638281-ef20-4ec7-94e2-7be863f21965,2011-12-23,02:45:00,EDSA (SB) Buendia Ave. Makati,0,0,0,0,0,0,0,0,0,0,2011-12-23 10:45,Property,14.56002889,121.040751,Side Swipe
None,EDSA,None,None,"Unknown, Rear-end, 0.0 drivers_injured, 0.0 drivers_killed, 0.0 passengers_injured, 0.0 passengers_killed, 0.0 pedestrian_injured, 0.0 pedestrian_killed, Fair (Day), EDSA (SB) before Buendia Ave. Makati",MMDA Road Safety Unit,,443e9d55-d222-4120-a086-b2f509b814ec,2011-12-20,08:00:00,EDSA (SB) before Ayala Ave. Makati,0,0,0,0,0,0,0,0,0,0,2011-12-20 16:00,Property,14.555472,121.035406,Rear-End
None,EDSA,None,None,"Unknown, Angle Impact, 0.0 drivers_injured, 0.0 drivers_killed, 0.0 passengers_injured, 0.0 passengers_killed, 0.0 pedestrian_injured, 0.0 pedestrian_killed, Fair (Night), EDSA (SB) Ayala (WB) Makati",MMDA Road Safety Unit,,4392513f-c1c9-419a-9bfa-17e26209d270,2011-12-19,15:50:00,EDSA (SB) Buendia Makati,0,0,0,0,0,0,0,0,0,0,2011-12-19 23:50,Property,14.55032185,121.0294221,Angle Impact
None,EDSA,None,None,"Unknown, Side Swipe, 0.0 drivers_injured, 0.0 drivers_killed, 0.0 passengers_injured, 0.0 passengers_killed, 0.0 pedestrian_injured, 0.0 pedestrian_killed, Fair (Night), EDSA (SB) past Buendia Ave. Makati",MMDA Road Safety Unit,,9e4ce3ae-9c92-4e33-9042-52e77822d2fb,2011-12-18,19:00:00,"EDSA (SB) fronting Loyola Memorial Chapel, Guadalupe Makati",0,0,0,0,0,0,0,0,0,0,2011-12-19 3:00,Property,14.55463145,121.0343732,Side Swipe
None,EDSA,None,None,"Unknown, Side Swipe, 0.0 drivers_injured, 0.0 drivers_killed, 0.0 passengers_injured, 0.0 passengers_killed, 0.0 pedestrian_injured, 0.0 pedestrian_killed, Fair (Night), EDSA (SB) fronting San Carlos Seminary Makati",MMDA Road Safety Unit,,ca0a80a2-a1b5-4c85-849e-6c06065a76dd,2011-12-17,14:00:00,EDSA (SB) Evangelista St. Bangkal Makati,0,0,0,0,0,0,0,0,0,0,2011-12-17 22:00,Property,14.56336498,121.0439669,Side Swipe
None,EDSA,None,None,"Unknown, Side Swipe, 0.0 drivers_injured, 0.0 drivers_killed, 0.0 passengers_injured, 0.0 passengers_killed, 0.0 pedestrian_injured, 0.0 pedestrian_killed, Fair (Night), EDSA (SB) Evangelista St. Makati",MMDA Road Safety Unit,,3097e77f-3ad9-4b81-82aa-13799666ad7c,2011-12-17,12:30:00,EDSA (SB) Arnaiz Avenue (W/B) Intersection Makati,0,0,0,0,0,0,0,0,0,0,2011-12-17 20:30,Property,14.53903137,121.0123272,Side Swipe
None,EDSA,None,None,"Unknown, Angle Impact, 0.0 drivers_injured, 0.0 drivers_killed, 0.0 passengers_injured, 0.0 passengers_killed, 0.0 pedestrian_injured, 0.0 pedestrian_killed, Fair (Day), EDSA (SB) Ayala Ave. Makati",MMDA Road Safety Unit,,77e66c60-a559-47b4-9abc-db336584d502,2011-12-17,00:45:00,EDSA (SB) Estrella Loading Bay Makati,0,0,0,0,0,0,0,0,0,0,2011-12-17 8:45,Property,14.55022912,121.0292348,Angle Impact
None,EDSA,None,None,"Unknown, Rear-end, 0.0 drivers_injured, 0.0 drivers_killed, 0.0 passengers_injured, 0.0 passengers_killed, 0.0 pedestrian_injured, 0.0 pedestrian_killed, Fair (Night), EDSA (SB) before Magallanes Interchange Makati",MMDA Road Safety Unit,,3a598ce4-9004-4091-b29e-78637ea4f913,2011-12-16,11:00:00,EDSA (SB) Mantrade Loading Bay Makati,0,0,0,0,0,0,0,0,0,0,2011-12-16 19:00,Property,14.54241081,121.0197643,Rear-End
None,EDSA,None,None,"Unknown, Side Swipe, 0.0 drivers_injured, 0.0 drivers_killed, 0.0 passengers_injured, 0.0 passengers_killed, 0.0 pedestrian_injured, 0.0 pedestrian_killed, Fair (Night), EDSA (SB) Ayala Ave. Makati",MMDA Road Safety Unit,,ff02de9c-c49c-4932-af01-a04248c2ba07,2011-12-15,13:00:00,EDSA (SB) Sen. Gil J. Puyat Ave. (Buendia Ave. Ext.) Makati,0,0,0,0,0,0,0,0,0,0,2011-12-15 21:00,Property,14.55022912,121.0292348,Side Swipe
None,EDSA,None,None,"Unknown, Side Swipe, 0.0 drivers_injured, 0.0 drivers_killed, 0.0 passengers_injured, 0.0 passengers_killed, 0.0 pedestrian_injured, 0.0 pedestrian_killed, Fair (Day), EDSA (SB) before Buendia Ave. Makati",MMDA Road Safety Unit,,736b25e4-e4d6-42d5-8567-048ea8411df6,2011-12-15,05:45:00,EDSA (SB) Estrella Area Makati,0,0,0,0,0,0,0,0,0,0,2011-12-15 13:45,Property,14.555472,121.035406,Side Swipe
None,EDSA,None,None,"Unknown, Side Swipe, 0.0 drivers_injured, 0.0 drivers_killed, 0.0 passengers_injured, 0.0 passengers_killed, 0.0 pedestrian_injured, 0.0 pedestrian_killed, Fair (Day), EDSA (SB) cor. Bernardino St. Guadalupe Makati Makati",MMDA Road Safety Unit,,548c6a3c-a714-47b4-9150-f2f889235448,2011-12-12,01:45:00,EDSA (SB) Estrella Area Makati,0,0,0,0,0,0,0,0,0,0,2011-12-12 9:45,Property,14.56564798,121.0450589,Side Swipe