LOCATION_TEXT,ROAD,WEATHER,LIGHT,DESC,REPORTING_AGENCY,MAIN_CAUSE,INCIDENTDETAILS_ID,DATE_UTC,TIME_UTC,ADDRESS,killed_driver,killed_passenger,killed_pedestrian,injured_driver,injured_passenger,injured_pedestrian,killed_uncategorized,injured_uncategorized,killed_total,injured_total,DATETIME_PST,SEVERITY,Y,X,COLLISION_TYPE
None,EDSA,None,None,"Unknown, Rear-end, 0.0 drivers_injured, 0.0 drivers_killed, 0.0 passengers_injured, 0.0 passengers_killed, 0.0 pedestrian_injured, 0.0 pedestrian_killed, Fair (Day), EDSA (SB) Buendia Ave. Makati",MMDA Road Safety Unit,,3e034e84-e3e4-4e0e-99cc-491bc452757c,2011-12-02,08:45:00,EDSA (SB) approaching Mantrade Loading Bay  Makati,0,0,0,0,0,0,0,0,0,0,2011-12-02 16:45,Property,14.55505269,121.034707,Rear-End
None,EDSA,None,None,"Unknown, Rear-end, 0.0 drivers_injured, 0.0 drivers_killed, 0.0 passengers_injured, 0.0 passengers_killed, 0.0 pedestrian_injured, 0.0 pedestrian_killed, Fair (Day), EDSA (SB) before Ayala Ave. Makati",MMDA Road Safety Unit,,4e58d955-af06-480b-8f63-77c52f777591,2011-12-02,08:00:00,EDSA (SB) Sen. Gil J. Puyat Ave. (Buendia Ave. Ext.) Makati,0,0,0,0,0,0,0,0,0,0,2011-12-02 16:00,Property,14.55063226,121.0295437,Rear-End
None,EDSA,None,None,"Unknown, Rear-end, 0.0 drivers_injured, 0.0 drivers_killed, 0.0 passengers_injured, 0.0 passengers_killed, 0.0 pedestrian_injured, 0.0 pedestrian_killed, Fair (Day), EDSA (SB) Buendia Makati",MMDA Road Safety Unit,,8b798b97-5dfd-45b4-88b7-1bc07e7c4427,2011-12-02,06:00:00,EDSA (SB) approaching Guadalupe Loyola Makati,0,0,0,0,0,0,0,0,0,0,2011-12-02 14:00,Property,14.55505269,121.034707,Rear-End
None,EDSA,None,None,"Unknown, Rear-end, 0.0 drivers_injured, 0.0 drivers_killed, 0.0 passengers_injured, 0.0 passengers_killed, 0.0 pedestrian_injured, 0.0 pedestrian_killed, Fair (Night), EDSA (SB) fronting Loyola Memorial Chapel, Guadalupe Makati",MMDA Road Safety Unit,,df12195f-3113-438a-8ac2-dc272292002b,2011-12-01,11:00:00,EDSA (SB) Estrella Avenue Makati,0,0,0,0,0,0,0,0,0,0,2011-12-01 19:00,Property,14.56526983,121.0448719,Rear-End
None,EDSA,None,None,"Unknown, Side Swipe, 0.0 drivers_injured, 0.0 drivers_killed, 0.0 passengers_injured, 0.0 passengers_killed, 0.0 pedestrian_injured, 0.0 pedestrian_killed, Fair (Night), EDSA (SB) Evangelista St. Bangkal Makati",MMDA Road Safety Unit,,4d60a59c-5cbb-433c-92e3-cd90a9b6f593,2011-11-26,12:00:00,"EDSA (SB) Magallanes ""U""turn Slot Makati",0,0,0,0,0,0,0,0,0,0,2011-11-26 20:00,Property,14.53903137,121.0123272,Side Swipe
None,EDSA,None,None,"Unknown, Angle Impact, 0.0 drivers_injured, 0.0 drivers_killed, 0.0 passengers_injured, 0.0 passengers_killed, 0.0 pedestrian_injured, 0.0 pedestrian_killed, Fair (Night), EDSA (SB) Arnaiz Avenue (W/B) Intersection Makati",MMDA Road Safety Unit,,199a0190-bdf2-4708-9e61-3992f78a0ef9,2011-11-26,10:45:00,EDSA (SB) Approaching Ayala Makati,0,0,0,0,0,0,0,0,0,0,2011-11-26 18:45,Property,14.54784079,121.0263936,Angle Impact
None,EDSA,None,None,"Unknown, Side Swipe, 0.0 drivers_injured, 0.0 drivers_killed, 0.0 passengers_injured, 0.0 passengers_killed, 0.0 pedestrian_injured, 0.0 pedestrian_killed, Fair (Day), EDSA (SB) Estrella Loading Bay Makati",MMDA Road Safety Unit,,c803b49c-c5d4-4580-953f-2ff29563892d,2011-11-22,23:55:00,EDSA (SB) before Ayala Ave. Makati,0,0,0,0,0,0,0,0,0,0,2011-11-23 7:55,Property,14.56059855,121.0413941,Side Swipe
None,EDSA,None,None,"Unknown, Side Swipe, 0.0 drivers_injured, 0.0 drivers_killed, 0.0 passengers_injured, 0.0 passengers_killed, 0.0 pedestrian_injured, 0.0 pedestrian_killed, Fair (Day), EDSA (SB) Mantrade Loading Bay Makati",MMDA Road Safety Unit,,8cbb55b9-b26c-4dfc-9d59-b79bb52d9f6c,2011-11-19,23:10:00,EDSA (SB) Across Buendia Mrt Station Makati,0,0,0,0,0,0,0,0,0,0,2011-11-20 7:10,Property,14.54276678,121.0202719,Side Swipe
None,EDSA,None,None,"Unknown, Rear-end, 0.0 drivers_injured, 0.0 drivers_killed, 0.0 passengers_injured, 0.0 passengers_killed, 0.0 pedestrian_injured, 0.0 pedestrian_killed, Fair (Day), EDSA (SB) Sen. Gil J. Puyat Ave. (Buendia Ave. Ext.) Makati",MMDA Road Safety Unit,,c9e94b68-c56f-43b5-8152-99be3fab898d,2011-11-14,23:20:00,EDSA (SB) Kalayaan Ave. Makati,0,0,0,0,0,0,0,0,0,0,2011-11-15 7:20,Property,14.55496432,121.0348612,Rear-End
None,EDSA,None,None,"Unknown, Rear-end, 0.0 drivers_injured, 0.0 drivers_killed, 0.0 passengers_injured, 0.0 passengers_killed, 0.0 pedestrian_injured, 0.0 pedestrian_killed, Fair (Night), EDSA (SB) Estrella Area Makati",MMDA Road Safety Unit,,77d4e45f-a41e-48d8-92a2-39c6cb05ac57,2011-11-14,14:30:00,EDSA (SB) fronting Loyola Memorial Chapel Makati,0,0,0,0,0,0,0,0,0,0,2011-11-14 22:30,Property,14.56002889,121.040751,Rear-End
None,EDSA,None,None,"Unknown, Angle Impact, 0.0 drivers_injured, 0.0 drivers_killed, 0.0 passengers_injured, 0.0 passengers_killed, 0.0 pedestrian_injured, 0.0 pedestrian_killed, Fair (Day), EDSA (SB) Estrella Area Makati",MMDA Road Safety Unit,,0e4719a4-7aa2-4d90-94ae-46b6d59adaec,2011-11-10,23:30:00,EDSA (SB) Estrella St. Makati,0,0,0,0,0,0,0,0,0,0,2011-11-11 7:30,Property,14.56002889,121.040751,Angle Impact
None,EDSA,None,None,"Unknown, Rear-end, 0.0 drivers_injured, 0.0 drivers_killed, 0.0 passengers_injured, 0.0 passengers_killed, 0.0 pedestrian_injured, 0.0 pedestrian_killed, Fair (Night), EDSA (SB) approaching Mantrade Loading Bay  Makati",MMDA Road Safety Unit,,de96c85e-6191-4645-b685-a257cbc94f3b,2011-11-05,18:40:00,EDSA (SB) Sen. Gil J. Puyat Ave. (Buendia Ave. Ext.) Makati,0,0,0,0,0,0,0,0,0,0,2011-11-06 2:40,Property,14.54303232,121.0205079,Rear-End
None,EDSA,None,None,"Unknown, Side Swipe, 0.0 drivers_injured, 0.0 drivers_killed, 0.0 passengers_injured, 0.0 passengers_killed, 0.0 pedestrian_injured, 0.0 pedestrian_killed, Fair (Night), EDSA (SB) Sen. Gil J. Puyat Ave. (Buendia Ave. Ext.) Makati",MMDA Road Safety Unit,,1a6860ed-8ebe-465b-bb4d-d335afe343c3,2011-11-04,15:45:00,EDSA (SB) Ayala Loading Bay  Makati,0,0,0,0,0,0,0,0,0,0,2011-11-04 23:45,Property,14.55496432,121.0348612,Side Swipe
None,EDSA,None,None,"Unknown, Rear-end, 0.0 drivers_injured, 0.0 drivers_killed, 0.0 passengers_injured, 0.0 passengers_killed, 0.0 pedestrian_injured, 0.0 pedestrian_killed, Fair (Night), EDSA (SB) approaching Guadalupe Loyola Makati",MMDA Road Safety Unit,,af5bb7d6-4aa3-4c2a-9648-ba77f76194c4,2011-11-04,12:10:00,EDSA (SB) fronting Sm Makati Makati,0,0,0,0,0,0,0,0,0,0,2011-11-04 20:10,Property,14.56676945,121.045497,Rear-End
None,EDSA,None,None,"Unknown, Rear-end, 0.0 drivers_injured, 0.0 drivers_killed, 0.0 passengers_injured, 0.0 passengers_killed, 0.0 pedestrian_injured, 0.0 pedestrian_killed, Fair (Night), EDSA (SB) Estrella Avenue Makati",MMDA Road Safety Unit,,8a4b1938-39b3-447b-b5e4-6c478d1a15d1,2011-11-03,11:00:00,EDSA (SB) fornting SM Makati Makati,0,0,0,0,0,0,0,0,0,0,2011-11-03 19:00,Property,14.56002889,121.040751,Rear-End
None,EDSA,None,None,"Unknown, Angle Impact, 0.0 drivers_injured, 0.0 drivers_killed, 0.0 passengers_injured, 0.0 passengers_killed, 0.0 pedestrian_injured, 0.0 pedestrian_killed, Fair (Day), EDSA (SB) Magallanes ""U""turn Slot Makati",MMDA Road Safety Unit,,bb20506e-6f9d-40d7-8822-8ce3dd405c95,2011-10-31,01:55:00,EDSA (SB) Estrella Loading Bay Makati,0,0,0,0,0,0,0,0,0,0,2011-10-31 9:55,Property,14.53952916,121.0141765,Angle Impact
None,EDSA,None,None,"Unknown, Hit Object (No Object Stated), 0.0 drivers_injured, 0.0 drivers_killed, 0.0 passengers_injured, 0.0 passengers_killed, 0.0 pedestrian_injured, 0.0 pedestrian_killed, Fair (Day), EDSA (SB) Approaching Ayala Makati",MMDA Road Safety Unit,,d733804d-dfc5-450d-bf0d-e55aedb5dee9,2011-10-29,00:15:00,EDSA (SB) Approaching Evangelista St. Makati,0,0,0,0,0,0,0,0,0,0,2011-10-29 8:15,Property,14.55028537,121.0293488,Hit Object
None,EDSA,None,None,"Unknown, Rear-end, 0.0 drivers_injured, 0.0 drivers_killed, 0.0 passengers_injured, 0.0 passengers_killed, 0.0 pedestrian_injured, 0.0 pedestrian_killed, Fair (Day), EDSA (SB) before Ayala Ave. Makati",MMDA Road Safety Unit,,e0a75afb-8edb-4794-beb7-94158b419583,2011-10-28,01:30:00,EDSA (SB) Ayala Loading Bay Makati,0,0,0,0,0,0,0,0,0,0,2011-10-28 9:30,Property,14.55063226,121.0295437,Rear-End
None,EDSA,None,None,"Human Error, Rear-end, 0.0 drivers_injured, 0.0 drivers_killed, 0.0 passengers_injured, 0.0 passengers_killed, 0.0 pedestrian_injured, 0.0 pedestrian_killed, Fair (Night), EDSA (SB) Across Buendia Mrt Station Makati",MMDA Road Safety Unit,,40afcaf5-c686-4ae9-9e10-3003071f6793,2011-10-25,12:30:00,EDSA (SB) Buendia MRT Stn.  Makati,0,0,0,0,0,0,0,0,0,0,2011-10-25 20:30,Property,14.55424036,121.0340698,Rear-End
None,EDSA,None,None,"Human Error, Side Swipe, 0.0 drivers_injured, 0.0 drivers_killed, 0.0 passengers_injured, 0.0 passengers_killed, 0.0 pedestrian_injured, 0.0 pedestrian_killed, Fair (Night), EDSA (SB) Kalayaan Ave. Makati",MMDA Road Safety Unit,,4a130c9e-5b11-4be9-bbb9-724ca9d5018e,2011-10-25,11:30:00,EDSA (SB) Approaching Magallanes Interchange Makati,0,0,0,0,0,0,0,0,0,0,2011-10-25 19:30,Property,14.55774691,121.0380708,Side Swipe
None,EDSA,None,None,"Unknown, Rear-end, 0.0 drivers_injured, 0.0 drivers_killed, 0.0 passengers_injured, 0.0 passengers_killed, 0.0 pedestrian_injured, 0.0 pedestrian_killed, Fair (Day), EDSA (SB) fronting Loyola Memorial Chapel Makati",MMDA Road Safety Unit,,b91a0d09-2a44-4043-a6b8-5acdc09e6e12,2011-10-23,05:45:00,EDSA (SB) fronting Loyola Memorial Chapel Makati,0,0,0,0,0,0,0,0,0,0,2011-10-23 13:45,Property,14.56526983,121.0448719,Rear-End
None,EDSA,None,None,"Unknown, Rear-end, 0.0 drivers_injured, 0.0 drivers_killed, 0.0 passengers_injured, 0.0 passengers_killed, 0.0 pedestrian_injured, 0.0 pedestrian_killed, Fair (Day), EDSA (SB) Estrella St. Makati",MMDA Road Safety Unit,,93f5fb93-265f-4dd9-9c18-c94f7b08d446,2011-10-22,07:30:00,EDSA (SB) Approaching Magallanes Loading Bay Makati,0,0,0,0,0,0,0,0,0,0,2011-10-22 15:30,Property,14.56002889,121.040751,Rear-End
None,EDSA,None,None,"Unknown, Rear-end, 0.0 drivers_injured, 0.0 drivers_killed, 0.0 passengers_injured, 0.0 passengers_killed, 0.0 pedestrian_injured, 0.0 pedestrian_killed, Fair (Day), EDSA (SB) Sen. Gil J. Puyat Ave. (Buendia Ave. Ext.) Makati",MMDA Road Safety Unit,,76a08e74-2d28-4e16-94ec-dc767fb05518,2011-10-21,02:00:00,EDSA (SB) Approaching Magallanes Loading Bay Makati,0,0,0,0,0,0,0,0,0,0,2011-10-21 10:00,Property,14.55496432,121.0348612,Rear-End
None,EDSA,None,None,"Unknown, Side Swipe, 0.0 drivers_injured, 0.0 drivers_killed, 0.0 passengers_injured, 0.0 passengers_killed, 0.0 pedestrian_injured, 0.0 pedestrian_killed, Fair (Night), EDSA (SB) Ayala Loading Bay  Makati",MMDA Road Safety Unit,,88d65816-2778-4d78-94b2-bee64804c7d7,2011-10-16,13:30:00,EDSA (SB) Emergency Bay fronting Kalayaan Ave. Makati,0,0,0,0,0,0,0,0,0,0,2011-10-16 21:30,Property,14.54886,121.0276063,Side Swipe
None,EDSA,None,None,"Unknown, Rear-end, 0.0 drivers_injured, 0.0 drivers_killed, 0.0 passengers_injured, 0.0 passengers_killed, 0.0 pedestrian_injured, 0.0 pedestrian_killed, Fair (Day), EDSA (SB) fronting Sm Makati Makati",MMDA Road Safety Unit,,dd677eda-91e6-46a6-a94c-4393f0d18339,2011-10-14,07:00:00,EDSA (SB) Mantrade Loading Bay Makati,0,0,0,0,0,0,0,0,0,0,2011-10-14 15:00,Property,14.54895007,121.0276506,Rear-End
None,EDSA,None,None,"Unknown, Rear-end, 0.0 drivers_injured, 0.0 drivers_killed, 0.0 passengers_injured, 0.0 passengers_killed, 0.0 pedestrian_injured, 0.0 pedestrian_killed, Fair (Night), EDSA (SB) fornting SM Makati Makati",MMDA Road Safety Unit,,50fe8260-9648-4772-b8bf-f40c445bbdd3,2011-10-13,19:00:00,EDSA (SB) Buendia Loading Bay Makati,0,0,0,0,0,0,0,0,0,0,2011-10-14 3:00,Property,14.54886914,121.0275527,Rear-End
None,EDSA,None,None,"Unknown, Rear-end, 0.0 drivers_injured, 0.0 drivers_killed, 0.0 passengers_injured, 0.0 passengers_killed, 0.0 pedestrian_injured, 0.0 pedestrian_killed, Fair (Night), EDSA (SB) Estrella Loading Bay Makati",MMDA Road Safety Unit,,6225480f-70f8-44fc-9262-871ed9ee095f,2011-10-12,11:30:00,EDSA (SB) after MRT Guadalupe Stn. Makati,0,0,0,0,0,0,0,0,0,0,2011-10-12 19:30,Property,14.56059855,121.0413941,Rear-End
None,EDSA,None,None,"Unknown, Side Swipe, 0.0 drivers_injured, 0.0 drivers_killed, 0.0 passengers_injured, 0.0 passengers_killed, 0.0 pedestrian_injured, 0.0 pedestrian_killed, Fair (Day), EDSA (SB) Approaching Evangelista St. Makati",MMDA Road Safety Unit,,d92bf06f-bc88-4c08-8a6c-792c5c21768d,2011-10-08,07:10:00,EDSA (SB) before Ayala Ave. Makati,0,0,0,0,0,0,0,0,0,0,2011-10-08 15:10,Property,14.53906313,121.0122941,Side Swipe
None,EDSA,None,None,"Unknown, Side Swipe, 0.0 drivers_injured, 0.0 drivers_killed, 0.0 passengers_injured, 0.0 passengers_killed, 0.0 pedestrian_injured, 0.0 pedestrian_killed, Fair (Day), EDSA (SB) Ayala Loading Bay Makati",MMDA Road Safety Unit,,d49d8e12-37fd-4af1-a391-cddf9e21fdd8,2011-10-08,02:00:00,EDSA (SB) Sen. Gil J. Puyat Ave. (Buendia Ave. Ext.) Makati,0,0,0,0,0,0,0,0,0,0,2011-10-08 10:00,Property,14.54886,121.0276063,Side Swipe
None,EDSA,None,None,"Unknown, Side Swipe, 0.0 drivers_injured, 0.0 drivers_killed, 0.0 passengers_injured, 0.0 passengers_killed, 0.0 pedestrian_injured, 0.0 pedestrian_killed, Fair (Night), EDSA (SB) Buendia MRT Stn.  Makati",MMDA Road Safety Unit,,c39d42b5-f7e0-4b67-9d9d-268b6a4faf71,2011-10-07,17:05:00,EDSA (SB) Estrella St. Makati,0,0,0,0,0,0,0,0,0,0,2011-10-08 1:05,Property,14.55421358,121.03387,Side Swipe
None,EDSA,None,None,"Unknown, Rear-end, 0.0 drivers_injured, 0.0 drivers_killed, 0.0 passengers_injured, 0.0 passengers_killed, 0.0 pedestrian_injured, 0.0 pedestrian_killed, Fair (Day), EDSA (SB) Approaching Magallanes Interchange Makati",MMDA Road Safety Unit,,c0ffe241-deed-4ffe-96ac-dd7347eb6d77,2011-10-06,07:25:00,EDSA (SB) Ayala Intersection  Makati,0,0,0,0,0,0,0,0,0,0,2011-10-06 15:25,Property,14.54035889,121.0168007,Rear-End
None,EDSA,None,None,"Unknown, Side Swipe, 1.0 drivers_injured, 0.0 drivers_killed, 0.0 passengers_injured, 0.0 passengers_killed, 0.0 pedestrian_injured, 0.0 pedestrian_killed, Fair (Day), EDSA (SB) fronting Loyola Memorial Chapel Makati",MMDA Road Safety Unit,,7b6bf8c0-04f8-4d9f-9ac1-148f75652368,2011-10-05,09:30:00,EDSA (SB) after Buendia Loading Bay Makati,0,0,0,1,0,0,0,0,0,1,2011-10-05 17:30,Injury,14.56526983,121.0448719,Side Swipe
None,EDSA,None,None,"Unknown, Rear-end, 0.0 drivers_injured, 0.0 drivers_killed, 0.0 passengers_injured, 0.0 passengers_killed, 0.0 pedestrian_injured, 0.0 pedestrian_killed, Fair (Day), EDSA (SB) Approaching Magallanes Loading Bay Makati",MMDA Road Safety Unit,,65ba39c0-57ac-48de-8b51-c621baa79aaa,2011-10-02,05:30:00,EDSA (SB) Sen. Gil J. Puyat Ave. (Buendia Ave. Ext.) Makati,0,0,0,0,0,0,0,0,0,0,2011-10-02 13:30,Property,14.54300789,121.0204467,Rear-End
None,EDSA,None,None,"Unknown, Rear-end, 0.0 drivers_injured, 0.0 drivers_killed, 0.0 passengers_injured, 0.0 passengers_killed, 0.0 pedestrian_injured, 0.0 pedestrian_killed, Fair (Day), EDSA (SB) Approaching Magallanes Loading Bay Makati",MMDA Road Safety Unit,,0b7b4e42-080a-470e-b7f4-a8026498f992,2011-09-27,22:50:00,EDSA (SB) after Estrella Avenue Makati,0,0,0,0,0,0,0,0,0,0,2011-09-28 6:50,Property,14.54300789,121.0204467,Rear-End
None,EDSA,None,None,"Unknown, Rear-end, 0.0 drivers_injured, 0.0 drivers_killed, 0.0 passengers_injured, 0.0 passengers_killed, 0.0 pedestrian_injured, 0.0 pedestrian_killed, Fair (Day), EDSA (SB) Emergency Bay fronting Kalayaan Ave. Makati",MMDA Road Safety Unit,,aad80fcf-78fc-460b-ba0b-aff8ae26b78f,2011-09-19,00:10:00,EDSA (SB) Ayala Loading Bay Makati,0,0,0,0,0,0,0,0,0,0,2011-09-19 8:10,Property,14.55786336,121.0379863,Rear-End
None,EDSA,None,None,"Unknown, Rear-end, 0.0 drivers_injured, 0.0 drivers_killed, 0.0 passengers_injured, 0.0 passengers_killed, 0.0 pedestrian_injured, 0.0 pedestrian_killed, Fair (Night), EDSA (SB) Mantrade Loading Bay Makati",MMDA Road Safety Unit,,1d6f676d-b1f0-408e-a7da-f3f9bb10fa88,2011-09-14,20:00:00,EDSA (SB) Buendia Emergency Bay Makati,0,0,0,0,0,0,0,0,0,0,2011-09-15 4:00,Property,14.54276678,121.0202719,Rear-End
None,EDSA,None,None,"Unknown, Side Swipe, 0.0 drivers_injured, 0.0 drivers_killed, 0.0 passengers_injured, 0.0 passengers_killed, 0.0 pedestrian_injured, 0.0 pedestrian_killed, Fair (Day), EDSA (SB) Buendia Loading Bay Makati",MMDA Road Safety Unit,,1509cebd-9e05-407a-a57e-2fa77c232074,2011-09-13,03:30:00,EDSA (SB) bet. Estrella St. & Buendia  Makati,0,0,0,0,0,0,0,0,0,0,2011-09-13 11:30,Property,14.55400112,121.0336264,Side Swipe
None,EDSA,None,None,"Unknown, Rear-end, 0.0 drivers_injured, 0.0 drivers_killed, 0.0 passengers_injured, 0.0 passengers_killed, 0.0 pedestrian_injured, 0.0 pedestrian_killed, Fair (Day), EDSA (SB) after MRT Guadalupe Stn. Makati",MMDA Road Safety Unit,,2d0336f3-1dc3-4ccd-8cb4-94aa818085cb,2011-09-13,02:45:00,EDSA (SB) after Mantrade Loading Bay Makati,0,0,0,0,0,0,0,0,0,0,2011-09-13 10:45,Property,14.56664441,121.0454122,Rear-End
None,EDSA,None,None,"Unknown, Rear-end, 0.0 drivers_injured, 0.0 drivers_killed, 0.0 passengers_injured, 0.0 passengers_killed, 0.0 pedestrian_injured, 0.0 pedestrian_killed, Fair (Day), EDSA (SB) before Ayala Ave. Makati",MMDA Road Safety Unit,,62090734-7754-4636-957f-7548a8c9dae8,2011-09-09,23:10:00,EDSA (SB) Along Mantrade Makati,0,0,0,0,0,0,0,0,0,0,2011-09-10 7:10,Property,14.55063226,121.0295437,Rear-End
None,EDSA,None,None,"Unknown, Side Swipe, 0.0 drivers_injured, 0.0 drivers_killed, 0.0 passengers_injured, 0.0 passengers_killed, 0.0 pedestrian_injured, 0.0 pedestrian_killed, Fair (Night), EDSA (SB) Sen. Gil J. Puyat Ave. (Buendia Ave. Ext.) Makati",MMDA Road Safety Unit,,e20d5a64-79f8-44a1-97e8-8f53f0302521,2011-09-08,13:55:00,EDSA (SB) after Estrella St. Makati,0,0,0,0,0,0,0,0,0,0,2011-09-08 21:55,Property,14.55496432,121.0348612,Side Swipe
None,EDSA,None,None,"Unknown, Side Swipe, 0.0 drivers_injured, 0.0 drivers_killed, 0.0 passengers_injured, 0.0 passengers_killed, 0.0 pedestrian_injured, 0.0 pedestrian_killed, Fair (Day), EDSA (SB) Estrella St. Makati",MMDA Road Safety Unit,,96b58599-fdd3-43fe-ae85-0324ad5facf4,2011-09-07,00:00:00,EDSA (SB) Opposite Orense St. Makati,0,0,0,0,0,0,0,0,0,0,2011-09-07 8:00,Property,14.56002889,121.040751,Side Swipe
None,EDSA,None,None,"Unknown, Rear-end, 0.0 drivers_injured, 0.0 drivers_killed, 0.0 passengers_injured, 0.0 passengers_killed, 0.0 pedestrian_injured, 0.0 pedestrian_killed, Fair (Day), EDSA (SB) Ayala Intersection  Makati",MMDA Road Safety Unit,,b6dd1f84-40c4-4cf7-bb11-7dbcaa9cbad2,2011-09-06,23:55:00,EDSA (SB) after Ayala Intersection Makati,0,0,0,0,0,0,0,0,0,0,2011-09-07 7:55,Property,14.550131,121.0294729,Rear-End
None,EDSA,None,None,"Unknown, Rear-end, 0.0 drivers_injured, 0.0 drivers_killed, 0.0 passengers_injured, 0.0 passengers_killed, 0.0 pedestrian_injured, 0.0 pedestrian_killed, Fair (Day), EDSA (SB) after Buendia Loading Bay Makati",MMDA Road Safety Unit,,1199c212-f63a-4612-a2fb-c9270385f2b0,2011-09-06,08:45:00,EDSA (SB) Estrella Area Makati,0,0,0,0,0,0,0,0,0,0,2011-09-06 16:45,Property,14.55386823,121.0334638,Rear-End
None,EDSA,None,None,"Unknown, Side Swipe, 0.0 drivers_injured, 0.0 drivers_killed, 0.0 passengers_injured, 0.0 passengers_killed, 0.0 pedestrian_injured, 0.0 pedestrian_killed, Fair (Day), EDSA (SB) Sen. Gil J. Puyat Ave. (Buendia Ave. Ext.) Makati",MMDA Road Safety Unit,,25986532-5121-4629-9e6a-26372ddb2294,2011-09-06,05:45:00,EDSA (SB) Approaching Buendia Avenue Makati,0,0,0,0,0,0,0,0,0,0,2011-09-06 13:45,Property,14.55496432,121.0348612,Side Swipe
None,EDSA,None,None,"Unknown, Hit Object (No Object Stated), 0.0 drivers_injured, 0.0 drivers_killed, 0.0 passengers_injured, 0.0 passengers_killed, 0.0 pedestrian_injured, 0.0 pedestrian_killed, Fair (Day), EDSA (SB) after Estrella Avenue Makati",MMDA Road Safety Unit,,5bad5cbc-401f-4425-87b9-642124a8610c,2011-09-04,05:30:00,EDSA (SB) after Bernardino St. Makati,0,0,0,0,0,0,0,0,0,0,2011-09-04 13:30,Property,14.56019425,121.0409398,Hit Object
None,EDSA,None,None,"Unknown, Rear-end, 0.0 drivers_injured, 0.0 drivers_killed, 0.0 passengers_injured, 0.0 passengers_killed, 0.0 pedestrian_injured, 0.0 pedestrian_killed, Fair (Night), EDSA (SB) Ayala Loading Bay Makati",MMDA Road Safety Unit,,cb68b6b6-cfcc-48d6-9eeb-a9900f6b37a8,2011-09-03,13:40:00,EDSA (SB) Evangelista St. Makati,0,0,0,0,0,0,0,0,0,0,2011-09-03 21:40,Property,14.54886,121.0276063,Rear-End
None,EDSA,None,None,"Unknown, Rear-end, 0.0 drivers_injured, 0.0 drivers_killed, 3.0 passengers_injured, 0.0 passengers_killed, 0.0 pedestrian_injured, 0.0 pedestrian_killed, Rain (Day), EDSA (SB) Buendia Emergency Bay Makati",MMDA Road Safety Unit,,78464dc4-d538-4db5-9edd-14e0bf2d1537,2011-09-02,00:00:00,EDSA (SB) after Loyola Memorial Chapel Makati,0,0,0,0,3,0,0,0,0,3,2011-09-02 8:00,Injury,14.55405859,121.0336357,Rear-End
None,EDSA,None,None,"Unknown, Angle Impact, 0.0 drivers_injured, 0.0 drivers_killed, 0.0 passengers_injured, 0.0 passengers_killed, 0.0 pedestrian_injured, 0.0 pedestrian_killed, Fair (Day), EDSA (SB) bet. Estrella St. & Buendia  Makati",MMDA Road Safety Unit,,aca633dc-fc98-40fa-b093-770e1a8aa774,2011-08-31,04:05:00,EDSA (SB) Buendia Loading Bay Makati,0,0,0,0,0,0,0,0,0,0,2011-08-31 12:05,Property,14.55757365,121.037655,Angle Impact
None,EDSA,None,None,"Human Error, Side Swipe, 0.0 drivers_injured, 0.0 drivers_killed, 0.0 passengers_injured, 0.0 passengers_killed, 0.0 pedestrian_injured, 0.0 pedestrian_killed, Fair (Day), EDSA (SB) after Mantrade Loading Bay Makati",MMDA Road Safety Unit,,85096efb-90c2-45e8-95b0-e6629dada548,2011-08-18,07:30:00,EDSA (SB) Mantrade MRT Station Makati,0,0,0,0,0,0,0,0,0,0,2011-08-18 15:30,Property,14.54308268,121.0205091,Side Swipe
None,EDSA,None,None,"Human Error, Rear-end, 0.0 drivers_injured, 0.0 drivers_killed, 0.0 passengers_injured, 0.0 passengers_killed, 0.0 pedestrian_injured, 0.0 pedestrian_killed, Fair (Day), EDSA (SB) Along Mantrade Makati",MMDA Road Safety Unit,,390fd402-bf36-437a-bd4a-d6d27c57a6a7,2011-08-17,06:45:00,"EDSA (SB) near Buendia ""U""turn slot Makati",0,0,0,0,0,0,0,0,0,0,2011-08-17 14:45,Property,14.53935873,121.014329,Rear-End
None,EDSA,None,None,"Human Error, Rear-end, 0.0 drivers_injured, 0.0 drivers_killed, 0.0 passengers_injured, 0.0 passengers_killed, 0.0 pedestrian_injured, 0.0 pedestrian_killed, Fair (Night), EDSA (SB) after Estrella St. Makati",MMDA Road Safety Unit,,59bea5bc-3b6f-465d-8628-36e75b4334c7,2011-08-16,13:10:00,EDSA (SB) Magallanes Interchge Makati,0,0,0,0,0,0,0,0,0,0,2011-08-16 21:10,Property,14.56019425,121.0409398,Rear-End
None,EDSA,None,None,"Human Error, Rear-end, 0.0 drivers_injured, 0.0 drivers_killed, 0.0 passengers_injured, 0.0 passengers_killed, 0.0 pedestrian_injured, 0.0 pedestrian_killed, Fair (Day), EDSA (SB) Opposite Orense St. Makati",MMDA Road Safety Unit,,f32bf738-74f6-4bc4-ba9b-eeaea5a6be8f,2011-08-14,23:45:00,EDSA (SB) before Ayala Ave. Makati,0,0,0,0,0,0,0,0,0,0,2011-08-15 7:45,Property,14.56178559,121.0428099,Rear-End
None,EDSA,None,None,"Unknown, Rear-end, 0.0 drivers_injured, 0.0 drivers_killed, 0.0 passengers_injured, 0.0 passengers_killed, 0.0 pedestrian_injured, 0.0 pedestrian_killed, Fair (Night), EDSA (SB) after Ayala Intersection Makati",MMDA Road Safety Unit,,3f379509-3379-4845-aba2-6076e587ad21,2011-08-14,16:10:00,EDSA (SB) Ayala Loading Bay Makati,0,0,0,0,0,0,0,0,0,0,2011-08-15 0:10,Property,14.55024379,121.0293798,Rear-End
None,EDSA,None,None,"Human Error, Rear-end, 0.0 drivers_injured, 0.0 drivers_killed, 0.0 passengers_injured, 0.0 passengers_killed, 0.0 pedestrian_injured, 0.0 pedestrian_killed, Fair (Night), EDSA (SB) Estrella Area Makati",MMDA Road Safety Unit,,da71a844-2f04-4b45-98df-2dfe543a04fc,2011-08-13,15:20:00,EDSA (SB) Estrella St. Makati,0,0,0,0,0,0,0,0,0,0,2011-08-13 23:20,Property,14.56002889,121.040751,Rear-End