LOCATION_TEXT,ROAD,WEATHER,LIGHT,DESC,REPORTING_AGENCY,MAIN_CAUSE,INCIDENTDETAILS_ID,DATE_UTC,TIME_UTC,ADDRESS,killed_driver,killed_passenger,killed_pedestrian,injured_driver,injured_passenger,injured_pedestrian,killed_uncategorized,injured_uncategorized,killed_total,injured_total,DATETIME_PST,SEVERITY,Y,X,COLLISION_TYPE
None,EDSA,None,None,"Human Error, Rear-end, 0.0 drivers_injured, 0.0 drivers_killed, 0.0 passengers_injured, 0.0 passengers_killed, 0.0 pedestrian_injured, 0.0 pedestrian_killed, Fair (Day), EDSA (SB) Approaching Buendia Avenue Makati",MMDA Road Safety Unit,,7605ee0c-33e3-42c0-93a1-c3675598434b,2011-08-13,08:20:00,EDSA (SB) after Estrella St. Makati,0,0,0,0,0,0,0,0,0,0,2011-08-13 16:20,Property,14.55537485,121.0354873,Rear-End
None,EDSA,None,None,"Human Error, Side Swipe, 0.0 drivers_injured, 0.0 drivers_killed, 0.0 passengers_injured, 0.0 passengers_killed, 0.0 pedestrian_injured, 0.0 pedestrian_killed, Fair (Day), EDSA (SB) after Bernardino St. Makati",MMDA Road Safety Unit,,9ba2922b-5872-4fb0-98a2-e07103d0f19a,2011-08-13,04:00:00,EDSA (SB) after A. Arnaiz Avenue Makati,0,0,0,0,0,0,0,0,0,0,2011-08-13 12:00,Property,14.56571393,121.0450816,Side Swipe
None,EDSA,None,None,"Human Error, Side Swipe, 0.0 drivers_injured, 0.0 drivers_killed, 0.0 passengers_injured, 0.0 passengers_killed, 0.0 pedestrian_injured, 0.0 pedestrian_killed, Fair (Night), EDSA (SB) Evangelista St. Makati",MMDA Road Safety Unit,,7f629942-b623-4159-b92a-a682c61d3182,2011-08-12,14:00:00,EDSA (SB) Approaching Estrella Overpass Makati,0,0,0,0,0,0,0,0,0,0,2011-08-12 22:00,Property,14.53903137,121.0123272,Side Swipe
None,EDSA,None,None,"Human Error, Rear-end, 0.0 drivers_injured, 0.0 drivers_killed, 0.0 passengers_injured, 0.0 passengers_killed, 0.0 pedestrian_injured, 0.0 pedestrian_killed, Fair (Day), EDSA (SB) after Loyola Memorial Chapel Makati",MMDA Road Safety Unit,,73042076-5b06-4867-aba4-6922c45218b3,2011-08-11,00:20:00,EDSA (SB) Estrella Overpass Makati,0,0,0,0,0,0,0,0,0,0,2011-08-11 8:20,Property,14.5670417,121.0454578,Rear-End
None,EDSA,None,None,"Human Error, Side Swipe, 0.0 drivers_injured, 0.0 drivers_killed, 0.0 passengers_injured, 0.0 passengers_killed, 0.0 pedestrian_injured, 0.0 pedestrian_killed, Fair (Day), EDSA (SB) Buendia Loading Bay Makati",MMDA Road Safety Unit,,05b24b47-575e-41fb-9cee-4e7b5b9d4ac8,2011-08-10,22:40:00,EDSA (SB) before Ayala Ave. Makati,0,0,0,0,0,0,0,0,0,0,2011-08-11 6:40,Property,14.55400112,121.0336264,Side Swipe
None,EDSA,None,None,"Human Error, Side Swipe, 0.0 drivers_injured, 0.0 drivers_killed, 0.0 passengers_injured, 0.0 passengers_killed, 0.0 pedestrian_injured, 0.0 pedestrian_killed, Fair (Night), EDSA (SB) Mantrade MRT Station Makati",MMDA Road Safety Unit,,bf02dafd-574c-42bf-bf8f-62fa78b31ca7,2011-08-10,13:30:00,EDSA (SB) Estrella Loading Bay Makati,0,0,0,0,0,0,0,0,0,0,2011-08-10 21:30,Property,14.54177174,121.0192376,Side Swipe
None,EDSA,None,None,"Human Error, Rear-end, 0.0 drivers_injured, 0.0 drivers_killed, 0.0 passengers_injured, 0.0 passengers_killed, 0.0 pedestrian_injured, 0.0 pedestrian_killed, Fair (Day), EDSA (SB) near Buendia ""U""turn slot Makati",MMDA Road Safety Unit,,db3eb94d-a7ef-4ec9-9fa8-94bba0455878,2011-08-09,09:00:00,EDSA (SB) Opposite Orense St. Makati,0,0,0,0,0,0,0,0,0,0,2011-08-09 17:00,Property,14.55580755,121.0356209,Rear-End
None,EDSA,None,None,"Human Error, Side Swipe, 0.0 drivers_injured, 0.0 drivers_killed, 0.0 passengers_injured, 0.0 passengers_killed, 0.0 pedestrian_injured, 0.0 pedestrian_killed, Fair (Day), EDSA (SB) Magallanes Interchge Makati",MMDA Road Safety Unit,,29d627f0-1990-44b6-a3d6-a1027f600015,2011-08-09,07:30:00,EDSA (SB) Estrella Loading Bay  Makati,0,0,0,0,0,0,0,0,0,0,2011-08-09 15:30,Property,14.54028633,121.0167655,Side Swipe
None,EDSA,None,None,"Unknown, Side Swipe, 0.0 drivers_injured, 0.0 drivers_killed, 0.0 passengers_injured, 0.0 passengers_killed, 0.0 pedestrian_injured, 0.0 pedestrian_killed, Fair (Day), EDSA (SB) before Ayala Ave. Makati",MMDA Road Safety Unit,,c8136cdb-facb-40f7-94b3-497984c49a87,2011-08-07,08:40:00,EDSA (SB) after Sen. Gil Puyat Avenue (Buendia ) Makati,0,0,0,0,0,0,0,0,0,0,2011-08-07 16:40,Property,14.55063226,121.0295437,Side Swipe
None,EDSA,None,None,"Human Error, Rear-end, 0.0 drivers_injured, 0.0 drivers_killed, 0.0 passengers_injured, 0.0 passengers_killed, 0.0 pedestrian_injured, 0.0 pedestrian_killed, Fair (Night), EDSA (SB) Ayala Loading Bay Makati",MMDA Road Safety Unit,,91e7e1ba-cdbe-4094-b294-932603ad05ad,2011-08-05,20:00:00,EDSA (SB) Estrella St. Makati,0,0,0,0,0,0,0,0,0,0,2011-08-06 4:00,Property,14.54886,121.0276063,Rear-End
None,EDSA,None,None,"Human Error, Side Swipe, 0.0 drivers_injured, 0.0 drivers_killed, 0.0 passengers_injured, 0.0 passengers_killed, 0.0 pedestrian_injured, 0.0 pedestrian_killed, Fair (Night), EDSA (SB) Estrella St. Makati",MMDA Road Safety Unit,,8585957c-6c43-4920-907b-e141c290cc78,2011-08-05,10:00:00,EDSA (SB) Approaching Guadalupe Loyola Makati,0,0,0,0,0,0,0,0,0,0,2011-08-05 18:00,Property,14.56002889,121.040751,Side Swipe
None,EDSA,None,None,"Human Error, Rear-end, 0.0 drivers_injured, 0.0 drivers_killed, 0.0 passengers_injured, 0.0 passengers_killed, 0.0 pedestrian_injured, 0.0 pedestrian_killed, Fair (Day), EDSA (SB) after Estrella St. Makati",MMDA Road Safety Unit,,2557c505-8487-4c02-8111-0f4a6ad1c066,2011-08-05,03:20:00,EDSA (SB) Guadalupe Cloverleaf Makati,0,0,0,0,0,0,0,0,0,0,2011-08-05 11:20,Property,14.56019425,121.0409398,Rear-End
None,EDSA,None,None,"Unknown, Side Swipe, 0.0 drivers_injured, 0.0 drivers_killed, 0.0 passengers_injured, 0.0 passengers_killed, 0.0 pedestrian_injured, 0.0 pedestrian_killed, Fair (Night), EDSA (SB) after A. Arnaiz Avenue Makati",MMDA Road Safety Unit,,5ab21f1a-f29d-4177-ba48-ac84a0d432cb,2011-08-04,10:10:00,"EDSA (SB) near Magallanes ""U""turn slot Makati",0,0,0,0,0,0,0,0,0,0,2011-08-04 18:10,Property,14.54740302,121.0262287,Side Swipe
None,EDSA,None,None,"Human Error, Side Swipe, 0.0 drivers_injured, 0.0 drivers_killed, 0.0 passengers_injured, 0.0 passengers_killed, 0.0 pedestrian_injured, 0.0 pedestrian_killed, Fair (Night), EDSA (SB) Approaching Estrella Overpass Makati",MMDA Road Safety Unit,,ee65b0fa-29b5-4daf-97c9-39392d3438f6,2011-08-03,12:40:00,EDSA (SB) Sen. Gil J. Puyat Ave. (Buendia Ave. Ext.) Makati,0,0,0,0,0,0,0,0,0,0,2011-08-03 20:40,Property,14.56047798,121.0414148,Side Swipe
None,EDSA,None,None,"Human Error, Rear-end, 0.0 drivers_injured, 0.0 drivers_killed, 0.0 passengers_injured, 0.0 passengers_killed, 0.0 pedestrian_injured, 0.0 pedestrian_killed, Fair (Night), EDSA (SB) Estrella Overpass Makati",MMDA Road Safety Unit,,0c69f732-e199-480c-9c4c-77a41d6fe60f,2011-08-03,12:05:00,EDSA (SB) after Bernardino St. Makati,0,0,0,0,0,0,0,0,0,0,2011-08-03 20:05,Property,14.56055074,121.0413945,Rear-End
None,EDSA,None,None,"Unknown, Side Swipe, 0.0 drivers_injured, 0.0 drivers_killed, 0.0 passengers_injured, 0.0 passengers_killed, 0.0 pedestrian_injured, 0.0 pedestrian_killed, Fair (Night), EDSA (SB) before Ayala Ave. Makati",MMDA Road Safety Unit,,77fe367a-3bb6-4695-b8a9-717410fd73b1,2011-08-03,11:10:00,EDSA (SB) after Buendia Avenue Makati,0,0,0,0,0,0,0,0,0,0,2011-08-03 19:10,Property,14.55063226,121.0295437,Side Swipe
None,EDSA,None,None,"Human Error, Rear-end, 0.0 drivers_injured, 0.0 drivers_killed, 0.0 passengers_injured, 0.0 passengers_killed, 0.0 pedestrian_injured, 0.0 pedestrian_killed, Fair (Night), EDSA (SB) Estrella Loading Bay Makati",MMDA Road Safety Unit,,ede0e04f-dd1f-4672-ba7f-10690e719955,2011-08-03,10:00:00,EDSA (SB) Approaching Magallanes Interchange Makati,0,0,0,0,0,0,0,0,0,0,2011-08-03 18:00,Property,14.56059855,121.0413941,Rear-End
None,EDSA,None,None,"Human Error, Side Swipe, 0.0 drivers_injured, 0.0 drivers_killed, 0.0 passengers_injured, 0.0 passengers_killed, 0.0 pedestrian_injured, 0.0 pedestrian_killed, Fair (Night), EDSA (SB) Opposite Orense St. Makati",MMDA Road Safety Unit,,b41c3e6b-a06f-4ee4-9db5-c33efe4f38f5,2011-07-30,12:50:00,EDSA (SB) fronting Buendia MRT Station Makati,0,0,0,0,0,0,0,0,0,0,2011-07-30 20:50,Property,14.56178559,121.0428099,Side Swipe
None,EDSA,None,None,"Unknown, Rear-end, 0.0 drivers_injured, 0.0 drivers_killed, 0.0 passengers_injured, 0.0 passengers_killed, 0.0 pedestrian_injured, 0.0 pedestrian_killed, Fair (Day), EDSA (SB) Estrella Loading Bay  Makati",MMDA Road Safety Unit,,6c672296-cdda-4dc9-8ba0-63795249cec1,2011-07-28,04:20:00,EDSA (SB) near Sen. Gil Puyat Avenue (Buendia ) Makati,0,0,0,0,0,0,0,0,0,0,2011-07-28 12:20,Property,14.56059855,121.0413941,Rear-End
None,EDSA,None,None,"Human Error, Rear-end, 0.0 drivers_injured, 0.0 drivers_killed, 0.0 passengers_injured, 0.0 passengers_killed, 0.0 pedestrian_injured, 0.0 pedestrian_killed, Fair (Day), EDSA (SB) after Sen. Gil Puyat Avenue (Buendia ) Makati",MMDA Road Safety Unit,,f3815229-b46f-41b7-ae97-6ef89c9b9caf,2011-07-23,03:00:00,"EDSA (SB) Evangelista St., Bgy. Bangkal Makati",0,0,0,0,0,0,0,0,0,0,2011-07-23 11:00,Property,14.5547747,121.0350593,Rear-End
None,EDSA,None,None,"Human Error, Side Swipe, 0.0 drivers_injured, 0.0 drivers_killed, 0.0 passengers_injured, 0.0 passengers_killed, 0.0 pedestrian_injured, 0.0 pedestrian_killed, Fair (Day), EDSA (SB) Estrella St. Makati",MMDA Road Safety Unit,,a3161396-a730-423d-935f-9b1a651e6cb6,2011-07-19,02:15:00,EDSA (SB) before Ayala Ave. Makati,0,0,0,0,0,0,0,0,0,0,2011-07-19 10:15,Property,14.56002889,121.040751,Side Swipe
None,EDSA,None,None,"Unknown, Side Swipe, 0.0 drivers_injured, 0.0 drivers_killed, 0.0 passengers_injured, 0.0 passengers_killed, 0.0 pedestrian_injured, 0.0 pedestrian_killed, Fair (Day), EDSA (SB) Approaching Guadalupe Loyola Makati",MMDA Road Safety Unit,,b2f05188-9e3d-49ba-b2c7-f5b54c3ee729,2011-07-17,22:40:00,EDSA (SB) Shell gas Station / Buendia  Makati,0,0,0,0,0,0,0,0,0,0,2011-07-18 6:40,Property,14.56676945,121.045497,Side Swipe
None,EDSA,None,None,"Unknown, Rear-end, 0.0 drivers_injured, 0.0 drivers_killed, 0.0 passengers_injured, 0.0 passengers_killed, 0.0 pedestrian_injured, 0.0 pedestrian_killed, Fair (Night), EDSA (SB) Guadalupe Cloverleaf Makati",MMDA Road Safety Unit,,ec70693c-96b7-4cc8-acea-c9db07b3dcd0,2011-07-16,11:45:00,EDSA (SB) Sen. Gil J. Puyat Ave. (Buendia Ave. Ext.) Makati,0,0,0,0,0,0,0,0,0,0,2011-07-16 19:45,Property,14.56720754,121.0457277,Rear-End
None,EDSA,None,None,"Unknown, Side Swipe, 0.0 drivers_injured, 0.0 drivers_killed, 0.0 passengers_injured, 0.0 passengers_killed, 0.0 pedestrian_injured, 0.0 pedestrian_killed, Fair (Day), EDSA (SB) near Magallanes ""U""turn slot Makati",MMDA Road Safety Unit,,8ed2b712-47af-488b-8475-b27a08617a17,2011-07-16,08:45:00,EDSA (SB) near Estrella St. Makati,0,0,0,0,0,0,0,0,0,0,2011-07-16 16:45,Property,14.53925177,121.0137562,Side Swipe
None,EDSA,None,None,"Human Error, Rear-end, 0.0 drivers_injured, 0.0 drivers_killed, 0.0 passengers_injured, 0.0 passengers_killed, 0.0 pedestrian_injured, 0.0 pedestrian_killed, Fair (Day), EDSA (SB) Sen. Gil J. Puyat Ave. (Buendia Ave. Ext.) Makati",MMDA Road Safety Unit,,63ce1fe4-e74c-43af-a849-60b6f9d5f195,2011-07-09,07:20:00,EDSA (SB) magallanes Interchange Makati,0,0,0,0,0,0,0,0,0,0,2011-07-09 15:20,Property,14.55496432,121.0348612,Rear-End
None,EDSA,None,None,"Human Error, Rear-end, 0.0 drivers_injured, 0.0 drivers_killed, 0.0 passengers_injured, 0.0 passengers_killed, 0.0 pedestrian_injured, 0.0 pedestrian_killed, Fair (Day), EDSA (SB) after Bernardino St. Makati",MMDA Road Safety Unit,,a91b0614-0b50-4c19-a247-c98cecec280f,2011-07-09,05:30:00,EDSA (SB) Estrella St. Makati,0,0,0,0,0,0,0,0,0,0,2011-07-09 13:30,Property,14.56571393,121.0450816,Rear-End
None,EDSA,None,None,"Human Error, Rear-end, 0.0 drivers_injured, 0.0 drivers_killed, 0.0 passengers_injured, 0.0 passengers_killed, 0.0 pedestrian_injured, 0.0 pedestrian_killed, Fair (Day), EDSA (SB) after Buendia Avenue Makati",MMDA Road Safety Unit,,83239a2a-a113-40d1-9d62-755a9b2aca2a,2011-07-02,05:30:00,EDSA (SB) Sen. Gil J. Puyat Ave. (Buendia Ave. Ext.) Makati,0,0,0,0,0,0,0,0,0,0,2011-07-02 13:30,Property,14.55495937,121.0347012,Rear-End
None,EDSA,None,None,"Unknown, Rear-end, 0.0 drivers_injured, 0.0 drivers_killed, 0.0 passengers_injured, 0.0 passengers_killed, 0.0 pedestrian_injured, 0.0 pedestrian_killed, Fair (Day), EDSA (SB) Approaching Magallanes Interchange Makati",MMDA Road Safety Unit,,16385cf3-4067-44ba-a47e-92871c01ddf1,2011-07-01,23:00:00,EDSA (SB) Ayala Ave. Makati,0,0,0,0,0,0,0,0,0,0,2011-07-02 7:00,Property,14.54035889,121.0168007,Rear-End
None,EDSA,None,None,"Unknown, Side Swipe, 0.0 drivers_injured, 0.0 drivers_killed, 0.0 passengers_injured, 0.0 passengers_killed, 0.0 pedestrian_injured, 0.0 pedestrian_killed, Fair (Night), EDSA (SB) fronting Buendia MRT Station Makati",MMDA Road Safety Unit,,89258b2b-6426-48e6-a131-07408fb08816,2011-07-01,11:55:00,EDSA (SB) Estrella St. Makati,0,0,0,0,0,0,0,0,0,0,2011-07-01 19:55,Property,14.55417951,121.0340839,Side Swipe
None,EDSA,None,None,"Unknown, Rear-end, 0.0 drivers_injured, 0.0 drivers_killed, 0.0 passengers_injured, 0.0 passengers_killed, 0.0 pedestrian_injured, 0.0 pedestrian_killed, Fair (Night), EDSA (SB) near Sen. Gil Puyat Avenue (Buendia ) Makati",MMDA Road Safety Unit,,8b1f5777-8fc4-4fc9-8f0a-4261fcb69545,2011-07-01,11:10:00,"EDSA (SB) Evangelista St., Bgy. Bangkal Makati",0,0,0,0,0,0,0,0,0,0,2011-07-01 19:10,Property,14.55538787,121.0354712,Rear-End
None,EDSA,None,None,"Unknown, Rear-end, 0.0 drivers_injured, 0.0 drivers_killed, 0.0 passengers_injured, 0.0 passengers_killed, 0.0 pedestrian_injured, 0.0 pedestrian_killed, Fair (Day), EDSA (SB) Evangelista St., Bgy. Bangkal Makati",MMDA Road Safety Unit,,7c03b1a3-0b8d-4449-a97b-b7bd33eb35c4,2011-06-30,02:30:00,"EDSA (SB) fronting Loyola Memorial Chapels Inc., Bgy. Guadalupe Viejo Makati",0,0,0,0,0,0,0,0,0,0,2011-06-30 10:30,Property,14.53903137,121.0123272,Rear-End
None,EDSA,None,None,"Unknown, Side Swipe, 0.0 drivers_injured, 0.0 drivers_killed, 0.0 passengers_injured, 0.0 passengers_killed, 0.0 pedestrian_injured, 0.0 pedestrian_killed, Fair (Day), EDSA (SB) before Ayala Ave. Makati",MMDA Road Safety Unit,,ab0c45ff-d4ed-4ccb-b3dc-08bd6ddc7ef3,2011-06-29,00:00:00,EDSA (SB) Estrella St. Makati,0,0,0,0,0,0,0,0,0,0,2011-06-29 8:00,Property,14.55063226,121.0295437,Side Swipe
None,EDSA,None,None,"Unknown, Rear-end, 0.0 drivers_injured, 0.0 drivers_killed, 0.0 passengers_injured, 0.0 passengers_killed, 0.0 pedestrian_injured, 0.0 pedestrian_killed, Fair (Night), EDSA (SB) Shell gas Station / Buendia  Makati",MMDA Road Safety Unit,,c103e38e-fc43-4ecb-8796-1f04105755b0,2011-06-16,15:00:00,EDSA (SB) San Carlos Seminary Guadalupe Makati,0,0,0,0,0,0,0,0,0,0,2011-06-16 23:00,Property,14.55547546,121.0352249,Rear-End
None,EDSA,None,None,"Unknown, Side Swipe, 0.0 drivers_injured, 0.0 drivers_killed, 0.0 passengers_injured, 0.0 passengers_killed, 0.0 pedestrian_injured, 0.0 pedestrian_killed, Fair (Night), EDSA (SB) Sen. Gil J. Puyat Ave. (Buendia Ave. Ext.) Makati",MMDA Road Safety Unit,,235e5adc-70b8-4350-9b4b-80dc8bccb9bf,2011-06-16,13:30:00,EDSA (SB) Estrella St. Makati,0,0,0,0,0,0,0,0,0,0,2011-06-16 21:30,Property,14.55496432,121.0348612,Side Swipe
None,EDSA,None,None,"Unknown, Rear-end, 0.0 drivers_injured, 0.0 drivers_killed, 0.0 passengers_injured, 0.0 passengers_killed, 0.0 pedestrian_injured, 0.0 pedestrian_killed, Fair (Night), EDSA (SB) near Estrella St. Makati",MMDA Road Safety Unit,,dfde03b9-e6f9-45f4-a105-e63d8941cb4c,2011-06-15,12:30:00,EDSA (SB) after Estrella St. Makati,0,0,0,0,0,0,0,0,0,0,2011-06-15 20:30,Property,14.55948844,121.0401715,Rear-End
None,EDSA,None,None,"Unknown, Rear-end, 0.0 drivers_injured, 0.0 drivers_killed, 0.0 passengers_injured, 0.0 passengers_killed, 0.0 pedestrian_injured, 0.0 pedestrian_killed, Fair (Night), EDSA (SB) magallanes Interchange Makati",MMDA Road Safety Unit,,2d601eef-f790-4f77-97ec-de0404481963,2011-06-14,12:15:00,EDSA (SB) after Estrella St. Makati,0,0,0,0,0,0,0,0,0,0,2011-06-14 20:15,Property,14.54028633,121.0167655,Rear-End
None,EDSA,None,None,"Unknown, Rear-end, 0.0 drivers_injured, 0.0 drivers_killed, 0.0 passengers_injured, 0.0 passengers_killed, 0.0 pedestrian_injured, 0.0 pedestrian_killed, Fair (Night), EDSA (SB) Estrella St. Makati",MMDA Road Safety Unit,,f4642464-5b7d-4d02-b69a-21b858c543e9,2011-06-12,14:30:00,"EDSA (SB) fronting Caltex Gas Station, before Evangelista St. Makati",0,0,0,0,0,0,0,0,0,0,2011-06-12 22:30,Property,14.56002889,121.040751,Rear-End
None,EDSA,None,None,"Unknown, Side Swipe, 0.0 drivers_injured, 0.0 drivers_killed, 0.0 passengers_injured, 0.0 passengers_killed, 0.0 pedestrian_injured, 0.0 pedestrian_killed, Fair (Day), EDSA (SB) Sen. Gil J. Puyat Ave. (Buendia Ave. Ext.) Makati",MMDA Road Safety Unit,,971ffe8f-55dd-47ac-9d39-d2b2a5f0adbc,2011-06-08,23:30:00,EDSA (SB) Sen. Gil J. Puyat Ave. (Buendia Ave. Ext.) Makati,0,0,0,0,0,0,0,0,0,0,2011-06-09 7:30,Property,14.55496432,121.0348612,Side Swipe
None,EDSA,None,None,"Unknown, Rear-end, 0.0 drivers_injured, 0.0 drivers_killed, 0.0 passengers_injured, 0.0 passengers_killed, 0.0 pedestrian_injured, 0.0 pedestrian_killed, Fair (Day), EDSA (SB) Ayala Ave. Makati",MMDA Road Safety Unit,,e18cf606-14aa-4287-9149-d69caf28c708,2011-06-05,23:00:00,"EDSA (SB) Evangelista St., Bgy. Bangkal Makati",0,0,0,0,0,0,0,0,0,0,2011-06-06 7:00,Property,14.55022912,121.0292348,Rear-End
None,EDSA,None,None,"Unknown, Side Swipe, 0.0 drivers_injured, 0.0 drivers_killed, 0.0 passengers_injured, 0.0 passengers_killed, 0.0 pedestrian_injured, 0.0 pedestrian_killed, Fair (Day), EDSA (SB) Estrella St. Makati",MMDA Road Safety Unit,,1c7ba6a9-acef-418c-83d4-ca7190f6846d,2011-06-03,00:30:00,EDSA (SB) before Magallanes Loading Bay Makati,0,0,0,0,0,0,0,0,0,0,2011-06-03 8:30,Property,14.56002889,121.040751,Side Swipe
None,EDSA,None,None,"Unknown, Side Swipe, 0.0 drivers_injured, 0.0 drivers_killed, 0.0 passengers_injured, 0.0 passengers_killed, 0.0 pedestrian_injured, 0.0 pedestrian_killed, Fair (Night), EDSA (SB) Evangelista St., Bgy. Bangkal Makati",MMDA Road Safety Unit,,db19538f-7e9e-4c62-8166-1781cb835b02,2011-06-02,14:30:00,"EDSA (SB) Evangelista St., Bgy. Bangkal Makati",0,0,0,0,0,0,0,0,0,0,2011-06-02 22:30,Property,14.53903137,121.0123272,Side Swipe
None,EDSA,None,None,"Unknown, Self-Accident, 0.0 drivers_injured, 1.0 drivers_killed, 0.0 passengers_injured, 0.0 passengers_killed, 0.0 pedestrian_injured, 0.0 pedestrian_killed, Fair (Day), EDSA (SB) fronting Loyola Memorial Chapels Inc., Bgy. Guadalupe Viejo Makati",MMDA Road Safety Unit,,9498f816-66e4-4676-9762-8769bd8c66d5,2011-05-31,04:25:00,EDSA (SB) before Estrella St. Makati,1,0,0,0,0,0,0,0,1,0,2011-05-31 12:25,Fatal,14.56526983,121.0448719,Self-Accident
None,EDSA,None,None,"Unknown, Rear-end, 0.0 drivers_injured, 0.0 drivers_killed, 0.0 passengers_injured, 0.0 passengers_killed, 0.0 pedestrian_injured, 0.0 pedestrian_killed, Fair (Day), EDSA (SB) Estrella St. Makati",MMDA Road Safety Unit,,e8f5492c-bcfe-4a85-b372-c65adf7c66fa,2011-05-31,01:30:00,EDSA (SB) after Antonio S. Arnaiz Ave. (Pasay Road) Makati,0,0,0,0,0,0,0,0,0,0,2011-05-31 9:30,Property,14.56002889,121.040751,Rear-End
None,EDSA,None,None,"Unknown, Rear-end, 0.0 drivers_injured, 0.0 drivers_killed, 0.0 passengers_injured, 0.0 passengers_killed, 0.0 pedestrian_injured, 0.0 pedestrian_killed, Fair (Day), EDSA (SB) San Carlos Seminary Guadalupe Makati",MMDA Road Safety Unit,,15efee9c-3ea0-4c67-bf67-c12ea40cb939,2011-05-28,01:40:00,EDSA (SB) Magallanes Interchange  Makati,0,0,0,0,0,0,0,0,0,0,2011-05-28 9:40,Property,14.56316308,121.043841,Rear-End
None,EDSA,None,None,"Unknown, Rear-end, 0.0 drivers_injured, 0.0 drivers_killed, 0.0 passengers_injured, 0.0 passengers_killed, 0.0 pedestrian_injured, 0.0 pedestrian_killed, Fair (Night), EDSA (SB) Estrella St. Makati",MMDA Road Safety Unit,,db51150b-6e57-4efc-81f3-32b030e0b8a2,2011-05-24,14:50:00,EDSA (SB) Ayala Ave. Makati,0,0,0,0,0,0,0,0,0,0,2011-05-24 22:50,Property,14.56002889,121.040751,Rear-End
None,EDSA,None,None,"Unknown, Hit Object (No Object Stated), 1.0 drivers_injured, 0.0 drivers_killed, 0.0 passengers_injured, 0.0 passengers_killed, 0.0 pedestrian_injured, 0.0 pedestrian_killed, Fair (Night), EDSA (SB) after Estrella St. Makati",MMDA Road Safety Unit,,46533bd2-6d06-4199-96f0-83409eed7179,2011-05-23,19:30:00,EDSA (SB) Estrella Loading Bay  Makati,0,0,0,1,0,0,0,0,0,1,2011-05-24 3:30,Injury,14.56019425,121.0409398,Hit Object
None,EDSA,None,None,"Unknown, Hit Object (No Object Stated), 0.0 drivers_injured, 0.0 drivers_killed, 0.0 passengers_injured, 0.0 passengers_killed, 0.0 pedestrian_injured, 0.0 pedestrian_killed, Fair (Night), EDSA (SB) after Estrella St. Makati",MMDA Road Safety Unit,,6ee921c3-16da-4ed1-89d6-7ef04ab8d6e6,2011-05-23,19:30:00,EDSA (SB) Ayala Ave. Makati,0,0,0,0,0,0,0,0,0,0,2011-05-24 3:30,Property,14.56019425,121.0409398,Hit Object
None,EDSA,None,None,"Unknown, Side Swipe, 0.0 drivers_injured, 0.0 drivers_killed, 0.0 passengers_injured, 0.0 passengers_killed, 0.0 pedestrian_injured, 0.0 pedestrian_killed, Fair (Day), EDSA (SB) fronting Caltex Gas Station, before Evangelista St. Makati",MMDA Road Safety Unit,,f33d7c74-f02c-46bc-9043-b8263ee4405a,2011-05-21,01:30:00,EDSA (SB) Bernardino St. / Estrella St Loading Bay Makati,0,0,0,0,0,0,0,0,0,0,2011-05-21 9:30,Property,14.53886169,121.0122986,Side Swipe
None,EDSA,None,None,"Unknown, Angle Impact, 0.0 drivers_injured, 0.0 drivers_killed, 0.0 passengers_injured, 0.0 passengers_killed, 0.0 pedestrian_injured, 0.0 pedestrian_killed, Fair (Day), EDSA (SB) Sen. Gil J. Puyat Ave. (Buendia Ave. Ext.) Makati",MMDA Road Safety Unit,,9086d299-ca2b-4855-a147-c6daa4bcd93d,2011-05-18,01:20:00,EDSA (SB) after Estrella St. Makati,0,0,0,0,0,0,0,0,0,0,2011-05-18 9:20,Property,14.55496432,121.0348612,Angle Impact
None,EDSA,None,None,"Unknown, Side Swipe, 0.0 drivers_injured, 0.0 drivers_killed, 0.0 passengers_injured, 0.0 passengers_killed, 0.0 pedestrian_injured, 0.0 pedestrian_killed, Fair (Day), EDSA (SB) Evangelista St., Bgy. Bangkal Makati",MMDA Road Safety Unit,,1c0222a3-5cb2-4097-bd38-79d0e6277560,2011-05-14,02:30:00,EDSA (SB) Magallanes Loading Bay  Makati,0,0,0,0,0,0,0,0,0,0,2011-05-14 10:30,Property,14.53903137,121.0123272,Side Swipe
None,EDSA,None,None,"Unknown, Side Swipe, 0.0 drivers_injured, 0.0 drivers_killed, 0.0 passengers_injured, 0.0 passengers_killed, 0.0 pedestrian_injured, 0.0 pedestrian_killed, Fair (Day), EDSA (SB) before Magallanes Loading Bay Makati",MMDA Road Safety Unit,,4acb8010-86e9-4755-98b9-3d0e9d5e9043,2011-05-13,02:00:00,EDSA (SB) before Estrella St. Makati,0,0,0,0,0,0,0,0,0,0,2011-05-13 10:00,Property,14.54305474,121.0205369,Side Swipe
None,EDSA,None,None,"Unknown, Side Swipe, 0.0 drivers_injured, 0.0 drivers_killed, 0.0 passengers_injured, 0.0 passengers_killed, 0.0 pedestrian_injured, 0.0 pedestrian_killed, Fair (Night), EDSA (SB) Evangelista St., Bgy. Bangkal Makati",MMDA Road Safety Unit,,c4e72dbf-7135-486f-932a-d1b3c12b3e41,2011-05-12,12:00:00,EDSA (SB) Estrella St. Makati,0,0,0,0,0,0,0,0,0,0,2011-05-12 20:00,Property,14.53903137,121.0123272,Side Swipe
None,EDSA,None,None,"Unknown, Side Swipe, 0.0 drivers_injured, 0.0 drivers_killed, 0.0 passengers_injured, 0.0 passengers_killed, 0.0 pedestrian_injured, 0.0 pedestrian_killed, Fair (Night), EDSA (SB) before Estrella St. Makati",MMDA Road Safety Unit,,7672224f-3fd4-4448-b259-894ab63cf28d,2011-05-12,11:45:00,EDSA (SB) approaching Ayala Loading Bay Makati,0,0,0,0,0,0,0,0,0,0,2011-05-12 19:45,Property,14.55988482,121.0406786,Side Swipe
None,EDSA,None,None,"Unknown, Side Swipe, 0.0 drivers_injured, 0.0 drivers_killed, 0.0 passengers_injured, 0.0 passengers_killed, 0.0 pedestrian_injured, 0.0 pedestrian_killed, Fair (Night), EDSA (SB) after Antonio S. Arnaiz Ave. (Pasay Road) Makati",MMDA Road Safety Unit,,6bfe094d-aa9b-478f-8490-23075365cb9a,2011-05-11,14:00:00,EDSA (SB) Ayala Ave. Makati,0,0,0,0,0,0,0,0,0,0,2011-05-11 22:00,Property,14.54756205,121.0260898,Side Swipe