LOCATION_TEXT,ROAD,WEATHER,LIGHT,DESC,REPORTING_AGENCY,MAIN_CAUSE,INCIDENTDETAILS_ID,DATE_UTC,TIME_UTC,ADDRESS,killed_driver,killed_passenger,killed_pedestrian,injured_driver,injured_passenger,injured_pedestrian,killed_uncategorized,injured_uncategorized,killed_total,injured_total,DATETIME_PST,SEVERITY,Y,X,COLLISION_TYPE
None,EDSA,None,None,"Unknown, Rear-end, 0.0 drivers_injured, 0.0 drivers_killed, 0.0 passengers_injured, 0.0 passengers_killed, 0.0 pedestrian_injured, 0.0 pedestrian_killed, Fair (Night), EDSA (SB) Magallanes Interchange  Makati",MMDA Road Safety Unit,,46196ee4-7b46-4133-974c-4a4d9751c322,2011-05-10,14:00:00,EDSA (SB) Sen. Gil J. Puyat Ave. (Buendia Ave. Ext.) Makati,0,0,0,0,0,0,0,0,0,0,2011-05-10 22:00,Property,14.54028633,121.0167655,Rear-End
None,EDSA,None,None,"Unknown, Rear-end, 0.0 drivers_injured, 0.0 drivers_killed, 0.0 passengers_injured, 0.0 passengers_killed, 0.0 pedestrian_injured, 0.0 pedestrian_killed, Fair (Night), EDSA (SB) Ayala Ave. Makati",MMDA Road Safety Unit,,966112f7-c7b2-42bc-ba73-b053fe4a2d2f,2011-05-06,15:00:00,EDSA (SB) before Ayala Ave. Makati,0,0,0,0,0,0,0,0,0,0,2011-05-06 23:00,Property,14.55022912,121.0292348,Rear-End
None,EDSA,None,None,"Unknown, Side Swipe, 0.0 drivers_injured, 0.0 drivers_killed, 0.0 passengers_injured, 0.0 passengers_killed, 0.0 pedestrian_injured, 0.0 pedestrian_killed, Fair (Day), EDSA (SB) Estrella Loading Bay  Makati",MMDA Road Safety Unit,,b5b07215-e7a6-49de-bce6-8aa33251fa83,2011-05-05,22:45:00,EDSA (SB) Sen. Gil J. Puyat Ave. (Buendia Ave. Ext.) Makati,0,0,0,0,0,0,0,0,0,0,2011-05-06 6:45,Property,14.56059855,121.0413941,Side Swipe
None,EDSA,None,None,"Unknown, Side Swipe, 0.0 drivers_injured, 0.0 drivers_killed, 0.0 passengers_injured, 0.0 passengers_killed, 0.0 pedestrian_injured, 0.0 pedestrian_killed, Fair (Day), EDSA (SB) Ayala Ave. Makati",MMDA Road Safety Unit,,8a17e892-a818-4170-93c9-88b1a197bd77,2011-05-05,01:50:00,EDSA (SB) Ayala Ave. Makati,0,0,0,0,0,0,0,0,0,0,2011-05-05 9:50,Property,14.55022912,121.0292348,Side Swipe
None,EDSA,None,None,"Unknown, Rear-end, 0.0 drivers_injured, 0.0 drivers_killed, 0.0 passengers_injured, 0.0 passengers_killed, 0.0 pedestrian_injured, 0.0 pedestrian_killed, Fair (Day), EDSA (SB) Bernardino St. / Estrella St Loading Bay Makati",MMDA Road Safety Unit,,9e94c0b6-85f7-4a32-8551-747fda617544,2011-05-04,22:45:00,"EDSA (SB) after Pedestrian Overpass, Estrella Makati",0,0,0,0,0,0,0,0,0,0,2011-05-05 6:45,Property,14.5656985,121.0450952,Rear-End
None,EDSA,None,None,"Unknown, Rear-end, 0.0 drivers_injured, 0.0 drivers_killed, 0.0 passengers_injured, 0.0 passengers_killed, 0.0 pedestrian_injured, 0.0 pedestrian_killed, Fair (Day), EDSA (SB) after Estrella St. Makati",MMDA Road Safety Unit,,9a5892ab-9db0-4e99-94e1-c837df2946b2,2011-05-04,02:00:00,EDSA (SB) Guadalupe MRT Station Makati,0,0,0,0,0,0,0,0,0,0,2011-05-04 10:00,Property,14.56019425,121.0409398,Rear-End
None,EDSA,None,None,"Unknown, Rear-end, 0.0 drivers_injured, 0.0 drivers_killed, 0.0 passengers_injured, 0.0 passengers_killed, 0.0 pedestrian_injured, 0.0 pedestrian_killed, Fair (Day), EDSA (SB) Magallanes Loading Bay  Makati",MMDA Road Safety Unit,,8860cf5e-4f34-4f9c-a7d1-f70c9f1737e0,2011-05-03,01:05:00,EDSA (SB) Gaudalupe MRT Station Makati,0,0,0,0,0,0,0,0,0,0,2011-05-03 9:05,Property,14.54282655,121.0202714,Rear-End
None,EDSA,None,None,"Unknown, Rear-end, 0.0 drivers_injured, 0.0 drivers_killed, 0.0 passengers_injured, 0.0 passengers_killed, 0.0 pedestrian_injured, 0.0 pedestrian_killed, Fair (Day), EDSA (SB) before Estrella St. Makati",MMDA Road Safety Unit,,5559a915-11a9-4a72-a203-8e84516f568f,2011-05-02,23:30:00,EDSA (SB) fronting San Carlos Seminary Makati,0,0,0,0,0,0,0,0,0,0,2011-05-03 7:30,Property,14.55988482,121.0406786,Rear-End
None,EDSA,None,None,"Unknown, Side Swipe, 0.0 drivers_injured, 0.0 drivers_killed, 0.0 passengers_injured, 0.0 passengers_killed, 0.0 pedestrian_injured, 0.0 pedestrian_killed, Fair (Day), EDSA (SB) Estrella St. Makati",MMDA Road Safety Unit,,4b7ad7eb-eef8-4640-b471-c7673899f062,2011-05-02,22:30:00,"EDSA (SB) fronting Loyola Memorial Chapels Inc., Bgy. Guadalupe Viejo Makati",0,0,0,0,0,0,0,0,0,0,2011-05-03 6:30,Property,14.56002889,121.040751,Side Swipe
None,EDSA,None,None,"Unknown, Rear-end, 0.0 drivers_injured, 0.0 drivers_killed, 0.0 passengers_injured, 0.0 passengers_killed, 0.0 pedestrian_injured, 0.0 pedestrian_killed, Fair (Night), EDSA (SB) approaching Ayala Loading Bay Makati",MMDA Road Safety Unit,,b414aef3-27e4-478b-ac77-8d9a25354314,2011-04-30,13:50:00,EDSA (SB) after Antonio S. Arnaiz Ave. (Pasay Road) Makati,0,0,0,0,0,0,0,0,0,0,2011-04-30 21:50,Property,14.55028537,121.0293488,Rear-End
None,EDSA,None,None,"Unknown, Rear-end, 0.0 drivers_injured, 0.0 drivers_killed, 0.0 passengers_injured, 0.0 passengers_killed, 0.0 pedestrian_injured, 0.0 pedestrian_killed, Fair (Night), EDSA (SB) Ayala Ave. Makati",MMDA Road Safety Unit,,d437a216-e0b3-4de1-9c43-7e4ba28b7294,2011-04-30,13:30:00,EDSA (SB) Across Ayala Loading Bay Makati,0,0,0,0,0,0,0,0,0,0,2011-04-30 21:30,Property,14.55022912,121.0292348,Rear-End
None,EDSA,None,None,"Unknown, Side Swipe, 0.0 drivers_injured, 0.0 drivers_killed, 0.0 passengers_injured, 0.0 passengers_killed, 0.0 pedestrian_injured, 0.0 pedestrian_killed, Fair (Night), EDSA (SB) Sen. Gil J. Puyat Ave. (Buendia Ave. Ext.) Makati",MMDA Road Safety Unit,,2774304e-3714-42cc-a14f-9adb179194af,2011-04-29,11:40:00,EDSA (SB) Ayala Ave. Makati,0,0,0,0,0,0,0,0,0,0,2011-04-29 19:40,Property,14.55496432,121.0348612,Side Swipe
None,EDSA,None,None,"Unknown, Rear-end, 1.0 drivers_injured, 0.0 drivers_killed, 0.0 passengers_injured, 0.0 passengers_killed, 0.0 pedestrian_injured, 0.0 pedestrian_killed, Fair (Day), EDSA (SB) before Ayala Ave. Makati",MMDA Road Safety Unit,,4eda05e9-085b-4b8b-88fe-6ce5537344eb,2011-04-23,04:30:00,EDSA (SB) Buendia MRT Station Makati,0,0,0,1,0,0,0,0,0,1,2011-04-23 12:30,Injury,14.55063226,121.0295437,Rear-End
None,EDSA,None,None,"Unknown, Angle Impact, 0.0 drivers_injured, 0.0 drivers_killed, 0.0 passengers_injured, 0.0 passengers_killed, 0.0 pedestrian_injured, 0.0 pedestrian_killed, Fair (Day), EDSA (SB) Sen. Gil J. Puyat Ave. (Buendia Ave. Ext.) Makati",MMDA Road Safety Unit,,fd9d4ebc-a9cb-4a43-bf7f-8f011f476b5c,2011-04-22,07:20:00,EDSA (SB) Estrella St. Brgy. Bel Air Makati,0,0,0,0,0,0,0,0,0,0,2011-04-22 15:20,Property,14.55496432,121.0348612,Angle Impact
None,EDSA,None,None,"Unknown, Side Swipe, 0.0 drivers_injured, 0.0 drivers_killed, 0.0 passengers_injured, 0.0 passengers_killed, 0.0 pedestrian_injured, 0.0 pedestrian_killed, Fair (Night), EDSA (SB) Ayala Ave. Makati",MMDA Road Safety Unit,,930afa4c-1770-4b82-8f4f-cae6c79d03ab,2011-04-19,15:30:00,EDSA (SB) Ayala Loading Bay  Makati,0,0,0,0,0,0,0,0,0,0,2011-04-19 23:30,Property,14.55022912,121.0292348,Side Swipe
None,EDSA,None,None,"Unknown, Rear-end, 0.0 drivers_injured, 0.0 drivers_killed, 0.0 passengers_injured, 0.0 passengers_killed, 0.0 pedestrian_injured, 0.0 pedestrian_killed, Fair (Night), EDSA (SB) after Pedestrian Overpass, Estrella Makati",MMDA Road Safety Unit,,2ba26b10-3e94-4e3e-b3bb-19418000e8b8,2011-04-19,11:45:00,EDSA (SB) Clover Leaf Makati,0,0,0,0,0,0,0,0,0,0,2011-04-19 19:45,Property,14.5604113,121.0414473,Rear-End
None,EDSA,None,None,"Unknown, Other (Backing Collision), 0.0 drivers_injured, 0.0 drivers_killed, 0.0 passengers_injured, 0.0 passengers_killed, 0.0 pedestrian_injured, 0.0 pedestrian_killed, Fair (Night), EDSA (SB) Guadalupe MRT Station Makati",MMDA Road Safety Unit,,792369f1-d757-4737-89c6-cb7b89ccb032,2011-04-19,10:40:00,EDSA (SB) before Ayala Ave. Makati,0,0,0,0,0,0,0,0,0,0,2011-04-19 18:40,Property,14.5665734,121.0453551,Rear-End
None,EDSA,None,None,"Unknown, Side Swipe, 0.0 drivers_injured, 0.0 drivers_killed, 0.0 passengers_injured, 0.0 passengers_killed, 0.0 pedestrian_injured, 0.0 pedestrian_killed, Fair (Day), EDSA (SB) Gaudalupe MRT Station Makati",MMDA Road Safety Unit,,97cc3cf1-8052-4cc6-a535-65654070a74b,2011-04-19,09:20:00,EDSA (SB) after Mantrade Loading Bay  Makati,0,0,0,0,0,0,0,0,0,0,2011-04-19 17:20,Property,14.56667655,121.045396,Side Swipe
None,EDSA,None,None,"Unknown, Side Swipe, 0.0 drivers_injured, 0.0 drivers_killed, 0.0 passengers_injured, 0.0 passengers_killed, 0.0 pedestrian_injured, 0.0 pedestrian_killed, Fair (Night), EDSA (SB) fronting San Carlos Seminary Makati",MMDA Road Safety Unit,,9c69925f-565d-4b61-9d67-13d05efbf1c8,2011-04-18,20:45:00,"EDSA (SB) Evangelista St., Bgy. Bangkal Makati",0,0,0,0,0,0,0,0,0,0,2011-04-19 4:45,Property,14.56336498,121.0439669,Side Swipe
None,EDSA,None,None,"Unknown, Side Swipe, 0.0 drivers_injured, 0.0 drivers_killed, 0.0 passengers_injured, 0.0 passengers_killed, 0.0 pedestrian_injured, 0.0 pedestrian_killed, Fair (Night), EDSA (SB) fronting Loyola Memorial Chapels Inc., Bgy. Guadalupe Viejo Makati",MMDA Road Safety Unit,,e28ccab9-2148-49b3-84ef-f78b95029dc6,2011-04-15,17:30:00,EDSA (SB) magallanes Interchange / Service Road  Makati,0,0,0,0,0,0,0,0,0,0,2011-04-16 1:30,Property,14.56526983,121.0448719,Side Swipe
None,EDSA,None,None,"Unknown, Side Swipe, 0.0 drivers_injured, 0.0 drivers_killed, 0.0 passengers_injured, 0.0 passengers_killed, 0.0 pedestrian_injured, 0.0 pedestrian_killed, Fair (Night), EDSA (SB) after Antonio S. Arnaiz Ave. (Pasay Road) Makati",MMDA Road Safety Unit,,6af25658-f0ba-4262-8d99-354a77e75908,2011-04-11,13:15:00,EDSA (SB) Mantrade Loading Bay Makati,0,0,0,0,0,0,0,0,0,0,2011-04-11 21:15,Property,14.54756205,121.0260898,Side Swipe
None,EDSA,None,None,"Unknown, Side Swipe, 0.0 drivers_injured, 0.0 drivers_killed, 0.0 passengers_injured, 0.0 passengers_killed, 0.0 pedestrian_injured, 0.0 pedestrian_killed, Fair (Night), EDSA (SB) Across Ayala Loading Bay Makati",MMDA Road Safety Unit,,e29d1552-b61d-47a1-a1a8-9d4db80bf750,2011-04-11,13:05:00,EDSA (SB) Mantrade Loading Bay Makati,0,0,0,0,0,0,0,0,0,0,2011-04-11 21:05,Property,14.5400532,121.0154937,Side Swipe
None,EDSA,None,None,"Unknown, Side Swipe, 0.0 drivers_injured, 0.0 drivers_killed, 0.0 passengers_injured, 0.0 passengers_killed, 0.0 pedestrian_injured, 0.0 pedestrian_killed, Fair (Night), EDSA (SB) Ayala Ave. Makati",MMDA Road Safety Unit,,75ba1b52-a7d9-48b4-8c93-2c08e80d0a1c,2011-04-11,12:10:00,EDSA (SB) before Sen. Gil J. Puyat Ave. (Buendia Ave. Ext.) Makati,0,0,0,0,0,0,0,0,0,0,2011-04-11 20:10,Property,14.55022912,121.0292348,Side Swipe
None,EDSA,None,None,"Unknown, Side Swipe, 0.0 drivers_injured, 0.0 drivers_killed, 0.0 passengers_injured, 0.0 passengers_killed, 0.0 pedestrian_injured, 0.0 pedestrian_killed, Fair (Night), EDSA (SB) Buendia MRT Station Makati",MMDA Road Safety Unit,,801a13b8-2b14-4637-8a4e-73c0829eac2e,2011-04-11,10:05:00,EDSA (SB) before Sen. Gil J. Puyat Ave. (Buendia Ave. Ext.) Makati,0,0,0,0,0,0,0,0,0,0,2011-04-11 18:05,Property,14.55421358,121.03387,Side Swipe
None,EDSA,None,None,"Unknown, Side Swipe, 0.0 drivers_injured, 0.0 drivers_killed, 0.0 passengers_injured, 0.0 passengers_killed, 0.0 pedestrian_injured, 0.0 pedestrian_killed, Fair (Day), EDSA (SB) Estrella St. Brgy. Bel Air Makati",MMDA Road Safety Unit,,aa603136-f2cb-4627-9800-1b7f1f8f56b9,2011-04-07,07:00:00,EDSA (SB) after MRT-Buendia Station Makati,0,0,0,0,0,0,0,0,0,0,2011-04-07 15:00,Property,14.56002889,121.040751,Side Swipe
None,EDSA,None,None,"Unknown, Side Swipe, 0.0 drivers_injured, 0.0 drivers_killed, 0.0 passengers_injured, 0.0 passengers_killed, 0.0 pedestrian_injured, 0.0 pedestrian_killed, Fair (Night), EDSA (SB) Ayala Loading Bay  Makati",MMDA Road Safety Unit,,e6371fa9-4306-4cef-b021-6dc0d8fbcc9f,2011-04-06,11:30:00,EDSA (SB) Approaching Magallanes MRT Station Makati,0,0,0,0,0,0,0,0,0,0,2011-04-06 19:30,Property,14.54886,121.0276063,Side Swipe
None,EDSA,None,None,"Unknown, Rear-end, 0.0 drivers_injured, 0.0 drivers_killed, 0.0 passengers_injured, 0.0 passengers_killed, 0.0 pedestrian_injured, 0.0 pedestrian_killed, Fair (Night), EDSA (SB) Clover Leaf Makati",MMDA Road Safety Unit,,7848115d-fadc-4fdd-9186-6fddc742f713,2011-04-05,11:30:00,EDSA (SB) after Estrella St. Makati,0,0,0,0,0,0,0,0,0,0,2011-04-05 19:30,Property,14.56752962,121.0456192,Rear-End
None,EDSA,None,None,"Unknown, Rear-end, 0.0 drivers_injured, 0.0 drivers_killed, 0.0 passengers_injured, 0.0 passengers_killed, 0.0 pedestrian_injured, 0.0 pedestrian_killed, Fair (Day), EDSA (SB) before Ayala Ave. Makati",MMDA Road Safety Unit,,0d9d4750-50bb-4a95-baed-ff6770bad329,2011-03-31,23:00:00,EDSA (SB) Guadalupe Loading Bay  Makati,0,0,0,0,0,0,0,0,0,0,2011-04-01 7:00,Property,14.55063226,121.0295437,Rear-End
None,EDSA,None,None,"Unknown, Rear-end, 0.0 drivers_injured, 0.0 drivers_killed, 0.0 passengers_injured, 0.0 passengers_killed, 0.0 pedestrian_injured, 0.0 pedestrian_killed, Fair (Night), EDSA (SB) after Mantrade Loading Bay  Makati",MMDA Road Safety Unit,,466bac1d-6310-4dcd-82b2-4ab6cab40e9a,2011-03-27,21:05:00,EDSA (SB) before Magallanes Interchange Makati,0,0,0,0,0,0,0,0,0,0,2011-03-28 5:05,Property,14.54308268,121.0205091,Rear-End
None,EDSA,None,None,"Unknown, Rear-end, 0.0 drivers_injured, 0.0 drivers_killed, 0.0 passengers_injured, 0.0 passengers_killed, 0.0 pedestrian_injured, 0.0 pedestrian_killed, Fair (Day), EDSA (SB) Evangelista St., Bgy. Bangkal Makati",MMDA Road Safety Unit,,7ac409fe-02ec-4ba1-8531-58ad76533b00,2011-03-26,05:05:00,EDSA (SB) Loading Bay / Ayala Ave. Makati,0,0,0,0,0,0,0,0,0,0,2011-03-26 13:05,Property,14.53903137,121.0123272,Rear-End
None,EDSA,None,None,"Unknown, Rear-end, 0.0 drivers_injured, 0.0 drivers_killed, 0.0 passengers_injured, 0.0 passengers_killed, 0.0 pedestrian_injured, 0.0 pedestrian_killed, Fair (Night), EDSA (SB) magallanes Interchange / Service Road  Makati",MMDA Road Safety Unit,,fc9aac53-57c2-4fe2-a56e-f0c804453cb5,2011-03-25,18:20:00,"EDSA (SB) Evangelista St., Bgy. Bangkal Makati",0,0,0,0,0,0,0,0,0,0,2011-03-26 2:20,Property,14.54028633,121.0167655,Rear-End
None,EDSA,None,None,"Unknown, Side Swipe, 0.0 drivers_injured, 0.0 drivers_killed, 0.0 passengers_injured, 0.0 passengers_killed, 0.0 pedestrian_injured, 0.0 pedestrian_killed, Fair (Night), EDSA (SB) Mantrade Loading Bay Makati",MMDA Road Safety Unit,,14219b2f-5830-4de4-9f0c-a91bcdffa604,2011-03-23,21:50:00,"EDSA (SB) Evangelista St., Bgy. Bangkal Makati",0,0,0,0,0,0,0,0,0,0,2011-03-24 5:50,Property,14.54276678,121.0202719,Side Swipe
None,EDSA,None,None,"Unknown, Side Swipe, 0.0 drivers_injured, 0.0 drivers_killed, 0.0 passengers_injured, 0.0 passengers_killed, 0.0 pedestrian_injured, 0.0 pedestrian_killed, Fair (Night), EDSA (SB) Mantrade Loading Bay Makati",MMDA Road Safety Unit,,766b2a9b-0493-4823-b327-114cd9f563bc,2011-03-23,14:30:00,EDSA (SB) before Evangelista St. Makati,0,0,0,0,0,0,0,0,0,0,2011-03-23 22:30,Property,14.54276678,121.0202719,Side Swipe
None,EDSA,None,None,"Unknown, Side Swipe, 0.0 drivers_injured, 0.0 drivers_killed, 0.0 passengers_injured, 0.0 passengers_killed, 0.0 pedestrian_injured, 0.0 pedestrian_killed, Fair (Day), EDSA (SB) before Sen. Gil J. Puyat Ave. (Buendia Ave. Ext.) Makati",MMDA Road Safety Unit,,496f1421-fc3e-49f3-958b-0b5d3b7991e9,2011-03-23,07:45:00,EDSA (SB) Guadalupe Loading Bay  Makati,0,0,0,0,0,0,0,0,0,0,2011-03-23 15:45,Property,14.55551148,121.035243,Side Swipe
None,EDSA,None,None,"Unknown, Rear-end, 0.0 drivers_injured, 0.0 drivers_killed, 0.0 passengers_injured, 0.0 passengers_killed, 0.0 pedestrian_injured, 0.0 pedestrian_killed, Fair (Day), EDSA (SB) before Sen. Gil J. Puyat Ave. (Buendia Ave. Ext.) Makati",MMDA Road Safety Unit,,bd66dd30-cfd9-4a46-9411-2a56fb213c40,2011-03-23,04:20:00,EDSA (SB) before Magallanes Loading Bay Makati,0,0,0,0,0,0,0,0,0,0,2011-03-23 12:20,Property,14.55551148,121.035243,Rear-End
None,EDSA,None,None,"Unknown, Rear-end, 0.0 drivers_injured, 0.0 drivers_killed, 0.0 passengers_injured, 0.0 passengers_killed, 0.0 pedestrian_injured, 0.0 pedestrian_killed, Fair (Day), EDSA (SB) after MRT-Buendia Station Makati",MMDA Road Safety Unit,,055c8678-1d0c-49aa-a86e-147535ff7c8e,2011-03-22,00:35:00,EDSA (SB) Approaching Evangelista St.  Makati,0,0,0,0,0,0,0,0,0,0,2011-03-22 8:35,Property,14.55415473,121.0338374,Rear-End
None,EDSA,None,None,"Unknown, Rear-end, 0.0 drivers_injured, 0.0 drivers_killed, 0.0 passengers_injured, 0.0 passengers_killed, 0.0 pedestrian_injured, 0.0 pedestrian_killed, Fair (Day), EDSA (SB) Approaching Magallanes MRT Station Makati",MMDA Road Safety Unit,,96fe6be7-c20f-4ab2-896f-0ccaae3696e9,2011-03-21,08:00:00,"EDSA (SB) fronting Loyola Memorial Chapels Inc., Bgy. Guadalupe Viejo Makati",0,0,0,0,0,0,0,0,0,0,2011-03-21 16:00,Property,14.54181322,121.0191319,Rear-End
None,EDSA,None,None,"Unknown, Side Swipe, 0.0 drivers_injured, 0.0 drivers_killed, 0.0 passengers_injured, 0.0 passengers_killed, 0.0 pedestrian_injured, 0.0 pedestrian_killed, Fair (Day), EDSA (SB) after Estrella St. Makati",MMDA Road Safety Unit,,9aeb86e4-74e4-4fa7-909b-c79cff77d6c6,2011-03-18,00:20:00,EDSA (SB) Estrella St. Makati,0,0,0,0,0,0,0,0,0,0,2011-03-18 8:20,Property,14.56019425,121.0409398,Side Swipe
None,EDSA,None,None,"Unknown, Other (Hit Veh., Side Swipe + Hit Obj.), 0.0 drivers_injured, 0.0 drivers_killed, 0.0 passengers_injured, 0.0 passengers_killed, 0.0 pedestrian_injured, 0.0 pedestrian_killed, Fair (Night), EDSA (SB) Guadalupe Loading Bay  Makati",MMDA Road Safety Unit,,3a1d31f5-d1e2-4d4d-aa8b-8d7c6bf88570,2011-03-17,17:00:00,EDSA (SB) Estrella St. Makati,0,0,0,0,0,0,0,0,0,0,2011-03-18 1:00,Property,14.56473213,121.0447625,Side Swipe
None,EDSA,None,None,"Unknown, Rear-end, 0.0 drivers_injured, 0.0 drivers_killed, 0.0 passengers_injured, 0.0 passengers_killed, 0.0 pedestrian_injured, 0.0 pedestrian_killed, Fair (Day), EDSA (SB) before Magallanes Interchange Makati",MMDA Road Safety Unit,,ac4b9eb7-4818-47ba-9257-ee8948c7ae6f,2011-03-17,09:50:00,EDSA (SB) before MRT-Guadalupe Station Makati,0,0,0,0,0,0,0,0,0,0,2011-03-17 17:50,Property,14.54241081,121.0197643,Rear-End
None,EDSA,None,None,"Unknown, Side Swipe, 0.0 drivers_injured, 0.0 drivers_killed, 0.0 passengers_injured, 0.0 passengers_killed, 0.0 pedestrian_injured, 0.0 pedestrian_killed, Fair (Night), EDSA (SB) Loading Bay / Ayala Ave. Makati",MMDA Road Safety Unit,,f341789f-d134-40d0-80f6-8910f9f9e19f,2011-03-15,12:30:00,EDSA (SB) Buendia Loading Bay Makati,0,0,0,0,0,0,0,0,0,0,2011-03-15 20:30,Property,14.54913072,121.0278126,Side Swipe
None,EDSA,None,None,"Unknown, Side Swipe, 0.0 drivers_injured, 0.0 drivers_killed, 0.0 passengers_injured, 0.0 passengers_killed, 0.0 pedestrian_injured, 0.0 pedestrian_killed, Fair (Day), EDSA (SB) Evangelista St., Bgy. Bangkal Makati",MMDA Road Safety Unit,,6265499d-ccd6-47b3-b555-73e572dac01f,2011-03-12,09:30:00,"EDSA (SB) Loyola Memorial Chapel, Guadalupe Makati",0,0,0,0,0,0,0,0,0,0,2011-03-12 17:30,Property,14.53903137,121.0123272,Side Swipe
None,EDSA,None,None,"Unknown, Side Swipe, 0.0 drivers_injured, 0.0 drivers_killed, 0.0 passengers_injured, 0.0 passengers_killed, 0.0 pedestrian_injured, 0.0 pedestrian_killed, Fair (Day), EDSA (SB) Evangelista St., Bgy. Bangkal Makati",MMDA Road Safety Unit,,96f2a577-4fea-4877-b328-1df065270e48,2011-03-12,07:50:00,EDSA (SB) Mantrade Loading Bay  Makati,0,0,0,0,0,0,0,0,0,0,2011-03-12 15:50,Property,14.53903137,121.0123272,Side Swipe
None,EDSA,None,None,"Unknown, Side Swipe, 0.0 drivers_injured, 0.0 drivers_killed, 0.0 passengers_injured, 0.0 passengers_killed, 0.0 pedestrian_injured, 0.0 pedestrian_killed, Fair (Day), EDSA (SB) before Evangelista St. Makati",MMDA Road Safety Unit,,7d73b37a-c290-4b50-8dbf-da169fe613d9,2011-03-09,09:30:00,EDSA (SB) Approaching Buendia  U turn slot Makati,0,0,0,0,0,0,0,0,0,0,2011-03-09 17:30,Property,14.53904703,121.0123031,Side Swipe
None,EDSA,None,None,"Unknown, Side Swipe, 0.0 drivers_injured, 0.0 drivers_killed, 0.0 passengers_injured, 0.0 passengers_killed, 0.0 pedestrian_injured, 0.0 pedestrian_killed, Fair (Day), EDSA (SB) Guadalupe Loading Bay  Makati",MMDA Road Safety Unit,,fd3f1557-2e3e-42cf-a9ce-439b46a03a7f,2011-03-09,00:20:00,EDSA (SB) fronting San Carlos Seminary Makati,0,0,0,0,0,0,0,0,0,0,2011-03-09 8:20,Property,14.56473213,121.0447625,Side Swipe
None,EDSA,None,None,"Unknown, Rear-end, 0.0 drivers_injured, 0.0 drivers_killed, 0.0 passengers_injured, 0.0 passengers_killed, 0.0 pedestrian_injured, 0.0 pedestrian_killed, Fair (Night), EDSA (SB) before Magallanes Loading Bay Makati",MMDA Road Safety Unit,,a2f63e65-2b05-4ae1-87de-71f240ce0806,2011-03-08,11:30:00,EDSA (SB) Estrella St. Makati,0,0,0,0,0,0,0,0,0,0,2011-03-08 19:30,Property,14.54305474,121.0205369,Rear-End
None,EDSA,None,None,"Unknown, Side Swipe, 0.0 drivers_injured, 0.0 drivers_killed, 0.0 passengers_injured, 0.0 passengers_killed, 0.0 pedestrian_injured, 0.0 pedestrian_killed, Fair (Day), EDSA (SB) Approaching Evangelista St.  Makati",MMDA Road Safety Unit,,f6b0b5db-f125-4102-a4ab-28531cb94d6f,2011-03-07,22:30:00,EDSA (SB) in-between Sen. Gil J. Puyat Ave. (Buendia Ave. Ext.) and Ayala Ave. Makati,0,0,0,0,0,0,0,0,0,0,2011-03-08 6:30,Property,14.53906313,121.0122941,Side Swipe
None,EDSA,None,None,"Unknown, Rear-end, 0.0 drivers_injured, 0.0 drivers_killed, 0.0 passengers_injured, 0.0 passengers_killed, 0.0 pedestrian_injured, 0.0 pedestrian_killed, Fair (Day), EDSA (SB) fronting Loyola Memorial Chapels Inc., Bgy. Guadalupe Viejo Makati",MMDA Road Safety Unit,,2f8c41c7-7c75-4a34-9912-6137669e159e,2011-03-04,00:15:00,EDSA (SB) Sen. Gil J. Puyat Ave. (Buendia Ave. Ext.) Makati,0,0,0,0,0,0,0,0,0,0,2011-03-04 8:15,Property,14.56526983,121.0448719,Rear-End
None,EDSA,None,None,"Unknown, Side Swipe, 0.0 drivers_injured, 0.0 drivers_killed, 0.0 passengers_injured, 0.0 passengers_killed, 0.0 pedestrian_injured, 0.0 pedestrian_killed, Fair (Night), EDSA (SB) Estrella St. Makati",MMDA Road Safety Unit,,f5f23dd5-58b2-4026-bd0b-5d7fd030e1ce,2011-03-01,13:05:00,EDSA (SB) Estrella St. Makati,0,0,0,0,0,0,0,0,0,0,2011-03-01 21:05,Property,14.56002889,121.040751,Side Swipe
None,EDSA,None,None,"Unknown, Side Swipe, 0.0 drivers_injured, 0.0 drivers_killed, 1.0 passengers_injured, 0.0 passengers_killed, 0.0 pedestrian_injured, 0.0 pedestrian_killed, Fair (Night), EDSA (SB) Estrella St. Makati",MMDA Road Safety Unit,,424654e9-7b19-4f2e-9c33-48bfb904ebef,2011-03-01,13:05:00,EDSA (SB) after Sen. Gil J. Puyat Ave. (Buendia Ave. Ext.) Makati,0,0,0,0,1,0,0,0,0,1,2011-03-01 21:05,Injury,14.56002889,121.040751,Side Swipe
None,EDSA,None,None,"Unknown, Rear-end, 0.0 drivers_injured, 0.0 drivers_killed, 0.0 passengers_injured, 0.0 passengers_killed, 0.0 pedestrian_injured, 0.0 pedestrian_killed, Fair (Night), EDSA (SB) before MRT-Guadalupe Station Makati",MMDA Road Safety Unit,,c4a57253-093e-4e9a-b848-570df0133da8,2011-03-01,13:00:00,EDSA (SB) Sen. Gil J. Puyat Ave. (Buendia Ave. Ext.) Makati,0,0,0,0,0,0,0,0,0,0,2011-03-01 21:00,Property,14.56748696,121.0455214,Rear-End
None,EDSA,None,None,"Unknown, Rear-end, 0.0 drivers_injured, 0.0 drivers_killed, 0.0 passengers_injured, 0.0 passengers_killed, 0.0 pedestrian_injured, 0.0 pedestrian_killed, Fair (Day), EDSA (SB) Buendia Loading Bay Makati",MMDA Road Safety Unit,,1a1642b2-4f19-4131-ba88-19745b9af6a9,2011-03-01,00:30:00,EDSA (SB) Ayala Loading Bay  Makati,0,0,0,0,0,0,0,0,0,0,2011-03-01 8:30,Property,14.55400112,121.0336264,Rear-End
None,EDSA,None,None,"Unknown, Hit Object (Traffic Cone), 0.0 drivers_injured, 0.0 drivers_killed, 0.0 passengers_injured, 0.0 passengers_killed, 0.0 pedestrian_injured, 0.0 pedestrian_killed, Fair (Day), EDSA (SB) Loyola Memorial Chapel, Guadalupe Makati",MMDA Road Safety Unit,,8eb6368d-3f0d-4463-b5d6-fe55fb9ae043,2011-02-25,23:30:00,EDSA (SB) Estrella St. Makati,0,0,0,0,0,0,0,0,0,0,2011-02-26 7:30,Property,14.5653264,121.0449169,Hit Object