LOCATION_TEXT,ROAD,WEATHER,LIGHT,DESC,REPORTING_AGENCY,MAIN_CAUSE,INCIDENTDETAILS_ID,DATE_UTC,TIME_UTC,ADDRESS,killed_driver,killed_passenger,killed_pedestrian,injured_driver,injured_passenger,injured_pedestrian,killed_uncategorized,injured_uncategorized,killed_total,injured_total,DATETIME_PST,SEVERITY,Y,X,COLLISION_TYPE
None,EDSA,None,None,"Unknown, Side Swipe, 0.0 drivers_injured, 0.0 drivers_killed, 0.0 passengers_injured, 0.0 passengers_killed, 0.0 pedestrian_injured, 0.0 pedestrian_killed, Fair (Day), EDSA (SB) Mantrade Loading Bay  Makati",MMDA Road Safety Unit,,fda08bf0-e320-4bf8-99d3-3abcc8c1e299,2011-02-25,22:40:00,EDSA (SB) Loading Bay Magallanes Makati,0,0,0,0,0,0,0,0,0,0,2011-02-26 6:40,Property,14.54276678,121.0202719,Side Swipe
None,EDSA,None,None,"Unknown, Rear-end, 0.0 drivers_injured, 0.0 drivers_killed, 0.0 passengers_injured, 0.0 passengers_killed, 0.0 pedestrian_injured, 0.0 pedestrian_killed, Fair (Day), EDSA (SB) Approaching Buendia  U turn slot Makati",MMDA Road Safety Unit,,63911be6-f4d4-4a10-a125-b1fafa548baa,2011-02-24,09:30:00,EDSA (SB) approaching Loading of Mantrade Makati,0,0,0,0,0,0,0,0,0,0,2011-02-24 17:30,Property,14.55537485,121.0354873,Rear-End
None,EDSA,None,None,"Unknown, Rear-end, 0.0 drivers_injured, 0.0 drivers_killed, 0.0 passengers_injured, 0.0 passengers_killed, 0.0 pedestrian_injured, 0.0 pedestrian_killed, Fair (Day), EDSA (SB) fronting San Carlos Seminary Makati",MMDA Road Safety Unit,,dbb6c0d1-2c74-4cb1-827f-d00c3e050462,2011-02-24,00:20:00,EDSA (SB) before Ayala Ave. Makati,0,0,0,0,0,0,0,0,0,0,2011-02-24 8:20,Property,14.56336498,121.0439669,Rear-End
None,EDSA,None,None,"Unknown, Side Swipe, 0.0 drivers_injured, 0.0 drivers_killed, 0.0 passengers_injured, 0.0 passengers_killed, 0.0 pedestrian_injured, 0.0 pedestrian_killed, Fair (Day), EDSA (SB) Estrella St. Makati",MMDA Road Safety Unit,,a89dd0a6-6848-47e1-8a9a-3be88df5d19a,2011-02-23,23:40:00,EDSA (SB) Approaching Guadalupe Pedestrian Overpass Makati,0,0,0,0,0,0,0,0,0,0,2011-02-24 7:40,Property,14.56002889,121.040751,Side Swipe
None,EDSA,None,None,"Unknown, Side Swipe, 1.0 drivers_injured, 0.0 drivers_killed, 1.0 passengers_injured, 0.0 passengers_killed, 0.0 pedestrian_injured, 0.0 pedestrian_killed, Fair (Day), EDSA (SB) in-between Sen. Gil J. Puyat Ave. (Buendia Ave. Ext.) and Ayala Ave. Makati",MMDA Road Safety Unit,,9b60d71b-b794-40f7-939e-ec7ba57c5c35,2011-02-22,00:20:00,EDSA (SB) Ayala Loading Bay  Makati,0,0,0,1,1,0,0,0,0,2,2011-02-22 8:20,Injury,14.5537507,121.0334175,Side Swipe
None,EDSA,None,None,"Unknown, Side Swipe, 0.0 drivers_injured, 0.0 drivers_killed, 0.0 passengers_injured, 0.0 passengers_killed, 0.0 pedestrian_injured, 0.0 pedestrian_killed, Fair (Day), EDSA (SB) Sen. Gil J. Puyat Ave. (Buendia Ave. Ext.) Makati",MMDA Road Safety Unit,,71917124-f24a-4ade-a193-59df7f8845e0,2011-02-21,00:15:00,EDSA (SB) Buendia Loading Bay Makati,0,0,0,0,0,0,0,0,0,0,2011-02-21 8:15,Property,14.55496432,121.0348612,Side Swipe
None,EDSA,None,None,"Unknown, Side Swipe, 0.0 drivers_injured, 0.0 drivers_killed, 0.0 passengers_injured, 0.0 passengers_killed, 0.0 pedestrian_injured, 0.0 pedestrian_killed, Fair (Night), EDSA (SB) Estrella St. Makati",MMDA Road Safety Unit,,950cc343-0421-4613-80ff-df741bc8d9fb,2011-02-18,13:20:00,EDSA (SB) near Estrella St. Makati,0,0,0,0,0,0,0,0,0,0,2011-02-18 21:20,Property,14.56002889,121.040751,Side Swipe
None,EDSA,None,None,"Unknown, Rear-end, 0.0 drivers_injured, 0.0 drivers_killed, 0.0 passengers_injured, 0.0 passengers_killed, 0.0 pedestrian_injured, 0.0 pedestrian_killed, Fair (Day), EDSA (SB) after Sen. Gil J. Puyat Ave. (Buendia Ave. Ext.) Makati",MMDA Road Safety Unit,,1ab2545d-081c-4bb0-a246-6f09a09d5b2f,2011-02-18,03:10:00,EDSA (SB) Ayala Ave. Makati,0,0,0,0,0,0,0,0,0,0,2011-02-18 11:10,Property,14.5547747,121.0350593,Rear-End
None,EDSA,None,None,"Unknown, Side Swipe, 0.0 drivers_injured, 0.0 drivers_killed, 0.0 passengers_injured, 0.0 passengers_killed, 0.0 pedestrian_injured, 0.0 pedestrian_killed, Fair (Day), EDSA (SB) Sen. Gil J. Puyat Ave. (Buendia Ave. Ext.) Makati",MMDA Road Safety Unit,,e7cf5dee-d55e-465a-824f-4a418913459f,2011-02-17,09:30:00,EDSA (SB) fronting Pet Plans Tower  Makati,0,0,0,0,0,0,0,0,0,0,2011-02-17 17:30,Property,14.55496432,121.0348612,Side Swipe
None,EDSA,None,None,"Unknown, Side Swipe, 0.0 drivers_injured, 0.0 drivers_killed, 0.0 passengers_injured, 0.0 passengers_killed, 0.0 pedestrian_injured, 0.0 pedestrian_killed, Fair (Day), EDSA (SB) Ayala Loading Bay  Makati",MMDA Road Safety Unit,,5ac28635-c690-439e-abbc-9dfaf7700ee7,2011-02-17,02:45:00,EDSA (SB) in-between San Carlos Seminary and Estrella St. Makati,0,0,0,0,0,0,0,0,0,0,2011-02-17 10:45,Property,14.54886,121.0276063,Side Swipe
None,EDSA,None,None,"Unknown, Rear-end, 0.0 drivers_injured, 0.0 drivers_killed, 0.0 passengers_injured, 0.0 passengers_killed, 0.0 pedestrian_injured, 0.0 pedestrian_killed, Fair (Day), EDSA (SB) Estrella St. Makati",MMDA Road Safety Unit,,790c45ae-4e13-441e-b1c0-7ec3e3cfdc24,2011-02-16,06:30:00,EDSA (SB) before Ayala Ave. Makati,0,0,0,0,0,0,0,0,0,0,2011-02-16 14:30,Property,14.56002889,121.040751,Rear-End
None,EDSA,None,None,"Unknown, Side Swipe, 0.0 drivers_injured, 0.0 drivers_killed, 0.0 passengers_injured, 0.0 passengers_killed, 0.0 pedestrian_injured, 0.0 pedestrian_killed, Fair (Day), EDSA (SB) Loading Bay Magallanes Makati",MMDA Road Safety Unit,,4fb4f860-f72b-4768-b78b-d7b4c0ff5d33,2011-02-12,23:45:00,EDSA (SB) Mantrade Loading Bay  Makati,0,0,0,0,0,0,0,0,0,0,2011-02-13 7:45,Property,14.54294476,121.0203846,Side Swipe
None,EDSA,None,None,"Unknown, Side Swipe, 0.0 drivers_injured, 0.0 drivers_killed, 0.0 passengers_injured, 0.0 passengers_killed, 0.0 pedestrian_injured, 0.0 pedestrian_killed, Fair (Night), EDSA (SB) approaching Loading of Mantrade Makati",MMDA Road Safety Unit,,8ccb2225-9a7d-4989-bd4b-0b3588e0434a,2011-02-11,15:30:00,EDSA (SB) Loading / Unloading Bay - Magallanes Makati,0,0,0,0,0,0,0,0,0,0,2011-02-11 23:30,Property,14.54304214,121.0205318,Side Swipe
None,EDSA,None,None,"Unknown, Side Swipe, 0.0 drivers_injured, 0.0 drivers_killed, 0.0 passengers_injured, 0.0 passengers_killed, 0.0 pedestrian_injured, 0.0 pedestrian_killed, Fair (Night), EDSA (SB) before Ayala Ave. Makati",MMDA Road Safety Unit,,867f69f3-0397-486b-a7f3-d049734a98af,2011-02-09,11:40:00,EDSA (SB) Guadalupe Loading Bay  Makati,0,0,0,0,0,0,0,0,0,0,2011-02-09 19:40,Property,14.55063226,121.0295437,Side Swipe
None,EDSA,None,None,"Unknown, Side Swipe, 0.0 drivers_injured, 0.0 drivers_killed, 0.0 passengers_injured, 0.0 passengers_killed, 0.0 pedestrian_injured, 0.0 pedestrian_killed, Fair (Day), EDSA (SB) Approaching Guadalupe Pedestrian Overpass Makati",MMDA Road Safety Unit,,12b9d259-8a12-4c75-913d-10602ba24e8d,2011-02-07,04:40:00,EDSA (SB) after Antonio S. Arnaiz Ave. (Pasay Road) Makati,0,0,0,0,0,0,0,0,0,0,2011-02-07 12:40,Property,14.56481693,121.0448956,Side Swipe
None,EDSA,None,None,"Unknown, Side Swipe, 0.0 drivers_injured, 0.0 drivers_killed, 0.0 passengers_injured, 0.0 passengers_killed, 0.0 pedestrian_injured, 0.0 pedestrian_killed, Fair (Night), EDSA (SB) Ayala Loading Bay  Makati",MMDA Road Safety Unit,,5d1ecad0-2353-49ad-a476-ffe34355d223,2011-02-04,14:15:00,EDSA (SB) near Guadalupe MRT Station Makati,0,0,0,0,0,0,0,0,0,0,2011-02-04 22:15,Property,14.54886,121.0276063,Side Swipe
None,EDSA,None,None,"Unknown, Rear-end, 0.0 drivers_injured, 0.0 drivers_killed, 0.0 passengers_injured, 0.0 passengers_killed, 0.0 pedestrian_injured, 0.0 pedestrian_killed, Fair (Day), EDSA (SB) Buendia Loading Bay Makati",MMDA Road Safety Unit,,7634c9bd-e1c4-4714-8d8f-749cec2143f2,2011-02-04,04:30:00,EDSA (SB) MRT Station Guadalupe Makati,0,0,0,0,0,0,0,0,0,0,2011-02-04 12:30,Property,14.55400112,121.0336264,Rear-End
None,EDSA,None,None,"Unknown, Side Swipe, 0.0 drivers_injured, 0.0 drivers_killed, 0.0 passengers_injured, 0.0 passengers_killed, 0.0 pedestrian_injured, 0.0 pedestrian_killed, Fair (Night), EDSA (SB) near Estrella St. Makati",MMDA Road Safety Unit,,c4b854f3-93c2-4ee4-9918-d225f04b8bfb,2011-02-01,21:30:00,EDSA (SB) Boni Area Makati,0,0,0,0,0,0,0,0,0,0,2011-02-02 5:30,Property,14.55948844,121.0401715,Side Swipe
None,EDSA,None,None,"Unknown, Side Swipe, 0.0 drivers_injured, 0.0 drivers_killed, 0.0 passengers_injured, 0.0 passengers_killed, 0.0 pedestrian_injured, 0.0 pedestrian_killed, Fair (Night), EDSA (SB) Ayala Ave. Makati",MMDA Road Safety Unit,,9727b907-a067-4392-87dc-dc95f2a37953,2011-02-01,10:15:00,"EDSA (SB) at ""U""turn slot / Buendia  Makati",0,0,0,0,0,0,0,0,0,0,2011-02-01 18:15,Property,14.55022912,121.0292348,Side Swipe
None,EDSA,None,None,"Unknown, Rear-end, 0.0 drivers_injured, 0.0 drivers_killed, 0.0 passengers_injured, 0.0 passengers_killed, 0.0 pedestrian_injured, 0.0 pedestrian_killed, Fair (Day), EDSA (SB) fronting Pet Plans Tower  Makati",MMDA Road Safety Unit,,96f7f0c3-5d5d-49f9-827b-74451a687a0b,2011-01-31,23:30:00,EDSA (SB) fronting Loyola Memorial Chapel Makati,0,0,0,0,0,0,0,0,0,0,2011-02-01 7:30,Property,14.56187579,121.0428741,Rear-End
None,EDSA,None,None,"Unknown, Rear-end, 0.0 drivers_injured, 0.0 drivers_killed, 0.0 passengers_injured, 0.0 passengers_killed, 0.0 pedestrian_injured, 0.0 pedestrian_killed, Fair (Day), EDSA (SB) in-between San Carlos Seminary and Estrella St. Makati",MMDA Road Safety Unit,,da7b8e8e-1e70-486c-99cf-e616527fa6a0,2011-01-25,00:30:00,EDSA (SB) bet. Buendia Ave. & Pasong Tamo Ext. Makati,0,0,0,0,0,0,0,0,0,0,2011-01-25 8:30,Property,14.5632296,121.0439325,Rear-End
None,EDSA,None,None,"Unknown, Rear-end, 0.0 drivers_injured, 0.0 drivers_killed, 0.0 passengers_injured, 0.0 passengers_killed, 0.0 pedestrian_injured, 0.0 pedestrian_killed, Fair (Day), EDSA (SB) before Ayala Ave. Makati",MMDA Road Safety Unit,,5c5a5299-41d0-413e-b764-136f9b26d620,2011-01-24,06:00:00,EDSA (SB) before Sen. Gil Puyat Ave. (Buendia ) Makati,0,0,0,0,0,0,0,0,0,0,2011-01-24 14:00,Property,14.55063226,121.0295437,Rear-End
None,EDSA,None,None,"Unknown, Rear-end, 0.0 drivers_injured, 0.0 drivers_killed, 0.0 passengers_injured, 0.0 passengers_killed, 0.0 pedestrian_injured, 0.0 pedestrian_killed, Fair (Night), EDSA (SB) Mantrade Loading Bay  Makati",MMDA Road Safety Unit,,cabae655-f38e-4319-bc26-ef46c3e0620f,2011-01-23,11:30:00,EDSA (SB) Buendia Loading Bay Makati,0,0,0,0,0,0,0,0,0,0,2011-01-23 19:30,Property,14.54276678,121.0202719,Rear-End
None,EDSA,None,None,"Unknown, Rear-end, 1.0 drivers_injured, 0.0 drivers_killed, 0.0 passengers_injured, 0.0 passengers_killed, 0.0 pedestrian_injured, 0.0 pedestrian_killed, Fair (Day), EDSA (SB) Loading / Unloading Bay - Magallanes Makati",MMDA Road Safety Unit,,e26714a6-8f20-4c17-a113-4dd3597d6751,2011-01-18,22:30:00,EDSA (SB) Guadalupe MRT Station Makati,0,0,0,1,0,0,0,0,0,1,2011-01-19 6:30,Injury,14.54300082,121.0203803,Rear-End
None,EDSA,None,None,"Unknown, Side Swipe, 0.0 drivers_injured, 0.0 drivers_killed, 0.0 passengers_injured, 0.0 passengers_killed, 0.0 pedestrian_injured, 0.0 pedestrian_killed, Fair (Night), EDSA (SB) Guadalupe Loading Bay  Makati",MMDA Road Safety Unit,,19dd6750-4563-41fc-bc2d-4e46b35078cf,2011-01-11,21:40:00,EDSA (SB) Ayala Ave. Makati,0,0,0,0,0,0,0,0,0,0,2011-01-12 5:40,Property,14.56473213,121.0447625,Side Swipe
None,EDSA,None,None,"Unknown, Rear-end, 0.0 drivers_injured, 0.0 drivers_killed, 0.0 passengers_injured, 0.0 passengers_killed, 0.0 pedestrian_injured, 0.0 pedestrian_killed, Fair (Night), EDSA (SB) after Antonio S. Arnaiz Ave. (Pasay Road) Makati",MMDA Road Safety Unit,,505de450-9df2-4272-bcf8-1df0a24c26d1,2011-01-03,12:00:00,EDSA (SB) Estrella Loading Bay  Makati,0,0,0,0,0,0,0,0,0,0,2011-01-03 20:00,Property,14.54756205,121.0260898,Rear-End
None,EDSA,None,None,"Unknown, Side Swipe, 0.0 drivers_injured, 0.0 drivers_killed, 0.0 passengers_injured, 0.0 passengers_killed, 0.0 pedestrian_injured, 0.0 pedestrian_killed, Fair, EDSA (SB) near Guadalupe MRT Station Makati",MMDA Road Safety Unit,,1c648fc3-575d-4b55-82c3-bab4a8686e06,2010-12-28,23:30:00,EDSA (SB) Sen. Gil Puyat Avenue (Buendia ) Makati,0,0,0,0,0,0,0,0,0,0,2010-12-29 7:30,Property,14.56646292,121.0452972,Side Swipe
None,EDSA,None,None,"Unknown, Side Swipe, 0.0 drivers_injured, 0.0 drivers_killed, 0.0 passengers_injured, 0.0 passengers_killed, 0.0 pedestrian_injured, 0.0 pedestrian_killed, Fair, EDSA (SB) MRT Station Guadalupe Makati",MMDA Road Safety Unit,,bbffccda-dd40-423b-a00a-a9eac62aeb38,2010-12-20,07:00:00,EDSA (SB) Sen. Gil Puyat Ave. ( Buendia ) Makati,0,0,0,0,0,0,0,0,0,0,2010-12-20 15:00,Property,14.56661843,121.0453081,Side Swipe
None,EDSA,None,None,"Unknown, Side Swipe, 0.0 drivers_injured, 0.0 drivers_killed, 0.0 passengers_injured, 0.0 passengers_killed, 0.0 pedestrian_injured, 0.0 pedestrian_killed, Fair, EDSA (SB) Boni Area Makati",MMDA Road Safety Unit,,55759fdf-a8e0-4d2a-a414-d8592f877b8d,2010-12-20,03:50:00,EDSA (SB) Chino Roces Ave. (Pasong Tamo ) Makati,0,0,0,0,0,0,0,0,0,0,2010-12-20 11:50,Property,14.57261177,121.0471947,Side Swipe
None,EDSA,None,None,"Unknown, Rear-end, 0.0 drivers_injured, 0.0 drivers_killed, 0.0 passengers_injured, 0.0 passengers_killed, 0.0 pedestrian_injured, 0.0 pedestrian_killed, Fair, EDSA (SB) at ""U""turn slot / Buendia  Makati",MMDA Road Safety Unit,,11f5157f-4357-40e3-89a1-9fe65c8b85b9,2010-12-19,00:45:00,EDSA (SB) Approaching A. Arnaiz Avenue (Pasay Rd.) Makati,0,0,0,0,0,0,0,0,0,0,2010-12-19 8:45,Property,14.555324,121.0354826,Rear-End
None,EDSA,None,None,"Unknown, Rear-end, 0.0 drivers_injured, 0.0 drivers_killed, 0.0 passengers_injured, 0.0 passengers_killed, 0.0 pedestrian_injured, 0.0 pedestrian_killed, Fair, EDSA (SB) fronting Loyola Memorial Chapel Makati",MMDA Road Safety Unit,,f01e109e-90f6-4436-b8a4-4d36034c027e,2010-12-16,00:40:00,EDSA (SB) Ayala Ave. Makati,0,0,0,0,0,0,0,0,0,0,2010-12-16 8:40,Property,14.56526983,121.0448719,Rear-End
None,EDSA,None,None,"Unknown, Rear-end, 0.0 drivers_injured, 0.0 drivers_killed, 0.0 passengers_injured, 0.0 passengers_killed, 0.0 pedestrian_injured, 0.0 pedestrian_killed, Fair, EDSA (SB) bet. Buendia Ave. & Pasong Tamo Ext. Makati",MMDA Road Safety Unit,,5e81ea53-0681-4960-b6cf-9a3f2168e7b7,2010-12-14,01:00:00,EDSA (SB) Estrella St. Makati,0,0,0,0,0,0,0,0,0,0,2010-12-14 9:00,Property,14.55396629,121.0334647,Rear-End
None,EDSA,None,None,"Unknown, Side Swipe, 0.0 drivers_injured, 0.0 drivers_killed, 0.0 passengers_injured, 0.0 passengers_killed, 0.0 pedestrian_injured, 0.0 pedestrian_killed, Fair, EDSA (SB) before Sen. Gil Puyat Ave. (Buendia ) Makati",MMDA Road Safety Unit,,69a04630-742f-4483-871f-fc961e33345e,2010-12-13,07:00:00,EDSA (SB) Estrella Loading Bay  Makati,0,0,0,0,0,0,0,0,0,0,2010-12-13 15:00,Property,14.55551148,121.035243,Side Swipe
None,EDSA,None,None,"Unknown, Rear-end, 0.0 drivers_injured, 0.0 drivers_killed, 0.0 passengers_injured, 0.0 passengers_killed, 0.0 pedestrian_injured, 0.0 pedestrian_killed, Fair, EDSA (SB) Buendia Loading Bay Makati",MMDA Road Safety Unit,,fda16f3a-63dc-4a62-b6f4-1931f27e2c7d,2010-12-07,18:25:00,EDSA (SB) Estrella St. Makati,0,0,0,0,0,0,0,0,0,0,2010-12-08 2:25,Property,14.55400112,121.0336264,Rear-End
None,EDSA,None,None,"Unknown, Side Swipe, 0.0 drivers_injured, 0.0 drivers_killed, 0.0 passengers_injured, 0.0 passengers_killed, 0.0 pedestrian_injured, 0.0 pedestrian_killed, Fair, EDSA (SB) Guadalupe MRT Station Makati",MMDA Road Safety Unit,,a754c748-8b79-4d0f-bc35-178308e259e7,2010-12-03,20:10:00,EDSA (SB) Pasaong Tamo Ext. Makati,0,0,0,0,0,0,0,0,0,0,2010-12-04 4:10,Property,14.5665734,121.0453551,Side Swipe
None,EDSA,None,None,"Unknown, Side Swipe, 0.0 drivers_injured, 0.0 drivers_killed, 0.0 passengers_injured, 0.0 passengers_killed, 0.0 pedestrian_injured, 0.0 pedestrian_killed, Fair, EDSA (SB) Ayala Ave. Makati",MMDA Road Safety Unit,,67506080-54c4-4510-a138-43cea00bfa22,2010-11-29,10:45:00,EDSA (SB) Ayala Ave. Makati,0,0,0,0,0,0,0,0,0,0,2010-11-29 18:45,Property,14.55022912,121.0292348,Side Swipe
None,EDSA,None,None,"Unknown, Rear-end, 0.0 drivers_injured, 0.0 drivers_killed, 0.0 passengers_injured, 0.0 passengers_killed, 0.0 pedestrian_injured, 0.0 pedestrian_killed, Fair, EDSA (SB) Estrella Loading Bay  Makati",MMDA Road Safety Unit,,77e69d48-1361-497d-82bc-2b1758390cef,2010-11-28,21:20:00,EDSA (SB) after Estrella St. Makati,0,0,0,0,0,0,0,0,0,0,2010-11-29 5:20,Property,14.56059855,121.0413941,Rear-End
None,EDSA,None,None,"Unknown, Rear-end, 0.0 drivers_injured, 0.0 drivers_killed, 0.0 passengers_injured, 0.0 passengers_killed, 0.0 pedestrian_injured, 0.0 pedestrian_killed, Fair, EDSA (SB) Sen. Gil Puyat Avenue (Buendia ) Makati",MMDA Road Safety Unit,,6d3b06b4-9f25-43df-8507-519d7d4c8e0f,2010-11-26,11:00:00,EDSA (SB) after A. Arnaiz Avenue (Pasay Road) Makati,0,0,0,0,0,0,0,0,0,0,2010-11-26 19:00,Property,14.55496432,121.0348612,Rear-End
None,EDSA,None,None,"Unknown, Angle Impact, 0.0 drivers_injured, 0.0 drivers_killed, 0.0 passengers_injured, 0.0 passengers_killed, 0.0 pedestrian_injured, 0.0 pedestrian_killed, Fair, EDSA (SB) Sen. Gil Puyat Ave. ( Buendia ) Makati",MMDA Road Safety Unit,,4e83ec2f-b504-4c6b-9f4c-8f6e43490565,2010-11-25,19:00:00,EDSA (SB) Approaching Estrella St. Makati,0,0,0,0,0,0,0,0,0,0,2010-11-26 3:00,Property,14.55496432,121.0348612,Angle Impact
None,EDSA,None,None,"Unknown, Rear-end, 0.0 drivers_injured, 0.0 drivers_killed, 0.0 passengers_injured, 0.0 passengers_killed, 0.0 pedestrian_injured, 0.0 pedestrian_killed, Fair, EDSA (SB) Chino Roces Ave. (Pasong Tamo ) Makati",MMDA Road Safety Unit,,352c3b3a-df4a-40b3-a125-9b0293a8abd6,2010-11-24,13:30:00,EDSA (SB) Evangelista St. Brgy. Bangkal Makati,0,0,0,0,0,0,0,0,0,0,2010-11-24 21:30,Property,14.54137258,121.0182439,Rear-End
None,EDSA,None,None,"Unknown, Rear-end, 0.0 drivers_injured, 0.0 drivers_killed, 0.0 passengers_injured, 0.0 passengers_killed, 0.0 pedestrian_injured, 0.0 pedestrian_killed, Fair, EDSA (SB) Approaching A. Arnaiz Avenue (Pasay Rd.) Makati",MMDA Road Safety Unit,,c2163792-2791-43b5-8a0a-dbbb489a2613,2010-11-24,11:30:00,EDSA (SB) after Guadalupe Loading Bay  Makati,0,0,0,0,0,0,0,0,0,0,2010-11-24 19:30,Property,14.54786338,121.0263817,Rear-End
None,EDSA,None,None,"Unknown, Angle Impact, 0.0 drivers_injured, 0.0 drivers_killed, 0.0 passengers_injured, 0.0 passengers_killed, 0.0 pedestrian_injured, 0.0 pedestrian_killed, Fair, EDSA (SB) Ayala Ave. Makati",MMDA Road Safety Unit,,b3d81aca-9ac9-400c-9c7d-b36be2d3862d,2010-11-22,14:15:00,EDSA (SB) Guadalupe Bridge  Makati,0,0,0,0,0,0,0,0,0,0,2010-11-22 22:15,Property,14.55022912,121.0292348,Angle Impact
None,EDSA,None,None,"Unknown, Side Swipe, 0.0 drivers_injured, 0.0 drivers_killed, 0.0 passengers_injured, 0.0 passengers_killed, 0.0 pedestrian_injured, 0.0 pedestrian_killed, Fair, EDSA (SB) Estrella St. Makati",MMDA Road Safety Unit,,2dda9763-7073-4409-81ac-da7fc2bff900,2010-11-22,10:30:00,EDSA (SB) Estrella Loading Bay  Makati,0,0,0,0,0,0,0,0,0,0,2010-11-22 18:30,Property,14.56002889,121.040751,Side Swipe
None,EDSA,None,None,"Unknown, Rear-end, 0.0 drivers_injured, 0.0 drivers_killed, 0.0 passengers_injured, 0.0 passengers_killed, 0.0 pedestrian_injured, 0.0 pedestrian_killed, Fair, EDSA (SB) Estrella Loading Bay  Makati",MMDA Road Safety Unit,,8fa85dac-7d1c-4788-92b0-5dff7b52d08b,2010-11-16,21:45:00,EDSA (SB) Ayala Traffic Lights  Makati,0,0,0,0,0,0,0,0,0,0,2010-11-17 5:45,Property,14.56059855,121.0413941,Rear-End
None,EDSA,None,None,"Unknown, Rear-end, 0.0 drivers_injured, 0.0 drivers_killed, 0.0 passengers_injured, 0.0 passengers_killed, 0.0 pedestrian_injured, 0.0 pedestrian_killed, Fair, EDSA (SB) Estrella St. Makati",MMDA Road Safety Unit,,96038a33-1b19-47cc-b7c8-36aa7a93cf09,2010-11-13,13:50:00,EDSA (SB) fronting Loyola Memorial Chapel Makati,0,0,0,0,0,0,0,0,0,0,2010-11-13 21:50,Property,14.56002889,121.040751,Rear-End
None,EDSA,None,None,"Unknown, Angle Impact, 0.0 drivers_injured, 0.0 drivers_killed, 0.0 passengers_injured, 0.0 passengers_killed, 0.0 pedestrian_injured, 0.0 pedestrian_killed, Fair, EDSA (SB) Pasaong Tamo Ext. Makati",MMDA Road Safety Unit,,16b6a3f1-715b-4c05-b4ef-c11463fca0f6,2010-11-13,13:45:00,EDSA (SB) Hotel Drive Makati,0,0,0,0,0,0,0,0,0,0,2010-11-13 21:45,Property,14.54116487,121.0183116,Angle Impact
None,EDSA,None,None,"Unknown, Rear-end, 0.0 drivers_injured, 0.0 drivers_killed, 0.0 passengers_injured, 0.0 passengers_killed, 0.0 pedestrian_injured, 0.0 pedestrian_killed, Fair, EDSA (SB) Ayala Ave. Makati",MMDA Road Safety Unit,,2fdc54ae-a69d-4fe7-aa5b-94f043bb5630,2010-11-13,04:30:00,EDSA (SB) Mantrade fronting San Lorenzo Vill. Makati,0,0,0,0,0,0,0,0,0,0,2010-11-13 12:30,Property,14.55022912,121.0292348,Rear-End
None,EDSA,None,None,"Unknown, Side Swipe, 0.0 drivers_injured, 0.0 drivers_killed, 0.0 passengers_injured, 0.0 passengers_killed, 0.0 pedestrian_injured, 0.0 pedestrian_killed, Fair, EDSA (SB) after Estrella St. Makati",MMDA Road Safety Unit,,b844bbdc-81c2-4c84-b49c-63504f48d3cd,2010-11-12,11:00:00,EDSA (SB) Approaching Mantrade Loading Bay  Makati,0,0,0,0,0,0,0,0,0,0,2010-11-12 19:00,Property,14.56019425,121.0409398,Side Swipe
None,EDSA,None,None,"Unknown, Side Swipe, 0.0 drivers_injured, 0.0 drivers_killed, 0.0 passengers_injured, 0.0 passengers_killed, 0.0 pedestrian_injured, 0.0 pedestrian_killed, Fair, EDSA (SB) after A. Arnaiz Avenue (Pasay Road) Makati",MMDA Road Safety Unit,,3a347cb3-8ed5-4c21-8620-59151fd10cad,2010-11-11,13:20:00,EDSA (SB) Guadalupe Bridge  Makati,0,0,0,0,0,0,0,0,0,0,2010-11-11 21:20,Property,14.54740302,121.0262287,Side Swipe
None,EDSA,None,None,"Unknown, Rear-end, 0.0 drivers_injured, 0.0 drivers_killed, 0.0 passengers_injured, 0.0 passengers_killed, 0.0 pedestrian_injured, 0.0 pedestrian_killed, Fair, EDSA (SB) Approaching Estrella St. Makati",MMDA Road Safety Unit,,49fbefd9-8c3b-4c54-9b19-044c95ba6c9a,2010-11-11,06:30:00,EDSA (SB) Approaching Buendia U turn slot Makati,0,0,0,0,0,0,0,0,0,0,2010-11-11 14:30,Property,14.5599755,121.0408006,Rear-End
None,EDSA,None,None,"Unknown, Rear-end, 0.0 drivers_injured, 0.0 drivers_killed, 0.0 passengers_injured, 0.0 passengers_killed, 0.0 pedestrian_injured, 0.0 pedestrian_killed, Fair, EDSA (SB) Evangelista St. Brgy. Bangkal Makati",MMDA Road Safety Unit,,ba47319e-335a-44a3-8aec-8b19a1df71c8,2010-11-10,12:55:00,EDSA (SB) Ayala Ave. Makati,0,0,0,0,0,0,0,0,0,0,2010-11-10 20:55,Property,14.53903137,121.0123272,Rear-End
None,EDSA,None,None,"Unknown, Side Swipe, 0.0 drivers_injured, 0.0 drivers_killed, 0.0 passengers_injured, 0.0 passengers_killed, 0.0 pedestrian_injured, 0.0 pedestrian_killed, Fair, EDSA (SB) after Guadalupe Loading Bay  Makati",MMDA Road Safety Unit,,84b62b66-bfae-4986-ae67-c709722b91d9,2010-11-09,23:00:00,EDSA (SB) Estrella Loading Bay Makati,0,0,0,0,0,0,0,0,0,0,2010-11-10 7:00,Property,14.56453867,121.0446452,Side Swipe
None,EDSA,None,None,"Unknown, Side Swipe, 0.0 drivers_injured, 0.0 drivers_killed, 0.0 passengers_injured, 0.0 passengers_killed, 0.0 pedestrian_injured, 0.0 pedestrian_killed, Fair, EDSA (SB) Guadalupe Bridge  Makati",MMDA Road Safety Unit,,00c7744f-d178-4f75-b758-f4786366f914,2010-11-05,21:55:00,EDSA (SB) Guadalupe MRT Station Makati,0,0,0,0,0,0,0,0,0,0,2010-11-06 5:55,Property,14.56802596,121.045885,Side Swipe
None,EDSA,None,None,"Unknown, Rear-end, 0.0 drivers_injured, 0.0 drivers_killed, 0.0 passengers_injured, 0.0 passengers_killed, 0.0 pedestrian_injured, 0.0 pedestrian_killed, Fair, EDSA (SB) Estrella Loading Bay  Makati",MMDA Road Safety Unit,,b4d27d39-970e-4719-8798-ca66654d89d0,2010-11-02,12:30:00,EDSA (SB) Approaching mantrade Loading Bay Makati,0,0,0,0,0,0,0,0,0,0,2010-11-02 20:30,Property,14.56059855,121.0413941,Rear-End