LOCATION_TEXT,ROAD,WEATHER,LIGHT,DESC,REPORTING_AGENCY,MAIN_CAUSE,INCIDENTDETAILS_ID,DATE_UTC,TIME_UTC,ADDRESS,killed_driver,killed_passenger,killed_pedestrian,injured_driver,injured_passenger,injured_pedestrian,killed_uncategorized,injured_uncategorized,killed_total,injured_total,DATETIME_PST,SEVERITY,Y,X,COLLISION_TYPE
None,EDSA,None,None,"Unknown, Side Swipe, 0.0 drivers_injured, 0.0 drivers_killed, 0.0 passengers_injured, 0.0 passengers_killed, 0.0 pedestrian_injured, 0.0 pedestrian_killed, Fair, EDSA (SB) Ayala Traffic Lights  Makati",MMDA Road Safety Unit,,ca2341ce-f336-44fe-bc90-a3da8b601b7b,2010-10-30,04:30:00,EDSA (SB) Ayala Ave. Makati,0,0,0,0,0,0,0,0,0,0,2010-10-30 12:30,Property,14.55017758,121.0293252,Side Swipe
None,EDSA,None,None,"Unknown, Rear-end, 0.0 drivers_injured, 0.0 drivers_killed, 0.0 passengers_injured, 0.0 passengers_killed, 0.0 pedestrian_injured, 0.0 pedestrian_killed, Fair, EDSA (SB) fronting Loyola Memorial Chapel Makati",MMDA Road Safety Unit,,a804a5dc-0b92-49f1-a014-d5d26597aed3,2010-10-27,20:15:00,EDSA (SB) Ayala Ave. Makati,0,0,0,0,0,0,0,0,0,0,2010-10-28 4:15,Property,14.56526983,121.0448719,Rear-End
None,EDSA,None,None,"Human Error, Angle Impact, 0.0 drivers_injured, 0.0 drivers_killed, 0.0 passengers_injured, 0.0 passengers_killed, 0.0 pedestrian_injured, 0.0 pedestrian_killed, Fair, EDSA (SB) Hotel Drive Makati",MMDA Road Safety Unit,,61115dd0-35e7-4659-8d84-0d8dbca7575a,2010-10-26,12:30:00,EDSA (SB) after Evangelista St. Makati,0,0,0,0,0,0,0,0,0,0,2010-10-26 20:30,Property,14.5492376,121.0279429,Angle Impact
None,EDSA,None,None,"Unknown, Rear-end, 0.0 drivers_injured, 0.0 drivers_killed, 0.0 passengers_injured, 0.0 passengers_killed, 0.0 pedestrian_injured, 0.0 pedestrian_killed, Fair, EDSA (SB) Mantrade fronting San Lorenzo Vill. Makati",MMDA Road Safety Unit,,61764cbb-538f-41df-8366-1f03c063af4a,2010-10-25,11:40:00,EDSA (SB) Estrella St.  Makati,0,0,0,0,0,0,0,0,0,0,2010-10-25 19:40,Property,14.54276678,121.0202719,Rear-End
None,EDSA,None,None,"Unknown, Side Swipe, 0.0 drivers_injured, 0.0 drivers_killed, 0.0 passengers_injured, 0.0 passengers_killed, 0.0 pedestrian_injured, 0.0 pedestrian_killed, Fair, EDSA (SB) Approaching Mantrade Loading Bay  Makati",MMDA Road Safety Unit,,756dcc48-9c3a-4157-a010-c03e6a61d53e,2010-10-22,15:30:00,"EDSA (SB) fronting San Carlos Seminary, Guadalupe Makati",0,0,0,0,0,0,0,0,0,0,2010-10-22 23:30,Property,14.54303232,121.0205079,Side Swipe
None,EDSA,None,None,"Unknown, Side Swipe, 0.0 drivers_injured, 0.0 drivers_killed, 0.0 passengers_injured, 0.0 passengers_killed, 0.0 pedestrian_injured, 0.0 pedestrian_killed, Fair, EDSA (SB) Guadalupe Bridge  Makati",MMDA Road Safety Unit,,8b2defb7-6b80-4cd3-b7b6-5bf0ab526f84,2010-10-22,13:30:00,EDSA (SB) approaching Kalayaan Ave. Makati,0,0,0,0,0,0,0,0,0,0,2010-10-22 21:30,Property,14.56802596,121.045885,Side Swipe
None,EDSA,None,None,"Unknown, Side Swipe, 0.0 drivers_injured, 0.0 drivers_killed, 0.0 passengers_injured, 0.0 passengers_killed, 0.0 pedestrian_injured, 0.0 pedestrian_killed, Fair, EDSA (SB) Approaching Buendia U turn slot Makati",MMDA Road Safety Unit,,9e6d42ef-e6c1-4af8-af1f-b706b382cbd1,2010-10-22,11:30:00,EDSA (SB) Ayala Loading Bay  Makati,0,0,0,0,0,0,0,0,0,0,2010-10-22 19:30,Property,14.55537485,121.0354873,Side Swipe
None,EDSA,None,None,"Unknown, Side Swipe, 0.0 drivers_injured, 0.0 drivers_killed, 0.0 passengers_injured, 0.0 passengers_killed, 0.0 pedestrian_injured, 0.0 pedestrian_killed, Fair, EDSA (SB) Ayala Ave. Makati",MMDA Road Safety Unit,,b039aeb4-93f4-472b-8c0a-dfacece172f0,2010-10-22,07:30:00,EDSA (SB) Guadalupe Loading Bay Station  Makati,0,0,0,0,0,0,0,0,0,0,2010-10-22 15:30,Property,14.55022912,121.0292348,Side Swipe
None,EDSA,None,None,"Unknown, Rear-end, 0.0 drivers_injured, 0.0 drivers_killed, 0.0 passengers_injured, 0.0 passengers_killed, 0.0 pedestrian_injured, 0.0 pedestrian_killed, Fair, EDSA (SB) Estrella Loading Bay Makati",MMDA Road Safety Unit,,923fe511-0d9f-4047-b412-bd1a6ece0b38,2010-10-19,23:20:00,"EDSA (SB) fronting San Carlos Seminary, Guadalupe Makati",0,0,0,0,0,0,0,0,0,0,2010-10-20 7:20,Property,14.56059855,121.0413941,Rear-End
None,EDSA,None,None,"Unknown, Rear-end, 0.0 drivers_injured, 0.0 drivers_killed, 0.0 passengers_injured, 0.0 passengers_killed, 0.0 pedestrian_injured, 0.0 pedestrian_killed, Fair, EDSA (SB) Guadalupe MRT Station Makati",MMDA Road Safety Unit,,95394294-c0aa-4004-bdba-91750e36006c,2010-10-17,23:30:00,"EDSA (SB) Ayala, descending MICT Makati",0,0,0,0,0,0,0,0,0,0,2010-10-18 7:30,Property,14.5665734,121.0453551,Rear-End
None,EDSA,None,None,"Unknown, Rear-end, 0.0 drivers_injured, 0.0 drivers_killed, 0.0 passengers_injured, 0.0 passengers_killed, 0.0 pedestrian_injured, 0.0 pedestrian_killed, Fair, EDSA (SB) Approaching mantrade Loading Bay Makati",MMDA Road Safety Unit,,2793325c-e563-45bf-9251-c7ae12d76036,2010-10-17,23:20:00,EDSA (SB) MRT-Buendia Station Makati,0,0,0,0,0,0,0,0,0,0,2010-10-18 7:20,Property,14.54303232,121.0205079,Rear-End
None,EDSA,None,None,"Unknown, Side Swipe, 0.0 drivers_injured, 0.0 drivers_killed, 0.0 passengers_injured, 0.0 passengers_killed, 0.0 pedestrian_injured, 0.0 pedestrian_killed, Fair, EDSA (SB) Ayala Ave. Makati",MMDA Road Safety Unit,,5e31e37a-46e3-49fc-8c5f-26c1dd799773,2010-10-17,15:40:00,EDSA (SB) MRT-Buendia Station Makati,0,0,0,0,0,0,0,0,0,0,2010-10-17 23:40,Property,14.55022912,121.0292348,Side Swipe
None,EDSA,None,None,"Unknown, Rear-end, 0.0 drivers_injured, 0.0 drivers_killed, 0.0 passengers_injured, 0.0 passengers_killed, 0.0 pedestrian_injured, 0.0 pedestrian_killed, Fair, EDSA (SB) Ayala Ave. Makati",MMDA Road Safety Unit,,3dd517c9-7d1a-4e0a-8aae-61393bb00f17,2010-10-16,03:00:00,"EDSA (SB) fronting San Carlos Seminary, Guadalupe Makati",0,0,0,0,0,0,0,0,0,0,2010-10-16 11:00,Property,14.55022912,121.0292348,Rear-End
None,EDSA,None,None,"Unknown, Side Swipe, 0.0 drivers_injured, 0.0 drivers_killed, 0.0 passengers_injured, 0.0 passengers_killed, 0.0 pedestrian_injured, 0.0 pedestrian_killed, Fair, EDSA (SB) after Evangelista St. Makati",MMDA Road Safety Unit,,3c73df4b-dc28-4eb6-91cc-578035906156,2010-10-15,11:10:00,EDSA (SB) Magallanes Interchange / SLEX Bound Makati,0,0,0,0,0,0,0,0,0,0,2010-10-15 19:10,Property,14.53908511,121.0122919,Side Swipe
None,EDSA,None,None,"Unknown, Side Swipe, 0.0 drivers_injured, 0.0 drivers_killed, 0.0 passengers_injured, 0.0 passengers_killed, 0.0 pedestrian_injured, 0.0 pedestrian_killed, Fair, EDSA (SB) Estrella St.  Makati",MMDA Road Safety Unit,,0b95a95d-a97e-4ee2-bb65-b85aa8b4c36c,2010-10-13,11:40:00,EDSA (SB) after Estrella St. Makati,0,0,0,0,0,0,0,0,0,0,2010-10-13 19:40,Property,14.56002889,121.040751,Side Swipe
None,EDSA,None,None,"Unknown, Rear-end, 0.0 drivers_injured, 0.0 drivers_killed, 0.0 passengers_injured, 0.0 passengers_killed, 0.0 pedestrian_injured, 0.0 pedestrian_killed, Fair, EDSA (SB) fronting San Carlos Seminary, Guadalupe Makati",MMDA Road Safety Unit,,5b65f049-5424-4d45-9fd0-6bdccd097277,2010-10-11,00:10:00,EDSA (SB) Sen. Gil J. Puyat Ave. (Buendia) Makati,0,0,0,0,0,0,0,0,0,0,2010-10-11 8:10,Property,14.56336498,121.0439669,Rear-End
None,EDSA,None,None,"Unknown, Rear-end, 0.0 drivers_injured, 0.0 drivers_killed, 0.0 passengers_injured, 0.0 passengers_killed, 0.0 pedestrian_injured, 0.0 pedestrian_killed, Fair, EDSA (SB) approaching Kalayaan Ave. Makati",MMDA Road Safety Unit,,d5522ee3-0044-4ac2-bec1-b519bbecb2e1,2010-10-10,21:30:00,EDSA (SB) fronting MRT -Guadalupe Station Makati,0,0,0,0,0,0,0,0,0,0,2010-10-11 5:30,Property,14.55769191,121.0383801,Rear-End
None,EDSA,None,None,"Unknown, Rear-end, 0.0 drivers_injured, 0.0 drivers_killed, 0.0 passengers_injured, 0.0 passengers_killed, 0.0 pedestrian_injured, 0.0 pedestrian_killed, Fair, EDSA (SB) Ayala Loading Bay  Makati",MMDA Road Safety Unit,,30f9f279-477f-4ec7-8322-66cc4e24f727,2010-10-10,00:00:00,EDSA (SB) Magallanes Loading Bay  Makati,0,0,0,0,0,0,0,0,0,0,2010-10-10 8:00,Property,14.54886,121.0276063,Rear-End
None,EDSA,None,None,"Unknown, Side Swipe, 0.0 drivers_injured, 0.0 drivers_killed, 0.0 passengers_injured, 0.0 passengers_killed, 0.0 pedestrian_injured, 0.0 pedestrian_killed, Fair, EDSA (SB) Guadalupe Loading Bay Station  Makati",MMDA Road Safety Unit,,a078131c-24d0-4929-bc5f-5d87b83139e0,2010-10-09,10:00:00,EDSA (SB) Magallanes Loading Bay  Makati,0,0,0,0,0,0,0,0,0,0,2010-10-09 18:00,Property,14.56473213,121.0447625,Side Swipe
None,EDSA,None,None,"Unknown, Side Swipe, 0.0 drivers_injured, 0.0 drivers_killed, 0.0 passengers_injured, 0.0 passengers_killed, 0.0 pedestrian_injured, 0.0 pedestrian_killed, Fair, EDSA (SB) fronting San Carlos Seminary, Guadalupe Makati",MMDA Road Safety Unit,,6d582289-f377-40af-93a4-15d70ed97239,2010-10-09,04:30:00,EDSA (SB) after A. Arnaiz Ave. (Pasay Road) Makati,0,0,0,0,0,0,0,0,0,0,2010-10-09 12:30,Property,14.56336498,121.0439669,Side Swipe
None,EDSA,None,None,"Unknown, Rear-end, 0.0 drivers_injured, 0.0 drivers_killed, 0.0 passengers_injured, 0.0 passengers_killed, 0.0 pedestrian_injured, 0.0 pedestrian_killed, Fair, EDSA (SB) Ayala, descending MICT Makati",MMDA Road Safety Unit,,338cfea2-5606-4da6-8818-6c48b27b0bf4,2010-10-09,01:30:00,EDSA (SB) Set. Gil Puyat Ave. (Buendia) Makati,0,0,0,0,0,0,0,0,0,0,2010-10-09 9:30,Property,14.5486309,121.0273751,Rear-End
None,EDSA,None,None,"Unknown, Side Swipe, 0.0 drivers_injured, 0.0 drivers_killed, 0.0 passengers_injured, 0.0 passengers_killed, 0.0 pedestrian_injured, 0.0 pedestrian_killed, Fair, EDSA (SB) MRT-Buendia Station Makati",MMDA Road Safety Unit,,31ee00ca-640a-470b-a024-306dcea0e83e,2010-10-08,17:40:00,EDSA (SB) Ayala Ave. Makati,0,0,0,0,0,0,0,0,0,0,2010-10-09 1:40,Property,14.55423279,121.0338797,Side Swipe
None,EDSA,None,None,"Unknown, Rear-end, 0.0 drivers_injured, 0.0 drivers_killed, 0.0 passengers_injured, 0.0 passengers_killed, 0.0 pedestrian_injured, 0.0 pedestrian_killed, Fair, EDSA (SB) MRT-Buendia Station Makati",MMDA Road Safety Unit,,43ba2b4b-084d-4a06-82b7-d959ac305f29,2010-10-08,17:30:00,EDSA (SB) after Sen. Gil J. Puyat Ave. (Buendia) Makati,0,0,0,0,0,0,0,0,0,0,2010-10-09 1:30,Property,14.55423279,121.0338797,Rear-End
None,EDSA,None,None,"Unknown, Side Swipe, 0.0 drivers_injured, 0.0 drivers_killed, 0.0 passengers_injured, 0.0 passengers_killed, 0.0 pedestrian_injured, 0.0 pedestrian_killed, Fair, EDSA (SB) fronting San Carlos Seminary, Guadalupe Makati",MMDA Road Safety Unit,,a3de868b-4f2f-485e-93ae-bcaa490a83ff,2010-10-08,12:40:00,EDSA (SB) Ayala Ave. Makati,0,0,0,0,0,0,0,0,0,0,2010-10-08 20:40,Property,14.56336498,121.0439669,Side Swipe
None,EDSA,None,None,"Unknown, Rear-end, 0.0 drivers_injured, 0.0 drivers_killed, 0.0 passengers_injured, 0.0 passengers_killed, 0.0 pedestrian_injured, 0.0 pedestrian_killed, Fair, EDSA (SB) Magallanes Interchange / SLEX Bound Makati",MMDA Road Safety Unit,,102bc7c2-1a4d-40be-a7b0-782ee8042411,2010-10-07,13:00:00,EDSA (SB) Sen. Gil J. Puyat Ave. (Buendia) Makati,0,0,0,0,0,0,0,0,0,0,2010-10-07 21:00,Property,14.54028633,121.0167655,Rear-End
None,EDSA,None,None,"Unknown, Side Swipe, 0.0 drivers_injured, 0.0 drivers_killed, 0.0 passengers_injured, 0.0 passengers_killed, 0.0 pedestrian_injured, 0.0 pedestrian_killed, Fair, EDSA (SB) after Estrella St. Makati",MMDA Road Safety Unit,,3e4a74e0-6880-457c-a8fb-a45c9bd53af2,2010-10-05,10:50:00,EDSA (SB) approaching Ayala Ave. Makati,0,0,0,0,0,0,0,0,0,0,2010-10-05 18:50,Property,14.56019425,121.0409398,Side Swipe
None,EDSA,None,None,"Unknown, Side Swipe, 0.0 drivers_injured, 0.0 drivers_killed, 0.0 passengers_injured, 0.0 passengers_killed, 0.0 pedestrian_injured, 0.0 pedestrian_killed, Fair, EDSA (SB) Sen. Gil J. Puyat Ave. (Buendia) Makati",MMDA Road Safety Unit,,136859b7-7716-4cfa-97f7-c2b5dcf03829,2010-10-04,15:30:00,EDSA (SB) MRT-Guadalupe Station Makati,0,0,0,0,0,0,0,0,0,0,2010-10-04 23:30,Property,14.55496432,121.0348612,Side Swipe
None,EDSA,None,None,"Unknown, Rear-end, 0.0 drivers_injured, 0.0 drivers_killed, 0.0 passengers_injured, 0.0 passengers_killed, 0.0 pedestrian_injured, 0.0 pedestrian_killed, Fair, EDSA (SB) fronting MRT -Guadalupe Station Makati",MMDA Road Safety Unit,,08ef4a66-b839-47c7-aec2-0ffdedc00347,2010-10-03,23:00:00,EDSA (SB) Ayala Ave. Makati,0,0,0,0,0,0,0,0,0,0,2010-10-04 7:00,Property,14.56661006,121.0454505,Rear-End
None,EDSA,None,None,"Unknown, Hit Object (No Object Stated), 0.0 drivers_injured, 0.0 drivers_killed, 0.0 passengers_injured, 0.0 passengers_killed, 0.0 pedestrian_injured, 0.0 pedestrian_killed, Fair, EDSA (SB) Magallanes Loading Bay  Makati",MMDA Road Safety Unit,,31fa2f2d-8154-4926-a8bc-40c3e1b9dee9,2010-10-03,15:00:00,EDSA (SB) Sen. Gil J. Puyat Ave. (Buendia) Makati,0,0,0,0,0,0,0,0,0,0,2010-10-03 23:00,Property,14.54282655,121.0202714,Hit Object
None,EDSA,None,None,"Unknown, Hit Object (No Object Stated), 1.0 drivers_injured, 0.0 drivers_killed, 0.0 passengers_injured, 0.0 passengers_killed, 0.0 pedestrian_injured, 0.0 pedestrian_killed, Fair, EDSA (SB) Magallanes Loading Bay  Makati",MMDA Road Safety Unit,,8addebe6-d925-4f40-93f4-94bd7377cc60,2010-10-03,15:00:00,"EDSA (SB) near Evangelista St., Bgy. Bangkal Makati",0,0,0,1,0,0,0,0,0,1,2010-10-03 23:00,Injury,14.54282655,121.0202714,Hit Object
None,EDSA,None,None,"Unknown, Rear-end, 0.0 drivers_injured, 0.0 drivers_killed, 0.0 passengers_injured, 0.0 passengers_killed, 0.0 pedestrian_injured, 0.0 pedestrian_killed, Fair, EDSA (SB) after A. Arnaiz Ave. (Pasay Road) Makati",MMDA Road Safety Unit,,38384d3b-e949-4f17-9c9f-303a4025e8c2,2010-10-02,04:40:00,EDSA (SB) Estrella St. Makati,0,0,0,0,0,0,0,0,0,0,2010-10-02 12:40,Property,14.54740302,121.0262287,Rear-End
None,EDSA,None,None,"Unknown, Side Swipe, 0.0 drivers_injured, 0.0 drivers_killed, 0.0 passengers_injured, 0.0 passengers_killed, 0.0 pedestrian_injured, 0.0 pedestrian_killed, Fair, EDSA (SB) Set. Gil Puyat Ave. (Buendia) Makati",MMDA Road Safety Unit,,96b32dd7-27c3-4db5-bfbd-6e2823e20ae6,2010-10-01,13:00:00,EDSA (SB) MRT-Buendia Station Makati,0,0,0,0,0,0,0,0,0,0,2010-10-01 21:00,Property,14.55501765,121.0348055,Side Swipe
None,EDSA,None,None,"Unknown, Rear-end, 0.0 drivers_injured, 0.0 drivers_killed, 0.0 passengers_injured, 0.0 passengers_killed, 0.0 pedestrian_injured, 0.0 pedestrian_killed, Fair, EDSA (SB) Ayala Ave. Makati",MMDA Road Safety Unit,,ade8b0fc-66c8-42eb-ab4a-960faae4616b,2010-09-29,12:30:00,EDSA (SB) approaching Evangelista St.  Makati,0,0,0,0,0,0,0,0,0,0,2010-09-29 20:30,Property,14.55022912,121.0292348,Rear-End
None,EDSA,None,None,"Unknown, Side Swipe, 0.0 drivers_injured, 0.0 drivers_killed, 0.0 passengers_injured, 0.0 passengers_killed, 0.0 pedestrian_injured, 0.0 pedestrian_killed, Fair, EDSA (SB) after Sen. Gil J. Puyat Ave. (Buendia) Makati",MMDA Road Safety Unit,,5ee5d991-f173-467a-9b16-8c992e9a4560,2010-09-28,09:45:00,EDSA (SB) Magallanes Interchange  Makati,0,0,0,0,0,0,0,0,0,0,2010-09-28 17:45,Property,14.5547747,121.0350593,Side Swipe
None,EDSA,None,None,"Unknown, Rear-end, 0.0 drivers_injured, 0.0 drivers_killed, 0.0 passengers_injured, 0.0 passengers_killed, 0.0 pedestrian_injured, 0.0 pedestrian_killed, Fair, EDSA (SB) Ayala Ave. Makati",MMDA Road Safety Unit,,f607127c-59b2-4cf9-a0c7-be6af87dff59,2010-09-27,11:00:00,"EDSA (SB) fronting San Carlos Seminary, Guadalupe Makati",0,0,0,0,0,0,0,0,0,0,2010-09-27 19:00,Property,14.55022912,121.0292348,Rear-End
None,EDSA,None,None,"Unknown, Rear-end, 0.0 drivers_injured, 0.0 drivers_killed, 0.0 passengers_injured, 0.0 passengers_killed, 0.0 pedestrian_injured, 0.0 pedestrian_killed, Fair, EDSA (SB) Sen. Gil J. Puyat Ave. (Buendia) Makati",MMDA Road Safety Unit,,4010fdd1-a8a7-459f-903b-46ff43779ffd,2010-09-23,21:40:00,EDSA (SB) Magallanes Interchange  Makati,0,0,0,0,0,0,0,0,0,0,2010-09-24 5:40,Property,14.55496432,121.0348612,Rear-End
None,EDSA,None,None,"Unknown, Rear-end, 0.0 drivers_injured, 0.0 drivers_killed, 0.0 passengers_injured, 0.0 passengers_killed, 0.0 pedestrian_injured, 0.0 pedestrian_killed, Fair, EDSA (SB) approaching Ayala Ave. Makati",MMDA Road Safety Unit,,76f8933c-16ab-4d24-bd58-226c37930984,2010-09-23,12:30:00,EDSA (SB) Antonio S. Arnaiz Ave. (Pasay Road) Makati,0,0,0,0,0,0,0,0,0,0,2010-09-23 20:30,Property,14.55028537,121.0293488,Rear-End
None,EDSA,None,None,"Unknown, Rear-end, 0.0 drivers_injured, 0.0 drivers_killed, 0.0 passengers_injured, 0.0 passengers_killed, 0.0 pedestrian_injured, 0.0 pedestrian_killed, Fair, EDSA (SB) MRT-Guadalupe Station Makati",MMDA Road Safety Unit,,f47bbdf2-2ed1-4dd8-83b8-318ea24b7175,2010-09-22,14:30:00,"EDSA (SB) Estrella St., Bgy. Bel-Air Makati",0,0,0,0,0,0,0,0,0,0,2010-09-22 22:30,Property,14.56668632,121.0454204,Rear-End
None,EDSA,None,None,"Unknown, Side Swipe, 0.0 drivers_injured, 0.0 drivers_killed, 0.0 passengers_injured, 0.0 passengers_killed, 0.0 pedestrian_injured, 0.0 pedestrian_killed, Fair, EDSA (SB) Ayala Ave. Makati",MMDA Road Safety Unit,,8090ba22-7bb5-48f0-aa6f-5837d041bb4c,2010-09-22,09:35:00,"EDSA (SB) at ""U"" turn slot, Bgy. Magallanes  Makati",0,0,0,0,0,0,0,0,0,0,2010-09-22 17:35,Property,14.55022912,121.0292348,Side Swipe
None,EDSA,None,None,"Unknown, Rear-end, 0.0 drivers_injured, 0.0 drivers_killed, 0.0 passengers_injured, 0.0 passengers_killed, 0.0 pedestrian_injured, 0.0 pedestrian_killed, Fair, EDSA (SB) Sen. Gil J. Puyat Ave. (Buendia) Makati",MMDA Road Safety Unit,,75cdf33d-725e-48b0-a603-84f07ba0f534,2010-09-21,01:00:00,"EDSA (SB) fronting Dusit Hotel, approaching Antonio S. Arnaiz Ave. (Pasay Road) Makati",0,0,0,0,0,0,0,0,0,0,2010-09-21 9:00,Property,14.55496432,121.0348612,Rear-End
None,EDSA,None,None,"Unknown, Side Swipe, 0.0 drivers_injured, 0.0 drivers_killed, 0.0 passengers_injured, 0.0 passengers_killed, 0.0 pedestrian_injured, 0.0 pedestrian_killed, Fair, EDSA (SB) near Evangelista St., Bgy. Bangkal Makati",MMDA Road Safety Unit,,7afb988d-8228-4962-9e48-00f5fd38fbf8,2010-09-20,06:30:00,"EDSA (SB) Dusit Hotel, approaching Pasay Road Makati",0,0,0,0,0,0,0,0,0,0,2010-09-20 14:30,Property,14.53916065,121.0124577,Side Swipe
None,EDSA,None,None,"Unknown, Rear-end, 0.0 drivers_injured, 0.0 drivers_killed, 0.0 passengers_injured, 0.0 passengers_killed, 0.0 pedestrian_injured, 0.0 pedestrian_killed, Fair, EDSA (SB) Estrella St. Makati",MMDA Road Safety Unit,,cdbf8cfa-579d-4e4d-8c88-e183fb1e666a,2010-09-17,02:15:00,EDSA (SB) Antonio S. Arnaiz Ave. (Pasay Road) Makati,0,0,0,0,0,0,0,0,0,0,2010-09-17 10:15,Property,14.56002889,121.040751,Rear-End
None,EDSA,None,None,"Unknown, Side Swipe, 0.0 drivers_injured, 0.0 drivers_killed, 0.0 passengers_injured, 0.0 passengers_killed, 0.0 pedestrian_injured, 0.0 pedestrian_killed, Fair, EDSA (SB) MRT-Buendia Station Makati",MMDA Road Safety Unit,,12b39c31-9bb3-473e-a0e3-2f50e0af8b76,2010-09-16,07:45:00,EDSA (SB) Sen. Gil J. Puyat Ave. (Buendia) Makati,0,0,0,0,0,0,0,0,0,0,2010-09-16 15:45,Property,14.55423279,121.0338797,Side Swipe
None,EDSA,None,None,"Unknown, Side Swipe, 0.0 drivers_injured, 0.0 drivers_killed, 0.0 passengers_injured, 0.0 passengers_killed, 0.0 pedestrian_injured, 0.0 pedestrian_killed, Fair, EDSA (SB) approaching Evangelista St.  Makati",MMDA Road Safety Unit,,273c97de-1a85-461a-99fa-6d550cd452e3,2010-09-15,10:40:00,EDSA (SB) before Sen. Gil J. Puyat Ave. (Buendia) Makati,0,0,0,0,0,0,0,0,0,0,2010-09-15 18:40,Property,14.53906313,121.0122941,Side Swipe
None,EDSA,None,None,"Unknown, Rear-end, 0.0 drivers_injured, 0.0 drivers_killed, 0.0 passengers_injured, 0.0 passengers_killed, 0.0 pedestrian_injured, 0.0 pedestrian_killed, Fair, EDSA (SB) Magallanes Interchange  Makati",MMDA Road Safety Unit,,c301d37a-336e-432b-861e-5f0ff4ca95d5,2010-09-11,15:15:00,EDSA (SB) opposite of Orense St. Makati,0,0,0,0,0,0,0,0,0,0,2010-09-11 23:15,Property,14.54028633,121.0167655,Rear-End
None,EDSA,None,None,"Unknown, Rear-end, 0.0 drivers_injured, 0.0 drivers_killed, 0.0 passengers_injured, 0.0 passengers_killed, 0.0 pedestrian_injured, 0.0 pedestrian_killed, Fair, EDSA (SB) fronting San Carlos Seminary, Guadalupe Makati",MMDA Road Safety Unit,,545a8b63-0e79-43b6-b69b-ae44f05dac73,2010-09-11,02:25:00,EDSA (SB) MRT-Guadalupe Station Makati,0,0,0,0,0,0,0,0,0,0,2010-09-11 10:25,Property,14.56336498,121.0439669,Rear-End
None,EDSA,None,None,"Unknown, Side Swipe, 0.0 drivers_injured, 0.0 drivers_killed, 0.0 passengers_injured, 0.0 passengers_killed, 0.0 pedestrian_injured, 0.0 pedestrian_killed, Fair, EDSA (SB) Magallanes Interchange  Makati",MMDA Road Safety Unit,,ce900587-7962-4305-85e4-596d0c11255a,2010-09-09,18:00:00,EDSA (SB) Estrella St.  Makati,0,0,0,0,0,0,0,0,0,0,2010-09-10 2:00,Property,14.54028633,121.0167655,Side Swipe
None,EDSA,None,None,"Unknown, Rear-end, 0.0 drivers_injured, 0.0 drivers_killed, 0.0 passengers_injured, 0.0 passengers_killed, 0.0 pedestrian_injured, 0.0 pedestrian_killed, Fair, EDSA (SB) Antonio S. Arnaiz Ave. (Pasay Road) Makati",MMDA Road Safety Unit,,a451af56-59b7-4dea-a300-16f0f047ec9d,2010-09-08,22:30:00,EDSA (SB) approaching MRT-Guadalupe Station Makati,0,0,0,0,0,0,0,0,0,0,2010-09-09 6:30,Property,14.54752556,121.0260165,Rear-End
None,EDSA,None,None,"Unknown, Side Swipe, 0.0 drivers_injured, 0.0 drivers_killed, 0.0 passengers_injured, 0.0 passengers_killed, 0.0 pedestrian_injured, 0.0 pedestrian_killed, Fair, EDSA (SB) Estrella St., Bgy. Bel-Air Makati",MMDA Road Safety Unit,,3b76e163-207b-4ce1-aca7-ef3c1d53d385,2010-09-07,11:30:00,"EDSA (SB) Estrella St., Bgy. Bel-Air Makati",0,0,0,0,0,0,0,0,0,0,2010-09-07 19:30,Property,14.56002889,121.040751,Side Swipe
None,EDSA,None,None,"Unknown, Side Swipe, 0.0 drivers_injured, 0.0 drivers_killed, 0.0 passengers_injured, 0.0 passengers_killed, 0.0 pedestrian_injured, 0.0 pedestrian_killed, Fair, EDSA (SB) at ""U"" turn slot, Bgy. Magallanes  Makati",MMDA Road Safety Unit,,9bc361d6-c786-498b-b294-a065784d5d49,2010-09-04,23:45:00,EDSA (SB) Sen. Gil J. Puyat Ave. (Buendia) Makati,0,0,0,0,0,0,0,0,0,0,2010-09-05 7:45,Property,14.53978917,121.0155144,Side Swipe
None,EDSA,None,None,"Unknown, Side Swipe, 0.0 drivers_injured, 0.0 drivers_killed, 0.0 passengers_injured, 0.0 passengers_killed, 0.0 pedestrian_injured, 0.0 pedestrian_killed, Fair, EDSA (SB) fronting Dusit Hotel, approaching Antonio S. Arnaiz Ave. (Pasay Road) Makati",MMDA Road Safety Unit,,e30f2b67-4267-4672-90f3-904c236fa055,2010-09-02,03:30:00,EDSA (SB) Ayala Loading Bay Makati,0,0,0,0,0,0,0,0,0,0,2010-09-02 11:30,Property,14.54789669,121.026229,Side Swipe
None,EDSA,None,None,"Unknown, Rear-end, 0.0 drivers_injured, 0.0 drivers_killed, 0.0 passengers_injured, 0.0 passengers_killed, 0.0 pedestrian_injured, 0.0 pedestrian_killed, Fair, EDSA (SB) Dusit Hotel, approaching Pasay Road Makati",MMDA Road Safety Unit,,925aa872-d147-4ffe-b87f-3af7f7904445,2010-09-01,23:00:00,EDSA (SB) approaching Ayala Ave. Makati,0,0,0,0,0,0,0,0,0,0,2010-09-02 7:00,Property,14.54794586,121.0263601,Rear-End
None,EDSA,None,None,"Unknown, Side Swipe, 0.0 drivers_injured, 0.0 drivers_killed, 0.0 passengers_injured, 0.0 passengers_killed, 0.0 pedestrian_injured, 0.0 pedestrian_killed, Fair, EDSA (SB) Antonio S. Arnaiz Ave. (Pasay Road) Makati",MMDA Road Safety Unit,,e969a83a-ea80-43f1-a0f6-8e3678b0fb07,2010-09-01,15:30:00,EDSA (SB) beside Mantrade Loading Bay Makati,0,0,0,0,0,0,0,0,0,0,2010-09-01 23:30,Property,14.54752556,121.0260165,Side Swipe
None,EDSA,None,None,"Unknown, Side Swipe, 0.0 drivers_injured, 0.0 drivers_killed, 0.0 passengers_injured, 0.0 passengers_killed, 0.0 pedestrian_injured, 0.0 pedestrian_killed, Fair, EDSA (SB) Sen. Gil J. Puyat Ave. (Buendia) Makati",MMDA Road Safety Unit,,db14d24b-9170-40b4-bc1c-75133c386ae8,2010-09-01,02:30:00,EDSA (SB) after Sen. Gil J. Puyat Ave. (Buendia) Makati,0,0,0,0,0,0,0,0,0,0,2010-09-01 10:30,Property,14.55496432,121.0348612,Side Swipe
None,EDSA,None,None,"Unknown, Rear-end, 0.0 drivers_injured, 0.0 drivers_killed, 0.0 passengers_injured, 0.0 passengers_killed, 0.0 pedestrian_injured, 0.0 pedestrian_killed, Fair, EDSA (SB) before Sen. Gil J. Puyat Ave. (Buendia) Makati",MMDA Road Safety Unit,,a2421cba-e1cf-4036-9916-cfe846d02dbf,2010-08-30,23:20:00,EDSA (SB) before Estrella St. Makati,0,0,0,0,0,0,0,0,0,0,2010-08-31 7:20,Property,14.55551148,121.035243,Rear-End