LOCATION_TEXT,ROAD,WEATHER,LIGHT,DESC,REPORTING_AGENCY,MAIN_CAUSE,INCIDENTDETAILS_ID,DATE_UTC,TIME_UTC,ADDRESS,killed_driver,killed_passenger,killed_pedestrian,injured_driver,injured_passenger,injured_pedestrian,killed_uncategorized,injured_uncategorized,killed_total,injured_total,DATETIME_PST,SEVERITY,Y,X,COLLISION_TYPE
None,EDSA,None,None,"Unknown, Side Swipe, 0.0 drivers_injured, 0.0 drivers_killed, 0.0 passengers_injured, 0.0 passengers_killed, 0.0 pedestrian_injured, 0.0 pedestrian_killed, Fair, EDSA (SB) opposite of Orense St. Makati",MMDA Road Safety Unit,,d4b1c0ac-73b6-4645-8269-2f0f774009f7,2010-08-30,13:35:00,EDSA (SB) near MRT-Magallanes Station Makati,0,0,0,0,0,0,0,0,0,0,2010-08-30 21:35,Property,14.56178559,121.0428099,Side Swipe
None,EDSA,None,None,"Unknown, Rear-end, 0.0 drivers_injured, 0.0 drivers_killed, 0.0 passengers_injured, 0.0 passengers_killed, 0.0 pedestrian_injured, 0.0 pedestrian_killed, Fair, EDSA (SB) MRT-Guadalupe Station Makati",MMDA Road Safety Unit,,73809561-2953-4ed2-a0c3-9a502463a7cf,2010-08-26,06:15:00,EDSA (SB) underneath Guadalupe Bridge Makati,0,0,0,0,0,0,0,0,0,0,2010-08-26 14:15,Property,14.56668632,121.0454204,Rear-End
None,EDSA,None,None,"Unknown, Rear-end, 0.0 drivers_injured, 0.0 drivers_killed, 0.0 passengers_injured, 0.0 passengers_killed, 0.0 pedestrian_injured, 0.0 pedestrian_killed, Fair, EDSA (SB) Estrella St.  Makati",MMDA Road Safety Unit,,7a0db1f0-d06d-434f-989b-672d714ba7bf,2010-08-22,22:30:00,EDSA (SB) Buendia Area  Makati,0,0,0,0,0,0,0,0,0,0,2010-08-23 6:30,Property,14.56002889,121.040751,Rear-End
None,EDSA,None,None,"Unknown, Rear-end, 0.0 drivers_injured, 0.0 drivers_killed, 0.0 passengers_injured, 0.0 passengers_killed, 0.0 pedestrian_injured, 0.0 pedestrian_killed, Fair, EDSA (SB) approaching MRT-Guadalupe Station Makati",MMDA Road Safety Unit,,2c963e46-4d38-4fe8-8872-33d79e50af8c,2010-08-21,05:45:00,EDSA (SB) Sen. Gil J. Puyat Ave. (Buendia) Makati,0,0,0,0,0,0,0,0,0,0,2010-08-21 13:45,Property,14.5665643,121.0454117,Rear-End
None,EDSA,None,None,"Unknown, Side Swipe, 0.0 drivers_injured, 0.0 drivers_killed, 0.0 passengers_injured, 0.0 passengers_killed, 0.0 pedestrian_injured, 0.0 pedestrian_killed, Fair, EDSA (SB) Estrella St., Bgy. Bel-Air Makati",MMDA Road Safety Unit,,6b6c8d01-d47b-47e0-b035-1dc8aff3c938,2010-08-21,03:05:00,EDSA (SB) after Sen. Gil J. Puyat Ave. (Buendia) Makati,0,0,0,0,0,0,0,0,0,0,2010-08-21 11:05,Property,14.56002889,121.040751,Side Swipe
None,EDSA,None,None,"Unknown, Side Swipe, 0.0 drivers_injured, 0.0 drivers_killed, 0.0 passengers_injured, 0.0 passengers_killed, 0.0 pedestrian_injured, 0.0 pedestrian_killed, Fair, EDSA (SB) Sen. Gil J. Puyat Ave. (Buendia) Makati",MMDA Road Safety Unit,,66e3c7ee-e316-4081-8e85-247bcf42ebe4,2010-08-20,22:00:00,EDSA (SB) approaching Mantrade Loading Bay Makati,0,0,0,0,0,0,0,0,0,0,2010-08-21 6:00,Property,14.55496432,121.0348612,Side Swipe
None,EDSA,None,None,"Unknown, Self-Accident, 0.0 drivers_injured, 0.0 drivers_killed, 0.0 passengers_injured, 0.0 passengers_killed, 0.0 pedestrian_injured, 0.0 pedestrian_killed, Fair, EDSA (SB) Ayala Loading Bay Makati",MMDA Road Safety Unit,,a37f1230-b5f3-4601-af4e-6db45142206f,2010-08-20,18:50:00,EDSA (SB) Estrella Loading Bay  Makati,0,0,0,0,0,0,0,0,0,0,2010-08-21 2:50,Property,14.54886,121.0276063,Self-Accident
None,EDSA,None,None,"Unknown, Side Swipe, 0.0 drivers_injured, 0.0 drivers_killed, 0.0 passengers_injured, 0.0 passengers_killed, 0.0 pedestrian_injured, 0.0 pedestrian_killed, Fair, EDSA (SB) approaching Ayala Ave. Makati",MMDA Road Safety Unit,,d8e27f0a-6bbe-4fbd-90d3-38cb4895f0f2,2010-08-20,01:55:00,EDSA (SB) approaching Ayala Ave. Makati,0,0,0,0,0,0,0,0,0,0,2010-08-20 9:55,Property,14.55028537,121.0293488,Side Swipe
None,EDSA,None,None,"Unknown, Rear-end, 0.0 drivers_injured, 0.0 drivers_killed, 0.0 passengers_injured, 0.0 passengers_killed, 0.0 pedestrian_injured, 0.0 pedestrian_killed, Fair, EDSA (SB) beside Mantrade Loading Bay Makati",MMDA Road Safety Unit,,a09df4f9-4e91-44b8-a588-e4fdd068582f,2010-08-17,22:30:00,EDSA (SB) approaching Magallanes Interchange Makati,0,0,0,0,0,0,0,0,0,0,2010-08-18 6:30,Property,14.54304228,121.0205482,Rear-End
None,EDSA,None,None,"Unknown, Rear-end, 0.0 drivers_injured, 0.0 drivers_killed, 0.0 passengers_injured, 0.0 passengers_killed, 0.0 pedestrian_injured, 0.0 pedestrian_killed, Fair, EDSA (SB) after Sen. Gil J. Puyat Ave. (Buendia) Makati",MMDA Road Safety Unit,,be60a6b8-8413-44cf-8df2-d8862adfe290,2010-08-17,17:35:00,EDSA (SB) approaching Sen. Gil J. Puyat Ave. (Buendia) Makati,0,0,0,0,0,0,0,0,0,0,2010-08-18 1:35,Property,14.5547747,121.0350593,Rear-End
None,EDSA,None,None,"Unknown, Side Swipe, 0.0 drivers_injured, 0.0 drivers_killed, 0.0 passengers_injured, 0.0 passengers_killed, 0.0 pedestrian_injured, 0.0 pedestrian_killed, Fair, EDSA (SB) before Estrella St. Makati",MMDA Road Safety Unit,,34ad4c16-2738-4c98-9f6a-1b98f9f7c1f2,2010-08-13,13:10:00,EDSA (SB) after Guadalupe Pedestrian Overpass Makati,0,0,0,0,0,0,0,0,0,0,2010-08-13 21:10,Property,14.55988482,121.0406786,Side Swipe
None,EDSA,None,None,"Unknown, Rear-end, 0.0 drivers_injured, 0.0 drivers_killed, 0.0 passengers_injured, 0.0 passengers_killed, 0.0 pedestrian_injured, 0.0 pedestrian_killed, Fair, EDSA (SB) near MRT-Magallanes Station Makati",MMDA Road Safety Unit,,d723f7c0-e4ab-45b4-8598-7185b68fdefd,2010-08-12,01:20:00,EDSA (SB) Estrella Loading Bay Makati,0,0,0,0,0,0,0,0,0,0,2010-08-12 9:20,Property,14.54184482,121.0191444,Rear-End
None,EDSA,None,None,"Unknown, Other (Hit by a Fallen Debris), 0.0 drivers_injured, 0.0 drivers_killed, 0.0 passengers_injured, 0.0 passengers_killed, 0.0 pedestrian_injured, 0.0 pedestrian_killed, Fair, EDSA (SB) underneath Guadalupe Bridge Makati",MMDA Road Safety Unit,,8d0d7269-24a4-4d7b-8044-773d59e3e31a,2010-08-08,14:15:00,EDSA (SB) approaching Buendia Ave. Makati,0,0,0,0,0,0,0,0,0,0,2010-08-08 22:15,Property,14.56801067,121.0459587,Hit Object
None,EDSA,None,None,"Unknown, Rear-end, 0.0 drivers_injured, 0.0 drivers_killed, 0.0 passengers_injured, 0.0 passengers_killed, 0.0 pedestrian_injured, 0.0 pedestrian_killed, Fair, EDSA (SB) Buendia Area  Makati",MMDA Road Safety Unit,,53c2d839-a8fa-48e5-bfea-70cb0e9d832f,2010-08-06,17:20:00,EDSA (SB) approaching Mantrade Loading Bay Makati,0,0,0,0,0,0,0,0,0,0,2010-08-07 1:20,Property,14.55505269,121.034707,Rear-End
None,EDSA,None,None,"Unknown, Side Swipe, 0.0 drivers_injured, 0.0 drivers_killed, 0.0 passengers_injured, 0.0 passengers_killed, 0.0 pedestrian_injured, 0.0 pedestrian_killed, Fair, EDSA (SB) Sen. Gil J. Puyat Ave. (Buendia) Makati",MMDA Road Safety Unit,,e4a87147-3638-4c72-9f9a-c50cd5bb2004,2010-08-04,05:30:00,EDSA (SB) Sen. Gil J. Puyat Ave. (Buendia) Makati,0,0,0,0,0,0,0,0,0,0,2010-08-04 13:30,Property,14.55496432,121.0348612,Side Swipe
None,EDSA,None,None,"Unknown, Hit Object (No Object Stated), 0.0 drivers_injured, 0.0 drivers_killed, 0.0 passengers_injured, 0.0 passengers_killed, 0.0 pedestrian_injured, 0.0 pedestrian_killed, Fair, EDSA (SB) after Sen. Gil J. Puyat Ave. (Buendia) Makati",MMDA Road Safety Unit,,29c5dc95-9003-4746-b729-38865660702f,2010-08-04,04:10:00,EDSA (SB) approaching  Kalayaan Ave. Makati,0,0,0,0,0,0,0,0,0,0,2010-08-04 12:10,Property,14.5547747,121.0350593,Hit Object
None,EDSA,None,None,"Unknown, Rear-end, 0.0 drivers_injured, 0.0 drivers_killed, 0.0 passengers_injured, 0.0 passengers_killed, 0.0 pedestrian_injured, 0.0 pedestrian_killed, Fair, EDSA (SB) approaching Mantrade Loading Bay Makati",MMDA Road Safety Unit,,408e6356-c208-49dd-b978-38dc20475735,2010-08-03,15:00:00,"EDSA (SB) at ""U"" turn slot, Buendia  Makati",0,0,0,0,0,0,0,0,0,0,2010-08-03 23:00,Property,14.54303232,121.0205079,Rear-End
None,EDSA,None,None,"Unknown, Rear-end, 0.0 drivers_injured, 0.0 drivers_killed, 0.0 passengers_injured, 0.0 passengers_killed, 0.0 pedestrian_injured, 0.0 pedestrian_killed, Fair, EDSA (SB) Estrella Loading Bay  Makati",MMDA Road Safety Unit,,4f48ae90-9640-4212-a5f4-a820ddfcbdaf,2010-08-02,08:45:00,EDSA (SB) approaching Estrella Loading Bay Makati,0,0,0,0,0,0,0,0,0,0,2010-08-02 16:45,Property,14.56059855,121.0413941,Rear-End
None,EDSA,None,None,"Unknown, Side Swipe, 0.0 drivers_injured, 0.0 drivers_killed, 0.0 passengers_injured, 0.0 passengers_killed, 0.0 pedestrian_injured, 0.0 pedestrian_killed, Fair, EDSA (SB) approaching Ayala Ave. Makati",MMDA Road Safety Unit,,26366b92-0efc-436c-8865-210cc38a5615,2010-07-31,13:45:00,EDSA (SB) Ayala Ave. Makati,0,0,0,0,0,0,0,0,0,0,2010-07-31 21:45,Property,14.55028537,121.0293488,Side Swipe
None,EDSA,None,None,"Unknown, Side Swipe, 0.0 drivers_injured, 0.0 drivers_killed, 0.0 passengers_injured, 0.0 passengers_killed, 0.0 pedestrian_injured, 0.0 pedestrian_killed, Fair, EDSA (SB) approaching Magallanes Interchange Makati",MMDA Road Safety Unit,,1c6ff30b-e9b5-47d7-b03a-5dc14d5a7a5a,2010-07-23,15:30:00,EDSA (SB) approaching Magallanes Interchange Makati,0,0,0,0,0,0,0,0,0,0,2010-07-23 23:30,Property,14.54035889,121.0168007,Side Swipe
None,EDSA,None,None,"Unknown, Side Swipe, 0.0 drivers_injured, 0.0 drivers_killed, 0.0 passengers_injured, 0.0 passengers_killed, 0.0 pedestrian_injured, 0.0 pedestrian_killed, Fair, EDSA (SB) approaching Sen. Gil J. Puyat Ave. (Buendia) Makati",MMDA Road Safety Unit,,01219843-14ee-49b1-bcc4-c4e9e3bcdaf5,2010-07-23,06:30:00,EDSA (SB) approaching Mantrade Loading Bay Makati,0,0,0,0,0,0,0,0,0,0,2010-07-23 14:30,Property,14.55542101,121.0352189,Side Swipe
None,EDSA,None,None,"Unknown, Rear-end, 0.0 drivers_injured, 0.0 drivers_killed, 0.0 passengers_injured, 0.0 passengers_killed, 0.0 pedestrian_injured, 0.0 pedestrian_killed, Fair, EDSA (SB) after Guadalupe Pedestrian Overpass Makati",MMDA Road Safety Unit,,e51e6fba-42dd-4d22-8e4e-24bf0cffe030,2010-07-23,00:40:00,EDSA (SB) fronting Shell Gas Station after Ayala Ave. Makati,0,0,0,0,0,0,0,0,0,0,2010-07-23 8:40,Property,14.56480887,121.0449325,Rear-End
None,EDSA,None,None,"Unknown, Rear-end, 0.0 drivers_injured, 0.0 drivers_killed, 0.0 passengers_injured, 0.0 passengers_killed, 0.0 pedestrian_injured, 0.0 pedestrian_killed, Fair, EDSA (SB) Estrella Loading Bay Makati",MMDA Road Safety Unit,,e13459a6-f721-4755-b426-4a18b9657804,2010-07-22,22:00:00,EDSA (SB) approaching Magallanes Interchange Makati,0,0,0,0,0,0,0,0,0,0,2010-07-23 6:00,Property,14.56059855,121.0413941,Rear-End
None,EDSA,None,None,"Unknown, Side Swipe, 0.0 drivers_injured, 0.0 drivers_killed, 0.0 passengers_injured, 0.0 passengers_killed, 0.0 pedestrian_injured, 0.0 pedestrian_killed, Fair, EDSA (SB) approaching Buendia Ave. Makati",MMDA Road Safety Unit,,230b644c-c282-44be-b123-a99bb2ef6a82,2010-07-22,11:35:00,EDSA (SB) Ayala Ave. Makati,0,0,0,0,0,0,0,0,0,0,2010-07-22 19:35,Property,14.55537485,121.0354873,Side Swipe
None,EDSA,None,None,"Unknown, Side Swipe, 0.0 drivers_injured, 0.0 drivers_killed, 0.0 passengers_injured, 0.0 passengers_killed, 0.0 pedestrian_injured, 0.0 pedestrian_killed, Fair, EDSA (SB) approaching Mantrade Loading Bay Makati",MMDA Road Safety Unit,,f0bb4608-ca2f-40f4-a32f-52fe86c3dd98,2010-07-20,04:45:00,EDSA (SB) Sen. Gil J. Puyat Ave. (Buendia) Makati,0,0,0,0,0,0,0,0,0,0,2010-07-20 12:45,Property,14.54303232,121.0205079,Side Swipe
None,EDSA,None,None,"Unknown, Angle Impact, 0.0 drivers_injured, 0.0 drivers_killed, 0.0 passengers_injured, 0.0 passengers_killed, 0.0 pedestrian_injured, 0.0 pedestrian_killed, Fair, EDSA (SB) Sen. Gil J. Puyat Ave. (Buendia) Makati",MMDA Road Safety Unit,,adebfc43-dabb-4222-ae59-b4388fa0d3f4,2010-07-19,03:25:00,EDSA (SB) Buendia Area Makati,0,0,0,0,0,0,0,0,0,0,2010-07-19 11:25,Property,14.55496432,121.0348612,Angle Impact
None,EDSA,None,None,"Unknown, Rear-end, 0.0 drivers_injured, 0.0 drivers_killed, 0.0 passengers_injured, 0.0 passengers_killed, 0.0 pedestrian_injured, 0.0 pedestrian_killed, Fair, EDSA (SB) approaching  Kalayaan Ave. Makati",MMDA Road Safety Unit,,0632e601-2cf1-4a09-b4a1-85b365023fb9,2010-07-15,23:00:00,EDSA (SB) McKinley to Ayala Junction Makati,0,0,0,0,0,0,0,0,0,0,2010-07-16 7:00,Property,14.55757321,121.0380294,Rear-End
None,EDSA,None,None,"Unknown, Rear-end, 0.0 drivers_injured, 0.0 drivers_killed, 0.0 passengers_injured, 0.0 passengers_killed, 0.0 pedestrian_injured, 0.0 pedestrian_killed, Fair, EDSA (SB) at ""U"" turn slot, Buendia  Makati",MMDA Road Safety Unit,,7b938ef3-1f68-4553-bdf7-d78858bd4875,2010-07-13,16:45:00,EDSA (SB) Buendia Loading Bay  Makati,0,0,0,0,0,0,0,0,0,0,2010-07-14 0:45,Property,14.555324,121.0354826,Rear-End
None,EDSA,None,None,"Unknown, Hit Object (No Object Stated), 0.0 drivers_injured, 0.0 drivers_killed, 0.0 passengers_injured, 0.0 passengers_killed, 0.0 pedestrian_injured, 0.0 pedestrian_killed, Fair, EDSA (SB) approaching Estrella Loading Bay Makati",MMDA Road Safety Unit,,e3ca5843-c1da-4d0e-90a2-c9e916e2283a,2010-07-12,22:15:00,EDSA (SB) approaching Ayala Ave. Makati,0,0,0,0,0,0,0,0,0,0,2010-07-13 6:15,Property,14.56080008,121.0416181,Hit Object
None,EDSA,None,None,"Unknown, Rear-end, 0.0 drivers_injured, 0.0 drivers_killed, 0.0 passengers_injured, 0.0 passengers_killed, 0.0 pedestrian_injured, 0.0 pedestrian_killed, Fair, EDSA (SB) Ayala Ave. Makati",MMDA Road Safety Unit,,91ebf18b-2ba0-401b-ad5d-763c99e2fc70,2010-07-12,10:30:00,EDSA (SB) before Buendia Ave. Makati,0,0,0,0,0,0,0,0,0,0,2010-07-12 18:30,Property,14.55022912,121.0292348,Rear-End
None,EDSA,None,None,"Unknown, Side Swipe, 0.0 drivers_injured, 0.0 drivers_killed, 0.0 passengers_injured, 0.0 passengers_killed, 0.0 pedestrian_injured, 0.0 pedestrian_killed, Fair, EDSA (SB) approaching Magallanes Interchange Makati",MMDA Road Safety Unit,,58dc3cd1-491d-43ed-90f5-94ef390bf193,2010-07-09,14:00:00,EDSA (SB) Buendia fronting Shell Gas Station Makati,0,0,0,0,0,0,0,0,0,0,2010-07-09 22:00,Property,14.54035889,121.0168007,Side Swipe
None,EDSA,None,None,"Unknown, Side Swipe, 0.0 drivers_injured, 0.0 drivers_killed, 0.0 passengers_injured, 0.0 passengers_killed, 0.0 pedestrian_injured, 0.0 pedestrian_killed, Fair, EDSA (SB) approaching Mantrade Loading Bay Makati",MMDA Road Safety Unit,,46dc1ceb-274b-443f-97e4-173a31075a53,2010-07-09,11:20:00,EDSA (SB) MRT Stn. Buendia Makati,0,0,0,0,0,0,0,0,0,0,2010-07-09 19:20,Property,14.54303232,121.0205079,Side Swipe
None,EDSA,None,None,"Unknown, Rear-end, 0.0 drivers_injured, 0.0 drivers_killed, 0.0 passengers_injured, 0.0 passengers_killed, 0.0 pedestrian_injured, 0.0 pedestrian_killed, Fair, EDSA (SB) fronting Shell Gas Station after Ayala Ave. Makati",MMDA Road Safety Unit,,d997eaaf-b898-412a-a42f-8a14d80023ec,2010-07-09,11:00:00,EDSA (SB) Sen. Gil Puyat Avenue (Buendia ) Makati,0,0,0,0,0,0,0,0,0,0,2010-07-09 19:00,Property,14.55051601,121.029764,Rear-End
None,EDSA,None,None,"Unknown, Rear-end, 0.0 drivers_injured, 0.0 drivers_killed, 0.0 passengers_injured, 0.0 passengers_killed, 0.0 pedestrian_injured, 0.0 pedestrian_killed, Fair, EDSA (SB) approaching Magallanes Interchange Makati",MMDA Road Safety Unit,,becd245a-2ae4-4bad-b373-fb1c31dad095,2010-07-07,08:35:00,EDSA (SB) Ayala Avenue Makati,0,0,0,0,0,0,0,0,0,0,2010-07-07 16:35,Property,14.54035889,121.0168007,Rear-End
None,EDSA,None,None,"Unknown, Side Swipe, 0.0 drivers_injured, 0.0 drivers_killed, 0.0 passengers_injured, 0.0 passengers_killed, 0.0 pedestrian_injured, 0.0 pedestrian_killed, Fair, EDSA (SB) Ayala Ave. Makati",MMDA Road Safety Unit,,2bf3db52-c1f2-470d-be67-6bf76bb3449a,2010-07-07,05:45:00,EDSA (SB) Mantrade Loading Bay Makati,0,0,0,0,0,0,0,0,0,0,2010-07-07 13:45,Property,14.55022912,121.0292348,Side Swipe
None,EDSA,None,None,"Unknown, Side Swipe, 0.0 drivers_injured, 0.0 drivers_killed, 0.0 passengers_injured, 0.0 passengers_killed, 0.0 pedestrian_injured, 0.0 pedestrian_killed, Fair, EDSA (SB) Sen. Gil J. Puyat Ave. (Buendia) Makati",MMDA Road Safety Unit,,3d10b899-0ce6-493e-97db-e76ef1bfd91f,2010-07-05,22:45:00,EDSA (SB) bet. Buendia Aven. & Ayala Avenue Makati,0,0,0,0,0,0,0,0,0,0,2010-07-06 6:45,Property,14.55496432,121.0348612,Side Swipe
None,EDSA,None,None,"Unknown, Side Swipe, 0.0 drivers_injured, 0.0 drivers_killed, 0.0 passengers_injured, 0.0 passengers_killed, 0.0 pedestrian_injured, 0.0 pedestrian_killed, Fair, EDSA (SB) Buendia Area Makati",MMDA Road Safety Unit,,f00e8a88-e70f-4818-bf78-c56649c6e56c,2010-07-05,06:30:00,EDSA (SB) Approaching Guadalupe MRT Station Makati,0,0,0,0,0,0,0,0,0,0,2010-07-05 14:30,Property,14.55505269,121.034707,Side Swipe
None,EDSA,None,None,"Unknown, Angle Impact, 0.0 drivers_injured, 0.0 drivers_killed, 0.0 passengers_injured, 0.0 passengers_killed, 0.0 pedestrian_injured, 0.0 pedestrian_killed, Fair, EDSA (SB) McKinley to Ayala Junction Makati",MMDA Road Safety Unit,,e76bfbb1-1f16-48c1-af59-f3555a9448ae,2010-07-03,23:10:00,EDSA (SB) fronting Caltex and opposite Evangelista St. Makati,0,0,0,0,0,0,0,0,0,0,2010-07-04 7:10,Property,14.55013698,121.0294728,Angle Impact
None,EDSA,None,None,"Unknown, Side Swipe, 0.0 drivers_injured, 0.0 drivers_killed, 0.0 passengers_injured, 0.0 passengers_killed, 0.0 pedestrian_injured, 0.0 pedestrian_killed, Fair, EDSA (SB) Buendia Loading Bay  Makati",MMDA Road Safety Unit,,0fb2ff78-ce87-4fe2-95cf-6bdfa6be8b1d,2010-07-02,03:30:00,EDSA (SB) Ayala Avenue  Makati,0,0,0,0,0,0,0,0,0,0,2010-07-02 11:30,Property,14.55400112,121.0336264,Side Swipe
None,EDSA,None,None,"Unknown, Side Swipe, 0.0 drivers_injured, 0.0 drivers_killed, 0.0 passengers_injured, 0.0 passengers_killed, 0.0 pedestrian_injured, 0.0 pedestrian_killed, Fair, EDSA (SB) approaching Ayala Ave. Makati",MMDA Road Safety Unit,,ac9481fb-6643-4b5f-87c6-6588e4f7ef96,2010-07-02,00:10:00,EDSA (SB) fronting Pet Plans Tower  Makati,0,0,0,0,0,0,0,0,0,0,2010-07-02 8:10,Property,14.55028537,121.0293488,Side Swipe
None,EDSA,None,None,"Unknown, Rear-end, 0.0 drivers_injured, 0.0 drivers_killed, 0.0 passengers_injured, 0.0 passengers_killed, 0.0 pedestrian_injured, 0.0 pedestrian_killed, Fair, EDSA (SB) before Buendia Ave. Makati",MMDA Road Safety Unit,,587c51dd-3b7e-4b44-a879-c2e6b2e0e853,2010-07-01,04:00:00,EDSA (SB) Approaching Evangelista St. Makati,0,0,0,0,0,0,0,0,0,0,2010-07-01 12:00,Property,14.555472,121.035406,Rear-End
None,EDSA,None,None,"Unknown, Rear-end, 0.0 drivers_injured, 0.0 drivers_killed, 0.0 passengers_injured, 0.0 passengers_killed, 0.0 pedestrian_injured, 0.0 pedestrian_killed, Dry, EDSA (SB) Buendia fronting Shell Gas Station Makati",MMDA Road Safety Unit,,77eaaa5b-b2fd-44be-8faa-4e1e17cf1454,2010-06-29,00:05:00,"EDSA (SB) at ""u""turn slot / Buendia Avenue Makati",0,0,0,0,0,0,0,0,0,0,2010-06-29 8:05,Property,14.55532434,121.0351661,Rear-End
None,EDSA,None,None,"Unknown, Side Swipe, 0.0 drivers_injured, 0.0 drivers_killed, 0.0 passengers_injured, 0.0 passengers_killed, 0.0 pedestrian_injured, 0.0 pedestrian_killed, Dry, EDSA (SB) MRT Stn. Buendia Makati",MMDA Road Safety Unit,,06f85a5b-131d-4e44-96ac-06fa78ceac52,2010-06-25,12:20:00,EDSA (SB) Estrella Loading Bay Makati,0,0,0,0,0,0,0,0,0,0,2010-06-25 20:20,Property,14.55435965,121.0340381,Side Swipe
None,EDSA,None,None,"Unknown, Rear-end, 0.0 drivers_injured, 0.0 drivers_killed, 0.0 passengers_injured, 0.0 passengers_killed, 0.0 pedestrian_injured, 0.0 pedestrian_killed, Dry, EDSA (SB) Sen. Gil Puyat Avenue (Buendia ) Makati",MMDA Road Safety Unit,,d10ac764-3972-46e4-a48f-1c1852f5a6b3,2010-06-24,11:20:00,"EDSA (SB) at ""u""turn slot / Buendia Avenue Makati",0,0,0,0,0,0,0,0,0,0,2010-06-24 19:20,Property,14.55496432,121.0348612,Rear-End
None,EDSA,None,None,"Unknown, Side Swipe, 0.0 drivers_injured, 0.0 drivers_killed, 0.0 passengers_injured, 0.0 passengers_killed, 0.0 pedestrian_injured, 0.0 pedestrian_killed, Dry, EDSA (SB) Ayala Avenue Makati",MMDA Road Safety Unit,,a18cf1ec-940f-465c-9318-247c7e463fc6,2010-06-19,12:30:00,EDSA (SB) Approaching Mantrade Makati,0,0,0,0,0,0,0,0,0,0,2010-06-19 20:30,Property,14.55023673,121.029251,Side Swipe
None,EDSA,None,None,"Unknown, Other (Backing Collision), 0.0 drivers_injured, 0.0 drivers_killed, 0.0 passengers_injured, 0.0 passengers_killed, 0.0 pedestrian_injured, 0.0 pedestrian_killed, Dry, EDSA (SB) Mantrade Loading Bay Makati",MMDA Road Safety Unit,,e3d029c7-1977-4db1-b7c0-1c60e9da2667,2010-06-18,23:30:00,EDSA (SB) after Estrella St. Brgy. Bel Air Makati,0,0,0,0,0,0,0,0,0,0,2010-06-19 7:30,Property,14.54276678,121.0202719,Rear-End
None,EDSA,None,None,"Unknown, Rear-end, 0.0 drivers_injured, 0.0 drivers_killed, 0.0 passengers_injured, 0.0 passengers_killed, 0.0 pedestrian_injured, 0.0 pedestrian_killed, Dry, EDSA (SB) bet. Buendia Aven. & Ayala Avenue Makati",MMDA Road Safety Unit,,a03bfd5e-4d5e-437e-9c2f-72cde02db225,2010-06-15,23:00:00,EDSA (SB) Rockwell Split Makati,0,0,0,0,0,0,0,0,0,0,2010-06-16 7:00,Property,14.55396629,121.0334647,Rear-End
None,EDSA,None,None,"Unknown, Hit Object (No Object Stated), 0.0 drivers_injured, 0.0 drivers_killed, 0.0 passengers_injured, 0.0 passengers_killed, 0.0 pedestrian_injured, 0.0 pedestrian_killed, Dry, EDSA (SB) Approaching Guadalupe MRT Station Makati",MMDA Road Safety Unit,,58d96931-b8e5-4916-bb57-d4ab7c1a4096,2010-06-15,15:30:00,EDSA (SB) Rockwell Split Makati,0,0,0,0,0,0,0,0,0,0,2010-06-15 23:30,Property,14.56676945,121.045497,Hit Object
None,EDSA,None,None,"Unknown, Side Swipe, 0.0 drivers_injured, 0.0 drivers_killed, 0.0 passengers_injured, 0.0 passengers_killed, 0.0 pedestrian_injured, 0.0 pedestrian_killed, Dry, EDSA (SB) fronting Caltex and opposite Evangelista St. Makati",MMDA Road Safety Unit,,5f4962f7-d6f8-4d87-ba0d-84fe97910e3c,2010-06-15,13:30:00,EDSA (SB) before Estrella St. Brgy. Bel Air Makati,0,0,0,0,0,0,0,0,0,0,2010-06-15 21:30,Property,14.53886169,121.0122986,Side Swipe
None,EDSA,None,None,"Unknown, Side Swipe, 0.0 drivers_injured, 0.0 drivers_killed, 0.0 passengers_injured, 0.0 passengers_killed, 0.0 pedestrian_injured, 0.0 pedestrian_killed, Dry, EDSA (SB) Ayala Avenue  Makati",MMDA Road Safety Unit,,97d29116-f367-4e3b-9877-d158a99a02d4,2010-06-15,09:40:00,EDSA (SB) Approaching Guadalupe Loading Bay Makati,0,0,0,0,0,0,0,0,0,0,2010-06-15 17:40,Property,14.55023673,121.029251,Side Swipe
None,EDSA,None,None,"Unknown, Rear-end, 0.0 drivers_injured, 0.0 drivers_killed, 0.0 passengers_injured, 0.0 passengers_killed, 0.0 pedestrian_injured, 0.0 pedestrian_killed, Dry, EDSA (SB) fronting Pet Plans Tower  Makati",MMDA Road Safety Unit,,dd54f0ea-6b7c-4316-9838-bfa76ef9feec,2010-06-14,06:00:00,EDSA (SB) Buendia Avenue Makati,0,0,0,0,0,0,0,0,0,0,2010-06-14 14:00,Property,14.56187579,121.0428741,Rear-End
None,EDSA,None,None,"Unknown, Rear-end, 0.0 drivers_injured, 0.0 drivers_killed, 0.0 passengers_injured, 0.0 passengers_killed, 0.0 pedestrian_injured, 0.0 pedestrian_killed, Dry, EDSA (SB) Approaching Evangelista St. Makati",MMDA Road Safety Unit,,99bea430-c1ef-468d-ae37-971b7a95f64b,2010-06-13,00:30:00,EDSA (SB) Approaching Pasong Tamo St. Makati,0,0,0,0,0,0,0,0,0,0,2010-06-13 8:30,Property,14.53906313,121.0122941,Rear-End
None,EDSA,None,None,"Unknown, Side Swipe, 0.0 drivers_injured, 0.0 drivers_killed, 0.0 passengers_injured, 0.0 passengers_killed, 0.0 pedestrian_injured, 0.0 pedestrian_killed, Dry, EDSA (SB) at ""u""turn slot / Buendia Avenue Makati",MMDA Road Safety Unit,,1113328f-daf1-443e-a39f-c72203452d8a,2010-06-13,00:00:00,EDSA (SB) Estrella St. Makati,0,0,0,0,0,0,0,0,0,0,2010-06-13 8:00,Property,14.555324,121.0354826,Side Swipe
None,EDSA,None,None,"Unknown, Hit Object (No Object Stated), 0.0 drivers_injured, 0.0 drivers_killed, 0.0 passengers_injured, 0.0 passengers_killed, 0.0 pedestrian_injured, 0.0 pedestrian_killed, Dry, EDSA (SB) Estrella Loading Bay Makati",MMDA Road Safety Unit,,f411858c-83be-4561-a42b-f248da11ea08,2010-06-12,19:00:00,EDSA (SB) Buendia Avenue Makati,0,0,0,0,0,0,0,0,0,0,2010-06-13 3:00,Property,14.56059855,121.0413941,Hit Object