LOCATION_TEXT,ROAD,WEATHER,LIGHT,DESC,REPORTING_AGENCY,MAIN_CAUSE,INCIDENTDETAILS_ID,DATE_UTC,TIME_UTC,ADDRESS,killed_driver,killed_passenger,killed_pedestrian,injured_driver,injured_passenger,injured_pedestrian,killed_uncategorized,injured_uncategorized,killed_total,injured_total,DATETIME_PST,SEVERITY,Y,X,COLLISION_TYPE
None,EDSA,None,None,"Unknown, Rear-end, 0.0 drivers_injured, 0.0 drivers_killed, 0.0 passengers_injured, 0.0 passengers_killed, 0.0 pedestrian_injured, 0.0 pedestrian_killed, Dry, EDSA (SB) at ""u""turn slot / Buendia Avenue Makati",MMDA Road Safety Unit,,e5fd1abf-4265-457b-ba5a-d02fff462e84,2010-06-12,05:45:00,EDSA (SB) mantrade Loading Bay Makati,0,0,0,0,0,0,0,0,0,0,2010-06-12 13:45,Property,14.555324,121.0354826,Rear-End
None,EDSA,None,None,"Unknown, Side Swipe, 0.0 drivers_injured, 0.0 drivers_killed, 0.0 passengers_injured, 0.0 passengers_killed, 0.0 pedestrian_injured, 0.0 pedestrian_killed, Dry, EDSA (SB) Approaching Mantrade Makati",MMDA Road Safety Unit,,98680d24-2b84-48bc-9b78-710cc7e727c7,2010-06-11,09:10:00,EDSA (SB) Connecticut St. Makati,0,0,0,0,0,0,0,0,0,0,2010-06-11 17:10,Property,14.53941899,121.014514,Side Swipe
None,EDSA,None,None,"Unknown, Rear-end, 0.0 drivers_injured, 0.0 drivers_killed, 0.0 passengers_injured, 0.0 passengers_killed, 0.0 pedestrian_injured, 0.0 pedestrian_killed, Dry, EDSA (SB) after Estrella St. Brgy. Bel Air Makati",MMDA Road Safety Unit,,e5e5adba-6a32-4db3-a91f-4d15da7420ec,2010-06-10,07:05:00,EDSA (SB) Buendia Loading Bay Makati,0,0,0,0,0,0,0,0,0,0,2010-06-10 15:05,Property,14.56019425,121.0409398,Rear-End
None,EDSA,None,None,"Unknown, Side Swipe, 0.0 drivers_injured, 0.0 drivers_killed, 0.0 passengers_injured, 0.0 passengers_killed, 0.0 pedestrian_injured, 0.0 pedestrian_killed, Dry, EDSA (SB) Rockwell Split Makati",MMDA Road Safety Unit,,292bfeb7-c655-4eda-b9e8-4e006fea8eb2,2010-06-09,23:20:00,EDSA (SB) Approaching mantrade Loading Bay Makati,0,0,0,0,0,0,0,0,0,0,2010-06-10 7:20,Property,14.559945,121.0407272,Side Swipe
None,EDSA,None,None,"Unknown, Side Swipe, 0.0 drivers_injured, 0.0 drivers_killed, 0.0 passengers_injured, 0.0 passengers_killed, 0.0 pedestrian_injured, 0.0 pedestrian_killed, Dry, EDSA (SB) Rockwell Split Makati",MMDA Road Safety Unit,,76a13803-9365-4f82-88fa-507cef4f32df,2010-06-09,23:20:00,EDSA (SB) fronting Pet Plans Bldg Makati,0,0,0,0,0,0,0,0,0,0,2010-06-10 7:20,Property,14.559945,121.0407272,Side Swipe
None,EDSA,None,None,"Unknown, Rear-end, 0.0 drivers_injured, 0.0 drivers_killed, 0.0 passengers_injured, 0.0 passengers_killed, 0.0 pedestrian_injured, 0.0 pedestrian_killed, Dry, EDSA (SB) before Estrella St. Brgy. Bel Air Makati",MMDA Road Safety Unit,,275e741a-7a8e-452f-b140-e86a9f731f04,2010-06-09,05:30:00,EDSA (SB) after Estrella St. Makati,0,0,0,0,0,0,0,0,0,0,2010-06-09 13:30,Property,14.55988482,121.0406786,Rear-End
None,EDSA,None,None,"Unknown, Rear-end, 0.0 drivers_injured, 0.0 drivers_killed, 0.0 passengers_injured, 0.0 passengers_killed, 0.0 pedestrian_injured, 0.0 pedestrian_killed, Dry, EDSA (SB) Approaching Guadalupe Loading Bay Makati",MMDA Road Safety Unit,,2e185d60-fa6b-449e-b171-ec2a0f426956,2010-06-09,02:05:00,EDSA (SB) Cloverleaf Guadalupe  Makati,0,0,0,0,0,0,0,0,0,0,2010-06-09 10:05,Property,14.56461295,121.0446642,Rear-End
None,EDSA,None,None,"Unknown, Angle Impact, 0.0 drivers_injured, 0.0 drivers_killed, 0.0 passengers_injured, 0.0 passengers_killed, 0.0 pedestrian_injured, 0.0 pedestrian_killed, Dry, EDSA (SB) Buendia Avenue Makati",MMDA Road Safety Unit,,0a3b73be-236f-462a-bccd-b8eb5892ba5c,2010-06-07,05:00:00,EDSA (SB) Ayala Avenue Makati,0,0,0,0,0,0,0,0,0,0,2010-06-07 13:00,Property,14.55505269,121.034707,Angle Impact
None,EDSA,None,None,"Unknown, Rear-end, 0.0 drivers_injured, 0.0 drivers_killed, 0.0 passengers_injured, 0.0 passengers_killed, 0.0 pedestrian_injured, 0.0 pedestrian_killed, Dry, EDSA (SB) Approaching Pasong Tamo St. Makati",MMDA Road Safety Unit,,8da40803-f0b9-475a-b71c-9ca8c63abeb3,2010-06-07,01:00:00,EDSA (SB) before Buendia Avenue Makati,0,0,0,0,0,0,0,0,0,0,2010-06-07 9:00,Property,14.54777722,121.026264,Rear-End
None,EDSA,None,None,"Unknown, Rear-end, 0.0 drivers_injured, 0.0 drivers_killed, 0.0 passengers_injured, 0.0 passengers_killed, 0.0 pedestrian_injured, 0.0 pedestrian_killed, Dry, EDSA (SB) Estrella St. Makati",MMDA Road Safety Unit,,03fa2248-2148-4359-b0f6-6c26d8f811ca,2010-06-04,06:40:00,"EDSA (SB) at ""U""turn slot / Buendia Makati",0,0,0,0,0,0,0,0,0,0,2010-06-04 14:40,Property,14.56002889,121.040751,Rear-End
None,EDSA,None,None,"Unknown, Angle Impact, 0.0 drivers_injured, 0.0 drivers_killed, 0.0 passengers_injured, 0.0 passengers_killed, 0.0 pedestrian_injured, 0.0 pedestrian_killed, Dry, EDSA (SB) Buendia Avenue Makati",MMDA Road Safety Unit,,48b8eb6d-134c-4102-9c9f-0554f11d02af,2010-05-29,10:20:00,EDSA (SB) Approaching Buendia U Turn Slot Makati,0,0,0,0,0,0,0,0,0,0,2010-05-29 18:20,Property,14.55505269,121.034707,Angle Impact
None,EDSA,None,None,"Unknown, Side Swipe, 0.0 drivers_injured, 0.0 drivers_killed, 0.0 passengers_injured, 0.0 passengers_killed, 0.0 pedestrian_injured, 0.0 pedestrian_killed, Dry, EDSA (SB) mantrade Loading Bay Makati",MMDA Road Safety Unit,,2fee34a3-bbd6-404a-bbc0-92bc8beae7e1,2010-05-27,12:35:00,EDSA (SB) Guadalupe Cloverleaf Makati,0,0,0,0,0,0,0,0,0,0,2010-05-27 20:35,Property,14.54276678,121.0202719,Side Swipe
None,EDSA,None,None,"Unknown, Side Swipe, 0.0 drivers_injured, 0.0 drivers_killed, 0.0 passengers_injured, 0.0 passengers_killed, 0.0 pedestrian_injured, 0.0 pedestrian_killed, Dry, EDSA (SB) Connecticut St. Makati",MMDA Road Safety Unit,,affb090e-449c-47a5-935f-f106141ac4c1,2010-05-26,23:00:00,EDSA (SB) after magallanes Loading Bay  Makati,0,0,0,0,0,0,0,0,0,0,2010-05-27 7:00,Property,14.60164311,121.0591663,Side Swipe
None,EDSA,None,None,"Unknown, Side Swipe, 0.0 drivers_injured, 0.0 drivers_killed, 0.0 passengers_injured, 0.0 passengers_killed, 0.0 pedestrian_injured, 0.0 pedestrian_killed, Dry, EDSA (SB) Buendia Loading Bay Makati",MMDA Road Safety Unit,,70d28610-b518-4f51-9453-a9a47a311f8b,2010-05-25,23:45:00,EDSA (SB) Magallanes MRT Stattion Makati,0,0,0,0,0,0,0,0,0,0,2010-05-26 7:45,Property,14.55400112,121.0336264,Side Swipe
None,EDSA,None,None,"Unknown, Side Swipe, 0.0 drivers_injured, 0.0 drivers_killed, 0.0 passengers_injured, 0.0 passengers_killed, 0.0 pedestrian_injured, 0.0 pedestrian_killed, Dry, EDSA (SB) Approaching mantrade Loading Bay Makati",MMDA Road Safety Unit,,3b508788-c983-41d4-a927-e616e1733536,2010-05-25,13:40:00,EDSA (SB) Estrella Loading Bay  Makati,0,0,0,0,0,0,0,0,0,0,2010-05-25 21:40,Property,14.54303232,121.0205079,Side Swipe
None,EDSA,None,None,"Unknown, Rear-end, 0.0 drivers_injured, 0.0 drivers_killed, 0.0 passengers_injured, 0.0 passengers_killed, 0.0 pedestrian_injured, 0.0 pedestrian_killed, Dry, EDSA (SB) fronting Pet Plans Bldg Makati",MMDA Road Safety Unit,,aaaf30d5-4e93-400b-86bd-181d4e9795dc,2010-05-24,01:20:00,EDSA (SB) Estrella St  Makati,0,0,0,0,0,0,0,0,0,0,2010-05-24 9:20,Property,14.56187579,121.0428741,Rear-End
None,EDSA,None,None,"Unknown, Side Swipe, 0.0 drivers_injured, 0.0 drivers_killed, 0.0 passengers_injured, 0.0 passengers_killed, 0.0 pedestrian_injured, 0.0 pedestrian_killed, Dry, EDSA (SB) after Estrella St. Makati",MMDA Road Safety Unit,,65a2e670-ae74-4743-97b0-7edf0e59ccb6,2010-05-21,15:00:00,EDSA (SB) Approaching Mantrade Loading Bay Makati,0,0,0,0,0,0,0,0,0,0,2010-05-21 23:00,Property,14.56019425,121.0409398,Side Swipe
None,EDSA,None,None,"Unknown, Rear-end, 0.0 drivers_injured, 0.0 drivers_killed, 0.0 passengers_injured, 0.0 passengers_killed, 0.0 pedestrian_injured, 0.0 pedestrian_killed, Dry, EDSA (SB) Cloverleaf Guadalupe  Makati",MMDA Road Safety Unit,,c6f9d4dd-bfdb-43bb-89cd-7a572b9d3976,2010-05-20,09:30:00,EDSA (SB) before Buendia Avenue Makati,0,0,0,0,0,0,0,0,0,0,2010-05-20 17:30,Property,14.56752962,121.0456192,Rear-End
None,EDSA,None,None,"Unknown, Rear-end, 0.0 drivers_injured, 0.0 drivers_killed, 0.0 passengers_injured, 0.0 passengers_killed, 0.0 pedestrian_injured, 0.0 pedestrian_killed, Dry, EDSA (SB) Ayala Avenue Makati",MMDA Road Safety Unit,,6dca9ace-060c-4bd0-aadc-7cd3e7445b0a,2010-05-18,05:30:00,EDSA (SB) fronting Dusit Hotel  Makati,0,0,0,0,0,0,0,0,0,0,2010-05-18 13:30,Property,14.55023673,121.029251,Rear-End
None,EDSA,None,None,"Unknown, Rear-end, 0.0 drivers_injured, 0.0 drivers_killed, 0.0 passengers_injured, 0.0 passengers_killed, 0.0 pedestrian_injured, 0.0 pedestrian_killed, Dry, EDSA (SB) before Buendia Avenue Makati",MMDA Road Safety Unit,,cfbc500b-df39-424d-b7af-ea498e355b00,2010-05-17,00:20:00,EDSA (SB) Magallanes MRT Station Makati,0,0,0,0,0,0,0,0,0,0,2010-05-17 8:20,Property,14.555472,121.035406,Rear-End
None,EDSA,None,None,"Unknown, Rear-end, 0.0 drivers_injured, 0.0 drivers_killed, 0.0 passengers_injured, 0.0 passengers_killed, 0.0 pedestrian_injured, 0.0 pedestrian_killed, Dry, EDSA (SB) at ""U""turn slot / Buendia Makati",MMDA Road Safety Unit,,1b45ba56-1b4e-4dc7-abbc-0a9a68b9d8e5,2010-05-15,13:00:00,EDSA (SB) Approaching Buendia MRT Station Makati,0,0,0,0,0,0,0,0,0,0,2010-05-15 21:00,Property,14.555324,121.0354826,Rear-End
None,EDSA,None,None,"Unknown, Side Swipe, 0.0 drivers_injured, 0.0 drivers_killed, 0.0 passengers_injured, 0.0 passengers_killed, 0.0 pedestrian_injured, 0.0 pedestrian_killed, Dry, EDSA (SB) Approaching Buendia U Turn Slot Makati",MMDA Road Safety Unit,,6569b95b-d2d2-4fd0-9aa7-4d9b6229f3bf,2010-05-12,19:30:00,EDSA (SB) near corner Estrella St. Makati,0,0,0,0,0,0,0,0,0,0,2010-05-13 3:30,Property,14.55537485,121.0354873,Side Swipe
None,EDSA,None,None,"Unknown, Side Swipe, 0.0 drivers_injured, 0.0 drivers_killed, 0.0 passengers_injured, 0.0 passengers_killed, 0.0 pedestrian_injured, 0.0 pedestrian_killed, Dry, EDSA (SB) Guadalupe Cloverleaf Makati",MMDA Road Safety Unit,,0091b2bc-8aad-47d9-98ff-45c980e44ef5,2010-05-12,04:10:00,"EDSA (SB) after Kalayaan Avenue, Brgy. Pembo  Makati",0,0,0,0,0,0,0,0,0,0,2010-05-12 12:10,Property,14.56720754,121.0457277,Side Swipe
None,EDSA,None,None,"Unknown, Rear-end, 0.0 drivers_injured, 0.0 drivers_killed, 0.0 passengers_injured, 0.0 passengers_killed, 0.0 pedestrian_injured, 0.0 pedestrian_killed, Dry, EDSA (SB) after magallanes Loading Bay  Makati",MMDA Road Safety Unit,,80089978-271e-4bf7-af52-8e9e99829019,2010-05-08,18:50:00,EDSA (SB) Buendia MRT Station Makati,0,0,0,0,0,0,0,0,0,0,2010-05-09 2:50,Property,14.53948675,121.0143114,Rear-End
None,EDSA,None,None,"Unknown, Side Swipe, 0.0 drivers_injured, 0.0 drivers_killed, 0.0 passengers_injured, 0.0 passengers_killed, 0.0 pedestrian_injured, 0.0 pedestrian_killed, Dry, EDSA (SB) Magallanes MRT Stattion Makati",MMDA Road Safety Unit,,e0b8a697-f884-4e46-a64f-f2d85481123d,2010-05-07,11:05:00,EDSA (SB) Estrella St. Bel Air  Makati,0,0,0,0,0,0,0,0,0,0,2010-05-07 19:05,Property,14.54171041,121.019054,Side Swipe
None,EDSA,None,None,"Unknown, Rear-end, 0.0 drivers_injured, 0.0 drivers_killed, 0.0 passengers_injured, 0.0 passengers_killed, 0.0 pedestrian_injured, 0.0 pedestrian_killed, Dry, EDSA (SB) Estrella Loading Bay  Makati",MMDA Road Safety Unit,,7731f86c-80ed-4e13-bc65-a292993351d5,2010-05-06,20:20:00,EDSA (SB) Guadalupe Loading Bay Makati,0,0,0,0,0,0,0,0,0,0,2010-05-07 4:20,Property,14.56059855,121.0413941,Rear-End
None,EDSA,None,None,"Unknown, Rear-end, 0.0 drivers_injured, 0.0 drivers_killed, 0.0 passengers_injured, 0.0 passengers_killed, 0.0 pedestrian_injured, 0.0 pedestrian_killed, Dry, EDSA (SB) Estrella St  Makati",MMDA Road Safety Unit,,dfb6b319-1bec-4007-9cb4-6911f794dc27,2010-05-06,07:00:00,EDSA (SB) Approaching Guadalupe Loading Bay Makati,0,0,0,0,0,0,0,0,0,0,2010-05-06 15:00,Property,14.56002889,121.040751,Rear-End
None,EDSA,None,None,"Unknown, Rear-end, 0.0 drivers_injured, 0.0 drivers_killed, 0.0 passengers_injured, 0.0 passengers_killed, 0.0 pedestrian_injured, 0.0 pedestrian_killed, Dry, EDSA (SB) Approaching Mantrade Loading Bay Makati",MMDA Road Safety Unit,,605531a4-73a4-4c4f-878a-afb4a4f3f36a,2010-05-06,03:00:00,EDSA (SB) Ayala Avenue  Makati,0,0,0,0,0,0,0,0,0,0,2010-05-06 11:00,Property,14.54303232,121.0205079,Rear-End
None,EDSA,None,None,"Unknown, Hit Object (Center Island), 0.0 drivers_injured, 0.0 drivers_killed, 0.0 passengers_injured, 0.0 passengers_killed, 0.0 pedestrian_injured, 0.0 pedestrian_killed, Dry, EDSA (SB) before Buendia Avenue Makati",MMDA Road Safety Unit,,f1c935a7-5d61-4726-b60e-17a0a6aef5f5,2010-05-04,18:30:00,EDSA (SB) Buendia Emergency Bay  Makati,0,0,0,0,0,0,0,0,0,0,2010-05-05 2:30,Property,14.555472,121.035406,Hit Object
None,EDSA,None,None,"Unknown, Side Swipe, 0.0 drivers_injured, 0.0 drivers_killed, 0.0 passengers_injured, 0.0 passengers_killed, 0.0 pedestrian_injured, 0.0 pedestrian_killed, Dry, EDSA (SB) fronting Dusit Hotel  Makati",MMDA Road Safety Unit,,a254c906-a133-48b7-8366-686fbcdbeadd,2010-05-04,03:00:00,EDSA (SB) Mantrade Loading Bay Makati,0,0,0,0,0,0,0,0,0,0,2010-05-04 11:00,Property,14.54789669,121.026229,Side Swipe
None,EDSA,None,None,"Unknown, Rear-end, 0.0 drivers_injured, 0.0 drivers_killed, 0.0 passengers_injured, 0.0 passengers_killed, 0.0 pedestrian_injured, 0.0 pedestrian_killed, Dry, EDSA (SB) Magallanes MRT Station Makati",MMDA Road Safety Unit,,bbc22201-e20f-47ed-9424-e700de7b5763,2010-04-30,01:25:00,EDSA (SB) Mantrade Loading Bay Makati,0,0,0,0,0,0,0,0,0,0,2010-04-30 9:25,Property,14.54171041,121.019054,Rear-End
None,EDSA,None,None,"Unknown, Rear-end, 0.0 drivers_injured, 0.0 drivers_killed, 0.0 passengers_injured, 0.0 passengers_killed, 0.0 pedestrian_injured, 0.0 pedestrian_killed, Dry, EDSA (SB) Approaching Buendia MRT Station Makati",MMDA Road Safety Unit,,289cc67d-5a63-4a28-a732-493abff3b588,2010-04-29,09:40:00,EDSA (SB) Approaching U Turn slot . Buendia Makati,0,0,0,0,0,0,0,0,0,0,2010-04-29 17:40,Property,14.55537485,121.0354873,Rear-End
None,EDSA,None,None,"Unknown, Side Swipe, 0.0 drivers_injured, 0.0 drivers_killed, 0.0 passengers_injured, 0.0 passengers_killed, 0.0 pedestrian_injured, 0.0 pedestrian_killed, Dry, EDSA (SB) near corner Estrella St. Makati",MMDA Road Safety Unit,,d0a753b4-3c91-4008-9651-f13396ed1731,2010-04-26,11:00:00,"EDSA (SB) at ""U""turn slot / Sen. Gil Puyat Avenue Makati",0,0,0,0,0,0,0,0,0,0,2010-04-26 19:00,Property,14.55948844,121.0401715,Side Swipe
None,EDSA,None,None,"Human Error, Side Swipe, 0.0 drivers_injured, 0.0 drivers_killed, 0.0 passengers_injured, 0.0 passengers_killed, 0.0 pedestrian_injured, 0.0 pedestrian_killed, Dry, EDSA (SB) after Kalayaan Avenue, Brgy. Pembo  Makati",MMDA Road Safety Unit,,21c5b5b0-0ac6-4c91-b91d-5f366f30b549,2010-04-24,22:30:00,EDSA (SB) Guadalupe MRT Stn. Makati,0,0,0,0,0,0,0,0,0,0,2010-04-25 6:30,Property,14.55646542,121.0366124,Side Swipe
None,EDSA,None,None,"Unknown, Rear-end, 0.0 drivers_injured, 0.0 drivers_killed, 0.0 passengers_injured, 0.0 passengers_killed, 0.0 pedestrian_injured, 0.0 pedestrian_killed, Dry, EDSA (SB) Buendia MRT Station Makati",MMDA Road Safety Unit,,8a1ae27c-a4b6-4105-a110-7eb6ea0b174d,2010-04-23,13:30:00,EDSA (SB) Estrella St. Makati,0,0,0,0,0,0,0,0,0,0,2010-04-23 21:30,Property,14.55421358,121.03387,Rear-End
None,EDSA,None,None,"Unknown, Rear-end, 0.0 drivers_injured, 0.0 drivers_killed, 0.0 passengers_injured, 0.0 passengers_killed, 0.0 pedestrian_injured, 0.0 pedestrian_killed, Dry, EDSA (SB) Estrella St. Bel Air  Makati",MMDA Road Safety Unit,,0cf567c4-2691-4d54-b2c5-722f8ea04cea,2010-04-19,00:30:00,EDSA (SB) Estrella Loading Bay Makati,0,0,0,0,0,0,0,0,0,0,2010-04-19 8:30,Property,14.56002889,121.040751,Rear-End
None,EDSA,None,None,"Unknown, Rear-end, 0.0 drivers_injured, 0.0 drivers_killed, 0.0 passengers_injured, 0.0 passengers_killed, 0.0 pedestrian_injured, 0.0 pedestrian_killed, Dry, EDSA (SB) Guadalupe Loading Bay Makati",MMDA Road Safety Unit,,2c4fdc1a-69ca-43a7-b242-7fa4450042a3,2010-04-16,20:30:00,EDSA (SB) Buendia MRT Station Makati,0,0,0,0,0,0,0,0,0,0,2010-04-17 4:30,Property,14.56473213,121.0447625,Rear-End
None,EDSA,None,None,"Unknown, Rear-end, 0.0 drivers_injured, 0.0 drivers_killed, 0.0 passengers_injured, 0.0 passengers_killed, 0.0 pedestrian_injured, 0.0 pedestrian_killed, Dry, EDSA (SB) Approaching Guadalupe Loading Bay Makati",MMDA Road Safety Unit,,0573d76f-5b8f-4d64-948d-244b025936da,2010-04-16,03:30:00,EDSA (SB) Approaching Evangelista St. Makati,0,0,0,0,0,0,0,0,0,0,2010-04-16 11:30,Property,14.56461295,121.0446642,Rear-End
None,EDSA,None,None,"Unknown, Side Swipe, 0.0 drivers_injured, 0.0 drivers_killed, 0.0 passengers_injured, 0.0 passengers_killed, 0.0 pedestrian_injured, 0.0 pedestrian_killed, Dry, EDSA (SB) Ayala Avenue  Makati",MMDA Road Safety Unit,,ba2fdbe8-c220-4ffa-9ed0-9e3e30b94975,2010-04-14,11:30:00,EDSA (SB) Approaching Mantrade Makati,0,0,0,0,0,0,0,0,0,0,2010-04-14 19:30,Property,14.55023673,121.029251,Side Swipe
None,EDSA,None,None,"Unknown, Rear-end, 0.0 drivers_injured, 0.0 drivers_killed, 0.0 passengers_injured, 0.0 passengers_killed, 0.0 pedestrian_injured, 0.0 pedestrian_killed, Dry, EDSA (SB) Buendia Emergency Bay  Makati",MMDA Road Safety Unit,,50b112ff-c0ff-4d3c-845f-2235c1afadf5,2010-04-13,09:55:00,EDSA (SB) Approaching Ayala Avenue Makati,0,0,0,0,0,0,0,0,0,0,2010-04-13 17:55,Property,14.55405859,121.0336357,Rear-End
None,EDSA,None,None,"Unknown, Rear-end, 0.0 drivers_injured, 0.0 drivers_killed, 0.0 passengers_injured, 0.0 passengers_killed, 0.0 pedestrian_injured, 0.0 pedestrian_killed, Dry, EDSA (SB) Mantrade Loading Bay Makati",MMDA Road Safety Unit,,99a66fde-bf8c-4128-8f2d-74344484c126,2010-04-11,22:00:00,EDSA (SB) South Super Highway  Makati,0,0,0,0,0,0,0,0,0,0,2010-04-12 6:00,Property,14.54276678,121.0202719,Rear-End
None,EDSA,None,None,"Unknown, Rear-end, 0.0 drivers_injured, 0.0 drivers_killed, 0.0 passengers_injured, 0.0 passengers_killed, 0.0 pedestrian_injured, 0.0 pedestrian_killed, Dry, EDSA (SB) Mantrade Loading Bay Makati",MMDA Road Safety Unit,,23ddb236-c56d-4f8f-8bc6-f98f474fc287,2010-04-11,13:05:00,EDSA (SB) at Ayala Loading Bay Makati,0,0,0,0,0,0,0,0,0,0,2010-04-11 21:05,Property,14.54276678,121.0202719,Rear-End
None,EDSA,None,None,"Unknown, Rear-end, 0.0 drivers_injured, 0.0 drivers_killed, 0.0 passengers_injured, 0.0 passengers_killed, 0.0 pedestrian_injured, 0.0 pedestrian_killed, Dry, EDSA (SB) Approaching U Turn slot . Buendia Makati",MMDA Road Safety Unit,,b8da7767-8fec-48a3-85bb-06992a49ae7d,2010-04-10,14:45:00,EDSA (SB) Mantrade Loading Bay Makati,0,0,0,0,0,0,0,0,0,0,2010-04-10 22:45,Property,14.5555695,121.0355696,Rear-End
None,EDSA,None,None,"Unknown, Rear-end, 0.0 drivers_injured, 0.0 drivers_killed, 0.0 passengers_injured, 0.0 passengers_killed, 0.0 pedestrian_injured, 0.0 pedestrian_killed, Dry, EDSA (SB) at ""U""turn slot / Sen. Gil Puyat Avenue Makati",MMDA Road Safety Unit,,1cf7755a-4719-4712-8850-26329a0e885e,2010-04-10,14:30:00,EDSA (SB) Magallanes Interchange Makati,0,0,0,0,0,0,0,0,0,0,2010-04-10 22:30,Property,14.555324,121.0354826,Rear-End
None,EDSA,None,None,"Unknown, Rear-end, 0.0 drivers_injured, 0.0 drivers_killed, 0.0 passengers_injured, 0.0 passengers_killed, 0.0 pedestrian_injured, 0.0 pedestrian_killed, Dry, EDSA (SB) Guadalupe MRT Stn. Makati",MMDA Road Safety Unit,,a2049c54-c712-4e40-a9e4-4ebb74cc8d37,2010-04-05,14:45:00,EDSA (SB) Ayala Avenue Stop light Makati,0,0,0,0,0,0,0,0,0,0,2010-04-05 22:45,Property,14.5665734,121.0453551,Rear-End
None,EDSA,None,None,"Unknown, Angle Impact, 0.0 drivers_injured, 0.0 drivers_killed, 0.0 passengers_injured, 0.0 passengers_killed, 0.0 pedestrian_injured, 0.0 pedestrian_killed, Dry, EDSA (SB) Estrella St. Makati",MMDA Road Safety Unit,,016f8c66-9f68-45cc-ba39-90754cf02908,2010-04-03,01:45:00,EDSA (SB) Estrella St.  Makati,0,0,0,0,0,0,0,0,0,0,2010-04-03 9:45,Property,14.56002889,121.040751,Angle Impact
None,EDSA,None,None,"Unknown, Rear-end, 0.0 drivers_injured, 0.0 drivers_killed, 0.0 passengers_injured, 0.0 passengers_killed, 0.0 pedestrian_injured, 0.0 pedestrian_killed, Dry, EDSA (SB) Estrella Loading Bay Makati",MMDA Road Safety Unit,,2020227f-ef52-4efe-bddd-3b6b8b1c39bd,2010-04-02,22:20:00,EDSA (SB) Approaching Mantrade MRT Stn. Makati,0,0,0,0,0,0,0,0,0,0,2010-04-03 6:20,Property,14.56059855,121.0413941,Rear-End
None,EDSA,None,None,"Unknown, Side Swipe, 0.0 drivers_injured, 0.0 drivers_killed, 0.0 passengers_injured, 0.0 passengers_killed, 0.0 pedestrian_injured, 0.0 pedestrian_killed, Dry, EDSA (SB) Buendia MRT Station Makati",MMDA Road Safety Unit,,34e1176d-222a-46b6-82aa-e1a8f6d94d93,2010-03-26,06:30:00,EDSA (SB) near corner Estrella St. Makati,0,0,0,0,0,0,0,0,0,0,2010-03-26 14:30,Property,14.55421358,121.03387,Side Swipe
None,EDSA,None,None,"Unknown, Rear-end, 0.0 drivers_injured, 0.0 drivers_killed, 0.0 passengers_injured, 0.0 passengers_killed, 0.0 pedestrian_injured, 0.0 pedestrian_killed, Dry, EDSA (SB) Approaching Evangelista St. Makati",MMDA Road Safety Unit,,1870d36c-b77a-4fcd-a07e-a0dee78147c2,2010-03-25,02:45:00,EDSA (SB) Estrella St.  Makati,0,0,0,0,0,0,0,0,0,0,2010-03-25 10:45,Property,14.53906313,121.0122941,Rear-End
None,EDSA,None,None,"Unknown, Rear-end, 0.0 drivers_injured, 0.0 drivers_killed, 0.0 passengers_injured, 0.0 passengers_killed, 0.0 pedestrian_injured, 0.0 pedestrian_killed, Dry, EDSA (SB) Approaching Mantrade Makati",MMDA Road Safety Unit,,abaa4fde-8b77-41b8-9bd4-1fe5343c2bbc,2010-03-24,07:55:00,EDSA (SB) Buendia MRT Station Makati,0,0,0,0,0,0,0,0,0,0,2010-03-24 15:55,Property,14.53941899,121.014514,Rear-End
None,EDSA,None,None,"Unknown, Rear-end, 0.0 drivers_injured, 0.0 drivers_killed, 0.0 passengers_injured, 0.0 passengers_killed, 0.0 pedestrian_injured, 0.0 pedestrian_killed, Dry, EDSA (SB) Approaching Ayala Avenue Makati",MMDA Road Safety Unit,,111909c2-62c4-43ec-b21a-6047ee85a7ff,2010-03-23,01:20:00,EDSA (SB) Approaching Buendia U Turn slot  Makati,0,0,0,0,0,0,0,0,0,0,2010-03-23 9:20,Property,14.55028537,121.0293488,Rear-End
None,EDSA,None,None,"Unknown, Side Swipe, 0.0 drivers_injured, 0.0 drivers_killed, 0.0 passengers_injured, 0.0 passengers_killed, 0.0 pedestrian_injured, 0.0 pedestrian_killed, Dry, EDSA (SB) South Super Highway  Makati",MMDA Road Safety Unit,,bf795a2e-c9fb-4635-ba85-985f25bf0b72,2010-03-23,00:50:00,"EDSA (SB) after Buendia Avenue, Approaching Ayala Ave. Makati",0,0,0,0,0,0,0,0,0,0,2010-03-23 8:50,Property,14.54025479,121.0167901,Side Swipe
None,EDSA,None,None,"Unknown, Rear-end, 0.0 drivers_injured, 0.0 drivers_killed, 0.0 passengers_injured, 0.0 passengers_killed, 0.0 pedestrian_injured, 0.0 pedestrian_killed, Dry, EDSA (SB) at Ayala Loading Bay Makati",MMDA Road Safety Unit,,dbeac3fd-c966-4138-becd-8713b5b9a8f9,2010-03-22,23:00:00,EDSA (SB) Approaching MRT Origas Station Makati,0,0,0,0,0,0,0,0,0,0,2010-03-23 7:00,Property,14.54909481,121.0277151,Rear-End
None,EDSA,None,None,"Unknown, Side Swipe, 0.0 drivers_injured, 0.0 drivers_killed, 0.0 passengers_injured, 0.0 passengers_killed, 0.0 pedestrian_injured, 0.0 pedestrian_killed, Dry, EDSA (SB) Mantrade Loading Bay Makati",MMDA Road Safety Unit,,961fbff2-6a79-4fd6-ac29-9eed57657e1e,2010-03-20,09:35:00,EDSA (SB) after U turn slot Buendia Makati,0,0,0,0,0,0,0,0,0,0,2010-03-20 17:35,Property,14.54276678,121.0202719,Side Swipe
None,EDSA,None,None,"Unknown, Side Swipe, 0.0 drivers_injured, 0.0 drivers_killed, 0.0 passengers_injured, 0.0 passengers_killed, 0.0 pedestrian_injured, 0.0 pedestrian_killed, Dry, EDSA (SB) Magallanes Interchange Makati",MMDA Road Safety Unit,,8ecf16da-9302-49ea-8bfd-c419e9c68a30,2010-03-17,09:40:00,EDSA (SB) Approaching Evangelista St. Makati,0,0,0,0,0,0,0,0,0,0,2010-03-17 17:40,Property,14.54028633,121.0167655,Side Swipe