LOCATION_TEXT,ROAD,WEATHER,LIGHT,DESC,REPORTING_AGENCY,MAIN_CAUSE,INCIDENTDETAILS_ID,DATE_UTC,TIME_UTC,ADDRESS,killed_driver,killed_passenger,killed_pedestrian,injured_driver,injured_passenger,injured_pedestrian,killed_uncategorized,injured_uncategorized,killed_total,injured_total,DATETIME_PST,SEVERITY,Y,X,COLLISION_TYPE
None,EDSA,None,None,"Unknown, Rear-end, 0.0 drivers_injured, 0.0 drivers_killed, 0.0 passengers_injured, 0.0 passengers_killed, 0.0 pedestrian_injured, 0.0 pedestrian_killed, Dry, EDSA (SB) Ayala Avenue Stop light Makati",MMDA Road Safety Unit,,cb252585-2629-4db7-b7dc-66a944d3e26a,2010-03-16,06:20:00,EDSA (SB) Approaching Buendia Avenue Makati,0,0,0,0,0,0,0,0,0,0,2010-03-16 14:20,Property,14.55023673,121.029251,Rear-End
None,EDSA,None,None,"Unknown, Rear-end, 0.0 drivers_injured, 0.0 drivers_killed, 0.0 passengers_injured, 0.0 passengers_killed, 0.0 pedestrian_injured, 0.0 pedestrian_killed, Dry, EDSA (SB) Estrella St.  Makati",MMDA Road Safety Unit,,d3db8041-6032-41b7-8651-9531d4bdfcb0,2010-03-12,11:00:00,EDSA (SB) Approaching Buendia U turn slot Makati,0,0,0,0,0,0,0,0,0,0,2010-03-12 19:00,Property,14.56002889,121.040751,Rear-End
None,EDSA,None,None,"Unknown, Side Swipe, 0.0 drivers_injured, 0.0 drivers_killed, 0.0 passengers_injured, 0.0 passengers_killed, 0.0 pedestrian_injured, 0.0 pedestrian_killed, Dry, EDSA (SB) Approaching Mantrade MRT Stn. Makati",MMDA Road Safety Unit,,4b516a97-a01e-4e14-8ea4-445584904b52,2010-03-12,08:45:00,EDSA (SB) fronting MRT Station Magallanes Makati,0,0,0,0,0,0,0,0,0,0,2010-03-12 16:45,Property,14.54174171,121.019157,Side Swipe
None,EDSA,None,None,"Unknown, Rear-end, 0.0 drivers_injured, 0.0 drivers_killed, 0.0 passengers_injured, 0.0 passengers_killed, 0.0 pedestrian_injured, 0.0 pedestrian_killed, Dry, EDSA (SB) near corner Estrella St. Makati",MMDA Road Safety Unit,,19260125-336f-460f-b781-b8d76bb6af68,2010-03-12,06:45:00,EDSA (SB) at Magallanes  Makati,0,0,0,0,0,0,0,0,0,0,2010-03-12 14:45,Property,14.55948844,121.0401715,Rear-End
None,EDSA,None,None,"Unknown, Side Swipe, 0.0 drivers_injured, 0.0 drivers_killed, 0.0 passengers_injured, 0.0 passengers_killed, 0.0 pedestrian_injured, 0.0 pedestrian_killed, Dry, EDSA (SB) Estrella St.  Makati",MMDA Road Safety Unit,,197a8a59-8987-479b-8cbe-dc570ee5e9d4,2010-03-10,10:50:00,EDSA (SB) Estrella St.  Makati,0,0,0,0,0,0,0,0,0,0,2010-03-10 18:50,Property,14.56002889,121.040751,Side Swipe
None,EDSA,None,None,"Unknown, Rear-end, 0.0 drivers_injured, 0.0 drivers_killed, 0.0 passengers_injured, 0.0 passengers_killed, 0.0 pedestrian_injured, 0.0 pedestrian_killed, Dry, EDSA (SB) Buendia MRT Station Makati",MMDA Road Safety Unit,,aabb5142-26c3-4182-890c-55b45ee52444,2010-03-08,11:05:00,EDSA (SB) Libertad St.  Makati,0,0,0,0,0,0,0,0,0,0,2010-03-08 19:05,Property,14.55421358,121.03387,Rear-End
None,EDSA,None,None,"Unknown, Rear-end, 0.0 drivers_injured, 0.0 drivers_killed, 0.0 passengers_injured, 0.0 passengers_killed, 0.0 pedestrian_injured, 0.0 pedestrian_killed, Dry, EDSA (SB) Approaching Buendia U Turn slot  Makati",MMDA Road Safety Unit,,ecb398a1-9390-4c17-b923-ba2659ecb222,2010-03-06,16:30:00,EDSA (SB) Approaching Estrella St.  Makati,0,0,0,0,0,0,0,0,0,0,2010-03-07 0:30,Property,14.55537485,121.0354873,Rear-End
None,EDSA,None,None,"Unknown, Side Swipe, 0.0 drivers_injured, 0.0 drivers_killed, 0.0 passengers_injured, 0.0 passengers_killed, 0.0 pedestrian_injured, 0.0 pedestrian_killed, Dry, EDSA (SB) after Buendia Avenue, Approaching Ayala Ave. Makati",MMDA Road Safety Unit,,e7a1275e-c936-4666-815e-6ebb8c3b83a0,2010-03-06,08:40:00,EDSA (SB) Estrella Loading Bay Makati,0,0,0,0,0,0,0,0,0,0,2010-03-06 16:40,Property,14.55386823,121.0334638,Side Swipe
None,EDSA,None,None,"Unknown, Rear-end, 0.0 drivers_injured, 0.0 drivers_killed, 0.0 passengers_injured, 0.0 passengers_killed, 0.0 pedestrian_injured, 0.0 pedestrian_killed, Dry, EDSA (SB) Approaching MRT Origas Station Makati",MMDA Road Safety Unit,,7a72aefc-aedb-4a39-9f77-52a9fe6cfa4e,2010-03-06,04:50:00,EDSA (SB) after Buendia Loading bay Makati,0,0,0,0,0,0,0,0,0,0,2010-03-06 12:50,Property,14.58808405,121.056787,Rear-End
None,EDSA,None,None,"Unknown, Rear-end, 0.0 drivers_injured, 0.0 drivers_killed, 0.0 passengers_injured, 0.0 passengers_killed, 0.0 pedestrian_injured, 0.0 pedestrian_killed, Dry, EDSA (SB) after U turn slot Buendia Makati",MMDA Road Safety Unit,,37c3c504-485d-4008-87f5-466f91534546,2010-03-05,07:45:00,EDSA (SB) Ayala Traffic Lights  Makati,0,0,0,0,0,0,0,0,0,0,2010-03-05 15:45,Property,14.55535262,121.0355451,Rear-End
None,EDSA,None,None,"Unknown, Rear-end, 0.0 drivers_injured, 0.0 drivers_killed, 0.0 passengers_injured, 0.0 passengers_killed, 0.0 pedestrian_injured, 0.0 pedestrian_killed, Dry, EDSA (SB) Approaching Evangelista St. Makati",MMDA Road Safety Unit,,82399f12-416c-480c-9cfa-650992ff93c3,2010-03-04,22:35:00,EDSA (SB) Ayala Stop Light Makati,0,0,0,0,0,0,0,0,0,0,2010-03-05 6:35,Property,14.53906313,121.0122941,Rear-End
None,EDSA,None,None,"Unknown, Rear-end, 0.0 drivers_injured, 0.0 drivers_killed, 0.0 passengers_injured, 0.0 passengers_killed, 0.0 pedestrian_injured, 0.0 pedestrian_killed, Dry, EDSA (SB) Approaching Buendia Avenue Makati",MMDA Road Safety Unit,,af94b981-b894-4e80-a380-28ac03a36dec,2010-03-04,07:00:00,EDSA (SB) Guadalupe Loading bay Makati,0,0,0,0,0,0,0,0,0,0,2010-03-04 15:00,Property,14.55537485,121.0354873,Rear-End
None,EDSA,None,None,"Unknown, Side Swipe, 0.0 drivers_injured, 0.0 drivers_killed, 0.0 passengers_injured, 0.0 passengers_killed, 0.0 pedestrian_injured, 0.0 pedestrian_killed, Dry, EDSA (SB) Approaching Buendia U turn slot Makati",MMDA Road Safety Unit,,6b0cd79c-24aa-468e-a813-d4e375c17608,2010-03-04,02:45:00,EDSA (SB) Estrella St.  Makati,0,0,0,0,0,0,0,0,0,0,2010-03-04 10:45,Property,14.55537485,121.0354873,Side Swipe
None,EDSA,None,None,"Unknown, Rear-end, 0.0 drivers_injured, 0.0 drivers_killed, 0.0 passengers_injured, 0.0 passengers_killed, 0.0 pedestrian_injured, 0.0 pedestrian_killed, Dry, EDSA (SB) fronting MRT Station Magallanes Makati",MMDA Road Safety Unit,,cd464155-7072-479c-8ea1-eb183925ce16,2010-03-04,02:00:00,EDSA (SB) A. Arnaiz Ave. (Pasay Road) Makati,0,0,0,0,0,0,0,0,0,0,2010-03-04 10:00,Property,14.54176472,121.0191451,Rear-End
None,EDSA,None,None,"Unknown, Side Swipe, 0.0 drivers_injured, 0.0 drivers_killed, 0.0 passengers_injured, 0.0 passengers_killed, 0.0 pedestrian_injured, 0.0 pedestrian_killed, Dry, EDSA (SB) at Magallanes  Makati",MMDA Road Safety Unit,,66786af9-c87f-428a-bed1-282b35856a7b,2010-03-03,08:00:00,EDSA (SB) bet. Bernardino St. & Estrella St. Makati,0,0,0,0,0,0,0,0,0,0,2010-03-03 16:00,Property,14.53982168,121.0148367,Side Swipe
None,EDSA,None,None,"Unknown, Rear-end, 0.0 drivers_injured, 0.0 drivers_killed, 0.0 passengers_injured, 0.0 passengers_killed, 0.0 pedestrian_injured, 0.0 pedestrian_killed, Dry, EDSA (SB) Estrella St.  Makati",MMDA Road Safety Unit,,5e598ea6-13e1-43e6-ba10-b128c93f9863,2010-03-01,02:30:00,EDSA (SB) Buendia Avenue Makati,0,0,0,0,0,0,0,0,0,0,2010-03-01 10:30,Property,14.56002889,121.040751,Rear-End
None,EDSA,None,None,"Unknown, Rear-end, 0.0 drivers_injured, 0.0 drivers_killed, 0.0 passengers_injured, 0.0 passengers_killed, 0.0 pedestrian_injured, 0.0 pedestrian_killed, Dry, EDSA (SB) Libertad St.  Makati",MMDA Road Safety Unit,,1402b645-a425-465f-9049-64b9b796fafb,2010-02-24,23:25:00,EDSA (SB) approaching Magallanes Loading Bay Makati,0,0,0,0,0,0,0,0,0,0,2010-02-25 7:25,Property,14.54753788,121.0260593,Rear-End
None,EDSA,None,None,"Unknown, Side Swipe, 0.0 drivers_injured, 0.0 drivers_killed, 0.0 passengers_injured, 0.0 passengers_killed, 0.0 pedestrian_injured, 0.0 pedestrian_killed, Dry, EDSA (SB) Approaching Estrella St.  Makati",MMDA Road Safety Unit,,4e599999-4c66-4c59-8e18-d4e33e34def6,2010-02-23,01:30:00,EDSA (SB) fronting San carlos Seminary Guadalupe Makati,0,0,0,0,0,0,0,0,0,0,2010-02-23 9:30,Property,14.5599755,121.0408006,Side Swipe
None,EDSA,None,None,"Unknown, Rear-end, 0.0 drivers_injured, 0.0 drivers_killed, 0.0 passengers_injured, 0.0 passengers_killed, 0.0 pedestrian_injured, 0.0 pedestrian_killed, Dry, EDSA (SB) Estrella Loading Bay Makati",MMDA Road Safety Unit,,94f2cf0a-15cc-4f11-8295-67bf41b105ff,2010-02-16,23:35:00,EDSA (SB) Magallanes Loading Bay Makati,0,0,0,0,0,0,0,0,0,0,2010-02-17 7:35,Property,14.56059855,121.0413941,Rear-End
None,EDSA,None,None,"Unknown, Side Swipe, 0.0 drivers_injured, 0.0 drivers_killed, 0.0 passengers_injured, 0.0 passengers_killed, 0.0 pedestrian_injured, 0.0 pedestrian_killed, Dry, EDSA (SB) after Buendia Loading bay Makati",MMDA Road Safety Unit,,e700b6bc-7624-4572-bea2-f8c06749bf6d,2010-02-16,23:30:00,EDSA (SB) A. Arnaiz Avenue Makati,0,0,0,0,0,0,0,0,0,0,2010-02-17 7:30,Property,14.55386823,121.0334638,Side Swipe
None,EDSA,None,None,"Unknown, Side Swipe, 0.0 drivers_injured, 0.0 drivers_killed, 0.0 passengers_injured, 0.0 passengers_killed, 0.0 pedestrian_injured, 0.0 pedestrian_killed, Dry, EDSA (SB) Ayala Traffic Lights  Makati",MMDA Road Safety Unit,,821564cf-40a0-4c60-adb3-b2b967c4dd37,2010-02-14,15:30:00,EDSA (SB) before magallanes Loading Bay Makati,0,0,0,0,0,0,0,0,0,0,2010-02-14 23:30,Property,14.55017758,121.0293252,Side Swipe
None,EDSA,None,None,"Unknown, Side Swipe, 0.0 drivers_injured, 0.0 drivers_killed, 0.0 passengers_injured, 0.0 passengers_killed, 0.0 pedestrian_injured, 0.0 pedestrian_killed, Dry, EDSA (SB) Ayala Stop Light Makati",MMDA Road Safety Unit,,68579e86-b6d2-42fe-818f-1b43a86f51e1,2010-02-14,11:45:00,EDSA (SB) Approaching mantrade Loading Bay Makati,0,0,0,0,0,0,0,0,0,0,2010-02-14 19:45,Property,14.55017758,121.0293252,Side Swipe
None,EDSA,None,None,"Unknown, Angle Impact, 0.0 drivers_injured, 0.0 drivers_killed, 0.0 passengers_injured, 0.0 passengers_killed, 0.0 pedestrian_injured, 0.0 pedestrian_killed, Dry, EDSA (SB) Guadalupe Loading bay Makati",MMDA Road Safety Unit,,1180c3a4-36a4-4976-be58-dd4b2e22cbe5,2010-02-12,13:25:00,EDSA (SB) Ayala loading bay  Makati,0,0,0,0,0,0,0,0,0,0,2010-02-12 21:25,Property,14.56473213,121.0447625,Angle Impact
None,EDSA,None,None,"Unknown, Rear-end, 0.0 drivers_injured, 0.0 drivers_killed, 0.0 passengers_injured, 0.0 passengers_killed, 0.0 pedestrian_injured, 0.0 pedestrian_killed, Dry, EDSA (SB) Estrella St.  Makati",MMDA Road Safety Unit,,094905a5-25f8-4a63-8370-6e40856721d0,2010-02-12,09:00:00,EDSA (SB) near Guadalupe Cloverleaf Makati,0,0,0,0,0,0,0,0,0,0,2010-02-12 17:00,Property,14.56002889,121.040751,Rear-End
None,EDSA,None,None,"Unknown, Side Swipe, 0.0 drivers_injured, 0.0 drivers_killed, 0.0 passengers_injured, 0.0 passengers_killed, 0.0 pedestrian_injured, 0.0 pedestrian_killed, Dry, EDSA (SB) A. Arnaiz Ave. (Pasay Road) Makati",MMDA Road Safety Unit,,b1e9f92d-3967-47b2-a4c1-a90c5b8fbf2c,2010-02-12,08:35:00,EDSA (SB) before Ayala Avenue Makati,0,0,0,0,0,0,0,0,0,0,2010-02-12 16:35,Property,14.54765031,121.0260523,Side Swipe
None,EDSA,None,None,"Unknown, Rear-end, 0.0 drivers_injured, 0.0 drivers_killed, 0.0 passengers_injured, 0.0 passengers_killed, 0.0 pedestrian_injured, 0.0 pedestrian_killed, Dry, EDSA (SB) bet. Bernardino St. & Estrella St. Makati",MMDA Road Safety Unit,,f13b40c0-578b-4f7e-b2ad-3bef4f94a833,2010-02-10,07:00:00,EDSA (SB) Bernardino St. Guad Viejo Makati,0,0,0,0,0,0,0,0,0,0,2010-02-10 15:00,Property,14.56338936,121.0440232,Rear-End
None,EDSA,None,None,"Unknown, Rear-end, 0.0 drivers_injured, 0.0 drivers_killed, 0.0 passengers_injured, 0.0 passengers_killed, 0.0 pedestrian_injured, 0.0 pedestrian_killed, Dry, EDSA (SB) Buendia Avenue Makati",MMDA Road Safety Unit,,1128dee0-7878-489d-950d-fad7a19502d3,2010-02-06,07:00:00,EDSA (SB) at Guadalupe Bridge Makati,0,0,0,0,0,0,0,0,0,0,2010-02-06 15:00,Property,14.55505269,121.034707,Rear-End
None,EDSA,None,None,"Unknown, Side Swipe, 0.0 drivers_injured, 0.0 drivers_killed, 0.0 passengers_injured, 0.0 passengers_killed, 0.0 pedestrian_injured, 0.0 pedestrian_killed, Dry, EDSA (SB) approaching Magallanes Loading Bay Makati",MMDA Road Safety Unit,,e8263da7-40d8-4126-acfb-d8c58db29283,2010-01-31,23:45:00,EDSA (SB) before Rockwell  Makati,0,0,0,0,0,0,0,0,0,0,2010-02-01 7:45,Property,14.54300789,121.0204467,Side Swipe
None,EDSA,None,None,"Unknown, Rear-end, 0.0 drivers_injured, 0.0 drivers_killed, 0.0 passengers_injured, 0.0 passengers_killed, 0.0 pedestrian_injured, 0.0 pedestrian_killed, Dry, EDSA (SB) fronting San carlos Seminary Guadalupe Makati",MMDA Road Safety Unit,,ca9820ac-b3e3-4fd6-b0ed-c59187b9ef40,2010-01-29,12:20:00,EDSA (SB) before Sen. Gil Puyat Avenue Makati,0,0,0,0,0,0,0,0,0,0,2010-01-29 20:20,Property,14.56336498,121.0439669,Rear-End
None,EDSA,None,None,"Unknown, Side Swipe, 0.0 drivers_injured, 0.0 drivers_killed, 0.0 passengers_injured, 0.0 passengers_killed, 0.0 pedestrian_injured, 0.0 pedestrian_killed, Dry, EDSA (SB) Magallanes Loading Bay Makati",MMDA Road Safety Unit,,ffb83c0d-ac70-4a04-84ad-698b8acc80d4,2010-01-28,14:15:00,EDSA (SB) Approaching magallanes Loading Bay Makati,0,0,0,0,0,0,0,0,0,0,2010-01-28 22:15,Property,14.54282655,121.0202714,Side Swipe
None,EDSA,None,None,"Unknown, Side Swipe, 0.0 drivers_injured, 0.0 drivers_killed, 0.0 passengers_injured, 0.0 passengers_killed, 0.0 pedestrian_injured, 0.0 pedestrian_killed, Dry, EDSA (SB) A. Arnaiz Avenue Makati",MMDA Road Safety Unit,,9d919374-1715-41cb-8777-bdc4b76b8590,2010-01-28,02:00:00,EDSA (SB) before MRT Station Magallanes Makati,0,0,0,0,0,0,0,0,0,0,2010-01-28 10:00,Property,14.54765031,121.0260523,Side Swipe
None,EDSA,None,None,"Unknown, Side Swipe, 0.0 drivers_injured, 0.0 drivers_killed, 0.0 passengers_injured, 0.0 passengers_killed, 0.0 pedestrian_injured, 0.0 pedestrian_killed, Dry, EDSA (SB) before magallanes Loading Bay Makati",MMDA Road Safety Unit,,8ab1c6dd-2c91-4f0f-a175-6059586c5b6a,2010-01-26,00:30:00,EDSA (SB) Adjacente to Buendia U turn slot Makati,0,0,0,0,0,0,0,0,0,0,2010-01-26 8:30,Property,14.54305474,121.0205369,Side Swipe
None,EDSA,None,None,"Unknown, Rear-end, 0.0 drivers_injured, 0.0 drivers_killed, 0.0 passengers_injured, 0.0 passengers_killed, 0.0 pedestrian_injured, 0.0 pedestrian_killed, Dry, EDSA (SB) Approaching mantrade Loading Bay Makati",MMDA Road Safety Unit,,88574d75-ed82-4ef3-a236-cbdada39babc,2010-01-25,12:35:00,EDSA (SB) Sen. Gil J. Puyat Ave. (Buendia) Makati,0,0,0,0,0,0,0,0,0,0,2010-01-25 20:35,Property,14.54303232,121.0205079,Rear-End
None,EDSA,None,None,"Unknown, Other (Backing Collision), 0.0 drivers_injured, 0.0 drivers_killed, 0.0 passengers_injured, 0.0 passengers_killed, 0.0 pedestrian_injured, 0.0 pedestrian_killed, Dry, EDSA (SB) Ayala loading bay  Makati",MMDA Road Safety Unit,,bf06af69-3a3a-4d43-8f7d-9d6674312d9a,2010-01-25,00:10:00,EDSA (SB) mantrade Loading bay Makati,0,0,0,0,0,0,0,0,0,0,2010-01-25 8:10,Property,14.54886,121.0276063,Rear-End
None,EDSA,None,None,"Unknown, Rear-end, 0.0 drivers_injured, 0.0 drivers_killed, 0.0 passengers_injured, 0.0 passengers_killed, 0.0 pedestrian_injured, 0.0 pedestrian_killed, Dry, EDSA (SB) near Guadalupe Cloverleaf Makati",MMDA Road Safety Unit,,14de4afb-f39c-42c2-97b6-f54fc7aeb82c,2010-01-23,03:30:00,EDSA (SB) Magallanes Interchange Makati,0,0,0,0,0,0,0,0,0,0,2010-01-23 11:30,Property,14.56646292,121.0452972,Rear-End
None,EDSA,None,None,"Unknown, Side Swipe, 0.0 drivers_injured, 0.0 drivers_killed, 0.0 passengers_injured, 0.0 passengers_killed, 0.0 pedestrian_injured, 0.0 pedestrian_killed, Dry, EDSA (SB) before Ayala Avenue Makati",MMDA Road Safety Unit,,eeabdd12-0c83-4559-a14c-c5cbbc2ab5a1,2010-01-21,13:00:00,EDSA (SB) bet. A. Arnaiz Avenue & pasong Tamo Ext. Makati,0,0,0,0,0,0,0,0,0,0,2010-01-21 21:00,Property,14.55012399,121.0292078,Side Swipe
None,EDSA,None,None,"Unknown, Rear-end, 0.0 drivers_injured, 0.0 drivers_killed, 0.0 passengers_injured, 0.0 passengers_killed, 0.0 pedestrian_injured, 0.0 pedestrian_killed, Dry, EDSA (SB) Bernardino St. Guad Viejo Makati",MMDA Road Safety Unit,,47dad9e2-4e71-40de-a57d-2be48f8df200,2010-01-20,20:30:00,EDSA (SB) bet. A. Arnaiz Avenue & Pasong Tamo Ext.  Makati,0,0,0,0,0,0,0,0,0,0,2010-01-21 4:30,Property,14.5656985,121.0450952,Rear-End
None,EDSA,None,None,"Unknown, Rear-end, 0.0 drivers_injured, 0.0 drivers_killed, 0.0 passengers_injured, 0.0 passengers_killed, 0.0 pedestrian_injured, 0.0 pedestrian_killed, Dry, EDSA (SB) at Guadalupe Bridge Makati",MMDA Road Safety Unit,,d4773691-c37a-447a-bf93-71267b4bc6c3,2010-01-17,23:00:00,EDSA (SB) near corner Evangelista St. Makati,0,0,0,0,0,0,0,0,0,0,2010-01-18 7:00,Property,14.56838712,121.0459431,Rear-End
None,EDSA,None,None,"Unknown, Rear-end, 0.0 drivers_injured, 0.0 drivers_killed, 0.0 passengers_injured, 0.0 passengers_killed, 0.0 pedestrian_injured, 0.0 pedestrian_killed, Dry, EDSA (SB) before Rockwell  Makati",MMDA Road Safety Unit,,ae6a231d-cc71-42cb-a487-d6749ea75d40,2010-01-16,19:00:00,EDSA (SB) approaching Estrella Loading Bay Makati,0,0,0,0,0,0,0,0,0,0,2010-01-17 3:00,Property,14.56039468,121.0412024,Rear-End
None,EDSA,None,None,"Unknown, Rear-end, 0.0 drivers_injured, 0.0 drivers_killed, 0.0 passengers_injured, 0.0 passengers_killed, 0.0 pedestrian_injured, 0.0 pedestrian_killed, Dry, EDSA (SB) before Sen. Gil Puyat Avenue Makati",MMDA Road Safety Unit,,ce13c420-55d2-4e54-a234-8caf84942216,2010-01-16,18:30:00,EDSA (SB) past Estrella Makati,0,0,0,0,0,0,0,0,0,0,2010-01-17 2:30,Property,14.55551148,121.035243,Rear-End
None,EDSA,None,None,"Unknown, Rear-end, 0.0 drivers_injured, 0.0 drivers_killed, 0.0 passengers_injured, 0.0 passengers_killed, 0.0 pedestrian_injured, 0.0 pedestrian_killed, Dry, EDSA (SB) Approaching magallanes Loading Bay Makati",MMDA Road Safety Unit,,451be069-7c3f-42cb-a86a-e2508ccfff67,2010-01-15,21:30:00,EDSA (SB) Estrella Loading bay Makati,0,0,0,0,0,0,0,0,0,0,2010-01-16 5:30,Property,14.54300789,121.0204467,Rear-End
None,EDSA,None,None,"Unknown, Rear-end, 0.0 drivers_injured, 0.0 drivers_killed, 0.0 passengers_injured, 0.0 passengers_killed, 0.0 pedestrian_injured, 0.0 pedestrian_killed, Dry, EDSA (SB) before MRT Station Magallanes Makati",MMDA Road Safety Unit,,bf1cf96e-64e2-4c64-931e-3cd4cc331588,2010-01-09,05:30:00,EDSA (SB) fronting Camp Crame Makati,0,0,0,0,0,0,0,0,0,0,2010-01-09 13:30,Property,14.54192478,121.0191272,Rear-End
None,EDSA,None,None,"Unknown, Side Swipe, 0.0 drivers_injured, 0.0 drivers_killed, 0.0 passengers_injured, 0.0 passengers_killed, 0.0 pedestrian_injured, 0.0 pedestrian_killed, Dry, EDSA (SB) Adjacente to Buendia U turn slot Makati",MMDA Road Safety Unit,,b78be6bc-d8e8-44ce-97d1-83ae4b5af72b,2010-01-08,16:00:00,EDSA (SB) approaching Ayala Ave. Makati,0,0,0,0,0,0,0,0,0,0,2010-01-09,Property,14.55530481,121.0355456,Side Swipe
None,EDSA,None,None,"Unknown, Rear-end, 0.0 drivers_injured, 0.0 drivers_killed, 0.0 passengers_injured, 0.0 passengers_killed, 0.0 pedestrian_injured, 0.0 pedestrian_killed, Dry, EDSA (SB) Sen. Gil J. Puyat Ave. (Buendia) Makati",MMDA Road Safety Unit,,caa2ff99-2001-4239-9603-c65a2e5f1e30,2010-01-08,10:00:00,"EDSA (SB) approaching Orense St., Guadalupe Makati",0,0,0,0,0,0,0,0,0,0,2010-01-08 18:00,Property,14.55496432,121.0348612,Rear-End
None,EDSA,None,None,"Unknown, Hit Object (No Object Stated), 0.0 drivers_injured, 0.0 drivers_killed, 0.0 passengers_injured, 0.0 passengers_killed, 0.0 pedestrian_injured, 0.0 pedestrian_killed, Dry, EDSA (SB) mantrade Loading bay Makati",MMDA Road Safety Unit,,640b719e-317f-4d8b-b018-b7e6c6284c32,2010-01-02,21:00:00,EDSA (SB) Approaching Evangelista St. Makati,0,0,0,0,0,0,0,0,0,0,2010-01-03 5:00,Property,14.54276678,121.0202719,Hit Object
None,EDSA,None,None,"Unknown, Rear-end, 0.0 drivers_injured, 0.0 drivers_killed, 0.0 passengers_injured, 0.0 passengers_killed, 0.0 pedestrian_injured, 0.0 pedestrian_killed, Fair (Day), EDSA (SB) Magallanes Interchange Makati",MMDA Road Safety Unit,,b5f2acff-d0b9-41a8-a67b-3055cdd2dc60,2009-12-28,02:30:00,EDSA (SB) bet. Bernardino St. & Estrella St. near corner Estrella St. Makati,0,0,0,0,0,0,0,0,0,0,2009-12-28 10:30,Property,14.54028633,121.0167655,Rear-End
None,EDSA,None,None,"Unknown, Rear-end, 0.0 drivers_injured, 0.0 drivers_killed, 0.0 passengers_injured, 0.0 passengers_killed, 0.0 pedestrian_injured, 0.0 pedestrian_killed, Fair (Day), EDSA (SB) bet. A. Arnaiz Avenue & pasong Tamo Ext. Makati",MMDA Road Safety Unit,,adf8171c-81c1-46f5-bc0f-9b453ffaedc6,2009-12-24,06:05:00,EDSA (SB) Guadalupe Cloverleaf Makati,0,0,0,0,0,0,0,0,0,0,2009-12-24 14:05,Property,14.54184181,121.0190406,Rear-End
None,EDSA,None,None,"Unknown, Side Swipe, 0.0 drivers_injured, 0.0 drivers_killed, 0.0 passengers_injured, 0.0 passengers_killed, 0.0 pedestrian_injured, 0.0 pedestrian_killed, Fair (Night), EDSA (SB) bet. A. Arnaiz Avenue & Pasong Tamo Ext.  Makati",MMDA Road Safety Unit,,5f81f561-be4c-4c7e-a4a5-5942df43cae6,2009-12-21,20:30:00,EDSA (SB) after A. Arnaiz Avenue (Pasay Road) Makati,0,0,0,0,0,0,0,0,0,0,2009-12-22 4:30,Property,14.54184181,121.0190406,Side Swipe
None,EDSA,None,None,"Unknown, Side Swipe, 0.0 drivers_injured, 0.0 drivers_killed, 0.0 passengers_injured, 0.0 passengers_killed, 0.0 pedestrian_injured, 0.0 pedestrian_killed, Fair (Day), EDSA (SB) near corner Evangelista St. Makati",MMDA Road Safety Unit,,1de191fb-2b10-4039-bd4b-952705cfb083,2009-12-19,01:00:00,EDSA (SB) bet. A. Arnaiz Avenue & Pasong Tamo Ext. magallanes M RT Makati,0,0,0,0,0,0,0,0,0,0,2009-12-19 9:00,Property,14.5389375,121.0120758,Side Swipe
None,EDSA,None,None,"Unknown, Rear-end, 0.0 drivers_injured, 0.0 drivers_killed, 0.0 passengers_injured, 0.0 passengers_killed, 0.0 pedestrian_injured, 0.0 pedestrian_killed, Fair (Night), EDSA (SB) approaching Estrella Loading Bay Makati",MMDA Road Safety Unit,,c6bf2679-e83d-453f-9643-68e89ae644b1,2009-12-12,08:25:00,EDSA (SB) approaching Buendia Ave. Makati,0,0,0,0,0,0,0,0,0,0,2009-12-12 16:25,Property,14.56080008,121.0416181,Rear-End
None,EDSA,None,None,"Unknown, Rear-end, 0.0 drivers_injured, 0.0 drivers_killed, 0.0 passengers_injured, 0.0 passengers_killed, 0.0 pedestrian_injured, 0.0 pedestrian_killed, Fair (Day), EDSA (SB) past Estrella Makati",MMDA Road Safety Unit,,d4c2aa23-5773-4b37-98fd-65ce30206235,2009-12-11,22:30:00,EDSA (SB) Ayala intersection Makati,0,0,0,0,0,0,0,0,0,0,2009-12-12 6:30,Property,14.55948205,121.0401225,Rear-End
None,EDSA,None,None,"Unknown, Side Swipe, 0.0 drivers_injured, 0.0 drivers_killed, 0.0 passengers_injured, 0.0 passengers_killed, 0.0 pedestrian_injured, 0.0 pedestrian_killed, Fair (Day), EDSA (SB) Estrella Loading bay Makati",MMDA Road Safety Unit,,41c4d410-1771-4598-a390-ea0e9c81226a,2009-12-11,07:35:00,EDSA (SB) approaching Ayala Avenue Makati,0,0,0,0,0,0,0,0,0,0,2009-12-11 15:35,Property,14.56059855,121.0413941,Side Swipe
None,EDSA,None,None,"Unknown, Side Swipe, 0.0 drivers_injured, 0.0 drivers_killed, 0.0 passengers_injured, 0.0 passengers_killed, 0.0 pedestrian_injured, 0.0 pedestrian_killed, Fair (Day), EDSA (SB) fronting Camp Crame Makati",MMDA Road Safety Unit,,6e0a6095-7e90-427e-ad7e-1ceb9fbf2771,2009-12-11,00:30:00,EDSA (SB) Approaching Ayala unnel Makati,0,0,0,0,0,0,0,0,0,0,2009-12-11 8:30,Property,14.60831258,121.0561122,Side Swipe
None,EDSA,None,None,"Unknown, Rear-end, 0.0 drivers_injured, 0.0 drivers_killed, 0.0 passengers_injured, 0.0 passengers_killed, 0.0 pedestrian_injured, 0.0 pedestrian_killed, Fair (Day), EDSA (SB) approaching Ayala Ave. Makati",MMDA Road Safety Unit,,e5db243f-113e-4df9-919d-99b6e90ca6fc,2009-12-10,23:30:00,EDSA (SB) fronting Pet Tower Bldg. Makati,0,0,0,0,0,0,0,0,0,0,2009-12-11 7:30,Property,14.55028537,121.0293488,Rear-End
None,EDSA,None,None,"Unknown, Side Swipe, 0.0 drivers_injured, 0.0 drivers_killed, 0.0 passengers_injured, 0.0 passengers_killed, 0.0 pedestrian_injured, 0.0 pedestrian_killed, Fair (Day), EDSA (SB) approaching Orense St., Guadalupe Makati",MMDA Road Safety Unit,,dc007e3b-7741-4b9e-9d4a-df4af584e477,2009-12-09,02:10:00,EDSA (SB) Magallanes MRT Station Makati,0,0,0,0,0,0,0,0,0,0,2009-12-09 10:10,Property,14.56174964,121.0427418,Side Swipe