LOCATION_TEXT,ROAD,WEATHER,LIGHT,DESC,REPORTING_AGENCY,MAIN_CAUSE,INCIDENTDETAILS_ID,DATE_UTC,TIME_UTC,ADDRESS,killed_driver,killed_passenger,killed_pedestrian,injured_driver,injured_passenger,injured_pedestrian,killed_uncategorized,injured_uncategorized,killed_total,injured_total,DATETIME_PST,SEVERITY,Y,X,COLLISION_TYPE
None,EDSA,None,None,"Unknown, Side Swipe, 0.0 drivers_injured, 0.0 drivers_killed, 0.0 passengers_injured, 0.0 passengers_killed, 0.0 pedestrian_injured, 0.0 pedestrian_killed, Fair (Day), EDSA (SB) Approaching Evangelista St. Makati",MMDA Road Safety Unit,,44883a37-ed5e-44a1-beac-1049f221a9de,2009-12-08,01:30:00,EDSA (SB) Guadalupe Loading Bay  Makati,0,0,0,0,0,0,0,0,0,0,2009-12-08 9:30,Property,14.53906313,121.0122941,Side Swipe
None,EDSA,None,None,"Unknown, Rear-end, 0.0 drivers_injured, 0.0 drivers_killed, 0.0 passengers_injured, 0.0 passengers_killed, 0.0 pedestrian_injured, 0.0 pedestrian_killed, Fair (Day), EDSA (SB) bet. Bernardino St. & Estrella St. near corner Estrella St. Makati",MMDA Road Safety Unit,,a798a3f1-f9f5-45c0-86a0-48d8c28e17bd,2009-12-08,01:30:00,EDSA (SB) Estrella St. Brgy. Bel Air Makati,0,0,0,0,0,0,0,0,0,0,2009-12-08 9:30,Property,14.56007309,121.0408905,Rear-End
None,EDSA,None,None,"Unknown, Side Swipe, 0.0 drivers_injured, 0.0 drivers_killed, 0.0 passengers_injured, 0.0 passengers_killed, 0.0 pedestrian_injured, 0.0 pedestrian_killed, Fair (Day), EDSA (SB) Guadalupe Cloverleaf Makati",MMDA Road Safety Unit,,5835bdb3-b212-484d-ad13-437385fdf002,2009-12-08,00:00:00,EDSA (SB) Approaching Ayala Loading Bay Makati,0,0,0,0,0,0,0,0,0,0,2009-12-08 8:00,Property,14.56720754,121.0457277,Side Swipe
None,EDSA,None,None,"Unknown, Side Swipe, 0.0 drivers_injured, 0.0 drivers_killed, 0.0 passengers_injured, 0.0 passengers_killed, 0.0 pedestrian_injured, 0.0 pedestrian_killed, Fair (Day), EDSA (SB) after A. Arnaiz Avenue (Pasay Road) Makati",MMDA Road Safety Unit,,b88062c8-6569-4b0b-8db0-1b67835acce7,2009-12-05,04:30:00,EDSA (SB) after Ayala Avenue  Makati,0,0,0,0,0,0,0,0,0,0,2009-12-05 12:30,Property,14.54740302,121.0262287,Side Swipe
None,EDSA,None,None,"Unknown, Side Swipe, 0.0 drivers_injured, 0.0 drivers_killed, 0.0 passengers_injured, 0.0 passengers_killed, 0.0 pedestrian_injured, 0.0 pedestrian_killed, Fair (Night), EDSA (SB) bet. A. Arnaiz Avenue & Pasong Tamo Ext. magallanes M RT Makati",MMDA Road Safety Unit,,c904f80e-5b6c-42a3-bdf9-5b3996a03f08,2009-12-02,11:05:00,EDSA (SB) Approaching Shell Gas station / Buendia Makati,0,0,0,0,0,0,0,0,0,0,2009-12-02 19:05,Property,14.54184181,121.0190406,Side Swipe
None,EDSA,None,None,"Unknown, Side Swipe, 0.0 drivers_injured, 0.0 drivers_killed, 0.0 passengers_injured, 0.0 passengers_killed, 0.0 pedestrian_injured, 0.0 pedestrian_killed, Fair (Night), EDSA (SB) approaching Buendia Ave. Makati",MMDA Road Safety Unit,,7fb1d1f6-3214-4b39-8379-8ab83025fa4d,2009-12-01,13:15:00,EDSA (SB) approaching Ayala Avenue Makati,0,0,0,0,0,0,0,0,0,0,2009-12-01 21:15,Property,14.55537485,121.0354873,Side Swipe
None,EDSA,None,None,"Unknown, Angle Impact, 0.0 drivers_injured, 0.0 drivers_killed, 0.0 passengers_injured, 0.0 passengers_killed, 0.0 pedestrian_injured, 0.0 pedestrian_killed, Fair (Day), EDSA (SB) Ayala intersection Makati",MMDA Road Safety Unit,,2ef8e803-231b-4db7-b582-fa00f99e7ba7,2009-11-26,07:00:00,EDSA (SB) Shell Gas stn. / Buendia Makati,0,0,0,0,0,0,0,0,0,0,2009-11-26 15:00,Property,14.550131,121.0294729,Angle Impact
None,EDSA,None,None,"Unknown, Rear-end, 0.0 drivers_injured, 0.0 drivers_killed, 0.0 passengers_injured, 0.0 passengers_killed, 0.0 pedestrian_injured, 0.0 pedestrian_killed, Fair (Day), EDSA (SB) approaching Ayala Avenue Makati",MMDA Road Safety Unit,,f7953ed0-7329-4463-a9fa-0249ada55473,2009-11-21,04:00:00,"EDSA (SB) at ""U""turn slot / Buendia  Makati",0,0,0,0,0,0,0,0,0,0,2009-11-21 12:00,Property,14.55028537,121.0293488,Rear-End
None,EDSA,None,None,"Unknown, Rear-end, 0.0 drivers_injured, 0.0 drivers_killed, 0.0 passengers_injured, 0.0 passengers_killed, 0.0 pedestrian_injured, 0.0 pedestrian_killed, Fair (Day), EDSA (SB) Approaching Ayala unnel Makati",MMDA Road Safety Unit,,0b5b6ec9-12c8-4428-a490-da766cbaa7c0,2009-11-14,00:30:00,EDSA (SB) Approaching Loading Bay Magallanes Makati,0,0,0,0,0,0,0,0,0,0,2009-11-14 8:30,Property,14.54869191,121.0275219,Rear-End
None,EDSA,None,None,"Unknown, Rear-end, 0.0 drivers_injured, 0.0 drivers_killed, 0.0 passengers_injured, 0.0 passengers_killed, 0.0 pedestrian_injured, 0.0 pedestrian_killed, Fair (Night), EDSA (SB) fronting Pet Tower Bldg. Makati",MMDA Road Safety Unit,,9cb124b5-ca82-49e4-a373-3383df3b4c88,2009-11-11,12:30:00,EDSA (SB) mantrade Loading Bay Makati,0,0,0,0,0,0,0,0,0,0,2009-11-11 20:30,Property,14.56187579,121.0428741,Rear-End
None,EDSA,None,None,"Unknown, Rear-end, 0.0 drivers_injured, 0.0 drivers_killed, 0.0 passengers_injured, 0.0 passengers_killed, 0.0 pedestrian_injured, 0.0 pedestrian_killed, Fair (Night), EDSA (SB) Magallanes MRT Station Makati",MMDA Road Safety Unit,,3ce67b24-7a86-4d2c-8c21-ff187459986c,2009-11-11,09:45:00,EDSA (SB) after Sen. Gil Puyat Avenue (Buendia) Makati,0,0,0,0,0,0,0,0,0,0,2009-11-11 17:45,Property,14.54171041,121.019054,Rear-End
None,EDSA,None,None,"Unknown, Rear-end, 0.0 drivers_injured, 0.0 drivers_killed, 0.0 passengers_injured, 0.0 passengers_killed, 0.0 pedestrian_injured, 0.0 pedestrian_killed, Fair (Day), EDSA (SB) Guadalupe Loading Bay  Makati",MMDA Road Safety Unit,,64dd144b-9db1-49ca-b1aa-4bbde0ffaca9,2009-11-10,23:45:00,EDSA (SB) after A. Arnaiz Ave. (Pasay Road) Makati,0,0,0,0,0,0,0,0,0,0,2009-11-11 7:45,Property,14.56473213,121.0447625,Rear-End
None,EDSA,None,None,"Unknown, Rear-end, 0.0 drivers_injured, 0.0 drivers_killed, 0.0 passengers_injured, 0.0 passengers_killed, 0.0 pedestrian_injured, 0.0 pedestrian_killed, Fair (Day), EDSA (SB) Estrella St. Brgy. Bel Air Makati",MMDA Road Safety Unit,,6dc63d12-8cea-4fa8-bf4b-afd135921847,2009-11-10,22:30:00,EDSA (SB) Approaching Mantrade Brgy. Magallanes Makati,0,0,0,0,0,0,0,0,0,0,2009-11-11 6:30,Property,14.56002889,121.040751,Rear-End
None,EDSA,None,None,"Unknown, Side Swipe, 0.0 drivers_injured, 0.0 drivers_killed, 0.0 passengers_injured, 0.0 passengers_killed, 0.0 pedestrian_injured, 0.0 pedestrian_killed, Fair (Night), EDSA (SB) Approaching Ayala Loading Bay Makati",MMDA Road Safety Unit,,8b577b08-2372-4d94-ac56-ac260673759e,2009-11-09,09:20:00,EDSA (SB) Sen. Gil Puayt Avenue (Buendia ) Makati,0,0,0,0,0,0,0,0,0,0,2009-11-09 17:20,Property,14.55028537,121.0293488,Side Swipe
None,EDSA,None,None,"Unknown, Rear-end, 0.0 drivers_injured, 0.0 drivers_killed, 0.0 passengers_injured, 0.0 passengers_killed, 0.0 pedestrian_injured, 0.0 pedestrian_killed, Fair (Day), EDSA (SB) after Ayala Avenue  Makati",MMDA Road Safety Unit,,83199706-4a3d-4f65-ba60-32ff860f34c9,2009-11-06,23:55:00,EDSA (SB) Magallanes Loading Bay Makati,0,0,0,0,0,0,0,0,0,0,2009-11-07 7:55,Property,14.55024379,121.0293798,Rear-End
None,EDSA,None,None,"Unknown, Side Swipe, 0.0 drivers_injured, 0.0 drivers_killed, 0.0 passengers_injured, 0.0 passengers_killed, 0.0 pedestrian_injured, 0.0 pedestrian_killed, Fair (Day), EDSA (SB) Approaching Shell Gas station / Buendia Makati",MMDA Road Safety Unit,,8223ea79-eeaa-4701-9c4d-38392b952b2a,2009-11-06,00:30:00,EDSA (SB) afyter Guadalupe Loading Bay Makati,0,0,0,0,0,0,0,0,0,0,2009-11-06 8:30,Property,14.55542101,121.0352189,Side Swipe
None,EDSA,None,None,"Unknown, Side Swipe, 0.0 drivers_injured, 0.0 drivers_killed, 0.0 passengers_injured, 0.0 passengers_killed, 0.0 pedestrian_injured, 0.0 pedestrian_killed, Fair (Day), EDSA (SB) approaching Ayala Avenue Makati",MMDA Road Safety Unit,,4c920bcc-c974-4603-9fc5-31aa3d50175b,2009-11-06,00:00:00,EDSA (SB) Ayala AvenueBrgy. Forbes Makati,0,0,0,0,0,0,0,0,0,0,2009-11-06 8:00,Property,14.55028537,121.0293488,Side Swipe
None,EDSA,None,None,"Unknown, Rear-end, 0.0 drivers_injured, 0.0 drivers_killed, 0.0 passengers_injured, 0.0 passengers_killed, 0.0 pedestrian_injured, 0.0 pedestrian_killed, Fair (Day), EDSA (SB) Shell Gas stn. / Buendia Makati",MMDA Road Safety Unit,,1c836153-124a-4db3-a6c0-fe451541115f,2009-11-03,22:30:00,EDSA (SB) Service Road Approaching Chino Roces Avenue Makati,0,0,0,0,0,0,0,0,0,0,2009-11-04 6:30,Property,14.55547546,121.0352249,Rear-End
None,EDSA,None,None,"Unknown, Rear-end, 0.0 drivers_injured, 0.0 drivers_killed, 0.0 passengers_injured, 0.0 passengers_killed, 0.0 pedestrian_injured, 0.0 pedestrian_killed, Fair (Night), EDSA (SB) at ""U""turn slot / Buendia  Makati",MMDA Road Safety Unit,,68250629-38bf-4d16-8b18-2078b9910852,2009-11-01,21:15:00,EDSA (SB) Magallanes Loading Bay Makati,0,0,0,0,0,0,0,0,0,0,2009-11-02 5:15,Property,14.555324,121.0354826,Rear-End
None,EDSA,None,None,"Unknown, Side Swipe, 0.0 drivers_injured, 0.0 drivers_killed, 0.0 passengers_injured, 0.0 passengers_killed, 0.0 pedestrian_injured, 0.0 pedestrian_killed, Fair (Day), EDSA (SB) Approaching Loading Bay Magallanes Makati",MMDA Road Safety Unit,,9d657a83-5e7b-46ad-8bda-e49612ac59f5,2009-10-27,23:30:00,EDSA (SB) Approaching A. Arnaiz Ave. (Pasay Road) Makati,0,0,0,0,0,0,0,0,0,0,2009-10-28 7:30,Property,14.54304214,121.0205318,Side Swipe
None,EDSA,None,None,"Unknown, Hit object (No Object Stated), 0.0 drivers_injured, 0.0 drivers_killed, 0.0 passengers_injured, 0.0 passengers_killed, 0.0 pedestrian_injured, 0.0 pedestrian_killed, Fair (Night), EDSA (SB) mantrade Loading Bay Makati",MMDA Road Safety Unit,,218134a6-47ab-4d17-a318-613ec207b777,2009-10-26,15:55:00,EDSA (SB) Ayala stop Light  Makati,0,0,0,0,0,0,0,0,0,0,2009-10-26 23:55,Property,14.54276678,121.0202719,Hit Object
None,EDSA,None,None,"Unknown, Side Swipe, 0.0 drivers_injured, 0.0 drivers_killed, 0.0 passengers_injured, 0.0 passengers_killed, 0.0 pedestrian_injured, 0.0 pedestrian_killed, Fair (Night), EDSA (SB) after Sen. Gil Puyat Avenue (Buendia) Makati",MMDA Road Safety Unit,,bf0b62e8-d402-4d87-b73d-f9be4c56367d,2009-10-23,20:10:00,EDSA (SB) after Estrella St. Makati,0,0,0,0,0,0,0,0,0,0,2009-10-24 4:10,Property,14.5547747,121.0350593,Side Swipe
None,EDSA,None,None,"Unknown, Hit object (No Object Stated), 0.0 drivers_injured, 0.0 drivers_killed, 0.0 passengers_injured, 0.0 passengers_killed, 0.0 pedestrian_injured, 0.0 pedestrian_killed, Fair (Night), EDSA (SB) after A. Arnaiz Ave. (Pasay Road) Makati",MMDA Road Safety Unit,,7a78edf9-e2d1-40be-bc9f-568b4e15e0f7,2009-10-20,14:00:00,EDSA (SB) Loading Bay Guadalupe  Makati,0,0,0,0,0,0,0,0,0,0,2009-10-20 22:00,Property,14.54740302,121.0262287,Hit Object
None,EDSA,None,None,"Unknown, Side Swipe, 0.0 drivers_injured, 0.0 drivers_killed, 0.0 passengers_injured, 0.0 passengers_killed, 0.0 pedestrian_injured, 0.0 pedestrian_killed, Fair (Night), EDSA (SB) Approaching Mantrade Brgy. Magallanes Makati",MMDA Road Safety Unit,,8878b2d0-eff2-4f14-a053-1f77f56831b6,2009-10-19,12:00:00,EDSA (SB) approaching Ayala Ave. Makati,0,0,0,0,0,0,0,0,0,0,2009-10-19 20:00,Property,14.53941899,121.014514,Side Swipe
None,EDSA,None,None,"Unknown, Rear-end, 0.0 drivers_injured, 0.0 drivers_killed, 0.0 passengers_injured, 0.0 passengers_killed, 0.0 pedestrian_injured, 0.0 pedestrian_killed, Fair (Day), EDSA (SB) Sen. Gil Puayt Avenue (Buendia ) Makati",MMDA Road Safety Unit,,8e8409ff-007c-41f7-ad56-0346475a5062,2009-10-19,00:45:00,EDSA (SB) Approaching Estrella Overpass Makati,0,0,0,0,0,0,0,0,0,0,2009-10-19 8:45,Property,14.55496432,121.0348612,Rear-End
None,EDSA,None,None,"Unknown, Rear-end, 0.0 drivers_injured, 0.0 drivers_killed, 0.0 passengers_injured, 0.0 passengers_killed, 0.0 pedestrian_injured, 0.0 pedestrian_killed, Fair (Day), EDSA (SB) Magallanes Loading Bay Makati",MMDA Road Safety Unit,,1739e1b0-b571-4db9-8222-8e0d7f594e30,2009-10-18,22:45:00,EDSA (SB) MRT Station / Ayala Makati,0,0,0,0,0,0,0,0,0,0,2009-10-19 6:45,Property,14.54282655,121.0202714,Rear-End
None,EDSA,None,None,"Unknown, Side Swipe, 0.0 drivers_injured, 0.0 drivers_killed, 0.0 passengers_injured, 0.0 passengers_killed, 0.0 pedestrian_injured, 0.0 pedestrian_killed, Fair (Night), EDSA (SB) afyter Guadalupe Loading Bay Makati",MMDA Road Safety Unit,,f82d6c1c-b2ad-4ee0-a395-0f00486ead9d,2009-10-17,14:45:00,EDSA (SB) Mantrade Loading Bay Makati,0,0,0,0,0,0,0,0,0,0,2009-10-17 22:45,Property,14.56467983,121.044743,Side Swipe
None,EDSA,None,None,"Unknown, Side Swipe, 0.0 drivers_injured, 0.0 drivers_killed, 0.0 passengers_injured, 0.0 passengers_killed, 0.0 pedestrian_injured, 0.0 pedestrian_killed, Fair (Night), EDSA (SB) Ayala AvenueBrgy. Forbes Makati",MMDA Road Safety Unit,,927105bc-e659-453b-b306-7fc45ede2726,2009-10-15,14:00:00,EDSA (SB) Approaching Estrella Loading bay Makati,0,0,0,0,0,0,0,0,0,0,2009-10-15 22:00,Property,14.550131,121.0294729,Side Swipe
None,EDSA,None,None,"Unknown, Side Swipe, 0.0 drivers_injured, 0.0 drivers_killed, 0.0 passengers_injured, 0.0 passengers_killed, 0.0 pedestrian_injured, 0.0 pedestrian_killed, Fair (Day), EDSA (SB) Service Road Approaching Chino Roces Avenue Makati",MMDA Road Safety Unit,,8b5eb5e7-f051-4ce7-ab30-3eed4bcf19fe,2009-10-12,04:45:00,EDSA (SB) Buendia MRT station Makati,0,0,0,0,0,0,0,0,0,0,2009-10-12 12:45,Property,14.54081709,121.018031,Side Swipe
None,EDSA,None,None,"Unknown, Rear-end, 0.0 drivers_injured, 0.0 drivers_killed, 0.0 passengers_injured, 0.0 passengers_killed, 0.0 pedestrian_injured, 0.0 pedestrian_killed, Fair (Day), EDSA (SB) Magallanes Loading Bay Makati",MMDA Road Safety Unit,,edd4ab13-992a-40d1-af2f-6fff2a87e6e2,2009-10-12,01:40:00,"EDSA (SB) Mc Kinley Rd., Brgy. Forbes, makati Makati",0,0,0,0,0,0,0,0,0,0,2009-10-12 9:40,Property,14.54282655,121.0202714,Rear-End
None,EDSA,None,None,"Human Error, Rear-end, 0.0 drivers_injured, 0.0 drivers_killed, 0.0 passengers_injured, 0.0 passengers_killed, 0.0 pedestrian_injured, 0.0 pedestrian_killed, Fair (Day), EDSA (SB) Approaching A. Arnaiz Ave. (Pasay Road) Makati",MMDA Road Safety Unit,,2cf2fd35-bb1c-4c0c-b793-e51da1dbd155,2009-10-08,03:35:00,"EDSA (SB) Guadalupe loading Bay, Makati Makati",0,0,0,0,0,0,0,0,0,0,2009-10-08 11:35,Property,14.54786338,121.0263817,Rear-End
None,EDSA,None,None,"Unknown, Rear-end, 0.0 drivers_injured, 0.0 drivers_killed, 0.0 passengers_injured, 0.0 passengers_killed, 0.0 pedestrian_injured, 0.0 pedestrian_killed, Fair (Night), EDSA (SB) Ayala stop Light  Makati",MMDA Road Safety Unit,,8f8534d8-667c-4484-bacd-9aceae19be55,2009-10-07,09:05:00,EDSA (SB) Magallanes Loading Bay  Makati,0,0,0,0,0,0,0,0,0,0,2009-10-07 17:05,Property,14.55017758,121.0293252,Rear-End
None,EDSA,None,None,"Unknown, Rear-end, 0.0 drivers_injured, 0.0 drivers_killed, 0.0 passengers_injured, 0.0 passengers_killed, 0.0 pedestrian_injured, 0.0 pedestrian_killed, Fair (Night), EDSA (SB) after Estrella St. Makati",MMDA Road Safety Unit,,e190e11a-a4a6-465d-b209-2f017f837af9,2009-10-04,10:30:00,"EDSA (SB) before Sen. Gil Puyat Ave., Brgy. Bel Air makati Makati",0,0,0,0,0,0,0,0,0,0,2009-10-04 18:30,Property,14.56019425,121.0409398,Rear-End
None,EDSA,None,None,"Unknown, Hit object (Fence/Wall-See-thru), 0.0 drivers_injured, 0.0 drivers_killed, 0.0 passengers_injured, 0.0 passengers_killed, 0.0 pedestrian_injured, 0.0 pedestrian_killed, Fair (Day), EDSA (SB) Loading Bay Guadalupe  Makati",MMDA Road Safety Unit,,3ec3fe15-1648-4879-9ee2-f4cec0118857,2009-09-30,23:30:00,"EDSA (SB) before Sen. Gil Puyat Ave., Brgy. Bel Air makati Makati",0,0,0,0,0,0,0,0,0,0,2009-10-01 7:30,Property,14.56459428,121.0447183,Hit Object
None,EDSA,None,None,"Unknown, Rear-end, 0.0 drivers_injured, 0.0 drivers_killed, 0.0 passengers_injured, 0.0 passengers_killed, 0.0 pedestrian_injured, 0.0 pedestrian_killed, Rain (Day), EDSA (SB) approaching Ayala Ave. Makati",MMDA Road Safety Unit,,f8580c0c-8159-44ce-9a62-b8d2a3f5ccdd,2009-09-26,04:00:00,"EDSA (SB) Estrella, Makati Makati",0,0,0,0,0,0,0,0,0,0,2009-09-26 12:00,Property,14.55028537,121.0293488,Rear-End
None,EDSA,None,None,"Unknown, Side Swipe, 0.0 drivers_injured, 0.0 drivers_killed, 0.0 passengers_injured, 0.0 passengers_killed, 0.0 pedestrian_injured, 0.0 pedestrian_killed, Fair (Day), EDSA (SB) Approaching Estrella Overpass Makati",MMDA Road Safety Unit,,906a2502-2cfb-4b6e-8941-3f5d7807725a,2009-09-19,02:45:00,"EDSA (SB) Estrella, Makati Makati",0,0,0,0,0,0,0,0,0,0,2009-09-19 10:45,Property,14.56047798,121.0414148,Side Swipe
None,EDSA,None,None,"Unknown, Side Swipe, 0.0 drivers_injured, 0.0 drivers_killed, 0.0 passengers_injured, 0.0 passengers_killed, 0.0 pedestrian_injured, 0.0 pedestrian_killed, Fair (Night), EDSA (SB) MRT Station / Ayala Makati",MMDA Road Safety Unit,,8ffd6ffc-61bc-4d01-bbb8-eb182513c916,2009-09-16,14:30:00,"EDSA (SB) Sen. Gil Puyat Ave. Brgy. Bel Air, Makati Makati",0,0,0,0,0,0,0,0,0,0,2009-09-16 22:30,Property,14.54907858,121.0280094,Side Swipe
None,EDSA,None,None,"Unknown, Side Swipe, 0.0 drivers_injured, 0.0 drivers_killed, 0.0 passengers_injured, 0.0 passengers_killed, 0.0 pedestrian_injured, 0.0 pedestrian_killed, Fair (Night), EDSA (SB) Mantrade Loading Bay Makati",MMDA Road Safety Unit,,678d2b8b-c037-4a38-9b2e-97b72a576770,2009-09-16,13:30:00,"EDSA (SB) Estrella overpass, Makati Makati",0,0,0,0,0,0,0,0,0,0,2009-09-16 21:30,Property,14.54276678,121.0202719,Side Swipe
None,EDSA,None,None,"Unknown, Rear-end, 0.0 drivers_injured, 0.0 drivers_killed, 0.0 passengers_injured, 0.0 passengers_killed, 0.0 pedestrian_injured, 0.0 pedestrian_killed, Fair (Day), EDSA (SB) Approaching Estrella Loading bay Makati",MMDA Road Safety Unit,,156b1eb4-03ad-4256-b430-4197e5a8651f,2009-09-14,02:00:00,"EDSA (SB) Buendia Ave., Makati Makati",0,0,0,0,0,0,0,0,0,0,2009-09-14 10:00,Property,14.56080008,121.0416181,Rear-End
None,EDSA,None,None,"Unknown, Side Swipe, 0.0 drivers_injured, 0.0 drivers_killed, 0.0 passengers_injured, 0.0 passengers_killed, 0.0 pedestrian_injured, 0.0 pedestrian_killed, Fair (Night), EDSA (SB) Buendia MRT station Makati",MMDA Road Safety Unit,,f652e4b6-d51c-44b2-ba47-231f5a82ed38,2009-09-12,11:10:00,"EDSA (SB) fronting Pet Plans, Guadalupe Viejo, Makati Makati",0,0,0,0,0,0,0,0,0,0,2009-09-12 19:10,Property,14.55421358,121.03387,Side Swipe
None,EDSA,None,None,"Unknown, Side Swipe, 0.0 drivers_injured, 0.0 drivers_killed, 0.0 passengers_injured, 0.0 passengers_killed, 0.0 pedestrian_injured, 0.0 pedestrian_killed, Fair (Day), EDSA (SB) Mc Kinley Rd., Brgy. Forbes, makati Makati",MMDA Road Safety Unit,,f23cc7e3-7043-46e0-a507-174ffa823a3b,2009-09-12,04:30:00,"EDSA (SB) after Estrella St., Makati Makati",0,0,0,0,0,0,0,0,0,0,2009-09-12 12:30,Property,14.55013698,121.0294728,Side Swipe
None,EDSA,None,None,"Unknown, Rear-end, 0.0 drivers_injured, 0.0 drivers_killed, 0.0 passengers_injured, 0.0 passengers_killed, 0.0 pedestrian_injured, 0.0 pedestrian_killed, Fair (Day), EDSA (SB) Guadalupe loading Bay, Makati Makati",MMDA Road Safety Unit,,ee7270d5-7dee-436c-8d4c-fc0db127127e,2009-09-12,04:00:00,EDSA (SB) after Buendia Loading Bay  Makati,0,0,0,0,0,0,0,0,0,0,2009-09-12 12:00,Property,14.56473213,121.0447625,Rear-End
None,EDSA,None,None,"Unknown, Rear-end, 0.0 drivers_injured, 0.0 drivers_killed, 0.0 passengers_injured, 0.0 passengers_killed, 0.0 pedestrian_injured, 0.0 pedestrian_killed, Fair (Day), EDSA (SB) Magallanes Loading Bay  Makati",MMDA Road Safety Unit,,99a6e2e3-f237-4925-9bce-57cb5383d9ec,2009-09-12,00:00:00,EDSA (SB) magallanes Loading Bay  Makati,0,0,0,0,0,0,0,0,0,0,2009-09-12 8:00,Property,14.54282655,121.0202714,Rear-End
None,EDSA,None,None,"Unknown, Rear-end, 0.0 drivers_injured, 0.0 drivers_killed, 0.0 passengers_injured, 0.0 passengers_killed, 0.0 pedestrian_injured, 0.0 pedestrian_killed, Fair (Night), EDSA (SB) before Sen. Gil Puyat Ave., Brgy. Bel Air makati Makati",MMDA Road Safety Unit,,a30eacfb-c25d-4e87-a7ec-38082c5de23d,2009-09-11,12:00:00,EDSA (SB) Bet. Buendia Ave. / Ayala Ave. Makati,0,0,0,0,0,0,0,0,0,0,2009-09-11 20:00,Property,14.55551148,121.035243,Rear-End
None,EDSA,None,None,"Unknown, Rear-end, 0.0 drivers_injured, 0.0 drivers_killed, 0.0 passengers_injured, 0.0 passengers_killed, 0.0 pedestrian_injured, 0.0 pedestrian_killed, Fair (Night), EDSA (SB) before Sen. Gil Puyat Ave., Brgy. Bel Air makati Makati",MMDA Road Safety Unit,,e077e9c1-1ced-4511-bf5e-f03f60755701,2009-09-11,11:15:00,EDSA (SB) after Estrella St. Makati,0,0,0,0,0,0,0,0,0,0,2009-09-11 19:15,Property,14.55551148,121.035243,Rear-End
None,EDSA,None,None,"Unknown, Side Swipe, 0.0 drivers_injured, 0.0 drivers_killed, 0.0 passengers_injured, 0.0 passengers_killed, 0.0 pedestrian_injured, 0.0 pedestrian_killed, Fair (Night), EDSA (SB) Estrella, Makati Makati",MMDA Road Safety Unit,,fa93069a-c562-437c-aed4-b71e838fda50,2009-09-10,13:30:00,EDSA (SB) Estrella St. Makati,0,0,0,0,0,0,0,0,0,0,2009-09-10 21:30,Property,14.56002889,121.040751,Side Swipe
None,EDSA,None,None,"Unknown, Rear-end, 0.0 drivers_injured, 0.0 drivers_killed, 0.0 passengers_injured, 0.0 passengers_killed, 0.0 pedestrian_injured, 0.0 pedestrian_killed, Fair (Night), EDSA (SB) Estrella, Makati Makati",MMDA Road Safety Unit,,8274292e-b588-478c-8f7f-29245cce8ecc,2009-09-08,19:30:00,EDSA (SB) Gaudalupe Loading Bay  Makati,0,0,0,0,0,0,0,0,0,0,2009-09-09 3:30,Property,14.56002889,121.040751,Rear-End
None,EDSA,None,None,"Unknown, Side Swipe, 0.0 drivers_injured, 0.0 drivers_killed, 0.0 passengers_injured, 0.0 passengers_killed, 0.0 pedestrian_injured, 0.0 pedestrian_killed, Fair (Night), EDSA (SB) Sen. Gil Puyat Ave. Brgy. Bel Air, Makati Makati",MMDA Road Safety Unit,,bcf87bf1-568e-46fa-adb6-f7ebe287a117,2009-09-05,11:20:00,EDSA (SB) Guadalupe MRT Station Makati,0,0,0,0,0,0,0,0,0,0,2009-09-05 19:20,Property,14.55496432,121.0348612,Side Swipe
None,EDSA,None,None,"Unknown, Rear-end, 0.0 drivers_injured, 0.0 drivers_killed, 0.0 passengers_injured, 0.0 passengers_killed, 0.0 pedestrian_injured, 0.0 pedestrian_killed, Fair (Night), EDSA (SB) Estrella overpass, Makati Makati",MMDA Road Safety Unit,,408eb7c4-c080-47e0-8c51-fdb55e8aac9a,2009-09-05,08:30:00,EDSA (SB) Estrella Loading Bay Makati,0,0,0,0,0,0,0,0,0,0,2009-09-05 16:30,Property,14.56055074,121.0413945,Rear-End
None,EDSA,None,None,"Unknown, Side Swipe, 0.0 drivers_injured, 0.0 drivers_killed, 0.0 passengers_injured, 0.0 passengers_killed, 0.0 pedestrian_injured, 0.0 pedestrian_killed, Fair (Day), EDSA (SB) Buendia Ave., Makati Makati",MMDA Road Safety Unit,,4f462b8c-e72c-448e-b277-dba894334d49,2009-09-05,04:30:00,EDSA (SB) Approaching Loading Bay Buendia Makati,0,0,0,0,0,0,0,0,0,0,2009-09-05 12:30,Property,14.55505269,121.034707,Side Swipe
None,EDSA,None,None,"Unknown, Rear-end, 0.0 drivers_injured, 0.0 drivers_killed, 0.0 passengers_injured, 0.0 passengers_killed, 0.0 pedestrian_injured, 0.0 pedestrian_killed, Fair (Night), EDSA (SB) fronting Pet Plans, Guadalupe Viejo, Makati Makati",MMDA Road Safety Unit,,ac76b40c-a85b-4900-b9e6-ccf87408aeef,2009-09-04,12:45:00,EDSA (SB) Guadalupe MRT Station Makati,0,0,0,0,0,0,0,0,0,0,2009-09-04 20:45,Property,14.56187579,121.0428741,Rear-End
None,EDSA,None,None,"Unknown, Rear-end, 0.0 drivers_injured, 0.0 drivers_killed, 0.0 passengers_injured, 0.0 passengers_killed, 0.0 pedestrian_injured, 0.0 pedestrian_killed, Fair (Day), EDSA (SB) after Estrella St., Makati Makati",MMDA Road Safety Unit,,7f81690d-b05c-49c8-b128-430ab74bfdca,2009-09-03,02:30:00,EDSA (SB) Magallanes Interchange Makati,0,0,0,0,0,0,0,0,0,0,2009-09-03 10:30,Property,14.56019425,121.0409398,Rear-End
None,EDSA,None,None,"Unknown, Rear-end, 0.0 drivers_injured, 0.0 drivers_killed, 0.0 passengers_injured, 0.0 passengers_killed, 0.0 pedestrian_injured, 0.0 pedestrian_killed, Fair (Day), EDSA (SB) after Buendia Loading Bay  Makati",MMDA Road Safety Unit,,1ab6870a-e1d2-47db-9cc7-3942180478e9,2009-09-01,00:40:00,EDSA (SB) Approaching Guada MRT Sttion Makati,0,0,0,0,0,0,0,0,0,0,2009-09-01 8:40,Property,14.55386823,121.0334638,Rear-End