LOCATION_TEXT,ROAD,WEATHER,LIGHT,DESC,REPORTING_AGENCY,MAIN_CAUSE,INCIDENTDETAILS_ID,DATE_UTC,TIME_UTC,ADDRESS,killed_driver,killed_passenger,killed_pedestrian,injured_driver,injured_passenger,injured_pedestrian,killed_uncategorized,injured_uncategorized,killed_total,injured_total,DATETIME_PST,SEVERITY,Y,X,COLLISION_TYPE
None,EDSA,None,None,"Unknown, Rear-end, 0.0 drivers_injured, 0.0 drivers_killed, 0.0 passengers_injured, 0.0 passengers_killed, 0.0 pedestrian_injured, 0.0 pedestrian_killed, Fair (Day), EDSA (SB) magallanes Loading Bay  Makati",MMDA Road Safety Unit,,ae94c590-53c8-470c-9d5e-62be2e628cbd,2009-08-29,07:30:00,EDSA (SB) Ayala Avenue Makati,0,0,0,0,0,0,0,0,0,0,2009-08-29 15:30,Property,14.54282655,121.0202714,Rear-End
None,EDSA,None,None,"Unknown, Rear-end, 0.0 drivers_injured, 0.0 drivers_killed, 0.0 passengers_injured, 0.0 passengers_killed, 0.0 pedestrian_injured, 0.0 pedestrian_killed, Fair (Day), EDSA (SB) Bet. Buendia Ave. / Ayala Ave. Makati",MMDA Road Safety Unit,,5420f249-670d-4c22-9470-ab8cde771b5b,2009-08-28,22:15:00,EDSA (SB) Ayala Avenue Makati,0,0,0,0,0,0,0,0,0,0,2009-08-29 6:15,Property,14.55396629,121.0334647,Rear-End
None,EDSA,None,None,"Unknown, Rear-end, 0.0 drivers_injured, 0.0 drivers_killed, 0.0 passengers_injured, 0.0 passengers_killed, 0.0 pedestrian_injured, 0.0 pedestrian_killed, Fair (Day), EDSA (SB) after Estrella St. Makati",MMDA Road Safety Unit,,dc9de0aa-0810-4015-afdf-702696f2b36f,2009-08-28,00:30:00,EDSA (SB) Magallanes Loadibg Bay Makati,0,0,0,0,0,0,0,0,0,0,2009-08-28 8:30,Property,14.56019425,121.0409398,Rear-End
None,EDSA,None,None,"Unknown, Rear-end, 0.0 drivers_injured, 0.0 drivers_killed, 0.0 passengers_injured, 0.0 passengers_killed, 0.0 pedestrian_injured, 0.0 pedestrian_killed, Fair (Night), EDSA (SB) Estrella St. Makati",MMDA Road Safety Unit,,49870f44-f551-4c34-b976-3027b1c899af,2009-08-27,10:50:00,EDSA (SB) Buendia Avenue Makati,0,0,0,0,0,0,0,0,0,0,2009-08-27 18:50,Property,14.56002889,121.040751,Rear-End
None,EDSA,None,None,"Unknown, Rear-end, 0.0 drivers_injured, 0.0 drivers_killed, 0.0 passengers_injured, 0.0 passengers_killed, 0.0 pedestrian_injured, 0.0 pedestrian_killed, Fair (Day), EDSA (SB) Gaudalupe Loading Bay  Makati",MMDA Road Safety Unit,,f4b1c86b-3aec-415a-9464-f66b18d2b1da,2009-08-24,00:35:00,EDSA (SB) Approaching Magallanes Loading Bay Makati,0,0,0,0,0,0,0,0,0,0,2009-08-24 8:35,Property,14.5647102,121.0447136,Rear-End
None,EDSA,None,None,"Unknown, Rear-end, 0.0 drivers_injured, 0.0 drivers_killed, 0.0 passengers_injured, 0.0 passengers_killed, 0.0 pedestrian_injured, 0.0 pedestrian_killed, Fair (Night), EDSA (SB) Guadalupe MRT Station Makati",MMDA Road Safety Unit,,bc8ed9b9-b39f-4485-b385-de6f92c58302,2009-08-23,20:30:00,EDSA (SB) Approaching Magallanes Makati,0,0,0,0,0,0,0,0,0,0,2009-08-24 4:30,Property,14.5665734,121.0453551,Rear-End
None,EDSA,None,None,"Unknown, Rear-end, 0.0 drivers_injured, 0.0 drivers_killed, 0.0 passengers_injured, 0.0 passengers_killed, 0.0 pedestrian_injured, 0.0 pedestrian_killed, Fair (Day), EDSA (SB) Estrella Loading Bay Makati",MMDA Road Safety Unit,,1305982f-6d25-4293-9ed1-8dc7a5cd2478,2009-08-19,22:40:00,EDSA (SB) after Arnaiz Ave. (Pasay Rd.) Makati,0,0,0,0,0,0,0,0,0,0,2009-08-20 6:40,Property,14.56059855,121.0413941,Rear-End
None,EDSA,None,None,"Unknown, Rear-end, 0.0 drivers_injured, 0.0 drivers_killed, 0.0 passengers_injured, 0.0 passengers_killed, 0.0 pedestrian_injured, 0.0 pedestrian_killed, Fair (Day), EDSA (SB) Approaching Loading Bay Buendia Makati",MMDA Road Safety Unit,,443f1a6a-4a7d-4b95-81f4-70d6b0e0e64c,2009-08-19,05:50:00,EDSA (SB) Approaching Buendia Avenue Makati,0,0,0,0,0,0,0,0,0,0,2009-08-19 13:50,Property,14.55394388,121.0334184,Rear-End
None,EDSA,None,None,"Unknown, Side Swipe, 0.0 drivers_injured, 0.0 drivers_killed, 0.0 passengers_injured, 0.0 passengers_killed, 0.0 pedestrian_injured, 0.0 pedestrian_killed, Fair (Night), EDSA (SB) Guadalupe MRT Station Makati",MMDA Road Safety Unit,,14c40945-705b-49c8-a0c4-846f209d0d45,2009-08-18,10:00:00,EDSA (SB) Buendia Avenue Makati,0,0,0,0,0,0,0,0,0,0,2009-08-18 18:00,Property,14.5665734,121.0453551,Side Swipe
None,EDSA,None,None,"Unknown, Rear-end, 0.0 drivers_injured, 0.0 drivers_killed, 0.0 passengers_injured, 0.0 passengers_killed, 0.0 pedestrian_injured, 0.0 pedestrian_killed, Fair (Day), EDSA (SB) Magallanes Interchange Makati",MMDA Road Safety Unit,,2b51c61c-22f3-4aea-9e1d-75400542d6af,2009-08-18,01:55:00,EDSA (SB) after Magallanes Loading Bay Makati,0,0,0,0,0,0,0,0,0,0,2009-08-18 9:55,Property,14.54028633,121.0167655,Rear-End
None,EDSA,None,None,"Unknown, Side Swipe, 0.0 drivers_injured, 0.0 drivers_killed, 0.0 passengers_injured, 0.0 passengers_killed, 0.0 pedestrian_injured, 0.0 pedestrian_killed, Fair (Day), EDSA (SB) Approaching Guada MRT Sttion Makati",MMDA Road Safety Unit,,fe0ac843-bf4c-47b5-bb89-e3d54c238813,2009-08-17,01:45:00,EDSA (SB) fronting Pet Plans Bldg.  Makati,0,0,0,0,0,0,0,0,0,0,2009-08-17 9:45,Property,14.56676945,121.045497,Side Swipe
None,EDSA,None,None,"Unknown, Rear-end, 0.0 drivers_injured, 0.0 drivers_killed, 0.0 passengers_injured, 0.0 passengers_killed, 0.0 pedestrian_injured, 0.0 pedestrian_killed, Fair (Day), EDSA (SB) Ayala Avenue Makati",MMDA Road Safety Unit,,5fa7be82-8299-40d4-b917-74ddd700307f,2009-08-15,22:15:00,EDSA (SB) Approaching MRT Guada Stn. Makati,0,0,0,0,0,0,0,0,0,0,2009-08-16 6:15,Property,14.55023673,121.029251,Rear-End
None,EDSA,None,None,"Unknown, Side Swipe, 0.0 drivers_injured, 0.0 drivers_killed, 0.0 passengers_injured, 0.0 passengers_killed, 0.0 pedestrian_injured, 0.0 pedestrian_killed, Fair (Day), EDSA (SB) Ayala Avenue Makati",MMDA Road Safety Unit,,211fc9a5-dcf5-4d8a-97ff-61fa20c78aff,2009-08-14,03:00:00,EDSA (SB) Taft MRT Station Makati,0,0,0,0,0,0,0,0,0,0,2009-08-14 11:00,Property,14.55023673,121.029251,Side Swipe
None,EDSA,None,None,"Unknown, Rear-end, 0.0 drivers_injured, 0.0 drivers_killed, 0.0 passengers_injured, 0.0 passengers_killed, 0.0 pedestrian_injured, 0.0 pedestrian_killed, Fair (Day), EDSA (SB) Magallanes Loadibg Bay Makati",MMDA Road Safety Unit,,e4f0270d-8c8d-42d7-8c4a-7d22aad41443,2009-08-13,23:55:00,EDSA (SB) Ayala Avenue Makati,0,0,0,0,0,0,0,0,0,0,2009-08-14 7:55,Property,14.54282655,121.0202714,Rear-End
None,EDSA,None,None,"Unknown, Rear-end, 0.0 drivers_injured, 0.0 drivers_killed, 0.0 passengers_injured, 0.0 passengers_killed, 0.0 pedestrian_injured, 0.0 pedestrian_killed, Fair (Day), EDSA (SB) Buendia Avenue Makati",MMDA Road Safety Unit,,3744ed54-56ac-41da-82d9-ef79324c4c30,2009-08-13,22:00:00,EDSA (SB) Approaching Estrella St.  Makati,0,0,0,0,0,0,0,0,0,0,2009-08-14 6:00,Property,14.55505269,121.034707,Rear-End
None,EDSA,None,None,"Unknown, Rear-end, 0.0 drivers_injured, 0.0 drivers_killed, 0.0 passengers_injured, 0.0 passengers_killed, 0.0 pedestrian_injured, 0.0 pedestrian_killed, Fair (Night), EDSA (SB) Approaching Magallanes Loading Bay Makati",MMDA Road Safety Unit,,78959f11-0062-44c4-a9a6-5eccd699ae41,2009-08-13,19:50:00,EDSA (SB) Ayala Loading Bay  Makati,0,0,0,0,0,0,0,0,0,0,2009-08-14 3:50,Property,14.54300789,121.0204467,Rear-End
None,EDSA,None,None,"Unknown, Side Swipe, 0.0 drivers_injured, 0.0 drivers_killed, 0.0 passengers_injured, 0.0 passengers_killed, 0.0 pedestrian_injured, 0.0 pedestrian_killed, Fair (Day), EDSA (SB) Approaching Magallanes Makati",MMDA Road Safety Unit,,d4223eb9-b6f8-4ba0-8a68-f19f83806a77,2009-08-13,07:50:00,EDSA (SB) Magallanes Interchange Makati,0,0,0,0,0,0,0,0,0,0,2009-08-13 15:50,Property,14.53941899,121.014514,Side Swipe
None,EDSA,None,None,"Unknown, Rear-end, 0.0 drivers_injured, 0.0 drivers_killed, 0.0 passengers_injured, 0.0 passengers_killed, 0.0 pedestrian_injured, 0.0 pedestrian_killed, Fair (Night), EDSA (SB) after Arnaiz Ave. (Pasay Rd.) Makati",MMDA Road Safety Unit,,66829b5a-85b8-4df7-b334-07ae958cdeb0,2009-08-12,11:40:00,EDSA (SB) fronting sunlight Hardware Makati,0,0,0,0,0,0,0,0,0,0,2009-08-12 19:40,Property,14.54756205,121.0260898,Rear-End
None,EDSA,None,None,"Unknown, Rear-end, 0.0 drivers_injured, 0.0 drivers_killed, 0.0 passengers_injured, 0.0 passengers_killed, 0.0 pedestrian_injured, 0.0 pedestrian_killed, Fair (Day), EDSA (SB) Approaching Buendia Avenue Makati",MMDA Road Safety Unit,,5f7d2022-1ede-4b39-8af4-4210733fbab5,2009-08-10,00:15:00,EDSA (SB) Opposite Orense St. Makati,0,0,0,0,0,0,0,0,0,0,2009-08-10 8:15,Property,14.55537485,121.0354873,Rear-End
None,EDSA,None,None,"Unknown, Side Swipe, 0.0 drivers_injured, 0.0 drivers_killed, 0.0 passengers_injured, 0.0 passengers_killed, 0.0 pedestrian_injured, 0.0 pedestrian_killed, Fair (Night), EDSA (SB) Buendia Avenue Makati",MMDA Road Safety Unit,,776dc3a0-e644-42a7-8e03-84014b98d926,2009-08-06,13:00:00,EDSA (SB) Sen. Gil J. Puyat Ave. (Buendia Ave. Ext.) Makati,0,0,0,0,0,0,0,0,0,0,2009-08-06 21:00,Property,14.55505269,121.034707,Side Swipe
None,EDSA,None,None,"Unknown, Rear-end, 0.0 drivers_injured, 0.0 drivers_killed, 0.0 passengers_injured, 0.0 passengers_killed, 0.0 pedestrian_injured, 0.0 pedestrian_killed, Fair (Day), EDSA (SB) after Magallanes Loading Bay Makati",MMDA Road Safety Unit,,5a421326-e656-40f0-9585-270ea405345c,2009-08-06,03:40:00,EDSA (SB) Approaching Magallanes Interchange Makati,0,0,0,0,0,0,0,0,0,0,2009-08-06 11:40,Property,14.53948675,121.0143114,Rear-End
None,EDSA,None,None,"Human Error, Rear-end, 0.0 drivers_injured, 0.0 drivers_killed, 0.0 passengers_injured, 0.0 passengers_killed, 0.0 pedestrian_injured, 0.0 pedestrian_killed, Fair (Night), EDSA (SB) fronting Pet Plans Bldg.  Makati",MMDA Road Safety Unit,,255a1b35-32ec-422a-8ad0-0c7ef79daa7c,2009-08-05,21:45:00,EDSA (SB) Ayala Avenue Makati,0,0,0,0,0,0,0,0,0,0,2009-08-06 5:45,Property,14.56187579,121.0428741,Rear-End
None,EDSA,None,None,"Unknown, Side Swipe, 0.0 drivers_injured, 0.0 drivers_killed, 0.0 passengers_injured, 0.0 passengers_killed, 0.0 pedestrian_injured, 0.0 pedestrian_killed, Fair (Night), EDSA (SB) Approaching MRT Guada Stn. Makati",MMDA Road Safety Unit,,ece5aaf9-107c-44c4-ba2e-e1f673752698,2009-08-04,08:00:00,EDSA (SB) Ayala Avenue Makati,0,0,0,0,0,0,0,0,0,0,2009-08-04 16:00,Property,14.5665643,121.0454117,Side Swipe
None,EDSA,None,None,"Unknown, Side Swipe, 0.0 drivers_injured, 0.0 drivers_killed, 0.0 passengers_injured, 0.0 passengers_killed, 0.0 pedestrian_injured, 0.0 pedestrian_killed, Fair (Night), EDSA (SB) Taft MRT Station Makati",MMDA Road Safety Unit,,9f2bcdf0-f7c4-454d-9be4-3f3b3052bbe3,2009-08-03,14:00:00,EDSA (SB) Approaching magallanes Loading bay Makati,0,0,0,0,0,0,0,0,0,0,2009-08-03 22:00,Property,14.53758292,121.0012485,Side Swipe
None,EDSA,None,None,"Unknown, Side Swipe, 0.0 drivers_injured, 0.0 drivers_killed, 0.0 passengers_injured, 0.0 passengers_killed, 0.0 pedestrian_injured, 0.0 pedestrian_killed, Fair (Day), EDSA (SB) Ayala Avenue Makati",MMDA Road Safety Unit,,e32b1cec-2006-44d5-b4fa-8714867ef9f7,2009-08-03,03:20:00,EDSA (SB) approaching Buendia U Turn slot Makati,0,0,0,0,0,0,0,0,0,0,2009-08-03 11:20,Property,14.55023673,121.029251,Side Swipe
None,EDSA,None,None,"Unknown, Rear-end, 0.0 drivers_injured, 0.0 drivers_killed, 0.0 passengers_injured, 0.0 passengers_killed, 0.0 pedestrian_injured, 0.0 pedestrian_killed, Fair (Day), EDSA (SB) Approaching Estrella St.  Makati",MMDA Road Safety Unit,,dd7f1595-1029-4a20-99d5-b6b9cb536e7f,2009-07-30,00:30:00,EDSA (SB) before Magallanes Loading Bay Makati,0,0,0,0,0,0,0,0,0,0,2009-07-30 8:30,Property,14.5599755,121.0408006,Rear-End
None,EDSA,None,None,"Unknown, Hit object (No Object Stated), 0.0 drivers_injured, 0.0 drivers_killed, 0.0 passengers_injured, 0.0 passengers_killed, 0.0 pedestrian_injured, 0.0 pedestrian_killed, Fair (Day), EDSA (SB) Ayala Loading Bay  Makati",MMDA Road Safety Unit,,7a3622ff-9619-4c53-a9af-aa50bb831614,2009-07-25,04:00:00,EDSA (SB) Ayala Mrt Stn. Makati,0,0,0,0,0,0,0,0,0,0,2009-07-25 12:00,Property,14.54886,121.0276063,Hit Object
None,EDSA,None,None,"Unknown, Rear-end, 0.0 drivers_injured, 0.0 drivers_killed, 0.0 passengers_injured, 0.0 passengers_killed, 0.0 pedestrian_injured, 0.0 pedestrian_killed, Fair (Day), EDSA (SB) Magallanes Interchange Makati",MMDA Road Safety Unit,,89aba491-0af1-4a9f-8258-acb2519c9d90,2009-07-22,04:05:00,EDSA (SB) Ayala Avenue Makati,0,0,0,0,0,0,0,0,0,0,2009-07-22 12:05,Property,14.54028633,121.0167655,Rear-End
None,EDSA,None,None,"Unknown, Side Swipe, 0.0 drivers_injured, 0.0 drivers_killed, 0.0 passengers_injured, 0.0 passengers_killed, 0.0 pedestrian_injured, 0.0 pedestrian_killed, Fair (Day), EDSA (SB) fronting sunlight Hardware Makati",MMDA Road Safety Unit,,ea0dea51-9b12-4118-a9ad-103bd4e05ad9,2009-07-20,03:05:00,EDSA (SB) at Buendia MRT station Makati,0,0,0,0,0,0,0,0,0,0,2009-07-20 11:05,Property,14.53929893,121.012966,Side Swipe
None,EDSA,None,None,"Unknown, Rear-end, 0.0 drivers_injured, 0.0 drivers_killed, 0.0 passengers_injured, 0.0 passengers_killed, 0.0 pedestrian_injured, 0.0 pedestrian_killed, Fair (Night), EDSA (SB) Opposite Orense St. Makati",MMDA Road Safety Unit,,23784046-04c5-44f2-b5f7-ef70e2958951,2009-07-18,08:55:00,EDSA (SB) Approaching Buendia Avenue Makati,0,0,0,0,0,0,0,0,0,0,2009-07-18 16:55,Property,14.56178559,121.0428099,Rear-End
None,EDSA,None,None,"Unknown, Side Swipe, 0.0 drivers_injured, 0.0 drivers_killed, 0.0 passengers_injured, 0.0 passengers_killed, 0.0 pedestrian_injured, 0.0 pedestrian_killed, Fair (Night), EDSA (SB) Sen. Gil J. Puyat Ave. (Buendia Ave. Ext.) Makati",MMDA Road Safety Unit,,7047893b-e64e-4033-9158-65265c1f8981,2009-07-17,13:00:00,"EDSA (SB) at ""U""turn slot / Buendia Makati",0,0,0,0,0,0,0,0,0,0,2009-07-17 21:00,Property,14.55496432,121.0348612,Side Swipe
None,EDSA,None,None,"Unknown, Side Swipe, 0.0 drivers_injured, 0.0 drivers_killed, 0.0 passengers_injured, 0.0 passengers_killed, 0.0 pedestrian_injured, 0.0 pedestrian_killed, Fair (Day), EDSA (SB) Approaching Magallanes Interchange Makati",MMDA Road Safety Unit,,e0b0e0ab-aa3c-4fca-a7ed-aeb2c2fc18f7,2009-07-16,03:00:00,EDSA (SB) fronting San Carlos Seminary Makati,0,0,0,0,0,0,0,0,0,0,2009-07-16 11:00,Property,14.54035889,121.0168007,Side Swipe
None,EDSA,None,None,"Unknown, Rear-end, 0.0 drivers_injured, 0.0 drivers_killed, 0.0 passengers_injured, 0.0 passengers_killed, 0.0 pedestrian_injured, 0.0 pedestrian_killed, Fair (Day), EDSA (SB) Ayala Avenue Makati",MMDA Road Safety Unit,,30b69171-028f-4e4b-be4e-ad00ce068ee9,2009-07-15,22:55:00,EDSA (SB) Sen. Gil J. Puyat Ave. (Buendia Ave. Ext.) Makati,0,0,0,0,0,0,0,0,0,0,2009-07-16 6:55,Property,14.55023673,121.029251,Rear-End
None,EDSA,None,None,"Unknown, Angle Impact, 0.0 drivers_injured, 0.0 drivers_killed, 0.0 passengers_injured, 0.0 passengers_killed, 0.0 pedestrian_injured, 0.0 pedestrian_killed, Fair (Day), EDSA (SB) Ayala Avenue Makati",MMDA Road Safety Unit,,5e3ae816-8068-4886-883b-76617933ee38,2009-07-15,00:40:00,EDSA (SB) after Buendia Avenue Makati,0,0,0,0,0,0,0,0,0,0,2009-07-15 8:40,Property,14.55023673,121.029251,Angle Impact
None,EDSA,None,None,"Unknown, Rear-end, 0.0 drivers_injured, 0.0 drivers_killed, 0.0 passengers_injured, 0.0 passengers_killed, 0.0 pedestrian_injured, 0.0 pedestrian_killed, Fair (Night), EDSA (SB) Approaching magallanes Loading bay Makati",MMDA Road Safety Unit,,c8f91f85-cee5-4d5f-9cd5-56c83697479a,2009-07-14,12:15:00,EDSA (SB) Evangelista St. Makati,0,0,0,0,0,0,0,0,0,0,2009-07-14 20:15,Property,14.54300789,121.0204467,Rear-End
None,EDSA,None,None,"Unknown, Side Swipe, 0.0 drivers_injured, 0.0 drivers_killed, 0.0 passengers_injured, 0.0 passengers_killed, 0.0 pedestrian_injured, 0.0 pedestrian_killed, Fair (Night), EDSA (SB) approaching Buendia U Turn slot Makati",MMDA Road Safety Unit,,484d4b6a-9a22-4b0a-bec4-90ea5290d9c8,2009-07-08,15:00:00,EDSA (SB) Sen. Gil J. Puyat Ave. (Buendia Ave. Ext.) Makati,0,0,0,0,0,0,0,0,0,0,2009-07-08 23:00,Property,14.55537485,121.0354873,Side Swipe
None,EDSA,None,None,"Unknown, Rear-end, 0.0 drivers_injured, 0.0 drivers_killed, 0.0 passengers_injured, 0.0 passengers_killed, 0.0 pedestrian_injured, 0.0 pedestrian_killed, Fair (Night), EDSA (SB) before Magallanes Loading Bay Makati",MMDA Road Safety Unit,,f46641fb-dd59-4db9-b5ed-0dd5b5f05422,2009-07-06,18:20:00,EDSA (SB) Buendia Loading Bay Makati,0,0,0,0,0,0,0,0,0,0,2009-07-07 2:20,Property,14.54305474,121.0205369,Rear-End
None,EDSA,None,None,"Unknown, Side Swipe, 0.0 drivers_injured, 0.0 drivers_killed, 0.0 passengers_injured, 0.0 passengers_killed, 0.0 pedestrian_injured, 0.0 pedestrian_killed, Fair (Night), EDSA (SB) Ayala Mrt Stn. Makati",MMDA Road Safety Unit,,9fe0e9ec-dffc-4dc6-a551-0b429632d270,2009-07-06,14:30:00,EDSA (SB) Estrella St. Makati,0,0,0,0,0,0,0,0,0,0,2009-07-06 22:30,Property,14.54918586,121.0279716,Side Swipe
None,EDSA,None,None,"Unknown, Side Swipe, 0.0 drivers_injured, 0.0 drivers_killed, 0.0 passengers_injured, 0.0 passengers_killed, 0.0 pedestrian_injured, 0.0 pedestrian_killed, Fair (Night), EDSA (SB) Ayala Avenue Makati",MMDA Road Safety Unit,,01d85710-50a4-4693-847a-b30f88688d39,2009-07-06,09:20:00,EDSA (SB) Estrella St. Makati,0,0,0,0,0,0,0,0,0,0,2009-07-06 17:20,Property,14.55023673,121.029251,Side Swipe
None,EDSA,None,None,"Unknown, Rear-end, 0.0 drivers_injured, 0.0 drivers_killed, 0.0 passengers_injured, 0.0 passengers_killed, 0.0 pedestrian_injured, 0.0 pedestrian_killed, Fair (Night), EDSA (SB) at Buendia MRT station Makati",MMDA Road Safety Unit,,163c7405-6bc6-4422-b864-1c10b522d032,2009-07-04,14:40:00,EDSA (SB) Approaching Gaudalupe Loading Bay Makati,0,0,0,0,0,0,0,0,0,0,2009-07-04 22:40,Property,14.54904952,121.0280445,Rear-End
None,EDSA,None,None,"Unknown, Rear-end, 0.0 drivers_injured, 0.0 drivers_killed, 0.0 passengers_injured, 0.0 passengers_killed, 0.0 pedestrian_injured, 0.0 pedestrian_killed, Fair (Day), EDSA (SB) Approaching Buendia Avenue Makati",MMDA Road Safety Unit,,d1f39bb2-e6c1-4c84-94ae-69794aa9415a,2009-07-04,04:30:00,"EDSA (SB) at ""U"" turn slot, Buendia Makati",0,0,0,0,0,0,0,0,0,0,2009-07-04 12:30,Property,14.55537485,121.0354873,Rear-End
None,EDSA,None,None,"Unknown, Rear-end, 0.0 drivers_injured, 0.0 drivers_killed, 0.0 passengers_injured, 0.0 passengers_killed, 0.0 pedestrian_injured, 0.0 pedestrian_killed, Fair (Day), EDSA (SB) at ""U""turn slot / Buendia Makati",MMDA Road Safety Unit,,be783a72-dc30-4302-b26a-dd570af50b7b,2009-07-02,05:40:00,EDSA (SB) Sen. Gil J. Puyat Ave. (Buendia Ave. Ext.) Makati,0,0,0,0,0,0,0,0,0,0,2009-07-02 13:40,Property,14.555324,121.0354826,Rear-End
None,EDSA,None,None,"Unknown, Side Swipe, 0.0 drivers_injured, 0.0 drivers_killed, 0.0 passengers_injured, 0.0 passengers_killed, 0.0 pedestrian_injured, 0.0 pedestrian_killed, Fair (Day), EDSA (SB) fronting San Carlos Seminary Makati",MMDA Road Safety Unit,,8e9b8bc4-bc04-4b25-9fb2-5525c99c3acc,2009-06-29,01:30:00,EDSA (SB) Buendia Loading Bay Makati,0,0,0,0,0,0,0,0,0,0,2009-06-29 9:30,Property,14.56336498,121.0439669,Side Swipe
None,EDSA,None,None,"Unknown, Rear-end, 0.0 drivers_injured, 0.0 drivers_killed, 0.0 passengers_injured, 0.0 passengers_killed, 0.0 pedestrian_injured, 0.0 pedestrian_killed, Fair (Night), EDSA (SB) Sen. Gil J. Puyat Ave. (Buendia Ave. Ext.) Makati",MMDA Road Safety Unit,,4219afa6-e468-45b9-a6e9-ba6fab2f52d9,2009-06-26,13:00:00,EDSA (SB) cor. Estrella St.  Makati,0,0,0,0,0,0,0,0,0,0,2009-06-26 21:00,Property,14.55496432,121.0348612,Rear-End
None,EDSA,None,None,"Unknown, Rear-end, 0.0 drivers_injured, 0.0 drivers_killed, 0.0 passengers_injured, 0.0 passengers_killed, 0.0 pedestrian_injured, 0.0 pedestrian_killed, Fair (Day), EDSA (SB) after Buendia Avenue Makati",MMDA Road Safety Unit,,3b763df2-02ab-4b82-839e-084be5b2447d,2009-06-22,04:10:00,EDSA (SB) Buendia MRT Stn.  Makati,0,0,0,0,0,0,0,0,0,0,2009-06-22 12:10,Property,14.55495937,121.0347012,Rear-End
None,EDSA,None,None,"Unknown, Rear-end, 0.0 drivers_injured, 0.0 drivers_killed, 0.0 passengers_injured, 0.0 passengers_killed, 0.0 pedestrian_injured, 0.0 pedestrian_killed, Fair (Day), EDSA (SB) Evangelista St. Makati",MMDA Road Safety Unit,,7d978860-69c3-40c2-942b-38be738c29d2,2009-06-20,07:10:00,EDSA (SB) Estrella St. Makati,0,0,0,0,0,0,0,0,0,0,2009-06-20 15:10,Property,14.53903137,121.0123272,Rear-End
None,EDSA,None,None,"Unknown, Side Swipe, 0.0 drivers_injured, 0.0 drivers_killed, 0.0 passengers_injured, 0.0 passengers_killed, 0.0 pedestrian_injured, 0.0 pedestrian_killed, Fair (Day), EDSA (SB) Sen. Gil J. Puyat Ave. (Buendia Ave. Ext.) Makati",MMDA Road Safety Unit,,c4e94284-b7ae-44a5-9791-ed808ee66e86,2009-06-19,00:30:00,EDSA (SB) Sen. Gil J. Puyat Ave. (Buendia Ave. Ext.) Makati,0,0,0,0,0,0,0,0,0,0,2009-06-19 8:30,Property,14.55496432,121.0348612,Side Swipe
None,EDSA,None,None,"Unknown, Side Swipe, 0.0 drivers_injured, 0.0 drivers_killed, 0.0 passengers_injured, 0.0 passengers_killed, 0.0 pedestrian_injured, 0.0 pedestrian_killed, Fair (Day), EDSA (SB) Buendia Loading Bay Makati",MMDA Road Safety Unit,,32734db6-801d-4e98-863f-0070f5011ab9,2009-06-16,02:00:00,EDSA (SB) bet. Ayala Ave. & A. Arnaiz Ave. fronting Dusit Hotel Makati,0,0,0,0,0,0,0,0,0,0,2009-06-16 10:00,Property,14.55400112,121.0336264,Side Swipe
None,EDSA,None,None,"Unknown, Side Swipe, 0.0 drivers_injured, 0.0 drivers_killed, 0.0 passengers_injured, 0.0 passengers_killed, 0.0 pedestrian_injured, 0.0 pedestrian_killed, Fair (Day), EDSA (SB) Estrella St. Makati",MMDA Road Safety Unit,,ca1ada8c-8e98-40de-b3ce-e9dc13fbf0a7,2009-06-16,00:30:00,EDSA (SB) Evangelista St.  Makati,0,0,0,0,0,0,0,0,0,0,2009-06-16 8:30,Property,14.56002889,121.040751,Side Swipe
None,EDSA,None,None,"Unknown, Side Swipe, 0.0 drivers_injured, 0.0 drivers_killed, 0.0 passengers_injured, 0.0 passengers_killed, 0.0 pedestrian_injured, 0.0 pedestrian_killed, Fair (Day), EDSA (SB) Estrella St. Makati",MMDA Road Safety Unit,,ded04389-c7cc-4d29-95d8-4ae91af3f2b4,2009-06-11,02:00:00,EDSA (SB) near corner Evangelista St. Makati,0,0,0,0,0,0,0,0,0,0,2009-06-11 10:00,Property,14.56002889,121.040751,Side Swipe
None,EDSA,None,None,"Unknown, Rear-end, 0.0 drivers_injured, 0.0 drivers_killed, 0.0 passengers_injured, 0.0 passengers_killed, 0.0 pedestrian_injured, 0.0 pedestrian_killed, Fair (Day), EDSA (SB) Approaching Gaudalupe Loading Bay Makati",MMDA Road Safety Unit,,ce0cb026-6f03-4948-9abf-a50b84be6606,2009-06-09,09:00:00,"EDSA (SB) at ""U""turn slot / Buendia  Makati",0,0,0,0,0,0,0,0,0,0,2009-06-09 17:00,Property,14.56676945,121.045497,Rear-End
None,EDSA,None,None,"Unknown, Side Swipe, 0.0 drivers_injured, 0.0 drivers_killed, 0.0 passengers_injured, 0.0 passengers_killed, 0.0 pedestrian_injured, 0.0 pedestrian_killed, Fair (Night), EDSA (SB) at ""U"" turn slot, Buendia Makati",MMDA Road Safety Unit,,c9a1d00f-0921-4699-a640-53bbd646a997,2009-06-08,17:15:00,"EDSA (SB) at ""U""turn slot / Buendia  Makati",0,0,0,0,0,0,0,0,0,0,2009-06-09 1:15,Property,14.555324,121.0354826,Side Swipe
None,EDSA,None,None,"Unknown, Side Swipe, 0.0 drivers_injured, 0.0 drivers_killed, 0.0 passengers_injured, 0.0 passengers_killed, 0.0 pedestrian_injured, 0.0 pedestrian_killed, Fair (Night), EDSA (SB) Sen. Gil J. Puyat Ave. (Buendia Ave. Ext.) Makati",MMDA Road Safety Unit,,b95aa5df-aefa-4f2f-a4f1-97e0ec74deb0,2009-06-04,13:00:00,EDSA (SB) Estrella Pedestrian Overpass (Underneath) Makati,0,0,0,0,0,0,0,0,0,0,2009-06-04 21:00,Property,14.55496432,121.0348612,Side Swipe
None,EDSA,None,None,"Unknown, Side Swipe, 0.0 drivers_injured, 0.0 drivers_killed, 0.0 passengers_injured, 0.0 passengers_killed, 0.0 pedestrian_injured, 0.0 pedestrian_killed, Fair (Day), EDSA (SB) Buendia Loading Bay Makati",MMDA Road Safety Unit,,a7cb56bf-9887-494e-b455-52ae0badd68f,2009-06-04,08:45:00,EDSA (SB) Ayala Ave. Makati,0,0,0,0,0,0,0,0,0,0,2009-06-04 16:45,Property,14.55400112,121.0336264,Side Swipe