LOCATION_TEXT,ROAD,WEATHER,LIGHT,DESC,REPORTING_AGENCY,MAIN_CAUSE,INCIDENTDETAILS_ID,DATE_UTC,TIME_UTC,ADDRESS,killed_driver,killed_passenger,killed_pedestrian,injured_driver,injured_passenger,injured_pedestrian,killed_uncategorized,injured_uncategorized,killed_total,injured_total,DATETIME_PST,SEVERITY,Y,X,COLLISION_TYPE
None,EDSA,None,None,"Unknown, Side Swipe, 0.0 drivers_injured, 0.0 drivers_killed, 0.0 passengers_injured, 0.0 passengers_killed, 0.0 pedestrian_injured, 0.0 pedestrian_killed, Fair (Day), EDSA (SB) cor. Estrella St.  Makati",MMDA Road Safety Unit,,b53adb4a-f42c-4d4d-972a-47df187c7c7a,2009-05-31,23:20:00,EDSA (SB) approaching Magallanes Interchange Makati,0,0,0,0,0,0,0,0,0,0,2009-06-01 7:20,Property,14.56006362,121.0406157,Side Swipe
None,EDSA,None,None,"Unknown, Rear-end, 0.0 drivers_injured, 0.0 drivers_killed, 0.0 passengers_injured, 0.0 passengers_killed, 0.0 pedestrian_injured, 0.0 pedestrian_killed, Fair (Night), EDSA (SB) Buendia MRT Stn.  Makati",MMDA Road Safety Unit,,ee4df5f5-6704-45df-bfe1-e1c92add7c00,2009-05-27,13:45:00,EDSA (SB) Bel-Air/ Estrella  Makati,0,0,0,0,0,0,0,0,0,0,2009-05-27 21:45,Property,14.55421358,121.03387,Rear-End
None,EDSA,None,None,"Human Error, Rear-end, 0.0 drivers_injured, 0.0 drivers_killed, 0.0 passengers_injured, 0.0 passengers_killed, 0.0 pedestrian_injured, 0.0 pedestrian_killed, Fair (Day), EDSA (SB) Estrella St. Makati",MMDA Road Safety Unit,,07d82664-ddd1-4149-8230-556450811ed1,2009-05-25,22:15:00,EDSA (SB) approaching Ayala Ave. Makati,0,0,0,0,0,0,0,0,0,0,2009-05-26 6:15,Property,14.56002889,121.040751,Rear-End
None,EDSA,None,None,"Unknown, Rear-end, 0.0 drivers_injured, 0.0 drivers_killed, 0.0 passengers_injured, 0.0 passengers_killed, 0.0 pedestrian_injured, 0.0 pedestrian_killed, Fair (Day), EDSA (SB) Sen. Gil J. Puyat Ave. (Buendia Ave. Ext.) Makati",MMDA Road Safety Unit,,f2dae385-0dd7-4a6a-8cd4-8089189b06e2,2009-05-21,02:00:00,EDSA (SB) Sen. Gil J. Puyat Ave. (Buendia Ave. Ext.) Makati,0,0,0,0,0,0,0,0,0,0,2009-05-21 10:00,Property,14.55496432,121.0348612,Rear-End
None,EDSA,None,None,"Unknown, Rear-end, 0.0 drivers_injured, 0.0 drivers_killed, 0.0 passengers_injured, 0.0 passengers_killed, 0.0 pedestrian_injured, 0.0 pedestrian_killed, Fair (Day), EDSA (SB) bet. Ayala Ave. & A. Arnaiz Ave. fronting Dusit Hotel Makati",MMDA Road Safety Unit,,ba152d48-98f7-4f18-8ed5-651758699047,2009-05-20,08:15:00,EDSA (SB) Guadalupe Cloverleaf Makati,0,0,0,0,0,0,0,0,0,0,2009-05-20 16:15,Property,14.54814694,121.0266921,Rear-End
None,EDSA,None,None,"Human Error, Side Swipe, 0.0 drivers_injured, 0.0 drivers_killed, 0.0 passengers_injured, 0.0 passengers_killed, 0.0 pedestrian_injured, 0.0 pedestrian_killed, Fair (Night), EDSA (SB) Evangelista St.  Makati",MMDA Road Safety Unit,,9b1e2cfb-4756-4a7b-882c-aa28f89d13ea,2009-05-18,12:30:00,EDSA (SB) Buendia Loading Bay Makati,0,0,0,0,0,0,0,0,0,0,2009-05-18 20:30,Property,14.53903137,121.0123272,Side Swipe
None,EDSA,None,None,"Unknown, Side Swipe, 0.0 drivers_injured, 0.0 drivers_killed, 0.0 passengers_injured, 0.0 passengers_killed, 0.0 pedestrian_injured, 0.0 pedestrian_killed, Fair (Night), EDSA (SB) near corner Evangelista St. Makati",MMDA Road Safety Unit,,24f7e76c-bcc9-4953-bec9-58eb47de78a3,2009-05-16,13:30:00,EDSA (SB) Mantrade Loiading Bay Makati,0,0,0,0,0,0,0,0,0,0,2009-05-16 21:30,Property,14.5389375,121.0120758,Side Swipe
None,EDSA,None,None,"Unknown, Side Swipe, 0.0 drivers_injured, 0.0 drivers_killed, 0.0 passengers_injured, 0.0 passengers_killed, 0.0 pedestrian_injured, 0.0 pedestrian_killed, Fair (Night), EDSA (SB) at ""U""turn slot / Buendia  Makati",MMDA Road Safety Unit,,357f5325-8595-4ae6-977a-630e9e358a29,2009-05-16,11:30:00,EDSA (SB) Guadalupe MRT Station Makati,0,0,0,0,0,0,0,0,0,0,2009-05-16 19:30,Property,14.555324,121.0354826,Side Swipe
None,EDSA,None,None,"Unknown, Self-Accident, 0.0 drivers_injured, 0.0 drivers_killed, 0.0 passengers_injured, 0.0 passengers_killed, 0.0 pedestrian_injured, 0.0 pedestrian_killed, Fair (Day), EDSA (SB) at ""U""turn slot / Buendia  Makati",MMDA Road Safety Unit,,90193962-353a-49c0-b493-b52892b453af,2009-05-15,01:00:00,EDSA (SB) Ayala Junction Makati,0,0,0,0,0,0,0,0,0,0,2009-05-15 9:00,Property,14.555324,121.0354826,Self-Accident
None,EDSA,None,None,"Human Error, Side Swipe, 0.0 drivers_injured, 0.0 drivers_killed, 0.0 passengers_injured, 0.0 passengers_killed, 0.0 pedestrian_injured, 0.0 pedestrian_killed, Fair (Night), EDSA (SB) Estrella Pedestrian Overpass (Underneath) Makati",MMDA Road Safety Unit,,ae9b4dd4-0462-47c9-a0f7-725497bcab65,2009-05-13,21:45:00,EDSA (SB) Magallanes Int. Makati,0,0,0,0,0,0,0,0,0,0,2009-05-14 5:45,Property,14.56055074,121.0413945,Side Swipe
None,EDSA,None,None,"Unknown, Side Swipe, 0.0 drivers_injured, 0.0 drivers_killed, 0.0 passengers_injured, 0.0 passengers_killed, 0.0 pedestrian_injured, 0.0 pedestrian_killed, Fair (Night), EDSA (SB) Ayala Ave. Makati",MMDA Road Safety Unit,,2415e40f-eadc-488d-ba2e-7034a5c4aa81,2009-05-12,12:30:00,EDSA (SB) EDSA Cloverleaf Makati,0,0,0,0,0,0,0,0,0,0,2009-05-12 20:30,Property,14.55022912,121.0292348,Side Swipe
None,EDSA,None,None,"Unknown, Rear-end, 0.0 drivers_injured, 0.0 drivers_killed, 0.0 passengers_injured, 0.0 passengers_killed, 0.0 pedestrian_injured, 0.0 pedestrian_killed, Fair (Night), EDSA (SB) approaching Magallanes Interchange Makati",MMDA Road Safety Unit,,c65b0981-b60e-47ae-9fd3-7ca6e7c9e621,2009-05-11,10:35:00,EDSA (SB) Estrella Overpass Makati,0,0,0,0,0,0,0,0,0,0,2009-05-11 18:35,Property,14.54035889,121.0168007,Rear-End
None,EDSA,None,None,"Unknown, Rear-end, 0.0 drivers_injured, 0.0 drivers_killed, 0.0 passengers_injured, 0.0 passengers_killed, 0.0 pedestrian_injured, 0.0 pedestrian_killed, Fair (Day), EDSA (SB) Bel-Air/ Estrella  Makati",MMDA Road Safety Unit,,dbdd3111-eea9-43ec-9ce3-f67a4bb880fa,2009-05-07,05:00:00,EDSA (SB) Magallanes MRT Station Makati,0,0,0,0,0,0,0,0,0,0,2009-05-07 13:00,Property,14.53982168,121.0148367,Rear-End
None,EDSA,None,None,"Unknown, Side Swipe, 0.0 drivers_injured, 0.0 drivers_killed, 0.0 passengers_injured, 0.0 passengers_killed, 0.0 pedestrian_injured, 0.0 pedestrian_killed, Fair (Night), EDSA (SB) approaching Ayala Ave. Makati",MMDA Road Safety Unit,,f819d99b-e581-405f-a406-48b562188a4e,2009-05-05,13:30:00,EDSA (SB) Past Loyola Memorial Chapel Makati,0,0,0,0,0,0,0,0,0,0,2009-05-05 21:30,Property,14.55028537,121.0293488,Side Swipe
None,EDSA,None,None,"Unknown, Rear-end, 0.0 drivers_injured, 0.0 drivers_killed, 0.0 passengers_injured, 0.0 passengers_killed, 0.0 pedestrian_injured, 0.0 pedestrian_killed, Fair (Day), EDSA (SB) Sen. Gil J. Puyat Ave. (Buendia Ave. Ext.) Makati",MMDA Road Safety Unit,,ffe3279f-f43f-4622-b97e-aaaea3d77b39,2009-05-04,01:55:00,EDSA (SB) Guadalupe Pedestrian Overpass Makati,0,0,0,0,0,0,0,0,0,0,2009-05-04 9:55,Property,14.55496432,121.0348612,Rear-End
None,EDSA,None,None,"Unknown, Side Swipe, 0.0 drivers_injured, 0.0 drivers_killed, 0.0 passengers_injured, 0.0 passengers_killed, 0.0 pedestrian_injured, 0.0 pedestrian_killed, Fair (Day), EDSA (SB) Guadalupe Cloverleaf Makati",MMDA Road Safety Unit,,a31d8c95-3158-4a85-b0f1-cc7e414b5915,2009-05-04,00:30:00,EDSA (SB) Dusit Hotel EDSA Bound Makati,0,0,0,0,0,0,0,0,0,0,2009-05-04 8:30,Property,14.56720754,121.0457277,Side Swipe
None,EDSA,None,None,"Unknown, Side Swipe, 0.0 drivers_injured, 0.0 drivers_killed, 0.0 passengers_injured, 0.0 passengers_killed, 0.0 pedestrian_injured, 0.0 pedestrian_killed, Fair (Day), EDSA (SB) Buendia Loading Bay Makati",MMDA Road Safety Unit,,b5f22f8f-7ad0-4190-a32d-c77ff9bec7fa,2009-05-01,02:00:00,EDSA (SB) near Ayala Ave. Makati,0,0,0,0,0,0,0,0,0,0,2009-05-01 10:00,Property,14.55400112,121.0336264,Side Swipe
None,EDSA,None,None,"Unknown, Side Swipe, 0.0 drivers_injured, 0.0 drivers_killed, 0.0 passengers_injured, 0.0 passengers_killed, 0.0 pedestrian_injured, 0.0 pedestrian_killed, Fair (Day), EDSA (SB) Mantrade Loiading Bay Makati",MMDA Road Safety Unit,,2f5161d9-16f3-4bdc-b702-f9be54c15957,2009-04-30,23:05:00,EDSA (SB) Mantrade MRT Station Makati,0,0,0,0,0,0,0,0,0,0,2009-05-01 7:05,Property,14.54276678,121.0202719,Side Swipe
None,EDSA,None,None,"Unknown, Rear-end, 0.0 drivers_injured, 0.0 drivers_killed, 0.0 passengers_injured, 0.0 passengers_killed, 0.0 pedestrian_injured, 0.0 pedestrian_killed, Fair (Night), EDSA (SB) Guadalupe MRT Station Makati",MMDA Road Safety Unit,,9c39bade-af27-46b3-b17d-6856c76e47a5,2009-04-30,19:00:00,EDSA (SB) Gaudalupe Loading Bay Makati,0,0,0,0,0,0,0,0,0,0,2009-05-01 3:00,Property,14.5665734,121.0453551,Rear-End
None,EDSA,None,None,"Unknown, Rear-end, 0.0 drivers_injured, 0.0 drivers_killed, 0.0 passengers_injured, 0.0 passengers_killed, 0.0 pedestrian_injured, 0.0 pedestrian_killed, Fair (Night), EDSA (SB) Ayala Junction Makati",MMDA Road Safety Unit,,f046c8e7-493b-407b-9456-e1d94aa8294a,2009-04-30,12:00:00,EDSA (SB) near Magallanes Int. Makati,0,0,0,0,0,0,0,0,0,0,2009-04-30 20:00,Property,14.550131,121.0294729,Rear-End
None,EDSA,None,None,"Unknown, Rear-end, 0.0 drivers_injured, 0.0 drivers_killed, 0.0 passengers_injured, 0.0 passengers_killed, 0.0 pedestrian_injured, 0.0 pedestrian_killed, Fair (Day), EDSA (SB) Magallanes Int. Makati",MMDA Road Safety Unit,,af27e2a1-99d2-4140-92be-50517b5deea5,2009-04-25,01:45:00,EDSA (SB) Guadalupe MRT Station Makati,0,0,0,0,0,0,0,0,0,0,2009-04-25 9:45,Property,14.54028633,121.0167655,Rear-End
None,EDSA,None,None,"Unknown, Angle Impact, 0.0 drivers_injured, 0.0 drivers_killed, 0.0 passengers_injured, 0.0 passengers_killed, 0.0 pedestrian_injured, 0.0 pedestrian_killed, Fair (Day), EDSA (SB) EDSA Cloverleaf Makati",MMDA Road Safety Unit,,3680b4c9-4694-4b8d-b505-b437f71b61fa,2009-04-24,23:40:00,EDSA (SB) Ayala Ave. Makati,0,0,0,0,0,0,0,0,0,0,2009-04-25 7:40,Property,14.56773526,121.0456198,Angle Impact
None,EDSA,None,None,"Unknown, Rear-end, 0.0 drivers_injured, 0.0 drivers_killed, 0.0 passengers_injured, 0.0 passengers_killed, 0.0 pedestrian_injured, 0.0 pedestrian_killed, Fair (Day), EDSA (SB) Estrella Overpass Makati",MMDA Road Safety Unit,,6eeacba5-0468-4da4-b25a-19535df721fe,2009-04-24,22:30:00,EDSA (SB) Guadalupe MRT Station Makati,0,0,0,0,0,0,0,0,0,0,2009-04-25 6:30,Property,14.56055074,121.0413945,Rear-End
None,EDSA,None,None,"Unknown, Rear-end, 0.0 drivers_injured, 0.0 drivers_killed, 0.0 passengers_injured, 0.0 passengers_killed, 0.0 pedestrian_injured, 0.0 pedestrian_killed, Fair (Night), EDSA (SB) Magallanes MRT Station Makati",MMDA Road Safety Unit,,ea6461d2-c5dc-44a7-8629-aa3832dad97c,2009-04-24,12:45:00,EDSA (SB) Estrella St. Makati,0,0,0,0,0,0,0,0,0,0,2009-04-24 20:45,Property,14.54171041,121.019054,Rear-End
None,EDSA,None,None,"Unknown, Side Swipe, 0.0 drivers_injured, 0.0 drivers_killed, 0.0 passengers_injured, 0.0 passengers_killed, 0.0 pedestrian_injured, 0.0 pedestrian_killed, Fair (Day), EDSA (SB) Past Loyola Memorial Chapel Makati",MMDA Road Safety Unit,,9b97eaf3-c317-4378-8cba-ce7ed86560eb,2009-04-24,05:50:00,EDSA (SB) approaching Magallanes Interchange Makati,0,0,0,0,0,0,0,0,0,0,2009-04-24 13:50,Property,14.56515075,121.0449282,Side Swipe
None,EDSA,None,None,"Unknown, Rear-end, 0.0 drivers_injured, 0.0 drivers_killed, 0.0 passengers_injured, 0.0 passengers_killed, 0.0 pedestrian_injured, 0.0 pedestrian_killed, Fair (Night), EDSA (SB) Guadalupe Pedestrian Overpass Makati",MMDA Road Safety Unit,,893c81f0-6280-4cf9-a2db-45f91dc2e0fb,2009-04-21,17:00:00,EDSA (SB) Guadalupe Loading Bay Makati,0,0,0,0,0,0,0,0,0,0,2009-04-22 1:00,Property,14.56479957,121.0448209,Rear-End
None,EDSA,None,None,"Unknown, Side Swipe, 0.0 drivers_injured, 0.0 drivers_killed, 0.0 passengers_injured, 0.0 passengers_killed, 0.0 pedestrian_injured, 0.0 pedestrian_killed, Fair (Day), EDSA (SB) Dusit Hotel EDSA Bound Makati",MMDA Road Safety Unit,,b87b156a-bc4c-45f1-b2e5-a9b58b75b0ec,2009-04-21,00:50:00,EDSA (SB) Mantrade MRT Station Makati,0,0,0,0,0,0,0,0,0,0,2009-04-21 8:50,Property,14.54794586,121.0263601,Side Swipe
None,EDSA,None,None,"Unknown, Rear-end, 0.0 drivers_injured, 0.0 drivers_killed, 0.0 passengers_injured, 0.0 passengers_killed, 0.0 pedestrian_injured, 0.0 pedestrian_killed, Fair (Day), EDSA (SB) near Ayala Ave. Makati",MMDA Road Safety Unit,,6a3d611e-bf93-4591-9f64-5f12cb8eaaa2,2009-04-20,23:50:00,EDSA (SB) Sen. Gil J. Puyat Ave. (Buendia Ave. Ext.) Makati,0,0,0,0,0,0,0,0,0,0,2009-04-21 7:50,Property,14.55079704,121.0297738,Rear-End
None,EDSA,None,None,"Unknown, Side Swipe, 0.0 drivers_injured, 0.0 drivers_killed, 0.0 passengers_injured, 0.0 passengers_killed, 0.0 pedestrian_injured, 0.0 pedestrian_killed, Fair (Day), EDSA (SB) Mantrade MRT Station Makati",MMDA Road Safety Unit,,99a64c06-b0f4-4271-8973-4794b02e8f7b,2009-04-20,22:30:00,EDSA (SB) after Magallanes Loading Bay Makati,0,0,0,0,0,0,0,0,0,0,2009-04-21 6:30,Property,14.54177174,121.0192376,Side Swipe
None,EDSA,None,None,"Unknown, Side Swipe, 0.0 drivers_injured, 0.0 drivers_killed, 0.0 passengers_injured, 0.0 passengers_killed, 0.0 pedestrian_injured, 0.0 pedestrian_killed, Fair (Day), EDSA (SB) Gaudalupe Loading Bay Makati",MMDA Road Safety Unit,,b9be2710-516c-4bbd-8728-bd2d4c630b51,2009-04-19,23:30:00,EDSA (SB) bet. Bernardino St. & Estrella St. fronting San Carlos Seminary Makati,0,0,0,0,0,0,0,0,0,0,2009-04-20 7:30,Property,14.5647102,121.0447136,Side Swipe
None,EDSA,None,None,"Unknown, Rear-end, 0.0 drivers_injured, 0.0 drivers_killed, 0.0 passengers_injured, 0.0 passengers_killed, 0.0 pedestrian_injured, 0.0 pedestrian_killed, Fair (Night), EDSA (SB) near Magallanes Int. Makati",MMDA Road Safety Unit,,7a6f1745-3e66-4cb6-bdfc-e7ef03712aa5,2009-04-18,16:10:00,EDSA (SB) Estrella St. Makati,0,0,0,0,0,0,0,0,0,0,2009-04-19 0:10,Property,14.54056056,121.0169518,Rear-End
None,EDSA,None,None,"Unknown, Side Swipe, 0.0 drivers_injured, 0.0 drivers_killed, 0.0 passengers_injured, 0.0 passengers_killed, 0.0 pedestrian_injured, 0.0 pedestrian_killed, Fair (Day), EDSA (SB) Guadalupe MRT Station Makati",MMDA Road Safety Unit,,2b1ebfda-5779-4e4d-ba1a-da4a247dd948,2009-04-18,00:45:00,EDSA (SB) Buendia MRT Station Makati,0,0,0,0,0,0,0,0,0,0,2009-04-18 8:45,Property,14.5665734,121.0453551,Side Swipe
None,EDSA,None,None,"Unknown, Side Swipe, 0.0 drivers_injured, 0.0 drivers_killed, 0.0 passengers_injured, 0.0 passengers_killed, 0.0 pedestrian_injured, 0.0 pedestrian_killed, Fair (Night), EDSA (SB) Ayala Ave. Makati",MMDA Road Safety Unit,,1b35c4ae-f5d5-4a56-a470-6570ab8384b6,2009-04-16,10:15:00,EDSA (SB) approaching MRT-Magallanes Station Makati,0,0,0,0,0,0,0,0,0,0,2009-04-16 18:15,Property,14.55022912,121.0292348,Side Swipe
None,EDSA,None,None,"Human Error, Side Swipe, 0.0 drivers_injured, 0.0 drivers_killed, 0.0 passengers_injured, 0.0 passengers_killed, 0.0 pedestrian_injured, 0.0 pedestrian_killed, Fair (Day), EDSA (SB) Guadalupe MRT Station Makati",MMDA Road Safety Unit,,b046d516-127a-437f-a9d2-79434d2d148b,2009-04-15,09:30:00,EDSA (SB) approaching Sen. Gil J. Puyat Ave. (Buendia Ave. Ext.) Makati,0,0,0,0,0,0,0,0,0,0,2009-04-15 17:30,Property,14.5665734,121.0453551,Side Swipe
None,EDSA,None,None,"Unknown, Rear-end, 0.0 drivers_injured, 0.0 drivers_killed, 0.0 passengers_injured, 0.0 passengers_killed, 0.0 pedestrian_injured, 0.0 pedestrian_killed, Fair (Day), EDSA (SB) Estrella St. Makati",MMDA Road Safety Unit,,b2127948-6d0a-454b-a419-64fede123d08,2009-04-14,05:00:00,"EDSA (SB) Buendia ""U""Turn Slot Makati",0,0,0,0,0,0,0,0,0,0,2009-04-14 13:00,Property,14.56002889,121.040751,Rear-End
None,EDSA,None,None,"Unknown, Rear-end, 0.0 drivers_injured, 0.0 drivers_killed, 0.0 passengers_injured, 0.0 passengers_killed, 0.0 pedestrian_injured, 0.0 pedestrian_killed, Fair (Day), EDSA (SB) approaching Magallanes Interchange Makati",MMDA Road Safety Unit,,964383ff-803e-462a-b593-48ea175d574c,2009-04-11,22:15:00,EDSA (SB) Estrella St. Makati,0,0,0,0,0,0,0,0,0,0,2009-04-12 6:15,Property,14.54035889,121.0168007,Rear-End
None,EDSA,None,None,"Unknown, Side Swipe, 0.0 drivers_injured, 0.0 drivers_killed, 0.0 passengers_injured, 0.0 passengers_killed, 0.0 pedestrian_injured, 0.0 pedestrian_killed, Fair (Day), EDSA (SB) Guadalupe Loading Bay Makati",MMDA Road Safety Unit,,021ecad9-5e8e-4753-a4ab-e23eb06fe46f,2009-04-08,23:15:00,EDSA (SB) past Guadalupe Bridge Makati,0,0,0,0,0,0,0,0,0,0,2009-04-09 7:15,Property,14.56473213,121.0447625,Side Swipe
None,EDSA,None,None,"Unknown, Side Swipe, 0.0 drivers_injured, 0.0 drivers_killed, 0.0 passengers_injured, 0.0 passengers_killed, 0.0 pedestrian_injured, 0.0 pedestrian_killed, Fair (Night), EDSA (SB) Mantrade MRT Station Makati",MMDA Road Safety Unit,,fc73c89a-e094-4e09-bca4-8f4b10a3b1fb,2009-04-08,12:00:00,EDSA (SB) approaching Magallanes Loading Bay Makati,0,0,0,0,0,0,0,0,0,0,2009-04-08 20:00,Property,14.54177174,121.0192376,Side Swipe
None,EDSA,None,None,"Human Error, Side Swipe, 0.0 drivers_injured, 0.0 drivers_killed, 0.0 passengers_injured, 0.0 passengers_killed, 0.0 pedestrian_injured, 0.0 pedestrian_killed, Fair (Day), EDSA (SB) Sen. Gil J. Puyat Ave. (Buendia Ave. Ext.) Makati",MMDA Road Safety Unit,,4340ff59-0e00-44b8-8f55-4f5b0a36320c,2009-04-07,23:00:00,EDSA (SB) Ayala Ave. Int. Makati,0,0,0,0,0,0,0,0,0,0,2009-04-08 7:00,Property,14.55496432,121.0348612,Side Swipe
None,EDSA,None,None,"Unknown, Rear-end, 0.0 drivers_injured, 0.0 drivers_killed, 0.0 passengers_injured, 0.0 passengers_killed, 0.0 pedestrian_injured, 0.0 pedestrian_killed, Fair (Night), EDSA (SB) after Magallanes Loading Bay Makati",MMDA Road Safety Unit,,836dc43c-10c8-4d35-9f1c-bb7b29c1d9f2,2009-04-07,11:15:00,EDSA (SB) Estrella St. Makati,0,0,0,0,0,0,0,0,0,0,2009-04-07 19:15,Property,14.53948675,121.0143114,Rear-End
None,EDSA,None,None,"Unknown, Rear-end, 0.0 drivers_injured, 0.0 drivers_killed, 0.0 passengers_injured, 0.0 passengers_killed, 0.0 pedestrian_injured, 0.0 pedestrian_killed, Fair (Day), EDSA (SB) bet. Bernardino St. & Estrella St. fronting San Carlos Seminary Makati",MMDA Road Safety Unit,,ae041a4e-a7cc-49c8-abd7-5cfa9a9b09c2,2009-04-06,04:15:00,EDSA (SB) Estrella Pedestrian Over Pass Makati,0,0,0,0,0,0,0,0,0,0,2009-04-06 12:15,Property,14.56338936,121.0440232,Rear-End
None,EDSA,None,None,"Human Error, Rear-end, 0.0 drivers_injured, 0.0 drivers_killed, 0.0 passengers_injured, 0.0 passengers_killed, 0.0 pedestrian_injured, 0.0 pedestrian_killed, Fair (Day), EDSA (SB) Estrella St. Makati",MMDA Road Safety Unit,,bce2ffb9-a6f5-4e34-a7b3-ec58444d39ad,2009-04-04,06:30:00,EDSA (SB) Evangelista St. Makati,0,0,0,0,0,0,0,0,0,0,2009-04-04 14:30,Property,14.56002889,121.040751,Rear-End
None,EDSA,None,None,"Unknown, Rear-end, 0.0 drivers_injured, 0.0 drivers_killed, 0.0 passengers_injured, 0.0 passengers_killed, 0.0 pedestrian_injured, 0.0 pedestrian_killed, Fair (Day), EDSA (SB) Buendia MRT Station Makati",MMDA Road Safety Unit,,591a3f9c-3fa6-4117-9186-f8f77bdc864c,2009-04-01,08:30:00,EDSA (SB) at Ayala Loading Bay Makati,0,0,0,0,0,0,0,0,0,0,2009-04-01 16:30,Property,14.55421358,121.03387,Rear-End
None,EDSA,None,None,"Unknown, Side Swipe, 0.0 drivers_injured, 0.0 drivers_killed, 0.0 passengers_injured, 0.0 passengers_killed, 0.0 pedestrian_injured, 0.0 pedestrian_killed, Fair (Day), EDSA (SB) approaching MRT-Magallanes Station Makati",MMDA Road Safety Unit,,e718ff35-9964-4db7-b752-6d6ee35fa0cf,2009-03-29,00:15:00,EDSA (SB) between A.Arnaiz Ave. Pasong Tamo Ext. Magallanes MRT Station Makati,0,0,0,0,0,0,0,0,0,0,2009-03-29 8:15,Property,14.5417799,121.0190463,Side Swipe
None,EDSA,None,None,"Unknown, Rear-end, 0.0 drivers_injured, 0.0 drivers_killed, 0.0 passengers_injured, 0.0 passengers_killed, 0.0 pedestrian_injured, 0.0 pedestrian_killed, Fair (Day), EDSA (SB) approaching Sen. Gil J. Puyat Ave. (Buendia Ave. Ext.) Makati",MMDA Road Safety Unit,,e4b0c12c-29b8-4783-9cc1-3c92c9bc2b0a,2009-03-28,06:35:00,"EDSA (SB) Buendia ""U""Turn Slot Makati",0,0,0,0,0,0,0,0,0,0,2009-03-28 14:35,Property,14.55542101,121.0352189,Rear-End
None,EDSA,None,None,"Unknown, Rear-end, 0.0 drivers_injured, 0.0 drivers_killed, 0.0 passengers_injured, 0.0 passengers_killed, 0.0 pedestrian_injured, 0.0 pedestrian_killed, Fair (Night), EDSA (SB) Buendia ""U""Turn Slot Makati",MMDA Road Safety Unit,,a6706985-9901-43c8-9b1d-d91f0a6cd025,2009-03-26,12:00:00,EDSA (SB) after Magallanes Int. Makati,0,0,0,0,0,0,0,0,0,0,2009-03-26 20:00,Property,14.55546956,121.0353759,Rear-End
None,EDSA,None,None,"Unknown, Side Swipe, 0.0 drivers_injured, 0.0 drivers_killed, 0.0 passengers_injured, 0.0 passengers_killed, 0.0 pedestrian_injured, 0.0 pedestrian_killed, Fair (Day), EDSA (SB) Estrella St. Makati",MMDA Road Safety Unit,,454ac018-94b7-417e-bd21-4099fe92ed33,2009-03-24,04:30:00,EDSA (SB) near Guadalupe Loading Bay Makati,0,0,0,0,0,0,0,0,0,0,2009-03-24 12:30,Property,14.56002889,121.040751,Side Swipe
None,EDSA,None,None,"Unknown, Rear-end, 0.0 drivers_injured, 0.0 drivers_killed, 0.0 passengers_injured, 0.0 passengers_killed, 0.0 pedestrian_injured, 0.0 pedestrian_killed, Fair (Day), EDSA (SB) past Guadalupe Bridge Makati",MMDA Road Safety Unit,,f20f8d6b-511c-47ee-9a7e-5ce95048d8c5,2009-03-23,00:20:00,EDSA (SB) Bet. Buendia Ave./Pasong Tamo Ext. Makati,0,0,0,0,0,0,0,0,0,0,2009-03-23 8:20,Property,14.56787702,121.0457021,Rear-End
None,EDSA,None,None,"Unknown, Rear-end, 0.0 drivers_injured, 0.0 drivers_killed, 0.0 passengers_injured, 0.0 passengers_killed, 0.0 pedestrian_injured, 0.0 pedestrian_killed, Fair (Night), EDSA (SB) approaching Magallanes Loading Bay Makati",MMDA Road Safety Unit,,a4436d0e-d83f-4eb1-876c-a843dd5e816d,2009-03-22,10:40:00,EDSA (SB) Buendia Ave. Makati,0,0,0,0,0,0,0,0,0,0,2009-03-22 18:40,Property,14.54300789,121.0204467,Rear-End
None,EDSA,None,None,"Unknown, Rear-end, 0.0 drivers_injured, 0.0 drivers_killed, 0.0 passengers_injured, 0.0 passengers_killed, 0.0 pedestrian_injured, 0.0 pedestrian_killed, Fair (Night), EDSA (SB) Ayala Ave. Int. Makati",MMDA Road Safety Unit,,39f7c4b4-39f9-4b84-b50b-2513bf587c70,2009-03-18,11:00:00,EDSA (SB) Bet. Bernardino St./ Estrella St. Makati,0,0,0,0,0,0,0,0,0,0,2009-03-18 19:00,Property,14.55022912,121.0292348,Rear-End
None,EDSA,None,None,"Unknown, Rear-end, 0.0 drivers_injured, 0.0 drivers_killed, 0.0 passengers_injured, 0.0 passengers_killed, 0.0 pedestrian_injured, 0.0 pedestrian_killed, Fair (Day), EDSA (SB) Estrella St. Makati",MMDA Road Safety Unit,,4536b7d5-fcc0-4610-8763-496f1ffd2ab4,2009-03-16,22:00:00,EDSA (SB) Opposite Orense St. Makati,0,0,0,0,0,0,0,0,0,0,2009-03-17 6:00,Property,14.56002889,121.040751,Rear-End
None,EDSA,None,None,"Unknown, Rear-end, 0.0 drivers_injured, 0.0 drivers_killed, 0.0 passengers_injured, 0.0 passengers_killed, 0.0 pedestrian_injured, 0.0 pedestrian_killed, Fair (Night), EDSA (SB) Estrella Pedestrian Over Pass Makati",MMDA Road Safety Unit,,ef7150a9-0139-4b2b-8d31-5437f247d811,2009-03-16,21:00:00,EDSA (SB) Sen. Gil J. Puyat Ave. (Buendia Ave. Ext.) Makati,0,0,0,0,0,0,0,0,0,0,2009-03-17 5:00,Property,14.56055074,121.0413945,Rear-End
None,EDSA,None,None,"Unknown, Side Swipe, 0.0 drivers_injured, 0.0 drivers_killed, 0.0 passengers_injured, 0.0 passengers_killed, 0.0 pedestrian_injured, 0.0 pedestrian_killed, Fair (Day), EDSA (SB) Evangelista St. Makati",MMDA Road Safety Unit,,107331a9-456a-4719-b33c-ed1cc86efd9a,2009-03-14,03:00:00,EDSA (SB) Sen. Gil J. Puyat Ave. (Buendia Ave. Ext.) Makati,0,0,0,0,0,0,0,0,0,0,2009-03-14 11:00,Property,14.53903137,121.0123272,Side Swipe
None,EDSA,None,None,"Human Error, Rear-end, 0.0 drivers_injured, 0.0 drivers_killed, 0.0 passengers_injured, 0.0 passengers_killed, 0.0 pedestrian_injured, 0.0 pedestrian_killed, Fair (Night), EDSA (SB) at Ayala Loading Bay Makati",MMDA Road Safety Unit,,b2a8b7a0-5d49-4f66-bb05-b33f48081f63,2009-03-13,14:30:00,EDSA (SB) Antonio S. Arnaiz Ave. (Pasay Road) Makati,0,0,0,0,0,0,0,0,0,0,2009-03-13 22:30,Property,14.54909481,121.0277151,Rear-End