LOCATION_TEXT,ROAD,WEATHER,LIGHT,DESC,REPORTING_AGENCY,MAIN_CAUSE,INCIDENTDETAILS_ID,DATE_UTC,TIME_UTC,ADDRESS,killed_driver,killed_passenger,killed_pedestrian,injured_driver,injured_passenger,injured_pedestrian,killed_uncategorized,injured_uncategorized,killed_total,injured_total,DATETIME_PST,SEVERITY,Y,X,COLLISION_TYPE
None,EDSA,None,None,"Unknown, Side Swipe, 0.0 drivers_injured, 0.0 drivers_killed, 0.0 passengers_injured, 0.0 passengers_killed, 0.0 pedestrian_injured, 0.0 pedestrian_killed, Fair (Day), EDSA (SB) between A.Arnaiz Ave. Pasong Tamo Ext. Magallanes MRT Station Makati",MMDA Road Safety Unit,,44b7611f-425d-459f-a427-21d46e0ea64e,2009-03-13,05:30:00,EDSA (SB) Estrella St. Makati,0,0,0,0,0,0,0,0,0,0,2009-03-13 13:30,Property,14.54213166,121.0193878,Side Swipe
None,EDSA,None,None,"Unknown, Rear-end, 0.0 drivers_injured, 0.0 drivers_killed, 0.0 passengers_injured, 0.0 passengers_killed, 0.0 pedestrian_injured, 0.0 pedestrian_killed, Fair (Day), EDSA (SB) Buendia ""U""Turn Slot Makati",MMDA Road Safety Unit,,bf3ebf65-d4a6-4d15-884a-7e534dd24751,2009-03-11,06:45:00,EDSA (SB) fornting San Carlos Seminary Makati,0,0,0,0,0,0,0,0,0,0,2009-03-11 14:45,Property,14.55546956,121.0353759,Rear-End
None,EDSA,None,None,"Human Error, Side Swipe, 0.0 drivers_injured, 0.0 drivers_killed, 0.0 passengers_injured, 0.0 passengers_killed, 0.0 pedestrian_injured, 0.0 pedestrian_killed, Fair (Night), EDSA (SB) after Magallanes Int. Makati",MMDA Road Safety Unit,,a696ce5f-30a2-4164-a8ff-29b8ce4fc383,2009-03-07,18:15:00,"EDSA (SB) Buendia ""U""Turn Slot Makati",0,0,0,0,0,0,0,0,0,0,2009-03-08 2:15,Property,14.53948675,121.0143114,Side Swipe
None,EDSA,None,None,"Human Error, Rear-end, 0.0 drivers_injured, 0.0 drivers_killed, 0.0 passengers_injured, 0.0 passengers_killed, 0.0 pedestrian_injured, 0.0 pedestrian_killed, Fair (Night), EDSA (SB) near Guadalupe Loading Bay Makati",MMDA Road Safety Unit,,4d8ba8fa-9962-45ce-8822-8a4c8ab62509,2009-03-07,11:45:00,EDSA (SB) Sen. Gil J. Puyat Ave. (Buendia Ave. Ext.) Makati,0,0,0,0,0,0,0,0,0,0,2009-03-07 19:45,Property,14.56459272,121.0446754,Rear-End
None,EDSA,None,None,"Unknown, Rear-end, 0.0 drivers_injured, 0.0 drivers_killed, 0.0 passengers_injured, 0.0 passengers_killed, 0.0 pedestrian_injured, 0.0 pedestrian_killed, Fair (Day), EDSA (SB) Bet. Buendia Ave./Pasong Tamo Ext. Makati",MMDA Road Safety Unit,,57de8e20-3f66-4b68-aef0-de9c57c6380a,2009-03-07,06:30:00,"EDSA (SB) Buendia ""U""Turn Slot Makati",0,0,0,0,0,0,0,0,0,0,2009-03-07 14:30,Property,14.55396629,121.0334647,Rear-End
None,EDSA,None,None,"Unknown, Side Swipe, 0.0 drivers_injured, 0.0 drivers_killed, 0.0 passengers_injured, 0.0 passengers_killed, 0.0 pedestrian_injured, 0.0 pedestrian_killed, Fair (Night), EDSA (SB) Buendia Ave. Makati",MMDA Road Safety Unit,,6a8c117f-62c5-43f9-93f9-483360743712,2009-03-06,13:15:00,EDSA (SB) Buendia MRT Station Makati,0,0,0,0,0,0,0,0,0,0,2009-03-06 21:15,Property,14.55505269,121.034707,Side Swipe
None,EDSA,None,None,"Unknown, Rear-end, 0.0 drivers_injured, 0.0 drivers_killed, 0.0 passengers_injured, 0.0 passengers_killed, 0.0 pedestrian_injured, 0.0 pedestrian_killed, Fair (Day), EDSA (SB) Bet. Bernardino St./ Estrella St. Makati",MMDA Road Safety Unit,,c825f273-7af3-49a6-a493-ae98df1434f1,2009-03-06,03:45:00,EDSA (SB) Ayala Ave. Makati,0,0,0,0,0,0,0,0,0,0,2009-03-06 11:45,Property,14.56338936,121.0440232,Rear-End
None,EDSA,None,None,"Human Error, Rear-end, 0.0 drivers_injured, 0.0 drivers_killed, 0.0 passengers_injured, 0.0 passengers_killed, 0.0 pedestrian_injured, 0.0 pedestrian_killed, Fair (Night), EDSA (SB) Opposite Orense St. Makati",MMDA Road Safety Unit,,a5d09e37-dd3c-4140-9bca-b29c17367c60,2009-03-05,14:00:00,EDSA (SB) Buendia / Ayala Ave. Makati,0,0,0,0,0,0,0,0,0,0,2009-03-05 22:00,Property,14.56178559,121.0428099,Rear-End
None,EDSA,None,None,"Unknown, Rear-end, 0.0 drivers_injured, 0.0 drivers_killed, 0.0 passengers_injured, 0.0 passengers_killed, 0.0 pedestrian_injured, 0.0 pedestrian_killed, Fair (Day), EDSA (SB) Sen. Gil J. Puyat Ave. (Buendia Ave. Ext.) Makati",MMDA Road Safety Unit,,b8cce5a3-4796-48af-94e0-37f4aaae9952,2009-03-05,05:40:00,EDSA (SB) Guadalupe Bridge Makati,0,0,0,0,0,0,0,0,0,0,2009-03-05 13:40,Property,14.55496432,121.0348612,Rear-End
None,EDSA,None,None,"Unknown, Side Swipe, 0.0 drivers_injured, 0.0 drivers_killed, 0.0 passengers_injured, 0.0 passengers_killed, 0.0 pedestrian_injured, 0.0 pedestrian_killed, Fair (Day), EDSA (SB) Sen. Gil J. Puyat Ave. (Buendia Ave. Ext.) Makati",MMDA Road Safety Unit,,eb939936-84a2-4322-b5a5-c7d909ac73e5,2009-02-25,03:30:00,EDSA (SB) Loading Bay Guadalupe Makati,0,0,0,0,0,0,0,0,0,0,2009-02-25 11:30,Property,14.55496432,121.0348612,Side Swipe
None,EDSA,None,None,"Unknown, Side Swipe, 0.0 drivers_injured, 0.0 drivers_killed, 0.0 passengers_injured, 0.0 passengers_killed, 0.0 pedestrian_injured, 0.0 pedestrian_killed, Fair (Night), EDSA (SB) Antonio S. Arnaiz Ave. (Pasay Road) Makati",MMDA Road Safety Unit,,7fe4b6b2-511b-4089-8f4f-2c57998dc956,2009-02-18,12:00:00,EDSA (SB) Estrella St. Makati,0,0,0,0,0,0,0,0,0,0,2009-02-18 20:00,Property,14.54752556,121.0260165,Side Swipe
None,EDSA,None,None,"Unknown, Rear-end, 0.0 drivers_injured, 0.0 drivers_killed, 0.0 passengers_injured, 0.0 passengers_killed, 0.0 pedestrian_injured, 0.0 pedestrian_killed, Fair (Day), EDSA (SB) Estrella St. Makati",MMDA Road Safety Unit,,4fb9df37-dbfb-4948-978c-27e966787922,2009-02-17,08:20:00,"EDSA (SB) near Buendia ""U""Turn Slot Makati",0,0,0,0,0,0,0,0,0,0,2009-02-17 16:20,Property,14.56002889,121.040751,Rear-End
None,EDSA,None,None,"Human Error, Rear-end, 0.0 drivers_injured, 0.0 drivers_killed, 0.0 passengers_injured, 0.0 passengers_killed, 0.0 pedestrian_injured, 0.0 pedestrian_killed, Fair (Night), EDSA (SB) fornting San Carlos Seminary Makati",MMDA Road Safety Unit,,416ee28e-7667-43a2-a6b5-7694cdfdeb60,2009-02-16,13:15:00,EDSA (SB) Sen. Gil J. Puyat Ave. (Buendia Ave. Ext.) Makati,0,0,0,0,0,0,0,0,0,0,2009-02-16 21:15,Property,14.56342278,121.0440167,Rear-End
None,EDSA,None,None,"Unknown, Rear-end, 0.0 drivers_injured, 0.0 drivers_killed, 0.0 passengers_injured, 0.0 passengers_killed, 0.0 pedestrian_injured, 0.0 pedestrian_killed, Fair (Day), EDSA (SB) Buendia ""U""Turn Slot Makati",MMDA Road Safety Unit,,deb06586-56e2-4984-b311-5c2513eb1957,2009-02-14,08:10:00,EDSA (SB) Estrella St. Makati,0,0,0,0,0,0,0,0,0,0,2009-02-14 16:10,Property,14.55546956,121.0353759,Rear-End
None,EDSA,None,None,"Unknown, Rear-end, 0.0 drivers_injured, 0.0 drivers_killed, 0.0 passengers_injured, 0.0 passengers_killed, 0.0 pedestrian_injured, 0.0 pedestrian_killed, Fair (Day), EDSA (SB) Sen. Gil J. Puyat Ave. (Buendia Ave. Ext.) Makati",MMDA Road Safety Unit,,7b0fc8ed-4351-476e-b3f2-f7e65827385d,2009-02-14,07:30:00,EDSA (SB) Ayala Ave. Makati,0,0,0,0,0,0,0,0,0,0,2009-02-14 15:30,Property,14.55496432,121.0348612,Rear-End
None,EDSA,None,None,"Unknown, Side Swipe, 0.0 drivers_injured, 0.0 drivers_killed, 0.0 passengers_injured, 0.0 passengers_killed, 0.0 pedestrian_injured, 0.0 pedestrian_killed, Fair (Night), EDSA (SB) Buendia ""U""Turn Slot Makati",MMDA Road Safety Unit,,2ff2b748-44e5-4466-b4b9-15009e33c9df,2009-02-13,11:05:00,EDSA (SB) Estrella St. Makati,0,0,0,0,0,0,0,0,0,0,2009-02-13 19:05,Property,14.55546956,121.0353759,Side Swipe
None,EDSA,None,None,"Human Error, Side Swipe, 0.0 drivers_injured, 0.0 drivers_killed, 0.0 passengers_injured, 0.0 passengers_killed, 0.0 pedestrian_injured, 0.0 pedestrian_killed, Fair (Night), EDSA (SB) Buendia MRT Station Makati",MMDA Road Safety Unit,,031ec79e-8381-4cf1-850e-a46399c304b1,2009-02-12,14:45:00,EDSA (SB) before Sen. Gil J. Puyat Ave. (Buendia Ave. Ext.) Makati,0,0,0,0,0,0,0,0,0,0,2009-02-12 22:45,Property,14.55421358,121.03387,Side Swipe
None,EDSA,None,None,"Unknown, Side Swipe, 0.0 drivers_injured, 0.0 drivers_killed, 0.0 passengers_injured, 0.0 passengers_killed, 0.0 pedestrian_injured, 0.0 pedestrian_killed, Fair (Day), EDSA (SB) Ayala Ave. Makati",MMDA Road Safety Unit,,b66e8e17-3616-4907-a817-4a6a0c821792,2009-02-12,00:00:00,EDSA (SB) Buendia Emergency Bay Makati,0,0,0,0,0,0,0,0,0,0,2009-02-12 8:00,Property,14.55022912,121.0292348,Side Swipe
None,EDSA,None,None,"Unknown, Rear-end, 0.0 drivers_injured, 0.0 drivers_killed, 0.0 passengers_injured, 0.0 passengers_killed, 0.0 pedestrian_injured, 0.0 pedestrian_killed, Fair (Night), EDSA (SB) Buendia / Ayala Ave. Makati",MMDA Road Safety Unit,,b476f9c9-b63d-4f5d-b8e9-514b5a36a55e,2009-02-11,12:20:00,EDSA (SB) after A. Arnaiz Ave.  Makati,0,0,0,0,0,0,0,0,0,0,2009-02-11 20:20,Property,14.55505269,121.034707,Rear-End
None,EDSA,None,None,"Unknown, Rear-end, 0.0 drivers_injured, 0.0 drivers_killed, 0.0 passengers_injured, 0.0 passengers_killed, 0.0 pedestrian_injured, 0.0 pedestrian_killed, Fair (Day), EDSA (SB) Guadalupe Bridge Makati",MMDA Road Safety Unit,,4eda89db-b08f-4299-af2a-4f1532a2a94d,2009-02-10,06:00:00,EDSA (SB) Magallanes Interchange Makati,0,0,0,0,0,0,0,0,0,0,2009-02-10 14:00,Property,14.56802596,121.045885,Rear-End
None,EDSA,None,None,"Unknown, Side Swipe, 0.0 drivers_injured, 0.0 drivers_killed, 0.0 passengers_injured, 0.0 passengers_killed, 0.0 pedestrian_injured, 0.0 pedestrian_killed, Fair (Day), EDSA (SB) Loading Bay Guadalupe Makati",MMDA Road Safety Unit,,3ba680b1-1986-409a-840c-71cbe0273326,2009-02-10,04:00:00,EDSA (SB) Magallanes Interchange Makati,0,0,0,0,0,0,0,0,0,0,2009-02-10 12:00,Property,14.56459428,121.0447183,Side Swipe
None,EDSA,None,None,"Unknown, Rear-end, 0.0 drivers_injured, 0.0 drivers_killed, 0.0 passengers_injured, 0.0 passengers_killed, 0.0 pedestrian_injured, 0.0 pedestrian_killed, Fair (Day), EDSA (SB) Estrella St. Makati",MMDA Road Safety Unit,,ab10b59f-58fd-4b3a-bb79-694b4f445082,2009-02-09,00:30:00,EDSA (SB) ManTrade Loading Bay Makati,0,0,0,0,0,0,0,0,0,0,2009-02-09 8:30,Property,14.56002889,121.040751,Rear-End
None,EDSA,None,None,"Unknown, Rear-end, 0.0 drivers_injured, 0.0 drivers_killed, 0.0 passengers_injured, 0.0 passengers_killed, 0.0 pedestrian_injured, 0.0 pedestrian_killed, Fair (Night), EDSA (SB) near Buendia ""U""Turn Slot Makati",MMDA Road Safety Unit,,c14f73cd-5ac2-4713-9247-a9e4a1d188f2,2009-02-07,15:00:00,EDSA (SB) Ayala Ave. Makati,0,0,0,0,0,0,0,0,0,0,2009-02-07 23:00,Property,14.55580755,121.0356209,Rear-End
None,EDSA,None,None,"Unknown, Rear-end, 0.0 drivers_injured, 0.0 drivers_killed, 0.0 passengers_injured, 0.0 passengers_killed, 0.0 pedestrian_injured, 0.0 pedestrian_killed, Fair (Day), EDSA (SB) Sen. Gil J. Puyat Ave. (Buendia Ave. Ext.) Makati",MMDA Road Safety Unit,,25328426-d099-4c60-a85e-a0e89ea1634d,2009-02-07,08:30:00,EDSA (SB) Guadalupe Loading Bay Makati,0,0,0,0,0,0,0,0,0,0,2009-02-07 16:30,Property,14.55496432,121.0348612,Rear-End
None,EDSA,None,None,"Unknown, Rear-end, 0.0 drivers_injured, 0.0 drivers_killed, 0.0 passengers_injured, 0.0 passengers_killed, 0.0 pedestrian_injured, 0.0 pedestrian_killed, Fair (Day), EDSA (SB) Estrella St. Makati",MMDA Road Safety Unit,,a7c89372-5971-41b6-8e85-c6e4cddb2614,2009-02-07,04:30:00,EDSA (SB) Estrella St. Makati,0,0,0,0,0,0,0,0,0,0,2009-02-07 12:30,Property,14.56002889,121.040751,Rear-End
None,EDSA,None,None,"Human Error, Rear-end, 0.0 drivers_injured, 0.0 drivers_killed, 0.0 passengers_injured, 0.0 passengers_killed, 0.0 pedestrian_injured, 0.0 pedestrian_killed, Fair (Night), EDSA (SB) Ayala Ave. Makati",MMDA Road Safety Unit,,ff38f338-7765-4f71-ae82-128b3e3cf0fd,2009-02-06,14:00:00,EDSA (SB) Estrella St. Makati,0,0,0,0,0,0,0,0,0,0,2009-02-06 22:00,Property,14.55022912,121.0292348,Rear-End
None,EDSA,None,None,"Unknown, Rear-end, 0.0 drivers_injured, 0.0 drivers_killed, 0.0 passengers_injured, 0.0 passengers_killed, 0.0 pedestrian_injured, 0.0 pedestrian_killed, Fair (Day), EDSA (SB) Estrella St. Makati",MMDA Road Safety Unit,,118d9a6e-a31d-4fa6-97d9-a3cbba2453d8,2009-02-06,07:40:00,EDSA (SB) Sen. Gil J. Puyat Ave. (Buendia Ave. Ext.) Makati,0,0,0,0,0,0,0,0,0,0,2009-02-06 15:40,Property,14.56002889,121.040751,Rear-End
None,EDSA,None,None,"Unknown, Rear-end, 0.0 drivers_injured, 0.0 drivers_killed, 0.0 passengers_injured, 0.0 passengers_killed, 0.0 pedestrian_injured, 0.0 pedestrian_killed, Fair (Day), EDSA (SB) before Sen. Gil J. Puyat Ave. (Buendia Ave. Ext.) Makati",MMDA Road Safety Unit,,62fd6c44-9986-4224-815c-50983b1402a0,2009-02-05,05:40:00,"EDSA (SB) approaching ""U"" turn slot, Buendia Ave. Makati",0,0,0,0,0,0,0,0,0,0,2009-02-05 13:40,Property,14.55551148,121.035243,Rear-End
None,EDSA,None,None,"Unknown, Rear-end, 0.0 drivers_injured, 0.0 drivers_killed, 0.0 passengers_injured, 0.0 passengers_killed, 0.0 pedestrian_injured, 0.0 pedestrian_killed, Fair (Day), EDSA (SB) Buendia Emergency Bay Makati",MMDA Road Safety Unit,,3fce3e31-1ab4-4e11-8d4a-207287d51958,2009-02-03,01:00:00,EDSA (SB) near Evangelista St. Makati,0,0,0,0,0,0,0,0,0,0,2009-02-03 9:00,Property,14.55405859,121.0336357,Rear-End
None,EDSA,None,None,"Human Error, Side Swipe, 0.0 drivers_injured, 0.0 drivers_killed, 0.0 passengers_injured, 0.0 passengers_killed, 0.0 pedestrian_injured, 0.0 pedestrian_killed, Fair (Day), EDSA (SB) after A. Arnaiz Ave.  Makati",MMDA Road Safety Unit,,01004f22-2044-4d87-bd18-3a57d1e51f49,2009-02-02,09:05:00,EDSA (SB) Loyola Memorial Chapel Makati,0,0,0,0,0,0,0,0,0,0,2009-02-02 17:05,Property,14.54740302,121.0262287,Side Swipe
None,EDSA,None,None,"Unknown, Side Swipe, 0.0 drivers_injured, 0.0 drivers_killed, 0.0 passengers_injured, 0.0 passengers_killed, 0.0 pedestrian_injured, 0.0 pedestrian_killed, Fair (Day), EDSA (SB) Magallanes Interchange Makati",MMDA Road Safety Unit,,93194017-7cd0-4331-a9a1-04fb4504232c,2009-02-02,06:00:00,EDSA (SB) Antonio S. Arnaiz Ave. (Pasay Road) Makati,0,0,0,0,0,0,0,0,0,0,2009-02-02 14:00,Property,14.54028633,121.0167655,Side Swipe
None,EDSA,None,None,"Unknown, Rear-end, 0.0 drivers_injured, 0.0 drivers_killed, 0.0 passengers_injured, 0.0 passengers_killed, 0.0 pedestrian_injured, 0.0 pedestrian_killed, Fair (Day), EDSA (SB) Magallanes Interchange Makati",MMDA Road Safety Unit,,2c22f4a0-6bc6-4865-b570-c5644ca854b5,2009-02-02,05:30:00,EDSA (SB) MRT Station Guadalupe Makati,0,0,0,0,0,0,0,0,0,0,2009-02-02 13:30,Property,14.54028633,121.0167655,Rear-End
None,EDSA,None,None,"Unknown, Rear-end, 0.0 drivers_injured, 0.0 drivers_killed, 0.0 passengers_injured, 0.0 passengers_killed, 0.0 pedestrian_injured, 0.0 pedestrian_killed, Fair (Day), EDSA (SB) ManTrade Loading Bay Makati",MMDA Road Safety Unit,,ca25d620-c4b8-4e74-be25-95e7faf66bd3,2009-01-31,08:25:00,EDSA (SB) Guadalupe MRT Station Makati,0,0,0,0,0,0,0,0,0,0,2009-01-31 16:25,Property,14.54276678,121.0202719,Rear-End
None,EDSA,None,None,"Unknown, Side Swipe, 0.0 drivers_injured, 0.0 drivers_killed, 0.0 passengers_injured, 0.0 passengers_killed, 0.0 pedestrian_injured, 0.0 pedestrian_killed, Fair (Day), EDSA (SB) Ayala Ave. Makati",MMDA Road Safety Unit,,67708855-77ca-4e7a-8a2c-0c8394bbd065,2009-01-31,01:00:00,EDSA (SB) Magallanes Loading Bay Makati,0,0,0,0,0,0,0,0,0,0,2009-01-31 9:00,Property,14.55022912,121.0292348,Side Swipe
None,EDSA,None,None,"Unknown, Rear-end, 0.0 drivers_injured, 0.0 drivers_killed, 0.0 passengers_injured, 0.0 passengers_killed, 0.0 pedestrian_injured, 0.0 pedestrian_killed, Fair (Night), EDSA (SB) Guadalupe Loading Bay Makati",MMDA Road Safety Unit,,880816f7-2c18-4cfa-b8cf-71bd029bf38a,2009-01-27,10:30:00,EDSA (SB) Mantrade MRT Station Makati,0,0,0,0,0,0,0,0,0,0,2009-01-27 18:30,Property,14.56473213,121.0447625,Rear-End
None,EDSA,None,None,"Unknown, Rear-end, 0.0 drivers_injured, 0.0 drivers_killed, 0.0 passengers_injured, 0.0 passengers_killed, 0.0 pedestrian_injured, 0.0 pedestrian_killed, Fair (Day), EDSA (SB) Estrella St. Makati",MMDA Road Safety Unit,,85ca8194-3101-4ee5-a9de-17a0e35afaa4,2009-01-27,03:50:00,EDSA (SB) Estrella St. Makati,0,0,0,0,0,0,0,0,0,0,2009-01-27 11:50,Property,14.56002889,121.040751,Rear-End
None,EDSA,None,None,"Unknown, Rear-end, 0.0 drivers_injured, 0.0 drivers_killed, 0.0 passengers_injured, 0.0 passengers_killed, 0.0 pedestrian_injured, 0.0 pedestrian_killed, Fair (Day), EDSA (SB) Estrella St. Makati",MMDA Road Safety Unit,,2a8d38da-8dad-413e-9095-96743f845d5b,2009-01-26,23:30:00,EDSA (SB) Kalayaan Ave. Makati,0,0,0,0,0,0,0,0,0,0,2009-01-27 7:30,Property,14.56002889,121.040751,Rear-End
None,EDSA,None,None,"Unknown, Other (Hit Veh., Rear-end + Side Swipe), 0.0 drivers_injured, 0.0 drivers_killed, 0.0 passengers_injured, 0.0 passengers_killed, 0.0 pedestrian_injured, 0.0 pedestrian_killed, Fair (Day), EDSA (SB) Sen. Gil J. Puyat Ave. (Buendia Ave. Ext.) Makati",MMDA Road Safety Unit,,ed2e9cc6-f75a-43a2-a3b2-bb39fe8096d7,2009-01-21,09:25:00,EDSA (SB) fronting San Carlos Seminary Guadalupe Makati,0,0,0,0,0,0,0,0,0,0,2009-01-21 17:25,Property,14.55496432,121.0348612,Side Swipe
None,EDSA,None,None,"Human Error, Side Swipe, 0.0 drivers_injured, 0.0 drivers_killed, 0.0 passengers_injured, 0.0 passengers_killed, 0.0 pedestrian_injured, 0.0 pedestrian_killed, Fair (Day), EDSA (SB) approaching ""U"" turn slot, Buendia Ave. Makati",MMDA Road Safety Unit,,75930237-ebca-4055-a363-23e7383debae,2009-01-20,09:00:00,EDSA (SB) Guadalupe MRT Station Makati,0,0,0,0,0,0,0,0,0,0,2009-01-20 17:00,Property,14.55535056,121.0352997,Side Swipe
None,EDSA,None,None,"Unknown, Side Swipe, 0.0 drivers_injured, 0.0 drivers_killed, 0.0 passengers_injured, 0.0 passengers_killed, 0.0 pedestrian_injured, 0.0 pedestrian_killed, Fair (Day), EDSA (SB) near Evangelista St. Makati",MMDA Road Safety Unit,,877445cf-993c-4730-bedb-6a172d7dbe04,2009-01-19,00:30:00,EDSA (SB) Ayala Loading Bay Makati,0,0,0,0,0,0,0,0,0,0,2009-01-19 8:30,Property,14.53916065,121.0124577,Side Swipe
None,EDSA,None,None,"Unknown, Side Swipe, 0.0 drivers_injured, 0.0 drivers_killed, 0.0 passengers_injured, 0.0 passengers_killed, 0.0 pedestrian_injured, 0.0 pedestrian_killed, Fair (Night), EDSA (SB) Loyola Memorial Chapel Makati",MMDA Road Safety Unit,,aa19bd8c-9494-4281-9519-567cddffbd14,2009-01-13,12:15:00,EDSA (SB) Approaching Magallanes Loading Bay Makati,0,0,0,0,0,0,0,0,0,0,2009-01-13 20:15,Property,14.5653264,121.0449169,Side Swipe
None,EDSA,None,None,"Unknown, Rear-end, 0.0 drivers_injured, 0.0 drivers_killed, 0.0 passengers_injured, 0.0 passengers_killed, 0.0 pedestrian_injured, 0.0 pedestrian_killed, Fair (Day), EDSA (SB) Antonio S. Arnaiz Ave. (Pasay Road) Makati",MMDA Road Safety Unit,,f1b7e40e-1e35-4288-9ce8-a09573d32830,2009-01-13,02:30:00,EDSA (SB) Along Guadalupe bridge Makati,0,0,0,0,0,0,0,0,0,0,2009-01-13 10:30,Property,14.54752556,121.0260165,Rear-End
None,EDSA,None,None,"Unknown, Rear-end, 0.0 drivers_injured, 0.0 drivers_killed, 0.0 passengers_injured, 0.0 passengers_killed, 0.0 pedestrian_injured, 0.0 pedestrian_killed, Fair (Night), EDSA (SB) MRT Station Guadalupe Makati",MMDA Road Safety Unit,,db951a05-c4f9-4c69-8381-24170b9a5bc5,2009-01-09,12:25:00,EDSA (SB) Along Mantrade MRT Station Makati,0,0,0,0,0,0,0,0,0,0,2009-01-09 20:25,Property,14.56661843,121.0453081,Rear-End
None,EDSA,None,None,"Unknown, Rear-end, 0.0 drivers_injured, 0.0 drivers_killed, 0.0 passengers_injured, 0.0 passengers_killed, 0.0 pedestrian_injured, 0.0 pedestrian_killed, Fair (Day), EDSA (SB) Guadalupe MRT Station Makati",MMDA Road Safety Unit,,6fc4499e-6f3b-41cc-9bc5-1cde8732d687,2009-01-09,08:30:00,EDSA (SB) Approaching Estrella St. Makati,0,0,0,0,0,0,0,0,0,0,2009-01-09 16:30,Property,14.5665734,121.0453551,Rear-End
None,EDSA,None,None,"Unknown, Hit object, 0.0 drivers_injured, 0.0 drivers_killed, 0.0 passengers_injured, 0.0 passengers_killed, 0.0 pedestrian_injured, 0.0 pedestrian_killed, Fair (Day), EDSA (SB) Magallanes Loading Bay Makati",MMDA Road Safety Unit,,3169a2c5-eff4-4c76-8f94-8f4c4dfd5c0e,2009-01-09,01:20:00,EDSA (SB) Approaching Evangelista St. Makati,0,0,0,0,0,0,0,0,0,0,2009-01-09 9:20,Property,14.54282655,121.0202714,Hit Object
None,EDSA,None,None,"Unknown, Rear-end, 0.0 drivers_injured, 0.0 drivers_killed, 0.0 passengers_injured, 0.0 passengers_killed, 0.0 pedestrian_injured, 0.0 pedestrian_killed, Fair (Night), EDSA (SB) Mantrade MRT Station Makati",MMDA Road Safety Unit,,b005c947-f948-4e66-bf30-24997ca42477,2009-01-08,13:15:00,EDSA (SB) Buendia Ave. Makati,0,0,0,0,0,0,0,0,0,0,2009-01-08 21:15,Property,14.54177174,121.0192376,Rear-End
None,EDSA,None,None,"Unknown, Rear-end, 0.0 drivers_injured, 0.0 drivers_killed, 0.0 passengers_injured, 0.0 passengers_killed, 0.0 pedestrian_injured, 0.0 pedestrian_killed, Fair (Day), EDSA (SB) Estrella St. Makati",MMDA Road Safety Unit,,bab9457e-9b3a-4f48-b075-3df95e5ef0cf,2009-01-07,07:30:00,EDSA (SB) Along Guadalupe Loading Bay Makati,0,0,0,0,0,0,0,0,0,0,2009-01-07 15:30,Property,14.56002889,121.040751,Rear-End
None,EDSA,None,None,"Unknown, Side Swipe, 0.0 drivers_injured, 0.0 drivers_killed, 0.0 passengers_injured, 0.0 passengers_killed, 0.0 pedestrian_injured, 0.0 pedestrian_killed, Fair (Day), EDSA (SB) Kalayaan Ave. Makati",MMDA Road Safety Unit,,1386e948-70ed-421f-9863-94ac682e30c0,2009-01-07,00:00:00,EDSA (SB) Ayala Ave. Makati,0,0,0,0,0,0,0,0,0,0,2009-01-07 8:00,Property,14.55774691,121.0380708,Side Swipe
None,EDSA,None,None,"Unknown, Rear-end, 0.0 drivers_injured, 0.0 drivers_killed, 0.0 passengers_injured, 0.0 passengers_killed, 0.0 pedestrian_injured, 0.0 pedestrian_killed, Fair (Day), EDSA (SB) fronting San Carlos Seminary Guadalupe Makati",MMDA Road Safety Unit,,2f96d796-7d2d-4e2d-9eb9-1497367277d7,2009-01-06,07:00:00,EDSA (SB) Along Guadalupe Loading Bay Makati,0,0,0,0,0,0,0,0,0,0,2009-01-06 15:00,Property,14.56336498,121.0439669,Rear-End
None,EDSA,None,None,"Unknown, Rear-end, 0.0 drivers_injured, 0.0 drivers_killed, 0.0 passengers_injured, 0.0 passengers_killed, 0.0 pedestrian_injured, 0.0 pedestrian_killed, Fair (Day), EDSA (SB) Guadalupe MRT Station Makati",MMDA Road Safety Unit,,3868144b-d337-4e0a-b596-78b5a1c76264,2009-01-03,06:20:00,EDSA (SB) Ayala Ave./ Kalayaan Ave. Makati,0,0,0,0,0,0,0,0,0,0,2009-01-03 14:20,Property,14.5665734,121.0453551,Rear-End
None,EDSA,None,None,"Unknown, Side Swipe, 0.0 drivers_injured, 0.0 drivers_killed, 0.0 passengers_injured, 0.0 passengers_killed, 0.0 pedestrian_injured, 0.0 pedestrian_killed, Fair (Day), EDSA (SB) Ayala Loading Bay Makati",MMDA Road Safety Unit,,fc8683a0-82a1-44d3-89ef-7ef0020d622c,2009-01-01,03:30:00,EDSA (SB) Along Magallanes Makati,0,0,0,0,0,0,0,0,0,0,2009-01-01 11:30,Property,14.54886,121.0276063,Side Swipe
None,EDSA,None,None,"Unknown, Rear-end, 0.0 drivers_injured, 0.0 drivers_killed, 0.0 passengers_injured, 0.0 passengers_killed, 0.0 pedestrian_injured, 0.0 pedestrian_killed, Dry, EDSA (SB) Approaching Magallanes Loading Bay Makati",MMDA Road Safety Unit,,b01bd223-57be-4610-b476-c66c3f794464,2008-12-24,13:00:00,EDSA (SB) Along Magallanes Makati,0,0,0,0,0,0,0,0,0,0,2008-12-24 21:00,Property,14.54300789,121.0204467,Rear-End
None,EDSA,None,None,"Unknown, Rear-end, 0.0 drivers_injured, 0.0 drivers_killed, 0.0 passengers_injured, 0.0 passengers_killed, 0.0 pedestrian_injured, 0.0 pedestrian_killed, Dry, EDSA (SB) Along Guadalupe bridge Makati",MMDA Road Safety Unit,,207fb382-69b4-4dc3-a093-2f667ece80d2,2008-12-19,03:45:00,EDSA (SB) Sen. Gil Puyat Ave (Buendia) Makati,0,0,0,0,0,0,0,0,0,0,2008-12-19 11:45,Property,14.56849491,121.0459654,Rear-End
None,EDSA,None,None,"Unknown, Hit object (No Object Stated), 0.0 drivers_injured, 0.0 drivers_killed, 0.0 passengers_injured, 0.0 passengers_killed, 0.0 pedestrian_injured, 0.0 pedestrian_killed, Dry, EDSA (SB) Along Mantrade MRT Station Makati",MMDA Road Safety Unit,,23d9fe34-3453-4f84-ae46-84c761f10260,2008-12-18,20:30:00,EDSA (SB) bet. Buendia & Ayala Ave. Makati,0,0,0,0,0,0,0,0,0,0,2008-12-19 4:30,Property,14.54186735,121.019208,Hit Object