LOCATION_TEXT,ROAD,WEATHER,LIGHT,DESC,REPORTING_AGENCY,MAIN_CAUSE,INCIDENTDETAILS_ID,DATE_UTC,TIME_UTC,ADDRESS,killed_driver,killed_passenger,killed_pedestrian,injured_driver,injured_passenger,injured_pedestrian,killed_uncategorized,injured_uncategorized,killed_total,injured_total,DATETIME_PST,SEVERITY,Y,X,COLLISION_TYPE
None,EDSA,None,None,"Unknown, Rear-end, 0.0 drivers_injured, 0.0 drivers_killed, 0.0 passengers_injured, 0.0 passengers_killed, 0.0 pedestrian_injured, 0.0 pedestrian_killed, Dry, EDSA (SB) Approaching Estrella St. Makati",MMDA Road Safety Unit,,e3f7b87f-edb0-4301-a1dd-3622f8ebe258,2008-12-18,08:00:00,EDSA (SB) Bernardino St./ Estrella St. Makati,0,0,0,0,0,0,0,0,0,0,2008-12-18 16:00,Property,14.5599755,121.0408006,Rear-End
None,EDSA,None,None,"Unknown, Side Swipe, 0.0 drivers_injured, 0.0 drivers_killed, 0.0 passengers_injured, 0.0 passengers_killed, 0.0 pedestrian_injured, 0.0 pedestrian_killed, Dry, EDSA (SB) Approaching Evangelista St. Makati",MMDA Road Safety Unit,,6d0332fe-b2d8-4f6d-b56e-c7f29579accf,2008-12-18,03:15:00,EDSA (SB) after Guada MRT STn. Makati,0,0,0,0,0,0,0,0,0,0,2008-12-18 11:15,Property,14.53906313,121.0122941,Side Swipe
None,EDSA,None,None,"Unknown, Side Swipe, 0.0 drivers_injured, 0.0 drivers_killed, 0.0 passengers_injured, 0.0 passengers_killed, 0.0 pedestrian_injured, 0.0 pedestrian_killed, Dry, EDSA (SB) Buendia Ave. Makati",MMDA Road Safety Unit,,c601cc65-e093-4eb5-b278-b21b0e7d5001,2008-12-16,10:15:00,EDSA (SB) Estrella St. Makati,0,0,0,0,0,0,0,0,0,0,2008-12-16 18:15,Property,14.55505269,121.034707,Side Swipe
None,EDSA,None,None,"Unknown, Side Swipe, 0.0 drivers_injured, 0.0 drivers_killed, 0.0 passengers_injured, 0.0 passengers_killed, 0.0 pedestrian_injured, 0.0 pedestrian_killed, Dry, EDSA (SB) Along Guadalupe Loading Bay Makati",MMDA Road Safety Unit,,f13ce1c6-c58d-4c78-a90d-8efc786093e6,2008-12-16,01:30:00,EDSA (SB) A. Arnaiz Ave. (Pasay Road ) Loading Bay MRT Stn. Makati,0,0,0,0,0,0,0,0,0,0,2008-12-16 9:30,Property,14.56458185,121.044662,Side Swipe
None,EDSA,None,None,"Unknown, Side Swipe, 0.0 drivers_injured, 0.0 drivers_killed, 0.0 passengers_injured, 0.0 passengers_killed, 0.0 pedestrian_injured, 0.0 pedestrian_killed, Dry, EDSA (SB) Ayala Ave. Makati",MMDA Road Safety Unit,,7a440fef-45f2-4177-8875-fbe1ad384058,2008-12-13,04:00:00,EDSA (SB) Matrade Loading bay Makati,0,0,0,0,0,0,0,0,0,0,2008-12-13 12:00,Property,14.55022912,121.0292348,Side Swipe
None,EDSA,None,None,"Unknown, Side Swipe, 0.0 drivers_injured, 0.0 drivers_killed, 0.0 passengers_injured, 0.0 passengers_killed, 0.0 pedestrian_injured, 0.0 pedestrian_killed, Dry, EDSA (SB) Along Guadalupe Loading Bay Makati",MMDA Road Safety Unit,,02d5ce8b-3c3b-4d12-b27c-012a4a726b9a,2008-12-12,11:10:00,EDSA (SB) Approaching Mantrade Loading Bay Makati,0,0,0,0,0,0,0,0,0,0,2008-12-12 19:10,Property,14.56458185,121.044662,Side Swipe
None,EDSA,None,None,"Unknown, Rear-end, 0.0 drivers_injured, 0.0 drivers_killed, 0.0 passengers_injured, 0.0 passengers_killed, 0.0 pedestrian_injured, 0.0 pedestrian_killed, Dry, EDSA (SB) Ayala Ave./ Kalayaan Ave. Makati",MMDA Road Safety Unit,,92ee7753-ca76-4bfa-9a36-f1307a68fa95,2008-12-12,05:50:00,EDSA (SB) Approaching Estrella St. Makati,0,0,0,0,0,0,0,0,0,0,2008-12-12 13:50,Property,14.55780853,121.0382912,Rear-End
None,EDSA,None,None,"Unknown, Side Swipe, 0.0 drivers_injured, 0.0 drivers_killed, 0.0 passengers_injured, 0.0 passengers_killed, 0.0 pedestrian_injured, 0.0 pedestrian_killed, Dry, EDSA (SB) Along Magallanes Makati",MMDA Road Safety Unit,,09286342-39be-4526-a0da-975106b28ef1,2008-12-04,08:05:00,EDSA (SB) bet. Estrella St. & Buendia Ave. Makati,0,0,0,0,0,0,0,0,0,0,2008-12-04 16:05,Property,14.53935873,121.014329,Side Swipe
None,EDSA,None,None,"Unknown, Rear-end, 0.0 drivers_injured, 0.0 drivers_killed, 0.0 passengers_injured, 0.0 passengers_killed, 0.0 pedestrian_injured, 0.0 pedestrian_killed, Dry, EDSA (SB) Along Magallanes Makati",MMDA Road Safety Unit,,feda741f-d364-47d1-8cc9-f4b47012b86f,2008-12-03,04:30:00,EDSA (SB) Approaching Gil Puyat Ave. Makati,0,0,0,0,0,0,0,0,0,0,2008-12-03 12:30,Property,14.53935873,121.014329,Rear-End
None,EDSA,None,None,"Unknown, Angle Impact, 0.0 drivers_injured, 0.0 drivers_killed, 0.0 passengers_injured, 0.0 passengers_killed, 0.0 pedestrian_injured, 0.0 pedestrian_killed, Dry, EDSA (SB) Sen. Gil Puyat Ave (Buendia) Makati",MMDA Road Safety Unit,,5b050844-a47d-4189-9103-ecd1e43f51fb,2008-11-29,15:45:00,EDSA (SB) bet. Estrella St. & Buendia Ave. Makati,0,0,0,0,0,0,0,0,0,0,2008-11-29 23:45,Property,14.55496432,121.0348612,Angle Impact
None,EDSA,None,None,"Unknown, Side Swipe, 0.0 drivers_injured, 0.0 drivers_killed, 0.0 passengers_injured, 0.0 passengers_killed, 0.0 pedestrian_injured, 0.0 pedestrian_killed, Dry, EDSA (SB) bet. Buendia & Ayala Ave. Makati",MMDA Road Safety Unit,,cf74ed0c-091b-4e0a-a6a1-361f499038c6,2008-11-28,10:00:00,EDSA (SB) Approaching Mantrade Makati,0,0,0,0,0,0,0,0,0,0,2008-11-28 18:00,Property,14.55396629,121.0334647,Side Swipe
None,EDSA,None,None,"Human Error, Rear-end, 0.0 drivers_injured, 0.0 drivers_killed, 0.0 passengers_injured, 0.0 passengers_killed, 0.0 pedestrian_injured, 0.0 pedestrian_killed, Dry, EDSA (SB) Bernardino St./ Estrella St. Makati",MMDA Road Safety Unit,,c1bbcf61-95be-4461-8757-c96ae859f60b,2008-11-27,07:20:00,EDSA (SB) Sport Island Approaching Buendia U Turn slot Makati,0,0,0,0,0,0,0,0,0,0,2008-11-27 15:20,Property,14.56561968,121.0451285,Rear-End
None,EDSA,None,None,"Unknown, Side Swipe, 0.0 drivers_injured, 0.0 drivers_killed, 0.0 passengers_injured, 0.0 passengers_killed, 0.0 pedestrian_injured, 0.0 pedestrian_killed, Dry, EDSA (SB) after Guada MRT STn. Makati",MMDA Road Safety Unit,,3545d08c-3d81-4d78-9c83-27beb790aa52,2008-11-21,22:00:00,EDSA (SB) Buendia MRT Stn. Makati,0,0,0,0,0,0,0,0,0,0,2008-11-22 6:00,Property,14.56669742,121.0454608,Side Swipe
None,EDSA,None,None,"Unknown, Side Swipe, 0.0 drivers_injured, 0.0 drivers_killed, 0.0 passengers_injured, 0.0 passengers_killed, 0.0 pedestrian_injured, 0.0 pedestrian_killed, Dry, EDSA (SB) Estrella St. Makati",MMDA Road Safety Unit,,cfd91f01-7381-4c10-997d-ea3b4e628c25,2008-11-21,09:30:00,EDSA (SB) Ayala Ave. Makati,0,0,0,0,0,0,0,0,0,0,2008-11-21 17:30,Property,14.56002889,121.040751,Side Swipe
None,EDSA,None,None,"Unknown, Side Swipe, 0.0 drivers_injured, 0.0 drivers_killed, 0.0 passengers_injured, 0.0 passengers_killed, 0.0 pedestrian_injured, 0.0 pedestrian_killed, Dry, EDSA (SB) A. Arnaiz Ave. (Pasay Road ) Loading Bay MRT Stn. Makati",MMDA Road Safety Unit,,b4b0c7c0-1557-4130-8fc1-8d44073ec0c1,2008-11-21,05:00:00,EDSA (SB) Estrella St. Makati,0,0,0,0,0,0,0,0,0,0,2008-11-21 13:00,Property,14.54906416,121.027844,Side Swipe
None,EDSA,None,None,"Unknown, Side Swipe, 0.0 drivers_injured, 0.0 drivers_killed, 0.0 passengers_injured, 0.0 passengers_killed, 0.0 pedestrian_injured, 0.0 pedestrian_killed, Dry, EDSA (SB) Matrade Loading bay Makati",MMDA Road Safety Unit,,f41c1fc0-2364-4a6a-9bd6-d8a08d6ba11a,2008-11-20,14:50:00,EDSA (SB) bet. A. Arnaiz Ave. (Pasay Road ) Chino Roces Ave. Magallanes MRT Stn.  Makati,0,0,0,0,0,0,0,0,0,0,2008-11-20 22:50,Property,14.54273689,121.0202722,Side Swipe
None,EDSA,None,None,"Unknown, Rear-end, 0.0 drivers_injured, 0.0 drivers_killed, 0.0 passengers_injured, 0.0 passengers_killed, 0.0 pedestrian_injured, 0.0 pedestrian_killed, Dry, EDSA (SB) Approaching Mantrade Loading Bay Makati",MMDA Road Safety Unit,,1f4a45e2-2031-4714-9dca-848725f3560c,2008-11-20,14:30:00,EDSA (SB) Buendia Loading Bay Makati,0,0,0,0,0,0,0,0,0,0,2008-11-20 22:30,Property,14.54303232,121.0205079,Rear-End
None,EDSA,None,None,"Human Error, Side Swipe, 0.0 drivers_injured, 0.0 drivers_killed, 0.0 passengers_injured, 0.0 passengers_killed, 0.0 pedestrian_injured, 0.0 pedestrian_killed, Dry, EDSA (SB) Approaching Estrella St. Makati",MMDA Road Safety Unit,,628beaa7-22a4-4da9-890c-111f30479440,2008-11-20,12:30:00,EDSA (SB) bet Guadalupe Cloverleaf Bernardino St. Guada MRT Makati,0,0,0,0,0,0,0,0,0,0,2008-11-20 20:30,Property,14.5599755,121.0408006,Side Swipe
None,EDSA,None,None,"Unknown, Rear-end, 0.0 drivers_injured, 0.0 drivers_killed, 0.0 passengers_injured, 0.0 passengers_killed, 0.0 pedestrian_injured, 0.0 pedestrian_killed, Dry, EDSA (SB) bet. Estrella St. & Buendia Ave. Makati",MMDA Road Safety Unit,,6ff15fc9-0d68-4546-ab2d-bb3e70d91690,2008-11-20,07:30:00,EDSA (SB) after Buendia Ave.  Makati,0,0,0,0,0,0,0,0,0,0,2008-11-20 15:30,Property,14.55757365,121.037655,Rear-End
None,EDSA,None,None,"Human Error, Hit and Run (No Collision Stated), 0.0 drivers_injured, 0.0 drivers_killed, 0.0 passengers_injured, 0.0 passengers_killed, 0.0 pedestrian_injured, 0.0 pedestrian_killed, Dry, EDSA (SB) Approaching Gil Puyat Ave. Makati",MMDA Road Safety Unit,,17d58f8e-6ac2-4f60-88a5-12010af1213a,2008-11-14,20:20:00,EDSA (SB) bet. A. Arnaiz Ave. (Pasay Road ) & Chino Roces (Pasong Tamo ) Makati,0,0,0,0,0,0,0,0,0,0,2008-11-15 4:20,Property,14.55592857,121.0358515,No Collision Stated
None,EDSA,None,None,"Human Error, Side Swipe, 0.0 drivers_injured, 0.0 drivers_killed, 0.0 passengers_injured, 0.0 passengers_killed, 0.0 pedestrian_injured, 0.0 pedestrian_killed, Dry, EDSA (SB) bet. Estrella St. & Buendia Ave. Makati",MMDA Road Safety Unit,,464d3a93-6754-4232-b449-a3e327ecc5f4,2008-11-14,02:30:00,EDSA (SB) Ayala Ave. Makati,0,0,0,0,0,0,0,0,0,0,2008-11-14 10:30,Property,14.55757365,121.037655,Side Swipe
None,EDSA,None,None,"Unknown, Rear-end, 0.0 drivers_injured, 0.0 drivers_killed, 0.0 passengers_injured, 0.0 passengers_killed, 0.0 pedestrian_injured, 0.0 pedestrian_killed, Dry, EDSA (SB) Approaching Mantrade Makati",MMDA Road Safety Unit,,faf3d70e-9cbf-4c72-aaf2-4a144afafd3a,2008-11-12,11:30:00,EDSA (SB) bet. Buendia Ave. & Ayala Ave. Makati,0,0,0,0,0,0,0,0,0,0,2008-11-12 19:30,Property,14.53941899,121.014514,Rear-End
None,EDSA,None,None,"Unknown, Rear-end, 0.0 drivers_injured, 0.0 drivers_killed, 0.0 passengers_injured, 0.0 passengers_killed, 0.0 pedestrian_injured, 0.0 pedestrian_killed, Dry, EDSA (SB) Sport Island Approaching Buendia U Turn slot Makati",MMDA Road Safety Unit,,e1ea062c-c321-4389-bc21-c28242ebe526,2008-11-12,00:30:00,EDSA (SB) before Estrella St. Makati,0,0,0,0,0,0,0,0,0,0,2008-11-12 8:30,Property,14.55535721,121.0353794,Rear-End
None,EDSA,None,None,"Unknown, Side Swipe, 0.0 drivers_injured, 0.0 drivers_killed, 0.0 passengers_injured, 0.0 passengers_killed, 0.0 pedestrian_injured, 0.0 pedestrian_killed, Dry, EDSA (SB) Buendia MRT Stn. Makati",MMDA Road Safety Unit,,21c9af5a-cf01-453b-b3ec-c7f8f7f5ca72,2008-11-08,09:45:00,EDSA (SB) approaching Buendia Ave. Makati,0,0,0,0,0,0,0,0,0,0,2008-11-08 17:45,Property,14.55421358,121.03387,Side Swipe
None,EDSA,None,None,"Unknown, Rear-end, 0.0 drivers_injured, 0.0 drivers_killed, 0.0 passengers_injured, 0.0 passengers_killed, 0.0 pedestrian_injured, 0.0 pedestrian_killed, Dry, EDSA (SB) Ayala Ave. Makati",MMDA Road Safety Unit,,1a6a2329-f344-47d0-ae12-bf82e78c41b8,2008-11-07,22:55:00,EDSA (SB) after Estrella St. Makati,0,0,0,0,0,0,0,0,0,0,2008-11-08 6:55,Property,14.55022912,121.0292348,Rear-End
None,EDSA,None,None,"Unknown, Side Swipe, 0.0 drivers_injured, 0.0 drivers_killed, 0.0 passengers_injured, 0.0 passengers_killed, 0.0 pedestrian_injured, 0.0 pedestrian_killed, Dry, EDSA (SB) Estrella St. Makati",MMDA Road Safety Unit,,57756472-3275-4353-8373-2f62e0781a30,2008-11-07,10:00:00,EDSA (SB) bet. Ayala Ave. / Arnaiz Ave. fronting Dusit Hotel Makati,0,0,0,0,0,0,0,0,0,0,2008-11-07 18:00,Property,14.56002889,121.040751,Side Swipe
None,EDSA,None,None,"Human Error, Rear-end, 0.0 drivers_injured, 0.0 drivers_killed, 0.0 passengers_injured, 0.0 passengers_killed, 0.0 pedestrian_injured, 0.0 pedestrian_killed, Dry, EDSA (SB) bet. A. Arnaiz Ave. (Pasay Road ) Chino Roces Ave. Magallanes MRT Stn.  Makati",MMDA Road Safety Unit,,d00b2800-9aaa-4a7c-aa80-19cb69722f47,2008-11-07,06:30:00,EDSA (SB) Opposite Orense St. Guada Makati,0,0,0,0,0,0,0,0,0,0,2008-11-07 14:30,Property,14.54677725,121.0251546,Rear-End
None,EDSA,None,None,"Unknown, Rear-end, 0.0 drivers_injured, 0.0 drivers_killed, 0.0 passengers_injured, 0.0 passengers_killed, 0.0 pedestrian_injured, 0.0 pedestrian_killed, Dry, EDSA (SB) Buendia Loading Bay Makati",MMDA Road Safety Unit,,16ecab5d-9ede-4904-8ffd-4689c8b6a2ed,2008-11-06,05:30:00,EDSA (SB) A. Arnaiz Ave. (Pasay Road ) Makati,0,0,0,0,0,0,0,0,0,0,2008-11-06 13:30,Property,14.55400112,121.0336264,Rear-End
None,EDSA,None,None,"Human Error, Rear-end, 0.0 drivers_injured, 0.0 drivers_killed, 0.0 passengers_injured, 0.0 passengers_killed, 0.0 pedestrian_injured, 0.0 pedestrian_killed, Dry, EDSA (SB) bet Guadalupe Cloverleaf Bernardino St. Guada MRT Makati",MMDA Road Safety Unit,,98e9b008-b3a0-4462-868a-2cfc33d8bb33,2008-11-06,02:10:00,EDSA (SB) Ayala Ave.  Makati,0,0,0,0,0,0,0,0,0,0,2008-11-06 10:10,Property,14.56717744,121.0458183,Rear-End
None,EDSA,None,None,"Unknown, Rear-end, 0.0 drivers_injured, 0.0 drivers_killed, 0.0 passengers_injured, 0.0 passengers_killed, 0.0 pedestrian_injured, 0.0 pedestrian_killed, Dry, EDSA (SB) after Buendia Ave.  Makati",MMDA Road Safety Unit,,5bfd212f-283b-4596-8a6c-861a1dd78c0d,2008-11-05,07:35:00,EDSA (SB) Approaching Ayala Ave. Makati,0,0,0,0,0,0,0,0,0,0,2008-11-05 15:35,Property,14.55495937,121.0347012,Rear-End
None,EDSA,None,None,"Unknown, Side Swipe, 0.0 drivers_injured, 0.0 drivers_killed, 0.0 passengers_injured, 0.0 passengers_killed, 0.0 pedestrian_injured, 0.0 pedestrian_killed, Dry, EDSA (SB) bet. A. Arnaiz Ave. (Pasay Road ) & Chino Roces (Pasong Tamo ) Makati",MMDA Road Safety Unit,,f4ef3b6b-5632-4470-a943-a3fbf99c2699,2008-11-04,17:30:00,EDSA (SB) Ayala Loading Bay Makati,0,0,0,0,0,0,0,0,0,0,2008-11-05 1:30,Property,14.54184181,121.0190406,Side Swipe
None,EDSA,None,None,"Unknown, Rear-end, 0.0 drivers_injured, 0.0 drivers_killed, 0.0 passengers_injured, 0.0 passengers_killed, 0.0 pedestrian_injured, 0.0 pedestrian_killed, Dry, EDSA (SB) Ayala Ave. Makati",MMDA Road Safety Unit,,d30b55a9-453e-401a-bd9d-2453b23e212b,2008-11-04,00:45:00,EDSA (SB) Ayala MRT Stn. Makati,0,0,0,0,0,0,0,0,0,0,2008-11-04 8:45,Property,14.55022912,121.0292348,Rear-End
None,EDSA,None,None,"Human Error, Rear-end, 0.0 drivers_injured, 0.0 drivers_killed, 0.0 passengers_injured, 0.0 passengers_killed, 0.0 pedestrian_injured, 0.0 pedestrian_killed, Dry, EDSA (SB) bet. Buendia Ave. & Ayala Ave. Makati",MMDA Road Safety Unit,,d97e74d9-0ab3-46c7-983b-ac6c70e7a810,2008-11-03,06:30:00,EDSA (SB) bet. Kalayaan / Orense / Estrella St. Makati,0,0,0,0,0,0,0,0,0,0,2008-11-03 14:30,Property,14.55428174,121.0338685,Rear-End
None,EDSA,None,None,"Unknown, Rear-end, 0.0 drivers_injured, 0.0 drivers_killed, 0.0 passengers_injured, 0.0 passengers_killed, 0.0 pedestrian_injured, 0.0 pedestrian_killed, Dry, EDSA (SB) before Estrella St. Makati",MMDA Road Safety Unit,,5a774521-4207-4ed8-b18d-f97975a1eaf9,2008-10-25,03:30:00,EDSA (SB) Sen. Gil Puyat ave. (Buendia ) Makati,0,0,0,0,0,0,0,0,0,0,2008-10-25 11:30,Property,14.55988482,121.0406786,Rear-End
None,EDSA,None,None,"Human Error, Rear-end, 0.0 drivers_injured, 0.0 drivers_killed, 0.0 passengers_injured, 0.0 passengers_killed, 0.0 pedestrian_injured, 0.0 pedestrian_killed, Dry, EDSA (SB) approaching Buendia Ave. Makati",MMDA Road Safety Unit,,2ae148d9-4c83-447f-b821-b7faec6dc127,2008-10-22,08:00:00,EDSA (SB) A. Arnaiz Ave. (Pasay Road ) Makati,0,0,0,0,0,0,0,0,0,0,2008-10-22 16:00,Property,14.55436328,121.0341668,Rear-End
None,EDSA,None,None,"Human Error, Rear-end, 0.0 drivers_injured, 0.0 drivers_killed, 0.0 passengers_injured, 0.0 passengers_killed, 0.0 pedestrian_injured, 0.0 pedestrian_killed, Dry, EDSA (SB) after Estrella St. Makati",MMDA Road Safety Unit,,6873bb5c-c552-473c-b4ec-8c61154ed7bc,2008-10-20,05:40:00,EDSA (SB) Ascending Portion Mantrade  Makati,0,0,0,0,0,0,0,0,0,0,2008-10-20 13:40,Property,14.55974241,121.0408455,Rear-End
None,EDSA,None,None,"Unknown, Rear-end, 0.0 drivers_injured, 0.0 drivers_killed, 0.0 passengers_injured, 0.0 passengers_killed, 0.0 pedestrian_injured, 0.0 pedestrian_killed, Dry, EDSA (SB) bet. Ayala Ave. / Arnaiz Ave. fronting Dusit Hotel Makati",MMDA Road Safety Unit,,97d99683-13d5-4d73-a0c4-fc0d4df1bb05,2008-10-20,03:00:00,EDSA (SB) Ayala Ave./ Arnaiz Ave. Makati,0,0,0,0,0,0,0,0,0,0,2008-10-20 11:00,Property,14.54814694,121.0266921,Rear-End
None,EDSA,None,None,"Unknown, Rear-end, 0.0 drivers_injured, 0.0 drivers_killed, 0.0 passengers_injured, 0.0 passengers_killed, 0.0 pedestrian_injured, 0.0 pedestrian_killed, Dry, EDSA (SB) Opposite Orense St. Guada Makati",MMDA Road Safety Unit,,b7ecc057-08fe-438f-af8b-08dcec57c2b7,2008-10-17,13:45:00,EDSA (SB) Buendia MRT Stn. Makati,0,0,0,0,0,0,0,0,0,0,2008-10-17 21:45,Property,14.56178559,121.0428099,Rear-End
None,EDSA,None,None,"Human Error, Angle Impact, 0.0 drivers_injured, 0.0 drivers_killed, 0.0 passengers_injured, 0.0 passengers_killed, 0.0 pedestrian_injured, 0.0 pedestrian_killed, Dry, EDSA (SB) A. Arnaiz Ave. (Pasay Road ) Makati",MMDA Road Safety Unit,,b0e7b95f-398c-4e63-a229-87baaf47ddc7,2008-10-15,14:00:00,EDSA (SB) Estrella St. Makati,0,0,0,0,0,0,0,0,0,0,2008-10-15 22:00,Property,14.54764429,121.0260467,Angle Impact
None,EDSA,None,None,"Human Error, Angle Impact, 0.0 drivers_injured, 0.0 drivers_killed, 0.0 passengers_injured, 0.0 passengers_killed, 0.0 pedestrian_injured, 0.0 pedestrian_killed, Dry, EDSA (SB) Ayala Ave.  Makati",MMDA Road Safety Unit,,35ab0f10-04a8-4821-9450-babceee37eff,2008-10-11,23:00:00,EDSA (SB) bet. Arnaiz Ave. & Pasong Tamo Ext. Magallanes MRT Stn Makati,0,0,0,0,0,0,0,0,0,0,2008-10-12 7:00,Property,14.55049061,121.0293883,Angle Impact
None,EDSA,None,None,"Unknown, Side Swipe, 0.0 drivers_injured, 0.0 drivers_killed, 0.0 passengers_injured, 0.0 passengers_killed, 0.0 pedestrian_injured, 0.0 pedestrian_killed, Dry, EDSA (SB) Approaching Ayala Ave. Makati",MMDA Road Safety Unit,,290d561b-6423-480d-abd6-9c7bb3f3bf49,2008-10-08,06:00:00,EDSA (SB) Approaching ayala Ave. Makati,0,0,0,0,0,0,0,0,0,0,2008-10-08 14:00,Property,14.55028537,121.0293488,Side Swipe
None,EDSA,None,None,"Human Error, Rear-end, 0.0 drivers_injured, 0.0 drivers_killed, 0.0 passengers_injured, 0.0 passengers_killed, 0.0 pedestrian_injured, 0.0 pedestrian_killed, Dry, EDSA (SB) Ayala Loading Bay Makati",MMDA Road Safety Unit,,e4b26478-4712-4aa1-89c2-7f4fb3d4b5ff,2008-10-07,13:50:00,EDSA (SB) Buendia Ave. Makati,0,0,0,0,0,0,0,0,0,0,2008-10-07 21:50,Property,14.55024058,121.0293174,Rear-End
None,EDSA,None,None,"Unknown, Rear-end, 0.0 drivers_injured, 0.0 drivers_killed, 0.0 passengers_injured, 0.0 passengers_killed, 0.0 pedestrian_injured, 0.0 pedestrian_killed, Dry, EDSA (SB) Ayala MRT Stn. Makati",MMDA Road Safety Unit,,4e73daae-47f5-42c8-a21a-c903a8782e9a,2008-10-06,13:00:00,EDSA (SB) Approaching Pasay Road Makati,0,0,0,0,0,0,0,0,0,0,2008-10-06 21:00,Property,14.54918586,121.0279716,Rear-End
None,EDSA,None,None,"Human Error, Rear-end, 0.0 drivers_injured, 0.0 drivers_killed, 0.0 passengers_injured, 0.0 passengers_killed, 0.0 pedestrian_injured, 0.0 pedestrian_killed, Dry, EDSA (SB) bet. Kalayaan / Orense / Estrella St. Makati",MMDA Road Safety Unit,,706d2870-c4bc-4272-862f-5e55381fc99f,2008-10-05,11:30:00,"EDSA (SB) Approaching Buendia ""U""turn slot Makati",0,0,0,0,0,0,0,0,0,0,2008-10-05 19:30,Property,14.56095711,121.0421344,Rear-End
None,EDSA,None,None,"Human Error, Rear-end, 0.0 drivers_injured, 0.0 drivers_killed, 0.0 passengers_injured, 0.0 passengers_killed, 0.0 pedestrian_injured, 0.0 pedestrian_killed, Dry, EDSA (SB) Sen. Gil Puyat ave. (Buendia ) Makati",MMDA Road Safety Unit,,67d22af1-f32d-4edd-88de-677378f0b9e8,2008-10-05,11:25:00,EDSA (SB) bet. Guada Cloverleaf & Bernardino St. Guada MRT Stn. Makati,0,0,0,0,0,0,0,0,0,0,2008-10-05 19:25,Property,14.55475513,121.034496,Rear-End
None,EDSA,None,None,"Unknown, Rear-end, 0.0 drivers_injured, 0.0 drivers_killed, 0.0 passengers_injured, 0.0 passengers_killed, 0.0 pedestrian_injured, 0.0 pedestrian_killed, Dry, EDSA (SB) A. Arnaiz Ave. (Pasay Road ) Makati",MMDA Road Safety Unit,,e1a1f65f-f95f-4880-b0fc-40f481e10d4b,2008-10-03,06:00:00,EDSA (SB) bet. Guada Cloverleaf & Bernardino St. Guada MRT Stn. Makati,0,0,0,0,0,0,0,0,0,0,2008-10-03 14:00,Property,14.54765031,121.0260523,Rear-End
None,EDSA,None,None,"Unknown, Rear-end, 0.0 drivers_injured, 0.0 drivers_killed, 0.0 passengers_injured, 0.0 passengers_killed, 0.0 pedestrian_injured, 0.0 pedestrian_killed, Dry, EDSA (SB) Ascending Portion Mantrade  Makati",MMDA Road Safety Unit,,f477b2dc-48ca-4158-9d34-2544b7b29947,2008-09-30,22:20:00,EDSA (SB) bet. Arnaiz Ave. & pasong Tamo Ext. / Magallanes Bridge Makati,0,0,0,0,0,0,0,0,0,0,2008-10-01 6:20,Property,14.53969617,121.0151503,Rear-End
None,EDSA,None,None,"Human Error, Rear-end, 0.0 drivers_injured, 0.0 drivers_killed, 0.0 passengers_injured, 0.0 passengers_killed, 0.0 pedestrian_injured, 0.0 pedestrian_killed, Dry, EDSA (SB) Ayala Ave./ Arnaiz Ave. Makati",MMDA Road Safety Unit,,371cd0c5-8a4f-4098-a706-a73285b081eb,2008-09-30,10:45:00,EDSA (SB) bet. Guada Cloverleaf & bernardino St. Makati,0,0,0,0,0,0,0,0,0,0,2008-09-30 18:45,Property,14.55024058,121.0293174,Rear-End
None,EDSA,None,None,"Human Error, Rear-end, 0.0 drivers_injured, 0.0 drivers_killed, 0.0 passengers_injured, 0.0 passengers_killed, 0.0 pedestrian_injured, 0.0 pedestrian_killed, Rain, EDSA (SB) Buendia MRT Stn. Makati",MMDA Road Safety Unit,,99a2883f-0a59-4d2c-9823-c255522ae384,2008-09-29,04:50:00,EDSA (SB) bet. Bernardino St. & estrella st. Makati,0,0,0,0,0,0,0,0,0,0,2008-09-29 12:50,Property,14.55421358,121.03387,Rear-End
None,EDSA,None,None,"Unknown, Side Swipe, 0.0 drivers_injured, 0.0 drivers_killed, 0.0 passengers_injured, 0.0 passengers_killed, 0.0 pedestrian_injured, 0.0 pedestrian_killed, Dry, EDSA (SB) Estrella St. Makati",MMDA Road Safety Unit,,8422fc4e-650a-4b7a-a420-b8a54d572a90,2008-09-27,23:30:00,EDSA (SB) Approaching Magallanes  Makati,0,0,0,0,0,0,0,0,0,0,2008-09-28 7:30,Property,14.56002889,121.040751,Side Swipe
None,EDSA,None,None,"Human Error, Side Swipe, 0.0 drivers_injured, 0.0 drivers_killed, 0.0 passengers_injured, 0.0 passengers_killed, 0.0 pedestrian_injured, 0.0 pedestrian_killed, Dry, EDSA (SB) bet. Arnaiz Ave. & Pasong Tamo Ext. Magallanes MRT Stn Makati",MMDA Road Safety Unit,,5d54c72a-ede8-430a-af0e-06538d61df9e,2008-09-27,04:20:00,EDSA (SB) Estrella St. Makati,0,0,0,0,0,0,0,0,0,0,2008-09-27 12:20,Property,14.54184181,121.0190406,Side Swipe
None,EDSA,None,None,"Unknown, Side Swipe, 0.0 drivers_injured, 0.0 drivers_killed, 0.0 passengers_injured, 0.0 passengers_killed, 0.0 pedestrian_injured, 0.0 pedestrian_killed, Dry, EDSA (SB) Approaching ayala Ave. Makati",MMDA Road Safety Unit,,6f014e27-7b8b-4f89-ad79-8ca5f70fbb53,2008-09-26,11:30:00,EDSA (SB) magallanes Loading Bay  Makati,0,0,0,0,0,0,0,0,0,0,2008-09-26 19:30,Property,14.55028537,121.0293488,Side Swipe
None,EDSA,None,None,"Unknown, Rear-end, 0.0 drivers_injured, 0.0 drivers_killed, 0.0 passengers_injured, 0.0 passengers_killed, 0.0 pedestrian_injured, 0.0 pedestrian_killed, Dry, EDSA (SB) Buendia Ave. Makati",MMDA Road Safety Unit,,18784a40-be25-4bef-89b7-544d80f7f799,2008-09-26,03:00:00,EDSA (SB) Ayala Ave. Makati,0,0,0,0,0,0,0,0,0,0,2008-09-26 11:00,Property,14.55505269,121.034707,Rear-End
None,EDSA,None,None,"Human Error, Rear-end, 0.0 drivers_injured, 0.0 drivers_killed, 0.0 passengers_injured, 0.0 passengers_killed, 0.0 pedestrian_injured, 0.0 pedestrian_killed, Dry, EDSA (SB) Approaching Pasay Road Makati",MMDA Road Safety Unit,,147551f4-6945-4338-9c7f-97e076b5e5be,2008-09-24,23:40:00,EDSA (SB) Approaching Guada MRT Stn. Makati,0,0,0,0,0,0,0,0,0,0,2008-09-25 7:40,Property,14.54764429,121.0260467,Rear-End