LOCATION_TEXT,ROAD,WEATHER,LIGHT,DESC,REPORTING_AGENCY,MAIN_CAUSE,INCIDENTDETAILS_ID,DATE_UTC,TIME_UTC,ADDRESS,killed_driver,killed_passenger,killed_pedestrian,injured_driver,injured_passenger,injured_pedestrian,killed_uncategorized,injured_uncategorized,killed_total,injured_total,DATETIME_PST,SEVERITY,Y,X,COLLISION_TYPE
None,EDSA,None,None,"Unknown, Side Swipe, 0.0 drivers_injured, 0.0 drivers_killed, 0.0 passengers_injured, 0.0 passengers_killed, 0.0 pedestrian_injured, 0.0 pedestrian_killed, Dry, EDSA (SB) Approaching Buendia ""U""turn slot Makati",MMDA Road Safety Unit,,b43023f5-519f-44c1-a9f3-fce12b401317,2008-09-24,13:00:00,EDSA (SB) bet. Bernardino St. & Estrella St. Makati,0,0,0,0,0,0,0,0,0,0,2008-09-24 21:00,Property,14.55537485,121.0354873,Side Swipe
None,EDSA,None,None,"Human Error, Rear-end, 0.0 drivers_injured, 0.0 drivers_killed, 0.0 passengers_injured, 0.0 passengers_killed, 0.0 pedestrian_injured, 0.0 pedestrian_killed, Dry, EDSA (SB) bet. Guada Cloverleaf & Bernardino St. Guada MRT Stn. Makati",MMDA Road Safety Unit,,f1708c69-8174-42ff-a620-8ca28b766452,2008-09-24,03:00:00,EDSA (SB) A. Arnaiz Ave. Makati,0,0,0,0,0,0,0,0,0,0,2008-09-24 11:00,Property,14.56657272,121.0453344,Rear-End
None,EDSA,None,None,"Human Error, Rear-end, 0.0 drivers_injured, 0.0 drivers_killed, 0.0 passengers_injured, 0.0 passengers_killed, 0.0 pedestrian_injured, 0.0 pedestrian_killed, Dry, EDSA (SB) bet. Guada Cloverleaf & Bernardino St. Guada MRT Stn. Makati",MMDA Road Safety Unit,,ca7a488b-f032-43c2-8eff-b79de6c37c36,2008-09-23,10:30:00,EDSA (SB) Bernardino St. Makati,0,0,0,0,0,0,0,0,0,0,2008-09-23 18:30,Property,14.56657272,121.0453344,Rear-End
None,EDSA,None,None,"Human Error, Rear-end, 0.0 drivers_injured, 0.0 drivers_killed, 0.0 passengers_injured, 0.0 passengers_killed, 0.0 pedestrian_injured, 0.0 pedestrian_killed, Dry, EDSA (SB) bet. Arnaiz Ave. & pasong Tamo Ext. / Magallanes Bridge Makati",MMDA Road Safety Unit,,d50c83ac-1b16-4289-ac9b-e9e905fc3a09,2008-09-22,09:20:00,EDSA (SB) after Gauada Bridge Makati,0,0,0,0,0,0,0,0,0,0,2008-09-22 17:20,Property,14.54677725,121.0251546,Rear-End
None,EDSA,None,None,"Unknown, Side Swipe, 0.0 drivers_injured, 0.0 drivers_killed, 0.0 passengers_injured, 0.0 passengers_killed, 0.0 pedestrian_injured, 0.0 pedestrian_killed, Dry, EDSA (SB) bet. Guada Cloverleaf & bernardino St. Makati",MMDA Road Safety Unit,,9d9c5049-be0b-49d5-969f-5461aa8ac2c6,2008-09-22,03:05:00,EDSA (SB) Approaching Guada MRT Stn. Makati,0,0,0,0,0,0,0,0,0,0,2008-09-22 11:05,Property,14.5665532,121.04537,Side Swipe
None,EDSA,None,None,"Human Error, Side Swipe, 0.0 drivers_injured, 0.0 drivers_killed, 0.0 passengers_injured, 0.0 passengers_killed, 0.0 pedestrian_injured, 0.0 pedestrian_killed, Dry, EDSA (SB) bet. Bernardino St. & estrella st. Makati",MMDA Road Safety Unit,,d77b47f9-c938-4541-bdd7-ae6d81e640bd,2008-09-20,04:30:00,"EDSA (SB) Approaching Buendia ""U""turn slot Makati",0,0,0,0,0,0,0,0,0,0,2008-09-20 12:30,Property,14.56338936,121.0440232,Side Swipe
None,EDSA,None,None,"Human Error, Side Swipe, 0.0 drivers_injured, 0.0 drivers_killed, 0.0 passengers_injured, 0.0 passengers_killed, 0.0 pedestrian_injured, 0.0 pedestrian_killed, Dry, EDSA (SB) Approaching Magallanes  Makati",MMDA Road Safety Unit,,c421b302-0d76-45a0-970c-4448f608e8f4,2008-09-20,00:00:00,EDSA (SB) bet. Buendia Ave. & Pasong Tamo Ext. Makati,0,0,0,0,0,0,0,0,0,0,2008-09-20 8:00,Property,14.53941899,121.014514,Side Swipe
None,EDSA,None,None,"Human Error, Rear-end, 0.0 drivers_injured, 0.0 drivers_killed, 0.0 passengers_injured, 0.0 passengers_killed, 0.0 pedestrian_injured, 0.0 pedestrian_killed, Dry, EDSA (SB) Estrella St. Makati",MMDA Road Safety Unit,,3086e3e9-f3a3-4ed5-b081-0b4eaf1d5827,2008-09-19,17:00:00,EDSA (SB) A. Arnaiz Ave. Makati,0,0,0,0,0,0,0,0,0,0,2008-09-20 1:00,Property,14.55978992,121.0405331,Rear-End
None,EDSA,None,None,"Unknown, Rear-end, 0.0 drivers_injured, 0.0 drivers_killed, 0.0 passengers_injured, 0.0 passengers_killed, 0.0 pedestrian_injured, 0.0 pedestrian_killed, Dry, EDSA (SB) magallanes Loading Bay  Makati",MMDA Road Safety Unit,,96523846-f7c4-4eda-9ccc-925bc405786c,2008-09-18,21:45:00,EDSA (SB) Buendia Ave. Makati,0,0,0,0,0,0,0,0,0,0,2008-09-19 5:45,Property,14.54282655,121.0202714,Rear-End
None,EDSA,None,None,"Unknown, Side Swipe, 0.0 drivers_injured, 0.0 drivers_killed, 0.0 passengers_injured, 0.0 passengers_killed, 0.0 pedestrian_injured, 0.0 pedestrian_killed, Dry, EDSA (SB) Ayala Ave. Makati",MMDA Road Safety Unit,,f00bd6af-8644-43ab-8313-fae7bf5f9576,2008-09-18,08:30:00,EDSA (SB) Approaching Ayala Ave. Makati,0,0,0,0,0,0,0,0,0,0,2008-09-18 16:30,Property,14.55022912,121.0292348,Side Swipe
None,EDSA,None,None,"Human Error, Rear-end, 0.0 drivers_injured, 0.0 drivers_killed, 0.0 passengers_injured, 0.0 passengers_killed, 0.0 pedestrian_injured, 0.0 pedestrian_killed, Dry, EDSA (SB) Approaching Guada MRT Stn. Makati",MMDA Road Safety Unit,,b8978eb7-b7de-4af8-bd8a-f43203668375,2008-09-15,10:00:00,EDSA (SB) Ayala Ave. Makati,0,0,0,0,0,0,0,0,0,0,2008-09-15 18:00,Property,14.56692822,121.0454214,Rear-End
None,EDSA,None,None,"Human Error, Rear-end, 0.0 drivers_injured, 0.0 drivers_killed, 0.0 passengers_injured, 0.0 passengers_killed, 0.0 pedestrian_injured, 0.0 pedestrian_killed, Dry, EDSA (SB) bet. Bernardino St. & Estrella St. Makati",MMDA Road Safety Unit,,fa81fa8b-023e-4c27-864d-94f139b15894,2008-09-15,04:45:00,EDSA (SB) bet. Shaw Blvd. / Libertad st. Makati,0,0,0,0,0,0,0,0,0,0,2008-09-15 12:45,Property,14.56599367,121.0451746,Rear-End
None,EDSA,None,None,"Unknown, Rear-end, 0.0 drivers_injured, 0.0 drivers_killed, 0.0 passengers_injured, 0.0 passengers_killed, 0.0 pedestrian_injured, 0.0 pedestrian_killed, Dry, EDSA (SB) A. Arnaiz Ave. Makati",MMDA Road Safety Unit,,31a10673-72fa-4b69-82e6-3d6cf3b63cac,2008-09-13,08:30:00,"EDSA (SB) at ""U""turn slot / Buendia Makati",0,0,0,0,0,0,0,0,0,0,2008-09-13 16:30,Property,14.54765031,121.0260523,Rear-End
None,EDSA,None,None,"Unknown, Rear-end, 0.0 drivers_injured, 0.0 drivers_killed, 0.0 passengers_injured, 0.0 passengers_killed, 0.0 pedestrian_injured, 0.0 pedestrian_killed, Dry, EDSA (SB) Bernardino St. Makati",MMDA Road Safety Unit,,7cad742a-d06c-4eea-879c-c47df43db630,2008-09-13,01:45:00,EDSA (SB) Estrella St. Makati,0,0,0,0,0,0,0,0,0,0,2008-09-13 9:45,Property,14.5656985,121.0450952,Rear-End
None,EDSA,None,None,"Human Error, Side Swipe, 0.0 drivers_injured, 0.0 drivers_killed, 0.0 passengers_injured, 0.0 passengers_killed, 0.0 pedestrian_injured, 0.0 pedestrian_killed, Dry, EDSA (SB) after Gauada Bridge Makati",MMDA Road Safety Unit,,755d0dc1-5be9-42ef-829d-23ec317508ba,2008-09-12,05:00:00,EDSA (SB) Ayala Ave. Makati,0,0,0,0,0,0,0,0,0,0,2008-09-12 13:00,Property,14.56835039,121.0458391,Side Swipe
None,EDSA,None,None,"Human Error, Rear-end, 0.0 drivers_injured, 0.0 drivers_killed, 0.0 passengers_injured, 0.0 passengers_killed, 0.0 pedestrian_injured, 0.0 pedestrian_killed, Dry, EDSA (SB) Approaching Guada MRT Stn. Makati",MMDA Road Safety Unit,,6e4f0c63-0edc-4bfe-908f-47ed9b28478f,2008-09-11,23:15:00,EDSA (SB) bet. Ayala Ave. & Arnaiz Ave. Makati,0,0,0,0,0,0,0,0,0,0,2008-09-12 7:15,Property,14.56692822,121.0454214,Rear-End
None,EDSA,None,None,"Unknown, Rear-end, 0.0 drivers_injured, 0.0 drivers_killed, 0.0 passengers_injured, 0.0 passengers_killed, 0.0 pedestrian_injured, 0.0 pedestrian_killed, Dry, EDSA (SB) Approaching Buendia ""U""turn slot Makati",MMDA Road Safety Unit,,be6addd9-de38-4df9-9412-3f9523edd07c,2008-09-11,12:30:00,EDSA (SB) bet. Harvard St.& Orense St. Makati,0,0,0,0,0,0,0,0,0,0,2008-09-11 20:30,Property,14.55537485,121.0354873,Rear-End
None,EDSA,None,None,"Human Error, Rear-end, 0.0 drivers_injured, 0.0 drivers_killed, 0.0 passengers_injured, 0.0 passengers_killed, 0.0 pedestrian_injured, 0.0 pedestrian_killed, Dry, EDSA (SB) bet. Buendia Ave. & Pasong Tamo Ext. Makati",MMDA Road Safety Unit,,903c429b-d81b-46e4-809a-d2805dbb1088,2008-09-11,06:30:00,EDSA (SB) bet. Arnaiz Ave. & Pasong Tamo Ext. Makati,0,0,0,0,0,0,0,0,0,0,2008-09-11 14:30,Property,14.55428174,121.0338685,Rear-End
None,EDSA,None,None,"Unknown, Side Swipe, 0.0 drivers_injured, 0.0 drivers_killed, 0.0 passengers_injured, 0.0 passengers_killed, 0.0 pedestrian_injured, 0.0 pedestrian_killed, Dry, EDSA (SB) A. Arnaiz Ave. Makati",MMDA Road Safety Unit,,cf6565f6-587d-4237-be85-f11f042ce2cc,2008-09-10,12:05:00,EDSA (SB) Mantrade  Makati,0,0,0,0,0,0,0,0,0,0,2008-09-10 20:05,Property,14.54765031,121.0260523,Side Swipe
None,EDSA,None,None,"Unknown, Rear-end, 0.0 drivers_injured, 0.0 drivers_killed, 0.0 passengers_injured, 0.0 passengers_killed, 0.0 pedestrian_injured, 0.0 pedestrian_killed, Dry, EDSA (SB) Buendia Ave. Makati",MMDA Road Safety Unit,,37924554-5eb5-46cc-b850-45a5e1688644,2008-09-10,07:45:00,EDSA (SB) approaching Sen. Gil J. Puyat Ave. (Buendia Ext.) Makati,0,0,0,0,0,0,0,0,0,0,2008-09-10 15:45,Property,14.55505269,121.034707,Rear-End
None,EDSA,None,None,"Human Error, Rear-end, 0.0 drivers_injured, 0.0 drivers_killed, 0.0 passengers_injured, 0.0 passengers_killed, 0.0 pedestrian_injured, 0.0 pedestrian_killed, Dry, EDSA (SB) Approaching Ayala Ave. Makati",MMDA Road Safety Unit,,f894214a-7f50-4786-9eb4-b3d1ece805f7,2008-09-10,00:30:00,"EDSA (SB) after Estrella St., in-between Estrella St. and Sen. Gil J. Puyat Ave. (Buendia Ext.) Makati",0,0,0,0,0,0,0,0,0,0,2008-09-10 8:30,Property,14.54982124,121.0289808,Rear-End
None,EDSA,None,None,"Unknown, Side Swipe, 0.0 drivers_injured, 0.0 drivers_killed, 0.0 passengers_injured, 0.0 passengers_killed, 0.0 pedestrian_injured, 0.0 pedestrian_killed, Dry, EDSA (SB) Ayala Ave. Makati",MMDA Road Safety Unit,,17bdc32a-a173-4b7e-9667-25dc016ce215,2008-09-08,09:20:00,"EDSA (SB) fronting Loyola Chapel, in-between Bernardino St. and Estrella St. Makati",0,0,0,0,0,0,0,0,0,0,2008-09-08 17:20,Property,14.55022912,121.0292348,Side Swipe
None,EDSA,None,None,"Human Error, Side Swipe, 0.0 drivers_injured, 0.0 drivers_killed, 0.0 passengers_injured, 0.0 passengers_killed, 0.0 pedestrian_injured, 0.0 pedestrian_killed, Dry, EDSA (SB) bet. Shaw Blvd. / Libertad st. Makati",MMDA Road Safety Unit,,b39b397e-51a1-4b97-88ef-657403b55c6b,2008-09-08,05:15:00,EDSA (SB) before MRT-Magallanes Station Makati,0,0,0,0,0,0,0,0,0,0,2008-09-08 13:15,Property,14.58150489,121.0536028,Side Swipe
None,EDSA,None,None,"Human Error, Side Swipe, 0.0 drivers_injured, 0.0 drivers_killed, 0.0 passengers_injured, 0.0 passengers_killed, 0.0 pedestrian_injured, 0.0 pedestrian_killed, Dry, EDSA (SB) at ""U""turn slot / Buendia Makati",MMDA Road Safety Unit,,464c11c5-77d2-4ea7-ad07-5c1c97e877a2,2008-09-06,04:00:00,EDSA (SB) Sen. Gil J. Puyat Ave. (Buendia Ext.) Makati,0,0,0,0,0,0,0,0,0,0,2008-09-06 12:00,Property,14.555324,121.0354826,Side Swipe
None,EDSA,None,None,"Human Error, Side Swipe, 0.0 drivers_injured, 0.0 drivers_killed, 0.0 passengers_injured, 0.0 passengers_killed, 0.0 pedestrian_injured, 0.0 pedestrian_killed, Dry, EDSA (SB) Estrella St. Makati",MMDA Road Safety Unit,,3a06b3b3-43cf-416d-a2cd-422ffdecb184,2008-09-05,18:00:00,EDSA (SB) Estrella St. Makati,0,0,0,0,0,0,0,0,0,0,2008-09-06 2:00,Property,14.56002889,121.040751,Side Swipe
None,EDSA,None,None,"Unknown, Side Swipe, 0.0 drivers_injured, 0.0 drivers_killed, 0.0 passengers_injured, 0.0 passengers_killed, 0.0 pedestrian_injured, 0.0 pedestrian_killed, Dry, EDSA (SB) Ayala Ave. Makati",MMDA Road Safety Unit,,14f222b0-9fde-44d0-a56f-4b7dbe21cf3f,2008-09-05,04:40:00,EDSA (SB) past Estrella St. Makati,0,0,0,0,0,0,0,0,0,0,2008-09-05 12:40,Property,14.55022912,121.0292348,Side Swipe
None,EDSA,None,None,"Human Error, Rear-end, 0.0 drivers_injured, 0.0 drivers_killed, 0.0 passengers_injured, 0.0 passengers_killed, 0.0 pedestrian_injured, 0.0 pedestrian_killed, Dry, EDSA (SB) bet. Ayala Ave. & Arnaiz Ave. Makati",MMDA Road Safety Unit,,0784f162-5728-476a-b03a-026519f3d02f,2008-09-01,01:45:00,EDSA (SB) MRT-Guadalupe Station Makati,0,0,0,0,0,0,0,0,0,0,2008-09-01 9:45,Property,14.5492376,121.0279429,Rear-End
None,EDSA,None,None,"Human Error, Rear-end, 0.0 drivers_injured, 0.0 drivers_killed, 0.0 passengers_injured, 0.0 passengers_killed, 0.0 pedestrian_injured, 0.0 pedestrian_killed, Dry, EDSA (SB) bet. Harvard St.& Orense St. Makati",MMDA Road Safety Unit,,1db828b9-47ca-41ba-ab5e-b4886bfb79c7,2008-08-29,05:30:00,"EDSA (SB) fronting Loyola Chapel, in-between Bernardino St. and Estrella St., Guadalupe Makati",0,0,0,0,0,0,0,0,0,0,2008-08-29 13:30,Property,14.56085004,121.0418727,Rear-End
None,EDSA,None,None,"Human Error, Side Swipe, 0.0 drivers_injured, 0.0 drivers_killed, 0.0 passengers_injured, 0.0 passengers_killed, 0.0 pedestrian_injured, 0.0 pedestrian_killed, Dry, EDSA (SB) bet. Arnaiz Ave. & Pasong Tamo Ext. Makati",MMDA Road Safety Unit,,1161c35e-16ff-45b4-8bbb-d92e6c44e97c,2008-08-28,02:30:00,EDSA (SB) Estrella St. Makati,0,0,0,0,0,0,0,0,0,0,2008-08-28 10:30,Property,14.54184181,121.0190406,Side Swipe
None,EDSA,None,None,"Human Error, Rear-end, 0.0 drivers_injured, 0.0 drivers_killed, 0.0 passengers_injured, 0.0 passengers_killed, 0.0 pedestrian_injured, 0.0 pedestrian_killed, Dry, EDSA (SB) Mantrade  Makati",MMDA Road Safety Unit,,c316940a-a09d-4472-a301-13788b1abe64,2008-08-23,04:00:00,EDSA (SB) past Sen. Gil J. Puyat Ave. (Buendia Ext.) Makati,0,0,0,0,0,0,0,0,0,0,2008-08-23 12:00,Property,14.54139794,121.018159,Rear-End
None,EDSA,None,None,"Human Error, Rear-end, 0.0 drivers_injured, 0.0 drivers_killed, 0.0 passengers_injured, 0.0 passengers_killed, 0.0 pedestrian_injured, 0.0 pedestrian_killed, Dry, EDSA (SB) approaching Sen. Gil J. Puyat Ave. (Buendia Ext.) Makati",MMDA Road Safety Unit,,fee67727-9f21-434d-b98e-14b53d1bdd9b,2008-08-22,07:30:00,"EDSA (SB) in-between Antonio S. Arnaiz Ave. and Chino Roces Ave. Ext., MRT-Magallanes Station Makati",0,0,0,0,0,0,0,0,0,0,2008-08-22 15:30,Property,14.55455179,121.0342681,Rear-End
None,EDSA,None,None,"Human Error, Rear-end, 0.0 drivers_injured, 0.0 drivers_killed, 0.0 passengers_injured, 0.0 passengers_killed, 0.0 pedestrian_injured, 0.0 pedestrian_killed, Dry, EDSA (SB) after Estrella St., in-between Estrella St. and Sen. Gil J. Puyat Ave. (Buendia Ext.) Makati",MMDA Road Safety Unit,,6246f634-6c17-4f81-89ab-09347279b7eb,2008-08-20,02:45:00,EDSA (SB) bet. Buendia Ave. / Ayala Ave. Approaching Ayala Ave. Makati,0,0,0,0,0,0,0,0,0,0,2008-08-20 10:45,Property,14.55974241,121.0408455,Rear-End
None,EDSA,None,None,"Unknown, Side Swipe, 0.0 drivers_injured, 0.0 drivers_killed, 0.0 passengers_injured, 0.0 passengers_killed, 0.0 pedestrian_injured, 0.0 pedestrian_killed, Dry, EDSA (SB) fronting Loyola Chapel, in-between Bernardino St. and Estrella St. Makati",MMDA Road Safety Unit,,736ea342-c366-49af-b0e3-1b08ed1b3c44,2008-08-19,01:15:00,EDSA (SB) Estrella St. Makati,0,0,0,0,0,0,0,0,0,0,2008-08-19 9:15,Property,14.56526983,121.0448719,Side Swipe
None,EDSA,None,None,"Human Error, Rear-end, 0.0 drivers_injured, 0.0 drivers_killed, 0.0 passengers_injured, 0.0 passengers_killed, 0.0 pedestrian_injured, 0.0 pedestrian_killed, Dry, EDSA (SB) before MRT-Magallanes Station Makati",MMDA Road Safety Unit,,0b254e90-1691-46eb-869f-c00a93558795,2008-08-16,06:50:00,EDSA (SB) Sen Gil Puyat Ave (Buendia) Makati,0,0,0,0,0,0,0,0,0,0,2008-08-16 14:50,Property,14.5416107,121.0187817,Rear-End
None,EDSA,None,None,"Human Error, Rear-end, 0.0 drivers_injured, 0.0 drivers_killed, 0.0 passengers_injured, 0.0 passengers_killed, 0.0 pedestrian_injured, 0.0 pedestrian_killed, Dry, EDSA (SB) Sen. Gil J. Puyat Ave. (Buendia Ext.) Makati",MMDA Road Safety Unit,,5fd25608-4bb9-4e8a-be9a-774565447f91,2008-08-11,02:00:00,EDSA (SB) bet. Estrella St. & Buendia Ave. Makati,0,0,0,0,0,0,0,0,0,0,2008-08-11 10:00,Property,14.55475513,121.034496,Rear-End
None,EDSA,None,None,"Unknown, Side Swipe, 0.0 drivers_injured, 0.0 drivers_killed, 0.0 passengers_injured, 0.0 passengers_killed, 0.0 pedestrian_injured, 0.0 pedestrian_killed, Dry, EDSA (SB) Estrella St. Makati",MMDA Road Safety Unit,,816486df-9a8d-4733-91e6-d0af5261c449,2008-08-08,03:00:00,EDSA (SB) Ayala Intersection Makati,0,0,0,0,0,0,0,0,0,0,2008-08-08 11:00,Property,14.56002889,121.040751,Side Swipe
None,EDSA,None,None,"Human Error, Rear-end, 0.0 drivers_injured, 0.0 drivers_killed, 0.0 passengers_injured, 0.0 passengers_killed, 0.0 pedestrian_injured, 0.0 pedestrian_killed, Dry, EDSA (SB) past Estrella St. Makati",MMDA Road Safety Unit,,e2276e05-bbe7-4cbf-98bd-ea312b0f554a,2008-08-08,01:45:00,EDSA (SB) Ayala Ave. Makati,0,0,0,0,0,0,0,0,0,0,2008-08-08 9:45,Property,14.55978992,121.0405331,Rear-End
None,EDSA,None,None,"Human Error, Rear-end, 0.0 drivers_injured, 0.0 drivers_killed, 0.0 passengers_injured, 0.0 passengers_killed, 0.0 pedestrian_injured, 0.0 pedestrian_killed, Dry, EDSA (SB) MRT-Guadalupe Station Makati",MMDA Road Safety Unit,,aa487a7c-e310-4198-adef-a63256ecf3cf,2008-08-07,03:50:00,EDSA (SB) Ayala Ave. Makati,0,0,0,0,0,0,0,0,0,0,2008-08-07 11:50,Property,14.56671016,121.0453463,Rear-End
None,EDSA,None,None,"Human Error, Side Swipe, 0.0 drivers_injured, 0.0 drivers_killed, 0.0 passengers_injured, 0.0 passengers_killed, 0.0 pedestrian_injured, 0.0 pedestrian_killed, Dry, EDSA (SB) fronting Loyola Chapel, in-between Bernardino St. and Estrella St., Guadalupe Makati",MMDA Road Safety Unit,,1bf500f4-77db-45f3-af44-605fa02a8852,2008-08-01,07:25:00,EDSA (SB) bet. ArnaizAve. & Pasong Tamo Ext. Magallanes MRT Stn. Makati,0,0,0,0,0,0,0,0,0,0,2008-08-01 15:25,Property,14.56526983,121.0448719,Side Swipe
None,EDSA,None,None,"Unknown, Rear-end, 0.0 drivers_injured, 0.0 drivers_killed, 0.0 passengers_injured, 0.0 passengers_killed, 0.0 pedestrian_injured, 0.0 pedestrian_killed, Dry, EDSA (SB) Estrella St. Makati",MMDA Road Safety Unit,,bcb27872-c0e0-40a5-88f1-545a7c9bac99,2008-08-01,02:45:00,EDSA (SB) Guadalupe Bridge  Makati,0,0,0,0,0,0,0,0,0,0,2008-08-01 10:45,Property,14.56002889,121.040751,Rear-End
None,EDSA,None,None,"Human Error, Rear-end, 0.0 drivers_injured, 0.0 drivers_killed, 0.0 passengers_injured, 0.0 passengers_killed, 0.0 pedestrian_injured, 0.0 pedestrian_killed, Dry, EDSA (SB) past Sen. Gil J. Puyat Ave. (Buendia Ext.) Makati",MMDA Road Safety Unit,,1e340b01-f3f6-4bc8-aeeb-0ef73b7def5a,2008-08-01,02:00:00,EDSA (SB) bet. Boni Ave. Guada. / Cloverleaf Guada Bridge Makati,0,0,0,0,0,0,0,0,0,0,2008-08-01 10:00,Property,14.55428174,121.0338685,Rear-End
None,EDSA,None,None,"Unknown, Rear-end, 0.0 drivers_injured, 0.0 drivers_killed, 0.0 passengers_injured, 0.0 passengers_killed, 0.0 pedestrian_injured, 0.0 pedestrian_killed, Dry, EDSA (SB) in-between Antonio S. Arnaiz Ave. and Chino Roces Ave. Ext., MRT-Magallanes Station Makati",MMDA Road Safety Unit,,659f1320-ed39-47fb-898b-c4aee9b7cc11,2008-07-30,01:50:00,EDSA (SB) Ayala Ave. Makati,0,0,0,0,0,0,0,0,0,0,2008-07-30 9:50,Property,14.54186056,121.0191113,Rear-End
None,EDSA,None,None,"Human Error, Side Swipe, 0.0 drivers_injured, 0.0 drivers_killed, 0.0 passengers_injured, 0.0 passengers_killed, 0.0 pedestrian_injured, 0.0 pedestrian_killed, Dry, EDSA (SB) bet. Buendia Ave. / Ayala Ave. Approaching Ayala Ave. Makati",MMDA Road Safety Unit,,e7abaf8d-dd6b-4b68-b370-3b8a719443e8,2008-07-18,03:40:00,EDSA (SB) Approaching Mantrade  Makati,0,0,0,0,0,0,0,0,0,0,2008-07-18 11:40,Property,14.55396629,121.0334647,Side Swipe
None,EDSA,None,None,"Human Error, Side Swipe, 0.0 drivers_injured, 0.0 drivers_killed, 0.0 passengers_injured, 0.0 passengers_killed, 0.0 pedestrian_injured, 0.0 pedestrian_killed, Dry, EDSA (SB) Estrella St. Makati",MMDA Road Safety Unit,,7aeb33cb-41d9-4865-8b2c-e01eb311e24d,2008-07-04,01:40:00,EDSA (SB) fronting Loyola Guadalupe Makati,0,0,0,0,0,0,0,0,0,0,2008-07-04 9:40,Property,14.56002889,121.040751,Side Swipe
None,EDSA,None,None,"Human Error, Rear-end, 0.0 drivers_injured, 0.0 drivers_killed, 0.0 passengers_injured, 0.0 passengers_killed, 0.0 pedestrian_injured, 0.0 pedestrian_killed, Dry, EDSA (SB) Sen Gil Puyat Ave (Buendia) Makati",MMDA Road Safety Unit,,4faaf2b7-2233-429a-86ac-6955a8463136,2008-07-03,02:00:00,EDSA (SB) Magallanes MRT Station Makati,0,0,0,0,0,0,0,0,0,0,2008-07-03 10:00,Property,14.55475513,121.034496,Rear-End
None,EDSA,None,None,"Human Error, Side Swipe, 0.0 drivers_injured, 0.0 drivers_killed, 0.0 passengers_injured, 0.0 passengers_killed, 0.0 pedestrian_injured, 0.0 pedestrian_killed, Dry, EDSA (SB) bet. Estrella St. & Buendia Ave. Makati",MMDA Road Safety Unit,,864eeaf3-ee9c-4581-aedd-4690857d473a,2008-06-30,00:15:00,EDSA (SB) Sen. Gil Puyat Ave. Makati,0,0,0,0,0,0,0,0,0,0,2008-06-30 8:15,Property,14.55757365,121.037655,Side Swipe
None,EDSA,None,None,"Human Error, Rear-end, 0.0 drivers_injured, 0.0 drivers_killed, 0.0 passengers_injured, 0.0 passengers_killed, 0.0 pedestrian_injured, 0.0 pedestrian_killed, Dry, EDSA (SB) Ayala Intersection Makati",MMDA Road Safety Unit,,da1cc3b1-7831-4347-ab0c-f4733f7b965c,2008-06-27,11:30:00,EDSA (SB) Ayala Ave. Makati,0,0,0,0,0,0,0,0,0,0,2008-06-27 19:30,Property,14.55024058,121.0293174,Rear-End
None,EDSA,None,None,"Human Error, Angle Impact, 0.0 drivers_injured, 0.0 drivers_killed, 0.0 passengers_injured, 0.0 passengers_killed, 0.0 pedestrian_injured, 0.0 pedestrian_killed, Dry, EDSA (SB) Ayala Ave. Makati",MMDA Road Safety Unit,,3b7598f7-b389-43a2-ba8e-062895612c89,2008-06-24,02:25:00,EDSA (SB) Before Buendia Ave. Makati,0,0,0,0,0,0,0,0,0,0,2008-06-24 10:25,Property,14.55049061,121.0293883,Angle Impact
None,EDSA,None,None,"Human Error, Rear-end, 0.0 drivers_injured, 0.0 drivers_killed, 0.0 passengers_injured, 0.0 passengers_killed, 0.0 pedestrian_injured, 0.0 pedestrian_killed, Dry, EDSA (SB) Ayala Ave. Makati",MMDA Road Safety Unit,,c058ea98-e064-426c-9de3-70f86f4ca9d7,2008-06-19,10:05:00,EDSA (SB) approaching Boni Ave. Makati,0,0,0,0,0,0,0,0,0,0,2008-06-19 18:05,Property,14.55024058,121.0293174,Rear-End
None,EDSA,None,None,"Human Error, Rear-end, 0.0 drivers_injured, 0.0 drivers_killed, 0.0 passengers_injured, 0.0 passengers_killed, 0.0 pedestrian_injured, 0.0 pedestrian_killed, Dry, EDSA (SB) bet. ArnaizAve. & Pasong Tamo Ext. Magallanes MRT Stn. Makati",MMDA Road Safety Unit,,248b6154-1a87-46c8-af0e-d1ea301131fc,2008-06-18,04:00:00,EDSA (SB) Sen. Gil Puyat Ave. Makati,0,0,0,0,0,0,0,0,0,0,2008-06-18 12:00,Property,14.54677725,121.0251546,Rear-End
None,EDSA,None,None,"Human Error, Rear-end, 0.0 drivers_injured, 0.0 drivers_killed, 0.0 passengers_injured, 0.0 passengers_killed, 0.0 pedestrian_injured, 0.0 pedestrian_killed, Dry, EDSA (SB) Guadalupe Bridge  Makati",MMDA Road Safety Unit,,6d8480a7-5b8a-4cca-b8ea-ee6be68f4b40,2008-06-17,17:35:00,"EDSA (SB) fronting Loyola, Guadalupe Makati",0,0,0,0,0,0,0,0,0,0,2008-06-18 1:35,Property,14.5672503,121.0456087,Rear-End
None,EDSA,None,None,"Human Error, Side Swipe, 0.0 drivers_injured, 0.0 drivers_killed, 0.0 passengers_injured, 0.0 passengers_killed, 0.0 pedestrian_injured, 0.0 pedestrian_killed, Dry, EDSA (SB) bet. Boni Ave. Guada. / Cloverleaf Guada Bridge Makati",MMDA Road Safety Unit,,86c9d3b1-a2ac-4d6f-9aa8-0ab57f370d8a,2008-06-16,01:45:00,EDSA (SB) bet. Guadalupe Cloverleaf / Bernardo St. Makati,0,0,0,0,0,0,0,0,0,0,2008-06-16 9:45,Property,14.56727966,121.0454643,Side Swipe
None,EDSA,None,None,"Unknown, Side Swipe, 0.0 drivers_injured, 0.0 drivers_killed, 0.0 passengers_injured, 0.0 passengers_killed, 0.0 pedestrian_injured, 0.0 pedestrian_killed, Dry, EDSA (SB) Ayala Ave. Makati",MMDA Road Safety Unit,,f55a361c-73d5-4dfc-bd8a-f42b3b7973e6,2008-06-15,00:00:00,EDSA (SB) Estrella St. Makati,0,0,0,0,0,0,0,0,0,0,2008-06-15 8:00,Property,14.55022912,121.0292348,Side Swipe
None,EDSA,None,None,"Human Error, Side Swipe, 0.0 drivers_injured, 0.0 drivers_killed, 0.0 passengers_injured, 0.0 passengers_killed, 0.0 pedestrian_injured, 0.0 pedestrian_killed, Dry, EDSA (SB) Approaching Mantrade  Makati",MMDA Road Safety Unit,,92a722a3-1393-4f47-933f-1f18d51fc0cb,2008-06-10,00:45:00,"EDSA (SB) Burgos St., (ABC Mall), Guadalupe Makati",0,0,0,0,0,0,0,0,0,0,2008-06-10 8:45,Property,14.53941899,121.014514,Side Swipe