LOCATION_TEXT,ROAD,WEATHER,LIGHT,DESC,REPORTING_AGENCY,MAIN_CAUSE,INCIDENTDETAILS_ID,DATE_UTC,TIME_UTC,ADDRESS,killed_driver,killed_passenger,killed_pedestrian,injured_driver,injured_passenger,injured_pedestrian,killed_uncategorized,injured_uncategorized,killed_total,injured_total,DATETIME_PST,SEVERITY,Y,X,COLLISION_TYPE
None,EDSA,None,None,"Human Error, Rear-end, 0.0 drivers_injured, 0.0 drivers_killed, 0.0 passengers_injured, 0.0 passengers_killed, 0.0 pedestrian_injured, 0.0 pedestrian_killed, Dry, EDSA (SB) fronting Loyola Guadalupe Makati",MMDA Road Safety Unit,,b03c78e2-e0c6-4701-b908-27e359830f48,2008-06-07,19:30:00,EDSA (SB) Mantrade loading bay Makati,0,0,0,0,0,0,0,0,0,0,2008-06-08 3:30,Property,14.56692822,121.0454214,Rear-End
None,EDSA,None,None,"Human Error, Side Swipe, 0.0 drivers_injured, 0.0 drivers_killed, 0.0 passengers_injured, 0.0 passengers_killed, 0.0 pedestrian_injured, 0.0 pedestrian_killed, Dry, EDSA (SB) Magallanes MRT Station Makati",MMDA Road Safety Unit,,c445632c-b30b-4e8f-88bd-2b83d7f8afee,2008-06-05,10:00:00,EDSA (SB) after Buendia Ave. Makati,0,0,0,0,0,0,0,0,0,0,2008-06-05 18:00,Property,14.54171041,121.019054,Side Swipe
None,EDSA,None,None,"Human Error, Rear-end, 0.0 drivers_injured, 0.0 drivers_killed, 0.0 passengers_injured, 0.0 passengers_killed, 0.0 pedestrian_injured, 0.0 pedestrian_killed, Dry, EDSA (SB) Sen. Gil Puyat Ave. Makati",MMDA Road Safety Unit,,0029e1b7-f55e-4c54-89d0-a9717fec9a55,2008-06-04,07:40:00,EDSA (SB) after Loyola Chapel Guadalupe Makati,0,0,0,0,0,0,0,0,0,0,2008-06-04 15:40,Property,14.55475513,121.034496,Rear-End
None,EDSA,None,None,"Human Error, Side Swipe, 0.0 drivers_injured, 0.0 drivers_killed, 0.0 passengers_injured, 0.0 passengers_killed, 0.0 pedestrian_injured, 0.0 pedestrian_killed, Dry, EDSA (SB) Ayala Ave. Makati",MMDA Road Safety Unit,,b62e292e-a5a6-4086-b7b1-26cd605b866f,2008-06-04,04:15:00,EDSA (SB) Mantrade loading bay Makati,0,0,0,0,0,0,0,0,0,0,2008-06-04 12:15,Property,14.55022912,121.0292348,Side Swipe
None,EDSA,None,None,"Unknown, Rear-end, 0.0 drivers_injured, 0.0 drivers_killed, 0.0 passengers_injured, 0.0 passengers_killed, 0.0 pedestrian_injured, 0.0 pedestrian_killed, Dry, EDSA (SB) Before Buendia Ave. Makati",MMDA Road Safety Unit,,f67db12b-1e82-4909-aca1-c951818f9963,2008-06-03,07:30:00,EDSA (SB) Estrella St. / Buendia Ave. Makati,0,0,0,0,0,0,0,0,0,0,2008-06-03 15:30,Property,14.555472,121.035406,Rear-End
None,EDSA,None,None,"Unknown, Rear-end, 0.0 drivers_injured, 0.0 drivers_killed, 0.0 passengers_injured, 0.0 passengers_killed, 0.0 pedestrian_injured, 0.0 pedestrian_killed, Dry, EDSA (SB) approaching Boni Ave. Makati",MMDA Road Safety Unit,,920f83ad-1a01-4130-8be3-abe3893d033d,2008-05-27,23:15:00,EDSA (SB) bet. Guadalupe Cloverleaf / Bernardino St. Makati,0,0,0,0,0,0,0,0,0,0,2008-05-28 7:15,Property,14.57244004,121.0472453,Rear-End
None,EDSA,None,None,"Human Error, Rear-end, 0.0 drivers_injured, 0.0 drivers_killed, 0.0 passengers_injured, 0.0 passengers_killed, 0.0 pedestrian_injured, 0.0 pedestrian_killed, Dry, EDSA (SB) Sen. Gil Puyat Ave. Makati",MMDA Road Safety Unit,,47a94291-3c85-460a-96ec-4a433de536a5,2008-05-27,08:00:00,EDSA (SB) bet. Pasong Tamo Ext. / Evangelista St. Makati,0,0,0,0,0,0,0,0,0,0,2008-05-27 16:00,Property,14.55475513,121.034496,Rear-End
None,EDSA,None,None,"Unknown, Side Swipe, 0.0 drivers_injured, 0.0 drivers_killed, 0.0 passengers_injured, 0.0 passengers_killed, 0.0 pedestrian_injured, 0.0 pedestrian_killed, Dry, EDSA (SB) fronting Loyola, Guadalupe Makati",MMDA Road Safety Unit,,35e746a8-f371-4f28-a49f-2623679eaf70,2008-05-22,03:30:00,EDSA (SB) Magallanes MRT Stn. Makati,0,0,0,0,0,0,0,0,0,0,2008-05-22 11:30,Property,14.56526983,121.0448719,Side Swipe
None,EDSA,None,None,"Human Error, Rear-end, 0.0 drivers_injured, 0.0 drivers_killed, 0.0 passengers_injured, 0.0 passengers_killed, 0.0 pedestrian_injured, 0.0 pedestrian_killed, Dry, EDSA (SB) bet. Guadalupe Cloverleaf / Bernardo St. Makati",MMDA Road Safety Unit,,855f03cc-a05b-41ad-9708-92a8c6698583,2008-05-21,02:45:00,EDSA (SB) Buendia Loading Bay Makati,0,0,0,0,0,0,0,0,0,0,2008-05-21 10:45,Property,14.56657272,121.0453344,Rear-End
None,EDSA,None,None,"Human Error, Side Swipe, 0.0 drivers_injured, 0.0 drivers_killed, 0.0 passengers_injured, 0.0 passengers_killed, 0.0 pedestrian_injured, 0.0 pedestrian_killed, Dry, EDSA (SB) Estrella St. Makati",MMDA Road Safety Unit,,39d7467c-16fd-497e-a9c3-6d36bd604a30,2008-05-20,04:10:00,EDSA (SB) Buendia Ave.  Makati,0,0,0,0,0,0,0,0,0,0,2008-05-20 12:10,Property,14.56002889,121.040751,Side Swipe
None,EDSA,None,None,"Unknown, Rear-end, 0.0 drivers_injured, 0.0 drivers_killed, 0.0 passengers_injured, 0.0 passengers_killed, 0.0 pedestrian_injured, 0.0 pedestrian_killed, Dry, EDSA (SB) Burgos St., (ABC Mall), Guadalupe Makati",MMDA Road Safety Unit,,bb6b06f4-fe10-4805-a3e0-a9a1bc90d947,2008-05-20,00:00:00,EDSA (SB) Mantrade  Makati,0,0,0,0,0,0,0,0,0,0,2008-05-20 8:00,Property,14.56550226,121.0452173,Rear-End
None,EDSA,None,None,"Unknown, Side Swipe, 0.0 drivers_injured, 0.0 drivers_killed, 0.0 passengers_injured, 0.0 passengers_killed, 0.0 pedestrian_injured, 0.0 pedestrian_killed, Dry, EDSA (SB) Mantrade loading bay Makati",MMDA Road Safety Unit,,5ef72391-9b2c-4ca6-a993-af65a922499b,2008-05-19,11:35:00,EDSA (SB) Buendia Ave. Makati,0,0,0,0,0,0,0,0,0,0,2008-05-19 19:35,Property,14.54276678,121.0202719,Side Swipe
None,EDSA,None,None,"Human Error, Side Swipe, 0.0 drivers_injured, 0.0 drivers_killed, 0.0 passengers_injured, 0.0 passengers_killed, 0.0 pedestrian_injured, 0.0 pedestrian_killed, Dry, EDSA (SB) after Buendia Ave. Makati",MMDA Road Safety Unit,,b12be419-68b1-4340-941f-54ff0ffe3a59,2008-05-18,22:35:00,EDSA (SB) bet. Bernardino St. & Estrella St. fronting Loyola Makati,0,0,0,0,0,0,0,0,0,0,2008-05-19 6:35,Property,14.55495937,121.0347012,Side Swipe
None,EDSA,None,None,"Human Error, Side Swipe, 0.0 drivers_injured, 0.0 drivers_killed, 0.0 passengers_injured, 0.0 passengers_killed, 0.0 pedestrian_injured, 0.0 pedestrian_killed, Dry, EDSA (SB) after Loyola Chapel Guadalupe Makati",MMDA Road Safety Unit,,d6c357f3-ae16-4fe2-998c-f2306ed2b0ae,2008-05-16,09:30:00,EDSA (SB) fronting Loyola Memorial Chapel Makati,0,0,0,0,0,0,0,0,0,0,2008-05-16 17:30,Property,14.5670417,121.0454578,Side Swipe
None,EDSA,None,None,"Unknown, Rear-end, 0.0 drivers_injured, 0.0 drivers_killed, 0.0 passengers_injured, 0.0 passengers_killed, 0.0 pedestrian_injured, 0.0 pedestrian_killed, Dry, EDSA (SB) Mantrade loading bay Makati",MMDA Road Safety Unit,,14049bc8-6556-474f-b339-919b331e2769,2008-05-15,12:20:00,EDSA (SB) fronting San Carlos Seminary Makati,0,0,0,0,0,0,0,0,0,0,2008-05-15 20:20,Property,14.54276678,121.0202719,Rear-End
None,EDSA,None,None,"Human Error, Rear-end, 0.0 drivers_injured, 0.0 drivers_killed, 0.0 passengers_injured, 0.0 passengers_killed, 0.0 pedestrian_injured, 0.0 pedestrian_killed, Dry, EDSA (SB) Estrella St. / Buendia Ave. Makati",MMDA Road Safety Unit,,bd53b352-3d70-417c-b424-a569ff7721c1,2008-05-14,08:00:00,EDSA (SB) bet. Buendia Ave.& Ayala Ave.  Makati,0,0,0,0,0,0,0,0,0,0,2008-05-14 16:00,Property,14.55990856,121.0406041,Rear-End
None,EDSA,None,None,"Human Error, Rear-end, 0.0 drivers_injured, 0.0 drivers_killed, 0.0 passengers_injured, 0.0 passengers_killed, 0.0 pedestrian_injured, 0.0 pedestrian_killed, Dry, EDSA (SB) bet. Guadalupe Cloverleaf / Bernardino St. Makati",MMDA Road Safety Unit,,804090d4-516d-4663-b2c2-73499b2a44c6,2008-05-14,03:30:00,EDSA (SB) approaching Buendia Ave.  Makati,0,0,0,0,0,0,0,0,0,0,2008-05-14 11:30,Property,14.56657272,121.0453344,Rear-End
None,EDSA,None,None,"Human Error, Rear-end, 0.0 drivers_injured, 0.0 drivers_killed, 0.0 passengers_injured, 0.0 passengers_killed, 0.0 pedestrian_injured, 0.0 pedestrian_killed, Dry, EDSA (SB) bet. Pasong Tamo Ext. / Evangelista St. Makati",MMDA Road Safety Unit,,f0da361d-e724-4ffe-a767-612b33935a6c,2008-05-13,02:15:00,EDSA (SB) Guadalupe MRT Stn. Makati,0,0,0,0,0,0,0,0,0,0,2008-05-13 10:15,Property,14.5398275,121.0148182,Rear-End
None,EDSA,None,None,"Human Error, Side Swipe, 0.0 drivers_injured, 0.0 drivers_killed, 0.0 passengers_injured, 0.0 passengers_killed, 0.0 pedestrian_injured, 0.0 pedestrian_killed, Dry, EDSA (SB) Magallanes MRT Stn. Makati",MMDA Road Safety Unit,,6c453974-84c3-45de-ae29-1407d07f6146,2008-05-12,10:00:00, EDSA (SB) Buendia Ave. / MRT Stn. Makati,0,0,0,0,0,0,0,0,0,0,2008-05-12 18:00,Property,14.54171041,121.019054,Side Swipe
None,EDSA,None,None,"Human Error, Side Swipe, 0.0 drivers_injured, 0.0 drivers_killed, 0.0 passengers_injured, 0.0 passengers_killed, 0.0 pedestrian_injured, 0.0 pedestrian_killed, Dry, EDSA (SB) Buendia Loading Bay Makati",MMDA Road Safety Unit,,732600b0-3a10-4f69-9598-18e2aaa0ecab,2008-05-09,03:00:00,EDSA (SB) bet. Buendia Ave. / Ayala Ave Makati,0,0,0,0,0,0,0,0,0,0,2008-05-09 11:00,Property,14.55400112,121.0336264,Side Swipe
None,EDSA,None,None,"Human Error, Rear-end, 0.0 drivers_injured, 0.0 drivers_killed, 0.0 passengers_injured, 0.0 passengers_killed, 0.0 pedestrian_injured, 0.0 pedestrian_killed, Dry, EDSA (SB) Buendia Ave.  Makati",MMDA Road Safety Unit,,49ec934b-cc61-4590-978f-3170b725ae12,2008-04-30,22:00:00,EDSA (SB) bet. Buendia Ave. / Ayala Ave./ Buendia Loading Bay Makati,0,0,0,0,0,0,0,0,0,0,2008-05-01 6:00,Property,14.55503755,121.034813,Rear-End
None,EDSA,None,None,"Human Error, Rear-end, 0.0 drivers_injured, 0.0 drivers_killed, 0.0 passengers_injured, 0.0 passengers_killed, 0.0 pedestrian_injured, 0.0 pedestrian_killed, Dry, EDSA (SB) Mantrade  Makati",MMDA Road Safety Unit,,0d57c8c6-29dd-4656-a145-669bdfe40708,2008-04-29,06:45:00,EDSA (SB) Estrella St. Makati,0,0,0,0,0,0,0,0,0,0,2008-04-29 14:45,Property,14.54139794,121.018159,Rear-End
None,EDSA,None,None,"Human Error, Rear-end, 0.0 drivers_injured, 0.0 drivers_killed, 0.0 passengers_injured, 0.0 passengers_killed, 0.0 pedestrian_injured, 0.0 pedestrian_killed, Dry, EDSA (SB) Buendia Ave. Makati",MMDA Road Safety Unit,,b414c933-c71e-4443-b34e-14307a36519c,2008-04-24,00:15:00,EDSA (SB) Ayala Ave. Makati,0,0,0,0,0,0,0,0,0,0,2008-04-24 8:15,Property,14.55503755,121.034813,Rear-End
None,EDSA,None,None,"Unknown, Angle Impact, 0.0 drivers_injured, 0.0 drivers_killed, 0.0 passengers_injured, 0.0 passengers_killed, 0.0 pedestrian_injured, 0.0 pedestrian_killed, Dry, EDSA (SB) bet. Bernardino St. & Estrella St. fronting Loyola Makati",MMDA Road Safety Unit,,a01c3f14-2093-41f5-b958-8d3c42d3a475,2008-04-23,04:50:00,EDSA (SB) Estrella St. Makati,0,0,0,0,0,0,0,0,0,0,2008-04-23 12:50,Property,14.56534835,121.0449682,Angle Impact
None,EDSA,None,None,"Human Error, Side Swipe, 0.0 drivers_injured, 0.0 drivers_killed, 0.0 passengers_injured, 0.0 passengers_killed, 0.0 pedestrian_injured, 0.0 pedestrian_killed, Dry, EDSA (SB) fronting Loyola Memorial Chapel Makati",MMDA Road Safety Unit,,68c39da1-10f0-4d34-b60d-5087b47cf41b,2008-04-23,02:00:00,EDSA (SB) before Buendia Ave. Makati,0,0,0,0,0,0,0,0,0,0,2008-04-23 10:00,Property,14.56526983,121.0448719,Side Swipe
None,EDSA,None,None,"Human Error, Side Swipe, 0.0 drivers_injured, 0.0 drivers_killed, 0.0 passengers_injured, 0.0 passengers_killed, 0.0 pedestrian_injured, 0.0 pedestrian_killed, Dry, EDSA (SB) fronting San Carlos Seminary Makati",MMDA Road Safety Unit,,0a9210a7-ac16-4297-84c4-e267487d5ac9,2008-04-22,12:45:00,EDSA (SB) fronting Loyola Memorial Chapel Makati,0,0,0,0,0,0,0,0,0,0,2008-04-22 20:45,Property,14.56336498,121.0439669,Side Swipe
None,EDSA,None,None,"Unknown, Side Swipe, 0.0 drivers_injured, 0.0 drivers_killed, 0.0 passengers_injured, 0.0 passengers_killed, 0.0 pedestrian_injured, 0.0 pedestrian_killed, Dry, EDSA (SB) bet. Buendia Ave.& Ayala Ave.  Makati",MMDA Road Safety Unit,,c5fda112-da7d-424b-b404-e09427e8be4f,2008-04-21,06:55:00,EDSA (SB) Estrella St. Makati,0,0,0,0,0,0,0,0,0,0,2008-04-21 14:55,Property,14.55396629,121.0334647,Side Swipe
None,EDSA,None,None,"Human Error, Side Swipe, 0.0 drivers_injured, 0.0 drivers_killed, 0.0 passengers_injured, 0.0 passengers_killed, 0.0 pedestrian_injured, 0.0 pedestrian_killed, Dry, EDSA (SB) approaching Buendia Ave.  Makati",MMDA Road Safety Unit,,68e2634e-6435-4557-b146-e7b8a4338c5d,2008-04-11,04:15:00,EDSA (SB) Buendia Ave. Makati,0,0,0,0,0,0,0,0,0,0,2008-04-11 12:15,Property,14.55537485,121.0354873,Side Swipe
None,EDSA,None,None,"Human Error, Side Swipe, 0.0 drivers_injured, 0.0 drivers_killed, 0.0 passengers_injured, 0.0 passengers_killed, 0.0 pedestrian_injured, 0.0 pedestrian_killed, Dry, EDSA (SB) Guadalupe MRT Stn. Makati",MMDA Road Safety Unit,,f05c2d3f-bbb2-4ef4-bba0-d736f2815a30,2008-04-09,21:30:00,EDSA (SB) Magallanes MRT Stn. Makati,0,0,0,0,0,0,0,0,0,0,2008-04-10 5:30,Property,14.5665734,121.0453551,Side Swipe
None,EDSA,None,None,"Human Error, Hit object (No Object Stated), 0.0 drivers_injured, 0.0 drivers_killed, 0.0 passengers_injured, 0.0 passengers_killed, 0.0 pedestrian_injured, 0.0 pedestrian_killed, Dry, EDSA (SB) Buendia Ave. / MRT Stn. Makati",MMDA Road Safety Unit,,99399d00-35f2-4664-8fd4-38484c2afbf8,2008-04-09,17:00:00,EDSA (SB) Buendia Ave./ Ayala / Rockwell Makati,0,0,0,0,0,0,0,0,0,0,2008-04-10 1:00,Property,14.55455179,121.0342681,Hit Object
None,EDSA,None,None,"Human Error, Rear-end, 0.0 drivers_injured, 0.0 drivers_killed, 0.0 passengers_injured, 0.0 passengers_killed, 0.0 pedestrian_injured, 0.0 pedestrian_killed, Dry, EDSA (SB) bet. Buendia Ave. / Ayala Ave Makati",MMDA Road Safety Unit,,092be6d9-888d-428c-b271-24aed86eb9bd,2008-04-09,01:40:00,EDSA (SB) bet. Estrella St. / Buendia Ave. Makati,0,0,0,0,0,0,0,0,0,0,2008-04-09 9:40,Property,14.55428174,121.0338685,Rear-End
None,EDSA,None,None,"Human Error, Side Swipe, 0.0 drivers_injured, 0.0 drivers_killed, 0.0 passengers_injured, 0.0 passengers_killed, 0.0 pedestrian_injured, 0.0 pedestrian_killed, Dry, EDSA (SB) bet. Buendia Ave. / Ayala Ave./ Buendia Loading Bay Makati",MMDA Road Safety Unit,,bebb0cec-3207-463d-89c6-81b1fc73b2a0,2008-04-08,17:20:00,EDSA (SB) Antonio S. Arnaiz Ave. (Pasay Road) Makati,0,0,0,0,0,0,0,0,0,0,2008-04-09 1:20,Property,14.55396629,121.0334647,Side Swipe
None,EDSA,None,None,"Human Error, Side Swipe, 0.0 drivers_injured, 0.0 drivers_killed, 0.0 passengers_injured, 0.0 passengers_killed, 0.0 pedestrian_injured, 0.0 pedestrian_killed, Dry, EDSA (SB) Estrella St. Makati",MMDA Road Safety Unit,,81a920fe-434d-49bb-a2ca-0b9ce8f67c4a,2008-04-07,22:45:00,EDSA (SB) fronting :oyo;a Memorial Chapel Guadalupe Viejo Makati,0,0,0,0,0,0,0,0,0,0,2008-04-08 6:45,Property,14.56002889,121.040751,Side Swipe
None,EDSA,None,None,"Human Error, Rear-end, 0.0 drivers_injured, 0.0 drivers_killed, 0.0 passengers_injured, 0.0 passengers_killed, 0.0 pedestrian_injured, 0.0 pedestrian_killed, Dry, EDSA (SB) Ayala Ave. Makati",MMDA Road Safety Unit,,04f298e7-95d9-404b-8476-0298fa45c415,2008-04-07,12:30:00,EDSA (SB) bet. Arnaiz Ave. / pasong Tamo Ext. Makati,0,0,0,0,0,0,0,0,0,0,2008-04-07 20:30,Property,14.55024058,121.0293174,Rear-End
None,EDSA,None,None,"Human Error, Rear-end, 0.0 drivers_injured, 0.0 drivers_killed, 0.0 passengers_injured, 0.0 passengers_killed, 0.0 pedestrian_injured, 0.0 pedestrian_killed, Dry, EDSA (SB) Estrella St. Makati",MMDA Road Safety Unit,,c76be605-a677-4001-950a-4f45dcb4a0c5,2008-04-07,11:30:00,EDSA (SB) bet. Estrella St. / Buendia Ave. Makati,0,0,0,0,0,0,0,0,0,0,2008-04-07 19:30,Property,14.55978992,121.0405331,Rear-End
None,EDSA,None,None,"Other, Hit object (No Object Stated), 0.0 drivers_injured, 0.0 drivers_killed, 0.0 passengers_injured, 0.0 passengers_killed, 0.0 pedestrian_injured, 0.0 pedestrian_killed, Dry, EDSA (SB) before Buendia Ave. Makati",MMDA Road Safety Unit,,e5217d55-d891-4ea4-952c-2b250ba9effd,2008-04-05,01:50:00,EDSA (SB) Magallanes MRT Station Makati,0,0,0,0,0,0,0,0,0,0,2008-04-05 9:50,Property,14.555472,121.035406,Hit Object
None,EDSA,None,None,"Human Error, Side Swipe, 0.0 drivers_injured, 0.0 drivers_killed, 0.0 passengers_injured, 0.0 passengers_killed, 0.0 pedestrian_injured, 0.0 pedestrian_killed, Dry, EDSA (SB) fronting Loyola Memorial Chapel Makati",MMDA Road Safety Unit,,a036ee16-c7e4-4f3a-8304-82c1da5cfea5,2008-04-05,01:25:00,EDSA (SB) Approachuing Magallanes MRT Station Makati,0,0,0,0,0,0,0,0,0,0,2008-04-05 9:25,Property,14.56526983,121.0448719,Side Swipe
None,EDSA,None,None,"Human Error, Rear-end, 0.0 drivers_injured, 0.0 drivers_killed, 0.0 passengers_injured, 0.0 passengers_killed, 0.0 pedestrian_injured, 0.0 pedestrian_killed, Dry, EDSA (SB) Estrella St. Makati",MMDA Road Safety Unit,,3cdc8ed1-05eb-40f2-9c5a-f02a9f799a2f,2008-04-04,11:30:00,EDSA (SB) Estrella St. Makati,0,0,0,0,0,0,0,0,0,0,2008-04-04 19:30,Property,14.55978992,121.0405331,Rear-End
None,EDSA,None,None,"Human Error, Rear-end, 0.0 drivers_injured, 0.0 drivers_killed, 0.0 passengers_injured, 0.0 passengers_killed, 0.0 pedestrian_injured, 0.0 pedestrian_killed, Dry, EDSA (SB) Buendia Ave. Makati",MMDA Road Safety Unit,,5020934a-21f9-465e-acb9-360b6bcce7ad,2008-04-03,12:40:00,EDSA (SB) Magallanes MRT Stn. Makati,0,0,0,0,0,0,0,0,0,0,2008-04-03 20:40,Property,14.55503755,121.034813,Rear-End
None,EDSA,None,None,"Human Error, Side Swipe, 0.0 drivers_injured, 0.0 drivers_killed, 0.0 passengers_injured, 0.0 passengers_killed, 0.0 pedestrian_injured, 0.0 pedestrian_killed, Dry, EDSA (SB) Magallanes MRT Stn. Makati",MMDA Road Safety Unit,,0539425e-ade8-4a04-a28b-c932053935d0,2008-04-03,09:40:00,EDSA (SB) near Mantrade Makati,0,0,0,0,0,0,0,0,0,0,2008-04-03 17:40,Property,14.54171041,121.019054,Side Swipe
None,EDSA,None,None,"Human Error, Side Swipe, 0.0 drivers_injured, 0.0 drivers_killed, 0.0 passengers_injured, 0.0 passengers_killed, 0.0 pedestrian_injured, 0.0 pedestrian_killed, Dry, EDSA (SB) Buendia Ave./ Ayala / Rockwell Makati",MMDA Road Safety Unit,,0a2de48f-d101-420e-8aea-7cfd69a3afb4,2008-04-03,09:30:00,EDSA (SB) Approaching Ayala Ave. Makati,0,0,0,0,0,0,0,0,0,0,2008-04-03 17:30,Property,14.55505269,121.034707,Side Swipe
None,EDSA,None,None,"Human Error, Rear-end, 0.0 drivers_injured, 0.0 drivers_killed, 0.0 passengers_injured, 0.0 passengers_killed, 0.0 pedestrian_injured, 0.0 pedestrian_killed, Dry, EDSA (SB) bet. Estrella St. / Buendia Ave. Makati",MMDA Road Safety Unit,,c0f67bcd-343d-4106-bd93-bfad0736127f,2008-04-03,06:20:00,"EDSA (SB) 40 meters after ""U""turn Slot Buendia Makati",0,0,0,0,0,0,0,0,0,0,2008-04-03 14:20,Property,14.55818473,121.0385859,Rear-End
None,EDSA,None,None,"Human Error, Side Swipe, 0.0 drivers_injured, 0.0 drivers_killed, 0.0 passengers_injured, 0.0 passengers_killed, 0.0 pedestrian_injured, 0.0 pedestrian_killed, Dry, EDSA (SB) Antonio S. Arnaiz Ave. (Pasay Road) Makati",MMDA Road Safety Unit,,2b11782f-9791-4b1e-bd09-bfe3f7a17b74,2008-04-03,00:45:00,EDSA (SB) Mantrade  Makati,0,0,0,0,0,0,0,0,0,0,2008-04-03 8:45,Property,14.54752556,121.0260165,Side Swipe
None,EDSA,None,None,"Human Error, Rear-end, 0.0 drivers_injured, 0.0 drivers_killed, 0.0 passengers_injured, 0.0 passengers_killed, 0.0 pedestrian_injured, 0.0 pedestrian_killed, Dry, EDSA (SB) fronting :oyo;a Memorial Chapel Guadalupe Viejo Makati",MMDA Road Safety Unit,,b91ff2a9-84ab-4412-b996-09854ae3e57d,2008-04-02,21:30:00,EDSA (SB) bet. Arnaiz Ave. / Pasong Tamo Ext. Makati,0,0,0,0,0,0,0,0,0,0,2008-04-03 5:30,Property,14.56599367,121.0451746,Rear-End
None,EDSA,None,None,"Human Error, Side Swipe, 0.0 drivers_injured, 0.0 drivers_killed, 0.0 passengers_injured, 0.0 passengers_killed, 0.0 pedestrian_injured, 0.0 pedestrian_killed, Dry, EDSA (SB) bet. Arnaiz Ave. / pasong Tamo Ext. Makati",MMDA Road Safety Unit,,f39def25-30a7-41f3-9ac6-91a39a7bf7e3,2008-04-02,08:30:00,EDSA (SB) Approaching Buendia Ave. Makati,0,0,0,0,0,0,0,0,0,0,2008-04-02 16:30,Property,14.54184181,121.0190406,Side Swipe
None,EDSA,None,None,"Human Error, Side Swipe, 0.0 drivers_injured, 0.0 drivers_killed, 0.0 passengers_injured, 0.0 passengers_killed, 0.0 pedestrian_injured, 0.0 pedestrian_killed, Dry, EDSA (SB) bet. Estrella St. / Buendia Ave. Makati",MMDA Road Safety Unit,,64f36a46-5209-4e73-a0a0-685a38917461,2008-04-01,07:40:00,"EDSA (SB) Mantrade, in-between Pasay Road and Magallenes Makati",0,0,0,0,0,0,0,0,0,0,2008-04-01 15:40,Property,14.55757365,121.037655,Side Swipe
None,EDSA,None,None,"Human Error, Side Swipe, 0.0 drivers_injured, 0.0 drivers_killed, 0.0 passengers_injured, 0.0 passengers_killed, 0.0 pedestrian_injured, 0.0 pedestrian_killed, Dry, EDSA (SB) Magallanes MRT Station Makati",MMDA Road Safety Unit,,83d1c6da-b54b-4c04-927d-7498c0ada76b,2008-03-31,09:45:00,EDSA (SB) Mantrade  Makati,0,0,0,0,0,0,0,0,0,0,2008-03-31 17:45,Property,14.54171041,121.019054,Side Swipe
None,EDSA,None,None,"Human Error, Rear-end, 0.0 drivers_injured, 0.0 drivers_killed, 0.0 passengers_injured, 0.0 passengers_killed, 0.0 pedestrian_injured, 0.0 pedestrian_killed, Dry, EDSA (SB) Approachuing Magallanes MRT Station Makati",MMDA Road Safety Unit,,0e32be95-a9cb-4982-a7ec-39122e4201cc,2008-03-30,13:05:00,EDSA (SB) Sen. Gil J. Puyat Ave. (Buendia) Makati,0,0,0,0,0,0,0,0,0,0,2008-03-30 21:05,Property,14.54103713,121.0182341,Rear-End
None,EDSA,None,None,"Human Error, Side Swipe, 0.0 drivers_injured, 0.0 drivers_killed, 0.0 passengers_injured, 0.0 passengers_killed, 0.0 pedestrian_injured, 0.0 pedestrian_killed, Dry, EDSA (SB) Estrella St. Makati",MMDA Road Safety Unit,,761c320c-c153-45df-95f1-240bed8f09d0,2008-03-28,08:30:00,EDSA (SB) Sen. Gil J. Puyat Ave. (Buendia) Makati,0,0,0,0,0,0,0,0,0,0,2008-03-28 16:30,Property,14.56002889,121.040751,Side Swipe
None,EDSA,None,None,"Unknown, Rear-end, 0.0 drivers_injured, 0.0 drivers_killed, 0.0 passengers_injured, 0.0 passengers_killed, 0.0 pedestrian_injured, 0.0 pedestrian_killed, Dry, EDSA (SB) Magallanes MRT Stn. Makati",MMDA Road Safety Unit,,539ad6a5-b26d-4119-bcdf-4b75292f1842,2008-03-28,03:30:00,"EDSA (SB) Mantrade, in-between Pasay Road and Magallenes Makati",0,0,0,0,0,0,0,0,0,0,2008-03-28 11:30,Property,14.54171041,121.019054,Rear-End
None,EDSA,None,None,"Human Error, Rear-end, 0.0 drivers_injured, 0.0 drivers_killed, 0.0 passengers_injured, 0.0 passengers_killed, 0.0 pedestrian_injured, 0.0 pedestrian_killed, Dry, EDSA (SB) near Mantrade Makati",MMDA Road Safety Unit,,7c627a65-86a3-46ac-ada8-96fbd357c0fb,2008-03-27,10:00:00,EDSA (SB) Approaching Ayala Ave. Makati,0,0,0,0,0,0,0,0,0,0,2008-03-27 18:00,Property,14.54139794,121.018159,Rear-End
None,EDSA,None,None,"Human Error, Side Swipe, 0.0 drivers_injured, 0.0 drivers_killed, 0.0 passengers_injured, 0.0 passengers_killed, 0.0 pedestrian_injured, 0.0 pedestrian_killed, Dry, EDSA (SB) Approaching Ayala Ave. Makati",MMDA Road Safety Unit,,9692e8ec-7984-472f-9d53-d926e077b6d4,2008-03-27,00:30:00,EDSA (SB) Evangelista St. Makati,0,0,0,0,0,0,0,0,0,0,2008-03-27 8:30,Property,14.55028537,121.0293488,Side Swipe
None,EDSA,None,None,"Human Error, Side Swipe, 0.0 drivers_injured, 0.0 drivers_killed, 0.0 passengers_injured, 0.0 passengers_killed, 0.0 pedestrian_injured, 0.0 pedestrian_killed, Dry, EDSA (SB) 40 meters after ""U""turn Slot Buendia Makati",MMDA Road Safety Unit,,bfdd2817-87fd-4469-9e6a-72b29f0ce2e8,2008-03-26,11:30:00,"EDSA (SB) Buendia ""U"" turn slot Makati",0,0,0,0,0,0,0,0,0,0,2008-03-26 19:30,Property,14.55536715,121.0354247,Side Swipe
None,EDSA,None,None,"Human Error, Rear-end, 0.0 drivers_injured, 0.0 drivers_killed, 0.0 passengers_injured, 0.0 passengers_killed, 0.0 pedestrian_injured, 0.0 pedestrian_killed, Dry, EDSA (SB) Mantrade  Makati",MMDA Road Safety Unit,,8e4b5913-8aae-4b07-9ee7-7ab0836196f7,2008-03-26,07:30:00,EDSA (SB) entrance leading to Park Square (Dusit) Makati,0,0,0,0,0,0,0,0,0,0,2008-03-26 15:30,Property,14.54139794,121.018159,Rear-End