LOCATION_TEXT,ROAD,WEATHER,LIGHT,DESC,REPORTING_AGENCY,MAIN_CAUSE,INCIDENTDETAILS_ID,DATE_UTC,TIME_UTC,ADDRESS,killed_driver,killed_passenger,killed_pedestrian,injured_driver,injured_passenger,injured_pedestrian,killed_uncategorized,injured_uncategorized,killed_total,injured_total,DATETIME_PST,SEVERITY,Y,X,COLLISION_TYPE
None,EDSA,None,None,"Human Error, Rear-end, 0.0 drivers_injured, 0.0 drivers_killed, 0.0 passengers_injured, 0.0 passengers_killed, 0.0 pedestrian_injured, 0.0 pedestrian_killed, Dry, EDSA (SB) bet. Arnaiz Ave. / Pasong Tamo Ext. Makati",MMDA Road Safety Unit,,fdacde7b-fe9f-4784-928f-823862dd811b,2008-03-25,01:00:00,EDSA (SB) Approaching Buendia Loading bay  Makati,0,0,0,0,0,0,0,0,0,0,2008-03-25 9:00,Property,14.54677725,121.0251546,Rear-End
None,EDSA,None,None,"Human Error, Side Swipe, 0.0 drivers_injured, 0.0 drivers_killed, 0.0 passengers_injured, 0.0 passengers_killed, 0.0 pedestrian_injured, 0.0 pedestrian_killed, Dry, EDSA (SB) Approaching Buendia Ave. Makati",MMDA Road Safety Unit,,1aab04fa-11f4-4ffe-a366-9c1b795978fb,2008-03-24,12:30:00,EDSA (SB) MRT-Ayala Station Makati,0,0,0,0,0,0,0,0,0,0,2008-03-24 20:30,Property,14.55537485,121.0354873,Side Swipe
None,EDSA,None,None,"Unknown, Side Swipe, 0.0 drivers_injured, 0.0 drivers_killed, 0.0 passengers_injured, 0.0 passengers_killed, 0.0 pedestrian_injured, 0.0 pedestrian_killed, Dry, EDSA (SB) Mantrade, in-between Pasay Road and Magallenes Makati",MMDA Road Safety Unit,,0d2b2a0d-b94a-4538-a9f7-150e17b989ad,2008-03-19,10:45:00,"EDSA (SB) in-between Estrella St. and Buendia Ave., MRT-Buendia Station Makati",0,0,0,0,0,0,0,0,0,0,2008-03-19 18:45,Property,14.54046902,121.0171628,Side Swipe
None,EDSA,None,None,"Human Error, Rear-end, 0.0 drivers_injured, 0.0 drivers_killed, 0.0 passengers_injured, 0.0 passengers_killed, 0.0 pedestrian_injured, 0.0 pedestrian_killed, Dry, EDSA (SB) Mantrade  Makati",MMDA Road Safety Unit,,2c914c48-2279-49a8-b1db-a40ec05e5706,2008-03-19,05:45:00,EDSA (SB) Cloverleaf Guadalupe Makati,0,0,0,0,0,0,0,0,0,0,2008-03-19 13:45,Property,14.54139794,121.018159,Rear-End
None,EDSA,None,None,"Unknown, Rear-end, 0.0 drivers_injured, 0.0 drivers_killed, 0.0 passengers_injured, 0.0 passengers_killed, 0.0 pedestrian_injured, 0.0 pedestrian_killed, Dry, EDSA (SB) Sen. Gil J. Puyat Ave. (Buendia) Makati",MMDA Road Safety Unit,,f1b34820-6428-485a-aedd-53167bf5e5e7,2008-03-19,04:00:00,EDSA (SB) Rockwell (Estrella) Makati,0,0,0,0,0,0,0,0,0,0,2008-03-19 12:00,Property,14.55496432,121.0348612,Rear-End
None,EDSA,None,None,"Unknown, Rear-end, 0.0 drivers_injured, 0.0 drivers_killed, 0.0 passengers_injured, 0.0 passengers_killed, 0.0 pedestrian_injured, 0.0 pedestrian_killed, Dry, EDSA (SB) Sen. Gil J. Puyat Ave. (Buendia) Makati",MMDA Road Safety Unit,,87a50f5c-7d5d-441f-b192-091a233534b7,2008-03-19,04:00:00,EDSA (SB) Approaching Loyola Memorial Chapel Makati,0,0,0,0,0,0,0,0,0,0,2008-03-19 12:00,Property,14.55496432,121.0348612,Rear-End
None,EDSA,None,None,"Unknown, Side Swipe, 0.0 drivers_injured, 0.0 drivers_killed, 0.0 passengers_injured, 0.0 passengers_killed, 0.0 pedestrian_injured, 0.0 pedestrian_killed, Dry, EDSA (SB) Mantrade, in-between Pasay Road and Magallenes Makati",MMDA Road Safety Unit,,41c59153-7f16-403e-aa36-0792b3e88c83,2008-03-18,21:15:00,EDSA (SB) Evangelista St. Makati,0,0,0,0,0,0,0,0,0,0,2008-03-19 5:15,Property,14.54046902,121.0171628,Side Swipe
None,EDSA,None,None,"Human Error, Side Swipe, 0.0 drivers_injured, 0.0 drivers_killed, 0.0 passengers_injured, 0.0 passengers_killed, 0.0 pedestrian_injured, 0.0 pedestrian_killed, Dry, EDSA (SB) Approaching Ayala Ave. Makati",MMDA Road Safety Unit,,e0fb7ae2-f2a1-4178-bc5b-50ca45c51702,2008-03-17,10:30:00,EDSA (SB) Magallanes MRT Stn. Makati,0,0,0,0,0,0,0,0,0,0,2008-03-17 18:30,Property,14.55028537,121.0293488,Side Swipe
None,EDSA,None,None,"Human Error, Side Swipe, 0.0 drivers_injured, 0.0 drivers_killed, 0.0 passengers_injured, 0.0 passengers_killed, 0.0 pedestrian_injured, 0.0 pedestrian_killed, Dry, EDSA (SB) Evangelista St. Makati",MMDA Road Safety Unit,,53fedde2-ab9c-40b8-a0b4-c24754706f21,2008-03-17,02:15:00,EDSA (SB) near Magallanes MRT Stn.  Makati,0,0,0,0,0,0,0,0,0,0,2008-03-17 10:15,Property,14.53903137,121.0123272,Side Swipe
None,EDSA,None,None,"Unknown, Side Swipe, 0.0 drivers_injured, 0.0 drivers_killed, 0.0 passengers_injured, 0.0 passengers_killed, 0.0 pedestrian_injured, 0.0 pedestrian_killed, Dry, EDSA (SB) Buendia ""U"" turn slot Makati",MMDA Road Safety Unit,,34df95f1-87b7-49cb-9249-7386d0fbae1d,2008-03-14,12:00:00,EDSA (SB) bet. Estrella & Orense / Escuela St. Makati,0,0,0,0,0,0,0,0,0,0,2008-03-14 20:00,Property,14.55546956,121.0353759,Side Swipe
None,EDSA,None,None,"Unknown, Rear-end, 0.0 drivers_injured, 0.0 drivers_killed, 0.0 passengers_injured, 0.0 passengers_killed, 0.0 pedestrian_injured, 0.0 pedestrian_killed, Dry, EDSA (SB) entrance leading to Park Square (Dusit) Makati",MMDA Road Safety Unit,,834c8b4b-be43-4651-9128-d92531c410de,2008-03-14,10:00:00,EDSA (SB) bet. Arnaiz Ave. & Pasong Tamo Ext. / Magallanes MRT Stn. Makati,0,0,0,0,0,0,0,0,0,0,2008-03-14 18:00,Property,14.54808047,121.0266068,Rear-End
None,EDSA,None,None,"Human Error, Side Swipe, 0.0 drivers_injured, 0.0 drivers_killed, 0.0 passengers_injured, 0.0 passengers_killed, 0.0 pedestrian_injured, 0.0 pedestrian_killed, Dry, EDSA (SB) Approaching Buendia Loading bay  Makati",MMDA Road Safety Unit,,0b89afec-9a15-4202-94ce-b7cc9d2d4bff,2008-03-14,06:55:00,EDSA (SB) Ayala Ave. / Arnaiz Ave. Makati,0,0,0,0,0,0,0,0,0,0,2008-03-14 14:55,Property,14.55537485,121.0354873,Side Swipe
None,EDSA,None,None,"Unknown, Side Swipe, 0.0 drivers_injured, 0.0 drivers_killed, 0.0 passengers_injured, 0.0 passengers_killed, 0.0 pedestrian_injured, 0.0 pedestrian_killed, Dry, EDSA (SB) MRT-Ayala Station Makati",MMDA Road Safety Unit,,59d8ff44-4ff7-4d22-979b-e598af66f5e0,2008-03-12,08:00:00,EDSA (SB) Loyola Guadalupe Makati,0,0,0,0,0,0,0,0,0,0,2008-03-12 16:00,Property,14.54920905,121.0278855,Side Swipe
None,EDSA,None,None,"Unknown, Side Swipe, 0.0 drivers_injured, 0.0 drivers_killed, 0.0 passengers_injured, 0.0 passengers_killed, 0.0 pedestrian_injured, 0.0 pedestrian_killed, Dry, EDSA (SB) in-between Estrella St. and Buendia Ave., MRT-Buendia Station Makati",MMDA Road Safety Unit,,606c7894-8942-4b9b-8383-62be03d58a10,2008-03-10,07:00:00,EDSA (SB) Loyola Guadalupe Makati,0,0,0,0,0,0,0,0,0,0,2008-03-10 15:00,Property,14.55405638,121.0339426,Side Swipe
None,EDSA,None,None,"Human Error, Side Swipe, 0.0 drivers_injured, 0.0 drivers_killed, 0.0 passengers_injured, 0.0 passengers_killed, 0.0 pedestrian_injured, 0.0 pedestrian_killed, Dry, EDSA (SB) Cloverleaf Guadalupe Makati",MMDA Road Safety Unit,,e635a47f-497c-4680-b2b5-e471119ade39,2008-03-10,02:00:00,EDSA (SB) Ayala Ave. Makati,0,0,0,0,0,0,0,0,0,0,2008-03-10 10:00,Property,14.56752962,121.0456192,Side Swipe
None,EDSA,None,None,"Unknown, Side Swipe, 0.0 drivers_injured, 0.0 drivers_killed, 0.0 passengers_injured, 0.0 passengers_killed, 0.0 pedestrian_injured, 0.0 pedestrian_killed, Dry, EDSA (SB) Rockwell (Estrella) Makati",MMDA Road Safety Unit,,49d0460c-b0f0-49b8-9ea4-3c855ad56cb1,2008-03-08,11:10:00,EDSA (SB) Approaching Estrella St. Makati,0,0,0,0,0,0,0,0,0,0,2008-03-08 19:10,Property,14.559945,121.0407272,Side Swipe
None,EDSA,None,None,"Human Error, Rear-end, 0.0 drivers_injured, 0.0 drivers_killed, 0.0 passengers_injured, 0.0 passengers_killed, 0.0 pedestrian_injured, 0.0 pedestrian_killed, Dry, EDSA (SB) Approaching Loyola Memorial Chapel Makati",MMDA Road Safety Unit,,33432d3a-b408-4647-8bc9-9dd5929f16f4,2008-03-05,23:30:00,EDSA (SB) Approaching mantrade Makati,0,0,0,0,0,0,0,0,0,0,2008-03-06 7:30,Property,14.56692822,121.0454214,Rear-End
None,EDSA,None,None,"Human Error, Rear-end, 0.0 drivers_injured, 0.0 drivers_killed, 0.0 passengers_injured, 0.0 passengers_killed, 0.0 pedestrian_injured, 0.0 pedestrian_killed, Dry, EDSA (SB) Evangelista St. Makati",MMDA Road Safety Unit,,cb02a42b-dfea-45b6-8f30-6188f3c9ea5e,2008-03-05,07:25:00,EDSA (SB) bet. Bernardo St. / Buendia Ave. Makati,0,0,0,0,0,0,0,0,0,0,2008-03-05 15:25,Property,14.53912863,121.0122907,Rear-End
None,EDSA,None,None,"Unknown, Side Swipe, 0.0 drivers_injured, 0.0 drivers_killed, 0.0 passengers_injured, 0.0 passengers_killed, 0.0 pedestrian_injured, 0.0 pedestrian_killed, Dry, EDSA (SB) Magallanes MRT Stn. Makati",MMDA Road Safety Unit,,5baa91ad-3bde-417c-bcc7-7c990928c0db,2008-02-26,23:30:00,"EDSA (SB) fronting Loyola Memorial Chapel, Guadlupe Makati",0,0,0,0,0,0,0,0,0,0,2008-02-27 7:30,Property,14.54171041,121.019054,Side Swipe
None,EDSA,None,None,"Unknown, Side Swipe, 0.0 drivers_injured, 0.0 drivers_killed, 0.0 passengers_injured, 0.0 passengers_killed, 0.0 pedestrian_injured, 0.0 pedestrian_killed, Dry, EDSA (SB) near Magallanes MRT Stn.  Makati",MMDA Road Safety Unit,,c5e0fc9a-4877-48b5-9a82-62513b0ea874,2008-02-21,13:25:00,EDSA (SB) Approaching Mantrade Makati,0,0,0,0,0,0,0,0,0,0,2008-02-21 21:25,Property,14.54192603,121.0192752,Side Swipe
None,EDSA,None,None,"Human Error, Side Swipe, 0.0 drivers_injured, 0.0 drivers_killed, 0.0 passengers_injured, 0.0 passengers_killed, 0.0 pedestrian_injured, 0.0 pedestrian_killed, Dry, EDSA (SB) bet. Estrella & Orense / Escuela St. Makati",MMDA Road Safety Unit,,13c66509-3f0b-432b-82ce-4b27b0337e12,2008-02-14,07:30:00,EDSA (SB) Approaching Ayala Ave. Makati,0,0,0,0,0,0,0,0,0,0,2008-02-14 15:30,Property,14.56102382,121.0419255,Side Swipe
None,EDSA,None,None,"Unknown, Rear-end, 0.0 drivers_injured, 0.0 drivers_killed, 0.0 passengers_injured, 0.0 passengers_killed, 0.0 pedestrian_injured, 0.0 pedestrian_killed, Dry, EDSA (SB) bet. Arnaiz Ave. & Pasong Tamo Ext. / Magallanes MRT Stn. Makati",MMDA Road Safety Unit,,a771cdf4-f28d-42cc-a4b6-3070d4653d75,2008-02-13,23:15:00,"EDSA (SB) Mantrade, in-between Pasay Road and Magallanes Makati",0,0,0,0,0,0,0,0,0,0,2008-02-14 7:15,Property,14.54184181,121.0190406,Rear-End
None,EDSA,None,None,"Human Error, Side Swipe, 0.0 drivers_injured, 0.0 drivers_killed, 0.0 passengers_injured, 0.0 passengers_killed, 0.0 pedestrian_injured, 0.0 pedestrian_killed, Dry, EDSA (SB) Ayala Ave. / Arnaiz Ave. Makati",MMDA Road Safety Unit,,5cb0a1f8-3ffd-49ec-a328-b420971acea7,2008-02-12,00:00:00,EDSA (SB) bet. Ayala Ave. & Pasong Tamo  Makati,0,0,0,0,0,0,0,0,0,0,2008-02-12 8:00,Property,14.55022912,121.0292348,Side Swipe
None,EDSA,None,None,"Human Error, Rear-end, 0.0 drivers_injured, 0.0 drivers_killed, 0.0 passengers_injured, 0.0 passengers_killed, 0.0 pedestrian_injured, 0.0 pedestrian_killed, Dry, EDSA (SB) Loyola Guadalupe Makati",MMDA Road Safety Unit,,924c40e7-50bd-4b72-9e35-af3cf4ef64c4,2008-02-09,14:40:00,EDSA (SB) Approaching Ayala Ave. Makati,0,0,0,0,0,0,0,0,0,0,2008-02-09 22:40,Property,14.56671016,121.0453463,Rear-End
None,EDSA,None,None,"Human Error, Side Swipe, 0.0 drivers_injured, 0.0 drivers_killed, 0.0 passengers_injured, 0.0 passengers_killed, 0.0 pedestrian_injured, 0.0 pedestrian_killed, Dry, EDSA (SB) Loyola Guadalupe Makati",MMDA Road Safety Unit,,b67b333e-7927-4c19-a674-9c6ae08048e2,2008-02-07,23:45:00,EDSA (SB) prior to Estrella St. Makati,0,0,0,0,0,0,0,0,0,0,2008-02-08 7:45,Property,14.5653264,121.0449169,Side Swipe
None,EDSA,None,None,"Human Error, Rear-end, 0.0 drivers_injured, 0.0 drivers_killed, 0.0 passengers_injured, 0.0 passengers_killed, 0.0 pedestrian_injured, 0.0 pedestrian_killed, Dry, EDSA (SB) Ayala Ave. Makati",MMDA Road Safety Unit,,9b047df6-4017-4463-8066-3f99abde579e,2008-02-06,22:45:00,EDSA (SB) Sen. Gil J. Puyat Ave. (Buendia) Makati,0,0,0,0,0,0,0,0,0,0,2008-02-07 6:45,Property,14.55024058,121.0293174,Rear-End
None,EDSA,None,None,"Human Error, Side Swipe, 0.0 drivers_injured, 0.0 drivers_killed, 0.0 passengers_injured, 0.0 passengers_killed, 0.0 pedestrian_injured, 0.0 pedestrian_killed, Dry, EDSA (SB) Approaching Estrella St. Makati",MMDA Road Safety Unit,,3832922c-a464-4b31-91e4-ce8e535679c9,2008-02-06,08:00:00,EDSA (SB) approaching Ayala Ave. Makati,0,0,0,0,0,0,0,0,0,0,2008-02-06 16:00,Property,14.5599755,121.0408006,Side Swipe
None,EDSA,None,None,"Human Error, Side Swipe, 0.0 drivers_injured, 0.0 drivers_killed, 0.0 passengers_injured, 0.0 passengers_killed, 0.0 pedestrian_injured, 0.0 pedestrian_killed, Dry, EDSA (SB) Approaching mantrade Makati",MMDA Road Safety Unit,,87a0ed59-04c2-4c33-94e2-6c2ab76a70d4,2008-02-05,08:45:00,"EDSA (SB) fronting Loyola Memorial Chapel, Guadalupe Viejo Makati",0,0,0,0,0,0,0,0,0,0,2008-02-05 16:45,Property,14.53941899,121.014514,Side Swipe
None,EDSA,None,None,"Human Error, Side Swipe, 0.0 drivers_injured, 0.0 drivers_killed, 0.0 passengers_injured, 0.0 passengers_killed, 0.0 pedestrian_injured, 0.0 pedestrian_killed, Dry, EDSA (SB) bet. Bernardo St. / Buendia Ave. Makati",MMDA Road Safety Unit,,ed784ab7-04af-41eb-aed1-6d383d2e7287,2008-02-04,04:30:00,EDSA (SB) Ayala Ave. Makati,0,0,0,0,0,0,0,0,0,0,2008-02-04 12:30,Property,14.56004559,121.0407628,Side Swipe
None,EDSA,None,None,"Human Error, Side Swipe, 0.0 drivers_injured, 0.0 drivers_killed, 0.0 passengers_injured, 0.0 passengers_killed, 0.0 pedestrian_injured, 0.0 pedestrian_killed, Dry, EDSA (SB) fronting Loyola Memorial Chapel, Guadlupe Makati",MMDA Road Safety Unit,,c5b98359-55a4-471b-8679-138af416daf7,2008-02-02,22:30:00,EDSA (SB) Tulay Makati,0,0,0,0,0,0,0,0,0,0,2008-02-03 6:30,Property,14.56526983,121.0448719,Side Swipe
None,EDSA,None,None,"Human Error, Side Swipe, 0.0 drivers_injured, 0.0 drivers_killed, 0.0 passengers_injured, 0.0 passengers_killed, 0.0 pedestrian_injured, 0.0 pedestrian_killed, Dry, EDSA (SB) Approaching Mantrade Makati",MMDA Road Safety Unit,,78e5e479-3e24-4b82-9870-438aa4ff0705,2008-01-29,11:45:00,EDSA (SB) nearing Dusit Hotel (Pasay Road) Makati,0,0,0,0,0,0,0,0,0,0,2008-01-29 19:45,Property,14.53941899,121.014514,Side Swipe
None,EDSA,None,None,"Human Error, Side Swipe, 0.0 drivers_injured, 0.0 drivers_killed, 0.0 passengers_injured, 0.0 passengers_killed, 0.0 pedestrian_injured, 0.0 pedestrian_killed, Dry, EDSA (SB) Approaching Ayala Ave. Makati",MMDA Road Safety Unit,,873b40bc-5bd6-4db3-811c-3a6bed2f7a72,2008-01-29,11:15:00,"EDSA (SB) San Carlos Seminary, Guadalupe Makati",0,0,0,0,0,0,0,0,0,0,2008-01-29 19:15,Property,14.55028537,121.0293488,Side Swipe
None,EDSA,None,None,"Unknown, Side Swipe, 0.0 drivers_injured, 0.0 drivers_killed, 0.0 passengers_injured, 0.0 passengers_killed, 0.0 pedestrian_injured, 0.0 pedestrian_killed, Dry, EDSA (SB) Mantrade, in-between Pasay Road and Magallanes Makati",MMDA Road Safety Unit,,a9b5012f-8db1-4f4a-8dc8-96cec6027849,2008-01-28,10:30:00,EDSA (SB) in-between Bernardo St. and Estrella St. Makati,0,0,0,0,0,0,0,0,0,0,2008-01-28 18:30,Property,14.54046902,121.0171628,Side Swipe
None,EDSA,None,None,"Human Error, Rear-end, 0.0 drivers_injured, 0.0 drivers_killed, 0.0 passengers_injured, 0.0 passengers_killed, 0.0 pedestrian_injured, 0.0 pedestrian_killed, Dry, EDSA (SB) bet. Ayala Ave. & Pasong Tamo  Makati",MMDA Road Safety Unit,,27ce8670-20ea-4d19-a406-5ef2908fec85,2008-01-28,08:00:00,EDSA (SB) Cloverleaf Guadalupe Makati,0,0,0,0,0,0,0,0,0,0,2008-01-28 16:00,Property,14.5492376,121.0279429,Rear-End
None,EDSA,None,None,"Human Error, Side Swipe, 0.0 drivers_injured, 0.0 drivers_killed, 0.0 passengers_injured, 0.0 passengers_killed, 0.0 pedestrian_injured, 0.0 pedestrian_killed, Dry, EDSA (SB) Approaching Ayala Ave. Makati",MMDA Road Safety Unit,,0d20ff38-6cb7-4675-848f-2bad64aed0ef,2008-01-28,00:30:00,EDSA (SB) Ayala Ave. Makati,0,0,0,0,0,0,0,0,0,0,2008-01-28 8:30,Property,14.55028537,121.0293488,Side Swipe
None,EDSA,None,None,"Human Error, Rear-end, 0.0 drivers_injured, 0.0 drivers_killed, 0.0 passengers_injured, 0.0 passengers_killed, 0.0 pedestrian_injured, 0.0 pedestrian_killed, Dry, EDSA (SB) prior to Estrella St. Makati",MMDA Road Safety Unit,,c50ee768-5e92-4f64-9778-05f84bfb6ea4,2008-01-26,13:40:00, EDSA (SB) approaching Escuela St. Makati,0,0,0,0,0,0,0,0,0,0,2008-01-26 21:40,Property,14.56069777,121.0414857,Rear-End
None,EDSA,None,None,"Unknown, Hit object (No Object Stated), 0.0 drivers_injured, 0.0 drivers_killed, 0.0 passengers_injured, 0.0 passengers_killed, 0.0 pedestrian_injured, 0.0 pedestrian_killed, Dry, EDSA (SB) Sen. Gil J. Puyat Ave. (Buendia) Makati",MMDA Road Safety Unit,,36b10b45-e7fa-43a8-8612-2f05398bb703,2008-01-24,20:10:00,EDSA (SB) Guadalupe / Loyola Makati,0,0,0,0,0,0,0,0,0,0,2008-01-25 4:10,Property,14.55496432,121.0348612,Hit Object
None,EDSA,None,None,"Unknown, Side Swipe, 0.0 drivers_injured, 0.0 drivers_killed, 0.0 passengers_injured, 0.0 passengers_killed, 0.0 pedestrian_injured, 0.0 pedestrian_killed, Dry, EDSA (SB) approaching Ayala Ave. Makati",MMDA Road Safety Unit,,7aa47a0b-ea37-4191-bded-a6fa54ab38f1,2008-01-24,13:15:00,EDSA (SB) Guadalupe / Loyola Makati,0,0,0,0,0,0,0,0,0,0,2008-01-24 21:15,Property,14.55028537,121.0293488,Side Swipe
None,EDSA,None,None,"Human Error, Rear-end, 0.0 drivers_injured, 0.0 drivers_killed, 0.0 passengers_injured, 0.0 passengers_killed, 0.0 pedestrian_injured, 0.0 pedestrian_killed, Dry, EDSA (SB) fronting Loyola Memorial Chapel, Guadalupe Viejo Makati",MMDA Road Safety Unit,,7729d7d6-0a61-4ae5-a616-ddd8db219c2d,2008-01-23,03:30:00,EDSA (SB) MRT-Guadalupe Station Makati,0,0,0,0,0,0,0,0,0,0,2008-01-23 11:30,Property,14.56692822,121.0454214,Rear-End
None,EDSA,None,None,"Human Error, Side Swipe, 0.0 drivers_injured, 0.0 drivers_killed, 0.0 passengers_injured, 0.0 passengers_killed, 0.0 pedestrian_injured, 0.0 pedestrian_killed, Dry, EDSA (SB) Ayala Ave. Makati",MMDA Road Safety Unit,,6f553004-6cf1-442d-8db2-acf3570a6c4a,2008-01-22,09:00:00,"EDSA (SB) MRT-? Station, in-between Antonio S. Arnaiz Ave. (Pasay Road) and Chino Roces Ave. (Pasong Tamo) Makati",0,0,0,0,0,0,0,0,0,0,2008-01-22 17:00,Property,14.55022912,121.0292348,Side Swipe
None,EDSA,None,None,"Unknown, Side Swipe, 0.0 drivers_injured, 0.0 drivers_killed, 0.0 passengers_injured, 0.0 passengers_killed, 0.0 pedestrian_injured, 0.0 pedestrian_killed, Dry, EDSA (SB) Tulay Makati",MMDA Road Safety Unit,,e17bbd37-571a-40ca-b875-fd9bea999e69,2008-01-18,23:30:00,EDSA (SB) in-between Arnaiz Ave. and Pasong Tamo Ext. Makati,0,0,0,0,0,0,0,0,0,0,2008-01-19 7:30,Property,14.56871587,121.0459402,Side Swipe
None,EDSA,None,None,"Unknown, Side Swipe, 0.0 drivers_injured, 0.0 drivers_killed, 0.0 passengers_injured, 0.0 passengers_killed, 0.0 pedestrian_injured, 0.0 pedestrian_killed, Dry, EDSA (SB) nearing Dusit Hotel (Pasay Road) Makati",MMDA Road Safety Unit,,6d2dbfea-ae61-44c4-ae07-1f1474dc9485,2008-01-18,15:05:00,EDSA (SB) after Estrella St. (Rockwell) Makati,0,0,0,0,0,0,0,0,0,0,2008-01-18 23:05,Property,14.54829148,121.0268197,Side Swipe
None,EDSA,None,None,"Human Error, Side Swipe, 0.0 drivers_injured, 0.0 drivers_killed, 0.0 passengers_injured, 0.0 passengers_killed, 0.0 pedestrian_injured, 0.0 pedestrian_killed, Dry, EDSA (SB) San Carlos Seminary, Guadalupe Makati",MMDA Road Safety Unit,,7da43e7f-902a-488c-bcea-64b35433dcd3,2008-01-18,05:00:00,EDSA (SB) approaching MRT-Guadalupe Station Makati,0,0,0,0,0,0,0,0,0,0,2008-01-18 13:00,Property,14.56316308,121.043841,Side Swipe
None,EDSA,None,None,"Human Error, Side Swipe, 0.0 drivers_injured, 0.0 drivers_killed, 0.0 passengers_injured, 0.0 passengers_killed, 0.0 pedestrian_injured, 0.0 pedestrian_killed, Dry, EDSA (SB) in-between Bernardo St. and Estrella St. Makati",MMDA Road Safety Unit,,d5dd0faf-a0b2-423a-a03d-9021245f7941,2008-01-15,01:30:00,EDSA (SB) in-between Estrella St. and Buendia Ave. Makati,0,0,0,0,0,0,0,0,0,0,2008-01-15 9:30,Property,14.56554055,121.0450782,Side Swipe
None,EDSA,None,None,"Human Error, Rear-end, 0.0 drivers_injured, 0.0 drivers_killed, 0.0 passengers_injured, 0.0 passengers_killed, 0.0 pedestrian_injured, 0.0 pedestrian_killed, Dry, EDSA (SB) Cloverleaf Guadalupe Makati",MMDA Road Safety Unit,,cede8f7f-30d7-45c2-8296-a88604c3203c,2008-01-12,12:10:00,"EDSA (SB) fronting Loyola Memorial, Guadalupe Makati",0,0,0,0,0,0,0,0,0,0,2008-01-12 20:10,Property,14.56800815,121.04599,Rear-End
None,EDSA,None,None,"Human Error, Side Swipe, 0.0 drivers_injured, 0.0 drivers_killed, 0.0 passengers_injured, 0.0 passengers_killed, 0.0 pedestrian_injured, 0.0 pedestrian_killed, Dry, EDSA (SB) Ayala Ave. Makati",MMDA Road Safety Unit,,4d2b0ede-0bb8-44dd-84d8-edaa9c183cbc,2008-01-12,03:05:00,"EDSA (SB) approaching Magallanes, MRT Station, Makati Makati",0,0,0,0,0,0,0,0,0,0,2008-01-12 11:05,Property,14.55022912,121.0292348,Side Swipe
None,EDSA,None,None,"Human Error, Hit object (No Object Stated), 0.0 drivers_injured, 0.0 drivers_killed, 0.0 passengers_injured, 0.0 passengers_killed, 0.0 pedestrian_injured, 0.0 pedestrian_killed, Dry, EDSA (SB) approaching Escuela St. Makati",MMDA Road Safety Unit,,d7f946f3-14d4-48a4-a82f-6d03f4ec543d,2008-01-11,12:10:00,"EDSA (SB) in-between Bernardino St. and Estrella St., approaching Estrella St. Makati",0,0,0,0,0,0,0,0,0,0,2008-01-11 20:10,Property,14.55992933,121.0410976,Hit Object
None,EDSA,None,None,"Human Error, Rear-end, 0.0 drivers_injured, 0.0 drivers_killed, 0.0 passengers_injured, 0.0 passengers_killed, 0.0 pedestrian_injured, 0.0 pedestrian_killed, Dry, EDSA (SB) Guadalupe / Loyola Makati",MMDA Road Safety Unit,,309329c5-83b8-4ee1-b114-9bd2cd476500,2008-01-11,00:30:00,"EDSA (SB) fronting Loyola Memorial Chapel, Guadalupe Makati",0,0,0,0,0,0,0,0,0,0,2008-01-11 8:30,Property,14.5672503,121.0456087,Rear-End
None,EDSA,None,None,"Human Error, Rear-end, 0.0 drivers_injured, 0.0 drivers_killed, 0.0 passengers_injured, 0.0 passengers_killed, 0.0 pedestrian_injured, 0.0 pedestrian_killed, Dry, EDSA (SB) Guadalupe / Loyola Makati",MMDA Road Safety Unit,,2b1e18a4-c3cc-4679-8a4e-cc0df5846709,2008-01-10,23:45:00,EDSA (SB) in-between Chino Roces Ave. and Evangelista St. Makati,0,0,0,0,0,0,0,0,0,0,2008-01-11 7:45,Property,14.5672503,121.0456087,Rear-End
None,EDSA,None,None,"Human Error, Rear-end, 0.0 drivers_injured, 0.0 drivers_killed, 0.0 passengers_injured, 0.0 passengers_killed, 0.0 pedestrian_injured, 0.0 pedestrian_killed, Dry, EDSA (SB) MRT-Guadalupe Station Makati",MMDA Road Safety Unit,,8dd4a1b1-5b21-417a-8c8a-5472acaf29e2,2008-01-10,04:05:00,"EDSA (SB) past Loyola Memorial Chapel, Guadalupe, Makati Makati",0,0,0,0,0,0,0,0,0,0,2008-01-10 12:05,Property,14.56671016,121.0453463,Rear-End
None,EDSA,None,None,"Human Error, Side Swipe, 0.0 drivers_injured, 0.0 drivers_killed, 0.0 passengers_injured, 0.0 passengers_killed, 0.0 pedestrian_injured, 0.0 pedestrian_killed, Dry, EDSA (SB) MRT-? Station, in-between Antonio S. Arnaiz Ave. (Pasay Road) and Chino Roces Ave. (Pasong Tamo) Makati",MMDA Road Safety Unit,,40bc5a87-ec8e-46f5-b80a-cbdc46726201,2008-01-10,03:00:00,"EDSA (SB) Loyola Memorial Chapel, Guadalupe, Viejo Makati",0,0,0,0,0,0,0,0,0,0,2008-01-10 11:00,Property,14.54227202,121.0195866,Side Swipe
None,EDSA,None,None,"Human Error, Rear-end, 0.0 drivers_injured, 0.0 drivers_killed, 0.0 passengers_injured, 0.0 passengers_killed, 0.0 pedestrian_injured, 0.0 pedestrian_killed, Dry, EDSA (SB) in-between Arnaiz Ave. and Pasong Tamo Ext. Makati",MMDA Road Safety Unit,,7822d192-d98e-4c4d-844d-2dbb2e580b5f,2008-01-10,01:00:00,EDSA (SB) Estrella St. Makati,0,0,0,0,0,0,0,0,0,0,2008-01-10 9:00,Property,14.54677725,121.0251546,Rear-End
None,EDSA,None,None,"Human Error, Side Swipe, 0.0 drivers_injured, 0.0 drivers_killed, 0.0 passengers_injured, 0.0 passengers_killed, 0.0 pedestrian_injured, 0.0 pedestrian_killed, Dry, EDSA (SB) after Estrella St. (Rockwell) Makati",MMDA Road Safety Unit,,083d0afb-6012-404a-9982-938856bd5cc7,2008-01-04,11:20:00,EDSA (SB) MRT-Guadalupe Station Makati,0,0,0,0,0,0,0,0,0,0,2008-01-04 19:20,Property,14.56019425,121.0409398,Side Swipe