LOCATION_TEXT,ROAD,WEATHER,LIGHT,DESC,REPORTING_AGENCY,MAIN_CAUSE,INCIDENTDETAILS_ID,DATE_UTC,TIME_UTC,ADDRESS,killed_driver,killed_passenger,killed_pedestrian,injured_driver,injured_passenger,injured_pedestrian,killed_uncategorized,injured_uncategorized,killed_total,injured_total,DATETIME_PST,SEVERITY,Y,X,COLLISION_TYPE
None,EDSA,None,None,"Human Error, Rear-end, 0.0 drivers_injured, 0.0 drivers_killed, 0.0 passengers_injured, 0.0 passengers_killed, 0.0 pedestrian_injured, 0.0 pedestrian_killed, Dry, EDSA (SB) approaching MRT-Guadalupe Station Makati",MMDA Road Safety Unit,,31fdbb80-3603-4954-8319-9b6443fbd684,2008-01-04,07:30:00,"EDSA (SB) in-between Bernardino St. and Estrella St., approaching Estrella St. Makati",0,0,0,0,0,0,0,0,0,0,2008-01-04 15:30,Property,14.56599367,121.0451746,Rear-End
None,EDSA,None,None,"Human Error, Side Swipe, 0.0 drivers_injured, 0.0 drivers_killed, 0.0 passengers_injured, 0.0 passengers_killed, 0.0 pedestrian_injured, 0.0 pedestrian_killed, Dry, EDSA (SB) in-between Estrella St. and Buendia Ave. Makati",MMDA Road Safety Unit,,0efac19b-3da0-4504-8478-ecd39ab7ac60,2008-01-03,08:15:00,"EDSA (SB) in-between Estrella and Sen. Gil J. Puyat Ave., approaching Buendia Ave. Makati",0,0,0,0,0,0,0,0,0,0,2008-01-03 16:15,Property,14.56046725,121.0411325,Side Swipe
None,EDSA,None,None,"Human Error, Side Swipe, 0.0 drivers_injured, 0.0 drivers_killed, 0.0 passengers_injured, 0.0 passengers_killed, 0.0 pedestrian_injured, 0.0 pedestrian_killed, Dry, EDSA (SB) fronting Loyola Memorial, Guadalupe Makati",MMDA Road Safety Unit,,a384e3b3-0f9e-44f7-8f8f-c9a381c8b2ec,2007-12-31,23:30:00,"EDSA (SB) in-between Bernardino St. and Estrella St., fronting Loyola Chapel Makati",0,0,0,0,0,0,0,0,0,0,2008-01-01 7:30,Property,14.56526983,121.0448719,Side Swipe
None,EDSA,None,None,"Unknown, Side Swipe, 0.0 drivers_injured, 0.0 drivers_killed, 0.0 passengers_injured, 0.0 passengers_killed, 0.0 pedestrian_injured, 0.0 pedestrian_killed, Dry, EDSA (SB) approaching Magallanes, MRT Station, Makati Makati",MMDA Road Safety Unit,,d9fce19c-9c4d-414c-a27f-2955f9ad81ce,2007-12-29,04:30:00,"EDSA (SB) fronting San Carlos Seminary, Guadalupe Makati",0,0,0,0,0,0,0,0,0,0,2007-12-29 12:30,Property,14.54181322,121.0191319,Side Swipe
None,EDSA,None,None,"Unknown, Rear-end, 0.0 drivers_injured, 0.0 drivers_killed, 0.0 passengers_injured, 0.0 passengers_killed, 0.0 pedestrian_injured, 0.0 pedestrian_killed, Dry, EDSA (SB) in-between Bernardino St. and Estrella St., approaching Estrella St. Makati",MMDA Road Safety Unit,,d1a9db2a-3369-4b57-9372-0470535d44b1,2007-12-28,01:30:00,EDSA (SB) in-between Bernardino St. and Estrella St. Makati,0,0,0,0,0,0,0,0,0,0,2007-12-28 9:30,Property,14.56036684,121.0411347,Rear-End
None,EDSA,None,None,"Unknown, Rear-end, 0.0 drivers_injured, 0.0 drivers_killed, 0.0 passengers_injured, 0.0 passengers_killed, 0.0 pedestrian_injured, 0.0 pedestrian_killed, Dry, EDSA (SB) fronting Loyola Memorial Chapel, Guadalupe Makati",MMDA Road Safety Unit,,7b492942-3821-4d7a-8054-0dbdfccdeca6,2007-12-26,20:50:00,"EDSA (SB) fronting Loyola Memorial Chapel, Guadalupe Viejo Makati",0,0,0,0,0,0,0,0,0,0,2007-12-27 4:50,Property,14.56526983,121.0448719,Rear-End
None,EDSA,None,None,"Unknown, Side Swipe, 0.0 drivers_injured, 0.0 drivers_killed, 0.0 passengers_injured, 0.0 passengers_killed, 0.0 pedestrian_injured, 0.0 pedestrian_killed, Dry, EDSA (SB) in-between Chino Roces Ave. and Evangelista St. Makati",MMDA Road Safety Unit,,ca21759b-ef66-4ce9-8446-435cf7144c51,2007-12-26,08:20:00,EDSA (SB) Approaching Pasay Road Makati,0,0,0,0,0,0,0,0,0,0,2007-12-26 16:20,Property,14.5391945,121.0126712,Side Swipe
None,EDSA,None,None,"Unknown, Side Swipe, 0.0 drivers_injured, 0.0 drivers_killed, 0.0 passengers_injured, 0.0 passengers_killed, 0.0 pedestrian_injured, 0.0 pedestrian_killed, Dry, EDSA (SB) past Loyola Memorial Chapel, Guadalupe, Makati Makati",MMDA Road Safety Unit,,ff5319da-897c-4959-bc63-65e8b1a696a0,2007-12-24,20:00:00,"EDSA (SB) in-between Bernardino St. and Estrella St., fronting San Carlos Seminary Makati",0,0,0,0,0,0,0,0,0,0,2007-12-25 4:00,Property,14.56515075,121.0449282,Side Swipe
None,EDSA,None,None,"Unknown, Side Swipe, 0.0 drivers_injured, 0.0 drivers_killed, 0.0 passengers_injured, 0.0 passengers_killed, 0.0 pedestrian_injured, 0.0 pedestrian_killed, Dry, EDSA (SB) Loyola Memorial Chapel, Guadalupe, Viejo Makati",MMDA Road Safety Unit,,3a80af07-2292-40e5-b75e-7efc6b43d6f8,2007-12-23,12:00:00,EDSA (SB) in-between Bernardino St. and Emilia St. Makati,0,0,0,0,0,0,0,0,0,0,2007-12-23 20:00,Property,14.5653264,121.0449169,Side Swipe
None,EDSA,None,None,"Unknown, Rear-end, 0.0 drivers_injured, 0.0 drivers_killed, 0.0 passengers_injured, 0.0 passengers_killed, 0.0 pedestrian_injured, 0.0 pedestrian_killed, Dry, EDSA (SB) Estrella St. Makati",MMDA Road Safety Unit,,dae02696-2d7c-464f-a5cd-be406a4f49ed,2007-12-22,06:35:00,EDSA (SB) Approaching Buendia Ave. Makati,0,0,0,0,0,0,0,0,0,0,2007-12-22 14:35,Property,14.56002889,121.040751,Rear-End
None,EDSA,None,None,"Unknown, Rear-end, 0.0 drivers_injured, 0.0 drivers_killed, 0.0 passengers_injured, 0.0 passengers_killed, 0.0 pedestrian_injured, 0.0 pedestrian_killed, Dry, EDSA (SB) MRT-Guadalupe Station Makati",MMDA Road Safety Unit,,52b4a007-00c4-4955-bf18-7c9aa219b504,2007-12-22,06:20:00,EDSA (SB) approaching Estrella Pedestrian Overpass Makati,0,0,0,0,0,0,0,0,0,0,2007-12-22 14:20,Property,14.56668632,121.0454204,Rear-End
None,EDSA,None,None,"Unknown, Rear-end, 0.0 drivers_injured, 0.0 drivers_killed, 0.0 passengers_injured, 0.0 passengers_killed, 0.0 pedestrian_injured, 0.0 pedestrian_killed, Dry, EDSA (SB) in-between Bernardino St. and Estrella St., approaching Estrella St. Makati",MMDA Road Safety Unit,,4b0225f3-5c32-4cb1-a6aa-01a4582b0ae0,2007-12-21,07:00:00,EDSA (SB) approaching Mantrade Makati,0,0,0,0,0,0,0,0,0,0,2007-12-21 15:00,Property,14.56036684,121.0411347,Rear-End
None,EDSA,None,None,"Unknown, Rear-end, 0.0 drivers_injured, 0.0 drivers_killed, 0.0 passengers_injured, 0.0 passengers_killed, 0.0 pedestrian_injured, 0.0 pedestrian_killed, Dry, EDSA (SB) in-between Estrella and Sen. Gil J. Puyat Ave., approaching Buendia Ave. Makati",MMDA Road Safety Unit,,1c122ada-1eea-4721-a2d3-d4ca49ec187e,2007-12-21,05:45:00,"EDSA (SB) at ""U""turn slot / Buendia  Makati",0,0,0,0,0,0,0,0,0,0,2007-12-21 13:45,Property,14.56046725,121.0411325,Rear-End
None,EDSA,None,None,"Unknown, Rear-end, 0.0 drivers_injured, 0.0 drivers_killed, 0.0 passengers_injured, 0.0 passengers_killed, 0.0 pedestrian_injured, 0.0 pedestrian_killed, Dry, EDSA (SB) in-between Bernardino St. and Estrella St., fronting Loyola Chapel Makati",MMDA Road Safety Unit,,1d534075-1faa-4e3a-b6e0-51eab4a8139d,2007-12-20,04:00:00, EDSA (SB) after Buendia Ave. Makati,0,0,0,0,0,0,0,0,0,0,2007-12-20 12:00,Property,14.56554055,121.0450782,Rear-End
None,EDSA,None,None,"Human Error, Side Swipe, 0.0 drivers_injured, 0.0 drivers_killed, 0.0 passengers_injured, 0.0 passengers_killed, 0.0 pedestrian_injured, 0.0 pedestrian_killed, Dry, EDSA (SB) fronting San Carlos Seminary, Guadalupe Makati",MMDA Road Safety Unit,,a7f19f1a-8855-46a3-984b-cb04878b1cfe,2007-12-20,02:05:00,EDSA (SB) bet. Arnaiz Ave & pasong Tamo Extn Makati,0,0,0,0,0,0,0,0,0,0,2007-12-20 10:05,Property,14.56336498,121.0439669,Side Swipe
None,EDSA,None,None,"Unknown, Rear-end, 0.0 drivers_injured, 0.0 drivers_killed, 0.0 passengers_injured, 0.0 passengers_killed, 0.0 pedestrian_injured, 0.0 pedestrian_killed, Dry, EDSA (SB) in-between Bernardino St. and Estrella St. Makati",MMDA Road Safety Unit,,7ef1b8dd-aad9-4ec3-a21a-e53a70a45664,2007-12-17,01:45:00,EDSA (SB) Approaching Ayala Ave. Makati,0,0,0,0,0,0,0,0,0,0,2007-12-17 9:45,Property,14.56554055,121.0450782,Rear-End
None,EDSA,None,None,"Unknown, Other (Backing Collision), 0.0 drivers_injured, 0.0 drivers_killed, 0.0 passengers_injured, 0.0 passengers_killed, 0.0 pedestrian_injured, 0.0 pedestrian_killed, Dry, EDSA (SB) fronting Loyola Memorial Chapel, Guadalupe Viejo Makati",MMDA Road Safety Unit,,f99d96e3-e9ea-4f4f-8f2e-d1c6b2f506a1,2007-12-15,02:25:00,EDSA (SB) Buendia Ave. Makati,0,0,0,0,0,0,0,0,0,0,2007-12-15 10:25,Property,14.56526983,121.0448719,Rear-End
None,EDSA,None,None,"Human Error, Side Swipe, 0.0 drivers_injured, 0.0 drivers_killed, 0.0 passengers_injured, 0.0 passengers_killed, 0.0 pedestrian_injured, 0.0 pedestrian_killed, Dry, EDSA (SB) Approaching Pasay Road Makati",MMDA Road Safety Unit,,5493fd9f-dc56-49a4-b0e2-74ed4712e9f0,2007-12-14,02:00:00,EDSA (SB) Approaching Ayala Ave. Makati,0,0,0,0,0,0,0,0,0,0,2007-12-14 10:00,Property,14.5478652,121.026295,Side Swipe
None,EDSA,None,None,"Unknown, Rear-end, 0.0 drivers_injured, 0.0 drivers_killed, 0.0 passengers_injured, 0.0 passengers_killed, 0.0 pedestrian_injured, 0.0 pedestrian_killed, Dry, EDSA (SB) in-between Bernardino St. and Estrella St., fronting San Carlos Seminary Makati",MMDA Road Safety Unit,,3c9665e0-6ba4-490e-a12b-40229c936f91,2007-12-13,01:00:00,EDSA (SB) bet. Buendia Ave. Ayala Ave. Makati,0,0,0,0,0,0,0,0,0,0,2007-12-13 9:00,Property,14.56325949,121.0439323,Rear-End
None,EDSA,None,None,"Unknown, Rear-end, 0.0 drivers_injured, 0.0 drivers_killed, 0.0 passengers_injured, 0.0 passengers_killed, 0.0 pedestrian_injured, 0.0 pedestrian_killed, Dry, EDSA (SB) in-between Bernardino St. and Emilia St. Makati",MMDA Road Safety Unit,,a2452619-c9f7-4652-8b15-24c23b8f50f9,2007-12-12,03:35:00,EDSA (SB) bet. Arnais Ave. / Pasong Tamo Extn. Makati,0,0,0,0,0,0,0,0,0,0,2007-12-12 11:35,Property,14.56554055,121.0450782,Rear-End
None,EDSA,None,None,"Human Error, Rear-end, 0.0 drivers_injured, 0.0 drivers_killed, 0.0 passengers_injured, 0.0 passengers_killed, 0.0 pedestrian_injured, 0.0 pedestrian_killed, Dry, EDSA (SB) Approaching Buendia Ave. Makati",MMDA Road Safety Unit,,003d90c6-3061-46d1-b453-98c21d05b0e5,2007-12-10,05:30:00,EDSA (SB) bet. Buendia Ave. Ayala Ave. Makati,0,0,0,0,0,0,0,0,0,0,2007-12-10 13:30,Property,14.55436328,121.0341668,Rear-End
None,EDSA,None,None,"Unknown, Side Swipe, 0.0 drivers_injured, 0.0 drivers_killed, 0.0 passengers_injured, 0.0 passengers_killed, 0.0 pedestrian_injured, 0.0 pedestrian_killed, Dry, EDSA (SB) approaching Estrella Pedestrian Overpass Makati",MMDA Road Safety Unit,,eb7965fb-25cb-4054-8c7d-c2d6f245b759,2007-12-08,05:30:00,EDSA (SB) bet Pasay Road & Mantrade Makati,0,0,0,0,0,0,0,0,0,0,2007-12-08 13:30,Property,14.56047798,121.0414148,Side Swipe
None,EDSA,None,None,"Unknown, Side Swipe, 0.0 drivers_injured, 0.0 drivers_killed, 0.0 passengers_injured, 0.0 passengers_killed, 0.0 pedestrian_injured, 0.0 pedestrian_killed, Dry, EDSA (SB) approaching Mantrade Makati",MMDA Road Safety Unit,,ab30b469-34c8-49c5-8f6d-063b663df8be,2007-12-08,00:15:00,EDSA (SB) past Estrella St. Makati,0,0,0,0,0,0,0,0,0,0,2007-12-08 8:15,Property,14.53941899,121.014514,Side Swipe
None,EDSA,None,None,"Human Error, Rear-end, 0.0 drivers_injured, 0.0 drivers_killed, 0.0 passengers_injured, 0.0 passengers_killed, 0.0 pedestrian_injured, 0.0 pedestrian_killed, Dry, EDSA (SB) at ""U""turn slot / Buendia  Makati",MMDA Road Safety Unit,,21cdfd15-f4d3-4d07-8601-6cf6e08f6014,2007-12-06,06:00:00,"EDSA (SB) approaching Buendia ""U"" turn slot Makati",0,0,0,0,0,0,0,0,0,0,2007-12-06 14:00,Property,14.55493443,121.0347354,Rear-End
None,EDSA,None,None,"Human Error, Hit object (No Object Stated), 0.0 drivers_injured, 0.0 drivers_killed, 0.0 passengers_injured, 0.0 passengers_killed, 0.0 pedestrian_injured, 0.0 pedestrian_killed, Dry, EDSA (SB) after Buendia Ave. Makati",MMDA Road Safety Unit,,97982102-54f0-461b-a462-2ad96778ecb5,2007-12-06,00:40:00,EDSA (SB) approaching Sen. Gil J. Puyat Ave. (Buendia) Makati,0,0,0,0,0,0,0,0,0,0,2007-12-06 8:40,Property,14.55475513,121.034496,Hit Object
None,EDSA,None,None,"Unknown, Side Swipe, 0.0 drivers_injured, 0.0 drivers_killed, 0.0 passengers_injured, 0.0 passengers_killed, 0.0 pedestrian_injured, 0.0 pedestrian_killed, Dry, EDSA (SB) bet. Arnaiz Ave & pasong Tamo Extn Makati",MMDA Road Safety Unit,,953efaab-9423-4b40-8cab-2bb452308f45,2007-12-04,04:30:00,EDSA (SB) in-between Estrella St. and Sen. Gil J. Puyat Ave. (Buendia) Makati,0,0,0,0,0,0,0,0,0,0,2007-12-04 12:30,Property,14.54184181,121.0190406,Side Swipe
None,EDSA,None,None,"Human Error, Rear-end, 0.0 drivers_injured, 0.0 drivers_killed, 0.0 passengers_injured, 0.0 passengers_killed, 0.0 pedestrian_injured, 0.0 pedestrian_killed, Dry, EDSA (SB) Approaching Ayala Ave. Makati",MMDA Road Safety Unit,,d51b6f3e-d117-4f9c-ac31-baea4d743455,2007-12-03,03:00:00,EDSA (SB) beside SM Ayala Makati,0,0,0,0,0,0,0,0,0,0,2007-12-03 11:00,Property,14.54982124,121.0289808,Rear-End
None,EDSA,None,None,"Human Error, Side Swipe, 0.0 drivers_injured, 0.0 drivers_killed, 0.0 passengers_injured, 0.0 passengers_killed, 0.0 pedestrian_injured, 0.0 pedestrian_killed, Dry, EDSA (SB) Buendia Ave. Makati",MMDA Road Safety Unit,,b45fe950-2b85-4316-9ca9-ce2745594af3,2007-12-03,02:00:00,EDSA (SB) in-between Ayala Ave. and Antonio S. Arnaiz Ave. (Pasay Road) Makati,0,0,0,0,0,0,0,0,0,0,2007-12-03 10:00,Property,14.55505269,121.034707,Side Swipe
None,EDSA,None,None,"Human Error, Rear-end, 0.0 drivers_injured, 0.0 drivers_killed, 0.0 passengers_injured, 0.0 passengers_killed, 0.0 pedestrian_injured, 0.0 pedestrian_killed, Dry, EDSA (SB) Approaching Ayala Ave. Makati",MMDA Road Safety Unit,,9bbd1652-a29d-4181-bb05-8d65a5371bba,2007-11-27,05:30:00,EDSA (SB) Estrella St. Makati,0,0,0,0,0,0,0,0,0,0,2007-11-27 13:30,Property,14.54982124,121.0289808,Rear-End
None,EDSA,None,None,"Human Error, Rear-end, 0.0 drivers_injured, 0.0 drivers_killed, 0.0 passengers_injured, 0.0 passengers_killed, 0.0 pedestrian_injured, 0.0 pedestrian_killed, Dry, EDSA (SB) bet. Buendia Ave. Ayala Ave. Makati",MMDA Road Safety Unit,,4307bfa3-69e3-42ed-8cdc-765fc3a5f239,2007-11-27,03:35:00,EDSA (SB) Ayala Loading Bay Makati,0,0,0,0,0,0,0,0,0,0,2007-11-27 11:35,Property,14.55428174,121.0338685,Rear-End
None,EDSA,None,None,"Human Error, Side Swipe, 0.0 drivers_injured, 0.0 drivers_killed, 0.0 passengers_injured, 0.0 passengers_killed, 0.0 pedestrian_injured, 0.0 pedestrian_killed, Dry, EDSA (SB) bet. Arnais Ave. / Pasong Tamo Extn. Makati",MMDA Road Safety Unit,,175daff2-449b-440b-b338-a740325f0c96,2007-11-27,00:35:00,EDSA (SB) in-between Sen. Gil J. Puyat Ave. (Buendia) and Ayala Ave. (Pasong Tamo Ext.) Makati,0,0,0,0,0,0,0,0,0,0,2007-11-27 8:35,Property,14.54184181,121.0190406,Side Swipe
None,EDSA,None,None,"Human Error, Side Swipe, 0.0 drivers_injured, 0.0 drivers_killed, 0.0 passengers_injured, 0.0 passengers_killed, 0.0 pedestrian_injured, 0.0 pedestrian_killed, Dry, EDSA (SB) bet. Buendia Ave. Ayala Ave. Makati",MMDA Road Safety Unit,,00d781cd-0059-4c45-9f1e-d87d9e68dff3,2007-11-26,10:30:00,EDSA (SB) G. Puyat Ave. Makati,0,0,0,0,0,0,0,0,0,0,2007-11-26 18:30,Property,14.55396629,121.0334647,Side Swipe
None,EDSA,None,None,"Human Error, Rear-end, 0.0 drivers_injured, 0.0 drivers_killed, 0.0 passengers_injured, 0.0 passengers_killed, 0.0 pedestrian_injured, 0.0 pedestrian_killed, Dry, EDSA (SB) bet Pasay Road & Mantrade Makati",MMDA Road Safety Unit,,abe3a418-20ad-47f3-8da8-6a3c724e18f2,2007-11-24,13:00:00,EDSA (SB) MRT Station Buendia Makati,0,0,0,0,0,0,0,0,0,0,2007-11-24 21:00,Property,14.54744178,121.0261504,Rear-End
None,EDSA,None,None,"Unknown, Rear-end, 0.0 drivers_injured, 0.0 drivers_killed, 0.0 passengers_injured, 0.0 passengers_killed, 0.0 pedestrian_injured, 0.0 pedestrian_killed, Dry, EDSA (SB) past Estrella St. Makati",MMDA Road Safety Unit,,4606fde8-f29c-4789-bd2b-172b843d8cd4,2007-11-22,12:00:00,EDSA (SB) Mantrade Loading Bay Makati,0,0,0,0,0,0,0,0,0,0,2007-11-22 20:00,Property,14.55948205,121.0401225,Rear-End
None,EDSA,None,None,"Unknown, Side Swipe, 0.0 drivers_injured, 0.0 drivers_killed, 0.0 passengers_injured, 0.0 passengers_killed, 0.0 pedestrian_injured, 0.0 pedestrian_killed, Dry, EDSA (SB) approaching Buendia ""U"" turn slot Makati",MMDA Road Safety Unit,,9e0a725b-ac63-46d5-94dc-17034ab47b33,2007-11-22,06:00:00,EDSA (SB) Approaching MRT Station Ayala Makati,0,0,0,0,0,0,0,0,0,0,2007-11-22 14:00,Property,14.55537485,121.0354873,Side Swipe
None,EDSA,None,None,"Unknown, Other (Hit Veh., Rear-end + Hit Obj.), 0.0 drivers_injured, 0.0 drivers_killed, 0.0 passengers_injured, 0.0 passengers_killed, 0.0 pedestrian_injured, 0.0 pedestrian_killed, Dry, EDSA (SB) approaching Sen. Gil J. Puyat Ave. (Buendia) Makati",MMDA Road Safety Unit,,22313fb8-9e3c-4201-b8fe-887d0967426b,2007-11-22,03:00:00,EDSA (SB) Approaching Buendia  Makati,0,0,0,0,0,0,0,0,0,0,2007-11-22 11:00,Property,14.55542101,121.0352189,Rear-End
None,EDSA,None,None,"Unknown, Rear-end, 0.0 drivers_injured, 0.0 drivers_killed, 0.0 passengers_injured, 0.0 passengers_killed, 0.0 pedestrian_injured, 0.0 pedestrian_killed, Dry, EDSA (SB) in-between Estrella St. and Sen. Gil J. Puyat Ave. (Buendia) Makati",MMDA Road Safety Unit,,298d6d5c-473a-47c3-80f9-8f0b3d93cf42,2007-11-21,01:30:00,EDSA (SB) Loading Bay Mantrade Makati,0,0,0,0,0,0,0,0,0,0,2007-11-21 9:30,Property,14.55534925,121.0352862,Rear-End
None,EDSA,None,None,"Human Error, Rear-end, 0.0 drivers_injured, 0.0 drivers_killed, 0.0 passengers_injured, 0.0 passengers_killed, 0.0 pedestrian_injured, 0.0 pedestrian_killed, Dry, EDSA (SB) beside SM Ayala Makati",MMDA Road Safety Unit,,3084f139-0740-4c85-b794-054d934ff25d,2007-11-20,19:00:00,EDSA (SB) Estrella St.  Makati,0,0,0,0,0,0,0,0,0,0,2007-11-21 3:00,Property,14.54982124,121.0289808,Rear-End
None,EDSA,None,None,"Unknown, Rear-end, 0.0 drivers_injured, 0.0 drivers_killed, 0.0 passengers_injured, 0.0 passengers_killed, 0.0 pedestrian_injured, 0.0 pedestrian_killed, Dry, EDSA (SB) in-between Ayala Ave. and Antonio S. Arnaiz Ave. (Pasay Road) Makati",MMDA Road Safety Unit,,feb3a238-f4bd-4927-b78b-8a773ee0e483,2007-11-19,13:30:00,EDSA (SB) past Sen. Gil J. Puyat Ave. (Buendia) Makati,0,0,0,0,0,0,0,0,0,0,2007-11-19 21:30,Property,14.54759817,121.0261201,Rear-End
None,EDSA,None,None,"Unknown, Rear-end, 0.0 drivers_injured, 0.0 drivers_killed, 0.0 passengers_injured, 0.0 passengers_killed, 0.0 pedestrian_injured, 0.0 pedestrian_killed, Dry, EDSA (SB) Estrella St. Makati",MMDA Road Safety Unit,,f7781901-b7ae-4238-97e9-7687a3315a8b,2007-11-17,22:15:00,EDSA (SB) fronting MRT-Magallanes Station Makati,0,0,0,0,0,0,0,0,0,0,2007-11-18 6:15,Property,14.56002889,121.040751,Rear-End
None,EDSA,None,None,"Unknown, Side Swipe, 0.0 drivers_injured, 0.0 drivers_killed, 0.0 passengers_injured, 0.0 passengers_killed, 0.0 pedestrian_injured, 0.0 pedestrian_killed, Dry, EDSA (SB) Ayala Loading Bay Makati",MMDA Road Safety Unit,,43f8590c-3e83-4f7e-894a-13cf1a4a37f6,2007-11-16,23:15:00,EDSA (SB) fronting MRT-Guadalupe Station Makati,0,0,0,0,0,0,0,0,0,0,2007-11-17 7:15,Property,14.54886,121.0276063,Side Swipe
None,EDSA,None,None,"Unknown, Rear-end, 0.0 drivers_injured, 0.0 drivers_killed, 0.0 passengers_injured, 0.0 passengers_killed, 0.0 pedestrian_injured, 0.0 pedestrian_killed, Dry, EDSA (SB) in-between Sen. Gil J. Puyat Ave. (Buendia) and Ayala Ave. (Pasong Tamo Ext.) Makati",MMDA Road Safety Unit,,2b69f3c3-3ed4-4a99-8302-aeeb069a80f2,2007-11-16,08:35:00,"EDSA (SB) fronting Pet Plans Tower, Guadalupe Makati",0,0,0,0,0,0,0,0,0,0,2007-11-16 16:35,Property,14.55379893,121.0334662,Rear-End
None,EDSA,None,None,"Unknown, Rear-end, 0.0 drivers_injured, 0.0 drivers_killed, 0.0 passengers_injured, 0.0 passengers_killed, 0.0 pedestrian_injured, 0.0 pedestrian_killed, Dry, EDSA (SB) G. Puyat Ave. Makati",MMDA Road Safety Unit,,d996fa38-b1b6-4e65-a4dd-5ead8fa61af1,2007-11-15,22:00:00,EDSA (SB) fronting MRT-Guadalupe Station Makati,0,0,0,0,0,0,0,0,0,0,2007-11-16 6:00,Property,14.5550059,121.0348302,Rear-End
None,EDSA,None,None,"Human Error, Side Swipe, 0.0 drivers_injured, 0.0 drivers_killed, 0.0 passengers_injured, 0.0 passengers_killed, 0.0 pedestrian_injured, 0.0 pedestrian_killed, Dry, EDSA (SB) MRT Station Buendia Makati",MMDA Road Safety Unit,,42803a03-58a3-4b0e-8011-952a78524c12,2007-11-15,00:40:00,"EDSA (SB) in-between Antonio S. Arnaiz Ave. (Pasay Road) and Chino Roces Ave. (Pasong Tamo), MRT-Magallanes Station Makati",0,0,0,0,0,0,0,0,0,0,2007-11-15 8:40,Property,14.55388514,121.0337661,Side Swipe
None,EDSA,None,None,"Human Error, Rear-end, 0.0 drivers_injured, 0.0 drivers_killed, 0.0 passengers_injured, 0.0 passengers_killed, 0.0 pedestrian_injured, 0.0 pedestrian_killed, Dry, EDSA (SB) Mantrade Loading Bay Makati",MMDA Road Safety Unit,,d8cbef5b-05cb-4ea2-8065-958aec624dd9,2007-11-12,12:15:00,"EDSA (SB) in-between Bernardino St. and Estrella St., corner Estrella St. Makati",0,0,0,0,0,0,0,0,0,0,2007-11-12 20:15,Property,14.54139794,121.018159,Rear-End
None,EDSA,None,None,"Human Error, Side Swipe, 0.0 drivers_injured, 0.0 drivers_killed, 0.0 passengers_injured, 0.0 passengers_killed, 0.0 pedestrian_injured, 0.0 pedestrian_killed, Dry, EDSA (SB) Approaching MRT Station Ayala Makati",MMDA Road Safety Unit,,05a5cf60-6476-4dbd-988d-b88e8068abbd,2007-11-12,10:05:00,EDSA (SB) approaching Sen. Gil J. Puyat Ave. (Buendia) Makati,0,0,0,0,0,0,0,0,0,0,2007-11-12 18:05,Property,14.54915938,121.0279498,Side Swipe
None,EDSA,None,None,"Human Error, Rear-end, 0.0 drivers_injured, 0.0 drivers_killed, 0.0 passengers_injured, 0.0 passengers_killed, 0.0 pedestrian_injured, 0.0 pedestrian_killed, Dry, EDSA (SB) Approaching Buendia  Makati",MMDA Road Safety Unit,,212bc11b-a11c-4b1a-85b3-80978fea4bbc,2007-11-12,10:00:00,EDSA (SB) Ayala Ave. Makati,0,0,0,0,0,0,0,0,0,0,2007-11-12 18:00,Property,14.55436328,121.0341668,Rear-End
None,EDSA,None,None,"Human Error, Rear-end, 0.0 drivers_injured, 0.0 drivers_killed, 0.0 passengers_injured, 0.0 passengers_killed, 0.0 pedestrian_injured, 0.0 pedestrian_killed, Dry, EDSA (SB) Loading Bay Mantrade Makati",MMDA Road Safety Unit,,7ebed5da-0245-4e2e-a68c-387de4e713b1,2007-11-10,22:00:00,EDSA (SB) approaching Chino Roces Ave. (Pasong Tamo) Makati,0,0,0,0,0,0,0,0,0,0,2007-11-11 6:00,Property,14.54112636,121.0186467,Rear-End
None,EDSA,None,None,"Other, Hit object (No Object Stated), 0.0 drivers_injured, 0.0 drivers_killed, 0.0 passengers_injured, 0.0 passengers_killed, 0.0 pedestrian_injured, 0.0 pedestrian_killed, Dry, EDSA (SB) Estrella St.  Makati",MMDA Road Safety Unit,,b291d43b-687a-4393-b57a-7babe49489dc,2007-11-10,11:30:00,EDSA (SB) in-between Chino Roces Ave. (Pasong Tamo Ext.) and Evangelista St. Makati,0,0,0,0,0,0,0,0,0,0,2007-11-10 19:30,Property,14.56002889,121.040751,Hit Object
None,EDSA,None,None,"Unknown, Side Swipe, 0.0 drivers_injured, 0.0 drivers_killed, 0.0 passengers_injured, 0.0 passengers_killed, 0.0 pedestrian_injured, 0.0 pedestrian_killed, Dry, EDSA (SB) past Sen. Gil J. Puyat Ave. (Buendia) Makati",MMDA Road Safety Unit,,5e5a7457-3747-48ca-ac6f-56a8ce55e223,2007-11-09,20:30:00,EDSA (SB) Antonio S. Arnaiz Ave. (Pasay Road) Makati,0,0,0,0,0,0,0,0,0,0,2007-11-10 4:30,Property,14.55473532,121.0344987,Side Swipe
None,EDSA,None,None,"Unknown, Side Swipe, 0.0 drivers_injured, 0.0 drivers_killed, 0.0 passengers_injured, 0.0 passengers_killed, 0.0 pedestrian_injured, 0.0 pedestrian_killed, Dry, EDSA (SB) fronting MRT-Magallanes Station Makati",MMDA Road Safety Unit,,7020423c-114a-49a1-a9ad-c00c2b2cae6f,2007-11-09,04:45:00,EDSA (SB) Ayala Ave. Makati,0,0,0,0,0,0,0,0,0,0,2007-11-09 12:45,Property,14.54176472,121.0191451,Side Swipe
None,EDSA,None,None,"Unknown, Side Swipe, 0.0 drivers_injured, 0.0 drivers_killed, 0.0 passengers_injured, 0.0 passengers_killed, 0.0 pedestrian_injured, 0.0 pedestrian_killed, Dry, EDSA (SB) fronting MRT-Guadalupe Station Makati",MMDA Road Safety Unit,,4e34a2ee-dcc2-4924-983d-fbb6f65fb90e,2007-11-09,04:30:00,EDSA (SB) in-between Boni Ave. and Cloverleaf Guadalupe Bridge Makati,0,0,0,0,0,0,0,0,0,0,2007-11-09 12:30,Property,14.56661006,121.0454505,Side Swipe