LOCATION_TEXT,ROAD,WEATHER,LIGHT,DESC,REPORTING_AGENCY,MAIN_CAUSE,INCIDENTDETAILS_ID,DATE_UTC,TIME_UTC,ADDRESS,killed_driver,killed_passenger,killed_pedestrian,injured_driver,injured_passenger,injured_pedestrian,killed_uncategorized,injured_uncategorized,killed_total,injured_total,DATETIME_PST,SEVERITY,Y,X,COLLISION_TYPE
None,EDSA,None,None,"Unknown, Rear-end, 0.0 drivers_injured, 0.0 drivers_killed, 0.0 passengers_injured, 0.0 passengers_killed, 0.0 pedestrian_injured, 0.0 pedestrian_killed, Dry, EDSA (SB) fronting Pet Plans Tower, Guadalupe Makati",MMDA Road Safety Unit,,78f0c7bf-c4c1-48a9-aba3-98e8df37fdec,2007-11-09,03:00:00,EDSA (SB) after Estrella St. Makati,0,0,0,0,0,0,0,0,0,0,2007-11-09 11:00,Property,14.56187579,121.0428741,Rear-End
None,EDSA,None,None,"Unknown, Rear-end, 0.0 drivers_injured, 0.0 drivers_killed, 0.0 passengers_injured, 0.0 passengers_killed, 0.0 pedestrian_injured, 0.0 pedestrian_killed, Dry, EDSA (SB) fronting MRT-Guadalupe Station Makati",MMDA Road Safety Unit,,98ba18fe-3566-4962-9b19-146d8b991857,2007-11-07,10:30:00,EDSA (SB) near Rockwell Estrella St. Makati,0,0,0,0,0,0,0,0,0,0,2007-11-07 18:30,Property,14.56661006,121.0454505,Rear-End
None,EDSA,None,None,"Unknown, Rear-end, 0.0 drivers_injured, 0.0 drivers_killed, 0.0 passengers_injured, 0.0 passengers_killed, 0.0 pedestrian_injured, 0.0 pedestrian_killed, Dry, EDSA (SB) in-between Antonio S. Arnaiz Ave. (Pasay Road) and Chino Roces Ave. (Pasong Tamo), MRT-Magallanes Station Makati",MMDA Road Safety Unit,,6a5c4570-e79d-4d45-8d65-2eb8194d9342,2007-11-06,00:15:00,EDSA (SB) MRT Buendia Station Makati,0,0,0,0,0,0,0,0,0,0,2007-11-06 8:15,Property,14.54181292,121.0191611,Rear-End
None,EDSA,None,None,"Unknown, Side Swipe, 0.0 drivers_injured, 0.0 drivers_killed, 0.0 passengers_injured, 0.0 passengers_killed, 0.0 pedestrian_injured, 0.0 pedestrian_killed, Dry, EDSA (SB) in-between Bernardino St. and Estrella St., corner Estrella St. Makati",MMDA Road Safety Unit,,5ceaa1e7-7862-4182-9bc5-0cefb457e532,2007-11-04,23:45:00,EDSA (SB) bet. Arnaiz Ave. & Pasong Extn. Magallanes MRT Stn. Makati,0,0,0,0,0,0,0,0,0,0,2007-11-05 7:45,Property,14.56012544,121.0408606,Side Swipe
None,EDSA,None,None,"Unknown, Rear-end, 0.0 drivers_injured, 0.0 drivers_killed, 0.0 passengers_injured, 0.0 passengers_killed, 0.0 pedestrian_injured, 0.0 pedestrian_killed, Dry, EDSA (SB) approaching Sen. Gil J. Puyat Ave. (Buendia) Makati",MMDA Road Safety Unit,,af56cf0f-1982-47b4-9ce1-001e9cefc536,2007-11-01,09:30:00,EDSA (SB) before Buendia Ave. Makati,0,0,0,0,0,0,0,0,0,0,2007-11-01 17:30,Property,14.55542101,121.0352189,Rear-End
None,EDSA,None,None,"Unknown, Rear-end, 0.0 drivers_injured, 0.0 drivers_killed, 0.0 passengers_injured, 0.0 passengers_killed, 0.0 pedestrian_injured, 0.0 pedestrian_killed, Dry, EDSA (SB) Ayala Ave. Makati",MMDA Road Safety Unit,,dd323a04-ce19-4a5d-abbb-80d296e554b1,2007-10-31,01:50:00,EDSA (SB) Guadalupe  Makati,0,0,0,0,0,0,0,0,0,0,2007-10-31 9:50,Property,14.55022912,121.0292348,Rear-End
None,EDSA,None,None,"Unknown, Rear-end, 0.0 drivers_injured, 0.0 drivers_killed, 0.0 passengers_injured, 0.0 passengers_killed, 0.0 pedestrian_injured, 0.0 pedestrian_killed, Dry, EDSA (SB) approaching Chino Roces Ave. (Pasong Tamo) Makati",MMDA Road Safety Unit,,a78cc67a-0edf-4500-8883-0d23fb2b3e89,2007-10-24,03:30:00,EDSA (SB) after A. Arnaiz Ave. Makati,0,0,0,0,0,0,0,0,0,0,2007-10-24 11:30,Property,14.54111875,121.0183597,Rear-End
None,EDSA,None,None,"Unknown, Rear-end, 0.0 drivers_injured, 0.0 drivers_killed, 0.0 passengers_injured, 0.0 passengers_killed, 0.0 pedestrian_injured, 0.0 pedestrian_killed, Dry, EDSA (SB) in-between Chino Roces Ave. (Pasong Tamo Ext.) and Evangelista St. Makati",MMDA Road Safety Unit,,5eb3459c-dbc2-4aa7-8016-47929f251d9f,2007-10-24,03:00:00,EDSA (SB) bet. Arnaiz Ave. & Pasong Extn. Makati,0,0,0,0,0,0,0,0,0,0,2007-10-24 11:00,Property,14.5391945,121.0126712,Rear-End
None,EDSA,None,None,"Unknown, Rear-end, 0.0 drivers_injured, 0.0 drivers_killed, 0.0 passengers_injured, 0.0 passengers_killed, 0.0 pedestrian_injured, 0.0 pedestrian_killed, Dry, EDSA (SB) Antonio S. Arnaiz Ave. (Pasay Road) Makati",MMDA Road Safety Unit,,d10302b0-4f74-4f31-b447-ad440bb22140,2007-10-23,07:00:00,EDSA (SB) Estrella St. Makati,0,0,0,0,0,0,0,0,0,0,2007-10-23 15:00,Property,14.54752556,121.0260165,Rear-End
None,EDSA,None,None,"Unknown, Side Swipe, 0.0 drivers_injured, 0.0 drivers_killed, 0.0 passengers_injured, 0.0 passengers_killed, 0.0 pedestrian_injured, 0.0 pedestrian_killed, Dry, EDSA (SB) Ayala Ave. Makati",MMDA Road Safety Unit,,9ce91489-0376-4609-bc32-b52ba1f21f62,2007-10-22,13:30:00,EDSA (SB) Estrella St. Makati,0,0,0,0,0,0,0,0,0,0,2007-10-22 21:30,Property,14.55022912,121.0292348,Side Swipe
None,EDSA,None,None,"Unknown, Rear-end, 0.0 drivers_injured, 0.0 drivers_killed, 0.0 passengers_injured, 0.0 passengers_killed, 0.0 pedestrian_injured, 0.0 pedestrian_killed, Dry, EDSA (SB) in-between Boni Ave. and Cloverleaf Guadalupe Bridge Makati",MMDA Road Safety Unit,,12c9a75c-2793-462f-8a52-ec53eb9b02f5,2007-10-22,08:15:00,EDSA (SB) after Magallanes Village Makati,0,0,0,0,0,0,0,0,0,0,2007-10-22 16:15,Property,14.56851951,121.0459051,Rear-End
None,EDSA,None,None,"Human Error, Rear-end, 0.0 drivers_injured, 0.0 drivers_killed, 0.0 passengers_injured, 0.0 passengers_killed, 0.0 pedestrian_injured, 0.0 pedestrian_killed, Dry, EDSA (SB) after Estrella St. Makati",MMDA Road Safety Unit,,6a594636-50f5-4e24-a05c-a74879110c59,2007-10-16,05:30:00,EDSA (SB) Approaching Pasong Tamo St. Makati,0,0,0,0,0,0,0,0,0,0,2007-10-16 13:30,Property,14.55974241,121.0408455,Rear-End
None,EDSA,None,None,"Human Error, Rear-end, 0.0 drivers_injured, 0.0 drivers_killed, 0.0 passengers_injured, 0.0 passengers_killed, 0.0 pedestrian_injured, 0.0 pedestrian_killed, Dry, EDSA (SB) near Rockwell Estrella St. Makati",MMDA Road Safety Unit,,d44d2569-d2d1-4d1a-908d-bcdac47397bc,2007-10-16,01:30:00,EDSA (SB) Split Channel of Magallanes fltover Makati,0,0,0,0,0,0,0,0,0,0,2007-10-16 9:30,Property,14.55978992,121.0405331,Rear-End
None,EDSA,None,None,"Human Error, Side Swipe, 0.0 drivers_injured, 0.0 drivers_killed, 0.0 passengers_injured, 0.0 passengers_killed, 0.0 pedestrian_injured, 0.0 pedestrian_killed, Dry, EDSA (SB) MRT Buendia Station Makati",MMDA Road Safety Unit,,70d2e911-9aa3-4b5f-a1a9-74ab75e4bacc,2007-10-11,00:30:00, EDSA (SB) Sen. Gil J. Puyat Ave. (Buendia) Makati,0,0,0,0,0,0,0,0,0,0,2007-10-11 8:30,Property,14.55406248,121.0340572,Side Swipe
None,EDSA,None,None,"Human Error, Side Swipe, 0.0 drivers_injured, 0.0 drivers_killed, 0.0 passengers_injured, 0.0 passengers_killed, 0.0 pedestrian_injured, 0.0 pedestrian_killed, Dry, EDSA (SB) bet. Arnaiz Ave. & Pasong Extn. Magallanes MRT Stn. Makati",MMDA Road Safety Unit,,e9b6da60-7d03-4e92-9dde-ab5868ba6566,2007-10-08,08:20:00,EDSA (SB) bet. Arnaiz Ave. & Pasong Extn. Makati,0,0,0,0,0,0,0,0,0,0,2007-10-08 16:20,Property,14.54184181,121.0190406,Side Swipe
None,EDSA,None,None,"Human Error, Angle Impact, 0.0 drivers_injured, 0.0 drivers_killed, 0.0 passengers_injured, 0.0 passengers_killed, 0.0 pedestrian_injured, 0.0 pedestrian_killed, Dry, EDSA (SB) before Buendia Ave. Makati",MMDA Road Safety Unit,,b1a3eba8-339f-40d1-9cca-41acd593a8ae,2007-10-05,10:30:00,EDSA (SB) Bet. Buendia ave. & Ayala Ave. Makati,0,0,0,0,0,0,0,0,0,0,2007-10-05 18:30,Property,14.55566451,121.0355491,Angle Impact
None,EDSA,None,None,"Human Error, Rear-end, 0.0 drivers_injured, 0.0 drivers_killed, 0.0 passengers_injured, 0.0 passengers_killed, 0.0 pedestrian_injured, 0.0 pedestrian_killed, Dry, EDSA (SB) Guadalupe  Makati",MMDA Road Safety Unit,,9ae2c4b7-95f6-4de0-874a-3cdd482a4c4c,2007-10-05,02:00:00,EDSA (SB) Estrella St. Makati,0,0,0,0,0,0,0,0,0,0,2007-10-05 10:00,Property,14.5672503,121.0456087,Rear-End
None,EDSA,None,None,"Human Error, Rear-end, 0.0 drivers_injured, 0.0 drivers_killed, 0.0 passengers_injured, 0.0 passengers_killed, 0.0 pedestrian_injured, 0.0 pedestrian_killed, Dry, EDSA (SB) after A. Arnaiz Ave. Makati",MMDA Road Safety Unit,,d579073e-fc2e-4e79-ae0c-a1c9be3b6f3c,2007-10-04,13:30:00,EDSA (SB) bet. Buendia Ave. & ayala Ave. & Buendia Makati,0,0,0,0,0,0,0,0,0,0,2007-10-04 21:30,Property,14.54744178,121.0261504,Rear-End
None,EDSA,None,None,"Human Error, Rear-end, 0.0 drivers_injured, 0.0 drivers_killed, 0.0 passengers_injured, 0.0 passengers_killed, 0.0 pedestrian_injured, 0.0 pedestrian_killed, Dry, EDSA (SB) bet. Arnaiz Ave. & Pasong Extn. Makati",MMDA Road Safety Unit,,dd4a9351-b3ed-4b15-8214-dbb31671c153,2007-10-04,07:10:00,"EDSA (SB) after Dusit Hotel, Ayala Makati",0,0,0,0,0,0,0,0,0,0,2007-10-04 15:10,Property,14.54677725,121.0251546,Rear-End
None,EDSA,None,None,"Human Error, Side Swipe, 0.0 drivers_injured, 0.0 drivers_killed, 0.0 passengers_injured, 0.0 passengers_killed, 0.0 pedestrian_injured, 0.0 pedestrian_killed, Dry, EDSA (SB) Estrella St. Makati",MMDA Road Safety Unit,,d810857d-86f7-4d31-ab7d-00684163bcfa,2007-10-03,22:25:00,EDSA (SB) fronting Loyola guadalupe Makati,0,0,0,0,0,0,0,0,0,0,2007-10-04 6:25,Property,14.56002889,121.040751,Side Swipe
None,EDSA,None,None,"Human Error, Side Swipe, 0.0 drivers_injured, 0.0 drivers_killed, 0.0 passengers_injured, 0.0 passengers_killed, 0.0 pedestrian_injured, 0.0 pedestrian_killed, Dry, EDSA (SB) Estrella St. Makati",MMDA Road Safety Unit,,ddf59a1f-c615-4aba-bd51-47515a448742,2007-10-03,04:35:00,EDSA (SB) Approaching Ayala Ave. Makati,0,0,0,0,0,0,0,0,0,0,2007-10-03 12:35,Property,14.56002889,121.040751,Side Swipe
None,EDSA,None,None,"Human Error, Rear-end, 0.0 drivers_injured, 0.0 drivers_killed, 0.0 passengers_injured, 0.0 passengers_killed, 0.0 pedestrian_injured, 0.0 pedestrian_killed, Dry, EDSA (SB) after Magallanes Village Makati",MMDA Road Safety Unit,,924a3241-4a28-44ca-a88f-acdf38b27258,2007-10-03,03:25:00,EDSA (SB) Estrella St. Makati,0,0,0,0,0,0,0,0,0,0,2007-10-03 11:25,Property,14.5398275,121.0148182,Rear-End
None,EDSA,None,None,"Human Error, Side Swipe, 0.0 drivers_injured, 0.0 drivers_killed, 0.0 passengers_injured, 0.0 passengers_killed, 0.0 pedestrian_injured, 0.0 pedestrian_killed, Dry, EDSA (SB) Approaching Pasong Tamo St. Makati",MMDA Road Safety Unit,,6d9f1d1e-2782-496e-8326-048a869ae253,2007-10-02,06:00:00,EDSA (SB) bet. Estrella St. & Buendia Ave. Makati,0,0,0,0,0,0,0,0,0,0,2007-10-02 14:00,Property,14.54777722,121.026264,Side Swipe
None,EDSA,None,None,"Human Error, Rear-end, 0.0 drivers_injured, 0.0 drivers_killed, 0.0 passengers_injured, 0.0 passengers_killed, 0.0 pedestrian_injured, 0.0 pedestrian_killed, Dry, EDSA (SB) Split Channel of Magallanes fltover Makati",MMDA Road Safety Unit,,0dd29cf5-2c27-4b04-a9cb-78d7914bd58c,2007-10-02,02:30:00,EDSA (SB) Guadalupe Cloverleaf  Makati,0,0,0,0,0,0,0,0,0,0,2007-10-02 10:30,Property,14.54211957,121.0198009,Rear-End
None,EDSA,None,None,"Human Error, Hit object (No Object Stated), 0.0 drivers_injured, 0.0 drivers_killed, 0.0 passengers_injured, 0.0 passengers_killed, 0.0 pedestrian_injured, 0.0 pedestrian_killed, Dry, EDSA (SB) Sen. Gil J. Puyat Ave. (Buendia) Makati",MMDA Road Safety Unit,,c04494f9-e124-49c3-9d6c-dddd4e18e2e0,2007-10-01,12:00:00,EDSA (SB) after Rockwell Makati,0,0,0,0,0,0,0,0,0,0,2007-10-01 20:00,Property,14.55455179,121.0342681,Hit Object
None,EDSA,None,None,"Human Error, Side Swipe, 0.0 drivers_injured, 0.0 drivers_killed, 0.0 passengers_injured, 0.0 passengers_killed, 0.0 pedestrian_injured, 0.0 pedestrian_killed, Dry, EDSA (SB) bet. Arnaiz Ave. & Pasong Extn. Makati",MMDA Road Safety Unit,,b23e483c-aac8-4dfe-83e4-eece0943b753,2007-10-01,08:15:00,EDSA (SB) Approaching Buendia Ave. Makati,0,0,0,0,0,0,0,0,0,0,2007-10-01 16:15,Property,14.54184181,121.0190406,Side Swipe
None,EDSA,None,None,"Human Error, Rear-end, 0.0 drivers_injured, 0.0 drivers_killed, 0.0 passengers_injured, 0.0 passengers_killed, 0.0 pedestrian_injured, 0.0 pedestrian_killed, Dry, EDSA (SB) Bet. Buendia ave. & Ayala Ave. Makati",MMDA Road Safety Unit,,f50c2632-c69a-4b64-98a4-246ac0c283e6,2007-09-30,23:40:00,EDSA (SB) bet. Bernardo St. Estrella St. fronting Loyola Chapel Makati,0,0,0,0,0,0,0,0,0,0,2007-10-01 7:40,Property,14.55428174,121.0338685,Rear-End
None,EDSA,None,None,"Human Error, Rear-end, 0.0 drivers_injured, 0.0 drivers_killed, 0.0 passengers_injured, 0.0 passengers_killed, 0.0 pedestrian_injured, 0.0 pedestrian_killed, Dry, EDSA (SB) Estrella St. Makati",MMDA Road Safety Unit,,9c509934-b96e-44fe-a8b8-e4690beb19a3,2007-09-30,23:15:00,EDSA (SB) bet. Arnaiz Ave. Pasong Tamo Ext. Magallanes Makati,0,0,0,0,0,0,0,0,0,0,2007-10-01 7:15,Property,14.55978992,121.0405331,Rear-End
None,EDSA,None,None,"Human Error, Side Swipe, 0.0 drivers_injured, 0.0 drivers_killed, 0.0 passengers_injured, 0.0 passengers_killed, 0.0 pedestrian_injured, 0.0 pedestrian_killed, Dry, EDSA (SB) bet. Buendia Ave. & ayala Ave. & Buendia Makati",MMDA Road Safety Unit,,408830b6-ca56-4642-bee4-cbdbdac156e7,2007-09-28,03:30:00,EDSA (SB) after Estrella St. Makati,0,0,0,0,0,0,0,0,0,0,2007-09-28 11:30,Property,14.55396629,121.0334647,Side Swipe
None,EDSA,None,None,"Human Error, Side Swipe, 0.0 drivers_injured, 0.0 drivers_killed, 0.0 passengers_injured, 0.0 passengers_killed, 0.0 pedestrian_injured, 0.0 pedestrian_killed, Dry, EDSA (SB) after Dusit Hotel, Ayala Makati",MMDA Road Safety Unit,,02c42aaf-b81c-4f19-88fd-f1d60687cb7d,2007-09-27,11:15:00,EDSA (SB) after Estrella St. Makati,0,0,0,0,0,0,0,0,0,0,2007-09-27 19:15,Property,14.54809781,121.0265706,Side Swipe
None,EDSA,None,None,"Human Error, Side Swipe, 0.0 drivers_injured, 0.0 drivers_killed, 0.0 passengers_injured, 0.0 passengers_killed, 0.0 pedestrian_injured, 0.0 pedestrian_killed, Dry, EDSA (SB) fronting Loyola guadalupe Makati",MMDA Road Safety Unit,,01b23458-9597-4ed7-86bc-63c66af8799a,2007-09-27,11:00:00,EDSA (SB) Bernardino St./ Estrella St. Makati,0,0,0,0,0,0,0,0,0,0,2007-09-27 19:00,Property,14.56526983,121.0448719,Side Swipe
None,EDSA,None,None,"Human Error, Side Swipe, 0.0 drivers_injured, 0.0 drivers_killed, 0.0 passengers_injured, 0.0 passengers_killed, 0.0 pedestrian_injured, 0.0 pedestrian_killed, Dry, EDSA (SB) Approaching Ayala Ave. Makati",MMDA Road Safety Unit,,0cd39482-f2ae-4cfe-b3a7-05cc1b3b3d73,2007-09-27,08:00:00,EDSA (SB) bet. Buendia & Ayala Ave. Makati,0,0,0,0,0,0,0,0,0,0,2007-09-27 16:00,Property,14.55028537,121.0293488,Side Swipe
None,EDSA,None,None,"Human Error, Angle Impact, 0.0 drivers_injured, 0.0 drivers_killed, 0.0 passengers_injured, 0.0 passengers_killed, 0.0 pedestrian_injured, 0.0 pedestrian_killed, Dry, EDSA (SB) Estrella St. Makati",MMDA Road Safety Unit,,09a79612-48ff-44f3-9646-5bc9046623c5,2007-09-26,03:50:00,EDSA (SB) Guadalupe Loading Bay Makati,0,0,0,0,0,0,0,0,0,0,2007-09-26 11:50,Property,14.56000794,121.040791,Angle Impact
None,EDSA,None,None,"Human Error, Side Swipe, 0.0 drivers_injured, 0.0 drivers_killed, 0.0 passengers_injured, 0.0 passengers_killed, 0.0 pedestrian_injured, 0.0 pedestrian_killed, Dry, EDSA (SB) bet. Estrella St. & Buendia Ave. Makati",MMDA Road Safety Unit,,7547cbb6-5b58-4558-b063-a911504e6a8a,2007-09-26,02:00:00,EDSA (SB) MRT Guadalupe Makati,0,0,0,0,0,0,0,0,0,0,2007-09-26 10:00,Property,14.55757365,121.037655,Side Swipe
None,EDSA,None,None,"Human Error, Rear-end, 0.0 drivers_injured, 0.0 drivers_killed, 0.0 passengers_injured, 0.0 passengers_killed, 0.0 pedestrian_injured, 0.0 pedestrian_killed, Dry, EDSA (SB) Guadalupe Cloverleaf  Makati",MMDA Road Safety Unit,,dd4d76b4-bd68-4c1b-94bb-cfcd75f62eb3,2007-09-24,13:50:00,EDSA (SB) Approaching MRT Station Guadalupe Makati,0,0,0,0,0,0,0,0,0,0,2007-09-24 21:50,Property,14.5672503,121.0456087,Rear-End
None,EDSA,None,None,"Human Error, Rear-end, 0.0 drivers_injured, 0.0 drivers_killed, 0.0 passengers_injured, 0.0 passengers_killed, 0.0 pedestrian_injured, 0.0 pedestrian_killed, Dry, EDSA (SB) after Rockwell Makati",MMDA Road Safety Unit,,b8763f80-7c9d-4e45-ae5b-605051290ea9,2007-09-23,23:30:00,EDSA (SB) Parklane St.  Makati,0,0,0,0,0,0,0,0,0,0,2007-09-24 7:30,Property,14.55996048,121.0406041,Rear-End
None,EDSA,None,None,"Human Error, Rear-end, 0.0 drivers_injured, 0.0 drivers_killed, 0.0 passengers_injured, 0.0 passengers_killed, 0.0 pedestrian_injured, 0.0 pedestrian_killed, Dry, EDSA (SB) Approaching Buendia Ave. Makati",MMDA Road Safety Unit,,0d3b2bd3-f703-4e18-84c8-4fb4110643f0,2007-09-22,00:25:00,EDSA (SB) Park Lane St. Makati,0,0,0,0,0,0,0,0,0,0,2007-09-22 8:25,Property,14.55436328,121.0341668,Rear-End
None,EDSA,None,None,"Human Error, Rear-end, 0.0 drivers_injured, 0.0 drivers_killed, 0.0 passengers_injured, 0.0 passengers_killed, 0.0 pedestrian_injured, 0.0 pedestrian_killed, Dry, EDSA (SB) bet. Bernardo St. Estrella St. fronting Loyola Chapel Makati",MMDA Road Safety Unit,,0f4d0e5f-1271-4453-a9ac-d74d04d4fb44,2007-09-21,04:10:00,EDSA (SB) Approaching Estrella St. Makati,0,0,0,0,0,0,0,0,0,0,2007-09-21 12:10,Property,14.56599367,121.0451746,Rear-End
None,EDSA,None,None,"Human Error, Side Swipe, 0.0 drivers_injured, 0.0 drivers_killed, 0.0 passengers_injured, 0.0 passengers_killed, 0.0 pedestrian_injured, 0.0 pedestrian_killed, Dry, EDSA (SB) bet. Arnaiz Ave. Pasong Tamo Ext. Magallanes Makati",MMDA Road Safety Unit,,be730995-e637-4b74-ad78-e110dbbfc251,2007-09-19,01:00:00,EDSA (SB) Sen. Gil J. Puyat Ave. (Buendia) Makati,0,0,0,0,0,0,0,0,0,0,2007-09-19 9:00,Property,14.54184181,121.0190406,Side Swipe
None,EDSA,None,None,"Human Error, Rear-end, 0.0 drivers_injured, 0.0 drivers_killed, 0.0 passengers_injured, 0.0 passengers_killed, 0.0 pedestrian_injured, 0.0 pedestrian_killed, Dry, EDSA (SB) after Estrella St. Makati",MMDA Road Safety Unit,,d5961243-9a65-4be5-a78b-9ea8382016c6,2007-09-18,22:10:00,EDSA (SB) Sen. Gil J. Puyat Ave. (Buendia) Makati,0,0,0,0,0,0,0,0,0,0,2007-09-19 6:10,Property,14.55974241,121.0408455,Rear-End
None,EDSA,None,None,"Human Error, Rear-end, 0.0 drivers_injured, 0.0 drivers_killed, 0.0 passengers_injured, 0.0 passengers_killed, 0.0 pedestrian_injured, 0.0 pedestrian_killed, Dry, EDSA (SB) after Estrella St. Makati",MMDA Road Safety Unit,,73ca475b-567c-445c-a29f-415e21341174,2007-09-18,22:10:00,EDSA (SB) Approaching Escuela St. Makati,0,0,0,0,0,0,0,0,0,0,2007-09-19 6:10,Property,14.55974241,121.0408455,Rear-End
None,EDSA,None,None,"Human Error, Side Swipe, 0.0 drivers_injured, 0.0 drivers_killed, 0.0 passengers_injured, 0.0 passengers_killed, 0.0 pedestrian_injured, 0.0 pedestrian_killed, Dry, EDSA (SB) Bernardino St./ Estrella St. Makati",MMDA Road Safety Unit,,ce9a869d-5b0e-462e-b258-5701fcbe752d,2007-09-17,08:15:00,EDSA (SB) bet. Guadalupe Cloverleaf / Bernardo St.  Makati,0,0,0,0,0,0,0,0,0,0,2007-09-17 16:15,Property,14.5656985,121.0450952,Side Swipe
None,EDSA,None,None,"Human Error, Side Swipe, 0.0 drivers_injured, 0.0 drivers_killed, 0.0 passengers_injured, 0.0 passengers_killed, 0.0 pedestrian_injured, 0.0 pedestrian_killed, Dry, EDSA (SB) bet. Buendia & Ayala Ave. Makati",MMDA Road Safety Unit,,f7a325fc-e533-45ba-921b-a67f0bf5ea51,2007-09-15,10:45:00,EDSA (SB) bet. Buendia & Ayala Ave. Makati,0,0,0,0,0,0,0,0,0,0,2007-09-15 18:45,Property,14.55396629,121.0334647,Side Swipe
None,EDSA,None,None,"Other, Side Swipe, 0.0 drivers_injured, 0.0 drivers_killed, 0.0 passengers_injured, 0.0 passengers_killed, 0.0 pedestrian_injured, 0.0 pedestrian_killed, Dry, EDSA (SB) Guadalupe Loading Bay Makati",MMDA Road Safety Unit,,78b7f13c-30a4-481d-b4e6-b312adaaa1ed,2007-09-15,02:20:00,EDSA (SB) bet. Bernardo St. / Estrella St. fronting Loyola  Chapel Makati,0,0,0,0,0,0,0,0,0,0,2007-09-15 10:20,Property,14.56473213,121.0447625,Side Swipe
None,EDSA,None,None,"Human Error, Side Swipe, 0.0 drivers_injured, 0.0 drivers_killed, 0.0 passengers_injured, 0.0 passengers_killed, 0.0 pedestrian_injured, 0.0 pedestrian_killed, Dry, EDSA (SB) MRT Guadalupe Makati",MMDA Road Safety Unit,,5e1e0d02-7077-4500-89b0-2a73996bda0b,2007-09-14,00:30:00,EDSA (SB) bet. Guadalupe Cloverleaf / Bernardo St.  Makati,0,0,0,0,0,0,0,0,0,0,2007-09-14 8:30,Property,14.56668632,121.0454204,Side Swipe
None,EDSA,None,None,"Human Error, Rear-end, 0.0 drivers_injured, 0.0 drivers_killed, 0.0 passengers_injured, 0.0 passengers_killed, 0.0 pedestrian_injured, 0.0 pedestrian_killed, Dry, EDSA (SB) Approaching MRT Station Guadalupe Makati",MMDA Road Safety Unit,,fbaafd67-7677-4ff2-8b04-4c7cd261d0f2,2007-09-13,21:30:00,EDSA (SB) approaching Sen. Gil J. Puyat Ave. (Buendia) Makati,0,0,0,0,0,0,0,0,0,0,2007-09-14 5:30,Property,14.56599367,121.0451746,Rear-End
None,EDSA,None,None,"Human Error, Angle Impact, 0.0 drivers_injured, 0.0 drivers_killed, 0.0 passengers_injured, 0.0 passengers_killed, 0.0 pedestrian_injured, 0.0 pedestrian_killed, Dry, EDSA (SB) Parklane St.  Makati",MMDA Road Safety Unit,,2ac9b3ae-19e2-4e16-a458-c2452df95daa,2007-09-11,02:20:00,EDSA (SB) Kalayaan Ave. Makati,0,0,0,0,0,0,0,0,0,0,2007-09-11 10:20,Property,14.55070429,121.0296385,Angle Impact
None,EDSA,None,None,"Human Error, Angle Impact, 0.0 drivers_injured, 0.0 drivers_killed, 0.0 passengers_injured, 0.0 passengers_killed, 0.0 pedestrian_injured, 0.0 pedestrian_killed, Dry, EDSA (SB) Park Lane St. Makati",MMDA Road Safety Unit,,fe9d5d98-bb9e-409f-9310-5d9f18675e9a,2007-09-11,02:20:00,EDSA (SB) A. Arnaiz Ave. (Pasay Rd.) Pasong Tamo Ext. Makati,0,0,0,0,0,0,0,0,0,0,2007-09-11 10:20,Property,14.55070429,121.0296385,Angle Impact
None,EDSA,None,None,"Human Error, Side Swipe, 0.0 drivers_injured, 0.0 drivers_killed, 0.0 passengers_injured, 0.0 passengers_killed, 0.0 pedestrian_injured, 0.0 pedestrian_killed, Dry, EDSA (SB) Approaching Estrella St. Makati",MMDA Road Safety Unit,,10af8ab2-8343-4de0-8b4a-f9d0b80c67a5,2007-09-10,02:10:00,EDSA (SB) Approaching Rockwell  Makati,0,0,0,0,0,0,0,0,0,0,2007-09-10 10:10,Property,14.5599755,121.0408006,Side Swipe
None,EDSA,None,None,"Human Error, Rear-end, 0.0 drivers_injured, 0.0 drivers_killed, 0.0 passengers_injured, 0.0 passengers_killed, 0.0 pedestrian_injured, 0.0 pedestrian_killed, Dry, EDSA (SB) Sen. Gil J. Puyat Ave. (Buendia) Makati",MMDA Road Safety Unit,,2b5bdd1d-aae0-459c-a823-3f3d1d5c5c48,2007-09-09,13:00:00,EDSA (SB) approaching Mantrade Makati,0,0,0,0,0,0,0,0,0,0,2007-09-09 21:00,Property,14.55475513,121.034496,Rear-End
None,EDSA,None,None,"Human Error, Side Swipe, 0.0 drivers_injured, 0.0 drivers_killed, 0.0 passengers_injured, 0.0 passengers_killed, 0.0 pedestrian_injured, 0.0 pedestrian_killed, Dry, EDSA (SB) Sen. Gil J. Puyat Ave. (Buendia) Makati",MMDA Road Safety Unit,,74ea6991-b3f1-4bdb-90af-be828d49d109,2007-09-07,21:35:00,EDSA (SB) Ayala Ave. Makati,0,0,0,0,0,0,0,0,0,0,2007-09-08 5:35,Property,14.55496432,121.0348612,Side Swipe
None,EDSA,None,None,"Human Error, Rear-end, 0.0 drivers_injured, 0.0 drivers_killed, 0.0 passengers_injured, 0.0 passengers_killed, 0.0 pedestrian_injured, 0.0 pedestrian_killed, Dry, EDSA (SB) Approaching Escuela St. Makati",MMDA Road Safety Unit,,f977080b-d0c5-42e7-ac6b-a4419a23253d,2007-09-07,04:45:00,EDSA (SB) Guadalupe Bridge / Cloverleaf Makati,0,0,0,0,0,0,0,0,0,0,2007-09-07 12:45,Property,14.55997087,121.041162,Rear-End
None,EDSA,None,None,"Human Error, Rear-end, 0.0 drivers_injured, 0.0 drivers_killed, 0.0 passengers_injured, 0.0 passengers_killed, 0.0 pedestrian_injured, 0.0 pedestrian_killed, Dry, EDSA (SB) bet. Guadalupe Cloverleaf / Bernardo St.  Makati",MMDA Road Safety Unit,,4fa99914-45af-4b06-a3fb-1093fa114724,2007-09-07,00:10:00,EDSA (SB) Approaching Ayayala ave. Makati,0,0,0,0,0,0,0,0,0,0,2007-09-07 8:10,Property,14.56657272,121.0453344,Rear-End
None,EDSA,None,None,"Human Error, Rear-end, 0.0 drivers_injured, 0.0 drivers_killed, 0.0 passengers_injured, 0.0 passengers_killed, 0.0 pedestrian_injured, 0.0 pedestrian_killed, Dry, EDSA (SB) bet. Buendia & Ayala Ave. Makati",MMDA Road Safety Unit,,fe9ef951-2702-49b9-a219-774763becec5,2007-09-05,03:00:00,EDSA (SB) GuadaluPe Cloverleaf Makati,0,0,0,0,0,0,0,0,0,0,2007-09-05 11:00,Property,14.55428174,121.0338685,Rear-End