LOCATION_TEXT,ROAD,WEATHER,LIGHT,DESC,REPORTING_AGENCY,MAIN_CAUSE,INCIDENTDETAILS_ID,DATE_UTC,TIME_UTC,ADDRESS,killed_driver,killed_passenger,killed_pedestrian,injured_driver,injured_passenger,injured_pedestrian,killed_uncategorized,injured_uncategorized,killed_total,injured_total,DATETIME_PST,SEVERITY,Y,X,COLLISION_TYPE
None,EDSA,None,None,"Human Error, Side Swipe, 0.0 drivers_injured, 0.0 drivers_killed, 0.0 passengers_injured, 0.0 passengers_killed, 0.0 pedestrian_injured, 0.0 pedestrian_killed, Dry, EDSA (SB) bet. Bernardo St. / Estrella St. fronting Loyola  Chapel Makati",MMDA Road Safety Unit,,c7f19aa9-55cf-4522-ad37-de37ebe2415c,2007-09-05,00:00:00,EDSA (SB) Antonio S. Arnaiz Ave. (Pasay Road) Makati,0,0,0,0,0,0,0,0,0,0,2007-09-05 8:00,Property,14.56533582,121.0449601,Side Swipe
None,EDSA,None,None,"Human Error, Rear-end, 0.0 drivers_injured, 0.0 drivers_killed, 0.0 passengers_injured, 0.0 passengers_killed, 0.0 pedestrian_injured, 0.0 pedestrian_killed, Dry, EDSA (SB) bet. Guadalupe Cloverleaf / Bernardo St.  Makati",MMDA Road Safety Unit,,6075b44e-8603-4a37-8c14-14329d56edaa,2007-09-04,09:30:00,EDSA (SB) Approaching Buendia Ave. Makati,0,0,0,0,0,0,0,0,0,0,2007-09-04 17:30,Property,14.56657272,121.0453344,Rear-End
None,EDSA,None,None,"Human Error, Rear-end, 0.0 drivers_injured, 0.0 drivers_killed, 0.0 passengers_injured, 0.0 passengers_killed, 0.0 pedestrian_injured, 0.0 pedestrian_killed, Dry, EDSA (SB) approaching Sen. Gil J. Puyat Ave. (Buendia) Makati",MMDA Road Safety Unit,,8764a4cc-aee9-4d84-b6a3-1f0d8618e32f,2007-09-04,01:20:00,EDSA (SB) bet. Buendia Ave. & Ayala Ave. Makati,0,0,0,0,0,0,0,0,0,0,2007-09-04 9:20,Property,14.55455179,121.0342681,Rear-End
None,EDSA,None,None,"Human Error, Rear-end, 0.0 drivers_injured, 0.0 drivers_killed, 0.0 passengers_injured, 0.0 passengers_killed, 0.0 pedestrian_injured, 0.0 pedestrian_killed, Dry, EDSA (SB) Kalayaan Ave. Makati",MMDA Road Safety Unit,,014e5257-a5f4-44c5-a9e4-18c5e93a1d68,2007-09-03,06:50:00,EDSA (SB) after Estrella St. Makati,0,0,0,0,0,0,0,0,0,0,2007-09-03 14:50,Property,14.55782131,121.0385334,Rear-End
None,EDSA,None,None,"Human Error, Rear-end, 0.0 drivers_injured, 0.0 drivers_killed, 0.0 passengers_injured, 0.0 passengers_killed, 0.0 pedestrian_injured, 0.0 pedestrian_killed, Dry, EDSA (SB) A. Arnaiz Ave. (Pasay Rd.) Pasong Tamo Ext. Makati",MMDA Road Safety Unit,,8e867a91-8ca2-4730-bd27-01db0a17f056,2007-09-03,06:15:00,EDSA (SB) Approaching Loyola Memorial Chapel Makati,0,0,0,0,0,0,0,0,0,0,2007-09-03 14:15,Property,14.54748861,121.0259914,Rear-End
None,EDSA,None,None,"Human Error, Rear-end, 0.0 drivers_injured, 0.0 drivers_killed, 0.0 passengers_injured, 0.0 passengers_killed, 0.0 pedestrian_injured, 0.0 pedestrian_killed, Dry, EDSA (SB) Approaching Rockwell  Makati",MMDA Road Safety Unit,,ddd278bd-c503-4a97-bd9f-34440be958f9,2007-09-02,02:45:00,"EDSA (SB) in-between Antonio S. Arnaiz Ave. and Chino Roces Ave. (Pasong Tamo), approaching MRT-Magallanes Station Makati",0,0,0,0,0,0,0,0,0,0,2007-09-02 10:45,Property,14.54744178,121.0261504,Rear-End
None,EDSA,None,None,"Human Error, Side Swipe, 0.0 drivers_injured, 0.0 drivers_killed, 0.0 passengers_injured, 0.0 passengers_killed, 0.0 pedestrian_injured, 0.0 pedestrian_killed, Dry, EDSA (SB) approaching Mantrade Makati",MMDA Road Safety Unit,,18009127-0d0a-47bc-8a4e-cbd3dad15943,2007-09-01,14:00:00,EDSA (SB) fronting Guadalupe MRT Station Makati,0,0,0,0,0,0,0,0,0,0,2007-09-01 22:00,Property,14.53941899,121.014514,Side Swipe
None,EDSA,None,None,"Human Error, Angle Impact, 0.0 drivers_injured, 0.0 drivers_killed, 0.0 passengers_injured, 0.0 passengers_killed, 0.0 pedestrian_injured, 0.0 pedestrian_killed, Dry, EDSA (SB) Ayala Ave. Makati",MMDA Road Safety Unit,,1c64b911-31c7-4133-a6e2-0688e286b56b,2007-09-01,11:00:00,EDSA (SB) Mantrade Makati,0,0,0,0,0,0,0,0,0,0,2007-09-01 19:00,Property,14.55049061,121.0293883,Angle Impact
None,EDSA,None,None,"Human Error, Side Swipe, 0.0 drivers_injured, 0.0 drivers_killed, 0.0 passengers_injured, 0.0 passengers_killed, 0.0 pedestrian_injured, 0.0 pedestrian_killed, Dry, EDSA (SB) Guadalupe Bridge / Cloverleaf Makati",MMDA Road Safety Unit,,450831c4-142b-4856-9894-b0a5439e5bc7,2007-08-30,14:30:00,"EDSA (SB) in-between Ayala Ave. and Kalayaan Ave., MRT-Buendia Station Makati",0,0,0,0,0,0,0,0,0,0,2007-08-30 22:30,Property,14.56802596,121.045885,Side Swipe
None,EDSA,None,None,"Human Error, Side Swipe, 0.0 drivers_injured, 0.0 drivers_killed, 0.0 passengers_injured, 0.0 passengers_killed, 0.0 pedestrian_injured, 0.0 pedestrian_killed, Dry, EDSA (SB) Approaching Ayayala ave. Makati",MMDA Road Safety Unit,,a77555d5-814d-4335-b169-42912013f3d8,2007-08-30,03:00:00,EDSA (SB) Approaching Buendia Ave. Makati,0,0,0,0,0,0,0,0,0,0,2007-08-30 11:00,Property,14.55028537,121.0293488,Side Swipe
None,EDSA,None,None,"Human Error, Rear-end, 0.0 drivers_injured, 0.0 drivers_killed, 0.0 passengers_injured, 0.0 passengers_killed, 0.0 pedestrian_injured, 0.0 pedestrian_killed, Dry, EDSA (SB) GuadaluPe Cloverleaf Makati",MMDA Road Safety Unit,,80f0cfc6-2150-428c-af49-e459bcaffbef,2007-08-26,13:50:00,EDSA (SB) Bernardino St.  Makati,0,0,0,0,0,0,0,0,0,0,2007-08-26 21:50,Property,14.5672503,121.0456087,Rear-End
None,EDSA,None,None,"Other, Side Swipe, 0.0 drivers_injured, 0.0 drivers_killed, 0.0 passengers_injured, 0.0 passengers_killed, 0.0 pedestrian_injured, 0.0 pedestrian_killed, Dry, EDSA (SB) Antonio S. Arnaiz Ave. (Pasay Road) Makati",MMDA Road Safety Unit,,86e35dcb-b733-4cd5-9217-5f01b77f73a7,2007-08-23,11:00:00,EDSA (SB) fronting Pet Plans Bldg.  Makati,0,0,0,0,0,0,0,0,0,0,2007-08-23 19:00,Property,14.54752556,121.0260165,Side Swipe
None,EDSA,None,None,"Human Error, Rear-end, 0.0 drivers_injured, 0.0 drivers_killed, 0.0 passengers_injured, 0.0 passengers_killed, 0.0 pedestrian_injured, 0.0 pedestrian_killed, Dry, EDSA (SB) Approaching Buendia Ave. Makati",MMDA Road Safety Unit,,c70d69dc-2a0c-4cd5-903c-c1b0a184d446,2007-08-23,09:30:00,"EDSA (SB) Loyola, Guadalupe  Makati",0,0,0,0,0,0,0,0,0,0,2007-08-23 17:30,Property,14.55436328,121.0341668,Rear-End
None,EDSA,None,None,"Human Error, Rear-end, 0.0 drivers_injured, 0.0 drivers_killed, 0.0 passengers_injured, 0.0 passengers_killed, 0.0 pedestrian_injured, 0.0 pedestrian_killed, Dry, EDSA (SB) bet. Buendia Ave. & Ayala Ave. Makati",MMDA Road Safety Unit,,3018f4ac-024c-4a79-8c7e-dc91bddc469e,2007-08-22,06:30:00,"EDSA (SB) in-between Antonio S. Arnaiz Ave. and Chino Roces Ave. (Pasong Tamo), approaching MRT-Magallanes Station Makati",0,0,0,0,0,0,0,0,0,0,2007-08-22 14:30,Property,14.55428174,121.0338685,Rear-End
None,EDSA,None,None,"Human Error, Rear-end, 0.0 drivers_injured, 0.0 drivers_killed, 0.0 passengers_injured, 0.0 passengers_killed, 0.0 pedestrian_injured, 0.0 pedestrian_killed, Dry, EDSA (SB) after Estrella St. Makati",MMDA Road Safety Unit,,039000fd-5a1e-4b0e-bfbb-2edb8aa196cc,2007-08-22,01:00:00, EDSA (SB) before Mantrade MRT Station Makati,0,0,0,0,0,0,0,0,0,0,2007-08-22 9:00,Property,14.55974241,121.0408455,Rear-End
None,EDSA,None,None,"Human Error, Side Swipe, 0.0 drivers_injured, 0.0 drivers_killed, 0.0 passengers_injured, 0.0 passengers_killed, 0.0 pedestrian_injured, 0.0 pedestrian_killed, Dry, EDSA (SB) Approaching Loyola Memorial Chapel Makati",MMDA Road Safety Unit,,420a171a-c766-4aba-bbc4-8b4476bc9c43,2007-08-21,04:30:00,"EDSA (SB) at ""U""turn slot Buendia Makati",0,0,0,0,0,0,0,0,0,0,2007-08-21 12:30,Property,14.56698994,121.0454153,Side Swipe
None,EDSA,None,None,"Unknown, Side Swipe, 0.0 drivers_injured, 0.0 drivers_killed, 0.0 passengers_injured, 0.0 passengers_killed, 0.0 pedestrian_injured, 0.0 pedestrian_killed, Dry, EDSA (SB) in-between Antonio S. Arnaiz Ave. and Chino Roces Ave. (Pasong Tamo), approaching MRT-Magallanes Station Makati",MMDA Road Safety Unit,,9053f9ef-8276-4b21-9a6e-385b81b6278f,2007-08-20,17:30:00,"EDSA (SB) in-between Bernardino St. and Estrella St., fronting San Carlos Seminary Makati",0,0,0,0,0,0,0,0,0,0,2007-08-21 1:30,Property,14.54186056,121.0191113,Side Swipe
None,EDSA,None,None,"Human Error, Rear-end, 0.0 drivers_injured, 0.0 drivers_killed, 0.0 passengers_injured, 0.0 passengers_killed, 0.0 pedestrian_injured, 0.0 pedestrian_killed, Dry, EDSA (SB) fronting Guadalupe MRT Station Makati",MMDA Road Safety Unit,,5eb6b57b-60a2-4848-b7e9-cf8dc2b1e1b1,2007-08-18,12:10:00,"EDSA (SB) fronting Loyola Memorial Chapel, Guadalupe Makati",0,0,0,0,0,0,0,0,0,0,2007-08-18 20:10,Property,14.56687315,121.0457079,Rear-End
None,EDSA,None,None,"Human Error, Rear-end, 0.0 drivers_injured, 0.0 drivers_killed, 0.0 passengers_injured, 0.0 passengers_killed, 0.0 pedestrian_injured, 0.0 pedestrian_killed, Dry, EDSA (SB) Mantrade Makati",MMDA Road Safety Unit,,f9fe2e63-a778-428d-8cb8-bbd1886c682c,2007-08-17,00:00:00,"EDSA (SB) in-between Antonio S. Arnaiz Ave. and Chino Roces Ave. (Pasong Tamo), approaching MRT-Magallanes Station Makati",0,0,0,0,0,0,0,0,0,0,2007-08-17 8:00,Property,14.54139794,121.018159,Rear-End
None,EDSA,None,None,"Unknown, Other (Backing Collision), 0.0 drivers_injured, 0.0 drivers_killed, 0.0 passengers_injured, 0.0 passengers_killed, 0.0 pedestrian_injured, 0.0 pedestrian_killed, Dry, EDSA (SB) in-between Ayala Ave. and Kalayaan Ave., MRT-Buendia Station Makati",MMDA Road Safety Unit,,5f831966-62fd-4335-8d7c-ea0b016286a7,2007-08-15,03:00:00,"EDSA (SB) in-between Pasay Road/Pasong Tamo Ext., approaching MRT-Magallanes Station Makati",0,0,0,0,0,0,0,0,0,0,2007-08-15 11:00,Property,14.55414942,121.0339172,Rear-End
None,EDSA,None,None,"Human Error, Rear-end, 0.0 drivers_injured, 0.0 drivers_killed, 0.0 passengers_injured, 0.0 passengers_killed, 0.0 pedestrian_injured, 0.0 pedestrian_killed, Dry, EDSA (SB) Approaching Buendia Ave. Makati",MMDA Road Safety Unit,,63b6fbc1-4714-4e61-a673-c3f2eaa046d0,2007-08-13,03:00:00,"EDSA (SB) in-between Pasong Tamo Ext./Evangelista St., approaching Evangelista St. Makati",0,0,0,0,0,0,0,0,0,0,2007-08-13 11:00,Property,14.55436328,121.0341668,Rear-End
None,EDSA,None,None,"Human Error, Rear-end, 0.0 drivers_injured, 0.0 drivers_killed, 0.0 passengers_injured, 0.0 passengers_killed, 0.0 pedestrian_injured, 0.0 pedestrian_killed, Dry, EDSA (SB) Bernardino St.  Makati",MMDA Road Safety Unit,,fec77f46-05a7-48c4-b459-77d70fad8c9a,2007-08-10,04:55:00,"EDSA (SB) in-between Chino Roces Ave. (Pasong Tamo) and Evangelista St., approaching Evangelista St. Makati",0,0,0,0,0,0,0,0,0,0,2007-08-10 12:55,Property,14.56561968,121.0451285,Rear-End
None,EDSA,None,None,"Human Error, Rear-end, 0.0 drivers_injured, 0.0 drivers_killed, 0.0 passengers_injured, 0.0 passengers_killed, 0.0 pedestrian_injured, 0.0 pedestrian_killed, Dry, EDSA (SB) fronting Pet Plans Bldg.  Makati",MMDA Road Safety Unit,,d1af2c81-d155-4e9c-94c6-9538ddc136bb,2007-08-09,14:30:00,EDSA (SB) MRT-Ortigas Station Makati,0,0,0,0,0,0,0,0,0,0,2007-08-09 22:30,Property,14.56194387,121.0429645,Rear-End
None,EDSA,None,None,"Human Error, Rear-end, 0.0 drivers_injured, 0.0 drivers_killed, 0.0 passengers_injured, 0.0 passengers_killed, 0.0 pedestrian_injured, 0.0 pedestrian_killed, Dry, EDSA (SB) Loyola, Guadalupe  Makati",MMDA Road Safety Unit,,fd13983b-7a27-47f8-84df-e095f59bc831,2007-08-09,01:30:00,EDSA (SB) Ayala Ave. Makati,0,0,0,0,0,0,0,0,0,0,2007-08-09 9:30,Property,14.56671016,121.0453463,Rear-End
None,EDSA,None,None,"Unknown, Rear-end, 0.0 drivers_injured, 0.0 drivers_killed, 0.0 passengers_injured, 0.0 passengers_killed, 0.0 pedestrian_injured, 0.0 pedestrian_killed, Dry, EDSA (SB) in-between Antonio S. Arnaiz Ave. and Chino Roces Ave. (Pasong Tamo), approaching MRT-Magallanes Station Makati",MMDA Road Safety Unit,,fe481fd0-bc0d-43ab-9a5a-dfbd72ec61c2,2007-08-08,04:45:00,"EDSA (SB) in-between Bernardino St./Estrella St., fronting Loyola Chapel Makati",0,0,0,0,0,0,0,0,0,0,2007-08-08 12:45,Property,14.54186056,121.0191113,Rear-End
None,EDSA,None,None,"Human Error, Hit object (No Object Stated), 0.0 drivers_injured, 0.0 drivers_killed, 0.0 passengers_injured, 0.0 passengers_killed, 0.0 pedestrian_injured, 0.0 pedestrian_killed, Dry, EDSA (SB) before Mantrade MRT Station Makati",MMDA Road Safety Unit,,3d3a4b95-a189-485f-8a24-42db9835389a,2007-08-05,08:45:00,"EDSA (SB) in-between Estrella St./Buendia Ave., approaching Sen. Gil J. Puyat Ave. (Buendia) Makati",0,0,0,0,0,0,0,0,0,0,2007-08-05 16:45,Property,14.54103713,121.0182341,Hit Object
None,EDSA,None,None,"Human Error, Side Swipe, 0.0 drivers_injured, 0.0 drivers_killed, 0.0 passengers_injured, 0.0 passengers_killed, 0.0 pedestrian_injured, 0.0 pedestrian_killed, Dry, EDSA (SB) at ""U""turn slot Buendia Makati",MMDA Road Safety Unit,,89e55c1c-c64e-4e88-afe3-c2de7ee9a377,2007-08-03,01:45:00,EDSA (SB) near corner Sen. Gil J. Puyat Ave. (Buendia) Makati,0,0,0,0,0,0,0,0,0,0,2007-08-03 9:45,Property,14.555324,121.0354826,Side Swipe
None,EDSA,None,None,"Unknown, Rear-end, 0.0 drivers_injured, 0.0 drivers_killed, 0.0 passengers_injured, 0.0 passengers_killed, 0.0 pedestrian_injured, 0.0 pedestrian_killed, Dry, EDSA (SB) in-between Bernardino St. and Estrella St., fronting San Carlos Seminary Makati",MMDA Road Safety Unit,,eb0af0b3-b605-4d41-b4c1-1c4b958f83c0,2007-08-01,07:50:00,EDSA (SB) approaching Mantrade Makati,0,0,0,0,0,0,0,0,0,0,2007-08-01 15:50,Property,14.56325949,121.0439323,Rear-End
None,EDSA,None,None,"Unknown, Side Swipe, 0.0 drivers_injured, 0.0 drivers_killed, 0.0 passengers_injured, 0.0 passengers_killed, 0.0 pedestrian_injured, 0.0 pedestrian_killed, Dry, EDSA (SB) fronting Loyola Memorial Chapel, Guadalupe Makati",MMDA Road Safety Unit,,e76f8120-3e8d-4c34-b811-7fc0b0d29a64,2007-07-26,06:45:00,EDSA (SB) Mantrade Loading Bay Makati,0,0,0,0,0,0,0,0,0,0,2007-07-26 14:45,Property,14.56526983,121.0448719,Side Swipe
None,EDSA,None,None,"Unknown, Rear-end, 0.0 drivers_injured, 0.0 drivers_killed, 0.0 passengers_injured, 0.0 passengers_killed, 0.0 pedestrian_injured, 0.0 pedestrian_killed, Dry, EDSA (SB) in-between Antonio S. Arnaiz Ave. and Chino Roces Ave. (Pasong Tamo), approaching MRT-Magallanes Station Makati",MMDA Road Safety Unit,,487628eb-31db-4908-abae-1643bd5095c3,2007-07-26,06:30:00,EDSA (SB) Sen. Gil J. Puyat Ave. (Buendia) Makati,0,0,0,0,0,0,0,0,0,0,2007-07-26 14:30,Property,14.54186056,121.0191113,Rear-End
None,EDSA,None,None,"Unknown, Rear-end, 0.0 drivers_injured, 0.0 drivers_killed, 0.0 passengers_injured, 0.0 passengers_killed, 0.0 pedestrian_injured, 0.0 pedestrian_killed, Dry, EDSA (SB) in-between Pasay Road/Pasong Tamo Ext., approaching MRT-Magallanes Station Makati",MMDA Road Safety Unit,,e8162fd2-4808-4b60-8e2a-c86e04293431,2007-07-25,18:30:00,EDSA (SB) fronting Mantrade Loading Bay Makati,0,0,0,0,0,0,0,0,0,0,2007-07-26 2:30,Property,14.54202105,121.0193139,Rear-End
None,EDSA,None,None,"Unknown, Side Swipe, 0.0 drivers_injured, 0.0 drivers_killed, 0.0 passengers_injured, 0.0 passengers_killed, 0.0 pedestrian_injured, 0.0 pedestrian_killed, Dry, EDSA (SB) in-between Pasong Tamo Ext./Evangelista St., approaching Evangelista St. Makati",MMDA Road Safety Unit,,6df1d8c7-da47-4256-8d2a-35b138ea1b59,2007-07-25,04:30:00,EDSA (SB) bet. Bernardino St./ Estrella St. Makati,0,0,0,0,0,0,0,0,0,0,2007-07-25 12:30,Property,14.53909501,121.0126046,Side Swipe
None,EDSA,None,None,"Unknown, Side Swipe, 0.0 drivers_injured, 0.0 drivers_killed, 0.0 passengers_injured, 0.0 passengers_killed, 0.0 pedestrian_injured, 0.0 pedestrian_killed, Dry, EDSA (SB) in-between Chino Roces Ave. (Pasong Tamo) and Evangelista St., approaching Evangelista St. Makati",MMDA Road Safety Unit,,0710e518-a4d1-4678-9816-7d245207039c,2007-07-25,04:30:00,EDSA (SB) Buendia Ave. Makati,0,0,0,0,0,0,0,0,0,0,2007-07-25 12:30,Property,14.5391945,121.0126712,Side Swipe
None,EDSA,None,None,"Unknown, Side Swipe, 0.0 drivers_injured, 0.0 drivers_killed, 0.0 passengers_injured, 0.0 passengers_killed, 0.0 pedestrian_injured, 0.0 pedestrian_killed, Dry, EDSA (SB) MRT-Ortigas Station Makati",MMDA Road Safety Unit,,6aaad9d4-7c43-44dc-9fb9-c69f589cc882,2007-07-25,00:35:00,EDSA (SB) bet. Buendia Ave. / Ayala Ave. Makati,0,0,0,0,0,0,0,0,0,0,2007-07-25 8:35,Property,14.58780225,121.0566852,Side Swipe
None,EDSA,None,None,"Unknown, Side Swipe, 0.0 drivers_injured, 0.0 drivers_killed, 0.0 passengers_injured, 0.0 passengers_killed, 0.0 pedestrian_injured, 0.0 pedestrian_killed, Dry, EDSA (SB) Ayala Ave. Makati",MMDA Road Safety Unit,,4eeeb386-89ac-4df0-884f-a580e43ce57b,2007-07-21,22:00:00,EDSA (SB) near Uturn slot Buendia Makati,0,0,0,0,0,0,0,0,0,0,2007-07-22 6:00,Property,14.55022912,121.0292348,Side Swipe
None,EDSA,None,None,"Unknown, Rear-end, 0.0 drivers_injured, 0.0 drivers_killed, 0.0 passengers_injured, 0.0 passengers_killed, 0.0 pedestrian_injured, 0.0 pedestrian_killed, Dry, EDSA (SB) in-between Bernardino St./Estrella St., fronting Loyola Chapel Makati",MMDA Road Safety Unit,,678cafe5-67a6-42eb-a82c-36be8124e897,2007-07-19,17:20:00,EDSA (SB) after Buendia Ave. Makati,0,0,0,0,0,0,0,0,0,0,2007-07-20 1:20,Property,14.56554055,121.0450782,Rear-End
None,EDSA,None,None,"Unknown, Side Swipe, 0.0 drivers_injured, 0.0 drivers_killed, 0.0 passengers_injured, 0.0 passengers_killed, 0.0 pedestrian_injured, 0.0 pedestrian_killed, Dry, EDSA (SB) in-between Estrella St./Buendia Ave., approaching Sen. Gil J. Puyat Ave. (Buendia) Makati",MMDA Road Safety Unit,,96c3413f-f07d-415e-8673-7a0aef45d4df,2007-07-17,04:45:00,EDSA (SB) Antonio S. Arnaiz Ave. (Pasay Road) Makati,0,0,0,0,0,0,0,0,0,0,2007-07-17 12:45,Property,14.55546838,121.0353866,Side Swipe
None,EDSA,None,None,"Unknown, Rear-end, 0.0 drivers_injured, 0.0 drivers_killed, 0.0 passengers_injured, 0.0 passengers_killed, 0.0 pedestrian_injured, 0.0 pedestrian_killed, Dry, EDSA (SB) near corner Sen. Gil J. Puyat Ave. (Buendia) Makati",MMDA Road Safety Unit,,b7f2c3f3-839f-4e9c-8f69-0d5492a5b829,2007-07-16,00:00:00,EDSA (SB) Antonio S. Arnaiz Ave. (Pasay Road) Makati,0,0,0,0,0,0,0,0,0,0,2007-07-16 8:00,Property,14.55496732,121.0347912,Rear-End
None,EDSA,None,None,"Unknown, Rear-end, 0.0 drivers_injured, 0.0 drivers_killed, 0.0 passengers_injured, 0.0 passengers_killed, 0.0 pedestrian_injured, 0.0 pedestrian_killed, Dry, EDSA (SB) approaching Mantrade Makati",MMDA Road Safety Unit,,e5b2c853-ba0b-4606-ac04-3da6f32e03fa,2007-07-15,23:35:00,EDSA (SB) Buendia Ave.  Makati,0,0,0,0,0,0,0,0,0,0,2007-07-16 7:35,Property,14.53941899,121.014514,Rear-End
None,EDSA,None,None,"Unknown, Rear-end, 0.0 drivers_injured, 0.0 drivers_killed, 0.0 passengers_injured, 0.0 passengers_killed, 0.0 pedestrian_injured, 0.0 pedestrian_killed, Dry, EDSA (SB) Mantrade Loading Bay Makati",MMDA Road Safety Unit,,34a84322-8f3d-4fcf-afac-1688245098cc,2007-07-15,22:20:00,"EDSA (SB) MRT-Guadalupe Station, in-between Guadalupe Cloverleaf/Bernardino St. Makati",0,0,0,0,0,0,0,0,0,0,2007-07-16 6:20,Property,14.54276678,121.0202719,Rear-End
None,EDSA,None,None,"Unknown, Side Swipe, 0.0 drivers_injured, 0.0 drivers_killed, 0.0 passengers_injured, 0.0 passengers_killed, 0.0 pedestrian_injured, 0.0 pedestrian_killed, Dry, EDSA (SB) Sen. Gil J. Puyat Ave. (Buendia) Makati",MMDA Road Safety Unit,,732bb5d3-432d-43ab-a0f4-1bd50c327bc4,2007-07-15,03:30:00,EDSA (SB) Estrella St. Makati,0,0,0,0,0,0,0,0,0,0,2007-07-15 11:30,Property,14.55496432,121.0348612,Side Swipe
None,EDSA,None,None,"Unknown, Rear-end, 0.0 drivers_injured, 0.0 drivers_killed, 0.0 passengers_injured, 0.0 passengers_killed, 0.0 pedestrian_injured, 0.0 pedestrian_killed, Dry, EDSA (SB) fronting Mantrade Loading Bay Makati",MMDA Road Safety Unit,,ba8905ff-f806-46cf-96ab-b4068dd10859,2007-07-14,04:30:00,"EDSA (SB) fronting Loyola Memorial Chapel, in-between Bernardino St./Estrella St. Makati",0,0,0,0,0,0,0,0,0,0,2007-07-14 12:30,Property,14.5429612,121.0204338,Rear-End
None,EDSA,None,None,"Human Error, Rear-end, 0.0 drivers_injured, 0.0 drivers_killed, 0.0 passengers_injured, 0.0 passengers_killed, 0.0 pedestrian_injured, 0.0 pedestrian_killed, Dry, EDSA (SB) bet. Bernardino St./ Estrella St. Makati",MMDA Road Safety Unit,,dedd30d3-0af2-4d80-a958-eb015a53bf2e,2007-07-13,07:00:00,"EDSA (SB) MRT-Magallanes Station, in-between Arnaiz Ave./Pasong Tamo Ext. Makati",0,0,0,0,0,0,0,0,0,0,2007-07-13 15:00,Property,14.56599367,121.0451746,Rear-End
None,EDSA,None,None,"Human Error, Rear-end, 0.0 drivers_injured, 0.0 drivers_killed, 0.0 passengers_injured, 0.0 passengers_killed, 0.0 pedestrian_injured, 0.0 pedestrian_killed, Dry, EDSA (SB) Buendia Ave. Makati",MMDA Road Safety Unit,,203a916e-9314-476f-b5dd-59929c3309ae,2007-07-12,17:45:00,"EDSA (SB) approaching Evangelista St., in-between Arnaiz Ave./Evangelista St. Makati",0,0,0,0,0,0,0,0,0,0,2007-07-13 1:45,Property,14.55503755,121.034813,Rear-End
None,EDSA,None,None,"Human Error, Rear-end, 0.0 drivers_injured, 0.0 drivers_killed, 0.0 passengers_injured, 0.0 passengers_killed, 0.0 pedestrian_injured, 0.0 pedestrian_killed, Dry, EDSA (SB) bet. Buendia Ave. / Ayala Ave. Makati",MMDA Road Safety Unit,,75f18176-20a5-45d7-98fa-a8933066f735,2007-07-11,04:30:00,"EDSA (SB) Mantrade, in-between Antonio S. Arnaiz Ave. (Pasay Road0 and Magallanes Interchange Makati",0,0,0,0,0,0,0,0,0,0,2007-07-11 12:30,Property,14.55428174,121.0338685,Rear-End
None,EDSA,None,None,"Human Error, Side Swipe, 0.0 drivers_injured, 0.0 drivers_killed, 0.0 passengers_injured, 0.0 passengers_killed, 0.0 pedestrian_injured, 0.0 pedestrian_killed, Dry, EDSA (SB) near Uturn slot Buendia Makati",MMDA Road Safety Unit,,35bfca40-0c0d-4261-a726-ce5e5090c451,2007-07-05,15:30:00,"EDSA (SB) fronting Loyola Memorial Chapel, Guadalupe Makati",0,0,0,0,0,0,0,0,0,0,2007-07-05 23:30,Property,14.55538787,121.0354712,Side Swipe
None,EDSA,None,None,"Human Error, Side Swipe, 0.0 drivers_injured, 0.0 drivers_killed, 0.0 passengers_injured, 0.0 passengers_killed, 0.0 pedestrian_injured, 0.0 pedestrian_killed, Dry, EDSA (SB) after Buendia Ave. Makati",MMDA Road Safety Unit,,a9eceeb1-6c6e-4a64-8e2c-c89d2514045d,2007-07-05,07:30:00,"EDSA (SB) Benardino St., Guadalupe Viejo Makati",0,0,0,0,0,0,0,0,0,0,2007-07-05 15:30,Property,14.55495937,121.0347012,Side Swipe
None,EDSA,None,None,"Human Error, Angle Impact, 0.0 drivers_injured, 0.0 drivers_killed, 0.0 passengers_injured, 0.0 passengers_killed, 0.0 pedestrian_injured, 0.0 pedestrian_killed, Dry, EDSA (SB) Antonio S. Arnaiz Ave. (Pasay Road) Makati",MMDA Road Safety Unit,,15dab9f7-b8bf-48c2-aa33-90e1010330dd,2007-07-04,11:30:00,"EDSA (SB) MRT-Buendia Station, in-between Estrella St./Ayala Ave. Makati",0,0,0,0,0,0,0,0,0,0,2007-07-04 19:30,Property,14.54764429,121.0260467,Angle Impact
None,EDSA,None,None,"Human Error, Side Swipe, 0.0 drivers_injured, 0.0 drivers_killed, 0.0 passengers_injured, 0.0 passengers_killed, 0.0 pedestrian_injured, 0.0 pedestrian_killed, Dry, EDSA (SB) Antonio S. Arnaiz Ave. (Pasay Road) Makati",MMDA Road Safety Unit,,a7659fbe-eef9-40d3-be2b-3077362b679c,2007-07-02,10:50:00,EDSA (SB) Sen. Gil J. Puyat Ave. (Buendia) Makati,0,0,0,0,0,0,0,0,0,0,2007-07-02 18:50,Property,14.54752556,121.0260165,Side Swipe
None,EDSA,None,None,"Human Error, Rear-end, 0.0 drivers_injured, 0.0 drivers_killed, 0.0 passengers_injured, 0.0 passengers_killed, 0.0 pedestrian_injured, 0.0 pedestrian_killed, Dry, EDSA (SB) Buendia Ave.  Makati",MMDA Road Safety Unit,,11d0e009-4ad0-4f72-819d-222cebc2d85b,2007-07-01,21:00:00,"EDSA (SB) nearing Sen. Gil J. Puyat Ave. (Buendia), in-between Kalayaan Ave. and Buendia Makati",0,0,0,0,0,0,0,0,0,0,2007-07-02 5:00,Property,14.55503755,121.034813,Rear-End
None,EDSA,None,None,"Unknown, Other (Backing Collision), 0.0 drivers_injured, 0.0 drivers_killed, 0.0 passengers_injured, 0.0 passengers_killed, 0.0 pedestrian_injured, 0.0 pedestrian_killed, Dry, EDSA (SB) MRT-Guadalupe Station, in-between Guadalupe Cloverleaf/Bernardino St. Makati",MMDA Road Safety Unit,,695844ee-84d7-446e-ac29-ac2952f0bbfb,2007-06-29,04:00:00,EDSA (SB) approaching Ayala Ave. Makati,0,0,0,0,0,0,0,0,0,0,2007-06-29 12:00,Property,14.56668632,121.0454204,Rear-End