LOCATION_TEXT,ROAD,WEATHER,LIGHT,DESC,REPORTING_AGENCY,MAIN_CAUSE,INCIDENTDETAILS_ID,DATE_UTC,TIME_UTC,ADDRESS,killed_driver,killed_passenger,killed_pedestrian,injured_driver,injured_passenger,injured_pedestrian,killed_uncategorized,injured_uncategorized,killed_total,injured_total,DATETIME_PST,SEVERITY,Y,X,COLLISION_TYPE
None,EDSA,None,None,"Unknown, Side Swipe, 0.0 drivers_injured, 0.0 drivers_killed, 0.0 passengers_injured, 0.0 passengers_killed, 0.0 pedestrian_injured, 0.0 pedestrian_killed, Dry, EDSA (SB) Estrella St. Makati",MMDA Road Safety Unit,,8b074e40-7bc1-41d8-887b-660ad90296ce,2007-06-29,03:05:00,EDSA (SB) approaching Sen. Gil J. Puyat Ave. (Buendia) Makati,0,0,0,0,0,0,0,0,0,0,2007-06-29 11:05,Property,14.56002889,121.040751,Side Swipe
None,EDSA,None,None,"Unknown, Side Swipe, 0.0 drivers_injured, 0.0 drivers_killed, 0.0 passengers_injured, 0.0 passengers_killed, 0.0 pedestrian_injured, 0.0 pedestrian_killed, Dry, EDSA (SB) fronting Loyola Memorial Chapel, in-between Bernardino St./Estrella St. Makati",MMDA Road Safety Unit,,924e627b-e9be-40c1-9209-9f4986e1b727,2007-06-29,02:00:00,EDSA (SB) approaching Sen. Gil J. Puyat Ave. (Buendia) Makati,0,0,0,0,0,0,0,0,0,0,2007-06-29 10:00,Property,14.56526983,121.0448719,Side Swipe
None,EDSA,None,None,"Unknown, Side Swipe, 0.0 drivers_injured, 0.0 drivers_killed, 0.0 passengers_injured, 0.0 passengers_killed, 0.0 pedestrian_injured, 0.0 pedestrian_killed, Dry, EDSA (SB) MRT-Magallanes Station, in-between Arnaiz Ave./Pasong Tamo Ext. Makati",MMDA Road Safety Unit,,8fb21fa1-309a-4a6e-8f4b-10e6b6702d23,2007-06-25,04:30:00,"EDSA (SB) in-between Bernardino St. and Estrella St., near corner Estrella St. Makati",0,0,0,0,0,0,0,0,0,0,2007-06-25 12:30,Property,14.54205011,121.0196401,Side Swipe
None,EDSA,None,None,"Unknown, Rear-end, 0.0 drivers_injured, 0.0 drivers_killed, 0.0 passengers_injured, 0.0 passengers_killed, 0.0 pedestrian_injured, 0.0 pedestrian_killed, Dry, EDSA (SB) approaching Evangelista St., in-between Arnaiz Ave./Evangelista St. Makati",MMDA Road Safety Unit,,c6b69fa1-4a75-4de6-b762-162beb41799a,2007-06-25,02:00:00,"EDSA (SB) in-between Guadalupe Cloverleaf and Bernardino St., MRT-Guadalupe Station Makati",0,0,0,0,0,0,0,0,0,0,2007-06-25 10:00,Property,14.53906313,121.0122941,Rear-End
None,EDSA,None,None,"Unknown, Rear-end, 0.0 drivers_injured, 0.0 drivers_killed, 0.0 passengers_injured, 0.0 passengers_killed, 0.0 pedestrian_injured, 0.0 pedestrian_killed, Dry, EDSA (SB) Mantrade, in-between Antonio S. Arnaiz Ave. (Pasay Road0 and Magallanes Interchange Makati",MMDA Road Safety Unit,,8d7f6a8c-5dff-4607-810c-e0567d2ca3de,2007-06-24,08:00:00,"EDSA (SB) in-between Pasay Road and Pasong Tamo Ext., approaching MRT Station Makati",0,0,0,0,0,0,0,0,0,0,2007-06-24 16:00,Property,14.54046902,121.0171628,Rear-End
None,EDSA,None,None,"Unknown, Side Swipe, 0.0 drivers_injured, 0.0 drivers_killed, 0.0 passengers_injured, 0.0 passengers_killed, 0.0 pedestrian_injured, 0.0 pedestrian_killed, Dry, EDSA (SB) fronting Loyola Memorial Chapel, Guadalupe Makati",MMDA Road Safety Unit,,b2b3e915-d682-41cb-8f99-e3fd6ba75579,2007-06-24,03:20:00,EDSA (SB) Evangelista St. Makati,0,0,0,0,0,0,0,0,0,0,2007-06-24 11:20,Property,14.56526983,121.0448719,Side Swipe
None,EDSA,None,None,"Unknown, Rear-end, 0.0 drivers_injured, 0.0 drivers_killed, 0.0 passengers_injured, 0.0 passengers_killed, 0.0 pedestrian_injured, 0.0 pedestrian_killed, Dry, EDSA (SB) Benardino St., Guadalupe Viejo Makati",MMDA Road Safety Unit,,f5976a12-9241-4fae-bb18-33a3377cdeb0,2007-06-23,06:10:00,EDSA (SB) approaching Magallanes Interchange Makati,0,0,0,0,0,0,0,0,0,0,2007-06-23 14:10,Property,14.5656985,121.0450952,Rear-End
None,EDSA,None,None,"Unknown, Side Swipe, 0.0 drivers_injured, 0.0 drivers_killed, 0.0 passengers_injured, 0.0 passengers_killed, 0.0 pedestrian_injured, 0.0 pedestrian_killed, Dry, EDSA (SB) MRT-Buendia Station, in-between Estrella St./Ayala Ave. Makati",MMDA Road Safety Unit,,5b3126eb-17e4-4560-911c-c33cda926f21,2007-06-23,04:30:00,"EDSA (SB) fronting Loyola Memorial Chapel, Guadalupe Makati",0,0,0,0,0,0,0,0,0,0,2007-06-23 12:30,Property,14.55423279,121.0338797,Side Swipe
None,EDSA,None,None,"Unknown, Side Swipe, 0.0 drivers_injured, 0.0 drivers_killed, 0.0 passengers_injured, 0.0 passengers_killed, 0.0 pedestrian_injured, 0.0 pedestrian_killed, Dry, EDSA (SB) Sen. Gil J. Puyat Ave. (Buendia) Makati",MMDA Road Safety Unit,,579e6645-6e15-4a4b-9565-9afcac0dae43,2007-06-21,21:30:00,"EDSA (SB) in-between Guadalupe Cloverleaf and Bernardino St., right after MRT-Guadalupe Station Makati",0,0,0,0,0,0,0,0,0,0,2007-06-22 5:30,Property,14.55496432,121.0348612,Side Swipe
None,EDSA,None,None,"Unknown, Hit object (No Object Stated), 0.0 drivers_injured, 0.0 drivers_killed, 0.0 passengers_injured, 0.0 passengers_killed, 0.0 pedestrian_injured, 0.0 pedestrian_killed, Dry, EDSA (SB) nearing Sen. Gil J. Puyat Ave. (Buendia), in-between Kalayaan Ave. and Buendia Makati",MMDA Road Safety Unit,,10e9fc85-6816-4d96-aa6e-231fc10ac9dd,2007-06-21,15:00:00,EDSA (SB) approaching Sen. Gil J. Puyat Ave. (Buendia) Makati,0,0,0,0,0,0,0,0,0,0,2007-06-21 23:00,Property,14.55556744,121.0355003,Hit Object
None,EDSA,None,None,"Unknown, Side Swipe, 0.0 drivers_injured, 0.0 drivers_killed, 0.0 passengers_injured, 0.0 passengers_killed, 0.0 pedestrian_injured, 0.0 pedestrian_killed, Dry, EDSA (SB) approaching Ayala Ave. Makati",MMDA Road Safety Unit,,eea6697c-ccba-43d2-9897-73cc7e3f38f8,2007-06-21,01:45:00,EDSA (SB) bet. Ayala Ave. &Arnaiz Ave. Makati,0,0,0,0,0,0,0,0,0,0,2007-06-21 9:45,Property,14.55028537,121.0293488,Side Swipe
None,EDSA,None,None,"Unknown, Rear-end, 0.0 drivers_injured, 0.0 drivers_killed, 0.0 passengers_injured, 0.0 passengers_killed, 0.0 pedestrian_injured, 0.0 pedestrian_killed, Dry, EDSA (SB) approaching Sen. Gil J. Puyat Ave. (Buendia) Makati",MMDA Road Safety Unit,,7492683a-fc76-422d-9f52-a8a328e5f2c6,2007-06-21,01:30:00,EDSA (SB) Ayala Ave. Makati,0,0,0,0,0,0,0,0,0,0,2007-06-21 9:30,Property,14.55542101,121.0352189,Rear-End
None,EDSA,None,None,"Unknown, Rear-end, 0.0 drivers_injured, 0.0 drivers_killed, 0.0 passengers_injured, 0.0 passengers_killed, 0.0 pedestrian_injured, 0.0 pedestrian_killed, Dry, EDSA (SB) approaching Sen. Gil J. Puyat Ave. (Buendia) Makati",MMDA Road Safety Unit,,07f3e82c-a676-4c36-ac00-cebd241d13ae,2007-06-21,01:30:00,EDSA (SB) Ayala Ave. Makati,0,0,0,0,0,0,0,0,0,0,2007-06-21 9:30,Property,14.55542101,121.0352189,Rear-End
None,EDSA,None,None,"Unknown, Side Swipe, 0.0 drivers_injured, 0.0 drivers_killed, 0.0 passengers_injured, 0.0 passengers_killed, 0.0 pedestrian_injured, 0.0 pedestrian_killed, Dry, EDSA (SB) in-between Bernardino St. and Estrella St., near corner Estrella St. Makati",MMDA Road Safety Unit,,15c095b7-a0bc-40c8-852f-88252328bfb5,2007-06-20,06:30:00,"EDSA (SB) Mantrade, at loading bay Makati",0,0,0,0,0,0,0,0,0,0,2007-06-20 14:30,Property,14.56003553,121.0408307,Side Swipe
None,EDSA,None,None,"Unknown, Rear-end, 0.0 drivers_injured, 0.0 drivers_killed, 0.0 passengers_injured, 0.0 passengers_killed, 0.0 pedestrian_injured, 0.0 pedestrian_killed, Dry, EDSA (SB) in-between Guadalupe Cloverleaf and Bernardino St., MRT-Guadalupe Station Makati",MMDA Road Safety Unit,,53a328d7-c6a5-4ee4-bbdb-9f764127fe45,2007-06-19,10:20:00,"EDSA (SB) Guadalupe Tulay, in-between Guadalupe Bridge and Loyola Makati",0,0,0,0,0,0,0,0,0,0,2007-06-19 18:20,Property,14.56685719,121.0454103,Rear-End
None,EDSA,None,None,"Unknown, Side Swipe, 0.0 drivers_injured, 0.0 drivers_killed, 0.0 passengers_injured, 0.0 passengers_killed, 0.0 pedestrian_injured, 0.0 pedestrian_killed, Dry, EDSA (SB) in-between Pasay Road and Pasong Tamo Ext., approaching MRT Station Makati",MMDA Road Safety Unit,,50d03559-cd18-4be8-96f4-9a796f198c0d,2007-06-19,07:30:00,EDSA (SB) bet. Arnaiz ave. & Pasong Tamo Extn Approaching Magallanes Makati,0,0,0,0,0,0,0,0,0,0,2007-06-19 15:30,Property,14.54177058,121.0191001,Side Swipe
None,EDSA,None,None,"Unknown, Rear-end, 0.0 drivers_injured, 0.0 drivers_killed, 0.0 passengers_injured, 0.0 passengers_killed, 0.0 pedestrian_injured, 0.0 pedestrian_killed, Dry, EDSA (SB) Evangelista St. Makati",MMDA Road Safety Unit,,80a59710-618d-4e57-af1a-1f4c360892fb,2007-06-19,05:30:00,EDSA (SB) after Evangelista St.  Makati,0,0,0,0,0,0,0,0,0,0,2007-06-19 13:30,Property,14.53903137,121.0123272,Rear-End
None,EDSA,None,None,"Unknown, Side Swipe, 0.0 drivers_injured, 0.0 drivers_killed, 0.0 passengers_injured, 0.0 passengers_killed, 0.0 pedestrian_injured, 0.0 pedestrian_killed, Dry, EDSA (SB) approaching Magallanes Interchange Makati",MMDA Road Safety Unit,,7b0cdb46-1b9f-40c9-a4fd-c87df069ca74,2007-06-18,04:00:00,EDSA (SB) after Guadalupe Bridge  Makati,0,0,0,0,0,0,0,0,0,0,2007-06-18 12:00,Property,14.54035889,121.0168007,Side Swipe
None,EDSA,None,None,"Unknown, Side Swipe, 0.0 drivers_injured, 0.0 drivers_killed, 0.0 passengers_injured, 0.0 passengers_killed, 0.0 pedestrian_injured, 0.0 pedestrian_killed, Dry, EDSA (SB) fronting Loyola Memorial Chapel, Guadalupe Makati",MMDA Road Safety Unit,,a017f761-92a5-47ca-b96d-6456b3e92523,2007-06-18,00:50:00,"EDSA (SB) Mantrade, in-between Antonio S. Arnaiz Ave. (Pasay Road) and Magallanes Interchange Makati",0,0,0,0,0,0,0,0,0,0,2007-06-18 8:50,Property,14.56526983,121.0448719,Side Swipe
None,EDSA,None,None,"Unknown, Side Swipe, 0.0 drivers_injured, 0.0 drivers_killed, 0.0 passengers_injured, 0.0 passengers_killed, 0.0 pedestrian_injured, 0.0 pedestrian_killed, Dry, EDSA (SB) in-between Guadalupe Cloverleaf and Bernardino St., right after MRT-Guadalupe Station Makati",MMDA Road Safety Unit,,64cf645b-4182-4425-a075-4aa4abf1b9f9,2007-06-18,00:30:00,EDSA (SB) Ayala Ave. Makati,0,0,0,0,0,0,0,0,0,0,2007-06-18 8:30,Property,14.56685719,121.0454103,Side Swipe
None,EDSA,None,None,"Unknown, Rear-end, 0.0 drivers_injured, 0.0 drivers_killed, 0.0 passengers_injured, 0.0 passengers_killed, 0.0 pedestrian_injured, 0.0 pedestrian_killed, Dry, EDSA (SB) approaching Sen. Gil J. Puyat Ave. (Buendia) Makati",MMDA Road Safety Unit,,dd85da8a-35b8-4cd9-8683-67e15718a229,2007-06-15,10:00:00,"EDSA (SB) approaching Ayala Ave., in-between Sen. Gil J. Puyat Ave. (Buendia) and Ayala Ave. Makati",0,0,0,0,0,0,0,0,0,0,2007-06-15 18:00,Property,14.55542101,121.0352189,Rear-End
None,EDSA,None,None,"Human Error, Side Swipe, 0.0 drivers_injured, 0.0 drivers_killed, 0.0 passengers_injured, 0.0 passengers_killed, 0.0 pedestrian_injured, 0.0 pedestrian_killed, Dry, EDSA (SB) bet. Ayala Ave. &Arnaiz Ave. Makati",MMDA Road Safety Unit,,0794a2b9-7611-4cc7-a942-98e065c8af35,2007-06-12,08:30:00,EDSA (SB) Ayala Ave. Makati,0,0,0,0,0,0,0,0,0,0,2007-06-12 16:30,Property,14.54814694,121.0266921,Side Swipe
None,EDSA,None,None,"Human Error, Rear-end, 0.0 drivers_injured, 0.0 drivers_killed, 0.0 passengers_injured, 0.0 passengers_killed, 0.0 pedestrian_injured, 0.0 pedestrian_killed, Dry, EDSA (SB) Ayala Ave. Makati",MMDA Road Safety Unit,,32c4c269-c4cd-4100-afab-26c32b068625,2007-06-12,02:20:00,EDSA (SB) approaching Estrella St. Makati,0,0,0,0,0,0,0,0,0,0,2007-06-12 10:20,Property,14.55024058,121.0293174,Rear-End
None,EDSA,None,None,"Unknown, Side Swipe, 0.0 drivers_injured, 0.0 drivers_killed, 0.0 passengers_injured, 0.0 passengers_killed, 0.0 pedestrian_injured, 0.0 pedestrian_killed, Dry, EDSA (SB) Ayala Ave. Makati",MMDA Road Safety Unit,,ed08444a-0f58-459b-b562-88463d6ace12,2007-06-06,17:00:00,EDSA (SB) fronting San Carlos Seminary Makati,0,0,0,0,0,0,0,0,0,0,2007-06-07 1:00,Property,14.55022912,121.0292348,Side Swipe
None,EDSA,None,None,"Unknown, Side Swipe, 0.0 drivers_injured, 0.0 drivers_killed, 0.0 passengers_injured, 0.0 passengers_killed, 0.0 pedestrian_injured, 0.0 pedestrian_killed, Dry, EDSA (SB) Mantrade, at loading bay Makati",MMDA Road Safety Unit,,a62113f3-b445-4185-9a23-8d4ac0f7c7cc,2007-06-05,11:30:00,EDSA (SB) after Magallanes Inter. Makati,0,0,0,0,0,0,0,0,0,0,2007-06-05 19:30,Property,14.54270519,121.0200577,Side Swipe
None,EDSA,None,None,"Unknown, Rear-end, 0.0 drivers_injured, 0.0 drivers_killed, 0.0 passengers_injured, 0.0 passengers_killed, 0.0 pedestrian_injured, 0.0 pedestrian_killed, Dry, EDSA (SB) Guadalupe Tulay, in-between Guadalupe Bridge and Loyola Makati",MMDA Road Safety Unit,,e5ef3279-df3d-48e4-9691-fb66146eded2,2007-06-05,11:15:00,EDSA (SB) after Buendia Ave.  Makati,0,0,0,0,0,0,0,0,0,0,2007-06-05 19:15,Property,14.5681168,121.0457834,Rear-End
None,EDSA,None,None,"Human Error, Rear-end, 0.0 drivers_injured, 0.0 drivers_killed, 0.0 passengers_injured, 0.0 passengers_killed, 0.0 pedestrian_injured, 0.0 pedestrian_killed, Dry, EDSA (SB) bet. Arnaiz ave. & Pasong Tamo Extn Approaching Magallanes Makati",MMDA Road Safety Unit,,460d8b28-b4cd-4281-86f6-606d1874a542,2007-06-05,03:10:00,EDSA (SB) after Buendia Ave.  Makati,0,0,0,0,0,0,0,0,0,0,2007-06-05 11:10,Property,14.54677725,121.0251546,Rear-End
None,EDSA,None,None,"Human Error, Side Swipe, 0.0 drivers_injured, 0.0 drivers_killed, 0.0 passengers_injured, 0.0 passengers_killed, 0.0 pedestrian_injured, 0.0 pedestrian_killed, Dry, EDSA (SB) after Evangelista St.  Makati",MMDA Road Safety Unit,,dbc65c8e-790a-46cc-ae0a-88a656169276,2007-06-03,05:30:00,EDSA (SB) before Mantrade / MRT Station Makati,0,0,0,0,0,0,0,0,0,0,2007-06-03 13:30,Property,14.53908511,121.0122919,Side Swipe
None,EDSA,None,None,"Human Error, Side Swipe, 0.0 drivers_injured, 0.0 drivers_killed, 0.0 passengers_injured, 0.0 passengers_killed, 0.0 pedestrian_injured, 0.0 pedestrian_killed, Dry, EDSA (SB) after Guadalupe Bridge  Makati",MMDA Road Safety Unit,,d3d303eb-2fec-48b1-9bdf-552352aa7bf6,2007-06-03,05:20:00,EDSA (SB) bet. Pasay Rd. / Magallanes Makati,0,0,0,0,0,0,0,0,0,0,2007-06-03 13:20,Property,14.56669742,121.0454608,Side Swipe
None,EDSA,None,None,"Unknown, Side Swipe, 0.0 drivers_injured, 0.0 drivers_killed, 0.0 passengers_injured, 0.0 passengers_killed, 0.0 pedestrian_injured, 0.0 pedestrian_killed, Dry, EDSA (SB) Mantrade, in-between Antonio S. Arnaiz Ave. (Pasay Road) and Magallanes Interchange Makati",MMDA Road Safety Unit,,bd600d29-77e8-484a-a771-66bed74f054e,2007-06-02,08:55:00,EDSA (SB) bet. Arnaiz / Pasong Tamo Extn.  Makati,0,0,0,0,0,0,0,0,0,0,2007-06-02 16:55,Property,14.54046902,121.0171628,Side Swipe
None,EDSA,None,None,"Unknown, Side Swipe, 0.0 drivers_injured, 0.0 drivers_killed, 0.0 passengers_injured, 0.0 passengers_killed, 0.0 pedestrian_injured, 0.0 pedestrian_killed, Dry, EDSA (SB) Ayala Ave. Makati",MMDA Road Safety Unit,,f15fb5ff-9fd4-4103-8e9a-a65313ff5568,2007-06-02,07:50:00,EDSA (SB) Arnaiz Ave. / Pasong Tamo  Makati,0,0,0,0,0,0,0,0,0,0,2007-06-02 15:50,Property,14.55022912,121.0292348,Side Swipe
None,EDSA,None,None,"Unknown, Side Swipe, 0.0 drivers_injured, 0.0 drivers_killed, 0.0 passengers_injured, 0.0 passengers_killed, 0.0 pedestrian_injured, 0.0 pedestrian_killed, Dry, EDSA (SB) approaching Ayala Ave., in-between Sen. Gil J. Puyat Ave. (Buendia) and Ayala Ave. Makati",MMDA Road Safety Unit,,a73999f5-2ec2-4b54-9e80-ede0cefc60a8,2007-06-02,02:30:00,EDSA (SB) Estrella St. Makati,0,0,0,0,0,0,0,0,0,0,2007-06-02 10:30,Property,14.55270985,121.0319048,Side Swipe
None,EDSA,None,None,"Human Error, Rear-end, 0.0 drivers_injured, 0.0 drivers_killed, 0.0 passengers_injured, 0.0 passengers_killed, 0.0 pedestrian_injured, 0.0 pedestrian_killed, Dry, EDSA (SB) Ayala Ave. Makati",MMDA Road Safety Unit,,17ff2477-1f01-4bf2-acee-95807145d59c,2007-06-01,11:10:00,EDSA (SB) bet. Estrella & Buendia Ave. Makati,0,0,0,0,0,0,0,0,0,0,2007-06-01 19:10,Property,14.55024058,121.0293174,Rear-End
None,EDSA,None,None,"Unknown, Side Swipe, 0.0 drivers_injured, 0.0 drivers_killed, 0.0 passengers_injured, 0.0 passengers_killed, 0.0 pedestrian_injured, 0.0 pedestrian_killed, Dry, EDSA (SB) approaching Estrella St. Makati",MMDA Road Safety Unit,,8d8e0c85-9038-4c19-8f79-411602f5f6b4,2007-06-01,01:15:00,EDSA (SB) approaching Magallanes Interchange Makati,0,0,0,0,0,0,0,0,0,0,2007-06-01 9:15,Property,14.5599755,121.0408006,Side Swipe
None,EDSA,None,None,"Human Error, Side Swipe, 0.0 drivers_injured, 0.0 drivers_killed, 0.0 passengers_injured, 0.0 passengers_killed, 0.0 pedestrian_injured, 0.0 pedestrian_killed, Dry, EDSA (SB) fronting San Carlos Seminary Makati",MMDA Road Safety Unit,,48122836-fc14-4b46-b785-bbb457b3bacc,2007-05-31,06:20:00,EDSA (SB) bet. Bernardino St./ Estrella St.  Makati,0,0,0,0,0,0,0,0,0,0,2007-05-31 14:20,Property,14.56336498,121.0439669,Side Swipe
None,EDSA,None,None,"Human Error, Side Swipe, 0.0 drivers_injured, 0.0 drivers_killed, 0.0 passengers_injured, 0.0 passengers_killed, 0.0 pedestrian_injured, 0.0 pedestrian_killed, Dry, EDSA (SB) after Magallanes Inter. Makati",MMDA Road Safety Unit,,90aa468e-9688-47c1-b46b-de04a6f8d0df,2007-05-28,13:30:00,EDSA (SB) bet. Estrella St. Ayala Ave. Cor. Buendia Ave. Makati,0,0,0,0,0,0,0,0,0,0,2007-05-28 21:30,Property,14.53948675,121.0143114,Side Swipe
None,EDSA,None,None,"Human Error, Rear-end, 0.0 drivers_injured, 0.0 drivers_killed, 0.0 passengers_injured, 0.0 passengers_killed, 0.0 pedestrian_injured, 0.0 pedestrian_killed, Dry, EDSA (SB) after Buendia Ave.  Makati",MMDA Road Safety Unit,,debf7eaa-c761-4aa6-89a7-10f63cef6a8e,2007-05-25,12:30:00,EDSA (SB) bet. Ayala ave. / Buendia ave. Makati,0,0,0,0,0,0,0,0,0,0,2007-05-25 20:30,Property,14.55497597,121.0347891,Rear-End
None,EDSA,None,None,"Human Error, Rear-end, 0.0 drivers_injured, 0.0 drivers_killed, 0.0 passengers_injured, 0.0 passengers_killed, 0.0 pedestrian_injured, 0.0 pedestrian_killed, Dry, EDSA (SB) after Buendia Ave.  Makati",MMDA Road Safety Unit,,ea35f952-301e-4784-a699-b58b808cd8d3,2007-05-25,04:00:00,EDSA (SB) Evangelista St. Makati,0,0,0,0,0,0,0,0,0,0,2007-05-25 12:00,Property,14.55497597,121.0347891,Rear-End
None,EDSA,None,None,"Human Error, Rear-end, 0.0 drivers_injured, 0.0 drivers_killed, 0.0 passengers_injured, 0.0 passengers_killed, 0.0 pedestrian_injured, 0.0 pedestrian_killed, Dry, EDSA (SB) before Mantrade / MRT Station Makati",MMDA Road Safety Unit,,00308549-fb41-4981-aef7-63f489891554,2007-05-24,12:45:00,EDSA (SB) Aprroaching Estrella St. Makati,0,0,0,0,0,0,0,0,0,0,2007-05-24 20:45,Property,14.54118964,121.0184919,Rear-End
None,EDSA,None,None,"Human Error, Rear-end, 0.0 drivers_injured, 0.0 drivers_killed, 0.0 passengers_injured, 0.0 passengers_killed, 0.0 pedestrian_injured, 0.0 pedestrian_killed, Dry, EDSA (SB) bet. Pasay Rd. / Magallanes Makati",MMDA Road Safety Unit,,f67f70a4-6e78-4dbb-be15-c19b819991a3,2007-05-24,04:50:00,EDSA (SB) bet. Ayala Ave./ Buendia Ave. Makati,0,0,0,0,0,0,0,0,0,0,2007-05-24 12:50,Property,14.54381234,121.0215819,Rear-End
None,EDSA,None,None,"Human Error, Rear-end, 0.0 drivers_injured, 0.0 drivers_killed, 0.0 passengers_injured, 0.0 passengers_killed, 0.0 pedestrian_injured, 0.0 pedestrian_killed, Dry, EDSA (SB) bet. Arnaiz / Pasong Tamo Extn.  Makati",MMDA Road Safety Unit,,2d7cc132-befe-479f-8441-58cf49e81aab,2007-05-23,09:50:00,EDSA (SB) after Rockwell Makati,0,0,0,0,0,0,0,0,0,0,2007-05-23 17:50,Property,14.54677725,121.0251546,Rear-End
None,EDSA,None,None,"Human Error, Side Swipe, 0.0 drivers_injured, 0.0 drivers_killed, 0.0 passengers_injured, 0.0 passengers_killed, 0.0 pedestrian_injured, 0.0 pedestrian_killed, Dry, EDSA (SB) Arnaiz Ave. / Pasong Tamo  Makati",MMDA Road Safety Unit,,56b81de3-ea7f-4c01-ae29-08a880911284,2007-05-23,01:15:00,EDSA (SB) just past Estrella St. Makati,0,0,0,0,0,0,0,0,0,0,2007-05-23 9:15,Property,14.54784079,121.0263936,Side Swipe
None,EDSA,None,None,"Human Error, Rear-end, 0.0 drivers_injured, 0.0 drivers_killed, 0.0 passengers_injured, 0.0 passengers_killed, 0.0 pedestrian_injured, 0.0 pedestrian_killed, Dry, EDSA (SB) Estrella St. Makati",MMDA Road Safety Unit,,8d35a0a5-f754-406c-a83b-45c9ddb0a43d,2007-05-22,04:00:00,EDSA (SB) approaching MRT-Magallanes Station Makati,0,0,0,0,0,0,0,0,0,0,2007-05-22 12:00,Property,14.55978992,121.0405331,Rear-End
None,EDSA,None,None,"Human Error, Side Swipe, 0.0 drivers_injured, 0.0 drivers_killed, 0.0 passengers_injured, 0.0 passengers_killed, 0.0 pedestrian_injured, 0.0 pedestrian_killed, Dry, EDSA (SB) bet. Estrella & Buendia Ave. Makati",MMDA Road Safety Unit,,95a633a3-364a-46da-b270-96ec1ae3988c,2007-05-21,23:50:00,EDSA (SB) fronting Pet Plans Bldg. Makati,0,0,0,0,0,0,0,0,0,0,2007-05-22 7:50,Property,14.55752957,121.037815,Side Swipe
None,EDSA,None,None,"Human Error, Side Swipe, 0.0 drivers_injured, 0.0 drivers_killed, 0.0 passengers_injured, 0.0 passengers_killed, 0.0 pedestrian_injured, 0.0 pedestrian_killed, Dry, EDSA (SB) approaching Magallanes Interchange Makati",MMDA Road Safety Unit,,687aa6bc-5ac9-4d4b-a5c1-0d1da762d538,2007-05-21,10:00:00,EDSA (SB) Estrella St. Makati,0,0,0,0,0,0,0,0,0,0,2007-05-21 18:00,Property,14.54035889,121.0168007,Side Swipe
None,EDSA,None,None,"Human Error, Rear-end, 0.0 drivers_injured, 0.0 drivers_killed, 0.0 passengers_injured, 0.0 passengers_killed, 0.0 pedestrian_injured, 0.0 pedestrian_killed, Dry, EDSA (SB) bet. Bernardino St./ Estrella St.  Makati",MMDA Road Safety Unit,,78e91c1d-c656-4fa5-9d00-fe025fe58221,2007-05-21,08:00:00,EDSA (SB) bet. Arnaiz Ave. (Pasay Rd) & Pasong Tamo Extn. Makati,0,0,0,0,0,0,0,0,0,0,2007-05-21 16:00,Property,14.56599367,121.0451746,Rear-End
None,EDSA,None,None,"Human Error, Side Swipe, 0.0 drivers_injured, 0.0 drivers_killed, 0.0 passengers_injured, 0.0 passengers_killed, 0.0 pedestrian_injured, 0.0 pedestrian_killed, Dry, EDSA (SB) bet. Estrella St. Ayala Ave. Cor. Buendia Ave. Makati",MMDA Road Safety Unit,,5a30a11b-67d9-464d-b1d3-5a5725697d10,2007-05-18,01:30:00,EDSA (SB) bet. Arnaiz Ave. (Pasay Rd) & Pasong Tamo Extn. Makati,0,0,0,0,0,0,0,0,0,0,2007-05-18 9:30,Property,14.55519733,121.0348481,Side Swipe
None,EDSA,None,None,"Human Error, Rear-end, 0.0 drivers_injured, 0.0 drivers_killed, 0.0 passengers_injured, 0.0 passengers_killed, 0.0 pedestrian_injured, 0.0 pedestrian_killed, Dry, EDSA (SB) bet. Ayala ave. / Buendia ave. Makati",MMDA Road Safety Unit,,38288ee8-b8db-4c20-ad56-483443dfa11d,2007-05-16,22:30:00,EDSA (SB) approaching Magallanes Makati,0,0,0,0,0,0,0,0,0,0,2007-05-17 6:30,Property,14.5492376,121.0279429,Rear-End
None,EDSA,None,None,"Human Error, Side Swipe, 0.0 drivers_injured, 0.0 drivers_killed, 0.0 passengers_injured, 0.0 passengers_killed, 0.0 pedestrian_injured, 0.0 pedestrian_killed, Dry, EDSA (SB) Evangelista St. Makati",MMDA Road Safety Unit,,52f7bc0a-5ac8-4168-a9af-8b7e16189d86,2007-05-16,06:45:00,EDSA (SB) Mantrade Loading Bay Makati,0,0,0,0,0,0,0,0,0,0,2007-05-16 14:45,Property,14.53903137,121.0123272,Side Swipe
None,EDSA,None,None,"Human Error, Rear-end, 0.0 drivers_injured, 0.0 drivers_killed, 0.0 passengers_injured, 0.0 passengers_killed, 0.0 pedestrian_injured, 0.0 pedestrian_killed, Dry, EDSA (SB) Aprroaching Estrella St. Makati",MMDA Road Safety Unit,,61487019-a122-43be-a484-93a4f6ecd658,2007-05-16,03:15:00,"EDSA (SB) aprroaching Apo St., Guadalupe Makati",0,0,0,0,0,0,0,0,0,0,2007-05-16 11:15,Property,14.56000794,121.040791,Rear-End
None,EDSA,None,None,"Human Error, Rear-end, 0.0 drivers_injured, 0.0 drivers_killed, 0.0 passengers_injured, 0.0 passengers_killed, 0.0 pedestrian_injured, 0.0 pedestrian_killed, Dry, EDSA (SB) bet. Ayala Ave./ Buendia Ave. Makati",MMDA Road Safety Unit,,b8d7c2a4-87c7-4baa-834f-17b1ba128224,2007-05-10,17:00:00,"EDSA (SB) in-between Guadalupe Cloverleaf and Bernardino St., Guadalupe Viejo Makati",0,0,0,0,0,0,0,0,0,0,2007-05-11 1:00,Property,14.5492376,121.0279429,Rear-End
None,EDSA,None,None,"Human Error, Side Swipe, 0.0 drivers_injured, 0.0 drivers_killed, 0.0 passengers_injured, 0.0 passengers_killed, 0.0 pedestrian_injured, 0.0 pedestrian_killed, Dry, EDSA (SB) after Rockwell Makati",MMDA Road Safety Unit,,c9909bee-eec1-4e56-ba07-af4136e3bc33,2007-05-09,15:00:00,EDSA (SB) approaching Sen. Gil J. Puyat Ave. (Buendia) Makati,0,0,0,0,0,0,0,0,0,0,2007-05-09 23:00,Property,14.5598722,121.0406772,Side Swipe