LOCATION_TEXT,ROAD,WEATHER,LIGHT,DESC,REPORTING_AGENCY,MAIN_CAUSE,INCIDENTDETAILS_ID,DATE_UTC,TIME_UTC,ADDRESS,killed_driver,killed_passenger,killed_pedestrian,injured_driver,injured_passenger,injured_pedestrian,killed_uncategorized,injured_uncategorized,killed_total,injured_total,DATETIME_PST,SEVERITY,Y,X,COLLISION_TYPE
None,EDSA,None,None,"Unknown, Rear-end, 0.0 drivers_injured, 0.0 drivers_killed, 0.0 passengers_injured, 0.0 passengers_killed, 0.0 pedestrian_injured, 0.0 pedestrian_killed, Dry, EDSA (SB) just past Estrella St. Makati",MMDA Road Safety Unit,,cf56f923-3c7e-4222-96fb-f8af5ae14abc,2007-05-07,02:15:00,"EDSA (SB) in-between Estrella St. and Bernardino St., Guadalupe Makati",0,0,0,0,0,0,0,0,0,0,2007-05-07 10:15,Property,14.55970345,121.0404347,Rear-End
None,EDSA,None,None,"Unknown, Rear-end, 0.0 drivers_injured, 0.0 drivers_killed, 0.0 passengers_injured, 0.0 passengers_killed, 0.0 pedestrian_injured, 0.0 pedestrian_killed, Dry, EDSA (SB) approaching MRT-Magallanes Station Makati",MMDA Road Safety Unit,,cbc7c769-f36c-46c3-b0ad-793ba58f2107,2007-05-06,06:35:00,EDSA (SB) approaching Sen. Gil J. Puyat Ave. (Buendia) Makati,0,0,0,0,0,0,0,0,0,0,2007-05-06 14:35,Property,14.5417799,121.0190463,Rear-End
None,EDSA,None,None,"Human Error, Rear-end, 0.0 drivers_injured, 0.0 drivers_killed, 0.0 passengers_injured, 0.0 passengers_killed, 0.0 pedestrian_injured, 0.0 pedestrian_killed, Dry, EDSA (SB) fronting Pet Plans Bldg. Makati",MMDA Road Safety Unit,,04ce49e9-d031-4caf-bf76-77ba1022aa46,2007-05-05,01:00:00,"EDSA (SB) in-between Antonio S. Arnaiz Ave. (Pasay Road) and Chino Roces Ave. (Pasong Tamo Ext.), MRT-Magallanes Station Makati",0,0,0,0,0,0,0,0,0,0,2007-05-05 9:00,Property,14.56194387,121.0429645,Rear-End
None,EDSA,None,None,"Human Error, Side Swipe, 0.0 drivers_injured, 0.0 drivers_killed, 0.0 passengers_injured, 0.0 passengers_killed, 0.0 pedestrian_injured, 0.0 pedestrian_killed, Dry, EDSA (SB) Estrella St. Makati",MMDA Road Safety Unit,,1f1672c2-7168-4cb2-b733-f047513636bd,2007-05-02,21:55:00,EDSA (SB) approaching Magallanes Makati,0,0,0,0,0,0,0,0,0,0,2007-05-03 5:55,Property,14.56002889,121.040751,Side Swipe
None,EDSA,None,None,"Human Error, Rear-end, 0.0 drivers_injured, 0.0 drivers_killed, 0.0 passengers_injured, 0.0 passengers_killed, 0.0 pedestrian_injured, 0.0 pedestrian_killed, Dry, EDSA (SB) bet. Arnaiz Ave. (Pasay Rd) & Pasong Tamo Extn. Makati",MMDA Road Safety Unit,,fa471cab-a338-468c-9258-dd746e1edf97,2007-05-02,10:00:00,"EDSA (SB) approaching ""U"" turn slot, Buendia, in-between Estrella St. and Sen. Gil J. Puyat Ave. (Buendia) Makati",0,0,0,0,0,0,0,0,0,0,2007-05-02 18:00,Property,14.54677725,121.0251546,Rear-End
None,EDSA,None,None,"Human Error, Rear-end, 0.0 drivers_injured, 0.0 drivers_killed, 0.0 passengers_injured, 0.0 passengers_killed, 0.0 pedestrian_injured, 0.0 pedestrian_killed, Dry, EDSA (SB) bet. Arnaiz Ave. (Pasay Rd) & Pasong Tamo Extn. Makati",MMDA Road Safety Unit,,5ebefd41-3180-4334-a2f4-ccc450fab32b,2007-05-02,06:30:00,"EDSA (SB) approaching Ayala Ave., in-between Sen. Gil J. Puyat Ave. (Buendia) and Ayala Ave. Makati",0,0,0,0,0,0,0,0,0,0,2007-05-02 14:30,Property,14.54677725,121.0251546,Rear-End
None,EDSA,None,None,"Unknown, Rear-end, 0.0 drivers_injured, 0.0 drivers_killed, 0.0 passengers_injured, 0.0 passengers_killed, 0.0 pedestrian_injured, 0.0 pedestrian_killed, Dry, EDSA (SB) approaching Magallanes Makati",MMDA Road Safety Unit,,5b62d211-055c-4039-ba03-794c2431292f,2007-05-01,06:00:00,EDSA (SB) before Evangelista St. Makati,0,0,0,0,0,0,0,0,0,0,2007-05-01 14:00,Property,14.53941899,121.014514,Rear-End
None,EDSA,None,None,"Human Error, Rear-end, 0.0 drivers_injured, 0.0 drivers_killed, 0.0 passengers_injured, 0.0 passengers_killed, 0.0 pedestrian_injured, 0.0 pedestrian_killed, Dry, EDSA (SB) Mantrade Loading Bay Makati",MMDA Road Safety Unit,,ea912a89-7318-4089-bced-ad9ec8e3a65b,2007-05-01,03:30:00,EDSA (SB) approaching Mantrade Makati,0,0,0,0,0,0,0,0,0,0,2007-05-01 11:30,Property,14.54139794,121.018159,Rear-End
None,EDSA,None,None,"Human Error, Head-on, 0.0 drivers_injured, 0.0 drivers_killed, 0.0 passengers_injured, 0.0 passengers_killed, 0.0 pedestrian_injured, 0.0 pedestrian_killed, Dry, EDSA (SB) aprroaching Apo St., Guadalupe Makati",MMDA Road Safety Unit,,860943df-ec6f-4bcf-94ef-318a200d91ed,2007-04-30,18:00:00,EDSA (SB) before Ayala Ave. Makati,0,0,0,0,0,0,0,0,0,0,2007-05-01 2:00,Property,14.5716104,121.0468051,Head-On
None,EDSA,None,None,"Unknown, Rear-end, 0.0 drivers_injured, 0.0 drivers_killed, 0.0 passengers_injured, 0.0 passengers_killed, 0.0 pedestrian_injured, 0.0 pedestrian_killed, Dry, EDSA (SB) in-between Guadalupe Cloverleaf and Bernardino St., Guadalupe Viejo Makati",MMDA Road Safety Unit,,0a980dc2-2434-4d33-b972-2737513f98a4,2007-04-27,04:10:00,"EDSA (SB) in-between Antonio S. Arnaiz Ave. (Pasay Road) and Chino Roces Ave. (Pasong Tamo Ext.), approaching MRT-Magallanes Station Makati",0,0,0,0,0,0,0,0,0,0,2007-04-27 12:10,Property,14.56685719,121.0454103,Rear-End
None,EDSA,None,None,"Unknown, Side Swipe, 0.0 drivers_injured, 0.0 drivers_killed, 0.0 passengers_injured, 0.0 passengers_killed, 0.0 pedestrian_injured, 0.0 pedestrian_killed, Dry, EDSA (SB) approaching Sen. Gil J. Puyat Ave. (Buendia) Makati",MMDA Road Safety Unit,,d901aab5-c6bb-4856-b272-da0b3b74743e,2007-04-26,02:20:00,EDSA (SB) Ayala Ave. Makati,0,0,0,0,0,0,0,0,0,0,2007-04-26 10:20,Property,14.55542101,121.0352189,Side Swipe
None,EDSA,None,None,"Unknown, Rear-end, 0.0 drivers_injured, 0.0 drivers_killed, 0.0 passengers_injured, 0.0 passengers_killed, 0.0 pedestrian_injured, 0.0 pedestrian_killed, Dry, EDSA (SB) in-between Estrella St. and Bernardino St., Guadalupe Makati",MMDA Road Safety Unit,,7189b7d7-fbb0-47cb-b20d-f8985c68451a,2007-04-26,01:10:00,EDSA (SB) approaching MRT-Mantrade Station Makati,0,0,0,0,0,0,0,0,0,0,2007-04-26 9:10,Property,14.56046725,121.0411325,Rear-End
None,EDSA,None,None,"Unknown, Rear-end, 0.0 drivers_injured, 0.0 drivers_killed, 0.0 passengers_injured, 0.0 passengers_killed, 0.0 pedestrian_injured, 0.0 pedestrian_killed, Dry, EDSA (SB) approaching Sen. Gil J. Puyat Ave. (Buendia) Makati",MMDA Road Safety Unit,,61c509ff-90b8-49d7-baf3-3c4160919610,2007-04-24,01:15:00,EDSA (SB) Estrella St. Makati,0,0,0,0,0,0,0,0,0,0,2007-04-24 9:15,Property,14.55542101,121.0352189,Rear-End
None,EDSA,None,None,"Unknown, Rear-end, 0.0 drivers_injured, 0.0 drivers_killed, 0.0 passengers_injured, 0.0 passengers_killed, 0.0 pedestrian_injured, 0.0 pedestrian_killed, Dry, EDSA (SB) in-between Antonio S. Arnaiz Ave. (Pasay Road) and Chino Roces Ave. (Pasong Tamo Ext.), MRT-Magallanes Station Makati",MMDA Road Safety Unit,,d0c13d21-4ebc-4170-8243-a375a3265ca9,2007-04-20,05:45:00,"EDSA (SB) fronting Loyola Memorial Chapel, Guadalupe Viejo Makati",0,0,0,0,0,0,0,0,0,0,2007-04-20 13:45,Property,14.54181292,121.0191611,Rear-End
None,EDSA,None,None,"Unknown, Rear-end, 0.0 drivers_injured, 0.0 drivers_killed, 0.0 passengers_injured, 0.0 passengers_killed, 0.0 pedestrian_injured, 0.0 pedestrian_killed, Dry, EDSA (SB) approaching Magallanes Makati",MMDA Road Safety Unit,,31a1437b-ed35-4cba-9597-faf901993ea8,2007-04-19,08:00:00,"EDSA (SB) in-between Antonio S. Arnaiz Ave. (Pasay Road) and Chino Roces Ave. (Pasong Tamo Ext.), MRT-Magallanes Station Makati",0,0,0,0,0,0,0,0,0,0,2007-04-19 16:00,Property,14.53941899,121.014514,Rear-End
None,EDSA,None,None,"Unknown, Rear-end, 0.0 drivers_injured, 0.0 drivers_killed, 0.0 passengers_injured, 0.0 passengers_killed, 0.0 pedestrian_injured, 0.0 pedestrian_killed, Dry, EDSA (SB) approaching ""U"" turn slot, Buendia, in-between Estrella St. and Sen. Gil J. Puyat Ave. (Buendia) Makati",MMDA Road Safety Unit,,30a78aac-e27d-4db7-b0d5-27f4220c345c,2007-04-18,23:10:00,"EDSA (SB) in-between Guadalupe Cloverleaf and Estrella St., fronting Loyola Chapel, Guadalupe Makati",0,0,0,0,0,0,0,0,0,0,2007-04-19 7:10,Property,14.55535056,121.0352997,Rear-End
None,EDSA,None,None,"Unknown, Side Swipe, 0.0 drivers_injured, 0.0 drivers_killed, 0.0 passengers_injured, 0.0 passengers_killed, 0.0 pedestrian_injured, 0.0 pedestrian_killed, Dry, EDSA (SB) approaching Ayala Ave., in-between Sen. Gil J. Puyat Ave. (Buendia) and Ayala Ave. Makati",MMDA Road Safety Unit,,56b1cfb3-f4ca-479c-b125-45ba11b7ea30,2007-04-18,11:00:00,"EDSA (SB) in-between Antonio S. Arnaiz Ave. (Pasay Road) and Chino Roces Ave. (Pasong Tamo Ext.), MRT-Magallanes Station Makati",0,0,0,0,0,0,0,0,0,0,2007-04-18 19:00,Property,14.55270985,121.0319048,Side Swipe
None,EDSA,None,None,"Unknown, Rear-end, 0.0 drivers_injured, 0.0 drivers_killed, 0.0 passengers_injured, 0.0 passengers_killed, 0.0 pedestrian_injured, 0.0 pedestrian_killed, Dry, EDSA (SB) before Evangelista St. Makati",MMDA Road Safety Unit,,31f4d651-9b14-4fdd-8874-b12f3d887ff9,2007-04-14,08:50:00,"EDSA (SB) approaching Alabang Loading Bay, Mantrade Makati",0,0,0,0,0,0,0,0,0,0,2007-04-14 16:50,Property,14.53904703,121.0123031,Rear-End
None,EDSA,None,None,"Unknown, Rear-end, 0.0 drivers_injured, 0.0 drivers_killed, 0.0 passengers_injured, 0.0 passengers_killed, 0.0 pedestrian_injured, 0.0 pedestrian_killed, Dry, EDSA (SB) approaching Mantrade Makati",MMDA Road Safety Unit,,4d5f1cf6-8df9-4048-95d9-2baee2eb1f19,2007-04-14,07:10:00,EDSA (SB) Ayala Ave. Makati,0,0,0,0,0,0,0,0,0,0,2007-04-14 15:10,Property,14.53941899,121.014514,Rear-End
None,EDSA,None,None,"Unknown, Side Swipe, 0.0 drivers_injured, 0.0 drivers_killed, 0.0 passengers_injured, 0.0 passengers_killed, 0.0 pedestrian_injured, 0.0 pedestrian_killed, Dry, EDSA (SB) before Ayala Ave. Makati",MMDA Road Safety Unit,,b234f155-6e34-4ab4-82fd-837f0e44f497,2007-04-13,09:30:00,EDSA (SB) approaching Magallanes Makati,0,0,0,0,0,0,0,0,0,0,2007-04-13 17:30,Property,14.55063226,121.0295437,Side Swipe
None,EDSA,None,None,"Unknown, Rear-end, 0.0 drivers_injured, 0.0 drivers_killed, 0.0 passengers_injured, 0.0 passengers_killed, 0.0 pedestrian_injured, 0.0 pedestrian_killed, Dry, EDSA (SB) in-between Antonio S. Arnaiz Ave. (Pasay Road) and Chino Roces Ave. (Pasong Tamo Ext.), approaching MRT-Magallanes Station Makati",MMDA Road Safety Unit,,e8e07240-4ae4-43bc-a2d4-b232f81fe8a6,2007-04-10,07:30:00,EDSA (SB) fronting MRT-Buendia Station Makati,0,0,0,0,0,0,0,0,0,0,2007-04-10 15:30,Property,14.54181292,121.0191611,Rear-End
None,EDSA,None,None,"Unknown, Side Swipe, 0.0 drivers_injured, 0.0 drivers_killed, 0.0 passengers_injured, 0.0 passengers_killed, 0.0 pedestrian_injured, 0.0 pedestrian_killed, Dry, EDSA (SB) Ayala Ave. Makati",MMDA Road Safety Unit,,689ba795-8e20-4fc5-8a98-a49e40020000,2007-04-08,05:45:00,EDSA (SB) approaching Magallanes Interchange Makati,0,0,0,0,0,0,0,0,0,0,2007-04-08 13:45,Property,14.55022912,121.0292348,Side Swipe
None,EDSA,None,None,"Unknown, Side Swipe, 0.0 drivers_injured, 0.0 drivers_killed, 0.0 passengers_injured, 0.0 passengers_killed, 0.0 pedestrian_injured, 0.0 pedestrian_killed, Dry, EDSA (SB) approaching MRT-Mantrade Station Makati",MMDA Road Safety Unit,,a11c5f7f-aea9-41c9-92ba-14d15c2ec1e2,2007-04-04,00:30:00,"EDSA (SB) in-between Estrella St. and Sen. Gil J. Puyat Ave. (Buendia), approaching Sen. Gil J. Puyat Ave. (Buendia) Makati",0,0,0,0,0,0,0,0,0,0,2007-04-04 8:30,Property,14.5417799,121.0190463,Side Swipe
None,EDSA,None,None,"Unknown, Rear-end, 0.0 drivers_injured, 0.0 drivers_killed, 0.0 passengers_injured, 0.0 passengers_killed, 0.0 pedestrian_injured, 0.0 pedestrian_killed, Dry, EDSA (SB) Estrella St. Makati",MMDA Road Safety Unit,,5ccf80b9-1814-4a4a-96fc-606a089c49d6,2007-04-03,14:00:00,"EDSA (SB) in-between Antonio S. Arnaiz Ave. (Pasay Road) and Chino Roces Ave. (Pasong Tamo Ext.), approaching Chino Roces Ave. (Pasong Tamo Ext.) Makati",0,0,0,0,0,0,0,0,0,0,2007-04-03 22:00,Property,14.56002889,121.040751,Rear-End
None,EDSA,None,None,"Unknown, Side Swipe, 0.0 drivers_injured, 0.0 drivers_killed, 0.0 passengers_injured, 0.0 passengers_killed, 0.0 pedestrian_injured, 0.0 pedestrian_killed, Dry, EDSA (SB) fronting Loyola Memorial Chapel, Guadalupe Viejo Makati",MMDA Road Safety Unit,,f2ee2b85-3a63-4f8b-b3b4-2482023c945c,2007-04-03,08:00:00,EDSA (SB) Ayala Ave. Makati,0,0,0,0,0,0,0,0,0,0,2007-04-03 16:00,Property,14.56526983,121.0448719,Side Swipe
None,EDSA,None,None,"Unknown, Rear-end, 0.0 drivers_injured, 0.0 drivers_killed, 0.0 passengers_injured, 0.0 passengers_killed, 0.0 pedestrian_injured, 0.0 pedestrian_killed, Dry, EDSA (SB) in-between Antonio S. Arnaiz Ave. (Pasay Road) and Chino Roces Ave. (Pasong Tamo Ext.), MRT-Magallanes Station Makati",MMDA Road Safety Unit,,f3ad747f-b614-45e2-afd3-164cd4346bd0,2007-04-03,05:45:00,"EDSA (SB) in-between Bernardino St. and Estrella St., fronting Loyola Chapel Makati",0,0,0,0,0,0,0,0,0,0,2007-04-03 13:45,Property,14.54181292,121.0191611,Rear-End
None,EDSA,None,None,"Unknown, Rear-end, 0.0 drivers_injured, 0.0 drivers_killed, 0.0 passengers_injured, 0.0 passengers_killed, 0.0 pedestrian_injured, 0.0 pedestrian_killed, Dry, EDSA (SB) in-between Guadalupe Cloverleaf and Estrella St., fronting Loyola Chapel, Guadalupe Makati",MMDA Road Safety Unit,,bb3d6f32-0c3c-478f-8b0d-b46434928db5,2007-04-02,06:30:00,EDSA (SB) Sen. Gil J. Puyat Ave. (Buendia) Makati,0,0,0,0,0,0,0,0,0,0,2007-04-02 14:30,Property,14.56541874,121.0449516,Rear-End
None,EDSA,None,None,"Unknown, Rear-end, 0.0 drivers_injured, 0.0 drivers_killed, 0.0 passengers_injured, 0.0 passengers_killed, 0.0 pedestrian_injured, 0.0 pedestrian_killed, Dry, EDSA (SB) in-between Antonio S. Arnaiz Ave. (Pasay Road) and Chino Roces Ave. (Pasong Tamo Ext.), MRT-Magallanes Station Makati",MMDA Road Safety Unit,,2bd324cd-1e49-48fc-8645-7b49a3e57a45,2007-04-02,04:00:00,EDSA (SB) fronting MRT-Ayala Station Makati,0,0,0,0,0,0,0,0,0,0,2007-04-02 12:00,Property,14.54181292,121.0191611,Rear-End
None,EDSA,None,None,"Unknown, Side Swipe, 0.0 drivers_injured, 0.0 drivers_killed, 0.0 passengers_injured, 0.0 passengers_killed, 0.0 pedestrian_injured, 0.0 pedestrian_killed, Dry, EDSA (SB) approaching Alabang Loading Bay, Mantrade Makati",MMDA Road Safety Unit,,0ac7f8cc-b2a2-44b3-9bff-8372b553ca20,2007-04-01,11:15:00,EDSA (SB) Sen. Gil J. Puyat Ave. (Buendia) Makati,0,0,0,0,0,0,0,0,0,0,2007-04-01 19:15,Property,14.54304422,121.0204241,Side Swipe
None,EDSA,None,None,"Unknown, Rear-end, 0.0 drivers_injured, 0.0 drivers_killed, 0.0 passengers_injured, 0.0 passengers_killed, 0.0 pedestrian_injured, 0.0 pedestrian_killed, Dry, EDSA (SB) Ayala Ave. Makati",MMDA Road Safety Unit,,3ac3138a-3d28-4c76-b663-62d7df7eb938,2007-04-01,10:00:00,"EDSA (SB) in-between Sen. Gil J. Puyat Ave. (Buendia) and Ayala Ave., right after Sen. Gil J. Puyat Ave. (Buendia) Makati",0,0,0,0,0,0,0,0,0,0,2007-04-01 18:00,Property,14.55022912,121.0292348,Rear-End
None,EDSA,None,None,"Unknown, Rear-end, 0.0 drivers_injured, 0.0 drivers_killed, 0.0 passengers_injured, 0.0 passengers_killed, 0.0 pedestrian_injured, 0.0 pedestrian_killed, Dry, EDSA (SB) approaching Magallanes Makati",MMDA Road Safety Unit,,695a6ce6-932d-4e63-8e0e-1ac1e88ce9a9,2007-03-29,08:15:00,EDSA (SB) approaching MRT-Magallanes Station Makati,0,0,0,0,0,0,0,0,0,0,2007-03-29 16:15,Property,14.53941899,121.014514,Rear-End
None,EDSA,None,None,"Unknown, Rear-end, 0.0 drivers_injured, 0.0 drivers_killed, 0.0 passengers_injured, 0.0 passengers_killed, 0.0 pedestrian_injured, 0.0 pedestrian_killed, Dry, EDSA (SB) fronting MRT-Buendia Station Makati",MMDA Road Safety Unit,,21afacb1-9e2a-4191-9839-7f49afb97aee,2007-03-29,03:10:00,"EDSA (SB) in-between Ayala Ave. and Antonio S. Arnaiz Ave. (Pasay Road), near corner Antonio S. Arnaiz Ave. (Pasay Road) Makati",0,0,0,0,0,0,0,0,0,0,2007-03-29 11:10,Property,14.55432945,121.0340015,Rear-End
None,EDSA,None,None,"Unknown, Rear-end, 0.0 drivers_injured, 0.0 drivers_killed, 0.0 passengers_injured, 0.0 passengers_killed, 0.0 pedestrian_injured, 0.0 pedestrian_killed, Dry, EDSA (SB) approaching Magallanes Interchange Makati",MMDA Road Safety Unit,,dcaa2632-53c8-462a-a80e-d8052e13c266,2007-03-27,04:30:00,EDSA (SB) before Evangelista St. Makati,0,0,0,0,0,0,0,0,0,0,2007-03-27 12:30,Property,14.54035889,121.0168007,Rear-End
None,EDSA,None,None,"Unknown, Rear-end, 0.0 drivers_injured, 0.0 drivers_killed, 0.0 passengers_injured, 0.0 passengers_killed, 0.0 pedestrian_injured, 0.0 pedestrian_killed, Dry, EDSA (SB) in-between Estrella St. and Sen. Gil J. Puyat Ave. (Buendia), approaching Sen. Gil J. Puyat Ave. (Buendia) Makati",MMDA Road Safety Unit,,51cc5863-c793-4974-8c08-f310e50d67d6,2007-03-26,03:00:00,EDSA (SB) Ayala Loading Bay Area Makati,0,0,0,0,0,0,0,0,0,0,2007-03-26 11:00,Property,14.55534925,121.0352862,Rear-End
None,EDSA,None,None,"Unknown, Side Swipe, 0.0 drivers_injured, 0.0 drivers_killed, 0.0 passengers_injured, 0.0 passengers_killed, 0.0 pedestrian_injured, 0.0 pedestrian_killed, Dry, EDSA (SB) in-between Antonio S. Arnaiz Ave. (Pasay Road) and Chino Roces Ave. (Pasong Tamo Ext.), approaching Chino Roces Ave. (Pasong Tamo Ext.) Makati",MMDA Road Safety Unit,,370663cb-f36a-4a84-92b2-9017b095b325,2007-03-26,00:10:00,"EDSA (SB) between Bernardino St., Estrella St., approaching Estrella St. Makati",0,0,0,0,0,0,0,0,0,0,2007-03-26 8:10,Property,14.54181292,121.0191611,Side Swipe
None,EDSA,None,None,"Unknown, Rear-end, 0.0 drivers_injured, 0.0 drivers_killed, 0.0 passengers_injured, 0.0 passengers_killed, 0.0 pedestrian_injured, 0.0 pedestrian_killed, Dry, EDSA (SB) Ayala Ave. Makati",MMDA Road Safety Unit,,d17587e3-cd9e-418d-aa76-0c6c1f2e7a4f,2007-03-24,12:45:00,EDSA (SB) Sen. Gil J. Puyat Ave. (Buendia) Makati,0,0,0,0,0,0,0,0,0,0,2007-03-24 20:45,Property,14.55022912,121.0292348,Rear-End
None,EDSA,None,None,"Unknown, Side Swipe, 0.0 drivers_injured, 0.0 drivers_killed, 0.0 passengers_injured, 0.0 passengers_killed, 0.0 pedestrian_injured, 0.0 pedestrian_killed, Dry, EDSA (SB) in-between Bernardino St. and Estrella St., fronting Loyola Chapel Makati",MMDA Road Safety Unit,,ac1a07f0-99a5-4b9e-9d76-f8b7b1900f9a,2007-03-23,07:20:00,"EDSA (SB) between Buendia Ave. / Ayala Ave., MRT-Buendia Station Makati",0,0,0,0,0,0,0,0,0,0,2007-03-23 15:20,Property,14.56554055,121.0450782,Side Swipe
None,EDSA,None,None,"Unknown, Side Swipe, 0.0 drivers_injured, 0.0 drivers_killed, 0.0 passengers_injured, 0.0 passengers_killed, 0.0 pedestrian_injured, 0.0 pedestrian_killed, Dry, EDSA (SB) Sen. Gil J. Puyat Ave. (Buendia) Makati",MMDA Road Safety Unit,,fe2bd9a0-d6b3-484a-9433-c504017268e8,2007-03-23,04:05:00,EDSA (SB) just before San Lorenzo Village Makati,0,0,0,0,0,0,0,0,0,0,2007-03-23 12:05,Property,14.55496432,121.0348612,Side Swipe
None,EDSA,None,None,"Unknown, Side Swipe, 0.0 drivers_injured, 0.0 drivers_killed, 0.0 passengers_injured, 0.0 passengers_killed, 0.0 pedestrian_injured, 0.0 pedestrian_killed, Dry, EDSA (SB) fronting MRT-Ayala Station Makati",MMDA Road Safety Unit,,af6cf8d5-9421-40b1-bd66-2bfd2d58d54f,2007-03-22,10:20:00,"EDSA (SB) between Antonio S. Arnaiz Ave. (Pasay Road)l, Chino Roces Ave. (Pasong Tamo Ext.), approaching Magallanes Station Makati",0,0,0,0,0,0,0,0,0,0,2007-03-22 18:20,Property,14.54917754,121.0280269,Side Swipe
None,EDSA,None,None,"Unknown, Rear-end, 0.0 drivers_injured, 0.0 drivers_killed, 0.0 passengers_injured, 0.0 passengers_killed, 0.0 pedestrian_injured, 0.0 pedestrian_killed, Dry, EDSA (SB) Sen. Gil J. Puyat Ave. (Buendia) Makati",MMDA Road Safety Unit,,97f86062-9dcd-4484-bd4e-9be75f879f63,2007-03-22,06:30:00,"EDSA (SB) Antonio S. Arnaiz Ave. (Pasay Road) / Chino Roces Ave. (Pasong Tamo Ext.), near MRT-Magallanes Station Makati",0,0,0,0,0,0,0,0,0,0,2007-03-22 14:30,Property,14.55496432,121.0348612,Rear-End
None,EDSA,None,None,"Unknown, Side Swipe, 0.0 drivers_injured, 0.0 drivers_killed, 0.0 passengers_injured, 0.0 passengers_killed, 0.0 pedestrian_injured, 0.0 pedestrian_killed, Dry, EDSA (SB) in-between Sen. Gil J. Puyat Ave. (Buendia) and Ayala Ave., right after Sen. Gil J. Puyat Ave. (Buendia) Makati",MMDA Road Safety Unit,,5b3a2b92-7434-4dcd-b00c-142fbbd8a7aa,2007-03-22,03:25:00,EDSA (SB) approaching Sen. Gil J. Puyat Ave. (Buendia) Makati,0,0,0,0,0,0,0,0,0,0,2007-03-22 11:25,Property,14.55379893,121.0334662,Side Swipe
None,EDSA,None,None,"Unknown, Side Swipe, 0.0 drivers_injured, 0.0 drivers_killed, 0.0 passengers_injured, 0.0 passengers_killed, 0.0 pedestrian_injured, 0.0 pedestrian_killed, Dry, EDSA (SB) approaching MRT-Magallanes Station Makati",MMDA Road Safety Unit,,00397522-02a2-4630-874f-a15d3384489b,2007-03-19,07:30:00,EDSA (SB) near Guadalupe Foot Bridge Makati,0,0,0,0,0,0,0,0,0,0,2007-03-19 15:30,Property,14.5417799,121.0190463,Side Swipe
None,EDSA,None,None,"Unknown, Rear-end, 0.0 drivers_injured, 0.0 drivers_killed, 0.0 passengers_injured, 0.0 passengers_killed, 0.0 pedestrian_injured, 0.0 pedestrian_killed, Dry, EDSA (SB) in-between Ayala Ave. and Antonio S. Arnaiz Ave. (Pasay Road), near corner Antonio S. Arnaiz Ave. (Pasay Road) Makati",MMDA Road Safety Unit,,f4c839b6-c49c-49da-84a1-7f90a68590c0,2007-03-19,06:30:00,EDSA (SB) in-between P. Burgos St. / Guadalupe Cloverleaf Makati,0,0,0,0,0,0,0,0,0,0,2007-03-19 14:30,Property,14.54759817,121.0261201,Rear-End
None,EDSA,None,None,"Unknown, Rear-end, 0.0 drivers_injured, 0.0 drivers_killed, 0.0 passengers_injured, 0.0 passengers_killed, 0.0 pedestrian_injured, 0.0 pedestrian_killed, Dry, EDSA (SB) before Evangelista St. Makati",MMDA Road Safety Unit,,1ec261ad-d55c-4167-8e9e-f448637a8d7f,2007-03-18,21:30:00,"EDSA (SB) in-between Estrella St. and Sen. Gil J. Puyat Ave. (Buendia), approach of Buendia Makati",0,0,0,0,0,0,0,0,0,0,2007-03-19 5:30,Property,14.53904703,121.0123031,Rear-End
None,EDSA,None,None,"Unknown, Side Swipe, 0.0 drivers_injured, 0.0 drivers_killed, 0.0 passengers_injured, 0.0 passengers_killed, 0.0 pedestrian_injured, 0.0 pedestrian_killed, Dry, EDSA (SB) Ayala Loading Bay Area Makati",MMDA Road Safety Unit,,0d4172bc-36b7-4d5c-956a-8e7aded33e23,2007-03-16,11:45:00,"EDSA (SB) Guadalupe MRT / Estrella, Guadalupe Makati",0,0,0,0,0,0,0,0,0,0,2007-03-16 19:45,Property,14.54886,121.0276063,Side Swipe
None,EDSA,None,None,"Unknown, Rear-end, 0.0 drivers_injured, 0.0 drivers_killed, 0.0 passengers_injured, 0.0 passengers_killed, 0.0 pedestrian_injured, 0.0 pedestrian_killed, Dry, EDSA (SB) between Bernardino St., Estrella St., approaching Estrella St. Makati",MMDA Road Safety Unit,,e9549ded-1a08-4526-8fda-6d2f392f5cef,2007-03-16,03:00:00,"EDSA (SB) in-between Estralla St. and Sen. Gil J. Puyat Ave. (Buendia), approaching Buendia Makati",0,0,0,0,0,0,0,0,0,0,2007-03-16 11:00,Property,14.5605596,121.0413109,Rear-End
None,EDSA,None,None,"Unknown, Rear-end, 0.0 drivers_injured, 0.0 drivers_killed, 0.0 passengers_injured, 0.0 passengers_killed, 0.0 pedestrian_injured, 0.0 pedestrian_killed, Dry, EDSA (SB) Sen. Gil J. Puyat Ave. (Buendia) Makati",MMDA Road Safety Unit,,f491255d-1ff7-4829-a1b1-ec789f49c70e,2007-03-15,03:40:00,"EDSA (SB) in-between Estrella St. and Sen. Gil J. Puyat Ave. (Buendia), approach of Buendia Makati",0,0,0,0,0,0,0,0,0,0,2007-03-15 11:40,Property,14.55496432,121.0348612,Rear-End
None,EDSA,None,None,"Unknown, Rear-end, 0.0 drivers_injured, 0.0 drivers_killed, 0.0 passengers_injured, 0.0 passengers_killed, 0.0 pedestrian_injured, 0.0 pedestrian_killed, Dry, EDSA (SB) between Buendia Ave. / Ayala Ave., MRT-Buendia Station Makati",MMDA Road Safety Unit,,2135ff71-da7e-4a88-909d-6848bfd29c33,2007-03-15,03:35:00,"EDSA (SB) in-between Orense St. and P. Burgos St., approaching Guadalupe Mall Makati",0,0,0,0,0,0,0,0,0,0,2007-03-15 11:35,Property,14.55428081,121.0339038,Rear-End