LOCATION_TEXT,ROAD,WEATHER,LIGHT,DESC,REPORTING_AGENCY,MAIN_CAUSE,INCIDENTDETAILS_ID,DATE_UTC,TIME_UTC,ADDRESS,killed_driver,killed_passenger,killed_pedestrian,injured_driver,injured_passenger,injured_pedestrian,killed_uncategorized,injured_uncategorized,killed_total,injured_total,DATETIME_PST,SEVERITY,Y,X,COLLISION_TYPE
None,EDSA,None,None,"Unknown, Side Swipe, 0.0 drivers_injured, 0.0 drivers_killed, 0.0 passengers_injured, 0.0 passengers_killed, 0.0 pedestrian_injured, 0.0 pedestrian_killed, Dry, EDSA (SB) just before San Lorenzo Village Makati",MMDA Road Safety Unit,,038f22da-e4a2-4e7d-88e4-ccc3ae0f5a61,2007-03-14,12:00:00,"EDSA (SB) in-between Sen. Gil J. Puyat Ave. (Buendia) and Ayala Ave., right after MRT-Buendia Station Makati",0,0,0,0,0,0,0,0,0,0,2007-03-14 20:00,Property,14.54246882,121.0196732,Side Swipe
None,EDSA,None,None,"Unknown, Side Swipe, 0.0 drivers_injured, 0.0 drivers_killed, 0.0 passengers_injured, 0.0 passengers_killed, 0.0 pedestrian_injured, 0.0 pedestrian_killed, Dry, EDSA (SB) between Antonio S. Arnaiz Ave. (Pasay Road)l, Chino Roces Ave. (Pasong Tamo Ext.), approaching Magallanes Station Makati",MMDA Road Safety Unit,,5bf07ab9-4b4b-47bc-b924-2e8e1cbb2c9a,2007-03-14,02:00:00,EDSA (SB) nearing MRT-Magallanes Station Makati,0,0,0,0,0,0,0,0,0,0,2007-03-14 10:00,Property,14.54213166,121.0193878,Side Swipe
None,EDSA,None,None,"Unknown, Rear-end, 0.0 drivers_injured, 0.0 drivers_killed, 0.0 passengers_injured, 0.0 passengers_killed, 0.0 pedestrian_injured, 0.0 pedestrian_killed, Dry, EDSA (SB) Antonio S. Arnaiz Ave. (Pasay Road) / Chino Roces Ave. (Pasong Tamo Ext.), near MRT-Magallanes Station Makati",MMDA Road Safety Unit,,3efc4fdd-5132-4a17-be49-dbb1eaa2c403,2007-03-12,00:45:00,EDSA (SB) in-between Bernardo St. and Estrella St. Makati,0,0,0,0,0,0,0,0,0,0,2007-03-12 8:45,Property,14.54187419,121.0190526,Rear-End
None,EDSA,None,None,"Unknown, Rear-end, 0.0 drivers_injured, 0.0 drivers_killed, 0.0 passengers_injured, 0.0 passengers_killed, 0.0 pedestrian_injured, 0.0 pedestrian_killed, Dry, EDSA (SB) approaching Sen. Gil J. Puyat Ave. (Buendia) Makati",MMDA Road Safety Unit,,3650348e-7df8-485a-bad1-17e5643516b8,2007-03-06,08:30:00,Magallanes Interchange  Makati,0,0,0,0,0,0,0,0,0,0,2007-03-06 16:30,Property,14.55542101,121.0352189,Rear-End
None,EDSA,None,None,"Human Error, Side Swipe, 1.0 drivers_injured, 0.0 drivers_killed, 0.0 passengers_injured, 0.0 passengers_killed, 0.0 pedestrian_injured, 0.0 pedestrian_killed, Dry, EDSA (SB) near Guadalupe Foot Bridge Makati",MMDA Road Safety Unit,,850ed39b-de87-4a34-86bc-e94b4547ce7f,2007-03-02,14:30:00,Magallanes Interchange  Makati,0,0,0,1,0,0,0,0,0,1,2007-03-02 22:30,Injury,14.56459272,121.0446754,Side Swipe
None,EDSA,None,None,"Unknown, Side Swipe, 0.0 drivers_injured, 0.0 drivers_killed, 0.0 passengers_injured, 0.0 passengers_killed, 0.0 pedestrian_injured, 0.0 pedestrian_killed, Dry, EDSA (SB) in-between P. Burgos St. / Guadalupe Cloverleaf Makati",MMDA Road Safety Unit,,b8408677-6df7-49a4-a533-a327ef57e9cc,2007-03-01,01:10:00,Magallanes Interchange  Makati,0,0,0,0,0,0,0,0,0,0,2007-03-01 9:10,Property,14.56530203,121.0451478,Side Swipe
None,EDSA,None,None,"Unknown, Rear-end, 0.0 drivers_injured, 0.0 drivers_killed, 0.0 passengers_injured, 0.0 passengers_killed, 0.0 pedestrian_injured, 0.0 pedestrian_killed, Dry, EDSA (SB) in-between Estrella St. and Sen. Gil J. Puyat Ave. (Buendia), approach of Buendia Makati",MMDA Road Safety Unit,,0b7d7eab-d337-4557-a905-735fab3af2c8,2007-02-27,08:30:00,Magallanes Interchange   Makati,0,0,0,0,0,0,0,0,0,0,2007-02-27 16:30,Property,14.55534925,121.0352862,Rear-End
None,EDSA,None,None,"Unknown, Rear-end, 0.0 drivers_injured, 0.0 drivers_killed, 0.0 passengers_injured, 0.0 passengers_killed, 0.0 pedestrian_injured, 0.0 pedestrian_killed, Dry, EDSA (SB) Guadalupe MRT / Estrella, Guadalupe Makati",MMDA Road Safety Unit,,557a3175-bb48-48ea-99fd-ff5a92351113,2007-02-23,10:30:00,Magallanes Interchange Bangkal Makati,0,0,0,0,0,0,0,0,0,0,2007-02-23 18:30,Property,14.5665734,121.0453551,Rear-End
None,EDSA,None,None,"Unknown, Rear-end, 0.0 drivers_injured, 0.0 drivers_killed, 0.0 passengers_injured, 0.0 passengers_killed, 0.0 pedestrian_injured, 0.0 pedestrian_killed, Dry, EDSA (SB) in-between Estralla St. and Sen. Gil J. Puyat Ave. (Buendia), approaching Buendia Makati",MMDA Road Safety Unit,,9dbd5d13-272a-4dc8-8731-9b38d0b19287,2007-02-15,07:30:00,Magallanes Interchange Bangkal Makati,0,0,0,0,0,0,0,0,0,0,2007-02-15 15:30,Property,14.56046725,121.0411325,Rear-End
None,EDSA,None,None,"Unknown, Rear-end, 0.0 drivers_injured, 0.0 drivers_killed, 0.0 passengers_injured, 0.0 passengers_killed, 0.0 pedestrian_injured, 0.0 pedestrian_killed, Dry, EDSA (SB) in-between Estrella St. and Sen. Gil J. Puyat Ave. (Buendia), approach of Buendia Makati",MMDA Road Safety Unit,,8a7f7711-a9da-4c02-8ea8-f94f14e6bcb1,2007-02-15,07:30:00,Magallanes Interchange  Makati,0,0,0,0,0,0,0,0,0,0,2007-02-15 15:30,Property,14.55534925,121.0352862,Rear-End
None,EDSA,None,None,"Unknown, Side Swipe, 0.0 drivers_injured, 0.0 drivers_killed, 0.0 passengers_injured, 0.0 passengers_killed, 0.0 pedestrian_injured, 0.0 pedestrian_killed, Dry, EDSA (SB) in-between Orense St. and P. Burgos St., approaching Guadalupe Mall Makati",MMDA Road Safety Unit,,e603843c-3e7f-4349-8e26-99ca5c283841,2007-02-15,00:30:00,Magallanes Interchange  Makati,0,0,0,0,0,0,0,0,0,0,2007-02-15 8:30,Property,14.56530203,121.0451478,Side Swipe
None,EDSA,None,None,"Unknown, Side Swipe, 0.0 drivers_injured, 0.0 drivers_killed, 0.0 passengers_injured, 0.0 passengers_killed, 0.0 pedestrian_injured, 0.0 pedestrian_killed, Dry, EDSA (SB) in-between Sen. Gil J. Puyat Ave. (Buendia) and Ayala Ave., right after MRT-Buendia Station Makati",MMDA Road Safety Unit,,5a8d1c16-0597-4c51-b222-f2e8de04d6a5,2007-02-13,02:30:00,Magallanes Interchange  Makati,0,0,0,0,0,0,0,0,0,0,2007-02-13 10:30,Property,14.55379893,121.0334662,Side Swipe
None,EDSA,None,None,"Unknown, Self-Accident, 0.0 drivers_injured, 0.0 drivers_killed, 2.0 passengers_injured, 0.0 passengers_killed, 0.0 pedestrian_injured, 0.0 pedestrian_killed, Dry, EDSA (SB) nearing MRT-Magallanes Station Makati",MMDA Road Safety Unit,,5aac7d65-672b-44a4-b53a-bfffa86b86ba,2007-01-15,20:30:00,Magallanes Interchange  Makati,0,0,0,0,2,0,0,0,0,2,2007-01-16 4:30,Injury,14.54213296,121.0195412,Self-Accident
None,EDSA,None,None,"Human Error, Rear-end, 0.0 drivers_injured, 0.0 drivers_killed, 0.0 passengers_injured, 0.0 passengers_killed, 0.0 pedestrian_injured, 0.0 pedestrian_killed, Dry, EDSA (SB) in-between Bernardo St. and Estrella St. Makati",MMDA Road Safety Unit,,a911cda0-960b-4831-b723-e3501c58fdb8,2007-01-04,22:50:00,Magallanes Interchange  Makati,0,0,0,0,0,0,0,0,0,0,2007-01-05 6:50,Property,14.56085004,121.0418727,Rear-End
None,EDSA,None,None,"No Accident Factor, Rear-end, 0.0 drivers_injured, 0.0 drivers_killed, 0.0 passengers_injured, 0.0 passengers_killed, 0.0 pedestrian_injured, 0.0 pedestrian_killed, Fair (Night), Magallanes Interchange  Makati",MMDA Road Safety Unit,,095750bb-487a-46b5-bcc5-47098b9de2df,2016-04-22,19:30:00,Magallanes Interchange  SLEX Makati,0,0,0,0,0,0,0,0,0,0,2016-04-23 3:30,Property,14.5398329,121.0171842,Rear-End
None,EDSA,None,None,"No Accident Factor, Side Swipe, 0.0 drivers_injured, 0.0 drivers_killed, 0.0 passengers_injured, 0.0 passengers_killed, 0.0 pedestrian_injured, 0.0 pedestrian_killed, Fair (Day), Magallanes Interchange  Makati",MMDA Road Safety Unit,,7ca19edf-bdf2-4e8b-b586-34ee559057e3,2016-04-18,07:05:00,Magallanes Interchange  Makati,0,0,0,0,0,0,0,0,0,0,2016-04-18 15:05,Property,14.5398329,121.0171842,Side Swipe
None,EDSA,None,None,"No Accident Factor, Side Swipe, 0.0 drivers_injured, 0.0 drivers_killed, 0.0 passengers_injured, 0.0 passengers_killed, 0.0 pedestrian_injured, 0.0 pedestrian_killed, Fair (Day), Magallanes Interchange  Makati",MMDA Road Safety Unit,,47c3b320-a9be-4775-8dfd-7ac9079f6bb0,2016-04-10,09:00:00,Magallanes Interchange SLEX (NB)  Makati,0,0,0,0,0,0,0,0,0,0,2016-04-10 17:00,Property,14.5398329,121.0171842,Side Swipe
None,EDSA,None,None,"No Accident Factor, Rear-end, 1.0 drivers_injured, 0.0 drivers_killed, 0.0 passengers_injured, 0.0 passengers_killed, 0.0 pedestrian_injured, 0.0 pedestrian_killed, Fair (Night), Magallanes Interchange   Makati",MMDA Road Safety Unit,,83a9cc92-1be0-4ee6-826c-d2500250bfab,2015-12-14,16:45:00,Magallanes Interchange Bangkal Makati,0,0,0,1,0,0,0,0,0,1,2015-12-15 0:45,Injury,14.5398329,121.0171842,Rear-End
None,EDSA,None,None,"No Accident Factor, Side Swipe, 0.0 drivers_injured, 0.0 drivers_killed, 0.0 passengers_injured, 0.0 passengers_killed, 0.0 pedestrian_injured, 0.0 pedestrian_killed, Fair (Night), Magallanes Interchange Bangkal Makati",MMDA Road Safety Unit,,dbb04f38-2d94-4fdd-8b0d-cba8fa051a09,2015-11-28,15:45:00,Magallanes Interchange  Makati,0,0,0,0,0,0,0,0,0,0,2015-11-28 23:45,Property,14.5398329,121.0171842,Side Swipe
None,EDSA,None,None,"No Accident Factor, Side Swipe, 0.0 drivers_injured, 0.0 drivers_killed, 0.0 passengers_injured, 0.0 passengers_killed, 0.0 pedestrian_injured, 0.0 pedestrian_killed, Fair (Night), Magallanes Interchange Bangkal Makati",MMDA Road Safety Unit,,34c03945-65f5-41d2-b7e1-125e0e5cd53a,2015-11-14,10:15:00,Magallanes Interchange  Makati,0,0,0,0,0,0,0,0,0,0,2015-11-14 18:15,Property,14.5398329,121.0171842,Side Swipe
None,EDSA,None,None,"No Accident Factor, Side Swipe, 0.0 drivers_injured, 0.0 drivers_killed, 0.0 passengers_injured, 0.0 passengers_killed, 0.0 pedestrian_injured, 0.0 pedestrian_killed, Fair (Night), Magallanes Interchange  Makati",MMDA Road Safety Unit,,48fd9369-d329-4e64-8fd8-9c4b3725d6c9,2015-10-29,14:00:00,Magallanes Interchange  Makati,0,0,0,0,0,0,0,0,0,0,2015-10-29 22:00,Property,14.5398329,121.0171842,Side Swipe
None,EDSA,None,None,"No Accident Factor, Hit and Run (Side Swipe), 0.0 drivers_injured, 0.0 drivers_killed, 0.0 passengers_injured, 0.0 passengers_killed, 0.0 pedestrian_injured, 0.0 pedestrian_killed, Fair (Day), Magallanes Interchange  Makati",MMDA Road Safety Unit,,141c7b04-bc98-4917-a935-c6a93e175038,2015-10-27,02:30:00,Magallanes Interchange  Makati,0,0,0,0,0,0,0,0,0,0,2015-10-27 10:30,Property,14.5398329,121.0171842,Side Swipe
None,EDSA,None,None,"No Accident Factor, Side Swipe, 0.0 drivers_injured, 0.0 drivers_killed, 0.0 passengers_injured, 0.0 passengers_killed, 0.0 pedestrian_injured, 0.0 pedestrian_killed, Fair (Day), Magallanes Interchange  Makati",MMDA Road Safety Unit,,52967141-2276-41d2-9579-9dc35fab70d0,2015-10-21,05:15:00,Magallanes Interchange  Makati,0,0,0,0,0,0,0,0,0,0,2015-10-21 13:15,Property,14.5398329,121.0171842,Side Swipe
None,EDSA,None,None,"No Accident Factor, Rear-end, 0.0 drivers_injured, 0.0 drivers_killed, 0.0 passengers_injured, 0.0 passengers_killed, 0.0 pedestrian_injured, 0.0 pedestrian_killed, Fair (Night), Magallanes Interchange  Makati",MMDA Road Safety Unit,,055f3414-22af-41c6-ac77-1a4b83b17489,2015-10-06,14:45:00,Magallanes Interchange  Makati,0,0,0,0,0,0,0,0,0,0,2015-10-06 22:45,Property,14.5398329,121.0171842,Rear-End
None,EDSA,None,None,"No Accident Factor, Rear-end, 0.0 drivers_injured, 0.0 drivers_killed, 0.0 passengers_injured, 0.0 passengers_killed, 0.0 pedestrian_injured, 0.0 pedestrian_killed, Fair (Night), Magallanes Interchange  Makati",MMDA Road Safety Unit,,1c6b7330-205d-410b-8b40-e981cce612e2,2015-09-27,10:15:00,Magallanes Interchange  Makati,0,0,0,0,0,0,0,0,0,0,2015-09-27 18:15,Property,14.5398329,121.0171842,Rear-End
None,EDSA,None,None,"No Accident Factor, Hit and Run (Side Swipe), 0.0 drivers_injured, 0.0 drivers_killed, 0.0 passengers_injured, 0.0 passengers_killed, 0.0 pedestrian_injured, 0.0 pedestrian_killed, Fair (Night), Magallanes Interchange  SLEX Makati",MMDA Road Safety Unit,,c6e1b52d-0a4f-4552-827d-15ddb86f9815,2015-09-18,21:20:00,Magallanes Interchange  Makati,0,0,0,0,0,0,0,0,0,0,2015-09-19 5:20,Property,14.5398329,121.0171842,Side Swipe
None,EDSA,None,None,"No Accident Factor, Side Swipe, 0.0 drivers_injured, 0.0 drivers_killed, 0.0 passengers_injured, 0.0 passengers_killed, 0.0 pedestrian_injured, 0.0 pedestrian_killed, Fair (Night), Magallanes Interchange  Makati",MMDA Road Safety Unit,,848c6964-b89a-4a50-ba75-be9378b041b0,2015-09-11,16:30:00,Magallanes Interchange  Makati,0,0,0,0,0,0,0,0,0,0,2015-09-12 0:30,Property,14.5398329,121.0171842,Side Swipe
None,EDSA,None,None,"No Accident Factor, Rear-end, 0.0 drivers_injured, 0.0 drivers_killed, 0.0 passengers_injured, 0.0 passengers_killed, 0.0 pedestrian_injured, 0.0 pedestrian_killed, Fair (Day), Magallanes Interchange SLEX (NB)  Makati",MMDA Road Safety Unit,,a7b84975-8b23-42bf-88ef-381e2e3e51ca,2015-07-17,03:00:00,Magallanes Interchange  Makati,0,0,0,0,0,0,0,0,0,0,2015-07-17 11:00,Property,14.5398329,121.0171842,Rear-End
None,EDSA,None,None,"No Accident Factor, Hit and Run (No Collision Stated), 1.0 drivers_injured, 0.0 drivers_killed, 0.0 passengers_injured, 0.0 passengers_killed, 0.0 pedestrian_injured, 0.0 pedestrian_killed, Fair (Night), Magallanes Interchange Bangkal Makati",MMDA Road Safety Unit,,aeafed31-50a0-450e-88d7-6e795390c026,2015-07-14,12:20:00,Magallanes Interchange  Makati,0,0,0,1,0,0,0,0,0,1,2015-07-14 20:20,Injury,14.5398329,121.0171842,No Collision Stated
None,EDSA,None,None,"No Accident Factor, Side Swipe, 0.0 drivers_injured, 0.0 drivers_killed, 0.0 passengers_injured, 0.0 passengers_killed, 0.0 pedestrian_injured, 0.0 pedestrian_killed, Fair (Day), Magallanes Interchange  Makati",MMDA Road Safety Unit,,af535b13-bb1f-4c07-8878-4b7d8204b4e4,2015-06-28,01:30:00,Magallanes Interchange   Makati,0,0,0,0,0,0,0,0,0,0,2015-06-28 9:30,Property,14.5398329,121.0171842,Side Swipe
None,EDSA,None,None,"No Accident Factor, Side Swipe, 0.0 drivers_injured, 0.0 drivers_killed, 0.0 passengers_injured, 0.0 passengers_killed, 0.0 pedestrian_injured, 0.0 pedestrian_killed, Fair (Day), Magallanes Interchange  Makati",MMDA Road Safety Unit,,ce3b2add-176f-428b-adcd-606aca8bb288,2015-06-26,06:30:00,Magallanes Interchange  Makati,0,0,0,0,0,0,0,0,0,0,2015-06-26 14:30,Property,14.5398329,121.0171842,Side Swipe
None,EDSA,None,None,"No Accident Factor, Side Swipe, 0.0 drivers_injured, 0.0 drivers_killed, 0.0 passengers_injured, 0.0 passengers_killed, 0.0 pedestrian_injured, 0.0 pedestrian_killed, Fair (Night), Magallanes Interchange  Makati",MMDA Road Safety Unit,,4362ca5f-0b67-42f6-8091-9bf8f360d62e,2015-06-13,11:45:00,Magallanes Interchange Bgy.Magallanes Makati,0,0,0,0,0,0,0,0,0,0,2015-06-13 19:45,Property,14.5398329,121.0171842,Side Swipe
None,EDSA,None,None,"No Accident Factor, Rear-end, 0.0 drivers_injured, 0.0 drivers_killed, 0.0 passengers_injured, 0.0 passengers_killed, 0.0 pedestrian_injured, 0.0 pedestrian_killed, Fair (Night), Magallanes Interchange  Makati",MMDA Road Safety Unit,,e479151f-3403-4888-87d0-6c21f5528a7a,2015-05-07,11:15:00,Magallanes Interchange Bgy.Bangkal Makati,0,0,0,0,0,0,0,0,0,0,2015-05-07 19:15,Property,14.5398329,121.0171842,Rear-End
None,EDSA,None,None,"No Accident Factor, Side Swipe, 0.0 drivers_injured, 0.0 drivers_killed, 0.0 passengers_injured, 0.0 passengers_killed, 0.0 pedestrian_injured, 0.0 pedestrian_killed, Fair (Night), Magallanes Interchange  Makati",MMDA Road Safety Unit,,750f24c9-022a-4a1e-b8d4-cc54253e797b,2015-04-06,20:30:00,Magallanes Interchange  Brgy.Magallanes Makati,0,0,0,0,0,0,0,0,0,0,2015-04-07 4:30,Property,14.5398329,121.0171842,Side Swipe
None,EDSA,None,None,"No Accident Factor, Rear-end, 0.0 drivers_injured, 0.0 drivers_killed, 0.0 passengers_injured, 0.0 passengers_killed, 0.0 pedestrian_injured, 0.0 pedestrian_killed, Fair (Day), Magallanes Interchange  Makati",MMDA Road Safety Unit,,93d19a9d-8f93-4ba4-83e6-99afae939d7a,2015-02-28,06:00:00,Magallanes Interchange  Makati City Makati,0,0,0,0,0,0,0,0,0,0,2015-02-28 14:00,Property,14.5398329,121.0171842,Rear-End
None,EDSA,None,None,"No Accident Factor, Rear-end, 0.0 drivers_injured, 0.0 drivers_killed, 0.0 passengers_injured, 0.0 passengers_killed, 0.0 pedestrian_injured, 0.0 pedestrian_killed, Fair (Night), Magallanes Interchange  Makati",MMDA Road Safety Unit,,8c9b291b-dcc7-4bdc-b3e9-bbaeb9d0bd09,2015-02-26,10:30:00,Magallanes Interchange   Makati,0,0,0,0,0,0,0,0,0,0,2015-02-26 18:30,Property,14.5398329,121.0171842,Rear-End
None,EDSA,None,None,"No Accident Factor, Side Swipe, 0.0 drivers_injured, 0.0 drivers_killed, 0.0 passengers_injured, 0.0 passengers_killed, 0.0 pedestrian_injured, 0.0 pedestrian_killed, Fair (Day), Magallanes Interchange  Makati",MMDA Road Safety Unit,,a61a8795-2f44-4c40-8947-069776d0f544,2015-01-03,02:50:00,Magallanes Interchange  Makati,0,0,0,0,0,0,0,0,0,0,2015-01-03 10:50,Property,14.5398329,121.0171842,Side Swipe
None,EDSA,None,None,"No Accident Factor, Side Swipe, 0.0 drivers_injured, 0.0 drivers_killed, 0.0 passengers_injured, 0.0 passengers_killed, 0.0 pedestrian_injured, 0.0 pedestrian_killed, Fair (Day), Magallanes Interchange  Makati",MMDA Road Safety Unit,,5f29680c-7742-4b3f-8a21-dac48dc9445e,2014-12-12,08:00:00,Magallanes Interchange   Makati,0,0,0,0,0,0,0,0,0,0,2014-12-12 16:00,Property,14.5398329,121.0171842,Side Swipe
None,EDSA,None,None,"No Accident Factor, Side Swipe, 0.0 drivers_injured, 0.0 drivers_killed, 0.0 passengers_injured, 0.0 passengers_killed, 0.0 pedestrian_injured, 0.0 pedestrian_killed, Fair (Day), Magallanes Interchange  Makati",MMDA Road Safety Unit,,34573c24-6e3e-49e2-8c5c-5580109fcfdd,2014-12-02,08:00:00,Magallanes Interchange Bgy. Bangkal Makati,0,0,0,0,0,0,0,0,0,0,2014-12-02 16:00,Property,14.5398329,121.0171842,Side Swipe
None,EDSA,None,None,"No Accident Factor, Side Swipe, 0.0 drivers_injured, 0.0 drivers_killed, 0.0 passengers_injured, 0.0 passengers_killed, 0.0 pedestrian_injured, 0.0 pedestrian_killed, Fair (Day), Magallanes Interchange  Makati",MMDA Road Safety Unit,,1e81ceb4-b40f-440c-8981-7d2cdae6787d,2014-11-28,05:45:00,Magallanes Interchange  Makati,0,0,0,0,0,0,0,0,0,0,2014-11-28 13:45,Property,14.5398329,121.0171842,Side Swipe
None,EDSA,None,None,"No Accident Factor, No Collision Stated (Based on Police Blotter Book), 0.0 drivers_injured, 0.0 drivers_killed, 0.0 passengers_injured, 0.0 passengers_killed, 0.0 pedestrian_injured, 0.0 pedestrian_killed, Fair (Night), Magallanes Interchange   Makati",MMDA Road Safety Unit,,e856a4a3-72a7-4c92-b81b-d24df26a5ebe,2014-08-09,11:30:00,Magallanes Interchange  Makati,0,0,0,0,0,0,0,0,0,0,2014-08-09 19:30,Property,14.5398329,121.0171842,No Collision Stated
None,EDSA,None,None,"No Accident Factor, Side Swipe, 0.0 drivers_injured, 0.0 drivers_killed, 0.0 passengers_injured, 0.0 passengers_killed, 0.0 pedestrian_injured, 0.0 pedestrian_killed, Fair (Night), Magallanes Interchange  Makati",MMDA Road Safety Unit,,417955c1-da94-4551-bc97-40a0a8687ddf,2014-05-17,04:30:00,Magallanes Interchange Bgy. Bangkal Makati,0,0,0,0,0,0,0,0,0,0,2014-05-17 12:30,Property,14.5398329,121.0171842,Side Swipe
None,EDSA,None,None,"No Accident Factor, No Collision Stated (based on Police Blotter Book), 0.0 drivers_injured, 0.0 drivers_killed, 0.0 passengers_injured, 0.0 passengers_killed, 0.0 pedestrian_injured, 0.0 pedestrian_killed, Fair (Night), Magallanes Interchange Bgy.Magallanes Makati",MMDA Road Safety Unit,,d32c934e-22cd-4211-a9cd-1ae7510ca2ee,2014-04-25,14:30:00,Magallanes Interchange  Makati,0,0,0,0,0,0,0,0,0,0,2014-04-25 22:30,Property,14.5398329,121.0171842,No Collision Stated
None,EDSA,None,None,"No Accident Factor, Side Swipe, 0.0 drivers_injured, 0.0 drivers_killed, 0.0 passengers_injured, 0.0 passengers_killed, 0.0 pedestrian_injured, 0.0 pedestrian_killed, Fair (Night), Magallanes Interchange Bgy.Bangkal Makati",MMDA Road Safety Unit,,c434aac9-a04e-497f-bf83-a03116dd1171,2014-04-25,11:00:00,Magallanes Interchange  Makati,0,0,0,0,0,0,0,0,0,0,2014-04-25 19:00,Property,14.5398329,121.0171842,Side Swipe
None,EDSA,None,None,"No Accident Factor, No Collision Stated (based on Police Blotter Book), 0.0 drivers_injured, 0.0 drivers_killed, 0.0 passengers_injured, 0.0 passengers_killed, 0.0 pedestrian_injured, 0.0 pedestrian_killed, Fair (Day), Magallanes Interchange  Brgy.Magallanes Makati",MMDA Road Safety Unit,,8585b77d-3d79-49c7-82db-926dc211eb47,2014-04-21,02:30:00,Magallanes Interchange after West Tower Condominium Makati,0,0,0,0,0,0,0,0,0,0,2014-04-21 10:30,Property,14.5398329,121.0171842,No Collision Stated
None,EDSA,None,None,"No Accident Factor, Side Swipe, 0.0 drivers_injured, 0.0 drivers_killed, 0.0 passengers_injured, 0.0 passengers_killed, 0.0 pedestrian_injured, 0.0 pedestrian_killed, Fair (Day), Magallanes Interchange  Makati City Makati",MMDA Road Safety Unit,,4862e630-8196-4b16-b235-173f08d79e13,2014-02-28,03:40:00,Magallanes Interchange   Makati,0,0,0,0,0,0,0,0,0,0,2014-02-28 11:40,Property,14.5398329,121.0171842,Side Swipe
None,EDSA,None,None,"No Accident Factor, No Collision Stated (based on Police Blotter Book), 0.0 drivers_injured, 0.0 drivers_killed, 0.0 passengers_injured, 0.0 passengers_killed, 0.0 pedestrian_injured, 0.0 pedestrian_killed, Fair (Day), Magallanes Interchange   Makati",MMDA Road Safety Unit,,0d54b565-649b-44d4-bba7-7aacf4e8c5b5,2014-01-19,22:40:00,Magallanes Interchange  Makati,0,0,0,0,0,0,0,0,0,0,2014-01-20 6:40,Property,14.5398329,121.0171842,No Collision Stated
None,EDSA,None,None,"No Accident Factor, No Collision Stated (based on Police Blotter Book), 0.0 drivers_injured, 0.0 drivers_killed, 0.0 passengers_injured, 0.0 passengers_killed, 0.0 pedestrian_injured, 0.0 pedestrian_killed, Fair (Night), Magallanes Interchange  Makati",MMDA Road Safety Unit,,4b5b3ff2-9ca6-4716-b564-d3934bc00d36,2013-11-18,12:25:00,Magallanes Interchange  Makati,0,0,0,0,0,0,0,0,0,0,2013-11-18 20:25,Property,14.5398329,121.0171842,No Collision Stated
None,EDSA,None,None,"No Accident Factor, No Collision Stated (based on Police Blotter Book), 0.0 drivers_injured, 0.0 drivers_killed, 0.0 passengers_injured, 0.0 passengers_killed, 0.0 pedestrian_injured, 0.0 pedestrian_killed, Fair (Day), Magallanes Interchange   Makati",MMDA Road Safety Unit,,3433a872-5412-4c9e-9f17-15717944f7fd,2013-10-25,05:30:00,Magallanes Interchange  Makati,0,0,0,0,0,0,0,0,0,0,2013-10-25 13:30,Property,14.5398329,121.0171842,No Collision Stated
None,EDSA,None,None,"No Accident Factor, No Collision Stated (based on Police Blotter Book), 0.0 drivers_injured, 0.0 drivers_killed, 0.0 passengers_injured, 0.0 passengers_killed, 0.0 pedestrian_injured, 0.0 pedestrian_killed, Fair (Day), Magallanes Interchange Bgy. Bangkal Makati",MMDA Road Safety Unit,,eb7c9fe9-0724-4b1d-bd70-1fbc7c613020,2013-04-17,23:00:00,Magallanes Interchange  Makati,0,0,0,0,0,0,0,0,0,0,2013-04-18 7:00,Property,14.5398329,121.0171842,No Collision Stated
None,EDSA,None,None,"No Accident Factor, Side Swipe, 0.0 drivers_injured, 0.0 drivers_killed, 0.0 passengers_injured, 0.0 passengers_killed, 0.0 pedestrian_injured, 0.0 pedestrian_killed, Fair (Day), Magallanes Interchange  Makati",MMDA Road Safety Unit,,3abaadb7-c1ab-49f2-9c66-560fc1eb60ba,2013-03-12,23:55:00,Magallanes Interchange  Makati,0,0,0,0,0,0,0,0,0,0,2013-03-13 7:55,Property,14.5398329,121.0171842,Side Swipe
None,EDSA,None,None,"No Accident Factor, No Collision Stated (based on Police Blotter Book), 0.0 drivers_injured, 0.0 drivers_killed, 0.0 passengers_injured, 0.0 passengers_killed, 0.0 pedestrian_injured, 0.0 pedestrian_killed, Fair (Day), Magallanes Interchange  Makati",MMDA Road Safety Unit,,83be9b52-8c01-405b-8284-6b59e961d737,2013-03-11,03:50:00,Magallanes Interchange  Makati,0,0,0,0,0,0,0,0,0,0,2013-03-11 11:50,Property,14.5398329,121.0171842,No Collision Stated
None,EDSA,None,None,"No Accident Factor, No Collision Stated (based on Police Blotter Book), 0.0 drivers_injured, 0.0 drivers_killed, 0.0 passengers_injured, 0.0 passengers_killed, 0.0 pedestrian_injured, 0.0 pedestrian_killed, Fair (Day), Magallanes Interchange Bgy. Bangkal Makati",MMDA Road Safety Unit,,e3c49877-4d21-4ba9-a476-604a0533fa33,2013-03-08,07:00:00,Magallanes Interchange  Makati,0,0,0,0,0,0,0,0,0,0,2013-03-08 15:00,Property,14.5398329,121.0171842,No Collision Stated