LOCATION_TEXT,ROAD,WEATHER,LIGHT,DESC,REPORTING_AGENCY,MAIN_CAUSE,INCIDENTDETAILS_ID,DATE_UTC,TIME_UTC,ADDRESS,killed_driver,killed_passenger,killed_pedestrian,injured_driver,injured_passenger,injured_pedestrian,killed_uncategorized,injured_uncategorized,killed_total,injured_total,DATETIME_PST,SEVERITY,Y,X,COLLISION_TYPE
None,EDSA,None,None,"No Accident Factor, No Collision Stated (based on Police Blotter Book), 0.0 drivers_injured, 0.0 drivers_killed, 0.0 passengers_injured, 0.0 passengers_killed, 0.0 pedestrian_injured, 0.0 pedestrian_killed, Fair (Night), Magallanes Interchange  Makati",MMDA Road Safety Unit,,019dbac2-22bb-46b2-821c-544417e5509c,2013-01-25,11:05:00,Magallanes Interchange  Makati,0,0,0,0,0,0,0,0,0,0,2013-01-25 19:05,Property,14.5398329,121.0171842,No Collision Stated
None,EDSA,None,None,"No Accident Factor, Rear-end, 0.0 drivers_injured, 0.0 drivers_killed, 0.0 passengers_injured, 0.0 passengers_killed, 0.0 pedestrian_injured, 0.0 pedestrian_killed, Fair (Day), Magallanes Interchange  Makati",MMDA Road Safety Unit,,a46ec3da-c1f4-47ae-bb1c-9cbcbea68d88,2013-01-14,01:15:00,Magallanes Interchange  Makati,0,0,0,0,0,0,0,0,0,0,2013-01-14 9:15,Property,14.5398329,121.0171842,Rear-End
None,EDSA,None,None,"No Accident Factor, No Collision Stated (based on Police Blotter Book), 0.0 drivers_injured, 0.0 drivers_killed, 0.0 passengers_injured, 0.0 passengers_killed, 0.0 pedestrian_injured, 0.0 pedestrian_killed, Fair (Day), Magallanes Interchange after West Tower Condominium Makati",MMDA Road Safety Unit,,80974cd3-353e-422c-a3d4-ca54264347de,2013-01-08,04:30:00,Magallanes Interchange  Makati,0,0,0,0,0,0,0,0,0,0,2013-01-08 12:30,Property,14.5398329,121.0171842,No Collision Stated
None,EDSA,None,None,"No Accident Factor, Hit and Run (No Collision Stated), 0.0 drivers_injured, 0.0 drivers_killed, 0.0 passengers_injured, 0.0 passengers_killed, 0.0 pedestrian_injured, 0.0 pedestrian_killed, Fair (Night), Magallanes Interchange   Makati",MMDA Road Safety Unit,,06ff9cc9-e023-4b36-8e92-77e6a73b95c7,2012-12-12,15:45:00,Magallanes Interchange EDSA Makati,0,0,0,0,0,0,0,0,0,0,2012-12-12 23:45,Property,14.5398329,121.0171842,No Collision Stated
None,EDSA,None,None,"No Accident Factor, Rear-end, 0.0 drivers_injured, 0.0 drivers_killed, 0.0 passengers_injured, 0.0 passengers_killed, 0.0 pedestrian_injured, 0.0 pedestrian_killed, Fair (Day), Magallanes Interchange  Makati",MMDA Road Safety Unit,,a886be82-2683-462f-8d36-47396fb2d84a,2012-10-12,09:00:00,Magallanes interchange South Super Hiway (SB) Makati,0,0,0,0,0,0,0,0,0,0,2012-10-12 17:00,Property,14.5398329,121.0171842,Rear-End
None,EDSA,None,None,"No Accident Factor, No Collision Stated (based on Police Blotter Book), 0.0 drivers_injured, 0.0 drivers_killed, 0.0 passengers_injured, 0.0 passengers_killed, 0.0 pedestrian_injured, 0.0 pedestrian_killed, Fair (Day), Magallanes Interchange  Makati",MMDA Road Safety Unit,,8e907940-d359-4e1a-ae66-489245f06898,2012-10-12,05:45:00,Magallanes Interchange SLEX Makati,0,0,0,0,0,0,0,0,0,0,2012-10-12 13:45,Property,14.5398329,121.0171842,No Collision Stated
None,EDSA,None,None,"No Accident Factor, Other (Multiple), 0.0 drivers_injured, 0.0 drivers_killed, 0.0 passengers_injured, 0.0 passengers_killed, 0.0 pedestrian_injured, 0.0 pedestrian_killed, Fair (Night), Magallanes Interchange  Makati",MMDA Road Safety Unit,,9236dbed-bc50-4851-9405-12f63ba4d9d4,2012-07-30,15:30:00,Magallanes Interchange  Off rump Makati,0,0,0,0,0,0,0,0,0,0,2012-07-30 23:30,Property,14.5398329,121.0171842,Multiple
None,EDSA,None,None,"No Accident Factor, No Collision Stated (based on Police Blotter Book), 0.0 drivers_injured, 0.0 drivers_killed, 0.0 passengers_injured, 0.0 passengers_killed, 0.0 pedestrian_injured, 0.0 pedestrian_killed, Fair (Night), Magallanes Interchange  Makati",MMDA Road Safety Unit,,03c2a429-0302-4738-a9da-fc5b715a1161,2012-06-26,11:30:00,Magallanes Interchange  Makati,0,0,0,0,0,0,0,0,0,0,2012-06-26 19:30,Property,14.5398329,121.0171842,No Collision Stated
None,EDSA,None,None,"No Accident Factor, No Collision Stated (based on Police Blotter Book), 0.0 drivers_injured, 0.0 drivers_killed, 0.0 passengers_injured, 0.0 passengers_killed, 0.0 pedestrian_injured, 0.0 pedestrian_killed, Fair (Night), Magallanes Interchange  Makati",MMDA Road Safety Unit,,e22b364c-580e-4803-86ce-69934d444329,2012-05-04,10:45:00,Magallanes Interchange Alabang Bound Makati,0,0,0,0,0,0,0,0,0,0,2012-05-04 18:45,Property,14.5398329,121.0171842,No Collision Stated
None,EDSA,None,None,"No Accident Factor, Rear-end, 0.0 drivers_injured, 0.0 drivers_killed, 0.0 passengers_injured, 0.0 passengers_killed, 0.0 pedestrian_injured, 0.0 pedestrian_killed, Fair (Day), Magallanes Interchange  Makati",MMDA Road Safety Unit,,b9a765aa-9d51-46a1-a070-c4b5a6049d73,2012-02-02,07:45:00,EDSA-Magallanes Amorsolo St. Makati,0,0,0,0,0,0,0,0,0,0,2012-02-02 15:45,Property,14.5398329,121.0171842,Rear-End
None,EDSA,None,None,"Unknown, Hit Object (No Object Stated), 0.0 drivers_injured, 0.0 drivers_killed, 0.0 passengers_injured, 0.0 passengers_killed, 0.0 pedestrian_injured, 0.0 pedestrian_killed, Fair (Night), Magallanes Interchange  Makati",MMDA Road Safety Unit,,dc0e7f70-639b-446f-8017-97e89d6745dd,2011-05-17,17:20:00,EDSA-Magallanes A. Arnaiz Ave. Makati,0,0,0,0,0,0,0,0,0,0,2011-05-18 1:20,Property,14.5398329,121.0171842,Hit Object
None,EDSA,None,None,"Unknown, Angle Impact, 0.0 drivers_injured, 0.0 drivers_killed, 0.0 passengers_injured, 0.0 passengers_killed, 0.0 pedestrian_injured, 0.0 pedestrian_killed, Fair (Day), Magallanes Interchange  Makati",MMDA Road Safety Unit,,c04a56b4-757b-4d86-af98-bbf30d4d5013,2011-04-11,01:30:00,EDSA Magallanes Evangelista St. Makati,0,0,0,0,0,0,0,0,0,0,2011-04-11 9:30,Property,14.5398329,121.0171842,Angle Impact
None,EDSA,None,None,"Unknown, Angle Impact, 0.0 drivers_injured, 0.0 drivers_killed, 0.0 passengers_injured, 0.0 passengers_killed, 0.0 pedestrian_injured, 0.0 pedestrian_killed, Fair (Day), Magallanes Interchange  Makati",MMDA Road Safety Unit,,544ed79e-db24-4fe6-b9a3-c70d0a188ef7,2011-04-05,01:30:00,EDSA-Magallanes Chino Roces Ave. Makati,0,0,0,0,0,0,0,0,0,0,2011-04-05 9:30,Property,14.5398329,121.0171842,Angle Impact
None,EDSA,None,None,"Unknown, Hit Object (No Object Stated), 0.0 drivers_injured, 0.0 drivers_killed, 0.0 passengers_injured, 0.0 passengers_killed, 0.0 pedestrian_injured, 0.0 pedestrian_killed, Fair (Night), Magallanes Interchange  Makati",MMDA Road Safety Unit,,ae39c455-4d47-4461-9928-e4f76670460b,2011-02-23,13:45:00,EDSA-Magallanes  Makati,0,0,0,0,0,0,0,0,0,0,2011-02-23 21:45,Property,14.5398329,121.0171842,Hit Object
None,EDSA,None,None,"Unknown, Rear-end, 0.0 drivers_injured, 0.0 drivers_killed, 0.0 passengers_injured, 0.0 passengers_killed, 0.0 pedestrian_injured, 0.0 pedestrian_killed, Fair (Night), Magallanes Interchange EDSA Makati",MMDA Road Safety Unit,,8bcc1dd2-3233-409a-b513-7b33d5f0660c,2011-02-02,17:40:00,EDSA-Magallanes in between Pasong Tamo Exit and Lumbang St. Makati,0,0,0,0,0,0,0,0,0,0,2011-02-03 1:40,Property,14.5398329,121.0171842,Rear-End
None,EDSA,None,None,"Unknown, Self-Accident, 1.0 drivers_injured, 0.0 drivers_killed, 0.0 passengers_injured, 0.0 passengers_killed, 0.0 pedestrian_injured, 0.0 pedestrian_killed, Dry, Magallanes interchange South Super Hiway (SB) Makati",MMDA Road Safety Unit,,e49efb31-53fd-40a8-84af-44291c38ac16,2010-05-07,17:45:00,EDSA Magallanes  approaching A. Aranaiz Avenue Brgy. Magallanes Makati,0,0,0,1,0,0,0,0,0,1,2010-05-08 1:45,Injury,14.5398329,121.0171842,Self-Accident
None,EDSA,None,None,"Unknown, Rear-end, 0.0 drivers_injured, 0.0 drivers_killed, 0.0 passengers_injured, 0.0 passengers_killed, 0.0 pedestrian_injured, 0.0 pedestrian_killed, Dry, Magallanes Interchange SLEX Makati",MMDA Road Safety Unit,,356eea95-14e5-4012-a18f-445579506873,2010-02-18,15:30:00,EDSA - Magallanes  Loading Bay (SB) Barangay San Lorenzo Makati,0,0,0,0,0,0,0,0,0,0,2010-02-18 23:30,Property,14.5398329,121.0171842,Rear-End
None,EDSA,None,None,"Unknown, Rear-end, 0.0 drivers_injured, 0.0 drivers_killed, 0.0 passengers_injured, 0.0 passengers_killed, 0.0 pedestrian_injured, 0.0 pedestrian_killed, Fair (Night), Magallanes Interchange  Off rump Makati",MMDA Road Safety Unit,,42505228-63c1-4532-8ca0-22b30f22c78d,2009-07-17,09:30:00,EDSA Magallanes East Service Road Makati,0,0,0,0,0,0,0,0,0,0,2009-07-17 17:30,Property,14.5398329,121.0171842,Rear-End
None,EDSA,None,None,"Human Error, Hit and Run (No Collision Stated), 0.0 drivers_injured, 0.0 drivers_killed, 0.0 passengers_injured, 0.0 passengers_killed, 0.0 pedestrian_injured, 0.0 pedestrian_killed, Fair (Night), Magallanes Interchange  Makati",MMDA Road Safety Unit,,44b23bdc-5ef5-4354-b20d-719de67522d0,2009-01-05,16:15:00,EDSA J. P. Rizal Ave.      Makati,0,0,0,0,0,0,0,0,0,0,2009-01-06 0:15,Property,14.5398329,121.0171842,No Collision Stated
None,EDSA,None,None,"Human Error, Side Swipe, 0.0 drivers_injured, 0.0 drivers_killed, 0.0 passengers_injured, 0.0 passengers_killed, 0.0 pedestrian_injured, 0.0 pedestrian_killed, Dry, Magallanes Interchange Alabang Bound Makati",MMDA Road Safety Unit,,20d74972-64ca-48b7-9687-03a33ee639a5,2007-08-10,11:00:00,EDSA East Cloverleaf Makati,0,0,0,0,0,0,0,0,0,0,2007-08-10 19:00,Property,14.5398329,121.0171842,Side Swipe
"Kilometer 9, Osmeña Highway, Magallanes, Makati, District I, Makati, Metro Manila, 1232, Philippines",EDSA,clear-day,day,Bumped from Behind,MMDA Metrobase,,7a2dc511-59a9-4eca-8e6a-e4a4af214261,2016-10-28,06:53:50,EDSA Evangelista St. Makati,0,0,0,0,0,0,0,0,0,0,2016-10-28 14:53,Property,14.54027101,121.0174298,Rear-End
"EDSA/Magallanes, EDSA, Magallanes, Makati, District I, Makati, Metro Manila, 1232, Philippines",EDSA,partly-cloudy-day,day,Bumped from Behind,MMDA Metrobase,,2d45508c-f6af-4ebf-bca8-79e30f50e3fb,2016-11-29,06:37:20,EDSA Magallanes Interchange Makati,0,0,0,0,0,0,0,0,0,0,2016-11-29 14:37,Property,14.54030216,121.0172367,Rear-End
None,EDSA,None,None,"No Accident Factor, Side Swipe, 0.0 drivers_injured, 0.0 drivers_killed, 0.0 passengers_injured, 0.0 passengers_killed, 0.0 pedestrian_injured, 0.0 pedestrian_killed, Fair (Day), EDSA-Magallanes Amorsolo St. Makati",MMDA Road Safety Unit,,a262fe55-910b-4ed7-b823-550f2e363bea,2015-08-20,01:30:00,EDSA Ayala Ave. Makati,0,0,0,0,0,0,0,0,0,0,2015-08-20 9:30,Property,14.5404539,121.0169994,Side Swipe
None,EDSA,None,None,"No Accident Factor, Side Swipe, 0.0 drivers_injured, 0.0 drivers_killed, 0.0 passengers_injured, 0.0 passengers_killed, 0.0 pedestrian_injured, 0.0 pedestrian_killed, Fair (Day), EDSA-Magallanes A. Arnaiz Ave. Makati",MMDA Road Safety Unit,,0b595db4-af9c-4aea-8f9e-17821d2c36f6,2015-08-20,00:30:00,EDSA Palm Drive Makati,0,0,0,0,0,0,0,0,0,0,2015-08-20 8:30,Property,14.54755945,121.0259938,Side Swipe
None,EDSA,None,None,"No Accident Factor, Rear-end, 0.0 drivers_injured, 0.0 drivers_killed, 0.0 passengers_injured, 0.0 passengers_killed, 0.0 pedestrian_injured, 0.0 pedestrian_killed, Fair (Day), EDSA Magallanes Evangelista St. Makati",MMDA Road Safety Unit,,77967a65-d76f-4666-84b0-4c6a681c5afc,2015-07-08,09:00:00,EDSA Magallanes Interchange (SB) Makati,0,0,0,0,0,0,0,0,0,0,2015-07-08 17:00,Property,14.54021638,121.0171856,Rear-End
None,EDSA,None,None,"No Accident Factor, Angle Impact, 0.0 drivers_injured, 0.0 drivers_killed, 2.0 passengers_injured, 0.0 passengers_killed, 0.0 pedestrian_injured, 0.0 pedestrian_killed, Fair (Day), EDSA-Magallanes Chino Roces Ave. Makati",MMDA Road Safety Unit,,c913205b-4041-4ef6-819f-c2c8f79db648,2014-12-25,05:05:00,EDSA Magallanes Interchange (SB) Makati,0,0,0,0,2,0,0,0,0,2,2014-12-25 13:05,Injury,14.54118609,121.0183251,Angle Impact
None,EDSA,None,None,"No Accident Factor, Rear-end, 0.0 drivers_injured, 0.0 drivers_killed, 0.0 passengers_injured, 0.0 passengers_killed, 0.0 pedestrian_injured, 0.0 pedestrian_killed, Fair (Night), EDSA-Magallanes  Makati",MMDA Road Safety Unit,,10318404-0b83-4582-92ba-92a25b093e9c,2014-12-12,19:00:00,EDSA Magallanes Interchange Makati,0,0,0,0,0,0,0,0,0,0,2014-12-13 3:00,Property,14.5404539,121.0169994,Rear-End
None,EDSA,None,None,"No Accident Factor, Rear-end, 0.0 drivers_injured, 0.0 drivers_killed, 0.0 passengers_injured, 0.0 passengers_killed, 0.0 pedestrian_injured, 0.0 pedestrian_killed, Fair (Day), EDSA-Magallanes in between Pasong Tamo Exit and Lumbang St. Makati",MMDA Road Safety Unit,,8d6067c9-ab3a-4d4b-a450-aebe32627e66,2014-10-16,05:30:00,EDSA Ayala Ave. Makati,0,0,0,0,0,0,0,0,0,0,2014-10-16 13:30,Property,14.54123498,121.0184234,Rear-End
None,EDSA,None,None,"No Accident Factor, Side Swipe, 0.0 drivers_injured, 0.0 drivers_killed, 0.0 passengers_injured, 0.0 passengers_killed, 0.0 pedestrian_injured, 0.0 pedestrian_killed, Fair (Day), EDSA Magallanes  approaching A. Aranaiz Avenue Brgy. Magallanes Makati",MMDA Road Safety Unit,,a70b500b-62c6-4f3e-9da8-47298be351a7,2014-05-15,08:45:00,EDSA A. Arnaiz Ave. Makati,0,0,0,0,0,0,0,0,0,0,2014-05-15 16:45,Property,14.54021638,121.0171856,Side Swipe
None,EDSA,None,None,"No Accident Factor, Rear-end, 0.0 drivers_injured, 0.0 drivers_killed, 0.0 passengers_injured, 0.0 passengers_killed, 0.0 pedestrian_injured, 0.0 pedestrian_killed, Fair (Night), EDSA - Magallanes  Loading Bay (SB) Barangay San Lorenzo Makati",MMDA Road Safety Unit,,144f93c1-ae31-4406-b29c-597a94663c94,2014-05-10,12:00:00,EDSA P. Burgos St. Makati,0,0,0,0,0,0,0,0,0,0,2014-05-10 20:00,Property,14.5404539,121.0169994,Rear-End
None,EDSA,None,None,"No Accident Factor, Side Swipe, 0.0 drivers_injured, 0.0 drivers_killed, 0.0 passengers_injured, 0.0 passengers_killed, 0.0 pedestrian_injured, 0.0 pedestrian_killed, Fair (Day), EDSA Magallanes East Service Road Makati",MMDA Road Safety Unit,,7d383c7f-3784-4627-9461-607fe95246b3,2013-05-04,02:25:00,EDSA A. Arnaiz Ave. Makati,0,0,0,0,0,0,0,0,0,0,2013-05-04 10:25,Property,14.54021638,121.0171856,Side Swipe
"EDSA/Magallanes, EDSA, Magallanes, Makati, District I, Makati, Metro Manila, 1232, Philippines",EDSA,partly-cloudy-day,day,(+)MC DRIVER INJURED,Other,,50fe06a2-52fa-4c6d-8f04-219d5b78d456,2016-09-28,23:13:00,EDSA Ayala Ave. Makati,0,0,0,1,0,0,0,0,0,1,2016-09-29 7:13,Injury,14.54060334,121.0170007,Side Swipe
"Alphaland Southgate Mall, EDSA, Magallanes, Makati, District I, Makati, Metro Manila, 1232, Philippines",EDSA,partly-cloudy-day,day,BUMPED FROM BEHIND,MMDA Metrobase,,53a3d29b-ab2d-4f05-9c67-d8f823fe3eeb,2016-11-02,00:53:00,EDSA Mc Kinley Road Makati,0,0,0,0,0,0,0,0,0,0,2016-11-02 8:53,Property,14.54075911,121.0185671,Rear-End
"Alphaland Southgate Mall, EDSA, Magallanes, Makati, District I, Makati, Metro Manila, 1232, Philippines",EDSA,clear-day,day,(+)INJURED,MMDA Metrobase,,60d181a2-a1d5-401a-a777-7eced5acf27d,2016-10-26,01:04:58,EDSA Mc Kinley Access Road Makati,0,0,0,0,0,0,0,1,0,1,2016-10-26 9:04,Injury,14.54094605,121.0182881,Side Swipe
"EDSA/Magallanes Flyover Southbound, EDSA, Magallanes, Makati, District I, Makati, Metro Manila, 1232, Philippines",EDSA,clear-night,night,Self Accident,MMDA Metrobase,,4fbb5608-c05a-4b49-8e06-6f19aff2bdd3,2016-10-28,11:50:19,EDSA Magallanes Interchange Makati,0,0,0,0,0,0,0,0,0,0,2016-10-28 19:50,Property,14.54106028,121.0166788,Self-Accident
"Savemore Market, Magallanes Interchange, Kayamanan Subdivision, Bangkal, Makati, District I, Makati, Metro Manila, 1231, Philippines",EDSA,clear-day,day,BUMPED FROM BEHIND,Other,,73997ea2-e6f6-44e0-ac58-aff95b4cccdb,2016-10-01,04:11:50,EDSA Magallanes Interchange Makati,0,0,0,0,0,0,0,0,0,0,2016-10-01 12:11,Property,14.54109144,121.017977,Rear-End
"Savemore Market, Magallanes Interchange, Kayamanan Subdivision, Bangkal, Makati, District I, Makati, Metro Manila, 1231, Philippines",EDSA,clear-day,day,BUMPED FROM BEHIND,Other,,73997ea2-e6f6-44e0-ac58-aff95b4cccdb,2016-10-01,04:11:50,EDSA Ayala Ave.  Makati,0,0,0,0,0,0,0,0,0,0,2016-10-01 12:11,Property,14.54109144,121.017977,Rear-End
"Alphaland Southgate Mall, EDSA, Magallanes, Makati, District I, Makati, Metro Manila, 1232, Philippines",EDSA,partly-cloudy-day,day,BUMPED FROM BEHIND MULTIPLE COLISSION,MMDA Metrobase,,5db1c0fb-579b-45b7-ab97-7931644becd4,2016-11-06,22:10:00,EDSA Estrella St.  Makati,0,0,0,0,0,0,0,0,0,0,2016-11-07 6:10,Property,14.54138222,121.0186636,Rear-End
"Alphaland Southgate Mall, EDSA, Magallanes, Makati, District I, Makati, Metro Manila, 1232, Philippines",EDSA,partly-cloudy-day,day,BUMPED FROM BEHIND,MMDA Metrobase,,1e1e550f-c165-4ca1-883c-5be6263eb467,2016-10-28,23:04:29,EDSA Palm Drive Makati,0,0,0,0,0,0,0,0,0,0,2016-10-29 7:04,Property,14.54154839,121.0184383,Rear-End
"Alphaland Southgate Mall, EDSA, Magallanes, Makati, District I, Makati, Metro Manila, 1232, Philippines",EDSA,clear-night,night,SELF ACCIDENT ,MMDA Metrobase,,920a1d03-87fb-4fd3-8e47-4aef09668d57,2016-11-05,14:45:35,EDSA Magallanes Interchange Makati,0,0,0,0,0,0,0,1,0,1,2016-11-05 22:45,Injury,14.5416107,121.0187817,Self-Accident
"Alphaland Southgate Tower, Amorsolo, Kayamanan Subdivision, Magallanes, Makati, District I, Makati, Metro Manila, 1232, Philippines",EDSA,partly-cloudy-day,day,HIT AND RUN,MMDA Metrobase,,d48cd7bb-e4a8-4712-afd9-08785e1619b5,2016-12-07,00:54:14,EDSA Guingua St.  Makati,0,0,0,0,0,0,0,0,0,0,2016-12-07 8:54,Property,14.54175609,121.0193932,No Collision Stated
"BDO, EDSA, Magallanes, Makati, District I, Makati, Metro Manila, 1231, Philippines",EDSA,rain,day,TRIPLE COLLISION,Other,,823a9512-0a0f-442b-ae7d-c65d59c89fb9,2016-10-16,00:01:24,EDSA Magallanes Interchange Makati,0,0,0,0,0,0,0,1,0,1,2016-10-16 8:01,Injury,14.5420988,121.0194039,Multiple
"Magallanes Provincial Northbound, EDSA, Dasmariñas, Makati, District I, Makati, Metro Manila, 1223, Philippines",EDSA,rain,night,Multiple Collision,MMDA Metrobase,,d99d5e31-7e26-4500-917e-cac65cbd9041,2016-11-05,12:42:07,EDSA Lapu-Lapu St.  Makati,0,0,0,0,0,0,0,1,0,1,2016-11-05 20:42,Injury,14.54381234,121.0215819,Multiple
"EDSA, Bougainvilla Place, Dasmariñas, Makati, District I, Makati, Metro Manila, 1223, Philippines",EDSA,rain,day,Bumped from Behind,MMDA Metrobase,,a722ba3f-0d5d-491e-8f30-abb63831987e,2016-11-19,07:38:55,EDSA  Ayala Ave.  Makati,0,0,0,0,0,0,0,0,0,0,2016-11-19 15:38,Property,14.54624242,121.0246611,Rear-End
"EDSA, San Lorenzo, Makati, District I, Makati, Metro Manila, 1224, Philippines",EDSA,clear-night,night,Taxi escaped,MMDA Metrobase,,cad5b134-757e-4126-b18c-b54f4d8d0f78,2016-10-29,10:16:56,EDSA West Cloverleaf Makati,0,0,0,0,0,0,0,0,0,0,2016-10-29 18:16,Property,14.54677725,121.0251546,Side Swipe
"EDSA, Bougainvilla Place, Dasmariñas, Makati, District I, Makati, Metro Manila, 1224, Philippines",EDSA,clear-night,night,Bumped from Behind; Multiple Collision,MMDA Metrobase,,bf01e9d8-e941-4e78-ba14-a409cef7a292,2016-10-28,10:50:17,EDSA Magllanes (NB)  Makati,0,0,0,0,0,0,0,0,0,0,2016-10-28 18:50,Property,14.54684475,121.0255516,Multiple
"Ayala Tunnel, Bougainvilla Place, Dasmariñas, Makati, District I, Makati, Metro Manila, 1224, Philippines",EDSA,partly-cloudy-night,night,Bumped from Behind,MMDA Metrobase,,85e4b68d-3b65-40c1-a47a-ce2e3fd37954,2016-11-11,11:49:28,EDSA A. Arnaiz Ave. Makati,0,0,0,0,0,0,0,0,0,0,2016-11-11 19:49,Property,14.54699014,121.0256052,Rear-End
"Petron, EDSA, Bougainvilla Place, Dasmariñas, Makati, District I, Makati, Metro Manila, 1221, Philippines",EDSA,rain,day,BUMPED FROM BEHIND,Other,,96de0ed6-1e20-4f74-bc5d-b3ef28278598,2016-10-21,02:42:08,EDSA Mc Kinley Road   Makati,0,0,0,0,0,0,0,0,0,0,2016-10-21 10:42,Property,14.54748861,121.0259914,Rear-End
None,EDSA,None,None,"No Accident Factor, No Collision Stated (based on Police Blotter Book), 0.0 drivers_injured, 0.0 drivers_killed, 0.0 passengers_injured, 0.0 passengers_killed, 0.0 pedestrian_injured, 0.0 pedestrian_killed, Fair (Night), EDSA J. P. Rizal Ave.      Makati",MMDA Road Safety Unit,,baba2269-dd0a-40e4-b673-962b2bb54d85,2016-10-01,09:30:00,EDSA Mc Kinley Road Makati,0,0,0,0,0,0,0,0,0,0,2016-10-01 17:30,Property,14.56800921,121.0459132,No Collision Stated
None,EDSA,None,None,"No Accident Factor, Side Swipe, 0.0 drivers_injured, 0.0 drivers_killed, 0.0 passengers_injured, 0.0 passengers_killed, 0.0 pedestrian_injured, 0.0 pedestrian_killed, Fair (Night), EDSA East Cloverleaf Makati",MMDA Road Safety Unit,,c268372a-1c38-41bb-8408-f1d1f65ec94e,2016-09-30,17:50:00,EDSA Chino Roces Ave. Makati,0,0,0,0,0,0,0,0,0,0,2016-10-01 1:50,Property,14.5668982,121.0455818,Side Swipe
None,EDSA,None,None,"No Accident Factor, Rear-end, 0.0 drivers_injured, 0.0 drivers_killed, 0.0 passengers_injured, 0.0 passengers_killed, 0.0 pedestrian_injured, 0.0 pedestrian_killed, Fair (Night), EDSA Evangelista St. Makati",MMDA Road Safety Unit,,38cd4cfc-0699-44d1-9420-aebc535264f5,2016-09-30,09:30:00,EDSA Magallanes Ave. Makati,0,0,0,0,0,0,0,0,0,0,2016-09-30 17:30,Property,14.53906878,121.012324,Rear-End
None,EDSA,None,None,"No Accident Factor, Rear-end, 0.0 drivers_injured, 0.0 drivers_killed, 0.0 passengers_injured, 0.0 passengers_killed, 0.0 pedestrian_injured, 0.0 pedestrian_killed, Fair (Night), EDSA Magallanes Interchange Makati",MMDA Road Safety Unit,,1241dad0-e2a6-44ea-9d7d-9fa73c3d5b3e,2016-09-29,13:45:00,EDSA Chino Roces Ave.  Makati,0,0,0,0,0,0,0,0,0,0,2016-09-29 21:45,Property,14.54679556,121.0248047,Rear-End
None,EDSA,None,None,"No Accident Factor, Side Swipe, 0.0 drivers_injured, 0.0 drivers_killed, 0.0 passengers_injured, 0.0 passengers_killed, 0.0 pedestrian_injured, 0.0 pedestrian_killed, Fair (Day), EDSA Ayala Ave. Makati",MMDA Road Safety Unit,,c6047309-4ace-4adb-9bb0-d888f436314b,2016-09-27,00:00:00,EDSA Mc Kinley Road Makati,0,0,0,0,0,0,0,0,0,0,2016-09-27 8:00,Property,14.5503157,121.0293627,Side Swipe
None,EDSA,None,None,"No Accident Factor, Side Swipe, 0.0 drivers_injured, 0.0 drivers_killed, 0.0 passengers_injured, 0.0 passengers_killed, 0.0 pedestrian_injured, 0.0 pedestrian_killed, Fair (Night), EDSA Palm Drive Makati",MMDA Road Safety Unit,,71570db7-7486-40b1-8da9-9f2834628560,2016-09-26,13:00:00,EDSA A. Arnaiz Ave.  Makati,0,0,0,0,0,0,0,0,0,0,2016-09-26 21:00,Property,14.54840479,121.0270209,Side Swipe
None,EDSA,None,None,"No Accident Factor, Side Swipe, 0.0 drivers_injured, 0.0 drivers_killed, 0.0 passengers_injured, 0.0 passengers_killed, 0.0 pedestrian_injured, 0.0 pedestrian_killed, Fair (Night), EDSA Magallanes Interchange (SB) Makati",MMDA Road Safety Unit,,14ee2595-98d9-469f-bf7b-01474b3d1934,2016-09-25,10:05:00,EDSA Ayala Ave.  Makati,0,0,0,0,0,0,0,0,0,0,2016-09-25 18:05,Property,14.54679556,121.0248047,Side Swipe
None,EDSA,None,None,"No Accident Factor, Side Swipe, 0.0 drivers_injured, 0.0 drivers_killed, 0.0 passengers_injured, 0.0 passengers_killed, 0.0 pedestrian_injured, 0.0 pedestrian_killed, Fair (Day), EDSA Magallanes Interchange (SB) Makati",MMDA Road Safety Unit,,48167695-52f1-42f9-a684-f7ddc9cad462,2016-09-24,02:30:00,EDSA Ayala Ave. Makati,0,0,0,0,0,0,0,0,0,0,2016-09-24 10:30,Property,14.54679556,121.0248047,Side Swipe
None,EDSA,None,None,"No Accident Factor, Side Swipe, 0.0 drivers_injured, 0.0 drivers_killed, 0.0 passengers_injured, 0.0 passengers_killed, 0.0 pedestrian_injured, 0.0 pedestrian_killed, Fair (Day), EDSA Magallanes Interchange Makati",MMDA Road Safety Unit,,82c9865e-88a1-4a86-83f9-50a88585702a,2016-09-23,23:45:00,EDSA Mc Kinley Road Makati,0,0,0,0,0,0,0,0,0,0,2016-09-24 7:45,Property,14.54679556,121.0248047,Side Swipe
None,EDSA,None,None,"No Accident Factor, Head-on, 1.0 drivers_injured, 0.0 drivers_killed, 0.0 passengers_injured, 0.0 passengers_killed, 0.0 pedestrian_injured, 0.0 pedestrian_killed, Fair (Night), EDSA Ayala Ave. Makati",MMDA Road Safety Unit,,255a8ac5-d08a-44d8-b422-2b1a528453c1,2016-09-23,16:10:00,EDSA A. Arnaiz Ave. Makati,0,0,0,1,0,0,0,0,0,1,2016-09-24 0:10,Injury,14.5503157,121.0293627,Head-On