LOCATION_TEXT,ROAD,WEATHER,LIGHT,DESC,REPORTING_AGENCY,MAIN_CAUSE,INCIDENTDETAILS_ID,DATE_UTC,TIME_UTC,ADDRESS,killed_driver,killed_passenger,killed_pedestrian,injured_driver,injured_passenger,injured_pedestrian,killed_uncategorized,injured_uncategorized,killed_total,injured_total,DATETIME_PST,SEVERITY,Y,X,COLLISION_TYPE
None,EDSA,None,None,"No Accident Factor, Angle Impact, 0.0 drivers_injured, 0.0 drivers_killed, 0.0 passengers_injured, 0.0 passengers_killed, 0.0 pedestrian_injured, 0.0 pedestrian_killed, Fair (Night), EDSA A. Arnaiz Ave. Makati",MMDA Road Safety Unit,,69adfae6-6ddc-43c5-b83f-9ba1a228cd78,2016-09-23,13:30:00,EDSA After Guadalupe Loading Bay Makati,0,0,0,0,0,0,0,0,0,0,2016-09-23 21:30,Property,14.54734176,121.0262804,Angle Impact
None,EDSA,None,None,"No Accident Factor, Side Swipe, 0.0 drivers_injured, 0.0 drivers_killed, 0.0 passengers_injured, 0.0 passengers_killed, 0.0 pedestrian_injured, 0.0 pedestrian_killed, Fair (Night), EDSA P. Burgos St. Makati",MMDA Road Safety Unit,,84497b5c-22fb-4afa-8260-01b9e6f82d69,2016-09-23,12:30:00,EDSA Magallanes Interchange (NB) Makati,0,0,0,0,0,0,0,0,0,0,2016-09-23 20:30,Property,14.5655887,121.0452425,Side Swipe
None,EDSA,None,None,"No Accident Factor, Side Swipe, 0.0 drivers_injured, 0.0 drivers_killed, 0.0 passengers_injured, 0.0 passengers_killed, 0.0 pedestrian_injured, 0.0 pedestrian_killed, Fair (Day), EDSA A. Arnaiz Ave. Makati",MMDA Road Safety Unit,,602d3f60-3a64-40ee-baf1-7225817dc579,2016-09-23,00:05:00,EDSA Mc Kinley Road Makati,0,0,0,0,0,0,0,0,0,0,2016-09-23 8:05,Property,14.54734176,121.0262804,Side Swipe
None,EDSA,None,None,"No Accident Factor, Side Swipe, 0.0 drivers_injured, 0.0 drivers_killed, 0.0 passengers_injured, 0.0 passengers_killed, 0.0 pedestrian_injured, 0.0 pedestrian_killed, Fair (Day), EDSA Ayala Ave. Makati",MMDA Road Safety Unit,,ed92b3b2-928c-4ef9-8beb-921f1fd1691e,2016-09-22,06:00:00,EDSA South Superhighway Makati,0,0,0,0,0,0,0,0,0,0,2016-09-22 14:00,Property,14.5503157,121.0293627,Side Swipe
None,EDSA,None,None,"No Accident Factor, Rear-end, 0.0 drivers_injured, 0.0 drivers_killed, 0.0 passengers_injured, 0.0 passengers_killed, 0.0 pedestrian_injured, 0.0 pedestrian_killed, Fair (Day), EDSA Mc Kinley Road Makati",MMDA Road Safety Unit,,0a5b1dfc-43d9-441d-b86b-0168977b386b,2016-09-21,11:30:00,EDSA Kalayaan Ave. Makati,0,0,0,0,0,0,0,0,0,0,2016-09-21 19:30,Property,14.5501403,121.0294629,Rear-End
None,EDSA,None,None,"No Accident Factor, Rear-end, 0.0 drivers_injured, 0.0 drivers_killed, 0.0 passengers_injured, 0.0 passengers_killed, 0.0 pedestrian_injured, 0.0 pedestrian_killed, Fair (Day), EDSA Mc Kinley Access Road Makati",MMDA Road Safety Unit,,63583935-2b39-4646-8087-77f30c609755,2016-09-21,11:00:00,EDSA Palm Drive Makati,0,0,0,0,0,0,0,0,0,0,2016-09-21 19:00,Property,14.5501403,121.0294629,Rear-End
None,EDSA,None,None,"No Accident Factor, Side Swipe, 0.0 drivers_injured, 0.0 drivers_killed, 0.0 passengers_injured, 0.0 passengers_killed, 0.0 pedestrian_injured, 0.0 pedestrian_killed, Fair (Day), EDSA Magallanes Interchange Makati",MMDA Road Safety Unit,,055fbead-9cdd-4743-b930-1dcec12caaa8,2016-09-21,09:00:00,EDSA Mc Kinley Road Makati,0,0,0,0,0,0,0,0,0,0,2016-09-21 17:00,Property,14.54679556,121.0248047,Side Swipe
None,EDSA,None,None,"No Accident Factor, Hit and Run (Side Swipe), 0.0 drivers_injured, 0.0 drivers_killed, 0.0 passengers_injured, 0.0 passengers_killed, 0.0 pedestrian_injured, 0.0 pedestrian_killed, Fair (Day), EDSA Magallanes Interchange Makati",MMDA Road Safety Unit,,1a6e6d88-f093-4de6-83b2-0981d41cd29f,2016-09-21,03:05:00,EDSA Kalayaan Ave. Makati,0,0,0,0,0,0,0,0,0,0,2016-09-21 11:05,Property,14.54679556,121.0248047,Side Swipe
None,EDSA,None,None,"No Accident Factor, Side Swipe, 0.0 drivers_injured, 0.0 drivers_killed, 0.0 passengers_injured, 0.0 passengers_killed, 0.0 pedestrian_injured, 0.0 pedestrian_killed, Fair (Day), EDSA Ayala Ave.  Makati",MMDA Road Safety Unit,,daf1fbd7-1d2b-42fd-94a9-03e63303f278,2016-09-20,06:00:00,EDSA Ayala Ave. Makati,0,0,0,0,0,0,0,0,0,0,2016-09-20 14:00,Property,14.5503157,121.0293627,Side Swipe
None,EDSA,None,None,"No Accident Factor, Rear-end, 0.0 drivers_injured, 0.0 drivers_killed, 0.0 passengers_injured, 0.0 passengers_killed, 0.0 pedestrian_injured, 0.0 pedestrian_killed, Fair (Day), EDSA Estrella St.  Makati",MMDA Road Safety Unit,,2e48760e-6608-4e6e-a726-26461af902e6,2016-09-18,07:30:00,EDSA South Superhighway (NB) Makati,0,0,0,0,0,0,0,0,0,0,2016-09-18 15:30,Property,14.56004326,121.0411034,Rear-End
None,EDSA,None,None,"No Accident Factor, Side Swipe, 0.0 drivers_injured, 0.0 drivers_killed, 0.0 passengers_injured, 0.0 passengers_killed, 0.0 pedestrian_injured, 0.0 pedestrian_killed, Fair (Day), EDSA Palm Drive Makati",MMDA Road Safety Unit,,6eaa2edb-bf4c-4c70-9f94-68f36fd4623b,2016-09-18,05:35:00,EDSA Mc Kinley Road Makati,0,0,0,0,0,0,0,0,0,0,2016-09-18 13:35,Property,14.54840479,121.0270209,Side Swipe
None,EDSA,None,None,"No Accident Factor, Rear-end, 0.0 drivers_injured, 0.0 drivers_killed, 0.0 passengers_injured, 0.0 passengers_killed, 0.0 pedestrian_injured, 0.0 pedestrian_killed, Fair (Day), EDSA Magallanes Interchange Makati",MMDA Road Safety Unit,,6be103d5-a9d1-4f6f-9492-70a9fe6a6687,2016-09-14,20:45:00,EDSA South Superhighway (Magallanes Interchange) Makati,0,0,0,0,0,0,0,0,0,0,2016-09-15 4:45,Property,14.54679556,121.0248047,Rear-End
None,EDSA,None,None,"No Accident Factor, Side Swipe, 0.0 drivers_injured, 0.0 drivers_killed, 0.0 passengers_injured, 0.0 passengers_killed, 0.0 pedestrian_injured, 0.0 pedestrian_killed, Fair (Day), EDSA Guingua St.  Makati",MMDA Road Safety Unit,,fd66bb64-1109-4301-b8b3-3ed4198da50f,2016-09-14,03:55:00,EDSA Ayala Ave. Makati,0,0,0,0,0,0,0,0,0,0,2016-09-14 11:55,Property,14.55666324,121.0371861,Side Swipe
None,EDSA,None,None,"No Accident Factor, Side Swipe, 0.0 drivers_injured, 0.0 drivers_killed, 0.0 passengers_injured, 0.0 passengers_killed, 0.0 pedestrian_injured, 0.0 pedestrian_killed, Fair (Day), EDSA Magallanes Interchange Makati",MMDA Road Safety Unit,,7ab24f09-dea0-4032-b7dc-a804bdf9215f,2016-09-14,02:15:00,EDSA Magallanes Interchange (SB) Makati,0,0,0,0,0,0,0,0,0,0,2016-09-14 10:15,Property,14.54679556,121.0248047,Side Swipe
None,EDSA,None,None,"No Accident Factor, Angle Impact, 0.0 drivers_injured, 0.0 drivers_killed, 0.0 passengers_injured, 0.0 passengers_killed, 0.0 pedestrian_injured, 0.0 pedestrian_killed, Fair (Night), EDSA Lapu-Lapu St.  Makati",MMDA Road Safety Unit,,5471cb13-5f2b-490a-babf-3916ddf9c936,2016-09-13,05:10:00,EDSA Kalayaan Ave. Makati,0,0,0,0,0,0,0,0,0,0,2016-09-13 13:10,Property,14.53968935,121.0155717,Angle Impact
None,EDSA,None,None,"No Accident Factor, No Collision Stated (based on Police Blotter Book), 0.0 drivers_injured, 0.0 drivers_killed, 0.0 passengers_injured, 0.0 passengers_killed, 0.0 pedestrian_injured, 0.0 pedestrian_killed, Fair (Day), EDSA  Ayala Ave.  Makati",MMDA Road Safety Unit,,171ac3d7-2ccc-426f-8052-72c66aa5f6d2,2016-09-12,23:00:00,EDSA Buendia Ave.  Makati,0,0,0,0,0,0,0,0,0,0,2016-09-13 7:00,Injury,14.55041654,121.0294372,No Collision Stated
None,EDSA,None,None,"No Accident Factor, Side Swipe, 0.0 drivers_injured, 0.0 drivers_killed, 0.0 passengers_injured, 0.0 passengers_killed, 0.0 pedestrian_injured, 0.0 pedestrian_killed, Fair (Night), EDSA West Cloverleaf Makati",MMDA Road Safety Unit,,73ac3304-6bfb-41e7-9007-91699d7be471,2016-09-11,09:10:00,EDSA Harvard St. Makati,0,0,0,0,0,0,0,0,0,0,2016-09-11 17:10,Property,14.56763029,121.0456342,Side Swipe
None,EDSA,None,None,"No Accident Factor, Side Swipe, 0.0 drivers_injured, 0.0 drivers_killed, 0.0 passengers_injured, 0.0 passengers_killed, 0.0 pedestrian_injured, 0.0 pedestrian_killed, Fair (Night), EDSA Magllanes (NB)  Makati",MMDA Road Safety Unit,,943701dd-dfab-4407-b237-6f5218c80d4b,2016-09-09,05:00:00,EDSA Mckinley Road Makati,0,0,0,0,0,0,0,0,0,0,2016-09-09 13:00,Property,14.54037338,121.01729,Side Swipe
None,EDSA,None,None,"No Accident Factor, Side Swipe, 0.0 drivers_injured, 0.0 drivers_killed, 0.0 passengers_injured, 0.0 passengers_killed, 0.0 pedestrian_injured, 0.0 pedestrian_killed, Fair (Day), EDSA A. Arnaiz Ave. Makati",MMDA Road Safety Unit,,0ac29184-707d-4e0f-a3c4-f1ffab47baf0,2016-09-08,06:30:00,EDSA Evangelista St.  Makati,0,0,0,0,0,0,0,0,0,0,2016-09-08 14:30,Property,14.54734176,121.0262804,Side Swipe
None,EDSA,None,None,"No Accident Factor, Multiple Collision, 0.0 drivers_injured, 0.0 drivers_killed, 0.0 passengers_injured, 0.0 passengers_killed, 0.0 pedestrian_injured, 0.0 pedestrian_killed, Fair (Night), EDSA Mc Kinley Road   Makati",MMDA Road Safety Unit,,a18315ab-0952-4f7c-8e7b-c7348f01cbfc,2016-09-07,10:50:00,EDSA Magallanes Interchange (SB) Makati,0,0,0,0,0,0,0,0,0,0,2016-09-07 18:50,Property,14.5501403,121.0294629,Multiple
None,EDSA,None,None,"No Accident Factor, Rear-end, 0.0 drivers_injured, 0.0 drivers_killed, 0.0 passengers_injured, 0.0 passengers_killed, 0.0 pedestrian_injured, 0.0 pedestrian_killed, Fair (Day), EDSA Mc Kinley Road Makati",MMDA Road Safety Unit,,b6e6bb8d-8185-486c-8fee-255efe20974f,2016-09-07,02:30:00,EDSA Magallanes Interchange (NB) Makati,0,0,0,0,0,0,0,0,0,0,2016-09-07 10:30,Property,14.5501403,121.0294629,Rear-End
None,EDSA,None,None,"No Accident Factor, Hit and Run (Rear-end), 0.0 drivers_injured, 0.0 drivers_killed, 1.0 passengers_injured, 0.0 passengers_killed, 0.0 pedestrian_injured, 0.0 pedestrian_killed, Fair (Night), EDSA Chino Roces Ave. Makati",MMDA Road Safety Unit,,da2f90b2-e203-4a61-bf5b-c1eab4f15195,2016-09-06,12:30:00,EDSA Buendia Ave.  Makati,0,0,0,0,1,0,0,0,0,1,2016-09-06 20:30,Injury,14.54117334,121.0183458,Rear-End
None,EDSA,None,None,"No Accident Factor, Rear-end, 0.0 drivers_injured, 0.0 drivers_killed, 0.0 passengers_injured, 0.0 passengers_killed, 0.0 pedestrian_injured, 0.0 pedestrian_killed, Fair (Night), EDSA Magallanes Ave. Makati",MMDA Road Safety Unit,,7dde8912-f978-4002-b0d3-e317aded4286,2016-09-05,15:00:00,EDSA Magallanes Interchange (SB) Makati,0,0,0,0,0,0,0,0,0,0,2016-09-05 23:00,Property,14.53924572,121.0142961,Rear-End
None,EDSA,None,None,"No Accident Factor, Side Swipe, 0.0 drivers_injured, 0.0 drivers_killed, 0.0 passengers_injured, 0.0 passengers_killed, 0.0 pedestrian_injured, 0.0 pedestrian_killed, Fair (Night), EDSA Chino Roces Ave.  Makati",MMDA Road Safety Unit,,e4f84efa-766a-4493-b355-78e27c18ea6c,2016-09-02,18:30:00,"EDSA Guadalupe East Cloverleaf, J. P. Rizal Ave.  Makati",0,0,0,0,0,0,0,0,0,0,2016-09-03 2:30,Property,14.54117334,121.0183458,Side Swipe
None,EDSA,None,None,"No Accident Factor, Side Swipe, 0.0 drivers_injured, 0.0 drivers_killed, 0.0 passengers_injured, 0.0 passengers_killed, 0.0 pedestrian_injured, 0.0 pedestrian_killed, Fair (Night), EDSA Mc Kinley Road Makati",MMDA Road Safety Unit,,b95262ae-d7dc-4ff2-b960-7e4e56dd9ace,2016-09-02,12:30:00,EDSA Guadalupe Bridge Makati,0,0,0,0,0,0,0,0,0,0,2016-09-02 20:30,Property,14.5501403,121.0294629,Side Swipe
None,EDSA,None,None,"No Accident Factor, Rear-end, 0.0 drivers_injured, 0.0 drivers_killed, 0.0 passengers_injured, 0.0 passengers_killed, 0.0 pedestrian_injured, 0.0 pedestrian_killed, Fair (Day), EDSA A. Arnaiz Ave.  Makati",MMDA Road Safety Unit,,d5febe29-8157-435b-95e5-b71777108947,2016-09-02,09:00:00,EDSA A. Arnaiz Ave. Makati,0,0,0,0,0,0,0,0,0,0,2016-09-02 17:00,Property,14.54742131,121.0262139,Rear-End
None,EDSA,None,None,"No Accident Factor, Side Swipe, 0.0 drivers_injured, 0.0 drivers_killed, 0.0 passengers_injured, 0.0 passengers_killed, 0.0 pedestrian_injured, 0.0 pedestrian_killed, Fair (Night), EDSA Ayala Ave.  Makati",MMDA Road Safety Unit,,9e39c6df-ec68-4388-880d-9517f67be521,2016-08-31,20:45:00,EDSA Ayala Ave.  Makati,0,0,0,0,0,0,0,0,0,0,2016-09-01 4:45,Property,14.5503157,121.0293627,Side Swipe
None,EDSA,None,None,"No Accident Factor, Rear-end, 0.0 drivers_injured, 0.0 drivers_killed, 0.0 passengers_injured, 0.0 passengers_killed, 0.0 pedestrian_injured, 0.0 pedestrian_killed, Fair (Day), EDSA Ayala Ave. Makati",MMDA Road Safety Unit,,aafd90e2-087e-47f6-9221-74c35cc92972,2016-08-31,08:30:00,EDSA Mc Kinley Road Makati,0,0,0,0,0,0,0,0,0,0,2016-08-31 16:30,Property,14.5503157,121.0293627,Rear-End
None,EDSA,None,None,"No Accident Factor, Hit and Run (Side Swipe), 0.0 drivers_injured, 0.0 drivers_killed, 0.0 passengers_injured, 0.0 passengers_killed, 0.0 pedestrian_injured, 0.0 pedestrian_killed, Fair (Day), EDSA Mc Kinley Road Makati",MMDA Road Safety Unit,,42b2193a-5264-4110-a5ee-e814174a4657,2016-08-31,01:00:00,EDSA Buendia Ave.  Makati,0,0,0,0,0,0,0,0,0,0,2016-08-31 9:00,Property,14.5501403,121.0294629,Side Swipe
None,EDSA,None,None,"No Accident Factor, Rear-end, 0.0 drivers_injured, 0.0 drivers_killed, 0.0 passengers_injured, 0.0 passengers_killed, 0.0 pedestrian_injured, 0.0 pedestrian_killed, Fair (Day), EDSA A. Arnaiz Ave. Makati",MMDA Road Safety Unit,,53505ae7-5f94-43ec-8cba-ab4397a3befe,2016-08-29,09:00:00,EDSA Magallanes Interchange (SB) Makati,0,0,0,0,0,0,0,0,0,0,2016-08-29 17:00,Property,14.54734176,121.0262804,Rear-End
None,EDSA,None,None,"No Accident Factor, Side Swipe, 0.0 drivers_injured, 0.0 drivers_killed, 0.0 passengers_injured, 0.0 passengers_killed, 0.0 pedestrian_injured, 0.0 pedestrian_killed, Fair (Night), EDSA After Guadalupe Loading Bay Makati",MMDA Road Safety Unit,,e9f5f739-e1a8-4a4d-b7b8-61b4bd52ff75,2016-08-27,10:30:00,EDSA kalayaan Ave. Makati,0,0,0,0,0,0,0,0,0,0,2016-08-27 18:30,Property,14.56466981,121.0447299,Side Swipe
None,EDSA,None,None,"No Accident Factor, Rear-end, 0.0 drivers_injured, 0.0 drivers_killed, 0.0 passengers_injured, 0.0 passengers_killed, 0.0 pedestrian_injured, 0.0 pedestrian_killed, Fair (Day), EDSA Magallanes Interchange (NB) Makati",MMDA Road Safety Unit,,313e257d-beb8-488c-943c-91801ada4307,2016-08-26,07:30:00,EDSA Ayala Makati,0,0,0,0,0,0,0,0,0,0,2016-08-26 15:30,Property,14.54679556,121.0248047,Rear-End
None,EDSA,None,None,"No Accident Factor, Rear-end, 0.0 drivers_injured, 0.0 drivers_killed, 0.0 passengers_injured, 0.0 passengers_killed, 0.0 pedestrian_injured, 0.0 pedestrian_killed, Fair (Day), EDSA Mc Kinley Road Makati",MMDA Road Safety Unit,,686dce28-115e-48d6-98fa-4658804e0da0,2016-08-26,00:00:00,EDSA Buendia Ave. Makati,0,0,0,0,0,0,0,0,0,0,2016-08-26 8:00,Property,14.5501403,121.0294629,Rear-End
None,EDSA,None,None,"No Accident Factor, Side Swipe, 0.0 drivers_injured, 0.0 drivers_killed, 0.0 passengers_injured, 0.0 passengers_killed, 0.0 pedestrian_injured, 0.0 pedestrian_killed, Fair (Night), EDSA South Superhighway Makati",MMDA Road Safety Unit,,71b5a6e6-32fb-4a13-836f-5b43bca558de,2016-08-25,14:30:00,EDSA J. P. Rizal Ave. Makati,0,0,0,0,0,0,0,0,0,0,2016-08-25 22:30,Property,14.54054957,121.016932,Side Swipe
None,EDSA,None,None,"No Accident Factor, Side Swipe, 0.0 drivers_injured, 0.0 drivers_killed, 0.0 passengers_injured, 0.0 passengers_killed, 0.0 pedestrian_injured, 0.0 pedestrian_killed, Fair (Night), EDSA Kalayaan Ave. Makati",MMDA Road Safety Unit,,131bb0e1-b0c1-421f-a35e-9d850b5f929f,2016-08-25,14:00:00,EDSA Pasay Road Makati,0,0,0,0,0,0,0,0,0,0,2016-08-25 22:00,Property,14.55767933,121.038147,Side Swipe
None,EDSA,None,None,"No Accident Factor, Rear-end, 0.0 drivers_injured, 0.0 drivers_killed, 0.0 passengers_injured, 0.0 passengers_killed, 0.0 pedestrian_injured, 0.0 pedestrian_killed, Fair (Night), EDSA Palm Drive Makati",MMDA Road Safety Unit,,c4a51560-71fe-4faa-850b-90505fb2ffff,2016-08-25,11:30:00,EDSA Magallanes Interchange Makati,0,0,0,0,0,0,0,0,0,0,2016-08-25 19:30,Property,14.54840479,121.0270209,Rear-End
None,EDSA,None,None,"No Accident Factor, Rear-end, 0.0 drivers_injured, 0.0 drivers_killed, 0.0 passengers_injured, 0.0 passengers_killed, 0.0 pedestrian_injured, 0.0 pedestrian_killed, Fair (Night), EDSA Mc Kinley Road Makati",MMDA Road Safety Unit,,62b69946-c5c1-454f-8bf2-e707be7f73bc,2016-08-25,11:00:00,EDSA Ayala Ave. Makati,0,0,0,0,0,0,0,0,0,0,2016-08-25 19:00,Property,14.5501403,121.0294629,Rear-End
None,EDSA,None,None,"No Accident Factor, Rear-end, 0.0 drivers_injured, 0.0 drivers_killed, 0.0 passengers_injured, 0.0 passengers_killed, 0.0 pedestrian_injured, 0.0 pedestrian_killed, Fair (Day), EDSA Kalayaan Ave. Makati",MMDA Road Safety Unit,,4dbb7ad3-d888-49a5-955f-647df675d667,2016-08-24,03:00:00,EDSA Estrella St.  Makati,0,0,0,0,0,0,0,0,0,0,2016-08-24 11:00,Property,14.55767933,121.038147,Rear-End
None,EDSA,None,None,"No Accident Factor, Rear-end, 0.0 drivers_injured, 0.0 drivers_killed, 0.0 passengers_injured, 0.0 passengers_killed, 0.0 pedestrian_injured, 0.0 pedestrian_killed, Fair (Day), EDSA Ayala Ave. Makati",MMDA Road Safety Unit,,bfdb3c13-6ce7-4417-b375-a7d59fc82907,2016-08-23,22:30:00,EDSA Ayala Ave. (WB) Makati,0,0,0,0,0,0,0,0,0,0,2016-08-24 6:30,Property,14.5503157,121.0293627,Rear-End
None,EDSA,None,None,"No Accident Factor, Rear-end, 0.0 drivers_injured, 0.0 drivers_killed, 0.0 passengers_injured, 0.0 passengers_killed, 0.0 pedestrian_injured, 0.0 pedestrian_killed, Fair (Day), EDSA South Superhighway (NB) Makati",MMDA Road Safety Unit,,88b61bd8-4699-4cdb-9859-706df3eae8bd,2016-08-23,07:15:00,EDSA Magallanes Interchange (NB) Makati,0,0,0,0,0,0,0,0,0,0,2016-08-23 15:15,Property,14.54054957,121.016932,Rear-End
None,EDSA,None,None,"No Accident Factor, Side Swipe, 0.0 drivers_injured, 0.0 drivers_killed, 0.0 passengers_injured, 0.0 passengers_killed, 0.0 pedestrian_injured, 0.0 pedestrian_killed, Fair (Night), EDSA Mc Kinley Road Makati",MMDA Road Safety Unit,,e1f53c52-e7c0-4d49-8a27-9cdd0310fc2e,2016-08-22,13:00:00,EDSA Magallanes Interchange (NB) Makati,0,0,0,0,0,0,0,0,0,0,2016-08-22 21:00,Property,14.5501403,121.0294629,Side Swipe
None,EDSA,None,None,"No Accident Factor, Rear-end, 0.0 drivers_injured, 0.0 drivers_killed, 0.0 passengers_injured, 0.0 passengers_killed, 0.0 pedestrian_injured, 0.0 pedestrian_killed, Fair (Day), EDSA South Superhighway (Magallanes Interchange) Makati",MMDA Road Safety Unit,,05ad11e0-bae6-426c-8319-4a4a6d0bac13,2016-08-22,07:00:00,EDSA Burgos St.  Makati,0,0,0,0,0,0,0,0,0,0,2016-08-22 15:00,Property,14.54054957,121.016932,Rear-End
None,EDSA,None,None,"No Accident Factor, Rear-end, 0.0 drivers_injured, 0.0 drivers_killed, 0.0 passengers_injured, 0.0 passengers_killed, 0.0 pedestrian_injured, 0.0 pedestrian_killed, Fair (Day), EDSA Ayala Ave. Makati",MMDA Road Safety Unit,,35362252-bb04-4789-a144-74a8f7844810,2016-08-18,09:30:00,EDSA  Ayala Ave. Makati,0,0,0,0,0,0,0,0,0,0,2016-08-18 17:30,Property,14.5503157,121.0293627,Rear-End
None,EDSA,None,None,"No Accident Factor, Side Swipe, 0.0 drivers_injured, 0.0 drivers_killed, 0.0 passengers_injured, 0.0 passengers_killed, 0.0 pedestrian_injured, 0.0 pedestrian_killed, Rain (Day), EDSA Magallanes Interchange (SB) Makati",MMDA Road Safety Unit,,c290c036-5490-4686-8d2f-11f3db81489f,2016-08-16,01:30:00,EDSA Magallanes Interchange (SB) Makati,0,0,0,0,0,0,0,0,0,0,2016-08-16 9:30,Property,14.54679556,121.0248047,Side Swipe
None,EDSA,None,None,"No Accident Factor, Side Swipe, 0.0 drivers_injured, 0.0 drivers_killed, 0.0 passengers_injured, 0.0 passengers_killed, 0.0 pedestrian_injured, 0.0 pedestrian_killed, Fair (Night), EDSA Kalayaan Ave. Makati",MMDA Road Safety Unit,,ee73320c-f72b-40c7-88a0-e5a3ed6e54cf,2016-08-15,12:50:00,EDSA Mc Kinley Road Makati,0,0,0,0,0,0,0,0,0,0,2016-08-15 20:50,Property,14.55767933,121.038147,Side Swipe
None,EDSA,None,None,"No Accident Factor, Side Swipe, 0.0 drivers_injured, 0.0 drivers_killed, 0.0 passengers_injured, 0.0 passengers_killed, 0.0 pedestrian_injured, 0.0 pedestrian_killed, Rain (Night), EDSA Buendia Ave.  Makati",MMDA Road Safety Unit,,c15456c5-d344-4a43-b3af-3c2e853fed26,2016-08-13,18:20:00,EDSA Kalayaan Ave. Makati,0,0,0,0,0,0,0,0,0,0,2016-08-14 2:20,Property,14.55517972,121.0349173,Side Swipe
None,EDSA,None,None,"No Accident Factor, No Collision Stated (based on Police Blotter Book), 0.0 drivers_injured, 0.0 drivers_killed, 0.0 passengers_injured, 0.0 passengers_killed, 0.0 pedestrian_injured, 0.0 pedestrian_killed, Fair (Night), EDSA Harvard St. Makati",MMDA Road Safety Unit,,bf24feed-8195-4b42-9243-93cde78b756e,2016-08-10,13:35:00,EDSA Buendia Ave. (Shell Gas Station) Makati,0,0,0,0,0,0,0,0,0,0,2016-08-10 21:35,Property,14.55920138,121.0400581,No Collision Stated
None,EDSA,None,None,"No Accident Factor, Rear-end, 0.0 drivers_injured, 0.0 drivers_killed, 2.0 passengers_injured, 0.0 passengers_killed, 0.0 pedestrian_injured, 0.0 pedestrian_killed, Fair (Night), EDSA Mckinley Road Makati",MMDA Road Safety Unit,,b390b72e-0ffb-44c5-b45f-2b2474f113b0,2016-08-08,10:30:00,EDSA Estrella St.  Makati,0,0,0,0,2,0,0,0,0,2,2016-08-08 18:30,Injury,14.55015688,121.0295286,Rear-End
None,EDSA,None,None,"No Accident Factor, Angle Impact, 0.0 drivers_injured, 0.0 drivers_killed, 0.0 passengers_injured, 0.0 passengers_killed, 0.0 pedestrian_injured, 0.0 pedestrian_killed, Fair (Day), EDSA Evangelista St.  Makati",MMDA Road Safety Unit,,f3ea985e-3c4f-4d2f-870c-0d4a9bf28712,2016-08-05,07:10:00,EDSA Ayala Ave.  Makati,0,0,0,0,0,0,0,0,0,0,2016-08-05 15:10,Property,14.53906878,121.012324,Angle Impact
None,EDSA,None,None,"No Accident Factor, Side Swipe, 0.0 drivers_injured, 0.0 drivers_killed, 0.0 passengers_injured, 0.0 passengers_killed, 0.0 pedestrian_injured, 0.0 pedestrian_killed, Fair (Night), EDSA Magallanes Interchange (SB) Makati",MMDA Road Safety Unit,,da0e68bc-189a-45e8-be5b-d8c1ae224866,2016-08-04,13:30:00,EDSA J. P. Rizal Ave. Makati,0,0,0,0,0,0,0,0,0,0,2016-08-04 21:30,Property,14.54679556,121.0248047,Side Swipe
None,EDSA,None,None,"No Accident Factor, Side Swipe, 0.0 drivers_injured, 0.0 drivers_killed, 0.0 passengers_injured, 0.0 passengers_killed, 0.0 pedestrian_injured, 0.0 pedestrian_killed, Fair (Day), EDSA Magallanes Interchange (NB) Makati",MMDA Road Safety Unit,,bac870d3-610e-404f-b780-5e62ce24f728,2016-08-04,03:30:00,EDSA Mc Kinley Road Makati,0,0,0,0,0,0,0,0,0,0,2016-08-04 11:30,Property,14.54679556,121.0248047,Side Swipe
None,EDSA,None,None,"No Accident Factor, No Collision Stated (based on Police Blotter Book), 0.0 drivers_injured, 0.0 drivers_killed, 0.0 passengers_injured, 0.0 passengers_killed, 0.0 pedestrian_injured, 0.0 pedestrian_killed, Fair (Day), EDSA Buendia Ave.  Makati",MMDA Road Safety Unit,,cd3addc4-e2ad-45ff-90da-2da211dfb1ae,2016-08-04,03:30:00,EDSA Estrella St.  Makati,0,0,0,0,0,0,0,0,0,0,2016-08-04 11:30,Property,14.55517972,121.0349173,No Collision Stated
None,EDSA,None,None,"No Accident Factor, Rear-end, 0.0 drivers_injured, 0.0 drivers_killed, 0.0 passengers_injured, 0.0 passengers_killed, 0.0 pedestrian_injured, 0.0 pedestrian_killed, Fair (Night), EDSA Magallanes Interchange (SB) Makati",MMDA Road Safety Unit,,5cbebc07-a30c-4652-b499-b11e5a001d67,2016-08-03,13:00:00,EDSA Estrella St. Makati,0,0,0,0,0,0,0,0,0,0,2016-08-03 21:00,Property,14.54679556,121.0248047,Rear-End
None,EDSA,None,None,"No Accident Factor, Rear-end, 0.0 drivers_injured, 0.0 drivers_killed, 0.0 passengers_injured, 0.0 passengers_killed, 0.0 pedestrian_injured, 0.0 pedestrian_killed, Fair (Night), EDSA Guadalupe East Cloverleaf, J. P. Rizal Ave.  Makati",MMDA Road Safety Unit,,eb8b5107-2d05-4043-882e-68428cd37929,2016-08-02,12:30:00,EDSA Ayala Ave.  Makati,0,0,0,0,0,0,0,0,0,0,2016-08-02 20:30,Property,14.56721487,121.0456283,Rear-End
None,EDSA,None,None,"No Accident Factor, Side Swipe, 0.0 drivers_injured, 0.0 drivers_killed, 0.0 passengers_injured, 0.0 passengers_killed, 0.0 pedestrian_injured, 0.0 pedestrian_killed, Fair (Day), EDSA Guadalupe Bridge Makati",MMDA Road Safety Unit,,2e148304-ed30-4324-8cbc-adf22d20ee61,2016-08-02,08:00:00,EDSA Ayala Ave. (NB) Makati,0,0,0,0,0,0,0,0,0,0,2016-08-02 16:00,Property,14.56846648,121.0458404,Side Swipe