LOCATION_TEXT,ROAD,WEATHER,LIGHT,DESC,REPORTING_AGENCY,MAIN_CAUSE,INCIDENTDETAILS_ID,DATE_UTC,TIME_UTC,ADDRESS,killed_driver,killed_passenger,killed_pedestrian,injured_driver,injured_passenger,injured_pedestrian,killed_uncategorized,injured_uncategorized,killed_total,injured_total,DATETIME_PST,SEVERITY,Y,X,COLLISION_TYPE
None,EDSA,None,None,"No Accident Factor, Other (Hit Veh.+ Hit Obj.), 0.0 drivers_injured, 0.0 drivers_killed, 0.0 passengers_injured, 0.0 passengers_killed, 0.0 pedestrian_injured, 0.0 pedestrian_killed, Fair (Night), EDSA A. Arnaiz Ave. Makati",MMDA Road Safety Unit,,a3f086ba-379d-4e15-9171-bbd5ed58e5ce,2016-07-31,12:00:00,EDSA Magallanes Interchange (NB) Makati,0,0,0,0,0,0,0,0,0,0,2016-07-31 20:00,Property,14.54734176,121.0262804,Hit Object
None,EDSA,None,None,"No Accident Factor, Side Swipe, 0.0 drivers_injured, 0.0 drivers_killed, 0.0 passengers_injured, 0.0 passengers_killed, 0.0 pedestrian_injured, 0.0 pedestrian_killed, Fair (Day), EDSA Ayala Ave.  Makati",MMDA Road Safety Unit,,c238b8e1-b4ba-4920-a096-3bd4e97ec87f,2016-07-30,05:45:00,EDSA Magallanes Interchange (NB) Makati,0,0,0,0,0,0,0,0,0,0,2016-07-30 13:45,Property,14.5503157,121.0293627,Side Swipe
None,EDSA,None,None,"No Accident Factor, Rear-end, 0.0 drivers_injured, 0.0 drivers_killed, 0.0 passengers_injured, 0.0 passengers_killed, 0.0 pedestrian_injured, 0.0 pedestrian_killed, Fair (Day), EDSA Mc Kinley Road Makati",MMDA Road Safety Unit,,bd66b407-f44f-49e9-bb44-0d2c4be40ebf,2016-07-30,05:45:00,EDSA  Guadalupe MRT Station Makati,0,0,0,0,0,0,0,0,0,0,2016-07-30 13:45,Property,14.5501403,121.0294629,Rear-End
None,EDSA,None,None,"No Accident Factor, Multiple Collision, 1.0 drivers_injured, 0.0 drivers_killed, 0.0 passengers_injured, 0.0 passengers_killed, 0.0 pedestrian_injured, 0.0 pedestrian_killed, Fair (Night), EDSA Buendia Ave.  Makati",MMDA Road Safety Unit,,7fe1d5e9-081f-4569-b3ad-bd8e478c0d8b,2016-07-29,13:35:00,EDSA Danlig St. Makati,0,0,0,1,0,0,0,0,0,1,2016-07-29 21:35,Injury,14.55517972,121.0349173,Multiple
None,EDSA,None,None,"No Accident Factor, Rear-end, 0.0 drivers_injured, 0.0 drivers_killed, 0.0 passengers_injured, 0.0 passengers_killed, 0.0 pedestrian_injured, 0.0 pedestrian_killed, Fair (Day), EDSA Magallanes Interchange (SB) Makati",MMDA Road Safety Unit,,210cabd6-b824-4c3f-8faf-c0b858c343b5,2016-07-29,06:30:00,EDSA  Ayala Ave. (WB) Makati,0,0,0,0,0,0,0,0,0,0,2016-07-29 14:30,Property,14.54679556,121.0248047,Rear-End
None,EDSA,None,None,"No Accident Factor, Side Swipe, 0.0 drivers_injured, 0.0 drivers_killed, 0.0 passengers_injured, 0.0 passengers_killed, 0.0 pedestrian_injured, 0.0 pedestrian_killed, Fair (Night), EDSA kalayaan Ave. Makati",MMDA Road Safety Unit,,b8f27fa4-3077-4cc2-a6bb-06d547e3a3f7,2016-07-27,11:00:00,EDSA Palm Drive Makati,0,0,0,0,0,0,0,0,0,0,2016-07-27 19:00,Property,14.55767933,121.038147,Side Swipe
None,EDSA,None,None,"No Accident Factor, Side Swipe, 0.0 drivers_injured, 0.0 drivers_killed, 0.0 passengers_injured, 0.0 passengers_killed, 0.0 pedestrian_injured, 0.0 pedestrian_killed, Fair (Day), EDSA Ayala Makati",MMDA Road Safety Unit,,e531ba25-67ff-4f38-950b-4ce378a32cbb,2016-07-27,06:50:00,EDSA East Cloverleaf Makati,0,0,0,0,0,0,0,0,0,0,2016-07-27 14:50,Property,14.54913499,121.0280408,Side Swipe
None,EDSA,None,None,"No Accident Factor, Rear-end, 0.0 drivers_injured, 0.0 drivers_killed, 0.0 passengers_injured, 0.0 passengers_killed, 0.0 pedestrian_injured, 0.0 pedestrian_killed, Fair (Day), EDSA Buendia Ave. Makati",MMDA Road Safety Unit,,81c4aac1-a296-45ce-9f21-c9b142d8a974,2016-07-27,01:00:00,EDSA After Ayala Emergency Bay Makati,0,0,0,0,0,0,0,0,0,0,2016-07-27 9:00,Property,14.55516134,121.0349756,Rear-End
None,EDSA,None,None,"No Accident Factor, Side Swipe, 0.0 drivers_injured, 0.0 drivers_killed, 0.0 passengers_injured, 0.0 passengers_killed, 0.0 pedestrian_injured, 0.0 pedestrian_killed, Fair (Day), EDSA J. P. Rizal Ave. Makati",MMDA Road Safety Unit,,ce625beb-0135-4577-9001-88a7400bd506,2016-07-26,07:00:00,EDSA Magallanes Interchange (SB) Makati,0,0,0,0,0,0,0,0,0,0,2016-07-26 15:00,Property,14.56800921,121.0459132,Side Swipe
None,EDSA,None,None,"No Accident Factor, Side Swipe, 0.0 drivers_injured, 0.0 drivers_killed, 0.0 passengers_injured, 0.0 passengers_killed, 0.0 pedestrian_injured, 0.0 pedestrian_killed, Fair (Day), EDSA Pasay Road Makati",MMDA Road Safety Unit,,7e2ca22e-be7e-4dda-b9af-6a8b4b7c16a1,2016-07-26,02:05:00,EDSA Magallanes Interchange Makati,0,0,0,0,0,0,0,0,0,0,2016-07-26 10:05,Property,14.54758327,121.025974,Side Swipe
None,EDSA,None,None,"No Accident Factor, Side Swipe, 0.0 drivers_injured, 0.0 drivers_killed, 0.0 passengers_injured, 0.0 passengers_killed, 0.0 pedestrian_injured, 0.0 pedestrian_killed, Fair (Day), EDSA Magallanes Interchange Makati",MMDA Road Safety Unit,,303fd3d8-569e-4867-8cae-513e194ad980,2016-07-24,03:00:00,EDSA Ayala Ave. Makati,0,0,0,0,0,0,0,0,0,0,2016-07-24 11:00,Property,14.54679556,121.0248047,Side Swipe
None,EDSA,None,None,"No Accident Factor, Rear-end, 0.0 drivers_injured, 0.0 drivers_killed, 0.0 passengers_injured, 0.0 passengers_killed, 0.0 pedestrian_injured, 0.0 pedestrian_killed, Fair (Night), EDSA Ayala Ave. Makati",MMDA Road Safety Unit,,3af9b886-b5cc-4fdb-be07-533e5fb19aa1,2016-07-22,16:25:00,EDSA Kalayaan Makati,0,0,0,0,0,0,0,0,0,0,2016-07-23 0:25,Property,14.5503157,121.0293627,Rear-End
None,EDSA,None,None,"No Accident Factor, Rear-end, 0.0 drivers_injured, 0.0 drivers_killed, 1.0 passengers_injured, 0.0 passengers_killed, 0.0 pedestrian_injured, 0.0 pedestrian_killed, Fair (Day), EDSA Estrella St.  Makati",MMDA Road Safety Unit,,6f9cccf2-7949-45f9-a47f-d23f6fa4d68b,2016-07-22,06:30:00,EDSA P. Burgos St. Makati,0,0,0,0,1,0,0,0,0,1,2016-07-22 14:30,Injury,14.56004326,121.0411034,Rear-End
None,EDSA,None,None,"Other, No Collision Stated (based on Police Blotter Book), 0.0 drivers_injured, 0.0 drivers_killed, 0.0 passengers_injured, 0.0 passengers_killed, 0.0 pedestrian_injured, 0.0 pedestrian_killed, Fair (Day), EDSA Ayala Ave. (WB) Makati",MMDA Road Safety Unit,,720cf57b-2f1a-4bf4-b28e-59dc631dc7fd,2016-07-21,23:35:00,EDSA Magallanes Interchange Makati,0,0,0,0,0,0,0,0,0,0,2016-07-22 7:35,Property,14.5503157,121.0293627,No Collision Stated
None,EDSA,None,None,"No Accident Factor, Rear-end, 0.0 drivers_injured, 0.0 drivers_killed, 0.0 passengers_injured, 0.0 passengers_killed, 0.0 pedestrian_injured, 0.0 pedestrian_killed, Fair (Night), EDSA Magallanes Interchange (NB) Makati",MMDA Road Safety Unit,,612e4c91-645d-4fad-886c-7e9a2424c01e,2016-07-21,18:00:00,EDSA Mc Kinley Road (Forbes Park) Makati,0,0,0,0,0,0,0,0,0,0,2016-07-22 2:00,Property,14.54679556,121.0248047,Rear-End
None,EDSA,None,None,"No Accident Factor, Side Swipe, 0.0 drivers_injured, 0.0 drivers_killed, 0.0 passengers_injured, 0.0 passengers_killed, 0.0 pedestrian_injured, 0.0 pedestrian_killed, Fair (Night), EDSA Magallanes Interchange (NB) Makati",MMDA Road Safety Unit,,d35ad2c1-6c31-4ad2-858e-9365fa5f28cb,2016-07-21,12:25:00,EDSA Guadalupe Bridge (NB) Makati,0,0,0,0,0,0,0,0,0,0,2016-07-21 20:25,Property,14.54679556,121.0248047,Side Swipe
None,EDSA,None,None,"No Accident Factor, Side Swipe, 0.0 drivers_injured, 0.0 drivers_killed, 0.0 passengers_injured, 0.0 passengers_killed, 0.0 pedestrian_injured, 0.0 pedestrian_killed, Fair (Night), EDSA Burgos St.  Makati",MMDA Road Safety Unit,,1f5ebfc9-b6e5-42bb-84eb-6c2e8400f7ea,2016-07-20,15:30:00,EDSA Ayala Ave. (EB) Makati,0,0,0,0,0,0,0,0,0,0,2016-07-20 23:30,Property,14.56551037,121.0452084,Side Swipe
None,EDSA,None,None,"No Accident Factor, Rear-end, 0.0 drivers_injured, 0.0 drivers_killed, 0.0 passengers_injured, 0.0 passengers_killed, 0.0 pedestrian_injured, 0.0 pedestrian_killed, Fair (Day), EDSA  Ayala Ave. Makati",MMDA Road Safety Unit,,8127cfc5-a109-4d33-9d2c-216a0d242f2b,2016-07-19,00:55:00,EDSA Ayala Ave. Makati,0,0,0,0,0,0,0,0,0,0,2016-07-19 8:55,Property,14.55041654,121.0294372,Rear-End
None,EDSA,None,None,"No Accident Factor, Side Swipe, 0.0 drivers_injured, 0.0 drivers_killed, 0.0 passengers_injured, 0.0 passengers_killed, 0.0 pedestrian_injured, 0.0 pedestrian_killed, Fair (Night), EDSA Magallanes Interchange (SB) Makati",MMDA Road Safety Unit,,10f9ee3a-f611-4f84-87ad-e480a1c2b4c2,2016-07-18,15:30:00,EDSA Magallanes Interchange  Makati,0,0,0,0,0,0,0,0,0,0,2016-07-18 23:30,Property,14.54679556,121.0248047,Side Swipe
None,EDSA,None,None,"No Accident Factor, Side Swipe, 0.0 drivers_injured, 0.0 drivers_killed, 0.0 passengers_injured, 0.0 passengers_killed, 0.0 pedestrian_injured, 0.0 pedestrian_killed, Fair (Night), EDSA Mc Kinley Road Makati",MMDA Road Safety Unit,,753d1f68-d48d-4df4-8c63-a5e8750fbe57,2016-07-18,12:30:00,EDSA Magallanes Interchange  Makati,0,0,0,0,0,0,0,0,0,0,2016-07-18 20:30,Property,14.5501403,121.0294629,Side Swipe
None,EDSA,None,None,"No Accident Factor, Rear-end, 0.0 drivers_injured, 0.0 drivers_killed, 0.0 passengers_injured, 0.0 passengers_killed, 0.0 pedestrian_injured, 0.0 pedestrian_killed, Fair (Night), EDSA Kalayaan Ave. Makati",MMDA Road Safety Unit,,3d227be5-0208-4d86-b252-35fb0de179cd,2016-07-18,10:45:00,EDSA Magallanes Interchange (NB) Makati,0,0,0,0,0,0,0,0,0,0,2016-07-18 18:45,Property,14.55767933,121.038147,Rear-End
None,EDSA,None,None,"No Accident Factor, Hit and Run (Side Swipe), 0.0 drivers_injured, 0.0 drivers_killed, 0.0 passengers_injured, 0.0 passengers_killed, 0.0 pedestrian_injured, 0.0 pedestrian_killed, Fair (Day), EDSA Buendia Ave. (Shell Gas Station) Makati",MMDA Road Safety Unit,,2025cdc4-715f-416f-b648-4cb0fc789a7c,2016-07-15,06:50:00,EDSA Guadalupe East Cloverleaf (NB) Makati,0,0,0,0,0,0,0,0,0,0,2016-07-15 14:50,Property,14.55536983,121.0350899,Side Swipe
None,EDSA,None,None,"No Accident Factor, No Collision Stated (based on Police Blotter Book), 0.0 drivers_injured, 0.0 drivers_killed, 0.0 passengers_injured, 0.0 passengers_killed, 0.0 pedestrian_injured, 0.0 pedestrian_killed, Fair (Day), EDSA Estrella St.  Makati",MMDA Road Safety Unit,,89a07c96-c962-4166-971e-85f5679904d0,2016-07-15,06:00:00,"EDSA Phoenix Gas Station, Guadalupe Makati",0,0,0,0,0,0,0,0,0,0,2016-07-15 14:00,Property,14.56004326,121.0411034,No Collision Stated
None,EDSA,None,None,"No Accident Factor, Rear-end, 1.0 drivers_injured, 0.0 drivers_killed, 0.0 passengers_injured, 0.0 passengers_killed, 0.0 pedestrian_injured, 0.0 pedestrian_killed, Fair (Day), EDSA Ayala Ave.  Makati",MMDA Road Safety Unit,,3b2b7684-c239-49ed-94c0-25ee3fbe7af5,2016-07-13,08:40:00,EDSA Buendia MRT Station Makati,0,0,0,1,0,0,0,0,0,1,2016-07-13 16:40,Injury,14.5503157,121.0293627,Rear-End
None,EDSA,None,None,"No Accident Factor, Side Swipe, 0.0 drivers_injured, 0.0 drivers_killed, 0.0 passengers_injured, 0.0 passengers_killed, 0.0 pedestrian_injured, 0.0 pedestrian_killed, Fair (Night), EDSA J. P. Rizal Ave. Makati",MMDA Road Safety Unit,,e6fca552-504a-4a55-897f-83d626e7cc84,2016-07-11,14:30:00,EDSA Buendia (NB) Makati,0,0,0,0,0,0,0,0,0,0,2016-07-11 22:30,Property,14.56800921,121.0459132,Side Swipe
None,EDSA,None,None,"No Accident Factor, Side Swipe, 0.0 drivers_injured, 0.0 drivers_killed, 0.0 passengers_injured, 0.0 passengers_killed, 0.0 pedestrian_injured, 0.0 pedestrian_killed, Fair (Night), EDSA Mc Kinley Road Makati",MMDA Road Safety Unit,,727213af-d576-424e-99f3-73cf3e4d1876,2016-07-11,10:00:00,EDSA Ayala Ave. Makati,0,0,0,0,0,0,0,0,0,0,2016-07-11 18:00,Property,14.5501403,121.0294629,Side Swipe
None,EDSA,None,None,"No Accident Factor, Side Swipe, 0.0 drivers_injured, 0.0 drivers_killed, 0.0 passengers_injured, 0.0 passengers_killed, 0.0 pedestrian_injured, 0.0 pedestrian_killed, Fair (Day), EDSA Estrella St.  Makati",MMDA Road Safety Unit,,2e105e85-fab5-40e2-9e88-3c7e137a3e27,2016-07-11,01:55:00,EDSA Kalayaan (SB) Makati,0,0,0,0,0,0,0,0,0,0,2016-07-11 9:55,Property,14.56004326,121.0411034,Side Swipe
None,EDSA,None,None,"No Accident Factor, Angle Impact, 0.0 drivers_injured, 0.0 drivers_killed, 0.0 passengers_injured, 0.0 passengers_killed, 0.0 pedestrian_injured, 0.0 pedestrian_killed, Fair (Day), EDSA Estrella St. Makati",MMDA Road Safety Unit,,5ffdb89f-877e-4689-bb35-cfb4d5c161f1,2016-07-10,05:30:00,EDSA Magallanes (SB) Makati,0,0,0,0,0,0,0,0,0,0,2016-07-10 13:30,Property,14.56004326,121.0411034,Angle Impact
None,EDSA,None,None,"No Accident Factor, Rear-end, 0.0 drivers_injured, 0.0 drivers_killed, 0.0 passengers_injured, 0.0 passengers_killed, 0.0 pedestrian_injured, 0.0 pedestrian_killed, Fair (Day), EDSA Ayala Ave.  Makati",MMDA Road Safety Unit,,fc54b0f3-bf51-4d5d-8edf-b74876693bc6,2016-07-09,03:45:00,EDSA Buendia (NB) Makati,0,0,0,0,0,0,0,0,0,0,2016-07-09 11:45,Property,14.5503157,121.0293627,Rear-End
None,EDSA,None,None,"No Accident Factor, Rear-end, 0.0 drivers_injured, 0.0 drivers_killed, 0.0 passengers_injured, 0.0 passengers_killed, 0.0 pedestrian_injured, 0.0 pedestrian_killed, Fair (Day), EDSA Ayala Ave. (NB) Makati",MMDA Road Safety Unit,,f68c14f0-83e8-4b35-9f02-58f0ff7ce59d,2016-07-08,22:50:00,EDSA A. Arnaiz Ave. Makati,0,0,0,0,0,0,0,0,0,0,2016-07-09 6:50,Property,14.5503157,121.0293627,Rear-End
None,EDSA,None,None,"No Accident Factor, Rear-end, 0.0 drivers_injured, 0.0 drivers_killed, 0.0 passengers_injured, 0.0 passengers_killed, 0.0 pedestrian_injured, 0.0 pedestrian_killed, Fair (Day), EDSA Magallanes Interchange (NB) Makati",MMDA Road Safety Unit,,56ecf322-814e-402d-8259-16e546427cff,2016-07-07,09:55:00,EDSA Guadalupe (NB) Makati,0,0,0,0,0,0,0,0,0,0,2016-07-07 17:55,Property,14.54679556,121.0248047,Rear-End
None,EDSA,None,None,"No Accident Factor, Multiple Collision, 0.0 drivers_injured, 0.0 drivers_killed, 0.0 passengers_injured, 0.0 passengers_killed, 0.0 pedestrian_injured, 0.0 pedestrian_killed, Fair (Day), EDSA Magallanes Interchange (NB) Makati",MMDA Road Safety Unit,,97f29971-6133-41d0-a471-baaed6833942,2016-07-06,04:55:00,EDSA Magallanes (NB) Makati,0,0,0,0,0,0,0,0,0,0,2016-07-06 12:55,Property,14.54679556,121.0248047,Multiple
None,EDSA,None,None,"No Accident Factor, Rear-end, 0.0 drivers_injured, 0.0 drivers_killed, 0.0 passengers_injured, 0.0 passengers_killed, 0.0 pedestrian_injured, 0.0 pedestrian_killed, Fair (Night), EDSA  Guadalupe MRT Station Makati",MMDA Road Safety Unit,,787ff3b2-a5cd-4a7e-972b-9a281667b0af,2016-07-05,14:45:00,EDSA Kalayaan (NB) Makati,0,0,0,0,0,0,0,0,0,0,2016-07-05 22:45,Property,14.5669049,121.0455252,Rear-End
None,EDSA,None,None,"No Accident Factor, Hit and Run (Side Swipe), 0.0 drivers_injured, 0.0 drivers_killed, 0.0 passengers_injured, 0.0 passengers_killed, 0.0 pedestrian_injured, 0.0 pedestrian_killed, Fair (Day), EDSA Danlig St. Makati",MMDA Road Safety Unit,,5a587748-b048-4ab6-b33f-d11ab4ddbd07,2016-07-05,04:00:00,EDSA Estrella St. Makati,0,0,0,0,0,0,0,0,0,0,2016-07-05 12:00,Property,14.55849878,121.0392461,Side Swipe
None,EDSA,None,None,"No Accident Factor, Rear-end, 0.0 drivers_injured, 0.0 drivers_killed, 0.0 passengers_injured, 0.0 passengers_killed, 0.0 pedestrian_injured, 0.0 pedestrian_killed, Fair (Day), EDSA  Ayala Ave. (WB) Makati",MMDA Road Safety Unit,,0e14398f-3a6b-4d1f-a0a4-4c5c072aa625,2016-07-05,02:55:00,EDSA Ayala (NB) Makati,0,0,0,0,0,0,0,0,0,0,2016-07-05 10:55,Property,14.55041654,121.0294372,Rear-End
None,EDSA,None,None,"No Accident Factor, Rear-end, 0.0 drivers_injured, 0.0 drivers_killed, 0.0 passengers_injured, 0.0 passengers_killed, 0.0 pedestrian_injured, 0.0 pedestrian_killed, Fair (Night), EDSA Palm Drive Makati",MMDA Road Safety Unit,,2c24cd72-930c-4b6a-9e35-616db67d719c,2016-07-04,11:30:00,EDSA Don Chino Roces Ave. Makati,0,0,0,0,0,0,0,0,0,0,2016-07-04 19:30,Property,14.54840479,121.0270209,Rear-End
None,EDSA,None,None,"No Accident Factor, Angle Impact, 0.0 drivers_injured, 0.0 drivers_killed, 0.0 passengers_injured, 0.0 passengers_killed, 0.0 pedestrian_injured, 0.0 pedestrian_killed, Fair (Night), EDSA East Cloverleaf Makati",MMDA Road Safety Unit,,0f693a6f-b867-49cc-a00a-80f189873f1b,2016-07-04,11:30:00,EDSA before Guadalupe Bridge (SB) Makati,0,0,0,0,0,0,0,0,0,0,2016-07-04 19:30,Property,14.5668982,121.0455818,Angle Impact
None,EDSA,None,None,"No Accident Factor, Rear-end, 0.0 drivers_injured, 0.0 drivers_killed, 0.0 passengers_injured, 0.0 passengers_killed, 0.0 pedestrian_injured, 0.0 pedestrian_killed, Fair (Night), EDSA After Ayala Emergency Bay Makati",MMDA Road Safety Unit,,6259314e-c1e9-4c64-b899-7787f7604a16,2016-07-04,11:15:00,EDSA Magallanes (NB) Makati,0,0,0,0,0,0,0,0,0,0,2016-07-04 19:15,Property,14.55004169,121.0291677,Rear-End
None,EDSA,None,None,"No Accident Factor, Rear-end, 0.0 drivers_injured, 0.0 drivers_killed, 0.0 passengers_injured, 0.0 passengers_killed, 0.0 pedestrian_injured, 0.0 pedestrian_killed, Fair (Day), EDSA Magallanes Interchange (SB) Makati",MMDA Road Safety Unit,,34a0154f-ebda-4782-aefc-8efd5eb8f55b,2016-07-03,08:45:00,EDSA Guadalupe (SB) Makati,0,0,0,0,0,0,0,0,0,0,2016-07-03 16:45,Property,14.54679556,121.0248047,Rear-End
None,EDSA,None,None,"No Accident Factor, Side Swipe, 0.0 drivers_injured, 0.0 drivers_killed, 0.0 passengers_injured, 0.0 passengers_killed, 0.0 pedestrian_injured, 0.0 pedestrian_killed, Fair (Day), EDSA Magallanes Interchange Makati",MMDA Road Safety Unit,,986563a2-e1c0-42a7-960d-dc21219c47fb,2016-07-01,16:55:00,EDSA Guadalupe (NB) Makati,0,0,0,0,0,0,0,0,0,0,2016-07-02 0:55,Property,14.54679556,121.0248047,Side Swipe
None,EDSA,None,None,"No Accident Factor, Side Swipe, 0.0 drivers_injured, 0.0 drivers_killed, 0.0 passengers_injured, 0.0 passengers_killed, 0.0 pedestrian_injured, 0.0 pedestrian_killed, Fair (Day), EDSA Ayala Ave. Makati",MMDA Road Safety Unit,,a8f99940-0e4c-4f9a-b4bb-50d9e065df03,2016-07-01,08:30:00,EDSA Kalayaan Ave. Makati,0,0,0,0,0,0,0,0,0,0,2016-07-01 16:30,Property,14.5503157,121.0293627,Side Swipe
None,EDSA,None,None,"No Accident Factor, Side Swipe, 0.0 drivers_injured, 0.0 drivers_killed, 0.0 passengers_injured, 0.0 passengers_killed, 0.0 pedestrian_injured, 0.0 pedestrian_killed, Fair (Day), EDSA Kalayaan Makati",MMDA Road Safety Unit,,672f7dd9-2d6a-4a7c-9b26-f4bc4747b19d,2016-07-01,04:15:00,EDSA Magallanes Interchange (SB) Makati,0,0,0,0,0,0,0,0,0,0,2016-07-01 12:15,Property,14.55756121,121.0378941,Side Swipe
None,EDSA,None,None,"No Accident Factor, Side Swipe, 0.0 drivers_injured, 0.0 drivers_killed, 0.0 passengers_injured, 0.0 passengers_killed, 0.0 pedestrian_injured, 0.0 pedestrian_killed, Fair (Day), EDSA P. Burgos St. Makati",MMDA Road Safety Unit,,c8beb988-87d7-48ab-9e7c-a05b0d20a837,2016-07-01,01:30:00,EDSA Chino Roces Ave. Exit Makati,0,0,0,0,0,0,0,0,0,0,2016-07-01 9:30,Property,14.5655887,121.0452425,Side Swipe
None,EDSA,None,None,"No Accident Factor, Hit and Run (Side Swipe), 0.0 drivers_injured, 0.0 drivers_killed, 0.0 passengers_injured, 0.0 passengers_killed, 0.0 pedestrian_injured, 0.0 pedestrian_killed, Fair (Day), EDSA Magallanes Interchange Makati",MMDA Road Safety Unit,,d4823d2c-7000-4622-8d4e-8e599715784f,2016-06-30,20:05:00,EDSA Ayala (NB) Makati,0,0,0,0,0,0,0,0,0,0,2016-07-01 4:05,Property,14.54679556,121.0248047,Side Swipe
None,EDSA,None,None,"No Accident Factor, Angle Impact, 0.0 drivers_injured, 0.0 drivers_killed, 0.0 passengers_injured, 0.0 passengers_killed, 0.0 pedestrian_injured, 0.0 pedestrian_killed, Fair (Day), EDSA Mc Kinley Road (Forbes Park) Makati",MMDA Road Safety Unit,,9bee7a20-da31-4b1a-b518-f1285c855cad,2016-06-30,03:45:00,EDSA Buendia (SB) Makati,0,0,0,0,0,0,0,0,0,0,2016-06-30 11:45,Property,14.5501403,121.0294629,Angle Impact
None,EDSA,None,None,"No Accident Factor, Rear-end, 0.0 drivers_injured, 0.0 drivers_killed, 0.0 passengers_injured, 0.0 passengers_killed, 0.0 pedestrian_injured, 0.0 pedestrian_killed, Fair (Day), EDSA Guadalupe Bridge (NB) Makati",MMDA Road Safety Unit,,c5ce30f9-cb63-4036-8d5a-469b41cc78f9,2016-06-30,02:50:00,EDSA Guadalupe Mrt (NB) Makati,0,0,0,0,0,0,0,0,0,0,2016-06-30 10:50,Property,14.56846648,121.0458404,Rear-End
None,EDSA,None,None,"No Accident Factor, Rear-end, 0.0 drivers_injured, 0.0 drivers_killed, 0.0 passengers_injured, 0.0 passengers_killed, 0.0 pedestrian_injured, 0.0 pedestrian_killed, Fair (Day), EDSA Ayala Ave. (EB) Makati",MMDA Road Safety Unit,,183c6496-e7a9-47bc-a2cb-912715a6e83b,2016-06-30,02:45:00,EDSA Magallanes Interchange Makati,0,0,0,0,0,0,0,0,0,0,2016-06-30 10:45,Property,14.5503157,121.0293627,Rear-End
None,EDSA,None,None,"No Accident Factor, Rear-end, 0.0 drivers_injured, 0.0 drivers_killed, 0.0 passengers_injured, 0.0 passengers_killed, 0.0 pedestrian_injured, 0.0 pedestrian_killed, Fair (Day), EDSA Ayala Ave. Makati",MMDA Road Safety Unit,,f732ad19-b406-46da-ba2c-f621dcf41480,2016-06-30,02:45:00,EDSA Ayala Ave. Makati,0,0,0,0,0,0,0,0,0,0,2016-06-30 10:45,Property,14.5503157,121.0293627,Rear-End
None,EDSA,None,None,"No Accident Factor, Hit and Run (Side Swipe), 0.0 drivers_injured, 0.0 drivers_killed, 0.0 passengers_injured, 0.0 passengers_killed, 0.0 pedestrian_injured, 0.0 pedestrian_killed, Fair (Day), EDSA Magallanes Interchange  Makati",MMDA Road Safety Unit,,922b542f-0d8f-4b89-b0f1-58fb64ee7b65,2016-06-30,00:50:00,EDSA Kalayaan Ave. (SB) Makati,0,0,0,0,0,0,0,0,0,0,2016-06-30 8:50,Property,14.54679556,121.0248047,Side Swipe
None,EDSA,None,None,"No Accident Factor, Rear-end, 0.0 drivers_injured, 0.0 drivers_killed, 0.0 passengers_injured, 0.0 passengers_killed, 0.0 pedestrian_injured, 0.0 pedestrian_killed, Fair (Night), EDSA Magallanes Interchange  Makati",MMDA Road Safety Unit,,bd066a5c-127a-4689-b8f6-9b65d52ed222,2016-06-29,13:30:00,EDSA Ayala Makati,0,0,0,0,0,0,0,0,0,0,2016-06-29 21:30,Property,14.54679556,121.0248047,Rear-End
None,EDSA,None,None,"No Accident Factor, No Collision Stated (based on Police Blotter Book), 0.0 drivers_injured, 0.0 drivers_killed, 0.0 passengers_injured, 0.0 passengers_killed, 0.0 pedestrian_injured, 0.0 pedestrian_killed, Fair (Day), EDSA Magallanes Interchange (NB) Makati",MMDA Road Safety Unit,,23a2df9a-13db-4470-9fb0-eb9577398ab3,2016-06-29,05:30:00,EDSA Chino Roces Ave. Makati,0,0,0,0,0,0,0,0,0,0,2016-06-29 13:30,Property,14.54679556,121.0248047,No Collision Stated
None,EDSA,None,None,"No Accident Factor, Side Swipe, 0.0 drivers_injured, 0.0 drivers_killed, 0.0 passengers_injured, 0.0 passengers_killed, 0.0 pedestrian_injured, 0.0 pedestrian_killed, Fair (Day), EDSA Guadalupe East Cloverleaf (NB) Makati",MMDA Road Safety Unit,,339cc517-991a-4474-903d-e0276316a598,2016-06-28,09:15:00,EDSA Magallanes Interchange (SB) Makati,0,0,0,0,0,0,0,0,0,0,2016-06-28 17:15,Property,14.56721487,121.0456283,Side Swipe
None,EDSA,None,None,"No Accident Factor, Side Swipe, 0.0 drivers_injured, 0.0 drivers_killed, 0.0 passengers_injured, 0.0 passengers_killed, 0.0 pedestrian_injured, 0.0 pedestrian_killed, Fair (Day), EDSA Phoenix Gas Station, Guadalupe Makati",MMDA Road Safety Unit,,ca386b6a-a3d8-4ade-8edd-2f01bfbc39b0,2016-06-28,09:00:00,EDSA West Cloverleaf Makati,0,0,0,0,0,0,0,0,0,0,2016-06-28 17:00,Property,14.5633726,121.0442458,Side Swipe
None,EDSA,None,None,"No Accident Factor, Rear-end, 0.0 drivers_injured, 0.0 drivers_killed, 0.0 passengers_injured, 0.0 passengers_killed, 0.0 pedestrian_injured, 0.0 pedestrian_killed, Fair (Day), EDSA Buendia MRT Station Makati",MMDA Road Safety Unit,,a90f3e51-b6a9-4041-9dbd-e83731b94360,2016-06-28,01:05:00,EDSA Ayala Ave. Makati,0,0,0,0,0,0,0,0,0,0,2016-06-28 9:05,Property,14.55404034,121.0340364,Rear-End
None,EDSA,None,None,"No Accident Factor, Side Swipe, 0.0 drivers_injured, 0.0 drivers_killed, 0.0 passengers_injured, 0.0 passengers_killed, 0.0 pedestrian_injured, 0.0 pedestrian_killed, Fair (Night), EDSA Buendia (NB) Makati",MMDA Road Safety Unit,,f975af93-bcea-400e-9be3-96f8c8b45c63,2016-06-27,11:15:00,EDSA Ayala Ave. Makati,0,0,0,0,0,0,0,0,0,0,2016-06-27 19:15,Property,14.5549709,121.0347642,Side Swipe