LOCATION_TEXT,ROAD,WEATHER,LIGHT,DESC,REPORTING_AGENCY,MAIN_CAUSE,INCIDENTDETAILS_ID,DATE_UTC,TIME_UTC,ADDRESS,killed_driver,killed_passenger,killed_pedestrian,injured_driver,injured_passenger,injured_pedestrian,killed_uncategorized,injured_uncategorized,killed_total,injured_total,DATETIME_PST,SEVERITY,Y,X,COLLISION_TYPE
None,EDSA,None,None,"No Accident Factor, Side Swipe, 0.0 drivers_injured, 0.0 drivers_killed, 0.0 passengers_injured, 0.0 passengers_killed, 0.0 pedestrian_injured, 0.0 pedestrian_killed, Fair (Day), EDSA Ayala Ave. Makati",MMDA Road Safety Unit,,a7e99451-c35e-4c6c-85cc-f59a42b3f762,2016-06-27,01:45:00,EDSA Harvard St. Makati,0,0,0,0,0,0,0,0,0,0,2016-06-27 9:45,Property,14.5503157,121.0293627,Side Swipe
None,EDSA,None,None,"No Accident Factor, Side Swipe, 0.0 drivers_injured, 0.0 drivers_killed, 0.0 passengers_injured, 0.0 passengers_killed, 0.0 pedestrian_injured, 0.0 pedestrian_killed, Fair (Day), EDSA Kalayaan (SB) Makati",MMDA Road Safety Unit,,9ba39a81-9d7b-4030-91ad-221f7fc3d064,2016-06-26,07:45:00,EDSA Estrella Loading Bay Makati,0,0,0,0,0,0,0,0,0,0,2016-06-26 15:45,Property,14.55756121,121.0378941,Side Swipe
None,EDSA,None,None,"No Accident Factor, Self-Accident, 0.0 drivers_injured, 0.0 drivers_killed, 0.0 passengers_injured, 0.0 passengers_killed, 0.0 pedestrian_injured, 0.0 pedestrian_killed, Fair (Day), EDSA Magallanes (SB) Makati",MMDA Road Safety Unit,,9b1009a1-b0e3-4ed8-8be9-60bd413574d1,2016-06-26,04:25:00,EDSA Magallanes Loading Bay Makati,0,0,0,0,0,0,0,0,0,0,2016-06-26 12:25,Property,14.53955946,121.0143517,Self-Accident
None,EDSA,None,None,"No Accident Factor, Side Swipe, 0.0 drivers_injured, 0.0 drivers_killed, 0.0 passengers_injured, 0.0 passengers_killed, 0.0 pedestrian_injured, 0.0 pedestrian_killed, Fair (Day), EDSA Buendia (NB) Makati",MMDA Road Safety Unit,,fa687752-9809-4b23-b3f0-1de68078a295,2016-06-25,06:35:00,EDSA Mc Kinley (EB) Makati,0,0,0,0,0,0,0,0,0,0,2016-06-25 14:35,Property,14.5549709,121.0347642,Side Swipe
None,EDSA,None,None,"No Accident Factor, Angle Impact, 0.0 drivers_injured, 0.0 drivers_killed, 0.0 passengers_injured, 0.0 passengers_killed, 0.0 pedestrian_injured, 0.0 pedestrian_killed, Fair (Day), EDSA A. Arnaiz Ave. Makati",MMDA Road Safety Unit,,7a4cd04a-48e9-4ec7-9980-107b038c19f3,2016-06-25,05:35:00,EDSA Ayala Ave. (NB) Makati,0,0,0,0,0,0,0,0,0,0,2016-06-25 13:35,Property,14.54734176,121.0262804,Angle Impact
None,EDSA,None,None,"No Accident Factor, Multiple Collision, 0.0 drivers_injured, 0.0 drivers_killed, 0.0 passengers_injured, 0.0 passengers_killed, 0.0 pedestrian_injured, 0.0 pedestrian_killed, Fair (Night), EDSA Guadalupe (NB) Makati",MMDA Road Safety Unit,,5c67e530-8ecf-4407-acfd-37d63b586b74,2016-06-24,21:45:00,"EDSA Shell Gas Station, Escuela St. Makati",0,0,0,0,0,0,0,0,0,0,2016-06-25 5:45,Property,14.56662777,121.0455282,Multiple
None,EDSA,None,None,"No Accident Factor, Side Swipe, 0.0 drivers_injured, 0.0 drivers_killed, 0.0 passengers_injured, 0.0 passengers_killed, 0.0 pedestrian_injured, 0.0 pedestrian_killed, Fair (Day), EDSA Magallanes (NB) Makati",MMDA Road Safety Unit,,f729a20c-01a2-4f4f-8efc-ccde7bb04c22,2016-06-24,09:15:00,EDSA South Superhighway Makati,0,0,0,0,0,0,0,0,0,0,2016-06-24 17:15,Property,14.53955946,121.0143517,Side Swipe
None,EDSA,None,None,"No Accident Factor, Side Swipe, 0.0 drivers_injured, 0.0 drivers_killed, 0.0 passengers_injured, 0.0 passengers_killed, 0.0 pedestrian_injured, 0.0 pedestrian_killed, Fair (Day), EDSA Kalayaan (NB) Makati",MMDA Road Safety Unit,,0eee38b7-2184-4c1c-97ad-0b9b84c685ba,2016-06-24,07:55:00,EDSA Evangelista St. Makati,0,0,0,0,0,0,0,0,0,0,2016-06-24 15:55,Property,14.55756121,121.0378941,Side Swipe
None,EDSA,None,None,"No Accident Factor, Side Swipe, 0.0 drivers_injured, 0.0 drivers_killed, 0.0 passengers_injured, 0.0 passengers_killed, 0.0 pedestrian_injured, 0.0 pedestrian_killed, Fair (Day), EDSA Estrella St. Makati",MMDA Road Safety Unit,,1edd2ceb-117e-4290-b788-5f711306560a,2016-06-24,07:35:00,EDSA A. Arnaiz Ave. Makati,0,0,0,0,0,0,0,0,0,0,2016-06-24 15:35,Property,14.56004326,121.0411034,Side Swipe
None,EDSA,None,None,"No Accident Factor, Side Swipe, 1.0 drivers_injured, 0.0 drivers_killed, 0.0 passengers_injured, 0.0 passengers_killed, 0.0 pedestrian_injured, 0.0 pedestrian_killed, Fair (Day), EDSA Ayala (NB) Makati",MMDA Road Safety Unit,,bd250c57-d501-46e0-9cbf-8e8de39a85e5,2016-06-24,02:05:00,EDSA A. Arnaiz Ave. Makati,0,0,0,1,0,0,0,0,0,1,2016-06-24 10:05,Injury,14.5503157,121.0293627,Side Swipe
None,EDSA,None,None,"No Accident Factor, Side Swipe, 0.0 drivers_injured, 0.0 drivers_killed, 0.0 passengers_injured, 0.0 passengers_killed, 0.0 pedestrian_injured, 0.0 pedestrian_killed, Fair (Day), EDSA Don Chino Roces Ave. Makati",MMDA Road Safety Unit,,b4425a26-29ac-4362-868b-f82afedb827d,2016-06-24,01:45:00,EDSA Buendia Ave. Makati,0,0,0,0,0,0,0,0,0,0,2016-06-24 9:45,Property,14.5413506,121.0183368,Side Swipe
None,EDSA,None,None,"No Accident Factor, Side Swipe, 0.0 drivers_injured, 0.0 drivers_killed, 0.0 passengers_injured, 0.0 passengers_killed, 0.0 pedestrian_injured, 0.0 pedestrian_killed, Fair (Day), EDSA before Guadalupe Bridge (SB) Makati",MMDA Road Safety Unit,,c2fb4218-c61a-4459-bb22-77ddd65dfcab,2016-06-23,23:55:00,EDSA Ayala Ave. (WB) Makati,0,0,0,0,0,0,0,0,0,0,2016-06-24 7:55,Property,14.56898381,121.0459439,Side Swipe
None,EDSA,None,None,"No Accident Factor, Side Swipe, 0.0 drivers_injured, 0.0 drivers_killed, 0.0 passengers_injured, 0.0 passengers_killed, 0.0 pedestrian_injured, 0.0 pedestrian_killed, Fair (Night), EDSA Magallanes (NB) Makati",MMDA Road Safety Unit,,08580515-01c8-4777-a276-ef9661db2f25,2016-06-23,10:25:00,EDSA J. P. Rizal Ave. Makati,0,0,0,0,0,0,0,0,0,0,2016-06-23 18:25,Property,14.53955946,121.0143517,Side Swipe
None,EDSA,None,None,"No Accident Factor, Side Swipe, 0.0 drivers_injured, 0.0 drivers_killed, 0.0 passengers_injured, 0.0 passengers_killed, 0.0 pedestrian_injured, 0.0 pedestrian_killed, Fair (Day), EDSA Guadalupe (SB) Makati",MMDA Road Safety Unit,,18caabfe-0cdb-4cab-9f02-5e4582135c5f,2016-06-23,09:45:00,EDSA Apolinario St. Makati,0,0,0,0,0,0,0,0,0,0,2016-06-23 17:45,Property,14.56662777,121.0455282,Side Swipe
None,EDSA,None,None,"No Accident Factor, Side Swipe, 0.0 drivers_injured, 0.0 drivers_killed, 0.0 passengers_injured, 0.0 passengers_killed, 0.0 pedestrian_injured, 0.0 pedestrian_killed, Fair (Day), EDSA Guadalupe (NB) Makati",MMDA Road Safety Unit,,5898cbd2-51e8-4821-afdf-432c341eeab5,2016-06-23,09:25:00,EDSA Buendia Ave. Makati,0,0,0,0,0,0,0,0,0,0,2016-06-23 17:25,Property,14.56662777,121.0455282,Side Swipe
None,EDSA,None,None,"No Accident Factor, Rear-end, 0.0 drivers_injured, 0.0 drivers_killed, 0.0 passengers_injured, 0.0 passengers_killed, 0.0 pedestrian_injured, 0.0 pedestrian_killed, Fair (Day), EDSA Kalayaan Ave. Makati",MMDA Road Safety Unit,,2de9a603-a66e-4d94-9a3c-4442ba880bf2,2016-06-23,08:35:00,EDSA Mc Kinley Road Makati,0,0,0,0,0,0,0,0,0,0,2016-06-23 16:35,Property,14.55767933,121.038147,Rear-End
None,EDSA,None,None,"No Accident Factor, Side Swipe, 0.0 drivers_injured, 0.0 drivers_killed, 0.0 passengers_injured, 0.0 passengers_killed, 0.0 pedestrian_injured, 0.0 pedestrian_killed, Fair (Night), EDSA Magallanes Interchange (SB) Makati",MMDA Road Safety Unit,,67cd5f7d-ac0e-416e-a0a5-9f3cc0c635a5,2016-06-22,16:00:00,EDSA Magallanes Interchange (SB) Makati,0,0,0,0,0,0,0,0,0,0,2016-06-23,Property,14.54679556,121.0248047,Side Swipe
None,EDSA,None,None,"No Accident Factor, Hit and Run (Side Swipe), 0.0 drivers_injured, 0.0 drivers_killed, 0.0 passengers_injured, 0.0 passengers_killed, 0.0 pedestrian_injured, 0.0 pedestrian_killed, Fair (Night), EDSA Chino Roces Ave. Exit Makati",MMDA Road Safety Unit,,9b40a38a-9790-49b9-8d7d-c0d927d1b3b1,2016-06-22,12:00:00,EDSA Lapu Lapu St. Makati,0,0,0,0,0,0,0,0,0,0,2016-06-22 20:00,Property,14.54117334,121.0183458,Side Swipe
None,EDSA,None,None,"No Accident Factor, Side Swipe, 0.0 drivers_injured, 0.0 drivers_killed, 0.0 passengers_injured, 0.0 passengers_killed, 0.0 pedestrian_injured, 0.0 pedestrian_killed, Fair (Night), EDSA Ayala (NB) Makati",MMDA Road Safety Unit,,09cbc254-b016-4edd-909e-afd8fd8a9282,2016-06-22,11:30:00,EDSA A. Arnaiz Ave. Makati,0,0,0,0,0,0,0,0,0,0,2016-06-22 19:30,Property,14.5503157,121.0293627,Side Swipe
None,EDSA,None,None,"No Accident Factor, Side Swipe, 0.0 drivers_injured, 0.0 drivers_killed, 0.0 passengers_injured, 0.0 passengers_killed, 0.0 pedestrian_injured, 0.0 pedestrian_killed, Fair (Night), EDSA Buendia (SB) Makati",MMDA Road Safety Unit,,32eabe04-957b-4cc9-aa92-a0e4ff119110,2016-06-22,11:00:00,EDSA Magallanes Ave. Makati,0,0,0,0,0,0,0,0,0,0,2016-06-22 19:00,Property,14.5549709,121.0347642,Side Swipe
None,EDSA,None,None,"No Accident Factor, Side Swipe, 0.0 drivers_injured, 0.0 drivers_killed, 0.0 passengers_injured, 0.0 passengers_killed, 0.0 pedestrian_injured, 0.0 pedestrian_killed, Fair (Night), EDSA Guadalupe Mrt (NB) Makati",MMDA Road Safety Unit,,9ca29541-77db-4655-9c04-32bf5683b79a,2016-06-22,10:30:00,EDSA Magallanes Interchange Makati,0,0,0,0,0,0,0,0,0,0,2016-06-22 18:30,Property,14.56672028,121.0454643,Side Swipe
None,EDSA,None,None,"No Accident Factor, Side Swipe, 0.0 drivers_injured, 0.0 drivers_killed, 0.0 passengers_injured, 0.0 passengers_killed, 0.0 pedestrian_injured, 0.0 pedestrian_killed, Fair (Day), EDSA Magallanes Interchange Makati",MMDA Road Safety Unit,,562ae861-7174-44a8-866a-2f42b0e53180,2016-06-21,23:00:00,EDSA Evangelista St. Makati,0,0,0,0,0,0,0,0,0,0,2016-06-22 7:00,Property,14.54679556,121.0248047,Side Swipe
None,EDSA,None,None,"No Accident Factor, Side Swipe, 0.0 drivers_injured, 0.0 drivers_killed, 0.0 passengers_injured, 0.0 passengers_killed, 0.0 pedestrian_injured, 0.0 pedestrian_killed, Fair (Night), EDSA Ayala Ave. Makati",MMDA Road Safety Unit,,484a071a-e1c5-41c8-80c1-92715cb5ef66,2016-06-21,21:45:00,"EDSA ""U"" turn slot, Magallanes Makati",0,0,0,0,0,0,0,0,0,0,2016-06-22 5:45,Property,14.5503157,121.0293627,Side Swipe
None,EDSA,None,None,"No Accident Factor, Side Swipe, 0.0 drivers_injured, 0.0 drivers_killed, 0.0 passengers_injured, 0.0 passengers_killed, 0.0 pedestrian_injured, 0.0 pedestrian_killed, Fair (Night), EDSA Kalayaan Ave. (SB) Makati",MMDA Road Safety Unit,,564a3cc0-eb96-44b4-bbb1-344126967226,2016-06-21,21:00:00,EDSA Kalayaan Ave. Makati,0,0,0,0,0,0,0,0,0,0,2016-06-22 5:00,Property,14.55767933,121.038147,Side Swipe
None,EDSA,None,None,"No Accident Factor, Side Swipe, 0.0 drivers_injured, 0.0 drivers_killed, 0.0 passengers_injured, 0.0 passengers_killed, 0.0 pedestrian_injured, 0.0 pedestrian_killed, Fair (Night), EDSA Ayala Makati",MMDA Road Safety Unit,,fa207849-4be0-4c42-95ba-aa262e82f45c,2016-06-18,16:00:00,EDSA Magallanes Interchange (SB) Makati,0,0,0,0,0,0,0,0,0,0,2016-06-19,Property,14.54913499,121.0280408,Side Swipe
None,EDSA,None,None,"No Accident Factor, Side Swipe, 0.0 drivers_injured, 0.0 drivers_killed, 0.0 passengers_injured, 0.0 passengers_killed, 0.0 pedestrian_injured, 0.0 pedestrian_killed, Fair (Night), EDSA Chino Roces Ave. Makati",MMDA Road Safety Unit,,ce433328-094b-45cf-8081-133902731668,2016-06-18,14:00:00,EDSA Ayala Ave. Makati,0,0,0,0,0,0,0,0,0,0,2016-06-18 22:00,Property,14.54117334,121.0183458,Side Swipe
None,EDSA,None,None,"No Accident Factor, Multiple Collision, 0.0 drivers_injured, 0.0 drivers_killed, 0.0 passengers_injured, 0.0 passengers_killed, 0.0 pedestrian_injured, 0.0 pedestrian_killed, Fair (Night), EDSA Magallanes Interchange (SB) Makati",MMDA Road Safety Unit,,3eac6ee5-0e2c-49f0-98a4-2431baf7a0c8,2016-06-17,19:00:00,EDSA Magallanes Interchange (SB) Makati,0,0,0,0,0,0,0,0,0,0,2016-06-18 3:00,Property,14.54679556,121.0248047,Multiple
None,EDSA,None,None,"No Accident Factor, Side Swipe, 0.0 drivers_injured, 0.0 drivers_killed, 0.0 passengers_injured, 0.0 passengers_killed, 0.0 pedestrian_injured, 0.0 pedestrian_killed, Fair (Night), EDSA West Cloverleaf Makati",MMDA Road Safety Unit,,f41aeb2d-c0f9-4e28-a244-90db4427d478,2016-06-17,11:30:00,EDSA Kalayaan Ave. Makati,0,0,0,0,0,0,0,0,0,0,2016-06-17 19:30,Property,14.56763029,121.0456342,Side Swipe
None,EDSA,None,None,"No Accident Factor, Side Swipe, 0.0 drivers_injured, 0.0 drivers_killed, 0.0 passengers_injured, 0.0 passengers_killed, 0.0 pedestrian_injured, 0.0 pedestrian_killed, Fair (Day), EDSA Ayala Ave. Makati",MMDA Road Safety Unit,,628ccc5e-8fb9-4453-8941-8e8c31eeaf26,2016-06-17,05:45:00,EDSA Estrella (SB) Makati,0,0,0,0,0,0,0,0,0,0,2016-06-17 13:45,Property,14.5503157,121.0293627,Side Swipe
None,EDSA,None,None,"No Accident Factor, Side Swipe, 0.0 drivers_injured, 0.0 drivers_killed, 0.0 passengers_injured, 0.0 passengers_killed, 0.0 pedestrian_injured, 0.0 pedestrian_killed, Fair (Night), EDSA Ayala Ave. Makati",MMDA Road Safety Unit,,f03b8388-f0e7-436c-a2df-96afb48f1810,2016-06-15,14:20:00,EDSA Magallanes (SB) Makati,0,0,0,0,0,0,0,0,0,0,2016-06-15 22:20,Property,14.5503157,121.0293627,Side Swipe
None,EDSA,None,None,"No Accident Factor, Hit and Run (Side Swipe), 0.0 drivers_injured, 0.0 drivers_killed, 0.0 passengers_injured, 0.0 passengers_killed, 0.0 pedestrian_injured, 0.0 pedestrian_killed, Fair (Night), EDSA Harvard St. Makati",MMDA Road Safety Unit,,62770817-4d69-4b8c-80a0-145692618897,2016-06-15,13:25:00,"EDSA Mrt, Magallanes (SB) Makati",0,0,0,0,0,0,0,0,0,0,2016-06-15 21:25,Property,14.55920138,121.0400581,Side Swipe
None,EDSA,None,None,"No Accident Factor, Side Swipe, 0.0 drivers_injured, 0.0 drivers_killed, 0.0 passengers_injured, 0.0 passengers_killed, 0.0 pedestrian_injured, 0.0 pedestrian_killed, Fair (Night), EDSA Estrella Loading Bay Makati",MMDA Road Safety Unit,,c2e27520-ff2a-4c02-a9c6-55a1dba80286,2016-06-14,10:05:00,EDSA Evangelista (SB) Makati,0,0,0,0,0,0,0,0,0,0,2016-06-14 18:05,Property,14.56049908,121.0415707,Side Swipe
None,EDSA,None,None,"No Accident Factor, Rear-end, 0.0 drivers_injured, 0.0 drivers_killed, 0.0 passengers_injured, 0.0 passengers_killed, 0.0 pedestrian_injured, 0.0 pedestrian_killed, Fair (Day), EDSA Magallanes Loading Bay Makati",MMDA Road Safety Unit,,2901ec44-aa1a-4daa-8c1c-0eba150607a6,2016-06-14,07:35:00,EDSA Guadalupe (NB) Makati,0,0,0,0,0,0,0,0,0,0,2016-06-14 15:35,Property,14.54402536,121.021754,Rear-End
None,EDSA,None,None,"No Accident Factor, Side Swipe, 0.0 drivers_injured, 0.0 drivers_killed, 0.0 passengers_injured, 0.0 passengers_killed, 0.0 pedestrian_injured, 0.0 pedestrian_killed, Fair (Day), EDSA Mc Kinley (EB) Makati",MMDA Road Safety Unit,,79c52069-7d92-40b7-b079-234e13f80ff3,2016-06-14,06:45:00,EDSA Magallanes Interchange (SB) Makati,0,0,0,0,0,0,0,0,0,0,2016-06-14 14:45,Property,14.5501403,121.0294629,Side Swipe
None,EDSA,None,None,"No Accident Factor, Rear-end, 0.0 drivers_injured, 0.0 drivers_killed, 0.0 passengers_injured, 0.0 passengers_killed, 0.0 pedestrian_injured, 0.0 pedestrian_killed, Fair (Day), EDSA Ayala Ave. (NB) Makati",MMDA Road Safety Unit,,8ed11f95-313c-40dd-a332-8613e277581d,2016-06-14,02:15:00,EDSA Ayala Loading Bay (SB) Makati,0,0,0,0,0,0,0,0,0,0,2016-06-14 10:15,Property,14.5503157,121.0293627,Rear-End
None,EDSA,None,None,"No Accident Factor, Side Swipe, 0.0 drivers_injured, 0.0 drivers_killed, 0.0 passengers_injured, 0.0 passengers_killed, 0.0 pedestrian_injured, 0.0 pedestrian_killed, Fair (Night), EDSA Shell Gas Station, Escuela St. Makati",MMDA Road Safety Unit,,e220a4a7-dfa2-4227-9061-b2a91c58be51,2016-06-13,20:45:00,EDSA Don Chino Roces Ave.  Makati,0,0,0,0,0,0,0,0,0,0,2016-06-14 4:45,Property,14.5600892,121.041222,Side Swipe
None,EDSA,None,None,"No Accident Factor, Side Swipe, 0.0 drivers_injured, 0.0 drivers_killed, 0.0 passengers_injured, 0.0 passengers_killed, 0.0 pedestrian_injured, 0.0 pedestrian_killed, Fair (Night), EDSA South Superhighway Makati",MMDA Road Safety Unit,,e63e82ab-b1a8-4af8-a5e9-b255b196569b,2016-06-11,19:40:00,EDSA South Superhighway (NB) Makati,0,0,0,0,0,0,0,0,0,0,2016-06-12 3:40,Property,14.54054957,121.016932,Side Swipe
None,EDSA,None,None,"No Accident Factor, Side Swipe, 0.0 drivers_injured, 0.0 drivers_killed, 0.0 passengers_injured, 0.0 passengers_killed, 0.0 pedestrian_injured, 0.0 pedestrian_killed, Fair (Night), EDSA Evangelista St. Makati",MMDA Road Safety Unit,,cdbf5a93-b509-4bf7-80cc-7770443fbed9,2016-06-07,13:30:00,EDSA Magallanes Loading Bay (NB) Makati,0,0,0,0,0,0,0,0,0,0,2016-06-07 21:30,Property,14.53906878,121.012324,Side Swipe
None,EDSA,None,None,"No Accident Factor, Side Swipe, 0.0 drivers_injured, 0.0 drivers_killed, 0.0 passengers_injured, 0.0 passengers_killed, 0.0 pedestrian_injured, 0.0 pedestrian_killed, Fair (Night), EDSA A. Arnaiz Ave. Makati",MMDA Road Safety Unit,,83490e1f-b745-402b-b31c-9f3a87d0da0c,2016-06-06,13:30:00,EDSA Ayala (SB) Makati,0,0,0,0,0,0,0,0,0,0,2016-06-06 21:30,Property,14.54734176,121.0262804,Side Swipe
None,EDSA,None,None,"No Accident Factor, Rear-end, 0.0 drivers_injured, 0.0 drivers_killed, 0.0 passengers_injured, 0.0 passengers_killed, 0.0 pedestrian_injured, 0.0 pedestrian_killed, Fair (Night), EDSA A. Arnaiz Ave. Makati",MMDA Road Safety Unit,,93ee5644-ebac-4218-ba24-c6b641ed5868,2016-06-06,13:30:00,EDSA Ayala Loading Bay (SB) Makati,0,0,0,0,0,0,0,0,0,0,2016-06-06 21:30,Property,14.54734176,121.0262804,Rear-End
None,EDSA,None,None,"No Accident Factor, Side Swipe, 0.0 drivers_injured, 0.0 drivers_killed, 0.0 passengers_injured, 0.0 passengers_killed, 0.0 pedestrian_injured, 0.0 pedestrian_killed, Fair (Day), EDSA Buendia Ave. Makati",MMDA Road Safety Unit,,929f6d7b-3ed0-44f4-b19d-de457aa972c8,2016-06-06,09:30:00,EDSA Guadalupe Cloverleaf (NB) Makati,0,0,0,0,0,0,0,0,0,0,2016-06-06 17:30,Property,14.55516134,121.0349756,Side Swipe
None,EDSA,None,None,"No Accident Factor, Rear-end, 0.0 drivers_injured, 0.0 drivers_killed, 0.0 passengers_injured, 0.0 passengers_killed, 0.0 pedestrian_injured, 0.0 pedestrian_killed, Fair (Day), EDSA Ayala Ave. (WB) Makati",MMDA Road Safety Unit,,454179f4-544e-4cbe-9d63-4f9430a4bfe3,2016-06-06,00:05:00,EDSA Capt. M. Reyes St.  Makati,0,0,0,0,0,0,0,0,0,0,2016-06-06 8:05,Property,14.5503157,121.0293627,Rear-End
None,EDSA,None,None,"No Accident Factor, Rear-end, 0.0 drivers_injured, 0.0 drivers_killed, 0.0 passengers_injured, 0.0 passengers_killed, 0.0 pedestrian_injured, 0.0 pedestrian_killed, Fair (Night), EDSA J. P. Rizal Ave. Makati",MMDA Road Safety Unit,,48417cf2-68d9-4ffd-a9a2-0d3de924e785,2016-06-02,12:30:00,EDSA Magallanes Ave.  Makati,0,0,0,0,0,0,0,0,0,0,2016-06-02 20:30,Property,14.56800921,121.0459132,Rear-End
None,EDSA,None,None,"No Accident Factor, Rear-end, 0.0 drivers_injured, 0.0 drivers_killed, 0.0 passengers_injured, 0.0 passengers_killed, 0.0 pedestrian_injured, 0.0 pedestrian_killed, Fair (Night), EDSA Apolinario St. Makati",MMDA Road Safety Unit,,2d17ea32-232a-485c-b56e-da0d14cad7f4,2016-06-02,11:10:00,EDSA Estrella St. Makati,0,0,0,0,0,0,0,0,0,0,2016-06-02 19:10,Property,14.53994323,121.0153097,Rear-End
None,EDSA,None,None,"No Accident Factor, Side Swipe, 0.0 drivers_injured, 0.0 drivers_killed, 0.0 passengers_injured, 0.0 passengers_killed, 0.0 pedestrian_injured, 0.0 pedestrian_killed, Fair (Day), EDSA Buendia Ave. Makati",MMDA Road Safety Unit,,a3154b95-1510-4fd8-9d2f-dbb6db9d3373,2016-06-02,06:40:00,EDSA Guadalupe Bridge (NB) Makati,0,0,0,0,0,0,0,0,0,0,2016-06-02 14:40,Property,14.55516134,121.0349756,Side Swipe
None,EDSA,None,None,"No Accident Factor, No Collision Stated (based on Police Blotter Book), 0.0 drivers_injured, 0.0 drivers_killed, 0.0 passengers_injured, 0.0 passengers_killed, 0.0 pedestrian_injured, 0.0 pedestrian_killed, Fair (Day), EDSA Mc Kinley Road Makati",MMDA Road Safety Unit,,3d2b9d25-1a8d-4f28-9f4a-88b45d194fbb,2016-06-01,05:00:00,EDSA Ayala Ave. Makati,0,0,0,0,0,0,0,0,0,0,2016-06-01 13:00,Property,14.5501403,121.0294629,No Collision Stated
None,EDSA,None,None,"No Accident Factor, Side Swipe, 1.0 drivers_injured, 0.0 drivers_killed, 0.0 passengers_injured, 0.0 passengers_killed, 0.0 pedestrian_injured, 0.0 pedestrian_killed, Fair (Night), EDSA Magallanes Interchange (SB) Makati",MMDA Road Safety Unit,,5293be35-3c4b-4ddd-bb87-0d558ce22f58,2016-05-30,15:45:00,EDSA Magallanes (SB) Makati,0,0,0,1,0,0,0,0,0,1,2016-05-30 23:45,Injury,14.54679556,121.0248047,Side Swipe
None,EDSA,None,None,"No Accident Factor, Side Swipe, 0.0 drivers_injured, 0.0 drivers_killed, 0.0 passengers_injured, 0.0 passengers_killed, 0.0 pedestrian_injured, 0.0 pedestrian_killed, Fair (Day), EDSA Lapu Lapu St. Makati",MMDA Road Safety Unit,,7d51bd5e-e268-4e06-b48a-030be5e669a9,2016-05-30,07:25:00,EDSA Magallanes (SB) Makati,0,0,0,0,0,0,0,0,0,0,2016-05-30 15:25,Property,14.53968935,121.0155717,Side Swipe
None,EDSA,None,None,"No Accident Factor, Rear-end, 0.0 drivers_injured, 0.0 drivers_killed, 0.0 passengers_injured, 0.0 passengers_killed, 0.0 pedestrian_injured, 0.0 pedestrian_killed, Fair (Day), EDSA A. Arnaiz Ave. Makati",MMDA Road Safety Unit,,6ad73c8d-c6fa-48c4-9f9a-545de418a5ed,2016-05-29,08:00:00,"EDSA Phoenix Gas Station, Guadalupe (NB) Makati",0,0,0,0,0,0,0,0,0,0,2016-05-29 16:00,Property,14.54734176,121.0262804,Rear-End
None,EDSA,None,None,"No Accident Factor, Side Swipe, 0.0 drivers_injured, 0.0 drivers_killed, 0.0 passengers_injured, 0.0 passengers_killed, 0.0 pedestrian_injured, 0.0 pedestrian_killed, Fair (Night), EDSA Magallanes Ave. Makati",MMDA Road Safety Unit,,63a37c7d-9d0e-4413-86a2-a25d733091fe,2016-05-28,16:00:00,EDSA Guadalupe (SB) Makati,0,0,0,0,0,0,0,0,0,0,2016-05-29,Property,14.53924572,121.0142961,Side Swipe
None,EDSA,None,None,"No Accident Factor, Multiple Collision, 0.0 drivers_injured, 0.0 drivers_killed, 0.0 passengers_injured, 0.0 passengers_killed, 0.0 pedestrian_injured, 0.0 pedestrian_killed, Fair (Day), EDSA Magallanes Interchange Makati",MMDA Road Safety Unit,,2b086562-ca2f-456e-a52f-a53216ebc555,2016-05-28,03:00:00,EDSA Ayala (SB) Makati,0,0,0,0,0,0,0,0,0,0,2016-05-28 11:00,Property,14.54679556,121.0248047,Multiple
None,EDSA,None,None,"No Accident Factor, Rear-end, 0.0 drivers_injured, 0.0 drivers_killed, 0.0 passengers_injured, 0.0 passengers_killed, 0.0 pedestrian_injured, 0.0 pedestrian_killed, Fair (Night), EDSA Evangelista St. Makati",MMDA Road Safety Unit,,67685cd6-22a8-4ae4-b68d-c7e65c1c163b,2016-05-27,15:30:00,EDSA Ayala (SB) Makati,0,0,0,0,0,0,0,0,0,0,2016-05-27 23:30,Property,14.53906878,121.012324,Rear-End
None,EDSA,None,None,"No Accident Factor, Side Swipe, 0.0 drivers_injured, 0.0 drivers_killed, 0.0 passengers_injured, 0.0 passengers_killed, 0.0 pedestrian_injured, 0.0 pedestrian_killed, Fair (Night), EDSA ""U"" turn slot, Magallanes Makati",MMDA Road Safety Unit,,89060110-3297-4fd8-8a7b-819bae68e9f9,2016-05-27,14:30:00,EDSA Orense (NB) Makati,0,0,0,0,0,0,0,0,0,0,2016-05-27 22:30,Property,14.53974938,121.0156019,Side Swipe
None,EDSA,None,None,"No Accident Factor, Rear-end, 0.0 drivers_injured, 0.0 drivers_killed, 0.0 passengers_injured, 0.0 passengers_killed, 0.0 pedestrian_injured, 0.0 pedestrian_killed, Fair (Night), EDSA Kalayaan Ave. Makati",MMDA Road Safety Unit,,ea148fff-17ce-4b09-9f9f-bcc5daabe3d0,2016-05-26,16:00:00,EDSA Mrt Buendia (SB) Makati,0,0,0,0,0,0,0,0,0,0,2016-05-27,Property,14.55767933,121.038147,Rear-End
None,EDSA,None,None,"No Accident Factor, Side Swipe, 0.0 drivers_injured, 0.0 drivers_killed, 0.0 passengers_injured, 0.0 passengers_killed, 0.0 pedestrian_injured, 0.0 pedestrian_killed, Fair (Night), EDSA Magallanes Interchange (SB) Makati",MMDA Road Safety Unit,,91fc4df2-38f3-4e7b-8b28-4d81b8fd8140,2016-05-25,11:25:00,EDSA Ayala Ave. Makati,0,0,0,0,0,0,0,0,0,0,2016-05-25 19:25,Property,14.54679556,121.0248047,Side Swipe
None,EDSA,None,None,"No Accident Factor, Side Swipe, 1.0 drivers_injured, 0.0 drivers_killed, 0.0 passengers_injured, 0.0 passengers_killed, 0.0 pedestrian_injured, 0.0 pedestrian_killed, Fair (Day), EDSA Ayala Ave. Makati",MMDA Road Safety Unit,,b4e42fff-860d-4a6a-bd99-5c3fa779f38e,2016-05-23,06:25:00,EDSA Ayala Ave. Makati,0,0,0,1,0,0,0,0,0,1,2016-05-23 14:25,Injury,14.5503157,121.0293627,Side Swipe