LOCATION_TEXT,ROAD,WEATHER,LIGHT,DESC,REPORTING_AGENCY,MAIN_CAUSE,INCIDENTDETAILS_ID,DATE_UTC,TIME_UTC,ADDRESS,killed_driver,killed_passenger,killed_pedestrian,injured_driver,injured_passenger,injured_pedestrian,killed_uncategorized,injured_uncategorized,killed_total,injured_total,DATETIME_PST,SEVERITY,Y,X,COLLISION_TYPE
None,EDSA,None,None,"No Accident Factor, Rear-end, 0.0 drivers_injured, 0.0 drivers_killed, 0.0 passengers_injured, 0.0 passengers_killed, 0.0 pedestrian_injured, 0.0 pedestrian_killed, Fair (Night), EDSA Magallanes Interchange (SB) Makati",MMDA Road Safety Unit,,9487e815-c1a1-4a54-a8e3-aa55b6796a30,2016-05-21,16:45:00,EDSA Ayala (SB) Makati,0,0,0,0,0,0,0,0,0,0,2016-05-22 0:45,Property,14.54679556,121.0248047,Rear-End
None,EDSA,None,None,"No Accident Factor, Side Swipe, 0.0 drivers_injured, 0.0 drivers_killed, 0.0 passengers_injured, 0.0 passengers_killed, 0.0 pedestrian_injured, 0.0 pedestrian_killed, Fair (Day), EDSA Kalayaan Ave. Makati",MMDA Road Safety Unit,,0e21050e-6133-44ef-b4c3-781c729fa182,2016-05-21,06:50:00,EDSA Buendia Makati,0,0,0,0,0,0,0,0,0,0,2016-05-21 14:50,Property,14.55767933,121.038147,Side Swipe
None,EDSA,None,None,"No Accident Factor, Rear-end, 0.0 drivers_injured, 0.0 drivers_killed, 0.0 passengers_injured, 0.0 passengers_killed, 0.0 pedestrian_injured, 0.0 pedestrian_killed, Fair (Night), EDSA Estrella (SB) Makati",MMDA Road Safety Unit,,6a0c3d1a-7479-4b22-a495-e3e55e05152a,2016-05-20,14:45:00,EDSA Guadalupe (NB) Makati,0,0,0,0,0,0,0,0,0,0,2016-05-20 22:45,Property,14.56004326,121.0411034,Rear-End
None,EDSA,None,None,"No Accident Factor, Side Swipe, 0.0 drivers_injured, 0.0 drivers_killed, 0.0 passengers_injured, 0.0 passengers_killed, 0.0 pedestrian_injured, 0.0 pedestrian_killed, Fair (Day), EDSA Magallanes (SB) Makati",MMDA Road Safety Unit,,9311b035-322e-4b11-94dc-fa042002f472,2016-05-20,07:05:00,EDSA Guadalupe (SB) Makati,0,0,0,0,0,0,0,0,0,0,2016-05-20 15:05,Property,14.53955946,121.0143517,Side Swipe
None,EDSA,None,None,"No Accident Factor, Rear-end, 0.0 drivers_injured, 0.0 drivers_killed, 0.0 passengers_injured, 0.0 passengers_killed, 0.0 pedestrian_injured, 0.0 pedestrian_killed, Fair (Day), EDSA Mrt, Magallanes (SB) Makati",MMDA Road Safety Unit,,bae937f6-6752-4bfa-8dba-791b0f359a8b,2016-05-20,05:50:00,EDSA Kalayaan Ave. Makati,0,0,0,0,0,0,0,0,0,0,2016-05-20 13:50,Property,14.54200463,121.0193373,Rear-End
None,EDSA,None,None,"No Accident Factor, Rear-end, 0.0 drivers_injured, 0.0 drivers_killed, 0.0 passengers_injured, 0.0 passengers_killed, 0.0 pedestrian_injured, 0.0 pedestrian_killed, Fair (Day), EDSA Evangelista (SB) Makati",MMDA Road Safety Unit,,c6006eb4-1301-4f1d-9403-e6163eebacda,2016-05-20,04:05:00,EDSA Buendia Ave. Makati,0,0,0,0,0,0,0,0,0,0,2016-05-20 12:05,Property,14.53906878,121.012324,Rear-End
None,EDSA,None,None,"No Accident Factor, Rear-end, 0.0 drivers_injured, 0.0 drivers_killed, 0.0 passengers_injured, 0.0 passengers_killed, 0.0 pedestrian_injured, 0.0 pedestrian_killed, Fair (Day), EDSA Guadalupe (NB) Makati",MMDA Road Safety Unit,,6477251f-fbf8-472d-a0db-b6a3fde92a57,2016-05-20,00:15:00,EDSA Guadalupe Mrt (NB) Makati,0,0,0,0,0,0,0,0,0,0,2016-05-20 8:15,Property,14.56662777,121.0455282,Rear-End
None,EDSA,None,None,"No Accident Factor, Rear-end, 0.0 drivers_injured, 0.0 drivers_killed, 0.0 passengers_injured, 0.0 passengers_killed, 0.0 pedestrian_injured, 0.0 pedestrian_killed, Fair (Night), EDSA Magallanes Interchange (SB) Makati",MMDA Road Safety Unit,,e6abd65e-3e19-4559-9d18-7501bb562727,2016-05-19,10:40:00,EDSA Ayala Ave. Makati,0,0,0,0,0,0,0,0,0,0,2016-05-19 18:40,Property,14.54679556,121.0248047,Rear-End
None,EDSA,None,None,"No Accident Factor, Side Swipe, 0.0 drivers_injured, 0.0 drivers_killed, 0.0 passengers_injured, 0.0 passengers_killed, 0.0 pedestrian_injured, 0.0 pedestrian_killed, Fair (Night), EDSA Ayala Loading Bay (SB) Makati",MMDA Road Safety Unit,,ba8d3bcb-f1cc-4fbd-ba7f-a23231aaed6e,2016-05-19,10:15:00,EDSA Magallanes Ave.  Makati,0,0,0,0,0,0,0,0,0,0,2016-05-19 18:15,Property,14.54906772,121.0276631,Side Swipe
None,EDSA,None,None,"No Accident Factor, Side Swipe, 0.0 drivers_injured, 0.0 drivers_killed, 0.0 passengers_injured, 0.0 passengers_killed, 0.0 pedestrian_injured, 0.0 pedestrian_killed, Fair (Night), EDSA Don Chino Roces Ave.  Makati",MMDA Road Safety Unit,,46c115bf-45de-40df-8ea0-7f60a53831ac,2016-05-18,12:40:00,EDSA Magallanes (SB) Makati,0,0,0,0,0,0,0,0,0,0,2016-05-18 20:40,Property,14.5413506,121.0183368,Side Swipe
None,EDSA,None,None,"No Accident Factor, Side Swipe, 0.0 drivers_injured, 0.0 drivers_killed, 0.0 passengers_injured, 0.0 passengers_killed, 0.0 pedestrian_injured, 0.0 pedestrian_killed, Fair (Night), EDSA South Superhighway (NB) Makati",MMDA Road Safety Unit,,d44f9299-ad45-49ca-be4a-2ca1d1aab766,2016-05-18,10:40:00,EDSA Estrella Loading Bay (SB) Makati,0,0,0,0,0,0,0,0,0,0,2016-05-18 18:40,Property,14.54054957,121.016932,Side Swipe
None,EDSA,None,None,"No Accident Factor, Rear-end, 0.0 drivers_injured, 0.0 drivers_killed, 0.0 passengers_injured, 0.0 passengers_killed, 0.0 pedestrian_injured, 0.0 pedestrian_killed, Fair (Day), EDSA Magallanes Loading Bay (NB) Makati",MMDA Road Safety Unit,,62fcf489-fbdb-431f-bee8-fd3c51471f67,2016-05-17,23:05:00,EDSA Danlig St. Makati,0,0,0,0,0,0,0,0,0,0,2016-05-18 7:05,Property,14.54402536,121.021754,Rear-End
None,EDSA,None,None,"No Accident Factor, Side Swipe, 0.0 drivers_injured, 0.0 drivers_killed, 0.0 passengers_injured, 0.0 passengers_killed, 0.0 pedestrian_injured, 0.0 pedestrian_killed, Fair (Night), EDSA Ayala (SB) Makati",MMDA Road Safety Unit,,0170cab9-456d-4e61-9f68-de93f0e7aed7,2016-05-17,12:40:00,EDSA Orense (NB) Makati,0,0,0,0,0,0,0,0,0,0,2016-05-17 20:40,Property,14.5503157,121.0293627,Side Swipe
None,EDSA,None,None,"No Accident Factor, Side Swipe, 0.0 drivers_injured, 0.0 drivers_killed, 0.0 passengers_injured, 0.0 passengers_killed, 0.0 pedestrian_injured, 0.0 pedestrian_killed, Fair (Night), EDSA Ayala Loading Bay (SB) Makati",MMDA Road Safety Unit,,121a9cec-f78c-46fb-8b9f-0e7caf84d86b,2016-05-17,12:35:00,EDSA Guadalupe (NB) Makati,0,0,0,0,0,0,0,0,0,0,2016-05-17 20:35,Property,14.54906772,121.0276631,Side Swipe
None,EDSA,None,None,"No Accident Factor, Side Swipe, 0.0 drivers_injured, 0.0 drivers_killed, 0.0 passengers_injured, 0.0 passengers_killed, 0.0 pedestrian_injured, 0.0 pedestrian_killed, Fair (Day), EDSA Guadalupe Cloverleaf (NB) Makati",MMDA Road Safety Unit,,46809b38-7011-48ba-b427-f79eb3ecbfb4,2016-05-17,09:15:00,EDSA Buendia (NB) Makati,0,0,0,0,0,0,0,0,0,0,2016-05-17 17:15,Property,14.56721487,121.0456283,Side Swipe
None,EDSA,None,None,"No Accident Factor, No Collision Stated (based on Police Blotter Book), 0.0 drivers_injured, 0.0 drivers_killed, 0.0 passengers_injured, 0.0 passengers_killed, 0.0 pedestrian_injured, 0.0 pedestrian_killed, Fair (Day), EDSA Capt. M. Reyes St.  Makati",MMDA Road Safety Unit,,31cb1c14-a36b-4a4a-8291-df63096bcbc3,2016-05-17,07:15:00,EDSA Mc Kinley Road Makati,0,0,0,0,0,0,0,0,0,0,2016-05-17 15:15,Property,14.53884788,121.0107989,No Collision Stated
None,EDSA,None,None,"No Accident Factor, No Collision Stated (based on Police Blotter Book), 0.0 drivers_injured, 0.0 drivers_killed, 0.0 passengers_injured, 0.0 passengers_killed, 0.0 pedestrian_injured, 0.0 pedestrian_killed, Fair (Day), EDSA Magallanes Ave.  Makati",MMDA Road Safety Unit,,734d870f-81a1-40f3-bed4-d10300607c9e,2016-05-17,04:30:00,EDSA Buendia (NB) Makati,0,0,0,0,0,0,0,0,0,0,2016-05-17 12:30,Property,14.53924572,121.0142961,No Collision Stated
None,EDSA,None,None,"No Accident Factor, No Collision Stated (based on Police Blotter Book), 0.0 drivers_injured, 0.0 drivers_killed, 0.0 passengers_injured, 0.0 passengers_killed, 0.0 pedestrian_injured, 0.0 pedestrian_killed, Fair (Day), EDSA Estrella St. Makati",MMDA Road Safety Unit,,7bf0c89b-00bd-4a11-bc4f-7b5b2424b810,2016-05-17,04:00:00,EDSA Ayala Loading Bay (WB) Makati,0,0,0,0,0,0,0,0,0,0,2016-05-17 12:00,Property,14.56004326,121.0411034,No Collision Stated
None,EDSA,None,None,"No Accident Factor, Rear-end, 0.0 drivers_injured, 0.0 drivers_killed, 0.0 passengers_injured, 0.0 passengers_killed, 0.0 pedestrian_injured, 0.0 pedestrian_killed, Fair (Day), EDSA Guadalupe Bridge (NB) Makati",MMDA Road Safety Unit,,a8c8d3fb-09c3-48ad-9a07-ac178b4909f0,2016-05-17,03:15:00,EDSA Magallanes Ave. Makati,0,0,0,0,0,0,0,0,0,0,2016-05-17 11:15,Property,14.56846648,121.0458404,Rear-End
None,EDSA,None,None,"No Accident Factor, Angle Impact, 0.0 drivers_injured, 0.0 drivers_killed, 0.0 passengers_injured, 0.0 passengers_killed, 0.0 pedestrian_injured, 0.0 pedestrian_killed, Fair (Night), EDSA Ayala Ave. Makati",MMDA Road Safety Unit,,23cc764c-75e8-4271-beb8-d3f8fa7a0eac,2016-05-16,12:30:00,EDSA Ayala (SB) Makati,0,0,0,0,0,0,0,0,0,0,2016-05-16 20:30,Property,14.5503157,121.0293627,Angle Impact
None,EDSA,None,None,"No Accident Factor, Side Swipe, 0.0 drivers_injured, 0.0 drivers_killed, 0.0 passengers_injured, 0.0 passengers_killed, 0.0 pedestrian_injured, 0.0 pedestrian_killed, Fair (Night), EDSA Magallanes (SB) Makati",MMDA Road Safety Unit,,28fa2629-43df-435f-b14d-af5d829d8b6e,2016-05-16,12:05:00,EDSA Kalayaan Ave. Makati,0,0,0,0,0,0,0,0,0,0,2016-05-16 20:05,Property,14.53955946,121.0143517,Side Swipe
None,EDSA,None,None,"No Accident Factor, Side Swipe, 0.0 drivers_injured, 0.0 drivers_killed, 0.0 passengers_injured, 0.0 passengers_killed, 0.0 pedestrian_injured, 0.0 pedestrian_killed, Fair (Night), EDSA Magallanes (SB) Makati",MMDA Road Safety Unit,,65bfb4cc-2d89-4fa5-9bac-b9566b8ee06d,2016-05-16,11:35:00,EDSA Kalayaan Ave. (EB) Makati,0,0,0,0,0,0,0,0,0,0,2016-05-16 19:35,Property,14.53955946,121.0143517,Side Swipe
None,EDSA,None,None,"No Accident Factor, Side Swipe, 0.0 drivers_injured, 0.0 drivers_killed, 0.0 passengers_injured, 0.0 passengers_killed, 0.0 pedestrian_injured, 0.0 pedestrian_killed, Fair (Day), EDSA Phoenix Gas Station, Guadalupe (NB) Makati",MMDA Road Safety Unit,,bbc78be3-8582-4da7-b2f8-8602b95796a0,2016-05-16,06:35:00,EDSA Guadalupe Bridge (SB) Makati,0,0,0,0,0,0,0,0,0,0,2016-05-16 14:35,Property,14.5633726,121.0442458,Side Swipe
None,EDSA,None,None,"No Accident Factor, Rear-end, 0.0 drivers_injured, 0.0 drivers_killed, 0.0 passengers_injured, 0.0 passengers_killed, 0.0 pedestrian_injured, 0.0 pedestrian_killed, Fair (Day), EDSA Guadalupe (SB) Makati",MMDA Road Safety Unit,,56aa13b4-f1a8-47e3-be84-2a0f39d302c2,2016-05-16,02:15:00,EDSA Guadalupe (NB) Makati,0,0,0,0,0,0,0,0,0,0,2016-05-16 10:15,Property,14.56662777,121.0455282,Rear-End
None,EDSA,None,None,"No Accident Factor, Side Swipe, 0.0 drivers_injured, 0.0 drivers_killed, 0.0 passengers_injured, 0.0 passengers_killed, 0.0 pedestrian_injured, 0.0 pedestrian_killed, Fair (Day), EDSA Ayala (SB) Makati",MMDA Road Safety Unit,,8e60238e-64e8-454a-a7c5-424bfab100a9,2016-05-16,00:55:00,EDSA Ayala (SB) Makati,0,0,0,0,0,0,0,0,0,0,2016-05-16 8:55,Property,14.5503157,121.0293627,Side Swipe
None,EDSA,None,None,"No Accident Factor, Rear-end, 0.0 drivers_injured, 0.0 drivers_killed, 0.0 passengers_injured, 0.0 passengers_killed, 0.0 pedestrian_injured, 0.0 pedestrian_killed, Fair (Day), EDSA Ayala (SB) Makati",MMDA Road Safety Unit,,ec3e2986-e4f0-414a-888c-fba296e3fdbd,2016-05-16,00:45:00,EDSA Guadalupe Bridge Makati,0,0,0,0,0,0,0,0,0,0,2016-05-16 8:45,Property,14.5503157,121.0293627,Rear-End
None,EDSA,None,None,"No Accident Factor, Rear-end, 0.0 drivers_injured, 0.0 drivers_killed, 0.0 passengers_injured, 0.0 passengers_killed, 0.0 pedestrian_injured, 0.0 pedestrian_killed, Fair (Day), EDSA Orense (NB) Makati",MMDA Road Safety Unit,,4eb54684-4d28-4a1d-950a-91b54dded76a,2016-05-15,23:35:00,EDSA Mc Kinley Road Makati,0,0,0,0,0,0,0,0,0,0,2016-05-16 7:35,Property,14.56156378,121.0428336,Rear-End
None,EDSA,None,None,"No Accident Factor, Rear-end, 0.0 drivers_injured, 0.0 drivers_killed, 0.0 passengers_injured, 0.0 passengers_killed, 0.0 pedestrian_injured, 0.0 pedestrian_killed, Fair (Day), EDSA Mrt Buendia (SB) Makati",MMDA Road Safety Unit,,e7b3e0c7-e573-4ef1-bf26-5a29e82c684a,2016-05-15,23:25:00,EDSA Ayala (SB) Makati,0,0,0,0,0,0,0,0,0,0,2016-05-16 7:25,Property,14.55426124,121.033876,Rear-End
None,EDSA,None,None,"No Accident Factor, Angle Impact, 1.0 drivers_injured, 0.0 drivers_killed, 0.0 passengers_injured, 0.0 passengers_killed, 0.0 pedestrian_injured, 0.0 pedestrian_killed, Fair (Night), EDSA Ayala Ave. Makati",MMDA Road Safety Unit,,a26ca7c0-8bc6-48ec-b65b-fb9158e933f8,2016-05-14,12:30:00,EDSA Guadalupe Cloverleaf (NB) Makati,0,0,0,1,0,0,0,0,0,1,2016-05-14 20:30,Injury,14.5503157,121.0293627,Angle Impact
None,EDSA,None,None,"No Accident Factor, No Collision Stated (based on Police Blotter Book), 0.0 drivers_injured, 0.0 drivers_killed, 0.0 passengers_injured, 0.0 passengers_killed, 0.0 pedestrian_injured, 0.0 pedestrian_killed, Fair (Day), EDSA Ayala Ave. Makati",MMDA Road Safety Unit,,e744dba5-5a73-4fb1-954e-d73fd117bdfb,2016-05-14,07:00:00,EDSA Guadalupe Cloverleaf (NB) Makati,0,0,0,0,0,0,0,0,0,0,2016-05-14 15:00,Property,14.5503157,121.0293627,No Collision Stated
None,EDSA,None,None,"No Accident Factor, Rear-end, 0.0 drivers_injured, 0.0 drivers_killed, 0.0 passengers_injured, 0.0 passengers_killed, 0.0 pedestrian_injured, 0.0 pedestrian_killed, Fair (Day), EDSA Ayala (SB) Makati",MMDA Road Safety Unit,,4f35bd91-a920-4644-9bd1-6c6e2d186b1b,2016-05-14,01:55:00,"EDSA Mc Kinley Road, Forbes Park Makati",0,0,0,0,0,0,0,0,0,0,2016-05-14 9:55,Property,14.5503157,121.0293627,Rear-End
None,EDSA,None,None,"No Accident Factor, Side Swipe, 0.0 drivers_injured, 0.0 drivers_killed, 0.0 passengers_injured, 0.0 passengers_killed, 0.0 pedestrian_injured, 0.0 pedestrian_killed, Fair (Day), EDSA Buendia Makati",MMDA Road Safety Unit,,8659a420-150c-46fc-92d5-cb4511ad65f5,2016-05-13,00:15:00,EDSA A. Arnaiz Ave.  Makati,0,0,0,0,0,0,0,0,0,0,2016-05-13 8:15,Property,14.5552368,121.0349749,Side Swipe
None,EDSA,None,None,"No Accident Factor, Side Swipe, 0.0 drivers_injured, 0.0 drivers_killed, 0.0 passengers_injured, 0.0 passengers_killed, 0.0 pedestrian_injured, 0.0 pedestrian_killed, Fair (Night), EDSA Guadalupe (NB) Makati",MMDA Road Safety Unit,,eb5c8d5e-65e3-4136-b53c-8ad71b8ffaac,2016-05-12,10:45:00,EDSA Ayala Ave. (NB) Makati,0,0,0,0,0,0,0,0,0,0,2016-05-12 18:45,Property,14.56662777,121.0455282,Side Swipe
None,EDSA,None,None,"No Accident Factor, Rear-end, 0.0 drivers_injured, 0.0 drivers_killed, 0.0 passengers_injured, 0.0 passengers_killed, 0.0 pedestrian_injured, 0.0 pedestrian_killed, Fair (Night), EDSA Guadalupe (SB) Makati",MMDA Road Safety Unit,,1b8b85a7-8823-466f-b656-a1c53493f4a9,2016-05-11,20:45:00,EDSA Buedia Ave.  Makati,0,0,0,0,0,0,0,0,0,0,2016-05-12 4:45,Property,14.56662777,121.0455282,Rear-End
None,EDSA,None,None,"No Accident Factor, Side Swipe, 0.0 drivers_injured, 0.0 drivers_killed, 0.0 passengers_injured, 0.0 passengers_killed, 0.0 pedestrian_injured, 0.0 pedestrian_killed, Fair (Night), EDSA Kalayaan Ave. Makati",MMDA Road Safety Unit,,d0bd9dda-e9e7-4fea-8d13-e04c4ef76689,2016-05-11,13:00:00,EDSA Buendia Ave. Makati,0,0,0,0,0,0,0,0,0,0,2016-05-11 21:00,Property,14.55767933,121.038147,Side Swipe
None,EDSA,None,None,"No Accident Factor, Angle Impact, 0.0 drivers_injured, 0.0 drivers_killed, 0.0 passengers_injured, 0.0 passengers_killed, 0.0 pedestrian_injured, 0.0 pedestrian_killed, Fair (Night), EDSA Buendia Ave. Makati",MMDA Road Safety Unit,,2a27d17b-1147-401c-b7f5-b2ca66097074,2016-05-11,12:10:00,EDSA Ayala Loading / Unloading Bay Makati,0,0,0,0,0,0,0,0,0,0,2016-05-11 20:10,Property,14.55516134,121.0349756,Angle Impact
None,EDSA,None,None,"No Accident Factor, Side Swipe, 0.0 drivers_injured, 0.0 drivers_killed, 0.0 passengers_injured, 0.0 passengers_killed, 0.0 pedestrian_injured, 0.0 pedestrian_killed, Fair (Day), EDSA Guadalupe Mrt (NB) Makati",MMDA Road Safety Unit,,aaadf44e-d29d-4f51-ba99-962f8cb728c7,2016-05-11,09:55:00,EDSA Mc Kinley Road Makati,0,0,0,0,0,0,0,0,0,0,2016-05-11 17:55,Property,14.56672028,121.0454643,Side Swipe
None,EDSA,None,None,"No Accident Factor, Rear-end, 0.0 drivers_injured, 0.0 drivers_killed, 0.0 passengers_injured, 0.0 passengers_killed, 0.0 pedestrian_injured, 0.0 pedestrian_killed, Fair (Day), EDSA Ayala Ave. Makati",MMDA Road Safety Unit,,4282f3a5-2991-4d81-9695-eb3e09cb5590,2016-05-11,06:00:00,EDSA Buendia Ave. (Forbes Park) Makati,0,0,0,0,0,0,0,0,0,0,2016-05-11 14:00,Property,14.5503157,121.0293627,Rear-End
None,EDSA,None,None,"No Accident Factor, No Collision Stated (based on Police Blotter Book), 0.0 drivers_injured, 0.0 drivers_killed, 0.0 passengers_injured, 0.0 passengers_killed, 0.0 pedestrian_injured, 0.0 pedestrian_killed, Fair (Day), EDSA Magallanes Ave.  Makati",MMDA Road Safety Unit,,bac71fb0-173f-4771-babb-3cea454084b5,2016-05-10,02:30:00,EDSA Magallanes Loading / Unloading Bay Makati,0,0,0,0,0,0,0,0,0,0,2016-05-10 10:30,Property,14.53924572,121.0142961,No Collision Stated
None,EDSA,None,None,"No Accident Factor, Rear-end, 0.0 drivers_injured, 0.0 drivers_killed, 0.0 passengers_injured, 0.0 passengers_killed, 0.0 pedestrian_injured, 0.0 pedestrian_killed, Fair (Day), EDSA Magallanes (SB) Makati",MMDA Road Safety Unit,,3c5c4495-9e69-4f3b-a076-b63e0212316c,2016-05-10,01:55:00,EDSA Kalayaan Ave. Makati,0,0,0,0,0,0,0,0,0,0,2016-05-10 9:55,Property,14.53955946,121.0143517,Rear-End
None,EDSA,None,None,"No Accident Factor, Rear-end, 0.0 drivers_injured, 0.0 drivers_killed, 0.0 passengers_injured, 0.0 passengers_killed, 0.0 pedestrian_injured, 0.0 pedestrian_killed, Fair (Day), EDSA Estrella Loading Bay (SB) Makati",MMDA Road Safety Unit,,a78b12d7-3f48-4180-b57b-c373e8d15460,2016-05-10,00:45:00,EDSA Estrella St. Makati,0,0,0,0,0,0,0,0,0,0,2016-05-10 8:45,Property,14.56049908,121.0415707,Rear-End
None,EDSA,None,None,"No Accident Factor, Rear-end, 0.0 drivers_injured, 0.0 drivers_killed, 0.0 passengers_injured, 0.0 passengers_killed, 0.0 pedestrian_injured, 0.0 pedestrian_killed, Fair (Day), EDSA Danlig St. Makati",MMDA Road Safety Unit,,457e84aa-e380-4e00-8902-c4d82daf3768,2016-05-09,02:00:00,EDSA Magallanes Ave. Makati,0,0,0,0,0,0,0,0,0,0,2016-05-09 10:00,Property,14.55849878,121.0392461,Rear-End
None,EDSA,None,None,"No Accident Factor, Side Swipe, 0.0 drivers_injured, 0.0 drivers_killed, 0.0 passengers_injured, 0.0 passengers_killed, 0.0 pedestrian_injured, 0.0 pedestrian_killed, Fair (Night), EDSA Orense (NB) Makati",MMDA Road Safety Unit,,32818212-f0d7-4084-b9ba-4c6816fb52dc,2016-05-07,10:45:00,EDSA Estrella St. Makati,0,0,0,0,0,0,0,0,0,0,2016-05-07 18:45,Property,14.56156378,121.0428336,Side Swipe
None,EDSA,None,None,"No Accident Factor, Side Swipe, 0.0 drivers_injured, 0.0 drivers_killed, 0.0 passengers_injured, 0.0 passengers_killed, 0.0 pedestrian_injured, 0.0 pedestrian_killed, Fair (Day), EDSA Guadalupe (NB) Makati",MMDA Road Safety Unit,,e99a4eab-c24c-41cb-8e99-b3deddf1c9fb,2016-05-07,09:20:00,EDSA Chino Roces Ave. exit Makati,0,0,0,0,0,0,0,0,0,0,2016-05-07 17:20,Property,14.56662777,121.0455282,Side Swipe
None,EDSA,None,None,"No Accident Factor, Side Swipe, 0.0 drivers_injured, 0.0 drivers_killed, 0.0 passengers_injured, 0.0 passengers_killed, 0.0 pedestrian_injured, 0.0 pedestrian_killed, Fair (Day), EDSA Buendia (NB) Makati",MMDA Road Safety Unit,,f9c9de4b-ae13-4c7e-9dd6-ff10857c457c,2016-05-07,08:10:00,EDSA Ayala Ave. (SB) Makati,0,0,0,0,0,0,0,0,0,0,2016-05-07 16:10,Property,14.5549709,121.0347642,Side Swipe
None,EDSA,None,None,"No Accident Factor, Side Swipe, 0.0 drivers_injured, 0.0 drivers_killed, 0.0 passengers_injured, 0.0 passengers_killed, 0.0 pedestrian_injured, 0.0 pedestrian_killed, Fair (Night), EDSA Mc Kinley Road Makati",MMDA Road Safety Unit,,28ab114e-64f1-4de9-a70f-0afe1913fa83,2016-05-06,16:30:00,EDSA Kalayaan Ave. Makati,0,0,0,0,0,0,0,0,0,0,2016-05-07 0:30,Property,14.5501403,121.0294629,Side Swipe
None,EDSA,None,None,"No Accident Factor, Side Swipe, 0.0 drivers_injured, 0.0 drivers_killed, 0.0 passengers_injured, 0.0 passengers_killed, 0.0 pedestrian_injured, 0.0 pedestrian_killed, Fair (Night), EDSA Buendia (NB) Makati",MMDA Road Safety Unit,,fa1d73af-5bcf-4f5c-8ff7-cd4c77743629,2016-05-06,13:15:00,EDSA Kalayaan Ave. Makati,0,0,0,0,0,0,0,0,0,0,2016-05-06 21:15,Property,14.5549709,121.0347642,Side Swipe
None,EDSA,None,None,"No Accident Factor, Side Swipe, 0.0 drivers_injured, 0.0 drivers_killed, 0.0 passengers_injured, 0.0 passengers_killed, 0.0 pedestrian_injured, 0.0 pedestrian_killed, Fair (Night), EDSA Ayala Loading Bay (WB) Makati",MMDA Road Safety Unit,,4ab8dd80-8692-4017-8711-a4a5d43f0447,2016-05-06,11:20:00,EDSA Magallanes Interchange Makati,0,0,0,0,0,0,0,0,0,0,2016-05-06 19:20,Property,14.54906772,121.0276631,Side Swipe
None,EDSA,None,None,"No Accident Factor, Side Swipe, 0.0 drivers_injured, 0.0 drivers_killed, 0.0 passengers_injured, 0.0 passengers_killed, 0.0 pedestrian_injured, 0.0 pedestrian_killed, Fair (Day), EDSA Magallanes Ave. Makati",MMDA Road Safety Unit,,50a50e23-730d-45a6-aeaf-2aa60396f439,2016-05-06,08:30:00,EDSA MRT-Buendia Station Makati,0,0,0,0,0,0,0,0,0,0,2016-05-06 16:30,Property,14.53924572,121.0142961,Side Swipe
None,EDSA,None,None,"No Accident Factor, Hit and Run (No Collision Stated), 0.0 drivers_injured, 0.0 drivers_killed, 0.0 passengers_injured, 0.0 passengers_killed, 0.0 pedestrian_injured, 0.0 pedestrian_killed, Fair (Day), EDSA Ayala (SB) Makati",MMDA Road Safety Unit,,fc4813e0-930d-4334-9041-aba2136e5ad0,2016-05-05,23:55:00,EDSA Ayala Ave. Makati,0,0,0,0,0,0,0,0,0,0,2016-05-06 7:55,Property,14.5503157,121.0293627,No Collision Stated
None,EDSA,None,None,"No Accident Factor, Side Swipe, 0.0 drivers_injured, 0.0 drivers_killed, 0.0 passengers_injured, 0.0 passengers_killed, 0.0 pedestrian_injured, 0.0 pedestrian_killed, Fair (Day), EDSA Kalayaan Ave. Makati",MMDA Road Safety Unit,,db207af2-5087-49d4-801f-031840358f9f,2016-05-05,22:50:00,EDSA Ayala Service Road (SB) Makati,0,0,0,0,0,0,0,0,0,0,2016-05-06 6:50,Property,14.55767933,121.038147,Side Swipe
None,EDSA,None,None,"No Accident Factor, Side Swipe, 0.0 drivers_injured, 0.0 drivers_killed, 0.0 passengers_injured, 0.0 passengers_killed, 0.0 pedestrian_injured, 0.0 pedestrian_killed, Fair (Night), EDSA Kalayaan Ave. (EB) Makati",MMDA Road Safety Unit,,ca6bfbcd-73bb-4dce-979a-253a13be7611,2016-05-05,11:30:00,EDSA Guadalupe East Ramp (NB) Makati,0,0,0,0,0,0,0,0,0,0,2016-05-05 19:30,Property,14.55767933,121.038147,Side Swipe
None,EDSA,None,None,"No Accident Factor, Side Swipe, 0.0 drivers_injured, 0.0 drivers_killed, 0.0 passengers_injured, 0.0 passengers_killed, 0.0 pedestrian_injured, 0.0 pedestrian_killed, Fair (Night), EDSA Guadalupe Bridge (SB) Makati",MMDA Road Safety Unit,,e73a23c2-9b21-4d66-914d-571effce4961,2016-05-05,10:45:00,EDSA Evangelista St. Makati,0,0,0,0,0,0,0,0,0,0,2016-05-05 18:45,Property,14.56846648,121.0458404,Side Swipe
None,EDSA,None,None,"No Accident Factor, Side Swipe, 0.0 drivers_injured, 0.0 drivers_killed, 0.0 passengers_injured, 0.0 passengers_killed, 0.0 pedestrian_injured, 0.0 pedestrian_killed, Fair (Night), EDSA Guadalupe (NB) Makati",MMDA Road Safety Unit,,b6b6ad55-4f3e-4fa6-9250-11126d03c0be,2016-05-05,10:15:00,EDSA A. Arnaiz Ave. - Magallanes Interchange Makati,0,0,0,0,0,0,0,0,0,0,2016-05-05 18:15,Property,14.56662777,121.0455282,Side Swipe
None,EDSA,None,None,"No Accident Factor, Rear-end, 0.0 drivers_injured, 0.0 drivers_killed, 0.0 passengers_injured, 0.0 passengers_killed, 0.0 pedestrian_injured, 0.0 pedestrian_killed, Fair (Day), EDSA Ayala (SB) Makati",MMDA Road Safety Unit,,a04fd816-82bf-49f9-ac0d-053b04b1d42c,2016-05-05,01:10:00,EDSA Ayala Ave. Makati,0,0,0,0,0,0,0,0,0,0,2016-05-05 9:10,Property,14.5503157,121.0293627,Rear-End