LOCATION_TEXT,ROAD,WEATHER,LIGHT,DESC,REPORTING_AGENCY,MAIN_CAUSE,INCIDENTDETAILS_ID,DATE_UTC,TIME_UTC,ADDRESS,killed_driver,killed_passenger,killed_pedestrian,injured_driver,injured_passenger,injured_pedestrian,killed_uncategorized,injured_uncategorized,killed_total,injured_total,DATETIME_PST,SEVERITY,Y,X,COLLISION_TYPE
None,EDSA,None,None,"No Accident Factor, Side Swipe, 0.0 drivers_injured, 0.0 drivers_killed, 0.0 passengers_injured, 0.0 passengers_killed, 0.0 pedestrian_injured, 0.0 pedestrian_killed, Fair (Night), EDSA Guadalupe Bridge Makati",MMDA Road Safety Unit,,647c4db7-df80-4c63-8690-8b3b4c6f7d5f,2016-05-04,14:35:00,EDSA Ayala Ave. (WB) Makati,0,0,0,0,0,0,0,0,0,0,2016-05-04 22:35,Property,14.56846648,121.0458404,Side Swipe
None,EDSA,None,None,"No Accident Factor, Side Swipe, 0.0 drivers_injured, 0.0 drivers_killed, 0.0 passengers_injured, 0.0 passengers_killed, 0.0 pedestrian_injured, 0.0 pedestrian_killed, Fair (Night), EDSA Mc Kinley Road Makati",MMDA Road Safety Unit,,4ec6935a-d107-4f60-aa6d-ce7a9c04dfb5,2016-05-04,12:25:00,EDSA Magallanes Interchange (SB) Makati,0,0,0,0,0,0,0,0,0,0,2016-05-04 20:25,Property,14.5501403,121.0294629,Side Swipe
None,EDSA,None,None,"No Accident Factor, Hit Object (Fence/Wall-See-thru), 0.0 drivers_injured, 0.0 drivers_killed, 0.0 passengers_injured, 0.0 passengers_killed, 0.0 pedestrian_injured, 0.0 pedestrian_killed, Fair (Day), EDSA Ayala (SB) Makati",MMDA Road Safety Unit,,d15b1c4c-fbe4-487b-b9a0-e5b819721a2f,2016-05-04,09:30:00,EDSA Magallanes Interchange (SB) Makati,0,0,0,0,0,0,0,0,0,0,2016-05-04 17:30,Property,14.5503157,121.0293627,Hit Object
None,EDSA,None,None,"No Accident Factor, Side Swipe, 0.0 drivers_injured, 0.0 drivers_killed, 0.0 passengers_injured, 0.0 passengers_killed, 0.0 pedestrian_injured, 0.0 pedestrian_killed, Fair (Day), EDSA Guadalupe Cloverleaf (NB) Makati",MMDA Road Safety Unit,,3bba2d9a-3b7a-4c8d-b6d9-665204329573,2016-05-04,09:25:00,EDSA Magallanes Interchange (SB) Makati,0,0,0,0,0,0,0,0,0,0,2016-05-04 17:25,Property,14.56721487,121.0456283,Side Swipe
None,EDSA,None,None,"No Accident Factor, Side Swipe, 0.0 drivers_injured, 0.0 drivers_killed, 0.0 passengers_injured, 0.0 passengers_killed, 0.0 pedestrian_injured, 0.0 pedestrian_killed, Fair (Night), EDSA Guadalupe Cloverleaf (NB) Makati",MMDA Road Safety Unit,,59b7827b-3fdb-4123-9e2c-01b29965238d,2016-05-03,12:05:00,EDSA Ayala Ave. Makati,0,0,0,0,0,0,0,0,0,0,2016-05-03 20:05,Property,14.56721487,121.0456283,Side Swipe
None,EDSA,None,None,"No Accident Factor, Side Swipe, 0.0 drivers_injured, 0.0 drivers_killed, 0.0 passengers_injured, 0.0 passengers_killed, 0.0 pedestrian_injured, 0.0 pedestrian_killed, Fair (Night), EDSA Mc Kinley Road, Forbes Park Makati",MMDA Road Safety Unit,,c780ce29-2bb0-46f2-a124-98b441933ac2,2016-05-03,10:15:00,EDSA Guadalupe MRT Station Makati,0,0,0,0,0,0,0,0,0,0,2016-05-03 18:15,Property,14.5501403,121.0294629,Side Swipe
None,EDSA,None,None,"No Accident Factor, Side Swipe, 0.0 drivers_injured, 0.0 drivers_killed, 0.0 passengers_injured, 0.0 passengers_killed, 0.0 pedestrian_injured, 0.0 pedestrian_killed, Fair (Night), EDSA A. Arnaiz Ave.  Makati",MMDA Road Safety Unit,,006ce2c9-04a7-4e44-a105-e17ce9a07d51,2016-05-02,10:00:00,EDSA Pasay Road (SB) Makati,0,0,0,0,0,0,0,0,0,0,2016-05-02 18:00,Property,14.54742131,121.0262139,Side Swipe
None,EDSA,None,None,"No Accident Factor, No Collision Stated (based on Police Blotter Book), 1.0 drivers_injured, 0.0 drivers_killed, 0.0 passengers_injured, 0.0 passengers_killed, 0.0 pedestrian_injured, 0.0 pedestrian_killed, Fair (Day), EDSA Ayala Ave. (NB) Makati",MMDA Road Safety Unit,,196616dd-d73d-45ab-b6f0-9965158d5fcb,2016-04-30,07:25:00,EDSA Chino Roces Ave. Makati,0,0,0,1,0,0,0,0,0,1,2016-04-30 15:25,Injury,14.5503157,121.0293627,No Collision Stated
None,EDSA,None,None,"No Accident Factor, Hit Object (Barrier-Concrete), 0.0 drivers_injured, 0.0 drivers_killed, 0.0 passengers_injured, 0.0 passengers_killed, 0.0 pedestrian_injured, 0.0 pedestrian_killed, Fair (Day), EDSA Buedia Ave.  Makati",MMDA Road Safety Unit,,e4b87de7-0a80-4c89-b97b-91351559ec9c,2016-04-29,00:15:00,EDSA Magallanes Interchange (SB) Makati,0,0,0,0,0,0,0,0,0,0,2016-04-29 8:15,Property,14.5549709,121.0347642,Hit Object
None,EDSA,None,None,"No Accident Factor, Rear-end, 0.0 drivers_injured, 0.0 drivers_killed, 0.0 passengers_injured, 0.0 passengers_killed, 0.0 pedestrian_injured, 0.0 pedestrian_killed, Fair (Day), EDSA Buendia Ave. Makati",MMDA Road Safety Unit,,9e43adc4-09a0-4af4-b984-d94c9536d159,2016-04-28,00:55:00,EDSA Magallanes Loading / Unloading Bay Makati,0,0,0,0,0,0,0,0,0,0,2016-04-28 8:55,Property,14.55516134,121.0349756,Rear-End
None,EDSA,None,None,"No Accident Factor, Rear-end, 0.0 drivers_injured, 0.0 drivers_killed, 0.0 passengers_injured, 0.0 passengers_killed, 0.0 pedestrian_injured, 0.0 pedestrian_killed, Fair (Day), EDSA Ayala Loading / Unloading Bay Makati",MMDA Road Safety Unit,,8f64cc97-9c42-4723-ae82-9f13a7932439,2016-04-27,23:15:00,EDSA Estrella St. Makati,0,0,0,0,0,0,0,0,0,0,2016-04-28 7:15,Property,14.54906772,121.0276631,Rear-End
None,EDSA,None,None,"No Accident Factor, Rear-end, 0.0 drivers_injured, 0.0 drivers_killed, 0.0 passengers_injured, 0.0 passengers_killed, 0.0 pedestrian_injured, 0.0 pedestrian_killed, Fair (Day), EDSA Mc Kinley Road Makati",MMDA Road Safety Unit,,031376ba-ab99-4784-a3bc-be62b6070e0f,2016-04-27,09:00:00,EDSA Guadalupe Bridge Makati,0,0,0,0,0,0,0,0,0,0,2016-04-27 17:00,Property,14.5501403,121.0294629,Rear-End
None,EDSA,None,None,"No Accident Factor, Side Swipe, 0.0 drivers_injured, 0.0 drivers_killed, 6.0 passengers_injured, 0.0 passengers_killed, 0.0 pedestrian_injured, 0.0 pedestrian_killed, Fair (Day), EDSA Buendia Ave. (Forbes Park) Makati",MMDA Road Safety Unit,,1c6f61b8-2a87-4e5a-8a07-0833974cda79,2016-04-26,08:00:00,EDSA Buendia Ave. Makati,0,0,0,0,6,0,0,0,0,6,2016-04-26 16:00,Injury,14.55517972,121.0349173,Side Swipe
None,EDSA,None,None,"No Accident Factor, Side Swipe, 0.0 drivers_injured, 0.0 drivers_killed, 0.0 passengers_injured, 0.0 passengers_killed, 0.0 pedestrian_injured, 0.0 pedestrian_killed, Fair (Day), EDSA Magallanes Loading / Unloading Bay Makati",MMDA Road Safety Unit,,7e460272-4a57-4da1-bfb2-fdf0a0b3db28,2016-04-25,06:45:00,EDSA Ayala Ave. Makati,0,0,0,0,0,0,0,0,0,0,2016-04-25 14:45,Property,14.54402536,121.021754,Side Swipe
None,EDSA,None,None,"No Accident Factor, Side Swipe, 0.0 drivers_injured, 0.0 drivers_killed, 0.0 passengers_injured, 0.0 passengers_killed, 0.0 pedestrian_injured, 0.0 pedestrian_killed, Fair (Day), EDSA Kalayaan Ave. Makati",MMDA Road Safety Unit,,7311fd6e-412a-4abe-b944-23eafa610c7c,2016-04-25,04:15:00,EDSA Guadalupe East Ramp (NB) Makati,0,0,0,0,0,0,0,0,0,0,2016-04-25 12:15,Property,14.55767933,121.038147,Side Swipe
None,EDSA,None,None,"No Accident Factor, Rear-end, 0.0 drivers_injured, 0.0 drivers_killed, 0.0 passengers_injured, 0.0 passengers_killed, 0.0 pedestrian_injured, 0.0 pedestrian_killed, Fair (Day), EDSA Estrella St. Makati",MMDA Road Safety Unit,,f191b3e9-be83-41b2-afae-3036f3166d88,2016-04-25,03:35:00,EDSA South Superhighway (NB) / Magallanes Makati,0,0,0,0,0,0,0,0,0,0,2016-04-25 11:35,Property,14.56004326,121.0411034,Rear-End
None,EDSA,None,None,"No Accident Factor, Side Swipe, 0.0 drivers_injured, 0.0 drivers_killed, 0.0 passengers_injured, 0.0 passengers_killed, 0.0 pedestrian_injured, 0.0 pedestrian_killed, Fair (Night), EDSA Magallanes Ave. Makati",MMDA Road Safety Unit,,25c4c248-2df5-4b43-ba8b-46dbfb4cadb7,2016-04-24,20:00:00,EDSA Estrella St. Makati,0,0,0,0,0,0,0,0,0,0,2016-04-25 4:00,Property,14.53924572,121.0142961,Side Swipe
None,EDSA,None,None,"No Accident Factor, Side Swipe, 0.0 drivers_injured, 0.0 drivers_killed, 0.0 passengers_injured, 0.0 passengers_killed, 0.0 pedestrian_injured, 0.0 pedestrian_killed, Fair (Night), EDSA Estrella St. Makati",MMDA Road Safety Unit,,948ad0cd-6493-4270-bea4-2c4f48e5acd6,2016-04-24,15:10:00,EDSA Estrella St. Makati,0,0,0,0,0,0,0,0,0,0,2016-04-24 23:10,Property,14.56004326,121.0411034,Side Swipe
None,EDSA,None,None,"No Accident Factor, Side Swipe, 0.0 drivers_injured, 0.0 drivers_killed, 0.0 passengers_injured, 0.0 passengers_killed, 0.0 pedestrian_injured, 0.0 pedestrian_killed, Fair (Day), EDSA Chino Roces Ave. exit Makati",MMDA Road Safety Unit,,f18a1327-73c2-4cab-8d3c-33f28efa44c4,2016-04-23,06:15:00,EDSA Magallanes Interchange Makati,0,0,0,0,0,0,0,0,0,0,2016-04-23 14:15,Property,14.54117334,121.0183458,Side Swipe
None,EDSA,None,None,"No Accident Factor, Rear-end, 0.0 drivers_injured, 0.0 drivers_killed, 0.0 passengers_injured, 0.0 passengers_killed, 0.0 pedestrian_injured, 0.0 pedestrian_killed, Fair (Day), EDSA Ayala Ave. (SB) Makati",MMDA Road Safety Unit,,1f1644f4-cdc5-482f-873c-8836c3867551,2016-04-23,05:20:00,EDSA Estrella St. Makati,0,0,0,0,0,0,0,0,0,0,2016-04-23 13:20,Property,14.5503157,121.0293627,Rear-End
None,EDSA,None,None,"No Accident Factor, Side Swipe, 0.0 drivers_injured, 0.0 drivers_killed, 0.0 passengers_injured, 0.0 passengers_killed, 0.0 pedestrian_injured, 0.0 pedestrian_killed, Fair (Night), EDSA Kalayaan Ave. Makati",MMDA Road Safety Unit,,7e5c2eb7-377c-407c-83aa-9d26770b6c75,2016-04-22,19:00:00,EDSA Mc Kinley Road Makati,0,0,0,0,0,0,0,0,0,0,2016-04-23 3:00,Property,14.55767933,121.038147,Side Swipe
None,EDSA,None,None,"No Accident Factor, No Collision Stated (based on Police Blotter Book), 0.0 drivers_injured, 0.0 drivers_killed, 0.0 passengers_injured, 0.0 passengers_killed, 0.0 pedestrian_injured, 0.0 pedestrian_killed, Fair (Night), EDSA Kalayaan Ave. Makati",MMDA Road Safety Unit,,5cbcd11a-c688-49c4-8624-bf71a6fa814b,2016-04-22,13:45:00,EDSA Magallanes (SB)  Makati,0,0,0,0,0,0,0,0,0,0,2016-04-22 21:45,Property,14.55767933,121.038147,No Collision Stated
None,EDSA,None,None,"No Accident Factor, Side Swipe, 0.0 drivers_injured, 0.0 drivers_killed, 0.0 passengers_injured, 0.0 passengers_killed, 0.0 pedestrian_injured, 0.0 pedestrian_killed, Fair (Night), EDSA Magallanes Interchange Makati",MMDA Road Safety Unit,,149e84fd-e038-423e-877c-af44c1bba47b,2016-04-22,11:00:00,"EDSA ""U"" turn slot, Chino Roces Ave. Makati",0,0,0,0,0,0,0,0,0,0,2016-04-22 19:00,Property,14.54679556,121.0248047,Side Swipe
None,EDSA,None,None,"No Accident Factor, Side Swipe, 0.0 drivers_injured, 0.0 drivers_killed, 0.0 passengers_injured, 0.0 passengers_killed, 0.0 pedestrian_injured, 0.0 pedestrian_killed, Fair (Day), EDSA MRT-Buendia Station Makati",MMDA Road Safety Unit,,0de8f418-b3b4-46f9-a73a-55bdfeaf87fe,2016-04-21,00:30:00,EDSA J. P. Rizal Ave. (WB) Makati,0,0,0,0,0,0,0,0,0,0,2016-04-21 8:30,Property,14.55426124,121.033876,Side Swipe
None,EDSA,None,None,"No Accident Factor, Side Swipe, 0.0 drivers_injured, 0.0 drivers_killed, 0.0 passengers_injured, 0.0 passengers_killed, 0.0 pedestrian_injured, 0.0 pedestrian_killed, Fair (Day), EDSA Ayala Ave. Makati",MMDA Road Safety Unit,,e9ff7b9b-8595-4b7f-a437-bbcf2259dce4,2016-04-20,07:00:00,EDSA J. P. Rizal Ave. Makati,0,0,0,0,0,0,0,0,0,0,2016-04-20 15:00,Property,14.5503157,121.0293627,Side Swipe
None,EDSA,None,None,"No Accident Factor, Side Swipe, 0.0 drivers_injured, 0.0 drivers_killed, 0.0 passengers_injured, 0.0 passengers_killed, 0.0 pedestrian_injured, 0.0 pedestrian_killed, Fair (Day), EDSA Ayala Service Road (SB) Makati",MMDA Road Safety Unit,,8f908e45-6630-4286-9fb1-68b50d9c362b,2016-04-19,23:40:00,EDSA Ayala Ave. Makati,0,0,0,0,0,0,0,0,0,0,2016-04-20 7:40,Property,14.5484559,121.0273067,Side Swipe
None,EDSA,None,None,"No Accident Factor, Side Swipe, 0.0 drivers_injured, 0.0 drivers_killed, 0.0 passengers_injured, 0.0 passengers_killed, 0.0 pedestrian_injured, 0.0 pedestrian_killed, Fair (Day), EDSA Guadalupe East Ramp (NB) Makati",MMDA Road Safety Unit,,50797d86-1ce2-437b-92fe-b3f3eb8e39d5,2016-04-19,08:55:00,"EDSA Phoeniz Gas Station, Guadalupe  Makati",0,0,0,0,0,0,0,0,0,0,2016-04-19 16:55,Property,14.56721487,121.0456283,Side Swipe
None,EDSA,None,None,"No Accident Factor, Side Swipe, 0.0 drivers_injured, 0.0 drivers_killed, 0.0 passengers_injured, 0.0 passengers_killed, 0.0 pedestrian_injured, 0.0 pedestrian_killed, Fair (Day), EDSA Evangelista St. Makati",MMDA Road Safety Unit,,59532b28-c8ed-47c5-b9e3-0399fa24573b,2016-04-19,07:30:00,EDSA Ayala Ave. Makati,0,0,0,0,0,0,0,0,0,0,2016-04-19 15:30,Property,14.53906878,121.012324,Side Swipe
None,EDSA,None,None,"No Accident Factor, Side Swipe, 0.0 drivers_injured, 0.0 drivers_killed, 0.0 passengers_injured, 0.0 passengers_killed, 0.0 pedestrian_injured, 0.0 pedestrian_killed, Fair (Day), EDSA A. Arnaiz Ave. - Magallanes Interchange Makati",MMDA Road Safety Unit,,d0cac7f4-94bd-4a7c-b2c0-6e578d0349d8,2016-04-17,08:00:00,EDSA J. P. Rizal Ave. Makati,0,0,0,0,0,0,0,0,0,0,2016-04-17 16:00,Property,14.54761203,121.0260312,Side Swipe
None,EDSA,None,None,"No Accident Factor, Side Swipe, 0.0 drivers_injured, 0.0 drivers_killed, 0.0 passengers_injured, 0.0 passengers_killed, 0.0 pedestrian_injured, 0.0 pedestrian_killed, Fair (Night), EDSA Ayala Ave. Makati",MMDA Road Safety Unit,,d75d1e1b-e34d-47b1-96d8-74a97f8d19d7,2016-04-16,14:40:00,EDSA Buendia Ave. Makati,0,0,0,0,0,0,0,0,0,0,2016-04-16 22:40,Property,14.5503157,121.0293627,Side Swipe
None,EDSA,None,None,"No Accident Factor, Side Swipe, 0.0 drivers_injured, 0.0 drivers_killed, 0.0 passengers_injured, 0.0 passengers_killed, 0.0 pedestrian_injured, 0.0 pedestrian_killed, Fair (Day), EDSA Ayala Ave. (WB) Makati",MMDA Road Safety Unit,,c6702907-7918-4ea4-a299-4166f74508c8,2016-04-14,07:45:00,EDSA Ayala Ave. Makati,0,0,0,0,0,0,0,0,0,0,2016-04-14 15:45,Property,14.5503157,121.0293627,Side Swipe
None,EDSA,None,None,"No Accident Factor, Side Swipe, 0.0 drivers_injured, 0.0 drivers_killed, 0.0 passengers_injured, 0.0 passengers_killed, 0.0 pedestrian_injured, 0.0 pedestrian_killed, Fair (Day), EDSA Magallanes Interchange (SB) Makati",MMDA Road Safety Unit,,15c55d79-20f3-4441-9540-503f1ff7340d,2016-04-14,01:30:00,EDSA Ayala Ave. Makati,0,0,0,0,0,0,0,0,0,0,2016-04-14 9:30,Property,14.54679556,121.0248047,Side Swipe
None,EDSA,None,None,"No Accident Factor, Multiple Collision, 1.0 drivers_injured, 0.0 drivers_killed, 0.0 passengers_injured, 0.0 passengers_killed, 0.0 pedestrian_injured, 0.0 pedestrian_killed, Fair (Day), EDSA Magallanes Interchange (SB) Makati",MMDA Road Safety Unit,,5aa5720f-1726-48e2-a203-bc7ca0c53ca1,2016-04-13,09:30:00,EDSA A. Arnaiz Ave. Makati,0,0,0,1,0,0,0,0,0,1,2016-04-13 17:30,Injury,14.54679556,121.0248047,Multiple
None,EDSA,None,None,"No Accident Factor, Rear-end, 0.0 drivers_injured, 0.0 drivers_killed, 0.0 passengers_injured, 0.0 passengers_killed, 0.0 pedestrian_injured, 0.0 pedestrian_killed, Fair (Day), EDSA Magallanes Interchange (SB) Makati",MMDA Road Safety Unit,,7290d4e1-faa2-4025-b1bc-5f17131cc5b8,2016-04-13,01:30:00,EDSA A. Arnaiz Ave. Makati,0,0,0,0,0,0,0,0,0,0,2016-04-13 9:30,Property,14.54679556,121.0248047,Rear-End
None,EDSA,None,None,"No Accident Factor, Rear-end, 0.0 drivers_injured, 0.0 drivers_killed, 0.0 passengers_injured, 0.0 passengers_killed, 0.0 pedestrian_injured, 0.0 pedestrian_killed, Fair (Day), EDSA Ayala Ave. Makati",MMDA Road Safety Unit,,b30ad258-be4c-4dae-a204-9db43680f19a,2016-04-12,23:45:00,EDSA A. Arnaiz Ave. Makati,0,0,0,0,0,0,0,0,0,0,2016-04-13 7:45,Property,14.5503157,121.0293627,Rear-End
None,EDSA,None,None,"No Accident Factor, Side Swipe, 0.0 drivers_injured, 0.0 drivers_killed, 0.0 passengers_injured, 0.0 passengers_killed, 0.0 pedestrian_injured, 0.0 pedestrian_killed, Fair (Night), EDSA Guadalupe MRT Station Makati",MMDA Road Safety Unit,,8153a593-e27f-44da-980c-63dc7380cd28,2016-04-12,15:05:00,EDSA Ayala Ave. Makati,0,0,0,0,0,0,0,0,0,0,2016-04-12 23:05,Property,14.56672028,121.0454643,Side Swipe
None,EDSA,None,None,"No Accident Factor, Side Swipe, 0.0 drivers_injured, 0.0 drivers_killed, 0.0 passengers_injured, 0.0 passengers_killed, 0.0 pedestrian_injured, 0.0 pedestrian_killed, Fair (Day), EDSA Pasay Road (SB) Makati",MMDA Road Safety Unit,,601958cb-77fb-4859-afdb-64e55ce114a5,2016-04-12,09:15:00,EDSA Ayala Ave. Makati,0,0,0,0,0,0,0,0,0,0,2016-04-12 17:15,Property,14.54751758,121.026218,Side Swipe
None,EDSA,None,None,"No Accident Factor, Side Swipe, 0.0 drivers_injured, 0.0 drivers_killed, 0.0 passengers_injured, 0.0 passengers_killed, 0.0 pedestrian_injured, 0.0 pedestrian_killed, Fair (Day), EDSA Chino Roces Ave. Makati",MMDA Road Safety Unit,,d9f10e1d-0777-4931-9abc-b3756176ff0e,2016-04-12,08:20:00,EDSA Ayala Ave. Makati,0,0,0,0,0,0,0,0,0,0,2016-04-12 16:20,Property,14.54117334,121.0183458,Side Swipe
None,EDSA,None,None,"No Accident Factor, Rear-end, 0.0 drivers_injured, 0.0 drivers_killed, 0.0 passengers_injured, 0.0 passengers_killed, 0.0 pedestrian_injured, 0.0 pedestrian_killed, Fair (Day), EDSA Magallanes Interchange (SB) Makati",MMDA Road Safety Unit,,6b67d740-3b71-4834-b8c9-b01bddae4234,2016-04-12,04:00:00,EDSA Chino Roces Ave. Makati,0,0,0,0,0,0,0,0,0,0,2016-04-12 12:00,Property,14.54679556,121.0248047,Rear-End
None,EDSA,None,None,"No Accident Factor, Rear-end, 0.0 drivers_injured, 0.0 drivers_killed, 0.0 passengers_injured, 0.0 passengers_killed, 0.0 pedestrian_injured, 0.0 pedestrian_killed, Fair (Day), EDSA Magallanes Loading / Unloading Bay Makati",MMDA Road Safety Unit,,6e9ebbf1-9733-442b-8d7d-cced44978804,2016-04-12,03:15:00,EDSA Don Chino Roces (Pasong Tamo) Ave. Extn.  Makati,0,0,0,0,0,0,0,0,0,0,2016-04-12 11:15,Property,14.54402536,121.021754,Rear-End
None,EDSA,None,None,"No Accident Factor, Rear-end, 0.0 drivers_injured, 0.0 drivers_killed, 0.0 passengers_injured, 0.0 passengers_killed, 0.0 pedestrian_injured, 0.0 pedestrian_killed, Fair (Night), EDSA Estrella St. Makati",MMDA Road Safety Unit,,8abcd48a-d77c-4d6a-b352-ed605d2bccb0,2016-04-09,20:30:00,EDSA Ayala Ave. Makati,0,0,0,0,0,0,0,0,0,0,2016-04-10 4:30,Property,14.56004326,121.0411034,Rear-End
None,EDSA,None,None,"No Accident Factor, Rear-end, 0.0 drivers_injured, 0.0 drivers_killed, 0.0 passengers_injured, 0.0 passengers_killed, 0.0 pedestrian_injured, 0.0 pedestrian_killed, Fair (Night), EDSA Guadalupe Bridge Makati",MMDA Road Safety Unit,,dd4c8440-7217-4ab8-84bf-eda2c7d9fb60,2016-04-08,15:35:00,EDSA A. Arnaiz Ave. (Pasay Road) Makati,0,0,0,0,0,0,0,0,0,0,2016-04-08 23:35,Property,14.56846648,121.0458404,Rear-End
None,EDSA,None,None,"No Accident Factor, Side Swipe, 0.0 drivers_injured, 0.0 drivers_killed, 0.0 passengers_injured, 0.0 passengers_killed, 0.0 pedestrian_injured, 0.0 pedestrian_killed, Fair (Night), EDSA Buendia Ave. Makati",MMDA Road Safety Unit,,5296cf20-fe5e-4aea-bc19-60f5553a2f62,2016-04-08,15:15:00,EDSA Mc Kinley Intersection (WB) Makati,0,0,0,0,0,0,0,0,0,0,2016-04-08 23:15,Property,14.55516134,121.0349756,Side Swipe
None,EDSA,None,None,"No Accident Factor, Side Swipe, 0.0 drivers_injured, 0.0 drivers_killed, 0.0 passengers_injured, 0.0 passengers_killed, 0.0 pedestrian_injured, 0.0 pedestrian_killed, Fair (Day), EDSA Ayala Ave. Makati",MMDA Road Safety Unit,,2ceabee1-7190-4417-983c-c29c510d93e6,2016-04-07,08:45:00,EDSA Ayala Ave. Makati,0,0,0,0,0,0,0,0,0,0,2016-04-07 16:45,Property,14.5503157,121.0293627,Side Swipe
None,EDSA,None,None,"No Accident Factor, Multiple Collision, 1.0 drivers_injured, 0.0 drivers_killed, 0.0 passengers_injured, 0.0 passengers_killed, 0.0 pedestrian_injured, 0.0 pedestrian_killed, Fair (Night), EDSA Guadalupe East Ramp (NB) Makati",MMDA Road Safety Unit,,e09a026a-dbc5-43f6-8751-49f583ad1ffb,2016-04-06,11:25:00,EDSA Mc Kinley Road Makati,0,0,0,1,0,0,0,0,0,1,2016-04-06 19:25,Injury,14.56721487,121.0456283,Multiple
None,EDSA,None,None,"No Accident Factor, Side Swipe, 0.0 drivers_injured, 0.0 drivers_killed, 0.0 passengers_injured, 0.0 passengers_killed, 0.0 pedestrian_injured, 0.0 pedestrian_killed, Fair (Night), EDSA South Superhighway (NB) / Magallanes Makati",MMDA Road Safety Unit,,ce2a3a14-1192-44be-9250-ac3e36a05562,2016-04-06,10:35:00,EDSA A. Arnaiz Ave. Makati,0,0,0,0,0,0,0,0,0,0,2016-04-06 18:35,Property,14.54054957,121.016932,Side Swipe
None,EDSA,None,None,"No Accident Factor, Rear-end, 0.0 drivers_injured, 0.0 drivers_killed, 0.0 passengers_injured, 0.0 passengers_killed, 0.0 pedestrian_injured, 0.0 pedestrian_killed, Fair (Day), EDSA Estrella St. Makati",MMDA Road Safety Unit,,8be53c8d-29c2-4743-85f1-4286d2a1284a,2016-04-06,06:25:00,EDSA Buendia Ave. (Forbes Park) NB Makati,0,0,0,0,0,0,0,0,0,0,2016-04-06 14:25,Property,14.56004326,121.0411034,Rear-End
None,EDSA,None,None,"No Accident Factor, Rear-end, 0.0 drivers_injured, 0.0 drivers_killed, 0.0 passengers_injured, 0.0 passengers_killed, 0.0 pedestrian_injured, 0.0 pedestrian_killed, Fair (Day), EDSA Estrella St. Makati",MMDA Road Safety Unit,,d58b21ff-8c56-449a-bc4c-e690ea6de4d8,2016-04-05,04:45:00,EDSA Kalayaan Ave. Makati,0,0,0,0,0,0,0,0,0,0,2016-04-05 12:45,Property,14.56004326,121.0411034,Rear-End
None,EDSA,None,None,"No Accident Factor, Rear-end, 0.0 drivers_injured, 0.0 drivers_killed, 0.0 passengers_injured, 0.0 passengers_killed, 0.0 pedestrian_injured, 0.0 pedestrian_killed, Fair (Day), EDSA Magallanes Interchange Makati",MMDA Road Safety Unit,,92cec6ec-f9ff-43a0-9c47-0da2136f0629,2016-04-04,04:35:00,EDSA Magallanes Interchange Makati,0,0,0,0,0,0,0,0,0,0,2016-04-04 12:35,Property,14.54679556,121.0248047,Rear-End
None,EDSA,None,None,"No Accident Factor, Rear-end, 0.0 drivers_injured, 0.0 drivers_killed, 0.0 passengers_injured, 0.0 passengers_killed, 0.0 pedestrian_injured, 0.0 pedestrian_killed, Fair (Day), EDSA Estrella St. Makati",MMDA Road Safety Unit,,122c6147-09cb-46c5-b720-c1434a540d08,2016-04-04,02:50:00,"EDSA ""U"" turn slot (SB), Buendia Ave.  Makati",0,0,0,0,0,0,0,0,0,0,2016-04-04 10:50,Property,14.56004326,121.0411034,Rear-End
None,EDSA,None,None,"No Accident Factor, Side Swipe, 0.0 drivers_injured, 0.0 drivers_killed, 0.0 passengers_injured, 0.0 passengers_killed, 0.0 pedestrian_injured, 0.0 pedestrian_killed, Fair (Day), EDSA Mc Kinley Road Makati",MMDA Road Safety Unit,,f1428c90-b8dd-4687-9277-0e27d92f6cc0,2016-04-01,06:20:00,EDSA P. Burgos St. Makati,0,0,0,0,0,0,0,0,0,0,2016-04-01 14:20,Property,14.5501403,121.0294629,Side Swipe
None,EDSA,None,None,"No Accident Factor, Multiple Collision, 1.0 drivers_injured, 0.0 drivers_killed, 0.0 passengers_injured, 0.0 passengers_killed, 0.0 pedestrian_injured, 0.0 pedestrian_killed, Fair (Day), EDSA Magallanes (SB)  Makati",MMDA Road Safety Unit,,a59538fb-3136-4b38-9400-fc7e33fb9ca6,2016-03-31,09:00:00,EDSA Mc Kinley Service Road  Makati,0,0,0,1,0,0,0,0,0,1,2016-03-31 17:00,Injury,14.53955946,121.0143517,Multiple
None,EDSA,None,None,"No Accident Factor, Rear-end, 0.0 drivers_injured, 0.0 drivers_killed, 0.0 passengers_injured, 0.0 passengers_killed, 0.0 pedestrian_injured, 0.0 pedestrian_killed, Fair (Day), EDSA ""U"" turn slot, Chino Roces Ave. Makati",MMDA Road Safety Unit,,74c13a34-5445-458c-b714-f5dc7b73c676,2016-03-31,01:30:00,EDSA Guadalupe Bridge Makati,0,0,0,0,0,0,0,0,0,0,2016-03-31 9:30,Property,14.54111151,121.0183389,Rear-End
None,EDSA,None,None,"No Accident Factor, Side Swipe, 0.0 drivers_injured, 0.0 drivers_killed, 0.0 passengers_injured, 0.0 passengers_killed, 0.0 pedestrian_injured, 0.0 pedestrian_killed, Fair (Night), EDSA J. P. Rizal Ave. (WB) Makati",MMDA Road Safety Unit,,2e277b37-937d-4ca7-b3b4-a3b5ad34cf62,2016-03-30,12:15:00,"EDSA Magallanes, San Lorenzo B Makati",0,0,0,0,0,0,0,0,0,0,2016-03-30 20:15,Property,14.56800921,121.0459132,Side Swipe
None,EDSA,None,None,"No Accident Factor, Side Swipe, 0.0 drivers_injured, 0.0 drivers_killed, 0.0 passengers_injured, 0.0 passengers_killed, 0.0 pedestrian_injured, 0.0 pedestrian_killed, Fair (Night), EDSA J. P. Rizal Ave. Makati",MMDA Road Safety Unit,,817c003f-a846-49ec-ab8b-98ff28456195,2016-03-30,12:05:00,EDSA Ayala Ave. Makati,0,0,0,0,0,0,0,0,0,0,2016-03-30 20:05,Property,14.56800921,121.0459132,Side Swipe