LOCATION_TEXT,ROAD,WEATHER,LIGHT,DESC,REPORTING_AGENCY,MAIN_CAUSE,INCIDENTDETAILS_ID,DATE_UTC,TIME_UTC,ADDRESS,killed_driver,killed_passenger,killed_pedestrian,injured_driver,injured_passenger,injured_pedestrian,killed_uncategorized,injured_uncategorized,killed_total,injured_total,DATETIME_PST,SEVERITY,Y,X,COLLISION_TYPE
None,EDSA,None,None,"No Accident Factor, Side Swipe, 0.0 drivers_injured, 0.0 drivers_killed, 0.0 passengers_injured, 0.0 passengers_killed, 0.0 pedestrian_injured, 0.0 pedestrian_killed, Fair (Night), EDSA Ayala Ave. Makati",MMDA Road Safety Unit,,6a6f5675-d974-4f0c-bfdb-4faae1f263cf,2016-03-30,11:00:00,EDSA Ayala Ave. Intersection (NB) Makati,0,0,0,0,0,0,0,0,0,0,2016-03-30 19:00,Property,14.5503157,121.0293627,Side Swipe
None,EDSA,None,None,"No Accident Factor, Rear-end, 0.0 drivers_injured, 0.0 drivers_killed, 0.0 passengers_injured, 0.0 passengers_killed, 0.0 pedestrian_injured, 0.0 pedestrian_killed, Fair (Day), EDSA Phoeniz Gas Station, Guadalupe  Makati",MMDA Road Safety Unit,,58283f9e-08c4-44f6-8ede-f479ceec9c27,2016-03-30,01:30:00,EDSA Mc Kinley Access Road  Makati,0,0,0,0,0,0,0,0,0,0,2016-03-30 9:30,Property,14.5633726,121.0442458,Rear-End
None,EDSA,None,None,"No Accident Factor, Side Swipe, 0.0 drivers_injured, 0.0 drivers_killed, 0.0 passengers_injured, 0.0 passengers_killed, 0.0 pedestrian_injured, 0.0 pedestrian_killed, Fair (Day), EDSA Ayala Ave. Makati",MMDA Road Safety Unit,,cf1e6833-e401-4692-8ff0-2501459263e9,2016-03-27,00:30:00,EDSA Pasay Road Makati,0,0,0,0,0,0,0,0,0,0,2016-03-27 8:30,Property,14.5503157,121.0293627,Side Swipe
None,EDSA,None,None,"No Accident Factor, Side Swipe, 0.0 drivers_injured, 0.0 drivers_killed, 0.0 passengers_injured, 0.0 passengers_killed, 0.0 pedestrian_injured, 0.0 pedestrian_killed, Fair (Night), EDSA J. P. Rizal Ave. Makati",MMDA Road Safety Unit,,6309dc62-ca23-427b-85ab-47403cc54a8e,2016-03-23,21:30:00,"EDSA ""U"" turn slot (SB), Buendia Ave.  Makati",0,0,0,0,0,0,0,0,0,0,2016-03-24 5:30,Property,14.56800921,121.0459132,Side Swipe
None,EDSA,None,None,"No Accident Factor, Side Swipe, 0.0 drivers_injured, 0.0 drivers_killed, 0.0 passengers_injured, 0.0 passengers_killed, 0.0 pedestrian_injured, 0.0 pedestrian_killed, Fair (Night), EDSA Buendia Ave. Makati",MMDA Road Safety Unit,,4ddf45cf-efd2-498d-8ab1-ebc0d2de5459,2016-03-23,18:15:00,EDSA Ayala Ave. (NB) Makati,0,0,0,0,0,0,0,0,0,0,2016-03-24 2:15,Property,14.55516134,121.0349756,Side Swipe
None,EDSA,None,None,"No Accident Factor, Rear-end, 0.0 drivers_injured, 0.0 drivers_killed, 0.0 passengers_injured, 0.0 passengers_killed, 0.0 pedestrian_injured, 0.0 pedestrian_killed, Fair (Night), EDSA Ayala Ave. Makati",MMDA Road Safety Unit,,1a323453-ef35-47ce-80d4-f53a9001c642,2016-03-22,19:00:00,EDSA Lapu-Lapu St.  Makati,0,0,0,0,0,0,0,0,0,0,2016-03-23 3:00,Property,14.5503157,121.0293627,Rear-End
None,EDSA,None,None,"No Accident Factor, Side Swipe, 0.0 drivers_injured, 0.0 drivers_killed, 0.0 passengers_injured, 0.0 passengers_killed, 0.0 pedestrian_injured, 0.0 pedestrian_killed, Fair (Night), EDSA Ayala Ave. Makati",MMDA Road Safety Unit,,f0644c9e-a456-4f7d-af80-b49a64b985c0,2016-03-22,15:15:00,EDSA Magallanes (SB) Makati,0,0,0,0,0,0,0,0,0,0,2016-03-22 23:15,Property,14.5503157,121.0293627,Side Swipe
None,EDSA,None,None,"No Accident Factor, Rear-end, 0.0 drivers_injured, 0.0 drivers_killed, 0.0 passengers_injured, 0.0 passengers_killed, 0.0 pedestrian_injured, 0.0 pedestrian_killed, Fair (Day), EDSA A. Arnaiz Ave. Makati",MMDA Road Safety Unit,,571f202e-4fbd-4351-a54b-afc811a11422,2016-03-22,05:45:00,EDSA Ayala Ave. Makati,0,0,0,0,0,0,0,0,0,0,2016-03-22 13:45,Property,14.54734176,121.0262804,Rear-End
None,EDSA,None,None,"No Accident Factor, Side Swipe, 0.0 drivers_injured, 0.0 drivers_killed, 0.0 passengers_injured, 0.0 passengers_killed, 0.0 pedestrian_injured, 0.0 pedestrian_killed, Fair (Day), EDSA A. Arnaiz Ave. Makati",MMDA Road Safety Unit,,bc8efdc2-a39b-4873-8441-e7447b6ab072,2016-03-22,04:00:00,EDSA A. Arnaiz Ave.  Makati,0,0,0,0,0,0,0,0,0,0,2016-03-22 12:00,Property,14.54734176,121.0262804,Side Swipe
None,EDSA,None,None,"No Accident Factor, Side Swipe, 0.0 drivers_injured, 0.0 drivers_killed, 0.0 passengers_injured, 0.0 passengers_killed, 0.0 pedestrian_injured, 0.0 pedestrian_killed, Fair (Day), EDSA A. Arnaiz Ave. Makati",MMDA Road Safety Unit,,37da051c-fa04-444d-9223-2960a486a1ef,2016-03-22,03:20:00,EDSA Ayala Ave. Makati,0,0,0,0,0,0,0,0,0,0,2016-03-22 11:20,Property,14.54734176,121.0262804,Side Swipe
None,EDSA,None,None,"No Accident Factor, Side Swipe, 0.0 drivers_injured, 0.0 drivers_killed, 0.0 passengers_injured, 0.0 passengers_killed, 0.0 pedestrian_injured, 0.0 pedestrian_killed, Fair (Night), EDSA Ayala Ave. Makati",MMDA Road Safety Unit,,02bb25b0-3f49-4e26-859e-8d420fa815d1,2016-03-21,12:55:00,EDSA Harvard St. Makati,0,0,0,0,0,0,0,0,0,0,2016-03-21 20:55,Property,14.5503157,121.0293627,Side Swipe
None,EDSA,None,None,"No Accident Factor, No Collision Stated (based on Police Blotter Book), 0.0 drivers_injured, 0.0 drivers_killed, 0.0 passengers_injured, 0.0 passengers_killed, 0.0 pedestrian_injured, 0.0 pedestrian_killed, Fair (Night), EDSA Ayala Ave. Makati",MMDA Road Safety Unit,,fde122e9-9dac-4c88-af32-fcc044c98386,2016-03-21,12:50:00,EDSA Amorsolo St. Makati,0,0,0,0,0,0,0,0,0,0,2016-03-21 20:50,Property,14.5503157,121.0293627,No Collision Stated
None,EDSA,None,None,"No Accident Factor, Side Swipe, 0.0 drivers_injured, 0.0 drivers_killed, 0.0 passengers_injured, 0.0 passengers_killed, 0.0 pedestrian_injured, 0.0 pedestrian_killed, Fair (Night), EDSA Ayala Ave. Makati",MMDA Road Safety Unit,,d55f4a9b-6331-4a19-9ba8-81c05f24f1b7,2016-03-21,11:35:00,EDSA Magallanes Interchange Makati,0,0,0,0,0,0,0,0,0,0,2016-03-21 19:35,Property,14.5503157,121.0293627,Side Swipe
None,EDSA,None,None,"No Accident Factor, Hit Object (Steel Bar), 0.0 drivers_injured, 0.0 drivers_killed, 0.0 passengers_injured, 0.0 passengers_killed, 0.0 pedestrian_injured, 0.0 pedestrian_killed, Fair (Day), EDSA Chino Roces Ave. Makati",MMDA Road Safety Unit,,2d1552d9-50f2-41ed-ac9b-2177778229d9,2016-03-21,00:00:00,EDSA West Cloverleaf Makati,0,0,0,0,0,0,0,0,0,0,2016-03-21 8:00,Property,14.54117334,121.0183458,Hit Object
None,EDSA,None,None,"No Accident Factor, Rear-end, 0.0 drivers_injured, 0.0 drivers_killed, 0.0 passengers_injured, 0.0 passengers_killed, 0.0 pedestrian_injured, 0.0 pedestrian_killed, Fair (Day), EDSA Don Chino Roces (Pasong Tamo) Ave. Extn.  Makati",MMDA Road Safety Unit,,a307fcd4-2458-4bde-a9a7-06446c3faf25,2016-03-19,01:45:00,EDSA Magallanes (SB)  Makati,0,0,0,0,0,0,0,0,0,0,2016-03-19 9:45,Property,14.5413506,121.0183368,Rear-End
None,EDSA,None,None,"No Accident Factor, Rear-end, 0.0 drivers_injured, 0.0 drivers_killed, 0.0 passengers_injured, 0.0 passengers_killed, 0.0 pedestrian_injured, 0.0 pedestrian_killed, Fair (Day), EDSA Ayala Ave. Makati",MMDA Road Safety Unit,,cebbd5a9-8425-445e-bf28-64a13982ca00,2016-03-18,06:00:00,EDSA Chino Roces Ave. Extn. Makati,0,0,0,0,0,0,0,0,0,0,2016-03-18 14:00,Property,14.5503157,121.0293627,Rear-End
None,EDSA,None,None,"No Accident Factor, Rear-end, 0.0 drivers_injured, 0.0 drivers_killed, 0.0 passengers_injured, 0.0 passengers_killed, 0.0 pedestrian_injured, 0.0 pedestrian_killed, Fair (Day), EDSA A. Arnaiz Ave. (Pasay Road) Makati",MMDA Road Safety Unit,,bd93ec3b-1782-45d9-88df-2c43052feb2d,2016-03-18,00:30:00,EDSA Magallanes Interchange Makati,0,0,0,0,0,0,0,0,0,0,2016-03-18 8:30,Property,14.54742131,121.0262139,Rear-End
None,EDSA,None,None,"No Accident Factor, Side Swipe, 0.0 drivers_injured, 0.0 drivers_killed, 0.0 passengers_injured, 0.0 passengers_killed, 0.0 pedestrian_injured, 0.0 pedestrian_killed, Fair (Day), EDSA Mc Kinley Intersection (WB) Makati",MMDA Road Safety Unit,,8a168649-52cc-481b-982f-d0d84572267b,2016-03-17,22:45:00,EDSA A. Arnaiz Ave. Makati,0,0,0,0,0,0,0,0,0,0,2016-03-18 6:45,Property,14.5501403,121.0294629,Side Swipe
None,EDSA,None,None,"No Accident Factor, No Collision Stated (based on Police Blotter Book), 0.0 drivers_injured, 0.0 drivers_killed, 0.0 passengers_injured, 0.0 passengers_killed, 0.0 pedestrian_injured, 0.0 pedestrian_killed, Fair (Night), EDSA Ayala Ave. Makati",MMDA Road Safety Unit,,7aa1cbb5-50ac-4da1-82ee-55048590b6d9,2016-03-14,21:30:00,EDSA Magallanes (SB) Makati,0,0,0,0,0,0,0,0,0,0,2016-03-15 5:30,Property,14.5503157,121.0293627,No Collision Stated
None,EDSA,None,None,"No Accident Factor, No Collision Stated (based on Police Blotter Book), 1.0 drivers_injured, 0.0 drivers_killed, 0.0 passengers_injured, 0.0 passengers_killed, 0.0 pedestrian_injured, 0.0 pedestrian_killed, Fair (Day), EDSA Mc Kinley Road Makati",MMDA Road Safety Unit,,3139002d-210b-4ddd-9e7d-1a41167c215f,2016-03-14,08:45:00,EDSA Guadalupe Cloverleaf (NB) Makati,0,0,0,1,0,0,0,0,0,1,2016-03-14 16:45,Injury,14.5501403,121.0294629,No Collision Stated
None,EDSA,None,None,"No Accident Factor, Side Swipe, 0.0 drivers_injured, 0.0 drivers_killed, 0.0 passengers_injured, 0.0 passengers_killed, 0.0 pedestrian_injured, 0.0 pedestrian_killed, Fair (Night), EDSA A. Arnaiz Ave. Makati",MMDA Road Safety Unit,,b0b8a40e-7af9-4835-8058-cc75abcf1e7a,2016-03-11,11:00:00,"EDSA ""U"" turn slot, Buendia Ave. (NB) Makati",0,0,0,0,0,0,0,0,0,0,2016-03-11 19:00,Property,14.54734176,121.0262804,Side Swipe
None,EDSA,None,None,"No Accident Factor, Side Swipe, 0.0 drivers_injured, 0.0 drivers_killed, 0.0 passengers_injured, 0.0 passengers_killed, 0.0 pedestrian_injured, 0.0 pedestrian_killed, Fair (Day), EDSA Buendia Ave. (Forbes Park) NB Makati",MMDA Road Safety Unit,,629e5c49-b29d-4d41-b0ad-a92376962e9a,2016-03-11,09:10:00,EDSA Buendia Ave. (SB) Makati,0,0,0,0,0,0,0,0,0,0,2016-03-11 17:10,Property,14.55517972,121.0349173,Side Swipe
None,EDSA,None,None,"No Accident Factor, Side Swipe, 0.0 drivers_injured, 0.0 drivers_killed, 0.0 passengers_injured, 0.0 passengers_killed, 0.0 pedestrian_injured, 0.0 pedestrian_killed, Fair (Night), EDSA Kalayaan Ave. Makati",MMDA Road Safety Unit,,bcaaa185-783e-4650-af30-c9f13e38024c,2016-03-10,12:00:00,EDSA A. Arnaiz Ave. Makati,0,0,0,0,0,0,0,0,0,0,2016-03-10 20:00,Property,14.55767933,121.038147,Side Swipe
None,EDSA,None,None,"No Accident Factor, Rear-end, 0.0 drivers_injured, 0.0 drivers_killed, 0.0 passengers_injured, 0.0 passengers_killed, 0.0 pedestrian_injured, 0.0 pedestrian_killed, Fair (Day), EDSA Magallanes Interchange Makati",MMDA Road Safety Unit,,da48e64f-2301-4c5f-b950-89ed9dc7f84c,2016-03-08,23:45:00,EDSA Magallanes Loading bay (SB) Makati,0,0,0,0,0,0,0,0,0,0,2016-03-09 7:45,Property,14.54679556,121.0248047,Rear-End
None,EDSA,None,None,"No Accident Factor, Rear-end, 0.0 drivers_injured, 0.0 drivers_killed, 0.0 passengers_injured, 0.0 passengers_killed, 0.0 pedestrian_injured, 0.0 pedestrian_killed, Fair (Day), EDSA ""U"" turn slot (SB), Buendia Ave.  Makati",MMDA Road Safety Unit,,6cffa65b-721a-419a-8fe2-795d4b249d36,2016-03-08,22:30:00,EDSA Magallanes (SB) Makati,0,0,0,0,0,0,0,0,0,0,2016-03-09 6:30,Property,14.55546121,121.0353867,Rear-End
None,EDSA,None,None,"No Accident Factor, Hit Parked Vehicle, 0.0 drivers_injured, 0.0 drivers_killed, 0.0 passengers_injured, 0.0 passengers_killed, 0.0 pedestrian_injured, 0.0 pedestrian_killed, Fair (Night), EDSA P. Burgos St. Makati",MMDA Road Safety Unit,,81b52cff-ea9c-4b6a-aa86-f7d26f61060e,2016-03-08,16:30:00,EDSA Guadalupe Cloverleaf (NB) Makati,0,0,0,0,0,0,0,0,0,0,2016-03-09 0:30,Property,14.5655887,121.0452425,Hit Object
None,EDSA,None,None,"No Accident Factor, Side Swipe, 0.0 drivers_injured, 0.0 drivers_killed, 0.0 passengers_injured, 0.0 passengers_killed, 0.0 pedestrian_injured, 0.0 pedestrian_killed, Fair (Night), EDSA Mc Kinley Service Road  Makati",MMDA Road Safety Unit,,35a2f457-7861-4e91-a08f-8813a080e6ee,2016-03-07,12:15:00,EDSA Buendia Ave. (SB) Makati,0,0,0,0,0,0,0,0,0,0,2016-03-07 20:15,Property,14.5501403,121.0294629,Side Swipe
None,EDSA,None,None,"No Accident Factor, Rear-end, 0.0 drivers_injured, 0.0 drivers_killed, 0.0 passengers_injured, 0.0 passengers_killed, 0.0 pedestrian_injured, 0.0 pedestrian_killed, Fair (Day), EDSA Guadalupe Bridge Makati",MMDA Road Safety Unit,,5b18bdac-6369-42fe-b51d-dabd8a31859f,2016-03-05,04:45:00,EDSA Kalayaan Ave. (NB) Makati,0,0,0,0,0,0,0,0,0,0,2016-03-05 12:45,Property,14.56846648,121.0458404,Rear-End
None,EDSA,None,None,"No Accident Factor, Side Swipe, 0.0 drivers_injured, 0.0 drivers_killed, 0.0 passengers_injured, 0.0 passengers_killed, 0.0 pedestrian_injured, 0.0 pedestrian_killed, Fair (Night), EDSA Magallanes, San Lorenzo B Makati",MMDA Road Safety Unit,,132b2cca-89c5-45a8-a66f-5495e6f0273b,2016-03-04,10:55:00,EDSA Estrella St. (NB) Makati,0,0,0,0,0,0,0,0,0,0,2016-03-04 18:55,Property,14.54037338,121.01729,Side Swipe
None,EDSA,None,None,"No Accident Factor, Side Swipe, 0.0 drivers_injured, 0.0 drivers_killed, 0.0 passengers_injured, 0.0 passengers_killed, 0.0 pedestrian_injured, 0.0 pedestrian_killed, Fair (Day), EDSA Ayala Ave. Makati",MMDA Road Safety Unit,,58b52351-a645-42ea-aaac-789e50687fc5,2016-03-04,09:25:00,EDSA Buendia Ave. (NB) Makati,0,0,0,0,0,0,0,0,0,0,2016-03-04 17:25,Property,14.5503157,121.0293627,Side Swipe
None,EDSA,None,None,"No Accident Factor, Rear-end, 0.0 drivers_injured, 0.0 drivers_killed, 0.0 passengers_injured, 0.0 passengers_killed, 0.0 pedestrian_injured, 0.0 pedestrian_killed, Fair (Day), EDSA Ayala Ave. Intersection (NB) Makati",MMDA Road Safety Unit,,752760c7-4514-41a5-8389-dc40f0e64be4,2016-03-04,00:10:00,EDSA Buendia Ave. (NB) Makati,0,0,0,0,0,0,0,0,0,0,2016-03-04 8:10,Property,14.5503157,121.0293627,Rear-End
None,EDSA,None,None,"No Accident Factor, Rear-end, 0.0 drivers_injured, 0.0 drivers_killed, 0.0 passengers_injured, 0.0 passengers_killed, 0.0 pedestrian_injured, 0.0 pedestrian_killed, Fair (Night), EDSA Mc Kinley Access Road  Makati",MMDA Road Safety Unit,,bc984655-2163-4b1a-9a06-b1ced9a6cd4d,2016-03-03,11:15:00,EDSA Guadalupe Cloverleaf (NB) Makati,0,0,0,0,0,0,0,0,0,0,2016-03-03 19:15,Property,14.5501403,121.0294629,Rear-End
None,EDSA,None,None,"No Accident Factor, No Collision Stated (based on Police Blotter Book), 1.0 drivers_injured, 0.0 drivers_killed, 0.0 passengers_injured, 0.0 passengers_killed, 0.0 pedestrian_injured, 0.0 pedestrian_killed, Fair (Day), EDSA Pasay Road Makati",MMDA Road Safety Unit,,dab3b58a-76e9-42cb-8598-ba17a27dd33d,2016-03-03,07:45:00,EDSA Ayala Ave. (NB) Makati,0,0,0,1,0,0,0,0,0,1,2016-03-03 15:45,Injury,14.54758327,121.025974,No Collision Stated
None,EDSA,None,None,"No Accident Factor, Rear-end, 0.0 drivers_injured, 0.0 drivers_killed, 0.0 passengers_injured, 0.0 passengers_killed, 0.0 pedestrian_injured, 0.0 pedestrian_killed, Fair (Day), EDSA ""U"" turn slot (SB), Buendia Ave.  Makati",MMDA Road Safety Unit,,81d03c2b-7ac7-4b72-b2ae-d7c4f4cddf0c,2016-03-03,02:55:00,EDSA Magallanes Interchange Makati,0,0,0,0,0,0,0,0,0,0,2016-03-03 10:55,Property,14.55546121,121.0353867,Rear-End
None,EDSA,None,None,"No Accident Factor, Rear-end, 0.0 drivers_injured, 0.0 drivers_killed, 0.0 passengers_injured, 0.0 passengers_killed, 0.0 pedestrian_injured, 0.0 pedestrian_killed, Fair (Day), EDSA Ayala Ave. (NB) Makati",MMDA Road Safety Unit,,ad362f3d-1395-4c86-bd24-16330656671a,2016-03-03,01:55:00,EDSA Ayala Ave. (SB) Makati,0,0,0,0,0,0,0,0,0,0,2016-03-03 9:55,Property,14.5503157,121.0293627,Rear-End
None,EDSA,None,None,"No Accident Factor, Angle Impact, 0.0 drivers_injured, 0.0 drivers_killed, 0.0 passengers_injured, 0.0 passengers_killed, 0.0 pedestrian_injured, 0.0 pedestrian_killed, Fair (Day), EDSA Lapu-Lapu St.  Makati",MMDA Road Safety Unit,,59973fc2-4535-4877-8abb-7e155afad0ce,2016-03-02,23:30:00,EDSA J. P. Rizal Ave. Makati,0,0,0,0,0,0,0,0,0,0,2016-03-03 7:30,Property,14.53968935,121.0155717,Angle Impact
None,EDSA,None,None,"No Accident Factor, Hit and Run (Side Swipe), 0.0 drivers_injured, 0.0 drivers_killed, 0.0 passengers_injured, 0.0 passengers_killed, 0.0 pedestrian_injured, 0.0 pedestrian_killed, Fair (Night), EDSA Magallanes (SB) Makati",MMDA Road Safety Unit,,8b03029b-4efa-4cf9-906b-ff790b0a8e24,2016-03-02,21:15:00,EDSA Magallanes Interchange Makati,0,0,0,0,0,0,0,0,0,0,2016-03-03 5:15,Property,14.53955946,121.0143517,Side Swipe
None,EDSA,None,None,"No Accident Factor, Side Swipe, 0.0 drivers_injured, 0.0 drivers_killed, 0.0 passengers_injured, 0.0 passengers_killed, 0.0 pedestrian_injured, 0.0 pedestrian_killed, Fair (Day), EDSA Ayala Ave. Makati",MMDA Road Safety Unit,,b3bff368-aa9f-42b2-8a9e-8856973297b5,2016-03-02,07:40:00,EDSA Guadalupe Cloverleaf (NB) Makati,0,0,0,0,0,0,0,0,0,0,2016-03-02 15:40,Property,14.5503157,121.0293627,Side Swipe
None,EDSA,None,None,"No Accident Factor, Side Swipe, 0.0 drivers_injured, 0.0 drivers_killed, 0.0 passengers_injured, 0.0 passengers_killed, 0.0 pedestrian_injured, 0.0 pedestrian_killed, Fair (Day), EDSA A. Arnaiz Ave.  Makati",MMDA Road Safety Unit,,baa0f358-2938-4944-88e7-c740033cd4e7,2016-03-02,01:35:00,"EDSA San Carlos Seminary, Guadalupe (SB) Makati",0,0,0,0,0,0,0,0,0,0,2016-03-02 9:35,Property,14.54742131,121.0262139,Side Swipe
None,EDSA,None,None,"No Accident Factor, Rear-end, 0.0 drivers_injured, 0.0 drivers_killed, 0.0 passengers_injured, 0.0 passengers_killed, 0.0 pedestrian_injured, 0.0 pedestrian_killed, Fair (Night), EDSA Ayala Ave. Makati",MMDA Road Safety Unit,,830016d1-324b-4276-8130-e5ff15abf9ef,2016-02-29,16:45:00,EDSA Estrella St. (NB) Makati,0,0,0,0,0,0,0,0,0,0,2016-03-01 0:45,Property,14.5503157,121.0293627,Rear-End
None,EDSA,None,None,"No Accident Factor, Hit and Run (Side Swipe), 0.0 drivers_injured, 0.0 drivers_killed, 0.0 passengers_injured, 0.0 passengers_killed, 0.0 pedestrian_injured, 0.0 pedestrian_killed, Fair (Night), EDSA Harvard St. Makati",MMDA Road Safety Unit,,ce0dcfdd-ab5c-4fb0-977f-b6246664a27e,2016-02-28,14:30:00,EDSA J. P. Rizal Ave. / West Cloverleaf  Makati,0,0,0,0,0,0,0,0,0,0,2016-02-28 22:30,Property,14.55920138,121.0400581,Side Swipe
None,EDSA,None,None,"No Accident Factor, Rear-end, 0.0 drivers_injured, 0.0 drivers_killed, 0.0 passengers_injured, 0.0 passengers_killed, 0.0 pedestrian_injured, 0.0 pedestrian_killed, Fair (Day), EDSA Amorsolo St. Makati",MMDA Road Safety Unit,,28cf95f5-67da-4d28-81b1-3d8968e0fad1,2016-02-28,08:00:00,EDSA MRT-Ayala Station (NB) Makati,0,0,0,0,0,0,0,0,0,0,2016-02-28 16:00,Property,14.54231742,121.0194498,Rear-End
None,EDSA,None,None,"No Accident Factor, Rear-end, 0.0 drivers_injured, 0.0 drivers_killed, 0.0 passengers_injured, 0.0 passengers_killed, 0.0 pedestrian_injured, 0.0 pedestrian_killed, Fair (Day), EDSA Magallanes Interchange Makati",MMDA Road Safety Unit,,e3e5202c-939f-437c-8d30-b4bc1f8b9b6d,2016-02-28,06:50:00,EDSA Magallanes Ave.  Makati,0,0,0,0,0,0,0,0,0,0,2016-02-28 14:50,Property,14.54679556,121.0248047,Rear-End
None,EDSA,None,None,"No Accident Factor, Rear-end, 0.0 drivers_injured, 0.0 drivers_killed, 0.0 passengers_injured, 0.0 passengers_killed, 0.0 pedestrian_injured, 0.0 pedestrian_killed, Fair (Day), EDSA West Cloverleaf Makati",MMDA Road Safety Unit,,fb2c6027-2a04-4701-9468-2ef6843743e2,2016-02-28,05:00:00,EDSA Magallanes Ave.  Makati,0,0,0,0,0,0,0,0,0,0,2016-02-28 13:00,Property,14.56763029,121.0456342,Rear-End
None,EDSA,None,None,"No Accident Factor, No Collision Stated (based on Police Blotter Book), 0.0 drivers_injured, 0.0 drivers_killed, 0.0 passengers_injured, 0.0 passengers_killed, 0.0 pedestrian_injured, 0.0 pedestrian_killed, Fair (Day), EDSA Magallanes (SB)  Makati",MMDA Road Safety Unit,,d9343c4b-85f6-40de-8fa6-1d6265883fb7,2016-02-26,04:40:00,EDSA Magallanes Interchange Makati,0,0,0,0,0,0,0,0,0,0,2016-02-26 12:40,Property,14.53955946,121.0143517,No Collision Stated
None,EDSA,None,None,"No Accident Factor, Rear-end, 0.0 drivers_injured, 0.0 drivers_killed, 0.0 passengers_injured, 0.0 passengers_killed, 0.0 pedestrian_injured, 0.0 pedestrian_killed, Fair (Day), EDSA Chino Roces Ave. Extn. Makati",MMDA Road Safety Unit,,9168050e-e75d-4dc2-9941-c7caf088c743,2016-02-26,03:50:00,EDSA Magallanes (NB) Makati,0,0,0,0,0,0,0,0,0,0,2016-02-26 11:50,Property,14.54117334,121.0183458,Rear-End
None,EDSA,None,None,"No Accident Factor, Side Swipe, 0.0 drivers_injured, 0.0 drivers_killed, 0.0 passengers_injured, 0.0 passengers_killed, 0.0 pedestrian_injured, 0.0 pedestrian_killed, Fair (Day), EDSA Magallanes Interchange Makati",MMDA Road Safety Unit,,8c94086d-3485-4a5a-898b-f235a7793527,2016-02-24,02:00:00,EDSA Estrella St. (SB) Makati,0,0,0,0,0,0,0,0,0,0,2016-02-24 10:00,Property,14.54679556,121.0248047,Side Swipe
None,EDSA,None,None,"No Accident Factor, No Collision Stated (based on Police Blotter Book), 1.0 drivers_injured, 0.0 drivers_killed, 0.0 passengers_injured, 0.0 passengers_killed, 0.0 pedestrian_injured, 0.0 pedestrian_killed, Fair (Night), EDSA A. Arnaiz Ave. Makati",MMDA Road Safety Unit,,2a46ac20-5115-471f-965f-61dcc8bd57e2,2016-02-23,12:15:00,EDSA Bernardo St.  Makati,0,0,0,1,0,0,0,0,0,1,2016-02-23 20:15,Injury,14.54734176,121.0262804,No Collision Stated
None,EDSA,None,None,"No Accident Factor, Side Swipe, 0.0 drivers_injured, 0.0 drivers_killed, 0.0 passengers_injured, 0.0 passengers_killed, 0.0 pedestrian_injured, 0.0 pedestrian_killed, Fair (Day), EDSA Magallanes (SB) Makati",MMDA Road Safety Unit,,830b9f50-e319-4e4e-b722-da3f3f74ebda,2016-02-23,07:45:00,EDSA Guadalupe Cloverleaf (SB) Makati,0,0,0,0,0,0,0,0,0,0,2016-02-23 15:45,Property,14.53955946,121.0143517,Side Swipe
None,EDSA,None,None,"No Accident Factor, Side Swipe, 0.0 drivers_injured, 0.0 drivers_killed, 0.0 passengers_injured, 0.0 passengers_killed, 0.0 pedestrian_injured, 0.0 pedestrian_killed, Fair (Night), EDSA Guadalupe Cloverleaf (NB) Makati",MMDA Road Safety Unit,,a4ba9b02-7f13-447c-8e99-63abe61c4057,2016-02-22,10:25:00,EDSA Ayala (SB) Makati,0,0,0,0,0,0,0,0,0,0,2016-02-22 18:25,Property,14.56721487,121.0456283,Side Swipe
None,EDSA,None,None,"No Accident Factor, Side Swipe, 0.0 drivers_injured, 0.0 drivers_killed, 0.0 passengers_injured, 0.0 passengers_killed, 0.0 pedestrian_injured, 0.0 pedestrian_killed, Fair (Day), EDSA ""U"" turn slot, Buendia Ave. (NB) Makati",MMDA Road Safety Unit,,3cf63e41-09db-4231-9d59-83520ac4065b,2016-02-22,05:35:00,EDSA Ayala (NB) Makati,0,0,0,0,0,0,0,0,0,0,2016-02-22 13:35,Property,14.55541384,121.0354694,Side Swipe
None,EDSA,None,None,"No Accident Factor, Rear-end, 0.0 drivers_injured, 0.0 drivers_killed, 0.0 passengers_injured, 0.0 passengers_killed, 0.0 pedestrian_injured, 0.0 pedestrian_killed, Fair (Day), EDSA Buendia Ave. (SB) Makati",MMDA Road Safety Unit,,5ea9289c-ff1f-448d-afe9-0806dc6aae4d,2016-02-22,03:15:00,"EDSA Pasay Road, Dusit Hotel (SB) Makati",0,0,0,0,0,0,0,0,0,0,2016-02-22 11:15,Property,14.55489642,121.0348811,Rear-End
None,EDSA,None,None,"No Accident Factor, Angle Impact, 0.0 drivers_injured, 0.0 drivers_killed, 0.0 passengers_injured, 0.0 passengers_killed, 0.0 pedestrian_injured, 0.0 pedestrian_killed, Fair (Day), EDSA A. Arnaiz Ave. Makati",MMDA Road Safety Unit,,9605394a-036c-4034-8d51-cfcaccbf1845,2016-02-20,06:10:00,EDSA Ayala (SB) Makati,0,0,0,0,0,0,0,0,0,0,2016-02-20 14:10,Property,14.54734176,121.0262804,Angle Impact
None,EDSA,None,None,"No Accident Factor, Side Swipe, 0.0 drivers_injured, 0.0 drivers_killed, 0.0 passengers_injured, 0.0 passengers_killed, 0.0 pedestrian_injured, 0.0 pedestrian_killed, Fair (Night), EDSA Magallanes Loading bay (SB) Makati",MMDA Road Safety Unit,,c788c21d-0171-448f-b768-add523a4f6d2,2016-02-19,12:15:00,EDSA Ayala Ave. (SB) Makati,0,0,0,0,0,0,0,0,0,0,2016-02-19 20:15,Property,14.54402536,121.021754,Side Swipe