LOCATION_TEXT,ROAD,WEATHER,LIGHT,DESC,REPORTING_AGENCY,MAIN_CAUSE,INCIDENTDETAILS_ID,DATE_UTC,TIME_UTC,ADDRESS,killed_driver,killed_passenger,killed_pedestrian,injured_driver,injured_passenger,injured_pedestrian,killed_uncategorized,injured_uncategorized,killed_total,injured_total,DATETIME_PST,SEVERITY,Y,X,COLLISION_TYPE
None,EDSA,None,None,"No Accident Factor, Multiple Collision, 0.0 drivers_injured, 0.0 drivers_killed, 0.0 passengers_injured, 0.0 passengers_killed, 0.0 pedestrian_injured, 0.0 pedestrian_killed, Fair (Day), EDSA Magallanes (SB) Makati",MMDA Road Safety Unit,,e9991309-089e-4173-832e-03380678906e,2016-02-19,09:45:00,EDSA Ayala Ave. (SB) Makati,0,0,0,0,0,0,0,0,0,0,2016-02-19 17:45,Property,14.53955946,121.0143517,Multiple
None,EDSA,None,None,"No Accident Factor, Multiple Collision, 0.0 drivers_injured, 0.0 drivers_killed, 0.0 passengers_injured, 0.0 passengers_killed, 0.0 pedestrian_injured, 0.0 pedestrian_killed, Fair (Day), EDSA Guadalupe Cloverleaf (NB) Makati",MMDA Road Safety Unit,,028f9d3c-0b18-48b6-8e25-b98a6be9f8ab,2016-02-19,09:40:00,EDSA Orense (NB) Makati,0,0,0,0,0,0,0,0,0,0,2016-02-19 17:40,Property,14.56721487,121.0456283,Multiple
None,EDSA,None,None,"No Accident Factor, No Collision Stated (based on Police Blotter Book), 1.0 drivers_injured, 0.0 drivers_killed, 0.0 passengers_injured, 0.0 passengers_killed, 0.0 pedestrian_injured, 0.0 pedestrian_killed, Fair (Day), EDSA Buendia Ave. (SB) Makati",MMDA Road Safety Unit,,f9188b63-e190-4e45-9600-44b9ffc998b7,2016-02-19,09:05:00,EDSA Pasay Road Makati,0,0,0,1,0,0,0,0,0,1,2016-02-19 17:05,Injury,14.55489642,121.0348811,No Collision Stated
None,EDSA,None,None,"No Accident Factor, No Collision Stated (based on Police Blotter Book), 1.0 drivers_injured, 0.0 drivers_killed, 0.0 passengers_injured, 0.0 passengers_killed, 0.0 pedestrian_injured, 0.0 pedestrian_killed, Fair (Day), EDSA Kalayaan Ave. (NB) Makati",MMDA Road Safety Unit,,e258aab3-1cb0-4ca6-ba6c-71e5a80b1c44,2016-02-19,08:55:00,EDSA Magallanes (SB) Loading Bay Makati,0,0,0,1,0,0,0,0,0,1,2016-02-19 16:55,Injury,14.55767933,121.038147,No Collision Stated
None,EDSA,None,None,"No Accident Factor, Rear-end, 0.0 drivers_injured, 0.0 drivers_killed, 0.0 passengers_injured, 0.0 passengers_killed, 0.0 pedestrian_injured, 0.0 pedestrian_killed, Fair (Day), EDSA Estrella St. (NB) Makati",MMDA Road Safety Unit,,53c36ffc-5046-4ad0-97c2-84a9aee0f8ed,2016-02-19,02:05:00,EDSA Estrella St. (SB) - Palm Drive Makati,0,0,0,0,0,0,0,0,0,0,2016-02-19 10:05,Property,14.56004326,121.0411034,Rear-End
None,EDSA,None,None,"No Accident Factor, Hit and Run (No Collision Stated), 1.0 drivers_injured, 0.0 drivers_killed, 0.0 passengers_injured, 0.0 passengers_killed, 0.0 pedestrian_injured, 0.0 pedestrian_killed, Fair (Night), EDSA Buendia Ave. (NB) Makati",MMDA Road Safety Unit,,fa512c62-4db0-4d41-a1f0-9ddd12df9d41,2016-02-18,10:00:00,EDSA Magallanes (NB) Makati,0,0,0,1,0,0,0,0,0,1,2016-02-18 18:00,Injury,14.55489642,121.0348811,No Collision Stated
None,EDSA,None,None,"No Accident Factor, Side Swipe, 0.0 drivers_injured, 0.0 drivers_killed, 0.0 passengers_injured, 0.0 passengers_killed, 0.0 pedestrian_injured, 0.0 pedestrian_killed, Fair (Day), EDSA Buendia Ave. (NB) Makati",MMDA Road Safety Unit,,4ee059c4-e57b-437b-98bd-6fac079c1a06,2016-02-18,08:35:00,EDSA Ayala (SB) Makati,0,0,0,0,0,0,0,0,0,0,2016-02-18 16:35,Property,14.55489642,121.0348811,Side Swipe
None,EDSA,None,None,"No Accident Factor, Side Swipe, 0.0 drivers_injured, 0.0 drivers_killed, 0.0 passengers_injured, 0.0 passengers_killed, 0.0 pedestrian_injured, 0.0 pedestrian_killed, Fair (Day), EDSA Guadalupe Cloverleaf (NB) Makati",MMDA Road Safety Unit,,b8b15791-e1bb-4dea-952b-b2b11120c60b,2016-02-18,08:00:00,EDSA Estrella (SB) Makati,0,0,0,0,0,0,0,0,0,0,2016-02-18 16:00,Property,14.56721487,121.0456283,Side Swipe
None,EDSA,None,None,"No Accident Factor, Side Swipe, 0.0 drivers_injured, 0.0 drivers_killed, 0.0 passengers_injured, 0.0 passengers_killed, 0.0 pedestrian_injured, 0.0 pedestrian_killed, Fair (Day), EDSA Ayala Ave. (NB) Makati",MMDA Road Safety Unit,,1dd717e3-2a63-4b19-89a9-fa0365a4a337,2016-02-18,04:55:00,EDSA Ayala Ave. Makati,0,0,0,0,0,0,0,0,0,0,2016-02-18 12:55,Property,14.5503157,121.0293627,Side Swipe
None,EDSA,None,None,"No Accident Factor, Side Swipe, 0.0 drivers_injured, 0.0 drivers_killed, 0.0 passengers_injured, 0.0 passengers_killed, 0.0 pedestrian_injured, 0.0 pedestrian_killed, Fair (Day), EDSA Magallanes Interchange Makati",MMDA Road Safety Unit,,de7c8fb8-37a3-4d28-a096-611b89447738,2016-02-18,04:30:00,EDSA Pet Plans (SB) Makati,0,0,0,0,0,0,0,0,0,0,2016-02-18 12:30,Property,14.54679556,121.0248047,Side Swipe
None,EDSA,None,None,"No Accident Factor, Rear-end, 0.0 drivers_injured, 0.0 drivers_killed, 0.0 passengers_injured, 0.0 passengers_killed, 0.0 pedestrian_injured, 0.0 pedestrian_killed, Fair (Day), EDSA Ayala Ave. (SB) Makati",MMDA Road Safety Unit,,6d10277b-956c-4bad-8541-5a583a5f964e,2016-02-18,03:20:00,EDSA Estrella (SB) Makati,0,0,0,0,0,0,0,0,0,0,2016-02-18 11:20,Property,14.5503157,121.0293627,Rear-End
None,EDSA,None,None,"No Accident Factor, Rear-end, 0.0 drivers_injured, 0.0 drivers_killed, 0.0 passengers_injured, 0.0 passengers_killed, 0.0 pedestrian_injured, 0.0 pedestrian_killed, Fair (Day), EDSA J. P. Rizal Ave. Makati",MMDA Road Safety Unit,,dd79b471-8930-4d79-9af1-eec724b17533,2016-02-18,01:00:00,EDSA Buendia Ave. Makati,0,0,0,0,0,0,0,0,0,0,2016-02-18 9:00,Property,14.56800921,121.0459132,Rear-End
None,EDSA,None,None,"No Accident Factor, Hit Object (Fence/Wall-Concrete), 1.0 drivers_injured, 0.0 drivers_killed, 2.0 passengers_injured, 0.0 passengers_killed, 0.0 pedestrian_injured, 0.0 pedestrian_killed, Fair (Night), EDSA Magallanes Interchange Makati",MMDA Road Safety Unit,,e9cdc7b6-c5b1-4443-9d0c-581aed14a804,2016-02-17,19:00:00,EDSA Ayala (SB) Makati,0,0,0,1,2,0,0,0,0,3,2016-02-18 3:00,Injury,14.54679556,121.0248047,Hit Object
None,EDSA,None,None,"No Accident Factor, Side Swipe, 0.0 drivers_injured, 0.0 drivers_killed, 0.0 passengers_injured, 0.0 passengers_killed, 0.0 pedestrian_injured, 0.0 pedestrian_killed, Fair (Night), EDSA Guadalupe Cloverleaf (NB) Makati",MMDA Road Safety Unit,,aaaa0abd-d5d3-443c-b87d-25216ab043b4,2016-02-17,12:15:00,EDSA Buendia Loading Bay (SB) Makati,0,0,0,0,0,0,0,0,0,0,2016-02-17 20:15,Property,14.56721487,121.0456283,Side Swipe
None,EDSA,None,None,"No Accident Factor, Rear-end, 0.0 drivers_injured, 0.0 drivers_killed, 0.0 passengers_injured, 0.0 passengers_killed, 0.0 pedestrian_injured, 0.0 pedestrian_killed, Fair (Day), EDSA San Carlos Seminary, Guadalupe (SB) Makati",MMDA Road Safety Unit,,e2a1446c-c77e-49d3-9619-89ad1fb20e12,2016-02-16,23:05:00,EDSA Buendia Kalayaan (NB) Makati,0,0,0,0,0,0,0,0,0,0,2016-02-17 7:05,Property,14.56324721,121.0439357,Rear-End
None,EDSA,None,None,"No Accident Factor, Rear-end, 0.0 drivers_injured, 0.0 drivers_killed, 0.0 passengers_injured, 0.0 passengers_killed, 0.0 pedestrian_injured, 0.0 pedestrian_killed, Fair (Day), EDSA Estrella St. (NB) Makati",MMDA Road Safety Unit,,c36c0576-ad7a-4952-89c7-4669f08f6d9b,2016-02-16,22:35:00,EDSA Estrella St. (SB) Makati,0,0,0,0,0,0,0,0,0,0,2016-02-17 6:35,Property,14.56004326,121.0411034,Rear-End
None,EDSA,None,None,"No Accident Factor, Side Swipe, 0.0 drivers_injured, 0.0 drivers_killed, 0.0 passengers_injured, 0.0 passengers_killed, 0.0 pedestrian_injured, 0.0 pedestrian_killed, Fair (Day), EDSA J. P. Rizal Ave. / West Cloverleaf  Makati",MMDA Road Safety Unit,,4220cd1f-aad1-4d20-8072-c9aac9b5154d,2016-02-16,01:00:00,EDSA Estrella St. (NB) Makati,0,0,0,0,0,0,0,0,0,0,2016-02-16 9:00,Property,14.56800921,121.0459132,Side Swipe
None,EDSA,None,None,"No Accident Factor, Rear-end, 0.0 drivers_injured, 0.0 drivers_killed, 0.0 passengers_injured, 0.0 passengers_killed, 0.0 pedestrian_injured, 0.0 pedestrian_killed, Fair (Day), EDSA MRT-Ayala Station (NB) Makati",MMDA Road Safety Unit,,3b758036-8e4e-4ff7-abd1-09d64bdb3041,2016-02-15,00:55:00,EDSA Ayala Mrt (NB) Makati,0,0,0,0,0,0,0,0,0,0,2016-02-15 8:55,Property,14.54908096,121.0280142,Rear-End
None,EDSA,None,None,"No Accident Factor, Hit and Run (Rear-end), 0.0 drivers_injured, 0.0 drivers_killed, 0.0 passengers_injured, 0.0 passengers_killed, 0.0 pedestrian_injured, 0.0 pedestrian_killed, Fair (Day), EDSA Magallanes Ave.  Makati",MMDA Road Safety Unit,,01b46c9d-c730-4366-acb1-ddbb4618f452,2016-02-13,23:00:00,EDSA Guadalupe ABC Mall (NB) Makati,0,0,0,0,0,0,0,0,0,0,2016-02-14 7:00,Property,14.53924572,121.0142961,Rear-End
None,EDSA,None,None,"No Accident Factor, Side Swipe, 0.0 drivers_injured, 0.0 drivers_killed, 0.0 passengers_injured, 0.0 passengers_killed, 0.0 pedestrian_injured, 0.0 pedestrian_killed, Fair (Day), EDSA Magallanes Ave.  Makati",MMDA Road Safety Unit,,12ce3930-152c-4da2-9cf7-fd675a23a8e9,2016-02-12,23:45:00,EDSA Ayala (SB) Makati,0,0,0,0,0,0,0,0,0,0,2016-02-13 7:45,Property,14.53924572,121.0142961,Side Swipe
None,EDSA,None,None,"No Accident Factor, Side Swipe, 0.0 drivers_injured, 0.0 drivers_killed, 0.0 passengers_injured, 0.0 passengers_killed, 0.0 pedestrian_injured, 0.0 pedestrian_killed, Fair (Day), EDSA Magallanes Interchange Makati",MMDA Road Safety Unit,,66db8541-5446-4f1a-80d5-fb7330e7e204,2016-02-11,00:05:00,EDSA Guadalupe loading bay (SB) Makati,0,0,0,0,0,0,0,0,0,0,2016-02-11 8:05,Property,14.54679556,121.0248047,Side Swipe
None,EDSA,None,None,"No Accident Factor, Rear-end, 0.0 drivers_injured, 0.0 drivers_killed, 0.0 passengers_injured, 0.0 passengers_killed, 0.0 pedestrian_injured, 0.0 pedestrian_killed, Fair (Night), EDSA Magallanes (NB) Makati",MMDA Road Safety Unit,,ed6455f7-b74b-43c0-ab82-210ca66b099c,2016-02-09,11:30:00,EDSA Guadalupe MRT Station (NB) Makati,0,0,0,0,0,0,0,0,0,0,2016-02-09 19:30,Property,14.53955946,121.0143517,Rear-End
None,EDSA,None,None,"No Accident Factor, Side Swipe, 0.0 drivers_injured, 0.0 drivers_killed, 0.0 passengers_injured, 0.0 passengers_killed, 0.0 pedestrian_injured, 0.0 pedestrian_killed, Fair (Day), EDSA Estrella St. (SB) Makati",MMDA Road Safety Unit,,2b882b59-f5ba-433b-918e-d743c5baf939,2016-02-09,00:45:00,EDSA Buendia Ave. (SB) Makati,0,0,0,0,0,0,0,0,0,0,2016-02-09 8:45,Property,14.56004326,121.0411034,Side Swipe
None,EDSA,None,None,"No Accident Factor, Rear-end, 0.0 drivers_injured, 0.0 drivers_killed, 0.0 passengers_injured, 0.0 passengers_killed, 0.0 pedestrian_injured, 0.0 pedestrian_killed, Fair (Night), EDSA Bernardo St.  Makati",MMDA Road Safety Unit,,76e0c0bd-05ed-4897-b21a-c525e923ee5c,2016-02-08,14:30:00,EDSA Buendia Ave. Makati,0,0,0,0,0,0,0,0,0,0,2016-02-08 22:30,Property,14.5658493,121.0451279,Rear-End
None,EDSA,None,None,"No Accident Factor, Side Swipe, 0.0 drivers_injured, 0.0 drivers_killed, 0.0 passengers_injured, 0.0 passengers_killed, 0.0 pedestrian_injured, 0.0 pedestrian_killed, Fair (Night), EDSA Guadalupe Cloverleaf (SB) Makati",MMDA Road Safety Unit,,608880d0-6c8e-43c7-b78b-2928b253d66d,2016-02-05,14:50:00,EDSA Evangelista St.  Makati,0,0,0,0,0,0,0,0,0,0,2016-02-05 22:50,Property,14.56721487,121.0456283,Side Swipe
None,EDSA,None,None,"No Accident Factor, No Collision Stated (based on Police Blotter Book), 1.0 drivers_injured, 0.0 drivers_killed, 0.0 passengers_injured, 0.0 passengers_killed, 0.0 pedestrian_injured, 0.0 pedestrian_killed, Fair (Night), EDSA Ayala (SB) Makati",MMDA Road Safety Unit,,c6b905c2-64c2-4c71-934d-bbbe0d270274,2016-02-05,10:10:00,"EDSA Evangelista St. (Moldex Bldg., Bangkal)  Makati",0,0,0,1,0,0,0,0,0,1,2016-02-05 18:10,Injury,14.5503157,121.0293627,No Collision Stated
None,EDSA,None,None,"No Accident Factor, Rear-end, 0.0 drivers_injured, 0.0 drivers_killed, 0.0 passengers_injured, 0.0 passengers_killed, 0.0 pedestrian_injured, 0.0 pedestrian_killed, Fair (Day), EDSA Ayala (NB) Makati",MMDA Road Safety Unit,,83ec7cf6-087f-46f6-a9fe-961869811df5,2016-02-05,07:40:00,EDSA Mc Kinley Road Makati,0,0,0,0,0,0,0,0,0,0,2016-02-05 15:40,Property,14.5503157,121.0293627,Rear-End
None,EDSA,None,None,"No Accident Factor, Rear-end, 0.0 drivers_injured, 0.0 drivers_killed, 0.0 passengers_injured, 0.0 passengers_killed, 0.0 pedestrian_injured, 0.0 pedestrian_killed, Fair (Day), EDSA Pasay Road, Dusit Hotel (SB) Makati",MMDA Road Safety Unit,,21567a12-66e0-4cee-917a-c5a42cd000f6,2016-02-05,06:45:00,"EDSA Mc Kinley Road, Forbes Park Makati",0,0,0,0,0,0,0,0,0,0,2016-02-05 14:45,Property,14.54758327,121.025974,Rear-End
None,EDSA,None,None,"No Accident Factor, Rear-end, 0.0 drivers_injured, 0.0 drivers_killed, 0.0 passengers_injured, 0.0 passengers_killed, 0.0 pedestrian_injured, 0.0 pedestrian_killed, Fair (Day), EDSA Ayala (SB) Makati",MMDA Road Safety Unit,,b2a91839-0f9a-46f3-bd0a-85fe3cf26227,2016-02-05,00:50:00,EDSA A. Arnaiz Ave.  Makati,0,0,0,0,0,0,0,0,0,0,2016-02-05 8:50,Property,14.5503157,121.0293627,Rear-End
None,EDSA,None,None,"No Accident Factor, Side Swipe, 0.0 drivers_injured, 0.0 drivers_killed, 0.0 passengers_injured, 0.0 passengers_killed, 0.0 pedestrian_injured, 0.0 pedestrian_killed, Fair (Day), EDSA Ayala Ave. (SB) Makati",MMDA Road Safety Unit,,0fe62f66-ede8-415f-8bb7-61f57ddd5db5,2016-02-05,00:40:00,EDSA Guadalupe MRT Station (SB) Makati,0,0,0,0,0,0,0,0,0,0,2016-02-05 8:40,Property,14.5503157,121.0293627,Side Swipe
None,EDSA,None,None,"No Accident Factor, Side Swipe, 0.0 drivers_injured, 0.0 drivers_killed, 0.0 passengers_injured, 0.0 passengers_killed, 0.0 pedestrian_injured, 0.0 pedestrian_killed, Fair (Day), EDSA Ayala Ave. (SB) Makati",MMDA Road Safety Unit,,d548ebf5-36ba-436a-94a1-d62429c84a9d,2016-02-05,00:15:00,EDSA Buendia Ave. (SB) Makati,0,0,0,0,0,0,0,0,0,0,2016-02-05 8:15,Property,14.5503157,121.0293627,Side Swipe
None,EDSA,None,None,"No Accident Factor, No Collision Stated (based on Police Blotter Book), 0.0 drivers_injured, 0.0 drivers_killed, 0.0 passengers_injured, 0.0 passengers_killed, 0.0 pedestrian_injured, 0.0 pedestrian_killed, Fair (Night), EDSA Orense (NB) Makati",MMDA Road Safety Unit,,4aa088bc-957e-4cb2-843d-38cbbd97652b,2016-02-04,12:55:00,EDSA Estrella St. (SB) Makati,0,0,0,0,0,0,0,0,0,0,2016-02-04 20:55,Property,14.56156378,121.0428336,No Collision Stated
None,EDSA,None,None,"No Accident Factor, No Collision Stated (based on Police Blotter Book), 1.0 drivers_injured, 0.0 drivers_killed, 0.0 passengers_injured, 0.0 passengers_killed, 0.0 pedestrian_injured, 0.0 pedestrian_killed, Fair (Night), EDSA Pasay Road Makati",MMDA Road Safety Unit,,0bf400fb-9f42-4c61-9474-30b08927b60f,2016-02-04,11:15:00,EDSA Buendia Ave. (NB) Makati,0,0,0,1,0,0,0,0,0,1,2016-02-04 19:15,Injury,14.54758327,121.025974,No Collision Stated
None,EDSA,None,None,"No Accident Factor, Rear-end, 0.0 drivers_injured, 0.0 drivers_killed, 0.0 passengers_injured, 0.0 passengers_killed, 0.0 pedestrian_injured, 0.0 pedestrian_killed, Fair (Day), EDSA Magallanes (SB) Loading Bay Makati",MMDA Road Safety Unit,,560ddd06-92e7-4d05-8dd6-53e82b897e10,2016-02-04,06:45:00,EDSA Ayala Ave. loading bay (NB) Makati,0,0,0,0,0,0,0,0,0,0,2016-02-04 14:45,Property,14.53955946,121.0143517,Rear-End
None,EDSA,None,None,"No Accident Factor, Rear-end, 0.0 drivers_injured, 0.0 drivers_killed, 0.0 passengers_injured, 0.0 passengers_killed, 0.0 pedestrian_injured, 0.0 pedestrian_killed, Fair (Day), EDSA Estrella St. (SB) - Palm Drive Makati",MMDA Road Safety Unit,,5512851e-969b-44a5-9082-c37fc2f74e5f,2016-02-04,05:30:00,EDSA Guadalupe Cloverleaf (NB) Makati,0,0,0,0,0,0,0,0,0,0,2016-02-04 13:30,Property,14.56004326,121.0411034,Rear-End
None,EDSA,None,None,"No Accident Factor, Side Swipe, 0.0 drivers_injured, 0.0 drivers_killed, 0.0 passengers_injured, 0.0 passengers_killed, 0.0 pedestrian_injured, 0.0 pedestrian_killed, Fair (Day), EDSA Magallanes (NB) Makati",MMDA Road Safety Unit,,8391ae60-4900-44ec-836c-201409196e6c,2016-02-04,03:40:00,EDSA A. Arnaiz Ave. (SB) Makati,0,0,0,0,0,0,0,0,0,0,2016-02-04 11:40,Property,14.53955946,121.0143517,Side Swipe
None,EDSA,None,None,"No Accident Factor, Side Swipe, 0.0 drivers_injured, 0.0 drivers_killed, 0.0 passengers_injured, 0.0 passengers_killed, 0.0 pedestrian_injured, 0.0 pedestrian_killed, Fair (Day), EDSA Ayala (SB) Makati",MMDA Road Safety Unit,,26256f15-3e2f-4825-ac73-4b8990b1551a,2016-02-04,00:10:00,EDSA A. Arnaiz Ave. (NB) Makati,0,0,0,0,0,0,0,0,0,0,2016-02-04 8:10,Property,14.5503157,121.0293627,Side Swipe
None,EDSA,None,None,"No Accident Factor, Rear-end, 0.0 drivers_injured, 0.0 drivers_killed, 0.0 passengers_injured, 0.0 passengers_killed, 0.0 pedestrian_injured, 0.0 pedestrian_killed, Fair (Day), EDSA Estrella (SB) Makati",MMDA Road Safety Unit,,b4f54a68-6d87-441d-8846-11d99edf9a44,2016-02-03,05:40:00,EDSA Lapu-Lapu St.  Makati,0,0,0,0,0,0,0,0,0,0,2016-02-03 13:40,Property,14.56004326,121.0411034,Rear-End
None,EDSA,None,None,"No Accident Factor, Side Swipe, 0.0 drivers_injured, 0.0 drivers_killed, 0.0 passengers_injured, 0.0 passengers_killed, 0.0 pedestrian_injured, 0.0 pedestrian_killed, Fair (Day), EDSA Ayala Ave. Makati",MMDA Road Safety Unit,,c5de90ff-3f16-406f-8fcf-6c25dc27d574,2016-02-03,02:10:00,"EDSA Chino Roces Ave,  Makati",0,0,0,0,0,0,0,0,0,0,2016-02-03 10:10,Property,14.5503157,121.0293627,Side Swipe
None,EDSA,None,None,"No Accident Factor, Rear-end, 0.0 drivers_injured, 0.0 drivers_killed, 0.0 passengers_injured, 0.0 passengers_killed, 0.0 pedestrian_injured, 0.0 pedestrian_killed, Fair (Day), EDSA Pet Plans (SB) Makati",MMDA Road Safety Unit,,f8ae1234-3954-483f-b2b9-090543d9b53a,2016-02-03,01:55:00,EDSA Ayala Ave. (SB) Makati,0,0,0,0,0,0,0,0,0,0,2016-02-03 9:55,Property,14.56193394,121.0428344,Rear-End
None,EDSA,None,None,"No Accident Factor, Rear-end, 0.0 drivers_injured, 0.0 drivers_killed, 0.0 passengers_injured, 0.0 passengers_killed, 0.0 pedestrian_injured, 0.0 pedestrian_killed, Fair (Day), EDSA Estrella (SB) Makati",MMDA Road Safety Unit,,602be466-ed2c-4f7f-9ce3-f21d9e831cfb,2016-02-03,01:45:00,EDSA Magallanes MRT (NB) Makati,0,0,0,0,0,0,0,0,0,0,2016-02-03 9:45,Property,14.56004326,121.0411034,Rear-End
None,EDSA,None,None,"No Accident Factor, Side Swipe, 0.0 drivers_injured, 0.0 drivers_killed, 0.0 passengers_injured, 0.0 passengers_killed, 0.0 pedestrian_injured, 0.0 pedestrian_killed, Fair (Day), EDSA Buendia Ave. Makati",MMDA Road Safety Unit,,58515524-7c18-4679-900b-409ef92cbee5,2016-02-02,08:00:00,EDSA Ayala Service Road (SB) Makati,0,0,0,0,0,0,0,0,0,0,2016-02-02 16:00,Property,14.55516134,121.0349756,Side Swipe
None,EDSA,None,None,"No Accident Factor, Side Swipe, 0.0 drivers_injured, 0.0 drivers_killed, 0.0 passengers_injured, 0.0 passengers_killed, 0.0 pedestrian_injured, 0.0 pedestrian_killed, Fair (Day), EDSA Ayala (SB) Makati",MMDA Road Safety Unit,,8f980dbe-9c83-4c2b-9525-a35ae753debb,2016-02-02,07:45:00,EDSA Mc Kinley Road Makati,0,0,0,0,0,0,0,0,0,0,2016-02-02 15:45,Property,14.5503157,121.0293627,Side Swipe
None,EDSA,None,None,"No Accident Factor, Side Swipe, 0.0 drivers_injured, 0.0 drivers_killed, 0.0 passengers_injured, 0.0 passengers_killed, 0.0 pedestrian_injured, 0.0 pedestrian_killed, Fair (Day), EDSA Buendia Loading Bay (SB) Makati",MMDA Road Safety Unit,,e8f31fd1-5757-43bd-893a-344f4e5c6df5,2016-02-02,06:15:00,EDSA Estrella Loading Bay (SB) Makati,0,0,0,0,0,0,0,0,0,0,2016-02-02 14:15,Property,14.55422655,121.0337442,Side Swipe
None,EDSA,None,None,"No Accident Factor, No Collision Stated (based on Police Blotter Book), 1.0 drivers_injured, 0.0 drivers_killed, 0.0 passengers_injured, 0.0 passengers_killed, 0.0 pedestrian_injured, 0.0 pedestrian_killed, Fair (Day), EDSA Buendia Kalayaan (NB) Makati",MMDA Road Safety Unit,,0282784f-f3fa-4ba0-81f5-18d84bb518bd,2016-02-02,06:15:00,EDSA Guadalupe Cloverleaf (NB) Makati,0,0,0,1,0,0,0,0,0,1,2016-02-02 14:15,Injury,14.55510393,121.0348792,No Collision Stated
None,EDSA,None,None,"No Accident Factor, Rear-end, 0.0 drivers_injured, 0.0 drivers_killed, 0.0 passengers_injured, 0.0 passengers_killed, 0.0 pedestrian_injured, 0.0 pedestrian_killed, Fair (Day), EDSA Estrella St. (SB) Makati",MMDA Road Safety Unit,,04bdf657-b0b1-49fc-9011-fa4e2b4b0ce0,2016-02-02,00:30:00,EDSA Ayala Ave. Makati,0,0,0,0,0,0,0,0,0,0,2016-02-02 8:30,Property,14.56004326,121.0411034,Rear-End
None,EDSA,None,None,"No Accident Factor, Rear-end, 0.0 drivers_injured, 0.0 drivers_killed, 0.0 passengers_injured, 0.0 passengers_killed, 0.0 pedestrian_injured, 0.0 pedestrian_killed, Fair (Day), EDSA Estrella St. (NB) Makati",MMDA Road Safety Unit,,b202f4a0-c0f1-4a24-9063-1e5c08de5648,2016-02-01,23:05:00,EDSA Kalayaan Ave. (NB) Makati,0,0,0,0,0,0,0,0,0,0,2016-02-02 7:05,Property,14.56004326,121.0411034,Rear-End
None,EDSA,None,None,"No Accident Factor, Side Swipe, 0.0 drivers_injured, 0.0 drivers_killed, 0.0 passengers_injured, 0.0 passengers_killed, 0.0 pedestrian_injured, 0.0 pedestrian_killed, Fair (Night), EDSA Ayala Mrt (NB) Makati",MMDA Road Safety Unit,,a723cc77-31e0-4fd1-b12b-0a7fa93b62ed,2016-02-01,12:50:00,EDSA Ayala Ave. (NB) Makati,0,0,0,0,0,0,0,0,0,0,2016-02-01 20:50,Property,14.54913499,121.0280408,Side Swipe
None,EDSA,None,None,"No Accident Factor, Side Swipe, 0.0 drivers_injured, 0.0 drivers_killed, 0.0 passengers_injured, 0.0 passengers_killed, 0.0 pedestrian_injured, 0.0 pedestrian_killed, Fair (Night), EDSA Guadalupe ABC Mall (NB) Makati",MMDA Road Safety Unit,,66d4ed30-20f1-4db9-abae-1e65a6b630b1,2016-02-01,10:55:00,EDSA Ayala Ave. loading bay (SB) Makati,0,0,0,0,0,0,0,0,0,0,2016-02-01 18:55,Property,14.56662777,121.0455282,Side Swipe
None,EDSA,None,None,"No Accident Factor, No Collision Stated (based on Police Blotter Book), 0.0 drivers_injured, 0.0 drivers_killed, 0.0 passengers_injured, 0.0 passengers_killed, 0.0 pedestrian_injured, 0.0 pedestrian_killed, Fair (Day), EDSA Ayala (SB) Makati",MMDA Road Safety Unit,,f6b1209e-9078-4f87-86a7-ad1cf239550b,2016-02-01,08:20:00,EDSA Magallanes Interchange Makati,0,0,0,0,0,0,0,0,0,0,2016-02-01 16:20,Property,14.5503157,121.0293627,No Collision Stated
None,EDSA,None,None,"No Accident Factor, Side Swipe, 0.0 drivers_injured, 0.0 drivers_killed, 0.0 passengers_injured, 0.0 passengers_killed, 0.0 pedestrian_injured, 0.0 pedestrian_killed, Fair (Day), EDSA Guadalupe loading bay (SB) Makati",MMDA Road Safety Unit,,a95766b6-bb39-4a16-8c50-cd04a0df97e6,2016-02-01,03:55:00,EDSA Kalayaan Ave. Makati,0,0,0,0,0,0,0,0,0,0,2016-02-01 11:55,Property,14.56470241,121.0447638,Side Swipe
None,EDSA,None,None,"No Accident Factor, Side Swipe, 0.0 drivers_injured, 0.0 drivers_killed, 0.0 passengers_injured, 0.0 passengers_killed, 0.0 pedestrian_injured, 0.0 pedestrian_killed, Fair (Day), EDSA Guadalupe MRT Station (NB) Makati",MMDA Road Safety Unit,,95022359-e181-42fb-aace-ef88f9cdd065,2016-02-01,01:00:00,EDSA Don Bosco St. - Pasong Tamo Makati,0,0,0,0,0,0,0,0,0,0,2016-02-01 9:00,Property,14.56672028,121.0454643,Side Swipe
None,EDSA,None,None,"No Accident Factor, Side Swipe, 0.0 drivers_injured, 0.0 drivers_killed, 0.0 passengers_injured, 0.0 passengers_killed, 0.0 pedestrian_injured, 0.0 pedestrian_killed, Fair (Day), EDSA Buendia Ave. (SB) Makati",MMDA Road Safety Unit,,ab62b09f-aa39-4c56-8ad3-6a945fe374dd,2016-02-01,00:15:00,EDSA Estrella St. (NB) Makati,0,0,0,0,0,0,0,0,0,0,2016-02-01 8:15,Property,14.55489642,121.0348811,Side Swipe
None,EDSA,None,None,"No Accident Factor, Side Swipe, 0.0 drivers_injured, 0.0 drivers_killed, 0.0 passengers_injured, 0.0 passengers_killed, 0.0 pedestrian_injured, 0.0 pedestrian_killed, Fair (Day), EDSA Buendia Ave. Makati",MMDA Road Safety Unit,,678727f1-4f44-4ff7-8707-d62544ac514a,2016-01-30,08:20:00,EDSA Estrella St. (NB)  Makati,0,0,0,0,0,0,0,0,0,0,2016-01-30 16:20,Property,14.55516134,121.0349756,Side Swipe
None,EDSA,None,None,"No Accident Factor, Side Swipe, 0.0 drivers_injured, 0.0 drivers_killed, 0.0 passengers_injured, 0.0 passengers_killed, 0.0 pedestrian_injured, 0.0 pedestrian_killed, Fair (Day), EDSA Evangelista St.  Makati",MMDA Road Safety Unit,,5b7aa880-b950-4045-b4c6-8cd97f9a3ae8,2016-01-30,07:30:00,EDSA Mc Kinley (EB) Makati,0,0,0,0,0,0,0,0,0,0,2016-01-30 15:30,Property,14.53906878,121.012324,Side Swipe