LOCATION_TEXT,ROAD,WEATHER,LIGHT,DESC,REPORTING_AGENCY,MAIN_CAUSE,INCIDENTDETAILS_ID,DATE_UTC,TIME_UTC,ADDRESS,killed_driver,killed_passenger,killed_pedestrian,injured_driver,injured_passenger,injured_pedestrian,killed_uncategorized,injured_uncategorized,killed_total,injured_total,DATETIME_PST,SEVERITY,Y,X,COLLISION_TYPE
None,EDSA,None,None,"No Accident Factor, Side Swipe, 0.0 drivers_injured, 0.0 drivers_killed, 0.0 passengers_injured, 0.0 passengers_killed, 0.0 pedestrian_injured, 0.0 pedestrian_killed, Fair (Day), EDSA Evangelista St. (Moldex Bldg., Bangkal)  Makati",MMDA Road Safety Unit,,6e8db70c-b312-4372-ad92-47947252151b,2016-01-30,04:35:00,EDSA Ayala Ave. (SB) Makati,0,0,0,0,0,0,0,0,0,0,2016-01-30 12:35,Property,14.53906878,121.012324,Side Swipe
None,EDSA,None,None,"No Accident Factor, Rear-end, 0.0 drivers_injured, 0.0 drivers_killed, 0.0 passengers_injured, 0.0 passengers_killed, 0.0 pedestrian_injured, 0.0 pedestrian_killed, Fair (Day), EDSA Mc Kinley Road Makati",MMDA Road Safety Unit,,86d2e935-2525-4ea4-8a29-67720df02023,2016-01-30,00:45:00,EDSA Magallanes (NB) Makati,0,0,0,0,0,0,0,0,0,0,2016-01-30 8:45,Property,14.5501403,121.0294629,Rear-End
None,EDSA,None,None,"No Accident Factor, Angle Impact, 0.0 drivers_injured, 0.0 drivers_killed, 0.0 passengers_injured, 0.0 passengers_killed, 0.0 pedestrian_injured, 0.0 pedestrian_killed, Fair (Night), EDSA Mc Kinley Road, Forbes Park Makati",MMDA Road Safety Unit,,07993fcd-9977-4528-98aa-a9eeb8a9e5a6,2016-01-29,13:30:00,EDSA Magallanes (SB) Makati,0,0,0,0,0,0,0,0,0,0,2016-01-29 21:30,Property,14.5501403,121.0294629,Angle Impact
None,EDSA,None,None,"No Accident Factor, Side Swipe, 0.0 drivers_injured, 0.0 drivers_killed, 0.0 passengers_injured, 0.0 passengers_killed, 0.0 pedestrian_injured, 0.0 pedestrian_killed, Fair (Night), EDSA A. Arnaiz Ave.  Makati",MMDA Road Safety Unit,,099878f2-d45c-4158-ba37-08c0415844e4,2016-01-29,11:50:00,EDSA Ayala Ave. Intersection (NB) Makati,0,0,0,0,0,0,0,0,0,0,2016-01-29 19:50,Property,14.54742131,121.0262139,Side Swipe
None,EDSA,None,None,"No Accident Factor, Side Swipe, 0.0 drivers_injured, 0.0 drivers_killed, 0.0 passengers_injured, 0.0 passengers_killed, 0.0 pedestrian_injured, 0.0 pedestrian_killed, Fair (Night), EDSA Guadalupe MRT Station (SB) Makati",MMDA Road Safety Unit,,785f0011-7465-4c05-86ef-68f9369e0a28,2016-01-29,11:25:00,EDSA Ayala Ave. (NB) Makati,0,0,0,0,0,0,0,0,0,0,2016-01-29 19:25,Property,14.56672028,121.0454643,Side Swipe
None,EDSA,None,None,"No Accident Factor, Side Swipe, 0.0 drivers_injured, 0.0 drivers_killed, 0.0 passengers_injured, 0.0 passengers_killed, 0.0 pedestrian_injured, 0.0 pedestrian_killed, Fair (Night), EDSA Buendia Ave. (SB) Makati",MMDA Road Safety Unit,,b1c45164-8239-4983-a209-e4050861eb5f,2016-01-29,10:35:00,EDSA Lapu Lapu St. Makati,0,0,0,0,0,0,0,0,0,0,2016-01-29 18:35,Property,14.55489642,121.0348811,Side Swipe
None,EDSA,None,None,"No Accident Factor, Rear-end, 0.0 drivers_injured, 0.0 drivers_killed, 0.0 passengers_injured, 0.0 passengers_killed, 0.0 pedestrian_injured, 0.0 pedestrian_killed, Fair (Day), EDSA Estrella St. (SB) Makati",MMDA Road Safety Unit,,6263186e-5c9f-4ada-9530-c517cac8833a,2016-01-29,05:30:00,EDSA Buendia Ave. (NB) Makati,0,0,0,0,0,0,0,0,0,0,2016-01-29 13:30,Property,14.56004326,121.0411034,Rear-End
None,EDSA,None,None,"No Accident Factor, Rear-end, 0.0 drivers_injured, 0.0 drivers_killed, 0.0 passengers_injured, 0.0 passengers_killed, 0.0 pedestrian_injured, 0.0 pedestrian_killed, Fair (Day), EDSA Buendia Ave. (NB) Makati",MMDA Road Safety Unit,,3221886f-33b8-4400-9c18-d362f01abdc6,2016-01-29,03:05:00,EDSA Kalayaan Ave. (NB) Makati,0,0,0,0,0,0,0,0,0,0,2016-01-29 11:05,Property,14.55489642,121.0348811,Rear-End
None,EDSA,None,None,"No Accident Factor, Rear-end, 0.0 drivers_injured, 0.0 drivers_killed, 0.0 passengers_injured, 0.0 passengers_killed, 0.0 pedestrian_injured, 0.0 pedestrian_killed, Fair (Day), EDSA Ayala Ave. loading bay (NB) Makati",MMDA Road Safety Unit,,eec68e70-bc00-4460-8ed3-8278c1254bc7,2016-01-29,01:25:00,EDSA Guadalupe MRT Station (NB) Makati,0,0,0,0,0,0,0,0,0,0,2016-01-29 9:25,Property,14.5503157,121.0293627,Rear-End
None,EDSA,None,None,"No Accident Factor, Rear-end, 0.0 drivers_injured, 0.0 drivers_killed, 0.0 passengers_injured, 0.0 passengers_killed, 0.0 pedestrian_injured, 0.0 pedestrian_killed, Fair (Day), EDSA Guadalupe Cloverleaf (NB) Makati",MMDA Road Safety Unit,,f7f71a3b-6490-466c-925c-41b0bf6dd73f,2016-01-28,09:45:00,EDSA Ayala Ave. Intersection (NB) Makati,0,0,0,0,0,0,0,0,0,0,2016-01-28 17:45,Property,14.56721487,121.0456283,Rear-End
None,EDSA,None,None,"No Accident Factor, Side Swipe, 0.0 drivers_injured, 0.0 drivers_killed, 0.0 passengers_injured, 0.0 passengers_killed, 0.0 pedestrian_injured, 0.0 pedestrian_killed, Fair (Day), EDSA A. Arnaiz Ave. (SB) Makati",MMDA Road Safety Unit,,894a19bc-c400-4689-a33a-8f6430e51743,2016-01-28,09:15:00,EDSA Guadalupe MRT Station (NB) Makati,0,0,0,0,0,0,0,0,0,0,2016-01-28 17:15,Property,14.54742131,121.0262139,Side Swipe
None,EDSA,None,None,"No Accident Factor, Side Swipe, 0.0 drivers_injured, 0.0 drivers_killed, 0.0 passengers_injured, 0.0 passengers_killed, 0.0 pedestrian_injured, 0.0 pedestrian_killed, Fair (Day), EDSA A. Arnaiz Ave. (NB) Makati",MMDA Road Safety Unit,,07936f46-3a43-4926-90f3-d41bc25ef184,2016-01-28,08:00:00,EDSA Orense St. (NB) Makati,0,0,0,0,0,0,0,0,0,0,2016-01-28 16:00,Property,14.54742131,121.0262139,Side Swipe
None,EDSA,None,None,"No Accident Factor, Rear-end, 0.0 drivers_injured, 0.0 drivers_killed, 0.0 passengers_injured, 0.0 passengers_killed, 0.0 pedestrian_injured, 0.0 pedestrian_killed, Fair (Night), EDSA Lapu-Lapu St.  Makati",MMDA Road Safety Unit,,40f963b3-a928-4bae-9e2e-abd9f8005529,2016-01-27,16:30:00,EDSA Estrella St. (NB) Makati,0,0,0,0,0,0,0,0,0,0,2016-01-28 0:30,Property,14.53968935,121.0155717,Rear-End
None,EDSA,None,None,"No Accident Factor, Angle Impact, 0.0 drivers_injured, 0.0 drivers_killed, 0.0 passengers_injured, 0.0 passengers_killed, 0.0 pedestrian_injured, 0.0 pedestrian_killed, Fair (Night), EDSA Chino Roces Ave,  Makati",MMDA Road Safety Unit,,30b0c585-e85a-4bd9-8e5a-29ff78d67142,2016-01-27,15:30:00,EDSA Ayala Ave. Intersection (NB) Makati,0,0,0,0,0,0,0,0,0,0,2016-01-27 23:30,Property,14.54117334,121.0183458,Angle Impact
None,EDSA,None,None,"No Accident Factor, Side Swipe, 0.0 drivers_injured, 0.0 drivers_killed, 0.0 passengers_injured, 0.0 passengers_killed, 0.0 pedestrian_injured, 0.0 pedestrian_killed, Fair (Day), EDSA Ayala Ave. (SB) Makati",MMDA Road Safety Unit,,431d8f61-91ab-495c-818b-bb9d95b6579a,2016-01-27,08:45:00,EDSA Magallanes (SB)  Makati,0,0,0,0,0,0,0,0,0,0,2016-01-27 16:45,Property,14.5503157,121.0293627,Side Swipe
None,EDSA,None,None,"No Accident Factor, Rear-end, 0.0 drivers_injured, 0.0 drivers_killed, 0.0 passengers_injured, 0.0 passengers_killed, 0.0 pedestrian_injured, 0.0 pedestrian_killed, Fair (Day), EDSA Magallanes MRT (NB) Makati",MMDA Road Safety Unit,,de129381-82ec-4b40-8f5b-1aa2a07b7755,2016-01-27,02:35:00,EDSA Magallanes MRT (SB) Makati,0,0,0,0,0,0,0,0,0,0,2016-01-27 10:35,Property,14.54189455,121.0190437,Rear-End
None,EDSA,None,None,"No Accident Factor, Rear-end, 0.0 drivers_injured, 0.0 drivers_killed, 0.0 passengers_injured, 0.0 passengers_killed, 0.0 pedestrian_injured, 0.0 pedestrian_killed, Fair (Day), EDSA Ayala Service Road (SB) Makati",MMDA Road Safety Unit,,41f09f10-2229-484a-9d95-d8a26b5aad7b,2016-01-27,01:45:00,EDSA Mc Kinley Road Makati,0,0,0,0,0,0,0,0,0,0,2016-01-27 9:45,Property,14.5484559,121.0273067,Rear-End
None,EDSA,None,None,"No Accident Factor, Side Swipe, 0.0 drivers_injured, 0.0 drivers_killed, 0.0 passengers_injured, 0.0 passengers_killed, 0.0 pedestrian_injured, 0.0 pedestrian_killed, Fair (Day), EDSA Mc Kinley Road Makati",MMDA Road Safety Unit,,ace88a86-8d37-464b-ae7f-cafa2da35811,2016-01-27,01:40:00,EDSA Magallanes (NB) Makati,0,0,0,0,0,0,0,0,0,0,2016-01-27 9:40,Property,14.5501403,121.0294629,Side Swipe
None,EDSA,None,None,"No Accident Factor, Rear-end, 0.0 drivers_injured, 0.0 drivers_killed, 0.0 passengers_injured, 0.0 passengers_killed, 0.0 pedestrian_injured, 0.0 pedestrian_killed, Fair (Night), EDSA Estrella Loading Bay (SB) Makati",MMDA Road Safety Unit,,ce199ed9-6626-4d1b-b0e8-e4cac64a55ad,2016-01-26,13:25:00,EDSA Buendia (Sen. Gil Puyat) Ave.  Makati,0,0,0,0,0,0,0,0,0,0,2016-01-26 21:25,Property,14.56049908,121.0415707,Rear-End
None,EDSA,None,None,"No Accident Factor, Side Swipe, 0.0 drivers_injured, 0.0 drivers_killed, 0.0 passengers_injured, 0.0 passengers_killed, 0.0 pedestrian_injured, 0.0 pedestrian_killed, Fair (Day), EDSA Guadalupe Cloverleaf (NB) Makati",MMDA Road Safety Unit,,36add79a-67fd-4ab2-90e8-21c82496f167,2016-01-26,07:35:00,EDSA Ayala Ave. Makati,0,0,0,0,0,0,0,0,0,0,2016-01-26 15:35,Property,14.56721487,121.0456283,Side Swipe
None,EDSA,None,None,"No Accident Factor, Rear-end, 0.0 drivers_injured, 0.0 drivers_killed, 0.0 passengers_injured, 0.0 passengers_killed, 0.0 pedestrian_injured, 0.0 pedestrian_killed, Fair (Day), EDSA Ayala Ave. Makati",MMDA Road Safety Unit,,0ad4a46a-beed-43a6-ab64-599daa793cde,2016-01-26,06:45:00,EDSA Buendia Ave. Makati,0,0,0,0,0,0,0,0,0,0,2016-01-26 14:45,Property,14.5503157,121.0293627,Rear-End
None,EDSA,None,None,"No Accident Factor, Multiple Collision, 0.0 drivers_injured, 0.0 drivers_killed, 0.0 passengers_injured, 0.0 passengers_killed, 0.0 pedestrian_injured, 0.0 pedestrian_killed, Fair (Day), EDSA Kalayaan Ave. (NB) Makati",MMDA Road Safety Unit,,e2fb666d-c240-4d9b-9814-9de21fd0dd05,2016-01-24,05:45:00,EDSA Magallanes Service Road Makati,0,0,0,0,0,0,0,0,0,0,2016-01-24 13:45,Property,14.55767933,121.038147,Multiple
None,EDSA,None,None,"No Accident Factor, Rear-end, 0.0 drivers_injured, 0.0 drivers_killed, 0.0 passengers_injured, 0.0 passengers_killed, 0.0 pedestrian_injured, 0.0 pedestrian_killed, Fair (Day), EDSA Ayala Ave. (NB) Makati",MMDA Road Safety Unit,,49968368-6bd8-4464-8be5-91d4a766ed17,2016-01-24,02:15:00,EDSA Magallanes Ave. Makati,0,0,0,0,0,0,0,0,0,0,2016-01-24 10:15,Property,14.5503157,121.0293627,Rear-End
None,EDSA,None,None,"No Accident Factor, No Collision Stated (based on Police Blotter Book), 1.0 drivers_injured, 0.0 drivers_killed, 0.0 passengers_injured, 0.0 passengers_killed, 0.0 pedestrian_injured, 0.0 pedestrian_killed, Fair (Night), EDSA Ayala Ave. loading bay (SB) Makati",MMDA Road Safety Unit,,a8020c6a-c095-465f-96b1-fa41a5e77aae,2016-01-23,13:05:00,EDSA Buendia Ave. (SB)  Makati,0,0,0,1,0,0,0,0,0,1,2016-01-23 21:05,Injury,14.5503157,121.0293627,No Collision Stated
None,EDSA,None,None,"No Accident Factor, Multiple Collision, 1.0 drivers_injured, 0.0 drivers_killed, 0.0 passengers_injured, 0.0 passengers_killed, 0.0 pedestrian_injured, 0.0 pedestrian_killed, Fair (Day), EDSA Magallanes Interchange Makati",MMDA Road Safety Unit,,f79f4247-a0bd-4a2e-b0a0-30c21cfd26bd,2016-01-23,06:30:00,EDSA Ayala Ave. (SB) Makati,0,0,0,1,0,0,0,0,0,1,2016-01-23 14:30,Injury,14.54679556,121.0248047,Multiple
None,EDSA,None,None,"No Accident Factor, Side Swipe, 0.0 drivers_injured, 0.0 drivers_killed, 1.0 passengers_injured, 0.0 passengers_killed, 0.0 pedestrian_injured, 0.0 pedestrian_killed, Fair (Night), EDSA Kalayaan Ave. Makati",MMDA Road Safety Unit,,39571d83-7d77-408c-9601-2226bc76421d,2016-01-22,14:30:00,EDSA Buendia Ave. (SB)  Makati,0,0,0,0,1,0,0,0,0,1,2016-01-22 22:30,Injury,14.55767933,121.038147,Side Swipe
None,EDSA,None,None,"No Accident Factor, Rear-end, 0.0 drivers_injured, 0.0 drivers_killed, 0.0 passengers_injured, 0.0 passengers_killed, 0.0 pedestrian_injured, 0.0 pedestrian_killed, Fair (Night), EDSA Don Bosco St. - Pasong Tamo Makati",MMDA Road Safety Unit,,9ccbb101-b26d-41c6-ad34-7031bdd61538,2016-01-22,13:45:00,EDSA Buendia Ave. Makati,0,0,0,0,0,0,0,0,0,0,2016-01-22 21:45,Property,14.54139717,121.0181891,Rear-End
None,EDSA,None,None,"No Accident Factor, Side Swipe, 0.0 drivers_injured, 0.0 drivers_killed, 0.0 passengers_injured, 0.0 passengers_killed, 0.0 pedestrian_injured, 0.0 pedestrian_killed, Fair (Day), EDSA Estrella St. (NB) Makati",MMDA Road Safety Unit,,dad98c2c-8d30-48a4-bb0f-6a48cedfe884,2016-01-22,05:15:00,EDSA Ayala Ave. (SB)  Makati,0,0,0,0,0,0,0,0,0,0,2016-01-22 13:15,Property,14.56004326,121.0411034,Side Swipe
None,EDSA,None,None,"No Accident Factor, Side Swipe, 0.0 drivers_injured, 0.0 drivers_killed, 0.0 passengers_injured, 0.0 passengers_killed, 0.0 pedestrian_injured, 0.0 pedestrian_killed, Fair (Day), EDSA Estrella St. (NB)  Makati",MMDA Road Safety Unit,,dd1c7aa7-00ed-4eab-94dd-e1957b916ceb,2016-01-22,05:00:00,EDSA Ayala Ave. Makati,0,0,0,0,0,0,0,0,0,0,2016-01-22 13:00,Property,14.56004326,121.0411034,Side Swipe
None,EDSA,None,None,"No Accident Factor, Rear-end, 0.0 drivers_injured, 0.0 drivers_killed, 0.0 passengers_injured, 0.0 passengers_killed, 0.0 pedestrian_injured, 0.0 pedestrian_killed, Fair (Day), EDSA Mc Kinley (EB) Makati",MMDA Road Safety Unit,,3073e2f3-18fe-4344-a747-edf4a7f55f28,2016-01-22,03:15:00,EDSA Lapu Lapu Ave. Makati,0,0,0,0,0,0,0,0,0,0,2016-01-22 11:15,Property,14.5501403,121.0294629,Rear-End
None,EDSA,None,None,"No Accident Factor, Rear-end, 0.0 drivers_injured, 0.0 drivers_killed, 0.0 passengers_injured, 0.0 passengers_killed, 0.0 pedestrian_injured, 0.0 pedestrian_killed, Fair (Day), EDSA Ayala Ave. (SB) Makati",MMDA Road Safety Unit,,1c7c528d-8c43-4c82-ae20-5b5ea61b2d8a,2016-01-22,01:35:00,EDSA Kalayaan Ave. Makati,0,0,0,0,0,0,0,0,0,0,2016-01-22 9:35,Property,14.5503157,121.0293627,Rear-End
None,EDSA,None,None,"No Accident Factor, Rear-end, 0.0 drivers_injured, 0.0 drivers_killed, 0.0 passengers_injured, 0.0 passengers_killed, 0.0 pedestrian_injured, 0.0 pedestrian_killed, Fair (Day), EDSA Magallanes (NB) Makati",MMDA Road Safety Unit,,df669484-589b-4576-ad34-2bdec37ee9e0,2016-01-21,22:55:00,EDSA Kalayaan Ave. Makati,0,0,0,0,0,0,0,0,0,0,2016-01-22 6:55,Property,14.53955946,121.0143517,Rear-End
None,EDSA,None,None,"No Accident Factor, Side Swipe, 0.0 drivers_injured, 0.0 drivers_killed, 0.0 passengers_injured, 0.0 passengers_killed, 0.0 pedestrian_injured, 0.0 pedestrian_killed, Fair (Night), EDSA Magallanes (SB) Makati",MMDA Road Safety Unit,,ba5a87f3-3c25-485f-a215-ce09138d7aaa,2016-01-21,14:15:00,EDSA Mc Kinley (WB) Makati,0,0,0,0,0,0,0,0,0,0,2016-01-21 22:15,Property,14.53955946,121.0143517,Side Swipe
None,EDSA,None,None,"No Accident Factor, Side Swipe, 0.0 drivers_injured, 0.0 drivers_killed, 0.0 passengers_injured, 0.0 passengers_killed, 0.0 pedestrian_injured, 0.0 pedestrian_killed, Fair (Night), EDSA Ayala Ave. Intersection (NB) Makati",MMDA Road Safety Unit,,a5e26450-ccb2-4006-9396-780726d99486,2016-01-21,12:35:00,EDSA Buendia Ave. (NB)  Makati,0,0,0,0,0,0,0,0,0,0,2016-01-21 20:35,Property,14.5503157,121.0293627,Side Swipe
None,EDSA,None,None,"No Accident Factor, Side Swipe, 0.0 drivers_injured, 0.0 drivers_killed, 0.0 passengers_injured, 0.0 passengers_killed, 0.0 pedestrian_injured, 0.0 pedestrian_killed, Fair (Night), EDSA Ayala Ave. (NB) Makati",MMDA Road Safety Unit,,98b0e862-127f-4f17-84ef-fc5de20af51b,2016-01-21,11:55:00,EDSA Kalayaan Ave. Makati,0,0,0,0,0,0,0,0,0,0,2016-01-21 19:55,Property,14.5503157,121.0293627,Side Swipe
None,EDSA,None,None,"No Accident Factor, Side Swipe, 0.0 drivers_injured, 0.0 drivers_killed, 0.0 passengers_injured, 0.0 passengers_killed, 0.0 pedestrian_injured, 0.0 pedestrian_killed, Fair (Day), EDSA Lapu Lapu St. Makati",MMDA Road Safety Unit,,21a4fbcc-81f7-4abf-a3f0-1d9e7951268b,2016-01-21,06:55:00,EDSA Kalayaan Ave. (NB)  Makati,0,0,0,0,0,0,0,0,0,0,2016-01-21 14:55,Property,14.53968935,121.0155717,Side Swipe
None,EDSA,None,None,"No Accident Factor, Rear-end, 0.0 drivers_injured, 0.0 drivers_killed, 0.0 passengers_injured, 0.0 passengers_killed, 0.0 pedestrian_injured, 0.0 pedestrian_killed, Fair (Day), EDSA Buendia Ave. (NB) Makati",MMDA Road Safety Unit,,75e1be85-5dbd-4057-870c-332dfebad554,2016-01-21,03:40:00,EDSA Estrella St. Makati,0,0,0,0,0,0,0,0,0,0,2016-01-21 11:40,Property,14.55489642,121.0348811,Rear-End
None,EDSA,None,None,"No Accident Factor, Side Swipe, 0.0 drivers_injured, 0.0 drivers_killed, 0.0 passengers_injured, 0.0 passengers_killed, 0.0 pedestrian_injured, 0.0 pedestrian_killed, Fair (Night), EDSA Kalayaan Ave. (NB) Makati",MMDA Road Safety Unit,,5b414322-fd9e-438b-a6e3-f75eed3a58d5,2016-01-20,10:45:00,EDSA A. Arnaiz Ave.  Makati,0,0,0,0,0,0,0,0,0,0,2016-01-20 18:45,Property,14.55767933,121.038147,Side Swipe
None,EDSA,None,None,"No Accident Factor, Side Swipe, 0.0 drivers_injured, 0.0 drivers_killed, 0.0 passengers_injured, 0.0 passengers_killed, 0.0 pedestrian_injured, 0.0 pedestrian_killed, Fair (Night), EDSA Guadalupe MRT Station (NB) Makati",MMDA Road Safety Unit,,d15033ba-e9c6-4d30-bc3a-1132fd88d9c3,2016-01-20,10:25:00,EDSA Buendia Ave. Makati,0,0,0,0,0,0,0,0,0,0,2016-01-20 18:25,Property,14.56672028,121.0454643,Side Swipe
None,EDSA,None,None,"No Accident Factor, Side Swipe, 0.0 drivers_injured, 0.0 drivers_killed, 0.0 passengers_injured, 0.0 passengers_killed, 0.0 pedestrian_injured, 0.0 pedestrian_killed, Fair (Night), EDSA Ayala Ave. Intersection (NB) Makati",MMDA Road Safety Unit,,e547a3e4-352d-4f75-894c-ae32ed5c4dc2,2016-01-20,10:15:00,EDSA Kalayaan (NB)  Makati,0,0,0,0,0,0,0,0,0,0,2016-01-20 18:15,Property,14.5503157,121.0293627,Side Swipe
None,EDSA,None,None,"No Accident Factor, Side Swipe, 0.0 drivers_injured, 0.0 drivers_killed, 0.0 passengers_injured, 0.0 passengers_killed, 0.0 pedestrian_injured, 0.0 pedestrian_killed, Fair (Day), EDSA Guadalupe MRT Station (NB) Makati",MMDA Road Safety Unit,,fe1a67cc-8719-476b-b7a5-c31783a0e978,2016-01-20,09:45:00,EDSA Rockwell (NB) Makati,0,0,0,0,0,0,0,0,0,0,2016-01-20 17:45,Property,14.56672028,121.0454643,Side Swipe
None,EDSA,None,None,"No Accident Factor, Side Swipe, 0.0 drivers_injured, 0.0 drivers_killed, 0.0 passengers_injured, 0.0 passengers_killed, 0.0 pedestrian_injured, 0.0 pedestrian_killed, Fair (Day), EDSA Orense St. (NB) Makati",MMDA Road Safety Unit,,68112817-742f-49cd-aee3-f3c3dfd8b470,2016-01-20,08:45:00,EDSA Rockwell (SB) Makati,0,0,0,0,0,0,0,0,0,0,2016-01-20 16:45,Property,14.56156378,121.0428336,Side Swipe
None,EDSA,None,None,"No Accident Factor, Side Swipe, 0.0 drivers_injured, 0.0 drivers_killed, 0.0 passengers_injured, 0.0 passengers_killed, 0.0 pedestrian_injured, 0.0 pedestrian_killed, Fair (Day), EDSA Estrella St. (NB) Makati",MMDA Road Safety Unit,,d99bb052-484a-4acb-b7fb-20cd5913f097,2016-01-20,08:15:00,EDSA Guadalupe ABC Mall (NB) Makati,0,0,0,0,0,0,0,0,0,0,2016-01-20 16:15,Property,14.56004326,121.0411034,Side Swipe
None,EDSA,None,None,"No Accident Factor, Rear-end, 0.0 drivers_injured, 0.0 drivers_killed, 0.0 passengers_injured, 0.0 passengers_killed, 0.0 pedestrian_injured, 0.0 pedestrian_killed, Fair (Day), EDSA Ayala Ave. Intersection (NB) Makati",MMDA Road Safety Unit,,4937d60a-670d-4fd0-809e-323587cb4cd3,2016-01-20,03:35:00,EDSA Petplans (SB) Makati,0,0,0,0,0,0,0,0,0,0,2016-01-20 11:35,Property,14.5503157,121.0293627,Rear-End
None,EDSA,None,None,"No Accident Factor, Rear-end, 0.0 drivers_injured, 0.0 drivers_killed, 0.0 passengers_injured, 0.0 passengers_killed, 0.0 pedestrian_injured, 0.0 pedestrian_killed, Fair (Day), EDSA Magallanes (SB)  Makati",MMDA Road Safety Unit,,74c72221-17e1-4db3-8b71-a504ed8ef183,2016-01-20,03:15:00,EDSA Buendia Ave. Makati,0,0,0,0,0,0,0,0,0,0,2016-01-20 11:15,Property,14.53955946,121.0143517,Rear-End
None,EDSA,None,None,"No Accident Factor, Rear-end, 0.0 drivers_injured, 0.0 drivers_killed, 0.0 passengers_injured, 0.0 passengers_killed, 0.0 pedestrian_injured, 0.0 pedestrian_killed, Fair (Day), EDSA Magallanes MRT (SB) Makati",MMDA Road Safety Unit,,e1bf35b1-98ae-47da-915c-191da78b4a96,2016-01-20,03:15:00,EDSA J. P. Rizal St.  Makati,0,0,0,0,0,0,0,0,0,0,2016-01-20 11:15,Property,14.54189455,121.0190437,Rear-End
None,EDSA,None,None,"No Accident Factor, Rear-end, 0.0 drivers_injured, 0.0 drivers_killed, 0.0 passengers_injured, 0.0 passengers_killed, 0.0 pedestrian_injured, 0.0 pedestrian_killed, Fair (Day), EDSA Mc Kinley Road Makati",MMDA Road Safety Unit,,2cba5239-ecfb-46ad-b200-e52d0dbe61a0,2016-01-20,02:05:00,EDSA East Cloverleaf (NB) Makati,0,0,0,0,0,0,0,0,0,0,2016-01-20 10:05,Property,14.5501403,121.0294629,Rear-End
None,EDSA,None,None,"No Accident Factor, Rear-end, 0.0 drivers_injured, 0.0 drivers_killed, 0.0 passengers_injured, 0.0 passengers_killed, 0.0 pedestrian_injured, 0.0 pedestrian_killed, Fair (Day), EDSA Magallanes (NB) Makati",MMDA Road Safety Unit,,57c5833b-07c8-4663-9708-a5f1559ee98b,2016-01-19,23:55:00,EDSA Estrella St.  Makati,0,0,0,0,0,0,0,0,0,0,2016-01-20 7:55,Property,14.53955946,121.0143517,Rear-End
None,EDSA,None,None,"No Accident Factor, Side Swipe, 0.0 drivers_injured, 0.0 drivers_killed, 0.0 passengers_injured, 0.0 passengers_killed, 0.0 pedestrian_injured, 0.0 pedestrian_killed, Fair (Day), EDSA Buendia (Sen. Gil Puyat) Ave.  Makati",MMDA Road Safety Unit,,93b0657d-c966-47ed-888d-4a6e9882c085,2016-01-19,08:35:00,EDSA A. Arnaiz Ave.  Makati,0,0,0,0,0,0,0,0,0,0,2016-01-19 16:35,Property,14.55517972,121.0349173,Side Swipe
None,EDSA,None,None,"No Accident Factor, Side Swipe, 0.0 drivers_injured, 0.0 drivers_killed, 0.0 passengers_injured, 0.0 passengers_killed, 0.0 pedestrian_injured, 0.0 pedestrian_killed, Fair (Night), EDSA Ayala Ave. Makati",MMDA Road Safety Unit,,e064b8a5-5b2d-4f22-af33-9365cf0d3868,2016-01-18,12:40:00,EDSA Palm Drive Makati,0,0,0,0,0,0,0,0,0,0,2016-01-18 20:40,Property,14.5503157,121.0293627,Side Swipe
None,EDSA,None,None,"No Accident Factor, Side Swipe, 0.0 drivers_injured, 0.0 drivers_killed, 0.0 passengers_injured, 0.0 passengers_killed, 0.0 pedestrian_injured, 0.0 pedestrian_killed, Fair (Day), EDSA Buendia Ave. Makati",MMDA Road Safety Unit,,63d1e1c9-fc86-4ce9-993b-92002aefdcbd,2016-01-18,04:00:00,EDSA Magallanes (NB)  Makati,0,0,0,0,0,0,0,0,0,0,2016-01-18 12:00,Property,14.55516134,121.0349756,Side Swipe
None,EDSA,None,None,"No Accident Factor, Rear-end, 1.0 drivers_injured, 0.0 drivers_killed, 0.0 passengers_injured, 0.0 passengers_killed, 0.0 pedestrian_injured, 0.0 pedestrian_killed, Fair (Day), EDSA Magallanes Service Road Makati",MMDA Road Safety Unit,,e3ef57c0-8602-489c-aa9b-2b6aef5dc0d5,2016-01-17,22:55:00,EDSA Don Chino Roces Ave.  Makati,0,0,0,1,0,0,0,0,0,1,2016-01-18 6:55,Injury,14.54037338,121.01729,Rear-End
None,EDSA,None,None,"No Accident Factor, Angle Impact, 0.0 drivers_injured, 0.0 drivers_killed, 0.0 passengers_injured, 0.0 passengers_killed, 0.0 pedestrian_injured, 0.0 pedestrian_killed, Fair (Night), EDSA Magallanes Ave. Makati",MMDA Road Safety Unit,,27da1485-c1c9-42f8-81b3-77e6f8a51f30,2016-01-17,16:30:00,EDSA A. Arnaiz Ave.  Makati,0,0,0,0,0,0,0,0,0,0,2016-01-18 0:30,Property,14.53924572,121.0142961,Angle Impact
None,EDSA,None,None,"No Accident Factor, Rear-end, 0.0 drivers_injured, 0.0 drivers_killed, 0.0 passengers_injured, 0.0 passengers_killed, 0.0 pedestrian_injured, 0.0 pedestrian_killed, Fair (Day), EDSA Buendia Ave. (SB)  Makati",MMDA Road Safety Unit,,4685eb7b-fbe9-4e64-8870-2678bfaffb51,2016-01-14,23:45:00,EDSA Estrella Loading Bay (SB)  Makati,0,0,0,0,0,0,0,0,0,0,2016-01-15 7:45,Property,14.55489642,121.0348811,Rear-End
None,EDSA,None,None,"No Accident Factor, Side Swipe, 0.0 drivers_injured, 0.0 drivers_killed, 0.0 passengers_injured, 0.0 passengers_killed, 0.0 pedestrian_injured, 0.0 pedestrian_killed, Fair (Night), EDSA Ayala Ave. (SB) Makati",MMDA Road Safety Unit,,e5b8d812-23b7-4fcc-a5bf-6e4ba31044c7,2016-01-13,14:30:00,EDSA West Cloverleaf Makati,0,0,0,0,0,0,0,0,0,0,2016-01-13 22:30,Property,14.5503157,121.0293627,Side Swipe