LOCATION_TEXT,ROAD,WEATHER,LIGHT,DESC,REPORTING_AGENCY,MAIN_CAUSE,INCIDENTDETAILS_ID,DATE_UTC,TIME_UTC,ADDRESS,killed_driver,killed_passenger,killed_pedestrian,injured_driver,injured_passenger,injured_pedestrian,killed_uncategorized,injured_uncategorized,killed_total,injured_total,DATETIME_PST,SEVERITY,Y,X,COLLISION_TYPE
None,EDSA,None,None,"No Accident Factor, Rear-end, 0.0 drivers_injured, 0.0 drivers_killed, 0.0 passengers_injured, 0.0 passengers_killed, 0.0 pedestrian_injured, 0.0 pedestrian_killed, Fair (Day), EDSA Buendia Ave. (SB)  Makati",MMDA Road Safety Unit,,565de1b9-9b6a-4a7e-9fa6-f468c742baa8,2016-01-13,02:15:00,EDSA Mc Kinley Road Makati,0,0,0,0,0,0,0,0,0,0,2016-01-13 10:15,Property,14.55489642,121.0348811,Rear-End
None,EDSA,None,None,"No Accident Factor, Self-Accident, 1.0 drivers_injured, 0.0 drivers_killed, 0.0 passengers_injured, 0.0 passengers_killed, 0.0 pedestrian_injured, 0.0 pedestrian_killed, Fair (Night), EDSA Buendia Ave. Makati",MMDA Road Safety Unit,,d4df604e-de9b-42cb-a084-6992992c96ab,2016-01-12,11:20:00,EDSA Estrella St. Makati,0,0,0,1,0,0,0,0,0,1,2016-01-12 19:20,Injury,14.55516134,121.0349756,Self-Accident
None,EDSA,None,None,"No Accident Factor, Rear-end, 0.0 drivers_injured, 0.0 drivers_killed, 0.0 passengers_injured, 0.0 passengers_killed, 0.0 pedestrian_injured, 0.0 pedestrian_killed, Fair (Day), EDSA Ayala Ave. (SB)  Makati",MMDA Road Safety Unit,,8448dc9e-0a7a-4c08-b7e1-99e4b7ac762c,2016-01-12,06:30:00,EDSA Ayala Ave. Makati,0,0,0,0,0,0,0,0,0,0,2016-01-12 14:30,Property,14.5503157,121.0293627,Rear-End
None,EDSA,None,None,"No Accident Factor, Rear-end, 0.0 drivers_injured, 0.0 drivers_killed, 0.0 passengers_injured, 0.0 passengers_killed, 0.0 pedestrian_injured, 0.0 pedestrian_killed, Fair (Day), EDSA Ayala Ave. Makati",MMDA Road Safety Unit,,2a2aef99-af23-43cd-85f2-efa9cc54e18b,2016-01-12,00:50:00,EDSA Mc Kinley Access Road Makati,0,0,0,0,0,0,0,0,0,0,2016-01-12 8:50,Property,14.5503157,121.0293627,Rear-End
None,EDSA,None,None,"No Accident Factor, Angle Impact, 0.0 drivers_injured, 0.0 drivers_killed, 0.0 passengers_injured, 0.0 passengers_killed, 0.0 pedestrian_injured, 0.0 pedestrian_killed, Fair (Night), EDSA Lapu Lapu Ave. Makati",MMDA Road Safety Unit,,299d2ac4-aa56-4cfb-93de-bcc4ea45f616,2016-01-11,15:00:00,EDSA Ayala Ave. Makati,0,0,0,0,0,0,0,0,0,0,2016-01-11 23:00,Property,14.53968935,121.0155717,Angle Impact
None,EDSA,None,None,"No Accident Factor, Side Swipe, 0.0 drivers_injured, 0.0 drivers_killed, 0.0 passengers_injured, 0.0 passengers_killed, 0.0 pedestrian_injured, 0.0 pedestrian_killed, Fair (Night), EDSA Kalayaan Ave. Makati",MMDA Road Safety Unit,,5275c31b-314d-4614-98fa-fe06935170c5,2016-01-09,14:50:00,EDSA Magallanes (NB)  Makati,0,0,0,0,0,0,0,0,0,0,2016-01-09 22:50,Property,14.55767933,121.038147,Side Swipe
None,EDSA,None,None,"No Accident Factor, Side Swipe, 0.0 drivers_injured, 0.0 drivers_killed, 0.0 passengers_injured, 0.0 passengers_killed, 0.0 pedestrian_injured, 0.0 pedestrian_killed, Fair (Day), EDSA Kalayaan Ave. Makati",MMDA Road Safety Unit,,1eb69e96-cb8d-4973-8a5c-70472fe3597e,2016-01-09,06:30:00,EDSA Shell Gas Station Estrella (NB) Makati,0,0,0,0,0,0,0,0,0,0,2016-01-09 14:30,Property,14.55767933,121.038147,Side Swipe
None,EDSA,None,None,"No Accident Factor, Rear-end, 0.0 drivers_injured, 0.0 drivers_killed, 0.0 passengers_injured, 0.0 passengers_killed, 0.0 pedestrian_injured, 0.0 pedestrian_killed, Fair (Day), EDSA Mc Kinley (WB) Makati",MMDA Road Safety Unit,,722afe9e-3dd4-4168-8dcc-457e7db54554,2016-01-09,01:05:00,EDSA J.P. Rizal St. Makati,0,0,0,0,0,0,0,0,0,0,2016-01-09 9:05,Property,14.5501403,121.0294629,Rear-End
None,EDSA,None,None,"No Accident Factor, Side Swipe, 0.0 drivers_injured, 0.0 drivers_killed, 0.0 passengers_injured, 0.0 passengers_killed, 0.0 pedestrian_injured, 0.0 pedestrian_killed, Fair (Day), EDSA Buendia Ave. (NB)  Makati",MMDA Road Safety Unit,,0fc7c13a-9b63-4ce0-b230-2b6c8cc19789,2016-01-08,02:20:00,EDSA Ayala Ave. (SB)  Makati,0,0,0,0,0,0,0,0,0,0,2016-01-08 10:20,Property,14.55489642,121.0348811,Side Swipe
None,EDSA,None,None,"No Accident Factor, Side Swipe, 0.0 drivers_injured, 0.0 drivers_killed, 0.0 passengers_injured, 0.0 passengers_killed, 0.0 pedestrian_injured, 0.0 pedestrian_killed, Fair (Day), EDSA Kalayaan Ave. Makati",MMDA Road Safety Unit,,eb276778-332a-455b-a27a-3e05aab7d1a5,2016-01-08,02:20:00,EDSA Ayala Ave. (NB) Makati,0,0,0,0,0,0,0,0,0,0,2016-01-08 10:20,Property,14.55767933,121.038147,Side Swipe
None,EDSA,None,None,"No Accident Factor, Side Swipe, 0.0 drivers_injured, 0.0 drivers_killed, 0.0 passengers_injured, 0.0 passengers_killed, 0.0 pedestrian_injured, 0.0 pedestrian_killed, Fair (Day), EDSA Kalayaan Ave. (NB)  Makati",MMDA Road Safety Unit,,9d6d3b62-c5be-4670-8149-4160346b68db,2016-01-07,22:55:00,EDSA Magallanes Interchange Makati,0,0,0,0,0,0,0,0,0,0,2016-01-08 6:55,Property,14.55767933,121.038147,Side Swipe
None,EDSA,None,None,"No Accident Factor, Rear-end, 0.0 drivers_injured, 0.0 drivers_killed, 0.0 passengers_injured, 0.0 passengers_killed, 0.0 pedestrian_injured, 0.0 pedestrian_killed, Fair (Night), EDSA Estrella St. Makati",MMDA Road Safety Unit,,236d324d-b2a2-427b-bd64-5c91bffbf875,2016-01-07,10:30:00,EDSA Kalayaan (NB)  Makati,0,0,0,0,0,0,0,0,0,0,2016-01-07 18:30,Property,14.56004326,121.0411034,Rear-End
None,EDSA,None,None,"No Accident Factor, Rear-end, 0.0 drivers_injured, 0.0 drivers_killed, 0.0 passengers_injured, 0.0 passengers_killed, 0.0 pedestrian_injured, 0.0 pedestrian_killed, Fair (Night), EDSA A. Arnaiz Ave.  Makati",MMDA Road Safety Unit,,0a036ca4-e15e-4052-bef1-875da4d5ab32,2016-01-06,16:00:00,EDSA Ayala Ave. Makati,0,0,0,0,0,0,0,0,0,0,2016-01-07,Property,14.54742131,121.0262139,Rear-End
None,EDSA,None,None,"No Accident Factor, Rear-end, 0.0 drivers_injured, 0.0 drivers_killed, 0.0 passengers_injured, 0.0 passengers_killed, 0.0 pedestrian_injured, 0.0 pedestrian_killed, Fair (Day), EDSA Buendia Ave. Makati",MMDA Road Safety Unit,,591fd159-acd8-4753-a923-731cfe21d56a,2016-01-05,03:00:00,EDSA Magallanes Loading Bay  (NB)  Makati,0,0,0,0,0,0,0,0,0,0,2016-01-05 11:00,Property,14.55516134,121.0349756,Rear-End
None,EDSA,None,None,"No Accident Factor, Side Swipe, 0.0 drivers_injured, 0.0 drivers_killed, 0.0 passengers_injured, 0.0 passengers_killed, 0.0 pedestrian_injured, 0.0 pedestrian_killed, Fair (Day), EDSA Kalayaan (NB)  Makati",MMDA Road Safety Unit,,ee81ce14-3585-45b7-a1cb-035dc5bfeb43,2016-01-04,23:00:00,EDSA J.P. Rizal St. Makati,0,0,0,0,0,0,0,0,0,0,2016-01-05 7:00,Property,14.55756121,121.0378941,Side Swipe
None,EDSA,None,None,"No Accident Factor, Rear-end, 0.0 drivers_injured, 0.0 drivers_killed, 0.0 passengers_injured, 0.0 passengers_killed, 0.0 pedestrian_injured, 0.0 pedestrian_killed, Fair (Day), EDSA Rockwell (NB) Makati",MMDA Road Safety Unit,,2c66d31f-38ee-4453-ac4a-af5397783898,2016-01-04,22:50:00,EDSA Evangelista St. Makati,0,0,0,0,0,0,0,0,0,0,2016-01-05 6:50,Property,14.56005542,121.0407183,Rear-End
None,EDSA,None,None,"No Accident Factor, Side Swipe, 0.0 drivers_injured, 0.0 drivers_killed, 0.0 passengers_injured, 0.0 passengers_killed, 0.0 pedestrian_injured, 0.0 pedestrian_killed, Fair (Night), EDSA Rockwell (SB) Makati",MMDA Road Safety Unit,,0fcc3131-a49a-4197-b4ac-ffc1bf734559,2016-01-04,12:05:00,EDSA Mc Kinley Road Makati,0,0,0,0,0,0,0,0,0,0,2016-01-04 20:05,Property,14.56005542,121.0407183,Side Swipe
None,EDSA,None,None,"No Accident Factor, Side Swipe, 0.0 drivers_injured, 0.0 drivers_killed, 0.0 passengers_injured, 0.0 passengers_killed, 0.0 pedestrian_injured, 0.0 pedestrian_killed, Fair (Day), EDSA Guadalupe ABC Mall (NB) Makati",MMDA Road Safety Unit,,32955cda-f847-4fc4-a35f-7017d8ed7d81,2016-01-04,06:55:00,EDSA Evangelista St. Makati,0,0,0,0,0,0,0,0,0,0,2016-01-04 14:55,Property,14.56662777,121.0455282,Side Swipe
None,EDSA,None,None,"No Accident Factor, Side Swipe, 0.0 drivers_injured, 0.0 drivers_killed, 0.0 passengers_injured, 0.0 passengers_killed, 0.0 pedestrian_injured, 0.0 pedestrian_killed, Fair (Day), EDSA Petplans (SB) Makati",MMDA Road Safety Unit,,de432a80-0c14-4a87-acc9-457e51484c09,2016-01-04,06:55:00,EDSA Buendia Ave. Makati,0,0,0,0,0,0,0,0,0,0,2016-01-04 14:55,Property,14.56193394,121.0428344,Side Swipe
None,EDSA,None,None,"No Accident Factor, Hit Object (Plastic-Barrier), 0.0 drivers_injured, 0.0 drivers_killed, 0.0 passengers_injured, 0.0 passengers_killed, 0.0 pedestrian_injured, 0.0 pedestrian_killed, Fair (Night), EDSA Buendia Ave. Makati",MMDA Road Safety Unit,,19b6585f-1ede-43fb-8dd1-685acb049735,2016-01-02,18:45:00,EDSA Buendia Ave. Makati,0,0,0,0,0,0,0,0,0,0,2016-01-03 2:45,Property,14.55516134,121.0349756,Hit Object
None,EDSA,None,None,"No Accident Factor, Side Swipe, 0.0 drivers_injured, 0.0 drivers_killed, 0.0 passengers_injured, 0.0 passengers_killed, 0.0 pedestrian_injured, 0.0 pedestrian_killed, Fair (Night), EDSA J. P. Rizal St.  Makati",MMDA Road Safety Unit,,fa2d3d5a-44de-4be7-87ec-5dd5e2aaede1,2015-12-09,14:45:00,EDSA J.P. Rizal Ave. Makati,0,0,0,0,0,0,0,0,0,0,2015-12-09 22:45,Property,14.56800921,121.0459132,Side Swipe
None,EDSA,None,None,"No Accident Factor, Hit and Run (Side Swipe), 0.0 drivers_injured, 0.0 drivers_killed, 0.0 passengers_injured, 0.0 passengers_killed, 0.0 pedestrian_injured, 0.0 pedestrian_killed, Fair (Night), EDSA East Cloverleaf (NB) Makati",MMDA Road Safety Unit,,b2220c2c-d7eb-4928-ad72-24b9731155dd,2015-12-09,11:00:00,EDSA West Cloverleaf Makati,0,0,0,0,0,0,0,0,0,0,2015-12-09 19:00,Property,14.5668982,121.0455818,Side Swipe
None,EDSA,None,None,"No Accident Factor, Side Swipe, 0.0 drivers_injured, 0.0 drivers_killed, 0.0 passengers_injured, 0.0 passengers_killed, 0.0 pedestrian_injured, 0.0 pedestrian_killed, Fair (Day), EDSA Estrella St.  Makati",MMDA Road Safety Unit,,4e833b4b-ad2b-43b2-a3c0-24240135fea0,2015-12-08,08:00:00,EDSA Amorsolo Gate Dasmarinas Village  Makati,0,0,0,0,0,0,0,0,0,0,2015-12-08 16:00,Property,14.56004326,121.0411034,Side Swipe
None,EDSA,None,None,"No Accident Factor, Angle Impact, 0.0 drivers_injured, 0.0 drivers_killed, 0.0 passengers_injured, 0.0 passengers_killed, 0.0 pedestrian_injured, 0.0 pedestrian_killed, Fair (Night), EDSA A. Arnaiz Ave.  Makati",MMDA Road Safety Unit,,a15e49ca-3fd5-40d3-b541-64040f841709,2015-12-07,13:15:00,EDSA Magallanes Interchange Makati,0,0,0,0,0,0,0,0,0,0,2015-12-07 21:15,Property,14.54742131,121.0262139,Angle Impact
None,EDSA,None,None,"No Accident Factor, Side Swipe, 0.0 drivers_injured, 0.0 drivers_killed, 0.0 passengers_injured, 0.0 passengers_killed, 0.0 pedestrian_injured, 0.0 pedestrian_killed, Fair (Day), EDSA Palm Drive Makati",MMDA Road Safety Unit,,e8d835dc-2a85-41b8-a9a8-04158578818b,2015-12-05,07:00:00,EDSA Mc Kinley Road Makati,0,0,0,0,0,0,0,0,0,0,2015-12-05 15:00,Property,14.54840479,121.0270209,Side Swipe
None,EDSA,None,None,"No Accident Factor, Side Swipe, 0.0 drivers_injured, 0.0 drivers_killed, 0.0 passengers_injured, 0.0 passengers_killed, 0.0 pedestrian_injured, 0.0 pedestrian_killed, Fair (Day), EDSA Magallanes (NB)  Makati",MMDA Road Safety Unit,,1ae1ecd3-3c5b-482e-987b-6a8e2ef6b425,2015-12-04,06:30:00,EDSA Buendia Ave. (SB) Loading Bay  Makati,0,0,0,0,0,0,0,0,0,0,2015-12-04 14:30,Property,14.53955946,121.0143517,Side Swipe
None,EDSA,None,None,"No Accident Factor, Angle Impact, 0.0 drivers_injured, 0.0 drivers_killed, 1.0 passengers_injured, 0.0 passengers_killed, 0.0 pedestrian_injured, 0.0 pedestrian_killed, Fair (Day), EDSA Don Chino Roces Ave.  Makati",MMDA Road Safety Unit,,6bd3400e-9225-47ad-83d5-c16653c3eacf,2015-12-03,23:50:00,EDSA Guadalupe (SB) Makati,0,0,0,0,1,0,0,0,0,1,2015-12-04 7:50,Injury,14.5413506,121.0183368,Angle Impact
None,EDSA,None,None,"No Accident Factor, Rear-end, 0.0 drivers_injured, 0.0 drivers_killed, 0.0 passengers_injured, 0.0 passengers_killed, 0.0 pedestrian_injured, 0.0 pedestrian_killed, Fair (Night), EDSA A. Arnaiz Ave.  Makati",MMDA Road Safety Unit,,7f094ca8-c22d-4883-ac60-0e3016f3d9a8,2015-12-03,12:20:00,EDSA Buendia Ave. (NB)  Makati,0,0,0,0,0,0,0,0,0,0,2015-12-03 20:20,Property,14.54742131,121.0262139,Rear-End
None,EDSA,None,None,"No Accident Factor, Rear-end, 0.0 drivers_injured, 0.0 drivers_killed, 0.0 passengers_injured, 0.0 passengers_killed, 0.0 pedestrian_injured, 0.0 pedestrian_killed, Fair (Day), EDSA Estrella Loading Bay (SB)  Makati",MMDA Road Safety Unit,,b490eb18-6754-49ea-8e8b-248683118432,2015-12-02,22:35:00,EDSA Mantrade (NB)  Makati,0,0,0,0,0,0,0,0,0,0,2015-12-03 6:35,Property,14.56049908,121.0415707,Rear-End
None,EDSA,None,None,"No Accident Factor, Side Swipe, 0.0 drivers_injured, 0.0 drivers_killed, 0.0 passengers_injured, 0.0 passengers_killed, 0.0 pedestrian_injured, 0.0 pedestrian_killed, Fair (Day), EDSA West Cloverleaf Makati",MMDA Road Safety Unit,,a71bf39c-c1b7-48d0-9998-4f06eea7d8e2,2015-12-01,22:00:00,EDSA Ayala Ave.  Makati,0,0,0,0,0,0,0,0,0,0,2015-12-02 6:00,Property,14.56763029,121.0456342,Side Swipe
None,EDSA,None,None,"No Accident Factor, Side Swipe, 0.0 drivers_injured, 0.0 drivers_killed, 0.0 passengers_injured, 0.0 passengers_killed, 0.0 pedestrian_injured, 0.0 pedestrian_killed, Fair (Day), EDSA Mc Kinley Road Makati",MMDA Road Safety Unit,,a52b73a8-f985-41eb-bf33-91d5e0ba5cea,2015-12-01,07:30:00,EDSA Buendia Ave. (SB)  Makati,0,0,0,0,0,0,0,0,0,0,2015-12-01 15:30,Property,14.5501403,121.0294629,Side Swipe
None,EDSA,None,None,"No Accident Factor, Multiple Collision, 0.0 drivers_injured, 0.0 drivers_killed, 0.0 passengers_injured, 0.0 passengers_killed, 0.0 pedestrian_injured, 0.0 pedestrian_killed, Fair (Day), EDSA Estrella St. Makati",MMDA Road Safety Unit,,3381f2d4-3488-47b9-8235-7267bf989a8d,2015-11-29,03:30:00,EDSA Chino Roces Ave. Exit Makati,0,0,0,0,0,0,0,0,0,0,2015-11-29 11:30,Property,14.56004326,121.0411034,Multiple
None,EDSA,None,None,"No Accident Factor, Rear-end, 0.0 drivers_injured, 0.0 drivers_killed, 0.0 passengers_injured, 0.0 passengers_killed, 0.0 pedestrian_injured, 0.0 pedestrian_killed, Fair (Day), EDSA Ayala Ave. Makati",MMDA Road Safety Unit,,c0a39510-b29f-4a5d-bfdb-aeb0e8a36a26,2015-11-28,23:40:00,EDSA Buendia Ave. (NB)  Makati,0,0,0,0,0,0,0,0,0,0,2015-11-29 7:40,Property,14.5503157,121.0293627,Rear-End
None,EDSA,None,None,"No Accident Factor, Side Swipe, 0.0 drivers_injured, 0.0 drivers_killed, 0.0 passengers_injured, 0.0 passengers_killed, 0.0 pedestrian_injured, 0.0 pedestrian_killed, Fair (Day), EDSA Mc Kinley Access Road Makati",MMDA Road Safety Unit,,aca3acaa-9768-4305-9342-7e4ff79b590b,2015-11-28,09:30:00,EDSA Guadalupe Loading (SB)  Makati,0,0,0,0,0,0,0,0,0,0,2015-11-28 17:30,Property,14.5501403,121.0294629,Side Swipe
None,EDSA,None,None,"No Accident Factor, Side Swipe, 0.0 drivers_injured, 0.0 drivers_killed, 0.0 passengers_injured, 0.0 passengers_killed, 0.0 pedestrian_injured, 0.0 pedestrian_killed, Fair (Day), EDSA Ayala Ave. Makati",MMDA Road Safety Unit,,a8805649-ec71-4e00-9978-9ea24dc6d208,2015-11-28,07:45:00,EDSA San Carlos Seminary Guadalupe Makati,0,0,0,0,0,0,0,0,0,0,2015-11-28 15:45,Property,14.5503157,121.0293627,Side Swipe
None,EDSA,None,None,"No Accident Factor, Rear-end, 0.0 drivers_injured, 0.0 drivers_killed, 0.0 passengers_injured, 0.0 passengers_killed, 0.0 pedestrian_injured, 0.0 pedestrian_killed, Fair (Night), EDSA Magallanes (NB)  Makati",MMDA Road Safety Unit,,8a59a554-189d-4112-9ff8-f7b7e8925c4c,2015-11-27,13:00:00,EDSA Lapu Lapu St. Makati,0,0,0,0,0,0,0,0,0,0,2015-11-27 21:00,Property,14.53955946,121.0143517,Rear-End
None,EDSA,None,None,"No Accident Factor, Side Swipe, 0.0 drivers_injured, 0.0 drivers_killed, 0.0 passengers_injured, 0.0 passengers_killed, 0.0 pedestrian_injured, 0.0 pedestrian_killed, Fair (Night), EDSA Shell Gas Station Estrella (NB)  Makati",MMDA Road Safety Unit,,4789716e-29bc-446a-b9dd-c29045f8b79f,2015-11-27,11:00:00,EDSA Mc Kinley Road Makati,0,0,0,0,0,0,0,0,0,0,2015-11-27 19:00,Property,14.5600892,121.041222,Side Swipe
None,EDSA,None,None,"No Accident Factor, Rear-end, 0.0 drivers_injured, 0.0 drivers_killed, 0.0 passengers_injured, 0.0 passengers_killed, 0.0 pedestrian_injured, 0.0 pedestrian_killed, Fair (Night), EDSA J.P. Rizal St. Makati",MMDA Road Safety Unit,,bd8d176d-183b-4485-9154-70a30c901980,2015-11-26,21:00:00,EDSA Kalayaan Ave. (NB)  Makati,0,0,0,0,0,0,0,0,0,0,2015-11-27 5:00,Property,14.56801365,121.045729,Rear-End
None,EDSA,None,None,"No Accident Factor, No Collision Stated (based on Police Blotter Book), 0.0 drivers_injured, 0.0 drivers_killed, 0.0 passengers_injured, 0.0 passengers_killed, 0.0 pedestrian_injured, 0.0 pedestrian_killed, Fair (Day), EDSA Ayala Ave. (SB)  Makati",MMDA Road Safety Unit,,bb86d39c-9a8d-4e94-bd87-8c3b6b6832ef,2015-11-26,04:20:00,EDSA Ayala Ave. Makati,0,0,0,0,0,0,0,0,0,0,2015-11-26 12:20,Property,14.5503157,121.0293627,No Collision Stated
None,EDSA,None,None,"No Accident Factor, Rear-end, 0.0 drivers_injured, 0.0 drivers_killed, 0.0 passengers_injured, 0.0 passengers_killed, 0.0 pedestrian_injured, 0.0 pedestrian_killed, Fair (Day), EDSA Ayala Ave. (NB) Makati",MMDA Road Safety Unit,,bdd0c98d-2599-4d92-9d80-7de9f68c465a,2015-11-25,08:05:00,EDSA Magallanes Interchange Makati,0,0,0,0,0,0,0,0,0,0,2015-11-25 16:05,Property,14.5503157,121.0293627,Rear-End
None,EDSA,None,None,"No Accident Factor, Rear-end, 0.0 drivers_injured, 0.0 drivers_killed, 0.0 passengers_injured, 0.0 passengers_killed, 0.0 pedestrian_injured, 0.0 pedestrian_killed, Fair (Day), EDSA Magallanes Interchange Makati",MMDA Road Safety Unit,,a3fd79c1-41ca-400d-9e5d-e0e7c85defa7,2015-11-25,06:00:00,EDSA Kalayaan (NB)  Makati,0,0,0,0,0,0,0,0,0,0,2015-11-25 14:00,Property,14.54679556,121.0248047,Rear-End
None,EDSA,None,None,"No Accident Factor, Side Swipe, 0.0 drivers_injured, 0.0 drivers_killed, 0.0 passengers_injured, 0.0 passengers_killed, 0.0 pedestrian_injured, 0.0 pedestrian_killed, Fair (Night), EDSA Kalayaan (NB)  Makati",MMDA Road Safety Unit,,aeb3e5d4-7828-42e1-b76d-b6d66e753aaa,2015-11-24,13:20:00,EDSA Estrella St. (SB) Makati,0,0,0,0,0,0,0,0,0,0,2015-11-24 21:20,Property,14.55756121,121.0378941,Side Swipe
None,EDSA,None,None,"No Accident Factor, Self-Accident, 0.0 drivers_injured, 0.0 drivers_killed, 0.0 passengers_injured, 0.0 passengers_killed, 0.0 pedestrian_injured, 0.0 pedestrian_killed, Fair (Day), EDSA Ayala Ave. Makati",MMDA Road Safety Unit,,a96bccab-4649-4ce6-b444-d5c5bb419fc8,2015-11-23,02:30:00,EDSA Buendia Ave. (NB)  Makati,0,0,0,0,0,0,0,0,0,0,2015-11-23 10:30,Property,14.5503157,121.0293627,Self-Accident
None,EDSA,None,None,"No Accident Factor, Side Swipe, 1.0 drivers_injured, 0.0 drivers_killed, 0.0 passengers_injured, 0.0 passengers_killed, 0.0 pedestrian_injured, 0.0 pedestrian_killed, Fair (Night), EDSA Magallanes Loading Bay  (NB)  Makati",MMDA Road Safety Unit,,0431064f-31d2-40e3-98ca-fc5ef03803d1,2015-11-22,21:20:00,EDSA Mantrade (NB)  Makati,0,0,0,1,0,0,0,0,0,1,2015-11-23 5:20,Injury,14.54402536,121.021754,Side Swipe
None,EDSA,None,None,"No Accident Factor, Side Swipe, 0.0 drivers_injured, 0.0 drivers_killed, 0.0 passengers_injured, 0.0 passengers_killed, 0.0 pedestrian_injured, 0.0 pedestrian_killed, Fair (Night), EDSA J.P. Rizal St. Makati",MMDA Road Safety Unit,,ef971d07-ad6e-42af-8dbb-791111d48227,2015-11-22,10:50:00,EDSA Magallanes Interchange Makati,0,0,0,0,0,0,0,0,0,0,2015-11-22 18:50,Property,14.56801365,121.045729,Side Swipe
None,EDSA,None,None,"No Accident Factor, Side Swipe, 0.0 drivers_injured, 0.0 drivers_killed, 0.0 passengers_injured, 0.0 passengers_killed, 0.0 pedestrian_injured, 0.0 pedestrian_killed, Fair (Day), EDSA Evangelista St. Makati",MMDA Road Safety Unit,,07d9a36b-e15f-448b-9cfa-c62af9adccdd,2015-11-20,03:30:00,EDSA Kalayaan Ave. (NB)  Makati,0,0,0,0,0,0,0,0,0,0,2015-11-20 11:30,Property,14.53906878,121.012324,Side Swipe
None,EDSA,None,None,"No Accident Factor, Side Swipe, 0.0 drivers_injured, 0.0 drivers_killed, 0.0 passengers_injured, 0.0 passengers_killed, 0.0 pedestrian_injured, 0.0 pedestrian_killed, Fair (Day), EDSA Mc Kinley Road Makati",MMDA Road Safety Unit,,7349cee2-14bb-4a55-af61-626b400a8b28,2015-11-20,00:30:00,EDSA P. Burgos St.  Makati,0,0,0,0,0,0,0,0,0,0,2015-11-20 8:30,Property,14.5501403,121.0294629,Side Swipe
None,EDSA,None,None,"No Accident Factor, Rear-end, 0.0 drivers_injured, 0.0 drivers_killed, 0.0 passengers_injured, 0.0 passengers_killed, 0.0 pedestrian_injured, 0.0 pedestrian_killed, Fair (Day), EDSA Evangelista St. Makati",MMDA Road Safety Unit,,f338d738-fe46-4d58-b36c-08e257a8dce2,2015-11-18,23:45:00,"EDSA ""U"" turn slot, Magallanes Service Road Makati",0,0,0,0,0,0,0,0,0,0,2015-11-19 7:45,Property,14.53906878,121.012324,Rear-End
None,EDSA,None,None,"No Accident Factor, Side Swipe, 0.0 drivers_injured, 0.0 drivers_killed, 0.0 passengers_injured, 0.0 passengers_killed, 0.0 pedestrian_injured, 0.0 pedestrian_killed, Fair (Night), EDSA Buendia Ave. Makati",MMDA Road Safety Unit,,8754babc-2027-4c40-b89c-c2a3593dd101,2015-11-18,11:00:00,EDSA Mc Kinley Road Makati,0,0,0,0,0,0,0,0,0,0,2015-11-18 19:00,Property,14.55516134,121.0349756,Side Swipe
None,EDSA,None,None,"No Accident Factor, Side Swipe, 0.0 drivers_injured, 0.0 drivers_killed, 0.0 passengers_injured, 0.0 passengers_killed, 0.0 pedestrian_injured, 0.0 pedestrian_killed, Fair (Day), EDSA Buendia Ave. Makati",MMDA Road Safety Unit,,058a5cd5-1d5d-4466-adb6-ee720afbf5b3,2015-11-17,06:30:00,EDSA Magallanes Interchange Makati,0,0,0,0,0,0,0,0,0,0,2015-11-17 14:30,Property,14.55516134,121.0349756,Side Swipe
None,EDSA,None,None,"No Accident Factor, Side Swipe, 0.0 drivers_injured, 0.0 drivers_killed, 0.0 passengers_injured, 0.0 passengers_killed, 0.0 pedestrian_injured, 0.0 pedestrian_killed, Fair (Day), EDSA J.P. Rizal Ave. Makati",MMDA Road Safety Unit,,484f19a9-6370-4542-b9a2-bc3bc91bba1d,2015-11-16,04:30:00,EDSA Guadalupe Loading Bay  (NB)  Makati,0,0,0,0,0,0,0,0,0,0,2015-11-16 12:30,Property,14.56801365,121.045729,Side Swipe
None,EDSA,None,None,"No Accident Factor, Self-Accident, 0.0 drivers_injured, 0.0 drivers_killed, 0.0 passengers_injured, 0.0 passengers_killed, 0.0 pedestrian_injured, 0.0 pedestrian_killed, Fair (Day), EDSA West Cloverleaf Makati",MMDA Road Safety Unit,,8c7101f8-4c89-4962-badd-fe5c80a6b204,2015-11-16,03:30:00,EDSA Estrella (SB)  Makati,0,0,0,0,0,0,0,0,0,0,2015-11-16 11:30,Property,14.56763029,121.0456342,Self-Accident
None,EDSA,None,None,"No Accident Factor, Side Swipe, 0.0 drivers_injured, 0.0 drivers_killed, 0.0 passengers_injured, 0.0 passengers_killed, 0.0 pedestrian_injured, 0.0 pedestrian_killed, Fair (Night), EDSA Amorsolo Gate Dasmarinas Village  Makati",MMDA Road Safety Unit,,b90aa216-c939-41f4-ae96-2bdc1df60a9e,2015-11-15,11:00:00,EDSA Guadalupe (SB)  Makati,0,0,0,0,0,0,0,0,0,0,2015-11-15 19:00,Property,14.54231742,121.0194498,Side Swipe
None,EDSA,None,None,"No Accident Factor, Side Swipe, 0.0 drivers_injured, 0.0 drivers_killed, 0.0 passengers_injured, 0.0 passengers_killed, 0.0 pedestrian_injured, 0.0 pedestrian_killed, Fair (Day), EDSA Magallanes Interchange Makati",MMDA Road Safety Unit,,d4a1d9de-56cd-4241-a9c8-fe8d5a06b6e2,2015-11-15,02:00:00,EDSA Buendia Ave. (SB)  Makati,0,0,0,0,0,0,0,0,0,0,2015-11-15 10:00,Property,14.54679556,121.0248047,Side Swipe
None,EDSA,None,None,"No Accident Factor, Side Swipe, 0.0 drivers_injured, 0.0 drivers_killed, 0.0 passengers_injured, 0.0 passengers_killed, 0.0 pedestrian_injured, 0.0 pedestrian_killed, Fair (Night), EDSA Mc Kinley Road Makati",MMDA Road Safety Unit,,1709cbc9-6d6a-4184-b801-9c8fddcde7a8,2015-11-14,13:05:00,EDSA Kalayaan Ave. Makati,0,0,0,0,0,0,0,0,0,0,2015-11-14 21:05,Property,14.5501403,121.0294629,Side Swipe
None,EDSA,None,None,"No Accident Factor, Side Swipe, 0.0 drivers_injured, 0.0 drivers_killed, 0.0 passengers_injured, 0.0 passengers_killed, 0.0 pedestrian_injured, 0.0 pedestrian_killed, Fair (Night), EDSA Buendia Ave. (SB) Loading Bay  Makati",MMDA Road Safety Unit,,13af549e-911b-4c58-bd21-5014a3e96e3f,2015-11-14,10:30:00,EDSA Mc Kinley Access Road Makati,0,0,0,0,0,0,0,0,0,0,2015-11-14 18:30,Property,14.55413255,121.0337838,Side Swipe