LOCATION_TEXT,ROAD,WEATHER,LIGHT,DESC,REPORTING_AGENCY,MAIN_CAUSE,INCIDENTDETAILS_ID,DATE_UTC,TIME_UTC,ADDRESS,killed_driver,killed_passenger,killed_pedestrian,injured_driver,injured_passenger,injured_pedestrian,killed_uncategorized,injured_uncategorized,killed_total,injured_total,DATETIME_PST,SEVERITY,Y,X,COLLISION_TYPE
None,EDSA,None,None,"No Accident Factor, Self-Accident, 0.0 drivers_injured, 0.0 drivers_killed, 0.0 passengers_injured, 0.0 passengers_killed, 0.0 pedestrian_injured, 0.0 pedestrian_killed, Fair (Night), EDSA Guadalupe (SB) Makati",MMDA Road Safety Unit,,951015bd-a82c-4509-adff-bccbce638830,2015-11-13,13:00:00,EDSA Estrella (NB)  Makati,0,0,0,0,0,0,0,0,0,0,2015-11-13 21:00,Property,14.56662777,121.0455282,Self-Accident
None,EDSA,None,None,"No Accident Factor, Rear-end, 0.0 drivers_injured, 0.0 drivers_killed, 0.0 passengers_injured, 0.0 passengers_killed, 0.0 pedestrian_injured, 0.0 pedestrian_killed, Fair (Night), EDSA Buendia Ave. (NB)  Makati",MMDA Road Safety Unit,,a88c3ef8-93ed-4033-9cc8-3ddbd87fc11a,2015-11-13,10:45:00,EDSA Buendia (SB)  Makati,0,0,0,0,0,0,0,0,0,0,2015-11-13 18:45,Property,14.55489642,121.0348811,Rear-End
None,EDSA,None,None,"No Accident Factor, Side Swipe, 0.0 drivers_injured, 0.0 drivers_killed, 0.0 passengers_injured, 0.0 passengers_killed, 0.0 pedestrian_injured, 0.0 pedestrian_killed, Fair (Day), EDSA Mantrade (NB)  Makati",MMDA Road Safety Unit,,41f44293-8f7f-42f4-ad57-2a6951d6591b,2015-11-13,01:00:00,EDSA Ayala (NB)  Makati,0,0,0,0,0,0,0,0,0,0,2015-11-13 9:00,Property,14.54127991,121.0184601,Side Swipe
None,EDSA,None,None,"No Accident Factor, Rear-end, 0.0 drivers_injured, 0.0 drivers_killed, 0.0 passengers_injured, 0.0 passengers_killed, 0.0 pedestrian_injured, 0.0 pedestrian_killed, Fair (Day), EDSA Ayala Ave.  Makati",MMDA Road Safety Unit,,4cf54fba-d80f-44cc-934c-fc19c65d0d86,2015-11-12,00:30:00,EDSA Palm Drive Makati,0,0,0,0,0,0,0,0,0,0,2015-11-12 8:30,Property,14.5503157,121.0293627,Rear-End
None,EDSA,None,None,"No Accident Factor, Rear-end, 0.0 drivers_injured, 0.0 drivers_killed, 0.0 passengers_injured, 0.0 passengers_killed, 0.0 pedestrian_injured, 0.0 pedestrian_killed, Fair (Night), EDSA Buendia Ave. (SB)  Makati",MMDA Road Safety Unit,,97372798-2cc1-4e4a-8189-476e9cfffcb1,2015-11-11,13:00:00,EDSA Ayala Ave. (SB) Makati,0,0,0,0,0,0,0,0,0,0,2015-11-11 21:00,Property,14.55489642,121.0348811,Rear-End
None,EDSA,None,None,"No Accident Factor, Side Swipe, 0.0 drivers_injured, 0.0 drivers_killed, 0.0 passengers_injured, 0.0 passengers_killed, 0.0 pedestrian_injured, 0.0 pedestrian_killed, Fair (Night), EDSA Chino Roces Ave. Exit Makati",MMDA Road Safety Unit,,cac318ce-a898-4ce6-a778-c45a15fa8689,2015-11-11,10:00:00,EDSA Buendia Ave. (SB) Makati,0,0,0,0,0,0,0,0,0,0,2015-11-11 18:00,Property,14.54117334,121.0183458,Side Swipe
None,EDSA,None,None,"No Accident Factor, Side Swipe, 0.0 drivers_injured, 0.0 drivers_killed, 0.0 passengers_injured, 0.0 passengers_killed, 0.0 pedestrian_injured, 0.0 pedestrian_killed, Fair (Day), EDSA Buendia Ave. (NB)  Makati",MMDA Road Safety Unit,,ce294901-7393-4501-be4b-e5ce43057aab,2015-11-11,08:00:00,EDSA Mc Kinley Road Makati,0,0,0,0,0,0,0,0,0,0,2015-11-11 16:00,Property,14.55489642,121.0348811,Side Swipe
None,EDSA,None,None,"No Accident Factor, Side Swipe, 0.0 drivers_injured, 0.0 drivers_killed, 0.0 passengers_injured, 0.0 passengers_killed, 0.0 pedestrian_injured, 0.0 pedestrian_killed, Fair (Day), EDSA Guadalupe Loading (SB)  Makati",MMDA Road Safety Unit,,a104e9d3-9ab4-49e8-b8bd-455cbe8cc8b7,2015-11-11,04:30:00,EDSA Ayala Ave. (NB) Makati,0,0,0,0,0,0,0,0,0,0,2015-11-11 12:30,Property,14.56470241,121.0447638,Side Swipe
None,EDSA,None,None,"No Accident Factor, Hit Object (No Object Stated), 1.0 drivers_injured, 0.0 drivers_killed, 0.0 passengers_injured, 0.0 passengers_killed, 0.0 pedestrian_injured, 0.0 pedestrian_killed, Fair (Day), EDSA San Carlos Seminary Guadalupe Makati",MMDA Road Safety Unit,,4f4a91c3-be71-4527-8beb-522259021eb4,2015-11-10,22:00:00,EDSA Buendia Ave. Makati,0,0,0,1,0,0,0,0,0,1,2015-11-11 6:00,Injury,14.56324721,121.0439357,Hit Object
None,EDSA,None,None,"No Accident Factor, Rear-end, 0.0 drivers_injured, 0.0 drivers_killed, 0.0 passengers_injured, 0.0 passengers_killed, 0.0 pedestrian_injured, 0.0 pedestrian_killed, Fair (Night), EDSA Lapu Lapu St. Makati",MMDA Road Safety Unit,,3c49b578-9b55-4494-af55-b33344e41e0c,2015-11-10,15:00:00,EDSA Buendia Ave. (NB) Makati,0,0,0,0,0,0,0,0,0,0,2015-11-10 23:00,Property,14.53968935,121.0155717,Rear-End
None,EDSA,None,None,"No Accident Factor, Side Swipe, 0.0 drivers_injured, 0.0 drivers_killed, 0.0 passengers_injured, 0.0 passengers_killed, 0.0 pedestrian_injured, 0.0 pedestrian_killed, Fair (Night), EDSA Mc Kinley Road Makati",MMDA Road Safety Unit,,e3edd731-d584-4cb8-9ee6-6521a7750aa8,2015-11-10,14:00:00,EDSA Ayala Ave. (SB)  Makati,0,0,0,0,0,0,0,0,0,0,2015-11-10 22:00,Property,14.5501403,121.0294629,Side Swipe
None,EDSA,None,None,"No Accident Factor, Side Swipe, 0.0 drivers_injured, 0.0 drivers_killed, 0.0 passengers_injured, 0.0 passengers_killed, 0.0 pedestrian_injured, 0.0 pedestrian_killed, Fair (Day), EDSA Kalayaan Ave. (NB)  Makati",MMDA Road Safety Unit,,39b7f5c0-f791-4ca8-bab8-9f763591bd11,2015-11-10,07:30:00,EDSA Guadalupe (NB) Makati,0,0,0,0,0,0,0,0,0,0,2015-11-10 15:30,Property,14.55767933,121.038147,Side Swipe
None,EDSA,None,None,"No Accident Factor, Side Swipe, 0.0 drivers_injured, 0.0 drivers_killed, 0.0 passengers_injured, 0.0 passengers_killed, 0.0 pedestrian_injured, 0.0 pedestrian_killed, Fair (Day), EDSA Ayala Ave. Makati",MMDA Road Safety Unit,,38a11922-91ba-4f71-9d30-d989fd0c2de2,2015-11-10,02:30:00,EDSA Buendia Ave. (NB) Makati,0,0,0,0,0,0,0,0,0,0,2015-11-10 10:30,Property,14.5503157,121.0293627,Side Swipe
None,EDSA,None,None,"No Accident Factor, Side Swipe, 0.0 drivers_injured, 0.0 drivers_killed, 0.0 passengers_injured, 0.0 passengers_killed, 0.0 pedestrian_injured, 0.0 pedestrian_killed, Fair (Night), EDSA Magallanes Interchange Makati",MMDA Road Safety Unit,,f4bb9ec3-6fff-4cff-a599-c84c73ff559b,2015-11-09,12:45:00,EDSA Guadalupe (SB)  Makati,0,0,0,0,0,0,0,0,0,0,2015-11-09 20:45,Property,14.54679556,121.0248047,Side Swipe
None,EDSA,None,None,"No Accident Factor, Angle Impact, 0.0 drivers_injured, 0.0 drivers_killed, 0.0 passengers_injured, 0.0 passengers_killed, 0.0 pedestrian_injured, 0.0 pedestrian_killed, Fair (Night), EDSA Kalayaan (NB)  Makati",MMDA Road Safety Unit,,c78524c4-0e31-429e-acfd-9d2ad742a86c,2015-11-09,11:00:00,EDSA Magallanes Interchange Makati,0,0,0,0,0,0,0,0,0,0,2015-11-09 19:00,Property,14.55756121,121.0378941,Angle Impact
None,EDSA,None,None,"No Accident Factor, Multiple Collision, 0.0 drivers_injured, 0.0 drivers_killed, 0.0 passengers_injured, 0.0 passengers_killed, 0.0 pedestrian_injured, 0.0 pedestrian_killed, Fair (Day), EDSA Estrella St. (SB) Makati",MMDA Road Safety Unit,,5f681dd3-16a5-4252-92ad-ee53c2012c00,2015-11-09,02:00:00,EDSA Estrella St. (NB) Makati,0,0,0,0,0,0,0,0,0,0,2015-11-09 10:00,Property,14.56004326,121.0411034,Multiple
None,EDSA,None,None,"No Accident Factor, Side Swipe, 0.0 drivers_injured, 0.0 drivers_killed, 0.0 passengers_injured, 0.0 passengers_killed, 0.0 pedestrian_injured, 0.0 pedestrian_killed, Fair (Day), EDSA Buendia Ave. (NB)  Makati",MMDA Road Safety Unit,,34f1e2c6-4bfe-46b2-90b5-55cffd40a3ee,2015-11-09,00:10:00,EDSA Ayala Ave. (NB) Makati,0,0,0,0,0,0,0,0,0,0,2015-11-09 8:10,Property,14.55489642,121.0348811,Side Swipe
None,EDSA,None,None,"No Accident Factor, Rear-end, 0.0 drivers_injured, 0.0 drivers_killed, 0.0 passengers_injured, 0.0 passengers_killed, 0.0 pedestrian_injured, 0.0 pedestrian_killed, Fair (Day), EDSA Mantrade (NB)  Makati",MMDA Road Safety Unit,,959848d8-d44d-493a-b40c-742fe05e5e64,2015-11-08,22:00:00,EDSA Ayala Ave. Makati,0,0,0,0,0,0,0,0,0,0,2015-11-09 6:00,Property,14.54127991,121.0184601,Rear-End
None,EDSA,None,None,"No Accident Factor, Rear-end, 0.0 drivers_injured, 0.0 drivers_killed, 0.0 passengers_injured, 0.0 passengers_killed, 0.0 pedestrian_injured, 0.0 pedestrian_killed, Fair (Day), EDSA Magallanes Interchange Makati",MMDA Road Safety Unit,,bef20c59-222a-4e28-9367-69ea8046ceb1,2015-11-07,20:20:00,EDSA Apolinario St. Makati,0,0,0,0,0,0,0,0,0,0,2015-11-08 4:20,Property,14.54679556,121.0248047,Rear-End
None,EDSA,None,None,"No Accident Factor, Rear-end, 0.0 drivers_injured, 0.0 drivers_killed, 0.0 passengers_injured, 0.0 passengers_killed, 0.0 pedestrian_injured, 0.0 pedestrian_killed, Fair (Night), EDSA Kalayaan Ave. (NB)  Makati",MMDA Road Safety Unit,,1f24bb2d-d619-4ffd-a301-f7c65f881523,2015-11-07,10:15:00,EDSA Buendia Ave. (SB) Makati,0,0,0,0,0,0,0,0,0,0,2015-11-07 18:15,Property,14.55767933,121.038147,Rear-End
None,EDSA,None,None,"No Accident Factor, Multiple Collision, 0.0 drivers_injured, 0.0 drivers_killed, 0.0 passengers_injured, 0.0 passengers_killed, 0.0 pedestrian_injured, 0.0 pedestrian_killed, Fair (Night), EDSA P. Burgos St.  Makati",MMDA Road Safety Unit,,219bec88-e758-41de-9fd1-107a4610531d,2015-11-06,12:15:00,EDSA Chino Roces Ave. Makati,0,0,0,0,0,0,0,0,0,0,2015-11-06 20:15,Property,14.5655887,121.0452425,Multiple
None,EDSA,None,None,"No Accident Factor, Side Swipe, 0.0 drivers_injured, 0.0 drivers_killed, 0.0 passengers_injured, 0.0 passengers_killed, 0.0 pedestrian_injured, 0.0 pedestrian_killed, Fair (Night), EDSA ""U"" turn slot, Magallanes Service Road Makati",MMDA Road Safety Unit,,db84e9db-8257-40cd-9a44-4e4574948445,2015-11-06,10:45:00,"EDSA ""U"" turn slot, Buendia Ave. (NB) Makati",0,0,0,0,0,0,0,0,0,0,2015-11-06 18:45,Property,14.53974938,121.0156019,Side Swipe
None,EDSA,None,None,"No Accident Factor, Rear-end, 0.0 drivers_injured, 0.0 drivers_killed, 0.0 passengers_injured, 0.0 passengers_killed, 0.0 pedestrian_injured, 0.0 pedestrian_killed, Fair (Day), EDSA Mc Kinley Road Makati",MMDA Road Safety Unit,,5d1c0038-501f-486f-bb92-cadee4c979b9,2015-11-06,05:15:00,EDSA Estrella St. (NB) Makati,0,0,0,0,0,0,0,0,0,0,2015-11-06 13:15,Property,14.5501403,121.0294629,Rear-End
None,EDSA,None,None,"No Accident Factor, Rear-end, 0.0 drivers_injured, 0.0 drivers_killed, 0.0 passengers_injured, 0.0 passengers_killed, 0.0 pedestrian_injured, 0.0 pedestrian_killed, Fair (Day), EDSA Magallanes Interchange Makati",MMDA Road Safety Unit,,5bac77be-76be-4c42-a9a2-8318553f4734,2015-11-06,03:45:00,EDSA Magallanes (SB) Makati,0,0,0,0,0,0,0,0,0,0,2015-11-06 11:45,Property,14.54679556,121.0248047,Rear-End
None,EDSA,None,None,"No Accident Factor, Side Swipe, 0.0 drivers_injured, 0.0 drivers_killed, 0.0 passengers_injured, 0.0 passengers_killed, 0.0 pedestrian_injured, 0.0 pedestrian_killed, Fair (Day), EDSA Guadalupe Loading Bay  (NB)  Makati",MMDA Road Safety Unit,,8a57c38c-a6fb-4ccb-a0cb-0b2f50609d59,2015-11-05,04:45:00,EDSA Magallanes Ave. Makati,0,0,0,0,0,0,0,0,0,0,2015-11-05 12:45,Property,14.56470241,121.0447638,Side Swipe
None,EDSA,None,None,"No Accident Factor, Side Swipe, 0.0 drivers_injured, 0.0 drivers_killed, 0.0 passengers_injured, 0.0 passengers_killed, 0.0 pedestrian_injured, 0.0 pedestrian_killed, Fair (Day), EDSA Estrella (SB)  Makati",MMDA Road Safety Unit,,1d2d78c0-c6fa-4a98-bdc9-1ce8d2a8773d,2015-11-05,02:30:00,EDSA Mc Kinley Road Makati,0,0,0,0,0,0,0,0,0,0,2015-11-05 10:30,Property,14.56004326,121.0411034,Side Swipe
None,EDSA,None,None,"No Accident Factor, Side Swipe, 0.0 drivers_injured, 0.0 drivers_killed, 0.0 passengers_injured, 0.0 passengers_killed, 0.0 pedestrian_injured, 0.0 pedestrian_killed, Fair (Day), EDSA Guadalupe (SB)  Makati",MMDA Road Safety Unit,,301104c9-69c9-4a6d-9663-fb6a3b1e5b3d,2015-11-05,00:15:00,"EDSA ""U"" turn slot, Buendia Ave. Makati",0,0,0,0,0,0,0,0,0,0,2015-11-05 8:15,Property,14.56662777,121.0455282,Side Swipe
None,EDSA,None,None,"No Accident Factor, Side Swipe, 0.0 drivers_injured, 0.0 drivers_killed, 0.0 passengers_injured, 0.0 passengers_killed, 0.0 pedestrian_injured, 0.0 pedestrian_killed, Fair (Night), EDSA Buendia Ave. (SB)  Makati",MMDA Road Safety Unit,,5161351f-4674-4c25-b0d3-5eb2cfbe216b,2015-11-04,14:20:00,EDSA Ayala Ave. Makati,0,0,0,0,0,0,0,0,0,0,2015-11-04 22:20,Property,14.55489642,121.0348811,Side Swipe
None,EDSA,None,None,"No Accident Factor, Side Swipe, 0.0 drivers_injured, 0.0 drivers_killed, 0.0 passengers_injured, 0.0 passengers_killed, 0.0 pedestrian_injured, 0.0 pedestrian_killed, Fair (Night), EDSA Kalayaan Ave. Makati",MMDA Road Safety Unit,,bc0b75b0-e708-499f-9f4a-169d0f481e60,2015-11-04,12:00:00,EDSA Evangelista St. Makati,0,0,0,0,0,0,0,0,0,0,2015-11-04 20:00,Property,14.55767933,121.038147,Side Swipe
None,EDSA,None,None,"No Accident Factor, Side Swipe, 0.0 drivers_injured, 0.0 drivers_killed, 0.0 passengers_injured, 0.0 passengers_killed, 0.0 pedestrian_injured, 0.0 pedestrian_killed, Fair (Day), EDSA Mc Kinley Access Road Makati",MMDA Road Safety Unit,,15d1ff89-74a4-4e44-8d04-f180599be0b2,2015-11-04,09:45:00,EDSA Estrella St. Makati,0,0,0,0,0,0,0,0,0,0,2015-11-04 17:45,Property,14.5501403,121.0294629,Side Swipe
None,EDSA,None,None,"No Accident Factor, Rear-end, 0.0 drivers_injured, 0.0 drivers_killed, 0.0 passengers_injured, 0.0 passengers_killed, 0.0 pedestrian_injured, 0.0 pedestrian_killed, Fair (Day), EDSA Estrella (NB)  Makati",MMDA Road Safety Unit,,152f77ff-520b-4ed5-826a-56be36a6c234,2015-11-04,03:30:00,EDSA Ayala Ave. Makati,0,0,0,0,0,0,0,0,0,0,2015-11-04 11:30,Property,14.56004326,121.0411034,Rear-End
None,EDSA,None,None,"No Accident Factor, Rear-end, 0.0 drivers_injured, 0.0 drivers_killed, 0.0 passengers_injured, 0.0 passengers_killed, 0.0 pedestrian_injured, 0.0 pedestrian_killed, Fair (Day), EDSA Buendia (SB)  Makati",MMDA Road Safety Unit,,138e6146-44c2-400e-8c6c-c8a5c21fcfc2,2015-11-04,02:30:00,EDSA Guadalupe (SB) Makati,0,0,0,0,0,0,0,0,0,0,2015-11-04 10:30,Property,14.5549709,121.0347642,Rear-End
None,EDSA,None,None,"No Accident Factor, Rear-end, 0.0 drivers_injured, 0.0 drivers_killed, 0.0 passengers_injured, 0.0 passengers_killed, 0.0 pedestrian_injured, 0.0 pedestrian_killed, Fair (Day), EDSA Ayala (NB)  Makati",MMDA Road Safety Unit,,2ffbec98-48e3-4463-ae07-f6e9c6006fe6,2015-11-04,00:50:00,EDSA Magallanes (SB) Makati,0,0,0,0,0,0,0,0,0,0,2015-11-04 8:50,Property,14.55022041,121.0294622,Rear-End
None,EDSA,None,None,"No Accident Factor, Side Swipe, 0.0 drivers_injured, 0.0 drivers_killed, 0.0 passengers_injured, 0.0 passengers_killed, 0.0 pedestrian_injured, 0.0 pedestrian_killed, Fair (Night), EDSA Palm Drive Makati",MMDA Road Safety Unit,,703ba1d3-52d1-42e7-886f-060e13697e7d,2015-11-03,12:15:00,EDSA Guadalupe (NB) Makati,0,0,0,0,0,0,0,0,0,0,2015-11-03 20:15,Property,14.54840479,121.0270209,Side Swipe
None,EDSA,None,None,"No Accident Factor, Rear-end, 0.0 drivers_injured, 0.0 drivers_killed, 0.0 passengers_injured, 0.0 passengers_killed, 0.0 pedestrian_injured, 0.0 pedestrian_killed, Fair (Day), EDSA Ayala Ave. (SB) Makati",MMDA Road Safety Unit,,5eededdb-f333-4622-971f-694eddaefae6,2015-11-03,01:45:00,EDSA Magallanes Interchange Makati,0,0,0,0,0,0,0,0,0,0,2015-11-03 9:45,Property,14.5503157,121.0293627,Rear-End
None,EDSA,None,None,"No Accident Factor, Rear-end, 0.0 drivers_injured, 0.0 drivers_killed, 0.0 passengers_injured, 0.0 passengers_killed, 0.0 pedestrian_injured, 0.0 pedestrian_killed, Fair (Day), EDSA Buendia Ave. (SB) Makati",MMDA Road Safety Unit,,47c809f9-1727-4a27-94f9-82f8755f9fc1,2015-11-02,23:45:00,EDSA Kalayaan Ave. (NB) Makati,0,0,0,0,0,0,0,0,0,0,2015-11-03 7:45,Property,14.55489642,121.0348811,Rear-End
None,EDSA,None,None,"No Accident Factor, Side Swipe, 0.0 drivers_injured, 0.0 drivers_killed, 0.0 passengers_injured, 0.0 passengers_killed, 0.0 pedestrian_injured, 0.0 pedestrian_killed, Fair (Day), EDSA Mc Kinley Road Makati",MMDA Road Safety Unit,,5a9904cf-f751-4253-bbfe-13c6b40929bf,2015-11-02,05:15:00,EDSA Buendia Ave. (NB) Makati,0,0,0,0,0,0,0,0,0,0,2015-11-02 13:15,Property,14.5501403,121.0294629,Side Swipe
None,EDSA,None,None,"No Accident Factor, Side Swipe, 0.0 drivers_injured, 0.0 drivers_killed, 0.0 passengers_injured, 0.0 passengers_killed, 0.0 pedestrian_injured, 0.0 pedestrian_killed, Fair (Night), EDSA Ayala Ave. (NB) Makati",MMDA Road Safety Unit,,fce5bc75-a451-43fa-96f8-3d0744fb21c0,2015-11-01,21:50:00,EDSA Magallanes Interchange Makati,0,0,0,0,0,0,0,0,0,0,2015-11-02 5:50,Property,14.5503157,121.0293627,Side Swipe
None,EDSA,None,None,"No Accident Factor, Side Swipe, 0.0 drivers_injured, 0.0 drivers_killed, 0.0 passengers_injured, 0.0 passengers_killed, 0.0 pedestrian_injured, 0.0 pedestrian_killed, Fair (Day), EDSA Buendia Ave. Makati",MMDA Road Safety Unit,,df7129f3-6028-43c4-ab51-d1c78e62469a,2015-11-01,20:30:00,EDSA Buendia Ave. (NB) Makati,0,0,0,0,0,0,0,0,0,0,2015-11-02 4:30,Property,14.55516134,121.0349756,Side Swipe
None,EDSA,None,None,"No Accident Factor, Side Swipe, 0.0 drivers_injured, 0.0 drivers_killed, 0.0 passengers_injured, 0.0 passengers_killed, 0.0 pedestrian_injured, 0.0 pedestrian_killed, Fair (Night), EDSA Buendia Ave. (NB) Makati",MMDA Road Safety Unit,,15b2467a-70e1-46de-aac3-524216231376,2015-10-30,13:40:00,EDSA Ayala Ave. Makati,0,0,0,0,0,0,0,0,0,0,2015-10-30 21:40,Property,14.55489642,121.0348811,Side Swipe
None,EDSA,None,None,"No Accident Factor, Side Swipe, 0.0 drivers_injured, 0.0 drivers_killed, 0.0 passengers_injured, 0.0 passengers_killed, 0.0 pedestrian_injured, 0.0 pedestrian_killed, Fair (Day), EDSA Ayala Ave. (SB)  Makati",MMDA Road Safety Unit,,72d774f9-6260-49c9-a26e-0215dfa41f7e,2015-10-30,05:15:00,EDSA Ayala Ave. Makati,0,0,0,0,0,0,0,0,0,0,2015-10-30 13:15,Property,14.5503157,121.0293627,Side Swipe
None,EDSA,None,None,"No Accident Factor, Rear-end, 0.0 drivers_injured, 0.0 drivers_killed, 0.0 passengers_injured, 0.0 passengers_killed, 0.0 pedestrian_injured, 0.0 pedestrian_killed, Fair (Day), EDSA Guadalupe (NB) Makati",MMDA Road Safety Unit,,aa69f9a3-456b-45f7-946b-ee15559ccc20,2015-10-30,05:00:00,EDSA A. Arnaiz Ave. Makati,0,0,0,0,0,0,0,0,0,0,2015-10-30 13:00,Property,14.56662777,121.0455282,Rear-End
None,EDSA,None,None,"No Accident Factor, Side Swipe, 0.0 drivers_injured, 0.0 drivers_killed, 0.0 passengers_injured, 0.0 passengers_killed, 0.0 pedestrian_injured, 0.0 pedestrian_killed, Fair (Day), EDSA Buendia Ave. (NB) Makati",MMDA Road Safety Unit,,33974e41-482b-419c-951f-a0e9c054ca12,2015-10-30,04:40:00,EDSA J.P. Rizal Ave. Makati,0,0,0,0,0,0,0,0,0,0,2015-10-30 12:40,Property,14.55489642,121.0348811,Side Swipe
None,EDSA,None,None,"No Accident Factor, Side Swipe, 0.0 drivers_injured, 0.0 drivers_killed, 0.0 passengers_injured, 0.0 passengers_killed, 0.0 pedestrian_injured, 0.0 pedestrian_killed, Fair (Day), EDSA Guadalupe (SB)  Makati",MMDA Road Safety Unit,,776d6dc2-1b21-4984-8e09-de05ddaae63c,2015-10-30,03:30:00,EDSA Magallanes Ave. Makati,0,0,0,0,0,0,0,0,0,0,2015-10-30 11:30,Property,14.56662777,121.0455282,Side Swipe
None,EDSA,None,None,"No Accident Factor, Side Swipe, 0.0 drivers_injured, 0.0 drivers_killed, 0.0 passengers_injured, 0.0 passengers_killed, 0.0 pedestrian_injured, 0.0 pedestrian_killed, Fair (Night), EDSA Magallanes Interchange Makati",MMDA Road Safety Unit,,6e35fec0-267c-481e-9526-dd7b2b485d27,2015-10-29,17:10:00,EDSA Buendia Ave. (SB) Makati,0,0,0,0,0,0,0,0,0,0,2015-10-30 1:10,Property,14.54679556,121.0248047,Side Swipe
None,EDSA,None,None,"No Accident Factor, Side Swipe, 0.0 drivers_injured, 0.0 drivers_killed, 0.0 passengers_injured, 0.0 passengers_killed, 0.0 pedestrian_injured, 0.0 pedestrian_killed, Fair (Day), EDSA Estrella St. (NB) Makati",MMDA Road Safety Unit,,ea38df76-64da-4ec8-9ac9-757446850064,2015-10-29,01:45:00,EDSA A. Arnaiz Ave. Makati,0,0,0,0,0,0,0,0,0,0,2015-10-29 9:45,Property,14.56004326,121.0411034,Side Swipe
None,EDSA,None,None,"No Accident Factor, Side Swipe, 0.0 drivers_injured, 0.0 drivers_killed, 0.0 passengers_injured, 0.0 passengers_killed, 0.0 pedestrian_injured, 0.0 pedestrian_killed, Fair (Day), EDSA Ayala Ave. (NB) Makati",MMDA Road Safety Unit,,fa1ffe18-3ea4-4313-8a99-bdaef6891ca5,2015-10-29,00:45:00,EDSA Estrella St. Makati,0,0,0,0,0,0,0,0,0,0,2015-10-29 8:45,Property,14.5503157,121.0293627,Side Swipe
None,EDSA,None,None,"No Accident Factor, Rear-end, 0.0 drivers_injured, 0.0 drivers_killed, 0.0 passengers_injured, 0.0 passengers_killed, 0.0 pedestrian_injured, 0.0 pedestrian_killed, Fair (Day), EDSA Ayala Ave. Makati",MMDA Road Safety Unit,,47c039ca-d6a4-4594-a1ef-8a06d2845ba7,2015-10-28,05:20:00,EDSA Guadalupe Bridge (SB) Makati,0,0,0,0,0,0,0,0,0,0,2015-10-28 13:20,Property,14.5503157,121.0293627,Rear-End
None,EDSA,None,None,"No Accident Factor, Side Swipe, 0.0 drivers_injured, 0.0 drivers_killed, 0.0 passengers_injured, 0.0 passengers_killed, 0.0 pedestrian_injured, 0.0 pedestrian_killed, Fair (Day), EDSA Apolinario St. Makati",MMDA Road Safety Unit,,bbcef9fe-002c-4836-8719-6718bd2eb7c2,2015-10-28,02:00:00,EDSA Guadalupe Bridge (SB) Makati,0,0,0,0,0,0,0,0,0,0,2015-10-28 10:00,Property,14.53994323,121.0153097,Side Swipe
None,EDSA,None,None,"No Accident Factor, Side Swipe, 0.0 drivers_injured, 0.0 drivers_killed, 0.0 passengers_injured, 0.0 passengers_killed, 0.0 pedestrian_injured, 0.0 pedestrian_killed, Fair (Day), EDSA Buendia Ave. (SB) Makati",MMDA Road Safety Unit,,1d4d7400-d391-41d4-a1c0-6259282f55a0,2015-10-28,00:00:00,EDSA Buendia Ave. (SB) Makati,0,0,0,0,0,0,0,0,0,0,2015-10-28 8:00,Property,14.55489642,121.0348811,Side Swipe
None,EDSA,None,None,"No Accident Factor, Rear-end, 0.0 drivers_injured, 0.0 drivers_killed, 0.0 passengers_injured, 0.0 passengers_killed, 0.0 pedestrian_injured, 0.0 pedestrian_killed, Fair (Day), EDSA Chino Roces Ave. Makati",MMDA Road Safety Unit,,fc3d87e3-42b5-4e67-897a-d685ed801fe9,2015-10-27,23:55:00,EDSA Pasong Tamo Makati,0,0,0,0,0,0,0,0,0,0,2015-10-28 7:55,Property,14.54117334,121.0183458,Rear-End
None,EDSA,None,None,"No Accident Factor, Rear-end, 0.0 drivers_injured, 0.0 drivers_killed, 0.0 passengers_injured, 0.0 passengers_killed, 0.0 pedestrian_injured, 0.0 pedestrian_killed, Fair (Night), EDSA ""U"" turn slot, Buendia Ave. (NB) Makati",MMDA Road Safety Unit,,5d90babc-bb3f-4549-9ed0-d55bf0b67856,2015-10-27,14:20:00,EDSA Estrella St. (SB) Makati,0,0,0,0,0,0,0,0,0,0,2015-10-27 22:20,Property,14.55541384,121.0354694,Rear-End
None,EDSA,None,None,"No Accident Factor, Side Swipe, 0.0 drivers_injured, 0.0 drivers_killed, 0.0 passengers_injured, 0.0 passengers_killed, 0.0 pedestrian_injured, 0.0 pedestrian_killed, Fair (Day), EDSA Estrella St. (NB) Makati",MMDA Road Safety Unit,,524ae9f6-dc98-486e-bb83-94a58efe773d,2015-10-27,06:00:00,EDSA Magallanes (NB) Makati,0,0,0,0,0,0,0,0,0,0,2015-10-27 14:00,Property,14.56004326,121.0411034,Side Swipe
None,EDSA,None,None,"No Accident Factor, Side Swipe, 0.0 drivers_injured, 0.0 drivers_killed, 0.0 passengers_injured, 0.0 passengers_killed, 0.0 pedestrian_injured, 0.0 pedestrian_killed, Fair (Day), EDSA Magallanes (SB) Makati",MMDA Road Safety Unit,,dcf16bb1-8130-42a5-b867-b12f0c3d36a9,2015-10-27,05:15:00,EDSA Buendia Ave. (SB) Makati,0,0,0,0,0,0,0,0,0,0,2015-10-27 13:15,Property,14.53955946,121.0143517,Side Swipe
None,EDSA,None,None,"No Accident Factor, Side Swipe, 0.0 drivers_injured, 0.0 drivers_killed, 0.0 passengers_injured, 0.0 passengers_killed, 0.0 pedestrian_injured, 0.0 pedestrian_killed, Fair (Day), EDSA Magallanes Ave. Makati",MMDA Road Safety Unit,,9d74b58c-6931-48f3-9ee1-c0a9d8483d73,2015-10-27,04:45:00,EDSA Guadalupe (SB) Makati,0,0,0,0,0,0,0,0,0,0,2015-10-27 12:45,Property,14.53924572,121.0142961,Side Swipe