LOCATION_TEXT,ROAD,WEATHER,LIGHT,DESC,REPORTING_AGENCY,MAIN_CAUSE,INCIDENTDETAILS_ID,DATE_UTC,TIME_UTC,ADDRESS,killed_driver,killed_passenger,killed_pedestrian,injured_driver,injured_passenger,injured_pedestrian,killed_uncategorized,injured_uncategorized,killed_total,injured_total,DATETIME_PST,SEVERITY,Y,X,COLLISION_TYPE
None,EDSA,None,None,"No Accident Factor, Side Swipe, 0.0 drivers_injured, 0.0 drivers_killed, 0.0 passengers_injured, 0.0 passengers_killed, 0.0 pedestrian_injured, 0.0 pedestrian_killed, Fair (Night), EDSA Mc Kinley Road Makati",MMDA Road Safety Unit,,e71f5df1-014c-4dd6-9190-e94bc474845f,2015-10-26,11:00:00,EDSA Guadalupe (NB) Makati,0,0,0,0,0,0,0,0,0,0,2015-10-26 19:00,Property,14.5501403,121.0294629,Side Swipe
None,EDSA,None,None,"No Accident Factor, Side Swipe, 1.0 drivers_injured, 0.0 drivers_killed, 0.0 passengers_injured, 0.0 passengers_killed, 0.0 pedestrian_injured, 0.0 pedestrian_killed, Fair (Night), EDSA ""U"" turn slot, Buendia Ave. Makati",MMDA Road Safety Unit,,84c11981-0c3b-4962-94b4-d15153963fe6,2015-10-25,20:30:00,EDSA Kalayaan Ave. Makati,0,0,0,1,0,0,0,0,0,1,2015-10-26 4:30,Injury,14.55541384,121.0354694,Side Swipe
None,EDSA,None,None,"No Accident Factor, Side Swipe, 0.0 drivers_injured, 0.0 drivers_killed, 0.0 passengers_injured, 0.0 passengers_killed, 0.0 pedestrian_injured, 0.0 pedestrian_killed, Fair (Night), EDSA Ayala Ave. Makati",MMDA Road Safety Unit,,f8d88394-8dca-4799-9cf5-69daac32c578,2015-10-25,12:20:00,EDSA Ayala Ave. Makati,0,0,0,0,0,0,0,0,0,0,2015-10-25 20:20,Property,14.5503157,121.0293627,Side Swipe
None,EDSA,None,None,"No Accident Factor, Side Swipe, 0.0 drivers_injured, 0.0 drivers_killed, 0.0 passengers_injured, 0.0 passengers_killed, 0.0 pedestrian_injured, 0.0 pedestrian_killed, Fair (Day), EDSA Evangelista St. Makati",MMDA Road Safety Unit,,42973fcb-8b64-4f76-b12f-f8124548c488,2015-10-25,01:30:00,EDSA A. Arnaiz Ave. Makati,0,0,0,0,0,0,0,0,0,0,2015-10-25 9:30,Property,14.53906878,121.012324,Side Swipe
None,EDSA,None,None,"No Accident Factor, Rear-end, 0.0 drivers_injured, 0.0 drivers_killed, 0.0 passengers_injured, 0.0 passengers_killed, 0.0 pedestrian_injured, 0.0 pedestrian_killed, Fair (Night), EDSA Estrella St. Makati",MMDA Road Safety Unit,,cad69099-c638-4005-af08-8af658014950,2015-10-24,12:30:00,EDSA Ayala Ave. Makati,0,0,0,0,0,0,0,0,0,0,2015-10-24 20:30,Property,14.56004326,121.0411034,Rear-End
None,EDSA,None,None,"No Accident Factor, Angle Impact, 0.0 drivers_injured, 0.0 drivers_killed, 0.0 passengers_injured, 0.0 passengers_killed, 0.0 pedestrian_injured, 0.0 pedestrian_killed, Fair (Night), EDSA Ayala Ave. Makati",MMDA Road Safety Unit,,1fdbf6e8-0552-433e-ba66-3dd6078c5146,2015-10-22,11:15:00,EDSA Magallanes (SB) Makati,0,0,0,0,0,0,0,0,0,0,2015-10-22 19:15,Property,14.5503157,121.0293627,Angle Impact
None,EDSA,None,None,"No Accident Factor, Side Swipe, 0.0 drivers_injured, 0.0 drivers_killed, 0.0 passengers_injured, 0.0 passengers_killed, 0.0 pedestrian_injured, 0.0 pedestrian_killed, Fair (Day), EDSA Guadalupe (SB) Makati",MMDA Road Safety Unit,,31161560-c258-4426-9031-0e802ffff0cb,2015-10-22,07:10:00,EDSA Estrella St. (SB) Makati,0,0,0,0,0,0,0,0,0,0,2015-10-22 15:10,Property,14.56662777,121.0455282,Side Swipe
None,EDSA,None,None,"No Accident Factor, No Collision Stated (based on Police Blotter Book), 0.0 drivers_injured, 0.0 drivers_killed, 0.0 passengers_injured, 0.0 passengers_killed, 0.0 pedestrian_injured, 0.0 pedestrian_killed, Fair (Day), EDSA Magallanes (SB) Makati",MMDA Road Safety Unit,,084cd6da-596a-43c3-b065-ec2bed117668,2015-10-22,07:00:00,EDSA Ayala Ave. Service Road (NB) Makati,0,0,0,0,0,0,0,0,0,0,2015-10-22 15:00,Property,14.53955946,121.0143517,No Collision Stated
None,EDSA,None,None,"No Accident Factor, Side Swipe, 0.0 drivers_injured, 0.0 drivers_killed, 0.0 passengers_injured, 0.0 passengers_killed, 0.0 pedestrian_injured, 0.0 pedestrian_killed, Fair (Day), EDSA Guadalupe (NB) Makati",MMDA Road Safety Unit,,d6e14c9a-9410-4c3a-a7ad-43d5b1ba93ca,2015-10-22,04:40:00,EDSA Ayala Ave. Makati,0,0,0,0,0,0,0,0,0,0,2015-10-22 12:40,Property,14.56662777,121.0455282,Side Swipe
None,EDSA,None,None,"No Accident Factor, Rear-end, 0.0 drivers_injured, 0.0 drivers_killed, 0.0 passengers_injured, 0.0 passengers_killed, 0.0 pedestrian_injured, 0.0 pedestrian_killed, Fair (Day), EDSA Magallanes Interchange Makati",MMDA Road Safety Unit,,24a6c8a4-6a87-4e72-aea3-9a97531ee405,2015-10-22,02:15:00,EDSA Guadalupe (NB) Makati,0,0,0,0,0,0,0,0,0,0,2015-10-22 10:15,Property,14.54679556,121.0248047,Rear-End
None,EDSA,None,None,"No Accident Factor, Rear-end, 0.0 drivers_injured, 0.0 drivers_killed, 0.0 passengers_injured, 0.0 passengers_killed, 0.0 pedestrian_injured, 0.0 pedestrian_killed, Fair (Day), EDSA Kalayaan Ave. (NB) Makati",MMDA Road Safety Unit,,6e566664-585b-43f7-a90a-cb8022462c37,2015-10-21,02:00:00,EDSA Buendia Ave. Makati,0,0,0,0,0,0,0,0,0,0,2015-10-21 10:00,Property,14.55767933,121.038147,Rear-End
None,EDSA,None,None,"No Accident Factor, Side Swipe, 0.0 drivers_injured, 0.0 drivers_killed, 0.0 passengers_injured, 0.0 passengers_killed, 0.0 pedestrian_injured, 0.0 pedestrian_killed, Fair (Day), EDSA Buendia Ave. (NB) Makati",MMDA Road Safety Unit,,221fedf7-9a0e-4ae1-aec5-add575dd4d25,2015-10-20,23:55:00,EDSA Estrella St. (SB) Makati,0,0,0,0,0,0,0,0,0,0,2015-10-21 7:55,Property,14.55489642,121.0348811,Side Swipe
None,EDSA,None,None,"No Accident Factor, Rear-end, 0.0 drivers_injured, 0.0 drivers_killed, 0.0 passengers_injured, 0.0 passengers_killed, 0.0 pedestrian_injured, 0.0 pedestrian_killed, Fair (Day), EDSA Magallanes Interchange Makati",MMDA Road Safety Unit,,5b725fcd-ad85-4263-b4fc-7375c43a93a4,2015-10-19,22:55:00,EDSA Magallanes (SB) Makati,0,0,0,0,0,0,0,0,0,0,2015-10-20 6:55,Property,14.54679556,121.0248047,Rear-End
None,EDSA,None,None,"No Accident Factor, Rear-end, 0.0 drivers_injured, 0.0 drivers_killed, 0.0 passengers_injured, 0.0 passengers_killed, 0.0 pedestrian_injured, 0.0 pedestrian_killed, Fair (Day), EDSA Buendia Ave. (NB) Makati",MMDA Road Safety Unit,,cbbbff19-c0a0-4d88-a8b8-6a7f3822dddd,2015-10-19,22:20:00,EDSA South Super Highway Access Road Makati,0,0,0,0,0,0,0,0,0,0,2015-10-20 6:20,Property,14.55489642,121.0348811,Rear-End
None,EDSA,None,None,"No Accident Factor, Rear-end, 0.0 drivers_injured, 0.0 drivers_killed, 0.0 passengers_injured, 0.0 passengers_killed, 0.0 pedestrian_injured, 0.0 pedestrian_killed, Fair (Day), EDSA Ayala Ave. Makati",MMDA Road Safety Unit,,20e1e79d-ebc3-4bb7-8df6-d3d0d76cc7c8,2015-10-18,23:10:00,EDSA Buendia Ave. (SB) Makati,0,0,0,0,0,0,0,0,0,0,2015-10-19 7:10,Property,14.5503157,121.0293627,Rear-End
None,EDSA,None,None,"No Accident Factor, Angle Impact, 0.0 drivers_injured, 0.0 drivers_killed, 0.0 passengers_injured, 0.0 passengers_killed, 0.0 pedestrian_injured, 0.0 pedestrian_killed, Fair (Day), EDSA Ayala Ave. Makati",MMDA Road Safety Unit,,2e3a4914-987d-4a9a-9195-bd23d098a7ec,2015-10-18,22:20:00,EDSA Ayala Ave. Service Road (NB) Makati,0,0,0,0,0,0,0,0,0,0,2015-10-19 6:20,Property,14.5503157,121.0293627,Angle Impact
None,EDSA,None,None,"No Accident Factor, Side Swipe, 0.0 drivers_injured, 0.0 drivers_killed, 0.0 passengers_injured, 0.0 passengers_killed, 0.0 pedestrian_injured, 0.0 pedestrian_killed, Fair (Night), EDSA A. Arnaiz Ave. Makati",MMDA Road Safety Unit,,043d2db0-459e-446c-8245-787fd457ba9b,2015-10-17,11:10:00,EDSA Estrella St. Makati,0,0,0,0,0,0,0,0,0,0,2015-10-17 19:10,Property,14.54734176,121.0262804,Side Swipe
None,EDSA,None,None,"No Accident Factor, Side Swipe, 0.0 drivers_injured, 0.0 drivers_killed, 0.0 passengers_injured, 0.0 passengers_killed, 0.0 pedestrian_injured, 0.0 pedestrian_killed, Fair (Day), EDSA J.P. Rizal Ave. Makati",MMDA Road Safety Unit,,92058a31-b67e-4a5b-89d0-f6d5328b7739,2015-10-17,00:00:00,EDSA Guadalupe (SB) Makati,0,0,0,0,0,0,0,0,0,0,2015-10-17 8:00,Property,14.56801365,121.045729,Side Swipe
None,EDSA,None,None,"No Accident Factor, Side Swipe, 0.0 drivers_injured, 0.0 drivers_killed, 0.0 passengers_injured, 0.0 passengers_killed, 0.0 pedestrian_injured, 0.0 pedestrian_killed, Fair (Day), EDSA Magallanes Ave. Makati",MMDA Road Safety Unit,,091bf597-f172-43ac-b4ea-9aff6b7c197f,2015-10-16,22:10:00,EDSA A. Arnaiz Ave. Makati,0,0,0,0,0,0,0,0,0,0,2015-10-17 6:10,Property,14.53924572,121.0142961,Side Swipe
None,EDSA,None,None,"No Accident Factor, Rear-end, 0.0 drivers_injured, 0.0 drivers_killed, 0.0 passengers_injured, 0.0 passengers_killed, 0.0 pedestrian_injured, 0.0 pedestrian_killed, Fair (Night), EDSA Buendia Ave. (SB) Makati",MMDA Road Safety Unit,,ec22a1de-085d-4ccf-8935-b79209549fc9,2015-10-16,15:30:00,EDSA Guadalupe Bridge Makati,0,0,0,0,0,0,0,0,0,0,2015-10-16 23:30,Property,14.55489642,121.0348811,Rear-End
None,EDSA,None,None,"No Accident Factor, Side Swipe, 0.0 drivers_injured, 0.0 drivers_killed, 0.0 passengers_injured, 0.0 passengers_killed, 0.0 pedestrian_injured, 0.0 pedestrian_killed, Fair (Night), EDSA A. Arnaiz Ave. Makati",MMDA Road Safety Unit,,fcaaef4b-bf5d-4fa4-9408-371a540e44cd,2015-10-16,13:40:00,EDSA Mc Kinley Road Makati,0,0,0,0,0,0,0,0,0,0,2015-10-16 21:40,Property,14.54734176,121.0262804,Side Swipe
None,EDSA,None,None,"No Accident Factor, Side Swipe, 0.0 drivers_injured, 0.0 drivers_killed, 0.0 passengers_injured, 0.0 passengers_killed, 0.0 pedestrian_injured, 0.0 pedestrian_killed, Fair (Night), EDSA Estrella St. Makati",MMDA Road Safety Unit,,21117907-13cd-4cce-b95d-ae64792cad32,2015-10-16,11:00:00,EDSA Ayala Ave. Makati,0,0,0,0,0,0,0,0,0,0,2015-10-16 19:00,Property,14.56004326,121.0411034,Side Swipe
None,EDSA,None,None,"No Accident Factor, Rear-end, 0.0 drivers_injured, 0.0 drivers_killed, 0.0 passengers_injured, 0.0 passengers_killed, 0.0 pedestrian_injured, 0.0 pedestrian_killed, Fair (Day), EDSA Guadalupe Bridge (SB) Makati",MMDA Road Safety Unit,,13ef40b8-45cb-4d07-9c02-2aa0ef0c9532,2015-10-16,08:30:00,EDSA Magallanes Alphaland Mall Makati,0,0,0,0,0,0,0,0,0,0,2015-10-16 16:30,Property,14.56846648,121.0458404,Rear-End
None,EDSA,None,None,"No Accident Factor, Rear-end, 0.0 drivers_injured, 0.0 drivers_killed, 0.0 passengers_injured, 0.0 passengers_killed, 0.0 pedestrian_injured, 0.0 pedestrian_killed, Fair (Day), EDSA Guadalupe Bridge (SB) Makati",MMDA Road Safety Unit,,dcbb57ad-ca19-4f44-a591-96ddfadfe988,2015-10-16,03:55:00,EDSA Kalayaan Ave. Makati,0,0,0,0,0,0,0,0,0,0,2015-10-16 11:55,Property,14.56846648,121.0458404,Rear-End
None,EDSA,None,None,"No Accident Factor, Side Swipe, 0.0 drivers_injured, 0.0 drivers_killed, 0.0 passengers_injured, 0.0 passengers_killed, 0.0 pedestrian_injured, 0.0 pedestrian_killed, Fair (Day), EDSA Buendia Ave. (SB) Makati",MMDA Road Safety Unit,,a4a6d387-30fb-42bf-8864-4dce276fe05f,2015-10-16,03:45:00,EDSA Kalayaan Ave. Makati,0,0,0,0,0,0,0,0,0,0,2015-10-16 11:45,Property,14.55489642,121.0348811,Side Swipe
None,EDSA,None,None,"No Accident Factor, Angle Impact, 0.0 drivers_injured, 0.0 drivers_killed, 0.0 passengers_injured, 0.0 passengers_killed, 0.0 pedestrian_injured, 0.0 pedestrian_killed, Fair (Day), EDSA Pasong Tamo Makati",MMDA Road Safety Unit,,57892b6e-2ced-4057-aa24-708b1300a216,2015-10-16,01:15:00,EDSA Guadalupe Cloverleaf (NB)  Makati,0,0,0,0,0,0,0,0,0,0,2015-10-16 9:15,Property,14.54127773,121.0182024,Angle Impact
None,EDSA,None,None,"No Accident Factor, Rear-end, 0.0 drivers_injured, 0.0 drivers_killed, 0.0 passengers_injured, 0.0 passengers_killed, 0.0 pedestrian_injured, 0.0 pedestrian_killed, Fair (Day), EDSA Estrella St. (SB) Makati",MMDA Road Safety Unit,,16070ad2-7610-419d-9a12-4f904b542b6b,2015-10-16,00:50:00,EDSA Magallanes Loading Bay  Makati,0,0,0,0,0,0,0,0,0,0,2015-10-16 8:50,Property,14.56004326,121.0411034,Rear-End
None,EDSA,None,None,"No Accident Factor, Hit and Run (Side Swipe), 0.0 drivers_injured, 0.0 drivers_killed, 0.0 passengers_injured, 0.0 passengers_killed, 0.0 pedestrian_injured, 0.0 pedestrian_killed, Fair (Day), EDSA Magallanes (NB) Makati",MMDA Road Safety Unit,,5e71a796-fe41-42a5-856e-2f01b21a24d1,2015-10-16,00:10:00,EDSA Estrella St. Makati,0,0,0,0,0,0,0,0,0,0,2015-10-16 8:10,Property,14.53955946,121.0143517,Side Swipe
None,EDSA,None,None,"No Accident Factor, Side Swipe, 0.0 drivers_injured, 0.0 drivers_killed, 0.0 passengers_injured, 0.0 passengers_killed, 0.0 pedestrian_injured, 0.0 pedestrian_killed, Fair (Day), EDSA Buendia Ave. (SB) Makati",MMDA Road Safety Unit,,174dac0a-180e-4737-a26e-04a7694483d8,2015-10-15,06:20:00,EDSA Mc Kinley Road Makati,0,0,0,0,0,0,0,0,0,0,2015-10-15 14:20,Property,14.55489642,121.0348811,Side Swipe
None,EDSA,None,None,"No Accident Factor, Side Swipe, 0.0 drivers_injured, 0.0 drivers_killed, 0.0 passengers_injured, 0.0 passengers_killed, 0.0 pedestrian_injured, 0.0 pedestrian_killed, Fair (Day), EDSA Guadalupe (SB) Makati",MMDA Road Safety Unit,,48187438-54de-4f2b-a8c4-352cf0ae1d11,2015-10-15,00:30:00,"EDSA ""U"" turn slot, Chino Roces Ave. Exit Makati",0,0,0,0,0,0,0,0,0,0,2015-10-15 8:30,Property,14.56662777,121.0455282,Side Swipe
None,EDSA,None,None,"No Accident Factor, No Collision Stated (based on Police Blotter Book), 0.0 drivers_injured, 0.0 drivers_killed, 0.0 passengers_injured, 0.0 passengers_killed, 0.0 pedestrian_injured, 0.0 pedestrian_killed, Fair (Night), EDSA Guadalupe (NB) Makati",MMDA Road Safety Unit,,d7df2ed8-7cca-4e52-a8f4-00c6849025f4,2015-10-14,13:30:00,EDSA Evangelista St. Makati,0,0,0,0,0,0,0,0,0,0,2015-10-14 21:30,Property,14.56662777,121.0455282,No Collision Stated
None,EDSA,None,None,"No Accident Factor, Side Swipe, 0.0 drivers_injured, 0.0 drivers_killed, 0.0 passengers_injured, 0.0 passengers_killed, 0.0 pedestrian_injured, 0.0 pedestrian_killed, Fair (Night), EDSA Kalayaan Ave. Makati",MMDA Road Safety Unit,,28c2a929-39a2-46c7-a6be-f18169ebdbb6,2015-10-14,13:30:00,EDSA South Super Highway Makati,0,0,0,0,0,0,0,0,0,0,2015-10-14 21:30,Property,14.55767933,121.038147,Side Swipe
None,EDSA,None,None,"No Accident Factor, Side Swipe, 0.0 drivers_injured, 0.0 drivers_killed, 0.0 passengers_injured, 0.0 passengers_killed, 0.0 pedestrian_injured, 0.0 pedestrian_killed, Fair (Night), EDSA Ayala Ave. Makati",MMDA Road Safety Unit,,bf668b42-db82-4ce8-8427-057952e2b6e7,2015-10-14,11:00:00,EDSA Magallanes Interchange (SB) Makati,0,0,0,0,0,0,0,0,0,0,2015-10-14 19:00,Property,14.5503157,121.0293627,Side Swipe
None,EDSA,None,None,"No Accident Factor, Rear-end, 0.0 drivers_injured, 0.0 drivers_killed, 0.0 passengers_injured, 0.0 passengers_killed, 0.0 pedestrian_injured, 0.0 pedestrian_killed, Fair (Day), EDSA A. Arnaiz Ave. Makati",MMDA Road Safety Unit,,aa32f780-7bce-4940-b97e-cd4924cdd1b3,2015-10-14,09:10:00,EDSA Mc Kinley Road Makati,0,0,0,0,0,0,0,0,0,0,2015-10-14 17:10,Property,14.54734176,121.0262804,Rear-End
None,EDSA,None,None,"No Accident Factor, Side Swipe, 0.0 drivers_injured, 0.0 drivers_killed, 0.0 passengers_injured, 0.0 passengers_killed, 0.0 pedestrian_injured, 0.0 pedestrian_killed, Fair (Day), EDSA Ayala Ave. Makati",MMDA Road Safety Unit,,52094768-6b3b-423c-8743-70c3d19ccb7d,2015-10-14,05:50:00,EDSA Ayala Loading Bay  (NB)  Makati,0,0,0,0,0,0,0,0,0,0,2015-10-14 13:50,Property,14.5503157,121.0293627,Side Swipe
None,EDSA,None,None,"No Accident Factor, No Collision Stated (based on Police Blotter Book), 0.0 drivers_injured, 0.0 drivers_killed, 0.0 passengers_injured, 0.0 passengers_killed, 0.0 pedestrian_injured, 0.0 pedestrian_killed, Fair (Day), EDSA Magallanes (SB) Makati",MMDA Road Safety Unit,,3d6b6a96-b869-4508-a8fa-f55368db4d1c,2015-10-14,04:30:00,EDSA Buendia (NB)  Makati,0,0,0,0,0,0,0,0,0,0,2015-10-14 12:30,Property,14.53955946,121.0143517,No Collision Stated
None,EDSA,None,None,"No Accident Factor, No Collision Stated (based on Police Blotter Book), 0.0 drivers_injured, 0.0 drivers_killed, 0.0 passengers_injured, 0.0 passengers_killed, 0.0 pedestrian_injured, 0.0 pedestrian_killed, Fair (Day), EDSA Estrella St. (SB) Makati",MMDA Road Safety Unit,,2262dfda-5fe7-43f3-8a23-802c9e4ac43c,2015-10-14,02:00:00,EDSA Buendia (SB)  Makati,0,0,0,0,0,0,0,0,0,0,2015-10-14 10:00,Property,14.56004326,121.0411034,No Collision Stated
None,EDSA,None,None,"No Accident Factor, Side Swipe, 0.0 drivers_injured, 0.0 drivers_killed, 0.0 passengers_injured, 0.0 passengers_killed, 0.0 pedestrian_injured, 0.0 pedestrian_killed, Fair (Day), EDSA Ayala Ave. Service Road (NB) Makati",MMDA Road Safety Unit,,21e0eda1-9fa7-4c6d-b06a-a34a8936a36b,2015-10-14,01:45:00,EDSA Kalayaan (NB)  Makati,0,0,0,0,0,0,0,0,0,0,2015-10-14 9:45,Property,14.5503157,121.0293627,Side Swipe
None,EDSA,None,None,"No Accident Factor, Angle Impact, 0.0 drivers_injured, 0.0 drivers_killed, 0.0 passengers_injured, 0.0 passengers_killed, 0.0 pedestrian_injured, 0.0 pedestrian_killed, Fair (Day), EDSA Ayala Ave. Makati",MMDA Road Safety Unit,,3003508b-f18a-4224-ba43-34b31effef9d,2015-10-13,08:00:00,EDSA Estrella (SB)  Makati,0,0,0,0,0,0,0,0,0,0,2015-10-13 16:00,Property,14.5503157,121.0293627,Angle Impact
None,EDSA,None,None,"No Accident Factor, Side Swipe, 0.0 drivers_injured, 0.0 drivers_killed, 0.0 passengers_injured, 0.0 passengers_killed, 0.0 pedestrian_injured, 0.0 pedestrian_killed, Fair (Day), EDSA Guadalupe (NB) Makati",MMDA Road Safety Unit,,46afcc45-a786-460b-ab51-c3feb5c976c2,2015-10-13,05:25:00,EDSA Estrella Rockwell (SB)  Makati,0,0,0,0,0,0,0,0,0,0,2015-10-13 13:25,Property,14.56662777,121.0455282,Side Swipe
None,EDSA,None,None,"No Accident Factor, Rear-end, 0.0 drivers_injured, 0.0 drivers_killed, 0.0 passengers_injured, 0.0 passengers_killed, 0.0 pedestrian_injured, 0.0 pedestrian_killed, Fair (Day), EDSA Buendia Ave. Makati",MMDA Road Safety Unit,,618d7965-0820-4e48-981b-da359011406b,2015-10-12,07:00:00,EDSA Buendia (NB)  Makati,0,0,0,0,0,0,0,0,0,0,2015-10-12 15:00,Property,14.55516134,121.0349756,Rear-End
None,EDSA,None,None,"No Accident Factor, Side Swipe, 0.0 drivers_injured, 0.0 drivers_killed, 0.0 passengers_injured, 0.0 passengers_killed, 0.0 pedestrian_injured, 0.0 pedestrian_killed, Fair (Day), EDSA Estrella St. (SB) Makati",MMDA Road Safety Unit,,f0a51e4f-deec-465d-8f57-77ecd97d2f87,2015-10-12,00:20:00,EDSA Magallanes Interchange (SB) Makati,0,0,0,0,0,0,0,0,0,0,2015-10-12 8:20,Property,14.56004326,121.0411034,Side Swipe
None,EDSA,None,None,"No Accident Factor, Side Swipe, 0.0 drivers_injured, 0.0 drivers_killed, 0.0 passengers_injured, 0.0 passengers_killed, 0.0 pedestrian_injured, 0.0 pedestrian_killed, Fair (Day), EDSA Magallanes (SB) Makati",MMDA Road Safety Unit,,9c8facc6-be35-49dc-b648-4b041ad83132,2015-10-11,23:10:00,EDSA Kalayaan (NB)  Makati,0,0,0,0,0,0,0,0,0,0,2015-10-12 7:10,Property,14.53955946,121.0143517,Side Swipe
None,EDSA,None,None,"No Accident Factor, Rear-end, 0.0 drivers_injured, 0.0 drivers_killed, 0.0 passengers_injured, 0.0 passengers_killed, 0.0 pedestrian_injured, 0.0 pedestrian_killed, Fair (Day), EDSA South Super Highway Access Road Makati",MMDA Road Safety Unit,,d606cc9a-b919-488c-935c-8137ae64b414,2015-10-10,05:30:00,EDSA Ayala Loading Bay  Makati,0,0,0,0,0,0,0,0,0,0,2015-10-10 13:30,Property,14.54054957,121.016932,Rear-End
None,EDSA,None,None,"No Accident Factor, Side Swipe, 0.0 drivers_injured, 0.0 drivers_killed, 0.0 passengers_injured, 0.0 passengers_killed, 0.0 pedestrian_injured, 0.0 pedestrian_killed, Fair (Day), EDSA Buendia Ave. (SB) Makati",MMDA Road Safety Unit,,f33a2827-14ed-491a-8a2a-dcb1cfd5fc5e,2015-10-09,06:30:00,EDSA Magallanes Interchange Makati,0,0,0,0,0,0,0,0,0,0,2015-10-09 14:30,Property,14.55489642,121.0348811,Side Swipe
None,EDSA,None,None,"No Accident Factor, Side Swipe, 0.0 drivers_injured, 0.0 drivers_killed, 0.0 passengers_injured, 0.0 passengers_killed, 0.0 pedestrian_injured, 0.0 pedestrian_killed, Fair (Day), EDSA Ayala Ave. Service Road (NB) Makati",MMDA Road Safety Unit,,97636586-86f5-4fd4-889e-fa7eadc98785,2015-10-09,02:30:00,EDSA Amorsolo St. Makati,0,0,0,0,0,0,0,0,0,0,2015-10-09 10:30,Property,14.5503157,121.0293627,Side Swipe
None,EDSA,None,None,"No Accident Factor, Side Swipe, 0.0 drivers_injured, 0.0 drivers_killed, 0.0 passengers_injured, 0.0 passengers_killed, 0.0 pedestrian_injured, 0.0 pedestrian_killed, Fair (Night), EDSA Estrella St. Makati",MMDA Road Safety Unit,,b825bc5a-189d-442c-ab9a-ae60bebf0904,2015-10-08,13:35:00,EDSA Buendia Ave. Makati,0,0,0,0,0,0,0,0,0,0,2015-10-08 21:35,Property,14.56004326,121.0411034,Side Swipe
None,EDSA,None,None,"No Accident Factor, Side Swipe, 0.0 drivers_injured, 0.0 drivers_killed, 0.0 passengers_injured, 0.0 passengers_killed, 0.0 pedestrian_injured, 0.0 pedestrian_killed, Fair (Day), EDSA Guadalupe (SB) Makati",MMDA Road Safety Unit,,39f1fdc3-4002-44ef-847a-cc6f84c587e5,2015-10-08,04:10:00,EDSA Caltex Gas Station Kalayaan (NB)  Makati,0,0,0,0,0,0,0,0,0,0,2015-10-08 12:10,Property,14.56662777,121.0455282,Side Swipe
None,EDSA,None,None,"No Accident Factor, Side Swipe, 0.0 drivers_injured, 0.0 drivers_killed, 0.0 passengers_injured, 0.0 passengers_killed, 0.0 pedestrian_injured, 0.0 pedestrian_killed, Fair (Night), EDSA A. Arnaiz Ave. Makati",MMDA Road Safety Unit,,852b0e77-1607-45e6-89c1-b665256ad82d,2015-10-06,10:45:00,EDSA Mantrade (NB)  Makati,0,0,0,0,0,0,0,0,0,0,2015-10-06 18:45,Property,14.54734176,121.0262804,Side Swipe
None,EDSA,None,None,"No Accident Factor, Rear-end, 0.0 drivers_injured, 0.0 drivers_killed, 0.0 passengers_injured, 0.0 passengers_killed, 0.0 pedestrian_injured, 0.0 pedestrian_killed, Fair (Day), EDSA Guadalupe Bridge Makati",MMDA Road Safety Unit,,e75a521b-b072-4df0-a9f5-e466058a553a,2015-10-05,00:15:00,EDSA Shell Gas Station Estrella (NB) Makati,0,0,0,0,0,0,0,0,0,0,2015-10-05 8:15,Property,14.56846648,121.0458404,Rear-End
None,EDSA,None,None,"No Accident Factor, Rear-end, 0.0 drivers_injured, 0.0 drivers_killed, 0.0 passengers_injured, 0.0 passengers_killed, 0.0 pedestrian_injured, 0.0 pedestrian_killed, Fair (Night), EDSA Mc Kinley Road Makati",MMDA Road Safety Unit,,ab1bf2aa-5ab7-4918-b09d-1eb3a92cd9eb,2015-10-03,19:30:00,EDSA Palm Drive Makati,0,0,0,0,0,0,0,0,0,0,2015-10-04 3:30,Property,14.5501403,121.0294629,Rear-End
None,EDSA,None,None,"No Accident Factor, Side Swipe, 0.0 drivers_injured, 0.0 drivers_killed, 0.0 passengers_injured, 0.0 passengers_killed, 0.0 pedestrian_injured, 0.0 pedestrian_killed, Fair (Day), EDSA Ayala Ave. Makati",MMDA Road Safety Unit,,c253a825-fbdd-4ef3-a60a-3d129a3e1898,2015-10-02,00:10:00,EDSA Agutaya St.  Makati,0,0,0,0,0,0,0,0,0,0,2015-10-02 8:10,Property,14.5503157,121.0293627,Side Swipe
None,EDSA,None,None,"No Accident Factor, Side Swipe, 0.0 drivers_injured, 0.0 drivers_killed, 0.0 passengers_injured, 0.0 passengers_killed, 0.0 pedestrian_injured, 0.0 pedestrian_killed, Fair (Day), EDSA Magallanes Alphaland Mall Makati",MMDA Road Safety Unit,,86e06b4f-d723-4b5b-a368-2b069ce0b073,2015-10-01,00:30:00,EDSA Magallanes (NB)  Makati,0,0,0,0,0,0,0,0,0,0,2015-10-01 8:30,Property,14.54043461,121.0174613,Side Swipe
None,EDSA,None,None,"No Accident Factor, Rear-end, 0.0 drivers_injured, 0.0 drivers_killed, 0.0 passengers_injured, 0.0 passengers_killed, 0.0 pedestrian_injured, 0.0 pedestrian_killed, Fair (Night), EDSA Kalayaan Ave. Makati",MMDA Road Safety Unit,,d773cf3f-ca15-498b-bfb6-d679731c7402,2015-09-30,13:10:00,EDSA Loyola Memorial Chapel Guadalupe (SB)  Makati,0,0,0,0,0,0,0,0,0,0,2015-09-30 21:10,Property,14.55767933,121.038147,Rear-End
None,EDSA,None,None,"No Accident Factor, Side Swipe, 0.0 drivers_injured, 0.0 drivers_killed, 0.0 passengers_injured, 0.0 passengers_killed, 0.0 pedestrian_injured, 0.0 pedestrian_killed, Fair (Night), EDSA Kalayaan Ave. Makati",MMDA Road Safety Unit,,07d06327-5da2-4fe1-99ec-85521c1901da,2015-09-29,19:35:00,EDSA Evangelista St. Makati,0,0,0,0,0,0,0,0,0,0,2015-09-30 3:35,Property,14.55767933,121.038147,Side Swipe
None,EDSA,None,None,"No Accident Factor, Angle Impact, 0.0 drivers_injured, 0.0 drivers_killed, 0.0 passengers_injured, 0.0 passengers_killed, 0.0 pedestrian_injured, 0.0 pedestrian_killed, Fair (Night), EDSA Guadalupe Cloverleaf (NB)  Makati",MMDA Road Safety Unit,,55682135-b21d-400d-8b92-4d403600929a,2015-09-28,13:20:00,EDSA San Carlos Seminary Guadalupe (SB) Makati,0,0,0,0,0,0,0,0,0,0,2015-09-28 21:20,Property,14.56721487,121.0456283,Angle Impact