LOCATION_TEXT,ROAD,WEATHER,LIGHT,DESC,REPORTING_AGENCY,MAIN_CAUSE,INCIDENTDETAILS_ID,DATE_UTC,TIME_UTC,ADDRESS,killed_driver,killed_passenger,killed_pedestrian,injured_driver,injured_passenger,injured_pedestrian,killed_uncategorized,injured_uncategorized,killed_total,injured_total,DATETIME_PST,SEVERITY,Y,X,COLLISION_TYPE
None,EDSA,None,None,"No Accident Factor, Rear-end, 0.0 drivers_injured, 0.0 drivers_killed, 0.0 passengers_injured, 0.0 passengers_killed, 0.0 pedestrian_injured, 0.0 pedestrian_killed, Fair (Night), EDSA Magallanes Loading Bay  Makati",MMDA Road Safety Unit,,647eedfe-1634-4ce4-b7f1-471cd8b69ed8,2015-09-28,11:00:00,EDSA Dusit Thani Hotel Ayala (SB)  Makati,0,0,0,0,0,0,0,0,0,0,2015-09-28 19:00,Property,14.54402536,121.021754,Rear-End
None,EDSA,None,None,"No Accident Factor, Rear-end, 0.0 drivers_injured, 0.0 drivers_killed, 0.0 passengers_injured, 0.0 passengers_killed, 0.0 pedestrian_injured, 0.0 pedestrian_killed, Fair (Day), EDSA Estrella St. Makati",MMDA Road Safety Unit,,a90fd295-3dd9-4942-88d0-165c029fafe3,2015-09-28,03:20:00,EDSA Evangelista St. Makati,0,0,0,0,0,0,0,0,0,0,2015-09-28 11:20,Property,14.56004326,121.0411034,Rear-End
None,EDSA,None,None,"No Accident Factor, Side Swipe, 0.0 drivers_injured, 0.0 drivers_killed, 0.0 passengers_injured, 0.0 passengers_killed, 0.0 pedestrian_injured, 0.0 pedestrian_killed, Fair (Day), EDSA Mc Kinley Road Makati",MMDA Road Safety Unit,,0930d53f-eda0-426e-bf68-f0c396d7b268,2015-09-28,02:00:00,EDSA Evangelista St. Makati,0,0,0,0,0,0,0,0,0,0,2015-09-28 10:00,Property,14.5501403,121.0294629,Side Swipe
None,EDSA,None,None,"No Accident Factor, Rear-end, 0.0 drivers_injured, 0.0 drivers_killed, 0.0 passengers_injured, 0.0 passengers_killed, 0.0 pedestrian_injured, 0.0 pedestrian_killed, Fair (Night), EDSA ""U"" turn slot, Chino Roces Ave. Exit Makati",MMDA Road Safety Unit,,73731cdb-fb21-4585-a1cd-b4e453a42abd,2015-09-25,11:25:00,EDSA Ayala Loading Bay (NB) Makati,0,0,0,0,0,0,0,0,0,0,2015-09-25 19:25,Property,14.54111151,121.0183389,Rear-End
None,EDSA,None,None,"No Accident Factor, Rear-end, 0.0 drivers_injured, 0.0 drivers_killed, 0.0 passengers_injured, 0.0 passengers_killed, 0.0 pedestrian_injured, 0.0 pedestrian_killed, Fair (Day), EDSA Evangelista St. Makati",MMDA Road Safety Unit,,143a6ce3-0ebc-4ed9-a9e8-90e0aa38e617,2015-09-25,03:30:00,EDSA Escuela St.  Makati,0,0,0,0,0,0,0,0,0,0,2015-09-25 11:30,Property,14.53906878,121.012324,Rear-End
None,EDSA,None,None,"No Accident Factor, Side Swipe, 0.0 drivers_injured, 0.0 drivers_killed, 0.0 passengers_injured, 0.0 passengers_killed, 0.0 pedestrian_injured, 0.0 pedestrian_killed, Fair (Day), EDSA South Super Highway Makati",MMDA Road Safety Unit,,04887ea6-9a7b-4acf-a2cf-d1a36a7434f3,2015-09-25,02:00:00,EDSA Estrella St. Makati,0,0,0,0,0,0,0,0,0,0,2015-09-25 10:00,Property,14.54054957,121.016932,Side Swipe
None,EDSA,None,None,"No Accident Factor, Side Swipe, 0.0 drivers_injured, 0.0 drivers_killed, 0.0 passengers_injured, 0.0 passengers_killed, 0.0 pedestrian_injured, 0.0 pedestrian_killed, Fair (Day), EDSA Magallanes Interchange (SB) Makati",MMDA Road Safety Unit,,42e007ab-f641-43c5-8952-5e93973d8553,2015-09-24,07:00:00,EDSA GO Hotel Pioneer (NB)  Makati,0,0,0,0,0,0,0,0,0,0,2015-09-24 15:00,Property,14.54679556,121.0248047,Side Swipe
None,EDSA,None,None,"No Accident Factor, Side Swipe, 0.0 drivers_injured, 0.0 drivers_killed, 0.0 passengers_injured, 0.0 passengers_killed, 0.0 pedestrian_injured, 0.0 pedestrian_killed, Fair (Night), EDSA Mc Kinley Road Makati",MMDA Road Safety Unit,,6d901053-0023-44e5-84fd-a105109412d1,2015-09-23,14:05:00,EDSA Guingua St.  Makati,0,0,0,0,0,0,0,0,0,0,2015-09-23 22:05,Property,14.5501403,121.0294629,Side Swipe
None,EDSA,None,None,"No Accident Factor, Rear-end, 0.0 drivers_injured, 0.0 drivers_killed, 0.0 passengers_injured, 0.0 passengers_killed, 0.0 pedestrian_injured, 0.0 pedestrian_killed, Fair (Night), EDSA Ayala Loading Bay  (NB)  Makati",MMDA Road Safety Unit,,d419db4d-5069-4a70-9e54-5de93517753b,2015-09-23,12:30:00,EDSA Taft Ave. (NB)  Makati,0,0,0,0,0,0,0,0,0,0,2015-09-23 20:30,Property,14.54906772,121.0276631,Rear-End
None,EDSA,None,None,"No Accident Factor, No Collision Stated (based on Police Blotter Book), 1.0 drivers_injured, 0.0 drivers_killed, 0.0 passengers_injured, 0.0 passengers_killed, 0.0 pedestrian_injured, 0.0 pedestrian_killed, Fair (Day), EDSA Buendia (NB)  Makati",MMDA Road Safety Unit,,a9786ac1-c627-4c63-a074-07bc007ced08,2015-09-23,01:30:00,EDSA Buendia Loading (NB)  Makati,0,0,0,1,0,0,0,0,0,1,2015-09-23 9:30,Injury,14.5549709,121.0347642,No Collision Stated
None,EDSA,None,None,"No Accident Factor, Rear-end, 0.0 drivers_injured, 0.0 drivers_killed, 0.0 passengers_injured, 0.0 passengers_killed, 0.0 pedestrian_injured, 0.0 pedestrian_killed, Fair (Day), EDSA Buendia (SB)  Makati",MMDA Road Safety Unit,,085074c0-91d0-4ec4-9245-0af4db05aa24,2015-09-22,22:30:00,EDSA Dasmarinas Village Magalannes (NB)  Makati,0,0,0,0,0,0,0,0,0,0,2015-09-23 6:30,Property,14.5549709,121.0347642,Rear-End
None,EDSA,None,None,"No Accident Factor, Rear-end, 0.0 drivers_injured, 0.0 drivers_killed, 0.0 passengers_injured, 0.0 passengers_killed, 0.0 pedestrian_injured, 0.0 pedestrian_killed, Fair (Day), EDSA Kalayaan (NB)  Makati",MMDA Road Safety Unit,,fbca33e8-7bfa-4f8a-98a3-244b5f7f4edb,2015-09-22,02:30:00,EDSA Dusit Hotel Loading Bay (SB)  Makati,0,0,0,0,0,0,0,0,0,0,2015-09-22 10:30,Property,14.55756121,121.0378941,Rear-End
None,EDSA,None,None,"No Accident Factor, Rear-end, 0.0 drivers_injured, 0.0 drivers_killed, 0.0 passengers_injured, 0.0 passengers_killed, 0.0 pedestrian_injured, 0.0 pedestrian_killed, Fair (Day), EDSA Estrella (SB)  Makati",MMDA Road Safety Unit,,6bbc292d-466d-45a7-8817-6a319a7f39b8,2015-09-21,23:20:00,EDSA Estrella (SB)  Makati,0,0,0,0,0,0,0,0,0,0,2015-09-22 7:20,Property,14.56004326,121.0411034,Rear-End
None,EDSA,None,None,"No Accident Factor, Hit Object (No Object Stated), 0.0 drivers_injured, 0.0 drivers_killed, 0.0 passengers_injured, 0.0 passengers_killed, 0.0 pedestrian_injured, 0.0 pedestrian_killed, Fair (Night), EDSA Estrella Rockwell (SB)  Makati",MMDA Road Safety Unit,,0641b68e-50e0-44eb-ad90-0ad2cbe281f5,2015-09-21,19:00:00,EDSA Guadalupe Loading Bay  Makati,0,0,0,0,0,0,0,0,0,0,2015-09-22 3:00,Property,14.56004326,121.0411034,Hit Object
None,EDSA,None,None,"No Accident Factor, Side Swipe, 0.0 drivers_injured, 0.0 drivers_killed, 0.0 passengers_injured, 0.0 passengers_killed, 0.0 pedestrian_injured, 0.0 pedestrian_killed, Fair (Night), EDSA Buendia (NB)  Makati",MMDA Road Safety Unit,,59b204fe-7d0f-4027-a408-8cc3fd1240aa,2015-09-21,18:30:00,EDSA Ayala (SB)  Makati,0,0,0,0,0,0,0,0,0,0,2015-09-22 2:30,Property,14.5549709,121.0347642,Side Swipe
None,EDSA,None,None,"No Accident Factor, Hit Object (Fence/Wall-Concrete), 0.0 drivers_injured, 0.0 drivers_killed, 0.0 passengers_injured, 0.0 passengers_killed, 0.0 pedestrian_injured, 0.0 pedestrian_killed, Fair (Night), EDSA Magallanes Interchange (SB) Makati",MMDA Road Safety Unit,,2b711c58-9c7b-4592-96ee-de68df3488dc,2015-09-21,17:45:00,EDSA Ayala Ave. (SB)  Makati,0,0,0,0,0,0,0,0,0,0,2015-09-22 1:45,Property,14.54679556,121.0248047,Hit Object
None,EDSA,None,None,"No Accident Factor, Rear-end, 0.0 drivers_injured, 0.0 drivers_killed, 0.0 passengers_injured, 0.0 passengers_killed, 0.0 pedestrian_injured, 0.0 pedestrian_killed, Fair (Day), EDSA Kalayaan (NB)  Makati",MMDA Road Safety Unit,,2fb3c641-a99e-4a1b-8ff3-bfff21fb618f,2015-09-21,08:15:00,EDSA Estrella (NB)  Makati,0,0,0,0,0,0,0,0,0,0,2015-09-21 16:15,Property,14.55756121,121.0378941,Rear-End
None,EDSA,None,None,"No Accident Factor, Side Swipe, 0.0 drivers_injured, 0.0 drivers_killed, 0.0 passengers_injured, 0.0 passengers_killed, 0.0 pedestrian_injured, 0.0 pedestrian_killed, Fair (Day), EDSA Ayala Loading Bay  Makati",MMDA Road Safety Unit,,05b682a4-8720-4f2e-be57-29207bd00d2b,2015-09-21,04:20:00,EDSA Shaw Blvd. (SB)  Makati,0,0,0,0,0,0,0,0,0,0,2015-09-21 12:20,Property,14.54906772,121.0276631,Side Swipe
None,EDSA,None,None,"No Accident Factor, Side Swipe, 0.0 drivers_injured, 0.0 drivers_killed, 0.0 passengers_injured, 0.0 passengers_killed, 0.0 pedestrian_injured, 0.0 pedestrian_killed, Fair (Night), EDSA Magallanes Interchange Makati",MMDA Road Safety Unit,,c2b532b9-1346-4285-8370-1afa9c62e317,2015-09-20,14:00:00,EDSA East Cloverleaf Makati,0,0,0,0,0,0,0,0,0,0,2015-09-20 22:00,Property,14.54679556,121.0248047,Side Swipe
None,EDSA,None,None,"No Accident Factor, Rear-end, 0.0 drivers_injured, 0.0 drivers_killed, 0.0 passengers_injured, 0.0 passengers_killed, 0.0 pedestrian_injured, 0.0 pedestrian_killed, Fair (Day), EDSA Amorsolo St. Makati",MMDA Road Safety Unit,,2a6cf783-2a42-4815-ab6e-14316721b1ee,2015-09-20,03:00:00,EDSA Kalayaan Ave. Makati,0,0,0,0,0,0,0,0,0,0,2015-09-20 11:00,Property,14.54231742,121.0194498,Rear-End
None,EDSA,None,None,"No Accident Factor, Hit Object (Center Island), 0.0 drivers_injured, 0.0 drivers_killed, 0.0 passengers_injured, 0.0 passengers_killed, 0.0 pedestrian_injured, 0.0 pedestrian_killed, Fair (Night), EDSA Buendia Ave. Makati",MMDA Road Safety Unit,,42040626-69f9-42c3-8873-5673031672a9,2015-09-19,21:45:00,EDSA Kalayaan Ave. Makati,0,0,0,0,0,0,0,0,0,0,2015-09-20 5:45,Property,14.55516134,121.0349756,Hit Object
None,EDSA,None,None,"No Accident Factor, Rear-end, 0.0 drivers_injured, 0.0 drivers_killed, 0.0 passengers_injured, 0.0 passengers_killed, 0.0 pedestrian_injured, 0.0 pedestrian_killed, Fair (Day), EDSA Caltex Gas Station Kalayaan (NB)  Makati",MMDA Road Safety Unit,,df6eebec-bd09-47e5-84cf-7a9773461156,2015-09-18,06:15:00,EDSA Estrella St. Makati,0,0,0,0,0,0,0,0,0,0,2015-09-18 14:15,Property,14.5579426,121.0381663,Rear-End
None,EDSA,None,None,"No Accident Factor, Side Swipe, 0.0 drivers_injured, 0.0 drivers_killed, 0.0 passengers_injured, 0.0 passengers_killed, 0.0 pedestrian_injured, 0.0 pedestrian_killed, Fair (Day), EDSA Mantrade (NB)  Makati",MMDA Road Safety Unit,,f52f2fc5-e44f-4150-af46-3660e4c0c442,2015-09-16,22:45:00,EDSA Buendia Ave. Makati,0,0,0,0,0,0,0,0,0,0,2015-09-17 6:45,Property,14.54127991,121.0184601,Side Swipe
None,EDSA,None,None,"No Accident Factor, Rear-end, 0.0 drivers_injured, 0.0 drivers_killed, 0.0 passengers_injured, 0.0 passengers_killed, 0.0 pedestrian_injured, 0.0 pedestrian_killed, Fair (Night), EDSA Shell Gas Station Estrella (NB)  Makati",MMDA Road Safety Unit,,2d7888b7-2e27-48ad-9f9e-d8e81278fc21,2015-09-15,12:00:00,EDSA South Super Highway Service Road Makati,0,0,0,0,0,0,0,0,0,0,2015-09-15 20:00,Property,14.5600892,121.041222,Rear-End
None,EDSA,None,None,"No Accident Factor, Side Swipe, 0.0 drivers_injured, 0.0 drivers_killed, 0.0 passengers_injured, 0.0 passengers_killed, 0.0 pedestrian_injured, 0.0 pedestrian_killed, Fair (Day), EDSA Palm Drive Makati",MMDA Road Safety Unit,,c9a35463-dcdd-4d60-aaa5-eebf6a954c50,2015-09-14,04:30:00,EDSA Mc Kinley Access Road Makati,0,0,0,0,0,0,0,0,0,0,2015-09-14 12:30,Property,14.54840479,121.0270209,Side Swipe
None,EDSA,None,None,"No Accident Factor, Side Swipe, 0.0 drivers_injured, 0.0 drivers_killed, 0.0 passengers_injured, 0.0 passengers_killed, 0.0 pedestrian_injured, 0.0 pedestrian_killed, Fair (Night), EDSA Agutaya St.  Makati",MMDA Road Safety Unit,,a4aa7fbe-6dbf-47d3-af6b-2b7a6937319e,2015-09-11,12:00:00,EDSA Guadalupe MRT Station (NB) Makati,0,0,0,0,0,0,0,0,0,0,2015-09-11 20:00,Property,14.55962177,121.040515,Side Swipe
None,EDSA,None,None,"No Accident Factor, Side Swipe, 0.0 drivers_injured, 0.0 drivers_killed, 0.0 passengers_injured, 0.0 passengers_killed, 0.0 pedestrian_injured, 0.0 pedestrian_killed, Fair (Day), EDSA Magallanes (NB)  Makati",MMDA Road Safety Unit,,d3549438-2f64-4f1d-83c7-1ffae74e20cc,2015-09-11,04:45:00,EDSA Magallanes Loading bay (NB) Makati,0,0,0,0,0,0,0,0,0,0,2015-09-11 12:45,Property,14.53955946,121.0143517,Side Swipe
None,EDSA,None,None,"No Accident Factor, Rear-end, 0.0 drivers_injured, 0.0 drivers_killed, 0.0 passengers_injured, 0.0 passengers_killed, 0.0 pedestrian_injured, 0.0 pedestrian_killed, Fair (Day), EDSA Loyola Memorial Chapel Guadalupe (SB)  Makati",MMDA Road Safety Unit,,b708b8a9-6459-4b9e-9dbd-7e8193ec424a,2015-09-11,02:30:00,EDSA Buendia Ave. Makati,0,0,0,0,0,0,0,0,0,0,2015-09-11 10:30,Property,14.56531445,121.0449034,Rear-End
None,EDSA,None,None,"No Accident Factor, Side Swipe, 0.0 drivers_injured, 0.0 drivers_killed, 0.0 passengers_injured, 0.0 passengers_killed, 0.0 pedestrian_injured, 0.0 pedestrian_killed, Fair (Night), EDSA Evangelista St. Makati",MMDA Road Safety Unit,,6579c21d-3c2c-45db-aa65-1cc346233796,2015-09-10,15:30:00,EDSA Magallanes (SB) Makati,0,0,0,0,0,0,0,0,0,0,2015-09-10 23:30,Property,14.53906878,121.012324,Side Swipe
None,EDSA,None,None,"No Accident Factor, Side Swipe, 0.0 drivers_injured, 0.0 drivers_killed, 0.0 passengers_injured, 0.0 passengers_killed, 0.0 pedestrian_injured, 0.0 pedestrian_killed, Fair (Day), EDSA San Carlos Seminary Guadalupe (SB)  Makati",MMDA Road Safety Unit,,37278370-5afe-4c43-a137-1f9d7da201fa,2015-09-09,23:20:00,EDSA Ayala Ave. (NB) Makati,0,0,0,0,0,0,0,0,0,0,2015-09-10 7:20,Property,14.56324721,121.0439357,Side Swipe
None,EDSA,None,None,"No Accident Factor, Side Swipe, 0.0 drivers_injured, 0.0 drivers_killed, 0.0 passengers_injured, 0.0 passengers_killed, 0.0 pedestrian_injured, 0.0 pedestrian_killed, Fair (Night), EDSA Dusit Thani Hotel Ayala (SB)  Makati",MMDA Road Safety Unit,,a19c2858-4eb4-4777-89d8-8a66882a1899,2015-09-09,21:30:00,EDSA Guadalupe Loading bay (SB) Makati,0,0,0,0,0,0,0,0,0,0,2015-09-10 5:30,Property,14.54784374,121.026305,Side Swipe
None,EDSA,None,None,"No Accident Factor, Rear-end, 0.0 drivers_injured, 0.0 drivers_killed, 0.0 passengers_injured, 0.0 passengers_killed, 0.0 pedestrian_injured, 0.0 pedestrian_killed, Fair (Day), EDSA Evangelista St. Makati",MMDA Road Safety Unit,,8435d1af-1dee-4c7e-bd1a-0be81dfc78a2,2015-09-09,07:45:00,EDSA Mc Kinley Road Makati,0,0,0,0,0,0,0,0,0,0,2015-09-09 15:45,Property,14.53906878,121.012324,Rear-End
None,EDSA,None,None,"No Accident Factor, Side Swipe, 0.0 drivers_injured, 0.0 drivers_killed, 0.0 passengers_injured, 0.0 passengers_killed, 0.0 pedestrian_injured, 0.0 pedestrian_killed, Fair (Night), EDSA Evangelista St. Makati",MMDA Road Safety Unit,,31e501b4-b347-4a12-8295-8b76cb135e88,2015-09-08,16:00:00,EDSA Mc Kinley Road Makati,0,0,0,0,0,0,0,0,0,0,2015-09-09,Property,14.53906878,121.012324,Side Swipe
None,EDSA,None,None,"No Accident Factor, Side Swipe, 0.0 drivers_injured, 0.0 drivers_killed, 0.0 passengers_injured, 0.0 passengers_killed, 0.0 pedestrian_injured, 0.0 pedestrian_killed, Fair (Day), EDSA Ayala Loading Bay (NB) Makati",MMDA Road Safety Unit,,3654895c-2362-4566-b31c-c3c95034fbb4,2015-09-06,07:30:00,EDSA Magallanes (SB) Makati,0,0,0,0,0,0,0,0,0,0,2015-09-06 15:30,Property,14.54906772,121.0276631,Side Swipe
None,EDSA,None,None,"No Accident Factor, No Collision Stated (based on Police Blotter Book), 0.0 drivers_injured, 0.0 drivers_killed, 0.0 passengers_injured, 0.0 passengers_killed, 0.0 pedestrian_injured, 0.0 pedestrian_killed, Fair (Day), EDSA Escuela St.  Makati",MMDA Road Safety Unit,,a1c7ec27-9ef5-4fe0-8be4-a3502dcd2ada,2015-09-05,09:55:00,EDSA Pasong Tamo Exit Makati,0,0,0,0,0,0,0,0,0,0,2015-09-05 17:55,Property,14.56004326,121.0411034,No Collision Stated
None,EDSA,None,None,"No Accident Factor, Side Swipe, 0.0 drivers_injured, 0.0 drivers_killed, 0.0 passengers_injured, 0.0 passengers_killed, 0.0 pedestrian_injured, 0.0 pedestrian_killed, Fair (Day), EDSA Estrella St. Makati",MMDA Road Safety Unit,,f5e0d327-6d04-4876-97c0-34025ac8fc2d,2015-09-05,09:30:00,EDSA Magallanes (NB) Makati,0,0,0,0,0,0,0,0,0,0,2015-09-05 17:30,Property,14.56004326,121.0411034,Side Swipe
None,EDSA,None,None,"No Accident Factor, Hit and Run (No Collision Stated), 0.0 drivers_injured, 0.0 drivers_killed, 0.0 passengers_injured, 0.0 passengers_killed, 0.0 pedestrian_injured, 0.0 pedestrian_killed, Fair (Day), EDSA GO Hotel Pioneer (NB)  Makati",MMDA Road Safety Unit,,7212fa7c-337f-4792-a823-f302641521c6,2015-09-05,06:00:00,EDSA Ayala Ave. Makati,0,0,0,0,0,0,0,0,0,0,2015-09-05 14:00,Property,14.57006435,121.0464917,No Collision Stated
None,EDSA,None,None,"No Accident Factor, Side Swipe, 0.0 drivers_injured, 0.0 drivers_killed, 0.0 passengers_injured, 0.0 passengers_killed, 0.0 pedestrian_injured, 0.0 pedestrian_killed, Fair (Night), EDSA Guingua St.  Makati",MMDA Road Safety Unit,,038d27ef-9db9-4cb7-a01f-1026598a00a4,2015-09-04,11:10:00,EDSA Harvard St.  Makati,0,0,0,0,0,0,0,0,0,0,2015-09-04 19:10,Property,14.55666324,121.0371861,Side Swipe
None,EDSA,None,None,"No Accident Factor, No Collision Stated (based on Police Blotter Book), 0.0 drivers_injured, 0.0 drivers_killed, 0.0 passengers_injured, 0.0 passengers_killed, 0.0 pedestrian_injured, 0.0 pedestrian_killed, Fair (Day), EDSA Taft Ave. (NB)  Makati",MMDA Road Safety Unit,,0a739250-eb4d-44e5-9c3c-6a0c516072c9,2015-09-04,08:00:00,EDSA Mc Kinley Road Makati,0,0,0,0,0,0,0,0,0,0,2015-09-04 16:00,Property,14.53771767,121.0010546,No Collision Stated
None,EDSA,None,None,"No Accident Factor, Side Swipe, 0.0 drivers_injured, 0.0 drivers_killed, 0.0 passengers_injured, 0.0 passengers_killed, 0.0 pedestrian_injured, 0.0 pedestrian_killed, Fair (Day), EDSA Buendia Loading (NB)  Makati",MMDA Road Safety Unit,,9bcf99a7-4f3e-41ce-ba1e-bf27d87ac66a,2015-09-04,07:20:00,EDSA South Superhighway Makati,0,0,0,0,0,0,0,0,0,0,2015-09-04 15:20,Property,14.55422655,121.0337442,Side Swipe
None,EDSA,None,None,"No Accident Factor, Side Swipe, 0.0 drivers_injured, 0.0 drivers_killed, 0.0 passengers_injured, 0.0 passengers_killed, 0.0 pedestrian_injured, 0.0 pedestrian_killed, Fair (Day), EDSA Dasmarinas Village Magalannes (NB)  Makati",MMDA Road Safety Unit,,de105042-c686-415f-8faa-d8bf62e68388,2015-09-03,23:30:00,EDSA Ayala Ave. Makati,0,0,0,0,0,0,0,0,0,0,2015-09-04 7:30,Property,14.54747799,121.0261739,Side Swipe
None,EDSA,None,None,"No Accident Factor, Rear-end, 0.0 drivers_injured, 0.0 drivers_killed, 0.0 passengers_injured, 0.0 passengers_killed, 0.0 pedestrian_injured, 0.0 pedestrian_killed, Fair (Night), EDSA Dusit Hotel Loading Bay (SB)  Makati",MMDA Road Safety Unit,,21afead6-9612-4eb7-9825-9f51e404e181,2015-09-03,15:30:00,EDSA Estrella St. Makati,0,0,0,0,0,0,0,0,0,0,2015-09-03 23:30,Property,14.54784374,121.026305,Rear-End
None,EDSA,None,None,"No Accident Factor, Rear-end, 0.0 drivers_injured, 0.0 drivers_killed, 0.0 passengers_injured, 0.0 passengers_killed, 0.0 pedestrian_injured, 0.0 pedestrian_killed, Fair (Day), EDSA Estrella (SB)  Makati",MMDA Road Safety Unit,,e1e263d7-8b09-49b0-b529-e306abd785b6,2015-09-03,04:20:00,EDSA Evangelista St. Makati,0,0,0,0,0,0,0,0,0,0,2015-09-03 12:20,Property,14.56004326,121.0411034,Rear-End
None,EDSA,None,None,"No Accident Factor, Hit and Run (Rear-end), 0.0 drivers_injured, 0.0 drivers_killed, 0.0 passengers_injured, 0.0 passengers_killed, 0.0 pedestrian_injured, 0.0 pedestrian_killed, Fair (Day), EDSA Guadalupe Loading Bay  Makati",MMDA Road Safety Unit,,a78c3c6e-ed02-436c-b164-408aa9c77a69,2015-09-03,02:30:00,EDSA Estrella (NB)  Makati,0,0,0,0,0,0,0,0,0,0,2015-09-03 10:30,Property,14.56470241,121.0447638,Rear-End
None,EDSA,None,None,"No Accident Factor, Rear-end, 0.0 drivers_injured, 0.0 drivers_killed, 0.0 passengers_injured, 0.0 passengers_killed, 0.0 pedestrian_injured, 0.0 pedestrian_killed, Fair (Night), EDSA Ayala (SB)  Makati",MMDA Road Safety Unit,,17875b7f-9cd0-4742-b749-f9196dfd8dae,2015-09-02,14:00:00,EDSA Mc Kinley Road Makati,0,0,0,0,0,0,0,0,0,0,2015-09-02 22:00,Property,14.5503157,121.0293627,Rear-End
None,EDSA,None,None,"No Accident Factor, Rear-end, 0.0 drivers_injured, 0.0 drivers_killed, 0.0 passengers_injured, 0.0 passengers_killed, 0.0 pedestrian_injured, 0.0 pedestrian_killed, Fair (Night), EDSA Ayala Ave. (SB)  Makati",MMDA Road Safety Unit,,87af4d57-2050-49c0-8634-8280f56392f1,2015-09-02,10:00:00,EDSA Magallanes (SB)  Makati,0,0,0,0,0,0,0,0,0,0,2015-09-02 18:00,Property,14.5503157,121.0293627,Rear-End
None,EDSA,None,None,"No Accident Factor, Side Swipe, 1.0 drivers_injured, 0.0 drivers_killed, 0.0 passengers_injured, 0.0 passengers_killed, 0.0 pedestrian_injured, 0.0 pedestrian_killed, Fair (Day), EDSA Estrella (NB)  Makati",MMDA Road Safety Unit,,34e206c1-3950-41ee-8a4c-8ef0c467ac5c,2015-09-02,03:15:00,EDSA Magallanes (SB)  Makati,0,0,0,1,0,0,0,0,0,1,2015-09-02 11:15,Injury,14.56004326,121.0411034,Side Swipe
None,EDSA,None,None,"No Accident Factor, No Collision Stated (based on Police Blotter Book), 0.0 drivers_injured, 0.0 drivers_killed, 2.0 passengers_injured, 0.0 passengers_killed, 0.0 pedestrian_injured, 0.0 pedestrian_killed, Fair (Day), EDSA Shaw Blvd. (SB)  Makati",MMDA Road Safety Unit,,80ed37ce-a3f9-4831-87cc-29fbf8284f7a,2015-08-31,23:35:00,EDSA Ayala Ave. (NB)  Makati,0,0,0,0,2,0,0,0,0,2,2015-09-01 7:35,Injury,14.58141059,121.0537496,No Collision Stated
None,EDSA,None,None,"No Accident Factor, Side Swipe, 0.0 drivers_injured, 0.0 drivers_killed, 0.0 passengers_injured, 0.0 passengers_killed, 0.0 pedestrian_injured, 0.0 pedestrian_killed, Fair (Night), EDSA East Cloverleaf Makati",MMDA Road Safety Unit,,0161ffac-86b5-4b82-9d85-3e819c4482bf,2015-08-30,17:30:00,EDSA Pasay Road Makati,0,0,0,0,0,0,0,0,0,0,2015-08-31 1:30,Property,14.5668982,121.0455818,Side Swipe
None,EDSA,None,None,"No Accident Factor, Side Swipe, 0.0 drivers_injured, 0.0 drivers_killed, 0.0 passengers_injured, 0.0 passengers_killed, 0.0 pedestrian_injured, 0.0 pedestrian_killed, Fair (Night), EDSA Kalayaan Ave. Makati",MMDA Road Safety Unit,,f1874106-9bad-41bf-b7cd-a5f3fb6b517a,2015-08-30,14:30:00,EDSA Guadalupe Bridge (SB)  Makati,0,0,0,0,0,0,0,0,0,0,2015-08-30 22:30,Property,14.55767933,121.038147,Side Swipe
None,EDSA,None,None,"No Accident Factor, Side Swipe, 0.0 drivers_injured, 0.0 drivers_killed, 0.0 passengers_injured, 0.0 passengers_killed, 0.0 pedestrian_injured, 0.0 pedestrian_killed, Fair (Night), EDSA Kalayaan Ave. Makati",MMDA Road Safety Unit,,51d7eb80-dbe7-4a48-a3c3-6a06f8e40196,2015-08-30,10:30:00,EDSA Loyola Memorial Chapel Guadalupe (SB)  Makati,0,0,0,0,0,0,0,0,0,0,2015-08-30 18:30,Property,14.55767933,121.038147,Side Swipe
None,EDSA,None,None,"No Accident Factor, Rear-end, 0.0 drivers_injured, 0.0 drivers_killed, 0.0 passengers_injured, 0.0 passengers_killed, 0.0 pedestrian_injured, 0.0 pedestrian_killed, Fair (Day), EDSA Estrella St. Makati",MMDA Road Safety Unit,,748e5630-2910-46c6-b88d-73e196a744ae,2015-08-29,00:30:00,EDSA Guadalupe Bridge (SB)  Makati,0,0,0,0,0,0,0,0,0,0,2015-08-29 8:30,Property,14.56004326,121.0411034,Rear-End
None,EDSA,None,None,"No Accident Factor, Side Swipe, 0.0 drivers_injured, 0.0 drivers_killed, 0.0 passengers_injured, 0.0 passengers_killed, 0.0 pedestrian_injured, 0.0 pedestrian_killed, Fair (Night), EDSA Buendia Ave. Makati",MMDA Road Safety Unit,,bdfd4594-d307-487e-8604-0d7252af3646,2015-08-28,18:10:00,EDSA Ayala Ave. (NB)  Makati,0,0,0,0,0,0,0,0,0,0,2015-08-29 2:10,Property,14.55516134,121.0349756,Side Swipe
None,EDSA,None,None,"No Accident Factor, Rear-end, 0.0 drivers_injured, 0.0 drivers_killed, 0.0 passengers_injured, 0.0 passengers_killed, 0.0 pedestrian_injured, 0.0 pedestrian_killed, Fair (Night), EDSA South Super Highway Service Road Makati",MMDA Road Safety Unit,,12539fdd-823e-4a37-a9d5-4b21eaad7d71,2015-08-28,17:25:00,EDSA Quezon Ave. (NB)  Makati,0,0,0,0,0,0,0,0,0,0,2015-08-29 1:25,Property,14.54054957,121.016932,Rear-End