LOCATION_TEXT,ROAD,WEATHER,LIGHT,DESC,REPORTING_AGENCY,MAIN_CAUSE,INCIDENTDETAILS_ID,DATE_UTC,TIME_UTC,ADDRESS,killed_driver,killed_passenger,killed_pedestrian,injured_driver,injured_passenger,injured_pedestrian,killed_uncategorized,injured_uncategorized,killed_total,injured_total,DATETIME_PST,SEVERITY,Y,X,COLLISION_TYPE
None,EDSA,None,None,"No Accident Factor, Side Swipe, 0.0 drivers_injured, 0.0 drivers_killed, 0.0 passengers_injured, 0.0 passengers_killed, 0.0 pedestrian_injured, 0.0 pedestrian_killed, Fair (Night), EDSA Mc Kinley Access Road Makati",MMDA Road Safety Unit,,64e43b4a-8876-45f4-9c4c-50500669cce8,2015-08-28,12:00:00,EDSA Magallenes (NB)  Makati,0,0,0,0,0,0,0,0,0,0,2015-08-28 20:00,Property,14.5501403,121.0294629,Side Swipe
None,EDSA,None,None,"No Accident Factor, No Collision Stated (based on Police Blotter Book), 0.0 drivers_injured, 0.0 drivers_killed, 0.0 passengers_injured, 0.0 passengers_killed, 0.0 pedestrian_injured, 0.0 pedestrian_killed, Fair (Day), EDSA Guadalupe MRT Station (NB) Makati",MMDA Road Safety Unit,,5f4e0aff-c0d5-42e5-9778-9975aa964e5e,2015-08-28,07:45:00,EDSA Mc Kinley Road Makati,0,0,0,0,0,0,0,0,0,0,2015-08-28 15:45,Property,14.56672028,121.0454643,No Collision Stated
None,EDSA,None,None,"No Accident Factor, Side Swipe, 0.0 drivers_injured, 0.0 drivers_killed, 0.0 passengers_injured, 0.0 passengers_killed, 0.0 pedestrian_injured, 0.0 pedestrian_killed, Fair (Day), EDSA Magallanes Loading bay (NB) Makati",MMDA Road Safety Unit,,feb119b2-cc7d-4811-9f95-4a09aa75356c,2015-08-28,01:55:00,EDSA Ayala Ave. (NB)  Makati,0,0,0,0,0,0,0,0,0,0,2015-08-28 9:55,Property,14.54402536,121.021754,Side Swipe
None,EDSA,None,None,"No Accident Factor, Rear-end, 0.0 drivers_injured, 0.0 drivers_killed, 0.0 passengers_injured, 0.0 passengers_killed, 0.0 pedestrian_injured, 0.0 pedestrian_killed, Fair (Day), EDSA Buendia Ave. Makati",MMDA Road Safety Unit,,a001a0bd-77a3-4704-9a1f-8b8a1edfb89e,2015-08-28,01:50:00,EDSA Magallanes (SB)  Makati,0,0,0,0,0,0,0,0,0,0,2015-08-28 9:50,Property,14.55516134,121.0349756,Rear-End
None,EDSA,None,None,"No Accident Factor, Rear-end, 0.0 drivers_injured, 0.0 drivers_killed, 0.0 passengers_injured, 0.0 passengers_killed, 0.0 pedestrian_injured, 0.0 pedestrian_killed, Fair (Day), EDSA Magallanes (SB) Makati",MMDA Road Safety Unit,,9d339a96-edaa-4ac0-9e90-8392e140a6b1,2015-08-27,23:10:00,EDSA Magallanes (SB)  Makati,0,0,0,0,0,0,0,0,0,0,2015-08-28 7:10,Property,14.53955946,121.0143517,Rear-End
None,EDSA,None,None,"No Accident Factor, Side Swipe, 0.0 drivers_injured, 0.0 drivers_killed, 0.0 passengers_injured, 0.0 passengers_killed, 0.0 pedestrian_injured, 0.0 pedestrian_killed, Fair (Day), EDSA Ayala Ave. (NB) Makati",MMDA Road Safety Unit,,082eae1f-b1a8-4d4f-b02c-1bc4fbcfed09,2015-08-26,03:45:00,EDSA Shell Gas Station Estrella (NB) Makati,0,0,0,0,0,0,0,0,0,0,2015-08-26 11:45,Property,14.5503157,121.0293627,Side Swipe
None,EDSA,None,None,"No Accident Factor, Side Swipe, 0.0 drivers_injured, 0.0 drivers_killed, 0.0 passengers_injured, 0.0 passengers_killed, 0.0 pedestrian_injured, 0.0 pedestrian_killed, Fair (Day), EDSA Guadalupe Loading bay (SB) Makati",MMDA Road Safety Unit,,7e86ff13-2659-4d54-8fc6-dd7ab079690a,2015-08-26,00:30:00,EDSA Ayala (NB)  Makati,0,0,0,0,0,0,0,0,0,0,2015-08-26 8:30,Property,14.56470241,121.0447638,Side Swipe
None,EDSA,None,None,"No Accident Factor, Angle Impact, 0.0 drivers_injured, 0.0 drivers_killed, 0.0 passengers_injured, 0.0 passengers_killed, 0.0 pedestrian_injured, 0.0 pedestrian_killed, Fair (Day), EDSA Mc Kinley Road Makati",MMDA Road Safety Unit,,c7cbd4d3-5ff3-4f0f-a2e3-39088de55db7,2015-08-25,09:00:00,EDSA Kalayaan Ave. (NB)  Makati,0,0,0,0,0,0,0,0,0,0,2015-08-25 17:00,Property,14.5501403,121.0294629,Angle Impact
None,EDSA,None,None,"No Accident Factor, Side Swipe, 0.0 drivers_injured, 0.0 drivers_killed, 0.0 passengers_injured, 0.0 passengers_killed, 0.0 pedestrian_injured, 0.0 pedestrian_killed, Fair (Day), EDSA Mc Kinley Road Makati",MMDA Road Safety Unit,,03f77342-a763-4e5c-952d-c24fa8fa7604,2015-08-24,23:00:00,EDSA Bernardino St. (SB)  Makati,0,0,0,0,0,0,0,0,0,0,2015-08-25 7:00,Property,14.5501403,121.0294629,Side Swipe
None,EDSA,None,None,"No Accident Factor, Rear-end, 1.0 drivers_injured, 0.0 drivers_killed, 0.0 passengers_injured, 0.0 passengers_killed, 0.0 pedestrian_injured, 0.0 pedestrian_killed, Fair (Day), EDSA Magallanes (SB) Makati",MMDA Road Safety Unit,,f04bbfde-7b18-49d3-92fb-65a959f88d61,2015-08-24,22:00:00,EDSA Mc Kinley Road  Makati,0,0,0,1,0,0,0,0,0,1,2015-08-25 6:00,Injury,14.53955946,121.0143517,Rear-End
None,EDSA,None,None,"No Accident Factor, Rear-end, 0.0 drivers_injured, 0.0 drivers_killed, 0.0 passengers_injured, 0.0 passengers_killed, 0.0 pedestrian_injured, 0.0 pedestrian_killed, Fair (Day), EDSA Pasong Tamo Exit Makati",MMDA Road Safety Unit,,50c2ec2e-5bde-4f65-ac1f-a45a8931f6b9,2015-08-24,05:50:00,EDSA Buendia Ave. Makati,0,0,0,0,0,0,0,0,0,0,2015-08-24 13:50,Property,14.54127773,121.0182024,Rear-End
None,EDSA,None,None,"No Accident Factor, Side Swipe, 0.0 drivers_injured, 0.0 drivers_killed, 0.0 passengers_injured, 0.0 passengers_killed, 0.0 pedestrian_injured, 0.0 pedestrian_killed, Fair (Day), EDSA Magallanes (NB) Makati",MMDA Road Safety Unit,,43aa6cbe-1451-44fe-b0a2-a3acab71751e,2015-08-20,06:30:00,EDSA Ayala Ave. Makati,0,0,0,0,0,0,0,0,0,0,2015-08-20 14:30,Property,14.53955946,121.0143517,Side Swipe
None,EDSA,None,None,"No Accident Factor, Hit and Run (No Collision Stated), 0.0 drivers_injured, 0.0 drivers_killed, 0.0 passengers_injured, 0.0 passengers_killed, 0.0 pedestrian_injured, 0.0 pedestrian_killed, Fair (Day), EDSA Ayala Ave. Makati",MMDA Road Safety Unit,,f2d76135-4054-4457-9f44-aaa2c928da05,2015-08-19,04:30:00,"EDSA ""U"" turn slot, Pasong Tamo Exit Makati",0,0,0,0,0,0,0,0,0,0,2015-08-19 12:30,Property,14.5503157,121.0293627,No Collision Stated
None,EDSA,None,None,"No Accident Factor, Side Swipe, 0.0 drivers_injured, 0.0 drivers_killed, 0.0 passengers_injured, 0.0 passengers_killed, 0.0 pedestrian_injured, 0.0 pedestrian_killed, Fair (Day), EDSA Harvard St.  Makati",MMDA Road Safety Unit,,69e630b6-3f47-4acb-8a54-d3b121f2a4bc,2015-08-18,23:30:00,EDSA A. Arnaiz Ave. Makati,0,0,0,0,0,0,0,0,0,0,2015-08-19 7:30,Property,14.55920138,121.0400581,Side Swipe
None,EDSA,None,None,"No Accident Factor, Rear-end, 0.0 drivers_injured, 0.0 drivers_killed, 0.0 passengers_injured, 0.0 passengers_killed, 0.0 pedestrian_injured, 0.0 pedestrian_killed, Fair (Night), EDSA Mc Kinley Road Makati",MMDA Road Safety Unit,,44c913a0-cfa7-4463-8310-d4720730a252,2015-08-18,11:30:00,EDSA Chino Roces Ave. Makati,0,0,0,0,0,0,0,0,0,0,2015-08-18 19:30,Property,14.5501403,121.0294629,Rear-End
None,EDSA,None,None,"No Accident Factor, Side Swipe, 0.0 drivers_injured, 0.0 drivers_killed, 0.0 passengers_injured, 0.0 passengers_killed, 0.0 pedestrian_injured, 0.0 pedestrian_killed, Fair (Day), EDSA South Superhighway Makati",MMDA Road Safety Unit,,f5318bf1-d003-48f4-b11f-efbaf2247284,2015-08-17,06:30:00,EDSA Ayala Ave. Makati,0,0,0,0,0,0,0,0,0,0,2015-08-17 14:30,Property,14.54054957,121.016932,Side Swipe
None,EDSA,None,None,"No Accident Factor, Rear-end, 0.0 drivers_injured, 0.0 drivers_killed, 0.0 passengers_injured, 0.0 passengers_killed, 0.0 pedestrian_injured, 0.0 pedestrian_killed, Fair (Night), EDSA Ayala Ave. Makati",MMDA Road Safety Unit,,f39c919e-5cdb-4830-8b91-8691abf10464,2015-08-16,21:00:00,"EDSA Phoenix Gas Station, Guadalupe  Makati",0,0,0,0,0,0,0,0,0,0,2015-08-17 5:00,Property,14.5503157,121.0293627,Rear-End
None,EDSA,None,None,"No Accident Factor, Side Swipe, 0.0 drivers_injured, 0.0 drivers_killed, 0.0 passengers_injured, 0.0 passengers_killed, 0.0 pedestrian_injured, 0.0 pedestrian_killed, Fair (Day), EDSA Estrella St. Makati",MMDA Road Safety Unit,,f254a2bf-538c-4f97-a436-8306e025d053,2015-08-15,04:30:00,EDSA P. Burgos St. Makati,0,0,0,0,0,0,0,0,0,0,2015-08-15 12:30,Property,14.56004326,121.0411034,Side Swipe
None,EDSA,None,None,"No Accident Factor, Side Swipe, 0.0 drivers_injured, 0.0 drivers_killed, 0.0 passengers_injured, 0.0 passengers_killed, 0.0 pedestrian_injured, 0.0 pedestrian_killed, Fair (Day), EDSA Evangelista St. Makati",MMDA Road Safety Unit,,e44f08eb-5150-45f7-89e4-1eca3e51df4d,2015-08-15,02:15:00,EDSA Magallanes Interchange Makati,0,0,0,0,0,0,0,0,0,0,2015-08-15 10:15,Property,14.53906878,121.012324,Side Swipe
None,EDSA,None,None,"No Accident Factor, No Collision Stated (based on Police Blotter Book), 0.0 drivers_injured, 0.0 drivers_killed, 0.0 passengers_injured, 0.0 passengers_killed, 0.0 pedestrian_injured, 0.0 pedestrian_killed, Fair (Night), EDSA Estrella (NB)  Makati",MMDA Road Safety Unit,,169525e4-4910-493b-8334-e3b68fb7383a,2015-08-14,11:00:00,"EDSA Phoenix Gas Station, Guadalupe  Makati",0,0,0,0,0,0,0,0,0,0,2015-08-14 19:00,Property,14.56004326,121.0411034,No Collision Stated
None,EDSA,None,None,"No Accident Factor, Rear-end, 0.0 drivers_injured, 0.0 drivers_killed, 0.0 passengers_injured, 0.0 passengers_killed, 0.0 pedestrian_injured, 0.0 pedestrian_killed, Fair (Day), EDSA Mc Kinley Road Makati",MMDA Road Safety Unit,,a622ce38-d835-40d1-b5e8-9c8d81d916d9,2015-08-13,22:30:00,EDSA Magallanes Interchange Makati,0,0,0,0,0,0,0,0,0,0,2015-08-14 6:30,Property,14.5501403,121.0294629,Rear-End
None,EDSA,None,None,"No Accident Factor, No Collision Stated (based on Police Blotter Book), 0.0 drivers_injured, 0.0 drivers_killed, 0.0 passengers_injured, 0.0 passengers_killed, 0.0 pedestrian_injured, 0.0 pedestrian_killed, Fair (Day), EDSA Magallanes (SB)  Makati",MMDA Road Safety Unit,,a130d8e2-caad-49e1-879a-1edf4b813664,2015-08-13,09:20:00,EDSA Ayala Ave. Makati,0,0,0,0,0,0,0,0,0,0,2015-08-13 17:20,Property,14.53955946,121.0143517,No Collision Stated
None,EDSA,None,None,"No Accident Factor, Rear-end, 0.0 drivers_injured, 0.0 drivers_killed, 0.0 passengers_injured, 0.0 passengers_killed, 0.0 pedestrian_injured, 0.0 pedestrian_killed, Fair (Day), EDSA Magallanes (SB)  Makati",MMDA Road Safety Unit,,eb8a7129-4e10-4832-9c8d-909b6629c7b4,2015-08-13,08:30:00,EDSA Chino Roces Ave. Makati,0,0,0,0,0,0,0,0,0,0,2015-08-13 16:30,Property,14.53955946,121.0143517,Rear-End
None,EDSA,None,None,"No Accident Factor, Side Swipe, 0.0 drivers_injured, 0.0 drivers_killed, 0.0 passengers_injured, 0.0 passengers_killed, 0.0 pedestrian_injured, 0.0 pedestrian_killed, Fair (Day), EDSA Ayala Ave. (NB)  Makati",MMDA Road Safety Unit,,2643ad5e-905a-4906-a1b3-684ea537fc7a,2015-08-13,02:05:00,EDSA Harvard St.  Makati,0,0,0,0,0,0,0,0,0,0,2015-08-13 10:05,Property,14.5503157,121.0293627,Side Swipe
None,EDSA,None,None,"No Accident Factor, Side Swipe, 0.0 drivers_injured, 0.0 drivers_killed, 0.0 passengers_injured, 0.0 passengers_killed, 0.0 pedestrian_injured, 0.0 pedestrian_killed, Fair (Day), EDSA Pasay Road Makati",MMDA Road Safety Unit,,5b3bc373-8d64-4253-a789-575348f23e85,2015-08-12,22:30:00,EDSA Ayala Ave. Makati,0,0,0,0,0,0,0,0,0,0,2015-08-13 6:30,Property,14.54758327,121.025974,Side Swipe
None,EDSA,None,None,"No Accident Factor, Side Swipe, 0.0 drivers_injured, 0.0 drivers_killed, 0.0 passengers_injured, 0.0 passengers_killed, 0.0 pedestrian_injured, 0.0 pedestrian_killed, Fair (Day), EDSA Guadalupe Bridge (SB)  Makati",MMDA Road Safety Unit,,e2e6aeef-a4ea-4783-b208-4600f39d99a0,2015-08-12,22:00:00,EDSA Ortigas (NB) Makati,0,0,0,0,0,0,0,0,0,0,2015-08-13 6:00,Property,14.56846648,121.0458404,Side Swipe
None,EDSA,None,None,"No Accident Factor, Multiple Collision, 0.0 drivers_injured, 0.0 drivers_killed, 0.0 passengers_injured, 0.0 passengers_killed, 0.0 pedestrian_injured, 0.0 pedestrian_killed, Fair (Day), EDSA Loyola Memorial Chapel Guadalupe (SB)  Makati",MMDA Road Safety Unit,,42a6b9ab-6258-4948-889c-0862ea57f2ee,2015-08-12,07:00:00,EDSA Phoenix Gas Station Guadalupe (NB)  Makati,0,0,0,0,0,0,0,0,0,0,2015-08-12 15:00,Property,14.56531445,121.0449034,Multiple
None,EDSA,None,None,"No Accident Factor, Side Swipe, 0.0 drivers_injured, 0.0 drivers_killed, 0.0 passengers_injured, 0.0 passengers_killed, 0.0 pedestrian_injured, 0.0 pedestrian_killed, Fair (Day), EDSA Guadalupe Bridge (SB)  Makati",MMDA Road Safety Unit,,10d83a0c-d0d0-4223-a696-c32500bf10e9,2015-08-12,05:05:00,EDSA Harvard St. Makati,0,0,0,0,0,0,0,0,0,0,2015-08-12 13:05,Property,14.56846648,121.0458404,Side Swipe
None,EDSA,None,None,"No Accident Factor, Rear-end, 0.0 drivers_injured, 0.0 drivers_killed, 0.0 passengers_injured, 0.0 passengers_killed, 0.0 pedestrian_injured, 0.0 pedestrian_killed, Fair (Day), EDSA Ayala Ave. (NB)  Makati",MMDA Road Safety Unit,,eabe70aa-7272-47a5-822d-cdbe02ee7aae,2015-08-12,02:30:00,EDSA Ayala Ave. Makati,0,0,0,0,0,0,0,0,0,0,2015-08-12 10:30,Property,14.5503157,121.0293627,Rear-End
None,EDSA,None,None,"No Accident Factor, Rear-end, 0.0 drivers_injured, 0.0 drivers_killed, 0.0 passengers_injured, 0.0 passengers_killed, 0.0 pedestrian_injured, 0.0 pedestrian_killed, Fair (Day), EDSA Quezon Ave. (NB)  Makati",MMDA Road Safety Unit,,867b3a22-8c86-4b62-9a30-ba0479dfd85b,2015-08-12,00:00:00,EDSA Kalayaan Ave. Makati,0,0,0,0,0,0,0,0,0,0,2015-08-12 8:00,Property,14.64422947,121.037518,Rear-End
None,EDSA,None,None,"No Accident Factor, Rear-end, 0.0 drivers_injured, 0.0 drivers_killed, 0.0 passengers_injured, 0.0 passengers_killed, 0.0 pedestrian_injured, 0.0 pedestrian_killed, Fair (Day), EDSA Magallenes (NB)  Makati",MMDA Road Safety Unit,,fa55b898-dc9f-488f-bac5-2830a2049e59,2015-08-11,23:30:00,EDSA Magallnes Loading Bay (SB)  Makati,0,0,0,0,0,0,0,0,0,0,2015-08-12 7:30,Property,14.54037338,121.01729,Rear-End
None,EDSA,None,None,"No Accident Factor, Side Swipe, 0.0 drivers_injured, 0.0 drivers_killed, 0.0 passengers_injured, 0.0 passengers_killed, 0.0 pedestrian_injured, 0.0 pedestrian_killed, Fair (Night), EDSA Mc Kinley Road Makati",MMDA Road Safety Unit,,8b7e101e-bde1-4841-a073-6cd66f9203dd,2015-08-11,11:00:00,EDSA Ayala Ave. (SB)  Makati,0,0,0,0,0,0,0,0,0,0,2015-08-11 19:00,Property,14.5501403,121.0294629,Side Swipe
None,EDSA,None,None,"No Accident Factor, Side Swipe, 0.0 drivers_injured, 0.0 drivers_killed, 0.0 passengers_injured, 0.0 passengers_killed, 0.0 pedestrian_injured, 0.0 pedestrian_killed, Fair (Day), EDSA Ayala Ave. (NB)  Makati",MMDA Road Safety Unit,,2ab7c511-16f6-4a1c-9055-4525cd81b2d9,2015-08-11,07:15:00,EDSA Guadalupe Loading Bay (SB)  Makati,0,0,0,0,0,0,0,0,0,0,2015-08-11 15:15,Property,14.5503157,121.0293627,Side Swipe
None,EDSA,None,None,"No Accident Factor, No Collision Stated (based on Police Blotter Book), 0.0 drivers_injured, 0.0 drivers_killed, 0.0 passengers_injured, 0.0 passengers_killed, 0.0 pedestrian_injured, 0.0 pedestrian_killed, Fair (Day), EDSA Magallanes (SB)  Makati",MMDA Road Safety Unit,,b535ae6c-fd2b-4863-8f6a-eebc8be1fba4,2015-08-11,06:50:00,EDSA Buendia Loading Bay Makati,0,0,0,0,0,0,0,0,0,0,2015-08-11 14:50,Property,14.53955946,121.0143517,No Collision Stated
None,EDSA,None,None,"No Accident Factor, Side Swipe, 0.0 drivers_injured, 0.0 drivers_killed, 0.0 passengers_injured, 0.0 passengers_killed, 0.0 pedestrian_injured, 0.0 pedestrian_killed, Fair (Day), EDSA Magallanes (SB)  Makati",MMDA Road Safety Unit,,966e68fe-5317-4d54-b768-e60bbb405828,2015-08-11,06:30:00,EDSA Ortigas (NB) Makati,0,0,0,0,0,0,0,0,0,0,2015-08-11 14:30,Property,14.53955946,121.0143517,Side Swipe
None,EDSA,None,None,"No Accident Factor, No Collision Stated (based on Police Blotter Book), 0.0 drivers_injured, 0.0 drivers_killed, 0.0 passengers_injured, 0.0 passengers_killed, 0.0 pedestrian_injured, 0.0 pedestrian_killed, Fair (Day), EDSA Shell Gas Station Estrella (NB)  Makati",MMDA Road Safety Unit,,291887d7-22fa-4564-bf02-8dbf059a6bb2,2015-08-11,05:30:00,EDSA Ecology Village Magallanes  Makati,0,0,0,0,0,0,0,0,0,0,2015-08-11 13:30,Property,14.5600892,121.041222,No Collision Stated
None,EDSA,None,None,"No Accident Factor, Side Swipe, 0.0 drivers_injured, 0.0 drivers_killed, 0.0 passengers_injured, 0.0 passengers_killed, 0.0 pedestrian_injured, 0.0 pedestrian_killed, Fair (Day), EDSA Ayala (NB)  Makati",MMDA Road Safety Unit,,65e05aee-2159-4e40-8c43-e7681a637681,2015-08-11,03:05:00,EDSA Kalayaan Ave. Makati,0,0,0,0,0,0,0,0,0,0,2015-08-11 11:05,Property,14.55022041,121.0294622,Side Swipe
None,EDSA,None,None,"No Accident Factor, Side Swipe, 0.0 drivers_injured, 0.0 drivers_killed, 0.0 passengers_injured, 0.0 passengers_killed, 0.0 pedestrian_injured, 0.0 pedestrian_killed, Fair (Day), EDSA Kalayaan Ave. (NB)  Makati",MMDA Road Safety Unit,,a9499e39-e5ba-4484-a563-12007ac84bfc,2015-08-10,23:15:00,EDSA Evangelista St. Makati,0,0,0,0,0,0,0,0,0,0,2015-08-11 7:15,Property,14.55767933,121.038147,Side Swipe
None,EDSA,None,None,"No Accident Factor, Side Swipe, 0.0 drivers_injured, 0.0 drivers_killed, 0.0 passengers_injured, 0.0 passengers_killed, 0.0 pedestrian_injured, 0.0 pedestrian_killed, Fair (Day), EDSA Bernardino St. (SB)  Makati",MMDA Road Safety Unit,,f787224d-2ee6-4dfc-980c-3974e94fa796,2015-08-10,22:15:00,EDSA Mc Kinley Access Road Makati,0,0,0,0,0,0,0,0,0,0,2015-08-11 6:15,Property,14.56598119,121.0451074,Side Swipe
None,EDSA,None,None,"No Accident Factor, Side Swipe, 0.0 drivers_injured, 0.0 drivers_killed, 0.0 passengers_injured, 0.0 passengers_killed, 0.0 pedestrian_injured, 0.0 pedestrian_killed, Fair (Night), EDSA Mc Kinley Road  Makati",MMDA Road Safety Unit,,4679daa7-811a-4a05-b7e8-83e090245e36,2015-08-10,13:30:00,EDSA Kalayaan Ave. (NB)  Makati,0,0,0,0,0,0,0,0,0,0,2015-08-10 21:30,Property,14.5501403,121.0294629,Side Swipe
None,EDSA,None,None,"No Accident Factor, Side Swipe, 0.0 drivers_injured, 0.0 drivers_killed, 0.0 passengers_injured, 0.0 passengers_killed, 0.0 pedestrian_injured, 0.0 pedestrian_killed, Fair (Night), EDSA Buendia Ave. Makati",MMDA Road Safety Unit,,fc0541ef-abf6-4013-a4fc-cf0b8c6ef08e,2015-08-08,20:00:00,EDSA Ayala Ave. (SB)  Makati,0,0,0,0,0,0,0,0,0,0,2015-08-09 4:00,Property,14.55516134,121.0349756,Side Swipe
None,EDSA,None,None,"No Accident Factor, Side Swipe, 0.0 drivers_injured, 0.0 drivers_killed, 0.0 passengers_injured, 0.0 passengers_killed, 0.0 pedestrian_injured, 0.0 pedestrian_killed, Fair (Day), EDSA Ayala Ave. Makati",MMDA Road Safety Unit,,97b8c941-0d7d-4bcf-af58-84e88dcebdf4,2015-08-07,02:00:00,EDSA Ayala Ave. (NB)  Makati,0,0,0,0,0,0,0,0,0,0,2015-08-07 10:00,Property,14.5503157,121.0293627,Side Swipe
None,EDSA,None,None,"No Accident Factor, Other (Guttered), 0.0 drivers_injured, 0.0 drivers_killed, 0.0 passengers_injured, 0.0 passengers_killed, 0.0 pedestrian_injured, 0.0 pedestrian_killed, Fair (Day), EDSA ""U"" turn slot, Pasong Tamo Exit Makati",MMDA Road Safety Unit,,f696086c-f9bb-41e4-96cd-49bb81353690,2015-08-07,00:00:00,EDSA Magallanes (NB)  Makati,0,0,0,0,0,0,0,0,0,0,2015-08-07 8:00,Property,14.54078678,121.0181086,Self-Accident
None,EDSA,None,None,"No Accident Factor, Side Swipe, 0.0 drivers_injured, 0.0 drivers_killed, 0.0 passengers_injured, 0.0 passengers_killed, 0.0 pedestrian_injured, 0.0 pedestrian_killed, Fair (Night), EDSA A. Arnaiz Ave. Makati",MMDA Road Safety Unit,,e540f375-c8e7-4762-8495-d8be3fa17c3f,2015-08-06,17:15:00,EDSA Kalayaan Ave. (NB)  Makati,0,0,0,0,0,0,0,0,0,0,2015-08-07 1:15,Property,14.54734176,121.0262804,Side Swipe
None,EDSA,None,None,"No Accident Factor, Side Swipe, 0.0 drivers_injured, 0.0 drivers_killed, 0.0 passengers_injured, 0.0 passengers_killed, 0.0 pedestrian_injured, 0.0 pedestrian_killed, Fair (Night), EDSA Chino Roces Ave. Makati",MMDA Road Safety Unit,,4d8837a0-f42d-4f07-a42b-a920cb2cdb87,2015-08-06,13:20:00,EDSA Boni Ave. (NB)  Makati,0,0,0,0,0,0,0,0,0,0,2015-08-06 21:20,Property,14.54117334,121.0183458,Side Swipe
None,EDSA,None,None,"No Accident Factor, No Collision Stated (based on Police Blotter Book), 1.0 drivers_injured, 0.0 drivers_killed, 0.0 passengers_injured, 0.0 passengers_killed, 0.0 pedestrian_injured, 0.0 pedestrian_killed, Fair (Day), EDSA Ayala Ave. Makati",MMDA Road Safety Unit,,30971b59-80f6-4a2e-aa5f-8c075529d81a,2015-08-06,09:40:00,EDSA Ayala Ave. Makati,0,0,0,1,0,0,0,0,0,1,2015-08-06 17:40,Injury,14.5503157,121.0293627,No Collision Stated
None,EDSA,None,None,"No Accident Factor, Side Swipe, 0.0 drivers_injured, 0.0 drivers_killed, 0.0 passengers_injured, 0.0 passengers_killed, 0.0 pedestrian_injured, 0.0 pedestrian_killed, Fair (Day), EDSA Phoenix Gas Station, Guadalupe  Makati",MMDA Road Safety Unit,,c523ce61-8537-4567-ab31-062d934d03ea,2015-08-06,08:05:00,EDSA Magallanes (NB)  Makati,0,0,0,0,0,0,0,0,0,0,2015-08-06 16:05,Property,14.5633726,121.0442458,Side Swipe
None,EDSA,None,None,"No Accident Factor, Side Swipe, 0.0 drivers_injured, 0.0 drivers_killed, 0.0 passengers_injured, 0.0 passengers_killed, 0.0 pedestrian_injured, 0.0 pedestrian_killed, Fair (Night), EDSA P. Burgos St. Makati",MMDA Road Safety Unit,,8ae7130d-b888-4eb1-94db-248c4d577cb1,2015-08-05,12:45:00,EDSA Boni Ave. Makati,0,0,0,0,0,0,0,0,0,0,2015-08-05 20:45,Property,14.5655887,121.0452425,Side Swipe
None,EDSA,None,None,"No Accident Factor, Side Swipe, 0.0 drivers_injured, 0.0 drivers_killed, 0.0 passengers_injured, 0.0 passengers_killed, 0.0 pedestrian_injured, 0.0 pedestrian_killed, Fair (Day), EDSA Magallanes Interchange Makati",MMDA Road Safety Unit,,b106d716-d63c-4e8d-8d63-fca218d31db8,2015-08-05,09:55:00,EDSA Ayala (SB)  Makati,0,0,0,0,0,0,0,0,0,0,2015-08-05 17:55,Property,14.54679556,121.0248047,Side Swipe
None,EDSA,None,None,"No Accident Factor, No Collision Stated (based on Police Blotter Book), 0.0 drivers_injured, 0.0 drivers_killed, 0.0 passengers_injured, 0.0 passengers_killed, 0.0 pedestrian_injured, 0.0 pedestrian_killed, Fair (Day), EDSA Phoenix Gas Station, Guadalupe  Makati",MMDA Road Safety Unit,,958abdeb-59ec-4837-8f9a-a2817ec1eef6,2015-08-05,08:30:00,EDSA Connecticut Road Makati,0,0,0,0,0,0,0,0,0,0,2015-08-05 16:30,Property,14.5633726,121.0442458,No Collision Stated
None,EDSA,None,None,"No Accident Factor, Side Swipe, 0.0 drivers_injured, 0.0 drivers_killed, 0.0 passengers_injured, 0.0 passengers_killed, 0.0 pedestrian_injured, 0.0 pedestrian_killed, Fair (Day), EDSA Magallanes Interchange Makati",MMDA Road Safety Unit,,f81385ac-b27f-4062-b127-b5dd85877b4f,2015-08-04,09:45:00,EDSA Estrella (SB)  Makati,0,0,0,0,0,0,0,0,0,0,2015-08-04 17:45,Property,14.54679556,121.0248047,Side Swipe
None,EDSA,None,None,"No Accident Factor, Rear-end, 1.0 drivers_injured, 0.0 drivers_killed, 0.0 passengers_injured, 0.0 passengers_killed, 0.0 pedestrian_injured, 0.0 pedestrian_killed, Fair (Night), EDSA Ayala Ave. Makati",MMDA Road Safety Unit,,d1ba9561-c409-450a-bfe3-cbf518244d39,2015-08-01,17:45:00,EDSA Estrella (NB)  Makati,0,0,0,1,0,0,0,0,0,1,2015-08-02 1:45,Injury,14.5503157,121.0293627,Rear-End
None,EDSA,None,None,"No Accident Factor, Angle Impact, 0.0 drivers_injured, 0.0 drivers_killed, 0.0 passengers_injured, 0.0 passengers_killed, 0.0 pedestrian_injured, 0.0 pedestrian_killed, Fair (Night), EDSA Chino Roces Ave. Makati",MMDA Road Safety Unit,,f88086b6-0010-4eec-8b2a-cbe708fb53ad,2015-08-01,14:20:00,EDSA Mc Kinley Road Makati,0,0,0,0,0,0,0,0,0,0,2015-08-01 22:20,Property,14.54117334,121.0183458,Angle Impact
None,EDSA,None,None,"No Accident Factor, Side Swipe, 0.0 drivers_injured, 0.0 drivers_killed, 0.0 passengers_injured, 0.0 passengers_killed, 0.0 pedestrian_injured, 0.0 pedestrian_killed, Fair (Night), EDSA Harvard St.  Makati",MMDA Road Safety Unit,,becd4cdf-60fb-467b-a828-c4511f453a8a,2015-07-31,11:20:00,EDSA Mc Kinley (SB)  Makati,0,0,0,0,0,0,0,0,0,0,2015-07-31 19:20,Property,14.55920138,121.0400581,Side Swipe
None,EDSA,None,None,"No Accident Factor, Side Swipe, 0.0 drivers_injured, 0.0 drivers_killed, 0.0 passengers_injured, 0.0 passengers_killed, 0.0 pedestrian_injured, 0.0 pedestrian_killed, Fair (Night), EDSA Ayala Ave. Makati",MMDA Road Safety Unit,,6a67bef4-c604-40e1-894e-b1a1aa9002a5,2015-07-30,11:20:00,EDSA Estrella (NB)  Makati,0,0,0,0,0,0,0,0,0,0,2015-07-30 19:20,Property,14.5503157,121.0293627,Side Swipe