LOCATION_TEXT,ROAD,WEATHER,LIGHT,DESC,REPORTING_AGENCY,MAIN_CAUSE,INCIDENTDETAILS_ID,DATE_UTC,TIME_UTC,ADDRESS,killed_driver,killed_passenger,killed_pedestrian,injured_driver,injured_passenger,injured_pedestrian,killed_uncategorized,injured_uncategorized,killed_total,injured_total,DATETIME_PST,SEVERITY,Y,X,COLLISION_TYPE
None,EDSA,None,None,"No Accident Factor, Side Swipe, 0.0 drivers_injured, 0.0 drivers_killed, 0.0 passengers_injured, 0.0 passengers_killed, 0.0 pedestrian_injured, 0.0 pedestrian_killed, Fair (Day), EDSA Ortigas (NB)  Makati",MMDA Road Safety Unit,,6505ee9f-a1d6-4213-b106-7645611edd39,2015-07-30,05:25:00,EDSA Estrella (SB)  Makati,0,0,0,0,0,0,0,0,0,0,2015-07-30 13:25,Property,14.59319081,121.0585811,Side Swipe
None,EDSA,None,None,"No Accident Factor, Side Swipe, 0.0 drivers_injured, 0.0 drivers_killed, 0.0 passengers_injured, 0.0 passengers_killed, 0.0 pedestrian_injured, 0.0 pedestrian_killed, Fair (Day), EDSA Phoenix Gas Station Guadalupe (NB)  Makati",MMDA Road Safety Unit,,b2e30e76-ea14-4b7d-bf8a-9656d59fbcf0,2015-07-29,04:10:00,EDSA Magallanes Interchange (SB) Makati,0,0,0,0,0,0,0,0,0,0,2015-07-29 12:10,Property,14.5633726,121.0442458,Side Swipe
None,EDSA,None,None,"No Accident Factor, Side Swipe, 0.0 drivers_injured, 0.0 drivers_killed, 0.0 passengers_injured, 0.0 passengers_killed, 0.0 pedestrian_injured, 0.0 pedestrian_killed, Fair (Night), EDSA Harvard St. Makati",MMDA Road Safety Unit,,9c63ceea-264f-4f2e-b483-512a92d082f7,2015-07-28,13:30:00,EDSA Harvard St.  Makati,0,0,0,0,0,0,0,0,0,0,2015-07-28 21:30,Property,14.55920138,121.0400581,Side Swipe
None,EDSA,None,None,"No Accident Factor, Rear-end, 0.0 drivers_injured, 0.0 drivers_killed, 0.0 passengers_injured, 0.0 passengers_killed, 0.0 pedestrian_injured, 0.0 pedestrian_killed, Fair (Night), EDSA Ayala Ave. Makati",MMDA Road Safety Unit,,1cd6d280-5743-49e4-b25a-d6a0b88ad525,2015-07-28,11:45:00,EDSA Evangelista St. Makati,0,0,0,0,0,0,0,0,0,0,2015-07-28 19:45,Property,14.5503157,121.0293627,Rear-End
None,EDSA,None,None,"No Accident Factor, Side Swipe, 0.0 drivers_injured, 0.0 drivers_killed, 0.0 passengers_injured, 0.0 passengers_killed, 0.0 pedestrian_injured, 0.0 pedestrian_killed, Fair (Day), EDSA Kalayaan Ave. Makati",MMDA Road Safety Unit,,1c7f380b-b51e-4e98-9ff3-0187c411dbf2,2015-07-28,07:30:00,EDSA Ayala (SB)  Makati,0,0,0,0,0,0,0,0,0,0,2015-07-28 15:30,Property,14.55767933,121.038147,Side Swipe
None,EDSA,None,None,"No Accident Factor, Rear-end, 0.0 drivers_injured, 0.0 drivers_killed, 0.0 passengers_injured, 0.0 passengers_killed, 0.0 pedestrian_injured, 0.0 pedestrian_killed, Fair (Day), EDSA Magallnes Loading Bay (SB)  Makati",MMDA Road Safety Unit,,bd493632-32d8-449a-8812-2a06816a821d,2015-07-28,05:30:00,EDSA Cloverleaf  Makati,0,0,0,0,0,0,0,0,0,0,2015-07-28 13:30,Property,14.54404324,121.0217738,Rear-End
None,EDSA,None,None,"No Accident Factor, Hit and Run (Side Swipe), 0.0 drivers_injured, 0.0 drivers_killed, 0.0 passengers_injured, 0.0 passengers_killed, 0.0 pedestrian_injured, 0.0 pedestrian_killed, Fair (Day), EDSA Ayala Ave. (SB)  Makati",MMDA Road Safety Unit,,ea7e44e6-bc4d-4961-8970-1ce033c04deb,2015-07-28,05:00:00,EDSA Kalayaan Ave. Makati,0,0,0,0,0,0,0,0,0,0,2015-07-28 13:00,Property,14.5503157,121.0293627,Side Swipe
None,EDSA,None,None,"No Accident Factor, No Collision Stated (based on Police Blotter Book), 0.0 drivers_injured, 0.0 drivers_killed, 1.0 passengers_injured, 0.0 passengers_killed, 0.0 pedestrian_injured, 0.0 pedestrian_killed, Fair (Night), EDSA Guadalupe Loading Bay (SB)  Makati",MMDA Road Safety Unit,,46d17117-ecc8-4118-86d2-4afc43aab857,2015-07-27,13:20:00,EDSA Ayala (SB)  Makati,0,0,0,0,1,0,0,0,0,1,2015-07-27 21:20,Injury,14.56470241,121.0447638,No Collision Stated
None,EDSA,None,None,"No Accident Factor, Rear-end, 0.0 drivers_injured, 0.0 drivers_killed, 0.0 passengers_injured, 0.0 passengers_killed, 0.0 pedestrian_injured, 0.0 pedestrian_killed, Fair (Night), EDSA Buendia Loading Bay Makati",MMDA Road Safety Unit,,1bcbf599-fd12-41cc-a21f-a9582ff8568e,2015-07-24,14:00:00,EDSA Estrella (SB)  Makati,0,0,0,0,0,0,0,0,0,0,2015-07-24 22:00,Property,14.55422655,121.0337442,Rear-End
None,EDSA,None,None,"No Accident Factor, Side Swipe, 0.0 drivers_injured, 0.0 drivers_killed, 0.0 passengers_injured, 0.0 passengers_killed, 0.0 pedestrian_injured, 0.0 pedestrian_killed, Fair (Night), EDSA Ortigas (NB)  Makati",MMDA Road Safety Unit,,c885cff6-b485-49be-8288-59a7809adb6c,2015-07-24,13:35:00,EDSA Kalayaan (NB)  Makati,0,0,0,0,0,0,0,0,0,0,2015-07-24 21:35,Property,14.59319081,121.0585811,Side Swipe
None,EDSA,None,None,"No Accident Factor, No Collision Stated (based on Police Blotter Book), 0.0 drivers_injured, 0.0 drivers_killed, 0.0 passengers_injured, 0.0 passengers_killed, 0.0 pedestrian_injured, 0.0 pedestrian_killed, Fair (Day), EDSA Ecology Village Magallanes  Makati",MMDA Road Safety Unit,,2328e9f8-4291-4d7f-8522-f365c35704e9,2015-07-24,04:40:00,EDSA Ayala Center Makati,0,0,0,0,0,0,0,0,0,0,2015-07-24 12:40,Property,14.54210679,121.019172,No Collision Stated
None,EDSA,None,None,"No Accident Factor, No Collision Stated (based on Police Blotter Book), 0.0 drivers_injured, 0.0 drivers_killed, 0.0 passengers_injured, 0.0 passengers_killed, 0.0 pedestrian_injured, 0.0 pedestrian_killed, Fair (Day), EDSA Kalayaan Ave. Makati",MMDA Road Safety Unit,,decc4089-d78f-4cf6-855b-7a559ae74c32,2015-07-24,02:55:00,EDSA Guadalupe Bridge (NB)  Makati,0,0,0,0,0,0,0,0,0,0,2015-07-24 10:55,Property,14.55767933,121.038147,No Collision Stated
None,EDSA,None,None,"No Accident Factor, Side Swipe, 0.0 drivers_injured, 0.0 drivers_killed, 0.0 passengers_injured, 0.0 passengers_killed, 0.0 pedestrian_injured, 0.0 pedestrian_killed, Fair (Night), EDSA Evangelista St. Makati",MMDA Road Safety Unit,,a88f78be-dfcf-41e6-ac1a-6a20b0c7239d,2015-07-23,11:30:00,EDSA Estrella (NB)  Makati,0,0,0,0,0,0,0,0,0,0,2015-07-23 19:30,Property,14.53906878,121.012324,Side Swipe
None,EDSA,None,None,"No Accident Factor, Angle Impact, 0.0 drivers_injured, 0.0 drivers_killed, 0.0 passengers_injured, 0.0 passengers_killed, 0.0 pedestrian_injured, 0.0 pedestrian_killed, Fair (Day), EDSA Mc Kinley Access Road Makati",MMDA Road Safety Unit,,ad2da5c0-bf6b-49cf-8ee5-d3be5e8acc77,2015-07-23,04:05:00,EDSA Orense (NB)  Makati,0,0,0,0,0,0,0,0,0,0,2015-07-23 12:05,Property,14.5501403,121.0294629,Angle Impact
None,EDSA,None,None,"No Accident Factor, No Collision Stated (based on Police Blotter Book), 0.0 drivers_injured, 0.0 drivers_killed, 0.0 passengers_injured, 0.0 passengers_killed, 0.0 pedestrian_injured, 0.0 pedestrian_killed, Fair (Day), EDSA Kalayaan Ave. (NB)  Makati",MMDA Road Safety Unit,,2255a606-9c34-4f38-b1c5-d8a748fa475d,2015-07-23,03:55:00,EDSA Ayala Ave. (NB)  Makati,0,0,0,0,0,0,0,0,0,0,2015-07-23 11:55,Property,14.55767933,121.038147,No Collision Stated
None,EDSA,None,None,"No Accident Factor, Side Swipe, 0.0 drivers_injured, 0.0 drivers_killed, 0.0 passengers_injured, 0.0 passengers_killed, 0.0 pedestrian_injured, 0.0 pedestrian_killed, Fair (Night), EDSA Ayala Ave. (SB)  Makati",MMDA Road Safety Unit,,c05b7642-8c55-4049-a962-e960cc4ee07f,2015-07-22,13:30:00,EDSA Ayala Dasmarinas Village  Makati,0,0,0,0,0,0,0,0,0,0,2015-07-22 21:30,Property,14.5503157,121.0293627,Side Swipe
None,EDSA,None,None,"No Accident Factor, Side Swipe, 0.0 drivers_injured, 0.0 drivers_killed, 0.0 passengers_injured, 0.0 passengers_killed, 0.0 pedestrian_injured, 0.0 pedestrian_killed, Fair (Day), EDSA Ayala Ave. (NB)  Makati",MMDA Road Safety Unit,,a59bf559-fbc4-4451-bf35-231c84cfdc89,2015-07-22,04:00:00,EDSA Magallanes Interchange Makati,0,0,0,0,0,0,0,0,0,0,2015-07-22 12:00,Property,14.5503157,121.0293627,Side Swipe
None,EDSA,None,None,"No Accident Factor, Rear-end, 0.0 drivers_injured, 0.0 drivers_killed, 0.0 passengers_injured, 0.0 passengers_killed, 0.0 pedestrian_injured, 0.0 pedestrian_killed, Fair (Day), EDSA Magallanes (NB)  Makati",MMDA Road Safety Unit,,3c4cec1f-7b82-409c-97c1-de1ace466c5a,2015-07-21,23:30:00,EDSA J.P. Rizal Ave. Makati,0,0,0,0,0,0,0,0,0,0,2015-07-22 7:30,Property,14.53955946,121.0143517,Rear-End
None,EDSA,None,None,"No Accident Factor, Side Swipe, 0.0 drivers_injured, 0.0 drivers_killed, 0.0 passengers_injured, 0.0 passengers_killed, 0.0 pedestrian_injured, 0.0 pedestrian_killed, Fair (Day), EDSA Kalayaan Ave. (NB)  Makati",MMDA Road Safety Unit,,6e960e55-3e64-44df-8e4c-4c2829d2a055,2015-07-21,22:50:00,EDSA Evangelista St. Makati,0,0,0,0,0,0,0,0,0,0,2015-07-22 6:50,Property,14.55767933,121.038147,Side Swipe
None,EDSA,None,None,"No Accident Factor, Side Swipe, 0.0 drivers_injured, 0.0 drivers_killed, 0.0 passengers_injured, 0.0 passengers_killed, 0.0 pedestrian_injured, 0.0 pedestrian_killed, Fair (Night), EDSA Boni Ave. (NB)  Makati",MMDA Road Safety Unit,,6471572f-beb1-4058-90c0-1b45a7305149,2015-07-21,21:45:00,EDSA Ayala (NB)  Makati,0,0,0,0,0,0,0,0,0,0,2015-07-22 5:45,Property,14.57265226,121.0471612,Side Swipe
None,EDSA,None,None,"No Accident Factor, Side Swipe, 0.0 drivers_injured, 0.0 drivers_killed, 0.0 passengers_injured, 0.0 passengers_killed, 0.0 pedestrian_injured, 0.0 pedestrian_killed, Fair (Night), EDSA Ayala Ave. Makati",MMDA Road Safety Unit,,7840d93c-6887-4ccf-8c3a-bbf6adfbe3b8,2015-07-21,20:40:00,EDSA Ayala Ave. Makati,0,0,0,0,0,0,0,0,0,0,2015-07-22 4:40,Property,14.5503157,121.0293627,Side Swipe
None,EDSA,None,None,"No Accident Factor, Side Swipe, 0.0 drivers_injured, 0.0 drivers_killed, 0.0 passengers_injured, 0.0 passengers_killed, 0.0 pedestrian_injured, 0.0 pedestrian_killed, Fair (Night), EDSA Magallanes (NB)  Makati",MMDA Road Safety Unit,,9815a4c1-ae3f-44eb-814d-e66fdba6de0c,2015-07-21,10:20:00,EDSA Rockwell (SB)  Makati,0,0,0,0,0,0,0,0,0,0,2015-07-21 18:20,Property,14.53955946,121.0143517,Side Swipe
None,EDSA,None,None,"No Accident Factor, Side Swipe, 0.0 drivers_injured, 0.0 drivers_killed, 0.0 passengers_injured, 0.0 passengers_killed, 0.0 pedestrian_injured, 0.0 pedestrian_killed, Fair (Day), EDSA Boni Ave. Makati",MMDA Road Safety Unit,,7936a61c-9a33-4c18-8424-86438fcdf1f1,2015-07-21,00:55:00,EDSA Harvard St.  Makati,0,0,0,0,0,0,0,0,0,0,2015-07-21 8:55,Property,14.5484559,121.0273067,Side Swipe
None,EDSA,None,None,"No Accident Factor, Rear-end, 0.0 drivers_injured, 0.0 drivers_killed, 0.0 passengers_injured, 0.0 passengers_killed, 0.0 pedestrian_injured, 0.0 pedestrian_killed, Fair (Day), EDSA Ayala (SB)  Makati",MMDA Road Safety Unit,,ac0da12d-c34b-4777-80e8-5356533ac1ae,2015-07-20,03:15:00,"EDSA J.P. Rizal Ave., Guadalupe Cloverleaf Makati",0,0,0,0,0,0,0,0,0,0,2015-07-20 11:15,Property,14.5503157,121.0293627,Rear-End
None,EDSA,None,None,"No Accident Factor, Rear-end, 0.0 drivers_injured, 0.0 drivers_killed, 0.0 passengers_injured, 0.0 passengers_killed, 0.0 pedestrian_injured, 0.0 pedestrian_killed, Fair (Day), EDSA Connecticut Road Makati",MMDA Road Safety Unit,,a362d702-36d3-454d-bdf3-da57fd6874af,2015-07-20,02:40:00,"EDSA BPI Bank, Magallanes Makati",0,0,0,0,0,0,0,0,0,0,2015-07-20 10:40,Property,14.5484559,121.0273067,Rear-End
None,EDSA,None,None,"No Accident Factor, Rear-end, 0.0 drivers_injured, 0.0 drivers_killed, 0.0 passengers_injured, 0.0 passengers_killed, 0.0 pedestrian_injured, 0.0 pedestrian_killed, Fair (Day), EDSA Estrella (SB)  Makati",MMDA Road Safety Unit,,af18da67-5f83-48a3-95c4-91d330c4d23a,2015-07-20,02:00:00,EDSA Chino Roces Ave. Exit Makati,0,0,0,0,0,0,0,0,0,0,2015-07-20 10:00,Property,14.56004326,121.0411034,Rear-End
None,EDSA,None,None,"No Accident Factor, Side Swipe, 0.0 drivers_injured, 0.0 drivers_killed, 0.0 passengers_injured, 0.0 passengers_killed, 0.0 pedestrian_injured, 0.0 pedestrian_killed, Fair (Night), EDSA Estrella (NB)  Makati",MMDA Road Safety Unit,,c78fb269-9177-478b-aaea-6bb7c7a612c6,2015-07-16,10:15:00,EDSA A. Arnaiz Ave. Makati,0,0,0,0,0,0,0,0,0,0,2015-07-16 18:15,Property,14.56004326,121.0411034,Side Swipe
None,EDSA,None,None,"No Accident Factor, Angle Impact, 0.0 drivers_injured, 0.0 drivers_killed, 0.0 passengers_injured, 0.0 passengers_killed, 0.0 pedestrian_injured, 0.0 pedestrian_killed, Fair (Night), EDSA Mc Kinley Road Makati",MMDA Road Safety Unit,,440dd637-9500-48a6-8eb2-bac61973b1d0,2015-07-15,12:45:00,EDSA Lapu Lapu St. Makati,0,0,0,0,0,0,0,0,0,0,2015-07-15 20:45,Property,14.5501403,121.0294629,Angle Impact
None,EDSA,None,None,"No Accident Factor, Side Swipe, 0.0 drivers_injured, 0.0 drivers_killed, 0.0 passengers_injured, 0.0 passengers_killed, 0.0 pedestrian_injured, 0.0 pedestrian_killed, Fair (Night), EDSA Mc Kinley (SB)  Makati",MMDA Road Safety Unit,,faccdfc9-2d9f-4535-96c1-baf1c7dec6c9,2015-07-15,11:30:00,EDSA Ayala  Makati,0,0,0,0,0,0,0,0,0,0,2015-07-15 19:30,Property,14.5501403,121.0294629,Side Swipe
None,EDSA,None,None,"No Accident Factor, Side Swipe, 0.0 drivers_injured, 0.0 drivers_killed, 0.0 passengers_injured, 0.0 passengers_killed, 0.0 pedestrian_injured, 0.0 pedestrian_killed, Fair (Day), EDSA Estrella (NB)  Makati",MMDA Road Safety Unit,,b9866cbe-1ba5-4d3c-86b6-fd9f137e1710,2015-07-15,05:00:00,EDSA Magallanes Interchange Makati,0,0,0,0,0,0,0,0,0,0,2015-07-15 13:00,Property,14.56004326,121.0411034,Side Swipe
None,EDSA,None,None,"No Accident Factor, Rear-end, 0.0 drivers_injured, 0.0 drivers_killed, 0.0 passengers_injured, 0.0 passengers_killed, 0.0 pedestrian_injured, 0.0 pedestrian_killed, Fair (Day), EDSA Estrella (SB)  Makati",MMDA Road Safety Unit,,87b87869-87c8-46c4-97ee-656b35ad9504,2015-07-15,04:10:00,EDSA Magallanes Interchange  Makati,0,0,0,0,0,0,0,0,0,0,2015-07-15 12:10,Property,14.56004326,121.0411034,Rear-End
None,EDSA,None,None,"No Accident Factor, Rear-end, 0.0 drivers_injured, 0.0 drivers_killed, 0.0 passengers_injured, 0.0 passengers_killed, 0.0 pedestrian_injured, 0.0 pedestrian_killed, Fair (Night), EDSA Magallanes Interchange (SB) Makati",MMDA Road Safety Unit,,b01323e0-f059-4071-8c6a-d179199d35ea,2015-07-14,13:30:00,EDSA P. Burgos St. Makati,0,0,0,0,0,0,0,0,0,0,2015-07-14 21:30,Property,14.54679556,121.0248047,Rear-End
None,EDSA,None,None,"No Accident Factor, Angle Impact, 0.0 drivers_injured, 0.0 drivers_killed, 0.0 passengers_injured, 0.0 passengers_killed, 0.0 pedestrian_injured, 0.0 pedestrian_killed, Fair (Night), EDSA Harvard St.  Makati",MMDA Road Safety Unit,,4bc99414-b4b3-4bf7-bb98-2902a766ac36,2015-07-14,12:00:00,EDSA MRT Magallanes (NB) Makati,0,0,0,0,0,0,0,0,0,0,2015-07-14 20:00,Property,14.55920138,121.0400581,Angle Impact
None,EDSA,None,None,"No Accident Factor, Rear-end, 0.0 drivers_injured, 0.0 drivers_killed, 0.0 passengers_injured, 0.0 passengers_killed, 0.0 pedestrian_injured, 0.0 pedestrian_killed, Fair (Day), EDSA Evangelista St. Makati",MMDA Road Safety Unit,,2e421c2f-1e8d-4fbc-9c18-ff3b15686ab7,2015-07-14,00:20:00,EDSA Evangelista St. Makati,0,0,0,0,0,0,0,0,0,0,2015-07-14 8:20,Property,14.53906878,121.012324,Rear-End
None,EDSA,None,None,"No Accident Factor, Rear-end, 0.0 drivers_injured, 0.0 drivers_killed, 0.0 passengers_injured, 0.0 passengers_killed, 0.0 pedestrian_injured, 0.0 pedestrian_killed, Fair (Day), EDSA Ayala (SB)  Makati",MMDA Road Safety Unit,,f821932c-1ef7-425c-96fa-743f2c7f0079,2015-07-13,06:40:00,EDSA Buendia Ave. Exit Makati,0,0,0,0,0,0,0,0,0,0,2015-07-13 14:40,Property,14.5503157,121.0293627,Rear-End
None,EDSA,None,None,"No Accident Factor, Rear-end, 0.0 drivers_injured, 0.0 drivers_killed, 0.0 passengers_injured, 0.0 passengers_killed, 0.0 pedestrian_injured, 0.0 pedestrian_killed, Fair (Day), EDSA Cloverleaf  Makati",MMDA Road Safety Unit,,19aa1ba2-7a86-4a0e-8dfe-c8f772ed9c2e,2015-07-13,00:20:00,EDSA MRT-Buendia Station Makati,0,0,0,0,0,0,0,0,0,0,2015-07-13 8:20,Property,14.56711033,121.0456449,Rear-End
None,EDSA,None,None,"No Accident Factor, Side Swipe, 0.0 drivers_injured, 0.0 drivers_killed, 0.0 passengers_injured, 0.0 passengers_killed, 0.0 pedestrian_injured, 0.0 pedestrian_killed, Fair (Night), EDSA Kalayaan Ave. Makati",MMDA Road Safety Unit,,b2c569ae-2a23-42b3-9931-3fc3b2cd65ab,2015-07-10,13:30:00,"EDSA ""U"" turn slot, Buendia Ave. Makati",0,0,0,0,0,0,0,0,0,0,2015-07-10 21:30,Property,14.55767933,121.038147,Side Swipe
None,EDSA,None,None,"No Accident Factor, Side Swipe, 0.0 drivers_injured, 0.0 drivers_killed, 0.0 passengers_injured, 0.0 passengers_killed, 0.0 pedestrian_injured, 0.0 pedestrian_killed, Fair (Night), EDSA Ayala (SB)  Makati",MMDA Road Safety Unit,,0ebcf034-1c26-4be4-ad75-9d1bc2033dbf,2015-07-10,13:00:00,EDSA Ayala  Makati,0,0,0,0,0,0,0,0,0,0,2015-07-10 21:00,Property,14.5503157,121.0293627,Side Swipe
None,EDSA,None,None,"No Accident Factor, Side Swipe, 0.0 drivers_injured, 0.0 drivers_killed, 0.0 passengers_injured, 0.0 passengers_killed, 0.0 pedestrian_injured, 0.0 pedestrian_killed, Fair (Day), EDSA Estrella (SB)  Makati",MMDA Road Safety Unit,,89f34a44-05a2-41bd-88c7-46cc65cf7c64,2015-07-10,08:20:00,EDSA Orense St. Makati,0,0,0,0,0,0,0,0,0,0,2015-07-10 16:20,Property,14.56004326,121.0411034,Side Swipe
None,EDSA,None,None,"No Accident Factor, Side Swipe, 0.0 drivers_injured, 0.0 drivers_killed, 2.0 passengers_injured, 0.0 passengers_killed, 0.0 pedestrian_injured, 0.0 pedestrian_killed, Fair (Night), EDSA Kalayaan (NB)  Makati",MMDA Road Safety Unit,,c7a1d2b1-6dd6-4d12-a7f6-1b521f6daeec,2015-07-08,14:30:00,EDSA Magallanes Loading Bay  Makati,0,0,0,0,2,0,0,0,0,2,2015-07-08 22:30,Injury,14.55756121,121.0378941,Side Swipe
None,EDSA,None,None,"No Accident Factor, Angle Impact, 0.0 drivers_injured, 0.0 drivers_killed, 0.0 passengers_injured, 0.0 passengers_killed, 0.0 pedestrian_injured, 0.0 pedestrian_killed, Fair (Day), EDSA Ayala Center Makati",MMDA Road Safety Unit,,63c6652e-0c34-4282-8768-7954fac62d6e,2015-07-07,08:00:00,EDSA A. Arnaiz Ave. Makati,0,0,0,0,0,0,0,0,0,0,2015-07-07 16:00,Property,14.55038075,121.0294773,Angle Impact
None,EDSA,None,None,"No Accident Factor, Rear-end, 0.0 drivers_injured, 0.0 drivers_killed, 0.0 passengers_injured, 0.0 passengers_killed, 0.0 pedestrian_injured, 0.0 pedestrian_killed, Fair (Day), EDSA Guadalupe Bridge (NB)  Makati",MMDA Road Safety Unit,,a1aa18e2-c9bd-4167-83f6-725d6767fc69,2015-07-04,07:50:00,EDSA Kalayaan (SB)  Makati,0,0,0,0,0,0,0,0,0,0,2015-07-04 15:50,Property,14.56846648,121.0458404,Rear-End
None,EDSA,None,None,"No Accident Factor, Side Swipe, 0.0 drivers_injured, 0.0 drivers_killed, 0.0 passengers_injured, 0.0 passengers_killed, 0.0 pedestrian_injured, 0.0 pedestrian_killed, Fair (Day), EDSA Estrella (NB)  Makati",MMDA Road Safety Unit,,85e65093-f191-4d52-a464-8ebf0cf86d6b,2015-07-04,04:00:00,EDSA South Super Highway (NB) Makati,0,0,0,0,0,0,0,0,0,0,2015-07-04 12:00,Property,14.56004326,121.0411034,Side Swipe
None,EDSA,None,None,"No Accident Factor, No Collision Stated (based on Police Blotter Book), 0.0 drivers_injured, 0.0 drivers_killed, 0.0 passengers_injured, 0.0 passengers_killed, 0.0 pedestrian_injured, 0.0 pedestrian_killed, Fair (Night), EDSA Orense (NB)  Makati",MMDA Road Safety Unit,,fb6fd206-43d2-4ee7-9ef7-a85c7c700853,2015-07-03,10:00:00,EDSA Shell Gas Station Estrella Makati,0,0,0,0,0,0,0,0,0,0,2015-07-03 18:00,Property,14.56156378,121.0428336,No Collision Stated
None,EDSA,None,None,"No Accident Factor, Side Swipe, 0.0 drivers_injured, 0.0 drivers_killed, 0.0 passengers_injured, 0.0 passengers_killed, 0.0 pedestrian_injured, 0.0 pedestrian_killed, Fair (Day), EDSA Ayala Ave. (NB)  Makati",MMDA Road Safety Unit,,17fd4767-492b-46c8-a325-9b486807a9a7,2015-07-03,09:30:00,EDSA Lapu-Lapu St.  Makati,0,0,0,0,0,0,0,0,0,0,2015-07-03 17:30,Property,14.5503157,121.0293627,Side Swipe
None,EDSA,None,None,"No Accident Factor, Rear-end, 0.0 drivers_injured, 0.0 drivers_killed, 0.0 passengers_injured, 0.0 passengers_killed, 0.0 pedestrian_injured, 0.0 pedestrian_killed, Fair (Day), EDSA Ayala Dasmarinas Village  Makati",MMDA Road Safety Unit,,dd87a944-ad68-4d7b-b4de-2d069fddcf3c,2015-07-03,03:20:00,EDSA Magallanes Loading Bay (SB)  Makati,0,0,0,0,0,0,0,0,0,0,2015-07-03 11:20,Property,14.55033269,121.0294777,Rear-End
None,EDSA,None,None,"No Accident Factor, Rear-end, 0.0 drivers_injured, 0.0 drivers_killed, 0.0 passengers_injured, 0.0 passengers_killed, 0.0 pedestrian_injured, 0.0 pedestrian_killed, Fair (Night), EDSA Magallanes Interchange Makati",MMDA Road Safety Unit,,eb4b3637-0df9-43d6-90eb-3d1d8935d7e8,2015-07-02,11:30:00,EDSA A. Arnaiz Ave. Makati,0,0,0,0,0,0,0,0,0,0,2015-07-02 19:30,Property,14.54679556,121.0248047,Rear-End
None,EDSA,None,None,"No Accident Factor, Rear-end, 0.0 drivers_injured, 0.0 drivers_killed, 0.0 passengers_injured, 0.0 passengers_killed, 0.0 pedestrian_injured, 0.0 pedestrian_killed, Fair (Day), EDSA J.P. Rizal Ave. Makati",MMDA Road Safety Unit,,7728c88e-6d49-478e-8b9f-6604d9f44b52,2015-07-01,23:20:00,EDSA MRT-Buendia Station Makati,0,0,0,0,0,0,0,0,0,0,2015-07-02 7:20,Property,14.56801365,121.045729,Rear-End
None,EDSA,None,None,"No Accident Factor, Side Swipe, 0.0 drivers_injured, 0.0 drivers_killed, 0.0 passengers_injured, 0.0 passengers_killed, 0.0 pedestrian_injured, 0.0 pedestrian_killed, Fair (Night), EDSA Evangelista St. Makati",MMDA Road Safety Unit,,4a8cc786-1960-427b-bb11-60bcc4f78a68,2015-07-01,13:05:00,EDSA Orense St. Makati,0,0,0,0,0,0,0,0,0,0,2015-07-01 21:05,Property,14.53906878,121.012324,Side Swipe
None,EDSA,None,None,"No Accident Factor, Side Swipe, 0.0 drivers_injured, 0.0 drivers_killed, 0.0 passengers_injured, 0.0 passengers_killed, 0.0 pedestrian_injured, 0.0 pedestrian_killed, Fair (Day), EDSA Ayala (NB)  Makati",MMDA Road Safety Unit,,75c3502f-7c68-4580-b0ef-d9172cbf9355,2015-07-01,09:30:00,EDSA Ayala (SB)  Makati,0,0,0,0,0,0,0,0,0,0,2015-07-01 17:30,Property,14.55022041,121.0294622,Side Swipe
None,EDSA,None,None,"No Accident Factor, Side Swipe, 0.0 drivers_injured, 0.0 drivers_killed, 0.0 passengers_injured, 0.0 passengers_killed, 0.0 pedestrian_injured, 0.0 pedestrian_killed, Fair (Day), EDSA Ayala Ave. Makati",MMDA Road Safety Unit,,34195c1f-7337-4915-86bc-ae7c4ccb2127,2015-07-01,06:30:00,EDSA Estrella (SB)  Makati,0,0,0,0,0,0,0,0,0,0,2015-07-01 14:30,Property,14.5503157,121.0293627,Side Swipe
None,EDSA,None,None,"No Accident Factor, Side Swipe, 0.0 drivers_injured, 0.0 drivers_killed, 0.0 passengers_injured, 0.0 passengers_killed, 0.0 pedestrian_injured, 0.0 pedestrian_killed, Fair (Day), EDSA Rockwell (SB)  Makati",MMDA Road Safety Unit,,edbc7a92-f5f0-4887-bb84-939bd7b08b63,2015-07-01,05:20:00,EDSA Buendia Ave. Makati,0,0,0,0,0,0,0,0,0,0,2015-07-01 13:20,Property,14.56005542,121.0407183,Side Swipe
None,EDSA,None,None,"No Accident Factor, Side Swipe, 0.0 drivers_injured, 0.0 drivers_killed, 0.0 passengers_injured, 0.0 passengers_killed, 0.0 pedestrian_injured, 0.0 pedestrian_killed, Fair (Day), EDSA Harvard St.  Makati",MMDA Road Safety Unit,,fb247096-1a09-4608-8f79-30ebeba4c33a,2015-06-30,06:15:00,EDSA Mc Kinley Road Makati,0,0,0,0,0,0,0,0,0,0,2015-06-30 14:15,Property,14.55920138,121.0400581,Side Swipe
None,EDSA,None,None,"No Accident Factor, Rear-end, 0.0 drivers_injured, 0.0 drivers_killed, 0.0 passengers_injured, 0.0 passengers_killed, 0.0 pedestrian_injured, 0.0 pedestrian_killed, Fair (Day), EDSA J.P. Rizal Ave., Guadalupe Cloverleaf Makati",MMDA Road Safety Unit,,ffc27a75-d743-4a8e-83f4-7c78e0135047,2015-06-30,01:30:00,EDSA Guadalupe Bridge (SB) Makati,0,0,0,0,0,0,0,0,0,0,2015-06-30 9:30,Property,14.56801365,121.045729,Rear-End
None,EDSA,None,None,"No Accident Factor, Rear-end, 0.0 drivers_injured, 0.0 drivers_killed, 0.0 passengers_injured, 0.0 passengers_killed, 0.0 pedestrian_injured, 0.0 pedestrian_killed, Fair (Day), EDSA BPI Bank, Magallanes Makati",MMDA Road Safety Unit,,45c7ae93-ec44-43d1-964d-261dc7648b69,2015-06-29,07:15:00,EDSA Mc Kinley Access Road Makati,0,0,0,0,0,0,0,0,0,0,2015-06-29 15:15,Property,14.53947904,121.0152031,Rear-End