LOCATION_TEXT,ROAD,WEATHER,LIGHT,DESC,REPORTING_AGENCY,MAIN_CAUSE,INCIDENTDETAILS_ID,DATE_UTC,TIME_UTC,ADDRESS,killed_driver,killed_passenger,killed_pedestrian,injured_driver,injured_passenger,injured_pedestrian,killed_uncategorized,injured_uncategorized,killed_total,injured_total,DATETIME_PST,SEVERITY,Y,X,COLLISION_TYPE
None,EDSA,None,None,"No Accident Factor, Side Swipe, 0.0 drivers_injured, 0.0 drivers_killed, 0.0 passengers_injured, 0.0 passengers_killed, 0.0 pedestrian_injured, 0.0 pedestrian_killed, Fair (Day), EDSA Chino Roces Ave. Exit Makati",MMDA Road Safety Unit,,68212fac-9e9b-4372-85c1-c02bf7c06891,2015-06-29,04:25:00,EDSA Estrella (SB)  Makati,0,0,0,0,0,0,0,0,0,0,2015-06-29 12:25,Property,14.54117334,121.0183458,Side Swipe
None,EDSA,None,None,"No Accident Factor, Side Swipe, 0.0 drivers_injured, 0.0 drivers_killed, 0.0 passengers_injured, 0.0 passengers_killed, 0.0 pedestrian_injured, 0.0 pedestrian_killed, Fair (Night), EDSA A. Arnaiz Ave. Makati",MMDA Road Safety Unit,,44a6e053-ddfc-4fc1-bbf1-1e8af2e0b572,2015-06-25,17:00:00,EDSA Pasay Road Makati,0,0,0,0,0,0,0,0,0,0,2015-06-26 1:00,Property,14.54734176,121.0262804,Side Swipe
None,EDSA,None,None,"No Accident Factor, Angle Impact, 0.0 drivers_injured, 0.0 drivers_killed, 0.0 passengers_injured, 0.0 passengers_killed, 0.0 pedestrian_injured, 0.0 pedestrian_killed, Fair (Day), EDSA Lapu Lapu St. Makati",MMDA Road Safety Unit,,23924ef4-d85c-4c93-a312-cb7e230e57e9,2015-06-25,08:30:00,EDSA Kalayaan Ave. Makati,0,0,0,0,0,0,0,0,0,0,2015-06-25 16:30,Property,14.53968935,121.0155717,Angle Impact
None,EDSA,None,None,"No Accident Factor, No Collision Stated (based on Police Blotter Book), 0.0 drivers_injured, 0.0 drivers_killed, 0.0 passengers_injured, 0.0 passengers_killed, 0.0 pedestrian_injured, 0.0 pedestrian_killed, Fair (Night), EDSA Ayala  Makati",MMDA Road Safety Unit,,1e52f4ad-ffad-420a-9f3e-7391bc3a4d44,2015-06-23,13:00:00,EDSA Ayala Ave. Makati,0,0,0,0,0,0,0,0,0,0,2015-06-23 21:00,Property,14.55022041,121.0294622,No Collision Stated
None,EDSA,None,None,"No Accident Factor, Rear-end, 0.0 drivers_injured, 0.0 drivers_killed, 0.0 passengers_injured, 0.0 passengers_killed, 0.0 pedestrian_injured, 0.0 pedestrian_killed, Fair (Day), EDSA Magallanes Interchange Makati",MMDA Road Safety Unit,,d25483fd-6ec8-42da-8eac-cd8cc9f41068,2015-06-23,02:30:00,EDSA Magallanes Ave.  Makati,0,0,0,0,0,0,0,0,0,0,2015-06-23 10:30,Property,14.54679556,121.0248047,Rear-End
None,EDSA,None,None,"No Accident Factor, Side Swipe, 0.0 drivers_injured, 0.0 drivers_killed, 0.0 passengers_injured, 0.0 passengers_killed, 0.0 pedestrian_injured, 0.0 pedestrian_killed, Fair (Day), EDSA Magallanes Interchange  Makati",MMDA Road Safety Unit,,a31a908f-862d-476b-8fd8-2ce64421b23b,2015-06-22,23:00:00,EDSA Ayala Ave. Makati,0,0,0,0,0,0,0,0,0,0,2015-06-23 7:00,Property,14.54679556,121.0248047,Side Swipe
None,EDSA,None,None,"No Accident Factor, Side Swipe, 0.0 drivers_injured, 0.0 drivers_killed, 0.0 passengers_injured, 0.0 passengers_killed, 0.0 pedestrian_injured, 0.0 pedestrian_killed, Fair (Day), EDSA P. Burgos St. Makati",MMDA Road Safety Unit,,8fec7b4b-8d20-4093-872c-1922998375a7,2015-06-20,02:15:00,EDSA Estrella (SB)  Makati,0,0,0,0,0,0,0,0,0,0,2015-06-20 10:15,Property,14.5655887,121.0452425,Side Swipe
None,EDSA,None,None,"No Accident Factor, Rear-end, 0.0 drivers_injured, 0.0 drivers_killed, 0.0 passengers_injured, 0.0 passengers_killed, 0.0 pedestrian_injured, 0.0 pedestrian_killed, Fair (Day), EDSA MRT Magallanes (NB) Makati",MMDA Road Safety Unit,,90d82f23-339c-49d8-8c3f-6688bfc2791f,2015-06-20,00:50:00,EDSA Mc Kinley St.  Makati,0,0,0,0,0,0,0,0,0,0,2015-06-20 8:50,Property,14.54200463,121.0193373,Rear-End
None,EDSA,None,None,"No Accident Factor, Side Swipe, 0.0 drivers_injured, 0.0 drivers_killed, 0.0 passengers_injured, 0.0 passengers_killed, 0.0 pedestrian_injured, 0.0 pedestrian_killed, Fair (Night), EDSA Evangelista St. Makati",MMDA Road Safety Unit,,bf1417fb-33a4-4337-b1c9-1dc89d28cc82,2015-06-19,13:00:00,EDSA Estrella (SB)  Makati,0,0,0,0,0,0,0,0,0,0,2015-06-19 21:00,Property,14.53906878,121.012324,Side Swipe
None,EDSA,None,None,"No Accident Factor, Side Swipe, 0.0 drivers_injured, 0.0 drivers_killed, 0.0 passengers_injured, 0.0 passengers_killed, 0.0 pedestrian_injured, 0.0 pedestrian_killed, Fair (Night), EDSA Buendia Ave. Exit Makati",MMDA Road Safety Unit,,e1ad3775-c3cd-4ce0-99cd-d3bb67f4829a,2015-06-17,13:30:00,"EDSA Lapu Lapu St., Magallanes Int. Makati",0,0,0,0,0,0,0,0,0,0,2015-06-17 21:30,Property,14.55489642,121.0348811,Side Swipe
None,EDSA,None,None,"No Accident Factor, Rear-end, 0.0 drivers_injured, 0.0 drivers_killed, 0.0 passengers_injured, 0.0 passengers_killed, 0.0 pedestrian_injured, 0.0 pedestrian_killed, Fair (Night), EDSA MRT-Buendia Station Makati",MMDA Road Safety Unit,,495783cb-8a26-43ff-8f28-6223dde2f876,2015-06-16,12:40:00,EDSA Ayala Ave. Makati,0,0,0,0,0,0,0,0,0,0,2015-06-16 20:40,Property,14.55426124,121.033876,Rear-End
None,EDSA,None,None,"No Accident Factor, Side Swipe, 0.0 drivers_injured, 0.0 drivers_killed, 0.0 passengers_injured, 0.0 passengers_killed, 0.0 pedestrian_injured, 0.0 pedestrian_killed, Fair (Night), EDSA ""U"" turn slot, Buendia Ave. Makati",MMDA Road Safety Unit,,ed8cb910-c93d-4bae-9661-a31186e8c749,2015-06-16,12:00:00,EDSA Estrella Loading Bay (SB) Makati,0,0,0,0,0,0,0,0,0,0,2015-06-16 20:00,Property,14.55541384,121.0354694,Side Swipe
None,EDSA,None,None,"No Accident Factor, Side Swipe, 0.0 drivers_injured, 0.0 drivers_killed, 0.0 passengers_injured, 0.0 passengers_killed, 0.0 pedestrian_injured, 0.0 pedestrian_killed, Fair (Day), EDSA Ayala  Makati",MMDA Road Safety Unit,,f14fb1ca-9c76-4cb8-80a2-b535a4f4b728,2015-06-16,08:00:00,EDSA Estrella (SB) Makati,0,0,0,0,0,0,0,0,0,0,2015-06-16 16:00,Property,14.55022041,121.0294622,Side Swipe
None,EDSA,None,None,"No Accident Factor, Rear-end, 0.0 drivers_injured, 0.0 drivers_killed, 0.0 passengers_injured, 0.0 passengers_killed, 0.0 pedestrian_injured, 0.0 pedestrian_killed, Fair (Night), EDSA Orense St. Makati",MMDA Road Safety Unit,,8b2556f6-f1b4-43c8-9621-2eabf740983d,2015-06-14,13:30:00,EDSA Pasay Road (SB) Makati,0,0,0,0,0,0,0,0,0,0,2015-06-14 21:30,Property,14.56156378,121.0428336,Rear-End
None,EDSA,None,None,"No Accident Factor, Hit and Run (Rear-end), 0.0 drivers_injured, 0.0 drivers_killed, 0.0 passengers_injured, 0.0 passengers_killed, 0.0 pedestrian_injured, 0.0 pedestrian_killed, Fair (Night), EDSA Magallanes Loading Bay  Makati",MMDA Road Safety Unit,,084d28b9-79b4-43db-a94b-1c8cc51dc6d7,2015-06-11,14:30:00,EDSA Buendia Innerlane (SB) Makati,0,0,0,0,0,0,0,0,0,0,2015-06-11 22:30,Property,14.54402536,121.021754,Rear-End
None,EDSA,None,None,"No Accident Factor, Rear-end, 0.0 drivers_injured, 0.0 drivers_killed, 0.0 passengers_injured, 0.0 passengers_killed, 0.0 pedestrian_injured, 0.0 pedestrian_killed, Fair (Day), EDSA A. Arnaiz Ave. Makati",MMDA Road Safety Unit,,481a9157-5698-4802-8240-fe88426fb7d8,2015-06-11,08:10:00,EDSA Magallanes Interchange (NB) Makati,0,0,0,0,0,0,0,0,0,0,2015-06-11 16:10,Property,14.54734176,121.0262804,Rear-End
None,EDSA,None,None,"No Accident Factor, Side Swipe, 0.0 drivers_injured, 0.0 drivers_killed, 0.0 passengers_injured, 0.0 passengers_killed, 0.0 pedestrian_injured, 0.0 pedestrian_killed, Fair (Day), EDSA Kalayaan (SB)  Makati",MMDA Road Safety Unit,,ec1b8eba-cea0-4e29-8dd8-81d09adb8dd2,2015-06-10,22:20:00,EDSA Ayala Ave. Makati,0,0,0,0,0,0,0,0,0,0,2015-06-11 6:20,Property,14.55756121,121.0378941,Side Swipe
None,EDSA,None,None,"No Accident Factor, No Collision Stated (based on Police Blotter Book), 0.0 drivers_injured, 0.0 drivers_killed, 0.0 passengers_injured, 0.0 passengers_killed, 0.0 pedestrian_injured, 0.0 pedestrian_killed, Fair (Night), EDSA South Super Highway (NB) Makati",MMDA Road Safety Unit,,8b9e23bf-2913-4c0d-9988-b166e2f3971d,2015-06-10,12:00:00,EDSA Harvard St. Makati,0,0,0,0,0,0,0,0,0,0,2015-06-10 20:00,Property,14.54054957,121.016932,No Collision Stated
None,EDSA,None,None,"No Accident Factor, Angle Impact, 0.0 drivers_injured, 0.0 drivers_killed, 0.0 passengers_injured, 0.0 passengers_killed, 0.0 pedestrian_injured, 0.0 pedestrian_killed, Fair (Day), EDSA Shell Gas Station Estrella  Makati",MMDA Road Safety Unit,,2859ca2e-c687-4a03-92a3-9c498ebb646a,2015-06-10,05:00:00,EDSA Estrella St. Makati,0,0,0,0,0,0,0,0,0,0,2015-06-10 13:00,Property,14.5600892,121.041222,Angle Impact
None,EDSA,None,None,"No Accident Factor, No Collision Stated (based on Police Blotter Book), 0.0 drivers_injured, 0.0 drivers_killed, 0.0 passengers_injured, 0.0 passengers_killed, 0.0 pedestrian_injured, 0.0 pedestrian_killed, Fair (Day), EDSA Lapu-Lapu St.  Makati",MMDA Road Safety Unit,,e0e23990-992f-46de-9ab1-875ff727c66c,2015-06-09,02:45:00,EDSA South Superhighway  Makati,0,0,0,0,0,0,0,0,0,0,2015-06-09 10:45,Property,14.53968935,121.0155717,No Collision Stated
None,EDSA,None,None,"No Accident Factor, No Collision Stated (based on Police Blotter Book), 0.0 drivers_injured, 0.0 drivers_killed, 1.0 passengers_injured, 0.0 passengers_killed, 0.0 pedestrian_injured, 0.0 pedestrian_killed, Fair (Day), EDSA Magallanes Loading Bay (SB)  Makati",MMDA Road Safety Unit,,baa8fae2-fc37-415c-8e75-28051e0d6652,2015-06-08,09:30:00,EDSA Ayala Ave. Makati,0,0,0,0,1,0,0,0,0,1,2015-06-08 17:30,Injury,14.54402536,121.021754,No Collision Stated
None,EDSA,None,None,"No Accident Factor, Side Swipe, 0.0 drivers_injured, 0.0 drivers_killed, 0.0 passengers_injured, 0.0 passengers_killed, 0.0 pedestrian_injured, 0.0 pedestrian_killed, Fair (Day), EDSA A. Arnaiz Ave. Makati",MMDA Road Safety Unit,,1d20b2e5-873b-4958-8760-b64d699993b0,2015-06-06,06:20:00,EDSA Ayala Ave. Makati,0,0,0,0,0,0,0,0,0,0,2015-06-06 14:20,Property,14.54734176,121.0262804,Side Swipe
None,EDSA,None,None,"No Accident Factor, No Collision Stated (based on Police Blotter Book), 0.0 drivers_injured, 0.0 drivers_killed, 0.0 passengers_injured, 0.0 passengers_killed, 0.0 pedestrian_injured, 0.0 pedestrian_killed, Fair (Day), EDSA MRT-Buendia Station Makati",MMDA Road Safety Unit,,accf9e0a-b91e-48b4-94d1-172582a95453,2015-06-05,01:45:00,EDSA Harvard St. Makati,0,0,0,0,0,0,0,0,0,0,2015-06-05 9:45,Property,14.55426124,121.033876,No Collision Stated
None,EDSA,None,None,"No Accident Factor, Side Swipe, 0.0 drivers_injured, 0.0 drivers_killed, 0.0 passengers_injured, 0.0 passengers_killed, 0.0 pedestrian_injured, 0.0 pedestrian_killed, Fair (Day), EDSA Orense St. Makati",MMDA Road Safety Unit,,5b181694-9729-4faa-8708-6010bb41abfd,2015-06-05,00:35:00,EDSA McKinley Road Makati,0,0,0,0,0,0,0,0,0,0,2015-06-05 8:35,Property,14.56156378,121.0428336,Side Swipe
None,EDSA,None,None,"No Accident Factor, Rear-end, 0.0 drivers_injured, 0.0 drivers_killed, 0.0 passengers_injured, 0.0 passengers_killed, 0.0 pedestrian_injured, 0.0 pedestrian_killed, Fair (Day), EDSA Ayala (SB)  Makati",MMDA Road Safety Unit,,ae4b4824-e4e0-4ff2-b38d-f6c2c0ec730b,2015-06-04,05:00:00,EDSA Mrt Magallanes Station (NB) Makati,0,0,0,0,0,0,0,0,0,0,2015-06-04 13:00,Property,14.5503157,121.0293627,Rear-End
None,EDSA,None,None,"No Accident Factor, Rear-end, 0.0 drivers_injured, 0.0 drivers_killed, 0.0 passengers_injured, 0.0 passengers_killed, 0.0 pedestrian_injured, 0.0 pedestrian_killed, Fair (Day), EDSA Estrella (SB)  Makati",MMDA Road Safety Unit,,c2903fad-7ce2-4dc6-b2e5-1688fceee738,2015-06-04,00:35:00,EDSA Ayala Ave. Makati,0,0,0,0,0,0,0,0,0,0,2015-06-04 8:35,Property,14.56004326,121.0411034,Rear-End
None,EDSA,None,None,"No Accident Factor, Rear-end, 1.0 drivers_injured, 0.0 drivers_killed, 0.0 passengers_injured, 0.0 passengers_killed, 0.0 pedestrian_injured, 0.0 pedestrian_killed, Fair (Night), EDSA Buendia Ave. Makati",MMDA Road Safety Unit,,99ebe5fd-4cf8-4c3b-a714-2dba858051b9,2015-06-03,14:20:00,EDSA Chino Roces Ave. Makati,0,0,0,1,0,0,0,0,0,1,2015-06-03 22:20,Injury,14.55516134,121.0349756,Rear-End
None,EDSA,None,None,"No Accident Factor, Hit and Run (Rear-end), 0.0 drivers_injured, 0.0 drivers_killed, 0.0 passengers_injured, 0.0 passengers_killed, 0.0 pedestrian_injured, 0.0 pedestrian_killed, Fair (Night), EDSA Mc Kinley Road Makati",MMDA Road Safety Unit,,ee775f37-c620-4705-bc20-c64ee3aaeaa9,2015-06-03,12:50:00,"EDSA Magallanes, South Luzon Super Highway (NB) Makati",0,0,0,0,0,0,0,0,0,0,2015-06-03 20:50,Property,14.5501403,121.0294629,Rear-End
None,EDSA,None,None,"No Accident Factor, Rear-end, 0.0 drivers_injured, 0.0 drivers_killed, 0.0 passengers_injured, 0.0 passengers_killed, 0.0 pedestrian_injured, 0.0 pedestrian_killed, Fair (Day), EDSA Guadalupe Bridge (SB) Makati",MMDA Road Safety Unit,,03cf1d4d-e05f-4626-8c61-7a10ee8139f4,2015-06-03,07:50:00,EDSA Mc Kinley Access Road Makati,0,0,0,0,0,0,0,0,0,0,2015-06-03 15:50,Property,14.56846648,121.0458404,Rear-End
None,EDSA,None,None,"No Accident Factor, Side Swipe, 0.0 drivers_injured, 0.0 drivers_killed, 0.0 passengers_injured, 0.0 passengers_killed, 0.0 pedestrian_injured, 0.0 pedestrian_killed, Fair (Day), EDSA Mc Kinley Access Road Makati",MMDA Road Safety Unit,,9583c7a0-3400-4f0b-a67a-a217341d39cc,2015-06-03,05:30:00,EDSA Mrt Buendia Station (SB) Makati,0,0,0,0,0,0,0,0,0,0,2015-06-03 13:30,Property,14.5501403,121.0294629,Side Swipe
None,EDSA,None,None,"No Accident Factor, Rear-end, 0.0 drivers_injured, 0.0 drivers_killed, 0.0 passengers_injured, 0.0 passengers_killed, 0.0 pedestrian_injured, 0.0 pedestrian_killed, Fair (Day), EDSA Estrella (SB)  Makati",MMDA Road Safety Unit,,af155efa-88ce-4bc8-978e-3a4ce82d3c42,2015-06-03,05:20:00,EDSA Capt. Rodriguez Ave. Makati,0,0,0,0,0,0,0,0,0,0,2015-06-03 13:20,Property,14.56004326,121.0411034,Rear-End
None,EDSA,None,None,"No Accident Factor, Rear-end, 0.0 drivers_injured, 0.0 drivers_killed, 0.0 passengers_injured, 0.0 passengers_killed, 0.0 pedestrian_injured, 0.0 pedestrian_killed, Fair (Day), EDSA Pasay Road Makati",MMDA Road Safety Unit,,9a500b64-e35a-4799-9177-76a772524ab5,2015-06-03,03:30:00,EDSA A. Arnaiz Ave. Makati,0,0,0,0,0,0,0,0,0,0,2015-06-03 11:30,Property,14.54758327,121.025974,Rear-End
None,EDSA,None,None,"No Accident Factor, Side Swipe, 0.0 drivers_injured, 0.0 drivers_killed, 0.0 passengers_injured, 0.0 passengers_killed, 0.0 pedestrian_injured, 0.0 pedestrian_killed, Fair (Day), EDSA Kalayaan Ave. Makati",MMDA Road Safety Unit,,5c237063-aeff-431d-aa31-7953b7471c2c,2015-05-30,02:30:00,EDSA A. Arnaiz Ave. Makati,0,0,0,0,0,0,0,0,0,0,2015-05-30 10:30,Property,14.55767933,121.038147,Side Swipe
None,EDSA,None,None,"No Accident Factor, Multiple Collision, 0.0 drivers_injured, 0.0 drivers_killed, 1.0 passengers_injured, 0.0 passengers_killed, 0.0 pedestrian_injured, 0.0 pedestrian_killed, Fair (Day), EDSA Ayala Ave. Makati",MMDA Road Safety Unit,,e8f05dfb-ec7c-4ed7-8f5d-932b248280de,2015-05-29,23:15:00,"EDSA Magallanes, South Luzon Super Highway Makati",0,0,0,0,1,0,0,0,0,1,2015-05-30 7:15,Injury,14.5503157,121.0293627,Multiple
None,EDSA,None,None,"No Accident Factor, Rear-end, 0.0 drivers_injured, 0.0 drivers_killed, 0.0 passengers_injured, 0.0 passengers_killed, 0.0 pedestrian_injured, 0.0 pedestrian_killed, Fair (Night), EDSA Magallanes Ave.  Makati",MMDA Road Safety Unit,,979085d1-4fdb-4605-90e8-5eacc8022e3e,2015-05-29,17:00:00,EDSA Pasong Tamo Exit Makati,0,0,0,0,0,0,0,0,0,0,2015-05-30 1:00,Property,14.53924572,121.0142961,Rear-End
None,EDSA,None,None,"No Accident Factor, Side Swipe, 0.0 drivers_injured, 0.0 drivers_killed, 0.0 passengers_injured, 0.0 passengers_killed, 0.0 pedestrian_injured, 0.0 pedestrian_killed, Fair (Day), EDSA Ayala Ave. Makati",MMDA Road Safety Unit,,5ecff441-1bb4-40d3-ac98-b13c0b39bd6c,2015-05-28,01:25:00,EDSA Guadalupe MRT Station  Makati,0,0,0,0,0,0,0,0,0,0,2015-05-28 9:25,Property,14.5503157,121.0293627,Side Swipe
None,EDSA,None,None,"No Accident Factor, Side Swipe, 0.0 drivers_injured, 0.0 drivers_killed, 0.0 passengers_injured, 0.0 passengers_killed, 0.0 pedestrian_injured, 0.0 pedestrian_killed, Fair (Day), EDSA Estrella (SB)  Makati",MMDA Road Safety Unit,,938ff222-0ed1-4b29-a09e-2ce5063f9ec0,2015-05-27,04:35:00,EDSA McKinley Road Makati,0,0,0,0,0,0,0,0,0,0,2015-05-27 12:35,Property,14.56004326,121.0411034,Side Swipe
None,EDSA,None,None,"No Accident Factor, Rear-end, 0.0 drivers_injured, 0.0 drivers_killed, 0.0 passengers_injured, 0.0 passengers_killed, 0.0 pedestrian_injured, 0.0 pedestrian_killed, Fair (Day), EDSA Mc Kinley St.  Makati",MMDA Road Safety Unit,,7181cd48-bcbc-4c3f-9435-2e00e16f1daf,2015-05-27,00:40:00,EDSA Agutaya St. Makati,0,0,0,0,0,0,0,0,0,0,2015-05-27 8:40,Property,14.5501403,121.0294629,Rear-End
None,EDSA,None,None,"No Accident Factor, Side Swipe, 0.0 drivers_injured, 0.0 drivers_killed, 0.0 passengers_injured, 0.0 passengers_killed, 0.0 pedestrian_injured, 0.0 pedestrian_killed, Fair (Day), EDSA Estrella (SB)  Makati",MMDA Road Safety Unit,,32f68609-1484-43e0-b0fe-406e9cb87605,2015-05-24,22:30:00,EDSA Kalayaan Ave. Makati,0,0,0,0,0,0,0,0,0,0,2015-05-25 6:30,Property,14.56004326,121.0411034,Side Swipe
None,EDSA,None,None,"No Accident Factor, Side Swipe, 0.0 drivers_injured, 0.0 drivers_killed, 0.0 passengers_injured, 0.0 passengers_killed, 0.0 pedestrian_injured, 0.0 pedestrian_killed, Fair (Day), EDSA Lapu Lapu St., Magallanes Int. Makati",MMDA Road Safety Unit,,104bbd80-f05e-47bb-a158-a6411e458f67,2015-05-23,23:30:00,EDSA Orense St. Makati,0,0,0,0,0,0,0,0,0,0,2015-05-24 7:30,Property,14.53968935,121.0155717,Side Swipe
None,EDSA,None,None,"No Accident Factor, Side Swipe, 0.0 drivers_injured, 0.0 drivers_killed, 0.0 passengers_injured, 0.0 passengers_killed, 0.0 pedestrian_injured, 0.0 pedestrian_killed, Fair (Night), EDSA Ayala Ave. Makati",MMDA Road Safety Unit,,f7fd68a4-5ebc-4546-99c2-00a103cd7260,2015-05-22,12:30:00,"EDSA ""U"" turn slot, Magallanes Interchange (beneath) Makati",0,0,0,0,0,0,0,0,0,0,2015-05-22 20:30,Property,14.5503157,121.0293627,Side Swipe
None,EDSA,None,None,"No Accident Factor, Side Swipe, 0.0 drivers_injured, 0.0 drivers_killed, 0.0 passengers_injured, 0.0 passengers_killed, 0.0 pedestrian_injured, 0.0 pedestrian_killed, Fair (Day), EDSA Estrella Loading Bay (SB) Makati",MMDA Road Safety Unit,,86f79ec0-e3cc-48ba-9e25-ba38933cbbea,2015-05-21,07:15:00,EDSA A. Arnaiza Ave. (Petron Gas Station) Makati,0,0,0,0,0,0,0,0,0,0,2015-05-21 15:15,Property,14.56049908,121.0415707,Side Swipe
None,EDSA,None,None,"No Accident Factor, Side Swipe, 0.0 drivers_injured, 0.0 drivers_killed, 0.0 passengers_injured, 0.0 passengers_killed, 0.0 pedestrian_injured, 0.0 pedestrian_killed, Fair (Day), EDSA Estrella (SB) Makati",MMDA Road Safety Unit,,d00133a7-c0eb-4519-abea-36c73c1d7248,2015-05-20,04:30:00,EDSA Orense St. Makati,0,0,0,0,0,0,0,0,0,0,2015-05-20 12:30,Property,14.56004326,121.0411034,Side Swipe
None,EDSA,None,None,"No Accident Factor, Multiple Collision, 0.0 drivers_injured, 0.0 drivers_killed, 0.0 passengers_injured, 0.0 passengers_killed, 0.0 pedestrian_injured, 0.0 pedestrian_killed, Fair (Day), EDSA Pasay Road (SB) Makati",MMDA Road Safety Unit,,d236ba3c-0751-4fd2-8244-c68ef7ae67ec,2015-05-20,00:35:00,EDSA Evangelista St. Makati,0,0,0,0,0,0,0,0,0,0,2015-05-20 8:35,Property,14.54751758,121.026218,Multiple
None,EDSA,None,None,"No Accident Factor, Rear-end, 0.0 drivers_injured, 0.0 drivers_killed, 0.0 passengers_injured, 0.0 passengers_killed, 0.0 pedestrian_injured, 0.0 pedestrian_killed, Fair (Day), EDSA Buendia Innerlane (SB) Makati",MMDA Road Safety Unit,,505f2c70-c53a-4a6e-8d1a-68c0d4475efb,2015-05-18,01:25:00,EDSA Lapu-Lapu St.  Makati,0,0,0,0,0,0,0,0,0,0,2015-05-18 9:25,Property,14.55510393,121.0348792,Rear-End
None,EDSA,None,None,"No Accident Factor, Side Swipe, 0.0 drivers_injured, 0.0 drivers_killed, 0.0 passengers_injured, 0.0 passengers_killed, 0.0 pedestrian_injured, 0.0 pedestrian_killed, Fair (Night), EDSA Magallanes Interchange (NB) Makati",MMDA Road Safety Unit,,2c301d9c-0d78-4192-bdc3-886bef94a7d8,2015-05-16,13:30:00,EDSA Evangelista St. Makati,0,0,0,0,0,0,0,0,0,0,2015-05-16 21:30,Property,14.54679556,121.0248047,Side Swipe
None,EDSA,None,None,"No Accident Factor, Angle Impact, 1.0 drivers_injured, 0.0 drivers_killed, 0.0 passengers_injured, 0.0 passengers_killed, 0.0 pedestrian_injured, 0.0 pedestrian_killed, Fair (Night), EDSA Ayala Ave. Makati",MMDA Road Safety Unit,,a0a51f13-f4e3-45da-a2b0-bf0a2d1be5d6,2015-05-16,12:30:00,"EDSA ""U"" turn slot, Magallanes Makati",0,0,0,1,0,0,0,0,0,1,2015-05-16 20:30,Injury,14.5503157,121.0293627,Angle Impact
None,EDSA,None,None,"No Accident Factor, Hit and Run (Side Swipe), 0.0 drivers_injured, 0.0 drivers_killed, 0.0 passengers_injured, 0.0 passengers_killed, 0.0 pedestrian_injured, 0.0 pedestrian_killed, Fair (Night), EDSA Harvard St. Makati",MMDA Road Safety Unit,,a98d2514-c68d-4a5b-bf60-6ff5037c419c,2015-05-15,11:30:00,EDSA Kalayaan Ave. Makati,0,0,0,0,0,0,0,0,0,0,2015-05-15 19:30,Property,14.55920138,121.0400581,Side Swipe
None,EDSA,None,None,"No Accident Factor, Side Swipe, 0.0 drivers_injured, 0.0 drivers_killed, 0.0 passengers_injured, 0.0 passengers_killed, 0.0 pedestrian_injured, 0.0 pedestrian_killed, Fair (Day), EDSA Estrella St. Makati",MMDA Road Safety Unit,,07b034b2-0118-4f52-a9f7-92a088a63bc4,2015-05-12,00:30:00,EDSA McKinley Road Makati,0,0,0,0,0,0,0,0,0,0,2015-05-12 8:30,Property,14.56004326,121.0411034,Side Swipe
None,EDSA,None,None,"No Accident Factor, Side Swipe, 0.0 drivers_injured, 0.0 drivers_killed, 0.0 passengers_injured, 0.0 passengers_killed, 0.0 pedestrian_injured, 0.0 pedestrian_killed, Fair (Day), EDSA South Superhighway  Makati",MMDA Road Safety Unit,,909434c1-4fc4-423c-ab15-281898d9442a,2015-05-09,02:30:00,EDSA J. P. Rizal Ave. Makati,0,0,0,0,0,0,0,0,0,0,2015-05-09 10:30,Property,14.54054957,121.016932,Side Swipe
None,EDSA,None,None,"No Accident Factor, Side Swipe, 0.0 drivers_injured, 0.0 drivers_killed, 0.0 passengers_injured, 0.0 passengers_killed, 0.0 pedestrian_injured, 0.0 pedestrian_killed, Fair (Night), EDSA Ayala Ave. Makati",MMDA Road Safety Unit,,e2b53a8b-6a97-401a-993a-9f061092d78e,2015-05-08,17:40:00,EDSA South Super Highway Service Road Makati,0,0,0,0,0,0,0,0,0,0,2015-05-09 1:40,Property,14.5503157,121.0293627,Side Swipe
None,EDSA,None,None,"No Accident Factor, Rear-end, 0.0 drivers_injured, 0.0 drivers_killed, 0.0 passengers_injured, 0.0 passengers_killed, 0.0 pedestrian_injured, 0.0 pedestrian_killed, Fair (Night), EDSA Ayala Ave. Makati",MMDA Road Safety Unit,,ad89c992-6e88-4ea6-a236-e4fd3c4296c3,2015-05-08,16:30:00,EDSA South Super Highway (NB) Makati,0,0,0,0,0,0,0,0,0,0,2015-05-09 0:30,Property,14.5503157,121.0293627,Rear-End
None,EDSA,None,None,"No Accident Factor, Side Swipe, 0.0 drivers_injured, 0.0 drivers_killed, 0.0 passengers_injured, 0.0 passengers_killed, 0.0 pedestrian_injured, 0.0 pedestrian_killed, Fair (Night), EDSA Harvard St. Makati",MMDA Road Safety Unit,,edd20707-4206-44b9-a54a-b59271e41139,2015-05-07,12:45:00,EDSA Evangelista St. Makati,0,0,0,0,0,0,0,0,0,0,2015-05-07 20:45,Property,14.55920138,121.0400581,Side Swipe
None,EDSA,None,None,"No Accident Factor, Rear-end, 0.0 drivers_injured, 0.0 drivers_killed, 0.0 passengers_injured, 0.0 passengers_killed, 0.0 pedestrian_injured, 0.0 pedestrian_killed, Fair (Day), EDSA McKinley Road Makati",MMDA Road Safety Unit,,c3d7e0cc-e51b-4203-95ec-e6356b13884c,2015-05-06,00:00:00,EDSA Taft Ave. Makati,0,0,0,0,0,0,0,0,0,0,2015-05-06 8:00,Property,14.55015688,121.0295286,Rear-End
None,EDSA,None,None,"No Accident Factor, Rear-end, 0.0 drivers_injured, 0.0 drivers_killed, 0.0 passengers_injured, 0.0 passengers_killed, 0.0 pedestrian_injured, 0.0 pedestrian_killed, Fair (Day), EDSA Mrt Magallanes Station (NB) Makati",MMDA Road Safety Unit,,fffe2e3d-d147-4d12-bf54-4dc3fba09327,2015-05-03,22:30:00,EDSA Estrella (SB)  Makati,0,0,0,0,0,0,0,0,0,0,2015-05-04 6:30,Property,14.54200463,121.0193373,Rear-End