LOCATION_TEXT,ROAD,WEATHER,LIGHT,DESC,REPORTING_AGENCY,MAIN_CAUSE,INCIDENTDETAILS_ID,DATE_UTC,TIME_UTC,ADDRESS,killed_driver,killed_passenger,killed_pedestrian,injured_driver,injured_passenger,injured_pedestrian,killed_uncategorized,injured_uncategorized,killed_total,injured_total,DATETIME_PST,SEVERITY,Y,X,COLLISION_TYPE
None,EDSA,None,None,"No Accident Factor, Angle Impact, 1.0 drivers_injured, 0.0 drivers_killed, 0.0 passengers_injured, 0.0 passengers_killed, 0.0 pedestrian_injured, 0.0 pedestrian_killed, Fair (Day), EDSA Ayala Ave. Makati",MMDA Road Safety Unit,,5f1da351-fe51-40a3-9072-515a943e3031,2015-05-03,01:50:00,EDSA Kalayaan Ave. Makati,0,0,0,1,0,0,0,0,0,1,2015-05-03 9:50,Injury,14.5503157,121.0293627,Angle Impact
None,EDSA,None,None,"No Accident Factor, No Collision Stated (based on Police Blotter Book), 0.0 drivers_injured, 0.0 drivers_killed, 3.0 passengers_injured, 0.0 passengers_killed, 0.0 pedestrian_injured, 0.0 pedestrian_killed, Fair (Night), EDSA Chino Roces Ave. Makati",MMDA Road Safety Unit,,ed3c7fec-c4a1-49c9-8e27-d55eb6b1a7b9,2015-05-01,13:30:00,EDSA Ayala Ave. Makati,0,0,0,0,3,0,0,0,0,3,2015-05-01 21:30,Injury,14.54117334,121.0183458,No Collision Stated
None,EDSA,None,None,"No Accident Factor, No Collision Stated (based on Police Blotter Book), 0.0 drivers_injured, 0.0 drivers_killed, 0.0 passengers_injured, 0.0 passengers_killed, 0.0 pedestrian_injured, 0.0 pedestrian_killed, Fair (Day), EDSA Magallanes, South Luzon Super Highway (NB) Makati",MMDA Road Safety Unit,,d134a6ed-107f-469f-b7d3-d2290b5ca114,2015-05-01,09:30:00,EDSA Evangelista St. Makati,0,0,0,0,0,0,0,0,0,0,2015-05-01 17:30,Property,14.54037338,121.01729,No Collision Stated
None,EDSA,None,None,"No Accident Factor, Side Swipe, 0.0 drivers_injured, 0.0 drivers_killed, 0.0 passengers_injured, 0.0 passengers_killed, 0.0 pedestrian_injured, 0.0 pedestrian_killed, Fair (Night), EDSA Mc Kinley Access Road Makati",MMDA Road Safety Unit,,5ef85cdf-56df-4446-9f8f-3c904dcdba24,2015-04-29,11:10:00,EDSA Evangelista St. Makati,0,0,0,0,0,0,0,0,0,0,2015-04-29 19:10,Property,14.5501403,121.0294629,Side Swipe
None,EDSA,None,None,"No Accident Factor, Side Swipe, 0.0 drivers_injured, 0.0 drivers_killed, 0.0 passengers_injured, 0.0 passengers_killed, 0.0 pedestrian_injured, 0.0 pedestrian_killed, Fair (Day), EDSA Mrt Buendia Station (SB) Makati",MMDA Road Safety Unit,,ec44dc2a-288a-4814-9842-fabf499a735b,2015-04-28,05:30:00,EDSA South Super Highway Service Road Makati,0,0,0,0,0,0,0,0,0,0,2015-04-28 13:30,Property,14.55426124,121.033876,Side Swipe
None,EDSA,None,None,"No Accident Factor, Side Swipe, 0.0 drivers_injured, 0.0 drivers_killed, 0.0 passengers_injured, 0.0 passengers_killed, 0.0 pedestrian_injured, 0.0 pedestrian_killed, Fair (Night), EDSA Capt. Rodriguez Ave. Makati",MMDA Road Safety Unit,,95f593fc-2811-404a-8b17-3c41b8b6a065,2015-04-27,11:00:00,EDSA A. Arnaiz Ave. Makati,0,0,0,0,0,0,0,0,0,0,2015-04-27 19:00,Property,14.53997181,121.0153274,Side Swipe
None,EDSA,None,None,"No Accident Factor, No Collision Stated (based on Police Blotter Book), 0.0 drivers_injured, 0.0 drivers_killed, 0.0 passengers_injured, 0.0 passengers_killed, 0.0 pedestrian_injured, 0.0 pedestrian_killed, Fair (Day), EDSA A. Arnaiz Ave. Makati",MMDA Road Safety Unit,,0fa9cda7-f88d-47d0-b406-0c263fcec69a,2015-04-26,06:10:00,EDSA A. Arnaiz Ave. Makati,0,0,0,0,0,0,0,0,0,0,2015-04-26 14:10,Property,14.54734176,121.0262804,No Collision Stated
None,EDSA,None,None,"No Accident Factor, Side Swipe, 0.0 drivers_injured, 0.0 drivers_killed, 0.0 passengers_injured, 0.0 passengers_killed, 0.0 pedestrian_injured, 0.0 pedestrian_killed, Fair (Day), EDSA A. Arnaiz Ave. Makati",MMDA Road Safety Unit,,91ad67cb-a365-4339-803f-67f78bff43a4,2015-04-26,06:00:00,EDSA Magallanes Interchange Makati,0,0,0,0,0,0,0,0,0,0,2015-04-26 14:00,Property,14.54734176,121.0262804,Side Swipe
None,EDSA,None,None,"No Accident Factor, Rear-end, 0.0 drivers_injured, 0.0 drivers_killed, 0.0 passengers_injured, 0.0 passengers_killed, 0.0 pedestrian_injured, 0.0 pedestrian_killed, Fair (Night), EDSA Magallanes, South Luzon Super Highway Makati",MMDA Road Safety Unit,,cc770410-b089-4c46-9633-c7ccf226a692,2015-04-24,10:55:00,EDSA Burgos St. Makati,0,0,0,0,0,0,0,0,0,0,2015-04-24 18:55,Property,14.54037338,121.01729,Rear-End
None,EDSA,None,None,"No Accident Factor, Side Swipe, 0.0 drivers_injured, 0.0 drivers_killed, 0.0 passengers_injured, 0.0 passengers_killed, 0.0 pedestrian_injured, 0.0 pedestrian_killed, Fair (Day), EDSA Pasong Tamo Exit Makati",MMDA Road Safety Unit,,33c7f973-a3ae-43be-b3da-e4e9ddb7dae9,2015-04-23,04:00:00,EDSA Estrella (SB) Footbridge Makati,0,0,0,0,0,0,0,0,0,0,2015-04-23 12:00,Property,14.54127773,121.0182024,Side Swipe
None,EDSA,None,None,"No Accident Factor, Rear-end, 0.0 drivers_injured, 0.0 drivers_killed, 0.0 passengers_injured, 0.0 passengers_killed, 0.0 pedestrian_injured, 0.0 pedestrian_killed, Fair (Day), EDSA Guadalupe MRT Station  Makati",MMDA Road Safety Unit,,4d2e2f56-93e8-4372-b517-683ad0ce7114,2015-04-22,22:15:00,EDSA Kalayaan Ave. Makati,0,0,0,0,0,0,0,0,0,0,2015-04-23 6:15,Property,14.56672028,121.0454643,Rear-End
None,EDSA,None,None,"No Accident Factor, Rear-end, 0.0 drivers_injured, 0.0 drivers_killed, 0.0 passengers_injured, 0.0 passengers_killed, 0.0 pedestrian_injured, 0.0 pedestrian_killed, Fair (Day), EDSA McKinley Road Makati",MMDA Road Safety Unit,,b5a00796-cb86-4c6d-9e91-ebe79823113a,2015-04-22,07:30:00,EDSA Buendia Ave. Makati,0,0,0,0,0,0,0,0,0,0,2015-04-22 15:30,Property,14.55015688,121.0295286,Rear-End
None,EDSA,None,None,"No Accident Factor, Side Swipe, 1.0 drivers_injured, 0.0 drivers_killed, 0.0 passengers_injured, 0.0 passengers_killed, 0.0 pedestrian_injured, 0.0 pedestrian_killed, Fair (Night), EDSA Agutaya St. Makati",MMDA Road Safety Unit,,4d20c9e5-4912-42b4-b0ae-6e7e722deb58,2015-04-21,13:00:00,EDSA McKinley Road Makati,0,0,0,1,0,0,0,0,0,1,2015-04-21 21:00,Injury,14.55962177,121.040515,Side Swipe
None,EDSA,None,None,"No Accident Factor, Side Swipe, 0.0 drivers_injured, 0.0 drivers_killed, 0.0 passengers_injured, 0.0 passengers_killed, 0.0 pedestrian_injured, 0.0 pedestrian_killed, Fair (Night), EDSA Kalayaan Ave. Makati",MMDA Road Safety Unit,,59f978d7-26da-4ea4-9da0-c191c5fa26e1,2015-04-21,10:20:00,EDSA Ayala Ave. Makati,0,0,0,0,0,0,0,0,0,0,2015-04-21 18:20,Property,14.55767933,121.038147,Side Swipe
None,EDSA,None,None,"No Accident Factor, Rear-end, 0.0 drivers_injured, 0.0 drivers_killed, 0.0 passengers_injured, 0.0 passengers_killed, 0.0 pedestrian_injured, 0.0 pedestrian_killed, Fair (Day), EDSA Orense St. Makati",MMDA Road Safety Unit,,dee38319-b789-4cd3-913e-3fda3c8e1eb3,2015-04-20,07:30:00,EDSA South Super Highway Service Road Makati,0,0,0,0,0,0,0,0,0,0,2015-04-20 15:30,Property,14.56156378,121.0428336,Rear-End
None,EDSA,None,None,"No Accident Factor, Side Swipe, 0.0 drivers_injured, 0.0 drivers_killed, 0.0 passengers_injured, 0.0 passengers_killed, 0.0 pedestrian_injured, 0.0 pedestrian_killed, Fair (Day), EDSA ""U"" turn slot, Magallanes Interchange (beneath) Makati",MMDA Road Safety Unit,,0c5c287a-93c7-41bc-a159-2189395da5a4,2015-04-20,07:30:00,EDSA Evangelista St. Makati,0,0,0,0,0,0,0,0,0,0,2015-04-20 15:30,Property,14.53974938,121.0156019,Side Swipe
None,EDSA,None,None,"No Accident Factor, Side Swipe, 0.0 drivers_injured, 0.0 drivers_killed, 0.0 passengers_injured, 0.0 passengers_killed, 0.0 pedestrian_injured, 0.0 pedestrian_killed, Fair (Night), EDSA A. Arnaiza Ave. (Petron Gas Station) Makati",MMDA Road Safety Unit,,403cebd7-4268-40b3-bc55-67fd59fcf716,2015-04-17,17:05:00,EDSA McKinley Road Makati,0,0,0,0,0,0,0,0,0,0,2015-04-18 1:05,Property,14.54734176,121.0262804,Side Swipe
None,EDSA,None,None,"No Accident Factor, Rear-end, 0.0 drivers_injured, 0.0 drivers_killed, 0.0 passengers_injured, 0.0 passengers_killed, 0.0 pedestrian_injured, 0.0 pedestrian_killed, Fair (Night), EDSA Orense St. Makati",MMDA Road Safety Unit,,d4112aff-a839-4ad8-a598-dec749e1b7e5,2015-04-17,15:00:00,EDSA Ayala Ave. Makati,0,0,0,0,0,0,0,0,0,0,2015-04-17 23:00,Property,14.56156378,121.0428336,Rear-End
None,EDSA,None,None,"No Accident Factor, Rear-end, 1.0 drivers_injured, 0.0 drivers_killed, 0.0 passengers_injured, 0.0 passengers_killed, 0.0 pedestrian_injured, 0.0 pedestrian_killed, Fair (Night), EDSA Evangelista St. Makati",MMDA Road Safety Unit,,007c6602-3aef-4fb4-a832-38be7306c0c6,2015-04-16,11:00:00,EDSA Ayala Ave. / McKinley Road Makati,0,0,0,1,0,0,0,0,0,1,2015-04-16 19:00,Injury,14.53906878,121.012324,Rear-End
None,EDSA,None,None,"No Accident Factor, Side Swipe, 0.0 drivers_injured, 0.0 drivers_killed, 0.0 passengers_injured, 0.0 passengers_killed, 0.0 pedestrian_injured, 0.0 pedestrian_killed, Fair (Day), EDSA Lapu-Lapu St.  Makati",MMDA Road Safety Unit,,e04ee928-d945-4587-8cff-d708d44a88ba,2015-04-15,06:00:00,"EDSA Dusit Thani Hotel, Ayala (SB) Makati",0,0,0,0,0,0,0,0,0,0,2015-04-15 14:00,Property,14.53968935,121.0155717,Side Swipe
None,EDSA,None,None,"No Accident Factor, Rear-end, 0.0 drivers_injured, 0.0 drivers_killed, 0.0 passengers_injured, 0.0 passengers_killed, 0.0 pedestrian_injured, 0.0 pedestrian_killed, Fair (Night), EDSA Evangelista St. Makati",MMDA Road Safety Unit,,ac0a0ae6-01c3-445c-ad67-fd2f9781a06f,2015-04-13,14:00:00,EDSA Kalayaan Ave. Makati,0,0,0,0,0,0,0,0,0,0,2015-04-13 22:00,Property,14.53906878,121.012324,Rear-End
None,EDSA,None,None,"No Accident Factor, Rear-end, 0.0 drivers_injured, 0.0 drivers_killed, 0.0 passengers_injured, 0.0 passengers_killed, 0.0 pedestrian_injured, 0.0 pedestrian_killed, Fair (Day), EDSA ""U"" turn slot, Magallanes Makati",MMDA Road Safety Unit,,6afc06e5-cdc7-401d-8d9a-406af3a95248,2015-04-13,06:00:00,EDSA Estrella St. Makati,0,0,0,0,0,0,0,0,0,0,2015-04-13 14:00,Property,14.53974938,121.0156019,Rear-End
None,EDSA,None,None,"No Accident Factor, Side Swipe, 0.0 drivers_injured, 0.0 drivers_killed, 0.0 passengers_injured, 0.0 passengers_killed, 0.0 pedestrian_injured, 0.0 pedestrian_killed, Fair (Night), EDSA Kalayaan Ave. Makati",MMDA Road Safety Unit,,927422db-3338-41cc-b7e2-4d3bb0c53f93,2015-04-10,10:05:00,EDSA McKinley Road Makati,0,0,0,0,0,0,0,0,0,0,2015-04-10 18:05,Property,14.55767933,121.038147,Side Swipe
None,EDSA,None,None,"No Accident Factor, Rear-end, 0.0 drivers_injured, 0.0 drivers_killed, 0.0 passengers_injured, 0.0 passengers_killed, 0.0 pedestrian_injured, 0.0 pedestrian_killed, Fair (Day), EDSA McKinley Road Makati",MMDA Road Safety Unit,,f9da8a5c-2d81-411b-896a-392e2b31df9b,2015-04-10,07:10:00,"EDSA Estrella (NB), Footbridge Makati",0,0,0,0,0,0,0,0,0,0,2015-04-10 15:10,Property,14.55015688,121.0295286,Rear-End
None,EDSA,None,None,"No Accident Factor, Side Swipe, 0.0 drivers_injured, 0.0 drivers_killed, 0.0 passengers_injured, 0.0 passengers_killed, 0.0 pedestrian_injured, 0.0 pedestrian_killed, Fair (Day), EDSA J. P. Rizal Ave. Makati",MMDA Road Safety Unit,,35f4ca31-428d-4eb1-aaa7-c88412e9339d,2015-04-10,00:40:00,EDSA Estrella (SB) Loading Bay Makati,0,0,0,0,0,0,0,0,0,0,2015-04-10 8:40,Property,14.56800921,121.0459132,Side Swipe
None,EDSA,None,None,"No Accident Factor, Rear-end, 0.0 drivers_injured, 0.0 drivers_killed, 0.0 passengers_injured, 0.0 passengers_killed, 0.0 pedestrian_injured, 0.0 pedestrian_killed, Fair (Night), EDSA South Super Highway Service Road Makati",MMDA Road Safety Unit,,66b39721-0f35-4cb6-b77e-3a84eef8c447,2015-04-08,14:30:00,EDSA Mc Kinley Access Road Makati,0,0,0,0,0,0,0,0,0,0,2015-04-08 22:30,Property,14.54054957,121.016932,Rear-End
None,EDSA,None,None,"No Accident Factor, Rear-end, 0.0 drivers_injured, 0.0 drivers_killed, 0.0 passengers_injured, 0.0 passengers_killed, 0.0 pedestrian_injured, 0.0 pedestrian_killed, Fair (Day), EDSA South Super Highway (NB) Makati",MMDA Road Safety Unit,,e56a0d2d-35e2-4f50-b278-e1e22ea7928a,2015-04-08,00:00:00,EDSA Ayala Ave. Makati,0,0,0,0,0,0,0,0,0,0,2015-04-08 8:00,Property,14.54054957,121.016932,Rear-End
None,EDSA,None,None,"No Accident Factor, Rear-end, 0.0 drivers_injured, 0.0 drivers_killed, 0.0 passengers_injured, 0.0 passengers_killed, 0.0 pedestrian_injured, 0.0 pedestrian_killed, Fair (Day), EDSA Evangelista St. Makati",MMDA Road Safety Unit,,e31e59ee-0456-4ad4-afd2-fc7d85a3cf0f,2015-04-05,23:35:00,EDSA Ayala Ave. Makati,0,0,0,0,0,0,0,0,0,0,2015-04-06 7:35,Property,14.53906878,121.012324,Rear-End
None,EDSA,None,None,"No Accident Factor, Hit and Run (No Collision Stated), 0.0 drivers_injured, 0.0 drivers_killed, 0.0 passengers_injured, 0.0 passengers_killed, 0.0 pedestrian_injured, 0.0 pedestrian_killed, Fair (Night), EDSA Taft Ave. Makati",MMDA Road Safety Unit,,c5d91f09-3638-4d29-8b3d-f27ad3c21be5,2015-04-03,13:30:00,EDSA Magallanes Interchange Makati,0,0,0,0,0,0,0,0,0,0,2015-04-03 21:30,Property,14.53771767,121.0010546,No Collision Stated
None,EDSA,None,None,"No Accident Factor, Rear-end, 0.0 drivers_injured, 0.0 drivers_killed, 0.0 passengers_injured, 0.0 passengers_killed, 0.0 pedestrian_injured, 0.0 pedestrian_killed, Fair (Day), EDSA Estrella (SB)  Makati",MMDA Road Safety Unit,,662561d8-711e-4eb4-9a86-efb2d4923b1f,2015-04-01,04:45:00,EDSA Magallanes Interchange Makati,0,0,0,0,0,0,0,0,0,0,2015-04-01 12:45,Property,14.56004326,121.0411034,Rear-End
None,EDSA,None,None,"No Accident Factor, Rear-end, 0.0 drivers_injured, 0.0 drivers_killed, 0.0 passengers_injured, 0.0 passengers_killed, 0.0 pedestrian_injured, 0.0 pedestrian_killed, Fair (Night), EDSA Kalayaan Ave. Makati",MMDA Road Safety Unit,,16db1a3a-1dfb-4df8-87d6-05dc00acff81,2015-03-31,15:45:00,EDSA Buendia Ave. Makati,0,0,0,0,0,0,0,0,0,0,2015-03-31 23:45,Property,14.55767933,121.038147,Rear-End
None,EDSA,None,None,"No Accident Factor, Angle Impact, 0.0 drivers_injured, 0.0 drivers_killed, 0.0 passengers_injured, 0.0 passengers_killed, 0.0 pedestrian_injured, 0.0 pedestrian_killed, Fair (Night), EDSA Ayala Ave. Makati",MMDA Road Safety Unit,,195ac85f-06d8-4a02-bc52-21964e26bf80,2015-03-31,10:00:00,EDSA McKinley Road Makati,0,0,0,0,0,0,0,0,0,0,2015-03-31 18:00,Property,14.5503157,121.0293627,Angle Impact
None,EDSA,None,None,"No Accident Factor, Side Swipe, 0.0 drivers_injured, 0.0 drivers_killed, 0.0 passengers_injured, 0.0 passengers_killed, 0.0 pedestrian_injured, 0.0 pedestrian_killed, Fair (Night), EDSA Evangelista St. Makati",MMDA Road Safety Unit,,91273099-4284-417c-b0c3-ec4b644afa08,2015-03-30,16:00:00,EDSA Kalayaan Ave. Makati,0,0,0,0,0,0,0,0,0,0,2015-03-31,Property,14.53906878,121.012324,Side Swipe
None,EDSA,None,None,"No Accident Factor, Side Swipe, 0.0 drivers_injured, 0.0 drivers_killed, 0.0 passengers_injured, 0.0 passengers_killed, 0.0 pedestrian_injured, 0.0 pedestrian_killed, Fair (Day), EDSA Evangelista St. Makati",MMDA Road Safety Unit,,8287fa03-b384-41b1-9ca9-337cb290843d,2015-03-30,08:45:00,EDSA Guadalupe Bridge (SB) Makati,0,0,0,0,0,0,0,0,0,0,2015-03-30 16:45,Property,14.53906878,121.012324,Side Swipe
None,EDSA,None,None,"No Accident Factor, Side Swipe, 0.0 drivers_injured, 0.0 drivers_killed, 0.0 passengers_injured, 0.0 passengers_killed, 0.0 pedestrian_injured, 0.0 pedestrian_killed, Fair (Day), EDSA South Super Highway Service Road Makati",MMDA Road Safety Unit,,6aeb7acc-9128-4708-a671-7c8743866cda,2015-03-29,00:00:00,EDSA Buendia Ave. Makati,0,0,0,0,0,0,0,0,0,0,2015-03-29 8:00,Property,14.54054957,121.016932,Side Swipe
None,EDSA,None,None,"No Accident Factor, Self-Accident, 1.0 drivers_injured, 0.0 drivers_killed, 1.0 passengers_injured, 0.0 passengers_killed, 0.0 pedestrian_injured, 0.0 pedestrian_killed, Fair (Night), EDSA A. Arnaiz Ave. Makati",MMDA Road Safety Unit,,781ec7df-48ff-492b-a753-195465f7a645,2015-03-28,20:25:00,EDSA Ayala Ave. Makati,0,0,0,1,1,0,0,0,0,2,2015-03-29 4:25,Injury,14.54734176,121.0262804,Self-Accident
None,EDSA,None,None,"No Accident Factor, Rear-end, 0.0 drivers_injured, 0.0 drivers_killed, 0.0 passengers_injured, 0.0 passengers_killed, 0.0 pedestrian_injured, 0.0 pedestrian_killed, Fair (Night), EDSA A. Arnaiz Ave. Makati",MMDA Road Safety Unit,,3f64ca36-314c-4969-99c7-1e2481511388,2015-03-27,16:30:00,"EDSA Estrella St., Pinagkaisahan (NB)  Makati",0,0,0,0,0,0,0,0,0,0,2015-03-28 0:30,Property,14.54734176,121.0262804,Rear-End
None,EDSA,None,None,"No Accident Factor, Side Swipe, 0.0 drivers_injured, 0.0 drivers_killed, 0.0 passengers_injured, 0.0 passengers_killed, 0.0 pedestrian_injured, 0.0 pedestrian_killed, Fair (Day), EDSA Magallanes Interchange Makati",MMDA Road Safety Unit,,5b78a7b3-5c43-4b7b-bbbb-a4959f69b3f5,2015-03-26,00:00:00,EDSA Forbes Park Buendia (NB)  Makati,0,0,0,0,0,0,0,0,0,0,2015-03-26 8:00,Property,14.54679556,121.0248047,Side Swipe
None,EDSA,None,None,"No Accident Factor, Side Swipe, 0.0 drivers_injured, 0.0 drivers_killed, 0.0 passengers_injured, 0.0 passengers_killed, 0.0 pedestrian_injured, 0.0 pedestrian_killed, Fair (Night), EDSA Burgos St. Makati",MMDA Road Safety Unit,,c948e57a-2e35-41c4-9536-968cb2fba1da,2015-03-25,15:20:00,"EDSA ""U"" turn slot, Magallanes Makati",0,0,0,0,0,0,0,0,0,0,2015-03-25 23:20,Property,14.56551037,121.0452084,Side Swipe
None,EDSA,None,None,"No Accident Factor, Side Swipe, 0.0 drivers_injured, 0.0 drivers_killed, 0.0 passengers_injured, 0.0 passengers_killed, 0.0 pedestrian_injured, 0.0 pedestrian_killed, Fair (Day), EDSA Estrella (SB) Footbridge Makati",MMDA Road Safety Unit,,d15bb786-051d-49ad-b45f-93b1b3317214,2015-03-25,03:00:00,EDSA Orense St. Makati,0,0,0,0,0,0,0,0,0,0,2015-03-25 11:00,Property,14.5604051,121.0414832,Side Swipe
None,EDSA,None,None,"No Accident Factor, Side Swipe, 0.0 drivers_injured, 0.0 drivers_killed, 0.0 passengers_injured, 0.0 passengers_killed, 0.0 pedestrian_injured, 0.0 pedestrian_killed, Fair (Day), EDSA Kalayaan Ave. Makati",MMDA Road Safety Unit,,338e6cae-c2e8-4c43-b1a6-56d4c0ac230e,2015-03-25,01:30:00,EDSA Mc Kinley Access Road Makati,0,0,0,0,0,0,0,0,0,0,2015-03-25 9:30,Property,14.55767933,121.038147,Side Swipe
None,EDSA,None,None,"No Accident Factor, Side Swipe, 0.0 drivers_injured, 0.0 drivers_killed, 0.0 passengers_injured, 0.0 passengers_killed, 0.0 pedestrian_injured, 0.0 pedestrian_killed, Fair (Day), EDSA Buendia Ave. Makati",MMDA Road Safety Unit,,75e32df2-daf3-4809-974e-bcbac1e1a587,2015-03-25,01:00:00,"EDSA Phoenix Gas Station, Guadalupe Makati",0,0,0,0,0,0,0,0,0,0,2015-03-25 9:00,Property,14.55516134,121.0349756,Side Swipe
None,EDSA,None,None,"No Accident Factor, Angle Impact, 0.0 drivers_injured, 0.0 drivers_killed, 0.0 passengers_injured, 0.0 passengers_killed, 0.0 pedestrian_injured, 0.0 pedestrian_killed, Fair (Day), EDSA McKinley Road Makati",MMDA Road Safety Unit,,e081d6af-35bc-4753-beaf-ad9640b6e624,2015-03-23,23:45:00,EDSA Robinsons Galleria Exit  Makati,0,0,0,0,0,0,0,0,0,0,2015-03-24 7:45,Property,14.55015688,121.0295286,Angle Impact
None,EDSA,None,None,"No Accident Factor, Side Swipe, 0.0 drivers_injured, 0.0 drivers_killed, 0.0 passengers_injured, 0.0 passengers_killed, 0.0 pedestrian_injured, 0.0 pedestrian_killed, Fair (Night), EDSA Ayala Ave. Makati",MMDA Road Safety Unit,,ab9cdae1-24c9-4678-a620-ffa10c3641a2,2015-03-23,11:45:00,EDSA Ayala Ave. Makati,0,0,0,0,0,0,0,0,0,0,2015-03-23 19:45,Property,14.5503157,121.0293627,Side Swipe
None,EDSA,None,None,"No Accident Factor, No Collision Stated (based on Police Blotter Book), 0.0 drivers_injured, 0.0 drivers_killed, 0.0 passengers_injured, 0.0 passengers_killed, 0.0 pedestrian_injured, 0.0 pedestrian_killed, Fair (Day), EDSA South Super Highway Service Road Makati",MMDA Road Safety Unit,,19ef94eb-191b-44d9-8c69-12caa4869162,2015-03-22,07:20:00,EDSA Ayala Ave. Makati,0,0,0,0,0,0,0,0,0,0,2015-03-22 15:20,Property,14.54054957,121.016932,No Collision Stated
None,EDSA,None,None,"No Accident Factor, Side Swipe, 0.0 drivers_injured, 0.0 drivers_killed, 0.0 passengers_injured, 0.0 passengers_killed, 0.0 pedestrian_injured, 0.0 pedestrian_killed, Fair (Night), EDSA Evangelista St. Makati",MMDA Road Safety Unit,,d8732982-c63f-4ca1-b375-58c8871b7996,2015-03-21,11:20:00,EDSA Ayala Ave. Makati,0,0,0,0,0,0,0,0,0,0,2015-03-21 19:20,Property,14.53906878,121.012324,Side Swipe
None,EDSA,None,None,"No Accident Factor, Rear-end, 0.0 drivers_injured, 0.0 drivers_killed, 0.0 passengers_injured, 0.0 passengers_killed, 0.0 pedestrian_injured, 0.0 pedestrian_killed, Fair (Night), EDSA McKinley Road Makati",MMDA Road Safety Unit,,e7a4a97b-9cbf-46fe-b096-72d61e06b93f,2015-03-20,11:45:00,EDSA Magallanes Ave. Makati,0,0,0,0,0,0,0,0,0,0,2015-03-20 19:45,Property,14.55015688,121.0295286,Rear-End
None,EDSA,None,None,"No Accident Factor, Side Swipe, 0.0 drivers_injured, 0.0 drivers_killed, 0.0 passengers_injured, 0.0 passengers_killed, 0.0 pedestrian_injured, 0.0 pedestrian_killed, Fair (Night), EDSA Ayala Ave. Makati",MMDA Road Safety Unit,,35d09c57-0a24-4909-9da3-ac9e6f4e32ce,2015-03-20,10:35:00,EDSA Magallanes Ave. Makati,0,0,0,0,0,0,0,0,0,0,2015-03-20 18:35,Property,14.5503157,121.0293627,Side Swipe
None,EDSA,None,None,"No Accident Factor, Side Swipe, 0.0 drivers_injured, 0.0 drivers_killed, 0.0 passengers_injured, 0.0 passengers_killed, 0.0 pedestrian_injured, 0.0 pedestrian_killed, Fair (Night), EDSA Ayala Ave. / McKinley Road Makati",MMDA Road Safety Unit,,05bb8e01-1a5f-468c-a2d8-0ea9bdd99b51,2015-03-18,19:30:00,EDSA Chino Roces Ave. Ext. Makati,0,0,0,0,0,0,0,0,0,0,2015-03-19 3:30,Property,14.5503157,121.0293627,Side Swipe
None,EDSA,None,None,"No Accident Factor, No Collision Stated (based on Police Blotter Book), 0.0 drivers_injured, 0.0 drivers_killed, 0.0 passengers_injured, 0.0 passengers_killed, 0.0 pedestrian_injured, 0.0 pedestrian_killed, Fair (Day), EDSA Dusit Thani Hotel, Ayala (SB) Makati",MMDA Road Safety Unit,,4cc6753c-62f8-42df-b6ae-ab27c695d563,2015-03-16,02:00:00,EDSA Rockwell Estrella St. (SB)  Makati,0,0,0,0,0,0,0,0,0,0,2015-03-16 10:00,Property,14.54784374,121.026305,No Collision Stated
None,EDSA,None,None,"No Accident Factor, Rear-end, 0.0 drivers_injured, 0.0 drivers_killed, 0.0 passengers_injured, 0.0 passengers_killed, 0.0 pedestrian_injured, 0.0 pedestrian_killed, Fair (Day), EDSA Kalayaan Ave. Makati",MMDA Road Safety Unit,,74f8e888-594b-4a01-836f-68b29da73bc3,2015-03-15,05:30:00,EDSA Chino Roces Ave. Ext. Makati,0,0,0,0,0,0,0,0,0,0,2015-03-15 13:30,Property,14.55767933,121.038147,Rear-End
None,EDSA,None,None,"No Accident Factor, Side Swipe, 0.0 drivers_injured, 0.0 drivers_killed, 0.0 passengers_injured, 0.0 passengers_killed, 0.0 pedestrian_injured, 0.0 pedestrian_killed, Fair (Day), EDSA Estrella St. Makati",MMDA Road Safety Unit,,71ab2ba7-2b95-4a93-b4d1-1d2b0ec4ab3c,2015-03-14,07:00:00,EDSA McKinley Road Makati,0,0,0,0,0,0,0,0,0,0,2015-03-14 15:00,Property,14.56004326,121.0411034,Side Swipe
None,EDSA,None,None,"No Accident Factor, Rear-end, 0.0 drivers_injured, 0.0 drivers_killed, 0.0 passengers_injured, 0.0 passengers_killed, 0.0 pedestrian_injured, 0.0 pedestrian_killed, Fair (Night), EDSA McKinley Road Makati",MMDA Road Safety Unit,,0e64b871-e87c-48dc-9218-0cb2e7461963,2015-03-13,12:30:00,EDSA Forbes Park Buendia     Makati,0,0,0,0,0,0,0,0,0,0,2015-03-13 20:30,Property,14.55015688,121.0295286,Rear-End
None,EDSA,None,None,"No Accident Factor, Rear-end, 0.0 drivers_injured, 0.0 drivers_killed, 0.0 passengers_injured, 0.0 passengers_killed, 0.0 pedestrian_injured, 0.0 pedestrian_killed, Fair (Day), EDSA Estrella (NB), Footbridge Makati",MMDA Road Safety Unit,,b4ddf867-6984-445b-9170-dd3da8a6b933,2015-03-13,04:00:00,EDSA McKinley Road Makati,0,0,0,0,0,0,0,0,0,0,2015-03-13 12:00,Property,14.56039323,121.0414931,Rear-End
None,EDSA,None,None,"No Accident Factor, Rear-end, 0.0 drivers_injured, 0.0 drivers_killed, 0.0 passengers_injured, 0.0 passengers_killed, 0.0 pedestrian_injured, 0.0 pedestrian_killed, Fair (Day), EDSA Estrella (SB) Loading Bay Makati",MMDA Road Safety Unit,,4615c6e7-78df-4722-afb3-d337ed3c379c,2015-03-12,00:15:00,"EDSA Magallanes, South Luzon Super Highway Makati",0,0,0,0,0,0,0,0,0,0,2015-03-12 8:15,Property,14.56049203,121.0415855,Rear-End