LOCATION_TEXT,ROAD,WEATHER,LIGHT,DESC,REPORTING_AGENCY,MAIN_CAUSE,INCIDENTDETAILS_ID,DATE_UTC,TIME_UTC,ADDRESS,killed_driver,killed_passenger,killed_pedestrian,injured_driver,injured_passenger,injured_pedestrian,killed_uncategorized,injured_uncategorized,killed_total,injured_total,DATETIME_PST,SEVERITY,Y,X,COLLISION_TYPE
None,EDSA,None,None,"No Accident Factor, Side Swipe, 0.0 drivers_injured, 0.0 drivers_killed, 0.0 passengers_injured, 0.0 passengers_killed, 0.0 pedestrian_injured, 0.0 pedestrian_killed, Fair (Night), EDSA Mc Kinley Access Road Makati",MMDA Road Safety Unit,,bca133d0-8fa6-44d7-a521-69ce1c02d836,2015-03-11,12:10:00,"EDSA Guadalupe Bridge, West Cloverleaf Makati",0,0,0,0,0,0,0,0,0,0,2015-03-11 20:10,Property,14.5501403,121.0294629,Side Swipe
None,EDSA,None,None,"No Accident Factor, Side Swipe, 0.0 drivers_injured, 0.0 drivers_killed, 0.0 passengers_injured, 0.0 passengers_killed, 0.0 pedestrian_injured, 0.0 pedestrian_killed, Fair (Night), EDSA Ayala Ave. Makati",MMDA Road Safety Unit,,273c56db-1673-421e-893f-de2acd007e9e,2015-03-10,11:00:00,EDSA South Super Highway Makati,0,0,0,0,0,0,0,0,0,0,2015-03-10 19:00,Property,14.5503157,121.0293627,Side Swipe
None,EDSA,None,None,"No Accident Factor, Angle Impact, 0.0 drivers_injured, 0.0 drivers_killed, 0.0 passengers_injured, 0.0 passengers_killed, 0.0 pedestrian_injured, 0.0 pedestrian_killed, Fair (Night), EDSA Ayala Ave. Makati",MMDA Road Safety Unit,,824c2a15-bb4d-4165-b4d9-1f93327a3f42,2015-03-09,11:30:00,EDSA Harvard St. Makati,0,0,0,0,0,0,0,0,0,0,2015-03-09 19:30,Property,14.5503157,121.0293627,Angle Impact
None,EDSA,None,None,"No Accident Factor, Self-Accident, 0.0 drivers_injured, 0.0 drivers_killed, 0.0 passengers_injured, 0.0 passengers_killed, 0.0 pedestrian_injured, 0.0 pedestrian_killed, Fair (Day), EDSA Magallanes Interchange Makati",MMDA Road Safety Unit,,d0aabc07-7ba0-4c14-bf9a-3b500f286c97,2015-03-09,03:15:00,EDSA Estrella St. Makati,0,0,0,0,0,0,0,0,0,0,2015-03-09 11:15,Property,14.54679556,121.0248047,Self-Accident
None,EDSA,None,None,"No Accident Factor, Rear-end, 0.0 drivers_injured, 0.0 drivers_killed, 0.0 passengers_injured, 0.0 passengers_killed, 0.0 pedestrian_injured, 0.0 pedestrian_killed, Fair (Day), EDSA Magallanes Interchange Makati",MMDA Road Safety Unit,,5e48ce17-a2ce-4121-9eae-49ff692d08ba,2015-03-08,00:00:00,EDSA Ayala Ave. Makati,0,0,0,0,0,0,0,0,0,0,2015-03-08 8:00,Property,14.54679556,121.0248047,Rear-End
None,EDSA,None,None,"No Accident Factor, Rear-end, 0.0 drivers_injured, 0.0 drivers_killed, 0.0 passengers_injured, 0.0 passengers_killed, 0.0 pedestrian_injured, 0.0 pedestrian_killed, Fair (Day), EDSA Buendia Ave. Makati",MMDA Road Safety Unit,,1b14fcf2-7e0d-4493-8094-3d22049ea52a,2015-03-07,07:00:00,EDSA Ayala Ave. Makati,0,0,0,0,0,0,0,0,0,0,2015-03-07 15:00,Property,14.55516134,121.0349756,Rear-End
None,EDSA,None,None,"No Accident Factor, Multiple Collision, 0.0 drivers_injured, 0.0 drivers_killed, 0.0 passengers_injured, 0.0 passengers_killed, 0.0 pedestrian_injured, 0.0 pedestrian_killed, Fair (Day), EDSA McKinley Road Makati",MMDA Road Safety Unit,,2f7aaa94-2c3e-41fe-aba7-20a314b2d011,2015-03-07,02:30:00,EDSA Ayala Ave. Makati,0,0,0,0,0,0,0,0,0,0,2015-03-07 10:30,Property,14.55015688,121.0295286,Multiple
None,EDSA,None,None,"No Accident Factor, Side Swipe, 0.0 drivers_injured, 0.0 drivers_killed, 0.0 passengers_injured, 0.0 passengers_killed, 0.0 pedestrian_injured, 0.0 pedestrian_killed, Fair (Night), EDSA Kalayaan Ave. Makati",MMDA Road Safety Unit,,d4b8b4e6-76e7-4fcf-8505-f46210b584b4,2015-03-06,14:45:00,EDSA MRT-Guadalupe Station Makati,0,0,0,0,0,0,0,0,0,0,2015-03-06 22:45,Property,14.55767933,121.038147,Side Swipe
None,EDSA,None,None,"No Accident Factor, Rear-end, 0.0 drivers_injured, 0.0 drivers_killed, 0.0 passengers_injured, 0.0 passengers_killed, 0.0 pedestrian_injured, 0.0 pedestrian_killed, Fair (Night), EDSA Guadalupe Bridge (SB) Makati",MMDA Road Safety Unit,,0efa648e-8397-47d8-be3f-9a191410daae,2015-03-06,10:50:00,EDSA Ayala Ave. Makati,0,0,0,0,0,0,0,0,0,0,2015-03-06 18:50,Property,14.56846648,121.0458404,Rear-End
None,EDSA,None,None,"No Accident Factor, No Collision Stated (based on Police Blotter Book), 0.0 drivers_injured, 0.0 drivers_killed, 0.0 passengers_injured, 0.0 passengers_killed, 0.0 pedestrian_injured, 0.0 pedestrian_killed, Fair (Day), EDSA Buendia Ave. Makati",MMDA Road Safety Unit,,ef1a7ec7-97d9-41a2-a0e5-0abf49e5d521,2015-03-03,05:30:00,EDSA Ayala Ave. Makati,0,0,0,0,0,0,0,0,0,0,2015-03-03 13:30,Property,14.55516134,121.0349756,No Collision Stated
None,EDSA,None,None,"No Accident Factor, Rear-end, 0.0 drivers_injured, 0.0 drivers_killed, 0.0 passengers_injured, 0.0 passengers_killed, 0.0 pedestrian_injured, 0.0 pedestrian_killed, Fair (Day), EDSA Ayala Ave. Makati",MMDA Road Safety Unit,,8120ea90-8edf-4568-974a-990d21c19faf,2015-02-28,08:55:00,EDSA Evangelista St. Makati,0,0,0,0,0,0,0,0,0,0,2015-02-28 16:55,Property,14.5503157,121.0293627,Rear-End
None,EDSA,None,None,"No Accident Factor, Side Swipe, 0.0 drivers_injured, 0.0 drivers_killed, 0.0 passengers_injured, 0.0 passengers_killed, 0.0 pedestrian_injured, 0.0 pedestrian_killed, Fair (Day), EDSA Estrella St., Pinagkaisahan (NB)  Makati",MMDA Road Safety Unit,,43779c11-7a22-44dc-a64b-2ca295ec0cf8,2015-02-27,04:25:00,EDSA Evangelista St. Makati,0,0,0,0,0,0,0,0,0,0,2015-02-27 12:25,Property,14.56004326,121.0411034,Side Swipe
None,EDSA,None,None,"No Accident Factor, No Collision Stated (based on Police Blotter Book), 0.0 drivers_injured, 0.0 drivers_killed, 0.0 passengers_injured, 0.0 passengers_killed, 0.0 pedestrian_injured, 0.0 pedestrian_killed, Fair (Day), EDSA Forbes Park Buendia (NB)  Makati",MMDA Road Safety Unit,,103e9a02-3639-4f28-a394-3dbba859e723,2015-02-26,09:45:00,EDSA Estrella St. (Caltex Gas Station) Makati,0,0,0,0,0,0,0,0,0,0,2015-02-26 17:45,Property,14.55475217,121.0348995,No Collision Stated
None,EDSA,None,None,"No Accident Factor, No Collision Stated (based on Police Blotter Book), 0.0 drivers_injured, 0.0 drivers_killed, 0.0 passengers_injured, 0.0 passengers_killed, 0.0 pedestrian_injured, 0.0 pedestrian_killed, Fair (Day), EDSA ""U"" turn slot, Magallanes Makati",MMDA Road Safety Unit,,847cb950-3466-46d3-b7b9-be9a0d63b601,2015-02-25,09:00:00,EDSA Orense St. Makati,0,0,0,0,0,0,0,0,0,0,2015-02-25 17:00,Property,14.53974938,121.0156019,No Collision Stated
None,EDSA,None,None,"No Accident Factor, Side Swipe, 0.0 drivers_injured, 0.0 drivers_killed, 0.0 passengers_injured, 0.0 passengers_killed, 0.0 pedestrian_injured, 0.0 pedestrian_killed, Fair (Day), EDSA Orense St. Makati",MMDA Road Safety Unit,,90b06bc0-d872-4b6d-8b5c-38e4689c13ad,2015-02-25,07:05:00,EDSA Chino Roces Ave. Ext. Makati,0,0,0,0,0,0,0,0,0,0,2015-02-25 15:05,Property,14.56156378,121.0428336,Side Swipe
None,EDSA,None,None,"No Accident Factor, Side Swipe, 0.0 drivers_injured, 0.0 drivers_killed, 0.0 passengers_injured, 0.0 passengers_killed, 0.0 pedestrian_injured, 0.0 pedestrian_killed, Fair (Day), EDSA Mc Kinley Access Road Makati",MMDA Road Safety Unit,,1ba729d7-62a0-4d93-bad5-62f1458afa7a,2015-02-25,03:15:00,EDSA A. Arnaiz Ave. Makati,0,0,0,0,0,0,0,0,0,0,2015-02-25 11:15,Property,14.5501403,121.0294629,Side Swipe
None,EDSA,None,None,"No Accident Factor, Side Swipe, 0.0 drivers_injured, 0.0 drivers_killed, 0.0 passengers_injured, 0.0 passengers_killed, 0.0 pedestrian_injured, 0.0 pedestrian_killed, Fair (Day), EDSA Phoenix Gas Station, Guadalupe Makati",MMDA Road Safety Unit,,7c6e6446-ee20-4e9a-88f4-843b356b3924,2015-02-24,23:05:00,EDSA Kalayaan Ave. Makati,0,0,0,0,0,0,0,0,0,0,2015-02-25 7:05,Property,14.5633726,121.0442458,Side Swipe
None,EDSA,None,None,"No Accident Factor, Side Swipe, 0.0 drivers_injured, 0.0 drivers_killed, 0.0 passengers_injured, 0.0 passengers_killed, 0.0 pedestrian_injured, 0.0 pedestrian_killed, Fair (Night), EDSA Robinsons Galleria Exit  Makati",MMDA Road Safety Unit,,056928bc-e848-4f4b-9129-89d347ff6712,2015-02-24,11:05:00,EDSA South Super Highway (NB) Makati,0,0,0,0,0,0,0,0,0,0,2015-02-24 19:05,Property,14.59269483,121.0581808,Side Swipe
None,EDSA,None,None,"No Accident Factor, Angle Impact, 1.0 drivers_injured, 0.0 drivers_killed, 0.0 passengers_injured, 0.0 passengers_killed, 0.0 pedestrian_injured, 0.0 pedestrian_killed, Fair (Day), EDSA Ayala Ave. Makati",MMDA Road Safety Unit,,a069c130-d32c-469f-9c86-caece9621d6b,2015-02-23,04:40:00,EDSA South Super Highway Makati,0,0,0,1,0,0,0,0,0,1,2015-02-23 12:40,Injury,14.5503157,121.0293627,Angle Impact
None,EDSA,None,None,"No Accident Factor, Side Swipe, 0.0 drivers_injured, 0.0 drivers_killed, 0.0 passengers_injured, 0.0 passengers_killed, 0.0 pedestrian_injured, 0.0 pedestrian_killed, Fair (Day), EDSA Ayala Ave. Makati",MMDA Road Safety Unit,,7764f2ba-306a-405c-976c-78f54739e210,2015-02-23,02:00:00,EDSA Kalayaan Ave. Makati,0,0,0,0,0,0,0,0,0,0,2015-02-23 10:00,Property,14.5503157,121.0293627,Side Swipe
None,EDSA,None,None,"No Accident Factor, Side Swipe, 0.0 drivers_injured, 0.0 drivers_killed, 0.0 passengers_injured, 0.0 passengers_killed, 0.0 pedestrian_injured, 0.0 pedestrian_killed, Fair (Night), EDSA Ayala Ave. Makati",MMDA Road Safety Unit,,13f5ed0d-bd1f-4dbf-a80d-b43d1e2e2ea0,2015-02-18,12:45:00,EDSA Ayala Ave. Makati,0,0,0,0,0,0,0,0,0,0,2015-02-18 20:45,Property,14.5503157,121.0293627,Side Swipe
None,EDSA,None,None,"No Accident Factor, Side Swipe, 0.0 drivers_injured, 0.0 drivers_killed, 0.0 passengers_injured, 0.0 passengers_killed, 0.0 pedestrian_injured, 0.0 pedestrian_killed, Fair (Night), EDSA Magallanes Ave. Makati",MMDA Road Safety Unit,,027981c1-35a6-4334-a809-32a7f359cd5b,2015-02-18,11:30:00,EDSA McKinley Road Makati,0,0,0,0,0,0,0,0,0,0,2015-02-18 19:30,Property,14.53924572,121.0142961,Side Swipe
None,EDSA,None,None,"No Accident Factor, Rear-end, 0.0 drivers_injured, 0.0 drivers_killed, 0.0 passengers_injured, 0.0 passengers_killed, 0.0 pedestrian_injured, 0.0 pedestrian_killed, Fair (Day), EDSA Magallanes Ave. Makati",MMDA Road Safety Unit,,e295e70d-e73b-40a2-802f-79e266d79203,2015-02-18,07:45:00,EDSA Ayala Ave. Makati,0,0,0,0,0,0,0,0,0,0,2015-02-18 15:45,Property,14.53924572,121.0142961,Rear-End
None,EDSA,None,None,"No Accident Factor, Side Swipe, 0.0 drivers_injured, 0.0 drivers_killed, 0.0 passengers_injured, 0.0 passengers_killed, 0.0 pedestrian_injured, 0.0 pedestrian_killed, Fair (Day), EDSA Chino Roces Ave. Ext. Makati",MMDA Road Safety Unit,,7ffb888f-9850-49ce-971b-d361db08dff9,2015-02-17,05:30:00,EDSA Ayala Ave. Makati,0,0,0,0,0,0,0,0,0,0,2015-02-17 13:30,Property,14.54117334,121.0183458,Side Swipe
None,EDSA,None,None,"No Accident Factor, Side Swipe, 0.0 drivers_injured, 0.0 drivers_killed, 0.0 passengers_injured, 0.0 passengers_killed, 0.0 pedestrian_injured, 0.0 pedestrian_killed, Fair (Day), EDSA Rockwell Estrella St. (SB)  Makati",MMDA Road Safety Unit,,a78d0315-1425-40fd-8da2-757472acf6cc,2015-02-16,00:25:00,EDSA Mc Kinley Service Road Makati,0,0,0,0,0,0,0,0,0,0,2015-02-16 8:25,Property,14.56005542,121.0407183,Side Swipe
None,EDSA,None,None,"No Accident Factor, Rear-end, 0.0 drivers_injured, 0.0 drivers_killed, 0.0 passengers_injured, 0.0 passengers_killed, 0.0 pedestrian_injured, 0.0 pedestrian_killed, Fair (Day), EDSA Chino Roces Ave. Ext. Makati",MMDA Road Safety Unit,,906fbb4b-c239-4394-b870-60cc0189dd48,2015-02-15,05:00:00,EDSA Climaco St. Makati,0,0,0,0,0,0,0,0,0,0,2015-02-15 13:00,Property,14.54117334,121.0183458,Rear-End
None,EDSA,None,None,"No Accident Factor, Rear-end, 0.0 drivers_injured, 0.0 drivers_killed, 0.0 passengers_injured, 0.0 passengers_killed, 0.0 pedestrian_injured, 0.0 pedestrian_killed, Fair (Day), EDSA McKinley Road Makati",MMDA Road Safety Unit,,be76b43a-d5d3-43b7-b618-a46a26d0b712,2015-02-15,04:00:00,EDSA Evangelista St. Makati,0,0,0,0,0,0,0,0,0,0,2015-02-15 12:00,Property,14.55015688,121.0295286,Rear-End
None,EDSA,None,None,"No Accident Factor, No Collision Stated (based on Police Blotter Book), 0.0 drivers_injured, 0.0 drivers_killed, 0.0 passengers_injured, 0.0 passengers_killed, 0.0 pedestrian_injured, 0.0 pedestrian_killed, Fair (Night), EDSA Forbes Park Buendia     Makati",MMDA Road Safety Unit,,f8ab9e12-3421-47f7-9fb4-8cc9311a7460,2015-02-13,10:00:00,EDSA McKinley Road Makati,0,0,0,0,0,0,0,0,0,0,2015-02-13 18:00,Property,14.55475217,121.0348995,No Collision Stated
None,EDSA,None,None,"No Accident Factor, Hit and Run (No Collision Stated), 0.0 drivers_injured, 0.0 drivers_killed, 0.0 passengers_injured, 0.0 passengers_killed, 0.0 pedestrian_injured, 0.0 pedestrian_killed, Fair (Night), EDSA McKinley Road Makati",MMDA Road Safety Unit,,fd0357e7-0ec7-4b76-9ce5-e2dbd0a2ed55,2015-02-10,11:00:00,EDSA A. Arnaiz Ave. Makati,0,0,0,0,0,0,0,0,0,0,2015-02-10 19:00,Property,14.55015688,121.0295286,No Collision Stated
None,EDSA,None,None,"No Accident Factor, Rear-end, 0.0 drivers_injured, 0.0 drivers_killed, 0.0 passengers_injured, 0.0 passengers_killed, 0.0 pedestrian_injured, 0.0 pedestrian_killed, Fair (Day), EDSA Magallanes, South Luzon Super Highway Makati",MMDA Road Safety Unit,,666383d1-bf5f-4007-a410-006f42bf2f06,2015-02-08,23:45:00,EDSA Harvard St. Makati,0,0,0,0,0,0,0,0,0,0,2015-02-09 7:45,Property,14.54037338,121.01729,Rear-End
None,EDSA,None,None,"No Accident Factor, Side Swipe, 0.0 drivers_injured, 0.0 drivers_killed, 2.0 passengers_injured, 0.0 passengers_killed, 0.0 pedestrian_injured, 0.0 pedestrian_killed, Fair (Day), EDSA Guadalupe Bridge, West Cloverleaf Makati",MMDA Road Safety Unit,,c83eb7c4-4be7-49da-aad2-c3ad210683f5,2015-02-08,04:45:00,EDSA Magallanes Loading Bay Makati,0,0,0,0,2,0,0,0,0,2,2015-02-08 12:45,Injury,14.56846648,121.0458404,Side Swipe
None,EDSA,None,None,"No Accident Factor, Side Swipe, 0.0 drivers_injured, 0.0 drivers_killed, 0.0 passengers_injured, 0.0 passengers_killed, 0.0 pedestrian_injured, 0.0 pedestrian_killed, Fair (Day), EDSA South Super Highway Makati",MMDA Road Safety Unit,,61491f47-10d2-4bc2-a061-686243aa4bda,2015-02-06,07:20:00,EDSA Magallanes Interchange Makati,0,0,0,0,0,0,0,0,0,0,2015-02-06 15:20,Property,14.54054957,121.016932,Side Swipe
None,EDSA,None,None,"No Accident Factor, Side Swipe, 0.0 drivers_injured, 0.0 drivers_killed, 0.0 passengers_injured, 0.0 passengers_killed, 0.0 pedestrian_injured, 0.0 pedestrian_killed, Fair (Night), EDSA Harvard St. Makati",MMDA Road Safety Unit,,fd2eb16b-35ac-43af-8f1f-6f1c0488faa3,2015-02-05,13:25:00,EDSA Amorsolo St. Makati,0,0,0,0,0,0,0,0,0,0,2015-02-05 21:25,Property,14.55920138,121.0400581,Side Swipe
None,EDSA,None,None,"No Accident Factor, Multiple Collision, 0.0 drivers_injured, 0.0 drivers_killed, 0.0 passengers_injured, 0.0 passengers_killed, 0.0 pedestrian_injured, 0.0 pedestrian_killed, Fair (Night), EDSA Estrella St. Makati",MMDA Road Safety Unit,,bfa8dee7-3987-4535-b3e9-3a7d6927c218,2015-02-05,10:30:00,EDSA Buendia Ave. Makati,0,0,0,0,0,0,0,0,0,0,2015-02-05 18:30,Property,14.56004326,121.0411034,Multiple
None,EDSA,None,None,"No Accident Factor, Hit and Run (Side Swipe), 0.0 drivers_injured, 0.0 drivers_killed, 0.0 passengers_injured, 0.0 passengers_killed, 0.0 pedestrian_injured, 0.0 pedestrian_killed, Fair (Day), EDSA Ayala Ave. Makati",MMDA Road Safety Unit,,b7b46a33-223b-4a2f-a2e0-40fddcf254e0,2015-02-05,08:10:00,EDSA Harvard St. Makati,0,0,0,0,0,0,0,0,0,0,2015-02-05 16:10,Property,14.5503157,121.0293627,Side Swipe
None,EDSA,None,None,"No Accident Factor, Rear-end, 0.0 drivers_injured, 0.0 drivers_killed, 0.0 passengers_injured, 0.0 passengers_killed, 0.0 pedestrian_injured, 0.0 pedestrian_killed, Fair (Day), EDSA Ayala Ave. Makati",MMDA Road Safety Unit,,d4f09231-c298-4c74-9d0d-a028ac8f779b,2015-02-05,08:00:00,EDSA A. Arnaiz Ave. Makati,0,0,0,0,0,0,0,0,0,0,2015-02-05 16:00,Property,14.5503157,121.0293627,Rear-End
None,EDSA,None,None,"No Accident Factor, Side Swipe, 0.0 drivers_injured, 0.0 drivers_killed, 0.0 passengers_injured, 0.0 passengers_killed, 0.0 pedestrian_injured, 0.0 pedestrian_killed, Fair (Day), EDSA Ayala Ave. Makati",MMDA Road Safety Unit,,f54fe197-0053-45fe-908c-21fb9dfa5592,2015-02-04,23:45:00,EDSA Palm Drive Makati,0,0,0,0,0,0,0,0,0,0,2015-02-05 7:45,Property,14.5503157,121.0293627,Side Swipe
None,EDSA,None,None,"No Accident Factor, Side Swipe, 0.0 drivers_injured, 0.0 drivers_killed, 0.0 passengers_injured, 0.0 passengers_killed, 0.0 pedestrian_injured, 0.0 pedestrian_killed, Fair (Day), EDSA MRT-Guadalupe Station Makati",MMDA Road Safety Unit,,1b920184-d1be-4e6d-97ac-a0871004da20,2015-02-04,22:00:00,EDSA Chino Roces Ave. Makati,0,0,0,0,0,0,0,0,0,0,2015-02-05 6:00,Property,14.56669604,121.045463,Side Swipe
None,EDSA,None,None,"No Accident Factor, Angle Impact, 0.0 drivers_injured, 0.0 drivers_killed, 0.0 passengers_injured, 0.0 passengers_killed, 0.0 pedestrian_injured, 0.0 pedestrian_killed, Fair (Night), EDSA Ayala Ave. Makati",MMDA Road Safety Unit,,97c05ee2-63e2-4d3b-ae95-f0cf8fb34a49,2015-02-04,11:00:00,EDSA Buendia Ave. Makati,0,0,0,0,0,0,0,0,0,0,2015-02-04 19:00,Property,14.5503157,121.0293627,Angle Impact
None,EDSA,None,None,"No Accident Factor, No Collision Stated (based on Police Blotter Book), 0.0 drivers_injured, 0.0 drivers_killed, 0.0 passengers_injured, 0.0 passengers_killed, 0.0 pedestrian_injured, 0.0 pedestrian_killed, Fair (Night), EDSA Ayala Ave. Makati",MMDA Road Safety Unit,,caa7b18d-1a83-44a3-ac82-9a2fdcb28834,2015-02-04,10:15:00,EDSA Ayala Ave. Makati,0,0,0,0,0,0,0,0,0,0,2015-02-04 18:15,Property,14.5503157,121.0293627,No Collision Stated
None,EDSA,None,None,"No Accident Factor, Angle Impact, 0.0 drivers_injured, 0.0 drivers_killed, 0.0 passengers_injured, 0.0 passengers_killed, 0.0 pedestrian_injured, 0.0 pedestrian_killed, Fair (Day), EDSA Evangelista St. Makati",MMDA Road Safety Unit,,21676309-3e55-427d-932f-e76b2819ea8b,2015-02-03,03:45:00,EDSA J. P. Rizal Ave. Makati,0,0,0,0,0,0,0,0,0,0,2015-02-03 11:45,Property,14.53906878,121.012324,Angle Impact
None,EDSA,None,None,"No Accident Factor, Side Swipe, 0.0 drivers_injured, 0.0 drivers_killed, 0.0 passengers_injured, 0.0 passengers_killed, 0.0 pedestrian_injured, 0.0 pedestrian_killed, Fair (Day), EDSA Evangelista St. Makati",MMDA Road Safety Unit,,a966ccd7-b6e2-42ed-88bd-35e43dc95153,2015-02-02,09:20:00,EDSA Magallanes Interchange Makati,0,0,0,0,0,0,0,0,0,0,2015-02-02 17:20,Property,14.53906878,121.012324,Side Swipe
None,EDSA,None,None,"No Accident Factor, Side Swipe, 0.0 drivers_injured, 0.0 drivers_killed, 0.0 passengers_injured, 0.0 passengers_killed, 0.0 pedestrian_injured, 0.0 pedestrian_killed, Fair (Day), EDSA Estrella St. (Caltex Gas Station) Makati",MMDA Road Safety Unit,,b6a25ded-91b7-46b7-b6d8-525f5a5c979b,2015-02-02,04:00:00,EDSA Buendia Ave. Makati,0,0,0,0,0,0,0,0,0,0,2015-02-02 12:00,Property,14.5588623,121.0396998,Side Swipe
None,EDSA,None,None,"No Accident Factor, Rear-end, 0.0 drivers_injured, 0.0 drivers_killed, 0.0 passengers_injured, 0.0 passengers_killed, 0.0 pedestrian_injured, 0.0 pedestrian_killed, Fair (Day), EDSA Orense St. Makati",MMDA Road Safety Unit,,d25251f8-e5dc-4517-b068-b96d46a0f3d0,2015-02-02,00:30:00,EDSA Buendia Ave. Makati,0,0,0,0,0,0,0,0,0,0,2015-02-02 8:30,Property,14.56156378,121.0428336,Rear-End
None,EDSA,None,None,"No Accident Factor, No Collision Stated (based on Police Blotter Book), 0.0 drivers_injured, 0.0 drivers_killed, 0.0 passengers_injured, 0.0 passengers_killed, 0.0 pedestrian_injured, 0.0 pedestrian_killed, Fair (Day), EDSA Chino Roces Ave. Ext. Makati",MMDA Road Safety Unit,,1c7efde4-b2e9-4c35-baa3-b74504a09898,2015-01-31,02:45:00,EDSA  Mc Kinley Road Makati,0,0,0,0,0,0,0,0,0,0,2015-01-31 10:45,Property,14.54117334,121.0183458,No Collision Stated
None,EDSA,None,None,"No Accident Factor, No Collision Stated (based on Police Blotter Book), 0.0 drivers_injured, 0.0 drivers_killed, 0.0 passengers_injured, 0.0 passengers_killed, 0.0 pedestrian_injured, 0.0 pedestrian_killed, Fair (Day), EDSA A. Arnaiz Ave. Makati",MMDA Road Safety Unit,,4c326791-43ce-49c1-9d64-73157e77e266,2015-01-30,06:30:00,EDSA Kalayaan-Buendia Ave. Makati,0,0,0,0,0,0,0,0,0,0,2015-01-30 14:30,Property,14.54734176,121.0262804,No Collision Stated
None,EDSA,None,None,"No Accident Factor, Side Swipe, 0.0 drivers_injured, 0.0 drivers_killed, 0.0 passengers_injured, 0.0 passengers_killed, 0.0 pedestrian_injured, 0.0 pedestrian_killed, Fair (Day), EDSA Kalayaan Ave. Makati",MMDA Road Safety Unit,,fcb84072-0695-4034-b7e4-9968599d621d,2015-01-29,05:15:00,EDSA A. Arnaiz Ave. Makati,0,0,0,0,0,0,0,0,0,0,2015-01-29 13:15,Property,14.55767933,121.038147,Side Swipe
None,EDSA,None,None,"No Accident Factor, Side Swipe, 0.0 drivers_injured, 0.0 drivers_killed, 0.0 passengers_injured, 0.0 passengers_killed, 0.0 pedestrian_injured, 0.0 pedestrian_killed, Fair (Day), EDSA South Super Highway (NB) Makati",MMDA Road Safety Unit,,ec50ac20-6108-471d-9103-d763bca1dec8,2015-01-29,01:45:00,EDSA Guadalupe Bridge Makati,0,0,0,0,0,0,0,0,0,0,2015-01-29 9:45,Property,14.54054957,121.016932,Side Swipe
None,EDSA,None,None,"No Accident Factor, Rear-end, 0.0 drivers_injured, 0.0 drivers_killed, 0.0 passengers_injured, 0.0 passengers_killed, 0.0 pedestrian_injured, 0.0 pedestrian_killed, Fair (Day), EDSA South Super Highway Makati",MMDA Road Safety Unit,,2f0c20d1-f6de-4722-8f42-bece33c3747d,2015-01-28,08:00:00,EDSA Kalayaan Ave. (WB) Makati,0,0,0,0,0,0,0,0,0,0,2015-01-28 16:00,Property,14.54054957,121.016932,Rear-End
None,EDSA,None,None,"No Accident Factor, Side Swipe, 0.0 drivers_injured, 0.0 drivers_killed, 0.0 passengers_injured, 0.0 passengers_killed, 0.0 pedestrian_injured, 0.0 pedestrian_killed, Fair (Day), EDSA Kalayaan Ave. Makati",MMDA Road Safety Unit,,9a7f4650-a7b8-4d48-8c94-eaf4956e299c,2015-01-28,06:40:00,EDSA  Magallanes Interchange (SB) Makati,0,0,0,0,0,0,0,0,0,0,2015-01-28 14:40,Property,14.55767933,121.038147,Side Swipe
None,EDSA,None,None,"No Accident Factor, Side Swipe, 0.0 drivers_injured, 0.0 drivers_killed, 0.0 passengers_injured, 0.0 passengers_killed, 0.0 pedestrian_injured, 0.0 pedestrian_killed, Fair (Day), EDSA Ayala Ave. Makati",MMDA Road Safety Unit,,28899d21-c3ec-4217-8246-8e27dab41fcd,2015-01-28,05:50:00,EDSA  Guadalupe Loading Bay (SB) Makati,0,0,0,0,0,0,0,0,0,0,2015-01-28 13:50,Property,14.5503157,121.0293627,Side Swipe
None,EDSA,None,None,"No Accident Factor, Multiple Collision, 0.0 drivers_injured, 0.0 drivers_killed, 0.0 passengers_injured, 0.0 passengers_killed, 0.0 pedestrian_injured, 0.0 pedestrian_killed, Fair (Day), EDSA McKinley Road Makati",MMDA Road Safety Unit,,e968a528-0b42-44fe-8988-4d2f17b01720,2015-01-28,02:30:00,"EDSA ""U"" turn slot, Buenida Ave.  Makati",0,0,0,0,0,0,0,0,0,0,2015-01-28 10:30,Property,14.55015688,121.0295286,Multiple
None,EDSA,None,None,"No Accident Factor, Side Swipe, 0.0 drivers_injured, 0.0 drivers_killed, 0.0 passengers_injured, 0.0 passengers_killed, 0.0 pedestrian_injured, 0.0 pedestrian_killed, Fair (Day), EDSA Ayala Ave. Makati",MMDA Road Safety Unit,,3b004a51-f971-400f-9f3a-6967ffd1a7a0,2015-01-26,01:45:00,EDSA  Buendia Ave. Loading Bay (NB) Makati,0,0,0,0,0,0,0,0,0,0,2015-01-26 9:45,Property,14.5503157,121.0293627,Side Swipe
None,EDSA,None,None,"No Accident Factor, Rear-end, 0.0 drivers_injured, 0.0 drivers_killed, 0.0 passengers_injured, 0.0 passengers_killed, 0.0 pedestrian_injured, 0.0 pedestrian_killed, Fair (Night), EDSA Ayala Ave. Makati",MMDA Road Safety Unit,,c21ea8ba-4ee0-41e0-87a4-d9522c3e3861,2015-01-23,11:05:00,EDSA  Guadalupe MRT Station (SB) Makati,0,0,0,0,0,0,0,0,0,0,2015-01-23 19:05,Property,14.5503157,121.0293627,Rear-End
None,EDSA,None,None,"No Accident Factor, Rear-end, 0.0 drivers_injured, 0.0 drivers_killed, 0.0 passengers_injured, 0.0 passengers_killed, 0.0 pedestrian_injured, 0.0 pedestrian_killed, Fair (Day), EDSA Mc Kinley Service Road Makati",MMDA Road Safety Unit,,4608f131-7c28-4a0b-a1d1-6bd7ceaa1de7,2015-01-22,23:10:00,EDSA Evangelista St. Makati,0,0,0,0,0,0,0,0,0,0,2015-01-23 7:10,Property,14.5501403,121.0294629,Rear-End