LOCATION_TEXT,ROAD,WEATHER,LIGHT,DESC,REPORTING_AGENCY,MAIN_CAUSE,INCIDENTDETAILS_ID,DATE_UTC,TIME_UTC,ADDRESS,killed_driver,killed_passenger,killed_pedestrian,injured_driver,injured_passenger,injured_pedestrian,killed_uncategorized,injured_uncategorized,killed_total,injured_total,DATETIME_PST,SEVERITY,Y,X,COLLISION_TYPE
None,EDSA,None,None,"No Accident Factor, Angle Impact, 0.0 drivers_injured, 0.0 drivers_killed, 0.0 passengers_injured, 0.0 passengers_killed, 0.0 pedestrian_injured, 0.0 pedestrian_killed, Fair (Night), EDSA Climaco St. Makati",MMDA Road Safety Unit,,f4aebdfc-03ef-48be-835b-db4d1090fca4,2015-01-22,13:00:00,EDSA  Ayala Ave. (SB) Makati,0,0,0,0,0,0,0,0,0,0,2015-01-22 21:00,Property,14.53962369,121.014277,Angle Impact
None,EDSA,None,None,"No Accident Factor, Side Swipe, 0.0 drivers_injured, 0.0 drivers_killed, 0.0 passengers_injured, 0.0 passengers_killed, 0.0 pedestrian_injured, 0.0 pedestrian_killed, Fair (Day), EDSA Evangelista St. Makati",MMDA Road Safety Unit,,4b8fb154-d4b7-4913-bfa7-79796218f1f7,2015-01-22,08:30:00,EDSA Mc Kinley Road Makati,0,0,0,0,0,0,0,0,0,0,2015-01-22 16:30,Property,14.53906878,121.012324,Side Swipe
None,EDSA,None,None,"No Accident Factor, Rear-end, 0.0 drivers_injured, 0.0 drivers_killed, 0.0 passengers_injured, 0.0 passengers_killed, 0.0 pedestrian_injured, 0.0 pedestrian_killed, Fair (Day), EDSA McKinley Road Makati",MMDA Road Safety Unit,,a8ee000e-1c6f-448e-ab01-c35e27e4a175,2015-01-21,04:00:00,EDSA A. Arnaiz Ave. Makati,0,0,0,0,0,0,0,0,0,0,2015-01-21 12:00,Property,14.55015688,121.0295286,Rear-End
None,EDSA,None,None,"No Accident Factor, Side Swipe, 0.0 drivers_injured, 0.0 drivers_killed, 0.0 passengers_injured, 0.0 passengers_killed, 0.0 pedestrian_injured, 0.0 pedestrian_killed, Fair (Day), EDSA A. Arnaiz Ave. Makati",MMDA Road Safety Unit,,848b3899-043d-47eb-9aed-ef2b2e17e709,2015-01-21,01:15:00,EDSA Magallanes Ave. Makati,0,0,0,0,0,0,0,0,0,0,2015-01-21 9:15,Property,14.54734176,121.0262804,Side Swipe
None,EDSA,None,None,"No Accident Factor, Side Swipe, 0.0 drivers_injured, 0.0 drivers_killed, 0.0 passengers_injured, 0.0 passengers_killed, 0.0 pedestrian_injured, 0.0 pedestrian_killed, Fair (Night), EDSA Harvard St. Makati",MMDA Road Safety Unit,,9a681aef-ca6d-4fba-9cbb-8a7b342e60e3,2015-01-20,13:30:00,EDSA MRT Buendia Station (NB)  Makati,0,0,0,0,0,0,0,0,0,0,2015-01-20 21:30,Property,14.55920138,121.0400581,Side Swipe
None,EDSA,None,None,"No Accident Factor, Rear-end, 0.0 drivers_injured, 0.0 drivers_killed, 0.0 passengers_injured, 0.0 passengers_killed, 0.0 pedestrian_injured, 0.0 pedestrian_killed, Fair (Day), EDSA Magallanes Loading Bay Makati",MMDA Road Safety Unit,,53cb05db-3278-4867-8227-8c0b38579786,2015-01-20,06:10:00,EDSA  Estrella St.  Makati,0,0,0,0,0,0,0,0,0,0,2015-01-20 14:10,Property,14.54402536,121.021754,Rear-End
None,EDSA,None,None,"No Accident Factor, No Collision Stated (based on Police Blotter Book), 0.0 drivers_injured, 0.0 drivers_killed, 0.0 passengers_injured, 0.0 passengers_killed, 0.0 pedestrian_injured, 0.0 pedestrian_killed, Fair (Day), EDSA Magallanes Interchange Makati",MMDA Road Safety Unit,,22311cb0-e30e-4b9a-a64a-c93892a03760,2015-01-16,04:40:00,EDSA A. Arnaiz Ave. Makati,0,0,0,0,0,0,0,0,0,0,2015-01-16 12:40,Property,14.54679556,121.0248047,No Collision Stated
None,EDSA,None,None,"No Accident Factor, Side Swipe, 0.0 drivers_injured, 0.0 drivers_killed, 0.0 passengers_injured, 0.0 passengers_killed, 0.0 pedestrian_injured, 0.0 pedestrian_killed, Fair (Day), EDSA Amorsolo St. Makati",MMDA Road Safety Unit,,4bce152c-5869-4060-bdd6-17cb0e19454c,2015-01-16,00:30:00,EDSA Magallanes Ave. Makati,0,0,0,0,0,0,0,0,0,0,2015-01-16 8:30,Property,14.54231742,121.0194498,Side Swipe
None,EDSA,None,None,"No Accident Factor, No Collision Stated (based on Police Blotter Book), 0.0 drivers_injured, 0.0 drivers_killed, 9.0 passengers_injured, 0.0 passengers_killed, 0.0 pedestrian_injured, 0.0 pedestrian_killed, Fair (Night), EDSA Buendia Ave. Makati",MMDA Road Safety Unit,,8c67ff8d-69bb-4a76-acf2-949660cecd11,2015-01-15,12:30:00,EDSA Magallanes Interchange (NB) Makati,0,0,0,0,9,0,0,0,0,9,2015-01-15 20:30,Injury,14.55516134,121.0349756,No Collision Stated
None,EDSA,None,None,"No Accident Factor, Angle Impact, 0.0 drivers_injured, 0.0 drivers_killed, 0.0 passengers_injured, 0.0 passengers_killed, 0.0 pedestrian_injured, 0.0 pedestrian_killed, Fair (Night), EDSA Harvard St. Makati",MMDA Road Safety Unit,,16fb8e83-253f-4feb-9827-d05fbf199f8b,2015-01-14,13:00:00,EDSA Buendia Ave. Exit Makati,0,0,0,0,0,0,0,0,0,0,2015-01-14 21:00,Property,14.55920138,121.0400581,Angle Impact
None,EDSA,None,None,"No Accident Factor, No Collision Stated (based on Police Blotter Book), 0.0 drivers_injured, 0.0 drivers_killed, 0.0 passengers_injured, 0.0 passengers_killed, 0.0 pedestrian_injured, 0.0 pedestrian_killed, Fair (Night), EDSA A. Arnaiz Ave. Makati",MMDA Road Safety Unit,,bbb066b5-8ae2-4c3c-b3b9-48ba515809ca,2015-01-12,18:00:00,EDSA J.P. Rizal Ave. Makati,0,0,0,0,0,0,0,0,0,0,2015-01-13 2:00,Property,14.54734176,121.0262804,No Collision Stated
None,EDSA,None,None,"No Accident Factor, Side Swipe, 0.0 drivers_injured, 0.0 drivers_killed, 0.0 passengers_injured, 0.0 passengers_killed, 0.0 pedestrian_injured, 0.0 pedestrian_killed, Fair (Night), EDSA Palm Drive Makati",MMDA Road Safety Unit,,a599cbf5-ee5d-4f13-a9e4-f286f3a5f7f9,2015-01-12,11:15:00,EDSA Kalayaan Ave.  Makati,0,0,0,0,0,0,0,0,0,0,2015-01-12 19:15,Property,14.54840479,121.0270209,Side Swipe
None,EDSA,None,None,"No Accident Factor, Rear-end, 0.0 drivers_injured, 0.0 drivers_killed, 0.0 passengers_injured, 0.0 passengers_killed, 0.0 pedestrian_injured, 0.0 pedestrian_killed, Fair (Night), EDSA Chino Roces Ave. Makati",MMDA Road Safety Unit,,f6e70fd6-2e7d-4515-82ca-3325942d12eb,2015-01-09,11:00:00,EDSA Guadalupe Bridge (NB) Makati,0,0,0,0,0,0,0,0,0,0,2015-01-09 19:00,Property,14.54117334,121.0183458,Rear-End
None,EDSA,None,None,"No Accident Factor, Rear-end, 0.0 drivers_injured, 0.0 drivers_killed, 0.0 passengers_injured, 0.0 passengers_killed, 0.0 pedestrian_injured, 0.0 pedestrian_killed, Fair (Night), EDSA Buendia Ave. Makati",MMDA Road Safety Unit,,3b7609df-1605-417e-aede-89c3b6518196,2015-01-06,12:30:00,EDSA Mc Kinley Access Road Makati,0,0,0,0,0,0,0,0,0,0,2015-01-06 20:30,Property,14.55516134,121.0349756,Rear-End
None,EDSA,None,None,"No Accident Factor, Self-Accident, 0.0 drivers_injured, 0.0 drivers_killed, 0.0 passengers_injured, 0.0 passengers_killed, 0.0 pedestrian_injured, 0.0 pedestrian_killed, Fair (Day), EDSA Ayala Ave. Makati",MMDA Road Safety Unit,,ba1a91cd-8398-4124-85c4-171822642d63,2015-01-04,05:30:00,EDSA Magallanes Ave. Makati,0,0,0,0,0,0,0,0,0,0,2015-01-04 13:30,Property,14.5503157,121.0293627,Self-Accident
None,EDSA,None,None,"No Accident Factor, Side Swipe, 0.0 drivers_injured, 0.0 drivers_killed, 0.0 passengers_injured, 0.0 passengers_killed, 0.0 pedestrian_injured, 0.0 pedestrian_killed, Fair (Night), EDSA J. P. Rizal Ave. Makati",MMDA Road Safety Unit,,b994d4e8-2816-4468-ace2-e793456d06e7,2015-01-03,21:10:00,EDSA Guadalupe (SB)  Makati,0,0,0,0,0,0,0,0,0,0,2015-01-04 5:10,Property,14.56800921,121.0459132,Side Swipe
None,EDSA,None,None,"No Accident Factor, Side Swipe, 0.0 drivers_injured, 0.0 drivers_killed, 0.0 passengers_injured, 0.0 passengers_killed, 0.0 pedestrian_injured, 0.0 pedestrian_killed, Fair (Night), EDSA Magallanes Interchange Makati",MMDA Road Safety Unit,,22bfcfb5-f5a4-4335-8874-bee5129d769e,2015-01-01,13:00:00,EDSA Mc Kinley Road Makati,0,0,0,0,0,0,0,0,0,0,2015-01-01 21:00,Property,14.54679556,121.0248047,Side Swipe
None,EDSA,None,None,"No Accident Factor, Rear-end, 0.0 drivers_injured, 0.0 drivers_killed, 0.0 passengers_injured, 0.0 passengers_killed, 0.0 pedestrian_injured, 0.0 pedestrian_killed, Fair (Day), EDSA Buendia Ave. Makati",MMDA Road Safety Unit,,d385dc44-53e5-4c22-9724-7db1af543cdf,2014-12-23,09:15:00,EDSA Ayala Loading Bay (SB)  Makati,0,0,0,0,0,0,0,0,0,0,2014-12-23 17:15,Property,14.55516134,121.0349756,Rear-End
None,EDSA,None,None,"No Accident Factor, No Collision Stated (based on Police Blotter Book), 0.0 drivers_injured, 0.0 drivers_killed, 0.0 passengers_injured, 0.0 passengers_killed, 0.0 pedestrian_injured, 0.0 pedestrian_killed, Fair (Day), EDSA Buendia Ave. Makati",MMDA Road Safety Unit,,652296a1-f7c9-4ef7-a37a-3dd5e710f9e4,2014-12-22,07:30:00,EDSA Ayala Loading Bay  Makati,0,0,0,0,0,0,0,0,0,0,2014-12-22 15:30,Property,14.55516134,121.0349756,No Collision Stated
None,EDSA,None,None,"No Accident Factor, Rear-end, 0.0 drivers_injured, 0.0 drivers_killed, 0.0 passengers_injured, 0.0 passengers_killed, 0.0 pedestrian_injured, 0.0 pedestrian_killed, Fair (Day), EDSA  Mc Kinley Road Makati",MMDA Road Safety Unit,,49d3bd2d-5521-4622-8b1c-16589feaa5f0,2014-12-22,04:00:00,EDSA Buendia Ave. (SB) Makati,0,0,0,0,0,0,0,0,0,0,2014-12-22 12:00,Property,14.5501084,121.0294797,Rear-End
None,EDSA,None,None,"No Accident Factor, Multiple Collision, 0.0 drivers_injured, 0.0 drivers_killed, 0.0 passengers_injured, 0.0 passengers_killed, 0.0 pedestrian_injured, 0.0 pedestrian_killed, Rain (Night), EDSA Kalayaan-Buendia Ave. Makati",MMDA Road Safety Unit,,9983ee91-2878-4d2c-898a-f92bfad32832,2014-12-20,12:30:00,EDSA  Estrella St.  Makati,0,0,0,0,0,0,0,0,0,0,2014-12-20 20:30,Property,14.55756121,121.0378941,Multiple
None,EDSA,None,None,"No Accident Factor, Rear-end, 0.0 drivers_injured, 0.0 drivers_killed, 0.0 passengers_injured, 0.0 passengers_killed, 0.0 pedestrian_injured, 0.0 pedestrian_killed, Fair (Day), EDSA A. Arnaiz Ave. Makati",MMDA Road Safety Unit,,b0b703ca-0834-4ba4-92d2-8987c870f658,2014-12-20,05:05:00,EDSA Guadalupe  Makati,0,0,0,0,0,0,0,0,0,0,2014-12-20 13:05,Property,14.54734176,121.0262804,Rear-End
None,EDSA,None,None,"No Accident Factor, Rear-end, 0.0 drivers_injured, 0.0 drivers_killed, 0.0 passengers_injured, 0.0 passengers_killed, 0.0 pedestrian_injured, 0.0 pedestrian_killed, Fair (Night), EDSA Guadalupe Bridge Makati",MMDA Road Safety Unit,,5c85f1ad-e6e8-442e-acf8-c6f5d79c5a18,2014-12-19,16:10:00,EDSA Buendia Ave.  Makati,0,0,0,0,0,0,0,0,0,0,2014-12-20 0:10,Property,14.56846648,121.0458404,Rear-End
None,EDSA,None,None,"No Accident Factor, Side Swipe, 0.0 drivers_injured, 0.0 drivers_killed, 0.0 passengers_injured, 0.0 passengers_killed, 0.0 pedestrian_injured, 0.0 pedestrian_killed, Fair (Night), EDSA Kalayaan Ave. (WB) Makati",MMDA Road Safety Unit,,8be2d9f2-92a3-4b56-b472-afed31451a1e,2014-12-19,13:00:00,EDSA Magallanes (SB)  Makati,0,0,0,0,0,0,0,0,0,0,2014-12-19 21:00,Property,14.55767933,121.038147,Side Swipe
None,EDSA,None,None,"No Accident Factor, Angle Impact, 1.0 drivers_injured, 0.0 drivers_killed, 0.0 passengers_injured, 0.0 passengers_killed, 0.0 pedestrian_injured, 0.0 pedestrian_killed, Fair (Day), EDSA  Magallanes Interchange (SB) Makati",MMDA Road Safety Unit,,7adb3f08-8cbb-4aa7-a56f-284e8a9fe1e0,2014-12-18,23:35:00,EDSA Guadalupe Mall Makati,0,0,0,1,0,0,0,0,0,1,2014-12-19 7:35,Injury,14.54053669,121.0168099,Angle Impact
None,EDSA,None,None,"No Accident Factor, Side Swipe, 0.0 drivers_injured, 0.0 drivers_killed, 0.0 passengers_injured, 0.0 passengers_killed, 0.0 pedestrian_injured, 0.0 pedestrian_killed, Fair (Day), EDSA  Guadalupe Loading Bay (SB) Makati",MMDA Road Safety Unit,,f3896180-b46b-46fe-8ec1-060f35c64d98,2014-12-18,23:00:00,EDSA Orense St. (NB)  Makati,0,0,0,0,0,0,0,0,0,0,2014-12-19 7:00,Property,14.5669049,121.0455252,Side Swipe
None,EDSA,None,None,"No Accident Factor, Rear-end, 0.0 drivers_injured, 0.0 drivers_killed, 0.0 passengers_injured, 0.0 passengers_killed, 0.0 pedestrian_injured, 0.0 pedestrian_killed, Fair (Day), EDSA ""U"" turn slot, Buenida Ave.  Makati",MMDA Road Safety Unit,,43952d92-6110-4308-873f-4997a1d02ffc,2014-12-18,08:30:00,EDSA Buendia Ave. (NB)  Makati,0,0,0,0,0,0,0,0,0,0,2014-12-18 16:30,Property,14.55541384,121.0354694,Rear-End
None,EDSA,None,None,"No Accident Factor, Side Swipe, 0.0 drivers_injured, 0.0 drivers_killed, 0.0 passengers_injured, 0.0 passengers_killed, 0.0 pedestrian_injured, 0.0 pedestrian_killed, Fair (Day), EDSA  Buendia Ave. Loading Bay (NB) Makati",MMDA Road Safety Unit,,0631063c-9cb6-410a-83ed-12e8bacd7295,2014-12-18,02:30:00,EDSA Magallanes (NB)  Makati,0,0,0,0,0,0,0,0,0,0,2014-12-18 10:30,Property,14.5552394,121.0350036,Side Swipe
None,EDSA,None,None,"No Accident Factor, Rear-end, 0.0 drivers_injured, 0.0 drivers_killed, 0.0 passengers_injured, 0.0 passengers_killed, 0.0 pedestrian_injured, 0.0 pedestrian_killed, Fair (Day), EDSA  Guadalupe MRT Station (SB) Makati",MMDA Road Safety Unit,,34ec2a02-0514-4779-9216-c1ed03872f6e,2014-12-18,02:25:00,EDSA Estrella Pet Plans Bldg. (SB)  Makati,0,0,0,0,0,0,0,0,0,0,2014-12-18 10:25,Property,14.5669049,121.0455252,Rear-End
None,EDSA,None,None,"No Accident Factor, Rear-end, 0.0 drivers_injured, 0.0 drivers_killed, 0.0 passengers_injured, 0.0 passengers_killed, 0.0 pedestrian_injured, 0.0 pedestrian_killed, Fair (Day), EDSA Evangelista St. Makati",MMDA Road Safety Unit,,7b0b07e7-c7c2-4e2f-af64-0708e0a3a28f,2014-12-17,04:30:00,EDSA Estrella St. (NB)  Makati,0,0,0,0,0,0,0,0,0,0,2014-12-17 12:30,Property,14.53906878,121.012324,Rear-End
None,EDSA,None,None,"No Accident Factor, Rear-end, 0.0 drivers_injured, 0.0 drivers_killed, 0.0 passengers_injured, 0.0 passengers_killed, 0.0 pedestrian_injured, 0.0 pedestrian_killed, Fair (Day), EDSA  Ayala Ave. (SB) Makati",MMDA Road Safety Unit,,6ce031cc-ada2-449f-a2a7-67e9a7ea04c0,2014-12-17,00:20:00,EDSA Buendia Ave.  Makati,0,0,0,0,0,0,0,0,0,0,2014-12-17 8:20,Property,14.55041654,121.0294372,Rear-End
None,EDSA,None,None,"No Accident Factor, Angle Impact, 1.0 drivers_injured, 0.0 drivers_killed, 1.0 passengers_injured, 0.0 passengers_killed, 0.0 pedestrian_injured, 0.0 pedestrian_killed, Fair (Night), EDSA Mc Kinley Road Makati",MMDA Road Safety Unit,,8bad6432-6b87-424e-b7ea-5e023ef4b4e0,2014-12-16,17:15:00,EDSA Ayala Ave. (NB) Makati,0,0,0,1,1,0,0,0,0,2,2014-12-17 1:15,Injury,14.5501403,121.0294629,Angle Impact
None,EDSA,None,None,"No Accident Factor, Hit and Run (No Collision Stated), 0.0 drivers_injured, 0.0 drivers_killed, 0.0 passengers_injured, 0.0 passengers_killed, 0.0 pedestrian_injured, 0.0 pedestrian_killed, Fair (Day), EDSA A. Arnaiz Ave. Makati",MMDA Road Safety Unit,,dd8a4b65-e9e7-42ae-b157-2e5f8d4775de,2014-12-16,06:50:00,EDSA Buendia Loading Bay (NB)  Makati,0,0,0,0,0,0,0,0,0,0,2014-12-16 14:50,Property,14.54734176,121.0262804,No Collision Stated
None,EDSA,None,None,"No Accident Factor, Hit Object (No Object Stated), 0.0 drivers_injured, 0.0 drivers_killed, 0.0 passengers_injured, 0.0 passengers_killed, 0.0 pedestrian_injured, 0.0 pedestrian_killed, Fair (Day), EDSA Magallanes Ave. Makati",MMDA Road Safety Unit,,8386d31e-e55f-4a6c-9f8d-89ef5afdfdae,2014-12-16,06:45:00,"EDSA Buendia Ave. ""U"" turn slot  Makati",0,0,0,0,0,0,0,0,0,0,2014-12-16 14:45,Property,14.53924572,121.0142961,Hit Object
None,EDSA,None,None,"No Accident Factor, Side Swipe, 0.0 drivers_injured, 0.0 drivers_killed, 0.0 passengers_injured, 0.0 passengers_killed, 0.0 pedestrian_injured, 0.0 pedestrian_killed, Fair (Night), EDSA MRT Buendia Station (NB)  Makati",MMDA Road Safety Unit,,b6ff7295-df61-418e-89c5-5dc34a5e97e2,2014-12-16,05:45:00,EDSA Magallanes (SB)  Makati,0,0,0,0,0,0,0,0,0,0,2014-12-16 13:45,Property,14.55426124,121.033876,Side Swipe
None,EDSA,None,None,"No Accident Factor, Side Swipe, 0.0 drivers_injured, 0.0 drivers_killed, 0.0 passengers_injured, 0.0 passengers_killed, 0.0 pedestrian_injured, 0.0 pedestrian_killed, Fair (Night), EDSA  Estrella St.  Makati",MMDA Road Safety Unit,,93ff561e-7f38-4f90-98d9-f58b23d1888a,2014-12-16,00:00:00,EDSA Guadalupe Loading Bay (SB)  Makati,0,0,0,0,0,0,0,0,0,0,2014-12-16 8:00,Property,14.56004037,121.040758,Side Swipe
None,EDSA,None,None,"No Accident Factor, Hit and Run (No Collision Stated), 0.0 drivers_injured, 0.0 drivers_killed, 0.0 passengers_injured, 0.0 passengers_killed, 0.0 pedestrian_injured, 0.0 pedestrian_killed, Fair (Night), EDSA A. Arnaiz Ave. Makati",MMDA Road Safety Unit,,83b5aad5-991d-4e59-a3cf-85988dade62f,2014-12-15,16:30:00,EDSA Guadalupe (SB)  Makati,0,0,0,0,0,0,0,0,0,0,2014-12-16 0:30,Property,14.54734176,121.0262804,No Collision Stated
None,EDSA,None,None,"No Accident Factor, No Collision Stated (based on Police Blotter Book), 0.0 drivers_injured, 0.0 drivers_killed, 0.0 passengers_injured, 0.0 passengers_killed, 0.0 pedestrian_injured, 0.0 pedestrian_killed, Fair (Day), EDSA Magallanes Ave. Makati",MMDA Road Safety Unit,,06b56350-f8b1-41bc-a349-20a15237a68d,2014-12-15,05:00:00,EDSA Ayala MRT Station (NB) Loading Bay  Makati,0,0,0,0,0,0,0,0,0,0,2014-12-15 13:00,Property,14.53924572,121.0142961,No Collision Stated
None,EDSA,None,None,"No Accident Factor, Side Swipe, 0.0 drivers_injured, 0.0 drivers_killed, 0.0 passengers_injured, 0.0 passengers_killed, 0.0 pedestrian_injured, 0.0 pedestrian_killed, Fair (Night), EDSA Magallanes Interchange (NB) Makati",MMDA Road Safety Unit,,0917f8e3-2088-427e-b14d-cd87c03e1cfb,2014-12-14,11:40:00,"EDSA Buendia Ave. (SB) ""U"" turn slot  Makati",0,0,0,0,0,0,0,0,0,0,2014-12-14 19:40,Property,14.54679556,121.0248047,Side Swipe
None,EDSA,None,None,"No Accident Factor, Rear-end, 0.0 drivers_injured, 0.0 drivers_killed, 0.0 passengers_injured, 0.0 passengers_killed, 0.0 pedestrian_injured, 0.0 pedestrian_killed, Fair (Night), EDSA Buendia Ave. Exit Makati",MMDA Road Safety Unit,,54ee420c-60f5-43d5-9cb8-06a0c397c3b8,2014-12-12,10:30:00,EDSA Alpha Land Mall Magallanes  Makati,0,0,0,0,0,0,0,0,0,0,2014-12-12 18:30,Property,14.55489642,121.0348811,Rear-End
None,EDSA,None,None,"No Accident Factor, Rear-end, 0.0 drivers_injured, 0.0 drivers_killed, 0.0 passengers_injured, 0.0 passengers_killed, 0.0 pedestrian_injured, 0.0 pedestrian_killed, Fair (Day), EDSA J.P. Rizal Ave. Makati",MMDA Road Safety Unit,,dbdfa81f-b8d2-43bf-bf57-3b49302d9369,2014-12-10,23:50:00,EDSA Estrella St.  Makati,0,0,0,0,0,0,0,0,0,0,2014-12-11 7:50,Property,14.56801365,121.045729,Rear-End
None,EDSA,None,None,"No Accident Factor, Side Swipe, 0.0 drivers_injured, 0.0 drivers_killed, 0.0 passengers_injured, 0.0 passengers_killed, 0.0 pedestrian_injured, 0.0 pedestrian_killed, Fair (Night), EDSA Kalayaan Ave.  Makati",MMDA Road Safety Unit,,fb768451-68e2-4419-98aa-a0ae0b4a36b7,2014-12-10,14:20:00,EDSA Evangelista St. Makati,0,0,0,0,0,0,0,0,0,0,2014-12-10 22:20,Property,14.55767933,121.038147,Side Swipe
None,EDSA,None,None,"No Accident Factor, Side Swipe, 0.0 drivers_injured, 0.0 drivers_killed, 0.0 passengers_injured, 0.0 passengers_killed, 0.0 pedestrian_injured, 0.0 pedestrian_killed, Fair (Day), EDSA Guadalupe Bridge (NB) Makati",MMDA Road Safety Unit,,171bb9ed-7d45-43d5-8c57-e19db41dad21,2014-12-10,02:00:00,EDSA Ayala Ave. (NB) Makati,0,0,0,0,0,0,0,0,0,0,2014-12-10 10:00,Property,14.56846648,121.0458404,Side Swipe
None,EDSA,None,None,"No Accident Factor, Angle Impact, 0.0 drivers_injured, 0.0 drivers_killed, 0.0 passengers_injured, 0.0 passengers_killed, 0.0 pedestrian_injured, 0.0 pedestrian_killed, Rain (Day), EDSA Mc Kinley Access Road Makati",MMDA Road Safety Unit,,d6986c9c-6d89-40d6-9aeb-f22018eb1c24,2014-12-09,07:15:00,EDSA Magallanes (NB)  Makati,0,0,0,0,0,0,0,0,0,0,2014-12-09 15:15,Property,14.5501403,121.0294629,Angle Impact
None,EDSA,None,None,"No Accident Factor, Side Swipe, 0.0 drivers_injured, 0.0 drivers_killed, 0.0 passengers_injured, 0.0 passengers_killed, 0.0 pedestrian_injured, 0.0 pedestrian_killed, Rain (Day), EDSA Magallanes Ave. Makati",MMDA Road Safety Unit,,39d09345-bd15-4c44-af3f-2a8e5133aca0,2014-12-09,02:00:00,EDSA Harvard St.  Makati,0,0,0,0,0,0,0,0,0,0,2014-12-09 10:00,Property,14.53924572,121.0142961,Side Swipe
None,EDSA,None,None,"No Accident Factor, Side Swipe, 0.0 drivers_injured, 0.0 drivers_killed, 0.0 passengers_injured, 0.0 passengers_killed, 0.0 pedestrian_injured, 0.0 pedestrian_killed, Fair (Day), EDSA Guadalupe (SB)  Makati",MMDA Road Safety Unit,,6d01c913-0945-498c-af07-dfde5a84c829,2014-12-09,01:25:00,EDSA Boni Ave.  Makati,0,0,0,0,0,0,0,0,0,0,2014-12-09 9:25,Property,14.56662777,121.0455282,Side Swipe
None,EDSA,None,None,"No Accident Factor, Rear-end, 0.0 drivers_injured, 0.0 drivers_killed, 0.0 passengers_injured, 0.0 passengers_killed, 0.0 pedestrian_injured, 0.0 pedestrian_killed, Fair (Night), EDSA Mc Kinley Road Makati",MMDA Road Safety Unit,,8567477d-1d2a-4e69-810b-2165bceb05a7,2014-12-05,12:30:00,EDSA Chino Roces Ave.  Makati,0,0,0,0,0,0,0,0,0,0,2014-12-05 20:30,Property,14.5501403,121.0294629,Rear-End
None,EDSA,None,None,"No Accident Factor, No Collision Stated (based on Police Blotter Book), 0.0 drivers_injured, 0.0 drivers_killed, 0.0 passengers_injured, 0.0 passengers_killed, 0.0 pedestrian_injured, 0.0 pedestrian_killed, Fair (Day), EDSA Ayala Loading Bay (SB)  Makati",MMDA Road Safety Unit,,49e6fd8d-a7f8-4302-aed1-747848cc15a3,2014-12-05,08:45:00,EDSA Mc Kinley Road Makati,0,0,0,0,0,0,0,0,0,0,2014-12-05 16:45,Property,14.54906772,121.0276631,No Collision Stated
None,EDSA,None,None,"No Accident Factor, Side Swipe, 0.0 drivers_injured, 0.0 drivers_killed, 0.0 passengers_injured, 0.0 passengers_killed, 0.0 pedestrian_injured, 0.0 pedestrian_killed, Fair (Day), EDSA Ayala Loading Bay  Makati",MMDA Road Safety Unit,,2787da9e-9e16-40e5-b80a-659a7beb0626,2014-12-05,04:00:00,EDSA Harvard St.  Makati,0,0,0,0,0,0,0,0,0,0,2014-12-05 12:00,Property,14.54906772,121.0276631,Side Swipe
None,EDSA,None,None,"No Accident Factor, Rear-end, 0.0 drivers_injured, 0.0 drivers_killed, 0.0 passengers_injured, 0.0 passengers_killed, 0.0 pedestrian_injured, 0.0 pedestrian_killed, Fair (Day), EDSA Buendia Ave. (SB) Makati",MMDA Road Safety Unit,,109f7a1d-f090-407b-a901-2089f4373253,2014-12-05,01:30:00,EDSA Chino Roces Ave. Makati,0,0,0,0,0,0,0,0,0,0,2014-12-05 9:30,Property,14.55489642,121.0348811,Rear-End
None,EDSA,None,None,"No Accident Factor, Rear-end, 0.0 drivers_injured, 0.0 drivers_killed, 0.0 passengers_injured, 0.0 passengers_killed, 0.0 pedestrian_injured, 0.0 pedestrian_killed, Fair (Day), EDSA  Estrella St.  Makati",MMDA Road Safety Unit,,09256828-476e-4fd2-b503-a128c37d4c99,2014-12-03,07:30:00,EDSA Guadalupe  Makati,0,0,0,0,0,0,0,0,0,0,2014-12-03 15:30,Property,14.56004037,121.040758,Rear-End
None,EDSA,None,None,"No Accident Factor, Rear-end, 0.0 drivers_injured, 0.0 drivers_killed, 0.0 passengers_injured, 0.0 passengers_killed, 0.0 pedestrian_injured, 0.0 pedestrian_killed, Fair (Day), EDSA Guadalupe  Makati",MMDA Road Safety Unit,,9e2761be-c4e1-49e0-ae9c-59e11aae4b68,2014-12-02,09:50:00,EDSA Guadalupe Loading Bay (SB)  Makati,0,0,0,0,0,0,0,0,0,0,2014-12-02 17:50,Property,14.56662777,121.0455282,Rear-End
None,EDSA,None,None,"No Accident Factor, Side Swipe, 0.0 drivers_injured, 0.0 drivers_killed, 0.0 passengers_injured, 0.0 passengers_killed, 0.0 pedestrian_injured, 0.0 pedestrian_killed, Fair (Day), EDSA Buendia Ave.  Makati",MMDA Road Safety Unit,,50e5178c-9713-4fa9-81ef-4d6f0d1bb5d8,2014-12-02,02:20:00,EDSA  Rockwell (SB)  Makati,0,0,0,0,0,0,0,0,0,0,2014-12-02 10:20,Property,14.55517972,121.0349173,Side Swipe
None,EDSA,None,None,"No Accident Factor, Multiple Collision, 1.0 drivers_injured, 0.0 drivers_killed, 0.0 passengers_injured, 0.0 passengers_killed, 0.0 pedestrian_injured, 0.0 pedestrian_killed, Fair (Night), EDSA Magallanes (SB)  Makati",MMDA Road Safety Unit,,c8a15746-803c-4960-b21a-a5bc780b7d4a,2014-12-01,21:30:00,EDSA Buendia Loading Bay (NB)  Makati,0,0,0,1,0,0,0,0,0,1,2014-12-02 5:30,Injury,14.53955946,121.0143517,Multiple
None,EDSA,None,None,"No Accident Factor, Rear-end, 0.0 drivers_injured, 0.0 drivers_killed, 0.0 passengers_injured, 0.0 passengers_killed, 0.0 pedestrian_injured, 0.0 pedestrian_killed, Rain (Night), EDSA Guadalupe Mall Makati",MMDA Road Safety Unit,,7428a1ca-5731-48cf-b1e1-2839a87579d7,2014-11-28,16:30:00,EDSA Estrella St. Makati,0,0,0,0,0,0,0,0,0,0,2014-11-29 0:30,Property,14.56684034,121.0455246,Rear-End