LOCATION_TEXT,ROAD,WEATHER,LIGHT,DESC,REPORTING_AGENCY,MAIN_CAUSE,INCIDENTDETAILS_ID,DATE_UTC,TIME_UTC,ADDRESS,killed_driver,killed_passenger,killed_pedestrian,injured_driver,injured_passenger,injured_pedestrian,killed_uncategorized,injured_uncategorized,killed_total,injured_total,DATETIME_PST,SEVERITY,Y,X,COLLISION_TYPE
None,EDSA,None,None,"No Accident Factor, Rear-end, 0.0 drivers_injured, 0.0 drivers_killed, 0.0 passengers_injured, 0.0 passengers_killed, 0.0 pedestrian_injured, 0.0 pedestrian_killed, Fair (Day), EDSA Orense St. (NB)  Makati",MMDA Road Safety Unit,,3df37054-197c-4185-a612-8f490619a51b,2014-11-28,07:15:00,EDSA Guadalupe (SB)  Makati,0,0,0,0,0,0,0,0,0,0,2014-11-28 15:15,Property,14.56156378,121.0428336,Rear-End
None,EDSA,None,None,"No Accident Factor, Side Swipe, 0.0 drivers_injured, 0.0 drivers_killed, 0.0 passengers_injured, 0.0 passengers_killed, 0.0 pedestrian_injured, 0.0 pedestrian_killed, Fair (Day), EDSA Buendia Ave. (NB)  Makati",MMDA Road Safety Unit,,fb212f7f-8147-4232-9773-ec0af6cb9109,2014-11-28,07:15:00,EDSA Ayala Loading Bay  Makati,0,0,0,0,0,0,0,0,0,0,2014-11-28 15:15,Property,14.55489642,121.0348811,Side Swipe
None,EDSA,None,None,"No Accident Factor, Rear-end, 0.0 drivers_injured, 0.0 drivers_killed, 0.0 passengers_injured, 0.0 passengers_killed, 0.0 pedestrian_injured, 0.0 pedestrian_killed, Fair (Day), EDSA Magallanes (NB)  Makati",MMDA Road Safety Unit,,b33f0b0e-941a-40a8-a7c7-8afd29aa72fe,2014-11-28,07:00:00,EDSA Estrella St.  Makati,0,0,0,0,0,0,0,0,0,0,2014-11-28 15:00,Property,14.53955946,121.0143517,Rear-End
None,EDSA,None,None,"No Accident Factor, Side Swipe, 1.0 drivers_injured, 0.0 drivers_killed, 0.0 passengers_injured, 0.0 passengers_killed, 0.0 pedestrian_injured, 0.0 pedestrian_killed, Fair (Day), EDSA Estrella Pet Plans Bldg. (SB)  Makati",MMDA Road Safety Unit,,0808ef47-f3c4-41b4-b3c9-2b1ebb74c5d4,2014-11-28,01:45:00,EDSA Evangelista (SB)  Makati,0,0,0,1,0,0,0,0,0,1,2014-11-28 9:45,Injury,14.56192298,121.0428617,Side Swipe
None,EDSA,None,None,"No Accident Factor, Rear-end, 0.0 drivers_injured, 0.0 drivers_killed, 0.0 passengers_injured, 0.0 passengers_killed, 0.0 pedestrian_injured, 0.0 pedestrian_killed, Fair (Day), EDSA Estrella St. (NB)  Makati",MMDA Road Safety Unit,,1cf882a7-1d77-4076-bca9-e1702be2f157,2014-11-27,06:50:00,EDSA Kalayaan Ave. Makati,0,0,0,0,0,0,0,0,0,0,2014-11-27 14:50,Property,14.56004326,121.0411034,Rear-End
None,EDSA,None,None,"No Accident Factor, Side Swipe, 0.0 drivers_injured, 0.0 drivers_killed, 0.0 passengers_injured, 0.0 passengers_killed, 0.0 pedestrian_injured, 0.0 pedestrian_killed, Fair (Night), EDSA Buendia Ave.  Makati",MMDA Road Safety Unit,,dd865676-a2ac-4bb3-ba3f-c617e8c52601,2014-11-26,10:45:00,EDSA Chino Roces Ave. Makati,0,0,0,0,0,0,0,0,0,0,2014-11-26 18:45,Property,14.55517972,121.0349173,Side Swipe
None,EDSA,None,None,"No Accident Factor, Side Swipe, 0.0 drivers_injured, 0.0 drivers_killed, 0.0 passengers_injured, 0.0 passengers_killed, 0.0 pedestrian_injured, 0.0 pedestrian_killed, Fair (Day), EDSA Ayala Ave. (NB) Makati",MMDA Road Safety Unit,,a23e2643-b75c-4f2c-99b2-cb2081b6bb4a,2014-11-26,02:15:00,EDSA Ayala Ave. (SB)  Makati,0,0,0,0,0,0,0,0,0,0,2014-11-26 10:15,Property,14.5503157,121.0293627,Side Swipe
None,EDSA,None,None,"No Accident Factor, Side Swipe, 0.0 drivers_injured, 0.0 drivers_killed, 0.0 passengers_injured, 0.0 passengers_killed, 0.0 pedestrian_injured, 0.0 pedestrian_killed, Fair (Day), EDSA Buendia Loading Bay (NB)  Makati",MMDA Road Safety Unit,,82acb2b3-3696-43aa-a601-b7c51819d67e,2014-11-26,00:15:00,EDSA A. Arnaiz Ave.  Makati,0,0,0,0,0,0,0,0,0,0,2014-11-26 8:15,Property,14.55422655,121.0337442,Side Swipe
None,EDSA,None,None,"No Accident Factor, Rear-end, 0.0 drivers_injured, 0.0 drivers_killed, 0.0 passengers_injured, 0.0 passengers_killed, 0.0 pedestrian_injured, 0.0 pedestrian_killed, Fair (Night), EDSA Buendia Ave. ""U"" turn slot  Makati",MMDA Road Safety Unit,,ef6bb55a-fade-46a2-87c9-3664d7f0f42c,2014-11-25,18:30:00,EDSA Ayala Ave.    Makati,0,0,0,0,0,0,0,0,0,0,2014-11-26 2:30,Property,14.55533503,121.0354389,Rear-End
None,EDSA,None,None,"No Accident Factor, Rear-end, 0.0 drivers_injured, 0.0 drivers_killed, 0.0 passengers_injured, 0.0 passengers_killed, 0.0 pedestrian_injured, 0.0 pedestrian_killed, Fair (Day), EDSA Magallanes (SB)  Makati",MMDA Road Safety Unit,,1f844018-524b-42cc-8667-1487da18d693,2014-11-25,05:30:00,EDSA Ayala Ave. Makati,0,0,0,0,0,0,0,0,0,0,2014-11-25 13:30,Property,14.53955946,121.0143517,Rear-End
None,EDSA,None,None,"No Accident Factor, Side Swipe, 0.0 drivers_injured, 0.0 drivers_killed, 0.0 passengers_injured, 0.0 passengers_killed, 0.0 pedestrian_injured, 0.0 pedestrian_killed, Fair (Day), EDSA Guadalupe Loading Bay (SB)  Makati",MMDA Road Safety Unit,,91b8d28a-9882-4ff4-9769-31f81cf76002,2014-11-25,04:00:00,EDSA Mc Kinley Road Makati,0,0,0,0,0,0,0,0,0,0,2014-11-25 12:00,Property,14.56470241,121.0447638,Side Swipe
None,EDSA,None,None,"No Accident Factor, Rear-end, 0.0 drivers_injured, 0.0 drivers_killed, 0.0 passengers_injured, 0.0 passengers_killed, 0.0 pedestrian_injured, 0.0 pedestrian_killed, Fair (Day), EDSA Guadalupe (SB)  Makati",MMDA Road Safety Unit,,97acba87-04dd-4e92-abac-75b02f7d15f2,2014-11-25,03:30:00,EDSA Ayala Ave. (SB)  Makati,0,0,0,0,0,0,0,0,0,0,2014-11-25 11:30,Property,14.56662777,121.0455282,Rear-End
None,EDSA,None,None,"No Accident Factor, Rear-end, 0.0 drivers_injured, 0.0 drivers_killed, 0.0 passengers_injured, 0.0 passengers_killed, 0.0 pedestrian_injured, 0.0 pedestrian_killed, Fair (Day), EDSA Ayala MRT Station (NB) Loading Bay  Makati",MMDA Road Safety Unit,,f56b60bd-fd1d-4578-a896-94d68d3fd06d,2014-11-25,02:45:00,EDSA P. Burgos St. Makati,0,0,0,0,0,0,0,0,0,0,2014-11-25 10:45,Property,14.54913499,121.0280408,Rear-End
None,EDSA,None,None,"No Accident Factor, No Collision Stated (based on Police Blotter Book), 0.0 drivers_injured, 0.0 drivers_killed, 0.0 passengers_injured, 0.0 passengers_killed, 0.0 pedestrian_injured, 0.0 pedestrian_killed, Fair (Day), EDSA Buendia Ave. (SB) ""U"" turn slot  Makati",MMDA Road Safety Unit,,109e1ef1-7ccd-4369-86a1-f7c0757a88ed,2014-11-24,04:40:00,EDSA Ayala Ave. Makati,0,0,0,0,0,0,0,0,0,0,2014-11-24 12:40,Property,14.55539162,121.0354384,No Collision Stated
None,EDSA,None,None,"No Accident Factor, Rear-end, 0.0 drivers_injured, 0.0 drivers_killed, 0.0 passengers_injured, 0.0 passengers_killed, 0.0 pedestrian_injured, 0.0 pedestrian_killed, Fair (Day), EDSA Alpha Land Mall Magallanes  Makati",MMDA Road Safety Unit,,28190140-7c61-4482-b3a2-90519fe07e5e,2014-11-24,01:10:00,EDSA Kalayaan Ave.  Makati,0,0,0,0,0,0,0,0,0,0,2014-11-24 9:10,Property,14.54128419,121.0185214,Rear-End
None,EDSA,None,None,"No Accident Factor, Angle Impact, 0.0 drivers_injured, 0.0 drivers_killed, 0.0 passengers_injured, 0.0 passengers_killed, 0.0 pedestrian_injured, 0.0 pedestrian_killed, Fair (Day), EDSA Estrella St.  Makati",MMDA Road Safety Unit,,c82c5c87-3bad-4aea-8fb6-4272b247c7e4,2014-11-23,02:45:00,EDSA J.P. Rizal Ave.  Makati,0,0,0,0,0,0,0,0,0,0,2014-11-23 10:45,Property,14.56004326,121.0411034,Angle Impact
None,EDSA,None,None,"No Accident Factor, Self-Accident, 0.0 drivers_injured, 0.0 drivers_killed, 0.0 passengers_injured, 0.0 passengers_killed, 0.0 pedestrian_injured, 0.0 pedestrian_killed, Fair (Day), EDSA Evangelista St. Makati",MMDA Road Safety Unit,,6ab1f02e-a177-4064-8143-050b3fd81e18,2014-11-23,01:30:00,EDSA Magallanes Interchange Makati,0,0,0,0,0,0,0,0,0,0,2014-11-23 9:30,Property,14.53906878,121.012324,Self-Accident
None,EDSA,None,None,"No Accident Factor, Side Swipe, 0.0 drivers_injured, 0.0 drivers_killed, 0.0 passengers_injured, 0.0 passengers_killed, 0.0 pedestrian_injured, 0.0 pedestrian_killed, Fair (Day), EDSA Ayala Ave. (NB) Makati",MMDA Road Safety Unit,,38aba2a1-caf7-43cd-b45e-bb3efff6f8ca,2014-11-21,23:05:00,EDSA Ayala Ave.  Makati,0,0,0,0,0,0,0,0,0,0,2014-11-22 7:05,Property,14.5503157,121.0293627,Side Swipe
None,EDSA,None,None,"No Accident Factor, Side Swipe, 0.0 drivers_injured, 0.0 drivers_killed, 0.0 passengers_injured, 0.0 passengers_killed, 0.0 pedestrian_injured, 0.0 pedestrian_killed, Fair (Day), EDSA Magallanes (NB)  Makati",MMDA Road Safety Unit,,28407278-3dca-439f-a3e5-29c5233126cd,2014-11-19,22:45:00,EDSA Ayala Ave. (NB)  Makati,0,0,0,0,0,0,0,0,0,0,2014-11-20 6:45,Property,14.53955946,121.0143517,Side Swipe
None,EDSA,None,None,"No Accident Factor, Side Swipe, 0.0 drivers_injured, 0.0 drivers_killed, 0.0 passengers_injured, 0.0 passengers_killed, 0.0 pedestrian_injured, 0.0 pedestrian_killed, Fair (Night), EDSA Harvard St.  Makati",MMDA Road Safety Unit,,65852eb1-e072-48f1-b879-01e954d380a1,2014-11-19,11:15:00,EDSA Magallanes (SB) Makati,0,0,0,0,0,0,0,0,0,0,2014-11-19 19:15,Property,14.55920138,121.0400581,Side Swipe
None,EDSA,None,None,"No Accident Factor, Hit Object (No Object Stated), 0.0 drivers_injured, 0.0 drivers_killed, 0.0 passengers_injured, 0.0 passengers_killed, 0.0 pedestrian_injured, 0.0 pedestrian_killed, Fair (Day), EDSA Boni Ave.  Makati",MMDA Road Safety Unit,,8c1daad6-65a3-428b-9711-667ff55fd084,2014-11-19,04:15:00,EDSA Magallanes Interchange Makati,0,0,0,0,0,0,0,0,0,0,2014-11-19 12:15,Property,14.57265226,121.0471612,Hit Object
None,EDSA,None,None,"No Accident Factor, Hit and Run (No Collision Stated), 0.0 drivers_injured, 0.0 drivers_killed, 0.0 passengers_injured, 0.0 passengers_killed, 0.0 pedestrian_injured, 0.0 pedestrian_killed, Fair (Day), EDSA Chino Roces Ave.  Makati",MMDA Road Safety Unit,,5e9d75f1-40f7-4bde-ab35-2b1ebc95a9f1,2014-11-19,00:45:00,EDSA A. Arnaiz Ave. Makati,0,0,0,0,0,0,0,0,0,0,2014-11-19 8:45,Property,14.54117334,121.0183458,No Collision Stated
None,EDSA,None,None,"No Accident Factor, Side Swipe, 0.0 drivers_injured, 0.0 drivers_killed, 0.0 passengers_injured, 0.0 passengers_killed, 0.0 pedestrian_injured, 0.0 pedestrian_killed, Fair (Day), EDSA Mc Kinley Road Makati",MMDA Road Safety Unit,,314fccb7-9b63-4cab-b23c-149f8114ae5b,2014-11-16,22:25:00,EDSA Buendia Ave. (SB) Makati,0,0,0,0,0,0,0,0,0,0,2014-11-17 6:25,Property,14.5501403,121.0294629,Side Swipe
None,EDSA,None,None,"No Accident Factor, Hit and Run (Side Swipe), 0.0 drivers_injured, 0.0 drivers_killed, 0.0 passengers_injured, 0.0 passengers_killed, 0.0 pedestrian_injured, 0.0 pedestrian_killed, Fair (Day), EDSA Harvard St.  Makati",MMDA Road Safety Unit,,afcb7d7b-60e4-40df-9104-462901207c46,2014-11-15,04:50:00,EDSA Buendia Ave. Makati,0,0,0,0,0,0,0,0,0,0,2014-11-15 12:50,Property,14.55920138,121.0400581,Side Swipe
None,EDSA,None,None,"No Accident Factor, Angle Impact, 0.0 drivers_injured, 0.0 drivers_killed, 0.0 passengers_injured, 0.0 passengers_killed, 0.0 pedestrian_injured, 0.0 pedestrian_killed, Fair (Night), EDSA Chino Roces Ave. Makati",MMDA Road Safety Unit,,d75f3467-a028-497a-96af-0c9650f0be66,2014-11-11,13:00:00,EDSA Magallanes Interchange Makati,0,0,0,0,0,0,0,0,0,0,2014-11-11 21:00,Property,14.54117334,121.0183458,Angle Impact
None,EDSA,None,None,"No Accident Factor, Angle Impact, 0.0 drivers_injured, 0.0 drivers_killed, 0.0 passengers_injured, 0.0 passengers_killed, 0.0 pedestrian_injured, 0.0 pedestrian_killed, Fair (Day), EDSA Guadalupe  Makati",MMDA Road Safety Unit,,8de88246-4de4-4983-aecc-63b5737283ff,2014-11-10,23:45:00,EDSA Estrella (SB)  Makati,0,0,0,0,0,0,0,0,0,0,2014-11-11 7:45,Property,14.56662777,121.0455282,Angle Impact
None,EDSA,None,None,"No Accident Factor, Side Swipe, 0.0 drivers_injured, 0.0 drivers_killed, 0.0 passengers_injured, 0.0 passengers_killed, 0.0 pedestrian_injured, 0.0 pedestrian_killed, Fair (Day), EDSA Guadalupe Loading Bay (SB)  Makati",MMDA Road Safety Unit,,2a79d183-2e10-4d20-8bca-78ae992129f9,2014-11-10,22:50:00,EDSA Ayala Ave.  Makati,0,0,0,0,0,0,0,0,0,0,2014-11-11 6:50,Property,14.56470241,121.0447638,Side Swipe
None,EDSA,None,None,"No Accident Factor, Head-on, 0.0 drivers_injured, 0.0 drivers_killed, 0.0 passengers_injured, 0.0 passengers_killed, 0.0 pedestrian_injured, 0.0 pedestrian_killed, Fair (Day), EDSA  Rockwell (SB)  Makati",MMDA Road Safety Unit,,f049374f-8e3f-4083-9f85-b2e8c5dc90d6,2014-11-10,02:30:00,EDSA Ayala Ave. Makati,0,0,0,0,0,0,0,0,0,0,2014-11-10 10:30,Property,14.55993782,121.0407125,Head-On
None,EDSA,None,None,"No Accident Factor, Rear-end, 0.0 drivers_injured, 0.0 drivers_killed, 0.0 passengers_injured, 0.0 passengers_killed, 0.0 pedestrian_injured, 0.0 pedestrian_killed, Fair (Day), EDSA Buendia Loading Bay (NB)  Makati",MMDA Road Safety Unit,,7fcd31b9-668e-477b-8a35-dec4a2d68e28,2014-11-09,23:35:00,EDSA Evangelista St. Makati,0,0,0,0,0,0,0,0,0,0,2014-11-10 7:35,Property,14.55422655,121.0337442,Rear-End
None,EDSA,None,None,"No Accident Factor, Side Swipe, 0.0 drivers_injured, 0.0 drivers_killed, 0.0 passengers_injured, 0.0 passengers_killed, 0.0 pedestrian_injured, 0.0 pedestrian_killed, Fair (Night), EDSA Estrella St. Makati",MMDA Road Safety Unit,,93e62009-81ba-4a2e-b7cf-a7019595efd7,2014-11-08,11:30:00,EDSA Buendia Ave. (SB) Makati,0,0,0,0,0,0,0,0,0,0,2014-11-08 19:30,Property,14.56004326,121.0411034,Side Swipe
None,EDSA,None,None,"No Accident Factor, Rear-end, 0.0 drivers_injured, 0.0 drivers_killed, 0.0 passengers_injured, 0.0 passengers_killed, 0.0 pedestrian_injured, 0.0 pedestrian_killed, Fair (Day), EDSA Guadalupe (SB)  Makati",MMDA Road Safety Unit,,ab9be809-4477-47ac-b0d0-2a0524cea484,2014-11-07,04:10:00,EDSA Amorsolo St. (NB)  Makati,0,0,0,0,0,0,0,0,0,0,2014-11-07 12:10,Property,14.56662777,121.0455282,Rear-End
None,EDSA,None,None,"No Accident Factor, Side Swipe, 0.0 drivers_injured, 0.0 drivers_killed, 0.0 passengers_injured, 0.0 passengers_killed, 0.0 pedestrian_injured, 0.0 pedestrian_killed, Fair (Day), EDSA Ayala Loading Bay  Makati",MMDA Road Safety Unit,,8f2219c3-3afc-445c-a799-331e3ac9d5ac,2014-11-06,02:55:00,EDSA Ayala Ave. (SB) Makati,0,0,0,0,0,0,0,0,0,0,2014-11-06 10:55,Property,14.54906772,121.0276631,Side Swipe
None,EDSA,None,None,"No Accident Factor, Side Swipe, 0.0 drivers_injured, 0.0 drivers_killed, 0.0 passengers_injured, 0.0 passengers_killed, 0.0 pedestrian_injured, 0.0 pedestrian_killed, Fair (Day), EDSA Estrella St.  Makati",MMDA Road Safety Unit,,b8c9159f-8de2-4919-bb37-a50a4eb3079e,2014-11-05,23:45:00,EDSA Estrella St. (NB)  Makati,0,0,0,0,0,0,0,0,0,0,2014-11-06 7:45,Property,14.56004326,121.0411034,Side Swipe
None,EDSA,None,None,"No Accident Factor, Rear-end, 1.0 drivers_injured, 0.0 drivers_killed, 0.0 passengers_injured, 0.0 passengers_killed, 0.0 pedestrian_injured, 0.0 pedestrian_killed, Fair (Day), EDSA Evangelista (SB)  Makati",MMDA Road Safety Unit,,a6287d6c-1213-4e9e-ab13-4beb802dcc54,2014-11-05,22:45:00,EDSA Guadalupe (SB)  Makati,0,0,0,1,0,0,0,0,0,1,2014-11-06 6:45,Injury,14.53906878,121.012324,Rear-End
None,EDSA,None,None,"No Accident Factor, Rear-end, 0.0 drivers_injured, 0.0 drivers_killed, 0.0 passengers_injured, 0.0 passengers_killed, 0.0 pedestrian_injured, 0.0 pedestrian_killed, Fair (Day), EDSA Kalayaan Ave. Makati",MMDA Road Safety Unit,,36446e50-6d3b-4522-bdfd-e769a1ef8e32,2014-11-05,07:00:00,EDSA Buendia Loading Bay (NB)  Makati,0,0,0,0,0,0,0,0,0,0,2014-11-05 15:00,Property,14.55767933,121.038147,Rear-End
None,EDSA,None,None,"No Accident Factor, Rear-end, 0.0 drivers_injured, 0.0 drivers_killed, 0.0 passengers_injured, 0.0 passengers_killed, 0.0 pedestrian_injured, 0.0 pedestrian_killed, Fair (Day), EDSA Chino Roces Ave. Makati",MMDA Road Safety Unit,,438150cf-04f6-482e-994a-c5b6d45f568e,2014-11-05,05:30:00,EDSA Magallanes Ave. Makati,0,0,0,0,0,0,0,0,0,0,2014-11-05 13:30,Property,14.54117334,121.0183458,Rear-End
None,EDSA,None,None,"No Accident Factor, No Collision Stated (based on Police Blotter Book), 0.0 drivers_injured, 0.0 drivers_killed, 1.0 passengers_injured, 0.0 passengers_killed, 0.0 pedestrian_injured, 0.0 pedestrian_killed, Fair (Day), EDSA Ayala Ave. (SB)  Makati",MMDA Road Safety Unit,,27695d7a-7f22-4677-8835-6eb388d912a7,2014-11-05,03:20:00,EDSA Ayala Loading Bay    Makati,0,0,0,0,1,0,0,0,0,1,2014-11-05 11:20,Injury,14.5503157,121.0293627,No Collision Stated
None,EDSA,None,None,"No Accident Factor, Angle Impact, 0.0 drivers_injured, 0.0 drivers_killed, 0.0 passengers_injured, 0.0 passengers_killed, 0.0 pedestrian_injured, 0.0 pedestrian_killed, Fair (Night), EDSA A. Arnaiz Ave.  Makati",MMDA Road Safety Unit,,462a0ecd-9aee-4cac-889e-9875f889bb32,2014-11-04,11:30:00,EDSA Ayala Tunel (SB)  Makati,0,0,0,0,0,0,0,0,0,0,2014-11-04 19:30,Property,14.54742131,121.0262139,Angle Impact
None,EDSA,None,None,"No Accident Factor, Side Swipe, 0.0 drivers_injured, 0.0 drivers_killed, 0.0 passengers_injured, 0.0 passengers_killed, 0.0 pedestrian_injured, 0.0 pedestrian_killed, Fair (Night), EDSA Ayala Ave.    Makati",MMDA Road Safety Unit,,00e9adcf-2e79-4d81-ae04-8b01c842f73a,2014-11-04,11:15:00,EDSA Guadalupe (SB)  Makati,0,0,0,0,0,0,0,0,0,0,2014-11-04 19:15,Property,14.5503157,121.0293627,Side Swipe
None,EDSA,None,None,"No Accident Factor, Rear-end, 0.0 drivers_injured, 0.0 drivers_killed, 0.0 passengers_injured, 0.0 passengers_killed, 0.0 pedestrian_injured, 0.0 pedestrian_killed, Fair (Day), EDSA Ayala Ave. Makati",MMDA Road Safety Unit,,67e5f8db-56c5-48de-8460-47566562b9e3,2014-11-04,01:35:00,EDSA Evangelista St. Makati,0,0,0,0,0,0,0,0,0,0,2014-11-04 9:35,Property,14.5503157,121.0293627,Rear-End
None,EDSA,None,None,"No Accident Factor, Side Swipe, 0.0 drivers_injured, 0.0 drivers_killed, 0.0 passengers_injured, 0.0 passengers_killed, 0.0 pedestrian_injured, 0.0 pedestrian_killed, Fair (Day), EDSA Mc Kinley Road Makati",MMDA Road Safety Unit,,c0fa8129-0621-4b2a-891c-030f094ee09d,2014-11-03,09:45:00,EDSA Buendia MRT Station (NB)  Makati,0,0,0,0,0,0,0,0,0,0,2014-11-03 17:45,Property,14.5501403,121.0294629,Side Swipe
None,EDSA,None,None,"No Accident Factor, Side Swipe, 0.0 drivers_injured, 0.0 drivers_killed, 0.0 passengers_injured, 0.0 passengers_killed, 0.0 pedestrian_injured, 0.0 pedestrian_killed, Fair (Day), EDSA Ayala Ave. (SB)  Makati",MMDA Road Safety Unit,,bdc114c6-cea5-4fdc-855e-b5f232cae1b3,2014-11-03,05:00:00,EDSA Magallanes Loading Bay (SB)  Makati,0,0,0,0,0,0,0,0,0,0,2014-11-03 13:00,Property,14.5503157,121.0293627,Side Swipe
None,EDSA,None,None,"No Accident Factor, Angle Impact, 0.0 drivers_injured, 0.0 drivers_killed, 0.0 passengers_injured, 0.0 passengers_killed, 0.0 pedestrian_injured, 0.0 pedestrian_killed, Fair (Night), EDSA P. Burgos St. Makati",MMDA Road Safety Unit,,5e39dc61-237a-4cb4-a5e5-c945f880beaa,2014-11-01,14:30:00,EDSA Buendia Ave. (SB)  Makati,0,0,0,0,0,0,0,0,0,0,2014-11-01 22:30,Property,14.5655887,121.0452425,Angle Impact
None,EDSA,None,None,"No Accident Factor, Angle Impact, 1.0 drivers_injured, 0.0 drivers_killed, 0.0 passengers_injured, 0.0 passengers_killed, 0.0 pedestrian_injured, 0.0 pedestrian_killed, Fair (Day), EDSA Ayala Ave. Makati",MMDA Road Safety Unit,,9fb81e68-b3c2-4a61-9c02-f2c6162f0fc3,2014-11-01,08:00:00,EDSA Buendia Ave.  Makati,0,0,0,1,0,0,0,0,0,1,2014-11-01 16:00,Injury,14.5503157,121.0293627,Angle Impact
None,EDSA,None,None,"No Accident Factor, Side Swipe, 0.0 drivers_injured, 0.0 drivers_killed, 0.0 passengers_injured, 0.0 passengers_killed, 0.0 pedestrian_injured, 0.0 pedestrian_killed, Fair (Night), EDSA Kalayaan Ave.  Makati",MMDA Road Safety Unit,,314daa72-e8b3-48f4-bd8b-43d9ace04bb0,2014-10-30,10:50:00,EDSA Magallanes MRT Station (SB)  Makati,0,0,0,0,0,0,0,0,0,0,2014-10-30 18:50,Property,14.55767933,121.038147,Side Swipe
None,EDSA,None,None,"No Accident Factor, No Collision Stated (based on Police Blotter Book), 0.0 drivers_injured, 0.0 drivers_killed, 1.0 passengers_injured, 0.0 passengers_killed, 0.0 pedestrian_injured, 0.0 pedestrian_killed, Fair (Day), EDSA J.P. Rizal Ave.  Makati",MMDA Road Safety Unit,,c38638f4-093c-4300-baeb-270834f7a964,2014-10-30,04:00:00,EDSA Buendia Ave. (NB)  Makati,0,0,0,0,1,0,0,0,0,1,2014-10-30 12:00,Injury,14.56801365,121.045729,No Collision Stated
None,EDSA,None,None,"No Accident Factor, No Collision Stated (based on Police Blotter Book), 0.0 drivers_injured, 0.0 drivers_killed, 0.0 passengers_injured, 0.0 passengers_killed, 0.0 pedestrian_injured, 0.0 pedestrian_killed, Fair (Night), EDSA Magallanes Interchange Makati",MMDA Road Safety Unit,,a7c84958-80fc-4c7b-8b96-1742fe621b45,2014-10-28,20:30:00,EDSA Buendia Loading Bay (SB)  Makati,0,0,0,0,0,0,0,0,0,0,2014-10-29 4:30,Property,14.54679556,121.0248047,No Collision Stated
None,EDSA,None,None,"No Accident Factor, No Collision Stated (based on Police Blotter Book), 0.0 drivers_injured, 0.0 drivers_killed, 0.0 passengers_injured, 0.0 passengers_killed, 0.0 pedestrian_injured, 0.0 pedestrian_killed, Fair (Day), EDSA Ayala Ave.  Makati",MMDA Road Safety Unit,,712ea16d-16b8-4fb4-8452-9babd5963d2b,2014-10-24,04:30:00,EDSA Magallanes (NB)  Makati,0,0,0,0,0,0,0,0,0,0,2014-10-24 12:30,Property,14.5503157,121.0293627,No Collision Stated
None,EDSA,None,None,"No Accident Factor, Side Swipe, 0.0 drivers_injured, 0.0 drivers_killed, 0.0 passengers_injured, 0.0 passengers_killed, 0.0 pedestrian_injured, 0.0 pedestrian_killed, Fair (Day), EDSA Ayala Ave. (NB)  Makati",MMDA Road Safety Unit,,d28e36b5-8714-45bf-a421-246261f92a9e,2014-10-24,02:15:00,EDSA Ayala Loading Bay (NB)  Makati,0,0,0,0,0,0,0,0,0,0,2014-10-24 10:15,Property,14.5503157,121.0293627,Side Swipe
None,EDSA,None,None,"No Accident Factor, Side Swipe, 0.0 drivers_injured, 0.0 drivers_killed, 0.0 passengers_injured, 0.0 passengers_killed, 0.0 pedestrian_injured, 0.0 pedestrian_killed, Fair (Day), EDSA Magallanes (SB) Makati",MMDA Road Safety Unit,,afacbfee-29cd-4bef-abd5-cfd2cd480a38,2014-10-24,01:30:00,EDSA Ayala Ave. Makati,0,0,0,0,0,0,0,0,0,0,2014-10-24 9:30,Property,14.53955946,121.0143517,Side Swipe
None,EDSA,None,None,"No Accident Factor, Side Swipe, 0.0 drivers_injured, 0.0 drivers_killed, 0.0 passengers_injured, 0.0 passengers_killed, 0.0 pedestrian_injured, 0.0 pedestrian_killed, Fair (Day), EDSA Magallanes Interchange Makati",MMDA Road Safety Unit,,274b2335-1c49-4f54-808d-df183fc7d680,2014-10-23,23:00:00,EDSA  Shell Gas Station Escuella St.  Makati,0,0,0,0,0,0,0,0,0,0,2014-10-24 7:00,Property,14.54679556,121.0248047,Side Swipe
None,EDSA,None,None,"No Accident Factor, Rear-end, 0.0 drivers_injured, 0.0 drivers_killed, 0.0 passengers_injured, 0.0 passengers_killed, 0.0 pedestrian_injured, 0.0 pedestrian_killed, Fair (Day), EDSA A. Arnaiz Ave. Makati",MMDA Road Safety Unit,,35c564c8-f3e1-48c1-9853-1f772f221319,2014-10-23,07:30:00,EDSA Ayala Ave. (NB)  Makati,0,0,0,0,0,0,0,0,0,0,2014-10-23 15:30,Property,14.54734176,121.0262804,Rear-End
None,EDSA,None,None,"No Accident Factor, Hit and Run (Side Swipe), 0.0 drivers_injured, 0.0 drivers_killed, 0.0 passengers_injured, 0.0 passengers_killed, 0.0 pedestrian_injured, 0.0 pedestrian_killed, Fair (Day), EDSA Buendia Ave. (SB) Makati",MMDA Road Safety Unit,,1ebd0533-a985-4361-9024-2ee0c0307cdc,2014-10-23,03:30:00,EDSA Guadalupe (SB)  Makati,0,0,0,0,0,0,0,0,0,0,2014-10-23 11:30,Property,14.55489642,121.0348811,Side Swipe
None,EDSA,None,None,"No Accident Factor, Rear-end, 0.0 drivers_injured, 0.0 drivers_killed, 0.0 passengers_injured, 0.0 passengers_killed, 0.0 pedestrian_injured, 0.0 pedestrian_killed, Fair (Day), EDSA Buendia Ave. Makati",MMDA Road Safety Unit,,1d26d361-c2d7-4286-a046-55fc50c213ac,2014-10-23,03:05:00,EDSA Ayala Ave. Makati,0,0,0,0,0,0,0,0,0,0,2014-10-23 11:05,Property,14.55516134,121.0349756,Rear-End
None,EDSA,None,None,"No Accident Factor, No Collision Stated (based on Police Blotter Book), 0.0 drivers_injured, 0.0 drivers_killed, 0.0 passengers_injured, 0.0 passengers_killed, 0.0 pedestrian_injured, 0.0 pedestrian_killed, Rain (Day), EDSA Magallanes Interchange Makati",MMDA Road Safety Unit,,539e8c80-40c1-43d4-a374-217dab3d86e3,2014-10-22,05:45:00,EDSA Ayala Ave. (NB)  Makati,0,0,0,0,0,0,0,0,0,0,2014-10-22 13:45,Property,14.54679556,121.0248047,No Collision Stated