LOCATION_TEXT,ROAD,WEATHER,LIGHT,DESC,REPORTING_AGENCY,MAIN_CAUSE,INCIDENTDETAILS_ID,DATE_UTC,TIME_UTC,ADDRESS,killed_driver,killed_passenger,killed_pedestrian,injured_driver,injured_passenger,injured_pedestrian,killed_uncategorized,injured_uncategorized,killed_total,injured_total,DATETIME_PST,SEVERITY,Y,X,COLLISION_TYPE
None,EDSA,None,None,"No Accident Factor, Side Swipe, 0.0 drivers_injured, 0.0 drivers_killed, 0.0 passengers_injured, 0.0 passengers_killed, 0.0 pedestrian_injured, 0.0 pedestrian_killed, Fair (Day), EDSA Estrella (SB)  Makati",MMDA Road Safety Unit,,6c49d834-a083-45de-89f3-174d5a0279a5,2014-10-21,02:00:00,EDSA  Ayala Ave. (NB)  Makati,0,0,0,0,0,0,0,0,0,0,2014-10-21 10:00,Property,14.56004326,121.0411034,Side Swipe
None,EDSA,None,None,"No Accident Factor, Rear-end, 0.0 drivers_injured, 0.0 drivers_killed, 0.0 passengers_injured, 0.0 passengers_killed, 0.0 pedestrian_injured, 0.0 pedestrian_killed, Fair (Day), EDSA Ayala Ave.  Makati",MMDA Road Safety Unit,,7340b9b1-26d4-44ce-8ae7-c9e04a920d59,2014-10-20,05:45:00,EDSA  Shell Gas Station Buendia Ave. Makati,0,0,0,0,0,0,0,0,0,0,2014-10-20 13:45,Property,14.5503157,121.0293627,Rear-End
None,EDSA,None,None,"No Accident Factor, Angle Impact, 0.0 drivers_injured, 0.0 drivers_killed, 0.0 passengers_injured, 0.0 passengers_killed, 0.0 pedestrian_injured, 0.0 pedestrian_killed, Fair (Night), EDSA Ayala Ave. Makati",MMDA Road Safety Unit,,144cb79c-35cc-483f-aec9-cab8ba844471,2014-10-19,13:50:00,EDSA Buendia Ave. (SB)  Makati,0,0,0,0,0,0,0,0,0,0,2014-10-19 21:50,Property,14.5503157,121.0293627,Angle Impact
None,EDSA,None,None,"No Accident Factor, Side Swipe, 0.0 drivers_injured, 0.0 drivers_killed, 0.0 passengers_injured, 0.0 passengers_killed, 0.0 pedestrian_injured, 0.0 pedestrian_killed, Fair (Day), EDSA Evangelista St. Makati",MMDA Road Safety Unit,,0700dc11-3df1-47f6-bc23-2e98639537b4,2014-10-18,09:20:00,EDSA Evangelista St. Makati,0,0,0,0,0,0,0,0,0,0,2014-10-18 17:20,Property,14.53906878,121.012324,Side Swipe
None,EDSA,None,None,"No Accident Factor, Rear-end, 0.0 drivers_injured, 0.0 drivers_killed, 0.0 passengers_injured, 0.0 passengers_killed, 0.0 pedestrian_injured, 0.0 pedestrian_killed, Rain (Night), EDSA Buendia Ave. (SB) Makati",MMDA Road Safety Unit,,c0bf91f4-61e5-4440-b05a-901baf60420e,2014-10-17,19:30:00,EDSA Ayala Ave. Makati,0,0,0,0,0,0,0,0,0,0,2014-10-18 3:30,Property,14.55489642,121.0348811,Rear-End
None,EDSA,None,None,"No Accident Factor, Side Swipe, 0.0 drivers_injured, 0.0 drivers_killed, 0.0 passengers_injured, 0.0 passengers_killed, 0.0 pedestrian_injured, 0.0 pedestrian_killed, Fair (Day), EDSA Amorsolo St. (NB)  Makati",MMDA Road Safety Unit,,e1f9eb6c-4972-48bc-bb38-98e567f79450,2014-10-17,05:20:00,EDSA Buendia MRT Station (NB)  Makati,0,0,0,0,0,0,0,0,0,0,2014-10-17 13:20,Property,14.54231742,121.0194498,Side Swipe
None,EDSA,None,None,"No Accident Factor, Side Swipe, 0.0 drivers_injured, 0.0 drivers_killed, 0.0 passengers_injured, 0.0 passengers_killed, 0.0 pedestrian_injured, 0.0 pedestrian_killed, Fair (Day), EDSA Ayala Ave. (SB) Makati",MMDA Road Safety Unit,,5e23ed24-8caa-4731-9ecb-f36dba8b53a8,2014-10-17,03:00:00,EDSA Orense St.  Makati,0,0,0,0,0,0,0,0,0,0,2014-10-17 11:00,Property,14.5503157,121.0293627,Side Swipe
None,EDSA,None,None,"No Accident Factor, Side Swipe, 0.0 drivers_injured, 0.0 drivers_killed, 0.0 passengers_injured, 0.0 passengers_killed, 0.0 pedestrian_injured, 0.0 pedestrian_killed, Fair (Day), EDSA Estrella St. (NB)  Makati",MMDA Road Safety Unit,,3516a3f6-c78e-4b38-b4be-a2a705d348c4,2014-10-17,01:45:00,EDSA Guadalupe Loading Bay (SB)  Makati,0,0,0,0,0,0,0,0,0,0,2014-10-17 9:45,Property,14.56004326,121.0411034,Side Swipe
None,EDSA,None,None,"No Accident Factor, Side Swipe, 0.0 drivers_injured, 0.0 drivers_killed, 0.0 passengers_injured, 0.0 passengers_killed, 0.0 pedestrian_injured, 0.0 pedestrian_killed, Fair (Day), EDSA Guadalupe (SB)  Makati",MMDA Road Safety Unit,,5f59c605-eaaf-4874-8705-a13143a231ab,2014-10-17,00:30:00,EDSA Magallanes Loading Bay (NB)  Makati,0,0,0,0,0,0,0,0,0,0,2014-10-17 8:30,Property,14.56662777,121.0455282,Side Swipe
None,EDSA,None,None,"No Accident Factor, Side Swipe, 0.0 drivers_injured, 0.0 drivers_killed, 0.0 passengers_injured, 0.0 passengers_killed, 0.0 pedestrian_injured, 0.0 pedestrian_killed, Fair (Day), EDSA Buendia Loading Bay (NB)  Makati",MMDA Road Safety Unit,,3a7cb0e9-99f4-4d25-8c72-821460dc17ab,2014-10-17,00:20:00,"EDSA ""U"" turn slot, Buendia Ave. (NB)  Makati",0,0,0,0,0,0,0,0,0,0,2014-10-17 8:20,Property,14.55422655,121.0337442,Side Swipe
None,EDSA,None,None,"No Accident Factor, No Collision Stated (based on Police Blotter Book), 0.0 drivers_injured, 0.0 drivers_killed, 0.0 passengers_injured, 0.0 passengers_killed, 0.0 pedestrian_injured, 0.0 pedestrian_killed, Fair (Night), EDSA Magallanes Ave. Makati",MMDA Road Safety Unit,,7cc315e9-9cf5-49d8-9d23-c3109dda2698,2014-10-16,11:00:00,EDSA  Shell Gas Station Estrella St.  Makati,0,0,0,0,0,0,0,0,0,0,2014-10-16 19:00,Property,14.53924572,121.0142961,No Collision Stated
None,EDSA,None,None,"No Accident Factor, Side Swipe, 0.0 drivers_injured, 0.0 drivers_killed, 0.0 passengers_injured, 0.0 passengers_killed, 0.0 pedestrian_injured, 0.0 pedestrian_killed, Fair (Night), EDSA Ayala Loading Bay    Makati",MMDA Road Safety Unit,,e8cd25a5-c92f-40d6-a8ee-754c833039a6,2014-10-16,10:40:00,EDSA Estrella St.  Makati,0,0,0,0,0,0,0,0,0,0,2014-10-16 18:40,Property,14.54906772,121.0276631,Side Swipe
None,EDSA,None,None,"No Accident Factor, Rear-end, 0.0 drivers_injured, 0.0 drivers_killed, 0.0 passengers_injured, 0.0 passengers_killed, 0.0 pedestrian_injured, 0.0 pedestrian_killed, Fair (Day), EDSA Ayala Tunel (SB)  Makati",MMDA Road Safety Unit,,0b07bc2b-9348-4338-85bf-be0911facae8,2014-10-16,02:15:00,EDSA Buendia Loading  Bay (NB)  Makati,0,0,0,0,0,0,0,0,0,0,2014-10-16 10:15,Property,14.5484559,121.0273067,Rear-End
None,EDSA,None,None,"No Accident Factor, Rear-end, 0.0 drivers_injured, 0.0 drivers_killed, 0.0 passengers_injured, 0.0 passengers_killed, 0.0 pedestrian_injured, 0.0 pedestrian_killed, Fair (Day), EDSA Guadalupe (SB)  Makati",MMDA Road Safety Unit,,0170525f-23a9-40e5-91cc-47a92a7aff14,2014-10-16,01:45:00,EDSA Guadalupe Mall (NB)  Makati,0,0,0,0,0,0,0,0,0,0,2014-10-16 9:45,Property,14.56662777,121.0455282,Rear-End
None,EDSA,None,None,"No Accident Factor, Side Swipe, 0.0 drivers_injured, 0.0 drivers_killed, 0.0 passengers_injured, 0.0 passengers_killed, 0.0 pedestrian_injured, 0.0 pedestrian_killed, Fair (Night), EDSA Evangelista St. Makati",MMDA Road Safety Unit,,39277c8d-b7ed-40ca-a7b6-98c12079e1aa,2014-10-15,11:45:00,EDSA Ayala Ave. Makati,0,0,0,0,0,0,0,0,0,0,2014-10-15 19:45,Property,14.53906878,121.012324,Side Swipe
None,EDSA,None,None,"No Accident Factor, Side Swipe, 0.0 drivers_injured, 0.0 drivers_killed, 0.0 passengers_injured, 0.0 passengers_killed, 0.0 pedestrian_injured, 0.0 pedestrian_killed, Fair (Night), EDSA Buendia MRT Station (NB)  Makati",MMDA Road Safety Unit,,a4a0f092-de7b-47bf-b92f-077dcddfff60,2014-10-15,11:25:00,EDSA Chino Roces Ave. Makati,0,0,0,0,0,0,0,0,0,0,2014-10-15 19:25,Property,14.55404034,121.0340364,Side Swipe
None,EDSA,None,None,"No Accident Factor, Side Swipe, 0.0 drivers_injured, 0.0 drivers_killed, 0.0 passengers_injured, 0.0 passengers_killed, 0.0 pedestrian_injured, 0.0 pedestrian_killed, Fair (Day), EDSA Magallanes Loading Bay (SB)  Makati",MMDA Road Safety Unit,,c805e85c-dce4-4156-b598-ce2f2d2486f9,2014-10-15,08:10:00,EDSA South Super Highway (NB) Makati,0,0,0,0,0,0,0,0,0,0,2014-10-15 16:10,Property,14.54402536,121.021754,Side Swipe
None,EDSA,None,None,"No Accident Factor, Rear-end, 0.0 drivers_injured, 0.0 drivers_killed, 0.0 passengers_injured, 0.0 passengers_killed, 0.0 pedestrian_injured, 0.0 pedestrian_killed, Fair (Day), EDSA Buendia Ave. (SB)  Makati",MMDA Road Safety Unit,,899027e7-9554-48f9-ae6b-449efe1ffbdc,2014-10-15,04:05:00,EDSA Magallanes (NB)  Makati,0,0,0,0,0,0,0,0,0,0,2014-10-15 12:05,Property,14.55489642,121.0348811,Rear-End
None,EDSA,None,None,"No Accident Factor, Rear-end, 0.0 drivers_injured, 0.0 drivers_killed, 0.0 passengers_injured, 0.0 passengers_killed, 0.0 pedestrian_injured, 0.0 pedestrian_killed, Fair (Day), EDSA Buendia Ave.  Makati",MMDA Road Safety Unit,,9b5f7328-ff03-4f9d-8fdf-03130dfbe608,2014-10-15,03:20:00,EDSA Magallanes Loading Bay  Makati,0,0,0,0,0,0,0,0,0,0,2014-10-15 11:20,Property,14.55517972,121.0349173,Rear-End
None,EDSA,None,None,"No Accident Factor, Head-on, 0.0 drivers_injured, 0.0 drivers_killed, 0.0 passengers_injured, 0.0 passengers_killed, 0.0 pedestrian_injured, 0.0 pedestrian_killed, Fair (Day), EDSA Magallanes MRT Station (SB)  Makati",MMDA Road Safety Unit,,a5a675cb-48ba-43bd-8f09-193f78fca6cd,2014-10-15,01:50:00,EDSA Ayala Ave. (SB)  Makati,0,0,0,0,0,0,0,0,0,0,2014-10-15 9:50,Property,14.54189455,121.0190437,Head-On
None,EDSA,None,None,"No Accident Factor, Rear-end, 0.0 drivers_injured, 0.0 drivers_killed, 0.0 passengers_injured, 0.0 passengers_killed, 0.0 pedestrian_injured, 0.0 pedestrian_killed, Fair (Day), EDSA Buendia Ave. (NB)  Makati",MMDA Road Safety Unit,,898c9ba6-8f7c-4993-97c1-6b35302e4ac7,2014-10-14,05:30:00,EDSA Mc Kinley Road Makati,0,0,0,0,0,0,0,0,0,0,2014-10-14 13:30,Property,14.55489642,121.0348811,Rear-End
None,EDSA,None,None,"No Accident Factor, Side Swipe, 0.0 drivers_injured, 0.0 drivers_killed, 0.0 passengers_injured, 0.0 passengers_killed, 0.0 pedestrian_injured, 0.0 pedestrian_killed, Fair (Day), EDSA Buendia Loading Bay (SB)  Makati",MMDA Road Safety Unit,,28597a4a-28eb-4fdb-96f2-3a47a34957d6,2014-10-14,04:05:00,EDSA Pet Plans Bldg. Guadalupe (SB) Makati,0,0,0,0,0,0,0,0,0,0,2014-10-14 12:05,Property,14.55422655,121.0337442,Side Swipe
None,EDSA,None,None,"No Accident Factor, Rear-end, 0.0 drivers_injured, 0.0 drivers_killed, 0.0 passengers_injured, 0.0 passengers_killed, 0.0 pedestrian_injured, 0.0 pedestrian_killed, Fair (Day), EDSA Magallanes (NB)  Makati",MMDA Road Safety Unit,,af2cbe8f-3851-42ec-9aee-b143c94aa9cf,2014-10-14,03:50:00,EDSA Magallanes (NB)  Makati,0,0,0,0,0,0,0,0,0,0,2014-10-14 11:50,Property,14.53955946,121.0143517,Rear-End
None,EDSA,None,None,"No Accident Factor, Side Swipe, 0.0 drivers_injured, 0.0 drivers_killed, 0.0 passengers_injured, 0.0 passengers_killed, 0.0 pedestrian_injured, 0.0 pedestrian_killed, Fair (Day), EDSA Ayala Loading Bay (NB)  Makati",MMDA Road Safety Unit,,4f75d58c-85ad-443b-8932-198408ba5e0a,2014-10-14,00:10:00,EDSA Mc Kinley Road Makati,0,0,0,0,0,0,0,0,0,0,2014-10-14 8:10,Property,14.54906772,121.0276631,Side Swipe
None,EDSA,None,None,"No Accident Factor, Angle Impact, 0.0 drivers_injured, 0.0 drivers_killed, 0.0 passengers_injured, 0.0 passengers_killed, 0.0 pedestrian_injured, 0.0 pedestrian_killed, Fair (Day), EDSA Ayala Ave. Makati",MMDA Road Safety Unit,,29cebe38-0682-45de-a101-55128f4b307c,2014-10-12,02:00:00,EDSA  Magallanes Makati,0,0,0,0,0,0,0,0,0,0,2014-10-12 10:00,Property,14.5503157,121.0293627,Angle Impact
None,EDSA,None,None,"No Accident Factor, No Collision Stated (based on Police Blotter Book), 0.0 drivers_injured, 0.0 drivers_killed, 0.0 passengers_injured, 0.0 passengers_killed, 0.0 pedestrian_injured, 0.0 pedestrian_killed, Fair (Day), EDSA  Shell Gas Station Escuella St.  Makati",MMDA Road Safety Unit,,6d8c0711-37d5-4f18-b0c4-ee670d3b22db,2014-10-11,01:45:00,EDSA Estrella Loading Bay (SB)  Makati,0,0,0,0,0,0,0,0,0,0,2014-10-11 9:45,Property,14.56014008,121.0411848,No Collision Stated
None,EDSA,None,None,"No Accident Factor, Side Swipe, 0.0 drivers_injured, 0.0 drivers_killed, 0.0 passengers_injured, 0.0 passengers_killed, 0.0 pedestrian_injured, 0.0 pedestrian_killed, Fair (Day), EDSA Ayala Ave. (NB)  Makati",MMDA Road Safety Unit,,6e01d22f-5276-42ad-b5be-8abb583fb5d4,2014-10-10,07:45:00,EDSA Buendia Ave. (NB)  Makati,0,0,0,0,0,0,0,0,0,0,2014-10-10 15:45,Property,14.5503157,121.0293627,Side Swipe
None,EDSA,None,None,"No Accident Factor, Side Swipe, 0.0 drivers_injured, 0.0 drivers_killed, 0.0 passengers_injured, 0.0 passengers_killed, 0.0 pedestrian_injured, 0.0 pedestrian_killed, Fair (Day), EDSA Guadalupe (SB)  Makati",MMDA Road Safety Unit,,bea5fc1e-8c56-4d3c-aa8d-71b4d671361f,2014-10-10,05:20:00,EDSA Ortigas Ave. (SB) Makati,0,0,0,0,0,0,0,0,0,0,2014-10-10 13:20,Property,14.56662777,121.0455282,Side Swipe
None,EDSA,None,None,"No Accident Factor, Rear-end, 0.0 drivers_injured, 0.0 drivers_killed, 0.0 passengers_injured, 0.0 passengers_killed, 0.0 pedestrian_injured, 0.0 pedestrian_killed, Fair (Night), EDSA Ayala Ave. Makati",MMDA Road Safety Unit,,3c18a195-c1c9-4bb9-85fa-92c0b4cd83fc,2014-10-09,10:30:00,EDSA A. Arnaiz Ave.  Makati,0,0,0,0,0,0,0,0,0,0,2014-10-09 18:30,Property,14.5503157,121.0293627,Rear-End
None,EDSA,None,None,"No Accident Factor, Side Swipe, 0.0 drivers_injured, 0.0 drivers_killed, 0.0 passengers_injured, 0.0 passengers_killed, 0.0 pedestrian_injured, 0.0 pedestrian_killed, Fair (Day), EDSA Ayala Ave. (NB)  Makati",MMDA Road Safety Unit,,05e7cb6e-665f-446b-86bb-c275b71ad098,2014-10-09,00:50:00,EDSA  Kalayaan Ave. Intersection  Makati,0,0,0,0,0,0,0,0,0,0,2014-10-09 8:50,Property,14.5503157,121.0293627,Side Swipe
None,EDSA,None,None,"No Accident Factor, Rear-end, 0.0 drivers_injured, 0.0 drivers_killed, 0.0 passengers_injured, 0.0 passengers_killed, 0.0 pedestrian_injured, 0.0 pedestrian_killed, Fair (Day), EDSA  Ayala Ave. (NB)  Makati",MMDA Road Safety Unit,,adbe3de8-1222-4da7-a33f-c9623894b453,2014-10-08,00:15:00,EDSA Mc Kinley Road Makati,0,0,0,0,0,0,0,0,0,0,2014-10-08 8:15,Property,14.55041654,121.0294372,Rear-End
None,EDSA,None,None,"No Accident Factor, Rear-end, 0.0 drivers_injured, 0.0 drivers_killed, 0.0 passengers_injured, 0.0 passengers_killed, 0.0 pedestrian_injured, 0.0 pedestrian_killed, Fair (Day), EDSA  Shell Gas Station Buendia Ave. Makati",MMDA Road Safety Unit,,a2861dec-90f8-45d8-8976-246bf74bb702,2014-10-07,08:50:00,EDSA Ayala Ave. Intersection Makati,0,0,0,0,0,0,0,0,0,0,2014-10-07 16:50,Property,14.55533457,121.0349475,Rear-End
None,EDSA,None,None,"No Accident Factor, Side Swipe, 0.0 drivers_injured, 0.0 drivers_killed, 0.0 passengers_injured, 0.0 passengers_killed, 0.0 pedestrian_injured, 0.0 pedestrian_killed, Fair (Day), EDSA Buendia Ave. (SB)  Makati",MMDA Road Safety Unit,,c9df6a85-e4e8-4708-b5b7-dc5b8c033a6d,2014-10-07,00:50:00,EDSA Estrella Loading Bay (SB) Makati,0,0,0,0,0,0,0,0,0,0,2014-10-07 8:50,Property,14.55489642,121.0348811,Side Swipe
None,EDSA,None,None,"No Accident Factor, Side Swipe, 0.0 drivers_injured, 0.0 drivers_killed, 0.0 passengers_injured, 0.0 passengers_killed, 0.0 pedestrian_injured, 0.0 pedestrian_killed, Fair (Night), EDSA Evangelista St. Makati",MMDA Road Safety Unit,,3146dc15-53a7-4100-a40d-93e78f444f27,2014-10-04,10:30:00,EDSA Buendia (NB)  Makati,0,0,0,0,0,0,0,0,0,0,2014-10-04 18:30,Property,14.53906878,121.012324,Side Swipe
None,EDSA,None,None,"No Accident Factor, Side Swipe, 0.0 drivers_injured, 0.0 drivers_killed, 0.0 passengers_injured, 0.0 passengers_killed, 0.0 pedestrian_injured, 0.0 pedestrian_killed, Fair (Night), EDSA Ayala Ave. Makati",MMDA Road Safety Unit,,f932e2c5-0e1e-4508-ae4a-0320576c6699,2014-10-03,16:00:00,EDSA A. Arnaiz Ave.  Makati,0,0,0,0,0,0,0,0,0,0,2014-10-04,Property,14.5503157,121.0293627,Side Swipe
None,EDSA,None,None,"No Accident Factor, Rear-end, 0.0 drivers_injured, 0.0 drivers_killed, 0.0 passengers_injured, 0.0 passengers_killed, 0.0 pedestrian_injured, 0.0 pedestrian_killed, Fair (Day), EDSA Buendia MRT Station (NB)  Makati",MMDA Road Safety Unit,,aa652540-70af-4aa3-984d-16d62a07139f,2014-10-03,03:20:00,EDSA Ayala Forbes Park (NB)  Makati,0,0,0,0,0,0,0,0,0,0,2014-10-03 11:20,Property,14.55404034,121.0340364,Rear-End
None,EDSA,None,None,"No Accident Factor, Hit Object (No Object Stated), 0.0 drivers_injured, 0.0 drivers_killed, 0.0 passengers_injured, 0.0 passengers_killed, 0.0 pedestrian_injured, 0.0 pedestrian_killed, Fair (Night), EDSA Orense St.  Makati",MMDA Road Safety Unit,,8729b941-84d6-42b1-bdf2-812131e42fb0,2014-10-02,12:00:00,EDSA Kalayaan Ave. Makati,0,0,0,0,0,0,0,0,0,0,2014-10-02 20:00,Property,14.56156378,121.0428336,Hit Object
None,EDSA,None,None,"No Accident Factor, No Collision Stated (based on Police Blotter Book), 0.0 drivers_injured, 0.0 drivers_killed, 0.0 passengers_injured, 0.0 passengers_killed, 0.0 pedestrian_injured, 0.0 pedestrian_killed, Fair (Night), EDSA Guadalupe Loading Bay (SB)  Makati",MMDA Road Safety Unit,,5eda149f-506a-4ad4-b787-d5fde65c773d,2014-10-01,22:30:00,EDSA Estrella (SB)  Makati,0,0,0,0,0,0,0,0,0,0,2014-10-02 6:30,Property,14.56470241,121.0447638,No Collision Stated
None,EDSA,None,None,"No Accident Factor, Side Swipe, 0.0 drivers_injured, 0.0 drivers_killed, 0.0 passengers_injured, 0.0 passengers_killed, 0.0 pedestrian_injured, 0.0 pedestrian_killed, Fair (Day), EDSA Magallanes Loading Bay (NB)  Makati",MMDA Road Safety Unit,,fc95b04a-757a-4cd7-8331-7813c3c5a34e,2014-10-01,00:30:00,EDSA Rockwell (SB)  Makati,0,0,0,0,0,0,0,0,0,0,2014-10-01 8:30,Property,14.54402536,121.021754,Side Swipe
None,EDSA,None,None,"No Accident Factor, Side Swipe, 0.0 drivers_injured, 0.0 drivers_killed, 0.0 passengers_injured, 0.0 passengers_killed, 0.0 pedestrian_injured, 0.0 pedestrian_killed, Fair (Night), EDSA ""U"" turn slot, Buendia Ave. (NB)  Makati",MMDA Road Safety Unit,,8fe6f752-48c4-4624-8bf8-3f9a7a7444c6,2014-09-30,07:10:00,EDSA Magallanes Interchange Makati,0,0,0,0,0,0,0,0,0,0,2014-09-30 15:10,Property,14.55541384,121.0354694,Side Swipe
None,EDSA,None,None,"No Accident Factor, No Collision Stated (based on Police Blotter Book), 0.0 drivers_injured, 0.0 drivers_killed, 0.0 passengers_injured, 0.0 passengers_killed, 0.0 pedestrian_injured, 0.0 pedestrian_killed, Fair (Night), EDSA  Shell Gas Station Estrella St.  Makati",MMDA Road Safety Unit,,5c2faf92-35ed-4755-97af-b1366ee534c6,2014-09-29,03:10:00,"EDSA Buendia Ave. (SB) ""U"" turn slot  Makati",0,0,0,0,0,0,0,0,0,0,2014-09-29 11:10,Property,14.56014008,121.0411848,No Collision Stated
None,EDSA,None,None,"No Accident Factor, Side Swipe, 0.0 drivers_injured, 0.0 drivers_killed, 0.0 passengers_injured, 0.0 passengers_killed, 0.0 pedestrian_injured, 0.0 pedestrian_killed, Fair (Night), EDSA Estrella St.  Makati",MMDA Road Safety Unit,,b59cfe80-e2c8-42ac-84f3-9e61d4cd3053,2014-09-29,01:20:00,EDSA Estrella (SB)  Makati,0,0,0,0,0,0,0,0,0,0,2014-09-29 9:20,Property,14.56004326,121.0411034,Side Swipe
None,EDSA,None,None,"No Accident Factor, Side Swipe, 0.0 drivers_injured, 0.0 drivers_killed, 0.0 passengers_injured, 0.0 passengers_killed, 0.0 pedestrian_injured, 0.0 pedestrian_killed, Fair (Night), EDSA Buendia Loading  Bay (NB)  Makati",MMDA Road Safety Unit,,396ff3a0-7cb9-494c-ac2f-31cf9ea15434,2014-09-29,01:10:00,EDSA Ayala Ave. Makati,0,0,0,0,0,0,0,0,0,0,2014-09-29 9:10,Property,14.55422655,121.0337442,Side Swipe
None,EDSA,None,None,"No Accident Factor, Side Swipe, 0.0 drivers_injured, 0.0 drivers_killed, 0.0 passengers_injured, 0.0 passengers_killed, 0.0 pedestrian_injured, 0.0 pedestrian_killed, Fair (Night), EDSA Guadalupe Mall (NB)  Makati",MMDA Road Safety Unit,,a96e6f9c-e6f7-4cd8-a6c9-d0102e16b1c2,2014-09-28,23:50:00,EDSA  Magallanes Interchange Makati,0,0,0,0,0,0,0,0,0,0,2014-09-29 7:50,Property,14.56684034,121.0455246,Side Swipe
None,EDSA,None,None,"No Accident Factor, Side Swipe, 0.0 drivers_injured, 0.0 drivers_killed, 0.0 passengers_injured, 0.0 passengers_killed, 0.0 pedestrian_injured, 0.0 pedestrian_killed, Fair (Day), EDSA Ayala Ave. Makati",MMDA Road Safety Unit,,c7968449-9b98-44f9-acb0-00c8a72150fa,2014-09-28,09:30:00,EDSA Buendia (NB)  Makati,0,0,0,0,0,0,0,0,0,0,2014-09-28 17:30,Property,14.5503157,121.0293627,Side Swipe
None,EDSA,None,None,"No Accident Factor, Side Swipe, 0.0 drivers_injured, 0.0 drivers_killed, 0.0 passengers_injured, 0.0 passengers_killed, 0.0 pedestrian_injured, 0.0 pedestrian_killed, Fair (Night), EDSA Chino Roces Ave. Makati",MMDA Road Safety Unit,,bdb0484c-74dc-4d6a-b361-18ef36a6d20f,2014-09-27,20:00:00,EDSA Ecology Village (NB)  Makati,0,0,0,0,0,0,0,0,0,0,2014-09-28 4:00,Property,14.54117334,121.0183458,Side Swipe
None,EDSA,None,None,"No Accident Factor, Rear-end, 0.0 drivers_injured, 0.0 drivers_killed, 0.0 passengers_injured, 0.0 passengers_killed, 0.0 pedestrian_injured, 0.0 pedestrian_killed, Fair (Day), EDSA South Super Highway (NB) Makati",MMDA Road Safety Unit,,3f27d6ce-4c64-46a3-a232-d185c0dcb584,2014-09-27,05:30:00,"EDSA Buendia Ave. ""U"" turn slot (NB)  Makati",0,0,0,0,0,0,0,0,0,0,2014-09-27 13:30,Property,14.54054957,121.016932,Rear-End
None,EDSA,None,None,"No Accident Factor, No Collision Stated (based on Police Blotter Book), 0.0 drivers_injured, 0.0 drivers_killed, 0.0 passengers_injured, 0.0 passengers_killed, 0.0 pedestrian_injured, 0.0 pedestrian_killed, Fair (Night), EDSA Magallanes (NB)  Makati",MMDA Road Safety Unit,,1a916b1e-202f-4c8e-ae4c-fc91351af4e1,2014-09-26,06:30:00,EDSA Magallanes (NB)  Makati,0,0,0,0,0,0,0,0,0,0,2014-09-26 14:30,Property,14.53955946,121.0143517,No Collision Stated
None,EDSA,None,None,"No Accident Factor, Rear-end, 0.0 drivers_injured, 0.0 drivers_killed, 0.0 passengers_injured, 0.0 passengers_killed, 0.0 pedestrian_injured, 0.0 pedestrian_killed, Fair (Night), EDSA Magallanes Loading Bay  Makati",MMDA Road Safety Unit,,91e2f02d-e48d-43ef-ae5e-5d875caf0eee,2014-09-26,04:30:00,EDSA Guadalupe (SB)  Makati,0,0,0,0,0,0,0,0,0,0,2014-09-26 12:30,Property,14.54402536,121.021754,Rear-End
None,EDSA,None,None,"No Accident Factor, Rear-end, 0.0 drivers_injured, 0.0 drivers_killed, 0.0 passengers_injured, 0.0 passengers_killed, 0.0 pedestrian_injured, 0.0 pedestrian_killed, Fair (Night), EDSA Ayala Ave. (SB)  Makati",MMDA Road Safety Unit,,9fd69a64-f69f-4228-b172-2c54bc49ed40,2014-09-25,23:30:00,EDSA Bunedia Ave. (SB)  Makati,0,0,0,0,0,0,0,0,0,0,2014-09-26 7:30,Property,14.5503157,121.0293627,Rear-End
None,EDSA,None,None,"No Accident Factor, No Collision Stated (based on Police Blotter Book), 0.0 drivers_injured, 0.0 drivers_killed, 0.0 passengers_injured, 0.0 passengers_killed, 0.0 pedestrian_injured, 0.0 pedestrian_killed, Rain (Day), EDSA Mc Kinley Road Makati",MMDA Road Safety Unit,,c3e8e8f0-74c2-4318-9f32-08124bb1bb5e,2014-09-25,06:25:00,EDSA Kalayaan Ave. Makati,0,0,0,0,0,0,0,0,0,0,2014-09-25 14:25,Property,14.5501403,121.0294629,No Collision Stated
None,EDSA,None,None,"No Accident Factor, No Collision Stated (based on Police Blotter Book), 0.0 drivers_injured, 0.0 drivers_killed, 0.0 passengers_injured, 0.0 passengers_killed, 0.0 pedestrian_injured, 0.0 pedestrian_killed, Fair (Night), EDSA Pet Plans Bldg. Guadalupe (SB)  Makati",MMDA Road Safety Unit,,dacbf3ce-f66c-4e7a-adb1-0dd6a5b5455e,2014-09-24,05:45:00,EDSA East Service Road Makati,0,0,0,0,0,0,0,0,0,0,2014-09-24 13:45,Property,14.56193394,121.0428344,No Collision Stated
None,EDSA,None,None,"No Accident Factor, Rear-end, 0.0 drivers_injured, 0.0 drivers_killed, 0.0 passengers_injured, 0.0 passengers_killed, 0.0 pedestrian_injured, 0.0 pedestrian_killed, Fair (Night), EDSA Magallanes (NB)  Makati",MMDA Road Safety Unit,,7d75ff68-4993-4326-b493-48eb1881070c,2014-09-23,02:50:00,EDSA Magallanes Loading Bay (SB)  Makati,0,0,0,0,0,0,0,0,0,0,2014-09-23 10:50,Property,14.53955946,121.0143517,Rear-End
None,EDSA,None,None,"No Accident Factor, Side Swipe, 0.0 drivers_injured, 0.0 drivers_killed, 0.0 passengers_injured, 0.0 passengers_killed, 0.0 pedestrian_injured, 0.0 pedestrian_killed, Rain (Day), EDSA Mc Kinley Road Makati",MMDA Road Safety Unit,,a3785289-2f8d-47ee-ac69-a29774681bf1,2014-09-22,04:05:00,EDSA Ayala Ave. (NB)  Makati,0,0,0,0,0,0,0,0,0,0,2014-09-22 12:05,Property,14.5501403,121.0294629,Side Swipe