LOCATION_TEXT,ROAD,WEATHER,LIGHT,DESC,REPORTING_AGENCY,MAIN_CAUSE,INCIDENTDETAILS_ID,DATE_UTC,TIME_UTC,ADDRESS,killed_driver,killed_passenger,killed_pedestrian,injured_driver,injured_passenger,injured_pedestrian,killed_uncategorized,injured_uncategorized,killed_total,injured_total,DATETIME_PST,SEVERITY,Y,X,COLLISION_TYPE
None,EDSA,None,None,"No Accident Factor, Side Swipe, 0.0 drivers_injured, 0.0 drivers_killed, 0.0 passengers_injured, 0.0 passengers_killed, 0.0 pedestrian_injured, 0.0 pedestrian_killed, Fair (Night), EDSA  Magallanes Makati",MMDA Road Safety Unit,,a45a22f4-9124-4993-9f9f-612af8e33d7c,2014-09-18,06:30:00,EDSA Magallanes Interchange Makati,0,0,0,0,0,0,0,0,0,0,2014-09-18 14:30,Property,14.54053669,121.0168099,Side Swipe
None,EDSA,None,None,"No Accident Factor, Side Swipe, 0.0 drivers_injured, 0.0 drivers_killed, 0.0 passengers_injured, 0.0 passengers_killed, 0.0 pedestrian_injured, 0.0 pedestrian_killed, Fair (Night), EDSA Estrella Loading Bay (SB)  Makati",MMDA Road Safety Unit,,5bdd931f-0b6e-4ed7-ba16-813d12a77bed,2014-09-18,02:05:00,EDSA Buendia Ave.  Makati,0,0,0,0,0,0,0,0,0,0,2014-09-18 10:05,Property,14.56049908,121.0415707,Side Swipe
None,EDSA,None,None,"No Accident Factor, Rear-end, 0.0 drivers_injured, 0.0 drivers_killed, 0.0 passengers_injured, 0.0 passengers_killed, 0.0 pedestrian_injured, 0.0 pedestrian_killed, Fair (Night), EDSA Buendia Ave. (NB)  Makati",MMDA Road Safety Unit,,8375aaed-de72-4395-bd07-e4a56538b950,2014-09-18,01:30:00,EDSA Ayala Ave. Makati,0,0,0,0,0,0,0,0,0,0,2014-09-18 9:30,Property,14.55489642,121.0348811,Rear-End
None,EDSA,None,None,"No Accident Factor, Side Swipe, 0.0 drivers_injured, 0.0 drivers_killed, 0.0 passengers_injured, 0.0 passengers_killed, 0.0 pedestrian_injured, 0.0 pedestrian_killed, Fair (Night), EDSA Ortigas Ave. (SB)  Makati",MMDA Road Safety Unit,,b63d9f80-c642-4828-95d0-2940b18ed0e9,2014-09-18,00:45:00,EDSA Ayala Ave. (NB)  Makati,0,0,0,0,0,0,0,0,0,0,2014-09-18 8:45,Property,14.59319081,121.0585811,Side Swipe
None,EDSA,None,None,"No Accident Factor, Rear-end, 0.0 drivers_injured, 0.0 drivers_killed, 0.0 passengers_injured, 0.0 passengers_killed, 0.0 pedestrian_injured, 0.0 pedestrian_killed, Fair (Night), EDSA A. Arnaiz Ave.  Makati",MMDA Road Safety Unit,,8ea31cfc-2e56-4f8d-a6c2-e31789e9d58f,2014-09-17,23:10:00,EDSA Ayala Ave. Makati,0,0,0,0,0,0,0,0,0,0,2014-09-18 7:10,Property,14.54742131,121.0262139,Rear-End
None,EDSA,None,None,"No Accident Factor, Side Swipe, 0.0 drivers_injured, 0.0 drivers_killed, 0.0 passengers_injured, 0.0 passengers_killed, 0.0 pedestrian_injured, 0.0 pedestrian_killed, Fair (Night), EDSA  Kalayaan Ave. Intersection  Makati",MMDA Road Safety Unit,,2ab877b7-0c26-4d5b-83ca-3c3d66cf2b43,2014-09-17,11:15:00,EDSA Quezon Ave.     Makati,0,0,0,0,0,0,0,0,0,0,2014-09-17 19:15,Property,14.55516939,121.0349781,Side Swipe
None,EDSA,None,None,"No Accident Factor, Rear-end, 0.0 drivers_injured, 0.0 drivers_killed, 0.0 passengers_injured, 0.0 passengers_killed, 0.0 pedestrian_injured, 0.0 pedestrian_killed, Rain (Night), EDSA Mc Kinley Road Makati",MMDA Road Safety Unit,,fb65bed9-e2f3-491e-adcb-4fa9511adddd,2014-09-15,14:45:00,EDSA Guadalupe (NB) MRT Station  Makati,0,0,0,0,0,0,0,0,0,0,2014-09-15 22:45,Property,14.5501403,121.0294629,Rear-End
None,EDSA,None,None,"No Accident Factor, Angle Impact, 0.0 drivers_injured, 0.0 drivers_killed, 1.0 passengers_injured, 0.0 passengers_killed, 0.0 pedestrian_injured, 0.0 pedestrian_killed, Rain (Night), EDSA Ayala Ave. Intersection Makati",MMDA Road Safety Unit,,7c47ca29-5900-4a1b-a862-fc73901a32eb,2014-09-14,07:45:00,EDSA Buendia Ave. MRT Station  Makati,0,0,0,0,1,0,0,0,0,1,2014-09-14 15:45,Injury,14.5503157,121.0293627,Angle Impact
None,EDSA,None,None,"No Accident Factor, Rear-end, 0.0 drivers_injured, 0.0 drivers_killed, 0.0 passengers_injured, 0.0 passengers_killed, 0.0 pedestrian_injured, 0.0 pedestrian_killed, Fair (Night), EDSA Estrella Loading Bay (SB) Makati",MMDA Road Safety Unit,,acff304f-e0aa-4a48-88d4-25d10d07c3bc,2014-09-12,21:45:00,EDSA Pasay Road Makati,0,0,0,0,0,0,0,0,0,0,2014-09-13 5:45,Property,14.56049908,121.0415707,Rear-End
None,EDSA,None,None,"No Accident Factor, Side Swipe, 0.0 drivers_injured, 0.0 drivers_killed, 0.0 passengers_injured, 0.0 passengers_killed, 0.0 pedestrian_injured, 0.0 pedestrian_killed, Fair (Day), EDSA Buendia (NB)  Makati",MMDA Road Safety Unit,,8d45344d-f48d-47be-9036-8935ba3a4a52,2014-09-12,08:40:00,EDSA Magallanes Interchange Makati,0,0,0,0,0,0,0,0,0,0,2014-09-12 16:40,Property,14.5549709,121.0347642,Side Swipe
None,EDSA,None,None,"No Accident Factor, Rear-end, 0.0 drivers_injured, 0.0 drivers_killed, 0.0 passengers_injured, 0.0 passengers_killed, 0.0 pedestrian_injured, 0.0 pedestrian_killed, Fair (Night), EDSA A. Arnaiz Ave.  Makati",MMDA Road Safety Unit,,a338a68d-3740-402a-baeb-2feec2e1b8eb,2014-09-12,05:30:00,EDSA Buendia Ave. (SB)  Makati,0,0,0,0,0,0,0,0,0,0,2014-09-12 13:30,Property,14.54742131,121.0262139,Rear-End
None,EDSA,None,None,"No Accident Factor, Side Swipe, 0.0 drivers_injured, 0.0 drivers_killed, 0.0 passengers_injured, 0.0 passengers_killed, 0.0 pedestrian_injured, 0.0 pedestrian_killed, Fair (Day), EDSA Ayala Forbes Park (NB)  Makati",MMDA Road Safety Unit,,f91d2963-2805-43c9-ab3d-a9207f1b1fbc,2014-09-12,01:10:00,EDSA Buendia Ave. (SB)  Makati,0,0,0,0,0,0,0,0,0,0,2014-09-12 9:10,Property,14.55023823,121.0296759,Side Swipe
None,EDSA,None,None,"No Accident Factor, Side Swipe, 0.0 drivers_injured, 0.0 drivers_killed, 0.0 passengers_injured, 0.0 passengers_killed, 0.0 pedestrian_injured, 0.0 pedestrian_killed, Fair (Night), EDSA Kalayaan Ave. Makati",MMDA Road Safety Unit,,a8a6433c-64a6-4c3b-bc13-1cad94f09d13,2014-09-11,14:15:00,EDSA Kalayaan Ave. (NB)  Makati,0,0,0,0,0,0,0,0,0,0,2014-09-11 22:15,Property,14.55767933,121.038147,Side Swipe
None,EDSA,None,None,"No Accident Factor, No Collision Stated (based on Police Blotter Book), 0.0 drivers_injured, 0.0 drivers_killed, 0.0 passengers_injured, 0.0 passengers_killed, 0.0 pedestrian_injured, 0.0 pedestrian_killed, Fair (Day), EDSA Estrella (SB)  Makati",MMDA Road Safety Unit,,72a9fde4-b5a5-4b0d-b19b-b1df8708ba6c,2014-09-10,00:10:00,EDSA Ayala Ave. Makati,0,0,0,0,0,0,0,0,0,0,2014-09-10 8:10,Property,14.56004326,121.0411034,No Collision Stated
None,EDSA,None,None,"No Accident Factor, Multiple Collision, 0.0 drivers_injured, 0.0 drivers_killed, 0.0 passengers_injured, 0.0 passengers_killed, 0.0 pedestrian_injured, 0.0 pedestrian_killed, Fair (Day), EDSA Rockwell (SB)  Makati",MMDA Road Safety Unit,,59f93cbb-e148-4833-94e2-ba101968e155,2014-09-10,00:00:00,EDSA Rockwell (SB)  Makati,0,0,0,0,0,0,0,0,0,0,2014-09-10 8:00,Property,14.56005542,121.0407183,Multiple
None,EDSA,None,None,"No Accident Factor, No Collision Stated (based on Police Blotter Book), 0.0 drivers_injured, 0.0 drivers_killed, 0.0 passengers_injured, 0.0 passengers_killed, 0.0 pedestrian_injured, 0.0 pedestrian_killed, Rain (Night), EDSA Magallanes Interchange Makati",MMDA Road Safety Unit,,e4c86273-f700-42af-950e-1db6d040ee70,2014-09-09,15:30:00,EDSA Buendia Ave. MRT Station Makati,0,0,0,0,0,0,0,0,0,0,2014-09-09 23:30,Property,14.54679556,121.0248047,No Collision Stated
None,EDSA,None,None,"No Accident Factor, No Collision Stated (based on Police Blotter Book), 0.0 drivers_injured, 0.0 drivers_killed, 0.0 passengers_injured, 0.0 passengers_killed, 0.0 pedestrian_injured, 0.0 pedestrian_killed, Fair (Day), EDSA Buendia Ave. (SB) ""U"" turn slot  Makati",MMDA Road Safety Unit,,29722a22-2406-43dc-a3e2-75361c2db357,2014-09-09,02:45:00,EDSA Ayala Ave.  Makati,0,0,0,0,0,0,0,0,0,0,2014-09-09 10:45,Property,14.55539162,121.0354384,No Collision Stated
None,EDSA,None,None,"No Accident Factor, Rear-end, 0.0 drivers_injured, 0.0 drivers_killed, 0.0 passengers_injured, 0.0 passengers_killed, 0.0 pedestrian_injured, 0.0 pedestrian_killed, Fair (Day), EDSA Estrella (SB)  Makati",MMDA Road Safety Unit,,9052bb00-8e4c-41f8-8e0b-9bd7c10e6611,2014-09-08,00:45:00,EDSA Mantrade Loading Bay (SB)  Makati,0,0,0,0,0,0,0,0,0,0,2014-09-08 8:45,Property,14.56004326,121.0411034,Rear-End
None,EDSA,None,None,"No Accident Factor, Rear-end, 0.0 drivers_injured, 0.0 drivers_killed, 0.0 passengers_injured, 0.0 passengers_killed, 0.0 pedestrian_injured, 0.0 pedestrian_killed, Fair (Day), EDSA Ayala Ave. Makati",MMDA Road Safety Unit,,1cc027a9-13c6-4e08-b143-4983d51d62d2,2014-09-06,16:15:00,EDSA Ayala Loading Bay  Makati,0,0,0,0,0,0,0,0,0,0,2014-09-07 0:15,Property,14.5503157,121.0293627,Rear-End
None,EDSA,None,None,"No Accident Factor, Rear-end, 0.0 drivers_injured, 0.0 drivers_killed, 0.0 passengers_injured, 0.0 passengers_killed, 0.0 pedestrian_injured, 0.0 pedestrian_killed, Fair (Day), EDSA  Magallanes Interchange Makati",MMDA Road Safety Unit,,f4b01a47-a30f-41d7-acf4-281d0a5a32c9,2014-09-05,17:00:00,EDSA Mc Kinley Road Makati,0,0,0,0,0,0,0,0,0,0,2014-09-06 1:00,Property,14.54053669,121.0168099,Rear-End
None,EDSA,None,None,"No Accident Factor, No Collision Stated (based on Police Blotter Book), 0.0 drivers_injured, 0.0 drivers_killed, 0.0 passengers_injured, 0.0 passengers_killed, 0.0 pedestrian_injured, 0.0 pedestrian_killed, Fair (Day), EDSA Buendia (NB)  Makati",MMDA Road Safety Unit,,77f38689-4f55-41a5-8a40-142863a9c292,2014-09-05,04:30:00,EDSA Buendia Ave. (SB) Makati,0,0,0,0,0,0,0,0,0,0,2014-09-05 12:30,Property,14.5549709,121.0347642,No Collision Stated
None,EDSA,None,None,"No Accident Factor, Angle Impact, 0.0 drivers_injured, 0.0 drivers_killed, 0.0 passengers_injured, 0.0 passengers_killed, 0.0 pedestrian_injured, 0.0 pedestrian_killed, Fair (Day), EDSA Ecology Village (NB)  Makati",MMDA Road Safety Unit,,8f6d331c-69f0-4b1a-a05c-749279e07be2,2014-09-05,04:05:00,EDSA Mc Kinley Road Makati,0,0,0,0,0,0,0,0,0,0,2014-09-05 12:05,Property,14.54210679,121.019172,Angle Impact
None,EDSA,None,None,"No Accident Factor, Side Swipe, 0.0 drivers_injured, 0.0 drivers_killed, 0.0 passengers_injured, 0.0 passengers_killed, 0.0 pedestrian_injured, 0.0 pedestrian_killed, Fair (Day), EDSA Buendia Ave. ""U"" turn slot (NB)  Makati",MMDA Road Safety Unit,,1e717d74-6ac6-44b1-8830-a9a34a33a7b9,2014-09-05,01:45:00,EDSA Ayala Ave. Makati,0,0,0,0,0,0,0,0,0,0,2014-09-05 9:45,Property,14.55533503,121.0354389,Side Swipe
None,EDSA,None,None,"No Accident Factor, Side Swipe, 0.0 drivers_injured, 0.0 drivers_killed, 0.0 passengers_injured, 0.0 passengers_killed, 0.0 pedestrian_injured, 0.0 pedestrian_killed, Fair (Day), EDSA Magallanes (NB)  Makati",MMDA Road Safety Unit,,a6f754a6-358a-460b-9796-d5dcc2cc6f87,2014-09-05,00:05:00,EDSA Buendia Ave. (NB) Loading Bay  Makati,0,0,0,0,0,0,0,0,0,0,2014-09-05 8:05,Property,14.53955946,121.0143517,Side Swipe
None,EDSA,None,None,"No Accident Factor, Rear-end, 0.0 drivers_injured, 0.0 drivers_killed, 0.0 passengers_injured, 0.0 passengers_killed, 0.0 pedestrian_injured, 0.0 pedestrian_killed, Fair (Day), EDSA Guadalupe (SB)  Makati",MMDA Road Safety Unit,,e9e099c2-6409-46c9-9696-6f81a490311b,2014-09-04,01:00:00,EDSA Ayala Ave. (NB) Makati,0,0,0,0,0,0,0,0,0,0,2014-09-04 9:00,Property,14.56662777,121.0455282,Rear-End
None,EDSA,None,None,"No Accident Factor, Rear-end, 0.0 drivers_injured, 0.0 drivers_killed, 0.0 passengers_injured, 0.0 passengers_killed, 0.0 pedestrian_injured, 0.0 pedestrian_killed, Fair (Day), EDSA Bunedia Ave. (SB)  Makati",MMDA Road Safety Unit,,2b08dedf-d67f-448a-ada0-48208d0726df,2014-09-03,07:05:00,EDSA Buendia Ave. (NB)  Makati,0,0,0,0,0,0,0,0,0,0,2014-09-03 15:05,Property,14.55506572,121.0348215,Rear-End
None,EDSA,None,None,"No Accident Factor, Side Swipe, 0.0 drivers_injured, 0.0 drivers_killed, 0.0 passengers_injured, 0.0 passengers_killed, 0.0 pedestrian_injured, 0.0 pedestrian_killed, Fair (Day), EDSA Kalayaan Ave. Makati",MMDA Road Safety Unit,,083a384b-abcb-49a7-937e-25c4f1647f2a,2014-09-03,03:55:00,EDSA Kalayaan Ave. (NB)  Makati,0,0,0,0,0,0,0,0,0,0,2014-09-03 11:55,Property,14.55767933,121.038147,Side Swipe
None,EDSA,None,None,"No Accident Factor, Side Swipe, 0.0 drivers_injured, 0.0 drivers_killed, 0.0 passengers_injured, 0.0 passengers_killed, 0.0 pedestrian_injured, 0.0 pedestrian_killed, Fair (Day), EDSA East Service Road Makati",MMDA Road Safety Unit,,8c4d8df8-a6f4-4eda-b9b9-cd354dfab945,2014-09-03,01:45:00,EDSA Rockwell (NB)  Makati,0,0,0,0,0,0,0,0,0,0,2014-09-03 9:45,Property,14.53964325,121.015609,Side Swipe
None,EDSA,None,None,"No Accident Factor, Side Swipe, 0.0 drivers_injured, 0.0 drivers_killed, 0.0 passengers_injured, 0.0 passengers_killed, 0.0 pedestrian_injured, 0.0 pedestrian_killed, Fair (Day), EDSA Magallanes Loading Bay (SB)  Makati",MMDA Road Safety Unit,,cadaa919-fea8-4009-8793-613c037aa128,2014-09-02,05:25:00,EDSA South Super Highway Makati,0,0,0,0,0,0,0,0,0,0,2014-09-02 13:25,Property,14.54402536,121.021754,Side Swipe
None,EDSA,None,None,"No Accident Factor, Side Swipe, 0.0 drivers_injured, 0.0 drivers_killed, 0.0 passengers_injured, 0.0 passengers_killed, 0.0 pedestrian_injured, 0.0 pedestrian_killed, Fair (Day), EDSA Ayala Ave. (NB)  Makati",MMDA Road Safety Unit,,a5186f6c-c0a4-48cd-9df7-90be685c8a18,2014-09-02,05:00:00,EDSA  Ayala Ave. Makati,0,0,0,0,0,0,0,0,0,0,2014-09-02 13:00,Property,14.5503157,121.0293627,Side Swipe
None,EDSA,None,None,"No Accident Factor, Rear-end, 0.0 drivers_injured, 0.0 drivers_killed, 0.0 passengers_injured, 0.0 passengers_killed, 0.0 pedestrian_injured, 0.0 pedestrian_killed, Fair (Day), EDSA Magallanes Interchange Makati",MMDA Road Safety Unit,,ea949a7b-62cf-487c-a67b-1d1ac0f65af2,2014-09-02,02:30:00,EDSA Buendia Ave. (SB)     Makati,0,0,0,0,0,0,0,0,0,0,2014-09-02 10:30,Property,14.54679556,121.0248047,Rear-End
None,EDSA,None,None,"No Accident Factor, Side Swipe, 0.0 drivers_injured, 0.0 drivers_killed, 0.0 passengers_injured, 0.0 passengers_killed, 0.0 pedestrian_injured, 0.0 pedestrian_killed, Fair (Day), EDSA Buendia Ave.  Makati",MMDA Road Safety Unit,,49eecc7e-ede4-425f-b291-ea7454779032,2014-09-02,01:00:00,EDSA Estrella (NB)  Makati,0,0,0,0,0,0,0,0,0,0,2014-09-02 9:00,Property,14.55517972,121.0349173,Side Swipe
None,EDSA,None,None,"No Accident Factor, No Collision Stated (based on Police Blotter Book), 0.0 drivers_injured, 0.0 drivers_killed, 0.0 passengers_injured, 0.0 passengers_killed, 0.0 pedestrian_injured, 0.0 pedestrian_killed, Fair (Night), EDSA Ayala Ave. Makati",MMDA Road Safety Unit,,de8f2eed-5329-4346-bc18-0502c18500a9,2014-09-01,10:25:00,EDSA Pasay Road (NB) Makati,0,0,0,0,0,0,0,0,0,0,2014-09-01 18:25,Property,14.5503157,121.0293627,No Collision Stated
None,EDSA,None,None,"No Accident Factor, Side Swipe, 0.0 drivers_injured, 0.0 drivers_killed, 0.0 passengers_injured, 0.0 passengers_killed, 0.0 pedestrian_injured, 0.0 pedestrian_killed, Fair (Day), EDSA Ayala Ave. (NB)  Makati",MMDA Road Safety Unit,,a3132827-6b19-4b6a-a12c-c9544b02d425,2014-09-01,00:25:00,EDSA Ayala Ave. (SB) Makati,0,0,0,0,0,0,0,0,0,0,2014-09-01 8:25,Property,14.5503157,121.0293627,Side Swipe
None,EDSA,None,None,"No Accident Factor, Side Swipe, 0.0 drivers_injured, 0.0 drivers_killed, 0.0 passengers_injured, 0.0 passengers_killed, 0.0 pedestrian_injured, 0.0 pedestrian_killed, Fair (Day), EDSA Ayala Ave. Makati",MMDA Road Safety Unit,,f054d4c8-fde5-458a-9c4e-c92810215222,2014-08-31,07:45:00,EDSA Buendia Ave. (NB)  Makati,0,0,0,0,0,0,0,0,0,0,2014-08-31 15:45,Property,14.5503157,121.0293627,Side Swipe
None,EDSA,None,None,"No Accident Factor, Side Swipe, 0.0 drivers_injured, 0.0 drivers_killed, 0.0 passengers_injured, 0.0 passengers_killed, 0.0 pedestrian_injured, 0.0 pedestrian_killed, Fair (Day), EDSA Quezon Ave.     Makati",MMDA Road Safety Unit,,b694930d-c815-472d-9756-677b6843bc43,2014-08-28,23:45:00,EDSA Guadalupe (SB)  Makati,0,0,0,0,0,0,0,0,0,0,2014-08-29 7:45,Property,14.55649604,121.0365881,Side Swipe
None,EDSA,None,None,"No Accident Factor, Rear-end, 1.0 drivers_injured, 0.0 drivers_killed, 0.0 passengers_injured, 0.0 passengers_killed, 0.0 pedestrian_injured, 0.0 pedestrian_killed, Fair (Day), EDSA Guadalupe (NB) MRT Station  Makati",MMDA Road Safety Unit,,613b836b-cbf4-49d1-a790-cd15cd277ea8,2014-08-28,07:50:00,EDSA Buendia Ave. (SB) Shell Gas Station  Makati,0,0,0,1,0,0,0,0,0,1,2014-08-28 15:50,Injury,14.56662777,121.0455282,Rear-End
None,EDSA,None,None,"No Accident Factor, Rear-end, 0.0 drivers_injured, 0.0 drivers_killed, 0.0 passengers_injured, 0.0 passengers_killed, 0.0 pedestrian_injured, 0.0 pedestrian_killed, Fair (Day), EDSA Buendia Ave. MRT Station  Makati",MMDA Road Safety Unit,,0c8d6686-36d3-4ff0-9aae-fbd2a361e718,2014-08-27,09:20:00,EDSA Ayala Ave. (NB)  Makati,0,0,0,0,0,0,0,0,0,0,2014-08-27 17:20,Property,14.55415467,121.034171,Rear-End
None,EDSA,None,None,"No Accident Factor, Side Swipe, 0.0 drivers_injured, 0.0 drivers_killed, 0.0 passengers_injured, 0.0 passengers_killed, 0.0 pedestrian_injured, 0.0 pedestrian_killed, Fair (Day), EDSA Pasay Road Makati",MMDA Road Safety Unit,,3d0978a6-67d6-47af-8946-196201a1c60e,2014-08-27,07:05:00,EDSA Kalayaan Ave. (NB)  Makati,0,0,0,0,0,0,0,0,0,0,2014-08-27 15:05,Property,14.54758327,121.025974,Side Swipe
None,EDSA,None,None,"No Accident Factor, No Collision Stated (Based on Police Blotter Book), 0.0 drivers_injured, 0.0 drivers_killed, 0.0 passengers_injured, 0.0 passengers_killed, 0.0 pedestrian_injured, 0.0 pedestrian_killed, Fair (Day), EDSA Magallanes Interchange Makati",MMDA Road Safety Unit,,3c47f46c-dc6c-4283-b9e2-08ea49778054,2014-08-23,01:00:00,EDSA  South Super Highway (NB) Makati,0,0,0,0,0,0,0,0,0,0,2014-08-23 9:00,Property,14.54679556,121.0248047,No Collision Stated
None,EDSA,None,None,"No Accident Factor, Side Swipe, 0.0 drivers_injured, 0.0 drivers_killed, 0.0 passengers_injured, 0.0 passengers_killed, 0.0 pedestrian_injured, 0.0 pedestrian_killed, Fair (Day), EDSA Buendia Ave. (SB)  Makati",MMDA Road Safety Unit,,7a411923-ed5d-4c6d-8bad-2380f04cc9bd,2014-08-22,06:40:00,EDSA Escuela St. (Shell Gas Station) Makati,0,0,0,0,0,0,0,0,0,0,2014-08-22 14:40,Property,14.55489642,121.0348811,Side Swipe
None,EDSA,None,None,"No Accident Factor, Multiple Collision, 0.0 drivers_injured, 0.0 drivers_killed, 0.0 passengers_injured, 0.0 passengers_killed, 0.0 pedestrian_injured, 0.0 pedestrian_killed, Fair (Day), EDSA Buendia Ave. (SB)  Makati",MMDA Road Safety Unit,,3803b0ae-ab5e-4ab9-b822-36cf53418fc7,2014-08-22,04:10:00,EDSA Ayala Ave. Makati,0,0,0,0,0,0,0,0,0,0,2014-08-22 12:10,Property,14.55489642,121.0348811,Multiple
None,EDSA,None,None,"No Accident Factor, Multiple Collision, 0.0 drivers_injured, 0.0 drivers_killed, 0.0 passengers_injured, 0.0 passengers_killed, 0.0 pedestrian_injured, 0.0 pedestrian_killed, Fair (Day), EDSA Kalayaan Ave. (NB)  Makati",MMDA Road Safety Unit,,1f9c65d7-dcb7-4696-aab8-0cda78790015,2014-08-22,02:45:00,EDSA Kalayaan Ave.  Makati,0,0,0,0,0,0,0,0,0,0,2014-08-22 10:45,Property,14.55767933,121.038147,Multiple
None,EDSA,None,None,"No Accident Factor, Side Swipe, 0.0 drivers_injured, 0.0 drivers_killed, 0.0 passengers_injured, 0.0 passengers_killed, 0.0 pedestrian_injured, 0.0 pedestrian_killed, Fair (Day), EDSA Ayala Ave. Makati",MMDA Road Safety Unit,,d431f92d-ae96-41fd-9817-07e46320be3f,2014-08-21,23:00:00,EDSA Mc Kinley Road Makati,0,0,0,0,0,0,0,0,0,0,2014-08-22 7:00,Property,14.5503157,121.0293627,Side Swipe
None,EDSA,None,None,"No Accident Factor, Side Swipe, 0.0 drivers_injured, 0.0 drivers_killed, 0.0 passengers_injured, 0.0 passengers_killed, 0.0 pedestrian_injured, 0.0 pedestrian_killed, Fair (Day), EDSA Rockwell (SB)  Makati",MMDA Road Safety Unit,,3be88aed-f0ff-4453-940f-6d5d0b29c51f,2014-08-20,03:45:00,EDSA Mc Kinley Road Makati,0,0,0,0,0,0,0,0,0,0,2014-08-20 11:45,Property,14.56005542,121.0407183,Side Swipe
None,EDSA,None,None,"No Accident Factor, Side Swipe, 0.0 drivers_injured, 0.0 drivers_killed, 1.0 passengers_injured, 0.0 passengers_killed, 0.0 pedestrian_injured, 0.0 pedestrian_killed, Fair (Day), EDSA Buendia Ave. MRT Station Makati",MMDA Road Safety Unit,,8098ddab-5803-4e5f-bce5-3d3da9c76f8b,2014-08-20,02:05:00,EDSA Ayala Loading Bay  Makati,0,0,0,0,1,0,0,0,0,1,2014-08-20 10:05,Injury,14.55415467,121.034171,Side Swipe
None,EDSA,None,None,"No Accident Factor, Angle Impact, 0.0 drivers_injured, 0.0 drivers_killed, 0.0 passengers_injured, 0.0 passengers_killed, 0.0 pedestrian_injured, 0.0 pedestrian_killed, Fair (Night), EDSA Ayala Ave.  Makati",MMDA Road Safety Unit,,062582e4-ab2a-4f1f-981a-16a8ab42e970,2014-08-19,14:30:00,EDSA Guadalupe (SB) - Loading Bay Makati,0,0,0,0,0,0,0,0,0,0,2014-08-19 22:30,Property,14.5503157,121.0293627,Angle Impact
None,EDSA,None,None,"No Accident Factor, Rear-end, 0.0 drivers_injured, 0.0 drivers_killed, 0.0 passengers_injured, 0.0 passengers_killed, 0.0 pedestrian_injured, 0.0 pedestrian_killed, Fair (Day), EDSA Mantrade Loading Bay (SB)  Makati",MMDA Road Safety Unit,,8b1ef923-8c29-41bc-94b0-41862b989c5f,2014-08-19,02:50:00,EDSA Magallanes (NB) - Loading Bay Makati,0,0,0,0,0,0,0,0,0,0,2014-08-19 10:50,Property,14.54127991,121.0184601,Rear-End
None,EDSA,None,None,"No Accident Factor, Side Swipe, 0.0 drivers_injured, 0.0 drivers_killed, 0.0 passengers_injured, 0.0 passengers_killed, 0.0 pedestrian_injured, 0.0 pedestrian_killed, Fair (Day), EDSA Ayala Loading Bay  Makati",MMDA Road Safety Unit,,048845e7-70ff-43c9-a8f8-2cdb1ea94fc7,2014-08-18,08:00:00,EDSA Magallanes (SB) Makati,0,0,0,0,0,0,0,0,0,0,2014-08-18 16:00,Property,14.54906772,121.0276631,Side Swipe
None,EDSA,None,None,"No Accident Factor, Angle Impact, 0.0 drivers_injured, 0.0 drivers_killed, 0.0 passengers_injured, 0.0 passengers_killed, 0.0 pedestrian_injured, 0.0 pedestrian_killed, Fair (Night), EDSA Mc Kinley Road Makati",MMDA Road Safety Unit,,e44e4765-f5d0-4833-81bc-b344ef2a1790,2014-08-17,13:55:00,EDSA Ayala Ave. Makati,0,0,0,0,0,0,0,0,0,0,2014-08-17 21:55,Property,14.5501403,121.0294629,Angle Impact
None,EDSA,None,None,"No Accident Factor, Side Swipe, 0.0 drivers_injured, 0.0 drivers_killed, 0.0 passengers_injured, 0.0 passengers_killed, 0.0 pedestrian_injured, 0.0 pedestrian_killed, Fair (Day), EDSA Buendia Ave. (SB) Makati",MMDA Road Safety Unit,,430ab27a-bf7c-4a0f-8825-ac4c38bfdc0e,2014-08-17,01:05:00,EDSA Magallanes (NB) Makati,0,0,0,0,0,0,0,0,0,0,2014-08-17 9:05,Property,14.55489642,121.0348811,Side Swipe
None,EDSA,None,None,"No Accident Factor, Rear-end, 0.0 drivers_injured, 0.0 drivers_killed, 0.0 passengers_injured, 0.0 passengers_killed, 0.0 pedestrian_injured, 0.0 pedestrian_killed, Fair (Day), EDSA Mc Kinley Road Makati",MMDA Road Safety Unit,,b350d16e-abf2-4465-be1b-cc80ba93eeff,2014-08-16,02:30:00,EDSA Ayala Ave.  Makati,0,0,0,0,0,0,0,0,0,0,2014-08-16 10:30,Property,14.5501403,121.0294629,Rear-End
None,EDSA,None,None,"No Accident Factor, Head-on, 0.0 drivers_injured, 0.0 drivers_killed, 0.0 passengers_injured, 0.0 passengers_killed, 0.0 pedestrian_injured, 0.0 pedestrian_killed, Fair (Day), EDSA Ayala Ave. Makati",MMDA Road Safety Unit,,15c17b9b-2f04-42de-9a12-c7fc24c1c399,2014-08-15,16:10:00,EDSA Buendia Ave. (SB) Makati,0,0,0,0,0,0,0,0,0,0,2014-08-16 0:10,Property,14.5503157,121.0293627,Head-On
None,EDSA,None,None,"No Accident Factor, Rear-end, 0.0 drivers_injured, 0.0 drivers_killed, 0.0 passengers_injured, 0.0 passengers_killed, 0.0 pedestrian_injured, 0.0 pedestrian_killed, Fair (Day), EDSA Buendia Ave. (NB) Loading Bay  Makati",MMDA Road Safety Unit,,2cdd9b48-f0a0-489c-813b-8f1b1056bc39,2014-08-15,06:05:00,EDSA Ayala Ave. Makati,0,0,0,0,0,0,0,0,0,0,2014-08-15 14:05,Property,14.55489642,121.0348811,Rear-End
None,EDSA,None,None,"No Accident Factor, Rear-end, 0.0 drivers_injured, 0.0 drivers_killed, 0.0 passengers_injured, 0.0 passengers_killed, 0.0 pedestrian_injured, 0.0 pedestrian_killed, Fair (Day), EDSA Ayala Ave. (NB) Makati",MMDA Road Safety Unit,,05334839-e1d8-42c9-8844-45de9f491b51,2014-08-14,23:25:00,EDSA Orense St. (NB) Makati,0,0,0,0,0,0,0,0,0,0,2014-08-15 7:25,Property,14.5503157,121.0293627,Rear-End