LOCATION_TEXT,ROAD,WEATHER,LIGHT,DESC,REPORTING_AGENCY,MAIN_CAUSE,INCIDENTDETAILS_ID,DATE_UTC,TIME_UTC,ADDRESS,killed_driver,killed_passenger,killed_pedestrian,injured_driver,injured_passenger,injured_pedestrian,killed_uncategorized,injured_uncategorized,killed_total,injured_total,DATETIME_PST,SEVERITY,Y,X,COLLISION_TYPE
None,EDSA,None,None,"No Accident Factor, Side Swipe, 0.0 drivers_injured, 0.0 drivers_killed, 0.0 passengers_injured, 0.0 passengers_killed, 0.0 pedestrian_injured, 0.0 pedestrian_killed, Fair (Day), EDSA Buendia Ave. (NB)  Makati",MMDA Road Safety Unit,,e7127a01-29c1-4386-b2c1-a9ccbeb1fa9a,2014-08-14,07:30:00,EDSA Buendia Ave. (SB)  Makati,0,0,0,0,0,0,0,0,0,0,2014-08-14 15:30,Property,14.55489642,121.0348811,Side Swipe
None,EDSA,None,None,"No Accident Factor, Rear-end, 0.0 drivers_injured, 0.0 drivers_killed, 0.0 passengers_injured, 0.0 passengers_killed, 0.0 pedestrian_injured, 0.0 pedestrian_killed, Fair (Day), EDSA Kalayaan Ave. (NB)  Makati",MMDA Road Safety Unit,,24df63c2-0bdf-42a0-94a4-0a3e1a5be4da,2014-08-14,01:30:00,EDSA Kalayaan Ave.  Makati,0,0,0,0,0,0,0,0,0,0,2014-08-14 9:30,Property,14.55767933,121.038147,Rear-End
None,EDSA,None,None,"No Accident Factor, Side Swipe, 0.0 drivers_injured, 0.0 drivers_killed, 0.0 passengers_injured, 0.0 passengers_killed, 0.0 pedestrian_injured, 0.0 pedestrian_killed, Fair (Night), EDSA Rockwell (NB)  Makati",MMDA Road Safety Unit,,1715b205-41e7-46d3-a479-a6c561d5b1f9,2014-08-13,10:00:00,EDSA Pasay Road Makati,0,0,0,0,0,0,0,0,0,0,2014-08-13 18:00,Property,14.56005542,121.0407183,Side Swipe
None,EDSA,None,None,"No Accident Factor, Rear-end, 0.0 drivers_injured, 1.0 drivers_killed, 0.0 passengers_injured, 0.0 passengers_killed, 0.0 pedestrian_injured, 0.0 pedestrian_killed, Fair (Day), EDSA South Super Highway Makati",MMDA Road Safety Unit,,6f2edfdf-50ce-42a3-b8d4-bf113506b7f1,2014-08-13,08:00:00,"EDSA ""U"" trun Slot (NB) - Buendia Ave. Makati",1,0,0,0,0,0,0,0,1,0,2014-08-13 16:00,Fatal,14.54054957,121.016932,Rear-End
None,EDSA,None,None,"No Accident Factor, Rear-end, 0.0 drivers_injured, 0.0 drivers_killed, 0.0 passengers_injured, 0.0 passengers_killed, 0.0 pedestrian_injured, 0.0 pedestrian_killed, Fair (Day), EDSA  Ayala Ave. Makati",MMDA Road Safety Unit,,65c780c1-15a7-4ff6-894f-386d0c32e4bf,2014-08-13,07:35:00,EDSA Buendia Ave.  Makati,0,0,0,0,0,0,0,0,0,0,2014-08-13 15:35,Property,14.55041654,121.0294372,Rear-End
None,EDSA,None,None,"No Accident Factor, Rear-end, 0.0 drivers_injured, 0.0 drivers_killed, 0.0 passengers_injured, 0.0 passengers_killed, 0.0 pedestrian_injured, 0.0 pedestrian_killed, Fair (Day), EDSA Buendia Ave. (SB)     Makati",MMDA Road Safety Unit,,abb85ad3-7994-4418-a2c3-0e48edad7365,2014-08-13,01:45:00,"EDSA Amorsolo gate, San Lorenzo Makati",0,0,0,0,0,0,0,0,0,0,2014-08-13 9:45,Property,14.55489642,121.0348811,Rear-End
None,EDSA,None,None,"No Accident Factor, Rear-end, 0.0 drivers_injured, 0.0 drivers_killed, 0.0 passengers_injured, 0.0 passengers_killed, 0.0 pedestrian_injured, 0.0 pedestrian_killed, Fair (Day), EDSA Estrella (NB)  Makati",MMDA Road Safety Unit,,5287c5ca-49bd-4603-ba02-115b80619b71,2014-08-13,01:30:00,"EDSA ""U"" turn slot (NB) - Buendia Ave.  Makati",0,0,0,0,0,0,0,0,0,0,2014-08-13 9:30,Property,14.56004326,121.0411034,Rear-End
None,EDSA,None,None,"No Accident Factor, Side Swipe, 0.0 drivers_injured, 0.0 drivers_killed, 0.0 passengers_injured, 0.0 passengers_killed, 0.0 pedestrian_injured, 0.0 pedestrian_killed, Fair (Day), EDSA Pasay Road (NB)  Makati",MMDA Road Safety Unit,,5ad6f585-8b05-441e-811c-99049d7feeb7,2014-08-11,02:35:00,EDSA Magallanes Sr. Road (NB) Makati,0,0,0,0,0,0,0,0,0,0,2014-08-11 10:35,Property,14.54751758,121.026218,Side Swipe
None,EDSA,None,None,"No Accident Factor, Side Swipe, 0.0 drivers_injured, 0.0 drivers_killed, 0.0 passengers_injured, 0.0 passengers_killed, 0.0 pedestrian_injured, 0.0 pedestrian_killed, Fair (Day), EDSA Ayala Ave. (SB) Makati",MMDA Road Safety Unit,,6f0f48ad-c0f7-483a-9978-6e2ebf09064f,2014-08-09,02:20:00,EDSA Estrella St.  Makati,0,0,0,0,0,0,0,0,0,0,2014-08-09 10:20,Property,14.5503157,121.0293627,Side Swipe
None,EDSA,None,None,"No Accident Factor, Rear-end, 0.0 drivers_injured, 0.0 drivers_killed, 0.0 passengers_injured, 0.0 passengers_killed, 0.0 pedestrian_injured, 0.0 pedestrian_killed, Fair (Day), EDSA Buendia Ave. (NB)  Makati",MMDA Road Safety Unit,,5592257d-f981-4757-8821-b5fc51efb4d0,2014-08-08,09:15:00,EDSA Guadalupe (SB) Makati,0,0,0,0,0,0,0,0,0,0,2014-08-08 17:15,Property,14.55489642,121.0348811,Rear-End
None,EDSA,None,None,"No Accident Factor, Rear-end, 0.0 drivers_injured, 0.0 drivers_killed, 0.0 passengers_injured, 0.0 passengers_killed, 0.0 pedestrian_injured, 0.0 pedestrian_killed, Fair (Day), EDSA Guadalupe (SB)  Makati",MMDA Road Safety Unit,,947ae7d0-f101-4c48-9d41-a9fbb375b82b,2014-08-08,06:15:00,EDSA Guadalupe (SB) Makati,0,0,0,0,0,0,0,0,0,0,2014-08-08 14:15,Property,14.56662777,121.0455282,Rear-End
None,EDSA,None,None,"No Accident Factor, Side Swipe, 0.0 drivers_injured, 0.0 drivers_killed, 0.0 passengers_injured, 0.0 passengers_killed, 0.0 pedestrian_injured, 0.0 pedestrian_killed, Fair (Day), EDSA Buendia Ave. (SB) Shell Gas Station  Makati",MMDA Road Safety Unit,,16a79232-0ad6-4ac4-953b-f8bd05a7666d,2014-08-06,23:15:00,EDSA Orense St.  Makati,0,0,0,0,0,0,0,0,0,0,2014-08-07 7:15,Property,14.55536983,121.0350899,Side Swipe
None,EDSA,None,None,"No Accident Factor, Side Swipe, 0.0 drivers_injured, 0.0 drivers_killed, 0.0 passengers_injured, 0.0 passengers_killed, 0.0 pedestrian_injured, 0.0 pedestrian_killed, Fair (Night), EDSA Ayala Ave. (NB)  Makati",MMDA Road Safety Unit,,f2ba282a-260a-4af0-85d3-aac341d314a4,2014-08-06,11:00:00,EDSA Palm Drive Makati,0,0,0,0,0,0,0,0,0,0,2014-08-06 19:00,Property,14.5503157,121.0293627,Side Swipe
None,EDSA,None,None,"No Accident Factor, Side Swipe, 0.0 drivers_injured, 0.0 drivers_killed, 0.0 passengers_injured, 0.0 passengers_killed, 0.0 pedestrian_injured, 0.0 pedestrian_killed, Fair (Day), EDSA Kalayaan Ave. (NB)  Makati",MMDA Road Safety Unit,,e82e0723-dc54-4167-bc06-5e91140565d1,2014-08-06,05:45:00,EDSA Magallanes Interchange Makati,0,0,0,0,0,0,0,0,0,0,2014-08-06 13:45,Property,14.55767933,121.038147,Side Swipe
None,EDSA,None,None,"No Accident Factor, No Collision Stated (Based on Police Blotter Book), 0.0 drivers_injured, 0.0 drivers_killed, 0.0 passengers_injured, 0.0 passengers_killed, 0.0 pedestrian_injured, 0.0 pedestrian_killed, Fair (Night), EDSA  South Super Highway (NB) Makati",MMDA Road Safety Unit,,4d114ec6-ea70-4f04-ac25-3e0e08c44355,2014-08-05,14:00:00,EDSA Buendia Ave.  Makati,0,0,0,0,0,0,0,0,0,0,2014-08-05 22:00,Property,14.53988191,121.0171348,No Collision Stated
None,EDSA,None,None,"No Accident Factor, Angle Impact, 0.0 drivers_injured, 0.0 drivers_killed, 0.0 passengers_injured, 0.0 passengers_killed, 0.0 pedestrian_injured, 0.0 pedestrian_killed, Fair (Night), EDSA Escuela St. (Shell Gas Station) Makati",MMDA Road Safety Unit,,30a7814d-f824-4b58-9fc0-5a02e0eb454e,2014-08-04,12:30:00,EDSA Guadalupe (SB) Makati,0,0,0,0,0,0,0,0,0,0,2014-08-04 20:30,Property,14.56009895,121.0411864,Angle Impact
None,EDSA,None,None,"No Accident Factor, Angle Impact, 0.0 drivers_injured, 0.0 drivers_killed, 0.0 passengers_injured, 0.0 passengers_killed, 0.0 pedestrian_injured, 0.0 pedestrian_killed, Fair (Day), EDSA Ayala Ave. Makati",MMDA Road Safety Unit,,5af62a4c-7100-4a0b-884b-83cd12508ea0,2014-08-01,21:30:00,EDSA Evangelista St. Makati,0,0,0,0,0,0,0,0,0,0,2014-08-02 5:30,Property,14.5503157,121.0293627,Angle Impact
None,EDSA,None,None,"No Accident Factor, Side Swipe, 0.0 drivers_injured, 0.0 drivers_killed, 0.0 passengers_injured, 0.0 passengers_killed, 0.0 pedestrian_injured, 0.0 pedestrian_killed, Fair (Night), EDSA Kalayaan Ave.  Makati",MMDA Road Safety Unit,,6117c5f4-8b43-4ff3-bd6e-811bc7f13774,2014-08-01,07:45:00,EDSA Guadalupe (SB) Makati,0,0,0,0,0,0,0,0,0,0,2014-08-01 15:45,Property,14.55767933,121.038147,Side Swipe
None,EDSA,None,None,"No Accident Factor, Rear-end, 0.0 drivers_injured, 0.0 drivers_killed, 0.0 passengers_injured, 0.0 passengers_killed, 0.0 pedestrian_injured, 0.0 pedestrian_killed, Rain (Day), EDSA Mc Kinley Road Makati",MMDA Road Safety Unit,,c1aed58e-e3ec-4416-95c1-83fabd6ab2ab,2014-07-31,17:10:00,EDSA  Mc Kinely Road Makati,0,0,0,0,0,0,0,0,0,0,2014-08-01 1:10,Property,14.5501403,121.0294629,Rear-End
None,EDSA,None,None,"No Accident Factor, Multiple Collision, 1.0 drivers_injured, 0.0 drivers_killed, 0.0 passengers_injured, 0.0 passengers_killed, 0.0 pedestrian_injured, 0.0 pedestrian_killed, Rain (Night), EDSA Mc Kinley Road Makati",MMDA Road Safety Unit,,6043d6a7-c8ac-42cf-9020-a960b8e7bfae,2014-07-31,12:55:00,EDSA Magallanes Sr. Road Makati,0,0,0,1,0,0,0,0,0,1,2014-07-31 20:55,Injury,14.5501403,121.0294629,Multiple
None,EDSA,None,None,"No Accident Factor, No Collision Stated (based on Police Blotter Book), 0.0 drivers_injured, 0.0 drivers_killed, 0.0 passengers_injured, 0.0 passengers_killed, 0.0 pedestrian_injured, 0.0 pedestrian_killed, Fair (Night), EDSA Ayala Loading Bay  Makati",MMDA Road Safety Unit,,a53bcb9b-ee2c-4ccd-a025-4352c99d559a,2014-07-31,10:00:00,EDSA Magallanes Sr. Road Makati,0,0,0,0,0,0,0,0,0,0,2014-07-31 18:00,Property,14.54906772,121.0276631,No Collision Stated
None,EDSA,None,None,"No Accident Factor, Rear-end, 0.0 drivers_injured, 0.0 drivers_killed, 0.0 passengers_injured, 0.0 passengers_killed, 0.0 pedestrian_injured, 0.0 pedestrian_killed, Fair (Night), EDSA Guadalupe (SB) - Loading Bay Makati",MMDA Road Safety Unit,,892019f2-2feb-4359-a703-e41e7c76f036,2014-07-30,00:00:00,EDSA Kalayaan Ave. (SB) Makati,0,0,0,0,0,0,0,0,0,0,2014-07-30 8:00,Property,14.56460736,121.0449569,Rear-End
None,EDSA,None,None,"No Accident Factor, Rear-end, 0.0 drivers_injured, 0.0 drivers_killed, 0.0 passengers_injured, 0.0 passengers_killed, 0.0 pedestrian_injured, 0.0 pedestrian_killed, Fair (Night), EDSA Magallanes (NB) - Loading Bay Makati",MMDA Road Safety Unit,,61b4ed64-e3a1-403a-8d1d-da30c3c315a8,2014-07-29,23:30:00,EDSA Ayala Ave. Makati,0,0,0,0,0,0,0,0,0,0,2014-07-30 7:30,Property,14.54404324,121.0217738,Rear-End
None,EDSA,None,None,"No Accident Factor, Rear-end, 0.0 drivers_injured, 0.0 drivers_killed, 0.0 passengers_injured, 0.0 passengers_killed, 0.0 pedestrian_injured, 0.0 pedestrian_killed, Rain (Day), EDSA Magallanes (SB) Makati",MMDA Road Safety Unit,,2e530f34-6e8d-4467-8e7e-16e4a0293f18,2014-07-29,05:00:00,EDSA Buendia Ave. (SB) Makati,0,0,0,0,0,0,0,0,0,0,2014-07-29 13:00,Property,14.53955946,121.0143517,Rear-End
None,EDSA,None,None,"No Accident Factor, Side Swipe, 0.0 drivers_injured, 0.0 drivers_killed, 0.0 passengers_injured, 0.0 passengers_killed, 0.0 pedestrian_injured, 0.0 pedestrian_killed, Fair (Day), EDSA Ayala Ave. Makati",MMDA Road Safety Unit,,8d009b49-a62d-41d1-acc5-e3e78e811a29,2014-07-27,23:15:00,EDSA Estrella St. - Motortrade Makati,0,0,0,0,0,0,0,0,0,0,2014-07-28 7:15,Property,14.5503157,121.0293627,Side Swipe
None,EDSA,None,None,"No Accident Factor, Side Swipe, 0.0 drivers_injured, 0.0 drivers_killed, 0.0 passengers_injured, 0.0 passengers_killed, 0.0 pedestrian_injured, 0.0 pedestrian_killed, Fair (Night), EDSA Magallanes (NB) Makati",MMDA Road Safety Unit,,1ecc3d54-8468-416f-9b04-f98ac75f394d,2014-07-26,23:20:00,EDSA Ayala Ave. Makati,0,0,0,0,0,0,0,0,0,0,2014-07-27 7:20,Property,14.53955946,121.0143517,Side Swipe
None,EDSA,None,None,"No Accident Factor, Side Swipe, 0.0 drivers_injured, 0.0 drivers_killed, 0.0 passengers_injured, 0.0 passengers_killed, 0.0 pedestrian_injured, 0.0 pedestrian_killed, Fair (Night), EDSA Ayala Ave.  Makati",MMDA Road Safety Unit,,3f566860-b0bc-479f-b26d-724370fe3298,2014-07-26,10:05:00,EDSA South Super Highway (SB) Makati,0,0,0,0,0,0,0,0,0,0,2014-07-26 18:05,Property,14.5503157,121.0293627,Side Swipe
None,EDSA,None,None,"No Accident Factor, Rear-end, 0.0 drivers_injured, 0.0 drivers_killed, 0.0 passengers_injured, 0.0 passengers_killed, 0.0 pedestrian_injured, 0.0 pedestrian_killed, Rain (Day), EDSA Buendia Ave. (SB) Makati",MMDA Road Safety Unit,,60f98e35-bbcc-4b2c-ae67-5b4ec28c0595,2014-07-26,07:45:00,EDSA Guadalupe (NB) Makati,0,0,0,0,0,0,0,0,0,0,2014-07-26 15:45,Property,14.55489642,121.0348811,Rear-End
None,EDSA,None,None,"No Accident Factor, Side Swipe, 0.0 drivers_injured, 0.0 drivers_killed, 0.0 passengers_injured, 0.0 passengers_killed, 0.0 pedestrian_injured, 0.0 pedestrian_killed, Fair (Day), EDSA Ayala Ave. Makati",MMDA Road Safety Unit,,5c18eada-a443-4f4e-9a0b-21f7b51c4ce2,2014-07-26,05:15:00,EDSA Footbridge - Guadalupe  Makati,0,0,0,0,0,0,0,0,0,0,2014-07-26 13:15,Property,14.5503157,121.0293627,Side Swipe
None,EDSA,None,None,"No Accident Factor, Rear-end, 0.0 drivers_injured, 0.0 drivers_killed, 0.0 passengers_injured, 0.0 passengers_killed, 0.0 pedestrian_injured, 0.0 pedestrian_killed, Fair (Night), EDSA Orense St. (NB) Makati",MMDA Road Safety Unit,,85e966aa-e04d-46c9-8dfc-40ba2c683456,2014-07-26,02:15:00,EDSA Magallanes Sr. Road (NB) Makati,0,0,0,0,0,0,0,0,0,0,2014-07-26 10:15,Property,14.56156378,121.0428336,Rear-End
None,EDSA,None,None,"No Accident Factor, Rear-end, 0.0 drivers_injured, 0.0 drivers_killed, 0.0 passengers_injured, 0.0 passengers_killed, 0.0 pedestrian_injured, 0.0 pedestrian_killed, Fair (Night), EDSA Buendia Ave. (SB)  Makati",MMDA Road Safety Unit,,06790cec-f083-4e2b-bc09-a9959453003b,2014-07-26,02:00:00,EDSA Ayala Ave.  Makati,0,0,0,0,0,0,0,0,0,0,2014-07-26 10:00,Property,14.55489642,121.0348811,Rear-End
None,EDSA,None,None,"No Accident Factor, Side Swipe, 0.0 drivers_injured, 0.0 drivers_killed, 0.0 passengers_injured, 0.0 passengers_killed, 0.0 pedestrian_injured, 0.0 pedestrian_killed, Fair (Night), EDSA Kalayaan Ave.  Makati",MMDA Road Safety Unit,,464cd155-11ed-4620-9b9e-cd5ed7adc858,2014-07-25,12:00:00,EDSA Kalayaan Ave. (NB) Makati,0,0,0,0,0,0,0,0,0,0,2014-07-25 20:00,Property,14.55767933,121.038147,Side Swipe
None,EDSA,None,None,"No Accident Factor, Side Swipe, 0.0 drivers_injured, 0.0 drivers_killed, 0.0 passengers_injured, 0.0 passengers_killed, 0.0 pedestrian_injured, 0.0 pedestrian_killed, Fair (Night), EDSA Pasay Road Makati",MMDA Road Safety Unit,,0a6e4456-9423-46d4-8251-a0a798e6254e,2014-07-25,07:20:00,EDSA Buendia Ave. (SB) Makati,0,0,0,0,0,0,0,0,0,0,2014-07-25 15:20,Property,14.54758327,121.025974,Side Swipe
None,EDSA,None,None,"No Accident Factor, Side Swipe, 0.0 drivers_injured, 0.0 drivers_killed, 0.0 passengers_injured, 0.0 passengers_killed, 0.0 pedestrian_injured, 0.0 pedestrian_killed, Fair (Day), EDSA ""U"" trun Slot (NB) - Buendia Ave. Makati",MMDA Road Safety Unit,,92d01afd-cdcf-4491-bc51-78985cb2dfc9,2014-07-23,00:40:00,EDSA Ayala Ave. (NB) Makati,0,0,0,0,0,0,0,0,0,0,2014-07-23 8:40,Property,14.55534,121.0355117,Side Swipe
None,EDSA,None,None,"No Accident Factor, Multiple Collision, 0.0 drivers_injured, 0.0 drivers_killed, 0.0 passengers_injured, 0.0 passengers_killed, 0.0 pedestrian_injured, 0.0 pedestrian_killed, Fair (Night), EDSA Buendia Ave.  Makati",MMDA Road Safety Unit,,38ee6f88-2c78-44d0-95b5-739db692ca74,2014-07-23,00:00:00,EDSA Chino Roces Ave. Makati,0,0,0,0,0,0,0,0,0,0,2014-07-23 8:00,Property,14.55517972,121.0349173,Multiple
None,EDSA,None,None,"No Accident Factor, Rear-end, 0.0 drivers_injured, 0.0 drivers_killed, 0.0 passengers_injured, 0.0 passengers_killed, 0.0 pedestrian_injured, 0.0 pedestrian_killed, Fair (Day), EDSA Amorsolo gate, San Lorenzo Makati",MMDA Road Safety Unit,,1fecaa2f-ee6a-44f7-bb7e-678de8388074,2014-07-22,23:00:00,EDSA Evangelista St. Makati,0,0,0,0,0,0,0,0,0,0,2014-07-23 7:00,Property,14.54231742,121.0194498,Rear-End
None,EDSA,None,None,"No Accident Factor, Side Swipe, 0.0 drivers_injured, 0.0 drivers_killed, 0.0 passengers_injured, 0.0 passengers_killed, 0.0 pedestrian_injured, 0.0 pedestrian_killed, Fair (Night), EDSA ""U"" turn slot (NB) - Buendia Ave.  Makati",MMDA Road Safety Unit,,dac41720-1a66-4e87-b726-72801e2e103f,2014-07-22,11:30:00,EDSA Ayala Ave. (NB) Makati,0,0,0,0,0,0,0,0,0,0,2014-07-22 19:30,Property,14.55537712,121.035459,Side Swipe
None,EDSA,None,None,"No Accident Factor, No Collision Stated (based on Police Blotter Book), 0.0 drivers_injured, 0.0 drivers_killed, 0.0 passengers_injured, 0.0 passengers_killed, 0.0 pedestrian_injured, 0.0 pedestrian_killed, Fair (Day), EDSA Magallanes Sr. Road (NB) Makati",MMDA Road Safety Unit,,6bf41255-691b-4558-9d73-b2841ad3892a,2014-07-22,01:30:00,EDSA Buendia Ave. (SB) Makati,0,0,0,0,0,0,0,0,0,0,2014-07-22 9:30,Property,14.54037338,121.01729,No Collision Stated
None,EDSA,None,None,"No Accident Factor, Rear-end, 0.0 drivers_injured, 0.0 drivers_killed, 0.0 passengers_injured, 0.0 passengers_killed, 0.0 pedestrian_injured, 0.0 pedestrian_killed, Fair (Day), EDSA Estrella St.  Makati",MMDA Road Safety Unit,,281d95ae-906c-4dea-9aea-697813269b8b,2014-07-22,00:40:00,EDSA Magallanes Sr. Road (SB) Makati,0,0,0,0,0,0,0,0,0,0,2014-07-22 8:40,Property,14.56004326,121.0411034,Rear-End
None,EDSA,None,None,"No Accident Factor, Side Swipe, 0.0 drivers_injured, 0.0 drivers_killed, 0.0 passengers_injured, 0.0 passengers_killed, 0.0 pedestrian_injured, 0.0 pedestrian_killed, Fair (Night), EDSA Guadalupe (SB) Makati",MMDA Road Safety Unit,,76c9cffa-039c-4cf6-8f1a-fb893174d952,2014-07-20,04:55:00,EDSA Estrella St. Makati,0,0,0,0,0,0,0,0,0,0,2014-07-20 12:55,Property,14.56662777,121.0455282,Side Swipe
None,EDSA,None,None,"No Accident Factor, Rear-end, 0.0 drivers_injured, 0.0 drivers_killed, 0.0 passengers_injured, 0.0 passengers_killed, 0.0 pedestrian_injured, 0.0 pedestrian_killed, Fair (Night), EDSA Guadalupe (SB) Makati",MMDA Road Safety Unit,,1c496055-47b0-41b1-9d60-aeb724c08859,2014-07-20,04:40:00,EDSA Buendia Ave. (SB) Makati,0,0,0,0,0,0,0,0,0,0,2014-07-20 12:40,Property,14.56662777,121.0455282,Rear-End
None,EDSA,None,None,"No Accident Factor, Rear-end, 0.0 drivers_injured, 0.0 drivers_killed, 0.0 passengers_injured, 0.0 passengers_killed, 0.0 pedestrian_injured, 0.0 pedestrian_killed, Fair (Day), EDSA Orense St.  Makati",MMDA Road Safety Unit,,7bccad4e-c930-45fa-95bb-e62617e9740f,2014-07-18,23:00:00,EDSA South Super Highway Makati,0,0,0,0,0,0,0,0,0,0,2014-07-19 7:00,Property,14.56156378,121.0428336,Rear-End
None,EDSA,None,None,"No Accident Factor, Side Swipe, 0.0 drivers_injured, 0.0 drivers_killed, 0.0 passengers_injured, 0.0 passengers_killed, 0.0 pedestrian_injured, 0.0 pedestrian_killed, Fair (Night), EDSA Palm Drive Makati",MMDA Road Safety Unit,,db5c8daf-c3e2-49cc-abfb-3c031e1bcb99,2014-07-18,10:30:00,EDSA Magallanes Sr. Road (SB) Makati,0,0,0,0,0,0,0,0,0,0,2014-07-18 18:30,Property,14.54840479,121.0270209,Side Swipe
None,EDSA,None,None,"No Accident Factor, Side Swipe, 0.0 drivers_injured, 0.0 drivers_killed, 0.0 passengers_injured, 0.0 passengers_killed, 0.0 pedestrian_injured, 0.0 pedestrian_killed, Fair (Day), EDSA Magallanes Interchange Makati",MMDA Road Safety Unit,,44eb985b-8e55-43d0-a2cb-e058eb827623,2014-07-18,09:45:00,EDSA Guadalupe Bridge (NB) Makati,0,0,0,0,0,0,0,0,0,0,2014-07-18 17:45,Property,14.54679556,121.0248047,Side Swipe
None,EDSA,None,None,"No Accident Factor, Side Swipe, 0.0 drivers_injured, 0.0 drivers_killed, 0.0 passengers_injured, 0.0 passengers_killed, 0.0 pedestrian_injured, 0.0 pedestrian_killed, Fair (Night), EDSA Buendia Ave.  Makati",MMDA Road Safety Unit,,7cc35013-8a63-4bed-811f-eee75bd4e11c,2014-07-18,08:25:00,EDSA Mc Kinely Road (NB) Makati,0,0,0,0,0,0,0,0,0,0,2014-07-18 16:25,Property,14.55517972,121.0349173,Side Swipe
None,EDSA,None,None,"No Accident Factor, Rear-end, 0.0 drivers_injured, 0.0 drivers_killed, 0.0 passengers_injured, 0.0 passengers_killed, 0.0 pedestrian_injured, 0.0 pedestrian_killed, Fair (Night), EDSA Guadalupe (SB) Makati",MMDA Road Safety Unit,,3d5b7f2f-4c0b-4e80-8e73-8d650440182c,2014-07-18,07:25:00,EDSA Ayala Ave. (NB) Makati,0,0,0,0,0,0,0,0,0,0,2014-07-18 15:25,Property,14.56662777,121.0455282,Rear-End
None,EDSA,None,None,"No Accident Factor, Side Swipe, 0.0 drivers_injured, 0.0 drivers_killed, 0.0 passengers_injured, 0.0 passengers_killed, 0.0 pedestrian_injured, 0.0 pedestrian_killed, Fair (Day), EDSA Evangelista St. Makati",MMDA Road Safety Unit,,e85cd54a-4f4e-4555-9e7b-e71914cfdbe8,2014-07-18,04:30:00,EDSA Evangelista St. Makati,0,0,0,0,0,0,0,0,0,0,2014-07-18 12:30,Property,14.53906878,121.012324,Side Swipe
None,EDSA,None,None,"No Accident Factor, Rear-end, 0.0 drivers_injured, 0.0 drivers_killed, 0.0 passengers_injured, 0.0 passengers_killed, 0.0 pedestrian_injured, 0.0 pedestrian_killed, Fair (Night), EDSA Guadalupe (SB) Makati",MMDA Road Safety Unit,,ff73b20a-92f0-4d91-9150-e930e7e1d2ea,2014-07-18,03:25:00,EDSA Guadalupe (NB) Makati,0,0,0,0,0,0,0,0,0,0,2014-07-18 11:25,Property,14.56662777,121.0455282,Rear-End
None,EDSA,None,None,"No Accident Factor, Side Swipe, 0.0 drivers_injured, 0.0 drivers_killed, 0.0 passengers_injured, 0.0 passengers_killed, 0.0 pedestrian_injured, 0.0 pedestrian_killed, Fair (Night), EDSA  Mc Kinely Road Makati",MMDA Road Safety Unit,,23acfa5a-6a35-49a3-bdd7-dc291fbb9b97,2014-07-17,10:30:00,EDSA Ayala Ave.  Makati,0,0,0,0,0,0,0,0,0,0,2014-07-17 18:30,Property,14.5501084,121.0294797,Side Swipe
None,EDSA,None,None,"No Accident Factor, Rear-end, 0.0 drivers_injured, 0.0 drivers_killed, 0.0 passengers_injured, 0.0 passengers_killed, 0.0 pedestrian_injured, 0.0 pedestrian_killed, Fair (Day), EDSA Magallanes Sr. Road Makati",MMDA Road Safety Unit,,d841cafb-2187-4278-906c-eecf027ca26a,2014-07-17,08:20:00,EDSA Ayala Ave.  Makati,0,0,0,0,0,0,0,0,0,0,2014-07-17 16:20,Property,14.54037338,121.01729,Rear-End
None,EDSA,None,None,"No Accident Factor, Rear-end, 0.0 drivers_injured, 0.0 drivers_killed, 0.0 passengers_injured, 0.0 passengers_killed, 0.0 pedestrian_injured, 0.0 pedestrian_killed, Fair (Day), EDSA Magallanes Sr. Road Makati",MMDA Road Safety Unit,,8b64fda3-6360-4cf2-95d3-306cc468450e,2014-07-17,05:25:00,EDSA Mc Kinley Road Makati,0,0,0,0,0,0,0,0,0,0,2014-07-17 13:25,Property,14.54037338,121.01729,Rear-End
None,EDSA,None,None,"No Accident Factor, Rear-end, 0.0 drivers_injured, 0.0 drivers_killed, 0.0 passengers_injured, 0.0 passengers_killed, 0.0 pedestrian_injured, 0.0 pedestrian_killed, Fair (Day), EDSA Kalayaan Ave. (SB) Makati",MMDA Road Safety Unit,,bd811551-f910-417d-89b5-1916bcb0ebe2,2014-07-17,05:20:00,EDSA Magallanes Interchange Makati,0,0,0,0,0,0,0,0,0,0,2014-07-17 13:20,Property,14.55767933,121.038147,Rear-End
None,EDSA,None,None,"No Accident Factor, Rear-end, 0.0 drivers_injured, 0.0 drivers_killed, 0.0 passengers_injured, 0.0 passengers_killed, 0.0 pedestrian_injured, 0.0 pedestrian_killed, Rain (Day), EDSA Ayala Ave. Makati",MMDA Road Safety Unit,,1ffa7792-062c-49fc-a022-a1467835d415,2014-07-17,05:00:00,EDSA Estrella St. Makati,0,0,0,0,0,0,0,0,0,0,2014-07-17 13:00,Property,14.5503157,121.0293627,Rear-End
None,EDSA,None,None,"No Accident Factor, Rear-end, 0.0 drivers_injured, 0.0 drivers_killed, 0.0 passengers_injured, 0.0 passengers_killed, 0.0 pedestrian_injured, 0.0 pedestrian_killed, Fair (Day), EDSA Buendia Ave. (SB) Makati",MMDA Road Safety Unit,,965d1e11-b107-4379-a86a-002842693960,2014-07-17,04:00:00,EDSA Ayala Ave. Makati,0,0,0,0,0,0,0,0,0,0,2014-07-17 12:00,Property,14.55489642,121.0348811,Rear-End
None,EDSA,None,None,"No Accident Factor, Rear-end, 0.0 drivers_injured, 0.0 drivers_killed, 0.0 passengers_injured, 0.0 passengers_killed, 0.0 pedestrian_injured, 0.0 pedestrian_killed, Fair (Day), EDSA Estrella St. - Motortrade Makati",MMDA Road Safety Unit,,8fe255d5-5dc8-41cc-8987-b78a3deb6c13,2014-07-17,01:05:00,EDSA Estrella St. Makati,0,0,0,0,0,0,0,0,0,0,2014-07-17 9:05,Property,14.56004326,121.0411034,Rear-End