LOCATION_TEXT,ROAD,WEATHER,LIGHT,DESC,REPORTING_AGENCY,MAIN_CAUSE,INCIDENTDETAILS_ID,DATE_UTC,TIME_UTC,ADDRESS,killed_driver,killed_passenger,killed_pedestrian,injured_driver,injured_passenger,injured_pedestrian,killed_uncategorized,injured_uncategorized,killed_total,injured_total,DATETIME_PST,SEVERITY,Y,X,COLLISION_TYPE
None,EDSA,None,None,"No Accident Factor, Angle Impact, 1.0 drivers_injured, 0.0 drivers_killed, 0.0 passengers_injured, 0.0 passengers_killed, 0.0 pedestrian_injured, 0.0 pedestrian_killed, Rain (Day), EDSA Ayala Ave. Makati",MMDA Road Safety Unit,,4166963c-cb7a-4124-979b-88a224e43e76,2014-07-16,03:30:00,EDSA Mc Kinley Road Makati,0,0,0,1,0,0,0,0,0,1,2014-07-16 11:30,Injury,14.5503157,121.0293627,Angle Impact
None,EDSA,None,None,"No Accident Factor, Side Swipe, 0.0 drivers_injured, 0.0 drivers_killed, 0.0 passengers_injured, 0.0 passengers_killed, 0.0 pedestrian_injured, 0.0 pedestrian_killed, Fair (Day), EDSA South Super Highway (SB) Makati",MMDA Road Safety Unit,,b87de8ce-05b6-440a-b59b-88cb0111e31f,2014-07-15,07:45:00,EDSA Magallanes Interchange Makati,0,0,0,0,0,0,0,0,0,0,2014-07-15 15:45,Property,14.54054957,121.016932,Side Swipe
None,EDSA,None,None,"No Accident Factor, Rear-end, 0.0 drivers_injured, 0.0 drivers_killed, 0.0 passengers_injured, 0.0 passengers_killed, 0.0 pedestrian_injured, 0.0 pedestrian_killed, Fair (Day), EDSA Guadalupe (NB) Makati",MMDA Road Safety Unit,,dd904c98-377b-4ea8-9fb6-67f21476f365,2014-07-14,05:45:00,EDSA Estrella St. Makati,0,0,0,0,0,0,0,0,0,0,2014-07-14 13:45,Property,14.56662777,121.0455282,Rear-End
None,EDSA,None,None,"No Accident Factor, Side Swipe, 0.0 drivers_injured, 0.0 drivers_killed, 0.0 passengers_injured, 0.0 passengers_killed, 0.0 pedestrian_injured, 0.0 pedestrian_killed, Fair (Day), EDSA Footbridge - Guadalupe  Makati",MMDA Road Safety Unit,,9e4c573f-c0a8-4eae-af29-89cbd88fe008,2014-07-14,01:20:00,EDSA West Cloverleaf Makati,0,0,0,0,0,0,0,0,0,0,2014-07-14 9:20,Property,14.56479261,121.0449734,Side Swipe
None,EDSA,None,None,"No Accident Factor, Side Swipe, 0.0 drivers_injured, 0.0 drivers_killed, 0.0 passengers_injured, 0.0 passengers_killed, 0.0 pedestrian_injured, 0.0 pedestrian_killed, Fair (Day), EDSA Magallanes Sr. Road (NB) Makati",MMDA Road Safety Unit,,e283e21a-acb8-4026-a1c0-eea4492ad11a,2014-07-14,00:30:00,EDSA Pasong Tamo Ave. Makati,0,0,0,0,0,0,0,0,0,0,2014-07-14 8:30,Property,14.54037338,121.01729,Side Swipe
None,EDSA,None,None,"No Accident Factor, Side Swipe, 0.0 drivers_injured, 0.0 drivers_killed, 0.0 passengers_injured, 0.0 passengers_killed, 0.0 pedestrian_injured, 0.0 pedestrian_killed, Fair (Day), EDSA Ayala Ave.  Makati",MMDA Road Safety Unit,,1b7eae3c-81c9-44eb-bea1-5a9bffc119a5,2014-07-11,09:30:00,EDSA Lapu Lapu Ave. Makati,0,0,0,0,0,0,0,0,0,0,2014-07-11 17:30,Property,14.5503157,121.0293627,Side Swipe
None,EDSA,None,None,"No Accident Factor, Side Swipe, 0.0 drivers_injured, 0.0 drivers_killed, 0.0 passengers_injured, 0.0 passengers_killed, 0.0 pedestrian_injured, 0.0 pedestrian_killed, Fair (Day), EDSA Kalayaan Ave. (NB) Makati",MMDA Road Safety Unit,,1535e464-1056-465e-8582-117d59f3a128,2014-07-11,08:10:00,EDSA Palm Drive Makati,0,0,0,0,0,0,0,0,0,0,2014-07-11 16:10,Property,14.55767933,121.038147,Side Swipe
None,EDSA,None,None,"No Accident Factor, Rear-end, 0.0 drivers_injured, 0.0 drivers_killed, 0.0 passengers_injured, 0.0 passengers_killed, 0.0 pedestrian_injured, 0.0 pedestrian_killed, Fair (Day), EDSA Buendia Ave. (SB) Makati",MMDA Road Safety Unit,,0042c681-c997-4a29-a7d9-b875b6fb88cb,2014-07-11,03:35:00,EDSA Guadalupe (SB) Makati,0,0,0,0,0,0,0,0,0,0,2014-07-11 11:35,Property,14.55489642,121.0348811,Rear-End
None,EDSA,None,None,"No Accident Factor, Rear-end, 0.0 drivers_injured, 0.0 drivers_killed, 0.0 passengers_injured, 0.0 passengers_killed, 0.0 pedestrian_injured, 0.0 pedestrian_killed, Fair (Day), EDSA Ayala Ave. (NB) Makati",MMDA Road Safety Unit,,24efc6ff-c8ea-40c1-a994-caa55cda44ce,2014-07-10,08:30:00,EDSA Buendia Ave. Makati,0,0,0,0,0,0,0,0,0,0,2014-07-10 16:30,Property,14.5503157,121.0293627,Rear-End
None,EDSA,None,None,"No Accident Factor, Angle Impact, 0.0 drivers_injured, 0.0 drivers_killed, 0.0 passengers_injured, 0.0 passengers_killed, 0.0 pedestrian_injured, 0.0 pedestrian_killed, Fair (Day), EDSA Chino Roces Ave. Makati",MMDA Road Safety Unit,,7b9fbb21-c02e-493d-9dc0-2853a4521ac1,2014-07-10,06:00:00,EDSA A. Arnaiz Ave. Makati,0,0,0,0,0,0,0,0,0,0,2014-07-10 14:00,Property,14.54117334,121.0183458,Angle Impact
None,EDSA,None,None,"No Accident Factor, Side Swipe, 0.0 drivers_injured, 0.0 drivers_killed, 0.0 passengers_injured, 0.0 passengers_killed, 0.0 pedestrian_injured, 0.0 pedestrian_killed, Rain (Day), EDSA Evangelista St. Makati",MMDA Road Safety Unit,,9318f5cc-3fac-419e-a21c-384d9b73f889,2014-07-09,07:45:00,EDSA Mc Kinley Road Makati,0,0,0,0,0,0,0,0,0,0,2014-07-09 15:45,Property,14.53906878,121.012324,Side Swipe
None,EDSA,None,None,"No Accident Factor, Side Swipe, 0.0 drivers_injured, 0.0 drivers_killed, 0.0 passengers_injured, 0.0 passengers_killed, 0.0 pedestrian_injured, 0.0 pedestrian_killed, Fair (Day), EDSA Ayala Ave. (NB) Makati",MMDA Road Safety Unit,,9f6e0b7e-799a-439e-b7a5-18216bf889d2,2014-07-09,06:00:00,EDSA Mc Kinley Road Makati,0,0,0,0,0,0,0,0,0,0,2014-07-09 14:00,Property,14.5503157,121.0293627,Side Swipe
None,EDSA,None,None,"No Accident Factor, Rear-end, 0.0 drivers_injured, 0.0 drivers_killed, 0.0 passengers_injured, 0.0 passengers_killed, 0.0 pedestrian_injured, 0.0 pedestrian_killed, Fair (Day), EDSA Buendia Ave. (SB) Makati",MMDA Road Safety Unit,,f547e6c5-d7cb-4b62-bcdb-0ed4f25716da,2014-07-09,02:15:00,EDSA Magallanes Loading and Unloading Bay Makati,0,0,0,0,0,0,0,0,0,0,2014-07-09 10:15,Property,14.55489642,121.0348811,Rear-End
None,EDSA,None,None,"No Accident Factor, Rear-end, 0.0 drivers_injured, 0.0 drivers_killed, 0.0 passengers_injured, 0.0 passengers_killed, 0.0 pedestrian_injured, 0.0 pedestrian_killed, Fair (Day), EDSA Magallanes Sr. Road (SB) Makati",MMDA Road Safety Unit,,ce73d1ca-ff5e-42e8-a931-1adbbb84307d,2014-07-08,02:25:00,EDSA Buendia Loading Bay (NB) Makati,0,0,0,0,0,0,0,0,0,0,2014-07-08 10:25,Property,14.54037338,121.01729,Rear-End
None,EDSA,None,None,"No Accident Factor, Rear-end, 0.0 drivers_injured, 0.0 drivers_killed, 0.0 passengers_injured, 0.0 passengers_killed, 0.0 pedestrian_injured, 0.0 pedestrian_killed, Fair (Day), EDSA Estrella St. Makati",MMDA Road Safety Unit,,962fb775-005a-43f4-b21d-d3832cdf1b56,2014-07-07,02:15:00,EDSA Magallanes Interchange Makati,0,0,0,0,0,0,0,0,0,0,2014-07-07 10:15,Property,14.56004326,121.0411034,Rear-End
None,EDSA,None,None,"No Accident Factor, Multiple Collision, 0.0 drivers_injured, 0.0 drivers_killed, 0.0 passengers_injured, 0.0 passengers_killed, 0.0 pedestrian_injured, 0.0 pedestrian_killed, Fair (Day), EDSA Buendia Ave. (SB) Makati",MMDA Road Safety Unit,,463794f5-bf9d-4f37-a068-25f5314abf81,2014-07-07,02:00:00,EDSA Lapu Lapu St. Makati,0,0,0,0,0,0,0,0,0,0,2014-07-07 10:00,Property,14.55489642,121.0348811,Multiple
None,EDSA,None,None,"No Accident Factor, Hit and Run (Side Swipe), 0.0 drivers_injured, 0.0 drivers_killed, 0.0 passengers_injured, 0.0 passengers_killed, 0.0 pedestrian_injured, 0.0 pedestrian_killed, Fair (Night), EDSA South Super Highway Makati",MMDA Road Safety Unit,,61c6332e-169f-4658-aa02-b482a9a67bad,2014-07-05,10:45:00,EDSA Amorsolo St. Makati,0,0,0,0,0,0,0,0,0,0,2014-07-05 18:45,Property,14.54054957,121.016932,Side Swipe
None,EDSA,None,None,"No Accident Factor, Side Swipe, 0.0 drivers_injured, 0.0 drivers_killed, 0.0 passengers_injured, 0.0 passengers_killed, 0.0 pedestrian_injured, 0.0 pedestrian_killed, Fair (Day), EDSA Magallanes Sr. Road (SB) Makati",MMDA Road Safety Unit,,82a6df4b-cbea-424b-b612-43df0058de3e,2014-07-05,08:25:00,EDSA Lapu Lapu St. Makati,0,0,0,0,0,0,0,0,0,0,2014-07-05 16:25,Property,14.54037338,121.01729,Side Swipe
None,EDSA,None,None,"No Accident Factor, No Collision Stated (based on Police Blotter Book), 0.0 drivers_injured, 0.0 drivers_killed, 0.0 passengers_injured, 0.0 passengers_killed, 0.0 pedestrian_injured, 0.0 pedestrian_killed, Fair (Night), EDSA Guadalupe Bridge (NB) Makati",MMDA Road Safety Unit,,81a4b670-c485-482e-9870-5517e074947a,2014-07-04,14:30:00,EDSA Magallanes (NB) Makati,0,0,0,0,0,0,0,0,0,0,2014-07-04 22:30,Property,14.56846648,121.0458404,No Collision Stated
None,EDSA,None,None,"No Accident Factor, No Collision Stated (based on Police Blotter Book), 0.0 drivers_injured, 0.0 drivers_killed, 0.0 passengers_injured, 0.0 passengers_killed, 0.0 pedestrian_injured, 0.0 pedestrian_killed, Fair (Day), EDSA Mc Kinely Road (NB) Makati",MMDA Road Safety Unit,,69385bb4-7950-40a0-9595-6439513e3efd,2014-07-04,09:30:00,EDSA Magallanes MRT Station (NB) Makati,0,0,0,0,0,0,0,0,0,0,2014-07-04 17:30,Property,14.5501403,121.0294629,No Collision Stated
None,EDSA,None,None,"No Accident Factor, Rear-end, 0.0 drivers_injured, 0.0 drivers_killed, 0.0 passengers_injured, 0.0 passengers_killed, 0.0 pedestrian_injured, 0.0 pedestrian_killed, Fair (Day), EDSA Ayala Ave. (NB) Makati",MMDA Road Safety Unit,,f467a091-6254-4e2b-941c-e2c3f8e4d87e,2014-07-04,09:15:00,EDSA Ayala Ave. Bgy. Dasmarinas Makati,0,0,0,0,0,0,0,0,0,0,2014-07-04 17:15,Property,14.5503157,121.0293627,Rear-End
None,EDSA,None,None,"No Accident Factor, Angle Impact, 0.0 drivers_injured, 0.0 drivers_killed, 0.0 passengers_injured, 0.0 passengers_killed, 0.0 pedestrian_injured, 0.0 pedestrian_killed, Fair (Day), EDSA Evangelista St. Makati",MMDA Road Safety Unit,,52f3de67-0f0e-4513-8a11-3875958c47ad,2014-07-04,07:30:00,"EDSA ""U"" turn slot Magallanes Interschange Service Road Makati",0,0,0,0,0,0,0,0,0,0,2014-07-04 15:30,Property,14.53906878,121.012324,Angle Impact
None,EDSA,None,None,"No Accident Factor, Rear-end, 0.0 drivers_injured, 0.0 drivers_killed, 0.0 passengers_injured, 0.0 passengers_killed, 0.0 pedestrian_injured, 0.0 pedestrian_killed, Fair (Day), EDSA Guadalupe (NB) Makati",MMDA Road Safety Unit,,620e1924-7794-4d65-b0ff-585132bef8e7,2014-07-04,02:30:00,EDSA Magallanes (NB) Makati,0,0,0,0,0,0,0,0,0,0,2014-07-04 10:30,Property,14.56662777,121.0455282,Rear-End
None,EDSA,None,None,"No Accident Factor, Side Swipe, 0.0 drivers_injured, 0.0 drivers_killed, 0.0 passengers_injured, 0.0 passengers_killed, 0.0 pedestrian_injured, 0.0 pedestrian_killed, Fair (Night), EDSA Ayala Ave.  Makati",MMDA Road Safety Unit,,cd2c8014-26f3-49d8-b02d-8ff72adf65a4,2014-07-03,02:00:00,"EDSA Buendia Ave., Bgy. Urdaneta  Makati",0,0,0,0,0,0,0,0,0,0,2014-07-03 10:00,Property,14.5503157,121.0293627,Side Swipe
None,EDSA,None,None,"No Accident Factor, Side Swipe, 0.0 drivers_injured, 0.0 drivers_killed, 0.0 passengers_injured, 0.0 passengers_killed, 0.0 pedestrian_injured, 0.0 pedestrian_killed, Fair (Night), EDSA Ayala Ave.  Makati",MMDA Road Safety Unit,,41f4bac6-844e-46e4-940f-acdaed1faf91,2014-07-03,01:00:00,EDSA Magallanes Ave.  Makati,0,0,0,0,0,0,0,0,0,0,2014-07-03 9:00,Property,14.5503157,121.0293627,Side Swipe
None,EDSA,None,None,"No Accident Factor, Hit Object (Cashier's Booth), 0.0 drivers_injured, 0.0 drivers_killed, 0.0 passengers_injured, 0.0 passengers_killed, 0.0 pedestrian_injured, 0.0 pedestrian_killed, Fair (Day), EDSA Mc Kinley Road Makati",MMDA Road Safety Unit,,692e63e6-eb89-41e6-a952-b9c26776814d,2014-07-01,05:10:00,EDSA Buendia Ave. Makati,0,0,0,0,0,0,0,0,0,0,2014-07-01 13:10,Property,14.5501403,121.0294629,Hit Object
None,EDSA,None,None,"No Accident Factor, Side Swipe, 1.0 drivers_injured, 0.0 drivers_killed, 0.0 passengers_injured, 0.0 passengers_killed, 0.0 pedestrian_injured, 0.0 pedestrian_killed, Fair (Day), EDSA Magallanes Interchange Makati",MMDA Road Safety Unit,,ac77e632-fdb6-4965-9837-b87218824d99,2014-06-30,08:00:00,"EDSA Buendia MRT, Bgy. Urdaneta  Makati",0,0,0,1,0,0,0,0,0,1,2014-06-30 16:00,Injury,14.54679556,121.0248047,Side Swipe
None,EDSA,None,None,"No Accident Factor, Side Swipe, 0.0 drivers_injured, 0.0 drivers_killed, 0.0 passengers_injured, 0.0 passengers_killed, 0.0 pedestrian_injured, 0.0 pedestrian_killed, Fair (Day), EDSA Estrella St. Makati",MMDA Road Safety Unit,,5aafa8d5-a935-4d5a-a92c-f16645a8ed61,2014-06-29,07:30:00,EDSA Ayala (SB)  Makati,0,0,0,0,0,0,0,0,0,0,2014-06-29 15:30,Property,14.56004326,121.0411034,Side Swipe
None,EDSA,None,None,"No Accident Factor, Hit and Run (Side Swipe), 0.0 drivers_injured, 0.0 drivers_killed, 0.0 passengers_injured, 0.0 passengers_killed, 0.0 pedestrian_injured, 0.0 pedestrian_killed, Fair (Day), EDSA Ayala Ave. Makati",MMDA Road Safety Unit,,7fe4f0f4-2664-480f-87d0-94f2d67bed9f,2014-06-29,06:30:00,EDSA Ayala MRT  Makati,0,0,0,0,0,0,0,0,0,0,2014-06-29 14:30,Property,14.5503157,121.0293627,Side Swipe
None,EDSA,None,None,"No Accident Factor, Rear-end, 0.0 drivers_injured, 0.0 drivers_killed, 0.0 passengers_injured, 0.0 passengers_killed, 0.0 pedestrian_injured, 0.0 pedestrian_killed, Fair (Day), EDSA Estrella St. Makati",MMDA Road Safety Unit,,7feeeffb-7b75-42a0-bdd4-02db91478d6e,2014-06-29,05:00:00,EDSA Magallanes Interchange before Emergency Bay Brgy. San Loreno  Makati,0,0,0,0,0,0,0,0,0,0,2014-06-29 13:00,Property,14.56004326,121.0411034,Rear-End
None,EDSA,None,None,"No Accident Factor, No Collision Stated (based on Police Blotter Book), 1.0 drivers_injured, 0.0 drivers_killed, 0.0 passengers_injured, 0.0 passengers_killed, 0.0 pedestrian_injured, 0.0 pedestrian_killed, Fair (Day), EDSA Mc Kinley Road Makati",MMDA Road Safety Unit,,e7ca789b-579d-493b-ba99-c2b070295a62,2014-06-28,22:45:00,EDSA before Evangaelista Street Brgy. Bangkal  Makati,0,0,0,1,0,0,0,0,0,1,2014-06-29 6:45,Injury,14.5501403,121.0294629,No Collision Stated
None,EDSA,None,None,"No Accident Factor, Angle Impact, 0.0 drivers_injured, 0.0 drivers_killed, 0.0 passengers_injured, 0.0 passengers_killed, 0.0 pedestrian_injured, 0.0 pedestrian_killed, Fair (Day), EDSA Magallanes Interchange Makati",MMDA Road Safety Unit,,cd5479a0-fcf7-40b9-91b3-5bd7432ee888,2014-06-28,05:15:00,EDSA Evangelista Street Bangkal  Makati,0,0,0,0,0,0,0,0,0,0,2014-06-28 13:15,Property,14.54679556,121.0248047,Angle Impact
None,EDSA,None,None,"No Accident Factor, Side Swipe, 0.0 drivers_injured, 0.0 drivers_killed, 0.0 passengers_injured, 0.0 passengers_killed, 0.0 pedestrian_injured, 0.0 pedestrian_killed, Fair (Night), EDSA Estrella St. Makati",MMDA Road Safety Unit,,9bef7490-d689-46c5-a0e9-ff4c50c179e6,2014-06-27,20:00:00,EDSA Lapu Lapu St. Makati,0,0,0,0,0,0,0,0,0,0,2014-06-28 4:00,Property,14.56004326,121.0411034,Side Swipe
None,EDSA,None,None,"No Accident Factor, Side Swipe, 0.0 drivers_injured, 0.0 drivers_killed, 0.0 passengers_injured, 0.0 passengers_killed, 0.0 pedestrian_injured, 0.0 pedestrian_killed, Fair (Night), EDSA West Cloverleaf Makati",MMDA Road Safety Unit,,d41cc3d2-6db8-4e6d-9971-3ba81b5e3c77,2014-06-27,11:30:00,"EDSA Chino Roces Ave.,Savemore Bgy.Bangkal Makati",0,0,0,0,0,0,0,0,0,0,2014-06-27 19:30,Property,14.56763029,121.0456342,Side Swipe
None,EDSA,None,None,"No Accident Factor, Side Swipe, 0.0 drivers_injured, 0.0 drivers_killed, 0.0 passengers_injured, 0.0 passengers_killed, 0.0 pedestrian_injured, 0.0 pedestrian_killed, Fair (Night), EDSA Pasong Tamo Ave. Makati",MMDA Road Safety Unit,,abd8bfa1-0f87-43f7-8474-9710ac318d5f,2014-06-27,11:15:00,EDSA Buendia Ave. MRT Station Makati,0,0,0,0,0,0,0,0,0,0,2014-06-27 19:15,Property,14.54127773,121.0182024,Side Swipe
None,EDSA,None,None,"No Accident Factor, Side Swipe, 0.0 drivers_injured, 0.0 drivers_killed, 0.0 passengers_injured, 0.0 passengers_killed, 0.0 pedestrian_injured, 0.0 pedestrian_killed, Fair (Night), EDSA Lapu Lapu Ave. Makati",MMDA Road Safety Unit,,1ee64e39-b3de-43b2-ac73-70a3e10bbaa8,2014-06-27,10:30:00,EDSA Ayala Ave. Makati,0,0,0,0,0,0,0,0,0,0,2014-06-27 18:30,Property,14.53968935,121.0155717,Side Swipe
None,EDSA,None,None,"No Accident Factor, Rear-end, 0.0 drivers_injured, 0.0 drivers_killed, 0.0 passengers_injured, 0.0 passengers_killed, 0.0 pedestrian_injured, 0.0 pedestrian_killed, Fair (Day), EDSA Palm Drive Makati",MMDA Road Safety Unit,,245f9ed0-d39d-453a-b681-d2a5798190c6,2014-06-27,03:30:00,EDSA Buendia Ave. Makati,0,0,0,0,0,0,0,0,0,0,2014-06-27 11:30,Property,14.54840479,121.0270209,Rear-End
None,EDSA,None,None,"No Accident Factor, Rear-end, 0.0 drivers_injured, 0.0 drivers_killed, 0.0 passengers_injured, 0.0 passengers_killed, 0.0 pedestrian_injured, 0.0 pedestrian_killed, Fair (Day), EDSA Guadalupe (SB) Makati",MMDA Road Safety Unit,,8f3ce1f1-6730-4bac-83cf-5cb6c38ed657,2014-06-26,00:30:00,EDSA Buendia Ave. Makati,0,0,0,0,0,0,0,0,0,0,2014-06-26 8:30,Property,14.56662777,121.0455282,Rear-End
None,EDSA,None,None,"No Accident Factor, Side Swipe, 0.0 drivers_injured, 0.0 drivers_killed, 0.0 passengers_injured, 0.0 passengers_killed, 0.0 pedestrian_injured, 0.0 pedestrian_killed, Fair (Day), EDSA Buendia Ave. Makati",MMDA Road Safety Unit,,d20f1e75-0c0d-43d6-9947-17748f952c46,2014-06-25,22:20:00,EDSA Evangelista Street Barangay Bangkal Makati,0,0,0,0,0,0,0,0,0,0,2014-06-26 6:20,Property,14.55516134,121.0349756,Side Swipe
None,EDSA,None,None,"No Accident Factor, Side Swipe, 0.0 drivers_injured, 0.0 drivers_killed, 0.0 passengers_injured, 0.0 passengers_killed, 0.0 pedestrian_injured, 0.0 pedestrian_killed, Fair (Night), EDSA A. Arnaiz Ave. Makati",MMDA Road Safety Unit,,830d12a1-a3c4-4e87-907f-c2bcf89cb26f,2014-06-25,12:45:00,EDSA Buendia Ave. (SB) Makati,0,0,0,0,0,0,0,0,0,0,2014-06-25 20:45,Property,14.54734176,121.0262804,Side Swipe
None,EDSA,None,None,"No Accident Factor, Rear-end, 0.0 drivers_injured, 0.0 drivers_killed, 0.0 passengers_injured, 0.0 passengers_killed, 0.0 pedestrian_injured, 0.0 pedestrian_killed, Fair (Day), EDSA Mc Kinley Road Makati",MMDA Road Safety Unit,,f00aa477-1b10-4d4c-819b-9a5ebb3023cd,2014-06-25,02:50:00,EDSA Lapu-Lapu Street Barangay Magallanes Makati,0,0,0,0,0,0,0,0,0,0,2014-06-25 10:50,Property,14.5501403,121.0294629,Rear-End
None,EDSA,None,None,"No Accident Factor, Side Swipe, 0.0 drivers_injured, 0.0 drivers_killed, 0.0 passengers_injured, 0.0 passengers_killed, 0.0 pedestrian_injured, 0.0 pedestrian_killed, Fair (Night), EDSA Mc Kinley Road Makati",MMDA Road Safety Unit,,54dba60e-0d3f-43a0-be5c-dc8f8cd65b3a,2014-06-24,21:30:00,EDSA Orense St. (NB) Makati,0,0,0,0,0,0,0,0,0,0,2014-06-25 5:30,Property,14.5501403,121.0294629,Side Swipe
None,EDSA,None,None,"No Accident Factor, Side Swipe, 0.0 drivers_injured, 0.0 drivers_killed, 0.0 passengers_injured, 0.0 passengers_killed, 0.0 pedestrian_injured, 0.0 pedestrian_killed, Fair (Night), EDSA Magallanes Loading and Unloading Bay Makati",MMDA Road Safety Unit,,afd54f07-bda7-4c6a-b7ae-2f58dede0a17,2014-06-23,13:05:00,EDSA Estrella St. Makati,0,0,0,0,0,0,0,0,0,0,2014-06-23 21:05,Property,14.54402536,121.021754,Side Swipe
None,EDSA,None,None,"No Accident Factor, Rear-end, 0.0 drivers_injured, 0.0 drivers_killed, 0.0 passengers_injured, 0.0 passengers_killed, 0.0 pedestrian_injured, 0.0 pedestrian_killed, Fair (Night), EDSA Buendia Loading Bay (NB) Makati",MMDA Road Safety Unit,,f7b6213f-5387-4e52-b40c-eb261393d611,2014-06-21,08:35:00,EDSA Ayala Ave. Makati,0,0,0,0,0,0,0,0,0,0,2014-06-21 16:35,Property,14.55422655,121.0337442,Rear-End
None,EDSA,None,None,"No Accident Factor, No Collision Stated (based on Police Blotter Book), 0.0 drivers_injured, 0.0 drivers_killed, 0.0 passengers_injured, 0.0 passengers_killed, 0.0 pedestrian_injured, 0.0 pedestrian_killed, Fair (Night), EDSA Magallanes Interchange Makati",MMDA Road Safety Unit,,8c24f65f-ea00-4f2a-bf71-780a98303c3a,2014-06-20,11:40:00,EDSA Estrella St. (NB) after Loading Bay Makati,0,0,0,0,0,0,0,0,0,0,2014-06-20 19:40,Property,14.54679556,121.0248047,No Collision Stated
None,EDSA,None,None,"No Accident Factor, Rear-end, 0.0 drivers_injured, 0.0 drivers_killed, 0.0 passengers_injured, 0.0 passengers_killed, 0.0 pedestrian_injured, 0.0 pedestrian_killed, Fair (Night), EDSA Lapu Lapu St. Makati",MMDA Road Safety Unit,,ab3f5af6-2d73-4bd2-a1d1-a5c825f49b65,2014-06-20,08:20:00,EDSA Magallanes Interchange (SB) Makati,0,0,0,0,0,0,0,0,0,0,2014-06-20 16:20,Property,14.53968935,121.0155717,Rear-End
None,EDSA,None,None,"No Accident Factor, Side Swipe, 0.0 drivers_injured, 0.0 drivers_killed, 0.0 passengers_injured, 0.0 passengers_killed, 0.0 pedestrian_injured, 0.0 pedestrian_killed, Fair (Night), EDSA Amorsolo St. Makati",MMDA Road Safety Unit,,2a6c2b64-b6b5-46aa-bd42-519628ece3b3,2014-06-16,11:45:00,EDSA Pasay Road Barangay San Lorenzo Village Makati,0,0,0,0,0,0,0,0,0,0,2014-06-16 19:45,Property,14.54231742,121.0194498,Side Swipe
None,EDSA,None,None,"No Accident Factor, Angle Impact, 1.0 drivers_injured, 0.0 drivers_killed, 0.0 passengers_injured, 0.0 passengers_killed, 0.0 pedestrian_injured, 0.0 pedestrian_killed, Fair (Night), EDSA Lapu Lapu St. Makati",MMDA Road Safety Unit,,39f998e9-c74e-4867-b8d1-c6ee96503871,2014-06-16,00:20:00,"EDSA Ayala Ave., (SB) Makati",0,0,0,1,0,0,0,0,0,1,2014-06-16 8:20,Injury,14.53968935,121.0155717,Angle Impact
None,EDSA,None,None,"No Accident Factor, Side Swipe, 0.0 drivers_injured, 0.0 drivers_killed, 0.0 passengers_injured, 0.0 passengers_killed, 0.0 pedestrian_injured, 0.0 pedestrian_killed, Fair (Night), EDSA Magallanes (NB) Makati",MMDA Road Safety Unit,,a7c4527e-ab59-4e75-b204-d74287adae80,2014-06-15,22:30:00,EDSA Estrella Street Barangay Guadalupe Viejo Makati,0,0,0,0,0,0,0,0,0,0,2014-06-16 6:30,Property,14.53955946,121.0143517,Side Swipe
None,EDSA,None,None,"No Accident Factor, Rear-end, 1.0 drivers_injured, 0.0 drivers_killed, 0.0 passengers_injured, 0.0 passengers_killed, 0.0 pedestrian_injured, 0.0 pedestrian_killed, Fair (Night), EDSA Magallanes MRT Station (NB) Makati",MMDA Road Safety Unit,,42af422f-768e-4b13-bc88-b378d2442fe0,2014-06-13,00:30:00,"EDSA Sen.Gil Puyat Ave., Bgy.Urdaneta Makati",0,0,0,1,0,0,0,0,0,1,2014-06-13 8:30,Injury,14.54189455,121.0190437,Rear-End
None,EDSA,None,None,"No Accident Factor, Rear-end, 0.0 drivers_injured, 0.0 drivers_killed, 0.0 passengers_injured, 0.0 passengers_killed, 0.0 pedestrian_injured, 0.0 pedestrian_killed, Fair (Day), EDSA Ayala Ave. Bgy. Dasmarinas Makati",MMDA Road Safety Unit,,c0f97006-e36a-42dd-93b6-d0dfc6a109b6,2014-06-12,02:55:00,EDSA Aorense Street (NB) Makati,0,0,0,0,0,0,0,0,0,0,2014-06-12 10:55,Property,14.5503157,121.0293627,Rear-End
None,EDSA,None,None,"No Accident Factor, Side Swipe, 0.0 drivers_injured, 0.0 drivers_killed, 0.0 passengers_injured, 0.0 passengers_killed, 0.0 pedestrian_injured, 0.0 pedestrian_killed, Fair (Day), EDSA ""U"" turn slot Magallanes Interschange Service Road Makati",MMDA Road Safety Unit,,7d5c2b93-d6eb-4bb0-a2e0-b164aeb8564b,2014-06-10,01:00:00,EDSA Ayala Ave. (SB)-MRT Ayala station Makati,0,0,0,0,0,0,0,0,0,0,2014-06-10 9:00,Property,14.54120228,121.0183084,Side Swipe
None,EDSA,None,None,"No Accident Factor, Rear-end, 0.0 drivers_injured, 0.0 drivers_killed, 2.0 passengers_injured, 0.0 passengers_killed, 0.0 pedestrian_injured, 0.0 pedestrian_killed, Fair (Night), EDSA Magallanes (NB) Makati",MMDA Road Safety Unit,,14bbffd2-174b-488e-ac71-8290415a3ccb,2014-06-09,02:05:00,EDSA Orense St. (SB) before Estrella St. Makati,0,0,0,0,2,0,0,0,0,2,2014-06-09 10:05,Injury,14.53955946,121.0143517,Rear-End
None,EDSA,None,None,"No Accident Factor, Rear-end, 0.0 drivers_injured, 0.0 drivers_killed, 0.0 passengers_injured, 0.0 passengers_killed, 0.0 pedestrian_injured, 0.0 pedestrian_killed, Fair (Night), EDSA Buendia Ave., Bgy. Urdaneta  Makati",MMDA Road Safety Unit,,4018d56b-fe0a-403c-975f-dde8ae1badda,2014-06-06,11:30:00,"EDSA before Evangelista St., Bgy.Bangkal Makati",0,0,0,0,0,0,0,0,0,0,2014-06-06 19:30,Property,14.55521712,121.0348782,Rear-End