LOCATION_TEXT,ROAD,WEATHER,LIGHT,DESC,REPORTING_AGENCY,MAIN_CAUSE,INCIDENTDETAILS_ID,DATE_UTC,TIME_UTC,ADDRESS,killed_driver,killed_passenger,killed_pedestrian,injured_driver,injured_passenger,injured_pedestrian,killed_uncategorized,injured_uncategorized,killed_total,injured_total,DATETIME_PST,SEVERITY,Y,X,COLLISION_TYPE
None,EDSA,None,None,"No Accident Factor, No Collision Stated (based on Police Blotter Book), 0.0 drivers_injured, 0.0 drivers_killed, 0.0 passengers_injured, 0.0 passengers_killed, 0.0 pedestrian_injured, 0.0 pedestrian_killed, Fair (Day), EDSA Magallanes Ave.  Makati",MMDA Road Safety Unit,,c25297eb-6a74-48a3-91ad-9efaadbaacfe,2014-06-05,02:45:00,"EDSA before Ayala Ave., Bgy.Urdaneta Makati",0,0,0,0,0,0,0,0,0,0,2014-06-05 10:45,Property,14.53924572,121.0142961,No Collision Stated
None,EDSA,None,None,"No Accident Factor, Rear-end, 0.0 drivers_injured, 0.0 drivers_killed, 0.0 passengers_injured, 0.0 passengers_killed, 0.0 pedestrian_injured, 0.0 pedestrian_killed, Fair (Night), EDSA Buendia Ave. Makati",MMDA Road Safety Unit,,f8aa698a-4fbf-4721-98b7-7324b588c780,2014-06-03,04:30:00,"EDSA before Kumako St., fronting Caltex Gas station, Bgy.Bangkal Makati",0,0,0,0,0,0,0,0,0,0,2014-06-03 12:30,Property,14.55516134,121.0349756,Rear-End
None,EDSA,None,None,"No Accident Factor, Angle Impact, 0.0 drivers_injured, 0.0 drivers_killed, 0.0 passengers_injured, 0.0 passengers_killed, 0.0 pedestrian_injured, 0.0 pedestrian_killed, Fair (Day), EDSA Buendia MRT, Bgy. Urdaneta  Makati",MMDA Road Safety Unit,,2242ce00-5127-4639-8403-04ab220e396d,2014-05-31,23:20:00,"EDSA before Kalayaan Ave., Bgy.Pinagkaisahan Makati",0,0,0,0,0,0,0,0,0,0,2014-06-01 7:20,Property,14.55404034,121.0340364,Angle Impact
None,EDSA,None,None,"No Accident Factor, Rear-end, 1.0 drivers_injured, 0.0 drivers_killed, 0.0 passengers_injured, 0.0 passengers_killed, 0.0 pedestrian_injured, 0.0 pedestrian_killed, Fair (Day), EDSA Ayala (SB)  Makati",MMDA Road Safety Unit,,8daa16fb-cce8-4e47-8a3a-269be99e673f,2014-05-28,23:45:00,"EDSA before Guingua St., Bgy.Pinagkaisahan Makati",0,0,0,1,0,0,0,0,0,1,2014-05-29 7:45,Injury,14.5503157,121.0293627,Rear-End
None,EDSA,None,None,"No Accident Factor, No Collision Stated (based on Police Blotter Book), 0.0 drivers_injured, 0.0 drivers_killed, 0.0 passengers_injured, 0.0 passengers_killed, 0.0 pedestrian_injured, 0.0 pedestrian_killed, Fair (Day), EDSA Ayala MRT  Makati",MMDA Road Safety Unit,,6c178420-02bf-4ccc-8ef4-7e2baa0696f2,2014-05-28,05:05:00,"EDSA Ayala Ave., Bgy.San Lorenzo Makati",0,0,0,0,0,0,0,0,0,0,2014-05-28 13:05,Property,14.54913499,121.0280408,No Collision Stated
None,EDSA,None,None,"No Accident Factor, No Collision Stated (based on Police Blotter Book), 0.0 drivers_injured, 0.0 drivers_killed, 0.0 passengers_injured, 0.0 passengers_killed, 0.0 pedestrian_injured, 0.0 pedestrian_killed, Fair (Night), EDSA Magallanes Interchange before Emergency Bay Brgy. San Loreno  Makati",MMDA Road Safety Unit,,5b2a99a6-8a14-43f3-82e9-387c444e7e73,2014-05-23,18:00:00,EDSA Estrella Street Escuela Street (NB)  Makati,0,0,0,0,0,0,0,0,0,0,2014-05-24 2:00,Property,14.54679556,121.0248047,No Collision Stated
None,EDSA,None,None,"No Accident Factor, Rear-end, 0.0 drivers_injured, 0.0 drivers_killed, 0.0 passengers_injured, 0.0 passengers_killed, 0.0 pedestrian_injured, 0.0 pedestrian_killed, Fair (Day), EDSA before Evangaelista Street Brgy. Bangkal  Makati",MMDA Road Safety Unit,,343f942e-944a-4f0c-9122-8df06cf308fc,2014-05-23,07:45:00,EDSA Ayala Avenue (NB)  Makati,0,0,0,0,0,0,0,0,0,0,2014-05-23 15:45,Property,14.53919847,121.0125038,Rear-End
None,EDSA,None,None,"No Accident Factor, Side Swipe, 0.0 drivers_injured, 0.0 drivers_killed, 0.0 passengers_injured, 0.0 passengers_killed, 0.0 pedestrian_injured, 0.0 pedestrian_killed, Fair (Day), EDSA Evangelista Street Bangkal  Makati",MMDA Road Safety Unit,,67f92575-6b99-40e4-8762-2946e68dfd0b,2014-05-23,02:45:00,EDSA after Loading bay Bgy.Urdaneta Makati,0,0,0,0,0,0,0,0,0,0,2014-05-23 10:45,Property,14.53906878,121.012324,Side Swipe
None,EDSA,None,None,"No Accident Factor, No Collision Stated (based on Police Blotter Book), 0.0 drivers_injured, 0.0 drivers_killed, 0.0 passengers_injured, 0.0 passengers_killed, 0.0 pedestrian_injured, 0.0 pedestrian_killed, Fair (Night), EDSA Lapu Lapu St. Makati",MMDA Road Safety Unit,,92a0b7bd-7d6c-425a-9c4c-754203d7bd46,2014-05-21,00:00:00,"EDSA Estrella St., Bgy.Guadalupe Viejo Makati",0,0,0,0,0,0,0,0,0,0,2014-05-21 8:00,Property,14.53968935,121.0155717,No Collision Stated
None,EDSA,None,None,"No Accident Factor, Rear-end, 0.0 drivers_injured, 0.0 drivers_killed, 0.0 passengers_injured, 0.0 passengers_killed, 0.0 pedestrian_injured, 0.0 pedestrian_killed, Fair (Night), EDSA Chino Roces Ave.,Savemore Bgy.Bangkal Makati",MMDA Road Safety Unit,,9ed7b5f7-77fd-49f3-9c1c-e8ca2be4b90d,2014-05-20,09:05:00,EDSA Ayala Avenue (NB) Shell Gas Station  Makati,0,0,0,0,0,0,0,0,0,0,2014-05-20 17:05,Property,14.54117334,121.0183458,Rear-End
None,EDSA,None,None,"No Accident Factor, Side Swipe, 0.0 drivers_injured, 0.0 drivers_killed, 0.0 passengers_injured, 0.0 passengers_killed, 0.0 pedestrian_injured, 0.0 pedestrian_killed, Fair (Night), EDSA Buendia Ave. MRT Station Makati",MMDA Road Safety Unit,,bda4c275-c242-4276-9f7e-dc3f8988ecb2,2014-05-17,20:00:00,EDSA Ayala Avenue  Makati,0,0,0,0,0,0,0,0,0,0,2014-05-18 4:00,Property,14.55415467,121.034171,Side Swipe
None,EDSA,None,None,"No Accident Factor, Side Swipe, 1.0 drivers_injured, 0.0 drivers_killed, 0.0 passengers_injured, 0.0 passengers_killed, 0.0 pedestrian_injured, 0.0 pedestrian_killed, Fair (Night), EDSA Ayala Ave. Makati",MMDA Road Safety Unit,,7a413054-bad4-469a-9702-f008c191edea,2014-05-17,10:40:00,EDSA Ayala Avenue (NB) Ayala MRT Station  Makati,0,0,0,1,0,0,0,0,0,1,2014-05-17 18:40,Injury,14.5503157,121.0293627,Side Swipe
None,EDSA,None,None,"No Accident Factor, No Collision Stated (based on Police Blotter Book), 0.0 drivers_injured, 0.0 drivers_killed, 0.0 passengers_injured, 0.0 passengers_killed, 0.0 pedestrian_injured, 0.0 pedestrian_killed, Fair (Night), EDSA Buendia Ave. Makati",MMDA Road Safety Unit,,c9f344a6-09d3-4955-9eb3-8e4d7fc27048,2014-05-17,08:00:00,EDSA Arnaiz Brgy.Bangkal Makati,0,0,0,0,0,0,0,0,0,0,2014-05-17 16:00,Property,14.55516134,121.0349756,No Collision Stated
None,EDSA,None,None,"No Accident Factor, Side Swipe, 0.0 drivers_injured, 0.0 drivers_killed, 0.0 passengers_injured, 0.0 passengers_killed, 0.0 pedestrian_injured, 0.0 pedestrian_killed, Fair (Night), EDSA Buendia Ave. Makati",MMDA Road Safety Unit,,666e1696-548b-4107-bbd6-18d912a7d498,2014-05-16,09:50:00,EDSA Estrella Street (SB) Estrella Overpass Makati,0,0,0,0,0,0,0,0,0,0,2014-05-16 17:50,Property,14.55516134,121.0349756,Side Swipe
None,EDSA,None,None,"No Accident Factor, Rear-end, 0.0 drivers_injured, 0.0 drivers_killed, 0.0 passengers_injured, 0.0 passengers_killed, 0.0 pedestrian_injured, 0.0 pedestrian_killed, Fair (Day), EDSA Evangelista Street Barangay Bangkal Makati",MMDA Road Safety Unit,,629aef62-a1e4-47e8-bff2-4a9a8ddd4ece,2014-05-14,22:00:00,EDSA Magallanes (NB) Makati,0,0,0,0,0,0,0,0,0,0,2014-05-15 6:00,Property,14.53906878,121.012324,Rear-End
None,EDSA,None,None,"No Accident Factor, Rear-end, 0.0 drivers_injured, 0.0 drivers_killed, 0.0 passengers_injured, 0.0 passengers_killed, 0.0 pedestrian_injured, 0.0 pedestrian_killed, Fair (Day), EDSA Buendia Ave. (SB) Makati",MMDA Road Safety Unit,,694870df-869c-4c47-9a1a-574be95e93fa,2014-05-14,02:20:00,EDSA Ayala MRT underneath Brgy.Dasma Village Makati,0,0,0,0,0,0,0,0,0,0,2014-05-14 10:20,Property,14.55489642,121.0348811,Rear-End
None,EDSA,None,None,"No Accident Factor, Angle Impact, 0.0 drivers_injured, 0.0 drivers_killed, 0.0 passengers_injured, 0.0 passengers_killed, 0.0 pedestrian_injured, 0.0 pedestrian_killed, Fair (Day), EDSA Lapu-Lapu Street Barangay Magallanes Makati",MMDA Road Safety Unit,,fa15eb22-94d1-466b-8297-552597b651cf,2014-05-13,07:00:00,EDSA fronting Metro Bank Brgy.Bangkal Makati,0,0,0,0,0,0,0,0,0,0,2014-05-13 15:00,Property,14.53968935,121.0155717,Angle Impact
None,EDSA,None,None,"No Accident Factor, Side Swipe, 0.0 drivers_injured, 0.0 drivers_killed, 0.0 passengers_injured, 0.0 passengers_killed, 0.0 pedestrian_injured, 0.0 pedestrian_killed, Fair (Day), EDSA Orense St. (NB) Makati",MMDA Road Safety Unit,,cd78ee7a-1834-4bcb-9157-77729259c266,2014-05-13,01:50:00,EDSA fronting Pet Plan Bldg. Makati,0,0,0,0,0,0,0,0,0,0,2014-05-13 9:50,Property,14.56156378,121.0428336,Side Swipe
None,EDSA,None,None,"No Accident Factor, Side Swipe, 0.0 drivers_injured, 0.0 drivers_killed, 0.0 passengers_injured, 0.0 passengers_killed, 0.0 pedestrian_injured, 0.0 pedestrian_killed, Fair (Day), EDSA Estrella St. Makati",MMDA Road Safety Unit,,3d6a1cd7-38a2-417f-8c7b-50244a9bfc7c,2014-05-13,00:40:00,EDSA Magallanes (SB) Brgy.San Lorenzo Makati,0,0,0,0,0,0,0,0,0,0,2014-05-13 8:40,Property,14.56004326,121.0411034,Side Swipe
None,EDSA,None,None,"No Accident Factor, Rear-end, 0.0 drivers_injured, 0.0 drivers_killed, 0.0 passengers_injured, 0.0 passengers_killed, 0.0 pedestrian_injured, 0.0 pedestrian_killed, Fair (Day), EDSA Ayala Ave. Makati",MMDA Road Safety Unit,,c3a86ebb-24c2-4eee-9774-09ee12a3b94e,2014-05-13,00:15:00,EDSA Buendia Loading Bay Brgy.Urdaneta Makati,0,0,0,0,0,0,0,0,0,0,2014-05-13 8:15,Property,14.5503157,121.0293627,Rear-End
None,EDSA,None,None,"No Accident Factor, No Collision Stated (based on Police Blotter Book), 0.0 drivers_injured, 0.0 drivers_killed, 0.0 passengers_injured, 0.0 passengers_killed, 0.0 pedestrian_injured, 0.0 pedestrian_killed, Fair (Night), EDSA Estrella St. (NB) after Loading Bay Makati",MMDA Road Safety Unit,,30094bde-958c-42e0-82ff-aa25fbda7d18,2014-05-12,18:10:00,EDSA before San Carlos Seminary Brgy. Guadalupe Viejo  Makati,0,0,0,0,0,0,0,0,0,0,2014-05-13 2:10,Property,14.5604924,121.0416297,No Collision Stated
None,EDSA,None,None,"No Accident Factor, Side Swipe, 0.0 drivers_injured, 0.0 drivers_killed, 0.0 passengers_injured, 0.0 passengers_killed, 0.0 pedestrian_injured, 0.0 pedestrian_killed, Fair (Day), EDSA Magallanes Interchange (SB) Makati",MMDA Road Safety Unit,,505efc16-847a-4aab-858c-f96014edc5f6,2014-05-12,02:30:00,"EDSA Magallanes Ave., Bgy.Magallanes Makati",0,0,0,0,0,0,0,0,0,0,2014-05-12 10:30,Property,14.54679556,121.0248047,Side Swipe
None,EDSA,None,None,"No Accident Factor, Rear-end, 0.0 drivers_injured, 0.0 drivers_killed, 0.0 passengers_injured, 0.0 passengers_killed, 0.0 pedestrian_injured, 0.0 pedestrian_killed, Fair (Day), EDSA Pasay Road Barangay San Lorenzo Village Makati",MMDA Road Safety Unit,,71734695-3eba-4cad-9d9f-d9e5d170db0b,2014-05-11,06:30:00,"EDSA before Evangelista St., Bgy.Bangkal Makati",0,0,0,0,0,0,0,0,0,0,2014-05-11 14:30,Property,14.54751758,121.026218,Rear-End
None,EDSA,None,None,"No Accident Factor, No Collision Stated (based on Police Blotter Book), 0.0 drivers_injured, 0.0 drivers_killed, 4.0 passengers_injured, 0.0 passengers_killed, 0.0 pedestrian_injured, 0.0 pedestrian_killed, Fair (Night), EDSA Ayala Ave., (SB) Makati",MMDA Road Safety Unit,,8c949c17-82ea-497e-9bf3-8d1b4183fd65,2014-05-08,16:05:00,EDSA Mc Kinley Bgy.Dasma Makati,0,0,0,0,4,0,0,0,0,4,2014-05-09 0:05,Injury,14.55036403,121.0293952,No Collision Stated
None,EDSA,None,None,"No Accident Factor, Side Swipe, 0.0 drivers_injured, 0.0 drivers_killed, 0.0 passengers_injured, 0.0 passengers_killed, 0.0 pedestrian_injured, 0.0 pedestrian_killed, Fair (Day), EDSA Estrella Street Barangay Guadalupe Viejo Makati",MMDA Road Safety Unit,,b877a09f-ab3c-4e65-b222-4f98dfa54c26,2014-05-08,01:00:00,"EDSA Pasay Road, Bgy.San Lorenzo Makati",0,0,0,0,0,0,0,0,0,0,2014-05-08 9:00,Property,14.56004326,121.0411034,Side Swipe
None,EDSA,None,None,"No Accident Factor, Rear-end, 0.0 drivers_injured, 0.0 drivers_killed, 0.0 passengers_injured, 0.0 passengers_killed, 0.0 pedestrian_injured, 0.0 pedestrian_killed, Fair (Day), EDSA Sen.Gil Puyat Ave., Bgy.Urdaneta Makati",MMDA Road Safety Unit,,2192164a-16d4-4ba6-9f8c-1989861cbc50,2014-05-06,00:20:00,EDSA fronting Layola (SB) Brgy. Guadalupe Viejo Makati,0,0,0,0,0,0,0,0,0,0,2014-05-06 8:20,Property,14.55483765,121.0348537,Rear-End
None,EDSA,None,None,"No Accident Factor, Side Swipe, 0.0 drivers_injured, 0.0 drivers_killed, 0.0 passengers_injured, 0.0 passengers_killed, 0.0 pedestrian_injured, 0.0 pedestrian_killed, Fair (Day), EDSA Aorense Street (NB) Makati",MMDA Road Safety Unit,,5385f361-0189-4adc-b470-803e01929522,2014-05-05,02:30:00,EDSA Evangelista (SB) Brgy. Bangkal Makati,0,0,0,0,0,0,0,0,0,0,2014-05-05 10:30,Property,14.56162493,121.0429043,Side Swipe
None,EDSA,None,None,"No Accident Factor, Side Swipe, 0.0 drivers_injured, 0.0 drivers_killed, 0.0 passengers_injured, 0.0 passengers_killed, 0.0 pedestrian_injured, 0.0 pedestrian_killed, Fair (Day), EDSA Ayala Ave. (SB)-MRT Ayala station Makati",MMDA Road Safety Unit,,5714f164-291b-40e8-b1ad-213d0c25ca97,2014-05-05,01:55:00,EDSA Magallanes Loading Bay Makati,0,0,0,0,0,0,0,0,0,0,2014-05-05 9:55,Property,14.5503157,121.0293627,Side Swipe
None,EDSA,None,None,"No Accident Factor, Rear-end, 0.0 drivers_injured, 0.0 drivers_killed, 0.0 passengers_injured, 0.0 passengers_killed, 0.0 pedestrian_injured, 0.0 pedestrian_killed, Fair (Day), EDSA Orense St. (SB) before Estrella St. Makati",MMDA Road Safety Unit,,ec59d3e5-5bf1-47b7-bf7e-2f3a568949be,2014-05-05,00:50:00,"EDSA Ayala Ave., Urdaneta Makati",0,0,0,0,0,0,0,0,0,0,2014-05-05 8:50,Property,14.56156378,121.0428336,Rear-End
None,EDSA,None,None,"No Accident Factor, Side Swipe, 0.0 drivers_injured, 0.0 drivers_killed, 0.0 passengers_injured, 0.0 passengers_killed, 0.0 pedestrian_injured, 0.0 pedestrian_killed, Fair (Night), EDSA before Evangelista St., Bgy.Bangkal Makati",MMDA Road Safety Unit,,250b9be5-0b34-413f-b8a7-cb12dfa98a0f,2014-05-02,10:45:00,EDSA Front of San Carlos Seminary  Makati,0,0,0,0,0,0,0,0,0,0,2014-05-02 18:45,Property,14.53919847,121.0125038,Side Swipe
None,EDSA,None,None,"No Accident Factor, Side Swipe, 0.0 drivers_injured, 0.0 drivers_killed, 0.0 passengers_injured, 0.0 passengers_killed, 0.0 pedestrian_injured, 0.0 pedestrian_killed, Fair (Night), EDSA before Ayala Ave., Bgy.Urdaneta Makati",MMDA Road Safety Unit,,3bc14de2-68cb-4583-a1e2-ecf2e6ba678d,2014-05-02,10:30:00,EDSA Front of ABC MALL Makati,0,0,0,0,0,0,0,0,0,0,2014-05-02 18:30,Property,14.55048281,121.029498,Side Swipe
None,EDSA,None,None,"No Accident Factor, Rear-end, 0.0 drivers_injured, 0.0 drivers_killed, 0.0 passengers_injured, 0.0 passengers_killed, 0.0 pedestrian_injured, 0.0 pedestrian_killed, Fair (Day), EDSA before Kumako St., fronting Caltex Gas station, Bgy.Bangkal Makati",MMDA Road Safety Unit,,2568a2c8-e6bf-4ef3-9419-8ec8be7057de,2014-05-01,01:15:00,"EDSA before Bernardino St., Bgy.Guadalupe Viejo Makati",0,0,0,0,0,0,0,0,0,0,2014-05-01 9:15,Property,14.53972879,121.0145834,Rear-End
None,EDSA,None,None,"No Accident Factor, No Collision Stated (based on Police Blotter Book), 0.0 drivers_injured, 0.0 drivers_killed, 0.0 passengers_injured, 0.0 passengers_killed, 0.0 pedestrian_injured, 0.0 pedestrian_killed, Fair (Day), EDSA before Kalayaan Ave., Bgy.Pinagkaisahan Makati",MMDA Road Safety Unit,,0021ad1e-5f3e-4885-a62b-2256a5fcd1f5,2014-04-29,06:55:00,EDSA beneath Buenida Avenue - Metro Rail Transit  Station Makati,0,0,0,0,0,0,0,0,0,0,2014-04-29 14:55,Property,14.55800586,121.0384294,No Collision Stated
None,EDSA,None,None,"No Accident Factor, Rear-end, 0.0 drivers_injured, 0.0 drivers_killed, 0.0 passengers_injured, 0.0 passengers_killed, 0.0 pedestrian_injured, 0.0 pedestrian_killed, Fair (Day), EDSA before Guingua St., Bgy.Pinagkaisahan Makati",MMDA Road Safety Unit,,e8af6679-e926-4377-8f39-e5629781d405,2014-04-28,01:10:00,EDSA beneath Buenida Avenue - Metro Rail Transit  Station Makati,0,0,0,0,0,0,0,0,0,0,2014-04-28 9:10,Property,14.55651717,121.0369199,Rear-End
None,EDSA,None,None,"No Accident Factor, No Collision Stated (based on Police Blotter Book), 1.0 drivers_injured, 0.0 drivers_killed, 0.0 passengers_injured, 0.0 passengers_killed, 0.0 pedestrian_injured, 0.0 pedestrian_killed, Fair (Day), EDSA Ayala Ave., Bgy.San Lorenzo Makati",MMDA Road Safety Unit,,557e4adb-574d-4191-8fb6-295f39a2d42b,2014-04-26,23:45:00,EDSA Magallanes Avenue Makati,0,0,0,1,0,0,0,0,0,1,2014-04-27 7:45,Injury,14.55036403,121.0293952,No Collision Stated
None,EDSA,None,None,"No Accident Factor, Side Swipe, 0.0 drivers_injured, 0.0 drivers_killed, 0.0 passengers_injured, 0.0 passengers_killed, 0.0 pedestrian_injured, 0.0 pedestrian_killed, Fair (Day), EDSA Estrella Street Escuela Street (NB)  Makati",MMDA Road Safety Unit,,d1eef358-ee66-4192-97c9-5b14c6bf5164,2014-04-26,05:05:00,EDSA Magallanes Intechange  Makati,0,0,0,0,0,0,0,0,0,0,2014-04-26 13:05,Property,14.56004326,121.0411034,Side Swipe
None,EDSA,None,None,"No Accident Factor, Side Swipe, 0.0 drivers_injured, 0.0 drivers_killed, 0.0 passengers_injured, 0.0 passengers_killed, 0.0 pedestrian_injured, 0.0 pedestrian_killed, Fair (Day), EDSA Ayala Avenue (NB)  Makati",MMDA Road Safety Unit,,604f250b-8744-4ae0-a457-5b052b08bc1d,2014-04-26,03:05:00,EDSA Buendia Avenue - MRT Station Barangay Forbes Park Makati,0,0,0,0,0,0,0,0,0,0,2014-04-26 11:05,Property,14.55036403,121.0293952,Side Swipe
None,EDSA,None,None,"No Accident Factor, Side Swipe, 0.0 drivers_injured, 0.0 drivers_killed, 0.0 passengers_injured, 0.0 passengers_killed, 0.0 pedestrian_injured, 0.0 pedestrian_killed, Fair (Night), EDSA after Loading bay Bgy.Urdaneta Makati",MMDA Road Safety Unit,,eaaa8ffb-d02f-4052-8fb5-03ba15e3d5fb,2014-04-25,12:15:00,EDSA Ayala Avenue Makati City Makati,0,0,0,0,0,0,0,0,0,0,2014-04-25 20:15,Property,14.55390708,121.0334759,Side Swipe
None,EDSA,None,None,"No Accident Factor, Side Swipe, 0.0 drivers_injured, 0.0 drivers_killed, 0.0 passengers_injured, 0.0 passengers_killed, 0.0 pedestrian_injured, 0.0 pedestrian_killed, Fair (Night), EDSA Estrella St., Bgy.Guadalupe Viejo Makati",MMDA Road Safety Unit,,08dac44d-b65f-4fdb-b51a-2c65f18de7b9,2014-04-25,11:45:00,EDSA Ayala Bgy. San Lorenzo Makati,0,0,0,0,0,0,0,0,0,0,2014-04-25 19:45,Property,14.56004326,121.0411034,Side Swipe
None,EDSA,None,None,"No Accident Factor, Side Swipe, 0.0 drivers_injured, 0.0 drivers_killed, 0.0 passengers_injured, 0.0 passengers_killed, 0.0 pedestrian_injured, 0.0 pedestrian_killed, Fair (Night), EDSA Ayala Avenue (NB) Shell Gas Station  Makati",MMDA Road Safety Unit,,8c5623b3-f870-4673-b893-15982d339dff,2014-04-24,21:45:00,EDSA Magallanes Service Road Makati,0,0,0,0,0,0,0,0,0,0,2014-04-25 5:45,Property,14.55036403,121.0293952,Side Swipe
None,EDSA,None,None,"No Accident Factor, Side Swipe, 0.0 drivers_injured, 0.0 drivers_killed, 0.0 passengers_injured, 0.0 passengers_killed, 0.0 pedestrian_injured, 0.0 pedestrian_killed, Fair (Day), EDSA Ayala Avenue  Makati",MMDA Road Safety Unit,,db2c1a59-fa82-429e-a1c6-8405b4d6bc66,2014-04-24,09:45:00,EDSA Ayala Avenue Makati City Makati,0,0,0,0,0,0,0,0,0,0,2014-04-24 17:45,Property,14.55036403,121.0293952,Side Swipe
None,EDSA,None,None,"No Accident Factor, Side Swipe, 0.0 drivers_injured, 0.0 drivers_killed, 0.0 passengers_injured, 0.0 passengers_killed, 0.0 pedestrian_injured, 0.0 pedestrian_killed, Fair (Day), EDSA Ayala Avenue (NB) Ayala MRT Station  Makati",MMDA Road Safety Unit,,bb0f4a56-b3e4-414d-99f9-ce4276945e60,2014-04-23,22:50:00,EDSA Magallanes fronting BPI Bgy.Magallanes Makati,0,0,0,0,0,0,0,0,0,0,2014-04-24 6:50,Property,14.55036403,121.0293952,Side Swipe
None,EDSA,None,None,"No Accident Factor, Angle Impact, 0.0 drivers_injured, 0.0 drivers_killed, 0.0 passengers_injured, 0.0 passengers_killed, 0.0 pedestrian_injured, 0.0 pedestrian_killed, Fair (Day), EDSA Arnaiz Brgy.Bangkal Makati",MMDA Road Safety Unit,,5df88bd9-f16a-4174-97a0-84ecd7f76f16,2014-04-23,02:30:00,"EDSA before Rodriguez St., Bgy.Bangkal Makati",0,0,0,0,0,0,0,0,0,0,2014-04-23 10:30,Property,14.54762846,121.0260804,Angle Impact
None,EDSA,None,None,"No Accident Factor, Rear-end, 0.0 drivers_injured, 0.0 drivers_killed, 0.0 passengers_injured, 0.0 passengers_killed, 0.0 pedestrian_injured, 0.0 pedestrian_killed, Fair (Day), EDSA Estrella Street (SB) Estrella Overpass Makati",MMDA Road Safety Unit,,b18587a2-56c5-424d-ba54-d849cd2e88e9,2014-04-23,01:30:00,EDSA Magallanes Bus Stop Bgy.San Lorenzo Makati,0,0,0,0,0,0,0,0,0,0,2014-04-23 9:30,Property,14.56004326,121.0411034,Rear-End
None,EDSA,None,None,"No Accident Factor, No Collision Stated (based on Police Blotter Book), 0.0 drivers_injured, 0.0 drivers_killed, 0.0 passengers_injured, 0.0 passengers_killed, 0.0 pedestrian_injured, 0.0 pedestrian_killed, Fair (Night), EDSA Magallanes (NB) Makati",MMDA Road Safety Unit,,c7c6bca1-a013-448a-a7f6-17d9ee5b8b90,2014-04-18,13:00:00,"EDSA before Estrella St., Bgy. Bel-air Makati",0,0,0,0,0,0,0,0,0,0,2014-04-18 21:00,Property,14.53955946,121.0143517,No Collision Stated
None,EDSA,None,None,"No Accident Factor, No Collision Stated (based on Police Blotter Book), 0.0 drivers_injured, 0.0 drivers_killed, 0.0 passengers_injured, 0.0 passengers_killed, 0.0 pedestrian_injured, 0.0 pedestrian_killed, Fair (Day), EDSA Ayala MRT underneath Brgy.Dasma Village Makati",MMDA Road Safety Unit,,c4688af7-246c-4fab-9989-2afd34e41255,2014-04-17,02:30:00,EDSA Ayala Avenue Makati City Makati,0,0,0,0,0,0,0,0,0,0,2014-04-17 10:30,Property,14.54913499,121.0280408,No Collision Stated
None,EDSA,None,None,"No Accident Factor, Side Swipe, 0.0 drivers_injured, 0.0 drivers_killed, 0.0 passengers_injured, 0.0 passengers_killed, 0.0 pedestrian_injured, 0.0 pedestrian_killed, Fair (Day), EDSA fronting Metro Bank Brgy.Bangkal Makati",MMDA Road Safety Unit,,02c79267-d0aa-4afc-be5a-4f3c0f32ba7f,2014-04-16,09:50:00,EDSA Buendia-Ayala Makati,0,0,0,0,0,0,0,0,0,0,2014-04-16 17:50,Property,14.53944577,121.0133513,Side Swipe
None,EDSA,None,None,"No Accident Factor, Hit Object (Rolling Tire Wheel), 0.0 drivers_injured, 0.0 drivers_killed, 0.0 passengers_injured, 0.0 passengers_killed, 0.0 pedestrian_injured, 0.0 pedestrian_killed, Fair (Night), EDSA fronting Pet Plan Bldg. Makati",MMDA Road Safety Unit,,89991436-a7a1-426f-bfa4-62750dc85da0,2014-04-15,11:00:00,EDSA Estrella Street Makati City Makati,0,0,0,0,0,0,0,0,0,0,2014-04-15 19:00,Property,14.56188464,121.0428681,Hit Object
None,EDSA,None,None,"No Accident Factor, Self-Accident, 0.0 drivers_injured, 0.0 drivers_killed, 0.0 passengers_injured, 0.0 passengers_killed, 0.0 pedestrian_injured, 0.0 pedestrian_killed, Fair (Night), EDSA Magallanes (SB) Brgy.San Lorenzo Makati",MMDA Road Safety Unit,,2ced8b1d-a692-4998-98cb-7fb67e53457e,2014-04-14,16:00:00,EDSA Ayala Avenue Makati,0,0,0,0,0,0,0,0,0,0,2014-04-15,Property,14.53955946,121.0143517,Self-Accident
None,EDSA,None,None,"No Accident Factor, Rear-end, 1.0 drivers_injured, 0.0 drivers_killed, 1.0 passengers_injured, 0.0 passengers_killed, 0.0 pedestrian_injured, 0.0 pedestrian_killed, Fair (Day), EDSA Buendia Loading Bay Brgy.Urdaneta Makati",MMDA Road Safety Unit,,f50392aa-1a43-41c3-a145-2ecb8d205dd1,2014-04-12,00:20:00,EDSA Ayala Loading Bay (NB) Makati,0,0,0,1,1,0,0,0,0,2,2014-04-12 8:20,Injury,14.55422655,121.0337442,Rear-End
None,EDSA,None,None,"No Accident Factor, Rear-end, 0.0 drivers_injured, 0.0 drivers_killed, 0.0 passengers_injured, 0.0 passengers_killed, 0.0 pedestrian_injured, 0.0 pedestrian_killed, Fair (Night), EDSA before San Carlos Seminary Brgy. Guadalupe Viejo  Makati",MMDA Road Safety Unit,,88dc0aa4-5f93-4160-bb75-da5d2e90c9ca,2014-04-07,20:25:00,EDSA Buendia Avenue (NB) Makati,0,0,0,0,0,0,0,0,0,0,2014-04-08 4:25,Property,14.5634447,121.0441031,Rear-End
None,EDSA,None,None,"No Accident Factor, Side Swipe, 0.0 drivers_injured, 0.0 drivers_killed, 0.0 passengers_injured, 0.0 passengers_killed, 0.0 pedestrian_injured, 0.0 pedestrian_killed, Fair (Day), EDSA Magallanes Ave., Bgy.Magallanes Makati",MMDA Road Safety Unit,,5eb13877-b234-4aa3-83de-cade3ed53a34,2014-04-03,04:30:00,"EDSA fronting ISS Bldg., Bgy.Magallanes Makati",0,0,0,0,0,0,0,0,0,0,2014-04-03 12:30,Property,14.53924572,121.0142961,Side Swipe