LOCATION_TEXT,ROAD,WEATHER,LIGHT,DESC,REPORTING_AGENCY,MAIN_CAUSE,INCIDENTDETAILS_ID,DATE_UTC,TIME_UTC,ADDRESS,killed_driver,killed_passenger,killed_pedestrian,injured_driver,injured_passenger,injured_pedestrian,killed_uncategorized,injured_uncategorized,killed_total,injured_total,DATETIME_PST,SEVERITY,Y,X,COLLISION_TYPE
None,EDSA,None,None,"No Accident Factor, Side Swipe, 0.0 drivers_injured, 0.0 drivers_killed, 0.0 passengers_injured, 0.0 passengers_killed, 0.0 pedestrian_injured, 0.0 pedestrian_killed, Fair (Night), EDSA before Evangelista St., Bgy.Bangkal Makati",MMDA Road Safety Unit,,a7698700-3e01-4a84-8957-7f8eecfba50a,2014-04-02,12:45:00,EDSA Evangelista Street  Makati,0,0,0,0,0,0,0,0,0,0,2014-04-02 20:45,Property,14.53919847,121.0125038,Side Swipe
None,EDSA,None,None,"No Accident Factor, Angle Impact, 0.0 drivers_injured, 0.0 drivers_killed, 0.0 passengers_injured, 0.0 passengers_killed, 0.0 pedestrian_injured, 0.0 pedestrian_killed, Fair (Night), EDSA Mc Kinley Bgy.Dasma Makati",MMDA Road Safety Unit,,7554d983-5769-41f4-b994-c9fa7776d52c,2014-03-29,10:45:00,EDSA Buendia Shell Gas Station Makati,0,0,0,0,0,0,0,0,0,0,2014-03-29 18:45,Property,14.5501403,121.0294629,Angle Impact
None,EDSA,None,None,"No Accident Factor, Rear-end, 0.0 drivers_injured, 0.0 drivers_killed, 0.0 passengers_injured, 0.0 passengers_killed, 0.0 pedestrian_injured, 0.0 pedestrian_killed, Fair (Night), EDSA Pasay Road, Bgy.San Lorenzo Makati",MMDA Road Safety Unit,,c54894a6-f3d7-4a5c-99b4-011e726fbb69,2014-03-28,17:10:00,"EDSA Ayala Ave., Bgy.Urdaneta Makati",0,0,0,0,0,0,0,0,0,0,2014-03-29 1:10,Property,14.54758327,121.025974,Rear-End
None,EDSA,None,None,"No Accident Factor, No Collision Stated (based on Police Blotter Book), 0.0 drivers_injured, 0.0 drivers_killed, 0.0 passengers_injured, 0.0 passengers_killed, 0.0 pedestrian_injured, 0.0 pedestrian_killed, Fair (Night), EDSA fronting Layola (SB) Brgy. Guadalupe Viejo Makati",MMDA Road Safety Unit,,37072a20-ab98-4499-a784-62d524f9c9f0,2014-03-27,16:25:00,EDSA Ayala Avenue Intersection  Makati,0,0,0,0,0,0,0,0,0,0,2014-03-28 0:25,Property,14.56541315,121.0449836,No Collision Stated
None,EDSA,None,None,"No Accident Factor, Rear-end, 0.0 drivers_injured, 0.0 drivers_killed, 0.0 passengers_injured, 0.0 passengers_killed, 0.0 pedestrian_injured, 0.0 pedestrian_killed, Fair (Day), EDSA Evangelista (SB) Brgy. Bangkal Makati",MMDA Road Safety Unit,,adfe9f77-239e-4dbe-aaa3-0649b39673c4,2014-03-26,04:45:00,EDSA Magallanes Ave. Makati,0,0,0,0,0,0,0,0,0,0,2014-03-26 12:45,Property,14.53906878,121.012324,Rear-End
None,EDSA,None,None,"No Accident Factor, Side Swipe, 0.0 drivers_injured, 0.0 drivers_killed, 0.0 passengers_injured, 0.0 passengers_killed, 0.0 pedestrian_injured, 0.0 pedestrian_killed, Fair (Night), EDSA Magallanes Loading Bay Makati",MMDA Road Safety Unit,,b8c3afd1-eb99-4402-85f2-cb86091aefd1,2014-03-22,16:15:00,EDSA  Magallanes SB  Makati,0,0,0,0,0,0,0,0,0,0,2014-03-23 0:15,Property,14.54402536,121.021754,Side Swipe
None,EDSA,None,None,"No Accident Factor, No Collision Stated (based on Police Blotter Book), 1.0 drivers_injured, 0.0 drivers_killed, 0.0 passengers_injured, 0.0 passengers_killed, 0.0 pedestrian_injured, 0.0 pedestrian_killed, Fair (Day), EDSA Ayala Ave., Urdaneta Makati",MMDA Road Safety Unit,,7117491e-7577-411d-89b2-6a3f23eca98a,2014-03-14,04:10:00,EDSA  Corner Palm Drive  Makati,0,0,0,1,0,0,0,0,0,1,2014-03-14 12:10,Injury,14.55036403,121.0293952,No Collision Stated
None,EDSA,None,None,"No Accident Factor, Rear-end, 0.0 drivers_injured, 0.0 drivers_killed, 0.0 passengers_injured, 0.0 passengers_killed, 0.0 pedestrian_injured, 0.0 pedestrian_killed, Fair (Day), EDSA Front of San Carlos Seminary  Makati",MMDA Road Safety Unit,,572d875e-e329-4032-a646-4c04e295958d,2014-03-12,00:00:00,EDSA    Buendia SB    Makati,0,0,0,0,0,0,0,0,0,0,2014-03-12 8:00,Property,14.56314246,121.043856,Rear-End
None,EDSA,None,None,"No Accident Factor, Rear-end, 0.0 drivers_injured, 0.0 drivers_killed, 0.0 passengers_injured, 0.0 passengers_killed, 0.0 pedestrian_injured, 0.0 pedestrian_killed, Fair (Day), EDSA Front of ABC MALL Makati",MMDA Road Safety Unit,,3509e81d-006d-4d45-87c9-8b4b07d6baf4,2014-03-10,07:15:00,EDSA    Magallanes SB  Makati,0,0,0,0,0,0,0,0,0,0,2014-03-10 15:15,Property,14.56611932,121.0453925,Rear-End
None,EDSA,None,None,"No Accident Factor, Rear-end, 0.0 drivers_injured, 0.0 drivers_killed, 0.0 passengers_injured, 0.0 passengers_killed, 0.0 pedestrian_injured, 0.0 pedestrian_killed, Fair (Night), EDSA before Bernardino St., Bgy.Guadalupe Viejo Makati",MMDA Road Safety Unit,,690063ab-e62a-40cf-83f2-ebda65e75b88,2014-03-09,17:40:00,EDSA  Magallanes (NB) Makati,0,0,0,0,0,0,0,0,0,0,2014-03-10 1:40,Property,14.56596176,121.0450879,Rear-End
None,EDSA,None,None,"No Accident Factor, Side Swipe, 0.0 drivers_injured, 0.0 drivers_killed, 0.0 passengers_injured, 0.0 passengers_killed, 0.0 pedestrian_injured, 0.0 pedestrian_killed, Fair (Day), EDSA beneath Buenida Avenue - Metro Rail Transit  Station Makati",MMDA Road Safety Unit,,d5fecaa4-1e29-40d8-81c6-9ea29457bb05,2014-03-07,06:55:00,EDSA  Mc Kinley Road Bgy. Forbes Park Makati,0,0,0,0,0,0,0,0,0,0,2014-03-07 14:55,Property,14.5541158,121.0340357,Side Swipe
None,EDSA,None,None,"No Accident Factor, Rear-end, 0.0 drivers_injured, 0.0 drivers_killed, 0.0 passengers_injured, 0.0 passengers_killed, 0.0 pedestrian_injured, 0.0 pedestrian_killed, Fair (Day), EDSA beneath Buenida Avenue - Metro Rail Transit  Station Makati",MMDA Road Safety Unit,,208aac9a-0eb0-4bea-a96c-acc26c6b230d,2014-03-06,09:30:00,EDSA Ayala Ave. Bgy. San Lorenzo  Makati,0,0,0,0,0,0,0,0,0,0,2014-03-06 17:30,Property,14.5541158,121.0340357,Rear-End
None,EDSA,None,None,"No Accident Factor, Angle Impact, 0.0 drivers_injured, 0.0 drivers_killed, 0.0 passengers_injured, 0.0 passengers_killed, 0.0 pedestrian_injured, 0.0 pedestrian_killed, Fair (Day), EDSA Magallanes Avenue Makati",MMDA Road Safety Unit,,ae02e5bb-ffab-4f5b-97f3-88f3d113b119,2014-03-05,00:45:00,EDSA Pasay Road Makati,0,0,0,0,0,0,0,0,0,0,2014-03-05 8:45,Property,14.53924572,121.0142961,Angle Impact
None,EDSA,None,None,"No Accident Factor, Rear-end, 0.0 drivers_injured, 0.0 drivers_killed, 0.0 passengers_injured, 0.0 passengers_killed, 0.0 pedestrian_injured, 0.0 pedestrian_killed, Fair (Day), EDSA Magallanes Intechange  Makati",MMDA Road Safety Unit,,de4f3c40-d6fb-4d86-bee3-80449fa3d0a3,2014-03-02,09:30:00,EDSA Evangelista St. Makati,0,0,0,0,0,0,0,0,0,0,2014-03-02 17:30,Property,14.54679556,121.0248047,Rear-End
None,EDSA,None,None,"No Accident Factor, Rear-end, 0.0 drivers_injured, 0.0 drivers_killed, 0.0 passengers_injured, 0.0 passengers_killed, 0.0 pedestrian_injured, 0.0 pedestrian_killed, Fair (Night), EDSA Buendia Avenue - MRT Station Barangay Forbes Park Makati",MMDA Road Safety Unit,,8eb14f67-6d96-4e3e-b4d7-7559d4b5db94,2014-03-01,14:45:00,EDSA Buendia Ave. (SB) Makati,0,0,0,0,0,0,0,0,0,0,2014-03-01 22:45,Property,14.55405807,121.0339006,Rear-End
None,EDSA,None,None,"No Accident Factor, Rear-end, 0.0 drivers_injured, 0.0 drivers_killed, 0.0 passengers_injured, 0.0 passengers_killed, 0.0 pedestrian_injured, 0.0 pedestrian_killed, Fair (Day), EDSA Ayala Avenue Makati City Makati",MMDA Road Safety Unit,,5835fa9f-03c9-4d35-8add-b44a24f3567d,2014-02-26,01:00:00,EDSA Buendia (SB) Makati,0,0,0,0,0,0,0,0,0,0,2014-02-26 9:00,Property,14.55036403,121.0293952,Rear-End
None,EDSA,None,None,"No Accident Factor, Side Swipe, 0.0 drivers_injured, 0.0 drivers_killed, 0.0 passengers_injured, 0.0 passengers_killed, 0.0 pedestrian_injured, 0.0 pedestrian_killed, Fair (Day), EDSA Ayala Bgy. San Lorenzo Makati",MMDA Road Safety Unit,,a7d6be2a-549b-4d9e-b97d-6cc157191358,2014-02-25,09:30:00,EDSA Ayala Ave.  Makati,0,0,0,0,0,0,0,0,0,0,2014-02-25 17:30,Property,14.55036403,121.0293952,Side Swipe
None,EDSA,None,None,"No Accident Factor, Side Swipe, 0.0 drivers_injured, 0.0 drivers_killed, 0.0 passengers_injured, 0.0 passengers_killed, 0.0 pedestrian_injured, 0.0 pedestrian_killed, Fair (Night), EDSA Magallanes Service Road Makati",MMDA Road Safety Unit,,0e74e44c-afac-4e16-a847-50183ee37895,2014-02-24,21:20:00,"EDSA Evangelista St., Bgy.Bangkal Makati",0,0,0,0,0,0,0,0,0,0,2014-02-25 5:20,Property,14.54037338,121.01729,Side Swipe
None,EDSA,None,None,"No Accident Factor, Angle Impact, 0.0 drivers_injured, 0.0 drivers_killed, 0.0 passengers_injured, 0.0 passengers_killed, 0.0 pedestrian_injured, 0.0 pedestrian_killed, Fair (Day), EDSA Ayala Avenue Makati City Makati",MMDA Road Safety Unit,,9372fd2a-42e1-4bc6-8b11-2e276b19d5ff,2014-02-20,08:05:00,EDSA  Ayala     Makati,0,0,0,0,0,0,0,0,0,0,2014-02-20 16:05,Property,14.55036403,121.0293952,Angle Impact
None,EDSA,None,None,"No Accident Factor, Rear-end, 0.0 drivers_injured, 0.0 drivers_killed, 0.0 passengers_injured, 0.0 passengers_killed, 0.0 pedestrian_injured, 0.0 pedestrian_killed, Fair (Day), EDSA Magallanes fronting BPI Bgy.Magallanes Makati",MMDA Road Safety Unit,,4e945c64-34ce-4d80-b9bd-f7660957e3a7,2014-02-16,01:45:00,EDSA Buendia Ave. Makati,0,0,0,0,0,0,0,0,0,0,2014-02-16 9:45,Property,14.54043461,121.0174613,Rear-End
None,EDSA,None,None,"No Accident Factor, Rear-end, 0.0 drivers_injured, 0.0 drivers_killed, 0.0 passengers_injured, 0.0 passengers_killed, 0.0 pedestrian_injured, 0.0 pedestrian_killed, Fair (Day), EDSA before Rodriguez St., Bgy.Bangkal Makati",MMDA Road Safety Unit,,af0ca77f-1198-4cf0-838a-ca80f4ffad24,2014-02-15,04:35:00,EDSA Ayala Ave. (NB) Makati,0,0,0,0,0,0,0,0,0,0,2014-02-15 12:35,Property,14.54003657,121.0154925,Rear-End
None,EDSA,None,None,"No Accident Factor, Hit Object (Center Island), 0.0 drivers_injured, 0.0 drivers_killed, 0.0 passengers_injured, 0.0 passengers_killed, 0.0 pedestrian_injured, 0.0 pedestrian_killed, Fair (Night), EDSA Magallanes Bus Stop Bgy.San Lorenzo Makati",MMDA Road Safety Unit,,2c340992-4880-413e-846b-8abf03c09dbf,2014-02-14,17:00:00,EDSA Lapu-lapu St. Makati,0,0,0,0,0,0,0,0,0,0,2014-02-15 1:00,Property,14.54043461,121.0174613,Hit Object
None,EDSA,None,None,"No Accident Factor, Side Swipe, 0.0 drivers_injured, 0.0 drivers_killed, 0.0 passengers_injured, 0.0 passengers_killed, 0.0 pedestrian_injured, 0.0 pedestrian_killed, Fair (Night), EDSA before Estrella St., Bgy. Bel-air Makati",MMDA Road Safety Unit,,85c73300-6d72-4bbd-b1b9-a384a8dfa9ea,2014-02-14,12:00:00,"EDSA Evangelista St., Bgy.Bangkal Makati",0,0,0,0,0,0,0,0,0,0,2014-02-14 20:00,Property,14.56050923,121.0412638,Side Swipe
None,EDSA,None,None,"No Accident Factor, Side Swipe, 0.0 drivers_injured, 0.0 drivers_killed, 0.0 passengers_injured, 0.0 passengers_killed, 0.0 pedestrian_injured, 0.0 pedestrian_killed, Fair (Night), EDSA Ayala Avenue Makati City Makati",MMDA Road Safety Unit,,446f5cff-4717-498f-8d7c-bd45990080e3,2014-02-13,10:15:00,EDSA Sen. Gil Puyat Ave. Brgy. Bel - Air Makati,0,0,0,0,0,0,0,0,0,0,2014-02-13 18:15,Property,14.55036403,121.0293952,Side Swipe
None,EDSA,None,None,"No Accident Factor, Rear-end, 0.0 drivers_injured, 0.0 drivers_killed, 0.0 passengers_injured, 0.0 passengers_killed, 0.0 pedestrian_injured, 0.0 pedestrian_killed, Fair (Night), EDSA Buendia-Ayala Makati",MMDA Road Safety Unit,,f48b8490-d0bd-438f-a229-e01109cb58b2,2014-02-12,17:05:00,EDSA Estrella (SB) Makati,0,0,0,0,0,0,0,0,0,0,2014-02-13 1:05,Property,14.5549709,121.0347642,Rear-End
None,EDSA,None,None,"No Accident Factor, Rear-end, 0.0 drivers_injured, 0.0 drivers_killed, 0.0 passengers_injured, 0.0 passengers_killed, 0.0 pedestrian_injured, 0.0 pedestrian_killed, Fair (Day), EDSA Estrella Street Makati City Makati",MMDA Road Safety Unit,,7b732454-9726-4e60-99e3-7cae1afd9864,2014-02-03,23:30:00,EDSA before Magallanes MRT Station Makati,0,0,0,0,0,0,0,0,0,0,2014-02-04 7:30,Property,14.56004326,121.0411034,Rear-End
None,EDSA,None,None,"No Accident Factor, No Collision Stated (based on Police Blotter Book), 0.0 drivers_injured, 0.0 drivers_killed, 0.0 passengers_injured, 0.0 passengers_killed, 0.0 pedestrian_injured, 0.0 pedestrian_killed, Fair (Day), EDSA Ayala Avenue Makati",MMDA Road Safety Unit,,1975bc18-f616-4ddf-a3e9-dc604fe21e9d,2014-02-03,00:10:00,EDSA A. Arnaiz Ave. Makati,0,0,0,0,0,0,0,0,0,0,2014-02-03 8:10,Property,14.55036403,121.0293952,No Collision Stated
None,EDSA,None,None,"No Accident Factor, Side Swipe, 0.0 drivers_injured, 0.0 drivers_killed, 0.0 passengers_injured, 0.0 passengers_killed, 0.0 pedestrian_injured, 0.0 pedestrian_killed, Fair (Day), EDSA Ayala Loading Bay (NB) Makati",MMDA Road Safety Unit,,b07e7d89-189f-4897-a02b-9cd1bc0f1b8f,2014-02-02,01:45:00,EDSA Palm Drive Makati,0,0,0,0,0,0,0,0,0,0,2014-02-02 9:45,Property,14.54906772,121.0276631,Side Swipe
None,EDSA,None,None,"No Accident Factor, Self-Accident, 0.0 drivers_injured, 0.0 drivers_killed, 0.0 passengers_injured, 0.0 passengers_killed, 0.0 pedestrian_injured, 0.0 pedestrian_killed, Fair (Night), EDSA Buendia Avenue (NB) Makati",MMDA Road Safety Unit,,0ebe0c27-045c-438f-a684-0589aa86ab49,2014-02-01,18:00:00,EDSA Palm Drive Makati,0,0,0,0,0,0,0,0,0,0,2014-02-02 2:00,Property,14.55510393,121.0348792,Self-Accident
None,EDSA,None,None,"No Accident Factor, Side Swipe, 0.0 drivers_injured, 0.0 drivers_killed, 0.0 passengers_injured, 0.0 passengers_killed, 0.0 pedestrian_injured, 0.0 pedestrian_killed, Fair (Day), EDSA fronting ISS Bldg., Bgy.Magallanes Makati",MMDA Road Safety Unit,,eb65c14a-5183-4f3b-9a17-bff734f3ab68,2014-01-28,04:30:00,EDSA Evangelista Street Makati,0,0,0,0,0,0,0,0,0,0,2014-01-28 12:30,Property,14.53908022,121.0136726,Side Swipe
None,EDSA,None,None,"No Accident Factor, Rear-end, 0.0 drivers_injured, 0.0 drivers_killed, 0.0 passengers_injured, 0.0 passengers_killed, 0.0 pedestrian_injured, 0.0 pedestrian_killed, Fair (Day), EDSA Evangelista Street  Makati",MMDA Road Safety Unit,,2a5940ca-bd1e-42f1-a476-5f7047a3c91c,2014-01-21,08:00:00,EDSA Magallanes Loading/Unloading Bay Makati,0,0,0,0,0,0,0,0,0,0,2014-01-21 16:00,Property,14.53906878,121.012324,Rear-End
None,EDSA,None,None,"No Accident Factor, Side Swipe, 0.0 drivers_injured, 0.0 drivers_killed, 0.0 passengers_injured, 0.0 passengers_killed, 0.0 pedestrian_injured, 0.0 pedestrian_killed, Fair (Day), EDSA Buendia Shell Gas Station Makati",MMDA Road Safety Unit,,7314b2bb-1536-4423-8860-5eaf72a1c1ae,2014-01-15,02:00:00,EDSA Buendia Avenue (NB) Makati,0,0,0,0,0,0,0,0,0,0,2014-01-15 10:00,Property,14.55471037,121.0351926,Side Swipe
None,EDSA,None,None,"No Accident Factor, No Collision Stated (based on Police Blotter Book), 1.0 drivers_injured, 0.0 drivers_killed, 0.0 passengers_injured, 0.0 passengers_killed, 0.0 pedestrian_injured, 0.0 pedestrian_killed, Fair (Day), EDSA Ayala Ave., Bgy.Urdaneta Makati",MMDA Road Safety Unit,,b52c4082-fe5d-43bf-b8e0-7e8fc57ea057,2014-01-12,00:45:00,EDSA Kalayaan (NB) Makati,0,0,0,1,0,0,0,0,0,1,2014-01-12 8:45,Injury,14.55036403,121.0293952,No Collision Stated
None,EDSA,None,None,"No Accident Factor, Rear-end, 0.0 drivers_injured, 0.0 drivers_killed, 0.0 passengers_injured, 0.0 passengers_killed, 0.0 pedestrian_injured, 0.0 pedestrian_killed, Fair (Day), EDSA Ayala Avenue Intersection  Makati",MMDA Road Safety Unit,,0e1fa2ec-f85c-4fa9-9ed1-fefbfd9474f7,2014-01-09,08:35:00,EDSA A. Arnaiz Avenue Makati,0,0,0,0,0,0,0,0,0,0,2014-01-09 16:35,Property,14.55036403,121.0293952,Rear-End
None,EDSA,None,None,"No Accident Factor, No Collision Stated (based on Police Blotter Book), 0.0 drivers_injured, 0.0 drivers_killed, 0.0 passengers_injured, 0.0 passengers_killed, 0.0 pedestrian_injured, 0.0 pedestrian_killed, Fair (Day), EDSA Magallanes Ave. Makati",MMDA Road Safety Unit,,a1939bf3-4319-46ae-9d28-77d84b2af9fb,2014-01-05,00:55:00,EDSA A. Arnaiz Avenue Brgy. Dasmarinas Makati,0,0,0,0,0,0,0,0,0,0,2014-01-05 8:55,Property,14.53924572,121.0142961,No Collision Stated
None,EDSA,None,None,"No Accident Factor, Side Swipe, 0.0 drivers_injured, 0.0 drivers_killed, 0.0 passengers_injured, 0.0 passengers_killed, 0.0 pedestrian_injured, 0.0 pedestrian_killed, Fair (Day), EDSA  Magallanes SB  Makati",MMDA Road Safety Unit,,bc307907-e386-497a-bbf3-4d1ddd4c300b,2013-12-22,04:30:00,EDSA before Buendia Ave. Makati,0,0,0,0,0,0,0,0,0,0,2013-12-22 12:30,Property,14.54053669,121.0168099,Side Swipe
None,EDSA,None,None,"No Accident Factor, Side Swipe, 0.0 drivers_injured, 0.0 drivers_killed, 0.0 passengers_injured, 0.0 passengers_killed, 0.0 pedestrian_injured, 0.0 pedestrian_killed, Fair (Night), EDSA  Corner Palm Drive  Makati",MMDA Road Safety Unit,,8c9332f7-d722-4784-9133-6ce7226bc03d,2013-12-18,12:30:00,"EDSA Ayala Ave., Bgy. San Lorenzo Makati",0,0,0,0,0,0,0,0,0,0,2013-12-18 20:30,Property,14.54851154,121.0271,Side Swipe
None,EDSA,None,None,"No Accident Factor, Side Swipe, 0.0 drivers_injured, 0.0 drivers_killed, 0.0 passengers_injured, 0.0 passengers_killed, 0.0 pedestrian_injured, 0.0 pedestrian_killed, Fair (Night), EDSA    Buendia SB    Makati",MMDA Road Safety Unit,,70cdaff3-a7ff-4b5d-834f-ee62d8a39fd4,2013-12-18,12:30:00,EDSA Harvard St. Makati,0,0,0,0,0,0,0,0,0,0,2013-12-18 20:30,Property,14.55508818,121.0348472,Side Swipe
None,EDSA,None,None,"No Accident Factor, Side Swipe, 0.0 drivers_injured, 0.0 drivers_killed, 0.0 passengers_injured, 0.0 passengers_killed, 0.0 pedestrian_injured, 0.0 pedestrian_killed, Fair (Night), EDSA    Magallanes SB  Makati",MMDA Road Safety Unit,,f66d1444-145b-4b55-b032-46dd36d5db31,2013-12-18,12:10:00,EDSA atop of Magallanes Interchange Makati,0,0,0,0,0,0,0,0,0,0,2013-12-18 20:10,Property,14.54129457,121.0180734,Side Swipe
None,EDSA,None,None,"No Accident Factor, No Collision Stated (based on Police Blotter Book), 0.0 drivers_injured, 0.0 drivers_killed, 0.0 passengers_injured, 0.0 passengers_killed, 0.0 pedestrian_injured, 0.0 pedestrian_killed, Fair (Day), EDSA  Magallanes (NB) Makati",MMDA Road Safety Unit,,b64b1a5b-5b2f-45cf-9592-8a9d2d201499,2013-12-14,06:00:00,"EDSA Estrella St., Bgy. Bel-Air Makati",0,0,0,0,0,0,0,0,0,0,2013-12-14 14:00,Property,14.54053669,121.0168099,No Collision Stated
None,EDSA,None,None,"No Accident Factor, Angle Impact, 0.0 drivers_injured, 0.0 drivers_killed, 0.0 passengers_injured, 0.0 passengers_killed, 0.0 pedestrian_injured, 0.0 pedestrian_killed, Fair (Night), EDSA  Mc Kinley Road Bgy. Forbes Park Makati",MMDA Road Safety Unit,,d82482a5-dd3e-476d-a92f-44ba72b654ab,2013-12-05,12:30:00,"EDSA Evangelista St., Bgy. Bangkal Makati",0,0,0,0,0,0,0,0,0,0,2013-12-05 20:30,Property,14.5501084,121.0294797,Angle Impact
None,EDSA,None,None,"No Accident Factor, Side Swipe, 0.0 drivers_injured, 0.0 drivers_killed, 0.0 passengers_injured, 0.0 passengers_killed, 0.0 pedestrian_injured, 0.0 pedestrian_killed, Fair (Day), EDSA Ayala Ave. Bgy. San Lorenzo  Makati",MMDA Road Safety Unit,,5f1968f1-e9a9-4e1e-aed1-5ebe9a6db2e7,2013-12-01,01:35:00,EDSA fronting MRT Guadalupe (SB) Makati,0,0,0,0,0,0,0,0,0,0,2013-12-01 9:35,Property,14.5503157,121.0293627,Side Swipe
None,EDSA,None,None,"No Accident Factor, No Collision Stated (based on Police Blotter Book), 0.0 drivers_injured, 0.0 drivers_killed, 0.0 passengers_injured, 0.0 passengers_killed, 0.0 pedestrian_injured, 0.0 pedestrian_killed, Fair (Night), EDSA Pasay Road Makati",MMDA Road Safety Unit,,d290eb0a-8c73-4dc0-b922-f385985e918b,2013-11-26,10:45:00,EDSA Ayala Loading and Unloading Bay (NB) Makati,0,0,0,0,0,0,0,0,0,0,2013-11-26 18:45,Property,14.54758327,121.025974,No Collision Stated
None,EDSA,None,None,"No Accident Factor, Rear-end, 0.0 drivers_injured, 0.0 drivers_killed, 0.0 passengers_injured, 0.0 passengers_killed, 0.0 pedestrian_injured, 0.0 pedestrian_killed, Fair (Day), EDSA Evangelista St. Makati",MMDA Road Safety Unit,,ce8c4004-6f8e-4f8d-b7e2-3989c06d2d98,2013-11-21,23:45:00,EDSA Ayala Ave. Makati,0,0,0,0,0,0,0,0,0,0,2013-11-22 7:45,Property,14.53906878,121.012324,Rear-End
None,EDSA,None,None,"No Accident Factor, No Collision Stated (based on Police Blotter Book), 0.0 drivers_injured, 0.0 drivers_killed, 0.0 passengers_injured, 0.0 passengers_killed, 0.0 pedestrian_injured, 0.0 pedestrian_killed, Fair (Night), EDSA Buendia Ave. (SB) Makati",MMDA Road Safety Unit,,e690f4ea-33f3-41c6-8596-03140d966d87,2013-11-21,13:40:00,EDSA fronting Kolin Bgy.Magallanes Makati,0,0,0,0,0,0,0,0,0,0,2013-11-21 21:40,Property,14.55489642,121.0348811,No Collision Stated
None,EDSA,None,None,"No Accident Factor, No Collision Stated (based on Police Blotter Book), 0.0 drivers_injured, 0.0 drivers_killed, 0.0 passengers_injured, 0.0 passengers_killed, 0.0 pedestrian_injured, 0.0 pedestrian_killed, Fair (Day), EDSA Buendia (SB) Makati",MMDA Road Safety Unit,,f20a0218-ccd4-401a-adad-352ef64cf177,2013-11-20,06:30:00,EDSA Orense St. Makati,0,0,0,0,0,0,0,0,0,0,2013-11-20 14:30,Property,14.5549709,121.0347642,No Collision Stated
None,EDSA,None,None,"No Accident Factor, Rear-end, 0.0 drivers_injured, 0.0 drivers_killed, 0.0 passengers_injured, 0.0 passengers_killed, 0.0 pedestrian_injured, 0.0 pedestrian_killed, Fair (Day), EDSA Ayala Ave.  Makati",MMDA Road Safety Unit,,8c94ff43-b21b-4f77-a122-ff63c12cd34d,2013-11-16,06:40:00,"EDSA Palm Drive, San Lorenzo Makati",0,0,0,0,0,0,0,0,0,0,2013-11-16 14:40,Property,14.5503157,121.0293627,Rear-End
None,EDSA,None,None,"No Accident Factor, Side Swipe, 0.0 drivers_injured, 0.0 drivers_killed, 0.0 passengers_injured, 0.0 passengers_killed, 0.0 pedestrian_injured, 0.0 pedestrian_killed, Fair (Night), EDSA Evangelista St., Bgy.Bangkal Makati",MMDA Road Safety Unit,,1656d927-49b4-4fa5-b389-0030342849ee,2013-11-15,13:00:00,"EDSA A. Arnaiz Ave. (Pasay Road), Bgy. San Lorenzo Makati",0,0,0,0,0,0,0,0,0,0,2013-11-15 21:00,Property,14.53906878,121.012324,Side Swipe
None,EDSA,None,None,"No Accident Factor, Side Swipe, 0.0 drivers_injured, 0.0 drivers_killed, 0.0 passengers_injured, 0.0 passengers_killed, 0.0 pedestrian_injured, 0.0 pedestrian_killed, Fair (Day), EDSA  Ayala     Makati",MMDA Road Safety Unit,,ce196469-abc5-4fa7-943f-e2e03bd94bb0,2013-10-31,00:05:00,EDSA Orense St. Makati,0,0,0,0,0,0,0,0,0,0,2013-10-31 8:05,Property,14.55041654,121.0294372,Side Swipe
None,EDSA,None,None,"No Accident Factor, No Collision Stated (based on Police Blotter Book), 0.0 drivers_injured, 0.0 drivers_killed, 0.0 passengers_injured, 0.0 passengers_killed, 0.0 pedestrian_injured, 0.0 pedestrian_killed, Fair (Night), EDSA Buendia Ave. Makati",MMDA Road Safety Unit,,a12c9ea1-42f3-4015-be05-d12a65c2023a,2013-10-18,10:35:00,EDSA Magallanes Interchange Makati,0,0,0,0,0,0,0,0,0,0,2013-10-18 18:35,Property,14.55516134,121.0349756,No Collision Stated
None,EDSA,None,None,"No Accident Factor, Side Swipe, 0.0 drivers_injured, 0.0 drivers_killed, 0.0 passengers_injured, 0.0 passengers_killed, 0.0 pedestrian_injured, 0.0 pedestrian_killed, Fair (Night), EDSA Ayala Ave. (NB) Makati",MMDA Road Safety Unit,,0a49cbd5-3aaf-4133-acaf-ffea4ef0a528,2013-10-08,10:15:00,"EDSA before Estrella St., Bgy. Guadalupe Nuevo Makati",0,0,0,0,0,0,0,0,0,0,2013-10-08 18:15,Property,14.5503157,121.0293627,Side Swipe
None,EDSA,None,None,"No Accident Factor, Side Swipe, 0.0 drivers_injured, 0.0 drivers_killed, 0.0 passengers_injured, 0.0 passengers_killed, 0.0 pedestrian_injured, 0.0 pedestrian_killed, Fair (Day), EDSA Lapu-lapu St. Makati",MMDA Road Safety Unit,,836db811-8d54-4d44-8301-19b0f49fb46f,2013-10-08,08:00:00,EDSA Ayala Ave. Makati,0,0,0,0,0,0,0,0,0,0,2013-10-08 16:00,Property,14.53968935,121.0155717,Side Swipe
None,EDSA,None,None,"No Accident Factor, Side Swipe, 0.0 drivers_injured, 0.0 drivers_killed, 0.0 passengers_injured, 0.0 passengers_killed, 0.0 pedestrian_injured, 0.0 pedestrian_killed, Fair (Night), EDSA Evangelista St., Bgy.Bangkal Makati",MMDA Road Safety Unit,,4cdba456-e5c4-42e4-adce-cfe24c6a9c04,2013-10-04,11:30:00,"EDSA Guingua St., Bgy. Pinagkaisahan Makati",0,0,0,0,0,0,0,0,0,0,2013-10-04 19:30,Property,14.53906878,121.012324,Side Swipe