LOCATION_TEXT,ROAD,WEATHER,LIGHT,DESC,REPORTING_AGENCY,MAIN_CAUSE,INCIDENTDETAILS_ID,DATE_UTC,TIME_UTC,ADDRESS,killed_driver,killed_passenger,killed_pedestrian,injured_driver,injured_passenger,injured_pedestrian,killed_uncategorized,injured_uncategorized,killed_total,injured_total,DATETIME_PST,SEVERITY,Y,X,COLLISION_TYPE
None,EDSA,None,None,"No Accident Factor, No Collision Stated (based on Police Blotter Book), 0.0 drivers_injured, 0.0 drivers_killed, 0.0 passengers_injured, 0.0 passengers_killed, 0.0 pedestrian_injured, 0.0 pedestrian_killed, Fair (Day), EDSA Sen. Gil Puyat Ave. Brgy. Bel - Air Makati",MMDA Road Safety Unit,,8c0d546e-0d70-4de0-a0bd-a1cbd60be670,2013-09-30,00:55:00,EDSA Ayala Makati,0,0,0,0,0,0,0,0,0,0,2013-09-30 8:55,Property,14.55483765,121.0348537,No Collision Stated
None,EDSA,None,None,"No Accident Factor, No Collision Stated (based on Police Blotter Book), 0.0 drivers_injured, 0.0 drivers_killed, 0.0 passengers_injured, 0.0 passengers_killed, 0.0 pedestrian_injured, 0.0 pedestrian_killed, Fair (Night), EDSA Estrella (SB) Makati",MMDA Road Safety Unit,,0f4f8492-1e44-4c90-820e-5d424b0c6fbd,2013-09-28,14:00:00,EDSA Lapu-lapu Ave. Makati,0,0,0,0,0,0,0,0,0,0,2013-09-28 22:00,Property,14.56004326,121.0411034,No Collision Stated
None,EDSA,None,None,"No Accident Factor, No Collision Stated (based on Police Blotter Book), 0.0 drivers_injured, 0.0 drivers_killed, 0.0 passengers_injured, 0.0 passengers_killed, 0.0 pedestrian_injured, 0.0 pedestrian_killed, Fair (Night), EDSA before Magallanes MRT Station Makati",MMDA Road Safety Unit,,e236ec73-019e-45f8-bf01-6bdb97675f2a,2013-09-20,17:30:00,EDSA Bernardino St.  Makati,0,0,0,0,0,0,0,0,0,0,2013-09-21 1:30,Property,14.54195597,121.0194234,No Collision Stated
None,EDSA,None,None,"No Accident Factor, No Collision Stated (based on Police Blotter Book), 0.0 drivers_injured, 0.0 drivers_killed, 0.0 passengers_injured, 0.0 passengers_killed, 0.0 pedestrian_injured, 0.0 pedestrian_killed, Fair (Night), EDSA A. Arnaiz Ave. Makati",MMDA Road Safety Unit,,55266440-c1b5-4918-979a-1db31a924ac2,2013-09-20,17:30:00,"EDSA before Sen. Gil Puyat Avenue (Buendia ) ""U"" Turn Slot, Bgy. Bel-Air Makati",0,0,0,0,0,0,0,0,0,0,2013-09-21 1:30,Property,14.54734176,121.0262804,No Collision Stated
None,EDSA,None,None,"No Accident Factor, Rear-end, 0.0 drivers_injured, 0.0 drivers_killed, 0.0 passengers_injured, 0.0 passengers_killed, 0.0 pedestrian_injured, 0.0 pedestrian_killed, Fair (Day), EDSA Palm Drive Makati",MMDA Road Safety Unit,,4aa5a1e9-6ab3-4e90-8e2e-f294592ecb48,2013-09-19,01:15:00,EDSA P. Burgos St.  Makati,0,0,0,0,0,0,0,0,0,0,2013-09-19 9:15,Property,14.54840479,121.0270209,Rear-End
None,EDSA,None,None,"No Accident Factor, No Collision Stated (based on Police Blotter Book), 0.0 drivers_injured, 0.0 drivers_killed, 0.0 passengers_injured, 0.0 passengers_killed, 0.0 pedestrian_injured, 0.0 pedestrian_killed, Fair (Night), EDSA Palm Drive Makati",MMDA Road Safety Unit,,43f4f785-a94c-485b-8ed9-39e0d45ae7d2,2013-09-18,12:30:00,EDSA Magallanes Loading Bay Makati,0,0,0,0,0,0,0,0,0,0,2013-09-18 20:30,Property,14.54840479,121.0270209,No Collision Stated
None,EDSA,None,None,"No Accident Factor, Rear-end, 0.0 drivers_injured, 0.0 drivers_killed, 0.0 passengers_injured, 0.0 passengers_killed, 0.0 pedestrian_injured, 0.0 pedestrian_killed, Fair (Day), EDSA Evangelista Street Makati",MMDA Road Safety Unit,,b5d9902f-d847-4bcf-b92c-645b26f5b618,2013-09-09,06:00:00,"EDSA Evangelista St., Bgy. Bangkal Makati",0,0,0,0,0,0,0,0,0,0,2013-09-09 14:00,Property,14.53906878,121.012324,Rear-End
None,EDSA,None,None,"No Accident Factor, Rear-end, 0.0 drivers_injured, 0.0 drivers_killed, 0.0 passengers_injured, 0.0 passengers_killed, 0.0 pedestrian_injured, 0.0 pedestrian_killed, Fair (Day), EDSA Magallanes Loading/Unloading Bay Makati",MMDA Road Safety Unit,,e33e6fdc-c130-465e-8842-0c05b8686975,2013-09-01,08:00:00,EDSA before MRT Magallanes station Bgy.San Lorenzo Makati,0,0,0,0,0,0,0,0,0,0,2013-09-01 16:00,Property,14.54402536,121.021754,Rear-End
None,EDSA,None,None,"No Accident Factor, No Collision Stated (based on Police Blotter Book), 0.0 drivers_injured, 0.0 drivers_killed, 0.0 passengers_injured, 0.0 passengers_killed, 0.0 pedestrian_injured, 0.0 pedestrian_killed, Fair (Night), EDSA Buendia Avenue (NB) Makati",MMDA Road Safety Unit,,14c76e63-25ae-4c5c-a5c9-a8bbd0dbbb71,2013-08-27,12:10:00,EDSA Sen.Gil Puyat Ave. Bgy.Bel Air Makati,0,0,0,0,0,0,0,0,0,0,2013-08-27 20:10,Property,14.55510393,121.0348792,No Collision Stated
None,EDSA,None,None,"No Accident Factor, Head-on, 1.0 drivers_injured, 0.0 drivers_killed, 0.0 passengers_injured, 0.0 passengers_killed, 0.0 pedestrian_injured, 0.0 pedestrian_killed, Rain (Night), EDSA Kalayaan (NB) Makati",MMDA Road Safety Unit,,4330d5ab-82b5-4817-b4e4-293c00fcd585,2013-08-26,21:00:00,EDSA West Cloverleaf Makati,0,0,0,1,0,0,0,0,0,1,2013-08-27 5:00,Injury,14.55756121,121.0378941,Head-On
None,EDSA,None,None,"No Accident Factor, No Collision Stated (based on Police Blotter Book), 0.0 drivers_injured, 0.0 drivers_killed, 0.0 passengers_injured, 0.0 passengers_killed, 0.0 pedestrian_injured, 0.0 pedestrian_killed, Fair (Day), EDSA A. Arnaiz Avenue Makati",MMDA Road Safety Unit,,fe76f24b-fd62-402e-b726-ee49b36a3557,2013-08-23,02:00:00,EDSA Buendia Ave. N/B Makati,0,0,0,0,0,0,0,0,0,0,2013-08-23 10:00,Property,14.54734176,121.0262804,No Collision Stated
None,EDSA,None,None,"No Accident Factor, Side Swipe, 0.0 drivers_injured, 0.0 drivers_killed, 0.0 passengers_injured, 0.0 passengers_killed, 0.0 pedestrian_injured, 0.0 pedestrian_killed, Fair (Night), EDSA A. Arnaiz Avenue Brgy. Dasmarinas Makati",MMDA Road Safety Unit,,720df8cc-1a6c-40c7-92f5-ad8d727062c3,2013-08-18,15:40:00,EDSA before Loyola Chapel Bgy.Guadalupe Viejo Makati,0,0,0,0,0,0,0,0,0,0,2013-08-18 23:40,Property,14.54734176,121.0262804,Side Swipe
None,EDSA,None,None,"No Accident Factor, No Collision Stated (based on Police Blotter Book), 0.0 drivers_injured, 0.0 drivers_killed, 0.0 passengers_injured, 0.0 passengers_killed, 0.0 pedestrian_injured, 0.0 pedestrian_killed, Fair (Night), EDSA before Buendia Ave. Makati",MMDA Road Safety Unit,,ae8a5300-b0e5-4fa5-a1a8-dd54328b9816,2013-08-07,13:30:00,EDSA Magallanes Ave. N/B Makati,0,0,0,0,0,0,0,0,0,0,2013-08-07 21:30,Property,14.55502769,121.0352754,No Collision Stated
None,EDSA,None,None,"No Accident Factor, No Collision Stated (based on Police Blotter Book), 1.0 drivers_injured, 0.0 drivers_killed, 0.0 passengers_injured, 0.0 passengers_killed, 0.0 pedestrian_injured, 0.0 pedestrian_killed, Fair (Day), EDSA Ayala Ave., Bgy. San Lorenzo Makati",MMDA Road Safety Unit,,3660500b-c3e5-4b27-b4cb-764d82a0397a,2013-08-05,02:00:00,EDSA A. Arnaiz Ave. Makati,0,0,0,1,0,0,0,0,0,1,2013-08-05 10:00,Injury,14.55036403,121.0293952,No Collision Stated
None,EDSA,None,None,"No Accident Factor, No Collision Stated (based on Police Blotter Book), 0.0 drivers_injured, 0.0 drivers_killed, 0.0 passengers_injured, 0.0 passengers_killed, 0.0 pedestrian_injured, 0.0 pedestrian_killed, Fair (Day), EDSA Harvard St. Makati",MMDA Road Safety Unit,,86953993-ab77-46d2-b628-208b5e0391f4,2013-08-04,23:00:00,EDSA West Clover Leaf Makati,0,0,0,0,0,0,0,0,0,0,2013-08-05 7:00,Property,14.55920138,121.0400581,No Collision Stated
None,EDSA,None,None,"No Accident Factor, Rear-end, 0.0 drivers_injured, 0.0 drivers_killed, 0.0 passengers_injured, 0.0 passengers_killed, 0.0 pedestrian_injured, 0.0 pedestrian_killed, Fair (Day), EDSA atop of Magallanes Interchange Makati",MMDA Road Safety Unit,,222a0cbe-7697-4a19-9bc2-20d96bf61bc6,2013-08-04,00:00:00,"EDSA Apolinario St., Bgy. Bangkal Makati",0,0,0,0,0,0,0,0,0,0,2013-08-04 8:00,Property,14.54056118,121.0165961,Rear-End
None,EDSA,None,None,"No Accident Factor, Self-Accident, 0.0 drivers_injured, 0.0 drivers_killed, 1.0 passengers_injured, 0.0 passengers_killed, 0.0 pedestrian_injured, 0.0 pedestrian_killed, Rain (Night), EDSA Estrella St., Bgy. Bel-Air Makati",MMDA Road Safety Unit,,8c50393c-2c13-49f5-9d91-95cfc68b0e49,2013-08-03,20:30:00,"EDSA Estrella St., Bgy. Bel-Air Makati",0,0,0,0,1,0,0,0,0,1,2013-08-04 4:30,Injury,14.56004326,121.0411034,Self-Accident
None,EDSA,None,None,"No Accident Factor, Rear-end, 0.0 drivers_injured, 0.0 drivers_killed, 0.0 passengers_injured, 0.0 passengers_killed, 0.0 pedestrian_injured, 0.0 pedestrian_killed, Fair (Night), EDSA Evangelista St., Bgy. Bangkal Makati",MMDA Road Safety Unit,,f5f003c7-71cf-4f8d-9a2c-16d94fe2ce6d,2013-07-31,20:00:00,"EDSA East Clover Leaf, Bgy. Guadalupe Nuevo Makati",0,0,0,0,0,0,0,0,0,0,2013-08-01 4:00,Property,14.53906878,121.012324,Rear-End
None,EDSA,None,None,"No Accident Factor, Rear-end, 0.0 drivers_injured, 0.0 drivers_killed, 0.0 passengers_injured, 0.0 passengers_killed, 0.0 pedestrian_injured, 0.0 pedestrian_killed, Fair (Day), EDSA fronting MRT Guadalupe (SB) Makati",MMDA Road Safety Unit,,ff21cdf9-5432-44f1-9ebe-3c42472cb778,2013-07-31,06:20:00,EDSA Evangelista St. Makati,0,0,0,0,0,0,0,0,0,0,2013-07-31 14:20,Property,14.56682107,121.0453652,Rear-End
None,EDSA,None,None,"No Accident Factor, No Collision Stated (based on Police Blotter Book), 0.0 drivers_injured, 0.0 drivers_killed, 0.0 passengers_injured, 0.0 passengers_killed, 0.0 pedestrian_injured, 0.0 pedestrian_killed, Fair (Day), EDSA Ayala Loading and Unloading Bay (NB) Makati",MMDA Road Safety Unit,,083a2580-624f-4b11-9301-e1a55526f9df,2013-07-30,23:45:00,"EDSA before Ayala Ave.,Bgy. Urdaneta Makati",0,0,0,0,0,0,0,0,0,0,2013-07-31 7:45,Property,14.54906772,121.0276631,No Collision Stated
None,EDSA,None,None,"No Accident Factor, Hit and Run (No Collision Stated), 0.0 drivers_injured, 0.0 drivers_killed, 0.0 passengers_injured, 0.0 passengers_killed, 0.0 pedestrian_injured, 0.0 pedestrian_killed, Fair (Day), EDSA Ayala Ave. Makati",MMDA Road Safety Unit,,ab17498d-016f-44eb-a121-95f79f49f01b,2013-07-30,23:45:00,EDSA across Kalayaan Ave. Makati,0,0,0,0,0,0,0,0,0,0,2013-07-31 7:45,Property,14.5503157,121.0293627,No Collision Stated
None,EDSA,None,None,"No Accident Factor, No Collision Stated (based on Police Blotter Book), 0.0 drivers_injured, 0.0 drivers_killed, 0.0 passengers_injured, 0.0 passengers_killed, 0.0 pedestrian_injured, 0.0 pedestrian_killed, Fair (Day), EDSA fronting Kolin Bgy.Magallanes Makati",MMDA Road Safety Unit,,fbfec238-c2a1-4b33-b2a9-7d1b18962ea6,2013-07-30,08:15:00,EDSA fronting Sogo Hotel Makati,0,0,0,0,0,0,0,0,0,0,2013-07-30 16:15,Property,14.53935939,121.014476,No Collision Stated
None,EDSA,None,None,"No Accident Factor, No Collision Stated (based on Police Blotter Book), 0.0 drivers_injured, 0.0 drivers_killed, 0.0 passengers_injured, 0.0 passengers_killed, 0.0 pedestrian_injured, 0.0 pedestrian_killed, Fair (Day), EDSA Orense St. Makati",MMDA Road Safety Unit,,218349d7-0815-477c-8e95-211e39a24b28,2013-07-29,09:05:00,EDSA before Evangelista St. Makati,0,0,0,0,0,0,0,0,0,0,2013-07-29 17:05,Property,14.56156378,121.0428336,No Collision Stated
None,EDSA,None,None,"No Accident Factor, Side Swipe, 0.0 drivers_injured, 0.0 drivers_killed, 0.0 passengers_injured, 0.0 passengers_killed, 0.0 pedestrian_injured, 0.0 pedestrian_killed, Fair (Day), EDSA Palm Drive, San Lorenzo Makati",MMDA Road Safety Unit,,9214f1a1-f0ad-4a7f-b415-0802d6e99f5d,2013-07-20,07:35:00,EDSA Guadalupe (SB) Makati,0,0,0,0,0,0,0,0,0,0,2013-07-20 15:35,Property,14.54840479,121.0270209,Side Swipe
None,EDSA,None,None,"No Accident Factor, Rear-end, 0.0 drivers_injured, 0.0 drivers_killed, 0.0 passengers_injured, 0.0 passengers_killed, 0.0 pedestrian_injured, 0.0 pedestrian_killed, Fair (Day), EDSA A. Arnaiz Ave. (Pasay Road), Bgy. San Lorenzo Makati",MMDA Road Safety Unit,,839e2e84-6835-4f4b-85a2-c7e29437e8c1,2013-07-20,04:30:00,EDSA Kalayaan Ave. Makati,0,0,0,0,0,0,0,0,0,0,2013-07-20 12:30,Property,14.54742131,121.0262139,Rear-End
None,EDSA,None,None,"No Accident Factor, Rear-end, 0.0 drivers_injured, 0.0 drivers_killed, 0.0 passengers_injured, 0.0 passengers_killed, 0.0 pedestrian_injured, 0.0 pedestrian_killed, Fair (Day), EDSA Orense St. Makati",MMDA Road Safety Unit,,47e0db4e-37c3-401e-a3df-3cdcace67f87,2013-07-19,23:50:00,"EDSA Sen. Gil J. Puyat Ave. (Buendia Ave. Ext.) ""U"" turn slot Makati",0,0,0,0,0,0,0,0,0,0,2013-07-20 7:50,Property,14.56156378,121.0428336,Rear-End
None,EDSA,None,None,"No Accident Factor, No Collision Stated (based on Police Blotter Book), 0.0 drivers_injured, 0.0 drivers_killed, 0.0 passengers_injured, 0.0 passengers_killed, 0.0 pedestrian_injured, 0.0 pedestrian_killed, Fair (Night), EDSA Magallanes Interchange Makati",MMDA Road Safety Unit,,43c91c2b-ac1e-4fbd-99bf-591b91505781,2013-07-19,12:50:00,"EDSA before Sen. Gil J. Puyat Ave. (Buendia Ave. Ext.) ""U"" turn slot Makati",0,0,0,0,0,0,0,0,0,0,2013-07-19 20:50,Property,14.54679556,121.0248047,No Collision Stated
None,EDSA,None,None,"No Accident Factor, Rear-end, 0.0 drivers_injured, 0.0 drivers_killed, 0.0 passengers_injured, 0.0 passengers_killed, 0.0 pedestrian_injured, 0.0 pedestrian_killed, Fair (Day), EDSA before Estrella St., Bgy. Guadalupe Nuevo Makati",MMDA Road Safety Unit,,b810051c-dd1b-4bb7-ac57-40e16560d019,2013-07-16,04:00:00,"EDSA Magallanes Interchange, Bgy. Magallanes Makati",0,0,0,0,0,0,0,0,0,0,2013-07-16 12:00,Property,14.56050923,121.0412638,Rear-End
None,EDSA,None,None,"No Accident Factor, No Collision Stated (based on Police Blotter Book), 0.0 drivers_injured, 0.0 drivers_killed, 0.0 passengers_injured, 0.0 passengers_killed, 0.0 pedestrian_injured, 0.0 pedestrian_killed, Fair (Day), EDSA Ayala Ave. Makati",MMDA Road Safety Unit,,6ed6ddff-a3c8-42d2-aff7-318999fdca0e,2013-07-16,03:00:00,EDSA Buendia N/B Makati,0,0,0,0,0,0,0,0,0,0,2013-07-16 11:00,Property,14.5503157,121.0293627,No Collision Stated
None,EDSA,None,None,"No Accident Factor, Hit and Run (No Collision Stated), 0.0 drivers_injured, 0.0 drivers_killed, 0.0 passengers_injured, 0.0 passengers_killed, 0.0 pedestrian_injured, 0.0 pedestrian_killed, Fair (Day), EDSA Guingua St., Bgy. Pinagkaisahan Makati",MMDA Road Safety Unit,,41da4142-93f6-4d32-975a-8d97e86c8b97,2013-07-12,00:00:00,EDSA Kalayaan Ave. Makati,0,0,0,0,0,0,0,0,0,0,2013-07-12 8:00,Property,14.55666324,121.0371861,No Collision Stated
None,EDSA,None,None,"No Accident Factor, Hit and Run (No Collision Stated), 0.0 drivers_injured, 0.0 drivers_killed, 0.0 passengers_injured, 0.0 passengers_killed, 0.0 pedestrian_injured, 0.0 pedestrian_killed, Fair (Night), EDSA Ayala Makati",MMDA Road Safety Unit,,4e89e222-e3f1-4cc1-bd9e-e10f0dc2b880,2013-07-05,10:25:00,EDSA Magallanes Ave. Makati,0,0,0,0,0,0,0,0,0,0,2013-07-05 18:25,Property,14.54913499,121.0280408,No Collision Stated
None,EDSA,None,None,"No Accident Factor, Angle Impact, 1.0 drivers_injured, 0.0 drivers_killed, 1.0 passengers_injured, 0.0 passengers_killed, 0.0 pedestrian_injured, 0.0 pedestrian_killed, Fair (Night), EDSA Lapu-lapu Ave. Makati",MMDA Road Safety Unit,,e699f8cc-10de-4aa9-8f63-1642b780cb2a,2013-07-01,14:30:00,EDSA Palm Drive Makati,0,0,0,1,1,0,0,0,0,2,2013-07-01 22:30,Injury,14.53968935,121.0155717,Angle Impact
None,EDSA,None,None,"No Accident Factor, Rear-end, 0.0 drivers_injured, 0.0 drivers_killed, 0.0 passengers_injured, 0.0 passengers_killed, 0.0 pedestrian_injured, 0.0 pedestrian_killed, Fair (Day), EDSA Bernardino St.  Makati",MMDA Road Safety Unit,,2c957968-0cbf-4416-aac8-0c3bad8a2110,2013-06-26,00:15:00,"EDSA before Kalayaan Ave., Bgy. Pinagkaisahan Makati",0,0,0,0,0,0,0,0,0,0,2013-06-26 8:15,Property,14.56598119,121.0451074,Rear-End
None,EDSA,None,None,"No Accident Factor, Rear-end, 0.0 drivers_injured, 0.0 drivers_killed, 0.0 passengers_injured, 0.0 passengers_killed, 0.0 pedestrian_injured, 0.0 pedestrian_killed, Fair (Day), EDSA before Sen. Gil Puyat Avenue (Buendia ) ""U"" Turn Slot, Bgy. Bel-Air Makati",MMDA Road Safety Unit,,6d4400d3-ee15-4156-b958-468ad18b5fc5,2013-06-20,07:55:00,"EDSA Kalayaan Ave., Bgy. Pinagkaisahan Makati",0,0,0,0,0,0,0,0,0,0,2013-06-20 15:55,Property,14.55470761,121.0348634,Rear-End
None,EDSA,None,None,"No Accident Factor, No Collision Stated (based on Police Blotter Book), 0.0 drivers_injured, 0.0 drivers_killed, 0.0 passengers_injured, 0.0 passengers_killed, 0.0 pedestrian_injured, 0.0 pedestrian_killed, Fair (Day), EDSA P. Burgos St.  Makati",MMDA Road Safety Unit,,e922e067-823c-4311-b373-ffdbd4a7f5d4,2013-06-20,02:30:00,EDSA Mantrade Service Road Makati,0,0,0,0,0,0,0,0,0,0,2013-06-20 10:30,Property,14.5655887,121.0452425,No Collision Stated
None,EDSA,None,None,"No Accident Factor, Side Swipe-Same Direction, 0.0 drivers_injured, 0.0 drivers_killed, 0.0 passengers_injured, 0.0 passengers_killed, 0.0 pedestrian_injured, 0.0 pedestrian_killed, Fair (Night), EDSA Magallanes Loading Bay Makati",MMDA Road Safety Unit,,42c7b75e-939c-4dc0-9962-7891a2dfe4cb,2013-06-18,18:40:00,EDSA Lapu-lapu St. Makati,0,0,0,0,0,0,0,0,0,0,2013-06-19 2:40,Property,14.54402536,121.021754,Side Swipe
None,EDSA,None,None,"No Accident Factor, Rear-end, 0.0 drivers_injured, 0.0 drivers_killed, 0.0 passengers_injured, 0.0 passengers_killed, 0.0 pedestrian_injured, 0.0 pedestrian_killed, Fair (Day), EDSA Evangelista St., Bgy. Bangkal Makati",MMDA Road Safety Unit,,6560ca2c-4ce7-41f2-aa74-7540498c4ba7,2013-06-18,05:00:00,"EDSA Bernardino St., Bgy. Guadalupe Viejo Makati",0,0,0,0,0,0,0,0,0,0,2013-06-18 13:00,Property,14.53906878,121.012324,Rear-End
None,EDSA,None,None,"No Accident Factor, Rear-end, 0.0 drivers_injured, 0.0 drivers_killed, 0.0 passengers_injured, 0.0 passengers_killed, 0.0 pedestrian_injured, 0.0 pedestrian_killed, Fair (Night), EDSA before MRT Magallanes station Bgy.San Lorenzo Makati",MMDA Road Safety Unit,,8057274e-e10c-4408-b6b4-3d5732105722,2013-05-31,12:45:00,EDSA Ayala Ave. Makati,0,0,0,0,0,0,0,0,0,0,2013-05-31 20:45,Property,14.54232209,121.0194143,Rear-End
None,EDSA,None,None,"No Accident Factor, Rear-end, 0.0 drivers_injured, 0.0 drivers_killed, 0.0 passengers_injured, 0.0 passengers_killed, 0.0 pedestrian_injured, 0.0 pedestrian_killed, Fair (Night), EDSA Sen.Gil Puyat Ave. Bgy.Bel Air Makati",MMDA Road Safety Unit,,99418315-bf1a-4820-99fd-a1a423ed644f,2013-05-31,12:30:00,"EDSA Magallanes Interchange (on-ramp), Bgy. San Lorenzo Makati",0,0,0,0,0,0,0,0,0,0,2013-05-31 20:30,Property,14.55483765,121.0348537,Rear-End
None,EDSA,None,None,"No Accident Factor, Rear-end, 0.0 drivers_injured, 0.0 drivers_killed, 0.0 passengers_injured, 0.0 passengers_killed, 0.0 pedestrian_injured, 0.0 pedestrian_killed, Fair (Day), EDSA West Cloverleaf Makati",MMDA Road Safety Unit,,37f2373f-f1e6-4bd0-a122-2f3be5587a96,2013-05-31,01:20:00,"EDSA Antonio S. Arnaiz Ave. (Pasay Road), Bgy. San Lorenzo Makati",0,0,0,0,0,0,0,0,0,0,2013-05-31 9:20,Property,14.56763029,121.0456342,Rear-End
None,EDSA,None,None,"No Accident Factor, Side Swipe, 0.0 drivers_injured, 0.0 drivers_killed, 0.0 passengers_injured, 0.0 passengers_killed, 0.0 pedestrian_injured, 0.0 pedestrian_killed, Fair (Day), EDSA Buendia Ave. N/B Makati",MMDA Road Safety Unit,,9127790b-3dfe-4e49-a795-80d30724ab96,2013-05-28,08:20:00,"EDSA Orense St., Bgy. Guadalupe Nuevo Makati",0,0,0,0,0,0,0,0,0,0,2013-05-28 16:20,Property,14.55521712,121.0348782,Side Swipe
None,EDSA,None,None,"No Accident Factor, Rear-end, 0.0 drivers_injured, 0.0 drivers_killed, 0.0 passengers_injured, 0.0 passengers_killed, 0.0 pedestrian_injured, 0.0 pedestrian_killed, Fair (Day), EDSA before Loyola Chapel Bgy.Guadalupe Viejo Makati",MMDA Road Safety Unit,,3553c1a2-6f7e-4b6a-aee3-ad90152a5d7d,2013-05-21,09:00:00,EDSA fronting Loyola Memorial Chapel Byg.Guadalupe Viejo Makati,0,0,0,0,0,0,0,0,0,0,2013-05-21 17:00,Property,14.565754,121.0450125,Rear-End
None,EDSA,None,None,"No Accident Factor, Self-Accident, 0.0 drivers_injured, 0.0 drivers_killed, 1.0 passengers_injured, 0.0 passengers_killed, 0.0 pedestrian_injured, 0.0 pedestrian_killed, Fair (Night), EDSA Magallanes Ave. N/B Makati",MMDA Road Safety Unit,,c42ff158-5010-4cae-8edb-9774d122b83a,2013-05-20,14:20:00,EDSA fronting KFC Bgy.Guadalupe Nuevo Makati,0,0,0,0,1,0,0,0,0,1,2013-05-20 22:20,Injury,14.53924572,121.0142961,Self-Accident
None,EDSA,None,None,"No Accident Factor, Side Swipe, 1.0 drivers_injured, 0.0 drivers_killed, 0.0 passengers_injured, 0.0 passengers_killed, 0.0 pedestrian_injured, 0.0 pedestrian_killed, Fair (Night), EDSA A. Arnaiz Ave. Makati",MMDA Road Safety Unit,,32c53092-fb9d-4f11-89d9-1e9f2898c761,2013-05-16,20:50:00,EDSA Magallanes Ave. Makati,0,0,0,1,0,0,0,0,0,1,2013-05-17 4:50,Injury,14.54734176,121.0262804,Side Swipe
None,EDSA,None,None,"No Accident Factor, Angle Impact, 0.0 drivers_injured, 0.0 drivers_killed, 0.0 passengers_injured, 0.0 passengers_killed, 0.0 pedestrian_injured, 0.0 pedestrian_killed, Fair (Day), EDSA West Clover Leaf Makati",MMDA Road Safety Unit,,4de1cd68-fe9d-45a3-a2a6-0513c5b45b04,2013-05-14,06:00:00,EDSA West Cloverleaf Bgy.Guadalupe Viejo Makati,0,0,0,0,0,0,0,0,0,0,2013-05-14 14:00,Property,14.56763029,121.0456342,Angle Impact
None,EDSA,None,None,"No Accident Factor, Rear-end, 0.0 drivers_injured, 0.0 drivers_killed, 0.0 passengers_injured, 0.0 passengers_killed, 0.0 pedestrian_injured, 0.0 pedestrian_killed, Fair (Day), EDSA Apolinario St., Bgy. Bangkal Makati",MMDA Road Safety Unit,,8b568808-9582-4ad1-93fa-f92e24cac89b,2013-05-14,03:30:00,EDSA Gumgua St. Bgy.Pinagkaisahan Makati,0,0,0,0,0,0,0,0,0,0,2013-05-14 11:30,Property,14.53994323,121.0153097,Rear-End
None,EDSA,None,None,"No Accident Factor, Side Swipe, 0.0 drivers_injured, 0.0 drivers_killed, 0.0 passengers_injured, 0.0 passengers_killed, 0.0 pedestrian_injured, 0.0 pedestrian_killed, Fair (Night), EDSA Estrella St., Bgy. Bel-Air Makati",MMDA Road Safety Unit,,e39d11ee-1a80-4764-90b0-8e7bbb212f25,2013-05-12,11:00:00,EDSA Ayala Ave. Makati,0,0,0,0,0,0,0,0,0,0,2013-05-12 19:00,Property,14.56004326,121.0411034,Side Swipe
None,EDSA,None,None,"No Accident Factor, No Collision Stated (based on Police Blotter Book), 0.0 drivers_injured, 0.0 drivers_killed, 0.0 passengers_injured, 0.0 passengers_killed, 0.0 pedestrian_injured, 0.0 pedestrian_killed, Fair (Day), EDSA East Clover Leaf, Bgy. Guadalupe Nuevo Makati",MMDA Road Safety Unit,,e2a7a6d5-d1b0-414d-81fa-81cd124d8130,2013-05-10,09:30:00,"EDSA East Cloverleaf, Bgy. Guadalupe Nuevo Makati",0,0,0,0,0,0,0,0,0,0,2013-05-10 17:30,Property,14.5668982,121.0455818,No Collision Stated
None,EDSA,None,None,"No Accident Factor, Rear-end, 0.0 drivers_injured, 0.0 drivers_killed, 0.0 passengers_injured, 0.0 passengers_killed, 0.0 pedestrian_injured, 0.0 pedestrian_killed, Fair (Night), EDSA Evangelista St. Makati",MMDA Road Safety Unit,,cc9643e3-8a48-44ce-975b-d94a3a7c4f84,2013-05-09,17:30:00,"EDSA Evangelista St., Bgy. Bangkal Makati",0,0,0,0,0,0,0,0,0,0,2013-05-10 1:30,Property,14.53906878,121.012324,Rear-End
None,EDSA,None,None,"No Accident Factor, No Collision Stated (based on Police Blotter Book), 0.0 drivers_injured, 0.0 drivers_killed, 0.0 passengers_injured, 0.0 passengers_killed, 0.0 pedestrian_injured, 0.0 pedestrian_killed, Fair (Day), EDSA before Ayala Ave.,Bgy. Urdaneta Makati",MMDA Road Safety Unit,,0e193e29-2267-4752-82b2-6e031b602409,2013-05-07,00:30:00,"EDSA at ""U"" turn slot, Sen. Gil J. Puyat Ave. (Buendia Ave. Ext.) Makati",0,0,0,0,0,0,0,0,0,0,2013-05-07 8:30,Property,14.55048281,121.029498,No Collision Stated
None,EDSA,None,None,"No Accident Factor, Hit Object (Plastic Tank), 0.0 drivers_injured, 0.0 drivers_killed, 0.0 passengers_injured, 0.0 passengers_killed, 0.0 pedestrian_injured, 0.0 pedestrian_killed, Fair (Night), EDSA across Kalayaan Ave. Makati",MMDA Road Safety Unit,,2f17eb9b-fa9a-4af2-bff1-2f9f2d7fff23,2013-05-04,20:00:00,"EDSA fronting Guadalupe Mall, Bgy. Guadalupe Nuevo Makati",0,0,0,0,0,0,0,0,0,0,2013-05-05 4:00,Property,14.55777616,121.0381233,Hit Object