LOCATION_TEXT,ROAD,WEATHER,LIGHT,DESC,REPORTING_AGENCY,MAIN_CAUSE,INCIDENTDETAILS_ID,DATE_UTC,TIME_UTC,ADDRESS,killed_driver,killed_passenger,killed_pedestrian,injured_driver,injured_passenger,injured_pedestrian,killed_uncategorized,injured_uncategorized,killed_total,injured_total,DATETIME_PST,SEVERITY,Y,X,COLLISION_TYPE
None,EDSA,None,None,"No Accident Factor, No Collision Stated (based on Police Blotter Book), 0.0 drivers_injured, 0.0 drivers_killed, 1.0 passengers_injured, 0.0 passengers_killed, 0.0 pedestrian_injured, 0.0 pedestrian_killed, Fair (Night), EDSA fronting Sogo Hotel Makati",MMDA Road Safety Unit,,f526149f-28bc-4b19-af4f-fddce1233419,2013-04-29,15:45:00,"EDSA fronting Banco De Oro, Bgy. Bangkal Makati",0,0,0,0,1,0,0,0,0,1,2013-04-29 23:45,Injury,14.56469106,121.0448749,No Collision Stated
None,EDSA,None,None,"No Accident Factor, Rear-end, 0.0 drivers_injured, 0.0 drivers_killed, 0.0 passengers_injured, 0.0 passengers_killed, 0.0 pedestrian_injured, 0.0 pedestrian_killed, Fair (Day), EDSA before Evangelista St. Makati",MMDA Road Safety Unit,,be38744c-7224-4283-babc-b8ae2a2c7e0c,2013-04-29,02:20:00,"EDSA Ayala Ave., Bgy. San Lorenzo Makati",0,0,0,0,0,0,0,0,0,0,2013-04-29 10:20,Property,14.53919847,121.0125038,Rear-End
None,EDSA,None,None,"No Accident Factor, No Collision Stated (based on Police Blotter Book), 0.0 drivers_injured, 0.0 drivers_killed, 0.0 passengers_injured, 0.0 passengers_killed, 0.0 pedestrian_injured, 0.0 pedestrian_killed, Fair (Day), EDSA Guadalupe (SB) Makati",MMDA Road Safety Unit,,26bff945-968b-43e1-ae2e-bed66b30d662,2013-04-28,07:10:00,EDSA before Rodriguez Ave. Makati,0,0,0,0,0,0,0,0,0,0,2013-04-28 15:10,Property,14.56662777,121.0455282,No Collision Stated
None,EDSA,None,None,"No Accident Factor, Rear-end, 0.0 drivers_injured, 0.0 drivers_killed, 0.0 passengers_injured, 0.0 passengers_killed, 0.0 pedestrian_injured, 0.0 pedestrian_killed, Fair (Night), EDSA Kalayaan Ave. Makati",MMDA Road Safety Unit,,ecdb8a75-3ae7-42ad-b17c-c5def0704f8f,2013-04-26,15:00:00,EDSA Sen. Gil J. Puyat Ave. (Buendia Ave. Ext.) Makati,0,0,0,0,0,0,0,0,0,0,2013-04-26 23:00,Property,14.55767933,121.038147,Rear-End
None,EDSA,None,None,"No Accident Factor, Side Swipe, 0.0 drivers_injured, 0.0 drivers_killed, 0.0 passengers_injured, 0.0 passengers_killed, 0.0 pedestrian_injured, 0.0 pedestrian_killed, Fair (Night), EDSA Sen. Gil J. Puyat Ave. (Buendia Ave. Ext.) ""U"" turn slot Makati",MMDA Road Safety Unit,,37adb67e-e911-4cd6-87d9-3814d2a888be,2013-04-26,12:25:00,"EDSA Kalayaan Ave., Bgy. Pinagkaisahan Makati",0,0,0,0,0,0,0,0,0,0,2013-04-26 20:25,Property,14.55483765,121.0348537,Side Swipe
None,EDSA,None,None,"No Accident Factor, Side Swipe, 0.0 drivers_injured, 0.0 drivers_killed, 0.0 passengers_injured, 0.0 passengers_killed, 0.0 pedestrian_injured, 0.0 pedestrian_killed, Fair (Night), EDSA before Sen. Gil J. Puyat Ave. (Buendia Ave. Ext.) ""U"" turn slot Makati",MMDA Road Safety Unit,,ba7c8ae8-99b0-45bd-a794-d89753953c2d,2013-04-26,11:00:00,"EDSA at ""U"" turn slot, Sen. Gil J. Puyat Ave. (Buendia Ave. Ext.), Bgy. Pinagkaisahan Makati",0,0,0,0,0,0,0,0,0,0,2013-04-26 19:00,Property,14.55470761,121.0348634,Side Swipe
None,EDSA,None,None,"No Accident Factor, No Collision Stated (based on Police Blotter Book), 0.0 drivers_injured, 0.0 drivers_killed, 0.0 passengers_injured, 0.0 passengers_killed, 0.0 pedestrian_injured, 0.0 pedestrian_killed, Fair (Day), EDSA Magallanes Interchange, Bgy. Magallanes Makati",MMDA Road Safety Unit,,c29bcde3-137f-49b2-a5c7-677d98e3808b,2013-04-19,00:10:00,"EDSA fronting DMCI Homes, Bgy. Guadalupe Viejo Makati",0,0,0,0,0,0,0,0,0,0,2013-04-19 8:10,Property,14.54679556,121.0248047,No Collision Stated
None,EDSA,None,None,"No Accident Factor, No Collision Stated (based on Police Blotter Book), 0.0 drivers_injured, 0.0 drivers_killed, 0.0 passengers_injured, 0.0 passengers_killed, 0.0 pedestrian_injured, 0.0 pedestrian_killed, Fair (Day), EDSA Buendia N/B Makati",MMDA Road Safety Unit,,18cb40cb-25a1-4edb-ae84-a83a6d437261,2013-04-16,00:40:00,EDSA Magallanes Ave. Makati,0,0,0,0,0,0,0,0,0,0,2013-04-16 8:40,Property,14.55471037,121.0351926,No Collision Stated
None,EDSA,None,None,"No Accident Factor, Rear-end, 0.0 drivers_injured, 0.0 drivers_killed, 0.0 passengers_injured, 0.0 passengers_killed, 0.0 pedestrian_injured, 0.0 pedestrian_killed, Fair (Day), EDSA Kalayaan Ave. Makati",MMDA Road Safety Unit,,877c1176-ef6f-42fd-9ff4-29dedaaf22db,2013-04-14,03:00:00,"EDSA Kalayaan Ave., Bgy. Pinagkaisahan Makati",0,0,0,0,0,0,0,0,0,0,2013-04-14 11:00,Property,14.55767933,121.038147,Rear-End
None,EDSA,None,None,"No Accident Factor, Side Swipe, 0.0 drivers_injured, 0.0 drivers_killed, 0.0 passengers_injured, 0.0 passengers_killed, 0.0 pedestrian_injured, 0.0 pedestrian_killed, Fair (Day), EDSA Magallanes Ave. Makati",MMDA Road Safety Unit,,18e744e9-884f-41d2-aa77-6fe97c513266,2013-04-08,06:20:00,"EDSA Antonio S. Arnaiz Ave. (Pasay Road), Bgy. San Lorenzo Makati",0,0,0,0,0,0,0,0,0,0,2013-04-08 14:20,Property,14.53924572,121.0142961,Side Swipe
None,EDSA,None,None,"No Accident Factor, Side Swipe, 0.0 drivers_injured, 0.0 drivers_killed, 0.0 passengers_injured, 0.0 passengers_killed, 0.0 pedestrian_injured, 0.0 pedestrian_killed, Fair (Day), EDSA Palm Drive Makati",MMDA Road Safety Unit,,cff5898c-5215-4305-8712-e7f32706b6a7,2013-04-06,03:20:00,"EDSA Estrella St., Bgy. Guadalupe Viejo Makati",0,0,0,0,0,0,0,0,0,0,2013-04-06 11:20,Property,14.54840479,121.0270209,Side Swipe
None,EDSA,None,None,"No Accident Factor, Side Swipe, 0.0 drivers_injured, 0.0 drivers_killed, 0.0 passengers_injured, 0.0 passengers_killed, 0.0 pedestrian_injured, 0.0 pedestrian_killed, Fair (Night), EDSA before Kalayaan Ave., Bgy. Pinagkaisahan Makati",MMDA Road Safety Unit,,b0055169-cc3f-41a3-ac3b-727446b3e8bd,2013-04-05,13:40:00,EDSA before Federal Hardware Makati,0,0,0,0,0,0,0,0,0,0,2013-04-05 21:40,Property,14.55800586,121.0384294,Side Swipe
None,EDSA,None,None,"No Accident Factor, No Collision Stated (based on Police Blotter Book), 0.0 drivers_injured, 0.0 drivers_killed, 0.0 passengers_injured, 0.0 passengers_killed, 0.0 pedestrian_injured, 0.0 pedestrian_killed, Fair (Day), EDSA Kalayaan Ave., Bgy. Pinagkaisahan Makati",MMDA Road Safety Unit,,490c0b34-f859-46b4-88b3-2bd1f660aa16,2013-04-05,09:30:00,"EDSA before Estrella St., Bgy. Guadalupe Viejo Makati",0,0,0,0,0,0,0,0,0,0,2013-04-05 17:30,Property,14.55767933,121.038147,No Collision Stated
None,EDSA,None,None,"No Accident Factor, Rear-end, 0.0 drivers_injured, 0.0 drivers_killed, 0.0 passengers_injured, 0.0 passengers_killed, 0.0 pedestrian_injured, 0.0 pedestrian_killed, Fair (Day), EDSA Mantrade Service Road Makati",MMDA Road Safety Unit,,1090f8c8-139a-4b7e-8a0a-311d25b33997,2013-04-04,03:00:00,"EDSA before P. Burgos St., Bgy. Guadalupe Nuevo Makati",0,0,0,0,0,0,0,0,0,0,2013-04-04 11:00,Property,14.54127991,121.0184601,Rear-End
None,EDSA,None,None,"No Accident Factor, No Collision Stated (based on Police Blotter Book), 0.0 drivers_injured, 0.0 drivers_killed, 0.0 passengers_injured, 0.0 passengers_killed, 0.0 pedestrian_injured, 0.0 pedestrian_killed, Fair (Day), EDSA Lapu-lapu St. Makati",MMDA Road Safety Unit,,c5dbd22f-8c92-4418-a46b-4ce2d86506a6,2013-04-03,02:55:00,"EDSA beside Petron Gas Station, Bgy. Pinagkaisahan Makati",0,0,0,0,0,0,0,0,0,0,2013-04-03 10:55,Property,14.53968935,121.0155717,No Collision Stated
None,EDSA,None,None,"No Accident Factor, Rear-end, 0.0 drivers_injured, 0.0 drivers_killed, 0.0 passengers_injured, 0.0 passengers_killed, 0.0 pedestrian_injured, 0.0 pedestrian_killed, Fair (Day), EDSA Bernardino St., Bgy. Guadalupe Viejo Makati",MMDA Road Safety Unit,,def3e13b-921d-40eb-b87b-9b3998ea08db,2013-04-03,01:30:00,EDSA Sen. Gil J. Puyat Ave. (Buendia Ave. Ext.) Makati,0,0,0,0,0,0,0,0,0,0,2013-04-03 9:30,Property,14.56598119,121.0451074,Rear-End
None,EDSA,None,None,"No Accident Factor, Side Swipe, 0.0 drivers_injured, 0.0 drivers_killed, 0.0 passengers_injured, 0.0 passengers_killed, 0.0 pedestrian_injured, 0.0 pedestrian_killed, Fair (Night), EDSA Ayala Ave. Makati",MMDA Road Safety Unit,,f6989733-665b-416d-8b5a-1a6281a4b1ab,2013-04-02,13:30:00,"EDSA fronting Banco De Oro, Bgy. Bangkal Makati",0,0,0,0,0,0,0,0,0,0,2013-04-02 21:30,Property,14.5503157,121.0293627,Side Swipe
None,EDSA,None,None,"No Accident Factor, No Collision Stated (based on Police Blotter Book), 0.0 drivers_injured, 0.0 drivers_killed, 0.0 passengers_injured, 0.0 passengers_killed, 0.0 pedestrian_injured, 0.0 pedestrian_killed, Fair (Day), EDSA Magallanes Interchange (on-ramp), Bgy. San Lorenzo Makati",MMDA Road Safety Unit,,b1608f43-bba9-45ec-b2d0-9a7795be95b7,2013-04-01,00:45:00,EDSA before Evangelista St. Makati,0,0,0,0,0,0,0,0,0,0,2013-04-01 8:45,Property,14.54679556,121.0248047,No Collision Stated
None,EDSA,None,None,"No Accident Factor, No Collision Stated (based on Police Blotter Book), 0.0 drivers_injured, 0.0 drivers_killed, 0.0 passengers_injured, 0.0 passengers_killed, 0.0 pedestrian_injured, 0.0 pedestrian_killed, Fair (Day), EDSA Antonio S. Arnaiz Ave. (Pasay Road), Bgy. San Lorenzo Makati",MMDA Road Safety Unit,,15a7f196-03af-43eb-9902-2b7c6b71e495,2013-03-31,22:45:00,EDSA Ayala Ave. Makati,0,0,0,0,0,0,0,0,0,0,2013-04-01 6:45,Property,14.54753179,121.0260155,No Collision Stated
None,EDSA,None,None,"No Accident Factor, Rear-end, 0.0 drivers_injured, 0.0 drivers_killed, 0.0 passengers_injured, 0.0 passengers_killed, 0.0 pedestrian_injured, 0.0 pedestrian_killed, Fair (Night), EDSA Orense St., Bgy. Guadalupe Nuevo Makati",MMDA Road Safety Unit,,4a72eb72-3d22-4b59-a5b6-0a6f1990bc6c,2013-03-26,12:30:00,"EDSA Estrella St., Bgy. Guadalupe Viejo Makati",0,0,0,0,0,0,0,0,0,0,2013-03-26 20:30,Property,14.56156378,121.0428336,Rear-End
None,EDSA,None,None,"No Accident Factor, No Collision Stated (based on Police Blotter Book), 0.0 drivers_injured, 0.0 drivers_killed, 0.0 passengers_injured, 0.0 passengers_killed, 0.0 pedestrian_injured, 0.0 pedestrian_killed, Fair (Day), EDSA fronting Loyola Memorial Chapel Byg.Guadalupe Viejo Makati",MMDA Road Safety Unit,,14c96d44-6c35-4b6c-bc49-69b2d922ca3c,2013-03-22,04:20:00,EDSA before Estrella St. Makati,0,0,0,0,0,0,0,0,0,0,2013-03-22 12:20,Property,14.56543084,121.044954,No Collision Stated
None,EDSA,None,None,"No Accident Factor, Rear-end, 0.0 drivers_injured, 0.0 drivers_killed, 0.0 passengers_injured, 0.0 passengers_killed, 0.0 pedestrian_injured, 0.0 pedestrian_killed, Fair (Night), EDSA fronting KFC Bgy.Guadalupe Nuevo Makati",MMDA Road Safety Unit,,0fe554c3-f46d-47c5-90bd-335b1c4f47d1,2013-03-21,18:45:00,EDSA Palm Drive Makati,0,0,0,0,0,0,0,0,0,0,2013-03-22 2:45,Property,14.56500915,121.0450515,Rear-End
None,EDSA,None,None,"No Accident Factor, Rear-end, 0.0 drivers_injured, 0.0 drivers_killed, 0.0 passengers_injured, 0.0 passengers_killed, 0.0 pedestrian_injured, 0.0 pedestrian_killed, Fair (Day), EDSA Magallanes Ave. Makati",MMDA Road Safety Unit,,2b1ed9fa-b725-455c-ab79-5c42cb76403b,2013-03-21,02:30:00,"EDSA West Cloverleaf, Bgy. Guadalupe Viejo Makati",0,0,0,0,0,0,0,0,0,0,2013-03-21 10:30,Property,14.53924572,121.0142961,Rear-End
None,EDSA,None,None,"No Accident Factor, Side Swipe, 0.0 drivers_injured, 0.0 drivers_killed, 0.0 passengers_injured, 0.0 passengers_killed, 0.0 pedestrian_injured, 0.0 pedestrian_killed, Fair (Night), EDSA West Cloverleaf Bgy.Guadalupe Viejo Makati",MMDA Road Safety Unit,,d81333eb-085d-4887-b140-f9cbf15ce45f,2013-03-16,12:00:00,EDSA Magallanes Interchange (on-ramp) Makati,0,0,0,0,0,0,0,0,0,0,2013-03-16 20:00,Property,14.56763029,121.0456342,Side Swipe
None,EDSA,None,None,"No Accident Factor, Side Swipe, 0.0 drivers_injured, 0.0 drivers_killed, 0.0 passengers_injured, 0.0 passengers_killed, 0.0 pedestrian_injured, 0.0 pedestrian_killed, Fair (Night), EDSA Gumgua St. Bgy.Pinagkaisahan Makati",MMDA Road Safety Unit,,99db2dba-e354-43f6-933a-ff24bdcc81b6,2013-03-14,11:20:00,"EDSA Bernardino St., Bgy. Guadalupe Viejo Makati",0,0,0,0,0,0,0,0,0,0,2013-03-14 19:20,Property,14.55666324,121.0371861,Side Swipe
None,EDSA,None,None,"No Accident Factor, No Collision Stated (based on Police Blotter Book), 0.0 drivers_injured, 0.0 drivers_killed, 0.0 passengers_injured, 0.0 passengers_killed, 0.0 pedestrian_injured, 0.0 pedestrian_killed, Fair (Night), EDSA Ayala Ave. Makati",MMDA Road Safety Unit,,28894830-98be-4d1b-af46-876e37284ff9,2013-03-12,13:20:00,"EDSA Orense St., Bgy. Guadalupe Nuevo Makati",0,0,0,0,0,0,0,0,0,0,2013-03-12 21:20,Property,14.5503157,121.0293627,No Collision Stated
None,EDSA,None,None,"No Accident Factor, Rear-end (Multiple), 0.0 drivers_injured, 0.0 drivers_killed, 0.0 passengers_injured, 0.0 passengers_killed, 0.0 pedestrian_injured, 0.0 pedestrian_killed, Fair (Night), EDSA East Cloverleaf, Bgy. Guadalupe Nuevo Makati",MMDA Road Safety Unit,,7b50c67e-92ea-488d-ae48-516b115a7a0e,2013-03-06,11:30:00,EDSA Ayala Ave. Makati,0,0,0,0,0,0,0,0,0,0,2013-03-06 19:30,Property,14.5668982,121.0455818,Rear-End
None,EDSA,None,None,"No Accident Factor, No Collision Stated (based on Police Blotter Book), 0.0 drivers_injured, 0.0 drivers_killed, 0.0 passengers_injured, 0.0 passengers_killed, 0.0 pedestrian_injured, 0.0 pedestrian_killed, Fair (Day), EDSA Evangelista St., Bgy. Bangkal Makati",MMDA Road Safety Unit,,9a17517d-7393-460e-9d2f-c01bdd2a3608,2013-03-06,01:20:00,"EDSA fronting Guadalupe Commercial Center, Bgy. Guadalupe Nuevo Makati",0,0,0,0,0,0,0,0,0,0,2013-03-06 9:20,Property,14.53906878,121.012324,No Collision Stated
None,EDSA,None,None,"No Accident Factor, Side Swipe, 0.0 drivers_injured, 0.0 drivers_killed, 0.0 passengers_injured, 0.0 passengers_killed, 0.0 pedestrian_injured, 0.0 pedestrian_killed, Fair (Night), EDSA at ""U"" turn slot, Sen. Gil J. Puyat Ave. (Buendia Ave. Ext.) Makati",MMDA Road Safety Unit,,4a856628-57af-46a6-a0d9-3d619e61dba3,2013-03-05,15:35:00,"EDSA fronting Security Bank, Bgy. Magallanes Makati",0,0,0,0,0,0,0,0,0,0,2013-03-05 23:35,Property,14.55536313,121.0354381,Side Swipe
None,EDSA,None,None,"No Accident Factor, Side Swipe, 0.0 drivers_injured, 0.0 drivers_killed, 0.0 passengers_injured, 0.0 passengers_killed, 0.0 pedestrian_injured, 0.0 pedestrian_killed, Fair (Night), EDSA fronting Guadalupe Mall, Bgy. Guadalupe Nuevo Makati",MMDA Road Safety Unit,,c333c42f-1a85-4683-9574-82b23e4e2c29,2013-03-04,11:20:00,"EDSA Cloverleaf, J. P. Rizal St. Makati",0,0,0,0,0,0,0,0,0,0,2013-03-04 19:20,Property,14.56674549,121.0455515,Side Swipe
None,EDSA,None,None,"No Accident Factor, Rear-end, 0.0 drivers_injured, 0.0 drivers_killed, 0.0 passengers_injured, 0.0 passengers_killed, 0.0 pedestrian_injured, 0.0 pedestrian_killed, Fair (Day), EDSA fronting Banco De Oro, Bgy. Bangkal Makati",MMDA Road Safety Unit,,c3f4a11b-a2e6-4cf6-956f-4652f8ca28d9,2013-03-02,08:30:00,EDSA Orense St. Makati,0,0,0,0,0,0,0,0,0,0,2013-03-02 16:30,Property,14.53906654,121.0120609,Rear-End
None,EDSA,None,None,"No Accident Factor, No Collision Stated (based on Police Blotter Book), 0.0 drivers_injured, 0.0 drivers_killed, 0.0 passengers_injured, 0.0 passengers_killed, 0.0 pedestrian_injured, 0.0 pedestrian_killed, Fair (Night), EDSA Ayala Ave., Bgy. San Lorenzo Makati",MMDA Road Safety Unit,,873b4cb7-7f75-4dad-979a-38a00c8139d6,2013-02-28,12:00:00,EDSA Magallanes Ave. Makati,0,0,0,0,0,0,0,0,0,0,2013-02-28 20:00,Property,14.55036403,121.0293952,No Collision Stated
None,EDSA,None,None,"No Accident Factor, Side Swipe, 0.0 drivers_injured, 0.0 drivers_killed, 0.0 passengers_injured, 0.0 passengers_killed, 0.0 pedestrian_injured, 0.0 pedestrian_killed, Fair (Day), EDSA before Rodriguez Ave. Makati",MMDA Road Safety Unit,,9556c036-98cf-4ecf-95aa-11f41089e6c7,2013-02-26,02:45:00,EDSA Ayala Ave. Makati,0,0,0,0,0,0,0,0,0,0,2013-02-26 10:45,Property,14.54003657,121.0154925,Side Swipe
None,EDSA,None,None,"No Accident Factor, No Collision Stated (based on Police Blotter Book), 0.0 drivers_injured, 0.0 drivers_killed, 0.0 passengers_injured, 0.0 passengers_killed, 0.0 pedestrian_injured, 0.0 pedestrian_killed, Fair (Night), EDSA Sen. Gil J. Puyat Ave. (Buendia Ave. Ext.) Makati",MMDA Road Safety Unit,,1ef4c54f-1a38-4a0e-9323-8cd54f73c6db,2013-02-23,14:40:00,"EDSA Mantrade, before Magallanes Interchange Makati",0,0,0,0,0,0,0,0,0,0,2013-02-23 22:40,Property,14.55483765,121.0348537,No Collision Stated
None,EDSA,None,None,"No Accident Factor, Side Swipe, 1.0 drivers_injured, 0.0 drivers_killed, 0.0 passengers_injured, 0.0 passengers_killed, 0.0 pedestrian_injured, 0.0 pedestrian_killed, Fair (Day), EDSA Kalayaan Ave., Bgy. Pinagkaisahan Makati",MMDA Road Safety Unit,,762e37f3-7e75-4b87-8225-65b9cacce7f4,2013-02-22,23:20:00,EDSA McKinley Road Makati,0,0,0,1,0,0,0,0,0,1,2013-02-23 7:20,Injury,14.55767933,121.038147,Side Swipe
None,EDSA,None,None,"No Accident Factor, No Collision Stated (based on Police Blotter Book), 0.0 drivers_injured, 0.0 drivers_killed, 0.0 passengers_injured, 0.0 passengers_killed, 0.0 pedestrian_injured, 0.0 pedestrian_killed, Fair (Night), EDSA at ""U"" turn slot, Sen. Gil J. Puyat Ave. (Buendia Ave. Ext.), Bgy. Pinagkaisahan Makati",MMDA Road Safety Unit,,a83484fc-9c03-45f6-ac5e-9de9e5dc38be,2013-02-21,14:30:00,"EDSA Bernardino St., Bgy. Guadalupe Viejo Makati",0,0,0,0,0,0,0,0,0,0,2013-02-21 22:30,Property,14.55536313,121.0354381,No Collision Stated
None,EDSA,None,None,"No Accident Factor, Rear-end, 0.0 drivers_injured, 0.0 drivers_killed, 0.0 passengers_injured, 0.0 passengers_killed, 0.0 pedestrian_injured, 0.0 pedestrian_killed, Fair (Day), EDSA fronting DMCI Homes, Bgy. Guadalupe Viejo Makati",MMDA Road Safety Unit,,98d57095-35aa-44dd-82b1-3c6afb2c1265,2013-02-18,00:45:00,EDSA Estrella St. Makati,0,0,0,0,0,0,0,0,0,0,2013-02-18 8:45,Property,14.5620785,121.0430758,Rear-End
None,EDSA,None,None,"No Accident Factor, Angle Impact, 1.0 drivers_injured, 0.0 drivers_killed, 0.0 passengers_injured, 0.0 passengers_killed, 0.0 pedestrian_injured, 0.0 pedestrian_killed, Fair (Day), EDSA Magallanes Ave. Makati",MMDA Road Safety Unit,,3b63d23a-bd81-48b8-ad47-ff5f470cdb48,2013-02-17,22:30:00,EDSA Palm Drive Makati,0,0,0,1,0,0,0,0,0,1,2013-02-18 6:30,Injury,14.53924572,121.0142961,Angle Impact
None,EDSA,None,None,"No Accident Factor, No Collision Stated (based on Police Blotter Book), 0.0 drivers_injured, 0.0 drivers_killed, 0.0 passengers_injured, 0.0 passengers_killed, 0.0 pedestrian_injured, 0.0 pedestrian_killed, Fair (Night), EDSA Kalayaan Ave., Bgy. Pinagkaisahan Makati",MMDA Road Safety Unit,,9b54a258-05f1-4b6b-ac00-79cd2a48d788,2013-02-16,10:50:00,"EDSA Ayala Ave., Bgy. Urdaneta Makati",0,0,0,0,0,0,0,0,0,0,2013-02-16 18:50,Property,14.55767933,121.038147,No Collision Stated
None,EDSA,None,None,"No Accident Factor, No Collision Stated (based on Police Blotter Book), 0.0 drivers_injured, 0.0 drivers_killed, 0.0 passengers_injured, 0.0 passengers_killed, 0.0 pedestrian_injured, 0.0 pedestrian_killed, Fair (Day), EDSA Antonio S. Arnaiz Ave. (Pasay Road), Bgy. San Lorenzo Makati",MMDA Road Safety Unit,,bde86919-8ef4-447d-919f-bbbe605caecb,2013-02-16,07:35:00,"EDSA Cloverleaf (East), Guadalupe Makati",0,0,0,0,0,0,0,0,0,0,2013-02-16 15:35,Property,14.54753179,121.0260155,No Collision Stated
None,EDSA,None,None,"No Accident Factor, No Collision Stated (based on Police Blotter Book), 0.0 drivers_injured, 0.0 drivers_killed, 0.0 passengers_injured, 0.0 passengers_killed, 0.0 pedestrian_injured, 0.0 pedestrian_killed, Fair (Night), EDSA Estrella St., Bgy. Guadalupe Viejo Makati",MMDA Road Safety Unit,,79ba1f15-f3e6-45c0-b242-d841cded670b,2013-02-13,11:30:00,EDSA Cloverleaf (West) Makati,0,0,0,0,0,0,0,0,0,0,2013-02-13 19:30,Property,14.56004326,121.0411034,No Collision Stated
None,EDSA,None,None,"No Accident Factor, No Collision Stated (based on Police Blotter Book), 0.0 drivers_injured, 0.0 drivers_killed, 0.0 passengers_injured, 0.0 passengers_killed, 0.0 pedestrian_injured, 0.0 pedestrian_killed, Fair (Day), EDSA before Federal Hardware Makati",MMDA Road Safety Unit,,36e34b1a-6934-4898-a0a0-1b5adbd9e2b7,2013-02-12,09:30:00,EDSA before Evangelista St. Makati,0,0,0,0,0,0,0,0,0,0,2013-02-12 17:30,Property,14.54144314,121.018372,No Collision Stated
None,EDSA,None,None,"No Accident Factor, Hit and Run (Rear-end), 0.0 drivers_injured, 0.0 drivers_killed, 0.0 passengers_injured, 0.0 passengers_killed, 0.0 pedestrian_injured, 0.0 pedestrian_killed, Fair (Day), EDSA before Estrella St., Bgy. Guadalupe Viejo Makati",MMDA Road Safety Unit,,eb921789-d540-44cb-bba9-b89bd1ae96e8,2013-02-11,22:00:00,EDSA A.Arnaiz (SB) Makati,0,0,0,0,0,0,0,0,0,0,2013-02-12 6:00,Property,14.56050923,121.0412638,Rear-End
None,EDSA,None,None,"No Accident Factor, Other, 0.0 drivers_injured, 0.0 drivers_killed, 1.0 passengers_injured, 0.0 passengers_killed, 0.0 pedestrian_injured, 0.0 pedestrian_killed, Fair (Night), EDSA before P. Burgos St., Bgy. Guadalupe Nuevo Makati",MMDA Road Safety Unit,,e7923589-f305-4e61-b039-e0f29aa59380,2013-02-08,13:00:00,EDSA before Guadalupe MRT Station  Makati,0,0,0,0,1,0,0,0,0,1,2013-02-08 21:00,Injury,14.565283,121.0451455,No Collision Stated
None,EDSA,None,None,"No Accident Factor, Hit and Run (No Collision Stated), 0.0 drivers_injured, 0.0 drivers_killed, 0.0 passengers_injured, 0.0 passengers_killed, 0.0 pedestrian_injured, 0.0 pedestrian_killed, Fair (Night), EDSA beside Petron Gas Station, Bgy. Pinagkaisahan Makati",MMDA Road Safety Unit,,60952f05-cfd9-45ce-91b6-492cd043b633,2013-02-07,11:15:00,EDSA Ayala Ave. Makati,0,0,0,0,0,0,0,0,0,0,2013-02-07 19:15,Property,14.55838286,121.0391439,No Collision Stated
None,EDSA,None,None,"No Accident Factor, No Collision Stated (based on Police Blotter Book), 0.0 drivers_injured, 0.0 drivers_killed, 0.0 passengers_injured, 0.0 passengers_killed, 0.0 pedestrian_injured, 0.0 pedestrian_killed, Fair (Day), EDSA Sen. Gil J. Puyat Ave. (Buendia Ave. Ext.) Makati",MMDA Road Safety Unit,,a33d7c55-84ba-4d9d-b428-0e8b4912e006,2013-02-07,02:30:00,EDSA Amorsolo St. Makati,0,0,0,0,0,0,0,0,0,0,2013-02-07 10:30,Property,14.55483765,121.0348537,No Collision Stated
None,EDSA,None,None,"No Accident Factor, Angle Impact, 0.0 drivers_injured, 0.0 drivers_killed, 0.0 passengers_injured, 0.0 passengers_killed, 0.0 pedestrian_injured, 0.0 pedestrian_killed, Fair (Day), EDSA fronting Banco De Oro, Bgy. Bangkal Makati",MMDA Road Safety Unit,,d90c81f0-1ec3-4407-8c1b-300be108dd5b,2013-02-04,07:30:00,Edsa  Ayala Ave. Makati,0,0,0,0,0,0,0,0,0,0,2013-02-04 15:30,Property,14.53906654,121.0120609,Angle Impact
None,EDSA,None,None,"No Accident Factor, Rear-end, 0.0 drivers_injured, 0.0 drivers_killed, 0.0 passengers_injured, 0.0 passengers_killed, 0.0 pedestrian_injured, 0.0 pedestrian_killed, Fair (Day), EDSA before Evangelista St. Makati",MMDA Road Safety Unit,,00fd2e5c-b8fa-4dd8-8a88-02e6eb41cbc1,2013-02-03,09:05:00,Edsa U-turn Slot Underneath Buendia-MRT Station Makati,0,0,0,0,0,0,0,0,0,0,2013-02-03 17:05,Property,14.53919847,121.0125038,Rear-End
None,EDSA,None,None,"No Accident Factor, Side Swipe, 0.0 drivers_injured, 0.0 drivers_killed, 0.0 passengers_injured, 0.0 passengers_killed, 0.0 pedestrian_injured, 0.0 pedestrian_killed, Fair (Night), EDSA Ayala Ave. Makati",MMDA Road Safety Unit,,65b55667-a016-45ca-bd6f-0c021200530c,2013-02-01,11:10:00,Edsa  Buendia (NB) Makati,0,0,0,0,0,0,0,0,0,0,2013-02-01 19:10,Property,14.5503157,121.0293627,Side Swipe
None,EDSA,None,None,"No Accident Factor, No Collision Stated (based on Police Blotter Book), 0.0 drivers_injured, 0.0 drivers_killed, 0.0 passengers_injured, 0.0 passengers_killed, 0.0 pedestrian_injured, 0.0 pedestrian_killed, Fair (Day), EDSA Estrella St., Bgy. Guadalupe Viejo Makati",MMDA Road Safety Unit,,f31c23c1-a43d-41d7-be80-b206fc785fd7,2013-01-29,01:00:00,"Edsa  before Magallanes, Bgy. San Lorenzo  Makati",0,0,0,0,0,0,0,0,0,0,2013-01-29 9:00,Property,14.56004326,121.0411034,No Collision Stated