LOCATION_TEXT,ROAD,WEATHER,LIGHT,DESC,REPORTING_AGENCY,MAIN_CAUSE,INCIDENTDETAILS_ID,DATE_UTC,TIME_UTC,ADDRESS,killed_driver,killed_passenger,killed_pedestrian,injured_driver,injured_passenger,injured_pedestrian,killed_uncategorized,injured_uncategorized,killed_total,injured_total,DATETIME_PST,SEVERITY,Y,X,COLLISION_TYPE
None,EDSA,None,None,"No Accident Factor, No Collision Stated (based on Police Blotter Book), 0.0 drivers_injured, 0.0 drivers_killed, 0.0 passengers_injured, 0.0 passengers_killed, 0.0 pedestrian_injured, 0.0 pedestrian_killed, Fair (Day), EDSA before Estrella St. Makati",MMDA Road Safety Unit,,8aa385a3-5f31-4163-bf90-cf07f55b45fd,2013-01-29,00:30:00,Edsa  Mantrade (SB) Makati,0,0,0,0,0,0,0,0,0,0,2013-01-29 8:30,Property,14.56050923,121.0412638,No Collision Stated
None,EDSA,None,None,"No Accident Factor, Rear-end, 0.0 drivers_injured, 0.0 drivers_killed, 0.0 passengers_injured, 0.0 passengers_killed, 0.0 pedestrian_injured, 0.0 pedestrian_killed, Fair (Day), EDSA Palm Drive Makati",MMDA Road Safety Unit,,8ccbf0e3-374d-428a-80c7-2ed006584d1e,2013-01-25,06:00:00,"Edsa fronting Caltex Gas Station, Bgy.  Pinagkaisahan  Makati",0,0,0,0,0,0,0,0,0,0,2013-01-25 14:00,Property,14.54840479,121.0270209,Rear-End
None,EDSA,None,None,"No Accident Factor, Rear-end, 0.0 drivers_injured, 0.0 drivers_killed, 0.0 passengers_injured, 0.0 passengers_killed, 0.0 pedestrian_injured, 0.0 pedestrian_killed, Fair (Day), EDSA West Cloverleaf, Bgy. Guadalupe Viejo Makati",MMDA Road Safety Unit,,a4f3af96-f831-4358-828f-9ebcbc7ba958,2013-01-25,01:00:00,Edsa  Ayala Ave. Makati,0,0,0,0,0,0,0,0,0,0,2013-01-25 9:00,Property,14.56763029,121.0456342,Rear-End
None,EDSA,None,None,"No Accident Factor, Rear-end (Multiple), 1.0 drivers_injured, 0.0 drivers_killed, 0.0 passengers_injured, 0.0 passengers_killed, 0.0 pedestrian_injured, 0.0 pedestrian_killed, Fair (Night), EDSA Magallanes Interchange (on-ramp) Makati",MMDA Road Safety Unit,,590bc8f0-6aeb-44d1-8851-a86154c44294,2013-01-19,20:05:00,Edsa  Kalayaan Ave. Makati,0,0,0,1,0,0,0,0,0,1,2013-01-20 4:05,Injury,14.54679556,121.0248047,Rear-End
None,EDSA,None,None,"No Accident Factor, Side Swipe-Same Direction, 0.0 drivers_injured, 0.0 drivers_killed, 0.0 passengers_injured, 0.0 passengers_killed, 0.0 pedestrian_injured, 0.0 pedestrian_killed, Fair (Night), EDSA Bernardino St., Bgy. Guadalupe Viejo Makati",MMDA Road Safety Unit,,56ba0934-79be-4298-a0e2-92a0070e211c,2013-01-19,11:00:00,EDSA East Service Road/Lapu Lapu St. Makati,0,0,0,0,0,0,0,0,0,0,2013-01-19 19:00,Property,14.56598119,121.0451074,Side Swipe
None,EDSA,None,None,"No Accident Factor, Rear-end, 0.0 drivers_injured, 0.0 drivers_killed, 0.0 passengers_injured, 0.0 passengers_killed, 0.0 pedestrian_injured, 0.0 pedestrian_killed, Fair (Day), EDSA Orense St., Bgy. Guadalupe Nuevo Makati",MMDA Road Safety Unit,,37e71a91-3015-48d0-b62a-a673e27656b3,2013-01-19,02:45:00,EDSA Chino Roces Ave. Brgy. Magallanes Makati,0,0,0,0,0,0,0,0,0,0,2013-01-19 10:45,Property,14.56156378,121.0428336,Rear-End
None,EDSA,None,None,"No Accident Factor, Rear-end, 0.0 drivers_injured, 0.0 drivers_killed, 0.0 passengers_injured, 0.0 passengers_killed, 0.0 pedestrian_injured, 0.0 pedestrian_killed, Fair (Night), EDSA Ayala Ave. Makati",MMDA Road Safety Unit,,d65a534b-42ec-41be-a88a-ac21a241d06f,2013-01-18,10:05:00,EDSA East Service Road/Lapu Lapu St. Makati,0,0,0,0,0,0,0,0,0,0,2013-01-18 18:05,Property,14.5503157,121.0293627,Rear-End
None,EDSA,None,None,"No Accident Factor, Side Swipe-Same Direction, 0.0 drivers_injured, 0.0 drivers_killed, 0.0 passengers_injured, 0.0 passengers_killed, 0.0 pedestrian_injured, 0.0 pedestrian_killed, Fair (Day), EDSA fronting Guadalupe Commercial Center, Bgy. Guadalupe Nuevo Makati",MMDA Road Safety Unit,,5d3a7b7a-fb4e-403c-8646-1a822a8ffb0e,2013-01-17,22:15:00,EDSA Kalayaan Ave. Brgy. Pinagkaisahan Makati,0,0,0,0,0,0,0,0,0,0,2013-01-18 6:15,Property,14.56674549,121.0455515,Side Swipe
None,EDSA,None,None,"No Accident Factor, Side Swipe-Same Direction, 0.0 drivers_injured, 0.0 drivers_killed, 0.0 passengers_injured, 0.0 passengers_killed, 0.0 pedestrian_injured, 0.0 pedestrian_killed, Fair (Day), EDSA fronting Security Bank, Bgy. Magallanes Makati",MMDA Road Safety Unit,,bf06304f-692f-4f2a-bc11-21247704657e,2013-01-17,02:05:00,EDSA Kalayaan Ave. Brgy. Pinagkaisahan Makati,0,0,0,0,0,0,0,0,0,0,2013-01-17 10:05,Property,14.53918589,121.0140016,Side Swipe
None,EDSA,None,None,"No Accident Factor, No Collision Stated (based on Police Blotter Book), 0.0 drivers_injured, 0.0 drivers_killed, 0.0 passengers_injured, 0.0 passengers_killed, 0.0 pedestrian_injured, 0.0 pedestrian_killed, Fair (Day), EDSA Cloverleaf, J. P. Rizal St. Makati",MMDA Road Safety Unit,,33c26f4a-7a60-434f-a3da-dbf931519cad,2013-01-17,01:30:00,EDSA After Gil Puyat Beside U Turn Slot Makati,0,0,0,0,0,0,0,0,0,0,2013-01-17 9:30,Property,14.56798655,121.0457677,No Collision Stated
None,EDSA,None,None,"No Accident Factor, No Collision Stated (based on Police Blotter Book), 0.0 drivers_injured, 0.0 drivers_killed, 0.0 passengers_injured, 0.0 passengers_killed, 0.0 pedestrian_injured, 0.0 pedestrian_killed, Fair (Night), EDSA Orense St. Makati",MMDA Road Safety Unit,,82fe9e2d-a044-4fe8-9279-d0b99c6bc034,2013-01-15,11:25:00,EDSA Approaching Evangelista St. Makati,0,0,0,0,0,0,0,0,0,0,2013-01-15 19:25,Property,14.56156378,121.0428336,No Collision Stated
None,EDSA,None,None,"No Accident Factor, Side Swipe-Same Direction, 0.0 drivers_injured, 0.0 drivers_killed, 0.0 passengers_injured, 0.0 passengers_killed, 0.0 pedestrian_injured, 0.0 pedestrian_killed, Fair (Day), EDSA Magallanes Ave. Makati",MMDA Road Safety Unit,,9aabbf2e-0ce8-4237-bdaa-b933dc344285,2013-01-15,04:50:00,EDSA Mc Kinley Access Road Makati,0,0,0,0,0,0,0,0,0,0,2013-01-15 12:50,Property,14.53924572,121.0142961,Side Swipe
None,EDSA,None,None,"No Accident Factor, Angle Impact, 1.0 drivers_injured, 0.0 drivers_killed, 0.0 passengers_injured, 0.0 passengers_killed, 0.0 pedestrian_injured, 0.0 pedestrian_killed, Fair (Night), EDSA Ayala Ave. Makati",MMDA Road Safety Unit,,e693ff7a-0ad4-483e-ac13-4929eb2df09d,2013-01-14,12:30:00,EDSA Estrella St. Makati,0,0,0,1,0,0,0,0,0,1,2013-01-14 20:30,Injury,14.5503157,121.0293627,Angle Impact
None,EDSA,None,None,"No Accident Factor, Rear-end, 0.0 drivers_injured, 0.0 drivers_killed, 0.0 passengers_injured, 0.0 passengers_killed, 0.0 pedestrian_injured, 0.0 pedestrian_killed, Rain (Day), EDSA Mantrade, before Magallanes Interchange Makati",MMDA Road Safety Unit,,1267477f-7c92-44ce-91c1-2c1b226cb234,2013-01-12,05:20:00,EDSA Buendia U Turn Slot Makati,0,0,0,0,0,0,0,0,0,0,2013-01-12 13:20,Property,14.54127991,121.0184601,Rear-End
None,EDSA,None,None,"No Accident Factor, No Collision Stated (based on Police Blotter Book), 0.0 drivers_injured, 0.0 drivers_killed, 0.0 passengers_injured, 0.0 passengers_killed, 0.0 pedestrian_injured, 0.0 pedestrian_killed, Fair (Night), EDSA McKinley Road Makati",MMDA Road Safety Unit,,334aa811-8563-4f85-9284-1c25c2a9f071,2013-01-09,15:30:00,EDSA Amorsolo St. Makati,0,0,0,0,0,0,0,0,0,0,2013-01-09 23:30,Property,14.55015688,121.0295286,No Collision Stated
None,EDSA,None,None,"No Accident Factor, Side Swipe, 0.0 drivers_injured, 0.0 drivers_killed, 0.0 passengers_injured, 0.0 passengers_killed, 0.0 pedestrian_injured, 0.0 pedestrian_killed, Fair (Night), EDSA Bernardino St., Bgy. Guadalupe Viejo Makati",MMDA Road Safety Unit,,5e858706-c7e7-4d44-863e-a9dd7f7cec11,2013-01-08,12:15:00,EDSA Fronting Loyola Memorial Chapel Makati,0,0,0,0,0,0,0,0,0,0,2013-01-08 20:15,Property,14.56598119,121.0451074,Side Swipe
None,EDSA,None,None,"No Accident Factor, No Collision Stated (based on Police Blotter Book), 0.0 drivers_injured, 0.0 drivers_killed, 0.0 passengers_injured, 0.0 passengers_killed, 0.0 pedestrian_injured, 0.0 pedestrian_killed, Fair (Day), EDSA Estrella St. Makati",MMDA Road Safety Unit,,6c0d6bb9-8d52-409a-85b4-51b0435f0a25,2013-01-08,04:00:00,EDSA MAntrade Makati,0,0,0,0,0,0,0,0,0,0,2013-01-08 12:00,Property,14.56004326,121.0411034,No Collision Stated
None,EDSA,None,None,"No Accident Factor, No Collision Stated (based on Police Blotter Book), 0.0 drivers_injured, 0.0 drivers_killed, 0.0 passengers_injured, 0.0 passengers_killed, 0.0 pedestrian_injured, 0.0 pedestrian_killed, Fair (Night), EDSA Palm Drive Makati",MMDA Road Safety Unit,,8c57067f-43e0-41c5-b7cc-f726c90ed842,2013-01-07,13:30:00,EDSA Buendia   Makati,0,0,0,0,0,0,0,0,0,0,2013-01-07 21:30,Property,14.54840479,121.0270209,No Collision Stated
None,EDSA,None,None,"No Accident Factor, Rear-end (Multiple), 0.0 drivers_injured, 0.0 drivers_killed, 0.0 passengers_injured, 0.0 passengers_killed, 0.0 pedestrian_injured, 0.0 pedestrian_killed, Fair (Day), EDSA Ayala Ave., Bgy. Urdaneta Makati",MMDA Road Safety Unit,,390ab209-dbf7-4cc0-81a8-f3bfea82063e,2013-01-07,02:45:00,EDSA Approaching A. Arnaiz Ave. Makati,0,0,0,0,0,0,0,0,0,0,2013-01-07 10:45,Property,14.55036403,121.0293952,Rear-End
None,EDSA,None,None,"No Accident Factor, Self-Accident, 0.0 drivers_injured, 0.0 drivers_killed, 1.0 passengers_injured, 0.0 passengers_killed, 0.0 pedestrian_injured, 0.0 pedestrian_killed, Fair (Day), EDSA Cloverleaf (East), Guadalupe Makati",MMDA Road Safety Unit,,c755bc66-2589-48e9-aa6c-f84ac3ba54f3,2013-01-05,22:30:00,EDSA Harvard St. Makati,0,0,0,0,1,0,0,0,0,1,2013-01-06 6:30,Injury,14.56711033,121.0456449,Self-Accident
None,EDSA,None,None,"No Accident Factor, Rear-end (Multiple), 1.0 drivers_injured, 0.0 drivers_killed, 0.0 passengers_injured, 0.0 passengers_killed, 0.0 pedestrian_injured, 0.0 pedestrian_killed, Fair (Day), EDSA Cloverleaf (West) Makati",MMDA Road Safety Unit,,8ea0ac67-c206-4fa3-a1a8-032e700a76eb,2013-01-05,08:15:00,EDSA Fronting Carlos Seminary Guadalupe Makati,0,0,0,1,0,0,0,0,0,1,2013-01-05 16:15,Injury,14.56711033,121.0456449,Rear-End
None,EDSA,None,None,"No Accident Factor, No Collision Stated (based on Police Blotter Book), 0.0 drivers_injured, 0.0 drivers_killed, 0.0 passengers_injured, 0.0 passengers_killed, 0.0 pedestrian_injured, 0.0 pedestrian_killed, Fair (Day), EDSA before Evangelista St. Makati",MMDA Road Safety Unit,,ad918b8f-3bab-4f6c-afdd-6f833c8172a7,2012-12-28,03:20:00,EDSA Mantrade Makati,0,0,0,0,0,0,0,0,0,0,2012-12-28 11:20,Property,14.53919847,121.0125038,No Collision Stated
None,EDSA,None,None,"No Accident Factor, Self-Accident, 0.0 drivers_injured, 0.0 drivers_killed, 1.0 passengers_injured, 0.0 passengers_killed, 0.0 pedestrian_injured, 0.0 pedestrian_killed, Fair (Day), EDSA A.Arnaiz (SB) Makati",MMDA Road Safety Unit,,c7f48212-1b88-43a8-bfee-e390ba1bbcaf,2012-12-26,07:00:00,"EDSA Estrella St., Brgy. Guadalupe   Makati",0,0,0,0,1,0,0,0,0,1,2012-12-26 15:00,Injury,14.54746604,121.0258187,Self-Accident
None,EDSA,None,None,"No Accident Factor, No Collision Stated (based on Police Blotter Book), 0.0 drivers_injured, 0.0 drivers_killed, 0.0 passengers_injured, 0.0 passengers_killed, 0.0 pedestrian_injured, 0.0 pedestrian_killed, Fair (Day), EDSA before Guadalupe MRT Station  Makati",MMDA Road Safety Unit,,81cdf834-97f1-486d-87cc-59ffe178e9c9,2012-12-23,07:40:00,EDSA Buendia U Turn Slot Makati,0,0,0,0,0,0,0,0,0,0,2012-12-23 15:40,Property,14.56610984,121.0453776,No Collision Stated
None,EDSA,None,None,"No Accident Factor, Hit and Run (No Collision Stated), 0.0 drivers_injured, 0.0 drivers_killed, 0.0 passengers_injured, 0.0 passengers_killed, 0.0 pedestrian_injured, 0.0 pedestrian_killed, Fair (Night), EDSA Ayala Ave. Makati",MMDA Road Safety Unit,,95bdd9f4-cf33-46ea-8127-49e20603f9d5,2012-12-22,13:45:00,EDSA Kalayaan Ave. N/B Brgy. Pinagkaisahan Makati,0,0,0,0,0,0,0,0,0,0,2012-12-22 21:45,Property,14.5503157,121.0293627,No Collision Stated
None,EDSA,None,None,"No Accident Factor, Side Swipe, 0.0 drivers_injured, 0.0 drivers_killed, 0.0 passengers_injured, 0.0 passengers_killed, 0.0 pedestrian_injured, 0.0 pedestrian_killed, Fair (Night), EDSA Amorsolo St. Makati",MMDA Road Safety Unit,,588b1d3d-0447-467c-be79-c118130190a9,2012-12-22,12:30:00,EDSA Evangelesta St. Makati,0,0,0,0,0,0,0,0,0,0,2012-12-22 20:30,Property,14.54231742,121.0194498,Side Swipe
None,EDSA,None,None,"No Accident Factor, Side Swipe, 0.0 drivers_injured, 0.0 drivers_killed, 0.0 passengers_injured, 0.0 passengers_killed, 0.0 pedestrian_injured, 0.0 pedestrian_killed, Fair (Day), Edsa  Ayala Ave. Makati",MMDA Road Safety Unit,,b7d99de8-53fd-45bd-8671-7b8e630d58ba,2012-12-17,07:30:00,EDSA Magallanes Ave. Makati,0,0,0,0,0,0,0,0,0,0,2012-12-17 15:30,Property,14.55041654,121.0294372,Side Swipe
None,EDSA,None,None,"No Accident Factor, Side Swipe, 0.0 drivers_injured, 0.0 drivers_killed, 0.0 passengers_injured, 0.0 passengers_killed, 0.0 pedestrian_injured, 0.0 pedestrian_killed, Fair (Night), Edsa U-turn Slot Underneath Buendia-MRT Station  Makati",MMDA Road Safety Unit,,8267eb81-6039-425c-b106-7c64b4ac85d8,2012-12-15,14:00:00,EDSA Guadalupe MRT Station Makati,0,0,0,0,0,0,0,0,0,0,2012-12-15 22:00,Property,14.55412069,121.033899,Side Swipe
None,EDSA,None,None,"No Accident Factor, No Collision Stated (based on Police Blotter Book), 0.0 drivers_injured, 0.0 drivers_killed, 0.0 passengers_injured, 0.0 passengers_killed, 0.0 pedestrian_injured, 0.0 pedestrian_killed, Fair (Day), Edsa  Buendia (NB) Makati",MMDA Road Safety Unit,,b9e8ea3e-60b5-414c-bd0c-272a23adf342,2012-12-14,01:30:00,EDSA Kalayaan Brgy. Pinagkaisahan Makati,0,0,0,0,0,0,0,0,0,0,2012-12-14 9:30,Property,14.5552394,121.0350036,No Collision Stated
None,EDSA,None,None,"No Accident Factor, No Collision Stated (based on Police Blotter Book), 0.0 drivers_injured, 0.0 drivers_killed, 0.0 passengers_injured, 0.0 passengers_killed, 0.0 pedestrian_injured, 0.0 pedestrian_killed, Fair (Night), Edsa  before Magallanes, Bgy. San Lorenzo  Makati",MMDA Road Safety Unit,,fc16df87-4c90-471e-ab90-6a280a1ff9c2,2012-12-12,10:30:00,EDSA Estrella St. Makati,0,0,0,0,0,0,0,0,0,0,2012-12-12 18:30,Property,14.54202792,121.0192635,No Collision Stated
None,EDSA,None,None,"No Accident Factor, Rear-end, 0.0 drivers_injured, 0.0 drivers_killed, 0.0 passengers_injured, 0.0 passengers_killed, 0.0 pedestrian_injured, 0.0 pedestrian_killed, Fair (Night), Edsa  Mantrade (SB) Makati",MMDA Road Safety Unit,,39ccaa01-4442-4a3f-891d-f2461431c010,2012-12-08,14:30:00,EDSA Ayala Ave. Makati,0,0,0,0,0,0,0,0,0,0,2012-12-08 22:30,Property,14.54117685,121.0182892,Rear-End
None,EDSA,None,None,"No Accident Factor, Hit and Run (No Collision Stated), 0.0 drivers_injured, 0.0 drivers_killed, 0.0 passengers_injured, 0.0 passengers_killed, 0.0 pedestrian_injured, 0.0 pedestrian_killed, Fair (Night), Edsa fronting Caltex Gas Station, Bgy.  Pinagkaisahan  Makati",MMDA Road Safety Unit,,b5a1c205-0adb-4d8d-be1f-87a4f6d5e8b4,2012-12-08,14:00:00,EDSA Buendia Makati,0,0,0,0,0,0,0,0,0,0,2012-12-08 22:00,Property,14.55882933,121.0396337,No Collision Stated
None,EDSA,None,None,"No Accident Factor, No Collision Stated (based on Police Blotter Book), 0.0 drivers_injured, 0.0 drivers_killed, 0.0 passengers_injured, 0.0 passengers_killed, 0.0 pedestrian_injured, 0.0 pedestrian_killed, Fair (Night), Edsa  Ayala Ave. Makati",MMDA Road Safety Unit,,870ff6f3-d8c2-4497-944e-6aa57bb66c6d,2012-11-30,13:00:00,Edsa  Kalayaan Ave.  Makati,0,0,0,0,0,0,0,0,0,0,2012-11-30 21:00,Property,14.55041654,121.0294372,No Collision Stated
None,EDSA,None,None,"No Accident Factor, Angle Impact, 0.0 drivers_injured, 0.0 drivers_killed, 0.0 passengers_injured, 0.0 passengers_killed, 0.0 pedestrian_injured, 0.0 pedestrian_killed, Fair (Day), Edsa  Kalayaan Ave. Makati",MMDA Road Safety Unit,,adda0502-4822-4c5e-8493-521235d94692,2012-11-29,03:30:00,EDSA Magallanes Ave. Makati,0,0,0,0,0,0,0,0,0,0,2012-11-29 11:30,Property,14.55516939,121.0349781,Angle Impact
None,EDSA,None,None,"No Accident Factor, No Collision Stated (based on Police Blotter Book), 1.0 drivers_injured, 0.0 drivers_killed, 0.0 passengers_injured, 0.0 passengers_killed, 0.0 pedestrian_injured, 0.0 pedestrian_killed, Fair (Night), EDSA East Service Road/Lapu Lapu St. Makati",MMDA Road Safety Unit,,cfd12e46-34e6-4d7c-9db6-16ffc8e3a694,2012-11-26,16:00:00,EDSA Approaching Magallanes Interchange Makati,0,0,0,1,0,0,0,0,0,1,2012-11-27,Injury,14.53964325,121.015609,No Collision Stated
None,EDSA,None,None,"No Accident Factor, Self-Accident, 0.0 drivers_injured, 0.0 drivers_killed, 0.0 passengers_injured, 0.0 passengers_killed, 0.0 pedestrian_injured, 0.0 pedestrian_killed, Fair (Day), EDSA Chino Roces Ave. Brgy. Magallanes Makati",MMDA Road Safety Unit,,60ad19b7-1b3a-4b77-b5ee-1f5c8e3404bb,2012-11-26,03:40:00,EDSA Evangelesta St. Makati,0,0,0,0,0,0,0,0,0,0,2012-11-26 11:40,Property,14.54117334,121.0183458,Self-Accident
None,EDSA,None,None,"No Accident Factor, No Collision Stated (based on Police Blotter Book), 0.0 drivers_injured, 0.0 drivers_killed, 0.0 passengers_injured, 0.0 passengers_killed, 0.0 pedestrian_injured, 0.0 pedestrian_killed, Fair (Day), EDSA East Service Road/Lapu Lapu St. Makati",MMDA Road Safety Unit,,01bf6b36-f9d2-4d28-ab74-906ba8717f3e,2012-11-24,09:00:00,EDSA Buendia Makati,0,0,0,0,0,0,0,0,0,0,2012-11-24 17:00,Property,14.53964325,121.015609,No Collision Stated
None,EDSA,None,None,"No Accident Factor, Self-Accident, 0.0 drivers_injured, 0.0 drivers_killed, 0.0 passengers_injured, 0.0 passengers_killed, 0.0 pedestrian_injured, 0.0 pedestrian_killed, Fair (Night), EDSA Kalayaan Ave. Brgy. Pinagkaisahan Makati",MMDA Road Safety Unit,,13142577-0a66-47c1-86d9-40d1fa16b674,2012-11-22,20:00:00,EDSA Palm Drive Makati,0,0,0,0,0,0,0,0,0,0,2012-11-23 4:00,Property,14.55767933,121.038147,Self-Accident
None,EDSA,None,None,"No Accident Factor, No Collision Stated (based on Police Blotter Book), 0.0 drivers_injured, 0.0 drivers_killed, 0.0 passengers_injured, 0.0 passengers_killed, 0.0 pedestrian_injured, 0.0 pedestrian_killed, Fair (Night), EDSA Kalayaan Ave. Brgy. Pinagkaisahan Makati",MMDA Road Safety Unit,,4e61a1de-a96f-46be-84d0-4168c79036ae,2012-11-22,20:00:00,EDSA A. Arnaiz Ave. Makati,0,0,0,0,0,0,0,0,0,0,2012-11-23 4:00,Property,14.55767933,121.038147,No Collision Stated
None,EDSA,None,None,"No Accident Factor, Rear-end, 0.0 drivers_injured, 0.0 drivers_killed, 0.0 passengers_injured, 0.0 passengers_killed, 0.0 pedestrian_injured, 0.0 pedestrian_killed, Fair (Day), EDSA After Gil Puyat Beside U Turn Slot Makati",MMDA Road Safety Unit,,0c035061-7168-459c-bc05-b324c5713ede,2012-11-21,08:15:00,EDSA Estrella St. Makati,0,0,0,0,0,0,0,0,0,0,2012-11-21 16:15,Property,14.5553818,121.0354466,Rear-End
None,EDSA,None,None,"No Accident Factor, Side Swipe, 0.0 drivers_injured, 0.0 drivers_killed, 0.0 passengers_injured, 0.0 passengers_killed, 0.0 pedestrian_injured, 0.0 pedestrian_killed, Fair (Day), EDSA Approaching Evangelista St. Makati",MMDA Road Safety Unit,,b73e6adc-b8c2-4c27-b107-bf453d847264,2012-11-21,04:45:00,EDSA Sen. Gil Puyat Ave. Makati,0,0,0,0,0,0,0,0,0,0,2012-11-21 12:45,Property,14.53919917,121.012586,Side Swipe
None,EDSA,None,None,"No Accident Factor, No Collision Stated (based on Police Blotter Book), 0.0 drivers_injured, 0.0 drivers_killed, 0.0 passengers_injured, 0.0 passengers_killed, 0.0 pedestrian_injured, 0.0 pedestrian_killed, Fair (Night), EDSA Mc Kinley Access Road Makati",MMDA Road Safety Unit,,9f8c3d68-8e43-4168-b797-a2dab87e1697,2012-11-20,10:30:00,EDSA Sen. Gil Puyat Ave. Makati,0,0,0,0,0,0,0,0,0,0,2012-11-20 18:30,Property,14.5501403,121.0294629,No Collision Stated
None,EDSA,None,None,"No Accident Factor, No Collision Stated (based on Police Blotter Book), 0.0 drivers_injured, 0.0 drivers_killed, 0.0 passengers_injured, 0.0 passengers_killed, 0.0 pedestrian_injured, 0.0 pedestrian_killed, Fair (Night), EDSA Estrella St. Makati",MMDA Road Safety Unit,,80c34a49-57eb-4f59-bece-1d77d9acf788,2012-11-20,10:15:00,EDSA Ayala MRT Loading Bay Makati,0,0,0,0,0,0,0,0,0,0,2012-11-20 18:15,Property,14.56004326,121.0411034,No Collision Stated
None,EDSA,None,None,"No Accident Factor, No Collision Stated (based on Police Blotter Book), 0.0 drivers_injured, 0.0 drivers_killed, 0.0 passengers_injured, 0.0 passengers_killed, 0.0 pedestrian_injured, 0.0 pedestrian_killed, Fair (Day), EDSA Buendia U Turn Slot Makati",MMDA Road Safety Unit,,b104721c-f711-4e5b-8697-6207884bc947,2012-11-20,09:30:00,EDSA Sen.Gil Puyat Ave. Brgy. Urdaneta Makati,0,0,0,0,0,0,0,0,0,0,2012-11-20 17:30,Property,14.55535357,121.0354,No Collision Stated
None,EDSA,None,None,"No Accident Factor, No Collision Stated (based on Police Blotter Book), 0.0 drivers_injured, 0.0 drivers_killed, 0.0 passengers_injured, 0.0 passengers_killed, 0.0 pedestrian_injured, 0.0 pedestrian_killed, Fair (Day), EDSA Amorsolo St. Makati",MMDA Road Safety Unit,,ecf50ff0-0d2d-43f1-bf2d-7a7078a74d80,2012-11-20,03:30:00,EDSA Fronting KOLM Bldg. Brgy.Magallanes Makati,0,0,0,0,0,0,0,0,0,0,2012-11-20 11:30,Property,14.54231742,121.0194498,No Collision Stated
None,EDSA,None,None,"No Accident Factor, No Collision Stated (based on Police Blotter Book), 0.0 drivers_injured, 0.0 drivers_killed, 0.0 passengers_injured, 0.0 passengers_killed, 0.0 pedestrian_injured, 0.0 pedestrian_killed, Fair (Day), EDSA Fronting Loyola Memorial Chapel Makati",MMDA Road Safety Unit,,94e31347-9126-4f71-9b96-9e66b2fbf880,2012-11-20,01:05:00,EDSA Ayala Ave. Brgy. San Lorenzo Makati,0,0,0,0,0,0,0,0,0,0,2012-11-20 9:05,Property,14.56543084,121.044954,No Collision Stated
None,EDSA,None,None,"No Accident Factor, No Collision Stated (based on Police Blotter Book), 0.0 drivers_injured, 0.0 drivers_killed, 0.0 passengers_injured, 0.0 passengers_killed, 0.0 pedestrian_injured, 0.0 pedestrian_killed, Fair (Night), EDSA MAntrade Makati",MMDA Road Safety Unit,,002b7ae5-131f-4c66-ab95-5abc2e8ab090,2012-11-19,14:15:00,EDSA South Super Highway Magallanes Makati,0,0,0,0,0,0,0,0,0,0,2012-11-19 22:15,Property,14.54127991,121.0184601,No Collision Stated
None,EDSA,None,None,"No Accident Factor, No Collision Stated (based on Police Blotter Book), 0.0 drivers_injured, 0.0 drivers_killed, 0.0 passengers_injured, 0.0 passengers_killed, 0.0 pedestrian_injured, 0.0 pedestrian_killed, Fair (Day), EDSA Buendia   Makati",MMDA Road Safety Unit,,8223a7f7-3d4c-4fde-b84f-2c3e255025cf,2012-11-19,08:30:00,EDSA Sen.Gil Puyat Ave. (S/B) Brgy. Urdaneta Makati,0,0,0,0,0,0,0,0,0,0,2012-11-19 16:30,Property,14.5549709,121.0347642,No Collision Stated
None,EDSA,None,None,"No Accident Factor, Side Swipe, 0.0 drivers_injured, 0.0 drivers_killed, 0.0 passengers_injured, 0.0 passengers_killed, 0.0 pedestrian_injured, 0.0 pedestrian_killed, Fair (Day), EDSA Approaching A. Arnaiz Ave. Makati",MMDA Road Safety Unit,,22118d0b-cf64-47ec-9ef0-353b2d9e8da4,2012-11-19,01:20:00,EDSA Buendia MRT N/B Makati,0,0,0,0,0,0,0,0,0,0,2012-11-19 9:20,Property,14.54782601,121.0263304,Side Swipe
None,EDSA,None,None,"No Accident Factor, No Collision Stated (based on Police Blotter Book), 0.0 drivers_injured, 0.0 drivers_killed, 0.0 passengers_injured, 0.0 passengers_killed, 0.0 pedestrian_injured, 0.0 pedestrian_killed, Fair (Day), EDSA Harvard St. Makati",MMDA Road Safety Unit,,092aa149-5e08-43ee-aaf3-29209174a0f0,2012-11-19,00:30:00,EDSA A. Arnaiz Ave. Makati,0,0,0,0,0,0,0,0,0,0,2012-11-19 8:30,Property,14.55920138,121.0400581,No Collision Stated
None,EDSA,None,None,"No Accident Factor, Angle Impact, 0.0 drivers_injured, 0.0 drivers_killed, 0.0 passengers_injured, 0.0 passengers_killed, 0.0 pedestrian_injured, 0.0 pedestrian_killed, Fair (Day), EDSA Fronting Carlos Seminary Guadalupe Makati",MMDA Road Safety Unit,,01e725ef-fbfa-4f84-8d0b-4c64e96d4330,2012-11-18,23:30:00,"EDSA Ayala MRT Station, Brgy. San Lorenzo Makati",0,0,0,0,0,0,0,0,0,0,2012-11-19 7:30,Property,14.56320695,121.0439048,Angle Impact