LOCATION_TEXT,ROAD,WEATHER,LIGHT,DESC,REPORTING_AGENCY,MAIN_CAUSE,INCIDENTDETAILS_ID,DATE_UTC,TIME_UTC,ADDRESS,killed_driver,killed_passenger,killed_pedestrian,injured_driver,injured_passenger,injured_pedestrian,killed_uncategorized,injured_uncategorized,killed_total,injured_total,DATETIME_PST,SEVERITY,Y,X,COLLISION_TYPE
None,EDSA,None,None,"No Accident Factor, No Collision Stated (based on Police Blotter Book), 0.0 drivers_injured, 0.0 drivers_killed, 0.0 passengers_injured, 0.0 passengers_killed, 0.0 pedestrian_injured, 0.0 pedestrian_killed, Fair (Day), EDSA Mantrade Makati",MMDA Road Safety Unit,,d3022569-0413-4049-8604-45a6c0d7fd78,2012-11-18,23:30:00,EDSA Magallanes Interchange (NB) Makati,0,0,0,0,0,0,0,0,0,0,2012-11-19 7:30,Property,14.54127991,121.0184601,No Collision Stated
None,EDSA,None,None,"No Accident Factor, No Collision Stated (based on Police Blotter Book), 0.0 drivers_injured, 0.0 drivers_killed, 0.0 passengers_injured, 0.0 passengers_killed, 0.0 pedestrian_injured, 0.0 pedestrian_killed, Fair (Day), EDSA Estrella St., Brgy. Guadalupe   Makati",MMDA Road Safety Unit,,457232ee-7c5c-4795-a356-cf5302e8f73d,2012-11-18,23:30:00,"EDSA Sen. Gil Puyat Ave., Brgy. Bel-Air Makati",0,0,0,0,0,0,0,0,0,0,2012-11-19 7:30,Property,14.56004326,121.0411034,No Collision Stated
None,EDSA,None,None,"No Accident Factor, No Collision Stated (based on Police Blotter Book), 0.0 drivers_injured, 0.0 drivers_killed, 0.0 passengers_injured, 0.0 passengers_killed, 0.0 pedestrian_injured, 0.0 pedestrian_killed, Fair (Night), EDSA Buendia U Turn Slot Makati",MMDA Road Safety Unit,,09dadd6a-1da6-489d-8ca8-b92f7d7abc43,2012-11-18,11:20:00,EDSA Mantrade Service Road Makati,0,0,0,0,0,0,0,0,0,0,2012-11-18 19:20,Property,14.55535357,121.0354,No Collision Stated
None,EDSA,None,None,"No Accident Factor, No Collision Stated (based on Police Blotter Book), 0.0 drivers_injured, 0.0 drivers_killed, 0.0 passengers_injured, 0.0 passengers_killed, 0.0 pedestrian_injured, 0.0 pedestrian_killed, Fair (Day), EDSA Kalayaan Ave. N/B Brgy. Pinagkaisahan Makati",MMDA Road Safety Unit,,f48a2325-db32-4e96-b0ac-4ba2491f0e8c,2012-11-15,22:40:00,EDSA Magallanes Ave. Makati,0,0,0,0,0,0,0,0,0,0,2012-11-16 6:40,Property,14.55767933,121.038147,No Collision Stated
None,EDSA,None,None,"No Accident Factor, Hit and Run (No Collision Stated), 0.0 drivers_injured, 0.0 drivers_killed, 0.0 passengers_injured, 0.0 passengers_killed, 0.0 pedestrian_injured, 0.0 pedestrian_killed, Fair (Night), EDSA Evangelesta St. Makati",MMDA Road Safety Unit,,3878531c-ea81-4eb3-89ff-aeb817765c46,2012-11-13,10:30:00,EDSA MRT-Ayala Station Makati,0,0,0,0,0,0,0,0,0,0,2012-11-13 18:30,Property,14.53906878,121.012324,No Collision Stated
None,EDSA,None,None,"No Accident Factor, Angle Impact, 0.0 drivers_injured, 0.0 drivers_killed, 0.0 passengers_injured, 0.0 passengers_killed, 0.0 pedestrian_injured, 0.0 pedestrian_killed, Fair (Day), EDSA Magallanes Ave. Makati",MMDA Road Safety Unit,,1a26e74d-a183-4214-9260-4ab1890648b5,2012-11-13,03:30:00,EDSA Ayala Ave. Makati,0,0,0,0,0,0,0,0,0,0,2012-11-13 11:30,Property,14.53924572,121.0142961,Angle Impact
None,EDSA,None,None,"No Accident Factor, Rear-end, 0.0 drivers_injured, 0.0 drivers_killed, 0.0 passengers_injured, 0.0 passengers_killed, 0.0 pedestrian_injured, 0.0 pedestrian_killed, Fair (Night), EDSA Guadalupe MRT Station Makati",MMDA Road Safety Unit,,41d12638-ca6a-4b1a-85ed-b028aa95446b,2012-11-12,12:00:00,Edsa Estrella St. Makati,0,0,0,0,0,0,0,0,0,0,2012-11-12 20:00,Property,14.56672028,121.0454643,Rear-End
None,EDSA,None,None,"No Accident Factor, No Collision Stated (based on Police Blotter Book), 0.0 drivers_injured, 0.0 drivers_killed, 0.0 passengers_injured, 0.0 passengers_killed, 0.0 pedestrian_injured, 0.0 pedestrian_killed, Fair (Day), EDSA Kalayaan Brgy. Pinagkaisahan Makati",MMDA Road Safety Unit,,8c692adf-d377-4caa-8dc2-18b2a3a15157,2012-11-12,00:00:00,EDSA Magallanes Interchange Makati,0,0,0,0,0,0,0,0,0,0,2012-11-12 8:00,Property,14.55756121,121.0378941,No Collision Stated
None,EDSA,None,None,"No Accident Factor, Hit and Run (No Collision Stated), 0.0 drivers_injured, 0.0 drivers_killed, 0.0 passengers_injured, 0.0 passengers_killed, 0.0 pedestrian_injured, 0.0 pedestrian_killed, Fair (Night), EDSA Estrella St. Makati",MMDA Road Safety Unit,,c653bae1-086a-42a6-bb89-3a7e109a9baf,2012-11-09,14:25:00,EDSA MRT Buendia Makati,0,0,0,0,0,0,0,0,0,0,2012-11-09 22:25,Property,14.56004326,121.0411034,No Collision Stated
None,EDSA,None,None,"No Accident Factor, Angle Impact, 1.0 drivers_injured, 0.0 drivers_killed, 0.0 passengers_injured, 0.0 passengers_killed, 0.0 pedestrian_injured, 0.0 pedestrian_killed, Fair (Day), EDSA Ayala Ave. Makati",MMDA Road Safety Unit,,f3625dd2-9085-4cde-b61b-6a8a0caf857a,2012-11-09,05:15:00,EDSA Ayala  Mckinley Road Makati,0,0,0,1,0,0,0,0,0,1,2012-11-09 13:15,Injury,14.5503157,121.0293627,Angle Impact
None,EDSA,None,None,"No Accident Factor, No Collision Stated (based on Police Blotter Book), 0.0 drivers_injured, 0.0 drivers_killed, 0.0 passengers_injured, 0.0 passengers_killed, 0.0 pedestrian_injured, 0.0 pedestrian_killed, Fair (Day), EDSA Buendia Makati",MMDA Road Safety Unit,,0f5e341d-ba9c-43a8-b4b7-bffa6c151dfa,2012-11-08,23:15:00,EDSA Estrella Brgy. Bel-Air Makati,0,0,0,0,0,0,0,0,0,0,2012-11-09 7:15,Property,14.5552368,121.0349749,No Collision Stated
None,EDSA,None,None,"No Accident Factor, Rear-end, 0.0 drivers_injured, 0.0 drivers_killed, 0.0 passengers_injured, 0.0 passengers_killed, 0.0 pedestrian_injured, 0.0 pedestrian_killed, Fair (Night), Edsa  Kalayaan Ave.  Makati",MMDA Road Safety Unit,,c90dd9cb-274d-42ba-9849-86cb1b7e1b1f,2012-11-08,10:05:00,EDSA Buendia Ave. Makati,0,0,0,0,0,0,0,0,0,0,2012-11-08 18:05,Property,14.55516939,121.0349781,Rear-End
None,EDSA,None,None,"No Accident Factor, No Collision Stated (based on Police Blotter Book), 0.0 drivers_injured, 0.0 drivers_killed, 0.0 passengers_injured, 0.0 passengers_killed, 0.0 pedestrian_injured, 0.0 pedestrian_killed, Fair (Day), EDSA Magallanes Ave. Makati",MMDA Road Safety Unit,,a1d9abb2-6dca-4d76-8c93-bb51921242cc,2012-11-08,04:20:00,EDSA A. Arnaiz Ave. Makati,0,0,0,0,0,0,0,0,0,0,2012-11-08 12:20,Property,14.53924572,121.0142961,No Collision Stated
None,EDSA,None,None,"No Accident Factor, No Collision Stated (based on Police Blotter Book), 0.0 drivers_injured, 0.0 drivers_killed, 0.0 passengers_injured, 0.0 passengers_killed, 0.0 pedestrian_injured, 0.0 pedestrian_killed, Fair (Day), EDSA Approaching Magallanes Interchange Makati",MMDA Road Safety Unit,,b825029d-832c-4449-b130-1f5fc9bc25b9,2012-11-07,08:00:00,EDSA Mc Kinley Road Makati,0,0,0,0,0,0,0,0,0,0,2012-11-07 16:00,Property,14.54239835,121.0195477,No Collision Stated
None,EDSA,None,None,"No Accident Factor, Hit and Run (Rear-end), 0.0 drivers_injured, 0.0 drivers_killed, 0.0 passengers_injured, 0.0 passengers_killed, 0.0 pedestrian_injured, 0.0 pedestrian_killed, Fair (Day), EDSA Evangelesta St. Makati",MMDA Road Safety Unit,,d68c29bc-75bf-455d-9eaf-27e0a01f93f8,2012-11-07,06:00:00,"EDSA fronting Shell Gas Station, Guadalupe Makati",0,0,0,0,0,0,0,0,0,0,2012-11-07 14:00,Property,14.53906878,121.012324,Rear-End
None,EDSA,None,None,"No Accident Factor, No Collision Stated (based on Police Blotter Book), 0.0 drivers_injured, 0.0 drivers_killed, 0.0 passengers_injured, 0.0 passengers_killed, 0.0 pedestrian_injured, 0.0 pedestrian_killed, Fair (Night), EDSA Buendia Makati",MMDA Road Safety Unit,,0d9290e9-0399-428e-ac8e-8d11d8a9fd71,2012-11-06,10:50:00,EDSA Ayala MRT Station Makati,0,0,0,0,0,0,0,0,0,0,2012-11-06 18:50,Property,14.5552368,121.0349749,No Collision Stated
None,EDSA,None,None,"No Accident Factor, Side Swipe, 0.0 drivers_injured, 0.0 drivers_killed, 0.0 passengers_injured, 0.0 passengers_killed, 0.0 pedestrian_injured, 0.0 pedestrian_killed, Fair (Night), EDSA Palm Drive Makati",MMDA Road Safety Unit,,2fbaa662-3686-47ef-a440-c2d5d65c0065,2012-11-05,11:30:00,EDSA Magallanes Ave. Makati,0,0,0,0,0,0,0,0,0,0,2012-11-05 19:30,Property,14.54840479,121.0270209,Side Swipe
None,EDSA,None,None,"No Accident Factor, Hit and Run (No Collision Stated), 0.0 drivers_injured, 0.0 drivers_killed, 0.0 passengers_injured, 0.0 passengers_killed, 0.0 pedestrian_injured, 0.0 pedestrian_killed, Fair (Day), EDSA A. Arnaiz Ave. Makati",MMDA Road Safety Unit,,48d28c9a-cc1c-4451-942e-4785f0e38227,2012-11-05,00:15:00,EDSA A.Arnaiz Ave. Makati,0,0,0,0,0,0,0,0,0,0,2012-11-05 8:15,Property,14.54734176,121.0262804,No Collision Stated
None,EDSA,None,None,"No Accident Factor, No Collision Stated (based on Police Blotter Book), 0.0 drivers_injured, 0.0 drivers_killed, 0.0 passengers_injured, 0.0 passengers_killed, 0.0 pedestrian_injured, 0.0 pedestrian_killed, Fair (Night), EDSA Estrella St. Makati",MMDA Road Safety Unit,,2ad1fe32-2cd9-4630-8c1a-4a7825cd3b78,2012-11-02,15:15:00,EDSA Lapu-lapu Ave. Makati,0,0,0,0,0,0,0,0,0,0,2012-11-02 23:15,Property,14.56004326,121.0411034,No Collision Stated
None,EDSA,None,None,"No Accident Factor, No Collision Stated (based on Police Blotter Book), 0.0 drivers_injured, 0.0 drivers_killed, 0.0 passengers_injured, 0.0 passengers_killed, 0.0 pedestrian_injured, 0.0 pedestrian_killed, Fair (Night), EDSA Sen. Gil Puyat Ave. Makati",MMDA Road Safety Unit,,c09ac3a0-df42-4ab5-8fab-2f7d14a4ec62,2012-10-29,14:25:00,EDSA Evangelista St. Makati,0,0,0,0,0,0,0,0,0,0,2012-10-29 22:25,Property,14.55483765,121.0348537,No Collision Stated
None,EDSA,None,None,"No Accident Factor, No Collision Stated (based on Police Blotter Book), 0.0 drivers_injured, 0.0 drivers_killed, 0.0 passengers_injured, 0.0 passengers_killed, 0.0 pedestrian_injured, 0.0 pedestrian_killed, Fair (Day), EDSA Sen. Gil Puyat Ave. Makati",MMDA Road Safety Unit,,289dc0c4-5675-4597-8157-97c40aebae16,2012-10-20,08:30:00,EDSA Evangelista St. Makati,0,0,0,0,0,0,0,0,0,0,2012-10-20 16:30,Property,14.55483765,121.0348537,No Collision Stated
None,EDSA,None,None,"No Accident Factor, No Collision Stated (based on Police Blotter Book), 0.0 drivers_injured, 0.0 drivers_killed, 0.0 passengers_injured, 0.0 passengers_killed, 0.0 pedestrian_injured, 0.0 pedestrian_killed, Fair (Night), EDSA Ayala MRT Loading Bay Makati",MMDA Road Safety Unit,,f19844e0-9dc4-4c59-a162-b6423111fe18,2012-10-19,11:10:00,EDSA A. Arnaiz Ave. Makati,0,0,0,0,0,0,0,0,0,0,2012-10-19 19:10,Property,14.54913499,121.0280408,No Collision Stated
None,EDSA,None,None,"No Accident Factor, No Collision Stated (based on Police Blotter Book), 0.0 drivers_injured, 0.0 drivers_killed, 0.0 passengers_injured, 0.0 passengers_killed, 0.0 pedestrian_injured, 0.0 pedestrian_killed, Fair (Night), EDSA Sen.Gil Puyat Ave. Brgy. Urdaneta Makati",MMDA Road Safety Unit,,e27eb785-42f5-418d-bdf6-c8c74f2628c9,2012-10-19,11:00:00,EDSA before Ayala Ave. Makati,0,0,0,0,0,0,0,0,0,0,2012-10-19 19:00,Property,14.55483765,121.0348537,No Collision Stated
None,EDSA,None,None,"No Accident Factor, No Collision Stated (based on Police Blotter Book), 0.0 drivers_injured, 0.0 drivers_killed, 0.0 passengers_injured, 0.0 passengers_killed, 0.0 pedestrian_injured, 0.0 pedestrian_killed, Fair (Day), EDSA Fronting KOLM Bldg. Brgy.Magallanes Makati",MMDA Road Safety Unit,,cc3f0408-fefc-4973-838c-b26a60202748,2012-10-17,04:30:00,EDSA Guingua St. Makati,0,0,0,0,0,0,0,0,0,0,2012-10-17 12:30,Property,14.53941128,121.0145003,No Collision Stated
None,EDSA,None,None,"No Accident Factor, No Collision Stated (based on Police Blotter Book), 0.0 drivers_injured, 0.0 drivers_killed, 0.0 passengers_injured, 0.0 passengers_killed, 0.0 pedestrian_injured, 0.0 pedestrian_killed, Fair (Day), EDSA Ayala Ave. Brgy. San Lorenzo Makati",MMDA Road Safety Unit,,8365006a-c194-4297-8037-3a21dfe6d665,2012-10-17,04:00:00,EDSA Magallanes Ave. Makati,0,0,0,0,0,0,0,0,0,0,2012-10-17 12:00,Property,14.5503157,121.0293627,No Collision Stated
None,EDSA,None,None,"No Accident Factor, No Collision Stated (based on Police Blotter Book), 0.0 drivers_injured, 0.0 drivers_killed, 0.0 passengers_injured, 0.0 passengers_killed, 0.0 pedestrian_injured, 0.0 pedestrian_killed, Fair (Day), EDSA South Super Highway Magallanes Makati",MMDA Road Safety Unit,,691b1e98-2bcc-4fa3-bb9a-0592c86cfdd7,2012-10-17,03:00:00,EDSA McKinley Road Makati,0,0,0,0,0,0,0,0,0,0,2012-10-17 11:00,Property,14.54054957,121.016932,No Collision Stated
None,EDSA,None,None,"No Accident Factor, No Collision Stated (based on Police Blotter Book), 0.0 drivers_injured, 0.0 drivers_killed, 0.0 passengers_injured, 0.0 passengers_killed, 0.0 pedestrian_injured, 0.0 pedestrian_killed, Fair (Day), EDSA Sen.Gil Puyat Ave. (S/B) Brgy. Urdaneta Makati",MMDA Road Safety Unit,,e284bc8a-008f-4abe-abc9-4d5d9f0a4950,2012-10-17,00:20:00,EDSA Chino Roces Ave. (Pasong Tamo) Makati,0,0,0,0,0,0,0,0,0,0,2012-10-17 8:20,Property,14.55483765,121.0348537,No Collision Stated
None,EDSA,None,None,"No Accident Factor, Rear-end, 0.0 drivers_injured, 0.0 drivers_killed, 0.0 passengers_injured, 0.0 passengers_killed, 0.0 pedestrian_injured, 0.0 pedestrian_killed, Fair (Night), EDSA near Buendia MRT N/B Makati",MMDA Road Safety Unit,,b6cbfcd4-c328-42c3-bb30-b83033efc98e,2012-10-16,11:20:00,EDSA Ayala Ave. Makati,0,0,0,0,0,0,0,0,0,0,2012-10-16 19:20,Property,14.55412069,121.033899,Rear-End
None,EDSA,None,None,"No Accident Factor, No Collision Stated (based on Police Blotter Book), 0.0 drivers_injured, 0.0 drivers_killed, 0.0 passengers_injured, 0.0 passengers_killed, 0.0 pedestrian_injured, 0.0 pedestrian_killed, Fair (Day), EDSA A. Arnaiz Ave. Makati",MMDA Road Safety Unit,,1c305dcc-8cc9-438c-b558-8ba98ee7756c,2012-10-15,05:30:00,EDSA Estrella St. Makati,0,0,0,0,0,0,0,0,0,0,2012-10-15 13:30,Property,14.54734176,121.0262804,No Collision Stated
None,EDSA,None,None,"No Accident Factor, No Collision Stated (based on Police Blotter Book), 0.0 drivers_injured, 0.0 drivers_killed, 0.0 passengers_injured, 0.0 passengers_killed, 0.0 pedestrian_injured, 0.0 pedestrian_killed, Fair (Day), EDSA Ayala MRT Station, Brgy. San Lorenzo Makati",MMDA Road Safety Unit,,6a3b5a97-e560-4b8d-9bff-0fad877b6873,2012-10-15,02:30:00,EDSA Kalayaan Ave. Makati,0,0,0,0,0,0,0,0,0,0,2012-10-15 10:30,Property,14.54913499,121.0280408,No Collision Stated
None,EDSA,None,None,"No Accident Factor, No Collision Stated (based on Police Blotter Book), 0.0 drivers_injured, 0.0 drivers_killed, 0.0 passengers_injured, 0.0 passengers_killed, 0.0 pedestrian_injured, 0.0 pedestrian_killed, Fair (Day), EDSA Magallanes Interchange (NB) Makati",MMDA Road Safety Unit,,0d557b9e-c0ec-45f7-abb8-46e45ad4b8b8,2012-10-14,04:30:00,EDSA before Guadalupe Bridge Makati,0,0,0,0,0,0,0,0,0,0,2012-10-14 12:30,Property,14.54679556,121.0248047,No Collision Stated
None,EDSA,None,None,"No Accident Factor, Rear-end, 0.0 drivers_injured, 0.0 drivers_killed, 0.0 passengers_injured, 0.0 passengers_killed, 0.0 pedestrian_injured, 0.0 pedestrian_killed, Fair (Day), EDSA Sen. Gil Puyat Ave., Brgy. Bel-Air Makati",MMDA Road Safety Unit,,4ff1e366-979e-4f10-b920-92958448b82c,2012-10-11,01:30:00,"EDSA fronting Sogo Hotel, Guadalupe Makati",0,0,0,0,0,0,0,0,0,0,2012-10-11 9:30,Property,14.55483765,121.0348537,Rear-End
None,EDSA,None,None,"No Accident Factor, No Collision Stated (based on Police Blotter Book), 0.0 drivers_injured, 0.0 drivers_killed, 0.0 passengers_injured, 0.0 passengers_killed, 0.0 pedestrian_injured, 0.0 pedestrian_killed, Fair (Day), EDSA Mantrade Service Road Makati",MMDA Road Safety Unit,,e46019fa-712b-4748-b385-7ae4ffdd8477,2012-10-11,00:50:00,EDSA Ayala Ave. Makati,0,0,0,0,0,0,0,0,0,0,2012-10-11 8:50,Property,14.54127991,121.0184601,No Collision Stated
None,EDSA,None,None,"No Accident Factor, Side Swipe, 0.0 drivers_injured, 0.0 drivers_killed, 0.0 passengers_injured, 0.0 passengers_killed, 0.0 pedestrian_injured, 0.0 pedestrian_killed, Fair (Night), EDSA Magallanes Ave. Makati",MMDA Road Safety Unit,,f6e246c5-7745-4082-9655-abea00bbe701,2012-10-10,13:30:00,"EDSA Ayala Ave., Bgy. Urdaneta Makati",0,0,0,0,0,0,0,0,0,0,2012-10-10 21:30,Property,14.53924572,121.0142961,Side Swipe
None,EDSA,None,None,"No Accident Factor, No Collision Stated (based on Police Blotter Book), 0.0 drivers_injured, 0.0 drivers_killed, 0.0 passengers_injured, 0.0 passengers_killed, 0.0 pedestrian_injured, 0.0 pedestrian_killed, Fair (Day), EDSA MRT-Ayala Station Makati",MMDA Road Safety Unit,,e3c2de76-c70e-4c71-b4e8-9d73fa64dc7b,2012-10-07,03:40:00,EDSA Antonio S. Arnaiz Ave. (Pasay Road) Makati,0,0,0,0,0,0,0,0,0,0,2012-10-07 11:40,Property,14.54908096,121.0280142,No Collision Stated
None,EDSA,None,None,"No Accident Factor, No Collision Stated (based on Police Blotter Book), 0.0 drivers_injured, 0.0 drivers_killed, 0.0 passengers_injured, 0.0 passengers_killed, 0.0 pedestrian_injured, 0.0 pedestrian_killed, Fair (Day), EDSA Ayala Ave. Makati",MMDA Road Safety Unit,,ec71d800-1b30-4da6-a17d-01be9e30f5d6,2012-10-06,23:50:00,EDSA Magallanes Interchange Makati,0,0,0,0,0,0,0,0,0,0,2012-10-07 7:50,Property,14.5503157,121.0293627,No Collision Stated
None,EDSA,None,None,"No Accident Factor, Rear-end, 0.0 drivers_injured, 0.0 drivers_killed, 0.0 passengers_injured, 0.0 passengers_killed, 0.0 pedestrian_injured, 0.0 pedestrian_killed, Fair (Night), Edsa Estrella St. Makati",MMDA Road Safety Unit,,a6210bf8-69c4-40f5-9547-4061fa7253b4,2012-10-06,17:25:00,EDSA Ayala Ave. Makati,0,0,0,0,0,0,0,0,0,0,2012-10-07 1:25,Property,14.56004326,121.0411034,Rear-End
None,EDSA,None,None,"No Accident Factor, No Collision Stated (based on Police Blotter Book), 0.0 drivers_injured, 0.0 drivers_killed, 0.0 passengers_injured, 0.0 passengers_killed, 0.0 pedestrian_injured, 0.0 pedestrian_killed, Fair (Day), EDSA Magallanes Interchange Makati",MMDA Road Safety Unit,,f2fdb7be-085d-4169-9f7e-899013a236b6,2012-10-05,07:10:00,EDSA fronting Jollibee Evangelista St. Brgy. Bangkal Makati,0,0,0,0,0,0,0,0,0,0,2012-10-05 15:10,Property,14.54679556,121.0248047,No Collision Stated
None,EDSA,None,None,"No Accident Factor, No Collision Stated (based on Police Blotter Book), 0.0 drivers_injured, 0.0 drivers_killed, 0.0 passengers_injured, 0.0 passengers_killed, 0.0 pedestrian_injured, 0.0 pedestrian_killed, Fair (Day), EDSA MRT Buendia Makati",MMDA Road Safety Unit,,db2a7e03-b9d6-4949-b59c-db01d19fdb40,2012-10-04,01:30:00,"EDSA Mc Kinley Road., Brgy. Porbes Park Makati",0,0,0,0,0,0,0,0,0,0,2012-10-04 9:30,Property,14.55426124,121.033876,No Collision Stated
None,EDSA,None,None,"No Accident Factor, No Collision Stated (based on Police Blotter Book), 0.0 drivers_injured, 0.0 drivers_killed, 0.0 passengers_injured, 0.0 passengers_killed, 0.0 pedestrian_injured, 0.0 pedestrian_killed, Fair (Night), EDSA Ayala  Mckinley Road Makati",MMDA Road Safety Unit,,bb0cf0e1-e070-4a35-b44f-fa1edc5d2b05,2012-10-03,13:30:00,EDSA Antonio S. Arnaiz Ave. (Pasay Road) Makati,0,0,0,0,0,0,0,0,0,0,2012-10-03 21:30,Property,14.55022041,121.0294622,No Collision Stated
None,EDSA,None,None,"No Accident Factor, No Collision Stated (based on Police Blotter Book), 0.0 drivers_injured, 0.0 drivers_killed, 0.0 passengers_injured, 0.0 passengers_killed, 0.0 pedestrian_injured, 0.0 pedestrian_killed, Fair (Day), EDSA Estrella Brgy. Bel-Air Makati",MMDA Road Safety Unit,,3483d0be-667b-44bb-8cc2-fc50938fc98b,2012-10-01,00:45:00,EDSA McKinley Road Makati,0,0,0,0,0,0,0,0,0,0,2012-10-01 8:45,Property,14.56004326,121.0411034,No Collision Stated
None,EDSA,None,None,"No Accident Factor, No Collision Stated (based on Police Blotter Book), 0.0 drivers_injured, 0.0 drivers_killed, 0.0 passengers_injured, 0.0 passengers_killed, 0.0 pedestrian_injured, 0.0 pedestrian_killed, Fair (Night), EDSA Buendia Ave. Makati",MMDA Road Safety Unit,,76b9a741-f108-4178-9657-afe23fb5a38f,2012-09-28,17:20:00,EDSA Ayala Ave. Makati,0,0,0,0,0,0,0,0,0,0,2012-09-29 1:20,Property,14.55516134,121.0349756,No Collision Stated
None,EDSA,None,None,"No Accident Factor, No Collision Stated (based on Police Blotter Book), 0.0 drivers_injured, 0.0 drivers_killed, 0.0 passengers_injured, 0.0 passengers_killed, 0.0 pedestrian_injured, 0.0 pedestrian_killed, Fair (Day), EDSA A. Arnaiz Ave. Makati",MMDA Road Safety Unit,,e5b84783-d49a-4fe7-8130-cf6d9ff4ccae,2012-09-27,06:45:00,EDSA Kalayaan Ave. Makati,0,0,0,0,0,0,0,0,0,0,2012-09-27 14:45,Property,14.54734176,121.0262804,No Collision Stated
None,EDSA,None,None,"No Accident Factor, Hit and Run (Side Swipe), 0.0 drivers_injured, 0.0 drivers_killed, 0.0 passengers_injured, 0.0 passengers_killed, 0.0 pedestrian_injured, 0.0 pedestrian_killed, Fair (Night), EDSA Mc Kinley Road Makati",MMDA Road Safety Unit,,51260add-0bd3-4613-9bb2-5c67f079a123,2012-09-22,21:30:00,"EDSA Evangelista St., Bgy. Bangkal Makati",0,0,0,0,0,0,0,0,0,0,2012-09-23 5:30,Property,14.5501403,121.0294629,Side Swipe
None,EDSA,None,None,"No Accident Factor, Rear-end, 0.0 drivers_injured, 0.0 drivers_killed, 0.0 passengers_injured, 0.0 passengers_killed, 0.0 pedestrian_injured, 0.0 pedestrian_killed, Fair (Night), EDSA fronting Shell Gas Station, Guadalupe Makati",MMDA Road Safety Unit,,0a5f89cd-5bb2-4ad4-be79-96a140a8ada8,2012-09-16,20:30:00,"EDSA Ayala Ave., Bgy. Urdaneta Makati",0,0,0,0,0,0,0,0,0,0,2012-09-17 4:30,Property,14.56015177,121.0412349,Rear-End
None,EDSA,None,None,"No Accident Factor, Hit and Run (No Collision Stated), 0.0 drivers_injured, 0.0 drivers_killed, 1.0 passengers_injured, 0.0 passengers_killed, 0.0 pedestrian_injured, 0.0 pedestrian_killed, Fair (Day), EDSA Ayala MRT Station Makati",MMDA Road Safety Unit,,40a1f642-eb38-4e3b-8a3e-149024a0f2c0,2012-09-10,04:00:00,EDSA Estrella St. Makati,0,0,0,0,1,0,0,0,0,1,2012-09-10 12:00,Injury,14.54913499,121.0280408,No Collision Stated
None,EDSA,None,None,"No Accident Factor, No Collision Stated (based on Police Blotter Book), 0.0 drivers_injured, 0.0 drivers_killed, 0.0 passengers_injured, 0.0 passengers_killed, 0.0 pedestrian_injured, 0.0 pedestrian_killed, Fair (Day), EDSA Magallanes Ave. Makati",MMDA Road Safety Unit,,8f854cd8-cc20-4fb9-8403-0e9010ca0c69,2012-09-07,02:30:00,"EDSA before Escuela St., Bgy. Guadalupe Makati",0,0,0,0,0,0,0,0,0,0,2012-09-07 10:30,Property,14.53924572,121.0142961,No Collision Stated
None,EDSA,None,None,"No Accident Factor, No Collision Stated (based on Police Blotter Book), 0.0 drivers_injured, 0.0 drivers_killed, 0.0 passengers_injured, 0.0 passengers_killed, 0.0 pedestrian_injured, 0.0 pedestrian_killed, Fair (Day), EDSA A.Arnaiz Ave. Makati",MMDA Road Safety Unit,,d8d3432b-66db-4a57-bb71-458b336dbb4e,2012-09-03,01:25:00,EDSA after Ayala Ave. Makati,0,0,0,0,0,0,0,0,0,0,2012-09-03 9:25,Property,14.54746604,121.0258187,No Collision Stated
None,EDSA,None,None,"No Accident Factor, No Collision Stated (based on Police Blotter Book), 0.0 drivers_injured, 0.0 drivers_killed, 0.0 passengers_injured, 0.0 passengers_killed, 0.0 pedestrian_injured, 0.0 pedestrian_killed, Fair (Night), EDSA Lapu-lapu Ave. Makati",MMDA Road Safety Unit,,6ca5d925-d831-4ed2-b40b-eece5a84f4e7,2012-08-31,20:40:00,"EDSA  Magallanes Ave., Bgy. Magallanes Makati",0,0,0,0,0,0,0,0,0,0,2012-09-01 4:40,Property,14.53968935,121.0155717,No Collision Stated
None,EDSA,None,None,"No Accident Factor, Side Swipe, 0.0 drivers_injured, 0.0 drivers_killed, 0.0 passengers_injured, 0.0 passengers_killed, 0.0 pedestrian_injured, 0.0 pedestrian_killed, Rain (Night), EDSA Evangelista St. Makati",MMDA Road Safety Unit,,0ce21047-8864-4751-8e7a-31c8a481c5eb,2012-08-29,12:45:00,"EDSA McKinley Road, Bgy. Forbes Park Makati",0,0,0,0,0,0,0,0,0,0,2012-08-29 20:45,Property,14.53906878,121.012324,Side Swipe
None,EDSA,None,None,"No Accident Factor, No Collision Stated (based on Police Blotter Book), 0.0 drivers_injured, 0.0 drivers_killed, 0.0 passengers_injured, 0.0 passengers_killed, 0.0 pedestrian_injured, 0.0 pedestrian_killed, Fair (Night), EDSA Evangelista St. Makati",MMDA Road Safety Unit,,daa901e3-917d-4e81-89a3-551b97b7d1a2,2012-08-09,11:30:00,EDSA Ayala Ave. Makati,0,0,0,0,0,0,0,0,0,0,2012-08-09 19:30,Property,14.53906878,121.012324,No Collision Stated