LOCATION_TEXT,ROAD,WEATHER,LIGHT,DESC,REPORTING_AGENCY,MAIN_CAUSE,INCIDENTDETAILS_ID,DATE_UTC,TIME_UTC,ADDRESS,killed_driver,killed_passenger,killed_pedestrian,injured_driver,injured_passenger,injured_pedestrian,killed_uncategorized,injured_uncategorized,killed_total,injured_total,DATETIME_PST,SEVERITY,Y,X,COLLISION_TYPE
None,EDSA,None,None,"No Accident Factor, Angle Impact, 0.0 drivers_injured, 0.0 drivers_killed, 0.0 passengers_injured, 0.0 passengers_killed, 0.0 pedestrian_injured, 0.0 pedestrian_killed, Fair (Night), EDSA A. Arnaiz Ave. Makati",MMDA Road Safety Unit,,d8bf8397-742f-4c76-a1d5-3b11adeedeca,2012-08-03,11:20:00,EDSA McKinley Road Makati,0,0,0,0,0,0,0,0,0,0,2012-08-03 19:20,Property,14.54734176,121.0262804,Angle Impact
None,EDSA,None,None,"No Accident Factor, No Collision Stated (based on Police Blotter Book), 0.0 drivers_injured, 0.0 drivers_killed, 0.0 passengers_injured, 0.0 passengers_killed, 0.0 pedestrian_injured, 0.0 pedestrian_killed, Fair (Day), EDSA before Ayala Ave. Makati",MMDA Road Safety Unit,,758d6cd7-1e9b-4c4f-ad90-26326f4189eb,2012-08-02,00:30:00,EDSA before Magallanes Interchange Makati,0,0,0,0,0,0,0,0,0,0,2012-08-02 8:30,Property,14.55048281,121.029498,No Collision Stated
None,EDSA,None,None,"No Accident Factor, No Collision Stated (based on Police Blotter Book), 0.0 drivers_injured, 0.0 drivers_killed, 0.0 passengers_injured, 0.0 passengers_killed, 0.0 pedestrian_injured, 0.0 pedestrian_killed, Fair (Night), EDSA Guingua St. Makati",MMDA Road Safety Unit,,45c46b64-ce87-49ff-be7b-d7ebcc5c778d,2012-07-23,10:40:00,"EDSA Antonio S. Arnaiz Ave. (Pasay Road), Bgy. San Lorenzo Makati",0,0,0,0,0,0,0,0,0,0,2012-07-23 18:40,Property,14.55666324,121.0371861,No Collision Stated
None,EDSA,None,None,"No Accident Factor, No Collision Stated (based on Police Blotter Book), 0.0 drivers_injured, 0.0 drivers_killed, 0.0 passengers_injured, 0.0 passengers_killed, 0.0 pedestrian_injured, 0.0 pedestrian_killed, Fair (Day), EDSA Magallanes Ave. Makati",MMDA Road Safety Unit,,80948f6f-0025-449a-8ff1-d14998593523,2012-07-23,06:30:00,EDSA Ayala Ave. Makati,0,0,0,0,0,0,0,0,0,0,2012-07-23 14:30,Property,14.53924572,121.0142961,No Collision Stated
None,EDSA,None,None,"No Accident Factor, Side Swipe, 0.0 drivers_injured, 0.0 drivers_killed, 0.0 passengers_injured, 0.0 passengers_killed, 0.0 pedestrian_injured, 0.0 pedestrian_killed, Rain (Night), EDSA McKinley Road Makati",MMDA Road Safety Unit,,a33c1361-7ec8-463d-bbb4-dddd96f421e9,2012-07-20,18:20:00,EDSA Antonio S. Arnaiz Ave. (Pasay Road) Makati,0,0,0,0,0,0,0,0,0,0,2012-07-21 2:20,Property,14.55015688,121.0295286,Side Swipe
None,EDSA,None,None,"No Accident Factor, Angle Impact, 0.0 drivers_injured, 0.0 drivers_killed, 0.0 passengers_injured, 0.0 passengers_killed, 0.0 pedestrian_injured, 0.0 pedestrian_killed, Fair (Day), EDSA Chino Roces Ave. (Pasong Tamo) Makati",MMDA Road Safety Unit,,14d301d9-1751-48a4-a6d7-462c3f64aeab,2012-07-18,05:30:00,EDSA Antonio S. Arnaiz Ave. (Pasay Road) Makati,0,0,0,0,0,0,0,0,0,0,2012-07-18 13:30,Property,14.54117334,121.0183458,Angle Impact
None,EDSA,None,None,"No Accident Factor, Hit and Run (Angle Impact), 0.0 drivers_injured, 0.0 drivers_killed, 0.0 passengers_injured, 0.0 passengers_killed, 0.0 pedestrian_injured, 0.0 pedestrian_killed, Fair (Night), EDSA Ayala Ave. Makati",MMDA Road Safety Unit,,b63a0f2b-5c21-40dc-8b17-2668340fc0e9,2012-07-17,14:00:00,"EDSA before Sen. Gil J. Puyat Ave. (Buendia Ave. Ext.), Bgy. Urdaneta Makati",0,0,0,0,0,0,0,0,0,0,2012-07-17 22:00,Property,14.5503157,121.0293627,Angle Impact
None,EDSA,None,None,"No Accident Factor, Rear-end, 0.0 drivers_injured, 0.0 drivers_killed, 0.0 passengers_injured, 0.0 passengers_killed, 0.0 pedestrian_injured, 0.0 pedestrian_killed, Fair (Day), EDSA Estrella St. Makati",MMDA Road Safety Unit,,5dcf76e8-8848-43fa-a6a6-506a6c3a3f3f,2012-07-02,00:30:00,EDSA Magallanes on Rump. Makati,0,0,0,0,0,0,0,0,0,0,2012-07-02 8:30,Property,14.56004326,121.0411034,Rear-End
None,EDSA,None,None,"No Accident Factor, Side Swipe, 0.0 drivers_injured, 0.0 drivers_killed, 0.0 passengers_injured, 0.0 passengers_killed, 0.0 pedestrian_injured, 0.0 pedestrian_killed, Fair (Day), EDSA Kalayaan Ave. Makati",MMDA Road Safety Unit,,3a5e69a6-18f1-4974-9887-69f153ec92b7,2012-06-22,09:30:00,EDSA Estrella St. Makati,0,0,0,0,0,0,0,0,0,0,2012-06-22 17:30,Property,14.55767933,121.038147,Side Swipe
None,EDSA,None,None,"No Accident Factor, Rear-end, 0.0 drivers_injured, 0.0 drivers_killed, 0.0 passengers_injured, 0.0 passengers_killed, 0.0 pedestrian_injured, 0.0 pedestrian_killed, Fair (Day), EDSA before Guadalupe Bridge Makati",MMDA Road Safety Unit,,ec3592d7-bd21-4c59-9b88-c743eb40cb9d,2012-06-20,09:30:00,"EDSA before MMDA, Bgy. Guadalupe Nuevo Makati",0,0,0,0,0,0,0,0,0,0,2012-06-20 17:30,Property,14.56898381,121.0459439,Rear-End
None,EDSA,None,None,"No Accident Factor, Side Swipe, 0.0 drivers_injured, 0.0 drivers_killed, 0.0 passengers_injured, 0.0 passengers_killed, 0.0 pedestrian_injured, 0.0 pedestrian_killed, Fair (Day), EDSA fronting Sogo Hotel, Guadalupe Makati",MMDA Road Safety Unit,,8e241d0d-1ac4-4c06-b98a-85ec5d02361f,2012-06-19,01:30:00,EDSA Kalayaan Avenue Makati,0,0,0,0,0,0,0,0,0,0,2012-06-19 9:30,Property,14.56469106,121.0448749,Side Swipe
None,EDSA,None,None,"No Accident Factor, Side Swipe, 0.0 drivers_injured, 0.0 drivers_killed, 0.0 passengers_injured, 0.0 passengers_killed, 0.0 pedestrian_injured, 0.0 pedestrian_killed, Fair (Night), EDSA Ayala Ave. Makati",MMDA Road Safety Unit,,ca297cca-6e59-44da-9672-f9e170fe6393,2012-06-13,11:50:00,EDSA Magallanes Ave. Makati,0,0,0,0,0,0,0,0,0,0,2012-06-13 19:50,Property,14.5503157,121.0293627,Side Swipe
None,EDSA,None,None,"No Accident Factor, Hit and Run (Side Swipe), 0.0 drivers_injured, 0.0 drivers_killed, 0.0 passengers_injured, 0.0 passengers_killed, 0.0 pedestrian_injured, 0.0 pedestrian_killed, Rain (Day), EDSA Ayala Ave., Bgy. Urdaneta Makati",MMDA Road Safety Unit,,49b0b425-15aa-4921-a16a-f65738c3ac6d,2012-06-03,09:30:00,"EDSA MRT-Guadalupe Station, Bgy. Guadalupe Nuevo Makati",0,0,0,0,0,0,0,0,0,0,2012-06-03 17:30,Property,14.55036403,121.0293952,Side Swipe
None,EDSA,None,None,"No Accident Factor, Hit Object (No Object Stated), 0.0 drivers_injured, 0.0 drivers_killed, 0.0 passengers_injured, 0.0 passengers_killed, 0.0 pedestrian_injured, 0.0 pedestrian_killed, Fair (Day), EDSA Antonio S. Arnaiz Ave. (Pasay Road) Makati",MMDA Road Safety Unit,,7ccfbffa-7037-4e7d-acc0-0f28369e23b1,2012-06-03,00:10:00,EDSA Kalayaan Ave. Makati,0,0,0,0,0,0,0,0,0,0,2012-06-03 8:10,Property,14.54753179,121.0260155,Hit Object
None,EDSA,None,None,"No Accident Factor, No Collision Stated (based on Police Blotter Book), 0.0 drivers_injured, 0.0 drivers_killed, 2.0 passengers_injured, 0.0 passengers_killed, 0.0 pedestrian_injured, 0.0 pedestrian_killed, Fair (Night), EDSA Magallanes Interchange Makati",MMDA Road Safety Unit,,b0effb8e-0b91-4305-9a6d-251717cda0ab,2012-05-26,21:30:00,EDSA before Arnaiz Ave. Makati,0,0,0,0,2,0,0,0,0,2,2012-05-27 5:30,Injury,14.54679556,121.0248047,No Collision Stated
None,EDSA,None,None,"No Accident Factor, Rear-end, 0.0 drivers_injured, 0.0 drivers_killed, 0.0 passengers_injured, 0.0 passengers_killed, 0.0 pedestrian_injured, 0.0 pedestrian_killed, Fair (Day), EDSA Ayala Ave. Makati",MMDA Road Safety Unit,,441e175b-d44f-46d6-836b-8cae800639b4,2012-05-23,06:55:00,EDSA Magallanes Service Road Makati,0,0,0,0,0,0,0,0,0,0,2012-05-23 14:55,Property,14.5503157,121.0293627,Rear-End
None,EDSA,None,None,"No Accident Factor, No Collision Stated (based on Police Blotter Book), 0.0 drivers_injured, 0.0 drivers_killed, 0.0 passengers_injured, 0.0 passengers_killed, 0.0 pedestrian_injured, 0.0 pedestrian_killed, Fair (Day), EDSA fronting Jollibee Evangelista St. Brgy. Bangkal Makati",MMDA Road Safety Unit,,9f935558-d755-4f5f-bd7d-fed89842ef15,2012-05-22,04:40:00,EDSA Loyola Chapel Makati,0,0,0,0,0,0,0,0,0,0,2012-05-22 12:40,Property,14.53905192,121.0122255,No Collision Stated
None,EDSA,None,None,"No Accident Factor, No Collision Stated (based on Police Blotter Book), 0.0 drivers_injured, 0.0 drivers_killed, 0.0 passengers_injured, 0.0 passengers_killed, 0.0 pedestrian_injured, 0.0 pedestrian_killed, Fair (Day), EDSA Mc Kinley Road., Brgy. Porbes Park Makati",MMDA Road Safety Unit,,56fdb5bf-c191-4f93-b487-b485e52d7815,2012-05-18,22:00:00,EDSA Guadalupe Bus Stop Makati,0,0,0,0,0,0,0,0,0,0,2012-05-19 6:00,Property,14.5501403,121.0294629,No Collision Stated
None,EDSA,None,None,"No Accident Factor, Side Swipe, 0.0 drivers_injured, 0.0 drivers_killed, 0.0 passengers_injured, 0.0 passengers_killed, 0.0 pedestrian_injured, 0.0 pedestrian_killed, Fair (Night), EDSA Antonio S. Arnaiz Ave. (Pasay Road) Makati",MMDA Road Safety Unit,,e410796c-5c61-47c5-bb05-72ce39d0ce3d,2012-05-16,11:30:00,EDSA Buendia Extension Makati,0,0,0,0,0,0,0,0,0,0,2012-05-16 19:30,Property,14.54753179,121.0260155,Side Swipe
None,EDSA,None,None,"No Accident Factor, Hit and Run (Side Swipe), 0.0 drivers_injured, 0.0 drivers_killed, 0.0 passengers_injured, 0.0 passengers_killed, 0.0 pedestrian_injured, 0.0 pedestrian_killed, Fair (Day), EDSA McKinley Road Makati",MMDA Road Safety Unit,,5a9c64da-f36c-4568-a82f-fdda103b9ac4,2012-05-16,03:30:00,EDSA Guingua St. Brgy. Pinagkaisahan Makati,0,0,0,0,0,0,0,0,0,0,2012-05-16 11:30,Property,14.55015688,121.0295286,Side Swipe
None,EDSA,None,None,"No Accident Factor, Hit and Run (No Collision Stated), 0.0 drivers_injured, 0.0 drivers_killed, 0.0 passengers_injured, 0.0 passengers_killed, 0.0 pedestrian_injured, 0.0 pedestrian_killed, Fair (Day), EDSA Ayala Ave. Makati",MMDA Road Safety Unit,,e9c9a793-42bd-471e-803d-2f43e8f1e53b,2012-05-14,07:00:00,EDSA Buendia Loading Bay Makati,0,0,0,0,0,0,0,0,0,0,2012-05-14 15:00,Property,14.5503157,121.0293627,No Collision Stated
None,EDSA,None,None,"No Accident Factor, Side Swipe, 0.0 drivers_injured, 0.0 drivers_killed, 0.0 passengers_injured, 0.0 passengers_killed, 0.0 pedestrian_injured, 0.0 pedestrian_killed, Fair (Day), EDSA Kalayaan Ave. Makati",MMDA Road Safety Unit,,0017868a-fd10-4245-984f-b5cf8dc9d442,2012-05-14,02:30:00,EDSA Ayala Ave. Makati,0,0,0,0,0,0,0,0,0,0,2012-05-14 10:30,Property,14.55767933,121.038147,Side Swipe
None,EDSA,None,None,"No Accident Factor, Self-Accident, 0.0 drivers_injured, 0.0 drivers_killed, 2.0 passengers_injured, 0.0 passengers_killed, 0.0 pedestrian_injured, 0.0 pedestrian_killed, Fair (Day), EDSA Evangelista St., Bgy. Bangkal Makati",MMDA Road Safety Unit,,7c9a5049-1e64-4139-ba58-bdb61c589b17,2012-05-12,00:30:00,EDSA Estrella St. Makati,0,0,0,0,2,0,0,0,0,2,2012-05-12 8:30,Injury,14.53906878,121.012324,Self-Accident
None,EDSA,None,None,"No Accident Factor, Other (Multiple), 1.0 drivers_injured, 0.0 drivers_killed, 0.0 passengers_injured, 0.0 passengers_killed, 0.0 pedestrian_injured, 0.0 pedestrian_killed, Fair (Day), EDSA Ayala Ave., Bgy. Urdaneta Makati",MMDA Road Safety Unit,,54edfcd6-6372-4972-b621-776aae6869d8,2012-05-09,22:30:00,EDSA Sen. Gil J. Puyat Ave. (Buendia Ave. Ext.) Makati,0,0,0,1,0,0,0,0,0,1,2012-05-10 6:30,Injury,14.55036403,121.0293952,Multiple
None,EDSA,None,None,"No Accident Factor, No Collision Stated (based on Police Blotter Book), 0.0 drivers_injured, 0.0 drivers_killed, 0.0 passengers_injured, 0.0 passengers_killed, 0.0 pedestrian_injured, 0.0 pedestrian_killed, Fair (Day), EDSA Estrella St. Makati",MMDA Road Safety Unit,,522bf918-b026-445d-9a3e-de62353c4cfb,2012-05-04,00:00:00,EDSA before Ayala Ave. Makati,0,0,0,0,0,0,0,0,0,0,2012-05-04 8:00,Property,14.56004326,121.0411034,No Collision Stated
None,EDSA,None,None,"No Accident Factor, Rear-end, 0.0 drivers_injured, 0.0 drivers_killed, 0.0 passengers_injured, 0.0 passengers_killed, 0.0 pedestrian_injured, 0.0 pedestrian_killed, Fair (Day), EDSA before Escuela St., Bgy. Guadalupe Makati",MMDA Road Safety Unit,,fc9f55b1-e1e7-4c95-b877-cac6f9f846cd,2012-04-28,07:00:00,EDSA Pasong Tamo Loop Magallanes Makati,0,0,0,0,0,0,0,0,0,0,2012-04-28 15:00,Property,14.55983335,121.0409079,Rear-End
None,EDSA,None,None,"No Accident Factor, Side Swipe, 0.0 drivers_injured, 0.0 drivers_killed, 0.0 passengers_injured, 0.0 passengers_killed, 0.0 pedestrian_injured, 0.0 pedestrian_killed, Fair (Day), EDSA after Ayala Ave. Makati",MMDA Road Safety Unit,,87ebf108-dba7-4fdd-820e-e8a420214077,2012-04-28,06:30:00,EDSA Ayala Ave. Makati,0,0,0,0,0,0,0,0,0,0,2012-04-28 14:30,Property,14.55004169,121.0291677,Side Swipe
None,EDSA,None,None,"No Accident Factor, No Collision Stated (based on Police Blotter Book), 0.0 drivers_injured, 0.0 drivers_killed, 0.0 passengers_injured, 0.0 passengers_killed, 0.0 pedestrian_injured, 0.0 pedestrian_killed, Fair (Day), EDSA  Magallanes Ave., Bgy. Magallanes Makati",MMDA Road Safety Unit,,a791165d-af63-4167-930d-4fea9cd896c5,2012-04-28,01:30:00,EDSA Estrella St. Makati,0,0,0,0,0,0,0,0,0,0,2012-04-28 9:30,Property,14.54053669,121.0168099,No Collision Stated
None,EDSA,None,None,"No Accident Factor, Hit and Run (No Collision Stated), 0.0 drivers_injured, 0.0 drivers_killed, 0.0 passengers_injured, 0.0 passengers_killed, 0.0 pedestrian_injured, 0.0 pedestrian_killed, Fair (Day), EDSA McKinley Road, Bgy. Forbes Park Makati",MMDA Road Safety Unit,,21a04a37-ea81-42a3-b42d-4bf6b04ea476,2012-04-24,22:25:00,"EDSA before Sen. Gil J. Puyat Ave. (Buendia Ave. Ext.), Bgy. Bel-Air Makati",0,0,0,0,0,0,0,0,0,0,2012-04-25 6:25,Property,14.55015688,121.0295286,No Collision Stated
None,EDSA,None,None,"No Accident Factor, Angle Impact, 0.0 drivers_injured, 0.0 drivers_killed, 1.0 passengers_injured, 0.0 passengers_killed, 0.0 pedestrian_injured, 0.0 pedestrian_killed, Fair (Day), EDSA Ayala Ave. Makati",MMDA Road Safety Unit,,d34a4a1c-5737-4ead-8d32-df0860ce201a,2012-04-21,08:30:00,EDSA Harvard St. (WB) Makati,0,0,0,0,1,0,0,0,0,1,2012-04-21 16:30,Injury,14.5503157,121.0293627,Angle Impact
None,EDSA,None,None,"No Accident Factor, Side Swipe, 0.0 drivers_injured, 0.0 drivers_killed, 0.0 passengers_injured, 0.0 passengers_killed, 0.0 pedestrian_injured, 0.0 pedestrian_killed, Fair (Day), EDSA McKinley Road Makati",MMDA Road Safety Unit,,fdffc6a9-bdb7-42d4-bdcb-7127b9cf4052,2012-04-17,09:30:00,EDSA Between Ayala & Buendia Makati,0,0,0,0,0,0,0,0,0,0,2012-04-17 17:30,Property,14.55015688,121.0295286,Side Swipe
None,EDSA,None,None,"No Accident Factor, No Collision Stated (based on Police Blotter Book), 0.0 drivers_injured, 0.0 drivers_killed, 0.0 passengers_injured, 0.0 passengers_killed, 0.0 pedestrian_injured, 0.0 pedestrian_killed, Fair (Night), EDSA before Magallanes Interchange Makati",MMDA Road Safety Unit,,93bf9e5c-47d2-4724-9275-ea5ff835ec87,2012-04-14,14:30:00,EDSA Sen. Gil J. Puyat Ave. (Buendia Ave. Ext.) Makati,0,0,0,0,0,0,0,0,0,0,2012-04-14 22:30,Property,14.54140037,121.0184212,No Collision Stated
None,EDSA,None,None,"No Accident Factor, Rear-end, 0.0 drivers_injured, 0.0 drivers_killed, 0.0 passengers_injured, 0.0 passengers_killed, 0.0 pedestrian_injured, 0.0 pedestrian_killed, Fair (Day), EDSA Antonio S. Arnaiz Ave. (Pasay Road), Bgy. San Lorenzo Makati",MMDA Road Safety Unit,,5256600d-50d6-45ad-8142-170c7fead94e,2012-04-06,09:20:00,EDSA before Estrella St. Makati,0,0,0,0,0,0,0,0,0,0,2012-04-06 17:20,Property,14.54753179,121.0260155,Rear-End
None,EDSA,None,None,"No Accident Factor, Angle Impact, 0.0 drivers_injured, 0.0 drivers_killed, 0.0 passengers_injured, 0.0 passengers_killed, 0.0 pedestrian_injured, 0.0 pedestrian_killed, Fair (Day), EDSA Ayala Ave. Makati",MMDA Road Safety Unit,,401b1500-90cd-41d8-9cc5-6371a3dc6855,2012-04-04,05:30:00,EDSA Guingua St. Makati,0,0,0,0,0,0,0,0,0,0,2012-04-04 13:30,Property,14.5503157,121.0293627,Angle Impact
None,EDSA,None,None,"No Accident Factor, Side Swipe, 0.0 drivers_injured, 0.0 drivers_killed, 0.0 passengers_injured, 0.0 passengers_killed, 0.0 pedestrian_injured, 0.0 pedestrian_killed, Fair (Night), EDSA Antonio S. Arnaiz Ave. (Pasay Road) Makati",MMDA Road Safety Unit,,8cb671f4-1c5b-4d23-85bb-8e6df181ced7,2012-04-03,11:25:00,"EDSA fronting Napolcom, Orense Makati",0,0,0,0,0,0,0,0,0,0,2012-04-03 19:25,Property,14.54753179,121.0260155,Side Swipe
None,EDSA,None,None,"No Accident Factor, No Collision Stated (based on Police Blotter Book), 0.0 drivers_injured, 0.0 drivers_killed, 0.0 passengers_injured, 0.0 passengers_killed, 0.0 pedestrian_injured, 0.0 pedestrian_killed, Fair (Day), EDSA Antonio S. Arnaiz Ave. (Pasay Road) Makati",MMDA Road Safety Unit,,f113aef6-f312-415a-90d1-6bf4fe29a7d1,2012-03-29,07:45:00,EDSA before Magallanes Interchange Makati,0,0,0,0,0,0,0,0,0,0,2012-03-29 15:45,Property,14.54753179,121.0260155,No Collision Stated
None,EDSA,None,None,"No Accident Factor, No Collision Stated (based on Police Blotter Book), 0.0 drivers_injured, 0.0 drivers_killed, 0.0 passengers_injured, 0.0 passengers_killed, 0.0 pedestrian_injured, 0.0 pedestrian_killed, Fair (Day), EDSA before Sen. Gil J. Puyat Ave. (Buendia Ave. Ext.), Bgy. Urdaneta Makati",MMDA Road Safety Unit,,3d87a409-408f-44c9-a9e1-c7a60090333f,2012-03-27,09:40:00,EDSA Mantrade Makati,0,0,0,0,0,0,0,0,0,0,2012-03-27 17:40,Property,14.55470761,121.0348634,No Collision Stated
None,EDSA,None,None,"No Accident Factor, Side Swipe, 0.0 drivers_injured, 0.0 drivers_killed, 0.0 passengers_injured, 0.0 passengers_killed, 0.0 pedestrian_injured, 0.0 pedestrian_killed, Fair (Night), EDSA Magallanes on Rump. Makati",MMDA Road Safety Unit,,bd4a7706-b216-4bb0-b77f-cbd4b024e0b6,2012-03-21,18:10:00,"EDSA Lapu-lapu Ave., brgy. Magallanes Makati",0,0,0,0,0,0,0,0,0,0,2012-03-22 2:10,Property,14.54043461,121.0174613,Side Swipe
None,EDSA,None,None,"No Accident Factor, Rear-end, 1.0 drivers_injured, 0.0 drivers_killed, 3.0 passengers_injured, 0.0 passengers_killed, 0.0 pedestrian_injured, 0.0 pedestrian_killed, Fair (Day), EDSA Estrella St. Makati",MMDA Road Safety Unit,,6aea2b2e-1b36-42e0-8dc2-b9a18a58261d,2012-03-16,01:15:00,EDSA Lapu-lapu St. Makati,0,0,0,1,3,0,0,0,0,4,2012-03-16 9:15,Injury,14.56004326,121.0411034,Rear-End
None,EDSA,None,None,"No Accident Factor, Hit Parked Vehicle, 0.0 drivers_injured, 0.0 drivers_killed, 0.0 passengers_injured, 0.0 passengers_killed, 0.0 pedestrian_injured, 0.0 pedestrian_killed, Fair (Day), EDSA before MMDA, Bgy. Guadalupe Nuevo Makati",MMDA Road Safety Unit,,0da77992-ad90-42ca-8f87-1cd1e31ad713,2012-03-15,03:30:00,"EDSA before Evangelista St., Bgy. Bangkal Makati",0,0,0,0,0,0,0,0,0,0,2012-03-15 11:30,Property,14.56124242,121.0424567,Hit Object
None,EDSA,None,None,"No Accident Factor, Side Swipe, 0.0 drivers_injured, 0.0 drivers_killed, 0.0 passengers_injured, 0.0 passengers_killed, 0.0 pedestrian_injured, 0.0 pedestrian_killed, Fair (Night), EDSA Kalayaan Avenue Makati",MMDA Road Safety Unit,,9faa7ec7-4bd7-4a21-bdb9-2fa2a3815a71,2012-03-14,13:15:00,EDSA Estrella St. Makati,0,0,0,0,0,0,0,0,0,0,2012-03-14 21:15,Property,14.55767933,121.038147,Side Swipe
None,EDSA,None,None,"No Accident Factor, No Collision Stated (based on Police Blotter Book), 0.0 drivers_injured, 0.0 drivers_killed, 0.0 passengers_injured, 0.0 passengers_killed, 0.0 pedestrian_injured, 0.0 pedestrian_killed, Fair (Day), EDSA Magallanes Ave. Makati",MMDA Road Safety Unit,,1652b1ba-7b95-45b5-8b27-006ce4d73e1a,2012-03-13,05:00:00,"EDSA at ""U"" turn slot, Sen. Gil J. Puyat Ave. (Buendia Ave. Ext.) Makati",0,0,0,0,0,0,0,0,0,0,2012-03-13 13:00,Property,14.53924572,121.0142961,No Collision Stated
None,EDSA,None,None,"No Accident Factor, Side Swipe, 0.0 drivers_injured, 0.0 drivers_killed, 0.0 passengers_injured, 0.0 passengers_killed, 0.0 pedestrian_injured, 0.0 pedestrian_killed, Fair (Day), EDSA MRT-Guadalupe Station, Bgy. Guadalupe Nuevo Makati",MMDA Road Safety Unit,,9f6b588e-da57-490b-b9c8-18e2adb5080f,2012-03-12,23:35:00,EDSA Mantrade Makati,0,0,0,0,0,0,0,0,0,0,2012-03-13 7:35,Property,14.56669604,121.045463,Side Swipe
None,EDSA,None,None,"No Accident Factor, Side Swipe, 0.0 drivers_injured, 0.0 drivers_killed, 0.0 passengers_injured, 0.0 passengers_killed, 0.0 pedestrian_injured, 0.0 pedestrian_killed, Fair (Night), EDSA Kalayaan Ave. Makati",MMDA Road Safety Unit,,3cea39fb-de64-4c45-b914-d712bb53fc52,2012-03-12,15:00:00,"EDSA Ayala, Urdaneta Makati",0,0,0,0,0,0,0,0,0,0,2012-03-12 23:00,Property,14.55767933,121.038147,Side Swipe
None,EDSA,None,None,"No Accident Factor, Side Swipe-Same Direction, 0.0 drivers_injured, 0.0 drivers_killed, 0.0 passengers_injured, 0.0 passengers_killed, 0.0 pedestrian_injured, 0.0 pedestrian_killed, Fair (Day), EDSA before Arnaiz Ave. Makati",MMDA Road Safety Unit,,950df7b0-5f09-4439-9fcd-44d2e0910a63,2012-03-11,00:30:00,"EDSA before Estrella St., Bgy. Guadalupe Viejo Makati",0,0,0,0,0,0,0,0,0,0,2012-03-11 8:30,Property,14.54790261,121.0262918,Side Swipe
None,EDSA,None,None,"No Accident Factor, Self-Accident, 0.0 drivers_injured, 0.0 drivers_killed, 0.0 passengers_injured, 0.0 passengers_killed, 0.0 pedestrian_injured, 0.0 pedestrian_killed, Fair (Night), EDSA Magallanes Service Road Makati",MMDA Road Safety Unit,,26296242-3ad0-4951-8e72-25b10ca41b10,2012-03-09,19:00:00,EDSA Kalayaan Ave. Makati,0,0,0,0,0,0,0,0,0,0,2012-03-10 3:00,Property,14.54037338,121.01729,Self-Accident
None,EDSA,None,None,"No Accident Factor, No Collision Stated (based on Police Blotter Book), 0.0 drivers_injured, 0.0 drivers_killed, 0.0 passengers_injured, 0.0 passengers_killed, 0.0 pedestrian_injured, 0.0 pedestrian_killed, Fair (Night), EDSA Loyola Chapel Makati",MMDA Road Safety Unit,,9712b640-95ef-413d-bfbf-b7501bde909f,2012-03-09,11:00:00,EDSA Kalayaan Ave. Makati,0,0,0,0,0,0,0,0,0,0,2012-03-09 19:00,Property,14.56531445,121.0449034,No Collision Stated
None,EDSA,None,None,"No Accident Factor, Hit and Run (No Collision Stated), 0.0 drivers_injured, 0.0 drivers_killed, 0.0 passengers_injured, 0.0 passengers_killed, 0.0 pedestrian_injured, 0.0 pedestrian_killed, Fair (Day), EDSA Guadalupe Bus Stop Makati",MMDA Road Safety Unit,,ca08ddbd-e625-4e41-9608-33159c23e24b,2012-03-08,00:55:00,EDSA before Loyola Memorial Chapels Inc. Makati,0,0,0,0,0,0,0,0,0,0,2012-03-08 8:55,Property,14.56468159,121.0447831,No Collision Stated
None,EDSA,None,None,"No Accident Factor, No Collision Stated (based on Police Blotter Book), 0.0 drivers_injured, 0.0 drivers_killed, 0.0 passengers_injured, 0.0 passengers_killed, 0.0 pedestrian_injured, 0.0 pedestrian_killed, Fair (Day), EDSA Buendia Extension Makati",MMDA Road Safety Unit,,5b6d199e-dd6d-4b77-85a5-6389b7d5580a,2012-03-07,08:00:00,EDSA before MRT-Magallanes Station Makati,0,0,0,0,0,0,0,0,0,0,2012-03-07 16:00,Property,14.55510393,121.0348792,No Collision Stated
None,EDSA,None,None,"No Accident Factor, Angle Impact, 0.0 drivers_injured, 0.0 drivers_killed, 0.0 passengers_injured, 0.0 passengers_killed, 0.0 pedestrian_injured, 0.0 pedestrian_killed, Fair (Night), EDSA Guingua St. Brgy. Pinagkaisahan Makati",MMDA Road Safety Unit,,9cf62099-6304-41bf-9a6c-ef0a4377c801,2012-03-06,11:00:00,EDSA Ayala Ave. Makati,0,0,0,0,0,0,0,0,0,0,2012-03-06 19:00,Property,14.55666324,121.0371861,Angle Impact
None,EDSA,None,None,"No Accident Factor, Rear-end, 0.0 drivers_injured, 0.0 drivers_killed, 0.0 passengers_injured, 0.0 passengers_killed, 0.0 pedestrian_injured, 0.0 pedestrian_killed, Fair (Day), EDSA Buendia Loading Bay Makati",MMDA Road Safety Unit,,7550ee93-429b-4230-96f5-2f4a9721d707,2012-03-05,00:30:00,Edsa fronting ABC Mall Makati,0,0,0,0,0,0,0,0,0,0,2012-03-05 8:30,Property,14.55422655,121.0337442,Rear-End