LOCATION_TEXT,ROAD,WEATHER,LIGHT,DESC,REPORTING_AGENCY,MAIN_CAUSE,INCIDENTDETAILS_ID,DATE_UTC,TIME_UTC,ADDRESS,killed_driver,killed_passenger,killed_pedestrian,injured_driver,injured_passenger,injured_pedestrian,killed_uncategorized,injured_uncategorized,killed_total,injured_total,DATETIME_PST,SEVERITY,Y,X,COLLISION_TYPE
None,EDSA,None,None,"No Accident Factor, Angle Impact, 2.0 drivers_injured, 0.0 drivers_killed, 0.0 passengers_injured, 0.0 passengers_killed, 0.0 pedestrian_injured, 0.0 pedestrian_killed, Fair (Day), EDSA Ayala Ave. Makati",MMDA Road Safety Unit,,fe6cdcdb-4d28-4551-a58a-a9828bd7d522,2012-03-04,23:00:00,"Edsa Approaching ""U""turn Slot Buendia Makati",0,0,0,2,0,0,0,0,0,2,2012-03-05 7:00,Injury,14.5503157,121.0293627,Angle Impact
None,EDSA,None,None,"No Accident Factor, No Collision Stated (based on Police Blotter Book), 0.0 drivers_injured, 0.0 drivers_killed, 0.0 passengers_injured, 0.0 passengers_killed, 0.0 pedestrian_injured, 0.0 pedestrian_killed, Fair (Day), EDSA Estrella St. Makati",MMDA Road Safety Unit,,25cfcb19-dea2-4e5d-87aa-ab00da638b10,2012-02-29,05:55:00,Edsa  Ayala Intersection Makati City Makati,0,0,0,0,0,0,0,0,0,0,2012-02-29 13:55,Property,14.56004326,121.0411034,No Collision Stated
None,EDSA,None,None,"No Accident Factor, Hit and Run (No Collision Stated), 0.0 drivers_injured, 0.0 drivers_killed, 0.0 passengers_injured, 0.0 passengers_killed, 0.0 pedestrian_injured, 0.0 pedestrian_killed, Fair (Night), EDSA Sen. Gil J. Puyat Ave. (Buendia Ave. Ext.) Makati",MMDA Road Safety Unit,,0539790f-e1dc-464e-a2e4-1fb81146638e,2012-02-28,15:30:00,EDSA after Antonio S. Arnaiz Ave. (Pasay Road) Makati,0,0,0,0,0,0,0,0,0,0,2012-02-28 23:30,Property,14.55483765,121.0348537,No Collision Stated
None,EDSA,None,None,"No Accident Factor, Rear-end, 0.0 drivers_injured, 0.0 drivers_killed, 0.0 passengers_injured, 0.0 passengers_killed, 0.0 pedestrian_injured, 0.0 pedestrian_killed, Fair (Day), EDSA before Ayala Ave. Makati",MMDA Road Safety Unit,,1313c321-1991-40f8-a67a-1f837def7fac,2012-02-25,05:45:00,"EDSA Ayala Ave., (SB) Makati",0,0,0,0,0,0,0,0,0,0,2012-02-25 13:45,Property,14.55048281,121.029498,Rear-End
None,EDSA,None,None,"No Accident Factor, Side Swipe, 1.0 drivers_injured, 0.0 drivers_killed, 0.0 passengers_injured, 0.0 passengers_killed, 0.0 pedestrian_injured, 0.0 pedestrian_killed, Fair (Day), EDSA Pasong Tamo Loop Magallanes Makati",MMDA Road Safety Unit,,82729a97-1b83-475b-ba38-a8a844e37cdf,2012-02-24,09:30:00,EDSA Magallanes Ave. Makati,0,0,0,1,0,0,0,0,0,1,2012-02-24 17:30,Injury,14.54127773,121.0182024,Side Swipe
None,EDSA,None,None,"No Accident Factor, Hit and Run (No Collision Stated), 0.0 drivers_injured, 0.0 drivers_killed, 0.0 passengers_injured, 0.0 passengers_killed, 0.0 pedestrian_injured, 0.0 pedestrian_killed, Fair (Day), EDSA Ayala Ave. Makati",MMDA Road Safety Unit,,469e96a3-f739-4fa1-9c63-bd7c1e0a894b,2012-02-23,04:30:00,EDSA before Ayala Ave. Makati,0,0,0,0,0,0,0,0,0,0,2012-02-23 12:30,Property,14.5503157,121.0293627,No Collision Stated
None,EDSA,None,None,"No Accident Factor, Rear-end, 0.0 drivers_injured, 0.0 drivers_killed, 0.0 passengers_injured, 0.0 passengers_killed, 0.0 pedestrian_injured, 0.0 pedestrian_killed, Fair (Day), EDSA Estrella St. Makati",MMDA Road Safety Unit,,a8d45ca3-522f-4a87-9e21-d4d0e42a6a23,2012-02-23,03:00:00,EDSA  Guadalupe Pedestrian Overpass Makati,0,0,0,0,0,0,0,0,0,0,2012-02-23 11:00,Property,14.56004326,121.0411034,Rear-End
None,EDSA,None,None,"No Accident Factor, Self-Accident, 1.0 drivers_injured, 0.0 drivers_killed, 0.0 passengers_injured, 0.0 passengers_killed, 0.0 pedestrian_injured, 0.0 pedestrian_killed, Rain (Day), EDSA before Sen. Gil J. Puyat Ave. (Buendia Ave. Ext.), Bgy. Bel-Air Makati",MMDA Road Safety Unit,,6195ffc2-fb57-4da6-be37-06b7b5675e66,2012-02-18,04:05:00,EDSA  Evangelista St. Makati,0,0,0,1,0,0,0,0,0,1,2012-02-18 12:05,Injury,14.55470761,121.0348634,Self-Accident
None,EDSA,None,None,"No Accident Factor, Hit and Run (No Collision Stated), 0.0 drivers_injured, 0.0 drivers_killed, 0.0 passengers_injured, 0.0 passengers_killed, 0.0 pedestrian_injured, 0.0 pedestrian_killed, Fair (Night), EDSA Harvard St. (WB) Makati",MMDA Road Safety Unit,,01cdf0e6-3d96-4af9-95e5-e55a129bdf18,2012-02-17,11:45:00,"EDSA Lapu-lapu St. extn., brgy. Bangkal Makati",0,0,0,0,0,0,0,0,0,0,2012-02-17 19:45,Property,14.55920138,121.0400581,No Collision Stated
None,EDSA,None,None,"No Accident Factor, Side Swipe, 0.0 drivers_injured, 0.0 drivers_killed, 0.0 passengers_injured, 0.0 passengers_killed, 0.0 pedestrian_injured, 0.0 pedestrian_killed, Fair (Night), EDSA Between Ayala & Buendia Makati",MMDA Road Safety Unit,,62b76732-7bf4-4888-aa42-20c8220f4132,2012-02-17,10:30:00,EDSA Estrella St. Makati,0,0,0,0,0,0,0,0,0,0,2012-02-17 18:30,Property,14.55292233,121.032422,Side Swipe
None,EDSA,None,None,"No Accident Factor, Hit and Run (No Collision Stated), 0.0 drivers_injured, 0.0 drivers_killed, 0.0 passengers_injured, 0.0 passengers_killed, 0.0 pedestrian_injured, 0.0 pedestrian_killed, Fair (Day), EDSA Sen. Gil J. Puyat Ave. (Buendia Ave. Ext.) Makati",MMDA Road Safety Unit,,ef960072-15fd-4401-b0e6-af03507d6d01,2012-02-15,08:00:00,EDSA Pasay Road Makati,0,0,0,0,0,0,0,0,0,0,2012-02-15 16:00,Property,14.55483765,121.0348537,No Collision Stated
None,EDSA,None,None,"No Accident Factor, Rear-end, 0.0 drivers_injured, 0.0 drivers_killed, 0.0 passengers_injured, 0.0 passengers_killed, 0.0 pedestrian_injured, 0.0 pedestrian_killed, Fair (Night), EDSA before Estrella St. Makati",MMDA Road Safety Unit,,d7141211-059e-4408-ba88-70ec2d0966f2,2012-02-14,12:15:00,EDSA Magallanes Interchange Makati,0,0,0,0,0,0,0,0,0,0,2012-02-14 20:15,Property,14.56050923,121.0412638,Rear-End
None,EDSA,None,None,"No Accident Factor, No Collision Stated (based on Police Blotter Book), 0.0 drivers_injured, 0.0 drivers_killed, 0.0 passengers_injured, 0.0 passengers_killed, 0.0 pedestrian_injured, 0.0 pedestrian_killed, Fair (Day), EDSA Guingua St. Makati",MMDA Road Safety Unit,,4e7bfaaf-328b-47c0-bf9c-44ae87c85a36,2012-02-14,06:15:00,EDSA Apolinario St. Makati,0,0,0,0,0,0,0,0,0,0,2012-02-14 14:15,Property,14.55666324,121.0371861,No Collision Stated
None,EDSA,None,None,"No Accident Factor, No Collision Stated (based on Police Blotter Book), 0.0 drivers_injured, 0.0 drivers_killed, 0.0 passengers_injured, 0.0 passengers_killed, 0.0 pedestrian_injured, 0.0 pedestrian_killed, Fair (Day), EDSA fronting Napolcom, Orense Makati",MMDA Road Safety Unit,,4fa2c850-fbfd-4260-aef3-9265947a93f7,2012-02-14,02:15:00,EDSA Ayala Ave. Makati,0,0,0,0,0,0,0,0,0,0,2012-02-14 10:15,Property,14.56137965,121.0426062,No Collision Stated
None,EDSA,None,None,"No Accident Factor, Side Swipe, 0.0 drivers_injured, 0.0 drivers_killed, 0.0 passengers_injured, 0.0 passengers_killed, 0.0 pedestrian_injured, 0.0 pedestrian_killed, Fair (Day), EDSA before Magallanes Interchange Makati",MMDA Road Safety Unit,,5c10b0d4-37e6-4868-b982-e804f6beaf56,2012-02-13,23:50:00,EDSA Estrella St. Makati,0,0,0,0,0,0,0,0,0,0,2012-02-14 7:50,Property,14.54140037,121.0184212,Side Swipe
None,EDSA,None,None,"No Accident Factor, No Collision Stated (based on Police Blotter Book), 1.0 drivers_injured, 0.0 drivers_killed, 0.0 passengers_injured, 0.0 passengers_killed, 0.0 pedestrian_injured, 0.0 pedestrian_killed, Fair (Day), EDSA Mantrade Makati",MMDA Road Safety Unit,,34aaffda-bfbd-466f-9ad8-d9dd46bb413d,2012-02-13,01:45:00,EDSA Orense St. Makati,0,0,0,1,0,0,0,0,0,1,2012-02-13 9:45,Injury,14.54127991,121.0184601,No Collision Stated
None,EDSA,None,None,"No Accident Factor, No Collision Stated (based on Police Blotter Book), 0.0 drivers_injured, 0.0 drivers_killed, 0.0 passengers_injured, 0.0 passengers_killed, 0.0 pedestrian_injured, 0.0 pedestrian_killed, Fair (Day), EDSA Lapu-lapu Ave., brgy. Magallanes Makati",MMDA Road Safety Unit,,0cb12957-a968-411e-b6b9-fcf46eaeca81,2012-02-08,04:55:00,EDSA Buendia Makati,0,0,0,0,0,0,0,0,0,0,2012-02-08 12:55,Property,14.53968935,121.0155717,No Collision Stated
None,EDSA,None,None,"No Accident Factor, Angle Impact, 0.0 drivers_injured, 0.0 drivers_killed, 0.0 passengers_injured, 0.0 passengers_killed, 0.0 pedestrian_injured, 0.0 pedestrian_killed, Fair (Day), EDSA Lapu-lapu St. Makati",MMDA Road Safety Unit,,4fbf7536-92e6-40b1-ba47-f0d0f9d9aaed,2012-01-29,04:35:00,EDSA Estrella St. Makati,0,0,0,0,0,0,0,0,0,0,2012-01-29 12:35,Property,14.53968935,121.0155717,Angle Impact
None,EDSA,None,None,"No Accident Factor, No Collision Stated (based on Police Blotter Book), 0.0 drivers_injured, 0.0 drivers_killed, 0.0 passengers_injured, 0.0 passengers_killed, 0.0 pedestrian_injured, 0.0 pedestrian_killed, Fair (Night), EDSA before Evangelista St., Bgy. Bangkal Makati",MMDA Road Safety Unit,,2908d6b8-b9c2-4336-a52e-08a298c0a51f,2012-01-27,14:30:00,EDSA Estrella St. Makati,0,0,0,0,0,0,0,0,0,0,2012-01-27 22:30,Property,14.53919847,121.0125038,No Collision Stated
None,EDSA,None,None,"No Accident Factor, Rear-end, 0.0 drivers_injured, 0.0 drivers_killed, 0.0 passengers_injured, 0.0 passengers_killed, 0.0 pedestrian_injured, 0.0 pedestrian_killed, Fair (Day), EDSA Estrella St. Makati",MMDA Road Safety Unit,,5a29bf95-0df4-44ab-b863-ac78a53592ac,2012-01-25,05:00:00,EDSA Approaching Mc Kinley Road Makati,0,0,0,0,0,0,0,0,0,0,2012-01-25 13:00,Property,14.56004326,121.0411034,Rear-End
None,EDSA,None,None,"No Accident Factor, No Collision Stated (based on Police Blotter Book), 0.0 drivers_injured, 0.0 drivers_killed, 0.0 passengers_injured, 0.0 passengers_killed, 0.0 pedestrian_injured, 0.0 pedestrian_killed, Fair (Day), EDSA at ""U"" turn slot, Sen. Gil J. Puyat Ave. (Buendia Ave. Ext.) Makati",MMDA Road Safety Unit,,1b16a721-2374-404b-9603-e792d63247d8,2012-01-24,23:45:00,EDSA Ayala Ave. Makati,0,0,0,0,0,0,0,0,0,0,2012-01-25 7:45,Property,14.55536313,121.0354381,No Collision Stated
None,EDSA,None,None,"No Accident Factor, No Collision Stated (based on Police Blotter Book), 0.0 drivers_injured, 0.0 drivers_killed, 0.0 passengers_injured, 0.0 passengers_killed, 0.0 pedestrian_injured, 0.0 pedestrian_killed, Fair (Day), EDSA Mantrade Makati",MMDA Road Safety Unit,,2adf3fa8-f9f9-45f7-b9d1-50f7f4a0ff7b,2012-01-24,00:05:00,EDSA Approaching MRT Station Buendia Makati,0,0,0,0,0,0,0,0,0,0,2012-01-24 8:05,Property,14.54127991,121.0184601,No Collision Stated
None,EDSA,None,None,"No Accident Factor, Side Swipe, 0.0 drivers_injured, 0.0 drivers_killed, 0.0 passengers_injured, 0.0 passengers_killed, 0.0 pedestrian_injured, 0.0 pedestrian_killed, Fair (Day), EDSA Ayala, Urdaneta Makati",MMDA Road Safety Unit,,3b68a524-4af4-4fb4-8e19-a41573687465,2012-01-23,07:30:00,EDSA Estrella St. Makati,0,0,0,0,0,0,0,0,0,0,2012-01-23 15:30,Property,14.5484559,121.0273067,Side Swipe
None,EDSA,None,None,"No Accident Factor, Rear-end, 0.0 drivers_injured, 0.0 drivers_killed, 0.0 passengers_injured, 0.0 passengers_killed, 0.0 pedestrian_injured, 0.0 pedestrian_killed, Fair (Day), EDSA before Estrella St., Bgy. Guadalupe Viejo Makati",MMDA Road Safety Unit,,ec7c4531-52ec-4782-bc2d-fb9897f47d90,2012-01-17,02:30:00,EDSA Magallanes Interchange Makati,0,0,0,0,0,0,0,0,0,0,2012-01-17 10:30,Property,14.56050923,121.0412638,Rear-End
None,EDSA,None,None,"No Accident Factor, Side Swipe, 0.0 drivers_injured, 0.0 drivers_killed, 0.0 passengers_injured, 0.0 passengers_killed, 0.0 pedestrian_injured, 0.0 pedestrian_killed, Fair (Day), EDSA Kalayaan Ave. Makati",MMDA Road Safety Unit,,0c4f3a17-95e9-4541-a0a2-3b1987b75156,2012-01-16,22:00:00,EDSA Ayala Ave. Makati,0,0,0,0,0,0,0,0,0,0,2012-01-17 6:00,Property,14.55767933,121.038147,Side Swipe
None,EDSA,None,None,"No Accident Factor, Angle Impact, 0.0 drivers_injured, 0.0 drivers_killed, 0.0 passengers_injured, 0.0 passengers_killed, 0.0 pedestrian_injured, 0.0 pedestrian_killed, Fair (Night), EDSA Kalayaan Ave. Makati",MMDA Road Safety Unit,,ee5f4ed9-133a-4e85-9724-b188aaeedc09,2012-01-12,18:45:00,EDSA Ayala Ave. Makati,0,0,0,0,0,0,0,0,0,0,2012-01-13 2:45,Property,14.55767933,121.038147,Angle Impact
None,EDSA,None,None,"No Accident Factor, Hit and Run (Rear-end), 0.0 drivers_injured, 0.0 drivers_killed, 0.0 passengers_injured, 0.0 passengers_killed, 0.0 pedestrian_injured, 0.0 pedestrian_killed, Rain (Day), EDSA before Loyola Memorial Chapels Inc. Makati",MMDA Road Safety Unit,,cf9a7407-e7a0-468d-9e50-812d1c934d53,2012-01-08,02:30:00,EDSA Escuela st fronting Shell Gas Station Makati,0,0,0,0,0,0,0,0,0,0,2012-01-08 10:30,Property,14.565754,121.0450125,Rear-End
None,EDSA,None,None,"No Accident Factor, Rear-end, 0.0 drivers_injured, 0.0 drivers_killed, 0.0 passengers_injured, 0.0 passengers_killed, 0.0 pedestrian_injured, 0.0 pedestrian_killed, Fair (Day), EDSA before MRT-Magallanes Station Makati",MMDA Road Safety Unit,,59c6e4c2-a604-4779-8b5b-b5304da9184a,2012-01-06,03:30:00,EDSA fronting Buendia MRT Station Makati,0,0,0,0,0,0,0,0,0,0,2012-01-06 11:30,Property,14.5421625,121.0193054,Rear-End
None,EDSA,None,None,"Unknown, Rear-end, 0.0 drivers_injured, 0.0 drivers_killed, 0.0 passengers_injured, 0.0 passengers_killed, 0.0 pedestrian_injured, 0.0 pedestrian_killed, Fair (Day), EDSA Ayala Ave. Makati",MMDA Road Safety Unit,,308d61c3-6c27-402d-8fe6-c5efc2b35545,2011-12-30,04:35:00,EDSA fronting Ayala MRT Station Makati,0,0,0,0,0,0,0,0,0,0,2011-12-30 12:35,Property,14.5503157,121.0293627,Rear-End
None,EDSA,None,None,"Unknown, Rear-end, 0.0 drivers_injured, 0.0 drivers_killed, 0.0 passengers_injured, 0.0 passengers_killed, 0.0 pedestrian_injured, 0.0 pedestrian_killed, Fair (Night), Edsa fronting ABC Mall Makati",MMDA Road Safety Unit,,2c173257-87fe-4b26-a90f-ede73d5ad6d4,2011-12-28,11:30:00,EDSA Ayala Ave. Makati,0,0,0,0,0,0,0,0,0,0,2011-12-28 19:30,Property,14.56672659,121.045537,Rear-End
None,EDSA,None,None,"Unknown, Rear-end, 0.0 drivers_injured, 0.0 drivers_killed, 0.0 passengers_injured, 0.0 passengers_killed, 0.0 pedestrian_injured, 0.0 pedestrian_killed, Fair (Day), Edsa Approaching ""U""turn Slot Buendia Makati",MMDA Road Safety Unit,,d92923f0-2a52-4dd2-9d14-db349e0aeeb9,2011-12-27,09:45:00,EDSA fronting Guadalupe MRT Station Makati,0,0,0,0,0,0,0,0,0,0,2011-12-27 17:45,Property,14.55562585,121.0354666,Rear-End
None,EDSA,None,None,"Unknown, Angle Impact, 0.0 drivers_injured, 0.0 drivers_killed, 0.0 passengers_injured, 0.0 passengers_killed, 0.0 pedestrian_injured, 0.0 pedestrian_killed, Fair (Day), Edsa  Ayala Intersection Makati City Makati",MMDA Road Safety Unit,,89594b2d-8c86-4f8e-8b2a-385046715af0,2011-12-21,04:30:00,EDSA Approaching Loading Bay Magallanes Makati,0,0,0,0,0,0,0,0,0,0,2011-12-21 12:30,Property,14.55041654,121.0294372,Angle Impact
None,EDSA,None,None,"Unknown, Side Swipe, 0.0 drivers_injured, 0.0 drivers_killed, 0.0 passengers_injured, 0.0 passengers_killed, 0.0 pedestrian_injured, 0.0 pedestrian_killed, Fair (Night), EDSA after Antonio S. Arnaiz Ave. (Pasay Road) Makati",MMDA Road Safety Unit,,29bcb702-ac4a-41a2-b955-224fb7108482,2011-12-15,11:35:00,EDSA before Buendia Loading Bay Makati,0,0,0,0,0,0,0,0,0,0,2011-12-15 19:35,Property,14.54733215,121.0256082,Side Swipe
None,EDSA,None,None,"Unknown, Hit and Run (No Collision Stated), 0.0 drivers_injured, 0.0 drivers_killed, 0.0 passengers_injured, 0.0 passengers_killed, 0.0 pedestrian_injured, 0.0 pedestrian_killed, Fair (Day), EDSA Ayala Ave., (SB) Makati",MMDA Road Safety Unit,,54beb1ec-879b-4e0e-9833-14a5570c0936,2011-12-15,00:35:00,EDSA Approaching Magallanes Loading Bay Makati,0,0,0,0,0,0,0,0,0,0,2011-12-15 8:35,Property,14.55036403,121.0293952,No Collision Stated
None,EDSA,None,None,"Unknown, Angle Impact, 0.0 drivers_injured, 0.0 drivers_killed, 0.0 passengers_injured, 0.0 passengers_killed, 0.0 pedestrian_injured, 0.0 pedestrian_killed, Fair (Day), EDSA Magallanes Ave. Makati",MMDA Road Safety Unit,,fafbfd24-8328-4a72-9920-05b617d2bec9,2011-12-12,05:00:00,EDSA Mantrade Makati,0,0,0,0,0,0,0,0,0,0,2011-12-12 13:00,Property,14.53924572,121.0142961,Angle Impact
None,EDSA,None,None,"Unknown, Side Swipe, 0.0 drivers_injured, 0.0 drivers_killed, 0.0 passengers_injured, 0.0 passengers_killed, 0.0 pedestrian_injured, 0.0 pedestrian_killed, Fair (Day), EDSA before Ayala Ave. Makati",MMDA Road Safety Unit,,d8c24072-c009-4211-b0ea-c703774a4aee,2011-12-09,08:00:00,EDSA Estrella St. Makati,0,0,0,0,0,0,0,0,0,0,2011-12-09 16:00,Property,14.55048281,121.029498,Side Swipe
None,EDSA,None,None,"Unknown, Rear-end, 1.0 drivers_injured, 0.0 drivers_killed, 0.0 passengers_injured, 0.0 passengers_killed, 0.0 pedestrian_injured, 0.0 pedestrian_killed, Fair (Day), EDSA  Guadalupe Pedestrian Overpass Makati",MMDA Road Safety Unit,,d2a914ae-1489-4d87-b93a-d179884efcb3,2011-11-30,23:00:00,EDSA before MRT-Buendia Station Makati,0,0,0,1,0,0,0,0,0,1,2011-12-01 7:00,Injury,14.5669049,121.0455252,Rear-End
None,EDSA,None,None,"Unknown, Rear-end, 0.0 drivers_injured, 0.0 drivers_killed, 0.0 passengers_injured, 0.0 passengers_killed, 0.0 pedestrian_injured, 0.0 pedestrian_killed, Fair (Day), EDSA  Evangelista St. Makati",MMDA Road Safety Unit,,41e2ce18-45c5-476f-ad83-20ec4ef9c249,2011-11-30,07:15:00,EDSA Guadalupe Loading Bay / Loyola Memorial Chapel Makati,0,0,0,0,0,0,0,0,0,0,2011-11-30 15:15,Property,14.53903632,121.012275,Rear-End
None,EDSA,None,None,"Unknown, Angle Impact, 0.0 drivers_injured, 0.0 drivers_killed, 0.0 passengers_injured, 0.0 passengers_killed, 0.0 pedestrian_injured, 0.0 pedestrian_killed, Fair (Day), EDSA Lapu-lapu St. extn., brgy. Bangkal Makati",MMDA Road Safety Unit,,a4089c42-0717-43da-a702-56ec935bf257,2011-11-14,08:30:00,EDSA Approaching Magallanes Loadin g Bay Makati,0,0,0,0,0,0,0,0,0,0,2011-11-14 16:30,Property,14.53968935,121.0155717,Angle Impact
None,EDSA,None,None,"Unknown, Angle Impact, 0.0 drivers_injured, 0.0 drivers_killed, 0.0 passengers_injured, 0.0 passengers_killed, 0.0 pedestrian_injured, 0.0 pedestrian_killed, Fair (Day), EDSA Estrella St. Makati",MMDA Road Safety Unit,,bb8b9ce5-5a54-4cb8-998b-07ba34f714d5,2011-11-11,07:20:00,EDSA Approaching Loyola Memorial Chapel Makati,0,0,0,0,0,0,0,0,0,0,2011-11-11 15:20,Property,14.56004326,121.0411034,Angle Impact
None,EDSA,None,None,"Unknown, Rear-end, 0.0 drivers_injured, 0.0 drivers_killed, 0.0 passengers_injured, 0.0 passengers_killed, 0.0 pedestrian_injured, 0.0 pedestrian_killed, Fair (Night), EDSA Pasay Road Makati",MMDA Road Safety Unit,,cf03ea09-1aff-4b39-8473-3d3f4b63ce1d,2011-11-08,10:30:00,EDSA before MRT-Buendia Station Makati,0,0,0,0,0,0,0,0,0,0,2011-11-08 18:30,Property,14.54758327,121.025974,Rear-End
None,EDSA,None,None,"Unknown, Hit Object (No Object Stated), 0.0 drivers_injured, 0.0 drivers_killed, 0.0 passengers_injured, 0.0 passengers_killed, 0.0 pedestrian_injured, 0.0 pedestrian_killed, Fair (Night), EDSA Magallanes Interchange Makati",MMDA Road Safety Unit,,6c330acd-a70f-4aea-a712-5238f0a8a57d,2011-10-31,18:00:00,EDSA Orense St.  Makati,0,0,0,0,0,0,0,0,0,0,2011-11-01 2:00,Property,14.54679556,121.0248047,Hit Object
None,EDSA,None,None,"Unknown, Angle Impact, 0.0 drivers_injured, 0.0 drivers_killed, 0.0 passengers_injured, 0.0 passengers_killed, 0.0 pedestrian_injured, 0.0 pedestrian_killed, Fair (Night), EDSA Apolinario St. Makati",MMDA Road Safety Unit,,0f8ac2e0-2415-4dee-af2a-ef3b42ace4cf,2011-10-28,18:30:00,EDSA after Agutaya St. Brgy. Pinaglaba Makati,0,0,0,0,0,0,0,0,0,0,2011-10-29 2:30,Property,14.53994323,121.0153097,Angle Impact
None,EDSA,None,None,"Unknown, Side Swipe, 0.0 drivers_injured, 0.0 drivers_killed, 0.0 passengers_injured, 0.0 passengers_killed, 0.0 pedestrian_injured, 0.0 pedestrian_killed, Fair (Day), EDSA Ayala Ave. Makati",MMDA Road Safety Unit,,a273cb3b-1566-4f04-aa49-3ff2a18b20c9,2011-10-28,04:00:00,EDSA Approaching MRT Station Magallanes Makati,0,0,0,0,0,0,0,0,0,0,2011-10-28 12:00,Property,14.5503157,121.0293627,Side Swipe
None,EDSA,None,None,"Unknown, Side Swipe-Same Direction, 0.0 drivers_injured, 0.0 drivers_killed, 0.0 passengers_injured, 0.0 passengers_killed, 0.0 pedestrian_injured, 0.0 pedestrian_killed, Fair (Day), EDSA Estrella St. Makati",MMDA Road Safety Unit,,760a5b56-ea6d-4376-9cf2-5fbe11497b09,2011-10-23,05:15:00,EDSA fronting San carlos Seminary Makati,0,0,0,0,0,0,0,0,0,0,2011-10-23 13:15,Property,14.56004326,121.0411034,Side Swipe
None,EDSA,None,None,"Unknown, Side Swipe, 0.0 drivers_injured, 0.0 drivers_killed, 0.0 passengers_injured, 0.0 passengers_killed, 0.0 pedestrian_injured, 0.0 pedestrian_killed, Fair (Day), EDSA Orense St. Makati",MMDA Road Safety Unit,,133b9dcf-2ecd-4778-a53e-8bd4915f0c03,2011-10-16,03:45:00,EDSA Guinguia St. Brgy. Pinagkaisahan Makati,0,0,0,0,0,0,0,0,0,0,2011-10-16 11:45,Property,14.56156378,121.0428336,Side Swipe
None,EDSA,None,None,"Unknown, Side Swipe, 0.0 drivers_injured, 0.0 drivers_killed, 0.0 passengers_injured, 0.0 passengers_killed, 0.0 pedestrian_injured, 0.0 pedestrian_killed, Fair (Night), EDSA Buendia Makati",MMDA Road Safety Unit,,f969b87b-d677-4e36-af1c-237be3707a7d,2011-10-12,10:30:00,"EDSA before Loading Bay Guadalupe, Brgy. Nuevo Makati",0,0,0,0,0,0,0,0,0,0,2011-10-12 18:30,Property,14.5552368,121.0349749,Side Swipe
None,EDSA,None,None,"Unknown, Hit Object (No Object Stated), 0.0 drivers_injured, 0.0 drivers_killed, 0.0 passengers_injured, 0.0 passengers_killed, 0.0 pedestrian_injured, 0.0 pedestrian_killed, Fair (Night), EDSA Estrella St. Makati",MMDA Road Safety Unit,,d9b57f6a-2a7d-42e5-90f3-073129d50879,2011-10-11,15:30:00,EDSA before Orense St. Makati,0,0,0,0,0,0,0,0,0,0,2011-10-11 23:30,Property,14.56004326,121.0411034,Hit Object
None,EDSA,None,None,"Unknown, Rear-end, 0.0 drivers_injured, 0.0 drivers_killed, 0.0 passengers_injured, 0.0 passengers_killed, 0.0 pedestrian_injured, 0.0 pedestrian_killed, Fair (Night), EDSA Estrella St. Makati",MMDA Road Safety Unit,,4730af77-7759-4906-8f55-80283c97ffbb,2011-10-11,15:30:00,EDSA before Orense St. Makati,0,0,0,0,0,0,0,0,0,0,2011-10-11 23:30,Property,14.56004326,121.0411034,Rear-End
None,EDSA,None,None,"Unknown, Side Swipe, 0.0 drivers_injured, 0.0 drivers_killed, 0.0 passengers_injured, 0.0 passengers_killed, 0.0 pedestrian_injured, 0.0 pedestrian_killed, Fair (Day), EDSA Approaching Mc Kinley Road Makati",MMDA Road Safety Unit,,3d61b7b8-3d95-4ff2-84c1-a8937690a4c3,2011-10-10,00:45:00,EDSA before Magallanes Interchange Makati,0,0,0,0,0,0,0,0,0,0,2011-10-10 8:45,Property,14.54992982,121.0292016,Side Swipe
None,EDSA,None,None,"Unknown, Side Swipe, 0.0 drivers_injured, 0.0 drivers_killed, 0.0 passengers_injured, 0.0 passengers_killed, 0.0 pedestrian_injured, 0.0 pedestrian_killed, Fair (Night), EDSA Ayala Ave. Makati",MMDA Road Safety Unit,,247b6cf1-09c2-43a6-b221-b6256b3b3093,2011-09-26,11:50:00,EDSA Ayala Loading Bay Makati,0,0,0,0,0,0,0,0,0,0,2011-09-26 19:50,Property,14.5503157,121.0293627,Side Swipe
None,EDSA,None,None,"Unknown, Rear-end, 0.0 drivers_injured, 0.0 drivers_killed, 0.0 passengers_injured, 0.0 passengers_killed, 0.0 pedestrian_injured, 0.0 pedestrian_killed, Fair (Day), EDSA Approaching MRT Station Buendia Makati",MMDA Road Safety Unit,,b4425b98-47d5-4545-947a-12636c7bd6df,2011-09-26,02:00:00,EDSA Buendia Loading Bay Makati,0,0,0,0,0,0,0,0,0,0,2011-09-26 10:00,Property,14.55417815,121.0339083,Rear-End
None,EDSA,None,None,"Unknown, Rear-end, 0.0 drivers_injured, 0.0 drivers_killed, 0.0 passengers_injured, 0.0 passengers_killed, 0.0 pedestrian_injured, 0.0 pedestrian_killed, Fair (Night), EDSA Estrella St. Makati",MMDA Road Safety Unit,,f9d2bbd8-43de-4a01-979a-fdd6d818517d,2011-09-19,12:45:00,EDSA Antonio S. Arnaiz Ave. (Pasay Road) Makati,0,0,0,0,0,0,0,0,0,0,2011-09-19 20:45,Property,14.56004326,121.0411034,Rear-End
None,EDSA,None,None,"Unknown, Hit and Run (No Collision Stated), 0.0 drivers_injured, 0.0 drivers_killed, 0.0 passengers_injured, 0.0 passengers_killed, 0.0 pedestrian_injured, 0.0 pedestrian_killed, Fair (Night), EDSA Magallanes Interchange Makati",MMDA Road Safety Unit,,9c39a401-b2ba-44c5-be11-ce1bc57c7469,2011-09-19,12:20:00,EDSA before Sen. Gil J. Puyat Ave. (Buendia Ave. Ext.) Makati,0,0,0,0,0,0,0,0,0,0,2011-09-19 20:20,Property,14.54679556,121.0248047,No Collision Stated