LOCATION_TEXT,ROAD,WEATHER,LIGHT,DESC,REPORTING_AGENCY,MAIN_CAUSE,INCIDENTDETAILS_ID,DATE_UTC,TIME_UTC,ADDRESS,killed_driver,killed_passenger,killed_pedestrian,injured_driver,injured_passenger,injured_pedestrian,killed_uncategorized,injured_uncategorized,killed_total,injured_total,DATETIME_PST,SEVERITY,Y,X,COLLISION_TYPE
None,EDSA,None,None,"Human Error, Angle Impact, 0.0 drivers_injured, 0.0 drivers_killed, 0.0 passengers_injured, 0.0 passengers_killed, 0.0 pedestrian_injured, 0.0 pedestrian_killed, Fair (Day), EDSA Ayala Ave. Makati",MMDA Road Safety Unit,,538b341b-0334-4ec5-bc0c-c23b7248e0a8,2011-08-23,00:45:00,EDSA Antonio S. Arnaiz Ave. (Pasay Road) Makati,0,0,0,0,0,0,0,0,0,0,2011-08-23 8:45,Property,14.55049061,121.0293883,Angle Impact
None,EDSA,None,None,"Human Error, Side Swipe, 0.0 drivers_injured, 0.0 drivers_killed, 0.0 passengers_injured, 0.0 passengers_killed, 0.0 pedestrian_injured, 0.0 pedestrian_killed, Fair (Night), EDSA Ayala Ave. Makati",MMDA Road Safety Unit,,54b14b8b-c38d-4107-889c-f63e51d2ebaa,2011-08-17,15:15:00,EDSA before Magallanes Loading Bay Makati,0,0,0,0,0,0,0,0,0,0,2011-08-17 23:15,Property,14.5503157,121.0293627,Side Swipe
None,EDSA,None,None,"Unknown, Side Swipe, 0.0 drivers_injured, 0.0 drivers_killed, 0.0 passengers_injured, 0.0 passengers_killed, 0.0 pedestrian_injured, 0.0 pedestrian_killed, Fair (Night), EDSA Escuela st fronting Shell Gas Station Makati",MMDA Road Safety Unit,,293f31e1-3196-4f5d-a2cd-0271ba218a2b,2011-08-10,12:00:00,EDSA Kalayaan Ave. Makati,0,0,0,0,0,0,0,0,0,0,2011-08-10 20:00,Property,14.56009895,121.0411864,Side Swipe
None,EDSA,None,None,"Unknown, Rear-end, 0.0 drivers_injured, 0.0 drivers_killed, 0.0 passengers_injured, 0.0 passengers_killed, 0.0 pedestrian_injured, 0.0 pedestrian_killed, Fair (Day), EDSA fronting Buendia MRT Station Makati",MMDA Road Safety Unit,,f9b36d97-0b44-463b-8490-02dbaec4bab0,2011-08-10,06:10:00,EDSA fronting San Carlos Seminary Makati,0,0,0,0,0,0,0,0,0,0,2011-08-10 14:10,Property,14.55421493,121.0338844,Rear-End
None,EDSA,None,None,"Unknown, Rear-end, 0.0 drivers_injured, 0.0 drivers_killed, 0.0 passengers_injured, 0.0 passengers_killed, 0.0 pedestrian_injured, 0.0 pedestrian_killed, Fair (Night), EDSA fronting Ayala MRT Station Makati",MMDA Road Safety Unit,,f8e26606-cee4-48ad-ad05-190316f26a69,2011-08-09,10:30:00,"EDSA before ""U"" turn slot, Sen. Gil J. Puyat Ave. (Buendia Ave. Ext.) Makati",0,0,0,0,0,0,0,0,0,0,2011-08-09 18:30,Property,14.54918264,121.0279911,Rear-End
None,EDSA,None,None,"Human Error, Rear-end, 0.0 drivers_injured, 0.0 drivers_killed, 0.0 passengers_injured, 0.0 passengers_killed, 0.0 pedestrian_injured, 0.0 pedestrian_killed, Fair (Day), EDSA Ayala Ave. Makati",MMDA Road Safety Unit,,6033c9c8-ed09-42ce-8e11-1f66edf0c2d3,2011-08-06,06:30:00,EDSA fronting Caltex Gas Station Makati,0,0,0,0,0,0,0,0,0,0,2011-08-06 14:30,Property,14.5503157,121.0293627,Rear-End
None,EDSA,None,None,"Unknown, Side Swipe, 0.0 drivers_injured, 0.0 drivers_killed, 0.0 passengers_injured, 0.0 passengers_killed, 0.0 pedestrian_injured, 0.0 pedestrian_killed, Fair (Night), EDSA fronting Guadalupe MRT Station Makati",MMDA Road Safety Unit,,7977116e-4a30-46d6-8079-2c0c36d46bef,2011-08-05,10:15:00,EDSA East Cloverleaf Makati,0,0,0,0,0,0,0,0,0,0,2011-08-05 18:15,Property,14.56674549,121.0455515,Side Swipe
None,EDSA,None,None,"Unknown, Side Swipe, 0.0 drivers_injured, 0.0 drivers_killed, 0.0 passengers_injured, 0.0 passengers_killed, 0.0 pedestrian_injured, 0.0 pedestrian_killed, Fair (Night), EDSA Approaching Loading Bay Magallanes Makati",MMDA Road Safety Unit,,ccb969a4-6591-41f0-8940-7f4b41e3a638,2011-08-05,10:00:00,EDSA Guadalupe MRT Station Makati,0,0,0,0,0,0,0,0,0,0,2011-08-05 18:00,Property,14.54345407,121.0210917,Side Swipe
None,EDSA,None,None,"Unknown, Side Swipe, 0.0 drivers_injured, 0.0 drivers_killed, 0.0 passengers_injured, 0.0 passengers_killed, 0.0 pedestrian_injured, 0.0 pedestrian_killed, Fair (Night), EDSA before Buendia Loading Bay Makati",MMDA Road Safety Unit,,43e45e6f-b087-4c5b-b6b5-86f4c4b35000,2011-08-03,11:40:00,"EDSA fronting Jollibee, Bgy. Guadalupe Nuevo Makati",0,0,0,0,0,0,0,0,0,0,2011-08-03 19:40,Property,14.55431133,121.0339165,Side Swipe
None,EDSA,None,None,"Unknown, Side Swipe, 0.0 drivers_injured, 0.0 drivers_killed, 0.0 passengers_injured, 0.0 passengers_killed, 0.0 pedestrian_injured, 0.0 pedestrian_killed, Fair (Day), EDSA Approaching Magallanes Loading Bay Makati",MMDA Road Safety Unit,,3c4875ca-dae6-4813-adda-8d1766a064d1,2011-08-03,00:20:00,EDSA Magallanes Interchange Makati,0,0,0,0,0,0,0,0,0,0,2011-08-03 8:20,Property,14.54355011,121.0212316,Side Swipe
None,EDSA,None,None,"Unknown, Self-Accident, 0.0 drivers_injured, 0.0 drivers_killed, 0.0 passengers_injured, 0.0 passengers_killed, 0.0 pedestrian_injured, 0.0 pedestrian_killed, Fair (Day), EDSA Mantrade Makati",MMDA Road Safety Unit,,4b4c41a4-714b-4b4b-bce1-65495096a522,2011-07-29,01:00:00,"EDSA after Harvard St., Bgy. Pinagkaisahan Makati",0,0,0,0,0,0,0,0,0,0,2011-07-29 9:00,Property,14.54127991,121.0184601,Self-Accident
None,EDSA,None,None,"Unknown, Side Swipe, 0.0 drivers_injured, 0.0 drivers_killed, 0.0 passengers_injured, 0.0 passengers_killed, 0.0 pedestrian_injured, 0.0 pedestrian_killed, Fair (Day), EDSA Estrella St. Makati",MMDA Road Safety Unit,,89b5380b-f2c6-4bf6-abbd-bf89dc344b35,2011-07-25,09:30:00,"EDSA fronting Loyola Memorial Chapels Inc., Bgy. Guadalupe Viejo Makati",0,0,0,0,0,0,0,0,0,0,2011-07-25 17:30,Property,14.56004326,121.0411034,Side Swipe
None,EDSA,None,None,"Unknown, Rear-end, 0.0 drivers_injured, 0.0 drivers_killed, 0.0 passengers_injured, 0.0 passengers_killed, 0.0 pedestrian_injured, 0.0 pedestrian_killed, Fair (Day), EDSA before MRT-Buendia Station Makati",MMDA Road Safety Unit,,3252d73a-ce3c-41d3-9fe9-37aa0835fbb2,2011-07-25,08:35:00,EDSA before Estrella St. Makati,0,0,0,0,0,0,0,0,0,0,2011-07-25 16:35,Property,14.55432332,121.0340339,Rear-End
None,EDSA,None,None,"Unknown, Side Swipe, 0.0 drivers_injured, 0.0 drivers_killed, 0.0 passengers_injured, 0.0 passengers_killed, 0.0 pedestrian_injured, 0.0 pedestrian_killed, Fair (Day), EDSA Guadalupe Loading Bay / Loyola Memorial Chapel Makati",MMDA Road Safety Unit,,c3f08c93-cc8c-4f62-ab0d-f90012f86598,2011-07-24,23:00:00,EDSA magallanes Loading Bay Makati,0,0,0,0,0,0,0,0,0,0,2011-07-25 7:00,Property,14.56470241,121.0447638,Side Swipe
None,EDSA,None,None,"Unknown, Rear-end, 0.0 drivers_injured, 0.0 drivers_killed, 0.0 passengers_injured, 0.0 passengers_killed, 0.0 pedestrian_injured, 0.0 pedestrian_killed, Fair (Day), EDSA Approaching Magallanes Loadin g Bay Makati",MMDA Road Safety Unit,,f6f5d2f8-8469-4b79-a7bb-54b620a3550a,2011-07-24,22:30:00,"EDSA before ""U"" turn slot, Sen. Gil J. Puyat Ave. (Buendia Ave. Ext.) Makati",0,0,0,0,0,0,0,0,0,0,2011-07-25 6:30,Property,14.54355011,121.0212316,Rear-End
None,EDSA,None,None,"Unknown, Side Swipe, 0.0 drivers_injured, 0.0 drivers_killed, 0.0 passengers_injured, 0.0 passengers_killed, 0.0 pedestrian_injured, 0.0 pedestrian_killed, Fair (Day), EDSA Approaching Loyola Memorial Chapel Makati",MMDA Road Safety Unit,,7e65d474-c5ae-4f1f-bebd-9f2284c58cc8,2011-07-24,07:10:00,EDSA Escuela St. fronting Shell gas Station Makati,0,0,0,0,0,0,0,0,0,0,2011-07-24 15:10,Property,14.56560417,121.0449524,Side Swipe
None,EDSA,None,None,"Unknown, Rear-end, 0.0 drivers_injured, 0.0 drivers_killed, 0.0 passengers_injured, 0.0 passengers_killed, 0.0 pedestrian_injured, 0.0 pedestrian_killed, Fair (Day), EDSA before MRT-Buendia Station Makati",MMDA Road Safety Unit,,ab6cda1b-0c60-4249-af75-e39d64536a12,2011-07-24,07:05:00,EDSA after Magallanes Ave. Makati,0,0,0,0,0,0,0,0,0,0,2011-07-24 15:05,Property,14.55432332,121.0340339,Rear-End
None,EDSA,None,None,"Unknown, Other (Backing Collision), 0.0 drivers_injured, 0.0 drivers_killed, 0.0 passengers_injured, 0.0 passengers_killed, 0.0 pedestrian_injured, 0.0 pedestrian_killed, Fair (Night), EDSA Orense St.  Makati",MMDA Road Safety Unit,,3e327069-04e0-410b-8c46-839b1655f9e4,2011-07-15,14:10:00,EDSA Mantrade Makati,0,0,0,0,0,0,0,0,0,0,2011-07-15 22:10,Property,14.56156378,121.0428336,Rear-End
None,EDSA,None,None,"Unknown, Side Swipe, 0.0 drivers_injured, 0.0 drivers_killed, 0.0 passengers_injured, 0.0 passengers_killed, 0.0 pedestrian_injured, 0.0 pedestrian_killed, Fair (Night), EDSA after Agutaya St. Brgy. Pinaglaba Makati",MMDA Road Safety Unit,,0938c166-9e9f-44b5-b7f5-14441d10d97b,2011-07-14,10:30:00,EDSA after MRT-Guadalupe Station Makati,0,0,0,0,0,0,0,0,0,0,2011-07-14 18:30,Property,14.55970339,121.0406952,Side Swipe
None,EDSA,None,None,"Unknown, Rear-end, 0.0 drivers_injured, 0.0 drivers_killed, 0.0 passengers_injured, 0.0 passengers_killed, 0.0 pedestrian_injured, 0.0 pedestrian_killed, Fair (Day), EDSA Approaching MRT Station Magallanes Makati",MMDA Road Safety Unit,,d230b6f5-c0d5-4c20-a054-ecd50059fd4b,2011-07-12,02:30:00,EDSA Ayala Ave. Makati,0,0,0,0,0,0,0,0,0,0,2011-07-12 10:30,Property,14.54164352,121.019046,Rear-End
None,EDSA,None,None,"Unknown, Rear-end, 0.0 drivers_injured, 0.0 drivers_killed, 0.0 passengers_injured, 0.0 passengers_killed, 0.0 pedestrian_injured, 0.0 pedestrian_killed, Fair (Day), EDSA fronting San carlos Seminary Makati",MMDA Road Safety Unit,,ef5a89b4-1ccc-4b7e-a30a-c772bdd72dc5,2011-07-12,01:45:00,EDSA Ayala Ave. Makati,0,0,0,0,0,0,0,0,0,0,2011-07-12 9:45,Property,14.56308495,121.043919,Rear-End
None,EDSA,None,None,"Unknown, Side Swipe, 0.0 drivers_injured, 0.0 drivers_killed, 0.0 passengers_injured, 0.0 passengers_killed, 0.0 pedestrian_injured, 0.0 pedestrian_killed, Fair (Day), EDSA Guinguia St. Brgy. Pinagkaisahan Makati",MMDA Road Safety Unit,,972f2c72-9574-468d-a89d-bd3554ab9cef,2011-07-11,01:45:00,EDSA Sen. Gil J. Puyat Ave. (Buendia Ave. Ext.) Makati,0,0,0,0,0,0,0,0,0,0,2011-07-11 9:45,Property,14.55666324,121.0371861,Side Swipe
None,EDSA,None,None,"Unknown, Rear-end, 0.0 drivers_injured, 0.0 drivers_killed, 0.0 passengers_injured, 0.0 passengers_killed, 0.0 pedestrian_injured, 0.0 pedestrian_killed, Fair (Day), EDSA before Loading Bay Guadalupe, Brgy. Nuevo Makati",MMDA Road Safety Unit,,c755156d-6104-4a01-8ba5-562ac06306e2,2011-07-03,08:50:00,"EDSA Orense St., Bgy. Guadalupe Nuevo Makati",0,0,0,0,0,0,0,0,0,0,2011-07-03 16:50,Property,14.56492202,121.0448314,Rear-End
None,EDSA,None,None,"Unknown, Side Swipe, 0.0 drivers_injured, 0.0 drivers_killed, 0.0 passengers_injured, 0.0 passengers_killed, 0.0 pedestrian_injured, 0.0 pedestrian_killed, Fair (Day), EDSA before Orense St. Makati",MMDA Road Safety Unit,,e9b75937-ee98-4541-8978-1f00946e6e61,2011-07-03,06:15:00,EDSA before Magallanes Interchange Makati,0,0,0,0,0,0,0,0,0,0,2011-07-03 14:15,Property,14.56137594,121.0426299,Side Swipe
None,EDSA,None,None,"Unknown, Rear-end, 0.0 drivers_injured, 0.0 drivers_killed, 0.0 passengers_injured, 0.0 passengers_killed, 0.0 pedestrian_injured, 0.0 pedestrian_killed, Fair (Day), EDSA before Orense St. Makati",MMDA Road Safety Unit,,aaa5c43b-1d96-45ed-a8c2-c57156c9c0a7,2011-07-03,05:30:00,EDSA McKinley Road Makati,0,0,0,0,0,0,0,0,0,0,2011-07-03 13:30,Property,14.56137594,121.0426299,Rear-End
None,EDSA,None,None,"Unknown, Rear-end, 0.0 drivers_injured, 0.0 drivers_killed, 0.0 passengers_injured, 0.0 passengers_killed, 0.0 pedestrian_injured, 0.0 pedestrian_killed, Fair (Day), EDSA before Magallanes Interchange Makati",MMDA Road Safety Unit,,79464401-1d83-4749-97b5-791b9aec8092,2011-06-30,01:40:00,EDSA Guadalupe Loading Bay Makati,0,0,0,0,0,0,0,0,0,0,2011-06-30 9:40,Property,14.54140037,121.0184212,Rear-End
None,EDSA,None,None,"Unknown, Side Swipe, 0.0 drivers_injured, 0.0 drivers_killed, 0.0 passengers_injured, 0.0 passengers_killed, 0.0 pedestrian_injured, 0.0 pedestrian_killed, Fair (Day), EDSA Ayala Loading Bay Makati",MMDA Road Safety Unit,,e641e92e-e6e3-4fe8-9002-17a99d96714a,2011-06-29,06:30:00,EDSA before Magallanes Loading Bay Makati,0,0,0,0,0,0,0,0,0,0,2011-06-29 14:30,Property,14.54906772,121.0276631,Side Swipe
None,EDSA,None,None,"Unknown, Side Swipe, 0.0 drivers_injured, 0.0 drivers_killed, 0.0 passengers_injured, 0.0 passengers_killed, 0.0 pedestrian_injured, 0.0 pedestrian_killed, Fair (Day), EDSA Buendia Loading Bay Makati",MMDA Road Safety Unit,,866bf0a8-02a4-48c5-a6bf-0f8d9a617488,2011-06-27,07:30:00,EDSA Guadalupe  Makati,0,0,0,0,0,0,0,0,0,0,2011-06-27 15:30,Property,14.55422655,121.0337442,Side Swipe
None,EDSA,None,None,"Unknown, Rear-end, 0.0 drivers_injured, 0.0 drivers_killed, 0.0 passengers_injured, 0.0 passengers_killed, 0.0 pedestrian_injured, 0.0 pedestrian_killed, Fair (Day), EDSA Antonio S. Arnaiz Ave. (Pasay Road) Makati",MMDA Road Safety Unit,,600a07f5-7b88-444b-a80f-e94ea5439dc3,2011-06-24,01:00:00,EDSA Ayala Ave. Makati,0,0,0,0,0,0,0,0,0,0,2011-06-24 9:00,Property,14.54753179,121.0260155,Rear-End
None,EDSA,None,None,"Unknown, Hit and Run (No Collision Stated), 0.0 drivers_injured, 0.0 drivers_killed, 0.0 passengers_injured, 0.0 passengers_killed, 0.0 pedestrian_injured, 0.0 pedestrian_killed, Fair (Day), EDSA before Sen. Gil J. Puyat Ave. (Buendia Ave. Ext.) Makati",MMDA Road Safety Unit,,97bc8cb0-542c-41ee-ab10-c86f04e800be,2011-06-24,00:25:00,EDSA Danlig St. Makati,0,0,0,0,0,0,0,0,0,0,2011-06-24 8:25,Property,14.55470761,121.0348634,No Collision Stated
None,EDSA,None,None,"Unknown, Rear-end, 0.0 drivers_injured, 0.0 drivers_killed, 0.0 passengers_injured, 0.0 passengers_killed, 0.0 pedestrian_injured, 0.0 pedestrian_killed, Fair (Day), EDSA Antonio S. Arnaiz Ave. (Pasay Road) Makati",MMDA Road Safety Unit,,e5a4861a-0db8-4441-9e44-41235af357b7,2011-06-22,00:00:00,EDSA before Magallanes Interchange Makati,0,0,0,0,0,0,0,0,0,0,2011-06-22 8:00,Property,14.54753179,121.0260155,Rear-End
None,EDSA,None,None,"Unknown, Side Swipe, 0.0 drivers_injured, 0.0 drivers_killed, 0.0 passengers_injured, 0.0 passengers_killed, 0.0 pedestrian_injured, 0.0 pedestrian_killed, Fair (Day), EDSA before Magallanes Loading Bay Makati",MMDA Road Safety Unit,,35ac6292-f2a9-41c4-9129-56852e2035c0,2011-06-21,23:40:00,EDSA fornting Shell Gas Station / Buendia Makati,0,0,0,0,0,0,0,0,0,0,2011-06-22 7:40,Property,14.5435939,121.0212488,Side Swipe
None,EDSA,None,None,"Unknown, Side Swipe, 0.0 drivers_injured, 0.0 drivers_killed, 0.0 passengers_injured, 0.0 passengers_killed, 0.0 pedestrian_injured, 0.0 pedestrian_killed, Fair (Day), EDSA Kalayaan Ave. Makati",MMDA Road Safety Unit,,bca6782f-f386-4176-968f-ccafbc0c994d,2011-06-21,07:00:00,"EDSA at ""U"" turn slot, Sen. Gil J. Puyat Ave. (Buendia Ave. Ext.) Makati",0,0,0,0,0,0,0,0,0,0,2011-06-21 15:00,Property,14.55767933,121.038147,Side Swipe
None,EDSA,None,None,"Unknown, Side Swipe, 0.0 drivers_injured, 0.0 drivers_killed, 0.0 passengers_injured, 0.0 passengers_killed, 0.0 pedestrian_injured, 0.0 pedestrian_killed, Fair (Day), EDSA fronting San Carlos Seminary Makati",MMDA Road Safety Unit,,f4235c27-d96b-41a1-afc6-c9ec80664aa1,2011-06-21,01:45:00,"EDSA before Kalayaan Ave., Bgy. Pinagkaisahan Makati",0,0,0,0,0,0,0,0,0,0,2011-06-21 9:45,Property,14.56308495,121.043919,Side Swipe
None,EDSA,None,None,"Unknown, Side Swipe, 0.0 drivers_injured, 0.0 drivers_killed, 0.0 passengers_injured, 0.0 passengers_killed, 0.0 pedestrian_injured, 0.0 pedestrian_killed, Fair (Day), EDSA before ""U"" turn slot, Sen. Gil J. Puyat Ave. (Buendia Ave. Ext.) Makati",MMDA Road Safety Unit,,14554915-a539-4cdf-bffb-c1cc1e72cfb8,2011-06-20,01:45:00,EDSA before MRT-Buendia Station Makati,0,0,0,0,0,0,0,0,0,0,2011-06-20 9:45,Property,14.55539847,121.0354379,Side Swipe
None,EDSA,None,None,"Unknown, Side Swipe, 0.0 drivers_injured, 0.0 drivers_killed, 0.0 passengers_injured, 0.0 passengers_killed, 0.0 pedestrian_injured, 0.0 pedestrian_killed, Fair (Day), EDSA fronting Caltex Gas Station Makati",MMDA Road Safety Unit,,705a0a49-afef-41b7-bb40-fde00a541ab7,2011-06-20,00:45:00,EDSA Magallanes Interchange Makati,0,0,0,0,0,0,0,0,0,0,2011-06-20 8:45,Property,14.55903144,121.0398801,Side Swipe
None,EDSA,None,None,"Unknown, Hit and Run (Rear-end), 0.0 drivers_injured, 0.0 drivers_killed, 0.0 passengers_injured, 0.0 passengers_killed, 0.0 pedestrian_injured, 0.0 pedestrian_killed, Fair (Day), EDSA East Cloverleaf Makati",MMDA Road Safety Unit,,14cb85df-9c7c-482e-9fa0-1137471553d7,2011-06-18,05:00:00,EDSA before Magallanes Interchange Makati,0,0,0,0,0,0,0,0,0,0,2011-06-18 13:00,Property,14.5668982,121.0455818,Rear-End
None,EDSA,None,None,"Unknown, Rear-end, 0.0 drivers_injured, 0.0 drivers_killed, 0.0 passengers_injured, 0.0 passengers_killed, 0.0 pedestrian_injured, 0.0 pedestrian_killed, Fair (Day), EDSA Guadalupe MRT Station Makati",MMDA Road Safety Unit,,f25c4d8b-d53d-42bb-9e34-e6ba4b9dc6c7,2011-06-17,08:20:00,EDSA before Ayala Ave. Makati,0,0,0,0,0,0,0,0,0,0,2011-06-17 16:20,Property,14.56672028,121.0454643,Rear-End
None,EDSA,None,None,"Unknown, Rear-end, 0.0 drivers_injured, 0.0 drivers_killed, 0.0 passengers_injured, 0.0 passengers_killed, 0.0 pedestrian_injured, 0.0 pedestrian_killed, Fair (Day), EDSA fronting Jollibee, Bgy. Guadalupe Nuevo Makati",MMDA Road Safety Unit,,359c8566-3904-4370-8b19-1fe2ab8188ff,2011-06-17,07:30:00,EDSA bet. Sen. Gil Puyat Ave. & Ayala Ave. Makati,0,0,0,0,0,0,0,0,0,0,2011-06-17 15:30,Property,14.56541263,121.0451849,Rear-End
None,EDSA,None,None,"Unknown, Side Swipe, 0.0 drivers_injured, 0.0 drivers_killed, 0.0 passengers_injured, 0.0 passengers_killed, 0.0 pedestrian_injured, 0.0 pedestrian_killed, Fair (Day), EDSA Magallanes Interchange Makati",MMDA Road Safety Unit,,a8728871-f622-4eef-801e-236b382b9646,2011-06-17,06:45:00,EDSA Ayala Ave. Makati,0,0,0,0,0,0,0,0,0,0,2011-06-17 14:45,Property,14.54679556,121.0248047,Side Swipe
None,EDSA,None,None,"Unknown, Rear-end, 0.0 drivers_injured, 0.0 drivers_killed, 0.0 passengers_injured, 0.0 passengers_killed, 0.0 pedestrian_injured, 0.0 pedestrian_killed, Fair (Day), EDSA after Harvard St., Bgy. Pinagkaisahan Makati",MMDA Road Safety Unit,,cd87615d-a5ff-4b70-b0f5-cdb6a927b6c3,2011-06-17,02:30:00,EDSA Estrella St. Makati,0,0,0,0,0,0,0,0,0,0,2011-06-17 10:30,Property,14.55934596,121.04022,Rear-End
None,EDSA,None,None,"Unknown, Side Swipe, 0.0 drivers_injured, 0.0 drivers_killed, 0.0 passengers_injured, 0.0 passengers_killed, 0.0 pedestrian_injured, 0.0 pedestrian_killed, Fair (Day), EDSA fronting Loyola Memorial Chapels Inc., Bgy. Guadalupe Viejo Makati",MMDA Road Safety Unit,,177cf7a0-4e38-41f6-946d-11f7e9816494,2011-06-15,09:30:00,EDSA Estrella St. Makati,0,0,0,0,0,0,0,0,0,0,2011-06-15 17:30,Property,14.56543084,121.044954,Side Swipe
None,EDSA,None,None,"Unknown, Side Swipe, 0.0 drivers_injured, 0.0 drivers_killed, 0.0 passengers_injured, 0.0 passengers_killed, 0.0 pedestrian_injured, 0.0 pedestrian_killed, Fair (Day), EDSA before Estrella St. Makati",MMDA Road Safety Unit,,be4cefb6-7329-40b4-a92e-df0f61d82e77,2011-06-15,05:40:00,EDSA after Evangelista St. Makati,0,0,0,0,0,0,0,0,0,0,2011-06-15 13:40,Property,14.56050923,121.0412638,Side Swipe
None,EDSA,None,None,"Unknown, Other (Multiple), 2.0 drivers_injured, 0.0 drivers_killed, 0.0 passengers_injured, 0.0 passengers_killed, 0.0 pedestrian_injured, 0.0 pedestrian_killed, Fair (Night), EDSA magallanes Loading Bay Makati",MMDA Road Safety Unit,,5b5a9809-4c1f-402a-9b7c-62d1ac55f7fe,2011-06-11,20:15:00,"EDSA before Loyola Memorial Chapels Inc., Bgy. Guadalupe Viejo Makati",0,0,0,2,0,0,0,0,0,2,2011-06-12 4:15,Injury,14.54402536,121.021754,Multiple
None,EDSA,None,None,"Unknown, Rear-end, 0.0 drivers_injured, 0.0 drivers_killed, 0.0 passengers_injured, 0.0 passengers_killed, 0.0 pedestrian_injured, 0.0 pedestrian_killed, Fair (Day), EDSA before ""U"" turn slot, Sen. Gil J. Puyat Ave. (Buendia Ave. Ext.) Makati",MMDA Road Safety Unit,,a23e0e4b-09aa-42db-bbd0-87eca46c017d,2011-06-10,09:00:00,EDSA Guadalupe Bridge Makati,0,0,0,0,0,0,0,0,0,0,2011-06-10 17:00,Property,14.55539847,121.0354379,Rear-End
None,EDSA,None,None,"Unknown, Side Swipe, 0.0 drivers_injured, 0.0 drivers_killed, 0.0 passengers_injured, 0.0 passengers_killed, 0.0 pedestrian_injured, 0.0 pedestrian_killed, Fair (Day), EDSA Escuela St. fronting Shell gas Station Makati",MMDA Road Safety Unit,,8f7b177c-1476-426d-8dd2-a6d741a6c602,2011-06-09,09:45:00,"EDSA at ""U"" turn slot, Sen. Gil J. Puyat Ave. (Buendia Ave. Ext.) Makati",0,0,0,0,0,0,0,0,0,0,2011-06-09 17:45,Property,14.56009895,121.0411864,Side Swipe
None,EDSA,None,None,"Unknown, Angle Impact, 0.0 drivers_injured, 0.0 drivers_killed, 0.0 passengers_injured, 0.0 passengers_killed, 0.0 pedestrian_injured, 0.0 pedestrian_killed, Rain (Night), EDSA after Magallanes Ave. Makati",MMDA Road Safety Unit,,fe798ec7-1c42-401f-bec7-a9e143c3e755,2011-06-08,18:45:00,EDSA Orense St. fronting MMDA Bldg. Makati,0,0,0,0,0,0,0,0,0,0,2011-06-09 2:45,Property,14.53930854,121.0141475,Angle Impact
None,EDSA,None,None,"Unknown, Angle Impact, 0.0 drivers_injured, 0.0 drivers_killed, 0.0 passengers_injured, 0.0 passengers_killed, 0.0 pedestrian_injured, 0.0 pedestrian_killed, Rain (Day), EDSA Mantrade Makati",MMDA Road Safety Unit,,2623e2c5-32f1-4fc4-a832-f2cbd2013192,2011-06-07,23:00:00,EDSA before Magallanes Interchange Makati,0,0,0,0,0,0,0,0,0,0,2011-06-08 7:00,Property,14.54127991,121.0184601,Angle Impact
None,EDSA,None,None,"Unknown, Side Swipe, 0.0 drivers_injured, 0.0 drivers_killed, 0.0 passengers_injured, 0.0 passengers_killed, 0.0 pedestrian_injured, 0.0 pedestrian_killed, Fair (Day), EDSA after MRT-Guadalupe Station Makati",MMDA Road Safety Unit,,649b4584-eb8c-40b7-b133-9bdf02e6c8d7,2011-06-06,00:30:00,"EDSA at ""U"" turn slot, Sen. Gil J. Puyat Ave. (Buendia Ave. Ext.) Makati",0,0,0,0,0,0,0,0,0,0,2011-06-06 8:30,Property,14.56650954,121.045282,Side Swipe
None,EDSA,None,None,"Unknown, Side Swipe, 0.0 drivers_injured, 0.0 drivers_killed, 0.0 passengers_injured, 0.0 passengers_killed, 0.0 pedestrian_injured, 0.0 pedestrian_killed, Fair (Day), EDSA Ayala Ave. Makati",MMDA Road Safety Unit,,984eacc2-596b-4aea-9d7b-a5b0937e7a86,2011-06-05,08:30:00,EDSA fronting San Carlos Seminary Makati,0,0,0,0,0,0,0,0,0,0,2011-06-05 16:30,Property,14.5503157,121.0293627,Side Swipe
None,EDSA,None,None,"Unknown, Side Swipe, 0.0 drivers_injured, 0.0 drivers_killed, 0.0 passengers_injured, 0.0 passengers_killed, 0.0 pedestrian_injured, 0.0 pedestrian_killed, Fair (Night), EDSA Ayala Ave. Makati",MMDA Road Safety Unit,,3dee52f6-6f02-4549-9e34-d253619d62c2,2011-06-03,11:00:00,EDSA Buendia Loading Bay Makati,0,0,0,0,0,0,0,0,0,0,2011-06-03 19:00,Property,14.5503157,121.0293627,Side Swipe
None,EDSA,None,None,"Unknown, Rear-end, 0.0 drivers_injured, 0.0 drivers_killed, 0.0 passengers_injured, 0.0 passengers_killed, 0.0 pedestrian_injured, 0.0 pedestrian_killed, Rain (Night), EDSA Sen. Gil J. Puyat Ave. (Buendia Ave. Ext.) Makati",MMDA Road Safety Unit,,6e568fbe-76f0-406b-b2a3-632ddce33f8d,2011-05-27,12:00:00,EDSA before MRT-Ayala Station Makati,0,0,0,0,0,0,0,0,0,0,2011-05-27 20:00,Property,14.55483765,121.0348537,Rear-End
None,EDSA,None,None,"Unknown, Rear-end, 0.0 drivers_injured, 0.0 drivers_killed, 0.0 passengers_injured, 0.0 passengers_killed, 0.0 pedestrian_injured, 0.0 pedestrian_killed, Rain (Night), EDSA Orense St., Bgy. Guadalupe Nuevo Makati",MMDA Road Safety Unit,,ff358bfa-8f4b-4ed5-a479-d659d4130a45,2011-05-26,11:00:00,EDSA fronting Konka  Makati,0,0,0,0,0,0,0,0,0,0,2011-05-26 19:00,Property,14.56156378,121.0428336,Rear-End
None,EDSA,None,None,"Unknown, Side Swipe, 0.0 drivers_injured, 0.0 drivers_killed, 0.0 passengers_injured, 0.0 passengers_killed, 0.0 pedestrian_injured, 0.0 pedestrian_killed, Fair (Night), EDSA before Magallanes Interchange Makati",MMDA Road Safety Unit,,b672609d-7598-4680-b087-2b3ef3caa071,2011-05-18,11:00:00,EDSA before MRT-Ayala Station Makati,0,0,0,0,0,0,0,0,0,0,2011-05-18 19:00,Property,14.54140037,121.0184212,Side Swipe