LOCATION_TEXT,ROAD,WEATHER,LIGHT,DESC,REPORTING_AGENCY,MAIN_CAUSE,INCIDENTDETAILS_ID,DATE_UTC,TIME_UTC,ADDRESS,killed_driver,killed_passenger,killed_pedestrian,injured_driver,injured_passenger,injured_pedestrian,killed_uncategorized,injured_uncategorized,killed_total,injured_total,DATETIME_PST,SEVERITY,Y,X,COLLISION_TYPE
None,EDSA,None,None,"Unknown, Rear-end, 0.0 drivers_injured, 0.0 drivers_killed, 0.0 passengers_injured, 0.0 passengers_killed, 0.0 pedestrian_injured, 0.0 pedestrian_killed, Fair (Day), EDSA McKinley Road Makati",MMDA Road Safety Unit,,1f230c6d-b912-43b0-bd8a-afa91b243ab8,2011-05-18,03:45:00,EDSA before Magallanes Interchange Makati,0,0,0,0,0,0,0,0,0,0,2011-05-18 11:45,Property,14.55015688,121.0295286,Rear-End
None,EDSA,None,None,"Unknown, Side Swipe, 0.0 drivers_injured, 0.0 drivers_killed, 0.0 passengers_injured, 0.0 passengers_killed, 0.0 pedestrian_injured, 0.0 pedestrian_killed, Fair (Day), EDSA Guadalupe Loading Bay Makati",MMDA Road Safety Unit,,fc902c66-4290-4fec-848b-ea19d825fba7,2011-05-18,00:30:00,"EDSA after Kalayaan Ave., Bgy. Pinagkaisahan Makati",0,0,0,0,0,0,0,0,0,0,2011-05-18 8:30,Property,14.56470241,121.0447638,Side Swipe
None,EDSA,None,None,"Unknown, Side Swipe, 0.0 drivers_injured, 0.0 drivers_killed, 0.0 passengers_injured, 0.0 passengers_killed, 0.0 pedestrian_injured, 0.0 pedestrian_killed, Fair (Day), EDSA before Magallanes Loading Bay Makati",MMDA Road Safety Unit,,ccd8d878-b8db-4223-a8a1-763a2ffaee0f,2011-05-17,04:20:00,EDSA Magallanes Interchange Makati,0,0,0,0,0,0,0,0,0,0,2011-05-17 12:20,Property,14.5435939,121.0212488,Side Swipe
None,EDSA,None,None,"Unknown, Hit and Run (No Collision Stated), 0.0 drivers_injured, 0.0 drivers_killed, 0.0 passengers_injured, 0.0 passengers_killed, 0.0 pedestrian_injured, 0.0 pedestrian_killed, Fair (Day), EDSA Guadalupe  Makati",MMDA Road Safety Unit,,5a478371-3c3c-45ab-8e7b-d4349ed3cbc0,2011-05-16,05:45:00,EDSA MRT-Guadalupe Station Makati,0,0,0,0,0,0,0,0,0,0,2011-05-16 13:45,Property,14.56662777,121.0455282,No Collision Stated
None,EDSA,None,None,"Unknown, Side Swipe, 0.0 drivers_injured, 0.0 drivers_killed, 0.0 passengers_injured, 0.0 passengers_killed, 0.0 pedestrian_injured, 0.0 pedestrian_killed, Fair (Day), EDSA Ayala Ave. Makati",MMDA Road Safety Unit,,8eebddc9-1035-4adf-b6fb-1b4f4c775bb1,2011-05-16,00:00:00,EDSA Buendia Loading Bay Makati,0,0,0,0,0,0,0,0,0,0,2011-05-16 8:00,Property,14.5503157,121.0293627,Side Swipe
None,EDSA,None,None,"Unknown, Rear-end, 0.0 drivers_injured, 0.0 drivers_killed, 0.0 passengers_injured, 0.0 passengers_killed, 0.0 pedestrian_injured, 0.0 pedestrian_killed, Fair (Day), EDSA Danlig St. Makati",MMDA Road Safety Unit,,abc15c7f-29ee-426f-ad79-690de7bb6b8d,2011-05-12,07:00:00,EDSA Kalayaan Ave. Makati,0,0,0,0,0,0,0,0,0,0,2011-05-12 15:00,Property,14.55849878,121.0392461,Rear-End
None,EDSA,None,None,"Unknown, Rear-end, 0.0 drivers_injured, 0.0 drivers_killed, 0.0 passengers_injured, 0.0 passengers_killed, 0.0 pedestrian_injured, 0.0 pedestrian_killed, Fair (Day), EDSA before Magallanes Interchange Makati",MMDA Road Safety Unit,,2e355b2b-d76c-41f3-be3a-479e59fa9832,2011-05-12,04:20:00,EDSA after San Carlos Seminary Makati,0,0,0,0,0,0,0,0,0,0,2011-05-12 12:20,Property,14.54140037,121.0184212,Rear-End
None,EDSA,None,None,"Unknown, Rear-end, 0.0 drivers_injured, 0.0 drivers_killed, 0.0 passengers_injured, 0.0 passengers_killed, 0.0 pedestrian_injured, 0.0 pedestrian_killed, Fair (Day), EDSA fornting Shell Gas Station / Buendia Makati",MMDA Road Safety Unit,,1c938e35-046f-4431-8d44-f3a0e3808b7d,2011-05-11,09:30:00,EDSA before Magallanes Loading Bay Makati,0,0,0,0,0,0,0,0,0,0,2011-05-11 17:30,Property,14.55526606,121.035043,Rear-End
None,EDSA,None,None,"Unknown, Side Swipe, 0.0 drivers_injured, 0.0 drivers_killed, 0.0 passengers_injured, 0.0 passengers_killed, 0.0 pedestrian_injured, 0.0 pedestrian_killed, Fair (Day), EDSA at ""U"" turn slot, Sen. Gil J. Puyat Ave. (Buendia Ave. Ext.) Makati",MMDA Road Safety Unit,,dc03960f-b046-408e-93c2-6018d136d583,2011-05-07,09:45:00,EDSA Antonio S. Arnaiz Ave. (Pasay Road) Makati,0,0,0,0,0,0,0,0,0,0,2011-05-07 17:45,Property,14.55536313,121.0354381,Side Swipe
None,EDSA,None,None,"Unknown, Side Swipe, 0.0 drivers_injured, 0.0 drivers_killed, 0.0 passengers_injured, 0.0 passengers_killed, 0.0 pedestrian_injured, 0.0 pedestrian_killed, Fair (Night), EDSA before Kalayaan Ave., Bgy. Pinagkaisahan Makati",MMDA Road Safety Unit,,909500c1-26be-4f3f-bfde-0fdadc9383c6,2011-05-05,10:30:00,EDSA before Sen. Gil J. Puyat Ave. (Buendia Ave. Ext.) Makati,0,0,0,0,0,0,0,0,0,0,2011-05-05 18:30,Property,14.55800586,121.0384294,Side Swipe
None,EDSA,None,None,"Unknown, Side Swipe, 0.0 drivers_injured, 0.0 drivers_killed, 0.0 passengers_injured, 0.0 passengers_killed, 0.0 pedestrian_injured, 0.0 pedestrian_killed, Fair (Day), EDSA before MRT-Buendia Station Makati",MMDA Road Safety Unit,,b5d4d78b-0cf0-4538-8815-cad2001a9e0d,2011-05-05,07:30:00,EDSA San Carlos Seminary Makati,0,0,0,0,0,0,0,0,0,0,2011-05-05 15:30,Property,14.55432332,121.0340339,Side Swipe
None,EDSA,None,None,"Unknown, Angle Impact, 0.0 drivers_injured, 0.0 drivers_killed, 0.0 passengers_injured, 0.0 passengers_killed, 0.0 pedestrian_injured, 0.0 pedestrian_killed, Fair (Day), EDSA Magallanes Interchange Makati",MMDA Road Safety Unit,,21784a64-b93c-4f7d-ae17-8a04f2fa0919,2011-05-03,07:30:00,EDSA after Guadalupe Bridge Makati,0,0,0,0,0,0,0,0,0,0,2011-05-03 15:30,Property,14.54679556,121.0248047,Angle Impact
None,EDSA,None,None,"Unknown, Rear-end, 0.0 drivers_injured, 0.0 drivers_killed, 0.0 passengers_injured, 0.0 passengers_killed, 0.0 pedestrian_injured, 0.0 pedestrian_killed, Fair (Day), EDSA before Magallanes Interchange Makati",MMDA Road Safety Unit,,6bc28d96-afee-428c-991e-493bf246249a,2011-05-03,06:40:00,EDSA Estrella St. Makati,0,0,0,0,0,0,0,0,0,0,2011-05-03 14:40,Property,14.54140037,121.0184212,Rear-End
None,EDSA,None,None,"Unknown, Side Swipe, 0.0 drivers_injured, 0.0 drivers_killed, 0.0 passengers_injured, 0.0 passengers_killed, 0.0 pedestrian_injured, 0.0 pedestrian_killed, Fair (Day), EDSA before Ayala Ave. Makati",MMDA Road Safety Unit,,ae779edd-3079-4663-ab0a-f0bf168f45e3,2011-05-02,03:10:00,EDSA after Estrella St. Makati,0,0,0,0,0,0,0,0,0,0,2011-05-02 11:10,Property,14.55048281,121.029498,Side Swipe
None,EDSA,None,None,"Unknown, Hit and Run (Side Swipe), 0.0 drivers_injured, 0.0 drivers_killed, 0.0 passengers_injured, 0.0 passengers_killed, 0.0 pedestrian_injured, 0.0 pedestrian_killed, Fair (Night), EDSA bet. Sen. Gil Puyat Ave. & Ayala Ave. Makati",MMDA Road Safety Unit,,36d4fabe-b351-41f7-a46d-c30bb1bc5ab7,2011-05-01,14:40:00,"EDSA after Shell Gas Station, near Sen. Gil J. Puyat Ave. (Buendia Ave. Ext.) Makati",0,0,0,0,0,0,0,0,0,0,2011-05-01 22:40,Property,14.55083472,121.0297454,Side Swipe
None,EDSA,None,None,"Unknown, Hit and Run (No Collision Stated), 0.0 drivers_injured, 0.0 drivers_killed, 0.0 passengers_injured, 0.0 passengers_killed, 0.0 pedestrian_injured, 0.0 pedestrian_killed, Fair (Night), EDSA Ayala Ave. Makati",MMDA Road Safety Unit,,5f6a0e59-f13d-4795-bd6f-cf2aa14f0750,2011-04-27,21:00:00,EDSA after MRT-Guadalupe Station Makati,0,0,0,0,0,0,0,0,0,0,2011-04-28 5:00,Property,14.5503157,121.0293627,No Collision Stated
None,EDSA,None,None,"Unknown, Rear-end, 0.0 drivers_injured, 0.0 drivers_killed, 0.0 passengers_injured, 0.0 passengers_killed, 0.0 pedestrian_injured, 0.0 pedestrian_killed, Fair (Day), EDSA Estrella St. Makati",MMDA Road Safety Unit,,68dac4d2-8c26-4ac9-a9ae-eecdf76b5337,2011-04-25,02:35:00,"EDSA at ""U"" turn slot, Sen. Gil J. Puyat Ave. (Buendia Ave. Ext.) Makati",0,0,0,0,0,0,0,0,0,0,2011-04-25 10:35,Property,14.56004326,121.0411034,Rear-End
None,EDSA,None,None,"Unknown, Side Swipe, 0.0 drivers_injured, 0.0 drivers_killed, 0.0 passengers_injured, 0.0 passengers_killed, 0.0 pedestrian_injured, 0.0 pedestrian_killed, Fair (Day), EDSA Estrella St. Makati",MMDA Road Safety Unit,,3e8d2b9b-923d-4b67-89c2-f30c3a537b46,2011-04-20,01:10:00,"EDSA after Orense St., Bgy. Guadalupe Nuevo Makati",0,0,0,0,0,0,0,0,0,0,2011-04-20 9:10,Property,14.56004326,121.0411034,Side Swipe
None,EDSA,None,None,"Unknown, Side Swipe, 0.0 drivers_injured, 0.0 drivers_killed, 0.0 passengers_injured, 0.0 passengers_killed, 0.0 pedestrian_injured, 0.0 pedestrian_killed, Fair (Day), EDSA after Evangelista St. Makati",MMDA Road Safety Unit,,fa7598da-4150-45eb-9048-51842da0942c,2011-04-18,03:30:00,"EDSA Orense St., Bgy. Guadalupe Nuevo Makati",0,0,0,0,0,0,0,0,0,0,2011-04-18 11:30,Property,14.53899904,121.0117058,Side Swipe
None,EDSA,None,None,"Unknown, Rear-end, 0.0 drivers_injured, 0.0 drivers_killed, 0.0 passengers_injured, 0.0 passengers_killed, 0.0 pedestrian_injured, 0.0 pedestrian_killed, Fair (Night), EDSA before Loyola Memorial Chapels Inc., Bgy. Guadalupe Viejo Makati",MMDA Road Safety Unit,,ef169882-3aae-4da4-97f4-66d90655bc7b,2011-04-17,11:30:00,EDSA fronting MRT-Magallanes Station Makati,0,0,0,0,0,0,0,0,0,0,2011-04-17 19:30,Property,14.565754,121.0450125,Rear-End
None,EDSA,None,None,"Unknown, Rear-end, 0.0 drivers_injured, 0.0 drivers_killed, 0.0 passengers_injured, 0.0 passengers_killed, 0.0 pedestrian_injured, 0.0 pedestrian_killed, Fair (Day), EDSA Guadalupe Bridge Makati",MMDA Road Safety Unit,,3259a9f4-659e-4f5e-b2e6-9875eee213f6,2011-04-15,06:00:00,EDSA after Antonio S. Arnaiz Ave. (Pasay Road) Makati,0,0,0,0,0,0,0,0,0,0,2011-04-15 14:00,Property,14.56846648,121.0458404,Rear-End
None,EDSA,None,None,"Unknown, Side Swipe, 0.0 drivers_injured, 0.0 drivers_killed, 0.0 passengers_injured, 0.0 passengers_killed, 0.0 pedestrian_injured, 0.0 pedestrian_killed, Fair (Night), EDSA at ""U"" turn slot, Sen. Gil J. Puyat Ave. (Buendia Ave. Ext.) Makati",MMDA Road Safety Unit,,68575ace-4b26-4106-945d-63e149ff54a0,2011-04-11,13:00:00,EDSA South Super Highway  Makati,0,0,0,0,0,0,0,0,0,0,2011-04-11 21:00,Property,14.55536313,121.0354381,Side Swipe
None,EDSA,None,None,"Unknown, Rear-end, 0.0 drivers_injured, 0.0 drivers_killed, 0.0 passengers_injured, 0.0 passengers_killed, 0.0 pedestrian_injured, 0.0 pedestrian_killed, Fair (Day), EDSA Orense St. fronting MMDA Bldg. Makati",MMDA Road Safety Unit,,7a12ccc6-0396-47e3-8b43-452757f10b6f,2011-04-11,01:20:00,EDSA after MRT-Buendia Station Makati,0,0,0,0,0,0,0,0,0,0,2011-04-11 9:20,Property,14.56156378,121.0428336,Rear-End
None,EDSA,None,None,"Unknown, Side Swipe, 0.0 drivers_injured, 0.0 drivers_killed, 0.0 passengers_injured, 0.0 passengers_killed, 0.0 pedestrian_injured, 0.0 pedestrian_killed, Fair (Night), EDSA before Magallanes Interchange Makati",MMDA Road Safety Unit,,ad596c79-6d7f-473a-8730-aae39b5e1141,2011-04-10,21:00:00,"EDSA fronting Loyola Memorial Chapels Inc., Bgy. Guadalupe Viejo Makati",0,0,0,0,0,0,0,0,0,0,2011-04-11 5:00,Property,14.54140037,121.0184212,Side Swipe
None,EDSA,None,None,"Unknown, Side Swipe, 0.0 drivers_injured, 0.0 drivers_killed, 0.0 passengers_injured, 0.0 passengers_killed, 0.0 pedestrian_injured, 0.0 pedestrian_killed, Fair (Day), EDSA at ""U"" turn slot, Sen. Gil J. Puyat Ave. (Buendia Ave. Ext.) Makati",MMDA Road Safety Unit,,b3429ce7-5610-4d7d-9022-915d0b63a2c8,2011-04-10,04:20:00,"EDSA Ayala Ave., Bgy. Forbes Park Makati",0,0,0,0,0,0,0,0,0,0,2011-04-10 12:20,Property,14.55536313,121.0354381,Side Swipe
None,EDSA,None,None,"Unknown, Rear-end, 0.0 drivers_injured, 0.0 drivers_killed, 0.0 passengers_injured, 0.0 passengers_killed, 0.0 pedestrian_injured, 0.0 pedestrian_killed, Fair (Day), EDSA fronting San Carlos Seminary Makati",MMDA Road Safety Unit,,de86eab8-d249-4f3d-abf9-aba017fedfbd,2011-04-08,23:30:00,EDSA before Magallanes Loading Bay Makati,0,0,0,0,0,0,0,0,0,0,2011-04-09 7:30,Property,14.56308495,121.043919,Rear-End
None,EDSA,None,None,"Unknown, Rear-end, 0.0 drivers_injured, 0.0 drivers_killed, 0.0 passengers_injured, 0.0 passengers_killed, 0.0 pedestrian_injured, 0.0 pedestrian_killed, Fair (Day), EDSA Buendia Loading Bay Makati",MMDA Road Safety Unit,,04f8876d-863c-48db-a490-cc03164f1a17,2011-04-06,01:20:00,"EDSA fronting Shell Gas Station, Bgy. Guadalupe Nuevo Makati",0,0,0,0,0,0,0,0,0,0,2011-04-06 9:20,Property,14.55422655,121.0337442,Rear-End
None,EDSA,None,None,"Unknown, Side Swipe, 0.0 drivers_injured, 0.0 drivers_killed, 0.0 passengers_injured, 0.0 passengers_killed, 0.0 pedestrian_injured, 0.0 pedestrian_killed, Fair (Day), EDSA before MRT-Ayala Station Makati",MMDA Road Safety Unit,,009378c5-b94a-457a-b928-9bb59c9942fb,2011-04-05,01:15:00,EDSA after MRT-Buendia Station Makati,0,0,0,0,0,0,0,0,0,0,2011-04-05 9:15,Property,14.54938762,121.02817,Side Swipe
None,EDSA,None,None,"Unknown, Rear-end, 0.0 drivers_injured, 0.0 drivers_killed, 0.0 passengers_injured, 0.0 passengers_killed, 0.0 pedestrian_injured, 0.0 pedestrian_killed, Fair (Day), EDSA fronting Konka  Makati",MMDA Road Safety Unit,,b02c5ca4-1ec7-4492-b281-8a1a0229489d,2011-04-05,01:10:00,"EDSA before Bernardino St., Bgy. Guadalupe Viejo Makati",0,0,0,0,0,0,0,0,0,0,2011-04-05 9:10,Property,14.56358013,121.0443894,Rear-End
None,EDSA,None,None,"Unknown, Rear-end, 0.0 drivers_injured, 0.0 drivers_killed, 0.0 passengers_injured, 0.0 passengers_killed, 0.0 pedestrian_injured, 0.0 pedestrian_killed, Fair (Day), EDSA before MRT-Ayala Station Makati",MMDA Road Safety Unit,,90169194-7d3d-48fb-b280-be104b7d1c19,2011-04-05,00:40:00,EDSA Ayala Ave. Makati,0,0,0,0,0,0,0,0,0,0,2011-04-05 8:40,Property,14.54938762,121.02817,Rear-End
None,EDSA,None,None,"Unknown, Rear-end, 0.0 drivers_injured, 0.0 drivers_killed, 0.0 passengers_injured, 0.0 passengers_killed, 0.0 pedestrian_injured, 0.0 pedestrian_killed, Fair (Day), EDSA before Magallanes Interchange Makati",MMDA Road Safety Unit,,c3841bcc-9946-418a-8fb0-5b5f64dbec4a,2011-04-03,06:50:00,EDSA after MRT-Buendia Station Makati,0,0,0,0,0,0,0,0,0,0,2011-04-03 14:50,Property,14.54140037,121.0184212,Rear-End
None,EDSA,None,None,"Unknown, Rear-end, 0.0 drivers_injured, 0.0 drivers_killed, 0.0 passengers_injured, 0.0 passengers_killed, 0.0 pedestrian_injured, 0.0 pedestrian_killed, Fair (Day), EDSA after Kalayaan Ave., Bgy. Pinagkaisahan Makati",MMDA Road Safety Unit,,07976a28-5ac4-47ab-84c1-869312d93d45,2011-04-03,06:30:00,EDSA Chino Roces Ave. (Pasong Tamo) Makati,0,0,0,0,0,0,0,0,0,0,2011-04-03 14:30,Property,14.55758072,121.0378518,Rear-End
None,EDSA,None,None,"Unknown, Rear-end, 0.0 drivers_injured, 0.0 drivers_killed, 0.0 passengers_injured, 0.0 passengers_killed, 0.0 pedestrian_injured, 0.0 pedestrian_killed, Fair (Day), EDSA Magallanes Interchange Makati",MMDA Road Safety Unit,,cdc05771-3935-40ec-8d7d-d81daf923b49,2011-04-03,05:45:00,"EDSA after Kalayaan Ave., Bgy. Pinagkaisahan Makati",0,0,0,0,0,0,0,0,0,0,2011-04-03 13:45,Property,14.54679556,121.0248047,Rear-End
None,EDSA,None,None,"Unknown, Rear-end, 0.0 drivers_injured, 0.0 drivers_killed, 0.0 passengers_injured, 0.0 passengers_killed, 0.0 pedestrian_injured, 0.0 pedestrian_killed, Fair (Day), EDSA MRT-Guadalupe Station Makati",MMDA Road Safety Unit,,47c74cc6-8ee5-401e-9d53-4dca2744e26c,2011-03-29,07:05:00,EDSA before Ayala Loading Bay Makati,0,0,0,0,0,0,0,0,0,0,2011-03-29 15:05,Property,14.56669604,121.045463,Rear-End
None,EDSA,None,None,"Unknown, Hit Object (Fence/Wall-Steel), 0.0 drivers_injured, 0.0 drivers_killed, 0.0 passengers_injured, 0.0 passengers_killed, 0.0 pedestrian_injured, 0.0 pedestrian_killed, Fair (Night), EDSA Buendia Loading Bay Makati",MMDA Road Safety Unit,,b6e8e526-8c0b-4a50-8aba-ea1f9cec78c4,2011-03-28,15:30:00,EDSA after MRT-Magallanes Station Makati,0,0,0,0,0,0,0,0,0,0,2011-03-28 23:30,Property,14.55422655,121.0337442,Hit Object
None,EDSA,None,None,"Unknown, Side Swipe, 0.0 drivers_injured, 0.0 drivers_killed, 0.0 passengers_injured, 0.0 passengers_killed, 0.0 pedestrian_injured, 0.0 pedestrian_killed, Fair (Day), EDSA Kalayaan Ave. Makati",MMDA Road Safety Unit,,c5f5bbb9-cc01-4611-a015-64cae891b4ec,2011-03-27,07:25:00,EDSA Antonio S. Arnaiz Ave. (Pasay Road) Makati,0,0,0,0,0,0,0,0,0,0,2011-03-27 15:25,Property,14.55767933,121.038147,Side Swipe
None,EDSA,None,None,"Unknown, Rear-end, 0.0 drivers_injured, 0.0 drivers_killed, 0.0 passengers_injured, 0.0 passengers_killed, 0.0 pedestrian_injured, 0.0 pedestrian_killed, Fair (Night), EDSA after San Carlos Seminary Makati",MMDA Road Safety Unit,,b5b131c0-31c6-4315-825f-7fc45317eb5d,2011-03-24,20:45:00,EDSA Kalayaan Ave. Makati,0,0,0,0,0,0,0,0,0,0,2011-03-25 4:45,Property,14.56284964,121.0436572,Rear-End
None,EDSA,None,None,"Unknown, Side Swipe, 0.0 drivers_injured, 0.0 drivers_killed, 0.0 passengers_injured, 0.0 passengers_killed, 0.0 pedestrian_injured, 0.0 pedestrian_killed, Fair (Day), EDSA before Magallanes Loading Bay Makati",MMDA Road Safety Unit,,64e31f3b-8168-41ae-aad4-c8caa7422b38,2011-03-24,02:00:00,EDSA Ayala Ave. Makati,0,0,0,0,0,0,0,0,0,0,2011-03-24 10:00,Property,14.5435939,121.0212488,Side Swipe
None,EDSA,None,None,"Unknown, Rear-end, 0.0 drivers_injured, 0.0 drivers_killed, 0.0 passengers_injured, 0.0 passengers_killed, 0.0 pedestrian_injured, 0.0 pedestrian_killed, Fair (Day), EDSA Antonio S. Arnaiz Ave. (Pasay Road) Makati",MMDA Road Safety Unit,,80e6611a-0495-4c0e-a8e1-7d92c5910b4f,2011-03-24,01:30:00,EDSA before Estrella Loading Bay Makati,0,0,0,0,0,0,0,0,0,0,2011-03-24 9:30,Property,14.54753179,121.0260155,Rear-End
None,EDSA,None,None,"Unknown, Rear-end, 0.0 drivers_injured, 0.0 drivers_killed, 0.0 passengers_injured, 0.0 passengers_killed, 0.0 pedestrian_injured, 0.0 pedestrian_killed, Fair (Day), EDSA before Sen. Gil J. Puyat Ave. (Buendia Ave. Ext.) Makati",MMDA Road Safety Unit,,28b24a37-ec95-49ca-a291-ec57bb521ee8,2011-03-23,09:35:00,EDSA Antonio S. Arnaiz Ave. (Pasay Road) Makati,0,0,0,0,0,0,0,0,0,0,2011-03-23 17:35,Property,14.55470761,121.0348634,Rear-End
None,EDSA,None,None,"Unknown, Rear-end, 0.0 drivers_injured, 0.0 drivers_killed, 0.0 passengers_injured, 0.0 passengers_killed, 0.0 pedestrian_injured, 0.0 pedestrian_killed, Fair (Day), EDSA near San Carlos Seminary Makati",MMDA Road Safety Unit,,da8d8e1c-f9b9-40a6-80f2-2fee2b53c37c,2011-03-23,08:15:00,"EDSA after Kalayaan Ave., Bgy. Pinagkaisahan Makati",0,0,0,0,0,0,0,0,0,0,2011-03-23 16:15,Property,14.56324721,121.0439357,Rear-End
None,EDSA,None,None,"Unknown, Side Swipe, 0.0 drivers_injured, 0.0 drivers_killed, 0.0 passengers_injured, 0.0 passengers_killed, 0.0 pedestrian_injured, 0.0 pedestrian_killed, Fair (Day), EDSA after Guadalupe Bridge Makati",MMDA Road Safety Unit,,512c04e8-0482-44bd-947a-97f300c0a734,2011-03-23,06:00:00,EDSA Ayala Ave. Makati,0,0,0,0,0,0,0,0,0,0,2011-03-23 14:00,Property,14.56783452,121.0457527,Side Swipe
None,EDSA,None,None,"Unknown, Hit Object (No Object Stated), 1.0 drivers_injured, 0.0 drivers_killed, 0.0 passengers_injured, 0.0 passengers_killed, 0.0 pedestrian_injured, 0.0 pedestrian_killed, Fair (Night), EDSA Estrella St. Makati",MMDA Road Safety Unit,,cc4e4222-c220-4e0d-8711-04b472164ba0,2011-03-22,17:00:00,EDSA after Antonio S. Arnaiz Ave. (Pasay Road) Makati,0,0,0,1,0,0,0,0,0,1,2011-03-23 1:00,Injury,14.56004326,121.0411034,Hit Object
None,EDSA,None,None,"Unknown, Side Swipe, 1.0 drivers_injured, 0.0 drivers_killed, 1.0 passengers_injured, 0.0 passengers_killed, 0.0 pedestrian_injured, 0.0 pedestrian_killed, Fair (Day), EDSA after Estrella St. Makati",MMDA Road Safety Unit,,124ca75b-746e-4f04-a827-2c520518a99d,2011-03-22,04:40:00,EDSA before Magallanes Interchange Makati,0,0,0,1,1,0,0,0,0,2,2011-03-22 12:40,Injury,14.55978024,121.0408443,Side Swipe
None,EDSA,None,None,"Unknown, Side Swipe, 0.0 drivers_injured, 0.0 drivers_killed, 0.0 passengers_injured, 0.0 passengers_killed, 0.0 pedestrian_injured, 0.0 pedestrian_killed, Fair (Day), EDSA after Shell Gas Station, near Sen. Gil J. Puyat Ave. (Buendia Ave. Ext.) Makati",MMDA Road Safety Unit,,2b564b31-f384-458c-a723-909a55d5e431,2011-03-21,03:00:00,EDSA before Magallanes Loading Bay Makati,0,0,0,0,0,0,0,0,0,0,2011-03-21 11:00,Property,14.55507244,121.0348802,Side Swipe
None,EDSA,None,None,"Unknown, Side Swipe, 0.0 drivers_injured, 0.0 drivers_killed, 0.0 passengers_injured, 0.0 passengers_killed, 0.0 pedestrian_injured, 0.0 pedestrian_killed, Fair (Day), EDSA after MRT-Guadalupe Station Makati",MMDA Road Safety Unit,,998351fa-99a5-4f51-b6bc-cb8abed0090c,2011-03-20,02:30:00,"EDSA Agutaya St., Bgy. Pinagkaisahan Makati",0,0,0,0,0,0,0,0,0,0,2011-03-20 10:30,Property,14.56650954,121.045282,Side Swipe
None,EDSA,None,None,"Unknown, Side Swipe, 0.0 drivers_injured, 0.0 drivers_killed, 0.0 passengers_injured, 0.0 passengers_killed, 0.0 pedestrian_injured, 0.0 pedestrian_killed, Fair (Day), EDSA at ""U"" turn slot, Sen. Gil J. Puyat Ave. (Buendia Ave. Ext.) Makati",MMDA Road Safety Unit,,35bcf4ae-bcd2-4ef6-8e73-1ff3ee2bca68,2011-03-13,03:15:00,EDSA San Carlos Seminary Makati,0,0,0,0,0,0,0,0,0,0,2011-03-13 11:15,Property,14.55536313,121.0354381,Side Swipe
None,EDSA,None,None,"Unknown, Side Swipe, 0.0 drivers_injured, 0.0 drivers_killed, 0.0 passengers_injured, 0.0 passengers_killed, 0.0 pedestrian_injured, 0.0 pedestrian_killed, Fair (Day), EDSA after Orense St., Bgy. Guadalupe Nuevo Makati",MMDA Road Safety Unit,,4d133fde-99a9-4e60-9e97-48b84895570d,2011-03-10,01:00:00,EDSA Estrella St. Makati,0,0,0,0,0,0,0,0,0,0,2011-03-10 9:00,Property,14.56174586,121.0429417,Side Swipe
None,EDSA,None,None,"Unknown, Side Swipe, 0.0 drivers_injured, 0.0 drivers_killed, 0.0 passengers_injured, 0.0 passengers_killed, 0.0 pedestrian_injured, 0.0 pedestrian_killed, Fair (Day), EDSA Orense St., Bgy. Guadalupe Nuevo Makati",MMDA Road Safety Unit,,9e0d87a7-68df-4db7-bf2f-c95f39652479,2011-03-10,00:10:00,EDSA Ayala Ave. Makati,0,0,0,0,0,0,0,0,0,0,2011-03-10 8:10,Property,14.56156378,121.0428336,Side Swipe
None,EDSA,None,None,"Unknown, Rear-end, 0.0 drivers_injured, 0.0 drivers_killed, 0.0 passengers_injured, 0.0 passengers_killed, 0.0 pedestrian_injured, 0.0 pedestrian_killed, Fair (Day), EDSA fronting MRT-Magallanes Station Makati",MMDA Road Safety Unit,,c18ba691-3928-46e1-987f-108acacad77d,2011-03-07,00:30:00,EDSA Estrella St. Makati,0,0,0,0,0,0,0,0,0,0,2011-03-07 8:30,Property,14.54205079,121.0191405,Rear-End
None,EDSA,None,None,"Unknown, Rear-end, 0.0 drivers_injured, 0.0 drivers_killed, 0.0 passengers_injured, 0.0 passengers_killed, 0.0 pedestrian_injured, 0.0 pedestrian_killed, Fair (Day), EDSA after Antonio S. Arnaiz Ave. (Pasay Road) Makati",MMDA Road Safety Unit,,f6bed500-d285-42ad-b2c6-9766833654ad,2011-03-04,03:00:00,EDSA after Rockwell St. Makati,0,0,0,0,0,0,0,0,0,0,2011-03-04 11:00,Property,14.54733215,121.0256082,Rear-End
None,EDSA,None,None,"Unknown, Angle Impact, 0.0 drivers_injured, 0.0 drivers_killed, 0.0 passengers_injured, 0.0 passengers_killed, 0.0 pedestrian_injured, 0.0 pedestrian_killed, Fair (Day), EDSA South Super Highway  Makati",MMDA Road Safety Unit,,d0592569-7e6c-4995-a664-03499a5b2ade,2011-02-28,07:00:00,EDSA after Rockwell St. Makati,0,0,0,0,0,0,0,0,0,0,2011-02-28 15:00,Property,14.54054957,121.016932,Angle Impact
None,EDSA,None,None,"Unknown, Rear-end, 0.0 drivers_injured, 0.0 drivers_killed, 0.0 passengers_injured, 0.0 passengers_killed, 0.0 pedestrian_injured, 0.0 pedestrian_killed, Fair (Day), EDSA after MRT-Buendia Station Makati",MMDA Road Safety Unit,,c19e8531-e098-4b95-b070-2224e49b361c,2011-02-27,07:20:00,EDSA Sen. Gil J. Puyat Ave. (Buendia Ave. Ext.) Makati,0,0,0,0,0,0,0,0,0,0,2011-02-27 15:20,Property,14.55405293,121.033672,Rear-End
None,EDSA,None,None,"Unknown, Rear-end, 0.0 drivers_injured, 0.0 drivers_killed, 0.0 passengers_injured, 0.0 passengers_killed, 0.0 pedestrian_injured, 0.0 pedestrian_killed, Fair (Night), EDSA fronting Loyola Memorial Chapels Inc., Bgy. Guadalupe Viejo Makati",MMDA Road Safety Unit,,0c65c562-8518-4de4-9e94-920135e9e829,2011-02-25,12:30:00,EDSA after MRT-Buendia Station Makati,0,0,0,0,0,0,0,0,0,0,2011-02-25 20:30,Property,14.56543084,121.044954,Rear-End