LOCATION_TEXT,ROAD,WEATHER,LIGHT,DESC,REPORTING_AGENCY,MAIN_CAUSE,INCIDENTDETAILS_ID,DATE_UTC,TIME_UTC,ADDRESS,killed_driver,killed_passenger,killed_pedestrian,injured_driver,injured_passenger,injured_pedestrian,killed_uncategorized,injured_uncategorized,killed_total,injured_total,DATETIME_PST,SEVERITY,Y,X,COLLISION_TYPE
None,EDSA,None,None,"Unknown, Side Swipe, 0.0 drivers_injured, 0.0 drivers_killed, 0.0 passengers_injured, 0.0 passengers_killed, 0.0 pedestrian_injured, 0.0 pedestrian_killed, Fair (Day), EDSA Ayala Ave., Bgy. Forbes Park Makati",MMDA Road Safety Unit,,f46edf42-b9d8-4acc-99be-6e659f2eac60,2011-02-25,05:45:00,"EDSA after Shell Gas Station, Bgy. Guadalupe Nuevo Makati",0,0,0,0,0,0,0,0,0,0,2011-02-25 13:45,Property,14.55036403,121.0293952,Side Swipe
None,EDSA,None,None,"Unknown, Hit Object (No Object Stated), 0.0 drivers_injured, 0.0 drivers_killed, 0.0 passengers_injured, 0.0 passengers_killed, 0.0 pedestrian_injured, 0.0 pedestrian_killed, Fair (Day), EDSA before Magallanes Loading Bay Makati",MMDA Road Safety Unit,,193ea02b-bd73-4738-915c-96e86daf8b49,2011-02-22,05:30:00,"EDSA after Orense St., Bgy. Guadalupe Nuevo Makati",0,0,0,0,0,0,0,0,0,0,2011-02-22 13:30,Property,14.5435939,121.0212488,Hit Object
None,EDSA,None,None,"Unknown, Rear-end, 0.0 drivers_injured, 0.0 drivers_killed, 0.0 passengers_injured, 0.0 passengers_killed, 0.0 pedestrian_injured, 0.0 pedestrian_killed, Fair (Day), EDSA fronting Shell Gas Station, Bgy. Guadalupe Nuevo Makati",MMDA Road Safety Unit,,429243bb-33ce-46a9-a330-9403b6a94938,2011-02-21,02:00:00,EDSA fronting San Carlos Seminary Makati,0,0,0,0,0,0,0,0,0,0,2011-02-21 10:00,Property,14.56015191,121.0412515,Rear-End
None,EDSA,None,None,"Unknown, Rear-end, 0.0 drivers_injured, 0.0 drivers_killed, 0.0 passengers_injured, 0.0 passengers_killed, 0.0 pedestrian_injured, 0.0 pedestrian_killed, Fair (Night), EDSA after MRT-Buendia Station Makati",MMDA Road Safety Unit,,d1450b90-fd92-4809-9fca-235d4edbe0d2,2011-02-19,17:00:00,EDSA Chino Roces Ave. (Pasong Tamo) Makati,0,0,0,0,0,0,0,0,0,0,2011-02-20 1:00,Property,14.55405293,121.033672,Rear-End
None,EDSA,None,None,"Unknown, Hit and Run (Rear-end), 0.0 drivers_injured, 0.0 drivers_killed, 0.0 passengers_injured, 0.0 passengers_killed, 0.0 pedestrian_injured, 0.0 pedestrian_killed, Fair (Day), EDSA before Bernardino St., Bgy. Guadalupe Viejo Makati",MMDA Road Safety Unit,,011d60d1-82bb-4cac-9f22-648aa9e6ce37,2011-02-19,08:00:00,"EDSA Bernardino St., Bgy. Guadalupe Viejo Makati",0,0,0,0,0,0,0,0,0,0,2011-02-19 16:00,Property,14.56596176,121.0450879,Rear-End
None,EDSA,None,None,"Unknown, Side Swipe, 0.0 drivers_injured, 0.0 drivers_killed, 0.0 passengers_injured, 0.0 passengers_killed, 0.0 pedestrian_injured, 0.0 pedestrian_killed, Fair (Day), EDSA Ayala Ave. Makati",MMDA Road Safety Unit,,ea5d2d32-966d-4a6a-9aed-c5efdde80557,2011-02-19,03:40:00,EDSA Sen. Gil J. Puyat Ave. (Buendia Ave. Ext.) Makati,0,0,0,0,0,0,0,0,0,0,2011-02-19 11:40,Property,14.5503157,121.0293627,Side Swipe
None,EDSA,None,None,"Unknown, Side Swipe, 0.0 drivers_injured, 0.0 drivers_killed, 0.0 passengers_injured, 0.0 passengers_killed, 0.0 pedestrian_injured, 0.0 pedestrian_killed, Fair (Day), EDSA after MRT-Buendia Station Makati",MMDA Road Safety Unit,,eb972716-2618-479c-94c7-634340312686,2011-02-16,08:45:00,EDSA Sen. Gil J. Puyat Ave. (Buendia Ave. Ext.) Makati,0,0,0,0,0,0,0,0,0,0,2011-02-16 16:45,Property,14.55405293,121.033672,Side Swipe
None,EDSA,None,None,"Unknown, Angle Impact, 0.0 drivers_injured, 0.0 drivers_killed, 0.0 passengers_injured, 0.0 passengers_killed, 0.0 pedestrian_injured, 0.0 pedestrian_killed, Fair (Day), EDSA Chino Roces Ave. (Pasong Tamo) Makati",MMDA Road Safety Unit,,9fdde0ab-2070-41fc-8e49-f612baeab555,2011-02-14,09:00:00,"EDSA at Loading / Unloading Bay, Buendia Makati",0,0,0,0,0,0,0,0,0,0,2011-02-14 17:00,Property,14.54117334,121.0183458,Angle Impact
None,EDSA,None,None,"Unknown, Rear-end, 0.0 drivers_injured, 0.0 drivers_killed, 0.0 passengers_injured, 0.0 passengers_killed, 0.0 pedestrian_injured, 0.0 pedestrian_killed, Fair (Day), EDSA after Kalayaan Ave., Bgy. Pinagkaisahan Makati",MMDA Road Safety Unit,,c0ed75f6-3243-49b9-b5f4-4d9533bdd868,2011-02-14,07:20:00,"EDSA at ""U"" turn slot, Sen. Gil J. Puyat Ave. (Buendia Ave. Ext.) Makati",0,0,0,0,0,0,0,0,0,0,2011-02-14 15:20,Property,14.55758072,121.0378518,Rear-End
None,EDSA,None,None,"Unknown, Side Swipe, 0.0 drivers_injured, 0.0 drivers_killed, 0.0 passengers_injured, 0.0 passengers_killed, 0.0 pedestrian_injured, 0.0 pedestrian_killed, Fair (Day), EDSA before Ayala Loading Bay Makati",MMDA Road Safety Unit,,8601ccbe-9c5d-489a-9f81-f4866e17d765,2011-02-13,07:30:00,EDSA after A. Arnaiz Ave. (Buendia ) Makati,0,0,0,0,0,0,0,0,0,0,2011-02-13 15:30,Property,14.54929848,121.0279865,Side Swipe
None,EDSA,None,None,"Unknown, Side Swipe, 0.0 drivers_injured, 0.0 drivers_killed, 0.0 passengers_injured, 0.0 passengers_killed, 0.0 pedestrian_injured, 0.0 pedestrian_killed, Fair (Day), EDSA after MRT-Magallanes Station Makati",MMDA Road Safety Unit,,84333904-4970-4e64-bbcd-bd6459c38db1,2011-02-10,06:25:00,"EDSA fronting Loyola Memorial Chapel, Guadalupe Makati",0,0,0,0,0,0,0,0,0,0,2011-02-10 14:25,Property,14.54175351,121.0190765,Side Swipe
None,EDSA,None,None,"Unknown, Side Swipe, 1.0 drivers_injured, 0.0 drivers_killed, 0.0 passengers_injured, 0.0 passengers_killed, 0.0 pedestrian_injured, 0.0 pedestrian_killed, Fair (Day), EDSA Antonio S. Arnaiz Ave. (Pasay Road) Makati",MMDA Road Safety Unit,,f4b6d914-51c5-48ec-8132-999aac09767c,2011-02-10,00:15:00,EDSA  Shaw Blvd. Makati,0,0,0,1,0,0,0,0,0,1,2011-02-10 8:15,Injury,14.54753179,121.0260155,Side Swipe
None,EDSA,None,None,"Unknown, Side Swipe, 0.0 drivers_injured, 0.0 drivers_killed, 0.0 passengers_injured, 0.0 passengers_killed, 0.0 pedestrian_injured, 0.0 pedestrian_killed, Fair (Day), EDSA Kalayaan Ave. Makati",MMDA Road Safety Unit,,408b57b6-a29c-497f-9034-8517c129f60f,2011-02-08,07:00:00,EDSA Magallanes Loading Bay  Makati,0,0,0,0,0,0,0,0,0,0,2011-02-08 15:00,Property,14.55767933,121.038147,Side Swipe
None,EDSA,None,None,"Unknown, Hit and Run (No Collision Stated), 0.0 drivers_injured, 0.0 drivers_killed, 0.0 passengers_injured, 0.0 passengers_killed, 0.0 pedestrian_injured, 0.0 pedestrian_killed, Fair (Day), EDSA Ayala Ave. Makati",MMDA Road Safety Unit,,f175ec9f-1fc4-4697-b6b9-7d2de60ba87c,2011-02-02,09:00:00,EDSA after Evangelista St. Makati,0,0,0,0,0,0,0,0,0,0,2011-02-02 17:00,Property,14.5503157,121.0293627,No Collision Stated
None,EDSA,None,None,"Unknown, Side Swipe, 0.0 drivers_injured, 0.0 drivers_killed, 0.0 passengers_injured, 0.0 passengers_killed, 0.0 pedestrian_injured, 0.0 pedestrian_killed, Fair (Day), EDSA before Estrella Loading Bay Makati",MMDA Road Safety Unit,,5dee1234-c6ef-4a2f-8490-72e406ab0bee,2011-02-02,06:55:00,EDSA approaching Evangelista St. Brgy. Bang kal Makati,0,0,0,0,0,0,0,0,0,0,2011-02-02 14:55,Property,14.56050923,121.0412638,Side Swipe
None,EDSA,None,None,"Unknown, Side Swipe, 0.0 drivers_injured, 0.0 drivers_killed, 0.0 passengers_injured, 0.0 passengers_killed, 0.0 pedestrian_injured, 0.0 pedestrian_killed, Fair (Day), EDSA Antonio S. Arnaiz Ave. (Pasay Road) Makati",MMDA Road Safety Unit,,6865895f-fb4e-49c6-ad5e-906276af9542,2011-02-01,08:15:00,EDSA West Clover Leaf Guadalupe Viejo Makati,0,0,0,0,0,0,0,0,0,0,2011-02-01 16:15,Property,14.54753179,121.0260155,Side Swipe
None,EDSA,None,None,"Unknown, Rear-end, 0.0 drivers_injured, 0.0 drivers_killed, 0.0 passengers_injured, 0.0 passengers_killed, 0.0 pedestrian_injured, 0.0 pedestrian_killed, Fair (Day), EDSA after Kalayaan Ave., Bgy. Pinagkaisahan Makati",MMDA Road Safety Unit,,46ce1942-cc89-4146-b4d9-e45c583ec14f,2011-01-31,01:45:00,EDSA Ayala Ave. Makati,0,0,0,0,0,0,0,0,0,0,2011-01-31 9:45,Property,14.55758072,121.0378518,Rear-End
None,EDSA,None,None,"Unknown, Side Swipe, 0.0 drivers_injured, 0.0 drivers_killed, 0.0 passengers_injured, 0.0 passengers_killed, 0.0 pedestrian_injured, 0.0 pedestrian_killed, Fair (Day), EDSA Ayala Ave. Makati",MMDA Road Safety Unit,,ffaa5a9d-4bea-4b2a-a0a5-30ea17e2b20e,2011-01-30,08:30:00,EDSA after Estrella St. Makati,0,0,0,0,0,0,0,0,0,0,2011-01-30 16:30,Property,14.5503157,121.0293627,Side Swipe
None,EDSA,None,None,"Unknown, Side Swipe, 0.0 drivers_injured, 0.0 drivers_killed, 0.0 passengers_injured, 0.0 passengers_killed, 0.0 pedestrian_injured, 0.0 pedestrian_killed, Fair (Day), EDSA after Antonio S. Arnaiz Ave. (Pasay Road) Makati",MMDA Road Safety Unit,,ecc9610c-69b4-415f-916f-1d286dc699b5,2011-01-30,00:30:00,EDSA Ayala Ave. Makati,0,0,0,0,0,0,0,0,0,0,2011-01-30 8:30,Property,14.54733215,121.0256082,Side Swipe
None,EDSA,None,None,"Unknown, Rear-end, 0.0 drivers_injured, 0.0 drivers_killed, 0.0 passengers_injured, 0.0 passengers_killed, 0.0 pedestrian_injured, 0.0 pedestrian_killed, Fair (Day), EDSA before Magallanes Interchange Makati",MMDA Road Safety Unit,,aa26cafe-e971-4028-8a54-fc7fd98a7572,2011-01-29,04:30:00,EDSA approaching Ayala Avenue Makati,0,0,0,0,0,0,0,0,0,0,2011-01-29 12:30,Property,14.54140037,121.0184212,Rear-End
None,EDSA,None,None,"Unknown, Rear-end, 0.0 drivers_injured, 0.0 drivers_killed, 0.0 passengers_injured, 0.0 passengers_killed, 0.0 pedestrian_injured, 0.0 pedestrian_killed, Fair (Day), EDSA before Magallanes Loading Bay Makati",MMDA Road Safety Unit,,6ec8e91a-45c6-41ca-a883-51df45a226d9,2011-01-27,04:30:00,EDSA Bernardino St. Makati,0,0,0,0,0,0,0,0,0,0,2011-01-27 12:30,Property,14.5435939,121.0212488,Rear-End
None,EDSA,None,None,"Unknown, Rear-end, 0.0 drivers_injured, 0.0 drivers_killed, 0.0 passengers_injured, 0.0 passengers_killed, 0.0 pedestrian_injured, 0.0 pedestrian_killed, Fair (Night), EDSA Agutaya St., Bgy. Pinagkaisahan Makati",MMDA Road Safety Unit,,fe99f332-a4d0-42f8-bd06-4b0c7f4421a6,2011-01-25,10:15:00,EDSA approaching MRT Station Magallanes  Makati,0,0,0,0,0,0,0,0,0,0,2011-01-25 18:15,Property,14.55962177,121.040515,Rear-End
None,EDSA,None,None,"Unknown, Hit and Run (Rear-end), 0.0 drivers_injured, 0.0 drivers_killed, 0.0 passengers_injured, 0.0 passengers_killed, 0.0 pedestrian_injured, 0.0 pedestrian_killed, Fair (Day), EDSA near San Carlos Seminary Makati",MMDA Road Safety Unit,,08e8dc48-a620-4324-a8b9-db1b0bc9ec99,2011-01-22,04:05:00,EDSA Estrella St. Makati,0,0,0,0,0,0,0,0,0,0,2011-01-22 12:05,Property,14.56324721,121.0439357,Rear-End
None,EDSA,None,None,"Unknown, Side Swipe, 0.0 drivers_injured, 0.0 drivers_killed, 0.0 passengers_injured, 0.0 passengers_killed, 0.0 pedestrian_injured, 0.0 pedestrian_killed, Fair (Night), EDSA Estrella St. Makati",MMDA Road Safety Unit,,a8665daf-f0cd-4ccd-bede-23039c2fa6ba,2011-01-21,15:00:00,EDSA approaching Buendia / Makati,0,0,0,0,0,0,0,0,0,0,2011-01-21 23:00,Property,14.56004326,121.0411034,Side Swipe
None,EDSA,None,None,"Unknown, Rear-end, 0.0 drivers_injured, 0.0 drivers_killed, 0.0 passengers_injured, 0.0 passengers_killed, 0.0 pedestrian_injured, 0.0 pedestrian_killed, Rain (Night), EDSA Ayala Ave. Makati",MMDA Road Safety Unit,,0151170e-301f-4542-a52d-f419e67c1e24,2011-01-21,14:15:00,EDSA approaching Buendia MRT Station Makati,0,0,0,0,0,0,0,0,0,0,2011-01-21 22:15,Property,14.5503157,121.0293627,Rear-End
None,EDSA,None,None,"Unknown, Self-Accident, 1.0 drivers_injured, 0.0 drivers_killed, 0.0 passengers_injured, 0.0 passengers_killed, 0.0 pedestrian_injured, 0.0 pedestrian_killed, Fair (Day), EDSA Estrella St. Makati",MMDA Road Safety Unit,,371f5d0f-c47d-45ed-8663-a6da977b6ab2,2011-01-16,03:45:00,EDSA Estrella St. Brgy. Bel Air Makati,0,0,0,1,0,0,0,0,0,1,2011-01-16 11:45,Injury,14.56004326,121.0411034,Self-Accident
None,EDSA,None,None,"Unknown, Self-Accident, 1.0 drivers_injured, 0.0 drivers_killed, 0.0 passengers_injured, 0.0 passengers_killed, 0.0 pedestrian_injured, 0.0 pedestrian_killed, Fair (Day), EDSA after Rockwell St. Makati",MMDA Road Safety Unit,,726f6b98-c6c9-4e6e-8cda-eb98470383bf,2011-01-16,03:45:00,EDSA Evangelista St. Makati,0,0,0,1,0,0,0,0,0,1,2011-01-16 11:45,Injury,14.55965299,121.0402486,Self-Accident
None,EDSA,None,None,"Unknown, Side Swipe, 0.0 drivers_injured, 0.0 drivers_killed, 0.0 passengers_injured, 0.0 passengers_killed, 0.0 pedestrian_injured, 0.0 pedestrian_killed, Fair (Day), EDSA after Rockwell St. Makati",MMDA Road Safety Unit,,5488f60c-8965-4f74-ac30-3a53fd49914c,2011-01-16,03:45:00,EDSA MRT Magallanes Station Makati,0,0,0,0,0,0,0,0,0,0,2011-01-16 11:45,Property,14.55965299,121.0402486,Side Swipe
None,EDSA,None,None,"Unknown, Angle Impact, 0.0 drivers_injured, 0.0 drivers_killed, 0.0 passengers_injured, 0.0 passengers_killed, 0.0 pedestrian_injured, 0.0 pedestrian_killed, Fair (Day), EDSA Sen. Gil J. Puyat Ave. (Buendia Ave. Ext.) Makati",MMDA Road Safety Unit,,2d24861f-3138-429f-bd50-9e2edcc30c32,2011-01-14,07:30:00,"EDSA fronting Loyola Memorial Chapel, Guadalupe Makati",0,0,0,0,0,0,0,0,0,0,2011-01-14 15:30,Property,14.55483765,121.0348537,Angle Impact
None,EDSA,None,None,"Unknown, Side Swipe, 0.0 drivers_injured, 0.0 drivers_killed, 0.0 passengers_injured, 0.0 passengers_killed, 0.0 pedestrian_injured, 0.0 pedestrian_killed, Fair (Day), EDSA after MRT-Buendia Station Makati",MMDA Road Safety Unit,,afae5afa-653f-43d1-93bf-7a154b536cb6,2011-01-13,01:00:00,EDSA Estrella Loading Bay Makati,0,0,0,0,0,0,0,0,0,0,2011-01-13 9:00,Property,14.55405293,121.033672,Side Swipe
None,EDSA,None,None,"Unknown, Rear-end, 0.0 drivers_injured, 0.0 drivers_killed, 0.0 passengers_injured, 0.0 passengers_killed, 0.0 pedestrian_injured, 0.0 pedestrian_killed, Fair (Day), EDSA after Shell Gas Station, Bgy. Guadalupe Nuevo Makati",MMDA Road Safety Unit,,9d58625e-28b1-4d79-ab08-e5e0f2575a93,2011-01-13,00:00:00,EDSA Evangelista St. fronting Jollibee Makati,0,0,0,0,0,0,0,0,0,0,2011-01-13 8:00,Property,14.56072425,121.0418286,Rear-End
None,EDSA,None,None,"Unknown, Rear-end, 0.0 drivers_injured, 0.0 drivers_killed, 0.0 passengers_injured, 0.0 passengers_killed, 0.0 pedestrian_injured, 0.0 pedestrian_killed, Fair (Day), EDSA after Orense St., Bgy. Guadalupe Nuevo Makati",MMDA Road Safety Unit,,ea767128-54b4-4cce-95cb-56fac2581779,2011-01-09,06:15:00,EDSA Magallanes Downgrade Portion Makati,0,0,0,0,0,0,0,0,0,0,2011-01-09 14:15,Property,14.56174586,121.0429417,Rear-End
None,EDSA,None,None,"Unknown, Rear-end, 0.0 drivers_injured, 0.0 drivers_killed, 0.0 passengers_injured, 0.0 passengers_killed, 0.0 pedestrian_injured, 0.0 pedestrian_killed, Fair (Day), EDSA fronting San Carlos Seminary Makati",MMDA Road Safety Unit,,246cb4a1-256c-4009-a9d7-7af269fa54af,2011-01-09,05:45:00,EDSA A. Arnaiz Avenue ( Pasay Road) Makati,0,0,0,0,0,0,0,0,0,0,2011-01-09 13:45,Property,14.56308495,121.043919,Rear-End
None,EDSA,None,None,"Unknown, Angle Impact, 0.0 drivers_injured, 0.0 drivers_killed, 0.0 passengers_injured, 0.0 passengers_killed, 0.0 pedestrian_injured, 0.0 pedestrian_killed, Fair (Day), EDSA Chino Roces Ave. (Pasong Tamo) Makati",MMDA Road Safety Unit,,76a197a4-9265-4129-ad46-de39e3bb68cb,2011-01-07,07:50:00,EDSA after Pedestrian Overpass Guadalupe  Makati,0,0,0,0,0,0,0,0,0,0,2011-01-07 15:50,Property,14.54117334,121.0183458,Angle Impact
None,EDSA,None,None,"Unknown, Hit Object (No Object Stated), 0.0 drivers_injured, 0.0 drivers_killed, 0.0 passengers_injured, 0.0 passengers_killed, 0.0 pedestrian_injured, 0.0 pedestrian_killed, Fair (Day), EDSA Bernardino St., Bgy. Guadalupe Viejo Makati",MMDA Road Safety Unit,,c734f5b9-08c0-4a1c-92c2-5a821d3c1446,2011-01-05,01:20:00,EDSA Magallanes Park Makati,0,0,0,0,0,0,0,0,0,0,2011-01-05 9:20,Property,14.56598119,121.0451074,Hit Object
None,EDSA,None,None,"Unknown, Self-Accident, 0.0 drivers_injured, 0.0 drivers_killed, 1.0 passengers_injured, 0.0 passengers_killed, 0.0 pedestrian_injured, 0.0 pedestrian_killed, Fair (Night), EDSA Sen. Gil J. Puyat Ave. (Buendia Ave. Ext.) Makati",MMDA Road Safety Unit,,70d5256a-3414-4c38-a270-68ee4389e1d8,2011-01-02,21:30:00,EDSA MRT Buendia Station Makati,0,0,0,0,1,0,0,0,0,1,2011-01-03 5:30,Injury,14.55483765,121.0348537,Self-Accident
None,EDSA,None,None,"Unknown, Self-Accident, 0.0 drivers_injured, 1.0 drivers_killed, 0.0 passengers_injured, 0.0 passengers_killed, 0.0 pedestrian_injured, 0.0 pedestrian_killed, Fair (Night), EDSA Sen. Gil J. Puyat Ave. (Buendia Ave. Ext.) Makati",MMDA Road Safety Unit,,0bc32ac0-dcf6-4725-b1c9-67cb2b5d26f3,2011-01-02,21:30:00,EDSA fronting San Carlos Seminary Makati,1,0,0,0,0,0,0,0,1,0,2011-01-03 5:30,Fatal,14.55483765,121.0348537,Self-Accident
None,EDSA,None,None,"Unknown, Hit Object (No Object Stated), 0.0 drivers_injured, 0.0 drivers_killed, 0.0 passengers_injured, 0.0 passengers_killed, 0.0 pedestrian_injured, 0.0 pedestrian_killed, Fair (Night), EDSA at Loading / Unloading Bay, Buendia Makati",MMDA Road Safety Unit,,99d09c58-db35-4b4a-88c6-3cacf2790e7d,2011-01-02,10:15:00,EDSA A. Arnaiz Avenue (Pasay Road ) Makati,0,0,0,0,0,0,0,0,0,0,2011-01-02 18:15,Property,14.55397144,121.0335083,Hit Object
None,EDSA,None,None,"Unknown, Rear-end, 0.0 drivers_injured, 0.0 drivers_killed, 0.0 passengers_injured, 0.0 passengers_killed, 0.0 pedestrian_injured, 0.0 pedestrian_killed, Fair (Day), EDSA at ""U"" turn slot, Sen. Gil J. Puyat Ave. (Buendia Ave. Ext.) Makati",MMDA Road Safety Unit,,2ba5ceda-adbe-49ee-a4c2-b74e2b0a1260,2011-01-02,06:15:00,EDSA Kalayaan Avenue Makati,0,0,0,0,0,0,0,0,0,0,2011-01-02 14:15,Property,14.55536313,121.0354381,Rear-End
None,EDSA,None,None,"Unknown, Rear-end, 0.0 drivers_injured, 0.0 drivers_killed, 0.0 passengers_injured, 0.0 passengers_killed, 0.0 pedestrian_injured, 0.0 pedestrian_killed, Fair, EDSA after A. Arnaiz Ave. (Buendia ) Makati",MMDA Road Safety Unit,,69e8e580-ed69-4fdf-a160-1ba05d960ccd,2010-12-30,04:30:00,EDSA fronting MRT Guadalupe Station Makati,0,0,0,0,0,0,0,0,0,0,2010-12-30 12:30,Property,14.54740254,121.0257328,Rear-End
None,EDSA,None,None,"Unknown, Rear-end, 0.0 drivers_injured, 0.0 drivers_killed, 0.0 passengers_injured, 0.0 passengers_killed, 0.0 pedestrian_injured, 0.0 pedestrian_killed, Fair, EDSA fronting Loyola Memorial Chapel, Guadalupe Makati",MMDA Road Safety Unit,,7b0a64d9-98df-441c-8585-c98a3818d61b,2010-12-30,04:30:00,EDSA approaching Estrella Loading Bay Makati,0,0,0,0,0,0,0,0,0,0,2010-12-30 12:30,Property,14.56543084,121.044954,Rear-End
None,EDSA,None,None,"Unknown, Side Swipe, 0.0 drivers_injured, 0.0 drivers_killed, 0.0 passengers_injured, 0.0 passengers_killed, 0.0 pedestrian_injured, 0.0 pedestrian_killed, Fair, EDSA  Shaw Blvd. Makati",MMDA Road Safety Unit,,e4b48ec3-5f48-4ba7-a197-a4c8d52bac6a,2010-12-26,16:00:00,EDSA Orense St. Guadalupe Nuevo Makati,0,0,0,0,0,0,0,0,0,0,2010-12-27,Property,14.58138159,121.0535748,Side Swipe
None,EDSA,None,None,"Unknown, Rear-end, 0.0 drivers_injured, 0.0 drivers_killed, 0.0 passengers_injured, 0.0 passengers_killed, 0.0 pedestrian_injured, 0.0 pedestrian_killed, Fair, EDSA Magallanes Loading Bay  Makati",MMDA Road Safety Unit,,a30ef15a-fe3e-4163-ad9c-6a7a853d5594,2010-12-23,06:30:00,EDSA  fronting MRT Magallanes Station Makati,0,0,0,0,0,0,0,0,0,0,2010-12-23 14:30,Property,14.54402536,121.021754,Rear-End
None,EDSA,None,None,"Unknown, Side Swipe, 0.0 drivers_injured, 0.0 drivers_killed, 0.0 passengers_injured, 0.0 passengers_killed, 0.0 pedestrian_injured, 0.0 pedestrian_killed, Fair, EDSA after Evangelista St. Makati",MMDA Road Safety Unit,,723312a7-64a9-4b7f-8cc7-eb26ea3851e2,2010-12-22,03:15:00,EDSA before Magallanes Loading Bay Makati,0,0,0,0,0,0,0,0,0,0,2010-12-22 11:15,Property,14.53899904,121.0117058,Side Swipe
None,EDSA,None,None,"Unknown, Rear-end, 0.0 drivers_injured, 0.0 drivers_killed, 0.0 passengers_injured, 0.0 passengers_killed, 0.0 pedestrian_injured, 0.0 pedestrian_killed, Fair, EDSA approaching Evangelista St. Brgy. Bang kal Makati",MMDA Road Safety Unit,,51da5fda-f97a-440b-9317-ab1bfb45f80d,2010-12-21,06:00:00,EDSA Honda St.  Makati,0,0,0,0,0,0,0,0,0,0,2010-12-21 14:00,Property,14.53919917,121.012586,Rear-End
None,EDSA,None,None,"Unknown, Angle Impact, 0.0 drivers_injured, 0.0 drivers_killed, 0.0 passengers_injured, 0.0 passengers_killed, 0.0 pedestrian_injured, 0.0 pedestrian_killed, Fair, EDSA West Clover Leaf Guadalupe Viejo Makati",MMDA Road Safety Unit,,658337cf-5cff-41eb-94a1-cb78e89471fa,2010-12-21,04:30:00,EDSA before Buendia Loading Bay Makati,0,0,0,0,0,0,0,0,0,0,2010-12-21 12:30,Property,14.56763029,121.0456342,Angle Impact
None,EDSA,None,None,"Unknown, Rear-end, 0.0 drivers_injured, 0.0 drivers_killed, 0.0 passengers_injured, 0.0 passengers_killed, 0.0 pedestrian_injured, 0.0 pedestrian_killed, Fair, EDSA Ayala Ave. Makati",MMDA Road Safety Unit,,b7465fb7-8a3b-485c-91b5-7b37b5e304e3,2010-12-17,17:00:00,EDSA Evangelista St. Makati,0,0,0,0,0,0,0,0,0,0,2010-12-18 1:00,Property,14.5503157,121.0293627,Rear-End
None,EDSA,None,None,"Unknown, Rear-end, 0.0 drivers_injured, 0.0 drivers_killed, 0.0 passengers_injured, 0.0 passengers_killed, 0.0 pedestrian_injured, 0.0 pedestrian_killed, Fair, EDSA after Estrella St. Makati",MMDA Road Safety Unit,,64e0b93b-a1e3-41a9-8865-8b8b61a91481,2010-12-17,04:30:00,EDSA Evangelista St. fronting Jollibee Makati,0,0,0,0,0,0,0,0,0,0,2010-12-17 12:30,Property,14.55978024,121.0408443,Rear-End
None,EDSA,None,None,"Unknown, Rear-end, 0.0 drivers_injured, 0.0 drivers_killed, 0.0 passengers_injured, 0.0 passengers_killed, 0.0 pedestrian_injured, 0.0 pedestrian_killed, Fair, EDSA Ayala Ave. Makati",MMDA Road Safety Unit,,b6a74399-7c8d-4fab-8872-eecad095266a,2010-12-15,01:45:00,EDSA Ayala Ave. Makati,0,0,0,0,0,0,0,0,0,0,2010-12-15 9:45,Property,14.5503157,121.0293627,Rear-End
None,EDSA,None,None,"Unknown, Rear-end, 0.0 drivers_injured, 0.0 drivers_killed, 0.0 passengers_injured, 0.0 passengers_killed, 0.0 pedestrian_injured, 0.0 pedestrian_killed, Fair, EDSA approaching Ayala Avenue Makati",MMDA Road Safety Unit,,f3729322-0c66-49cc-a182-7938fbc38234,2010-12-14,14:30:00,EDSA Mantrade Makati,0,0,0,0,0,0,0,0,0,0,2010-12-14 22:30,Property,14.55075199,121.0296625,Rear-End
None,EDSA,None,None,"Unknown, Angle Impact, 0.0 drivers_injured, 0.0 drivers_killed, 0.0 passengers_injured, 0.0 passengers_killed, 0.0 pedestrian_injured, 0.0 pedestrian_killed, Fair, EDSA Bernardino St. Makati",MMDA Road Safety Unit,,ea24e37d-b24f-4757-8841-c4bf125ef054,2010-12-13,00:05:00,EDSA  Undernetah Magallanes Interchange  Makati,0,0,0,0,0,0,0,0,0,0,2010-12-13 8:05,Property,14.56598119,121.0451074,Angle Impact
None,EDSA,None,None,"Unknown, Rear-end, 0.0 drivers_injured, 0.0 drivers_killed, 0.0 passengers_injured, 0.0 passengers_killed, 0.0 pedestrian_injured, 0.0 pedestrian_killed, Fair, EDSA approaching MRT Station Magallanes  Makati",MMDA Road Safety Unit,,ffd7c044-0514-43a0-b8b5-98421ea6f944,2010-12-12,08:00:00,EDSA Antonio S. Arnaiz Ave. (Pasay Road) Makati,0,0,0,0,0,0,0,0,0,0,2010-12-12 16:00,Property,14.54164352,121.019046,Rear-End
None,EDSA,None,None,"Unknown, Side Swipe, 0.0 drivers_injured, 0.0 drivers_killed, 0.0 passengers_injured, 0.0 passengers_killed, 0.0 pedestrian_injured, 0.0 pedestrian_killed, Fair, EDSA Estrella St. Makati",MMDA Road Safety Unit,,6a34cefd-ccd8-428f-a559-ebda7cf0b35d,2010-12-09,15:30:00,EDSA Ayala Ave. Makati,0,0,0,0,0,0,0,0,0,0,2010-12-09 23:30,Property,14.56004326,121.0411034,Side Swipe
None,EDSA,None,None,"Unknown, Side Swipe, 0.0 drivers_injured, 0.0 drivers_killed, 0.0 passengers_injured, 0.0 passengers_killed, 0.0 pedestrian_injured, 0.0 pedestrian_killed, Fair, EDSA approaching Buendia / Makati",MMDA Road Safety Unit,,c689f593-cd78-4f88-ab5b-da717acfa6a8,2010-12-08,02:20:00,EDSA Ayala Loading Bay  Makati,0,0,0,0,0,0,0,0,0,0,2010-12-08 10:20,Property,14.5557029,121.035549,Side Swipe