LOCATION_TEXT,ROAD,WEATHER,LIGHT,DESC,REPORTING_AGENCY,MAIN_CAUSE,INCIDENTDETAILS_ID,DATE_UTC,TIME_UTC,ADDRESS,killed_driver,killed_passenger,killed_pedestrian,injured_driver,injured_passenger,injured_pedestrian,killed_uncategorized,injured_uncategorized,killed_total,injured_total,DATETIME_PST,SEVERITY,Y,X,COLLISION_TYPE
None,EDSA,None,None,"Unknown, Side Swipe, 0.0 drivers_injured, 0.0 drivers_killed, 0.0 passengers_injured, 0.0 passengers_killed, 0.0 pedestrian_injured, 0.0 pedestrian_killed, Fair, EDSA approaching Buendia MRT Station Makati",MMDA Road Safety Unit,,9b5a2abd-1e1e-41e1-813a-fcc3a47cd2e5,2010-12-06,07:30:00,EDSA after Ayala Ave. Makati,0,0,0,0,0,0,0,0,0,0,2010-12-06 15:30,Property,14.55431188,121.0339823,Side Swipe
None,EDSA,None,None,"Unknown, Side Swipe, 0.0 drivers_injured, 0.0 drivers_killed, 0.0 passengers_injured, 0.0 passengers_killed, 0.0 pedestrian_injured, 0.0 pedestrian_killed, Fair, EDSA Estrella St. Brgy. Bel Air Makati",MMDA Road Safety Unit,,0cfe0845-91ab-4215-b737-2cc8eb937270,2010-12-05,03:00:00,"EDSA at ""U"" turn slot, after Sen. Gil J. Puyat Ave. Makati",0,0,0,0,0,0,0,0,0,0,2010-12-05 11:00,Property,14.56004326,121.0411034,Side Swipe
None,EDSA,None,None,"Unknown, Side Swipe, 0.0 drivers_injured, 0.0 drivers_killed, 0.0 passengers_injured, 0.0 passengers_killed, 0.0 pedestrian_injured, 0.0 pedestrian_killed, Fair, EDSA Evangelista St. Makati",MMDA Road Safety Unit,,093cff65-90fd-4af7-8215-d3427224c848,2010-12-04,02:35:00,EDSA fronting San Carlos Seminary Makati,0,0,0,0,0,0,0,0,0,0,2010-12-04 10:35,Property,14.53906878,121.012324,Side Swipe
None,EDSA,None,None,"Unknown, Rear-end, 0.0 drivers_injured, 0.0 drivers_killed, 0.0 passengers_injured, 0.0 passengers_killed, 0.0 pedestrian_injured, 0.0 pedestrian_killed, Fair, EDSA MRT Magallanes Station Makati",MMDA Road Safety Unit,,d9fcf3d2-701e-42f6-9bfe-d9172c04b53a,2010-12-03,03:00:00,EDSA before Ayala Avenue Makati,0,0,0,0,0,0,0,0,0,0,2010-12-03 11:00,Property,14.54200463,121.0193373,Rear-End
None,EDSA,None,None,"Unknown, Rear-end, 0.0 drivers_injured, 0.0 drivers_killed, 0.0 passengers_injured, 0.0 passengers_killed, 0.0 pedestrian_injured, 0.0 pedestrian_killed, Fair, EDSA fronting Loyola Memorial Chapel, Guadalupe Makati",MMDA Road Safety Unit,,3036067f-a81d-49ec-a001-7827babcf53a,2010-12-02,20:55:00,EDSA approaching Sen. Gil J. Puyta Ave. (Buendia) Makati,0,0,0,0,0,0,0,0,0,0,2010-12-03 4:55,Property,14.56543084,121.044954,Rear-End
None,EDSA,None,None,"Unknown, Rear-end, 0.0 drivers_injured, 0.0 drivers_killed, 0.0 passengers_injured, 0.0 passengers_killed, 0.0 pedestrian_injured, 0.0 pedestrian_killed, Fair, EDSA Estrella Loading Bay Makati",MMDA Road Safety Unit,,80075e33-0db6-41b0-a84e-60615c9857fc,2010-12-01,02:00:00,EDSA Magallanes Loading Bay  Makati,0,0,0,0,0,0,0,0,0,0,2010-12-01 10:00,Property,14.56049908,121.0415707,Rear-End
None,EDSA,None,None,"Unknown, Side Swipe, 0.0 drivers_injured, 0.0 drivers_killed, 0.0 passengers_injured, 0.0 passengers_killed, 0.0 pedestrian_injured, 0.0 pedestrian_killed, Fair, EDSA Evangelista St. fronting Jollibee Makati",MMDA Road Safety Unit,,9ffe980d-5cde-4aa7-b67f-fb4916fdc9dd,2010-11-28,00:00:00,EDSA  before Shell gas Station Buendia Makati,0,0,0,0,0,0,0,0,0,0,2010-11-28 8:00,Property,14.53906878,121.012324,Side Swipe
None,EDSA,None,None,"Unknown, Rear-end, 0.0 drivers_injured, 0.0 drivers_killed, 0.0 passengers_injured, 0.0 passengers_killed, 0.0 pedestrian_injured, 0.0 pedestrian_killed, Fair, EDSA Magallanes Downgrade Portion Makati",MMDA Road Safety Unit,,d4847f38-36ad-4d91-8c69-4af9232bc592,2010-11-26,03:10:00,EDSA Ayala Ave. Makati,0,0,0,0,0,0,0,0,0,0,2010-11-26 11:10,Property,14.54043461,121.0174613,Rear-End
None,EDSA,None,None,"Unknown, Angle Impact, 0.0 drivers_injured, 0.0 drivers_killed, 0.0 passengers_injured, 0.0 passengers_killed, 0.0 pedestrian_injured, 0.0 pedestrian_killed, Fair, EDSA A. Arnaiz Avenue ( Pasay Road) Makati",MMDA Road Safety Unit,,20943b3b-b9c6-4340-994b-6903b67578b0,2010-11-24,03:30:00,EDSA Evangelista St. Makati,0,0,0,0,0,0,0,0,0,0,2010-11-24 11:30,Property,14.54734176,121.0262804,Angle Impact
None,EDSA,None,None,"Unknown, Rear-end, 0.0 drivers_injured, 0.0 drivers_killed, 0.0 passengers_injured, 0.0 passengers_killed, 0.0 pedestrian_injured, 0.0 pedestrian_killed, Fair, EDSA after Pedestrian Overpass Guadalupe  Makati",MMDA Road Safety Unit,,e4da1bde-a408-401d-b29f-73fc3fc7b14d,2010-11-22,04:30:00,EDSA Antonio S. Arnaiz Ave. (Pasay Road) Makati,0,0,0,0,0,0,0,0,0,0,2010-11-22 12:30,Property,14.56492906,121.0449952,Rear-End
None,EDSA,None,None,"Unknown, Hit Object (Railing-Steel), 0.0 drivers_injured, 0.0 drivers_killed, 0.0 passengers_injured, 0.0 passengers_killed, 0.0 pedestrian_injured, 0.0 pedestrian_killed, Fair, EDSA Magallanes Park Makati",MMDA Road Safety Unit,,4cedbe6c-8861-4909-9a57-99f3cdb3eb1a,2010-11-19,09:00:00,EDSA Lapu-lapu St. Makati,0,0,0,0,0,0,0,0,0,0,2010-11-19 17:00,Property,14.54043461,121.0174613,Hit Object
None,EDSA,None,None,"Unknown, Side Swipe, 0.0 drivers_injured, 0.0 drivers_killed, 0.0 passengers_injured, 0.0 passengers_killed, 0.0 pedestrian_injured, 0.0 pedestrian_killed, Fair, EDSA near MRT Buendia Station Makati",MMDA Road Safety Unit,,4e57f617-6107-4ec4-ac7a-bd5be45af0df,2010-11-18,10:30:00,EDSA Sen. Gil J. Puyat Ave. (Buendia) Makati,0,0,0,0,0,0,0,0,0,0,2010-11-18 18:30,Property,14.55412069,121.033899,Side Swipe
None,EDSA,None,None,"Unknown, Rear-end, 0.0 drivers_injured, 0.0 drivers_killed, 0.0 passengers_injured, 0.0 passengers_killed, 0.0 pedestrian_injured, 0.0 pedestrian_killed, Fair, EDSA fronting San Carlos Seminary Makati",MMDA Road Safety Unit,,4d9a9f9e-0c0f-4f81-a0af-ab626b242c43,2010-11-18,02:00:00,EDSA after Antonio S. Arnaiz Ave. (Pasay Road) Makati,0,0,0,0,0,0,0,0,0,0,2010-11-18 10:00,Property,14.56308495,121.043919,Rear-End
None,EDSA,None,None,"Unknown, Rear-end, 0.0 drivers_injured, 0.0 drivers_killed, 0.0 passengers_injured, 0.0 passengers_killed, 0.0 pedestrian_injured, 0.0 pedestrian_killed, Fair, EDSA A. Arnaiz Avenue (Pasay Road ) Makati",MMDA Road Safety Unit,,630db661-1c12-42f2-ac2e-15cf8c56a2c5,2010-11-17,00:30:00,EDSA P. Burgos St. / Jollibee Guadalupe Makati,0,0,0,0,0,0,0,0,0,0,2010-11-17 8:30,Property,14.54734176,121.0262804,Rear-End
None,EDSA,None,None,"Unknown, Side Swipe, 0.0 drivers_injured, 0.0 drivers_killed, 0.0 passengers_injured, 0.0 passengers_killed, 0.0 pedestrian_injured, 0.0 pedestrian_killed, Fair, EDSA Kalayaan Avenue Makati",MMDA Road Safety Unit,,839cf8d0-6c71-4896-a62b-c940bb89bae5,2010-11-13,15:00:00,"EDSA fronting Starmall, Bgy. Addition Makati",0,0,0,0,0,0,0,0,0,0,2010-11-13 23:00,Property,14.55767933,121.038147,Side Swipe
None,EDSA,None,None,"Unknown, Side Swipe, 0.0 drivers_injured, 0.0 drivers_killed, 0.0 passengers_injured, 0.0 passengers_killed, 0.0 pedestrian_injured, 0.0 pedestrian_killed, Fair, EDSA fronting MRT Guadalupe Station Makati",MMDA Road Safety Unit,,ce5afb17-0077-4d23-a680-33721f568f42,2010-11-12,07:40:00,"EDSA fronting ABC Mall, Guadalupe Makati",0,0,0,0,0,0,0,0,0,0,2010-11-12 15:40,Property,14.56682107,121.0453652,Side Swipe
None,EDSA,None,None,"Unknown, Rear-end, 0.0 drivers_injured, 0.0 drivers_killed, 0.0 passengers_injured, 0.0 passengers_killed, 0.0 pedestrian_injured, 0.0 pedestrian_killed, Fair, EDSA approaching Estrella Loading Bay Makati",MMDA Road Safety Unit,,24e806b9-e9dd-480d-b686-8e005c762d90,2010-11-12,06:00:00,"EDSA before Buendia ""U"" turn slot Makati",0,0,0,0,0,0,0,0,0,0,2010-11-12 14:00,Property,14.56086527,121.0416883,Rear-End
None,EDSA,None,None,"Unknown, Angle Impact, 0.0 drivers_injured, 0.0 drivers_killed, 0.0 passengers_injured, 0.0 passengers_killed, 0.0 pedestrian_injured, 0.0 pedestrian_killed, Fair, EDSA Orense St. Guadalupe Nuevo Makati",MMDA Road Safety Unit,,eb4ae8e5-eb27-4fbb-9afd-810974acd9ae,2010-11-10,11:15:00,EDSA fronting MRT-Guadalupe Station Makati,0,0,0,0,0,0,0,0,0,0,2010-11-10 19:15,Property,14.56156378,121.0428336,Angle Impact
None,EDSA,None,None,"Unknown, Rear-end, 0.0 drivers_injured, 0.0 drivers_killed, 0.0 passengers_injured, 0.0 passengers_killed, 0.0 pedestrian_injured, 0.0 pedestrian_killed, Fair, EDSA  fronting MRT Magallanes Station Makati",MMDA Road Safety Unit,,c7e73ac7-ec5e-4995-aebe-ed8e0ac3b3ba,2010-11-08,06:40:00,EDSA Evangelista St. Makati,0,0,0,0,0,0,0,0,0,0,2010-11-08 14:40,Property,14.54172231,121.0191742,Rear-End
None,EDSA,None,None,"Unknown, Side Swipe, 0.0 drivers_injured, 0.0 drivers_killed, 0.0 passengers_injured, 0.0 passengers_killed, 0.0 pedestrian_injured, 0.0 pedestrian_killed, Fair, EDSA before Magallanes Loading Bay Makati",MMDA Road Safety Unit,,58e4b09d-1e9a-4f93-bacf-9ecbb743bf88,2010-11-08,02:40:00,EDSA approaching McKinley Road Makati,0,0,0,0,0,0,0,0,0,0,2010-11-08 10:40,Property,14.5435939,121.0212488,Side Swipe
None,EDSA,None,None,"Unknown, Angle Impact, 0.0 drivers_injured, 0.0 drivers_killed, 0.0 passengers_injured, 0.0 passengers_killed, 0.0 pedestrian_injured, 0.0 pedestrian_killed, Fair, EDSA Honda St.  Makati",MMDA Road Safety Unit,,64389bc3-7983-4622-b6e6-41955fef6caa,2010-10-28,07:50:00,EDSA Guadalupe Loading Bay Makati,0,0,0,0,0,0,0,0,0,0,2010-10-28 15:50,Property,14.55695893,121.037633,Angle Impact
None,EDSA,None,None,"Unknown, Side Swipe, 0.0 drivers_injured, 0.0 drivers_killed, 0.0 passengers_injured, 0.0 passengers_killed, 0.0 pedestrian_injured, 0.0 pedestrian_killed, Fair, EDSA before Buendia Loading Bay Makati",MMDA Road Safety Unit,,a3cf25cd-ec5b-4129-9854-7264b3ac6635,2010-10-28,01:30:00,EDSA before MRT-Buendia Station Makati,0,0,0,0,0,0,0,0,0,0,2010-10-28 9:30,Property,14.55431133,121.0339165,Side Swipe
None,EDSA,None,None,"Unknown, Other (Hit by a Fallen Debris), 0.0 drivers_injured, 0.0 drivers_killed, 0.0 passengers_injured, 0.0 passengers_killed, 0.0 pedestrian_injured, 0.0 pedestrian_killed, Fair, EDSA Evangelista St. Makati",MMDA Road Safety Unit,,414c5a8c-822e-4656-89d6-389eda21ed29,2010-10-27,01:30:00,EDSA before Magallanes Loading Bay Makati,0,0,0,0,0,0,0,0,0,0,2010-10-27 9:30,Property,14.53906878,121.012324,Hit Object
None,EDSA,None,None,"Unknown, Rear-end, 0.0 drivers_injured, 0.0 drivers_killed, 0.0 passengers_injured, 0.0 passengers_killed, 0.0 pedestrian_injured, 0.0 pedestrian_killed, Fair, EDSA Evangelista St. fronting Jollibee Makati",MMDA Road Safety Unit,,98767dc5-a09e-4269-bc71-08fa4cadb5c7,2010-10-26,03:45:00,"EDSA at ""U"" turn slot, Sen. Gil J. Puyat Ave. (Buendia) Makati",0,0,0,0,0,0,0,0,0,0,2010-10-26 11:45,Property,14.53906878,121.012324,Rear-End
None,EDSA,None,None,"Unknown, Hit and Run (No Collision Stated), 0.0 drivers_injured, 0.0 drivers_killed, 0.0 passengers_injured, 0.0 passengers_killed, 0.0 pedestrian_injured, 0.0 pedestrian_killed, Fair, EDSA Ayala Ave. Makati",MMDA Road Safety Unit,,9e7c4c42-2c18-4ad3-8cb1-f38213846aff,2010-10-22,12:00:00,EDSA Chino Roces Ave. (Pasong Tamo) Makati,0,0,0,0,0,0,0,0,0,0,2010-10-22 20:00,Property,14.5503157,121.0293627,No Collision Stated
None,EDSA,None,None,"Unknown, Side Swipe, 1.0 drivers_injured, 0.0 drivers_killed, 0.0 passengers_injured, 0.0 passengers_killed, 0.0 pedestrian_injured, 0.0 pedestrian_killed, Rain, EDSA Mantrade Makati",MMDA Road Safety Unit,,ee646669-1928-4285-b98a-b40bc0fc35db,2010-10-22,04:05:00,EDSA Magallanes Ave. Makati,0,0,0,1,0,0,0,0,0,1,2010-10-22 12:05,Injury,14.54127991,121.0184601,Side Swipe
None,EDSA,None,None,"Unknown, Angle Impact, 0.0 drivers_injured, 0.0 drivers_killed, 0.0 passengers_injured, 0.0 passengers_killed, 0.0 pedestrian_injured, 0.0 pedestrian_killed, Fair, EDSA  Undernetah Magallanes Interchange  Makati",MMDA Road Safety Unit,,607c8071-e045-4c36-851f-87b6480f63d5,2010-10-19,22:30:00,EDSA Ayala Ave. Makati,0,0,0,0,0,0,0,0,0,0,2010-10-20 6:30,Property,14.540624,121.0172387,Angle Impact
None,EDSA,None,None,"Unknown, Rear-end, 0.0 drivers_injured, 0.0 drivers_killed, 0.0 passengers_injured, 0.0 passengers_killed, 0.0 pedestrian_injured, 0.0 pedestrian_killed, Rain, EDSA Antonio S. Arnaiz Ave. (Pasay Road) Makati",MMDA Road Safety Unit,,0e4f6868-2bc1-4667-9d1d-22e14c8295b9,2010-10-19,06:45:00,"EDSA at ""U"" turn slot, Sen. Gil J. Puyat Ave. (Buendia) Makati",0,0,0,0,0,0,0,0,0,0,2010-10-19 14:45,Property,14.54753179,121.0260155,Rear-End
None,EDSA,None,None,"Unknown, Side Swipe, 0.0 drivers_injured, 0.0 drivers_killed, 0.0 passengers_injured, 0.0 passengers_killed, 0.0 pedestrian_injured, 0.0 pedestrian_killed, Fair, EDSA Ayala Ave. Makati",MMDA Road Safety Unit,,0101e45c-3f09-4cef-8ebe-a9dbaca6515d,2010-10-18,04:45:00,EDSA fronting Forbes Park Subdivision Makati,0,0,0,0,0,0,0,0,0,0,2010-10-18 12:45,Property,14.5503157,121.0293627,Side Swipe
None,EDSA,None,None,"Unknown, Side Swipe, 0.0 drivers_injured, 0.0 drivers_killed, 0.0 passengers_injured, 0.0 passengers_killed, 0.0 pedestrian_injured, 0.0 pedestrian_killed, Fair, EDSA Ayala Loading Bay  Makati",MMDA Road Safety Unit,,d0af5cb1-edc9-4054-9e61-7d2da383ee18,2010-10-18,00:30:00,EDSA fronting MRT-Guadalupe Station Makati,0,0,0,0,0,0,0,0,0,0,2010-10-18 8:30,Property,14.54906772,121.0276631,Side Swipe
None,EDSA,None,None,"Unknown, Side Swipe, 0.0 drivers_injured, 0.0 drivers_killed, 0.0 passengers_injured, 0.0 passengers_killed, 0.0 pedestrian_injured, 0.0 pedestrian_killed, Fair, EDSA after Ayala Ave. Makati",MMDA Road Safety Unit,,599c9fdc-463a-421d-a025-e887c1f0188f,2010-10-15,15:10:00,"EDSA Ayala Ave., Urdaneta Village Makati",0,0,0,0,0,0,0,0,0,0,2010-10-15 23:10,Property,14.55004169,121.0291677,Side Swipe
None,EDSA,None,None,"Unknown, Side Swipe, 0.0 drivers_injured, 0.0 drivers_killed, 0.0 passengers_injured, 0.0 passengers_killed, 0.0 pedestrian_injured, 0.0 pedestrian_killed, Fair, EDSA at ""U"" turn slot, after Sen. Gil J. Puyat Ave. Makati",MMDA Road Safety Unit,,1876c5b7-29d0-456c-9039-ce9bc3ada651,2010-10-14,10:30:00,EDSA Evangelista St. Makati,0,0,0,0,0,0,0,0,0,0,2010-10-14 18:30,Property,14.55534406,121.0355038,Side Swipe
None,EDSA,None,None,"Unknown, Rear-end, 0.0 drivers_injured, 0.0 drivers_killed, 0.0 passengers_injured, 0.0 passengers_killed, 0.0 pedestrian_injured, 0.0 pedestrian_killed, Fair, EDSA fronting San Carlos Seminary Makati",MMDA Road Safety Unit,,86262f60-b68f-4595-965b-23c867f323c4,2010-10-14,02:50:00,EDSA before MRT-Guadalupe Station Makati,0,0,0,0,0,0,0,0,0,0,2010-10-14 10:50,Property,14.56308495,121.043919,Rear-End
None,EDSA,None,None,"Unknown, Rear-end, 0.0 drivers_injured, 0.0 drivers_killed, 0.0 passengers_injured, 0.0 passengers_killed, 0.0 pedestrian_injured, 0.0 pedestrian_killed, Fair, EDSA before Ayala Avenue Makati",MMDA Road Safety Unit,,1b35e7fd-39ff-4b34-8caf-d6fbe9b1975e,2010-10-13,07:50:00,"EDSA McKinley Road, Forbes Park Makati",0,0,0,0,0,0,0,0,0,0,2010-10-13 15:50,Property,14.55048281,121.029498,Rear-End
None,EDSA,None,None,"Unknown, Rear-end, 0.0 drivers_injured, 0.0 drivers_killed, 0.0 passengers_injured, 0.0 passengers_killed, 0.0 pedestrian_injured, 0.0 pedestrian_killed, Fair, EDSA approaching Sen. Gil J. Puyta Ave. (Buendia) Makati",MMDA Road Safety Unit,,ef78c691-3a3e-4bd4-99f9-b1d8fef2406b,2010-10-12,06:30:00,EDSA after Buendia Loading Bay Makati,0,0,0,0,0,0,0,0,0,0,2010-10-12 14:30,Property,14.55558286,121.0354719,Rear-End
None,EDSA,None,None,"Unknown, Side Swipe, 0.0 drivers_injured, 0.0 drivers_killed, 0.0 passengers_injured, 0.0 passengers_killed, 0.0 pedestrian_injured, 0.0 pedestrian_killed, Fair, EDSA Magallanes Loading Bay  Makati",MMDA Road Safety Unit,,d3783427-aa8e-47e4-acfa-38ceef57bcef,2010-10-11,07:00:00,"EDSA fronting Pedestrian Overpass, Loyola Memorial Chapel Makati",0,0,0,0,0,0,0,0,0,0,2010-10-11 15:00,Property,14.54402536,121.021754,Side Swipe
None,EDSA,None,None,"Unknown, Rear-end, 0.0 drivers_injured, 0.0 drivers_killed, 0.0 passengers_injured, 0.0 passengers_killed, 0.0 pedestrian_injured, 0.0 pedestrian_killed, Fair, EDSA  before Shell gas Station Buendia Makati",MMDA Road Safety Unit,,858f6d41-868a-4376-9f72-8b30d94a2a5d,2010-10-07,03:40:00,EDSA Estrella St. Makati,0,0,0,0,0,0,0,0,0,0,2010-10-07 11:40,Property,14.5553785,121.0351656,Rear-End
None,EDSA,None,None,"Unknown, Angle Impact, 0.0 drivers_injured, 0.0 drivers_killed, 0.0 passengers_injured, 0.0 passengers_killed, 0.0 pedestrian_injured, 0.0 pedestrian_killed, Fair, EDSA Ayala Ave. Makati",MMDA Road Safety Unit,,12f6e61b-5900-41e6-bc35-f11057bd94c6,2010-10-06,23:05:00,EDSA  before MRT-Guadalupe Station Makati,0,0,0,0,0,0,0,0,0,0,2010-10-07 7:05,Property,14.5503157,121.0293627,Angle Impact
None,EDSA,None,None,"Unknown, Rear-end, 0.0 drivers_injured, 0.0 drivers_killed, 0.0 passengers_injured, 0.0 passengers_killed, 0.0 pedestrian_injured, 0.0 pedestrian_killed, Fair, EDSA Evangelista St. Makati",MMDA Road Safety Unit,,cee1b4c1-5275-45d6-9397-dbd271b06534,2010-10-06,02:00:00,"EDSA before Shell Gas Station, Buendia Makati",0,0,0,0,0,0,0,0,0,0,2010-10-06 10:00,Property,14.53906878,121.012324,Rear-End
None,EDSA,None,None,"Unknown, Side Swipe, 0.0 drivers_injured, 0.0 drivers_killed, 0.0 passengers_injured, 0.0 passengers_killed, 0.0 pedestrian_injured, 0.0 pedestrian_killed, Fair, EDSA Antonio S. Arnaiz Ave. (Pasay Road) Makati",MMDA Road Safety Unit,,505941af-5256-40ed-bde6-b00a3972c968,2010-10-05,11:30:00,EDSA  fronting MRT-Buendia Station Makati,0,0,0,0,0,0,0,0,0,0,2010-10-05 19:30,Property,14.54753179,121.0260155,Side Swipe
None,EDSA,None,None,"Unknown, Angle Impact, 0.0 drivers_injured, 0.0 drivers_killed, 0.0 passengers_injured, 0.0 passengers_killed, 0.0 pedestrian_injured, 0.0 pedestrian_killed, Fair, EDSA Lapu-lapu St. Makati",MMDA Road Safety Unit,,1b82185e-6a49-43da-a2bb-bc231d3ebc05,2010-09-30,22:00:00,EDSA Kalayaan Ave. Makati,0,0,0,0,0,0,0,0,0,0,2010-10-01 6:00,Property,14.53968935,121.0155717,Angle Impact
None,EDSA,None,None,"Unknown, Self-Accident, 1.0 drivers_injured, 0.0 drivers_killed, 0.0 passengers_injured, 0.0 passengers_killed, 0.0 pedestrian_injured, 0.0 pedestrian_killed, Fair, EDSA Sen. Gil J. Puyat Ave. (Buendia) Makati",MMDA Road Safety Unit,,a408feb8-2c45-4f45-ba97-f1d54be7d020,2010-09-27,13:50:00,EDSA  fronting MRT-Buendia Station Makati,0,0,0,1,0,0,0,0,0,1,2010-09-27 21:50,Injury,14.55483765,121.0348537,Self-Accident
None,EDSA,None,None,"Unknown, Side Swipe, 0.0 drivers_injured, 0.0 drivers_killed, 0.0 passengers_injured, 0.0 passengers_killed, 0.0 pedestrian_injured, 0.0 pedestrian_killed, Fair, EDSA after Antonio S. Arnaiz Ave. (Pasay Road) Makati",MMDA Road Safety Unit,,8ef8441f-393b-4483-9a39-a5a2fdc9e7ff,2010-09-25,11:45:00,EDSA  Ayala Ave. Makati,0,0,0,0,0,0,0,0,0,0,2010-09-25 19:45,Property,14.54733215,121.0256082,Side Swipe
None,EDSA,None,None,"Unknown, Rear-end, 0.0 drivers_injured, 0.0 drivers_killed, 0.0 passengers_injured, 0.0 passengers_killed, 0.0 pedestrian_injured, 0.0 pedestrian_killed, Fair, EDSA P. Burgos St. / Jollibee Guadalupe Makati",MMDA Road Safety Unit,,033163de-b5c4-4e0a-8100-681e3bffe261,2010-09-22,03:10:00,EDSA Ayala Ave. Makati,0,0,0,0,0,0,0,0,0,0,2010-09-22 11:10,Property,14.5655887,121.0452425,Rear-End
None,EDSA,None,None,"Unknown, Side Swipe, 0.0 drivers_injured, 0.0 drivers_killed, 0.0 passengers_injured, 0.0 passengers_killed, 0.0 pedestrian_injured, 0.0 pedestrian_killed, Fair, EDSA fronting Starmall, Bgy. Addition Makati",MMDA Road Safety Unit,,474f9d5a-e173-40ca-a1bb-ab8995657495,2010-09-20,05:15:00,EDSA  after Antonio S. Arnaiz Ave. (Pasay Road) Makati,0,0,0,0,0,0,0,0,0,0,2010-09-20 13:15,Property,14.58206445,121.0540262,Side Swipe
None,EDSA,None,None,"Unknown, Rear-end, 0.0 drivers_injured, 0.0 drivers_killed, 0.0 passengers_injured, 0.0 passengers_killed, 0.0 pedestrian_injured, 0.0 pedestrian_killed, Fair, EDSA fronting ABC Mall, Guadalupe Makati",MMDA Road Safety Unit,,466edce6-b265-457a-a4e2-a108127664a3,2010-09-19,06:25:00,"EDSA McKinley Road, Bgy. Forbes Makati",0,0,0,0,0,0,0,0,0,0,2010-09-19 14:25,Property,14.56672659,121.045537,Rear-End
None,EDSA,None,None,"Unknown, Rear-end, 0.0 drivers_injured, 0.0 drivers_killed, 0.0 passengers_injured, 0.0 passengers_killed, 0.0 pedestrian_injured, 0.0 pedestrian_killed, Fair, EDSA before Buendia ""U"" turn slot Makati",MMDA Road Safety Unit,,eed2276b-d0db-4dd7-b179-b05cb1585ba1,2010-09-19,05:20:00,EDSA Ayala Ave. Makati,0,0,0,0,0,0,0,0,0,0,2010-09-19 13:20,Property,14.55502769,121.0352754,Rear-End
None,EDSA,None,None,"Unknown, Rear-end, 0.0 drivers_injured, 0.0 drivers_killed, 0.0 passengers_injured, 0.0 passengers_killed, 0.0 pedestrian_injured, 0.0 pedestrian_killed, Fair, EDSA fronting MRT-Guadalupe Station Makati",MMDA Road Safety Unit,,f6930f86-90f4-43d5-a63d-02e936a67543,2010-09-19,02:30:00,EDSA approaching Magallanes Interchange  Makati,0,0,0,0,0,0,0,0,0,0,2010-09-19 10:30,Property,14.56661161,121.0453363,Rear-End
None,EDSA,None,None,"Unknown, Hit and Run (No Collision Stated), 0.0 drivers_injured, 0.0 drivers_killed, 0.0 passengers_injured, 0.0 passengers_killed, 0.0 pedestrian_injured, 0.0 pedestrian_killed, Fair, EDSA Evangelista St. Makati",MMDA Road Safety Unit,,59616630-a29d-45b2-be24-cb9172636c6b,2010-09-17,15:15:00,EDSA after MRT-Magallanes Station Makati,0,0,0,0,0,0,0,0,0,0,2010-09-17 23:15,Property,14.53906878,121.012324,No Collision Stated
None,EDSA,None,None,"Unknown, Side Swipe, 0.0 drivers_injured, 0.0 drivers_killed, 0.0 passengers_injured, 0.0 passengers_killed, 0.0 pedestrian_injured, 0.0 pedestrian_killed, Fair, EDSA approaching McKinley Road Makati",MMDA Road Safety Unit,,dcc45436-3dd8-4047-8c56-e29fa0852c63,2010-09-17,07:25:00,"EDSA approaching ""U"" turn slot, Buendia Makati",0,0,0,0,0,0,0,0,0,0,2010-09-17 15:25,Property,14.54992982,121.0292016,Side Swipe
None,EDSA,None,None,"Unknown, Rear-end, 0.0 drivers_injured, 0.0 drivers_killed, 0.0 passengers_injured, 0.0 passengers_killed, 0.0 pedestrian_injured, 0.0 pedestrian_killed, Fair, EDSA Guadalupe Loading Bay Makati",MMDA Road Safety Unit,,f50f4583-c820-4063-a3bd-42ea0d7d5923,2010-09-17,03:45:00,EDSA Ayala Ave. Makati,0,0,0,0,0,0,0,0,0,0,2010-09-17 11:45,Property,14.56470241,121.0447638,Rear-End
None,EDSA,None,None,"Unknown, Rear-end, 0.0 drivers_injured, 0.0 drivers_killed, 0.0 passengers_injured, 0.0 passengers_killed, 0.0 pedestrian_injured, 0.0 pedestrian_killed, Fair, EDSA before MRT-Buendia Station Makati",MMDA Road Safety Unit,,be456a39-2ee1-4e93-be70-0a110fd318b5,2010-09-17,02:30:00,"EDSA Ayala Loading Bay, Bgy. Bel-Air Makati",0,0,0,0,0,0,0,0,0,0,2010-09-17 10:30,Property,14.55432332,121.0340339,Rear-End
None,EDSA,None,None,"Unknown, Side Swipe, 0.0 drivers_injured, 0.0 drivers_killed, 0.0 passengers_injured, 0.0 passengers_killed, 0.0 pedestrian_injured, 0.0 pedestrian_killed, Fair, EDSA before Magallanes Loading Bay Makati",MMDA Road Safety Unit,,7a3e0274-e8b2-4f50-bd3f-649eee2c4949,2010-09-17,02:15:00,EDSA approaching Orense St. Makati,0,0,0,0,0,0,0,0,0,0,2010-09-17 10:15,Property,14.5435939,121.0212488,Side Swipe
None,EDSA,None,None,"Unknown, Side Swipe, 0.0 drivers_injured, 0.0 drivers_killed, 0.0 passengers_injured, 0.0 passengers_killed, 0.0 pedestrian_injured, 0.0 pedestrian_killed, Fair, EDSA at ""U"" turn slot, Sen. Gil J. Puyat Ave. (Buendia) Makati",MMDA Road Safety Unit,,dbc416c9-70d9-4028-b4ab-8a8375fd2c66,2010-09-16,04:30:00,EDSA after Kalayaan Ave. Makati,0,0,0,0,0,0,0,0,0,0,2010-09-16 12:30,Property,14.55536313,121.0354381,Side Swipe
None,EDSA,None,None,"Unknown, Side Swipe, 0.0 drivers_injured, 0.0 drivers_killed, 0.0 passengers_injured, 0.0 passengers_killed, 0.0 pedestrian_injured, 0.0 pedestrian_killed, Fair, EDSA Chino Roces Ave. (Pasong Tamo) Makati",MMDA Road Safety Unit,,d51842c2-6086-4cf4-a873-650aaf07d888,2010-09-12,23:00:00,EDSA Ayala Ave. Makati,0,0,0,0,0,0,0,0,0,0,2010-09-13 7:00,Property,14.54117334,121.0183458,Side Swipe