LOCATION_TEXT,ROAD,WEATHER,LIGHT,DESC,REPORTING_AGENCY,MAIN_CAUSE,INCIDENTDETAILS_ID,DATE_UTC,TIME_UTC,ADDRESS,killed_driver,killed_passenger,killed_pedestrian,injured_driver,injured_passenger,injured_pedestrian,killed_uncategorized,injured_uncategorized,killed_total,injured_total,DATETIME_PST,SEVERITY,Y,X,COLLISION_TYPE
None,EDSA,None,None,"Unknown, Rear-end, 0.0 drivers_injured, 0.0 drivers_killed, 0.0 passengers_injured, 0.0 passengers_killed, 0.0 pedestrian_injured, 0.0 pedestrian_killed, Fair, EDSA Magallanes Ave. Makati",MMDA Road Safety Unit,,948cfe7b-1030-479f-a0a5-2ae40abb60c4,2010-09-07,07:30:00,EDSA after MRT-Magallanes Station Makati,0,0,0,0,0,0,0,0,0,0,2010-09-07 15:30,Property,14.53924572,121.0142961,Rear-End
None,EDSA,None,None,"Unknown, Side Swipe, 0.0 drivers_injured, 0.0 drivers_killed, 0.0 passengers_injured, 0.0 passengers_killed, 0.0 pedestrian_injured, 0.0 pedestrian_killed, Fair, EDSA Ayala Ave. Makati",MMDA Road Safety Unit,,50fb3236-16e7-4fcf-b4a6-caafcbde2384,2010-09-07,04:10:00,EDSA Buendia Loading Bay Makati,0,0,0,0,0,0,0,0,0,0,2010-09-07 12:10,Property,14.5503157,121.0293627,Side Swipe
None,EDSA,None,None,"Unknown, Side Swipe, 0.0 drivers_injured, 0.0 drivers_killed, 0.0 passengers_injured, 0.0 passengers_killed, 0.0 pedestrian_injured, 0.0 pedestrian_killed, Fair, EDSA at ""U"" turn slot, Sen. Gil J. Puyat Ave. (Buendia) Makati",MMDA Road Safety Unit,,c7246e6d-453f-4f72-9f07-fcd5b3c62e14,2010-09-06,06:30:00,EDSA Sen. Gil J. Puyat Ave. (Buendia) Makati,0,0,0,0,0,0,0,0,0,0,2010-09-06 14:30,Property,14.55536313,121.0354381,Side Swipe
None,EDSA,None,None,"Unknown, Side Swipe, 0.0 drivers_injured, 0.0 drivers_killed, 0.0 passengers_injured, 0.0 passengers_killed, 0.0 pedestrian_injured, 0.0 pedestrian_killed, Fair, EDSA fronting Forbes Park Subdivision Makati",MMDA Road Safety Unit,,305520c9-773c-461a-b832-67a5369410fa,2010-09-03,07:20:00,EDSA MRT-Magallanes Station Makati,0,0,0,0,0,0,0,0,0,0,2010-09-03 15:20,Property,14.55486528,121.0350136,Side Swipe
None,EDSA,None,None,"Unknown, Rear-end, 0.0 drivers_injured, 0.0 drivers_killed, 0.0 passengers_injured, 0.0 passengers_killed, 0.0 pedestrian_injured, 0.0 pedestrian_killed, Fair, EDSA fronting MRT-Guadalupe Station Makati",MMDA Road Safety Unit,,e29405e3-8a29-494a-a763-9f0a640c2416,2010-09-03,05:30:00,EDSA Estrella St. Makati,0,0,0,0,0,0,0,0,0,0,2010-09-03 13:30,Property,14.56661161,121.0453363,Rear-End
None,EDSA,None,None,"Unknown, Side Swipe, 0.0 drivers_injured, 0.0 drivers_killed, 0.0 passengers_injured, 0.0 passengers_killed, 0.0 pedestrian_injured, 0.0 pedestrian_killed, Rain, EDSA Ayala Ave., Urdaneta Village Makati",MMDA Road Safety Unit,,690749b4-6cda-40c9-9d07-da92dc318697,2010-09-02,23:30:00,EDSA Antonio S. Arnaiz Ave. (Pasay Road) Makati,0,0,0,0,0,0,0,0,0,0,2010-09-03 7:30,Property,14.55036403,121.0293952,Side Swipe
None,EDSA,None,None,"Unknown, Side Swipe, 0.0 drivers_injured, 0.0 drivers_killed, 0.0 passengers_injured, 0.0 passengers_killed, 0.0 pedestrian_injured, 0.0 pedestrian_killed, Rain, EDSA Evangelista St. Makati",MMDA Road Safety Unit,,112d651c-7387-433c-97a2-695129079c0a,2010-09-02,14:30:00,EDSA Antonio S. Arnaiz Ave. (Pasay Road) Makati,0,0,0,0,0,0,0,0,0,0,2010-09-02 22:30,Property,14.53906878,121.012324,Side Swipe
None,EDSA,None,None,"Unknown, Rear-end, 0.0 drivers_injured, 0.0 drivers_killed, 0.0 passengers_injured, 0.0 passengers_killed, 0.0 pedestrian_injured, 0.0 pedestrian_killed, Fair, EDSA before MRT-Guadalupe Station Makati",MMDA Road Safety Unit,,39863ad5-f3e4-4f0b-af27-7804dc57d8f9,2010-09-02,03:45:00,EDSA Ayala Ave. Makati,0,0,0,0,0,0,0,0,0,0,2010-09-02 11:45,Property,14.56643261,121.0453747,Rear-End
None,EDSA,None,None,"Unknown, Rear-end, 0.0 drivers_injured, 0.0 drivers_killed, 0.0 passengers_injured, 0.0 passengers_killed, 0.0 pedestrian_injured, 0.0 pedestrian_killed, Fair, EDSA McKinley Road, Forbes Park Makati",MMDA Road Safety Unit,,ff612a16-adec-46f5-bc23-2575e4999de2,2010-09-01,02:00:00,EDSA McKinley Road Makati,0,0,0,0,0,0,0,0,0,0,2010-09-01 10:00,Property,14.55015688,121.0295286,Rear-End
None,EDSA,None,None,"Unknown, Rear-end, 0.0 drivers_injured, 0.0 drivers_killed, 0.0 passengers_injured, 0.0 passengers_killed, 0.0 pedestrian_injured, 0.0 pedestrian_killed, Fair, EDSA after Buendia Loading Bay Makati",MMDA Road Safety Unit,,51b08e9f-8657-4694-8de9-8cb923e24b42,2010-09-01,01:30:00,"EDSA after Loading Bay, near Orense St. Makati",0,0,0,0,0,0,0,0,0,0,2010-09-01 9:30,Property,14.55394168,121.0334781,Rear-End
None,EDSA,None,None,"Unknown, Rear-end, 0.0 drivers_injured, 0.0 drivers_killed, 0.0 passengers_injured, 0.0 passengers_killed, 0.0 pedestrian_injured, 0.0 pedestrian_killed, Fair, EDSA fronting Pedestrian Overpass, Loyola Memorial Chapel Makati",MMDA Road Safety Unit,,62edcf22-4fc6-412d-8514-8d32022584c2,2010-08-31,02:00:00,"EDSA approaching Shell Gas Station, Buendia Makati",0,0,0,0,0,0,0,0,0,0,2010-08-31 10:00,Property,14.56476155,121.0449816,Rear-End
None,EDSA,None,None,"Unknown, Rear-end, 0.0 drivers_injured, 0.0 drivers_killed, 0.0 passengers_injured, 0.0 passengers_killed, 0.0 pedestrian_injured, 0.0 pedestrian_killed, Rain, EDSA Estrella St. Makati",MMDA Road Safety Unit,,28ec0f01-89ef-47c0-be4e-b654d2eefbbf,2010-08-30,03:00:00,EDSA Kalayaan Ave. Makati,0,0,0,0,0,0,0,0,0,0,2010-08-30 11:00,Property,14.56004326,121.0411034,Rear-End
None,EDSA,None,None,"Unknown, Rear-end, 0.0 drivers_injured, 0.0 drivers_killed, 0.0 passengers_injured, 0.0 passengers_killed, 0.0 pedestrian_injured, 0.0 pedestrian_killed, Fair, EDSA  before MRT-Guadalupe Station Makati",MMDA Road Safety Unit,,f4f34340-f6a7-4db4-8b9d-4a2ccd0d0b2e,2010-08-27,03:00:00,EDSA after MRT-Guadalupe Station Makati,0,0,0,0,0,0,0,0,0,0,2010-08-27 11:00,Property,14.56671951,121.0453722,Rear-End
None,EDSA,None,None,"Unknown, Side Swipe, 0.0 drivers_injured, 0.0 drivers_killed, 0.0 passengers_injured, 0.0 passengers_killed, 0.0 pedestrian_injured, 0.0 pedestrian_killed, Fair, EDSA before Shell Gas Station, Buendia Makati",MMDA Road Safety Unit,,4a298fe2-4df8-4e6a-9599-020fd0986e43,2010-08-26,00:25:00,EDSA Guadalupe Bridge  Makati,0,0,0,0,0,0,0,0,0,0,2010-08-26 8:25,Property,14.555504,121.0353406,Side Swipe
None,EDSA,None,None,"Unknown, Side Swipe, 0.0 drivers_injured, 0.0 drivers_killed, 0.0 passengers_injured, 0.0 passengers_killed, 0.0 pedestrian_injured, 0.0 pedestrian_killed, Fair, EDSA  fronting MRT-Buendia Station Makati",MMDA Road Safety Unit,,2536493a-82a3-4f22-95fc-2ccb47f494f2,2010-08-24,01:00:00,EDSA approaching Buendia Loading Bay Makati,0,0,0,0,0,0,0,0,0,0,2010-08-24 9:00,Property,14.55419145,121.0340678,Side Swipe
None,EDSA,None,None,"Unknown, Side Swipe, 0.0 drivers_injured, 0.0 drivers_killed, 0.0 passengers_injured, 0.0 passengers_killed, 0.0 pedestrian_injured, 0.0 pedestrian_killed, Fair, EDSA Kalayaan Ave. Makati",MMDA Road Safety Unit,,36450399-036e-4a69-b4b6-3ef3754db71f,2010-08-23,04:30:00,"EDSA Honda St., Bgy. Forbes Makati",0,0,0,0,0,0,0,0,0,0,2010-08-23 12:30,Property,14.55767933,121.038147,Side Swipe
None,EDSA,None,None,"Unknown, Rear-end, 0.0 drivers_injured, 0.0 drivers_killed, 0.0 passengers_injured, 0.0 passengers_killed, 0.0 pedestrian_injured, 0.0 pedestrian_killed, Fair, EDSA  fronting MRT-Buendia Station Makati",MMDA Road Safety Unit,,de885022-32a3-446a-a2c5-b925d674d767,2010-08-23,04:15:00,"EDSA at ""U"" turn slot, Buendia Makati",0,0,0,0,0,0,0,0,0,0,2010-08-23 12:15,Property,14.55419145,121.0340678,Rear-End
None,EDSA,None,None,"Unknown, Side Swipe, 0.0 drivers_injured, 0.0 drivers_killed, 0.0 passengers_injured, 0.0 passengers_killed, 0.0 pedestrian_injured, 0.0 pedestrian_killed, Fair, EDSA  Ayala Ave. Makati",MMDA Road Safety Unit,,299c4d0f-6028-4896-ae35-6ac2208525a9,2010-08-22,04:30:00,"EDSA fronting ABC Mall, Bgy. Guadalupe Makati",0,0,0,0,0,0,0,0,0,0,2010-08-22 12:30,Property,14.55041654,121.0294372,Side Swipe
None,EDSA,None,None,"Unknown, Side Swipe, 0.0 drivers_injured, 0.0 drivers_killed, 0.0 passengers_injured, 0.0 passengers_killed, 0.0 pedestrian_injured, 0.0 pedestrian_killed, Fair, EDSA Ayala Ave. Makati",MMDA Road Safety Unit,,eccafe19-8e1f-4a95-9cf8-0e38ac39a47a,2010-08-15,06:45:00,EDSA approaching Magallanes Interchange Makati,0,0,0,0,0,0,0,0,0,0,2010-08-15 14:45,Property,14.5503157,121.0293627,Side Swipe
None,EDSA,None,None,"Unknown, Side Swipe, 0.0 drivers_injured, 0.0 drivers_killed, 0.0 passengers_injured, 0.0 passengers_killed, 0.0 pedestrian_injured, 0.0 pedestrian_killed, Fair, EDSA  after Antonio S. Arnaiz Ave. (Pasay Road) Makati",MMDA Road Safety Unit,,d445360a-c1f0-4399-9529-125a6c4a28c6,2010-08-15,05:00:00,EDSA Estrella St. Makati,0,0,0,0,0,0,0,0,0,0,2010-08-15 13:00,Property,14.54746493,121.0256871,Side Swipe
None,EDSA,None,None,"Unknown, Side Swipe, 0.0 drivers_injured, 0.0 drivers_killed, 0.0 passengers_injured, 0.0 passengers_killed, 0.0 pedestrian_injured, 0.0 pedestrian_killed, Fair, EDSA McKinley Road, Bgy. Forbes Makati",MMDA Road Safety Unit,,2af963c7-83bb-4bb9-b202-7678107ab3f6,2010-08-11,08:55:00,EDSA Magallanes Interchange Makati,0,0,0,0,0,0,0,0,0,0,2010-08-11 16:55,Property,14.55015688,121.0295286,Side Swipe
None,EDSA,None,None,"Unknown, Side Swipe, 0.0 drivers_injured, 0.0 drivers_killed, 0.0 passengers_injured, 0.0 passengers_killed, 0.0 pedestrian_injured, 0.0 pedestrian_killed, Fair, EDSA Ayala Ave. Makati",MMDA Road Safety Unit,,05d7dcec-0598-41db-b5ed-3babc683bb5a,2010-08-08,11:15:00,EDSA Guadalupe Loading Bay  Makati,0,0,0,0,0,0,0,0,0,0,2010-08-08 19:15,Property,14.5503157,121.0293627,Side Swipe
None,EDSA,None,None,"Human Error, Rear-end, 0.0 drivers_injured, 0.0 drivers_killed, 0.0 passengers_injured, 0.0 passengers_killed, 0.0 pedestrian_injured, 0.0 pedestrian_killed, Fair, EDSA approaching Magallanes Interchange  Makati",MMDA Road Safety Unit,,1a3747fe-c50d-4ef8-b7e5-73726e912a82,2010-08-03,13:50:00,EDSA approaching Guadalupe Makati,0,0,0,0,0,0,0,0,0,0,2010-08-03 21:50,Property,14.54239835,121.0195477,Rear-End
None,EDSA,None,None,"Unknown, Side Swipe, 0.0 drivers_injured, 0.0 drivers_killed, 0.0 passengers_injured, 0.0 passengers_killed, 0.0 pedestrian_injured, 0.0 pedestrian_killed, Fair, EDSA after MRT-Magallanes Station Makati",MMDA Road Safety Unit,,606ea90a-bb8a-440e-9c7e-4b377ff36b9c,2010-08-02,03:45:00,EDSA Estrella St. Makati,0,0,0,0,0,0,0,0,0,0,2010-08-02 11:45,Property,14.54175351,121.0190765,Side Swipe
None,EDSA,None,None,"Unknown, Side Swipe, 0.0 drivers_injured, 0.0 drivers_killed, 0.0 passengers_injured, 0.0 passengers_killed, 0.0 pedestrian_injured, 0.0 pedestrian_killed, Fair, EDSA approaching ""U"" turn slot, Buendia Makati",MMDA Road Safety Unit,,45a303a8-b99e-4675-b820-da8a1ca9ef77,2010-08-01,08:45:00,EDSA fronting Dusit Hotel Makati,0,0,0,0,0,0,0,0,0,0,2010-08-01 16:45,Property,14.55562585,121.0354666,Side Swipe
None,EDSA,None,None,"Unknown, Side Swipe, 0.0 drivers_injured, 0.0 drivers_killed, 0.0 passengers_injured, 0.0 passengers_killed, 0.0 pedestrian_injured, 0.0 pedestrian_killed, Fair, EDSA Ayala Ave. Makati",MMDA Road Safety Unit,,7b2e8387-17aa-47e9-9525-f6f0c1a308f5,2010-07-30,12:50:00,EDSA Sen. Gil Puyat Avenue (Buendia ) Makati,0,0,0,0,0,0,0,0,0,0,2010-07-30 20:50,Property,14.5503157,121.0293627,Side Swipe
None,EDSA,None,None,"Unknown, Side Swipe, 0.0 drivers_injured, 0.0 drivers_killed, 0.0 passengers_injured, 0.0 passengers_killed, 0.0 pedestrian_injured, 0.0 pedestrian_killed, Fair, EDSA Ayala Loading Bay, Bgy. Bel-Air Makati",MMDA Road Safety Unit,,4948c7bd-7faf-4ddc-85ff-6a07e504e646,2010-07-30,09:00:00,EDSA A. Arnaiz Avenue (Pasay Road) Makati,0,0,0,0,0,0,0,0,0,0,2010-07-30 17:00,Property,14.54906772,121.0276631,Side Swipe
None,EDSA,None,None,"Unknown, Side Swipe, 0.0 drivers_injured, 0.0 drivers_killed, 0.0 passengers_injured, 0.0 passengers_killed, 0.0 pedestrian_injured, 0.0 pedestrian_killed, Fair, EDSA approaching Orense St. Makati",MMDA Road Safety Unit,,78d6493b-951d-4932-b584-a9bfcfa7ef97,2010-07-28,08:40:00,EDSA Approaching Buendia Avenue Makati,0,0,0,0,0,0,0,0,0,0,2010-07-28 16:40,Property,14.56153037,121.0426694,Side Swipe
None,EDSA,None,None,"Unknown, Side Swipe, 0.0 drivers_injured, 0.0 drivers_killed, 0.0 passengers_injured, 0.0 passengers_killed, 0.0 pedestrian_injured, 0.0 pedestrian_killed, Fair, EDSA after Kalayaan Ave. Makati",MMDA Road Safety Unit,,3008776f-a0f7-4dbf-b6a4-f6fc508df95a,2010-07-27,16:00:00,EDSA Buendia Loading Bay Makati,0,0,0,0,0,0,0,0,0,0,2010-07-28,Property,14.55758072,121.0378518,Side Swipe
None,EDSA,None,None,"Unknown, Side Swipe, 0.0 drivers_injured, 0.0 drivers_killed, 0.0 passengers_injured, 0.0 passengers_killed, 0.0 pedestrian_injured, 0.0 pedestrian_killed, Fair, EDSA Ayala Ave. Makati",MMDA Road Safety Unit,,04a6b29f-e733-4429-bd6b-7147773b874c,2010-07-26,07:40:00,EDSA Ayala Ave. Makati,0,0,0,0,0,0,0,0,0,0,2010-07-26 15:40,Property,14.5503157,121.0293627,Side Swipe
None,EDSA,None,None,"Unknown, Side Swipe, 0.0 drivers_injured, 0.0 drivers_killed, 0.0 passengers_injured, 0.0 passengers_killed, 0.0 pedestrian_injured, 0.0 pedestrian_killed, Fair, EDSA after MRT-Magallanes Station Makati",MMDA Road Safety Unit,,37269346-4353-45f2-be73-40af6006a000,2010-07-26,03:15:00,EDSA Ayala Bus Stop Makati,0,0,0,0,0,0,0,0,0,0,2010-07-26 11:15,Property,14.54175351,121.0190765,Side Swipe
None,EDSA,None,None,"Unknown, Rear-end, 0.0 drivers_injured, 0.0 drivers_killed, 0.0 passengers_injured, 0.0 passengers_killed, 0.0 pedestrian_injured, 0.0 pedestrian_killed, Fair, EDSA Buendia Loading Bay Makati",MMDA Road Safety Unit,,025c0153-1517-4bd2-84f5-f1bd526d9b21,2010-07-24,08:00:00,EDSA A. Arnaiz Avenue (Pasay Road) Makati,0,0,0,0,0,0,0,0,0,0,2010-07-24 16:00,Property,14.55422655,121.0337442,Rear-End
None,EDSA,None,None,"Unknown, Side Swipe, 0.0 drivers_injured, 0.0 drivers_killed, 0.0 passengers_injured, 0.0 passengers_killed, 0.0 pedestrian_injured, 0.0 pedestrian_killed, Fair, EDSA Sen. Gil J. Puyat Ave. (Buendia) Makati",MMDA Road Safety Unit,,3ba72932-654c-4aa5-9b2c-749240e9115b,2010-07-23,02:40:00,EDSA after Orense St. Makati,0,0,0,0,0,0,0,0,0,0,2010-07-23 10:40,Property,14.55483765,121.0348537,Side Swipe
None,EDSA,None,None,"Unknown, Rear-end, 0.0 drivers_injured, 0.0 drivers_killed, 0.0 passengers_injured, 0.0 passengers_killed, 0.0 pedestrian_injured, 0.0 pedestrian_killed, Fair, EDSA MRT-Magallanes Station Makati",MMDA Road Safety Unit,,b562de9b-bbc7-43ac-924c-98aafe65c043,2010-07-22,06:15:00,EDSA Approaching Ayala Avenue Makati,0,0,0,0,0,0,0,0,0,0,2010-07-22 14:15,Property,14.54200463,121.0193373,Rear-End
None,EDSA,None,None,"Unknown, Side Swipe, 0.0 drivers_injured, 0.0 drivers_killed, 0.0 passengers_injured, 0.0 passengers_killed, 0.0 pedestrian_injured, 0.0 pedestrian_killed, Fair, EDSA Estrella St. Makati",MMDA Road Safety Unit,,5155808c-e05e-4f3d-a9e2-f8a86fef287e,2010-07-22,06:00:00,EDSA Ayala Ave. Makati,0,0,0,0,0,0,0,0,0,0,2010-07-22 14:00,Property,14.56004326,121.0411034,Side Swipe
None,EDSA,None,None,"Unknown, Side Swipe, 0.0 drivers_injured, 0.0 drivers_killed, 0.0 passengers_injured, 0.0 passengers_killed, 0.0 pedestrian_injured, 0.0 pedestrian_killed, Fair, EDSA Antonio S. Arnaiz Ave. (Pasay Road) Makati",MMDA Road Safety Unit,,6e69c4c1-5fc5-4a6f-9065-1e8a6ac82d6e,2010-07-22,01:10:00,EDSA Guadalupe Loading Bay  Makati,0,0,0,0,0,0,0,0,0,0,2010-07-22 9:10,Property,14.54753179,121.0260155,Side Swipe
None,EDSA,None,None,"Unknown, Side Swipe, 0.0 drivers_injured, 0.0 drivers_killed, 0.0 passengers_injured, 0.0 passengers_killed, 0.0 pedestrian_injured, 0.0 pedestrian_killed, Fair, EDSA Antonio S. Arnaiz Ave. (Pasay Road) Makati",MMDA Road Safety Unit,,f208ca05-a2bb-4f5b-88c8-93643e6d0e17,2010-07-20,07:00:00,EDSA Pasong Tamo Loop Makati,0,0,0,0,0,0,0,0,0,0,2010-07-20 15:00,Property,14.54753179,121.0260155,Side Swipe
None,EDSA,None,None,"Unknown, Rear-end, 0.0 drivers_injured, 0.0 drivers_killed, 0.0 passengers_injured, 0.0 passengers_killed, 0.0 pedestrian_injured, 0.0 pedestrian_killed, Fair, EDSA Ayala Ave. Makati",MMDA Road Safety Unit,,13c6024a-cceb-4ebe-b01e-4c32f2ad8a7b,2010-07-20,05:00:00,EDSA Mantrade  Makati,0,0,0,0,0,0,0,0,0,0,2010-07-20 13:00,Property,14.5503157,121.0293627,Rear-End
None,EDSA,None,None,"Unknown, Angle Impact, 0.0 drivers_injured, 0.0 drivers_killed, 0.0 passengers_injured, 0.0 passengers_killed, 0.0 pedestrian_injured, 0.0 pedestrian_killed, Fair, EDSA McKinley Road Makati",MMDA Road Safety Unit,,5c3c0097-7ede-45ca-baa3-e50d289aa05c,2010-07-18,15:10:00,EDSA Magallanes Avenue Makati,0,0,0,0,0,0,0,0,0,0,2010-07-18 23:10,Property,14.55015688,121.0295286,Angle Impact
None,EDSA,None,None,"Unknown, Rear-end, 0.0 drivers_injured, 0.0 drivers_killed, 0.0 passengers_injured, 0.0 passengers_killed, 0.0 pedestrian_injured, 0.0 pedestrian_killed, Fair, EDSA after Loading Bay, near Orense St. Makati",MMDA Road Safety Unit,,e1bc0089-5e8a-4eeb-8f36-a208ab974966,2010-07-18,06:30:00,EDSA Escuela St.  Makati,0,0,0,0,0,0,0,0,0,0,2010-07-18 14:30,Property,14.56057307,121.0416923,Rear-End
None,EDSA,None,None,"Unknown, Side Swipe, 0.0 drivers_injured, 0.0 drivers_killed, 0.0 passengers_injured, 0.0 passengers_killed, 0.0 pedestrian_injured, 0.0 pedestrian_killed, Fair, EDSA approaching Shell Gas Station, Buendia Makati",MMDA Road Safety Unit,,4264bf32-bca4-4012-8649-d9d2acb53bd8,2010-07-16,01:15:00,EDSA Approaching Magallanes Bus Stop Makati,0,0,0,0,0,0,0,0,0,0,2010-07-16 9:15,Property,14.55814696,121.0385047,Side Swipe
None,EDSA,None,None,"Unknown, Side Swipe, 0.0 drivers_injured, 0.0 drivers_killed, 0.0 passengers_injured, 0.0 passengers_killed, 0.0 pedestrian_injured, 0.0 pedestrian_killed, Fair, EDSA Kalayaan Ave. Makati",MMDA Road Safety Unit,,969a8b50-74a3-4075-b360-ee9530323bab,2010-07-15,05:40:00,EDSA fronting Ecology Village Makati,0,0,0,0,0,0,0,0,0,0,2010-07-15 13:40,Property,14.55767933,121.038147,Side Swipe
None,EDSA,None,None,"Unknown, Side Swipe, 0.0 drivers_injured, 0.0 drivers_killed, 0.0 passengers_injured, 0.0 passengers_killed, 0.0 pedestrian_injured, 0.0 pedestrian_killed, Fair, EDSA after MRT-Guadalupe Station Makati",MMDA Road Safety Unit,,dcaf1eb8-17e7-461f-81e9-6d03e5963676,2010-07-14,06:00:00,EDSA before Ayala  Makati,0,0,0,0,0,0,0,0,0,0,2010-07-14 14:00,Property,14.56650954,121.045282,Side Swipe
None,EDSA,None,None,"Unknown, Rear-end, 0.0 drivers_injured, 0.0 drivers_killed, 0.0 passengers_injured, 0.0 passengers_killed, 0.0 pedestrian_injured, 0.0 pedestrian_killed, Fair, EDSA Guadalupe Bridge  Makati",MMDA Road Safety Unit,,cdf13205-26bb-4f09-846b-e3dfd7d1bcd9,2010-07-13,13:30:00,EDSA Approaching Mc Kinley Road Makati,0,0,0,0,0,0,0,0,0,0,2010-07-13 21:30,Property,14.56846648,121.0458404,Rear-End
None,EDSA,None,None,"Unknown, Side Swipe, 0.0 drivers_injured, 0.0 drivers_killed, 0.0 passengers_injured, 0.0 passengers_killed, 0.0 pedestrian_injured, 0.0 pedestrian_killed, Fair, EDSA approaching Buendia Loading Bay Makati",MMDA Road Safety Unit,,c0aa51b9-0cc0-47dc-a0db-328772689364,2010-07-12,06:45:00,EDSA Ayala Ave. Makati,0,0,0,0,0,0,0,0,0,0,2010-07-12 14:45,Property,14.55431188,121.0339823,Side Swipe
None,EDSA,None,None,"Unknown, Rear-end, 0.0 drivers_injured, 0.0 drivers_killed, 0.0 passengers_injured, 0.0 passengers_killed, 0.0 pedestrian_injured, 0.0 pedestrian_killed, Fair, EDSA Honda St., Bgy. Forbes Makati",MMDA Road Safety Unit,,8ffe5f68-884f-4c9e-a8f3-6cd92573ad1f,2010-07-09,01:20:00,EDSA Ayala Ave. Makati,0,0,0,0,0,0,0,0,0,0,2010-07-09 9:20,Property,14.55695893,121.037633,Rear-End
None,EDSA,None,None,"Unknown, Hit and Run (No Collision Stated), 0.0 drivers_injured, 0.0 drivers_killed, 0.0 passengers_injured, 0.0 passengers_killed, 0.0 pedestrian_injured, 0.0 pedestrian_killed, Fair, EDSA at ""U"" turn slot, Buendia Makati",MMDA Road Safety Unit,,c6c34dc0-b71d-4dfc-a4bd-f6af3e8685f0,2010-07-08,20:40:00,EDSA Guadalupe Bridge  Makati,0,0,0,0,0,0,0,0,0,0,2010-07-09 4:40,Property,14.55536578,121.0354698,No Collision Stated
None,EDSA,None,None,"Unknown, Rear-end, 0.0 drivers_injured, 0.0 drivers_killed, 0.0 passengers_injured, 0.0 passengers_killed, 0.0 pedestrian_injured, 0.0 pedestrian_killed, Fair, EDSA fronting ABC Mall, Bgy. Guadalupe Makati",MMDA Road Safety Unit,,8ddbeb3d-1744-405e-9130-cea28d9e2e55,2010-07-08,13:50:00,EDSA fronting Caltex Gas Station Makati,0,0,0,0,0,0,0,0,0,0,2010-07-08 21:50,Property,14.56672659,121.045537,Rear-End
None,EDSA,None,None,"Unknown, Side Swipe, 0.0 drivers_injured, 0.0 drivers_killed, 0.0 passengers_injured, 0.0 passengers_killed, 0.0 pedestrian_injured, 0.0 pedestrian_killed, Fair, EDSA approaching Magallanes Interchange Makati",MMDA Road Safety Unit,,a87b8aec-deae-46d0-96c9-473e40267213,2010-07-08,02:20:00,EDSA Buendia MRT Station Makati,0,0,0,0,0,0,0,0,0,0,2010-07-08 10:20,Property,14.54239835,121.0195477,Side Swipe
None,EDSA,None,None,"Unknown, Side Swipe, 1.0 drivers_injured, 0.0 drivers_killed, 0.0 passengers_injured, 0.0 passengers_killed, 0.0 pedestrian_injured, 0.0 pedestrian_killed, Fair, EDSA Estrella St. Makati",MMDA Road Safety Unit,,e5e89af7-9d3b-48e7-bc21-d264ff9b20d6,2010-07-06,11:25:00,EDSA Approaching Magallanes Loading Bay Makati,0,0,0,1,0,0,0,0,0,1,2010-07-06 19:25,Injury,14.56004326,121.0411034,Side Swipe
None,EDSA,None,None,"Unknown, Rear-end, 0.0 drivers_injured, 0.0 drivers_killed, 0.0 passengers_injured, 0.0 passengers_killed, 0.0 pedestrian_injured, 0.0 pedestrian_killed, Fair, EDSA Magallanes Interchange Makati",MMDA Road Safety Unit,,843b9612-35d6-4eae-a98b-b08c7cf1f43b,2010-07-06,03:00:00,EDSA after MRT Station Buendia Makati,0,0,0,0,0,0,0,0,0,0,2010-07-06 11:00,Property,14.54679556,121.0248047,Rear-End
None,EDSA,None,None,"Unknown, Rear-end, 0.0 drivers_injured, 0.0 drivers_killed, 0.0 passengers_injured, 0.0 passengers_killed, 0.0 pedestrian_injured, 0.0 pedestrian_killed, Fair, EDSA Guadalupe Loading Bay  Makati",MMDA Road Safety Unit,,36db5738-b726-46ab-b2d6-f5c71da24d79,2010-07-05,00:45:00,EDSA Approaching Buendia U Turn Slot Makati,0,0,0,0,0,0,0,0,0,0,2010-07-05 8:45,Property,14.56470241,121.0447638,Rear-End
None,EDSA,None,None,"Unknown, Hit and Run (No Collision Stated), 1.0 drivers_injured, 0.0 drivers_killed, 1.0 passengers_injured, 0.0 passengers_killed, 0.0 pedestrian_injured, 0.0 pedestrian_killed, Fair, EDSA approaching Guadalupe Makati",MMDA Road Safety Unit,,38ea1bf0-9c1b-459e-85e5-d9a539cc1818,2010-07-03,17:50:00,EDSA Approaching MRT Station Guadalupe Makati,0,0,0,1,1,0,0,0,0,2,2010-07-04 1:50,Injury,14.56490237,121.0448009,No Collision Stated
None,EDSA,None,None,"Unknown, Other (Hit by a Fallen Debris), 0.0 drivers_injured, 0.0 drivers_killed, 0.0 passengers_injured, 0.0 passengers_killed, 0.0 pedestrian_injured, 0.0 pedestrian_killed, Fair, EDSA Estrella St. Makati",MMDA Road Safety Unit,,d8fbb944-64a6-4de3-af78-7b05b240846c,2010-07-02,13:30:00,EDSA Harvard St. fronting Caltex Gas Station Makati,0,0,0,0,0,0,0,0,0,0,2010-07-02 21:30,Property,14.56004326,121.0411034,Hit Object
None,EDSA,None,None,"Unknown, Rear-end, 0.0 drivers_injured, 0.0 drivers_killed, 0.0 passengers_injured, 0.0 passengers_killed, 0.0 pedestrian_injured, 0.0 pedestrian_killed, Dry, EDSA fronting Dusit Hotel Makati",MMDA Road Safety Unit,,5e978bfd-ce85-422d-8267-e8558fe5d8b4,2010-06-29,06:50:00,EDSA Sen.Gil Puyat Ave. Makati,0,0,0,0,0,0,0,0,0,0,2010-06-29 14:50,Property,14.54808078,121.0265205,Rear-End
None,EDSA,None,None,"Unknown, Side Swipe, 0.0 drivers_injured, 0.0 drivers_killed, 0.0 passengers_injured, 0.0 passengers_killed, 0.0 pedestrian_injured, 0.0 pedestrian_killed, Dry, EDSA Sen. Gil Puyat Avenue (Buendia ) Makati",MMDA Road Safety Unit,,e53a5c80-6223-4efa-8843-a2b788efead6,2010-06-23,10:25:00,EDSA Magallanes Loading Bay Makati,0,0,0,0,0,0,0,0,0,0,2010-06-23 18:25,Property,14.55483765,121.0348537,Side Swipe
None,EDSA,None,None,"Unknown, Hit Object (No Object Stated), 0.0 drivers_injured, 0.0 drivers_killed, 0.0 passengers_injured, 0.0 passengers_killed, 0.0 pedestrian_injured, 0.0 pedestrian_killed, Dry, EDSA A. Arnaiz Avenue (Pasay Road) Makati",MMDA Road Safety Unit,,e58f9c55-9603-45b6-932c-d8b0adf7c5d9,2010-06-19,04:35:00,EDSA Approaching Ayala Avenue Makati,0,0,0,0,0,0,0,0,0,0,2010-06-19 12:35,Property,14.54734176,121.0262804,Hit Object