LOCATION_TEXT,ROAD,WEATHER,LIGHT,DESC,REPORTING_AGENCY,MAIN_CAUSE,INCIDENTDETAILS_ID,DATE_UTC,TIME_UTC,ADDRESS,killed_driver,killed_passenger,killed_pedestrian,injured_driver,injured_passenger,injured_pedestrian,killed_uncategorized,injured_uncategorized,killed_total,injured_total,DATETIME_PST,SEVERITY,Y,X,COLLISION_TYPE
None,EDSA,None,None,"Unknown, Rear-end, 0.0 drivers_injured, 0.0 drivers_killed, 0.0 passengers_injured, 0.0 passengers_killed, 0.0 pedestrian_injured, 0.0 pedestrian_killed, Dry, EDSA Approaching Buendia Avenue Makati",MMDA Road Safety Unit,,73d1f977-05c8-47e2-bd78-03564f1da3a4,2010-06-17,05:45:00,EDSA Sen.Gil Puyat Ave. Makati,0,0,0,0,0,0,0,0,0,0,2010-06-17 13:45,Property,14.5557029,121.035549,Rear-End
None,EDSA,None,None,"Unknown, Side Swipe, 0.0 drivers_injured, 0.0 drivers_killed, 0.0 passengers_injured, 0.0 passengers_killed, 0.0 pedestrian_injured, 0.0 pedestrian_killed, Dry, EDSA Buendia Loading Bay Makati",MMDA Road Safety Unit,,4ca368bf-ef89-43e5-a6cc-613e45a7ad29,2010-06-14,04:15:00,EDSA Approaching Kalayaan Avenue Makati,0,0,0,0,0,0,0,0,0,0,2010-06-14 12:15,Property,14.55422655,121.0337442,Side Swipe
None,EDSA,None,None,"Unknown, Angle Impact, 0.0 drivers_injured, 0.0 drivers_killed, 0.0 passengers_injured, 0.0 passengers_killed, 0.0 pedestrian_injured, 0.0 pedestrian_killed, Dry, EDSA Ayala Ave. Makati",MMDA Road Safety Unit,,24f6efa2-e6fe-4e31-9df2-1e4dab0d5014,2010-06-07,11:50:00,EDSA Estrella St. Brgy. Bel Air Makati,0,0,0,0,0,0,0,0,0,0,2010-06-07 19:50,Property,14.5503157,121.0293627,Angle Impact
None,EDSA,None,None,"Unknown, Side Swipe, 0.0 drivers_injured, 0.0 drivers_killed, 0.0 passengers_injured, 0.0 passengers_killed, 0.0 pedestrian_injured, 0.0 pedestrian_killed, Dry, EDSA Ayala Bus Stop Makati",MMDA Road Safety Unit,,45f12202-1f2b-4dbe-9e44-a40745160acc,2010-06-04,06:25:00,EDSA fronting Pet Tower Makati,0,0,0,0,0,0,0,0,0,0,2010-06-04 14:25,Property,14.5490198,121.02768,Side Swipe
None,EDSA,None,None,"Unknown, Rear-end, 0.0 drivers_injured, 0.0 drivers_killed, 0.0 passengers_injured, 0.0 passengers_killed, 0.0 pedestrian_injured, 0.0 pedestrian_killed, Dry, EDSA A. Arnaiz Avenue (Pasay Road) Makati",MMDA Road Safety Unit,,95a77e47-334f-44ff-bb0b-00625d8d7881,2010-06-03,01:00:00,EDSA P. Burgos St. Brgy. Guadalupe Makati,0,0,0,0,0,0,0,0,0,0,2010-06-03 9:00,Property,14.54734176,121.0262804,Rear-End
None,EDSA,None,None,"Unknown, Rear-end, 0.0 drivers_injured, 0.0 drivers_killed, 0.0 passengers_injured, 0.0 passengers_killed, 0.0 pedestrian_injured, 0.0 pedestrian_killed, Dry, EDSA after Orense St. Makati",MMDA Road Safety Unit,,e5ebc598-8640-4066-94ab-0908ce6728c6,2010-05-28,08:00:00,EDSA before Jollibee Guadal.upe Nuevo Makati,0,0,0,0,0,0,0,0,0,0,2010-05-28 16:00,Property,14.56174586,121.0429417,Rear-End
None,EDSA,None,None,"Unknown, Side Swipe, 0.0 drivers_injured, 0.0 drivers_killed, 0.0 passengers_injured, 0.0 passengers_killed, 0.0 pedestrian_injured, 0.0 pedestrian_killed, Dry, EDSA Approaching Ayala Avenue Makati",MMDA Road Safety Unit,,4d7d2788-561d-4546-b310-4ee23445db3e,2010-05-28,03:00:00,EDSA Guadalupe Bridge  Makati,0,0,0,0,0,0,0,0,0,0,2010-05-28 11:00,Property,14.55075199,121.0296625,Side Swipe
None,EDSA,None,None,"Unknown, Rear-end, 0.0 drivers_injured, 0.0 drivers_killed, 0.0 passengers_injured, 0.0 passengers_killed, 0.0 pedestrian_injured, 0.0 pedestrian_killed, Dry, EDSA Ayala Ave. Makati",MMDA Road Safety Unit,,942762c8-0a4e-4b5f-a107-38368c486a16,2010-05-22,13:45:00,"EDSA at ""U""turn slot / Magallanes Makati",0,0,0,0,0,0,0,0,0,0,2010-05-22 21:45,Property,14.5503157,121.0293627,Rear-End
None,EDSA,None,None,"Unknown, Rear-end, 0.0 drivers_injured, 0.0 drivers_killed, 0.0 passengers_injured, 0.0 passengers_killed, 0.0 pedestrian_injured, 0.0 pedestrian_killed, Dry, EDSA Guadalupe Loading Bay  Makati",MMDA Road Safety Unit,,9c541461-de32-45a6-a4ad-c1aac460cc6c,2010-05-18,20:30:00,EDSA Shell Gas Station / Escuela St. Makati,0,0,0,0,0,0,0,0,0,0,2010-05-19 4:30,Property,14.56470241,121.0447638,Rear-End
None,EDSA,None,None,"Unknown, Self-Accident, 0.0 drivers_injured, 0.0 drivers_killed, 0.0 passengers_injured, 0.0 passengers_killed, 0.0 pedestrian_injured, 0.0 pedestrian_killed, Dry, EDSA Pasong Tamo Loop Makati",MMDA Road Safety Unit,,e96853b2-342b-4c02-88f8-342f9977fa48,2010-05-17,19:40:00,EDSA after Shell gas Station / Escuela St. Makati,0,0,0,0,0,0,0,0,0,0,2010-05-18 3:40,Property,14.54127773,121.0182024,Self-Accident
None,EDSA,None,None,"Unknown, Side Swipe, 0.0 drivers_injured, 0.0 drivers_killed, 0.0 passengers_injured, 0.0 passengers_killed, 0.0 pedestrian_injured, 0.0 pedestrian_killed, Dry, EDSA Mantrade  Makati",MMDA Road Safety Unit,,332df592-700d-4e01-839a-a8b07ce36e79,2010-05-17,11:45:00,EDSA Approaching Buendia Loading Bay  Makati,0,0,0,0,0,0,0,0,0,0,2010-05-17 19:45,Property,14.54127991,121.0184601,Side Swipe
None,EDSA,None,None,"Unknown, Hit Object (Barrier-Concrete), 0.0 drivers_injured, 0.0 drivers_killed, 0.0 passengers_injured, 0.0 passengers_killed, 0.0 pedestrian_injured, 0.0 pedestrian_killed, Dry, EDSA Magallanes Avenue Makati",MMDA Road Safety Unit,,ebdc049a-db18-4195-994b-50d30f32cd92,2010-05-07,21:25:00,EDSA Ayala Ave. Makati,0,0,0,0,0,0,0,0,0,0,2010-05-08 5:25,Property,14.53924572,121.0142961,Hit Object
None,EDSA,None,None,"Unknown, Rear-end, 0.0 drivers_injured, 0.0 drivers_killed, 0.0 passengers_injured, 0.0 passengers_killed, 0.0 pedestrian_injured, 0.0 pedestrian_killed, Dry, EDSA Escuela St.  Makati",MMDA Road Safety Unit,,8ff93cf2-bd88-4c05-906d-dab520343ec1,2010-05-06,15:30:00,EDSA after Orense St. Guadalupe Makati,0,0,0,0,0,0,0,0,0,0,2010-05-06 23:30,Property,14.56004326,121.0411034,Rear-End
None,EDSA,None,None,"Unknown, Rear-end, 0.0 drivers_injured, 0.0 drivers_killed, 0.0 passengers_injured, 0.0 passengers_killed, 0.0 pedestrian_injured, 0.0 pedestrian_killed, Dry, EDSA Approaching Magallanes Bus Stop Makati",MMDA Road Safety Unit,,f8de6811-c314-4bfa-ac27-fb0090537190,2010-05-05,03:00:00,EDSA After Escuela St. Makati,0,0,0,0,0,0,0,0,0,0,2010-05-05 11:00,Property,14.54354928,121.0211329,Rear-End
None,EDSA,None,None,"Unknown, Rear-end, 0.0 drivers_injured, 0.0 drivers_killed, 0.0 passengers_injured, 0.0 passengers_killed, 0.0 pedestrian_injured, 0.0 pedestrian_killed, Dry, EDSA fronting Ecology Village Makati",MMDA Road Safety Unit,,ffb04e9a-299d-481d-a817-bc7987c357be,2010-05-05,02:00:00,EDSA after Estrella St. Makati,0,0,0,0,0,0,0,0,0,0,2010-05-05 10:00,Property,14.54209035,121.0191228,Rear-End
None,EDSA,None,None,"Unknown, Side Swipe, 0.0 drivers_injured, 0.0 drivers_killed, 0.0 passengers_injured, 0.0 passengers_killed, 0.0 pedestrian_injured, 0.0 pedestrian_killed, Dry, EDSA before Ayala  Makati",MMDA Road Safety Unit,,1ca0b62b-fcf7-4143-8da5-91526985763f,2010-05-05,01:30:00,EDSA Approaching Evangelista St. Makati,0,0,0,0,0,0,0,0,0,0,2010-05-05 9:30,Property,14.55048281,121.029498,Side Swipe
None,EDSA,None,None,"Unknown, Side Swipe, 0.0 drivers_injured, 0.0 drivers_killed, 0.0 passengers_injured, 0.0 passengers_killed, 0.0 pedestrian_injured, 0.0 pedestrian_killed, Dry, EDSA Approaching Mc Kinley Road Makati",MMDA Road Safety Unit,,2f547885-859f-426e-988b-9f49e76405ee,2010-05-04,05:45:00,EDSA fronting Ayala MRT Station Makati,0,0,0,0,0,0,0,0,0,0,2010-05-04 13:45,Property,14.54992982,121.0292016,Side Swipe
None,EDSA,None,None,"Unknown, Side Swipe, 0.0 drivers_injured, 0.0 drivers_killed, 0.0 passengers_injured, 0.0 passengers_killed, 0.0 pedestrian_injured, 0.0 pedestrian_killed, Dry, EDSA Ayala Ave. Makati",MMDA Road Safety Unit,,e63701ce-6052-4361-bdfb-15b6e2ce52c0,2010-05-03,12:45:00,EDSA Approaching Eran St. Brgy. Pinagkaisahan Makati,0,0,0,0,0,0,0,0,0,0,2010-05-03 20:45,Property,14.5503157,121.0293627,Side Swipe
None,EDSA,None,None,"Unknown, Angle Impact, 0.0 drivers_injured, 0.0 drivers_killed, 0.0 passengers_injured, 0.0 passengers_killed, 0.0 pedestrian_injured, 0.0 pedestrian_killed, Dry, EDSA Ayala Ave. Makati",MMDA Road Safety Unit,,4c346977-6027-419d-b24f-2b6ff2af1f90,2010-04-29,09:50:00,EDSA Buendia Loading bay Makati,0,0,0,0,0,0,0,0,0,0,2010-04-29 17:50,Property,14.5503157,121.0293627,Angle Impact
None,EDSA,None,None,"Unknown, Rear-end, 0.0 drivers_injured, 0.0 drivers_killed, 0.0 passengers_injured, 0.0 passengers_killed, 0.0 pedestrian_injured, 0.0 pedestrian_killed, Dry, EDSA Guadalupe Bridge  Makati",MMDA Road Safety Unit,,067b1b00-6780-45ac-8279-8b3179d4cf58,2010-04-28,03:00:00,EDSA after Ayala Avenue Makati,0,0,0,0,0,0,0,0,0,0,2010-04-28 11:00,Property,14.56846648,121.0458404,Rear-End
None,EDSA,None,None,"Unknown, Rear-end, 0.0 drivers_injured, 0.0 drivers_killed, 0.0 passengers_injured, 0.0 passengers_killed, 0.0 pedestrian_injured, 0.0 pedestrian_killed, Dry, EDSA fronting Caltex Gas Station Makati",MMDA Road Safety Unit,,ed50f104-be03-420a-b6f1-cc0dfae58ee8,2010-04-28,02:00:00,EDSA Ayala Loading Bay  Makati,0,0,0,0,0,0,0,0,0,0,2010-04-28 10:00,Property,14.55903144,121.0398801,Rear-End
None,EDSA,None,None,"Unknown, Rear-end, 0.0 drivers_injured, 0.0 drivers_killed, 0.0 passengers_injured, 0.0 passengers_killed, 0.0 pedestrian_injured, 0.0 pedestrian_killed, Dry, EDSA near after Buendia MRT Station Makati",MMDA Road Safety Unit,,29e55d6b-bff7-484d-8eae-8414cbe1b5e4,2010-04-27,00:40:00,EDSA Magallanes Loading Bay Makati,0,0,0,0,0,0,0,0,0,0,2010-04-27 8:40,Property,14.55412069,121.033899,Rear-End
None,EDSA,None,None,"Unknown, Side Swipe, 0.0 drivers_injured, 0.0 drivers_killed, 0.0 passengers_injured, 0.0 passengers_killed, 0.0 pedestrian_injured, 0.0 pedestrian_killed, Dry, EDSA Approaching Magallanes Loading Bay Makati",MMDA Road Safety Unit,,bc942e22-2561-41ea-aaa5-93f156bcbb5b,2010-04-22,03:20:00,EDSA Buendia / Loadong Bay Makati,0,0,0,0,0,0,0,0,0,0,2010-04-22 11:20,Property,14.54355011,121.0212316,Side Swipe
None,EDSA,None,None,"Unknown, Rear-end, 0.0 drivers_injured, 0.0 drivers_killed, 0.0 passengers_injured, 0.0 passengers_killed, 0.0 pedestrian_injured, 0.0 pedestrian_killed, Dry, EDSA after MRT Station Buendia Makati",MMDA Road Safety Unit,,672c111d-a7f3-4a67-b89c-7120b45c60ee,2010-04-22,03:00:00,EDSA Approaching Buendia U turn slot Makati,0,0,0,0,0,0,0,0,0,0,2010-04-22 11:00,Property,14.55407828,121.033973,Rear-End
None,EDSA,None,None,"Unknown, Rear-end, 0.0 drivers_injured, 0.0 drivers_killed, 0.0 passengers_injured, 0.0 passengers_killed, 0.0 pedestrian_injured, 0.0 pedestrian_killed, Dry, EDSA Approaching Buendia U Turn Slot Makati",MMDA Road Safety Unit,,abd2ad45-0a82-46a9-b50e-89d3b865cc27,2010-04-20,08:00:00,EDSA Bernardino St.  Makati,0,0,0,0,0,0,0,0,0,0,2010-04-20 16:00,Property,14.5557029,121.035549,Rear-End
None,EDSA,None,None,"Unknown, Side Swipe, 0.0 drivers_injured, 0.0 drivers_killed, 0.0 passengers_injured, 0.0 passengers_killed, 0.0 pedestrian_injured, 0.0 pedestrian_killed, Dry, EDSA Approaching MRT Station Guadalupe Makati",MMDA Road Safety Unit,,16c5fcc6-1d7b-4b56-a5ab-d9e79ec54360,2010-04-18,04:00:00,EDSA Approaching U turn slot / Buendia  Makati,0,0,0,0,0,0,0,0,0,0,2010-04-18 12:00,Property,14.56664799,121.0453879,Side Swipe
None,EDSA,None,None,"Unknown, Angle Impact, 0.0 drivers_injured, 0.0 drivers_killed, 0.0 passengers_injured, 0.0 passengers_killed, 0.0 pedestrian_injured, 0.0 pedestrian_killed, Dry, EDSA Harvard St. fronting Caltex Gas Station Makati",MMDA Road Safety Unit,,26ff1d46-95bc-476a-839e-009bd0964869,2010-04-16,05:10:00,EDSA Approaching Magallanes Loading Bay Makati,0,0,0,0,0,0,0,0,0,0,2010-04-16 13:10,Property,14.55920138,121.0400581,Angle Impact
None,EDSA,None,None,"Unknown, Self-Accident, 1.0 drivers_injured, 0.0 drivers_killed, 0.0 passengers_injured, 0.0 passengers_killed, 0.0 pedestrian_injured, 0.0 pedestrian_killed, Dry, EDSA Sen.Gil Puyat Ave. Makati",MMDA Road Safety Unit,,e7ec92d5-f33e-4a0a-a5e2-395bbc19d80e,2010-04-12,22:30:00,EDSA Ayala Ave. Makati,0,0,0,1,0,0,0,0,0,1,2010-04-13 6:30,Injury,14.55483765,121.0348537,Self-Accident
None,EDSA,None,None,"Unknown, Side Swipe, 0.0 drivers_injured, 0.0 drivers_killed, 0.0 passengers_injured, 0.0 passengers_killed, 0.0 pedestrian_injured, 0.0 pedestrian_killed, Dry, EDSA Magallanes Loading Bay Makati",MMDA Road Safety Unit,,b5daf624-dada-46c5-a7f2-d7ea4162cdd6,2010-04-08,06:20:00,EDSA Approaching Buendia Avenue Makati,0,0,0,0,0,0,0,0,0,0,2010-04-08 14:20,Property,14.54402536,121.021754,Side Swipe
None,EDSA,None,None,"Unknown, Side Swipe, 0.0 drivers_injured, 0.0 drivers_killed, 0.0 passengers_injured, 0.0 passengers_killed, 0.0 pedestrian_injured, 0.0 pedestrian_killed, Dry, EDSA Approaching Ayala Avenue Makati",MMDA Road Safety Unit,,6b7d6eb9-5fde-4467-9efe-c22525262a69,2010-04-08,02:00:00,EDSA Approaching Ayala Loading  Makati,0,0,0,0,0,0,0,0,0,0,2010-04-08 10:00,Property,14.55075199,121.0296625,Side Swipe
None,EDSA,None,None,"Unknown, Hit Object (No Object Stated), 0.0 drivers_injured, 0.0 drivers_killed, 0.0 passengers_injured, 0.0 passengers_killed, 0.0 pedestrian_injured, 0.0 pedestrian_killed, Dry, EDSA Sen.Gil Puyat Ave. Makati",MMDA Road Safety Unit,,a3a7ad35-8bc9-49ac-b7d9-e380ec5483ca,2010-04-07,14:30:00,EDSA Guadalupe Loading bay Makati,0,0,0,0,0,0,0,0,0,0,2010-04-07 22:30,Property,14.55483765,121.0348537,Hit Object
None,EDSA,None,None,"Unknown, Side Swipe, 0.0 drivers_injured, 0.0 drivers_killed, 0.0 passengers_injured, 0.0 passengers_killed, 0.0 pedestrian_injured, 0.0 pedestrian_killed, Dry, EDSA Approaching Kalayaan Avenue Makati",MMDA Road Safety Unit,,7fa55d1f-0516-42f9-ac9d-fd21ccc8a5fa,2010-04-07,00:00:00,EDSA Ayala Ave. Makati,0,0,0,0,0,0,0,0,0,0,2010-04-07 8:00,Property,14.55803426,121.0384399,Side Swipe
None,EDSA,None,None,"Unknown, Rear-end, 0.0 drivers_injured, 0.0 drivers_killed, 0.0 passengers_injured, 0.0 passengers_killed, 0.0 pedestrian_injured, 0.0 pedestrian_killed, Dry, EDSA Estrella St. Brgy. Bel Air Makati",MMDA Road Safety Unit,,e0b17b5c-5810-4c9b-9e75-773725db83c9,2010-04-06,23:00:00,EDSA fronting Guadalupe Mall  Makati,0,0,0,0,0,0,0,0,0,0,2010-04-07 7:00,Property,14.56004326,121.0411034,Rear-End
None,EDSA,None,None,"Unknown, Rear-end, 0.0 drivers_injured, 0.0 drivers_killed, 0.0 passengers_injured, 0.0 passengers_killed, 0.0 pedestrian_injured, 0.0 pedestrian_killed, Dry, EDSA fronting Pet Tower Makati",MMDA Road Safety Unit,,74053fea-0f9e-4b54-9244-17c3840d13bf,2010-04-06,06:00:00,EDSA approaching MRT-Buendia Station Makati,0,0,0,0,0,0,0,0,0,0,2010-04-06 14:00,Property,14.56188464,121.0428681,Rear-End
None,EDSA,None,None,"Unknown, Angle Impact, 0.0 drivers_injured, 0.0 drivers_killed, 0.0 passengers_injured, 0.0 passengers_killed, 0.0 pedestrian_injured, 0.0 pedestrian_killed, Dry, EDSA P. Burgos St. Brgy. Guadalupe Makati",MMDA Road Safety Unit,,777b8f3e-6613-4d0a-b782-f4f8dfc3155b,2010-03-31,18:20:00,EDSA before Loyola Memorial Chapel Makati,0,0,0,0,0,0,0,0,0,0,2010-04-01 2:20,Property,14.5655887,121.0452425,Angle Impact
None,EDSA,None,None,"Unknown, Side Swipe, 0.0 drivers_injured, 0.0 drivers_killed, 0.0 passengers_injured, 0.0 passengers_killed, 0.0 pedestrian_injured, 0.0 pedestrian_killed, Dry, EDSA before Jollibee Guadal.upe Nuevo Makati",MMDA Road Safety Unit,,25221115-22a0-4b5c-9199-7a9b5215a4e6,2010-03-31,18:00:00,EDSA before MRT Station magallanes Makati,0,0,0,0,0,0,0,0,0,0,2010-04-01 2:00,Property,14.56531871,121.0451268,Side Swipe
None,EDSA,None,None,"Unknown, Side Swipe, 0.0 drivers_injured, 0.0 drivers_killed, 0.0 passengers_injured, 0.0 passengers_killed, 0.0 pedestrian_injured, 0.0 pedestrian_killed, Dry, EDSA Guadalupe Bridge  Makati",MMDA Road Safety Unit,,5e5a992f-2b59-411f-b144-b9099be194d0,2010-03-28,08:25:00,EDSA fronting MRT Station Ayala  Makati,0,0,0,0,0,0,0,0,0,0,2010-03-28 16:25,Property,14.56846648,121.0458404,Side Swipe
None,EDSA,None,None,"Unknown, Side Swipe, 0.0 drivers_injured, 0.0 drivers_killed, 0.0 passengers_injured, 0.0 passengers_killed, 0.0 pedestrian_injured, 0.0 pedestrian_killed, Dry, EDSA at ""U""turn slot / Magallanes Makati",MMDA Road Safety Unit,,59e364c3-1b76-49b2-9ff0-ca19067979e1,2010-03-25,05:00:00,EDSA Mantrade Makati,0,0,0,0,0,0,0,0,0,0,2010-03-25 13:00,Property,14.53978332,121.0155157,Side Swipe
None,EDSA,None,None,"Unknown, Rear-end, 0.0 drivers_injured, 0.0 drivers_killed, 0.0 passengers_injured, 0.0 passengers_killed, 0.0 pedestrian_injured, 0.0 pedestrian_killed, Dry, EDSA Shell Gas Station / Escuela St. Makati",MMDA Road Safety Unit,,4401b50a-3436-4b28-832e-acb6d1b0fddf,2010-03-25,02:00:00,EDSA before Kalayaan Avenue Makati,0,0,0,0,0,0,0,0,0,0,2010-03-25 10:00,Property,14.5600892,121.041222,Rear-End
None,EDSA,None,None,"Unknown, Rear-end, 0.0 drivers_injured, 0.0 drivers_killed, 0.0 passengers_injured, 0.0 passengers_killed, 0.0 pedestrian_injured, 0.0 pedestrian_killed, Dry, EDSA after Shell gas Station / Escuela St. Makati",MMDA Road Safety Unit,,eaa62367-9f1a-4f73-8c8f-1125afb102d1,2010-03-18,08:40:00,EDSA fronting MRT Station Ayala Makati,0,0,0,0,0,0,0,0,0,0,2010-03-18 16:40,Property,14.56031431,121.0414149,Rear-End
None,EDSA,None,None,"Unknown, Rear-end, 0.0 drivers_injured, 0.0 drivers_killed, 0.0 passengers_injured, 0.0 passengers_killed, 0.0 pedestrian_injured, 0.0 pedestrian_killed, Dry, EDSA Approaching Buendia Loading Bay  Makati",MMDA Road Safety Unit,,b76b8446-f86e-4d21-9708-72eaba3f9379,2010-03-16,07:00:00,EDSA San Carlos Makati,0,0,0,0,0,0,0,0,0,0,2010-03-16 15:00,Property,14.55431188,121.0339823,Rear-End
None,EDSA,None,None,"Unknown, Rear-end, 0.0 drivers_injured, 0.0 drivers_killed, 0.0 passengers_injured, 0.0 passengers_killed, 0.0 pedestrian_injured, 0.0 pedestrian_killed, Dry, EDSA Ayala Ave. Makati",MMDA Road Safety Unit,,ea8987a3-3429-4d0f-9acf-c8ecf230555f,2010-03-16,02:55:00,EDSA fronting Dusit Hotel Makati,0,0,0,0,0,0,0,0,0,0,2010-03-16 10:55,Property,14.5503157,121.0293627,Rear-End
None,EDSA,None,None,"Unknown, Rear-end, 0.0 drivers_injured, 0.0 drivers_killed, 0.0 passengers_injured, 0.0 passengers_killed, 0.0 pedestrian_injured, 0.0 pedestrian_killed, Dry, EDSA after Orense St. Guadalupe Makati",MMDA Road Safety Unit,,305be798-181d-48ce-b807-b1b7fef088c5,2010-03-14,05:30:00,EDSA Ayala Ave. Makati,0,0,0,0,0,0,0,0,0,0,2010-03-14 13:30,Property,14.56174586,121.0429417,Rear-End
None,EDSA,None,None,"Unknown, Hit Object (No Object Stated), 0.0 drivers_injured, 0.0 drivers_killed, 0.0 passengers_injured, 0.0 passengers_killed, 0.0 pedestrian_injured, 0.0 pedestrian_killed, Dry, EDSA After Escuela St. Makati",MMDA Road Safety Unit,,c7fd3f78-c8af-430a-8c34-979c201ab30b,2010-03-12,17:45:00,EDSA Ayala Ave. Makati,0,0,0,0,0,0,0,0,0,0,2010-03-13 1:45,Property,14.55978024,121.0408443,Hit Object
None,EDSA,None,None,"Unknown, Rear-end, 0.0 drivers_injured, 0.0 drivers_killed, 0.0 passengers_injured, 0.0 passengers_killed, 0.0 pedestrian_injured, 0.0 pedestrian_killed, Dry, EDSA after Estrella St. Makati",MMDA Road Safety Unit,,7d70be13-aadf-4b70-b40b-4176559c4cb4,2010-03-11,01:40:00,EDSA Kalayaan Ave. Makati,0,0,0,0,0,0,0,0,0,0,2010-03-11 9:40,Property,14.55978024,121.0408443,Rear-End
None,EDSA,None,None,"Unknown, Side Swipe, 0.0 drivers_injured, 0.0 drivers_killed, 0.0 passengers_injured, 0.0 passengers_killed, 0.0 pedestrian_injured, 0.0 pedestrian_killed, Dry, EDSA Approaching Evangelista St. Makati",MMDA Road Safety Unit,,9bcd3658-8bc0-4ae5-a3fe-b911e590bd0c,2010-03-10,04:40:00,EDSA Ayala Loading bay Makati,0,0,0,0,0,0,0,0,0,0,2010-03-10 12:40,Property,14.53919917,121.012586,Side Swipe
None,EDSA,None,None,"Unknown, Angle Impact, 0.0 drivers_injured, 0.0 drivers_killed, 0.0 passengers_injured, 0.0 passengers_killed, 0.0 pedestrian_injured, 0.0 pedestrian_killed, Dry, EDSA fronting Ayala MRT Station Makati",MMDA Road Safety Unit,,d870c002-7889-40fe-8b2a-ef0ade4fed16,2010-03-09,06:30:00,"EDSA fronting Shell Gas Station, near Escuela St. Makati",0,0,0,0,0,0,0,0,0,0,2010-03-09 14:30,Property,14.54918264,121.0279911,Angle Impact
None,EDSA,None,None,"Unknown, Hit Object (No Object Stated), 0.0 drivers_injured, 0.0 drivers_killed, 0.0 passengers_injured, 0.0 passengers_killed, 0.0 pedestrian_injured, 0.0 pedestrian_killed, Dry, EDSA Approaching Eran St. Brgy. Pinagkaisahan Makati",MMDA Road Safety Unit,,2111bf5b-afb6-4cac-8afb-c7890a7d9d72,2010-03-09,00:45:00,EDSA MRT-Buendia Station Makati,0,0,0,0,0,0,0,0,0,0,2010-03-09 8:45,Property,14.55800512,121.0387856,Hit Object
None,EDSA,None,None,"Unknown, Rear-end, 0.0 drivers_injured, 0.0 drivers_killed, 0.0 passengers_injured, 0.0 passengers_killed, 0.0 pedestrian_injured, 0.0 pedestrian_killed, Dry, EDSA Buendia Loading bay Makati",MMDA Road Safety Unit,,7213e6a5-d77c-4c54-9422-11342ca8b556,2010-03-07,05:45:00,EDSA after Estrella St. Makati,0,0,0,0,0,0,0,0,0,0,2010-03-07 13:45,Property,14.55422655,121.0337442,Rear-End
None,EDSA,None,None,"Unknown, Rear-end, 0.0 drivers_injured, 0.0 drivers_killed, 0.0 passengers_injured, 0.0 passengers_killed, 0.0 pedestrian_injured, 0.0 pedestrian_killed, Dry, EDSA after Ayala Avenue Makati",MMDA Road Safety Unit,,fd909fda-2d25-4134-b0b8-a78baea0bd31,2010-03-01,03:10:00,EDSA fronting MRT-Ayala Station Makati,0,0,0,0,0,0,0,0,0,0,2010-03-01 11:10,Property,14.55004169,121.0291677,Rear-End
None,EDSA,None,None,"Unknown, Rear-end, 0.0 drivers_injured, 0.0 drivers_killed, 0.0 passengers_injured, 0.0 passengers_killed, 0.0 pedestrian_injured, 0.0 pedestrian_killed, Dry, EDSA Ayala Loading Bay  Makati",MMDA Road Safety Unit,,10b573e5-ff6c-4a29-a8a9-7c46f2d0ee36,2010-02-27,07:20:00,EDSA Guadalupe Bridge  Makati,0,0,0,0,0,0,0,0,0,0,2010-02-27 15:20,Property,14.54906772,121.0276631,Rear-End
None,EDSA,None,None,"Unknown, Angle Impact, 0.0 drivers_injured, 0.0 drivers_killed, 0.0 passengers_injured, 0.0 passengers_killed, 0.0 pedestrian_injured, 0.0 pedestrian_killed, Dry, EDSA Magallanes Loading Bay Makati",MMDA Road Safety Unit,,80ef4d6f-69be-4eb8-a8bd-96f18ced7811,2010-02-26,10:20:00,EDSA Kalayaan Ave. Makati,0,0,0,0,0,0,0,0,0,0,2010-02-26 18:20,Property,14.54402536,121.021754,Angle Impact
None,EDSA,None,None,"Unknown, Side Swipe, 0.0 drivers_injured, 0.0 drivers_killed, 0.0 passengers_injured, 0.0 passengers_killed, 0.0 pedestrian_injured, 0.0 pedestrian_killed, Dry, EDSA Buendia / Loadong Bay Makati",MMDA Road Safety Unit,,e74e2b70-b199-457a-a38b-ae6ed0450961,2010-02-26,07:30:00,EDSA fronting MRT-Guadalupe Station Makati,0,0,0,0,0,0,0,0,0,0,2010-02-26 15:30,Property,14.55416947,121.0336866,Side Swipe
None,EDSA,None,None,"Unknown, Rear-end, 0.0 drivers_injured, 0.0 drivers_killed, 0.0 passengers_injured, 0.0 passengers_killed, 0.0 pedestrian_injured, 0.0 pedestrian_killed, Dry, EDSA Approaching Buendia U turn slot Makati",MMDA Road Safety Unit,,ec92022f-8cdb-4e68-9724-647d1c0ba449,2010-02-24,02:10:00,EDSA Guadalupe Bridge  Makati,0,0,0,0,0,0,0,0,0,0,2010-02-24 10:10,Property,14.5557029,121.035549,Rear-End
None,EDSA,None,None,"Unknown, Side Swipe, 0.0 drivers_injured, 0.0 drivers_killed, 0.0 passengers_injured, 0.0 passengers_killed, 0.0 pedestrian_injured, 0.0 pedestrian_killed, Dry, EDSA Bernardino St.  Makati",MMDA Road Safety Unit,,a288e80f-f07f-4ce6-885e-e7681cec0b45,2010-02-22,07:25:00,EDSA after Estrella St.  Makati,0,0,0,0,0,0,0,0,0,0,2010-02-22 15:25,Property,14.56598119,121.0451074,Side Swipe
None,EDSA,None,None,"Unknown, Side Swipe, 0.0 drivers_injured, 0.0 drivers_killed, 0.0 passengers_injured, 0.0 passengers_killed, 0.0 pedestrian_injured, 0.0 pedestrian_killed, Dry, EDSA Approaching U turn slot / Buendia  Makati",MMDA Road Safety Unit,,2bc6660e-03c0-4a30-a7c4-8dfb5def4ba4,2010-02-18,06:15:00,EDSA Ayala Loading Bay Makati,0,0,0,0,0,0,0,0,0,0,2010-02-18 14:15,Property,14.55507672,121.0353901,Side Swipe