LOCATION_TEXT,ROAD,WEATHER,LIGHT,DESC,REPORTING_AGENCY,MAIN_CAUSE,INCIDENTDETAILS_ID,DATE_UTC,TIME_UTC,ADDRESS,killed_driver,killed_passenger,killed_pedestrian,injured_driver,injured_passenger,injured_pedestrian,killed_uncategorized,injured_uncategorized,killed_total,injured_total,DATETIME_PST,SEVERITY,Y,X,COLLISION_TYPE
None,EDSA,None,None,"Unknown, Rear-end, 0.0 drivers_injured, 0.0 drivers_killed, 0.0 passengers_injured, 0.0 passengers_killed, 0.0 pedestrian_injured, 0.0 pedestrian_killed, Dry, EDSA Approaching Magallanes Loading Bay Makati",MMDA Road Safety Unit,,ead42305-5791-48c2-9dd7-59a21695cc91,2010-02-18,02:20:00,EDSA Sen. Gil J. Puyat Ave. (Buendia Ave. Ext.) Makati,0,0,0,0,0,0,0,0,0,0,2010-02-18 10:20,Property,14.54355011,121.0212316,Rear-End
None,EDSA,None,None,"Unknown, Hit and Run (No Collision Stated), 0.0 drivers_injured, 0.0 drivers_killed, 0.0 passengers_injured, 0.0 passengers_killed, 0.0 pedestrian_injured, 0.0 pedestrian_killed, Dry, EDSA Ayala Ave. Makati",MMDA Road Safety Unit,,51055540-c41e-467b-995d-da6e3dcbde57,2010-02-17,07:00:00,"EDSA MRT-Guadalupe Station, Bgy. Guadalupe Nuevo (NB) Makati",0,0,0,0,0,0,0,0,0,0,2010-02-17 15:00,Property,14.5503157,121.0293627,No Collision Stated
None,EDSA,None,None,"Unknown, Side Swipe, 0.0 drivers_injured, 0.0 drivers_killed, 0.0 passengers_injured, 0.0 passengers_killed, 0.0 pedestrian_injured, 0.0 pedestrian_killed, Dry, EDSA Approaching Buendia Avenue Makati",MMDA Road Safety Unit,,a0a36d5c-a1a8-46ff-b424-5903a490aaf0,2010-02-16,03:00:00,"EDSA Sen. Gil J. Puyat Ave., fronting Bgy. Bel Air (SB) Makati",0,0,0,0,0,0,0,0,0,0,2010-02-16 11:00,Property,14.5557029,121.035549,Side Swipe
None,EDSA,None,None,"Unknown, Side Swipe, 0.0 drivers_injured, 0.0 drivers_killed, 0.0 passengers_injured, 0.0 passengers_killed, 0.0 pedestrian_injured, 0.0 pedestrian_killed, Dry, EDSA Approaching Ayala Loading  Makati",MMDA Road Safety Unit,,3898ef00-6cd4-47e4-83a2-5113f6fde0e1,2010-02-12,03:30:00,EDSA Magallanes Interchange (NB) Makati,0,0,0,0,0,0,0,0,0,0,2010-02-12 11:30,Property,14.54957484,121.0284358,Side Swipe
None,EDSA,None,None,"Unknown, Rear-end, 0.0 drivers_injured, 0.0 drivers_killed, 0.0 passengers_injured, 0.0 passengers_killed, 0.0 pedestrian_injured, 0.0 pedestrian_killed, Dry, EDSA Guadalupe Loading bay Makati",MMDA Road Safety Unit,,4478ffc7-1a3c-4f1d-82be-f2daf89f8682,2010-02-11,04:00:00,EDSA Magallanes Interchange (NB) Makati,0,0,0,0,0,0,0,0,0,0,2010-02-11 12:00,Property,14.56470241,121.0447638,Rear-End
None,EDSA,None,None,"Unknown, Rear-end, 0.0 drivers_injured, 0.0 drivers_killed, 0.0 passengers_injured, 0.0 passengers_killed, 0.0 pedestrian_injured, 0.0 pedestrian_killed, Dry, EDSA Ayala Ave. Makati",MMDA Road Safety Unit,,ff7d0569-1a6c-4056-9abb-ab270aaf9dca,2010-02-10,07:30:00,EDSA Antonio S. Arnaiz Ave. (Pasay Road) Makati,0,0,0,0,0,0,0,0,0,0,2010-02-10 15:30,Property,14.5503157,121.0293627,Rear-End
None,EDSA,None,None,"Unknown, Rear-end, 0.0 drivers_injured, 0.0 drivers_killed, 0.0 passengers_injured, 0.0 passengers_killed, 0.0 pedestrian_injured, 0.0 pedestrian_killed, Dry, EDSA fronting Guadalupe Mall  Makati",MMDA Road Safety Unit,,687b7a0e-3bf5-4120-8a90-3b8ed769b140,2010-02-07,06:45:00,"EDSA Harvard St., Bgy. Pinagkaisahan Makati",0,0,0,0,0,0,0,0,0,0,2010-02-07 14:45,Property,14.56674549,121.0455515,Rear-End
None,EDSA,None,None,"Unknown, Rear-end, 0.0 drivers_injured, 0.0 drivers_killed, 0.0 passengers_injured, 0.0 passengers_killed, 0.0 pedestrian_injured, 0.0 pedestrian_killed, Dry, EDSA approaching MRT-Buendia Station Makati",MMDA Road Safety Unit,,caa3fc4a-0efc-4120-8656-370c9c90aeac,2010-02-04,02:00:00,EDSA Magallanes Interchange  Makati,0,0,0,0,0,0,0,0,0,0,2010-02-04 10:00,Property,14.5541528,121.0337367,Rear-End
None,EDSA,None,None,"Unknown, Side Swipe, 0.0 drivers_injured, 0.0 drivers_killed, 0.0 passengers_injured, 0.0 passengers_killed, 0.0 pedestrian_injured, 0.0 pedestrian_killed, Dry, EDSA before Loyola Memorial Chapel Makati",MMDA Road Safety Unit,,be733c8d-9efc-41a7-87d2-9863083fc235,2010-02-01,04:30:00,"EDSA MRT-Guadalupe Station, Bgy. Guadalupe Nuevo Makati",0,0,0,0,0,0,0,0,0,0,2010-02-01 12:30,Property,14.565754,121.0450125,Side Swipe
None,EDSA,None,None,"Unknown, Head-on, 0.0 drivers_injured, 0.0 drivers_killed, 0.0 passengers_injured, 0.0 passengers_killed, 0.0 pedestrian_injured, 0.0 pedestrian_killed, Dry, EDSA before MRT Station magallanes Makati",MMDA Road Safety Unit,,be2dc859-42e9-406e-8173-6d1ef5004925,2010-01-31,02:00:00,"EDSA Orense St., at Loading Bay, Guadalupe Nuevo Makati",0,0,0,0,0,0,0,0,0,0,2010-01-31 10:00,Property,14.54163183,121.0190196,Head-On
None,EDSA,None,None,"Unknown, Rear-end, 0.0 drivers_injured, 0.0 drivers_killed, 0.0 passengers_injured, 0.0 passengers_killed, 0.0 pedestrian_injured, 0.0 pedestrian_killed, Dry, EDSA fronting MRT Station Ayala  Makati",MMDA Road Safety Unit,,af2462b5-c568-43a1-9dc0-e2a55c6172c9,2010-01-20,02:55:00,EDSA Ayala Ave. Makati,0,0,0,0,0,0,0,0,0,0,2010-01-20 10:55,Property,14.54909224,121.0279119,Rear-End
None,EDSA,None,None,"Unknown, Hit and Run (No Collision Stated), 0.0 drivers_injured, 0.0 drivers_killed, 0.0 passengers_injured, 0.0 passengers_killed, 0.0 pedestrian_injured, 0.0 pedestrian_killed, Dry, EDSA Mantrade Makati",MMDA Road Safety Unit,,baaa97f4-45d3-481c-9f21-a3f1089b3af3,2010-01-19,21:30:00,EDSA Guadalupe Loading Bay Makati,0,0,0,0,0,0,0,0,0,0,2010-01-20 5:30,Property,14.54127991,121.0184601,No Collision Stated
None,EDSA,None,None,"Unknown, Angle Impact, 0.0 drivers_injured, 0.0 drivers_killed, 0.0 passengers_injured, 0.0 passengers_killed, 0.0 pedestrian_injured, 0.0 pedestrian_killed, Dry, EDSA before Kalayaan Avenue Makati",MMDA Road Safety Unit,,f507785b-7d3e-4fab-83f5-a82e0858ee5f,2010-01-19,02:35:00,"EDSA Orense St., MMDA Bldg. Makati",0,0,0,0,0,0,0,0,0,0,2010-01-19 10:35,Property,14.55800586,121.0384294,Angle Impact
None,EDSA,None,None,"Unknown, Rear-end, 0.0 drivers_injured, 0.0 drivers_killed, 0.0 passengers_injured, 0.0 passengers_killed, 0.0 pedestrian_injured, 0.0 pedestrian_killed, Dry, EDSA fronting MRT Station Ayala Makati",MMDA Road Safety Unit,,d3bcb84c-7807-46a7-8f77-2449f882617a,2010-01-18,06:20:00,"EDSA fornting 711 Convenience Store, Estrella St. Makati",0,0,0,0,0,0,0,0,0,0,2010-01-18 14:20,Property,14.54909224,121.0279119,Rear-End
None,EDSA,None,None,"Unknown, Hit and Run (No Collision Stated), 0.0 drivers_injured, 0.0 drivers_killed, 0.0 passengers_injured, 0.0 passengers_killed, 0.0 pedestrian_injured, 0.0 pedestrian_killed, Dry, EDSA San Carlos Makati",MMDA Road Safety Unit,,9c8a5984-93d6-456f-b186-aab7133f43e1,2010-01-16,07:30:00,EDSA across MMDA Makati,0,0,0,0,0,0,0,0,0,0,2010-01-16 15:30,Property,14.56324721,121.0439357,No Collision Stated
None,EDSA,None,None,"Unknown, Angle Impact, 0.0 drivers_injured, 0.0 drivers_killed, 0.0 passengers_injured, 0.0 passengers_killed, 0.0 pedestrian_injured, 0.0 pedestrian_killed, Dry, EDSA fronting Dusit Hotel Makati",MMDA Road Safety Unit,,9e943dfb-3f73-4bef-a2d4-6f4229a59ea3,2010-01-13,08:30:00,EDSA after San Carlos Seminary Makati,0,0,0,0,0,0,0,0,0,0,2010-01-13 16:30,Property,14.54808078,121.0265205,Angle Impact
None,EDSA,None,None,"Unknown, Angle Impact, 0.0 drivers_injured, 0.0 drivers_killed, 0.0 passengers_injured, 0.0 passengers_killed, 0.0 pedestrian_injured, 0.0 pedestrian_killed, Dry, EDSA Ayala Ave. Makati",MMDA Road Safety Unit,,2ddc43e8-7a3f-4cc9-a8f7-b050e878bfcb,2010-01-11,04:50:00,"EDSA Orense St., MMDA Bldg. Makati",0,0,0,0,0,0,0,0,0,0,2010-01-11 12:50,Property,14.5503157,121.0293627,Angle Impact
None,EDSA,None,None,"Unknown, Side Swipe, 0.0 drivers_injured, 0.0 drivers_killed, 0.0 passengers_injured, 0.0 passengers_killed, 0.0 pedestrian_injured, 0.0 pedestrian_killed, Dry, EDSA Ayala Ave. Makati",MMDA Road Safety Unit,,e580dab9-7121-431b-ae42-7d40f8dd4710,2010-01-07,07:15:00,EDSA at the ascending portion of Magallanes Interchange Makati,0,0,0,0,0,0,0,0,0,0,2010-01-07 15:15,Property,14.5503157,121.0293627,Side Swipe
None,EDSA,None,None,"Unknown, Hit and Run (No Collision Stated), 0.0 drivers_injured, 0.0 drivers_killed, 0.0 passengers_injured, 0.0 passengers_killed, 0.0 pedestrian_injured, 0.0 pedestrian_killed, Dry, EDSA Kalayaan Ave. Makati",MMDA Road Safety Unit,,eda5523e-60bb-462b-ad93-f507e6be79ea,2010-01-05,11:00:00,EDSA fronting Loyola Memorial Chapels Inc. Makati,0,0,0,0,0,0,0,0,0,0,2010-01-05 19:00,Property,14.55767933,121.038147,No Collision Stated
None,EDSA,None,None,"Unknown, Side Swipe, 0.0 drivers_injured, 0.0 drivers_killed, 0.0 passengers_injured, 0.0 passengers_killed, 0.0 pedestrian_injured, 0.0 pedestrian_killed, Dry, EDSA Ayala Loading bay Makati",MMDA Road Safety Unit,,d1aec2a8-20b9-45e9-a9af-98d024dad688,2010-01-04,02:00:00,EDSA Ayala Ave. Makati,0,0,0,0,0,0,0,0,0,0,2010-01-04 10:00,Property,14.54906772,121.0276631,Side Swipe
None,EDSA,None,None,"Unknown, Angle Impact, 0.0 drivers_injured, 0.0 drivers_killed, 0.0 passengers_injured, 0.0 passengers_killed, 0.0 pedestrian_injured, 0.0 pedestrian_killed, Fair (Night), EDSA fronting Shell Gas Station, near Escuela St. Makati",MMDA Road Safety Unit,,1930f778-7f67-422d-8277-b029187cc21e,2009-12-27,10:45:00,EDSA after Kalayaan Avenue Makati,0,0,0,0,0,0,0,0,0,0,2009-12-27 18:45,Property,14.56008704,121.0412521,Angle Impact
None,EDSA,None,None,"Unknown, Side Swipe, 0.0 drivers_injured, 0.0 drivers_killed, 0.0 passengers_injured, 0.0 passengers_killed, 0.0 pedestrian_injured, 0.0 pedestrian_killed, Fair (Day), EDSA MRT-Buendia Station Makati",MMDA Road Safety Unit,,1297d25f-0932-4de0-9e47-c278d4058726,2009-12-24,06:30:00,EDSA approaching Ayala Ave. Makati,0,0,0,0,0,0,0,0,0,0,2009-12-24 14:30,Property,14.55426124,121.033876,Side Swipe
None,EDSA,None,None,"Unknown, Side Swipe, 0.0 drivers_injured, 0.0 drivers_killed, 0.0 passengers_injured, 0.0 passengers_killed, 0.0 pedestrian_injured, 0.0 pedestrian_killed, Fair (Day), EDSA after Estrella St. Makati",MMDA Road Safety Unit,,9e21a899-77d3-481c-ae91-ea2be41e99b6,2009-12-24,04:50:00,EDSA fronting San Carlos Seminary Makati,0,0,0,0,0,0,0,0,0,0,2009-12-24 12:50,Property,14.55978024,121.0408443,Side Swipe
None,EDSA,None,None,"Unknown, Side Swipe, 0.0 drivers_injured, 0.0 drivers_killed, 0.0 passengers_injured, 0.0 passengers_killed, 0.0 pedestrian_injured, 0.0 pedestrian_killed, Fair (Day), EDSA fronting MRT-Ayala Station Makati",MMDA Road Safety Unit,,3d32e3aa-1cb0-40bc-8139-07c56b062370,2009-12-20,05:30:00,"EDSA Honda St., approaching Kalayaan Ave. Makati",0,0,0,0,0,0,0,0,0,0,2009-12-20 13:30,Property,14.54925484,121.0279604,Side Swipe
None,EDSA,None,None,"Unknown, Rear-end, 0.0 drivers_injured, 0.0 drivers_killed, 0.0 passengers_injured, 0.0 passengers_killed, 0.0 pedestrian_injured, 0.0 pedestrian_killed, Fair (Day), EDSA Guadalupe Bridge  Makati",MMDA Road Safety Unit,,a7f09d65-5a61-4997-b8e2-45a2662f65d5,2009-12-18,03:30:00,EDSA fronting MRT-Guadalupe Station Makati,0,0,0,0,0,0,0,0,0,0,2009-12-18 11:30,Property,14.56846648,121.0458404,Rear-End
None,EDSA,None,None,"Unknown, Side Swipe, 0.0 drivers_injured, 0.0 drivers_killed, 0.0 passengers_injured, 0.0 passengers_killed, 0.0 pedestrian_injured, 0.0 pedestrian_killed, Fair (Day), EDSA Kalayaan Ave. Makati",MMDA Road Safety Unit,,ff609d37-4704-4e27-91a9-2ad5096806ee,2009-12-15,03:10:00,EDSA Ayala Loading Bay Makati,0,0,0,0,0,0,0,0,0,0,2009-12-15 11:10,Property,14.55767933,121.038147,Side Swipe
None,EDSA,None,None,"Unknown, Side Swipe, 0.0 drivers_injured, 0.0 drivers_killed, 0.0 passengers_injured, 0.0 passengers_killed, 0.0 pedestrian_injured, 0.0 pedestrian_killed, Fair (Day), EDSA fronting MRT-Guadalupe Station Makati",MMDA Road Safety Unit,,5571a9c5-fad4-4657-8641-d682ba1a14f2,2009-12-13,05:20:00,EDSA after MRT Station Magallanes Makati,0,0,0,0,0,0,0,0,0,0,2009-12-13 13:20,Property,14.56661161,121.0453363,Side Swipe
None,EDSA,None,None,"Unknown, Rear-end, 0.0 drivers_injured, 0.0 drivers_killed, 0.0 passengers_injured, 0.0 passengers_killed, 0.0 pedestrian_injured, 0.0 pedestrian_killed, Fair (Day), EDSA Guadalupe Bridge  Makati",MMDA Road Safety Unit,,177442d9-fa9b-45f0-8f1f-1b837da51e11,2009-12-11,06:30:00,EDSA MRT-Guadalupe Station Makati,0,0,0,0,0,0,0,0,0,0,2009-12-11 14:30,Property,14.56846648,121.0458404,Rear-End
None,EDSA,None,None,"Unknown, Rear-end, 0.0 drivers_injured, 0.0 drivers_killed, 0.0 passengers_injured, 0.0 passengers_killed, 0.0 pedestrian_injured, 0.0 pedestrian_killed, Fair (Night), EDSA after Estrella St.  Makati",MMDA Road Safety Unit,,8cec687d-b938-4ffa-bdd4-1d9b502b7322,2009-12-09,20:00:00,"EDSA approaching Magallanes Interchange, Bgy. Magallanes Makati",0,0,0,0,0,0,0,0,0,0,2009-12-10 4:00,Property,14.55978024,121.0408443,Rear-End
None,EDSA,None,None,"Unknown, Side Swipe, 0.0 drivers_injured, 0.0 drivers_killed, 0.0 passengers_injured, 0.0 passengers_killed, 0.0 pedestrian_injured, 0.0 pedestrian_killed, Fair (Night), EDSA Ayala Loading Bay Makati",MMDA Road Safety Unit,,a7269a69-ccf4-4cc4-90d0-2b51a646d76c,2009-12-04,09:30:00,EDSA Sen. Gil J. Puyat Ave. (Buendia Ave. Ext.) Makati,0,0,0,0,0,0,0,0,0,0,2009-12-04 17:30,Property,14.54906772,121.0276631,Side Swipe
None,EDSA,None,None,"Unknown, Hit and Run (No Collision Stated), 0.0 drivers_injured, 0.0 drivers_killed, 0.0 passengers_injured, 0.0 passengers_killed, 0.0 pedestrian_injured, 0.0 pedestrian_killed, Fair (Night), EDSA Sen. Gil J. Puyat Ave. (Buendia Ave. Ext.) Makati",MMDA Road Safety Unit,,375f43b7-6b59-4cba-af0c-64e0808f88e4,2009-11-29,20:05:00,"EDSA at Loading Bay, before Orense St. Makati",0,0,0,0,0,0,0,0,0,0,2009-11-30 4:05,Property,14.55483765,121.0348537,No Collision Stated
None,EDSA,None,None,"Unknown, Rear-end, 0.0 drivers_injured, 0.0 drivers_killed, 0.0 passengers_injured, 0.0 passengers_killed, 0.0 pedestrian_injured, 0.0 pedestrian_killed, Fair (Day), EDSA MRT-Guadalupe Station, Bgy. Guadalupe Nuevo (NB) Makati",MMDA Road Safety Unit,,6ced2d15-eb4a-4a4c-81c0-750961d5ebe1,2009-11-28,23:30:00,"EDSA after Shell Gas Station, before Orense St., Brgy. Pinagkaisahan Makati",0,0,0,0,0,0,0,0,0,0,2009-11-29 7:30,Property,14.56669604,121.045463,Rear-End
None,EDSA,None,None,"Unknown, Rear-end, 0.0 drivers_injured, 0.0 drivers_killed, 0.0 passengers_injured, 0.0 passengers_killed, 0.0 pedestrian_injured, 0.0 pedestrian_killed, Fair (Night), EDSA Sen. Gil J. Puyat Ave., fronting Bgy. Bel Air (SB) Makati",MMDA Road Safety Unit,,d222c3e3-d334-4c6e-a44b-17ed20468167,2009-11-28,21:55:00,EDSA Ayala Ave. Makati,0,0,0,0,0,0,0,0,0,0,2009-11-29 5:55,Property,14.55483765,121.0348537,Rear-End
None,EDSA,None,None,"Unknown, Rear-end, 0.0 drivers_injured, 0.0 drivers_killed, 0.0 passengers_injured, 0.0 passengers_killed, 0.0 pedestrian_injured, 0.0 pedestrian_killed, Fair (Day), EDSA Magallanes Interchange (NB) Makati",MMDA Road Safety Unit,,25fc83c2-d167-41b8-b108-fcb341f1a244,2009-11-24,03:30:00,"EDSA after Shell Gas Station, Brgy. Pinagkaisahan, Makati Makati",0,0,0,0,0,0,0,0,0,0,2009-11-24 11:30,Property,14.54679556,121.0248047,Rear-End
None,EDSA,None,None,"Unknown, Side Swipe, 0.0 drivers_injured, 0.0 drivers_killed, 0.0 passengers_injured, 0.0 passengers_killed, 0.0 pedestrian_injured, 0.0 pedestrian_killed, Fair (Day), EDSA Magallanes Interchange (NB) Makati",MMDA Road Safety Unit,,cd0029f0-1bfd-46c3-bb54-bf709f17d1c0,2009-11-20,06:30:00,EDSA Antonio S. Arnaiz Ave. (Pasay Road) Makati,0,0,0,0,0,0,0,0,0,0,2009-11-20 14:30,Property,14.54679556,121.0248047,Side Swipe
None,EDSA,None,None,"Unknown, Side Swipe, 0.0 drivers_injured, 0.0 drivers_killed, 0.0 passengers_injured, 0.0 passengers_killed, 0.0 pedestrian_injured, 0.0 pedestrian_killed, Fair (Night), EDSA Antonio S. Arnaiz Ave. (Pasay Road) Makati",MMDA Road Safety Unit,,d75a6d45-d023-4c7c-a7cc-41ddb56b0c2d,2009-11-12,20:55:00,EDSA Ayala Ave. Makati,0,0,0,0,0,0,0,0,0,0,2009-11-13 4:55,Property,14.54753179,121.0260155,Side Swipe
None,EDSA,None,None,"Unknown, Side Swipe, 0.0 drivers_injured, 0.0 drivers_killed, 0.0 passengers_injured, 0.0 passengers_killed, 0.0 pedestrian_injured, 0.0 pedestrian_killed, Fair (Day), EDSA Harvard St., Bgy. Pinagkaisahan Makati",MMDA Road Safety Unit,,411185ec-72f3-414f-be0c-a89d4ffedaa8,2009-11-12,07:40:00,EDSA Guadalupe Bridge Makati,0,0,0,0,0,0,0,0,0,0,2009-11-12 15:40,Property,14.55920138,121.0400581,Side Swipe
None,EDSA,None,None,"Unknown, Rear-end, 0.0 drivers_injured, 0.0 drivers_killed, 0.0 passengers_injured, 0.0 passengers_killed, 0.0 pedestrian_injured, 0.0 pedestrian_killed, Fair (Day), EDSA Magallanes Interchange  Makati",MMDA Road Safety Unit,,ab5646c9-024f-491d-9ebb-b33ca74b96e8,2009-11-11,02:00:00,"EDSA approaching Loading Bay, Guadalupe Makati",0,0,0,0,0,0,0,0,0,0,2009-11-11 10:00,Property,14.54679556,121.0248047,Rear-End
None,EDSA,None,None,"Unknown, Rear-end, 0.0 drivers_injured, 0.0 drivers_killed, 0.0 passengers_injured, 0.0 passengers_killed, 0.0 pedestrian_injured, 0.0 pedestrian_killed, Fair (Night), EDSA MRT-Guadalupe Station, Bgy. Guadalupe Nuevo Makati",MMDA Road Safety Unit,,dd5702a9-2c02-427f-adec-aedbf5318bba,2009-11-10,15:30:00,"EDSA Kalayaan Ave., Bgy. Pinagkaisahan Makati",0,0,0,0,0,0,0,0,0,0,2009-11-10 23:30,Property,14.56669604,121.045463,Rear-End
None,EDSA,None,None,"Unknown, Hit object (No Object Stated), 0.0 drivers_injured, 0.0 drivers_killed, 0.0 passengers_injured, 0.0 passengers_killed, 0.0 pedestrian_injured, 0.0 pedestrian_killed, Fair (Day), EDSA Orense St., at Loading Bay, Guadalupe Nuevo Makati",MMDA Road Safety Unit,,d0359012-1974-465f-9846-83cdf67f7ab0,2009-11-07,04:15:00,EDSA Ayala Ave. Makati,0,0,0,0,0,0,0,0,0,0,2009-11-07 12:15,Property,14.56156378,121.0428336,Hit Object
None,EDSA,None,None,"Unknown, Angle Impact, 0.0 drivers_injured, 0.0 drivers_killed, 0.0 passengers_injured, 0.0 passengers_killed, 0.0 pedestrian_injured, 0.0 pedestrian_killed, Fair (Night), EDSA Ayala Ave. Makati",MMDA Road Safety Unit,,ba13ba1b-3099-42e4-8a78-1031b74ece2a,2009-10-30,12:00:00,"EDSA approaching Loading Bay, Ayala Makati",0,0,0,0,0,0,0,0,0,0,2009-10-30 20:00,Property,14.5503157,121.0293627,Angle Impact
None,EDSA,None,None,"Unknown, Rear-end, 0.0 drivers_injured, 0.0 drivers_killed, 0.0 passengers_injured, 0.0 passengers_killed, 0.0 pedestrian_injured, 0.0 pedestrian_killed, Fair (Day), EDSA Guadalupe Loading Bay Makati",MMDA Road Safety Unit,,a1686d78-1994-49c6-a6ca-738a9933a6df,2009-10-28,03:45:00,EDSA Guadalupe Loading Bay Makati,0,0,0,0,0,0,0,0,0,0,2009-10-28 11:45,Property,14.56470241,121.0447638,Rear-End
None,EDSA,None,None,"Unknown, Rear-end, 0.0 drivers_injured, 0.0 drivers_killed, 0.0 passengers_injured, 0.0 passengers_killed, 0.0 pedestrian_injured, 0.0 pedestrian_killed, Fair (Day), EDSA Orense St., MMDA Bldg. Makati",MMDA Road Safety Unit,,12723af8-7dda-4d48-9ae1-a7ed7535d771,2009-10-27,06:45:00,"EDSA before Orense St., Guadalupe Nuevo Makati",0,0,0,0,0,0,0,0,0,0,2009-10-27 14:45,Property,14.56156378,121.0428336,Rear-End
None,EDSA,None,None,"Unknown, Rear-end, 0.0 drivers_injured, 0.0 drivers_killed, 0.0 passengers_injured, 0.0 passengers_killed, 0.0 pedestrian_injured, 0.0 pedestrian_killed, Fair (Day), EDSA fornting 711 Convenience Store, Estrella St. Makati",MMDA Road Safety Unit,,3ab189af-fb4f-4528-83cb-25cf58d107d7,2009-10-26,02:50:00,EDSA after Evangelista St. makati Makati,0,0,0,0,0,0,0,0,0,0,2009-10-26 10:50,Property,14.55970339,121.0406952,Rear-End
None,EDSA,None,None,"Unknown, Side Swipe, 0.0 drivers_injured, 0.0 drivers_killed, 0.0 passengers_injured, 0.0 passengers_killed, 0.0 pedestrian_injured, 0.0 pedestrian_killed, Fair (Night), EDSA across MMDA Makati",MMDA Road Safety Unit,,b7d961a9-894f-4011-936e-7827808232d5,2009-10-25,18:30:00,EDSA fronting ABC Mall Makati,0,0,0,0,0,0,0,0,0,0,2009-10-26 2:30,Property,14.5615334,121.0428035,Side Swipe
None,EDSA,None,None,"Unknown, Rear-end, 0.0 drivers_injured, 0.0 drivers_killed, 0.0 passengers_injured, 0.0 passengers_killed, 0.0 pedestrian_injured, 0.0 pedestrian_killed, Fair (Night), EDSA after San Carlos Seminary Makati",MMDA Road Safety Unit,,4b318e12-f7db-481f-9213-a88c7c8b2913,2009-10-25,15:05:00,"EDSA McKinley Road, Bgy. Dasmarinas Makati",0,0,0,0,0,0,0,0,0,0,2009-10-25 23:05,Property,14.56284964,121.0436572,Rear-End
None,EDSA,None,None,"Unknown, Rear-end, 0.0 drivers_injured, 0.0 drivers_killed, 0.0 passengers_injured, 0.0 passengers_killed, 0.0 pedestrian_injured, 0.0 pedestrian_killed, Fair (Day), EDSA Orense St., MMDA Bldg. Makati",MMDA Road Safety Unit,,e514c349-48cb-4048-8a8c-da6178a4b2f5,2009-10-22,02:50:00,"EDSA Danlig St., near Floor Center Establishment, Brgy. Pinagkaisahan Makati",0,0,0,0,0,0,0,0,0,0,2009-10-22 10:50,Property,14.56156378,121.0428336,Rear-End
None,EDSA,None,None,"Unknown, Rear-end, 0.0 drivers_injured, 0.0 drivers_killed, 0.0 passengers_injured, 0.0 passengers_killed, 0.0 pedestrian_injured, 0.0 pedestrian_killed, Fair (Day), EDSA at the ascending portion of Magallanes Interchange Makati",MMDA Road Safety Unit,,72e09dd0-9d77-4aa5-8bd7-e40050f0b027,2009-10-22,01:45:00,"EDSA fronting Caltex Gas Station, Bgy. Pinagkaisahan Makati",0,0,0,0,0,0,0,0,0,0,2009-10-22 9:45,Property,14.54096246,121.0176775,Rear-End
None,EDSA,None,None,"Unknown, Side Swipe, 0.0 drivers_injured, 0.0 drivers_killed, 0.0 passengers_injured, 0.0 passengers_killed, 0.0 pedestrian_injured, 0.0 pedestrian_killed, Fair (Night), EDSA fronting Loyola Memorial Chapels Inc. Makati",MMDA Road Safety Unit,,85afee66-3569-4fa7-b576-b992b0f1a289,2009-10-21,12:30:00,EDSA before Kalayaan Ave. Makati,0,0,0,0,0,0,0,0,0,0,2009-10-21 20:30,Property,14.56543084,121.044954,Side Swipe
None,EDSA,None,None,"Unknown, Angle Impact, 0.0 drivers_injured, 0.0 drivers_killed, 0.0 passengers_injured, 0.0 passengers_killed, 0.0 pedestrian_injured, 0.0 pedestrian_killed, Fair (Night), EDSA Ayala Ave. Makati",MMDA Road Safety Unit,,e447d8a5-f7d9-4c25-9d36-8d010bcd005e,2009-10-16,13:45:00,EDSA fronting Dusit Hotel Makati,0,0,0,0,0,0,0,0,0,0,2009-10-16 21:45,Property,14.5503157,121.0293627,Angle Impact
None,EDSA,None,None,"Unknown, Side Swipe, 0.0 drivers_injured, 0.0 drivers_killed, 0.0 passengers_injured, 0.0 passengers_killed, 0.0 pedestrian_injured, 0.0 pedestrian_killed, Fair (Day), EDSA after Kalayaan Avenue Makati",MMDA Road Safety Unit,,c7e41d8f-8028-44c6-a36e-b795a63fb313,2009-10-15,07:35:00,"EDSA before Kalayaan Ave., Bgy. Pinagkaisahan Makati",0,0,0,0,0,0,0,0,0,0,2009-10-15 15:35,Property,14.55758072,121.0378518,Side Swipe
None,EDSA,None,None,"Unknown, Rear-end, 0.0 drivers_injured, 0.0 drivers_killed, 0.0 passengers_injured, 0.0 passengers_killed, 0.0 pedestrian_injured, 0.0 pedestrian_killed, Fair (Day), EDSA approaching Ayala Ave. Makati",MMDA Road Safety Unit,,e627d139-2d9f-451b-8266-4c25d3533c08,2009-10-15,01:15:00,"EDSA before Caltex Gas Station, Bgy. Pinagkaisahan Makati",0,0,0,0,0,0,0,0,0,0,2009-10-15 9:15,Property,14.55075199,121.0296625,Rear-End
None,EDSA,None,None,"Unknown, Rear-end, 0.0 drivers_injured, 0.0 drivers_killed, 0.0 passengers_injured, 0.0 passengers_killed, 0.0 pedestrian_injured, 0.0 pedestrian_killed, Fair (Day), EDSA fronting San Carlos Seminary Makati",MMDA Road Safety Unit,,961f22c1-8a8c-4a76-93d2-09dab4d4668d,2009-10-13,23:50:00,"EDSA before Orense St., Guadalupe Nuevo Makati",0,0,0,0,0,0,0,0,0,0,2009-10-14 7:50,Property,14.56308495,121.043919,Rear-End
None,EDSA,None,None,"Unknown, Rear-end, 0.0 drivers_injured, 0.0 drivers_killed, 0.0 passengers_injured, 0.0 passengers_killed, 0.0 pedestrian_injured, 0.0 pedestrian_killed, Fair (Day), EDSA Honda St., approaching Kalayaan Ave. Makati",MMDA Road Safety Unit,,3940701e-99d3-47ca-b849-a74c483741ba,2009-10-09,00:25:00,EDSA MRT-Buendia Station Makati,0,0,0,0,0,0,0,0,0,0,2009-10-09 8:25,Property,14.55695893,121.037633,Rear-End