LOCATION_TEXT,ROAD,WEATHER,LIGHT,DESC,REPORTING_AGENCY,MAIN_CAUSE,INCIDENTDETAILS_ID,DATE_UTC,TIME_UTC,ADDRESS,killed_driver,killed_passenger,killed_pedestrian,injured_driver,injured_passenger,injured_pedestrian,killed_uncategorized,injured_uncategorized,killed_total,injured_total,DATETIME_PST,SEVERITY,Y,X,COLLISION_TYPE
None,EDSA,None,None,"Unknown, Rear-end, 0.0 drivers_injured, 0.0 drivers_killed, 0.0 passengers_injured, 0.0 passengers_killed, 0.0 pedestrian_injured, 0.0 pedestrian_killed, Fair (Day), EDSA fronting MRT-Guadalupe Station Makati",MMDA Road Safety Unit,,26b71ea3-d850-467d-a5b4-5966998bdcb9,2009-10-08,01:30:00,EDSA MRT Station Buendia Makati,0,0,0,0,0,0,0,0,0,0,2009-10-08 9:30,Property,14.56661161,121.0453363,Rear-End
None,EDSA,None,None,"Unknown, Side Swipe, 0.0 drivers_injured, 0.0 drivers_killed, 0.0 passengers_injured, 0.0 passengers_killed, 0.0 pedestrian_injured, 0.0 pedestrian_killed, Fair (Day), EDSA Ayala Loading Bay Makati",MMDA Road Safety Unit,,b125dc9e-6532-44fa-86f3-a305e9378884,2009-10-07,00:55:00,EDSA fronting Ecology Village Makati,0,0,0,0,0,0,0,0,0,0,2009-10-07 8:55,Property,14.54906772,121.0276631,Side Swipe
None,EDSA,None,None,"Unknown, Side Swipe, 0.0 drivers_injured, 0.0 drivers_killed, 0.0 passengers_injured, 0.0 passengers_killed, 0.0 pedestrian_injured, 0.0 pedestrian_killed, Fair (Night), EDSA after MRT Station Magallanes Makati",MMDA Road Safety Unit,,c8f5aa12-f971-4d50-9cdd-5a2de53c3458,2009-10-06,09:05:00,"EDSA fronting MPI Bldg., Magallanes Makati",0,0,0,0,0,0,0,0,0,0,2009-10-06 17:05,Property,14.54196023,121.0191757,Side Swipe
None,EDSA,None,None,"Unknown, Side Swipe, 0.0 drivers_injured, 0.0 drivers_killed, 0.0 passengers_injured, 0.0 passengers_killed, 0.0 pedestrian_injured, 0.0 pedestrian_killed, Fair (Night), EDSA MRT-Guadalupe Station Makati",MMDA Road Safety Unit,,a25d7564-6877-458b-8978-6a64bde4f69f,2009-10-05,14:30:00,EDSA Agutaya St. fronting 7-11 Makati,0,0,0,0,0,0,0,0,0,0,2009-10-05 22:30,Property,14.56669604,121.045463,Side Swipe
None,EDSA,None,None,"Unknown, Side Swipe, 0.0 drivers_injured, 0.0 drivers_killed, 0.0 passengers_injured, 0.0 passengers_killed, 0.0 pedestrian_injured, 0.0 pedestrian_killed, Fair (Day), EDSA approaching Magallanes Interchange, Bgy. Magallanes Makati",MMDA Road Safety Unit,,a94c54a7-bc49-4845-8a9c-304a54dc60e3,2009-10-05,07:00:00,EDSA Mantrade Makati,0,0,0,0,0,0,0,0,0,0,2009-10-05 15:00,Property,14.54239835,121.0195477,Side Swipe
None,EDSA,None,None,"Unknown, Side Swipe, 0.0 drivers_injured, 0.0 drivers_killed, 0.0 passengers_injured, 0.0 passengers_killed, 0.0 pedestrian_injured, 0.0 pedestrian_killed, Fair (Day), EDSA Sen. Gil J. Puyat Ave. (Buendia Ave. Ext.) Makati",MMDA Road Safety Unit,,8207d76c-5877-4141-a965-d64f765b0c29,2009-10-02,00:00:00,EDSA fronting Sogo Hotel Makati,0,0,0,0,0,0,0,0,0,0,2009-10-02 8:00,Property,14.55483765,121.0348537,Side Swipe
None,EDSA,None,None,"Unknown, Side Swipe, 0.0 drivers_injured, 0.0 drivers_killed, 0.0 passengers_injured, 0.0 passengers_killed, 0.0 pedestrian_injured, 0.0 pedestrian_killed, Fair (Day), EDSA at Loading Bay, before Orense St. Makati",MMDA Road Safety Unit,,75f1f77a-aa2b-4f0e-859b-0ee54b37aa9c,2009-09-30,06:30:00,EDSA Ayala Ave. Makati,0,0,0,0,0,0,0,0,0,0,2009-09-30 14:30,Property,14.5603792,121.0414536,Side Swipe
None,EDSA,None,None,"Unknown, Rear-end, 0.0 drivers_injured, 0.0 drivers_killed, 0.0 passengers_injured, 0.0 passengers_killed, 0.0 pedestrian_injured, 0.0 pedestrian_killed, Fair (Night), EDSA after Shell Gas Station, before Orense St., Brgy. Pinagkaisahan Makati",MMDA Road Safety Unit,,a75e95df-ac35-4fe4-93a2-ebc173d0759f,2009-09-27,17:20:00,"EDSA at Loading Bay, Buendia Makati",0,0,0,0,0,0,0,0,0,0,2009-09-28 1:20,Property,14.56086306,121.041987,Rear-End
None,EDSA,None,None,"Unknown, Angle Impact, 0.0 drivers_injured, 0.0 drivers_killed, 0.0 passengers_injured, 0.0 passengers_killed, 0.0 pedestrian_injured, 0.0 pedestrian_killed, Rain (Night), EDSA Ayala Ave. Makati",MMDA Road Safety Unit,,bf3f26a7-e918-48d1-a98a-543b6ffa431a,2009-09-27,08:00:00,"EDSA Guadalupe Loading Bay, Sogo Makati",0,0,0,0,0,0,0,0,0,0,2009-09-27 16:00,Property,14.5503157,121.0293627,Angle Impact
None,EDSA,None,None,"Unknown, Rear-end, 0.0 drivers_injured, 0.0 drivers_killed, 0.0 passengers_injured, 0.0 passengers_killed, 0.0 pedestrian_injured, 0.0 pedestrian_killed, Rain (Night), EDSA after Shell Gas Station, Brgy. Pinagkaisahan, Makati Makati",MMDA Road Safety Unit,,56bcf294-166b-4bca-927f-f409ef776b23,2009-09-25,17:15:00,EDSA Kalayaan Ave. Makati,0,0,0,0,0,0,0,0,0,0,2009-09-26 1:15,Property,14.56041056,121.0414877,Rear-End
None,EDSA,None,None,"Unknown, Angle Impact, 0.0 drivers_injured, 0.0 drivers_killed, 0.0 passengers_injured, 0.0 passengers_killed, 0.0 pedestrian_injured, 0.0 pedestrian_killed, Rain (Day), EDSA Antonio S. Arnaiz Ave. (Pasay Road) Makati",MMDA Road Safety Unit,,13e4fdd3-00db-4645-84c4-ef6486e85a1d,2009-09-24,23:30:00,EDSA Antonio S. Arnaiz Ave. (Pasay Road) Makati,0,0,0,0,0,0,0,0,0,0,2009-09-25 7:30,Property,14.54753179,121.0260155,Angle Impact
None,EDSA,None,None,"Unknown, Rear-end, 0.0 drivers_injured, 0.0 drivers_killed, 3.0 passengers_injured, 0.0 passengers_killed, 0.0 pedestrian_injured, 0.0 pedestrian_killed, Fair (Night), EDSA Ayala Ave. Makati",MMDA Road Safety Unit,,827b6b17-602c-4270-b9e0-fe4acd43e06e,2009-09-23,15:00:00,EDSA before Evangelista St. Makati,0,0,0,0,3,0,0,0,0,3,2009-09-23 23:00,Injury,14.5503157,121.0293627,Rear-End
None,EDSA,None,None,"Unknown, Rear-end, 0.0 drivers_injured, 0.0 drivers_killed, 0.0 passengers_injured, 0.0 passengers_killed, 0.0 pedestrian_injured, 0.0 pedestrian_killed, Fair (Day), EDSA Guadalupe Bridge Makati",MMDA Road Safety Unit,,b9f7ef55-f7e9-482f-a6e8-c1bb182e5c1b,2009-09-22,02:15:00,EDSA Sen. Gil J. Puyat Ave. (Buendia Ave. Ext.) Makati,0,0,0,0,0,0,0,0,0,0,2009-09-22 10:15,Property,14.56846648,121.0458404,Rear-End
None,EDSA,None,None,"Unknown, Rear-end, 0.0 drivers_injured, 0.0 drivers_killed, 0.0 passengers_injured, 0.0 passengers_killed, 0.0 pedestrian_injured, 0.0 pedestrian_killed, Fair (Night), EDSA approaching Loading Bay, Guadalupe Makati",MMDA Road Safety Unit,,dae95bb6-9343-4b49-8eba-8e326bb1e759,2009-09-20,11:00:00,EDSA Ayala Ave. Makati,0,0,0,0,0,0,0,0,0,0,2009-09-20 19:00,Property,14.56491059,121.0447879,Rear-End
None,EDSA,None,None,"Unknown, Side Swipe, 0.0 drivers_injured, 0.0 drivers_killed, 0.0 passengers_injured, 0.0 passengers_killed, 0.0 pedestrian_injured, 0.0 pedestrian_killed, Fair (Day), EDSA Kalayaan Ave., Bgy. Pinagkaisahan Makati",MMDA Road Safety Unit,,443fcc68-c167-4e27-ba75-37f2074c57fb,2009-09-16,07:10:00,EDSA after Estrella St. before Shwll Gas Stn. Makati,0,0,0,0,0,0,0,0,0,0,2009-09-16 15:10,Property,14.55767933,121.038147,Side Swipe
None,EDSA,None,None,"Unknown, Other (Rear-end + Side Swipe), 0.0 drivers_injured, 0.0 drivers_killed, 0.0 passengers_injured, 0.0 passengers_killed, 0.0 pedestrian_injured, 0.0 pedestrian_killed, Fair (Day), EDSA Ayala Ave. Makati",MMDA Road Safety Unit,,b12771df-5266-4e45-9927-73db31e879ba,2009-09-16,03:40:00,"EDSA fronting Napolcom, besides MMDA Bldg. Makati",0,0,0,0,0,0,0,0,0,0,2009-09-16 11:40,Property,14.5503157,121.0293627,Side Swipe
None,EDSA,None,None,"Unknown, Side Swipe, 0.0 drivers_injured, 0.0 drivers_killed, 0.0 passengers_injured, 0.0 passengers_killed, 0.0 pedestrian_injured, 0.0 pedestrian_killed, Fair (Day), EDSA approaching Loading Bay, Ayala Makati",MMDA Road Safety Unit,,33a5e7f9-cb1d-4653-a2aa-040ce060db2f,2009-09-15,04:00:00,"EDSA at ""U"" turn slot, Buendia Makati",0,0,0,0,0,0,0,0,0,0,2009-09-15 12:00,Property,14.54936108,121.0282527,Side Swipe
None,EDSA,None,None,"Unknown, Rear-end, 0.0 drivers_injured, 0.0 drivers_killed, 0.0 passengers_injured, 0.0 passengers_killed, 0.0 pedestrian_injured, 0.0 pedestrian_killed, Fair (Night), EDSA Guadalupe Loading Bay Makati",MMDA Road Safety Unit,,a3b3b1ba-0bf0-42fc-ac49-67e9c5bb69e2,2009-09-11,19:00:00,EDSA fronting Guadalupe Market Makati,0,0,0,0,0,0,0,0,0,0,2009-09-12 3:00,Property,14.56470241,121.0447638,Rear-End
None,EDSA,None,None,"Unknown, Rear-end, 0.0 drivers_injured, 0.0 drivers_killed, 0.0 passengers_injured, 0.0 passengers_killed, 0.0 pedestrian_injured, 0.0 pedestrian_killed, Fair (Night), EDSA before Orense St., Guadalupe Nuevo Makati",MMDA Road Safety Unit,,dbb8a578-807f-4d31-9b43-711e58582d4b,2009-09-11,13:45:00,EDSA Ayala Ave. Makati,0,0,0,0,0,0,0,0,0,0,2009-09-11 21:45,Property,14.56137594,121.0426299,Rear-End
None,EDSA,None,None,"Unknown, Side Swipe, 0.0 drivers_injured, 0.0 drivers_killed, 0.0 passengers_injured, 0.0 passengers_killed, 0.0 pedestrian_injured, 0.0 pedestrian_killed, Fair (Day), EDSA after Evangelista St. makati Makati",MMDA Road Safety Unit,,69c93447-9a71-4a58-aa34-8943b5d96a40,2009-09-11,06:15:00,EDSA Sen. Gil J. Puyat Ave. (Buendia Ave. Ext.) Makati,0,0,0,0,0,0,0,0,0,0,2009-09-11 14:15,Property,14.53899904,121.0117058,Side Swipe
None,EDSA,None,None,"Unknown, Rear-end, 0.0 drivers_injured, 0.0 drivers_killed, 0.0 passengers_injured, 0.0 passengers_killed, 0.0 pedestrian_injured, 0.0 pedestrian_killed, Fair (Day), EDSA fronting ABC Mall Makati",MMDA Road Safety Unit,,e8963b77-7b4f-45d5-98da-96329a56edf4,2009-09-10,02:20:00,EDSA Antonio S. Arnaiz Ave. (Pasay Road) Makati,0,0,0,0,0,0,0,0,0,0,2009-09-10 10:20,Property,14.56672659,121.045537,Rear-End
None,EDSA,None,None,"Unknown, Head-on, 0.0 drivers_injured, 0.0 drivers_killed, 0.0 passengers_injured, 0.0 passengers_killed, 0.0 pedestrian_injured, 0.0 pedestrian_killed, Fair (Night), EDSA McKinley Road, Bgy. Dasmarinas Makati",MMDA Road Safety Unit,,57787748-3b75-4a7c-b318-8dd8f0d63de2,2009-09-09,08:30:00,"EDSA fronting ABC Mall, Guadalupe Makati",0,0,0,0,0,0,0,0,0,0,2009-09-09 16:30,Property,14.55015688,121.0295286,Head-On
None,EDSA,None,None,"Unknown, Angle Impact, 0.0 drivers_injured, 0.0 drivers_killed, 0.0 passengers_injured, 0.0 passengers_killed, 0.0 pedestrian_injured, 0.0 pedestrian_killed, Fair (Day), EDSA Danlig St., near Floor Center Establishment, Brgy. Pinagkaisahan Makati",MMDA Road Safety Unit,,2eb0728a-1c5b-4e98-8756-3188db848621,2009-09-09,02:25:00,EDSA Ayala Ave. Makati,0,0,0,0,0,0,0,0,0,0,2009-09-09 10:25,Property,14.55849878,121.0392461,Angle Impact
None,EDSA,None,None,"Unknown, Angle Impact, 0.0 drivers_injured, 0.0 drivers_killed, 0.0 passengers_injured, 0.0 passengers_killed, 0.0 pedestrian_injured, 0.0 pedestrian_killed, Fair (Night), EDSA fronting Caltex Gas Station, Bgy. Pinagkaisahan Makati",MMDA Road Safety Unit,,5490ea37-362c-4c16-a0a6-9f544ee09b9a,2009-09-07,09:35:00,EDSA before Kalayaan Ave. Makati,0,0,0,0,0,0,0,0,0,0,2009-09-07 17:35,Property,14.55882933,121.0396337,Angle Impact
None,EDSA,None,None,"Unknown, Rear-end, 0.0 drivers_injured, 0.0 drivers_killed, 0.0 passengers_injured, 0.0 passengers_killed, 0.0 pedestrian_injured, 0.0 pedestrian_killed, Fair (Day), EDSA before Kalayaan Ave. Makati",MMDA Road Safety Unit,,6b5284dd-621e-4d16-bc06-047a14f15137,2009-09-06,06:30:00,EDSA Magallanes Interchange Makati,0,0,0,0,0,0,0,0,0,0,2009-09-06 14:30,Property,14.55800586,121.0384294,Rear-End
None,EDSA,None,None,"Unknown, Angle Impact, 0.0 drivers_injured, 0.0 drivers_killed, 0.0 passengers_injured, 0.0 passengers_killed, 0.0 pedestrian_injured, 0.0 pedestrian_killed, Fair (Night), EDSA fronting Dusit Hotel Makati",MMDA Road Safety Unit,,32ea6d23-a32a-43c4-a896-f764f582feec,2009-09-05,11:15:00,EDSA before Estrella St. Makati,0,0,0,0,0,0,0,0,0,0,2009-09-05 19:15,Property,14.54808078,121.0265205,Angle Impact
None,EDSA,None,None,"Unknown, Rear-end, 0.0 drivers_injured, 0.0 drivers_killed, 0.0 passengers_injured, 0.0 passengers_killed, 0.0 pedestrian_injured, 0.0 pedestrian_killed, Fair (Night), EDSA before Kalayaan Ave., Bgy. Pinagkaisahan Makati",MMDA Road Safety Unit,,abf16e0a-f9ce-4e77-b51c-0e245e414498,2009-09-05,11:15:00,EDSA Antonio S. Arnaiz Ave. (Pasay Road) Makati,0,0,0,0,0,0,0,0,0,0,2009-09-05 19:15,Property,14.55800586,121.0384294,Rear-End
None,EDSA,None,None,"Unknown, Side Swipe, 0.0 drivers_injured, 0.0 drivers_killed, 0.0 passengers_injured, 0.0 passengers_killed, 0.0 pedestrian_injured, 0.0 pedestrian_killed, Fair (Night), EDSA before Caltex Gas Station, Bgy. Pinagkaisahan Makati",MMDA Road Safety Unit,,34313117-56ac-404b-9dff-12a735c063f1,2009-09-05,10:00:00,EDSA Kalayaan Ave. Makati,0,0,0,0,0,0,0,0,0,0,2009-09-05 18:00,Property,14.55882933,121.0396337,Side Swipe
None,EDSA,None,None,"Unknown, Rear-end, 0.0 drivers_injured, 0.0 drivers_killed, 0.0 passengers_injured, 0.0 passengers_killed, 0.0 pedestrian_injured, 0.0 pedestrian_killed, Fair (Day), EDSA before Orense St., Guadalupe Nuevo Makati",MMDA Road Safety Unit,,859dfb4e-2ffc-4263-8787-74de40a90db8,2009-09-05,03:50:00,EDSA before Antonio S. Arnaiz Ave. (Pasay Road) Makati,0,0,0,0,0,0,0,0,0,0,2009-09-05 11:50,Property,14.56137594,121.0426299,Rear-End
None,EDSA,None,None,"Unknown, Rear-end, 0.0 drivers_injured, 0.0 drivers_killed, 0.0 passengers_injured, 0.0 passengers_killed, 0.0 pedestrian_injured, 0.0 pedestrian_killed, Fair (Day), EDSA MRT-Buendia Station Makati",MMDA Road Safety Unit,,e7d71f4b-683b-402e-bbfc-236f848733b8,2009-09-03,06:00:00,EDSA Kalayaan Ave. Makati,0,0,0,0,0,0,0,0,0,0,2009-09-03 14:00,Property,14.55426124,121.033876,Rear-End
None,EDSA,None,None,"Unknown, Rear-end, 0.0 drivers_injured, 0.0 drivers_killed, 0.0 passengers_injured, 0.0 passengers_killed, 0.0 pedestrian_injured, 0.0 pedestrian_killed, Fair (Day), EDSA MRT Station Buendia Makati",MMDA Road Safety Unit,,128c0d73-7d24-4afb-9ce6-9e6027367f14,2009-08-28,07:00:00,"EDSA fronting Shell Gas Station, Buendia Ave. Makati",0,0,0,0,0,0,0,0,0,0,2009-08-28 15:00,Property,14.55412069,121.033899,Rear-End
None,EDSA,None,None,"Unknown, Side Swipe, 0.0 drivers_injured, 0.0 drivers_killed, 0.0 passengers_injured, 0.0 passengers_killed, 0.0 pedestrian_injured, 0.0 pedestrian_killed, Fair (Day), EDSA fronting Ecology Village Makati",MMDA Road Safety Unit,,139b8222-998e-4852-9a79-88f51837cecb,2009-08-26,05:35:00,EDSA before Ayala Ave. Makati,0,0,0,0,0,0,0,0,0,0,2009-08-26 13:35,Property,14.54209035,121.0191228,Side Swipe
None,EDSA,None,None,"Unknown, Side Swipe, 0.0 drivers_injured, 0.0 drivers_killed, 0.0 passengers_injured, 0.0 passengers_killed, 0.0 pedestrian_injured, 0.0 pedestrian_killed, Fair (Day), EDSA fronting MPI Bldg., Magallanes Makati",MMDA Road Safety Unit,,0daeff23-41e1-40e3-9ac9-aae3006880f8,2009-08-26,05:30:00,EDSA Antonio S. Arnaiz Ave. (Pasay Road) Makati,0,0,0,0,0,0,0,0,0,0,2009-08-26 13:30,Property,14.53964716,121.0155304,Side Swipe
None,EDSA,None,None,"Unknown, Rear-end, 0.0 drivers_injured, 0.0 drivers_killed, 0.0 passengers_injured, 0.0 passengers_killed, 0.0 pedestrian_injured, 0.0 pedestrian_killed, Fair (Night), EDSA Agutaya St. fronting 7-11 Makati",MMDA Road Safety Unit,,a73d0425-d83f-4271-9fc1-c0764e3f3b88,2009-08-21,12:35:00,"EDSA fronting Loyola Memorial Chapels Inc., Guadalupe Makati",0,0,0,0,0,0,0,0,0,0,2009-08-21 20:35,Property,14.55962177,121.040515,Rear-End
None,EDSA,None,None,"Unknown, Rear-end, 0.0 drivers_injured, 0.0 drivers_killed, 0.0 passengers_injured, 0.0 passengers_killed, 0.0 pedestrian_injured, 0.0 pedestrian_killed, Fair (Day), EDSA Mantrade Makati",MMDA Road Safety Unit,,13149127-532c-4632-b30a-6c59b17f0fac,2009-08-21,01:05:00,EDSA Kalayaan Ave. Makati,0,0,0,0,0,0,0,0,0,0,2009-08-21 9:05,Property,14.54127991,121.0184601,Rear-End
None,EDSA,None,None,"Unknown, Rear-end, 0.0 drivers_injured, 0.0 drivers_killed, 0.0 passengers_injured, 0.0 passengers_killed, 0.0 pedestrian_injured, 0.0 pedestrian_killed, Fair (Night), EDSA fronting Sogo Hotel Makati",MMDA Road Safety Unit,,8ea96e04-9d0a-4083-8d98-03b12cf84e05,2009-08-20,20:30:00,EDSA Kalayaan Ave. Makati,0,0,0,0,0,0,0,0,0,0,2009-08-21 4:30,Property,14.56469106,121.0448749,Rear-End
None,EDSA,None,None,"Unknown, Angle Impact, 0.0 drivers_injured, 0.0 drivers_killed, 0.0 passengers_injured, 0.0 passengers_killed, 0.0 pedestrian_injured, 0.0 pedestrian_killed, Fair (Night), EDSA Ayala Ave. Makati",MMDA Road Safety Unit,,5d1c8b73-b525-405a-b936-71deeee36dc8,2009-08-20,12:45:00,EDSA Harvard St. Makati,0,0,0,0,0,0,0,0,0,0,2009-08-20 20:45,Property,14.5503157,121.0293627,Angle Impact
None,EDSA,None,None,"Unknown, Rear-end, 0.0 drivers_injured, 0.0 drivers_killed, 0.0 passengers_injured, 0.0 passengers_killed, 0.0 pedestrian_injured, 0.0 pedestrian_killed, Fair (Day), EDSA at Loading Bay, Buendia Makati",MMDA Road Safety Unit,,cb12e19d-cc33-4233-8e79-5ae1d283136c,2009-08-20,00:15:00,EDSA before MRT-Guadalupe Station Makati,0,0,0,0,0,0,0,0,0,0,2009-08-20 8:15,Property,14.55397144,121.0335083,Rear-End
None,EDSA,None,None,"Unknown, Other (Backing Collision), 0.0 drivers_injured, 0.0 drivers_killed, 0.0 passengers_injured, 0.0 passengers_killed, 0.0 pedestrian_injured, 0.0 pedestrian_killed, Fair (Day), EDSA Guadalupe Loading Bay, Sogo Makati",MMDA Road Safety Unit,,d85692f3-c087-477d-8151-fbb67929a14b,2009-08-17,23:45:00,"EDSA fronting Jacinta Bldg., Guadalupe Makati",0,0,0,0,0,0,0,0,0,0,2009-08-18 7:45,Property,14.56470241,121.0447638,Rear-End
None,EDSA,None,None,"Unknown, Side Swipe, 0.0 drivers_injured, 0.0 drivers_killed, 0.0 passengers_injured, 0.0 passengers_killed, 0.0 pedestrian_injured, 0.0 pedestrian_killed, Fair (Day), EDSA Kalayaan Ave. Makati",MMDA Road Safety Unit,,14c13dfa-f660-46e3-8055-436f6be79774,2009-08-17,02:00:00,EDSA Sen. Gil J. Puyat Ave. (Buendia Ave. Ext.) Makati,0,0,0,0,0,0,0,0,0,0,2009-08-17 10:00,Property,14.55767933,121.038147,Side Swipe
None,EDSA,None,None,"Unknown, Angle Impact, 0.0 drivers_injured, 0.0 drivers_killed, 0.0 passengers_injured, 0.0 passengers_killed, 0.0 pedestrian_injured, 0.0 pedestrian_killed, Fair (Night), EDSA Antonio S. Arnaiz Ave. (Pasay Road) Makati",MMDA Road Safety Unit,,9490b059-79e6-4be6-b6fe-440b3b890296,2009-08-16,17:35:00,EDSA at the ascending portion of Magallanes Interchange Makati,0,0,0,0,0,0,0,0,0,0,2009-08-17 1:35,Property,14.54753179,121.0260155,Angle Impact
None,EDSA,None,None,"Unknown, Rear-end, 0.0 drivers_injured, 0.0 drivers_killed, 0.0 passengers_injured, 0.0 passengers_killed, 0.0 pedestrian_injured, 0.0 pedestrian_killed, Fair (Day), EDSA before Evangelista St. Makati",MMDA Road Safety Unit,,6634f96e-fde1-483b-98ec-9ca9cdc75c11,2009-08-16,06:45:00,"EDSA Orense St., near MMDA Bldg Makati",0,0,0,0,0,0,0,0,0,0,2009-08-16 14:45,Property,14.53919847,121.0125038,Rear-End
None,EDSA,None,None,"Human Error, Side Swipe, 1.0 drivers_injured, 0.0 drivers_killed, 0.0 passengers_injured, 0.0 passengers_killed, 0.0 pedestrian_injured, 0.0 pedestrian_killed, Fair (Night), EDSA Sen. Gil J. Puyat Ave. (Buendia Ave. Ext.) Makati",MMDA Road Safety Unit,,ea81d3d7-8b75-49f3-afa8-bb91e3fcb00b,2009-08-15,11:00:00,EDSA McKinley Road Makati,0,0,0,1,0,0,0,0,0,1,2009-08-15 19:00,Injury,14.55483765,121.0348537,Side Swipe
None,EDSA,None,None,"Unknown, Side Swipe, 0.0 drivers_injured, 0.0 drivers_killed, 0.0 passengers_injured, 0.0 passengers_killed, 0.0 pedestrian_injured, 0.0 pedestrian_killed, Fair (Day), EDSA Ayala Ave. Makati",MMDA Road Safety Unit,,b5568681-1e45-4bf3-a388-74c9c7a79cc3,2009-08-14,03:45:00,EDSA MRT-Magallanes Station Makati,0,0,0,0,0,0,0,0,0,0,2009-08-14 11:45,Property,14.5503157,121.0293627,Side Swipe
None,EDSA,None,None,"Unknown, Side Swipe, 0.0 drivers_injured, 0.0 drivers_killed, 0.0 passengers_injured, 0.0 passengers_killed, 0.0 pedestrian_injured, 0.0 pedestrian_killed, Fair (Day), EDSA after Estrella St. before Shwll Gas Stn. Makati",MMDA Road Safety Unit,,b690f31a-a941-4d86-b120-869bd53396f3,2009-08-13,02:00:00,"EDSA at Loading Bay, Magallanes Makati",0,0,0,0,0,0,0,0,0,0,2009-08-13 10:00,Property,14.55978024,121.0408443,Side Swipe
None,EDSA,None,None,"Unknown, Rear-end, 0.0 drivers_injured, 0.0 drivers_killed, 0.0 passengers_injured, 0.0 passengers_killed, 0.0 pedestrian_injured, 0.0 pedestrian_killed, Fair (Day), EDSA fronting Napolcom, besides MMDA Bldg. Makati",MMDA Road Safety Unit,,501bafd6-a64b-4ad6-a3af-a0c58d5bfde4,2009-08-11,03:30:00,EDSA Estrella St. Makati,0,0,0,0,0,0,0,0,0,0,2009-08-11 11:30,Property,14.56137965,121.0426062,Rear-End
None,EDSA,None,None,"Unknown, Rear-end, 0.0 drivers_injured, 0.0 drivers_killed, 0.0 passengers_injured, 0.0 passengers_killed, 0.0 pedestrian_injured, 0.0 pedestrian_killed, Fair (Night), EDSA at ""U"" turn slot, Buendia Makati",MMDA Road Safety Unit,,768990eb-a280-4458-b8c6-2253395e4c11,2009-08-07,14:25:00,EDSA Ayala Ave. Makati,0,0,0,0,0,0,0,0,0,0,2009-08-07 22:25,Property,14.55536578,121.0354698,Rear-End
None,EDSA,None,None,"Unknown, Rear-end, 0.0 drivers_injured, 0.0 drivers_killed, 0.0 passengers_injured, 0.0 passengers_killed, 0.0 pedestrian_injured, 0.0 pedestrian_killed, Fair (Day), EDSA fronting Guadalupe Market Makati",MMDA Road Safety Unit,,00ca0d2c-315d-457c-a937-bc93891fcc9a,2009-08-06,06:05:00,EDSA Ayala Ave. Makati,0,0,0,0,0,0,0,0,0,0,2009-08-06 14:05,Property,14.56674549,121.0455515,Rear-End
None,EDSA,None,None,"Unknown, Side Swipe, 0.0 drivers_injured, 0.0 drivers_killed, 0.0 passengers_injured, 0.0 passengers_killed, 0.0 pedestrian_injured, 0.0 pedestrian_killed, Fair (Night), EDSA Ayala Ave. Makati",MMDA Road Safety Unit,,0eee66cb-e64d-44de-9e5a-dacbd4244f6e,2009-08-05,13:00:00,EDSA Ayala Ave. Makati,0,0,0,0,0,0,0,0,0,0,2009-08-05 21:00,Property,14.5503157,121.0293627,Side Swipe
None,EDSA,None,None,"Unknown, Angle Impact, 0.0 drivers_injured, 0.0 drivers_killed, 0.0 passengers_injured, 0.0 passengers_killed, 0.0 pedestrian_injured, 0.0 pedestrian_killed, Fair (Day), EDSA Sen. Gil J. Puyat Ave. (Buendia Ave. Ext.) Makati",MMDA Road Safety Unit,,d8f18f78-b14a-4235-952c-a64aab32bc1f,2009-08-05,03:10:00,EDSA fronting MRT-Magallanes Station Makati,0,0,0,0,0,0,0,0,0,0,2009-08-05 11:10,Property,14.55483765,121.0348537,Angle Impact
None,EDSA,None,None,"Unknown, Angle Impact, 0.0 drivers_injured, 0.0 drivers_killed, 0.0 passengers_injured, 0.0 passengers_killed, 0.0 pedestrian_injured, 0.0 pedestrian_killed, Fair (Night), EDSA Antonio S. Arnaiz Ave. (Pasay Road) Makati",MMDA Road Safety Unit,,02fbc25e-1694-4359-8a6b-6e89d2b8229f,2009-08-03,09:30:00,"EDSA fronting Shell Gas Station, Bgy. Pinagkaisahan Makati",0,0,0,0,0,0,0,0,0,0,2009-08-03 17:30,Property,14.54753179,121.0260155,Angle Impact
None,EDSA,None,None,"Unknown, Rear-end, 0.0 drivers_injured, 0.0 drivers_killed, 0.0 passengers_injured, 0.0 passengers_killed, 0.0 pedestrian_injured, 0.0 pedestrian_killed, Fair (Day), EDSA fronting ABC Mall, Guadalupe Makati",MMDA Road Safety Unit,,cefbba09-cc98-4908-ba4d-feab3e92c729,2009-07-31,05:00:00,EDSA Ayala Ave. Makati,0,0,0,0,0,0,0,0,0,0,2009-07-31 13:00,Property,14.56672659,121.045537,Rear-End
None,EDSA,None,None,"Unknown, Angle Impact, 0.0 drivers_injured, 0.0 drivers_killed, 0.0 passengers_injured, 0.0 passengers_killed, 0.0 pedestrian_injured, 0.0 pedestrian_killed, Fair (Day), EDSA Ayala Ave. Makati",MMDA Road Safety Unit,,b2b68dc5-eb06-4a06-ad99-2e48d0728bde,2009-07-28,23:15:00,EDSA after San Carlos Seminary Makati,0,0,0,0,0,0,0,0,0,0,2009-07-29 7:15,Property,14.5503157,121.0293627,Angle Impact
None,EDSA,None,None,"Unknown, Side Swipe, 0.0 drivers_injured, 0.0 drivers_killed, 0.0 passengers_injured, 0.0 passengers_killed, 0.0 pedestrian_injured, 0.0 pedestrian_killed, Fair (Night), EDSA before Kalayaan Ave. Makati",MMDA Road Safety Unit,,d5569460-f774-4c2c-9dd1-66fef9aa8714,2009-07-28,10:55:00,EDSA Access Road of Forbes Park Makati,0,0,0,0,0,0,0,0,0,0,2009-07-28 18:55,Property,14.55800586,121.0384294,Side Swipe
None,EDSA,None,None,"Unknown, Rear-end, 0.0 drivers_injured, 0.0 drivers_killed, 0.0 passengers_injured, 0.0 passengers_killed, 0.0 pedestrian_injured, 0.0 pedestrian_killed, Fair (Day), EDSA Magallanes Interchange Makati",MMDA Road Safety Unit,,9845779f-2639-4bda-aa38-fd1818f62c7e,2009-07-28,05:45:00,EDSA approaching Mantrade Makati,0,0,0,0,0,0,0,0,0,0,2009-07-28 13:45,Property,14.54679556,121.0248047,Rear-End