LOCATION_TEXT,ROAD,WEATHER,LIGHT,DESC,REPORTING_AGENCY,MAIN_CAUSE,INCIDENTDETAILS_ID,DATE_UTC,TIME_UTC,ADDRESS,killed_driver,killed_passenger,killed_pedestrian,injured_driver,injured_passenger,injured_pedestrian,killed_uncategorized,injured_uncategorized,killed_total,injured_total,DATETIME_PST,SEVERITY,Y,X,COLLISION_TYPE
None,EDSA,None,None,"Unknown, Rear-end, 0.0 drivers_injured, 0.0 drivers_killed, 0.0 passengers_injured, 0.0 passengers_killed, 0.0 pedestrian_injured, 0.0 pedestrian_killed, Fair (Day), EDSA before Estrella St. Makati",MMDA Road Safety Unit,,479a7cdd-a628-468e-aa71-2e656d54b2d9,2009-07-26,05:30:00,EDSA Magallanes Ave. Makati,0,0,0,0,0,0,0,0,0,0,2009-07-26 13:30,Property,14.56050923,121.0412638,Rear-End
None,EDSA,None,None,"Unknown, Side Swipe, 0.0 drivers_injured, 0.0 drivers_killed, 0.0 passengers_injured, 0.0 passengers_killed, 0.0 pedestrian_injured, 0.0 pedestrian_killed, Fair (Day), EDSA Antonio S. Arnaiz Ave. (Pasay Road) Makati",MMDA Road Safety Unit,,57b88b1c-4df1-4747-8d82-18bc4251a218,2009-07-21,01:15:00,"EDSA at ""U"" turn slot, Buendia Makati",0,0,0,0,0,0,0,0,0,0,2009-07-21 9:15,Property,14.54753179,121.0260155,Side Swipe
None,EDSA,None,None,"Unknown, Side Swipe, 0.0 drivers_injured, 0.0 drivers_killed, 0.0 passengers_injured, 0.0 passengers_killed, 0.0 pedestrian_injured, 0.0 pedestrian_killed, Fair (Night), EDSA Kalayaan Ave. Makati",MMDA Road Safety Unit,,5783dc20-f851-42d8-924e-54bd4acc7738,2009-07-19,10:30:00,EDSA Orense St. Makati,0,0,0,0,0,0,0,0,0,0,2009-07-19 18:30,Property,14.55767933,121.038147,Side Swipe
None,EDSA,None,None,"Unknown, Rear-end, 0.0 drivers_injured, 0.0 drivers_killed, 0.0 passengers_injured, 0.0 passengers_killed, 0.0 pedestrian_injured, 0.0 pedestrian_killed, Fair (Day), EDSA before Antonio S. Arnaiz Ave. (Pasay Road) Makati",MMDA Road Safety Unit,,820e32d3-5449-4eca-a83d-d9e140e0909f,2009-07-17,03:00:00,EDSA fronting Loyola Memorial Chapels Inc. Makati,0,0,0,0,0,0,0,0,0,0,2009-07-17 11:00,Property,14.54766092,121.0261295,Rear-End
None,EDSA,None,None,"Human Error, Angle Impact, 0.0 drivers_injured, 0.0 drivers_killed, 0.0 passengers_injured, 0.0 passengers_killed, 0.0 pedestrian_injured, 0.0 pedestrian_killed, Fair (Day), EDSA Kalayaan Ave. Makati",MMDA Road Safety Unit,,5407ad85-071f-4eb2-bc7f-2c3bc9ef3b7a,2009-07-16,05:30:00,EDSA after MRT-Buendia Station Makati,0,0,0,0,0,0,0,0,0,0,2009-07-16 13:30,Property,14.55782131,121.0385334,Angle Impact
None,EDSA,None,None,"Human Error, Side Swipe, 0.0 drivers_injured, 0.0 drivers_killed, 0.0 passengers_injured, 0.0 passengers_killed, 0.0 pedestrian_injured, 0.0 pedestrian_killed, Fair (Night), EDSA fronting Shell Gas Station, Buendia Ave. Makati",MMDA Road Safety Unit,,c2fcf243-d659-4a92-8adc-d726d188719a,2009-07-15,12:40:00,EDSA before MRT-Magallanes Station Makati,0,0,0,0,0,0,0,0,0,0,2009-07-15 20:40,Property,14.55541422,121.0352322,Side Swipe
None,EDSA,None,None,"Unknown, Rear-end, 0.0 drivers_injured, 0.0 drivers_killed, 0.0 passengers_injured, 0.0 passengers_killed, 0.0 pedestrian_injured, 0.0 pedestrian_killed, Fair (Night), EDSA before Ayala Ave. Makati",MMDA Road Safety Unit,,af27365a-f49a-4cac-9303-358343101dd0,2009-07-13,09:45:00,EDSA Antonio S. Arnaiz Ave. (Pasay Road) Makati,0,0,0,0,0,0,0,0,0,0,2009-07-13 17:45,Property,14.55048281,121.029498,Rear-End
None,EDSA,None,None,"Unknown, Rear-end, 0.0 drivers_injured, 0.0 drivers_killed, 0.0 passengers_injured, 0.0 passengers_killed, 0.0 pedestrian_injured, 0.0 pedestrian_killed, Fair (Day), EDSA Antonio S. Arnaiz Ave. (Pasay Road) Makati",MMDA Road Safety Unit,,90d3b9d5-59db-401b-bd89-30877d98a540,2009-07-13,01:50:00,EDSA after Sen. Gil J. Puyat Ave. (Buendia Ave. Ext.) Makati,0,0,0,0,0,0,0,0,0,0,2009-07-13 9:50,Property,14.54753179,121.0260155,Rear-End
None,EDSA,None,None,"Unknown, Side Swipe, 0.0 drivers_injured, 0.0 drivers_killed, 0.0 passengers_injured, 0.0 passengers_killed, 0.0 pedestrian_injured, 0.0 pedestrian_killed, Fair (Night), EDSA fronting Loyola Memorial Chapels Inc., Guadalupe Makati",MMDA Road Safety Unit,,324f933e-3e0d-4d98-8aa2-f964ebbefc31,2009-07-12,12:30:00,EDSA before Buendia Loading Bay Makati,0,0,0,0,0,0,0,0,0,0,2009-07-12 20:30,Property,14.56543084,121.044954,Side Swipe
None,EDSA,None,None,"Unknown, Rear-end, 0.0 drivers_injured, 0.0 drivers_killed, 0.0 passengers_injured, 0.0 passengers_killed, 0.0 pedestrian_injured, 0.0 pedestrian_killed, Fair (Night), EDSA Kalayaan Ave. Makati",MMDA Road Safety Unit,,3b7211b9-21b1-4e40-afac-4b3c85de7227,2009-07-12,11:05:00,"EDSA fronting Shell Gas Station, after Escuela St. Makati",0,0,0,0,0,0,0,0,0,0,2009-07-12 19:05,Property,14.55767933,121.038147,Rear-End
None,EDSA,None,None,"Human Error, Angle Impact, 0.0 drivers_injured, 0.0 drivers_killed, 0.0 passengers_injured, 0.0 passengers_killed, 0.0 pedestrian_injured, 0.0 pedestrian_killed, Fair (Night), EDSA Kalayaan Ave. Makati",MMDA Road Safety Unit,,3ce528b7-27b1-4c54-a757-f847b9228ff6,2009-07-10,11:40:00,EDSA before MRT-Buendia Station Makati,0,0,0,0,0,0,0,0,0,0,2009-07-10 19:40,Property,14.55782131,121.0385334,Angle Impact
None,EDSA,None,None,"Unknown, Angle Impact, 0.0 drivers_injured, 0.0 drivers_killed, 0.0 passengers_injured, 0.0 passengers_killed, 0.0 pedestrian_injured, 0.0 pedestrian_killed, Fair (Night), EDSA Harvard St. Makati",MMDA Road Safety Unit,,ef977bca-fd59-4cc6-8a2a-6269d6227407,2009-07-10,11:05:00,EDSA approaching Guadalupe Loading Bay Makati,0,0,0,0,0,0,0,0,0,0,2009-07-10 19:05,Property,14.55920138,121.0400581,Angle Impact
None,EDSA,None,None,"Unknown, Rear-end, 0.0 drivers_injured, 0.0 drivers_killed, 0.0 passengers_injured, 0.0 passengers_killed, 0.0 pedestrian_injured, 0.0 pedestrian_killed, Fair (Day), EDSA before MRT-Guadalupe Station Makati",MMDA Road Safety Unit,,ba927d45-de5f-427a-a605-bf4a343f9d6f,2009-07-10,05:20:00,EDSA fronting MRT-Guadalupe Station Makati,0,0,0,0,0,0,0,0,0,0,2009-07-10 13:20,Property,14.56643261,121.0453747,Rear-End
None,EDSA,None,None,"Unknown, Side Swipe, 0.0 drivers_injured, 0.0 drivers_killed, 0.0 passengers_injured, 0.0 passengers_killed, 0.0 pedestrian_injured, 0.0 pedestrian_killed, Fair (Day), EDSA fronting Jacinta Bldg., Guadalupe Makati",MMDA Road Safety Unit,,838156f3-f385-4b13-915b-87f65c785c95,2009-07-10,02:05:00,"EDSA EDSA, McKinley Loop Makati",0,0,0,0,0,0,0,0,0,0,2009-07-10 10:05,Property,14.56141781,121.0426211,Side Swipe
None,EDSA,None,None,"Unknown, Angle Impact, 0.0 drivers_injured, 0.0 drivers_killed, 0.0 passengers_injured, 0.0 passengers_killed, 0.0 pedestrian_injured, 0.0 pedestrian_killed, Fair (Day), EDSA Sen. Gil J. Puyat Ave. (Buendia Ave. Ext.) Makati",MMDA Road Safety Unit,,ca1b4d41-3f21-420b-8f6a-8bc60d2f832b,2009-07-09,23:00:00,EDSA approaching EDSA-Magalanes Makati,0,0,0,0,0,0,0,0,0,0,2009-07-10 7:00,Property,14.55483765,121.0348537,Angle Impact
None,EDSA,None,None,"Unknown, Rear-end, 0.0 drivers_injured, 0.0 drivers_killed, 0.0 passengers_injured, 0.0 passengers_killed, 0.0 pedestrian_injured, 0.0 pedestrian_killed, Fair (Day), EDSA at the ascending portion of Magallanes Interchange Makati",MMDA Road Safety Unit,,09722555-ff12-4285-a411-87f1b3f4be96,2009-07-07,07:00:00,"EDSA Pasay Road, Caltex Gas Station Makati",0,0,0,0,0,0,0,0,0,0,2009-07-07 15:00,Property,14.54096246,121.0176775,Rear-End
None,EDSA,None,None,"Human Error, Rear-end, 0.0 drivers_injured, 0.0 drivers_killed, 0.0 passengers_injured, 0.0 passengers_killed, 0.0 pedestrian_injured, 0.0 pedestrian_killed, Fair (Night), EDSA Orense St., near MMDA Bldg Makati",MMDA Road Safety Unit,,babe2358-2407-4ab8-9805-b51358674865,2009-07-06,10:35:00,EDSA fronting Loyola Memorial Chapels Inc. Makati,0,0,0,0,0,0,0,0,0,0,2009-07-06 18:35,Property,14.56156378,121.0428336,Rear-End
None,EDSA,None,None,"Unknown, Side Swipe, 0.0 drivers_injured, 0.0 drivers_killed, 0.0 passengers_injured, 0.0 passengers_killed, 0.0 pedestrian_injured, 0.0 pedestrian_killed, Fair (Night), EDSA McKinley Road Makati",MMDA Road Safety Unit,,d215d7a6-1693-4f1f-9fc9-9f37ec580bd0,2009-07-03,09:00:00,EDSA Ayala Ave. Makati,0,0,0,0,0,0,0,0,0,0,2009-07-03 17:00,Property,14.55015688,121.0295286,Side Swipe
None,EDSA,None,None,"Unknown, Side Swipe, 0.0 drivers_injured, 0.0 drivers_killed, 0.0 passengers_injured, 0.0 passengers_killed, 0.0 pedestrian_injured, 0.0 pedestrian_killed, Fair (Day), EDSA MRT-Magallanes Station Makati",MMDA Road Safety Unit,,fd1fd0e1-cf15-41ef-8aff-482bf4f47a0f,2009-07-03,02:35:00,EDSA fronting Metropolitan Manila Development Authority Makati,0,0,0,0,0,0,0,0,0,0,2009-07-03 10:35,Property,14.54200463,121.0193373,Side Swipe
None,EDSA,None,None,"Unknown, Rear-end, 0.0 drivers_injured, 0.0 drivers_killed, 0.0 passengers_injured, 0.0 passengers_killed, 0.0 pedestrian_injured, 0.0 pedestrian_killed, Fair (Day), EDSA at Loading Bay, Magallanes Makati",MMDA Road Safety Unit,,c2498afb-75c5-4d95-b120-87d77b4198b2,2009-07-02,02:45:00,"EDSA South Super Highway, Bgy. Magallanes Makati",0,0,0,0,0,0,0,0,0,0,2009-07-02 10:45,Property,14.5434526,121.021068,Rear-End
None,EDSA,None,None,"Unknown, Side Swipe, 0.0 drivers_injured, 0.0 drivers_killed, 0.0 passengers_injured, 0.0 passengers_killed, 0.0 pedestrian_injured, 0.0 pedestrian_killed, Fair (Day), EDSA Estrella St. Makati",MMDA Road Safety Unit,,d1926278-d110-400f-8a28-14456b9e9a7c,2009-07-01,00:40:00,EDSA Ayala Ave. Makati,0,0,0,0,0,0,0,0,0,0,2009-07-01 8:40,Property,14.56004326,121.0411034,Side Swipe
None,EDSA,None,None,"Unknown, Rear-end, 0.0 drivers_injured, 0.0 drivers_killed, 0.0 passengers_injured, 0.0 passengers_killed, 0.0 pedestrian_injured, 0.0 pedestrian_killed, Fair (Night), EDSA Ayala Ave. Makati",MMDA Road Safety Unit,,f9230ca1-9ace-400f-a88c-bbb4e62ce78b,2009-06-30,11:00:00,EDSA after Evangelista St. Makati,0,0,0,0,0,0,0,0,0,0,2009-06-30 19:00,Property,14.5503157,121.0293627,Rear-End
None,EDSA,None,None,"Unknown, Rear-end, 0.0 drivers_injured, 0.0 drivers_killed, 0.0 passengers_injured, 0.0 passengers_killed, 0.0 pedestrian_injured, 0.0 pedestrian_killed, Fair (Day), EDSA Ayala Ave. Makati",MMDA Road Safety Unit,,ac945c0a-73c0-4d56-a9da-b27b0b462fc3,2009-06-30,03:05:00,EDSA before Sen. Gil J. Puyat Ave. (Buendia Ave. Ext.) Makati,0,0,0,0,0,0,0,0,0,0,2009-06-30 11:05,Property,14.5503157,121.0293627,Rear-End
None,EDSA,None,None,"Unknown, Side Swipe, 0.0 drivers_injured, 0.0 drivers_killed, 0.0 passengers_injured, 0.0 passengers_killed, 0.0 pedestrian_injured, 0.0 pedestrian_killed, Fair (Night), EDSA Ayala Ave. Makati",MMDA Road Safety Unit,,27fddca0-759f-482c-894d-4b712eefb6a2,2009-06-28,10:30:00,"EDSA after San Carlos Seminary, Guadalupe Makati",0,0,0,0,0,0,0,0,0,0,2009-06-28 18:30,Property,14.5503157,121.0293627,Side Swipe
None,EDSA,None,None,"Unknown, Angle Impact, 0.0 drivers_injured, 0.0 drivers_killed, 0.0 passengers_injured, 0.0 passengers_killed, 0.0 pedestrian_injured, 0.0 pedestrian_killed, Fair (Day), EDSA fronting MRT-Magallanes Station Makati",MMDA Road Safety Unit,,807542e3-09aa-4eee-90c1-63a4da83901f,2009-06-21,04:05:00,EDSA after San Carlos Seminary Makati,0,0,0,0,0,0,0,0,0,0,2009-06-21 12:05,Property,14.54205079,121.0191405,Angle Impact
None,EDSA,None,None,"Unknown, Side Swipe, 0.0 drivers_injured, 0.0 drivers_killed, 0.0 passengers_injured, 0.0 passengers_killed, 0.0 pedestrian_injured, 0.0 pedestrian_killed, Fair (Day), EDSA fronting Shell Gas Station, Bgy. Pinagkaisahan Makati",MMDA Road Safety Unit,,597f2c67-7db2-4580-a3a2-51f8eb01d06a,2009-06-21,03:30:00,EDSA Evangelista St. Makati,0,0,0,0,0,0,0,0,0,0,2009-06-21 11:30,Property,14.55541422,121.0352322,Side Swipe
None,EDSA,None,None,"Human Error, Angle Impact, 0.0 drivers_injured, 0.0 drivers_killed, 0.0 passengers_injured, 0.0 passengers_killed, 0.0 pedestrian_injured, 0.0 pedestrian_killed, Fair (Day), EDSA Ayala Ave. Makati",MMDA Road Safety Unit,,26849fb5-89e0-4782-9b2f-579ac8661f11,2009-06-16,04:10:00,EDSA before Magallanes Interchange Makati,0,0,0,0,0,0,0,0,0,0,2009-06-16 12:10,Property,14.55049061,121.0293883,Angle Impact
None,EDSA,None,None,"Human Error, Side Swipe, 0.0 drivers_injured, 0.0 drivers_killed, 0.0 passengers_injured, 0.0 passengers_killed, 0.0 pedestrian_injured, 0.0 pedestrian_killed, Fair (Day), EDSA after San Carlos Seminary Makati",MMDA Road Safety Unit,,6a87f840-9c10-4239-974b-e75a4f06a414,2009-06-15,06:30:00,EDSA before Guadalupe Bridge Makati,0,0,0,0,0,0,0,0,0,0,2009-06-15 14:30,Property,14.56284964,121.0436572,Side Swipe
None,EDSA,None,None,"Unknown, Rear-end, 0.0 drivers_injured, 0.0 drivers_killed, 0.0 passengers_injured, 0.0 passengers_killed, 0.0 pedestrian_injured, 0.0 pedestrian_killed, Fair (Day), EDSA Access Road of Forbes Park Makati",MMDA Road Safety Unit,,f69808da-e54a-4fbb-aa1a-eadbf14080fe,2009-06-08,07:45:00,EDSA Magallanes Ave. Makati,0,0,0,0,0,0,0,0,0,0,2009-06-08 15:45,Property,14.55018892,121.0295283,Rear-End
None,EDSA,None,None,"Unknown, Hit and Run (No Collision Stated), 0.0 drivers_injured, 0.0 drivers_killed, 0.0 passengers_injured, 0.0 passengers_killed, 0.0 pedestrian_injured, 0.0 pedestrian_killed, Fair (Night), EDSA approaching Mantrade Makati",MMDA Road Safety Unit,,6f5ac845-f6ce-4f5b-bff3-834047adc0e6,2009-06-07,17:15:00,EDSA Antonio S. Arnaiz Ave. (Pasay Road) Makati,0,0,0,0,0,0,0,0,0,0,2009-06-08 1:15,Property,14.54093621,121.0181073,No Collision Stated
None,EDSA,None,None,"Unknown, Side Swipe, 0.0 drivers_injured, 0.0 drivers_killed, 0.0 passengers_injured, 0.0 passengers_killed, 0.0 pedestrian_injured, 0.0 pedestrian_killed, Fair (Day), EDSA Magallanes Ave. Makati",MMDA Road Safety Unit,,26d62921-6141-4e3d-be06-ddd2de4efde9,2009-06-06,04:30:00,EDSA Guadalupe Bridge Makati,0,0,0,0,0,0,0,0,0,0,2009-06-06 12:30,Property,14.53924572,121.0142961,Side Swipe
None,EDSA,None,None,"Unknown, Side Swipe, 0.0 drivers_injured, 0.0 drivers_killed, 0.0 passengers_injured, 0.0 passengers_killed, 0.0 pedestrian_injured, 0.0 pedestrian_killed, Fair (Day), EDSA at ""U"" turn slot, Buendia Makati",MMDA Road Safety Unit,,def547db-e6ec-48ea-ae49-5b7b041d9d53,2009-06-05,02:15:00,EDSA Ayala Ave. Makati,0,0,0,0,0,0,0,0,0,0,2009-06-05 10:15,Property,14.55536578,121.0354698,Side Swipe
None,EDSA,None,None,"Unknown, Side Swipe, 0.0 drivers_injured, 0.0 drivers_killed, 0.0 passengers_injured, 0.0 passengers_killed, 0.0 pedestrian_injured, 0.0 pedestrian_killed, Fair (Day), EDSA Orense St. Makati",MMDA Road Safety Unit,,17ea43f7-4e6b-4f24-8762-b7307a820a51,2009-05-27,01:15:00,"EDSA at ""U"" turn slot, Buendia Makati",0,0,0,0,0,0,0,0,0,0,2009-05-27 9:15,Property,14.56156378,121.0428336,Side Swipe
None,EDSA,None,None,"Human Error, Side Swipe, 0.0 drivers_injured, 0.0 drivers_killed, 0.0 passengers_injured, 0.0 passengers_killed, 0.0 pedestrian_injured, 0.0 pedestrian_killed, Fair (Day), EDSA fronting Loyola Memorial Chapels Inc. Makati",MMDA Road Safety Unit,,a6b9d697-4c82-4633-8404-7e32bf6e3182,2009-05-24,06:00:00,EDSA McKinley Road Makati,0,0,0,0,0,0,0,0,0,0,2009-05-24 14:00,Property,14.56543084,121.044954,Side Swipe
None,EDSA,None,None,"Unknown, Rear-end, 0.0 drivers_injured, 0.0 drivers_killed, 0.0 passengers_injured, 0.0 passengers_killed, 0.0 pedestrian_injured, 0.0 pedestrian_killed, Fair (Day), EDSA after MRT-Buendia Station Makati",MMDA Road Safety Unit,,fdc20bcb-d6a4-48b4-a13d-7360c9efa348,2009-05-22,07:05:00,EDSA Antonio S. Arnaiz Ave. (Pasay Road) Makati,0,0,0,0,0,0,0,0,0,0,2009-05-22 15:05,Property,14.55405293,121.033672,Rear-End
None,EDSA,None,None,"Unknown, Rear-end, 0.0 drivers_injured, 0.0 drivers_killed, 0.0 passengers_injured, 0.0 passengers_killed, 0.0 pedestrian_injured, 0.0 pedestrian_killed, Fair (Day), EDSA before MRT-Magallanes Station Makati",MMDA Road Safety Unit,,7a2dd216-aac8-4763-8741-c2b99712c58e,2009-05-21,22:45:00,EDSA Ayala Ave. Makati,0,0,0,0,0,0,0,0,0,0,2009-05-22 6:45,Property,14.5421625,121.0193054,Rear-End
None,EDSA,None,None,"Unknown, Rear-end, 0.0 drivers_injured, 0.0 drivers_killed, 0.0 passengers_injured, 0.0 passengers_killed, 0.0 pedestrian_injured, 0.0 pedestrian_killed, Fair (Night), EDSA Antonio S. Arnaiz Ave. (Pasay Road) Makati",MMDA Road Safety Unit,,59bbe35e-23fc-455e-a9ab-55cd2fe59972,2009-05-20,14:50:00,EDSA fronting MRT-Guadalupe Station Makati,0,0,0,0,0,0,0,0,0,0,2009-05-20 22:50,Property,14.54753179,121.0260155,Rear-End
None,EDSA,None,None,"Unknown, Side Swipe, 0.0 drivers_injured, 0.0 drivers_killed, 0.0 passengers_injured, 0.0 passengers_killed, 0.0 pedestrian_injured, 0.0 pedestrian_killed, Fair (Day), EDSA after Sen. Gil J. Puyat Ave. (Buendia Ave. Ext.) Makati",MMDA Road Safety Unit,,56adf474-e293-4dbd-a29d-3ad52f4cd2cb,2009-05-20,07:30:00,EDSA Estrella St. Makati,0,0,0,0,0,0,0,0,0,0,2009-05-20 15:30,Property,14.55523126,121.0354578,Side Swipe
None,EDSA,None,None,"Unknown, Rear-end, 0.0 drivers_injured, 0.0 drivers_killed, 0.0 passengers_injured, 0.0 passengers_killed, 0.0 pedestrian_injured, 0.0 pedestrian_killed, Fair (Day), EDSA before Buendia Loading Bay Makati",MMDA Road Safety Unit,,6f545642-e5a8-4c2e-ae42-2fd51494770f,2009-05-18,01:20:00,EDSA Guadalupe Bridge Makati,0,0,0,0,0,0,0,0,0,0,2009-05-18 9:20,Property,14.55431133,121.0339165,Rear-End
None,EDSA,None,None,"Unknown, Rear-end, 0.0 drivers_injured, 0.0 drivers_killed, 0.0 passengers_injured, 0.0 passengers_killed, 0.0 pedestrian_injured, 0.0 pedestrian_killed, Fair (Day), EDSA fronting Shell Gas Station, after Escuela St. Makati",MMDA Road Safety Unit,,2dfb1175-126d-46e9-9657-ae1073c462de,2009-05-17,04:45:00,EDSA Guadalupe Bridge Makati,0,0,0,0,0,0,0,0,0,0,2009-05-17 12:45,Property,14.56011906,121.0412019,Rear-End
None,EDSA,None,None,"Unknown, Side Swipe, 0.0 drivers_injured, 0.0 drivers_killed, 0.0 passengers_injured, 0.0 passengers_killed, 0.0 pedestrian_injured, 0.0 pedestrian_killed, Fair (Day), EDSA before MRT-Buendia Station Makati",MMDA Road Safety Unit,,3d47197c-e134-4bbd-81c2-d58f764e3a03,2009-05-15,05:15:00,"EDSA at ""U"" turn slot, Buendia Makati",0,0,0,0,0,0,0,0,0,0,2009-05-15 13:15,Property,14.55432332,121.0340339,Side Swipe
None,EDSA,None,None,"Human Error, Rear-end, 0.0 drivers_injured, 0.0 drivers_killed, 0.0 passengers_injured, 0.0 passengers_killed, 0.0 pedestrian_injured, 0.0 pedestrian_killed, Fair (Day), EDSA approaching Guadalupe Loading Bay Makati",MMDA Road Safety Unit,,7f29fceb-4816-4992-86b8-893009843add,2009-05-14,08:30:00,EDSA fronting Loyola Memorial Chapels Inc. Makati,0,0,0,0,0,0,0,0,0,0,2009-05-14 16:30,Property,14.56490237,121.0448009,Rear-End
None,EDSA,None,None,"Human Error, Side Swipe, 0.0 drivers_injured, 0.0 drivers_killed, 0.0 passengers_injured, 0.0 passengers_killed, 0.0 pedestrian_injured, 0.0 pedestrian_killed, Fair (Day), EDSA fronting MRT-Guadalupe Station Makati",MMDA Road Safety Unit,,6e2d1a20-adcf-4b6c-9d1f-5526aad66a04,2009-05-11,02:00:00,EDSA McKinley Road Makati,0,0,0,0,0,0,0,0,0,0,2009-05-11 10:00,Property,14.56661161,121.0453363,Side Swipe
None,EDSA,None,None,"Human Error, Side Swipe, 0.0 drivers_injured, 0.0 drivers_killed, 0.0 passengers_injured, 0.0 passengers_killed, 0.0 pedestrian_injured, 0.0 pedestrian_killed, Fair (Day), EDSA EDSA, McKinley Loop Makati",MMDA Road Safety Unit,,463cf50d-2652-4513-8bd2-b982f0c02e80,2009-05-08,03:30:00,EDSA after Sen. Gil J. Puyat Ave. (Buendia Ave. Ext.) Makati,0,0,0,0,0,0,0,0,0,0,2009-05-08 11:30,Property,14.55015646,121.0294793,Side Swipe
None,EDSA,None,None,"Human Error, Side Swipe, 0.0 drivers_injured, 0.0 drivers_killed, 0.0 passengers_injured, 0.0 passengers_killed, 0.0 pedestrian_injured, 0.0 pedestrian_killed, Fair (Night), EDSA approaching EDSA-Magalanes Makati",MMDA Road Safety Unit,,44f0a290-1c50-4cc7-891f-7b4ecf317474,2009-05-06,14:30:00,EDSA Ayala Ave. Makati,0,0,0,0,0,0,0,0,0,0,2009-05-06 22:30,Property,14.54217212,121.0193195,Side Swipe
None,EDSA,None,None,"Human Error, Rear-end, 0.0 drivers_injured, 0.0 drivers_killed, 0.0 passengers_injured, 0.0 passengers_killed, 0.0 pedestrian_injured, 0.0 pedestrian_killed, Fair (Day), EDSA Pasay Road, fronting Caltex Gas Station Makati",MMDA Road Safety Unit,,70fa5f03-fb84-49b3-8e13-afafef584632,2009-05-06,02:30:00,"EDSA fronting Shell Gas Station, McKinley Makati",0,0,0,0,0,0,0,0,0,0,2009-05-06 10:30,Property,14.54758327,121.025974,Rear-End
None,EDSA,None,None,"Unknown, Rear-end, 0.0 drivers_injured, 0.0 drivers_killed, 0.0 passengers_injured, 0.0 passengers_killed, 0.0 pedestrian_injured, 0.0 pedestrian_killed, Fair (Day), EDSA fronting Loyola Memorial Chapels Inc. Makati",MMDA Road Safety Unit,,228e1270-9f72-4055-beb7-5f65987b9882,2009-04-22,02:05:00,EDSA Sen. Gil J. Puyat Ave. (Buendia Ave. Ext.) Makati,0,0,0,0,0,0,0,0,0,0,2009-04-22 10:05,Property,14.56543084,121.044954,Rear-End
None,EDSA,None,None,"Unknown, Hit and Run (No Collision Stated), 0.0 drivers_injured, 0.0 drivers_killed, 0.0 passengers_injured, 0.0 passengers_killed, 0.0 pedestrian_injured, 0.0 pedestrian_killed, Fair (Day), EDSA Ayala Ave. Makati",MMDA Road Safety Unit,,46af99fc-b411-4316-94cd-78be69332963,2009-04-21,23:45:00,EDSA Sen. Gil J. Puyat Ave. (Buendia Ave. Ext.) Makati,0,0,0,0,0,0,0,0,0,0,2009-04-22 7:45,Property,14.5503157,121.0293627,No Collision Stated
None,EDSA,None,None,"Unknown, Rear-end, 0.0 drivers_injured, 0.0 drivers_killed, 0.0 passengers_injured, 0.0 passengers_killed, 0.0 pedestrian_injured, 0.0 pedestrian_killed, Fair (Day), EDSA fronting Metropolitan Manila Development Authority Makati",MMDA Road Safety Unit,,81980cda-f114-44b0-afcc-9aaab7b22732,2009-04-20,05:55:00,EDSA Ayala Loading Bay Makati,0,0,0,0,0,0,0,0,0,0,2009-04-20 13:55,Property,14.56149345,121.0426385,Rear-End
None,EDSA,None,None,"Human Error, Rear-end, 0.0 drivers_injured, 0.0 drivers_killed, 0.0 passengers_injured, 0.0 passengers_killed, 0.0 pedestrian_injured, 0.0 pedestrian_killed, Fair (Day), EDSA South Super Highway, Bgy. Magallanes Makati",MMDA Road Safety Unit,,59b0bf54-e9de-4884-809e-a5f24e8e2371,2009-04-18,01:40:00,EDSA Ayala Loading Bay Makati,0,0,0,0,0,0,0,0,0,0,2009-04-18 9:40,Property,14.54054957,121.016932,Rear-End
None,EDSA,None,None,"Human Error, Angle Impact, 0.0 drivers_injured, 0.0 drivers_killed, 0.0 passengers_injured, 0.0 passengers_killed, 0.0 pedestrian_injured, 0.0 pedestrian_killed, Fair (Day), EDSA Ayala Ave. Makati",MMDA Road Safety Unit,,c8b6849f-d539-48a4-9315-b597fbeb2851,2009-04-15,09:30:00,"EDSA Cloverleaf, before MRT-Guadalupe Station Makati",0,0,0,0,0,0,0,0,0,0,2009-04-15 17:30,Property,14.55049061,121.0293883,Angle Impact
None,EDSA,None,None,"Human Error, Side Swipe, 0.0 drivers_injured, 0.0 drivers_killed, 0.0 passengers_injured, 0.0 passengers_killed, 0.0 pedestrian_injured, 0.0 pedestrian_killed, Fair (Day), EDSA after Evangelista St. Makati",MMDA Road Safety Unit,,2893e33c-81b7-42c2-a291-b33bccffaa99,2009-04-11,03:20:00,EDSA near Buendia Bliss  Makati,0,0,0,0,0,0,0,0,0,0,2009-04-11 11:20,Property,14.53899904,121.0117058,Side Swipe
None,EDSA,None,None,"Human Error, Side Swipe, 0.0 drivers_injured, 0.0 drivers_killed, 0.0 passengers_injured, 0.0 passengers_killed, 0.0 pedestrian_injured, 0.0 pedestrian_killed, Fair (Day), EDSA before Sen. Gil J. Puyat Ave. (Buendia Ave. Ext.) Makati",MMDA Road Safety Unit,,f4bf38b5-d187-4496-a87a-2c4cd7a8790e,2009-04-05,04:00:00,EDSA before MRT-Guadalupe Station Makati,0,0,0,0,0,0,0,0,0,0,2009-04-05 12:00,Property,14.55470761,121.0348634,Side Swipe
None,EDSA,None,None,"Human Error, Rear-end, 0.0 drivers_injured, 0.0 drivers_killed, 0.0 passengers_injured, 0.0 passengers_killed, 0.0 pedestrian_injured, 0.0 pedestrian_killed, Fair (Night), EDSA after San Carlos Seminary, Guadalupe Makati",MMDA Road Safety Unit,,dc51039f-26bf-45f5-ae6b-9f6830c4fc38,2009-04-04,15:30:00,EDSA Tramo St. (NB) Makati,0,0,0,0,0,0,0,0,0,0,2009-04-04 23:30,Property,14.56284964,121.0436572,Rear-End