LOCATION_TEXT,ROAD,WEATHER,LIGHT,DESC,REPORTING_AGENCY,MAIN_CAUSE,INCIDENTDETAILS_ID,DATE_UTC,TIME_UTC,ADDRESS,killed_driver,killed_passenger,killed_pedestrian,injured_driver,injured_passenger,injured_pedestrian,killed_uncategorized,injured_uncategorized,killed_total,injured_total,DATETIME_PST,SEVERITY,Y,X,COLLISION_TYPE
None,EDSA,None,None,"Unknown, Rear-end, 0.0 drivers_injured, 0.0 drivers_killed, 0.0 passengers_injured, 0.0 passengers_killed, 0.0 pedestrian_injured, 0.0 pedestrian_killed, Fair (Day), EDSA after San Carlos Seminary Makati",MMDA Road Safety Unit,,262b5219-9540-447a-98de-58b6afbb017f,2009-03-20,01:50:00,EDSA fronting San Carlos Seminary Makati,0,0,0,0,0,0,0,0,0,0,2009-03-20 9:50,Property,14.56284964,121.0436572,Rear-End
None,EDSA,None,None,"Human Error, Angle Impact, 0.0 drivers_injured, 0.0 drivers_killed, 0.0 passengers_injured, 0.0 passengers_killed, 0.0 pedestrian_injured, 0.0 pedestrian_killed, Fair (Day), EDSA Evangelista St. Makati",MMDA Road Safety Unit,,2b9c761a-f485-4401-8d0d-14225dcea15d,2009-03-18,06:00:00,EDSA Magallanes Interchange Makati,0,0,0,0,0,0,0,0,0,0,2009-03-18 14:00,Property,14.53912863,121.0122907,Angle Impact
None,EDSA,None,None,"Unknown, Self-Accident, 0.0 drivers_injured, 0.0 drivers_killed, 0.0 passengers_injured, 0.0 passengers_killed, 0.0 pedestrian_injured, 0.0 pedestrian_killed, Fair (Night), EDSA before Magallanes Interchange Makati",MMDA Road Safety Unit,,86720688-20d0-496a-9e89-bcad1647c669,2009-03-15,20:00:00,EDSA Antonio S. Arnaiz Ave. (Pasay Road) Makati,0,0,0,0,0,0,0,0,0,0,2009-03-16 4:00,Property,14.54140037,121.0184212,Self-Accident
None,EDSA,None,None,"Unknown, Rear-end, 0.0 drivers_injured, 0.0 drivers_killed, 0.0 passengers_injured, 0.0 passengers_killed, 0.0 pedestrian_injured, 0.0 pedestrian_killed, Fair (Day), EDSA before Guadalupe Bridge Makati",MMDA Road Safety Unit,,9c6766dc-d0da-4116-b171-0c8c1a9503c7,2009-03-14,08:30:00,EDSA Buendia / Ayala Ave. Makati,0,0,0,0,0,0,0,0,0,0,2009-03-14 16:30,Property,14.56898381,121.0459439,Rear-End
None,EDSA,None,None,"Unknown, Rear-end, 0.0 drivers_injured, 0.0 drivers_killed, 0.0 passengers_injured, 0.0 passengers_killed, 0.0 pedestrian_injured, 0.0 pedestrian_killed, Fair (Day), EDSA Magallanes Ave. Makati",MMDA Road Safety Unit,,870a12f7-70c1-4b61-a40e-e72022624e30,2009-02-27,06:45:00,EDSA Guadalupe (SB) Makati,0,0,0,0,0,0,0,0,0,0,2009-02-27 14:45,Property,14.53924572,121.0142961,Rear-End
None,EDSA,None,None,"Unknown, Rear-end, 0.0 drivers_injured, 0.0 drivers_killed, 0.0 passengers_injured, 0.0 passengers_killed, 0.0 pedestrian_injured, 0.0 pedestrian_killed, Fair (Day), EDSA Antonio S. Arnaiz Ave. (Pasay Road) Makati",MMDA Road Safety Unit,,e56297f9-d838-4aa1-8cc7-e0b90e8f3c84,2009-02-25,23:50:00,EDSA fronting Loyola Memorial Chapels Inc. Makati,0,0,0,0,0,0,0,0,0,0,2009-02-26 7:50,Property,14.54753179,121.0260155,Rear-End
None,EDSA,None,None,"Unknown, Rear-end, 0.0 drivers_injured, 0.0 drivers_killed, 0.0 passengers_injured, 0.0 passengers_killed, 0.0 pedestrian_injured, 0.0 pedestrian_killed, Fair (Day), EDSA Guadalupe Bridge Makati",MMDA Road Safety Unit,,c5b0820a-4727-4e52-8414-d5614440059d,2009-02-22,09:45:00,EDSA Estrella St. Makati,0,0,0,0,0,0,0,0,0,0,2009-02-22 17:45,Property,14.56846648,121.0458404,Rear-End
None,EDSA,None,None,"Unknown, Rear-end, 0.0 drivers_injured, 0.0 drivers_killed, 0.0 passengers_injured, 0.0 passengers_killed, 0.0 pedestrian_injured, 0.0 pedestrian_killed, Fair (Day), EDSA Ayala Ave. Makati",MMDA Road Safety Unit,,e831bda0-7835-4bf8-82c6-162e9fbcfcd3,2009-02-22,09:30:00,EDSA Ayala Ave. Makati,0,0,0,0,0,0,0,0,0,0,2009-02-22 17:30,Property,14.5503157,121.0293627,Rear-End
None,EDSA,None,None,"Human Error, Side Swipe, 0.0 drivers_injured, 0.0 drivers_killed, 0.0 passengers_injured, 0.0 passengers_killed, 0.0 pedestrian_injured, 0.0 pedestrian_killed, Fair (Day), EDSA at ""U"" turn slot, Buendia Makati",MMDA Road Safety Unit,,1c4e8ba1-763c-4ce1-90f5-6560eea0f036,2009-02-18,23:10:00,EDSA Ayala Makati,0,0,0,0,0,0,0,0,0,0,2009-02-19 7:10,Property,14.55536578,121.0354698,Side Swipe
None,EDSA,None,None,"Unknown, Side Swipe, 0.0 drivers_injured, 0.0 drivers_killed, 0.0 passengers_injured, 0.0 passengers_killed, 0.0 pedestrian_injured, 0.0 pedestrian_killed, Fair (Day), EDSA McKinley Road Makati",MMDA Road Safety Unit,,fce86223-07a8-433a-863e-80b73b4ecc80,2009-02-18,03:00:00,EDSA Along Buendia Loading Bay Makati,0,0,0,0,0,0,0,0,0,0,2009-02-18 11:00,Property,14.55015688,121.0295286,Side Swipe
None,EDSA,None,None,"Unknown, Rear-end, 0.0 drivers_injured, 0.0 drivers_killed, 0.0 passengers_injured, 0.0 passengers_killed, 0.0 pedestrian_injured, 0.0 pedestrian_killed, Fair (Day), EDSA Antonio S. Arnaiz Ave. (Pasay Road) Makati",MMDA Road Safety Unit,,fca73046-0ba3-48a7-b277-4c850a665818,2009-02-17,07:30:00,EDSA Bernardino St. Makati,0,0,0,0,0,0,0,0,0,0,2009-02-17 15:30,Property,14.54753179,121.0260155,Rear-End
None,EDSA,None,None,"Unknown, Side Swipe, 0.0 drivers_injured, 0.0 drivers_killed, 0.0 passengers_injured, 0.0 passengers_killed, 0.0 pedestrian_injured, 0.0 pedestrian_killed, Fair (Day), EDSA Ayala Ave. Makati",MMDA Road Safety Unit,,3ede628c-77fd-4585-aee3-420bc52b656b,2009-02-16,05:00:00,EDSA Ayala Ave. Makati,0,0,0,0,0,0,0,0,0,0,2009-02-16 13:00,Property,14.5503157,121.0293627,Side Swipe
None,EDSA,None,None,"Unknown, Side Swipe, 0.0 drivers_injured, 0.0 drivers_killed, 0.0 passengers_injured, 0.0 passengers_killed, 0.0 pedestrian_injured, 0.0 pedestrian_killed, Fair (Day), EDSA fronting MRT-Guadalupe Station Makati",MMDA Road Safety Unit,,ac4fca58-4d52-499c-9a39-55d9b6eea158,2009-02-15,06:45:00,EDSA Estrella St. Makati,0,0,0,0,0,0,0,0,0,0,2009-02-15 14:45,Property,14.56661161,121.0453363,Side Swipe
None,EDSA,None,None,"Unknown, Hit and Run (No Collision Stated), 0.0 drivers_injured, 0.0 drivers_killed, 0.0 passengers_injured, 0.0 passengers_killed, 0.0 pedestrian_injured, 0.0 pedestrian_killed, Fair (Day), EDSA Estrella St. Makati",MMDA Road Safety Unit,,8aaa4fe4-3180-4e00-94ef-73922d8c82e6,2009-02-11,00:00:00,EDSA Evangelista St. Brgy. Bangkal Makati,0,0,0,0,0,0,0,0,0,0,2009-02-11 8:00,Property,14.56004326,121.0411034,No Collision Stated
None,EDSA,None,None,"Unknown, Rear-end, 0.0 drivers_injured, 0.0 drivers_killed, 0.0 passengers_injured, 0.0 passengers_killed, 0.0 pedestrian_injured, 0.0 pedestrian_killed, Fair (Day), EDSA Guadalupe Bridge Makati",MMDA Road Safety Unit,,99fbe1db-dc69-4089-8d6a-c59632375995,2009-02-06,05:00:00,EDSA Ayala Ave. Makati,0,0,0,0,0,0,0,0,0,0,2009-02-06 13:00,Property,14.56846648,121.0458404,Rear-End
None,EDSA,None,None,"Unknown, Rear-end, 0.0 drivers_injured, 0.0 drivers_killed, 0.0 passengers_injured, 0.0 passengers_killed, 0.0 pedestrian_injured, 0.0 pedestrian_killed, Fair (Day), EDSA Guadalupe Bridge Makati",MMDA Road Safety Unit,,e8790f98-bdbb-4189-90df-b35c4bb3b9a6,2009-02-05,00:15:00,"EDSA at ""U""turn slot / Buendia Ave. Makati",0,0,0,0,0,0,0,0,0,0,2009-02-05 8:15,Property,14.56846648,121.0458404,Rear-End
None,EDSA,None,None,"Human Error, Rear-end, 0.0 drivers_injured, 0.0 drivers_killed, 0.0 passengers_injured, 0.0 passengers_killed, 0.0 pedestrian_injured, 0.0 pedestrian_killed, Fair (Day), EDSA at ""U"" turn slot, Buendia Makati",MMDA Road Safety Unit,,865d487f-95bd-4406-85c2-05e1a6f1c104,2009-02-03,06:10:00,EDSA Ayala Ave. Makati,0,0,0,0,0,0,0,0,0,0,2009-02-03 14:10,Property,14.55536578,121.0354698,Rear-End
None,EDSA,None,None,"Unknown, Side Swipe, 0.0 drivers_injured, 0.0 drivers_killed, 0.0 passengers_injured, 0.0 passengers_killed, 0.0 pedestrian_injured, 0.0 pedestrian_killed, Fair (Day), EDSA fronting Loyola Memorial Chapels Inc. Makati",MMDA Road Safety Unit,,b81b01a7-f330-42c3-af14-de536d2ce2a4,2009-02-03,02:00:00,EDSA Sen. Gil Puyat ave (Buendia ) Makati,0,0,0,0,0,0,0,0,0,0,2009-02-03 10:00,Property,14.56543084,121.044954,Side Swipe
None,EDSA,None,None,"Unknown, Hit and Run (No Collision Stated), 1.0 drivers_injured, 0.0 drivers_killed, 0.0 passengers_injured, 0.0 passengers_killed, 0.0 pedestrian_injured, 0.0 pedestrian_killed, Fair (Night), EDSA McKinley Road Makati",MMDA Road Safety Unit,,6535bb8d-26be-4812-8d63-cd80f14a3c38,2009-02-02,21:00:00,EDSA Aranaiz Ave. Makati,0,0,0,1,0,0,0,0,0,1,2009-02-03 5:00,Injury,14.55015688,121.0295286,No Collision Stated
None,EDSA,None,None,"Unknown, Side Swipe, 0.0 drivers_injured, 0.0 drivers_killed, 0.0 passengers_injured, 0.0 passengers_killed, 0.0 pedestrian_injured, 0.0 pedestrian_killed, Fair (Day), EDSA after Sen. Gil J. Puyat Ave. (Buendia Ave. Ext.) Makati",MMDA Road Safety Unit,,355a08ba-0d49-410b-a60c-85258490ab20,2009-01-30,00:45:00,EDSA bet. Magallanes & A. Arnaiz Ave. Makati,0,0,0,0,0,0,0,0,0,0,2009-01-30 8:45,Property,14.55523126,121.0354578,Side Swipe
None,EDSA,None,None,"Unknown, Angle Impact, 0.0 drivers_injured, 0.0 drivers_killed, 0.0 passengers_injured, 0.0 passengers_killed, 0.0 pedestrian_injured, 0.0 pedestrian_killed, Fair (Night), EDSA Ayala Ave. Makati",MMDA Road Safety Unit,,659b7562-33d1-4bfa-ac3a-b417d155cea3,2009-01-29,13:05:00,EDSA Bangkal  Makati,0,0,0,0,0,0,0,0,0,0,2009-01-29 21:05,Property,14.5503157,121.0293627,Angle Impact
None,EDSA,None,None,"Unknown, Angle Impact, 0.0 drivers_injured, 0.0 drivers_killed, 0.0 passengers_injured, 0.0 passengers_killed, 0.0 pedestrian_injured, 0.0 pedestrian_killed, Fair (Day), EDSA fronting Shell Gas Station, McKinley Makati",MMDA Road Safety Unit,,f5cea4ae-80c9-4538-b5fc-b62f15ae6bd3,2009-01-27,07:00:00,EDSA Loyola Loading Bay Makati,0,0,0,0,0,0,0,0,0,0,2009-01-27 15:00,Property,14.55034017,121.0297324,Angle Impact
None,EDSA,None,None,"Unknown, Hit and Run (No Collision Stated), 0.0 drivers_injured, 0.0 drivers_killed, 0.0 passengers_injured, 0.0 passengers_killed, 0.0 pedestrian_injured, 0.0 pedestrian_killed, Fair (Day), EDSA Sen. Gil J. Puyat Ave. (Buendia Ave. Ext.) Makati",MMDA Road Safety Unit,,73b839cd-437e-4d93-8427-4bfbd56b1427,2009-01-26,00:30:00,EDSA Ayala Ave. Makati,0,0,0,0,0,0,0,0,0,0,2009-01-26 8:30,Property,14.55483765,121.0348537,No Collision Stated
None,EDSA,None,None,"Unknown, Hit and Run (No Collision Stated), 0.0 drivers_injured, 0.0 drivers_killed, 0.0 passengers_injured, 0.0 passengers_killed, 0.0 pedestrian_injured, 0.0 pedestrian_killed, Fair (Night), EDSA Sen. Gil J. Puyat Ave. (Buendia Ave. Ext.) Makati",MMDA Road Safety Unit,,814ece0a-8642-46cb-9dc3-5678e470f002,2009-01-25,20:45:00,EDSA Sen. Gil Puyat Ave. (Buendia Ave. ) Makati,0,0,0,0,0,0,0,0,0,0,2009-01-26 4:45,Property,14.55483765,121.0348537,No Collision Stated
None,EDSA,None,None,"Unknown, Side Swipe, 0.0 drivers_injured, 0.0 drivers_killed, 0.0 passengers_injured, 0.0 passengers_killed, 0.0 pedestrian_injured, 0.0 pedestrian_killed, Fair (Day), EDSA Ayala Loading Bay Makati",MMDA Road Safety Unit,,7b3954c2-5601-4a81-982f-e2a51527bec5,2009-01-25,08:35:00,EDSA Sen. Gil J. Puyat Ave. (Buendia Ext.) Makati,0,0,0,0,0,0,0,0,0,0,2009-01-25 16:35,Property,14.54906772,121.0276631,Side Swipe
None,EDSA,None,None,"Unknown, Side Swipe, 0.0 drivers_injured, 0.0 drivers_killed, 0.0 passengers_injured, 0.0 passengers_killed, 0.0 pedestrian_injured, 0.0 pedestrian_killed, Fair (Night), EDSA Ayala Loading Bay Makati",MMDA Road Safety Unit,,a34b6c7b-8758-4670-b9fb-e9c14369d8c6,2009-01-23,11:00:00,EDSA Ayala Ave. Makati,0,0,0,0,0,0,0,0,0,0,2009-01-23 19:00,Property,14.54906772,121.0276631,Side Swipe
None,EDSA,None,None,"Unknown, Angle Impact, 0.0 drivers_injured, 0.0 drivers_killed, 0.0 passengers_injured, 0.0 passengers_killed, 0.0 pedestrian_injured, 0.0 pedestrian_killed, Fair (Day), EDSA Cloverleaf, before MRT-Guadalupe Station Makati",MMDA Road Safety Unit,,9b9c566d-b211-4810-9c24-4fccac076c4c,2009-01-23,06:30:00,EDSA Arnaiz Ave. Makati,0,0,0,0,0,0,0,0,0,0,2009-01-23 14:30,Property,14.56683287,121.0454292,Angle Impact
None,EDSA,None,None,"Human Error, Hit and Run (No Collision Stated), 0.0 drivers_injured, 0.0 drivers_killed, 0.0 passengers_injured, 0.0 passengers_killed, 0.0 pedestrian_injured, 0.0 pedestrian_killed, Fair (Night), EDSA near Buendia Bliss  Makati",MMDA Road Safety Unit,,c94f8741-97f8-4e81-b9a5-70f2521d4b36,2009-01-19,10:00:00,EDSA Kalayaan Ave. Bgry. Pinagkaisahan Makati,0,0,0,0,0,0,0,0,0,0,2009-01-19 18:00,Property,14.55458787,121.0347979,No Collision Stated
None,EDSA,None,None,"Unknown, Rear-end, 0.0 drivers_injured, 0.0 drivers_killed, 0.0 passengers_injured, 0.0 passengers_killed, 0.0 pedestrian_injured, 0.0 pedestrian_killed, Fair (Day), EDSA before MRT-Guadalupe Station Makati",MMDA Road Safety Unit,,a2831f48-4592-4c12-8b95-66950bd51d1f,2009-01-18,03:15:00,EDSA Shell Gas Stn. / Escuela St. Guadalupe Makati,0,0,0,0,0,0,0,0,0,0,2009-01-18 11:15,Property,14.56643261,121.0453747,Rear-End
None,EDSA,None,None,"Unknown, Angle Impact, 0.0 drivers_injured, 0.0 drivers_killed, 0.0 passengers_injured, 0.0 passengers_killed, 0.0 pedestrian_injured, 0.0 pedestrian_killed, Fair (Day), EDSA Tramo St. (NB) Makati",MMDA Road Safety Unit,,d6623fd9-78fb-4d2f-b4cf-628eb5845752,2009-01-15,23:50:00,"EDSA at ""U""turn slot / Buendia  Makati",0,0,0,0,0,0,0,0,0,0,2009-01-16 7:50,Property,14.53799689,121.0035165,Angle Impact
None,EDSA,None,None,"Unknown, Rear-end, 0.0 drivers_injured, 0.0 drivers_killed, 0.0 passengers_injured, 0.0 passengers_killed, 0.0 pedestrian_injured, 0.0 pedestrian_killed, Fair (Night), EDSA fronting San Carlos Seminary Makati",MMDA Road Safety Unit,,bc0341d9-5285-4b0a-a99c-dff38366fb47,2009-01-12,19:15:00,EDSA Estrella St. Guadalupe Makati,0,0,0,0,0,0,0,0,0,0,2009-01-13 3:15,Property,14.56308495,121.043919,Rear-End
None,EDSA,None,None,"Unknown, Hit and Run (No Collision Stated), 0.0 drivers_injured, 0.0 drivers_killed, 0.0 passengers_injured, 0.0 passengers_killed, 0.0 pedestrian_injured, 0.0 pedestrian_killed, Fair (Day), EDSA Magallanes Interchange Makati",MMDA Road Safety Unit,,8062c8b4-dbd2-4267-a440-b6de8fcc22fb,2009-01-12,03:10:00,EDSA Antonio S. Arnaiz Ave. (Pasay Road) Makati,0,0,0,0,0,0,0,0,0,0,2009-01-12 11:10,Property,14.54679556,121.0248047,No Collision Stated
None,EDSA,None,None,"Unknown, Hit and Run (No Collision Stated), 0.0 drivers_injured, 0.0 drivers_killed, 0.0 passengers_injured, 0.0 passengers_killed, 0.0 pedestrian_injured, 0.0 pedestrian_killed, Fair (Night), EDSA Antonio S. Arnaiz Ave. (Pasay Road) Makati",MMDA Road Safety Unit,,2efd0d2b-5951-4683-bf89-02636722b089,2009-01-10,15:00:00,EDSA Guadalupe Market Makati,0,0,0,0,0,0,0,0,0,0,2009-01-10 23:00,Property,14.54753179,121.0260155,No Collision Stated
None,EDSA,None,None,"Unknown, Hit object, 0.0 drivers_injured, 0.0 drivers_killed, 0.0 passengers_injured, 0.0 passengers_killed, 0.0 pedestrian_injured, 0.0 pedestrian_killed, Fair (Night), EDSA Buendia / Ayala Ave. Makati",MMDA Road Safety Unit,,511b8224-68da-412e-a927-6f005bab52b9,2009-01-08,16:50:00,EDSA Ayala Ave. Makati,0,0,0,0,0,0,0,0,0,0,2009-01-09 0:50,Property,14.55517972,121.0349173,Hit Object
None,EDSA,None,None,"Unknown, Rear-end, 0.0 drivers_injured, 0.0 drivers_killed, 0.0 passengers_injured, 0.0 passengers_killed, 0.0 pedestrian_injured, 0.0 pedestrian_killed, Fair (Day), EDSA Guadalupe (SB) Makati",MMDA Road Safety Unit,,8ef9b9a5-c0d2-4331-ae68-f2cd209fa8ba,2009-01-06,05:20:00,EDSA Arnaiz Ave. / Dasmarinas Vill. Makati,0,0,0,0,0,0,0,0,0,0,2009-01-06 13:20,Property,14.56662777,121.0455282,Rear-End
None,EDSA,None,None,"Unknown, Hit and Run (No Collision Stated), 0.0 drivers_injured, 0.0 drivers_killed, 0.0 passengers_injured, 0.0 passengers_killed, 0.0 pedestrian_injured, 0.0 pedestrian_killed, Fair (Day), EDSA fronting Loyola Memorial Chapels Inc. Makati",MMDA Road Safety Unit,,cbca10a2-46e1-429c-a5b9-ede1e3a416fb,2009-01-05,00:30:00,EDSA Sen. Gil Puyat Ave. Makati,0,0,0,0,0,0,0,0,0,0,2009-01-05 8:30,Property,14.56543084,121.044954,No Collision Stated
None,EDSA,None,None,"Unknown, Hit object (Railing-Steel), 0.0 drivers_injured, 0.0 drivers_killed, 0.0 passengers_injured, 0.0 passengers_killed, 0.0 pedestrian_injured, 0.0 pedestrian_killed, Fair (Day), EDSA Estrella St. Makati",MMDA Road Safety Unit,,ed6a6bb6-3ff1-40de-a6f4-f0cc80af8019,2008-12-31,22:00:00,EDSA Mantrade  Makati,0,0,0,0,0,0,0,0,0,0,2009-01-01 6:00,Property,14.56004326,121.0411034,Hit Object
None,EDSA,None,None,"Unknown, Angle Impact, 0.0 drivers_injured, 0.0 drivers_killed, 0.0 passengers_injured, 0.0 passengers_killed, 0.0 pedestrian_injured, 0.0 pedestrian_killed, Dry, EDSA Ayala Ave. Makati",MMDA Road Safety Unit,,3b0a25cc-4563-448b-ac22-76499513e72f,2008-12-25,16:30:00,EDSA Evangelista St. Makati,0,0,0,0,0,0,0,0,0,0,2008-12-26 0:30,Property,14.5503157,121.0293627,Angle Impact
None,EDSA,None,None,"Unknown, Hit and Run (No Collision Stated), 0.0 drivers_injured, 0.0 drivers_killed, 0.0 passengers_injured, 0.0 passengers_killed, 0.0 pedestrian_injured, 0.0 pedestrian_killed, Dry, EDSA Ayala Makati",MMDA Road Safety Unit,,7d21e998-b8a1-4e49-b602-297cd1862928,2008-12-17,03:45:00,EDSA Apolinario St. Makati,0,0,0,0,0,0,0,0,0,0,2008-12-17 11:45,Property,14.54913499,121.0280408,No Collision Stated
None,EDSA,None,None,"Unknown, Rear-end, 0.0 drivers_injured, 0.0 drivers_killed, 0.0 passengers_injured, 0.0 passengers_killed, 0.0 pedestrian_injured, 0.0 pedestrian_killed, Dry, EDSA Along Buendia Loading Bay Makati",MMDA Road Safety Unit,,2b074615-354e-43af-ad75-f54c44a14c13,2008-12-10,05:10:00,EDSA Sen. Gil Puyat Ave (Buendia Ave.) Makati,0,0,0,0,0,0,0,0,0,0,2008-12-10 13:10,Property,14.55406727,121.0335165,Rear-End
None,EDSA,None,None,"Unknown, Hit object (Barrier-Concrete), 0.0 drivers_injured, 0.0 drivers_killed, 0.0 passengers_injured, 0.0 passengers_killed, 0.0 pedestrian_injured, 0.0 pedestrian_killed, Dry, EDSA Bernardino St. Makati",MMDA Road Safety Unit,,524cbd89-f702-4d59-b6c4-96c67f8f50e9,2008-11-18,17:15:00,EDSA Estrella St. Makati,0,0,0,0,0,0,0,0,0,0,2008-11-19 1:15,Injury,14.56598119,121.0451074,Hit Object
None,EDSA,None,None,"Human Error, Rear-end, 0.0 drivers_injured, 0.0 drivers_killed, 0.0 passengers_injured, 0.0 passengers_killed, 0.0 pedestrian_injured, 0.0 pedestrian_killed, Dry, EDSA Ayala Ave. Makati",MMDA Road Safety Unit,,ca62c704-4f09-4971-8e81-77b3f8e4827b,2008-11-18,17:00:00,EDSA near Dasma-Amorsolo Makati,0,0,0,0,0,0,0,0,0,0,2008-11-19 1:00,Property,14.55034443,121.0295749,Rear-End
None,EDSA,None,None,"Unknown, Hit and Run (No Collision Stated), 0.0 drivers_injured, 0.0 drivers_killed, 0.0 passengers_injured, 0.0 passengers_killed, 0.0 pedestrian_injured, 0.0 pedestrian_killed, Dry, EDSA Estrella St. Makati",MMDA Road Safety Unit,,73ac456f-26a7-435f-8e27-3a9613f5a3ed,2008-11-03,15:30:00,EDSA Orense St. Guadalupe Makati,0,0,0,0,0,0,0,0,0,0,2008-11-03 23:30,Property,14.56004326,121.0411034,No Collision Stated
None,EDSA,None,None,"Human Error, Angle Impact, 0.0 drivers_injured, 0.0 drivers_killed, 0.0 passengers_injured, 0.0 passengers_killed, 0.0 pedestrian_injured, 0.0 pedestrian_killed, Dry, EDSA Evangelista St. Brgy. Bangkal Makati",MMDA Road Safety Unit,,8dedf829-b4ec-45c9-903e-fdf62100f75b,2008-10-31,17:30:00,"EDSA bet. Estrella St. & Buendia Ave./ Buendia ""U""turn slot Makati",0,0,0,0,0,0,0,0,0,0,2008-11-01 1:30,Property,14.53912863,121.0122907,Angle Impact
None,EDSA,None,None,"Human Error, Angle Impact, 0.0 drivers_injured, 0.0 drivers_killed, 0.0 passengers_injured, 0.0 passengers_killed, 0.0 pedestrian_injured, 0.0 pedestrian_killed, Dry, EDSA Ayala Ave. Makati",MMDA Road Safety Unit,,e68977a3-4402-4512-8ae8-4d0340197a51,2008-10-13,16:40:00,"EDSA at ""U"" turn slot, Sen. Gil J. Puyat Ave. (Buendia) Makati",0,0,0,0,0,0,0,0,0,0,2008-10-14 0:40,Property,14.55031445,121.0296229,Angle Impact
None,EDSA,None,None,"Unknown, Rear-end, 0.0 drivers_injured, 0.0 drivers_killed, 0.0 passengers_injured, 0.0 passengers_killed, 0.0 pedestrian_injured, 0.0 pedestrian_killed, Dry, EDSA at ""U""turn slot / Buendia Ave. Makati",MMDA Road Safety Unit,,7a0a93f2-0052-46b2-8767-08581634ea4b,2008-10-10,18:00:00,"EDSA Orense St., Guadalupe Makati",0,0,0,0,0,0,0,0,0,0,2008-10-11 2:00,Property,14.55534962,121.0354535,Rear-End
None,EDSA,None,None,"Unknown, Angle Impact, 0.0 drivers_injured, 0.0 drivers_killed, 0.0 passengers_injured, 0.0 passengers_killed, 0.0 pedestrian_injured, 0.0 pedestrian_killed, Dry, EDSA Ayala Ave. Makati",MMDA Road Safety Unit,,e0413b7c-c00f-43bb-b924-cb1027590b26,2008-09-24,09:45:00,EDSA Descending Magallanes Interchange Makati,0,0,0,0,0,0,0,0,0,0,2008-09-24 17:45,Property,14.5503157,121.0293627,Angle Impact
None,EDSA,None,None,"Unknown, Side Swipe, 0.0 drivers_injured, 0.0 drivers_killed, 0.0 passengers_injured, 0.0 passengers_killed, 0.0 pedestrian_injured, 0.0 pedestrian_killed, Dry, EDSA Sen. Gil Puyat ave (Buendia ) Makati",MMDA Road Safety Unit,,640e44ff-b6fc-445b-9b27-8f56bd0ea591,2008-09-20,03:10:00,EDSA Amorsolo St. Makati,0,0,0,0,0,0,0,0,0,0,2008-09-20 11:10,Property,14.55483765,121.0348537,Side Swipe
None,EDSA,None,None,"Unknown, Rear-end, 0.0 drivers_injured, 0.0 drivers_killed, 0.0 passengers_injured, 0.0 passengers_killed, 0.0 pedestrian_injured, 0.0 pedestrian_killed, Dry, EDSA Aranaiz Ave. Makati",MMDA Road Safety Unit,,baaa7221-7fa4-4874-9b2d-a349511c3b46,2008-09-13,07:00:00,EDSA after Estrella St. Makati,0,0,0,0,0,0,0,0,0,0,2008-09-13 15:00,Property,14.54746037,121.0262109,Rear-End
None,EDSA,None,None,"Human Error, Hit and Run (No Collision Stated), 0.0 drivers_injured, 0.0 drivers_killed, 0.0 passengers_injured, 0.0 passengers_killed, 0.0 pedestrian_injured, 0.0 pedestrian_killed, Dry, EDSA bet. Magallanes & A. Arnaiz Ave. Makati",MMDA Road Safety Unit,,e3e056bf-e87e-4218-b443-ab132c97686f,2008-09-12,14:30:00,EDSA Forbes Park Gate  Makati,0,0,0,0,0,0,0,0,0,0,2008-09-12 22:30,Property,14.54504319,121.0229571,No Collision Stated
None,EDSA,None,None,"Human Error, Hit and Run (No Collision Stated), 0.0 drivers_injured, 0.0 drivers_killed, 0.0 passengers_injured, 0.0 passengers_killed, 0.0 pedestrian_injured, 0.0 pedestrian_killed, Dry, EDSA Bangkal  Makati",MMDA Road Safety Unit,,6f185d0b-c7ee-42af-83d7-56eb73d7983b,2008-08-15,02:30:00,EDSA Mantrade Makati,0,0,0,0,0,0,0,0,0,0,2008-08-15 10:30,Property,14.54118964,121.0184919,No Collision Stated
None,EDSA,None,None,"Other, Hit and Run (No Collision Stated), 0.0 drivers_injured, 0.0 drivers_killed, 1.0 passengers_injured, 0.0 passengers_killed, 0.0 pedestrian_injured, 0.0 pedestrian_killed, Dry, EDSA Loyola Loading Bay Makati",MMDA Road Safety Unit,,e0a2a592-03f1-4475-9343-e4deb96f0c51,2008-08-08,10:35:00,EDSA Magallanes MRT Station Makati,0,0,0,0,1,0,0,0,0,1,2008-08-08 18:35,Injury,14.56531445,121.0449034,No Collision Stated
None,EDSA,None,None,"Human Error, Hit and Run (No Collision Stated), 1.0 drivers_injured, 0.0 drivers_killed, 0.0 passengers_injured, 0.0 passengers_killed, 0.0 pedestrian_injured, 0.0 pedestrian_killed, Dry, EDSA Ayala Ave. Makati",MMDA Road Safety Unit,,3ce7f113-c136-497a-833c-f6e9f1039845,2008-08-07,01:15:00,EDSA Mantrade Makati,0,0,0,1,0,0,0,0,0,1,2008-08-07 9:15,Injury,14.55036315,121.029242,No Collision Stated
None,EDSA,None,None,"Human Error, Angle Impact, 0.0 drivers_injured, 0.0 drivers_killed, 0.0 passengers_injured, 0.0 passengers_killed, 0.0 pedestrian_injured, 0.0 pedestrian_killed, Dry, EDSA Sen. Gil Puyat Ave. (Buendia Ave. ) Makati",MMDA Road Safety Unit,,2b5e0d13-ec36-454e-9c6d-542dbd0a3414,2008-08-05,00:00:00,EDSA Sen. Gil J. Puyat Ave. (Buendia) Makati,0,0,0,0,0,0,0,0,0,0,2008-08-05 8:00,Property,14.55503755,121.034813,Angle Impact
None,EDSA,None,None,"Unknown, Rear-end, 0.0 drivers_injured, 0.0 drivers_killed, 0.0 passengers_injured, 0.0 passengers_killed, 0.0 pedestrian_injured, 0.0 pedestrian_killed, Dry, EDSA Sen. Gil J. Puyat Ave. (Buendia Ext.) Makati",MMDA Road Safety Unit,,6a58843c-84d4-4d05-9f0b-2bf29022bd7c,2008-08-04,02:40:00,EDSA Ayala Ave. (EB) Makati,0,0,0,0,0,0,0,0,0,0,2008-08-04 10:40,Property,14.55483765,121.0348537,Rear-End