LOCATION_TEXT,ROAD,WEATHER,LIGHT,DESC,REPORTING_AGENCY,MAIN_CAUSE,INCIDENTDETAILS_ID,DATE_UTC,TIME_UTC,ADDRESS,killed_driver,killed_passenger,killed_pedestrian,injured_driver,injured_passenger,injured_pedestrian,killed_uncategorized,injured_uncategorized,killed_total,injured_total,DATETIME_PST,SEVERITY,Y,X,COLLISION_TYPE
None,EDSA,None,None,"Human Error, Side Swipe, 0.0 drivers_injured, 0.0 drivers_killed, 0.0 passengers_injured, 0.0 passengers_killed, 0.0 pedestrian_injured, 0.0 pedestrian_killed, Dry, EDSA Ayala Ave. Makati",MMDA Road Safety Unit,,aa60c29a-ec17-416b-9b78-f6724363d395,2008-07-04,08:00:00,EDSA Bernardino st. Makati,0,0,0,0,0,0,0,0,0,0,2008-07-04 16:00,Property,14.5503157,121.0293627,Side Swipe
None,EDSA,None,None,"Human Error, Rear-end, 0.0 drivers_injured, 0.0 drivers_killed, 0.0 passengers_injured, 0.0 passengers_killed, 0.0 pedestrian_injured, 0.0 pedestrian_killed, Dry, EDSA Arnaiz Ave. Makati",MMDA Road Safety Unit,,ba654a88-bd93-4f52-ae3f-3e7d5d34de48,2008-06-27,15:30:00,EDSA Ayala Ave. Makati,0,0,0,0,0,0,0,0,0,0,2008-06-27 23:30,Property,14.54748861,121.0259914,Rear-End
None,EDSA,None,None,"Human Error, Side Swipe, 0.0 drivers_injured, 0.0 drivers_killed, 0.0 passengers_injured, 0.0 passengers_killed, 0.0 pedestrian_injured, 0.0 pedestrian_killed, Dry, EDSA Kalayaan Ave. Bgry. Pinagkaisahan Makati",MMDA Road Safety Unit,,cf98f301-86fe-4613-97a2-1eb264031de3,2008-06-13,11:00:00,EDSA fronting Mantrade Makati,0,0,0,0,0,0,0,0,0,0,2008-06-13 19:00,Property,14.55767933,121.038147,Side Swipe
None,EDSA,None,None,"Human Error, Angle Impact, 0.0 drivers_injured, 0.0 drivers_killed, 0.0 passengers_injured, 0.0 passengers_killed, 0.0 pedestrian_injured, 0.0 pedestrian_killed, Dry, EDSA Shell Gas Stn. / Escuela St. Guadalupe Makati",MMDA Road Safety Unit,,42b6194b-d9c3-4be7-9368-1d786c9da210,2008-06-09,22:50:00,EDSA fronting MRT-Buendia Station Makati,0,0,0,0,0,0,0,0,0,0,2008-06-10 6:50,Property,14.55992933,121.0410976,Angle Impact
None,EDSA,None,None,"Human Error, Rear-end, 0.0 drivers_injured, 0.0 drivers_killed, 0.0 passengers_injured, 0.0 passengers_killed, 0.0 pedestrian_injured, 0.0 pedestrian_killed, Dry, EDSA at ""U""turn slot / Buendia  Makati",MMDA Road Safety Unit,,b440f92b-4290-46fa-925d-df28b60691a2,2008-06-07,00:10:00,EDSA fronting San Carlos Seminary Makati,0,0,0,0,0,0,0,0,0,0,2008-06-07 8:10,Property,14.55491614,121.0350162,Rear-End
None,EDSA,None,None,"Human Error, Rear-end, 0.0 drivers_injured, 0.0 drivers_killed, 0.0 passengers_injured, 0.0 passengers_killed, 0.0 pedestrian_injured, 0.0 pedestrian_killed, Dry, EDSA Estrella St. Guadalupe Makati",MMDA Road Safety Unit,,499aaec5-e1ea-44af-b28b-081bd3b317d2,2008-06-05,13:30:00,EDSA Ayala Ave. Makati,0,0,0,0,0,0,0,0,0,0,2008-06-05 21:30,Property,14.56000794,121.040791,Rear-End
None,EDSA,None,None,"Human Error, Angle Impact, 0.0 drivers_injured, 0.0 drivers_killed, 0.0 passengers_injured, 0.0 passengers_killed, 0.0 pedestrian_injured, 0.0 pedestrian_killed, Dry, EDSA Antonio S. Arnaiz Ave. (Pasay Road) Makati",MMDA Road Safety Unit,,587f40f4-d3db-4709-9f58-7873f3cd0b55,2008-04-21,00:25:00,EDSA Estrella (SB) Makati,0,0,0,0,0,0,0,0,0,0,2008-04-21 8:25,Property,14.54764429,121.0260467,Angle Impact
None,EDSA,None,None,"Unknown, Hit and Run (No Collision Stated), 0.0 drivers_injured, 0.0 drivers_killed, 0.0 passengers_injured, 0.0 passengers_killed, 0.0 pedestrian_injured, 0.0 pedestrian_killed, Dry, EDSA Guadalupe Market Makati",MMDA Road Safety Unit,,9ae049b5-9e6c-4fcd-870f-47e7289bf897,2008-04-14,21:15:00,EDSA Mantrade Makati,0,0,0,0,0,0,0,0,0,0,2008-04-15 5:15,Property,14.56684034,121.0455246,No Collision Stated
None,EDSA,None,None,"Human Error, Angle Impact, 0.0 drivers_injured, 0.0 drivers_killed, 0.0 passengers_injured, 0.0 passengers_killed, 0.0 pedestrian_injured, 0.0 pedestrian_killed, Dry, EDSA Ayala Ave. Makati",MMDA Road Safety Unit,,093ff00f-3ddd-4dc9-acb3-17b900973bdb,2008-04-10,12:30:00,EDSA Magallanes (SB) Makati,0,0,0,0,0,0,0,0,0,0,2008-04-10 20:30,Property,14.55031445,121.0296229,Angle Impact
None,EDSA,None,None,"Human Error, Angle Impact, 0.0 drivers_injured, 0.0 drivers_killed, 0.0 passengers_injured, 0.0 passengers_killed, 0.0 pedestrian_injured, 0.0 pedestrian_killed, Dry, EDSA Arnaiz Ave. / Dasmarinas Vill. Makati",MMDA Road Safety Unit,,279b93cc-9df5-475b-a803-83078a9e8677,2008-03-24,04:45:00,EDSA Estrella Makati,0,0,0,0,0,0,0,0,0,0,2008-03-24 12:45,Property,14.54764429,121.0260467,Angle Impact
None,EDSA,None,None,"Human Error, Rear-end, 0.0 drivers_injured, 0.0 drivers_killed, 0.0 passengers_injured, 0.0 passengers_killed, 0.0 pedestrian_injured, 0.0 pedestrian_killed, Dry, EDSA Sen. Gil Puyat Ave. Makati",MMDA Road Safety Unit,,23d7acdd-7612-447a-a79a-3050de988d9f,2008-02-11,02:05:00,EDSA Lapu-lapu Makati,0,0,0,0,0,0,0,0,0,0,2008-02-11 10:05,Property,14.55483765,121.0348537,Rear-End
None,EDSA,None,None,"Human Error, Rear-end, 0.0 drivers_injured, 0.0 drivers_killed, 0.0 passengers_injured, 0.0 passengers_killed, 0.0 pedestrian_injured, 0.0 pedestrian_killed, Dry, EDSA Mantrade  Makati",MMDA Road Safety Unit,,af64de6f-a0f0-4454-ba81-b18206e9bf5e,2008-01-21,15:00:00,EDSA after Buendia Ave.  Makati,0,0,0,0,0,0,0,0,0,0,2008-01-21 23:00,Property,14.54127991,121.0184601,Rear-End
None,EDSA,None,None,"Human Error, Hit and Run (No Collision Stated), 0.0 drivers_injured, 0.0 drivers_killed, 0.0 passengers_injured, 0.0 passengers_killed, 0.0 pedestrian_injured, 0.0 pedestrian_killed, Dry, EDSA Evangelista St. Makati",MMDA Road Safety Unit,,30e72c83-ba0a-4386-a6d8-ac9bc7611a29,2008-01-21,15:00:00,"EDSA after Jiansee Motors, Guadalupe Makati",0,0,0,0,0,0,0,0,0,0,2008-01-21 23:00,Property,14.53912863,121.0122907,No Collision Stated
None,EDSA,None,None,"Human Error, Side Swipe, 1.0 drivers_injured, 0.0 drivers_killed, 1.0 passengers_injured, 0.0 passengers_killed, 0.0 pedestrian_injured, 0.0 pedestrian_killed, Dry, EDSA Apolinario St. Makati",MMDA Road Safety Unit,,6b4d11ef-0a9f-4b9d-b839-ea07bc90b20b,2008-01-16,07:20:00,EDSA Estrella between Guadalupe - Buendia Makati,0,0,0,1,1,0,0,0,0,2,2008-01-16 15:20,Injury,14.53994323,121.0153097,Side Swipe
None,EDSA,None,None,"Unknown, Hit object (Barrier-Concrete), 0.0 drivers_injured, 0.0 drivers_killed, 0.0 passengers_injured, 0.0 passengers_killed, 0.0 pedestrian_injured, 0.0 pedestrian_killed, Rain, EDSA Sen. Gil Puyat Ave (Buendia Ave.) Makati",MMDA Road Safety Unit,,2638f9c4-3d05-41c5-a6b2-80dd1eaf7516,2008-01-12,15:30:00,EDSA bet. Estrella / Rockwell Makati,0,0,0,0,0,0,0,0,0,0,2008-01-12 23:30,Property,14.55483765,121.0348537,Hit Object
None,EDSA,None,None,"Other, Other (Fot Holes), 1.0 drivers_injured, 0.0 drivers_killed, 0.0 passengers_injured, 0.0 passengers_killed, 0.0 pedestrian_injured, 0.0 pedestrian_killed, Dry, EDSA Estrella St. Makati",MMDA Road Safety Unit,,e477e465-edc7-409f-ba06-c270a023f5a5,2008-01-08,11:00:00,EDSA before Arnaiz Ave. (Pasay Road) Makati,0,0,0,1,0,0,0,0,0,1,2008-01-08 19:00,Injury,14.56004326,121.0411034,Self-Accident
None,EDSA,None,None,"Human Error, Hit and Run (No Collision Stated), 0.0 drivers_injured, 0.0 drivers_killed, 0.0 passengers_injured, 0.0 passengers_killed, 0.0 pedestrian_injured, 0.0 pedestrian_killed, Dry, EDSA near Dasma-Amorsolo Makati",MMDA Road Safety Unit,,724b0097-a111-4baa-a10f-4fd1657dfc69,2008-01-07,04:30:00,EDSA Ayala Ave. Makati,0,0,0,0,0,0,0,0,0,0,2008-01-07 12:30,Property,14.54175609,121.0193932,No Collision Stated
None,EDSA,None,None,"Human Error, Rear-end, 0.0 drivers_injured, 0.0 drivers_killed, 0.0 passengers_injured, 0.0 passengers_killed, 0.0 pedestrian_injured, 0.0 pedestrian_killed, Dry, EDSA Orense St. Guadalupe Makati",MMDA Road Safety Unit,,b31be070-3b24-4489-bffb-d2733ed615c9,2007-12-13,12:00:00,EDSA Mantrade (Underneath MRT Stn) Makati,0,0,0,0,0,0,0,0,0,0,2007-12-13 20:00,Property,14.56156378,121.0428336,Rear-End
None,EDSA,None,None,"Human Error, Rear-end, 0.0 drivers_injured, 0.0 drivers_killed, 0.0 passengers_injured, 0.0 passengers_killed, 0.0 pedestrian_injured, 0.0 pedestrian_killed, Dry, EDSA bet. Estrella St. & Buendia Ave./ Buendia ""U""turn slot Makati",MMDA Road Safety Unit,,49d09f87-20a2-45bf-b0fd-9441fb8d0c70,2007-11-26,03:30:00,EDSA in-between Sen. Gil J. Puyat Ave. (Buendia) and Estrella Makati,0,0,0,0,0,0,0,0,0,0,2007-11-26 11:30,Property,14.56000794,121.040791,Rear-End
None,EDSA,None,None,"Unknown, Rear-end, 0.0 drivers_injured, 0.0 drivers_killed, 0.0 passengers_injured, 0.0 passengers_killed, 0.0 pedestrian_injured, 0.0 pedestrian_killed, Dry, EDSA at ""U"" turn slot, Sen. Gil J. Puyat Ave. (Buendia) Makati",MMDA Road Safety Unit,,d041c274-1b87-4f86-9730-0ff225f6bb21,2007-11-26,03:30:00,EDSA in-between Ayala Ave. and Sen. Gil J. Puyat Ave. (Buendia) Makati,0,0,0,0,0,0,0,0,0,0,2007-11-26 11:30,Property,14.55536313,121.0354381,Rear-End
None,EDSA,None,None,"Unknown, Other (Backing Collision), 0.0 drivers_injured, 0.0 drivers_killed, 0.0 passengers_injured, 0.0 passengers_killed, 0.0 pedestrian_injured, 0.0 pedestrian_killed, Dry, EDSA Orense St., Guadalupe Makati",MMDA Road Safety Unit,,3194f9fc-1c2f-41d8-bb2f-e05d45621d6d,2007-11-21,22:45:00,EDSA fronting San Carlos Seminary (S/B) Makati,0,0,0,0,0,0,0,0,0,0,2007-11-22 6:45,Property,14.56156378,121.0428336,Rear-End
None,EDSA,None,None,"Human Error, Side Swipe, 0.0 drivers_injured, 0.0 drivers_killed, 0.0 passengers_injured, 0.0 passengers_killed, 0.0 pedestrian_injured, 0.0 pedestrian_killed, Dry, EDSA Descending Magallanes Interchange Makati",MMDA Road Safety Unit,,ec501b15-19e8-4965-9858-6b6ba8b92f32,2007-11-10,04:30:00,"EDSA in-between Orense St. and Escuela St., Guadalupe Makati",0,0,0,0,0,0,0,0,0,0,2007-11-10 12:30,Property,14.53998482,121.0151702,Side Swipe
None,EDSA,None,None,"Human Error, Angle Impact, 0.0 drivers_injured, 0.0 drivers_killed, 0.0 passengers_injured, 0.0 passengers_killed, 0.0 pedestrian_injured, 0.0 pedestrian_killed, Dry, EDSA Amorsolo St. Makati",MMDA Road Safety Unit,,a4526424-d29e-44a5-8e58-e4bc0ccddc08,2007-11-03,20:15:00,EDSA fronting MRT-Buendia Station Makati,0,0,0,0,0,0,0,0,0,0,2007-11-04 4:15,Property,14.54219852,121.019515,Angle Impact
None,EDSA,None,None,"Unknown, Rear-end, 0.0 drivers_injured, 0.0 drivers_killed, 0.0 passengers_injured, 0.0 passengers_killed, 0.0 pedestrian_injured, 0.0 pedestrian_killed, Dry, EDSA after Estrella St. Makati",MMDA Road Safety Unit,,8cbc2f28-1d64-4141-ab28-6233e06306e3,2007-10-23,09:30:00,"EDSA in-between Orense St. and Escuela St., Guadalupe Makati",0,0,0,0,0,0,0,0,0,0,2007-10-23 17:30,Property,14.55978024,121.0408443,Rear-End
None,EDSA,None,None,"Human Error, Rear-end, 0.0 drivers_injured, 0.0 drivers_killed, 0.0 passengers_injured, 0.0 passengers_killed, 0.0 pedestrian_injured, 0.0 pedestrian_killed, Dry, EDSA Forbes Park Gate  Makati",MMDA Road Safety Unit,,2f0be81c-bbfe-4c22-9c57-c47e2824b488,2007-10-18,13:00:00,EDSA in-between Ayala Ave. and Sen. Gil J. Puyat Ave. (Buendia) Makati,0,0,0,0,0,0,0,0,0,0,2007-10-18 21:00,Property,14.55491614,121.0350162,Rear-End
None,EDSA,None,None,"Unknown, Hit object (Bollard-Concrete), 0.0 drivers_injured, 0.0 drivers_killed, 0.0 passengers_injured, 0.0 passengers_killed, 0.0 pedestrian_injured, 0.0 pedestrian_killed, Dry, EDSA Mantrade Makati",MMDA Road Safety Unit,,2500e776-8103-4386-b245-9f3afaeb4720,2007-09-28,17:30:00,"EDSA Escuela St., fronting Shell Gas Station, Bgy. Pitogo Makati",0,0,0,0,0,0,0,0,0,0,2007-09-29 1:30,Property,14.54127991,121.0184601,Hit Object
None,EDSA,None,None,"Human Error, Rear-end, 0.0 drivers_injured, 0.0 drivers_killed, 0.0 passengers_injured, 0.0 passengers_killed, 0.0 pedestrian_injured, 0.0 pedestrian_killed, Dry, EDSA Magallanes MRT Station Makati",MMDA Road Safety Unit,,e3407775-246f-4ed1-81ef-f6344405e24a,2007-09-19,22:45:00,"EDSA Kalayaan Ave., Bgy. Pinakaisahan Makati",0,0,0,0,0,0,0,0,0,0,2007-09-20 6:45,Property,14.54189455,121.0190437,Rear-End
None,EDSA,None,None,"Unknown, Hit object (Bollard-Concrete), 0.0 drivers_injured, 0.0 drivers_killed, 0.0 passengers_injured, 0.0 passengers_killed, 0.0 pedestrian_injured, 0.0 pedestrian_killed, Dry, EDSA Mantrade Makati",MMDA Road Safety Unit,,9494983d-a1b5-4e48-9b26-0ec3cd5e15a4,2007-09-09,20:45:00,EDSA in-between Sen. Gil J. Puyat Ave. (Buendia) / Estrella St. Makati,0,0,0,0,0,0,0,0,0,0,2007-09-10 4:45,Property,14.54127991,121.0184601,Hit Object
None,EDSA,None,None,"Unknown, Self-Accident, 0.0 drivers_injured, 0.0 drivers_killed, 0.0 passengers_injured, 0.0 passengers_killed, 0.0 pedestrian_injured, 0.0 pedestrian_killed, Dry, EDSA Sen. Gil J. Puyat Ave. (Buendia) Makati",MMDA Road Safety Unit,,9fac54ce-5e8e-4763-9e9d-4cd8c41fc4bf,2007-09-08,17:50:00,EDSA Ayala Ave. Makati,0,0,0,0,0,0,0,0,0,0,2007-09-09 1:50,Property,14.55483765,121.0348537,Self-Accident
None,EDSA,None,None,"Human Error, Rear-end, 0.0 drivers_injured, 0.0 drivers_killed, 0.0 passengers_injured, 0.0 passengers_killed, 0.0 pedestrian_injured, 0.0 pedestrian_killed, Dry, EDSA Ayala Ave. (EB) Makati",MMDA Road Safety Unit,,98922d1f-6e22-4c75-9995-a74b84af5423,2007-08-21,12:30:00,EDSA Before Buendia Ave. Makati,0,0,0,0,0,0,0,0,0,0,2007-08-21 20:30,Property,14.55034443,121.0295749,Rear-End
None,EDSA,None,None,"Human Error, Rear-end, 0.0 drivers_injured, 0.0 drivers_killed, 0.0 passengers_injured, 0.0 passengers_killed, 0.0 pedestrian_injured, 0.0 pedestrian_killed, Dry, EDSA Bernardino st. Makati",MMDA Road Safety Unit,,c52dce8e-73b6-476b-9259-e5aac5eb4b73,2007-08-14,03:00:00,EDSA Ayala Ave. Makati,0,0,0,0,0,0,0,0,0,0,2007-08-14 11:00,Property,14.56561968,121.0451285,Rear-End
None,EDSA,None,None,"Unknown, Angle Impact, 0.0 drivers_injured, 0.0 drivers_killed, 0.0 passengers_injured, 0.0 passengers_killed, 0.0 pedestrian_injured, 0.0 pedestrian_killed, Dry, EDSA Ayala Ave. Makati",MMDA Road Safety Unit,,b4de0564-4ce2-482d-a3fc-f7587fc478d9,2007-07-29,05:50:00,EDSA fronting Loyola Chapel Makati,0,0,0,0,0,0,0,0,0,0,2007-07-29 13:50,Property,14.5503157,121.0293627,Angle Impact
None,EDSA,None,None,"Unknown, Rear-end, 0.0 drivers_injured, 0.0 drivers_killed, 0.0 passengers_injured, 0.0 passengers_killed, 0.0 pedestrian_injured, 0.0 pedestrian_killed, Dry, EDSA fronting Mantrade Makati",MMDA Road Safety Unit,,05bcd816-a4f2-49d4-9086-4e35966515d4,2007-07-28,12:15:00,EDSA Estrella St. Makati,0,0,0,0,0,0,0,0,0,0,2007-07-28 20:15,Property,14.54118654,121.0183414,Rear-End
None,EDSA,None,None,"Unknown, Rear-end, 0.0 drivers_injured, 0.0 drivers_killed, 0.0 passengers_injured, 0.0 passengers_killed, 0.0 pedestrian_injured, 0.0 pedestrian_killed, Dry, EDSA fronting MRT-Buendia Station Makati",MMDA Road Safety Unit,,ff5f986f-7e35-4510-be7f-e11a5f19b708,2007-07-19,02:00:00,EDSA Antonio S. Arnaiz Ave. (Pasay Road) Makati,0,0,0,0,0,0,0,0,0,0,2007-07-19 10:00,Property,14.55423495,121.0338606,Rear-End
None,EDSA,None,None,"Human Error, Side Swipe, 0.0 drivers_injured, 0.0 drivers_killed, 0.0 passengers_injured, 0.0 passengers_killed, 0.0 pedestrian_injured, 0.0 pedestrian_killed, Dry, EDSA fronting San Carlos Seminary Makati",MMDA Road Safety Unit,,d5dc4770-a702-4b6c-b199-561904ed9377,2007-07-10,06:30:00,"EDSA in-between Orense St. and Escuela St., Guadalupe Makati",0,0,0,0,0,0,0,0,0,0,2007-07-10 14:30,Property,14.56308495,121.043919,Side Swipe
None,EDSA,None,None,"Unknown, Side Swipe, 0.0 drivers_injured, 0.0 drivers_killed, 0.0 passengers_injured, 0.0 passengers_killed, 0.0 pedestrian_injured, 0.0 pedestrian_killed, Dry, EDSA Ayala Ave. Makati",MMDA Road Safety Unit,,2121eed0-8494-479a-b2e9-25a2fece4b7e,2007-06-30,07:30:00,EDSA Estrella St. Makati,0,0,0,0,0,0,0,0,0,0,2007-06-30 15:30,Property,14.5503157,121.0293627,Side Swipe
None,EDSA,None,None,"Unknown, Hit and Run (No Collision Stated), 0.0 drivers_injured, 0.0 drivers_killed, 0.0 passengers_injured, 0.0 passengers_killed, 0.0 pedestrian_injured, 0.0 pedestrian_killed, Dry, EDSA Estrella (SB) Makati",MMDA Road Safety Unit,,49652297-3bdd-498c-94c1-01c93927ed33,2007-06-29,18:15:00,EDSA Ayala Ave. Makati,0,0,0,0,0,0,0,0,0,0,2007-06-30 2:15,Property,14.56004326,121.0411034,No Collision Stated
None,EDSA,None,None,"Unknown, Hit object (No Object Stated), 0.0 drivers_injured, 0.0 drivers_killed, 0.0 passengers_injured, 0.0 passengers_killed, 0.0 pedestrian_injured, 0.0 pedestrian_killed, Dry, EDSA Mantrade Makati",MMDA Road Safety Unit,,61d45456-048f-4000-93fe-6894474c74f5,2007-06-29,07:00:00,EDSA Ayala Ave. Makati,0,0,0,0,0,0,0,0,0,0,2007-06-29 15:00,Property,14.54127991,121.0184601,Hit Object
None,EDSA,None,None,"Unknown, Hit object (Bollard-Concrete), 0.0 drivers_injured, 0.0 drivers_killed, 0.0 passengers_injured, 0.0 passengers_killed, 0.0 pedestrian_injured, 0.0 pedestrian_killed, Dry, EDSA Magallanes (SB) Makati",MMDA Road Safety Unit,,62662ccc-5c07-4917-95ad-1f40e8c51088,2007-06-24,15:30:00,EDSA Antonio S. Arnaiz Ave. (Pasay Road) Makati,0,0,0,0,0,0,0,0,0,0,2007-06-24 23:30,Property,14.53955946,121.0143517,Hit Object
None,EDSA,None,None,"Unknown, Hit object (No Object Stated), 0.0 drivers_injured, 0.0 drivers_killed, 0.0 passengers_injured, 0.0 passengers_killed, 0.0 pedestrian_injured, 0.0 pedestrian_killed, Dry, EDSA Estrella Makati",MMDA Road Safety Unit,,1d413842-10c4-4eb3-97d3-db7766aab2d1,2007-06-08,15:30:00,"EDSA fronting Ecology Village, Mantrade Makati",0,0,0,0,0,0,0,0,0,0,2007-06-08 23:30,Property,14.56004326,121.0411034,Hit Object
None,EDSA,None,None,"Unknown, Other (Hit Veh. + Hit Obj., Post-Iron), 0.0 drivers_injured, 0.0 drivers_killed, 0.0 passengers_injured, 0.0 passengers_killed, 0.0 pedestrian_injured, 0.0 pedestrian_killed, Dry, EDSA Lapu-lapu Makati",MMDA Road Safety Unit,,6bc8a38f-4490-4a24-acae-e141641f3661,2007-05-13,02:30:00,EDSA Sen. Gil J. Puyat Ave. (Buendia) Makati,0,0,0,0,0,0,0,0,0,0,2007-05-13 10:30,Property,14.53968935,121.0155717,Hit Object
None,EDSA,None,None,"Human Error, Rear-end, 0.0 drivers_injured, 0.0 drivers_killed, 0.0 passengers_injured, 0.0 passengers_killed, 0.0 pedestrian_injured, 0.0 pedestrian_killed, Dry, EDSA after Buendia Ave.  Makati",MMDA Road Safety Unit,,f0cebc8a-81e3-4cc8-a949-ccfb0ecbb406,2007-05-03,17:00:00,EDSA fronting Footbridge Estrella Makati,0,0,0,0,0,0,0,0,0,0,2007-05-04 1:00,Property,14.55493443,121.0347354,Rear-End
None,EDSA,None,None,"Human Error, Side Swipe, 0.0 drivers_injured, 0.0 drivers_killed, 0.0 passengers_injured, 0.0 passengers_killed, 0.0 pedestrian_injured, 0.0 pedestrian_killed, Dry, EDSA after Jiansee Motors, Guadalupe Makati",MMDA Road Safety Unit,,77bd359b-195c-4263-a5db-c92166ea570d,2007-05-03,11:45:00,"EDSA before Kalayaan Ave., Bgy. Pinagkaisahan Makati",0,0,0,0,0,0,0,0,0,0,2007-05-03 19:45,Property,14.5634871,121.0444052,Side Swipe
None,EDSA,None,None,"Unknown, Rear-end, 0.0 drivers_injured, 0.0 drivers_killed, 0.0 passengers_injured, 0.0 passengers_killed, 0.0 pedestrian_injured, 0.0 pedestrian_killed, Dry, EDSA Estrella between Guadalupe - Buendia Makati",MMDA Road Safety Unit,,a2916505-85a8-44d3-aca2-6d338c74bf2c,2007-05-03,02:30:00,"EDSA fronting Sogo Hotel, Guadalupe Makati",0,0,0,0,0,0,0,0,0,0,2007-05-03 10:30,Property,14.56004326,121.0411034,Rear-End
None,EDSA,None,None,"Human Error, Side Swipe, 0.0 drivers_injured, 0.0 drivers_killed, 0.0 passengers_injured, 0.0 passengers_killed, 0.0 pedestrian_injured, 0.0 pedestrian_killed, Dry, EDSA bet. Estrella / Rockwell Makati",MMDA Road Safety Unit,,50d8b1ea-077b-4759-b159-9f7d133e310c,2007-05-02,23:35:00,"EDSA Eran St., Bgy. Pinagkaisahan Makati",0,0,0,0,0,0,0,0,0,0,2007-05-03 7:35,Property,14.55977459,121.040493,Side Swipe
None,EDSA,None,None,"Human Error, Side Swipe, 0.0 drivers_injured, 0.0 drivers_killed, 0.0 passengers_injured, 0.0 passengers_killed, 0.0 pedestrian_injured, 0.0 pedestrian_killed, Dry, EDSA before Arnaiz Ave. (Pasay Road) Makati",MMDA Road Safety Unit,,ca92fef8-4aa2-4d5a-a277-84a92c4166b6,2007-04-20,06:10:00,EDSA Mantrade Makati,0,0,0,0,0,0,0,0,0,0,2007-04-20 14:10,Property,14.54790261,121.0262918,Side Swipe
None,EDSA,None,None,"Human Error, Angle Impact, 1.0 drivers_injured, 0.0 drivers_killed, 0.0 passengers_injured, 0.0 passengers_killed, 0.0 pedestrian_injured, 0.0 pedestrian_killed, Dry, EDSA Ayala Ave. Makati",MMDA Road Safety Unit,,4c9f731c-4a7f-45f1-ac6d-bb662642e5f7,2007-04-16,06:50:00,EDSA after MRT-Buendia Station Makati,0,0,0,1,0,0,0,0,0,1,2007-04-16 14:50,Injury,14.55049061,121.0293883,Angle Impact
None,EDSA,None,None,"Human Error, Self-Accident, 1.0 drivers_injured, 0.0 drivers_killed, 1.0 passengers_injured, 0.0 passengers_killed, 0.0 pedestrian_injured, 0.0 pedestrian_killed, Dry, EDSA Mantrade (Underneath MRT Stn) Makati",MMDA Road Safety Unit,,fcce2008-9954-45b6-a16d-24cb3827b877,2007-04-12,19:35:00,EDSA Ayala Ave. Makati,0,0,0,1,1,0,0,0,0,2,2007-04-13 3:35,Injury,14.54127991,121.0184601,Self-Accident
None,EDSA,None,None,"Unknown, Rear-end, 0.0 drivers_injured, 0.0 drivers_killed, 0.0 passengers_injured, 0.0 passengers_killed, 0.0 pedestrian_injured, 0.0 pedestrian_killed, Dry, EDSA in-between Sen. Gil J. Puyat Ave. (Buendia) and Estrella Makati",MMDA Road Safety Unit,,875ee4c0-ae3b-4b70-8d85-d7eae9aa202a,2007-04-08,05:15:00,"EDSA before Shell Gas Station, Buendia Makati",0,0,0,0,0,0,0,0,0,0,2007-04-08 13:15,Property,14.55719982,121.0373478,Rear-End
None,EDSA,None,None,"Unknown, Side Swipe, 0.0 drivers_injured, 0.0 drivers_killed, 0.0 passengers_injured, 0.0 passengers_killed, 0.0 pedestrian_injured, 0.0 pedestrian_killed, Dry, EDSA in-between Ayala Ave. and Sen. Gil J. Puyat Ave. (Buendia) Makati",MMDA Road Safety Unit,,7c1fbe6e-ba86-4763-b2a4-86b230f1b51f,2007-04-04,07:15:00,EDSA approaching Mantrade Makati,0,0,0,0,0,0,0,0,0,0,2007-04-04 15:15,Property,14.55282457,121.0320082,Side Swipe
None,EDSA,None,None,"Human Error, Rear-end, 0.0 drivers_injured, 0.0 drivers_killed, 7.0 passengers_injured, 0.0 passengers_killed, 0.0 pedestrian_injured, 0.0 pedestrian_killed, Dry, EDSA fronting San Carlos Seminary (S/B) Makati",MMDA Road Safety Unit,,c46323f6-3557-4ea2-806a-b94aae187c0a,2007-03-30,02:55:00,"EDSA in-between Estrella St. and Sen. Gil J. Puyat Ave. (Buendia), at the approach of Buendia Makati",0,0,0,0,7,0,0,0,0,7,2007-03-30 10:55,Injury,14.56308495,121.043919,Rear-End
None,EDSA,None,None,"Unknown, Rear-end, 0.0 drivers_injured, 0.0 drivers_killed, 0.0 passengers_injured, 0.0 passengers_killed, 0.0 pedestrian_injured, 0.0 pedestrian_killed, Dry, EDSA in-between Orense St. and Escuela St., Guadalupe Makati",MMDA Road Safety Unit,,49beb336-d395-441e-a479-f01700124f7b,2007-03-28,04:40:00,EDSA approaching Ayala Ave. Makati,0,0,0,0,0,0,0,0,0,0,2007-03-28 12:40,Property,14.56088714,121.0418945,Rear-End
None,EDSA,None,None,"Unknown, Angle Impact, 0.0 drivers_injured, 0.0 drivers_killed, 0.0 passengers_injured, 0.0 passengers_killed, 0.0 pedestrian_injured, 0.0 pedestrian_killed, Dry, EDSA fronting MRT-Buendia Station Makati",MMDA Road Safety Unit,,17f2a219-143e-47b3-8a28-0b5387bb9467,2007-03-26,12:00:00,EDSA approaching Antonio S. Arnaiz Ave. (Pasay Road) Makati,0,0,0,0,0,0,0,0,0,0,2007-03-26 20:00,Property,14.55423495,121.0338606,Angle Impact
None,EDSA,None,None,"Unknown, Rear-end, 0.0 drivers_injured, 0.0 drivers_killed, 0.0 passengers_injured, 0.0 passengers_killed, 0.0 pedestrian_injured, 0.0 pedestrian_killed, Dry, EDSA in-between Orense St. and Escuela St., Guadalupe Makati",MMDA Road Safety Unit,,452464ce-3fef-4c75-91ee-5e591649fe8a,2007-03-16,08:00:00,EDSA Sen. Gil J. Puyat Ave. (Buendia) Makati,0,0,0,0,0,0,0,0,0,0,2007-03-16 16:00,Property,14.56088714,121.0418945,Rear-End
None,EDSA,None,None,"Unknown, Side Swipe, 0.0 drivers_injured, 0.0 drivers_killed, 0.0 passengers_injured, 0.0 passengers_killed, 0.0 pedestrian_injured, 0.0 pedestrian_killed, Dry, EDSA in-between Ayala Ave. and Sen. Gil J. Puyat Ave. (Buendia) Makati",MMDA Road Safety Unit,,99633129-dac6-4914-962a-65417173061d,2007-03-12,03:00:00,EDSA Sen. Gil J. Puyat Ave. (Buendia) Makati,0,0,0,0,0,0,0,0,0,0,2007-03-12 11:00,Property,14.55282457,121.0320082,Side Swipe