LOCATION_TEXT,ROAD,WEATHER,LIGHT,DESC,REPORTING_AGENCY,MAIN_CAUSE,INCIDENTDETAILS_ID,DATE_UTC,TIME_UTC,ADDRESS,killed_driver,killed_passenger,killed_pedestrian,injured_driver,injured_passenger,injured_pedestrian,killed_uncategorized,injured_uncategorized,killed_total,injured_total,DATETIME_PST,SEVERITY,Y,X,COLLISION_TYPE
None,EDSA,None,None,"Unknown, Side Swipe, 0.0 drivers_injured, 0.0 drivers_killed, 0.0 passengers_injured, 0.0 passengers_killed, 0.0 pedestrian_injured, 0.0 pedestrian_killed, Dry, EDSA Escuela St., fronting Shell Gas Station, Bgy. Pitogo Makati",MMDA Road Safety Unit,,25d003a1-4816-4ba0-8828-095401ef498d,2007-03-10,10:00:00,EDSA Ayala Ave. Makati,0,0,0,0,0,0,0,0,0,0,2007-03-10 18:00,Property,14.56009895,121.0411864,Side Swipe
None,EDSA,None,None,"Unknown, Side Swipe, 0.0 drivers_injured, 0.0 drivers_killed, 0.0 passengers_injured, 0.0 passengers_killed, 0.0 pedestrian_injured, 0.0 pedestrian_killed, Dry, EDSA Kalayaan Ave., Bgy. Pinakaisahan Makati",MMDA Road Safety Unit,,a0886eb9-b7fc-4dae-bddb-bc5879891d02,2007-03-10,09:30:00,EDSA Ayala Ave. Makati,0,0,0,0,0,0,0,0,0,0,2007-03-10 17:30,Property,14.55767933,121.038147,Side Swipe
None,EDSA,None,None,"Unknown, Side Swipe, 0.0 drivers_injured, 0.0 drivers_killed, 0.0 passengers_injured, 0.0 passengers_killed, 0.0 pedestrian_injured, 0.0 pedestrian_killed, Dry, EDSA in-between Sen. Gil J. Puyat Ave. (Buendia) / Estrella St. Makati",MMDA Road Safety Unit,,3611b49f-cd03-4062-8419-17ee1f2b9978,2007-03-09,08:30:00,EDSA approaching Magallanes Interchange Makati,0,0,0,0,0,0,0,0,0,0,2007-03-09 16:30,Property,14.55719982,121.0373478,Side Swipe
None,EDSA,None,None,"Unknown, Rear-end, 0.0 drivers_injured, 0.0 drivers_killed, 0.0 passengers_injured, 0.0 passengers_killed, 0.0 pedestrian_injured, 0.0 pedestrian_killed, Dry, EDSA Ayala Ave. Makati",MMDA Road Safety Unit,,3db7cb99-6b2d-4d60-b5b3-e5578b3b963e,2007-03-09,00:30:00,"EDSA Sen. Gil J. Puyat Ave. (Buendia, SB) Makati",0,0,0,0,0,0,0,0,0,0,2007-03-09 8:30,Property,14.5503157,121.0293627,Rear-End
None,EDSA,None,None,"Human Error, Self-Accident, 0.0 drivers_injured, 0.0 drivers_killed, 0.0 passengers_injured, 0.0 passengers_killed, 0.0 pedestrian_injured, 0.0 pedestrian_killed, Dry, EDSA Before Buendia Ave. Makati",MMDA Road Safety Unit,,c35c2359-ac52-459e-8904-7f3714212edc,2007-03-04,12:00:00,EDSA Evangelista St. Makati,0,0,0,0,0,0,0,0,0,0,2007-03-04 20:00,Property,14.55502769,121.0352754,Self-Accident
None,EDSA,None,None,"Human Error, Angle Impact, 1.0 drivers_injured, 0.0 drivers_killed, 0.0 passengers_injured, 0.0 passengers_killed, 0.0 pedestrian_injured, 0.0 pedestrian_killed, Dry, EDSA Ayala Ave. Makati",MMDA Road Safety Unit,,18971346-0c0c-4d5b-bffc-f4e52e130dee,2007-03-03,06:00:00,EDSA fronting MRT-Guadalupe Station Makati,0,0,0,1,0,0,0,0,0,1,2007-03-03 14:00,Injury,14.55049061,121.0293883,Angle Impact
None,EDSA,None,None,"Human Error, Side Swipe, 0.0 drivers_injured, 0.0 drivers_killed, 0.0 passengers_injured, 0.0 passengers_killed, 0.0 pedestrian_injured, 0.0 pedestrian_killed, Dry, EDSA fronting Loyola Chapel Makati",MMDA Road Safety Unit,,b16042e6-7fa5-45d0-b761-9b4d47aa81cd,2007-02-23,11:15:00,EDSA in-between Estrella St. and Sen. Gil J. Puyat Ave. (Buendia) Makati,0,0,0,0,0,0,0,0,0,0,2007-02-23 19:15,Property,14.56543084,121.044954,Side Swipe
None,EDSA,None,None,"Human Error, Angle Impact, 0.0 drivers_injured, 0.0 drivers_killed, 0.0 passengers_injured, 0.0 passengers_killed, 0.0 pedestrian_injured, 0.0 pedestrian_killed, Dry, EDSA Estrella St. Makati",MMDA Road Safety Unit,,6a9e5fa7-3983-4517-8c61-d3ec195c8fd4,2007-02-23,02:30:00,EDSA approaching Magallanes  Makati,0,0,0,0,0,0,0,0,0,0,2007-02-23 10:30,Property,14.56000794,121.040791,Angle Impact
None,EDSA,None,None,"Human Error, Angle Impact, 0.0 drivers_injured, 0.0 drivers_killed, 0.0 passengers_injured, 0.0 passengers_killed, 0.0 pedestrian_injured, 0.0 pedestrian_killed, Dry, EDSA Antonio S. Arnaiz Ave. (Pasay Road) Makati",MMDA Road Safety Unit,,b4f32dbc-a6d7-4fc3-b940-e320583b7c79,2007-02-22,04:35:00,EDSA Guadalupe Bridge Makati,0,0,0,0,0,0,0,0,0,0,2007-02-22 12:35,Property,14.54764429,121.0260467,Angle Impact
None,EDSA,None,None,"Unknown, Rear-end, 0.0 drivers_injured, 0.0 drivers_killed, 0.0 passengers_injured, 0.0 passengers_killed, 0.0 pedestrian_injured, 0.0 pedestrian_killed, Dry, EDSA in-between Orense St. and Escuela St., Guadalupe Makati",MMDA Road Safety Unit,,8737f933-b4e8-4b8b-9e12-d7eb22c91201,2007-02-21,16:00:00,EDSA in-between Sen. Gil J. Puyat Ave. (Buendia) and Estrella St. Makati,0,0,0,0,0,0,0,0,0,0,2007-02-22,Property,14.56088714,121.0418945,Rear-End
None,EDSA,None,None,"Human Error, Angle Impact, 0.0 drivers_injured, 0.0 drivers_killed, 0.0 passengers_injured, 0.0 passengers_killed, 0.0 pedestrian_injured, 0.0 pedestrian_killed, Dry, EDSA Estrella St. Makati",MMDA Road Safety Unit,,0aab236f-636f-4a1f-bcd0-0b54f0b698d3,2007-02-21,15:30:00,EDSA Ayala Ave. Makati,0,0,0,0,0,0,0,0,0,0,2007-02-21 23:30,Property,14.56000794,121.040791,Angle Impact
None,EDSA,None,None,"Human Error, Angle Impact, 0.0 drivers_injured, 0.0 drivers_killed, 0.0 passengers_injured, 0.0 passengers_killed, 0.0 pedestrian_injured, 0.0 pedestrian_killed, Dry, EDSA Ayala Ave. Makati",MMDA Road Safety Unit,,e4329b32-509d-45c3-b174-1b7af4e24afc,2007-02-20,23:15:00,EDSA in-between Ayala Ave. and Sen. Gil J. Puyat Ave. (Buendia) Makati,0,0,0,0,0,0,0,0,0,0,2007-02-21 7:15,Property,14.55031445,121.0296229,Angle Impact
None,EDSA,None,None,"Human Error, Angle Impact, 0.0 drivers_injured, 0.0 drivers_killed, 0.0 passengers_injured, 0.0 passengers_killed, 0.0 pedestrian_injured, 0.0 pedestrian_killed, Dry, EDSA Ayala Ave. Makati",MMDA Road Safety Unit,,25fe26a5-0a13-4a33-ab79-4417333306c8,2007-02-20,06:30:00,EDSA Ayala Ave. Makati,0,0,0,0,0,0,0,0,0,0,2007-02-20 14:30,Property,14.55031445,121.0296229,Angle Impact
None,EDSA,None,None,"Human Error, Angle Impact, 0.0 drivers_injured, 0.0 drivers_killed, 0.0 passengers_injured, 0.0 passengers_killed, 0.0 pedestrian_injured, 0.0 pedestrian_killed, Dry, EDSA Antonio S. Arnaiz Ave. (Pasay Road) Makati",MMDA Road Safety Unit,,80678dfb-39e1-4aa2-8cda-62db61738092,2007-02-19,07:00:00,EDSA in-between Ayala Ave. and Sen. Gil J. Puyat Ave. (Buendia) Makati,0,0,0,0,0,0,0,0,0,0,2007-02-19 15:00,Property,14.54764429,121.0260467,Angle Impact
None,EDSA,None,None,"Unknown, Side Swipe, 0.0 drivers_injured, 0.0 drivers_killed, 0.0 passengers_injured, 0.0 passengers_killed, 0.0 pedestrian_injured, 0.0 pedestrian_killed, Dry, EDSA fronting Ecology Village, Mantrade Makati",MMDA Road Safety Unit,,258d957a-9528-4f45-b74a-da317c81d356,2007-02-18,22:15:00,EDSA in-between Sen. Gil J. Puyat Ave. (Buendia) and Estrella St. Makati,0,0,0,0,0,0,0,0,0,0,2007-02-19 6:15,Property,14.54209035,121.0191228,Side Swipe
None,EDSA,None,None,"Human Error, Angle Impact, 0.0 drivers_injured, 0.0 drivers_killed, 0.0 passengers_injured, 0.0 passengers_killed, 0.0 pedestrian_injured, 0.0 pedestrian_killed, Dry, EDSA Sen. Gil J. Puyat Ave. (Buendia) Makati",MMDA Road Safety Unit,,fe2bfc6f-55d9-4796-b41c-0a720352c4f7,2007-02-17,04:30:00,EDSA Kalayaan Ave. Makati,0,0,0,0,0,0,0,0,0,0,2007-02-17 12:30,Property,14.55503755,121.034813,Angle Impact
None,EDSA,None,None,"Unknown, Side Swipe, 0.0 drivers_injured, 0.0 drivers_killed, 0.0 passengers_injured, 0.0 passengers_killed, 0.0 pedestrian_injured, 0.0 pedestrian_killed, Dry, EDSA fronting Footbridge Estrella Makati",MMDA Road Safety Unit,,7cb47788-190e-4a9e-83be-448978ebd0da,2007-02-16,23:40:00,"EDSA fronting Ayala Sales Corp., Bgy. Bangkal Makati",0,0,0,0,0,0,0,0,0,0,2007-02-17 7:40,Property,14.56038208,121.041481,Side Swipe
None,EDSA,None,None,"Unknown, Rear-end, 0.0 drivers_injured, 0.0 drivers_killed, 0.0 passengers_injured, 0.0 passengers_killed, 0.0 pedestrian_injured, 0.0 pedestrian_killed, Dry, EDSA before Kalayaan Ave., Bgy. Pinagkaisahan Makati",MMDA Road Safety Unit,,415def90-0a99-42fa-8c7d-4aa5dce02520,2007-02-16,21:45:00,EDSA Sen. Gil J. Puyat Ave. (Buendia) Makati,0,0,0,0,0,0,0,0,0,0,2007-02-17 5:45,Property,14.55800586,121.0384294,Rear-End
None,EDSA,None,None,"Unknown, Side Swipe, 0.0 drivers_injured, 0.0 drivers_killed, 0.0 passengers_injured, 0.0 passengers_killed, 0.0 pedestrian_injured, 0.0 pedestrian_killed, Dry, EDSA fronting Sogo Hotel, Guadalupe Makati",MMDA Road Safety Unit,,450898e5-025b-4144-8c79-876a41755f92,2007-02-16,20:45:00,EDSA Antonio S. Arnaiz Ave. (Pasay Road) Makati,0,0,0,0,0,0,0,0,0,0,2007-02-17 4:45,Property,14.56469106,121.0448749,Side Swipe
None,EDSA,None,None,"Unknown, Side Swipe, 0.0 drivers_injured, 0.0 drivers_killed, 0.0 passengers_injured, 0.0 passengers_killed, 0.0 pedestrian_injured, 0.0 pedestrian_killed, Dry, EDSA Eran St., Bgy. Pinagkaisahan Makati",MMDA Road Safety Unit,,799fda44-0826-4fcf-9be0-8e70a1009484,2007-02-16,15:45:00,EDSA in-between Estrella St. and Sen. Gil J. Puyat Ave. (Buendia) Makati,0,0,0,0,0,0,0,0,0,0,2007-02-16 23:45,Property,14.55815013,121.038883,Side Swipe
None,EDSA,None,None,"Human Error, Side Swipe, 0.0 drivers_injured, 0.0 drivers_killed, 0.0 passengers_injured, 0.0 passengers_killed, 0.0 pedestrian_injured, 0.0 pedestrian_killed, Dry, EDSA Mantrade Makati",MMDA Road Safety Unit,,d190a177-7fcb-4db6-80e9-ffecead40777,2007-02-14,21:30:00,"EDSA Orense St., Guadalupe Makati",0,0,0,0,0,0,0,0,0,0,2007-02-15 5:30,Property,14.54127991,121.0184601,Side Swipe
None,EDSA,None,None,"Unknown, Side Swipe, 0.0 drivers_injured, 0.0 drivers_killed, 0.0 passengers_injured, 0.0 passengers_killed, 0.0 pedestrian_injured, 0.0 pedestrian_killed, Dry, EDSA after MRT-Buendia Station Makati",MMDA Road Safety Unit,,bdba9aee-b108-4eee-aa6e-edbf5b62652c,2007-02-14,09:30:00,EDSA Ayala Ave. Makati,0,0,0,0,0,0,0,0,0,0,2007-02-14 17:30,Property,14.55405293,121.033672,Side Swipe
None,EDSA,None,None,"Unknown, Side Swipe, 0.0 drivers_injured, 0.0 drivers_killed, 0.0 passengers_injured, 0.0 passengers_killed, 0.0 pedestrian_injured, 0.0 pedestrian_killed, Dry, EDSA Ayala Ave. Makati",MMDA Road Safety Unit,,99123bb1-c207-4294-b02a-d5b6a5fa4811,2007-02-13,00:30:00,EDSA Guadalupe Bridge Makati,0,0,0,0,0,0,0,0,0,0,2007-02-13 8:30,Property,14.5503157,121.0293627,Side Swipe
None,EDSA,None,None,"Unknown, Rear-end, 0.0 drivers_injured, 0.0 drivers_killed, 0.0 passengers_injured, 0.0 passengers_killed, 0.0 pedestrian_injured, 0.0 pedestrian_killed, Dry, EDSA before Shell Gas Station, Buendia Makati",MMDA Road Safety Unit,,df256956-36d2-4655-bcca-8954349c785c,2007-02-12,23:30:00,Ayala    EDSA  Makati,0,0,0,0,0,0,0,0,0,0,2007-02-13 7:30,Property,14.555504,121.0353406,Rear-End
None,EDSA,None,None,"Unknown, Side Swipe, 0.0 drivers_injured, 0.0 drivers_killed, 0.0 passengers_injured, 0.0 passengers_killed, 0.0 pedestrian_injured, 0.0 pedestrian_killed, Dry, EDSA approaching Mantrade Makati",MMDA Road Safety Unit,,0194a99c-cdb9-424a-90e7-c04c22a56896,2007-02-06,23:45:00,Ayala  Edsa  Makati,0,0,0,0,0,0,0,0,0,0,2007-02-07 7:45,Property,14.54093621,121.0181073,Side Swipe
None,EDSA,None,None,"Unknown, Side Swipe, 0.0 drivers_injured, 0.0 drivers_killed, 0.0 passengers_injured, 0.0 passengers_killed, 0.0 pedestrian_injured, 0.0 pedestrian_killed, Dry, EDSA in-between Estrella St. and Sen. Gil J. Puyat Ave. (Buendia), at the approach of Buendia Makati",MMDA Road Safety Unit,,895dccae-7790-4ddf-95b7-d285f4d2a86f,2007-02-06,22:30:00,EDSA-Buendia  Makati,0,0,0,0,0,0,0,0,0,0,2007-02-07 6:30,Property,14.55649604,121.0365881,Side Swipe
None,EDSA,None,None,"Unknown, Rear-end, 0.0 drivers_injured, 0.0 drivers_killed, 0.0 passengers_injured, 0.0 passengers_killed, 0.0 pedestrian_injured, 0.0 pedestrian_killed, Dry, EDSA approaching Ayala Ave. Makati",MMDA Road Safety Unit,,9bbd4460-20d6-4943-a23a-16e5f481521f,2007-02-02,00:45:00,EDSA Buendia  Kalayaan Ave. Makati,0,0,0,0,0,0,0,0,0,0,2007-02-02 8:45,Property,14.55075199,121.0296625,Rear-End
None,EDSA,None,None,"Unknown, Rear-end, 0.0 drivers_injured, 0.0 drivers_killed, 0.0 passengers_injured, 0.0 passengers_killed, 0.0 pedestrian_injured, 0.0 pedestrian_killed, Dry, EDSA approaching Antonio S. Arnaiz Ave. (Pasay Road) Makati",MMDA Road Safety Unit,,f74a0214-1aae-4a1d-a356-9b7eeff4127a,2007-02-01,23:30:00,EDSA-Buendia at PUB loading bay Makati,0,0,0,0,0,0,0,0,0,0,2007-02-02 7:30,Property,14.54782601,121.0263304,Rear-End
None,EDSA,None,None,"Human Error, Angle Impact, 0.0 drivers_injured, 0.0 drivers_killed, 0.0 passengers_injured, 0.0 passengers_killed, 0.0 pedestrian_injured, 0.0 pedestrian_killed, Dry, EDSA Sen. Gil J. Puyat Ave. (Buendia) Makati",MMDA Road Safety Unit,,5e39f5c9-7c8b-4614-9533-ab004f59756d,2007-01-31,15:45:00,"EDSA / Buendia at ""U"" turn slot Makati",0,0,0,0,0,0,0,0,0,0,2007-01-31 23:45,Property,14.55503755,121.034813,Angle Impact
None,EDSA,None,None,"Human Error, Angle Impact, 0.0 drivers_injured, 0.0 drivers_killed, 0.0 passengers_injured, 0.0 passengers_killed, 0.0 pedestrian_injured, 0.0 pedestrian_killed, Dry, EDSA Sen. Gil J. Puyat Ave. (Buendia) Makati",MMDA Road Safety Unit,,36b5c47a-a616-4a2b-99c3-4c2433aa99b4,2007-01-30,11:00:00,Epifanio Delos Santos Avenue (EDSA) Guadalupe Makati,0,0,0,0,0,0,0,0,0,0,2007-01-30 19:00,Property,14.55503755,121.034813,Angle Impact
None,EDSA,None,None,"Human Error, Angle Impact, 1.0 drivers_injured, 0.0 drivers_killed, 0.0 passengers_injured, 0.0 passengers_killed, 0.0 pedestrian_injured, 0.0 pedestrian_killed, Dry, EDSA Ayala Ave. Makati",MMDA Road Safety Unit,,9202ed55-0d11-4548-b36c-4541d6564e70,2007-01-29,12:00:00,EDSA Northbound  Makati,0,0,0,1,0,0,0,0,0,1,2007-01-29 20:00,Injury,14.55049061,121.0293883,Angle Impact
None,EDSA,None,None,"Human Error, Angle Impact, 0.0 drivers_injured, 0.0 drivers_killed, 0.0 passengers_injured, 0.0 passengers_killed, 0.0 pedestrian_injured, 0.0 pedestrian_killed, Dry, EDSA Ayala Ave. Makati",MMDA Road Safety Unit,,2d93620b-6f40-4e74-a0a4-d8d2e41928a9,2007-01-27,02:30:00,"Edsa Northbound approaching B. Burgos St. Guadalupe,Mkt. City Makati",0,0,0,0,0,0,0,0,0,0,2007-01-27 10:30,Property,14.55031445,121.0296229,Angle Impact
None,EDSA,None,None,"Unknown, Rear-end, 0.0 drivers_injured, 0.0 drivers_killed, 0.0 passengers_injured, 0.0 passengers_killed, 0.0 pedestrian_injured, 0.0 pedestrian_killed, Dry, EDSA approaching Magallanes Interchange Makati",MMDA Road Safety Unit,,c0aacff4-6a3e-4c06-9f32-839fa3ad051f,2007-01-24,14:20:00,Guadalupe  East Service Road   Makati,0,0,0,0,0,0,0,0,0,0,2007-01-24 22:20,Property,14.54239835,121.0195477,Rear-End
None,EDSA,None,None,"Unknown, Hit object (No Object Stated), 0.0 drivers_injured, 0.0 drivers_killed, 0.0 passengers_injured, 0.0 passengers_killed, 0.0 pedestrian_injured, 0.0 pedestrian_killed, Dry, EDSA Sen. Gil J. Puyat Ave. (Buendia, SB) Makati",MMDA Road Safety Unit,,5edfcc12-2a90-44cd-aa53-80e1d1a15672,2007-01-24,04:30:00,Guadalupe  Makati,0,0,0,0,0,0,0,0,0,0,2007-01-24 12:30,Property,14.55483765,121.0348537,Hit Object
None,EDSA,None,None,"Unknown, Rear-end, 0.0 drivers_injured, 0.0 drivers_killed, 0.0 passengers_injured, 0.0 passengers_killed, 0.0 pedestrian_injured, 0.0 pedestrian_killed, Dry, EDSA Evangelista St. Makati",MMDA Road Safety Unit,,368703a3-d517-4657-9f19-5d5c2b48d8d2,2007-01-22,23:10:00,Guadalupe Clover Leaf (S/B) Makati,0,0,0,0,0,0,0,0,0,0,2007-01-23 7:10,Property,14.53906878,121.012324,Rear-End
None,EDSA,None,None,"Human Error, Side Swipe, 0.0 drivers_injured, 0.0 drivers_killed, 0.0 passengers_injured, 0.0 passengers_killed, 0.0 pedestrian_injured, 0.0 pedestrian_killed, Dry, EDSA fronting MRT-Guadalupe Station Makati",MMDA Road Safety Unit,,744211bd-2174-47d7-88d6-d0c3987170c3,2007-01-16,22:30:00,EDSA Cloverleaf J.P. Rizal Makati,0,0,0,0,0,0,0,0,0,0,2007-01-17 6:30,Property,14.56661161,121.0453363,Side Swipe
None,EDSA,None,None,"Human Error, Side Swipe, 0.0 drivers_injured, 0.0 drivers_killed, 0.0 passengers_injured, 0.0 passengers_killed, 0.0 pedestrian_injured, 0.0 pedestrian_killed, Dry, EDSA in-between Estrella St. and Sen. Gil J. Puyat Ave. (Buendia) Makati",MMDA Road Safety Unit,,d71da3b1-d3e1-405c-bcbe-829d62f97b49,2007-01-15,00:00:00,EDSA Guadalupe  Loyola Memorial Chapel  Makati,0,0,0,0,0,0,0,0,0,0,2007-01-15 8:00,Property,14.55649604,121.0365881,Side Swipe
None,EDSA,None,None,"Human Error, Side Swipe, 0.0 drivers_injured, 0.0 drivers_killed, 0.0 passengers_injured, 0.0 passengers_killed, 0.0 pedestrian_injured, 0.0 pedestrian_killed, Dry, EDSA approaching Magallanes  Makati",MMDA Road Safety Unit,,762b862f-45a6-43f5-8a33-4527ddef477b,2007-01-12,13:20:00,EDSA-Guadalupe J.P Rizal Ave. Makati,0,0,0,0,0,0,0,0,0,0,2007-01-12 21:20,Property,14.54239835,121.0195477,Side Swipe
None,EDSA,None,None,"Human Error, Rear-end, 0.0 drivers_injured, 0.0 drivers_killed, 0.0 passengers_injured, 0.0 passengers_killed, 0.0 pedestrian_injured, 0.0 pedestrian_killed, Dry, EDSA Guadalupe Bridge Makati",MMDA Road Safety Unit,,6e281db2-8bf0-4967-ab74-86d2d2c9ac01,2007-01-10,06:45:00,EDSA / Guadalupe  Makati,0,0,0,0,0,0,0,0,0,0,2007-01-10 14:45,Property,14.56846648,121.0458404,Rear-End
None,EDSA,None,None,"Human Error, Side Swipe, 0.0 drivers_injured, 0.0 drivers_killed, 0.0 passengers_injured, 0.0 passengers_killed, 0.0 pedestrian_injured, 0.0 pedestrian_killed, Dry, EDSA in-between Sen. Gil J. Puyat Ave. (Buendia) and Estrella St. Makati",MMDA Road Safety Unit,,1f3a8c23-d335-444d-a451-4146af55112d,2007-01-09,00:40:00,Guadalupe Bridge  Mandaluyong,0,0,0,0,0,0,0,0,0,0,2007-01-09 8:40,Property,14.55719982,121.0373478,Side Swipe
None,EDSA,None,None,"Human Error, Angle Impact, 0.0 drivers_injured, 0.0 drivers_killed, 0.0 passengers_injured, 0.0 passengers_killed, 0.0 pedestrian_injured, 0.0 pedestrian_killed, Dry, EDSA Ayala Ave. Makati",MMDA Road Safety Unit,,953cc386-8c44-4b0c-bd1d-b3b14cf453c3,2007-01-07,01:20:00,Guadalupe Bridge  Makati,0,0,0,0,0,0,0,0,0,0,2007-01-07 9:20,Property,14.55031445,121.0296229,Angle Impact
None,EDSA,None,None,"Human Error, Rear-end, 0.0 drivers_injured, 0.0 drivers_killed, 0.0 passengers_injured, 0.0 passengers_killed, 0.0 pedestrian_injured, 0.0 pedestrian_killed, Dry, EDSA in-between Ayala Ave. and Sen. Gil J. Puyat Ave. (Buendia) Makati",MMDA Road Safety Unit,,146688a3-832b-4b61-af64-d92cf15edd4c,2007-01-05,13:00:00,Guadalupe Bridge Mandaluyong Bridge Mandaluyong,0,0,0,0,0,0,0,0,0,0,2007-01-05 21:00,Property,14.55282457,121.0320082,Rear-End
None,EDSA,None,None,"Human Error, Angle Impact, 0.0 drivers_injured, 0.0 drivers_killed, 0.0 passengers_injured, 0.0 passengers_killed, 0.0 pedestrian_injured, 0.0 pedestrian_killed, Dry, EDSA Ayala Ave. Makati",MMDA Road Safety Unit,,c985cea5-5332-4677-98ed-c2002219393f,2007-01-05,05:25:00,Guadalupe Bridge  EDSA (SB) Mandaluyong,0,0,0,0,0,0,0,0,0,0,2007-01-05 13:25,Property,14.55031445,121.0296229,Angle Impact
None,EDSA,None,None,"Human Error, Side Swipe, 0.0 drivers_injured, 0.0 drivers_killed, 0.0 passengers_injured, 0.0 passengers_killed, 0.0 pedestrian_injured, 0.0 pedestrian_killed, Dry, EDSA in-between Ayala Ave. and Sen. Gil J. Puyat Ave. (Buendia) Makati",MMDA Road Safety Unit,,03379670-4f3d-47c5-9175-fd9d18c66ca7,2007-01-05,00:45:00,Guadalupe Bridge EDSA Makati,0,0,0,0,0,0,0,0,0,0,2007-01-05 8:45,Property,14.55282457,121.0320082,Side Swipe
None,EDSA,None,None,"Human Error, Rear-end, 0.0 drivers_injured, 0.0 drivers_killed, 0.0 passengers_injured, 0.0 passengers_killed, 0.0 pedestrian_injured, 0.0 pedestrian_killed, Dry, EDSA in-between Sen. Gil J. Puyat Ave. (Buendia) and Estrella St. Makati",MMDA Road Safety Unit,,2fba4d7e-98fb-4448-82af-036b0696ee92,2007-01-04,22:45:00,Pantaleon Barangka Mandaluyong,0,0,0,0,0,0,0,0,0,0,2007-01-05 6:45,Property,14.55719982,121.0373478,Rear-End
None,EDSA,None,None,"Human Error, Angle Impact, 0.0 drivers_injured, 0.0 drivers_killed, 0.0 passengers_injured, 0.0 passengers_killed, 0.0 pedestrian_injured, 0.0 pedestrian_killed, Dry, EDSA Kalayaan Ave. Makati",MMDA Road Safety Unit,,d5613535-875d-4339-84ad-ba5c72a91bc4,2007-01-04,02:00:00,"Go Hotel EDSA, Ilaya Mandaluyong",0,0,0,0,0,0,0,0,0,0,2007-01-04 10:00,Property,14.55978992,121.0405331,Angle Impact
None,EDSA,None,None,"Unknown, Rear-end, 0.0 drivers_injured, 0.0 drivers_killed, 0.0 passengers_injured, 0.0 passengers_killed, 0.0 pedestrian_injured, 0.0 pedestrian_killed, Dry, EDSA fronting Ayala Sales Corp., Bgy. Bangkal Makati",MMDA Road Safety Unit,,7e1ba475-6f8d-44f4-a7f9-7c12ba541cc1,2007-01-04,01:30:00,"Hotel Go EDSA, Robinson's Place-Pioneer Mandaluyong",0,0,0,0,0,0,0,0,0,0,2007-01-04 9:30,Property,14.54016873,121.0157003,Rear-End
None,EDSA,None,None,"Human Error, Angle Impact, 0.0 drivers_injured, 0.0 drivers_killed, 0.0 passengers_injured, 0.0 passengers_killed, 0.0 pedestrian_injured, 0.0 pedestrian_killed, Dry, EDSA Sen. Gil J. Puyat Ave. (Buendia) Makati",MMDA Road Safety Unit,,883eaf32-ffc4-4fc5-b2a8-51358b4482d2,2007-01-03,21:00:00,Go Hotel  Mandaluyong,0,0,0,0,0,0,0,0,0,0,2007-01-04 5:00,Property,14.55503755,121.034813,Angle Impact
None,EDSA,None,None,"Human Error, Angle Impact, 0.0 drivers_injured, 0.0 drivers_killed, 0.0 passengers_injured, 0.0 passengers_killed, 0.0 pedestrian_injured, 0.0 pedestrian_killed, Dry, EDSA Antonio S. Arnaiz Ave. (Pasay Road) Makati",MMDA Road Safety Unit,,78ab2066-1ef7-4651-94af-96a98e3e29e8,2007-01-03,08:00:00,Boni MRT Mandaluyong,0,0,0,0,0,0,0,0,0,0,2007-01-03 16:00,Property,14.54764429,121.0260467,Angle Impact
None,EDSA,None,None,"Human Error, Side Swipe, 0.0 drivers_injured, 0.0 drivers_killed, 0.0 passengers_injured, 0.0 passengers_killed, 0.0 pedestrian_injured, 0.0 pedestrian_killed, Dry, EDSA in-between Estrella St. and Sen. Gil J. Puyat Ave. (Buendia) Makati",MMDA Road Safety Unit,,9ee6784e-7be4-4fa4-b05c-468f54293923,2007-01-02,23:45:00,EDSA Crossing  Mandaluyong,0,0,0,0,0,0,0,0,0,0,2007-01-03 7:45,Property,14.55649604,121.0365881,Side Swipe
None,EDSA,None,None,"Human Error, Rear-end, 0.0 drivers_injured, 0.0 drivers_killed, 0.0 passengers_injured, 0.0 passengers_killed, 0.0 pedestrian_injured, 0.0 pedestrian_killed, Dry, EDSA Orense St., Guadalupe Makati",MMDA Road Safety Unit,,2952d672-3138-4997-9954-c5a7113c2c1f,2007-01-02,06:20:00,EDSA Crossing fronting Starmall Mandaluyong,0,0,0,0,0,0,0,0,0,0,2007-01-02 14:20,Property,14.56156378,121.0428336,Rear-End
None,EDSA,None,None,"Human Error, Rear-end, 0.0 drivers_injured, 0.0 drivers_killed, 0.0 passengers_injured, 0.0 passengers_killed, 0.0 pedestrian_injured, 0.0 pedestrian_killed, Dry, EDSA Ayala Ave. Makati",MMDA Road Safety Unit,,5abb0bad-672f-434d-ad39-11f6cde26f86,2007-01-02,03:00:00,EDSA Crossing  Mandaluyong,0,0,0,0,0,0,0,0,0,0,2007-01-02 11:00,Property,14.55034443,121.0295749,Rear-End
None,EDSA,None,None,"Human Error, Rear-end, 0.0 drivers_injured, 0.0 drivers_killed, 0.0 passengers_injured, 0.0 passengers_killed, 0.0 pedestrian_injured, 0.0 pedestrian_killed, Dry, EDSA Guadalupe Bridge Makati",MMDA Road Safety Unit,,e4dd78e5-0761-4d76-b2d9-cba09260ae9b,2006-12-31,20:00:00,EDSA Crossing  Mandaluyong,0,0,0,0,0,0,0,0,0,0,2007-01-01 4:00,Property,14.56846648,121.0458404,Rear-End
None,EDSA,None,None,"No Accident Factor, No Collision Stated (based on Police Blotter Book), 0.0 drivers_injured, 0.0 drivers_killed, 0.0 passengers_injured, 0.0 passengers_killed, 0.0 pedestrian_injured, 0.0 pedestrian_killed, Fair (Night), Ayala    EDSA  Makati",MMDA Road Safety Unit,,b336147b-9cce-4afd-9ad7-780235da523c,2013-10-29,10:45:00,EDSA Crossing Bgy.Highway Hills Mandaluyong,0,0,0,0,0,0,0,0,0,0,2013-10-29 18:45,Property,14.5492376,121.0279429,No Collision Stated