LOCATION_TEXT,ROAD,WEATHER,LIGHT,DESC,REPORTING_AGENCY,MAIN_CAUSE,INCIDENTDETAILS_ID,DATE_UTC,TIME_UTC,ADDRESS,killed_driver,killed_passenger,killed_pedestrian,injured_driver,injured_passenger,injured_pedestrian,killed_uncategorized,injured_uncategorized,killed_total,injured_total,DATETIME_PST,SEVERITY,Y,X,COLLISION_TYPE
None,EDSA,None,None,"No Accident Factor, Angle Impact, 0.0 drivers_injured, 0.0 drivers_killed, 1.0 passengers_injured, 0.0 passengers_killed, 0.0 pedestrian_injured, 0.0 pedestrian_killed, Fair (Night), Ayala  Edsa  Makati",MMDA Road Safety Unit,,2d7aa888-4d13-44cd-af74-5fb9c0663b8e,2012-12-15,20:40:00,EDSA Crossing Shaw Blvd. Mandaluyong,0,0,0,0,1,0,0,0,0,1,2012-12-16 4:40,Injury,14.5492376,121.0279429,Angle Impact
"Ayala Intersection Northbound, EDSA, Bougainvilla Place, Dasmariñas, Makati, District I, Makati, Metro Manila, 1221, Philippines",EDSA,clear-day,day,Bumped from Behind,MMDA Metrobase,,398042a1-b26e-4c9d-be25-74b0cc9c96fa,2016-11-05,06:45:11,EDSA Crossing  Mandaluyong,0,0,0,0,0,0,0,0,0,0,2016-11-05 14:45,Property,14.55006404,121.0292101,Rear-End
"Family Mart, EDSA, Bougainvilla Place, Dasmariñas, Makati, District I, Makati, Metro Manila, 1221, Philippines",EDSA,clear-day,day,BUMPED FROM BEHIND,MMDA Metrobase,,c8098fd2-7755-42ca-9d82-3ac3e78acbbd,2016-10-24,02:38:43,EDSA Crossing  Mandaluyong,0,0,0,0,0,0,0,0,0,0,2016-10-24 10:38,Property,14.55008481,121.0293818,Rear-End
"Shell, EDSA, Forbes Park, Makati, District I, Makati, Metro Manila, 1221, Philippines",EDSA,partly-cloudy-day,day,MULTIPLE COLLISION,MMDA Metrobase,,75acb04f-39ba-48ab-aa4f-c68fb5aa8b40,2016-12-19,01:15:21,EDSA Crossing  Mandaluyong,0,0,0,0,0,0,0,0,0,0,2016-12-19 9:15,Property,14.55008481,121.0294783,Side Swipe
"Shell, EDSA, Forbes Park, Makati, District I, Makati, Metro Manila, 1221, Philippines",EDSA,clear-day,day,BUMPED FROM BEHIND,MMDA Metrobase,,07583ac9-19c2-473d-8606-fff76f5aa7da,2016-11-13,23:31:26,Crossing EDSA  Mandaluyong,0,0,0,0,0,0,0,0,0,0,2016-11-14 7:31,Property,14.55010558,121.0294461,Rear-End
"Shell, EDSA, Forbes Park, Makati, District I, Makati, Metro Manila, 1221, Philippines",EDSA,clear-day,day,BUMPED FROM BEHIND,MMDA Metrobase,,7b88e6d0-7bc8-48a5-9898-884a04a9199c,2016-10-23,03:39:18,EDSA crossing  Mandaluyong,0,0,0,0,0,0,0,0,0,0,2016-10-23 11:39,Property,14.55012635,121.0295105,Rear-End
"EDSA  Ayala Intersection, Forbes Park, Makati, District I, Makati, Metro Manila, 1221, Philippines",EDSA,clear-day,day,Bumped from Behind,MMDA Metrobase,,17c7f66d-3f03-4471-8cc8-dcf8423bd820,2016-11-05,06:00:00,Edsa Crossing Shaw Blvd. Mandaluyong,0,0,0,0,0,0,0,0,0,0,2016-11-05 14:00,Property,14.55018866,121.0292959,Rear-End
"Shell, EDSA, Forbes Park, Makati, District I, Makati, Metro Manila, 1221, Philippines",EDSA,partly-cloudy-day,day,HIT AND RUN,MMDA Metrobase,,2b273f44-2741-4e34-9e73-7b482a377463,2016-11-01,23:25:24,Ortigas EDSA Brgy. Wack Wack Mandaluyong,0,0,0,0,0,0,0,1,0,1,2016-11-02 7:25,Injury,14.55024058,121.0293174,No Collision Stated
"Shell, EDSA, Forbes Park, Makati, District I, Makati, Metro Manila, 1221, Philippines",EDSA,partly-cloudy-day,day,BUMPED FROM BEHIND,MMDA Metrobase,,2fb12def-d45f-47d7-b32b-224bdb6d9f33,2016-11-14,01:43:24,Ortigas Ave. fronting POEA Bldg. Pasig,0,0,0,0,0,0,0,0,0,0,2016-11-14 9:43,Property,14.55060405,121.0294569,Rear-End
"Shell, EDSA, Forbes Park, Makati, District I, Makati, Metro Manila, 1221, Philippines",EDSA,clear-day,day,Multiple Collision,MMDA Metrobase,,4bd94103-5439-4ec3-8456-8134df6f1c09,2016-12-22,06:04:02,Ortigas Ave. POEA bldg. Pasig,0,0,0,0,0,0,0,0,0,0,2016-12-22 14:04,Property,14.5509779,121.0299826,Multiple
"EDSA, Forbes Park, Makati, District I, Makati, Metro Manila, 1221, Philippines",EDSA,rain,day,BUMPED FROM BEHIND,Other,,69a4acd7-0a09-4651-9c07-bff163cb0e0d,2016-10-07,03:06:51,EDSA Edsa Central Mandaluyong,0,0,0,0,0,0,0,0,0,0,2016-10-07 11:06,Property,14.55149713,121.0309911,Rear-End
"Buendia Northbound, EDSA, Forbes Park, Makati, District I, Makati, Metro Manila, 1200, Philippines",EDSA,partly-cloudy-night,night,(-) Injured,MMDA Metrobase,,bf04cd7c-8125-4a6b-b822-36d7658094e9,2016-11-08,12:02:06,EDSA Pioneer St. Mandaluyong,0,0,0,0,0,0,0,1,0,1,2016-11-08 20:02,Injury,14.55428174,121.0338685,No Collision Stated
"Mrt Buendia Southbound, EDSA, Forbes Park, Makati, District I, Makati, Metro Manila, 1200, Philippines",EDSA,rain,day,Bumped from Behind,Other,,04d77249-a2c6-4d67-a983-ee990d22914b,2016-10-07,06:11:27,EDSA PGA Car Showroom Mandaluyong,0,0,0,0,0,0,0,0,0,0,2016-10-07 14:11,Property,14.55436328,121.0341668,Rear-End
"EDSA, Bel-Air, Makati, District I, Makati, Metro Manila, 1211, Philippines",EDSA,cloudy,night,SELF ACCIDENT ,MMDA Metrobase,,6686bb7a-9e55-45e6-8c13-fa38e753593b,2016-11-17,15:36:12,EDSA Shaw Blvd. Mandaluyong,0,0,0,0,0,0,0,0,0,0,2016-11-17 23:36,Property,14.55455021,121.0344458,Self-Accident
"Kilometer 27, EDSA, Forbes Park, Makati, District I, Makati, Metro Manila, 1200, Philippines",EDSA,clear-night,night,(-) Injured,MMDA Metrobase,,0d0ce3e5-43f5-4b28-bd97-ad1c8f82197f,2016-12-21,10:17:42,"EDSA G.A. Tower, Boni Ave. Mandaluyong",0,0,0,0,0,0,0,1,0,1,2016-12-21 18:17,Injury,14.55488251,121.0353899,No Collision Stated
"EDSA, Bel-Air, Makati, District I, Makati, Metro Manila, 1200, Philippines",EDSA,clear-day,day,SELF ACCIDENT,Other,,cde2c9f7-2a31-4328-a32b-27eb776ec2f8,2016-09-30,22:49:07,EDSA Apo & E. Pantaleon St. Mandaluyong,0,0,0,0,0,0,0,1,0,1,2016-10-01 6:49,Injury,14.55493443,121.0347354,Hit Object
"Shell, Senator Gil Puyat Avenue, Salcedo, Bel-Air, Makati, District I, Makati, Metro Manila, 1200, Philippines",EDSA,clear-day,day,BUMPED FROM BEHIND,MMDA Metrobase,,e01ae16c-6c6b-42a9-9dcf-a7db41e1bd46,2016-10-25,02:39:43,EDSA Reliance St. Mandaluyong,0,0,0,0,0,0,0,0,0,0,2016-10-25 10:39,Property,14.55497597,121.0347891,Rear-End
None,EDSA,None,None,"No Accident Factor, No Collision Stated (based on Police Blotter Book), 0.0 drivers_injured, 0.0 drivers_killed, 0.0 passengers_injured, 0.0 passengers_killed, 0.0 pedestrian_injured, 0.0 pedestrian_killed, Fair (Night), EDSA-Buendia  Makati",MMDA Road Safety Unit,,60abaa9c-e244-4340-819e-a048aeabd82f,2013-10-23,11:15:00,EDSA Boni MRT Station Mandaluyong,0,0,0,0,0,0,0,0,0,0,2013-10-23 19:15,Property,14.5552773,121.0345428,No Collision Stated
None,EDSA,None,None,"Unknown, Self-Accident, 1.0 drivers_injured, 0.0 drivers_killed, 0.0 passengers_injured, 0.0 passengers_killed, 0.0 pedestrian_injured, 0.0 pedestrian_killed, Rain (Night), EDSA Buendia  Kalayaan Ave. Makati",MMDA Road Safety Unit,,c02fae58-3695-4ff3-b8a8-af9866afae4b,2011-11-03,10:30:00,EDSA Boni Ave. Loading Bay Mandaluyong,0,0,0,1,0,0,0,0,0,1,2011-11-03 18:30,Injury,14.5552773,121.0345428,Self-Accident
None,EDSA,None,None,"Unknown, Hit object (Post-Steel, MMDA), 0.0 drivers_injured, 0.0 drivers_killed, 0.0 passengers_injured, 0.0 passengers_killed, 0.0 pedestrian_injured, 0.0 pedestrian_killed, Dry, EDSA-Buendia at PUB loading bay Makati",MMDA Road Safety Unit,,eed20239-455b-4258-ba89-17c8c5db4812,2008-10-11,19:30:00,EDSA Shaw Blvd. Mandaluyong,0,0,0,0,0,0,0,0,0,0,2008-10-12 3:30,Injury,14.5552773,121.0345428,Hit Object
None,EDSA,None,None,"Unknown, Side Swipe, 0.0 drivers_injured, 0.0 drivers_killed, 0.0 passengers_injured, 0.0 passengers_killed, 0.0 pedestrian_injured, 0.0 pedestrian_killed, Dry, EDSA / Buendia at ""U"" turn slot Makati",MMDA Road Safety Unit,,4a45f9a8-2de2-4be9-a696-c8b434443e45,2007-03-26,03:25:00,EDSA Shaw Blvd. Mandaluyong,0,0,0,0,0,0,0,0,0,0,2007-03-26 11:25,Property,14.55530704,121.035522,Side Swipe
None,EDSA,None,None,"No Accident Factor, No Collision Stated (based on Police Blotter Book), 0.0 drivers_injured, 0.0 drivers_killed, 0.0 passengers_injured, 0.0 passengers_killed, 0.0 pedestrian_injured, 0.0 pedestrian_killed, Fair (Night), Epifanio Delos Santos Avenue (EDSA) Guadalupe Makati",MMDA Road Safety Unit,,2223ea87-d2cc-4d68-9981-6644aa9d4512,2014-05-28,14:55:00,EDSA Starmall Mandaluyong,0,0,0,0,0,0,0,0,0,0,2014-05-28 22:55,Property,14.56759456,121.0456468,No Collision Stated
"Shell, Senator Gil Puyat Avenue, Salcedo, Bel-Air, Makati, District I, Makati, Metro Manila, 1200, Philippines",EDSA,partly-cloudy-day,day,Bumped from Behind,MMDA Metrobase,,9dd24d90-20f5-4fdd-b102-b39de0ffd072,2016-10-24,06:27:32,EDSA Boni MRT Station Mandaluyong,0,0,0,0,0,0,0,0,0,0,2016-10-24 14:27,Property,14.55543289,121.0352612,Rear-End
"Shell, Senator Gil Puyat Avenue, Salcedo, Bel-Air, Makati, District I, Makati, Metro Manila, 1200, Philippines",EDSA,clear-night,night,Bumped from Behind,MMDA Metrobase,,6f691c52-6efb-44e9-a464-9b8e69929927,2016-12-01,12:42:48,EDSA Ortigas MRT Station Mandaluyong,0,0,0,0,0,0,0,0,0,0,2016-12-01 20:42,Property,14.55550558,121.035347,Rear-End
"Kilometer 27, EDSA, Forbes Park, Makati, District I, Makati, Metro Manila, 1200, Philippines",EDSA,partly-cloudy-day,day,SELF ACCIDENT,MMDA Metrobase,,46126a52-1812-4be1-a8ec-4db5572108b4,2016-11-01,22:36:10,EDSA Starmall Mandaluyong,0,0,0,0,0,0,0,0,0,0,2016-11-02 6:36,Property,14.55559904,121.0359693,Hit Object
"Kilometer 27, EDSA, Bel-Air, Makati, District I, Makati, Metro Manila, 1211, Philippines",EDSA,partly-cloudy-night,dusk,(-) Injured,MMDA Metrobase,,5b4bbd48-4d20-4cc3-8cdd-34618ff17a7a,2016-11-07,09:50:49,EDSA Poveda St. Mandaluyong,0,0,0,0,0,0,0,1,0,1,2016-11-07 17:50,Injury,14.55594326,121.036186,No Collision Stated
"Kalayaan Flyover, Bel-Air, Makati, District I, Makati, Metro Manila, 1200, Philippines",EDSA,partly-cloudy-night,night,Self Accident,MMDA Metrobase,,4c96d48f-b7ed-40ae-9e52-5aee0c54dbc7,2016-12-05,11:45:42,"EDSA Shell Gas Station, Highway Hills Mandaluyong",0,0,0,0,0,0,0,1,0,1,2016-12-05 19:45,Injury,14.55668941,121.036849,Self-Accident
"EDSA Kalayaan Avenue Northbound, Pinagkaisahan, Makati, District II, Makati, Metro Manila, 1200, Philippines",EDSA,rain,day,Bumped from Behind; Multiple Collision,Other,,1da76726-8ac1-4b27-901f-4b54a87ddaca,2016-10-03,09:14:10,EDSA Madison St. Mandaluyong,0,0,0,0,0,0,0,0,0,0,2016-10-03 17:14,Property,14.5573644,121.0378575,Multiple
"5742, Kalayaan Avenue, Pinagkaisahan, Makati, District II, Makati, Metro Manila, 1200, Philippines",EDSA,clear-day,day,Hit and Run,MMDA Metrobase,,efbf63b9-86ed-4deb-a58a-1de555bb894b,2016-12-21,08:37:23,EDSA Guadalupe Bridge Mandaluyong,0,0,0,0,0,0,0,0,0,0,2016-12-21 16:37,Property,14.55737478,121.0383511,No Collision Stated
"5742, Kalayaan Avenue, Pinagkaisahan, Makati, District II, Makati, Metro Manila, 1200, Philippines",EDSA,clear-day,day,SIDE SWIPED,Other,,83f8f467-9b27-4d2d-aab2-21af7fa0d655,2016-09-30,02:30:18,EDSA Reliance St.  Mandaluyong,0,0,0,0,0,0,0,0,0,0,2016-09-30 10:30,Property,14.55741165,121.0380614,Side Swipe
"5742, Kalayaan Avenue, Pinagkaisahan, Makati, District II, Makati, Metro Manila, 1200, Philippines",EDSA,clear-day,day,BUMPED FROM BEHIND,MMDA Metrobase,,32df57e0-c20a-471d-a9bc-9ce52fc0e926,2016-10-23,03:20:41,EDSA SM Megamall Mandaluyong,0,0,0,0,0,0,0,0,0,0,2016-10-23 11:20,Property,14.55770708,121.0379648,Rear-End
"5742, Kalayaan Avenue, Pinagkaisahan, Makati, District II, Makati, Metro Manila, 1200, Philippines",EDSA,clear-day,day,MULTIPLE COLLISION,MMDA Metrobase,,79cb94a2-9491-4746-b7c4-c9409fa8412d,2016-10-29,01:52:45,EDSA Ortigas MRT Station Mandaluyong,0,0,0,0,0,0,0,1,0,1,2016-10-29 9:52,Injury,14.55770708,121.0380507,Rear-End
"Brownies Unlimited, Kalayaan Avenue, Pinagkaisahan, Makati, District II, Makati, Metro Manila, 1200, Philippines",EDSA,clear-day,day,MULTIPLE COLLISION,Other,,6b1faed5-c55f-4cde-bcd0-443841fa0c26,2016-10-01,01:08:29,EDSA Shaw Blvd.  Mandaluyong,0,0,0,0,0,0,0,0,0,0,2016-10-01 9:08,Property,14.55782131,121.0385334,Rear-End
"Mercury Drug, EDSA, Bel-Air, Makati, District I, Makati, Metro Manila, 1200, Philippines",EDSA,partly-cloudy-day,day,BUMPED FROM BEHIND,MMDA Metrobase,,aca1b682-47c7-4bdb-abfb-415e61a7f824,2016-11-07,03:10:45,EDSA Boni MRT Station Mandaluyong,0,0,0,0,0,0,0,0,0,0,2016-11-07 11:10,Property,14.55882859,121.0397458,Rear-End
"Prime Power, Agutaya, Pinagkaisahan, Makati, District II, Makati, Metro Manila, 1211, Philippines",EDSA,clear-day,day,BUMPED FROM BEHIND,MMDA Metrobase,,4af3ca41-f6c9-4962-a285-1543cec79f8d,2016-10-21,23:17:13,EDSA SM Megamall Mandaluyong,0,0,0,0,0,0,0,0,0,0,2016-10-22 7:17,Property,14.5595555,121.0406685,Rear-End
"Macrima, Estrella, Guadalupe Nuevo, Makati, District II, Makati, Metro Manila, 1212, Philippines",EDSA,clear-day,day,MULTIPLE COLLISION,MMDA Metrobase,,e69db577-5af8-41d3-a911-a6d88ba204e0,2016-10-24,02:35:09,EDSA Ortigas MRT Station Mandaluyong,0,0,0,0,0,0,0,0,0,0,2016-10-24 10:35,Property,14.55968011,121.0408831,Rear-End
"Macrima, Estrella, Guadalupe Nuevo, Makati, District II, Makati, Metro Manila, 1212, Philippines",EDSA,partly-cloudy-day,day,BUMPED FROM BEHIND,MMDA Metrobase,,c44cdf74-b982-4fb2-a3dc-c4942262653a,2016-10-27,22:13:56,EDSA GO Hotel  Mandaluyong,0,0,0,0,0,0,0,0,0,0,2016-10-28 6:13,Property,14.55974241,121.0408455,Rear-End
"Macrima, Estrella, Guadalupe Nuevo, Makati, District II, Makati, Metro Manila, 1212, Philippines",EDSA,clear-day,day,BUMPED FROM BEHIND,MMDA Metrobase,,7f13afaa-354d-471b-b00b-4c120c3aa3ad,2016-10-22,22:45:05,EDSA United St.  Mandaluyong,0,0,0,0,0,0,0,0,0,0,2016-10-23 6:45,Property,14.55982549,121.0406256,Rear-End
"Macrima, Estrella, Guadalupe Nuevo, Makati, District II, Makati, Metro Manila, 1212, Philippines",EDSA,clear-day,day,BUMPED FROM BEHIND,MMDA Metrobase,,105b1184-309d-4b87-a88a-947678d3c2aa,2016-11-20,02:58:42,EDSA Garden Way Mandaluyong,0,0,0,0,0,0,0,0,0,0,2016-11-20 10:58,Property,14.55988779,121.0406256,Rear-End
"Macrima, Estrella, Guadalupe Nuevo, Makati, District II, Makati, Metro Manila, 1212, Philippines",EDSA,clear-day,day,(+)MC DRIVER INJURED,MMDA Metrobase,,fc3b1b27-8a08-41db-9c9e-ea858e9fbfdd,2016-10-25,01:41:36,EDSA SM Lights Residences Mandaluyong,0,0,0,1,0,0,0,0,0,1,2016-10-25 9:41,Injury,14.55990856,121.0406041,No Collision Stated
"Macrima, Estrella, Guadalupe Nuevo, Makati, District II, Makati, Metro Manila, 1212, Philippines",EDSA,partly-cloudy-day,day,Self Accident,MMDA Metrobase,,ab4c069a-d11e-46c8-9712-114b6dd31113,2016-12-19,07:59:09,EDSA SM Megamall Mandaluyong,0,0,0,0,0,0,0,1,0,1,2016-12-19 15:59,Injury,14.5599501,121.0410869,Self-Accident
"Macrima, Estrella, Guadalupe Nuevo, Makati, District II, Makati, Metro Manila, 1212, Philippines",EDSA,rain,night,Self Accident,Other,,c5bc6977-d0e7-4e92-9b25-8aa4a42e3aad,2016-09-30,13:17:07,EDSA GO Hotel  Mandaluyong,0,0,0,0,0,0,0,0,0,0,2016-09-30 21:17,Property,14.55996048,121.0406041,Self-Accident
"Macrima, Estrella, Guadalupe Nuevo, Makati, District II, Makati, Metro Manila, 1212, Philippines",EDSA,partly-cloudy-day,day,Bumped from Behind,MMDA Metrobase,,54e1372d-5cdb-441b-bfd3-fd8a254cc80b,2016-11-11,09:03:06,EDSA SMDC Bldg.  Mandaluyong,0,0,0,0,0,0,0,0,0,0,2016-11-11 17:03,Property,14.55997087,121.041162,Rear-End
"Macrima, Estrella, Guadalupe Nuevo, Makati, District II, Makati, Metro Manila, 1212, Philippines",EDSA,fog,day,Bumped from behind,MMDA Metrobase,,0b85a327-7809-4319-85eb-1b6a47c0b940,2016-11-15,07:17:44,EDSA Crossing     Mandaluyong,0,0,0,0,0,0,0,0,0,0,2016-11-15 15:17,Property,14.55998229,121.040647,Rear-End
"Estrella Southbound, EDSA, Bel-Air, Makati, District I, Makati, Metro Manila, 1211, Philippines",EDSA,clear-day,day,(+) Injured,MMDA Metrobase,,5969f9cd-f6f0-40aa-bfaf-9654b74e0ef1,2016-11-23,07:26:04,"EDSA Starmall, Wack Wack Mandaluyong",0,0,0,0,0,0,0,1,0,1,2016-11-23 15:26,Injury,14.56036302,121.0411609,No Collision Stated
"Estrella Southbound, EDSA, Bel-Air, Makati, District I, Makati, Metro Manila, 1211, Philippines",EDSA,rain,night,Bumped from behind,Other,,8c9039a7-8b0f-4d0f-851b-b2fd339b4f1a,2016-10-04,12:15:53,EDSA Shaw Blvd.  Mandaluyong,0,0,0,0,0,0,0,0,0,0,2016-10-04 20:15,Property,14.56069777,121.0414857,Rear-End
"Metropolitan Manila Development Authority, Orense, Guadalupe Nuevo, Makati, District II, Makati, Metro Manila, 1212, Philippines",EDSA,rain,night,Bumped from Behind,Other,,39be07de-5a7a-4c91-95e8-ce2ca18fa64f,2016-10-06,10:18:19,EDSA Highway 54 Mandaluyong,0,0,0,0,0,0,0,0,0,0,2016-10-06 18:18,Property,14.56154927,121.0429859,Rear-End
"Metropolitan Manila Development Authority, Orense, Guadalupe Nuevo, Makati, District II, Makati, Metro Manila, 1212, Philippines",EDSA,rain,night,Bumped from Behind,MMDA Metrobase,,68d48938-934b-471c-92e6-2177c94818ce,2016-11-25,11:23:50,EDSA Crossing Bus Stop Mandaluyong,0,0,0,0,0,0,0,0,0,0,2016-11-25 19:23,Property,14.56157004,121.0429859,Rear-End
"MMDA Metrobase, Orense, Guadalupe Nuevo, Makati, District II, Makati, Metro Manila, 1212, Philippines",EDSA,clear-night,night,Bumped from Behind,MMDA Metrobase,,ae6a5cb5-7461-4a06-b650-807c1c309ca3,2016-12-19,11:04:30,EDSA SM Megamall Mandaluyong,0,0,0,0,0,0,0,0,0,0,2016-12-19 19:04,Property,14.56163235,121.0430449,Rear-End
"PET Plans Tower, EDSA, Bel-Air, Makati, District I, Makati, Metro Manila, 1211, Philippines",EDSA,rain,day,Bumped from Behind,Other,,d962aa19-18b3-4972-afeb-bd9150021697,2016-10-20,06:30:07,"EDSA Starmall, Wack Wack Mandaluyong",0,0,0,0,0,0,0,0,0,0,2016-10-20 14:30,Property,14.56171542,121.042707,Rear-End
"PET Plans Tower, EDSA, Bel-Air, Makati, District I, Makati, Metro Manila, 1211, Philippines",EDSA,clear-day,day,BUMPED FROM BEHIND,Other,,486b105b-d0ce-4aad-b51c-daca32b4407f,2016-10-16,22:35:40,"EDSA Starmall, Wack Wack Mandaluyong",0,0,0,0,0,0,0,0,0,0,2016-10-17 6:35,Property,14.56174657,121.0427606,Rear-End
"PET Plans Tower, EDSA, Bel-Air, Makati, District I, Makati, Metro Manila, 1211, Philippines",EDSA,partly-cloudy-day,day,Bumped from Behind,MMDA Metrobase,,20524202-0ee4-4272-b965-8bb07ca3d5b9,2016-11-03,06:51:37,EDSA Guadalupe Bridge Mandaluyong,0,0,0,0,0,0,0,0,0,0,2016-11-03 14:51,Property,14.56194387,121.0429645,Rear-End
"#25, Magsaysay Avenue, Guadalupe Nuevo, Makati, District II, Makati, Metro Manila, 58001, Philippines",EDSA,clear-day,day,HIT AND RUN,MMDA Metrobase,,4bfc0c54-13d2-4f80-99c6-49e302b63dab,2016-11-30,22:11:22,EDSA Ortigas Ave. Mandaluyong,0,0,0,0,0,0,0,1,0,1,2016-12-01 6:11,Injury,14.56377148,121.0442734,Side Swipe
"Parc Suites, Magsaysay Avenue, Guadalupe Nuevo, Makati, District II, Makati, Metro Manila, 1212, Philippines",EDSA,clear-day,day,(-) Injured,MMDA Metrobase,,d9f15022-e078-4663-9c5e-a2faa2e40f92,2016-11-09,07:04:06,"EDSA Shell Gas Station, Highway Hills Mandaluyong",0,0,0,0,0,0,0,1,0,1,2016-11-09 15:04,Injury,14.56458841,121.0446893,Side Swipe
"Guadalupe Commercial Complex, EDSA, Guadalupe Nuevo, Makati, District II, Makati, Metro Manila, 1211, Philippines",EDSA,clear-day,day,MULTIPLE COLLISION,Other,,5e1e6bf7-9899-425a-a87f-617086ab7404,2016-10-18,05:42:04,"EDSA Ricoa, Highway Hills Mandaluyong",0,0,0,0,0,0,0,0,0,0,2016-10-18 13:42,Property,14.56599367,121.0451746,Multiple
"Guadalupe Commercial Complex, EDSA, Guadalupe Nuevo, Makati, District II, Makati, Metro Manila, 1211, Philippines",EDSA,partly-cloudy-day,day,Bumped from Behind,MMDA Metrobase,,adcf3ca8-7746-496e-b62f-21ae399eeee4,2016-11-04,06:34:04,EDSA Shangrila Mandaluyong,0,0,0,0,0,0,0,0,0,0,2016-11-04 14:34,Property,14.56638826,121.0455608,Rear-End
"Super 8, EDSA, Guadalupe Nuevo, Makati, District II, Makati, Metro Manila, 1211, Philippines",EDSA,clear-day,day,(+) Casualty,MMDA Metrobase,,d46a38a3-bb7d-4cad-9b6b-4d8bdfc02c22,2016-11-22,06:45:14,EDSA Pioneer St. Mandaluyong,0,0,0,0,0,0,0,1,0,1,2016-11-22 14:45,Injury,14.56657272,121.0453344,No Collision Stated
"Guadalupe Commercial Complex, EDSA, Guadalupe Nuevo, Makati, District II, Makati, Metro Manila, 1211, Philippines",EDSA,clear-day,day,BUMPED FROM BEHIND,MMDA Metrobase,,524d3447-d339-41ef-9b2b-691289ce37dc,2016-10-23,02:42:03,"EDSA Shaw Crossing, Shangrila Mall Mandaluyong",0,0,0,0,0,0,0,0,0,0,2016-10-23 10:42,Property,14.56664786,121.0456681,Rear-End
"Super 8, EDSA, Guadalupe Nuevo, Makati, District II, Makati, Metro Manila, 1211, Philippines",EDSA,clear-day,day,BUMPED FROM BEHIND,MMDA Metrobase,,c93110fc-5368-4e99-a57f-88ecf97154d2,2016-10-27,02:42:28,"EDSA Shell Gas Station, Highway Hills Mandaluyong",0,0,0,0,0,0,0,0,0,0,2016-10-27 10:42,Property,14.56671016,121.0453463,Rear-End
"Super 8, EDSA, Guadalupe Nuevo, Makati, District II, Makati, Metro Manila, 1211, Philippines",EDSA,partly-cloudy-day,day,BUMPED FROM BEHIND,MMDA Metrobase,,ee1e5232-9175-4875-b756-a45e03a26c26,2016-10-22,02:21:16,"EDSA Petron Gas Station, Malamig Mandaluyong",0,0,0,0,0,0,0,0,0,0,2016-10-22 10:21,Property,14.56692822,121.0454214,Rear-End
"Super 8, EDSA, Guadalupe Nuevo, Makati, District II, Makati, Metro Manila, 1211, Philippines",EDSA,rain,day,Bumped from Behind,MMDA Metrobase,,11cbb661-1b05-47fc-9a93-0ee779ee7cc0,2016-12-18,06:45:00,EDSA Ortigas MRT Station Mandaluyong,0,0,0,0,0,0,0,0,0,0,2016-12-18 14:45,Property,14.56696976,121.0456467,Rear-End
None,EDSA,None,None,"No Accident Factor, No Collision Stated (based on Police Blotter Book), 0.0 drivers_injured, 0.0 drivers_killed, 0.0 passengers_injured, 0.0 passengers_killed, 0.0 pedestrian_injured, 0.0 pedestrian_killed, Fair (Day), EDSA Northbound  Makati",MMDA Road Safety Unit,,5d7efa1f-4c91-40de-b27d-1c6f28944658,2013-11-10,06:30:00,EDSA V. R. Potenciano Med. Ctr. Mandaluyong,0,0,0,0,0,0,0,0,0,0,2013-11-10 14:30,Property,14.56583381,121.0452544,No Collision Stated
None,EDSA,None,None,"Unknown, Side Swipe, 0.0 drivers_injured, 0.0 drivers_killed, 0.0 passengers_injured, 0.0 passengers_killed, 0.0 pedestrian_injured, 0.0 pedestrian_killed, Dry, Edsa Northbound approaching B. Burgos St. Guadalupe,Mkt. City Makati",MMDA Road Safety Unit,,00c91f82-551d-436d-9622-c28d6c88d234,2007-12-16,03:35:00,EDSA PGA Cars Mandaluyong,0,0,0,0,0,0,0,0,0,0,2007-12-16 11:35,Property,14.56583381,121.0452544,Side Swipe
"Guadalupe Cloverleaf to EDSA Northbound, Guadalupe Nuevo, Makati, District II, Makati, Metro Manila, 1212, Philippines",EDSA,partly-cloudy-night,night,Bumped from Behind,MMDA Metrobase,,3959a8f9-fa72-4385-89f2-e29ae7e3a077,2016-11-11,11:34:11,EDSA Pinatubo St. Mandaluyong,0,0,0,0,0,0,0,0,0,0,2016-11-11 19:34,Property,14.56717744,121.0458183,Rear-End
None,EDSA,None,None,"No Accident Factor, Self-Accident, 0.0 drivers_injured, 0.0 drivers_killed, 0.0 passengers_injured, 0.0 passengers_killed, 0.0 pedestrian_injured, 0.0 pedestrian_killed, Fair (Day), Guadalupe  East Service Road   Makati",MMDA Road Safety Unit,,13ee2c28-5393-4f72-9f1e-6a8ad7ffe847,2012-11-05,23:30:00,EDSA Shaw Blvd. Mandaluyong,0,0,0,0,0,0,0,0,0,0,2012-11-06 7:30,Property,14.5672503,121.0456087,Self-Accident
None,EDSA,None,None,"Unknown, Hit Object (Store-Sari-sari), 0.0 drivers_injured, 0.0 drivers_killed, 0.0 passengers_injured, 0.0 passengers_killed, 0.0 pedestrian_injured, 0.0 pedestrian_killed, Fair, Guadalupe  Makati",MMDA Road Safety Unit,,9368d5cf-4c64-427e-929e-3c5fdf2d7dd4,2010-08-07,06:00:00,EDSA Reliance St. Mandaluyong,0,0,0,0,0,0,0,0,0,0,2010-08-07 14:00,Property,14.5672503,121.0456087,Hit Object
None,EDSA,None,None,"Human Error, Rear-end, 0.0 drivers_injured, 0.0 drivers_killed, 0.0 passengers_injured, 0.0 passengers_killed, 0.0 pedestrian_injured, 0.0 pedestrian_killed, Fair (Day), Guadalupe Clover Leaf (S/B) Makati",MMDA Road Safety Unit,,a13824ce-ad2f-41a6-9aef-d982f63aa585,2009-03-02,00:20:00,EDSA Starmall Mandaluyong,0,0,0,0,0,0,0,0,0,0,2009-03-02 8:20,Property,14.5672503,121.0456087,Rear-End
None,EDSA,None,None,"No Accident Factor, Side Swipe, 1.0 drivers_injured, 0.0 drivers_killed, 0.0 passengers_injured, 0.0 passengers_killed, 0.0 pedestrian_injured, 0.0 pedestrian_killed, Fair (Day), EDSA Cloverleaf J.P. Rizal Makati",MMDA Road Safety Unit,,f40f1333-0a25-4e21-8ce8-08798454197a,2014-10-23,01:55:00,EDSA Shaw Blvd. Mandaluyong,0,0,0,1,0,0,0,0,0,1,2014-10-23 9:55,Injury,14.56772581,121.0455947,Side Swipe