LOCATION_TEXT,ROAD,WEATHER,LIGHT,DESC,REPORTING_AGENCY,MAIN_CAUSE,INCIDENTDETAILS_ID,DATE_UTC,TIME_UTC,ADDRESS,killed_driver,killed_passenger,killed_pedestrian,injured_driver,injured_passenger,injured_pedestrian,killed_uncategorized,injured_uncategorized,killed_total,injured_total,DATETIME_PST,SEVERITY,Y,X,COLLISION_TYPE
None,EDSA,None,None,"No Accident Factor, Angle Impact, 0.0 drivers_injured, 0.0 drivers_killed, 0.0 passengers_injured, 0.0 passengers_killed, 0.0 pedestrian_injured, 0.0 pedestrian_killed, Fair (Day), EDSA Guadalupe  Loyola Memorial Chapel  Makati",MMDA Road Safety Unit,,d6dc7e50-cccf-4c48-b8ae-d76ac207454c,2014-04-17,04:00:00,"EDSA Crossing, Highway Hills Mandaluyong",0,0,0,0,0,0,0,0,0,0,2014-04-17 12:00,Property,14.56526863,121.0448925,Angle Impact
None,EDSA,None,None,"No Accident Factor, No Collision Stated (based on Police Blotter Book), 0.0 drivers_injured, 0.0 drivers_killed, 0.0 passengers_injured, 0.0 passengers_killed, 0.0 pedestrian_injured, 0.0 pedestrian_killed, Fair (Day), EDSA-Guadalupe J.P Rizal Ave. Makati",MMDA Road Safety Unit,,66ce653d-6c60-4c61-acd1-5fffe4250708,2014-02-17,05:00:00,EDSA Apo St. Mandaluyong,0,0,0,0,0,0,0,0,0,0,2014-02-17 13:00,Property,14.5675764,121.0449709,No Collision Stated
None,EDSA,None,None,"No Accident Factor, No Collision Stated (based on Police Blotter Book), 0.0 drivers_injured, 0.0 drivers_killed, 0.0 passengers_injured, 0.0 passengers_killed, 0.0 pedestrian_injured, 0.0 pedestrian_killed, Rain (Night), EDSA / Guadalupe  Makati",MMDA Road Safety Unit,,fc094edb-8a4e-4bc9-a72d-8ab2e3ee11f0,2013-11-08,10:30:00,"EDSA PGA Cars, Wack Wack Mandaluyong",0,0,0,0,0,0,0,0,0,0,2013-11-08 18:30,Property,14.56772581,121.0455947,No Collision Stated
None,EDSA,None,None,"No Accident Factor, Side Swipe, 0.0 drivers_injured, 0.0 drivers_killed, 0.0 passengers_injured, 0.0 passengers_killed, 0.0 pedestrian_injured, 0.0 pedestrian_killed, Fair (Day), Guadalupe Bridge  Mandaluyong",MMDA Road Safety Unit,,09444ab2-6cf1-4497-8f26-d50e8510a46f,2014-06-16,00:15:00,EDSA Shaw Blvd. Mandaluyong,0,0,0,0,0,0,0,0,0,0,2014-06-16 8:15,Property,14.5677068,121.0459054,Side Swipe
None,EDSA,None,None,"No Accident Factor, Side Swipe, 0.0 drivers_injured, 0.0 drivers_killed, 0.0 passengers_injured, 0.0 passengers_killed, 0.0 pedestrian_injured, 0.0 pedestrian_killed, Fair (Night), Guadalupe Bridge  Makati",MMDA Road Safety Unit,,7e35399e-1b92-4c4d-8691-1c0da325d5b0,2012-03-13,11:00:00,EDSA United St. Mandaluyong,0,0,0,0,0,0,0,0,0,0,2012-03-13 19:00,Property,14.5677068,121.0459054,Side Swipe
None,EDSA,None,None,"Unknown, Rear-end, 0.0 drivers_injured, 0.0 drivers_killed, 0.0 passengers_injured, 0.0 passengers_killed, 0.0 pedestrian_injured, 0.0 pedestrian_killed, Fair (Day), Guadalupe Bridge Mandaluyong Bridge Mandaluyong",MMDA Road Safety Unit,,481535f0-c99a-44b8-a400-de26a3c9659d,2011-12-17,04:00:00,EDSA Pioneer St. Mandaluyong,0,0,0,0,0,0,0,0,0,0,2011-12-17 12:00,Property,14.5677068,121.0459054,Rear-End
None,EDSA,None,None,"Unknown, Rear-end, 0.0 drivers_injured, 0.0 drivers_killed, 0.0 passengers_injured, 0.0 passengers_killed, 0.0 pedestrian_injured, 0.0 pedestrian_killed, Dry, Guadalupe Bridge  EDSA (SB) Mandaluyong",MMDA Road Safety Unit,,8974b865-0685-4d76-8097-ea133afe5c1e,2010-02-15,09:40:00,EDSA Libertad Mandaluyong,0,0,0,0,0,0,0,0,0,0,2010-02-15 17:40,Property,14.5677068,121.0459054,Rear-End
None,EDSA,None,None,"Unknown, Hit and Run (No Collision Stated), 0.0 drivers_injured, 0.0 drivers_killed, 0.0 passengers_injured, 0.0 passengers_killed, 0.0 pedestrian_injured, 0.0 pedestrian_killed, Dry, Guadalupe Bridge EDSA Makati",MMDA Road Safety Unit,,d4781385-0e7b-4451-913a-71af1a261f9d,2008-02-22,08:10:00,EDSA Starmall Mandaluyong,0,0,0,0,0,0,0,0,0,0,2008-02-22 16:10,Property,14.5677068,121.0459054,No Collision Stated
"EDSA, Guadalupe Nuevo, Makati, District II, Makati, Metro Manila, 1211, Philippines",EDSA,rain,day,Hit and Run (Motorcycle Escaped),MMDA Metrobase,,184450d6-418c-4806-976d-e4cd2c4c50a2,2016-12-16,08:07:55,EDSA Florida St. Mandaluyong,0,0,0,0,0,0,0,0,0,0,2016-12-16 16:07,Property,14.56800815,121.04599,No Collision Stated
"Guadalupe Bridge, EDSA, Guadalupe Nuevo, Makati, District II, Makati, Metro Manila, 1211, Philippines",EDSA,clear-night,night,Bumped from Behind,MMDA Metrobase,,5d66c35c-fa35-4886-871d-29a2e817f575,2016-11-17,10:40:00,"EDSA Shell Gas Station, Highway Hills Mandaluyong",0,0,0,0,0,0,0,0,0,0,2016-11-17 18:40,Property,14.56818468,121.0460329,Rear-End
"Guadalupe Bridge Northbound, Makati City, Metro Manila, 1550, Philippines",EDSA,partly-cloudy-day,day,Multiple Collision,MMDA Metrobase,,1dde72f7-6a30-4d32-acbb-77faf4b41bf5,2016-11-30,09:08:20,EDSA Ortigas Ave. Mandaluyong,0,0,0,0,0,0,0,0,0,0,2016-11-30 17:08,Property,14.56821583,121.0460329,Multiple
"EDSA Guadalupe Bridge, Barangka Ilaya, Mandaluyong, Metro Manila, 1211, Philippines",EDSA,clear-night,night,Bumped from Behind,MMDA Metrobase,,6e87dca9-6922-4032-9f65-11f606594eca,2016-12-06,11:31:47,"EDSA SM Megamall, Wack Wack Mandaluyong",0,0,0,0,0,0,0,0,0,0,2016-12-06 19:31,Property,14.56826775,121.0457969,Rear-End
"Gymnasium, Simeon Cruz, Barangka Ilaya, Mandaluyong, Metro Manila, 1211, Philippines",EDSA,partly-cloudy-night,night,SELF ACCIDENT,MMDA Metrobase,,82b91ed4-2370-4142-b60b-4c7916513527,2016-12-10,21:25:06,"EDSA Starmall, Wack Wack Mandaluyong",0,0,0,0,0,0,0,1,0,1,2016-12-11 5:25,Injury,14.56834044,121.0460436,Self-Accident
"Kilometer 25, EDSA, Guadalupe Nuevo, Makati, District II, Makati, Metro Manila, 1211, Philippines",EDSA,partly-cloudy-day,day,MULTIPLE COLLISION,Other,,36c87ffd-0a23-491d-bcd5-453892048a54,2016-10-14,00:34:06,"EDSA United St., Highway Hills Mandaluyong",0,0,0,0,0,0,0,0,0,0,2016-10-14 8:34,Property,14.56844428,121.0461187,Rear-End
"Kilometer 25, EDSA, Barangka Ilaya, Mandaluyong, Metro Manila, 1211, Philippines",EDSA,partly-cloudy-day,day,BUMPED FROM BEHIND,MMDA Metrobase,,8777ca43-fb7c-444b-88ec-7ff35fc47f32,2016-10-25,23:00:59,"EDSA Avida Tower, Highway Hill Mandaluyong",0,0,0,0,0,0,0,0,0,0,2016-10-26 7:00,Property,14.56880771,121.0459793,Rear-End
"Kilometer 25, EDSA, Guadalupe Nuevo, Makati, District II, Makati, Metro Manila, 1211, Philippines",EDSA,partly-cloudy-night,night,BUMP FROM BEHIND,MMDA Metrobase,,f19305b8-8999-4bd4-9c3b-10b17f4b5558,2016-11-17,15:01:56,"EDSA Pinatubo St., Malamig Mandaluyong",0,0,0,0,0,0,0,0,0,0,2016-11-17 23:01,Property,14.56893232,121.0461938,Rear-End
None,EDSA,None,None,"Unknown, Self-Accident, 1.0 drivers_injured, 0.0 drivers_killed, 0.0 passengers_injured, 0.0 passengers_killed, 0.0 pedestrian_injured, 0.0 pedestrian_killed, Dry, Pantaleon Barangka Mandaluyong",MMDA Road Safety Unit,,68fa1481-f2c6-4ffc-86fa-b58dd832c4c4,2007-08-05,23:30:00,EDSA Paragon Bldg. Mandaluyong,0,0,0,1,0,0,0,0,0,1,2007-08-06 7:30,Injury,14.5693826,121.0454919,Self-Accident
"Robinsons Cybergate Plaza, EDSA, Barangka Ilaya, Mandaluyong, Metro Manila, 1550, Philippines",EDSA,partly-cloudy-night,night,Bumped from Behind,MMDA Metrobase,,438f86d3-52b9-4ded-98bf-af69a8438da5,2016-11-18,10:51:16,"EDSA Shell Gas Station, Wack Wack Mandaluyong",0,0,0,0,0,0,0,0,0,0,2016-11-18 18:51,Property,14.56987725,121.0465908,Rear-End
"Robinsons Cybergate Plaza, EDSA, Barangka Ilaya, Mandaluyong, Metro Manila, 1550, Philippines",EDSA,partly-cloudy-day,day,BUMPED FROM BEHIND,MMDA Metrobase,,c611590f-81ed-4030-a99a-3314cf22ec8d,2016-10-25,23:07:42,"EDSA Ortigas Ave., Wack-wack Mandaluyong",0,0,0,0,0,0,0,0,0,0,2016-10-26 7:07,Property,14.57012646,121.0466337,Rear-End
None,EDSA,None,None,"No Accident Factor, No Collision Stated (based on Police Blotter Book), 0.0 drivers_injured, 0.0 drivers_killed, 0.0 passengers_injured, 0.0 passengers_killed, 0.0 pedestrian_injured, 0.0 pedestrian_killed, Fair (Night), Go Hotel EDSA, Ilaya Mandaluyong",MMDA Road Safety Unit,,58cb0f59-c7c0-4b4e-98f9-f81e20afbdfb,2013-01-18,11:00:00,"EDSA SM Megamall, Wack Wack Mandaluyong",0,0,0,0,0,0,0,0,0,0,2013-01-18 19:00,Property,14.57009115,121.0465065,No Collision Stated
None,EDSA,None,None,"No Accident Factor, Side Swipe, 0.0 drivers_injured, 0.0 drivers_killed, 0.0 passengers_injured, 0.0 passengers_killed, 0.0 pedestrian_injured, 0.0 pedestrian_killed, Fair (Night), Hotel Go EDSA, Robinson's Place-Pioneer Mandaluyong",MMDA Road Safety Unit,,2475ba46-ef68-4a77-9405-532580d38970,2012-03-01,10:00:00,EDSA Go Hotel Mandaluyong,0,0,0,0,0,0,0,0,0,0,2012-03-01 18:00,Property,14.57009115,121.0465065,Side Swipe
None,EDSA,None,None,"No Accident Factor, Rear-end, 0.0 drivers_injured, 0.0 drivers_killed, 0.0 passengers_injured, 0.0 passengers_killed, 0.0 pedestrian_injured, 0.0 pedestrian_killed, Fair (Day), Go Hotel  Mandaluyong",MMDA Road Safety Unit,,6e6e13ef-b7c8-49bc-999e-186f164f513b,2012-01-18,03:15:00,EDSA Barrio Fiesta Mandaluyong,0,0,0,0,0,0,0,0,0,0,2012-01-18 11:15,Property,14.57009115,121.0465065,Rear-End
"Phinma Properties Center, EDSA, Malamig, Mandaluyong, Metro Manila, 1550, Philippines",EDSA,partly-cloudy-day,day,BUMPED FROM BEHIND,MMDA Metrobase,,db55d77f-ba87-4235-a1f3-fa0f0af8c9cd,2016-11-01,22:59:30,"EDSA Highway 54, Wack-wack Mandaluyong",0,0,0,0,0,0,0,0,0,0,2016-11-02 6:59,Property,14.57065603,121.046505,Rear-End
"Forum Robinsons, Forum Robinsons Driveway, Robinsons Cybergate City, Barangka Ilaya, Mandaluyong, Metro Manila, 1550, Philippines",EDSA,rain,day,Bumped from Behind,MMDA Metrobase,,42d8f839-b344-4655-bfd5-d19895dab55e,2016-11-25,08:44:38,"EDSA Shell Gas Station, Highway Hills Mandaluyong",0,0,0,0,0,0,0,0,0,0,2016-11-25 16:44,Property,14.57137251,121.0469127,Rear-End
"Caltex, EDSA, Malamig, Mandaluyong, Metro Manila, 1550, Philippines",EDSA,clear-night,night,Multiple Collision,MMDA Metrobase,,dbf83bfe-6ed4-4ed7-870e-f09ecb7cc5e0,2016-12-06,10:12:13,"EDSA Boni MRT Station, Malamig Mandaluyong",0,0,0,0,0,0,0,0,0,0,2016-12-06 18:12,Property,14.57226551,121.047374,Multiple
"Caltex, EDSA, Malamig, Mandaluyong, Metro Manila, 1550, Philippines",EDSA,clear-day,day,BUMPED FROM BEHIND,MMDA Metrobase,,36b894cd-5767-40fb-a6d3-80af5114ad72,2016-10-26,23:21:08,"EDSA Julia Vargas St., Wack-wack Mandaluyong",0,0,0,0,0,0,0,0,0,0,2016-10-27 7:21,Property,14.57230705,121.0474491,Rear-End
"Caltex, EDSA, Malamig, Mandaluyong, Metro Manila, 1550, Philippines",EDSA,partly-cloudy-day,day,Bumped from Behind,MMDA Metrobase,,698bb00c-7407-4050-b0fe-65443f53415e,2016-11-18,06:59:47,"EDSA United St., Highway Hills Mandaluyong",0,0,0,0,0,0,0,0,0,0,2016-11-18 14:59,Property,14.57232781,121.0474062,Rear-End
"Caltex, EDSA, Malamig, Mandaluyong, Metro Manila, 1550, Philippines",EDSA,partly-cloudy-night,night,Bumped from behind,MMDA Metrobase,,43e7139e-b13b-4041-bd06-ea09ad88ffaf,2016-11-07,09:59:48,"EDSA Reliance St., Highway Hills Mandaluyong",0,0,0,0,0,0,0,0,0,0,2016-11-07 17:59,Property,14.572352,121.0474512,Rear-End
"Caltex, EDSA, Malamig, Mandaluyong, Metro Manila, 1550, Philippines",EDSA,clear-day,day,BUMPED FROM BEHIND,MMDA Metrobase,,0dfc0b38-93f2-482d-b09b-8d13167136cf,2016-10-26,23:22:23,EDSA Pioneer St. Mandaluyong,0,0,0,0,0,0,0,0,0,0,2016-10-27 7:22,Property,14.57236935,121.0474277,Rear-End
"Caltex, EDSA, Malamig, Mandaluyong, Metro Manila, 1550, Philippines",EDSA,partly-cloudy-day,day,BUMPED FROM BEHIND,MMDA Metrobase,,98b03d8b-e322-4db2-bc8d-885309292369,2016-11-11,04:39:53,"EDSA Shell Gas Station, Highway Hills Mandaluyong",0,0,0,0,0,0,0,0,0,0,2016-11-11 12:39,Property,14.57239012,121.0474277,Rear-End
"Caltex, EDSA, Malamig, Mandaluyong, Metro Manila, 1550, Philippines",EDSA,partly-cloudy-day,day,BUMPED FROM BEHIND,MMDA Metrobase,,9d60cea6-edc2-4cd5-8026-77db64d34d8e,2016-11-10,22:11:48,EDSA Highway 54 Mandaluyong,0,0,0,0,0,0,0,0,0,0,2016-11-11 6:11,Property,14.57245242,121.0471702,Rear-End
"Caltex, EDSA, Malamig, Mandaluyong, Metro Manila, 1550, Philippines",EDSA,clear-day,day,BUMPED FROM BEHIND,MMDA Metrobase,,f249251c-60be-4e97-bd70-e5deda6d8d11,2016-10-27,01:37:39,"EDSA Shaw Blvd., Wack-wack Mandaluyong",0,0,0,0,0,0,0,0,0,0,2016-10-27 9:37,Property,14.57245242,121.0471916,Rear-End
"Caltex, EDSA, Malamig, Mandaluyong, Metro Manila, 1550, Philippines",EDSA,clear-day,day,BUMPED FROM BEHIND,MMDA Metrobase,,4c19337c-37d1-4d9a-ad4d-936fe31398c2,2016-10-21,23:26:58,"EDSA Crossing, Wack-wack Mandaluyong",0,0,0,0,0,0,0,0,0,0,2016-10-22 7:26,Property,14.57251472,121.0472131,Rear-End
"Caltex, EDSA, Malamig, Mandaluyong, Metro Manila, 1550, Philippines",EDSA,clear-day,day,BUMPED FROM BEHIND,Other,,287a7b5d-763d-4696-9d03-234950259997,2016-10-01,04:17:21,"EDSA MRT-Ortigas Station, Wack-wack Mandaluyong",0,0,0,0,0,0,0,0,0,0,2016-10-01 12:17,Property,14.5725251,121.0472238,Rear-End
"7-Eleven, EDSA, Malamig, Mandaluyong, Metro Manila, 1550, Philippines",EDSA,partly-cloudy-day,day,Bumped from Behind,MMDA Metrobase,,59a28f82-2167-4e84-83ce-31c9d25e4250,2016-12-11,06:52:15,"EDSA Reliance St., Highway Hills Mandaluyong",0,0,0,0,0,0,0,0,0,0,2016-12-11 14:52,Property,14.57257702,121.0475564,Rear-End
None,EDSA,None,None,"No Accident Factor, Side Swipe, 0.0 drivers_injured, 0.0 drivers_killed, 0.0 passengers_injured, 0.0 passengers_killed, 0.0 pedestrian_injured, 0.0 pedestrian_killed, Fair (Day), Boni MRT Mandaluyong",MMDA Road Safety Unit,,6219cca2-22b4-41be-90a0-e3af5f79475c,2013-01-28,00:30:00,"EDSA Pinatubo St., Malamig Mandaluyong",0,0,0,0,0,0,0,0,0,0,2013-01-28 8:30,Property,14.57383015,121.0482154,Side Swipe
"Total, EDSA, Malamig, Mandaluyong, Metro Manila, 1550, Philippines",EDSA,partly-cloudy-night,night,SELF ACCIDENT ,MMDA Metrobase,,3f2bfe03-2d6a-4a54-88ab-f9dd809e2d82,2016-11-10,20:47:24,"EDSA Robinsons Mall, Barangka Ilaya Mandaluyong",0,0,0,0,0,0,0,1,0,1,2016-11-11 4:47,Injury,14.57504833,121.0490638,Self-Accident
mandaluyong,EDSA,partly-cloudy-night,night,Bumped from behind,MMDA Metrobase,,c27364f7-8957-4326-b4a3-aaaadc498084,2016-11-07,10:10:29,"EDSA Crossing, Highway Hills Mandaluyong",0,0,0,0,0,0,0,0,0,0,2016-11-07 18:10,Property,14.57564096,121.0497783,Rear-End
"Paragon Plaza Condominium, EDSA, Barangka Ilaya, Mandaluyong, Metro Manila, 1550, Philippines",EDSA,clear-day,day,Bumped from Behind,MMDA Metrobase,,34b63080-a3eb-46bf-847e-595fbaf7b6bd,2016-10-29,06:53:00,EDSA Boni Ave. Mandaluyong,0,0,0,0,0,0,0,0,0,0,2016-10-29 14:53,Property,14.57608668,121.0499597,Rear-End
"Ricoa, EDSA, Barangka Ilaya, Mandaluyong, Metro Manila, 1550, Philippines",EDSA,clear-day,day,Hit the Delinator,MMDA Metrobase,,740e5e01-edd5-4933-848b-1401bd2a3588,2016-10-30,06:49:15,"EDSA Reliance St., Highway Hills Mandaluyong",0,0,0,0,0,0,0,0,0,0,2016-10-30 14:49,Property,14.57635665,121.050303,Hit Object
"Kilometer 24, EDSA, Barangka Ilaya, Mandaluyong, Metro Manila, 1550, Philippines",EDSA,cloudy,day,Bumped from Behind,MMDA Metrobase,,0a41cfba-20c2-4429-9989-b87fea9782e6,2016-11-04,07:38:18,"EDSA Pinatubo St., Malamig Mandaluyong",0,0,0,0,0,0,0,0,0,0,2016-11-04 15:38,Property,14.57665777,121.0504854,Rear-End
"Reliance, Umali Compound, Mandaluyong, Metro Manila, 1550, Philippines",EDSA,clear-day,day,BUMPED FROM BEHIND,MMDA Metrobase,,3447125f-b054-410d-9ba0-07891fdf9e18,2016-10-24,22:04:44,"EDSA G. A. Tower, Malamig Mandaluyong",0,0,0,0,0,0,0,0,0,0,2016-10-25 6:04,Property,14.5766607,121.0505108,Rear-End
"Kilometer 24, EDSA, Barangka Ilaya, Mandaluyong, Metro Manila, 1550, Philippines",EDSA,rain,day,Bumped from Behind,MMDA Metrobase,,5358ebe1-4566-409a-9d96-7c835fd554db,2016-11-06,06:58:09,EDSA Starmall Mandaluyong,0,0,0,0,0,0,0,0,0,0,2016-11-06 14:58,Property,14.57667854,121.0504854,Rear-End
"Victor R. Potenciano Medical Center, 163, EDSA, Malamig, Mandaluyong, Metro Manila, 1550, Philippines",EDSA,rain,day,MULTIPLE COLLISION,MMDA Metrobase,,c6cdc77a-03a6-4e14-8bf7-8d9fdd8be03b,2016-12-16,22:37:49,"EDSA GO Hotel, Barangka Ilaya Mandaluyong",0,0,0,0,0,0,0,0,0,0,2016-12-17 6:37,Property,14.57677199,121.0501099,Side Swipe
"Victor R. Potenciano Medical Center, 163, EDSA, Malamig, Mandaluyong, Metro Manila, 1550, Philippines",EDSA,partly-cloudy-day,day,Bumped from Behind,MMDA Metrobase,,59627359-e44d-4b26-b13e-8ed47987c1d5,2016-12-05,06:23:53,"EDSA SM Megamall, Wack Wack Mandaluyong",0,0,0,0,0,0,0,0,0,0,2016-12-05 14:23,Property,14.57678238,121.0502923,Rear-End
"Victor R. Potenciano Medical Center, 163, EDSA, Malamig, Mandaluyong, Metro Manila, 1550, Philippines",EDSA,clear-day,day,BUMPED FROM BEHIND,Other,,2dcf2a6b-595c-48ed-8027-9f38eff666f7,2016-10-01,23:19:04,EDSA GO Hotel Mandaluyong,0,0,0,0,0,0,0,0,0,0,2016-10-02 7:19,Property,14.57684468,121.0502815,Rear-End
"Victor R. Potenciano Medical Center, 163, EDSA, Malamig, Mandaluyong, Metro Manila, 1550, Philippines",EDSA,rain,night,Bumped from Behind,Other,,c8833df8-9a4c-4c55-8b53-cf8f9c5ec1cd,2016-10-18,10:57:36,EDSA Shaw Blvd. Traffic Light Mandaluyong,0,0,0,0,0,0,0,0,0,0,2016-10-18 18:57,Property,14.57685506,121.0503137,Rear-End
"Victor R. Potenciano Medical Center, 163, EDSA, Malamig, Mandaluyong, Metro Manila, 1550, Philippines",EDSA,clear-day,day,Bumped from Behind,MMDA Metrobase,,679a655b-d799-4769-8d29-081942993906,2016-11-05,09:12:04,EDSA Shaw Blvd. Mandaluyong,0,0,0,0,0,0,0,0,0,0,2016-11-05 17:12,Property,14.57687583,121.050303,Rear-End
"Petron, Sierra Madre, Umali Compound, Highway Hills, Mandaluyong, Metro Manila, 1550, Philippines",EDSA,partly-cloudy-day,day,Bumped from Behind,MMDA Metrobase,,6e902b9b-d8e4-4f6e-bfdd-a5c72b31eb47,2016-12-06,06:15:44,EDSA United St. Mandaluyong,0,0,0,0,0,0,0,0,0,0,2016-12-06 14:15,Property,14.57731193,121.0506463,Rear-End
"Urban Deca Tower 8990, 69, Sierra Madre, Umali Compound, Highway Hills, Mandaluyong, Metro Manila, 1550, Philippines",EDSA,partly-cloudy-day,day,Bumped from Behind,MMDA Metrobase,,e2c2805f-64ec-42af-be4a-0e9d2e2b827f,2016-12-01,07:16:33,EDSA D. M. Guevarra St. Mandaluyong,0,0,0,0,0,0,0,0,0,0,2016-12-01 15:16,Property,14.57796609,121.0514885,Rear-End
"Shell, EDSA, Malamig, Mandaluyong, Metro Manila, 1550, Philippines",EDSA,rain,night,Bumped from Behind,Other,,621862f8-651f-4214-b876-a4812c82a1b0,2016-10-10,10:47:32,"EDSA GO Hotel, Barangka Ilaya Mandaluyong",0,0,0,0,0,0,0,0,0,0,2016-10-10 18:47,Property,14.57800762,121.0514027,Rear-End
"Shaw Boulevard Northbound Bus Stop, Shaw Tunnel, Wack-Wack Greenhills, Mandaluyong, Metro Manila, 1552, Philippines",EDSA,partly-cloudy-night,night,Hit and Run; Bus Escaped,MMDA Metrobase,,ddcee165-a525-444f-ab30-09bc22f5dfa5,2016-12-27,13:38:28,"EDSA Connecticut St., Wack-wack Mandaluyong",0,0,0,0,0,0,0,1,0,1,2016-12-27 21:38,Injury,14.57992855,121.0528135,No Collision Stated
"Pavilion, Santo Cristo, Greenfield District, Highway Hills, Mandaluyong, Metro Manila, 1650, Philippines",EDSA,rain,day,Bumped from Behind,Other,,9a415c52-e8cc-47f6-b06e-6944cfd3bf7e,2016-10-21,06:22:05,"EDSA MRT-Boni Station, Barangka Ilaya Mandaluyong",0,0,0,0,0,0,0,0,0,0,2016-10-21 14:22,Property,14.5799597,121.052953,Rear-End
"Pavilion, Santo Cristo, Greenfield District, Highway Hills, Mandaluyong, Metro Manila, 1650, Philippines",EDSA,partly-cloudy-night,night,Hit and Run; Bus Escaped,MMDA Metrobase,,c6bc4b6e-c2ec-481f-b0a1-08e5d3dcfc09,2016-12-27,11:38:00,"EDSA SM Megamall Bldg. A, Wack Wack Mandaluyong",0,0,0,0,0,0,0,1,0,1,2016-12-27 19:38,Injury,14.58026082,121.0531139,No Collision Stated
None,EDSA,None,None,"No Accident Factor, No Collision Stated (based on Police Blotter Book), 0.0 drivers_injured, 0.0 drivers_killed, 0.0 passengers_injured, 0.0 passengers_killed, 0.0 pedestrian_injured, 0.0 pedestrian_killed, Fair (Night), EDSA Crossing  Mandaluyong",MMDA Road Safety Unit,,7038cfa5-8186-4de1-bc81-c950735a7f49,2015-11-24,12:00:00,"EDSA Pioneer St., Barangka Ilaya Mandaluyong",0,0,0,0,0,0,0,0,0,0,2015-11-24 20:00,Property,14.58165473,121.0539539,No Collision Stated
None,EDSA,None,None,"No Accident Factor, No Collision Stated (based on Police Blotter Book), 0.0 drivers_injured, 0.0 drivers_killed, 0.0 passengers_injured, 0.0 passengers_killed, 0.0 pedestrian_injured, 0.0 pedestrian_killed, Fair (Day), EDSA Crossing fronting Starmall Mandaluyong",MMDA Road Safety Unit,,7b6f6e41-561d-4958-88c7-b5118cc82d43,2013-09-21,08:00:00,"EDSA MRT-Boni Station, Madison St., Highway Hills Mandaluyong",0,0,0,0,0,0,0,0,0,0,2013-09-21 16:00,Property,14.58165473,121.0539539,No Collision Stated
None,EDSA,None,None,"No Accident Factor, No Collision Stated (based on Police Blotter Book), 0.0 drivers_injured, 0.0 drivers_killed, 0.0 passengers_injured, 0.0 passengers_killed, 0.0 pedestrian_injured, 0.0 pedestrian_killed, Fair (Day), EDSA Crossing  Mandaluyong",MMDA Road Safety Unit,,b20eb579-b6fd-4e48-9680-ade3542ce2c7,2013-09-08,09:00:00,"EDSA United St., Highway Hills Mandaluyong",0,0,0,0,0,0,0,0,0,0,2013-09-08 17:00,Property,14.58165473,121.0539539,No Collision Stated
None,EDSA,None,None,"No Accident Factor, No Collision Stated (based on Police Blotter Book), 0.0 drivers_injured, 0.0 drivers_killed, 0.0 passengers_injured, 0.0 passengers_killed, 0.0 pedestrian_injured, 0.0 pedestrian_killed, Fair (Day), EDSA Crossing  Mandaluyong",MMDA Road Safety Unit,,2e674308-c8c9-410b-9812-510a5fcf3cbd,2013-09-06,05:45:00,"EDSA Shaw Blvd., Wack-wack Mandaluyong",0,0,0,0,0,0,0,0,0,0,2013-09-06 13:45,Property,14.58165473,121.0539539,No Collision Stated
None,EDSA,None,None,"No Accident Factor, No Collision Stated (based on Police Blotter Book), 0.0 drivers_injured, 0.0 drivers_killed, 0.0 passengers_injured, 0.0 passengers_killed, 0.0 pedestrian_injured, 0.0 pedestrian_killed, Fair (Day), EDSA Crossing Bgy.Highway Hills Mandaluyong",MMDA Road Safety Unit,,bacc3df3-37b2-4e8f-a409-28a3dfd9ad3d,2013-05-09,00:30:00,"EDSA MRT-Boni Station, Malamig Mandaluyong",0,0,0,0,0,0,0,0,0,0,2013-05-09 8:30,Property,14.58165473,121.0539539,No Collision Stated
None,EDSA,None,None,"No Accident Factor, No Collision Stated (based on Police Blotter Book), 0.0 drivers_injured, 0.0 drivers_killed, 0.0 passengers_injured, 0.0 passengers_killed, 0.0 pedestrian_injured, 0.0 pedestrian_killed, Fair (Day), EDSA Crossing Shaw Blvd. Mandaluyong",MMDA Road Safety Unit,,8f70fa68-687f-4f06-a93c-11708ba8b101,2012-12-21,06:40:00,"EDSA GO Hotel, Barangka Ilaya Mandaluyong",0,0,0,0,0,0,0,0,0,0,2012-12-21 14:40,Property,14.58165473,121.0539539,No Collision Stated
None,EDSA,None,None,"No Accident Factor, Hit Object (No Object Stated), 0.0 drivers_injured, 0.0 drivers_killed, 0.0 passengers_injured, 0.0 passengers_killed, 0.0 pedestrian_injured, 0.0 pedestrian_killed, Fair (Night), EDSA Crossing  Mandaluyong",MMDA Road Safety Unit,,4f2d97e0-8c28-436f-8bf0-3f32c42f5a96,2012-12-11,12:30:00,"EDSA Ortigas Ave., Wack-wack Mandaluyong",0,0,0,0,0,0,0,0,0,0,2012-12-11 20:30,Property,14.58165473,121.0539539,Hit Object
None,EDSA,None,None,"No Accident Factor, No Collision Stated (based on Police Blotter Book), 0.0 drivers_injured, 0.0 drivers_killed, 0.0 passengers_injured, 0.0 passengers_killed, 0.0 pedestrian_injured, 0.0 pedestrian_killed, Fair (Day), EDSA Crossing  Mandaluyong",MMDA Road Safety Unit,,ba8ad0ea-b974-4738-a90a-ac02976e25fe,2012-11-11,02:30:00,EDSA Shaw Blvd. Mandaluyong,0,0,0,0,0,0,0,0,0,0,2012-11-11 10:30,Property,14.58165473,121.0539539,No Collision Stated
None,EDSA,None,None,"No Accident Factor, No Collision Stated (based on Police Blotter Book), 0.0 drivers_injured, 0.0 drivers_killed, 0.0 passengers_injured, 0.0 passengers_killed, 0.0 pedestrian_injured, 0.0 pedestrian_killed, Fair (Day), EDSA Crossing  Mandaluyong",MMDA Road Safety Unit,,f6e0b128-ef34-4df8-8aaa-9c9b0e14b8a1,2012-10-22,07:00:00,"EDSA GO Hotel, Barangka Ilaya Mandaluyong",0,0,0,0,0,0,0,0,0,0,2012-10-22 15:00,Property,14.58165473,121.0539539,No Collision Stated
None,EDSA,None,None,"No Accident Factor, No Collision Stated (based on Police Blotter Book), 0.0 drivers_injured, 0.0 drivers_killed, 0.0 passengers_injured, 0.0 passengers_killed, 0.0 pedestrian_injured, 0.0 pedestrian_killed, Fair (Day), Crossing EDSA  Mandaluyong",MMDA Road Safety Unit,,f271da26-496c-4172-8357-e18003bf5f64,2012-10-10,02:15:00,EDSA Starmall Mandaluyong,0,0,0,0,0,0,0,0,0,0,2012-10-10 10:15,Property,14.58125368,121.0536477,No Collision Stated