LOCATION_TEXT,ROAD,WEATHER,LIGHT,DESC,REPORTING_AGENCY,MAIN_CAUSE,INCIDENTDETAILS_ID,DATE_UTC,TIME_UTC,ADDRESS,killed_driver,killed_passenger,killed_pedestrian,injured_driver,injured_passenger,injured_pedestrian,killed_uncategorized,injured_uncategorized,killed_total,injured_total,DATETIME_PST,SEVERITY,Y,X,COLLISION_TYPE
None,EDSA,None,None,"No Accident Factor, Hit Parked Vehicle, 0.0 drivers_injured, 0.0 drivers_killed, 0.0 passengers_injured, 0.0 passengers_killed, 0.0 pedestrian_injured, 0.0 pedestrian_killed, Fair (Day), EDSA crossing  Mandaluyong",MMDA Road Safety Unit,,0ceea731-5b6c-4896-bde5-0cf827376f1c,2012-09-06,01:15:00,EDSA MRT-Ortigas Station Mandaluyong,0,0,0,0,0,0,0,0,0,0,2012-09-06 9:15,Property,14.58165473,121.0539539,Hit Object
None,EDSA,None,None,"Unknown, Side Swipe, 0.0 drivers_injured, 0.0 drivers_killed, 0.0 passengers_injured, 0.0 passengers_killed, 0.0 pedestrian_injured, 0.0 pedestrian_killed, Fair (Day), Edsa Crossing Shaw Blvd. Mandaluyong",MMDA Road Safety Unit,,b9f8c676-0c1d-4fbf-b1a6-83c28455a834,2011-12-29,22:45:00,EDSA Highway 54 Mandaluyong,0,0,0,0,0,0,0,0,0,0,2011-12-30 6:45,Property,14.58165473,121.0539539,Side Swipe
"Jollibee, EDSA, Umali Compound, Highway Hills, Mandaluyong, Metro Manila, 1552, Philippines",EDSA,cloudy,night,BUMP FROM BEHIND ,MMDA Metrobase,,bca71e8a-a9bf-45a9-bd04-991e377a1cef,2016-11-17,15:12:36,"EDSA SM Megamall, Wack Wack Mandaluyong",0,0,0,0,0,0,0,1,0,1,2016-11-17 23:12,Injury,14.58059308,121.0532427,Rear-End
"Dunkin Donuts, EDSA, Umali Compound, Highway Hills, Mandaluyong, Metro Manila, 1552, Philippines",EDSA,rain,night,Bumped from Behind,MMDA Metrobase,,d1032c1c-bf94-4d13-8c6f-eaf12945f177,2016-11-28,11:02:37,"EDSA SM Megamall, Wack Wack Mandaluyong",0,0,0,0,0,0,0,0,0,0,2016-11-28 19:02,Property,14.58092535,121.0536289,Rear-End
"Dunkin Donuts, EDSA, Umali Compound, Highway Hills, Mandaluyong, Metro Manila, 1552, Philippines",EDSA,clear-day,day,BUMPED FROM BEHIND,Other,,31a52cc8-30d1-4b6d-b57b-545fafee8ad3,2016-10-14,02:49:35,"EDSA Ortigas Ave., Wack-wack Mandaluyong",0,0,0,0,0,0,0,0,0,0,2016-10-14 10:49,Property,14.58092535,121.0538864,Rear-End
"Dunkin Donuts, EDSA, Umali Compound, Highway Hills, Mandaluyong, Metro Manila, 1552, Philippines",EDSA,clear-night,night,Bumped from Behind,MMDA Metrobase,,cb4a765b-fcce-49e8-a775-2d920138c8ba,2016-10-27,10:50:47,"EDSA Rochester St., Wack-wack Mandaluyong",0,0,0,0,0,0,0,0,0,0,2016-10-27 18:50,Property,14.58096688,121.0535431,Rear-End
"Dunkin Donuts, EDSA, Umali Compound, Highway Hills, Mandaluyong, Metro Manila, 1552, Philippines",EDSA,clear-day,day,(+) MC DRIVER INJURED,Other,,c03442aa-274c-4173-aa73-0f72059a6181,2016-10-01,23:55:16,"EDSA SM Megamall, Wack Wack Mandaluyong",0,0,0,1,0,0,0,0,0,1,2016-10-02 7:55,Injury,14.58128876,121.0535109,Side Swipe
"RCBC Savings Bank, EDSA, Umali Compound, Highway Hills, Mandaluyong, Metro Manila, 1552, Philippines",EDSA,rain,dusk,Bumped from Behind,MMDA Metrobase,,9cea8e43-acb9-4046-adf8-3f96a990afbe,2016-12-16,09:43:44,"EDSA Pioneer St., Barangka Ilaya Mandaluyong",0,0,0,0,0,0,0,0,0,0,2016-12-16 17:43,Property,14.58146528,121.0536933,Rear-End
"RCBC Savings Bank, EDSA, Umali Compound, Highway Hills, Mandaluyong, Metro Manila, 1552, Philippines",EDSA,clear-day,day,BUMPED FROM BEHIND,Other,,34077be2-a2ad-408c-87a2-29c9a3ab121a,2016-10-01,04:21:55,"EDSA Ortigas Ave., Wack-wack Mandaluyong",0,0,0,0,0,0,0,0,0,0,2016-10-01 12:21,Property,14.58153277,121.053645,Rear-End
"Shaw Tunnel, EDSA, Umali Compound, Highway Hills, Mandaluyong, Metro Manila, 1552, Philippines",EDSA,rain,day,Bumped from Behind,MMDA Metrobase,,c6cce61e-0b9d-4e0f-8c1a-e5c2a3968cde,2016-12-16,07:53:35,EDSA D. M. Guevarra St. Mandaluyong,0,0,0,0,0,0,0,0,0,0,2016-12-16 15:53,Property,14.58157949,121.0538435,Rear-End
"Shangrila Exit, Wack-Wack Greenhills, Mandaluyong, Metro Manila, 1650, Philippines",EDSA,partly-cloudy-night,night,Bumped from Behind,MMDA Metrobase,,092cc10e-ac22-4d71-be62-ed4180542383,2016-12-19,13:08:14,"EDSA Boni Ave., Barangka Ilaya Mandaluyong",0,0,0,0,0,0,0,0,0,0,2016-12-19 21:08,Property,14.58241015,121.0546374,Rear-End
"Padi's Point, Starmall Service Road, Wack-Wack Greenhills, Mandaluyong, Metro Manila, 1552, Philippines",EDSA,rain,day,TRIPLE COLLISION,Other,,505b7d0d-49c2-441b-bdf8-44dd23677774,2016-10-12,03:12:51,"EDSA Boni Ave., Malamig Mandaluyong",0,0,0,0,0,0,0,0,0,0,2016-10-12 11:12,Property,14.58255552,121.0543799,Multiple
"PNB, EDSA, Wack-Wack Greenhills, Mandaluyong, Metro Manila, 1552, Philippines",EDSA,rain,day,SELF ACCIDENT (MRT POST),MMDA Metrobase,,14703964-04d9-415b-a41c-f1c14c4ae182,2016-11-01,01:51:08,"EDSA MRT-Boni Station, Malamig Mandaluyong",0,0,0,0,0,0,0,1,0,1,2016-11-01 9:51,Injury,14.58291893,121.0548627,Hit Object
"PNB, EDSA, Wack-Wack Greenhills, Mandaluyong, Metro Manila, 1552, Philippines",EDSA,partly-cloudy-day,day,BUMPED FROM BEHIND,Other,,159ecc7d-a447-4e01-b362-eb03e7640bb1,2016-10-14,01:22:14,"EDSA SM Megamall, Wack Wack Mandaluyong",0,0,0,0,0,0,0,0,0,0,2016-10-14 9:22,Property,14.58331349,121.0549378,Rear-End
"Lux Center, Stanford, Wack-Wack Greenhills, Mandaluyong, Metro Manila, 1552, Philippines",EDSA,partly-cloudy-day,day,LOW SIDE CRASH,Other,,240e3ae4-f31f-49aa-8f9c-abf8722fe313,2016-10-05,00:43:08,"EDSA Shangrila, Wack Wack Mandaluyong",0,0,0,0,0,0,0,1,0,1,2016-10-05 8:43,Injury,14.58395725,121.0553133,Side Swipe
"Lux Center, Stanford, Wack-Wack Greenhills, Mandaluyong, Metro Manila, 1552, Philippines",EDSA,rain,day,BUMPED FROM BEHIND,Other,,1e471727-1e84-4829-aa84-a190017bbdb5,2016-10-20,05:25:06,"EDSA MRT-Boni Station, Barangka Ilaya Mandaluyong",0,0,0,0,0,0,0,0,0,0,2016-10-20 13:25,Property,14.58404031,121.0553026,Rear-End
"Highway 54, EDSA, Wack-Wack Greenhills, Mandaluyong, Metro Manila, 1552, Philippines",EDSA,rain,night,Bumped from Behind,MMDA Metrobase,,e168cc82-5460-4ada-9de5-64ea2ed259d4,2016-11-28,12:19:40,EDSA Pavilion Mandaluyong,0,0,0,0,0,0,0,0,0,0,2016-11-28 20:19,Property,14.58442449,121.0556889,Rear-End
"SM Megamall Carpark Building, EDSA, Wack-Wack Greenhills, Mandaluyong, Metro Manila, 1552, Philippines",EDSA,partly-cloudy-day,day,MULTIPLE COLLISION,MMDA Metrobase,,f3aa420f-3f90-4528-addf-1538b8214fb2,2016-12-09,01:43:34,"EDSA Starmall, Wack-Wack Mandaluyong",0,0,0,0,0,0,0,0,0,0,2016-12-09 9:43,Property,14.58524476,121.0560322,Rear-End
"Highway 54, EDSA, Wack-Wack Greenhills, Mandaluyong, Metro Manila, 1552, Philippines",EDSA,partly-cloudy-day,day,Self Accident,MMDA Metrobase,,cb0872d5-014a-4406-9ae6-5d90cf987225,2016-12-12,07:22:53,"EDSA Sultan St., Highway Hills Mandaluyong",0,0,0,0,0,0,0,1,0,1,2016-12-12 15:22,Injury,14.58536935,121.0557747,Self-Accident
"SM Megamall Building A, EDSA, Wack-Wack Greenhills, Mandaluyong, Metro Manila, 1552, Philippines",EDSA,partly-cloudy-day,day,Hit and Run (Taxi Escaped),MMDA Metrobase,,1d7bb1fd-d7bb-41e6-9c22-e31bea3bb7e4,2016-12-12,06:16:46,"EDSA Caltex Gas Station, Barangka Ilaya Mandaluyong",0,0,0,0,0,0,0,0,0,0,2016-12-12 14:16,Property,14.58574314,121.0562468,No Collision Stated
"SM Megamall Carpark Building, EDSA, Wack-Wack Greenhills, Mandaluyong, Metro Manila, 1552, Philippines",EDSA,clear-day,day,BUMPED FROM BEHIND,MMDA Metrobase,,3ae157ca-da1c-4ca2-8342-de7ce137772a,2016-12-28,04:27:58,EDSA SM Megamall Mandaluyong,0,0,0,0,0,0,0,0,0,0,2016-12-28 12:27,Property,14.58577429,121.0561824,Rear-End
"SM Megamall Carpark Building, EDSA, Wack-Wack Greenhills, Mandaluyong, Metro Manila, 1552, Philippines",EDSA,clear-day,day,BUMPED FROM BEHIND,Other,,b3f2467f-7388-4af5-8311-cd8269778543,2016-10-12,23:24:21,"EDSA Guadix Drive, Wack-wack Mandaluyong",0,0,0,0,0,0,0,0,0,0,2016-10-13 7:24,Property,14.58579506,121.0562038,Rear-End
"EDSA, Wack-Wack Greenhills, Mandaluyong, Metro Manila, 1552, Philippines",EDSA,clear-day,day,BUMPED FROM BEHIND,MMDA Metrobase,,121a8694-0d90-4af2-ba43-b2899678f463,2016-10-21,23:11:40,"EDSA Highway 54, Wack-wack Mandaluyong",0,0,0,0,0,0,0,0,0,0,2016-10-22 7:11,Property,14.58588851,121.0559464,Rear-End
"Ortigas MRT, EDSA, Wack-Wack Greenhills, Mandaluyong, Metro Manila, 1552, Philippines",EDSA,rain,night,Bumped from Behind,MMDA Metrobase,,d0839594-34a3-47c5-8fbd-949087d8feac,2016-12-13,10:34:45,"EDSA Connecticut St., Wack-wack Mandaluyong",0,0,0,0,0,0,0,0,0,0,2016-12-13 18:34,Property,14.58776783,121.0568261,Rear-End
"Ortigas MRT, EDSA, Wack-Wack Greenhills, Mandaluyong, Metro Manila, 1552, Philippines",EDSA,partly-cloudy-day,day,SELF ACCIDENT,MMDA Metrobase,,5651e7e6-c357-44d8-a54b-944364c0250b,2016-11-02,04:45:22,"EDSA Pavilion Mall, Highway Hills Mandaluyong",0,0,0,0,0,0,0,0,0,0,2016-11-02 12:45,Property,14.58786128,121.0565901,Self-Accident
None,EDSA,None,None,"No Accident Factor, No Collision Stated (based on Police Blotter Book), 0.0 drivers_injured, 0.0 drivers_killed, 0.0 passengers_injured, 0.0 passengers_killed, 0.0 pedestrian_injured, 0.0 pedestrian_killed, Fair (Night), Ortigas  EDSA Brgy. Wack Wack  Mandaluyong",MMDA Road Safety Unit,,8da59120-76f4-4e18-883d-32043b7d0a86,2014-05-13,16:05:00,EDSA Ortigas Ave. Mandaluyong,0,0,0,0,0,0,0,0,0,0,2014-05-14 0:05,Property,14.59323927,121.0582862,No Collision Stated
"163, EDSA, Wack-Wack Greenhills, Mandaluyong, Metro Manila, 1604, Philippines",EDSA,rain,day,BUMPED FROM BEHIND,Other,,f50c0f02-3d49-4508-be73-809bc02314e2,2016-10-20,23:44:54,EDSA SM Megamall Loading / Unloading Bay Mandaluyong,0,0,0,0,0,0,0,0,0,0,2016-10-21 7:44,Property,14.58838043,121.0570729,Rear-End
"Misubishi Motors, EDSA, Wack-Wack Greenhills, Mandaluyong, Metro Manila, 1604, Philippines",EDSA,rain,night,Bumped from Behind,MMDA Metrobase,,13db87a4-723f-40ca-8e75-03388bbf5e82,2016-12-13,10:25:11,"EDSA Transcom Bldg., Wack-Wack  Mandaluyong",0,0,0,0,0,0,0,0,0,0,2016-12-13 18:25,Property,14.58932527,121.0574055,Rear-End
None,EDSA,None,None,"Unknown, Side Swipe, 0.0 drivers_injured, 0.0 drivers_killed, 0.0 passengers_injured, 0.0 passengers_killed, 0.0 pedestrian_injured, 0.0 pedestrian_killed, Fair (Day), Ortigas Ave. fronting POEA Bldg. Pasig",MMDA Road Safety Unit,,18ed5472-75f3-48d0-b85c-97f04825c1ab,2011-09-02,05:00:00,EDSA Shaw Blvd.  Mandaluyong,0,0,0,0,0,0,0,0,0,0,2011-09-02 13:00,Property,14.59323646,121.0581874,Side Swipe
None,EDSA,None,None,"Human Error, Side Swipe, 1.0 drivers_injured, 0.0 drivers_killed, 0.0 passengers_injured, 0.0 passengers_killed, 0.0 pedestrian_injured, 0.0 pedestrian_killed, Dry, Ortigas Ave. POEA bldg. Pasig",MMDA Road Safety Unit,,f71acc0a-9e8d-4d0e-8f14-d57d0ecf2ea7,2007-03-03,23:00:00,"EDSA Robinson's Forum, Barangka Ilaya Mandaluyong",0,0,0,1,0,0,0,0,0,1,2007-03-04 7:00,Injury,14.59328591,121.0583834,Side Swipe
"Misubishi Motors, EDSA, Wack-Wack Greenhills, Mandaluyong, Metro Manila, 1604, Philippines",EDSA,clear-night,night,"CAR WAS ACCIDENTALLY HIT THE BICYCLE, RIDER OF BICYCLE IS INJURED. IT WAS IMMEDIATELY COORDINATED TO RESCUE BASE FOR THE DISPATCH OF AMBULANCE IN THE AREA, AS PER RESCUE PERSONNEL AMBULANCE #11 IS PROCEEDING IN THE AREA.",Other,,20be99b3-6ecf-4f06-8909-87f08819a6cb,2016-10-01,11:59:46,EDSA Lions Road Mandaluyong,0,0,0,0,0,0,0,1,0,1,2016-10-01 19:59,Injury,14.58953293,121.0574484,Rear-End
None,EDSA,None,None,"No Accident Factor, Side Swipe, 0.0 drivers_injured, 0.0 drivers_killed, 0.0 passengers_injured, 0.0 passengers_killed, 0.0 pedestrian_injured, 0.0 pedestrian_killed, Fair (Day), EDSA Edsa Central Mandaluyong",MMDA Road Safety Unit,,b85575cf-67b2-4e64-a0c5-747b09033d9e,2016-10-18,08:10:00,"EDSA Starmall, Wack-Wack Mandaluyong",0,0,0,0,0,0,0,0,0,0,2016-10-18 16:10,Property,14.57994372,121.0528367,Side Swipe
None,EDSA,None,None,"No Accident Factor, Rear-end, 0.0 drivers_injured, 0.0 drivers_killed, 0.0 passengers_injured, 0.0 passengers_killed, 0.0 pedestrian_injured, 0.0 pedestrian_killed, Fair (Day), EDSA Pioneer St. Mandaluyong",MMDA Road Safety Unit,,44891816-f6d1-47ae-8a1e-1786414c7d46,2016-10-18,07:30:00,EDSA Teleperformance Mandaluyong,0,0,0,0,0,0,0,0,0,0,2016-10-18 15:30,Property,14.57236671,121.0472702,Rear-End
None,EDSA,None,None,"No Accident Factor, No Collision Stated (based on Police Blotter Book), 0.0 drivers_injured, 0.0 drivers_killed, 0.0 passengers_injured, 0.0 passengers_killed, 0.0 pedestrian_injured, 0.0 pedestrian_killed, Fair (Day), EDSA PGA Car Showroom Mandaluyong",MMDA Road Safety Unit,,0751f147-64c6-4156-a4b5-087e6b9c90c4,2016-10-18,02:00:00,EDSA V. R. Potenciano Medical Center Mandaluyong,0,0,0,0,0,0,0,0,0,0,2016-10-18 10:00,Property,14.59623028,121.0592439,No Collision Stated
None,EDSA,None,None,"No Accident Factor, No Collision Stated (based on Police Blotter Book), 0.0 drivers_injured, 0.0 drivers_killed, 0.0 passengers_injured, 0.0 passengers_killed, 0.0 pedestrian_injured, 0.0 pedestrian_killed, Fair (Day), EDSA Shaw Blvd. Mandaluyong",MMDA Road Safety Unit,,d17f7cc2-aa16-4edf-a45a-7a89d81dca79,2016-10-18,00:30:00,"EDSA G. A. Tower, Malamig Mandaluyong",0,0,0,0,0,0,0,0,0,0,2016-10-18 8:30,Property,14.58119822,121.0534578,No Collision Stated
None,EDSA,None,None,"No Accident Factor, No Collision Stated (based on Police Blotter Book), 0.0 drivers_injured, 0.0 drivers_killed, 0.0 passengers_injured, 0.0 passengers_killed, 0.0 pedestrian_injured, 0.0 pedestrian_killed, Fair (Day), EDSA G.A. Tower, Boni Ave. Mandaluyong",MMDA Road Safety Unit,,4ab80ebf-3700-4742-b712-22d4f1d47a70,2016-10-17,17:15:00,"EDSA J. Vargas Ave., Wack-wack Mandaluyong",0,0,0,0,0,0,0,0,0,0,2016-10-18 1:15,Property,14.57392638,121.0480715,No Collision Stated
None,EDSA,None,None,"No Accident Factor, No Collision Stated (based on Police Blotter Book), 0.0 drivers_injured, 0.0 drivers_killed, 0.0 passengers_injured, 0.0 passengers_killed, 0.0 pedestrian_injured, 0.0 pedestrian_killed, Fair (Night), EDSA Apo & E. Pantaleon St. Mandaluyong",MMDA Road Safety Unit,,67ec3a67-9b23-4164-a2c5-b4f51aacd4df,2016-10-17,10:40:00,"EDSA Shangri-La, Wack-Wack Mandaluyong",0,0,0,0,0,0,0,0,0,0,2016-10-17 18:40,Property,14.5715578,121.046752,No Collision Stated
None,EDSA,None,None,"No Accident Factor, No Collision Stated (based on Police Blotter Book), 0.0 drivers_injured, 0.0 drivers_killed, 0.0 passengers_injured, 0.0 passengers_killed, 0.0 pedestrian_injured, 0.0 pedestrian_killed, Fair (Day), EDSA Reliance St. Mandaluyong",MMDA Road Safety Unit,,dc29c0ec-334f-43b4-9787-c0793597692d,2016-10-17,01:45:00,"EDSA Shangri-La, Wack-Wack Mandaluyong",0,0,0,0,0,0,0,0,0,0,2016-10-17 9:45,Property,14.57669064,121.0504494,No Collision Stated
None,EDSA,None,None,"No Accident Factor, Rear-end, 0.0 drivers_injured, 0.0 drivers_killed, 0.0 passengers_injured, 0.0 passengers_killed, 0.0 pedestrian_injured, 0.0 pedestrian_killed, Fair (Night), EDSA Boni MRT Station Mandaluyong",MMDA Road Safety Unit,,0ef2b2b9-09f3-4b1d-b18a-db78fcb6b6ec,2016-10-16,13:50:00,EDSA Ortigas Footbridge Mandaluyong,0,0,0,0,0,0,0,0,0,0,2016-10-16 21:50,Property,14.57372098,121.0479555,Rear-End
None,EDSA,None,None,"No Accident Factor, No Collision Stated (based on Police Blotter Book), 0.0 drivers_injured, 0.0 drivers_killed, 0.0 passengers_injured, 0.0 passengers_killed, 0.0 pedestrian_injured, 0.0 pedestrian_killed, Fair (Day), EDSA Boni Ave. Loading Bay Mandaluyong",MMDA Road Safety Unit,,d02883e6-b197-4f87-88cc-53d3bf423ca8,2016-10-16,08:30:00,"EDSA Go Hotel, Barangka Ilaya Mandaluyong",0,0,0,0,0,0,0,0,0,0,2016-10-16 16:30,Property,14.57418291,121.0482976,No Collision Stated
None,EDSA,None,None,"No Accident Factor, Rear-end, 0.0 drivers_injured, 0.0 drivers_killed, 0.0 passengers_injured, 0.0 passengers_killed, 0.0 pedestrian_injured, 0.0 pedestrian_killed, Fair (Day), EDSA Shaw Blvd. Mandaluyong",MMDA Road Safety Unit,,076e2166-43e3-4c03-a9e7-da5d0b0a8986,2016-10-15,05:30:00,EDSA Ortigas MRT Station Mandaluyong,0,0,0,0,0,0,0,0,0,0,2016-10-15 13:30,Property,14.58119822,121.0534578,Rear-End
None,EDSA,None,None,"No Accident Factor, Side Swipe, 0.0 drivers_injured, 0.0 drivers_killed, 0.0 passengers_injured, 0.0 passengers_killed, 0.0 pedestrian_injured, 0.0 pedestrian_killed, Fair (Day), EDSA Shaw Blvd. Mandaluyong",MMDA Road Safety Unit,,a4db2ba3-3c17-4f45-aea9-d859e44cd351,2016-10-15,01:30:00,"EDSA Ortigas Ave., Wack-wack Mandaluyong",0,0,0,0,0,0,0,0,0,0,2016-10-15 9:30,Property,14.58119822,121.0534578,Side Swipe
None,EDSA,None,None,"No Accident Factor, No Collision Stated (based on Police Blotter Book), 0.0 drivers_injured, 0.0 drivers_killed, 0.0 passengers_injured, 0.0 passengers_killed, 0.0 pedestrian_injured, 0.0 pedestrian_killed, Fair (Day), EDSA Starmall Mandaluyong",MMDA Road Safety Unit,,e6bc42f3-5f0d-40e4-b034-0be623c47136,2016-10-14,22:40:00,"EDSA SM Megamall, Wack-Wack Mandaluyong",0,0,0,0,0,0,0,0,0,0,2016-10-15 6:40,Property,14.58198795,121.0540368,No Collision Stated
None,EDSA,None,None,"No Accident Factor, Side Swipe, 0.0 drivers_injured, 0.0 drivers_killed, 0.0 passengers_injured, 0.0 passengers_killed, 0.0 pedestrian_injured, 0.0 pedestrian_killed, Fair (Day), EDSA Boni MRT Station Mandaluyong",MMDA Road Safety Unit,,41e27781-f258-4a00-aec0-2f17a68f4523,2016-10-14,05:30:00,"EDSA Shaw Blvd., Highway Hills Mandaluyong",0,0,0,0,0,0,0,0,0,0,2016-10-14 13:30,Property,14.57372098,121.0479555,Side Swipe
None,EDSA,None,None,"No Accident Factor, No Collision Stated (based on Police Blotter Book), 0.0 drivers_injured, 0.0 drivers_killed, 0.0 passengers_injured, 0.0 passengers_killed, 0.0 pedestrian_injured, 0.0 pedestrian_killed, Fair (Day), EDSA Ortigas MRT Station Mandaluyong",MMDA Road Safety Unit,,64d3e4ae-3e08-4ba9-a3fa-0ed6497a5bbe,2016-10-13,21:30:00,"EDSA Shangri-La Mall, Wack Wack Mandaluyong",0,0,0,0,0,0,0,0,0,0,2016-10-14 5:30,Property,14.58789302,121.0566024,No Collision Stated
None,EDSA,None,None,"No Accident Factor, No Collision Stated (based on Police Blotter Book), 0.0 drivers_injured, 0.0 drivers_killed, 0.0 passengers_injured, 0.0 passengers_killed, 0.0 pedestrian_injured, 0.0 pedestrian_killed, Fair (Day), EDSA Starmall Mandaluyong",MMDA Road Safety Unit,,542649f4-26e3-4b15-a6fe-803f399300bb,2016-10-13,20:30:00,"EDSA SM Megamall, Wack Wack Mandaluyong",0,0,0,0,0,0,0,0,0,0,2016-10-14 4:30,Property,14.58198795,121.0540368,No Collision Stated
None,EDSA,None,None,"No Accident Factor, No Collision Stated (based on Police Blotter Book), 0.0 drivers_injured, 0.0 drivers_killed, 0.0 passengers_injured, 0.0 passengers_killed, 0.0 pedestrian_injured, 0.0 pedestrian_killed, Fair (Night), EDSA Poveda St. Mandaluyong",MMDA Road Safety Unit,,31def03d-d753-457f-aad4-54901f68a513,2016-10-13,10:50:00,"EDSA SM Megamall, Wack Wack Mandaluyong",0,0,0,0,0,0,0,0,0,0,2016-10-13 18:50,Property,14.5899353,121.0575058,No Collision Stated
None,EDSA,None,None,"No Accident Factor, No Collision Stated (based on Police Blotter Book), 0.0 drivers_injured, 0.0 drivers_killed, 0.0 passengers_injured, 0.0 passengers_killed, 0.0 pedestrian_injured, 0.0 pedestrian_killed, Fair (Day), EDSA Shell Gas Station, Highway Hills Mandaluyong",MMDA Road Safety Unit,,841a7ca2-5cfa-495e-92e3-152c4ef443e1,2016-10-13,08:00:00,EDSA Transcom Mandaluyong,0,0,0,0,0,0,0,0,0,0,2016-10-13 16:00,Property,14.57692814,121.0503406,No Collision Stated
None,EDSA,None,None,"No Accident Factor, Self-Accident, 0.0 drivers_injured, 0.0 drivers_killed, 0.0 passengers_injured, 0.0 passengers_killed, 0.0 pedestrian_injured, 0.0 pedestrian_killed, Fair (Day), EDSA Madison St. Mandaluyong",MMDA Road Safety Unit,,09f07bf9-f0b9-4d01-ab55-b476d39776cd,2016-10-12,19:45:00,EDSA G. A. Tower Mandaluyong,0,0,0,0,0,0,0,0,0,0,2016-10-13 3:45,Property,14.57464299,121.0489046,Self-Accident
None,EDSA,None,None,"No Accident Factor, Rear-end, 0.0 drivers_injured, 0.0 drivers_killed, 0.0 passengers_injured, 0.0 passengers_killed, 0.0 pedestrian_injured, 0.0 pedestrian_killed, Fair (Day), EDSA Guadalupe Bridge Mandaluyong",MMDA Road Safety Unit,,04ddbf30-c9e6-4e8c-b9e1-7e6df2df1258,2016-10-12,08:45:00,EDSA Ortigas Ave. Mandaluyong,0,0,0,0,0,0,0,0,0,0,2016-10-12 16:45,Property,14.5685496,121.0460027,Rear-End
None,EDSA,None,None,"No Accident Factor, No Collision Stated (based on Police Blotter Book), 0.0 drivers_injured, 0.0 drivers_killed, 0.0 passengers_injured, 0.0 passengers_killed, 0.0 pedestrian_injured, 0.0 pedestrian_killed, Fair (Night), EDSA Reliance St.  Mandaluyong",MMDA Road Safety Unit,,6028ac30-8526-4dcb-a5fd-a1cc979e1bca,2016-10-12,01:40:00,EDSA Shaw Blvd. Mandaluyong,0,0,0,0,0,0,0,0,0,0,2016-10-12 9:40,Property,14.57669064,121.0504494,No Collision Stated
None,EDSA,None,None,"No Accident Factor, No Collision Stated (based on Police Blotter Book), 0.0 drivers_injured, 0.0 drivers_killed, 0.0 passengers_injured, 0.0 passengers_killed, 0.0 pedestrian_injured, 0.0 pedestrian_killed, Fair (Day), EDSA SM Megamall Mandaluyong",MMDA Road Safety Unit,,47827250-c7d2-4e20-8a72-b507f315a1b5,2016-10-12,00:05:00,"EDSA Light Mall Residences, Buayang Bato Mandaluyong",0,0,0,0,0,0,0,0,0,0,2016-10-12 8:05,Property,14.58501645,121.0558372,No Collision Stated
None,EDSA,None,None,"No Accident Factor, No Collision Stated (based on Police Blotter Book), 0.0 drivers_injured, 0.0 drivers_killed, 0.0 passengers_injured, 0.0 passengers_killed, 0.0 pedestrian_injured, 0.0 pedestrian_killed, Fair (Night), EDSA Ortigas MRT Station Mandaluyong",MMDA Road Safety Unit,,4d46b9a4-2b11-4f88-a5e1-ce0163e7b011,2016-10-11,22:00:00,"EDSA Shaw Blvd., Wack-wack Mandaluyong",0,0,0,0,0,0,0,0,0,0,2016-10-12 6:00,Property,14.58789302,121.0566024,No Collision Stated
None,EDSA,None,None,"No Accident Factor, Side Swipe, 0.0 drivers_injured, 0.0 drivers_killed, 0.0 passengers_injured, 0.0 passengers_killed, 0.0 pedestrian_injured, 0.0 pedestrian_killed, Fair (Night), EDSA Shaw Blvd.  Mandaluyong",MMDA Road Safety Unit,,4ca2421f-daa2-4d9f-b955-35c5af263734,2016-10-11,04:00:00,"EDSA ""U"" turn slot, Ortigas Ave., Wack-wack Mandaluyong",0,0,0,0,0,0,0,0,0,0,2016-10-11 12:00,Property,14.58119822,121.0534578,Side Swipe
None,EDSA,None,None,"No Accident Factor, No Collision Stated (based on Police Blotter Book), 0.0 drivers_injured, 0.0 drivers_killed, 0.0 passengers_injured, 0.0 passengers_killed, 0.0 pedestrian_injured, 0.0 pedestrian_killed, Fair (Night), EDSA Boni MRT Station Mandaluyong",MMDA Road Safety Unit,,4dd0d089-5468-4139-bb66-2f74d2ead63c,2016-10-10,05:00:00,"EDSA SM Light Residences, Highway Hills Mandaluyong",0,0,0,0,0,0,0,0,0,0,2016-10-10 13:00,Property,14.57372098,121.0479555,No Collision Stated
None,EDSA,None,None,"No Accident Factor, Rear-end, 0.0 drivers_injured, 0.0 drivers_killed, 0.0 passengers_injured, 0.0 passengers_killed, 0.0 pedestrian_injured, 0.0 pedestrian_killed, Fair (Night), EDSA SM Megamall Mandaluyong",MMDA Road Safety Unit,,458bfbe0-5302-4376-a172-a32274da9ace,2016-10-09,22:55:00,"EDSA Robinson Forum, Barangka Ilaya Mandaluyong",0,0,0,0,0,0,0,0,0,0,2016-10-10 6:55,Property,14.58501645,121.0558372,Rear-End
None,EDSA,None,None,"No Accident Factor, No Collision Stated (based on Police Blotter Book), 0.0 drivers_injured, 0.0 drivers_killed, 0.0 passengers_injured, 0.0 passengers_killed, 0.0 pedestrian_injured, 0.0 pedestrian_killed, Fair (Night), EDSA Ortigas MRT Station Mandaluyong",MMDA Road Safety Unit,,c255702c-4b62-40cd-af47-2dd5736aaa20,2016-10-09,15:00:00,EDSA Megamall Mandaluyong,0,0,0,0,0,0,0,0,0,0,2016-10-09 23:00,Property,14.58789302,121.0566024,No Collision Stated
None,EDSA,None,None,"No Accident Factor, Rear-end, 0.0 drivers_injured, 0.0 drivers_killed, 0.0 passengers_injured, 0.0 passengers_killed, 0.0 pedestrian_injured, 0.0 pedestrian_killed, Fair (Night), EDSA GO Hotel  Mandaluyong",MMDA Road Safety Unit,,fef7f57e-8e14-45da-92db-4b5bfc92709d,2016-10-09,05:40:00,"EDSA Boni Ave., Barangka Ilaya Mandaluyong",0,0,0,0,0,0,0,0,0,0,2016-10-09 13:40,Property,14.57001193,121.0464575,Rear-End