LOCATION_TEXT,ROAD,WEATHER,LIGHT,DESC,REPORTING_AGENCY,MAIN_CAUSE,INCIDENTDETAILS_ID,DATE_UTC,TIME_UTC,ADDRESS,killed_driver,killed_passenger,killed_pedestrian,injured_driver,injured_passenger,injured_pedestrian,killed_uncategorized,injured_uncategorized,killed_total,injured_total,DATETIME_PST,SEVERITY,Y,X,COLLISION_TYPE
None,EDSA,None,None,"No Accident Factor, No Collision Stated (based on Police Blotter Book), 0.0 drivers_injured, 0.0 drivers_killed, 0.0 passengers_injured, 0.0 passengers_killed, 0.0 pedestrian_injured, 0.0 pedestrian_killed, Fair (Night), EDSA United St.  Mandaluyong",MMDA Road Safety Unit,,3d1d01f9-9e89-4488-95a1-a5b24c5a50fb,2016-10-08,11:45:00,"EDSA Pinatubo St., Malamig Mandaluyong",0,0,0,0,0,0,0,0,0,0,2016-10-08 19:45,Property,14.57931229,121.0523819,No Collision Stated
None,EDSA,None,None,"No Accident Factor, No Collision Stated (based on Police Blotter Book), 0.0 drivers_injured, 0.0 drivers_killed, 0.0 passengers_injured, 0.0 passengers_killed, 0.0 pedestrian_injured, 0.0 pedestrian_killed, Fair (Night), EDSA Garden Way Mandaluyong",MMDA Road Safety Unit,,93f7a899-a79f-4acc-ad01-36a906057961,2016-10-08,09:00:00,EDSA Ortigas Ave. Mandaluyong,0,0,0,0,0,0,0,0,0,0,2016-10-08 17:00,Property,14.58286435,121.0549356,No Collision Stated
None,EDSA,None,None,"No Accident Factor, No Collision Stated (based on Police Blotter Book), 0.0 drivers_injured, 0.0 drivers_killed, 0.0 passengers_injured, 0.0 passengers_killed, 0.0 pedestrian_injured, 0.0 pedestrian_killed, Fair (Night), EDSA SM Lights Residences Mandaluyong",MMDA Road Safety Unit,,3c472a88-8051-40eb-a17a-e65138160611,2016-10-08,00:00:00,EDSA Starmall Mandaluyong,0,0,0,0,0,0,0,0,0,0,2016-10-08 8:00,Property,14.57388383,121.0483435,No Collision Stated
None,EDSA,None,None,"No Accident Factor, No Collision Stated (based on Police Blotter Book), 0.0 drivers_injured, 0.0 drivers_killed, 0.0 passengers_injured, 0.0 passengers_killed, 0.0 pedestrian_injured, 0.0 pedestrian_killed, Fair (Night), EDSA SM Megamall Mandaluyong",MMDA Road Safety Unit,,7890715d-d8dc-469c-b19e-f92384e56303,2016-10-07,15:00:00,"EDSA SM Megamall, Wack-Wack Mandaluyong",0,0,0,0,0,0,0,0,0,0,2016-10-07 23:00,Property,14.58501645,121.0558372,No Collision Stated
None,EDSA,None,None,"No Accident Factor, No Collision Stated (based on Police Blotter Book), 0.0 drivers_injured, 0.0 drivers_killed, 0.0 passengers_injured, 0.0 passengers_killed, 0.0 pedestrian_injured, 0.0 pedestrian_killed, Fair (Night), EDSA GO Hotel  Mandaluyong",MMDA Road Safety Unit,,c049e5fc-f859-452b-b8e9-39c17d2d57c2,2016-10-07,14:45:00,"EDSA RICOA Manufacturing Plant., Highway Hills Mandaluyong",0,0,0,0,0,0,0,0,0,0,2016-10-07 22:45,Property,14.57001193,121.0464575,No Collision Stated
None,EDSA,None,None,"No Accident Factor, No Collision Stated (based on Police Blotter Book), 0.0 drivers_injured, 0.0 drivers_killed, 0.0 passengers_injured, 0.0 passengers_killed, 0.0 pedestrian_injured, 0.0 pedestrian_killed, Fair (Night), EDSA SMDC Bldg.  Mandaluyong",MMDA Road Safety Unit,,d0634adf-7054-47ba-94b2-66bd5908af84,2016-10-06,16:55:00,EDSA Pioneer St.  Mandaluyong,0,0,0,0,0,0,0,0,0,0,2016-10-07 0:55,Property,14.57496984,121.0491482,No Collision Stated
None,EDSA,None,None,"No Accident Factor, No Collision Stated (based on Police Blotter Book), 0.0 drivers_injured, 0.0 drivers_killed, 0.0 passengers_injured, 0.0 passengers_killed, 0.0 pedestrian_injured, 0.0 pedestrian_killed, Fair (Night), EDSA Crossing     Mandaluyong",MMDA Road Safety Unit,,dfa6278e-7da9-4716-b575-3e7628433608,2016-10-06,10:00:00,EDSA United St.  Mandaluyong,0,0,0,0,0,0,0,0,0,0,2016-10-06 18:00,Property,14.58212391,121.0540758,No Collision Stated
None,EDSA,None,None,"No Accident Factor, Side Swipe, 0.0 drivers_injured, 0.0 drivers_killed, 0.0 passengers_injured, 0.0 passengers_killed, 0.0 pedestrian_injured, 0.0 pedestrian_killed, Fair (Night), EDSA Starmall, Wack Wack Mandaluyong",MMDA Road Safety Unit,,9f8dbb04-95b2-4093-ad53-6b60fa92ae9f,2016-10-06,06:30:00,"EDSA _ MRT Station, Wack-Wack Mandaluyong",0,0,0,0,0,0,0,0,0,0,2016-10-06 14:30,Property,14.58198795,121.0540368,Side Swipe
None,EDSA,None,None,"No Accident Factor, No Collision Stated (based on Police Blotter Book), 0.0 drivers_injured, 0.0 drivers_killed, 0.0 passengers_injured, 0.0 passengers_killed, 0.0 pedestrian_injured, 0.0 pedestrian_killed, Fair (Night), EDSA Shaw Blvd.  Mandaluyong",MMDA Road Safety Unit,,cfd12ce7-af29-4cfc-8950-09ecb16ec0d1,2016-10-06,03:00:00,"EDSA Highway 54 Bldg., Wack-Wack Mandaluyong",0,0,0,0,0,0,0,0,0,0,2016-10-06 11:00,Property,14.58119822,121.0534578,No Collision Stated
None,EDSA,None,None,"No Accident Factor, No Collision Stated (based on Police Blotter Book), 0.0 drivers_injured, 0.0 drivers_killed, 0.0 passengers_injured, 0.0 passengers_killed, 0.0 pedestrian_injured, 0.0 pedestrian_killed, Fair (Night), EDSA Highway 54 Mandaluyong",MMDA Road Safety Unit,,eda31fd7-eb23-4d16-a8d9-ab10c23cfafe,2016-10-05,16:30:00,EDSA Pinatubo St.  Mandaluyong,0,0,0,0,0,0,0,0,0,0,2016-10-06 0:30,Property,14.58500097,121.0556243,No Collision Stated
None,EDSA,None,None,"No Accident Factor, No Collision Stated (based on Police Blotter Book), 0.0 drivers_injured, 0.0 drivers_killed, 0.0 passengers_injured, 0.0 passengers_killed, 0.0 pedestrian_injured, 0.0 pedestrian_killed, Fair (Night), EDSA Crossing Bus Stop Mandaluyong",MMDA Road Safety Unit,,77e280cb-3a29-4238-acfd-7d6437ee6808,2016-10-05,07:20:00,"EDSA Starmall, Wack-Wack Mandaluyong",0,0,0,0,0,0,0,0,0,0,2016-10-05 15:20,Property,14.58212391,121.0540758,No Collision Stated
None,EDSA,None,None,"No Accident Factor, No Collision Stated (based on Police Blotter Book), 0.0 drivers_injured, 0.0 drivers_killed, 0.0 passengers_injured, 0.0 passengers_killed, 0.0 pedestrian_injured, 0.0 pedestrian_killed, Fair (Night), EDSA SM Megamall Mandaluyong",MMDA Road Safety Unit,,a3f7473b-00ed-4d4e-99ce-2c1f5622ae76,2016-10-05,03:30:00,"EDSA Caltex Gas Station, Barangka Ilaya Mandaluyong",0,0,0,0,0,0,0,0,0,0,2016-10-05 11:30,Property,14.58501645,121.0558372,No Collision Stated
None,EDSA,None,None,"No Accident Factor, No Collision Stated (based on Police Blotter Book), 0.0 drivers_injured, 0.0 drivers_killed, 0.0 passengers_injured, 0.0 passengers_killed, 0.0 pedestrian_injured, 0.0 pedestrian_killed, Fair (Night), EDSA Starmall, Wack Wack Mandaluyong",MMDA Road Safety Unit,,a44f406c-6a3a-4f51-99f8-44c1ac48be9a,2016-10-05,02:15:00,EDSA Ortigas Ave.  Mandaluyong,0,0,0,0,0,0,0,0,0,0,2016-10-05 10:15,Property,14.58198795,121.0540368,No Collision Stated
None,EDSA,None,None,"No Accident Factor, No Collision Stated (based on Police Blotter Book), 0.0 drivers_injured, 0.0 drivers_killed, 0.0 passengers_injured, 0.0 passengers_killed, 0.0 pedestrian_injured, 0.0 pedestrian_killed, Fair (Night), EDSA Starmall, Wack Wack Mandaluyong",MMDA Road Safety Unit,,5a5fcc05-4363-4dcb-9e0c-6608449383f8,2016-10-04,13:30:00,EDSA United St.  Mandaluyong,0,0,0,0,0,0,0,0,0,0,2016-10-04 21:30,Property,14.58198795,121.0540368,No Collision Stated
None,EDSA,None,None,"No Accident Factor, Rear-end, 0.0 drivers_injured, 0.0 drivers_killed, 0.0 passengers_injured, 0.0 passengers_killed, 0.0 pedestrian_injured, 0.0 pedestrian_killed, Fair (Day), EDSA Guadalupe Bridge Mandaluyong",MMDA Road Safety Unit,,96be84a5-cae9-43ff-b704-734246484482,2016-10-04,03:45:00,EDSA Lions Road Mandaluyong,0,0,0,0,0,0,0,0,0,0,2016-10-04 11:45,Property,14.5685496,121.0460027,Rear-End
None,EDSA,None,None,"No Accident Factor, No Collision Stated (based on Police Blotter Book), 0.0 drivers_injured, 0.0 drivers_killed, 0.0 passengers_injured, 0.0 passengers_killed, 0.0 pedestrian_injured, 0.0 pedestrian_killed, Fair (Day), EDSA Ortigas Ave. Mandaluyong",MMDA Road Safety Unit,,4c4aaec2-3cdb-40b7-93b5-c317e3ef8ce4,2016-10-03,21:00:00,"EDSA Boni MRT Station, Malamig Mandaluyong",0,0,0,0,0,0,0,0,0,0,2016-10-04 5:00,Property,14.59305232,121.0585643,No Collision Stated
None,EDSA,None,None,"No Accident Factor, No Collision Stated (based on Police Blotter Book), 0.0 drivers_injured, 0.0 drivers_killed, 0.0 passengers_injured, 0.0 passengers_killed, 0.0 pedestrian_injured, 0.0 pedestrian_killed, Fair (Day), EDSA Shell Gas Station, Highway Hills Mandaluyong",MMDA Road Safety Unit,,0e577d5e-d669-4327-b2fa-281e8324a23d,2016-10-03,18:00:00,"EDSA Robinsons Forum, Barangka Ilaya Mandaluyong",0,0,0,0,0,0,0,0,0,0,2016-10-04 2:00,Property,14.57692814,121.0503406,No Collision Stated
None,EDSA,None,None,"No Accident Factor, No Collision Stated (based on Police Blotter Book), 0.0 drivers_injured, 0.0 drivers_killed, 0.0 passengers_injured, 0.0 passengers_killed, 0.0 pedestrian_injured, 0.0 pedestrian_killed, Fair (Day), EDSA Ricoa, Highway Hills Mandaluyong",MMDA Road Safety Unit,,8bfce7bf-aca2-4c0f-93e0-511665b3be52,2016-10-03,17:00:00,"EDSA SM Megamall, Wack-Wack Mandaluyong",0,0,0,0,0,0,0,0,0,0,2016-10-04 1:00,Property,14.57597502,121.0499586,No Collision Stated
None,EDSA,None,None,"No Accident Factor, No Collision Stated (based on Police Blotter Book), 0.0 drivers_injured, 0.0 drivers_killed, 0.0 passengers_injured, 0.0 passengers_killed, 0.0 pedestrian_injured, 0.0 pedestrian_killed, Fair (Night), EDSA Shangrila Mandaluyong",MMDA Road Safety Unit,,8ee8e1b6-00df-4d38-a970-7a9dff775fcf,2016-10-03,12:15:00,"EDSA Boni MRT Station, Malamig Mandaluyong",0,0,0,0,0,0,0,0,0,0,2016-10-03 20:15,Property,14.58223571,121.0544805,No Collision Stated
None,EDSA,None,None,"No Accident Factor, No Collision Stated (based on Police Blotter Book), 0.0 drivers_injured, 0.0 drivers_killed, 0.0 passengers_injured, 0.0 passengers_killed, 0.0 pedestrian_injured, 0.0 pedestrian_killed, Fair (Night), EDSA Pioneer St. Mandaluyong",MMDA Road Safety Unit,,5551ebb9-75c2-499c-a917-f3f1a46b4e46,2016-10-03,11:30:00,"EDSA Madison St., Highway Hills Mandaluyong",0,0,0,0,0,0,0,0,0,0,2016-10-03 19:30,Property,14.57236671,121.0472702,No Collision Stated
None,EDSA,None,None,"No Accident Factor, No Collision Stated (based on Police Blotter Book), 0.0 drivers_injured, 0.0 drivers_killed, 0.0 passengers_injured, 0.0 passengers_killed, 0.0 pedestrian_injured, 0.0 pedestrian_killed, Fair (Day), EDSA Shaw Crossing, Shangrila Mall Mandaluyong",MMDA Road Safety Unit,,f5cc2488-81d9-4604-aadf-b6b92b92fa08,2016-10-02,06:45:00,EDSA Shaw Blvd.  Mandaluyong,0,0,0,0,0,0,0,0,0,0,2016-10-02 14:45,Property,14.58119822,121.0534578,No Collision Stated
None,EDSA,None,None,"No Accident Factor, No Collision Stated (based on Police Blotter Book), 0.0 drivers_injured, 0.0 drivers_killed, 1.0 passengers_injured, 0.0 passengers_killed, 0.0 pedestrian_injured, 0.0 pedestrian_killed, Fair (Day), EDSA Shell Gas Station, Highway Hills Mandaluyong",MMDA Road Safety Unit,,27fc2f50-416e-4262-b80b-5b45906fd75d,2016-10-02,00:00:00,"EDSA RICOA Manufacturing Plant., Highway Hills Mandaluyong",0,0,0,0,1,0,0,0,0,1,2016-10-02 8:00,Injury,14.57692814,121.0503406,No Collision Stated
None,EDSA,None,None,"No Accident Factor, No Collision Stated (based on Police Blotter Book), 0.0 drivers_injured, 0.0 drivers_killed, 0.0 passengers_injured, 0.0 passengers_killed, 0.0 pedestrian_injured, 0.0 pedestrian_killed, Fair (Night), EDSA Petron Gas Station, Malamig Mandaluyong",MMDA Road Safety Unit,,77249fd1-699e-4533-90dc-6570fbe5fef4,2016-10-01,10:55:00,"EDSA SM Megamall, Wack-Wack Mandaluyong",0,0,0,0,0,0,0,0,0,0,2016-10-01 18:55,Property,14.57721431,121.0505369,No Collision Stated
None,EDSA,None,None,"No Accident Factor, Rear-end, 0.0 drivers_injured, 0.0 drivers_killed, 0.0 passengers_injured, 0.0 passengers_killed, 0.0 pedestrian_injured, 0.0 pedestrian_killed, Fair (Day), EDSA Ortigas MRT Station Mandaluyong",MMDA Road Safety Unit,,2ec5c9a4-827e-4a6a-860a-da1ba2a89109,2016-10-01,08:30:00,EDSA Pinatubo St.  Mandaluyong,0,0,0,0,0,0,0,0,0,0,2016-10-01 16:30,Property,14.58789302,121.0566024,Rear-End
None,EDSA,None,None,"No Accident Factor, No Collision Stated (based on Police Blotter Book), 1.0 drivers_injured, 0.0 drivers_killed, 0.0 passengers_injured, 0.0 passengers_killed, 0.0 pedestrian_injured, 0.0 pedestrian_killed, Fair (Day), EDSA V. R. Potenciano Med. Ctr. Mandaluyong",MMDA Road Safety Unit,,10a8eee6-1c63-45ba-81c7-d935fcb334f0,2016-09-30,20:20:00,"EDSA RICOA Manufacturing Plant., Highway Hills Mandaluyong",0,0,0,1,0,0,0,0,0,1,2016-10-01 4:20,Injury,14.57684342,121.0502966,No Collision Stated
None,EDSA,None,None,"No Accident Factor, Rear-end, 0.0 drivers_injured, 0.0 drivers_killed, 0.0 passengers_injured, 0.0 passengers_killed, 0.0 pedestrian_injured, 0.0 pedestrian_killed, Fair (Day), EDSA PGA Cars Mandaluyong",MMDA Road Safety Unit,,28c1dbe2-4b37-444d-ac69-2dbd68eed6a7,2016-09-30,07:40:00,"EDSA Pavillion, Highway Hills Mandaluyong",0,0,0,0,0,0,0,0,0,0,2016-09-30 15:40,Property,14.59623028,121.0592439,Rear-End
None,EDSA,None,None,"No Accident Factor, Side Swipe, 0.0 drivers_injured, 0.0 drivers_killed, 0.0 passengers_injured, 0.0 passengers_killed, 0.0 pedestrian_injured, 0.0 pedestrian_killed, Fair (Day), EDSA Pinatubo St. Mandaluyong",MMDA Road Safety Unit,,5b9b98ce-5228-4eea-873e-e56733e53715,2016-09-30,06:00:00,"EDSA J. Vargas St., Wack-wack Mandaluyong",0,0,0,0,0,0,0,0,0,0,2016-09-30 14:00,Property,14.57321369,121.0476439,Side Swipe
None,EDSA,None,None,"No Accident Factor, No Collision Stated (based on Police Blotter Book), 0.0 drivers_injured, 0.0 drivers_killed, 0.0 passengers_injured, 0.0 passengers_killed, 0.0 pedestrian_injured, 0.0 pedestrian_killed, Fair (Day), EDSA Shaw Blvd. Mandaluyong",MMDA Road Safety Unit,,04199d1d-b5d7-4d84-b4b5-01e589c33b0f,2016-09-29,22:30:00,"EDSA Robinsons Forum, Barangka Ilaya Mandaluyong",0,0,0,0,0,0,0,0,0,0,2016-09-30 6:30,Property,14.58119822,121.0534578,No Collision Stated
None,EDSA,None,None,"No Accident Factor, No Collision Stated (based on Police Blotter Book), 0.0 drivers_injured, 0.0 drivers_killed, 0.0 passengers_injured, 0.0 passengers_killed, 0.0 pedestrian_injured, 0.0 pedestrian_killed, Fair (Day), EDSA Reliance St. Mandaluyong",MMDA Road Safety Unit,,af0794c7-6b54-4415-a9f4-fd8ddf8dc853,2016-09-28,20:30:00,EDSA Shangri-La Mall / SM Megamall Mandaluyong,0,0,0,0,0,0,0,0,0,0,2016-09-29 4:30,Property,14.57669064,121.0504494,No Collision Stated
None,EDSA,None,None,"No Accident Factor, No Collision Stated (based on Police Blotter Book), 0.0 drivers_injured, 0.0 drivers_killed, 0.0 passengers_injured, 0.0 passengers_killed, 0.0 pedestrian_injured, 0.0 pedestrian_killed, Fair (Day), EDSA Starmall Mandaluyong",MMDA Road Safety Unit,,fab1a376-7324-466f-a9b4-d8fb5910117c,2016-09-28,18:00:00,"EDSA Crossing, Highway Hills Mandaluyong",0,0,0,0,0,0,0,0,0,0,2016-09-29 2:00,Property,14.58198795,121.0540368,No Collision Stated
None,EDSA,None,None,"No Accident Factor, No Collision Stated (based on Police Blotter Book), 0.0 drivers_injured, 0.0 drivers_killed, 0.0 passengers_injured, 0.0 passengers_killed, 0.0 pedestrian_injured, 0.0 pedestrian_killed, Fair (Night), EDSA Shaw Blvd. Mandaluyong",MMDA Road Safety Unit,,b5464615-dd33-4086-b4e0-b5db5cf2bb31,2016-09-28,15:00:00,"EDSA Pioneer St., Barangka Ilaya Mandaluyong",0,0,0,0,0,0,0,0,0,0,2016-09-28 23:00,Property,14.58119822,121.0534578,No Collision Stated
None,EDSA,None,None,"No Accident Factor, No Collision Stated (based on Police Blotter Book), 0.0 drivers_injured, 0.0 drivers_killed, 0.0 passengers_injured, 0.0 passengers_killed, 0.0 pedestrian_injured, 0.0 pedestrian_killed, Fair (Day), EDSA Crossing, Highway Hills Mandaluyong",MMDA Road Safety Unit,,f9dc86ee-cea6-4fe3-9040-a3f091701299,2016-09-28,02:30:00,"EDSA Shell Gas station, Wack Wack Mandaluyong",0,0,0,0,0,0,0,0,0,0,2016-09-28 10:30,Property,14.58212391,121.0540758,No Collision Stated
None,EDSA,None,None,"No Accident Factor, No Collision Stated (based on Police Blotter Book), 0.0 drivers_injured, 0.0 drivers_killed, 0.0 passengers_injured, 0.0 passengers_killed, 0.0 pedestrian_injured, 0.0 pedestrian_killed, Fair (Day), EDSA Apo St. Mandaluyong",MMDA Road Safety Unit,,0ba57c2d-3259-4ef8-8b21-4bbb9a678df2,2016-09-27,23:30:00,"EDSA United St., Highway Hills Mandaluyong",0,0,0,0,0,0,0,0,0,0,2016-09-28 7:30,Property,14.5715578,121.046752,No Collision Stated
None,EDSA,None,None,"No Accident Factor, No Collision Stated (based on Police Blotter Book), 0.0 drivers_injured, 0.0 drivers_killed, 0.0 passengers_injured, 0.0 passengers_killed, 0.0 pedestrian_injured, 0.0 pedestrian_killed, Fair (Day), EDSA PGA Cars, Wack Wack Mandaluyong",MMDA Road Safety Unit,,7a4c2184-3ab1-49aa-9329-ef433da48250,2016-09-27,19:30:00,"EDSA Amber, Barangka Ilaya Mandaluyong",0,0,0,0,0,0,0,0,0,0,2016-09-28 3:30,Property,14.59623028,121.0592439,No Collision Stated
None,EDSA,None,None,"No Accident Factor, No Collision Stated (based on Police Blotter Book), 0.0 drivers_injured, 0.0 drivers_killed, 0.0 passengers_injured, 0.0 passengers_killed, 0.0 pedestrian_injured, 0.0 pedestrian_killed, Fair (Day), EDSA Shaw Blvd. Mandaluyong",MMDA Road Safety Unit,,2e00ea14-a7c0-4066-97c0-7a2ea4d44a92,2016-09-27,18:30:00,EDSA Ortigas Crossing Mandaluyong,0,0,0,0,0,0,0,0,0,0,2016-09-28 2:30,Property,14.58119822,121.0534578,No Collision Stated
None,EDSA,None,None,"No Accident Factor, No Collision Stated (based on Police Blotter Book), 0.0 drivers_injured, 0.0 drivers_killed, 0.0 passengers_injured, 0.0 passengers_killed, 0.0 pedestrian_injured, 0.0 pedestrian_killed, Fair (Night), EDSA United St. Mandaluyong",MMDA Road Safety Unit,,3579c836-e952-406d-93d2-9c4d6cc4f089,2016-09-27,13:30:00,"EDSA Shell Gas station, Highway Hills Mandaluyong",0,0,0,0,0,0,0,0,0,0,2016-09-27 21:30,Property,14.57931229,121.0523819,No Collision Stated
None,EDSA,None,None,"No Accident Factor, No Collision Stated (based on Police Blotter Book), 0.0 drivers_injured, 0.0 drivers_killed, 0.0 passengers_injured, 0.0 passengers_killed, 0.0 pedestrian_injured, 0.0 pedestrian_killed, Fair (Night), EDSA Pioneer St. Mandaluyong",MMDA Road Safety Unit,,1b661532-575b-4e6e-9ffa-452d9905dc4c,2016-09-27,09:30:00,EDSA Reliance St. Mandaluyong,0,0,0,0,0,0,0,0,0,0,2016-09-27 17:30,Property,14.57236671,121.0472702,No Collision Stated
None,EDSA,None,None,"No Accident Factor, Side Swipe, 0.0 drivers_injured, 0.0 drivers_killed, 0.0 passengers_injured, 0.0 passengers_killed, 0.0 pedestrian_injured, 0.0 pedestrian_killed, Fair (Day), EDSA Libertad Mandaluyong",MMDA Road Safety Unit,,b6e7bdb9-18a9-4b1e-825f-c9c4d920a5d8,2016-09-27,06:45:00,"EDSA Crossing, Wack-wack Mandaluyong",0,0,0,0,0,0,0,0,0,0,2016-09-27 14:45,Property,14.57859094,121.0516172,Side Swipe
None,EDSA,None,None,"No Accident Factor, Rear-end, 0.0 drivers_injured, 0.0 drivers_killed, 0.0 passengers_injured, 0.0 passengers_killed, 0.0 pedestrian_injured, 0.0 pedestrian_killed, Fair (Day), EDSA Starmall Mandaluyong",MMDA Road Safety Unit,,74375bc9-19bc-4eb0-a95a-d636c54d37f5,2016-09-27,03:45:00,"EDSA MRT-Boni Station, Highway Hills Mandaluyong",0,0,0,0,0,0,0,0,0,0,2016-09-27 11:45,Property,14.58198795,121.0540368,Rear-End
None,EDSA,None,None,"No Accident Factor, No Collision Stated (based on Police Blotter Book), 0.0 drivers_injured, 0.0 drivers_killed, 0.0 passengers_injured, 0.0 passengers_killed, 0.0 pedestrian_injured, 0.0 pedestrian_killed, Fair (Day), EDSA Florida St. Mandaluyong",MMDA Road Safety Unit,,f68ffabf-a0e9-4a4a-a61b-4efd9bab5431,2016-09-26,00:55:00,"EDSA Petron Gas station, Highway Hills Mandaluyong",0,0,0,0,0,0,0,0,0,0,2016-09-26 8:55,Property,14.59428618,121.0585864,No Collision Stated
None,EDSA,None,None,"No Accident Factor, No Collision Stated (based on Police Blotter Book), 0.0 drivers_injured, 0.0 drivers_killed, 0.0 passengers_injured, 0.0 passengers_killed, 0.0 pedestrian_injured, 0.0 pedestrian_killed, Fair (Day), EDSA Shell Gas Station, Highway Hills Mandaluyong",MMDA Road Safety Unit,,f2eb8e26-4453-461f-9a77-64799c3ada49,2016-09-25,08:15:00,"EDSA V. R. Potenciano Medical Center, Highway Hills Mandaluyong",0,0,0,0,0,0,0,0,0,0,2016-09-25 16:15,Property,14.57692814,121.0503406,No Collision Stated
None,EDSA,None,None,"No Accident Factor, Hit Object (Post-Concrete), 0.0 drivers_injured, 0.0 drivers_killed, 0.0 passengers_injured, 0.0 passengers_killed, 0.0 pedestrian_injured, 0.0 pedestrian_killed, Fair (Day), EDSA Ortigas Ave. Mandaluyong",MMDA Road Safety Unit,,604f9c4e-4c7f-486a-9006-8ee0fc447006,2016-09-25,00:00:00,"EDSA SM Megamall Bldg. A, Wack Wack Mandaluyong",0,0,0,0,0,0,0,0,0,0,2016-09-25 8:00,Property,14.59305232,121.0585643,Hit Object
None,EDSA,None,None,"No Accident Factor, No Collision Stated (based on Police Blotter Book), 0.0 drivers_injured, 0.0 drivers_killed, 0.0 passengers_injured, 0.0 passengers_killed, 0.0 pedestrian_injured, 0.0 pedestrian_killed, Fair (Night), EDSA SM Megamall, Wack Wack Mandaluyong",MMDA Road Safety Unit,,49398e9c-73f5-45fa-b23e-8cc94423a959,2016-09-24,16:45:00,"EDSA Shangri-La Plaza, Wack Wack Mandaluyong",0,0,0,0,0,0,0,0,0,0,2016-09-25 0:45,Property,14.58501645,121.0558372,No Collision Stated
None,EDSA,None,None,"No Accident Factor, No Collision Stated (based on Police Blotter Book), 0.0 drivers_injured, 0.0 drivers_killed, 0.0 passengers_injured, 0.0 passengers_killed, 0.0 pedestrian_injured, 0.0 pedestrian_killed, Fair (Night), EDSA Starmall, Wack Wack Mandaluyong",MMDA Road Safety Unit,,1eba4e05-d0b3-4624-8741-8058a3e03af4,2016-09-24,14:45:00,"EDSA POEA, Ortigas Ave., Wack Wack Mandaluyong",0,0,0,0,0,0,0,0,0,0,2016-09-24 22:45,Property,14.58198795,121.0540368,No Collision Stated
None,EDSA,None,None,"No Accident Factor, No Collision Stated (based on Police Blotter Book), 0.0 drivers_injured, 0.0 drivers_killed, 0.0 passengers_injured, 0.0 passengers_killed, 0.0 pedestrian_injured, 0.0 pedestrian_killed, Fair (Day), EDSA United St., Highway Hills Mandaluyong",MMDA Road Safety Unit,,d6b8a1de-cdc0-4f14-8da3-e357f2012d6b,2016-09-24,03:50:00,"EDSA Kamayan Restaurant, Wack Wack Mandaluyong",0,0,0,0,0,0,0,0,0,0,2016-09-24 11:50,Property,14.57931229,121.0523819,No Collision Stated
None,EDSA,None,None,"No Accident Factor, No Collision Stated (based on Police Blotter Book), 0.0 drivers_injured, 0.0 drivers_killed, 0.0 passengers_injured, 0.0 passengers_killed, 0.0 pedestrian_injured, 0.0 pedestrian_killed, Fair (Night), EDSA Avida Tower, Highway Hill Mandaluyong",MMDA Road Safety Unit,,bd3583a0-b1ff-4f0b-b5ed-e6179e43bf50,2016-09-23,17:20:00,"EDSA Crossing, Wack Wack Mandaluyong",0,0,0,0,0,0,0,0,0,0,2016-09-24 1:20,Property,14.577147,121.0507806,No Collision Stated
None,EDSA,None,None,"No Accident Factor, No Collision Stated (based on Police Blotter Book), 0.0 drivers_injured, 0.0 drivers_killed, 0.0 passengers_injured, 0.0 passengers_killed, 0.0 pedestrian_injured, 0.0 pedestrian_killed, Fair (Night), EDSA Pinatubo St., Malamig Mandaluyong",MMDA Road Safety Unit,,2b21f19d-f7c9-48b7-854c-62f8ebbf22ba,2016-09-23,11:45:00,EDSA Pinatubo St. Mandaluyong,0,0,0,0,0,0,0,0,0,0,2016-09-23 19:45,Property,14.57321369,121.0476439,No Collision Stated
None,EDSA,None,None,"No Accident Factor, Angle Impact, 0.0 drivers_injured, 0.0 drivers_killed, 0.0 passengers_injured, 0.0 passengers_killed, 0.0 pedestrian_injured, 0.0 pedestrian_killed, Fair (Day), EDSA Paragon Bldg. Mandaluyong",MMDA Road Safety Unit,,56dd4dba-97e9-48fa-ab66-3e7740b9c0e7,2016-09-23,05:40:00,EDSA SM Megamall Mandaluyong,0,0,0,0,0,0,0,0,0,0,2016-09-23 13:40,Property,14.57639395,121.0502515,Angle Impact
None,EDSA,None,None,"No Accident Factor, No Collision Stated (based on Police Blotter Book), 0.0 drivers_injured, 0.0 drivers_killed, 0.0 passengers_injured, 0.0 passengers_killed, 0.0 pedestrian_injured, 0.0 pedestrian_killed, Fair (Day), EDSA Shell Gas Station, Wack Wack Mandaluyong",MMDA Road Safety Unit,,c9ada6db-a65d-4b6a-b371-db0000ef37d1,2016-09-22,23:50:00,"EDSA SM Megamall, Wack Wack Mandaluyong",0,0,0,0,0,0,0,0,0,0,2016-09-23 7:50,Property,14.59925642,121.0596191,No Collision Stated