LOCATION_TEXT,ROAD,WEATHER,LIGHT,DESC,REPORTING_AGENCY,MAIN_CAUSE,INCIDENTDETAILS_ID,DATE_UTC,TIME_UTC,ADDRESS,killed_driver,killed_passenger,killed_pedestrian,injured_driver,injured_passenger,injured_pedestrian,killed_uncategorized,injured_uncategorized,killed_total,injured_total,DATETIME_PST,SEVERITY,Y,X,COLLISION_TYPE
None,EDSA,None,None,"No Accident Factor, No Collision Stated (based on Police Blotter Book), 0.0 drivers_injured, 0.0 drivers_killed, 0.0 passengers_injured, 0.0 passengers_killed, 0.0 pedestrian_injured, 0.0 pedestrian_killed, Fair (Night), EDSA Ortigas Ave., Wack-wack Mandaluyong",MMDA Road Safety Unit,,19f73a00-e7cf-491f-8dea-090cc6a88469,2016-09-20,19:30:00,"EDSA SM Megamall, Wack Wack Mandaluyong",0,0,0,0,0,0,0,0,0,0,2016-09-21 3:30,Property,14.59330619,121.0582659,No Collision Stated
None,EDSA,None,None,"No Accident Factor, No Collision Stated (based on Police Blotter Book), 0.0 drivers_injured, 0.0 drivers_killed, 0.0 passengers_injured, 0.0 passengers_killed, 0.0 pedestrian_injured, 0.0 pedestrian_killed, Fair (Night), EDSA SM Megamall, Wack Wack Mandaluyong",MMDA Road Safety Unit,,e902cb87-eac5-4a59-b756-1bd767fd2bc6,2016-09-20,13:30:00,"EDSA SM Megamall, Wack Wack Mandaluyong",0,0,0,0,0,0,0,0,0,0,2016-09-20 21:30,Property,14.58501645,121.0558372,No Collision Stated
None,EDSA,None,None,"No Accident Factor, No Collision Stated (based on Police Blotter Book), 0.0 drivers_injured, 0.0 drivers_killed, 0.0 passengers_injured, 0.0 passengers_killed, 0.0 pedestrian_injured, 0.0 pedestrian_killed, Fair (Night), EDSA Go Hotel Mandaluyong",MMDA Road Safety Unit,,5c6968a2-58e6-4537-92da-64e81343f2a4,2016-09-20,12:45:00,"EDSA Pioneer St., Barangka Ilaya Mandaluyong",0,0,0,0,0,0,0,0,0,0,2016-09-20 20:45,Property,14.57001193,121.0464575,No Collision Stated
None,EDSA,None,None,"No Accident Factor, Multiple Collision, 0.0 drivers_injured, 0.0 drivers_killed, 0.0 passengers_injured, 0.0 passengers_killed, 0.0 pedestrian_injured, 0.0 pedestrian_killed, Fair (Night), EDSA Barrio Fiesta Mandaluyong",MMDA Road Safety Unit,,3ec6eab9-3a47-4a93-9438-6f106f8c5454,2016-09-20,10:30:00,"EDSA SM Megamall Loading Bay, Wack Wack Mandaluyong",0,0,0,0,0,0,0,0,0,0,2016-09-20 18:30,Property,14.59767066,121.0595593,Multiple
None,EDSA,None,None,"No Accident Factor, No Collision Stated (based on Police Blotter Book), 0.0 drivers_injured, 0.0 drivers_killed, 0.0 passengers_injured, 0.0 passengers_killed, 0.0 pedestrian_injured, 0.0 pedestrian_killed, Fair (Day), EDSA Highway 54, Wack-wack Mandaluyong",MMDA Road Safety Unit,,6f39ea04-c961-4363-b14b-9fb07a06f074,2016-09-19,08:10:00,"EDSA Pinatubo St., Malamig Mandaluyong",0,0,0,0,0,0,0,0,0,0,2016-09-19 16:10,Property,14.58500097,121.0556243,No Collision Stated
None,EDSA,None,None,"No Accident Factor, No Collision Stated (based on Police Blotter Book), 0.0 drivers_injured, 0.0 drivers_killed, 0.0 passengers_injured, 0.0 passengers_killed, 0.0 pedestrian_injured, 0.0 pedestrian_killed, Fair (Day), EDSA Shell Gas Station, Highway Hills Mandaluyong",MMDA Road Safety Unit,,8fb26654-4621-409f-b493-aa66fcef1db9,2016-09-18,22:10:00,"EDSA Julia Vargas, Wack Wack Mandaluyong",0,0,0,0,0,0,0,0,0,0,2016-09-19 6:10,Property,14.57692814,121.0503406,No Collision Stated
None,EDSA,None,None,"No Accident Factor, No Collision Stated (based on Police Blotter Book), 0.0 drivers_injured, 0.0 drivers_killed, 0.0 passengers_injured, 0.0 passengers_killed, 0.0 pedestrian_injured, 0.0 pedestrian_killed, Fair (Night), EDSA Boni MRT Station, Malamig Mandaluyong",MMDA Road Safety Unit,,577f16ee-cfd3-4e87-852a-3ac26599acae,2016-09-18,21:10:00,EDSA Ortigas Ave. Mandaluyong,0,0,0,0,0,0,0,0,0,0,2016-09-19 5:10,Property,14.57372098,121.0479555,No Collision Stated
None,EDSA,None,None,"No Accident Factor, No Collision Stated (based on Police Blotter Book), 0.0 drivers_injured, 0.0 drivers_killed, 0.0 passengers_injured, 0.0 passengers_killed, 0.0 pedestrian_injured, 0.0 pedestrian_killed, Fair (Day), EDSA Julia Vargas St., Wack-wack Mandaluyong",MMDA Road Safety Unit,,bcb0c3ae-9032-4212-bca0-0bffb159c7d8,2016-09-17,07:30:00,"EDSA ""U"" turn slot, Ortigas Ave. Mandaluyong",0,0,0,0,0,0,0,0,0,0,2016-09-17 15:30,Property,14.58458553,121.0557595,No Collision Stated
None,EDSA,None,None,"No Accident Factor, No Collision Stated (based on Police Blotter Book), 0.0 drivers_injured, 0.0 drivers_killed, 0.0 passengers_injured, 0.0 passengers_killed, 0.0 pedestrian_injured, 0.0 pedestrian_killed, Fair (Day), EDSA United St., Highway Hills Mandaluyong",MMDA Road Safety Unit,,151a7716-781f-4cd6-bac2-74d1bfbbd362,2016-09-16,09:45:00,"EDSA Reliance St., Highway Hills Mandaluyong",0,0,0,0,0,0,0,0,0,0,2016-09-16 17:45,Property,14.57931229,121.0523819,No Collision Stated
None,EDSA,None,None,"No Accident Factor, No Collision Stated (based on Police Blotter Book), 0.0 drivers_injured, 0.0 drivers_killed, 0.0 passengers_injured, 0.0 passengers_killed, 0.0 pedestrian_injured, 0.0 pedestrian_killed, Fair (Day), EDSA Reliance St., Highway Hills Mandaluyong",MMDA Road Safety Unit,,7eb4080e-8878-4ba2-a148-cff8f5b21967,2016-09-16,07:25:00,"EDSA Julia Vargas, Wack Wack Mandaluyong",0,0,0,0,0,0,0,0,0,0,2016-09-16 15:25,Property,14.57669064,121.0504494,No Collision Stated
None,EDSA,None,None,"No Accident Factor, Rear-end, 0.0 drivers_injured, 0.0 drivers_killed, 0.0 passengers_injured, 0.0 passengers_killed, 0.0 pedestrian_injured, 0.0 pedestrian_killed, Fair (Day), EDSA Pioneer St. Mandaluyong",MMDA Road Safety Unit,,8c049530-8116-4f80-b228-61f4078a5e6d,2016-09-16,00:00:00,"EDSA Boni MRT Station, Malamig Mandaluyong",0,0,0,0,0,0,0,0,0,0,2016-09-16 8:00,Property,14.57236671,121.0472702,Rear-End
None,EDSA,None,None,"No Accident Factor, No Collision Stated (based on Police Blotter Book), 0.0 drivers_injured, 0.0 drivers_killed, 0.0 passengers_injured, 0.0 passengers_killed, 0.0 pedestrian_injured, 0.0 pedestrian_killed, Fair (Day), EDSA Shell Gas Station, Highway Hills Mandaluyong",MMDA Road Safety Unit,,bf825314-52e8-4716-b1c9-d890b8e0232d,2016-09-15,22:00:00,"EDSA SM Megamall, Wack Wack Mandaluyong",0,0,0,0,0,0,0,0,0,0,2016-09-16 6:00,Property,14.57692814,121.0503406,No Collision Stated
None,EDSA,None,None,"No Accident Factor, Hit and Run (No Collision Stated), 0.0 drivers_injured, 0.0 drivers_killed, 0.0 passengers_injured, 0.0 passengers_killed, 0.0 pedestrian_injured, 0.0 pedestrian_killed, Fair (Night), EDSA Highway 54 Mandaluyong",MMDA Road Safety Unit,,7cbd1981-527e-40d4-9862-133935bdb181,2016-09-15,10:00:00,EDSA Connecticut St. Mandaluyong,0,0,0,0,0,0,0,0,0,0,2016-09-15 18:00,Property,14.58500097,121.0556243,No Collision Stated
None,EDSA,None,None,"No Accident Factor, Rear-end, 0.0 drivers_injured, 0.0 drivers_killed, 0.0 passengers_injured, 0.0 passengers_killed, 0.0 pedestrian_injured, 0.0 pedestrian_killed, Fair (Day), EDSA Shaw Blvd., Wack-wack Mandaluyong",MMDA Road Safety Unit,,067488c1-d212-4e62-bf1a-791feeef2d7c,2016-09-15,08:30:00,"EDSA Julia Vargas, Wack Wack Mandaluyong",0,0,0,0,0,0,0,0,0,0,2016-09-15 16:30,Property,14.58119822,121.0534578,Rear-End
None,EDSA,None,None,"No Accident Factor, No Collision Stated (based on Police Blotter Book), 0.0 drivers_injured, 0.0 drivers_killed, 0.0 passengers_injured, 0.0 passengers_killed, 0.0 pedestrian_injured, 0.0 pedestrian_killed, Fair (Day), EDSA Crossing, Wack-wack Mandaluyong",MMDA Road Safety Unit,,1fbefc7a-fc1e-417c-9991-cffc56aa83bb,2016-09-15,08:00:00,EDSA Connecticut St. Mandaluyong,0,0,0,0,0,0,0,0,0,0,2016-09-15 16:00,Property,14.58212391,121.0540758,No Collision Stated
None,EDSA,None,None,"No Accident Factor, No Collision Stated (based on Police Blotter Book), 1.0 drivers_injured, 0.0 drivers_killed, 0.0 passengers_injured, 0.0 passengers_killed, 0.0 pedestrian_injured, 0.0 pedestrian_killed, Fair (Day), EDSA MRT-Ortigas Station, Wack-wack Mandaluyong",MMDA Road Safety Unit,,02b65a40-6488-4b74-a124-86faa322aafa,2016-09-15,02:30:00,"EDSA Banco De Oro, Ortigas Mandaluyong",0,0,0,1,0,0,0,0,0,1,2016-09-15 10:30,Injury,14.58786167,121.056685,No Collision Stated
None,EDSA,None,None,"No Accident Factor, No Collision Stated (based on Police Blotter Book), 0.0 drivers_injured, 0.0 drivers_killed, 0.0 passengers_injured, 0.0 passengers_killed, 0.0 pedestrian_injured, 0.0 pedestrian_killed, Fair (Night), EDSA Reliance St., Highway Hills Mandaluyong",MMDA Road Safety Unit,,dc795f7b-52a4-488f-8e93-be9b329fe4f2,2016-09-14,19:00:00,"EDSA Robinsons Forum, Pioneer, Ilaya Mandaluyong",0,0,0,0,0,0,0,0,0,0,2016-09-15 3:00,Property,14.57669064,121.0504494,No Collision Stated
None,EDSA,None,None,"No Accident Factor, No Collision Stated (based on Police Blotter Book), 0.0 drivers_injured, 0.0 drivers_killed, 0.0 passengers_injured, 0.0 passengers_killed, 0.0 pedestrian_injured, 0.0 pedestrian_killed, Fair (Day), EDSA Pinatubo St., Malamig Mandaluyong",MMDA Road Safety Unit,,ff55ce46-60ad-4975-855d-a24707ae0695,2016-09-14,06:00:00,"EDSA Poveda School, Wack Wack Mandaluyong",0,0,0,0,0,0,0,0,0,0,2016-09-14 14:00,Property,14.57321369,121.0476439,No Collision Stated
None,EDSA,None,None,"No Accident Factor, No Collision Stated (based on Police Blotter Book), 0.0 drivers_injured, 0.0 drivers_killed, 0.0 passengers_injured, 0.0 passengers_killed, 0.0 pedestrian_injured, 0.0 pedestrian_killed, Fair (Day), EDSA Robinsons Mall, Barangka Ilaya Mandaluyong",MMDA Road Safety Unit,,1e1cb845-aa41-4cec-8990-592f3ffb839f,2016-09-14,06:00:00,"EDSA Ortigas Ave., Wack Wack Mandaluyong",0,0,0,0,0,0,0,0,0,0,2016-09-14 14:00,Property,14.57161544,121.0469258,No Collision Stated
None,EDSA,None,None,"No Accident Factor, No Collision Stated (based on Police Blotter Book), 0.0 drivers_injured, 0.0 drivers_killed, 0.0 passengers_injured, 0.0 passengers_killed, 0.0 pedestrian_injured, 0.0 pedestrian_killed, Fair (Day), EDSA Crossing, Highway Hills Mandaluyong",MMDA Road Safety Unit,,2a1d4318-8ad1-4d2f-9bfc-91978d4657ab,2016-09-14,02:05:00,"EDSA V.R. Potenciano Medical Center, Highway Hills Mandaluyong",0,0,0,0,0,0,0,0,0,0,2016-09-14 10:05,Property,14.58212391,121.0540758,No Collision Stated
None,EDSA,None,None,"No Accident Factor, No Collision Stated (based on Police Blotter Book), 0.0 drivers_injured, 0.0 drivers_killed, 0.0 passengers_injured, 0.0 passengers_killed, 0.0 pedestrian_injured, 0.0 pedestrian_killed, Fair (Day), EDSA Boni Ave. Mandaluyong",MMDA Road Safety Unit,,33578c94-22f8-4982-a33b-2fd58cb327d3,2016-09-13,23:30:00,"EDSA Julia Vargas, Wack Wack Mandaluyong",0,0,0,0,0,0,0,0,0,0,2016-09-14 7:30,Property,14.57242918,121.0471629,No Collision Stated
None,EDSA,None,None,"No Accident Factor, No Collision Stated (based on Police Blotter Book), 0.0 drivers_injured, 0.0 drivers_killed, 0.0 passengers_injured, 0.0 passengers_killed, 0.0 pedestrian_injured, 0.0 pedestrian_killed, Fair (Day), EDSA Reliance St., Highway Hills Mandaluyong",MMDA Road Safety Unit,,36ac7750-5864-4e8f-ba4e-82ebbc8f84bd,2016-09-13,02:00:00,"EDSA Sultan St., Highway Hills Mandaluyong",0,0,0,0,0,0,0,0,0,0,2016-09-13 10:00,Property,14.57669064,121.0504494,No Collision Stated
None,EDSA,None,None,"No Accident Factor, No Collision Stated (based on Police Blotter Book), 0.0 drivers_injured, 0.0 drivers_killed, 0.0 passengers_injured, 0.0 passengers_killed, 0.0 pedestrian_injured, 0.0 pedestrian_killed, Fair (Day), EDSA Pinatubo St., Malamig Mandaluyong",MMDA Road Safety Unit,,482cba42-759f-4a55-ac82-7d71840be090,2016-09-12,22:45:00,"EDSA Julia Vargas, Wack Wack Mandaluyong",0,0,0,0,0,0,0,0,0,0,2016-09-13 6:45,Property,14.57321369,121.0476439,No Collision Stated
None,EDSA,None,None,"No Accident Factor, No Collision Stated (based on Police Blotter Book), 0.0 drivers_injured, 0.0 drivers_killed, 0.0 passengers_injured, 0.0 passengers_killed, 0.0 pedestrian_injured, 0.0 pedestrian_killed, Fair (Day), EDSA G. A. Tower, Malamig Mandaluyong",MMDA Road Safety Unit,,22c21f42-8837-4c11-b378-b90c62a4be59,2016-09-12,22:30:00,EDSA Apo St. Mandaluyong,0,0,0,0,0,0,0,0,0,0,2016-09-13 6:30,Property,14.57386012,121.0480107,No Collision Stated
None,EDSA,None,None,"No Accident Factor, Side Swipe, 0.0 drivers_injured, 0.0 drivers_killed, 0.0 passengers_injured, 0.0 passengers_killed, 0.0 pedestrian_injured, 0.0 pedestrian_killed, Fair (Day), EDSA Starmall Mandaluyong",MMDA Road Safety Unit,,419a9bf0-7a23-449e-bd18-93746406ed50,2016-09-12,08:00:00,EDSA Starmall Mandaluyong,0,0,0,0,0,0,0,0,0,0,2016-09-12 16:00,Property,14.58198795,121.0540368,Side Swipe
None,EDSA,None,None,"No Accident Factor, No Collision Stated (based on Police Blotter Book), 0.0 drivers_injured, 0.0 drivers_killed, 0.0 passengers_injured, 0.0 passengers_killed, 0.0 pedestrian_injured, 0.0 pedestrian_killed, Fair (Night), EDSA GO Hotel, Barangka Ilaya Mandaluyong",MMDA Road Safety Unit,,eb49ecc7-6421-4ba9-8deb-b562ed060122,2016-09-11,14:30:00,EDSA Reliance St. Mandaluyong,0,0,0,0,0,0,0,0,0,0,2016-09-11 22:30,Property,14.57001193,121.0464575,No Collision Stated
None,EDSA,None,None,"No Accident Factor, No Collision Stated (based on Police Blotter Book), 0.0 drivers_injured, 0.0 drivers_killed, 0.0 passengers_injured, 0.0 passengers_killed, 0.0 pedestrian_injured, 0.0 pedestrian_killed, Fair (Night), EDSA SM Megamall, Wack Wack Mandaluyong",MMDA Road Safety Unit,,408ef8ad-fc5d-4373-b68c-3dd4dc49708a,2016-09-10,16:45:00,EDSA Starmall Mandaluyong,0,0,0,0,0,0,0,0,0,0,2016-09-11 0:45,Property,14.58501645,121.0558372,No Collision Stated
None,EDSA,None,None,"No Accident Factor, Rear-end, 0.0 drivers_injured, 0.0 drivers_killed, 0.0 passengers_injured, 0.0 passengers_killed, 0.0 pedestrian_injured, 0.0 pedestrian_killed, Fair (Day), EDSA GO Hotel Mandaluyong",MMDA Road Safety Unit,,acc6b5ae-2d93-4804-9157-81cd9c506be8,2016-09-10,09:00:00,EDSA Boni Ave.  Mandaluyong,0,0,0,0,0,0,0,0,0,0,2016-09-10 17:00,Property,14.57001193,121.0464575,Rear-End
None,EDSA,None,None,"No Accident Factor, Rear-end, 0.0 drivers_injured, 0.0 drivers_killed, 0.0 passengers_injured, 0.0 passengers_killed, 0.0 pedestrian_injured, 0.0 pedestrian_killed, Fair (Night), EDSA Shaw Blvd. Traffic Light Mandaluyong",MMDA Road Safety Unit,,cbfcaead-70f1-4526-85b2-aa9f1efe4e2c,2016-09-09,16:35:00,EDSA Starmall Mandaluyong,0,0,0,0,0,0,0,0,0,0,2016-09-10 0:35,Property,14.58119822,121.0534578,Rear-End
None,EDSA,None,None,"No Accident Factor, Rear-end, 0.0 drivers_injured, 0.0 drivers_killed, 0.0 passengers_injured, 0.0 passengers_killed, 0.0 pedestrian_injured, 0.0 pedestrian_killed, Fair (Night), EDSA Shaw Blvd. Mandaluyong",MMDA Road Safety Unit,,cbd26c17-b2ad-476d-80bf-bbbe06582bec,2016-09-09,13:00:00,EDSA Shaw Blvd. Mandaluyong,0,0,0,0,0,0,0,0,0,0,2016-09-09 21:00,Property,14.58119822,121.0534578,Rear-End
None,EDSA,None,None,"No Accident Factor, Angle Impact, 0.0 drivers_injured, 0.0 drivers_killed, 0.0 passengers_injured, 0.0 passengers_killed, 0.0 pedestrian_injured, 0.0 pedestrian_killed, Fair (Night), EDSA United St. Mandaluyong",MMDA Road Safety Unit,,3427f162-d97d-4d22-bcab-223035e2cc18,2016-09-09,10:55:00,"EDSA Shell Gas Station, Highway Hills Mandaluyong",0,0,0,0,0,0,0,0,0,0,2016-09-09 18:55,Property,14.57931229,121.0523819,Angle Impact
None,EDSA,None,None,"No Accident Factor, No Collision Stated (based on Police Blotter Book), 0.0 drivers_injured, 0.0 drivers_killed, 0.0 passengers_injured, 0.0 passengers_killed, 0.0 pedestrian_injured, 0.0 pedestrian_killed, Fair (Day), EDSA D. M. Guevarra St. Mandaluyong",MMDA Road Safety Unit,,93193c35-9b0c-490a-ba44-886e79fea31b,2016-09-09,07:00:00,"EDSA EDSA, Ortigas Ave., Wack Wack Mandaluyong",0,0,0,0,0,0,0,0,0,0,2016-09-09 15:00,Property,14.57864789,121.0515591,No Collision Stated
None,EDSA,None,None,"No Accident Factor, No Collision Stated (based on Police Blotter Book), 0.0 drivers_injured, 0.0 drivers_killed, 0.0 passengers_injured, 0.0 passengers_killed, 0.0 pedestrian_injured, 0.0 pedestrian_killed, Fair (Day), EDSA GO Hotel, Barangka Ilaya Mandaluyong",MMDA Road Safety Unit,,ea3a95f3-9811-4c81-a551-35452106a2f7,2016-09-09,05:30:00,EDSA  Ortigas Ave. (WB) Mandaluyong,0,0,0,0,0,0,0,0,0,0,2016-09-09 13:30,Property,14.57001193,121.0464575,No Collision Stated
None,EDSA,None,None,"No Accident Factor, Hit and Run (No Collision Stated), 0.0 drivers_injured, 0.0 drivers_killed, 0.0 passengers_injured, 0.0 passengers_killed, 0.0 pedestrian_injured, 0.0 pedestrian_killed, Fair (Day), EDSA Connecticut St., Wack-wack Mandaluyong",MMDA Road Safety Unit,,ed87c6b5-80ba-45c5-b5c1-77be8e567f4a,2016-09-09,01:00:00,"EDSA G.A. Tower, Malamig Mandaluyong",0,0,0,0,0,0,0,0,0,0,2016-09-09 9:00,Property,14.60164042,121.0590604,No Collision Stated
None,EDSA,None,None,"No Accident Factor, No Collision Stated (based on Police Blotter Book), 0.0 drivers_injured, 0.0 drivers_killed, 0.0 passengers_injured, 0.0 passengers_killed, 0.0 pedestrian_injured, 0.0 pedestrian_killed, Fair (Day), EDSA MRT-Boni Station, Barangka Ilaya Mandaluyong",MMDA Road Safety Unit,,aaf8582e-a75f-4509-baf3-45aec9c181c8,2016-09-08,23:40:00,"EDSA MRT-Boni Station, Malamig Mandaluyong",0,0,0,0,0,0,0,0,0,0,2016-09-09 7:40,Property,14.57374686,121.0480486,No Collision Stated
None,EDSA,None,None,"No Accident Factor, No Collision Stated (based on Police Blotter Book), 0.0 drivers_injured, 0.0 drivers_killed, 0.0 passengers_injured, 0.0 passengers_killed, 0.0 pedestrian_injured, 0.0 pedestrian_killed, Fair (Day), EDSA SM Megamall Bldg. A, Wack Wack Mandaluyong",MMDA Road Safety Unit,,a5486825-86c7-43cb-8883-308747cc9aa0,2016-09-08,05:00:00,"EDSA MRT-Ortigas Station, Wack Wack Mandaluyong",0,0,0,0,0,0,0,0,0,0,2016-09-08 13:00,Property,14.58501645,121.0558372,No Collision Stated
None,EDSA,None,None,"No Accident Factor, No Collision Stated (based on Police Blotter Book), 0.0 drivers_injured, 0.0 drivers_killed, 0.0 passengers_injured, 0.0 passengers_killed, 0.0 pedestrian_injured, 0.0 pedestrian_killed, Fair (Day), EDSA Pioneer St., Barangka Ilaya Mandaluyong",MMDA Road Safety Unit,,647f9b27-4466-468e-a903-532ab8361fd3,2016-09-08,04:00:00,"EDSA SM Megamall, Wack Wack Mandaluyong",0,0,0,0,0,0,0,0,0,0,2016-09-08 12:00,Property,14.57236671,121.0472702,No Collision Stated
None,EDSA,None,None,"No Accident Factor, No Collision Stated (based on Police Blotter Book), 0.0 drivers_injured, 0.0 drivers_killed, 0.0 passengers_injured, 0.0 passengers_killed, 0.0 pedestrian_injured, 0.0 pedestrian_killed, Fair (Night), EDSA MRT-Boni Station, Madison St., Highway Hills Mandaluyong",MMDA Road Safety Unit,,47f8e785-50c7-4dff-9c7a-edc07867fe6d,2016-09-07,19:30:00,EDSA SM Megamall Mandaluyong,0,0,0,0,0,0,0,0,0,0,2016-09-08 3:30,Property,14.57374686,121.0480486,No Collision Stated
None,EDSA,None,None,"No Accident Factor, No Collision Stated (based on Police Blotter Book), 0.0 drivers_injured, 0.0 drivers_killed, 0.0 passengers_injured, 0.0 passengers_killed, 0.0 pedestrian_injured, 0.0 pedestrian_killed, Fair (Night), EDSA United St., Highway Hills Mandaluyong",MMDA Road Safety Unit,,be7dfa7b-d6ae-43e3-84ac-6f2a31dc8932,2016-09-07,17:40:00,"EDSA Ortigas MRT Station, Wack Wack Mandaluyong",0,0,0,0,0,0,0,0,0,0,2016-09-08 1:40,Property,14.57931229,121.0523819,No Collision Stated
None,EDSA,None,None,"No Accident Factor, Self-Accident, 0.0 drivers_injured, 0.0 drivers_killed, 1.0 passengers_injured, 0.0 passengers_killed, 0.0 pedestrian_injured, 0.0 pedestrian_killed, Fair (Night), EDSA Shaw Blvd., Wack-wack Mandaluyong",MMDA Road Safety Unit,,34e52b40-df2d-4308-97e0-57e1001722b4,2016-09-07,17:15:00,"EDSA Crossing, Highway Hills Mandaluyong",0,0,0,0,1,0,0,0,0,1,2016-09-08 1:15,Injury,14.58119822,121.0534578,Self-Accident
None,EDSA,None,None,"No Accident Factor, No Collision Stated (based on Police Blotter Book), 0.0 drivers_injured, 0.0 drivers_killed, 0.0 passengers_injured, 0.0 passengers_killed, 0.0 pedestrian_injured, 0.0 pedestrian_killed, Fair (Night), EDSA MRT-Boni Station, Malamig Mandaluyong",MMDA Road Safety Unit,,dc7a0668-e81d-4b31-8e3f-d9b11d786511,2016-09-07,11:45:00,"EDSA Petron Connecticut, Wack Waqck Mandaluyong",0,0,0,0,0,0,0,0,0,0,2016-09-07 19:45,Property,14.57374686,121.0480486,No Collision Stated
None,EDSA,None,None,"No Accident Factor, No Collision Stated (based on Police Blotter Book), 0.0 drivers_injured, 0.0 drivers_killed, 0.0 passengers_injured, 0.0 passengers_killed, 0.0 pedestrian_injured, 0.0 pedestrian_killed, Fair (Day), EDSA GO Hotel, Barangka Ilaya Mandaluyong",MMDA Road Safety Unit,,aae11325-f3de-4716-aeef-f72b34f121e9,2016-09-07,05:55:00,"EDSA Highway 54 Bldg., Wack Wack Mandaluyong",0,0,0,0,0,0,0,0,0,0,2016-09-07 13:55,Property,14.57001193,121.0464575,No Collision Stated
None,EDSA,None,None,"No Accident Factor, No Collision Stated (based on Police Blotter Book), 0.0 drivers_injured, 0.0 drivers_killed, 0.0 passengers_injured, 0.0 passengers_killed, 0.0 pedestrian_injured, 0.0 pedestrian_killed, Fair (Night), EDSA Ortigas Ave., Wack-wack Mandaluyong",MMDA Road Safety Unit,,957f2ab1-cee3-4298-99c9-3c044c38dce6,2016-09-06,17:00:00,"EDSA Go Hotel, Ilaya Mandaluyong",0,0,0,0,0,0,0,0,0,0,2016-09-07 1:00,Property,14.59330619,121.0582659,No Collision Stated
None,EDSA,None,None,"No Accident Factor, Rear-end, 0.0 drivers_injured, 0.0 drivers_killed, 0.0 passengers_injured, 0.0 passengers_killed, 0.0 pedestrian_injured, 0.0 pedestrian_killed, Fair (Night), EDSA Shaw Blvd. Mandaluyong",MMDA Road Safety Unit,,08fa52ab-b820-41e5-aed5-fe6973231346,2016-09-06,14:40:00,"EDSA Robinsons Forum, Pioneer, Ilaya Mandaluyong",0,0,0,0,0,0,0,0,0,0,2016-09-06 22:40,Property,14.58119822,121.0534578,Rear-End
None,EDSA,None,None,"No Accident Factor, No Collision Stated (based on Police Blotter Book), 0.0 drivers_injured, 0.0 drivers_killed, 0.0 passengers_injured, 0.0 passengers_killed, 0.0 pedestrian_injured, 0.0 pedestrian_killed, Fair (Night), EDSA GO Hotel, Barangka Ilaya Mandaluyong",MMDA Road Safety Unit,,f280f1ad-3853-442f-afa4-6306c106c030,2016-09-06,12:30:00,"EDSA Crossing, Highway Hills Mandaluyong",0,0,0,0,0,0,0,0,0,0,2016-09-06 20:30,Property,14.57001193,121.0464575,No Collision Stated
None,EDSA,None,None,"No Accident Factor, Rear-end, 0.0 drivers_injured, 0.0 drivers_killed, 0.0 passengers_injured, 0.0 passengers_killed, 0.0 pedestrian_injured, 0.0 pedestrian_killed, Fair (Night), EDSA Starmall Mandaluyong",MMDA Road Safety Unit,,b9ee15fa-60af-4e72-a6cc-c7699a05e979,2016-09-06,11:30:00,EDSA Pinatubo St. Mandaluyong,0,0,0,0,0,0,0,0,0,0,2016-09-06 19:30,Property,14.58198795,121.0540368,Rear-End
None,EDSA,None,None,"No Accident Factor, Rear-end, 0.0 drivers_injured, 0.0 drivers_killed, 0.0 passengers_injured, 0.0 passengers_killed, 0.0 pedestrian_injured, 0.0 pedestrian_killed, Fair (Day), EDSA MRT-Ortigas Station Mandaluyong",MMDA Road Safety Unit,,0bed1c93-b151-4ce8-8b8b-714a7287727e,2016-09-06,06:25:00,EDSA PGA Motors Mandaluyong,0,0,0,0,0,0,0,0,0,0,2016-09-06 14:25,Property,14.58786167,121.056685,Rear-End
None,EDSA,None,None,"No Accident Factor, Side Swipe, 0.0 drivers_injured, 0.0 drivers_killed, 0.0 passengers_injured, 0.0 passengers_killed, 0.0 pedestrian_injured, 0.0 pedestrian_killed, Fair (Day), EDSA Highway 54 Mandaluyong",MMDA Road Safety Unit,,9cfe9c67-9b94-40ad-b207-ff226163cf50,2016-09-06,03:30:00,"EDSA Starmall, Wack Wack Mandaluyong",0,0,0,0,0,0,0,0,0,0,2016-09-06 11:30,Property,14.58500097,121.0556243,Side Swipe
None,EDSA,None,None,"No Accident Factor, No Collision Stated (based on Police Blotter Book), 0.0 drivers_injured, 0.0 drivers_killed, 0.0 passengers_injured, 0.0 passengers_killed, 0.0 pedestrian_injured, 0.0 pedestrian_killed, Fair (Day), EDSA SM Megamall, Wack Wack Mandaluyong",MMDA Road Safety Unit,,237da01b-cebe-40c0-b50c-2c3dcd21ac88,2016-09-06,03:00:00,EDSA Boni Ave.  Mandaluyong,0,0,0,0,0,0,0,0,0,0,2016-09-06 11:00,Property,14.58501645,121.0558372,No Collision Stated