LOCATION_TEXT,ROAD,WEATHER,LIGHT,DESC,REPORTING_AGENCY,MAIN_CAUSE,INCIDENTDETAILS_ID,DATE_UTC,TIME_UTC,ADDRESS,killed_driver,killed_passenger,killed_pedestrian,injured_driver,injured_passenger,injured_pedestrian,killed_uncategorized,injured_uncategorized,killed_total,injured_total,DATETIME_PST,SEVERITY,Y,X,COLLISION_TYPE
None,EDSA,None,None,"No Accident Factor, No Collision Stated (based on Police Blotter Book), 0.0 drivers_injured, 0.0 drivers_killed, 0.0 passengers_injured, 0.0 passengers_killed, 0.0 pedestrian_injured, 0.0 pedestrian_killed, Fair (Day), EDSA SM Megamall, Wack Wack Mandaluyong",MMDA Road Safety Unit,,d222504f-ad6f-408d-a8f7-8e85d58db218,2016-09-06,00:10:00,"EDSA Pioneer St., Barangka Ilaya Mandaluyong",0,0,0,0,0,0,0,0,0,0,2016-09-06 8:10,Property,14.58501645,121.0558372,No Collision Stated
None,EDSA,None,None,"No Accident Factor, No Collision Stated (based on Police Blotter Book), 0.0 drivers_injured, 0.0 drivers_killed, 0.0 passengers_injured, 0.0 passengers_killed, 0.0 pedestrian_injured, 0.0 pedestrian_killed, Fair (Day), EDSA Ortigas Ave., Wack-wack Mandaluyong",MMDA Road Safety Unit,,aceb5def-cf7c-4f38-98a0-6bf0618d4e5f,2016-09-06,00:00:00,"EDSA Pioneer St., Barangka Ilaya Mandaluyong",0,0,0,0,0,0,0,0,0,0,2016-09-06 8:00,Property,14.59330619,121.0582659,No Collision Stated
None,EDSA,None,None,"No Accident Factor, Side Swipe, 0.0 drivers_injured, 0.0 drivers_killed, 0.0 passengers_injured, 0.0 passengers_killed, 0.0 pedestrian_injured, 0.0 pedestrian_killed, Fair (Day), EDSA Rochester St., Wack-wack Mandaluyong",MMDA Road Safety Unit,,69faf29e-5f14-4c2a-8172-f98d76bcc7c1,2016-09-05,23:15:00,"EDSA Ortigas MRT Station, Wack Wack Mandaluyong",0,0,0,0,0,0,0,0,0,0,2016-09-06 7:15,Property,14.597563,121.0595941,Side Swipe
None,EDSA,None,None,"No Accident Factor, Hit Object (Barrier-Concrete), 0.0 drivers_injured, 0.0 drivers_killed, 0.0 passengers_injured, 0.0 passengers_killed, 0.0 pedestrian_injured, 0.0 pedestrian_killed, Fair (Night), EDSA SM Megamall, Wack Wack Mandaluyong",MMDA Road Safety Unit,,ee7bee9c-15d1-4686-b12a-f0d1b0943f13,2016-09-05,17:15:00,EDSA Shaw Crossing Mandaluyong,0,0,0,0,0,0,0,0,0,0,2016-09-06 1:15,Property,14.58501645,121.0558372,Hit Object
None,EDSA,None,None,"No Accident Factor, No Collision Stated (based on Police Blotter Book), 0.0 drivers_injured, 0.0 drivers_killed, 0.0 passengers_injured, 0.0 passengers_killed, 0.0 pedestrian_injured, 0.0 pedestrian_killed, Fair (Night), EDSA Pioneer St., Barangka Ilaya Mandaluyong",MMDA Road Safety Unit,,009893b5-6712-4a54-97e7-fb7c83574b6b,2016-09-05,11:00:00,"EDSA SM Megamall, Wack Wack Mandaluyong",0,0,0,0,0,0,0,0,0,0,2016-09-05 19:00,Property,14.57236671,121.0472702,No Collision Stated
None,EDSA,None,None,"No Accident Factor, Angle Impact, 0.0 drivers_injured, 0.0 drivers_killed, 0.0 passengers_injured, 0.0 passengers_killed, 0.0 pedestrian_injured, 0.0 pedestrian_killed, Fair (Day), EDSA Ortigas Ave., Wack-wack Mandaluyong",MMDA Road Safety Unit,,d159f537-71ca-452f-be42-90172e1b7a5d,2016-09-05,00:45:00,EDSA V.R. Potenciano Medical Center Mandaluyong,0,0,0,0,0,0,0,0,0,0,2016-09-05 8:45,Property,14.59330619,121.0582659,Angle Impact
None,EDSA,None,None,"No Accident Factor, Angle Impact, 0.0 drivers_injured, 0.0 drivers_killed, 0.0 passengers_injured, 0.0 passengers_killed, 0.0 pedestrian_injured, 0.0 pedestrian_killed, Fair (Day), EDSA D. M. Guevarra St. Mandaluyong",MMDA Road Safety Unit,,861a3b0c-5353-4950-a6a6-92702135ff72,2016-09-05,00:30:00,"EDSA PGA Car Bldg., Wack Wack Mandaluyong",0,0,0,0,0,0,0,0,0,0,2016-09-05 8:30,Property,14.57864789,121.0515591,Angle Impact
None,EDSA,None,None,"No Accident Factor, No Collision Stated (based on Police Blotter Book), 0.0 drivers_injured, 0.0 drivers_killed, 0.0 passengers_injured, 0.0 passengers_killed, 0.0 pedestrian_injured, 0.0 pedestrian_killed, Fair (Night), EDSA Boni Ave., Barangka Ilaya Mandaluyong",MMDA Road Safety Unit,,33dc5341-bfbe-4427-9afa-c2530ef9621b,2016-09-04,14:00:00,EDSA Apo St. Mandaluyong,0,0,0,0,0,0,0,0,0,0,2016-09-04 22:00,Property,14.57372098,121.0479555,No Collision Stated
None,EDSA,None,None,"No Accident Factor, No Collision Stated (based on Police Blotter Book), 0.0 drivers_injured, 0.0 drivers_killed, 0.0 passengers_injured, 0.0 passengers_killed, 0.0 pedestrian_injured, 0.0 pedestrian_killed, Fair (Night), EDSA Boni Ave., Malamig Mandaluyong",MMDA Road Safety Unit,,73a573f4-c19e-4186-b0f9-f0c570637253,2016-09-04,13:30:00,"EDSA Caltex Gas Station, Boni Ave., Barangka Ilaya Mandaluyong",0,0,0,0,0,0,0,0,0,0,2016-09-04 21:30,Property,14.57247092,121.0471502,No Collision Stated
None,EDSA,None,None,"No Accident Factor, No Collision Stated (based on Police Blotter Book), 0.0 drivers_injured, 0.0 drivers_killed, 0.0 passengers_injured, 0.0 passengers_killed, 0.0 pedestrian_injured, 0.0 pedestrian_killed, Fair (Day), EDSA MRT-Boni Station, Malamig Mandaluyong",MMDA Road Safety Unit,,afccdb79-cd82-4c94-9350-50124de0a5b9,2016-09-04,07:30:00,EDSA United St. Mandaluyong,0,0,0,0,0,0,0,0,0,0,2016-09-04 15:30,Property,14.57374686,121.0480486,No Collision Stated
None,EDSA,None,None,"No Accident Factor, No Collision Stated (based on Police Blotter Book), 0.0 drivers_injured, 0.0 drivers_killed, 0.0 passengers_injured, 0.0 passengers_killed, 0.0 pedestrian_injured, 0.0 pedestrian_killed, Fair (Day), EDSA SM Megamall, Wack Wack Mandaluyong",MMDA Road Safety Unit,,e1250f02-482a-49a3-9cc5-fafc24a17c36,2016-09-02,23:30:00,EDSA Reliance St. Mandaluyong,0,0,0,0,0,0,0,0,0,0,2016-09-03 7:30,Property,14.58501645,121.0558372,No Collision Stated
None,EDSA,None,None,"No Accident Factor, No Collision Stated (based on Police Blotter Book), 0.0 drivers_injured, 0.0 drivers_killed, 0.0 passengers_injured, 0.0 passengers_killed, 0.0 pedestrian_injured, 0.0 pedestrian_killed, Fair (Night), EDSA Shangrila, Wack Wack Mandaluyong",MMDA Road Safety Unit,,3d4040a4-fc39-4cd8-8013-ef2168cb25fd,2016-09-02,12:30:00,"EDSA Madison St., Ilaya Mandaluyong",0,0,0,0,0,0,0,0,0,0,2016-09-02 20:30,Property,14.58223571,121.0544805,No Collision Stated
None,EDSA,None,None,"No Accident Factor, No Collision Stated (based on Police Blotter Book), 0.0 drivers_injured, 0.0 drivers_killed, 0.0 passengers_injured, 0.0 passengers_killed, 0.0 pedestrian_injured, 0.0 pedestrian_killed, Fair (Night), EDSA MRT-Boni Station, Barangka Ilaya Mandaluyong",MMDA Road Safety Unit,,2f307ef8-34cd-4986-9df2-d3286ba38ab7,2016-09-01,20:15:00,EDSA Pinatubo St. Mandaluyong,0,0,0,0,0,0,0,0,0,0,2016-09-02 4:15,Property,14.57374686,121.0480486,No Collision Stated
None,EDSA,None,None,"No Accident Factor, No Collision Stated (based on Police Blotter Book), 0.0 drivers_injured, 0.0 drivers_killed, 0.0 passengers_injured, 0.0 passengers_killed, 0.0 pedestrian_injured, 0.0 pedestrian_killed, Fair (Night), EDSA Pavilion Mandaluyong",MMDA Road Safety Unit,,6c714c72-dd7d-4ce2-b809-20f303de731e,2016-09-01,15:00:00,"EDSA Crossing, Wack-wack Mandaluyong",0,0,0,0,0,0,0,0,0,0,2016-09-01 23:00,Injury,14.5794983,121.052618,No Collision Stated
None,EDSA,None,None,"No Accident Factor, No Collision Stated (based on Police Blotter Book), 0.0 drivers_injured, 0.0 drivers_killed, 0.0 passengers_injured, 0.0 passengers_killed, 0.0 pedestrian_injured, 0.0 pedestrian_killed, Fair (Night), EDSA Starmall, Wack-Wack Mandaluyong",MMDA Road Safety Unit,,4d83cf67-f420-4168-a019-df940c6efedf,2016-08-31,11:45:00,"EDSA Starmall, Wack Wack Mandaluyong",0,0,0,0,0,0,0,0,0,0,2016-08-31 19:45,Property,14.58198795,121.0540368,No Collision Stated
None,EDSA,None,None,"No Accident Factor, No Collision Stated (based on Police Blotter Book), 0.0 drivers_injured, 0.0 drivers_killed, 0.0 passengers_injured, 0.0 passengers_killed, 0.0 pedestrian_injured, 0.0 pedestrian_killed, Fair (Day), EDSA Sultan St., Highway Hills Mandaluyong",MMDA Road Safety Unit,,fd1cbf38-d07b-415b-9283-138f52d6fa64,2016-08-31,07:30:00,"EDSA GO Hotel, Ilaya Mandaluyong",0,0,0,0,0,0,0,0,0,0,2016-08-31 15:30,Property,14.5805687,121.0529959,No Collision Stated
None,EDSA,None,None,"No Accident Factor, No Collision Stated (based on Police Blotter Book), 0.0 drivers_injured, 0.0 drivers_killed, 0.0 passengers_injured, 0.0 passengers_killed, 0.0 pedestrian_injured, 0.0 pedestrian_killed, Fair (Day), EDSA Caltex Gas Station, Barangka Ilaya Mandaluyong",MMDA Road Safety Unit,,9010dfe7-adc0-4e23-a435-4900e05fb0ce,2016-08-30,23:10:00,"EDSA SM Megamall, Wack Wack Mandaluyong",0,0,0,0,0,0,0,0,0,0,2016-08-31 7:10,Property,14.57228634,121.0470942,No Collision Stated
None,EDSA,None,None,"No Accident Factor, Angle Impact, 0.0 drivers_injured, 0.0 drivers_killed, 0.0 passengers_injured, 0.0 passengers_killed, 0.0 pedestrian_injured, 0.0 pedestrian_killed, Fair (Night), EDSA SM Megamall Mandaluyong",MMDA Road Safety Unit,,d620985a-77cc-4ba0-b98b-ab382e84cb8b,2016-08-30,10:45:00,"EDSA MRT-Boni Station, Malamig Mandaluyong",0,0,0,0,0,0,0,0,0,0,2016-08-30 18:45,Property,14.58501645,121.0558372,Angle Impact
None,EDSA,None,None,"No Accident Factor, No Collision Stated (based on Police Blotter Book), 0.0 drivers_injured, 0.0 drivers_killed, 0.0 passengers_injured, 0.0 passengers_killed, 0.0 pedestrian_injured, 0.0 pedestrian_killed, Fair (Day), EDSA Guadix Drive, Wack-wack Mandaluyong",MMDA Road Safety Unit,,42881138-97c2-452b-85c8-0c1066b1415e,2016-08-30,07:00:00,"EDSA Reliance St., Highway Hills Mandaluyong",0,0,0,0,0,0,0,0,0,0,2016-08-30 15:00,Property,14.58948577,121.0573946,No Collision Stated
None,EDSA,None,None,"No Accident Factor, No Collision Stated (based on Police Blotter Book), 0.0 drivers_injured, 0.0 drivers_killed, 0.0 passengers_injured, 0.0 passengers_killed, 0.0 pedestrian_injured, 0.0 pedestrian_killed, Fair (Day), EDSA Highway 54, Wack-wack Mandaluyong",MMDA Road Safety Unit,,49f02150-2dce-4b10-84d8-41399eb40b0c,2016-08-29,23:15:00,"EDSA Reliance St., Buayang Bato Mandaluyong",0,0,0,0,0,0,0,0,0,0,2016-08-30 7:15,Property,14.58500097,121.0556243,No Collision Stated
None,EDSA,None,None,"No Accident Factor, Hit Object (No Object Stated), 0.0 drivers_injured, 0.0 drivers_killed, 0.0 passengers_injured, 0.0 passengers_killed, 0.0 pedestrian_injured, 0.0 pedestrian_killed, Fair (Night), EDSA Connecticut St., Wack-wack Mandaluyong",MMDA Road Safety Unit,,299588bb-7db8-482a-b95a-19d9e5940197,2016-08-29,18:30:00,"EDSA Robinsons Galleria, Wack Wack Mandaluyong",0,0,0,0,0,0,0,0,0,0,2016-08-30 2:30,Property,14.60164042,121.0590604,Hit Object
None,EDSA,None,None,"No Accident Factor, No Collision Stated (based on Police Blotter Book), 0.0 drivers_injured, 0.0 drivers_killed, 0.0 passengers_injured, 0.0 passengers_killed, 0.0 pedestrian_injured, 0.0 pedestrian_killed, Fair (Night), EDSA Pavilion Mall, Highway Hills Mandaluyong",MMDA Road Safety Unit,,b9a7e3a4-c544-4859-8331-08850d03fcac,2016-08-28,15:45:00,"EDSA Crossing, Wack-wack Mandaluyong",0,0,0,0,0,0,0,0,0,0,2016-08-28 23:45,Property,14.5794983,121.052618,No Collision Stated
None,EDSA,None,None,"No Accident Factor, Self-Accident, 0.0 drivers_injured, 0.0 drivers_killed, 0.0 passengers_injured, 0.0 passengers_killed, 0.0 pedestrian_injured, 0.0 pedestrian_killed, Fair (Night), EDSA Ortigas Ave. Mandaluyong",MMDA Road Safety Unit,,676a3955-fc2d-4f18-bb11-93e21af2be22,2016-08-28,13:45:00,EDSA Shaw Blvd. Mandaluyong,0,0,0,0,0,0,0,0,0,0,2016-08-28 21:45,Property,14.59305232,121.0585643,Self-Accident
None,EDSA,None,None,"No Accident Factor, No Collision Stated (based on Police Blotter Book), 0.0 drivers_injured, 0.0 drivers_killed, 0.0 passengers_injured, 0.0 passengers_killed, 0.0 pedestrian_injured, 0.0 pedestrian_killed, Fair (Day), EDSA SM Megamall Loading / Unloading Bay Mandaluyong",MMDA Road Safety Unit,,ab4107d4-33b5-40a0-8c2b-c10b87c19ef8,2016-08-28,03:30:00,EDSA Caltex Gas station Mandaluyong,0,0,0,0,0,0,0,0,0,0,2016-08-28 11:30,Property,14.58501645,121.0558372,No Collision Stated
None,EDSA,None,None,"No Accident Factor, No Collision Stated (based on Police Blotter Book), 0.0 drivers_injured, 0.0 drivers_killed, 0.0 passengers_injured, 0.0 passengers_killed, 0.0 pedestrian_injured, 0.0 pedestrian_killed, Fair (Night), EDSA Transcom Bldg., Wack-Wack  Mandaluyong",MMDA Road Safety Unit,,97455e7c-2cac-4340-a0d3-27d6b2dda8dd,2016-08-27,19:15:00,"EDSA Highway 54 Bldg., Wack Wack Mandaluyong",0,0,0,0,0,0,0,0,0,0,2016-08-28 3:15,Property,14.58930651,121.0570669,No Collision Stated
None,EDSA,None,None,"No Accident Factor, Angle Impact, 0.0 drivers_injured, 0.0 drivers_killed, 0.0 passengers_injured, 0.0 passengers_killed, 0.0 pedestrian_injured, 0.0 pedestrian_killed, Fair (Day), EDSA Shaw Blvd.  Mandaluyong",MMDA Road Safety Unit,,ff6f8a83-4a5e-42da-911b-b4274c2e0363,2016-08-27,08:45:00,EDSA SMDC Mandaluyong,0,0,0,0,0,0,0,0,0,0,2016-08-27 16:45,Property,14.58119822,121.0534578,Angle Impact
None,EDSA,None,None,"No Accident Factor, No Collision Stated (based on Police Blotter Book), 0.0 drivers_injured, 0.0 drivers_killed, 0.0 passengers_injured, 0.0 passengers_killed, 0.0 pedestrian_injured, 0.0 pedestrian_killed, Fair (Day), EDSA Robinson's Forum, Barangka Ilaya Mandaluyong",MMDA Road Safety Unit,,81b4b56c-69eb-4a6a-9367-d83ea661ec75,2016-08-27,05:40:00,"EDSA V. R. Potenciano Medical Center, Highway Hills Mandaluyong",0,0,0,0,0,0,0,0,0,0,2016-08-27 13:40,Property,14.57190409,121.0471319,No Collision Stated
None,EDSA,None,None,"No Accident Factor, Multiple Collision, 0.0 drivers_injured, 0.0 drivers_killed, 0.0 passengers_injured, 0.0 passengers_killed, 0.0 pedestrian_injured, 0.0 pedestrian_killed, Fair (Day), EDSA Lions Road Mandaluyong",MMDA Road Safety Unit,,c5984365-8e35-44b4-9319-0dc5565896c7,2016-08-27,00:45:00,"EDSA EDSA Central, Highway Hills Mandaluyong",0,0,0,0,0,0,0,0,0,0,2016-08-27 8:45,Property,14.56999727,121.0462587,Multiple
None,EDSA,None,None,"No Accident Factor, Side Swipe, 0.0 drivers_injured, 0.0 drivers_killed, 0.0 passengers_injured, 0.0 passengers_killed, 0.0 pedestrian_injured, 0.0 pedestrian_killed, Fair (Night), EDSA Starmall, Wack-Wack Mandaluyong",MMDA Road Safety Unit,,e4a26413-cce0-48e8-a85c-f460e53d111f,2016-08-26,15:30:00,"EDSA Madison St., Buayang Bato Mandaluyong",0,0,0,0,0,0,0,0,0,0,2016-08-26 23:30,Property,14.58198795,121.0540368,Side Swipe
None,EDSA,None,None,"No Accident Factor, Rear-end, 0.0 drivers_injured, 0.0 drivers_killed, 0.0 passengers_injured, 0.0 passengers_killed, 0.0 pedestrian_injured, 0.0 pedestrian_killed, Fair (Night), EDSA Teleperformance Mandaluyong",MMDA Road Safety Unit,,698edcbe-f7a0-4d5e-a8d0-c81d7ce77de6,2016-08-26,10:35:00,EDSA Light Mall Mandaluyong,0,0,0,0,0,0,0,0,0,0,2016-08-26 18:35,Property,14.58002746,121.0528877,Rear-End
None,EDSA,None,None,"No Accident Factor, Self-Accident, 0.0 drivers_injured, 0.0 drivers_killed, 1.0 passengers_injured, 0.0 passengers_killed, 0.0 pedestrian_injured, 0.0 pedestrian_killed, Fair (Day), EDSA V. R. Potenciano Medical Center Mandaluyong",MMDA Road Safety Unit,,1e1ae6b9-ce7b-4ee4-964e-ef0abd4a194a,2016-08-25,23:45:00,EDSA Robinsons Forum Mandaluyong,0,0,0,0,1,0,0,0,0,1,2016-08-26 7:45,Injury,14.57684342,121.0502966,Self-Accident
None,EDSA,None,None,"No Accident Factor, No Collision Stated (based on Police Blotter Book), 0.0 drivers_injured, 0.0 drivers_killed, 0.0 passengers_injured, 0.0 passengers_killed, 0.0 pedestrian_injured, 0.0 pedestrian_killed, Fair (Day), EDSA G. A. Tower, Malamig Mandaluyong",MMDA Road Safety Unit,,0bc86d57-04af-4539-ac18-bcb966a803bd,2016-08-25,22:30:00,EDSA Pioneer St. Mandaluyong,0,0,0,0,0,0,0,0,0,0,2016-08-26 6:30,Property,14.57386012,121.0480107,No Collision Stated
None,EDSA,None,None,"No Accident Factor, No Collision Stated (based on Police Blotter Book), 0.0 drivers_injured, 0.0 drivers_killed, 0.0 passengers_injured, 0.0 passengers_killed, 0.0 pedestrian_injured, 0.0 pedestrian_killed, Fair (Night), EDSA J. Vargas Ave., Wack-wack Mandaluyong",MMDA Road Safety Unit,,40fbc68f-e317-48ab-8dfd-02050ee57db9,2016-08-25,14:30:00,EDSA SM Megamall Mandaluyong,0,0,0,0,0,0,0,0,0,0,2016-08-25 22:30,Property,14.58457561,121.0557464,No Collision Stated
None,EDSA,None,None,"No Accident Factor, No Collision Stated (based on Police Blotter Book), 0.0 drivers_injured, 0.0 drivers_killed, 0.0 passengers_injured, 0.0 passengers_killed, 0.0 pedestrian_injured, 0.0 pedestrian_killed, Fair (Night), EDSA Shangri-La, Wack-Wack Mandaluyong",MMDA Road Safety Unit,,c9f0c1be-24f6-4c67-9fe1-23f7909ef27b,2016-08-25,11:30:00,EDSA MRT-Ortigas Station Mandaluyong,0,0,0,0,0,0,0,0,0,0,2016-08-25 19:30,Property,14.58223571,121.0544805,No Collision Stated
None,EDSA,None,None,"No Accident Factor, No Collision Stated (based on Police Blotter Book), 0.0 drivers_injured, 0.0 drivers_killed, 0.0 passengers_injured, 0.0 passengers_killed, 0.0 pedestrian_injured, 0.0 pedestrian_killed, Fair (Day), EDSA Shangri-La, Wack-Wack Mandaluyong",MMDA Road Safety Unit,,d70ea175-0834-4aec-ad13-d2e4012171e9,2016-08-25,09:30:00,EDSA Boni Ave.  Mandaluyong,0,0,0,0,0,0,0,0,0,0,2016-08-25 17:30,Property,14.58223571,121.0544805,No Collision Stated
None,EDSA,None,None,"No Accident Factor, No Collision Stated (based on Police Blotter Book), 0.0 drivers_injured, 0.0 drivers_killed, 0.0 passengers_injured, 0.0 passengers_killed, 0.0 pedestrian_injured, 0.0 pedestrian_killed, Fair (Night), EDSA Ortigas Footbridge Mandaluyong",MMDA Road Safety Unit,,7bbc9d27-e2b2-4616-8b3c-8d84e8efcc38,2016-08-24,11:20:00,EDSA Guadix Road (WB)  Mandaluyong,0,0,0,0,0,0,0,0,0,0,2016-08-24 19:20,Property,14.59327374,121.0582168,No Collision Stated
None,EDSA,None,None,"No Accident Factor, Multiple Collision, 0.0 drivers_injured, 0.0 drivers_killed, 0.0 passengers_injured, 0.0 passengers_killed, 0.0 pedestrian_injured, 0.0 pedestrian_killed, Fair (Day), EDSA Go Hotel, Barangka Ilaya Mandaluyong",MMDA Road Safety Unit,,21e06aa2-2a0a-4abc-bd78-d5d0f66435ca,2016-08-24,05:10:00,EDSA Ortigas Ave. (EB) Mandaluyong,0,0,0,0,0,0,0,0,0,0,2016-08-24 13:10,Property,14.57001193,121.0464575,Multiple
None,EDSA,None,None,"No Accident Factor, No Collision Stated (based on Police Blotter Book), 0.0 drivers_injured, 0.0 drivers_killed, 0.0 passengers_injured, 0.0 passengers_killed, 0.0 pedestrian_injured, 0.0 pedestrian_killed, Fair (Night), EDSA Ortigas MRT Station Mandaluyong",MMDA Road Safety Unit,,ff4d8ca0-777d-4065-91a9-fb00bf211815,2016-08-23,12:40:00,"EDSA Bank Drive, SM Bldg. A, Wack Wack Mandaluyong",0,0,0,0,0,0,0,0,0,0,2016-08-23 20:40,Property,14.58789302,121.0566024,No Collision Stated
None,EDSA,None,None,"No Accident Factor, No Collision Stated (based on Police Blotter Book), 0.0 drivers_injured, 0.0 drivers_killed, 0.0 passengers_injured, 0.0 passengers_killed, 0.0 pedestrian_injured, 0.0 pedestrian_killed, Fair (Day), EDSA Ortigas Ave., Wack-wack Mandaluyong",MMDA Road Safety Unit,,7428d0b8-c54a-44a1-8dac-52e899b8bd09,2016-08-23,08:00:00,"EDSA Robinsons Pioneer, Barangka Ilaya Mandaluyong",0,0,0,0,0,0,0,0,0,0,2016-08-23 16:00,Property,14.59330619,121.0582659,No Collision Stated
None,EDSA,None,None,"No Accident Factor, No Collision Stated (based on Police Blotter Book), 0.0 drivers_injured, 0.0 drivers_killed, 0.0 passengers_injured, 0.0 passengers_killed, 0.0 pedestrian_injured, 0.0 pedestrian_killed, Fair (Day), EDSA SM Megamall, Wack-Wack Mandaluyong",MMDA Road Safety Unit,,7c915abf-6c3a-46f5-9e72-dd9ee5c13a2e,2016-08-22,07:30:00,"EDSA Pavilion, Highway Hills Mandaluyong",0,0,0,0,0,0,0,0,0,0,2016-08-22 15:30,Property,14.58501645,121.0558372,No Collision Stated
None,EDSA,None,None,"No Accident Factor, Side Swipe, 0.0 drivers_injured, 0.0 drivers_killed, 0.0 passengers_injured, 0.0 passengers_killed, 0.0 pedestrian_injured, 0.0 pedestrian_killed, Fair (Day), EDSA Shaw Blvd., Highway Hills Mandaluyong",MMDA Road Safety Unit,,8a9d7856-7f17-43a2-b40d-9e6bc0b27a28,2016-08-22,00:15:00,"EDSA Go Hotel, Ilaya Mandaluyong",0,0,0,0,0,0,0,0,0,0,2016-08-22 8:15,Property,14.58119822,121.0534578,Side Swipe
None,EDSA,None,None,"No Accident Factor, No Collision Stated (based on Police Blotter Book), 0.0 drivers_injured, 0.0 drivers_killed, 0.0 passengers_injured, 0.0 passengers_killed, 0.0 pedestrian_injured, 0.0 pedestrian_killed, Fair (Day), EDSA Shangri-La Mall, Wack Wack Mandaluyong",MMDA Road Safety Unit,,33a7aced-067b-4aa8-aca5-e325ccacb83f,2016-08-21,06:30:00,"EDSA Boni MRT Station, Malamig Mandaluyong",0,0,0,0,0,0,0,0,0,0,2016-08-21 14:30,Property,14.58223571,121.0544805,No Collision Stated
None,EDSA,None,None,"No Accident Factor, No Collision Stated (based on Police Blotter Book), 0.0 drivers_injured, 0.0 drivers_killed, 0.0 passengers_injured, 0.0 passengers_killed, 0.0 pedestrian_injured, 0.0 pedestrian_killed, Fair (Night), EDSA SM Megamall, Wack Wack Mandaluyong",MMDA Road Safety Unit,,4e11a03c-3098-4381-b12f-9cee7c6adf79,2016-08-20,15:25:00,"EDSA Starmall, Wack Wack Mandaluyong",0,0,0,0,0,0,0,0,0,0,2016-08-20 23:25,Property,14.58501645,121.0558372,No Collision Stated
None,EDSA,None,None,"No Accident Factor, No Collision Stated (based on Police Blotter Book), 0.0 drivers_injured, 0.0 drivers_killed, 0.0 passengers_injured, 0.0 passengers_killed, 0.0 pedestrian_injured, 0.0 pedestrian_killed, Fair (Night), EDSA SM Megamall, Wack Wack Mandaluyong",MMDA Road Safety Unit,,a228dc51-f17e-4cd3-a521-e652e38ae7ef,2016-08-20,11:20:00,"EDSA Ricoa, Highway Hills Mandaluyong",0,0,0,0,0,0,0,0,0,0,2016-08-20 19:20,Property,14.58501645,121.0558372,No Collision Stated
None,EDSA,None,None,"No Accident Factor, Rear-end, 0.0 drivers_injured, 0.0 drivers_killed, 0.0 passengers_injured, 0.0 passengers_killed, 0.0 pedestrian_injured, 0.0 pedestrian_killed, Fair (Night), EDSA Transcom Mandaluyong",MMDA Road Safety Unit,,13d26c4e-b28f-435c-be65-0083ace777f2,2016-08-20,10:45:00,EDSA Starmall (SB) Mandaluyong,0,0,0,0,0,0,0,0,0,0,2016-08-20 18:45,Property,14.58930651,121.0570669,Rear-End
None,EDSA,None,None,"No Accident Factor, Side Swipe, 0.0 drivers_injured, 0.0 drivers_killed, 0.0 passengers_injured, 0.0 passengers_killed, 0.0 pedestrian_injured, 0.0 pedestrian_killed, Fair (Night), EDSA G. A. Tower Mandaluyong",MMDA Road Safety Unit,,ac2843a0-88bd-4a81-8a1b-1d365c6e98c7,2016-08-19,10:00:00,EDSA Reliance (SB) Mandaluyong,0,0,0,0,0,0,0,0,0,0,2016-08-19 18:00,Property,14.57386012,121.0480107,Side Swipe
None,EDSA,None,None,"No Accident Factor, No Collision Stated (based on Police Blotter Book), 0.0 drivers_injured, 0.0 drivers_killed, 0.0 passengers_injured, 0.0 passengers_killed, 0.0 pedestrian_injured, 0.0 pedestrian_killed, Fair (Day), EDSA Ortigas Ave. Mandaluyong",MMDA Road Safety Unit,,a42a89ab-68d2-4655-91f0-76537a0e7b3e,2016-08-19,01:45:00,"EDSA Go Hotel, Barangka Ilaya Mandaluyong",0,0,0,0,0,0,0,0,0,0,2016-08-19 9:45,Property,14.59305232,121.0585643,No Collision Stated
None,EDSA,None,None,"No Accident Factor, No Collision Stated (based on Police Blotter Book), 0.0 drivers_injured, 0.0 drivers_killed, 0.0 passengers_injured, 0.0 passengers_killed, 0.0 pedestrian_injured, 0.0 pedestrian_killed, Fair (Night), EDSA Shaw Blvd. Mandaluyong",MMDA Road Safety Unit,,c9589dad-902a-40f0-a72b-e09251dbdfe9,2016-08-18,13:40:00,"EDSA Starmall, Wack Wack Mandaluyong",0,0,0,0,0,0,0,0,0,0,2016-08-18 21:40,Property,14.58119822,121.0534578,No Collision Stated
None,EDSA,None,None,"No Accident Factor, No Collision Stated (based on Police Blotter Book), 0.0 drivers_injured, 0.0 drivers_killed, 0.0 passengers_injured, 0.0 passengers_killed, 0.0 pedestrian_injured, 0.0 pedestrian_killed, Fair (Day), EDSA Light Mall Residences, Buayang Bato Mandaluyong",MMDA Road Safety Unit,,dda85432-a1c2-4580-87c3-bcc3e510dc3e,2016-08-17,05:30:00,"EDSA Shangri-la Driveway, Wack Wack Mandaluyong",0,0,0,0,0,0,0,0,0,0,2016-08-17 13:30,Property,14.57395349,121.0484543,No Collision Stated