LOCATION_TEXT,ROAD,WEATHER,LIGHT,DESC,REPORTING_AGENCY,MAIN_CAUSE,INCIDENTDETAILS_ID,DATE_UTC,TIME_UTC,ADDRESS,killed_driver,killed_passenger,killed_pedestrian,injured_driver,injured_passenger,injured_pedestrian,killed_uncategorized,injured_uncategorized,killed_total,injured_total,DATETIME_PST,SEVERITY,Y,X,COLLISION_TYPE
None,EDSA,None,None,"No Accident Factor, No Collision Stated (based on Police Blotter Book), 0.0 drivers_injured, 0.0 drivers_killed, 0.0 passengers_injured, 0.0 passengers_killed, 0.0 pedestrian_injured, 0.0 pedestrian_killed, Fair (Day), EDSA Shaw Blvd., Wack-wack Mandaluyong",MMDA Road Safety Unit,,5d47f32a-3a61-4fba-b531-e61239374525,2016-08-17,01:30:00,"EDSA Garden Way, Wack Wack Mandaluyong",0,0,0,0,0,0,0,0,0,0,2016-08-17 9:30,Property,14.58119822,121.0534578,No Collision Stated
None,EDSA,None,None,"No Accident Factor, No Collision Stated (based on Police Blotter Book), 0.0 drivers_injured, 0.0 drivers_killed, 0.0 passengers_injured, 0.0 passengers_killed, 0.0 pedestrian_injured, 0.0 pedestrian_killed, Fair (Day), EDSA ""U"" turn slot, Ortigas Ave., Wack-wack Mandaluyong",MMDA Road Safety Unit,,93825ae1-5d60-4787-a616-79a7ffaf1796,2016-08-17,00:05:00,"EDSA Shaw Blvd., Highway Hills Mandaluyong",0,0,0,0,0,0,0,0,0,0,2016-08-17 8:05,Property,14.59252091,121.0582399,No Collision Stated
None,EDSA,None,None,"No Accident Factor, No Collision Stated (based on Police Blotter Book), 0.0 drivers_injured, 0.0 drivers_killed, 0.0 passengers_injured, 0.0 passengers_killed, 0.0 pedestrian_injured, 0.0 pedestrian_killed, Fair (Night), EDSA SM Light Residences, Highway Hills Mandaluyong",MMDA Road Safety Unit,,19027b6a-aed1-4906-a4f1-12f783eb263f,2016-08-16,10:10:00,"EDSA Starmall, Wack Wack Mandaluyong",0,0,0,0,0,0,0,0,0,0,2016-08-16 18:10,Property,14.57388383,121.0483435,No Collision Stated
None,EDSA,None,None,"No Accident Factor, No Collision Stated (based on Police Blotter Book), 0.0 drivers_injured, 0.0 drivers_killed, 0.0 passengers_injured, 0.0 passengers_killed, 0.0 pedestrian_injured, 0.0 pedestrian_killed, Fair (Day), EDSA Robinson Forum, Barangka Ilaya Mandaluyong",MMDA Road Safety Unit,,b656fd44-7a52-4da5-8816-74d1f68cd499,2016-08-16,09:25:00,EDSA Libertad (SB) Mandaluyong,0,0,0,0,0,0,0,0,0,0,2016-08-16 17:25,Property,14.57190409,121.0471319,No Collision Stated
None,EDSA,None,None,"No Accident Factor, Side Swipe, 0.0 drivers_injured, 0.0 drivers_killed, 0.0 passengers_injured, 0.0 passengers_killed, 0.0 pedestrian_injured, 0.0 pedestrian_killed, Fair (Day), EDSA Megamall Mandaluyong",MMDA Road Safety Unit,,3857c698-6292-4bc0-bb17-948ddea7e99d,2016-08-16,05:30:00,EDSA Boni (SB) Mandaluyong,0,0,0,0,0,0,0,0,0,0,2016-08-16 13:30,Property,14.58519582,121.0559351,Side Swipe
None,EDSA,None,None,"No Accident Factor, No Collision Stated (based on Police Blotter Book), 0.0 drivers_injured, 0.0 drivers_killed, 0.0 passengers_injured, 0.0 passengers_killed, 0.0 pedestrian_injured, 0.0 pedestrian_killed, Fair (Night), EDSA Boni Ave., Barangka Ilaya Mandaluyong",MMDA Road Safety Unit,,269cfa09-fe41-4498-a91a-5ef490c4d1e6,2016-08-15,12:00:00,EDSA Mrt Ortigas (NB) Mandaluyong,0,0,0,0,0,0,0,0,0,0,2016-08-15 20:00,Property,14.57372098,121.0479555,No Collision Stated
None,EDSA,None,None,"No Accident Factor, No Collision Stated (based on Police Blotter Book), 0.0 drivers_injured, 0.0 drivers_killed, 0.0 passengers_injured, 0.0 passengers_killed, 0.0 pedestrian_injured, 0.0 pedestrian_killed, Fair (Night), EDSA Pinatubo St., Malamig Mandaluyong",MMDA Road Safety Unit,,049ffe94-afb2-4bfa-b6fc-d43e3710a789,2016-08-15,10:20:00,EDSA Libertad Mandaluyong,0,0,0,0,0,0,0,0,0,0,2016-08-15 18:20,Property,14.57321369,121.0476439,No Collision Stated
None,EDSA,None,None,"No Accident Factor, No Collision Stated (based on Police Blotter Book), 0.0 drivers_injured, 0.0 drivers_killed, 0.0 passengers_injured, 0.0 passengers_killed, 0.0 pedestrian_injured, 0.0 pedestrian_killed, Fair (Day), EDSA Ortigas Ave. Mandaluyong",MMDA Road Safety Unit,,2a0f847f-3c8c-4aa0-8577-daaeda7093aa,2016-08-15,05:20:00,"EDSA Caltex, Boni Ave. Mandaluyong",0,0,0,0,0,0,0,0,0,0,2016-08-15 13:20,Property,14.59305232,121.0585643,No Collision Stated
None,EDSA,None,None,"No Accident Factor, No Collision Stated (based on Police Blotter Book), 1.0 drivers_injured, 0.0 drivers_killed, 0.0 passengers_injured, 0.0 passengers_killed, 0.0 pedestrian_injured, 0.0 pedestrian_killed, Fair (Day), EDSA Starmall Mandaluyong",MMDA Road Safety Unit,,773f42b3-0c1b-4256-845f-f64b3c0d013c,2016-08-15,01:00:00,EDSA Pioneer (NB) Mandaluyong,0,0,0,1,0,0,0,0,0,1,2016-08-15 9:00,Injury,14.58198795,121.0540368,No Collision Stated
None,EDSA,None,None,"No Accident Factor, No Collision Stated (based on Police Blotter Book), 0.0 drivers_injured, 0.0 drivers_killed, 0.0 passengers_injured, 0.0 passengers_killed, 0.0 pedestrian_injured, 0.0 pedestrian_killed, Fair (Night), EDSA SM Megamall, Wack-Wack Mandaluyong",MMDA Road Safety Unit,,365029e5-6334-4123-a016-318369baadf9,2016-08-14,14:30:00,EDSA Reliance (NB) Mandaluyong,0,0,0,0,0,0,0,0,0,0,2016-08-14 22:30,Property,14.58501645,121.0558372,No Collision Stated
None,EDSA,None,None,"No Accident Factor, No Collision Stated (based on Police Blotter Book), 0.0 drivers_injured, 0.0 drivers_killed, 0.0 passengers_injured, 0.0 passengers_killed, 0.0 pedestrian_injured, 0.0 pedestrian_killed, Fair (Day), EDSA RICOA Manufacturing Plant., Highway Hills Mandaluyong",MMDA Road Safety Unit,,2ad7549a-61d6-412e-855f-af7f8d859c02,2016-08-14,04:00:00,"EDSA Madison St., Buayang Bato Mandaluyong",0,0,0,0,0,0,0,0,0,0,2016-08-14 12:00,Property,14.57597502,121.0499586,No Collision Stated
None,EDSA,None,None,"No Accident Factor, Side Swipe, 0.0 drivers_injured, 0.0 drivers_killed, 0.0 passengers_injured, 0.0 passengers_killed, 0.0 pedestrian_injured, 0.0 pedestrian_killed, Fair (Day), EDSA Pioneer St.  Mandaluyong",MMDA Road Safety Unit,,23de0e35-3917-406c-8d9a-5c3e9d915cff,2016-08-13,05:30:00,EDSA Reliance  Mandaluyong,0,0,0,0,0,0,0,0,0,0,2016-08-13 13:30,Property,14.57236671,121.0472702,Side Swipe
None,EDSA,None,None,"No Accident Factor, Angle Impact, 0.0 drivers_injured, 0.0 drivers_killed, 0.0 passengers_injured, 0.0 passengers_killed, 0.0 pedestrian_injured, 0.0 pedestrian_killed, Fair (Night), EDSA United St.  Mandaluyong",MMDA Road Safety Unit,,05dcdeeb-daa5-46e6-9dce-1fd2c034862f,2016-08-12,12:00:00,"EDSA Guadix St., Wack Wack Mandaluyong",0,0,0,0,0,0,0,0,0,0,2016-08-12 20:00,Property,14.57931229,121.0523819,Angle Impact
None,EDSA,None,None,"No Accident Factor, Multiple Collision, 0.0 drivers_injured, 0.0 drivers_killed, 0.0 passengers_injured, 0.0 passengers_killed, 0.0 pedestrian_injured, 0.0 pedestrian_killed, Fair (Day), EDSA _ MRT Station, Wack-Wack Mandaluyong",MMDA Road Safety Unit,,440063c4-7bc5-4089-ba2f-7e5325182cfc,2016-08-12,09:00:00,EDSA Mrt Ortigas (SB) Mandaluyong,0,0,0,0,0,0,0,0,0,0,2016-08-12 17:00,Property,14.58789489,121.0565416,Multiple
None,EDSA,None,None,"No Accident Factor, No Collision Stated (based on Police Blotter Book), 0.0 drivers_injured, 0.0 drivers_killed, 0.0 passengers_injured, 0.0 passengers_killed, 0.0 pedestrian_injured, 0.0 pedestrian_killed, Fair (Day), EDSA Highway 54 Bldg., Wack-Wack Mandaluyong",MMDA Road Safety Unit,,ae2ba85f-bb6a-4489-a0d0-b75363bfe852,2016-08-11,23:30:00,"EDSA G.A. Tower, Malamig Mandaluyong",0,0,0,0,0,0,0,0,0,0,2016-08-12 7:30,Property,14.58500097,121.0556243,No Collision Stated
None,EDSA,None,None,"No Accident Factor, No Collision Stated (based on Police Blotter Book), 0.0 drivers_injured, 0.0 drivers_killed, 0.0 passengers_injured, 0.0 passengers_killed, 0.0 pedestrian_injured, 0.0 pedestrian_killed, Fair (Night), EDSA Pinatubo St.  Mandaluyong",MMDA Road Safety Unit,,e14771ac-f967-471f-9cda-659f00835960,2016-08-11,21:30:00,EDSA Boni (SB) Mandaluyong,0,0,0,0,0,0,0,0,0,0,2016-08-12 5:30,Property,14.57321369,121.0476439,No Collision Stated
None,EDSA,None,None,"No Accident Factor, No Collision Stated (based on Police Blotter Book), 0.0 drivers_injured, 0.0 drivers_killed, 0.0 passengers_injured, 0.0 passengers_killed, 0.0 pedestrian_injured, 0.0 pedestrian_killed, Fair (Night), EDSA Starmall, Wack-Wack Mandaluyong",MMDA Road Safety Unit,,90c70fac-a05c-4166-bd8a-c006ff237ce6,2016-08-11,17:00:00,EDSA Reliance (SB) Mandaluyong,0,0,0,0,0,0,0,0,0,0,2016-08-12 1:00,Property,14.58198795,121.0540368,No Collision Stated
None,EDSA,None,None,"No Accident Factor, No Collision Stated (based on Police Blotter Book), 0.0 drivers_injured, 0.0 drivers_killed, 0.0 passengers_injured, 0.0 passengers_killed, 0.0 pedestrian_injured, 0.0 pedestrian_killed, Fair (Night), EDSA Caltex Gas Station, Barangka Ilaya Mandaluyong",MMDA Road Safety Unit,,04e38748-e97b-41c8-9733-aeeb08902115,2016-08-11,10:45:00,"EDSA Pinatubo, Malamig Mandaluyong",0,0,0,0,0,0,0,0,0,0,2016-08-11 18:45,Property,14.57228634,121.0470942,No Collision Stated
None,EDSA,None,None,"No Accident Factor, No Collision Stated (based on Police Blotter Book), 0.0 drivers_injured, 0.0 drivers_killed, 0.0 passengers_injured, 0.0 passengers_killed, 0.0 pedestrian_injured, 0.0 pedestrian_killed, Fair (Day), EDSA Ortigas Ave.  Mandaluyong",MMDA Road Safety Unit,,4eb7ef0e-a8e6-4e08-b061-ed46fb06a1aa,2016-08-11,07:45:00,EDSA Ortigas MRT Station Mandaluyong,0,0,0,0,0,0,0,0,0,0,2016-08-11 15:45,Property,14.59327428,121.0582827,No Collision Stated
None,EDSA,None,None,"No Accident Factor, Rear-end, 0.0 drivers_injured, 0.0 drivers_killed, 0.0 passengers_injured, 0.0 passengers_killed, 0.0 pedestrian_injured, 0.0 pedestrian_killed, Fair (Day), EDSA United St.  Mandaluyong",MMDA Road Safety Unit,,dcdf3233-fb6c-47fb-a9d9-95d85603858c,2016-08-11,05:45:00,EDSA Megamall (NB) Mandaluyong,0,0,0,0,0,0,0,0,0,0,2016-08-11 13:45,Property,14.57931229,121.0523819,Rear-End
None,EDSA,None,None,"No Accident Factor, Hit Object (Lane Separator, MMDA), 0.0 drivers_injured, 0.0 drivers_killed, 0.0 passengers_injured, 0.0 passengers_killed, 0.0 pedestrian_injured, 0.0 pedestrian_killed, Fair (Night), EDSA Lions Road Mandaluyong",MMDA Road Safety Unit,,19222d10-b905-4159-b0b4-493a06414228,2016-08-10,18:05:00,EDSA Ortigas Ave. (WB)  Mandaluyong,0,0,0,0,0,0,0,0,0,0,2016-08-11 2:05,Property,14.56999727,121.0462587,Hit Object
None,EDSA,None,None,"No Accident Factor, Multiple Collision, 0.0 drivers_injured, 0.0 drivers_killed, 0.0 passengers_injured, 0.0 passengers_killed, 0.0 pedestrian_injured, 0.0 pedestrian_killed, Fair (Day), EDSA Boni MRT Station, Malamig Mandaluyong",MMDA Road Safety Unit,,880051ae-a120-41fe-8e01-349f9b23884e,2016-08-10,03:30:00,EDSA Starmall Mandaluyong,0,0,0,0,0,0,0,0,0,0,2016-08-10 11:30,Property,14.57372098,121.0479555,Multiple
None,EDSA,None,None,"No Accident Factor, No Collision Stated (based on Police Blotter Book), 0.0 drivers_injured, 0.0 drivers_killed, 0.0 passengers_injured, 0.0 passengers_killed, 0.0 pedestrian_injured, 0.0 pedestrian_killed, Fair (Day), EDSA Robinsons Forum, Barangka Ilaya Mandaluyong",MMDA Road Safety Unit,,5903b367-5787-4f72-82e0-ae5fe15f50d9,2016-08-10,02:20:00,"EDSA Pinatubo St., Malamig Mandaluyong",0,0,0,0,0,0,0,0,0,0,2016-08-10 10:20,Property,14.57182388,121.0470705,No Collision Stated
None,EDSA,None,None,"No Accident Factor, No Collision Stated (based on Police Blotter Book), 0.0 drivers_injured, 0.0 drivers_killed, 0.0 passengers_injured, 0.0 passengers_killed, 0.0 pedestrian_injured, 0.0 pedestrian_killed, Fair (Night), EDSA SM Megamall, Wack-Wack Mandaluyong",MMDA Road Safety Unit,,6b1b4496-7222-4b41-b523-1e8674e569b4,2016-08-09,13:30:00,EDSA Robinson Forum (NB) Mandaluyong,0,0,0,0,0,0,0,0,0,0,2016-08-09 21:30,Property,14.58501645,121.0558372,No Collision Stated
None,EDSA,None,None,"No Accident Factor, No Collision Stated (based on Police Blotter Book), 0.0 drivers_injured, 0.0 drivers_killed, 0.0 passengers_injured, 0.0 passengers_killed, 0.0 pedestrian_injured, 0.0 pedestrian_killed, Fair (Day), EDSA Boni MRT Station, Malamig Mandaluyong",MMDA Road Safety Unit,,45dba65d-d653-47c1-9c60-f5d6e014e3c7,2016-08-09,08:15:00,"EDSA Shangri-La Gardenway, Wack-Wack Mandaluyong",0,0,0,0,0,0,0,0,0,0,2016-08-09 16:15,Property,14.57372098,121.0479555,No Collision Stated
None,EDSA,None,None,"No Accident Factor, No Collision Stated (based on Police Blotter Book), 0.0 drivers_injured, 0.0 drivers_killed, 0.0 passengers_injured, 0.0 passengers_killed, 0.0 pedestrian_injured, 0.0 pedestrian_killed, Fair (Day), EDSA Madison St., Highway Hills Mandaluyong",MMDA Road Safety Unit,,924baa5e-dff6-40c2-90c9-8bc5c61edc7f,2016-08-09,05:50:00,EDSA Shaw Blvd.  Mandaluyong,0,0,0,0,0,0,0,0,0,0,2016-08-09 13:50,Property,14.57464299,121.0489046,No Collision Stated
None,EDSA,None,None,"No Accident Factor, No Collision Stated (based on Police Blotter Book), 0.0 drivers_injured, 0.0 drivers_killed, 0.0 passengers_injured, 0.0 passengers_killed, 0.0 pedestrian_injured, 0.0 pedestrian_killed, Fair (Day), EDSA Shaw Blvd.  Mandaluyong",MMDA Road Safety Unit,,051cb1fc-5730-4d57-a292-9c4d33058ab6,2016-08-09,04:45:00,"EDSA Starmall, Wack-Wack Mandaluyong",0,0,0,0,0,0,0,0,0,0,2016-08-09 12:45,Property,14.58119822,121.0534578,No Collision Stated
None,EDSA,None,None,"No Accident Factor, No Collision Stated (based on Police Blotter Book), 0.0 drivers_injured, 0.0 drivers_killed, 0.0 passengers_injured, 0.0 passengers_killed, 0.0 pedestrian_injured, 0.0 pedestrian_killed, Fair (Night), EDSA RICOA Manufacturing Plant., Highway Hills Mandaluyong",MMDA Road Safety Unit,,7157e84e-e6f7-4093-b44c-28334f170e66,2016-08-08,15:00:00,EDSA Ortigas MRT Station Mandaluyong,0,0,0,0,0,0,0,0,0,0,2016-08-08 23:00,Property,14.57597502,121.0499586,No Collision Stated
None,EDSA,None,None,"No Accident Factor, No Collision Stated (based on Police Blotter Book), 0.0 drivers_injured, 0.0 drivers_killed, 0.0 passengers_injured, 0.0 passengers_killed, 0.0 pedestrian_injured, 0.0 pedestrian_killed, Fair (Day), EDSA SM Megamall, Wack-Wack Mandaluyong",MMDA Road Safety Unit,,5605e1a5-33cc-4416-8142-01a07ad5911c,2016-08-07,23:50:00,"EDSA Crossing, Highway Hills Mandaluyong",0,0,0,0,0,0,0,0,0,0,2016-08-08 7:50,Property,14.58501645,121.0558372,No Collision Stated
None,EDSA,None,None,"No Accident Factor, No Collision Stated (based on Police Blotter Book), 0.0 drivers_injured, 0.0 drivers_killed, 0.0 passengers_injured, 0.0 passengers_killed, 0.0 pedestrian_injured, 0.0 pedestrian_killed, Fair (Day), EDSA Pinatubo St.  Mandaluyong",MMDA Road Safety Unit,,179dcbc7-945a-4e8e-9ec8-0df50542a8b1,2016-08-07,23:25:00,EDSA Shangri-La Plaza  Mandaluyong,0,0,0,0,0,0,0,0,0,0,2016-08-08 7:25,Property,14.57321369,121.0476439,No Collision Stated
None,EDSA,None,None,"No Accident Factor, No Collision Stated (based on Police Blotter Book), 0.0 drivers_injured, 0.0 drivers_killed, 0.0 passengers_injured, 0.0 passengers_killed, 0.0 pedestrian_injured, 0.0 pedestrian_killed, Fair (Night), EDSA RICOA Manufacturing Plant., Highway Hills Mandaluyong",MMDA Road Safety Unit,,3a8ee750-bf63-45c7-85b2-462b97ac48d0,2016-08-07,21:30:00,"EDSA Boni MRT Station, Malamig Mandaluyong",0,0,0,0,0,0,0,0,0,0,2016-08-08 5:30,Property,14.57597502,121.0499586,No Collision Stated
None,EDSA,None,None,"No Accident Factor, No Collision Stated (based on Police Blotter Book), 0.0 drivers_injured, 0.0 drivers_killed, 0.0 passengers_injured, 0.0 passengers_killed, 0.0 pedestrian_injured, 0.0 pedestrian_killed, Fair (Day), EDSA Pavillion, Highway Hills Mandaluyong",MMDA Road Safety Unit,,1fe9c79f-de97-4eb9-84d6-d2643e6209a1,2016-08-07,07:30:00,"EDSA Highway 54 Bldg., Wack-Wack Mandaluyong",0,0,0,0,0,0,0,0,0,0,2016-08-07 15:30,Property,14.5794983,121.052618,No Collision Stated
None,EDSA,None,None,"No Accident Factor, No Collision Stated (based on Police Blotter Book), 0.0 drivers_injured, 0.0 drivers_killed, 0.0 passengers_injured, 0.0 passengers_killed, 0.0 pedestrian_injured, 0.0 pedestrian_killed, Fair (Night), EDSA J. Vargas St., Wack-wack Mandaluyong",MMDA Road Safety Unit,,8b799d1f-3ae7-4e0d-83a4-d459430b0916,2016-08-06,11:55:00,"EDSA SM Megamall, Wack-Wack Mandaluyong",0,0,0,0,0,0,0,0,0,0,2016-08-06 19:55,Property,14.58457561,121.0557464,No Collision Stated
None,EDSA,None,None,"No Accident Factor, No Collision Stated (based on Police Blotter Book), 0.0 drivers_injured, 0.0 drivers_killed, 0.0 passengers_injured, 0.0 passengers_killed, 0.0 pedestrian_injured, 0.0 pedestrian_killed, Fair (Night), EDSA Robinsons Forum, Barangka Ilaya Mandaluyong",MMDA Road Safety Unit,,fc42cd4e-fa00-4916-bdae-458ad865abf5,2016-08-05,14:00:00,EDSA V. R. Potenciano Medical Center Mandaluyong,0,0,0,0,0,0,0,0,0,0,2016-08-05 22:00,Property,14.57182388,121.0470705,No Collision Stated
None,EDSA,None,None,"No Accident Factor, Side Swipe, 0.0 drivers_injured, 0.0 drivers_killed, 0.0 passengers_injured, 0.0 passengers_killed, 0.0 pedestrian_injured, 0.0 pedestrian_killed, Fair (Day), EDSA Shangri-La Mall / SM Megamall Mandaluyong",MMDA Road Safety Unit,,3a14b0a2-c58f-4a9d-90d7-931983e9acc2,2016-08-05,08:30:00,EDSA Reliance St.  Mandaluyong,0,0,0,0,0,0,0,0,0,0,2016-08-05 16:30,Property,14.58223571,121.0544805,Side Swipe
None,EDSA,None,None,"No Accident Factor, No Collision Stated (based on Police Blotter Book), 0.0 drivers_injured, 0.0 drivers_killed, 0.0 passengers_injured, 0.0 passengers_killed, 0.0 pedestrian_injured, 0.0 pedestrian_killed, Fair (Day), EDSA Crossing, Highway Hills Mandaluyong",MMDA Road Safety Unit,,00905649-1ae1-4809-9c4c-eee98054f428,2016-08-05,01:30:00,"EDSA SM Megamall, Wack-Wack Mandaluyong",0,0,0,0,0,0,0,0,0,0,2016-08-05 9:30,Property,14.58212391,121.0540758,No Collision Stated
None,EDSA,None,None,"No Accident Factor, No Collision Stated (based on Police Blotter Book), 0.0 drivers_injured, 0.0 drivers_killed, 0.0 passengers_injured, 0.0 passengers_killed, 0.0 pedestrian_injured, 0.0 pedestrian_killed, Fair (Night), EDSA Pioneer St., Barangka Ilaya Mandaluyong",MMDA Road Safety Unit,,1517df65-96d5-48ed-9277-4f6066ee93ea,2016-08-04,20:30:00,"EDSA Pioneer St., Barangka Ilaya Mandaluyong",0,0,0,0,0,0,0,0,0,0,2016-08-05 4:30,Property,14.57236671,121.0472702,No Collision Stated
None,EDSA,None,None,"No Accident Factor, No Collision Stated (based on Police Blotter Book), 0.0 drivers_injured, 0.0 drivers_killed, 0.0 passengers_injured, 0.0 passengers_killed, 0.0 pedestrian_injured, 0.0 pedestrian_killed, Fair (Day), EDSA Shell Gas station, Wack Wack Mandaluyong",MMDA Road Safety Unit,,1dd52f14-9060-409f-bf71-851882bb59c4,2016-08-04,07:00:00,EDSA Megamall Mandaluyong,0,0,0,0,0,0,0,0,0,0,2016-08-04 15:00,Property,14.59925642,121.0596191,No Collision Stated
None,EDSA,None,None,"No Accident Factor, No Collision Stated (based on Police Blotter Book), 0.0 drivers_injured, 0.0 drivers_killed, 0.0 passengers_injured, 0.0 passengers_killed, 0.0 pedestrian_injured, 0.0 pedestrian_killed, Fair (Day), EDSA United St., Highway Hills Mandaluyong",MMDA Road Safety Unit,,970c3bf2-bc27-4355-b3a9-089e48e66c71,2016-08-03,05:05:00,"EDSA Pioneer St., Barangka Ilaya Mandaluyong",0,0,0,0,0,0,0,0,0,0,2016-08-03 13:05,Property,14.57931229,121.0523819,No Collision Stated
None,EDSA,None,None,"No Accident Factor, No Collision Stated (based on Police Blotter Book), 0.0 drivers_injured, 0.0 drivers_killed, 0.0 passengers_injured, 0.0 passengers_killed, 0.0 pedestrian_injured, 0.0 pedestrian_killed, Fair (Day), EDSA Amber, Barangka Ilaya Mandaluyong",MMDA Road Safety Unit,,7b50b835-b1e4-4176-b479-6418e9216f9d,2016-08-03,03:00:00,"EDSA Crossing, Wack-wack Mandaluyong",0,0,0,0,0,0,0,0,0,0,2016-08-03 11:00,Property,14.57029352,121.0463228,No Collision Stated
None,EDSA,None,None,"No Accident Factor, No Collision Stated (based on Police Blotter Book), 0.0 drivers_injured, 0.0 drivers_killed, 0.0 passengers_injured, 0.0 passengers_killed, 0.0 pedestrian_injured, 0.0 pedestrian_killed, Fair (Day), EDSA Ortigas Crossing Mandaluyong",MMDA Road Safety Unit,,ff4cd273-9b9f-4caa-985f-bf2cbf723b26,2016-08-03,02:35:00,"EDSA SM Megamall, Wack-Wack Mandaluyong",0,0,0,0,0,0,0,0,0,0,2016-08-03 10:35,Property,14.59330619,121.0582659,No Collision Stated
None,EDSA,None,None,"No Accident Factor, No Collision Stated (based on Police Blotter Book), 0.0 drivers_injured, 0.0 drivers_killed, 0.0 passengers_injured, 0.0 passengers_killed, 0.0 pedestrian_injured, 0.0 pedestrian_killed, Fair (Day), EDSA Shell Gas station, Highway Hills Mandaluyong",MMDA Road Safety Unit,,75e993ec-75be-4fea-a3b7-91685f22522d,2016-08-03,00:20:00,"EDSA Starmall, Shaw Blvd. Mandaluyong",0,0,0,0,0,0,0,0,0,0,2016-08-03 8:20,Property,14.57692814,121.0503406,No Collision Stated
None,EDSA,None,None,"No Accident Factor, Hit Object (No Object Stated), 0.0 drivers_injured, 0.0 drivers_killed, 0.0 passengers_injured, 0.0 passengers_killed, 0.0 pedestrian_injured, 0.0 pedestrian_killed, Fair (Day), EDSA Reliance St. Mandaluyong",MMDA Road Safety Unit,,de4e7163-bb76-4e5c-aafa-22ebf99a5cd1,2016-08-02,09:35:00,"EDSA SM Megamall, Wack-Wack Mandaluyong",0,0,0,0,0,0,0,0,0,0,2016-08-02 17:35,Property,14.57669064,121.0504494,Hit Object
None,EDSA,None,None,"No Accident Factor, No Collision Stated (based on Police Blotter Book), 0.0 drivers_injured, 0.0 drivers_killed, 0.0 passengers_injured, 0.0 passengers_killed, 0.0 pedestrian_injured, 0.0 pedestrian_killed, Fair (Day), EDSA Crossing, Wack-wack Mandaluyong",MMDA Road Safety Unit,,520dd253-9397-49a3-b336-67d47b0f1d19,2016-08-02,09:30:00,"EDSA Pioneer St., Ilaya Mandaluyong",0,0,0,0,0,0,0,0,0,0,2016-08-02 17:30,Property,14.58212391,121.0540758,No Collision Stated
None,EDSA,None,None,"No Accident Factor, No Collision Stated (based on Police Blotter Book), 0.0 drivers_injured, 0.0 drivers_killed, 0.0 passengers_injured, 0.0 passengers_killed, 0.0 pedestrian_injured, 0.0 pedestrian_killed, Fair (Day), EDSA MRT-Boni Station, Highway Hills Mandaluyong",MMDA Road Safety Unit,,66cf45c8-3dd8-4985-b1df-c7f09560161a,2016-08-01,00:45:00,"EDSA Ortigas Ave. (POEA, Wack-Wack) Mandaluyong",0,0,0,0,0,0,0,0,0,0,2016-08-01 8:45,Property,14.57374686,121.0480486,No Collision Stated
None,EDSA,None,None,"No Accident Factor, No Collision Stated (based on Police Blotter Book), 0.0 drivers_injured, 0.0 drivers_killed, 0.0 passengers_injured, 0.0 passengers_killed, 0.0 pedestrian_injured, 0.0 pedestrian_killed, Fair (Night), EDSA Petron Gas station, Highway Hills Mandaluyong",MMDA Road Safety Unit,,9d132e73-81dd-4089-8cd2-37795a09d78d,2016-07-31,21:30:00,"EDSA United St., Highway Hills Mandaluyong",0,0,0,0,0,0,0,0,0,0,2016-08-01 5:30,Property,14.57718563,121.0505519,No Collision Stated
None,EDSA,None,None,"No Accident Factor, No Collision Stated (based on Police Blotter Book), 0.0 drivers_injured, 0.0 drivers_killed, 0.0 passengers_injured, 0.0 passengers_killed, 0.0 pedestrian_injured, 0.0 pedestrian_killed, Fair (Night), EDSA V. R. Potenciano Medical Center, Highway Hills Mandaluyong",MMDA Road Safety Unit,,93a3eadc-f542-472b-ba5d-cd9d96fe799c,2016-07-31,20:20:00,EDSA Shaw Blvd.  Mandaluyong,0,0,0,0,0,0,0,0,0,0,2016-08-01 4:20,Property,14.57684342,121.0502966,No Collision Stated
None,EDSA,None,None,"No Accident Factor, No Collision Stated (based on Police Blotter Book), 0.0 drivers_injured, 0.0 drivers_killed, 0.0 passengers_injured, 0.0 passengers_killed, 0.0 pedestrian_injured, 0.0 pedestrian_killed, Fair (Day), EDSA SM Megamall Bldg. A, Wack Wack Mandaluyong",MMDA Road Safety Unit,,0da96efc-953d-4cbe-add3-c7699a0f85d8,2016-07-31,07:00:00,"EDSA Highway 54 Bldg., Wack-Wack Mandaluyong",0,0,0,0,0,0,0,0,0,0,2016-07-31 15:00,Property,14.58501645,121.0558372,No Collision Stated
None,EDSA,None,None,"No Accident Factor, No Collision Stated (based on Police Blotter Book), 0.0 drivers_injured, 0.0 drivers_killed, 0.0 passengers_injured, 0.0 passengers_killed, 0.0 pedestrian_injured, 0.0 pedestrian_killed, Fair (Day), EDSA Shangri-La Plaza, Wack Wack Mandaluyong",MMDA Road Safety Unit,,f0cc7d19-9473-4eec-8624-ae386e25a7a8,2016-07-31,06:05:00,"EDSA Audi Motors, Wack-Wack Mandaluyong",0,0,0,0,0,0,0,0,0,0,2016-07-31 14:05,Property,14.58223571,121.0544805,No Collision Stated