LOCATION_TEXT,ROAD,WEATHER,LIGHT,DESC,REPORTING_AGENCY,MAIN_CAUSE,INCIDENTDETAILS_ID,DATE_UTC,TIME_UTC,ADDRESS,killed_driver,killed_passenger,killed_pedestrian,injured_driver,injured_passenger,injured_pedestrian,killed_uncategorized,injured_uncategorized,killed_total,injured_total,DATETIME_PST,SEVERITY,Y,X,COLLISION_TYPE
None,EDSA,None,None,"No Accident Factor, No Collision Stated (based on Police Blotter Book), 0.0 drivers_injured, 0.0 drivers_killed, 0.0 passengers_injured, 0.0 passengers_killed, 0.0 pedestrian_injured, 0.0 pedestrian_killed, Fair (Day), EDSA POEA, Ortigas Ave., Wack Wack Mandaluyong",MMDA Road Safety Unit,,be74aea1-ba4c-47ad-8d4a-9b4ed8449286,2016-07-31,03:20:00,"EDSA Highway 54 Bldg., Wack-Wack Mandaluyong",0,0,0,0,0,0,0,0,0,0,2016-07-31 11:20,Property,14.59324183,121.0582336,No Collision Stated
None,EDSA,None,None,"No Accident Factor, Multiple Collision, 0.0 drivers_injured, 0.0 drivers_killed, 0.0 passengers_injured, 0.0 passengers_killed, 0.0 pedestrian_injured, 0.0 pedestrian_killed, Fair (Day), EDSA Kamayan Restaurant, Wack Wack Mandaluyong",MMDA Road Safety Unit,,60b30082-b7d4-4014-b767-910f514f688d,2016-07-31,01:25:00,"EDSA Rochester St., Wack-wack Mandaluyong",0,0,0,0,0,0,0,0,0,0,2016-07-31 9:25,Property,14.59812072,121.0596135,Multiple
None,EDSA,None,None,"No Accident Factor, No Collision Stated (based on Police Blotter Book), 0.0 drivers_injured, 0.0 drivers_killed, 0.0 passengers_injured, 0.0 passengers_killed, 0.0 pedestrian_injured, 0.0 pedestrian_killed, Fair (Day), EDSA Crossing, Wack Wack Mandaluyong",MMDA Road Safety Unit,,91ce53f3-2db7-40a9-b1cc-ddcfd28abff3,2016-07-30,07:45:00,"EDSA SM Megamall, Wack-Wack Mandaluyong",0,0,0,0,0,0,0,0,0,0,2016-07-30 15:45,Property,14.58212391,121.0540758,No Collision Stated
None,EDSA,None,None,"No Accident Factor, Side Swipe, 0.0 drivers_injured, 0.0 drivers_killed, 0.0 passengers_injured, 0.0 passengers_killed, 0.0 pedestrian_injured, 0.0 pedestrian_killed, Fair (Day), EDSA Pinatubo St. Mandaluyong",MMDA Road Safety Unit,,38415561-84c1-4989-962e-7f48a79d0e95,2016-07-30,07:00:00,"EDSA Boni Ave., Barangka Ilaya Mandaluyong",0,0,0,0,0,0,0,0,0,0,2016-07-30 15:00,Property,14.57321369,121.0476439,Side Swipe
None,EDSA,None,None,"No Accident Factor, Angle Impact, 0.0 drivers_injured, 0.0 drivers_killed, 0.0 passengers_injured, 0.0 passengers_killed, 0.0 pedestrian_injured, 0.0 pedestrian_killed, Fair (Day), EDSA SM Megamall Mandaluyong",MMDA Road Safety Unit,,dd20e164-2977-4e5c-a62c-37b80ef7498f,2016-07-30,04:00:00,EDSA Robinsons Forum Mandaluyong,0,0,0,0,0,0,0,0,0,0,2016-07-30 12:00,Property,14.58501645,121.0558372,Angle Impact
None,EDSA,None,None,"No Accident Factor, No Collision Stated (based on Police Blotter Book), 0.0 drivers_injured, 0.0 drivers_killed, 0.0 passengers_injured, 0.0 passengers_killed, 0.0 pedestrian_injured, 0.0 pedestrian_killed, Fair (Day), EDSA SM Megamall, Wack Wack Mandaluyong",MMDA Road Safety Unit,,2798c1f7-69be-40a3-bab5-28cb3c58a833,2016-07-29,22:15:00,EDSA Shangri-La Mandaluyong,0,0,0,0,0,0,0,0,0,0,2016-07-30 6:15,Property,14.58501645,121.0558372,No Collision Stated
None,EDSA,None,None,"No Accident Factor, Rear-end, 0.0 drivers_injured, 0.0 drivers_killed, 0.0 passengers_injured, 0.0 passengers_killed, 0.0 pedestrian_injured, 0.0 pedestrian_killed, Fair (Night), EDSA SM Megamall, Wack Wack Mandaluyong",MMDA Road Safety Unit,,558acdbc-4049-4262-b544-9dc18ef688dd,2016-07-29,13:05:00,"EDSA Highway 54, Wack Wack Mandaluyong",0,0,0,0,0,0,0,0,0,0,2016-07-29 21:05,Property,14.58501645,121.0558372,Rear-End
None,EDSA,None,None,"No Accident Factor, No Collision Stated (based on Police Blotter Book), 0.0 drivers_injured, 0.0 drivers_killed, 0.0 passengers_injured, 0.0 passengers_killed, 0.0 pedestrian_injured, 0.0 pedestrian_killed, Fair (Night), EDSA SM Megamall, Wack Wack Mandaluyong",MMDA Road Safety Unit,,2194a75a-cab6-4884-81f6-d2b907e876a0,2016-07-29,12:45:00,"EDSA SM Megamall, Wack Wack Mandaluyong",0,0,0,0,0,0,0,0,0,0,2016-07-29 20:45,Property,14.58501645,121.0558372,No Collision Stated
None,EDSA,None,None,"No Accident Factor, Multiple Collision, 0.0 drivers_injured, 0.0 drivers_killed, 0.0 passengers_injured, 0.0 passengers_killed, 0.0 pedestrian_injured, 0.0 pedestrian_killed, Fair (Day), EDSA Pioneer St., Barangka Ilaya Mandaluyong",MMDA Road Safety Unit,,56961a75-3743-4532-9470-89b5e07867e3,2016-07-29,08:00:00,"EDSA Boni Ave., Barangka Ilaya Mandaluyong",0,0,0,0,0,0,0,0,0,0,2016-07-29 16:00,Property,14.57236671,121.0472702,Multiple
None,EDSA,None,None,"No Accident Factor, No Collision Stated (based on Police Blotter Book), 0.0 drivers_injured, 0.0 drivers_killed, 1.0 passengers_injured, 0.0 passengers_killed, 0.0 pedestrian_injured, 0.0 pedestrian_killed, Fair (Night), EDSA SM Megamall Loading Bay, Wack Wack Mandaluyong",MMDA Road Safety Unit,,c554250e-8606-4451-b953-34a02c776817,2016-07-27,15:20:00,"EDSA Boni MRT Station, Malamig Mandaluyong",0,0,0,0,1,0,0,0,0,1,2016-07-27 23:20,Injury,14.58501645,121.0558372,No Collision Stated
None,EDSA,None,None,"No Accident Factor, No Collision Stated (based on Police Blotter Book), 0.0 drivers_injured, 0.0 drivers_killed, 0.0 passengers_injured, 0.0 passengers_killed, 0.0 pedestrian_injured, 0.0 pedestrian_killed, Fair (Night), EDSA Pinatubo St., Malamig Mandaluyong",MMDA Road Safety Unit,,4138857d-48e6-4474-abdc-48503937dd43,2016-07-27,11:45:00,"EDSA Pinatubo St., Malamig Mandaluyong",0,0,0,0,0,0,0,0,0,0,2016-07-27 19:45,Property,14.57321369,121.0476439,No Collision Stated
None,EDSA,None,None,"No Accident Factor, No Collision Stated (based on Police Blotter Book), 0.0 drivers_injured, 0.0 drivers_killed, 0.0 passengers_injured, 0.0 passengers_killed, 0.0 pedestrian_injured, 0.0 pedestrian_killed, Fair (Night), EDSA Julia Vargas, Wack Wack Mandaluyong",MMDA Road Safety Unit,,0e99baab-5cc2-4bbb-935d-6ce920d9811b,2016-07-27,11:30:00,"EDSA SM Megamall, Wack Wack Mandaluyong",0,0,0,0,0,0,0,0,0,0,2016-07-27 19:30,Property,14.58458553,121.0557595,No Collision Stated
None,EDSA,None,None,"No Accident Factor, Side Swipe, 0.0 drivers_injured, 0.0 drivers_killed, 0.0 passengers_injured, 0.0 passengers_killed, 0.0 pedestrian_injured, 0.0 pedestrian_killed, Fair (Day), EDSA Ortigas Ave. Mandaluyong",MMDA Road Safety Unit,,eab2ce35-0860-4921-8882-a5db50a0d216,2016-07-27,07:25:00,"EDSA Boni MRT Station, Barangka Ilaya Mandaluyong",0,0,0,0,0,0,0,0,0,0,2016-07-27 15:25,Property,14.59305232,121.0585643,Side Swipe
None,EDSA,None,None,"No Accident Factor, Rear-end, 0.0 drivers_injured, 0.0 drivers_killed, 0.0 passengers_injured, 0.0 passengers_killed, 0.0 pedestrian_injured, 0.0 pedestrian_killed, Fair (Day), EDSA ""U"" turn slot, Ortigas Ave. Mandaluyong",MMDA Road Safety Unit,,4b922c8e-f3f5-49a3-87ab-ca9d6e4ed195,2016-07-27,03:45:00,"EDSA Boni MRT Station, Malamig Mandaluyong",0,0,0,0,0,0,0,0,0,0,2016-07-27 11:45,Property,14.59258444,121.0581735,Rear-End
None,EDSA,None,None,"No Accident Factor, No Collision Stated (based on Police Blotter Book), 0.0 drivers_injured, 0.0 drivers_killed, 0.0 passengers_injured, 0.0 passengers_killed, 0.0 pedestrian_injured, 0.0 pedestrian_killed, Fair (Day), EDSA Reliance St., Highway Hills Mandaluyong",MMDA Road Safety Unit,,4d65acd3-7ada-4d95-8879-e3b65393750d,2016-07-27,03:15:00,"EDSA Petron Gas Stn., Highway Hills Mandaluyong",0,0,0,0,0,0,0,0,0,0,2016-07-27 11:15,Property,14.57669064,121.0504494,No Collision Stated
None,EDSA,None,None,"No Accident Factor, No Collision Stated (based on Police Blotter Book), 0.0 drivers_injured, 0.0 drivers_killed, 0.0 passengers_injured, 0.0 passengers_killed, 0.0 pedestrian_injured, 0.0 pedestrian_killed, Fair (Day), EDSA Julia Vargas, Wack Wack Mandaluyong",MMDA Road Safety Unit,,2c3f158b-000a-4b6a-a1e9-a0d0d2b47cb6,2016-07-27,01:00:00,"EDSA Petron Gas Stn., Highway Hills Mandaluyong",0,0,0,0,0,0,0,0,0,0,2016-07-27 9:00,Property,14.58458553,121.0557595,No Collision Stated
None,EDSA,None,None,"No Accident Factor, No Collision Stated (based on Police Blotter Book), 0.0 drivers_injured, 0.0 drivers_killed, 0.0 passengers_injured, 0.0 passengers_killed, 0.0 pedestrian_injured, 0.0 pedestrian_killed, Fair (Night), EDSA Boni MRT Station, Malamig Mandaluyong",MMDA Road Safety Unit,,6413ba98-dc7a-4155-a007-457d99c63732,2016-07-26,13:45:00,"EDSA United St., Highway Hills Mandaluyong",0,0,0,0,0,0,0,0,0,0,2016-07-26 21:45,Property,14.57372098,121.0479555,No Collision Stated
None,EDSA,None,None,"No Accident Factor, No Collision Stated (based on Police Blotter Book), 0.0 drivers_injured, 0.0 drivers_killed, 0.0 passengers_injured, 0.0 passengers_killed, 0.0 pedestrian_injured, 0.0 pedestrian_killed, Fair (Night), EDSA SM Megamall, Wack Wack Mandaluyong",MMDA Road Safety Unit,,774d6d82-cef5-4c9b-b63b-2df195e768cc,2016-07-26,13:30:00,EDSA Robinsons Galleria Mandaluyong,0,0,0,0,0,0,0,0,0,0,2016-07-26 21:30,Property,14.58501645,121.0558372,No Collision Stated
None,EDSA,None,None,"No Accident Factor, No Collision Stated (based on Police Blotter Book), 0.0 drivers_injured, 0.0 drivers_killed, 0.0 passengers_injured, 0.0 passengers_killed, 0.0 pedestrian_injured, 0.0 pedestrian_killed, Fair (Day), EDSA Connecticut St. Mandaluyong",MMDA Road Safety Unit,,60c7b9f1-615a-4c5e-8290-0d7e3b32c4e0,2016-07-26,06:00:00,"EDSA Pioneer St., Barangka Ilaya Mandaluyong",0,0,0,0,0,0,0,0,0,0,2016-07-26 14:00,Property,14.60151411,121.0591478,No Collision Stated
None,EDSA,None,None,"No Accident Factor, No Collision Stated (based on Police Blotter Book), 0.0 drivers_injured, 0.0 drivers_killed, 0.0 passengers_injured, 0.0 passengers_killed, 0.0 pedestrian_injured, 0.0 pedestrian_killed, Fair (Day), EDSA Julia Vargas, Wack Wack Mandaluyong",MMDA Road Safety Unit,,21a18f0d-a084-4020-b698-ad12aaa3943c,2016-07-26,05:55:00,"EDSA Light Mall, Barangka Ilaya Mandaluyong",0,0,0,0,0,0,0,0,0,0,2016-07-26 13:55,Property,14.58458553,121.0557595,No Collision Stated
None,EDSA,None,None,"No Accident Factor, Side Swipe, 0.0 drivers_injured, 0.0 drivers_killed, 0.0 passengers_injured, 0.0 passengers_killed, 0.0 pedestrian_injured, 0.0 pedestrian_killed, Fair (Day), EDSA Connecticut St. Mandaluyong",MMDA Road Safety Unit,,e13ccd9b-a4f5-4992-b75f-42c3e0f2f78a,2016-07-26,05:15:00,"EDSA Starmall, Wack Wack Mandaluyong",0,0,0,0,0,0,0,0,0,0,2016-07-26 13:15,Property,14.60151411,121.0591478,Side Swipe
None,EDSA,None,None,"No Accident Factor, Angle Impact, 0.0 drivers_injured, 0.0 drivers_killed, 0.0 passengers_injured, 0.0 passengers_killed, 0.0 pedestrian_injured, 0.0 pedestrian_killed, Fair (Day), EDSA Banco De Oro, Ortigas Mandaluyong",MMDA Road Safety Unit,,61b1e1a6-03a9-48bf-aeae-09ea48cb6b28,2016-07-26,02:00:00,"EDSA Starmall, Wack Wack Mandaluyong",0,0,0,0,0,0,0,0,0,0,2016-07-26 10:00,Property,14.59325772,121.058217,Angle Impact
None,EDSA,None,None,"No Accident Factor, Angle Impact, 0.0 drivers_injured, 0.0 drivers_killed, 0.0 passengers_injured, 0.0 passengers_killed, 0.0 pedestrian_injured, 0.0 pedestrian_killed, Fair (Day), EDSA Robinsons Forum, Pioneer, Ilaya Mandaluyong",MMDA Road Safety Unit,,c9fc4934-a5e8-42d7-9231-243964460d0f,2016-07-25,23:10:00,"EDSA Sultan St., Highway Hills Mandaluyong",0,0,0,0,0,0,0,0,0,0,2016-07-26 7:10,Property,14.57182388,121.0470705,Angle Impact
None,EDSA,None,None,"No Accident Factor, No Collision Stated (based on Police Blotter Book), 0.0 drivers_injured, 0.0 drivers_killed, 0.0 passengers_injured, 0.0 passengers_killed, 0.0 pedestrian_injured, 0.0 pedestrian_killed, Fair (Day), EDSA Poveda School, Wack Wack Mandaluyong",MMDA Road Safety Unit,,3feeea54-abf0-40d0-b307-8359b277eb28,2016-07-25,06:30:00,"EDSA Garden Way, Wack Wack Mandaluyong",0,0,0,0,0,0,0,0,0,0,2016-07-25 14:30,Property,14.5899353,121.0575058,No Collision Stated
None,EDSA,None,None,"No Accident Factor, Multiple Collision, 0.0 drivers_injured, 0.0 drivers_killed, 0.0 passengers_injured, 0.0 passengers_killed, 0.0 pedestrian_injured, 0.0 pedestrian_killed, Fair (Day), EDSA Ortigas Ave., Wack Wack Mandaluyong",MMDA Road Safety Unit,,31b62bfe-cd21-4b7d-8716-6c6579497401,2016-07-25,01:00:00,"EDSA Starmall, Wack-Wack Mandaluyong",0,0,0,0,0,0,0,0,0,0,2016-07-25 9:00,Property,14.59330619,121.0582659,Multiple
None,EDSA,None,None,"No Accident Factor, No Collision Stated (based on Police Blotter Book), 0.0 drivers_injured, 0.0 drivers_killed, 0.0 passengers_injured, 0.0 passengers_killed, 0.0 pedestrian_injured, 0.0 pedestrian_killed, Fair (Day), EDSA V.R. Potenciano Medical Center, Highway Hills Mandaluyong",MMDA Road Safety Unit,,728ab86b-9692-42ae-9c22-5e051645727d,2016-07-24,06:30:00,EDSA Ortigas Mandaluyong,0,0,0,0,0,0,0,0,0,0,2016-07-24 14:30,Property,14.57684342,121.0502966,No Collision Stated
None,EDSA,None,None,"No Accident Factor, No Collision Stated (based on Police Blotter Book), 0.0 drivers_injured, 0.0 drivers_killed, 0.0 passengers_injured, 0.0 passengers_killed, 0.0 pedestrian_injured, 0.0 pedestrian_killed, Fair (Night), EDSA Julia Vargas, Wack Wack Mandaluyong",MMDA Road Safety Unit,,0c1a1412-9c5c-4aca-9d72-ac61e05b0a46,2016-07-22,11:30:00,"EDSA Starmall, Wack Wack Mandaluyong",0,0,0,0,0,0,0,0,0,0,2016-07-22 19:30,Property,14.58458553,121.0557595,No Collision Stated
None,EDSA,None,None,"No Accident Factor, No Collision Stated (based on Police Blotter Book), 0.0 drivers_injured, 0.0 drivers_killed, 0.0 passengers_injured, 0.0 passengers_killed, 0.0 pedestrian_injured, 0.0 pedestrian_killed, Fair (Day), EDSA Sultan St., Highway Hills Mandaluyong",MMDA Road Safety Unit,,cab097ee-3a55-47d1-9309-d06b340828e2,2016-07-22,09:20:00,"EDSA Crossing, Highway Hills Mandaluyong",0,0,0,0,0,0,0,0,0,0,2016-07-22 17:20,Property,14.5805687,121.0529959,No Collision Stated
None,EDSA,None,None,"No Accident Factor, No Collision Stated (based on Police Blotter Book), 0.0 drivers_injured, 0.0 drivers_killed, 0.0 passengers_injured, 0.0 passengers_killed, 0.0 pedestrian_injured, 0.0 pedestrian_killed, Fair (Day), EDSA Julia Vargas, Wack Wack Mandaluyong",MMDA Road Safety Unit,,65ddc8a5-fa24-4753-9c87-7f4a10f992d5,2016-07-22,09:00:00,"EDSA Kamayan, Wack Wack Mandaluyong",0,0,0,0,0,0,0,0,0,0,2016-07-22 17:00,Property,14.58458553,121.0557595,No Collision Stated
None,EDSA,None,None,"No Accident Factor, Rear-end, 0.0 drivers_injured, 0.0 drivers_killed, 0.0 passengers_injured, 0.0 passengers_killed, 0.0 pedestrian_injured, 0.0 pedestrian_killed, Fair (Day), EDSA Apo St. Mandaluyong",MMDA Road Safety Unit,,45fa5188-0c44-4e41-86f6-9b53d3c34140,2016-07-22,06:45:00,"EDSA J. Vargas, Wack Wack Mandaluyong",0,0,0,0,0,0,0,0,0,0,2016-07-22 14:45,Property,14.5715578,121.046752,Rear-End
None,EDSA,None,None,"No Accident Factor, Rear-end, 0.0 drivers_injured, 0.0 drivers_killed, 0.0 passengers_injured, 0.0 passengers_killed, 0.0 pedestrian_injured, 0.0 pedestrian_killed, Fair (Day), EDSA Starmall Mandaluyong",MMDA Road Safety Unit,,86c876fe-5de5-4bc5-ad58-3819157f333d,2016-07-22,05:05:00,"EDSA Shell Gas Stn., Wack Wack Mandaluyong",0,0,0,0,0,0,0,0,0,0,2016-07-22 13:05,Property,14.58198795,121.0540368,Rear-End
None,EDSA,None,None,"No Accident Factor, Rear-end, 0.0 drivers_injured, 0.0 drivers_killed, 0.0 passengers_injured, 0.0 passengers_killed, 0.0 pedestrian_injured, 0.0 pedestrian_killed, Fair (Day), EDSA Reliance St. Mandaluyong",MMDA Road Safety Unit,,b22cfd1f-f3e7-487b-b058-f1093a0814d2,2016-07-22,03:45:00,"EDSA EDSA Crossing, Highway Hills Mandaluyong",0,0,0,0,0,0,0,0,0,0,2016-07-22 11:45,Property,14.57669064,121.0504494,Rear-End
None,EDSA,None,None,"No Accident Factor, Side Swipe, 0.0 drivers_injured, 0.0 drivers_killed, 0.0 passengers_injured, 0.0 passengers_killed, 0.0 pedestrian_injured, 0.0 pedestrian_killed, Fair (Day), EDSA Starmall Mandaluyong",MMDA Road Safety Unit,,57ac69f8-59ea-479b-90cb-7470325a0768,2016-07-22,00:10:00,"EDSA Shaw Blvd., Highway Hills Mandaluyong",0,0,0,0,0,0,0,0,0,0,2016-07-22 8:10,Property,14.58198795,121.0540368,Side Swipe
None,EDSA,None,None,"No Accident Factor, Rear-end, 0.0 drivers_injured, 0.0 drivers_killed, 0.0 passengers_injured, 0.0 passengers_killed, 0.0 pedestrian_injured, 0.0 pedestrian_killed, Fair (Day), EDSA Boni Ave.  Mandaluyong",MMDA Road Safety Unit,,9a5897cb-96ca-4208-9771-16447a2be179,2016-07-21,04:15:00,"EDSA Robinsons Forum, Ilaya Mandaluyong",0,0,0,0,0,0,0,0,0,0,2016-07-21 12:15,Property,14.57249077,121.0472372,Rear-End
None,EDSA,None,None,"No Accident Factor, Side Swipe, 0.0 drivers_injured, 0.0 drivers_killed, 0.0 passengers_injured, 0.0 passengers_killed, 0.0 pedestrian_injured, 0.0 pedestrian_killed, Fair (Day), EDSA Starmall Mandaluyong",MMDA Road Safety Unit,,54f97a7b-f8eb-4bb9-aa0a-7012a4eb530d,2016-07-21,02:25:00,"EDSA Pioneer St., Ilaya Mandaluyong",0,0,0,0,0,0,0,0,0,0,2016-07-21 10:25,Property,14.58198795,121.0540368,Side Swipe
None,EDSA,None,None,"No Accident Factor, No Collision Stated (based on Police Blotter Book), 0.0 drivers_injured, 0.0 drivers_killed, 0.0 passengers_injured, 0.0 passengers_killed, 0.0 pedestrian_injured, 0.0 pedestrian_killed, Fair (Day), EDSA Shaw Blvd. Mandaluyong",MMDA Road Safety Unit,,0fbc97fb-ab94-498e-9670-fc241f79b14a,2016-07-20,07:30:00,"EDSA Guadix Drive, Wack-wack Mandaluyong",0,0,0,0,0,0,0,0,0,0,2016-07-20 15:30,Property,14.58119822,121.0534578,No Collision Stated
None,EDSA,None,None,"No Accident Factor, No Collision Stated (based on Police Blotter Book), 0.0 drivers_injured, 0.0 drivers_killed, 0.0 passengers_injured, 0.0 passengers_killed, 0.0 pedestrian_injured, 0.0 pedestrian_killed, Fair (Day), EDSA Shell Gas Station, Highway Hills Mandaluyong",MMDA Road Safety Unit,,2e5e5fbc-e6eb-4faa-83f6-c383ab5282c9,2016-07-20,00:45:00,"EDSA Footbridge, Wack-wack Mandaluyong",0,0,0,0,0,0,0,0,0,0,2016-07-20 8:45,Property,14.57692814,121.0503406,No Collision Stated
None,EDSA,None,None,"No Accident Factor, No Collision Stated (based on Police Blotter Book), 0.0 drivers_injured, 0.0 drivers_killed, 0.0 passengers_injured, 0.0 passengers_killed, 0.0 pedestrian_injured, 0.0 pedestrian_killed, Fair (Day), EDSA EDSA, Ortigas Ave., Wack Wack Mandaluyong",MMDA Road Safety Unit,,a43a4a85-13b6-4d20-81a5-e6f6f51b5bba,2016-07-19,23:45:00,EDSA SM Megamall Mandaluyong,0,0,0,0,0,0,0,0,0,0,2016-07-20 7:45,Property,14.59330646,121.0582988,No Collision Stated
None,EDSA,None,None,"No Accident Factor, Side Swipe, 0.0 drivers_injured, 0.0 drivers_killed, 0.0 passengers_injured, 0.0 passengers_killed, 0.0 pedestrian_injured, 0.0 pedestrian_killed, Fair (Day), EDSA  Ortigas Ave. (WB) Mandaluyong",MMDA Road Safety Unit,,8302bd4c-b368-4e67-9ae9-78a60f384cb5,2016-07-19,06:05:00,EDSA Highway 54 Mandaluyong,0,0,0,0,0,0,0,0,0,0,2016-07-19 14:05,Property,14.59324361,121.0584474,Side Swipe
None,EDSA,None,None,"No Accident Factor, No Collision Stated (based on Police Blotter Book), 0.0 drivers_injured, 0.0 drivers_killed, 0.0 passengers_injured, 0.0 passengers_killed, 0.0 pedestrian_injured, 0.0 pedestrian_killed, Fair (Day), EDSA G.A. Tower, Malamig Mandaluyong",MMDA Road Safety Unit,,47f0f286-36fa-4dcb-b6e1-a342a01fcb62,2016-07-19,02:30:00,"EDSA Starmall, Wack Wack Mandaluyong",0,0,0,0,0,0,0,0,0,0,2016-07-19 10:30,Property,14.57392638,121.0480715,No Collision Stated
None,EDSA,None,None,"No Accident Factor, No Collision Stated (based on Police Blotter Book), 0.0 drivers_injured, 0.0 drivers_killed, 1.0 passengers_injured, 0.0 passengers_killed, 0.0 pedestrian_injured, 0.0 pedestrian_killed, Fair (Day), EDSA MRT-Boni Station, Malamig Mandaluyong",MMDA Road Safety Unit,,072eccd3-77f3-4b9f-98ae-566aa0c75fcc,2016-07-19,00:00:00,"EDSA Starmall, Wack Wack Mandaluyong",0,0,0,0,1,0,0,0,0,1,2016-07-19 8:00,Injury,14.57374686,121.0480486,No Collision Stated
None,EDSA,None,None,"No Accident Factor, No Collision Stated (based on Police Blotter Book), 0.0 drivers_injured, 0.0 drivers_killed, 0.0 passengers_injured, 0.0 passengers_killed, 0.0 pedestrian_injured, 0.0 pedestrian_killed, Fair (Day), EDSA MRT-Ortigas Station, Wack Wack Mandaluyong",MMDA Road Safety Unit,,3988bc2e-ff7d-451b-9c6b-5cb17f56e8e6,2016-07-18,23:45:00,"EDSA Starmall Crossing, Wack-wack Mandaluyong",0,0,0,0,0,0,0,0,0,0,2016-07-19 7:45,Property,14.58786167,121.056685,No Collision Stated
None,EDSA,None,None,"No Accident Factor, No Collision Stated (based on Police Blotter Book), 0.0 drivers_injured, 0.0 drivers_killed, 0.0 passengers_injured, 0.0 passengers_killed, 0.0 pedestrian_injured, 0.0 pedestrian_killed, Fair (Day), EDSA SM Megamall, Wack Wack Mandaluyong",MMDA Road Safety Unit,,8e0710a8-bf46-4a85-9d48-0b7c46225fa6,2016-07-18,23:35:00,"EDSA GO Hotel, Barangka Ilaya Mandaluyong",0,0,0,0,0,0,0,0,0,0,2016-07-19 7:35,Property,14.58501645,121.0558372,No Collision Stated
None,EDSA,None,None,"No Accident Factor, No Collision Stated (based on Police Blotter Book), 0.0 drivers_injured, 0.0 drivers_killed, 0.0 passengers_injured, 0.0 passengers_killed, 0.0 pedestrian_injured, 0.0 pedestrian_killed, Fair (Day), EDSA SM Megamall Mandaluyong",MMDA Road Safety Unit,,4851cad0-87a7-4c90-87e2-4e5989f386c6,2016-07-18,09:30:00,EDSA Shangrila Mall Mandaluyong,0,0,0,0,0,0,0,0,0,0,2016-07-18 17:30,Property,14.58501645,121.0558372,No Collision Stated
None,EDSA,None,None,"No Accident Factor, No Collision Stated (based on Police Blotter Book), 0.0 drivers_injured, 0.0 drivers_killed, 0.0 passengers_injured, 0.0 passengers_killed, 0.0 pedestrian_injured, 0.0 pedestrian_killed, Fair (Night), EDSA Ortigas MRT Station, Wack Wack Mandaluyong",MMDA Road Safety Unit,,49bf2f68-6190-45d6-bbc2-1c0576b40186,2016-07-17,18:00:00,"EDSA RICOA Phils., Highway Hills Mandaluyong",0,0,0,0,0,0,0,0,0,0,2016-07-18 2:00,Property,14.58789302,121.0566024,No Collision Stated
None,EDSA,None,None,"No Accident Factor, No Collision Stated (based on Police Blotter Book), 0.0 drivers_injured, 0.0 drivers_killed, 0.0 passengers_injured, 0.0 passengers_killed, 0.0 pedestrian_injured, 0.0 pedestrian_killed, Fair (Day), EDSA Crossing, Highway Hills Mandaluyong",MMDA Road Safety Unit,,ada2ad91-f602-403a-87c3-14c79868fa1d,2016-07-17,09:30:00,"EDSA MRT-Ortigas Station, Wack-wack Mandaluyong",0,0,0,0,0,0,0,0,0,0,2016-07-17 17:30,Property,14.58212391,121.0540758,No Collision Stated
None,EDSA,None,None,"No Accident Factor, No Collision Stated (based on Police Blotter Book), 0.0 drivers_injured, 0.0 drivers_killed, 0.0 passengers_injured, 0.0 passengers_killed, 0.0 pedestrian_injured, 0.0 pedestrian_killed, Fair (Day), EDSA Petron Connecticut, Wack Waqck Mandaluyong",MMDA Road Safety Unit,,e540affb-eebc-4b12-bd32-c45f350574f2,2016-07-17,08:00:00,"EDSA EDSA Central, Highway Hills Mandaluyong",0,0,0,0,0,0,0,0,0,0,2016-07-17 16:00,Property,14.6013754,121.059222,No Collision Stated
None,EDSA,None,None,"No Accident Factor, Multiple Collision, 0.0 drivers_injured, 0.0 drivers_killed, 0.0 passengers_injured, 0.0 passengers_killed, 0.0 pedestrian_injured, 0.0 pedestrian_killed, Fair (Day), EDSA Highway 54 Bldg., Wack Wack Mandaluyong",MMDA Road Safety Unit,,4917e4df-f411-434e-9c15-99e31973d097,2016-07-15,23:50:00,EDSA Crossing Mandaluyong,0,0,0,0,0,0,0,0,0,0,2016-07-16 7:50,Property,14.58500097,121.0556243,Multiple
None,EDSA,None,None,"No Accident Factor, No Collision Stated (based on Police Blotter Book), 0.0 drivers_injured, 0.0 drivers_killed, 0.0 passengers_injured, 0.0 passengers_killed, 0.0 pedestrian_injured, 0.0 pedestrian_killed, Fair (Day), EDSA Go Hotel, Ilaya Mandaluyong",MMDA Road Safety Unit,,2725390a-0db0-4021-9d6e-e5bd7d505c12,2016-07-15,23:00:00,EDSA PGA Cars Mandaluyong,0,0,0,0,0,0,0,0,0,0,2016-07-16 7:00,Property,14.57001193,121.0464575,No Collision Stated