LOCATION_TEXT,ROAD,WEATHER,LIGHT,DESC,REPORTING_AGENCY,MAIN_CAUSE,INCIDENTDETAILS_ID,DATE_UTC,TIME_UTC,ADDRESS,killed_driver,killed_passenger,killed_pedestrian,injured_driver,injured_passenger,injured_pedestrian,killed_uncategorized,injured_uncategorized,killed_total,injured_total,DATETIME_PST,SEVERITY,Y,X,COLLISION_TYPE
None,EDSA,None,None,"No Accident Factor, No Collision Stated (based on Police Blotter Book), 0.0 drivers_injured, 0.0 drivers_killed, 0.0 passengers_injured, 0.0 passengers_killed, 0.0 pedestrian_injured, 0.0 pedestrian_killed, Fair (Night), EDSA Robinsons Forum, Pioneer, Ilaya Mandaluyong",MMDA Road Safety Unit,,5cf2b159-261a-4fca-949d-8080ac668c0a,2016-07-15,16:30:00,"EDSA Audi Motors, Wack Wack Mandaluyong",0,0,0,0,0,0,0,0,0,0,2016-07-16 0:30,Property,14.57182388,121.0470705,No Collision Stated
None,EDSA,None,None,"No Accident Factor, Rear-end, 0.0 drivers_injured, 0.0 drivers_killed, 0.0 passengers_injured, 0.0 passengers_killed, 0.0 pedestrian_injured, 0.0 pedestrian_killed, Fair (Night), EDSA Crossing, Highway Hills Mandaluyong",MMDA Road Safety Unit,,2d8aeaeb-ffad-4764-a150-b200337aace6,2016-07-15,10:00:00,"EDSA MRT-Ortigas Station, Wack-wack Mandaluyong",0,0,0,0,0,0,0,0,0,0,2016-07-15 18:00,Property,14.58212391,121.0540758,Rear-End
None,EDSA,None,None,"No Accident Factor, Hit and Run (No Collision Stated), 0.0 drivers_injured, 0.0 drivers_killed, 0.0 passengers_injured, 0.0 passengers_killed, 0.0 pedestrian_injured, 0.0 pedestrian_killed, Fair (Day), EDSA Pinatubo St. Mandaluyong",MMDA Road Safety Unit,,61448707-d02e-4e5c-8890-64f9e89b6333,2016-07-15,06:00:00,EDSA V. R. Potenciano Medical Center Mandaluyong,0,0,0,0,0,0,0,0,0,0,2016-07-15 14:00,Property,14.57321369,121.0476439,No Collision Stated
None,EDSA,None,None,"No Accident Factor, No Collision Stated (based on Police Blotter Book), 0.0 drivers_injured, 0.0 drivers_killed, 0.0 passengers_injured, 0.0 passengers_killed, 0.0 pedestrian_injured, 0.0 pedestrian_killed, Fair (Night), EDSA PGA Motors Mandaluyong",MMDA Road Safety Unit,,5280f583-7473-49dc-a9c4-ec48ae0acbaf,2016-07-14,17:25:00,EDSA Boni Ave. Mandaluyong,0,0,0,0,0,0,0,0,0,0,2016-07-15 1:25,Property,14.59623028,121.0592439,No Collision Stated
None,EDSA,None,None,"No Accident Factor, No Collision Stated (based on Police Blotter Book), 0.0 drivers_injured, 0.0 drivers_killed, 0.0 passengers_injured, 0.0 passengers_killed, 0.0 pedestrian_injured, 0.0 pedestrian_killed, Fair (Night), EDSA Starmall, Wack Wack Mandaluyong",MMDA Road Safety Unit,,261b7559-b3c4-4beb-8f19-be4dda07c548,2016-07-14,17:00:00,EDSA Apo St. Mandaluyong,0,0,0,0,0,0,0,0,0,0,2016-07-15 1:00,Property,14.58198795,121.0540368,No Collision Stated
None,EDSA,None,None,"No Accident Factor, Side Swipe, 0.0 drivers_injured, 0.0 drivers_killed, 0.0 passengers_injured, 0.0 passengers_killed, 0.0 pedestrian_injured, 0.0 pedestrian_killed, Fair (Day), EDSA Boni Ave.  Mandaluyong",MMDA Road Safety Unit,,0ac9f9c1-f511-4afe-b4a1-be71e2b370e1,2016-07-14,08:45:00,"EDSA V. R. Potenciano Medical Center, Highway Hills Mandaluyong",0,0,0,0,0,0,0,0,0,0,2016-07-14 16:45,Property,14.57249077,121.0472372,Side Swipe
None,EDSA,None,None,"No Accident Factor, No Collision Stated (based on Police Blotter Book), 0.0 drivers_injured, 0.0 drivers_killed, 0.0 passengers_injured, 0.0 passengers_killed, 0.0 pedestrian_injured, 0.0 pedestrian_killed, Fair (Day), EDSA Pioneer St., Barangka Ilaya Mandaluyong",MMDA Road Safety Unit,,a00c7be0-2337-41ea-a4b6-e3fe225207d2,2016-07-14,03:45:00,"EDSA Caltex Gas Station, Connecticut St., Wack-wack Mandaluyong",0,0,0,0,0,0,0,0,0,0,2016-07-14 11:45,Property,14.57236671,121.0472702,No Collision Stated
None,EDSA,None,None,"No Accident Factor, No Collision Stated (based on Police Blotter Book), 0.0 drivers_injured, 0.0 drivers_killed, 0.0 passengers_injured, 0.0 passengers_killed, 0.0 pedestrian_injured, 0.0 pedestrian_killed, Fair (Day), EDSA Pioneer St., Barangka Ilaya Mandaluyong",MMDA Road Safety Unit,,55c82929-132b-4987-9294-4f5fb39d68c3,2016-07-14,03:00:00,"EDSA Pinatubo St., Malamig Mandaluyong",0,0,0,0,0,0,0,0,0,0,2016-07-14 11:00,Property,14.57236671,121.0472702,No Collision Stated
None,EDSA,None,None,"No Accident Factor, No Collision Stated (based on Police Blotter Book), 0.0 drivers_injured, 0.0 drivers_killed, 0.0 passengers_injured, 0.0 passengers_killed, 0.0 pedestrian_injured, 0.0 pedestrian_killed, Fair (Night), EDSA Ortigas MRT Station, Wack Wack Mandaluyong",MMDA Road Safety Unit,,2200f630-bc12-4d44-be76-f04aeaf87b78,2016-07-13,11:30:00,EDSA Shaw Blvd. Mandaluyong,0,0,0,0,0,0,0,0,0,0,2016-07-13 19:30,Property,14.58789302,121.0566024,No Collision Stated
None,EDSA,None,None,"No Accident Factor, Rear-end, 0.0 drivers_injured, 0.0 drivers_killed, 0.0 passengers_injured, 0.0 passengers_killed, 0.0 pedestrian_injured, 0.0 pedestrian_killed, Fair (Day), EDSA Shaw Crossing Mandaluyong",MMDA Road Safety Unit,,6896c5ec-d4d6-40fc-8df0-4c85086389b0,2016-07-13,03:55:00,"EDSA RICOA Phils., Highway Hills Mandaluyong",0,0,0,0,0,0,0,0,0,0,2016-07-13 11:55,Property,14.58119822,121.0534578,Rear-End
None,EDSA,None,None,"No Accident Factor, No Collision Stated (based on Police Blotter Book), 0.0 drivers_injured, 0.0 drivers_killed, 0.0 passengers_injured, 0.0 passengers_killed, 0.0 pedestrian_injured, 0.0 pedestrian_killed, Fair (Night), EDSA SM Megamall, Wack Wack Mandaluyong",MMDA Road Safety Unit,,e691ae19-0d31-475a-b961-030f4ec2577c,2016-07-12,13:30:00,"EDSA Robinsons Forum, Ilaya Mandaluyong",0,0,0,0,0,0,0,0,0,0,2016-07-12 21:30,Property,14.58501645,121.0558372,No Collision Stated
None,EDSA,None,None,"No Accident Factor, Angle Impact, 0.0 drivers_injured, 0.0 drivers_killed, 0.0 passengers_injured, 0.0 passengers_killed, 0.0 pedestrian_injured, 0.0 pedestrian_killed, Fair (Night), EDSA V.R. Potenciano Medical Center Mandaluyong",MMDA Road Safety Unit,,6ba6cff1-72e1-4146-86ed-0fe5270d6aef,2016-07-12,10:00:00,"EDSA Shangrila Mall, Wack Wack Mandaluyong",0,0,0,0,0,0,0,0,0,0,2016-07-12 18:00,Property,14.57684342,121.0502966,Angle Impact
None,EDSA,None,None,"No Accident Factor, No Collision Stated (based on Police Blotter Book), 0.0 drivers_injured, 0.0 drivers_killed, 0.0 passengers_injured, 0.0 passengers_killed, 0.0 pedestrian_injured, 0.0 pedestrian_killed, Fair (Day), EDSA PGA Car Bldg., Wack Wack Mandaluyong",MMDA Road Safety Unit,,bbb706ec-59c3-494e-ae46-ceb17e2e1efe,2016-07-12,00:40:00,EDSA Reliance Mandaluyong,0,0,0,0,0,0,0,0,0,0,2016-07-12 8:40,Property,14.59623028,121.0592439,No Collision Stated
None,EDSA,None,None,"No Accident Factor, No Collision Stated (based on Police Blotter Book), 0.0 drivers_injured, 0.0 drivers_killed, 0.0 passengers_injured, 0.0 passengers_killed, 0.0 pedestrian_injured, 0.0 pedestrian_killed, Fair (Day), EDSA Apo St. Mandaluyong",MMDA Road Safety Unit,,37693921-df95-486c-8195-da109b6f9ce7,2016-07-11,23:35:00,EDSA Boni Ave. Mandaluyong,0,0,0,0,0,0,0,0,0,0,2016-07-12 7:35,Property,14.5715578,121.046752,No Collision Stated
None,EDSA,None,None,"No Accident Factor, No Collision Stated (based on Police Blotter Book), 0.0 drivers_injured, 0.0 drivers_killed, 0.0 passengers_injured, 0.0 passengers_killed, 0.0 pedestrian_injured, 0.0 pedestrian_killed, Fair (Night), EDSA Caltex Gas Station, Boni Ave., Barangka Ilaya Mandaluyong",MMDA Road Safety Unit,,83a0560a-a6a8-4524-80a5-701bae2a0b13,2016-07-09,12:15:00,"EDSA Highway 54, Wack-wack Mandaluyong",0,0,0,0,0,0,0,0,0,0,2016-07-09 20:15,Property,14.57228634,121.0470942,No Collision Stated
None,EDSA,None,None,"No Accident Factor, Side Swipe, 0.0 drivers_injured, 0.0 drivers_killed, 0.0 passengers_injured, 0.0 passengers_killed, 0.0 pedestrian_injured, 0.0 pedestrian_killed, Fair (Day), EDSA United St. Mandaluyong",MMDA Road Safety Unit,,a9d6e4f2-8355-4ec5-943d-aef8697633d8,2016-07-09,08:00:00,"EDSA SM Megamall, Wack-wack Mandaluyong",0,0,0,0,0,0,0,0,0,0,2016-07-09 16:00,Property,14.57931229,121.0523819,Side Swipe
None,EDSA,None,None,"No Accident Factor, Rear-end, 0.0 drivers_injured, 0.0 drivers_killed, 0.0 passengers_injured, 0.0 passengers_killed, 0.0 pedestrian_injured, 0.0 pedestrian_killed, Fair (Day), EDSA Reliance St. Mandaluyong",MMDA Road Safety Unit,,117e7561-fb2f-4324-ba0d-a2cad7d813a0,2016-07-09,01:10:00,"EDSA Shaw Blvd., Wack-wack Mandaluyong",0,0,0,0,0,0,0,0,0,0,2016-07-09 9:10,Property,14.57669064,121.0504494,Rear-End
None,EDSA,None,None,"No Accident Factor, No Collision Stated (based on Police Blotter Book), 0.0 drivers_injured, 0.0 drivers_killed, 0.0 passengers_injured, 0.0 passengers_killed, 0.0 pedestrian_injured, 0.0 pedestrian_killed, Fair (Night), EDSA Madison St., Ilaya Mandaluyong",MMDA Road Safety Unit,,5718d442-a321-4d6e-b749-3e7afbe53dab,2016-07-08,21:05:00,EDSA Shaw Blvd. Mandaluyong,0,0,0,0,0,0,0,0,0,0,2016-07-09 5:05,Property,14.57464299,121.0489046,No Collision Stated
None,EDSA,None,None,"No Accident Factor, Angle Impact, 0.0 drivers_injured, 0.0 drivers_killed, 0.0 passengers_injured, 0.0 passengers_killed, 0.0 pedestrian_injured, 0.0 pedestrian_killed, Fair (Day), EDSA Pinatubo St. Mandaluyong",MMDA Road Safety Unit,,9df1d760-a07d-4682-89e3-ef4f44903193,2016-07-08,09:30:00,EDSA Madison St. Mandaluyong,0,0,0,0,0,0,0,0,0,0,2016-07-08 17:30,Property,14.57321369,121.0476439,Angle Impact
None,EDSA,None,None,"No Accident Factor, Rear-end, 0.0 drivers_injured, 0.0 drivers_killed, 0.0 passengers_injured, 0.0 passengers_killed, 0.0 pedestrian_injured, 0.0 pedestrian_killed, Fair (Day), EDSA Crossing, Wack-wack Mandaluyong",MMDA Road Safety Unit,,e7624b6e-da69-4723-a059-2579a4926936,2016-07-08,08:25:00,EDSA SM Megamall Mandaluyong,0,0,0,0,0,0,0,0,0,0,2016-07-08 16:25,Property,14.58212391,121.0540758,Rear-End
None,EDSA,None,None,"No Accident Factor, No Collision Stated (based on Police Blotter Book), 0.0 drivers_injured, 0.0 drivers_killed, 0.0 passengers_injured, 0.0 passengers_killed, 0.0 pedestrian_injured, 0.0 pedestrian_killed, Fair (Night), EDSA Starmall, Wack Wack Mandaluyong",MMDA Road Safety Unit,,96d9baca-746d-4b18-b299-d6aebe59300b,2016-07-07,15:30:00,"EDSA SMDC, Highway Hills Mandaluyong",0,0,0,0,0,0,0,0,0,0,2016-07-07 23:30,Property,14.58198795,121.0540368,No Collision Stated
None,EDSA,None,None,"No Accident Factor, No Collision Stated (based on Police Blotter Book), 0.0 drivers_injured, 0.0 drivers_killed, 0.0 passengers_injured, 0.0 passengers_killed, 0.0 pedestrian_injured, 0.0 pedestrian_killed, Fair (Night), EDSA GO Hotel, Ilaya Mandaluyong",MMDA Road Safety Unit,,f3d603be-740a-4002-84b3-dae8f9a85e3e,2016-07-07,13:15:00,EDSA Reliance (NB) Mandaluyong,0,0,0,0,0,0,0,0,0,0,2016-07-07 21:15,Property,14.57001193,121.0464575,No Collision Stated
None,EDSA,None,None,"No Accident Factor, No Collision Stated (based on Police Blotter Book), 0.0 drivers_injured, 0.0 drivers_killed, 0.0 passengers_injured, 0.0 passengers_killed, 0.0 pedestrian_injured, 0.0 pedestrian_killed, Fair (Day), EDSA SM Megamall, Wack Wack Mandaluyong",MMDA Road Safety Unit,,fba396aa-92b2-4d62-9649-c26ec3b9fb4a,2016-07-07,08:50:00,"EDSA Reliance St., Highway Hills Mandaluyong",0,0,0,0,0,0,0,0,0,0,2016-07-07 16:50,Property,14.58501645,121.0558372,No Collision Stated
None,EDSA,None,None,"No Accident Factor, No Collision Stated (based on Police Blotter Book), 0.0 drivers_injured, 0.0 drivers_killed, 0.0 passengers_injured, 0.0 passengers_killed, 0.0 pedestrian_injured, 0.0 pedestrian_killed, Fair (Day), EDSA MRT-Boni Station, Malamig Mandaluyong",MMDA Road Safety Unit,,37a9783d-3f19-40b5-b4fa-a3795520fda9,2016-07-07,07:30:00,"EDSA MRT-Ortigas Station, Wack-wack Mandaluyong",0,0,0,0,0,0,0,0,0,0,2016-07-07 15:30,Property,14.57374686,121.0480486,No Collision Stated
None,EDSA,None,None,"No Accident Factor, No Collision Stated (based on Police Blotter Book), 0.0 drivers_injured, 0.0 drivers_killed, 0.0 passengers_injured, 0.0 passengers_killed, 0.0 pedestrian_injured, 0.0 pedestrian_killed, Fair (Night), EDSA Reliance St., Highway Hills Mandaluyong",MMDA Road Safety Unit,,eb4a32c2-b0cb-4676-93f1-e249aedff950,2016-07-05,14:00:00,EDSA SMDC    Mandaluyong,0,0,0,0,0,0,0,0,0,0,2016-07-05 22:00,Property,14.57669064,121.0504494,No Collision Stated
None,EDSA,None,None,"No Accident Factor, No Collision Stated (based on Police Blotter Book), 0.0 drivers_injured, 0.0 drivers_killed, 0.0 passengers_injured, 0.0 passengers_killed, 0.0 pedestrian_injured, 0.0 pedestrian_killed, Fair (Night), EDSA Reliance St., Buayang Bato Mandaluyong",MMDA Road Safety Unit,,e1c4f45f-2918-432a-941d-6d9f4ec46b2e,2016-07-05,10:00:00,EDSA Reliance (NB) Mandaluyong,0,0,0,0,0,0,0,0,0,0,2016-07-05 18:00,Property,14.57669064,121.0504494,No Collision Stated
None,EDSA,None,None,"No Accident Factor, No Collision Stated (based on Police Blotter Book), 0.0 drivers_injured, 0.0 drivers_killed, 0.0 passengers_injured, 0.0 passengers_killed, 0.0 pedestrian_injured, 0.0 pedestrian_killed, Fair (Day), EDSA Robinsons Galleria, Wack Wack Mandaluyong",MMDA Road Safety Unit,,d80f97b1-8893-44a3-824d-11a04652806d,2016-07-05,00:15:00,"EDSA Pioneer St., Barangka Ilaya Mandaluyong",0,0,0,0,0,0,0,0,0,0,2016-07-05 8:15,Property,14.59233609,121.0582864,No Collision Stated
None,EDSA,None,None,"No Accident Factor, No Collision Stated (based on Police Blotter Book), 0.0 drivers_injured, 0.0 drivers_killed, 0.0 passengers_injured, 0.0 passengers_killed, 0.0 pedestrian_injured, 0.0 pedestrian_killed, Fair (Night), EDSA Crossing, Wack-wack Mandaluyong",MMDA Road Safety Unit,,96ea26f3-09e5-47e7-b4ad-4eef45f68846,2016-07-04,20:30:00,"EDSA Shangri-La Garden Way, Wack-wack Mandaluyong",0,0,0,0,0,0,0,0,0,0,2016-07-05 4:30,Property,14.58212391,121.0540758,No Collision Stated
None,EDSA,None,None,"No Accident Factor, Angle Impact, 0.0 drivers_injured, 0.0 drivers_killed, 1.0 passengers_injured, 0.0 passengers_killed, 0.0 pedestrian_injured, 0.0 pedestrian_killed, Fair (Day), EDSA Shaw Blvd. Mandaluyong",MMDA Road Safety Unit,,99dac4ff-7935-4be0-8927-8c4bacb68a1d,2016-07-03,04:05:00,EDSA Robinson's Place Pioneer Mandaluyong,0,0,0,0,1,0,0,0,0,1,2016-07-03 12:05,Injury,14.58119822,121.0534578,Angle Impact
None,EDSA,None,None,"No Accident Factor, No Collision Stated (based on Police Blotter Book), 0.0 drivers_injured, 0.0 drivers_killed, 0.0 passengers_injured, 0.0 passengers_killed, 0.0 pedestrian_injured, 0.0 pedestrian_killed, Fair (Day), EDSA Caltex Gas station Mandaluyong",MMDA Road Safety Unit,,f252a631-fe2d-499f-ab22-0db1df0a0769,2016-07-03,00:00:00,EDSA Ortigas (NB) Mandaluyong,0,0,0,0,0,0,0,0,0,0,2016-07-03 8:00,Property,14.57228343,121.0470451,No Collision Stated
None,EDSA,None,None,"No Accident Factor, No Collision Stated (based on Police Blotter Book), 0.0 drivers_injured, 0.0 drivers_killed, 0.0 passengers_injured, 0.0 passengers_killed, 0.0 pedestrian_injured, 0.0 pedestrian_killed, Fair (Night), EDSA Highway 54 Bldg., Wack Wack Mandaluyong",MMDA Road Safety Unit,,51d3fb92-04c6-4a1e-b45a-da73a607d4f0,2016-07-02,11:00:00,EDSA Boni Footbridge Mandaluyong,0,0,0,0,0,0,0,0,0,0,2016-07-02 19:00,Property,14.58500097,121.0556243,No Collision Stated
None,EDSA,None,None,"No Accident Factor, Angle Impact, 0.0 drivers_injured, 0.0 drivers_killed, 0.0 passengers_injured, 0.0 passengers_killed, 0.0 pedestrian_injured, 0.0 pedestrian_killed, Fair (Day), EDSA SMDC Mandaluyong",MMDA Road Safety Unit,,5a20567a-1660-4a2f-bd78-fea2ef278a16,2016-07-02,03:00:00,EDSA Boni Ave. Mandaluyong,0,0,0,0,0,0,0,0,0,0,2016-07-02 11:00,Property,14.57496984,121.0491482,Angle Impact
None,EDSA,None,None,"No Accident Factor, No Collision Stated (based on Police Blotter Book), 0.0 drivers_injured, 0.0 drivers_killed, 0.0 passengers_injured, 0.0 passengers_killed, 0.0 pedestrian_injured, 0.0 pedestrian_killed, Fair (Night), EDSA V. R. Potenciano Medical Center, Highway Hills Mandaluyong",MMDA Road Safety Unit,,cc3ea5ad-868d-4471-a8ce-499427fef7d0,2016-07-01,21:15:00,EDSA Robinson's Place Pioneer Mandaluyong,0,0,0,0,0,0,0,0,0,0,2016-07-02 5:15,Property,14.57684342,121.0502966,No Collision Stated
None,EDSA,None,None,"No Accident Factor, No Collision Stated (based on Police Blotter Book), 0.0 drivers_injured, 0.0 drivers_killed, 0.0 passengers_injured, 0.0 passengers_killed, 0.0 pedestrian_injured, 0.0 pedestrian_killed, Fair (Night), EDSA EDSA Central, Highway Hills Mandaluyong",MMDA Road Safety Unit,,51ddc2e8-2848-4ec7-9d48-45b3f9b82582,2016-07-01,14:30:00,"EDSA Libertad St., Highway Hills Mandaluyong",0,0,0,0,0,0,0,0,0,0,2016-07-01 22:30,Property,14.57994372,121.0528367,No Collision Stated
None,EDSA,None,None,"No Accident Factor, No Collision Stated (based on Police Blotter Book), 0.0 drivers_injured, 0.0 drivers_killed, 0.0 passengers_injured, 0.0 passengers_killed, 0.0 pedestrian_injured, 0.0 pedestrian_killed, Fair (Night), EDSA Madison St., Buayang Bato Mandaluyong",MMDA Road Safety Unit,,0ddd614c-4efb-4018-babd-d61ae26fd3f4,2016-07-01,13:30:00,EDSA Boni (SB) Mandaluyong,0,0,0,0,0,0,0,0,0,0,2016-07-01 21:30,Property,14.57464299,121.0489046,No Collision Stated
None,EDSA,None,None,"No Accident Factor, Side Swipe, 0.0 drivers_injured, 0.0 drivers_killed, 0.0 passengers_injured, 0.0 passengers_killed, 0.0 pedestrian_injured, 0.0 pedestrian_killed, Fair (Night), EDSA Light Mall Mandaluyong",MMDA Road Safety Unit,,0cc841c2-a9f3-482a-b800-d1a14a81880b,2016-07-01,13:15:00,"EDSA Highway 54, Wack-wack Mandaluyong",0,0,0,0,0,0,0,0,0,0,2016-07-01 21:15,Property,14.57395349,121.0484543,Side Swipe
None,EDSA,None,None,"No Accident Factor, Side Swipe, 0.0 drivers_injured, 0.0 drivers_killed, 0.0 passengers_injured, 0.0 passengers_killed, 0.0 pedestrian_injured, 0.0 pedestrian_killed, Fair (Night), EDSA Robinsons Forum Mandaluyong",MMDA Road Safety Unit,,fc52e083-2c51-419d-8738-66258938921c,2016-07-01,12:00:00,"EDSA Highway 54, Wack-wack Mandaluyong",0,0,0,0,0,0,0,0,0,0,2016-07-01 20:00,Property,14.57182388,121.0470705,Side Swipe
None,EDSA,None,None,"No Accident Factor, No Collision Stated (based on Police Blotter Book), 0.0 drivers_injured, 0.0 drivers_killed, 0.0 passengers_injured, 0.0 passengers_killed, 0.0 pedestrian_injured, 0.0 pedestrian_killed, Fair (Day), EDSA Pioneer St. Mandaluyong",MMDA Road Safety Unit,,d28de224-b245-4d66-a893-7c4a3660308d,2016-07-01,06:45:00,EDSA Garden Way Mandaluyong,0,0,0,0,0,0,0,0,0,0,2016-07-01 14:45,Property,14.57236671,121.0472702,No Collision Stated
None,EDSA,None,None,"No Accident Factor, Rear-end, 0.0 drivers_injured, 0.0 drivers_killed, 0.0 passengers_injured, 0.0 passengers_killed, 0.0 pedestrian_injured, 0.0 pedestrian_killed, Fair (Day), EDSA SM Megamall Mandaluyong",MMDA Road Safety Unit,,b2cf8165-a30c-416f-85bf-41306f10efb8,2016-07-01,06:00:00,EDSA Rochester (SB) Mandaluyong,0,0,0,0,0,0,0,0,0,0,2016-07-01 14:00,Property,14.58501645,121.0558372,Rear-End
None,EDSA,None,None,"No Accident Factor, Rear-end, 0.0 drivers_injured, 0.0 drivers_killed, 0.0 passengers_injured, 0.0 passengers_killed, 0.0 pedestrian_injured, 0.0 pedestrian_killed, Fair (Day), EDSA MRT-Ortigas Station Mandaluyong",MMDA Road Safety Unit,,4a2e1ff9-757f-4704-9c91-96f071e037d4,2016-07-01,01:45:00,EDSA SM Megamall Mandaluyong,0,0,0,0,0,0,0,0,0,0,2016-07-01 9:45,Property,14.58786167,121.056685,Rear-End
None,EDSA,None,None,"No Accident Factor, Side Swipe, 0.0 drivers_injured, 0.0 drivers_killed, 0.0 passengers_injured, 0.0 passengers_killed, 0.0 pedestrian_injured, 0.0 pedestrian_killed, Fair (Night), EDSA Boni Ave.  Mandaluyong",MMDA Road Safety Unit,,158a5aeb-b131-4ce6-a21e-911e5a239bae,2016-06-30,12:25:00,EDSA Boni (SB) Mandaluyong,0,0,0,0,0,0,0,0,0,0,2016-06-30 20:25,Property,14.57249077,121.0472372,Side Swipe
None,EDSA,None,None,"No Accident Factor, Rear-end, 0.0 drivers_injured, 0.0 drivers_killed, 0.0 passengers_injured, 0.0 passengers_killed, 0.0 pedestrian_injured, 0.0 pedestrian_killed, Fair (Day), EDSA Guadix Road (WB)  Mandaluyong",MMDA Road Safety Unit,,c08a415b-5170-4078-b30e-a34440848379,2016-06-30,08:00:00,"EDSA SMDC, Highway Hills Mandaluyong",0,0,0,0,0,0,0,0,0,0,2016-06-30 16:00,Property,14.58948577,121.0573946,Rear-End
None,EDSA,None,None,"No Accident Factor, Rear-end, 0.0 drivers_injured, 0.0 drivers_killed, 0.0 passengers_injured, 0.0 passengers_killed, 0.0 pedestrian_injured, 0.0 pedestrian_killed, Fair (Day), EDSA Ortigas Ave. (EB) Mandaluyong",MMDA Road Safety Unit,,387fceda-c4f3-4b70-bb18-c0f3d638ee63,2016-06-30,01:55:00,EDSA Megamall (NB) Mandaluyong,0,0,0,0,0,0,0,0,0,0,2016-06-30 9:55,Property,14.59327428,121.0582827,Rear-End
None,EDSA,None,None,"No Accident Factor, No Collision Stated (based on Police Blotter Book), 0.0 drivers_injured, 0.0 drivers_killed, 0.0 passengers_injured, 0.0 passengers_killed, 0.0 pedestrian_injured, 0.0 pedestrian_killed, Fair (Night), EDSA Bank Drive, SM Bldg. A, Wack Wack Mandaluyong",MMDA Road Safety Unit,,12d2d553-a8c8-4663-91a1-89e5082ec97f,2016-06-29,12:00:00,"EDSA Highway 54, Wack-wack Mandaluyong",0,0,0,0,0,0,0,0,0,0,2016-06-29 20:00,Property,14.58694325,121.0565402,No Collision Stated
None,EDSA,None,None,"No Accident Factor, No Collision Stated (based on Police Blotter Book), 0.0 drivers_injured, 0.0 drivers_killed, 0.0 passengers_injured, 0.0 passengers_killed, 0.0 pedestrian_injured, 0.0 pedestrian_killed, Fair (Day), EDSA Robinsons Pioneer, Barangka Ilaya Mandaluyong",MMDA Road Safety Unit,,30e373ba-00e3-420a-95e7-cc5017df7c7d,2016-06-29,08:50:00,EDSA Megamall Building B (NB) Mandaluyong,0,0,0,0,0,0,0,0,0,0,2016-06-29 16:50,Property,14.57161544,121.0469258,No Collision Stated
None,EDSA,None,None,"No Accident Factor, No Collision Stated (based on Police Blotter Book), 0.0 drivers_injured, 0.0 drivers_killed, 0.0 passengers_injured, 0.0 passengers_killed, 0.0 pedestrian_injured, 0.0 pedestrian_killed, Fair (Day), EDSA Pavilion, Highway Hills Mandaluyong",MMDA Road Safety Unit,,fc3a0380-4f1f-4d4b-a79a-79631bab8132,2016-06-29,05:30:00,EDSA Ortigas Mrt (NB) Mandaluyong,0,0,0,0,0,0,0,0,0,0,2016-06-29 13:30,Property,14.5794983,121.052618,No Collision Stated
None,EDSA,None,None,"No Accident Factor, No Collision Stated (based on Police Blotter Book), 0.0 drivers_injured, 0.0 drivers_killed, 0.0 passengers_injured, 0.0 passengers_killed, 0.0 pedestrian_injured, 0.0 pedestrian_killed, Fair (Day), EDSA Go Hotel, Ilaya Mandaluyong",MMDA Road Safety Unit,,e65e7202-47ac-4893-8a2d-a92d17dcd46f,2016-06-29,00:00:00,EDSA Reliance St. Mandaluyong,0,0,0,0,0,0,0,0,0,0,2016-06-29 8:00,Property,14.57001193,121.0464575,No Collision Stated
None,EDSA,None,None,"No Accident Factor, No Collision Stated (based on Police Blotter Book), 0.0 drivers_injured, 0.0 drivers_killed, 0.0 passengers_injured, 0.0 passengers_killed, 0.0 pedestrian_injured, 0.0 pedestrian_killed, Fair (Day), EDSA Boni MRT Station, Malamig Mandaluyong",MMDA Road Safety Unit,,595722ff-8411-4875-9fa5-dffb8b0394f0,2016-06-28,23:15:00,EDSA Connecticut St. Mandaluyong,0,0,0,0,0,0,0,0,0,0,2016-06-29 7:15,Property,14.57372098,121.0479555,No Collision Stated
None,EDSA,None,None,"No Accident Factor, No Collision Stated (based on Police Blotter Book), 0.0 drivers_injured, 0.0 drivers_killed, 0.0 passengers_injured, 0.0 passengers_killed, 0.0 pedestrian_injured, 0.0 pedestrian_killed, Fair (Night), EDSA Starmall, Wack Wack Mandaluyong",MMDA Road Safety Unit,,f663bdf0-95e9-49c2-aeeb-d154a7196522,2016-06-28,11:20:00,EDSA Ortigas (EB) Mandaluyong,0,0,0,0,0,0,0,0,0,0,2016-06-28 19:20,Property,14.58198795,121.0540368,No Collision Stated
None,EDSA,None,None,"No Accident Factor, No Collision Stated (based on Police Blotter Book), 0.0 drivers_injured, 0.0 drivers_killed, 0.0 passengers_injured, 0.0 passengers_killed, 0.0 pedestrian_injured, 0.0 pedestrian_killed, Fair (Night), EDSA Ricoa, Highway Hills Mandaluyong",MMDA Road Safety Unit,,772cad5c-d962-4fe3-86d2-c69ece51fcc7,2016-06-27,11:55:00,EDSA Ortigas Ave. Mandaluyong,0,0,0,0,0,0,0,0,0,0,2016-06-27 19:55,Property,14.57597502,121.0499586,No Collision Stated