LOCATION_TEXT,ROAD,WEATHER,LIGHT,DESC,REPORTING_AGENCY,MAIN_CAUSE,INCIDENTDETAILS_ID,DATE_UTC,TIME_UTC,ADDRESS,killed_driver,killed_passenger,killed_pedestrian,injured_driver,injured_passenger,injured_pedestrian,killed_uncategorized,injured_uncategorized,killed_total,injured_total,DATETIME_PST,SEVERITY,Y,X,COLLISION_TYPE
None,EDSA,None,None,"No Accident Factor, Side Swipe, 0.0 drivers_injured, 0.0 drivers_killed, 0.0 passengers_injured, 0.0 passengers_killed, 0.0 pedestrian_injured, 0.0 pedestrian_killed, Fair (Night), EDSA Starmall (SB) Mandaluyong",MMDA Road Safety Unit,,18af8389-80ed-4766-bb88-e4a6cfb10946,2016-06-26,13:55:00,EDSA Pioneer (NB) Mandaluyong,0,0,0,0,0,0,0,0,0,0,2016-06-26 21:55,Property,14.58198795,121.0540368,Side Swipe
None,EDSA,None,None,"No Accident Factor, Side Swipe, 0.0 drivers_injured, 0.0 drivers_killed, 0.0 passengers_injured, 0.0 passengers_killed, 0.0 pedestrian_injured, 0.0 pedestrian_killed, Fair (Night), EDSA Reliance (SB) Mandaluyong",MMDA Road Safety Unit,,e4c8f24d-c190-45c4-8df5-93f52a092436,2016-06-26,10:00:00,EDSA Pinatubo St.  Mandaluyong,0,0,0,0,0,0,0,0,0,0,2016-06-26 18:00,Property,14.57669064,121.0504494,Side Swipe
None,EDSA,None,None,"No Accident Factor, Multiple Collision, 0.0 drivers_injured, 0.0 drivers_killed, 0.0 passengers_injured, 0.0 passengers_killed, 0.0 pedestrian_injured, 0.0 pedestrian_killed, Fair (Day), EDSA Go Hotel, Barangka Ilaya Mandaluyong",MMDA Road Safety Unit,,e471bbb9-0239-4c4c-958e-082fa93d5113,2016-06-26,06:00:00,EDSA Connecticut St.  Mandaluyong,0,0,0,0,0,0,0,0,0,0,2016-06-26 14:00,Property,14.57001193,121.0464575,Multiple
None,EDSA,None,None,"No Accident Factor, No Collision Stated (based on Police Blotter Book), 0.0 drivers_injured, 0.0 drivers_killed, 0.0 passengers_injured, 0.0 passengers_killed, 0.0 pedestrian_injured, 0.0 pedestrian_killed, Fair (Night), EDSA Starmall, Wack Wack Mandaluyong",MMDA Road Safety Unit,,7ea1be5d-c49a-4a11-b994-0f40921af56e,2016-06-25,16:00:00,"EDSA Footbridge, Wack-Wack Mandaluyong",0,0,0,0,0,0,0,0,0,0,2016-06-26,Property,14.58198795,121.0540368,No Collision Stated
None,EDSA,None,None,"No Accident Factor, No Collision Stated (based on Police Blotter Book), 0.0 drivers_injured, 0.0 drivers_killed, 0.0 passengers_injured, 0.0 passengers_killed, 0.0 pedestrian_injured, 0.0 pedestrian_killed, Fair (Night), EDSA Shangri-la Driveway, Wack Wack Mandaluyong",MMDA Road Safety Unit,,67926966-4182-4ee6-92b5-5a1731ca78b3,2016-06-25,15:00:00,EDSA GA Tower (SB) Mandaluyong,0,0,0,0,0,0,0,0,0,0,2016-06-25 23:00,Property,14.58223571,121.0544805,No Collision Stated
None,EDSA,None,None,"No Accident Factor, No Collision Stated (based on Police Blotter Book), 0.0 drivers_injured, 0.0 drivers_killed, 0.0 passengers_injured, 0.0 passengers_killed, 0.0 pedestrian_injured, 0.0 pedestrian_killed, Fair (Night), EDSA Garden Way, Wack Wack Mandaluyong",MMDA Road Safety Unit,,06ffd86a-1f72-4970-b390-79a631cc5532,2016-06-25,10:00:00,"EDSA Ortigas MRT Station, Wack-Wack Mandaluyong",0,0,0,0,0,0,0,0,0,0,2016-06-25 18:00,Property,14.58286435,121.0549356,No Collision Stated
None,EDSA,None,None,"No Accident Factor, No Collision Stated (based on Police Blotter Book), 0.0 drivers_injured, 0.0 drivers_killed, 0.0 passengers_injured, 0.0 passengers_killed, 0.0 pedestrian_injured, 0.0 pedestrian_killed, Fair (Night), EDSA Shaw Blvd., Highway Hills Mandaluyong",MMDA Road Safety Unit,,bf9545f8-954c-49b7-b9a3-32b3e1d537a2,2016-06-24,18:00:00,EDSA Shaw Blvd. Mandaluyong,0,0,0,0,0,0,0,0,0,0,2016-06-25 2:00,Property,14.58119822,121.0534578,No Collision Stated
None,EDSA,None,None,"No Accident Factor, No Collision Stated (based on Police Blotter Book), 0.0 drivers_injured, 0.0 drivers_killed, 0.0 passengers_injured, 0.0 passengers_killed, 0.0 pedestrian_injured, 0.0 pedestrian_killed, Fair (Night), EDSA Starmall, Wack Wack Mandaluyong",MMDA Road Safety Unit,,48ba6a57-4b83-4108-865f-94a1155b5201,2016-06-24,15:35:00,"EDSA SM Megamall, Wack-Wack  Mandaluyong",0,0,0,0,0,0,0,0,0,0,2016-06-24 23:35,Property,14.58198795,121.0540368,No Collision Stated
None,EDSA,None,None,"No Accident Factor, Rear-end, 0.0 drivers_injured, 0.0 drivers_killed, 0.0 passengers_injured, 0.0 passengers_killed, 0.0 pedestrian_injured, 0.0 pedestrian_killed, Fair (Day), EDSA Libertad (SB) Mandaluyong",MMDA Road Safety Unit,,8ee60834-f07b-4744-b01e-5b773772129e,2016-06-24,05:55:00,EDSA Mrt Ortigas (SB) Mandaluyong,0,0,0,0,0,0,0,0,0,0,2016-06-24 13:55,Property,14.57859094,121.0516172,Rear-End
None,EDSA,None,None,"No Accident Factor, Rear-end, 0.0 drivers_injured, 0.0 drivers_killed, 0.0 passengers_injured, 0.0 passengers_killed, 0.0 pedestrian_injured, 0.0 pedestrian_killed, Fair (Day), EDSA Boni (SB) Mandaluyong",MMDA Road Safety Unit,,14254659-8a51-407e-a422-73b0d7c49c61,2016-06-24,05:45:00,"EDSA Starmall, Wack-Wack Mandaluyong",0,0,0,0,0,0,0,0,0,0,2016-06-24 13:45,Property,14.57263607,121.0474569,Rear-End
None,EDSA,None,None,"No Accident Factor, Side Swipe, 0.0 drivers_injured, 0.0 drivers_killed, 0.0 passengers_injured, 0.0 passengers_killed, 0.0 pedestrian_injured, 0.0 pedestrian_killed, Fair (Day), EDSA Mrt Ortigas (NB) Mandaluyong",MMDA Road Safety Unit,,86a26b3d-9213-40ab-b6f4-3dd9de3e199b,2016-06-24,05:35:00,EDSA Shangri-La Plaza Mandaluyong,0,0,0,0,0,0,0,0,0,0,2016-06-24 13:35,Property,14.58790822,121.0566183,Side Swipe
None,EDSA,None,None,"No Accident Factor, Side Swipe, 0.0 drivers_injured, 0.0 drivers_killed, 2.0 passengers_injured, 0.0 passengers_killed, 0.0 pedestrian_injured, 0.0 pedestrian_killed, Fair (Day), EDSA Libertad Mandaluyong",MMDA Road Safety Unit,,40c79462-b963-4f19-a76f-6fe8806c3450,2016-06-24,02:30:00,EDSA Guadix St.  Mandaluyong,0,0,0,0,2,0,0,0,0,2,2016-06-24 10:30,Injury,14.57859094,121.0516172,Side Swipe
None,EDSA,None,None,"No Accident Factor, Side Swipe, 0.0 drivers_injured, 0.0 drivers_killed, 0.0 passengers_injured, 0.0 passengers_killed, 0.0 pedestrian_injured, 0.0 pedestrian_killed, Fair (Day), EDSA Caltex, Boni Ave. Mandaluyong",MMDA Road Safety Unit,,9870b67b-dcb9-448e-9704-1d789c8f13d0,2016-06-24,00:45:00,"EDSA Shell Gas Station, Highway Hills Mandaluyong",0,0,0,0,0,0,0,0,0,0,2016-06-24 8:45,Property,14.57222668,121.0470262,Side Swipe
None,EDSA,None,None,"No Accident Factor, Side Swipe, 0.0 drivers_injured, 0.0 drivers_killed, 0.0 passengers_injured, 0.0 passengers_killed, 0.0 pedestrian_injured, 0.0 pedestrian_killed, Fair (Night), EDSA Pioneer (NB) Mandaluyong",MMDA Road Safety Unit,,e0340247-8dc9-49c5-b32d-6a02c6d444b9,2016-06-23,11:55:00,EDSA Rochester St.  Mandaluyong,0,0,0,0,0,0,0,0,0,0,2016-06-23 19:55,Property,14.57236671,121.0472702,Side Swipe
None,EDSA,None,None,"No Accident Factor, Side Swipe, 0.0 drivers_injured, 0.0 drivers_killed, 0.0 passengers_injured, 0.0 passengers_killed, 0.0 pedestrian_injured, 0.0 pedestrian_killed, Fair (Night), EDSA Reliance (NB) Mandaluyong",MMDA Road Safety Unit,,9e3848fb-b7c7-4e7f-9d01-e139eca4ee84,2016-06-23,11:45:00,"EDSA Boni Robinsons Forum, Ilaya) Mandaluyong",0,0,0,0,0,0,0,0,0,0,2016-06-23 19:45,Property,14.57669064,121.0504494,Side Swipe
None,EDSA,None,None,"No Accident Factor, No Collision Stated (based on Police Blotter Book), 0.0 drivers_injured, 0.0 drivers_killed, 0.0 passengers_injured, 0.0 passengers_killed, 0.0 pedestrian_injured, 0.0 pedestrian_killed, Fair (Day), EDSA Madison St., Buayang Bato Mandaluyong",MMDA Road Safety Unit,,7f1a89a7-337f-48dd-be5c-d98e95073172,2016-06-23,09:50:00,EDSA Reliance (SB) Mandaluyong,0,0,0,0,0,0,0,0,0,0,2016-06-23 17:50,Property,14.57464299,121.0489046,No Collision Stated
None,EDSA,None,None,"No Accident Factor, Rear-end, 0.0 drivers_injured, 0.0 drivers_killed, 0.0 passengers_injured, 0.0 passengers_killed, 0.0 pedestrian_injured, 0.0 pedestrian_killed, Fair (Day), EDSA Reliance  Mandaluyong",MMDA Road Safety Unit,,2e343d4d-aea9-4aff-8b86-82900ad90f28,2016-06-23,07:30:00,EDSA Pioneer (NB) Mandaluyong,0,0,0,0,0,0,0,0,0,0,2016-06-23 15:30,Property,14.57669064,121.0504494,Rear-End
None,EDSA,None,None,"No Accident Factor, No Collision Stated (based on Police Blotter Book), 0.0 drivers_injured, 0.0 drivers_killed, 0.0 passengers_injured, 0.0 passengers_killed, 0.0 pedestrian_injured, 0.0 pedestrian_killed, Fair (Day), EDSA Guadix St., Wack Wack Mandaluyong",MMDA Road Safety Unit,,c7c504f5-e657-488a-ace8-96e89c6a64e6,2016-06-23,06:30:00,EDSA Garden Way Shangri-La Mandaluyong,0,0,0,0,0,0,0,0,0,0,2016-06-23 14:30,Property,14.58948577,121.0573946,No Collision Stated
None,EDSA,None,None,"No Accident Factor, Rear-end, 0.0 drivers_injured, 0.0 drivers_killed, 0.0 passengers_injured, 0.0 passengers_killed, 0.0 pedestrian_injured, 0.0 pedestrian_killed, Fair (Day), EDSA Mrt Ortigas (SB) Mandaluyong",MMDA Road Safety Unit,,381d9ea7-af04-4152-80fd-a687842f8216,2016-06-23,05:25:00,EDSA Shaw Blvd. Mandaluyong,0,0,0,0,0,0,0,0,0,0,2016-06-23 13:25,Property,14.58790822,121.0566183,Rear-End
None,EDSA,None,None,"No Accident Factor, No Collision Stated (based on Police Blotter Book), 0.0 drivers_injured, 0.0 drivers_killed, 0.0 passengers_injured, 0.0 passengers_killed, 0.0 pedestrian_injured, 0.0 pedestrian_killed, Fair (Day), EDSA G.A. Tower, Malamig Mandaluyong",MMDA Road Safety Unit,,dcf274ff-3a70-44d9-abc2-ba43cc38ec3e,2016-06-23,02:30:00,"EDSA SM Megamall, Wack Wack Mandaluyong",0,0,0,0,0,0,0,0,0,0,2016-06-23 10:30,Property,14.57392638,121.0480715,No Collision Stated
None,EDSA,None,None,"No Accident Factor, Hit and Run (Side Swipe), 0.0 drivers_injured, 0.0 drivers_killed, 0.0 passengers_injured, 0.0 passengers_killed, 0.0 pedestrian_injured, 0.0 pedestrian_killed, Fair (Day), EDSA Boni (SB) Mandaluyong",MMDA Road Safety Unit,,65307673-2de3-469e-ba58-5f266ace4191,2016-06-23,01:15:00,"EDSA SM Megamall, Wack-Wack  Mandaluyong",0,0,0,0,0,0,0,0,0,0,2016-06-23 9:15,Property,14.57263607,121.0474569,Side Swipe
None,EDSA,None,None,"No Accident Factor, Multiple Collision, 0.0 drivers_injured, 0.0 drivers_killed, 0.0 passengers_injured, 0.0 passengers_killed, 0.0 pedestrian_injured, 0.0 pedestrian_killed, Fair (Day), EDSA Reliance (SB) Mandaluyong",MMDA Road Safety Unit,,12c90464-7c66-4bb1-a1db-9ad44bf48fdf,2016-06-22,23:30:00,EDSA Megamall (NB) Mandaluyong,0,0,0,0,0,0,0,0,0,0,2016-06-23 7:30,Property,14.57669064,121.0504494,Multiple
None,EDSA,None,None,"No Accident Factor, No Collision Stated (based on Police Blotter Book), 0.0 drivers_injured, 0.0 drivers_killed, 0.0 passengers_injured, 0.0 passengers_killed, 0.0 pedestrian_injured, 0.0 pedestrian_killed, Fair (Day), EDSA Pinatubo, Malamig Mandaluyong",MMDA Road Safety Unit,,3615ad9f-efe0-4f1f-8f43-45004d28a08a,2016-06-22,23:25:00,EDSA Megamall (NB) Mandaluyong,0,0,0,0,0,0,0,0,0,0,2016-06-23 7:25,Property,14.57321369,121.0476439,No Collision Stated
None,EDSA,None,None,"No Accident Factor, No Collision Stated (based on Police Blotter Book), 0.0 drivers_injured, 0.0 drivers_killed, 0.0 passengers_injured, 0.0 passengers_killed, 0.0 pedestrian_injured, 0.0 pedestrian_killed, Fair (Night), EDSA Ortigas MRT Station Mandaluyong",MMDA Road Safety Unit,,aeb85e7d-dad3-4f46-8fbe-2ab4fb89c59d,2016-06-22,17:45:00,"EDSA SM Megall, Wack-Wack  Mandaluyong",0,0,0,0,0,0,0,0,0,0,2016-06-23 1:45,Property,14.58789302,121.0566024,No Collision Stated
None,EDSA,None,None,"No Accident Factor, Side Swipe, 0.0 drivers_injured, 0.0 drivers_killed, 0.0 passengers_injured, 0.0 passengers_killed, 0.0 pedestrian_injured, 0.0 pedestrian_killed, Fair (Day), EDSA Megamall (NB) Mandaluyong",MMDA Road Safety Unit,,794fe742-25cb-4e3f-a456-faa4f6254af8,2016-06-22,09:15:00,EDSA Shangri-La Mandaluyong,0,0,0,0,0,0,0,0,0,0,2016-06-22 17:15,Property,14.58519582,121.0559351,Side Swipe
None,EDSA,None,None,"No Accident Factor, No Collision Stated (based on Police Blotter Book), 0.0 drivers_injured, 0.0 drivers_killed, 0.0 passengers_injured, 0.0 passengers_killed, 0.0 pedestrian_injured, 0.0 pedestrian_killed, Fair (Day), EDSA Ortigas Ave. (WB)  Mandaluyong",MMDA Road Safety Unit,,460bbe97-2184-49b6-a431-d670f234038a,2016-06-21,08:05:00,EDSA Reliance (SB) Mandaluyong,0,0,0,0,0,0,0,0,0,0,2016-06-21 16:05,Property,14.59327428,121.0582827,No Collision Stated
None,EDSA,None,None,"No Accident Factor, Rear-end, 0.0 drivers_injured, 0.0 drivers_killed, 0.0 passengers_injured, 0.0 passengers_killed, 0.0 pedestrian_injured, 0.0 pedestrian_killed, Fair (Day), EDSA Starmall Mandaluyong",MMDA Road Safety Unit,,cf5076f4-af56-44ed-942d-7e130f9a9a34,2016-06-21,04:35:00,EDSA Boni (SB) Mandaluyong,0,0,0,0,0,0,0,0,0,0,2016-06-21 12:35,Property,14.58198795,121.0540368,Rear-End
None,EDSA,None,None,"No Accident Factor, No Collision Stated (based on Police Blotter Book), 0.0 drivers_injured, 0.0 drivers_killed, 0.0 passengers_injured, 0.0 passengers_killed, 0.0 pedestrian_injured, 0.0 pedestrian_killed, Fair (Night), EDSA Pinatubo St., Malamig Mandaluyong",MMDA Road Safety Unit,,91c40fce-3fbf-48a4-b1ba-41b6daf64885,2016-06-20,11:30:00,EDSA Polymedic (SB) Mandaluyong,0,0,0,0,0,0,0,0,0,0,2016-06-20 19:30,Property,14.57321369,121.0476439,No Collision Stated
None,EDSA,None,None,"No Accident Factor, Side Swipe, 0.0 drivers_injured, 0.0 drivers_killed, 0.0 passengers_injured, 0.0 passengers_killed, 0.0 pedestrian_injured, 0.0 pedestrian_killed, Fair (Night), EDSA Robinson Forum (NB) Mandaluyong",MMDA Road Safety Unit,,d23a9f76-dc63-4e52-a699-d8981cfbb39e,2016-06-20,10:35:00,EDSA Shaw (SB) Mandaluyong,0,0,0,0,0,0,0,0,0,0,2016-06-20 18:35,Property,14.57190409,121.0471319,Side Swipe
None,EDSA,None,None,"No Accident Factor, No Collision Stated (based on Police Blotter Book), 0.0 drivers_injured, 0.0 drivers_killed, 0.0 passengers_injured, 0.0 passengers_killed, 0.0 pedestrian_injured, 0.0 pedestrian_killed, Fair (Day), EDSA Shangri-La Gardenway, Wack-Wack Mandaluyong",MMDA Road Safety Unit,,5922ce3d-2b6c-4db3-ad21-973716de2f14,2016-06-20,02:40:00,EDSA Boni (SB) Mandaluyong,0,0,0,0,0,0,0,0,0,0,2016-06-20 10:40,Property,14.58223571,121.0544805,No Collision Stated
None,EDSA,None,None,"No Accident Factor, Side Swipe, 0.0 drivers_injured, 0.0 drivers_killed, 0.0 passengers_injured, 0.0 passengers_killed, 0.0 pedestrian_injured, 0.0 pedestrian_killed, Fair (Day), EDSA Shaw Blvd.  Mandaluyong",MMDA Road Safety Unit,,3700fb71-445b-4ee1-8426-78d62c1f5cb5,2016-06-19,07:30:00,EDSA Reliance St.  Mandaluyong,0,0,0,0,0,0,0,0,0,0,2016-06-19 15:30,Property,14.58119822,121.0534578,Side Swipe
None,EDSA,None,None,"No Accident Factor, No Collision Stated (based on Police Blotter Book), 0.0 drivers_injured, 0.0 drivers_killed, 0.0 passengers_injured, 0.0 passengers_killed, 0.0 pedestrian_injured, 0.0 pedestrian_killed, Fair (Day), EDSA Starmall, Wack-Wack Mandaluyong",MMDA Road Safety Unit,,e41167d6-e298-48b8-9cb9-08e8e23124d3,2016-06-19,03:30:00,EDSA Ortigas Ave. Mandaluyong,0,0,0,0,0,0,0,0,0,0,2016-06-19 11:30,Property,14.58198795,121.0540368,No Collision Stated
None,EDSA,None,None,"No Accident Factor, Rear-end, 0.0 drivers_injured, 0.0 drivers_killed, 0.0 passengers_injured, 0.0 passengers_killed, 0.0 pedestrian_injured, 0.0 pedestrian_killed, Fair (Day), EDSA Ortigas MRT Station Mandaluyong",MMDA Road Safety Unit,,503e8a1e-5e34-4336-aef9-c8e4d98c5c94,2016-06-18,09:15:00,EDSA Megamall Exit (NB) Mandaluyong,0,0,0,0,0,0,0,0,0,0,2016-06-18 17:15,Property,14.58789302,121.0566024,Rear-End
None,EDSA,None,None,"No Accident Factor, No Collision Stated (based on Police Blotter Book), 0.0 drivers_injured, 0.0 drivers_killed, 0.0 passengers_injured, 0.0 passengers_killed, 0.0 pedestrian_injured, 0.0 pedestrian_killed, Fair (Day), EDSA Crossing, Highway Hills Mandaluyong",MMDA Road Safety Unit,,eb364392-6ccb-4773-ba4f-5711fc67fa04,2016-06-18,09:00:00,EDSA Ortigas Poveda (NB) Mandaluyong,0,0,0,0,0,0,0,0,0,0,2016-06-18 17:00,Property,14.58212391,121.0540758,No Collision Stated
None,EDSA,None,None,"No Accident Factor, No Collision Stated (based on Police Blotter Book), 0.0 drivers_injured, 0.0 drivers_killed, 0.0 passengers_injured, 0.0 passengers_killed, 0.0 pedestrian_injured, 0.0 pedestrian_killed, Fair (Day), EDSA Shangri-La Plaza  Mandaluyong",MMDA Road Safety Unit,,8e772c15-54e5-497d-82c6-145b946ff0c2,2016-06-18,03:00:00,EDSA Megamall (NB) Mandaluyong,0,0,0,0,0,0,0,0,0,0,2016-06-18 11:00,Property,14.58223571,121.0544805,No Collision Stated
None,EDSA,None,None,"No Accident Factor, No Collision Stated (based on Police Blotter Book), 0.0 drivers_injured, 0.0 drivers_killed, 0.0 passengers_injured, 0.0 passengers_killed, 0.0 pedestrian_injured, 0.0 pedestrian_killed, Fair (Day), EDSA Boni MRT Station, Malamig Mandaluyong",MMDA Road Safety Unit,,42278d24-697e-429f-a22e-28673d0b4a73,2016-06-18,00:55:00,EDSA Robinsons Pioneer Mandaluyong,0,0,0,0,0,0,0,0,0,0,2016-06-18 8:55,Property,14.57372098,121.0479555,No Collision Stated
None,EDSA,None,None,"No Accident Factor, No Collision Stated (based on Police Blotter Book), 0.0 drivers_injured, 0.0 drivers_killed, 0.0 passengers_injured, 0.0 passengers_killed, 0.0 pedestrian_injured, 0.0 pedestrian_killed, Fair (Day), EDSA Highway 54 Bldg., Wack-Wack Mandaluyong",MMDA Road Safety Unit,,3ff2137b-cadb-431d-a37a-cf4db199aeb9,2016-06-17,23:30:00,EDSA Boni (SB) Mandaluyong,0,0,0,0,0,0,0,0,0,0,2016-06-18 7:30,Property,14.58500097,121.0556243,No Collision Stated
None,EDSA,None,None,"No Accident Factor, Hit Object (Barrier-Concrete), 0.0 drivers_injured, 0.0 drivers_killed, 0.0 passengers_injured, 0.0 passengers_killed, 0.0 pedestrian_injured, 0.0 pedestrian_killed, Fair (Night), EDSA SM Megamall, Wack-Wack Mandaluyong",MMDA Road Safety Unit,,ee053e6f-ae86-4f3c-ae02-c8add543f3a6,2016-06-17,19:30:00,EDSA Pioneer (NB) Mandaluyong,0,0,0,0,0,0,0,0,0,0,2016-06-18 3:30,Property,14.58501645,121.0558372,Hit Object
None,EDSA,None,None,"No Accident Factor, Side Swipe, 0.0 drivers_injured, 0.0 drivers_killed, 0.0 passengers_injured, 0.0 passengers_killed, 0.0 pedestrian_injured, 0.0 pedestrian_killed, Fair (Day), EDSA V. R. Potenciano Medical Center Mandaluyong",MMDA Road Safety Unit,,dd5e7dc8-632a-41ae-a492-5fcbf0d89e6e,2016-06-17,09:30:00,EDSA Pioneer (NB) Mandaluyong,0,0,0,0,0,0,0,0,0,0,2016-06-17 17:30,Property,14.57684342,121.0502966,Side Swipe
None,EDSA,None,None,"No Accident Factor, Multiple Collision, 0.0 drivers_injured, 0.0 drivers_killed, 0.0 passengers_injured, 0.0 passengers_killed, 0.0 pedestrian_injured, 0.0 pedestrian_killed, Fair (Day), EDSA Reliance St.  Mandaluyong",MMDA Road Safety Unit,,2415c7f2-cfeb-4a01-8b03-07e5f55584e1,2016-06-17,00:30:00,EDSA Pioneer St. Mandaluyong,0,0,0,0,0,0,0,0,0,0,2016-06-17 8:30,Property,14.57669064,121.0504494,Multiple
None,EDSA,None,None,"No Accident Factor, Rear-end, 0.0 drivers_injured, 0.0 drivers_killed, 0.0 passengers_injured, 0.0 passengers_killed, 0.0 pedestrian_injured, 0.0 pedestrian_killed, Fair (Night), EDSA SM Megamall, Wack-Wack Mandaluyong",MMDA Road Safety Unit,,20477cbf-08d2-46ee-8276-cab388680d7a,2016-06-16,14:40:00,EDSA Ortigas Mrt (NB) Mandaluyong,0,0,0,0,0,0,0,0,0,0,2016-06-16 22:40,Property,14.58501645,121.0558372,Rear-End
None,EDSA,None,None,"No Accident Factor, No Collision Stated (based on Police Blotter Book), 0.0 drivers_injured, 0.0 drivers_killed, 0.0 passengers_injured, 0.0 passengers_killed, 0.0 pedestrian_injured, 0.0 pedestrian_killed, Fair (Night), EDSA Pioneer St., Barangka Ilaya Mandaluyong",MMDA Road Safety Unit,,a8320dc7-62d1-4b1b-aa22-129a2952d04d,2016-06-16,11:30:00,EDSA Megamall (NB) Mandaluyong,0,0,0,0,0,0,0,0,0,0,2016-06-16 19:30,Property,14.57236671,121.0472702,No Collision Stated
None,EDSA,None,None,"No Accident Factor, Rear-end, 0.0 drivers_injured, 0.0 drivers_killed, 0.0 passengers_injured, 0.0 passengers_killed, 0.0 pedestrian_injured, 0.0 pedestrian_killed, Fair (Night), EDSA Megamall Mandaluyong",MMDA Road Safety Unit,,95e05933-5a2d-452f-9095-8fcfc6f0908b,2016-06-16,10:00:00,"EDSA Connecticut St. (Petron Gas Station, Wack-Wack) Mandaluyong",0,0,0,0,0,0,0,0,0,0,2016-06-16 18:00,Property,14.58519582,121.0559351,Rear-End
None,EDSA,None,None,"No Accident Factor, No Collision Stated (based on Police Blotter Book), 0.0 drivers_injured, 0.0 drivers_killed, 0.0 passengers_injured, 0.0 passengers_killed, 0.0 pedestrian_injured, 0.0 pedestrian_killed, Fair (Night), EDSA Pioneer St., Barangka Ilaya Mandaluyong",MMDA Road Safety Unit,,9cba71d2-b94a-4f4d-9b33-6d195295b712,2016-06-15,19:30:00,EDSA Ortigas MRT Station Mandaluyong,0,0,0,0,0,0,0,0,0,0,2016-06-16 3:30,Property,14.57236671,121.0472702,No Collision Stated
None,EDSA,None,None,"No Accident Factor, No Collision Stated (based on Police Blotter Book), 0.0 drivers_injured, 0.0 drivers_killed, 0.0 passengers_injured, 0.0 passengers_killed, 0.0 pedestrian_injured, 0.0 pedestrian_killed, Fair (Night), EDSA Crossing, Wack-wack Mandaluyong",MMDA Road Safety Unit,,196f1b0c-8893-4250-9181-f019595e82db,2016-06-15,10:30:00,EDSA Shangri-La Garden Way Mandaluyong,0,0,0,0,0,0,0,0,0,0,2016-06-15 18:30,Property,14.58212391,121.0540758,No Collision Stated
None,EDSA,None,None,"No Accident Factor, No Collision Stated (based on Police Blotter Book), 1.0 drivers_injured, 0.0 drivers_killed, 0.0 passengers_injured, 0.0 passengers_killed, 0.0 pedestrian_injured, 0.0 pedestrian_killed, Fair (Day), EDSA SM Megamall, Wack-Wack Mandaluyong",MMDA Road Safety Unit,,bfcd10d7-c6a8-4bdc-905a-0f42a37cac6d,2016-06-14,22:45:00,EDSA SM Megamall Mandaluyong,0,0,0,1,0,0,0,0,0,1,2016-06-15 6:45,Injury,14.58501645,121.0558372,No Collision Stated
None,EDSA,None,None,"No Accident Factor, No Collision Stated (based on Police Blotter Book), 0.0 drivers_injured, 0.0 drivers_killed, 0.0 passengers_injured, 0.0 passengers_killed, 0.0 pedestrian_injured, 0.0 pedestrian_killed, Fair (Night), EDSA Starmall, Shaw Blvd. Mandaluyong",MMDA Road Safety Unit,,4e368e0c-660e-4350-a4ef-c6c24a7d2bc0,2016-06-14,13:00:00,"EDSA Robinsons Forum, Ilaya Mandaluyong",0,0,0,0,0,0,0,0,0,0,2016-06-14 21:00,Property,14.58198795,121.0540368,No Collision Stated
None,EDSA,None,None,"No Accident Factor, No Collision Stated (based on Police Blotter Book), 0.0 drivers_injured, 0.0 drivers_killed, 0.0 passengers_injured, 0.0 passengers_killed, 0.0 pedestrian_injured, 0.0 pedestrian_killed, Fair (Day), EDSA SM Megamall, Wack-Wack Mandaluyong",MMDA Road Safety Unit,,4f81bb4c-ddc7-4ed4-938b-b09e39e2b431,2016-06-14,09:00:00,"EDSA SM Light Mall, Barangka Ilaya Mandaluyong",0,0,0,0,0,0,0,0,0,0,2016-06-14 17:00,Property,14.58501645,121.0558372,No Collision Stated
None,EDSA,None,None,"No Accident Factor, No Collision Stated (based on Police Blotter Book), 0.0 drivers_injured, 0.0 drivers_killed, 0.0 passengers_injured, 0.0 passengers_killed, 0.0 pedestrian_injured, 0.0 pedestrian_killed, Fair (Night), EDSA Pioneer St., Ilaya Mandaluyong",MMDA Road Safety Unit,,9650c02d-c25a-49fb-a79c-87af0f6d1dda,2016-06-13,13:00:00,EDSA Guadix Road Mandaluyong,0,0,0,0,0,0,0,0,0,0,2016-06-13 21:00,Property,14.57236671,121.0472702,No Collision Stated
None,EDSA,None,None,"No Accident Factor, No Collision Stated (based on Police Blotter Book), 0.0 drivers_injured, 0.0 drivers_killed, 0.0 passengers_injured, 0.0 passengers_killed, 0.0 pedestrian_injured, 0.0 pedestrian_killed, Fair (Day), EDSA Ortigas Ave. (POEA, Wack-Wack) Mandaluyong",MMDA Road Safety Unit,,511b7010-80b1-4053-95a2-a014fd331601,2016-06-13,06:50:00,"EDSA Connecticut St. (Petron Gas Station, Wack-Wack) Mandaluyong",0,0,0,0,0,0,0,0,0,0,2016-06-13 14:50,Property,14.5931221,121.0583126,No Collision Stated
None,EDSA,None,None,"No Accident Factor, No Collision Stated (based on Police Blotter Book), 0.0 drivers_injured, 0.0 drivers_killed, 0.0 passengers_injured, 0.0 passengers_killed, 0.0 pedestrian_injured, 0.0 pedestrian_killed, Fair (Night), EDSA United St., Highway Hills Mandaluyong",MMDA Road Safety Unit,,1489dace-3580-4a55-9874-b273462a8d83,2016-06-12,14:00:00,EDSA SM Megamall Mandaluyong,0,0,0,0,0,0,0,0,0,0,2016-06-12 22:00,Property,14.57931229,121.0523819,No Collision Stated