LOCATION_TEXT,ROAD,WEATHER,LIGHT,DESC,REPORTING_AGENCY,MAIN_CAUSE,INCIDENTDETAILS_ID,DATE_UTC,TIME_UTC,ADDRESS,killed_driver,killed_passenger,killed_pedestrian,injured_driver,injured_passenger,injured_pedestrian,killed_uncategorized,injured_uncategorized,killed_total,injured_total,DATETIME_PST,SEVERITY,Y,X,COLLISION_TYPE
None,EDSA,None,None,"No Accident Factor, No Collision Stated (based on Police Blotter Book), 0.0 drivers_injured, 0.0 drivers_killed, 0.0 passengers_injured, 0.0 passengers_killed, 0.0 pedestrian_injured, 0.0 pedestrian_killed, Fair (Night), EDSA Shaw Blvd.  Mandaluyong",MMDA Road Safety Unit,,c141b734-7293-4592-98ff-52336ff8c797,2016-06-12,14:00:00,"EDSA GO Hotel, Barangka Ilaya Mandaluyong",0,0,0,0,0,0,0,0,0,0,2016-06-12 22:00,Property,14.58119822,121.0534578,No Collision Stated
None,EDSA,None,None,"No Accident Factor, No Collision Stated (based on Police Blotter Book), 0.0 drivers_injured, 0.0 drivers_killed, 0.0 passengers_injured, 0.0 passengers_killed, 0.0 pedestrian_injured, 0.0 pedestrian_killed, Fair (Day), EDSA Highway 54 Bldg., Wack-Wack Mandaluyong",MMDA Road Safety Unit,,9a3767c1-69b3-41f9-829f-f25753c8fd23,2016-06-12,05:35:00,"EDSA SM Megamall, Wack-Wack  Mandaluyong",0,0,0,0,0,0,0,0,0,0,2016-06-12 13:35,Property,14.58500097,121.0556243,No Collision Stated
None,EDSA,None,None,"No Accident Factor, No Collision Stated (based on Police Blotter Book), 0.0 drivers_injured, 0.0 drivers_killed, 0.0 passengers_injured, 0.0 passengers_killed, 0.0 pedestrian_injured, 0.0 pedestrian_killed, Fair (Night), EDSA Audi Motors, Wack-Wack Mandaluyong",MMDA Road Safety Unit,,a290f3c8-6420-4a14-8d74-2ce654606717,2016-06-11,15:45:00,"EDSA Starmall, Wack-Wack Mandaluyong",0,0,0,0,0,0,0,0,0,0,2016-06-11 23:45,Property,14.59597368,121.0592132,No Collision Stated
None,EDSA,None,None,"No Accident Factor, No Collision Stated (based on Police Blotter Book), 0.0 drivers_injured, 0.0 drivers_killed, 0.0 passengers_injured, 0.0 passengers_killed, 0.0 pedestrian_injured, 0.0 pedestrian_killed, Fair (Day), EDSA Highway 54 Bldg., Wack-Wack Mandaluyong",MMDA Road Safety Unit,,19f52be1-f29a-4c28-918e-a33dec5e49f8,2016-06-11,09:30:00,EDSA GO Hotel  Mandaluyong,0,0,0,0,0,0,0,0,0,0,2016-06-11 17:30,Property,14.58500097,121.0556243,No Collision Stated
None,EDSA,None,None,"No Accident Factor, No Collision Stated (based on Police Blotter Book), 0.0 drivers_injured, 0.0 drivers_killed, 0.0 passengers_injured, 0.0 passengers_killed, 0.0 pedestrian_injured, 0.0 pedestrian_killed, Fair (Night), EDSA Rochester St., Wack-wack Mandaluyong",MMDA Road Safety Unit,,2b86ed2c-3c3f-4116-8b92-1c661c98306d,2016-06-10,15:00:00,"EDSA Starmall, Wack-Wack Mandaluyong",0,0,0,0,0,0,0,0,0,0,2016-06-10 23:00,Property,14.597563,121.0595941,No Collision Stated
None,EDSA,None,None,"No Accident Factor, No Collision Stated (based on Police Blotter Book), 0.0 drivers_injured, 0.0 drivers_killed, 0.0 passengers_injured, 0.0 passengers_killed, 0.0 pedestrian_injured, 0.0 pedestrian_killed, Fair (Night), EDSA SM Megamall, Wack-Wack Mandaluyong",MMDA Road Safety Unit,,fb854aae-cc9c-400a-acc6-f3e8166083c7,2016-06-10,14:35:00,EDSA Shangri-La Mandaluyong,0,0,0,0,0,0,0,0,0,0,2016-06-10 22:35,Property,14.58501645,121.0558372,No Collision Stated
None,EDSA,None,None,"No Accident Factor, No Collision Stated (based on Police Blotter Book), 0.0 drivers_injured, 0.0 drivers_killed, 0.0 passengers_injured, 0.0 passengers_killed, 0.0 pedestrian_injured, 0.0 pedestrian_killed, Fair (Night), EDSA Boni Ave., Barangka Ilaya Mandaluyong",MMDA Road Safety Unit,,6e566e8c-1343-40e2-ad2f-a3d9c99caba8,2016-06-10,14:30:00,"EDSA V. R. P. Medical Center, Highway Hills Mandaluyong",0,0,0,0,0,0,0,0,0,0,2016-06-10 22:30,Property,14.57372098,121.0479555,No Collision Stated
None,EDSA,None,None,"No Accident Factor, Side Swipe, 0.0 drivers_injured, 0.0 drivers_killed, 0.0 passengers_injured, 0.0 passengers_killed, 0.0 pedestrian_injured, 0.0 pedestrian_killed, Fair (Night), EDSA Robinsons Forum Mandaluyong",MMDA Road Safety Unit,,f919bc04-0232-48fe-b5a2-847c2dc0c56b,2016-06-10,11:00:00,EDSA Lions Road Mandaluyong,0,0,0,0,0,0,0,0,0,0,2016-06-10 19:00,Property,14.57182388,121.0470705,Side Swipe
None,EDSA,None,None,"No Accident Factor, Angle Impact, 0.0 drivers_injured, 0.0 drivers_killed, 0.0 passengers_injured, 0.0 passengers_killed, 0.0 pedestrian_injured, 0.0 pedestrian_killed, Fair (Day), EDSA Shangri-La Mandaluyong",MMDA Road Safety Unit,,bcc5a57a-4fe9-414b-a988-e621c439f40e,2016-06-10,08:30:00,EDSA Libertad St.  Mandaluyong,0,0,0,0,0,0,0,0,0,0,2016-06-10 16:30,Property,14.58223571,121.0544805,Angle Impact
None,EDSA,None,None,"No Accident Factor, No Collision Stated (based on Police Blotter Book), 0.0 drivers_injured, 0.0 drivers_killed, 0.0 passengers_injured, 0.0 passengers_killed, 0.0 pedestrian_injured, 0.0 pedestrian_killed, Fair (Day), EDSA Highway 54, Wack Wack Mandaluyong",MMDA Road Safety Unit,,3a57a935-3178-468b-8af1-efb8478686e7,2016-06-08,07:20:00,EDSA Guadalupe East Ramp (NB) Mandaluyong,0,0,0,0,0,0,0,0,0,0,2016-06-08 15:20,Property,14.58500097,121.0556243,No Collision Stated
None,EDSA,None,None,"No Accident Factor, No Collision Stated (based on Police Blotter Book), 0.0 drivers_injured, 0.0 drivers_killed, 0.0 passengers_injured, 0.0 passengers_killed, 0.0 pedestrian_injured, 0.0 pedestrian_killed, Fair (Day), EDSA SM Megamall, Wack Wack Mandaluyong",MMDA Road Safety Unit,,d875c144-42c8-4093-a07c-fb51b2f56504,2016-06-08,06:30:00,EDSA Pinatubo St.  Mandaluyong,0,0,0,0,0,0,0,0,0,0,2016-06-08 14:30,Property,14.58501645,121.0558372,No Collision Stated
None,EDSA,None,None,"No Accident Factor, No Collision Stated (based on Police Blotter Book), 0.0 drivers_injured, 0.0 drivers_killed, 0.0 passengers_injured, 0.0 passengers_killed, 0.0 pedestrian_injured, 0.0 pedestrian_killed, Fair (Day), EDSA Boni Ave., Barangka Ilaya Mandaluyong",MMDA Road Safety Unit,,68ab13eb-14a5-417c-8863-f8f94ab04782,2016-06-08,04:20:00,"EDSA SM Megamall, Wack-Wack  Mandaluyong",0,0,0,0,0,0,0,0,0,0,2016-06-08 12:20,Property,14.57372098,121.0479555,No Collision Stated
None,EDSA,None,None,"No Accident Factor, No Collision Stated (based on Police Blotter Book), 0.0 drivers_injured, 0.0 drivers_killed, 0.0 passengers_injured, 0.0 passengers_killed, 0.0 pedestrian_injured, 0.0 pedestrian_killed, Fair (Day), EDSA Boni MRT Station, Malamig Mandaluyong",MMDA Road Safety Unit,,9f6f6d7e-6c5b-4f63-a855-46dee681b38f,2016-06-08,02:30:00,"EDSA Boni MRT Station, Buayang Bato Mandaluyong",0,0,0,0,0,0,0,0,0,0,2016-06-08 10:30,Property,14.57372098,121.0479555,No Collision Stated
None,EDSA,None,None,"No Accident Factor, No Collision Stated (based on Police Blotter Book), 0.0 drivers_injured, 0.0 drivers_killed, 0.0 passengers_injured, 0.0 passengers_killed, 0.0 pedestrian_injured, 0.0 pedestrian_killed, Fair (Day), EDSA Pinatubo St., Malamig Mandaluyong",MMDA Road Safety Unit,,3e9b860b-c67f-446d-b95d-4f90c7337d6c,2016-06-07,22:35:00,EDSA Shaw Blvd. Mandaluyong,0,0,0,0,0,0,0,0,0,0,2016-06-08 6:35,Property,14.57321369,121.0476439,No Collision Stated
None,EDSA,None,None,"No Accident Factor, No Collision Stated (based on Police Blotter Book), 0.0 drivers_injured, 0.0 drivers_killed, 0.0 passengers_injured, 0.0 passengers_killed, 0.0 pedestrian_injured, 0.0 pedestrian_killed, Fair (Day), EDSA SM Megamall, Wack Wack Mandaluyong",MMDA Road Safety Unit,,5f1a9e63-1081-43a2-807a-e6b16133e709,2016-06-07,08:00:00,EDSA Robinsons Pioneer Mandaluyong,0,0,0,0,0,0,0,0,0,0,2016-06-07 16:00,Property,14.58501645,121.0558372,No Collision Stated
None,EDSA,None,None,"No Accident Factor, No Collision Stated (based on Police Blotter Book), 0.0 drivers_injured, 0.0 drivers_killed, 0.0 passengers_injured, 0.0 passengers_killed, 0.0 pedestrian_injured, 0.0 pedestrian_killed, Fair (Night), EDSA Boni MRT Station, Barangka Ilaya Mandaluyong",MMDA Road Safety Unit,,21e72358-d866-4b93-8928-a5babb50eb53,2016-06-06,14:45:00,EDSA Ortigas MRT Station Mandaluyong,0,0,0,0,0,0,0,0,0,0,2016-06-06 22:45,Property,14.57372098,121.0479555,No Collision Stated
None,EDSA,None,None,"No Accident Factor, Multiple Collision, 0.0 drivers_injured, 0.0 drivers_killed, 0.0 passengers_injured, 0.0 passengers_killed, 0.0 pedestrian_injured, 0.0 pedestrian_killed, Fair (Night), EDSA Boni MRT Station, Malamig Mandaluyong",MMDA Road Safety Unit,,05fed13b-fae5-44a4-a304-58eb8828153b,2016-06-06,14:20:00,"EDSA SM Megamall, Wack-Wack  Mandaluyong",0,0,0,0,0,0,0,0,0,0,2016-06-06 22:20,Property,14.57372098,121.0479555,Multiple
None,EDSA,None,None,"No Accident Factor, Side Swipe, 0.0 drivers_injured, 0.0 drivers_killed, 0.0 passengers_injured, 0.0 passengers_killed, 0.0 pedestrian_injured, 0.0 pedestrian_killed, Fair (Day), EDSA Petron Gas Stn., Highway Hills Mandaluyong",MMDA Road Safety Unit,,efbce668-0fd4-45d2-a0aa-310d443e0fee,2016-06-06,03:10:00,EDSA Shaw Blvd. Mandaluyong,0,0,0,0,0,0,0,0,0,0,2016-06-06 11:10,Property,14.57718563,121.0505519,Side Swipe
None,EDSA,None,None,"No Accident Factor, No Collision Stated (based on Police Blotter Book), 0.0 drivers_injured, 0.0 drivers_killed, 0.0 passengers_injured, 0.0 passengers_killed, 0.0 pedestrian_injured, 0.0 pedestrian_killed, Fair (Day), EDSA Petron Gas Stn., Highway Hills Mandaluyong",MMDA Road Safety Unit,,b1ad79f1-36b8-474d-90e1-0fc80eaad1f0,2016-06-06,01:50:00,EDSA Guadix St.  Mandaluyong,0,0,0,0,0,0,0,0,0,0,2016-06-06 9:50,Property,14.57718563,121.0505519,No Collision Stated
None,EDSA,None,None,"No Accident Factor, No Collision Stated (based on Police Blotter Book), 0.0 drivers_injured, 0.0 drivers_killed, 0.0 passengers_injured, 0.0 passengers_killed, 0.0 pedestrian_injured, 0.0 pedestrian_killed, Fair (Day), EDSA United St., Highway Hills Mandaluyong",MMDA Road Safety Unit,,22f268c5-870e-4ffc-92c8-1cde2c44f5e4,2016-06-06,01:00:00,"EDSA Ortigas Ave., Wack Wack Mandaluyong",0,0,0,0,0,0,0,0,0,0,2016-06-06 9:00,Property,14.57931229,121.0523819,No Collision Stated
None,EDSA,None,None,"No Accident Factor, Angle Impact, 0.0 drivers_injured, 0.0 drivers_killed, 0.0 passengers_injured, 0.0 passengers_killed, 0.0 pedestrian_injured, 0.0 pedestrian_killed, Fair (Day), EDSA Robinsons Galleria Mandaluyong",MMDA Road Safety Unit,,c00a6977-6813-4142-aac7-c4542e91c00c,2016-06-06,00:05:00,"EDSA Crossing, Wack Wack Mandaluyong",0,0,0,0,0,0,0,0,0,0,2016-06-06 8:05,Property,14.59233609,121.0582864,Angle Impact
None,EDSA,None,None,"No Accident Factor, No Collision Stated (based on Police Blotter Book), 1.0 drivers_injured, 0.0 drivers_killed, 0.0 passengers_injured, 0.0 passengers_killed, 0.0 pedestrian_injured, 0.0 pedestrian_killed, Fair (Day), EDSA Pioneer St., Barangka Ilaya Mandaluyong",MMDA Road Safety Unit,,23f8cd5b-12b1-4523-8bd2-3012ae77568d,2016-06-06,00:00:00,"EDSA Ortigas MRT Station, Wack Wack Mandaluyong",0,0,0,1,0,0,0,0,0,1,2016-06-06 8:00,Injury,14.57236671,121.0472702,No Collision Stated
None,EDSA,None,None,"No Accident Factor, No Collision Stated (based on Police Blotter Book), 0.0 drivers_injured, 0.0 drivers_killed, 0.0 passengers_injured, 0.0 passengers_killed, 0.0 pedestrian_injured, 0.0 pedestrian_killed, Fair (Night), EDSA Light Mall, Barangka Ilaya Mandaluyong",MMDA Road Safety Unit,,878bba96-0583-44fb-839a-8096037ddd3e,2016-06-05,17:30:00,"EDSA Highway 54, Wack Wack Mandaluyong",0,0,0,0,0,0,0,0,0,0,2016-06-06 1:30,Property,14.57395349,121.0484543,No Collision Stated
None,EDSA,None,None,"No Accident Factor, No Collision Stated (based on Police Blotter Book), 0.0 drivers_injured, 0.0 drivers_killed, 0.0 passengers_injured, 0.0 passengers_killed, 0.0 pedestrian_injured, 0.0 pedestrian_killed, Fair (Day), EDSA Starmall, Wack Wack Mandaluyong",MMDA Road Safety Unit,,3b3d6713-a394-458d-b060-7a28a3d3d462,2016-06-05,02:50:00,EDSA Robinsons Forum Mandaluyong,0,0,0,0,0,0,0,0,0,0,2016-06-05 10:50,Property,14.58198795,121.0540368,No Collision Stated
None,EDSA,None,None,"No Accident Factor, No Collision Stated (based on Police Blotter Book), 0.0 drivers_injured, 0.0 drivers_killed, 0.0 passengers_injured, 0.0 passengers_killed, 0.0 pedestrian_injured, 0.0 pedestrian_killed, Fair (Day), EDSA Starmall, Wack Wack Mandaluyong",MMDA Road Safety Unit,,11e8c32d-3298-4351-b94f-594d0c47fe34,2016-06-05,00:30:00,EDSA Pinatubo Mandaluyong,0,0,0,0,0,0,0,0,0,0,2016-06-05 8:30,Property,14.58198795,121.0540368,No Collision Stated
None,EDSA,None,None,"No Accident Factor, No Collision Stated (based on Police Blotter Book), 0.0 drivers_injured, 0.0 drivers_killed, 0.0 passengers_injured, 0.0 passengers_killed, 0.0 pedestrian_injured, 0.0 pedestrian_killed, Fair (Night), EDSA Sultan St., Highway Hills Mandaluyong",MMDA Road Safety Unit,,90f8c7f0-3770-495a-a82e-0c993f329fef,2016-06-03,18:30:00,"EDSA Boni Ave., Barangka Ilaya Mandaluyong",0,0,0,0,0,0,0,0,0,0,2016-06-04 2:30,Property,14.5805687,121.0529959,No Collision Stated
None,EDSA,None,None,"No Accident Factor, No Collision Stated (based on Police Blotter Book), 0.0 drivers_injured, 0.0 drivers_killed, 0.0 passengers_injured, 0.0 passengers_killed, 0.0 pedestrian_injured, 0.0 pedestrian_killed, Fair (Night), EDSA Garden Way, Wack Wack Mandaluyong",MMDA Road Safety Unit,,ef4ef392-3842-4500-9b63-a089ce8dd5fb,2016-06-03,12:00:00,"EDSA Shell Gas Station, Highway Hills Mandaluyong",0,0,0,0,0,0,0,0,0,0,2016-06-03 20:00,Property,14.58286435,121.0549356,No Collision Stated
None,EDSA,None,None,"No Accident Factor, No Collision Stated (based on Police Blotter Book), 0.0 drivers_injured, 0.0 drivers_killed, 0.0 passengers_injured, 0.0 passengers_killed, 0.0 pedestrian_injured, 0.0 pedestrian_killed, Fair (Night), EDSA Starmall, Wack-Wack Mandaluyong",MMDA Road Safety Unit,,d4f820da-54a9-4e12-ba3d-f66a44f1147c,2016-06-03,11:30:00,EDSA Shaw Blvd. Mandaluyong,0,0,0,0,0,0,0,0,0,0,2016-06-03 19:30,Property,14.58198795,121.0540368,No Collision Stated
None,EDSA,None,None,"No Accident Factor, No Collision Stated (based on Police Blotter Book), 0.0 drivers_injured, 0.0 drivers_killed, 0.0 passengers_injured, 0.0 passengers_killed, 0.0 pedestrian_injured, 0.0 pedestrian_killed, Fair (Day), EDSA Ortigas Mandaluyong",MMDA Road Safety Unit,,76500017-ab2d-4fce-a424-2a0c09e4d157,2016-06-03,07:30:00,EDSA Robinsons Forum Mandaluyong,0,0,0,0,0,0,0,0,0,0,2016-06-03 15:30,Property,14.59327374,121.0582168,No Collision Stated
None,EDSA,None,None,"No Accident Factor, Multiple Collision, 0.0 drivers_injured, 0.0 drivers_killed, 0.0 passengers_injured, 0.0 passengers_killed, 0.0 pedestrian_injured, 0.0 pedestrian_killed, Fair (Day), EDSA Starmall, Wack Wack Mandaluyong",MMDA Road Safety Unit,,e949ae88-fa4f-45da-a4c9-1ef570a82616,2016-06-03,02:00:00,"EDSA ""U"" turn slot, Robinsons Mall, Wack Wack Mandaluyong",0,0,0,0,0,0,0,0,0,0,2016-06-03 10:00,Property,14.58198795,121.0540368,Multiple
None,EDSA,None,None,"No Accident Factor, No Collision Stated (based on Police Blotter Book), 0.0 drivers_injured, 0.0 drivers_killed, 0.0 passengers_injured, 0.0 passengers_killed, 0.0 pedestrian_injured, 0.0 pedestrian_killed, Fair (Day), EDSA Crossing, Highway Hills Mandaluyong",MMDA Road Safety Unit,,2c74c1d2-3e1f-4eec-bb26-bb968f40c2c0,2016-06-02,05:40:00,EDSA Guadix Drive Mandaluyong,0,0,0,0,0,0,0,0,0,0,2016-06-02 13:40,Property,14.58212391,121.0540758,No Collision Stated
None,EDSA,None,None,"No Accident Factor, No Collision Stated (based on Police Blotter Book), 0.0 drivers_injured, 0.0 drivers_killed, 0.0 passengers_injured, 0.0 passengers_killed, 0.0 pedestrian_injured, 0.0 pedestrian_killed, Fair (Day), EDSA Kamayan, Wack Wack Mandaluyong",MMDA Road Safety Unit,,4fb093db-756f-4e64-9685-b53af1f3ea40,2016-06-02,04:10:00,"EDSA Boni MRT Station., Barangka Ilaya Mandaluyong",0,0,0,0,0,0,0,0,0,0,2016-06-02 12:10,Property,14.59812072,121.0596135,No Collision Stated
None,EDSA,None,None,"No Accident Factor, No Collision Stated (based on Police Blotter Book), 0.0 drivers_injured, 0.0 drivers_killed, 0.0 passengers_injured, 0.0 passengers_killed, 0.0 pedestrian_injured, 0.0 pedestrian_killed, Fair (Night), EDSA J. Vargas, Wack Wack Mandaluyong",MMDA Road Safety Unit,,e10e40e1-a04b-4bf7-bcd6-ff0e40e7f94c,2016-06-01,12:35:00,"EDSA Kamayan Restaurant, Wack Wack Mandaluyong",0,0,0,0,0,0,0,0,0,0,2016-06-01 20:35,Property,14.58457561,121.0557464,No Collision Stated
None,EDSA,None,None,"No Accident Factor, No Collision Stated (based on Police Blotter Book), 0.0 drivers_injured, 0.0 drivers_killed, 0.0 passengers_injured, 0.0 passengers_killed, 0.0 pedestrian_injured, 0.0 pedestrian_killed, Fair (Day), EDSA Shell Gas Stn., Wack Wack Mandaluyong",MMDA Road Safety Unit,,78389591-aa53-41b6-bf7d-e880e70429fb,2016-06-01,06:00:00,"EDSA SM Megamall, Wack Wack Mandaluyong",0,0,0,0,0,0,0,0,0,0,2016-06-01 14:00,Property,14.59925642,121.0596191,No Collision Stated
None,EDSA,None,None,"No Accident Factor, No Collision Stated (based on Police Blotter Book), 0.0 drivers_injured, 0.0 drivers_killed, 0.0 passengers_injured, 0.0 passengers_killed, 0.0 pedestrian_injured, 0.0 pedestrian_killed, Fair (Day), EDSA EDSA Crossing, Highway Hills Mandaluyong",MMDA Road Safety Unit,,a6f78f3c-fe22-4489-bc28-ab6d5e504100,2016-06-01,05:30:00,"EDSA Highway 54, Wack Wack Mandaluyong",0,0,0,0,0,0,0,0,0,0,2016-06-01 13:30,Property,14.58138591,121.0537447,No Collision Stated
None,EDSA,None,None,"No Accident Factor, No Collision Stated (based on Police Blotter Book), 0.0 drivers_injured, 0.0 drivers_killed, 0.0 passengers_injured, 0.0 passengers_killed, 0.0 pedestrian_injured, 0.0 pedestrian_killed, Fair (Day), EDSA Shaw Blvd., Highway Hills Mandaluyong",MMDA Road Safety Unit,,f83a7572-1d9a-440d-92ec-e5c035b5b01f,2016-06-01,02:30:00,"EDSA Go Hotel, Barangka Ilaya  Mandaluyong",0,0,0,0,0,0,0,0,0,0,2016-06-01 10:30,Property,14.58119822,121.0534578,No Collision Stated
None,EDSA,None,None,"No Accident Factor, No Collision Stated (based on Police Blotter Book), 0.0 drivers_injured, 0.0 drivers_killed, 0.0 passengers_injured, 0.0 passengers_killed, 0.0 pedestrian_injured, 0.0 pedestrian_killed, Fair (Night), EDSA Robinsons Forum, Ilaya Mandaluyong",MMDA Road Safety Unit,,72835994-fa36-4520-9d00-19dd5facdc86,2016-05-31,11:15:00,"EDSA Shell Gas Station, Highway Hills Mandaluyong",0,0,0,0,0,0,0,0,0,0,2016-05-31 19:15,Property,14.57182388,121.0470705,No Collision Stated
None,EDSA,None,None,"No Accident Factor, Rear-end, 0.0 drivers_injured, 0.0 drivers_killed, 0.0 passengers_injured, 0.0 passengers_killed, 0.0 pedestrian_injured, 0.0 pedestrian_killed, Fair (Day), EDSA Pioneer St., Ilaya Mandaluyong",MMDA Road Safety Unit,,3dfd09f9-ebf6-4f55-bed0-3d0471ae50ff,2016-05-31,06:15:00,"EDSA SM Light Residences, Ilaya Mandaluyong",0,0,0,0,0,0,0,0,0,0,2016-05-31 14:15,Property,14.57236671,121.0472702,Rear-End
None,EDSA,None,None,"No Accident Factor, Multiple Collision, 0.0 drivers_injured, 0.0 drivers_killed, 0.0 passengers_injured, 0.0 passengers_killed, 0.0 pedestrian_injured, 0.0 pedestrian_killed, Fair (Day), EDSA Guadix Drive, Wack-wack Mandaluyong",MMDA Road Safety Unit,,0974dbbb-0945-4b0e-9ed0-e5c09496f6e1,2016-05-31,04:55:00,"EDSA SM Megamall, Wack Wack Mandaluyong",0,0,0,0,0,0,0,0,0,0,2016-05-31 12:55,Property,14.58948577,121.0573946,Multiple
None,EDSA,None,None,"No Accident Factor, No Collision Stated (based on Police Blotter Book), 0.0 drivers_injured, 0.0 drivers_killed, 0.0 passengers_injured, 0.0 passengers_killed, 0.0 pedestrian_injured, 0.0 pedestrian_killed, Fair (Day), EDSA Footbridge, Wack-wack Mandaluyong",MMDA Road Safety Unit,,253f32dc-dac7-4fff-8bf6-8d8707f1c25b,2016-05-31,02:25:00,"EDSA Highway 54, Wack Wack Mandaluyong",0,0,0,0,0,0,0,0,0,0,2016-05-31 10:25,Property,14.59253761,121.058322,No Collision Stated
None,EDSA,None,None,"No Accident Factor, Rear-end, 0.0 drivers_injured, 0.0 drivers_killed, 0.0 passengers_injured, 0.0 passengers_killed, 0.0 pedestrian_injured, 0.0 pedestrian_killed, Fair (Day), EDSA SM Megamall Mandaluyong",MMDA Road Safety Unit,,674a6e61-93b0-4128-b3a2-3c5d79c2d947,2016-05-31,00:30:00,"EDSA MRT Ortigas Station, Wack Wack Mandaluyong",0,0,0,0,0,0,0,0,0,0,2016-05-31 8:30,Property,14.58501645,121.0558372,Rear-End
None,EDSA,None,None,"No Accident Factor, Rear-end, 0.0 drivers_injured, 0.0 drivers_killed, 0.0 passengers_injured, 0.0 passengers_killed, 0.0 pedestrian_injured, 0.0 pedestrian_killed, Fair (Day), EDSA Highway 54 Mandaluyong",MMDA Road Safety Unit,,b164cafa-b3fe-4fbb-974f-630298216da5,2016-05-31,00:15:00,"EDSA Shangrila Mall, Wack Wack Mandaluyong",0,0,0,0,0,0,0,0,0,0,2016-05-31 8:15,Property,14.58500097,121.0556243,Rear-End
None,EDSA,None,None,"No Accident Factor, No Collision Stated (based on Police Blotter Book), 0.0 drivers_injured, 0.0 drivers_killed, 0.0 passengers_injured, 0.0 passengers_killed, 0.0 pedestrian_injured, 0.0 pedestrian_killed, Fair (Night), EDSA Starmall, Wack Wack Mandaluyong",MMDA Road Safety Unit,,c6233165-f93b-40a7-9e80-d681bebecb3c,2016-05-30,14:00:00,"EDSA Ortigas, Pira St. Mandaluyong",0,0,0,0,0,0,0,0,0,0,2016-05-30 22:00,Property,14.58198795,121.0540368,No Collision Stated
None,EDSA,None,None,"No Accident Factor, No Collision Stated (based on Police Blotter Book), 0.0 drivers_injured, 0.0 drivers_killed, 0.0 passengers_injured, 0.0 passengers_killed, 0.0 pedestrian_injured, 0.0 pedestrian_killed, Fair (Day), EDSA Starmall, Wack Wack Mandaluyong",MMDA Road Safety Unit,,c304b33f-8954-4b4c-a25c-680f811c8e10,2016-05-30,03:15:00,"EDSA Poveda Extn., Wack Wack Mandaluyong",0,0,0,0,0,0,0,0,0,0,2016-05-30 11:15,Property,14.58198795,121.0540368,No Collision Stated
None,EDSA,None,None,"No Accident Factor, No Collision Stated (based on Police Blotter Book), 0.0 drivers_injured, 0.0 drivers_killed, 0.0 passengers_injured, 0.0 passengers_killed, 0.0 pedestrian_injured, 0.0 pedestrian_killed, Fair (Day), EDSA Starmall Crossing, Wack-wack Mandaluyong",MMDA Road Safety Unit,,5d68f0e5-4a4f-4381-a798-2ed319093e42,2016-05-30,03:15:00,EDSA Shaw Blvd. Mandaluyong,0,0,0,0,0,0,0,0,0,0,2016-05-30 11:15,Property,14.58198795,121.0540368,No Collision Stated
None,EDSA,None,None,"No Accident Factor, No Collision Stated (based on Police Blotter Book), 0.0 drivers_injured, 0.0 drivers_killed, 0.0 passengers_injured, 0.0 passengers_killed, 0.0 pedestrian_injured, 0.0 pedestrian_killed, Fair (Day), EDSA GO Hotel, Barangka Ilaya Mandaluyong",MMDA Road Safety Unit,,04999e9c-d296-4e8c-a79f-2c3edc5d3e18,2016-05-29,09:30:00,"EDSA Connecticut, Shell Gas Station Mandaluyong",0,0,0,0,0,0,0,0,0,0,2016-05-29 17:30,Property,14.57001193,121.0464575,No Collision Stated
None,EDSA,None,None,"No Accident Factor, No Collision Stated (based on Police Blotter Book), 0.0 drivers_injured, 0.0 drivers_killed, 0.0 passengers_injured, 0.0 passengers_killed, 0.0 pedestrian_injured, 0.0 pedestrian_killed, Fair (Day), EDSA Shangrila Mall Mandaluyong",MMDA Road Safety Unit,,45420313-b4e9-4e61-9982-550036cd25e9,2016-05-29,08:10:00,EDSA Pioneer St. Mandaluyong,0,0,0,0,0,0,0,0,0,0,2016-05-29 16:10,Property,14.58223571,121.0544805,No Collision Stated
None,EDSA,None,None,"No Accident Factor, No Collision Stated (based on Police Blotter Book), 0.0 drivers_injured, 0.0 drivers_killed, 0.0 passengers_injured, 0.0 passengers_killed, 0.0 pedestrian_injured, 0.0 pedestrian_killed, Fair (Day), EDSA RICOA Phils., Highway Hills Mandaluyong",MMDA Road Safety Unit,,1228ad0f-0cff-4d24-8896-865ca23963fd,2016-05-29,08:00:00,"EDSA SM Megamall, Wack Wack Mandaluyong",0,0,0,0,0,0,0,0,0,0,2016-05-29 16:00,Property,14.57597502,121.0499586,No Collision Stated
None,EDSA,None,None,"No Accident Factor, No Collision Stated (based on Police Blotter Book), 0.0 drivers_injured, 0.0 drivers_killed, 0.0 passengers_injured, 0.0 passengers_killed, 0.0 pedestrian_injured, 0.0 pedestrian_killed, Fair (Day), EDSA MRT-Ortigas Station, Wack-wack Mandaluyong",MMDA Road Safety Unit,,c264a94e-b97a-45c0-8a1b-858c4de99cd6,2016-05-29,07:30:00,"EDSA Amber, Barangka Ilaya Mandaluyong",0,0,0,0,0,0,0,0,0,0,2016-05-29 15:30,Property,14.58786167,121.056685,No Collision Stated