LOCATION_TEXT,ROAD,WEATHER,LIGHT,DESC,REPORTING_AGENCY,MAIN_CAUSE,INCIDENTDETAILS_ID,DATE_UTC,TIME_UTC,ADDRESS,killed_driver,killed_passenger,killed_pedestrian,injured_driver,injured_passenger,injured_pedestrian,killed_uncategorized,injured_uncategorized,killed_total,injured_total,DATETIME_PST,SEVERITY,Y,X,COLLISION_TYPE
None,EDSA,None,None,"No Accident Factor, No Collision Stated (based on Police Blotter Book), 0.0 drivers_injured, 0.0 drivers_killed, 0.0 passengers_injured, 0.0 passengers_killed, 0.0 pedestrian_injured, 0.0 pedestrian_killed, Fair (Night), EDSA EDSA Central, Highway Hills Mandaluyong",MMDA Road Safety Unit,,1b300f4f-6be3-42ff-b815-b5396448a6ae,2016-05-28,21:00:00,"EDSA Amber, Barangka Ilaya Mandaluyong",0,0,0,0,0,0,0,0,0,0,2016-05-29 5:00,Property,14.57994372,121.0528367,No Collision Stated
None,EDSA,None,None,"No Accident Factor, No Collision Stated (based on Police Blotter Book), 0.0 drivers_injured, 0.0 drivers_killed, 0.0 passengers_injured, 0.0 passengers_killed, 0.0 pedestrian_injured, 0.0 pedestrian_killed, Fair (Night), EDSA Crossing Mandaluyong",MMDA Road Safety Unit,,c157646b-fb9e-4db8-9cc8-379d255efd19,2016-05-27,19:30:00,EDSA Highway 54 Mandaluyong,0,0,0,0,0,0,0,0,0,0,2016-05-28 3:30,Property,14.58212391,121.0540758,No Collision Stated
None,EDSA,None,None,"No Accident Factor, Rear-end, 0.0 drivers_injured, 0.0 drivers_killed, 0.0 passengers_injured, 0.0 passengers_killed, 0.0 pedestrian_injured, 0.0 pedestrian_killed, Fair (Day), EDSA PGA Cars Mandaluyong",MMDA Road Safety Unit,,65562d7b-2e06-4c96-8813-4494d05dbac2,2016-05-27,01:00:00,"EDSA Boni MRT Station., Malamig Mandaluyong",0,0,0,0,0,0,0,0,0,0,2016-05-27 9:00,Property,14.59623028,121.0592439,Rear-End
None,EDSA,None,None,"No Accident Factor, No Collision Stated (based on Police Blotter Book), 0.0 drivers_injured, 0.0 drivers_killed, 0.0 passengers_injured, 0.0 passengers_killed, 0.0 pedestrian_injured, 0.0 pedestrian_killed, Fair (Day), EDSA Audi Motors, Wack Wack Mandaluyong",MMDA Road Safety Unit,,424591fe-7bf4-4a77-8241-97b60548c43d,2016-05-26,22:30:00,EDSA Crossing Mandaluyong,0,0,0,0,0,0,0,0,0,0,2016-05-27 6:30,Property,14.59597368,121.0592132,No Collision Stated
None,EDSA,None,None,"No Accident Factor, No Collision Stated (based on Police Blotter Book), 0.0 drivers_injured, 0.0 drivers_killed, 0.0 passengers_injured, 0.0 passengers_killed, 0.0 pedestrian_injured, 0.0 pedestrian_killed, Fair (Day), EDSA MRT-Ortigas Station, Wack-wack Mandaluyong",MMDA Road Safety Unit,,17ed5177-47ae-4b00-9127-178bccdb9ed4,2016-05-26,01:00:00,EDSA J. Vargas Ave Mandaluyong,0,0,0,0,0,0,0,0,0,0,2016-05-26 9:00,Property,14.58786167,121.056685,No Collision Stated
None,EDSA,None,None,"No Accident Factor, No Collision Stated (based on Police Blotter Book), 1.0 drivers_injured, 0.0 drivers_killed, 0.0 passengers_injured, 0.0 passengers_killed, 0.0 pedestrian_injured, 0.0 pedestrian_killed, Fair (Night), EDSA V. R. Potenciano Medical Center Mandaluyong",MMDA Road Safety Unit,,fc182912-8100-4e87-adea-5a7df92e16e1,2016-05-25,17:30:00,"EDSA Shaw Blvd., United St. Mandaluyong",0,0,0,1,0,0,0,0,0,1,2016-05-26 1:30,Injury,14.57684342,121.0502966,No Collision Stated
None,EDSA,None,None,"No Accident Factor, No Collision Stated (based on Police Blotter Book), 0.0 drivers_injured, 0.0 drivers_killed, 0.0 passengers_injured, 0.0 passengers_killed, 0.0 pedestrian_injured, 0.0 pedestrian_killed, Fair (Day), EDSA Boni Ave. Mandaluyong",MMDA Road Safety Unit,,c087fb99-1cf6-4638-8e77-674c9b565cdf,2016-05-25,00:00:00,EDSA Shaw Blvd. (NB) SPLIT Mandaluyong,0,0,0,0,0,0,0,0,0,0,2016-05-25 8:00,Property,14.57242918,121.0471629,No Collision Stated
None,EDSA,None,None,"No Accident Factor, No Collision Stated (based on Police Blotter Book), 0.0 drivers_injured, 0.0 drivers_killed, 0.0 passengers_injured, 0.0 passengers_killed, 0.0 pedestrian_injured, 0.0 pedestrian_killed, Fair (Day), EDSA Apo St. Mandaluyong",MMDA Road Safety Unit,,a33cbd9a-79ca-474a-8c8b-62d697ade130,2016-05-24,23:30:00,EDSA J. Vargas St. Mandaluyong,0,0,0,0,0,0,0,0,0,0,2016-05-25 7:30,Property,14.5715578,121.046752,No Collision Stated
None,EDSA,None,None,"No Accident Factor, No Collision Stated (based on Police Blotter Book), 0.0 drivers_injured, 0.0 drivers_killed, 0.0 passengers_injured, 0.0 passengers_killed, 0.0 pedestrian_injured, 0.0 pedestrian_killed, Fair (Night), EDSA V. R. Potenciano Medical Center, Highway Hills Mandaluyong",MMDA Road Safety Unit,,b695fb37-0df6-42b0-bd3f-1bdff37df4c1,2016-05-24,21:30:00,"EDSA Shell Gas Station, Highway Hills Mandaluyong",0,0,0,0,0,0,0,0,0,0,2016-05-25 5:30,Property,14.57684342,121.0502966,No Collision Stated
None,EDSA,None,None,"No Accident Factor, No Collision Stated (based on Police Blotter Book), 1.0 drivers_injured, 0.0 drivers_killed, 0.0 passengers_injured, 0.0 passengers_killed, 0.0 pedestrian_injured, 0.0 pedestrian_killed, Fair (Night), EDSA Caltex Gas Station, Connecticut St., Wack-wack Mandaluyong",MMDA Road Safety Unit,,f91fe8d8-20f8-4f77-8695-c2e5486a8d51,2016-05-24,12:30:00,"EDSA Light Mall Residence, Highway Hills Mandaluyong",0,0,0,1,0,0,0,0,0,1,2016-05-24 20:30,Injury,14.60190931,121.0590281,No Collision Stated
None,EDSA,None,None,"No Accident Factor, No Collision Stated (based on Police Blotter Book), 0.0 drivers_injured, 0.0 drivers_killed, 0.0 passengers_injured, 0.0 passengers_killed, 0.0 pedestrian_injured, 0.0 pedestrian_killed, Fair (Night), EDSA Pinatubo St., Malamig Mandaluyong",MMDA Road Safety Unit,,4c949385-1bad-4ebb-bbf2-440732d86e07,2016-05-23,19:30:00,"EDSA Petron Gas Station, Connecticut Wack-Wack Mandaluyong",0,0,0,0,0,0,0,0,0,0,2016-05-24 3:30,Property,14.57321369,121.0476439,No Collision Stated
None,EDSA,None,None,"No Accident Factor, Side Swipe, 0.0 drivers_injured, 0.0 drivers_killed, 0.0 passengers_injured, 0.0 passengers_killed, 0.0 pedestrian_injured, 0.0 pedestrian_killed, Fair (Night), EDSA Shaw Blvd. Mandaluyong",MMDA Road Safety Unit,,1370492a-fe75-4125-a7ad-265a6ca9fd6b,2016-05-23,14:30:00,EDSA Amber Restaurant Mandaluyong,0,0,0,0,0,0,0,0,0,0,2016-05-23 22:30,Property,14.58119822,121.0534578,Side Swipe
None,EDSA,None,None,"No Accident Factor, No Collision Stated (based on Police Blotter Book), 0.0 drivers_injured, 0.0 drivers_killed, 0.0 passengers_injured, 0.0 passengers_killed, 0.0 pedestrian_injured, 0.0 pedestrian_killed, Fair (Night), EDSA RICOA Phils., Highway Hills Mandaluyong",MMDA Road Safety Unit,,69068a97-b02f-4183-a00f-dab1f19d7e4f,2016-05-23,13:30:00,EDSA Robinson Galleria Mandaluyong,0,0,0,0,0,0,0,0,0,0,2016-05-23 21:30,Property,14.57597502,121.0499586,No Collision Stated
None,EDSA,None,None,"No Accident Factor, No Collision Stated (based on Police Blotter Book), 0.0 drivers_injured, 0.0 drivers_killed, 0.0 passengers_injured, 0.0 passengers_killed, 0.0 pedestrian_injured, 0.0 pedestrian_killed, Fair (Night), EDSA Robinsons Forum, Ilaya Mandaluyong",MMDA Road Safety Unit,,32f8c082-daa9-4914-a206-3d30d8937ca7,2016-05-23,11:00:00,EDSA Robinsons Pioneer (NB) Mandaluyong,0,0,0,0,0,0,0,0,0,0,2016-05-23 19:00,Property,14.57182388,121.0470705,No Collision Stated
None,EDSA,None,None,"No Accident Factor, No Collision Stated (based on Police Blotter Book), 0.0 drivers_injured, 0.0 drivers_killed, 0.0 passengers_injured, 0.0 passengers_killed, 0.0 pedestrian_injured, 0.0 pedestrian_killed, Fair (Night), EDSA Shangrila Mall, Wack Wack Mandaluyong",MMDA Road Safety Unit,,06d64a53-508e-4509-b66e-6c8e3644d9a7,2016-05-23,10:25:00,EDSA Ortigas Ave. Mandaluyong,0,0,0,0,0,0,0,0,0,0,2016-05-23 18:25,Property,14.58223571,121.0544805,No Collision Stated
None,EDSA,None,None,"No Accident Factor, Side Swipe, 0.0 drivers_injured, 0.0 drivers_killed, 1.0 passengers_injured, 0.0 passengers_killed, 0.0 pedestrian_injured, 0.0 pedestrian_killed, Fair (Day), EDSA Reliance Mandaluyong",MMDA Road Safety Unit,,3b5073fb-e955-4880-b2e4-3441d11a54f6,2016-05-23,02:20:00,EDSA SM Megamall Mandaluyong,0,0,0,0,1,0,0,0,0,1,2016-05-23 10:20,Injury,14.57669064,121.0504494,Side Swipe
None,EDSA,None,None,"No Accident Factor, No Collision Stated (based on Police Blotter Book), 0.0 drivers_injured, 0.0 drivers_killed, 0.0 passengers_injured, 0.0 passengers_killed, 0.0 pedestrian_injured, 0.0 pedestrian_killed, Fair (Day), EDSA Boni Ave. Mandaluyong",MMDA Road Safety Unit,,3904051a-114e-41b4-a01c-2f9437dfce04,2016-05-23,01:25:00,EDSA Transcom Mandaluyong,0,0,0,0,0,0,0,0,0,0,2016-05-23 9:25,Property,14.57242918,121.0471629,No Collision Stated
None,EDSA,None,None,"No Accident Factor, No Collision Stated (based on Police Blotter Book), 0.0 drivers_injured, 0.0 drivers_killed, 0.0 passengers_injured, 0.0 passengers_killed, 0.0 pedestrian_injured, 0.0 pedestrian_killed, Fair (Day), EDSA Highway 54, Wack-wack Mandaluyong",MMDA Road Safety Unit,,47054c60-8947-4db0-95ef-1be67cf6e455,2016-05-22,09:40:00,"EDSA Shell Gas Station, Highway Hills Mandaluyong",0,0,0,0,0,0,0,0,0,0,2016-05-22 17:40,Property,14.58500097,121.0556243,No Collision Stated
None,EDSA,None,None,"No Accident Factor, No Collision Stated (based on Police Blotter Book), 0.0 drivers_injured, 0.0 drivers_killed, 0.0 passengers_injured, 0.0 passengers_killed, 0.0 pedestrian_injured, 0.0 pedestrian_killed, Fair (Day), EDSA SM Megamall, Wack-wack Mandaluyong",MMDA Road Safety Unit,,06c83f67-af7f-4cc7-ac57-67db0fa7e6e6,2016-05-22,08:30:00,EDSA Starmall Mandaluyong,0,0,0,0,0,0,0,0,0,0,2016-05-22 16:30,Property,14.58501645,121.0558372,No Collision Stated
None,EDSA,None,None,"No Accident Factor, No Collision Stated (based on Police Blotter Book), 0.0 drivers_injured, 0.0 drivers_killed, 0.0 passengers_injured, 0.0 passengers_killed, 0.0 pedestrian_injured, 0.0 pedestrian_killed, Fair (Night), EDSA Shaw Blvd., Wack-wack Mandaluyong",MMDA Road Safety Unit,,6817e58f-619a-47c9-890f-cd82fd27b4f6,2016-05-21,16:30:00,"EDSA Reliance St., Highway Hills Mandaluyong",0,0,0,0,0,0,0,0,0,0,2016-05-22 0:30,Property,14.58119822,121.0534578,No Collision Stated
None,EDSA,None,None,"No Accident Factor, Side Swipe, 0.0 drivers_injured, 0.0 drivers_killed, 0.0 passengers_injured, 0.0 passengers_killed, 0.0 pedestrian_injured, 0.0 pedestrian_killed, Fair (Night), EDSA Shaw Blvd. Mandaluyong",MMDA Road Safety Unit,,831befc8-63c2-46eb-bc2b-06fac9158967,2016-05-21,15:50:00,EDSA SM Megamall (NB) Mandaluyong,0,0,0,0,0,0,0,0,0,0,2016-05-21 23:50,Property,14.58119822,121.0534578,Side Swipe
None,EDSA,None,None,"No Accident Factor, No Collision Stated (based on Police Blotter Book), 0.0 drivers_injured, 0.0 drivers_killed, 0.0 passengers_injured, 0.0 passengers_killed, 0.0 pedestrian_injured, 0.0 pedestrian_killed, Fair (Night), EDSA Madison St. Mandaluyong",MMDA Road Safety Unit,,8f82a2c4-0e43-4187-923b-839005fe0af8,2016-05-21,14:30:00,EDSA Libertad (SB) Mandaluyong,0,0,0,0,0,0,0,0,0,0,2016-05-21 22:30,Property,14.57464299,121.0489046,No Collision Stated
None,EDSA,None,None,"No Accident Factor, No Collision Stated (based on Police Blotter Book), 0.0 drivers_injured, 0.0 drivers_killed, 0.0 passengers_injured, 0.0 passengers_killed, 0.0 pedestrian_injured, 0.0 pedestrian_killed, Fair (Night), EDSA SM Megamall Mandaluyong",MMDA Road Safety Unit,,b1f12c62-758d-4e3d-8bee-4458e4fff5db,2016-05-20,15:00:00,"EDSA D.M. Guevarra St., Highway Hills Mandaluyong",0,0,0,0,0,0,0,0,0,0,2016-05-20 23:00,Property,14.58501645,121.0558372,No Collision Stated
None,EDSA,None,None,"No Accident Factor, No Collision Stated (based on Police Blotter Book), 0.0 drivers_injured, 0.0 drivers_killed, 0.0 passengers_injured, 0.0 passengers_killed, 0.0 pedestrian_injured, 0.0 pedestrian_killed, Fair (Night), EDSA SMDC, Highway Hills Mandaluyong",MMDA Road Safety Unit,,771a0097-7eda-4ef9-8490-aa5369c0cb99,2016-05-20,13:50:00,"EDSA Boni Ave., Robinsons Forum, Ilaya Mandaluyong",0,0,0,0,0,0,0,0,0,0,2016-05-20 21:50,Property,14.57496984,121.0491482,No Collision Stated
None,EDSA,None,None,"No Accident Factor, Side Swipe, 0.0 drivers_injured, 0.0 drivers_killed, 0.0 passengers_injured, 0.0 passengers_killed, 0.0 pedestrian_injured, 0.0 pedestrian_killed, Fair (Night), EDSA Reliance (NB) Mandaluyong",MMDA Road Safety Unit,,71f32d0a-f8cc-4620-b5e5-5f16f5606241,2016-05-20,13:45:00,"EDSA Pavillion, Highway Hills Mandaluyong",0,0,0,0,0,0,0,0,0,0,2016-05-20 21:45,Property,14.57669064,121.0504494,Side Swipe
None,EDSA,None,None,"No Accident Factor, No Collision Stated (based on Police Blotter Book), 0.0 drivers_injured, 0.0 drivers_killed, 0.0 passengers_injured, 0.0 passengers_killed, 0.0 pedestrian_injured, 0.0 pedestrian_killed, Fair (Night), EDSA Reliance St., Highway Hills Mandaluyong",MMDA Road Safety Unit,,d1ea2a7d-4b56-42f3-8d6a-0ec58c63c02d,2016-05-20,13:30:00,"EDSA Boni Mrt Station, Malamig Mandaluyong",0,0,0,0,0,0,0,0,0,0,2016-05-20 21:30,Property,14.57669064,121.0504494,No Collision Stated
None,EDSA,None,None,"No Accident Factor, No Collision Stated (based on Police Blotter Book), 0.0 drivers_injured, 0.0 drivers_killed, 0.0 passengers_injured, 0.0 passengers_killed, 0.0 pedestrian_injured, 0.0 pedestrian_killed, Fair (Night), EDSA MRT-Ortigas Station, Wack-wack Mandaluyong",MMDA Road Safety Unit,,958a12e4-0aa9-45a5-b6cb-bf3e2f4efed3,2016-05-19,15:00:00,EDSA Pioneer St. Mandaluyong,0,0,0,0,0,0,0,0,0,0,2016-05-19 23:00,Property,14.58786167,121.056685,No Collision Stated
None,EDSA,None,None,"No Accident Factor, No Collision Stated (based on Police Blotter Book), 0.0 drivers_injured, 0.0 drivers_killed, 0.0 passengers_injured, 0.0 passengers_killed, 0.0 pedestrian_injured, 0.0 pedestrian_killed, Fair (Night), EDSA SMDC    Mandaluyong",MMDA Road Safety Unit,,24bfe5a1-0519-4942-93ae-e92114c27bdf,2016-05-19,14:25:00,"EDSA Ortigas Ave., Wack-Wack Mandaluyong",0,0,0,0,0,0,0,0,0,0,2016-05-19 22:25,Property,14.57496984,121.0491482,No Collision Stated
None,EDSA,None,None,"No Accident Factor, Side Swipe, 0.0 drivers_injured, 0.0 drivers_killed, 0.0 passengers_injured, 0.0 passengers_killed, 0.0 pedestrian_injured, 0.0 pedestrian_killed, Fair (Night), EDSA Reliance (NB) Mandaluyong",MMDA Road Safety Unit,,97691e2f-dd27-418d-bead-c72ec7fa1a3a,2016-05-19,12:55:00,EDSA Robinsons Forum Pioneer Mandaluyong,0,0,0,0,0,0,0,0,0,0,2016-05-19 20:55,Property,14.57669064,121.0504494,Side Swipe
None,EDSA,None,None,"No Accident Factor, No Collision Stated (based on Police Blotter Book), 0.0 drivers_injured, 0.0 drivers_killed, 0.0 passengers_injured, 0.0 passengers_killed, 0.0 pedestrian_injured, 0.0 pedestrian_killed, Fair (Night), EDSA Pioneer St., Barangka Ilaya Mandaluyong",MMDA Road Safety Unit,,3fbfa8f2-9530-4883-827f-6168898d7df4,2016-05-19,12:30:00,"EDSA Shaw Blvd., Saint Francis St. Mandaluyong",0,0,0,0,0,0,0,0,0,0,2016-05-19 20:30,Property,14.57236671,121.0472702,No Collision Stated
None,EDSA,None,None,"No Accident Factor, No Collision Stated (based on Police Blotter Book), 0.0 drivers_injured, 0.0 drivers_killed, 0.0 passengers_injured, 0.0 passengers_killed, 0.0 pedestrian_injured, 0.0 pedestrian_killed, Fair (Night), EDSA Shangri-La Garden Way, Wack-wack Mandaluyong",MMDA Road Safety Unit,,a3b60883-a304-4740-a208-571ce20e125b,2016-05-19,10:45:00,"EDSA Guadix Drive, Wack-Wack Mandaluyong",0,0,0,0,0,0,0,0,0,0,2016-05-19 18:45,Property,14.58223571,121.0544805,No Collision Stated
None,EDSA,None,None,"No Accident Factor, No Collision Stated (based on Police Blotter Book), 0.0 drivers_injured, 0.0 drivers_killed, 0.0 passengers_injured, 0.0 passengers_killed, 0.0 pedestrian_injured, 0.0 pedestrian_killed, Fair (Day), EDSA Robinson's Place Pioneer Mandaluyong",MMDA Road Safety Unit,,c20de6ba-2b91-4712-873e-339e98fca81d,2016-05-19,09:15:00,"EDSA United St., Highway Hills Mandaluyong",0,0,0,0,0,0,0,0,0,0,2016-05-19 17:15,Property,14.57190409,121.0471319,No Collision Stated
None,EDSA,None,None,"No Accident Factor, Side Swipe, 0.0 drivers_injured, 0.0 drivers_killed, 0.0 passengers_injured, 0.0 passengers_killed, 0.0 pedestrian_injured, 0.0 pedestrian_killed, Fair (Day), EDSA Ortigas (NB) Mandaluyong",MMDA Road Safety Unit,,d82562b0-ba75-4fc0-b387-0c7c4197ac60,2016-05-19,05:40:00,"EDSA Crossing, Wack-Wack Mandaluyong",0,0,0,0,0,0,0,0,0,0,2016-05-19 13:40,Property,14.59327428,121.0582827,Side Swipe
None,EDSA,None,None,"No Accident Factor, Side Swipe, 0.0 drivers_injured, 0.0 drivers_killed, 0.0 passengers_injured, 0.0 passengers_killed, 0.0 pedestrian_injured, 0.0 pedestrian_killed, Fair (Day), EDSA Boni Footbridge Mandaluyong",MMDA Road Safety Unit,,67bbc8cf-fe2f-4dca-92dc-5b516dc62593,2016-05-19,01:25:00,"EDSA V.R. Potenciano Medical Center, Highway Hills Mandaluyong",0,0,0,0,0,0,0,0,0,0,2016-05-19 9:25,Property,14.57372098,121.0479555,Side Swipe
None,EDSA,None,None,"No Accident Factor, Rear-end, 0.0 drivers_injured, 0.0 drivers_killed, 0.0 passengers_injured, 0.0 passengers_killed, 0.0 pedestrian_injured, 0.0 pedestrian_killed, Fair (Night), EDSA Boni Ave. Mandaluyong",MMDA Road Safety Unit,,5c80e982-ab55-4791-bd68-62a3788f71e0,2016-05-18,19:00:00,EDSA Shaw Blvd. Mandaluyong,0,0,0,0,0,0,0,0,0,0,2016-05-19 3:00,Property,14.57242918,121.0471629,Rear-End
None,EDSA,None,None,"No Accident Factor, No Collision Stated (based on Police Blotter Book), 0.0 drivers_injured, 0.0 drivers_killed, 0.0 passengers_injured, 0.0 passengers_killed, 0.0 pedestrian_injured, 0.0 pedestrian_killed, Fair (Day), EDSA Robinson's Place Pioneer Mandaluyong",MMDA Road Safety Unit,,a850c3c8-9fa3-4c0e-8dcb-1e5afb15ede2,2016-05-18,05:35:00,"EDSA Barangka Drive, Ilaya Mandaluyong",0,0,0,0,0,0,0,0,0,0,2016-05-18 13:35,Property,14.57190409,121.0471319,No Collision Stated
None,EDSA,None,None,"No Accident Factor, No Collision Stated (based on Police Blotter Book), 0.0 drivers_injured, 0.0 drivers_killed, 0.0 passengers_injured, 0.0 passengers_killed, 0.0 pedestrian_injured, 0.0 pedestrian_killed, Fair (Day), EDSA Libertad St., Highway Hills Mandaluyong",MMDA Road Safety Unit,,f80c91da-7333-4b24-bf8a-9e640c432ef9,2016-05-18,05:35:00,EDSA Ortigas MRT Station Mandaluyong,0,0,0,0,0,0,0,0,0,0,2016-05-18 13:35,Property,14.57859094,121.0516172,No Collision Stated
None,EDSA,None,None,"No Accident Factor, Side Swipe, 0.0 drivers_injured, 0.0 drivers_killed, 0.0 passengers_injured, 0.0 passengers_killed, 0.0 pedestrian_injured, 0.0 pedestrian_killed, Fair (Day), EDSA Boni (SB) Mandaluyong",MMDA Road Safety Unit,,f111ae80-953f-43d5-b5f5-07fed534ca1b,2016-05-18,04:05:00,EDSA Reliance St.  Mandaluyong,0,0,0,0,0,0,0,0,0,0,2016-05-18 12:05,Property,14.57263607,121.0474569,Side Swipe
None,EDSA,None,None,"No Accident Factor, No Collision Stated (based on Police Blotter Book), 0.0 drivers_injured, 0.0 drivers_killed, 0.0 passengers_injured, 0.0 passengers_killed, 0.0 pedestrian_injured, 0.0 pedestrian_killed, Fair (Day), EDSA Highway 54, Wack-wack Mandaluyong",MMDA Road Safety Unit,,ae7aeffb-ed26-4810-9137-9ddd5cb0b1af,2016-05-18,03:55:00,EDSA Robinsons Forum. Barangka Ilaya Mandaluyong,0,0,0,0,0,0,0,0,0,0,2016-05-18 11:55,Property,14.58500097,121.0556243,No Collision Stated
None,EDSA,None,None,"No Accident Factor, No Collision Stated (based on Police Blotter Book), 0.0 drivers_injured, 0.0 drivers_killed, 0.0 passengers_injured, 0.0 passengers_killed, 0.0 pedestrian_injured, 0.0 pedestrian_killed, Fair (Day), EDSA Highway 54, Wack-wack Mandaluyong",MMDA Road Safety Unit,,7c8d3fa6-57ba-4f32-9c16-a9667f31c7ea,2016-05-18,00:55:00,EDSA Connecticut St.  Mandaluyong,0,0,0,0,0,0,0,0,0,0,2016-05-18 8:55,Property,14.58500097,121.0556243,No Collision Stated
None,EDSA,None,None,"No Accident Factor, Rear-end, 0.0 drivers_injured, 0.0 drivers_killed, 0.0 passengers_injured, 0.0 passengers_killed, 0.0 pedestrian_injured, 0.0 pedestrian_killed, Fair (Day), EDSA Garden Way Mandaluyong",MMDA Road Safety Unit,,d9b26f28-4fcd-48e2-b5da-914a1c4c01ea,2016-05-17,03:45:00,EDSA Guadix St.  Mandaluyong,0,0,0,0,0,0,0,0,0,0,2016-05-17 11:45,Property,14.58286435,121.0549356,Rear-End
None,EDSA,None,None,"No Accident Factor, Rear-end, 0.0 drivers_injured, 0.0 drivers_killed, 0.0 passengers_injured, 0.0 passengers_killed, 0.0 pedestrian_injured, 0.0 pedestrian_killed, Fair (Day), EDSA Rochester (SB) Mandaluyong",MMDA Road Safety Unit,,5ae0cd20-d374-41f9-b141-8b28d75231f5,2016-05-17,01:15:00,EDSA Robinsons Forum. Barangka Ilaya Mandaluyong,0,0,0,0,0,0,0,0,0,0,2016-05-17 9:15,Property,14.597563,121.0595941,Rear-End
None,EDSA,None,None,"No Accident Factor, Angle Impact, 0.0 drivers_injured, 0.0 drivers_killed, 0.0 passengers_injured, 0.0 passengers_killed, 0.0 pedestrian_injured, 0.0 pedestrian_killed, Fair (Night), EDSA SM Megamall Mandaluyong",MMDA Road Safety Unit,,d05cfab2-40b1-4c17-8c41-bb4e8448a7a9,2016-05-16,12:30:00,EDSA Light Residences Mandaluyong,0,0,0,0,0,0,0,0,0,0,2016-05-16 20:30,Property,14.58501645,121.0558372,Angle Impact
None,EDSA,None,None,"No Accident Factor, Rear-end, 0.0 drivers_injured, 0.0 drivers_killed, 0.0 passengers_injured, 0.0 passengers_killed, 0.0 pedestrian_injured, 0.0 pedestrian_killed, Fair (Day), EDSA Boni (SB) Mandaluyong",MMDA Road Safety Unit,,0d53546e-bca3-434d-a94e-49045b37f6de,2016-05-15,23:35:00,EDSA Lion Road Mandaluyong,0,0,0,0,0,0,0,0,0,0,2016-05-16 7:35,Property,14.57263607,121.0474569,Rear-End
None,EDSA,None,None,"No Accident Factor, No Collision Stated (based on Police Blotter Book), 0.0 drivers_injured, 0.0 drivers_killed, 0.0 passengers_injured, 0.0 passengers_killed, 0.0 pedestrian_injured, 0.0 pedestrian_killed, Fair (Day), EDSA SMDC, Highway Hills Mandaluyong",MMDA Road Safety Unit,,af4440fe-f8dd-4b05-87be-5d5ade67030a,2016-05-15,09:00:00,"EDSA Reliance St. (Paragon Plaza, Highway Hills) Mandaluyong",0,0,0,0,0,0,0,0,0,0,2016-05-15 17:00,Property,14.57496984,121.0491482,No Collision Stated
None,EDSA,None,None,"No Accident Factor, Hit Object (Barrier-Concrete), 0.0 drivers_injured, 0.0 drivers_killed, 0.0 passengers_injured, 0.0 passengers_killed, 0.0 pedestrian_injured, 0.0 pedestrian_killed, Fair (Night), EDSA Megamall (NB) Mandaluyong",MMDA Road Safety Unit,,4a0df59d-6362-423d-97b8-e040563fc827,2016-05-14,21:55:00,"EDSA SM Megamall, Wack-Wack Mandaluyong",0,0,0,0,0,0,0,0,0,0,2016-05-15 5:55,Property,14.58519582,121.0559351,Hit Object
None,EDSA,None,None,"No Accident Factor, No Collision Stated (based on Police Blotter Book), 0.0 drivers_injured, 0.0 drivers_killed, 0.0 passengers_injured, 0.0 passengers_killed, 0.0 pedestrian_injured, 0.0 pedestrian_killed, Fair (Night), EDSA Highway 54, Wack-wack Mandaluyong",MMDA Road Safety Unit,,398f07ad-9149-4934-a5eb-dd4e63aacef0,2016-05-14,18:00:00,"EDSA EDSA Central, Highway Hills Mandaluyong",0,0,0,0,0,0,0,0,0,0,2016-05-15 2:00,Property,14.58500097,121.0556243,No Collision Stated
None,EDSA,None,None,"No Accident Factor, Side Swipe, 0.0 drivers_injured, 0.0 drivers_killed, 0.0 passengers_injured, 0.0 passengers_killed, 0.0 pedestrian_injured, 0.0 pedestrian_killed, Fair (Night), EDSA Megamall Building B (NB) Mandaluyong",MMDA Road Safety Unit,,0c27f479-6ab2-4ba3-859d-1ccbcad0660f,2016-05-13,12:20:00,EDSA Ortigas MRT Station Mandaluyong,0,0,0,0,0,0,0,0,0,0,2016-05-13 20:20,Property,14.58519582,121.0559351,Side Swipe
None,EDSA,None,None,"No Accident Factor, Side Swipe, 0.0 drivers_injured, 0.0 drivers_killed, 0.0 passengers_injured, 0.0 passengers_killed, 0.0 pedestrian_injured, 0.0 pedestrian_killed, Fair (Night), EDSA Ortigas Mrt (NB) Mandaluyong",MMDA Road Safety Unit,,49bf2644-48da-4114-844d-dc1464647cc9,2016-05-13,11:55:00,"EDSA Paragon Plaza, Highway Hills Mandaluyong",0,0,0,0,0,0,0,0,0,0,2016-05-13 19:55,Property,14.58789302,121.0566024,Side Swipe
None,EDSA,None,None,"No Accident Factor, Rear-end, 0.0 drivers_injured, 0.0 drivers_killed, 0.0 passengers_injured, 0.0 passengers_killed, 0.0 pedestrian_injured, 0.0 pedestrian_killed, Fair (Day), EDSA Reliance St. Mandaluyong",MMDA Road Safety Unit,,fba4f381-905a-42f4-9070-90c63bcce4e2,2016-05-13,07:40:00,EDSA Reliance St.  Mandaluyong,0,0,0,0,0,0,0,0,0,0,2016-05-13 15:40,Property,14.57669064,121.0504494,Rear-End