LOCATION_TEXT,ROAD,WEATHER,LIGHT,DESC,REPORTING_AGENCY,MAIN_CAUSE,INCIDENTDETAILS_ID,DATE_UTC,TIME_UTC,ADDRESS,killed_driver,killed_passenger,killed_pedestrian,injured_driver,injured_passenger,injured_pedestrian,killed_uncategorized,injured_uncategorized,killed_total,injured_total,DATETIME_PST,SEVERITY,Y,X,COLLISION_TYPE
None,EDSA,None,None,"No Accident Factor, Side Swipe, 1.0 drivers_injured, 0.0 drivers_killed, 1.0 passengers_injured, 0.0 passengers_killed, 0.0 pedestrian_injured, 0.0 pedestrian_killed, Fair (Day), EDSA Connecticut St. Mandaluyong",MMDA Road Safety Unit,,885b28a6-3353-4b33-82f6-ff05487b4429,2016-05-12,23:00:00,EDSA Ortigas Ave. (EB) Mandaluyong,0,0,0,1,1,0,0,0,0,2,2016-05-13 7:00,Injury,14.60151411,121.0591478,Side Swipe
None,EDSA,None,None,"No Accident Factor, Side Swipe, 0.0 drivers_injured, 0.0 drivers_killed, 0.0 passengers_injured, 0.0 passengers_killed, 0.0 pedestrian_injured, 0.0 pedestrian_killed, Fair (Day), EDSA Ortigas (EB) Mandaluyong",MMDA Road Safety Unit,,daffeab0-1b19-4c69-91dd-1de6aecb0f01,2016-05-12,07:25:00,"EDSA SM Megamall, Wack-Wack Mandaluyong",0,0,0,0,0,0,0,0,0,0,2016-05-12 15:25,Property,14.59327428,121.0582827,Side Swipe
None,EDSA,None,None,"No Accident Factor, No Collision Stated (based on Police Blotter Book), 0.0 drivers_injured, 0.0 drivers_killed, 0.0 passengers_injured, 0.0 passengers_killed, 0.0 pedestrian_injured, 0.0 pedestrian_killed, Fair (Day), EDSA Ortigas Ave. Mandaluyong",MMDA Road Safety Unit,,431b9be1-8b6d-4bcc-8850-40f4dc0b43a3,2016-05-12,05:40:00,EDSA United St.  Mandaluyong,0,0,0,0,0,0,0,0,0,0,2016-05-12 13:40,Property,14.59305232,121.0585643,No Collision Stated
None,EDSA,None,None,"No Accident Factor, Rear-end, 0.0 drivers_injured, 0.0 drivers_killed, 0.0 passengers_injured, 0.0 passengers_killed, 0.0 pedestrian_injured, 0.0 pedestrian_killed, Fair (Day), EDSA Pioneer (NB) Mandaluyong",MMDA Road Safety Unit,,bdc7f1c8-31ee-479f-b6ad-2e8cfb4d1ea5,2016-05-12,02:50:00,EDSA Boni Ave. Mandaluyong,0,0,0,0,0,0,0,0,0,0,2016-05-12 10:50,Property,14.57236671,121.0472702,Rear-End
None,EDSA,None,None,"No Accident Factor, No Collision Stated (based on Police Blotter Book), 0.0 drivers_injured, 0.0 drivers_killed, 0.0 passengers_injured, 0.0 passengers_killed, 0.0 pedestrian_injured, 0.0 pedestrian_killed, Fair (Day), EDSA Pinatubo St.  Mandaluyong",MMDA Road Safety Unit,,158336dc-76e6-458f-a37e-5900495d267b,2016-05-12,00:15:00,EDSA J. Vargas Ave (WB) Mandaluyong,0,0,0,0,0,0,0,0,0,0,2016-05-12 8:15,Property,14.57321369,121.0476439,No Collision Stated
None,EDSA,None,None,"No Accident Factor, No Collision Stated (based on Police Blotter Book), 0.0 drivers_injured, 0.0 drivers_killed, 0.0 passengers_injured, 0.0 passengers_killed, 0.0 pedestrian_injured, 0.0 pedestrian_killed, Fair (Day), EDSA Connecticut St.  Mandaluyong",MMDA Road Safety Unit,,a8d18bba-d894-4fcf-811d-d703e03d2bb7,2016-05-11,23:15:00,"EDSA Shaw Blvd. (Shangri-La Mall, Wack-Wack) Mandaluyong",0,0,0,0,0,0,0,0,0,0,2016-05-12 7:15,Property,14.60166503,121.0591465,No Collision Stated
None,EDSA,None,None,"No Accident Factor, No Collision Stated (based on Police Blotter Book), 0.0 drivers_injured, 0.0 drivers_killed, 0.0 passengers_injured, 0.0 passengers_killed, 0.0 pedestrian_injured, 0.0 pedestrian_killed, Fair (Night), EDSA Footbridge, Wack-Wack Mandaluyong",MMDA Road Safety Unit,,84834e8d-3656-40aa-bd9e-d9514f23092b,2016-05-11,13:45:00,"EDSA Highway 54 Bldg., Wack-Wack Mandaluyong",0,0,0,0,0,0,0,0,0,0,2016-05-11 21:45,Property,14.59253761,121.058322,No Collision Stated
None,EDSA,None,None,"No Accident Factor, Rear-end, 0.0 drivers_injured, 0.0 drivers_killed, 0.0 passengers_injured, 0.0 passengers_killed, 0.0 pedestrian_injured, 0.0 pedestrian_killed, Fair (Day), EDSA GA Tower (SB) Mandaluyong",MMDA Road Safety Unit,,0c27a78c-72ae-484f-a8cb-6557ac4b7de0,2016-05-11,05:35:00,EDSA Robinsons Galleria Mandaluyong,0,0,0,0,0,0,0,0,0,0,2016-05-11 13:35,Property,14.57392638,121.0480715,Rear-End
None,EDSA,None,None,"No Accident Factor, No Collision Stated (based on Police Blotter Book), 0.0 drivers_injured, 0.0 drivers_killed, 0.0 passengers_injured, 0.0 passengers_killed, 0.0 pedestrian_injured, 0.0 pedestrian_killed, Fair (Day), EDSA Ortigas MRT Station, Wack-Wack Mandaluyong",MMDA Road Safety Unit,,7b84ddc5-3449-40d1-8e28-d22bfadd17c2,2016-05-11,05:30:00,"EDSA Highway 54 Bldg., Wack-Wack Mandaluyong",0,0,0,0,0,0,0,0,0,0,2016-05-11 13:30,Property,14.58789302,121.0566024,No Collision Stated
None,EDSA,None,None,"No Accident Factor, No Collision Stated (based on Police Blotter Book), 0.0 drivers_injured, 0.0 drivers_killed, 0.0 passengers_injured, 0.0 passengers_killed, 0.0 pedestrian_injured, 0.0 pedestrian_killed, Fair (Day), EDSA Shaw Blvd. Mandaluyong",MMDA Road Safety Unit,,81ce2f41-dc41-453d-8fc0-cefbe54e9c91,2016-05-11,03:15:00,"EDSA SM Megamall, Wack-Wack Mandaluyong",0,0,0,0,0,0,0,0,0,0,2016-05-11 11:15,Property,14.58119822,121.0534578,No Collision Stated
None,EDSA,None,None,"No Accident Factor, Multiple Collision, 0.0 drivers_injured, 0.0 drivers_killed, 0.0 passengers_injured, 0.0 passengers_killed, 0.0 pedestrian_injured, 0.0 pedestrian_killed, Fair (Day), EDSA SM Megamall, Wack-Wack  Mandaluyong",MMDA Road Safety Unit,,d17a3096-bcfe-4579-9adf-87e3115e30f6,2016-05-11,00:30:00,"EDSA Amber Restaurant, Barangka Ilaya Mandaluyong",0,0,0,0,0,0,0,0,0,0,2016-05-11 8:30,Property,14.58501645,121.0558372,Multiple
None,EDSA,None,None,"No Accident Factor, Side Swipe, 0.0 drivers_injured, 0.0 drivers_killed, 0.0 passengers_injured, 0.0 passengers_killed, 0.0 pedestrian_injured, 0.0 pedestrian_killed, Fair (Day), EDSA Mrt Ortigas (SB) Mandaluyong",MMDA Road Safety Unit,,a78a5b72-ec19-4f3f-b520-58cbe8c24c4d,2016-05-10,22:35:00,EDSA Connecticut Mandaluyong,0,0,0,0,0,0,0,0,0,0,2016-05-11 6:35,Property,14.58790822,121.0566183,Side Swipe
None,EDSA,None,None,"No Accident Factor, No Collision Stated (based on Police Blotter Book), 0.0 drivers_injured, 0.0 drivers_killed, 0.0 passengers_injured, 0.0 passengers_killed, 0.0 pedestrian_injured, 0.0 pedestrian_killed, Fair (Night), EDSA Starmall, Wack-Wack Mandaluyong",MMDA Road Safety Unit,,b7ae8ec5-6f7d-497f-a8c2-2a5ec0a61fbf,2016-05-10,14:15:00,EDSA Robinsons Forum. Barangka Ilaya Mandaluyong,0,0,0,0,0,0,0,0,0,0,2016-05-10 22:15,Property,14.58198795,121.0540368,No Collision Stated
None,EDSA,None,None,"No Accident Factor, No Collision Stated (based on Police Blotter Book), 0.0 drivers_injured, 0.0 drivers_killed, 0.0 passengers_injured, 0.0 passengers_killed, 0.0 pedestrian_injured, 0.0 pedestrian_killed, Fair (Night), EDSA Shangri-La Plaza Mandaluyong",MMDA Road Safety Unit,,8d39484a-9c1b-4ba5-9411-68bca0e2e6aa,2016-05-10,11:10:00,EDSA SM Megamall Mandaluyong,0,0,0,0,0,0,0,0,0,0,2016-05-10 19:10,Property,14.58223571,121.0544805,No Collision Stated
None,EDSA,None,None,"No Accident Factor, Angle Impact, 0.0 drivers_injured, 0.0 drivers_killed, 0.0 passengers_injured, 0.0 passengers_killed, 0.0 pedestrian_injured, 0.0 pedestrian_killed, Fair (Day), EDSA Guadix St.  Mandaluyong",MMDA Road Safety Unit,,66edd58c-efea-42eb-aadf-5d1538326962,2016-05-10,05:15:00,EDSA Pinatubo St.  Mandaluyong,0,0,0,0,0,0,0,0,0,0,2016-05-10 13:15,Property,14.58948577,121.0573946,Angle Impact
None,EDSA,None,None,"No Accident Factor, No Collision Stated (based on Police Blotter Book), 0.0 drivers_injured, 0.0 drivers_killed, 0.0 passengers_injured, 0.0 passengers_killed, 0.0 pedestrian_injured, 0.0 pedestrian_killed, Fair (Day), EDSA Shell Gas Station, Highway Hills Mandaluyong",MMDA Road Safety Unit,,8afaf833-f71b-4be5-95a4-49a47f1ed384,2016-05-10,04:30:00,"EDSA PGA Car Bldg., Wack-Wack Mandaluyong",0,0,0,0,0,0,0,0,0,0,2016-05-10 12:30,Property,14.57692814,121.0503406,No Collision Stated
None,EDSA,None,None,"No Accident Factor, No Collision Stated (based on Police Blotter Book), 0.0 drivers_injured, 0.0 drivers_killed, 0.0 passengers_injured, 0.0 passengers_killed, 0.0 pedestrian_injured, 0.0 pedestrian_killed, Fair (Day), EDSA Rochester St.  Mandaluyong",MMDA Road Safety Unit,,8493082a-9ade-4774-b814-172e6048d475,2016-05-10,04:15:00,"EDSA G. A. Tower, Malamig Mandaluyong",0,0,0,0,0,0,0,0,0,0,2016-05-10 12:15,Property,14.597563,121.0595941,No Collision Stated
None,EDSA,None,None,"No Accident Factor, No Collision Stated (based on Police Blotter Book), 0.0 drivers_injured, 0.0 drivers_killed, 0.0 passengers_injured, 0.0 passengers_killed, 0.0 pedestrian_injured, 0.0 pedestrian_killed, Fair (Day), EDSA Boni Robinsons Forum, Ilaya) Mandaluyong",MMDA Road Safety Unit,,37239015-8529-4e2a-9749-23e266954893,2016-05-10,03:10:00,EDSA Reliance St.  Mandaluyong,0,0,0,0,0,0,0,0,0,0,2016-05-10 11:10,Property,14.5715033,121.0469538,No Collision Stated
None,EDSA,None,None,"No Accident Factor, Rear-end, 0.0 drivers_injured, 0.0 drivers_killed, 0.0 passengers_injured, 0.0 passengers_killed, 0.0 pedestrian_injured, 0.0 pedestrian_killed, Fair (Day), EDSA Reliance (SB) Mandaluyong",MMDA Road Safety Unit,,6b3b11f1-eacb-4452-8586-301ee1c99849,2016-05-10,01:30:00,"EDSA ""U"" turn slot, Ortigas Mandaluyong",0,0,0,0,0,0,0,0,0,0,2016-05-10 9:30,Property,14.57669064,121.0504494,Rear-End
None,EDSA,None,None,"No Accident Factor, Rear-end, 0.0 drivers_injured, 0.0 drivers_killed, 0.0 passengers_injured, 0.0 passengers_killed, 0.0 pedestrian_injured, 0.0 pedestrian_killed, Fair (Day), EDSA Pioneer (NB) Mandaluyong",MMDA Road Safety Unit,,3e4fb229-72f2-476a-9544-8497a060ce4e,2016-05-09,23:40:00,EDSA Auto Plus Mandaluyong,0,0,0,0,0,0,0,0,0,0,2016-05-10 7:40,Property,14.57236671,121.0472702,Rear-End
None,EDSA,None,None,"No Accident Factor, No Collision Stated (based on Police Blotter Book), 0.0 drivers_injured, 0.0 drivers_killed, 0.0 passengers_injured, 0.0 passengers_killed, 0.0 pedestrian_injured, 0.0 pedestrian_killed, Fair (Day), EDSA Garden Way Shangri-La Mandaluyong",MMDA Road Safety Unit,,efafe1a8-7679-42eb-89de-fc34ee5eed84,2016-05-08,08:50:00,"EDSA Boni Mrt Station, Malamig Mandaluyong",0,0,0,0,0,0,0,0,0,0,2016-05-08 16:50,Property,14.58286435,121.0549356,No Collision Stated
None,EDSA,None,None,"No Accident Factor, Angle Impact, 0.0 drivers_injured, 0.0 drivers_killed, 0.0 passengers_injured, 0.0 passengers_killed, 0.0 pedestrian_injured, 0.0 pedestrian_killed, Fair (Day), EDSA Shaw Blvd. Mandaluyong",MMDA Road Safety Unit,,b2b84e18-dc5d-4832-bdbd-960ac3b6b28c,2016-05-08,03:00:00,EDSA Guadix St. Mandaluyong,0,0,0,0,0,0,0,0,0,0,2016-05-08 11:00,Property,14.58119822,121.0534578,Angle Impact
None,EDSA,None,None,"No Accident Factor, No Collision Stated (based on Police Blotter Book), 0.0 drivers_injured, 0.0 drivers_killed, 0.0 passengers_injured, 0.0 passengers_killed, 0.0 pedestrian_injured, 0.0 pedestrian_killed, Fair (Day), EDSA SM Megamall, Wack Wack Mandaluyong",MMDA Road Safety Unit,,f238692f-86e6-4bea-b857-2787e194278f,2016-05-07,05:00:00,"EDSA Mrt Ortigas, Wack-Wack Mandaluyong",0,0,0,0,0,0,0,0,0,0,2016-05-07 13:00,Property,14.58501645,121.0558372,No Collision Stated
None,EDSA,None,None,"No Accident Factor, Self-Accident, 0.0 drivers_injured, 0.0 drivers_killed, 0.0 passengers_injured, 0.0 passengers_killed, 0.0 pedestrian_injured, 0.0 pedestrian_killed, Fair (Night), EDSA SM Megamall, Wack-Wack  Mandaluyong",MMDA Road Safety Unit,,8ff713ae-559f-4037-a3be-5e20af7d351b,2016-05-06,13:30:00,"EDSA Crossing, Starmall Mandaluyong",0,0,0,0,0,0,0,0,0,0,2016-05-06 21:30,Property,14.58501645,121.0558372,Self-Accident
None,EDSA,None,None,"No Accident Factor, Side Swipe, 0.0 drivers_injured, 0.0 drivers_killed, 0.0 passengers_injured, 0.0 passengers_killed, 0.0 pedestrian_injured, 0.0 pedestrian_killed, Fair (Night), EDSA Megamall (NB) Mandaluyong",MMDA Road Safety Unit,,f5758369-cc03-4ca1-a377-c592467dd77f,2016-05-06,11:35:00,"EDSA Pioneer, Highway Hills Mandaluyong",0,0,0,0,0,0,0,0,0,0,2016-05-06 19:35,Property,14.58519582,121.0559351,Side Swipe
None,EDSA,None,None,"No Accident Factor, No Collision Stated (based on Police Blotter Book), 1.0 drivers_injured, 0.0 drivers_killed, 0.0 passengers_injured, 0.0 passengers_killed, 0.0 pedestrian_injured, 0.0 pedestrian_killed, Fair (Night), EDSA Megamall (NB) Mandaluyong",MMDA Road Safety Unit,,dff24868-4009-4385-b6ad-93fbf4570694,2016-05-06,11:25:00,EDSA Guadix Road (WB) Mandaluyong,0,0,0,1,0,0,0,0,0,1,2016-05-06 19:25,Injury,14.58519582,121.0559351,No Collision Stated
None,EDSA,None,None,"No Accident Factor, No Collision Stated (based on Police Blotter Book), 0.0 drivers_injured, 0.0 drivers_killed, 0.0 passengers_injured, 0.0 passengers_killed, 0.0 pedestrian_injured, 0.0 pedestrian_killed, Fair (Night), EDSA SM Megall, Wack-Wack  Mandaluyong",MMDA Road Safety Unit,,db1216ec-b8a0-469c-8753-47e7be4e62e3,2016-05-06,10:30:00,"EDSA Madison St., Barangka Ilaya Mandaluyong",0,0,0,0,0,0,0,0,0,0,2016-05-06 18:30,Property,14.58501645,121.0558372,No Collision Stated
None,EDSA,None,None,"No Accident Factor, Rear-end, 0.0 drivers_injured, 0.0 drivers_killed, 0.0 passengers_injured, 0.0 passengers_killed, 0.0 pedestrian_injured, 0.0 pedestrian_killed, Fair (Day), EDSA Shangri-La Mandaluyong",MMDA Road Safety Unit,,6fa3f6a7-abf6-466e-9e88-42717c1d7910,2016-05-06,06:00:00,EDSA Boni Ave. Mandaluyong,0,0,0,0,0,0,0,0,0,0,2016-05-06 14:00,Property,14.58223571,121.0544805,Rear-End
None,EDSA,None,None,"No Accident Factor, Rear-end, 0.0 drivers_injured, 0.0 drivers_killed, 0.0 passengers_injured, 0.0 passengers_killed, 0.0 pedestrian_injured, 0.0 pedestrian_killed, Fair (Day), EDSA Reliance (SB) Mandaluyong",MMDA Road Safety Unit,,7f6c13d5-286a-4c8c-bc04-274df9c18e0e,2016-05-06,00:45:00,"EDSA Boni Ave., Malamig Mandaluyong",0,0,0,0,0,0,0,0,0,0,2016-05-06 8:45,Property,14.57669064,121.0504494,Rear-End
None,EDSA,None,None,"No Accident Factor, Rear-end, 0.0 drivers_injured, 0.0 drivers_killed, 0.0 passengers_injured, 0.0 passengers_killed, 0.0 pedestrian_injured, 0.0 pedestrian_killed, Fair (Day), EDSA Boni (SB) Mandaluyong",MMDA Road Safety Unit,,2b6f748e-04b4-408f-a9a8-a8e76792a31b,2016-05-05,23:30:00,EDSA Starmall Terminal Mandaluyong,0,0,0,0,0,0,0,0,0,0,2016-05-06 7:30,Property,14.57263607,121.0474569,Rear-End
None,EDSA,None,None,"No Accident Factor, Rear-end, 0.0 drivers_injured, 0.0 drivers_killed, 0.0 passengers_injured, 0.0 passengers_killed, 0.0 pedestrian_injured, 0.0 pedestrian_killed, Fair (Day), EDSA Polymedic (SB) Mandaluyong",MMDA Road Safety Unit,,ec51078f-4b22-46c0-bec3-bc7e42b56ade,2016-05-05,23:30:00,"EDSA Bank Drive, Wack-Wack Mandaluyong",0,0,0,0,0,0,0,0,0,0,2016-05-06 7:30,Property,14.57678194,121.0502657,Rear-End
None,EDSA,None,None,"No Accident Factor, Rear-end, 0.0 drivers_injured, 0.0 drivers_killed, 0.0 passengers_injured, 0.0 passengers_killed, 0.0 pedestrian_injured, 0.0 pedestrian_killed, Fair (Day), EDSA Shaw (SB) Mandaluyong",MMDA Road Safety Unit,,8a795522-faac-4b3d-a7da-315ec6909f2f,2016-05-05,22:35:00,"EDSA Starmall, Wack Wack Mandaluyong",0,0,0,0,0,0,0,0,0,0,2016-05-06 6:35,Property,14.58119822,121.0534578,Rear-End
None,EDSA,None,None,"No Accident Factor, Rear-end, 0.0 drivers_injured, 0.0 drivers_killed, 0.0 passengers_injured, 0.0 passengers_killed, 0.0 pedestrian_injured, 0.0 pedestrian_killed, Fair (Day), EDSA Boni (SB) Mandaluyong",MMDA Road Safety Unit,,4547c89b-703a-4383-af15-8ff2ce8deed2,2016-05-05,22:10:00,"EDSA Ortigas POEA, Wack-Wack Mandaluyong",0,0,0,0,0,0,0,0,0,0,2016-05-06 6:10,Property,14.57263607,121.0474569,Rear-End
None,EDSA,None,None,"No Accident Factor, Rear-end, 0.0 drivers_injured, 0.0 drivers_killed, 0.0 passengers_injured, 0.0 passengers_killed, 0.0 pedestrian_injured, 0.0 pedestrian_killed, Fair (Day), EDSA Reliance St.  Mandaluyong",MMDA Road Safety Unit,,4114464a-80c6-42cf-a48d-2a69d84aa75f,2016-05-05,08:00:00,EDSA Robinsons Pioneer Mandaluyong,0,0,0,0,0,0,0,0,0,0,2016-05-05 16:00,Property,14.57669064,121.0504494,Rear-End
None,EDSA,None,None,"No Accident Factor, No Collision Stated (based on Police Blotter Book), 0.0 drivers_injured, 0.0 drivers_killed, 0.0 passengers_injured, 0.0 passengers_killed, 0.0 pedestrian_injured, 0.0 pedestrian_killed, Fair (Day), EDSA Ortigas Ave. Mandaluyong",MMDA Road Safety Unit,,95b31836-4dcd-4c22-81a0-2316812262ba,2016-05-05,03:15:00,EDSA Reliance St. Mandaluyong,0,0,0,0,0,0,0,0,0,0,2016-05-05 11:15,Property,14.59305232,121.0585643,No Collision Stated
None,EDSA,None,None,"No Accident Factor, Side Swipe, 0.0 drivers_injured, 0.0 drivers_killed, 0.0 passengers_injured, 0.0 passengers_killed, 0.0 pedestrian_injured, 0.0 pedestrian_killed, Fair (Night), EDSA Megamall Exit (NB) Mandaluyong",MMDA Road Safety Unit,,70c86105-ef0f-4a6a-9d58-bcbfab19cac3,2016-05-04,11:55:00,"EDSA Ortigas POEA, Wack-Wack Mandaluyong",0,0,0,0,0,0,0,0,0,0,2016-05-04 19:55,Property,14.58519582,121.0559351,Side Swipe
None,EDSA,None,None,"No Accident Factor, Side Swipe, 0.0 drivers_injured, 0.0 drivers_killed, 0.0 passengers_injured, 0.0 passengers_killed, 0.0 pedestrian_injured, 0.0 pedestrian_killed, Fair (Night), EDSA Ortigas Poveda (NB) Mandaluyong",MMDA Road Safety Unit,,8add2449-2f44-4124-9256-f451b3d792be,2016-05-04,11:50:00,"EDSA Ortigas Overpass, Wack-Wack Mandaluyong",0,0,0,0,0,0,0,0,0,0,2016-05-04 19:50,Property,14.5931221,121.0583126,Side Swipe
None,EDSA,None,None,"No Accident Factor, Side Swipe, 0.0 drivers_injured, 0.0 drivers_killed, 0.0 passengers_injured, 0.0 passengers_killed, 0.0 pedestrian_injured, 0.0 pedestrian_killed, Fair (Day), EDSA Megamall (NB) Mandaluyong",MMDA Road Safety Unit,,595c4ea3-aa6e-40f5-b0c9-14dc5a37e30e,2016-05-04,06:20:00,"EDSA SM Light Residences, Ilaya Mandaluyong",0,0,0,0,0,0,0,0,0,0,2016-05-04 14:20,Property,14.58519582,121.0559351,Side Swipe
None,EDSA,None,None,"No Accident Factor, No Collision Stated (based on Police Blotter Book), 0.0 drivers_injured, 0.0 drivers_killed, 0.0 passengers_injured, 0.0 passengers_killed, 0.0 pedestrian_injured, 0.0 pedestrian_killed, Fair (Day), EDSA Robinsons Pioneer Mandaluyong",MMDA Road Safety Unit,,0f800871-48fe-48bc-84c0-9e3ea6e6bc29,2016-05-04,06:10:00,EDSA Shaw Blvd. Mandaluyong,0,0,0,0,0,0,0,0,0,0,2016-05-04 14:10,Property,14.57161544,121.0469258,No Collision Stated
None,EDSA,None,None,"No Accident Factor, Rear-end, 0.0 drivers_injured, 0.0 drivers_killed, 0.0 passengers_injured, 0.0 passengers_killed, 0.0 pedestrian_injured, 0.0 pedestrian_killed, Fair (Day), EDSA Boni (SB) Mandaluyong",MMDA Road Safety Unit,,40ab4223-5252-4286-9a24-c1b0b945a405,2016-05-04,05:15:00,"EDSA Mrt Ortigas, Wack-Wack Mandaluyong",0,0,0,0,0,0,0,0,0,0,2016-05-04 13:15,Property,14.57263607,121.0474569,Rear-End
None,EDSA,None,None,"No Accident Factor, Rear-end, 0.0 drivers_injured, 0.0 drivers_killed, 0.0 passengers_injured, 0.0 passengers_killed, 0.0 pedestrian_injured, 0.0 pedestrian_killed, Fair (Day), EDSA Pioneer (NB) Mandaluyong",MMDA Road Safety Unit,,1192c623-d655-4b5e-b0be-a293f7661fe0,2016-05-04,00:25:00,"EDSA SM Megamall, Wack-Wack Mandaluyong",0,0,0,0,0,0,0,0,0,0,2016-05-04 8:25,Property,14.57236671,121.0472702,Rear-End
None,EDSA,None,None,"No Accident Factor, Side Swipe, 0.0 drivers_injured, 0.0 drivers_killed, 0.0 passengers_injured, 0.0 passengers_killed, 0.0 pedestrian_injured, 0.0 pedestrian_killed, Fair (Day), EDSA Pioneer (NB) Mandaluyong",MMDA Road Safety Unit,,43dcc0d9-5c57-4f69-946a-a95af339e67f,2016-05-04,00:25:00,"EDSA Shangrila Mall, Wack-Wack Mandaluyong",0,0,0,0,0,0,0,0,0,0,2016-05-04 8:25,Property,14.57236671,121.0472702,Side Swipe
None,EDSA,None,None,"No Accident Factor, Self-Accident, 0.0 drivers_injured, 0.0 drivers_killed, 0.0 passengers_injured, 0.0 passengers_killed, 0.0 pedestrian_injured, 0.0 pedestrian_killed, Fair (Night), EDSA Pioneer St. Mandaluyong",MMDA Road Safety Unit,,61aa1745-578e-455f-b6e9-ff6d86be58d9,2016-05-03,12:10:00,"EDSA SM Megamall, Wack-Wack Mandaluyong",0,0,0,0,0,0,0,0,0,0,2016-05-03 20:10,Property,14.57236671,121.0472702,Self-Accident
None,EDSA,None,None,"No Accident Factor, Side Swipe, 0.0 drivers_injured, 0.0 drivers_killed, 0.0 passengers_injured, 0.0 passengers_killed, 0.0 pedestrian_injured, 0.0 pedestrian_killed, Fair (Night), EDSA Ortigas Mrt (NB) Mandaluyong",MMDA Road Safety Unit,,2c6c04b7-e695-4649-aa79-0781ac54520a,2016-05-03,11:55:00,EDSA Paragon Mandaluyong,0,0,0,0,0,0,0,0,0,0,2016-05-03 19:55,Property,14.58789302,121.0566024,Side Swipe
None,EDSA,None,None,"No Accident Factor, Side Swipe, 0.0 drivers_injured, 0.0 drivers_killed, 0.0 passengers_injured, 0.0 passengers_killed, 0.0 pedestrian_injured, 0.0 pedestrian_killed, Fair (Night), EDSA Megamall (NB) Mandaluyong",MMDA Road Safety Unit,,13c61f72-8655-4ebd-bbd9-7b3e0cb1ac24,2016-05-03,11:00:00,"EDSA SM Megamall, Wack-Wack Mandaluyong",0,0,0,0,0,0,0,0,0,0,2016-05-03 19:00,Property,14.58519582,121.0559351,Side Swipe
None,EDSA,None,None,"No Accident Factor, No Collision Stated (based on Police Blotter Book), 0.0 drivers_injured, 0.0 drivers_killed, 0.0 passengers_injured, 0.0 passengers_killed, 0.0 pedestrian_injured, 0.0 pedestrian_killed, Fair (Day), EDSA Connecticut St. (Petron Gas Station, Wack-Wack) Mandaluyong",MMDA Road Safety Unit,,d83985e1-21a2-4808-b16d-038b8d88af44,2016-05-03,01:05:00,EDSA Reliance St. Mandaluyong,0,0,0,0,0,0,0,0,0,0,2016-05-03 9:05,Property,14.60123591,121.0592972,No Collision Stated
None,EDSA,None,None,"No Accident Factor, No Collision Stated (based on Police Blotter Book), 0.0 drivers_injured, 0.0 drivers_killed, 0.0 passengers_injured, 0.0 passengers_killed, 0.0 pedestrian_injured, 0.0 pedestrian_killed, Fair (Night), EDSA Ortigas MRT Station Mandaluyong",MMDA Road Safety Unit,,9c37888f-fcec-419b-a167-66e918de6c1c,2016-05-02,13:30:00,"EDSA Boni MRT Station, Malamig Mandaluyong",0,0,0,0,0,0,0,0,0,0,2016-05-02 21:30,Property,14.58789302,121.0566024,No Collision Stated
None,EDSA,None,None,"No Accident Factor, Side Swipe, 0.0 drivers_injured, 0.0 drivers_killed, 0.0 passengers_injured, 0.0 passengers_killed, 0.0 pedestrian_injured, 0.0 pedestrian_killed, Fair (Day), EDSA Shangri-La Garden Way Mandaluyong",MMDA Road Safety Unit,,b9f8343f-a9af-48df-9717-c3b8b88a0416,2016-05-02,08:30:00,EDSA Boni Ave. Mandaluyong,0,0,0,0,0,0,0,0,0,0,2016-05-02 16:30,Property,14.58223571,121.0544805,Side Swipe
None,EDSA,None,None,"No Accident Factor, Rear-end, 0.0 drivers_injured, 0.0 drivers_killed, 0.0 passengers_injured, 0.0 passengers_killed, 0.0 pedestrian_injured, 0.0 pedestrian_killed, Fair (Day), EDSA SM Megamall Mandaluyong",MMDA Road Safety Unit,,99492eda-1025-4e0d-ba8c-fd665cd96322,2016-05-02,04:25:00,"EDSA Petron Gas Station, Highway Hills Mandaluyong",0,0,0,0,0,0,0,0,0,0,2016-05-02 12:25,Property,14.58501645,121.0558372,Rear-End
None,EDSA,None,None,"No Accident Factor, Multiple Collision, 0.0 drivers_injured, 0.0 drivers_killed, 0.0 passengers_injured, 0.0 passengers_killed, 0.0 pedestrian_injured, 0.0 pedestrian_killed, Fair (Day), EDSA Robinsons Forum, Ilaya Mandaluyong",MMDA Road Safety Unit,,bcc3d0f7-c46c-48b3-9c49-ae9b93cb12cb,2016-05-02,04:15:00,"EDSA Petron Gas Station, Malamig Mandaluyong",0,0,0,0,0,0,0,0,0,0,2016-05-02 12:15,Property,14.57182388,121.0470705,Multiple
None,EDSA,None,None,"No Accident Factor, No Collision Stated (based on Police Blotter Book), 0.0 drivers_injured, 0.0 drivers_killed, 0.0 passengers_injured, 0.0 passengers_killed, 0.0 pedestrian_injured, 0.0 pedestrian_killed, Fair (Day), EDSA SM Light Mall, Barangka Ilaya Mandaluyong",MMDA Road Safety Unit,,57ba7e1f-382a-45d4-99b0-e16c8ff5d6d5,2016-05-02,03:00:00,"EDSA SM Megamall, Wack-Wack Mandaluyong",0,0,0,0,0,0,0,0,0,0,2016-05-02 11:00,Property,14.57388383,121.0483435,No Collision Stated