LOCATION_TEXT,ROAD,WEATHER,LIGHT,DESC,REPORTING_AGENCY,MAIN_CAUSE,INCIDENTDETAILS_ID,DATE_UTC,TIME_UTC,ADDRESS,killed_driver,killed_passenger,killed_pedestrian,injured_driver,injured_passenger,injured_pedestrian,killed_uncategorized,injured_uncategorized,killed_total,injured_total,DATETIME_PST,SEVERITY,Y,X,COLLISION_TYPE
None,EDSA,None,None,"No Accident Factor, No Collision Stated (based on Police Blotter Book), 0.0 drivers_injured, 0.0 drivers_killed, 0.0 passengers_injured, 0.0 passengers_killed, 0.0 pedestrian_injured, 0.0 pedestrian_killed, Fair (Day), EDSA Guadix Road Mandaluyong",MMDA Road Safety Unit,,0396cb06-e272-45dc-a8a0-7f0fb9b6b809,2016-05-01,22:30:00,"EDSA Ortigas MRT Station, Wack-Wack Mandaluyong",0,0,0,0,0,0,0,0,0,0,2016-05-02 6:30,Property,14.58948577,121.0573946,No Collision Stated
None,EDSA,None,None,"No Accident Factor, No Collision Stated (based on Police Blotter Book), 1.0 drivers_injured, 0.0 drivers_killed, 0.0 passengers_injured, 0.0 passengers_killed, 0.0 pedestrian_injured, 0.0 pedestrian_killed, Fair (Day), EDSA Connecticut St. (Petron Gas Station, Wack-Wack) Mandaluyong",MMDA Road Safety Unit,,e5b8d9f6-f6b5-498d-b6e1-d3e26a5f95a4,2016-05-01,09:30:00,"EDSA Ortigas Footbridge, Wack-Wack Mandaluyong",0,0,0,1,0,0,0,0,0,1,2016-05-01 17:30,Injury,14.60123591,121.0592972,No Collision Stated
None,EDSA,None,None,"No Accident Factor, No Collision Stated (based on Police Blotter Book), 0.0 drivers_injured, 0.0 drivers_killed, 0.0 passengers_injured, 0.0 passengers_killed, 0.0 pedestrian_injured, 0.0 pedestrian_killed, Fair (Day), EDSA SM Megamall Mandaluyong",MMDA Road Safety Unit,,c9fbc565-e60f-4722-a396-f4fbbbe6de7c,2016-05-01,04:30:00,"EDSA Starmall, Wack-Wack  Mandaluyong",0,0,0,0,0,0,0,0,0,0,2016-05-01 12:30,Property,14.58501645,121.0558372,No Collision Stated
None,EDSA,None,None,"No Accident Factor, No Collision Stated (based on Police Blotter Book), 0.0 drivers_injured, 0.0 drivers_killed, 0.0 passengers_injured, 0.0 passengers_killed, 0.0 pedestrian_injured, 0.0 pedestrian_killed, Fair (Night), EDSA GO Hotel, Barangka Ilaya Mandaluyong",MMDA Road Safety Unit,,a491d0f5-0e50-4ee9-b26d-a6f14994dc90,2016-04-30,15:30:00,EDSA Boni MRT Station Mandaluyong,0,0,0,0,0,0,0,0,0,0,2016-04-30 23:30,Property,14.57001193,121.0464575,No Collision Stated
None,EDSA,None,None,"No Accident Factor, No Collision Stated (based on Police Blotter Book), 0.0 drivers_injured, 0.0 drivers_killed, 0.0 passengers_injured, 0.0 passengers_killed, 0.0 pedestrian_injured, 0.0 pedestrian_killed, Fair (Night), EDSA SM Megamall, Wack-Wack  Mandaluyong",MMDA Road Safety Unit,,fa90a029-8e8e-4ac4-bd6d-7598540d8ab9,2016-04-30,15:00:00,"EDSA G.A. Tower, Malamig Mandaluyong",0,0,0,0,0,0,0,0,0,0,2016-04-30 23:00,Property,14.58501645,121.0558372,No Collision Stated
None,EDSA,None,None,"No Accident Factor, No Collision Stated (based on Police Blotter Book), 0.0 drivers_injured, 0.0 drivers_killed, 0.0 passengers_injured, 0.0 passengers_killed, 0.0 pedestrian_injured, 0.0 pedestrian_killed, Fair (Day), EDSA Starmall, Wack-Wack Mandaluyong",MMDA Road Safety Unit,,dc691396-1db5-4dc5-9166-2440e9c83067,2016-04-30,04:15:00,EDSA Pioneer St. Mandaluyong,0,0,0,0,0,0,0,0,0,0,2016-04-30 12:15,Property,14.58198795,121.0540368,No Collision Stated
None,EDSA,None,None,"No Accident Factor, Rear-end, 0.0 drivers_injured, 0.0 drivers_killed, 0.0 passengers_injured, 0.0 passengers_killed, 0.0 pedestrian_injured, 0.0 pedestrian_killed, Fair (Day), EDSA GO Hotel  Mandaluyong",MMDA Road Safety Unit,,e8c2a4aa-4458-4cee-a6e0-96dd77a52a08,2016-04-30,01:25:00,EDSA Ortigas Intersection (NB) Mandaluyong,0,0,0,0,0,0,0,0,0,0,2016-04-30 9:25,Property,14.57001193,121.0464575,Rear-End
None,EDSA,None,None,"No Accident Factor, No Collision Stated (based on Police Blotter Book), 0.0 drivers_injured, 0.0 drivers_killed, 0.0 passengers_injured, 0.0 passengers_killed, 0.0 pedestrian_injured, 0.0 pedestrian_killed, Fair (Night), EDSA Starmall, Wack-Wack Mandaluyong",MMDA Road Safety Unit,,f6d2f241-e5eb-4781-bce7-802484a16c12,2016-04-29,15:50:00,"EDSA Boni Ave., MRT Station (NB) Mandaluyong",0,0,0,0,0,0,0,0,0,0,2016-04-29 23:50,Property,14.58198795,121.0540368,No Collision Stated
None,EDSA,None,None,"No Accident Factor, Side Swipe, 0.0 drivers_injured, 0.0 drivers_killed, 0.0 passengers_injured, 0.0 passengers_killed, 0.0 pedestrian_injured, 0.0 pedestrian_killed, Fair (Day), EDSA Shangri-La Mandaluyong",MMDA Road Safety Unit,,4c4d07af-cd15-4ad6-8436-ce5a738e1d47,2016-04-29,06:30:00,"EDSA Boni MRT Station, Ilaya Mandaluyong",0,0,0,0,0,0,0,0,0,0,2016-04-29 14:30,Property,14.58223571,121.0544805,Side Swipe
None,EDSA,None,None,"No Accident Factor, No Collision Stated (based on Police Blotter Book), 0.0 drivers_injured, 0.0 drivers_killed, 0.0 passengers_injured, 0.0 passengers_killed, 0.0 pedestrian_injured, 0.0 pedestrian_killed, Fair (Night), EDSA V. R. P. Medical Center, Highway Hills Mandaluyong",MMDA Road Safety Unit,,e7edd54d-df5b-48c1-9f06-6e7e1ba692b5,2016-04-27,19:25:00,EDSA Boni Ave. (SB) Mandaluyong,0,0,0,0,0,0,0,0,0,0,2016-04-28 3:25,Property,14.57684342,121.0502966,No Collision Stated
None,EDSA,None,None,"No Accident Factor, Multiple Collision, 0.0 drivers_injured, 0.0 drivers_killed, 0.0 passengers_injured, 0.0 passengers_killed, 0.0 pedestrian_injured, 0.0 pedestrian_killed, Fair (Night), EDSA Lions Road Mandaluyong",MMDA Road Safety Unit,,fe3d942b-b4ff-4418-884b-f2fc87a1ba9b,2016-04-27,12:30:00,"EDSA Shell Gas Station, Highway Hills Mandaluyong",0,0,0,0,0,0,0,0,0,0,2016-04-27 20:30,Property,14.56999727,121.0462587,Multiple
None,EDSA,None,None,"No Accident Factor, No Collision Stated (based on Police Blotter Book), 0.0 drivers_injured, 0.0 drivers_killed, 0.0 passengers_injured, 0.0 passengers_killed, 0.0 pedestrian_injured, 0.0 pedestrian_killed, Fair (Night), EDSA Libertad St.  Mandaluyong",MMDA Road Safety Unit,,76e39865-c213-497b-b3d2-8b6c5027e359,2016-04-27,10:45:00,"EDSA Ortigas Ave., MRT Station (SB) Mandaluyong",0,0,0,0,0,0,0,0,0,0,2016-04-27 18:45,Property,14.57859094,121.0516172,No Collision Stated
None,EDSA,None,None,"No Accident Factor, Side Swipe, 0.0 drivers_injured, 0.0 drivers_killed, 0.0 passengers_injured, 0.0 passengers_killed, 0.0 pedestrian_injured, 0.0 pedestrian_killed, Fair (Night), EDSA Guadalupe East Ramp (NB) Mandaluyong",MMDA Road Safety Unit,,70ba718c-7254-4970-8104-bc390b48fb28,2016-04-26,11:15:00,EDSA Boni Ave. Mandaluyong,0,0,0,0,0,0,0,0,0,0,2016-04-26 19:15,Property,14.5899353,121.0575058,Side Swipe
None,EDSA,None,None,"No Accident Factor, No Collision Stated (based on Police Blotter Book), 0.0 drivers_injured, 0.0 drivers_killed, 0.0 passengers_injured, 0.0 passengers_killed, 0.0 pedestrian_injured, 0.0 pedestrian_killed, Fair (Day), EDSA Pinatubo St.  Mandaluyong",MMDA Road Safety Unit,,c70bdf94-f1f7-4aed-94a6-03a2f9287e7d,2016-04-26,08:00:00,EDSA United St.  Mandaluyong,0,0,0,0,0,0,0,0,0,0,2016-04-26 16:00,Property,14.57321369,121.0476439,No Collision Stated
None,EDSA,None,None,"No Accident Factor, No Collision Stated (based on Police Blotter Book), 0.0 drivers_injured, 0.0 drivers_killed, 0.0 passengers_injured, 0.0 passengers_killed, 0.0 pedestrian_injured, 0.0 pedestrian_killed, Fair (Day), EDSA SM Megamall, Wack-Wack  Mandaluyong",MMDA Road Safety Unit,,cee5cfb6-73d0-42b4-9441-cf92b9fe7f35,2016-04-26,06:50:00,"EDSA Ortigas MRT Station, Wack-Wack Mandaluyong",0,0,0,0,0,0,0,0,0,0,2016-04-26 14:50,Property,14.58501645,121.0558372,No Collision Stated
None,EDSA,None,None,"No Accident Factor, No Collision Stated (based on Police Blotter Book), 0.0 drivers_injured, 0.0 drivers_killed, 0.0 passengers_injured, 0.0 passengers_killed, 0.0 pedestrian_injured, 0.0 pedestrian_killed, Fair (Day), EDSA Boni MRT Station, Buayang Bato Mandaluyong",MMDA Road Safety Unit,,0c238ab2-1ae1-4310-824b-fe2e8154d3eb,2016-04-26,06:00:00,EDSA Pinatubo St.  Mandaluyong,0,0,0,0,0,0,0,0,0,0,2016-04-26 14:00,Property,14.57372098,121.0479555,No Collision Stated
None,EDSA,None,None,"No Accident Factor, Hit and Run (No Collision Stated), 0.0 drivers_injured, 0.0 drivers_killed, 0.0 passengers_injured, 0.0 passengers_killed, 0.0 pedestrian_injured, 0.0 pedestrian_killed, Fair (Day), EDSA Shaw Blvd. Mandaluyong",MMDA Road Safety Unit,,bd735fd3-f964-4f2c-92fb-2f23a6ea1bfd,2016-04-25,09:30:00,EDSA United St.  Mandaluyong,0,0,0,0,0,0,0,0,0,0,2016-04-25 17:30,Property,14.58119822,121.0534578,No Collision Stated
None,EDSA,None,None,"No Accident Factor, No Collision Stated (based on Police Blotter Book), 0.0 drivers_injured, 0.0 drivers_killed, 0.0 passengers_injured, 0.0 passengers_killed, 0.0 pedestrian_injured, 0.0 pedestrian_killed, Fair (Day), EDSA Robinsons Pioneer Mandaluyong",MMDA Road Safety Unit,,3ba9c731-bcc9-4796-9bc5-b4ebd5908740,2016-04-25,08:40:00,EDSA Highway 54 Bldg. (SB) Mandaluyong,0,0,0,0,0,0,0,0,0,0,2016-04-25 16:40,Property,14.57161544,121.0469258,No Collision Stated
None,EDSA,None,None,"No Accident Factor, Side Swipe, 0.0 drivers_injured, 0.0 drivers_killed, 0.0 passengers_injured, 0.0 passengers_killed, 0.0 pedestrian_injured, 0.0 pedestrian_killed, Fair (Day), EDSA Ortigas MRT Station Mandaluyong",MMDA Road Safety Unit,,739a7e89-0325-43c5-a1bc-10bfef1702b4,2016-04-25,07:05:00,"EDSA Crossing, Highway Hills Mandaluyong",0,0,0,0,0,0,0,0,0,0,2016-04-25 15:05,Property,14.58789302,121.0566024,Side Swipe
None,EDSA,None,None,"No Accident Factor, No Collision Stated (based on Police Blotter Book), 0.0 drivers_injured, 0.0 drivers_killed, 0.0 passengers_injured, 0.0 passengers_killed, 0.0 pedestrian_injured, 0.0 pedestrian_killed, Fair (Day), EDSA SM Megamall, Wack-Wack  Mandaluyong",MMDA Road Safety Unit,,d36b90cd-06a1-470b-94a6-8beda1a02f8d,2016-04-25,06:50:00,EDSA Pioneer St. (NB) Mandaluyong,0,0,0,0,0,0,0,0,0,0,2016-04-25 14:50,Property,14.58501645,121.0558372,No Collision Stated
None,EDSA,None,None,"No Accident Factor, Rear-end, 0.0 drivers_injured, 0.0 drivers_killed, 0.0 passengers_injured, 0.0 passengers_killed, 0.0 pedestrian_injured, 0.0 pedestrian_killed, Fair (Day), EDSA Shaw Blvd. Mandaluyong",MMDA Road Safety Unit,,7dcb7ca3-e062-47ed-8c06-54695886b6ee,2016-04-25,04:00:00,EDSA Ortigas Intersection (EB) Mandaluyong,0,0,0,0,0,0,0,0,0,0,2016-04-25 12:00,Property,14.58119822,121.0534578,Rear-End
None,EDSA,None,None,"No Accident Factor, No Collision Stated (based on Police Blotter Book), 0.0 drivers_injured, 0.0 drivers_killed, 0.0 passengers_injured, 0.0 passengers_killed, 0.0 pedestrian_injured, 0.0 pedestrian_killed, Fair (Night), EDSA Guadix St.  Mandaluyong",MMDA Road Safety Unit,,86c44d18-1645-4ed9-8287-2fef28beb61b,2016-04-24,19:15:00,EDSA Shaw Blvd. (Ibabaw) Mandaluyong,0,0,0,0,0,0,0,0,0,0,2016-04-25 3:15,Property,14.58948577,121.0573946,No Collision Stated
None,EDSA,None,None,"No Accident Factor, No Collision Stated (based on Police Blotter Book), 0.0 drivers_injured, 0.0 drivers_killed, 0.0 passengers_injured, 0.0 passengers_killed, 0.0 pedestrian_injured, 0.0 pedestrian_killed, Fair (Day), EDSA Ortigas Ave., Wack Wack Mandaluyong",MMDA Road Safety Unit,,acf9bab8-554a-4806-baf8-1466156110bc,2016-04-24,05:45:00,EDSA Boni Ave. (NB) Mandaluyong,0,0,0,0,0,0,0,0,0,0,2016-04-24 13:45,Property,14.59330619,121.0582659,No Collision Stated
None,EDSA,None,None,"No Accident Factor, No Collision Stated (based on Police Blotter Book), 0.0 drivers_injured, 0.0 drivers_killed, 0.0 passengers_injured, 0.0 passengers_killed, 0.0 pedestrian_injured, 0.0 pedestrian_killed, Fair (Day), EDSA Crossing, Wack Wack Mandaluyong",MMDA Road Safety Unit,,c0dc4af1-9809-46b8-b953-189c30b0caa8,2016-04-24,03:55:00,EDSA Pioneer St. (NB) Mandaluyong,0,0,0,0,0,0,0,0,0,0,2016-04-24 11:55,Property,14.58212391,121.0540758,No Collision Stated
None,EDSA,None,None,"No Accident Factor, No Collision Stated (based on Police Blotter Book), 0.0 drivers_injured, 0.0 drivers_killed, 0.0 passengers_injured, 0.0 passengers_killed, 0.0 pedestrian_injured, 0.0 pedestrian_killed, Fair (Day), EDSA Ortigas MRT Station, Wack Wack Mandaluyong",MMDA Road Safety Unit,,74e09ae9-2d4a-46bd-b0c8-a7d2e331ae5d,2016-04-24,03:30:00,EDSA Shaw Blvd. Mandaluyong,0,0,0,0,0,0,0,0,0,0,2016-04-24 11:30,Property,14.58789302,121.0566024,No Collision Stated
None,EDSA,None,None,"No Accident Factor, No Collision Stated (based on Police Blotter Book), 1.0 drivers_injured, 0.0 drivers_killed, 0.0 passengers_injured, 0.0 passengers_killed, 0.0 pedestrian_injured, 0.0 pedestrian_killed, Fair (Night), EDSA Highway 54, Wack Wack Mandaluyong",MMDA Road Safety Unit,,9cad2d12-fb29-4e2f-9b91-39c65d7ad8ff,2016-04-23,14:00:00,EDSA United St.  Mandaluyong,0,0,0,1,0,0,0,0,0,1,2016-04-23 22:00,Injury,14.58500097,121.0556243,No Collision Stated
None,EDSA,None,None,"No Accident Factor, Side Swipe, 0.0 drivers_injured, 0.0 drivers_killed, 0.0 passengers_injured, 0.0 passengers_killed, 0.0 pedestrian_injured, 0.0 pedestrian_killed, Fair (Day), EDSA Robinsons Forum Mandaluyong",MMDA Road Safety Unit,,e84c0f72-835a-4d13-a6a5-993f2ac73f6c,2016-04-23,08:30:00,EDSA Shaw Blvd. (SB) Mandaluyong,0,0,0,0,0,0,0,0,0,0,2016-04-23 16:30,Property,14.57182388,121.0470705,Side Swipe
None,EDSA,None,None,"No Accident Factor, No Collision Stated (based on Police Blotter Book), 0.0 drivers_injured, 0.0 drivers_killed, 0.0 passengers_injured, 0.0 passengers_killed, 0.0 pedestrian_injured, 0.0 pedestrian_killed, Fair (Day), EDSA Pinatubo Mandaluyong",MMDA Road Safety Unit,,8ef6d937-4f76-411a-8ead-c2ae29253755,2016-04-23,06:15:00,EDSA Megamall (NB) Mandaluyong,0,0,0,0,0,0,0,0,0,0,2016-04-23 14:15,Property,14.57321369,121.0476439,No Collision Stated
None,EDSA,None,None,"No Accident Factor, No Collision Stated (based on Police Blotter Book), 0.0 drivers_injured, 0.0 drivers_killed, 0.0 passengers_injured, 0.0 passengers_killed, 0.0 pedestrian_injured, 0.0 pedestrian_killed, Fair (Day), EDSA Boni Ave., Barangka Ilaya Mandaluyong",MMDA Road Safety Unit,,6a69d047-ff27-46b7-a803-8489adec9ab3,2016-04-23,05:40:00,EDSA Highway 54 Bldg. (SB) Mandaluyong,0,0,0,0,0,0,0,0,0,0,2016-04-23 13:40,Property,14.57372098,121.0479555,No Collision Stated
None,EDSA,None,None,"No Accident Factor, Rear-end, 0.0 drivers_injured, 0.0 drivers_killed, 0.0 passengers_injured, 0.0 passengers_killed, 0.0 pedestrian_injured, 0.0 pedestrian_killed, Fair (Night), EDSA Shell Gas Station, Highway Hills Mandaluyong",MMDA Road Safety Unit,,97b0a345-8934-4c6b-944b-5fe7c5eae8a6,2016-04-22,17:55:00,EDSA Shaw Blvd. Mandaluyong,0,0,0,0,0,0,0,0,0,0,2016-04-23 1:55,Property,14.57692814,121.0503406,Rear-End
None,EDSA,None,None,"No Accident Factor, Hit and Run (No Collision Stated), 0.0 drivers_injured, 0.0 drivers_killed, 0.0 passengers_injured, 0.0 passengers_killed, 0.0 pedestrian_injured, 0.0 pedestrian_killed, Fair (Night), EDSA Shaw Blvd. Mandaluyong",MMDA Road Safety Unit,,48fb8689-de11-4ab4-a933-7a7d6d79b2c1,2016-04-22,12:00:00,EDSA Highway 54 Bldg. (SB) Mandaluyong,0,0,0,0,0,0,0,0,0,0,2016-04-22 20:00,Property,14.58119822,121.0534578,No Collision Stated
None,EDSA,None,None,"No Accident Factor, Angle Impact, 0.0 drivers_injured, 0.0 drivers_killed, 0.0 passengers_injured, 0.0 passengers_killed, 0.0 pedestrian_injured, 0.0 pedestrian_killed, Fair (Night), EDSA Robinsons Forum Mandaluyong",MMDA Road Safety Unit,,67bcad8a-b81b-43fb-a5d3-c1db42088c36,2016-04-22,10:25:00,EDSA Robinsons Galleria (EB) Mandaluyong,0,0,0,0,0,0,0,0,0,0,2016-04-22 18:25,Property,14.57182388,121.0470705,Angle Impact
None,EDSA,None,None,"No Accident Factor, No Collision Stated (based on Police Blotter Book), 0.0 drivers_injured, 0.0 drivers_killed, 0.0 passengers_injured, 0.0 passengers_killed, 0.0 pedestrian_injured, 0.0 pedestrian_killed, Fair (Day), EDSA ""U"" turn slot, Robinsons Mall, Wack Wack Mandaluyong",MMDA Road Safety Unit,,5a20fd45-a654-4b6d-a62b-c8c40734411c,2016-04-22,06:30:00,"EDSA SM Megamall Bldg. A, Wack-Wack  Mandaluyong",0,0,0,0,0,0,0,0,0,0,2016-04-22 14:30,Property,14.59235052,121.0581132,No Collision Stated
None,EDSA,None,None,"No Accident Factor, Side Swipe, 0.0 drivers_injured, 0.0 drivers_killed, 0.0 passengers_injured, 0.0 passengers_killed, 0.0 pedestrian_injured, 0.0 pedestrian_killed, Fair (Day), EDSA Guadix Drive Mandaluyong",MMDA Road Safety Unit,,2951a09f-eef0-43aa-86f0-553a8325a3fc,2016-04-21,06:25:00,"EDSA Light Mall Residence, Barangka Ilaya Mandaluyong",0,0,0,0,0,0,0,0,0,0,2016-04-21 14:25,Property,14.58948577,121.0573946,Side Swipe
None,EDSA,None,None,"No Accident Factor, No Collision Stated (based on Police Blotter Book), 0.0 drivers_injured, 0.0 drivers_killed, 0.0 passengers_injured, 0.0 passengers_killed, 0.0 pedestrian_injured, 0.0 pedestrian_killed, Fair (Day), EDSA Boni MRT Station., Barangka Ilaya Mandaluyong",MMDA Road Safety Unit,,d148a8a1-bd0c-47de-bb5d-3983d2a1479c,2016-04-20,09:00:00,EDSA SM Megamall Bldg. A Mandaluyong,0,0,0,0,0,0,0,0,0,0,2016-04-20 17:00,Property,14.57372098,121.0479555,No Collision Stated
None,EDSA,None,None,"No Accident Factor, No Collision Stated (based on Police Blotter Book), 0.0 drivers_injured, 0.0 drivers_killed, 0.0 passengers_injured, 0.0 passengers_killed, 0.0 pedestrian_injured, 0.0 pedestrian_killed, Fair (Day), EDSA Kamayan Restaurant, Wack Wack Mandaluyong",MMDA Road Safety Unit,,b3ae2db7-7f47-40b8-a382-dc215089b236,2016-04-20,06:00:00,"EDSA Starmall, Wack-Wack Mandaluyong",0,0,0,0,0,0,0,0,0,0,2016-04-20 14:00,Property,14.59812072,121.0596135,No Collision Stated
None,EDSA,None,None,"No Accident Factor, No Collision Stated (based on Police Blotter Book), 0.0 drivers_injured, 0.0 drivers_killed, 0.0 passengers_injured, 0.0 passengers_killed, 0.0 pedestrian_injured, 0.0 pedestrian_killed, Fair (Day), EDSA SM Megamall, Wack Wack Mandaluyong",MMDA Road Safety Unit,,7cf7df86-81a9-4deb-82cc-08ed48267f78,2016-04-20,00:50:00,"EDSA Highway 54 Bldg., Wack-Wack Mandaluyong",0,0,0,0,0,0,0,0,0,0,2016-04-20 8:50,Property,14.58501645,121.0558372,No Collision Stated
None,EDSA,None,None,"No Accident Factor, No Collision Stated (based on Police Blotter Book), 0.0 drivers_injured, 0.0 drivers_killed, 0.0 passengers_injured, 0.0 passengers_killed, 0.0 pedestrian_injured, 0.0 pedestrian_killed, Fair (Day), EDSA Highway 54, Wack Wack Mandaluyong",MMDA Road Safety Unit,,96f5670e-ad7f-4d42-8663-fd281994b541,2016-04-19,23:20:00,"EDSA SM Megamall, Wack-Wack Mandaluyong",0,0,0,0,0,0,0,0,0,0,2016-04-20 7:20,Property,14.58500097,121.0556243,No Collision Stated
None,EDSA,None,None,"No Accident Factor, No Collision Stated (based on Police Blotter Book), 0.0 drivers_injured, 0.0 drivers_killed, 0.0 passengers_injured, 0.0 passengers_killed, 0.0 pedestrian_injured, 0.0 pedestrian_killed, Fair (Night), EDSA Go Hotel, Barangka Ilaya  Mandaluyong",MMDA Road Safety Unit,,e9c17f19-54d4-4704-86d5-c024f7dae9be,2016-04-19,19:00:00,EDSA Avida Tower Mandaluyong,0,0,0,0,0,0,0,0,0,0,2016-04-20 3:00,Property,14.57001193,121.0464575,No Collision Stated
None,EDSA,None,None,"No Accident Factor, No Collision Stated (based on Police Blotter Book), 0.0 drivers_injured, 0.0 drivers_killed, 0.0 passengers_injured, 0.0 passengers_killed, 0.0 pedestrian_injured, 0.0 pedestrian_killed, Fair (Day), EDSA Shell Gas Station, Highway Hills Mandaluyong",MMDA Road Safety Unit,,5e0e0a42-36f4-4da4-a985-51e8dc0c4bb6,2016-04-19,01:45:00,EDSA Ortigas Ave. (EB) Mandaluyong,0,0,0,0,0,0,0,0,0,0,2016-04-19 9:45,Property,14.57692814,121.0503406,No Collision Stated
None,EDSA,None,None,"No Accident Factor, No Collision Stated (based on Police Blotter Book), 0.0 drivers_injured, 0.0 drivers_killed, 0.0 passengers_injured, 0.0 passengers_killed, 0.0 pedestrian_injured, 0.0 pedestrian_killed, Fair (Night), EDSA SM Light Residences, Ilaya Mandaluyong",MMDA Road Safety Unit,,232b12a1-1ba2-4ada-8875-d94b6fbe466c,2016-04-18,21:30:00,"EDSA SM Megamall Bldg. A, Wack-Wack  Mandaluyong",0,0,0,0,0,0,0,0,0,0,2016-04-19 5:30,Property,14.57388383,121.0483435,No Collision Stated
None,EDSA,None,None,"No Accident Factor, No Collision Stated (based on Police Blotter Book), 0.0 drivers_injured, 0.0 drivers_killed, 0.0 passengers_injured, 0.0 passengers_killed, 0.0 pedestrian_injured, 0.0 pedestrian_killed, Fair (Night), EDSA SM Megamall, Wack Wack Mandaluyong",MMDA Road Safety Unit,,00b302a0-4ca8-4fcd-9182-a544d361e017,2016-04-18,16:10:00,EDSA Pinatubo St.  Mandaluyong,0,0,0,0,0,0,0,0,0,0,2016-04-19 0:10,Property,14.58501645,121.0558372,No Collision Stated
None,EDSA,None,None,"No Accident Factor, No Collision Stated (based on Police Blotter Book), 0.0 drivers_injured, 0.0 drivers_killed, 0.0 passengers_injured, 0.0 passengers_killed, 0.0 pedestrian_injured, 0.0 pedestrian_killed, Fair (Day), EDSA Highway 54, Wack Wack Mandaluyong",MMDA Road Safety Unit,,661abf67-9fe2-4f94-9743-2dab3096898d,2016-04-17,22:30:00,EDSA Ortigas Ave. (NB Service Road) Mandaluyong,0,0,0,0,0,0,0,0,0,0,2016-04-18 6:30,Property,14.58500097,121.0556243,No Collision Stated
None,EDSA,None,None,"No Accident Factor, Hit Object (No Object Stated), 0.0 drivers_injured, 0.0 drivers_killed, 0.0 passengers_injured, 0.0 passengers_killed, 0.0 pedestrian_injured, 0.0 pedestrian_killed, Fair (Night), EDSA MRT Ortigas Station, Wack Wack Mandaluyong",MMDA Road Safety Unit,,9ba0c8ea-e63c-48ac-8b63-c5529811788c,2016-04-16,21:25:00,"EDSA GO Hotel, Barangka Ilaya Mandaluyong",0,0,0,0,0,0,0,0,0,0,2016-04-17 5:25,Property,14.58790822,121.0566183,Hit Object
None,EDSA,None,None,"No Accident Factor, No Collision Stated (based on Police Blotter Book), 0.0 drivers_injured, 0.0 drivers_killed, 0.0 passengers_injured, 0.0 passengers_killed, 0.0 pedestrian_injured, 0.0 pedestrian_killed, Fair (Night), EDSA Shangrila Mall, Wack Wack Mandaluyong",MMDA Road Safety Unit,,19c1e9ee-d324-4dfe-b0ce-2180f570758f,2016-04-16,10:00:00,EDSA Boni Ave. (SB) Mandaluyong,0,0,0,0,0,0,0,0,0,0,2016-04-16 18:00,Property,14.58223571,121.0544805,No Collision Stated
None,EDSA,None,None,"No Accident Factor, Side Swipe, 0.0 drivers_injured, 0.0 drivers_killed, 0.0 passengers_injured, 0.0 passengers_killed, 0.0 pedestrian_injured, 0.0 pedestrian_killed, Fair (Day), EDSA Ortigas, Pira St. Mandaluyong",MMDA Road Safety Unit,,732096ef-e6fc-47b6-82d0-eef5309c6b33,2016-04-16,06:30:00,EDSA Starmall Mandaluyong,0,0,0,0,0,0,0,0,0,0,2016-04-16 14:30,Property,14.5931221,121.0583126,Side Swipe
None,EDSA,None,None,"No Accident Factor, No Collision Stated (based on Police Blotter Book), 0.0 drivers_injured, 0.0 drivers_killed, 0.0 passengers_injured, 0.0 passengers_killed, 0.0 pedestrian_injured, 0.0 pedestrian_killed, Fair (Night), EDSA Poveda Extn., Wack Wack Mandaluyong",MMDA Road Safety Unit,,0ce69b74-36e2-45d9-b49c-18c9f3b5d0e8,2016-04-15,10:45:00,EDSA Pioneer St. Mandaluyong,0,0,0,0,0,0,0,0,0,0,2016-04-15 18:45,Property,14.5899353,121.0575058,No Collision Stated
None,EDSA,None,None,"No Accident Factor, Rear-end, 0.0 drivers_injured, 0.0 drivers_killed, 0.0 passengers_injured, 0.0 passengers_killed, 0.0 pedestrian_injured, 0.0 pedestrian_killed, Fair (Day), EDSA Shaw Blvd. Mandaluyong",MMDA Road Safety Unit,,6d10afef-c2e3-4f0b-8908-313532784b8f,2016-04-15,08:20:00,"EDSA V. R. P. Medical Center, Highway Hills Mandaluyong",0,0,0,0,0,0,0,0,0,0,2016-04-15 16:20,Property,14.58119822,121.0534578,Rear-End
None,EDSA,None,None,"No Accident Factor, Angle Impact, 0.0 drivers_injured, 0.0 drivers_killed, 0.0 passengers_injured, 0.0 passengers_killed, 0.0 pedestrian_injured, 0.0 pedestrian_killed, Fair (Day), EDSA Connecticut, Shell Gas Station Mandaluyong",MMDA Road Safety Unit,,eb30d929-1f0d-4c02-8584-243379cca3de,2016-04-15,04:30:00,EDSA V. R. P. Medical Center Mandaluyong,0,0,0,0,0,0,0,0,0,0,2016-04-15 12:30,Property,14.59883945,121.059675,Angle Impact
None,EDSA,None,None,"No Accident Factor, Rear-end, 0.0 drivers_injured, 0.0 drivers_killed, 0.0 passengers_injured, 0.0 passengers_killed, 0.0 pedestrian_injured, 0.0 pedestrian_killed, Fair (Day), EDSA Pioneer St. Mandaluyong",MMDA Road Safety Unit,,a998f279-77d1-42dc-bb17-367887f9c93f,2016-04-15,00:50:00,"EDSA Highway 54 Bldg., Wack-Wack Mandaluyong",0,0,0,0,0,0,0,0,0,0,2016-04-15 8:50,Property,14.57236671,121.0472702,Rear-End