LOCATION_TEXT,ROAD,WEATHER,LIGHT,DESC,REPORTING_AGENCY,MAIN_CAUSE,INCIDENTDETAILS_ID,DATE_UTC,TIME_UTC,ADDRESS,killed_driver,killed_passenger,killed_pedestrian,injured_driver,injured_passenger,injured_pedestrian,killed_uncategorized,injured_uncategorized,killed_total,injured_total,DATETIME_PST,SEVERITY,Y,X,COLLISION_TYPE
None,EDSA,None,None,"No Accident Factor, No Collision Stated (based on Police Blotter Book), 0.0 drivers_injured, 0.0 drivers_killed, 0.0 passengers_injured, 0.0 passengers_killed, 0.0 pedestrian_injured, 0.0 pedestrian_killed, Fair (Night), EDSA SM Megamall, Wack Wack Mandaluyong",MMDA Road Safety Unit,,5212c619-3476-4133-b660-1ae57a626384,2016-04-14,12:10:00,EDSA Starmall Service Road (SB) Mandaluyong,0,0,0,0,0,0,0,0,0,0,2016-04-14 20:10,Property,14.58501645,121.0558372,No Collision Stated
None,EDSA,None,None,"No Accident Factor, Side Swipe, 0.0 drivers_injured, 0.0 drivers_killed, 0.0 passengers_injured, 0.0 passengers_killed, 0.0 pedestrian_injured, 0.0 pedestrian_killed, Fair (Day), EDSA Amber, Barangka Ilaya Mandaluyong",MMDA Road Safety Unit,,023dcba5-e0ab-4a03-856e-0d78e02b11df,2016-04-14,07:30:00,EDSA Megamall Loading Bay (NB) Mandaluyong,0,0,0,0,0,0,0,0,0,0,2016-04-14 15:30,Property,14.57029352,121.0463228,Side Swipe
None,EDSA,None,None,"No Accident Factor, No Collision Stated (based on Police Blotter Book), 0.0 drivers_injured, 0.0 drivers_killed, 0.0 passengers_injured, 0.0 passengers_killed, 0.0 pedestrian_injured, 0.0 pedestrian_killed, Fair (Day), EDSA Amber, Barangka Ilaya Mandaluyong",MMDA Road Safety Unit,,a2595463-49fb-41a8-b201-a1c682e2fd78,2016-04-14,06:30:00,"EDSA Pinatubo St., Malamig Mandaluyong",0,0,0,0,0,0,0,0,0,0,2016-04-14 14:30,Property,14.57029352,121.0463228,No Collision Stated
None,EDSA,None,None,"No Accident Factor, Rear-end, 0.0 drivers_injured, 0.0 drivers_killed, 0.0 passengers_injured, 0.0 passengers_killed, 0.0 pedestrian_injured, 0.0 pedestrian_killed, Fair (Day), EDSA Highway 54 Mandaluyong",MMDA Road Safety Unit,,aa7298cb-f1cc-4340-97c6-d08092e052df,2016-04-14,05:00:00,"EDSA Ortigas, Wack-Wack Mandaluyong",0,0,0,0,0,0,0,0,0,0,2016-04-14 13:00,Property,14.58500097,121.0556243,Rear-End
None,EDSA,None,None,"No Accident Factor, No Collision Stated (based on Police Blotter Book), 0.0 drivers_injured, 0.0 drivers_killed, 0.0 passengers_injured, 0.0 passengers_killed, 0.0 pedestrian_injured, 0.0 pedestrian_killed, Fair (Day), EDSA Boni MRT Station., Malamig Mandaluyong",MMDA Road Safety Unit,,4a159f96-6cb9-45db-b995-97cd2019df77,2016-04-13,07:10:00,EDSA Boni Mc.do (SB) Mandaluyong,0,0,0,0,0,0,0,0,0,0,2016-04-13 15:10,Property,14.57372098,121.0479555,No Collision Stated
None,EDSA,None,None,"No Accident Factor, No Collision Stated (based on Police Blotter Book), 0.0 drivers_injured, 0.0 drivers_killed, 0.0 passengers_injured, 0.0 passengers_killed, 0.0 pedestrian_injured, 0.0 pedestrian_killed, Fair (Day), EDSA Crossing Mandaluyong",MMDA Road Safety Unit,,bad4464a-8a37-497d-90ee-1abfd7123167,2016-04-13,06:30:00,EDSA Ortigas Transcom (SB) Mandaluyong,0,0,0,0,0,0,0,0,0,0,2016-04-13 14:30,Property,14.58212391,121.0540758,No Collision Stated
None,EDSA,None,None,"No Accident Factor, Rear-end, 0.0 drivers_injured, 0.0 drivers_killed, 0.0 passengers_injured, 0.0 passengers_killed, 0.0 pedestrian_injured, 0.0 pedestrian_killed, Fair (Day), EDSA J. Vargas Ave Mandaluyong",MMDA Road Safety Unit,,edacaea5-b81c-4781-a80e-29e140492755,2016-04-13,04:45:00,"EDSA Shangri-La Plaza Driveway, Wack-Wack Mandaluyong",0,0,0,0,0,0,0,0,0,0,2016-04-13 12:45,Property,14.58457561,121.0557464,Rear-End
None,EDSA,None,None,"No Accident Factor, Side Swipe, 0.0 drivers_injured, 0.0 drivers_killed, 0.0 passengers_injured, 0.0 passengers_killed, 0.0 pedestrian_injured, 0.0 pedestrian_killed, Fair (Day), EDSA Shaw Blvd., United St. Mandaluyong",MMDA Road Safety Unit,,19ac4c0f-38d3-47e5-9fd4-e43334ab8efb,2016-04-12,07:30:00,EDSA Band Drive Mandaluyong,0,0,0,0,0,0,0,0,0,0,2016-04-12 15:30,Property,14.58119822,121.0534578,Side Swipe
None,EDSA,None,None,"No Accident Factor, Rear-end, 0.0 drivers_injured, 0.0 drivers_killed, 0.0 passengers_injured, 0.0 passengers_killed, 0.0 pedestrian_injured, 0.0 pedestrian_killed, Fair (Day), EDSA Shaw Blvd. (NB) SPLIT Mandaluyong",MMDA Road Safety Unit,,ec803dfe-d497-44dc-b010-ab7da5e9a623,2016-04-12,04:20:00,EDSA Rochester (SB) Mandaluyong,0,0,0,0,0,0,0,0,0,0,2016-04-12 12:20,Property,14.58119822,121.0534578,Rear-End
None,EDSA,None,None,"No Accident Factor, Rear-end, 0.0 drivers_injured, 0.0 drivers_killed, 0.0 passengers_injured, 0.0 passengers_killed, 0.0 pedestrian_injured, 0.0 pedestrian_killed, Fair (Day), EDSA J. Vargas St. Mandaluyong",MMDA Road Safety Unit,,312ec0a4-8fe3-44fd-bef5-9601ad2dfc55,2016-04-12,00:30:00,EDSA Guadix (NB) Mandaluyong,0,0,0,0,0,0,0,0,0,0,2016-04-12 8:30,Property,14.58457561,121.0557464,Rear-End
None,EDSA,None,None,"No Accident Factor, No Collision Stated (based on Police Blotter Book), 0.0 drivers_injured, 0.0 drivers_killed, 0.0 passengers_injured, 0.0 passengers_killed, 0.0 pedestrian_injured, 0.0 pedestrian_killed, Fair (Day), EDSA Shell Gas Station, Highway Hills Mandaluyong",MMDA Road Safety Unit,,72ba908a-9486-41cb-85b4-76ff45de1863,2016-04-11,06:30:00,"EDSA Light Mall Boni, Barangka Ilaya Mandaluyong",0,0,0,0,0,0,0,0,0,0,2016-04-11 14:30,Property,14.57692814,121.0503406,No Collision Stated
None,EDSA,None,None,"No Accident Factor, Hit and Run (No Collision Stated), 0.0 drivers_injured, 0.0 drivers_killed, 0.0 passengers_injured, 0.0 passengers_killed, 0.0 pedestrian_injured, 0.0 pedestrian_killed, Fair (Day), EDSA Light Mall Residence, Highway Hills Mandaluyong",MMDA Road Safety Unit,,bd7a8c26-f0e7-4ea3-8824-671c99231cb7,2016-04-11,00:45:00,EDSA Highway 54 (SB) Mandaluyong,0,0,0,0,0,0,0,0,0,0,2016-04-11 8:45,Property,14.57395349,121.0484543,No Collision Stated
None,EDSA,None,None,"No Accident Factor, No Collision Stated (based on Police Blotter Book), 0.0 drivers_injured, 0.0 drivers_killed, 0.0 passengers_injured, 0.0 passengers_killed, 0.0 pedestrian_injured, 0.0 pedestrian_killed, Fair (Day), EDSA Petron Gas Station, Connecticut Wack-Wack Mandaluyong",MMDA Road Safety Unit,,891f403a-76ff-438a-aba6-3deb04b2d903,2016-04-10,03:55:00,EDSA Sultan (SB) Mandaluyong,0,0,0,0,0,0,0,0,0,0,2016-04-10 11:55,Property,14.6013754,121.059222,No Collision Stated
None,EDSA,None,None,"No Accident Factor, Rear-end, 0.0 drivers_injured, 0.0 drivers_killed, 0.0 passengers_injured, 0.0 passengers_killed, 0.0 pedestrian_injured, 0.0 pedestrian_killed, Fair (Day), EDSA Amber Restaurant Mandaluyong",MMDA Road Safety Unit,,8b4f0b94-36b6-47b2-a1ec-6224d068fda0,2016-04-09,05:30:00,EDSA Shaw Blvd. Mandaluyong,0,0,0,0,0,0,0,0,0,0,2016-04-09 13:30,Property,14.57029352,121.0463228,Rear-End
None,EDSA,None,None,"No Accident Factor, Side Swipe, 0.0 drivers_injured, 0.0 drivers_killed, 0.0 passengers_injured, 0.0 passengers_killed, 0.0 pedestrian_injured, 0.0 pedestrian_killed, Fair (Night), EDSA Robinson Galleria Mandaluyong",MMDA Road Safety Unit,,8e76c1db-4f53-42cf-a693-f285e3e92c26,2016-04-08,16:15:00,EDSA Shaw Blvd. Mandaluyong,0,0,0,0,0,0,0,0,0,0,2016-04-09 0:15,Property,14.59234408,121.0583179,Side Swipe
None,EDSA,None,None,"No Accident Factor, Side Swipe, 0.0 drivers_injured, 0.0 drivers_killed, 0.0 passengers_injured, 0.0 passengers_killed, 0.0 pedestrian_injured, 0.0 pedestrian_killed, Fair (Day), EDSA Robinsons Pioneer (NB) Mandaluyong",MMDA Road Safety Unit,,f5e33fe3-433a-44bb-959d-c80177d992d6,2016-04-08,08:55:00,"EDSA SM Megamall, Wack-Wack Mandaluyong",0,0,0,0,0,0,0,0,0,0,2016-04-08 16:55,Property,14.57161544,121.0469258,Side Swipe
None,EDSA,None,None,"No Accident Factor, Side Swipe, 0.0 drivers_injured, 0.0 drivers_killed, 0.0 passengers_injured, 0.0 passengers_killed, 0.0 pedestrian_injured, 0.0 pedestrian_killed, Fair (Day), EDSA Ortigas Ave. Mandaluyong",MMDA Road Safety Unit,,d4ab5d47-7e37-4391-a686-1f2b5dccd8a9,2016-04-08,06:40:00,EDSA Starmall Service Road (SB) Mandaluyong,0,0,0,0,0,0,0,0,0,0,2016-04-08 14:40,Property,14.59305232,121.0585643,Side Swipe
None,EDSA,None,None,"No Accident Factor, Side Swipe, 0.0 drivers_injured, 0.0 drivers_killed, 0.0 passengers_injured, 0.0 passengers_killed, 0.0 pedestrian_injured, 0.0 pedestrian_killed, Fair (Day), EDSA SM Megamall Mandaluyong",MMDA Road Safety Unit,,1d7defa1-46c8-4f7a-83dc-9849efe23133,2016-04-08,06:15:00,EDSA Guadix Drive (NB) Mandaluyong,0,0,0,0,0,0,0,0,0,0,2016-04-08 14:15,Property,14.58501645,121.0558372,Side Swipe
None,EDSA,None,None,"No Accident Factor, Rear-end, 0.0 drivers_injured, 0.0 drivers_killed, 0.0 passengers_injured, 0.0 passengers_killed, 0.0 pedestrian_injured, 0.0 pedestrian_killed, Fair (Day), EDSA Transcom Mandaluyong",MMDA Road Safety Unit,,91a20893-7a8f-421c-827f-ca5708b61483,2016-04-08,02:00:00,EDSA Ortigas Ave. Mandaluyong,0,0,0,0,0,0,0,0,0,0,2016-04-08 10:00,Property,14.58930651,121.0570669,Rear-End
None,EDSA,None,None,"No Accident Factor, No Collision Stated (based on Police Blotter Book), 0.0 drivers_injured, 0.0 drivers_killed, 0.0 passengers_injured, 0.0 passengers_killed, 0.0 pedestrian_injured, 0.0 pedestrian_killed, Fair (Day), EDSA Shell Gas Station, Highway Hills Mandaluyong",MMDA Road Safety Unit,,884d3e27-38ee-4983-89fb-1c7f03e5fc66,2016-04-07,23:00:00,EDSA Ortigas Ave. (WB) Mandaluyong,0,0,0,0,0,0,0,0,0,0,2016-04-08 7:00,Property,14.57692814,121.0503406,No Collision Stated
None,EDSA,None,None,"No Accident Factor, Rear-end, 0.0 drivers_injured, 0.0 drivers_killed, 0.0 passengers_injured, 0.0 passengers_killed, 0.0 pedestrian_injured, 0.0 pedestrian_killed, Fair (Day), EDSA Starmall Mandaluyong",MMDA Road Safety Unit,,13eb19ca-31e7-43fc-9e1e-3f17f5e6c8db,2016-04-07,22:35:00,"EDSA Starmall, Wack-Wack Mandaluyong",0,0,0,0,0,0,0,0,0,0,2016-04-08 6:35,Property,14.58198795,121.0540368,Rear-End
None,EDSA,None,None,"No Accident Factor, No Collision Stated (based on Police Blotter Book), 0.0 drivers_injured, 0.0 drivers_killed, 0.0 passengers_injured, 0.0 passengers_killed, 0.0 pedestrian_injured, 0.0 pedestrian_killed, Fair (Night), EDSA Reliance St., Highway Hills Mandaluyong",MMDA Road Safety Unit,,f9c69f6b-19dc-49c1-a395-f4225d3348e0,2016-04-07,14:40:00,EDSA Ortigas Ave. Service Road (SB) Mandaluyong,0,0,0,0,0,0,0,0,0,0,2016-04-07 22:40,Property,14.57669064,121.0504494,No Collision Stated
None,EDSA,None,None,"No Accident Factor, Rear-end, 0.0 drivers_injured, 0.0 drivers_killed, 0.0 passengers_injured, 0.0 passengers_killed, 0.0 pedestrian_injured, 0.0 pedestrian_killed, Fair (Day), EDSA SM Megamall (NB) Mandaluyong",MMDA Road Safety Unit,,6b4f3e67-ad71-49e3-b2c0-aa5deeb6142d,2016-04-07,05:15:00,EDSA Highway 54 Bldg. (SB) Mandaluyong,0,0,0,0,0,0,0,0,0,0,2016-04-07 13:15,Property,14.58501645,121.0558372,Rear-End
None,EDSA,None,None,"No Accident Factor, Side Swipe, 0.0 drivers_injured, 0.0 drivers_killed, 0.0 passengers_injured, 0.0 passengers_killed, 0.0 pedestrian_injured, 0.0 pedestrian_killed, Fair (Day), EDSA Libertad (SB) Mandaluyong",MMDA Road Safety Unit,,4f762244-4360-415c-b853-fb935232d3f8,2016-04-07,03:55:00,EDSA Ortigas Ave. Mandaluyong,0,0,0,0,0,0,0,0,0,0,2016-04-07 11:55,Property,14.57859094,121.0516172,Side Swipe
None,EDSA,None,None,"No Accident Factor, No Collision Stated (based on Police Blotter Book), 0.0 drivers_injured, 0.0 drivers_killed, 0.0 passengers_injured, 0.0 passengers_killed, 0.0 pedestrian_injured, 0.0 pedestrian_killed, Fair (Day), EDSA D.M. Guevarra St., Highway Hills Mandaluyong",MMDA Road Safety Unit,,75ce2d86-8a9b-4ea0-b44d-e50f194bae40,2016-04-06,09:45:00,EDSA Boni Ave. (SB) Mandaluyong,0,0,0,0,0,0,0,0,0,0,2016-04-06 17:45,Property,14.57849454,121.05152,No Collision Stated
None,EDSA,None,None,"No Accident Factor, No Collision Stated (based on Police Blotter Book), 0.0 drivers_injured, 0.0 drivers_killed, 0.0 passengers_injured, 0.0 passengers_killed, 0.0 pedestrian_injured, 0.0 pedestrian_killed, Fair (Day), EDSA Boni Ave., Robinsons Forum, Ilaya Mandaluyong",MMDA Road Safety Unit,,a0176fdd-0a21-45e6-b64e-dabe534c66c0,2016-04-06,08:00:00,EDSA Shaw Blvd. Mandaluyong,0,0,0,0,0,0,0,0,0,0,2016-04-06 16:00,Property,14.57163871,121.0469918,No Collision Stated
None,EDSA,None,None,"No Accident Factor, No Collision Stated (based on Police Blotter Book), 0.0 drivers_injured, 0.0 drivers_killed, 0.0 passengers_injured, 0.0 passengers_killed, 0.0 pedestrian_injured, 0.0 pedestrian_killed, Fair (Day), EDSA Pavillion, Highway Hills Mandaluyong",MMDA Road Safety Unit,,4d034d1f-23b2-428d-8ce3-6653e8e48d28,2016-04-06,05:00:00,EDSA Boni Ave. (SB) Mandaluyong,0,0,0,0,0,0,0,0,0,0,2016-04-06 13:00,Property,14.5794983,121.052618,No Collision Stated
None,EDSA,None,None,"No Accident Factor, No Collision Stated (based on Police Blotter Book), 0.0 drivers_injured, 0.0 drivers_killed, 0.0 passengers_injured, 0.0 passengers_killed, 0.0 pedestrian_injured, 0.0 pedestrian_killed, Fair (Day), EDSA Boni Mrt Station, Malamig Mandaluyong",MMDA Road Safety Unit,,e680a6fd-f879-4e8c-bb8f-839440c14d7d,2016-04-06,04:30:00,EDSA Megamall Emergency Bay (SB) Mandaluyong,0,0,0,0,0,0,0,0,0,0,2016-04-06 12:30,Property,14.57372098,121.0479555,No Collision Stated
None,EDSA,None,None,"No Accident Factor, Rear-end, 0.0 drivers_injured, 0.0 drivers_killed, 0.0 passengers_injured, 0.0 passengers_killed, 0.0 pedestrian_injured, 0.0 pedestrian_killed, Fair (Day), EDSA Pioneer St. Mandaluyong",MMDA Road Safety Unit,,c1b87437-d60b-4d3e-807a-bc6d8dde936f,2016-04-06,04:25:00,EDSA Highway 54 Bldg. (SB) Mandaluyong,0,0,0,0,0,0,0,0,0,0,2016-04-06 12:25,Property,14.57236671,121.0472702,Rear-End
None,EDSA,None,None,"No Accident Factor, Rear-end, 0.0 drivers_injured, 0.0 drivers_killed, 0.0 passengers_injured, 0.0 passengers_killed, 0.0 pedestrian_injured, 0.0 pedestrian_killed, Fair (Day), EDSA Ortigas Ave., Wack-Wack Mandaluyong",MMDA Road Safety Unit,,a167c1dd-2e90-4a93-b80d-201160330b2d,2016-04-05,22:00:00,EDSA Starmall Loading Bay Mandaluyong,0,0,0,0,0,0,0,0,0,0,2016-04-06 6:00,Property,14.59330619,121.0582659,Rear-End
None,EDSA,None,None,"No Accident Factor, No Collision Stated (based on Police Blotter Book), 0.0 drivers_injured, 0.0 drivers_killed, 0.0 passengers_injured, 0.0 passengers_killed, 0.0 pedestrian_injured, 0.0 pedestrian_killed, Fair (Night), EDSA Robinsons Forum Pioneer Mandaluyong",MMDA Road Safety Unit,,d766dbdd-e5d7-4cb1-bc13-5e5bc8f7aa62,2016-04-05,13:00:00,EDSA Sultan Service Road (SB) Mandaluyong,0,0,0,0,0,0,0,0,0,0,2016-04-05 21:00,Property,14.57182388,121.0470705,No Collision Stated
None,EDSA,None,None,"No Accident Factor, Angle Impact, 0.0 drivers_injured, 0.0 drivers_killed, 0.0 passengers_injured, 0.0 passengers_killed, 0.0 pedestrian_injured, 0.0 pedestrian_killed, Fair (Night), EDSA Shaw Blvd., Saint Francis St. Mandaluyong",MMDA Road Safety Unit,,0a216def-a8cd-4b21-8b75-509e887023da,2016-04-05,11:00:00,EDSA Shaw Blvd. Mandaluyong,0,0,0,0,0,0,0,0,0,0,2016-04-05 19:00,Property,14.58119822,121.0534578,Angle Impact
None,EDSA,None,None,"No Accident Factor, No Collision Stated (based on Police Blotter Book), 0.0 drivers_injured, 0.0 drivers_killed, 0.0 passengers_injured, 0.0 passengers_killed, 0.0 pedestrian_injured, 0.0 pedestrian_killed, Fair (Day), EDSA Guadix Drive, Wack-Wack Mandaluyong",MMDA Road Safety Unit,,b5769845-658a-4d8d-8f50-9ace6c1b296d,2016-04-04,09:35:00,EDSA Boni MRT Station Mandaluyong,0,0,0,0,0,0,0,0,0,0,2016-04-04 17:35,Property,14.58948577,121.0573946,No Collision Stated
None,EDSA,None,None,"No Accident Factor, No Collision Stated (based on Police Blotter Book), 0.0 drivers_injured, 0.0 drivers_killed, 0.0 passengers_injured, 0.0 passengers_killed, 0.0 pedestrian_injured, 0.0 pedestrian_killed, Fair (Day), EDSA United St., Highway Hills Mandaluyong",MMDA Road Safety Unit,,e20b0920-9008-4907-8e1c-16376d7eb342,2016-04-04,05:15:00,"EDSA Amber Restaurant, Ilaya Mandaluyong",0,0,0,0,0,0,0,0,0,0,2016-04-04 13:15,Property,14.57931229,121.0523819,No Collision Stated
None,EDSA,None,None,"No Accident Factor, No Collision Stated (based on Police Blotter Book), 0.0 drivers_injured, 0.0 drivers_killed, 0.0 passengers_injured, 0.0 passengers_killed, 0.0 pedestrian_injured, 0.0 pedestrian_killed, Fair (Day), EDSA Crossing, Wack-Wack Mandaluyong",MMDA Road Safety Unit,,08b8631e-0d64-4357-8aa9-26f907417714,2016-04-03,23:15:00,"EDSA SM Megamall, Wack-Wack Mandaluyong",0,0,0,0,0,0,0,0,0,0,2016-04-04 7:15,Property,14.58212391,121.0540758,No Collision Stated
None,EDSA,None,None,"No Accident Factor, No Collision Stated (based on Police Blotter Book), 0.0 drivers_injured, 0.0 drivers_killed, 0.0 passengers_injured, 0.0 passengers_killed, 0.0 pedestrian_injured, 0.0 pedestrian_killed, Fair (Day), EDSA V.R. Potenciano Medical Center, Highway Hills Mandaluyong",MMDA Road Safety Unit,,136198bb-82a5-479b-a30d-e7a1dcf618d3,2016-04-03,07:30:00,"EDSA Starmall, Wack-Wack Mandaluyong",0,0,0,0,0,0,0,0,0,0,2016-04-03 15:30,Property,14.57684342,121.0502966,No Collision Stated
None,EDSA,None,None,"No Accident Factor, Rear-end, 0.0 drivers_injured, 0.0 drivers_killed, 0.0 passengers_injured, 0.0 passengers_killed, 0.0 pedestrian_injured, 0.0 pedestrian_killed, Fair (Night), EDSA Shaw Blvd. Mandaluyong",MMDA Road Safety Unit,,46dce0d1-ef99-4d5d-9652-45ea6c16b216,2016-04-02,12:30:00,EDSA Highway 54 (SB) Mandaluyong,0,0,0,0,0,0,0,0,0,0,2016-04-02 20:30,Property,14.58119822,121.0534578,Rear-End
None,EDSA,None,None,"No Accident Factor, Rear-end, 0.0 drivers_injured, 0.0 drivers_killed, 0.0 passengers_injured, 0.0 passengers_killed, 0.0 pedestrian_injured, 0.0 pedestrian_killed, Fair (Night), EDSA Barangka Drive, Ilaya Mandaluyong",MMDA Road Safety Unit,,2ba0c908-7172-45c9-8a78-52b4f8d805b2,2016-04-01,11:40:00,"EDSA V. R. P. Medical Center, Highway Hills Mandaluyong",0,0,0,0,0,0,0,0,0,0,2016-04-01 19:40,Property,14.57852617,121.0515355,Rear-End
None,EDSA,None,None,"No Accident Factor, No Collision Stated (based on Police Blotter Book), 0.0 drivers_injured, 0.0 drivers_killed, 0.0 passengers_injured, 0.0 passengers_killed, 0.0 pedestrian_injured, 0.0 pedestrian_killed, Fair (Night), EDSA Ortigas MRT Station Mandaluyong",MMDA Road Safety Unit,,549ae2a6-8d5f-467a-904e-17e9d1578e6f,2016-03-30,14:00:00,EDSA Pinatubo St.  Mandaluyong,0,0,0,0,0,0,0,0,0,0,2016-03-30 22:00,Property,14.58789302,121.0566024,No Collision Stated
None,EDSA,None,None,"No Accident Factor, No Collision Stated (based on Police Blotter Book), 0.0 drivers_injured, 0.0 drivers_killed, 0.0 passengers_injured, 0.0 passengers_killed, 0.0 pedestrian_injured, 0.0 pedestrian_killed, Fair (Day), EDSA Reliance St.  Mandaluyong",MMDA Road Safety Unit,,d406a02d-607c-4bb6-b5a8-d8cd6ec7875b,2016-03-30,07:00:00,EDSA Highway 54 Bldg.  Mandaluyong,0,0,0,0,0,0,0,0,0,0,2016-03-30 15:00,Property,14.57669064,121.0504494,No Collision Stated
None,EDSA,None,None,"No Accident Factor, No Collision Stated (based on Police Blotter Book), 0.0 drivers_injured, 0.0 drivers_killed, 0.0 passengers_injured, 0.0 passengers_killed, 0.0 pedestrian_injured, 0.0 pedestrian_killed, Fair (Night), EDSA Robinsons Forum. Barangka Ilaya Mandaluyong",MMDA Road Safety Unit,,87d09214-17b8-4d7e-b63b-b7bf77afa81b,2016-03-29,12:20:00,EDSA Boni MRT Station Mandaluyong,0,0,0,0,0,0,0,0,0,0,2016-03-29 20:20,Property,14.57182388,121.0470705,No Collision Stated
None,EDSA,None,None,"No Accident Factor, No Collision Stated (based on Police Blotter Book), 0.0 drivers_injured, 0.0 drivers_killed, 0.0 passengers_injured, 0.0 passengers_killed, 0.0 pedestrian_injured, 0.0 pedestrian_killed, Fair (Day), EDSA Connecticut St.  Mandaluyong",MMDA Road Safety Unit,,1665d353-86ad-4a70-b3f7-0299cc06c0d5,2016-03-29,07:30:00,EDSA Megamall (NB) Mandaluyong,0,0,0,0,0,0,0,0,0,0,2016-03-29 15:30,Property,14.60166503,121.0591465,No Collision Stated
None,EDSA,None,None,"No Accident Factor, No Collision Stated (based on Police Blotter Book), 0.0 drivers_injured, 0.0 drivers_killed, 0.0 passengers_injured, 0.0 passengers_killed, 0.0 pedestrian_injured, 0.0 pedestrian_killed, Fair (Day), EDSA Guadix St.  Mandaluyong",MMDA Road Safety Unit,,373a501d-e094-402c-8fd8-1dfea5639fed,2016-03-29,03:20:00,EDSA Rochester St. (SB) Mandaluyong,0,0,0,0,0,0,0,0,0,0,2016-03-29 11:20,Property,14.58948577,121.0573946,No Collision Stated
None,EDSA,None,None,"No Accident Factor, Rear-end, 0.0 drivers_injured, 0.0 drivers_killed, 0.0 passengers_injured, 0.0 passengers_killed, 0.0 pedestrian_injured, 0.0 pedestrian_killed, Fair (Night), EDSA Robinsons Forum. Barangka Ilaya Mandaluyong",MMDA Road Safety Unit,,4e79737b-0d00-4482-8c84-f3797717a6cb,2016-03-28,14:10:00,"EDSA Highway 54 Bldg., Wack-Wack Mandaluyong",0,0,0,0,0,0,0,0,0,0,2016-03-28 22:10,Property,14.57182388,121.0470705,Rear-End
None,EDSA,None,None,"No Accident Factor, Side Swipe, 0.0 drivers_injured, 0.0 drivers_killed, 0.0 passengers_injured, 0.0 passengers_killed, 0.0 pedestrian_injured, 0.0 pedestrian_killed, Fair (Night), EDSA Light Residences Mandaluyong",MMDA Road Safety Unit,,ac8b1b0d-3b21-4abc-b5a2-76ee1ad2542f,2016-03-28,12:30:00,"EDSA Boni Ave., Malamig Mandaluyong",0,0,0,0,0,0,0,0,0,0,2016-03-28 20:30,Property,14.57395349,121.0484543,Side Swipe
None,EDSA,None,None,"No Accident Factor, No Collision Stated (based on Police Blotter Book), 0.0 drivers_injured, 0.0 drivers_killed, 0.0 passengers_injured, 0.0 passengers_killed, 0.0 pedestrian_injured, 0.0 pedestrian_killed, Fair (Night), EDSA Lion Road Mandaluyong",MMDA Road Safety Unit,,26bdce2b-d6d5-4b05-b88e-3da7b0e652bc,2016-03-27,18:55:00,EDSA Boni MRT Station Mandaluyong,0,0,0,0,0,0,0,0,0,0,2016-03-28 2:55,Property,14.56999727,121.0462587,No Collision Stated
None,EDSA,None,None,"No Accident Factor, No Collision Stated (based on Police Blotter Book), 0.0 drivers_injured, 0.0 drivers_killed, 0.0 passengers_injured, 0.0 passengers_killed, 0.0 pedestrian_injured, 0.0 pedestrian_killed, Fair (Day), EDSA Reliance St. (Paragon Plaza, Highway Hills) Mandaluyong",MMDA Road Safety Unit,,5009b139-d525-4aa9-b336-14efba493a9b,2016-03-27,08:30:00,EDSA Polymedic (SB) Mandaluyong,0,0,0,0,0,0,0,0,0,0,2016-03-27 16:30,Property,14.57669064,121.0504494,No Collision Stated
None,EDSA,None,None,"No Accident Factor, No Collision Stated (based on Police Blotter Book), 0.0 drivers_injured, 0.0 drivers_killed, 0.0 passengers_injured, 0.0 passengers_killed, 0.0 pedestrian_injured, 0.0 pedestrian_killed, Fair (Day), EDSA SM Megamall, Wack-Wack Mandaluyong",MMDA Road Safety Unit,,3f3e667d-2916-46fe-83fa-417d6176fa4d,2016-03-27,06:45:00,EDSA Boni MRT Station Mandaluyong,0,0,0,0,0,0,0,0,0,0,2016-03-27 14:45,Property,14.58501645,121.0558372,No Collision Stated
None,EDSA,None,None,"No Accident Factor, Rear-end, 0.0 drivers_injured, 0.0 drivers_killed, 0.0 passengers_injured, 0.0 passengers_killed, 0.0 pedestrian_injured, 0.0 pedestrian_killed, Fair (Day), EDSA EDSA Central, Highway Hills Mandaluyong",MMDA Road Safety Unit,,5fc25d31-324e-4739-877f-2586a7d67388,2016-03-26,07:00:00,"EDSA SMDC, Highway Hills Mandaluyong",0,0,0,0,0,0,0,0,0,0,2016-03-26 15:00,Property,14.57994372,121.0528367,Rear-End
None,EDSA,None,None,"No Accident Factor, Rear-end, 0.0 drivers_injured, 0.0 drivers_killed, 0.0 passengers_injured, 0.0 passengers_killed, 0.0 pedestrian_injured, 0.0 pedestrian_killed, Fair (Day), EDSA Ortigas MRT Station Mandaluyong",MMDA Road Safety Unit,,04aa4cd1-846b-4090-8381-fc773350bfa0,2016-03-25,22:30:00,"EDSA Shell Gas Station, Wack-Wack Mandaluyong",0,0,0,0,0,0,0,0,0,0,2016-03-26 6:30,Property,14.58789302,121.0566024,Rear-End