LOCATION_TEXT,ROAD,WEATHER,LIGHT,DESC,REPORTING_AGENCY,MAIN_CAUSE,INCIDENTDETAILS_ID,DATE_UTC,TIME_UTC,ADDRESS,killed_driver,killed_passenger,killed_pedestrian,injured_driver,injured_passenger,injured_pedestrian,killed_uncategorized,injured_uncategorized,killed_total,injured_total,DATETIME_PST,SEVERITY,Y,X,COLLISION_TYPE
None,EDSA,None,None,"No Accident Factor, No Collision Stated (based on Police Blotter Book), 0.0 drivers_injured, 0.0 drivers_killed, 0.0 passengers_injured, 0.0 passengers_killed, 0.0 pedestrian_injured, 0.0 pedestrian_killed, Fair (Night), EDSA Paragon Plaza, Highway Hills Mandaluyong",MMDA Road Safety Unit,,29f66039-c5ab-49d9-a255-4d00e744b50a,2016-03-25,21:45:00,EDSA Shaw Blvd. Mandaluyong,0,0,0,0,0,0,0,0,0,0,2016-03-26 5:45,Property,14.57639395,121.0502515,No Collision Stated
None,EDSA,None,None,"No Accident Factor, No Collision Stated (based on Police Blotter Book), 0.0 drivers_injured, 0.0 drivers_killed, 0.0 passengers_injured, 0.0 passengers_killed, 0.0 pedestrian_injured, 0.0 pedestrian_killed, Fair (Night), EDSA Reliance St.  Mandaluyong",MMDA Road Safety Unit,,bbf6321e-f4d6-4451-96de-42233d95a700,2016-03-25,18:00:00,EDSA Polymedic (SB) Mandaluyong,0,0,0,0,0,0,0,0,0,0,2016-03-26 2:00,Property,14.57669064,121.0504494,No Collision Stated
None,EDSA,None,None,"No Accident Factor, Side Swipe, 0.0 drivers_injured, 0.0 drivers_killed, 0.0 passengers_injured, 0.0 passengers_killed, 0.0 pedestrian_injured, 0.0 pedestrian_killed, Fair (Day), EDSA Ortigas Ave. (EB) Mandaluyong",MMDA Road Safety Unit,,f7c61700-9744-4882-93a5-8500ee0c59a0,2016-03-25,05:05:00,EDSA Pinatubo St.  Mandaluyong,0,0,0,0,0,0,0,0,0,0,2016-03-25 13:05,Property,14.59327428,121.0582827,Side Swipe
None,EDSA,None,None,"No Accident Factor, Side Swipe, 0.0 drivers_injured, 0.0 drivers_killed, 0.0 passengers_injured, 0.0 passengers_killed, 0.0 pedestrian_injured, 0.0 pedestrian_killed, Fair (Night), EDSA SM Megamall, Wack-Wack Mandaluyong",MMDA Road Safety Unit,,db137338-f844-479f-bcf6-f46abbfbf45e,2016-03-24,12:00:00,EDSA Shaw Blvd. (SB) Mandaluyong,0,0,0,0,0,0,0,0,0,0,2016-03-24 20:00,Property,14.58501645,121.0558372,Side Swipe
None,EDSA,None,None,"No Accident Factor, No Collision Stated (based on Police Blotter Book), 0.0 drivers_injured, 0.0 drivers_killed, 0.0 passengers_injured, 0.0 passengers_killed, 0.0 pedestrian_injured, 0.0 pedestrian_killed, Fair (Day), EDSA United St.  Mandaluyong",MMDA Road Safety Unit,,a3f25a26-3a40-4d3e-9b3e-c7525a1d3885,2016-03-24,08:45:00,"EDSA SMDC, Highway Hills Mandaluyong",0,0,0,0,0,0,0,0,0,0,2016-03-24 16:45,Property,14.57931229,121.0523819,No Collision Stated
None,EDSA,None,None,"No Accident Factor, Side Swipe, 0.0 drivers_injured, 0.0 drivers_killed, 0.0 passengers_injured, 0.0 passengers_killed, 0.0 pedestrian_injured, 0.0 pedestrian_killed, Fair (Night), EDSA Boni Ave. Mandaluyong",MMDA Road Safety Unit,,97a24e39-3b7a-419a-b087-6852ef576f05,2016-03-23,15:15:00,EDSA Ortigas Ave. (NB) Mandaluyong,0,0,0,0,0,0,0,0,0,0,2016-03-23 23:15,Property,14.57242918,121.0471629,Side Swipe
None,EDSA,None,None,"No Accident Factor, No Collision Stated (based on Police Blotter Book), 0.0 drivers_injured, 0.0 drivers_killed, 0.0 passengers_injured, 0.0 passengers_killed, 0.0 pedestrian_injured, 0.0 pedestrian_killed, Fair (Night), EDSA J. Vargas Ave (WB) Mandaluyong",MMDA Road Safety Unit,,8072b2a1-b0af-4ab8-9a45-61849bcf13c7,2016-03-23,13:55:00,"EDSA Amber Restaurant, Ilaya Mandaluyong",0,0,0,0,0,0,0,0,0,0,2016-03-23 21:55,Property,14.58457561,121.0557464,No Collision Stated
None,EDSA,None,None,"No Accident Factor, No Collision Stated (based on Police Blotter Book), 0.0 drivers_injured, 0.0 drivers_killed, 0.0 passengers_injured, 0.0 passengers_killed, 0.0 pedestrian_injured, 0.0 pedestrian_killed, Fair (Day), EDSA Shaw Blvd. (Shangri-La Mall, Wack-Wack) Mandaluyong",MMDA Road Safety Unit,,a5e6f355-7a53-4044-864a-5978341a5586,2016-03-23,03:45:00,"EDSA Amber Restaurant, Ilaya Mandaluyong",0,0,0,0,0,0,0,0,0,0,2016-03-23 11:45,Property,14.58119822,121.0534578,No Collision Stated
None,EDSA,None,None,"No Accident Factor, No Collision Stated (based on Police Blotter Book), 0.0 drivers_injured, 0.0 drivers_killed, 0.0 passengers_injured, 0.0 passengers_killed, 0.0 pedestrian_injured, 0.0 pedestrian_killed, Fair (Day), EDSA Highway 54 Bldg., Wack-Wack Mandaluyong",MMDA Road Safety Unit,,aeff3842-cd4f-4088-a25f-0fc25aa44a3d,2016-03-21,23:40:00,"EDSA PGA Cars Bldg., Wack-Wack Mandaluyong",0,0,0,0,0,0,0,0,0,0,2016-03-22 7:40,Property,14.58500097,121.0556243,No Collision Stated
None,EDSA,None,None,"No Accident Factor, Side Swipe, 0.0 drivers_injured, 0.0 drivers_killed, 0.0 passengers_injured, 0.0 passengers_killed, 0.0 pedestrian_injured, 0.0 pedestrian_killed, Fair (Night), EDSA Robinsons Galleria Mandaluyong",MMDA Road Safety Unit,,b7e025fb-457c-4943-926b-5c7a7099e195,2016-03-21,13:40:00,EDSA Pioneer St. Mandaluyong,0,0,0,0,0,0,0,0,0,0,2016-03-21 21:40,Property,14.59233609,121.0582864,Side Swipe
None,EDSA,None,None,"No Accident Factor, No Collision Stated (based on Police Blotter Book), 0.0 drivers_injured, 0.0 drivers_killed, 0.0 passengers_injured, 0.0 passengers_killed, 0.0 pedestrian_injured, 0.0 pedestrian_killed, Fair (Night), EDSA Highway 54 Bldg., Wack-Wack Mandaluyong",MMDA Road Safety Unit,,f12ac123-226f-41a8-a604-a3d6faba0307,2016-03-21,11:00:00,"EDSA SM Megamall, Wack-Wack Mandaluyong",0,0,0,0,0,0,0,0,0,0,2016-03-21 19:00,Property,14.58500097,121.0556243,No Collision Stated
None,EDSA,None,None,"No Accident Factor, No Collision Stated (based on Police Blotter Book), 0.0 drivers_injured, 0.0 drivers_killed, 0.0 passengers_injured, 0.0 passengers_killed, 0.0 pedestrian_injured, 0.0 pedestrian_killed, Fair (Day), EDSA SM Megamall, Wack-Wack Mandaluyong",MMDA Road Safety Unit,,ec523960-4299-41c7-a247-fb1fc448cb25,2016-03-21,06:45:00,EDSA Polymedic Hospital Mandaluyong,0,0,0,0,0,0,0,0,0,0,2016-03-21 14:45,Property,14.58501645,121.0558372,No Collision Stated
None,EDSA,None,None,"No Accident Factor, No Collision Stated (based on Police Blotter Book), 0.0 drivers_injured, 0.0 drivers_killed, 0.0 passengers_injured, 0.0 passengers_killed, 0.0 pedestrian_injured, 0.0 pedestrian_killed, Fair (Night), EDSA Amber Restaurant, Barangka Ilaya Mandaluyong",MMDA Road Safety Unit,,638a784d-78cf-4059-bf08-fa90aa6a7c43,2016-03-19,12:00:00,"EDSA SM Megamall, Wack-Wack Mandaluyong",0,0,0,0,0,0,0,0,0,0,2016-03-19 20:00,Property,14.57029352,121.0463228,No Collision Stated
None,EDSA,None,None,"No Accident Factor, Side Swipe, 0.0 drivers_injured, 0.0 drivers_killed, 0.0 passengers_injured, 0.0 passengers_killed, 0.0 pedestrian_injured, 0.0 pedestrian_killed, Fair (Night), EDSA Connecticut Mandaluyong",MMDA Road Safety Unit,,f697bcd0-6995-4fb4-b606-6bfe71930885,2016-03-18,16:25:00,"EDSA Starmall, Wack-Wack Mandaluyong",0,0,0,0,0,0,0,0,0,0,2016-03-19 0:25,Property,14.60166503,121.0591465,Side Swipe
None,EDSA,None,None,"No Accident Factor, Side Swipe, 0.0 drivers_injured, 0.0 drivers_killed, 0.0 passengers_injured, 0.0 passengers_killed, 0.0 pedestrian_injured, 0.0 pedestrian_killed, Fair (Night), EDSA Robinsons Forum. Barangka Ilaya Mandaluyong",MMDA Road Safety Unit,,1f40c5d1-9e24-4c93-aa4e-6ebfdbfb2ec4,2016-03-17,12:00:00,EDSA Starmall Service Road (SB) Mandaluyong,0,0,0,0,0,0,0,0,0,0,2016-03-17 20:00,Property,14.57182388,121.0470705,Side Swipe
None,EDSA,None,None,"No Accident Factor, Rear-end, 0.0 drivers_injured, 0.0 drivers_killed, 0.0 passengers_injured, 0.0 passengers_killed, 0.0 pedestrian_injured, 0.0 pedestrian_killed, Fair (Night), EDSA SM Megamall Mandaluyong",MMDA Road Safety Unit,,de10845b-fe27-408d-bf26-0315ccc32da5,2016-03-17,11:30:00,EDSA Highway 54 Bldg. Mandaluyong,0,0,0,0,0,0,0,0,0,0,2016-03-17 19:30,Property,14.58501645,121.0558372,Rear-End
None,EDSA,None,None,"No Accident Factor, Multiple Collision, 0.0 drivers_injured, 0.0 drivers_killed, 0.0 passengers_injured, 0.0 passengers_killed, 0.0 pedestrian_injured, 0.0 pedestrian_killed, Fair (Day), EDSA Pinatubo St.  Mandaluyong",MMDA Road Safety Unit,,f780d03b-9758-49f5-b378-bb820dc21ae5,2016-03-17,07:00:00,EDSA Ortigas Ave. (EB) Intersection Mandaluyong,0,0,0,0,0,0,0,0,0,0,2016-03-17 15:00,Property,14.57321369,121.0476439,Multiple
None,EDSA,None,None,"No Accident Factor, Rear-end, 0.0 drivers_injured, 0.0 drivers_killed, 0.0 passengers_injured, 0.0 passengers_killed, 0.0 pedestrian_injured, 0.0 pedestrian_killed, Fair (Day), EDSA PGA Car Bldg., Wack-Wack Mandaluyong",MMDA Road Safety Unit,,052414f3-8d86-4a26-ac50-f37c8a156ac8,2016-03-17,02:00:00,EDSA Starmall Mandaluyong,0,0,0,0,0,0,0,0,0,0,2016-03-17 10:00,Property,14.59623028,121.0592439,Rear-End
None,EDSA,None,None,"No Accident Factor, No Collision Stated (based on Police Blotter Book), 0.0 drivers_injured, 0.0 drivers_killed, 0.0 passengers_injured, 0.0 passengers_killed, 0.0 pedestrian_injured, 0.0 pedestrian_killed, Fair (Night), EDSA G. A. Tower, Malamig Mandaluyong",MMDA Road Safety Unit,,489cd7c2-cdaa-400f-88c3-efa782fb570f,2016-03-16,21:00:00,"EDSA SMDC, Highway Hills Mandaluyong",0,0,0,0,0,0,0,0,0,0,2016-03-17 5:00,Property,14.57386012,121.0480107,No Collision Stated
None,EDSA,None,None,"No Accident Factor, Hit Object (Barrier-Plastic), 0.0 drivers_injured, 0.0 drivers_killed, 0.0 passengers_injured, 0.0 passengers_killed, 0.0 pedestrian_injured, 0.0 pedestrian_killed, Fair (Night), EDSA Reliance St.  Mandaluyong",MMDA Road Safety Unit,,64a695a6-e23f-438c-ab6b-7ae63ae73c9d,2016-03-14,20:00:00,EDSA Light Mall Mandaluyong,0,0,0,0,0,0,0,0,0,0,2016-03-15 4:00,Property,14.57669064,121.0504494,Hit Object
None,EDSA,None,None,"No Accident Factor, Side Swipe, 0.0 drivers_injured, 0.0 drivers_killed, 0.0 passengers_injured, 0.0 passengers_killed, 0.0 pedestrian_injured, 0.0 pedestrian_killed, Fair (Day), EDSA ""U"" turn slot, Ortigas Mandaluyong",MMDA Road Safety Unit,,d8f94c67-0306-4fe1-bf75-4c51f808a2c5,2016-03-14,06:15:00,EDSA Ortigas Ave. Mandaluyong,0,0,0,0,0,0,0,0,0,0,2016-03-14 14:15,Property,14.59252091,121.0582399,Side Swipe
None,EDSA,None,None,"No Accident Factor, Rear-end, 0.0 drivers_injured, 0.0 drivers_killed, 0.0 passengers_injured, 0.0 passengers_killed, 0.0 pedestrian_injured, 0.0 pedestrian_killed, Fair (Day), EDSA Auto Plus Mandaluyong",MMDA Road Safety Unit,,62b802a9-acbf-4cac-bcb4-b499071aedbe,2016-03-14,00:00:00,"EDSA Go Hotel, Barangka Ilaya Mandaluyong",0,0,0,0,0,0,0,0,0,0,2016-03-14 8:00,Property,14.59972576,121.0595577,Rear-End
None,EDSA,None,None,"No Accident Factor, No Collision Stated (based on Police Blotter Book), 0.0 drivers_injured, 0.0 drivers_killed, 0.0 passengers_injured, 0.0 passengers_killed, 0.0 pedestrian_injured, 0.0 pedestrian_killed, Fair (Night), EDSA Boni Mrt Station, Malamig Mandaluyong",MMDA Road Safety Unit,,be9a29b9-4e0d-4cf5-a9a7-34e669b5c92b,2016-03-12,20:45:00,EDSA Pioneer St. Mandaluyong,0,0,0,0,0,0,0,0,0,0,2016-03-13 4:45,Property,14.57372098,121.0479555,No Collision Stated
None,EDSA,None,None,"No Accident Factor, No Collision Stated (based on Police Blotter Book), 0.0 drivers_injured, 0.0 drivers_killed, 0.0 passengers_injured, 0.0 passengers_killed, 0.0 pedestrian_injured, 0.0 pedestrian_killed, Fair (Night), EDSA Guadix St. Mandaluyong",MMDA Road Safety Unit,,689d35ef-9805-4a05-b2d6-cc499c29f9b8,2016-03-12,15:20:00,"EDSA Boni MRT Station, Buayang Bato Mandaluyong",0,0,0,0,0,0,0,0,0,0,2016-03-12 23:20,Property,14.58948577,121.0573946,No Collision Stated
None,EDSA,None,None,"No Accident Factor, Multiple Collision, 0.0 drivers_injured, 0.0 drivers_killed, 0.0 passengers_injured, 0.0 passengers_killed, 0.0 pedestrian_injured, 0.0 pedestrian_killed, Fair (Day), EDSA Mrt Ortigas, Wack-Wack Mandaluyong",MMDA Road Safety Unit,,a4921845-e4a2-46de-bf0e-5b7263c3959e,2016-03-12,02:45:00,EDSA SM Megamall Mandaluyong,0,0,0,0,0,0,0,0,0,0,2016-03-12 10:45,Property,14.58790822,121.0566183,Multiple
None,EDSA,None,None,"No Accident Factor, No Collision Stated (based on Police Blotter Book), 0.0 drivers_injured, 0.0 drivers_killed, 0.0 passengers_injured, 0.0 passengers_killed, 0.0 pedestrian_injured, 0.0 pedestrian_killed, Fair (Night), EDSA Crossing, Starmall Mandaluyong",MMDA Road Safety Unit,,6091dcc1-23ce-4890-ad9a-f7b00dcca78e,2016-03-11,14:45:00,EDSA Boni Ave. Mandaluyong,0,0,0,0,0,0,0,0,0,0,2016-03-11 22:45,Property,14.58212391,121.0540758,No Collision Stated
None,EDSA,None,None,"No Accident Factor, No Collision Stated (based on Police Blotter Book), 0.0 drivers_injured, 0.0 drivers_killed, 0.0 passengers_injured, 0.0 passengers_killed, 0.0 pedestrian_injured, 0.0 pedestrian_killed, Fair (Day), EDSA Pioneer, Highway Hills Mandaluyong",MMDA Road Safety Unit,,7f5132a5-6f7c-41ef-b27b-d5f223f1db75,2016-03-11,02:30:00,EDSA Light Mall Mandaluyong,0,0,0,0,0,0,0,0,0,0,2016-03-11 10:30,Property,14.57236671,121.0472702,No Collision Stated
None,EDSA,None,None,"No Accident Factor, Side Swipe, 0.0 drivers_injured, 0.0 drivers_killed, 0.0 passengers_injured, 0.0 passengers_killed, 0.0 pedestrian_injured, 0.0 pedestrian_killed, Fair (Night), EDSA Guadix Road (WB) Mandaluyong",MMDA Road Safety Unit,,ab0b296b-1008-4df3-b30e-b072bed2443f,2016-03-10,12:45:00,EDSA Libertad St.  Mandaluyong,0,0,0,0,0,0,0,0,0,0,2016-03-10 20:45,Property,14.58948577,121.0573946,Side Swipe
None,EDSA,None,None,"No Accident Factor, No Collision Stated (based on Police Blotter Book), 0.0 drivers_injured, 0.0 drivers_killed, 0.0 passengers_injured, 0.0 passengers_killed, 0.0 pedestrian_injured, 0.0 pedestrian_killed, Fair (Night), EDSA Madison St., Barangka Ilaya Mandaluyong",MMDA Road Safety Unit,,22633c31-297f-477b-84ab-b91c9589216e,2016-03-10,11:00:00,EDSA Reliance St.  Mandaluyong,0,0,0,0,0,0,0,0,0,0,2016-03-10 19:00,Property,14.57464299,121.0489046,No Collision Stated
None,EDSA,None,None,"No Accident Factor, Self-Accident, 0.0 drivers_injured, 0.0 drivers_killed, 0.0 passengers_injured, 0.0 passengers_killed, 0.0 pedestrian_injured, 0.0 pedestrian_killed, Fair (Day), EDSA Boni Ave. Mandaluyong",MMDA Road Safety Unit,,7f33a1bf-e6ca-4ddc-97d0-461aa03d2fd0,2016-03-10,01:20:00,EDSA Boni Ave. Mandaluyong,0,0,0,0,0,0,0,0,0,0,2016-03-10 9:20,Property,14.57242918,121.0471629,Self-Accident
None,EDSA,None,None,"No Accident Factor, Hit and Run (No Collision Stated), 0.0 drivers_injured, 0.0 drivers_killed, 0.0 passengers_injured, 0.0 passengers_killed, 0.0 pedestrian_injured, 0.0 pedestrian_killed, Fair (Day), EDSA Boni Ave., Malamig Mandaluyong",MMDA Road Safety Unit,,56f74920-3578-416b-82f6-10bcf3e31a0e,2016-03-10,00:00:00,EDSA Star Mall  Mandaluyong,0,0,0,0,0,0,0,0,0,0,2016-03-10 8:00,Property,14.57247092,121.0471502,No Collision Stated
None,EDSA,None,None,"No Accident Factor, No Collision Stated (based on Police Blotter Book), 0.0 drivers_injured, 0.0 drivers_killed, 0.0 passengers_injured, 0.0 passengers_killed, 0.0 pedestrian_injured, 0.0 pedestrian_killed, Fair (Day), EDSA Starmall Terminal Mandaluyong",MMDA Road Safety Unit,,45e3e4c3-5fe9-4d6e-b219-37e585237526,2016-03-09,00:30:00,"EDSA Pavilion, Highway Hills Mandaluyong",0,0,0,0,0,0,0,0,0,0,2016-03-09 8:30,Property,14.58198795,121.0540368,No Collision Stated
None,EDSA,None,None,"No Accident Factor, No Collision Stated (based on Police Blotter Book), 0.0 drivers_injured, 0.0 drivers_killed, 0.0 passengers_injured, 0.0 passengers_killed, 0.0 pedestrian_injured, 0.0 pedestrian_killed, Fair (Night), EDSA Bank Drive, Wack-Wack Mandaluyong",MMDA Road Safety Unit,,f5b9fb98-9c52-43f6-9408-4fcff63251e2,2016-03-08,11:40:00,EDSA Cybergate Drive Mandaluyong,0,0,0,0,0,0,0,0,0,0,2016-03-08 19:40,Property,14.58694325,121.0565402,No Collision Stated
None,EDSA,None,None,"No Accident Factor, No Collision Stated (based on Police Blotter Book), 0.0 drivers_injured, 0.0 drivers_killed, 0.0 passengers_injured, 0.0 passengers_killed, 0.0 pedestrian_injured, 0.0 pedestrian_killed, Fair (Day), EDSA Starmall, Wack Wack Mandaluyong",MMDA Road Safety Unit,,c04455fe-8986-4be7-95a3-2eb179038d93,2016-03-08,05:55:00,"EDSA Ortigas MRT Station, Wack-Wack Mandaluyong",0,0,0,0,0,0,0,0,0,0,2016-03-08 13:55,Property,14.58198795,121.0540368,No Collision Stated
None,EDSA,None,None,"No Accident Factor, Rear-end, 0.0 drivers_injured, 0.0 drivers_killed, 0.0 passengers_injured, 0.0 passengers_killed, 0.0 pedestrian_injured, 0.0 pedestrian_killed, Fair (Night), EDSA Ortigas POEA, Wack-Wack Mandaluyong",MMDA Road Safety Unit,,f8450007-bb2a-40d7-820c-d143f37e3326,2016-03-07,15:45:00,EDSA Polymedic (SB) Mandaluyong,0,0,0,0,0,0,0,0,0,0,2016-03-07 23:45,Property,14.5931221,121.0583126,Rear-End
None,EDSA,None,None,"No Accident Factor, Side Swipe, 0.0 drivers_injured, 0.0 drivers_killed, 0.0 passengers_injured, 0.0 passengers_killed, 0.0 pedestrian_injured, 0.0 pedestrian_killed, Fair (Night), EDSA Robinsons Pioneer Mandaluyong",MMDA Road Safety Unit,,33e9bceb-394f-44af-9bf5-e5dc9af42bf2,2016-03-07,13:45:00,EDSA Sm Megamall Bldg.  Mandaluyong,0,0,0,0,0,0,0,0,0,0,2016-03-07 21:45,Property,14.57161544,121.0469258,Side Swipe
None,EDSA,None,None,"No Accident Factor, No Collision Stated (based on Police Blotter Book), 1.0 drivers_injured, 0.0 drivers_killed, 0.0 passengers_injured, 0.0 passengers_killed, 0.0 pedestrian_injured, 0.0 pedestrian_killed, Fair (Day), EDSA Reliance St. Mandaluyong",MMDA Road Safety Unit,,1d1f974c-2d3a-4f11-806a-4caee46e480f,2016-03-07,06:35:00,"EDSA SM Megamall (Bldg. B) Driveway, Wack-Wack Mandaluyong",0,0,0,1,0,0,0,0,0,1,2016-03-07 14:35,Injury,14.57669064,121.0504494,No Collision Stated
None,EDSA,None,None,"No Accident Factor, No Collision Stated (based on Police Blotter Book), 0.0 drivers_injured, 0.0 drivers_killed, 0.0 passengers_injured, 0.0 passengers_killed, 0.0 pedestrian_injured, 0.0 pedestrian_killed, Fair (Day), EDSA Ortigas POEA, Wack-Wack Mandaluyong",MMDA Road Safety Unit,,2501b00e-b725-4db5-bf8f-66cdf80ba703,2016-03-06,08:45:00,EDSA Shaw Blvd. Mandaluyong,0,0,0,0,0,0,0,0,0,0,2016-03-06 16:45,Property,14.5931221,121.0583126,No Collision Stated
None,EDSA,None,None,"No Accident Factor, No Collision Stated (based on Police Blotter Book), 0.0 drivers_injured, 0.0 drivers_killed, 0.0 passengers_injured, 0.0 passengers_killed, 0.0 pedestrian_injured, 0.0 pedestrian_killed, Fair (Day), EDSA Ortigas Overpass, Wack-Wack Mandaluyong",MMDA Road Safety Unit,,c0a7f12c-4339-444e-8d57-7afad72a4d15,2016-03-06,04:30:00,EDSA Ortigas Ave. (WB) Mandaluyong,0,0,0,0,0,0,0,0,0,0,2016-03-06 12:30,Property,14.5931221,121.0583126,No Collision Stated
None,EDSA,None,None,"No Accident Factor, No Collision Stated (based on Police Blotter Book), 0.0 drivers_injured, 0.0 drivers_killed, 0.0 passengers_injured, 0.0 passengers_killed, 0.0 pedestrian_injured, 0.0 pedestrian_killed, Fair (Night), EDSA SM Light Residences, Ilaya Mandaluyong",MMDA Road Safety Unit,,007ae091-d343-416c-af39-58b23437bc56,2016-03-04,10:15:00,EDSA Pioneer St. (NB) Mandaluyong,0,0,0,0,0,0,0,0,0,0,2016-03-04 18:15,Property,14.57388383,121.0483435,No Collision Stated
None,EDSA,None,None,"No Accident Factor, No Collision Stated (based on Police Blotter Book), 0.0 drivers_injured, 0.0 drivers_killed, 0.0 passengers_injured, 0.0 passengers_killed, 0.0 pedestrian_injured, 0.0 pedestrian_killed, Fair (Day), EDSA Shaw Blvd. Mandaluyong",MMDA Road Safety Unit,,09d964bb-8fab-4188-9f9c-979d3c945eb6,2016-03-04,08:20:00,EDSA Shaw Blvd. Mandaluyong,0,0,0,0,0,0,0,0,0,0,2016-03-04 16:20,Property,14.58119822,121.0534578,No Collision Stated
None,EDSA,None,None,"No Accident Factor, Side Swipe, 0.0 drivers_injured, 0.0 drivers_killed, 0.0 passengers_injured, 0.0 passengers_killed, 0.0 pedestrian_injured, 0.0 pedestrian_killed, Fair (Night), EDSA Mrt Ortigas, Wack-Wack Mandaluyong",MMDA Road Safety Unit,,9a3e3321-035e-439c-ae9c-4a56619a9691,2016-03-03,15:30:00,"EDSA Go Hotel, Barangka Ilaya Mandaluyong",0,0,0,0,0,0,0,0,0,0,2016-03-03 23:30,Property,14.58790822,121.0566183,Side Swipe
None,EDSA,None,None,"No Accident Factor, No Collision Stated (based on Police Blotter Book), 0.0 drivers_injured, 0.0 drivers_killed, 0.0 passengers_injured, 0.0 passengers_killed, 0.0 pedestrian_injured, 0.0 pedestrian_killed, Fair (Night), EDSA SM Megamall, Wack-Wack Mandaluyong",MMDA Road Safety Unit,,0edb0168-1c5b-4b9a-a3ff-50c0505d3e2c,2016-03-03,13:00:00,"EDSA Light Mall, Barangka Ilaya Mandaluyong",0,0,0,0,0,0,0,0,0,0,2016-03-03 21:00,Property,14.58501645,121.0558372,No Collision Stated
None,EDSA,None,None,"No Accident Factor, Side Swipe, 0.0 drivers_injured, 0.0 drivers_killed, 0.0 passengers_injured, 0.0 passengers_killed, 0.0 pedestrian_injured, 0.0 pedestrian_killed, Fair (Night), EDSA Shangrila Mall, Wack-Wack Mandaluyong",MMDA Road Safety Unit,,e597d89c-bd8c-4273-a245-8ff26e31eea8,2016-03-03,12:00:00,EDSA Ortigas Ave. Mandaluyong,0,0,0,0,0,0,0,0,0,0,2016-03-03 20:00,Property,14.58223571,121.0544805,Side Swipe
None,EDSA,None,None,"No Accident Factor, Rear-end, 0.0 drivers_injured, 0.0 drivers_killed, 0.0 passengers_injured, 0.0 passengers_killed, 0.0 pedestrian_injured, 0.0 pedestrian_killed, Fair (Day), EDSA SM Megamall, Wack-Wack Mandaluyong",MMDA Road Safety Unit,,15227314-d3d9-4d1a-97ea-aecc79d79533,2016-03-03,02:45:00,EDSA Boni Ave. (MRT Station) Mandaluyong,0,0,0,0,0,0,0,0,0,0,2016-03-03 10:45,Property,14.58501645,121.0558372,Rear-End
None,EDSA,None,None,"No Accident Factor, No Collision Stated (based on Police Blotter Book), 0.0 drivers_injured, 0.0 drivers_killed, 0.0 passengers_injured, 0.0 passengers_killed, 0.0 pedestrian_injured, 0.0 pedestrian_killed, Fair (Night), EDSA Paragon Mandaluyong",MMDA Road Safety Unit,,aa4bc574-c0f8-4e5a-95a2-656e04cbda4a,2016-03-02,18:40:00,"EDSA SM Megamall, Wack Wack Mandaluyong",0,0,0,0,0,0,0,0,0,0,2016-03-03 2:40,Property,14.57639395,121.0502515,No Collision Stated
None,EDSA,None,None,"No Accident Factor, Hit and Run (No Collision Stated), 0.0 drivers_injured, 0.0 drivers_killed, 0.0 passengers_injured, 0.0 passengers_killed, 0.0 pedestrian_injured, 0.0 pedestrian_killed, Fair (Night), EDSA SM Megamall, Wack-Wack Mandaluyong",MMDA Road Safety Unit,,837b2298-dee5-4044-967d-9c8d47197861,2016-03-02,15:30:00,"EDSA SMDC, Highway Hills Mandaluyong",0,0,0,0,0,0,0,0,0,0,2016-03-02 23:30,Property,14.58501645,121.0558372,No Collision Stated
None,EDSA,None,None,"No Accident Factor, No Collision Stated (based on Police Blotter Book), 0.0 drivers_injured, 0.0 drivers_killed, 0.0 passengers_injured, 0.0 passengers_killed, 0.0 pedestrian_injured, 0.0 pedestrian_killed, Fair (Night), EDSA Reliance St. Mandaluyong",MMDA Road Safety Unit,,e8e3bf80-9f8f-4f1c-9ea8-13064c34bc90,2016-03-02,13:50:00,EDSA Ortigas Ave. Mandaluyong,0,0,0,0,0,0,0,0,0,0,2016-03-02 21:50,Property,14.57669064,121.0504494,No Collision Stated
None,EDSA,None,None,"No Accident Factor, No Collision Stated (based on Police Blotter Book), 0.0 drivers_injured, 0.0 drivers_killed, 1.0 passengers_injured, 0.0 passengers_killed, 0.0 pedestrian_injured, 0.0 pedestrian_killed, Fair (Day), EDSA Boni MRT Station, Malamig Mandaluyong",MMDA Road Safety Unit,,5991becd-6f57-43ac-8af2-9ff2613867a3,2016-03-02,06:00:00,EDSA Megamall Mandaluyong,0,0,0,0,1,0,0,0,0,1,2016-03-02 14:00,Injury,14.57372098,121.0479555,No Collision Stated
None,EDSA,None,None,"No Accident Factor, No Collision Stated (based on Police Blotter Book), 0.0 drivers_injured, 0.0 drivers_killed, 0.0 passengers_injured, 0.0 passengers_killed, 0.0 pedestrian_injured, 0.0 pedestrian_killed, Fair (Night), EDSA Boni Ave. Mandaluyong",MMDA Road Safety Unit,,b3ce8d96-0c92-42e7-b3d8-1b0b9c4a9f60,2016-03-01,21:30:00,EDSA Pioneer St. Mandaluyong,0,0,0,0,0,0,0,0,0,0,2016-03-02 5:30,Property,14.57242918,121.0471629,No Collision Stated
None,EDSA,None,None,"No Accident Factor, No Collision Stated (based on Police Blotter Book), 0.0 drivers_injured, 0.0 drivers_killed, 0.0 passengers_injured, 0.0 passengers_killed, 0.0 pedestrian_injured, 0.0 pedestrian_killed, Fair (Night), EDSA Petron Gas Station, Highway Hills Mandaluyong",MMDA Road Safety Unit,,2d3da2b8-617b-42a5-bb5e-f4852559c0f5,2016-03-01,16:05:00,EDSA Barangka Drive Mandaluyong,0,0,0,0,0,0,0,0,0,0,2016-03-02 0:05,Property,14.57718563,121.0505519,No Collision Stated