LOCATION_TEXT,ROAD,WEATHER,LIGHT,DESC,REPORTING_AGENCY,MAIN_CAUSE,INCIDENTDETAILS_ID,DATE_UTC,TIME_UTC,ADDRESS,killed_driver,killed_passenger,killed_pedestrian,injured_driver,injured_passenger,injured_pedestrian,killed_uncategorized,injured_uncategorized,killed_total,injured_total,DATETIME_PST,SEVERITY,Y,X,COLLISION_TYPE
None,EDSA,None,None,"No Accident Factor, Rear-end, 0.0 drivers_injured, 0.0 drivers_killed, 0.0 passengers_injured, 0.0 passengers_killed, 0.0 pedestrian_injured, 0.0 pedestrian_killed, Fair (Day), EDSA Petron Gas Station, Malamig Mandaluyong",MMDA Road Safety Unit,,b78f39ac-f461-4c86-9c5a-12c68e186e3a,2016-03-01,02:15:00,EDSA Barangka Drive Mandaluyong,0,0,0,0,0,0,0,0,0,0,2016-03-01 10:15,Property,14.57721431,121.0505369,Rear-End
None,EDSA,None,None,"No Accident Factor, No Collision Stated (based on Police Blotter Book), 0.0 drivers_injured, 0.0 drivers_killed, 0.0 passengers_injured, 0.0 passengers_killed, 0.0 pedestrian_injured, 0.0 pedestrian_killed, Fair (Night), EDSA SM Megamall, Wack-Wack Mandaluyong",MMDA Road Safety Unit,,a1a51b74-1e59-4652-b99e-8e8bbf348b41,2016-02-29,11:00:00,EDSA Ortigas Ave. Overpass Mandaluyong,0,0,0,0,0,0,0,0,0,0,2016-02-29 19:00,Property,14.58501645,121.0558372,No Collision Stated
None,EDSA,None,None,"No Accident Factor, Rear-end, 0.0 drivers_injured, 0.0 drivers_killed, 0.0 passengers_injured, 0.0 passengers_killed, 0.0 pedestrian_injured, 0.0 pedestrian_killed, Fair (Day), EDSA Ortigas MRT Station, Wack-Wack Mandaluyong",MMDA Road Safety Unit,,f3acb476-4f50-4533-938f-99ec0302c0e0,2016-02-29,00:20:00,"EDSA Pavilion, Highway Hills Mandaluyong",0,0,0,0,0,0,0,0,0,0,2016-02-29 8:20,Property,14.58789302,121.0566024,Rear-End
None,EDSA,None,None,"No Accident Factor, No Collision Stated (based on Police Blotter Book), 0.0 drivers_injured, 0.0 drivers_killed, 0.0 passengers_injured, 0.0 passengers_killed, 0.0 pedestrian_injured, 0.0 pedestrian_killed, Fair (Day), EDSA Ortigas Footbridge, Wack-Wack Mandaluyong",MMDA Road Safety Unit,,4f21807d-514f-4c56-a8df-6344a9691020,2016-02-28,04:20:00,"EDSA Ortigas MRT Station, Wack-Wack Mandaluyong",0,0,0,0,0,0,0,0,0,0,2016-02-28 12:20,Property,14.59327374,121.0582168,No Collision Stated
None,EDSA,None,None,"No Accident Factor, No Collision Stated (based on Police Blotter Book), 0.0 drivers_injured, 0.0 drivers_killed, 0.0 passengers_injured, 0.0 passengers_killed, 0.0 pedestrian_injured, 0.0 pedestrian_killed, Fair (Night), EDSA Starmall, Wack-Wack  Mandaluyong",MMDA Road Safety Unit,,b2779428-fe33-49ba-921e-b880914cbd33,2016-02-26,21:55:00,"EDSA SM Megamall, Wack-Wack Mandaluyong",0,0,0,0,0,0,0,0,0,0,2016-02-27 5:55,Property,14.58198795,121.0540368,No Collision Stated
None,EDSA,None,None,"No Accident Factor, Rear-end, 0.0 drivers_injured, 0.0 drivers_killed, 0.0 passengers_injured, 0.0 passengers_killed, 0.0 pedestrian_injured, 0.0 pedestrian_killed, Fair (Night), EDSA Boni MRT Station Mandaluyong",MMDA Road Safety Unit,,49f3b740-8c3d-44e8-9c8b-a2be404ffce9,2016-02-26,11:00:00,EDSA Madison St. Mandaluyong,0,0,0,0,0,0,0,0,0,0,2016-02-26 19:00,Property,14.57372098,121.0479555,Rear-End
None,EDSA,None,None,"No Accident Factor, No Collision Stated (based on Police Blotter Book), 0.0 drivers_injured, 0.0 drivers_killed, 0.0 passengers_injured, 0.0 passengers_killed, 0.0 pedestrian_injured, 0.0 pedestrian_killed, Fair (Day), EDSA G.A. Tower, Malamig Mandaluyong",MMDA Road Safety Unit,,a6afed97-ad94-4b3c-95ff-0cf3d3e24fac,2016-02-26,02:50:00,EDSA Boni Ave. Mandaluyong,0,0,0,0,0,0,0,0,0,0,2016-02-26 10:50,Property,14.57392638,121.0480715,No Collision Stated
None,EDSA,None,None,"No Accident Factor, Rear-end, 0.0 drivers_injured, 0.0 drivers_killed, 0.0 passengers_injured, 0.0 passengers_killed, 0.0 pedestrian_injured, 0.0 pedestrian_killed, Fair (Day), EDSA Pioneer St. Mandaluyong",MMDA Road Safety Unit,,0df2bd0d-d3f5-4ba8-b363-360926bb1a50,2016-02-24,03:25:00,EDSA United St.  Mandaluyong,0,0,0,0,0,0,0,0,0,0,2016-02-24 11:25,Property,14.57236671,121.0472702,Rear-End
None,EDSA,None,None,"No Accident Factor, Side Swipe, 0.0 drivers_injured, 0.0 drivers_killed, 0.0 passengers_injured, 0.0 passengers_killed, 0.0 pedestrian_injured, 0.0 pedestrian_killed, Fair (Day), EDSA Ortigas Intersection (NB) Mandaluyong",MMDA Road Safety Unit,,d1ade8a2-d694-4ce8-9508-05d8ca754d55,2016-02-23,08:50:00,EDSA Pioneer St. Mandaluyong,0,0,0,0,0,0,0,0,0,0,2016-02-23 16:50,Property,14.59327374,121.0582168,Side Swipe
None,EDSA,None,None,"No Accident Factor, Side Swipe, 0.0 drivers_injured, 0.0 drivers_killed, 0.0 passengers_injured, 0.0 passengers_killed, 0.0 pedestrian_injured, 0.0 pedestrian_killed, Fair (Day), EDSA Boni Ave., MRT Station (NB) Mandaluyong",MMDA Road Safety Unit,,012d3889-cae4-49c3-8a86-7861eb8a1767,2016-02-23,06:45:00,"EDSA Starmall, Wack-Wack Mandaluyong",0,0,0,0,0,0,0,0,0,0,2016-02-23 14:45,Property,14.57372098,121.0479555,Side Swipe
None,EDSA,None,None,"No Accident Factor, No Collision Stated (based on Police Blotter Book), 0.0 drivers_injured, 0.0 drivers_killed, 0.0 passengers_injured, 0.0 passengers_killed, 0.0 pedestrian_injured, 0.0 pedestrian_killed, Fair (Day), EDSA Boni MRT Station, Ilaya Mandaluyong",MMDA Road Safety Unit,,934b8c73-53ed-4e12-ad48-1cf9f6aaa149,2016-02-23,06:40:00,"EDSA Ortigas Ave. (POEA, Wack-Wack) Mandaluyong",0,0,0,0,0,0,0,0,0,0,2016-02-23 14:40,Property,14.57372098,121.0479555,No Collision Stated
None,EDSA,None,None,"No Accident Factor, No Collision Stated (based on Police Blotter Book), 1.0 drivers_injured, 0.0 drivers_killed, 0.0 passengers_injured, 0.0 passengers_killed, 0.0 pedestrian_injured, 0.0 pedestrian_killed, Fair (Day), EDSA Boni Ave. (SB) Mandaluyong",MMDA Road Safety Unit,,b821b02a-10a6-44e2-8c83-f5deee66e4b4,2016-02-22,07:35:00,EDSA Lions Road Mandaluyong,0,0,0,1,0,0,0,0,0,1,2016-02-22 15:35,Injury,14.57249077,121.0472372,No Collision Stated
None,EDSA,None,None,"No Accident Factor, No Collision Stated (based on Police Blotter Book), 0.0 drivers_injured, 0.0 drivers_killed, 0.0 passengers_injured, 0.0 passengers_killed, 0.0 pedestrian_injured, 0.0 pedestrian_killed, Fair (Day), EDSA Shell Gas Station, Highway Hills Mandaluyong",MMDA Road Safety Unit,,a44704b3-ad1a-4334-9bed-746f95ba3cee,2016-02-22,07:30:00,EDSA Kamayan Restaurant  Mandaluyong,0,0,0,0,0,0,0,0,0,0,2016-02-22 15:30,Property,14.57692814,121.0503406,No Collision Stated
None,EDSA,None,None,"No Accident Factor, Side Swipe, 0.0 drivers_injured, 0.0 drivers_killed, 0.0 passengers_injured, 0.0 passengers_killed, 0.0 pedestrian_injured, 0.0 pedestrian_killed, Fair (Day), EDSA Ortigas Ave., MRT Station (SB) Mandaluyong",MMDA Road Safety Unit,,51c028ce-584a-44eb-82ee-7fbd23dd4a24,2016-02-22,03:30:00,"EDSA Shell Gas Station, Wack-Wack Mandaluyong",0,0,0,0,0,0,0,0,0,0,2016-02-22 11:30,Property,14.58789722,121.0568107,Side Swipe
None,EDSA,None,None,"No Accident Factor, No Collision Stated (based on Police Blotter Book), 0.0 drivers_injured, 0.0 drivers_killed, 0.0 passengers_injured, 0.0 passengers_killed, 0.0 pedestrian_injured, 0.0 pedestrian_killed, Fair (Day), EDSA Boni Ave. Mandaluyong",MMDA Road Safety Unit,,f30bacd5-22d8-44de-896e-d909df1e7094,2016-02-21,05:15:00,"EDSA Go Hotel, Barangka Ilaya Mandaluyong",0,0,0,0,0,0,0,0,0,0,2016-02-21 13:15,Property,14.57242918,121.0471629,No Collision Stated
None,EDSA,None,None,"No Accident Factor, No Collision Stated (based on Police Blotter Book), 0.0 drivers_injured, 0.0 drivers_killed, 0.0 passengers_injured, 0.0 passengers_killed, 0.0 pedestrian_injured, 0.0 pedestrian_killed, Fair (Night), EDSA United St.  Mandaluyong",MMDA Road Safety Unit,,a334c62e-c024-43c7-b529-dd9937ea043f,2016-02-20,14:20:00,EDSA Shaw Blvd. Mandaluyong,0,0,0,0,0,0,0,0,0,0,2016-02-20 22:20,Property,14.57931229,121.0523819,No Collision Stated
None,EDSA,None,None,"No Accident Factor, No Collision Stated (based on Police Blotter Book), 0.0 drivers_injured, 0.0 drivers_killed, 0.0 passengers_injured, 0.0 passengers_killed, 0.0 pedestrian_injured, 0.0 pedestrian_killed, Fair (Night), EDSA Ortigas MRT Station, Wack-Wack Mandaluyong",MMDA Road Safety Unit,,5c634f2b-ac5a-4fa9-bc65-88b2226f3fbe,2016-02-20,14:00:00,EDSA Shaw Blvd. Mandaluyong,0,0,0,0,0,0,0,0,0,0,2016-02-20 22:00,Property,14.58789302,121.0566024,No Collision Stated
None,EDSA,None,None,"No Accident Factor, Angle Impact, 0.0 drivers_injured, 0.0 drivers_killed, 0.0 passengers_injured, 0.0 passengers_killed, 0.0 pedestrian_injured, 0.0 pedestrian_killed, Fair (Day), EDSA Pinatubo St.  Mandaluyong",MMDA Road Safety Unit,,8e4adaf8-2b0b-4f02-946f-58f944b6d9b0,2016-02-20,05:40:00,EDSA D. M. Guevarra St.  Mandaluyong,0,0,0,0,0,0,0,0,0,0,2016-02-20 13:40,Property,14.57321369,121.0476439,Angle Impact
None,EDSA,None,None,"No Accident Factor, Side Swipe, 0.0 drivers_injured, 0.0 drivers_killed, 0.0 passengers_injured, 0.0 passengers_killed, 0.0 pedestrian_injured, 0.0 pedestrian_killed, Fair (Day), EDSA United St.  Mandaluyong",MMDA Road Safety Unit,,1c806e49-6205-40f8-9ef2-cb35e34fe491,2016-02-19,09:10:00,EDSA Shaw Blvd. Mandaluyong,0,0,0,0,0,0,0,0,0,0,2016-02-19 17:10,Property,14.57931229,121.0523819,Side Swipe
None,EDSA,None,None,"No Accident Factor, Rear-end, 0.0 drivers_injured, 0.0 drivers_killed, 0.0 passengers_injured, 0.0 passengers_killed, 0.0 pedestrian_injured, 0.0 pedestrian_killed, Fair (Day), EDSA Highway 54 Bldg. (SB) Mandaluyong",MMDA Road Safety Unit,,2c095b10-8136-47c5-b079-002ff3734c21,2016-02-19,03:45:00,EDSA Shaw Blvd. Mandaluyong,0,0,0,0,0,0,0,0,0,0,2016-02-19 11:45,Property,14.58500097,121.0556243,Rear-End
None,EDSA,None,None,"No Accident Factor, No Collision Stated (based on Police Blotter Book), 0.0 drivers_injured, 0.0 drivers_killed, 0.0 passengers_injured, 0.0 passengers_killed, 0.0 pedestrian_injured, 0.0 pedestrian_killed, Fair (Night), EDSA Crossing, Highway Hills Mandaluyong",MMDA Road Safety Unit,,88209116-504a-46f7-946c-10b3bd21a353,2016-02-18,16:30:00,"EDSA GO Hotel, Buayang Bato Mandaluyong",0,0,0,0,0,0,0,0,0,0,2016-02-19 0:30,Property,14.58212391,121.0540758,No Collision Stated
None,EDSA,None,None,"No Accident Factor, Rear-end, 0.0 drivers_injured, 0.0 drivers_killed, 0.0 passengers_injured, 0.0 passengers_killed, 0.0 pedestrian_injured, 0.0 pedestrian_killed, Fair (Day), EDSA Pioneer St. (NB) Mandaluyong",MMDA Road Safety Unit,,c54a06ae-4950-4e49-a01b-5f132b6d879a,2016-02-18,04:25:00,"EDSA Pavilion, Highway Hills Mandaluyong",0,0,0,0,0,0,0,0,0,0,2016-02-18 12:25,Property,14.57236671,121.0472702,Rear-End
None,EDSA,None,None,"No Accident Factor, Rear-end, 0.0 drivers_injured, 0.0 drivers_killed, 0.0 passengers_injured, 0.0 passengers_killed, 0.0 pedestrian_injured, 0.0 pedestrian_killed, Fair (Day), EDSA Ortigas Intersection (EB) Mandaluyong",MMDA Road Safety Unit,,a984a1e8-e2cb-4fbc-a393-4084ba2eb61b,2016-02-17,23:00:00,EDSA Shaw Blvd. Mandaluyong,0,0,0,0,0,0,0,0,0,0,2016-02-18 7:00,Property,14.59327374,121.0582168,Rear-End
None,EDSA,None,None,"No Accident Factor, Angle Impact, 0.0 drivers_injured, 0.0 drivers_killed, 0.0 passengers_injured, 0.0 passengers_killed, 0.0 pedestrian_injured, 0.0 pedestrian_killed, Fair (Night), EDSA Shaw Blvd. (Ibabaw) Mandaluyong",MMDA Road Safety Unit,,0efcbb63-a377-4a6a-a544-12296b3f7085,2016-02-17,13:30:00,EDSA United St.  Mandaluyong,0,0,0,0,0,0,0,0,0,0,2016-02-17 21:30,Property,14.58119822,121.0534578,Angle Impact
None,EDSA,None,None,"No Accident Factor, Side Swipe, 0.0 drivers_injured, 0.0 drivers_killed, 0.0 passengers_injured, 0.0 passengers_killed, 0.0 pedestrian_injured, 0.0 pedestrian_killed, Fair (Night), EDSA Boni Ave. (NB) Mandaluyong",MMDA Road Safety Unit,,c9bb9ea5-8c84-4532-a838-fb7a428dfc5d,2016-02-17,10:45:00,"EDSA SM Megamall, Wack-Wack Mandaluyong",0,0,0,0,0,0,0,0,0,0,2016-02-17 18:45,Property,14.57249077,121.0472372,Side Swipe
None,EDSA,None,None,"No Accident Factor, Rear-end, 0.0 drivers_injured, 0.0 drivers_killed, 0.0 passengers_injured, 0.0 passengers_killed, 0.0 pedestrian_injured, 0.0 pedestrian_killed, Fair (Day), EDSA Pioneer St. (NB) Mandaluyong",MMDA Road Safety Unit,,16a32e16-7611-479e-a0bb-5da5ddd19ac8,2016-02-17,01:25:00,EDSA Boni Ave. Mandaluyong,0,0,0,0,0,0,0,0,0,0,2016-02-17 9:25,Property,14.57236671,121.0472702,Rear-End
None,EDSA,None,None,"No Accident Factor, No Collision Stated (based on Police Blotter Book), 0.0 drivers_injured, 0.0 drivers_killed, 0.0 passengers_injured, 0.0 passengers_killed, 0.0 pedestrian_injured, 0.0 pedestrian_killed, Fair (Night), EDSA Shaw Blvd. Mandaluyong",MMDA Road Safety Unit,,5659c94e-a70c-4302-8b01-e1b85354c7a4,2016-02-16,15:00:00,EDSA Libertad St.  Mandaluyong,0,0,0,0,0,0,0,0,0,0,2016-02-16 23:00,Property,14.58119822,121.0534578,No Collision Stated
None,EDSA,None,None,"No Accident Factor, Side Swipe, 0.0 drivers_injured, 0.0 drivers_killed, 0.0 passengers_injured, 0.0 passengers_killed, 0.0 pedestrian_injured, 0.0 pedestrian_killed, Fair (Day), EDSA United St.  Mandaluyong",MMDA Road Safety Unit,,9ca10ee5-5cd4-43dc-b88a-e96af817e4c6,2016-02-16,02:35:00,EDSA Robinsons Forum Mandaluyong,0,0,0,0,0,0,0,0,0,0,2016-02-16 10:35,Property,14.57931229,121.0523819,Side Swipe
None,EDSA,None,None,"No Accident Factor, Side Swipe, 0.0 drivers_injured, 0.0 drivers_killed, 0.0 passengers_injured, 0.0 passengers_killed, 0.0 pedestrian_injured, 0.0 pedestrian_killed, Fair (Day), EDSA Shaw Blvd. (SB) Mandaluyong",MMDA Road Safety Unit,,d27408db-7374-4292-bf81-17e6fb7f9521,2016-02-15,23:35:00,EDSA Shaw Blvd. Mandaluyong,0,0,0,0,0,0,0,0,0,0,2016-02-16 7:35,Property,14.58119822,121.0534578,Side Swipe
None,EDSA,None,None,"No Accident Factor, Side Swipe, 0.0 drivers_injured, 0.0 drivers_killed, 0.0 passengers_injured, 0.0 passengers_killed, 0.0 pedestrian_injured, 0.0 pedestrian_killed, Fair (Day), EDSA Megamall (NB) Mandaluyong",MMDA Road Safety Unit,,66e91d39-2d18-48bb-901b-946123ff4c96,2016-02-15,09:45:00,"EDSA Phillippines Overseas Employment Agency (POEA), Wack-Wack Mandaluyong",0,0,0,0,0,0,0,0,0,0,2016-02-15 17:45,Property,14.58519582,121.0559351,Side Swipe
None,EDSA,None,None,"No Accident Factor, Rear-end, 0.0 drivers_injured, 0.0 drivers_killed, 0.0 passengers_injured, 0.0 passengers_killed, 0.0 pedestrian_injured, 0.0 pedestrian_killed, Fair (Day), EDSA Highway 54 Bldg. (SB) Mandaluyong",MMDA Road Safety Unit,,5effb667-8f4b-4916-9a50-53e6c84a98b9,2016-02-15,04:15:00,EDSA Rochester St.  Mandaluyong,0,0,0,0,0,0,0,0,0,0,2016-02-15 12:15,Property,14.58500097,121.0556243,Rear-End
None,EDSA,None,None,"No Accident Factor, No Collision Stated (based on Police Blotter Book), 0.0 drivers_injured, 0.0 drivers_killed, 0.0 passengers_injured, 0.0 passengers_killed, 0.0 pedestrian_injured, 0.0 pedestrian_killed, Fair (Day), EDSA Shaw Blvd. Mandaluyong",MMDA Road Safety Unit,,72ed4220-8af0-42c6-818c-4e9da00ab3b6,2016-02-15,04:00:00,"EDSA Philippines Overseas Employment Agency (POEA), Wack-Wack Mandaluyong",0,0,0,0,0,0,0,0,0,0,2016-02-15 12:00,Property,14.58119822,121.0534578,No Collision Stated
None,EDSA,None,None,"No Accident Factor, Rear-end, 0.0 drivers_injured, 0.0 drivers_killed, 0.0 passengers_injured, 0.0 passengers_killed, 0.0 pedestrian_injured, 0.0 pedestrian_killed, Fair (Day), EDSA Highway 54 Bldg. (SB) Mandaluyong",MMDA Road Safety Unit,,e95001b6-cd5c-49cf-a0bf-86951703cfd5,2016-02-15,00:25:00,"EDSA Highway 54 Bldg., Wack-wack Mandaluyong",0,0,0,0,0,0,0,0,0,0,2016-02-15 8:25,Property,14.58500097,121.0556243,Rear-End
None,EDSA,None,None,"No Accident Factor, Rear-end, 0.0 drivers_injured, 0.0 drivers_killed, 0.0 passengers_injured, 0.0 passengers_killed, 0.0 pedestrian_injured, 0.0 pedestrian_killed, Fair (Day), EDSA Robinsons Galleria (EB) Mandaluyong",MMDA Road Safety Unit,,6b68ab3e-f02b-4e34-b905-eefcc6356ce0,2016-02-14,23:15:00,"EDSA Shaw Blvd. (Shangrila Plaza, Wack-Wack) Mandaluyong",0,0,0,0,0,0,0,0,0,0,2016-02-15 7:15,Property,14.59233609,121.0582864,Rear-End
None,EDSA,None,None,"No Accident Factor, No Collision Stated (based on Police Blotter Book), 0.0 drivers_injured, 0.0 drivers_killed, 0.0 passengers_injured, 0.0 passengers_killed, 0.0 pedestrian_injured, 0.0 pedestrian_killed, Fair (Day), EDSA SM Megamall Bldg. A, Wack-Wack  Mandaluyong",MMDA Road Safety Unit,,62fd65fb-a8ac-4937-9432-380735a07cdc,2016-02-14,03:30:00,EDSA Pinatubo St.  Mandaluyong,0,0,0,0,0,0,0,0,0,0,2016-02-14 11:30,Property,14.58501645,121.0558372,No Collision Stated
None,EDSA,None,None,"No Accident Factor, No Collision Stated (based on Police Blotter Book), 0.0 drivers_injured, 0.0 drivers_killed, 0.0 passengers_injured, 0.0 passengers_killed, 0.0 pedestrian_injured, 0.0 pedestrian_killed, Fair (Night), EDSA Light Mall Residence, Barangka Ilaya Mandaluyong",MMDA Road Safety Unit,,da322d44-20ab-4b5a-a1c4-b42fa9814579,2016-02-13,16:55:00,EDSA Pinatubo St.  Mandaluyong,0,0,0,0,0,0,0,0,0,0,2016-02-14 0:55,Property,14.57395349,121.0484543,No Collision Stated
None,EDSA,None,None,"No Accident Factor, Rear-end, 0.0 drivers_injured, 0.0 drivers_killed, 0.0 passengers_injured, 0.0 passengers_killed, 0.0 pedestrian_injured, 0.0 pedestrian_killed, Fair (Night), EDSA SM Megamall Bldg. A Mandaluyong",MMDA Road Safety Unit,,0d7deea2-72c3-4d3a-93de-6f9366280ad3,2016-02-13,15:50:00,"EDSA Robinsons Forum, Barangka Ilaya Mandaluyong",0,0,0,0,0,0,0,0,0,0,2016-02-13 23:50,Property,14.58501645,121.0558372,Rear-End
None,EDSA,None,None,"No Accident Factor, Rear-end, 0.0 drivers_injured, 0.0 drivers_killed, 0.0 passengers_injured, 0.0 passengers_killed, 0.0 pedestrian_injured, 0.0 pedestrian_killed, Fair (Night), EDSA Starmall, Wack-Wack Mandaluyong",MMDA Road Safety Unit,,cb1a8294-76f4-4cd8-bf67-ac85933af417,2016-02-13,10:30:00,"EDSA Highway 54 Bldg., Wack-wack Mandaluyong",0,0,0,0,0,0,0,0,0,0,2016-02-13 18:30,Property,14.58198795,121.0540368,Rear-End
None,EDSA,None,None,"No Accident Factor, No Collision Stated (based on Police Blotter Book), 0.0 drivers_injured, 0.0 drivers_killed, 0.0 passengers_injured, 0.0 passengers_killed, 0.0 pedestrian_injured, 0.0 pedestrian_killed, Fair (Night), EDSA Highway 54 Bldg., Wack-Wack Mandaluyong",MMDA Road Safety Unit,,38898d05-bec4-401c-96ec-39cbeafcc8f5,2016-02-12,14:30:00,EDSA Reliance St.  Mandaluyong,0,0,0,0,0,0,0,0,0,0,2016-02-12 22:30,Property,14.58500097,121.0556243,No Collision Stated
None,EDSA,None,None,"No Accident Factor, Rear-end, 0.0 drivers_injured, 0.0 drivers_killed, 0.0 passengers_injured, 0.0 passengers_killed, 0.0 pedestrian_injured, 0.0 pedestrian_killed, Fair (Night), EDSA SM Megamall, Wack-Wack Mandaluyong",MMDA Road Safety Unit,,5d468a3a-8b18-444e-97cd-0eac9b4606e5,2016-02-12,10:25:00,EDSA GO Hotel Mandaluyong,0,0,0,0,0,0,0,0,0,0,2016-02-12 18:25,Property,14.58501645,121.0558372,Rear-End
None,EDSA,None,None,"No Accident Factor, Side Swipe, 0.0 drivers_injured, 0.0 drivers_killed, 0.0 passengers_injured, 0.0 passengers_killed, 0.0 pedestrian_injured, 0.0 pedestrian_killed, Fair (Day), EDSA Avida Tower Mandaluyong",MMDA Road Safety Unit,,f470abb7-ecf8-4121-98de-2c53b7e09c2d,2016-02-12,09:20:00,EDSA Shaw Blvd. Mandaluyong,0,0,0,0,0,0,0,0,0,0,2016-02-12 17:20,Property,14.577147,121.0507806,Side Swipe
None,EDSA,None,None,"No Accident Factor, Side Swipe, 0.0 drivers_injured, 0.0 drivers_killed, 0.0 passengers_injured, 0.0 passengers_killed, 0.0 pedestrian_injured, 0.0 pedestrian_killed, Fair (Day), EDSA Ortigas Ave. (EB) Mandaluyong",MMDA Road Safety Unit,,7f42ec0b-a574-49e8-85b3-c163452db8e2,2016-02-12,06:55:00,"EDSA V. R. P. Medical Center, Highway Hills Mandaluyong",0,0,0,0,0,0,0,0,0,0,2016-02-12 14:55,Property,14.59327428,121.0582827,Side Swipe
None,EDSA,None,None,"No Accident Factor, No Collision Stated (based on Police Blotter Book), 0.0 drivers_injured, 0.0 drivers_killed, 0.0 passengers_injured, 0.0 passengers_killed, 0.0 pedestrian_injured, 0.0 pedestrian_killed, Fair (Day), EDSA SM Megamall Bldg. A, Wack-Wack  Mandaluyong",MMDA Road Safety Unit,,d17f78d8-19bc-4df5-8b2e-2062dddbc28b,2016-02-12,01:00:00,"EDSA SM Megamall, Wack-Wack Mandaluyong",0,0,0,0,0,0,0,0,0,0,2016-02-12 9:00,Property,14.58501645,121.0558372,No Collision Stated
None,EDSA,None,None,"No Accident Factor, Side Swipe, 0.0 drivers_injured, 0.0 drivers_killed, 0.0 passengers_injured, 0.0 passengers_killed, 0.0 pedestrian_injured, 0.0 pedestrian_killed, Fair (Night), EDSA Pinatubo St.  Mandaluyong",MMDA Road Safety Unit,,088472a9-359c-4093-810b-91b6012f1378,2016-02-10,13:00:00,"EDSA Boni MRT Station, Barangka Ilaya Mandaluyong",0,0,0,0,0,0,0,0,0,0,2016-02-10 21:00,Property,14.57321369,121.0476439,Side Swipe
None,EDSA,None,None,"No Accident Factor, Side Swipe, 0.0 drivers_injured, 0.0 drivers_killed, 0.0 passengers_injured, 0.0 passengers_killed, 0.0 pedestrian_injured, 0.0 pedestrian_killed, Fair (Night), EDSA Ortigas Ave. (NB Service Road) Mandaluyong",MMDA Road Safety Unit,,7d509457-b8dc-442e-9e20-a81223db3c1c,2016-02-10,10:00:00,EDSA Boni Ave. Mandaluyong,0,0,0,0,0,0,0,0,0,0,2016-02-10 18:00,Property,14.5931221,121.0583126,Side Swipe
None,EDSA,None,None,"No Accident Factor, Rear-end, 0.0 drivers_injured, 0.0 drivers_killed, 0.0 passengers_injured, 0.0 passengers_killed, 0.0 pedestrian_injured, 0.0 pedestrian_killed, Fair (Day), EDSA GO Hotel, Barangka Ilaya Mandaluyong",MMDA Road Safety Unit,,1cd96746-1e64-4f88-8d25-be2d59887275,2016-02-10,06:30:00,EDSA Lions Road Mandaluyong,0,0,0,0,0,0,0,0,0,0,2016-02-10 14:30,Property,14.57001193,121.0464575,Rear-End
None,EDSA,None,None,"No Accident Factor, Side Swipe, 0.0 drivers_injured, 0.0 drivers_killed, 0.0 passengers_injured, 0.0 passengers_killed, 0.0 pedestrian_injured, 0.0 pedestrian_killed, Fair (Day), EDSA Boni Ave. (SB) Mandaluyong",MMDA Road Safety Unit,,7212848f-ba11-43da-88d7-2853f1dadb72,2016-02-10,02:00:00,EDSA Guadix Drive Mandaluyong,0,0,0,0,0,0,0,0,0,0,2016-02-10 10:00,Property,14.57249077,121.0472372,Side Swipe
None,EDSA,None,None,"No Accident Factor, Side Swipe, 0.0 drivers_injured, 0.0 drivers_killed, 0.0 passengers_injured, 0.0 passengers_killed, 0.0 pedestrian_injured, 0.0 pedestrian_killed, Fair (Night), EDSA Starmall Mandaluyong",MMDA Road Safety Unit,,1b9a68b7-2aa7-49f5-8b66-11d60876cae8,2016-02-09,12:30:00,EDSA Shaw Blvd. Mandaluyong,0,0,0,0,0,0,0,0,0,0,2016-02-09 20:30,Property,14.58198795,121.0540368,Side Swipe
None,EDSA,None,None,"No Accident Factor, No Collision Stated (based on Police Blotter Book), 0.0 drivers_injured, 0.0 drivers_killed, 0.0 passengers_injured, 0.0 passengers_killed, 0.0 pedestrian_injured, 0.0 pedestrian_killed, Fair (Night), EDSA Pioneer St. Mandaluyong",MMDA Road Safety Unit,,f09cd23e-0f07-4667-9238-50a84ed89d90,2016-02-06,20:00:00,EDSA Boni Ave. Mandaluyong,0,0,0,0,0,0,0,0,0,0,2016-02-07 4:00,Property,14.57236671,121.0472702,No Collision Stated
None,EDSA,None,None,"No Accident Factor, No Collision Stated (based on Police Blotter Book), 0.0 drivers_injured, 0.0 drivers_killed, 0.0 passengers_injured, 0.0 passengers_killed, 0.0 pedestrian_injured, 0.0 pedestrian_killed, Fair (Night), EDSA V. R. P. Medical Center, Highway Hills Mandaluyong",MMDA Road Safety Unit,,aefa9ee8-8a54-4748-b35d-16948edf69e6,2016-02-06,14:45:00,EDSA Shaw Blvd. Mandaluyong,0,0,0,0,0,0,0,0,0,0,2016-02-06 22:45,Property,14.57684342,121.0502966,No Collision Stated
None,EDSA,None,None,"No Accident Factor, Multiple Collision, 0.0 drivers_injured, 0.0 drivers_killed, 1.0 passengers_injured, 0.0 passengers_killed, 0.0 pedestrian_injured, 0.0 pedestrian_killed, Fair (Day), EDSA V. R. P. Medical Center Mandaluyong",MMDA Road Safety Unit,,abad32c7-ae6e-45df-a448-9581003bfb8f,2016-02-06,07:55:00,EDSA Guadix Drive Mandaluyong,0,0,0,0,1,0,0,0,0,1,2016-02-06 15:55,Injury,14.57684342,121.0502966,Multiple