LOCATION_TEXT,ROAD,WEATHER,LIGHT,DESC,REPORTING_AGENCY,MAIN_CAUSE,INCIDENTDETAILS_ID,DATE_UTC,TIME_UTC,ADDRESS,killed_driver,killed_passenger,killed_pedestrian,injured_driver,injured_passenger,injured_pedestrian,killed_uncategorized,injured_uncategorized,killed_total,injured_total,DATETIME_PST,SEVERITY,Y,X,COLLISION_TYPE
None,EDSA,None,None,"No Accident Factor, Angle Impact, 1.0 drivers_injured, 0.0 drivers_killed, 0.0 passengers_injured, 0.0 passengers_killed, 0.0 pedestrian_injured, 0.0 pedestrian_killed, Fair (Day), EDSA Highway 54 Bldg., Wack-Wack Mandaluyong",MMDA Road Safety Unit,,02a7d1ac-c25a-46e7-b35c-13fb477832f3,2016-02-06,02:45:00,EDSA Guadix Drive Mandaluyong,0,0,0,1,0,0,0,0,0,1,2016-02-06 10:45,Injury,14.58500097,121.0556243,Angle Impact
None,EDSA,None,None,"No Accident Factor, Side Swipe, 0.0 drivers_injured, 0.0 drivers_killed, 0.0 passengers_injured, 0.0 passengers_killed, 0.0 pedestrian_injured, 0.0 pedestrian_killed, Fair (Day), EDSA Starmall Service Road (SB) Mandaluyong",MMDA Road Safety Unit,,7d709f41-8a29-4751-8e01-bbb691e10fb0,2016-02-05,09:15:00,EDSA Shaw Blvd. Mandaluyong,0,0,0,0,0,0,0,0,0,0,2016-02-05 17:15,Property,14.58198795,121.0540368,Side Swipe
None,EDSA,None,None,"No Accident Factor, Rear-end, 0.0 drivers_injured, 0.0 drivers_killed, 0.0 passengers_injured, 0.0 passengers_killed, 0.0 pedestrian_injured, 0.0 pedestrian_killed, Fair (Night), EDSA Megamall Loading Bay (NB) Mandaluyong",MMDA Road Safety Unit,,cce1ef9b-57ff-427a-8bca-c8a1f96ae3a3,2016-02-04,12:20:00,EDSA Pinatubo St.  Mandaluyong,0,0,0,0,0,0,0,0,0,0,2016-02-04 20:20,Property,14.58519582,121.0559351,Rear-End
None,EDSA,None,None,"No Accident Factor, Angle Impact, 0.0 drivers_injured, 0.0 drivers_killed, 0.0 passengers_injured, 0.0 passengers_killed, 0.0 pedestrian_injured, 0.0 pedestrian_killed, Fair (Day), EDSA Pinatubo St., Malamig Mandaluyong",MMDA Road Safety Unit,,8b8d5632-c473-4945-b797-6d75943cbff4,2016-02-04,06:00:00,"EDSA Starmall, Wack-Wack Mandaluyong",0,0,0,0,0,0,0,0,0,0,2016-02-04 14:00,Property,14.57321369,121.0476439,Angle Impact
None,EDSA,None,None,"No Accident Factor, No Collision Stated (based on Police Blotter Book), 1.0 drivers_injured, 0.0 drivers_killed, 0.0 passengers_injured, 0.0 passengers_killed, 0.0 pedestrian_injured, 0.0 pedestrian_killed, Fair (Day), EDSA Ortigas, Wack-Wack  Mandaluyong",MMDA Road Safety Unit,,3cefdaa0-62df-42ef-8137-7818e78c0e11,2016-02-03,22:10:00,"EDSA Starmall, Wack-Wack Mandaluyong",0,0,0,1,0,0,0,0,0,1,2016-02-04 6:10,Injury,14.5931221,121.0583126,No Collision Stated
None,EDSA,None,None,"No Accident Factor, Side Swipe, 0.0 drivers_injured, 0.0 drivers_killed, 0.0 passengers_injured, 0.0 passengers_killed, 0.0 pedestrian_injured, 0.0 pedestrian_killed, Fair (Night), EDSA Boni Mc.do (SB) Mandaluyong",MMDA Road Safety Unit,,38af2bbd-fb0b-4264-9d9e-45c4f4ddca17,2016-02-03,11:20:00,EDSA Shaw Blvd. Mandaluyong,0,0,0,0,0,0,0,0,0,0,2016-02-03 19:20,Property,14.57372098,121.0479555,Side Swipe
None,EDSA,None,None,"No Accident Factor, Hit Object (Plantbox), 0.0 drivers_injured, 0.0 drivers_killed, 0.0 passengers_injured, 0.0 passengers_killed, 0.0 pedestrian_injured, 0.0 pedestrian_killed, Fair (Day), EDSA Ortigas Transcom (SB) Mandaluyong",MMDA Road Safety Unit,,aee3b733-1e4a-4faf-8d27-286744e27bfa,2016-02-03,06:30:00,"EDSA Shell Gas Station, Highway Hills Mandaluyong",0,0,0,0,0,0,0,0,0,0,2016-02-03 14:30,Property,14.5931221,121.0583126,Hit Object
None,EDSA,None,None,"No Accident Factor, No Collision Stated (based on Police Blotter Book), 0.0 drivers_injured, 0.0 drivers_killed, 0.0 passengers_injured, 0.0 passengers_killed, 0.0 pedestrian_injured, 0.0 pedestrian_killed, Fair (Day), EDSA Shangri-La Plaza Driveway, Wack-Wack Mandaluyong",MMDA Road Safety Unit,,e6bf5458-c63a-45e9-bb5e-c8908ac302b1,2016-02-03,06:00:00,"EDSA Shell Gas Station, Highway Hills Mandaluyong",0,0,0,0,0,0,0,0,0,0,2016-02-03 14:00,Property,14.58223571,121.0544805,No Collision Stated
None,EDSA,None,None,"No Accident Factor, Side Swipe, 0.0 drivers_injured, 0.0 drivers_killed, 0.0 passengers_injured, 0.0 passengers_killed, 0.0 pedestrian_injured, 0.0 pedestrian_killed, Fair (Day), EDSA Band Drive Mandaluyong",MMDA Road Safety Unit,,35002b03-9fc7-43c1-a3c8-0f4d47a7b57f,2016-02-03,02:00:00,"EDSA Shell Gas Station, Highway Hills Mandaluyong",0,0,0,0,0,0,0,0,0,0,2016-02-03 10:00,Property,14.58694325,121.0565402,Side Swipe
None,EDSA,None,None,"No Accident Factor, Rear-end, 0.0 drivers_injured, 0.0 drivers_killed, 0.0 passengers_injured, 0.0 passengers_killed, 0.0 pedestrian_injured, 0.0 pedestrian_killed, Fair (Day), EDSA Rochester (SB) Mandaluyong",MMDA Road Safety Unit,,0c6c295a-48c8-45a5-8b91-df2294b5659c,2016-02-03,00:45:00,"EDSA GO Hotel, Buayang Bato Mandaluyong",0,0,0,0,0,0,0,0,0,0,2016-02-03 8:45,Property,14.597563,121.0595941,Rear-End
None,EDSA,None,None,"No Accident Factor, Rear-end, 0.0 drivers_injured, 0.0 drivers_killed, 0.0 passengers_injured, 0.0 passengers_killed, 0.0 pedestrian_injured, 0.0 pedestrian_killed, Fair (Day), EDSA Guadix (NB) Mandaluyong",MMDA Road Safety Unit,,77cecd7e-2675-4f19-acac-81b91295942f,2016-02-02,23:55:00,EDSA Ortigas Ave. Mandaluyong,0,0,0,0,0,0,0,0,0,0,2016-02-03 7:55,Property,14.58940512,121.0573295,Rear-End
None,EDSA,None,None,"No Accident Factor, No Collision Stated (based on Police Blotter Book), 0.0 drivers_injured, 0.0 drivers_killed, 0.0 passengers_injured, 0.0 passengers_killed, 0.0 pedestrian_injured, 0.0 pedestrian_killed, Fair (Day), EDSA Light Mall Boni, Barangka Ilaya Mandaluyong",MMDA Road Safety Unit,,f165f303-3430-4b9a-826d-0f75a569e474,2016-02-02,09:45:00,"EDSA V. R. P. Medical Center, Highway Hills Mandaluyong",0,0,0,0,0,0,0,0,0,0,2016-02-02 17:45,Property,14.57395349,121.0484543,No Collision Stated
None,EDSA,None,None,"No Accident Factor, Side Swipe, 0.0 drivers_injured, 0.0 drivers_killed, 0.0 passengers_injured, 0.0 passengers_killed, 0.0 pedestrian_injured, 0.0 pedestrian_killed, Fair (Day), EDSA Highway 54 (SB) Mandaluyong",MMDA Road Safety Unit,,dace952a-4303-40d1-a7d3-3ae5fe5cb1df,2016-02-02,05:35:00,EDSA Reliance St.  Mandaluyong,0,0,0,0,0,0,0,0,0,0,2016-02-02 13:35,Property,14.58500097,121.0556243,Side Swipe
None,EDSA,None,None,"No Accident Factor, Rear-end, 0.0 drivers_injured, 0.0 drivers_killed, 0.0 passengers_injured, 0.0 passengers_killed, 0.0 pedestrian_injured, 0.0 pedestrian_killed, Fair (Day), EDSA Sultan (SB) Mandaluyong",MMDA Road Safety Unit,,a5346493-6b71-4bd8-803a-999bb097dec9,2016-02-02,04:15:00,"EDSA Ortigas MRT Station, Wack-Wack Mandaluyong",0,0,0,0,0,0,0,0,0,0,2016-02-02 12:15,Property,14.5805687,121.0529959,Rear-End
None,EDSA,None,None,"No Accident Factor, Rear-end, 0.0 drivers_injured, 0.0 drivers_killed, 0.0 passengers_injured, 0.0 passengers_killed, 0.0 pedestrian_injured, 0.0 pedestrian_killed, Fair (Day), EDSA Shaw Blvd. Mandaluyong",MMDA Road Safety Unit,,761752ff-309d-489b-9efb-0033d76febbc,2016-02-02,01:40:00,EDSA Kamayan Restaurant  Mandaluyong,0,0,0,0,0,0,0,0,0,0,2016-02-02 9:40,Property,14.58119822,121.0534578,Rear-End
None,EDSA,None,None,"No Accident Factor, No Collision Stated (based on Police Blotter Book), 0.0 drivers_injured, 0.0 drivers_killed, 0.0 passengers_injured, 0.0 passengers_killed, 0.0 pedestrian_injured, 0.0 pedestrian_killed, Fair (Day), EDSA Shaw Blvd. Mandaluyong",MMDA Road Safety Unit,,606e1d16-de3e-4980-a409-886c974827a9,2016-02-01,23:25:00,"EDSA Boni MRT Station, Barangka Ilaya Mandaluyong",0,0,0,0,0,0,0,0,0,0,2016-02-02 7:25,Property,14.58119822,121.0534578,No Collision Stated
None,EDSA,None,None,"No Accident Factor, Side Swipe, 0.0 drivers_injured, 0.0 drivers_killed, 0.0 passengers_injured, 0.0 passengers_killed, 0.0 pedestrian_injured, 0.0 pedestrian_killed, Fair (Night), EDSA SM Megamall, Wack-Wack Mandaluyong",MMDA Road Safety Unit,,7674b4fb-7a54-46e0-a387-ce352dc1c66b,2016-02-01,12:20:00,EDSA Barangka Drive Mandaluyong,0,0,0,0,0,0,0,0,0,0,2016-02-01 20:20,Property,14.58501645,121.0558372,Side Swipe
None,EDSA,None,None,"No Accident Factor, Side Swipe, 0.0 drivers_injured, 0.0 drivers_killed, 0.0 passengers_injured, 0.0 passengers_killed, 0.0 pedestrian_injured, 0.0 pedestrian_killed, Fair (Day), EDSA Starmall Service Road (SB) Mandaluyong",MMDA Road Safety Unit,,ee504795-7d09-4912-a931-152da38ebc09,2016-02-01,09:30:00,EDSA Boni Ave. Mandaluyong,0,0,0,0,0,0,0,0,0,0,2016-02-01 17:30,Property,14.58198795,121.0540368,Side Swipe
None,EDSA,None,None,"No Accident Factor, Side Swipe, 0.0 drivers_injured, 0.0 drivers_killed, 0.0 passengers_injured, 0.0 passengers_killed, 0.0 pedestrian_injured, 0.0 pedestrian_killed, Fair (Day), EDSA Guadix Drive (NB) Mandaluyong",MMDA Road Safety Unit,,efecf1d8-f7b9-4c31-9366-275e4e9b9a00,2016-02-01,00:55:00,"EDSA Starmall, Wack-Wack Mandaluyong",0,0,0,0,0,0,0,0,0,0,2016-02-01 8:55,Property,14.58940512,121.0573295,Side Swipe
None,EDSA,None,None,"No Accident Factor, No Collision Stated (based on Police Blotter Book), 0.0 drivers_injured, 0.0 drivers_killed, 0.0 passengers_injured, 0.0 passengers_killed, 0.0 pedestrian_injured, 0.0 pedestrian_killed, Fair (Day), EDSA Ortigas Ave. Mandaluyong",MMDA Road Safety Unit,,cb8213ed-c132-4455-9093-fb0908501828,2016-01-31,04:45:00,EDSA ADB Drive Mandaluyong,0,0,0,0,0,0,0,0,0,0,2016-01-31 12:45,Property,14.59305232,121.0585643,No Collision Stated
None,EDSA,None,None,"No Accident Factor, Multiple Collision, 0.0 drivers_injured, 0.0 drivers_killed, 0.0 passengers_injured, 0.0 passengers_killed, 0.0 pedestrian_injured, 0.0 pedestrian_killed, Fair (Day), EDSA Ortigas Ave. (WB) Mandaluyong",MMDA Road Safety Unit,,d9bd7640-24c8-45ab-a3a2-ce458f9cad7a,2016-01-30,00:25:00,EDSA SM Megamall Mandaluyong,0,0,0,0,0,0,0,0,0,0,2016-01-30 8:25,Property,14.59327428,121.0582827,Multiple
None,EDSA,None,None,"No Accident Factor, No Collision Stated (based on Police Blotter Book), 0.0 drivers_injured, 0.0 drivers_killed, 0.0 passengers_injured, 0.0 passengers_killed, 0.0 pedestrian_injured, 0.0 pedestrian_killed, Fair (Day), EDSA Starmall, Wack-Wack Mandaluyong",MMDA Road Safety Unit,,af85d600-c3f2-41d2-9ba8-b1906ae98d77,2016-01-29,22:30:00,EDSA POEA Ortigas Ave. (EB)  Mandaluyong,0,0,0,0,0,0,0,0,0,0,2016-01-30 6:30,Property,14.58198795,121.0540368,No Collision Stated
None,EDSA,None,None,"No Accident Factor, Rear-end, 0.0 drivers_injured, 0.0 drivers_killed, 0.0 passengers_injured, 0.0 passengers_killed, 0.0 pedestrian_injured, 0.0 pedestrian_killed, Fair (Day), EDSA Ortigas Ave. Service Road (SB) Mandaluyong",MMDA Road Safety Unit,,d669a640-9174-497a-9eca-212e5c06dfe4,2016-01-29,03:35:00,EDSA Ortigas MRT Station Mandaluyong,0,0,0,0,0,0,0,0,0,0,2016-01-29 11:35,Property,14.5931221,121.0583126,Rear-End
None,EDSA,None,None,"No Accident Factor, Rear-end, 0.0 drivers_injured, 0.0 drivers_killed, 0.0 passengers_injured, 0.0 passengers_killed, 0.0 pedestrian_injured, 0.0 pedestrian_killed, Fair (Day), EDSA Highway 54 Bldg. (SB) Mandaluyong",MMDA Road Safety Unit,,2362a21c-8452-4c96-bc61-b982e0fdf8ec,2016-01-28,22:35:00,EDSA Ortigas MRT Station Mandaluyong,0,0,0,0,0,0,0,0,0,0,2016-01-29 6:35,Property,14.58500097,121.0556243,Rear-End
None,EDSA,None,None,"No Accident Factor, Hit and Run (No Collision Stated), 0.0 drivers_injured, 0.0 drivers_killed, 0.0 passengers_injured, 0.0 passengers_killed, 0.0 pedestrian_injured, 0.0 pedestrian_killed, Fair (Day), EDSA Ortigas Ave. Mandaluyong",MMDA Road Safety Unit,,bdbbeac7-d479-47b0-8623-85304872a760,2016-01-28,05:00:00,"EDSA SM Megamall, Wack-Wack Mandaluyong",0,0,0,0,0,0,0,0,0,0,2016-01-28 13:00,Property,14.59305232,121.0585643,No Collision Stated
None,EDSA,None,None,"No Accident Factor, Rear-end, 0.0 drivers_injured, 0.0 drivers_killed, 0.0 passengers_injured, 0.0 passengers_killed, 0.0 pedestrian_injured, 0.0 pedestrian_killed, Fair (Day), EDSA Boni Ave. (SB) Mandaluyong",MMDA Road Safety Unit,,d426c78a-6ff2-4237-ae1f-20c2968bfb6c,2016-01-28,00:15:00,EDSA J. Vargas Ave. (WB)  Mandaluyong,0,0,0,0,0,0,0,0,0,0,2016-01-28 8:15,Property,14.57249077,121.0472372,Rear-End
None,EDSA,None,None,"No Accident Factor, Rear-end, 0.0 drivers_injured, 0.0 drivers_killed, 0.0 passengers_injured, 0.0 passengers_killed, 0.0 pedestrian_injured, 0.0 pedestrian_killed, Fair (Day), EDSA Shaw Blvd. Mandaluyong",MMDA Road Safety Unit,,23257b8e-1a5b-47e2-a927-ca8024bc93a1,2016-01-27,06:30:00,"EDSA SM Megamall, Wack-Wack Mandaluyong",0,0,0,0,0,0,0,0,0,0,2016-01-27 14:30,Property,14.58119822,121.0534578,Rear-End
None,EDSA,None,None,"No Accident Factor, Side Swipe, 0.0 drivers_injured, 0.0 drivers_killed, 0.0 passengers_injured, 0.0 passengers_killed, 0.0 pedestrian_injured, 0.0 pedestrian_killed, Fair (Day), EDSA Boni Ave. (SB) Mandaluyong",MMDA Road Safety Unit,,5a99184f-9f9e-4c73-83ee-8df6b73bc726,2016-01-27,05:35:00,EDSA Shaw Blvd. Mandaluyong,0,0,0,0,0,0,0,0,0,0,2016-01-27 13:35,Property,14.57249077,121.0472372,Side Swipe
None,EDSA,None,None,"No Accident Factor, Rear-end, 0.0 drivers_injured, 0.0 drivers_killed, 0.0 passengers_injured, 0.0 passengers_killed, 0.0 pedestrian_injured, 0.0 pedestrian_killed, Fair (Day), EDSA Megamall Emergency Bay (SB) Mandaluyong",MMDA Road Safety Unit,,5dfd49e2-fb76-4bf9-b1db-5330608c0946,2016-01-27,02:00:00,EDSA Ortigas Ave. Mandaluyong,0,0,0,0,0,0,0,0,0,0,2016-01-27 10:00,Property,14.58519582,121.0559351,Rear-End
None,EDSA,None,None,"No Accident Factor, Side Swipe, 0.0 drivers_injured, 0.0 drivers_killed, 0.0 passengers_injured, 0.0 passengers_killed, 0.0 pedestrian_injured, 0.0 pedestrian_killed, Fair (Day), EDSA Highway 54 Bldg. (SB) Mandaluyong",MMDA Road Safety Unit,,e5463301-7bc8-4add-aa43-f5700fde4484,2016-01-26,09:45:00,EDSA Shaw Blvd. Mandaluyong,0,0,0,0,0,0,0,0,0,0,2016-01-26 17:45,Property,14.58500097,121.0556243,Side Swipe
None,EDSA,None,None,"No Accident Factor, No Collision Stated (based on Police Blotter Book), 0.0 drivers_injured, 0.0 drivers_killed, 0.0 passengers_injured, 0.0 passengers_killed, 0.0 pedestrian_injured, 0.0 pedestrian_killed, Fair (Day), EDSA Starmall Loading Bay Mandaluyong",MMDA Road Safety Unit,,1dda8b9e-35f4-4cac-ab1a-cd7a7b9c3306,2016-01-26,03:05:00,EDSA Crossing Highway Hills  Mandaluyong,0,0,0,0,0,0,0,0,0,0,2016-01-26 11:05,Property,14.58198795,121.0540368,No Collision Stated
None,EDSA,None,None,"No Accident Factor, Self-Accident, 0.0 drivers_injured, 0.0 drivers_killed, 0.0 passengers_injured, 0.0 passengers_killed, 0.0 pedestrian_injured, 0.0 pedestrian_killed, Fair (Day), EDSA Sultan Service Road (SB) Mandaluyong",MMDA Road Safety Unit,,382df5d4-7c2a-4a1e-95b2-d8b149a32c45,2016-01-25,23:55:00,EDSA Ortigas Ave. Mandaluyong,0,0,0,0,0,0,0,0,0,0,2016-01-26 7:55,Property,14.5805687,121.0529959,Self-Accident
None,EDSA,None,None,"No Accident Factor, Rear-end, 0.0 drivers_injured, 0.0 drivers_killed, 0.0 passengers_injured, 0.0 passengers_killed, 0.0 pedestrian_injured, 0.0 pedestrian_killed, Fair (Day), EDSA Shaw Blvd. Mandaluyong",MMDA Road Safety Unit,,a5066ca7-fb76-4f5a-bbf4-6a551f538cfb,2016-01-25,06:45:00,EDSA PGA Car Wack Wack  Mandaluyong,0,0,0,0,0,0,0,0,0,0,2016-01-25 14:45,Property,14.58119822,121.0534578,Rear-End
None,EDSA,None,None,"No Accident Factor, Rear-end, 0.0 drivers_injured, 0.0 drivers_killed, 0.0 passengers_injured, 0.0 passengers_killed, 0.0 pedestrian_injured, 0.0 pedestrian_killed, Fair (Day), EDSA Boni MRT Station Mandaluyong",MMDA Road Safety Unit,,50b81a0a-5495-4572-8ddf-dcd963491cb3,2016-01-25,00:05:00,EDSA G.A. Tower  Mandaluyong,0,0,0,0,0,0,0,0,0,0,2016-01-25 8:05,Property,14.57372098,121.0479555,Rear-End
None,EDSA,None,None,"No Accident Factor, No Collision Stated (based on Police Blotter Book), 1.0 drivers_injured, 0.0 drivers_killed, 0.0 passengers_injured, 0.0 passengers_killed, 0.0 pedestrian_injured, 0.0 pedestrian_killed, Fair (Day), EDSA Amber Restaurant, Ilaya Mandaluyong",MMDA Road Safety Unit,,ce3160bc-7206-4531-b2c2-7ed3b285e2e8,2016-01-23,22:45:00,EDSA Kamayan Restaurant  Mandaluyong,0,0,0,1,0,0,0,0,0,1,2016-01-24 6:45,Injury,14.57029352,121.0463228,No Collision Stated
None,EDSA,None,None,"No Accident Factor, Angle Impact, 0.0 drivers_injured, 0.0 drivers_killed, 0.0 passengers_injured, 0.0 passengers_killed, 0.0 pedestrian_injured, 0.0 pedestrian_killed, Fair (Night), EDSA SM Megamall, Wack-Wack Mandaluyong",MMDA Road Safety Unit,,90dc7305-d7eb-4acb-953e-eee613a7fd31,2016-01-23,18:40:00,EDSA MRT Ortigas Sattion  Mandaluyong,0,0,0,0,0,0,0,0,0,0,2016-01-24 2:40,Property,14.58501645,121.0558372,Angle Impact
None,EDSA,None,None,"No Accident Factor, No Collision Stated (based on Police Blotter Book), 0.0 drivers_injured, 0.0 drivers_killed, 0.0 passengers_injured, 0.0 passengers_killed, 0.0 pedestrian_injured, 0.0 pedestrian_killed, Fair (Night), EDSA Starmall, Wack-Wack Mandaluyong",MMDA Road Safety Unit,,7f46d9c3-c602-44f2-89e8-f6fc5827d55c,2016-01-23,15:00:00,EDSA Pavillion  Mandaluyong,0,0,0,0,0,0,0,0,0,0,2016-01-23 23:00,Property,14.58198795,121.0540368,No Collision Stated
None,EDSA,None,None,"No Accident Factor, Rear-end, 0.0 drivers_injured, 0.0 drivers_killed, 0.0 passengers_injured, 0.0 passengers_killed, 0.0 pedestrian_injured, 0.0 pedestrian_killed, Fair (Day), EDSA Highway 54 (SB) Mandaluyong",MMDA Road Safety Unit,,7a7b9aa3-828a-4ec3-9a67-cc8a403c889c,2016-01-23,05:25:00,EDSA AMA Bldg.  Mandaluyong,0,0,0,0,0,0,0,0,0,0,2016-01-23 13:25,Property,14.58500097,121.0556243,Rear-End
None,EDSA,None,None,"No Accident Factor, Rear-end, 0.0 drivers_injured, 0.0 drivers_killed, 0.0 passengers_injured, 0.0 passengers_killed, 0.0 pedestrian_injured, 0.0 pedestrian_killed, Fair (Night), EDSA V. R. P. Medical Center, Highway Hills Mandaluyong",MMDA Road Safety Unit,,4d87179a-7429-4276-a441-25548fa37258,2016-01-22,12:00:00,EDSA Light Mall  Mandaluyong,0,0,0,0,0,0,0,0,0,0,2016-01-22 20:00,Property,14.57684342,121.0502966,Rear-End
None,EDSA,None,None,"No Accident Factor, Angle Impact, 0.0 drivers_injured, 0.0 drivers_killed, 0.0 passengers_injured, 0.0 passengers_killed, 0.0 pedestrian_injured, 0.0 pedestrian_killed, Fair (Day), EDSA Pinatubo St.  Mandaluyong",MMDA Road Safety Unit,,044adc57-babd-4a9c-be8a-0c9970f4ccfa,2016-01-22,07:45:00,EDSA Florida St.  Mandaluyong,0,0,0,0,0,0,0,0,0,0,2016-01-22 15:45,Property,14.57321369,121.0476439,Angle Impact
None,EDSA,None,None,"No Accident Factor, No Collision Stated (based on Police Blotter Book), 0.0 drivers_injured, 0.0 drivers_killed, 0.0 passengers_injured, 0.0 passengers_killed, 0.0 pedestrian_injured, 0.0 pedestrian_killed, Fair (Day), EDSA Highway 54 Bldg.  Mandaluyong",MMDA Road Safety Unit,,4d7f075a-5476-437c-afbe-2d4b8ef6593c,2016-01-22,06:45:00,"EDSA Highway 54 Bldg., Wack-wack Mandaluyong",0,0,0,0,0,0,0,0,0,0,2016-01-22 14:45,Property,14.58500097,121.0556243,No Collision Stated
None,EDSA,None,None,"No Accident Factor, Side Swipe, 0.0 drivers_injured, 0.0 drivers_killed, 0.0 passengers_injured, 0.0 passengers_killed, 0.0 pedestrian_injured, 0.0 pedestrian_killed, Fair (Day), EDSA Boni MRT Station Mandaluyong",MMDA Road Safety Unit,,fc2ca65c-c320-4539-8093-291e589fe001,2016-01-22,04:00:00,EDSA Boni MRT Station  Mandaluyong,0,0,0,0,0,0,0,0,0,0,2016-01-22 12:00,Property,14.57372098,121.0479555,Side Swipe
None,EDSA,None,None,"No Accident Factor, Rear-end, 0.0 drivers_injured, 0.0 drivers_killed, 0.0 passengers_injured, 0.0 passengers_killed, 0.0 pedestrian_injured, 0.0 pedestrian_killed, Fair (Day), EDSA Megamall (NB) Mandaluyong",MMDA Road Safety Unit,,918559cc-738d-426e-8d71-986085d50897,2016-01-22,03:35:00,EDSA Megamall  Mandaluyong,0,0,0,0,0,0,0,0,0,0,2016-01-22 11:35,Property,14.58519582,121.0559351,Rear-End
None,EDSA,None,None,"No Accident Factor, Rear-end, 0.0 drivers_injured, 0.0 drivers_killed, 0.0 passengers_injured, 0.0 passengers_killed, 0.0 pedestrian_injured, 0.0 pedestrian_killed, Fair (Day), EDSA Rochester St. (SB) Mandaluyong",MMDA Road Safety Unit,,9f439f18-ae9b-4a0d-886a-3e2145894f6a,2016-01-22,00:55:00,EDSA J. Vargas Ave. Mandaluyong,0,0,0,0,0,0,0,0,0,0,2016-01-22 8:55,Property,14.597563,121.0595941,Rear-End
None,EDSA,None,None,"No Accident Factor, No Collision Stated (based on Police Blotter Book), 0.0 drivers_injured, 0.0 drivers_killed, 0.0 passengers_injured, 0.0 passengers_killed, 0.0 pedestrian_injured, 0.0 pedestrian_killed, Fair (Day), EDSA Highway 54 Bldg., Wack-Wack Mandaluyong",MMDA Road Safety Unit,,bc0244c6-9d5c-481e-93ea-306410d3e43d,2016-01-21,22:30:00,EDSA Ortigas Ave. Mandaluyong,0,0,0,0,0,0,0,0,0,0,2016-01-22 6:30,Property,14.58500097,121.0556243,No Collision Stated
None,EDSA,None,None,"No Accident Factor, Rear-end, 0.0 drivers_injured, 0.0 drivers_killed, 0.0 passengers_injured, 0.0 passengers_killed, 0.0 pedestrian_injured, 0.0 pedestrian_killed, Fair (Night), EDSA Boni Ave., Malamig Mandaluyong",MMDA Road Safety Unit,,d834bb46-1a41-47a8-9770-0a92dbe9827d,2016-01-21,12:45:00,EDSA Starmall Wack Wack  Mandaluyong,0,0,0,0,0,0,0,0,0,0,2016-01-21 20:45,Property,14.57247092,121.0471502,Rear-End
None,EDSA,None,None,"No Accident Factor, No Collision Stated (based on Police Blotter Book), 0.0 drivers_injured, 0.0 drivers_killed, 1.0 passengers_injured, 0.0 passengers_killed, 0.0 pedestrian_injured, 0.0 pedestrian_killed, Fair (Night), EDSA Boni MRT Station Mandaluyong",MMDA Road Safety Unit,,02aba2ba-6da2-4ba9-ac19-34618d07fe4e,2016-01-21,10:00:00,"EDSA Pavillion, Highway Hills Mandaluyong",0,0,0,0,1,0,0,0,0,1,2016-01-21 18:00,Injury,14.57372098,121.0479555,No Collision Stated
None,EDSA,None,None,"No Accident Factor, Self-Accident, 0.0 drivers_injured, 0.0 drivers_killed, 0.0 passengers_injured, 0.0 passengers_killed, 0.0 pedestrian_injured, 0.0 pedestrian_killed, Fair (Day), EDSA Polymedic (SB) Mandaluyong",MMDA Road Safety Unit,,fb5f8b78-6e26-4913-8a12-6bb22f289beb,2016-01-21,02:55:00,"EDSA Shangri-la Mall / Hotel, Wack-Wack Mandaluyong",0,0,0,0,0,0,0,0,0,0,2016-01-21 10:55,Property,14.57678194,121.0502657,Self-Accident
None,EDSA,None,None,"No Accident Factor, No Collision Stated (based on Police Blotter Book), 0.0 drivers_injured, 0.0 drivers_killed, 1.0 passengers_injured, 0.0 passengers_killed, 0.0 pedestrian_injured, 0.0 pedestrian_killed, Fair (Day), EDSA Boni MRT Station Mandaluyong",MMDA Road Safety Unit,,9c5e35c8-0f72-4334-b578-761dce53cf4d,2016-01-21,00:45:00,"EDSA ""U"" turn slot, Ortigas Ave.  Mandaluyong",0,0,0,0,1,0,0,0,0,1,2016-01-21 8:45,Injury,14.57372098,121.0479555,No Collision Stated
None,EDSA,None,None,"No Accident Factor, Side Swipe, 0.0 drivers_injured, 0.0 drivers_killed, 0.0 passengers_injured, 0.0 passengers_killed, 0.0 pedestrian_injured, 0.0 pedestrian_killed, Fair (Day), EDSA SMDC, Highway Hills Mandaluyong",MMDA Road Safety Unit,,f8179640-7e66-490e-a8f1-8b2aeae0066e,2016-01-20,23:00:00,EDSA Shaw Blvd. Mandaluyong,0,0,0,0,0,0,0,0,0,0,2016-01-21 7:00,Property,14.57496984,121.0491482,Side Swipe
None,EDSA,None,None,"No Accident Factor, Side Swipe, 0.0 drivers_injured, 0.0 drivers_killed, 0.0 passengers_injured, 0.0 passengers_killed, 0.0 pedestrian_injured, 0.0 pedestrian_killed, Fair (Night), EDSA Shell Gas Station, Wack-Wack Mandaluyong",MMDA Road Safety Unit,,0cb046bb-0c19-4f12-98bd-44c7adf93417,2016-01-20,20:30:00,"EDSA Robinsons Forum / Pioneer, Ilaya Mandaluyong",0,0,0,0,0,0,0,0,0,0,2016-01-21 4:30,Property,14.59925642,121.0596191,Side Swipe
None,EDSA,None,None,"No Accident Factor, Rear-end, 0.0 drivers_injured, 0.0 drivers_killed, 0.0 passengers_injured, 0.0 passengers_killed, 0.0 pedestrian_injured, 0.0 pedestrian_killed, Fair (Night), EDSA Shaw Blvd. Mandaluyong",MMDA Road Safety Unit,,d85a52ac-7b24-499c-bd64-be480b048e1b,2016-01-20,14:00:00,"EDSA Madison St. (Light Residences, Highway Hills) Mandaluyong",0,0,0,0,0,0,0,0,0,0,2016-01-20 22:00,Property,14.58119822,121.0534578,Rear-End
None,EDSA,None,None,"No Accident Factor, Side Swipe, 0.0 drivers_injured, 0.0 drivers_killed, 0.0 passengers_injured, 0.0 passengers_killed, 0.0 pedestrian_injured, 0.0 pedestrian_killed, Fair (Day), EDSA Polymedic (SB) Mandaluyong",MMDA Road Safety Unit,,04288500-a5d9-40a4-af3d-704fae98c5eb,2016-01-20,07:30:00,EDSA Boni MRT Station Mandaluyong,0,0,0,0,0,0,0,0,0,0,2016-01-20 15:30,Property,14.57678194,121.0502657,Side Swipe