LOCATION_TEXT,ROAD,WEATHER,LIGHT,DESC,REPORTING_AGENCY,MAIN_CAUSE,INCIDENTDETAILS_ID,DATE_UTC,TIME_UTC,ADDRESS,killed_driver,killed_passenger,killed_pedestrian,injured_driver,injured_passenger,injured_pedestrian,killed_uncategorized,injured_uncategorized,killed_total,injured_total,DATETIME_PST,SEVERITY,Y,X,COLLISION_TYPE
None,EDSA,None,None,"No Accident Factor, Hit Object (No Object Stated), 0.0 drivers_injured, 0.0 drivers_killed, 0.0 passengers_injured, 0.0 passengers_killed, 0.0 pedestrian_injured, 0.0 pedestrian_killed, Fair (Day), EDSA Pinatubo St.  Mandaluyong",MMDA Road Safety Unit,,5ce2d91b-2a54-4998-a1b6-da2d330bc3d6,2016-01-20,07:00:00,"EDSA Ortigas Ave., Wack-Wack) Mandaluyong",0,0,0,0,0,0,0,0,0,0,2016-01-20 15:00,Property,14.57321369,121.0476439,Hit Object
None,EDSA,None,None,"No Accident Factor, Rear-end, 0.0 drivers_injured, 0.0 drivers_killed, 0.0 passengers_injured, 0.0 passengers_killed, 0.0 pedestrian_injured, 0.0 pedestrian_killed, Fair (Day), EDSA Shaw Blvd. (SB) Mandaluyong",MMDA Road Safety Unit,,54a52157-8c3d-4030-aeda-0f0c351b3ce7,2016-01-20,03:10:00,"EDSA Amber Restaurant, Ilaya Mandaluyong",0,0,0,0,0,0,0,0,0,0,2016-01-20 11:10,Property,14.58119822,121.0534578,Rear-End
None,EDSA,None,None,"No Accident Factor, No Collision Stated (based on Police Blotter Book), 0.0 drivers_injured, 0.0 drivers_killed, 0.0 passengers_injured, 0.0 passengers_killed, 0.0 pedestrian_injured, 0.0 pedestrian_killed, Fair (Day), EDSA SMDC, Highway Hills Mandaluyong",MMDA Road Safety Unit,,c9bfd95e-b586-49cf-a4a5-76c5acf43db8,2016-01-20,01:15:00,EDSA Boni Ave. Mandaluyong,0,0,0,0,0,0,0,0,0,0,2016-01-20 9:15,Property,14.57496984,121.0491482,No Collision Stated
None,EDSA,None,None,"No Accident Factor, Multiple Collision, 0.0 drivers_injured, 0.0 drivers_killed, 0.0 passengers_injured, 0.0 passengers_killed, 0.0 pedestrian_injured, 0.0 pedestrian_killed, Fair (Day), EDSA Ortigas Ave. (NB) Mandaluyong",MMDA Road Safety Unit,,5e8112b8-f69d-4d14-ac15-d3b7eed8b69b,2016-01-19,23:25:00,"EDSA Starmall, Wack-Wack Mandaluyong",0,0,0,0,0,0,0,0,0,0,2016-01-20 7:25,Property,14.59327428,121.0582827,Multiple
None,EDSA,None,None,"No Accident Factor, Side Swipe, 0.0 drivers_injured, 0.0 drivers_killed, 0.0 passengers_injured, 0.0 passengers_killed, 0.0 pedestrian_injured, 0.0 pedestrian_killed, Fair (Day), EDSA Amber Restaurant, Ilaya Mandaluyong",MMDA Road Safety Unit,,8fd37d4f-e016-418b-b24f-d9957b1c050f,2016-01-19,22:35:00,EDSA Rochester St.  Mandaluyong,0,0,0,0,0,0,0,0,0,0,2016-01-20 6:35,Property,14.57029352,121.0463228,Side Swipe
None,EDSA,None,None,"No Accident Factor, No Collision Stated (based on Police Blotter Book), 0.0 drivers_injured, 0.0 drivers_killed, 0.0 passengers_injured, 0.0 passengers_killed, 0.0 pedestrian_injured, 0.0 pedestrian_killed, Fair (Night), EDSA Amber Restaurant, Ilaya Mandaluyong",MMDA Road Safety Unit,,dd4b5f80-4392-4983-b86f-7bdb884e6b34,2016-01-19,21:00:00,"EDSA Shangri-la Mall / Hotel, Wack-Wack Mandaluyong",0,0,0,0,0,0,0,0,0,0,2016-01-20 5:00,Property,14.57029352,121.0463228,No Collision Stated
None,EDSA,None,None,"No Accident Factor, Rear-end, 0.0 drivers_injured, 0.0 drivers_killed, 0.0 passengers_injured, 0.0 passengers_killed, 0.0 pedestrian_injured, 0.0 pedestrian_killed, Fair (Day), EDSA PGA Cars Bldg., Wack-Wack Mandaluyong",MMDA Road Safety Unit,,90495799-cc26-43bb-8096-5fa267e0866d,2016-01-19,04:00:00,"EDSA Pavillion, Highway Hills Mandaluyong",0,0,0,0,0,0,0,0,0,0,2016-01-19 12:00,Property,14.59623028,121.0592439,Rear-End
None,EDSA,None,None,"No Accident Factor, Rear-end, 0.0 drivers_injured, 0.0 drivers_killed, 0.0 passengers_injured, 0.0 passengers_killed, 0.0 pedestrian_injured, 0.0 pedestrian_killed, Fair (Night), EDSA Pioneer St. Mandaluyong",MMDA Road Safety Unit,,f9c40591-0115-41da-9c5d-0d53486bb69b,2016-01-18,20:30:00,EDSA Shaw Blvd. Mandaluyong,0,0,0,0,0,0,0,0,0,0,2016-01-19 4:30,Property,14.57236671,121.0472702,Rear-End
None,EDSA,None,None,"No Accident Factor, Rear-end, 0.0 drivers_injured, 0.0 drivers_killed, 0.0 passengers_injured, 0.0 passengers_killed, 0.0 pedestrian_injured, 0.0 pedestrian_killed, Fair (Day), EDSA SM Megamall, Wack-Wack Mandaluyong",MMDA Road Safety Unit,,fab9888d-ef83-458d-bca9-2d261176f02f,2016-01-18,06:20:00,"EDSA Ortigas Ave., Wack-Wack) Mandaluyong",0,0,0,0,0,0,0,0,0,0,2016-01-18 14:20,Property,14.58501645,121.0558372,Rear-End
None,EDSA,None,None,"No Accident Factor, Hit Object (Fence/Wall-Concrete), 0.0 drivers_injured, 0.0 drivers_killed, 0.0 passengers_injured, 0.0 passengers_killed, 0.0 pedestrian_injured, 0.0 pedestrian_killed, Fair (Day), EDSA Polymedic Hospital Mandaluyong",MMDA Road Safety Unit,,50113d56-cead-43e4-a053-848f7423c4fc,2016-01-18,05:45:00,EDSA GO Hotel Mandaluyong,0,0,0,0,0,0,0,0,0,0,2016-01-18 13:45,Property,14.57678194,121.0502657,Hit Object
None,EDSA,None,None,"No Accident Factor, No Collision Stated (based on Police Blotter Book), 0.0 drivers_injured, 0.0 drivers_killed, 0.0 passengers_injured, 0.0 passengers_killed, 0.0 pedestrian_injured, 0.0 pedestrian_killed, Fair (Night), EDSA SM Megamall, Wack-Wack Mandaluyong",MMDA Road Safety Unit,,6e14cfc0-b730-4009-a417-696374e854e5,2016-01-17,12:55:00,"EDSA Ortigas Footbridge (Under), Wack-Wack) Mandaluyong",0,0,0,0,0,0,0,0,0,0,2016-01-17 20:55,Property,14.58501645,121.0558372,No Collision Stated
None,EDSA,None,None,"No Accident Factor, No Collision Stated (based on Police Blotter Book), 0.0 drivers_injured, 0.0 drivers_killed, 0.0 passengers_injured, 0.0 passengers_killed, 0.0 pedestrian_injured, 0.0 pedestrian_killed, Fair (Day), EDSA Starmall, Wack-Wack Mandaluyong",MMDA Road Safety Unit,,a9c327cc-0659-4386-a503-376aa5ead50f,2016-01-17,01:50:00,"EDSA Transcom Blvd., Wack-Wack Mandaluyong",0,0,0,0,0,0,0,0,0,0,2016-01-17 9:50,Property,14.58198795,121.0540368,No Collision Stated
None,EDSA,None,None,"No Accident Factor, Side Swipe, 0.0 drivers_injured, 0.0 drivers_killed, 0.0 passengers_injured, 0.0 passengers_killed, 0.0 pedestrian_injured, 0.0 pedestrian_killed, Fair (Night), EDSA Starmall Service Road (SB) Mandaluyong",MMDA Road Safety Unit,,e3c14f98-cff0-49fe-a9f7-5aa517a6c8d5,2016-01-15,12:10:00,"EDSA Highway 54 Bldg., Wack-wack Mandaluyong",0,0,0,0,0,0,0,0,0,0,2016-01-15 20:10,Property,14.58198795,121.0540368,Side Swipe
None,EDSA,None,None,"No Accident Factor, Side Swipe, 0.0 drivers_injured, 0.0 drivers_killed, 0.0 passengers_injured, 0.0 passengers_killed, 0.0 pedestrian_injured, 0.0 pedestrian_killed, Fair (Day), EDSA Highway 54 Bldg. Mandaluyong",MMDA Road Safety Unit,,c021518d-992b-4fd0-93eb-c7a6b6dc68b3,2016-01-15,06:00:00,EDSA Shaw Blvd. Mandaluyong,0,0,0,0,0,0,0,0,0,0,2016-01-15 14:00,Property,14.58500097,121.0556243,Side Swipe
None,EDSA,None,None,"No Accident Factor, Rear-end, 0.0 drivers_injured, 0.0 drivers_killed, 0.0 passengers_injured, 0.0 passengers_killed, 0.0 pedestrian_injured, 0.0 pedestrian_killed, Fair (Day), EDSA Ortigas Ave. (EB) Intersection Mandaluyong",MMDA Road Safety Unit,,d6a3bace-5da6-492d-8c79-f67028a2ba6a,2016-01-15,03:15:00,EDSA Shaw Blvd. Mandaluyong,0,0,0,0,0,0,0,0,0,0,2016-01-15 11:15,Property,14.59327428,121.0582827,Rear-End
None,EDSA,None,None,"No Accident Factor, Angle Impact, 0.0 drivers_injured, 0.0 drivers_killed, 0.0 passengers_injured, 0.0 passengers_killed, 0.0 pedestrian_injured, 0.0 pedestrian_killed, Fair (Day), EDSA Starmall Mandaluyong",MMDA Road Safety Unit,,d83d0811-b60e-439a-98c9-109abfb377fc,2016-01-15,01:00:00,"EDSA Light Mall, Highway Hills Mandaluyong",0,0,0,0,0,0,0,0,0,0,2016-01-15 9:00,Property,14.58198795,121.0540368,Angle Impact
None,EDSA,None,None,"No Accident Factor, No Collision Stated (based on Police Blotter Book), 0.0 drivers_injured, 0.0 drivers_killed, 0.0 passengers_injured, 0.0 passengers_killed, 0.0 pedestrian_injured, 0.0 pedestrian_killed, Fair (Night), EDSA SMDC, Highway Hills Mandaluyong",MMDA Road Safety Unit,,46dc4218-9a5a-4f44-9a95-4623ebbcf8ce,2016-01-14,17:20:00,EDSA Pinatubo St. Mandaluyong,0,0,0,0,0,0,0,0,0,0,2016-01-15 1:20,Property,14.57496984,121.0491482,No Collision Stated
None,EDSA,None,None,"No Accident Factor, Rear-end, 0.0 drivers_injured, 0.0 drivers_killed, 0.0 passengers_injured, 0.0 passengers_killed, 0.0 pedestrian_injured, 0.0 pedestrian_killed, Fair (Night), EDSA Light Mall Mandaluyong",MMDA Road Safety Unit,,409fe6bd-d7ed-401e-976e-f48cd59834e4,2016-01-13,11:30:00,"EDSA Caltex Gas station, Ilaya Mandaluyong",0,0,0,0,0,0,0,0,0,0,2016-01-13 19:30,Property,14.57395349,121.0484543,Rear-End
None,EDSA,None,None,"No Accident Factor, Rear-end, 0.0 drivers_injured, 0.0 drivers_killed, 0.0 passengers_injured, 0.0 passengers_killed, 0.0 pedestrian_injured, 0.0 pedestrian_killed, Fair (Night), EDSA Ortigas Ave. Mandaluyong",MMDA Road Safety Unit,,d3c2409c-9b47-4512-af5a-1134b827e6ee,2016-01-13,10:10:00,EDSA V.R. Potenciano Medical Center Mandaluyong,0,0,0,0,0,0,0,0,0,0,2016-01-13 18:10,Property,14.59305232,121.0585643,Rear-End
None,EDSA,None,None,"No Accident Factor, No Collision Stated (based on Police Blotter Book), 0.0 drivers_injured, 0.0 drivers_killed, 0.0 passengers_injured, 0.0 passengers_killed, 0.0 pedestrian_injured, 0.0 pedestrian_killed, Fair (Night), EDSA Go Hotel, Barangka Ilaya Mandaluyong",MMDA Road Safety Unit,,38d685cc-b07e-4b65-9aef-9d7cd4845611,2016-01-12,11:30:00,EDSA Robinsons Forum Mandaluyong,0,0,0,0,0,0,0,0,0,0,2016-01-12 19:30,Property,14.57001193,121.0464575,No Collision Stated
None,EDSA,None,None,"No Accident Factor, Side Swipe, 0.0 drivers_injured, 0.0 drivers_killed, 0.0 passengers_injured, 0.0 passengers_killed, 0.0 pedestrian_injured, 0.0 pedestrian_killed, Fair (Day), EDSA Pioneer St. Mandaluyong",MMDA Road Safety Unit,,46aa9d35-ec72-4f6b-b4b9-9b26cc200f82,2016-01-12,07:25:00,EDSA SM Megamall Mandaluyong,0,0,0,0,0,0,0,0,0,0,2016-01-12 15:25,Property,14.57236671,121.0472702,Side Swipe
None,EDSA,None,None,"No Accident Factor, Side Swipe, 0.0 drivers_injured, 0.0 drivers_killed, 0.0 passengers_injured, 0.0 passengers_killed, 0.0 pedestrian_injured, 0.0 pedestrian_killed, Fair (Night), EDSA Boni MRT Station, Buayang Bato Mandaluyong",MMDA Road Safety Unit,,b413d3dc-c55f-4da0-a76a-732fc2d3a08a,2016-01-11,16:30:00,EDSA Shaw Blvd. Mandaluyong,0,0,0,0,0,0,0,0,0,0,2016-01-12 0:30,Property,14.57372098,121.0479555,Side Swipe
None,EDSA,None,None,"No Accident Factor, Hit and Run (Rear-end), 0.0 drivers_injured, 0.0 drivers_killed, 0.0 passengers_injured, 0.0 passengers_killed, 0.0 pedestrian_injured, 0.0 pedestrian_killed, Fair (Day), EDSA SM Megamall Mandaluyong",MMDA Road Safety Unit,,1b119a76-d6da-4967-9bb0-70cb9595dbcb,2016-01-10,23:30:00,"EDSA Teleperformance, Highway Hills Mandaluyong",0,0,0,0,0,0,0,0,0,0,2016-01-11 7:30,Property,14.58501645,121.0558372,Rear-End
None,EDSA,None,None,"No Accident Factor, No Collision Stated (based on Police Blotter Book), 0.0 drivers_injured, 0.0 drivers_killed, 0.0 passengers_injured, 0.0 passengers_killed, 0.0 pedestrian_injured, 0.0 pedestrian_killed, Fair (Night), EDSA Boni Ave. Mandaluyong",MMDA Road Safety Unit,,26c113cd-64b2-4cda-9c63-76e552435c92,2016-01-10,14:00:00,EDSA Boni Ave. Mandaluyong,0,0,0,0,0,0,0,0,0,0,2016-01-10 22:00,Property,14.57242918,121.0471629,No Collision Stated
None,EDSA,None,None,"No Accident Factor, Hit Object (Plastic-Barrier), 0.0 drivers_injured, 0.0 drivers_killed, 0.0 passengers_injured, 0.0 passengers_killed, 0.0 pedestrian_injured, 0.0 pedestrian_killed, Fair (Night), EDSA Light Mall Mandaluyong",MMDA Road Safety Unit,,2e69445d-2bd7-440d-8bac-bc8c67678648,2016-01-09,19:30:00,EDSA Boni Ave. Mandaluyong,0,0,0,0,0,0,0,0,0,0,2016-01-10 3:30,Property,14.57395349,121.0484543,Hit Object
None,EDSA,None,None,"No Accident Factor, No Collision Stated (based on Police Blotter Book), 0.0 drivers_injured, 0.0 drivers_killed, 0.0 passengers_injured, 0.0 passengers_killed, 0.0 pedestrian_injured, 0.0 pedestrian_killed, Fair (Day), EDSA Libertad St.  Mandaluyong",MMDA Road Safety Unit,,0048d26f-c3c4-4a92-b6cc-7e51508f526b,2016-01-09,06:20:00,EDSA Ortigas Ave. (POEA) Mandaluyong,0,0,0,0,0,0,0,0,0,0,2016-01-09 14:20,Property,14.57859094,121.0516172,No Collision Stated
None,EDSA,None,None,"No Accident Factor, No Collision Stated (based on Police Blotter Book), 0.0 drivers_injured, 0.0 drivers_killed, 0.0 passengers_injured, 0.0 passengers_killed, 0.0 pedestrian_injured, 0.0 pedestrian_killed, Fair (Night), EDSA Reliance St.  Mandaluyong",MMDA Road Safety Unit,,c365a443-e0bb-4218-98ec-9391da6e459d,2016-01-08,14:55:00,EDSA SM Megamall Mandaluyong,0,0,0,0,0,0,0,0,0,0,2016-01-08 22:55,Property,14.57669064,121.0504494,No Collision Stated
None,EDSA,None,None,"No Accident Factor, No Collision Stated (based on Police Blotter Book), 1.0 drivers_injured, 0.0 drivers_killed, 0.0 passengers_injured, 0.0 passengers_killed, 0.0 pedestrian_injured, 0.0 pedestrian_killed, Fair (Day), EDSA Boni Ave. Mandaluyong",MMDA Road Safety Unit,,eaa8087c-48ca-4358-adfc-213818f4a027,2016-01-08,06:50:00,EDSA SM Megamall Mandaluyong,0,0,0,1,0,0,0,0,0,1,2016-01-08 14:50,Injury,14.57242918,121.0471629,No Collision Stated
None,EDSA,None,None,"No Accident Factor, Side Swipe, 0.0 drivers_injured, 0.0 drivers_killed, 0.0 passengers_injured, 0.0 passengers_killed, 0.0 pedestrian_injured, 0.0 pedestrian_killed, Fair (Day), EDSA Star Mall  Mandaluyong",MMDA Road Safety Unit,,7ae0337d-6a2f-4f5d-9b31-5d80efe409b1,2016-01-07,02:00:00,EDSA Shaw Blvd. Mandaluyong,0,0,0,0,0,0,0,0,0,0,2016-01-07 10:00,Property,14.58198795,121.0540368,Side Swipe
None,EDSA,None,None,"No Accident Factor, No Collision Stated (based on Police Blotter Book), 0.0 drivers_injured, 0.0 drivers_killed, 0.0 passengers_injured, 0.0 passengers_killed, 0.0 pedestrian_injured, 0.0 pedestrian_killed, Fair (Night), EDSA Pavilion, Highway Hills Mandaluyong",MMDA Road Safety Unit,,0f0aac60-c05f-41ce-b5d6-e3d9f24e365b,2016-01-06,13:00:00,EDSA SM Megamall Mandaluyong,0,0,0,0,0,0,0,0,0,0,2016-01-06 21:00,Property,14.5794983,121.052618,No Collision Stated
None,EDSA,None,None,"No Accident Factor, Side Swipe, 0.0 drivers_injured, 0.0 drivers_killed, 0.0 passengers_injured, 0.0 passengers_killed, 0.0 pedestrian_injured, 0.0 pedestrian_killed, Fair (Day), EDSA Cybergate Drive Mandaluyong",MMDA Road Safety Unit,,2f261a94-2eba-4db5-a2c3-426682357bee,2016-01-06,07:30:00,EDSA GO Hotel Mandaluyong,0,0,0,0,0,0,0,0,0,0,2016-01-06 15:30,Property,14.57065668,121.0466445,Side Swipe
None,EDSA,None,None,"No Accident Factor, Side Swipe, 0.0 drivers_injured, 0.0 drivers_killed, 0.0 passengers_injured, 0.0 passengers_killed, 0.0 pedestrian_injured, 0.0 pedestrian_killed, Fair (Day), EDSA Ortigas MRT Station, Wack-Wack Mandaluyong",MMDA Road Safety Unit,,bffbee9f-ca06-4502-810e-457f2e6e49a0,2016-01-05,07:25:00,EDSA Shaw Blvd. Mandaluyong,0,0,0,0,0,0,0,0,0,0,2016-01-05 15:25,Property,14.58789302,121.0566024,Side Swipe
None,EDSA,None,None,"No Accident Factor, Rear-end, 0.0 drivers_injured, 0.0 drivers_killed, 0.0 passengers_injured, 0.0 passengers_killed, 0.0 pedestrian_injured, 0.0 pedestrian_killed, Fair (Day), EDSA Polymedic (SB) Mandaluyong",MMDA Road Safety Unit,,6abb5ad7-1b1c-42fe-ac97-b88f2f210ff8,2016-01-04,23:30:00,EDSA Connecticut St. Mandaluyong,0,0,0,0,0,0,0,0,0,0,2016-01-05 7:30,Property,14.57678194,121.0502657,Rear-End
None,EDSA,None,None,"No Accident Factor, Side Swipe, 0.0 drivers_injured, 0.0 drivers_killed, 0.0 passengers_injured, 0.0 passengers_killed, 0.0 pedestrian_injured, 0.0 pedestrian_killed, Fair (Night), EDSA Sm Megamall Bldg.  Mandaluyong",MMDA Road Safety Unit,,90aa1e33-e8e3-439e-b4d2-2df0f8c63850,2016-01-04,13:30:00,EDSA Crossing Highway Hills  Mandaluyong,0,0,0,0,0,0,0,0,0,0,2016-01-04 21:30,Property,14.58501645,121.0558372,Side Swipe
None,EDSA,None,None,"No Accident Factor, No Collision Stated (based on Police Blotter Book), 0.0 drivers_injured, 0.0 drivers_killed, 0.0 passengers_injured, 0.0 passengers_killed, 0.0 pedestrian_injured, 0.0 pedestrian_killed, Fair (Night), EDSA SM Megamall (Bldg. B) Driveway, Wack-Wack Mandaluyong",MMDA Road Safety Unit,,eef21136-3bce-4a56-827f-c7bdd3cbbcb4,2016-01-04,10:50:00,"EDSA Light Mall, Highway Hills Mandaluyong",0,0,0,0,0,0,0,0,0,0,2016-01-04 18:50,Property,14.58501645,121.0558372,No Collision Stated
None,EDSA,None,None,"No Accident Factor, No Collision Stated (based on Police Blotter Book), 0.0 drivers_injured, 0.0 drivers_killed, 0.0 passengers_injured, 0.0 passengers_killed, 0.0 pedestrian_injured, 0.0 pedestrian_killed, Fair (Day), EDSA Shaw Blvd. Mandaluyong",MMDA Road Safety Unit,,59ac49ce-23b5-45ff-9884-272eb89dcc50,2016-01-04,08:50:00,EDSA Robinsons Forum Mandaluyong,0,0,0,0,0,0,0,0,0,0,2016-01-04 16:50,Property,14.58119822,121.0534578,No Collision Stated
None,EDSA,None,None,"No Accident Factor, Side Swipe, 0.0 drivers_injured, 0.0 drivers_killed, 0.0 passengers_injured, 0.0 passengers_killed, 0.0 pedestrian_injured, 0.0 pedestrian_killed, Fair (Day), EDSA Ortigas Ave. (WB) Mandaluyong",MMDA Road Safety Unit,,ab101479-678e-487c-854f-032ce5ab69f1,2016-01-04,07:55:00,EDSA Shaw Blvd. Mandaluyong,0,0,0,0,0,0,0,0,0,0,2016-01-04 15:55,Property,14.59327428,121.0582827,Side Swipe
None,EDSA,None,None,"No Accident Factor, Rear-end, 0.0 drivers_injured, 0.0 drivers_killed, 0.0 passengers_injured, 0.0 passengers_killed, 0.0 pedestrian_injured, 0.0 pedestrian_killed, Fair (Day), EDSA Pioneer St. (NB) Mandaluyong",MMDA Road Safety Unit,,766daebe-0a0e-40df-98f2-27917520af5e,2016-01-04,04:45:00,EDSA SM Megamall Bldg. A Mandaluyong,0,0,0,0,0,0,0,0,0,0,2016-01-04 12:45,Property,14.57236671,121.0472702,Rear-End
None,EDSA,None,None,"No Accident Factor, Side Swipe, 0.0 drivers_injured, 0.0 drivers_killed, 0.0 passengers_injured, 0.0 passengers_killed, 0.0 pedestrian_injured, 0.0 pedestrian_killed, Fair (Day), EDSA Shaw Blvd. Mandaluyong",MMDA Road Safety Unit,,71315d67-cf04-45d0-bcb4-ec159f1041e1,2016-01-02,02:00:00,"EDSA Guadix, Wack Wack Mandaluyong",0,0,0,0,0,0,0,0,0,0,2016-01-02 10:00,Property,14.58119822,121.0534578,Side Swipe
None,EDSA,None,None,"No Accident Factor, No Collision Stated (based on Police Blotter Book), 0.0 drivers_injured, 0.0 drivers_killed, 0.0 passengers_injured, 0.0 passengers_killed, 0.0 pedestrian_injured, 0.0 pedestrian_killed, Fair (Day), EDSA Go Hotel, Barangka Ilaya Mandaluyong",MMDA Road Safety Unit,,2957674c-0fb5-4d5e-a9ed-869c73a4a11d,2016-01-01,00:00:00,EDSA Boni Ave. Mandaluyong,0,0,0,0,0,0,0,0,0,0,2016-01-01 8:00,Property,14.57001193,121.0464575,No Collision Stated
None,EDSA,None,None,"No Accident Factor, No Collision Stated (based on Police Blotter Book), 0.0 drivers_injured, 0.0 drivers_killed, 0.0 passengers_injured, 0.0 passengers_killed, 0.0 pedestrian_injured, 0.0 pedestrian_killed, Fair (Day), EDSA Light Mall, Barangka Ilaya Mandaluyong",MMDA Road Safety Unit,,31fa0334-fc82-4afa-8b78-14780a9514e9,2015-12-28,08:00:00,EDSA SM Megamall Mandaluyong,0,0,0,0,0,0,0,0,0,0,2015-12-28 16:00,Property,14.57395349,121.0484543,No Collision Stated
None,EDSA,None,None,"No Accident Factor, No Collision Stated (based on Police Blotter Book), 0.0 drivers_injured, 0.0 drivers_killed, 0.0 passengers_injured, 0.0 passengers_killed, 0.0 pedestrian_injured, 0.0 pedestrian_killed, Fair (Day), EDSA Ortigas Ave. Mandaluyong",MMDA Road Safety Unit,,f1a506e8-1fe5-40a7-a077-936c1ea34ab6,2015-12-28,03:20:00,EDSA Pioneer St. Mandaluyong,0,0,0,0,0,0,0,0,0,0,2015-12-28 11:20,Property,14.59305232,121.0585643,No Collision Stated
None,EDSA,None,None,"No Accident Factor, No Collision Stated (based on Police Blotter Book), 0.0 drivers_injured, 0.0 drivers_killed, 0.0 passengers_injured, 0.0 passengers_killed, 0.0 pedestrian_injured, 0.0 pedestrian_killed, Fair (Night), EDSA Boni Ave. (MRT Station) Mandaluyong",MMDA Road Safety Unit,,ebe51800-4f64-43f6-bc8e-0ab31969f5f0,2015-12-27,10:45:00,EDSA United St. Mandaluyong,0,0,0,0,0,0,0,0,0,0,2015-12-27 18:45,Property,14.57249077,121.0472372,No Collision Stated
None,EDSA,None,None,"No Accident Factor, No Collision Stated (based on Police Blotter Book), 0.0 drivers_injured, 0.0 drivers_killed, 0.0 passengers_injured, 0.0 passengers_killed, 0.0 pedestrian_injured, 0.0 pedestrian_killed, Fair (Day), EDSA SM Megamall, Wack Wack Mandaluyong",MMDA Road Safety Unit,,21802365-bbcc-4121-8262-4796bbc6d246,2015-12-27,08:00:00,"EDSA Highway 54 Bldg., Wack-wack Mandaluyong",0,0,0,0,0,0,0,0,0,0,2015-12-27 16:00,Property,14.58501645,121.0558372,No Collision Stated
None,EDSA,None,None,"No Accident Factor, Rear-end, 0.0 drivers_injured, 0.0 drivers_killed, 0.0 passengers_injured, 0.0 passengers_killed, 0.0 pedestrian_injured, 0.0 pedestrian_killed, Fair (Day), EDSA SMDC, Highway Hills Mandaluyong",MMDA Road Safety Unit,,7166fe2d-9354-4bda-b28f-663106c177b7,2015-12-27,07:00:00,"EDSA Highway 54 Bldg., Wack-wack Mandaluyong",0,0,0,0,0,0,0,0,0,0,2015-12-27 15:00,Property,14.57496984,121.0491482,Rear-End
None,EDSA,None,None,"No Accident Factor, No Collision Stated (based on Police Blotter Book), 0.0 drivers_injured, 0.0 drivers_killed, 0.0 passengers_injured, 0.0 passengers_killed, 0.0 pedestrian_injured, 0.0 pedestrian_killed, Fair (Day), EDSA Ortigas Ave. Mandaluyong",MMDA Road Safety Unit,,a0c627c3-8a01-4e9f-adea-77b0f4f6030a,2015-12-27,05:15:00,EDSA Connecticut St. Mandaluyong,0,0,0,0,0,0,0,0,0,0,2015-12-27 13:15,Property,14.59305232,121.0585643,No Collision Stated
None,EDSA,None,None,"No Accident Factor, Angle Impact, 0.0 drivers_injured, 0.0 drivers_killed, 0.0 passengers_injured, 0.0 passengers_killed, 0.0 pedestrian_injured, 0.0 pedestrian_killed, Fair (Night), EDSA Megamall Mandaluyong",MMDA Road Safety Unit,,3bdc7984-a591-45f4-a3fa-808d469b0f54,2015-12-25,15:00:00,EDSA V.R. Potenciano Medical Center Mandaluyong,0,0,0,0,0,0,0,0,0,0,2015-12-25 23:00,Property,14.58519582,121.0559351,Angle Impact
None,EDSA,None,None,"No Accident Factor, Hit Object (No Object Stated), 0.0 drivers_injured, 0.0 drivers_killed, 0.0 passengers_injured, 0.0 passengers_killed, 0.0 pedestrian_injured, 0.0 pedestrian_killed, Fair (Night), EDSA Pioneer St. Mandaluyong",MMDA Road Safety Unit,,b863a320-c95a-4a95-afe9-5d805815f7df,2015-12-24,18:15:00,EDSA Boni Ave. (MRT Station) Mandaluyong,0,0,0,0,0,0,0,0,0,0,2015-12-25 2:15,Property,14.57236671,121.0472702,Hit Object
None,EDSA,None,None,"No Accident Factor, No Collision Stated (based on Police Blotter Book), 0.0 drivers_injured, 0.0 drivers_killed, 0.0 passengers_injured, 0.0 passengers_killed, 0.0 pedestrian_injured, 0.0 pedestrian_killed, Fair (Night), EDSA Barangka Drive Mandaluyong",MMDA Road Safety Unit,,9e35abf7-6de2-4b2b-9430-a273a0cdbd45,2015-12-23,11:45:00,EDSA Megamall Mandaluyong,0,0,0,0,0,0,0,0,0,0,2015-12-23 19:45,Property,14.57852617,121.0515355,No Collision Stated
None,EDSA,None,None,"No Accident Factor, No Collision Stated (based on Police Blotter Book), 0.0 drivers_injured, 0.0 drivers_killed, 0.0 passengers_injured, 0.0 passengers_killed, 0.0 pedestrian_injured, 0.0 pedestrian_killed, Fair (Day), EDSA Barangka Drive Mandaluyong",MMDA Road Safety Unit,,6c8d7d4a-52f2-4069-8089-1b0513666677,2015-12-23,07:45:00,EDSA Madison St. Mandaluyong,0,0,0,0,0,0,0,0,0,0,2015-12-23 15:45,Property,14.57852617,121.0515355,No Collision Stated
None,EDSA,None,None,"No Accident Factor, Angle Impact, 1.0 drivers_injured, 0.0 drivers_killed, 0.0 passengers_injured, 0.0 passengers_killed, 0.0 pedestrian_injured, 0.0 pedestrian_killed, Fair (Day), EDSA Ortigas Ave. Overpass Mandaluyong",MMDA Road Safety Unit,,c04d1a1a-66a2-4c60-bfe7-0bbed1521ca5,2015-12-23,06:00:00,EDSA Shaw Blvd. Mandaluyong,0,0,0,1,0,0,0,0,0,1,2015-12-23 14:00,Injury,14.59305232,121.0585643,Angle Impact