LOCATION_TEXT,ROAD,WEATHER,LIGHT,DESC,REPORTING_AGENCY,MAIN_CAUSE,INCIDENTDETAILS_ID,DATE_UTC,TIME_UTC,ADDRESS,killed_driver,killed_passenger,killed_pedestrian,injured_driver,injured_passenger,injured_pedestrian,killed_uncategorized,injured_uncategorized,killed_total,injured_total,DATETIME_PST,SEVERITY,Y,X,COLLISION_TYPE
None,EDSA,None,None,"No Accident Factor, Side Swipe, 0.0 drivers_injured, 0.0 drivers_killed, 0.0 passengers_injured, 0.0 passengers_killed, 0.0 pedestrian_injured, 0.0 pedestrian_killed, Fair (Night), EDSA Pavilion, Highway Hills Mandaluyong",MMDA Road Safety Unit,,862913a3-b6f8-4a95-8655-2a94e0094e0e,2015-12-22,15:00:00,EDSA Julia Vargas St. Mandaluyong,0,0,0,0,0,0,0,0,0,0,2015-12-22 23:00,Property,14.5794983,121.052618,Side Swipe
None,EDSA,None,None,"No Accident Factor, No Collision Stated (based on Police Blotter Book), 0.0 drivers_injured, 0.0 drivers_killed, 0.0 passengers_injured, 0.0 passengers_killed, 0.0 pedestrian_injured, 0.0 pedestrian_killed, Fair (Night), EDSA Ortigas MRT Station, Wack-Wack Mandaluyong",MMDA Road Safety Unit,,13a0878b-0e71-4957-8124-5279b88f7c0c,2015-12-22,11:30:00,"EDSA POEA, Wack Wack Mandaluyong",0,0,0,0,0,0,0,0,0,0,2015-12-22 19:30,Property,14.58789302,121.0566024,No Collision Stated
None,EDSA,None,None,"No Accident Factor, No Collision Stated (based on Police Blotter Book), 0.0 drivers_injured, 0.0 drivers_killed, 0.0 passengers_injured, 0.0 passengers_killed, 0.0 pedestrian_injured, 0.0 pedestrian_killed, Fair (Night), EDSA SM Megamall, Wack-Wack Mandaluyong",MMDA Road Safety Unit,,8814d7ba-1858-4deb-bae1-4e0052767875,2015-12-22,11:20:00,EDSA Guadalupe Bridge Mandaluyong,0,0,0,0,0,0,0,0,0,0,2015-12-22 19:20,Property,14.58501645,121.0558372,No Collision Stated
None,EDSA,None,None,"No Accident Factor, Multiple Collision, 0.0 drivers_injured, 0.0 drivers_killed, 0.0 passengers_injured, 0.0 passengers_killed, 0.0 pedestrian_injured, 0.0 pedestrian_killed, Fair (Day), EDSA Madison St. Mandaluyong",MMDA Road Safety Unit,,17964d0e-2fae-4de6-b409-8550801a7cbe,2015-12-22,04:30:00,EDSA Megamall Mandaluyong,0,0,0,0,0,0,0,0,0,0,2015-12-22 12:30,Property,14.57464299,121.0489046,Multiple
None,EDSA,None,None,"No Accident Factor, Side Swipe, 0.0 drivers_injured, 0.0 drivers_killed, 0.0 passengers_injured, 0.0 passengers_killed, 0.0 pedestrian_injured, 0.0 pedestrian_killed, Fair (Day), EDSA Boni Ave. Mandaluyong",MMDA Road Safety Unit,,f0964da0-9415-4254-96da-2a05c9f22f8a,2015-12-22,03:00:00,EDSA Transcom Mandaluyong,0,0,0,0,0,0,0,0,0,0,2015-12-22 11:00,Property,14.57242918,121.0471629,Side Swipe
None,EDSA,None,None,"No Accident Factor, Angle Impact, 0.0 drivers_injured, 0.0 drivers_killed, 0.0 passengers_injured, 0.0 passengers_killed, 0.0 pedestrian_injured, 0.0 pedestrian_killed, Fair (Night), EDSA United St.  Mandaluyong",MMDA Road Safety Unit,,92c28772-45ed-4d91-a48f-bb7ffe27bba6,2015-12-21,17:15:00,EDSA SMDC Mandaluyong,0,0,0,0,0,0,0,0,0,0,2015-12-22 1:15,Property,14.57931229,121.0523819,Angle Impact
None,EDSA,None,None,"No Accident Factor, No Collision Stated (based on Police Blotter Book), 1.0 drivers_injured, 0.0 drivers_killed, 0.0 passengers_injured, 0.0 passengers_killed, 0.0 pedestrian_injured, 0.0 pedestrian_killed, Fair (Night), EDSA Pioneer St. Mandaluyong",MMDA Road Safety Unit,,0ba256ed-e84a-4a62-a15d-23bf988e07ac,2015-12-20,19:25:00,EDSA Shaw Blvd. Mandaluyong,0,0,0,1,0,0,0,0,0,1,2015-12-21 3:25,Injury,14.57236671,121.0472702,No Collision Stated
None,EDSA,None,None,"No Accident Factor, No Collision Stated (based on Police Blotter Book), 0.0 drivers_injured, 0.0 drivers_killed, 0.0 passengers_injured, 0.0 passengers_killed, 0.0 pedestrian_injured, 0.0 pedestrian_killed, Fair (Day), EDSA Starmall, Wack-Wack Mandaluyong",MMDA Road Safety Unit,,4c77e917-0470-4918-aead-0838e6aba588,2015-12-20,07:30:00,"EDSA AMA Tower, Wack Wack Mandaluyong",0,0,0,0,0,0,0,0,0,0,2015-12-20 15:30,Property,14.58198795,121.0540368,No Collision Stated
None,EDSA,None,None,"No Accident Factor, No Collision Stated (based on Police Blotter Book), 0.0 drivers_injured, 0.0 drivers_killed, 0.0 passengers_injured, 0.0 passengers_killed, 0.0 pedestrian_injured, 0.0 pedestrian_killed, Fair (Day), EDSA Ortigas Ave. (POEA, Wack-Wack) Mandaluyong",MMDA Road Safety Unit,,bd8fd05c-7651-4c62-8f25-ec0e666394ae,2015-12-20,01:30:00,EDSA Lions Road Mandaluyong,0,0,0,0,0,0,0,0,0,0,2015-12-20 9:30,Property,14.5931221,121.0583126,No Collision Stated
None,EDSA,None,None,"No Accident Factor, Multiple Collision, 0.0 drivers_injured, 0.0 drivers_killed, 0.0 passengers_injured, 0.0 passengers_killed, 0.0 pedestrian_injured, 0.0 pedestrian_killed, Fair (Night), EDSA Lions Road Mandaluyong",MMDA Road Safety Unit,,8283e423-fad4-46ca-a0c2-c8d0c7ea5242,2015-12-19,17:55:00,EDSA Cybergate Road Mandaluyong,0,0,0,0,0,0,0,0,0,0,2015-12-20 1:55,Property,14.56999727,121.0462587,Multiple
None,EDSA,None,None,"No Accident Factor, Self-Accident, 0.0 drivers_injured, 0.0 drivers_killed, 0.0 passengers_injured, 0.0 passengers_killed, 0.0 pedestrian_injured, 0.0 pedestrian_killed, Fair (Night), EDSA Kamayan Restaurant  Mandaluyong",MMDA Road Safety Unit,,35ff8419-3944-4b0a-af80-b606707bfaef,2015-12-19,16:20:00,EDSA United St. Mandaluyong,0,0,0,0,0,0,0,0,0,0,2015-12-20 0:20,Property,14.59812072,121.0596135,Self-Accident
None,EDSA,None,None,"No Accident Factor, Side Swipe, 0.0 drivers_injured, 0.0 drivers_killed, 0.0 passengers_injured, 0.0 passengers_killed, 0.0 pedestrian_injured, 0.0 pedestrian_killed, Fair (Day), EDSA Shell Gas Station, Wack-Wack Mandaluyong",MMDA Road Safety Unit,,ec0c9719-5d20-4daa-a936-e6f704bacb38,2015-12-19,09:00:00,EDSA Ortigas Ave. Mandaluyong,0,0,0,0,0,0,0,0,0,0,2015-12-19 17:00,Property,14.59925642,121.0596191,Side Swipe
None,EDSA,None,None,"No Accident Factor, No Collision Stated (based on Police Blotter Book), 0.0 drivers_injured, 0.0 drivers_killed, 0.0 passengers_injured, 0.0 passengers_killed, 0.0 pedestrian_injured, 0.0 pedestrian_killed, Fair (Day), EDSA Go Hotel, Barangka Ilaya Mandaluyong",MMDA Road Safety Unit,,64493c38-fbe5-4d15-a745-d9b0cd101652,2015-12-18,08:30:00,EDSA Starmall Mandaluyong,0,0,0,0,0,0,0,0,0,0,2015-12-18 16:30,Property,14.57001193,121.0464575,No Collision Stated
None,EDSA,None,None,"No Accident Factor, No Collision Stated (based on Police Blotter Book), 0.0 drivers_injured, 0.0 drivers_killed, 0.0 passengers_injured, 0.0 passengers_killed, 0.0 pedestrian_injured, 0.0 pedestrian_killed, Fair (Night), EDSA Shaw Blvd. Mandaluyong",MMDA Road Safety Unit,,964e905d-271a-4f08-9d0b-31f6edd0aa12,2015-12-17,14:55:00,EDSA United St. Mandaluyong,0,0,0,0,0,0,0,0,0,0,2015-12-17 22:55,Property,14.58119822,121.0534578,No Collision Stated
None,EDSA,None,None,"No Accident Factor, Multiple Collision, 0.0 drivers_injured, 0.0 drivers_killed, 0.0 passengers_injured, 0.0 passengers_killed, 0.0 pedestrian_injured, 0.0 pedestrian_killed, Fair (Day), EDSA Shaw Blvd. Mandaluyong",MMDA Road Safety Unit,,3899193d-02c6-435f-8ba8-fec3a81ede08,2015-12-16,07:00:00,EDSA Megamall  Mandaluyong,0,0,0,0,0,0,0,0,0,0,2015-12-16 15:00,Property,14.58119822,121.0534578,Multiple
None,EDSA,None,None,"No Accident Factor, No Collision Stated (based on Police Blotter Book), 0.0 drivers_injured, 0.0 drivers_killed, 0.0 passengers_injured, 0.0 passengers_killed, 0.0 pedestrian_injured, 0.0 pedestrian_killed, Fair (Day), EDSA D. M. Guevarra St.  Mandaluyong",MMDA Road Safety Unit,,5e13830e-178d-4b4d-8d74-b0ae79a9a464,2015-12-16,06:00:00,"EDSA Starmall Driveway, Wack-Wack Mandaluyong",0,0,0,0,0,0,0,0,0,0,2015-12-16 14:00,Property,14.57864789,121.0515591,No Collision Stated
None,EDSA,None,None,"No Accident Factor, Side Swipe, 0.0 drivers_injured, 0.0 drivers_killed, 0.0 passengers_injured, 0.0 passengers_killed, 0.0 pedestrian_injured, 0.0 pedestrian_killed, Fair (Day), EDSA Shaw Blvd. Mandaluyong",MMDA Road Safety Unit,,5aaacef2-91a9-40fa-92e2-5df135c04727,2015-12-16,02:20:00,EDSA Shaw Blvd. Mandaluyong,0,0,0,0,0,0,0,0,0,0,2015-12-16 10:20,Property,14.58119822,121.0534578,Side Swipe
None,EDSA,None,None,"No Accident Factor, Rear-end, 0.0 drivers_injured, 0.0 drivers_killed, 0.0 passengers_injured, 0.0 passengers_killed, 0.0 pedestrian_injured, 0.0 pedestrian_killed, Fair (Day), EDSA Shaw Blvd. Mandaluyong",MMDA Road Safety Unit,,b76e5bda-d099-43ad-b03f-c75b9129a089,2015-12-16,00:30:00,EDSA Pavillion  Mandaluyong,0,0,0,0,0,0,0,0,0,0,2015-12-16 8:30,Property,14.58119822,121.0534578,Rear-End
None,EDSA,None,None,"No Accident Factor, No Collision Stated (based on Police Blotter Book), 0.0 drivers_injured, 0.0 drivers_killed, 0.0 passengers_injured, 0.0 passengers_killed, 0.0 pedestrian_injured, 0.0 pedestrian_killed, Fair (Night), EDSA GO Hotel, Buayang Bato Mandaluyong",MMDA Road Safety Unit,,b9fffa91-9557-49c0-a6d8-c817502646af,2015-12-15,19:00:00,"EDSA Highway 54 Bldg., Wack-wack Mandaluyong",0,0,0,0,0,0,0,0,0,0,2015-12-16 3:00,Property,14.57001193,121.0464575,No Collision Stated
None,EDSA,None,None,"No Accident Factor, No Collision Stated (based on Police Blotter Book), 0.0 drivers_injured, 0.0 drivers_killed, 0.0 passengers_injured, 0.0 passengers_killed, 0.0 pedestrian_injured, 0.0 pedestrian_killed, Fair (Night), EDSA Pavilion, Highway Hills Mandaluyong",MMDA Road Safety Unit,,34e15ce1-7fe9-468a-9dd3-a4687628c5de,2015-12-15,18:15:00,"EDSA Highway 54 Bldg., Wack-wack Mandaluyong",0,0,0,0,0,0,0,0,0,0,2015-12-16 2:15,Property,14.5794983,121.052618,No Collision Stated
None,EDSA,None,None,"No Accident Factor, Angle Impact, 0.0 drivers_injured, 0.0 drivers_killed, 0.0 passengers_injured, 0.0 passengers_killed, 0.0 pedestrian_injured, 0.0 pedestrian_killed, Fair (Night), EDSA Shaw Blvd. Mandaluyong",MMDA Road Safety Unit,,6ca28f53-57d4-41fd-a31a-db84ff28233c,2015-12-15,12:15:00,EDSA Pioneer St. Mandaluyong,0,0,0,0,0,0,0,0,0,0,2015-12-15 20:15,Property,14.58119822,121.0534578,Angle Impact
None,EDSA,None,None,"No Accident Factor, No Collision Stated (based on Police Blotter Book), 0.0 drivers_injured, 0.0 drivers_killed, 0.0 passengers_injured, 0.0 passengers_killed, 0.0 pedestrian_injured, 0.0 pedestrian_killed, Fair (Night), EDSA United St.  Mandaluyong",MMDA Road Safety Unit,,4b4f9b6f-2555-49e0-b339-f1dbb01228dc,2015-12-15,12:05:00,"EDSA V. R. P. Medical Center Parking Area, Malamig Mandaluyong",0,0,0,0,0,0,0,0,0,0,2015-12-15 20:05,Property,14.57931229,121.0523819,No Collision Stated
None,EDSA,None,None,"No Accident Factor, No Collision Stated (based on Police Blotter Book), 0.0 drivers_injured, 0.0 drivers_killed, 0.0 passengers_injured, 0.0 passengers_killed, 0.0 pedestrian_injured, 0.0 pedestrian_killed, Fair (Night), EDSA SM Megamall, Wack-Wack Mandaluyong",MMDA Road Safety Unit,,3334f5fc-d0be-413b-bdc4-76d0abf47bc6,2015-12-15,12:00:00,"EDSA Starmall, Wack-Wack Mandaluyong",0,0,0,0,0,0,0,0,0,0,2015-12-15 20:00,Property,14.58501645,121.0558372,No Collision Stated
None,EDSA,None,None,"No Accident Factor, No Collision Stated (based on Police Blotter Book), 0.0 drivers_injured, 0.0 drivers_killed, 0.0 passengers_injured, 0.0 passengers_killed, 0.0 pedestrian_injured, 0.0 pedestrian_killed, Fair (Night), EDSA Boni Ave. Mandaluyong",MMDA Road Safety Unit,,8b9ad954-4737-4d05-895f-657fb7773eba,2015-12-15,11:50:00,EDSA SM Megamall Mandaluyong,0,0,0,0,0,0,0,0,0,0,2015-12-15 19:50,Property,14.57242918,121.0471629,No Collision Stated
None,EDSA,None,None,"No Accident Factor, Multiple Collision, 0.0 drivers_injured, 0.0 drivers_killed, 0.0 passengers_injured, 0.0 passengers_killed, 0.0 pedestrian_injured, 0.0 pedestrian_killed, Fair (Day), EDSA Libertad St.  Mandaluyong",MMDA Road Safety Unit,,2c26a650-c308-4071-8227-aa3323abdc39,2015-12-15,09:00:00,EDSA Florida St.  Mandaluyong,0,0,0,0,0,0,0,0,0,0,2015-12-15 17:00,Property,14.57859094,121.0516172,Multiple
None,EDSA,None,None,"No Accident Factor, Rear-end, 0.0 drivers_injured, 0.0 drivers_killed, 0.0 passengers_injured, 0.0 passengers_killed, 0.0 pedestrian_injured, 0.0 pedestrian_killed, Fair (Day), EDSA Robinsons Forum Mandaluyong",MMDA Road Safety Unit,,01600468-a2b9-489f-92ae-fb394095d3de,2015-12-15,06:15:00,"EDSA Pioneer St. (Robinsons Forum), Ilaya  Mandaluyong",0,0,0,0,0,0,0,0,0,0,2015-12-15 14:15,Property,14.57182388,121.0470705,Rear-End
None,EDSA,None,None,"No Accident Factor, No Collision Stated (based on Police Blotter Book), 0.0 drivers_injured, 0.0 drivers_killed, 0.0 passengers_injured, 0.0 passengers_killed, 0.0 pedestrian_injured, 0.0 pedestrian_killed, Fair (Day), EDSA Shaw Blvd. Mandaluyong",MMDA Road Safety Unit,,a1309043-0584-4240-b83d-e5df4d359e8a,2015-12-15,04:00:00,"EDSA RICOA Compound, Highway Hills Mandaluyong",0,0,0,0,0,0,0,0,0,0,2015-12-15 12:00,Property,14.58119822,121.0534578,No Collision Stated
None,EDSA,None,None,"No Accident Factor, Rear-end, 0.0 drivers_injured, 0.0 drivers_killed, 0.0 passengers_injured, 0.0 passengers_killed, 0.0 pedestrian_injured, 0.0 pedestrian_killed, Fair (Day), EDSA Phillippines Overseas Employment Agency (POEA), Wack-Wack  Mandaluyong",MMDA Road Safety Unit,,67e1b048-e03c-4e74-8dc3-ed8cf8a5e428,2015-12-15,00:25:00,"EDSA SMDC Bldg., Highway Hills Mandaluyong",0,0,0,0,0,0,0,0,0,0,2015-12-15 8:25,Property,14.5930243,121.0581453,Rear-End
None,EDSA,None,None,"No Accident Factor, Side Swipe, 0.0 drivers_injured, 0.0 drivers_killed, 0.0 passengers_injured, 0.0 passengers_killed, 0.0 pedestrian_injured, 0.0 pedestrian_killed, Fair (Day), EDSA Rochester St.  Mandaluyong",MMDA Road Safety Unit,,03574d0d-1099-45dc-a4b6-d5f00e0ca270,2015-12-15,00:25:00,"EDSA SM Megamall, Wack-Wack Mandaluyong",0,0,0,0,0,0,0,0,0,0,2015-12-15 8:25,Property,14.597563,121.0595941,Side Swipe
None,EDSA,None,None,"No Accident Factor, No Collision Stated (based on Police Blotter Book), 0.0 drivers_injured, 0.0 drivers_killed, 0.0 passengers_injured, 0.0 passengers_killed, 0.0 pedestrian_injured, 0.0 pedestrian_killed, Fair (Night), EDSA Philippines Overseas Employment Agency (POEA), Wack-Wack Mandaluyong",MMDA Road Safety Unit,,53211722-e4ac-4321-8624-66fc7a85c3d9,2015-12-14,14:00:00,EDSA Barangka Drive Mandaluyong,0,0,0,0,0,0,0,0,0,0,2015-12-14 22:00,Injury,14.5930243,121.0581453,No Collision Stated
None,EDSA,None,None,"No Accident Factor, No Collision Stated (based on Police Blotter Book), 0.0 drivers_injured, 0.0 drivers_killed, 0.0 passengers_injured, 0.0 passengers_killed, 0.0 pedestrian_injured, 0.0 pedestrian_killed, Fair (Day), EDSA Highway 54 Bldg., Wack-wack Mandaluyong",MMDA Road Safety Unit,,72ec611f-6155-4533-b8ea-584153646fc7,2015-12-14,08:00:00,"EDSA Starmall, Wack-Wack Mandaluyong",0,0,0,0,0,0,0,0,0,0,2015-12-14 16:00,Injury,14.58500097,121.0556243,No Collision Stated
None,EDSA,None,None,"No Accident Factor, No Collision Stated (based on Police Blotter Book), 0.0 drivers_injured, 0.0 drivers_killed, 0.0 passengers_injured, 0.0 passengers_killed, 0.0 pedestrian_injured, 0.0 pedestrian_killed, Fair (Night), EDSA Shaw Blvd. (Shangrila Plaza, Wack-Wack) Mandaluyong",MMDA Road Safety Unit,,43e67ea4-412c-448c-8a7c-eed131f09b11,2015-12-13,10:00:00,EDSA Ortigas Ave. Mandaluyong,0,0,0,0,0,0,0,0,0,0,2015-12-13 18:00,Property,14.58119822,121.0534578,No Collision Stated
None,EDSA,None,None,"No Accident Factor, No Collision Stated (based on Police Blotter Book), 0.0 drivers_injured, 0.0 drivers_killed, 0.0 passengers_injured, 0.0 passengers_killed, 0.0 pedestrian_injured, 0.0 pedestrian_killed, Fair (Day), EDSA Pinatubo St.  Mandaluyong",MMDA Road Safety Unit,,c49c6c88-d533-4e5d-a1e1-fc1afe7fb457,2015-12-13,02:00:00,"EDSA SM Megamall, Wack-Wack  Mandaluyong",0,0,0,0,0,0,0,0,0,0,2015-12-13 10:00,Property,14.57321369,121.0476439,No Collision Stated
None,EDSA,None,None,"No Accident Factor, No Collision Stated (based on Police Blotter Book), 0.0 drivers_injured, 0.0 drivers_killed, 0.0 passengers_injured, 0.0 passengers_killed, 0.0 pedestrian_injured, 0.0 pedestrian_killed, Fair (Night), EDSA Pinatubo St.  Mandaluyong",MMDA Road Safety Unit,,d73fce4c-0dfe-4231-a352-5bc7103a9573,2015-12-12,21:05:00,"EDSA Shangri-La Plaza, Wack-Wack  Mandaluyong",0,0,0,0,0,0,0,0,0,0,2015-12-13 5:05,Property,14.57321369,121.0476439,No Collision Stated
None,EDSA,None,None,"No Accident Factor, No Collision Stated (based on Police Blotter Book), 0.0 drivers_injured, 0.0 drivers_killed, 0.0 passengers_injured, 0.0 passengers_killed, 0.0 pedestrian_injured, 0.0 pedestrian_killed, Fair (Night), EDSA Robinsons Forum, Barangka Ilaya Mandaluyong",MMDA Road Safety Unit,,5b8e035d-cf83-4a8b-8b1a-77a33ea82d7f,2015-12-11,21:15:00,"EDSA Teleperformance, Highway Hills Mandaluyong",0,0,0,0,0,0,0,0,0,0,2015-12-12 5:15,Property,14.57182388,121.0470705,No Collision Stated
None,EDSA,None,None,"No Accident Factor, Side Swipe, 0.0 drivers_injured, 0.0 drivers_killed, 0.0 passengers_injured, 0.0 passengers_killed, 0.0 pedestrian_injured, 0.0 pedestrian_killed, Fair (Night), EDSA Highway 54 Bldg., Wack-wack Mandaluyong",MMDA Road Safety Unit,,a680fd41-5d8f-4306-ae36-1dc8b3f42cc6,2015-12-11,15:00:00,"EDSA Central, Highway Hills Mandaluyong",0,0,0,0,0,0,0,0,0,0,2015-12-11 23:00,Property,14.58500097,121.0556243,Side Swipe
None,EDSA,None,None,"No Accident Factor, Side Swipe, 0.0 drivers_injured, 0.0 drivers_killed, 0.0 passengers_injured, 0.0 passengers_killed, 0.0 pedestrian_injured, 0.0 pedestrian_killed, Fair (Night), EDSA Reliance St.  Mandaluyong",MMDA Road Safety Unit,,840b20ea-7d3c-4799-80c3-fc4bf768117e,2015-12-11,15:00:00,"EDSA SM Megamall, Wack-Wack Mandaluyong",0,0,0,0,0,0,0,0,0,0,2015-12-11 23:00,Property,14.57669064,121.0504494,Side Swipe
None,EDSA,None,None,"No Accident Factor, Rear-end, 0.0 drivers_injured, 0.0 drivers_killed, 0.0 passengers_injured, 0.0 passengers_killed, 0.0 pedestrian_injured, 0.0 pedestrian_killed, Fair (Night), EDSA GO Hotel Mandaluyong",MMDA Road Safety Unit,,960c2613-ddaf-4db4-b980-20cf36334b20,2015-12-11,14:00:00,"EDSA Highway 54 Bldg., Wack-wack Mandaluyong",0,0,0,0,0,0,0,0,0,0,2015-12-11 22:00,Property,14.57001193,121.0464575,Rear-End
None,EDSA,None,None,"No Accident Factor, Rear-end, 0.0 drivers_injured, 0.0 drivers_killed, 0.0 passengers_injured, 0.0 passengers_killed, 0.0 pedestrian_injured, 0.0 pedestrian_killed, Fair (Night), EDSA Shaw Blvd. Mandaluyong",MMDA Road Safety Unit,,cb08d2d4-e4d9-4d9b-a40f-0e5965d17410,2015-12-10,16:30:00,EDSA SM Megamall Mandaluyong,0,0,0,0,0,0,0,0,0,0,2015-12-11 0:30,Property,14.58119822,121.0534578,Rear-End
None,EDSA,None,None,"No Accident Factor, No Collision Stated (based on Police Blotter Book), 0.0 drivers_injured, 0.0 drivers_killed, 0.0 passengers_injured, 0.0 passengers_killed, 0.0 pedestrian_injured, 0.0 pedestrian_killed, Fair (Night), EDSA V. R. P. Medical Center, Highway Hills Mandaluyong",MMDA Road Safety Unit,,44fac4e8-e384-42c6-8689-32881cedda75,2015-12-10,14:30:00,EDSA SM Megamall Mandaluyong,0,0,0,0,0,0,0,0,0,0,2015-12-10 22:30,Property,14.57684342,121.0502966,No Collision Stated
None,EDSA,None,None,"No Accident Factor, Rear-end, 0.0 drivers_injured, 0.0 drivers_killed, 0.0 passengers_injured, 0.0 passengers_killed, 0.0 pedestrian_injured, 0.0 pedestrian_killed, Fair (Day), EDSA SM Megamall, Wack-Wack Mandaluyong",MMDA Road Safety Unit,,040a15df-8c11-420d-a114-0cab1b57da6c,2015-12-10,09:45:00,EDSA D. M. Guevarra St.  Mandaluyong,0,0,0,0,0,0,0,0,0,0,2015-12-10 17:45,Property,14.58501645,121.0558372,Rear-End
None,EDSA,None,None,"No Accident Factor, Side Swipe, 0.0 drivers_injured, 0.0 drivers_killed, 0.0 passengers_injured, 0.0 passengers_killed, 0.0 pedestrian_injured, 0.0 pedestrian_killed, Fair (Day), EDSA Boni MRT Station, Barangka Ilaya Mandaluyong",MMDA Road Safety Unit,,072472c3-e072-4756-8323-265acc7455f4,2015-12-10,05:00:00,EDSA Ortigas Ave. (NB) Mandaluyong,0,0,0,0,0,0,0,0,0,0,2015-12-10 13:00,Property,14.57372098,121.0479555,Side Swipe
None,EDSA,None,None,"No Accident Factor, Side Swipe, 0.0 drivers_injured, 0.0 drivers_killed, 0.0 passengers_injured, 0.0 passengers_killed, 0.0 pedestrian_injured, 0.0 pedestrian_killed, Fair (Day), EDSA Boni Ave. Mandaluyong",MMDA Road Safety Unit,,fa4cbedf-a22e-4e96-a098-eff067294b0d,2015-12-10,03:30:00,"EDSA Highway 54 Bldg., Wack-wack Mandaluyong",0,0,0,0,0,0,0,0,0,0,2015-12-10 11:30,Property,14.57242918,121.0471629,Side Swipe
None,EDSA,None,None,"No Accident Factor, Multiple Collision, 0.0 drivers_injured, 0.0 drivers_killed, 0.0 passengers_injured, 0.0 passengers_killed, 0.0 pedestrian_injured, 0.0 pedestrian_killed, Fair (Night), EDSA Lions Road Mandaluyong",MMDA Road Safety Unit,,69ec1d33-fa62-47be-b82f-2a3d7365572d,2015-12-09,13:45:00,EDSA Guadix (NB) Mandaluyong,0,0,0,0,0,0,0,0,0,0,2015-12-09 21:45,Property,14.56999727,121.0462587,Multiple
None,EDSA,None,None,"No Accident Factor, No Collision Stated (based on Police Blotter Book), 0.0 drivers_injured, 0.0 drivers_killed, 0.0 passengers_injured, 0.0 passengers_killed, 0.0 pedestrian_injured, 0.0 pedestrian_killed, Fair (Night), EDSA Guadix Drive Mandaluyong",MMDA Road Safety Unit,,c8d28cab-5b74-491e-a3e0-285df757d4e6,2015-12-09,13:15:00,"EDSA Highway 54 Bldg., Wack-wack Mandaluyong",0,0,0,0,0,0,0,0,0,0,2015-12-09 21:15,Property,14.58948577,121.0573946,No Collision Stated
None,EDSA,None,None,"No Accident Factor, No Collision Stated (based on Police Blotter Book), 0.0 drivers_injured, 0.0 drivers_killed, 0.0 passengers_injured, 0.0 passengers_killed, 0.0 pedestrian_injured, 0.0 pedestrian_killed, Fair (Night), EDSA Shaw Blvd. Mandaluyong",MMDA Road Safety Unit,,e5ab15ef-dcd3-44ae-b05c-a76359395b2b,2015-12-08,19:45:00,EDSA Boni Ave. / Pinatubo St.  Mandaluyong,0,0,0,0,0,0,0,0,0,0,2015-12-09 3:45,Property,14.58119822,121.0534578,No Collision Stated
None,EDSA,None,None,"No Accident Factor, Hit and Run (No Collision Stated), 0.0 drivers_injured, 0.0 drivers_killed, 0.0 passengers_injured, 0.0 passengers_killed, 0.0 pedestrian_injured, 0.0 pedestrian_killed, Fair (Night), EDSA Boni Ave. Mandaluyong",MMDA Road Safety Unit,,9e98637b-73d1-4174-ad2e-d7dd7f2dd464,2015-12-08,15:00:00,"EDSA ""U"" turn slot, Ortigas Ave. (POEA), Wack-Wack Mandaluyong",0,0,0,0,0,0,0,0,0,0,2015-12-08 23:00,Property,14.57242918,121.0471629,No Collision Stated
None,EDSA,None,None,"No Accident Factor, Hit Parked Vehicle, 0.0 drivers_injured, 0.0 drivers_killed, 0.0 passengers_injured, 0.0 passengers_killed, 0.0 pedestrian_injured, 0.0 pedestrian_killed, Fair (Night), EDSA Shaw Blvd. Mandaluyong",MMDA Road Safety Unit,,4a671bf7-a34c-41d0-bd29-be246d1bbc8a,2015-12-08,11:35:00,"EDSA ""U"" turn slot, Ortigas Ave. (NB) Mandaluyong",0,0,0,0,0,0,0,0,0,0,2015-12-08 19:35,Property,14.58119822,121.0534578,Hit Object
None,EDSA,None,None,"No Accident Factor, No Collision Stated (based on Police Blotter Book), 0.0 drivers_injured, 0.0 drivers_killed, 0.0 passengers_injured, 0.0 passengers_killed, 0.0 pedestrian_injured, 0.0 pedestrian_killed, Fair (Day), EDSA Guadix Drive Mandaluyong",MMDA Road Safety Unit,,693ecd11-7c05-4d32-a89c-60bca5512f49,2015-12-08,06:35:00,"EDSA Robinsons Forum, Ilaya Mandaluyong",0,0,0,0,0,0,0,0,0,0,2015-12-08 14:35,Property,14.58948577,121.0573946,No Collision Stated
None,EDSA,None,None,"No Accident Factor, No Collision Stated (based on Police Blotter Book), 0.0 drivers_injured, 0.0 drivers_killed, 0.0 passengers_injured, 0.0 passengers_killed, 0.0 pedestrian_injured, 0.0 pedestrian_killed, Fair (Day), EDSA Guadix Drive Mandaluyong",MMDA Road Safety Unit,,7da4b1a7-498a-4d0c-830b-2fcae5d5e6da,2015-12-08,03:00:00,"EDSA Boni MRT Station, Malamig Mandaluyong",0,0,0,0,0,0,0,0,0,0,2015-12-08 11:00,Property,14.58948577,121.0573946,No Collision Stated
None,EDSA,None,None,"No Accident Factor, Rear-end, 0.0 drivers_injured, 0.0 drivers_killed, 0.0 passengers_injured, 0.0 passengers_killed, 0.0 pedestrian_injured, 0.0 pedestrian_killed, Fair (Day), EDSA Shaw Blvd. Mandaluyong",MMDA Road Safety Unit,,c2a3bc39-51c6-44ec-a569-d03f73e8dc09,2015-12-08,02:00:00,EDSA Shaw Blvd. Mandaluyong,0,0,0,0,0,0,0,0,0,0,2015-12-08 10:00,Property,14.58119822,121.0534578,Rear-End