LOCATION_TEXT,ROAD,WEATHER,LIGHT,DESC,REPORTING_AGENCY,MAIN_CAUSE,INCIDENTDETAILS_ID,DATE_UTC,TIME_UTC,ADDRESS,killed_driver,killed_passenger,killed_pedestrian,injured_driver,injured_passenger,injured_pedestrian,killed_uncategorized,injured_uncategorized,killed_total,injured_total,DATETIME_PST,SEVERITY,Y,X,COLLISION_TYPE
None,EDSA,None,None,"No Accident Factor, No Collision Stated (based on Police Blotter Book), 0.0 drivers_injured, 0.0 drivers_killed, 0.0 passengers_injured, 0.0 passengers_killed, 0.0 pedestrian_injured, 0.0 pedestrian_killed, Fair (Day), EDSA Pinatubo St.  Mandaluyong",MMDA Road Safety Unit,,3465e231-a71e-4e2e-9300-d3353da87221,2015-12-07,22:30:00,"EDSA SM Megamall, Wack-Wack Mandaluyong",0,0,0,0,0,0,0,0,0,0,2015-12-08 6:30,Property,14.57321369,121.0476439,No Collision Stated
None,EDSA,None,None,"No Accident Factor, No Collision Stated (based on Police Blotter Book), 0.0 drivers_injured, 0.0 drivers_killed, 0.0 passengers_injured, 0.0 passengers_killed, 0.0 pedestrian_injured, 0.0 pedestrian_killed, Fair (Night), EDSA Starmall, Wack-Wack Mandaluyong",MMDA Road Safety Unit,,a29fb30f-de74-4930-bb03-a17b06acc306,2015-12-07,12:20:00,"EDSA Boni Ave. (Robinsons Forum, Barangka Ilaya)  Mandaluyong",0,0,0,0,0,0,0,0,0,0,2015-12-07 20:20,Property,14.58198795,121.0540368,No Collision Stated
None,EDSA,None,None,"No Accident Factor, No Collision Stated (based on Police Blotter Book), 0.0 drivers_injured, 0.0 drivers_killed, 0.0 passengers_injured, 0.0 passengers_killed, 0.0 pedestrian_injured, 0.0 pedestrian_killed, Fair (Day), EDSA Starmall, Wack-Wack Mandaluyong",MMDA Road Safety Unit,,a9c94b39-2d8c-44c1-941f-ca6d08a3515a,2015-12-07,07:45:00,EDSA SM Megamall Bldg. A Driveway Mandaluyong,0,0,0,0,0,0,0,0,0,0,2015-12-07 15:45,Property,14.58198795,121.0540368,No Collision Stated
None,EDSA,None,None,"No Accident Factor, No Collision Stated (based on Police Blotter Book), 0.0 drivers_injured, 0.0 drivers_killed, 0.0 passengers_injured, 0.0 passengers_killed, 0.0 pedestrian_injured, 0.0 pedestrian_killed, Fair (Day), EDSA Shaw Blvd. Mandaluyong",MMDA Road Safety Unit,,f1a0e6f8-03c2-4399-89fb-023c902c86fb,2015-12-07,01:30:00,EDSA Robinsons Pionner Mandaluyong,0,0,0,0,0,0,0,0,0,0,2015-12-07 9:30,Property,14.58119822,121.0534578,No Collision Stated
None,EDSA,None,None,"No Accident Factor, No Collision Stated (based on Police Blotter Book), 0.0 drivers_injured, 0.0 drivers_killed, 0.0 passengers_injured, 0.0 passengers_killed, 0.0 pedestrian_injured, 0.0 pedestrian_killed, Fair (Night), EDSA Shell Gas Station, Highway Hills Mandaluyong",MMDA Road Safety Unit,,63cb156b-2525-49ca-97fa-21f9fb04fd65,2015-12-06,21:00:00,"EDSA Highway 54 Bldg., Wack-wack Mandaluyong",0,0,0,0,0,0,0,0,0,0,2015-12-07 5:00,Property,14.57692814,121.0503406,No Collision Stated
None,EDSA,None,None,"No Accident Factor, No Collision Stated (based on Police Blotter Book), 0.0 drivers_injured, 0.0 drivers_killed, 0.0 passengers_injured, 0.0 passengers_killed, 0.0 pedestrian_injured, 0.0 pedestrian_killed, Fair (Night), EDSA Shell Gas Station, Highway Hills Mandaluyong",MMDA Road Safety Unit,,11a00b2b-de59-493c-9f7b-a86221fead3d,2015-12-06,21:00:00,EDSA Connecticut Mandaluyong,0,0,0,0,0,0,0,0,0,0,2015-12-07 5:00,Property,14.57692814,121.0503406,No Collision Stated
None,EDSA,None,None,"No Accident Factor, Hit Object (Barrier-Plastic), 0.0 drivers_injured, 0.0 drivers_killed, 0.0 passengers_injured, 0.0 passengers_killed, 0.0 pedestrian_injured, 0.0 pedestrian_killed, Fair (Night), EDSA Shell Gas Station, Highway Hills Mandaluyong",MMDA Road Safety Unit,,25461464-8542-4070-b4c6-9c7940808f13,2015-12-06,20:45:00,"EDSA G. A. Tower, Malamig Mandaluyong",0,0,0,0,0,0,0,0,0,0,2015-12-07 4:45,Property,14.57692814,121.0503406,Hit Object
None,EDSA,None,None,"No Accident Factor, Side Swipe, 0.0 drivers_injured, 0.0 drivers_killed, 0.0 passengers_injured, 0.0 passengers_killed, 0.0 pedestrian_injured, 0.0 pedestrian_killed, Fair (Night), EDSA GO Hotel, Buayang Bato Mandaluyong",MMDA Road Safety Unit,,936e3335-b5fd-4d73-a4d6-54aa76c775ad,2015-12-05,13:00:00,"EDSA SM Megamall, Wack-Wack Greenhills Mandaluyong",0,0,0,0,0,0,0,0,0,0,2015-12-05 21:00,Property,14.57001193,121.0464575,Side Swipe
None,EDSA,None,None,"No Accident Factor, No Collision Stated (based on Police Blotter Book), 0.0 drivers_injured, 0.0 drivers_killed, 0.0 passengers_injured, 0.0 passengers_killed, 0.0 pedestrian_injured, 0.0 pedestrian_killed, Fair (Night), EDSA Ortigas Ave. Mandaluyong",MMDA Road Safety Unit,,46725d29-fe1c-4ff9-9118-a088d81453ef,2015-12-05,12:20:00,"EDSA Robinsons Forum, Barangka Ilaya Mandaluyong",0,0,0,0,0,0,0,0,0,0,2015-12-05 20:20,Property,14.59305232,121.0585643,No Collision Stated
None,EDSA,None,None,"No Accident Factor, Rear-end, 0.0 drivers_injured, 0.0 drivers_killed, 0.0 passengers_injured, 0.0 passengers_killed, 0.0 pedestrian_injured, 0.0 pedestrian_killed, Fair (Night), EDSA V. R. P. Medical Center, Highway Hills Mandaluyong",MMDA Road Safety Unit,,fdffcef7-bb23-42d7-8ac2-7d99a27809e0,2015-12-05,11:30:00,EDSA Shaw Blvd. Mandaluyong,0,0,0,0,0,0,0,0,0,0,2015-12-05 19:30,Property,14.57684342,121.0502966,Rear-End
None,EDSA,None,None,"No Accident Factor, Hit Object (No Object Stated), 0.0 drivers_injured, 0.0 drivers_killed, 0.0 passengers_injured, 0.0 passengers_killed, 0.0 pedestrian_injured, 0.0 pedestrian_killed, Fair (Day), EDSA Reliance St.  Mandaluyong",MMDA Road Safety Unit,,cd5073a4-ee6a-4a49-892b-5565d40cfdb0,2015-12-05,01:00:00,"EDSA Barrio Fiesta Restaurant, Wack-Wack Mandaluyong",0,0,0,0,0,0,0,0,0,0,2015-12-05 9:00,Property,14.57669064,121.0504494,Hit Object
None,EDSA,None,None,"No Accident Factor, No Collision Stated (based on Police Blotter Book), 1.0 drivers_injured, 0.0 drivers_killed, 0.0 passengers_injured, 0.0 passengers_killed, 0.0 pedestrian_injured, 0.0 pedestrian_killed, Fair (Day), EDSA Ortigas MRT Station, Wack-Wack Mandaluyong",MMDA Road Safety Unit,,7becdc78-18dd-4d9a-82cb-c75d75783caa,2015-12-04,23:30:00,"EDSA Highway 54 Bldg., Wack-wack Mandaluyong",0,0,0,1,0,0,0,0,0,1,2015-12-05 7:30,Injury,14.58789302,121.0566024,No Collision Stated
None,EDSA,None,None,"No Accident Factor, No Collision Stated (based on Police Blotter Book), 0.0 drivers_injured, 0.0 drivers_killed, 0.0 passengers_injured, 0.0 passengers_killed, 0.0 pedestrian_injured, 0.0 pedestrian_killed, Fair (Day), EDSA Kamayan Restaurant  Mandaluyong",MMDA Road Safety Unit,,c8385957-45e1-4c5e-a202-7659d78df768,2015-12-04,23:00:00,"EDSA Robinsons Forum, Barangka Ilaya Mandaluyong",0,0,0,0,0,0,0,0,0,0,2015-12-05 7:00,Property,14.59812072,121.0596135,No Collision Stated
None,EDSA,None,None,"No Accident Factor, No Collision Stated (based on Police Blotter Book), 0.0 drivers_injured, 0.0 drivers_killed, 0.0 passengers_injured, 0.0 passengers_killed, 0.0 pedestrian_injured, 0.0 pedestrian_killed, Fair (Night), EDSA Boni MRT Station, Barangka Ilaya Mandaluyong",MMDA Road Safety Unit,,10759e59-8500-4b97-bc90-c2ff63f457f5,2015-12-04,21:20:00,"EDSA GO Hotel, Ilaya Mandaluyong",0,0,0,0,0,0,0,0,0,0,2015-12-05 5:20,Property,14.57372098,121.0479555,No Collision Stated
None,EDSA,None,None,"No Accident Factor, Rear-end, 0.0 drivers_injured, 0.0 drivers_killed, 0.0 passengers_injured, 0.0 passengers_killed, 0.0 pedestrian_injured, 0.0 pedestrian_killed, Fair (Day), EDSA Barangka Drive Mandaluyong",MMDA Road Safety Unit,,318dbe70-3721-48a8-890c-03c4feb88485,2015-12-04,08:15:00,EDSA SM Megamall Mandaluyong,0,0,0,0,0,0,0,0,0,0,2015-12-04 16:15,Property,14.57852617,121.0515355,Rear-End
None,EDSA,None,None,"No Accident Factor, Side Swipe, 0.0 drivers_injured, 0.0 drivers_killed, 0.0 passengers_injured, 0.0 passengers_killed, 0.0 pedestrian_injured, 0.0 pedestrian_killed, Fair (Day), EDSA Boni Ave. Mandaluyong",MMDA Road Safety Unit,,ed9bbcd6-a684-4264-b313-a015591cd80f,2015-12-04,07:15:00,"EDSA Lions Road, Barangka Ilaya Mandaluyong",0,0,0,0,0,0,0,0,0,0,2015-12-04 15:15,Property,14.57242918,121.0471629,Side Swipe
None,EDSA,None,None,"No Accident Factor, No Collision Stated (based on Police Blotter Book), 0.0 drivers_injured, 0.0 drivers_killed, 0.0 passengers_injured, 0.0 passengers_killed, 0.0 pedestrian_injured, 0.0 pedestrian_killed, Fair (Night), EDSA Starmall, Wack-Wack Mandaluyong",MMDA Road Safety Unit,,72510ec5-7b9c-44e9-83f6-da3e6201f0c2,2015-12-03,12:10:00,"EDSA Connecticut Loading Bay, Wack-Wack Mandaluyong",0,0,0,0,0,0,0,0,0,0,2015-12-03 20:10,Property,14.58198795,121.0540368,No Collision Stated
None,EDSA,None,None,"No Accident Factor, No Collision Stated (based on Police Blotter Book), 0.0 drivers_injured, 0.0 drivers_killed, 0.0 passengers_injured, 0.0 passengers_killed, 0.0 pedestrian_injured, 0.0 pedestrian_killed, Fair (Day), EDSA ADB Drive Mandaluyong",MMDA Road Safety Unit,,e08ae2f0-d1f6-4016-8153-4f1179704996,2015-12-03,04:30:00,EDSA Apo St.  Mandaluyong,0,0,0,0,0,0,0,0,0,0,2015-12-03 12:30,Property,14.58938937,121.0573625,No Collision Stated
None,EDSA,None,None,"No Accident Factor, Rear-end, 0.0 drivers_injured, 0.0 drivers_killed, 0.0 passengers_injured, 0.0 passengers_killed, 0.0 pedestrian_injured, 0.0 pedestrian_killed, Fair (Day), EDSA SM Megamall Mandaluyong",MMDA Road Safety Unit,,755b0f1e-54d1-4e44-be51-d0858629393e,2015-12-03,04:10:00,EDSA Shaw Blvd. Mandaluyong,0,0,0,0,0,0,0,0,0,0,2015-12-03 12:10,Property,14.58501645,121.0558372,Rear-End
None,EDSA,None,None,"No Accident Factor, No Collision Stated (based on Police Blotter Book), 0.0 drivers_injured, 0.0 drivers_killed, 0.0 passengers_injured, 0.0 passengers_killed, 0.0 pedestrian_injured, 0.0 pedestrian_killed, Fair (Night), EDSA POEA Ortigas Ave. (EB)  Mandaluyong",MMDA Road Safety Unit,,1b3e3150-ddc7-4dba-95e3-7bbb1a553cd0,2015-12-02,10:45:00,"EDSA G. A. Tower, Malamig Mandaluyong",0,0,0,0,0,0,0,0,0,0,2015-12-02 18:45,Property,14.59324183,121.0582336,No Collision Stated
None,EDSA,None,None,"No Accident Factor, Rear-end, 0.0 drivers_injured, 0.0 drivers_killed, 0.0 passengers_injured, 0.0 passengers_killed, 0.0 pedestrian_injured, 0.0 pedestrian_killed, Fair (Night), EDSA Ortigas MRT Station Mandaluyong",MMDA Road Safety Unit,,ae26241f-49db-48e3-ade2-3e30a22a7f48,2015-12-01,15:30:00,EDSA GO Hotel  Mandaluyong,0,0,0,0,0,0,0,0,0,0,2015-12-01 23:30,Property,14.58789302,121.0566024,Rear-End
None,EDSA,None,None,"No Accident Factor, No Collision Stated (based on Police Blotter Book), 0.0 drivers_injured, 0.0 drivers_killed, 0.0 passengers_injured, 0.0 passengers_killed, 0.0 pedestrian_injured, 0.0 pedestrian_killed, Fair (Night), EDSA Ortigas MRT Station Mandaluyong",MMDA Road Safety Unit,,24cc315b-debe-4cd1-a56a-1dadd60b32e6,2015-12-01,15:20:00,"EDSA Connecticut St. (Wack-Wack, Greenhills) Mandaluyong",0,0,0,0,0,0,0,0,0,0,2015-12-01 23:20,Property,14.58789302,121.0566024,No Collision Stated
None,EDSA,None,None,"No Accident Factor, Rear-end, 0.0 drivers_injured, 0.0 drivers_killed, 0.0 passengers_injured, 0.0 passengers_killed, 0.0 pedestrian_injured, 0.0 pedestrian_killed, Fair (Night), EDSA SM Megamall, Wack-Wack Mandaluyong",MMDA Road Safety Unit,,a98bd351-813a-4a5d-8036-70feafb1f0c6,2015-12-01,15:20:00,EDSA Ortigas MRT Station Mandaluyong,0,0,0,0,0,0,0,0,0,0,2015-12-01 23:20,Property,14.58501645,121.0558372,Rear-End
None,EDSA,None,None,"No Accident Factor, Side Swipe, 0.0 drivers_injured, 0.0 drivers_killed, 0.0 passengers_injured, 0.0 passengers_killed, 0.0 pedestrian_injured, 0.0 pedestrian_killed, Fair (Night), EDSA J. Vargas Ave. (WB)  Mandaluyong",MMDA Road Safety Unit,,175a649a-db2a-41ae-9d65-fc2ca60b8e2f,2015-12-01,10:40:00,EDSA Shaw Blvd. / Cardinal Sin St.  Mandaluyong,0,0,0,0,0,0,0,0,0,0,2015-12-01 18:40,Property,14.58457561,121.0557464,Side Swipe
None,EDSA,None,None,"No Accident Factor, Angle Impact, 0.0 drivers_injured, 0.0 drivers_killed, 0.0 passengers_injured, 0.0 passengers_killed, 0.0 pedestrian_injured, 0.0 pedestrian_killed, Fair (Day), EDSA SM Megamall, Wack-Wack Mandaluyong",MMDA Road Safety Unit,,068138e3-8863-4777-96be-4b8c0d5264a6,2015-12-01,08:30:00,"EDSA Connecticut St. (Wack-Wack, Greenhills) Mandaluyong",0,0,0,0,0,0,0,0,0,0,2015-12-01 16:30,Property,14.58501645,121.0558372,Angle Impact
None,EDSA,None,None,"No Accident Factor, No Collision Stated (based on Police Blotter Book), 1.0 drivers_injured, 0.0 drivers_killed, 0.0 passengers_injured, 0.0 passengers_killed, 0.0 pedestrian_injured, 0.0 pedestrian_killed, Fair (Day), EDSA Shaw Blvd. Mandaluyong",MMDA Road Safety Unit,,1ccdf800-5fec-410a-a5a5-7724a30fad96,2015-12-01,05:15:00,EDSA Madison St. Mandaluyong,0,0,0,1,0,0,0,0,0,1,2015-12-01 13:15,Injury,14.58119822,121.0534578,No Collision Stated
None,EDSA,None,None,"No Accident Factor, Side Swipe, 0.0 drivers_injured, 0.0 drivers_killed, 0.0 passengers_injured, 0.0 passengers_killed, 0.0 pedestrian_injured, 0.0 pedestrian_killed, Fair (Day), EDSA Ortigas Ave. Mandaluyong",MMDA Road Safety Unit,,83f90a27-04c4-400b-82e5-b79b36bbac9f,2015-12-01,04:00:00,EDSA Madison St. Mandaluyong,0,0,0,0,0,0,0,0,0,0,2015-12-01 12:00,Property,14.59305232,121.0585643,Side Swipe
None,EDSA,None,None,"No Accident Factor, Side Swipe, 0.0 drivers_injured, 0.0 drivers_killed, 0.0 passengers_injured, 0.0 passengers_killed, 0.0 pedestrian_injured, 0.0 pedestrian_killed, Fair (Day), EDSA Shaw Blvd. Mandaluyong",MMDA Road Safety Unit,,5c317265-1bd3-4065-b844-e3c1c08a5fee,2015-11-30,08:50:00,EDSA Madison St. Mandaluyong,0,0,0,0,0,0,0,0,0,0,2015-11-30 16:50,Property,14.58119822,121.0534578,Side Swipe
None,EDSA,None,None,"No Accident Factor, Rear-end, 0.0 drivers_injured, 0.0 drivers_killed, 0.0 passengers_injured, 0.0 passengers_killed, 0.0 pedestrian_injured, 0.0 pedestrian_killed, Fair (Day), EDSA Crossing Highway Hills  Mandaluyong",MMDA Road Safety Unit,,abd7387b-563c-43cd-a31a-eec1d1da180f,2015-11-30,06:35:00,EDSA D. M. Guevarra St.  Mandaluyong,0,0,0,0,0,0,0,0,0,0,2015-11-30 14:35,Property,14.58212391,121.0540758,Rear-End
None,EDSA,None,None,"No Accident Factor, No Collision Stated (based on Police Blotter Book), 0.0 drivers_injured, 0.0 drivers_killed, 0.0 passengers_injured, 0.0 passengers_killed, 0.0 pedestrian_injured, 0.0 pedestrian_killed, Fair (Day), EDSA Ortigas Ave. Mandaluyong",MMDA Road Safety Unit,,fb1991f1-4ce2-4f6c-a139-26ff4223ea3e,2015-11-30,05:30:00,"EDSA Boni MRT Station, Malamig Mandaluyong",0,0,0,0,0,0,0,0,0,0,2015-11-30 13:30,Property,14.59305232,121.0585643,No Collision Stated
None,EDSA,None,None,"No Accident Factor, No Collision Stated (based on Police Blotter Book), 0.0 drivers_injured, 0.0 drivers_killed, 0.0 passengers_injured, 0.0 passengers_killed, 0.0 pedestrian_injured, 0.0 pedestrian_killed, Fair (Day), EDSA PGA Car Wack Wack  Mandaluyong",MMDA Road Safety Unit,,cd461fba-66fa-44cc-8520-affd50c4d00b,2015-11-30,04:45:00,"EDSA Central, Santo Cristo Mandaluyong",0,0,0,0,0,0,0,0,0,0,2015-11-30 12:45,Property,14.59623028,121.0592439,No Collision Stated
None,EDSA,None,None,"No Accident Factor, Side Swipe, 0.0 drivers_injured, 0.0 drivers_killed, 0.0 passengers_injured, 0.0 passengers_killed, 0.0 pedestrian_injured, 0.0 pedestrian_killed, Fair (Night), EDSA G.A. Tower  Mandaluyong",MMDA Road Safety Unit,,9e7ee433-b9d6-4cfa-99da-840d467f0f55,2015-11-29,13:15:00,"EDSA Amber Restaurant, Barangka Ilaya Mandaluyong",0,0,0,0,0,0,0,0,0,0,2015-11-29 21:15,Property,14.57392638,121.0480715,Side Swipe
None,EDSA,None,None,"No Accident Factor, No Collision Stated (based on Police Blotter Book), 0.0 drivers_injured, 0.0 drivers_killed, 0.0 passengers_injured, 0.0 passengers_killed, 0.0 pedestrian_injured, 0.0 pedestrian_killed, Fair (Night), EDSA Kamayan Restaurant  Mandaluyong",MMDA Road Safety Unit,,e06eaccc-caa8-4de6-9b96-0e241e7f10ee,2015-11-28,21:05:00,EDSA Ortigas Ave. (EB) Mandaluyong,0,0,0,0,0,0,0,0,0,0,2015-11-29 5:05,Property,14.59812072,121.0596135,No Collision Stated
None,EDSA,None,None,"No Accident Factor, No Collision Stated (based on Police Blotter Book), 0.0 drivers_injured, 0.0 drivers_killed, 0.0 passengers_injured, 0.0 passengers_killed, 0.0 pedestrian_injured, 0.0 pedestrian_killed, Fair (Night), EDSA MRT Ortigas Sattion  Mandaluyong",MMDA Road Safety Unit,,cfce6e0a-386e-4c3b-a9e6-2c9f630ee6af,2015-11-28,14:30:00,EDSA Ortigas Ave. (WB) Mandaluyong,0,0,0,0,0,0,0,0,0,0,2015-11-28 22:30,Property,14.58790822,121.0566183,No Collision Stated
None,EDSA,None,None,"No Accident Factor, No Collision Stated (based on Police Blotter Book), 0.0 drivers_injured, 0.0 drivers_killed, 0.0 passengers_injured, 0.0 passengers_killed, 0.0 pedestrian_injured, 0.0 pedestrian_killed, Fair (Night), EDSA Pavillion  Mandaluyong",MMDA Road Safety Unit,,51c70bcc-33a7-4549-95ed-b52c1b16371e,2015-11-28,11:35:00,"EDSA Shaw Blvd. (PARKLEA, Highway Hills) Mandaluyong",0,0,0,0,0,0,0,0,0,0,2015-11-28 19:35,Property,14.5794983,121.052618,No Collision Stated
None,EDSA,None,None,"No Accident Factor, Self-Accident, 0.0 drivers_injured, 0.0 drivers_killed, 0.0 passengers_injured, 0.0 passengers_killed, 0.0 pedestrian_injured, 0.0 pedestrian_killed, Fair (Day), EDSA AMA Bldg.  Mandaluyong",MMDA Road Safety Unit,,5608d89a-4732-4602-ba9d-932ab2e1ab93,2015-11-28,09:30:00,"EDSA Petron Gas Station, Highway Hills Mandaluyong",0,0,0,0,0,0,0,0,0,0,2015-11-28 17:30,Property,14.59107372,121.057611,Self-Accident
None,EDSA,None,None,"No Accident Factor, Angle Impact, 0.0 drivers_injured, 0.0 drivers_killed, 0.0 passengers_injured, 0.0 passengers_killed, 0.0 pedestrian_injured, 0.0 pedestrian_killed, Fair (Day), EDSA Light Mall  Mandaluyong",MMDA Road Safety Unit,,34809bc9-e624-4a77-a4a7-a7f788247ef8,2015-11-28,07:00:00,EDSA Reliance St.  Mandaluyong,0,0,0,0,0,0,0,0,0,0,2015-11-28 15:00,Property,14.57395349,121.0484543,Angle Impact
None,EDSA,None,None,"No Accident Factor, Rear-end, 0.0 drivers_injured, 0.0 drivers_killed, 0.0 passengers_injured, 0.0 passengers_killed, 0.0 pedestrian_injured, 0.0 pedestrian_killed, Fair (Day), EDSA Florida St.  Mandaluyong",MMDA Road Safety Unit,,ffe461e9-996b-4ae9-87f6-e474a3c9891f,2015-11-27,00:00:00,"EDSA Go Hotel, Barangka Ilaya Mandaluyong",0,0,0,0,0,0,0,0,0,0,2015-11-27 8:00,Property,14.59428618,121.0585864,Rear-End
None,EDSA,None,None,"No Accident Factor, Rear-end, 0.0 drivers_injured, 0.0 drivers_killed, 0.0 passengers_injured, 0.0 passengers_killed, 0.0 pedestrian_injured, 0.0 pedestrian_killed, Fair (Day), EDSA Highway 54 Bldg., Wack-wack Mandaluyong",MMDA Road Safety Unit,,28578c4a-d0d3-4e2b-8804-98f00ba36507,2015-11-26,22:15:00,"EDSA Robinsons Forum, Barangka Ilaya Mandaluyong",0,0,0,0,0,0,0,0,0,0,2015-11-27 6:15,Property,14.58500097,121.0556243,Rear-End
None,EDSA,None,None,"No Accident Factor, No Collision Stated (based on Police Blotter Book), 0.0 drivers_injured, 0.0 drivers_killed, 0.0 passengers_injured, 0.0 passengers_killed, 0.0 pedestrian_injured, 0.0 pedestrian_killed, Fair (Day), EDSA Boni MRT Station  Mandaluyong",MMDA Road Safety Unit,,08edb499-d094-4caa-b8ec-ad43a3c79e9d,2015-11-24,22:30:00,"EDSA Shangri-La Driveway Exit, Wack-Wack  Mandaluyong",0,0,0,0,0,0,0,0,0,0,2015-11-25 6:30,Property,14.57372098,121.0479555,No Collision Stated
None,EDSA,None,None,"No Accident Factor, No Collision Stated (based on Police Blotter Book), 0.0 drivers_injured, 0.0 drivers_killed, 0.0 passengers_injured, 0.0 passengers_killed, 0.0 pedestrian_injured, 0.0 pedestrian_killed, Fair (Night), EDSA Megamall  Mandaluyong",MMDA Road Safety Unit,,6e6b41ac-2047-4fff-9681-ca8e8f3c912d,2015-11-24,13:30:00,EDSA Shaw Blvd. Mandaluyong,0,0,0,0,0,0,0,0,0,0,2015-11-24 21:30,Property,14.58519582,121.0559351,No Collision Stated
None,EDSA,None,None,"No Accident Factor, Angle Impact, 0.0 drivers_injured, 0.0 drivers_killed, 0.0 passengers_injured, 0.0 passengers_killed, 0.0 pedestrian_injured, 0.0 pedestrian_killed, Fair (Night), EDSA J. Vargas Ave. Mandaluyong",MMDA Road Safety Unit,,5aeeae9f-a818-4519-bb1d-e2c023ae696d,2015-11-24,11:05:00,"EDSA Boni MRT Station, Malamig Mandaluyong",0,0,0,0,0,0,0,0,0,0,2015-11-24 19:05,Property,14.58457561,121.0557464,Angle Impact
None,EDSA,None,None,"No Accident Factor, No Collision Stated (based on Police Blotter Book), 0.0 drivers_injured, 0.0 drivers_killed, 0.0 passengers_injured, 0.0 passengers_killed, 0.0 pedestrian_injured, 0.0 pedestrian_killed, Fair (Day), EDSA Ortigas Ave. Mandaluyong",MMDA Road Safety Unit,,b766d059-b312-4e4e-87e8-f17c778544e8,2015-11-24,07:10:00,EDSA Guadix Drive Mandaluyong,0,0,0,0,0,0,0,0,0,0,2015-11-24 15:10,Property,14.59305232,121.0585643,No Collision Stated
None,EDSA,None,None,"No Accident Factor, No Collision Stated (based on Police Blotter Book), 0.0 drivers_injured, 0.0 drivers_killed, 0.0 passengers_injured, 0.0 passengers_killed, 0.0 pedestrian_injured, 0.0 pedestrian_killed, Fair (Day), EDSA Starmall Wack Wack  Mandaluyong",MMDA Road Safety Unit,,9e19103b-042b-49ec-9542-79c9d1989ecd,2015-11-23,07:50:00,EDSA SM Megamall Loading Bay  Mandaluyong,0,0,0,0,0,0,0,0,0,0,2015-11-23 15:50,Property,14.58198795,121.0540368,No Collision Stated
None,EDSA,None,None,"No Accident Factor, No Collision Stated (based on Police Blotter Book), 0.0 drivers_injured, 0.0 drivers_killed, 0.0 passengers_injured, 0.0 passengers_killed, 0.0 pedestrian_injured, 0.0 pedestrian_killed, Fair (Day), EDSA Pavillion, Highway Hills Mandaluyong",MMDA Road Safety Unit,,df32ac13-f2d8-4129-82bc-b40bee4599f8,2015-11-22,07:05:00,"EDSA Lion's Road, Barangka Ilaya Mandaluyong",0,0,0,0,0,0,0,0,0,0,2015-11-22 15:05,Property,14.5794983,121.052618,No Collision Stated
None,EDSA,None,None,"No Accident Factor, Rear-end, 0.0 drivers_injured, 0.0 drivers_killed, 0.0 passengers_injured, 0.0 passengers_killed, 0.0 pedestrian_injured, 0.0 pedestrian_killed, Fair (Day), EDSA Shangri-la Mall / Hotel, Wack-Wack Mandaluyong",MMDA Road Safety Unit,,e8db3322-ae4b-403d-a1f9-809118d601cc,2015-11-20,04:15:00,EDSA SM Megamall Mandaluyong,0,0,0,0,0,0,0,0,0,0,2015-11-20 12:15,Property,14.58223571,121.0544805,Rear-End
None,EDSA,None,None,"No Accident Factor, Side Swipe, 0.0 drivers_injured, 0.0 drivers_killed, 0.0 passengers_injured, 0.0 passengers_killed, 0.0 pedestrian_injured, 0.0 pedestrian_killed, Fair (Night), EDSA ""U"" turn slot, Ortigas Ave.  Mandaluyong",MMDA Road Safety Unit,,4e5157d3-2ede-4088-a965-f3d8b83bb8cf,2015-11-19,13:00:00,EDSA Reliance St.  Mandaluyong,0,0,0,0,0,0,0,0,0,0,2015-11-19 21:00,Property,14.59255254,121.0581903,Side Swipe
None,EDSA,None,None,"No Accident Factor, No Collision Stated (based on Police Blotter Book), 0.0 drivers_injured, 0.0 drivers_killed, 0.0 passengers_injured, 0.0 passengers_killed, 0.0 pedestrian_injured, 0.0 pedestrian_killed, Fair (Night), EDSA Shaw Blvd. Mandaluyong",MMDA Road Safety Unit,,06c27c8a-70af-45c8-8cc6-4735f6dcb005,2015-11-18,10:15:00,"EDSA Robinsons Forum, Barangka Ilaya Mandaluyong",0,0,0,0,0,0,0,0,0,0,2015-11-18 18:15,Property,14.58119822,121.0534578,No Collision Stated
None,EDSA,None,None,"No Accident Factor, Hit and Run (No Collision Stated), 0.0 drivers_injured, 0.0 drivers_killed, 0.0 passengers_injured, 0.0 passengers_killed, 0.0 pedestrian_injured, 0.0 pedestrian_killed, Fair (Night), EDSA Robinsons Forum / Pioneer, Ilaya Mandaluyong",MMDA Road Safety Unit,,b5329d29-da62-4941-9d07-f72fdfcbd74f,2015-11-16,13:30:00,EDSA Ortigas Ave. (NB)  Mandaluyong,0,0,0,0,0,0,0,0,0,0,2015-11-16 21:30,Property,14.57182388,121.0470705,No Collision Stated
None,EDSA,None,None,"No Accident Factor, No Collision Stated (based on Police Blotter Book), 0.0 drivers_injured, 0.0 drivers_killed, 0.0 passengers_injured, 0.0 passengers_killed, 0.0 pedestrian_injured, 0.0 pedestrian_killed, Fair (Night), EDSA Madison St. (Light Residences, Highway Hills) Mandaluyong",MMDA Road Safety Unit,,82e3f571-c734-4aad-b845-02858c5497af,2015-11-16,11:20:00,"EDSA SM Megamall, Wack-Wack  Mandaluyong",0,0,0,0,0,0,0,0,0,0,2015-11-16 19:20,Property,14.57464299,121.0489046,No Collision Stated