LOCATION_TEXT,ROAD,WEATHER,LIGHT,DESC,REPORTING_AGENCY,MAIN_CAUSE,INCIDENTDETAILS_ID,DATE_UTC,TIME_UTC,ADDRESS,killed_driver,killed_passenger,killed_pedestrian,injured_driver,injured_passenger,injured_pedestrian,killed_uncategorized,injured_uncategorized,killed_total,injured_total,DATETIME_PST,SEVERITY,Y,X,COLLISION_TYPE
None,EDSA,None,None,"No Accident Factor, Side Swipe, 0.0 drivers_injured, 0.0 drivers_killed, 0.0 passengers_injured, 0.0 passengers_killed, 0.0 pedestrian_injured, 0.0 pedestrian_killed, Fair (Night), EDSA Boni MRT Station Mandaluyong",MMDA Road Safety Unit,,a090a364-1f7f-4d10-95d4-d93dbbbba12b,2015-11-16,11:05:00,"EDSA Go Hotel, Barangka Ilaya Mandaluyong",0,0,0,0,0,0,0,0,0,0,2015-11-16 19:05,Property,14.57372098,121.0479555,Side Swipe
None,EDSA,None,None,"No Accident Factor, No Collision Stated (based on Police Blotter Book), 0.0 drivers_injured, 0.0 drivers_killed, 0.0 passengers_injured, 0.0 passengers_killed, 0.0 pedestrian_injured, 0.0 pedestrian_killed, Fair (Day), EDSA Ortigas Ave., Wack-Wack) Mandaluyong",MMDA Road Safety Unit,,3e633174-e51d-4ac7-861b-5ccd48f75717,2015-11-16,01:50:00,EDSA Megamall Bldg. C Mandaluyong,0,0,0,0,0,0,0,0,0,0,2015-11-16 9:50,Property,14.59330619,121.0582659,No Collision Stated
None,EDSA,None,None,"No Accident Factor, Multiple Collision, 0.0 drivers_injured, 0.0 drivers_killed, 0.0 passengers_injured, 0.0 passengers_killed, 0.0 pedestrian_injured, 0.0 pedestrian_killed, Fair (Night), EDSA Amber Restaurant, Ilaya Mandaluyong",MMDA Road Safety Unit,,7e12e257-95f9-412c-90c0-e4f0fa447367,2015-11-15,21:45:00,EDSA Shaw Blvd. Mandaluyong,0,0,0,0,0,0,0,0,0,0,2015-11-16 5:45,Property,14.57029352,121.0463228,Multiple
None,EDSA,None,None,"No Accident Factor, Side Swipe, 0.0 drivers_injured, 0.0 drivers_killed, 0.0 passengers_injured, 0.0 passengers_killed, 0.0 pedestrian_injured, 0.0 pedestrian_killed, Fair (Day), EDSA Boni Ave. Mandaluyong",MMDA Road Safety Unit,,69a88286-4561-4818-a172-f0d5ce0013ad,2015-11-15,07:00:00,"EDSA Highway 54 Bldg., Wack-wack Mandaluyong",0,0,0,0,0,0,0,0,0,0,2015-11-15 15:00,Property,14.57242918,121.0471629,Side Swipe
None,EDSA,None,None,"No Accident Factor, No Collision Stated (based on Police Blotter Book), 0.0 drivers_injured, 0.0 drivers_killed, 0.0 passengers_injured, 0.0 passengers_killed, 0.0 pedestrian_injured, 0.0 pedestrian_killed, Fair (Night), EDSA Starmall, Wack-Wack Mandaluyong",MMDA Road Safety Unit,,13fb18ef-d945-4757-97ac-c36552d375b7,2015-11-14,12:20:00,"EDSA Robinsons Forum, Barangka Ilaya Mandaluyong",0,0,0,0,0,0,0,0,0,0,2015-11-14 20:20,Property,14.58198795,121.0540368,No Collision Stated
None,EDSA,None,None,"No Accident Factor, No Collision Stated (based on Police Blotter Book), 0.0 drivers_injured, 0.0 drivers_killed, 0.0 passengers_injured, 0.0 passengers_killed, 0.0 pedestrian_injured, 0.0 pedestrian_killed, Fair (Day), EDSA Rochester St.  Mandaluyong",MMDA Road Safety Unit,,ee51882e-24a8-4669-8b97-1fb8a70063a8,2015-11-14,09:10:00,"EDSA Pioneer St. (Robinsons Forum, Barangka Ilaya) Mandaluyong",0,0,0,0,0,0,0,0,0,0,2015-11-14 17:10,Property,14.597563,121.0595941,No Collision Stated
None,EDSA,None,None,"No Accident Factor, No Collision Stated (based on Police Blotter Book), 0.0 drivers_injured, 0.0 drivers_killed, 0.0 passengers_injured, 0.0 passengers_killed, 0.0 pedestrian_injured, 0.0 pedestrian_killed, Fair (Day), EDSA Shangri-la Mall / Hotel, Wack-Wack Mandaluyong",MMDA Road Safety Unit,,e3fcb360-bbe9-44b1-9827-1f3d8f6e0f9f,2015-11-14,05:05:00,EDSA Barangka Drive Mandaluyong,0,0,0,0,0,0,0,0,0,0,2015-11-14 13:05,Property,14.58223571,121.0544805,No Collision Stated
None,EDSA,None,None,"No Accident Factor, No Collision Stated (based on Police Blotter Book), 0.0 drivers_injured, 0.0 drivers_killed, 0.0 passengers_injured, 0.0 passengers_killed, 0.0 pedestrian_injured, 0.0 pedestrian_killed, Fair (Night), EDSA Pavillion, Highway Hills Mandaluyong",MMDA Road Safety Unit,,0061f304-3923-43ef-ac3c-73356ac6aecb,2015-11-13,17:15:00,"EDSA Shangri-La, Wack-Wack  Mandaluyong",0,0,0,0,0,0,0,0,0,0,2015-11-14 1:15,Property,14.5794983,121.052618,No Collision Stated
None,EDSA,None,None,"No Accident Factor, No Collision Stated (based on Police Blotter Book), 0.0 drivers_injured, 0.0 drivers_killed, 0.0 passengers_injured, 0.0 passengers_killed, 0.0 pedestrian_injured, 0.0 pedestrian_killed, Fair (Night), EDSA Shaw Blvd. Mandaluyong",MMDA Road Safety Unit,,7f96dc7c-84bf-4b64-afb2-7a057c084109,2015-11-13,16:30:00,"EDSA Highway 54 Bldg., Wack-wack Mandaluyong",0,0,0,0,0,0,0,0,0,0,2015-11-14 0:30,Property,14.58119822,121.0534578,No Collision Stated
None,EDSA,None,None,"No Accident Factor, No Collision Stated (based on Police Blotter Book), 0.0 drivers_injured, 0.0 drivers_killed, 0.0 passengers_injured, 0.0 passengers_killed, 0.0 pedestrian_injured, 0.0 pedestrian_killed, Fair (Night), EDSA Ortigas Ave., Wack-Wack) Mandaluyong",MMDA Road Safety Unit,,7fb6cd66-7984-46df-a539-dee35702927f,2015-11-13,11:00:00,"EDSA Connecticut St. (Petron Gas Station, Wack-Wack) Mandaluyong",0,0,0,0,0,0,0,0,0,0,2015-11-13 19:00,Property,14.59330619,121.0582659,No Collision Stated
None,EDSA,None,None,"No Accident Factor, Side Swipe, 0.0 drivers_injured, 0.0 drivers_killed, 0.0 passengers_injured, 0.0 passengers_killed, 0.0 pedestrian_injured, 0.0 pedestrian_killed, Fair (Day), EDSA GO Hotel Mandaluyong",MMDA Road Safety Unit,,785d79b0-f4dc-4beb-820e-6d899c59b317,2015-11-13,08:00:00,"EDSA Ortigas MRT Station, Wack-Wack  Mandaluyong",0,0,0,0,0,0,0,0,0,0,2015-11-13 16:00,Property,14.57001193,121.0464575,Side Swipe
None,EDSA,None,None,"No Accident Factor, No Collision Stated (based on Police Blotter Book), 0.0 drivers_injured, 0.0 drivers_killed, 0.0 passengers_injured, 0.0 passengers_killed, 0.0 pedestrian_injured, 0.0 pedestrian_killed, Fair (Day), EDSA Ortigas Footbridge (Under), Wack-Wack) Mandaluyong",MMDA Road Safety Unit,,12a45c94-d0d7-4917-b0bf-1274defb0d75,2015-11-12,08:15:00,EDSA Guadalupe Bridge Mandaluyong,0,0,0,0,0,0,0,0,0,0,2015-11-12 16:15,Property,14.59327374,121.0582168,No Collision Stated
None,EDSA,None,None,"No Accident Factor, No Collision Stated (based on Police Blotter Book), 0.0 drivers_injured, 0.0 drivers_killed, 0.0 passengers_injured, 0.0 passengers_killed, 0.0 pedestrian_injured, 0.0 pedestrian_killed, Fair (Day), EDSA Transcom Blvd., Wack-Wack Mandaluyong",MMDA Road Safety Unit,,10d60834-b338-4d35-ad61-2a5f9fa776d4,2015-11-12,05:55:00,EDSA Boni MRT Station (SM Light Residences) Mandaluyong,0,0,0,0,0,0,0,0,0,0,2015-11-12 13:55,Property,14.58930651,121.0570669,No Collision Stated
None,EDSA,None,None,"No Accident Factor, No Collision Stated (based on Police Blotter Book), 0.0 drivers_injured, 0.0 drivers_killed, 0.0 passengers_injured, 0.0 passengers_killed, 0.0 pedestrian_injured, 0.0 pedestrian_killed, Fair (Day), EDSA Highway 54 Bldg., Wack-wack Mandaluyong",MMDA Road Safety Unit,,55fd7b25-f208-425c-8dcf-3c3f61bfa4db,2015-11-12,03:15:00,EDSA Boni MRT Station Mandaluyong,0,0,0,0,0,0,0,0,0,0,2015-11-12 11:15,Property,14.58500097,121.0556243,No Collision Stated
None,EDSA,None,None,"No Accident Factor, No Collision Stated (based on Police Blotter Book), 0.0 drivers_injured, 0.0 drivers_killed, 0.0 passengers_injured, 0.0 passengers_killed, 0.0 pedestrian_injured, 0.0 pedestrian_killed, Fair (Day), EDSA Shaw Blvd. Mandaluyong",MMDA Road Safety Unit,,bc802e02-c6ed-4d14-8b54-83d36a8ba6bf,2015-11-10,23:45:00,"EDSA Paragon Bldg., Highway Hills Mandaluyong",0,0,0,0,0,0,0,0,0,0,2015-11-11 7:45,Property,14.58119822,121.0534578,No Collision Stated
None,EDSA,None,None,"No Accident Factor, No Collision Stated (based on Police Blotter Book), 0.0 drivers_injured, 0.0 drivers_killed, 0.0 passengers_injured, 0.0 passengers_killed, 0.0 pedestrian_injured, 0.0 pedestrian_killed, Fair (Day), EDSA Shaw Blvd. Mandaluyong",MMDA Road Safety Unit,,20685b9d-3f19-438b-8a9f-864675cfcf4c,2015-11-10,22:30:00,"EDSA Starmall, Wack-Wack  Mandaluyong",0,0,0,0,0,0,0,0,0,0,2015-11-11 6:30,Property,14.58119822,121.0534578,No Collision Stated
None,EDSA,None,None,"No Accident Factor, No Collision Stated (based on Police Blotter Book), 0.0 drivers_injured, 0.0 drivers_killed, 0.0 passengers_injured, 0.0 passengers_killed, 0.0 pedestrian_injured, 0.0 pedestrian_killed, Fair (Night), EDSA Light Mall, Highway Hills Mandaluyong",MMDA Road Safety Unit,,668ab237-0642-4c79-a856-a7a7585511dd,2015-11-10,10:50:00,EDSA Boni MRT Station Mandaluyong,0,0,0,0,0,0,0,0,0,0,2015-11-10 18:50,Property,14.57395349,121.0484543,No Collision Stated
None,EDSA,None,None,"No Accident Factor, Self-Accident, 0.0 drivers_injured, 0.0 drivers_killed, 0.0 passengers_injured, 0.0 passengers_killed, 0.0 pedestrian_injured, 0.0 pedestrian_killed, Fair (Day), EDSA Pinatubo St. Mandaluyong",MMDA Road Safety Unit,,7a579a4d-0e96-42ef-80ef-af58d5c355b4,2015-11-10,05:35:00,"EDSA Ortigas MRT Station, Wack-Wack  Mandaluyong",0,0,0,0,0,0,0,0,0,0,2015-11-10 13:35,Property,14.57321369,121.0476439,Self-Accident
None,EDSA,None,None,"No Accident Factor, No Collision Stated (based on Police Blotter Book), 0.0 drivers_injured, 0.0 drivers_killed, 0.0 passengers_injured, 0.0 passengers_killed, 0.0 pedestrian_injured, 0.0 pedestrian_killed, Fair (Day), EDSA Caltex Gas station, Ilaya Mandaluyong",MMDA Road Safety Unit,,3edf84f4-126a-40da-8779-91d9d134d5c9,2015-11-10,02:45:00,"EDSA SM Megamall, Wack-Wack  Mandaluyong",0,0,0,0,0,0,0,0,0,0,2015-11-10 10:45,Property,14.57228634,121.0470942,No Collision Stated
None,EDSA,None,None,"No Accident Factor, Side Swipe, 0.0 drivers_injured, 0.0 drivers_killed, 0.0 passengers_injured, 0.0 passengers_killed, 0.0 pedestrian_injured, 0.0 pedestrian_killed, Fair (Day), EDSA V.R. Potenciano Medical Center Mandaluyong",MMDA Road Safety Unit,,f75bdd20-a72b-41e5-8dcf-89d99a6e8853,2015-11-10,01:00:00,EDSA Transcom Mandaluyong,0,0,0,0,0,0,0,0,0,0,2015-11-10 9:00,Property,14.57684342,121.0502966,Side Swipe
None,EDSA,None,None,"No Accident Factor, No Collision Stated (based on Police Blotter Book), 1.0 drivers_injured, 0.0 drivers_killed, 0.0 passengers_injured, 0.0 passengers_killed, 0.0 pedestrian_injured, 0.0 pedestrian_killed, Fair (Day), EDSA Robinsons Forum Mandaluyong",MMDA Road Safety Unit,,f8f9c400-25ed-44f6-9b3c-790cda822802,2015-11-09,23:20:00,"EDSA SM Megamall, Wack-Wack  Mandaluyong",0,0,0,1,0,0,0,0,0,1,2015-11-10 7:20,Injury,14.57182388,121.0470705,No Collision Stated
None,EDSA,None,None,"No Accident Factor, Angle Impact, 0.0 drivers_injured, 0.0 drivers_killed, 0.0 passengers_injured, 0.0 passengers_killed, 0.0 pedestrian_injured, 0.0 pedestrian_killed, Fair (Day), EDSA SM Megamall Mandaluyong",MMDA Road Safety Unit,,2dd3a247-77b0-456f-9e7d-67ac4c55d067,2015-11-09,07:30:00,"EDSA Starmall, Wack-Wack  Mandaluyong",0,0,0,0,0,0,0,0,0,0,2015-11-09 15:30,Property,14.58501645,121.0558372,Angle Impact
None,EDSA,None,None,"No Accident Factor, Rear-end, 0.0 drivers_injured, 0.0 drivers_killed, 0.0 passengers_injured, 0.0 passengers_killed, 0.0 pedestrian_injured, 0.0 pedestrian_killed, Fair (Day), EDSA Shaw Blvd. Mandaluyong",MMDA Road Safety Unit,,6cf8fcf3-fe6d-4a6d-98ba-d9ed1fdf26f0,2015-11-09,04:30:00,"EDSA Robinsons Forum, Barangka Ilaya Mandaluyong",0,0,0,0,0,0,0,0,0,0,2015-11-09 12:30,Property,14.58119822,121.0534578,Rear-End
None,EDSA,None,None,"No Accident Factor, No Collision Stated (based on Police Blotter Book), 0.0 drivers_injured, 0.0 drivers_killed, 0.0 passengers_injured, 0.0 passengers_killed, 0.0 pedestrian_injured, 0.0 pedestrian_killed, Fair (Day), EDSA Teleperformance, Highway Hills Mandaluyong",MMDA Road Safety Unit,,26cc40d6-0fbf-4ef0-b488-5f9979d481f2,2015-11-09,04:30:00,EDSA Boni Ave. Mandaluyong,0,0,0,0,0,0,0,0,0,0,2015-11-09 12:30,Property,14.58002746,121.0528877,No Collision Stated
None,EDSA,None,None,"No Accident Factor, Rear-end, 0.0 drivers_injured, 0.0 drivers_killed, 0.0 passengers_injured, 0.0 passengers_killed, 0.0 pedestrian_injured, 0.0 pedestrian_killed, Fair (Day), EDSA Boni Ave. Mandaluyong",MMDA Road Safety Unit,,3b490be6-f7dd-4677-a886-bb72df2ce1d0,2015-11-09,02:30:00,"EDSA SM Megamall, Wack-Wack  Mandaluyong",0,0,0,0,0,0,0,0,0,0,2015-11-09 10:30,Property,14.57242918,121.0471629,Rear-End
None,EDSA,None,None,"No Accident Factor, No Collision Stated (based on Police Blotter Book), 0.0 drivers_injured, 0.0 drivers_killed, 0.0 passengers_injured, 0.0 passengers_killed, 0.0 pedestrian_injured, 0.0 pedestrian_killed, Fair (Day), EDSA Boni Ave. Mandaluyong",MMDA Road Safety Unit,,61eb96e9-d54e-4a71-b3a7-dab31cc575cf,2015-11-08,05:25:00,"EDSA Polymedic, Malamig Mandaluyong",0,0,0,0,0,0,0,0,0,0,2015-11-08 13:25,Property,14.57242918,121.0471629,No Collision Stated
None,EDSA,None,None,"No Accident Factor, No Collision Stated (based on Police Blotter Book), 2.0 drivers_injured, 0.0 drivers_killed, 0.0 passengers_injured, 0.0 passengers_killed, 0.0 pedestrian_injured, 0.0 pedestrian_killed, Fair (Day), EDSA Ortigas Ave. (POEA) Mandaluyong",MMDA Road Safety Unit,,c2d68312-0210-4ba4-8587-233eb28ce54d,2015-11-08,00:50:00,"EDSA Petron Gas Station, Highway Hills Mandaluyong",0,0,0,2,0,0,0,0,0,2,2015-11-08 8:50,Injury,14.59327428,121.0582827,No Collision Stated
None,EDSA,None,None,"No Accident Factor, No Collision Stated (based on Police Blotter Book), 1.0 drivers_injured, 0.0 drivers_killed, 0.0 passengers_injured, 0.0 passengers_killed, 0.0 pedestrian_injured, 0.0 pedestrian_killed, Fair (Night), EDSA SM Megamall Mandaluyong",MMDA Road Safety Unit,,6d571767-1717-4064-8d7e-a4af8e53dcdf,2015-11-07,17:00:00,"EDSA Ortigas Overpass (beneath), Wack-Wack Mandaluyong",0,0,0,1,0,0,0,0,0,1,2015-11-08 1:00,Injury,14.58501645,121.0558372,No Collision Stated
None,EDSA,None,None,"No Accident Factor, No Collision Stated (based on Police Blotter Book), 0.0 drivers_injured, 0.0 drivers_killed, 0.0 passengers_injured, 0.0 passengers_killed, 0.0 pedestrian_injured, 0.0 pedestrian_killed, Fair (Night), EDSA SM Megamall Mandaluyong",MMDA Road Safety Unit,,2c5eb717-36c0-41bc-8658-4e70791f354f,2015-11-07,15:00:00,"EDSA Highway 54 Bldg., Wack-wack Mandaluyong",0,0,0,0,0,0,0,0,0,0,2015-11-07 23:00,Property,14.58501645,121.0558372,No Collision Stated
None,EDSA,None,None,"No Accident Factor, No Collision Stated (based on Police Blotter Book), 0.0 drivers_injured, 0.0 drivers_killed, 0.0 passengers_injured, 0.0 passengers_killed, 0.0 pedestrian_injured, 0.0 pedestrian_killed, Fair (Night), EDSA Shaw Blvd. Mandaluyong",MMDA Road Safety Unit,,659bdd0a-f4ea-4e3e-bdde-6a9b0b7e0be4,2015-11-07,13:00:00,"EDSA Boni MRT Station, Malamig Mandaluyong",0,0,0,0,0,0,0,0,0,0,2015-11-07 21:00,Property,14.58119822,121.0534578,No Collision Stated
None,EDSA,None,None,"No Accident Factor, No Collision Stated (based on Police Blotter Book), 0.0 drivers_injured, 0.0 drivers_killed, 0.0 passengers_injured, 0.0 passengers_killed, 0.0 pedestrian_injured, 0.0 pedestrian_killed, Fair (Night), EDSA SM Megamall Mandaluyong",MMDA Road Safety Unit,,1f399b3a-b4e4-498c-b8d7-8591674e4549,2015-11-07,12:30:00,EDSA Shaw Blvd. Mandaluyong,0,0,0,0,0,0,0,0,0,0,2015-11-07 20:30,Property,14.58501645,121.0558372,No Collision Stated
None,EDSA,None,None,"No Accident Factor, No Collision Stated (based on Police Blotter Book), 0.0 drivers_injured, 0.0 drivers_killed, 0.0 passengers_injured, 0.0 passengers_killed, 0.0 pedestrian_injured, 0.0 pedestrian_killed, Fair (Day), EDSA GO Hotel Mandaluyong",MMDA Road Safety Unit,,c79af2d8-4c91-4a83-8754-4e1ead4f5f0f,2015-11-07,09:30:00,EDSA Robinsons Forum Mall Mandaluyong,0,0,0,0,0,0,0,0,0,0,2015-11-07 17:30,Property,14.57001193,121.0464575,No Collision Stated
None,EDSA,None,None,"No Accident Factor, Rear-end, 0.0 drivers_injured, 0.0 drivers_killed, 0.0 passengers_injured, 0.0 passengers_killed, 0.0 pedestrian_injured, 0.0 pedestrian_killed, Fair (Day), EDSA Shaw Blvd. Mandaluyong",MMDA Road Safety Unit,,21a93606-3fbe-4a82-ac53-a412f501df5b,2015-11-07,05:30:00,EDSA Madison St. Mandaluyong,0,0,0,0,0,0,0,0,0,0,2015-11-07 13:30,Property,14.58119822,121.0534578,Rear-End
None,EDSA,None,None,"No Accident Factor, Hit Object (No Object Stated), 0.0 drivers_injured, 0.0 drivers_killed, 0.0 passengers_injured, 0.0 passengers_killed, 0.0 pedestrian_injured, 0.0 pedestrian_killed, Fair (Night), EDSA Connecticut St. Mandaluyong",MMDA Road Safety Unit,,1d9ed2ef-ee2a-4bb3-9487-3cc72faedf72,2015-11-06,17:05:00,EDSA Ortigas Ave. (SM Megamall Bldg. A) Mandaluyong,0,0,0,0,0,0,0,0,0,0,2015-11-07 1:05,Property,14.60151411,121.0591478,Hit Object
None,EDSA,None,None,"No Accident Factor, Self-Accident, 0.0 drivers_injured, 0.0 drivers_killed, 1.0 passengers_injured, 0.0 passengers_killed, 0.0 pedestrian_injured, 0.0 pedestrian_killed, Fair (Night), EDSA Crossing Highway Hills  Mandaluyong",MMDA Road Safety Unit,,9211615d-bd2d-4497-9929-9083be1a31cd,2015-11-06,11:00:00,EDSA Ortigas Ave. Mandaluyong,0,0,0,0,1,0,0,0,0,1,2015-11-06 19:00,Injury,14.58212391,121.0540758,Self-Accident
None,EDSA,None,None,"No Accident Factor, No Collision Stated (based on Police Blotter Book), 0.0 drivers_injured, 0.0 drivers_killed, 0.0 passengers_injured, 0.0 passengers_killed, 0.0 pedestrian_injured, 0.0 pedestrian_killed, Fair (Day), EDSA Light Mall, Highway Hills Mandaluyong",MMDA Road Safety Unit,,29eb9032-1bff-41ce-a711-1b380f9449f2,2015-11-06,04:15:00,EDSA POEA Ortigas Ave. (EB)  Mandaluyong,0,0,0,0,0,0,0,0,0,0,2015-11-06 12:15,Property,14.57395349,121.0484543,No Collision Stated
None,EDSA,None,None,"No Accident Factor, No Collision Stated (based on Police Blotter Book), 0.0 drivers_injured, 0.0 drivers_killed, 0.0 passengers_injured, 0.0 passengers_killed, 0.0 pedestrian_injured, 0.0 pedestrian_killed, Fair (Night), EDSA Robinsons Forum Mandaluyong",MMDA Road Safety Unit,,f455f6a4-66c5-46a9-98dd-53ee4121341e,2015-11-05,13:30:00,EDSA Shaw Blvd. Mandaluyong,0,0,0,0,0,0,0,0,0,0,2015-11-05 21:30,Property,14.57182388,121.0470705,No Collision Stated
None,EDSA,None,None,"No Accident Factor, Angle Impact, 0.0 drivers_injured, 0.0 drivers_killed, 0.0 passengers_injured, 0.0 passengers_killed, 0.0 pedestrian_injured, 0.0 pedestrian_killed, Fair (Night), EDSA Shaw Blvd. Mandaluyong",MMDA Road Safety Unit,,3ebdc946-c578-4d69-8943-dec132ef0f20,2015-11-05,10:55:00,EDSA Shaw Blvd. Mandaluyong,0,0,0,0,0,0,0,0,0,0,2015-11-05 18:55,Property,14.58119822,121.0534578,Angle Impact
None,EDSA,None,None,"No Accident Factor, No Collision Stated (based on Police Blotter Book), 0.0 drivers_injured, 0.0 drivers_killed, 0.0 passengers_injured, 0.0 passengers_killed, 0.0 pedestrian_injured, 0.0 pedestrian_killed, Fair (Day), EDSA SM Megamall Bldg. A Mandaluyong",MMDA Road Safety Unit,,3fb88ac3-bfd5-416c-a9e4-ce25d4ecd6b6,2015-11-05,09:10:00,EDSA Ortigas Ave. (EB)  Mandaluyong,0,0,0,0,0,0,0,0,0,0,2015-11-05 17:10,Property,14.58501645,121.0558372,No Collision Stated
None,EDSA,None,None,"No Accident Factor, No Collision Stated (based on Police Blotter Book), 0.0 drivers_injured, 0.0 drivers_killed, 0.0 passengers_injured, 0.0 passengers_killed, 0.0 pedestrian_injured, 0.0 pedestrian_killed, Fair (Night), EDSA Guadix, Wack Wack Mandaluyong",MMDA Road Safety Unit,,5e6e612d-d7a3-4b03-9e2d-ad130dc7f3c0,2015-11-04,15:10:00,EDSA Pioneer St. Mandaluyong,0,0,0,0,0,0,0,0,0,0,2015-11-04 23:10,Property,14.58948577,121.0573946,No Collision Stated
None,EDSA,None,None,"No Accident Factor, No Collision Stated (based on Police Blotter Book), 0.0 drivers_injured, 0.0 drivers_killed, 0.0 passengers_injured, 0.0 passengers_killed, 0.0 pedestrian_injured, 0.0 pedestrian_killed, Fair (Night), EDSA Boni Ave. Mandaluyong",MMDA Road Safety Unit,,88bd898d-cb20-40ab-a0fd-2fba8363c8ef,2015-11-04,12:45:00,"EDSA Ortigas MRT Station, Wack-Wack  Mandaluyong",0,0,0,0,0,0,0,0,0,0,2015-11-04 20:45,Property,14.57242918,121.0471629,No Collision Stated
None,EDSA,None,None,"No Accident Factor, Self-Accident, 1.0 drivers_injured, 0.0 drivers_killed, 0.0 passengers_injured, 0.0 passengers_killed, 0.0 pedestrian_injured, 0.0 pedestrian_killed, Fair (Night), EDSA SM Megamall Mandaluyong",MMDA Road Safety Unit,,bacf07e6-34f5-4306-9358-bbd802c7cf62,2015-11-03,20:05:00,"EDSA Starmall, Wack-Wack  Mandaluyong",0,0,0,1,0,0,0,0,0,1,2015-11-04 4:05,Injury,14.58501645,121.0558372,Self-Accident
None,EDSA,None,None,"No Accident Factor, No Collision Stated (based on Police Blotter Book), 0.0 drivers_injured, 0.0 drivers_killed, 0.0 passengers_injured, 0.0 passengers_killed, 0.0 pedestrian_injured, 0.0 pedestrian_killed, Fair (Night), EDSA Pioneer St. Mandaluyong",MMDA Road Safety Unit,,272c46f0-900f-4ce8-a8ce-79081e7d6e3b,2015-11-03,11:40:00,"EDSA Robinson Forum Mall, Barangka Ilaya Mandaluyong",0,0,0,0,0,0,0,0,0,0,2015-11-03 19:40,Property,14.57236671,121.0472702,No Collision Stated
None,EDSA,None,None,"No Accident Factor, Side Swipe, 0.0 drivers_injured, 0.0 drivers_killed, 0.0 passengers_injured, 0.0 passengers_killed, 0.0 pedestrian_injured, 0.0 pedestrian_killed, Fair (Night), EDSA United St. Mandaluyong",MMDA Road Safety Unit,,349eb134-bd44-42e9-a942-8b00c5c80d00,2015-11-03,10:45:00,EDSA Ortigas Ave. Mandaluyong,0,0,0,0,0,0,0,0,0,0,2015-11-03 18:45,Property,14.57931229,121.0523819,Side Swipe
None,EDSA,None,None,"No Accident Factor, No Collision Stated (based on Police Blotter Book), 0.0 drivers_injured, 0.0 drivers_killed, 0.0 passengers_injured, 0.0 passengers_killed, 0.0 pedestrian_injured, 0.0 pedestrian_killed, Fair (Day), EDSA Highway 54 Bldg., Wack-wack Mandaluyong",MMDA Road Safety Unit,,72c0a335-a2bb-47c5-a4c6-70dd1beaeb58,2015-11-03,03:00:00,"EDSA SM Megamall, Wack-Wack  Mandaluyong",0,0,0,0,0,0,0,0,0,0,2015-11-03 11:00,Property,14.58500097,121.0556243,No Collision Stated
None,EDSA,None,None,"No Accident Factor, No Collision Stated (based on Police Blotter Book), 0.0 drivers_injured, 0.0 drivers_killed, 0.0 passengers_injured, 0.0 passengers_killed, 0.0 pedestrian_injured, 0.0 pedestrian_killed, Fair (Day), EDSA Highway 54 Bldg., Wack-wack Mandaluyong",MMDA Road Safety Unit,,ba9e9564-883b-42bc-8b8d-de91f20f7ca1,2015-11-03,00:30:00,EDSA Reliance St.  Mandaluyong,0,0,0,0,0,0,0,0,0,0,2015-11-03 8:30,Property,14.58500097,121.0556243,No Collision Stated
None,EDSA,None,None,"No Accident Factor, Rear-end, 0.0 drivers_injured, 0.0 drivers_killed, 0.0 passengers_injured, 0.0 passengers_killed, 0.0 pedestrian_injured, 0.0 pedestrian_killed, Fair (Day), EDSA Connecticut St. Mandaluyong",MMDA Road Safety Unit,,d7a9034b-a8ad-4fb6-a307-c52f1abdcd8a,2015-11-02,01:30:00,EDSA D. M. Guevarra St.  Mandaluyong,0,0,0,0,0,0,0,0,0,0,2015-11-02 9:30,Property,14.60151411,121.0591478,Rear-End
None,EDSA,None,None,"No Accident Factor, No Collision Stated (based on Police Blotter Book), 0.0 drivers_injured, 0.0 drivers_killed, 0.0 passengers_injured, 0.0 passengers_killed, 0.0 pedestrian_injured, 0.0 pedestrian_killed, Fair (Day), EDSA V.R. Potenciano Medical Center Mandaluyong",MMDA Road Safety Unit,,8b95f74a-5a7a-44b8-83ba-a7491e5c4ac7,2015-11-01,23:30:00,EDSA Boni MRT Station Mandaluyong,0,0,0,0,0,0,0,0,0,0,2015-11-02 7:30,Property,14.57684342,121.0502966,No Collision Stated
None,EDSA,None,None,"No Accident Factor, No Collision Stated (based on Police Blotter Book), 0.0 drivers_injured, 0.0 drivers_killed, 0.0 passengers_injured, 0.0 passengers_killed, 0.0 pedestrian_injured, 0.0 pedestrian_killed, Fair (Day), EDSA Boni Ave. (MRT Station) Mandaluyong",MMDA Road Safety Unit,,c2bcaffd-a10f-4c30-803e-98b3b9b20578,2015-11-01,07:00:00,EDSA Shaw Blvd. Mandaluyong,0,0,0,0,0,0,0,0,0,0,2015-11-01 15:00,Property,14.57249077,121.0472372,No Collision Stated
None,EDSA,None,None,"No Accident Factor, No Collision Stated (based on Police Blotter Book), 0.0 drivers_injured, 0.0 drivers_killed, 0.0 passengers_injured, 0.0 passengers_killed, 0.0 pedestrian_injured, 0.0 pedestrian_killed, Fair (Night), EDSA Megamall Mandaluyong",MMDA Road Safety Unit,,5e8e1faa-b0e9-4a72-b2db-17b277448eb9,2015-10-31,18:30:00,EDSA Boni Ave. Mandaluyong,0,0,0,0,0,0,0,0,0,0,2015-11-01 2:30,Property,14.58519582,121.0559351,No Collision Stated