LOCATION_TEXT,ROAD,WEATHER,LIGHT,DESC,REPORTING_AGENCY,MAIN_CAUSE,INCIDENTDETAILS_ID,DATE_UTC,TIME_UTC,ADDRESS,killed_driver,killed_passenger,killed_pedestrian,injured_driver,injured_passenger,injured_pedestrian,killed_uncategorized,injured_uncategorized,killed_total,injured_total,DATETIME_PST,SEVERITY,Y,X,COLLISION_TYPE
None,EDSA,None,None,"No Accident Factor, No Collision Stated (based on Police Blotter Book), 0.0 drivers_injured, 0.0 drivers_killed, 0.0 passengers_injured, 0.0 passengers_killed, 0.0 pedestrian_injured, 0.0 pedestrian_killed, Fair (Day), EDSA Madison St. Mandaluyong",MMDA Road Safety Unit,,8ff5090b-a009-40a2-aa42-b4e2edc58f33,2015-10-31,09:00:00,EDSA Reliance St. Mandaluyong,0,0,0,0,0,0,0,0,0,0,2015-10-31 17:00,Property,14.57464299,121.0489046,No Collision Stated
None,EDSA,None,None,"No Accident Factor, No Collision Stated (based on Police Blotter Book), 0.0 drivers_injured, 0.0 drivers_killed, 0.0 passengers_injured, 0.0 passengers_killed, 0.0 pedestrian_injured, 0.0 pedestrian_killed, Fair (Day), EDSA Shaw Blvd. Mandaluyong",MMDA Road Safety Unit,,9bcff35c-3c6c-4689-8817-8d90f8ef6945,2015-10-31,01:40:00,"EDSA Go Hotel, Barangka Ilaya Mandaluyong",0,0,0,0,0,0,0,0,0,0,2015-10-31 9:40,Property,14.58119822,121.0534578,No Collision Stated
None,EDSA,None,None,"No Accident Factor, Angle Impact, 0.0 drivers_injured, 0.0 drivers_killed, 0.0 passengers_injured, 0.0 passengers_killed, 0.0 pedestrian_injured, 0.0 pedestrian_killed, Fair (Day), EDSA Julia Vargas St. Mandaluyong",MMDA Road Safety Unit,,76329804-c2bd-4e6f-bb64-6588c79baa2c,2015-10-30,08:45:00,EDSA Robinsons Forum Mandaluyong,0,0,0,0,0,0,0,0,0,0,2015-10-30 16:45,Property,14.58458553,121.0557595,Angle Impact
None,EDSA,None,None,"No Accident Factor, No Collision Stated (based on Police Blotter Book), 0.0 drivers_injured, 0.0 drivers_killed, 0.0 passengers_injured, 0.0 passengers_killed, 0.0 pedestrian_injured, 0.0 pedestrian_killed, Fair (Night), EDSA POEA, Wack Wack Mandaluyong",MMDA Road Safety Unit,,15e748ef-57b8-4df2-86a1-7b5d747c5d9d,2015-10-29,16:30:00,EDSA Robinsons Forum Mandaluyong,0,0,0,0,0,0,0,0,0,0,2015-10-30 0:30,Property,14.59324183,121.0582336,No Collision Stated
None,EDSA,None,None,"No Accident Factor, No Collision Stated (based on Police Blotter Book), 0.0 drivers_injured, 0.0 drivers_killed, 0.0 passengers_injured, 0.0 passengers_killed, 0.0 pedestrian_injured, 0.0 pedestrian_killed, Fair (Night), EDSA Guadalupe Bridge Mandaluyong",MMDA Road Safety Unit,,e3df6b5e-5bb9-4f86-ae39-fb8523693f3e,2015-10-29,14:00:00,EDSA Julia Vargas Ave. Mandaluyong,0,0,0,0,0,0,0,0,0,0,2015-10-29 22:00,Property,14.5685496,121.0460027,No Collision Stated
None,EDSA,None,None,"No Accident Factor, No Collision Stated (based on Police Blotter Book), 0.0 drivers_injured, 0.0 drivers_killed, 0.0 passengers_injured, 0.0 passengers_killed, 0.0 pedestrian_injured, 0.0 pedestrian_killed, Fair (Night), EDSA Megamall Mandaluyong",MMDA Road Safety Unit,,025c9b9b-c625-401a-b28e-6ae88251237b,2015-10-28,20:40:00,"EDSA Go Hotel, Barangka Ilaya Mandaluyong",0,0,0,0,0,0,0,0,0,0,2015-10-29 4:40,Property,14.58519582,121.0559351,No Collision Stated
None,EDSA,None,None,"No Accident Factor, No Collision Stated (based on Police Blotter Book), 0.0 drivers_injured, 0.0 drivers_killed, 0.0 passengers_injured, 0.0 passengers_killed, 0.0 pedestrian_injured, 0.0 pedestrian_killed, Fair (Night), EDSA Transcom Mandaluyong",MMDA Road Safety Unit,,9e8adc48-394b-441e-90b9-a36ecc7b532b,2015-10-28,18:30:00,EDSA Robinsons Forum Mandaluyong,0,0,0,0,0,0,0,0,0,0,2015-10-29 2:30,Property,14.58930651,121.0570669,No Collision Stated
None,EDSA,None,None,"No Accident Factor, No Collision Stated (based on Police Blotter Book), 0.0 drivers_injured, 0.0 drivers_killed, 0.0 passengers_injured, 0.0 passengers_killed, 0.0 pedestrian_injured, 0.0 pedestrian_killed, Fair (Night), EDSA SMDC Mandaluyong",MMDA Road Safety Unit,,bb08a19e-35e4-4793-b8eb-c2b2c76b3cc2,2015-10-28,14:30:00,EDSA Filinvest Bldg. Mandaluyong,0,0,0,0,0,0,0,0,0,0,2015-10-28 22:30,Property,14.57496984,121.0491482,No Collision Stated
None,EDSA,None,None,"No Accident Factor, Rear-end, 0.0 drivers_injured, 0.0 drivers_killed, 0.0 passengers_injured, 0.0 passengers_killed, 0.0 pedestrian_injured, 0.0 pedestrian_killed, Fair (Day), EDSA Shaw Blvd. Mandaluyong",MMDA Road Safety Unit,,3a40f71e-805b-4d0b-a5cf-3a40c21b6f7a,2015-10-28,03:05:00,EDSA Barangka Drive Mandaluyong,0,0,0,0,0,0,0,0,0,0,2015-10-28 11:05,Property,14.58119822,121.0534578,Rear-End
None,EDSA,None,None,"No Accident Factor, No Collision Stated (based on Police Blotter Book), 0.0 drivers_injured, 0.0 drivers_killed, 0.0 passengers_injured, 0.0 passengers_killed, 0.0 pedestrian_injured, 0.0 pedestrian_killed, Fair (Day), EDSA AMA Tower, Wack Wack Mandaluyong",MMDA Road Safety Unit,,ae123ec6-5507-4a08-8648-52be3d7e5e1a,2015-10-28,02:15:00,EDSA United St. Mandaluyong,0,0,0,0,0,0,0,0,0,0,2015-10-28 10:15,Property,14.59107372,121.057611,No Collision Stated
None,EDSA,None,None,"No Accident Factor, No Collision Stated (based on Police Blotter Book), 0.0 drivers_injured, 0.0 drivers_killed, 0.0 passengers_injured, 0.0 passengers_killed, 0.0 pedestrian_injured, 0.0 pedestrian_killed, Fair (Night), EDSA Lions Road Mandaluyong",MMDA Road Safety Unit,,2476449c-1d6d-49b9-91fb-8471fb23e51f,2015-10-27,19:30:00,EDSA G.A. Tower Mandaluyong,0,0,0,0,0,0,0,0,0,0,2015-10-28 3:30,Property,14.56999727,121.0462587,No Collision Stated
None,EDSA,None,None,"No Accident Factor, No Collision Stated (based on Police Blotter Book), 0.0 drivers_injured, 0.0 drivers_killed, 0.0 passengers_injured, 0.0 passengers_killed, 0.0 pedestrian_injured, 0.0 pedestrian_killed, Fair (Night), EDSA Cybergate Road Mandaluyong",MMDA Road Safety Unit,,7858229a-49c7-4186-9b17-3239e7c78962,2015-10-27,11:30:00,EDSA United St. Mandaluyong,0,0,0,0,0,0,0,0,0,0,2015-10-27 19:30,Property,14.57065668,121.0466445,No Collision Stated
None,EDSA,None,None,"No Accident Factor, Angle Impact, 0.0 drivers_injured, 0.0 drivers_killed, 0.0 passengers_injured, 0.0 passengers_killed, 0.0 pedestrian_injured, 0.0 pedestrian_killed, Fair (Night), EDSA United St. Mandaluyong",MMDA Road Safety Unit,,39e89f97-1252-43e8-9e74-0b8e48021095,2015-10-27,10:00:00,EDSA Barangka Drive Mandaluyong,0,0,0,0,0,0,0,0,0,0,2015-10-27 18:00,Property,14.57931229,121.0523819,Angle Impact
None,EDSA,None,None,"No Accident Factor, Side Swipe, 0.0 drivers_injured, 0.0 drivers_killed, 0.0 passengers_injured, 0.0 passengers_killed, 0.0 pedestrian_injured, 0.0 pedestrian_killed, Fair (Day), EDSA Ortigas Ave. Mandaluyong",MMDA Road Safety Unit,,2d59c800-2000-43e3-8fc6-e8f68aa09306,2015-10-27,06:20:00,EDSA Pinatubo St. Mandaluyong,0,0,0,0,0,0,0,0,0,0,2015-10-27 14:20,Property,14.59305232,121.0585643,Side Swipe
None,EDSA,None,None,"No Accident Factor, No Collision Stated (based on Police Blotter Book), 0.0 drivers_injured, 0.0 drivers_killed, 0.0 passengers_injured, 0.0 passengers_killed, 0.0 pedestrian_injured, 0.0 pedestrian_killed, Fair (Day), EDSA Starmall Mandaluyong",MMDA Road Safety Unit,,bfbae093-6e29-489a-9d5b-36d6d58e8fbf,2015-10-26,22:20:00,EDSA VRP Medical Center Mandaluyong,0,0,0,0,0,0,0,0,0,0,2015-10-27 6:20,Property,14.58198795,121.0540368,No Collision Stated
None,EDSA,None,None,"No Accident Factor, No Collision Stated (based on Police Blotter Book), 0.0 drivers_injured, 0.0 drivers_killed, 0.0 passengers_injured, 0.0 passengers_killed, 0.0 pedestrian_injured, 0.0 pedestrian_killed, Fair (Night), EDSA United St. Mandaluyong",MMDA Road Safety Unit,,4eef7191-1c16-4ca6-8968-2a146ba4424b,2015-10-26,20:20:00,"EDSA SM Megamall, Wack-Wack Mandaluyong",0,0,0,0,0,0,0,0,0,0,2015-10-27 4:20,Property,14.57931229,121.0523819,No Collision Stated
None,EDSA,None,None,"No Accident Factor, Rear-end, 0.0 drivers_injured, 0.0 drivers_killed, 0.0 passengers_injured, 0.0 passengers_killed, 0.0 pedestrian_injured, 0.0 pedestrian_killed, Fair (Day), EDSA Megamall  Mandaluyong",MMDA Road Safety Unit,,0648af4b-f5c3-41a1-8d90-53d8d11cdae4,2015-10-26,09:00:00,EDSA Ortigas Ave. Mandaluyong,0,0,0,0,0,0,0,0,0,0,2015-10-26 17:00,Property,14.58519582,121.0559351,Rear-End
None,EDSA,None,None,"No Accident Factor, Side Swipe, 0.0 drivers_injured, 0.0 drivers_killed, 0.0 passengers_injured, 0.0 passengers_killed, 0.0 pedestrian_injured, 0.0 pedestrian_killed, Fair (Day), EDSA Starmall Driveway, Wack-Wack Mandaluyong",MMDA Road Safety Unit,,7bb7f208-bf5a-491f-a5be-84c9c77a9727,2015-10-26,05:00:00,"EDSA ""U"" turn slot, Robinsons Galleria Mall, Wack-Wack Mandaluyong",0,0,0,0,0,0,0,0,0,0,2015-10-26 13:00,Property,14.58198795,121.0540368,Side Swipe
None,EDSA,None,None,"No Accident Factor, No Collision Stated (based on Police Blotter Book), 0.0 drivers_injured, 0.0 drivers_killed, 0.0 passengers_injured, 0.0 passengers_killed, 0.0 pedestrian_injured, 0.0 pedestrian_killed, Fair (Night), EDSA Shaw Blvd. Mandaluyong",MMDA Road Safety Unit,,fe091a14-4840-474a-8ed7-23ccb73b5dcf,2015-10-25,13:45:00,EDSA Shaw Blvd. Mandaluyong,0,0,0,0,0,0,0,0,0,0,2015-10-25 21:45,Property,14.58119822,121.0534578,No Collision Stated
None,EDSA,None,None,"No Accident Factor, Multiple Collision, 0.0 drivers_injured, 0.0 drivers_killed, 0.0 passengers_injured, 0.0 passengers_killed, 0.0 pedestrian_injured, 0.0 pedestrian_killed, Fair (Night), EDSA Pavillion  Mandaluyong",MMDA Road Safety Unit,,bcd0cebc-5694-43ca-93e0-f87ebc8f080a,2015-10-25,12:00:00,EDSA Reliance St.  Mandaluyong,0,0,0,0,0,0,0,0,0,0,2015-10-25 20:00,Property,14.5794983,121.052618,Multiple
None,EDSA,None,None,"No Accident Factor, Side Swipe, 0.0 drivers_injured, 0.0 drivers_killed, 0.0 passengers_injured, 0.0 passengers_killed, 0.0 pedestrian_injured, 0.0 pedestrian_killed, Fair (Day), EDSA Highway 54 Bldg., Wack-wack Mandaluyong",MMDA Road Safety Unit,,2bba2073-e498-45ff-aebf-1a94e0ce8de6,2015-10-25,06:30:00,EDSA Ortigas Ave. Mandaluyong,0,0,0,0,0,0,0,0,0,0,2015-10-25 14:30,Property,14.58500097,121.0556243,Side Swipe
None,EDSA,None,None,"No Accident Factor, No Collision Stated (based on Police Blotter Book), 0.0 drivers_injured, 0.0 drivers_killed, 0.0 passengers_injured, 0.0 passengers_killed, 0.0 pedestrian_injured, 0.0 pedestrian_killed, Fair (Day), EDSA Highway 54 Bldg., Wack-wack Mandaluyong",MMDA Road Safety Unit,,3c446241-e435-4570-bbb3-713146a8ea8b,2015-10-25,06:30:00,EDSA Pavillion Highway Hills Mandaluyong,0,0,0,0,0,0,0,0,0,0,2015-10-25 14:30,Property,14.58500097,121.0556243,No Collision Stated
None,EDSA,None,None,"No Accident Factor, Side Swipe, 0.0 drivers_injured, 0.0 drivers_killed, 0.0 passengers_injured, 0.0 passengers_killed, 0.0 pedestrian_injured, 0.0 pedestrian_killed, Fair (Day), EDSA Pioneer St. Mandaluyong",MMDA Road Safety Unit,,70dbf859-a012-417e-9942-0b0e763d3863,2015-10-24,05:30:00,"EDSA Pavillion , Highway Hills Mandaluyong",0,0,0,0,0,0,0,0,0,0,2015-10-24 13:30,Property,14.57236671,121.0472702,Side Swipe
None,EDSA,None,None,"No Accident Factor, Rear-end, 0.0 drivers_injured, 0.0 drivers_killed, 0.0 passengers_injured, 0.0 passengers_killed, 0.0 pedestrian_injured, 0.0 pedestrian_killed, Fair (Day), EDSA V. R. P. Medical Center Parking Area, Malamig Mandaluyong",MMDA Road Safety Unit,,5dfc05b1-a3a2-4cf1-833c-c270f58d68af,2015-10-24,04:30:00,"EDSA Highway 54 Bldg., Wack-wack Mandaluyong",0,0,0,0,0,0,0,0,0,0,2015-10-24 12:30,Property,14.57684342,121.0502966,Rear-End
None,EDSA,None,None,"No Accident Factor, No Collision Stated (based on Police Blotter Book), 0.0 drivers_injured, 0.0 drivers_killed, 0.0 passengers_injured, 0.0 passengers_killed, 0.0 pedestrian_injured, 0.0 pedestrian_killed, Fair (Day), EDSA Starmall, Wack-Wack Mandaluyong",MMDA Road Safety Unit,,08dac79e-87db-424c-b1a1-0b9905edf096,2015-10-24,03:30:00,EDSA Pioneer St. Mandaluyong,0,0,0,0,0,0,0,0,0,0,2015-10-24 11:30,Property,14.58198795,121.0540368,No Collision Stated
None,EDSA,None,None,"No Accident Factor, No Collision Stated (based on Police Blotter Book), 0.0 drivers_injured, 0.0 drivers_killed, 0.0 passengers_injured, 0.0 passengers_killed, 0.0 pedestrian_injured, 0.0 pedestrian_killed, Fair (Night), EDSA SM Megamall Mandaluyong",MMDA Road Safety Unit,,ccb9678b-bfd2-49ce-bf6e-f6a6e21af40d,2015-10-23,21:30:00,EDSA Rochester St.  Mandaluyong,0,0,0,0,0,0,0,0,0,0,2015-10-24 5:30,Property,14.58501645,121.0558372,No Collision Stated
None,EDSA,None,None,"No Accident Factor, No Collision Stated (based on Police Blotter Book), 0.0 drivers_injured, 0.0 drivers_killed, 0.0 passengers_injured, 0.0 passengers_killed, 0.0 pedestrian_injured, 0.0 pedestrian_killed, Fair (Day), EDSA Florida St.  Mandaluyong",MMDA Road Safety Unit,,fb26475e-d140-4d43-96bc-0c11c0769d23,2015-10-23,00:30:00,EDSA Shaw Blvd. Mandaluyong,0,0,0,0,0,0,0,0,0,0,2015-10-23 8:30,Property,14.59428618,121.0585864,No Collision Stated
None,EDSA,None,None,"No Accident Factor, No Collision Stated (based on Police Blotter Book), 0.0 drivers_injured, 0.0 drivers_killed, 0.0 passengers_injured, 0.0 passengers_killed, 0.0 pedestrian_injured, 0.0 pedestrian_killed, Fair (Night), EDSA Pioneer St. (Robinsons Forum), Ilaya  Mandaluyong",MMDA Road Safety Unit,,d8f9659c-582d-41be-9fab-aea136ab6255,2015-10-22,14:00:00,EDSA Barangka Drive Mandaluyong,0,0,0,0,0,0,0,0,0,0,2015-10-22 22:00,Property,14.57236671,121.0472702,No Collision Stated
None,EDSA,None,None,"No Accident Factor, No Collision Stated (based on Police Blotter Book), 0.0 drivers_injured, 0.0 drivers_killed, 0.0 passengers_injured, 0.0 passengers_killed, 0.0 pedestrian_injured, 0.0 pedestrian_killed, Fair (Night), EDSA RICOA Compound, Highway Hills Mandaluyong",MMDA Road Safety Unit,,4b4f4751-9885-4ca1-a75e-0623c9d9903a,2015-10-22,12:00:00,EDSA G. A. Tower Mandaluyong,0,0,0,0,0,0,0,0,0,0,2015-10-22 20:00,Property,14.57597502,121.0499586,No Collision Stated
None,EDSA,None,None,"No Accident Factor, No Collision Stated (based on Police Blotter Book), 0.0 drivers_injured, 0.0 drivers_killed, 0.0 passengers_injured, 0.0 passengers_killed, 0.0 pedestrian_injured, 0.0 pedestrian_killed, Fair (Day), EDSA SMDC Bldg., Highway Hills Mandaluyong",MMDA Road Safety Unit,,ffc360b1-18e8-44ff-bdd3-67f4d5ae683d,2015-10-22,09:00:00,"EDSA SM Megamall, Wack-Wack Mandaluyong",0,0,0,0,0,0,0,0,0,0,2015-10-22 17:00,Property,14.57496984,121.0491482,No Collision Stated
None,EDSA,None,None,"No Accident Factor, Rear-end, 0.0 drivers_injured, 0.0 drivers_killed, 0.0 passengers_injured, 0.0 passengers_killed, 0.0 pedestrian_injured, 0.0 pedestrian_killed, Fair (Night), EDSA SM Megamall, Wack-Wack Mandaluyong",MMDA Road Safety Unit,,835f4bad-5432-4f47-bede-64cf6e109013,2015-10-21,11:45:00,EDSA Shaw Blvd. Mandaluyong,0,0,0,0,0,0,0,0,0,0,2015-10-21 19:45,Property,14.58501645,121.0558372,Rear-End
None,EDSA,None,None,"No Accident Factor, Hit and Run (No Collision Stated), 0.0 drivers_injured, 0.0 drivers_killed, 0.0 passengers_injured, 0.0 passengers_killed, 0.0 pedestrian_injured, 0.0 pedestrian_killed, Fair (Day), EDSA Barangka Drive Mandaluyong",MMDA Road Safety Unit,,2f10c85e-dead-4f04-8168-1ef632d42b40,2015-10-21,07:30:00,"EDSA Highway 54 Bldg., Wack-wack Mandaluyong",0,0,0,0,0,0,0,0,0,0,2015-10-21 15:30,Property,14.57852617,121.0515355,No Collision Stated
None,EDSA,None,None,"No Accident Factor, No Collision Stated (based on Police Blotter Book), 0.0 drivers_injured, 0.0 drivers_killed, 0.0 passengers_injured, 0.0 passengers_killed, 0.0 pedestrian_injured, 0.0 pedestrian_killed, Fair (Day), EDSA Starmall, Wack-Wack Mandaluyong",MMDA Road Safety Unit,,a0bb9571-e5e9-45df-8565-4ae340b69aa8,2015-10-21,06:00:00,EDSA Shaw Blvd. Mandaluyong,0,0,0,0,0,0,0,0,0,0,2015-10-21 14:00,Property,14.58198795,121.0540368,No Collision Stated
None,EDSA,None,None,"No Accident Factor, No Collision Stated (based on Police Blotter Book), 0.0 drivers_injured, 0.0 drivers_killed, 0.0 passengers_injured, 0.0 passengers_killed, 0.0 pedestrian_injured, 0.0 pedestrian_killed, Fair (Night), EDSA Ortigas Ave. Mandaluyong",MMDA Road Safety Unit,,26a50ad9-3cc3-4c8c-9d7c-9c6caa1062b8,2015-10-20,19:00:00,"EDSA Light Mall Residence, Highway Hills Mandaluyong",0,0,0,0,0,0,0,0,0,0,2015-10-21 3:00,Property,14.59305232,121.0585643,No Collision Stated
None,EDSA,None,None,"No Accident Factor, No Collision Stated (based on Police Blotter Book), 0.0 drivers_injured, 0.0 drivers_killed, 0.0 passengers_injured, 0.0 passengers_killed, 0.0 pedestrian_injured, 0.0 pedestrian_killed, Fair (Night), EDSA SM Megamall, Wack-Wack  Mandaluyong",MMDA Road Safety Unit,,f97872b6-af35-4658-a618-f11038d97208,2015-10-19,20:00:00,"EDSA Light Mall Residence, Highway Hills Mandaluyong",0,0,0,0,0,0,0,0,0,0,2015-10-20 4:00,Property,14.58501645,121.0558372,No Collision Stated
None,EDSA,None,None,"No Accident Factor, Rear-end, 0.0 drivers_injured, 0.0 drivers_killed, 0.0 passengers_injured, 0.0 passengers_killed, 0.0 pedestrian_injured, 0.0 pedestrian_killed, Fair (Night), EDSA Shangri-La Plaza, Wack-Wack  Mandaluyong",MMDA Road Safety Unit,,79637ca4-34f1-423b-9c71-30c93bd2de74,2015-10-19,11:45:00,"EDSA Go Hotel, Barangka Ilaya Mandaluyong",0,0,0,0,0,0,0,0,0,0,2015-10-19 19:45,Property,14.58223571,121.0544805,Rear-End
None,EDSA,None,None,"No Accident Factor, No Collision Stated (based on Police Blotter Book), 0.0 drivers_injured, 0.0 drivers_killed, 0.0 passengers_injured, 0.0 passengers_killed, 0.0 pedestrian_injured, 0.0 pedestrian_killed, Fair (Day), EDSA Teleperformance, Highway Hills Mandaluyong",MMDA Road Safety Unit,,61c7b7b1-7f99-4d7f-a61c-5a4feec1604d,2015-10-19,01:00:00,EDSA SM Megamall Mandaluyong,0,0,0,0,0,0,0,0,0,0,2015-10-19 9:00,Property,14.58002746,121.0528877,No Collision Stated
None,EDSA,None,None,"No Accident Factor, No Collision Stated (based on Police Blotter Book), 0.0 drivers_injured, 0.0 drivers_killed, 0.0 passengers_injured, 0.0 passengers_killed, 0.0 pedestrian_injured, 0.0 pedestrian_killed, Fair (Day), EDSA Central, Highway Hills Mandaluyong",MMDA Road Safety Unit,,d428a258-c8fe-4123-aa67-db21a5d2a48c,2015-10-18,08:15:00,EDSA SM Megamall Mandaluyong,0,0,0,0,0,0,0,0,0,0,2015-10-18 16:15,Property,14.5799359,121.0529018,No Collision Stated
None,EDSA,None,None,"No Accident Factor, Self-Accident, 1.0 drivers_injured, 0.0 drivers_killed, 3.0 passengers_injured, 0.0 passengers_killed, 0.0 pedestrian_injured, 0.0 pedestrian_killed, Fair (Day), EDSA SM Megamall, Wack-Wack Mandaluyong",MMDA Road Safety Unit,,a2be798d-2b84-4fae-8ff4-171897ad250f,2015-10-18,05:00:00,"EDSA Highway 54 Bldg., Wack-wack Mandaluyong",0,0,0,1,3,0,0,0,0,4,2015-10-18 13:00,Injury,14.58501645,121.0558372,Self-Accident
None,EDSA,None,None,"No Accident Factor, No Collision Stated (based on Police Blotter Book), 0.0 drivers_injured, 0.0 drivers_killed, 0.0 passengers_injured, 0.0 passengers_killed, 0.0 pedestrian_injured, 0.0 pedestrian_killed, Fair (Night), EDSA Highway 54 Bldg., Wack-wack Mandaluyong",MMDA Road Safety Unit,,dc67428e-f1f4-4556-8ad7-4836eb2a947b,2015-10-17,14:30:00,"EDSA SM Megamall, Wack-Wack Mandaluyong",0,0,0,0,0,0,0,0,0,0,2015-10-17 22:30,Property,14.58500097,121.0556243,No Collision Stated
None,EDSA,None,None,"No Accident Factor, No Collision Stated (based on Police Blotter Book), 0.0 drivers_injured, 0.0 drivers_killed, 0.0 passengers_injured, 0.0 passengers_killed, 0.0 pedestrian_injured, 0.0 pedestrian_killed, Fair (Night), EDSA SM Megamall Mandaluyong",MMDA Road Safety Unit,,686606b3-956b-4bef-8ded-8ce66c02eee7,2015-10-17,12:45:00,EDSA Rochester St.  Mandaluyong,0,0,0,0,0,0,0,0,0,0,2015-10-17 20:45,Property,14.58501645,121.0558372,No Collision Stated
None,EDSA,None,None,"No Accident Factor, Rear-end, 0.0 drivers_injured, 0.0 drivers_killed, 0.0 passengers_injured, 0.0 passengers_killed, 0.0 pedestrian_injured, 0.0 pedestrian_killed, Fair (Day), EDSA SM Megamall Mandaluyong",MMDA Road Safety Unit,,033cb99d-c29b-40fe-913f-33b4c1f6a377,2015-10-17,09:00:00,EDSA Pioneer St. Mandaluyong,0,0,0,0,0,0,0,0,0,0,2015-10-17 17:00,Property,14.58501645,121.0558372,Rear-End
None,EDSA,None,None,"No Accident Factor, Rear-end, 0.0 drivers_injured, 0.0 drivers_killed, 0.0 passengers_injured, 0.0 passengers_killed, 0.0 pedestrian_injured, 0.0 pedestrian_killed, Fair (Day), EDSA D. M. Guevarra St.  Mandaluyong",MMDA Road Safety Unit,,2a34d524-50d2-454c-aa79-b2a5e38a54e1,2015-10-17,04:30:00,EDSA Boni Ave. Mandaluyong,0,0,0,0,0,0,0,0,0,0,2015-10-17 12:30,Property,14.57864789,121.0515591,Rear-End
None,EDSA,None,None,"No Accident Factor, Angle Impact, 0.0 drivers_injured, 0.0 drivers_killed, 0.0 passengers_injured, 0.0 passengers_killed, 0.0 pedestrian_injured, 0.0 pedestrian_killed, Fair (Day), EDSA Ortigas Ave. (NB) Mandaluyong",MMDA Road Safety Unit,,d8c7a3c0-6e8f-4a7e-9e85-d3ef58abf99b,2015-10-15,23:30:00,"EDSA Amber Restaurant, Ilaya Mandaluyong",0,0,0,0,0,0,0,0,0,0,2015-10-16 7:30,Property,14.59327428,121.0582827,Angle Impact
None,EDSA,None,None,"No Accident Factor, Side Swipe, 0.0 drivers_injured, 0.0 drivers_killed, 0.0 passengers_injured, 0.0 passengers_killed, 0.0 pedestrian_injured, 0.0 pedestrian_killed, Fair (Night), EDSA Highway 54 Bldg., Wack-wack Mandaluyong",MMDA Road Safety Unit,,d4e095ce-e368-4975-b53b-491481ed26b4,2015-10-15,14:05:00,"EDSA Connecticut, Wack-Wack Mandaluyong",0,0,0,0,0,0,0,0,0,0,2015-10-15 22:05,Property,14.58500097,121.0556243,Side Swipe
None,EDSA,None,None,"No Accident Factor, Side Swipe, 0.0 drivers_injured, 0.0 drivers_killed, 0.0 passengers_injured, 0.0 passengers_killed, 0.0 pedestrian_injured, 0.0 pedestrian_killed, Fair (Day), EDSA Guadix (NB) Mandaluyong",MMDA Road Safety Unit,,2f5c4d9c-d7df-49b0-bd28-3cee5579da34,2015-10-15,07:30:00,EDSA Boni MRT Station Mandaluyong,0,0,0,0,0,0,0,0,0,0,2015-10-15 15:30,Property,14.58940512,121.0573295,Side Swipe
None,EDSA,None,None,"No Accident Factor, Hit and Run (Side Swipe), 0.0 drivers_injured, 0.0 drivers_killed, 0.0 passengers_injured, 0.0 passengers_killed, 0.0 pedestrian_injured, 0.0 pedestrian_killed, Fair (Day), EDSA Highway 54 Bldg., Wack-wack Mandaluyong",MMDA Road Safety Unit,,f808cdb2-522d-4842-9edc-e7e7e5e0d55a,2015-10-15,00:50:00,EDSA Pioneer St. Mandaluyong,0,0,0,0,0,0,0,0,0,0,2015-10-15 8:50,Property,14.58500097,121.0556243,Side Swipe
None,EDSA,None,None,"No Accident Factor, Rear-end, 0.0 drivers_injured, 0.0 drivers_killed, 0.0 passengers_injured, 0.0 passengers_killed, 0.0 pedestrian_injured, 0.0 pedestrian_killed, Fair (Night), EDSA Boni Ave. / Pinatubo St.  Mandaluyong",MMDA Road Safety Unit,,86ec1083-732f-44d8-bf92-429077a15e6f,2015-10-14,10:00:00,"EDSA SM Megamall Bldg. A, Wack-Wack Mandaluyong",0,0,0,0,0,0,0,0,0,0,2015-10-14 18:00,Property,14.57329754,121.0476425,Rear-End
None,EDSA,None,None,"No Accident Factor, No Collision Stated (based on Police Blotter Book), 0.0 drivers_injured, 0.0 drivers_killed, 0.0 passengers_injured, 0.0 passengers_killed, 0.0 pedestrian_injured, 0.0 pedestrian_killed, Fair (Day), EDSA ""U"" turn slot, Ortigas Ave. (POEA), Wack-Wack Mandaluyong",MMDA Road Safety Unit,,6c7362a9-681c-4555-aca4-b969fb18f5f4,2015-10-14,08:20:00,"EDSA Gate 5 Landbank, Wack-Wack Mandaluyong",0,0,0,0,0,0,0,0,0,0,2015-10-14 16:20,Property,14.59256801,121.0581243,No Collision Stated
None,EDSA,None,None,"No Accident Factor, No Collision Stated (based on Police Blotter Book), 0.0 drivers_injured, 0.0 drivers_killed, 0.0 passengers_injured, 0.0 passengers_killed, 0.0 pedestrian_injured, 0.0 pedestrian_killed, Fair (Night), EDSA ""U"" turn slot, Ortigas Ave. (NB) Mandaluyong",MMDA Road Safety Unit,,e8a5e0ad-f4df-4b89-be6d-e2ca84f48c6e,2015-10-13,21:10:00,"EDSA Ortigas MRT Station, Wack-Wack Mandaluyong",0,0,0,0,0,0,0,0,0,0,2015-10-14 5:10,Property,14.59255254,121.0581903,No Collision Stated