LOCATION_TEXT,ROAD,WEATHER,LIGHT,DESC,REPORTING_AGENCY,MAIN_CAUSE,INCIDENTDETAILS_ID,DATE_UTC,TIME_UTC,ADDRESS,killed_driver,killed_passenger,killed_pedestrian,injured_driver,injured_passenger,injured_pedestrian,killed_uncategorized,injured_uncategorized,killed_total,injured_total,DATETIME_PST,SEVERITY,Y,X,COLLISION_TYPE
None,EDSA,None,None,"No Accident Factor, No Collision Stated (based on Police Blotter Book), 0.0 drivers_injured, 0.0 drivers_killed, 0.0 passengers_injured, 0.0 passengers_killed, 0.0 pedestrian_injured, 0.0 pedestrian_killed, Fair (Night), EDSA Robinsons Forum, Ilaya Mandaluyong",MMDA Road Safety Unit,,60e0a4df-35f5-40ba-8fba-5b3cb2973695,2015-10-13,13:30:00,"EDSA Ortigas MRT Station, Wack-Wack Mandaluyong",0,0,0,0,0,0,0,0,0,0,2015-10-13 21:30,Property,14.57182388,121.0470705,No Collision Stated
None,EDSA,None,None,"No Accident Factor, No Collision Stated (based on Police Blotter Book), 0.0 drivers_injured, 0.0 drivers_killed, 0.0 passengers_injured, 0.0 passengers_killed, 0.0 pedestrian_injured, 0.0 pedestrian_killed, Fair (Day), EDSA Boni MRT Station, Malamig Mandaluyong",MMDA Road Safety Unit,,cb4a040b-3d7c-4471-a8e3-7606af830a8f,2015-10-12,22:40:00,"EDSA V. R. P. Medical Center, Highway Hills Mandaluyong",0,0,0,0,0,0,0,0,0,0,2015-10-13 6:40,Property,14.57372098,121.0479555,No Collision Stated
None,EDSA,None,None,"No Accident Factor, Rear-end, 0.0 drivers_injured, 0.0 drivers_killed, 0.0 passengers_injured, 0.0 passengers_killed, 0.0 pedestrian_injured, 0.0 pedestrian_killed, Fair (Night), EDSA Shaw Blvd. Mandaluyong",MMDA Road Safety Unit,,8f17bb9c-3eaf-4f34-a3a5-05cb744f11fe,2015-10-12,12:30:00,"EDSA Highway 54 Bldg., Wack-wack Mandaluyong",0,0,0,0,0,0,0,0,0,0,2015-10-12 20:30,Property,14.58119822,121.0534578,Rear-End
None,EDSA,None,None,"No Accident Factor, No Collision Stated (based on Police Blotter Book), 0.0 drivers_injured, 0.0 drivers_killed, 0.0 passengers_injured, 0.0 passengers_killed, 0.0 pedestrian_injured, 0.0 pedestrian_killed, Fair (Day), EDSA SM Megamall, Wack-Wack Mandaluyong",MMDA Road Safety Unit,,c89ee375-9883-4fb6-b242-8a2102f41754,2015-10-12,09:00:00,"EDSA ABB, Wack-Wack  Mandaluyong",0,0,0,0,0,0,0,0,0,0,2015-10-12 17:00,Property,14.58501645,121.0558372,No Collision Stated
None,EDSA,None,None,"No Accident Factor, No Collision Stated (based on Police Blotter Book), 0.0 drivers_injured, 0.0 drivers_killed, 0.0 passengers_injured, 0.0 passengers_killed, 0.0 pedestrian_injured, 0.0 pedestrian_killed, Fair (Day), EDSA Boni Ave. (Robinsons Forum, Barangka Ilaya)  Mandaluyong",MMDA Road Safety Unit,,7644e5fc-6afa-4d2c-9723-c6aa3938cb3d,2015-10-12,07:40:00,"EDSA Boni MRT Station, Highway Hills Mandaluyong",0,0,0,0,0,0,0,0,0,0,2015-10-12 15:40,Property,14.57249077,121.0472372,No Collision Stated
None,EDSA,None,None,"No Accident Factor, Side Swipe, 0.0 drivers_injured, 0.0 drivers_killed, 0.0 passengers_injured, 0.0 passengers_killed, 0.0 pedestrian_injured, 0.0 pedestrian_killed, Fair (Day), EDSA SM Megamall Bldg. A Driveway Mandaluyong",MMDA Road Safety Unit,,26f0093c-92ab-4c2b-95b2-5438e9fd775e,2015-10-12,06:15:00,EDSA Boni Ave. Mandaluyong,0,0,0,0,0,0,0,0,0,0,2015-10-12 14:15,Property,14.58501645,121.0558372,Side Swipe
None,EDSA,None,None,"No Accident Factor, Angle Impact, 0.0 drivers_injured, 0.0 drivers_killed, 0.0 passengers_injured, 0.0 passengers_killed, 0.0 pedestrian_injured, 0.0 pedestrian_killed, Fair (Day), EDSA Robinsons Pionner Mandaluyong",MMDA Road Safety Unit,,5cf7346b-213d-4fd3-af3c-8dcf18e0c59d,2015-10-12,02:10:00,"EDSA SMDC Bldg., Highway Hills Mandaluyong",0,0,0,0,0,0,0,0,0,0,2015-10-12 10:10,Property,14.57161544,121.0469258,Angle Impact
None,EDSA,None,None,"No Accident Factor, Side Swipe, 1.0 drivers_injured, 0.0 drivers_killed, 0.0 passengers_injured, 0.0 passengers_killed, 0.0 pedestrian_injured, 0.0 pedestrian_killed, Fair (Day), EDSA Highway 54 Bldg., Wack-wack Mandaluyong",MMDA Road Safety Unit,,aa24427a-ee04-4df6-a43e-82cdbbb6577f,2015-10-10,05:50:00,EDSA Go Hotel Mandaluyong,0,0,0,1,0,0,0,0,0,1,2015-10-10 13:50,Injury,14.58500097,121.0556243,Side Swipe
None,EDSA,None,None,"No Accident Factor, Hit Object (Barrier-Concrete), 0.0 drivers_injured, 0.0 drivers_killed, 0.0 passengers_injured, 0.0 passengers_killed, 0.0 pedestrian_injured, 0.0 pedestrian_killed, Fair (Day), EDSA Connecticut Mandaluyong",MMDA Road Safety Unit,,d95671f5-fe00-449d-9f42-46d4031a96da,2015-10-09,22:00:00,EDSA Shaw Blvd. Mandaluyong,0,0,0,0,0,0,0,0,0,0,2015-10-10 6:00,Property,14.60166503,121.0591465,Hit Object
None,EDSA,None,None,"No Accident Factor, No Collision Stated (based on Police Blotter Book), 0.0 drivers_injured, 0.0 drivers_killed, 0.0 passengers_injured, 0.0 passengers_killed, 0.0 pedestrian_injured, 0.0 pedestrian_killed, Fair (Night), EDSA G. A. Tower, Malamig Mandaluyong",MMDA Road Safety Unit,,8f765d0a-2174-422e-b82d-d2dab7aa9cb7,2015-10-09,16:20:00,"EDSA Caltex Gas Station, Ilaya Mandaluyong",0,0,0,0,0,0,0,0,0,0,2015-10-10 0:20,Property,14.57386012,121.0480107,No Collision Stated
None,EDSA,None,None,"No Accident Factor, No Collision Stated (based on Police Blotter Book), 0.0 drivers_injured, 0.0 drivers_killed, 0.0 passengers_injured, 0.0 passengers_killed, 0.0 pedestrian_injured, 0.0 pedestrian_killed, Fair (Day), EDSA SM Megamall, Wack-Wack Greenhills Mandaluyong",MMDA Road Safety Unit,,26445a33-a9b2-4787-a50f-598fb1d15e71,2015-10-08,22:45:00,"EDSA V. R. P. Medical Center, Highway Hills Mandaluyong",0,0,0,0,0,0,0,0,0,0,2015-10-09 6:45,Property,14.58501645,121.0558372,No Collision Stated
None,EDSA,None,None,"No Accident Factor, No Collision Stated (based on Police Blotter Book), 0.0 drivers_injured, 0.0 drivers_killed, 0.0 passengers_injured, 0.0 passengers_killed, 0.0 pedestrian_injured, 0.0 pedestrian_killed, Fair (Night), EDSA Robinsons Forum, Barangka Ilaya Mandaluyong",MMDA Road Safety Unit,,215da44b-1296-40c5-ae7b-0f38e6fcfc6e,2015-10-08,14:00:00,EDSA Shaw Blvd. Mandaluyong,0,0,0,0,0,0,0,0,0,0,2015-10-08 22:00,Property,14.57182388,121.0470705,No Collision Stated
None,EDSA,None,None,"No Accident Factor, No Collision Stated (based on Police Blotter Book), 0.0 drivers_injured, 0.0 drivers_killed, 0.0 passengers_injured, 0.0 passengers_killed, 0.0 pedestrian_injured, 0.0 pedestrian_killed, Fair (Night), EDSA Shaw Blvd. Mandaluyong",MMDA Road Safety Unit,,ffae306e-bf6b-433a-ae4f-af96596ce64f,2015-10-07,15:40:00,EDSA Connecticut St. Mandaluyong,0,0,0,0,0,0,0,0,0,0,2015-10-07 23:40,Property,14.58119822,121.0534578,No Collision Stated
None,EDSA,None,None,"No Accident Factor, No Collision Stated (based on Police Blotter Book), 0.0 drivers_injured, 0.0 drivers_killed, 0.0 passengers_injured, 0.0 passengers_killed, 0.0 pedestrian_injured, 0.0 pedestrian_killed, Fair (Night), EDSA Barrio Fiesta Restaurant, Wack-Wack Mandaluyong",MMDA Road Safety Unit,,79a7f332-2178-4f81-9874-57b897c8a7cd,2015-10-07,13:20:00,"EDSA Highway 54 Bldg., Wack-wack Mandaluyong",0,0,0,0,0,0,0,0,0,0,2015-10-07 21:20,Property,14.59767066,121.0595593,No Collision Stated
None,EDSA,None,None,"No Accident Factor, No Collision Stated (based on Police Blotter Book), 1.0 drivers_injured, 0.0 drivers_killed, 0.0 passengers_injured, 0.0 passengers_killed, 0.0 pedestrian_injured, 0.0 pedestrian_killed, Fair (Night), EDSA Highway 54 Bldg., Wack-wack Mandaluyong",MMDA Road Safety Unit,,321373b0-963d-4744-923a-0a0ab4fd8b97,2015-10-06,21:50:00,"EDSA SMDC Bldg., Highway Hills Mandaluyong",0,0,0,1,0,0,0,0,0,1,2015-10-07 5:50,Injury,14.58500097,121.0556243,No Collision Stated
None,EDSA,None,None,"No Accident Factor, No Collision Stated (based on Police Blotter Book), 0.0 drivers_injured, 0.0 drivers_killed, 0.0 passengers_injured, 0.0 passengers_killed, 0.0 pedestrian_injured, 0.0 pedestrian_killed, Fair (Night), EDSA Robinsons Forum, Barangka Ilaya Mandaluyong",MMDA Road Safety Unit,,3cb59df4-b267-401b-83ee-2f4847a4d5b2,2015-10-06,10:30:00,EDSA Shaw Blvd. Mandaluyong,0,0,0,0,0,0,0,0,0,0,2015-10-06 18:30,Property,14.57182388,121.0470705,No Collision Stated
None,EDSA,None,None,"No Accident Factor, No Collision Stated (based on Police Blotter Book), 1.0 drivers_injured, 0.0 drivers_killed, 0.0 passengers_injured, 0.0 passengers_killed, 0.0 pedestrian_injured, 0.0 pedestrian_killed, Fair (Night), EDSA GO Hotel, Ilaya Mandaluyong",MMDA Road Safety Unit,,111acdce-cfec-4668-a392-ebc259d17d71,2015-10-05,18:30:00,"EDSA Megamall, Wack-Wack Mandaluyong",0,0,0,1,0,0,0,0,0,1,2015-10-06 2:30,Injury,14.57001193,121.0464575,No Collision Stated
None,EDSA,None,None,"No Accident Factor, Hit Object (Separator-Concrete), 0.0 drivers_injured, 0.0 drivers_killed, 0.0 passengers_injured, 0.0 passengers_killed, 0.0 pedestrian_injured, 0.0 pedestrian_killed, Fair (Night), EDSA SM Megamall Mandaluyong",MMDA Road Safety Unit,,6c214afc-816b-405b-98e3-07a2ec8556da,2015-10-05,17:30:00,"EDSA SM Megamall, Wack-Wack Mandaluyong",0,0,0,0,0,0,0,0,0,0,2015-10-06 1:30,Property,14.58501645,121.0558372,Hit Object
None,EDSA,None,None,"No Accident Factor, No Collision Stated (based on Police Blotter Book), 0.0 drivers_injured, 0.0 drivers_killed, 0.0 passengers_injured, 0.0 passengers_killed, 0.0 pedestrian_injured, 0.0 pedestrian_killed, Fair (Night), EDSA Lions Road, Barangka Ilaya Mandaluyong",MMDA Road Safety Unit,,32e2fc44-6494-429f-957c-27f07383c3a8,2015-10-05,14:00:00,EDSA Shaw Blvd. Mandaluyong,0,0,0,0,0,0,0,0,0,0,2015-10-05 22:00,Property,14.56999727,121.0462587,No Collision Stated
None,EDSA,None,None,"No Accident Factor, No Collision Stated (based on Police Blotter Book), 0.0 drivers_injured, 0.0 drivers_killed, 0.0 passengers_injured, 0.0 passengers_killed, 0.0 pedestrian_injured, 0.0 pedestrian_killed, Fair (Day), EDSA Connecticut Loading Bay, Wack-Wack Mandaluyong",MMDA Road Safety Unit,,3a1951d6-0c9c-406e-a7b1-5f51e2512f5e,2015-10-04,23:35:00,EDSA Sultan St.  Mandaluyong,0,0,0,0,0,0,0,0,0,0,2015-10-05 7:35,Property,14.60004585,121.0595482,No Collision Stated
None,EDSA,None,None,"No Accident Factor, No Collision Stated (based on Police Blotter Book), 0.0 drivers_injured, 0.0 drivers_killed, 0.0 passengers_injured, 0.0 passengers_killed, 0.0 pedestrian_injured, 0.0 pedestrian_killed, Fair (Day), EDSA Apo St.  Mandaluyong",MMDA Road Safety Unit,,e9b433ca-b102-4f2a-9446-1c6bec0704bd,2015-10-04,23:05:00,EDSA Teleperformance Mandaluyong,0,0,0,0,0,0,0,0,0,0,2015-10-05 7:05,Property,14.5715578,121.046752,No Collision Stated
None,EDSA,None,None,"No Accident Factor, No Collision Stated (based on Police Blotter Book), 0.0 drivers_injured, 0.0 drivers_killed, 0.0 passengers_injured, 0.0 passengers_killed, 0.0 pedestrian_injured, 0.0 pedestrian_killed, Fair (Day), EDSA Shaw Blvd. Mandaluyong",MMDA Road Safety Unit,,642649e4-5d0f-4e99-8dc6-97e090c4ca7e,2015-10-04,00:30:00,EDSA Shaw Blvd. Mandaluyong,0,0,0,0,0,0,0,0,0,0,2015-10-04 8:30,Property,14.58119822,121.0534578,No Collision Stated
None,EDSA,None,None,"No Accident Factor, No Collision Stated (based on Police Blotter Book), 0.0 drivers_injured, 0.0 drivers_killed, 0.0 passengers_injured, 0.0 passengers_killed, 0.0 pedestrian_injured, 0.0 pedestrian_killed, Fair (Night), EDSA G. A. Tower, Malamig Mandaluyong",MMDA Road Safety Unit,,26603f7f-4bea-4ac0-916e-f86f5edfb76b,2015-10-03,15:30:00,"EDSA EDSA Central, Highway Hills Mandaluyong",0,0,0,0,0,0,0,0,0,0,2015-10-03 23:30,Property,14.57386012,121.0480107,No Collision Stated
None,EDSA,None,None,"No Accident Factor, Rear-end, 0.0 drivers_injured, 0.0 drivers_killed, 0.0 passengers_injured, 0.0 passengers_killed, 0.0 pedestrian_injured, 0.0 pedestrian_killed, Fair (Day), EDSA GO Hotel  Mandaluyong",MMDA Road Safety Unit,,7548fa6a-1929-4e47-b699-553701c6bc73,2015-10-03,07:00:00,EDSA Ortigas Ave. Mandaluyong,0,0,0,0,0,0,0,0,0,0,2015-10-03 15:00,Property,14.57001193,121.0464575,Rear-End
None,EDSA,None,None,"No Accident Factor, Side Swipe, 0.0 drivers_injured, 0.0 drivers_killed, 0.0 passengers_injured, 0.0 passengers_killed, 0.0 pedestrian_injured, 0.0 pedestrian_killed, Fair (Day), EDSA Connecticut St. (Wack-Wack, Greenhills) Mandaluyong",MMDA Road Safety Unit,,9739f330-cc66-489c-ad39-507af34ff37e,2015-10-03,06:00:00,EDSA Ortigas Ave. Mandaluyong,0,0,0,0,0,0,0,0,0,0,2015-10-03 14:00,Property,14.60151411,121.0591478,Side Swipe
None,EDSA,None,None,"No Accident Factor, Rear-end, 0.0 drivers_injured, 0.0 drivers_killed, 0.0 passengers_injured, 0.0 passengers_killed, 0.0 pedestrian_injured, 0.0 pedestrian_killed, Fair (Day), EDSA Ortigas MRT Station Mandaluyong",MMDA Road Safety Unit,,4f4e5df2-c592-4733-9009-49b29f6cb5d8,2015-10-02,07:30:00,EDSA Reliance St.  Mandaluyong,0,0,0,0,0,0,0,0,0,0,2015-10-02 15:30,Property,14.58789302,121.0566024,Rear-End
None,EDSA,None,None,"No Accident Factor, Rear-end, 0.0 drivers_injured, 0.0 drivers_killed, 0.0 passengers_injured, 0.0 passengers_killed, 0.0 pedestrian_injured, 0.0 pedestrian_killed, Fair (Day), EDSA Shaw Blvd. / Cardinal Sin St.  Mandaluyong",MMDA Road Safety Unit,,d41668d5-9705-4dd5-a4e0-a136c2085f32,2015-10-02,06:45:00,"EDSA Highway 54 Bldg., Wack-wack Mandaluyong",0,0,0,0,0,0,0,0,0,0,2015-10-02 14:45,Property,14.58119822,121.0534578,Rear-End
None,EDSA,None,None,"No Accident Factor, Rear-end, 0.0 drivers_injured, 0.0 drivers_killed, 0.0 passengers_injured, 0.0 passengers_killed, 0.0 pedestrian_injured, 0.0 pedestrian_killed, Fair (Day), EDSA Connecticut St. (Wack-Wack, Greenhills) Mandaluyong",MMDA Road Safety Unit,,4bedf197-b569-4750-a073-cdcacd73b062,2015-10-02,01:00:00,EDSA Reliance St.  Mandaluyong,0,0,0,0,0,0,0,0,0,0,2015-10-02 9:00,Property,14.60151411,121.0591478,Rear-End
None,EDSA,None,None,"No Accident Factor, No Collision Stated (based on Police Blotter Book), 0.0 drivers_injured, 0.0 drivers_killed, 0.0 passengers_injured, 0.0 passengers_killed, 0.0 pedestrian_injured, 0.0 pedestrian_killed, Fair (Night), EDSA Madison St. Mandaluyong",MMDA Road Safety Unit,,e5f7747b-6b60-463f-91ea-7748df6cd183,2015-10-01,18:15:00,EDSA Reliance St.  Mandaluyong,0,0,0,0,0,0,0,0,0,0,2015-10-02 2:15,Property,14.57464299,121.0489046,No Collision Stated
None,EDSA,None,None,"No Accident Factor, No Collision Stated (based on Police Blotter Book), 0.0 drivers_injured, 0.0 drivers_killed, 0.0 passengers_injured, 0.0 passengers_killed, 0.0 pedestrian_injured, 0.0 pedestrian_killed, Fair (Night), EDSA Madison St. Mandaluyong",MMDA Road Safety Unit,,36b5220c-fb27-48a7-af6e-7650324b8508,2015-10-01,12:00:00,"EDSA EDSA Central, Highway Hills Mandaluyong",0,0,0,0,0,0,0,0,0,0,2015-10-01 20:00,Property,14.57464299,121.0489046,No Collision Stated
None,EDSA,None,None,"No Accident Factor, Side Swipe, 0.0 drivers_injured, 0.0 drivers_killed, 0.0 passengers_injured, 0.0 passengers_killed, 0.0 pedestrian_injured, 0.0 pedestrian_killed, Fair (Night), EDSA Madison St. Mandaluyong",MMDA Road Safety Unit,,8ec4ef76-2d32-4c8d-9789-65916186da3c,2015-10-01,10:20:00,"EDSA Guadalupe Bridge, Ilaya Mandaluyong",0,0,0,0,0,0,0,0,0,0,2015-10-01 18:20,Property,14.57464299,121.0489046,Side Swipe
None,EDSA,None,None,"No Accident Factor, Side Swipe, 0.0 drivers_injured, 0.0 drivers_killed, 0.0 passengers_injured, 0.0 passengers_killed, 0.0 pedestrian_injured, 0.0 pedestrian_killed, Fair (Day), EDSA D. M. Guevarra St.  Mandaluyong",MMDA Road Safety Unit,,0c86a5da-1983-45bc-8116-a7b89b17d0f6,2015-10-01,07:00:00,EDSA Connecticut St. Mandaluyong,0,0,0,0,0,0,0,0,0,0,2015-10-01 15:00,Property,14.57864789,121.0515591,Side Swipe
None,EDSA,None,None,"No Accident Factor, No Collision Stated (based on Police Blotter Book), 0.0 drivers_injured, 0.0 drivers_killed, 0.0 passengers_injured, 0.0 passengers_killed, 0.0 pedestrian_injured, 0.0 pedestrian_killed, Fair (Day), EDSA Boni MRT Station, Malamig Mandaluyong",MMDA Road Safety Unit,,ea1dd537-c063-43d7-9326-5ed3373b961e,2015-09-30,22:00:00,EDSA Bank Drive (WB) Mandaluyong,0,0,0,0,0,0,0,0,0,0,2015-10-01 6:00,Property,14.57372098,121.0479555,No Collision Stated
None,EDSA,None,None,"No Accident Factor, Rear-end, 0.0 drivers_injured, 0.0 drivers_killed, 0.0 passengers_injured, 0.0 passengers_killed, 0.0 pedestrian_injured, 0.0 pedestrian_killed, Fair (Night), EDSA Central, Santo Cristo Mandaluyong",MMDA Road Safety Unit,,6a718788-5e1d-4ee8-bd81-f52ae94165a6,2015-09-29,10:30:00,"EDSA Highway 54 Bldg., Wack-wack Mandaluyong",0,0,0,0,0,0,0,0,0,0,2015-09-29 18:30,Property,14.5799359,121.0529018,Rear-End
None,EDSA,None,None,"No Accident Factor, No Collision Stated (based on Police Blotter Book), 0.0 drivers_injured, 0.0 drivers_killed, 0.0 passengers_injured, 0.0 passengers_killed, 0.0 pedestrian_injured, 0.0 pedestrian_killed, Fair (Day), EDSA Amber Restaurant, Barangka Ilaya Mandaluyong",MMDA Road Safety Unit,,199c6736-59a5-4dd2-b105-9e139fd3e46d,2015-09-29,01:00:00,EDSA J. Vargas Ave. (WB) Mandaluyong,0,0,0,0,0,0,0,0,0,0,2015-09-29 9:00,Property,14.57029352,121.0463228,No Collision Stated
None,EDSA,None,None,"No Accident Factor, Side Swipe, 0.0 drivers_injured, 0.0 drivers_killed, 0.0 passengers_injured, 0.0 passengers_killed, 0.0 pedestrian_injured, 0.0 pedestrian_killed, Fair (Night), EDSA Ortigas Ave. (EB) Mandaluyong",MMDA Road Safety Unit,,04e8a65f-7f21-4d59-9850-fdec0b47aa15,2015-09-28,14:25:00,EDSA Pioneer St. Mandaluyong,0,0,0,0,0,0,0,0,0,0,2015-09-28 22:25,Property,14.59327428,121.0582827,Side Swipe
None,EDSA,None,None,"No Accident Factor, Side Swipe, 0.0 drivers_injured, 0.0 drivers_killed, 0.0 passengers_injured, 0.0 passengers_killed, 0.0 pedestrian_injured, 0.0 pedestrian_killed, Fair (Night), EDSA Ortigas Ave. (WB) Mandaluyong",MMDA Road Safety Unit,,74e147e2-4a84-4bd1-a309-bee45113d2ba,2015-09-28,14:00:00,EDSA Robinsons Mall Pioneer Loading Bay Mandaluyong,0,0,0,0,0,0,0,0,0,0,2015-09-28 22:00,Property,14.59327428,121.0582827,Side Swipe
None,EDSA,None,None,"No Accident Factor, Multiple Collision, 0.0 drivers_injured, 0.0 drivers_killed, 0.0 passengers_injured, 0.0 passengers_killed, 0.0 pedestrian_injured, 0.0 pedestrian_killed, Fair (Day), EDSA Shaw Blvd. (PARKLEA, Highway Hills) Mandaluyong",MMDA Road Safety Unit,,e18b1faf-9b40-43aa-a976-ee0132f17ccc,2015-09-28,09:30:00,"EDSA Robinsons Mall Pioneer, Barangka Ilaya Mandaluyong",0,0,0,0,0,0,0,0,0,0,2015-09-28 17:30,Property,14.58119822,121.0534578,Multiple
None,EDSA,None,None,"No Accident Factor, Rear-end, 0.0 drivers_injured, 0.0 drivers_killed, 0.0 passengers_injured, 0.0 passengers_killed, 0.0 pedestrian_injured, 0.0 pedestrian_killed, Fair (Day), EDSA Petron Gas Station, Highway Hills Mandaluyong",MMDA Road Safety Unit,,df5dc5f8-cf3e-483f-9ef8-4d5aa37eb0e3,2015-09-27,02:20:00,"EDSA SM Megamall, Wack-Wack Mandaluyong",0,0,0,0,0,0,0,0,0,0,2015-09-27 10:20,Property,14.57718563,121.0505519,Rear-End
None,EDSA,None,None,"No Accident Factor, No Collision Stated (based on Police Blotter Book), 0.0 drivers_injured, 0.0 drivers_killed, 0.0 passengers_injured, 0.0 passengers_killed, 0.0 pedestrian_injured, 0.0 pedestrian_killed, Fair (Night), EDSA Reliance St.  Mandaluyong",MMDA Road Safety Unit,,91e2ccd2-eb5f-4d63-a797-534f605f6054,2015-09-26,15:30:00,EDSA Shaw Blvd. Mandaluyong,0,0,0,0,0,0,0,0,0,0,2015-09-26 23:30,Property,14.57669064,121.0504494,No Collision Stated
None,EDSA,None,None,"No Accident Factor, Rear-end, 0.0 drivers_injured, 0.0 drivers_killed, 0.0 passengers_injured, 0.0 passengers_killed, 0.0 pedestrian_injured, 0.0 pedestrian_killed, Fair (Day), EDSA Go Hotel, Barangka Ilaya Mandaluyong",MMDA Road Safety Unit,,e209000b-a87a-4313-8a2d-046314728341,2015-09-26,08:30:00,EDSA Reliance St.  Mandaluyong,0,0,0,0,0,0,0,0,0,0,2015-09-26 16:30,Property,14.57001193,121.0464575,Rear-End
None,EDSA,None,None,"No Accident Factor, No Collision Stated (based on Police Blotter Book), 1.0 drivers_injured, 0.0 drivers_killed, 0.0 passengers_injured, 0.0 passengers_killed, 0.0 pedestrian_injured, 0.0 pedestrian_killed, Fair (Day), EDSA Robinsons Forum, Barangka Ilaya Mandaluyong",MMDA Road Safety Unit,,bb085ac9-49fb-4a8a-ac7c-816cf65da126,2015-09-26,00:00:00,"EDSA Highway 54 Bldg., Wack-wack Mandaluyong",0,0,0,1,0,0,0,0,0,1,2015-09-26 8:00,Injury,14.57182388,121.0470705,No Collision Stated
None,EDSA,None,None,"No Accident Factor, Head-on, 0.0 drivers_injured, 0.0 drivers_killed, 0.0 passengers_injured, 0.0 passengers_killed, 0.0 pedestrian_injured, 0.0 pedestrian_killed, Fair (Day), EDSA Shangri-La Driveway Exit, Wack-Wack  Mandaluyong",MMDA Road Safety Unit,,ac5356c7-7e4c-487a-99e6-2de9c59556d8,2015-09-25,06:50:00,"EDSA Transcom Bldg., Wack-Wack Mandaluyong",0,0,0,0,0,0,0,0,0,0,2015-09-25 14:50,Property,14.58223571,121.0544805,Head-On
None,EDSA,None,None,"No Accident Factor, No Collision Stated (based on Police Blotter Book), 0.0 drivers_injured, 0.0 drivers_killed, 0.0 passengers_injured, 0.0 passengers_killed, 0.0 pedestrian_injured, 0.0 pedestrian_killed, Fair (Night), EDSA Shaw Blvd. Mandaluyong",MMDA Road Safety Unit,,9e75a5f0-fe00-48e2-865f-8e3d187ce425,2015-09-24,11:00:00,"EDSA Boni MRT Station, Malamig Mandaluyong",0,0,0,0,0,0,0,0,0,0,2015-09-24 19:00,Property,14.58119822,121.0534578,No Collision Stated
None,EDSA,None,None,"No Accident Factor, Side Swipe, 0.0 drivers_injured, 0.0 drivers_killed, 0.0 passengers_injured, 0.0 passengers_killed, 0.0 pedestrian_injured, 0.0 pedestrian_killed, Fair (Night), EDSA Boni MRT Station, Malamig Mandaluyong",MMDA Road Safety Unit,,260bda52-0ea4-47c2-b04d-0ed6ea3dfc71,2015-09-24,10:30:00,"EDSA Pioneer St. (Robinsons Forum Bldg., Highway Hills) Mandaluyong",0,0,0,0,0,0,0,0,0,0,2015-09-24 18:30,Property,14.57372098,121.0479555,Side Swipe
None,EDSA,None,None,"No Accident Factor, No Collision Stated (based on Police Blotter Book), 0.0 drivers_injured, 0.0 drivers_killed, 0.0 passengers_injured, 0.0 passengers_killed, 0.0 pedestrian_injured, 0.0 pedestrian_killed, Fair (Day), EDSA Guadix Drive Mandaluyong",MMDA Road Safety Unit,,2f88d6bc-9f8c-4eb9-b701-733f29085506,2015-09-24,09:45:00,EDSA Pioneer St. Mandaluyong,0,0,0,0,0,0,0,0,0,0,2015-09-24 17:45,Property,14.58948577,121.0573946,No Collision Stated
None,EDSA,None,None,"No Accident Factor, No Collision Stated (based on Police Blotter Book), 0.0 drivers_injured, 0.0 drivers_killed, 0.0 passengers_injured, 0.0 passengers_killed, 0.0 pedestrian_injured, 0.0 pedestrian_killed, Fair (Day), EDSA SM Megamall Loading Bay  Mandaluyong",MMDA Road Safety Unit,,2b53c29b-1b46-4fa3-86b5-f93af02c43f4,2015-09-23,23:30:00,"EDSA G. A. Tower, Highway Hills Mandaluyong",0,0,0,0,0,0,0,0,0,0,2015-09-24 7:30,Property,14.58501645,121.0558372,No Collision Stated
None,EDSA,None,None,"No Accident Factor, No Collision Stated (based on Police Blotter Book), 0.0 drivers_injured, 0.0 drivers_killed, 0.0 passengers_injured, 0.0 passengers_killed, 0.0 pedestrian_injured, 0.0 pedestrian_killed, Fair (Day), EDSA Lion's Road, Barangka Ilaya Mandaluyong",MMDA Road Safety Unit,,8ea08f40-449b-447e-9614-4db0f1a5e57f,2015-09-23,22:30:00,"EDSA Highway 54 Bldg., Wack-wack Mandaluyong",0,0,0,0,0,0,0,0,0,0,2015-09-24 6:30,Property,14.56999727,121.0462587,No Collision Stated
None,EDSA,None,None,"No Accident Factor, No Collision Stated (based on Police Blotter Book), 0.0 drivers_injured, 0.0 drivers_killed, 0.0 passengers_injured, 0.0 passengers_killed, 0.0 pedestrian_injured, 0.0 pedestrian_killed, Fair (Night), EDSA SM Megamall Mandaluyong",MMDA Road Safety Unit,,fe493d7e-ff6b-4145-b0d6-ff6640004ad8,2015-09-23,15:00:00,EDSA SM Megamall Loading Bay Mandaluyong,0,0,0,0,0,0,0,0,0,0,2015-09-23 23:00,Property,14.58501645,121.0558372,No Collision Stated
None,EDSA,None,None,"No Accident Factor, Angle Impact, 0.0 drivers_injured, 0.0 drivers_killed, 0.0 passengers_injured, 0.0 passengers_killed, 0.0 pedestrian_injured, 0.0 pedestrian_killed, Fair (Day), EDSA Reliance St.  Mandaluyong",MMDA Road Safety Unit,,be039b68-c36a-44d5-ab46-e5f241a45499,2015-09-23,03:50:00,"EDSA Robinsons Galleria, Wack-Wack  Mandaluyong",0,0,0,0,0,0,0,0,0,0,2015-09-23 11:50,Property,14.57669064,121.0504494,Angle Impact