LOCATION_TEXT,ROAD,WEATHER,LIGHT,DESC,REPORTING_AGENCY,MAIN_CAUSE,INCIDENTDETAILS_ID,DATE_UTC,TIME_UTC,ADDRESS,killed_driver,killed_passenger,killed_pedestrian,injured_driver,injured_passenger,injured_pedestrian,killed_uncategorized,injured_uncategorized,killed_total,injured_total,DATETIME_PST,SEVERITY,Y,X,COLLISION_TYPE
None,EDSA,None,None,"No Accident Factor, Angle Impact, 0.0 drivers_injured, 0.0 drivers_killed, 0.0 passengers_injured, 0.0 passengers_killed, 0.0 pedestrian_injured, 0.0 pedestrian_killed, Fair (Day), EDSA Robinsons Forum, Barangka Ilaya Mandaluyong",MMDA Road Safety Unit,,a02ab183-4eeb-4514-9b5b-efb391c6c3f5,2015-09-23,01:30:00,EDSA Ortigas Ave. Mandaluyong,0,0,0,0,0,0,0,0,0,0,2015-09-23 9:30,Property,14.57182388,121.0470705,Angle Impact
None,EDSA,None,None,"No Accident Factor, Side Swipe, 0.0 drivers_injured, 0.0 drivers_killed, 0.0 passengers_injured, 0.0 passengers_killed, 0.0 pedestrian_injured, 0.0 pedestrian_killed, Fair (Day), EDSA Ortigas Ave. (NB)  Mandaluyong",MMDA Road Safety Unit,,0db97a5b-3c1b-4ebd-9f74-f7bd8cd6e308,2015-09-22,09:30:00,"EDSA Robinson Forum, Barangka Ilaya Mandaluyong",0,0,0,0,0,0,0,0,0,0,2015-09-22 17:30,Property,14.59327428,121.0582827,Side Swipe
None,EDSA,None,None,"No Accident Factor, No Collision Stated (based on Police Blotter Book), 0.0 drivers_injured, 0.0 drivers_killed, 0.0 passengers_injured, 0.0 passengers_killed, 0.0 pedestrian_injured, 0.0 pedestrian_killed, Fair (Night), EDSA SM Megamall, Wack-Wack  Mandaluyong",MMDA Road Safety Unit,,76dd5385-ed67-4343-b040-a6d667c45ae5,2015-09-21,11:00:00,EDSA Apo St.  Mandaluyong,0,0,0,0,0,0,0,0,0,0,2015-09-21 19:00,Property,14.58501645,121.0558372,No Collision Stated
None,EDSA,None,None,"No Accident Factor, Rear-end, 0.0 drivers_injured, 0.0 drivers_killed, 0.0 passengers_injured, 0.0 passengers_killed, 0.0 pedestrian_injured, 0.0 pedestrian_killed, Fair (Night), EDSA Go Hotel, Barangka Ilaya Mandaluyong",MMDA Road Safety Unit,,6bff64ae-89a5-4b2a-8bc5-449a7ad35345,2015-09-20,10:30:00,"EDSA V. R. Potenciano Medical Center, Highway Hills Mandaluyong",0,0,0,0,0,0,0,0,0,0,2015-09-20 18:30,Property,14.57001193,121.0464575,Rear-End
None,EDSA,None,None,"No Accident Factor, Hit Object (Light Post), 0.0 drivers_injured, 0.0 drivers_killed, 0.0 passengers_injured, 0.0 passengers_killed, 0.0 pedestrian_injured, 0.0 pedestrian_killed, Fair (Day), EDSA Megamall Bldg. C Mandaluyong",MMDA Road Safety Unit,,32fc62c3-2545-4f93-a6c1-4ec1fd1f4187,2015-09-20,07:30:00,EDSA Starmall Mandaluyong,0,0,0,0,0,0,0,0,0,0,2015-09-20 15:30,Property,14.58519582,121.0559351,Hit Object
None,EDSA,None,None,"No Accident Factor, Side Swipe, 0.0 drivers_injured, 0.0 drivers_killed, 0.0 passengers_injured, 0.0 passengers_killed, 0.0 pedestrian_injured, 0.0 pedestrian_killed, Fair (Day), EDSA Shaw Blvd. Mandaluyong",MMDA Road Safety Unit,,fe34f4e2-d629-449d-befd-ba85995b1623,2015-09-20,02:45:00,"EDSA Go Hotel, Barangka Ilaya Mandaluyong",0,0,0,0,0,0,0,0,0,0,2015-09-20 10:45,Property,14.58119822,121.0534578,Side Swipe
None,EDSA,None,None,"No Accident Factor, No Collision Stated (based on Police Blotter Book), 0.0 drivers_injured, 0.0 drivers_killed, 0.0 passengers_injured, 0.0 passengers_killed, 0.0 pedestrian_injured, 0.0 pedestrian_killed, Fair (Night), EDSA Highway 54 Bldg., Wack-wack Mandaluyong",MMDA Road Safety Unit,,8212b6d8-f14e-4a21-86a0-0e497605960c,2015-09-18,18:30:00,EDSA Shaw Blvd. Mandaluyong,0,0,0,0,0,0,0,0,0,0,2015-09-19 2:30,Property,14.58500097,121.0556243,No Collision Stated
None,EDSA,None,None,"No Accident Factor, Rear-end, 0.0 drivers_injured, 0.0 drivers_killed, 0.0 passengers_injured, 0.0 passengers_killed, 0.0 pedestrian_injured, 0.0 pedestrian_killed, Fair (Night), EDSA Robinsons Forum, Barangka Ilaya Mandaluyong",MMDA Road Safety Unit,,af44c01c-2c4c-4c7e-a23d-3cf8f480b4f7,2015-09-17,16:00:00,"EDSA Go Hotel, Barangka Ilaya Mandaluyong",0,0,0,0,0,0,0,0,0,0,2015-09-18,Property,14.57182388,121.0470705,Rear-End
None,EDSA,None,None,"No Accident Factor, No Collision Stated (based on Police Blotter Book), 0.0 drivers_injured, 0.0 drivers_killed, 0.0 passengers_injured, 0.0 passengers_killed, 0.0 pedestrian_injured, 0.0 pedestrian_killed, Fair (Night), EDSA Pioneer St. (Robinsons Forum, Barangka Ilaya) Mandaluyong",MMDA Road Safety Unit,,1802b35a-0e67-4326-aaa3-b0d52f6f0b98,2015-09-17,11:15:00,EDSA Pioneer St. Mandaluyong,0,0,0,0,0,0,0,0,0,0,2015-09-17 19:15,Property,14.57236671,121.0472702,No Collision Stated
None,EDSA,None,None,"No Accident Factor, Rear-end, 0.0 drivers_injured, 0.0 drivers_killed, 0.0 passengers_injured, 0.0 passengers_killed, 0.0 pedestrian_injured, 0.0 pedestrian_killed, Fair (Night), EDSA Barangka Drive Mandaluyong",MMDA Road Safety Unit,,530c44d0-ce86-403e-9c42-6c34814cf687,2015-09-17,11:10:00,EDSA Barangka Drive Mandaluyong,0,0,0,0,0,0,0,0,0,0,2015-09-17 19:10,Property,14.57852617,121.0515355,Rear-End
None,EDSA,None,None,"No Accident Factor, Side Swipe, 0.0 drivers_injured, 0.0 drivers_killed, 0.0 passengers_injured, 0.0 passengers_killed, 0.0 pedestrian_injured, 0.0 pedestrian_killed, Fair (Night), EDSA Shangri-La, Wack-Wack  Mandaluyong",MMDA Road Safety Unit,,cd92da39-79ca-4d8c-85a3-ccc42529ea4e,2015-09-17,10:30:00,EDSA Ortigas Ave. Mandaluyong,0,0,0,0,0,0,0,0,0,0,2015-09-17 18:30,Property,14.58223571,121.0544805,Side Swipe
None,EDSA,None,None,"No Accident Factor, Rear-end, 0.0 drivers_injured, 0.0 drivers_killed, 0.0 passengers_injured, 0.0 passengers_killed, 0.0 pedestrian_injured, 0.0 pedestrian_killed, Fair (Day), EDSA Highway 54 Bldg., Wack-wack Mandaluyong",MMDA Road Safety Unit,,9b24db4d-6da0-42fd-8ff9-9c8556e51737,2015-09-17,09:30:00,EDSA Pioneer St. Mandaluyong,0,0,0,0,0,0,0,0,0,0,2015-09-17 17:30,Property,14.58500097,121.0556243,Rear-End
None,EDSA,None,None,"No Accident Factor, Rear-end, 0.0 drivers_injured, 0.0 drivers_killed, 0.0 passengers_injured, 0.0 passengers_killed, 0.0 pedestrian_injured, 0.0 pedestrian_killed, Fair (Day), EDSA Connecticut St. (Petron Gas Station, Wack-Wack) Mandaluyong",MMDA Road Safety Unit,,a0cce27e-fbf9-4c1a-b562-bfb8a466a58a,2015-09-17,02:00:00,"EDSA G. A. Tower, Highway Hills Mandaluyong",0,0,0,0,0,0,0,0,0,0,2015-09-17 10:00,Property,14.60123591,121.0592972,Rear-End
None,EDSA,None,None,"No Accident Factor, Side Swipe, 0.0 drivers_injured, 0.0 drivers_killed, 0.0 passengers_injured, 0.0 passengers_killed, 0.0 pedestrian_injured, 0.0 pedestrian_killed, Fair (Night), EDSA Ortigas MRT Station, Wack-Wack  Mandaluyong",MMDA Road Safety Unit,,dc036c4d-5b0a-43dc-b6b4-b3a9262963e2,2015-09-16,12:10:00,"EDSA Robinsons Forum Bldg., Highway Hills Mandaluyong",0,0,0,0,0,0,0,0,0,0,2015-09-16 20:10,Property,14.58789302,121.0566024,Side Swipe
None,EDSA,None,None,"No Accident Factor, Rear-end, 0.0 drivers_injured, 0.0 drivers_killed, 0.0 passengers_injured, 0.0 passengers_killed, 0.0 pedestrian_injured, 0.0 pedestrian_killed, Fair (Day), EDSA Guadalupe Bridge Mandaluyong",MMDA Road Safety Unit,,b32318f5-6abc-44a7-9e17-7ed315dbd5c5,2015-09-16,04:45:00,"EDSA Highway 54 Bldg., Wack-wack Mandaluyong",0,0,0,0,0,0,0,0,0,0,2015-09-16 12:45,Property,14.5685496,121.0460027,Rear-End
None,EDSA,None,None,"No Accident Factor, Multiple Collision, 0.0 drivers_injured, 0.0 drivers_killed, 0.0 passengers_injured, 0.0 passengers_killed, 0.0 pedestrian_injured, 0.0 pedestrian_killed, Fair (Night), EDSA Boni MRT Station (SM Light Residences) Mandaluyong",MMDA Road Safety Unit,,1e270708-8f05-41a2-afcc-7252f3639879,2015-09-15,16:30:00,"EDSA V. R. Potenciano Medical Center, Highway Hills Mandaluyong",0,0,0,0,0,0,0,0,0,0,2015-09-16 0:30,Property,14.57372098,121.0479555,Multiple
None,EDSA,None,None,"No Accident Factor, Hit and Run (No Collision Stated), 0.0 drivers_injured, 0.0 drivers_killed, 0.0 passengers_injured, 0.0 passengers_killed, 0.0 pedestrian_injured, 0.0 pedestrian_killed, Fair (Night), EDSA Boni MRT Station Mandaluyong",MMDA Road Safety Unit,,703557a9-5be8-4db4-adca-953fa1863e35,2015-09-15,13:35:00,EDSA Ortigas (SB)  Mandaluyong,0,0,0,0,0,0,0,0,0,0,2015-09-15 21:35,Property,14.57372098,121.0479555,No Collision Stated
None,EDSA,None,None,"No Accident Factor, No Collision Stated (based on Police Blotter Book), 0.0 drivers_injured, 0.0 drivers_killed, 0.0 passengers_injured, 0.0 passengers_killed, 0.0 pedestrian_injured, 0.0 pedestrian_killed, Fair (Night), EDSA Paragon Bldg., Highway Hills Mandaluyong",MMDA Road Safety Unit,,680b4b48-4370-4ee1-91bc-607cb3dbd2ef,2015-09-15,10:30:00,EDSA SM Megamall Mandaluyong,0,0,0,0,0,0,0,0,0,0,2015-09-15 18:30,Property,14.57639395,121.0502515,No Collision Stated
None,EDSA,None,None,"No Accident Factor, Side Swipe, 0.0 drivers_injured, 0.0 drivers_killed, 0.0 passengers_injured, 0.0 passengers_killed, 0.0 pedestrian_injured, 0.0 pedestrian_killed, Fair (Day), EDSA Starmall, Wack-Wack  Mandaluyong",MMDA Road Safety Unit,,a232b73f-73ba-4367-9374-4e3a723d828f,2015-09-14,01:30:00,EDSA Madison St. Mandaluyong,0,0,0,0,0,0,0,0,0,0,2015-09-14 9:30,Property,14.58198795,121.0540368,Side Swipe
None,EDSA,None,None,"No Accident Factor, Side Swipe, 0.0 drivers_injured, 0.0 drivers_killed, 0.0 passengers_injured, 0.0 passengers_killed, 0.0 pedestrian_injured, 0.0 pedestrian_killed, Fair (Day), EDSA Boni MRT Station Mandaluyong",MMDA Road Safety Unit,,fcf99ab2-9771-47a6-8155-a23161fe0375,2015-09-13,08:15:00,EDSA Starmall Mandaluyong,0,0,0,0,0,0,0,0,0,0,2015-09-13 16:15,Property,14.57372098,121.0479555,Side Swipe
None,EDSA,None,None,"No Accident Factor, Hit and Run (Rear-end), 0.0 drivers_injured, 0.0 drivers_killed, 0.0 passengers_injured, 0.0 passengers_killed, 0.0 pedestrian_injured, 0.0 pedestrian_killed, Fair (Day), EDSA Ortigas MRT Station, Wack-Wack  Mandaluyong",MMDA Road Safety Unit,,d6bfdd14-c056-4ce4-b8f5-4c61a8ffe710,2015-09-13,02:15:00,"EDSA EDSA Central, Highway Hills Mandaluyong",0,0,0,0,0,0,0,0,0,0,2015-09-13 10:15,Property,14.58789302,121.0566024,Rear-End
None,EDSA,None,None,"No Accident Factor, Rear-end, 0.0 drivers_injured, 0.0 drivers_killed, 0.0 passengers_injured, 0.0 passengers_killed, 0.0 pedestrian_injured, 0.0 pedestrian_killed, Fair (Night), EDSA SM Megamall, Wack-Wack  Mandaluyong",MMDA Road Safety Unit,,6ac2068a-04c5-4d12-96e6-15b0add5eb18,2015-09-11,13:30:00,EDSA Ortigas Ave. Mandaluyong,0,0,0,0,0,0,0,0,0,0,2015-09-11 21:30,Property,14.58501645,121.0558372,Rear-End
None,EDSA,None,None,"No Accident Factor, Rear-end, 1.0 drivers_injured, 0.0 drivers_killed, 0.0 passengers_injured, 0.0 passengers_killed, 0.0 pedestrian_injured, 0.0 pedestrian_killed, Fair (Day), EDSA Transcom Mandaluyong",MMDA Road Safety Unit,,3a47c2f0-a421-4109-8b69-984f2a4cff48,2015-09-11,03:30:00,EDSA Madison St. Mandaluyong,0,0,0,1,0,0,0,0,0,1,2015-09-11 11:30,Injury,14.58930651,121.0570669,Rear-End
None,EDSA,None,None,"No Accident Factor, Rear-end, 0.0 drivers_injured, 0.0 drivers_killed, 0.0 passengers_injured, 0.0 passengers_killed, 0.0 pedestrian_injured, 0.0 pedestrian_killed, Fair (Night), EDSA SM Megamall, Wack-Wack  Mandaluyong",MMDA Road Safety Unit,,c4faa2c2-87e7-4e09-a2f4-f86402e870e2,2015-09-10,15:15:00,EDSA Boni Ave. Mandaluyong,0,0,0,0,0,0,0,0,0,0,2015-09-10 23:15,Property,14.58501645,121.0558372,Rear-End
None,EDSA,None,None,"No Accident Factor, No Collision Stated (based on Police Blotter Book), 0.0 drivers_injured, 0.0 drivers_killed, 0.0 passengers_injured, 0.0 passengers_killed, 0.0 pedestrian_injured, 0.0 pedestrian_killed, Fair (Night), EDSA Starmall, Wack-Wack  Mandaluyong",MMDA Road Safety Unit,,0ebc1abc-5c4e-4359-9e69-d9e526c0a7c0,2015-09-10,14:00:00,"EDSA Amber parking area, Barangka Ilaya Mandaluyong",0,0,0,0,0,0,0,0,0,0,2015-09-10 22:00,Property,14.58198795,121.0540368,No Collision Stated
None,EDSA,None,None,"No Accident Factor, No Collision Stated (based on Police Blotter Book), 0.0 drivers_injured, 0.0 drivers_killed, 0.0 passengers_injured, 0.0 passengers_killed, 0.0 pedestrian_injured, 0.0 pedestrian_killed, Fair (Night), EDSA Robinsons Forum, Barangka Ilaya Mandaluyong",MMDA Road Safety Unit,,cdd8101e-dd4f-4351-8cc8-3c37228bb08a,2015-09-10,13:30:00,EDSA Pioneer St. Mandaluyong,0,0,0,0,0,0,0,0,0,0,2015-09-10 21:30,Property,14.57182388,121.0470705,No Collision Stated
None,EDSA,None,None,"No Accident Factor, Rear-end, 0.0 drivers_injured, 0.0 drivers_killed, 0.0 passengers_injured, 0.0 passengers_killed, 0.0 pedestrian_injured, 0.0 pedestrian_killed, Fair (Night), EDSA Boni Ave. Mandaluyong",MMDA Road Safety Unit,,f3d7614a-92b1-4650-8219-bfaaa78b43f2,2015-09-10,12:20:00,EDSA Pavilion Mandaluyong,0,0,0,0,0,0,0,0,0,0,2015-09-10 20:20,Property,14.57242918,121.0471629,Rear-End
None,EDSA,None,None,"No Accident Factor, Self-Accident, 1.0 drivers_injured, 0.0 drivers_killed, 0.0 passengers_injured, 0.0 passengers_killed, 0.0 pedestrian_injured, 0.0 pedestrian_killed, Fair (Night), EDSA SM Megamall, Wack-Wack  Mandaluyong",MMDA Road Safety Unit,,b364ace8-1362-4e0f-a45d-517ec54c2402,2015-09-09,20:45:00,EDSA Boni Ave. Mandaluyong,0,0,0,1,0,0,0,0,0,1,2015-09-10 4:45,Injury,14.58501645,121.0558372,Self-Accident
None,EDSA,None,None,"No Accident Factor, No Collision Stated (based on Police Blotter Book), 0.0 drivers_injured, 0.0 drivers_killed, 1.0 passengers_injured, 0.0 passengers_killed, 0.0 pedestrian_injured, 0.0 pedestrian_killed, Fair (Day), EDSA Polymedic, Malamig Mandaluyong",MMDA Road Safety Unit,,69e712fe-82b2-44c4-af9f-cf43f8c2b66c,2015-09-09,09:00:00,EDSA Boni Ave. Mandaluyong,0,0,0,0,1,0,0,0,0,1,2015-09-09 17:00,Injury,14.57678194,121.0502657,No Collision Stated
None,EDSA,None,None,"No Accident Factor, Side Swipe, 0.0 drivers_injured, 0.0 drivers_killed, 0.0 passengers_injured, 0.0 passengers_killed, 0.0 pedestrian_injured, 0.0 pedestrian_killed, Fair (Day), EDSA Petron Gas Station, Highway Hills Mandaluyong",MMDA Road Safety Unit,,eeff4dc6-28bc-4834-a75f-905b071880e0,2015-09-09,05:30:00,EDSA Avida Tower Mandaluyong,0,0,0,0,0,0,0,0,0,0,2015-09-09 13:30,Property,14.57718563,121.0505519,Side Swipe
None,EDSA,None,None,"No Accident Factor, Side Swipe, 0.0 drivers_injured, 0.0 drivers_killed, 0.0 passengers_injured, 0.0 passengers_killed, 0.0 pedestrian_injured, 0.0 pedestrian_killed, Fair (Night), EDSA Ortigas Overpass (beneath), Wack-Wack   Mandaluyong",MMDA Road Safety Unit,,b3c259c6-df79-4140-a623-28b8c8d3f3f2,2015-09-08,12:15:00,EDSA Guadix Drive Mandaluyong,0,0,0,0,0,0,0,0,0,0,2015-09-08 20:15,Property,14.5931221,121.0583126,Side Swipe
None,EDSA,None,None,"No Accident Factor, No Collision Stated (based on Police Blotter Book), 0.0 drivers_injured, 0.0 drivers_killed, 0.0 passengers_injured, 0.0 passengers_killed, 0.0 pedestrian_injured, 0.0 pedestrian_killed, Fair (Night), EDSA Highway 54 Bldg., Wack-wack Mandaluyong",MMDA Road Safety Unit,,122267d9-febf-4c04-a626-f6326820baba,2015-09-08,10:30:00,EDSA SM Megamall loading bay Mandaluyong,0,0,0,0,0,0,0,0,0,0,2015-09-08 18:30,Property,14.58500097,121.0556243,No Collision Stated
None,EDSA,None,None,"No Accident Factor, Side Swipe, 0.0 drivers_injured, 0.0 drivers_killed, 0.0 passengers_injured, 0.0 passengers_killed, 0.0 pedestrian_injured, 0.0 pedestrian_killed, Fair (Day), EDSA Boni MRT Station, Malamig Mandaluyong",MMDA Road Safety Unit,,4087edb8-03ef-40e3-80bf-e3baa258d874,2015-09-08,06:05:00,EDSA Shaw (NB)  Mandaluyong,0,0,0,0,0,0,0,0,0,0,2015-09-08 14:05,Property,14.57372098,121.0479555,Side Swipe
None,EDSA,None,None,"No Accident Factor, Side Swipe, 0.0 drivers_injured, 0.0 drivers_killed, 0.0 passengers_injured, 0.0 passengers_killed, 0.0 pedestrian_injured, 0.0 pedestrian_killed, Fair (Day), EDSA Shaw Blvd. Mandaluyong",MMDA Road Safety Unit,,cda3a60d-119e-4e52-b552-5f260aa135dc,2015-09-08,04:15:00,EDSA SMDC Highway Hills Mandaluyong,0,0,0,0,0,0,0,0,0,0,2015-09-08 12:15,Property,14.58119822,121.0534578,Side Swipe
None,EDSA,None,None,"No Accident Factor, No Collision Stated (based on Police Blotter Book), 0.0 drivers_injured, 0.0 drivers_killed, 0.0 passengers_injured, 0.0 passengers_killed, 0.0 pedestrian_injured, 0.0 pedestrian_killed, Fair (Night), EDSA Robinsons Forum Mall Mandaluyong",MMDA Road Safety Unit,,5037f15e-16e0-4c94-b295-e4fd5c206b55,2015-09-07,10:00:00,EDSA United St. Mandaluyong,0,0,0,0,0,0,0,0,0,0,2015-09-07 18:00,Property,14.57182388,121.0470705,No Collision Stated
None,EDSA,None,None,"No Accident Factor, Rear-end, 0.0 drivers_injured, 0.0 drivers_killed, 0.0 passengers_injured, 0.0 passengers_killed, 0.0 pedestrian_injured, 0.0 pedestrian_killed, Fair (Day), EDSA Madison St. Mandaluyong",MMDA Road Safety Unit,,7a0274d7-323b-4f1f-811f-d60878134c2f,2015-09-07,07:00:00,"EDSA Go Hotel, Barangka Ilaya Mandaluyong",0,0,0,0,0,0,0,0,0,0,2015-09-07 15:00,Property,14.57464299,121.0489046,Rear-End
None,EDSA,None,None,"No Accident Factor, Side Swipe, 0.0 drivers_injured, 0.0 drivers_killed, 0.0 passengers_injured, 0.0 passengers_killed, 0.0 pedestrian_injured, 0.0 pedestrian_killed, Fair (Day), EDSA Ortigas Ave. (SM Megamall Bldg. A) Mandaluyong",MMDA Road Safety Unit,,5d32d715-36d8-4af4-a4c8-3dc8af2c5269,2015-09-07,03:20:00,EDSA Pioneer St. Mandaluyong,0,0,0,0,0,0,0,0,0,0,2015-09-07 11:20,Property,14.5931221,121.0583126,Side Swipe
None,EDSA,None,None,"No Accident Factor, No Collision Stated (based on Police Blotter Book), 0.0 drivers_injured, 0.0 drivers_killed, 0.0 passengers_injured, 0.0 passengers_killed, 0.0 pedestrian_injured, 0.0 pedestrian_killed, Fair (Day), EDSA Ortigas Ave. Mandaluyong",MMDA Road Safety Unit,,754f0471-5b39-42fc-a91a-796e101fdd1a,2015-09-07,01:30:00,"EDSA Robinsons Forum, Pioneer Mandaluyong",0,0,0,0,0,0,0,0,0,0,2015-09-07 9:30,Property,14.59305232,121.0585643,No Collision Stated
None,EDSA,None,None,"No Accident Factor, No Collision Stated (based on Police Blotter Book), 0.0 drivers_injured, 0.0 drivers_killed, 0.0 passengers_injured, 0.0 passengers_killed, 0.0 pedestrian_injured, 0.0 pedestrian_killed, Fair (Day), EDSA POEA Ortigas Ave. (EB)  Mandaluyong",MMDA Road Safety Unit,,2a06bc42-f28f-41de-9c31-e51b9ffb40ff,2015-09-07,01:00:00,"EDSA Highway 54 Bldg., Wack-wack Mandaluyong",0,0,0,0,0,0,0,0,0,0,2015-09-07 9:00,Property,14.59324183,121.0582336,No Collision Stated
None,EDSA,None,None,"No Accident Factor, No Collision Stated (based on Police Blotter Book), 0.0 drivers_injured, 0.0 drivers_killed, 0.0 passengers_injured, 0.0 passengers_killed, 0.0 pedestrian_injured, 0.0 pedestrian_killed, Fair (Day), EDSA Shaw Blvd. Mandaluyong",MMDA Road Safety Unit,,67d1e965-089e-4ae4-aa55-4b84a3d54193,2015-09-06,01:20:00,EDSA Barangka Drive Mandaluyong,0,0,0,0,0,0,0,0,0,0,2015-09-06 9:20,Property,14.58119822,121.0534578,No Collision Stated
None,EDSA,None,None,"No Accident Factor, Side Swipe, 0.0 drivers_injured, 0.0 drivers_killed, 0.0 passengers_injured, 0.0 passengers_killed, 0.0 pedestrian_injured, 0.0 pedestrian_killed, Fair (Night), EDSA Shaw Blvd. Mandaluyong",MMDA Road Safety Unit,,e2caa37e-1023-4e97-a440-de0db908efbe,2015-09-05,12:55:00,EDSA Shaw Blvd. Mandaluyong,0,0,0,0,0,0,0,0,0,0,2015-09-05 20:55,Property,14.58119822,121.0534578,Side Swipe
None,EDSA,None,None,"No Accident Factor, No Collision Stated (based on Police Blotter Book), 0.0 drivers_injured, 0.0 drivers_killed, 0.0 passengers_injured, 0.0 passengers_killed, 0.0 pedestrian_injured, 0.0 pedestrian_killed, Rain (Night), EDSA Ortigas Ave. (EB)  Mandaluyong",MMDA Road Safety Unit,,81d05363-51b1-462e-a116-fdf6434dafb3,2015-09-05,10:20:00,EDSA Guadix Drive Mandaluyong,0,0,0,0,0,0,0,0,0,0,2015-09-05 18:20,Property,14.59327428,121.0582827,No Collision Stated
None,EDSA,None,None,"No Accident Factor, Rear-end, 0.0 drivers_injured, 0.0 drivers_killed, 0.0 passengers_injured, 0.0 passengers_killed, 0.0 pedestrian_injured, 0.0 pedestrian_killed, Fair (Day), EDSA Pioneer St. Mandaluyong",MMDA Road Safety Unit,,56280a28-86cd-4431-8d0f-1868679b4f62,2015-09-05,06:00:00,"EDSA Robinsons Forum, Pioneer Mandaluyong",0,0,0,0,0,0,0,0,0,0,2015-09-05 14:00,Property,14.57236671,121.0472702,Rear-End
None,EDSA,None,None,"No Accident Factor, Multiple Collision, 0.0 drivers_injured, 0.0 drivers_killed, 0.0 passengers_injured, 0.0 passengers_killed, 0.0 pedestrian_injured, 0.0 pedestrian_killed, Fair (Day), EDSA Ortigas MRT Station, Wack-Wack  Mandaluyong",MMDA Road Safety Unit,,09cd0e71-ec52-445a-96fd-0cb9689b06bf,2015-09-04,09:00:00,"EDSA Starmall, Wack Wack Mandaluyong",0,0,0,0,0,0,0,0,0,0,2015-09-04 17:00,Property,14.58789302,121.0566024,Multiple
None,EDSA,None,None,"No Accident Factor, No Collision Stated (based on Police Blotter Book), 0.0 drivers_injured, 0.0 drivers_killed, 0.0 passengers_injured, 0.0 passengers_killed, 0.0 pedestrian_injured, 0.0 pedestrian_killed, Fair (Day), EDSA Starmall, Wack-Wack  Mandaluyong",MMDA Road Safety Unit,,0a0f54eb-e8e3-4b0c-92b7-3db1a813d641,2015-09-02,00:10:00,EDSA SM Lights Residences Mandaluyong,0,0,0,0,0,0,0,0,0,0,2015-09-02 8:10,Property,14.58198795,121.0540368,No Collision Stated
None,EDSA,None,None,"No Accident Factor, Multiple Collision, 0.0 drivers_injured, 0.0 drivers_killed, 0.0 passengers_injured, 0.0 passengers_killed, 0.0 pedestrian_injured, 0.0 pedestrian_killed, Fair (Day), EDSA Robinson Forum Mall, Barangka Ilaya Mandaluyong",MMDA Road Safety Unit,,d8fd9a8e-fdfe-45b5-b665-640e5e2bd1b3,2015-09-01,22:00:00,EDSA Ortigas Ave. Mandaluyong,0,0,0,0,0,0,0,0,0,0,2015-09-02 6:00,Property,14.57190409,121.0471319,Multiple
None,EDSA,None,None,"No Accident Factor, No Collision Stated (based on Police Blotter Book), 0.0 drivers_injured, 0.0 drivers_killed, 0.0 passengers_injured, 0.0 passengers_killed, 0.0 pedestrian_injured, 0.0 pedestrian_killed, Fair (Night), EDSA Ortigas Ave. Mandaluyong",MMDA Road Safety Unit,,5e74cdc6-d7fe-45af-a350-c96d3e14b1c9,2015-09-01,16:30:00,EDSA Ortigas Ave. (MRT station) Mandaluyong,0,0,0,0,0,0,0,0,0,0,2015-09-02 0:30,Property,14.59305232,121.0585643,No Collision Stated
None,EDSA,None,None,"No Accident Factor, No Collision Stated (based on Police Blotter Book), 0.0 drivers_injured, 0.0 drivers_killed, 0.0 passengers_injured, 0.0 passengers_killed, 0.0 pedestrian_injured, 0.0 pedestrian_killed, Fair (Night), EDSA SM Megamall, Wack-Wack  Mandaluyong",MMDA Road Safety Unit,,333f09ae-b582-4a06-851a-7619b1efc0cd,2015-09-01,15:25:00,EDSA Ortigas Ave. (MRT station) Mandaluyong,0,0,0,0,0,0,0,0,0,0,2015-09-01 23:25,Property,14.58501645,121.0558372,No Collision Stated
None,EDSA,None,None,"No Accident Factor, Rear-end, 0.0 drivers_injured, 0.0 drivers_killed, 0.0 passengers_injured, 0.0 passengers_killed, 0.0 pedestrian_injured, 0.0 pedestrian_killed, Fair (Night), EDSA Reliance St.  Mandaluyong",MMDA Road Safety Unit,,1bd7f6d8-570c-4436-86b4-89dd58fa5e60,2015-09-01,13:20:00,EDSA Boni Ave. (MRT station) Mandaluyong,0,0,0,0,0,0,0,0,0,0,2015-09-01 21:20,Property,14.57669064,121.0504494,Rear-End
None,EDSA,None,None,"No Accident Factor, Rear-end, 0.0 drivers_injured, 0.0 drivers_killed, 0.0 passengers_injured, 0.0 passengers_killed, 0.0 pedestrian_injured, 0.0 pedestrian_killed, Fair (Day), EDSA D. M. Guevarra St.  Mandaluyong",MMDA Road Safety Unit,,5d4fec73-7740-4fc7-8b9a-cdbb5ef1f05a,2015-09-01,00:00:00,EDSA Boni Ave. (MRT station) Mandaluyong,0,0,0,0,0,0,0,0,0,0,2015-09-01 8:00,Property,14.57864789,121.0515591,Rear-End
None,EDSA,None,None,"No Accident Factor, Rear-end, 0.0 drivers_injured, 0.0 drivers_killed, 0.0 passengers_injured, 0.0 passengers_killed, 0.0 pedestrian_injured, 0.0 pedestrian_killed, Fair (Day), EDSA Boni MRT Station Mandaluyong",MMDA Road Safety Unit,,5e9a22e8-9a78-49ce-acbd-58a59a989472,2015-08-31,23:10:00,EDSA SMDC Bldg. Mandaluyong,0,0,0,0,0,0,0,0,0,0,2015-09-01 7:10,Property,14.57372098,121.0479555,Rear-End