LOCATION_TEXT,ROAD,WEATHER,LIGHT,DESC,REPORTING_AGENCY,MAIN_CAUSE,INCIDENTDETAILS_ID,DATE_UTC,TIME_UTC,ADDRESS,killed_driver,killed_passenger,killed_pedestrian,injured_driver,injured_passenger,injured_pedestrian,killed_uncategorized,injured_uncategorized,killed_total,injured_total,DATETIME_PST,SEVERITY,Y,X,COLLISION_TYPE
None,EDSA,None,None,"No Accident Factor, Rear-end, 0.0 drivers_injured, 0.0 drivers_killed, 0.0 passengers_injured, 0.0 passengers_killed, 0.0 pedestrian_injured, 0.0 pedestrian_killed, Fair (Night), EDSA Shaw Blvd. Mandaluyong",MMDA Road Safety Unit,,dead6da6-b786-49ad-92e2-58be40e5b626,2015-08-31,11:30:00,"EDSA Shell Gas station, Highway Hills Mandaluyong",0,0,0,0,0,0,0,0,0,0,2015-08-31 19:30,Property,14.58119822,121.0534578,Rear-End
None,EDSA,None,None,"No Accident Factor, Angle Impact, 0.0 drivers_injured, 0.0 drivers_killed, 0.0 passengers_injured, 0.0 passengers_killed, 0.0 pedestrian_injured, 0.0 pedestrian_killed, Fair (Night), EDSA Boni Ave. Mandaluyong",MMDA Road Safety Unit,,6ed5db6f-b383-4062-9edc-de1bf9fce906,2015-08-30,11:50:00,"EDSA Go Hotel, Barangka Ilaya Mandaluyong",0,0,0,0,0,0,0,0,0,0,2015-08-30 19:50,Property,14.57242918,121.0471629,Angle Impact
None,EDSA,None,None,"No Accident Factor, No Collision Stated (based on Police Blotter Book), 0.0 drivers_injured, 0.0 drivers_killed, 0.0 passengers_injured, 0.0 passengers_killed, 0.0 pedestrian_injured, 0.0 pedestrian_killed, Fair (Night), EDSA Reliance St. Mandaluyong",MMDA Road Safety Unit,,446d73c4-cef4-462d-80a1-449a1e05631a,2015-08-29,10:15:00,EDSA Pioneer St. Mandaluyong,0,0,0,0,0,0,0,0,0,0,2015-08-29 18:15,Property,14.57669064,121.0504494,No Collision Stated
None,EDSA,None,None,"No Accident Factor, Side Swipe, 0.0 drivers_injured, 0.0 drivers_killed, 0.0 passengers_injured, 0.0 passengers_killed, 0.0 pedestrian_injured, 0.0 pedestrian_killed, Fair (Night), EDSA Go Hotel, Barangka Ilaya Mandaluyong",MMDA Road Safety Unit,,7abdaac7-7b2e-4ee9-b36b-e7733aba5802,2015-08-28,14:10:00,"EDSA Robinsons Forum, Barangka Ilaya Mandaluyong",0,0,0,0,0,0,0,0,0,0,2015-08-28 22:10,Property,14.57001193,121.0464575,Side Swipe
None,EDSA,None,None,"No Accident Factor, No Collision Stated (based on Police Blotter Book), 0.0 drivers_injured, 0.0 drivers_killed, 0.0 passengers_injured, 0.0 passengers_killed, 0.0 pedestrian_injured, 0.0 pedestrian_killed, Fair (Night), EDSA Robinsons Forum Mandaluyong",MMDA Road Safety Unit,,1204c9e3-65b9-4a84-aa5e-94eb816f827d,2015-08-28,11:15:00,"EDSA Robinsons Forum, Pioneer Mandaluyong",0,0,0,0,0,0,0,0,0,0,2015-08-28 19:15,Property,14.57182388,121.0470705,No Collision Stated
None,EDSA,None,None,"No Accident Factor, Head-on, 0.0 drivers_injured, 0.0 drivers_killed, 0.0 passengers_injured, 0.0 passengers_killed, 0.0 pedestrian_injured, 0.0 pedestrian_killed, Fair (Night), EDSA Robinsons Forum Mandaluyong",MMDA Road Safety Unit,,3d49c29d-621a-4970-adf0-d46b089056d9,2015-08-28,10:45:00,"EDSA Starmall, Highway Hills Mandaluyong",0,0,0,0,0,0,0,0,0,0,2015-08-28 18:45,Property,14.57182388,121.0470705,Head-On
None,EDSA,None,None,"No Accident Factor, Side Swipe, 0.0 drivers_injured, 0.0 drivers_killed, 0.0 passengers_injured, 0.0 passengers_killed, 0.0 pedestrian_injured, 0.0 pedestrian_killed, Fair (Night), EDSA Julia Vargas Ave. Mandaluyong",MMDA Road Safety Unit,,dba69094-8a13-4672-9f4f-7451a896ae0e,2015-08-28,10:35:00,"EDSA Robinsons Forum, Barangka Ilaya Mandaluyong",0,0,0,0,0,0,0,0,0,0,2015-08-28 18:35,Property,14.58458553,121.0557595,Side Swipe
None,EDSA,None,None,"No Accident Factor, Side Swipe, 0.0 drivers_injured, 0.0 drivers_killed, 0.0 passengers_injured, 0.0 passengers_killed, 0.0 pedestrian_injured, 0.0 pedestrian_killed, Fair (Night), EDSA Go Hotel, Barangka Ilaya Mandaluyong",MMDA Road Safety Unit,,e06c5a53-8ac6-41f1-9141-bedd4ef6b156,2015-08-28,10:30:00,"EDSA Central, Highway Hills Mandaluyong",0,0,0,0,0,0,0,0,0,0,2015-08-28 18:30,Property,14.57001193,121.0464575,Side Swipe
None,EDSA,None,None,"No Accident Factor, Rear-end, 0.0 drivers_injured, 0.0 drivers_killed, 0.0 passengers_injured, 0.0 passengers_killed, 0.0 pedestrian_injured, 0.0 pedestrian_killed, Fair (Night), EDSA Robinsons Forum Mandaluyong",MMDA Road Safety Unit,,9ffcff25-6115-4b37-ae4c-d92a0285f93d,2015-08-28,10:00:00,EDSA Boni Ave. (MRT station) Mandaluyong,0,0,0,0,0,0,0,0,0,0,2015-08-28 18:00,Property,14.57182388,121.0470705,Rear-End
None,EDSA,None,None,"No Accident Factor, Rear-end, 0.0 drivers_injured, 0.0 drivers_killed, 0.0 passengers_injured, 0.0 passengers_killed, 0.0 pedestrian_injured, 0.0 pedestrian_killed, Fair (Day), EDSA Filinvest Bldg. Mandaluyong",MMDA Road Safety Unit,,85f0f9fb-748d-4e81-baee-61309dde4ffc,2015-08-27,04:30:00,"EDSA Robinsons Mall, Pioneer Mandaluyong",0,0,0,0,0,0,0,0,0,0,2015-08-27 12:30,Property,14.57493081,121.0488363,Rear-End
None,EDSA,None,None,"No Accident Factor, Side Swipe, 1.0 drivers_injured, 0.0 drivers_killed, 0.0 passengers_injured, 0.0 passengers_killed, 0.0 pedestrian_injured, 0.0 pedestrian_killed, Fair (Day), EDSA Barangka Drive Mandaluyong",MMDA Road Safety Unit,,4f16d94b-d430-4c98-8dc4-44ac0323c86f,2015-08-26,00:00:00,EDSA Shaw Blvd. Mandaluyong,0,0,0,1,0,0,0,0,0,1,2015-08-26 8:00,Injury,14.57852617,121.0515355,Side Swipe
None,EDSA,None,None,"No Accident Factor, Angle Impact, 0.0 drivers_injured, 0.0 drivers_killed, 0.0 passengers_injured, 0.0 passengers_killed, 0.0 pedestrian_injured, 0.0 pedestrian_killed, Fair (Night), EDSA United St. Mandaluyong",MMDA Road Safety Unit,,58322240-1902-489b-9772-ddfa7a7a7782,2015-08-25,11:45:00,"EDSA POEA, Wack Wack Mandaluyong",0,0,0,0,0,0,0,0,0,0,2015-08-25 19:45,Property,14.57931229,121.0523819,Angle Impact
None,EDSA,None,None,"No Accident Factor, Rear-end, 0.0 drivers_injured, 0.0 drivers_killed, 0.0 passengers_injured, 0.0 passengers_killed, 0.0 pedestrian_injured, 0.0 pedestrian_killed, Fair (Day), EDSA G.A. Tower Mandaluyong",MMDA Road Safety Unit,,e30438dc-9d30-48e4-bb78-fcc54de804d6,2015-08-25,02:10:00,EDSA Guadalupe Bridge Mandaluyong,0,0,0,0,0,0,0,0,0,0,2015-08-25 10:10,Property,14.57392638,121.0480715,Rear-End
None,EDSA,None,None,"No Accident Factor, No Collision Stated (based on Police Blotter Book), 0.0 drivers_injured, 0.0 drivers_killed, 0.0 passengers_injured, 0.0 passengers_killed, 0.0 pedestrian_injured, 0.0 pedestrian_killed, Fair (Night), EDSA United St. Mandaluyong",MMDA Road Safety Unit,,a9f9a53f-ac8d-4e6c-a9cb-4c2459a65444,2015-08-24,11:30:00,"EDSA Asian Development Bank (ADB) Ave., Wack-Wack  Mandaluyong",0,0,0,0,0,0,0,0,0,0,2015-08-24 19:30,Property,14.57931229,121.0523819,No Collision Stated
None,EDSA,None,None,"No Accident Factor, Angle Impact, 0.0 drivers_injured, 0.0 drivers_killed, 0.0 passengers_injured, 0.0 passengers_killed, 0.0 pedestrian_injured, 0.0 pedestrian_killed, Fair (Day), EDSA Barangka Drive Mandaluyong",MMDA Road Safety Unit,,aa12f8fc-8ebf-4a23-aa13-3902e4100c7b,2015-08-24,07:45:00,EDSA Shaw Blvd. Mandaluyong,0,0,0,0,0,0,0,0,0,0,2015-08-24 15:45,Property,14.57852617,121.0515355,Angle Impact
None,EDSA,None,None,"No Accident Factor, Angle Impact, 0.0 drivers_injured, 0.0 drivers_killed, 0.0 passengers_injured, 0.0 passengers_killed, 0.0 pedestrian_injured, 0.0 pedestrian_killed, Fair (Day), EDSA Pinatubo St. Mandaluyong",MMDA Road Safety Unit,,18ac3dac-d95f-4090-ac85-d6cf9ff8470b,2015-08-24,00:30:00,EDSA Ortigas Ave. (SB)  Mandaluyong,0,0,0,0,0,0,0,0,0,0,2015-08-24 8:30,Property,14.57321369,121.0476439,Angle Impact
None,EDSA,None,None,"No Accident Factor, Side Swipe, 0.0 drivers_injured, 0.0 drivers_killed, 0.0 passengers_injured, 0.0 passengers_killed, 0.0 pedestrian_injured, 0.0 pedestrian_killed, Fair (Day), EDSA VRP Medical Center Mandaluyong",MMDA Road Safety Unit,,27d0a423-be3e-4fac-a7ad-1cb4a0963db4,2015-08-23,22:30:00,EDSA Shaw Blvd. Mandaluyong,0,0,0,0,0,0,0,0,0,0,2015-08-24 6:30,Property,14.57681109,121.0502639,Side Swipe
None,EDSA,None,None,"No Accident Factor, Rear-end, 0.0 drivers_injured, 0.0 drivers_killed, 0.0 passengers_injured, 0.0 passengers_killed, 0.0 pedestrian_injured, 0.0 pedestrian_killed, Fair (Night), EDSA SM Megamall, Wack-Wack Mandaluyong",MMDA Road Safety Unit,,2e42654b-354b-44ac-8464-f81c9051617b,2015-08-23,13:45:00,"EDSA SM Megamall, Wack-Wack Mandaluyong",0,0,0,0,0,0,0,0,0,0,2015-08-23 21:45,Property,14.58501645,121.0558372,Rear-End
None,EDSA,None,None,"No Accident Factor, No Collision Stated (based on Police Blotter Book), 0.0 drivers_injured, 0.0 drivers_killed, 0.0 passengers_injured, 0.0 passengers_killed, 0.0 pedestrian_injured, 0.0 pedestrian_killed, Fair (Day), EDSA Ortigas Ave. Mandaluyong",MMDA Road Safety Unit,,c133a936-7433-40e2-88df-ef1d3c5ad6a9,2015-08-23,06:00:00,"EDSA Ortigas Loading Bay (POEA, Wack-Wack) Mandaluyong",0,0,0,0,0,0,0,0,0,0,2015-08-23 14:00,Property,14.59305232,121.0585643,No Collision Stated
None,EDSA,None,None,"No Accident Factor, Angle Impact, 0.0 drivers_injured, 0.0 drivers_killed, 0.0 passengers_injured, 0.0 passengers_killed, 0.0 pedestrian_injured, 0.0 pedestrian_killed, Fair (Night), EDSA ""U"" turn slot, Robinsons Galleria Mall, Wack-Wack Mandaluyong",MMDA Road Safety Unit,,3717451b-5959-4d13-869a-425b858550a5,2015-08-22,10:00:00,EDSA Pioneer St. Mandaluyong,0,0,0,0,0,0,0,0,0,0,2015-08-22 18:00,Property,14.59235052,121.0581132,Angle Impact
None,EDSA,None,None,"No Accident Factor, Rear-end, 0.0 drivers_injured, 0.0 drivers_killed, 0.0 passengers_injured, 0.0 passengers_killed, 0.0 pedestrian_injured, 0.0 pedestrian_killed, Fair (Day), EDSA Shaw Blvd. Mandaluyong",MMDA Road Safety Unit,,67dd4f54-34a9-4e6b-9969-6a7cc084233f,2015-08-22,00:20:00,"EDSA Robinsons Forum, Barangka Ilaya Mandaluyong",0,0,0,0,0,0,0,0,0,0,2015-08-22 8:20,Property,14.58119822,121.0534578,Rear-End
None,EDSA,None,None,"No Accident Factor, Multiple Collision, 0.0 drivers_injured, 0.0 drivers_killed, 0.0 passengers_injured, 0.0 passengers_killed, 0.0 pedestrian_injured, 0.0 pedestrian_killed, Fair (Night), EDSA Reliance St.  Mandaluyong",MMDA Road Safety Unit,,e50d6b86-4e61-4a6c-b814-f940c3d21c8a,2015-08-20,12:30:00,EDSA Barangka Drive Mandaluyong,0,0,0,0,0,0,0,0,0,0,2015-08-20 20:30,Property,14.57669064,121.0504494,Multiple
None,EDSA,None,None,"No Accident Factor, Angle Impact, 0.0 drivers_injured, 0.0 drivers_killed, 0.0 passengers_injured, 0.0 passengers_killed, 0.0 pedestrian_injured, 0.0 pedestrian_killed, Fair (Day), EDSA Ortigas Ave. Mandaluyong",MMDA Road Safety Unit,,b80ac574-8139-4ce4-aa78-90d2231d4f03,2015-08-20,01:50:00,"EDSA Ortigas MRT Station, Wack-Wack Mandaluyong",0,0,0,0,0,0,0,0,0,0,2015-08-20 9:50,Property,14.59305232,121.0585643,Angle Impact
None,EDSA,None,None,"No Accident Factor, Rear-end, 0.0 drivers_injured, 0.0 drivers_killed, 0.0 passengers_injured, 0.0 passengers_killed, 0.0 pedestrian_injured, 0.0 pedestrian_killed, Fair (Night), EDSA Pavillion Highway Hills Mandaluyong",MMDA Road Safety Unit,,758dd58c-e110-46ad-baa1-2dbbbb1f24ac,2015-08-19,14:45:00,EDSA SM Megamall Bldg. A Mandaluyong,0,0,0,0,0,0,0,0,0,0,2015-08-19 22:45,Property,14.5794983,121.052618,Rear-End
None,EDSA,None,None,"No Accident Factor, No Collision Stated (based on Police Blotter Book), 0.0 drivers_injured, 0.0 drivers_killed, 0.0 passengers_injured, 0.0 passengers_killed, 0.0 pedestrian_injured, 0.0 pedestrian_killed, Fair (Night), EDSA Pavillion , Highway Hills Mandaluyong",MMDA Road Safety Unit,,9d5c97b6-783c-42f9-875d-82551125df30,2015-08-19,14:45:00,"EDSA Boni MRT Station, Malamig Mandaluyong",0,0,0,0,0,0,0,0,0,0,2015-08-19 22:45,Property,14.5794983,121.052618,No Collision Stated
None,EDSA,None,None,"No Accident Factor, Side Swipe, 0.0 drivers_injured, 0.0 drivers_killed, 0.0 passengers_injured, 0.0 passengers_killed, 0.0 pedestrian_injured, 0.0 pedestrian_killed, Fair (Day), EDSA Highway 54 Bldg., Wack-wack Mandaluyong",MMDA Road Safety Unit,,e2ea107b-7a26-4796-8cea-5686a6bda424,2015-08-19,04:20:00,EDSA Boni Ave. (MRT station) Mandaluyong,0,0,0,0,0,0,0,0,0,0,2015-08-19 12:20,Property,14.58500097,121.0556243,Side Swipe
None,EDSA,None,None,"No Accident Factor, Rear-end, 0.0 drivers_injured, 0.0 drivers_killed, 0.0 passengers_injured, 0.0 passengers_killed, 0.0 pedestrian_injured, 0.0 pedestrian_killed, Fair (Day), EDSA Pioneer St. Mandaluyong",MMDA Road Safety Unit,,e69ded8c-8a16-4aab-a304-5e94d1b411b8,2015-08-19,02:10:00,"EDSA Boni MRT Station, Malamig Mandaluyong",0,0,0,0,0,0,0,0,0,0,2015-08-19 10:10,Property,14.57236671,121.0472702,Rear-End
None,EDSA,None,None,"No Accident Factor, Angle Impact, 0.0 drivers_injured, 0.0 drivers_killed, 0.0 passengers_injured, 0.0 passengers_killed, 0.0 pedestrian_injured, 0.0 pedestrian_killed, Fair (Day), EDSA Rochester St.  Mandaluyong",MMDA Road Safety Unit,,5567a5be-931a-479e-b612-07da0026d807,2015-08-19,01:50:00,EDSA Pinatubo St. Mandaluyong,0,0,0,0,0,0,0,0,0,0,2015-08-19 9:50,Property,14.597563,121.0595941,Angle Impact
None,EDSA,None,None,"No Accident Factor, No Collision Stated (based on Police Blotter Book), 0.0 drivers_injured, 0.0 drivers_killed, 0.0 passengers_injured, 0.0 passengers_killed, 0.0 pedestrian_injured, 0.0 pedestrian_killed, Fair (Day), EDSA Shaw Blvd. Mandaluyong",MMDA Road Safety Unit,,ac317d3f-4cfd-4c4f-8a00-fb7ea0b6ba75,2015-08-18,22:15:00,EDSA Shaw Blvd. Mandaluyong,0,0,0,0,0,0,0,0,0,0,2015-08-19 6:15,Property,14.58119822,121.0534578,No Collision Stated
None,EDSA,None,None,"No Accident Factor, Rear-end, 0.0 drivers_injured, 0.0 drivers_killed, 0.0 passengers_injured, 0.0 passengers_killed, 0.0 pedestrian_injured, 0.0 pedestrian_killed, Fair (Day), EDSA Barangka Drive Mandaluyong",MMDA Road Safety Unit,,f9e2d3a6-23c4-4776-8022-be1a085aafdb,2015-08-18,05:30:00,"EDSA Petron Gas Station, Malamig Mandaluyong",0,0,0,0,0,0,0,0,0,0,2015-08-18 13:30,Property,14.57852617,121.0515355,Rear-End
None,EDSA,None,None,"No Accident Factor, Rear-end, 0.0 drivers_injured, 0.0 drivers_killed, 0.0 passengers_injured, 0.0 passengers_killed, 0.0 pedestrian_injured, 0.0 pedestrian_killed, Fair (Day), EDSA G. A. Tower Mandaluyong",MMDA Road Safety Unit,,0750b9b5-c879-4a36-a54a-be129f0ce026,2015-08-18,04:30:00,"EDSA Ortigas MRT Station, Wack-Wack Mandaluyong",0,0,0,0,0,0,0,0,0,0,2015-08-18 12:30,Property,14.57386012,121.0480107,Rear-End
None,EDSA,None,None,"No Accident Factor, Hit and Run (No Collision Stated), 0.0 drivers_injured, 0.0 drivers_killed, 0.0 passengers_injured, 0.0 passengers_killed, 0.0 pedestrian_injured, 0.0 pedestrian_killed, Fair (Night), EDSA SM Megamall, Wack-Wack Mandaluyong",MMDA Road Safety Unit,,3b3963c9-5e5a-48bd-960a-0188e2d769fa,2015-08-17,15:30:00,EDSA Ortigas Ave. (EB)  Mandaluyong,0,0,0,0,0,0,0,0,0,0,2015-08-17 23:30,Property,14.58501645,121.0558372,No Collision Stated
None,EDSA,None,None,"No Accident Factor, Side Swipe, 0.0 drivers_injured, 0.0 drivers_killed, 0.0 passengers_injured, 0.0 passengers_killed, 0.0 pedestrian_injured, 0.0 pedestrian_killed, Fair (Day), EDSA Shaw Blvd. Mandaluyong",MMDA Road Safety Unit,,8db20423-cc5e-45c2-8d98-fd754a129451,2015-08-17,07:30:00,"EDSA Highway 54 Bldg., Wack-wack Mandaluyong",0,0,0,0,0,0,0,0,0,0,2015-08-17 15:30,Property,14.58119822,121.0534578,Side Swipe
None,EDSA,None,None,"No Accident Factor, Rear-end, 0.0 drivers_injured, 0.0 drivers_killed, 0.0 passengers_injured, 0.0 passengers_killed, 0.0 pedestrian_injured, 0.0 pedestrian_killed, Fair (Day), EDSA Highway 54 Bldg., Wack-wack Mandaluyong",MMDA Road Safety Unit,,a5cd92f1-af52-4b77-a16e-cb3921e04413,2015-08-17,00:30:00,EDSA Barangka Drive Mandaluyong,0,0,0,0,0,0,0,0,0,0,2015-08-17 8:30,Property,14.58500097,121.0556243,Rear-End
None,EDSA,None,None,"No Accident Factor, Side Swipe, 0.0 drivers_injured, 0.0 drivers_killed, 0.0 passengers_injured, 0.0 passengers_killed, 0.0 pedestrian_injured, 0.0 pedestrian_killed, Fair (Day), EDSA Shaw Blvd. Mandaluyong",MMDA Road Safety Unit,,124c6298-0226-4a49-bd35-710c7fb7ea70,2015-08-15,09:30:00,EDSA Ortigas Ave. Mandaluyong,0,0,0,0,0,0,0,0,0,0,2015-08-15 17:30,Property,14.58119822,121.0534578,Side Swipe
None,EDSA,None,None,"No Accident Factor, No Collision Stated (based on Police Blotter Book), 0.0 drivers_injured, 0.0 drivers_killed, 0.0 passengers_injured, 0.0 passengers_killed, 0.0 pedestrian_injured, 0.0 pedestrian_killed, Fair (Day), EDSA Light Mall Residence, Highway Hills Mandaluyong",MMDA Road Safety Unit,,21fd8333-824b-4c08-908b-fea2a197faa3,2015-08-15,02:30:00,"EDSA Shell Gas Station, Highway Hills Mandaluyong",0,0,0,0,0,0,0,0,0,0,2015-08-15 10:30,Property,14.57395349,121.0484543,No Collision Stated
None,EDSA,None,None,"No Accident Factor, Side Swipe, 0.0 drivers_injured, 0.0 drivers_killed, 0.0 passengers_injured, 0.0 passengers_killed, 0.0 pedestrian_injured, 0.0 pedestrian_killed, Fair (Day), EDSA Light Mall Residence, Highway Hills Mandaluyong",MMDA Road Safety Unit,,4783e768-2b5d-46b6-bb69-692e65b6f054,2015-08-14,05:30:00,"EDSA SM Megamall, Wack-Wack Mandaluyong",0,0,0,0,0,0,0,0,0,0,2015-08-14 13:30,Property,14.57395349,121.0484543,Side Swipe
None,EDSA,None,None,"No Accident Factor, No Collision Stated (based on Police Blotter Book), 0.0 drivers_injured, 0.0 drivers_killed, 0.0 passengers_injured, 0.0 passengers_killed, 0.0 pedestrian_injured, 0.0 pedestrian_killed, Fair (Night), EDSA Go Hotel, Barangka Ilaya Mandaluyong",MMDA Road Safety Unit,,f2b49064-cd96-477e-bd3a-a72e22ffe685,2015-08-13,14:00:00,EDSA Ortigas Ave. (EB) Mandaluyong,0,0,0,0,0,0,0,0,0,0,2015-08-13 22:00,Property,14.57001193,121.0464575,No Collision Stated
None,EDSA,None,None,"No Accident Factor, Rear-end, 0.0 drivers_injured, 0.0 drivers_killed, 0.0 passengers_injured, 0.0 passengers_killed, 0.0 pedestrian_injured, 0.0 pedestrian_killed, Fair (Night), EDSA SM Megamall Mandaluyong",MMDA Road Safety Unit,,c2ed356c-5a77-441d-b681-abf475b71965,2015-08-13,10:30:00,EDSA Ortigas Ave. Mandaluyong,0,0,0,0,0,0,0,0,0,0,2015-08-13 18:30,Property,14.58501645,121.0558372,Rear-End
None,EDSA,None,None,"No Accident Factor, Angle Impact, 0.0 drivers_injured, 0.0 drivers_killed, 0.0 passengers_injured, 0.0 passengers_killed, 0.0 pedestrian_injured, 0.0 pedestrian_killed, Fair (Night), EDSA SM Megamall Mandaluyong",MMDA Road Safety Unit,,14f88e41-e5fd-4a7e-b4ef-9c13cc4f03f1,2015-08-12,12:35:00,EDSA Shaw Blvd. Mandaluyong,0,0,0,0,0,0,0,0,0,0,2015-08-12 20:35,Property,14.58501645,121.0558372,Angle Impact
None,EDSA,None,None,"No Accident Factor, Side Swipe, 0.0 drivers_injured, 0.0 drivers_killed, 0.0 passengers_injured, 0.0 passengers_killed, 0.0 pedestrian_injured, 0.0 pedestrian_killed, Fair (Day), EDSA Highway 54 Bldg., Wack-wack Mandaluyong",MMDA Road Safety Unit,,b70a8065-2eeb-4efd-ad1e-f1aca407ce36,2015-08-12,01:30:00,EDSA Shaw Blvd. Mandaluyong,0,0,0,0,0,0,0,0,0,0,2015-08-12 9:30,Property,14.58500097,121.0556243,Side Swipe
None,EDSA,None,None,"No Accident Factor, No Collision Stated (based on Police Blotter Book), 0.0 drivers_injured, 0.0 drivers_killed, 0.0 passengers_injured, 0.0 passengers_killed, 0.0 pedestrian_injured, 0.0 pedestrian_killed, Fair (Night), EDSA SM Megamall, Wack-Wack Mandaluyong",MMDA Road Safety Unit,,08fdf636-5d67-4687-927f-d0a6517a64ac,2015-08-11,14:20:00,"EDSA Starmall, Wack-Wack Mandaluyong",0,0,0,0,0,0,0,0,0,0,2015-08-11 22:20,Property,14.58501645,121.0558372,No Collision Stated
None,EDSA,None,None,"No Accident Factor, No Collision Stated (based on Police Blotter Book), 0.0 drivers_injured, 0.0 drivers_killed, 0.0 passengers_injured, 0.0 passengers_killed, 0.0 pedestrian_injured, 0.0 pedestrian_killed, Fair (Day), EDSA Rochester St.  Mandaluyong",MMDA Road Safety Unit,,4592e7c2-989b-4caf-9f66-1cdda7d00d7e,2015-08-11,06:45:00,EDSA Barangka Drive Mandaluyong,0,0,0,0,0,0,0,0,0,0,2015-08-11 14:45,Property,14.597563,121.0595941,No Collision Stated
None,EDSA,None,None,"No Accident Factor, No Collision Stated (based on Police Blotter Book), 0.0 drivers_injured, 0.0 drivers_killed, 0.0 passengers_injured, 0.0 passengers_killed, 0.0 pedestrian_injured, 0.0 pedestrian_killed, Fair (Night), EDSA Pioneer St. Mandaluyong",MMDA Road Safety Unit,,6426c98e-0f99-4005-809a-07cd08dd078c,2015-08-10,13:00:00,EDSA Barangka Drive Mandaluyong,0,0,0,0,0,0,0,0,0,0,2015-08-10 21:00,Property,14.57236671,121.0472702,No Collision Stated
None,EDSA,None,None,"No Accident Factor, No Collision Stated (based on Police Blotter Book), 0.0 drivers_injured, 0.0 drivers_killed, 0.0 passengers_injured, 0.0 passengers_killed, 0.0 pedestrian_injured, 0.0 pedestrian_killed, Fair (Day), EDSA Boni Ave. Mandaluyong",MMDA Road Safety Unit,,a3d63c90-01ea-4935-a8ee-540ba3cce900,2015-08-10,02:00:00,"EDSA SM Megamall, Wack-Wack Mandaluyong",0,0,0,0,0,0,0,0,0,0,2015-08-10 10:00,Property,14.57242918,121.0471629,No Collision Stated
None,EDSA,None,None,"No Accident Factor, Side Swipe, 0.0 drivers_injured, 0.0 drivers_killed, 0.0 passengers_injured, 0.0 passengers_killed, 0.0 pedestrian_injured, 0.0 pedestrian_killed, Fair (Night), EDSA Amber Restaurant, Ilaya Mandaluyong",MMDA Road Safety Unit,,5eb44c26-d386-4935-9390-95cd79b85e6d,2015-08-09,17:00:00,"EDSA PGA Car, Wack-Wack Mandaluyong",0,0,0,0,0,0,0,0,0,0,2015-08-10 1:00,Property,14.57029352,121.0463228,Side Swipe
None,EDSA,None,None,"No Accident Factor, No Collision Stated (based on Police Blotter Book), 0.0 drivers_injured, 0.0 drivers_killed, 1.0 passengers_injured, 0.0 passengers_killed, 0.0 pedestrian_injured, 0.0 pedestrian_killed, Fair (Night), EDSA Connecticut, Wack-Wack Mandaluyong",MMDA Road Safety Unit,,6caf24d6-382d-44dc-a5cc-475437afe7a6,2015-08-09,12:00:00,EDSA Pioneer St. Mandaluyong,0,0,0,0,1,0,0,0,0,1,2015-08-09 20:00,Injury,14.60157569,121.0591838,No Collision Stated
None,EDSA,None,None,"No Accident Factor, Side Swipe, 0.0 drivers_injured, 0.0 drivers_killed, 0.0 passengers_injured, 0.0 passengers_killed, 0.0 pedestrian_injured, 0.0 pedestrian_killed, Fair (Night), EDSA Boni MRT Station Mandaluyong",MMDA Road Safety Unit,,484b67c9-cc9d-4dc0-aec7-18f63367dc2a,2015-08-09,10:30:00,EDSA Sultan St. Mandaluyong,0,0,0,0,0,0,0,0,0,0,2015-08-09 18:30,Property,14.57372098,121.0479555,Side Swipe
None,EDSA,None,None,"No Accident Factor, Hit and Run (No Collision Stated), 0.0 drivers_injured, 0.0 drivers_killed, 0.0 passengers_injured, 0.0 passengers_killed, 0.0 pedestrian_injured, 0.0 pedestrian_killed, Fair (Night), EDSA Pioneer St. Mandaluyong",MMDA Road Safety Unit,,dd9b875e-9c53-40aa-be6a-dc4b846e0cbb,2015-08-09,10:15:00,EDSA Ortigas Mrt Station Mandaluyong,0,0,0,0,0,0,0,0,0,0,2015-08-09 18:15,Property,14.57236671,121.0472702,No Collision Stated
None,EDSA,None,None,"No Accident Factor, No Collision Stated (based on Police Blotter Book), 0.0 drivers_injured, 0.0 drivers_killed, 0.0 passengers_injured, 0.0 passengers_killed, 0.0 pedestrian_injured, 0.0 pedestrian_killed, Fair (Day), EDSA SM Megamall Bldg. A, Wack-Wack Mandaluyong",MMDA Road Safety Unit,,c8312d3f-cc62-42ba-bf82-711046bc005b,2015-08-09,09:30:00,EDSA G.A. Tower Mandaluyong,0,0,0,0,0,0,0,0,0,0,2015-08-09 17:30,Property,14.58501645,121.0558372,No Collision Stated
None,EDSA,None,None,"No Accident Factor, No Collision Stated (based on Police Blotter Book), 0.0 drivers_injured, 0.0 drivers_killed, 0.0 passengers_injured, 0.0 passengers_killed, 0.0 pedestrian_injured, 0.0 pedestrian_killed, Fair (Day), EDSA Gate 5 Landbank, Wack-Wack Mandaluyong",MMDA Road Safety Unit,,2be8c665-bd08-47a8-8cb4-31329a5c4903,2015-08-09,04:30:00,"EDSA Ortigas Ave., MRT Station Mandaluyong",0,0,0,0,0,0,0,0,0,0,2015-08-09 12:30,Property,14.60119762,121.0592927,No Collision Stated
None,EDSA,None,None,"No Accident Factor, No Collision Stated (based on Police Blotter Book), 0.0 drivers_injured, 0.0 drivers_killed, 0.0 passengers_injured, 0.0 passengers_killed, 0.0 pedestrian_injured, 0.0 pedestrian_killed, Fair (Night), EDSA Ortigas MRT Station, Wack-Wack Mandaluyong",MMDA Road Safety Unit,,793dc6a2-7e72-4728-92f6-281b91c9f99e,2015-08-08,16:10:00,EDSA GO Hotel Mandaluyong,0,0,0,0,0,0,0,0,0,0,2015-08-09 0:10,Property,14.58789302,121.0566024,No Collision Stated