LOCATION_TEXT,ROAD,WEATHER,LIGHT,DESC,REPORTING_AGENCY,MAIN_CAUSE,INCIDENTDETAILS_ID,DATE_UTC,TIME_UTC,ADDRESS,killed_driver,killed_passenger,killed_pedestrian,injured_driver,injured_passenger,injured_pedestrian,killed_uncategorized,injured_uncategorized,killed_total,injured_total,DATETIME_PST,SEVERITY,Y,X,COLLISION_TYPE
None,EDSA,None,None,"No Accident Factor, No Collision Stated (based on Police Blotter Book), 0.0 drivers_injured, 0.0 drivers_killed, 0.0 passengers_injured, 0.0 passengers_killed, 0.0 pedestrian_injured, 0.0 pedestrian_killed, Fair (Night), EDSA Ortigas MRT Station, Wack-Wack Mandaluyong",MMDA Road Safety Unit,,121d70ff-69ab-4c00-8690-a54e33c8c082,2015-08-07,15:20:00,"EDSA Starmall, Wack Wack Mandaluyong",0,0,0,0,0,0,0,0,0,0,2015-08-07 23:20,Property,14.58789302,121.0566024,No Collision Stated
None,EDSA,None,None,"No Accident Factor, No Collision Stated (based on Police Blotter Book), 0.0 drivers_injured, 0.0 drivers_killed, 0.0 passengers_injured, 0.0 passengers_killed, 0.0 pedestrian_injured, 0.0 pedestrian_killed, Fair (Night), EDSA V. R. P. Medical Center, Highway Hills Mandaluyong",MMDA Road Safety Unit,,a613bec3-b918-4d62-ade8-7894eae8fa65,2015-08-07,13:35:00,"EDSA Ortigas Ave., MRT Station Mandaluyong",0,0,0,0,0,0,0,0,0,0,2015-08-07 21:35,Property,14.57684342,121.0502966,No Collision Stated
None,EDSA,None,None,"No Accident Factor, Side Swipe, 0.0 drivers_injured, 0.0 drivers_killed, 0.0 passengers_injured, 0.0 passengers_killed, 0.0 pedestrian_injured, 0.0 pedestrian_killed, Fair (Day), EDSA Highway 54 Bldg., Wack-wack Mandaluyong",MMDA Road Safety Unit,,e8d188ce-23f9-457a-ba13-6862c1cd7765,2015-08-07,04:40:00,EDSA Shaw Blvd. Mandaluyong,0,0,0,0,0,0,0,0,0,0,2015-08-07 12:40,Property,14.58500097,121.0556243,Side Swipe
None,EDSA,None,None,"No Accident Factor, No Collision Stated (based on Police Blotter Book), 0.0 drivers_injured, 0.0 drivers_killed, 0.0 passengers_injured, 0.0 passengers_killed, 0.0 pedestrian_injured, 0.0 pedestrian_killed, Fair (Night), EDSA ABB, Wack-Wack  Mandaluyong",MMDA Road Safety Unit,,5f16c2cf-39c7-4069-bba0-64564eab7378,2015-08-06,12:00:00,EDSA Barangka Drive Mandaluyong,0,0,0,0,0,0,0,0,0,0,2015-08-06 20:00,Property,14.58979112,121.0575071,No Collision Stated
None,EDSA,None,None,"No Accident Factor, Rear-end, 0.0 drivers_injured, 0.0 drivers_killed, 0.0 passengers_injured, 0.0 passengers_killed, 0.0 pedestrian_injured, 0.0 pedestrian_killed, Fair (Day), EDSA Boni MRT Station, Highway Hills Mandaluyong",MMDA Road Safety Unit,,0af99edc-7413-465c-8615-68f11d360b97,2015-08-06,04:30:00,EDSA Barangka Drive Mandaluyong,0,0,0,0,0,0,0,0,0,0,2015-08-06 12:30,Property,14.57372098,121.0479555,Rear-End
None,EDSA,None,None,"No Accident Factor, Side Swipe, 0.0 drivers_injured, 0.0 drivers_killed, 0.0 passengers_injured, 0.0 passengers_killed, 0.0 pedestrian_injured, 0.0 pedestrian_killed, Fair (Day), EDSA Boni Ave. Mandaluyong",MMDA Road Safety Unit,,35893a57-3440-4034-9051-d31d14c4ccc3,2015-08-05,01:30:00,EDSA Reliance St. Mandaluyong,0,0,0,0,0,0,0,0,0,0,2015-08-05 9:30,Property,14.57242918,121.0471629,Side Swipe
None,EDSA,None,None,"No Accident Factor, No Collision Stated (based on Police Blotter Book), 0.0 drivers_injured, 0.0 drivers_killed, 0.0 passengers_injured, 0.0 passengers_killed, 0.0 pedestrian_injured, 0.0 pedestrian_killed, Fair (Night), EDSA SMDC Bldg., Highway Hills Mandaluyong",MMDA Road Safety Unit,,e80c08a8-6c62-43f8-b5f1-3c3e3d36bffc,2015-08-04,14:30:00,"EDSA Caltex Gas Station, Ilaya Mandaluyong",0,0,0,0,0,0,0,0,0,0,2015-08-04 22:30,Property,14.57496984,121.0491482,No Collision Stated
None,EDSA,None,None,"No Accident Factor, No Collision Stated (based on Police Blotter Book), 0.0 drivers_injured, 0.0 drivers_killed, 0.0 passengers_injured, 0.0 passengers_killed, 0.0 pedestrian_injured, 0.0 pedestrian_killed, Fair (Night), EDSA Go Hotel Mandaluyong",MMDA Road Safety Unit,,dbc9ff89-88d3-40ae-83f8-3e29a3e80901,2015-08-04,12:00:00,EDSA Connecticut St. Mandaluyong,0,0,0,0,0,0,0,0,0,0,2015-08-04 20:00,Property,14.57001193,121.0464575,No Collision Stated
None,EDSA,None,None,"No Accident Factor, No Collision Stated (based on Police Blotter Book), 1.0 drivers_injured, 0.0 drivers_killed, 0.0 passengers_injured, 0.0 passengers_killed, 0.0 pedestrian_injured, 0.0 pedestrian_killed, Fair (Day), EDSA Shaw Blvd. Mandaluyong",MMDA Road Safety Unit,,de98945a-414b-4516-a2fa-7a9a9dcd4136,2015-08-04,08:55:00,EDSA Ortigas Ave. overpass Mandaluyong,0,0,0,1,0,0,0,0,0,1,2015-08-04 16:55,Injury,14.58119822,121.0534578,No Collision Stated
None,EDSA,None,None,"No Accident Factor, No Collision Stated (based on Police Blotter Book), 0.0 drivers_injured, 0.0 drivers_killed, 0.0 passengers_injured, 0.0 passengers_killed, 0.0 pedestrian_injured, 0.0 pedestrian_killed, Fair (Day), EDSA Caltex Gas Station, Ilaya Mandaluyong",MMDA Road Safety Unit,,6a41e83e-ba4a-4191-b556-9eafb40a6003,2015-08-04,02:00:00,"EDSA Starmall, Wack Wack Mandaluyong",0,0,0,0,0,0,0,0,0,0,2015-08-04 10:00,Property,14.57228634,121.0470942,No Collision Stated
None,EDSA,None,None,"No Accident Factor, No Collision Stated (based on Police Blotter Book), 0.0 drivers_injured, 0.0 drivers_killed, 0.0 passengers_injured, 0.0 passengers_killed, 0.0 pedestrian_injured, 0.0 pedestrian_killed, Fair (Day), EDSA V. R. P. Medical Center, Highway Hills Mandaluyong",MMDA Road Safety Unit,,5ed690cb-fea1-4c07-b270-087865d03334,2015-08-03,22:40:00,EDSA Madison St. Mandaluyong,0,0,0,0,0,0,0,0,0,0,2015-08-04 6:40,Property,14.57684342,121.0502966,No Collision Stated
None,EDSA,None,None,"No Accident Factor, No Collision Stated (based on Police Blotter Book), 0.0 drivers_injured, 0.0 drivers_killed, 0.0 passengers_injured, 0.0 passengers_killed, 0.0 pedestrian_injured, 0.0 pedestrian_killed, Fair (Day), EDSA Shaw Blvd. Mandaluyong",MMDA Road Safety Unit,,d2ef32d0-874b-4baf-b542-3a664e0547c8,2015-08-03,08:30:00,EDSA Boni Ave. Mandaluyong,0,0,0,0,0,0,0,0,0,0,2015-08-03 16:30,Property,14.58119822,121.0534578,No Collision Stated
None,EDSA,None,None,"No Accident Factor, Head-on, 0.0 drivers_injured, 0.0 drivers_killed, 0.0 passengers_injured, 0.0 passengers_killed, 0.0 pedestrian_injured, 0.0 pedestrian_killed, Fair (Day), EDSA Connecticut St. Mandaluyong",MMDA Road Safety Unit,,d94917c3-dcfc-4401-82eb-166a856654a3,2015-08-03,00:45:00,"EDSA POEA, Wack Wack Mandaluyong",0,0,0,0,0,0,0,0,0,0,2015-08-03 8:45,Property,14.60151411,121.0591478,Head-On
None,EDSA,None,None,"No Accident Factor, Rear-end, 0.0 drivers_injured, 0.0 drivers_killed, 0.0 passengers_injured, 0.0 passengers_killed, 0.0 pedestrian_injured, 0.0 pedestrian_killed, Fair (Day), EDSA Highway 54 Bldg., Wack-wack Mandaluyong",MMDA Road Safety Unit,,0b23d096-4ec9-460a-8627-fdfdd809ce60,2015-08-02,23:30:00,EDSA Boni Ave. Mandaluyong,0,0,0,0,0,0,0,0,0,0,2015-08-03 7:30,Property,14.58500097,121.0556243,Rear-End
None,EDSA,None,None,"No Accident Factor, No Collision Stated (based on Police Blotter Book), 0.0 drivers_injured, 0.0 drivers_killed, 0.0 passengers_injured, 0.0 passengers_killed, 0.0 pedestrian_injured, 0.0 pedestrian_killed, Fair (Day), EDSA SMDC Bldg., Highway Hills Mandaluyong",MMDA Road Safety Unit,,8031e3aa-95f7-4f99-98e7-c5ca63649de2,2015-08-02,07:45:00,EDSA Guadix Drive Mandaluyong,0,0,0,0,0,0,0,0,0,0,2015-08-02 15:45,Property,14.57496984,121.0491482,No Collision Stated
None,EDSA,None,None,"No Accident Factor, No Collision Stated (based on Police Blotter Book), 0.0 drivers_injured, 0.0 drivers_killed, 0.0 passengers_injured, 0.0 passengers_killed, 0.0 pedestrian_injured, 0.0 pedestrian_killed, Fair (Night), EDSA Shaw Blvd. Mandaluyong",MMDA Road Safety Unit,,ec60f8a1-4ed0-4f1f-847c-598e36bea9f9,2015-08-01,15:30:00,EDSA Shangri-La Mall Driveway Mandaluyong,0,0,0,0,0,0,0,0,0,0,2015-08-01 23:30,Property,14.58119822,121.0534578,No Collision Stated
None,EDSA,None,None,"No Accident Factor, Multiple Collision, 1.0 drivers_injured, 0.0 drivers_killed, 0.0 passengers_injured, 0.0 passengers_killed, 0.0 pedestrian_injured, 0.0 pedestrian_killed, Fair (Night), EDSA Megamall, Wack-Wack Mandaluyong",MMDA Road Safety Unit,,0e0da140-573c-4a8a-8a3f-8bd8d51c77c8,2015-08-01,12:10:00,EDSA V.R. Potenciano Medical Center Mandaluyong,0,0,0,1,0,0,0,0,0,1,2015-08-01 20:10,Injury,14.58519582,121.0559351,Multiple
None,EDSA,None,None,"No Accident Factor, No Collision Stated (based on Police Blotter Book), 0.0 drivers_injured, 0.0 drivers_killed, 0.0 passengers_injured, 0.0 passengers_killed, 0.0 pedestrian_injured, 0.0 pedestrian_killed, Fair (Night), EDSA SM Megamall, Wack-Wack Mandaluyong",MMDA Road Safety Unit,,9104119a-89c4-4126-9e34-68bdcd906084,2015-08-01,10:45:00,EDSA Madison St. Mandaluyong,0,0,0,0,0,0,0,0,0,0,2015-08-01 18:45,Property,14.58501645,121.0558372,No Collision Stated
None,EDSA,None,None,"No Accident Factor, No Collision Stated (based on Police Blotter Book), 0.0 drivers_injured, 0.0 drivers_killed, 0.0 passengers_injured, 0.0 passengers_killed, 0.0 pedestrian_injured, 0.0 pedestrian_killed, Fair (Day), EDSA Shaw Blvd. Mandaluyong",MMDA Road Safety Unit,,1f9ceea7-f343-499a-918e-a6b6c8c64c35,2015-08-01,09:10:00,"EDSA Highway 54 Bldg., Wack-wack Mandaluyong",0,0,0,0,0,0,0,0,0,0,2015-08-01 17:10,Property,14.58119822,121.0534578,No Collision Stated
None,EDSA,None,None,"No Accident Factor, No Collision Stated (based on Police Blotter Book), 0.0 drivers_injured, 0.0 drivers_killed, 0.0 passengers_injured, 0.0 passengers_killed, 0.0 pedestrian_injured, 0.0 pedestrian_killed, Fair (Night), EDSA Sultan St.  Mandaluyong",MMDA Road Safety Unit,,b9d23fb1-cda8-4a2b-9040-c471934128dc,2015-07-31,11:45:00,"EDSA Shell Gas Station, Highway Hills Mandaluyong",0,0,0,0,0,0,0,0,0,0,2015-07-31 19:45,Property,14.5805687,121.0529959,No Collision Stated
None,EDSA,None,None,"No Accident Factor, Rear-end, 0.0 drivers_injured, 0.0 drivers_killed, 0.0 passengers_injured, 0.0 passengers_killed, 0.0 pedestrian_injured, 0.0 pedestrian_killed, Fair (Day), EDSA Teleperformance Mandaluyong",MMDA Road Safety Unit,,0ae8eee2-b4d9-44fe-b1eb-7b0f050023e5,2015-07-31,04:35:00,"EDSA Highway 54 Bldg., Wack-wack Mandaluyong",0,0,0,0,0,0,0,0,0,0,2015-07-31 12:35,Property,14.58002746,121.0528877,Rear-End
None,EDSA,None,None,"No Accident Factor, No Collision Stated (based on Police Blotter Book), 0.0 drivers_injured, 0.0 drivers_killed, 0.0 passengers_injured, 0.0 passengers_killed, 0.0 pedestrian_injured, 0.0 pedestrian_killed, Fair (Day), EDSA Shaw Blvd. Mandaluyong",MMDA Road Safety Unit,,f1f18aea-9467-4b98-91db-da3ca29fbc00,2015-07-30,22:25:00,EDSA V.R. Potenciano Medical Center Mandaluyong,0,0,0,0,0,0,0,0,0,0,2015-07-31 6:25,Property,14.58119822,121.0534578,No Collision Stated
None,EDSA,None,None,"No Accident Factor, No Collision Stated (based on Police Blotter Book), 0.0 drivers_injured, 0.0 drivers_killed, 0.0 passengers_injured, 0.0 passengers_killed, 0.0 pedestrian_injured, 0.0 pedestrian_killed, Fair (Night), EDSA EDSA Central, Highway Hills Mandaluyong",MMDA Road Safety Unit,,032ba4fa-25b7-4b21-a6a5-48d0ece6ac32,2015-07-30,10:15:00,EDSA Boni Ave. Mandaluyong,0,0,0,0,0,0,0,0,0,0,2015-07-30 18:15,Property,14.57994372,121.0528367,No Collision Stated
None,EDSA,None,None,"No Accident Factor, No Collision Stated (based on Police Blotter Book), 0.0 drivers_injured, 0.0 drivers_killed, 0.0 passengers_injured, 0.0 passengers_killed, 0.0 pedestrian_injured, 0.0 pedestrian_killed, Fair (Day), EDSA Ortigas Ave. Mandaluyong",MMDA Road Safety Unit,,b8b0920e-e6a2-4ed5-b04d-6efeab1d111e,2015-07-30,05:15:00,EDSA Rochester Mandaluyong,0,0,0,0,0,0,0,0,0,0,2015-07-30 13:15,Property,14.59305232,121.0585643,No Collision Stated
None,EDSA,None,None,"No Accident Factor, No Collision Stated (based on Police Blotter Book), 0.0 drivers_injured, 0.0 drivers_killed, 0.0 passengers_injured, 0.0 passengers_killed, 0.0 pedestrian_injured, 0.0 pedestrian_killed, Fair (Night), EDSA Ortigas Ave. Mandaluyong",MMDA Road Safety Unit,,b326c334-6732-4246-b291-92cabfde4402,2015-07-29,12:45:00,EDSA Florida St. Mandaluyong,0,0,0,0,0,0,0,0,0,0,2015-07-29 20:45,Property,14.59305232,121.0585643,No Collision Stated
None,EDSA,None,None,"No Accident Factor, No Collision Stated (based on Police Blotter Book), 0.0 drivers_injured, 0.0 drivers_killed, 0.0 passengers_injured, 0.0 passengers_killed, 0.0 pedestrian_injured, 0.0 pedestrian_killed, Fair (Night), EDSA Reliance St.  Mandaluyong",MMDA Road Safety Unit,,4eb3ba6d-f305-47b9-855e-69cb9a1370e1,2015-07-28,17:00:00,"EDSA Starmall, Wack Wack Mandaluyong",0,0,0,0,0,0,0,0,0,0,2015-07-29 1:00,Property,14.57669064,121.0504494,No Collision Stated
None,EDSA,None,None,"No Accident Factor, No Collision Stated (based on Police Blotter Book), 0.0 drivers_injured, 0.0 drivers_killed, 0.0 passengers_injured, 0.0 passengers_killed, 0.0 pedestrian_injured, 0.0 pedestrian_killed, Fair (Day), EDSA Highway 54 Bldg., Wack-wack Mandaluyong",MMDA Road Safety Unit,,eda50a08-6dbe-4656-b8a7-d4064aaf61c3,2015-07-28,06:05:00,"EDSA Transcom, Wack Wack Mandaluyong",0,0,0,0,0,0,0,0,0,0,2015-07-28 14:05,Property,14.58500097,121.0556243,No Collision Stated
None,EDSA,None,None,"No Accident Factor, No Collision Stated (based on Police Blotter Book), 0.0 drivers_injured, 0.0 drivers_killed, 0.0 passengers_injured, 0.0 passengers_killed, 0.0 pedestrian_injured, 0.0 pedestrian_killed, Fair (Day), EDSA Reliance St.  Mandaluyong",MMDA Road Safety Unit,,42d5697e-7513-45ac-8cd5-88b210eabc6d,2015-07-28,05:30:00,"EDSA SMDC Bldg., Highway Hills Mandaluyong",0,0,0,0,0,0,0,0,0,0,2015-07-28 13:30,Property,14.57669064,121.0504494,No Collision Stated
None,EDSA,None,None,"No Accident Factor, Side Swipe, 0.0 drivers_injured, 0.0 drivers_killed, 0.0 passengers_injured, 0.0 passengers_killed, 0.0 pedestrian_injured, 0.0 pedestrian_killed, Fair (Day), EDSA Reliance St.  Mandaluyong",MMDA Road Safety Unit,,6df7042e-caa5-43c8-8d1b-46af8b5af794,2015-07-28,05:20:00,EDSA V.R. Potenciano Medical Center Mandaluyong,0,0,0,0,0,0,0,0,0,0,2015-07-28 13:20,Property,14.57669064,121.0504494,Side Swipe
None,EDSA,None,None,"No Accident Factor, No Collision Stated (based on Police Blotter Book), 0.0 drivers_injured, 0.0 drivers_killed, 0.0 passengers_injured, 0.0 passengers_killed, 0.0 pedestrian_injured, 0.0 pedestrian_killed, Fair (Day), EDSA EDSA Central, Highway Hills Mandaluyong",MMDA Road Safety Unit,,f42f7d03-ec8b-49dc-8764-0d6ad048f23d,2015-07-28,00:45:00,EDSA SM Megamall Driveway Mandaluyong,0,0,0,0,0,0,0,0,0,0,2015-07-28 8:45,Property,14.57994372,121.0528367,No Collision Stated
None,EDSA,None,None,"No Accident Factor, No Collision Stated (based on Police Blotter Book), 0.0 drivers_injured, 0.0 drivers_killed, 0.0 passengers_injured, 0.0 passengers_killed, 0.0 pedestrian_injured, 0.0 pedestrian_killed, Fair (Night), EDSA Guadalupe Bridge, Ilaya Mandaluyong",MMDA Road Safety Unit,,3c1afda2-d269-4861-a8ab-4da103fd8735,2015-07-25,13:35:00,"EDSA SM Light Residences, Highway Hills  Mandaluyong",0,0,0,0,0,0,0,0,0,0,2015-07-25 21:35,Property,14.5685496,121.0460027,No Collision Stated
None,EDSA,None,None,"No Accident Factor, Multiple Collision, 0.0 drivers_injured, 0.0 drivers_killed, 0.0 passengers_injured, 0.0 passengers_killed, 0.0 pedestrian_injured, 0.0 pedestrian_killed, Fair (Night), EDSA Connecticut St. Mandaluyong",MMDA Road Safety Unit,,1509884a-029b-4023-b8b4-2bbe80d6a87b,2015-07-25,11:30:00,EDSA Shaw Blvd. Mandaluyong,0,0,0,0,0,0,0,0,0,0,2015-07-25 19:30,Property,14.60151411,121.0591478,Multiple
None,EDSA,None,None,"No Accident Factor, Rear-end, 0.0 drivers_injured, 0.0 drivers_killed, 0.0 passengers_injured, 0.0 passengers_killed, 0.0 pedestrian_injured, 0.0 pedestrian_killed, Fair (Day), EDSA Bank Drive (WB) Mandaluyong",MMDA Road Safety Unit,,dfeb5835-bd2a-4ee4-9252-88d2a7c80d1c,2015-07-25,06:35:00,"EDSA Starmall, Wack Wack Mandaluyong",0,0,0,0,0,0,0,0,0,0,2015-07-25 14:35,Property,14.58694325,121.0565402,Rear-End
None,EDSA,None,None,"No Accident Factor, No Collision Stated (based on Police Blotter Book), 0.0 drivers_injured, 0.0 drivers_killed, 0.0 passengers_injured, 0.0 passengers_killed, 0.0 pedestrian_injured, 0.0 pedestrian_killed, Fair (Night), EDSA Highway 54 Bldg., Wack-wack Mandaluyong",MMDA Road Safety Unit,,7f637da7-c02f-4931-8ebf-f504e5e8ff98,2015-07-24,13:10:00,EDSA Lions Road Mandaluyong,0,0,0,0,0,0,0,0,0,0,2015-07-24 21:10,Property,14.58500097,121.0556243,No Collision Stated
None,EDSA,None,None,"No Accident Factor, Side Swipe, 0.0 drivers_injured, 0.0 drivers_killed, 0.0 passengers_injured, 0.0 passengers_killed, 0.0 pedestrian_injured, 0.0 pedestrian_killed, Fair (Night), EDSA J. Vargas Ave. (WB) Mandaluyong",MMDA Road Safety Unit,,e0635eab-cd2d-49d4-80bf-1195125f89c2,2015-07-24,11:10:00,EDSA D.M. Guevarra St. Mandaluyong,0,0,0,0,0,0,0,0,0,0,2015-07-24 19:10,Property,14.58457561,121.0557464,Side Swipe
None,EDSA,None,None,"No Accident Factor, Rear-end, 0.0 drivers_injured, 0.0 drivers_killed, 0.0 passengers_injured, 0.0 passengers_killed, 0.0 pedestrian_injured, 0.0 pedestrian_killed, Fair (Day), EDSA Pioneer St. Mandaluyong",MMDA Road Safety Unit,,1ca23e30-e1b3-4005-80ed-1c588ee6dc26,2015-07-24,03:15:00,EDSA Boni Ave. Mandaluyong,0,0,0,0,0,0,0,0,0,0,2015-07-24 11:15,Property,14.57236671,121.0472702,Rear-End
None,EDSA,None,None,"No Accident Factor, Rear-end, 0.0 drivers_injured, 0.0 drivers_killed, 0.0 passengers_injured, 0.0 passengers_killed, 0.0 pedestrian_injured, 0.0 pedestrian_killed, Fair (Night), EDSA Robinsons Mall Pioneer Loading Bay Mandaluyong",MMDA Road Safety Unit,,0d1e35d1-fdd2-45a2-8a25-f8bf0786d89a,2015-07-23,11:45:00,EDSA F. Ortigas Ave.  (EB) Mandaluyong,0,0,0,0,0,0,0,0,0,0,2015-07-23 19:45,Property,14.57161544,121.0469258,Rear-End
None,EDSA,None,None,"No Accident Factor, No Collision Stated (based on Police Blotter Book), 0.0 drivers_injured, 0.0 drivers_killed, 0.0 passengers_injured, 0.0 passengers_killed, 0.0 pedestrian_injured, 0.0 pedestrian_killed, Fair (Night), EDSA Robinsons Mall Pioneer, Barangka Ilaya Mandaluyong",MMDA Road Safety Unit,,d4b7592e-11b6-456d-94ee-5e1279f3fb44,2015-07-23,11:45:00,"EDSA Boni MRT Station, Malamig Mandaluyong",0,0,0,0,0,0,0,0,0,0,2015-07-23 19:45,Property,14.57161544,121.0469258,No Collision Stated
None,EDSA,None,None,"No Accident Factor, No Collision Stated (based on Police Blotter Book), 0.0 drivers_injured, 0.0 drivers_killed, 0.0 passengers_injured, 0.0 passengers_killed, 0.0 pedestrian_injured, 0.0 pedestrian_killed, Fair (Day), EDSA SM Megamall, Wack-Wack Mandaluyong",MMDA Road Safety Unit,,bf6f4cf3-3053-4323-8990-4be365adc2f0,2015-07-23,03:00:00,EDSA Shaw Blvd. Mandaluyong,0,0,0,0,0,0,0,0,0,0,2015-07-23 11:00,Property,14.58501645,121.0558372,No Collision Stated
None,EDSA,None,None,"No Accident Factor, No Collision Stated (based on Police Blotter Book), 0.0 drivers_injured, 0.0 drivers_killed, 0.0 passengers_injured, 0.0 passengers_killed, 0.0 pedestrian_injured, 0.0 pedestrian_killed, Fair (Day), EDSA Shaw Blvd. Mandaluyong",MMDA Road Safety Unit,,07d74869-765f-4b01-8cd5-683a4b67e94c,2015-07-22,08:30:00,"EDSA Highway 54 Bldg., Wack-wack Mandaluyong",0,0,0,0,0,0,0,0,0,0,2015-07-22 16:30,Property,14.58119822,121.0534578,No Collision Stated
None,EDSA,None,None,"No Accident Factor, No Collision Stated (based on Police Blotter Book), 0.0 drivers_injured, 0.0 drivers_killed, 0.0 passengers_injured, 0.0 passengers_killed, 0.0 pedestrian_injured, 0.0 pedestrian_killed, Fair (Day), EDSA Reliance St.  Mandaluyong",MMDA Road Safety Unit,,474c0d41-a50e-4952-8d85-415bfc8ceb11,2015-07-22,04:40:00,"EDSA V. R. Potenciano Medical Center, Malamig Mandaluyong",0,0,0,0,0,0,0,0,0,0,2015-07-22 12:40,Property,14.57669064,121.0504494,No Collision Stated
None,EDSA,None,None,"No Accident Factor, Side Swipe, 0.0 drivers_injured, 0.0 drivers_killed, 0.0 passengers_injured, 0.0 passengers_killed, 0.0 pedestrian_injured, 0.0 pedestrian_killed, Fair (Day), EDSA Highway 54 Bldg., Wack-wack Mandaluyong",MMDA Road Safety Unit,,ced837f0-644e-4b52-b7f0-ff055aaa917d,2015-07-22,00:30:00,EDSA SM Megamall Mandaluyong,0,0,0,0,0,0,0,0,0,0,2015-07-22 8:30,Property,14.58500097,121.0556243,Side Swipe
None,EDSA,None,None,"No Accident Factor, No Collision Stated (based on Police Blotter Book), 0.0 drivers_injured, 0.0 drivers_killed, 0.0 passengers_injured, 0.0 passengers_killed, 0.0 pedestrian_injured, 0.0 pedestrian_killed, Fair (Day), EDSA Transcom Bldg., Wack-Wack Mandaluyong",MMDA Road Safety Unit,,6269bafa-03e8-4357-a6ea-5af6cfcd9e22,2015-07-21,03:30:00,EDSA Pioneer St. Mandaluyong,0,0,0,0,0,0,0,0,0,0,2015-07-21 11:30,Property,14.58930651,121.0570669,No Collision Stated
None,EDSA,None,None,"No Accident Factor, No Collision Stated (based on Police Blotter Book), 0.0 drivers_injured, 0.0 drivers_killed, 0.0 passengers_injured, 0.0 passengers_killed, 0.0 pedestrian_injured, 0.0 pedestrian_killed, Fair (Day), EDSA Boni MRT Station, Malamig Mandaluyong",MMDA Road Safety Unit,,1adcb7ab-53a3-457c-9b87-127210114881,2015-07-20,23:45:00,EDSA SM Megamall Mandaluyong,0,0,0,0,0,0,0,0,0,0,2015-07-21 7:45,Property,14.57372098,121.0479555,No Collision Stated
None,EDSA,None,None,"No Accident Factor, No Collision Stated (based on Police Blotter Book), 0.0 drivers_injured, 0.0 drivers_killed, 0.0 passengers_injured, 0.0 passengers_killed, 0.0 pedestrian_injured, 0.0 pedestrian_killed, Fair (Night), EDSA Pioneer St. (Robinsons Forum Bldg., Highway Hills) Mandaluyong",MMDA Road Safety Unit,,45f246a8-2aa7-4a3c-b9d2-271246e792a0,2015-07-20,13:00:00,"EDSA V. R. Potenciano Medical Center, Malamig Mandaluyong",0,0,0,0,0,0,0,0,0,0,2015-07-20 21:00,Property,14.57236671,121.0472702,No Collision Stated
None,EDSA,None,None,"No Accident Factor, No Collision Stated (based on Police Blotter Book), 0.0 drivers_injured, 0.0 drivers_killed, 0.0 passengers_injured, 0.0 passengers_killed, 0.0 pedestrian_injured, 0.0 pedestrian_killed, Fair (Night), EDSA Pioneer St. Mandaluyong",MMDA Road Safety Unit,,aaedde4b-99ef-483b-a786-26ad30ebb3e0,2015-07-20,12:35:00,"EDSA Ortigas MRT Station, Wack-Wack  Mandaluyong",0,0,0,0,0,0,0,0,0,0,2015-07-20 20:35,Property,14.57236671,121.0472702,No Collision Stated
None,EDSA,None,None,"No Accident Factor, Rear-end, 0.0 drivers_injured, 0.0 drivers_killed, 0.0 passengers_injured, 0.0 passengers_killed, 0.0 pedestrian_injured, 0.0 pedestrian_killed, Fair (Day), EDSA G. A. Tower, Highway Hills Mandaluyong",MMDA Road Safety Unit,,ad072be5-42fc-4939-8401-13182900727f,2015-07-20,00:30:00,"EDSA POEA Bldg., Wack- Wack  Mandaluyong",0,0,0,0,0,0,0,0,0,0,2015-07-20 8:30,Property,14.57386012,121.0480107,Rear-End
None,EDSA,None,None,"No Accident Factor, Rear-end, 0.0 drivers_injured, 0.0 drivers_killed, 0.0 passengers_injured, 0.0 passengers_killed, 0.0 pedestrian_injured, 0.0 pedestrian_killed, Fair (Day), EDSA Highway 54 Bldg., Wack-wack Mandaluyong",MMDA Road Safety Unit,,e9661cc3-5856-4dae-a333-8cae654a9e04,2015-07-19,23:35:00,"EDSA V. R. Potenciano Medical Center, Malamig Mandaluyong",0,0,0,0,0,0,0,0,0,0,2015-07-20 7:35,Property,14.58500097,121.0556243,Rear-End
None,EDSA,None,None,"No Accident Factor, No Collision Stated (based on Police Blotter Book), 0.0 drivers_injured, 0.0 drivers_killed, 0.0 passengers_injured, 0.0 passengers_killed, 0.0 pedestrian_injured, 0.0 pedestrian_killed, Fair (Day), EDSA SM Megamall Loading Bay Mandaluyong",MMDA Road Safety Unit,,15756139-91d0-4de2-8bb2-f0352c276633,2015-07-19,09:25:00,"EDSA Shaw Blvd. (Shangri-la), Wack-Wack  Mandaluyong",0,0,0,0,0,0,0,0,0,0,2015-07-19 17:25,Property,14.58501645,121.0558372,No Collision Stated
None,EDSA,None,None,"No Accident Factor, No Collision Stated (based on Police Blotter Book), 0.0 drivers_injured, 0.0 drivers_killed, 0.0 passengers_injured, 0.0 passengers_killed, 0.0 pedestrian_injured, 0.0 pedestrian_killed, Fair (Night), EDSA Robinsons Galleria, Wack-Wack  Mandaluyong",MMDA Road Safety Unit,,58598617-d256-4985-b1c6-8f30c6fc7eea,2015-07-18,20:05:00,EDSA Transcom Bldg.  Mandaluyong,0,0,0,0,0,0,0,0,0,0,2015-07-19 4:05,Property,14.59233609,121.0582864,No Collision Stated