LOCATION_TEXT,ROAD,WEATHER,LIGHT,DESC,REPORTING_AGENCY,MAIN_CAUSE,INCIDENTDETAILS_ID,DATE_UTC,TIME_UTC,ADDRESS,killed_driver,killed_passenger,killed_pedestrian,injured_driver,injured_passenger,injured_pedestrian,killed_uncategorized,injured_uncategorized,killed_total,injured_total,DATETIME_PST,SEVERITY,Y,X,COLLISION_TYPE
None,EDSA,None,None,"No Accident Factor, No Collision Stated (based on Police Blotter Book), 0.0 drivers_injured, 0.0 drivers_killed, 0.0 passengers_injured, 0.0 passengers_killed, 0.0 pedestrian_injured, 0.0 pedestrian_killed, Fair (Night), EDSA Ortigas Ave. Mandaluyong",MMDA Road Safety Unit,,2a93055e-d19a-427b-a18f-581810074c4f,2015-07-18,10:45:00,EDSA SM Megamall Mandaluyong,0,0,0,0,0,0,0,0,0,0,2015-07-18 18:45,Property,14.59305232,121.0585643,No Collision Stated
None,EDSA,None,None,"No Accident Factor, No Collision Stated (based on Police Blotter Book), 0.0 drivers_injured, 0.0 drivers_killed, 0.0 passengers_injured, 0.0 passengers_killed, 0.0 pedestrian_injured, 0.0 pedestrian_killed, Fair (Day), EDSA Robinson Forum, Barangka Ilaya Mandaluyong",MMDA Road Safety Unit,,5f04c0a7-20a7-4ade-9065-edb240351fb1,2015-07-18,07:30:00,"EDSA Transcom Bldg., Wack-Wack  Mandaluyong",0,0,0,0,0,0,0,0,0,0,2015-07-18 15:30,Property,14.57190409,121.0471319,No Collision Stated
None,EDSA,None,None,"No Accident Factor, No Collision Stated (based on Police Blotter Book), 0.0 drivers_injured, 0.0 drivers_killed, 0.0 passengers_injured, 0.0 passengers_killed, 0.0 pedestrian_injured, 0.0 pedestrian_killed, Fair (Night), EDSA Apo St.  Mandaluyong",MMDA Road Safety Unit,,ecbc4f17-9d84-496b-b877-04d70328f886,2015-07-17,21:45:00,"EDSA Ortigas MRT Station, Wack-Wack  Mandaluyong",0,0,0,0,0,0,0,0,0,0,2015-07-18 5:45,Property,14.5715578,121.046752,No Collision Stated
None,EDSA,None,None,"No Accident Factor, No Collision Stated (based on Police Blotter Book), 0.0 drivers_injured, 0.0 drivers_killed, 0.0 passengers_injured, 0.0 passengers_killed, 0.0 pedestrian_injured, 0.0 pedestrian_killed, Fair (Night), EDSA V. R. Potenciano Medical Center, Highway Hills Mandaluyong",MMDA Road Safety Unit,,a97b9ff4-b0f7-44e5-bf49-e2b5e1a82ed9,2015-07-17,14:20:00,EDSA Madison St. Mandaluyong,0,0,0,0,0,0,0,0,0,0,2015-07-17 22:20,Property,14.57684342,121.0502966,No Collision Stated
None,EDSA,None,None,"No Accident Factor, No Collision Stated (based on Police Blotter Book), 0.0 drivers_injured, 0.0 drivers_killed, 0.0 passengers_injured, 0.0 passengers_killed, 0.0 pedestrian_injured, 0.0 pedestrian_killed, Fair (Night), EDSA Starmall Mandaluyong",MMDA Road Safety Unit,,db70b0ea-c208-4b0f-b18a-6d1e3f2e8357,2015-07-17,13:35:00,EDSA Apo St. Mandaluyong,0,0,0,0,0,0,0,0,0,0,2015-07-17 21:35,Property,14.58198795,121.0540368,No Collision Stated
None,EDSA,None,None,"No Accident Factor, No Collision Stated (based on Police Blotter Book), 0.0 drivers_injured, 0.0 drivers_killed, 0.0 passengers_injured, 0.0 passengers_killed, 0.0 pedestrian_injured, 0.0 pedestrian_killed, Fair (Night), EDSA Go Hotel, Barangka Ilaya Mandaluyong",MMDA Road Safety Unit,,5d69ea9b-6a42-4eb0-bf06-e6684d25a7f3,2015-07-16,16:05:00,"EDSA Highway 54 Bldg., Wack-wack Mandaluyong",0,0,0,0,0,0,0,0,0,0,2015-07-17 0:05,Property,14.57001193,121.0464575,No Collision Stated
None,EDSA,None,None,"No Accident Factor, Hit and Run (No Collision Stated), 0.0 drivers_injured, 0.0 drivers_killed, 0.0 passengers_injured, 0.0 passengers_killed, 0.0 pedestrian_injured, 0.0 pedestrian_killed, Fair (Day), EDSA Shaw Blvd. Mandaluyong",MMDA Road Safety Unit,,52a67330-c77f-420c-882e-508079affdd6,2015-07-16,09:15:00,"EDSA Caltex Gas Station, Barangka Ilaya Mandaluyong",0,0,0,0,0,0,0,0,0,0,2015-07-16 17:15,Property,14.58119822,121.0534578,No Collision Stated
None,EDSA,None,None,"No Accident Factor, No Collision Stated (based on Police Blotter Book), 0.0 drivers_injured, 0.0 drivers_killed, 0.0 passengers_injured, 0.0 passengers_killed, 0.0 pedestrian_injured, 0.0 pedestrian_killed, Fair (Night), EDSA Go Hotel, Barangka Ilaya Mandaluyong",MMDA Road Safety Unit,,74777c47-8f14-48a6-81d3-8270d1f40181,2015-07-15,15:10:00,"EDSA ""U"" turn slot, Ortigas Ave. Mandaluyong",0,0,0,0,0,0,0,0,0,0,2015-07-15 23:10,Property,14.57001193,121.0464575,No Collision Stated
None,EDSA,None,None,"No Accident Factor, No Collision Stated (based on Police Blotter Book), 0.0 drivers_injured, 0.0 drivers_killed, 1.0 passengers_injured, 0.0 passengers_killed, 0.0 pedestrian_injured, 0.0 pedestrian_killed, Fair (Night), EDSA Pioneer St. Mandaluyong",MMDA Road Safety Unit,,b3fc1d60-5d7e-4aee-a5d9-8dbe4bebb98f,2015-07-15,12:00:00,"EDSA Boni MRT Station, Buayang Bato  Mandaluyong",0,0,0,0,1,0,0,0,0,1,2015-07-15 20:00,Injury,14.57236671,121.0472702,No Collision Stated
None,EDSA,None,None,"No Accident Factor, No Collision Stated (based on Police Blotter Book), 0.0 drivers_injured, 0.0 drivers_killed, 0.0 passengers_injured, 0.0 passengers_killed, 0.0 pedestrian_injured, 0.0 pedestrian_killed, Fair (Day), EDSA Barangka Drive Mandaluyong",MMDA Road Safety Unit,,fcdd268d-21a3-42bf-9114-e2eacd65af7c,2015-07-15,01:30:00,EDSA Boni Ave. Mandaluyong,0,0,0,0,0,0,0,0,0,0,2015-07-15 9:30,Property,14.57852617,121.0515355,No Collision Stated
None,EDSA,None,None,"No Accident Factor, No Collision Stated (based on Police Blotter Book), 0.0 drivers_injured, 0.0 drivers_killed, 0.0 passengers_injured, 0.0 passengers_killed, 0.0 pedestrian_injured, 0.0 pedestrian_killed, Fair (Day), EDSA Ortigas Ave. Mandaluyong",MMDA Road Safety Unit,,28bbb4d9-302f-42fe-9c8d-22d4c332de69,2015-07-14,05:15:00,"EDSA Starmall, Wack-Wack  Mandaluyong",0,0,0,0,0,0,0,0,0,0,2015-07-14 13:15,Property,14.59305232,121.0585643,No Collision Stated
None,EDSA,None,None,"No Accident Factor, Rear-end, 0.0 drivers_injured, 0.0 drivers_killed, 0.0 passengers_injured, 0.0 passengers_killed, 0.0 pedestrian_injured, 0.0 pedestrian_killed, Fair (Day), EDSA Pioneer St. Mandaluyong",MMDA Road Safety Unit,,ef76c264-964f-444f-9787-4f753fa2c21f,2015-07-14,03:30:00,"EDSA Connecticut St. (Petron Gas Station, Wack-Wack) Mandaluyong",0,0,0,0,0,0,0,0,0,0,2015-07-14 11:30,Property,14.57236671,121.0472702,Rear-End
None,EDSA,None,None,"No Accident Factor, No Collision Stated (based on Police Blotter Book), 0.0 drivers_injured, 0.0 drivers_killed, 0.0 passengers_injured, 0.0 passengers_killed, 0.0 pedestrian_injured, 0.0 pedestrian_killed, Fair (Day), EDSA G. A. Tower, Highway Hills Mandaluyong",MMDA Road Safety Unit,,b51155e3-bd44-471f-87c6-fdcbd9ba8964,2015-07-13,22:15:00,"EDSA Ortigas MRT Station, Wack-Wack  Mandaluyong",0,0,0,0,0,0,0,0,0,0,2015-07-14 6:15,Property,14.57386012,121.0480107,No Collision Stated
None,EDSA,None,None,"No Accident Factor, No Collision Stated (based on Police Blotter Book), 0.0 drivers_injured, 0.0 drivers_killed, 0.0 passengers_injured, 0.0 passengers_killed, 0.0 pedestrian_injured, 0.0 pedestrian_killed, Fair (Night), EDSA Robinsons Forum Bldg., Highway Hills Mandaluyong",MMDA Road Safety Unit,,7ac0f0b0-d7f4-424c-9b91-f9176fe1551a,2015-07-13,12:00:00,"EDSA V. R. Potenciano Medical Center, Malamig Mandaluyong",0,0,0,0,0,0,0,0,0,0,2015-07-13 20:00,Property,14.57182388,121.0470705,No Collision Stated
None,EDSA,None,None,"No Accident Factor, No Collision Stated (based on Police Blotter Book), 0.0 drivers_injured, 0.0 drivers_killed, 0.0 passengers_injured, 0.0 passengers_killed, 0.0 pedestrian_injured, 0.0 pedestrian_killed, Fair (Night), EDSA Highway 54 Bldg., Wack-wack Mandaluyong",MMDA Road Safety Unit,,3ced7f02-f81e-4c21-bd4f-c95f7e245531,2015-07-13,11:35:00,EDSA Ortigas Ave. (EB) Mandaluyong,0,0,0,0,0,0,0,0,0,0,2015-07-13 19:35,Property,14.58500097,121.0556243,No Collision Stated
None,EDSA,None,None,"No Accident Factor, No Collision Stated (based on Police Blotter Book), 0.0 drivers_injured, 0.0 drivers_killed, 0.0 passengers_injured, 0.0 passengers_killed, 0.0 pedestrian_injured, 0.0 pedestrian_killed, Fair (Day), EDSA V. R. Potenciano Medical Center, Highway Hills Mandaluyong",MMDA Road Safety Unit,,280b67b9-39dd-4b02-97da-8ac3aa647b57,2015-07-13,05:35:00,"EDSA Starmall, Wack-Wack  Mandaluyong",0,0,0,0,0,0,0,0,0,0,2015-07-13 13:35,Property,14.57684342,121.0502966,No Collision Stated
None,EDSA,None,None,"No Accident Factor, Side Swipe, 0.0 drivers_injured, 0.0 drivers_killed, 0.0 passengers_injured, 0.0 passengers_killed, 0.0 pedestrian_injured, 0.0 pedestrian_killed, Fair (Day), EDSA Ortigas (SB)  Mandaluyong",MMDA Road Safety Unit,,397cae4b-5bf8-4636-93b1-7624ba78ee52,2015-07-13,01:20:00,"EDSA Highway 54 Bldg., Wack-wack Mandaluyong",0,0,0,0,0,0,0,0,0,0,2015-07-13 9:20,Property,14.59327428,121.0582827,Side Swipe
None,EDSA,None,None,"No Accident Factor, No Collision Stated (based on Police Blotter Book), 0.0 drivers_injured, 0.0 drivers_killed, 0.0 passengers_injured, 0.0 passengers_killed, 0.0 pedestrian_injured, 0.0 pedestrian_killed, Fair (Day), EDSA SM Megamall Mandaluyong",MMDA Road Safety Unit,,96f56865-0258-4bd5-9618-a3e27d8b9bbb,2015-07-12,08:00:00,"EDSA Boni Ave. (Wendys, Malamig) Mandaluyong",0,0,0,0,0,0,0,0,0,0,2015-07-12 16:00,Property,14.58501645,121.0558372,No Collision Stated
None,EDSA,None,None,"No Accident Factor, Angle Impact, 0.0 drivers_injured, 0.0 drivers_killed, 0.0 passengers_injured, 0.0 passengers_killed, 0.0 pedestrian_injured, 0.0 pedestrian_killed, Fair (Day), EDSA Madison St. Mandaluyong",MMDA Road Safety Unit,,9f02ef5d-07e9-48be-9e90-55f88da49eb1,2015-07-12,00:30:00,EDSA SMDC Residences Mandaluyong,0,0,0,0,0,0,0,0,0,0,2015-07-12 8:30,Property,14.57464299,121.0489046,Angle Impact
None,EDSA,None,None,"No Accident Factor, Side Swipe, 0.0 drivers_injured, 0.0 drivers_killed, 0.0 passengers_injured, 0.0 passengers_killed, 0.0 pedestrian_injured, 0.0 pedestrian_killed, Fair (Day), EDSA Starmall Mandaluyong",MMDA Road Safety Unit,,3f613bad-bffd-4d1f-807d-780987cb83a4,2015-07-11,06:45:00,EDSA Shaw Blvd. Mandaluyong,0,0,0,0,0,0,0,0,0,0,2015-07-11 14:45,Property,14.58198795,121.0540368,Side Swipe
None,EDSA,None,None,"No Accident Factor, Hit and Run (No Collision Stated), 0.0 drivers_injured, 0.0 drivers_killed, 0.0 passengers_injured, 0.0 passengers_killed, 0.0 pedestrian_injured, 0.0 pedestrian_killed, Fair (Day), EDSA EDSA Central, Highway Hills Mandaluyong",MMDA Road Safety Unit,,5934433b-6e2d-490a-85df-aba5c7c25334,2015-07-11,02:35:00,EDSA Shaw Blvd. (WB) Mandaluyong,0,0,0,0,0,0,0,0,0,0,2015-07-11 10:35,Property,14.57994372,121.0528367,No Collision Stated
None,EDSA,None,None,"No Accident Factor, No Collision Stated (based on Police Blotter Book), 0.0 drivers_injured, 0.0 drivers_killed, 0.0 passengers_injured, 0.0 passengers_killed, 0.0 pedestrian_injured, 0.0 pedestrian_killed, Fair (Day), EDSA Ortigas Ave. Mandaluyong",MMDA Road Safety Unit,,ac9d5b60-7922-4eed-bda4-19e3fee4a977,2015-07-10,22:45:00,EDSA Pinatubo St. Mandaluyong,0,0,0,0,0,0,0,0,0,0,2015-07-11 6:45,Property,14.59305232,121.0585643,No Collision Stated
None,EDSA,None,None,"No Accident Factor, No Collision Stated (based on Police Blotter Book), 0.0 drivers_injured, 0.0 drivers_killed, 0.0 passengers_injured, 0.0 passengers_killed, 0.0 pedestrian_injured, 0.0 pedestrian_killed, Fair (Night), EDSA Madison St. Mandaluyong",MMDA Road Safety Unit,,ce2601d6-384d-42bc-a561-b45d0e0ab7ee,2015-07-10,18:10:00,EDSA Sultan St.  Mandaluyong,0,0,0,0,0,0,0,0,0,0,2015-07-11 2:10,Property,14.57464299,121.0489046,No Collision Stated
None,EDSA,None,None,"No Accident Factor, Head-on, 0.0 drivers_injured, 0.0 drivers_killed, 0.0 passengers_injured, 0.0 passengers_killed, 0.0 pedestrian_injured, 0.0 pedestrian_killed, Fair (Day), EDSA Boni Ave. Mandaluyong",MMDA Road Safety Unit,,f5ccaafd-ac73-4afd-86a3-ef6a88d8cf07,2015-07-10,01:15:00,"EDSA Robinson Mall Pioneer, Barangka Ilaya Mandaluyong",0,0,0,0,0,0,0,0,0,0,2015-07-10 9:15,Property,14.57242918,121.0471629,Head-On
None,EDSA,None,None,"No Accident Factor, No Collision Stated (based on Police Blotter Book), 0.0 drivers_injured, 0.0 drivers_killed, 0.0 passengers_injured, 0.0 passengers_killed, 0.0 pedestrian_injured, 0.0 pedestrian_killed, Fair (Night), EDSA Amber parking area, Barangka Ilaya Mandaluyong",MMDA Road Safety Unit,,810ab205-537d-4a5c-b5e1-78adbd61afdb,2015-07-09,11:00:00,EDSA Robinson Mall Pioneer Mandaluyong,0,0,0,0,0,0,0,0,0,0,2015-07-09 19:00,Property,14.57029352,121.0463228,No Collision Stated
None,EDSA,None,None,"No Accident Factor, No Collision Stated (based on Police Blotter Book), 0.0 drivers_injured, 0.0 drivers_killed, 0.0 passengers_injured, 0.0 passengers_killed, 0.0 pedestrian_injured, 0.0 pedestrian_killed, Fair (Night), EDSA Pioneer St. Mandaluyong",MMDA Road Safety Unit,,4add39da-7093-4e8a-9eba-bd65f9e15024,2015-07-08,12:30:00,"EDSA ADB,  Mandaluyong",0,0,0,0,0,0,0,0,0,0,2015-07-08 20:30,Property,14.57236671,121.0472702,No Collision Stated
None,EDSA,None,None,"No Accident Factor, Side Swipe, 0.0 drivers_injured, 0.0 drivers_killed, 0.0 passengers_injured, 0.0 passengers_killed, 0.0 pedestrian_injured, 0.0 pedestrian_killed, Fair (Day), EDSA Pavilion Mandaluyong",MMDA Road Safety Unit,,06e1e243-bf96-42df-9cf7-6df8aebb2256,2015-07-07,06:30:00,EDSA SM Megamall Mandaluyong,0,0,0,0,0,0,0,0,0,0,2015-07-07 14:30,Property,14.5794983,121.052618,Side Swipe
None,EDSA,None,None,"No Accident Factor, No Collision Stated (based on Police Blotter Book), 0.0 drivers_injured, 0.0 drivers_killed, 0.0 passengers_injured, 0.0 passengers_killed, 0.0 pedestrian_injured, 0.0 pedestrian_killed, Fair (Day), EDSA Boni Ave. Mandaluyong",MMDA Road Safety Unit,,273758b3-c695-4428-9d24-cb1496e9dda6,2015-07-07,01:45:00,EDSA Connecticut St. Mandaluyong,0,0,0,0,0,0,0,0,0,0,2015-07-07 9:45,Property,14.57242918,121.0471629,No Collision Stated
None,EDSA,None,None,"No Accident Factor, Rear-end, 0.0 drivers_injured, 0.0 drivers_killed, 0.0 passengers_injured, 0.0 passengers_killed, 0.0 pedestrian_injured, 0.0 pedestrian_killed, Fair (Day), EDSA Boni Ave. Mandaluyong",MMDA Road Safety Unit,,f3213d6e-14d4-4f67-b2f8-0fa9995523bb,2015-07-05,07:45:00,EDSA Wack-wack Mandaluyong,0,0,0,0,0,0,0,0,0,0,2015-07-05 15:45,Property,14.57242918,121.0471629,Rear-End
None,EDSA,None,None,"No Accident Factor, Rear-end, 0.0 drivers_injured, 0.0 drivers_killed, 0.0 passengers_injured, 0.0 passengers_killed, 0.0 pedestrian_injured, 0.0 pedestrian_killed, Fair (Day), EDSA Avida Tower Mandaluyong",MMDA Road Safety Unit,,16127f36-691c-4665-9f18-783ebaff43e5,2015-07-05,05:30:00,"EDSA Ortigas MRT Station, Wack-Wack Mandaluyong",0,0,0,0,0,0,0,0,0,0,2015-07-05 13:30,Property,14.577147,121.0507806,Rear-End
None,EDSA,None,None,"No Accident Factor, Hit Object (Signage-Road), 0.0 drivers_injured, 0.0 drivers_killed, 0.0 passengers_injured, 0.0 passengers_killed, 0.0 pedestrian_injured, 0.0 pedestrian_killed, Fair (Day), EDSA Guadix Drive Mandaluyong",MMDA Road Safety Unit,,1ae11516-0898-4289-957a-a0a7d67b1e4a,2015-07-04,22:00:00,"EDSA Highway 54 Bldg., Wack-wack Mandaluyong",0,0,0,0,0,0,0,0,0,0,2015-07-05 6:00,Property,14.58948577,121.0573946,Hit Object
None,EDSA,None,None,"No Accident Factor, No Collision Stated (based on Police Blotter Book), 0.0 drivers_injured, 0.0 drivers_killed, 0.0 passengers_injured, 0.0 passengers_killed, 0.0 pedestrian_injured, 0.0 pedestrian_killed, Fair (Night), EDSA SM Megamall loading bay Mandaluyong",MMDA Road Safety Unit,,74320975-2f3b-46aa-b15c-f13e4210e7d3,2015-07-04,12:05:00,EDSA Pioneer St. Mandaluyong,0,0,0,0,0,0,0,0,0,0,2015-07-04 20:05,Property,14.58501645,121.0558372,No Collision Stated
None,EDSA,None,None,"No Accident Factor, Rear-end, 0.0 drivers_injured, 0.0 drivers_killed, 0.0 passengers_injured, 0.0 passengers_killed, 0.0 pedestrian_injured, 0.0 pedestrian_killed, Fair (Day), EDSA Shaw (NB)  Mandaluyong",MMDA Road Safety Unit,,55fb91db-65dc-48a4-b9f7-3b62d618855f,2015-07-04,00:50:00,EDSA J. Vargas Ave. (WB) Mandaluyong,0,0,0,0,0,0,0,0,0,0,2015-07-04 8:50,Property,14.58119822,121.0534578,Rear-End
None,EDSA,None,None,"No Accident Factor, No Collision Stated (based on Police Blotter Book), 0.0 drivers_injured, 0.0 drivers_killed, 0.0 passengers_injured, 0.0 passengers_killed, 0.0 pedestrian_injured, 0.0 pedestrian_killed, Fair (Night), EDSA SMDC Highway Hills Mandaluyong",MMDA Road Safety Unit,,305e54e4-51a8-47c2-8f1e-b8c2bd5dd51a,2015-07-03,15:20:00,EDSA Ortigas Ave. Mandaluyong,0,0,0,0,0,0,0,0,0,0,2015-07-03 23:20,Property,14.57496984,121.0491482,No Collision Stated
None,EDSA,None,None,"No Accident Factor, Side Swipe, 0.0 drivers_injured, 0.0 drivers_killed, 0.0 passengers_injured, 0.0 passengers_killed, 0.0 pedestrian_injured, 0.0 pedestrian_killed, Fair (Day), EDSA United St. Mandaluyong",MMDA Road Safety Unit,,7566996c-b341-4fd2-832b-9252f2bc46e9,2015-07-03,01:30:00,EDSA Starmall Mandaluyong,0,0,0,0,0,0,0,0,0,0,2015-07-03 9:30,Property,14.57931229,121.0523819,Side Swipe
None,EDSA,None,None,"No Accident Factor, Hit and Run (No Collision Stated), 1.0 drivers_injured, 0.0 drivers_killed, 0.0 passengers_injured, 0.0 passengers_killed, 0.0 pedestrian_injured, 0.0 pedestrian_killed, Fair (Night), EDSA Go Hotel, Barangka Ilaya Mandaluyong",MMDA Road Safety Unit,,362a7410-6744-4a36-8ef0-3e29e26ad0c3,2015-07-02,18:30:00,"EDSA Ortigas MRT Station, Wack-Wack Mandaluyong",0,0,0,1,0,0,0,0,0,1,2015-07-03 2:30,Injury,14.57001193,121.0464575,No Collision Stated
None,EDSA,None,None,"No Accident Factor, No Collision Stated (based on Police Blotter Book), 0.0 drivers_injured, 0.0 drivers_killed, 0.0 passengers_injured, 0.0 passengers_killed, 0.0 pedestrian_injured, 0.0 pedestrian_killed, Fair (Night), EDSA Pioneer St. Mandaluyong",MMDA Road Safety Unit,,02ebcec8-ac16-4ba9-bfb3-41fb211868e9,2015-07-02,14:20:00,EDSA Connecticut St. Mandaluyong,0,0,0,0,0,0,0,0,0,0,2015-07-02 22:20,Property,14.57236671,121.0472702,No Collision Stated
None,EDSA,None,None,"No Accident Factor, No Collision Stated (based on Police Blotter Book), 0.0 drivers_injured, 0.0 drivers_killed, 0.0 passengers_injured, 0.0 passengers_killed, 0.0 pedestrian_injured, 0.0 pedestrian_killed, Fair (Night), EDSA Robinsons Forum, Pioneer Mandaluyong",MMDA Road Safety Unit,,4001384a-7f8a-4de9-940e-e0dfe2751b25,2015-07-02,13:30:00,"EDSA Ortigas MRT Satation, Wack-Wack  Mandaluyong",0,0,0,0,0,0,0,0,0,0,2015-07-02 21:30,Property,14.57182388,121.0470705,No Collision Stated
None,EDSA,None,None,"No Accident Factor, No Collision Stated (based on Police Blotter Book), 0.0 drivers_injured, 0.0 drivers_killed, 0.0 passengers_injured, 0.0 passengers_killed, 0.0 pedestrian_injured, 0.0 pedestrian_killed, Fair (Night), EDSA Highway 54 Bldg., Wack-wack Mandaluyong",MMDA Road Safety Unit,,306404d2-48e2-4f23-bb5f-108b38c8e8b8,2015-07-02,10:15:00,EDSA Amber Restaurant Mandaluyong,0,0,0,0,0,0,0,0,0,0,2015-07-02 18:15,Property,14.58500097,121.0556243,No Collision Stated
None,EDSA,None,None,"No Accident Factor, Rear-end, 0.0 drivers_injured, 0.0 drivers_killed, 0.0 passengers_injured, 0.0 passengers_killed, 0.0 pedestrian_injured, 0.0 pedestrian_killed, Fair (Day), EDSA Barangka Drive Mandaluyong",MMDA Road Safety Unit,,4bf87812-6dd4-46b8-9e97-6e0bd32e4a99,2015-07-02,08:45:00,EDSA Amber Restaurant Mandaluyong,0,0,0,0,0,0,0,0,0,0,2015-07-02 16:45,Property,14.57852617,121.0515355,Rear-End
None,EDSA,None,None,"No Accident Factor, No Collision Stated (based on Police Blotter Book), 0.0 drivers_injured, 0.0 drivers_killed, 0.0 passengers_injured, 0.0 passengers_killed, 0.0 pedestrian_injured, 0.0 pedestrian_killed, Fair (Day), EDSA Shaw Blvd. Mandaluyong",MMDA Road Safety Unit,,17f35e92-eed2-4d26-8b93-845bd60e7e75,2015-07-02,03:00:00,"EDSA POEA, Wack Wack Mandaluyong",0,0,0,0,0,0,0,0,0,0,2015-07-02 11:00,Property,14.58119822,121.0534578,No Collision Stated
None,EDSA,None,None,"No Accident Factor, Rear-end, 0.0 drivers_injured, 0.0 drivers_killed, 0.0 passengers_injured, 0.0 passengers_killed, 0.0 pedestrian_injured, 0.0 pedestrian_killed, Fair (Day), EDSA Guadix Drive Mandaluyong",MMDA Road Safety Unit,,22f7e85f-446a-4576-a3a4-61a68c9bbf22,2015-07-01,08:05:00,EDSA Connecticut St. Mandaluyong,0,0,0,0,0,0,0,0,0,0,2015-07-01 16:05,Property,14.58948577,121.0573946,Rear-End
None,EDSA,None,None,"No Accident Factor, No Collision Stated (based on Police Blotter Book), 0.0 drivers_injured, 0.0 drivers_killed, 0.0 passengers_injured, 0.0 passengers_killed, 0.0 pedestrian_injured, 0.0 pedestrian_killed, Fair (Night), EDSA Robinsons Forum, Pioneer Mandaluyong",MMDA Road Safety Unit,,db10c38d-19f9-417b-91bb-a98120648008,2015-06-30,21:00:00,EDSA Starmall Mandaluyong,0,0,0,0,0,0,0,0,0,0,2015-07-01 5:00,Property,14.57182388,121.0470705,No Collision Stated
None,EDSA,None,None,"No Accident Factor, No Collision Stated (based on Police Blotter Book), 0.0 drivers_injured, 0.0 drivers_killed, 0.0 passengers_injured, 0.0 passengers_killed, 0.0 pedestrian_injured, 0.0 pedestrian_killed, Fair (Night), EDSA Starmall, Wack Wack Mandaluyong",MMDA Road Safety Unit,,bfc9e2d8-5612-425c-b4d8-6f495838310c,2015-06-29,16:00:00,EDSA Ortigas Ave. Mandaluyong,0,0,0,0,0,0,0,0,0,0,2015-06-30,Property,14.58198795,121.0540368,No Collision Stated
None,EDSA,None,None,"No Accident Factor, Multiple Collision, 0.0 drivers_injured, 0.0 drivers_killed, 0.0 passengers_injured, 0.0 passengers_killed, 0.0 pedestrian_injured, 0.0 pedestrian_killed, Fair (Day), EDSA SM Lights Residences Mandaluyong",MMDA Road Safety Unit,,9aeb331f-5aaa-4d60-b052-6c894cf122c0,2015-06-29,08:00:00,"EDSA Ortigas Ave., MRT station Mandaluyong",0,0,0,0,0,0,0,0,0,0,2015-06-29 16:00,Property,14.57388383,121.0483435,Multiple
None,EDSA,None,None,"No Accident Factor, No Collision Stated (based on Police Blotter Book), 0.0 drivers_injured, 0.0 drivers_killed, 0.0 passengers_injured, 0.0 passengers_killed, 0.0 pedestrian_injured, 0.0 pedestrian_killed, Fair (Day), EDSA Ortigas Ave. Mandaluyong",MMDA Road Safety Unit,,701071ec-dc59-4077-8e45-df925173da10,2015-06-29,00:30:00,"EDSA Caltex Gas station, Ilaya Mandaluyong",0,0,0,0,0,0,0,0,0,0,2015-06-29 8:30,Property,14.59305232,121.0585643,No Collision Stated
None,EDSA,None,None,"No Accident Factor, No Collision Stated (based on Police Blotter Book), 0.0 drivers_injured, 0.0 drivers_killed, 0.0 passengers_injured, 0.0 passengers_killed, 0.0 pedestrian_injured, 0.0 pedestrian_killed, Fair (Night), EDSA Ortigas Ave. (MRT station) Mandaluyong",MMDA Road Safety Unit,,a7497e24-88d5-4aa3-90a2-155615ea6e22,2015-06-28,10:00:00,EDSA Transcom Bldg. Mandaluyong,0,0,0,0,0,0,0,0,0,0,2015-06-28 18:00,Property,14.58789722,121.0568107,No Collision Stated
None,EDSA,None,None,"No Accident Factor, No Collision Stated (based on Police Blotter Book), 0.0 drivers_injured, 0.0 drivers_killed, 0.0 passengers_injured, 0.0 passengers_killed, 0.0 pedestrian_injured, 0.0 pedestrian_killed, Fair (Night), EDSA Ortigas Ave. (MRT station) Mandaluyong",MMDA Road Safety Unit,,9e1f19da-bace-474d-9bba-51d5d3db0b11,2015-06-28,10:00:00,EDSA Ortigas Ave. (SB) Mandaluyong,0,0,0,0,0,0,0,0,0,0,2015-06-28 18:00,Property,14.58789722,121.0568107,No Collision Stated
None,EDSA,None,None,"No Accident Factor, No Collision Stated (based on Police Blotter Book), 0.0 drivers_injured, 0.0 drivers_killed, 0.0 passengers_injured, 0.0 passengers_killed, 0.0 pedestrian_injured, 0.0 pedestrian_killed, Fair (Day), EDSA Boni Ave. (MRT station) Mandaluyong",MMDA Road Safety Unit,,ae77be1b-fa8c-4827-a7c2-f2ed21404693,2015-06-27,22:20:00,EDSA Pioneer St. Mandaluyong,0,0,0,0,0,0,0,0,0,0,2015-06-28 6:20,Property,14.57249077,121.0472372,No Collision Stated