LOCATION_TEXT,ROAD,WEATHER,LIGHT,DESC,REPORTING_AGENCY,MAIN_CAUSE,INCIDENTDETAILS_ID,DATE_UTC,TIME_UTC,ADDRESS,killed_driver,killed_passenger,killed_pedestrian,injured_driver,injured_passenger,injured_pedestrian,killed_uncategorized,injured_uncategorized,killed_total,injured_total,DATETIME_PST,SEVERITY,Y,X,COLLISION_TYPE
None,EDSA,None,None,"No Accident Factor, No Collision Stated (based on Police Blotter Book), 0.0 drivers_injured, 0.0 drivers_killed, 0.0 passengers_injured, 0.0 passengers_killed, 0.0 pedestrian_injured, 0.0 pedestrian_killed, Fair (Day), EDSA Boni Ave. (MRT station) Mandaluyong",MMDA Road Safety Unit,,601b3d9a-4de7-4b84-a487-c4eae1174f0a,2015-06-27,22:00:00,EDSA Ortigas Ave. (EB) Mandaluyong,0,0,0,0,0,0,0,0,0,0,2015-06-28 6:00,Property,14.57249077,121.0472372,No Collision Stated
None,EDSA,None,None,"No Accident Factor, No Collision Stated (based on Police Blotter Book), 0.0 drivers_injured, 0.0 drivers_killed, 0.0 passengers_injured, 0.0 passengers_killed, 0.0 pedestrian_injured, 0.0 pedestrian_killed, Fair (Day), EDSA SMDC Bldg. Mandaluyong",MMDA Road Safety Unit,,d6ab6c27-3139-48fc-914f-0c6ab1236d5c,2015-06-27,03:20:00,EDSA EDSA Central Mandaluyong,0,0,0,0,0,0,0,0,0,0,2015-06-27 11:20,Property,14.57496984,121.0491482,No Collision Stated
None,EDSA,None,None,"No Accident Factor, Hit Object (No Object Stated), 0.0 drivers_injured, 0.0 drivers_killed, 0.0 passengers_injured, 0.0 passengers_killed, 0.0 pedestrian_injured, 0.0 pedestrian_killed, Fair (Day), EDSA Shell Gas station, Highway Hills Mandaluyong",MMDA Road Safety Unit,,eda93049-bd3e-4637-8d8d-eeefd8aebb17,2015-06-27,00:00:00,EDSA Robinsons Pioneer Mandaluyong,0,0,0,0,0,0,0,0,0,0,2015-06-27 8:00,Property,14.57692814,121.0503406,Hit Object
None,EDSA,None,None,"No Accident Factor, No Collision Stated (based on Police Blotter Book), 1.0 drivers_injured, 0.0 drivers_killed, 0.0 passengers_injured, 0.0 passengers_killed, 0.0 pedestrian_injured, 0.0 pedestrian_killed, Fair (Night), EDSA Go Hotel, Barangka Ilaya Mandaluyong",MMDA Road Safety Unit,,23212fd4-7f0e-4efc-89f7-cb9953fbd950,2015-06-26,19:30:00,EDSA SM Megamall Mandaluyong,0,0,0,1,0,0,0,0,0,1,2015-06-27 3:30,Injury,14.57001193,121.0464575,No Collision Stated
None,EDSA,None,None,"No Accident Factor, No Collision Stated (based on Police Blotter Book), 0.0 drivers_injured, 0.0 drivers_killed, 0.0 passengers_injured, 0.0 passengers_killed, 0.0 pedestrian_injured, 0.0 pedestrian_killed, Fair (Night), EDSA Pioneer St. Mandaluyong",MMDA Road Safety Unit,,32c2c2c8-3bad-4702-8088-b6eefafa83cf,2015-06-26,10:45:00,EDSA J. Vargas Ave. Mandaluyong,0,0,0,0,0,0,0,0,0,0,2015-06-26 18:45,Property,14.57236671,121.0472702,No Collision Stated
None,EDSA,None,None,"No Accident Factor, No Collision Stated (based on Police Blotter Book), 0.0 drivers_injured, 0.0 drivers_killed, 0.0 passengers_injured, 0.0 passengers_killed, 0.0 pedestrian_injured, 0.0 pedestrian_killed, Fair (Night), EDSA Robinsons Forum, Barangka Ilaya Mandaluyong",MMDA Road Safety Unit,,4259ce2b-e88c-4064-baac-3a8628a9f344,2015-06-26,10:35:00,"EDSA Highway 54 Bldg., Wack-wack Mandaluyong",0,0,0,0,0,0,0,0,0,0,2015-06-26 18:35,Property,14.57182388,121.0470705,No Collision Stated
None,EDSA,None,None,"No Accident Factor, No Collision Stated (based on Police Blotter Book), 0.0 drivers_injured, 0.0 drivers_killed, 0.0 passengers_injured, 0.0 passengers_killed, 0.0 pedestrian_injured, 0.0 pedestrian_killed, Fair (Day), EDSA Robinsons Forum, Pioneer Mandaluyong",MMDA Road Safety Unit,,8879fb4f-5e51-47f3-ad4b-fbc6a069d46b,2015-06-25,07:35:00,EDSA Libertad - N. Domingo St.  Mandaluyong,0,0,0,0,0,0,0,0,0,0,2015-06-25 15:35,Property,14.57182388,121.0470705,No Collision Stated
None,EDSA,None,None,"No Accident Factor, No Collision Stated (based on Police Blotter Book), 0.0 drivers_injured, 0.0 drivers_killed, 0.0 passengers_injured, 0.0 passengers_killed, 0.0 pedestrian_injured, 0.0 pedestrian_killed, Fair (Day), EDSA Starmall, Highway Hills Mandaluyong",MMDA Road Safety Unit,,2c25ea14-8978-4b7d-9df4-bf0c81c03b2e,2015-06-25,06:00:00,EDSA Pioneer St. Mandaluyong,0,0,0,0,0,0,0,0,0,0,2015-06-25 14:00,Property,14.58198795,121.0540368,No Collision Stated
None,EDSA,None,None,"No Accident Factor, No Collision Stated (based on Police Blotter Book), 0.0 drivers_injured, 0.0 drivers_killed, 0.0 passengers_injured, 0.0 passengers_killed, 0.0 pedestrian_injured, 0.0 pedestrian_killed, Fair (Night), EDSA Robinsons Forum, Barangka Ilaya Mandaluyong",MMDA Road Safety Unit,,d74fbb9d-14bc-424d-b5fc-f3669ed96765,2015-06-24,12:45:00,"EDSA Go Hotel, Barangka Ilaya Mandaluyong",0,0,0,0,0,0,0,0,0,0,2015-06-24 20:45,Property,14.57182388,121.0470705,No Collision Stated
None,EDSA,None,None,"No Accident Factor, No Collision Stated (based on Police Blotter Book), 0.0 drivers_injured, 0.0 drivers_killed, 0.0 passengers_injured, 0.0 passengers_killed, 0.0 pedestrian_injured, 0.0 pedestrian_killed, Fair (Night), EDSA Central, Highway Hills Mandaluyong",MMDA Road Safety Unit,,941006a7-a00a-4855-ade5-06d471660066,2015-06-24,12:30:00,EDSA Madison St. Mandaluyong,0,0,0,0,0,0,0,0,0,0,2015-06-24 20:30,Property,14.5799359,121.0529018,No Collision Stated
None,EDSA,None,None,"No Accident Factor, No Collision Stated (based on Police Blotter Book), 0.0 drivers_injured, 0.0 drivers_killed, 0.0 passengers_injured, 0.0 passengers_killed, 0.0 pedestrian_injured, 0.0 pedestrian_killed, Fair (Day), EDSA Boni Ave. (MRT station) Mandaluyong",MMDA Road Safety Unit,,043a1590-85ac-411f-864e-c2ecd57b4022,2015-06-24,04:10:00,"EDSA Highway 54 Bldg., Wack-wack Mandaluyong",0,0,0,0,0,0,0,0,0,0,2015-06-24 12:10,Property,14.57249077,121.0472372,No Collision Stated
None,EDSA,None,None,"No Accident Factor, Rear-end, 0.0 drivers_injured, 0.0 drivers_killed, 0.0 passengers_injured, 0.0 passengers_killed, 0.0 pedestrian_injured, 0.0 pedestrian_killed, Fair (Night), EDSA Robinsons Mall, Pioneer Mandaluyong",MMDA Road Safety Unit,,e5a78629-262a-4c09-b52f-39841f3123fb,2015-06-23,12:45:00,EDSA Boni Ave. Mandaluyong,0,0,0,0,0,0,0,0,0,0,2015-06-23 20:45,Property,14.57161544,121.0469258,Rear-End
None,EDSA,None,None,"No Accident Factor, No Collision Stated (based on Police Blotter Book), 0.0 drivers_injured, 0.0 drivers_killed, 0.0 passengers_injured, 0.0 passengers_killed, 0.0 pedestrian_injured, 0.0 pedestrian_killed, Fair (Day), EDSA Shaw Blvd. Mandaluyong",MMDA Road Safety Unit,,b0ca56bb-58f4-4a1c-8a9e-21c16b65386f,2015-06-23,04:15:00,"EDSA Highway 54 Bldg., Wack-wack Mandaluyong",0,0,0,0,0,0,0,0,0,0,2015-06-23 12:15,Property,14.58119822,121.0534578,No Collision Stated
None,EDSA,None,None,"No Accident Factor, No Collision Stated (based on Police Blotter Book), 0.0 drivers_injured, 0.0 drivers_killed, 0.0 passengers_injured, 0.0 passengers_killed, 0.0 pedestrian_injured, 0.0 pedestrian_killed, Fair (Day), EDSA POEA, Wack Wack Mandaluyong",MMDA Road Safety Unit,,508276db-3370-4ca5-8993-c5e68e84fbb9,2015-06-22,23:15:00,EDSA Ortigas Ave. Mandaluyong,0,0,0,0,0,0,0,0,0,0,2015-06-23 7:15,Property,14.59324183,121.0582336,No Collision Stated
None,EDSA,None,None,"No Accident Factor, Angle Impact, 0.0 drivers_injured, 0.0 drivers_killed, 0.0 passengers_injured, 0.0 passengers_killed, 0.0 pedestrian_injured, 0.0 pedestrian_killed, Fair (Night), EDSA Guadalupe Bridge Mandaluyong",MMDA Road Safety Unit,,7c06ab0c-46fe-46bf-8f24-af5184ece25e,2015-06-22,15:00:00,EDSA Boni Ave. Mandaluyong,0,0,0,0,0,0,0,0,0,0,2015-06-22 23:00,Property,14.5685496,121.0460027,Angle Impact
None,EDSA,None,None,"No Accident Factor, No Collision Stated (based on Police Blotter Book), 0.0 drivers_injured, 0.0 drivers_killed, 0.0 passengers_injured, 0.0 passengers_killed, 0.0 pedestrian_injured, 0.0 pedestrian_killed, Fair (Night), EDSA Asian Development Bank (ADB) Ave., Wack-Wack  Mandaluyong",MMDA Road Safety Unit,,6183e679-f568-47ec-8c82-dab98220d30b,2015-06-22,11:30:00,"EDSA Starmall, Wack-Wack  Mandaluyong",0,0,0,0,0,0,0,0,0,0,2015-06-22 19:30,Property,14.58890738,121.0572022,No Collision Stated
None,EDSA,None,None,"No Accident Factor, Side Swipe, 0.0 drivers_injured, 0.0 drivers_killed, 0.0 passengers_injured, 0.0 passengers_killed, 0.0 pedestrian_injured, 0.0 pedestrian_killed, Fair (Night), EDSA Shaw Blvd. Mandaluyong",MMDA Road Safety Unit,,4efb86c9-2bce-467a-9069-5d5a70ad8296,2015-06-22,11:30:00,"EDSA Boni MRT Station, Ilaya Mandaluyong",0,0,0,0,0,0,0,0,0,0,2015-06-22 19:30,Property,14.58119822,121.0534578,Side Swipe
None,EDSA,None,None,"No Accident Factor, Side Swipe, 0.0 drivers_injured, 0.0 drivers_killed, 0.0 passengers_injured, 0.0 passengers_killed, 0.0 pedestrian_injured, 0.0 pedestrian_killed, Fair (Day), EDSA Ortigas Ave. (SB)  Mandaluyong",MMDA Road Safety Unit,,8db6a042-fa2d-4ecc-a7d7-0a33aadbc36e,2015-06-22,04:10:00,"EDSA Shaw Blvd. (Melvin Store, Highway Hills) Mandaluyong",0,0,0,0,0,0,0,0,0,0,2015-06-22 12:10,Property,14.59327428,121.0582827,Side Swipe
None,EDSA,None,None,"No Accident Factor, No Collision Stated (based on Police Blotter Book), 0.0 drivers_injured, 0.0 drivers_killed, 0.0 passengers_injured, 0.0 passengers_killed, 0.0 pedestrian_injured, 0.0 pedestrian_killed, Fair (Day), EDSA Shaw Blvd. Mandaluyong",MMDA Road Safety Unit,,a2764860-c165-4d47-9937-b6b099d565bf,2015-06-22,02:45:00,"EDSA Petron Gas Station, Wack-Wack Mandaluyong",0,0,0,0,0,0,0,0,0,0,2015-06-22 10:45,Property,14.58119822,121.0534578,No Collision Stated
None,EDSA,None,None,"No Accident Factor, No Collision Stated (based on Police Blotter Book), 0.0 drivers_injured, 0.0 drivers_killed, 0.0 passengers_injured, 0.0 passengers_killed, 0.0 pedestrian_injured, 0.0 pedestrian_killed, Fair (Day), EDSA SM Megamall, Wack-Wack Mandaluyong",MMDA Road Safety Unit,,ce4803d8-f678-413e-a4a4-985ac324de9e,2015-06-22,00:15:00,EDSA Pioneer St. Mandaluyong,0,0,0,0,0,0,0,0,0,0,2015-06-22 8:15,Property,14.58501645,121.0558372,No Collision Stated
None,EDSA,None,None,"No Accident Factor, No Collision Stated (based on Police Blotter Book), 0.0 drivers_injured, 0.0 drivers_killed, 0.0 passengers_injured, 0.0 passengers_killed, 0.0 pedestrian_injured, 0.0 pedestrian_killed, Fair (Day), EDSA Ortigas Loading Bay (POEA, Wack-Wack) Mandaluyong",MMDA Road Safety Unit,,dc753df8-df19-4e4b-8b82-7b37f22bb9e1,2015-06-21,22:15:00,"EDSA Starmall Driveway, Wack-Wack  Mandaluyong",0,0,0,0,0,0,0,0,0,0,2015-06-22 6:15,Property,14.59327374,121.0582168,No Collision Stated
None,EDSA,None,None,"No Accident Factor, No Collision Stated (based on Police Blotter Book), 0.0 drivers_injured, 0.0 drivers_killed, 0.0 passengers_injured, 0.0 passengers_killed, 0.0 pedestrian_injured, 0.0 pedestrian_killed, Fair (Day), EDSA Pioneer St. Mandaluyong",MMDA Road Safety Unit,,0fbf3ae2-4939-4b7d-b3a6-6a8bb0f8119d,2015-06-20,08:30:00,"EDSA Boni MRT Station, Malamig Mandaluyong",0,0,0,0,0,0,0,0,0,0,2015-06-20 16:30,Property,14.57236671,121.0472702,No Collision Stated
None,EDSA,None,None,"No Accident Factor, No Collision Stated (based on Police Blotter Book), 0.0 drivers_injured, 0.0 drivers_killed, 0.0 passengers_injured, 0.0 passengers_killed, 0.0 pedestrian_injured, 0.0 pedestrian_killed, Fair (Night), EDSA Robinsons Forum, Barangka Ilaya Mandaluyong",MMDA Road Safety Unit,,d8a779de-4a44-492e-be21-ce71d2dd8a3f,2015-06-19,15:15:00,"EDSA Starmall, Wack-Wack  Mandaluyong",0,0,0,0,0,0,0,0,0,0,2015-06-19 23:15,Property,14.57182388,121.0470705,No Collision Stated
None,EDSA,None,None,"No Accident Factor, No Collision Stated (based on Police Blotter Book), 0.0 drivers_injured, 0.0 drivers_killed, 0.0 passengers_injured, 0.0 passengers_killed, 0.0 pedestrian_injured, 0.0 pedestrian_killed, Fair (Day), EDSA Barangka Drive Mandaluyong",MMDA Road Safety Unit,,d1a95bd3-f366-4c7a-86f2-aaf0f2cd5f8d,2015-06-19,00:00:00,EDSA Libertad St.  Mandaluyong,0,0,0,0,0,0,0,0,0,0,2015-06-19 8:00,Property,14.57852617,121.0515355,No Collision Stated
None,EDSA,None,None,"No Accident Factor, Rear-end, 0.0 drivers_injured, 0.0 drivers_killed, 0.0 passengers_injured, 0.0 passengers_killed, 0.0 pedestrian_injured, 0.0 pedestrian_killed, Fair (Day), EDSA Ortigas MRT Station, Wack-Wack Mandaluyong",MMDA Road Safety Unit,,fc4f9011-ac34-4fd3-ae15-2b9003618223,2015-06-18,22:00:00,EDSA SM Megamall Mandaluyong,0,0,0,0,0,0,0,0,0,0,2015-06-19 6:00,Property,14.58789302,121.0566024,Rear-End
None,EDSA,None,None,"No Accident Factor, Side Swipe, 0.0 drivers_injured, 0.0 drivers_killed, 0.0 passengers_injured, 0.0 passengers_killed, 0.0 pedestrian_injured, 0.0 pedestrian_killed, Fair (Night), EDSA SM Megamall Bldg. A Mandaluyong",MMDA Road Safety Unit,,6f2bda81-02d1-4f15-a23d-bb78ad499be8,2015-06-18,13:00:00,"EDSA Boni MRT Station, Malamig Mandaluyong",0,0,0,0,0,0,0,0,0,0,2015-06-18 21:00,Property,14.58501645,121.0558372,Side Swipe
None,EDSA,None,None,"No Accident Factor, No Collision Stated (based on Police Blotter Book), 0.0 drivers_injured, 0.0 drivers_killed, 0.0 passengers_injured, 0.0 passengers_killed, 0.0 pedestrian_injured, 0.0 pedestrian_killed, Fair (Night), EDSA Boni MRT Station, Malamig Mandaluyong",MMDA Road Safety Unit,,193e87b5-953f-42b6-8e37-ba0b81cdcc06,2015-06-17,10:00:00,EDSA Libertad St.  Mandaluyong,0,0,0,0,0,0,0,0,0,0,2015-06-17 18:00,Property,14.57372098,121.0479555,No Collision Stated
None,EDSA,None,None,"No Accident Factor, No Collision Stated (based on Police Blotter Book), 0.0 drivers_injured, 0.0 drivers_killed, 0.0 passengers_injured, 0.0 passengers_killed, 0.0 pedestrian_injured, 0.0 pedestrian_killed, Fair (Day), EDSA Boni Ave. (MRT station) Mandaluyong",MMDA Road Safety Unit,,a0407aa6-440e-45f7-a490-448794e5567d,2015-06-17,05:30:00,"EDSA Shaw Blvd. (PARKLEA, Highway Hills) Mandaluyong",0,0,0,0,0,0,0,0,0,0,2015-06-17 13:30,Property,14.57249077,121.0472372,No Collision Stated
None,EDSA,None,None,"No Accident Factor, No Collision Stated (based on Police Blotter Book), 0.0 drivers_injured, 0.0 drivers_killed, 0.0 passengers_injured, 0.0 passengers_killed, 0.0 pedestrian_injured, 0.0 pedestrian_killed, Fair (Day), EDSA Boni MRT Station, Malamig Mandaluyong",MMDA Road Safety Unit,,143aa0c1-cb4e-4b71-a005-9a68113b899f,2015-06-17,05:30:00,EDSA Pioneer St. Mandaluyong,0,0,0,0,0,0,0,0,0,0,2015-06-17 13:30,Property,14.57372098,121.0479555,No Collision Stated
None,EDSA,None,None,"No Accident Factor, No Collision Stated (based on Police Blotter Book), 0.0 drivers_injured, 0.0 drivers_killed, 0.0 passengers_injured, 0.0 passengers_killed, 0.0 pedestrian_injured, 0.0 pedestrian_killed, Fair (Day), EDSA Pinatubo St. Mandaluyong",MMDA Road Safety Unit,,f821c8aa-f95b-4713-9e28-9d4f3d842427,2015-06-17,00:45:00,"EDSA Highway 54 Bldg., Wack-wack Mandaluyong",0,0,0,0,0,0,0,0,0,0,2015-06-17 8:45,Property,14.57321369,121.0476439,No Collision Stated
None,EDSA,None,None,"No Accident Factor, Multiple Collision, 0.0 drivers_injured, 0.0 drivers_killed, 0.0 passengers_injured, 0.0 passengers_killed, 0.0 pedestrian_injured, 0.0 pedestrian_killed, Fair (Day), EDSA Shaw Blvd. Mandaluyong",MMDA Road Safety Unit,,e5aad59d-642d-422e-9352-9fb9038469e8,2015-06-16,22:45:00,"EDSA Starmall, Wack-Wack  Mandaluyong",0,0,0,0,0,0,0,0,0,0,2015-06-17 6:45,Property,14.58119822,121.0534578,Multiple
None,EDSA,None,None,"No Accident Factor, No Collision Stated (based on Police Blotter Book), 0.0 drivers_injured, 0.0 drivers_killed, 0.0 passengers_injured, 0.0 passengers_killed, 0.0 pedestrian_injured, 0.0 pedestrian_killed, Fair (Night), EDSA Petron Gas Station, Malamig Mandaluyong",MMDA Road Safety Unit,,d4aa7a57-031e-4331-89b0-f04d4eced80a,2015-06-16,21:25:00,EDSA Boni Ave. Mandaluyong,0,0,0,0,0,0,0,0,0,0,2015-06-17 5:25,Property,14.57721431,121.0505369,No Collision Stated
None,EDSA,None,None,"No Accident Factor, No Collision Stated (based on Police Blotter Book), 0.0 drivers_injured, 0.0 drivers_killed, 0.0 passengers_injured, 0.0 passengers_killed, 0.0 pedestrian_injured, 0.0 pedestrian_killed, Fair (Night), EDSA Ortigas MRT Station, Wack-Wack Mandaluyong",MMDA Road Safety Unit,,b663b463-2dfe-4bfe-88af-2543928c4eb7,2015-06-16,16:40:00,EDSA Amber Restaurant Mandaluyong,0,0,0,0,0,0,0,0,0,0,2015-06-17 0:40,Property,14.58789302,121.0566024,No Collision Stated
None,EDSA,None,None,"No Accident Factor, Side Swipe, 0.0 drivers_injured, 0.0 drivers_killed, 0.0 passengers_injured, 0.0 passengers_killed, 0.0 pedestrian_injured, 0.0 pedestrian_killed, Fair (Day), EDSA Ortigas Ave. (EB)  Mandaluyong",MMDA Road Safety Unit,,fbc07c6e-e8ca-4819-98c4-a8d620c2d401,2015-06-16,09:25:00,EDSA Ortigas Ave. Mandaluyong,0,0,0,0,0,0,0,0,0,0,2015-06-16 17:25,Property,14.59327428,121.0582827,Side Swipe
None,EDSA,None,None,"No Accident Factor, No Collision Stated (based on Police Blotter Book), 0.0 drivers_injured, 0.0 drivers_killed, 0.0 passengers_injured, 0.0 passengers_killed, 0.0 pedestrian_injured, 0.0 pedestrian_killed, Fair (Day), EDSA Highway 54 Bldg., Wack-wack Mandaluyong",MMDA Road Safety Unit,,8710aaf4-86fe-4d0a-a89b-f5a32e5c8888,2015-06-16,03:30:00,"EDSA VRPMC, Malamig Mandaluyong",0,0,0,0,0,0,0,0,0,0,2015-06-16 11:30,Property,14.58500097,121.0556243,No Collision Stated
None,EDSA,None,None,"No Accident Factor, No Collision Stated (based on Police Blotter Book), 0.0 drivers_injured, 0.0 drivers_killed, 0.0 passengers_injured, 0.0 passengers_killed, 0.0 pedestrian_injured, 0.0 pedestrian_killed, Fair (Night), EDSA Barangka Drive Mandaluyong",MMDA Road Safety Unit,,41bebc80-2f59-4e92-96c6-44258b54d7d3,2015-06-15,13:20:00,EDSA Shaw Blvd. Mandaluyong,0,0,0,0,0,0,0,0,0,0,2015-06-15 21:20,Property,14.57852617,121.0515355,No Collision Stated
None,EDSA,None,None,"No Accident Factor, Angle Impact, 0.0 drivers_injured, 0.0 drivers_killed, 0.0 passengers_injured, 0.0 passengers_killed, 0.0 pedestrian_injured, 0.0 pedestrian_killed, Fair (Day), EDSA Ortigas Ave. Mandaluyong",MMDA Road Safety Unit,,f54bfeff-8e50-4a5e-b145-065bfd402839,2015-06-13,00:00:00,"EDSA Starmall, Wack-Wack  Mandaluyong",0,0,0,0,0,0,0,0,0,0,2015-06-13 8:00,Property,14.59305232,121.0585643,Angle Impact
None,EDSA,None,None,"No Accident Factor, No Collision Stated (based on Police Blotter Book), 0.0 drivers_injured, 0.0 drivers_killed, 0.0 passengers_injured, 0.0 passengers_killed, 0.0 pedestrian_injured, 0.0 pedestrian_killed, Fair (Day), EDSA Shell Gas Station, Highway Hills Mandaluyong",MMDA Road Safety Unit,,eea266c4-c051-423a-b2ca-49495361e624,2015-06-11,22:15:00,"EDSA VRPMC, Malamig Mandaluyong",0,0,0,0,0,0,0,0,0,0,2015-06-12 6:15,Property,14.57692814,121.0503406,No Collision Stated
None,EDSA,None,None,"No Accident Factor, Hit and Run (No Collision Stated), 0.0 drivers_injured, 0.0 drivers_killed, 0.0 passengers_injured, 0.0 passengers_killed, 0.0 pedestrian_injured, 0.0 pedestrian_killed, Fair (Night), EDSA SM Megamall, Wack-Wack Mandaluyong",MMDA Road Safety Unit,,16edca73-6793-4a52-8cf8-b12969d5d64c,2015-06-11,15:45:00,EDSA Barangka Drive Mandaluyong,0,0,0,0,0,0,0,0,0,0,2015-06-11 23:45,Property,14.58501645,121.0558372,No Collision Stated
None,EDSA,None,None,"No Accident Factor, No Collision Stated (based on Police Blotter Book), 0.0 drivers_injured, 0.0 drivers_killed, 0.0 passengers_injured, 0.0 passengers_killed, 0.0 pedestrian_injured, 0.0 pedestrian_killed, Fair (Day), EDSA Ortigas Ave. (EB) Mandaluyong",MMDA Road Safety Unit,,b019a8d8-b333-43c5-92f5-3c5e004c4b24,2015-06-11,07:50:00,"EDSA VRPMC, Malamig Mandaluyong",0,0,0,0,0,0,0,0,0,0,2015-06-11 15:50,Property,14.59327428,121.0582827,No Collision Stated
None,EDSA,None,None,"No Accident Factor, No Collision Stated (based on Police Blotter Book), 0.0 drivers_injured, 0.0 drivers_killed, 0.0 passengers_injured, 0.0 passengers_killed, 0.0 pedestrian_injured, 0.0 pedestrian_killed, Fair (Day), EDSA Ortigas Ave. Mandaluyong",MMDA Road Safety Unit,,42839e56-f2ac-4844-9e39-a48700c15762,2015-06-11,01:30:00,"EDSA Robinsons Pioneer Mall, Barangka Ilaya Mandaluyong",0,0,0,0,0,0,0,0,0,0,2015-06-11 9:30,Property,14.59305232,121.0585643,No Collision Stated
None,EDSA,None,None,"No Accident Factor, No Collision Stated (based on Police Blotter Book), 0.0 drivers_injured, 0.0 drivers_killed, 0.0 passengers_injured, 0.0 passengers_killed, 0.0 pedestrian_injured, 0.0 pedestrian_killed, Fair (Day), EDSA Shaw Blvd. Mandaluyong",MMDA Road Safety Unit,,86f542ff-2cb0-43f0-a001-f00dd7c028cb,2015-06-11,01:00:00,EDSA MRT-Boni Station Mandaluyong,0,0,0,0,0,0,0,0,0,0,2015-06-11 9:00,Property,14.58119822,121.0534578,No Collision Stated
None,EDSA,None,None,"No Accident Factor, No Collision Stated (based on Police Blotter Book), 0.0 drivers_injured, 0.0 drivers_killed, 0.0 passengers_injured, 0.0 passengers_killed, 0.0 pedestrian_injured, 0.0 pedestrian_killed, Fair (Day), EDSA Shaw Blvd. Mandaluyong",MMDA Road Safety Unit,,7403503b-5388-4b35-a4e3-824129d16c7e,2015-06-11,01:00:00,"EDSA PGA Car Bldg., Wack-Wack  Mandaluyong",0,0,0,0,0,0,0,0,0,0,2015-06-11 9:00,Property,14.58119822,121.0534578,No Collision Stated
None,EDSA,None,None,"No Accident Factor, No Collision Stated (based on Police Blotter Book), 0.0 drivers_injured, 0.0 drivers_killed, 0.0 passengers_injured, 0.0 passengers_killed, 0.0 pedestrian_injured, 0.0 pedestrian_killed, Fair (Night), EDSA Starmall, Wack-Wack Mandaluyong",MMDA Road Safety Unit,,1c8e81c9-aeca-46d9-acc3-f75626e69190,2015-06-10,14:00:00,EDSA MRT-Boni Station Mandaluyong,0,0,0,0,0,0,0,0,0,0,2015-06-10 22:00,Property,14.58198795,121.0540368,No Collision Stated
None,EDSA,None,None,"No Accident Factor, No Collision Stated (based on Police Blotter Book), 0.0 drivers_injured, 0.0 drivers_killed, 0.0 passengers_injured, 0.0 passengers_killed, 0.0 pedestrian_injured, 0.0 pedestrian_killed, Fair (Night), EDSA Barangka Drive Mandaluyong",MMDA Road Safety Unit,,c1f13aad-9a6a-4b8e-8224-89c7a5eb6e3a,2015-06-10,10:30:00,EDSA Ortigas Ave. Mandaluyong,0,0,0,0,0,0,0,0,0,0,2015-06-10 18:30,Property,14.57852617,121.0515355,No Collision Stated
None,EDSA,None,None,"No Accident Factor, No Collision Stated (based on Police Blotter Book), 0.0 drivers_injured, 0.0 drivers_killed, 0.0 passengers_injured, 0.0 passengers_killed, 0.0 pedestrian_injured, 0.0 pedestrian_killed, Fair (Day), EDSA Barangka Drive Mandaluyong",MMDA Road Safety Unit,,136a75b3-78b4-4757-b533-8697cf1b9ecc,2015-06-08,23:30:00,"EDSA POEA, Wack-Wack  Mandaluyong",0,0,0,0,0,0,0,0,0,0,2015-06-09 7:30,Property,14.57852617,121.0515355,No Collision Stated
None,EDSA,None,None,"No Accident Factor, Side Swipe, 0.0 drivers_injured, 0.0 drivers_killed, 0.0 passengers_injured, 0.0 passengers_killed, 0.0 pedestrian_injured, 0.0 pedestrian_killed, Fair (Day), EDSA SM Megamall, Wack-Wack Mandaluyong",MMDA Road Safety Unit,,91909c3d-89b5-40fb-b802-030c08d0e03a,2015-06-08,23:15:00,"EDSA Boni MRT Station, Malamig Mandaluyong",0,0,0,0,0,0,0,0,0,0,2015-06-09 7:15,Property,14.58501645,121.0558372,Side Swipe
None,EDSA,None,None,"No Accident Factor, Hit and Run (No Collision Stated), 0.0 drivers_injured, 0.0 drivers_killed, 0.0 passengers_injured, 0.0 passengers_killed, 0.0 pedestrian_injured, 0.0 pedestrian_killed, Fair (Night), EDSA PGA Car, Wack-Wack Mandaluyong",MMDA Road Safety Unit,,15379709-8dbc-4531-8989-6e219db682d1,2015-06-08,12:00:00,EDSA Pavillion Mall Mandaluyong,0,0,0,0,0,0,0,0,0,0,2015-06-08 20:00,Property,14.59623028,121.0592439,No Collision Stated
None,EDSA,None,None,"No Accident Factor, Hit and Run (No Collision Stated), 0.0 drivers_injured, 0.0 drivers_killed, 0.0 passengers_injured, 0.0 passengers_killed, 0.0 pedestrian_injured, 0.0 pedestrian_killed, Fair (Day), EDSA Pioneer St. Mandaluyong",MMDA Road Safety Unit,,e02a6694-92a1-4d28-bf75-58661ad5abc0,2015-06-08,08:00:00,"EDSA Boni MRT Station, Barangka Ilaya Mandaluyong",0,0,0,0,0,0,0,0,0,0,2015-06-08 16:00,Property,14.57236671,121.0472702,No Collision Stated
None,EDSA,None,None,"No Accident Factor, No Collision Stated (based on Police Blotter Book), 0.0 drivers_injured, 0.0 drivers_killed, 0.0 passengers_injured, 0.0 passengers_killed, 0.0 pedestrian_injured, 0.0 pedestrian_killed, Fair (Day), EDSA Sultan St. Mandaluyong",MMDA Road Safety Unit,,b16d465f-6653-4a42-9f85-5ce016c0b7da,2015-06-08,07:40:00,EDSA Pioneer St. Mandaluyong,0,0,0,0,0,0,0,0,0,0,2015-06-08 15:40,Property,14.5805687,121.0529959,No Collision Stated