LOCATION_TEXT,ROAD,WEATHER,LIGHT,DESC,REPORTING_AGENCY,MAIN_CAUSE,INCIDENTDETAILS_ID,DATE_UTC,TIME_UTC,ADDRESS,killed_driver,killed_passenger,killed_pedestrian,injured_driver,injured_passenger,injured_pedestrian,killed_uncategorized,injured_uncategorized,killed_total,injured_total,DATETIME_PST,SEVERITY,Y,X,COLLISION_TYPE
None,EDSA,None,None,"No Accident Factor, No Collision Stated (based on Police Blotter Book), 0.0 drivers_injured, 0.0 drivers_killed, 0.0 passengers_injured, 0.0 passengers_killed, 0.0 pedestrian_injured, 0.0 pedestrian_killed, Fair (Day), EDSA Ortigas Mrt Station Mandaluyong",MMDA Road Safety Unit,,82def6fd-c744-4d53-a226-ab850c828d99,2015-06-08,06:30:00,"EDSA Boni MRT Station, Malamig Mandaluyong",0,0,0,0,0,0,0,0,0,0,2015-06-08 14:30,Property,14.58789302,121.0566024,No Collision Stated
None,EDSA,None,None,"No Accident Factor, No Collision Stated (based on Police Blotter Book), 0.0 drivers_injured, 0.0 drivers_killed, 0.0 passengers_injured, 0.0 passengers_killed, 0.0 pedestrian_injured, 0.0 pedestrian_killed, Fair (Day), EDSA G.A. Tower Mandaluyong",MMDA Road Safety Unit,,79a2f226-8106-4b6b-b2de-9abe6cf81e47,2015-06-07,05:00:00,"EDSA Boni-MRT Station, Highway Hills Mandaluyong",0,0,0,0,0,0,0,0,0,0,2015-06-07 13:00,Property,14.57392638,121.0480715,No Collision Stated
None,EDSA,None,None,"No Accident Factor, No Collision Stated (based on Police Blotter Book), 0.0 drivers_injured, 0.0 drivers_killed, 0.0 passengers_injured, 0.0 passengers_killed, 0.0 pedestrian_injured, 0.0 pedestrian_killed, Fair (Night), EDSA Ortigas Ave., MRT Station Mandaluyong",MMDA Road Safety Unit,,83528114-d480-4f47-ac2a-b0e8e3bfbd52,2015-06-06,12:00:00,"EDSA Robinsons Mall, Barangka Ilaya Mandaluyong",0,0,0,0,0,0,0,0,0,0,2015-06-06 20:00,Property,14.58789722,121.0568107,No Collision Stated
None,EDSA,None,None,"No Accident Factor, No Collision Stated (based on Police Blotter Book), 0.0 drivers_injured, 0.0 drivers_killed, 0.0 passengers_injured, 0.0 passengers_killed, 0.0 pedestrian_injured, 0.0 pedestrian_killed, Fair (Day), EDSA GO Hotel Mandaluyong",MMDA Road Safety Unit,,1e6241f3-b625-45ca-87b5-86c7b0fb8caa,2015-06-06,09:55:00,EDSA Shaw Blvd. Mandaluyong,0,0,0,0,0,0,0,0,0,0,2015-06-06 17:55,Property,14.57001193,121.0464575,No Collision Stated
None,EDSA,None,None,"No Accident Factor, No Collision Stated (based on Police Blotter Book), 0.0 drivers_injured, 0.0 drivers_killed, 0.0 passengers_injured, 0.0 passengers_killed, 0.0 pedestrian_injured, 0.0 pedestrian_killed, Fair (Day), EDSA Starmall, Wack Wack Mandaluyong",MMDA Road Safety Unit,,53713a8a-5052-499c-8978-71915297ddc0,2015-06-06,01:00:00,"EDSA PGA Car Bldg., Wack- Wack Mandaluyong",0,0,0,0,0,0,0,0,0,0,2015-06-06 9:00,Property,14.58198795,121.0540368,No Collision Stated
None,EDSA,None,None,"No Accident Factor, No Collision Stated (based on Police Blotter Book), 0.0 drivers_injured, 0.0 drivers_killed, 0.0 passengers_injured, 0.0 passengers_killed, 0.0 pedestrian_injured, 0.0 pedestrian_killed, Fair (Night), EDSA Ortigas Ave., MRT Station Mandaluyong",MMDA Road Safety Unit,,2238df69-b314-4c40-84b1-ec381e5da521,2015-06-05,16:30:00,EDSA Caltex Gas Station Mandaluyong,0,0,0,0,0,0,0,0,0,0,2015-06-06 0:30,Property,14.58789722,121.0568107,No Collision Stated
None,EDSA,None,None,"No Accident Factor, Hit and Run (No Collision Stated), 0.0 drivers_injured, 0.0 drivers_killed, 0.0 passengers_injured, 0.0 passengers_killed, 0.0 pedestrian_injured, 0.0 pedestrian_killed, Fair (Day), EDSA Shaw Blvd. Mandaluyong",MMDA Road Safety Unit,,4eec7f45-06ba-42aa-8e81-72a0701b0618,2015-06-05,02:30:00,"EDSA Highway 54 Bldg., Wack-wack Mandaluyong",0,0,0,0,0,0,0,0,0,0,2015-06-05 10:30,Property,14.58119822,121.0534578,No Collision Stated
None,EDSA,None,None,"No Accident Factor, No Collision Stated (based on Police Blotter Book), 0.0 drivers_injured, 0.0 drivers_killed, 0.0 passengers_injured, 0.0 passengers_killed, 0.0 pedestrian_injured, 0.0 pedestrian_killed, Fair (Day), EDSA Barangka Drive Mandaluyong",MMDA Road Safety Unit,,d46dacf2-c3ee-4f3f-b336-47983039e5e3,2015-06-05,00:25:00,"EDSA Boni MRT Station, Malamig Mandaluyong",0,0,0,0,0,0,0,0,0,0,2015-06-05 8:25,Property,14.57852617,121.0515355,No Collision Stated
None,EDSA,None,None,"No Accident Factor, No Collision Stated (based on Police Blotter Book), 0.0 drivers_injured, 0.0 drivers_killed, 0.0 passengers_injured, 0.0 passengers_killed, 0.0 pedestrian_injured, 0.0 pedestrian_killed, Fair (Day), EDSA Barangka Drive Mandaluyong",MMDA Road Safety Unit,,a29fe098-08da-408c-b3b5-a2bdbb9f7f4f,2015-06-05,00:25:00,"EDSA Robinsons Mall, Barangka Ilaya Mandaluyong",0,0,0,0,0,0,0,0,0,0,2015-06-05 8:25,Property,14.57852617,121.0515355,No Collision Stated
None,EDSA,None,None,"No Accident Factor, No Collision Stated (based on Police Blotter Book), 0.0 drivers_injured, 0.0 drivers_killed, 0.0 passengers_injured, 0.0 passengers_killed, 0.0 pedestrian_injured, 0.0 pedestrian_killed, Fair (Night), EDSA Reliance St. Mandaluyong",MMDA Road Safety Unit,,1349b11a-d6a7-4680-9801-c08d9c1176e5,2015-06-04,21:10:00,EDSA Barangka Drive Mandaluyong,0,0,0,0,0,0,0,0,0,0,2015-06-05 5:10,Property,14.57669064,121.0504494,No Collision Stated
None,EDSA,None,None,"No Accident Factor, No Collision Stated (based on Police Blotter Book), 0.0 drivers_injured, 0.0 drivers_killed, 0.0 passengers_injured, 0.0 passengers_killed, 0.0 pedestrian_injured, 0.0 pedestrian_killed, Fair (Day), EDSA Caltex Gas Station, Ilaya Mandaluyong",MMDA Road Safety Unit,,5abe8a46-4fad-4430-8ace-731d336ba784,2015-06-04,08:30:00,EDSA Shaw Blvd. Mandaluyong,0,0,0,0,0,0,0,0,0,0,2015-06-04 16:30,Property,14.57228634,121.0470942,No Collision Stated
None,EDSA,None,None,"No Accident Factor, Side Swipe, 0.0 drivers_injured, 0.0 drivers_killed, 0.0 passengers_injured, 0.0 passengers_killed, 0.0 pedestrian_injured, 0.0 pedestrian_killed, Fair (Day), EDSA Connecticut St. Mandaluyong",MMDA Road Safety Unit,,954e5241-3a42-46ff-9768-b58a42d1f089,2015-06-04,05:45:00,EDSA Bank Ave.  Mandaluyong,0,0,0,0,0,0,0,0,0,0,2015-06-04 13:45,Property,14.60151411,121.0591478,Side Swipe
None,EDSA,None,None,"No Accident Factor, Rear-end, 0.0 drivers_injured, 0.0 drivers_killed, 0.0 passengers_injured, 0.0 passengers_killed, 0.0 pedestrian_injured, 0.0 pedestrian_killed, Fair (Day), EDSA Ortigas Ave. overpass Mandaluyong",MMDA Road Safety Unit,,1c6138ea-a123-4ad9-acef-5c70f928b079,2015-06-04,04:25:00,"EDSA Petron Gas Station, Highway Hills Mandaluyong",0,0,0,0,0,0,0,0,0,0,2015-06-04 12:25,Property,14.5931221,121.0583126,Rear-End
None,EDSA,None,None,"No Accident Factor, No Collision Stated (based on Police Blotter Book), 0.0 drivers_injured, 0.0 drivers_killed, 0.0 passengers_injured, 0.0 passengers_killed, 0.0 pedestrian_injured, 0.0 pedestrian_killed, Fair (Night), EDSA Starmall, Wack Wack Mandaluyong",MMDA Road Safety Unit,,b2c0c032-4c92-42da-aa2d-27cbf96f8d27,2015-06-03,15:30:00,EDSA Guadalupe Bridge Mandaluyong,0,0,0,0,0,0,0,0,0,0,2015-06-03 23:30,Property,14.58198795,121.0540368,No Collision Stated
None,EDSA,None,None,"No Accident Factor, No Collision Stated (based on Police Blotter Book), 0.0 drivers_injured, 0.0 drivers_killed, 0.0 passengers_injured, 0.0 passengers_killed, 0.0 pedestrian_injured, 0.0 pedestrian_killed, Fair (Night), EDSA Madison St. Mandaluyong",MMDA Road Safety Unit,,b5fdda88-d87d-45af-b5a7-4e3e70ec536f,2015-06-03,15:15:00,"EDSA SM Mega Mall, Wack-Wack  Mandaluyong",0,0,0,0,0,0,0,0,0,0,2015-06-03 23:15,Property,14.57464299,121.0489046,No Collision Stated
None,EDSA,None,None,"No Accident Factor, No Collision Stated (based on Police Blotter Book), 0.0 drivers_injured, 0.0 drivers_killed, 0.0 passengers_injured, 0.0 passengers_killed, 0.0 pedestrian_injured, 0.0 pedestrian_killed, Fair (Night), EDSA Boni Ave. Mandaluyong",MMDA Road Safety Unit,,42db4e1e-9aae-4b72-9192-ba016bbdd803,2015-06-03,12:20:00,EDSA Ortigas Ave. Mandaluyong,0,0,0,0,0,0,0,0,0,0,2015-06-03 20:20,Property,14.57242918,121.0471629,No Collision Stated
None,EDSA,None,None,"No Accident Factor, Side Swipe, 0.0 drivers_injured, 0.0 drivers_killed, 0.0 passengers_injured, 0.0 passengers_killed, 0.0 pedestrian_injured, 0.0 pedestrian_killed, Fair (Day), EDSA POEA, Wack Wack Mandaluyong",MMDA Road Safety Unit,,9227260b-04c0-4ea9-98fd-f675f9f5d642,2015-06-03,05:40:00,EDSA Shaw Blvd. Mandaluyong,0,0,0,0,0,0,0,0,0,0,2015-06-03 13:40,Property,14.59324183,121.0582336,Side Swipe
None,EDSA,None,None,"No Accident Factor, No Collision Stated (based on Police Blotter Book), 0.0 drivers_injured, 0.0 drivers_killed, 0.0 passengers_injured, 0.0 passengers_killed, 0.0 pedestrian_injured, 0.0 pedestrian_killed, Fair (Day), EDSA Boni Ave. Mandaluyong",MMDA Road Safety Unit,,b543ecb5-e23b-4a85-9a29-c1d7e0d16c63,2015-06-03,02:00:00,EDSA Shaw Blvd. Mandaluyong,0,0,0,0,0,0,0,0,0,0,2015-06-03 10:00,Property,14.57242918,121.0471629,No Collision Stated
None,EDSA,None,None,"No Accident Factor, No Collision Stated (based on Police Blotter Book), 0.0 drivers_injured, 0.0 drivers_killed, 0.0 passengers_injured, 0.0 passengers_killed, 0.0 pedestrian_injured, 0.0 pedestrian_killed, Fair (Day), EDSA Guadix Drive Mandaluyong",MMDA Road Safety Unit,,05563521-bd92-4fe9-82a2-b62fc4afcbff,2015-06-03,00:50:00,"EDSA Emergency Bay, Lions Road Mandaluyong",0,0,0,0,0,0,0,0,0,0,2015-06-03 8:50,Property,14.58948577,121.0573946,No Collision Stated
None,EDSA,None,None,"No Accident Factor, No Collision Stated (based on Police Blotter Book), 0.0 drivers_injured, 0.0 drivers_killed, 0.0 passengers_injured, 0.0 passengers_killed, 0.0 pedestrian_injured, 0.0 pedestrian_killed, Fair (Night), EDSA Shangri-La Mall Driveway Mandaluyong",MMDA Road Safety Unit,,dffc4874-5e2b-4e8f-8c25-f70bd4072085,2015-06-02,12:00:00,"EDSA SM Mega Mall, Wack-Wack  Mandaluyong",0,0,0,0,0,0,0,0,0,0,2015-06-02 20:00,Property,14.58223571,121.0544805,No Collision Stated
None,EDSA,None,None,"No Accident Factor, No Collision Stated (based on Police Blotter Book), 0.0 drivers_injured, 0.0 drivers_killed, 0.0 passengers_injured, 0.0 passengers_killed, 0.0 pedestrian_injured, 0.0 pedestrian_killed, Fair (Day), EDSA V.R. Potenciano Medical Center Mandaluyong",MMDA Road Safety Unit,,acebaf30-4335-4f9c-bd08-f50033ee07f6,2015-06-01,23:45:00,EDSA Lions Road Mandaluyong,0,0,0,0,0,0,0,0,0,0,2015-06-02 7:45,Property,14.57684342,121.0502966,No Collision Stated
None,EDSA,None,None,"No Accident Factor, No Collision Stated (based on Police Blotter Book), 0.0 drivers_injured, 0.0 drivers_killed, 0.0 passengers_injured, 0.0 passengers_killed, 0.0 pedestrian_injured, 0.0 pedestrian_killed, Fair (Day), EDSA Madison St. Mandaluyong",MMDA Road Safety Unit,,fd75f571-4e5e-4938-bc05-98a959c212a4,2015-06-01,22:10:00,EDSA Lions Road Mandaluyong,0,0,0,0,0,0,0,0,0,0,2015-06-02 6:10,Property,14.57464299,121.0489046,No Collision Stated
None,EDSA,None,None,"No Accident Factor, No Collision Stated (based on Police Blotter Book), 0.0 drivers_injured, 0.0 drivers_killed, 0.0 passengers_injured, 0.0 passengers_killed, 0.0 pedestrian_injured, 0.0 pedestrian_killed, Fair (Night), EDSA Highway 54 Bldg., Wack-wack Mandaluyong",MMDA Road Safety Unit,,2c8c4e00-8912-4ae7-a1f4-0a236f50150d,2015-06-01,20:00:00,EDSA Shaw Blvd. Mandaluyong,0,0,0,0,0,0,0,0,0,0,2015-06-02 4:00,Property,14.58500097,121.0556243,No Collision Stated
None,EDSA,None,None,"No Accident Factor, No Collision Stated (based on Police Blotter Book), 0.0 drivers_injured, 0.0 drivers_killed, 0.0 passengers_injured, 0.0 passengers_killed, 0.0 pedestrian_injured, 0.0 pedestrian_killed, Fair (Day), EDSA Shell Gas Station, Highway Hills Mandaluyong",MMDA Road Safety Unit,,edf5f38a-f8ea-41e2-92e0-df249863cefd,2015-06-01,09:45:00,"EDSA Megamall, Wack-Wack  Mandaluyong",0,0,0,0,0,0,0,0,0,0,2015-06-01 17:45,Property,14.57692814,121.0503406,No Collision Stated
None,EDSA,None,None,"No Accident Factor, Side Swipe, 0.0 drivers_injured, 0.0 drivers_killed, 0.0 passengers_injured, 0.0 passengers_killed, 0.0 pedestrian_injured, 0.0 pedestrian_killed, Fair (Day), EDSA Highway 54 Bldg., Wack-wack Mandaluyong",MMDA Road Safety Unit,,3c1f0646-9187-4e8d-aa92-f124d690194d,2015-06-01,08:30:00,EDSA Boni Ave. Mandaluyong,0,0,0,0,0,0,0,0,0,0,2015-06-01 16:30,Property,14.58500097,121.0556243,Side Swipe
None,EDSA,None,None,"No Accident Factor, Multiple Collision, 0.0 drivers_injured, 0.0 drivers_killed, 0.0 passengers_injured, 0.0 passengers_killed, 0.0 pedestrian_injured, 0.0 pedestrian_killed, Fair (Day), EDSA V.R. Potenciano Medical Center Mandaluyong",MMDA Road Safety Unit,,4c0e7e01-273f-4fac-aa0f-d10fa8dc2e6d,2015-06-01,08:00:00,EDSA Boni Ave. Mandaluyong,0,0,0,0,0,0,0,0,0,0,2015-06-01 16:00,Property,14.57684342,121.0502966,Multiple
None,EDSA,None,None,"No Accident Factor, Rear-end, 0.0 drivers_injured, 0.0 drivers_killed, 0.0 passengers_injured, 0.0 passengers_killed, 0.0 pedestrian_injured, 0.0 pedestrian_killed, Fair (Day), EDSA Boni Ave. Mandaluyong",MMDA Road Safety Unit,,ed1ce41c-7b4b-44ea-856a-f49192c53276,2015-06-01,01:15:00,EDSA Shaw Blvd. Mandaluyong,0,0,0,0,0,0,0,0,0,0,2015-06-01 9:15,Property,14.57242918,121.0471629,Rear-End
None,EDSA,None,None,"No Accident Factor, Side Swipe, 0.0 drivers_injured, 0.0 drivers_killed, 0.0 passengers_injured, 0.0 passengers_killed, 0.0 pedestrian_injured, 0.0 pedestrian_killed, Fair (Day), EDSA Rochester Mandaluyong",MMDA Road Safety Unit,,b0a7b08a-b013-4536-a441-2efdfed42fce,2015-06-01,01:00:00,EDSA Barangka Drive Mandaluyong,0,0,0,0,0,0,0,0,0,0,2015-06-01 9:00,Property,14.597563,121.0595941,Side Swipe
None,EDSA,None,None,"No Accident Factor, Self-Accident, 1.0 drivers_injured, 0.0 drivers_killed, 0.0 passengers_injured, 0.0 passengers_killed, 0.0 pedestrian_injured, 0.0 pedestrian_killed, Fair (Day), EDSA Florida St. Mandaluyong",MMDA Road Safety Unit,,eced0919-41cd-4fb6-993d-b45327a1f320,2015-05-31,23:50:00,EDSA J. Vargas Ave. (EB)  Mandaluyong,0,0,0,1,0,0,0,0,0,1,2015-06-01 7:50,Injury,14.59428618,121.0585864,Self-Accident
None,EDSA,None,None,"No Accident Factor, No Collision Stated (based on Police Blotter Book), 0.0 drivers_injured, 0.0 drivers_killed, 0.0 passengers_injured, 0.0 passengers_killed, 0.0 pedestrian_injured, 0.0 pedestrian_killed, Fair (Night), EDSA Starmall, Wack Wack Mandaluyong",MMDA Road Safety Unit,,ff447448-f8b3-47b7-98f4-45a27e7085d7,2015-05-30,14:25:00,"EDSA Starmall, Wack-Wack Mandaluyong",0,0,0,0,0,0,0,0,0,0,2015-05-30 22:25,Property,14.58198795,121.0540368,No Collision Stated
None,EDSA,None,None,"No Accident Factor, No Collision Stated (based on Police Blotter Book), 0.0 drivers_injured, 0.0 drivers_killed, 0.0 passengers_injured, 0.0 passengers_killed, 0.0 pedestrian_injured, 0.0 pedestrian_killed, Fair (Night), EDSA Transcom, Wack Wack Mandaluyong",MMDA Road Safety Unit,,c5869ab7-b95e-4e95-8520-a722669e3ed3,2015-05-30,14:00:00,EDSA Shaw Blvd. Mandaluyong,0,0,0,0,0,0,0,0,0,0,2015-05-30 22:00,Property,14.58930651,121.0570669,No Collision Stated
None,EDSA,None,None,"No Accident Factor, No Collision Stated (based on Police Blotter Book), 0.0 drivers_injured, 0.0 drivers_killed, 0.0 passengers_injured, 0.0 passengers_killed, 0.0 pedestrian_injured, 0.0 pedestrian_killed, Fair (Day), EDSA SMDC Bldg., Highway Hills Mandaluyong",MMDA Road Safety Unit,,05901fa0-eb89-42cf-ba73-c8cf2db07de9,2015-05-30,00:50:00,"EDSA SM Megamall Loading Bay Station, Wack-Wack Mandaluyong",0,0,0,0,0,0,0,0,0,0,2015-05-30 8:50,Property,14.57496984,121.0491482,No Collision Stated
None,EDSA,None,None,"No Accident Factor, No Collision Stated (based on Police Blotter Book), 0.0 drivers_injured, 0.0 drivers_killed, 0.0 passengers_injured, 0.0 passengers_killed, 0.0 pedestrian_injured, 0.0 pedestrian_killed, Fair (Night), EDSA V.R. Potenciano Medical Center Mandaluyong",MMDA Road Safety Unit,,3ac35d8a-a4c9-4d11-abde-a71588d3ad24,2015-05-29,14:30:00,"EDSA Boni MRT Station, Barangka Ilaya Mandaluyong",0,0,0,0,0,0,0,0,0,0,2015-05-29 22:30,Property,14.57684342,121.0502966,No Collision Stated
None,EDSA,None,None,"No Accident Factor, Side Swipe, 0.0 drivers_injured, 0.0 drivers_killed, 0.0 passengers_injured, 0.0 passengers_killed, 0.0 pedestrian_injured, 0.0 pedestrian_killed, Fair (Night), EDSA SM Megamall Driveway  Mandaluyong",MMDA Road Safety Unit,,fa5f79a7-5948-40a8-b2d9-5e128c14c1b4,2015-05-29,10:40:00,"EDSA Shell Gas Station, Highway Hills Mandaluyong",0,0,0,0,0,0,0,0,0,0,2015-05-29 18:40,Property,14.58699737,121.0565403,Side Swipe
None,EDSA,None,None,"No Accident Factor, Rear-end, 0.0 drivers_injured, 0.0 drivers_killed, 0.0 passengers_injured, 0.0 passengers_killed, 0.0 pedestrian_injured, 0.0 pedestrian_killed, Fair (Day), EDSA SM Light Residences, Highway Hills  Mandaluyong",MMDA Road Safety Unit,,13d08826-6a17-4f96-a869-d17067449852,2015-05-28,05:50:00,"EDSA Transcom Bldg., Wack-Wack Mandaluyong",0,0,0,0,0,0,0,0,0,0,2015-05-28 13:50,Property,14.57388383,121.0483435,Rear-End
None,EDSA,None,None,"No Accident Factor, Multiple Collision, 0.0 drivers_injured, 0.0 drivers_killed, 0.0 passengers_injured, 0.0 passengers_killed, 0.0 pedestrian_injured, 0.0 pedestrian_killed, Fair (Day), EDSA Shaw Blvd. Mandaluyong",MMDA Road Safety Unit,,843689ec-969b-4ec5-aea6-ee01bb4ce4c3,2015-05-28,04:05:00,"EDSA Transcom Bldg., Wack-Wack Mandaluyong",0,0,0,0,0,0,0,0,0,0,2015-05-28 12:05,Property,14.58119822,121.0534578,Multiple
None,EDSA,None,None,"No Accident Factor, Rear-end, 0.0 drivers_injured, 0.0 drivers_killed, 0.0 passengers_injured, 0.0 passengers_killed, 0.0 pedestrian_injured, 0.0 pedestrian_killed, Fair (Day), EDSA Starmall, Wack Wack Mandaluyong",MMDA Road Safety Unit,,9aefeab4-7aab-4b2b-ada5-7dc13770d0bb,2015-05-28,03:35:00,EDSA Starmall Compound (Shaw Blvd.)  Mandaluyong,0,0,0,0,0,0,0,0,0,0,2015-05-28 11:35,Property,14.58198795,121.0540368,Rear-End
None,EDSA,None,None,"No Accident Factor, No Collision Stated (based on Police Blotter Book), 0.0 drivers_injured, 0.0 drivers_killed, 0.0 passengers_injured, 0.0 passengers_killed, 0.0 pedestrian_injured, 0.0 pedestrian_killed, Fair (Day), EDSA Lions Road Mandaluyong",MMDA Road Safety Unit,,61242215-6e6c-4053-be1b-541520688d11,2015-05-28,03:30:00,"EDSA Megamall, Wack-Wack  Mandaluyong",0,0,0,0,0,0,0,0,0,0,2015-05-28 11:30,Property,14.56999727,121.0462587,No Collision Stated
None,EDSA,None,None,"No Accident Factor, No Collision Stated (based on Police Blotter Book), 0.0 drivers_injured, 0.0 drivers_killed, 0.0 passengers_injured, 0.0 passengers_killed, 0.0 pedestrian_injured, 0.0 pedestrian_killed, Fair (Day), EDSA D.M. Guevarra St. Mandaluyong",MMDA Road Safety Unit,,096cd33d-33a8-4da6-a9ec-4dc2b41de2c0,2015-05-28,02:50:00,EDSA Shaw Blvd. Mandaluyong,0,0,0,0,0,0,0,0,0,0,2015-05-28 10:50,Property,14.57849454,121.05152,No Collision Stated
None,EDSA,None,None,"No Accident Factor, No Collision Stated (based on Police Blotter Book), 0.0 drivers_injured, 0.0 drivers_killed, 0.0 passengers_injured, 0.0 passengers_killed, 0.0 pedestrian_injured, 0.0 pedestrian_killed, Fair (Day), EDSA Boni Ave. Mandaluyong",MMDA Road Safety Unit,,00da247e-d86a-4300-9e27-b32a4d911b31,2015-05-28,00:30:00,EDSA Ortigas Ave. (SB) Mandaluyong,0,0,0,0,0,0,0,0,0,0,2015-05-28 8:30,Property,14.57242918,121.0471629,No Collision Stated
None,EDSA,None,None,"No Accident Factor, Side Swipe, 0.0 drivers_injured, 0.0 drivers_killed, 0.0 passengers_injured, 0.0 passengers_killed, 0.0 pedestrian_injured, 0.0 pedestrian_killed, Fair (Night), EDSA F. Ortigas Ave.  (EB) Mandaluyong",MMDA Road Safety Unit,,2e4b7458-964d-4085-8ece-804b838cabeb,2015-05-27,21:10:00,EDSA SM Megamall Loading Bay Mandaluyong,0,0,0,0,0,0,0,0,0,0,2015-05-28 5:10,Property,14.59343449,121.0582812,Side Swipe
None,EDSA,None,None,"No Accident Factor, No Collision Stated (based on Police Blotter Book), 0.0 drivers_injured, 0.0 drivers_killed, 0.0 passengers_injured, 0.0 passengers_killed, 0.0 pedestrian_injured, 0.0 pedestrian_killed, Fair (Night), EDSA Boni MRT Station, Malamig Mandaluyong",MMDA Road Safety Unit,,d9170b74-4845-4ba7-bfe7-66a3b652a5bd,2015-05-27,11:55:00,EDSA Robinsons Cybergate Compound (Pioneer St.) Mandaluyong,0,0,0,0,0,0,0,0,0,0,2015-05-27 19:55,Property,14.57372098,121.0479555,No Collision Stated
None,EDSA,None,None,"No Accident Factor, No Collision Stated (based on Police Blotter Book), 0.0 drivers_injured, 0.0 drivers_killed, 0.0 passengers_injured, 0.0 passengers_killed, 0.0 pedestrian_injured, 0.0 pedestrian_killed, Fair (Day), EDSA Shaw Blvd. Mandaluyong",MMDA Road Safety Unit,,47011a3f-a4a2-402b-8170-023feea6d01e,2015-05-27,05:10:00,EDSA Pioneer St. Mandaluyong,0,0,0,0,0,0,0,0,0,0,2015-05-27 13:10,Property,14.58119822,121.0534578,No Collision Stated
None,EDSA,None,None,"No Accident Factor, Rear-end, 0.0 drivers_injured, 0.0 drivers_killed, 0.0 passengers_injured, 0.0 passengers_killed, 0.0 pedestrian_injured, 0.0 pedestrian_killed, Fair (Day), EDSA Highway 54 Bldg., Wack-wack Mandaluyong",MMDA Road Safety Unit,,1eebf9bb-e8de-457b-a082-d46920dcc62e,2015-05-27,01:00:00,EDSA Ortigas Ave. (POEA Bldg.) Mandaluyong,0,0,0,0,0,0,0,0,0,0,2015-05-27 9:00,Property,14.58500097,121.0556243,Rear-End
None,EDSA,None,None,"No Accident Factor, Rear-end, 0.0 drivers_injured, 0.0 drivers_killed, 0.0 passengers_injured, 0.0 passengers_killed, 0.0 pedestrian_injured, 0.0 pedestrian_killed, Fair (Day), EDSA V. R. Potenciano Medical Center, Malamig Mandaluyong",MMDA Road Safety Unit,,26bd8f08-5a6c-4572-b357-69f3a861dff7,2015-05-26,02:45:00,EDSA Robinsons Forum Mandaluyong,0,0,0,0,0,0,0,0,0,0,2015-05-26 10:45,Property,14.57684342,121.0502966,Rear-End
None,EDSA,None,None,"No Accident Factor, No Collision Stated (based on Police Blotter Book), 0.0 drivers_injured, 0.0 drivers_killed, 0.0 passengers_injured, 0.0 passengers_killed, 0.0 pedestrian_injured, 0.0 pedestrian_killed, Fair (Night), EDSA SM Megamall Mandaluyong",MMDA Road Safety Unit,,2f4a7398-2b16-4823-88ce-96195d5a6139,2015-05-25,13:30:00,"EDSA V. R. P. Medical Center, Highway Hills Mandaluyong",0,0,0,0,0,0,0,0,0,0,2015-05-25 21:30,Property,14.58501645,121.0558372,No Collision Stated
None,EDSA,None,None,"No Accident Factor, No Collision Stated (based on Police Blotter Book), 0.0 drivers_injured, 0.0 drivers_killed, 0.0 passengers_injured, 0.0 passengers_killed, 0.0 pedestrian_injured, 0.0 pedestrian_killed, Fair (Night), EDSA Pioneer St. Mandaluyong",MMDA Road Safety Unit,,b99da7a7-e24f-4c8b-863d-59ddd4bbe072,2015-05-25,12:00:00,EDSA Barangka Drive Mandaluyong,0,0,0,0,0,0,0,0,0,0,2015-05-25 20:00,Property,14.57236671,121.0472702,No Collision Stated
None,EDSA,None,None,"No Accident Factor, Angle Impact, 2.0 drivers_injured, 0.0 drivers_killed, 0.0 passengers_injured, 0.0 passengers_killed, 0.0 pedestrian_injured, 0.0 pedestrian_killed, Fair (Day), EDSA SM Megamall Mandaluyong",MMDA Road Safety Unit,,8fa40241-c419-4eda-825c-8d6a43d746b2,2015-05-24,23:30:00,EDSA Ortigas Ave. Mandaluyong,0,0,0,2,0,0,0,0,0,2,2015-05-25 7:30,Injury,14.58501645,121.0558372,Angle Impact
None,EDSA,None,None,"No Accident Factor, No Collision Stated (based on Police Blotter Book), 0.0 drivers_injured, 0.0 drivers_killed, 0.0 passengers_injured, 0.0 passengers_killed, 0.0 pedestrian_injured, 0.0 pedestrian_killed, Fair (Day), EDSA V. R. Potenciano Medical Center, Malamig Mandaluyong",MMDA Road Safety Unit,,4992fb63-dedc-4b4d-b52a-c845bbff103f,2015-05-24,23:15:00,EDSA Amber Restaurant Mandaluyong,0,0,0,0,0,0,0,0,0,0,2015-05-25 7:15,Property,14.57684342,121.0502966,No Collision Stated
None,EDSA,None,None,"No Accident Factor, Rear-end, 0.0 drivers_injured, 0.0 drivers_killed, 0.0 passengers_injured, 0.0 passengers_killed, 0.0 pedestrian_injured, 0.0 pedestrian_killed, Fair (Night), EDSA Ortigas MRT Station, Wack-Wack  Mandaluyong",MMDA Road Safety Unit,,2081527e-2d8d-48de-9f27-12ad60d37ce0,2015-05-23,11:00:00,"EDSA beneath Reliance Footbridge, Highway Hills Mandaluyong",0,0,0,0,0,0,0,0,0,0,2015-05-23 19:00,Property,14.58789302,121.0566024,Rear-End