LOCATION_TEXT,ROAD,WEATHER,LIGHT,DESC,REPORTING_AGENCY,MAIN_CAUSE,INCIDENTDETAILS_ID,DATE_UTC,TIME_UTC,ADDRESS,killed_driver,killed_passenger,killed_pedestrian,injured_driver,injured_passenger,injured_pedestrian,killed_uncategorized,injured_uncategorized,killed_total,injured_total,DATETIME_PST,SEVERITY,Y,X,COLLISION_TYPE
None,EDSA,None,None,"No Accident Factor, No Collision Stated (based on Police Blotter Book), 0.0 drivers_injured, 0.0 drivers_killed, 0.0 passengers_injured, 0.0 passengers_killed, 0.0 pedestrian_injured, 0.0 pedestrian_killed, Fair (Day), EDSA POEA Bldg., Wack- Wack  Mandaluyong",MMDA Road Safety Unit,,baf99a30-a810-430f-8052-3bd0a2b89d60,2015-05-23,09:45:00,EDSA Boni Ave. (Wendy's Fastfood Chain) Mandaluyong,0,0,0,0,0,0,0,0,0,0,2015-05-23 17:45,Property,14.59324183,121.0582336,No Collision Stated
None,EDSA,None,None,"No Accident Factor, Rear-end, 0.0 drivers_injured, 0.0 drivers_killed, 0.0 passengers_injured, 0.0 passengers_killed, 0.0 pedestrian_injured, 0.0 pedestrian_killed, Fair (Day), EDSA V. R. Potenciano Medical Center, Malamig Mandaluyong",MMDA Road Safety Unit,,ff1e11ca-878e-402d-b446-02325e4b8ce5,2015-05-23,04:20:00,"EDSA POEA, Wack-Wack Mandaluyong",0,0,0,0,0,0,0,0,0,0,2015-05-23 12:20,Property,14.57684342,121.0502966,Rear-End
None,EDSA,None,None,"No Accident Factor, Rear-end, 0.0 drivers_injured, 0.0 drivers_killed, 0.0 passengers_injured, 0.0 passengers_killed, 0.0 pedestrian_injured, 0.0 pedestrian_killed, Fair (Day), EDSA Shaw Blvd. (Shangri-la), Wack-Wack  Mandaluyong",MMDA Road Safety Unit,,2f419341-4b51-4da3-96f1-1eb06e00df6b,2015-05-23,02:40:00,"EDSA Boni MRT Station, Malamig Mandaluyong",0,0,0,0,0,0,0,0,0,0,2015-05-23 10:40,Property,14.58119822,121.0534578,Rear-End
None,EDSA,None,None,"No Accident Factor, No Collision Stated (based on Police Blotter Book), 0.0 drivers_injured, 0.0 drivers_killed, 0.0 passengers_injured, 0.0 passengers_killed, 0.0 pedestrian_injured, 0.0 pedestrian_killed, Fair (Day), EDSA Transcom Bldg.  Mandaluyong",MMDA Road Safety Unit,,6d6d633c-8e2f-450c-8314-11037319b7a4,2015-05-22,04:30:00,EDSA Ortigas Ave. (EB) Mandaluyong,0,0,0,0,0,0,0,0,0,0,2015-05-22 12:30,Property,14.58930651,121.0570669,No Collision Stated
None,EDSA,None,None,"No Accident Factor, Rear-end, 0.0 drivers_injured, 0.0 drivers_killed, 0.0 passengers_injured, 0.0 passengers_killed, 0.0 pedestrian_injured, 0.0 pedestrian_killed, Fair (Day), EDSA SM Megamall Mandaluyong",MMDA Road Safety Unit,,ff00daa1-4822-473c-a8db-aaf5a0ebff75,2015-05-22,02:30:00,EDSA Shaw Blvd. Mandaluyong,0,0,0,0,0,0,0,0,0,0,2015-05-22 10:30,Property,14.58501645,121.0558372,Rear-End
None,EDSA,None,None,"No Accident Factor, No Collision Stated (based on Police Blotter Book), 0.0 drivers_injured, 0.0 drivers_killed, 0.0 passengers_injured, 0.0 passengers_killed, 0.0 pedestrian_injured, 0.0 pedestrian_killed, Fair (Day), EDSA Transcom Bldg., Wack-Wack  Mandaluyong",MMDA Road Safety Unit,,e69cf525-b58a-44d2-84a2-1931375db15a,2015-05-21,04:30:00,EDSA Starmall Mandaluyong,0,0,0,0,0,0,0,0,0,0,2015-05-21 12:30,Property,14.58930651,121.0570669,No Collision Stated
None,EDSA,None,None,"No Accident Factor, No Collision Stated (based on Police Blotter Book), 1.0 drivers_injured, 0.0 drivers_killed, 0.0 passengers_injured, 0.0 passengers_killed, 0.0 pedestrian_injured, 0.0 pedestrian_killed, Fair (Day), EDSA Ortigas MRT Station, Wack-Wack  Mandaluyong",MMDA Road Safety Unit,,fd19126a-399b-4b86-a694-0c5637e52133,2015-05-21,02:30:00,EDSA Shaw Blvd. (Shell Gas Station) Mandaluyong,0,0,0,1,0,0,0,0,0,1,2015-05-21 10:30,Injury,14.58789302,121.0566024,No Collision Stated
None,EDSA,None,None,"No Accident Factor, Side Swipe, 0.0 drivers_injured, 0.0 drivers_killed, 0.0 passengers_injured, 0.0 passengers_killed, 0.0 pedestrian_injured, 0.0 pedestrian_killed, Fair (Day), EDSA Madison St. Mandaluyong",MMDA Road Safety Unit,,9a703b15-9d12-48dc-9e1d-d7fd0c0ada40,2015-05-20,06:40:00,EDSA Pioneer St. Mandaluyong,0,0,0,0,0,0,0,0,0,0,2015-05-20 14:40,Property,14.57464299,121.0489046,Side Swipe
None,EDSA,None,None,"No Accident Factor, Rear-end, 0.0 drivers_injured, 0.0 drivers_killed, 0.0 passengers_injured, 0.0 passengers_killed, 0.0 pedestrian_injured, 0.0 pedestrian_killed, Fair (Day), EDSA Apo St. Mandaluyong",MMDA Road Safety Unit,,548a6387-6bb9-4573-8eba-24497330b132,2015-05-19,06:30:00,EDSA Connecticut St. Mandaluyong,0,0,0,0,0,0,0,0,0,0,2015-05-19 14:30,Property,14.5715578,121.046752,Rear-End
None,EDSA,None,None,"No Accident Factor, Rear-end, 0.0 drivers_injured, 0.0 drivers_killed, 0.0 passengers_injured, 0.0 passengers_killed, 0.0 pedestrian_injured, 0.0 pedestrian_killed, Fair (Day), EDSA Highway 54 Bldg., Wack-wack Mandaluyong",MMDA Road Safety Unit,,65bd7e7e-b69c-42e1-a2e1-886a7c50d4ee,2015-05-19,05:50:00,EDSA Shaw Blvd. Mandaluyong,0,0,0,0,0,0,0,0,0,0,2015-05-19 13:50,Property,14.58500097,121.0556243,Rear-End
None,EDSA,None,None,"No Accident Factor, No Collision Stated (based on Police Blotter Book), 0.0 drivers_injured, 0.0 drivers_killed, 0.0 passengers_injured, 0.0 passengers_killed, 0.0 pedestrian_injured, 0.0 pedestrian_killed, Fair (Day), EDSA Caltex Gas Station, Barangka Ilaya Mandaluyong",MMDA Road Safety Unit,,f3f77b9f-897b-44a1-8b77-acb837d1afcd,2015-05-19,04:00:00,EDSA Shaw Blvd. Mandaluyong,0,0,0,0,0,0,0,0,0,0,2015-05-19 12:00,Property,14.57228634,121.0470942,No Collision Stated
None,EDSA,None,None,"No Accident Factor, No Collision Stated (based on Police Blotter Book), 0.0 drivers_injured, 0.0 drivers_killed, 0.0 passengers_injured, 0.0 passengers_killed, 0.0 pedestrian_injured, 0.0 pedestrian_killed, Fair (Day), EDSA ""U"" turn slot, Ortigas Ave. Mandaluyong",MMDA Road Safety Unit,,0114420a-ff26-4e92-acd4-62023a654893,2015-05-19,03:00:00,EDSA Shaw Blvd. Mandaluyong,0,0,0,0,0,0,0,0,0,0,2015-05-19 11:00,Property,14.59255254,121.0581903,No Collision Stated
None,EDSA,None,None,"No Accident Factor, Rear-end, 0.0 drivers_injured, 0.0 drivers_killed, 0.0 passengers_injured, 0.0 passengers_killed, 0.0 pedestrian_injured, 0.0 pedestrian_killed, Fair (Night), EDSA Boni MRT Station, Buayang Bato  Mandaluyong",MMDA Road Safety Unit,,3b1a77df-8156-420c-8703-641feee4aeb3,2015-05-18,10:45:00,"EDSA V. R. P. Medical Center, Malamig Mandaluyong",0,0,0,0,0,0,0,0,0,0,2015-05-18 18:45,Property,14.57372098,121.0479555,Rear-End
None,EDSA,None,None,"No Accident Factor, Rear-end, 0.0 drivers_injured, 0.0 drivers_killed, 0.0 passengers_injured, 0.0 passengers_killed, 0.0 pedestrian_injured, 0.0 pedestrian_killed, Fair (Day), EDSA Boni Ave. Mandaluyong",MMDA Road Safety Unit,,bdf43320-d25f-4c95-bbbe-a8f5959b3455,2015-05-18,00:55:00,EDSA Pioneer St. Mandaluyong,0,0,0,0,0,0,0,0,0,0,2015-05-18 8:55,Property,14.57242918,121.0471629,Rear-End
None,EDSA,None,None,"No Accident Factor, Angle Impact, 0.0 drivers_injured, 0.0 drivers_killed, 0.0 passengers_injured, 0.0 passengers_killed, 0.0 pedestrian_injured, 0.0 pedestrian_killed, Fair (Day), EDSA Starmall, Wack-Wack  Mandaluyong",MMDA Road Safety Unit,,1227f283-74e3-4c5b-89bb-bfd4a994350b,2015-05-18,00:50:00,EDSA Shaw Blvd. Mandaluyong,0,0,0,0,0,0,0,0,0,0,2015-05-18 8:50,Property,14.58198795,121.0540368,Angle Impact
None,EDSA,None,None,"No Accident Factor, Hit and Run (No Collision Stated), 0.0 drivers_injured, 0.0 drivers_killed, 0.0 passengers_injured, 0.0 passengers_killed, 0.0 pedestrian_injured, 0.0 pedestrian_killed, Fair (Day), EDSA Connecticut St. (Petron Gas Station, Wack-Wack) Mandaluyong",MMDA Road Safety Unit,,e7eefc85-61d8-49fa-a88c-3695bb314207,2015-05-16,05:00:00,EDSA Robinsons Pioneer Mandaluyong,0,0,0,0,0,0,0,0,0,0,2015-05-16 13:00,Property,14.60123591,121.0592972,No Collision Stated
None,EDSA,None,None,"No Accident Factor, Rear-end, 0.0 drivers_injured, 0.0 drivers_killed, 0.0 passengers_injured, 0.0 passengers_killed, 0.0 pedestrian_injured, 0.0 pedestrian_killed, Fair (Day), EDSA Ortigas MRT Station, Wack-Wack  Mandaluyong",MMDA Road Safety Unit,,58b3af38-755f-420f-983e-a9a526d79264,2015-05-15,03:10:00,EDSA MRT-Ortigas Station Mandaluyong,0,0,0,0,0,0,0,0,0,0,2015-05-15 11:10,Property,14.58789302,121.0566024,Rear-End
None,EDSA,None,None,"No Accident Factor, Rear-end, 0.0 drivers_injured, 0.0 drivers_killed, 0.0 passengers_injured, 0.0 passengers_killed, 0.0 pedestrian_injured, 0.0 pedestrian_killed, Fair (Night), EDSA V. R. Potenciano Medical Center, Malamig Mandaluyong",MMDA Road Safety Unit,,26439cb9-9343-4e2c-b2ca-99ced488230e,2015-05-13,21:45:00,EDSA Connecticut St. Mandaluyong,0,0,0,0,0,0,0,0,0,0,2015-05-14 5:45,Property,14.57684342,121.0502966,Rear-End
None,EDSA,None,None,"No Accident Factor, Side Swipe, 0.0 drivers_injured, 0.0 drivers_killed, 0.0 passengers_injured, 0.0 passengers_killed, 0.0 pedestrian_injured, 0.0 pedestrian_killed, Fair (Night), EDSA Ortigas Ave. (EB) Mandaluyong",MMDA Road Safety Unit,,2c956858-ce7d-41b5-97e3-b08181e63689,2015-05-13,10:40:00,EDSA Shaw Blvd. (NB)  Mandaluyong,0,0,0,0,0,0,0,0,0,0,2015-05-13 18:40,Property,14.59327428,121.0582827,Side Swipe
None,EDSA,None,None,"No Accident Factor, No Collision Stated (based on Police Blotter Book), 0.0 drivers_injured, 0.0 drivers_killed, 0.0 passengers_injured, 0.0 passengers_killed, 0.0 pedestrian_injured, 0.0 pedestrian_killed, Fair (Day), EDSA Starmall, Wack-Wack  Mandaluyong",MMDA Road Safety Unit,,3d6049ce-f286-4060-bb55-983b40d43528,2015-05-12,07:50:00,"EDSA Avida Tower, San Dionisio Mandaluyong",0,0,0,0,0,0,0,0,0,0,2015-05-12 15:50,Property,14.58198795,121.0540368,No Collision Stated
None,EDSA,None,None,"No Accident Factor, No Collision Stated (based on Police Blotter Book), 0.0 drivers_injured, 0.0 drivers_killed, 0.0 passengers_injured, 0.0 passengers_killed, 0.0 pedestrian_injured, 0.0 pedestrian_killed, Fair (Day), EDSA Highway 54 Bldg., Wack-wack Mandaluyong",MMDA Road Safety Unit,,4139c65e-4907-4add-aff0-b0290ad7c3a1,2015-05-12,07:30:00,EDSA Boni Ave. Mandaluyong,0,0,0,0,0,0,0,0,0,0,2015-05-12 15:30,Property,14.58500097,121.0556243,No Collision Stated
None,EDSA,None,None,"No Accident Factor, Rear-end, 0.0 drivers_injured, 0.0 drivers_killed, 0.0 passengers_injured, 0.0 passengers_killed, 0.0 pedestrian_injured, 0.0 pedestrian_killed, Fair (Day), EDSA Boni Ave. (Wendys, Malamig) Mandaluyong",MMDA Road Safety Unit,,99457cdf-b341-4a3d-8567-8c07de814dc1,2015-05-12,00:50:00,EDSA Shaw Blvd. Mandaluyong,0,0,0,0,0,0,0,0,0,0,2015-05-12 8:50,Property,14.57249077,121.0472372,Rear-End
None,EDSA,None,None,"No Accident Factor, No Collision Stated (based on Police Blotter Book), 0.0 drivers_injured, 0.0 drivers_killed, 0.0 passengers_injured, 0.0 passengers_killed, 0.0 pedestrian_injured, 0.0 pedestrian_killed, Fair (Night), EDSA SMDC Residences Mandaluyong",MMDA Road Safety Unit,,e9bd11e2-e26d-40f7-9b24-a2f0b4d19781,2015-05-11,13:30:00,EDSA Shaw Blvd. Mandaluyong,0,0,0,0,0,0,0,0,0,0,2015-05-11 21:30,Property,14.57496984,121.0491482,No Collision Stated
None,EDSA,None,None,"No Accident Factor, Hit and Run (No Collision Stated), 0.0 drivers_injured, 0.0 drivers_killed, 0.0 passengers_injured, 0.0 passengers_killed, 0.0 pedestrian_injured, 0.0 pedestrian_killed, Fair (Day), EDSA Shaw Blvd. Mandaluyong",MMDA Road Safety Unit,,6431ad24-d8be-4de7-aebf-13755c4bb539,2015-05-11,09:00:00,EDSA Pioneer St. Mandaluyong,0,0,0,0,0,0,0,0,0,0,2015-05-11 17:00,Property,14.58119822,121.0534578,No Collision Stated
None,EDSA,None,None,"No Accident Factor, Rear-end, 0.0 drivers_injured, 0.0 drivers_killed, 0.0 passengers_injured, 0.0 passengers_killed, 0.0 pedestrian_injured, 0.0 pedestrian_killed, Fair (Day), EDSA Shaw Blvd. (WB) Mandaluyong",MMDA Road Safety Unit,,b87675a9-018d-4e8c-b5f2-fe139dca9cd7,2015-05-11,05:00:00,EDSA Pioneer St. Mandaluyong,0,0,0,0,0,0,0,0,0,0,2015-05-11 13:00,Property,14.58119822,121.0534578,Rear-End
None,EDSA,None,None,"No Accident Factor, No Collision Stated (based on Police Blotter Book), 0.0 drivers_injured, 0.0 drivers_killed, 0.0 passengers_injured, 0.0 passengers_killed, 0.0 pedestrian_injured, 0.0 pedestrian_killed, Fair (Day), EDSA Pinatubo St. Mandaluyong",MMDA Road Safety Unit,,26281dae-e5ea-49ce-b223-88f5fdb46ed4,2015-05-11,00:05:00,EDSA United St. Mandaluyong,0,0,0,0,0,0,0,0,0,0,2015-05-11 8:05,Property,14.57321369,121.0476439,No Collision Stated
None,EDSA,None,None,"No Accident Factor, No Collision Stated (based on Police Blotter Book), 0.0 drivers_injured, 0.0 drivers_killed, 0.0 passengers_injured, 0.0 passengers_killed, 0.0 pedestrian_injured, 0.0 pedestrian_killed, Fair (Night), EDSA Sultan St.  Mandaluyong",MMDA Road Safety Unit,,5b088bad-fefb-435f-bdda-de94f2476d8d,2015-05-10,12:15:00,EDSA SM Megamall loading bay Mandaluyong,0,0,0,0,0,0,0,0,0,0,2015-05-10 20:15,Property,14.5805687,121.0529959,No Collision Stated
None,EDSA,None,None,"No Accident Factor, Multiple Collision, 0.0 drivers_injured, 0.0 drivers_killed, 0.0 passengers_injured, 0.0 passengers_killed, 0.0 pedestrian_injured, 0.0 pedestrian_killed, Fair (Day), EDSA Robinson Mall Pioneer, Barangka Ilaya Mandaluyong",MMDA Road Safety Unit,,9bd9e67f-b65d-4db3-9296-9093e9794206,2015-05-10,03:00:00,EDSA Pioneer St. Mandaluyong,0,0,0,0,0,0,0,0,0,0,2015-05-10 11:00,Property,14.57190409,121.0471319,Multiple
None,EDSA,None,None,"No Accident Factor, Hit and Run (No Collision Stated), 0.0 drivers_injured, 0.0 drivers_killed, 0.0 passengers_injured, 0.0 passengers_killed, 0.0 pedestrian_injured, 0.0 pedestrian_killed, Fair (Day), EDSA Robinson Mall Pioneer Mandaluyong",MMDA Road Safety Unit,,d96be2ec-5234-4f76-b9d8-45c2e96d695c,2015-05-09,08:45:00,EDSA EDSA Central Mall Mandaluyong,0,0,0,0,0,0,0,0,0,0,2015-05-09 16:45,Property,14.57190409,121.0471319,No Collision Stated
None,EDSA,None,None,"No Accident Factor, No Collision Stated (based on Police Blotter Book), 0.0 drivers_injured, 0.0 drivers_killed, 0.0 passengers_injured, 0.0 passengers_killed, 0.0 pedestrian_injured, 0.0 pedestrian_killed, Fair (Day), EDSA ADB,  Mandaluyong",MMDA Road Safety Unit,,d5966029-f8d3-4b17-8209-64d29f28072c,2015-05-09,07:15:00,"EDSA Caltex Gas Station, Barangka Ilaya Mandaluyong",0,0,0,0,0,0,0,0,0,0,2015-05-09 15:15,Property,14.58938937,121.0573625,No Collision Stated
None,EDSA,None,None,"No Accident Factor, Rear-end, 0.0 drivers_injured, 0.0 drivers_killed, 0.0 passengers_injured, 0.0 passengers_killed, 0.0 pedestrian_injured, 0.0 pedestrian_killed, Fair (Day), EDSA SM Megamall Mandaluyong",MMDA Road Safety Unit,,f55cc68b-78d9-447f-8333-549e0351e193,2015-05-09,04:30:00,EDSA Shaw Blvd. (NB) Mandaluyong,0,0,0,0,0,0,0,0,0,0,2015-05-09 12:30,Property,14.58501645,121.0558372,Rear-End
None,EDSA,None,None,"No Accident Factor, No Collision Stated (based on Police Blotter Book), 0.0 drivers_injured, 0.0 drivers_killed, 17.0 passengers_injured, 0.0 passengers_killed, 0.0 pedestrian_injured, 0.0 pedestrian_killed, Fair (Day), EDSA Connecticut St. Mandaluyong",MMDA Road Safety Unit,,051f9f89-eec6-44b9-80ca-12c7057582d9,2015-05-09,02:00:00,EDSA Polymedic Hospital Mandaluyong,0,0,0,0,17,0,0,0,0,17,2015-05-09 10:00,Injury,14.60151411,121.0591478,No Collision Stated
None,EDSA,None,None,"Human Error, Hit Object (Barrier-Concrete), 0.0 drivers_injured, 0.0 drivers_killed, 0.0 passengers_injured, 0.0 passengers_killed, 0.0 pedestrian_injured, 0.0 pedestrian_killed, Fair (Night), EDSA Wack-wack Mandaluyong",MMDA Road Safety Unit,,9ea66c0a-d7c6-4f24-855c-baec0abdb3fd,2015-05-08,17:55:00,"EDSA Pioneer St., Barangka Ilaya Mandaluyong",0,0,0,0,0,0,0,0,0,0,2015-05-09 1:55,Property,14.5899353,121.0575058,Hit Object
None,EDSA,None,None,"No Accident Factor, Side Swipe, 0.0 drivers_injured, 0.0 drivers_killed, 0.0 passengers_injured, 0.0 passengers_killed, 0.0 pedestrian_injured, 0.0 pedestrian_killed, Fair (Night), EDSA Ortigas MRT Station, Wack-Wack Mandaluyong",MMDA Road Safety Unit,,e1ad06c9-a619-4c38-8ce1-c2fb34a480f9,2015-05-08,11:10:00,EDSA POEA Ortigas Ave. (EB)  Mandaluyong,0,0,0,0,0,0,0,0,0,0,2015-05-08 19:10,Property,14.58789302,121.0566024,Side Swipe
None,EDSA,None,None,"No Accident Factor, Rear-end, 0.0 drivers_injured, 0.0 drivers_killed, 0.0 passengers_injured, 0.0 passengers_killed, 0.0 pedestrian_injured, 0.0 pedestrian_killed, Fair (Day), EDSA Highway 54 Bldg., Wack-wack Mandaluyong",MMDA Road Safety Unit,,5dc91ef1-0dac-421f-ba0b-9a81bdf4eaa3,2015-05-08,07:25:00,EDSA Boni Ave. Mandaluyong,0,0,0,0,0,0,0,0,0,0,2015-05-08 15:25,Property,14.58500097,121.0556243,Rear-End
None,EDSA,None,None,"No Accident Factor, Hit and Run (No Collision Stated), 0.0 drivers_injured, 0.0 drivers_killed, 0.0 passengers_injured, 0.0 passengers_killed, 0.0 pedestrian_injured, 0.0 pedestrian_killed, Fair (Night), EDSA Pioneer St. Mandaluyong",MMDA Road Safety Unit,,212758fc-f5aa-4249-a340-c6e324e8fa5a,2015-05-07,11:00:00,EDSA MRT-Boni Station Mandaluyong,0,0,0,0,0,0,0,0,0,0,2015-05-07 19:00,Property,14.57236671,121.0472702,No Collision Stated
None,EDSA,None,None,"No Accident Factor, No Collision Stated (based on Police Blotter Book), 0.0 drivers_injured, 0.0 drivers_killed, 0.0 passengers_injured, 0.0 passengers_killed, 0.0 pedestrian_injured, 0.0 pedestrian_killed, Fair (Day), EDSA J. Vargas Ave. (WB) Mandaluyong",MMDA Road Safety Unit,,658667ed-3592-4ced-bee9-8658de7a3ddb,2015-05-07,05:30:00,EDSA Madison St. Mandaluyong,0,0,0,0,0,0,0,0,0,0,2015-05-07 13:30,Property,14.58457561,121.0557464,No Collision Stated
None,EDSA,None,None,"No Accident Factor, Head-on, 0.0 drivers_injured, 0.0 drivers_killed, 0.0 passengers_injured, 0.0 passengers_killed, 0.0 pedestrian_injured, 0.0 pedestrian_killed, Fair (Day), EDSA Ortigas Ave. Mandaluyong",MMDA Road Safety Unit,,676a14ca-cf94-4a44-a7c7-c96bd8f351f0,2015-05-07,01:45:00,EDSA Libertad St. Mandaluyong,0,0,0,0,0,0,0,0,0,0,2015-05-07 9:45,Property,14.59305232,121.0585643,Head-On
None,EDSA,None,None,"No Accident Factor, Rear-end, 0.0 drivers_injured, 0.0 drivers_killed, 0.0 passengers_injured, 0.0 passengers_killed, 0.0 pedestrian_injured, 0.0 pedestrian_killed, Fair (Day), EDSA Starmall Mandaluyong",MMDA Road Safety Unit,,fa0311ce-6228-42da-9ff6-e211ed1dd567,2015-05-07,01:30:00,EDSA Shaw Blvd. Mandaluyong,0,0,0,0,0,0,0,0,0,0,2015-05-07 9:30,Property,14.58198795,121.0540368,Rear-End
None,EDSA,None,None,"No Accident Factor, Side Swipe, 0.0 drivers_injured, 0.0 drivers_killed, 0.0 passengers_injured, 0.0 passengers_killed, 0.0 pedestrian_injured, 0.0 pedestrian_killed, Fair (Day), EDSA Ortigas MRT Station, Wack-Wack Mandaluyong",MMDA Road Safety Unit,,3d9a025e-aba8-41da-83bb-db6dfa5e3692,2015-05-06,23:20:00,EDSA Teleperformance Greenfield district Mandaluyong,0,0,0,0,0,0,0,0,0,0,2015-05-07 7:20,Property,14.58789302,121.0566024,Side Swipe
None,EDSA,None,None,"No Accident Factor, Rear-end, 0.0 drivers_injured, 0.0 drivers_killed, 0.0 passengers_injured, 0.0 passengers_killed, 0.0 pedestrian_injured, 0.0 pedestrian_killed, Fair (Day), EDSA Connecticut St. Mandaluyong",MMDA Road Safety Unit,,8b78dae6-b944-4358-b73e-a10c80e6a396,2015-05-06,09:00:00,EDSA SM Megamall loading bay Mandaluyong,0,0,0,0,0,0,0,0,0,0,2015-05-06 17:00,Property,14.60151411,121.0591478,Rear-End
None,EDSA,None,None,"No Accident Factor, Multiple Collision, 0.0 drivers_injured, 0.0 drivers_killed, 0.0 passengers_injured, 0.0 passengers_killed, 0.0 pedestrian_injured, 0.0 pedestrian_killed, Fair (Night), EDSA Ortigas MRT Satation, Wack-Wack  Mandaluyong",MMDA Road Safety Unit,,19438785-a600-40d7-8f6c-4e44b0439703,2015-05-03,18:30:00,EDSA United St. Mandaluyong,0,0,0,0,0,0,0,0,0,0,2015-05-04 2:30,Property,14.58789302,121.0566024,Multiple
None,EDSA,None,None,"No Accident Factor, Multiple Collision, 0.0 drivers_injured, 0.0 drivers_killed, 0.0 passengers_injured, 0.0 passengers_killed, 0.0 pedestrian_injured, 0.0 pedestrian_killed, Fair (Day), EDSA Amber Restaurant Mandaluyong",MMDA Road Safety Unit,,e9c17863-fdec-4f88-91a5-52afbf78ef97,2015-05-03,05:45:00,EDSA Shangrila Hotel driveway Mandaluyong,0,0,0,0,0,0,0,0,0,0,2015-05-03 13:45,Property,14.57029352,121.0463228,Multiple
None,EDSA,None,None,"No Accident Factor, Self-Accident, 0.0 drivers_injured, 0.0 drivers_killed, 1.0 passengers_injured, 0.0 passengers_killed, 0.0 pedestrian_injured, 0.0 pedestrian_killed, Fair (Night), EDSA Amber Restaurant Mandaluyong",MMDA Road Safety Unit,,dac9af59-63b5-44f7-8e02-76b29391df8a,2015-05-02,19:00:00,EDSA Barangka Drive Mandaluyong,0,0,0,0,1,0,0,0,0,1,2015-05-03 3:00,Injury,14.57029352,121.0463228,Self-Accident
None,EDSA,None,None,"No Accident Factor, No Collision Stated (based on Police Blotter Book), 0.0 drivers_injured, 0.0 drivers_killed, 0.0 passengers_injured, 0.0 passengers_killed, 0.0 pedestrian_injured, 0.0 pedestrian_killed, Fair (Night), EDSA POEA, Wack Wack Mandaluyong",MMDA Road Safety Unit,,bf6594a8-703c-4387-a52f-6c29c3397bb7,2015-05-02,14:45:00,EDSA SM Megamall Mandaluyong,0,0,0,0,0,0,0,0,0,0,2015-05-02 22:45,Property,14.59324183,121.0582336,No Collision Stated
None,EDSA,None,None,"No Accident Factor, No Collision Stated (based on Police Blotter Book), 0.0 drivers_injured, 0.0 drivers_killed, 0.0 passengers_injured, 0.0 passengers_killed, 0.0 pedestrian_injured, 0.0 pedestrian_killed, Fair (Day), EDSA Connecticut St. Mandaluyong",MMDA Road Safety Unit,,211789e3-78d4-4c7e-ac68-84296b9a5225,2015-05-02,08:00:00,EDSA MRT-Boni Station Mandaluyong,0,0,0,0,0,0,0,0,0,0,2015-05-02 16:00,Property,14.60151411,121.0591478,No Collision Stated
None,EDSA,None,None,"No Accident Factor, No Collision Stated (based on Police Blotter Book), 0.0 drivers_injured, 0.0 drivers_killed, 0.0 passengers_injured, 0.0 passengers_killed, 0.0 pedestrian_injured, 0.0 pedestrian_killed, Fair (Day), EDSA Starmall Mandaluyong",MMDA Road Safety Unit,,4c80dd9e-9a5b-4570-9cd9-25ddf7e5d68e,2015-05-02,03:15:00,EDSA Shaw Blvd. Mandaluyong,0,0,0,0,0,0,0,0,0,0,2015-05-02 11:15,Property,14.58198795,121.0540368,No Collision Stated
None,EDSA,None,None,"No Accident Factor, No Collision Stated (based on Police Blotter Book), 0.0 drivers_injured, 0.0 drivers_killed, 0.0 passengers_injured, 0.0 passengers_killed, 0.0 pedestrian_injured, 0.0 pedestrian_killed, Fair (Day), EDSA Ortigas Ave. Mandaluyong",MMDA Road Safety Unit,,a5d332fa-03eb-4f4e-b3ef-73c2675d4144,2015-05-02,00:30:00,EDSA Madison St. Mandaluyong,0,0,0,0,0,0,0,0,0,0,2015-05-02 8:30,Property,14.59305232,121.0585643,No Collision Stated
None,EDSA,None,None,"No Accident Factor, Rear-end, 0.0 drivers_injured, 0.0 drivers_killed, 0.0 passengers_injured, 0.0 passengers_killed, 0.0 pedestrian_injured, 0.0 pedestrian_killed, Fair (Day), EDSA Ortigas Ave., MRT station Mandaluyong",MMDA Road Safety Unit,,523d3d69-7879-424e-b97f-b626614949a5,2015-05-01,03:25:00,"EDSA Starmall, Shaw Blvd. Mandaluyong",0,0,0,0,0,0,0,0,0,0,2015-05-01 11:25,Property,14.58789722,121.0568107,Rear-End
None,EDSA,None,None,"No Accident Factor, No Collision Stated (based on Police Blotter Book), 0.0 drivers_injured, 0.0 drivers_killed, 0.0 passengers_injured, 0.0 passengers_killed, 0.0 pedestrian_injured, 0.0 pedestrian_killed, Fair (Night), EDSA Caltex Gas station, Ilaya Mandaluyong",MMDA Road Safety Unit,,83219941-e8d3-4aac-b105-6e926203cb43,2015-04-30,13:30:00,EDSA Pioneer St. Mandaluyong,0,0,0,0,0,0,0,0,0,0,2015-04-30 21:30,Property,14.57228634,121.0470942,No Collision Stated
None,EDSA,None,None,"No Accident Factor, Side Swipe, 0.0 drivers_injured, 0.0 drivers_killed, 0.0 passengers_injured, 0.0 passengers_killed, 0.0 pedestrian_injured, 0.0 pedestrian_killed, Fair (Night), EDSA Transcom Bldg. Mandaluyong",MMDA Road Safety Unit,,ec3c9b64-3458-4089-b199-9647a3ead7d0,2015-04-30,11:00:00,EDSA Shaw Blvd. Mandaluyong,0,0,0,0,0,0,0,0,0,0,2015-04-30 19:00,Property,14.58930651,121.0570669,Side Swipe