LOCATION_TEXT,ROAD,WEATHER,LIGHT,DESC,REPORTING_AGENCY,MAIN_CAUSE,INCIDENTDETAILS_ID,DATE_UTC,TIME_UTC,ADDRESS,killed_driver,killed_passenger,killed_pedestrian,injured_driver,injured_passenger,injured_pedestrian,killed_uncategorized,injured_uncategorized,killed_total,injured_total,DATETIME_PST,SEVERITY,Y,X,COLLISION_TYPE
None,EDSA,None,None,"No Accident Factor, Side Swipe, 0.0 drivers_injured, 0.0 drivers_killed, 0.0 passengers_injured, 0.0 passengers_killed, 0.0 pedestrian_injured, 0.0 pedestrian_killed, Fair (Day), EDSA Ortigas Ave. (SB) Mandaluyong",MMDA Road Safety Unit,,3d5230b6-edef-4f2b-844e-300750f56d54,2015-04-29,02:00:00,EDSA Ortigas Ave. Mandaluyong,0,0,0,0,0,0,0,0,0,0,2015-04-29 10:00,Property,14.59327428,121.0582827,Side Swipe
None,EDSA,None,None,"No Accident Factor, Side Swipe, 0.0 drivers_injured, 0.0 drivers_killed, 0.0 passengers_injured, 0.0 passengers_killed, 0.0 pedestrian_injured, 0.0 pedestrian_killed, Fair (Night), EDSA Pioneer St. Mandaluyong",MMDA Road Safety Unit,,6c96d643-7b8e-4b0a-93b0-7923aef74c41,2015-04-28,11:30:00,EDSA Amber Ilaya Mandaluyong,0,0,0,0,0,0,0,0,0,0,2015-04-28 19:30,Property,14.57236671,121.0472702,Side Swipe
None,EDSA,None,None,"No Accident Factor, Rear-end, 0.0 drivers_injured, 0.0 drivers_killed, 0.0 passengers_injured, 0.0 passengers_killed, 0.0 pedestrian_injured, 0.0 pedestrian_killed, Fair (Night), EDSA Ortigas Ave. (EB) Mandaluyong",MMDA Road Safety Unit,,b6f567e6-aa91-4361-858b-117bd8407c7b,2015-04-28,10:45:00,EDSA SM Megamall (Bldg. B) Mandaluyong,0,0,0,0,0,0,0,0,0,0,2015-04-28 18:45,Property,14.59327428,121.0582827,Rear-End
None,EDSA,None,None,"No Accident Factor, Rear-end, 0.0 drivers_injured, 0.0 drivers_killed, 0.0 passengers_injured, 0.0 passengers_killed, 0.0 pedestrian_injured, 0.0 pedestrian_killed, Fair (Day), EDSA EDSA Central Mandaluyong",MMDA Road Safety Unit,,b480ef5a-9738-4a4e-b24b-075a3c91440f,2015-04-28,05:50:00,EDSA Starmall Bldg. Mandaluyong,0,0,0,0,0,0,0,0,0,0,2015-04-28 13:50,Property,14.57994372,121.0528367,Rear-End
None,EDSA,None,None,"No Accident Factor, Rear-end, 0.0 drivers_injured, 0.0 drivers_killed, 0.0 passengers_injured, 0.0 passengers_killed, 0.0 pedestrian_injured, 0.0 pedestrian_killed, Fair (Day), EDSA Robinsons Pioneer Mandaluyong",MMDA Road Safety Unit,,1c805ff6-0078-449e-9bd9-fe0fb71cc060,2015-04-27,01:30:00,EDSA Shaw Blvd. Mandaluyong,0,0,0,0,0,0,0,0,0,0,2015-04-27 9:30,Property,14.57161544,121.0469258,Rear-End
None,EDSA,None,None,"No Accident Factor, No Collision Stated (based on Police Blotter Book), 0.0 drivers_injured, 0.0 drivers_killed, 0.0 passengers_injured, 0.0 passengers_killed, 0.0 pedestrian_injured, 0.0 pedestrian_killed, Fair (Night), EDSA SM Megamall Mandaluyong",MMDA Road Safety Unit,,32948f59-d283-4da5-83de-be21bb07cb08,2015-04-26,15:30:00,"EDSA G.A. Tower, Malamig Mandaluyong",0,0,0,0,0,0,0,0,0,0,2015-04-26 23:30,Property,14.58501645,121.0558372,No Collision Stated
None,EDSA,None,None,"No Accident Factor, Rear-end, 0.0 drivers_injured, 0.0 drivers_killed, 0.0 passengers_injured, 0.0 passengers_killed, 0.0 pedestrian_injured, 0.0 pedestrian_killed, Fair (Night), EDSA J. Vargas Ave. Mandaluyong",MMDA Road Safety Unit,,1ba0bb46-6225-415b-93fc-9b8eeb6d0e8f,2015-04-25,14:30:00,EDSA Avida Mandaluyong,0,0,0,0,0,0,0,0,0,0,2015-04-25 22:30,Property,14.58457561,121.0557464,Rear-End
None,EDSA,None,None,"No Accident Factor, Side Swipe, 0.0 drivers_injured, 0.0 drivers_killed, 0.0 passengers_injured, 0.0 passengers_killed, 0.0 pedestrian_injured, 0.0 pedestrian_killed, Fair (Day), EDSA Highway 54 Bldg., Wack-wack Mandaluyong",MMDA Road Safety Unit,,cd2aed5a-71c0-494a-be55-ec9a62185775,2015-04-24,09:50:00,EDSA Ortigas Ave. Mandaluyong,0,0,0,0,0,0,0,0,0,0,2015-04-24 17:50,Property,14.58500097,121.0556243,Side Swipe
None,EDSA,None,None,"No Accident Factor, No Collision Stated (based on Police Blotter Book), 0.0 drivers_injured, 0.0 drivers_killed, 0.0 passengers_injured, 0.0 passengers_killed, 0.0 pedestrian_injured, 0.0 pedestrian_killed, Fair (Night), EDSA Libertad - N. Domingo St.  Mandaluyong",MMDA Road Safety Unit,,bc2524a8-e4ae-4e29-a02e-f3f79109d129,2015-04-22,15:00:00,EDSA Madison St.  Mandaluyong,0,0,0,0,0,0,0,0,0,0,2015-04-22 23:00,Property,14.57859094,121.0516172,No Collision Stated
None,EDSA,None,None,"No Accident Factor, No Collision Stated (based on Police Blotter Book), 0.0 drivers_injured, 0.0 drivers_killed, 0.0 passengers_injured, 0.0 passengers_killed, 0.0 pedestrian_injured, 0.0 pedestrian_killed, Fair (Night), EDSA Pioneer St. Mandaluyong",MMDA Road Safety Unit,,c02bf772-5ad4-4563-979f-d4ea53c2d51b,2015-04-22,14:30:00,EDSA  Shaw Blvd. (EB) Mandaluyong,0,0,0,0,0,0,0,0,0,0,2015-04-22 22:30,Property,14.57236671,121.0472702,No Collision Stated
None,EDSA,None,None,"No Accident Factor, Rear-end, 0.0 drivers_injured, 0.0 drivers_killed, 0.0 passengers_injured, 0.0 passengers_killed, 0.0 pedestrian_injured, 0.0 pedestrian_killed, Fair (Night), EDSA Go Hotel, Barangka Ilaya Mandaluyong",MMDA Road Safety Unit,,216682ff-4682-48e7-afa9-bf370d31e6c3,2015-04-22,11:30:00,"EDSA Pinatubo, Malamig  Mandaluyong",0,0,0,0,0,0,0,0,0,0,2015-04-22 19:30,Property,14.57001193,121.0464575,Rear-End
None,EDSA,None,None,"No Accident Factor, Side Swipe, 0.0 drivers_injured, 0.0 drivers_killed, 0.0 passengers_injured, 0.0 passengers_killed, 0.0 pedestrian_injured, 0.0 pedestrian_killed, Fair (Day), EDSA Madison St. Mandaluyong",MMDA Road Safety Unit,,7ec7c2d0-22a9-4dcd-9909-d858dee9f0df,2015-04-22,06:30:00,"EDSA  G. A. Tower, Malamig Mandaluyong",0,0,0,0,0,0,0,0,0,0,2015-04-22 14:30,Property,14.57464299,121.0489046,Side Swipe
None,EDSA,None,None,"No Accident Factor, Side Swipe, 0.0 drivers_injured, 0.0 drivers_killed, 0.0 passengers_injured, 0.0 passengers_killed, 0.0 pedestrian_injured, 0.0 pedestrian_killed, Fair (Day), EDSA Highway 54 Bldg., Wack-wack Mandaluyong",MMDA Road Safety Unit,,c679ce7b-7fbe-427c-b58d-1f73678b4ac0,2015-04-22,02:00:00,EDSA Shangrila Mandaluyong,0,0,0,0,0,0,0,0,0,0,2015-04-22 10:00,Property,14.58500097,121.0556243,Side Swipe
None,EDSA,None,None,"No Accident Factor, Hit Parked Vehicle, 1.0 drivers_injured, 0.0 drivers_killed, 0.0 passengers_injured, 0.0 passengers_killed, 0.0 pedestrian_injured, 0.0 pedestrian_killed, Fair (Night), EDSA Boni Ave. Mandaluyong",MMDA Road Safety Unit,,2598af7f-0a13-4094-a97d-3ab1642a25ba,2015-04-21,21:10:00,EDSA  SM Megamall Mandaluyong,0,0,0,1,0,0,0,0,0,1,2015-04-22 5:10,Injury,14.57242918,121.0471629,Hit Object
None,EDSA,None,None,"No Accident Factor, No Collision Stated (based on Police Blotter Book), 0.0 drivers_injured, 0.0 drivers_killed, 0.0 passengers_injured, 0.0 passengers_killed, 0.0 pedestrian_injured, 0.0 pedestrian_killed, Fair (Night), EDSA Highway 54 Bldg., Wack-wack Mandaluyong",MMDA Road Safety Unit,,8de7a5e5-f222-4171-b299-ba53324c3f53,2015-04-21,17:30:00,EDSA SM Megamall Mandaluyong,0,0,0,0,0,0,0,0,0,0,2015-04-22 1:30,Property,14.58500097,121.0556243,No Collision Stated
None,EDSA,None,None,"No Accident Factor, Side Swipe, 0.0 drivers_injured, 0.0 drivers_killed, 0.0 passengers_injured, 0.0 passengers_killed, 0.0 pedestrian_injured, 0.0 pedestrian_killed, Fair (Night), EDSA Ortigas Ave. Mandaluyong",MMDA Road Safety Unit,,91cb89a6-476a-4973-b7e6-b1a384588195,2015-04-21,13:00:00,EDSA  Pinatubo Mandaluyong,0,0,0,0,0,0,0,0,0,0,2015-04-21 21:00,Property,14.59305232,121.0585643,Side Swipe
None,EDSA,None,None,"No Accident Factor, Rear-end, 0.0 drivers_injured, 0.0 drivers_killed, 0.0 passengers_injured, 0.0 passengers_killed, 0.0 pedestrian_injured, 0.0 pedestrian_killed, Fair (Day), EDSA Boni Ave. Mandaluyong",MMDA Road Safety Unit,,5c7c7cc5-aac0-453a-bf2a-845235907a5f,2015-04-21,09:30:00,EDSA Pioneer St. (Robinson Forum) Mandaluyong,0,0,0,0,0,0,0,0,0,0,2015-04-21 17:30,Property,14.57242918,121.0471629,Rear-End
None,EDSA,None,None,"No Accident Factor, Angle Impact, 0.0 drivers_injured, 0.0 drivers_killed, 0.0 passengers_injured, 0.0 passengers_killed, 0.0 pedestrian_injured, 0.0 pedestrian_killed, Fair (Day), EDSA Starmall, Wack-Wack  Mandaluyong",MMDA Road Safety Unit,,9f26a5d5-ccc2-49d3-bd5a-5ce00453f4ea,2015-04-21,06:40:00,EDSA Guadix St.  Mandaluyong,0,0,0,0,0,0,0,0,0,0,2015-04-21 14:40,Property,14.58198795,121.0540368,Angle Impact
None,EDSA,None,None,"No Accident Factor, Rear-end, 0.0 drivers_injured, 0.0 drivers_killed, 0.0 passengers_injured, 0.0 passengers_killed, 0.0 pedestrian_injured, 0.0 pedestrian_killed, Fair (Day), EDSA Boni MRT Station, Ilaya Mandaluyong",MMDA Road Safety Unit,,6b5b0e2e-c821-4d4e-ada9-80b6086dbbdb,2015-04-21,05:30:00,EDSA J. Vargas Ave.   Mandaluyong,0,0,0,0,0,0,0,0,0,0,2015-04-21 13:30,Property,14.57372098,121.0479555,Rear-End
None,EDSA,None,None,"No Accident Factor, Rear-end, 0.0 drivers_injured, 0.0 drivers_killed, 0.0 passengers_injured, 0.0 passengers_killed, 0.0 pedestrian_injured, 0.0 pedestrian_killed, Fair (Day), EDSA Shaw Blvd. (Melvin Store, Highway Hills) Mandaluyong",MMDA Road Safety Unit,,e0e47fb4-5448-4d1f-b083-7781308ffd6d,2015-04-21,04:45:00,"EDSA Shell Gas Station, Highway Hills Mandaluyong",0,0,0,0,0,0,0,0,0,0,2015-04-21 12:45,Property,14.58119822,121.0534578,Rear-End
None,EDSA,None,None,"No Accident Factor, Side Swipe, 0.0 drivers_injured, 0.0 drivers_killed, 0.0 passengers_injured, 0.0 passengers_killed, 0.0 pedestrian_injured, 0.0 pedestrian_killed, Fair (Day), EDSA Petron Gas Station, Wack-Wack Mandaluyong",MMDA Road Safety Unit,,c8c0a04b-6456-4559-83bb-8652dacac5ff,2015-04-21,01:00:00,"EDSA Pinatubo St., Malamig Mandaluyong",0,0,0,0,0,0,0,0,0,0,2015-04-21 9:00,Property,14.6013754,121.059222,Side Swipe
None,EDSA,None,None,"No Accident Factor, No Collision Stated (based on Police Blotter Book), 0.0 drivers_injured, 0.0 drivers_killed, 0.0 passengers_injured, 0.0 passengers_killed, 0.0 pedestrian_injured, 0.0 pedestrian_killed, Fair (Night), EDSA Pioneer St. Mandaluyong",MMDA Road Safety Unit,,9b91a692-95fb-4b27-8d73-bb9daba2f308,2015-04-20,13:40:00,EDSA Shaw Blvd. Mandaluyong,0,0,0,0,0,0,0,0,0,0,2015-04-20 21:40,Property,14.57236671,121.0472702,No Collision Stated
None,EDSA,None,None,"No Accident Factor, Angle Impact, 0.0 drivers_injured, 0.0 drivers_killed, 0.0 passengers_injured, 0.0 passengers_killed, 0.0 pedestrian_injured, 0.0 pedestrian_killed, Fair (Day), EDSA Starmall Driveway, Wack-Wack  Mandaluyong",MMDA Road Safety Unit,,ba7ba1c1-f98b-45b5-b225-a176984a8e9f,2015-04-20,02:15:00,EDSA Ortigas MRT Station Mandaluyong,0,0,0,0,0,0,0,0,0,0,2015-04-20 10:15,Property,14.58198795,121.0540368,Angle Impact
None,EDSA,None,None,"No Accident Factor, No Collision Stated (based on Police Blotter Book), 0.0 drivers_injured, 0.0 drivers_killed, 0.0 passengers_injured, 0.0 passengers_killed, 0.0 pedestrian_injured, 0.0 pedestrian_killed, Fair (Day), EDSA Boni MRT Station, Malamig Mandaluyong",MMDA Road Safety Unit,,81c9669d-7b38-4e8b-b3ca-d7a3e76fa649,2015-04-20,01:00:00,EDSA Ortigas Ave. (SB)  Mandaluyong,0,0,0,0,0,0,0,0,0,0,2015-04-20 9:00,Property,14.57372098,121.0479555,No Collision Stated
None,EDSA,None,None,"No Accident Factor, Rear-end, 0.0 drivers_injured, 0.0 drivers_killed, 0.0 passengers_injured, 0.0 passengers_killed, 0.0 pedestrian_injured, 0.0 pedestrian_killed, Fair (Day), EDSA Starmall, Wack-Wack  Mandaluyong",MMDA Road Safety Unit,,17a752c6-21a9-4497-b9dd-4f638e3680ff,2015-04-20,00:30:00,EDSA  Mandaluyong-Makati Bridge  Mandaluyong,0,0,0,0,0,0,0,0,0,0,2015-04-20 8:30,Property,14.58198795,121.0540368,Rear-End
None,EDSA,None,None,"No Accident Factor, Hit Object (Footbridge), 0.0 drivers_injured, 0.0 drivers_killed, 0.0 passengers_injured, 0.0 passengers_killed, 0.0 pedestrian_injured, 0.0 pedestrian_killed, Fair (Day), EDSA Libertad St.  Mandaluyong",MMDA Road Safety Unit,,9554f34a-434a-46b9-a581-84cbcfb6362f,2015-04-19,23:45:00,EDSA Boni Ave.  Mandaluyong,0,0,0,0,0,0,0,0,0,0,2015-04-20 7:45,Property,14.57859094,121.0516172,Hit Object
None,EDSA,None,None,"No Accident Factor, Multiple Collision, 0.0 drivers_injured, 0.0 drivers_killed, 5.0 passengers_injured, 0.0 passengers_killed, 0.0 pedestrian_injured, 0.0 pedestrian_killed, Fair (Night), EDSA SM Megamall Mandaluyong",MMDA Road Safety Unit,,e11e56e8-984e-4d93-95d7-353d6026b7ca,2015-04-19,18:30:00,EDSA Shaw Blvd. (SB)  Mandaluyong,0,0,0,0,5,0,0,0,0,5,2015-04-20 2:30,Injury,14.58501645,121.0558372,Multiple
None,EDSA,None,None,"No Accident Factor, Rear-end, 0.0 drivers_injured, 0.0 drivers_killed, 0.0 passengers_injured, 0.0 passengers_killed, 0.0 pedestrian_injured, 0.0 pedestrian_killed, Fair (Day), EDSA Boni MRT Station, Malamig Mandaluyong",MMDA Road Safety Unit,,aaf6ccec-bb56-46a0-a1c2-d354dc3763cd,2015-04-19,07:30:00,EDSA Shaw Blvd.  Mandaluyong,0,0,0,0,0,0,0,0,0,0,2015-04-19 15:30,Property,14.57372098,121.0479555,Rear-End
None,EDSA,None,None,"No Accident Factor, No Collision Stated (based on Police Blotter Book), 0.0 drivers_injured, 0.0 drivers_killed, 0.0 passengers_injured, 0.0 passengers_killed, 0.0 pedestrian_injured, 0.0 pedestrian_killed, Fair (Day), EDSA Libertad St.  Mandaluyong",MMDA Road Safety Unit,,3152b79d-7061-4206-872d-63dcacf0ca3b,2015-04-18,07:30:00,EDSA Shangrila Exit Mandaluyong,0,0,0,0,0,0,0,0,0,0,2015-04-18 15:30,Property,14.57859094,121.0516172,No Collision Stated
None,EDSA,None,None,"No Accident Factor, Rear-end, 0.0 drivers_injured, 0.0 drivers_killed, 0.0 passengers_injured, 0.0 passengers_killed, 0.0 pedestrian_injured, 0.0 pedestrian_killed, Fair (Day), EDSA Shaw Blvd. (PARKLEA, Highway Hills) Mandaluyong",MMDA Road Safety Unit,,cc756cba-f640-4e7c-afd3-3779132b6a5e,2015-04-18,07:00:00,EDSA Annapolis St.  Mandaluyong,0,0,0,0,0,0,0,0,0,0,2015-04-18 15:00,Property,14.58119822,121.0534578,Rear-End
None,EDSA,None,None,"No Accident Factor, Side Swipe, 0.0 drivers_injured, 0.0 drivers_killed, 0.0 passengers_injured, 0.0 passengers_killed, 0.0 pedestrian_injured, 0.0 pedestrian_killed, Fair (Night), EDSA Pioneer St. Mandaluyong",MMDA Road Safety Unit,,d3fe7444-2523-489f-a3bc-a0bd44921aab,2015-04-17,16:20:00,EDSA Shaw Blvd.  Mandaluyong,0,0,0,0,0,0,0,0,0,0,2015-04-18 0:20,Property,14.57236671,121.0472702,Side Swipe
None,EDSA,None,None,"No Accident Factor, No Collision Stated (based on Police Blotter Book), 0.0 drivers_injured, 0.0 drivers_killed, 0.0 passengers_injured, 0.0 passengers_killed, 0.0 pedestrian_injured, 0.0 pedestrian_killed, Fair (Night), EDSA Highway 54 Bldg., Wack-wack Mandaluyong",MMDA Road Safety Unit,,16c968e4-dbdc-4d6e-aff0-405a21ae7967,2015-04-17,12:00:00,EDSA Robinson Pioneer Mall Mandaluyong,0,0,0,0,0,0,0,0,0,0,2015-04-17 20:00,Property,14.58500097,121.0556243,No Collision Stated
None,EDSA,None,None,"No Accident Factor, Rear-end, 0.0 drivers_injured, 0.0 drivers_killed, 0.0 passengers_injured, 0.0 passengers_killed, 0.0 pedestrian_injured, 0.0 pedestrian_killed, Fair (Day), EDSA Starmall, Wack-Wack  Mandaluyong",MMDA Road Safety Unit,,8fc5d1f1-1d7c-4e57-b617-1304be5c9462,2015-04-17,08:30:00,EDSA Robinson Pioneer Loading Bay Mandaluyong,0,0,0,0,0,0,0,0,0,0,2015-04-17 16:30,Property,14.58198795,121.0540368,Rear-End
None,EDSA,None,None,"No Accident Factor, Multiple Collision, 0.0 drivers_injured, 0.0 drivers_killed, 0.0 passengers_injured, 0.0 passengers_killed, 0.0 pedestrian_injured, 0.0 pedestrian_killed, Fair (Day), EDSA Boni Ave. Mandaluyong",MMDA Road Safety Unit,,f0796b28-f5a2-4371-b8c6-c9db73c443fd,2015-04-17,06:00:00,EDSA Robinsons Pioneer Mall Mandaluyong,0,0,0,0,0,0,0,0,0,0,2015-04-17 14:00,Property,14.57242918,121.0471629,Multiple
None,EDSA,None,None,"No Accident Factor, Rear-end, 0.0 drivers_injured, 0.0 drivers_killed, 0.0 passengers_injured, 0.0 passengers_killed, 0.0 pedestrian_injured, 0.0 pedestrian_killed, Fair (Day), EDSA Amber Restaurant Mandaluyong",MMDA Road Safety Unit,,d83b93a6-84cd-4cc7-849e-934ef2ed527d,2015-04-17,05:35:00,EDSA Ortigas Ave.  Mandaluyong,0,0,0,0,0,0,0,0,0,0,2015-04-17 13:35,Property,14.57029352,121.0463228,Rear-End
None,EDSA,None,None,"No Accident Factor, Rear-end, 0.0 drivers_injured, 0.0 drivers_killed, 0.0 passengers_injured, 0.0 passengers_killed, 0.0 pedestrian_injured, 0.0 pedestrian_killed, Fair (Day), EDSA Ortigas Ave. Mandaluyong",MMDA Road Safety Unit,,e32d7dd9-d08c-4beb-abc7-84450687ae62,2015-04-17,05:20:00,EDSA Florida St. Mandaluyong,0,0,0,0,0,0,0,0,0,0,2015-04-17 13:20,Property,14.59305232,121.0585643,Rear-End
None,EDSA,None,None,"No Accident Factor, Rear-end, 0.0 drivers_injured, 0.0 drivers_killed, 0.0 passengers_injured, 0.0 passengers_killed, 0.0 pedestrian_injured, 0.0 pedestrian_killed, Fair (Day), EDSA VRPMC, Malamig Mandaluyong",MMDA Road Safety Unit,,6f80a303-02b1-476b-a963-660db68ad5bb,2015-04-16,23:15:00,"EDSA Petron Gas station, Highway Hills Mandaluyong",0,0,0,0,0,0,0,0,0,0,2015-04-17 7:15,Property,14.57681109,121.0502639,Rear-End
None,EDSA,None,None,"No Accident Factor, Rear-end, 0.0 drivers_injured, 0.0 drivers_killed, 0.0 passengers_injured, 0.0 passengers_killed, 0.0 pedestrian_injured, 0.0 pedestrian_killed, Fair (Night), EDSA Shaw Blvd. Mandaluyong",MMDA Road Safety Unit,,8add25b8-65de-431a-974e-e2950b9c36a1,2015-04-16,17:20:00,EDSA Shaw Blvd.  Mandaluyong,0,0,0,0,0,0,0,0,0,0,2015-04-17 1:20,Property,14.58119822,121.0534578,Rear-End
None,EDSA,None,None,"No Accident Factor, Angle Impact, 0.0 drivers_injured, 0.0 drivers_killed, 0.0 passengers_injured, 0.0 passengers_killed, 0.0 pedestrian_injured, 0.0 pedestrian_killed, Fair (Night), EDSA Starmall, Wack-Wack  Mandaluyong",MMDA Road Safety Unit,,321cb2f0-3b11-4ee2-ac87-aa7def253737,2015-04-16,13:20:00,EDSA SM Megamall Exit (NB)  Mandaluyong,0,0,0,0,0,0,0,0,0,0,2015-04-16 21:20,Property,14.58198795,121.0540368,Angle Impact
None,EDSA,None,None,"No Accident Factor, Rear-end, 0.0 drivers_injured, 0.0 drivers_killed, 0.0 passengers_injured, 0.0 passengers_killed, 0.0 pedestrian_injured, 0.0 pedestrian_killed, Fair (Day), EDSA VRPMC, Malamig Mandaluyong",MMDA Road Safety Unit,,b65dcd4d-6909-4175-8185-2aef2b029e7e,2015-04-16,07:30:00,EDSA SM Megamall Mandaluyong,0,0,0,0,0,0,0,0,0,0,2015-04-16 15:30,Property,14.57681109,121.0502639,Rear-End
None,EDSA,None,None,"No Accident Factor, Hit and Run (Side Swipe), 0.0 drivers_injured, 0.0 drivers_killed, 0.0 passengers_injured, 0.0 passengers_killed, 0.0 pedestrian_injured, 0.0 pedestrian_killed, Fair (Day), EDSA Barangka Drive Mandaluyong",MMDA Road Safety Unit,,f914db8f-05be-452e-90ba-2603913dac6e,2015-04-16,02:40:00,EDSA Shaw Blvd. Mandaluyong,0,0,0,0,0,0,0,0,0,0,2015-04-16 10:40,Property,14.57852617,121.0515355,Side Swipe
None,EDSA,None,None,"No Accident Factor, Side Swipe, 0.0 drivers_injured, 0.0 drivers_killed, 0.0 passengers_injured, 0.0 passengers_killed, 0.0 pedestrian_injured, 0.0 pedestrian_killed, Fair (Night), EDSA VRPMC, Malamig Mandaluyong",MMDA Road Safety Unit,,3f38018d-6f6b-40d4-ba79-dbd3ae6a9305,2015-04-15,11:30:00,"EDSA Shaw Blvd., Shangrila Mandaluyong",0,0,0,0,0,0,0,0,0,0,2015-04-15 19:30,Property,14.57681109,121.0502639,Side Swipe
None,EDSA,None,None,"No Accident Factor, Rear-end, 0.0 drivers_injured, 0.0 drivers_killed, 0.0 passengers_injured, 0.0 passengers_killed, 0.0 pedestrian_injured, 0.0 pedestrian_killed, Fair (Day), EDSA Robinsons Pioneer Mall, Barangka Ilaya Mandaluyong",MMDA Road Safety Unit,,96b90ba1-ece9-460f-a094-e3c61a33e7b5,2015-04-15,04:10:00,EDSA Ortigas Ave. Mandaluyong,0,0,0,0,0,0,0,0,0,0,2015-04-15 12:10,Property,14.57161544,121.0469258,Rear-End
None,EDSA,None,None,"No Accident Factor, Multiple Collision, 0.0 drivers_injured, 0.0 drivers_killed, 1.0 passengers_injured, 0.0 passengers_killed, 0.0 pedestrian_injured, 0.0 pedestrian_killed, Fair (Day), EDSA MRT-Boni Station Mandaluyong",MMDA Road Safety Unit,,d13194f0-1877-4547-b675-95ad373d13cb,2015-04-14,07:00:00,EDSA Ortigas Ave. (POEA) Mandaluyong,0,0,0,0,1,0,0,0,0,1,2015-04-14 15:00,Injury,14.57374686,121.0480486,Multiple
None,EDSA,None,None,"No Accident Factor, Angle Impact, 0.0 drivers_injured, 0.0 drivers_killed, 0.0 passengers_injured, 0.0 passengers_killed, 0.0 pedestrian_injured, 0.0 pedestrian_killed, Fair (Day), EDSA PGA Car Bldg., Wack-Wack  Mandaluyong",MMDA Road Safety Unit,,5acdb2ed-4a3e-4555-9967-8d962d99d78a,2015-04-14,06:30:00,EDSA Boni Ave. (NB)  Mandaluyong,0,0,0,0,0,0,0,0,0,0,2015-04-14 14:30,Property,14.59623028,121.0592439,Angle Impact
None,EDSA,None,None,"No Accident Factor, Rear-end, 0.0 drivers_injured, 0.0 drivers_killed, 0.0 passengers_injured, 0.0 passengers_killed, 0.0 pedestrian_injured, 0.0 pedestrian_killed, Fair (Day), EDSA MRT-Boni Station Mandaluyong",MMDA Road Safety Unit,,18bd7e81-e02f-4c12-a50f-81dabe174e3a,2015-04-14,05:30:00,EDSA Guadix St. Mandaluyong,0,0,0,0,0,0,0,0,0,0,2015-04-14 13:30,Property,14.57374686,121.0480486,Rear-End
None,EDSA,None,None,"No Accident Factor, Side Swipe, 0.0 drivers_injured, 0.0 drivers_killed, 1.0 passengers_injured, 0.0 passengers_killed, 0.0 pedestrian_injured, 0.0 pedestrian_killed, Fair (Day), EDSA Ortigas Ave. Mandaluyong",MMDA Road Safety Unit,,ddaaced0-4ab5-4035-9315-31e1b3cd0f6f,2015-04-13,23:45:00,EDSA United St. Mandaluyong,0,0,0,0,1,0,0,0,0,1,2015-04-14 7:45,Injury,14.59305232,121.0585643,Side Swipe
None,EDSA,None,None,"No Accident Factor, Rear-end, 0.0 drivers_injured, 0.0 drivers_killed, 1.0 passengers_injured, 0.0 passengers_killed, 0.0 pedestrian_injured, 0.0 pedestrian_killed, Fair (Night), EDSA POEA, Wack-Wack  Mandaluyong",MMDA Road Safety Unit,,d553b0e0-7b51-4c94-aa56-b4b9424b6d2b,2015-04-13,21:55:00,EDSA Shaw Blvd. (SB) Mandaluyong,0,0,0,0,1,0,0,0,0,1,2015-04-14 5:55,Injury,14.59324183,121.0582336,Rear-End
None,EDSA,None,None,"No Accident Factor, Rear-end, 0.0 drivers_injured, 0.0 drivers_killed, 0.0 passengers_injured, 0.0 passengers_killed, 0.0 pedestrian_injured, 0.0 pedestrian_killed, Fair (Day), EDSA Boni MRT Station, Malamig Mandaluyong",MMDA Road Safety Unit,,b09880e6-c872-4195-bf90-9688b8e92cb9,2015-04-12,06:30:00,EDSA Shaw Blvd. Mandaluyong,0,0,0,0,0,0,0,0,0,0,2015-04-12 14:30,Property,14.57372098,121.0479555,Rear-End
None,EDSA,None,None,"No Accident Factor, Side Swipe, 0.0 drivers_injured, 0.0 drivers_killed, 0.0 passengers_injured, 0.0 passengers_killed, 0.0 pedestrian_injured, 0.0 pedestrian_killed, Fair (Day), EDSA Pavillion Mall Mandaluyong",MMDA Road Safety Unit,,7a85f1de-b567-4dbb-924d-f30abd14e740,2015-04-12,05:30:00,EDSA Ortigas Ave. (SB)  Mandaluyong,0,0,0,0,0,0,0,0,0,0,2015-04-12 13:30,Property,14.5794983,121.052618,Side Swipe
None,EDSA,None,None,"No Accident Factor, Multiple Collision, 0.0 drivers_injured, 0.0 drivers_killed, 0.0 passengers_injured, 0.0 passengers_killed, 0.0 pedestrian_injured, 0.0 pedestrian_killed, Fair (Day), EDSA Boni MRT Station, Barangka Ilaya Mandaluyong",MMDA Road Safety Unit,,3fb4350c-7f61-451c-96d4-2fbf87a41f7b,2015-04-12,03:20:00,EDSA  SM Megamall (NB)  Mandaluyong,0,0,0,0,0,0,0,0,0,0,2015-04-12 11:20,Property,14.57372098,121.0479555,Multiple
None,EDSA,None,None,"No Accident Factor, Hit and Run (Side Swipe), 0.0 drivers_injured, 0.0 drivers_killed, 0.0 passengers_injured, 0.0 passengers_killed, 0.0 pedestrian_injured, 0.0 pedestrian_killed, Fair (Night), EDSA Pioneer St. Mandaluyong",MMDA Road Safety Unit,,b679ffbf-ee0a-4ac7-9767-acc8f463696b,2015-04-10,11:30:00,EDSA SM Megamall Driveway Mandaluyong,0,0,0,0,0,0,0,0,0,0,2015-04-10 19:30,Property,14.57236671,121.0472702,Side Swipe
None,EDSA,None,None,"No Accident Factor, Side Swipe, 0.0 drivers_injured, 0.0 drivers_killed, 0.0 passengers_injured, 0.0 passengers_killed, 0.0 pedestrian_injured, 0.0 pedestrian_killed, Fair (Day), EDSA Boni MRT Station, Malamig Mandaluyong",MMDA Road Safety Unit,,d6a771bc-cab1-4ba8-bda4-3478195643de,2015-04-10,09:10:00,EDSA Shaw Blvd. Mandaluyong,0,0,0,0,0,0,0,0,0,0,2015-04-10 17:10,Property,14.57372098,121.0479555,Side Swipe