LOCATION_TEXT,ROAD,WEATHER,LIGHT,DESC,REPORTING_AGENCY,MAIN_CAUSE,INCIDENTDETAILS_ID,DATE_UTC,TIME_UTC,ADDRESS,killed_driver,killed_passenger,killed_pedestrian,injured_driver,injured_passenger,injured_pedestrian,killed_uncategorized,injured_uncategorized,killed_total,injured_total,DATETIME_PST,SEVERITY,Y,X,COLLISION_TYPE
None,EDSA,None,None,"No Accident Factor, Rear-end, 0.0 drivers_injured, 0.0 drivers_killed, 0.0 passengers_injured, 0.0 passengers_killed, 0.0 pedestrian_injured, 0.0 pedestrian_killed, Fair (Day), EDSA Boni-MRT Station, Highway Hills Mandaluyong",MMDA Road Safety Unit,,d321e189-aa79-421f-bcd3-ad9b9659836c,2015-04-08,06:00:00,EDSA Boni Ave. Mandaluyong,0,0,0,0,0,0,0,0,0,0,2015-04-08 14:00,Property,14.57386186,121.0482194,Rear-End
None,EDSA,None,None,"No Accident Factor, Head-on, 0.0 drivers_injured, 0.0 drivers_killed, 0.0 passengers_injured, 0.0 passengers_killed, 0.0 pedestrian_injured, 0.0 pedestrian_killed, Fair (Day), EDSA Robinsons Mall, Barangka Ilaya Mandaluyong",MMDA Road Safety Unit,,fe5d40ce-b83a-4d54-b983-3835c59a5b34,2015-04-08,05:00:00,EDSA Shaw Blvd.  Mandaluyong,0,0,0,0,0,0,0,0,0,0,2015-04-08 13:00,Property,14.57161544,121.0469258,Head-On
None,EDSA,None,None,"No Accident Factor, Side Swipe, 0.0 drivers_injured, 0.0 drivers_killed, 0.0 passengers_injured, 0.0 passengers_killed, 0.0 pedestrian_injured, 0.0 pedestrian_killed, Fair (Day), EDSA Shaw Blvd. Mandaluyong",MMDA Road Safety Unit,,997a4517-36c6-4899-adbb-2521bad385fa,2015-04-08,04:30:00,EDSA J. Vargas Ave. Mandaluyong,0,0,0,0,0,0,0,0,0,0,2015-04-08 12:30,Property,14.58119822,121.0534578,Side Swipe
None,EDSA,None,None,"No Accident Factor, Rear-end, 0.0 drivers_injured, 0.0 drivers_killed, 0.0 passengers_injured, 0.0 passengers_killed, 0.0 pedestrian_injured, 0.0 pedestrian_killed, Fair (Night), EDSA PGA Car Bldg., Wack- Wack Mandaluyong",MMDA Road Safety Unit,,56710dc0-090f-4b55-ae49-cae5ebfdcee7,2015-04-07,21:45:00,EDSA Ortigas Ave.  Mandaluyong,0,0,0,0,0,0,0,0,0,0,2015-04-08 5:45,Property,14.59623028,121.0592439,Rear-End
None,EDSA,None,None,"No Accident Factor, Side Swipe, 0.0 drivers_injured, 0.0 drivers_killed, 0.0 passengers_injured, 0.0 passengers_killed, 0.0 pedestrian_injured, 0.0 pedestrian_killed, Fair (Day), EDSA Caltex Gas Station Mandaluyong",MMDA Road Safety Unit,,eb3ebd5b-bec3-4b6b-812f-1bde25cc289a,2015-04-07,08:00:00,EDSA Ortigas Ave.  Mandaluyong,0,0,0,0,0,0,0,0,0,0,2015-04-07 16:00,Property,14.57228343,121.0470451,Side Swipe
None,EDSA,None,None,"No Accident Factor, Rear-end, 0.0 drivers_injured, 0.0 drivers_killed, 0.0 passengers_injured, 0.0 passengers_killed, 0.0 pedestrian_injured, 0.0 pedestrian_killed, Fair (Day), EDSA Highway 54 Bldg., Wack-wack Mandaluyong",MMDA Road Safety Unit,,f255a2bc-46d3-47b2-95cd-86418b288ad5,2015-04-07,08:00:00,EDSA Robinsons Mall Pioneer Mandaluyong,0,0,0,0,0,0,0,0,0,0,2015-04-07 16:00,Property,14.58500097,121.0556243,Rear-End
None,EDSA,None,None,"No Accident Factor, No Collision Stated (based on Police Blotter Book), 0.0 drivers_injured, 0.0 drivers_killed, 0.0 passengers_injured, 0.0 passengers_killed, 0.0 pedestrian_injured, 0.0 pedestrian_killed, Fair (Day), EDSA Boni MRT Station, Malamig Mandaluyong",MMDA Road Safety Unit,,fed1b2ca-e676-4c38-a3cc-8fd8efb7258a,2015-04-07,05:30:00,EDSA Pioneer St.  Mandaluyong,0,0,0,0,0,0,0,0,0,0,2015-04-07 13:30,Property,14.57372098,121.0479555,No Collision Stated
None,EDSA,None,None,"No Accident Factor, Side Swipe, 0.0 drivers_injured, 0.0 drivers_killed, 0.0 passengers_injured, 0.0 passengers_killed, 0.0 pedestrian_injured, 0.0 pedestrian_killed, Fair (Day), EDSA Robinsons Mall, Barangka Ilaya Mandaluyong",MMDA Road Safety Unit,,332644ff-adce-4286-8fbe-1a7f5c475161,2015-04-07,03:45:00,EDSA Shaw Blvd. (SB)  Mandaluyong,0,0,0,0,0,0,0,0,0,0,2015-04-07 11:45,Property,14.57161544,121.0469258,Side Swipe
None,EDSA,None,None,"No Accident Factor, Side Swipe, 0.0 drivers_injured, 0.0 drivers_killed, 0.0 passengers_injured, 0.0 passengers_killed, 0.0 pedestrian_injured, 0.0 pedestrian_killed, Fair (Day), EDSA Barangka Drive Mandaluyong",MMDA Road Safety Unit,,99557925-a9d5-4365-afcc-8d734bb2b3de,2015-04-07,01:30:00,EDSA Sultan St.  Mandaluyong,0,0,0,0,0,0,0,0,0,0,2015-04-07 9:30,Property,14.57852617,121.0515355,Side Swipe
None,EDSA,None,None,"No Accident Factor, Hit and Run (No Collision Stated), 0.0 drivers_injured, 0.0 drivers_killed, 0.0 passengers_injured, 0.0 passengers_killed, 0.0 pedestrian_injured, 0.0 pedestrian_killed, Fair (Day), EDSA Shaw Blvd. Mandaluyong",MMDA Road Safety Unit,,1bb32a17-0c88-46f3-baa0-947df324ace6,2015-04-07,01:00:00,EDSA Robinsons Forum Mandaluyong,0,0,0,0,0,0,0,0,0,0,2015-04-07 9:00,Property,14.58119822,121.0534578,No Collision Stated
None,EDSA,None,None,"No Accident Factor, Side Swipe, 0.0 drivers_injured, 0.0 drivers_killed, 0.0 passengers_injured, 0.0 passengers_killed, 0.0 pedestrian_injured, 0.0 pedestrian_killed, Fair (Night), EDSA Bank Ave.  Mandaluyong",MMDA Road Safety Unit,,55a5a499-6e65-40cd-97b4-23013d3c9da4,2015-04-06,12:00:00,EDSA Shangrila Plaza Mandaluyong,0,0,0,0,0,0,0,0,0,0,2015-04-06 20:00,Property,14.58694325,121.0565402,Side Swipe
None,EDSA,None,None,"No Accident Factor, Rear-end, 0.0 drivers_injured, 0.0 drivers_killed, 0.0 passengers_injured, 0.0 passengers_killed, 0.0 pedestrian_injured, 0.0 pedestrian_killed, Fair (Day), EDSA Petron Gas Station, Highway Hills Mandaluyong",MMDA Road Safety Unit,,b34b2f8b-9ba7-4fde-90a6-6bbe83d11f3e,2015-04-06,08:00:00,EDSA Shaw Blvd. (SB)  Mandaluyong,0,0,0,0,0,0,0,0,0,0,2015-04-06 16:00,Property,14.57718563,121.0505519,Rear-End
None,EDSA,None,None,"No Accident Factor, Rear-end, 0.0 drivers_injured, 0.0 drivers_killed, 0.0 passengers_injured, 0.0 passengers_killed, 0.0 pedestrian_injured, 0.0 pedestrian_killed, Fair (Day), EDSA Guadalupe Bridge Mandaluyong",MMDA Road Safety Unit,,85f9810e-eaeb-4dc6-9772-c1bbc93e3b3a,2015-04-05,23:55:00,"EDSA Shell Gas Station, Highway Hills Mandaluyong",0,0,0,0,0,0,0,0,0,0,2015-04-06 7:55,Property,14.5685496,121.0460027,Rear-End
None,EDSA,None,None,"No Accident Factor, Side Swipe, 0.0 drivers_injured, 0.0 drivers_killed, 0.0 passengers_injured, 0.0 passengers_killed, 0.0 pedestrian_injured, 0.0 pedestrian_killed, Fair (Day), EDSA SM Mega Mall, Wack-Wack  Mandaluyong",MMDA Road Safety Unit,,4ba590bb-00f7-43ed-877f-0356e3fa6982,2015-04-05,00:30:00,EDSA  Shaw Blvd.  Mandaluyong,0,0,0,0,0,0,0,0,0,0,2015-04-05 8:30,Property,14.58501645,121.0558372,Side Swipe
None,EDSA,None,None,"No Accident Factor, No Collision Stated (based on Police Blotter Book), 0.0 drivers_injured, 0.0 drivers_killed, 0.0 passengers_injured, 0.0 passengers_killed, 0.0 pedestrian_injured, 0.0 pedestrian_killed, Fair (Night), EDSA Ortigas Ave. Mandaluyong",MMDA Road Safety Unit,,9e56dd67-0924-4329-857c-f7ebf0ea9ade,2015-04-04,17:55:00,EDSA Shaw Blvd.  Mandaluyong,0,0,0,0,0,0,0,0,0,0,2015-04-05 1:55,Property,14.59305232,121.0585643,No Collision Stated
None,EDSA,None,None,"No Accident Factor, No Collision Stated (based on Police Blotter Book), 0.0 drivers_injured, 0.0 drivers_killed, 0.0 passengers_injured, 0.0 passengers_killed, 0.0 pedestrian_injured, 0.0 pedestrian_killed, Fair (Night), EDSA Shaw Blvd. Mandaluyong",MMDA Road Safety Unit,,4c4c4183-d869-4110-aa5e-d5ffaf8a7726,2015-04-04,16:30:00,EDSA Shaw Blvd.  Mandaluyong,0,0,0,0,0,0,0,0,0,0,2015-04-05 0:30,Property,14.58119822,121.0534578,No Collision Stated
None,EDSA,None,None,"No Accident Factor, Angle Impact, 0.0 drivers_injured, 0.0 drivers_killed, 0.0 passengers_injured, 0.0 passengers_killed, 0.0 pedestrian_injured, 0.0 pedestrian_killed, Fair (Night), EDSA Shaw Blvd. Mandaluyong",MMDA Road Safety Unit,,4646539e-e411-470d-a86d-f3ae3f42cd75,2015-04-03,15:00:00,EDSA Reliance St Mandaluyong,0,0,0,0,0,0,0,0,0,0,2015-04-03 23:00,Property,14.58119822,121.0534578,Angle Impact
None,EDSA,None,None,"No Accident Factor, Side Swipe, 0.0 drivers_injured, 0.0 drivers_killed, 0.0 passengers_injured, 0.0 passengers_killed, 0.0 pedestrian_injured, 0.0 pedestrian_killed, Fair (Day), EDSA Emergency Bay, Lions Road Mandaluyong",MMDA Road Safety Unit,,7bda8202-25e6-401b-aebe-f0c7de1d9046,2015-04-03,07:30:00,EDSA Ortigas Ave.  Mandaluyong,0,0,0,0,0,0,0,0,0,0,2015-04-03 15:30,Property,14.56994219,121.0462153,Side Swipe
None,EDSA,None,None,"No Accident Factor, Side Swipe, 0.0 drivers_injured, 0.0 drivers_killed, 0.0 passengers_injured, 0.0 passengers_killed, 0.0 pedestrian_injured, 0.0 pedestrian_killed, Fair (Day), EDSA SM Mega Mall, Wack-Wack  Mandaluyong",MMDA Road Safety Unit,,27018cde-16e0-4d3c-8180-fba1609ff412,2015-04-03,05:50:00,EDSA VRPMC Mandaluyong,0,0,0,0,0,0,0,0,0,0,2015-04-03 13:50,Property,14.58501645,121.0558372,Side Swipe
None,EDSA,None,None,"No Accident Factor, Side Swipe, 0.0 drivers_injured, 0.0 drivers_killed, 0.0 passengers_injured, 0.0 passengers_killed, 0.0 pedestrian_injured, 0.0 pedestrian_killed, Fair (Day), EDSA Lions Road Mandaluyong",MMDA Road Safety Unit,,a4100562-459d-4e46-b861-c048d625bad0,2015-04-02,09:55:00,EDSA Boni Ave.  Mandaluyong,0,0,0,0,0,0,0,0,0,0,2015-04-02 17:55,Property,14.56999727,121.0462587,Side Swipe
None,EDSA,None,None,"No Accident Factor, Side Swipe, 0.0 drivers_injured, 0.0 drivers_killed, 0.0 passengers_injured, 0.0 passengers_killed, 0.0 pedestrian_injured, 0.0 pedestrian_killed, Fair (Day), EDSA Lions Road Mandaluyong",MMDA Road Safety Unit,,96634f38-0682-4c42-921a-b8446c910622,2015-04-02,02:30:00,"EDSA SM Mega Mall, Wack-Wack Mandaluyong",0,0,0,0,0,0,0,0,0,0,2015-04-02 10:30,Property,14.56999727,121.0462587,Side Swipe
None,EDSA,None,None,"No Accident Factor, Rear-end, 0.0 drivers_injured, 0.0 drivers_killed, 0.0 passengers_injured, 0.0 passengers_killed, 0.0 pedestrian_injured, 0.0 pedestrian_killed, Fair (Night), EDSA Shaw Blvd. Mandaluyong",MMDA Road Safety Unit,,610c8a9d-bc62-420e-96bb-cd4e8d561535,2015-04-01,10:30:00,EDSA Shaw Blvd. (EB) Mandaluyong,0,0,0,0,0,0,0,0,0,0,2015-04-01 18:30,Property,14.58119822,121.0534578,Rear-End
None,EDSA,None,None,"No Accident Factor, No Collision Stated (based on Police Blotter Book), 1.0 drivers_injured, 0.0 drivers_killed, 0.0 passengers_injured, 0.0 passengers_killed, 0.0 pedestrian_injured, 0.0 pedestrian_killed, Fair (Night), EDSA Megamall, Wack-Wack  Mandaluyong",MMDA Road Safety Unit,,72bd4d85-453e-46e6-b61c-1e8c5f2ceda0,2015-03-31,13:30:00,EDSA Polymedic Hospital  Mandaluyong,0,0,0,1,0,0,0,0,0,1,2015-03-31 21:30,Injury,14.58519582,121.0559351,No Collision Stated
None,EDSA,None,None,"No Accident Factor, Rear-end, 0.0 drivers_injured, 0.0 drivers_killed, 0.0 passengers_injured, 0.0 passengers_killed, 0.0 pedestrian_injured, 0.0 pedestrian_killed, Fair (Night), EDSA Boni Ave. Mandaluyong",MMDA Road Safety Unit,,5a385adf-0d26-40f0-8cd9-5fcec414fecd,2015-03-31,10:00:00,EDSA  Ortigas Ave. (EB)  Mandaluyong,0,0,0,0,0,0,0,0,0,0,2015-03-31 18:00,Property,14.57242918,121.0471629,Rear-End
None,EDSA,None,None,"No Accident Factor, Rear-end, 0.0 drivers_injured, 0.0 drivers_killed, 0.0 passengers_injured, 0.0 passengers_killed, 0.0 pedestrian_injured, 0.0 pedestrian_killed, Fair (Day), EDSA Boni Ave. Mandaluyong",MMDA Road Safety Unit,,629f7267-2e25-4154-9b1a-11dfaac0556b,2015-03-31,08:00:00,EDSA EDSA Central (NB) Mandaluyong,0,0,0,0,0,0,0,0,0,0,2015-03-31 16:00,Property,14.57242918,121.0471629,Rear-End
None,EDSA,None,None,"No Accident Factor, Angle Impact, 0.0 drivers_injured, 0.0 drivers_killed, 0.0 passengers_injured, 0.0 passengers_killed, 0.0 pedestrian_injured, 0.0 pedestrian_killed, Fair (Night), EDSA Shaw Blvd. Mandaluyong",MMDA Road Safety Unit,,b8840278-b45c-41a9-80dc-d14e8a97c145,2015-03-30,14:30:00,EDSA CATS Mandaluyong,0,0,0,0,0,0,0,0,0,0,2015-03-30 22:30,Property,14.58119822,121.0534578,Angle Impact
None,EDSA,None,None,"No Accident Factor, Rear-end, 0.0 drivers_injured, 0.0 drivers_killed, 0.0 passengers_injured, 0.0 passengers_killed, 0.0 pedestrian_injured, 0.0 pedestrian_killed, Fair (Night), EDSA Barangka Drive Mandaluyong",MMDA Road Safety Unit,,efec6563-f40a-401f-82e9-ce47f48c4234,2015-03-30,14:30:00,"EDSA J, Vargas Ave. (EB) Mandaluyong",0,0,0,0,0,0,0,0,0,0,2015-03-30 22:30,Property,14.57852617,121.0515355,Rear-End
None,EDSA,None,None,"No Accident Factor, No Collision Stated (based on Police Blotter Book), 0.0 drivers_injured, 0.0 drivers_killed, 0.0 passengers_injured, 0.0 passengers_killed, 0.0 pedestrian_injured, 0.0 pedestrian_killed, Fair (Day), EDSA J. Vargas Ave. (EB)  Mandaluyong",MMDA Road Safety Unit,,aa2eb7de-f1c8-47f0-8ff3-2d9f1e2a5ab4,2015-03-29,09:00:00,EDSA Reliance St. (NB) Mandaluyong,0,0,0,0,0,0,0,0,0,0,2015-03-29 17:00,Property,14.58457561,121.0557464,No Collision Stated
None,EDSA,None,None,"No Accident Factor, No Collision Stated (based on Police Blotter Book), 0.0 drivers_injured, 0.0 drivers_killed, 0.0 passengers_injured, 0.0 passengers_killed, 0.0 pedestrian_injured, 0.0 pedestrian_killed, Fair (Night), EDSA Starmall, Wack-Wack Mandaluyong",MMDA Road Safety Unit,,dcf87175-0381-4ccf-a9f7-f79e432197c6,2015-03-26,10:00:00,EDSA Ortigas Ave. (WB) Mandaluyong,0,0,0,0,0,0,0,0,0,0,2015-03-26 18:00,Property,14.58198795,121.0540368,No Collision Stated
None,EDSA,None,None,"No Accident Factor, Hit and Run (Angle Impact), 0.0 drivers_injured, 0.0 drivers_killed, 0.0 passengers_injured, 0.0 passengers_killed, 0.0 pedestrian_injured, 0.0 pedestrian_killed, Fair (Day), EDSA Shaw Blvd. Mandaluyong",MMDA Road Safety Unit,,585cc0e1-499b-42b5-aa79-f3dbc5e9b567,2015-03-26,07:30:00,EDSA Ortigas Ave. (WB) Mandaluyong,0,0,0,0,0,0,0,0,0,0,2015-03-26 15:30,Property,14.58119822,121.0534578,Angle Impact
None,EDSA,None,None,"No Accident Factor, Angle Impact, 0.0 drivers_injured, 0.0 drivers_killed, 0.0 passengers_injured, 0.0 passengers_killed, 0.0 pedestrian_injured, 0.0 pedestrian_killed, Fair (Day), EDSA SM Megamall Loading Bay Station, Wack-Wack Mandaluyong",MMDA Road Safety Unit,,b4bbc8a0-262d-450b-9cb2-ca420694b6e8,2015-03-26,05:20:00,EDSA Shaw Blvd. (NB) Mandaluyong,0,0,0,0,0,0,0,0,0,0,2015-03-26 13:20,Property,14.58501645,121.0558372,Angle Impact
None,EDSA,None,None,"No Accident Factor, Side Swipe, 0.0 drivers_injured, 0.0 drivers_killed, 0.0 passengers_injured, 0.0 passengers_killed, 0.0 pedestrian_injured, 0.0 pedestrian_killed, Fair (Day), EDSA Boni MRT Station, Barangka Ilaya Mandaluyong",MMDA Road Safety Unit,,b99eeae5-759c-4049-ba4e-4ef145bbcb85,2015-03-26,04:30:00,EDSA Shaw Blvd. Mandaluyong,0,0,0,0,0,0,0,0,0,0,2015-03-26 12:30,Property,14.57372098,121.0479555,Side Swipe
None,EDSA,None,None,"No Accident Factor, Angle Impact, 0.0 drivers_injured, 0.0 drivers_killed, 0.0 passengers_injured, 0.0 passengers_killed, 0.0 pedestrian_injured, 0.0 pedestrian_killed, Fair (Day), EDSA Shell Gas Station, Highway Hills Mandaluyong",MMDA Road Safety Unit,,6ae96b7a-9969-437f-8718-6b1787f95185,2015-03-25,01:15:00,EDSA Shaw Blvd. Mandaluyong,0,0,0,0,0,0,0,0,0,0,2015-03-25 9:15,Property,14.57692814,121.0503406,Angle Impact
None,EDSA,None,None,"No Accident Factor, Rear-end, 0.0 drivers_injured, 0.0 drivers_killed, 0.0 passengers_injured, 0.0 passengers_killed, 0.0 pedestrian_injured, 0.0 pedestrian_killed, Fair (Day), EDSA Transcom Bldg., Wack-Wack Mandaluyong",MMDA Road Safety Unit,,0d13e56e-a716-4b33-bb4c-50f218f9fd29,2015-03-24,07:50:00,EDSA Boni Ave. (NB) Mandaluyong,0,0,0,0,0,0,0,0,0,0,2015-03-24 15:50,Property,14.58930651,121.0570669,Rear-End
None,EDSA,None,None,"No Accident Factor, Side Swipe, 0.0 drivers_injured, 0.0 drivers_killed, 0.0 passengers_injured, 0.0 passengers_killed, 0.0 pedestrian_injured, 0.0 pedestrian_killed, Fair (Day), EDSA Transcom Bldg., Wack-Wack Mandaluyong",MMDA Road Safety Unit,,53be34a6-f62b-4352-b78c-d6db38b2f9c5,2015-03-24,04:30:00,EDSA Pinatubo St.  Mandaluyong,0,0,0,0,0,0,0,0,0,0,2015-03-24 12:30,Property,14.58930651,121.0570669,Side Swipe
None,EDSA,None,None,"No Accident Factor, Side Swipe, 0.0 drivers_injured, 0.0 drivers_killed, 0.0 passengers_injured, 0.0 passengers_killed, 0.0 pedestrian_injured, 0.0 pedestrian_killed, Fair (Day), EDSA Starmall Compound (Shaw Blvd.)  Mandaluyong",MMDA Road Safety Unit,,1b0e03ec-1e36-4e3d-8f01-e8a7bb9f2e4f,2015-03-23,04:55:00,EDSA VRPMC Hospital Mandaluyong,0,0,0,0,0,0,0,0,0,0,2015-03-23 12:55,Property,14.58198795,121.0540368,Side Swipe
None,EDSA,None,None,"No Accident Factor, Side Swipe, 1.0 drivers_injured, 0.0 drivers_killed, 0.0 passengers_injured, 0.0 passengers_killed, 0.0 pedestrian_injured, 0.0 pedestrian_killed, Fair (Day), EDSA Megamall, Wack-Wack  Mandaluyong",MMDA Road Safety Unit,,00cb0c84-615e-4d5d-8352-df4111252bee,2015-03-20,02:45:00,EDSA Boni Ave. MRT station Mandaluyong,0,0,0,1,0,0,0,0,0,1,2015-03-20 10:45,Injury,14.58519582,121.0559351,Side Swipe
None,EDSA,None,None,"No Accident Factor, No Collision Stated (based on Police Blotter Book), 0.0 drivers_injured, 0.0 drivers_killed, 0.0 passengers_injured, 0.0 passengers_killed, 0.0 pedestrian_injured, 0.0 pedestrian_killed, Fair (Night), EDSA Shaw Blvd. Mandaluyong",MMDA Road Safety Unit,,fdd9eca9-15ba-46a5-a913-f51e0f40f364,2015-03-19,17:00:00,EDSA Guadalupe Bridge Mandaluyong,0,0,0,0,0,0,0,0,0,0,2015-03-20 1:00,Property,14.58119822,121.0534578,No Collision Stated
None,EDSA,None,None,"No Accident Factor, No Collision Stated (based on Police Blotter Book), 0.0 drivers_injured, 0.0 drivers_killed, 0.0 passengers_injured, 0.0 passengers_killed, 0.0 pedestrian_injured, 0.0 pedestrian_killed, Fair (Day), EDSA Ortigas Ave. (SB) Mandaluyong",MMDA Road Safety Unit,,557e9eab-ab19-4668-82b4-03ebf25c6de5,2015-03-19,00:00:00,EDSA Pioneer St.  Mandaluyong,0,0,0,0,0,0,0,0,0,0,2015-03-19 8:00,Property,14.59327428,121.0582827,No Collision Stated
None,EDSA,None,None,"No Accident Factor, Side Swipe, 0.0 drivers_injured, 0.0 drivers_killed, 0.0 passengers_injured, 0.0 passengers_killed, 0.0 pedestrian_injured, 0.0 pedestrian_killed, Fair (Night), EDSA SM Megamall Loading Bay Mandaluyong",MMDA Road Safety Unit,,286956fe-cb85-467c-ad16-8758edb496db,2015-03-18,12:45:00,EDSA Shaw Blvd.  Mandaluyong,0,0,0,0,0,0,0,0,0,0,2015-03-18 20:45,Property,14.58501645,121.0558372,Side Swipe
None,EDSA,None,None,"No Accident Factor, Side Swipe, 0.0 drivers_injured, 0.0 drivers_killed, 0.0 passengers_injured, 0.0 passengers_killed, 0.0 pedestrian_injured, 0.0 pedestrian_killed, Fair (Night), EDSA Robinsons Cybergate Compound (Pioneer St.)  Mandaluyong",MMDA Road Safety Unit,,5a7103d1-4e4c-43ba-bad1-46a9f4522d0c,2015-03-18,11:30:00,"EDSA G. A. Tower, Malamig Mandaluyong",0,0,0,0,0,0,0,0,0,0,2015-03-18 19:30,Property,14.57204824,121.0472098,Side Swipe
None,EDSA,None,None,"No Accident Factor, Side Swipe, 0.0 drivers_injured, 0.0 drivers_killed, 1.0 passengers_injured, 0.0 passengers_killed, 0.0 pedestrian_injured, 0.0 pedestrian_killed, Fair (Day), EDSA Pioneer St. Mandaluyong",MMDA Road Safety Unit,,0ed5b385-0854-49a5-9d2b-185943073251,2015-03-18,09:40:00,EDSA Pinatubo St.  Mandaluyong,0,0,0,0,1,0,0,0,0,1,2015-03-18 17:40,Injury,14.57236671,121.0472702,Side Swipe
None,EDSA,None,None,"No Accident Factor, Angle Impact, 0.0 drivers_injured, 0.0 drivers_killed, 0.0 passengers_injured, 0.0 passengers_killed, 0.0 pedestrian_injured, 0.0 pedestrian_killed, Fair (Day), EDSA Ortigas Ave. (POEA Bldg.) Mandaluyong",MMDA Road Safety Unit,,b8ac6f88-5c43-4e1f-803a-5950b8042126,2015-03-18,04:20:00,EDSA Ortigas Ave. Mandaluyong,0,0,0,0,0,0,0,0,0,0,2015-03-18 12:20,Property,14.59327428,121.0582827,Angle Impact
None,EDSA,None,None,"No Accident Factor, Side Swipe, 0.0 drivers_injured, 0.0 drivers_killed, 0.0 passengers_injured, 0.0 passengers_killed, 0.0 pedestrian_injured, 0.0 pedestrian_killed, Fair (Day), EDSA Robinsons Forum Mandaluyong",MMDA Road Safety Unit,,8395dc72-4e5e-492c-a531-fba24313d146,2015-03-18,01:00:00,EDSA Robinsons Pioneer Mandaluyong,0,0,0,0,0,0,0,0,0,0,2015-03-18 9:00,Property,14.57182388,121.0470705,Side Swipe
None,EDSA,None,None,"No Accident Factor, Rear-end, 0.0 drivers_injured, 0.0 drivers_killed, 0.0 passengers_injured, 0.0 passengers_killed, 0.0 pedestrian_injured, 0.0 pedestrian_killed, Fair (Day), EDSA V. R. P. Medical Center, Highway Hills Mandaluyong",MMDA Road Safety Unit,,ea296f7c-4e3e-4134-a366-f5a5f186209a,2015-03-15,03:50:00,EDSA Guadalupe (SB) Mandaluyong,0,0,0,0,0,0,0,0,0,0,2015-03-15 11:50,Property,14.57684342,121.0502966,Rear-End
None,EDSA,None,None,"No Accident Factor, Side Swipe, 0.0 drivers_injured, 0.0 drivers_killed, 0.0 passengers_injured, 0.0 passengers_killed, 0.0 pedestrian_injured, 0.0 pedestrian_killed, Fair (Night), EDSA Barangka Drive Mandaluyong",MMDA Road Safety Unit,,e8921d58-3e0f-4e7b-8467-b6786efc2690,2015-03-14,10:05:00,"EDSA Boni Ave. - MRT Station, Ilaya Mandaluyong",0,0,0,0,0,0,0,0,0,0,2015-03-14 18:05,Property,14.57852617,121.0515355,Side Swipe
None,EDSA,None,None,"No Accident Factor, No Collision Stated (based on Police Blotter Book), 0.0 drivers_injured, 0.0 drivers_killed, 0.0 passengers_injured, 0.0 passengers_killed, 0.0 pedestrian_injured, 0.0 pedestrian_killed, Fair (Day), EDSA Ortigas Ave. Mandaluyong",MMDA Road Safety Unit,,0bc5160d-efd2-4221-aa8f-4689677ce2a7,2015-03-14,07:45:00,EDSA Pioneer St.  Mandaluyong,0,0,0,0,0,0,0,0,0,0,2015-03-14 15:45,Property,14.59305232,121.0585643,No Collision Stated
None,EDSA,None,None,"No Accident Factor, No Collision Stated (based on Police Blotter Book), 1.0 drivers_injured, 0.0 drivers_killed, 0.0 passengers_injured, 0.0 passengers_killed, 0.0 pedestrian_injured, 0.0 pedestrian_killed, Fair (Night), EDSA Amber Restaurant Mandaluyong",MMDA Road Safety Unit,,cde2ccde-0f18-4887-9022-78d8cc7092cc,2015-03-13,19:00:00,EDSA Pioneer St.  Mandaluyong,0,0,0,1,0,0,0,0,0,1,2015-03-14 3:00,Injury,14.57029352,121.0463228,No Collision Stated
None,EDSA,None,None,"No Accident Factor, Side Swipe, 0.0 drivers_injured, 0.0 drivers_killed, 0.0 passengers_injured, 0.0 passengers_killed, 0.0 pedestrian_injured, 0.0 pedestrian_killed, Fair (Day), EDSA beneath Reliance Footbridge, Highway Hills Mandaluyong",MMDA Road Safety Unit,,3664ee82-73bc-4ab6-bf63-7debadbbe11d,2015-03-11,04:25:00,EDSA G. A. Tower Mandaluyong,0,0,0,0,0,0,0,0,0,0,2015-03-11 12:25,Property,14.57613794,121.0499944,Side Swipe
None,EDSA,None,None,"No Accident Factor, No Collision Stated (based on Police Blotter Book), 0.0 drivers_injured, 0.0 drivers_killed, 0.0 passengers_injured, 0.0 passengers_killed, 0.0 pedestrian_injured, 0.0 pedestrian_killed, Fair (Day), EDSA Boni Ave. (Wendy's Fastfood Chain) Mandaluyong",MMDA Road Safety Unit,,160f251f-9c5c-40e1-b7ed-ad20c3f0cbfe,2015-03-08,22:40:00,"EDSA GO Hotel, Buayang Bato Mandaluyong",0,0,0,0,0,0,0,0,0,0,2015-03-09 6:40,Property,14.57249077,121.0472372,No Collision Stated
None,EDSA,None,None,"No Accident Factor, No Collision Stated (based on Police Blotter Book), 0.0 drivers_injured, 0.0 drivers_killed, 0.0 passengers_injured, 0.0 passengers_killed, 0.0 pedestrian_injured, 0.0 pedestrian_killed, Fair (Night), EDSA POEA, Wack-Wack Mandaluyong",MMDA Road Safety Unit,,a8d30910-6103-411e-9688-8fdf7fbcddfc,2015-03-08,13:00:00,EDSA Pinatubo St.  Mandaluyong,0,0,0,0,0,0,0,0,0,0,2015-03-08 21:00,Property,14.59324183,121.0582336,No Collision Stated
None,EDSA,None,None,"No Accident Factor, Rear-end, 0.0 drivers_injured, 0.0 drivers_killed, 0.0 passengers_injured, 0.0 passengers_killed, 0.0 pedestrian_injured, 0.0 pedestrian_killed, Fair (Night), EDSA Boni MRT Station, Malamig Mandaluyong",MMDA Road Safety Unit,,ca2f8956-8ac4-4edd-9efd-20d525f84a65,2015-03-07,12:45:00,EDSA Ortigas Ave. (EB) Mandaluyong,0,0,0,0,0,0,0,0,0,0,2015-03-07 20:45,Property,14.57372098,121.0479555,Rear-End
None,EDSA,None,None,"No Accident Factor, Side Swipe, 0.0 drivers_injured, 0.0 drivers_killed, 0.0 passengers_injured, 0.0 passengers_killed, 0.0 pedestrian_injured, 0.0 pedestrian_killed, Fair (Night), EDSA Ortigas Ave. (EB) Mandaluyong",MMDA Road Safety Unit,,b2430edd-158e-4f29-a769-9e659e8be777,2015-03-05,11:30:00,EDSA Shaw Blvd.  Mandaluyong,0,0,0,0,0,0,0,0,0,0,2015-03-05 19:30,Property,14.59327428,121.0582827,Side Swipe