LOCATION_TEXT,ROAD,WEATHER,LIGHT,DESC,REPORTING_AGENCY,MAIN_CAUSE,INCIDENTDETAILS_ID,DATE_UTC,TIME_UTC,ADDRESS,killed_driver,killed_passenger,killed_pedestrian,injured_driver,injured_passenger,injured_pedestrian,killed_uncategorized,injured_uncategorized,killed_total,injured_total,DATETIME_PST,SEVERITY,Y,X,COLLISION_TYPE
None,EDSA,None,None,"No Accident Factor, Side Swipe, 1.0 drivers_injured, 0.0 drivers_killed, 0.0 passengers_injured, 0.0 passengers_killed, 0.0 pedestrian_injured, 0.0 pedestrian_killed, Fair (Day), EDSA Shaw Blvd. Mandaluyong",MMDA Road Safety Unit,,4de4f05b-2be4-41ac-9785-881e1bb11c46,2015-03-05,01:05:00,EDSA VRPMC Mandaluyong,0,0,0,1,0,0,0,0,0,1,2015-03-05 9:05,Injury,14.58119822,121.0534578,Side Swipe
None,EDSA,None,None,"No Accident Factor, Angle Impact, 0.0 drivers_injured, 0.0 drivers_killed, 0.0 passengers_injured, 0.0 passengers_killed, 0.0 pedestrian_injured, 0.0 pedestrian_killed, Fair (Day), EDSA Starmall Mandaluyong",MMDA Road Safety Unit,,b36f9f9e-c042-4e4e-a9b9-fe128c3bce1f,2015-03-04,05:30:00,EDSA Ortigas Ave. (EB) Mandaluyong,0,0,0,0,0,0,0,0,0,0,2015-03-04 13:30,Property,14.58198795,121.0540368,Angle Impact
None,EDSA,None,None,"No Accident Factor, Angle Impact, 0.0 drivers_injured, 0.0 drivers_killed, 0.0 passengers_injured, 0.0 passengers_killed, 0.0 pedestrian_injured, 0.0 pedestrian_killed, Fair (Day), EDSA Shaw Blvd. (Shell Gas Station) Mandaluyong",MMDA Road Safety Unit,,b7f68786-cb6e-4fb6-b147-a4fd56c19dc6,2015-03-04,04:00:00,EDSA Boni Ave. - MRT Station Mandaluyong,0,0,0,0,0,0,0,0,0,0,2015-03-04 12:00,Property,14.58119822,121.0534578,Angle Impact
None,EDSA,None,None,"No Accident Factor, Rear-end, 0.0 drivers_injured, 0.0 drivers_killed, 0.0 passengers_injured, 0.0 passengers_killed, 0.0 pedestrian_injured, 0.0 pedestrian_killed, Fair (Night), EDSA Pioneer St. Mandaluyong",MMDA Road Safety Unit,,14bf1367-0725-4e02-8a9a-802af9159551,2015-03-03,12:10:00,EDSA Ortigas Ave. - MRT Station Mandaluyong,0,0,0,0,0,0,0,0,0,0,2015-03-03 20:10,Property,14.57236671,121.0472702,Rear-End
None,EDSA,None,None,"No Accident Factor, No Collision Stated (based on Police Blotter Book), 0.0 drivers_injured, 0.0 drivers_killed, 0.0 passengers_injured, 0.0 passengers_killed, 0.0 pedestrian_injured, 0.0 pedestrian_killed, Fair (Night), EDSA Connecticut St. Mandaluyong",MMDA Road Safety Unit,,c3d3fdbf-e095-48e0-b92b-1ff5403f04f1,2015-03-02,11:00:00,EDSA Sultan St.  Mandaluyong,0,0,0,0,0,0,0,0,0,0,2015-03-02 19:00,Property,14.60151411,121.0591478,No Collision Stated
None,EDSA,None,None,"Human Error, Self-Accident, 1.0 drivers_injured, 0.0 drivers_killed, 0.0 passengers_injured, 0.0 passengers_killed, 0.0 pedestrian_injured, 0.0 pedestrian_killed, Fair (Day), EDSA Shaw Blvd. Mandaluyong",MMDA Road Safety Unit,,0159e0bf-2964-4402-b5ee-cea7e33486cc,2015-03-02,01:00:00,EDSA Shangrila Mall (NB) Mandaluyong,0,0,0,1,0,0,0,0,0,1,2015-03-02 9:00,Injury,14.58119822,121.0534578,Self-Accident
None,EDSA,None,None,"No Accident Factor, No Collision Stated (based on Police Blotter Book), 0.0 drivers_injured, 0.0 drivers_killed, 0.0 passengers_injured, 0.0 passengers_killed, 0.0 pedestrian_injured, 0.0 pedestrian_killed, Fair (Night), EDSA Shaw Blvd. Mandaluyong",MMDA Road Safety Unit,,17e749ba-3e9f-477e-837c-245cfad7a759,2015-03-01,15:00:00,EDSA D. M. Guevarra St.  Mandaluyong,0,0,0,0,0,0,0,0,0,0,2015-03-01 23:00,Property,14.58119822,121.0534578,No Collision Stated
None,EDSA,None,None,"No Accident Factor, Head-on, 0.0 drivers_injured, 0.0 drivers_killed, 1.0 passengers_injured, 0.0 passengers_killed, 0.0 pedestrian_injured, 0.0 pedestrian_killed, Fair (Day), EDSA Shaw Blvd. Mandaluyong",MMDA Road Safety Unit,,4dee1bb3-d1b1-460d-a7c1-77a4d5f48e38,2015-03-01,03:00:00,EDSA SM Megamall Mandaluyong,0,0,0,0,1,0,0,0,0,1,2015-03-01 11:00,Injury,14.58119822,121.0534578,Head-On
None,EDSA,None,None,"No Accident Factor, Angle Impact, 0.0 drivers_injured, 0.0 drivers_killed, 0.0 passengers_injured, 0.0 passengers_killed, 0.0 pedestrian_injured, 0.0 pedestrian_killed, Fair (Day), EDSA V. R. P. Medical Center, Malamig Mandaluyong",MMDA Road Safety Unit,,f4400a13-e67a-4867-8990-efbc45f8e692,2015-02-27,08:00:00,EDSA Ortigas Ave.  Mandaluyong,0,0,0,0,0,0,0,0,0,0,2015-02-27 16:00,Property,14.57684342,121.0502966,Angle Impact
None,EDSA,None,None,"No Accident Factor, Side Swipe, 0.0 drivers_injured, 0.0 drivers_killed, 0.0 passengers_injured, 0.0 passengers_killed, 0.0 pedestrian_injured, 0.0 pedestrian_killed, Fair (Day), EDSA Pioneer St. Mandaluyong",MMDA Road Safety Unit,,e968ea9b-abe9-4d0e-a60a-dacb99764898,2015-02-26,08:30:00,EDSA Transcom Co. Mandaluyong,0,0,0,0,0,0,0,0,0,0,2015-02-26 16:30,Property,14.57236671,121.0472702,Side Swipe
None,EDSA,None,None,"No Accident Factor, Side Swipe, 0.0 drivers_injured, 0.0 drivers_killed, 0.0 passengers_injured, 0.0 passengers_killed, 0.0 pedestrian_injured, 0.0 pedestrian_killed, Fair (Night), EDSA Shaw Blvd. Mandaluyong",MMDA Road Safety Unit,,f9565610-1128-40e5-8a24-88b559f918ec,2015-02-24,16:40:00,EDSA Starmall  Mandaluyong,0,0,0,0,0,0,0,0,0,0,2015-02-25 0:40,Property,14.58119822,121.0534578,Side Swipe
None,EDSA,None,None,"No Accident Factor, Rear-end, 0.0 drivers_injured, 0.0 drivers_killed, 0.0 passengers_injured, 0.0 passengers_killed, 0.0 pedestrian_injured, 0.0 pedestrian_killed, Fair (Day), EDSA Robinsons Pioneer Mandaluyong",MMDA Road Safety Unit,,c650808d-8c8d-4d41-ade8-b2f9183c3259,2015-02-23,04:05:00,EDSA Shaw Blvd.  Mandaluyong,0,0,0,0,0,0,0,0,0,0,2015-02-23 12:05,Property,14.57161544,121.0469258,Rear-End
None,EDSA,None,None,"No Accident Factor, Rear-end, 0.0 drivers_injured, 0.0 drivers_killed, 7.0 passengers_injured, 0.0 passengers_killed, 0.0 pedestrian_injured, 0.0 pedestrian_killed, Fair (Night), EDSA MRT-Ortigas Station Mandaluyong",MMDA Road Safety Unit,,bfc84c16-1ab1-4b85-b66b-5f8232b586cd,2015-02-21,21:00:00,EDSA Shaw Blvd.  Mandaluyong,0,0,0,0,7,0,0,0,0,7,2015-02-22 5:00,Injury,14.58786167,121.056685,Rear-End
None,EDSA,None,None,"No Accident Factor, Rear-end, 0.0 drivers_injured, 0.0 drivers_killed, 0.0 passengers_injured, 0.0 passengers_killed, 0.0 pedestrian_injured, 0.0 pedestrian_killed, Fair (Day), EDSA Connecticut St. Mandaluyong",MMDA Road Safety Unit,,8189f519-2141-419f-923e-a2c452bfed3d,2015-02-20,06:30:00,EDSA Boni Ave. (WB) Mandaluyong,0,0,0,0,0,0,0,0,0,0,2015-02-20 14:30,Property,14.60151411,121.0591478,Rear-End
None,EDSA,None,None,"No Accident Factor, Rear-end, 0.0 drivers_injured, 0.0 drivers_killed, 0.0 passengers_injured, 0.0 passengers_killed, 0.0 pedestrian_injured, 0.0 pedestrian_killed, Fair (Day), EDSA Shaw Blvd. (NB)  Mandaluyong",MMDA Road Safety Unit,,44a28fe8-18f5-493d-b130-17386b76e67d,2015-02-20,03:20:00,EDSA Ortigas Ave.  Mandaluyong,0,0,0,0,0,0,0,0,0,0,2015-02-20 11:20,Property,14.58119822,121.0534578,Rear-End
None,EDSA,None,None,"No Accident Factor, No Collision Stated (based on Police Blotter Book), 0.0 drivers_injured, 0.0 drivers_killed, 0.0 passengers_injured, 0.0 passengers_killed, 0.0 pedestrian_injured, 0.0 pedestrian_killed, Fair (Night), EDSA Avida Tower, San Dionisio Mandaluyong",MMDA Road Safety Unit,,f6a39423-f261-4e70-9feb-238c748ce8df,2015-02-18,13:55:00,EDSA Filinvest Bldg.  Mandaluyong,0,0,0,0,0,0,0,0,0,0,2015-02-18 21:55,Property,14.577147,121.0507806,No Collision Stated
None,EDSA,None,None,"No Accident Factor, Rear-end, 0.0 drivers_injured, 0.0 drivers_killed, 0.0 passengers_injured, 0.0 passengers_killed, 0.0 pedestrian_injured, 0.0 pedestrian_killed, Fair (Day), EDSA Boni Ave. Mandaluyong",MMDA Road Safety Unit,,331cf525-2e3d-4bf9-b0a2-a805afdde452,2015-02-18,00:50:00,EDSA Ortigas Ave. Mandaluyong,0,0,0,0,0,0,0,0,0,0,2015-02-18 8:50,Property,14.57242918,121.0471629,Rear-End
None,EDSA,None,None,"No Accident Factor, Hit and Run (No Collision Stated), 0.0 drivers_injured, 0.0 drivers_killed, 0.0 passengers_injured, 0.0 passengers_killed, 0.0 pedestrian_injured, 0.0 pedestrian_killed, Fair (Day), EDSA Shaw Blvd. Mandaluyong",MMDA Road Safety Unit,,9c372a9f-4fb5-4796-ba27-934e85605a13,2015-02-17,07:30:00,EDSA Shaw Blvd. Overpass Mandaluyong,0,0,0,0,0,0,0,0,0,0,2015-02-17 15:30,Property,14.58119822,121.0534578,No Collision Stated
None,EDSA,None,None,"No Accident Factor, No Collision Stated (based on Police Blotter Book), 0.0 drivers_injured, 0.0 drivers_killed, 0.0 passengers_injured, 0.0 passengers_killed, 0.0 pedestrian_injured, 0.0 pedestrian_killed, Fair (Night), EDSA Shaw Blvd. Mandaluyong",MMDA Road Safety Unit,,23741fa5-b109-4dc1-a451-be757dda564c,2015-02-16,11:50:00,EDSA SM Megamall Bldg. B Mandaluyong,0,0,0,0,0,0,0,0,0,0,2015-02-16 19:50,Property,14.58119822,121.0534578,No Collision Stated
None,EDSA,None,None,"No Accident Factor, No Collision Stated (based on Police Blotter Book), 0.0 drivers_injured, 0.0 drivers_killed, 0.0 passengers_injured, 0.0 passengers_killed, 0.0 pedestrian_injured, 0.0 pedestrian_killed, Fair (Night), EDSA Pioneer St. Mandaluyong",MMDA Road Safety Unit,,95b569f3-8f95-466d-98e6-43d6beffa845,2015-02-13,12:00:00,EDSA Libertad St. Mandaluyong,0,0,0,0,0,0,0,0,0,0,2015-02-13 20:00,Property,14.57236671,121.0472702,No Collision Stated
None,EDSA,None,None,"No Accident Factor, No Collision Stated (based on Police Blotter Book), 0.0 drivers_injured, 0.0 drivers_killed, 0.0 passengers_injured, 0.0 passengers_killed, 0.0 pedestrian_injured, 0.0 pedestrian_killed, Fair (Day), EDSA Pioneer St. Mandaluyong",MMDA Road Safety Unit,,acf1ced0-b721-4dc2-abe9-21d49b97e9e0,2015-02-12,23:30:00,EDSA Connecticut (SB)  Mandaluyong,0,0,0,0,0,0,0,0,0,0,2015-02-13 7:30,Property,14.57236671,121.0472702,No Collision Stated
None,EDSA,None,None,"No Accident Factor, No Collision Stated (based on Police Blotter Book), 0.0 drivers_injured, 0.0 drivers_killed, 0.0 passengers_injured, 0.0 passengers_killed, 0.0 pedestrian_injured, 0.0 pedestrian_killed, Fair (Day), EDSA United St. Mandaluyong",MMDA Road Safety Unit,,5571a02b-6f8f-43da-8516-73452ebcd711,2015-02-12,22:40:00,EDSA SM Megamall Mandaluyong,0,0,0,0,0,0,0,0,0,0,2015-02-13 6:40,Property,14.57931229,121.0523819,No Collision Stated
None,EDSA,None,None,"No Accident Factor, Side Swipe, 0.0 drivers_injured, 0.0 drivers_killed, 0.0 passengers_injured, 0.0 passengers_killed, 0.0 pedestrian_injured, 0.0 pedestrian_killed, Fair (Day), EDSA SM Megamall loading bay Mandaluyong",MMDA Road Safety Unit,,656792a6-f32e-4bed-99d3-641700eadeba,2015-02-11,08:25:00,EDSA SM Megamall Bldg. B Mandaluyong,0,0,0,0,0,0,0,0,0,0,2015-02-11 16:25,Property,14.58501645,121.0558372,Side Swipe
None,EDSA,None,None,"No Accident Factor, Head-on, 0.0 drivers_injured, 0.0 drivers_killed, 0.0 passengers_injured, 0.0 passengers_killed, 0.0 pedestrian_injured, 0.0 pedestrian_killed, Fair (Day), EDSA Pioneer St. Mandaluyong",MMDA Road Safety Unit,,07c2b45b-6cc5-48ba-8a95-c645a81834f0,2015-02-11,06:45:00,EDSA Reliance Highway Hills Mandaluyong,0,0,0,0,0,0,0,0,0,0,2015-02-11 14:45,Property,14.57236671,121.0472702,Head-On
None,EDSA,None,None,"No Accident Factor, Angle Impact, 0.0 drivers_injured, 0.0 drivers_killed, 0.0 passengers_injured, 0.0 passengers_killed, 0.0 pedestrian_injured, 0.0 pedestrian_killed, Fair (Day), EDSA EDSA Central Mall Mandaluyong",MMDA Road Safety Unit,,f8d6956f-f837-4f54-8a5d-db422fec1ae4,2015-02-08,23:50:00,EDSA Ortigas Ave. MRT Station (NB) Mandaluyong,0,0,0,0,0,0,0,0,0,0,2015-02-09 7:50,Property,14.57994372,121.0528367,Angle Impact
None,EDSA,None,None,"No Accident Factor, Hit and Run (No Collision Stated), 0.0 drivers_injured, 0.0 drivers_killed, 0.0 passengers_injured, 0.0 passengers_killed, 0.0 pedestrian_injured, 0.0 pedestrian_killed, Fair (Night), EDSA Caltex Gas Station, Barangka Ilaya Mandaluyong",MMDA Road Safety Unit,,08dd7c39-1497-4871-9dd4-f0c5136e310f,2015-02-07,15:15:00,EDSA Connecticut St.  Mandaluyong,0,0,0,0,0,0,0,0,0,0,2015-02-07 23:15,Property,14.57228634,121.0470942,No Collision Stated
None,EDSA,None,None,"No Accident Factor, Rear-end, 0.0 drivers_injured, 0.0 drivers_killed, 0.0 passengers_injured, 0.0 passengers_killed, 0.0 pedestrian_injured, 0.0 pedestrian_killed, Fair (Day), EDSA Shaw Blvd. (NB) Mandaluyong",MMDA Road Safety Unit,,f8aa4c28-2dc5-41ef-97ef-35307b81592a,2015-02-07,04:25:00,"EDSA Guadix (NB), Bgy.Wack-Wack Mandaluyong",0,0,0,0,0,0,0,0,0,0,2015-02-07 12:25,Property,14.58119822,121.0534578,Rear-End
None,EDSA,None,None,"No Accident Factor, No Collision Stated (based on Police Blotter Book), 0.0 drivers_injured, 0.0 drivers_killed, 0.0 passengers_injured, 0.0 passengers_killed, 0.0 pedestrian_injured, 0.0 pedestrian_killed, Fair (Day), EDSA Polymedic Hospital Mandaluyong",MMDA Road Safety Unit,,6ca27715-b3cd-485d-bfc2-ff97a43f5dfc,2015-02-07,03:25:00,"EDSA Shaw Blvd. (NB), fronting Jollibee, Bgy. Highway Hills Mandaluyong",0,0,0,0,0,0,0,0,0,0,2015-02-07 11:25,Property,14.57678194,121.0502657,No Collision Stated
None,EDSA,None,None,"No Accident Factor, Side Swipe, 0.0 drivers_injured, 0.0 drivers_killed, 0.0 passengers_injured, 0.0 passengers_killed, 0.0 pedestrian_injured, 0.0 pedestrian_killed, Fair (Night), EDSA Pioneer St., Barangka Ilaya Mandaluyong",MMDA Road Safety Unit,,ef49ab27-7e4e-40f2-956a-552448286f53,2015-02-06,13:05:00,"EDSA Boni Ave., Caltex Gas station Mandaluyong",0,0,0,0,0,0,0,0,0,0,2015-02-06 21:05,Property,14.57236671,121.0472702,Side Swipe
None,EDSA,None,None,"No Accident Factor, Rear-end, 0.0 drivers_injured, 0.0 drivers_killed, 0.0 passengers_injured, 0.0 passengers_killed, 0.0 pedestrian_injured, 0.0 pedestrian_killed, Fair (Day), EDSA POEA Ortigas Ave. (EB)  Mandaluyong",MMDA Road Safety Unit,,871e2871-11e6-4374-aa5b-b4b66c1e964c,2015-02-02,08:45:00,"EDSA Starmall, Bgy.Wack-Wack Mandaluyong",0,0,0,0,0,0,0,0,0,0,2015-02-02 16:45,Property,14.59324183,121.0582336,Rear-End
None,EDSA,None,None,"No Accident Factor, Angle Impact, 0.0 drivers_injured, 0.0 drivers_killed, 0.0 passengers_injured, 0.0 passengers_killed, 0.0 pedestrian_injured, 0.0 pedestrian_killed, Fair (Day), EDSA Boni Ave. Mandaluyong",MMDA Road Safety Unit,,1499f670-670a-425b-808d-a226962553a3,2015-02-02,04:00:00,EDSA Guadix St.  Mandaluyong,0,0,0,0,0,0,0,0,0,0,2015-02-02 12:00,Property,14.57242918,121.0471629,Angle Impact
None,EDSA,None,None,"No Accident Factor, Rear-end, 0.0 drivers_injured, 0.0 drivers_killed, 0.0 passengers_injured, 0.0 passengers_killed, 0.0 pedestrian_injured, 0.0 pedestrian_killed, Fair (Day), EDSA MRT-Boni Station Mandaluyong",MMDA Road Safety Unit,,d84790b8-bc9a-43fe-b2f2-61b7ac4d8561,2015-01-31,03:30:00,EDSA Ortigas Ave. Mandaluyong,0,0,0,0,0,0,0,0,0,0,2015-01-31 11:30,Property,14.57374686,121.0480486,Rear-End
None,EDSA,None,None,"No Accident Factor, No Collision Stated (based on Police Blotter Book), 0.0 drivers_injured, 0.0 drivers_killed, 0.0 passengers_injured, 0.0 passengers_killed, 0.0 pedestrian_injured, 0.0 pedestrian_killed, Fair (Night), EDSA Madison St. Mandaluyong",MMDA Road Safety Unit,,ebdaba90-10f4-4882-8465-1f257001978a,2015-01-26,14:00:00,EDSA Front of Abbot Company  Mandaluyong,0,0,0,0,0,0,0,0,0,0,2015-01-26 22:00,Property,14.57464299,121.0489046,No Collision Stated
None,EDSA,None,None,"No Accident Factor, Rear-end, 0.0 drivers_injured, 0.0 drivers_killed, 0.0 passengers_injured, 0.0 passengers_killed, 0.0 pedestrian_injured, 0.0 pedestrian_killed, Fair (Night), EDSA Libertad St. Mandaluyong",MMDA Road Safety Unit,,d8fecca7-ef71-4eb5-8ffe-9b3ee1a45a63,2015-01-24,15:00:00,EDSA Connecticut St. Mandaluyong,0,0,0,0,0,0,0,0,0,0,2015-01-24 23:00,Property,14.57859094,121.0516172,Rear-End
None,EDSA,None,None,"No Accident Factor, No Collision Stated (based on Police Blotter Book), 0.0 drivers_injured, 0.0 drivers_killed, 0.0 passengers_injured, 0.0 passengers_killed, 0.0 pedestrian_injured, 0.0 pedestrian_killed, Fair (Day), EDSA Shaw Blvd. Mandaluyong",MMDA Road Safety Unit,,200ba711-a400-4d02-900a-90f4e89cd542,2015-01-24,07:45:00,EDSA Shaw Blvd. Mandaluyong,0,0,0,0,0,0,0,0,0,0,2015-01-24 15:45,Property,14.58119822,121.0534578,No Collision Stated
None,EDSA,None,None,"No Accident Factor, Hit and Run (Hit Parked Vehicle), 0.0 drivers_injured, 0.0 drivers_killed, 0.0 passengers_injured, 0.0 passengers_killed, 0.0 pedestrian_injured, 0.0 pedestrian_killed, Fair (Day), EDSA Teleperformance Greenfield district Mandaluyong",MMDA Road Safety Unit,,df29df73-f7f0-4d6f-bf9c-ccfc948382a1,2015-01-24,00:50:00,EDSA Shaw Blvd. Mandaluyong,0,0,0,0,0,0,0,0,0,0,2015-01-24 8:50,Property,14.58002746,121.0528877,Hit Object
None,EDSA,None,None,"No Accident Factor, Angle Impact, 0.0 drivers_injured, 0.0 drivers_killed, 0.0 passengers_injured, 0.0 passengers_killed, 0.0 pedestrian_injured, 0.0 pedestrian_killed, Fair (Night), EDSA SM Megamall loading bay Mandaluyong",MMDA Road Safety Unit,,f5e12777-059e-4475-b346-1d33ccebeee4,2015-01-21,14:30:00,EDSA Pioneer St. Mandaluyong,0,0,0,0,0,0,0,0,0,0,2015-01-21 22:30,Property,14.58501645,121.0558372,Angle Impact
None,EDSA,None,None,"No Accident Factor, No Collision Stated (based on Police Blotter Book), 0.0 drivers_injured, 0.0 drivers_killed, 0.0 passengers_injured, 0.0 passengers_killed, 0.0 pedestrian_injured, 0.0 pedestrian_killed, Fair (Night), EDSA United St. Mandaluyong",MMDA Road Safety Unit,,2fb127be-7180-4caa-ad03-4ce5edb7f717,2015-01-21,14:30:00,"EDSA fronting Robinsons's Pioneer, Boni Avenue before PNP Outpost Barangay Ilaya Mandaluyong",0,0,0,0,0,0,0,0,0,0,2015-01-21 22:30,Property,14.57931229,121.0523819,No Collision Stated
None,EDSA,None,None,"No Accident Factor, Rear-end, 0.0 drivers_injured, 0.0 drivers_killed, 0.0 passengers_injured, 0.0 passengers_killed, 0.0 pedestrian_injured, 0.0 pedestrian_killed, Fair (Night), EDSA Shangrila Hotel driveway Mandaluyong",MMDA Road Safety Unit,,94a3077e-ce0e-48cf-99c1-08c03c389c2b,2015-01-21,11:00:00,EDSA Front of Highway 54 Building Barangay Wack - Wack  Mandaluyong,0,0,0,0,0,0,0,0,0,0,2015-01-21 19:00,Property,14.58223571,121.0544805,Rear-End
None,EDSA,None,None,"No Accident Factor, Side Swipe, 0.0 drivers_injured, 0.0 drivers_killed, 0.0 passengers_injured, 0.0 passengers_killed, 0.0 pedestrian_injured, 0.0 pedestrian_killed, Fair (Day), EDSA Barangka Drive Mandaluyong",MMDA Road Safety Unit,,5a0f077b-5655-4506-bda7-1a7ce2d812e8,2015-01-21,01:15:00,EDSA Guadix Drive Mandaluyong,0,0,0,0,0,0,0,0,0,0,2015-01-21 9:15,Property,14.57852617,121.0515355,Side Swipe
None,EDSA,None,None,"No Accident Factor, No Collision Stated (based on Police Blotter Book), 0.0 drivers_injured, 0.0 drivers_killed, 0.0 passengers_injured, 0.0 passengers_killed, 0.0 pedestrian_injured, 0.0 pedestrian_killed, Fair (Night), EDSA SM Megamall Mandaluyong",MMDA Road Safety Unit,,8851a43c-dc95-4683-8dca-e8affc726e5b,2015-01-18,12:00:00,EDSA Front of Highway 54 Building Barangay Wack - Wack  Mandaluyong,0,0,0,0,0,0,0,0,0,0,2015-01-18 20:00,Property,14.58501645,121.0558372,No Collision Stated
None,EDSA,None,None,"No Accident Factor, Side Swipe, 0.0 drivers_injured, 0.0 drivers_killed, 0.0 passengers_injured, 0.0 passengers_killed, 0.0 pedestrian_injured, 0.0 pedestrian_killed, Fair (Day), EDSA MRT-Boni Station Mandaluyong",MMDA Road Safety Unit,,89d07649-efeb-4599-adc4-10a90e518229,2015-01-18,03:15:00,EDSA Pinatubo Street Brgy. Malamig  Mandaluyong,0,0,0,0,0,0,0,0,0,0,2015-01-18 11:15,Property,14.57374686,121.0480486,Side Swipe
None,EDSA,None,None,"No Accident Factor, Rear-end, 1.0 drivers_injured, 0.0 drivers_killed, 0.0 passengers_injured, 0.0 passengers_killed, 0.0 pedestrian_injured, 0.0 pedestrian_killed, Fair (Night), EDSA Shaw Blvd. Mandaluyong",MMDA Road Safety Unit,,e8a85ee8-4060-41e0-9b48-f1621d93a0fc,2015-01-14,19:30:00,EDSA Central Hi-way Hills Mandaluyong,0,0,0,1,0,0,0,0,0,1,2015-01-15 3:30,Injury,14.58119822,121.0534578,Rear-End
None,EDSA,None,None,"No Accident Factor, Hit Parked Vehicle, 0.0 drivers_injured, 0.0 drivers_killed, 0.0 passengers_injured, 0.0 passengers_killed, 0.0 pedestrian_injured, 0.0 pedestrian_killed, Fair (Day), EDSA Madison St. Mandaluyong",MMDA Road Safety Unit,,52046e57-e748-46ba-890f-9d073bd850a3,2015-01-14,06:30:00,EDSA Ortigas Avenue (SB) fronting CSP Building  Mandaluyong,0,0,0,0,0,0,0,0,0,0,2015-01-14 14:30,Property,14.57464299,121.0489046,Hit Object
None,EDSA,None,None,"No Accident Factor, Rear-end, 0.0 drivers_injured, 0.0 drivers_killed, 0.0 passengers_injured, 0.0 passengers_killed, 0.0 pedestrian_injured, 0.0 pedestrian_killed, Fair (Day), EDSA Starmall, Shaw Blvd. Mandaluyong",MMDA Road Safety Unit,,7c250e6d-346f-4df0-881e-b5158085a9fd,2015-01-12,22:05:00,EDSA Ortigas Avenue Barangay Wack- Wack Mandaluyong,0,0,0,0,0,0,0,0,0,0,2015-01-13 6:05,Property,14.58198795,121.0540368,Rear-End
None,EDSA,None,None,"No Accident Factor, Side Swipe, 0.0 drivers_injured, 0.0 drivers_killed, 0.0 passengers_injured, 0.0 passengers_killed, 0.0 pedestrian_injured, 0.0 pedestrian_killed, Fair (Day), EDSA Pioneer St. Mandaluyong",MMDA Road Safety Unit,,d866ee92-b20b-42a3-92d4-33f55d839070,2015-01-12,09:55:00,EDSA Front of SM Mega Mall Barangay Wack - Wack Mandaluyong,0,0,0,0,0,0,0,0,0,0,2015-01-12 17:55,Property,14.57236671,121.0472702,Side Swipe
None,EDSA,None,None,"No Accident Factor, No Collision Stated (based on Police Blotter Book), 0.0 drivers_injured, 0.0 drivers_killed, 0.0 passengers_injured, 0.0 passengers_killed, 0.0 pedestrian_injured, 0.0 pedestrian_killed, Fair (Day), EDSA Shaw Blvd. Mandaluyong",MMDA Road Safety Unit,,1f730ae2-7a68-46fe-a306-de0445e5343a,2015-01-12,09:25:00,EDSA Sultan Street Barangay Highway Hills Mandaluyong,0,0,0,0,0,0,0,0,0,0,2015-01-12 17:25,Property,14.58119822,121.0534578,No Collision Stated
None,EDSA,None,None,"No Accident Factor, Rear-end, 1.0 drivers_injured, 0.0 drivers_killed, 0.0 passengers_injured, 0.0 passengers_killed, 0.0 pedestrian_injured, 0.0 pedestrian_killed, Fair (Day), EDSA Ortigas Ave. Mandaluyong",MMDA Road Safety Unit,,6cd42b1a-9dfc-4d9f-ad52-d3edbc362ad1,2015-01-08,03:30:00,EDSA Pinatubo Street Barangay Malamig Mandaluyong,0,0,0,1,0,0,0,0,0,1,2015-01-08 11:30,Injury,14.59305232,121.0585643,Rear-End
None,EDSA,None,None,"No Accident Factor, No Collision Stated (based on Police Blotter Book), 0.0 drivers_injured, 0.0 drivers_killed, 0.0 passengers_injured, 0.0 passengers_killed, 0.0 pedestrian_injured, 0.0 pedestrian_killed, Fair (Day), EDSA Amber Ilaya Mandaluyong",MMDA Road Safety Unit,,98f1da89-02bf-4b06-a1f6-95a5b4518233,2015-01-07,23:40:00,EDSA Shaw Boulevard Barangay Highway Hills  Mandaluyong,0,0,0,0,0,0,0,0,0,0,2015-01-08 7:40,Property,14.57029352,121.0463228,No Collision Stated
None,EDSA,None,None,"No Accident Factor, Side Swipe, 0.0 drivers_injured, 0.0 drivers_killed, 0.0 passengers_injured, 0.0 passengers_killed, 0.0 pedestrian_injured, 0.0 pedestrian_killed, Fair (Night), EDSA SM Megamall (Bldg. B) Mandaluyong",MMDA Road Safety Unit,,d1e60f92-8505-49c6-ae48-423fb017c5de,2015-01-03,10:25:00,EDSA Ortigas Avenue Mandaluyong,0,0,0,0,0,0,0,0,0,0,2015-01-03 18:25,Property,14.58501645,121.0558372,Side Swipe
None,EDSA,None,None,"No Accident Factor, Side Swipe, 0.0 drivers_injured, 0.0 drivers_killed, 0.0 passengers_injured, 0.0 passengers_killed, 0.0 pedestrian_injured, 0.0 pedestrian_killed, Fair (Night), EDSA Starmall Bldg. Mandaluyong",MMDA Road Safety Unit,,186316dc-a6e9-4dd5-8f2f-f9cbd8c3d327,2014-12-24,18:00:00,EDSA Shaw Boulevard (NB) Mandaluyong,0,0,0,0,0,0,0,0,0,0,2014-12-25 2:00,Property,14.58198795,121.0540368,Side Swipe
None,EDSA,None,None,"No Accident Factor, Side Swipe, 0.0 drivers_injured, 0.0 drivers_killed, 0.0 passengers_injured, 0.0 passengers_killed, 0.0 pedestrian_injured, 0.0 pedestrian_killed, Fair (Day), EDSA Shaw Blvd. Mandaluyong",MMDA Road Safety Unit,,a2d3cec3-12d4-475a-b906-05442d79385f,2014-12-24,06:30:00,EDSA Ortigas Avenue (NB) Mandaluyong,0,0,0,0,0,0,0,0,0,0,2014-12-24 14:30,Property,14.58119822,121.0534578,Side Swipe