LOCATION_TEXT,ROAD,WEATHER,LIGHT,DESC,REPORTING_AGENCY,MAIN_CAUSE,INCIDENTDETAILS_ID,DATE_UTC,TIME_UTC,ADDRESS,killed_driver,killed_passenger,killed_pedestrian,injured_driver,injured_passenger,injured_pedestrian,killed_uncategorized,injured_uncategorized,killed_total,injured_total,DATETIME_PST,SEVERITY,Y,X,COLLISION_TYPE
None,EDSA,None,None,"No Accident Factor, No Collision Stated (based on Police Blotter Book), 0.0 drivers_injured, 0.0 drivers_killed, 0.0 passengers_injured, 0.0 passengers_killed, 0.0 pedestrian_injured, 0.0 pedestrian_killed, Fair (Day), EDSA G.A. Tower, Malamig Mandaluyong",MMDA Road Safety Unit,,b3ff15fc-8892-46f0-9d75-5f2bdba57793,2014-12-23,23:30:00,EDSA before Go Hotel Barangay Barangka Ilaya Mandaluyong,0,0,0,0,0,0,0,0,0,0,2014-12-24 7:30,Property,14.57392638,121.0480715,No Collision Stated
None,EDSA,None,None,"No Accident Factor, Side Swipe, 0.0 drivers_injured, 0.0 drivers_killed, 0.0 passengers_injured, 0.0 passengers_killed, 0.0 pedestrian_injured, 0.0 pedestrian_killed, Fair (Night), EDSA Avida Mandaluyong",MMDA Road Safety Unit,,3883b28f-124a-4055-ae1b-94514357d25d,2014-12-23,14:00:00,EDSA Front of SM Megamall Barangay Wack- Wack  Mandaluyong,0,0,0,0,0,0,0,0,0,0,2014-12-23 22:00,Property,14.577147,121.0507806,Side Swipe
None,EDSA,None,None,"No Accident Factor, Side Swipe, 0.0 drivers_injured, 0.0 drivers_killed, 0.0 passengers_injured, 0.0 passengers_killed, 0.0 pedestrian_injured, 0.0 pedestrian_killed, Fair (Day), EDSA Ortigas Ave. Mandaluyong",MMDA Road Safety Unit,,449435a9-3993-4a1d-80ff-90be6a100339,2014-12-23,02:15:00,EDSA Pioneer Street Barangka Ilaya Mandaluyong,0,0,0,0,0,0,0,0,0,0,2014-12-23 10:15,Property,14.59305232,121.0585643,Side Swipe
None,EDSA,None,None,"No Accident Factor, No Collision Stated (based on Police Blotter Book), 0.0 drivers_injured, 0.0 drivers_killed, 0.0 passengers_injured, 0.0 passengers_killed, 0.0 pedestrian_injured, 0.0 pedestrian_killed, Fair (Night), EDSA Madison St.  Mandaluyong",MMDA Road Safety Unit,,00bb2308-e2e9-4632-b070-ba1e040d9f6b,2014-12-22,16:10:00,EDSA Shaw Boulevard Barangay  Mandaluyong,0,0,0,0,0,0,0,0,0,0,2014-12-23 0:10,Property,14.57464299,121.0489046,No Collision Stated
None,EDSA,None,None,"No Accident Factor, Rear-end, 0.0 drivers_injured, 0.0 drivers_killed, 0.0 passengers_injured, 0.0 passengers_killed, 0.0 pedestrian_injured, 0.0 pedestrian_killed, Fair (Night), EDSA  Shaw Blvd. (EB) Mandaluyong",MMDA Road Safety Unit,,dbeb012b-793e-4bf4-8a3a-ab8d9dc85911,2014-12-20,18:20:00,EDSA Ortigas Avenue  Mandaluyong,0,0,0,0,0,0,0,0,0,0,2014-12-21 2:20,Property,14.58119311,121.0534758,Rear-End
None,EDSA,None,None,"No Accident Factor, No Collision Stated (based on Police Blotter Book), 0.0 drivers_injured, 0.0 drivers_killed, 0.0 passengers_injured, 0.0 passengers_killed, 0.0 pedestrian_injured, 0.0 pedestrian_killed, Fair (Night), EDSA Pinatubo, Malamig  Mandaluyong",MMDA Road Safety Unit,,40a0f094-64b5-4cc0-a591-ad76097720c4,2014-12-15,00:25:00,EDSA Libertad Street Mandaluyong,0,0,0,0,0,0,0,0,0,0,2014-12-15 8:25,Property,14.57321369,121.0476439,No Collision Stated
None,EDSA,None,None,"No Accident Factor, No Collision Stated (based on Police Blotter Book), 0.0 drivers_injured, 0.0 drivers_killed, 0.0 passengers_injured, 0.0 passengers_killed, 0.0 pedestrian_injured, 0.0 pedestrian_killed, Fair (Night), EDSA  G. A. Tower, Malamig Mandaluyong",MMDA Road Safety Unit,,c3eb83a1-c87f-425a-97a4-967eb994a9e7,2014-12-14,21:45:00,EDSA Boni Avenue  Mandaluyong,0,0,0,0,0,0,0,0,0,0,2014-12-15 5:45,Property,14.57448715,121.0485097,No Collision Stated
None,EDSA,None,None,"No Accident Factor, Side Swipe, 0.0 drivers_injured, 0.0 drivers_killed, 0.0 passengers_injured, 0.0 passengers_killed, 0.0 pedestrian_injured, 0.0 pedestrian_killed, Fair (Night), EDSA Shangrila Mandaluyong",MMDA Road Safety Unit,,efe0306c-4b94-40b2-b49d-ec51aaadc4a3,2014-12-12,04:15:00,EDSA Ortigas Avenue  Mandaluyong,0,0,0,0,0,0,0,0,0,0,2014-12-12 12:15,Property,14.58223571,121.0544805,Side Swipe
None,EDSA,None,None,"No Accident Factor, Side Swipe, 0.0 drivers_injured, 0.0 drivers_killed, 0.0 passengers_injured, 0.0 passengers_killed, 0.0 pedestrian_injured, 0.0 pedestrian_killed, Fair (Night), EDSA  SM Megamall Mandaluyong",MMDA Road Safety Unit,,ce2c1d72-1ddd-40cc-9821-bca27944a5c6,2014-12-11,23:50:00,EDSA Star Mall (SB)  Mandaluyong,0,0,0,0,0,0,0,0,0,0,2014-12-12 7:50,Property,14.58578602,121.0561136,Side Swipe
None,EDSA,None,None,"No Accident Factor, Side Swipe, 0.0 drivers_injured, 0.0 drivers_killed, 0.0 passengers_injured, 0.0 passengers_killed, 0.0 pedestrian_injured, 0.0 pedestrian_killed, Fair (Day), EDSA SM Megamall Mandaluyong",MMDA Road Safety Unit,,300a8e24-d2fe-4362-92b9-6fef962fa5ca,2014-12-10,06:30:00,EDSA Guadalupe Bridge Center Island Mandaluyong,0,0,0,0,0,0,0,0,0,0,2014-12-10 14:30,Property,14.58501645,121.0558372,Side Swipe
None,EDSA,None,None,"No Accident Factor, Angle Impact, 0.0 drivers_injured, 0.0 drivers_killed, 0.0 passengers_injured, 0.0 passengers_killed, 0.0 pedestrian_injured, 0.0 pedestrian_killed, Fair (Night), EDSA  Pinatubo Mandaluyong",MMDA Road Safety Unit,,ba13e454-8246-4135-992a-72a80ec251f1,2014-12-09,20:15:00,EDSA Shaw Boulevard Mandaluyong,0,0,0,0,0,0,0,0,0,0,2014-12-10 4:15,Property,14.57124148,121.046524,Angle Impact
None,EDSA,None,None,"No Accident Factor, No Collision Stated (based on Police Blotter Book), 1.0 drivers_injured, 0.0 drivers_killed, 0.0 passengers_injured, 0.0 passengers_killed, 0.0 pedestrian_injured, 0.0 pedestrian_killed, Fair (Night), EDSA Pioneer St. (Robinson Forum) Mandaluyong",MMDA Road Safety Unit,,632a16d6-239c-4660-8a4b-990952894e21,2014-12-08,11:35:00,EDSA Shaw Boulevard (WB) before Pavilion Barangay Highway Hills Mandaluyong,0,0,0,1,0,0,0,0,0,1,2014-12-08 19:35,Injury,14.57236671,121.0472702,No Collision Stated
None,EDSA,None,None,"No Accident Factor, Side Swipe, 0.0 drivers_injured, 0.0 drivers_killed, 0.0 passengers_injured, 0.0 passengers_killed, 0.0 pedestrian_injured, 0.0 pedestrian_killed, Fair (Night), EDSA Guadix St.  Mandaluyong",MMDA Road Safety Unit,,edf80425-0535-4cd6-adb8-ba22b481b5b6,2014-12-06,10:05:00,EDSA Libertad Street Mandaluyong,0,0,0,0,0,0,0,0,0,0,2014-12-06 18:05,Property,14.58948577,121.0573946,Side Swipe
None,EDSA,None,None,"No Accident Factor, Side Swipe, 2.0 drivers_injured, 0.0 drivers_killed, 0.0 passengers_injured, 0.0 passengers_killed, 0.0 pedestrian_injured, 0.0 pedestrian_killed, Fair (Day), EDSA J. Vargas Ave.   Mandaluyong",MMDA Road Safety Unit,,270a0ead-4406-4714-b5cb-19392d655304,2014-12-04,01:10:00,EDSA Guadix Street (NB) Mandaluyong,0,0,0,2,0,0,0,0,0,2,2014-12-04 9:10,Injury,14.58457561,121.0557464,Side Swipe
None,EDSA,None,None,"No Accident Factor, No Collision Stated (based on Police Blotter Book), 0.0 drivers_injured, 0.0 drivers_killed, 0.0 passengers_injured, 0.0 passengers_killed, 0.0 pedestrian_injured, 0.0 pedestrian_killed, Fair (Day), EDSA Shell Gas Station, Highway Hills Mandaluyong",MMDA Road Safety Unit,,14250775-f9fa-432a-800f-02d5abe57eb0,2014-12-02,02:00:00,EDSA Starmall Mandaluyong,0,0,0,0,0,0,0,0,0,0,2014-12-02 10:00,Property,14.57692814,121.0503406,No Collision Stated
None,EDSA,None,None,"No Accident Factor, No Collision Stated (based on Police Blotter Book), 0.0 drivers_injured, 0.0 drivers_killed, 0.0 passengers_injured, 0.0 passengers_killed, 0.0 pedestrian_injured, 0.0 pedestrian_killed, Fair (Day), EDSA Pinatubo St., Malamig Mandaluyong",MMDA Road Safety Unit,,bc8ec499-b735-4d84-b2cf-46b0941eb59a,2014-12-01,23:40:00,EDSA J. Vargas Avenue  Mandaluyong,0,0,0,0,0,0,0,0,0,0,2014-12-02 7:40,Property,14.57321369,121.0476439,No Collision Stated
None,EDSA,None,None,"No Accident Factor, Rear-end, 0.0 drivers_injured, 0.0 drivers_killed, 0.0 passengers_injured, 0.0 passengers_killed, 0.0 pedestrian_injured, 0.0 pedestrian_killed, Fair (Night), EDSA Shaw Blvd. Mandaluyong",MMDA Road Safety Unit,,d100b688-ea88-4554-acc9-fdd712d3dd90,2014-12-01,12:20:00,EDSA Guadix Street  Mandaluyong,0,0,0,0,0,0,0,0,0,0,2014-12-01 20:20,Property,14.58119822,121.0534578,Rear-End
None,EDSA,None,None,"No Accident Factor, Rear-end, 0.0 drivers_injured, 0.0 drivers_killed, 0.0 passengers_injured, 0.0 passengers_killed, 0.0 pedestrian_injured, 0.0 pedestrian_killed, Fair (Night), EDSA Ortigas MRT Station Mandaluyong",MMDA Road Safety Unit,,50732fcf-90b9-4f3b-9474-4a55a1588271,2014-11-29,12:00:00,EDSA Crossing (NB)  Mandaluyong,0,0,0,0,0,0,0,0,0,0,2014-11-29 20:00,Property,14.58789302,121.0566024,Rear-End
None,EDSA,None,None,"No Accident Factor, Rear-end, 0.0 drivers_injured, 0.0 drivers_killed, 0.0 passengers_injured, 0.0 passengers_killed, 0.0 pedestrian_injured, 0.0 pedestrian_killed, Fair (Day), EDSA Ortigas Ave. (SB)  Mandaluyong",MMDA Road Safety Unit,,2b180156-ad3d-4098-a740-3052d30adf2b,2014-11-28,23:00:00,EDSA Shaw Blvd.  Mandaluyong,0,0,0,0,0,0,0,0,0,0,2014-11-29 7:00,Property,14.59327428,121.0582827,Rear-End
None,EDSA,None,None,"No Accident Factor, Hit Object (No Object Stated), 0.0 drivers_injured, 0.0 drivers_killed, 0.0 passengers_injured, 0.0 passengers_killed, 0.0 pedestrian_injured, 0.0 pedestrian_killed, Fair (Night), EDSA  Mandaluyong-Makati Bridge  Mandaluyong",MMDA Road Safety Unit,,e168211c-3745-4b3a-a55a-79d7f61ab0be,2014-11-28,19:45:00,EDSA Boni Avenue (SB) Mandaluyong,0,0,0,0,0,0,0,0,0,0,2014-11-29 3:45,Property,14.56854882,121.0459094,Hit Object
None,EDSA,None,None,"No Accident Factor, Rear-end, 0.0 drivers_injured, 0.0 drivers_killed, 0.0 passengers_injured, 0.0 passengers_killed, 0.0 pedestrian_injured, 0.0 pedestrian_killed, Fair (Day), EDSA Boni Ave.  Mandaluyong",MMDA Road Safety Unit,,575b000b-0c81-4e9e-937b-0f17c6679439,2014-11-28,02:30:00,EDSA Shaw Boulevard Barangay Wack- Wack Mandaluyong,0,0,0,0,0,0,0,0,0,0,2014-11-28 10:30,Property,14.57249077,121.0472372,Rear-End
None,EDSA,None,None,"No Accident Factor, Side Swipe, 0.0 drivers_injured, 0.0 drivers_killed, 0.0 passengers_injured, 0.0 passengers_killed, 0.0 pedestrian_injured, 0.0 pedestrian_killed, Fair (Day), EDSA Shaw Blvd. (SB)  Mandaluyong",MMDA Road Safety Unit,,556a6b0f-1f11-43f2-9028-8498b83bde97,2014-11-27,03:30:00,EDSA Ortigas Ave. Mandaluyong,0,0,0,0,0,0,0,0,0,0,2014-11-27 11:30,Property,14.58119822,121.0534578,Side Swipe
None,EDSA,None,None,"No Accident Factor, No Collision Stated (based on Police Blotter Book), 0.0 drivers_injured, 0.0 drivers_killed, 0.0 passengers_injured, 0.0 passengers_killed, 0.0 pedestrian_injured, 0.0 pedestrian_killed, Fair (Night), EDSA Shaw Blvd.  Mandaluyong",MMDA Road Safety Unit,,302fd23b-3ce0-41e7-ab51-a83aba4b5dc2,2014-11-25,21:40:00,EDSA Boni Avenue  Mandaluyong,0,0,0,0,0,0,0,0,0,0,2014-11-26 5:40,Property,14.58119822,121.0534578,No Collision Stated
None,EDSA,None,None,"No Accident Factor, Side Swipe, 0.0 drivers_injured, 0.0 drivers_killed, 0.0 passengers_injured, 0.0 passengers_killed, 0.0 pedestrian_injured, 0.0 pedestrian_killed, Fair (Day), EDSA Shangrila Exit Mandaluyong",MMDA Road Safety Unit,,4aaa803e-c542-4a8f-a211-e485cc26bf61,2014-11-21,08:20:00,EDSA Boni Avenue  Mandaluyong,0,0,0,0,0,0,0,0,0,0,2014-11-21 16:20,Property,14.58223571,121.0544805,Side Swipe
None,EDSA,None,None,"No Accident Factor, Rear-end, 0.0 drivers_injured, 0.0 drivers_killed, 0.0 passengers_injured, 0.0 passengers_killed, 0.0 pedestrian_injured, 0.0 pedestrian_killed, Fair (Night), EDSA Annapolis St.  Mandaluyong",MMDA Road Safety Unit,,526ed016-3d4e-4b1b-9740-e45704efd8b5,2014-11-20,22:30:00,EDSA before EDSA Crossing  Mandaluyong,0,0,0,0,0,0,0,0,0,0,2014-11-21 6:30,Property,14.60623935,121.0571662,Rear-End
None,EDSA,None,None,"No Accident Factor, No Collision Stated (based on Police Blotter Book), 0.0 drivers_injured, 0.0 drivers_killed, 0.0 passengers_injured, 0.0 passengers_killed, 0.0 pedestrian_injured, 0.0 pedestrian_killed, Fair (Night), EDSA Shaw Blvd.  Mandaluyong",MMDA Road Safety Unit,,eabf5d59-56f6-4133-b1d2-137a35a10b60,2014-11-20,16:05:00,EDSA Shaw Blvd.  Mandaluyong,0,0,0,0,0,0,0,0,0,0,2014-11-21 0:05,Property,14.58119822,121.0534578,No Collision Stated
None,EDSA,None,None,"No Accident Factor, No Collision Stated (based on Police Blotter Book), 0.0 drivers_injured, 0.0 drivers_killed, 0.0 passengers_injured, 0.0 passengers_killed, 0.0 pedestrian_injured, 0.0 pedestrian_killed, Fair (Night), EDSA Robinson Pioneer Mall Mandaluyong",MMDA Road Safety Unit,,da30f041-4d10-4271-a219-888a620f1cf8,2014-11-20,11:00:00,EDSA Shaw Blvd. Crossing Mandaluyong,0,0,0,0,0,0,0,0,0,0,2014-11-20 19:00,Property,14.57190409,121.0471319,No Collision Stated
None,EDSA,None,None,"No Accident Factor, Side Swipe, 0.0 drivers_injured, 0.0 drivers_killed, 0.0 passengers_injured, 0.0 passengers_killed, 0.0 pedestrian_injured, 0.0 pedestrian_killed, Fair (Day), EDSA Robinson Pioneer Loading Bay Mandaluyong",MMDA Road Safety Unit,,38089228-a130-4923-a345-340859484aff,2014-11-20,02:30:00,EDSA Front of Robinson Forum Mandaluyong,0,0,0,0,0,0,0,0,0,0,2014-11-20 10:30,Property,14.57190409,121.0471319,Side Swipe
None,EDSA,None,None,"No Accident Factor, Rear-end, 0.0 drivers_injured, 0.0 drivers_killed, 0.0 passengers_injured, 0.0 passengers_killed, 0.0 pedestrian_injured, 0.0 pedestrian_killed, Fair (Day), EDSA Robinsons Pioneer Mall Mandaluyong",MMDA Road Safety Unit,,caf7ebdf-44e4-4d21-9142-53d1859c6ff3,2014-11-19,04:25:00,EDSA before Libertad Street Mandaluyong,0,0,0,0,0,0,0,0,0,0,2014-11-19 12:25,Property,14.57161544,121.0469258,Rear-End
None,EDSA,None,None,"No Accident Factor, Rear-end, 0.0 drivers_injured, 0.0 drivers_killed, 0.0 passengers_injured, 0.0 passengers_killed, 0.0 pedestrian_injured, 0.0 pedestrian_killed, Fair (Day), EDSA Ortigas Ave.  Mandaluyong",MMDA Road Safety Unit,,d38f85f7-c19c-4d5f-98fc-fb6a8cee485e,2014-11-16,02:30:00,"EDSA fronting PGA Motors, Wack-Wack Mandaluyong",0,0,0,0,0,0,0,0,0,0,2014-11-16 10:30,Property,14.59327428,121.0582827,Rear-End
None,EDSA,None,None,"No Accident Factor, No Collision Stated (based on Police Blotter Book), 0.0 drivers_injured, 0.0 drivers_killed, 0.0 passengers_injured, 0.0 passengers_killed, 0.0 pedestrian_injured, 0.0 pedestrian_killed, Fair (Night), EDSA Florida St. Mandaluyong",MMDA Road Safety Unit,,68b2e437-65b6-4292-a6b7-bf79dc5f4930,2014-11-15,10:30:00,EDSA Ortigas Ave.  Mandaluyong,0,0,0,0,0,0,0,0,0,0,2014-11-15 18:30,Property,14.59428618,121.0585864,No Collision Stated
None,EDSA,None,None,"No Accident Factor, No Collision Stated (based on Police Blotter Book), 0.0 drivers_injured, 0.0 drivers_killed, 0.0 passengers_injured, 0.0 passengers_killed, 0.0 pedestrian_injured, 0.0 pedestrian_killed, Fair (Day), EDSA Petron Gas station, Highway Hills Mandaluyong",MMDA Road Safety Unit,,166daef7-df23-47ae-b1b3-3e232063b030,2014-11-14,23:50:00,EDSA Shaw Boulevard  Mandaluyong,0,0,0,0,0,0,0,0,0,0,2014-11-15 7:50,Property,14.57718563,121.0505519,No Collision Stated
None,EDSA,None,None,"No Accident Factor, Rear-end, 0.0 drivers_injured, 0.0 drivers_killed, 0.0 passengers_injured, 0.0 passengers_killed, 0.0 pedestrian_injured, 0.0 pedestrian_killed, Fair (Night), EDSA Shaw Blvd.  Mandaluyong",MMDA Road Safety Unit,,e5ca0e03-9e23-4b2b-887e-5714c998ea3e,2014-11-14,09:30:00,EDSA Pioneer Street  Mandaluyong,0,0,0,0,0,0,0,0,0,0,2014-11-14 17:30,Property,14.58119822,121.0534578,Rear-End
None,EDSA,None,None,"No Accident Factor, Side Swipe, 0.0 drivers_injured, 0.0 drivers_killed, 0.0 passengers_injured, 0.0 passengers_killed, 0.0 pedestrian_injured, 0.0 pedestrian_killed, Fair (Night), EDSA SM Megamall Exit (NB)  Mandaluyong",MMDA Road Safety Unit,,2a1f7adf-75e0-4076-bfa4-dc14fa7d6d65,2014-11-14,06:45:00,EDSA front of Polymedic  Mandaluyong,0,0,0,0,0,0,0,0,0,0,2014-11-14 14:45,Property,14.58501645,121.0558372,Side Swipe
None,EDSA,None,None,"No Accident Factor, Side Swipe, 0.0 drivers_injured, 0.0 drivers_killed, 0.0 passengers_injured, 0.0 passengers_killed, 0.0 pedestrian_injured, 0.0 pedestrian_killed, Fair (Day), EDSA SM Megamall Mandaluyong",MMDA Road Safety Unit,,d738b9b4-53aa-47cf-a035-3d610ef8d666,2014-11-10,09:45:00,EDSA Pioneer (NB)  Mandaluyong,0,0,0,0,0,0,0,0,0,0,2014-11-10 17:45,Property,14.58501645,121.0558372,Side Swipe
None,EDSA,None,None,"No Accident Factor, Rear-end, 0.0 drivers_injured, 0.0 drivers_killed, 0.0 passengers_injured, 0.0 passengers_killed, 0.0 pedestrian_injured, 0.0 pedestrian_killed, Fair (Day), EDSA Shaw Blvd. Mandaluyong",MMDA Road Safety Unit,,b0a7aa2b-8041-4ba3-9e16-73c0157815dc,2014-11-09,01:00:00,EDSA Boni Avenue  Mandaluyong,0,0,0,0,0,0,0,0,0,0,2014-11-09 9:00,Property,14.58119822,121.0534578,Rear-End
None,EDSA,None,None,"No Accident Factor, Side Swipe, 0.0 drivers_injured, 0.0 drivers_killed, 0.0 passengers_injured, 0.0 passengers_killed, 0.0 pedestrian_injured, 0.0 pedestrian_killed, Fair (Day), EDSA Shaw Blvd., Shangrila Mandaluyong",MMDA Road Safety Unit,,ef8ed0ee-826c-4c74-8258-7bdd6c3aefee,2014-11-09,00:30:00,EDSA Boni Avenue  Mandaluyong,0,0,0,0,0,0,0,0,0,0,2014-11-09 8:30,Property,14.58119822,121.0534578,Side Swipe
None,EDSA,None,None,"No Accident Factor, Side Swipe, 0.0 drivers_injured, 0.0 drivers_killed, 0.0 passengers_injured, 0.0 passengers_killed, 0.0 pedestrian_injured, 0.0 pedestrian_killed, Fair (Night), EDSA Ortigas Ave. Mandaluyong",MMDA Road Safety Unit,,239e09a6-e84e-4941-a6ed-eba7830d3b52,2014-11-06,21:30:00,EDSA Julia Vargas Ave. Mandaluyong,0,0,0,0,0,0,0,0,0,0,2014-11-07 5:30,Property,14.59305232,121.0585643,Side Swipe
None,EDSA,None,None,"No Accident Factor, Rear-end, 0.0 drivers_injured, 0.0 drivers_killed, 0.0 passengers_injured, 0.0 passengers_killed, 0.0 pedestrian_injured, 0.0 pedestrian_killed, Fair (Day), EDSA Ortigas Ave. (POEA) Mandaluyong",MMDA Road Safety Unit,,25790740-ae23-4878-a572-1683190df37c,2014-11-06,00:30:00,EDSA Connecticut Street Mandaluyong,0,0,0,0,0,0,0,0,0,0,2014-11-06 8:30,Property,14.59327428,121.0582827,Rear-End
None,EDSA,None,None,"No Accident Factor, Side Swipe, 0.0 drivers_injured, 0.0 drivers_killed, 0.0 passengers_injured, 0.0 passengers_killed, 0.0 pedestrian_injured, 0.0 pedestrian_killed, Fair (Day), EDSA Boni Ave. (NB)  Mandaluyong",MMDA Road Safety Unit,,c26007e3-7239-4f68-a1c3-eeed33d3ac66,2014-11-04,22:50:00,EDSA Shaw Boulevard Mandaluyong,0,0,0,0,0,0,0,0,0,0,2014-11-05 6:50,Property,14.57249077,121.0472372,Side Swipe
None,EDSA,None,None,"No Accident Factor, Side Swipe, 0.0 drivers_injured, 0.0 drivers_killed, 0.0 passengers_injured, 0.0 passengers_killed, 0.0 pedestrian_injured, 0.0 pedestrian_killed, Fair (Day), EDSA Guadix St. Mandaluyong",MMDA Road Safety Unit,,c7eb29a4-6b10-49f5-986f-eba8f7df7203,2014-11-04,04:00:00,EDSA Julia Vargas Avenue fronting SM Megamall Mandaluyong,0,0,0,0,0,0,0,0,0,0,2014-11-04 12:00,Property,14.58948577,121.0573946,Side Swipe
None,EDSA,None,None,"No Accident Factor, Hit Parked Vehicle, 0.0 drivers_injured, 0.0 drivers_killed, 0.0 passengers_injured, 0.0 passengers_killed, 0.0 pedestrian_injured, 0.0 pedestrian_killed, Fair (Night), EDSA United St. Mandaluyong",MMDA Road Safety Unit,,d3f57f46-f95d-47ae-9a9a-afc2b964d551,2014-11-03,11:30:00,EDSA Boni Avenue Mandaluyong,0,0,0,0,0,0,0,0,0,0,2014-11-03 19:30,Property,14.57931229,121.0523819,Hit Object
None,EDSA,None,None,"No Accident Factor, Rear-end, 0.0 drivers_injured, 0.0 drivers_killed, 0.0 passengers_injured, 0.0 passengers_killed, 0.0 pedestrian_injured, 0.0 pedestrian_killed, Fair (Day), EDSA Shaw Blvd. (SB) Mandaluyong",MMDA Road Safety Unit,,32574daa-b98b-4cf6-83a2-68aaa5bb0c4f,2014-10-31,00:30:00,EDSA SM Megamall Mandaluyong,0,0,0,0,0,0,0,0,0,0,2014-10-31 8:30,Property,14.58119822,121.0534578,Rear-End
None,EDSA,None,None,"No Accident Factor, Angle Impact, 0.0 drivers_injured, 0.0 drivers_killed, 0.0 passengers_injured, 0.0 passengers_killed, 0.0 pedestrian_injured, 0.0 pedestrian_killed, Fair (Day), EDSA Shaw Blvd. Mandaluyong",MMDA Road Safety Unit,,a4033c5d-0804-4807-8cc2-f2df5ed0914d,2014-10-28,22:00:00,EDSA fronting G.A. Tower Mandaluyong,0,0,0,0,0,0,0,0,0,0,2014-10-29 6:00,Property,14.58119822,121.0534578,Angle Impact
None,EDSA,None,None,"No Accident Factor, Rear-end, 0.0 drivers_injured, 0.0 drivers_killed, 0.0 passengers_injured, 0.0 passengers_killed, 0.0 pedestrian_injured, 0.0 pedestrian_killed, Fair (Day), EDSA Ortigas Ave. (SB)  Mandaluyong",MMDA Road Safety Unit,,1fceddf9-da6b-4dbe-a7c3-31d3a88cbc6f,2014-10-27,07:15:00,EDSA fronting Starmall Mandaluyong,0,0,0,0,0,0,0,0,0,0,2014-10-27 15:15,Property,14.59327428,121.0582827,Rear-End
None,EDSA,None,None,"No Accident Factor, Multiple Collision, 0.0 drivers_injured, 0.0 drivers_killed, 0.0 passengers_injured, 0.0 passengers_killed, 0.0 pedestrian_injured, 0.0 pedestrian_killed, Fair (Day), EDSA  SM Megamall (NB)  Mandaluyong",MMDA Road Safety Unit,,a89d2f23-774c-4769-8815-0bd59c805b3d,2014-10-26,23:45:00,"EDSA at loading bay, EDSA Central Mandaluyong",0,0,0,0,0,0,0,0,0,0,2014-10-27 7:45,Property,14.58693732,121.0565454,Multiple
None,EDSA,None,None,"No Accident Factor, Side Swipe, 0.0 drivers_injured, 0.0 drivers_killed, 0.0 passengers_injured, 0.0 passengers_killed, 0.0 pedestrian_injured, 0.0 pedestrian_killed, Fair (Day), EDSA SM Megamall Driveway  Mandaluyong",MMDA Road Safety Unit,,d218f555-eb08-4f28-bd66-37e856d4cbbe,2014-10-25,08:40:00,EDSA Shaw Boulevard (EB) Barangay Highway Hills  Mandaluyong,0,0,0,0,0,0,0,0,0,0,2014-10-25 16:40,Property,14.58699737,121.0565403,Side Swipe
None,EDSA,None,None,"No Accident Factor, No Collision Stated (based on Police Blotter Book), 0.0 drivers_injured, 0.0 drivers_killed, 0.0 passengers_injured, 0.0 passengers_killed, 0.0 pedestrian_injured, 0.0 pedestrian_killed, Fair (Night), EDSA Shaw Blvd. Mandaluyong",MMDA Road Safety Unit,,4b1ead70-d410-4861-85ac-a491cc8b4100,2014-10-24,10:30:00,EDSA Boni Avenue fronting Caltex Gasoline Station Mandaluyong,0,0,0,0,0,0,0,0,0,0,2014-10-24 18:30,Property,14.58119822,121.0534578,No Collision Stated
None,EDSA,None,None,"No Accident Factor, No Collision Stated (based on Police Blotter Book), 0.0 drivers_injured, 0.0 drivers_killed, 0.0 passengers_injured, 0.0 passengers_killed, 0.0 pedestrian_injured, 0.0 pedestrian_killed, Fair (Night), EDSA Boni Ave. Mandaluyong",MMDA Road Safety Unit,,7f2c3a10-cf7f-4927-8e63-43b37cd8e3fb,2014-10-23,18:45:00,EDSA Ortigas Avenue Mandaluyong  Mandaluyong,0,0,0,0,0,0,0,0,0,0,2014-10-24 2:45,Property,14.57242918,121.0471629,No Collision Stated
None,EDSA,None,None,"No Accident Factor, Side Swipe, 0.0 drivers_injured, 0.0 drivers_killed, 0.0 passengers_injured, 0.0 passengers_killed, 0.0 pedestrian_injured, 0.0 pedestrian_killed, Fair (Day), EDSA Shaw Blvd.  Mandaluyong",MMDA Road Safety Unit,,b7bc6ef2-780b-47e1-a50f-c13afb109d6a,2014-10-20,01:45:00,EDSA Madison Street Mandaluyong,0,0,0,0,0,0,0,0,0,0,2014-10-20 9:45,Property,14.58119822,121.0534578,Side Swipe
None,EDSA,None,None,"No Accident Factor, Side Swipe, 0.0 drivers_injured, 0.0 drivers_killed, 0.0 passengers_injured, 0.0 passengers_killed, 0.0 pedestrian_injured, 0.0 pedestrian_killed, Fair (Day), EDSA J. Vargas Ave. Mandaluyong",MMDA Road Safety Unit,,6b906dfd-9a81-4bbd-b0f5-72fd4c488661,2014-10-17,05:30:00,EDSA Domingo Guevarra Jr.  Mandaluyong,0,0,0,0,0,0,0,0,0,0,2014-10-17 13:30,Property,14.58457561,121.0557464,Side Swipe
None,EDSA,None,None,"No Accident Factor, Side Swipe, 0.0 drivers_injured, 0.0 drivers_killed, 0.0 passengers_injured, 0.0 passengers_killed, 0.0 pedestrian_injured, 0.0 pedestrian_killed, Fair (Day), EDSA Ortigas Ave.  Mandaluyong",MMDA Road Safety Unit,,66284ec0-d9a4-4b14-82a5-f69abb59a13d,2014-10-16,04:45:00,EDSA Shangrila Mall Wack Wack  Mandaluyong,0,0,0,0,0,0,0,0,0,0,2014-10-16 12:45,Property,14.59327428,121.0582827,Side Swipe
None,EDSA,None,None,"No Accident Factor, Rear-end, 0.0 drivers_injured, 0.0 drivers_killed, 0.0 passengers_injured, 0.0 passengers_killed, 0.0 pedestrian_injured, 0.0 pedestrian_killed, Fair (Day), EDSA Ortigas Ave.  Mandaluyong",MMDA Road Safety Unit,,e54d0a12-0cf4-4ad9-b8f5-5f082407d3a5,2014-10-11,04:45:00,EDSA Star Mall Wack Wack  Mandaluyong,0,0,0,0,0,0,0,0,0,0,2014-10-11 12:45,Property,14.59327428,121.0582827,Rear-End