LOCATION_TEXT,ROAD,WEATHER,LIGHT,DESC,REPORTING_AGENCY,MAIN_CAUSE,INCIDENTDETAILS_ID,DATE_UTC,TIME_UTC,ADDRESS,killed_driver,killed_passenger,killed_pedestrian,injured_driver,injured_passenger,injured_pedestrian,killed_uncategorized,injured_uncategorized,killed_total,injured_total,DATETIME_PST,SEVERITY,Y,X,COLLISION_TYPE
None,EDSA,None,None,"No Accident Factor, Rear-end, 0.0 drivers_injured, 0.0 drivers_killed, 0.0 passengers_injured, 0.0 passengers_killed, 0.0 pedestrian_injured, 0.0 pedestrian_killed, Fair (Day), EDSA Robinsons Mall Pioneer Mandaluyong",MMDA Road Safety Unit,,dc0e7dd6-90f8-4aa8-b3b8-2c7dd1464914,2014-10-10,07:30:00,EDSA Connecticut St. Mandaluyong,0,0,0,0,0,0,0,0,0,0,2014-10-10 15:30,Property,14.57161544,121.0469258,Rear-End
None,EDSA,None,None,"No Accident Factor, Angle Impact, 0.0 drivers_injured, 0.0 drivers_killed, 0.0 passengers_injured, 0.0 passengers_killed, 0.0 pedestrian_injured, 0.0 pedestrian_killed, Fair (Night), EDSA Pioneer St.  Mandaluyong",MMDA Road Safety Unit,,672a86ab-c124-45a8-a594-2924393e33fb,2014-10-07,10:20:00,"EDSA Shaw Blvd., Bgy.Highway Hills Mandaluyong",0,0,0,0,0,0,0,0,0,0,2014-10-07 18:20,Property,14.57236671,121.0472702,Angle Impact
None,EDSA,None,None,"No Accident Factor, Rear-end, 0.0 drivers_injured, 0.0 drivers_killed, 1.0 passengers_injured, 0.0 passengers_killed, 0.0 pedestrian_injured, 0.0 pedestrian_killed, Fair (Night), EDSA Shaw Blvd. (SB)  Mandaluyong",MMDA Road Safety Unit,,1d40371b-8669-4482-a216-075998b48ab9,2014-10-05,05:45:00,EDSA Ortigas Ave. Mandaluyong,0,0,0,0,1,0,0,0,0,1,2014-10-05 13:45,Injury,14.58119822,121.0534578,Rear-End
None,EDSA,None,None,"No Accident Factor, No Collision Stated (based on Police Blotter Book), 0.0 drivers_injured, 0.0 drivers_killed, 0.0 passengers_injured, 0.0 passengers_killed, 0.0 pedestrian_injured, 0.0 pedestrian_killed, Fair (Night), EDSA Sultan St.  Mandaluyong",MMDA Road Safety Unit,,4be44f4e-c37e-4b2c-b8e2-edbdab208157,2014-10-04,19:35:00,EDSA Shaw Blvd. Mandaluyong,0,0,0,0,0,0,0,0,0,0,2014-10-05 3:35,Property,14.5805687,121.0529959,No Collision Stated
None,EDSA,None,None,"No Accident Factor, Side Swipe, 0.0 drivers_injured, 0.0 drivers_killed, 0.0 passengers_injured, 0.0 passengers_killed, 0.0 pedestrian_injured, 0.0 pedestrian_killed, Fair (Night), EDSA Robinsons Forum Mandaluyong",MMDA Road Safety Unit,,acd25eeb-aa91-449d-adaf-6f37508f5941,2014-10-02,10:45:00,EDSA  Ortigas Ave.  Mandaluyong,0,0,0,0,0,0,0,0,0,0,2014-10-02 18:45,Property,14.57182388,121.0470705,Side Swipe
None,EDSA,None,None,"No Accident Factor, Rear-end, 0.0 drivers_injured, 0.0 drivers_killed, 0.0 passengers_injured, 0.0 passengers_killed, 0.0 pedestrian_injured, 0.0 pedestrian_killed, Rain (Night), EDSA Shangrila Plaza Mandaluyong",MMDA Road Safety Unit,,0b26fe53-45b9-4c06-b504-70f34107fbca,2014-10-01,10:30:00,EDSA  fronting RICOA Mandaluyong,0,0,0,0,0,0,0,0,0,0,2014-10-01 18:30,Property,14.58223571,121.0544805,Rear-End
None,EDSA,None,None,"No Accident Factor, Side Swipe, 0.0 drivers_injured, 0.0 drivers_killed, 0.0 passengers_injured, 0.0 passengers_killed, 0.0 pedestrian_injured, 0.0 pedestrian_killed, Fair (Night), EDSA Shaw Blvd. (SB)  Mandaluyong",MMDA Road Safety Unit,,65db289b-8c9b-48bd-8463-7419ca15e7c1,2014-09-30,04:20:00,EDSA  fronting Total Highway Hills Mandaluyong,0,0,0,0,0,0,0,0,0,0,2014-09-30 12:20,Property,14.58119822,121.0534578,Side Swipe
None,EDSA,None,None,"No Accident Factor, Rear-end, 0.0 drivers_injured, 0.0 drivers_killed, 0.0 passengers_injured, 0.0 passengers_killed, 0.0 pedestrian_injured, 0.0 pedestrian_killed, Fair (Night), EDSA Shell Gas Station, Highway Hills Mandaluyong",MMDA Road Safety Unit,,08813718-1158-4a0d-bb99-c03863bac19e,2014-09-29,10:00:00,EDSA  Shaw Blvd. Mandaluyong,0,0,0,0,0,0,0,0,0,0,2014-09-29 18:00,Property,14.57692814,121.0503406,Rear-End
None,EDSA,None,None,"No Accident Factor, Self-Accident, 0.0 drivers_injured, 0.0 drivers_killed, 0.0 passengers_injured, 0.0 passengers_killed, 0.0 pedestrian_injured, 0.0 pedestrian_killed, Fair (Night), EDSA  Shaw Blvd.  Mandaluyong",MMDA Road Safety Unit,,76f97f23-e4c8-427c-a26e-8e14234ad772,2014-09-29,01:50:00,EDSA  Crossing Ibabaw Mandaluyong,0,0,0,0,0,0,0,0,0,0,2014-09-29 9:50,Property,14.58132487,121.0538058,Self-Accident
None,EDSA,None,None,"No Accident Factor, No Collision Stated (based on Police Blotter Book), 0.0 drivers_injured, 0.0 drivers_killed, 0.0 passengers_injured, 0.0 passengers_killed, 0.0 pedestrian_injured, 0.0 pedestrian_killed, Fair (Night), EDSA Shaw Blvd.  Mandaluyong",MMDA Road Safety Unit,,83ec3d84-d523-4d2c-86c8-496e13c34690,2014-09-26,16:50:00,EDSA  before Shaw Blvd. Mandaluyong,0,0,0,0,0,0,0,0,0,0,2014-09-27 0:50,Property,14.58119822,121.0534578,No Collision Stated
None,EDSA,None,None,"No Accident Factor, Side Swipe, 0.0 drivers_injured, 0.0 drivers_killed, 0.0 passengers_injured, 0.0 passengers_killed, 0.0 pedestrian_injured, 0.0 pedestrian_killed, Fair (Night), EDSA Shaw Blvd.  Mandaluyong",MMDA Road Safety Unit,,2e988b00-1888-4246-b2a4-660c621a0914,2014-09-26,01:20:00,EDSA  Boni N/B Brgy. Ilaya  Mandaluyong,0,0,0,0,0,0,0,0,0,0,2014-09-26 9:20,Property,14.58119822,121.0534578,Side Swipe
None,EDSA,None,None,"No Accident Factor, Hit and Run (No Collision Stated), 0.0 drivers_injured, 0.0 drivers_killed, 0.0 passengers_injured, 0.0 passengers_killed, 0.0 pedestrian_injured, 0.0 pedestrian_killed, Fair (Night), EDSA Reliance St Mandaluyong",MMDA Road Safety Unit,,1af5011d-66d8-4da0-9349-e553d29bf64f,2014-09-22,00:30:00,EDSA   Fronting Mega Mall  Mandaluyong,0,0,0,0,0,0,0,0,0,0,2014-09-22 8:30,Property,14.57669064,121.0504494,No Collision Stated
None,EDSA,None,None,"No Accident Factor, Rear-end, 0.0 drivers_injured, 0.0 drivers_killed, 0.0 passengers_injured, 0.0 passengers_killed, 0.0 pedestrian_injured, 0.0 pedestrian_killed, Fair (Night), EDSA Ortigas Ave.  Mandaluyong",MMDA Road Safety Unit,,aa6d72cd-4308-4886-aa14-c84b2e4d86be,2014-09-22,00:10:00,EDSA  Shaw Blvd.  Mandaluyong,0,0,0,0,0,0,0,0,0,0,2014-09-22 8:10,Property,14.59327428,121.0582827,Rear-End
None,EDSA,None,None,"No Accident Factor, Side Swipe, 0.0 drivers_injured, 0.0 drivers_killed, 0.0 passengers_injured, 0.0 passengers_killed, 0.0 pedestrian_injured, 0.0 pedestrian_killed, Fair (Night), EDSA VRPMC Mandaluyong",MMDA Road Safety Unit,,7722f1e8-7151-4414-b36c-1d92e7c71e7a,2014-09-17,04:30:00,EDSA  Ortigas Avenue  Mandaluyong,0,0,0,0,0,0,0,0,0,0,2014-09-17 12:30,Property,14.57681109,121.0502639,Side Swipe
None,EDSA,None,None,"No Accident Factor, Side Swipe, 0.0 drivers_injured, 0.0 drivers_killed, 0.0 passengers_injured, 0.0 passengers_killed, 0.0 pedestrian_injured, 0.0 pedestrian_killed, Fair (Night), EDSA Boni Ave.  Mandaluyong",MMDA Road Safety Unit,,2b7ae465-bc3d-4870-a3e0-214ab8b21d0e,2014-09-15,10:00:00,EDSA  Corner Boni Barangka  Mandaluyong,0,0,0,0,0,0,0,0,0,0,2014-09-15 18:00,Property,14.57249077,121.0472372,Side Swipe
None,EDSA,None,None,"No Accident Factor, Multiple Collision, 0.0 drivers_injured, 0.0 drivers_killed, 0.0 passengers_injured, 0.0 passengers_killed, 0.0 pedestrian_injured, 0.0 pedestrian_killed, Fair (Night), EDSA SM Mega Mall, Wack-Wack Mandaluyong",MMDA Road Safety Unit,,791f5d75-e919-46ad-923b-eed1ded80045,2014-09-12,20:05:00,EDSA  Shaw Blvd.  Mandaluyong,0,0,0,0,0,0,0,0,0,0,2014-09-13 4:05,Property,14.58501645,121.0558372,Multiple
None,EDSA,None,None,"No Accident Factor, Hit and Run (No Collision Stated), 0.0 drivers_injured, 0.0 drivers_killed, 0.0 passengers_injured, 0.0 passengers_killed, 0.0 pedestrian_injured, 0.0 pedestrian_killed, Fair (Day), EDSA Shaw Blvd. (EB) Mandaluyong",MMDA Road Safety Unit,,92147dc4-991e-4791-971d-cd06cf93793a,2014-09-12,09:45:00,EDSA before Shaw Blvd.  Mandaluyong,0,0,0,0,0,0,0,0,0,0,2014-09-12 17:45,Property,14.58119822,121.0534578,No Collision Stated
None,EDSA,None,None,"No Accident Factor, Side Swipe, 0.0 drivers_injured, 0.0 drivers_killed, 0.0 passengers_injured, 0.0 passengers_killed, 0.0 pedestrian_injured, 0.0 pedestrian_killed, Fair (Day), EDSA Polymedic Hospital  Mandaluyong",MMDA Road Safety Unit,,b9a3e333-7a45-4497-b6b3-bb53d8e7817f,2014-09-11,23:00:00,EDSA Megamall Wack - Wack  Mandaluyong,0,0,0,0,0,0,0,0,0,0,2014-09-12 7:00,Property,14.57678194,121.0502657,Side Swipe
None,EDSA,None,None,"No Accident Factor, Side Swipe, 0.0 drivers_injured, 0.0 drivers_killed, 0.0 passengers_injured, 0.0 passengers_killed, 0.0 pedestrian_injured, 0.0 pedestrian_killed, Fair (Day), EDSA  Ortigas Ave. (EB)  Mandaluyong",MMDA Road Safety Unit,,4b4cd78d-358e-4698-b84f-87d078a57f21,2014-09-11,04:30:00,EDSA  before J. Vargas Avenue  Mandaluyong,0,0,0,0,0,0,0,0,0,0,2014-09-11 12:30,Property,14.59324361,121.0584474,Side Swipe
None,EDSA,None,None,"No Accident Factor, Rear-end, 0.0 drivers_injured, 0.0 drivers_killed, 0.0 passengers_injured, 0.0 passengers_killed, 0.0 pedestrian_injured, 0.0 pedestrian_killed, Fair (Night), EDSA EDSA Central (NB) Mandaluyong",MMDA Road Safety Unit,,32d60508-c101-4be8-b458-af7fc4cfac84,2014-09-08,12:00:00,EDSA Guadix Drive Mandaluyong,0,0,0,0,0,0,0,0,0,0,2014-09-08 20:00,Property,14.57994372,121.0528367,Rear-End
None,EDSA,None,None,"No Accident Factor, No Collision Stated (based on Police Blotter Book), 0.0 drivers_injured, 0.0 drivers_killed, 0.0 passengers_injured, 0.0 passengers_killed, 0.0 pedestrian_injured, 0.0 pedestrian_killed, Fair (Night), EDSA CATS Mandaluyong",MMDA Road Safety Unit,,a18b992c-725f-46d3-bdc9-b6a7ca547508,2014-08-29,11:40:00,EDSA Pioneer Bgy.Barangka Mandaluyong,0,0,0,0,0,0,0,0,0,0,2014-08-29 19:40,Property,14.60386499,121.0582554,No Collision Stated
None,EDSA,None,None,"No Accident Factor, Side Swipe, 0.0 drivers_injured, 0.0 drivers_killed, 0.0 passengers_injured, 0.0 passengers_killed, 0.0 pedestrian_injured, 0.0 pedestrian_killed, Rain (Day), EDSA J, Vargas Ave. (EB) Mandaluyong",MMDA Road Safety Unit,,7ec8eb62-e893-4ccd-8f4d-618977fdfb90,2014-08-29,09:50:00,EDSA  J. Vargas Ave. Wack - Wack Mandaluyong,0,0,0,0,0,0,0,0,0,0,2014-08-29 17:50,Property,14.58464123,121.0557452,Side Swipe
None,EDSA,None,None,"No Accident Factor, No Collision Stated (Based on Police Blotter Book), 0.0 drivers_injured, 0.0 drivers_killed, 0.0 passengers_injured, 0.0 passengers_killed, 0.0 pedestrian_injured, 0.0 pedestrian_killed, Fair (Night), EDSA Reliance St. (NB) Mandaluyong",MMDA Road Safety Unit,,104956e5-5603-4bc7-8388-dc98571cfc33,2014-08-22,13:30:00,EDSA  SM Megamall Bldg. A Exit Mandaluyong,0,0,0,0,0,0,0,0,0,0,2014-08-22 21:30,Property,14.57669064,121.0504494,No Collision Stated
None,EDSA,None,None,"No Accident Factor, Side Swipe, 0.0 drivers_injured, 0.0 drivers_killed, 0.0 passengers_injured, 0.0 passengers_killed, 0.0 pedestrian_injured, 0.0 pedestrian_killed, Fair (Night), EDSA Ortigas Ave. (WB) Mandaluyong",MMDA Road Safety Unit,,5f7caccf-118d-4ef8-8d7d-957e404570b6,2014-08-19,14:20:00,EDSA Shaw Blvd. Mandaluyong,0,0,0,0,0,0,0,0,0,0,2014-08-19 22:20,Property,14.59327428,121.0582827,Side Swipe
None,EDSA,None,None,"No Accident Factor, Side Swipe, 0.0 drivers_injured, 0.0 drivers_killed, 0.0 passengers_injured, 0.0 passengers_killed, 0.0 pedestrian_injured, 0.0 pedestrian_killed, Fair (Night), EDSA Ortigas Ave. (WB) Mandaluyong",MMDA Road Safety Unit,,26e97ae5-99af-4814-89d7-6d9075a61a71,2014-08-19,14:20:00,EDSA D.M Guevarra Mandaluyong,0,0,0,0,0,0,0,0,0,0,2014-08-19 22:20,Property,14.59327428,121.0582827,Side Swipe
None,EDSA,None,None,"No Accident Factor, Side Swipe, 0.0 drivers_injured, 0.0 drivers_killed, 0.0 passengers_injured, 0.0 passengers_killed, 0.0 pedestrian_injured, 0.0 pedestrian_killed, Fair (Day), EDSA Shaw Blvd. (NB) Mandaluyong",MMDA Road Safety Unit,,3776554a-b269-4fc9-af7b-a568924eb01d,2014-08-15,11:00:00,EDSA  Guadix Street Wack Wack Mandaluyong,0,0,0,0,0,0,0,0,0,0,2014-08-15 19:00,Property,14.58119822,121.0534578,Side Swipe
None,EDSA,None,None,"No Accident Factor, No Collision Stated (Based on Police Blotter Book), 0.0 drivers_injured, 0.0 drivers_killed, 0.0 passengers_injured, 0.0 passengers_killed, 0.0 pedestrian_injured, 0.0 pedestrian_killed, Fair (Night), EDSA Shaw Blvd. Mandaluyong",MMDA Road Safety Unit,,46b9b738-0c05-4da8-8928-bfbd4546ea18,2014-08-13,10:40:00,EDSA Boni Ave. Mandaluyong,0,0,0,0,0,0,0,0,0,0,2014-08-13 18:40,Property,14.58119822,121.0534578,No Collision Stated
None,EDSA,None,None,"No Accident Factor, Rear-end, 0.0 drivers_injured, 0.0 drivers_killed, 0.0 passengers_injured, 0.0 passengers_killed, 0.0 pedestrian_injured, 0.0 pedestrian_killed, Fair (Day), EDSA Shaw Blvd. Mandaluyong",MMDA Road Safety Unit,,a46458c2-6b16-457d-84ca-f5c22357df79,2014-08-13,07:35:00,EDSA Ortigas MRT Station  Mandaluyong,0,0,0,0,0,0,0,0,0,0,2014-08-13 15:35,Property,14.58119822,121.0534578,Rear-End
None,EDSA,None,None,"No Accident Factor, Rear-end, 0.0 drivers_injured, 0.0 drivers_killed, 0.0 passengers_injured, 0.0 passengers_killed, 0.0 pedestrian_injured, 0.0 pedestrian_killed, Fair (Day), EDSA Boni Ave. (NB) Mandaluyong",MMDA Road Safety Unit,,04987bd2-d0fa-4c77-b0f8-0646ef417791,2014-08-13,03:00:00,EDSA   Guadix Street Wack Wack Mandaluyong,0,0,0,0,0,0,0,0,0,0,2014-08-13 11:00,Property,14.57249077,121.0472372,Rear-End
None,EDSA,None,None,"No Accident Factor, Side Swipe, 0.0 drivers_injured, 0.0 drivers_killed, 0.0 passengers_injured, 0.0 passengers_killed, 0.0 pedestrian_injured, 0.0 pedestrian_killed, Fair (Day), EDSA Pinatubo St.  Mandaluyong",MMDA Road Safety Unit,,edd8efc5-b88a-47f1-865a-5ca9cd6ec987,2014-08-13,02:25:00,EDSA Shaw Blvd. (SB) Mandaluyong,0,0,0,0,0,0,0,0,0,0,2014-08-13 10:25,Property,14.57321369,121.0476439,Side Swipe
None,EDSA,None,None,"No Accident Factor, Rear-end, 0.0 drivers_injured, 0.0 drivers_killed, 0.0 passengers_injured, 0.0 passengers_killed, 0.0 pedestrian_injured, 0.0 pedestrian_killed, Fair (Day), EDSA VRPMC Hospital Mandaluyong",MMDA Road Safety Unit,,f6495a49-70c1-492b-a8af-8954722ac3f5,2014-08-13,00:45:00,EDSA Ortigas Ave. Mandaluyong,0,0,0,0,0,0,0,0,0,0,2014-08-13 8:45,Property,14.57681109,121.0502639,Rear-End
None,EDSA,None,None,"No Accident Factor, No Collision Stated (Based on Police Blotter Book), 0.0 drivers_injured, 0.0 drivers_killed, 0.0 passengers_injured, 0.0 passengers_killed, 0.0 pedestrian_injured, 0.0 pedestrian_killed, Fair (Day), EDSA Boni Ave. MRT station Mandaluyong",MMDA Road Safety Unit,,e4f1fd02-28f0-4aa7-ac85-36d8c8b9ef0b,2014-08-10,14:30:00,EDSA fronting Robinson Pioneer Mandaluyong,0,0,0,0,0,0,0,0,0,0,2014-08-10 22:30,Property,14.57372098,121.0479555,No Collision Stated
None,EDSA,None,None,"No Accident Factor, No Collision Stated (Based on Police Blotter Book), 0.0 drivers_injured, 0.0 drivers_killed, 2.0 passengers_injured, 0.0 passengers_killed, 0.0 pedestrian_injured, 0.0 pedestrian_killed, Fair (Day), EDSA Guadalupe Bridge Mandaluyong",MMDA Road Safety Unit,,d0aaf877-a4c7-413f-bf1b-4d85d786a185,2014-08-09,20:30:00,EDSA before Ortigas Ave. Mandaluyong,0,0,0,0,2,0,0,0,0,2,2014-08-10 4:30,Injury,14.5685496,121.0460027,No Collision Stated
None,EDSA,None,None,"No Accident Factor, No Collision Stated (Based on Police Blotter Book), 0.0 drivers_injured, 0.0 drivers_killed, 0.0 passengers_injured, 0.0 passengers_killed, 0.0 pedestrian_injured, 0.0 pedestrian_killed, Fair (Night), EDSA Pioneer St.  Mandaluyong",MMDA Road Safety Unit,,083a4598-8e26-4bd9-97f0-d80d1b5c31ed,2014-08-07,10:40:00,EDSA fronting Highway 54 Mandaluyong,0,0,0,0,0,0,0,0,0,0,2014-08-07 18:40,Property,14.57236671,121.0472702,No Collision Stated
None,EDSA,None,None,"No Accident Factor, Side Swipe, 0.0 drivers_injured, 0.0 drivers_killed, 0.0 passengers_injured, 0.0 passengers_killed, 0.0 pedestrian_injured, 0.0 pedestrian_killed, Fair (Night), EDSA Shaw Blvd.  Mandaluyong",MMDA Road Safety Unit,,6ed57f34-3d1c-4780-bd7d-e5f25bec9433,2014-08-07,01:30:00,EDSA Pioneer   Mandaluyong,0,0,0,0,0,0,0,0,0,0,2014-08-07 9:30,Property,14.58119822,121.0534578,Side Swipe
None,EDSA,None,None,"No Accident Factor, Rear-end, 0.0 drivers_injured, 0.0 drivers_killed, 1.0 passengers_injured, 0.0 passengers_killed, 0.0 pedestrian_injured, 0.0 pedestrian_killed, Rain (Night), EDSA G. A. Tower, Malamig Mandaluyong",MMDA Road Safety Unit,,277eb5b6-1f9e-4871-b07e-68f633529f9d,2014-08-05,13:00:00,EDSA crossing Mandaluyong,0,0,0,0,1,0,0,0,0,1,2014-08-05 21:00,Injury,14.57386012,121.0480107,Rear-End
None,EDSA,None,None,"No Accident Factor, No Collision Stated (Based on Police Blotter Book), 0.0 drivers_injured, 0.0 drivers_killed, 0.0 passengers_injured, 0.0 passengers_killed, 0.0 pedestrian_injured, 0.0 pedestrian_killed, Fair (Night), EDSA Pinatubo St.  Mandaluyong",MMDA Road Safety Unit,,c2a3f96b-ee88-4a52-a8f8-b5a4c0c58bbb,2014-08-03,13:00:00,EDSA Shaw Blvd. Mandaluyong,0,0,0,0,0,0,0,0,0,0,2014-08-03 21:00,Property,14.57321369,121.0476439,No Collision Stated
None,EDSA,None,None,"No Accident Factor, Hit Object (Fence/Wall-Steel), 0.0 drivers_injured, 0.0 drivers_killed, 0.0 passengers_injured, 0.0 passengers_killed, 0.0 pedestrian_injured, 0.0 pedestrian_killed, Rain (Night), EDSA Ortigas Ave. Mandaluyong",MMDA Road Safety Unit,,cd51cc05-7bc0-4462-81be-e2e3f6a319a4,2014-07-31,15:00:00,EDSA Shaw Crossing fronting Shangrila Mall Mandaluyong,0,0,0,0,0,0,0,0,0,0,2014-07-31 23:00,Property,14.59305232,121.0585643,Hit Object
None,EDSA,None,None,"No Accident Factor, Side Swipe, 0.0 drivers_injured, 0.0 drivers_killed, 0.0 passengers_injured, 0.0 passengers_killed, 0.0 pedestrian_injured, 0.0 pedestrian_killed, Fair (Day), EDSA Robinsons Pioneer Mandaluyong",MMDA Road Safety Unit,,6c64a093-cc16-4ce7-a7ba-3e9eaade31de,2014-07-30,05:20:00,EDSA Pinatubo st. Mandaluyong,0,0,0,0,0,0,0,0,0,0,2014-07-30 13:20,Property,14.57161544,121.0469258,Side Swipe
None,EDSA,None,None,"No Accident Factor, Side Swipe, 0.0 drivers_injured, 0.0 drivers_killed, 0.0 passengers_injured, 0.0 passengers_killed, 0.0 pedestrian_injured, 0.0 pedestrian_killed, Fair (Night), EDSA Guadalupe (SB) Mandaluyong",MMDA Road Safety Unit,,ab473dff-0a45-4b0b-9040-9b10316b11aa,2014-07-30,01:30:00,EDSA MRT-Boni Station Mandaluyong,0,0,0,0,0,0,0,0,0,0,2014-07-30 9:30,Property,14.56797403,121.0457966,Side Swipe
None,EDSA,None,None,"No Accident Factor, Rear-end, 0.0 drivers_injured, 0.0 drivers_killed, 0.0 passengers_injured, 0.0 passengers_killed, 0.0 pedestrian_injured, 0.0 pedestrian_killed, Rain (Night), EDSA Boni Ave. - MRT Station, Ilaya Mandaluyong",MMDA Road Safety Unit,,5546d7b6-97d6-4241-9231-66cbb79c18f2,2014-07-29,21:30:00,EDSA fronting Starmall Mandaluyong,0,0,0,0,0,0,0,0,0,0,2014-07-30 5:30,Property,14.57386186,121.0482194,Rear-End
None,EDSA,None,None,"No Accident Factor, No Collision Stated (based on Police Blotter Book), 0.0 drivers_injured, 0.0 drivers_killed, 0.0 passengers_injured, 0.0 passengers_killed, 0.0 pedestrian_injured, 0.0 pedestrian_killed, Fair (Night), EDSA Pioneer St.  Mandaluyong",MMDA Road Safety Unit,,6a207d3a-a509-4c81-88dc-039ffb7c87bc,2014-07-29,20:30:00,EDSA Boni MRT Mandaluyong,0,0,0,0,0,0,0,0,0,0,2014-07-30 4:30,Property,14.57236671,121.0472702,No Collision Stated
None,EDSA,None,None,"No Accident Factor, No Collision Stated (based on Police Blotter Book), 0.0 drivers_injured, 0.0 drivers_killed, 0.0 passengers_injured, 0.0 passengers_killed, 0.0 pedestrian_injured, 0.0 pedestrian_killed, Fair (Night), EDSA Pioneer St.  Mandaluyong",MMDA Road Safety Unit,,9db489e4-ab23-4881-ad94-5a91a4bf8a50,2014-07-29,20:00:00,EDSA crossing Mandaluyong,0,0,0,0,0,0,0,0,0,0,2014-07-30 4:00,Property,14.57236671,121.0472702,No Collision Stated
None,EDSA,None,None,"No Accident Factor, Angle Impact, 0.0 drivers_injured, 0.0 drivers_killed, 0.0 passengers_injured, 0.0 passengers_killed, 0.0 pedestrian_injured, 0.0 pedestrian_killed, Fair (Day), EDSA G. A. Tower Mandaluyong",MMDA Road Safety Unit,,00136772-54ba-468f-abd4-79260eaf488b,2014-07-27,23:45:00,EDSA fronting Mrt Ortigas Mandaluyong,0,0,0,0,0,0,0,0,0,0,2014-07-28 7:45,Property,14.57386012,121.0480107,Angle Impact
None,EDSA,None,None,"No Accident Factor, No Collision Stated (based on Police Blotter Book), 0.0 drivers_injured, 0.0 drivers_killed, 0.0 passengers_injured, 0.0 passengers_killed, 0.0 pedestrian_injured, 0.0 pedestrian_killed, Fair (Day), EDSA GO Hotel, Buayang Bato Mandaluyong",MMDA Road Safety Unit,,7ea20c3d-aee5-4c5c-a1ed-4385c46f359a,2014-07-27,02:50:00,EDSA fronting Starmall Mandaluyong,0,0,0,0,0,0,0,0,0,0,2014-07-27 10:50,Property,14.57001193,121.0464575,No Collision Stated
None,EDSA,None,None,"No Accident Factor, Angle Impact, 0.0 drivers_injured, 0.0 drivers_killed, 0.0 passengers_injured, 0.0 passengers_killed, 0.0 pedestrian_injured, 0.0 pedestrian_killed, Fair (Night), EDSA Pinatubo St.  Mandaluyong",MMDA Road Safety Unit,,b5901525-5ff5-48d1-be11-6d1c0bcc5b80,2014-07-23,10:00:00,EDSA Libertad St. Mandaluyong,0,0,0,0,0,0,0,0,0,0,2014-07-23 18:00,Property,14.57321369,121.0476439,Angle Impact
None,EDSA,None,None,"No Accident Factor, Side Swipe, 0.0 drivers_injured, 0.0 drivers_killed, 0.0 passengers_injured, 0.0 passengers_killed, 0.0 pedestrian_injured, 0.0 pedestrian_killed, Rain (Day), EDSA Ortigas Ave. (EB) Mandaluyong",MMDA Road Safety Unit,,d9c7eaf0-d375-44d3-9f34-69e1f628c861,2014-07-23,09:30:00,EDSA Crossing Mandaluyong,0,0,0,0,0,0,0,0,0,0,2014-07-23 17:30,Property,14.59327428,121.0582827,Side Swipe
None,EDSA,None,None,"No Accident Factor, No Collision Stated (based on Police Blotter Book), 0.0 drivers_injured, 0.0 drivers_killed, 0.0 passengers_injured, 0.0 passengers_killed, 0.0 pedestrian_injured, 0.0 pedestrian_killed, Fair (Day), EDSA Shaw Blvd.  Mandaluyong",MMDA Road Safety Unit,,46f14891-6608-4132-b68a-ee8b17447dfb,2014-07-22,02:30:00,EDSA fronting Shell Gas Station Bgy. Highway Hills Mandaluyong,0,0,0,0,0,0,0,0,0,0,2014-07-22 10:30,Property,14.58119822,121.0534578,No Collision Stated
None,EDSA,None,None,"No Accident Factor, Rear-end, 0.0 drivers_injured, 0.0 drivers_killed, 0.0 passengers_injured, 0.0 passengers_killed, 0.0 pedestrian_injured, 0.0 pedestrian_killed, Fair (Night), EDSA VRPMC Mandaluyong",MMDA Road Safety Unit,,dc0b1aee-aa3b-4ad2-ba3a-6864df3d8082,2014-07-19,10:45:00,EDSA United St. Mandaluyong,0,0,0,0,0,0,0,0,0,0,2014-07-19 18:45,Property,14.57681109,121.0502639,Rear-End
None,EDSA,None,None,"No Accident Factor, Side Swipe, 0.0 drivers_injured, 0.0 drivers_killed, 0.0 passengers_injured, 0.0 passengers_killed, 0.0 pedestrian_injured, 0.0 pedestrian_killed, Fair (Day), EDSA Ortigas Ave. (EB) Mandaluyong",MMDA Road Safety Unit,,8ea6f571-f234-452c-90ce-fedca1c465ae,2014-07-19,07:00:00,EDSA Crossing Mandaluyong,0,0,0,0,0,0,0,0,0,0,2014-07-19 15:00,Property,14.59327428,121.0582827,Side Swipe
None,EDSA,None,None,"No Accident Factor, No Collision Stated (based on Police Blotter Book), 0.0 drivers_injured, 0.0 drivers_killed, 0.0 passengers_injured, 0.0 passengers_killed, 0.0 pedestrian_injured, 0.0 pedestrian_killed, Fair (Night), EDSA Boni Ave. - MRT Station Mandaluyong",MMDA Road Safety Unit,,7404fe53-4e12-4ca6-bf73-ecc91bd7713a,2014-07-18,15:30:00,EDSA Sultan St. Highway Hills Mandaluyong,0,0,0,0,0,0,0,0,0,0,2014-07-18 23:30,Property,14.57386186,121.0482194,No Collision Stated
None,EDSA,None,None,"No Accident Factor, No Collision Stated (based on Police Blotter Book), 0.0 drivers_injured, 0.0 drivers_killed, 0.0 passengers_injured, 0.0 passengers_killed, 0.0 pedestrian_injured, 0.0 pedestrian_killed, Fair (Night), EDSA Ortigas Ave. - MRT Station Mandaluyong",MMDA Road Safety Unit,,0171b49b-a03d-47f2-a13d-507d0cb4387e,2014-07-18,12:30:00,EDSA fronting Starmall Mandaluyong,0,0,0,0,0,0,0,0,0,0,2014-07-18 20:30,Property,14.58789722,121.0568107,No Collision Stated