LOCATION_TEXT,ROAD,WEATHER,LIGHT,DESC,REPORTING_AGENCY,MAIN_CAUSE,INCIDENTDETAILS_ID,DATE_UTC,TIME_UTC,ADDRESS,killed_driver,killed_passenger,killed_pedestrian,injured_driver,injured_passenger,injured_pedestrian,killed_uncategorized,injured_uncategorized,killed_total,injured_total,DATETIME_PST,SEVERITY,Y,X,COLLISION_TYPE
None,EDSA,None,None,"No Accident Factor, Rear-end, 0.0 drivers_injured, 0.0 drivers_killed, 0.0 passengers_injured, 0.0 passengers_killed, 0.0 pedestrian_injured, 0.0 pedestrian_killed, Fair (Day), EDSA Sultan St.  Mandaluyong",MMDA Road Safety Unit,,f70f67fe-525f-4f4d-8b63-c189460e5343,2014-07-18,07:30:00,EDSA fronting Highway 54 Mandaluyong,0,0,0,0,0,0,0,0,0,0,2014-07-18 15:30,Property,14.5805687,121.0529959,Rear-End
None,EDSA,None,None,"No Accident Factor, Angle Impact, 0.0 drivers_injured, 0.0 drivers_killed, 0.0 passengers_injured, 0.0 passengers_killed, 0.0 pedestrian_injured, 0.0 pedestrian_killed, Fair (Day), EDSA Shangrila Mall (NB) Mandaluyong",MMDA Road Safety Unit,,f428373e-2589-48ac-ab56-8f7845992c0e,2014-07-16,08:00:00,EDSA Crossing Mandaluyong,0,0,0,0,0,0,0,0,0,0,2014-07-16 16:00,Property,14.58223571,121.0544805,Angle Impact
None,EDSA,None,None,"No Accident Factor, Self-Accident, 0.0 drivers_injured, 0.0 drivers_killed, 0.0 passengers_injured, 0.0 passengers_killed, 0.0 pedestrian_injured, 0.0 pedestrian_killed, Fair (Day), EDSA D. M. Guevarra St.  Mandaluyong",MMDA Road Safety Unit,,1fc432ee-79a1-4d04-a70f-71246526d085,2014-07-14,00:00:00,EDSA fronting Starmall Mandaluyong,0,0,0,0,0,0,0,0,0,0,2014-07-14 8:00,Property,14.57864789,121.0515591,Self-Accident
None,EDSA,None,None,"No Accident Factor, Side Swipe, 0.0 drivers_injured, 0.0 drivers_killed, 0.0 passengers_injured, 0.0 passengers_killed, 0.0 pedestrian_injured, 0.0 pedestrian_killed, Fair (Day), EDSA SM Megamall Mandaluyong",MMDA Road Safety Unit,,87838e6c-4f01-41e6-8134-9b62c9421d82,2014-07-11,09:50:00,EDSA Shaw Blvd. Mandaluyong,0,0,0,0,0,0,0,0,0,0,2014-07-11 17:50,Property,14.58501645,121.0558372,Side Swipe
None,EDSA,None,None,"No Accident Factor, Angle Impact, 1.0 drivers_injured, 0.0 drivers_killed, 0.0 passengers_injured, 0.0 passengers_killed, 0.0 pedestrian_injured, 0.0 pedestrian_killed, Fair (Day), EDSA Ortigas Ave.  Mandaluyong",MMDA Road Safety Unit,,ea76fb02-7b89-4bab-8712-4c4c574a935e,2014-07-11,05:50:00,EDSA fronting Starmall Mandaluyong,0,0,0,1,0,0,0,0,0,1,2014-07-11 13:50,Injury,14.59327428,121.0582827,Angle Impact
None,EDSA,None,None,"No Accident Factor, Rear-end, 0.0 drivers_injured, 0.0 drivers_killed, 0.0 passengers_injured, 0.0 passengers_killed, 0.0 pedestrian_injured, 0.0 pedestrian_killed, Fair (Night), EDSA Transcom Co. Mandaluyong",MMDA Road Safety Unit,,ee90cab0-fc05-45a6-b6f8-5a58465c1a53,2014-07-09,14:30:00,EDSA Ortigas Mandaluyong,0,0,0,0,0,0,0,0,0,0,2014-07-09 22:30,Property,14.58930651,121.0570669,Rear-End
None,EDSA,None,None,"No Accident Factor, Side Swipe, 0.0 drivers_injured, 0.0 drivers_killed, 0.0 passengers_injured, 0.0 passengers_killed, 0.0 pedestrian_injured, 0.0 pedestrian_killed, Fair (Night), EDSA Starmall  Mandaluyong",MMDA Road Safety Unit,,cbac42da-3585-4b35-aa0c-8444bb07e03a,2014-07-09,12:00:00,EDSA EDSA Central Mandaluyong,0,0,0,0,0,0,0,0,0,0,2014-07-09 20:00,Property,14.58198795,121.0540368,Side Swipe
None,EDSA,None,None,"No Accident Factor, No Collision Stated (based on Police Blotter Book), 0.0 drivers_injured, 0.0 drivers_killed, 0.0 passengers_injured, 0.0 passengers_killed, 0.0 pedestrian_injured, 0.0 pedestrian_killed, Fair (Day), EDSA Shaw Blvd.  Mandaluyong",MMDA Road Safety Unit,,1a20fae7-b5ea-458c-972e-4771b8b25ce6,2014-07-05,03:30:00,EDSA Boni Ave. (SB) Mandaluyong,0,0,0,0,0,0,0,0,0,0,2014-07-05 11:30,Property,14.58119822,121.0534578,No Collision Stated
None,EDSA,None,None,"No Accident Factor, No Collision Stated (based on Police Blotter Book), 1.0 drivers_injured, 0.0 drivers_killed, 0.0 passengers_injured, 0.0 passengers_killed, 0.0 pedestrian_injured, 0.0 pedestrian_killed, Fair (Day), EDSA Shaw Blvd.  Mandaluyong",MMDA Road Safety Unit,,ba4ae45a-e83a-4a2f-878d-2812b9e9a186,2014-07-04,05:30:00,EDSA Boni Ave. Mandaluyong,0,0,0,1,0,0,0,0,0,1,2014-07-04 13:30,Injury,14.58119822,121.0534578,No Collision Stated
None,EDSA,None,None,"No Accident Factor, Hit and Run (No Collision Stated), 0.0 drivers_injured, 0.0 drivers_killed, 0.0 passengers_injured, 0.0 passengers_killed, 0.0 pedestrian_injured, 0.0 pedestrian_killed, Fair (Night), EDSA Boni Ave. (WB) Mandaluyong",MMDA Road Safety Unit,,0040da7e-51b6-4728-b2b4-0c3685e4ff7c,2014-07-03,11:00:00,EDSA Libertad St. Mandaluyong,0,0,0,0,0,0,0,0,0,0,2014-07-03 19:00,Property,14.57249077,121.0472372,No Collision Stated
None,EDSA,None,None,"No Accident Factor, Side Swipe, 0.0 drivers_injured, 0.0 drivers_killed, 0.0 passengers_injured, 0.0 passengers_killed, 0.0 pedestrian_injured, 0.0 pedestrian_killed, Fair (Night), EDSA Ortigas Ave.  Mandaluyong",MMDA Road Safety Unit,,41b00ae8-d01c-4699-ab98-b9f3f88f912d,2014-07-03,02:15:00,EDSA Crossing Mandaluyong,0,0,0,0,0,0,0,0,0,0,2014-07-03 10:15,Property,14.59327428,121.0582827,Side Swipe
None,EDSA,None,None,"No Accident Factor, No Collision Stated (based on Police Blotter Book), 0.0 drivers_injured, 0.0 drivers_killed, 0.0 passengers_injured, 0.0 passengers_killed, 0.0 pedestrian_injured, 0.0 pedestrian_killed, Fair (Night), EDSA Filinvest Bldg.  Mandaluyong",MMDA Road Safety Unit,,773c7fcf-3eeb-44a5-9aae-5a18dd18d241,2014-06-30,22:30:00,EDSA fronting G. A. Tower Mandaluyong,0,0,0,0,0,0,0,0,0,0,2014-07-01 6:30,Property,14.57493081,121.0488363,No Collision Stated
None,EDSA,None,None,"No Accident Factor, Angle Impact, 0.0 drivers_injured, 0.0 drivers_killed, 0.0 passengers_injured, 0.0 passengers_killed, 0.0 pedestrian_injured, 0.0 pedestrian_killed, Fair (Night), EDSA Ortigas Ave. Mandaluyong",MMDA Road Safety Unit,,48e6407f-6e4b-4521-8f80-6e98174b1178,2014-06-30,08:00:00,EDSA Boni Ave. Mandaluyong,0,0,0,0,0,0,0,0,0,0,2014-06-30 16:00,Property,14.59305232,121.0585643,Angle Impact
None,EDSA,None,None,"No Accident Factor, Hit and Run (No Collision Stated), 0.0 drivers_injured, 0.0 drivers_killed, 0.0 passengers_injured, 0.0 passengers_killed, 0.0 pedestrian_injured, 0.0 pedestrian_killed, Fair (Night), EDSA Shaw Blvd. Overpass Mandaluyong",MMDA Road Safety Unit,,cfe7c9d7-c242-47b7-b84c-980aaaf45ae0,2014-06-26,12:50:00,EDSA EDSA fronting Polymedic  Mandaluyong,0,0,0,0,0,0,0,0,0,0,2014-06-26 20:50,Property,14.58119822,121.0534578,No Collision Stated
None,EDSA,None,None,"No Accident Factor, Multiple Collision, 0.0 drivers_injured, 0.0 drivers_killed, 0.0 passengers_injured, 0.0 passengers_killed, 0.0 pedestrian_injured, 0.0 pedestrian_killed, Rain (Night), EDSA SM Megamall Bldg. B Mandaluyong",MMDA Road Safety Unit,,0d942c82-0afa-47a4-a391-f4eb7ea6a6b7,2014-06-26,12:20:00,EDSA EDSA / Shaw Blvd. Mandaluyong,0,0,0,0,0,0,0,0,0,0,2014-06-26 20:20,Property,14.58501645,121.0558372,Multiple
None,EDSA,None,None,"No Accident Factor, Side Swipe, 0.0 drivers_injured, 0.0 drivers_killed, 0.0 passengers_injured, 0.0 passengers_killed, 0.0 pedestrian_injured, 0.0 pedestrian_killed, Fair (Night), EDSA Libertad St. Mandaluyong",MMDA Road Safety Unit,,6b7276ef-aa91-4234-b15e-ba410ed3e756,2014-06-25,23:20:00,EDSA EDSA fronting Abbot Mandaluyong,0,0,0,0,0,0,0,0,0,0,2014-06-26 7:20,Property,14.57859094,121.0516172,Side Swipe
None,EDSA,None,None,"No Accident Factor, Rear-end, 0.0 drivers_injured, 0.0 drivers_killed, 0.0 passengers_injured, 0.0 passengers_killed, 0.0 pedestrian_injured, 0.0 pedestrian_killed, Fair (Night), EDSA Connecticut (SB)  Mandaluyong",MMDA Road Safety Unit,,3bb9c45f-5c29-4fe4-8e8b-6f36ec1da16f,2014-06-24,11:30:00,EDSA EDSA fronting Starmall Mandaluyong,0,0,0,0,0,0,0,0,0,0,2014-06-24 19:30,Property,14.60166503,121.0591465,Rear-End
None,EDSA,None,None,"No Accident Factor, Side Swipe, 0.0 drivers_injured, 0.0 drivers_killed, 0.0 passengers_injured, 0.0 passengers_killed, 0.0 pedestrian_injured, 0.0 pedestrian_killed, Fair (Night), EDSA SM Megamall Mandaluyong",MMDA Road Safety Unit,,6884e413-155e-4d92-b277-3e94eb555285,2014-06-24,11:00:00,EDSA EDSA / Boni Ave. fronting Total Gasoline  Mandaluyong,0,0,0,0,0,0,0,0,0,0,2014-06-24 19:00,Property,14.58501645,121.0558372,Side Swipe
None,EDSA,None,None,"No Accident Factor, Multiple Collision, 0.0 drivers_injured, 0.0 drivers_killed, 0.0 passengers_injured, 0.0 passengers_killed, 0.0 pedestrian_injured, 0.0 pedestrian_killed, Fair (Day), EDSA SM Megamall Bldg. B Mandaluyong",MMDA Road Safety Unit,,21d289f0-4e65-4d91-8b6c-a609dc009ee4,2014-06-22,05:05:00,EDSA Shaw Blvd. Mandaluyong,0,0,0,0,0,0,0,0,0,0,2014-06-22 13:05,Property,14.58501645,121.0558372,Multiple
None,EDSA,None,None,"No Accident Factor, Hit and Run (No Collision Stated), 0.0 drivers_injured, 0.0 drivers_killed, 0.0 passengers_injured, 0.0 passengers_killed, 0.0 pedestrian_injured, 0.0 pedestrian_killed, Fair (Day), EDSA Reliance Highway Hills Mandaluyong",MMDA Road Safety Unit,,0aecbe3a-48d6-417f-bf5a-6651d97f7301,2014-06-19,04:30:00,EDSA EDSA / Boni Ave. - MRT Mandaluyong,0,0,0,0,0,0,0,0,0,0,2014-06-19 12:30,Property,14.57669064,121.0504494,No Collision Stated
None,EDSA,None,None,"No Accident Factor, Rear-end, 0.0 drivers_injured, 0.0 drivers_killed, 0.0 passengers_injured, 0.0 passengers_killed, 0.0 pedestrian_injured, 0.0 pedestrian_killed, Fair (Night), EDSA Ortigas Ave. MRT Station (NB)  Mandaluyong",MMDA Road Safety Unit,,5cee22e9-9410-4539-80e4-653adaaee19c,2014-06-17,12:35:00,EDSA fronting 7eleven Boni Ave. Mandaluyong,0,0,0,0,0,0,0,0,0,0,2014-06-17 20:35,Property,14.58789722,121.0568107,Rear-End
None,EDSA,None,None,"No Accident Factor, Rear-end, 0.0 drivers_injured, 0.0 drivers_killed, 0.0 passengers_injured, 0.0 passengers_killed, 0.0 pedestrian_injured, 0.0 pedestrian_killed, Fair (Day), EDSA Connecticut St.  Mandaluyong",MMDA Road Safety Unit,,0af637b1-0474-4dd0-8c97-fda9adf6c3b0,2014-06-17,04:30:00,EDSA fronting Boni MRT Mandaluyong,0,0,0,0,0,0,0,0,0,0,2014-06-17 12:30,Property,14.60166503,121.0591465,Rear-End
None,EDSA,None,None,"No Accident Factor, Self-Accident, 0.0 drivers_injured, 0.0 drivers_killed, 0.0 passengers_injured, 0.0 passengers_killed, 0.0 pedestrian_injured, 0.0 pedestrian_killed, Fair (Night), EDSA Guadix (NB), Bgy.Wack-Wack Mandaluyong",MMDA Road Safety Unit,,38b37f51-f688-4357-9631-dbfc84922a7a,2014-06-16,17:00:00,EDSA fronting Robinson Pioneer Mandaluyong,0,0,0,0,0,0,0,0,0,0,2014-06-17 1:00,Property,14.58940512,121.0573295,Self-Accident
None,EDSA,None,None,"No Accident Factor, No Collision Stated (based on Police Blotter Book), 0.0 drivers_injured, 0.0 drivers_killed, 0.0 passengers_injured, 0.0 passengers_killed, 0.0 pedestrian_injured, 0.0 pedestrian_killed, Fair (Night), EDSA Shaw Blvd. (NB), fronting Jollibee, Bgy. Highway Hills Mandaluyong",MMDA Road Safety Unit,,ca49bf3e-0e23-42ff-8546-3df053cd6d9a,2014-06-15,20:00:00,EDSA United St. Mandaluyong,0,0,0,0,0,0,0,0,0,0,2014-06-16 4:00,Property,14.58119822,121.0534578,No Collision Stated
None,EDSA,None,None,"No Accident Factor, Hit Parked Vehicle, 0.0 drivers_injured, 0.0 drivers_killed, 0.0 passengers_injured, 0.0 passengers_killed, 0.0 pedestrian_injured, 0.0 pedestrian_killed, Fair (Day), EDSA Boni Ave., Caltex Gas station Mandaluyong",MMDA Road Safety Unit,,78216049-31d6-4707-a729-a7ccd4f249a1,2014-06-14,01:45:00,EDSA fronting Kamayas Restaurant Mandaluyong,0,0,0,0,0,0,0,0,0,0,2014-06-14 9:45,Property,14.57241084,121.0471139,Hit Object
None,EDSA,None,None,"No Accident Factor, No Collision Stated (based on Police Blotter Book), 0.0 drivers_injured, 0.0 drivers_killed, 0.0 passengers_injured, 0.0 passengers_killed, 0.0 pedestrian_injured, 0.0 pedestrian_killed, Fair (Day), EDSA Starmall, Bgy.Wack-Wack Mandaluyong",MMDA Road Safety Unit,,ff884168-cbb8-411d-b5a6-d962716119c4,2014-06-13,23:35:00,EDSA Ortigas MRT Station Mandaluyong,0,0,0,0,0,0,0,0,0,0,2014-06-14 7:35,Property,14.58198795,121.0540368,No Collision Stated
None,EDSA,None,None,"No Accident Factor, Side Swipe, 0.0 drivers_injured, 0.0 drivers_killed, 0.0 passengers_injured, 0.0 passengers_killed, 0.0 pedestrian_injured, 0.0 pedestrian_killed, Fair (Night), EDSA Guadix St.  Mandaluyong",MMDA Road Safety Unit,,64f7142a-2b24-4f1f-940b-6da0ad8ba71f,2014-06-13,12:05:00,EDSA Connecticut St. Mandaluyong,0,0,0,0,0,0,0,0,0,0,2014-06-13 20:05,Property,14.58948577,121.0573946,Side Swipe
None,EDSA,None,None,"No Accident Factor, No Collision Stated (Based on Police Blotter Book), 0.0 drivers_injured, 0.0 drivers_killed, 0.0 passengers_injured, 0.0 passengers_killed, 0.0 pedestrian_injured, 0.0 pedestrian_killed, Fair (Night), EDSA Ortigas Ave. Mandaluyong",MMDA Road Safety Unit,,c958a90f-cde6-4333-aa14-a9dc283ae6a4,2014-06-11,11:00:00,"EDSA SM Megamall, Bgy. Wack-wack Mandaluyong",0,0,0,0,0,0,0,0,0,0,2014-06-11 19:00,Property,14.59305232,121.0585643,No Collision Stated
None,EDSA,None,None,"No Accident Factor, Rear-end, 0.0 drivers_injured, 0.0 drivers_killed, 0.0 passengers_injured, 0.0 passengers_killed, 0.0 pedestrian_injured, 0.0 pedestrian_killed, Fair (Day), EDSA Front of Abbot Company  Mandaluyong",MMDA Road Safety Unit,,f262aa8f-863e-47d8-88a7-f10ba0c1cdf2,2014-06-08,23:30:00,"EDSA Shaw Blvd., Wack-wack Mandaluyong",0,0,0,0,0,0,0,0,0,0,2014-06-09 7:30,Property,14.57847756,121.0514701,Rear-End
None,EDSA,None,None,"No Accident Factor, Rear-end, 1.0 drivers_injured, 0.0 drivers_killed, 0.0 passengers_injured, 0.0 passengers_killed, 0.0 pedestrian_injured, 0.0 pedestrian_killed, Fair (Night), EDSA Connecticut St. Mandaluyong",MMDA Road Safety Unit,,6e4b3ac4-6f8a-42bf-a25e-bf684fecf45d,2014-06-06,15:00:00,EDSA Ortigas Ave. Mandaluyong,0,0,0,1,0,0,0,0,0,1,2014-06-06 23:00,Injury,14.60151411,121.0591478,Rear-End
None,EDSA,None,None,"No Accident Factor, Side Swipe, 0.0 drivers_injured, 0.0 drivers_killed, 0.0 passengers_injured, 0.0 passengers_killed, 0.0 pedestrian_injured, 0.0 pedestrian_killed, Fair (Night), EDSA Shaw Blvd. Mandaluyong",MMDA Road Safety Unit,,1847cf63-1d45-4b54-9d65-f5a677262daf,2014-06-06,06:30:00,EDSA Boni Ave. Mandaluyong,0,0,0,0,0,0,0,0,0,0,2014-06-06 14:30,Property,14.58119822,121.0534578,Side Swipe
None,EDSA,None,None,"No Accident Factor, Side Swipe, 0.0 drivers_injured, 0.0 drivers_killed, 0.0 passengers_injured, 0.0 passengers_killed, 0.0 pedestrian_injured, 0.0 pedestrian_killed, Fair (Night), EDSA Shaw Blvd. Mandaluyong",MMDA Road Safety Unit,,556bc8f1-721f-4eda-a9fc-c9cba4744332,2014-06-06,00:15:00,"EDSA SM Megamall, Bgy. Wack-wack Mandaluyong",0,0,0,0,0,0,0,0,0,0,2014-06-06 8:15,Property,14.58119822,121.0534578,Side Swipe
None,EDSA,None,None,"No Accident Factor, Rear-end, 0.0 drivers_injured, 0.0 drivers_killed, 0.0 passengers_injured, 0.0 passengers_killed, 0.0 pedestrian_injured, 0.0 pedestrian_killed, Fair (Night), EDSA Pioneer St. Mandaluyong",MMDA Road Safety Unit,,1b0ccd72-c56a-4b14-9e90-32052d78fd42,2014-06-03,12:05:00,EDSA fronting Starmall S/B Bgy.Wack Wack Mandaluyong,0,0,0,0,0,0,0,0,0,0,2014-06-03 20:05,Property,14.57236671,121.0472702,Rear-End
None,EDSA,None,None,"No Accident Factor, Hit and Run (No Collision Stated), 0.0 drivers_injured, 0.0 drivers_killed, 0.0 passengers_injured, 0.0 passengers_killed, 0.0 pedestrian_injured, 0.0 pedestrian_killed, Fair (Night), EDSA fronting Robinsons's Pioneer, Boni Avenue before PNP Outpost Barangay Ilaya Mandaluyong",MMDA Road Safety Unit,,3ac25101-1872-4723-b215-18f806423046,2014-05-27,11:45:00,EDSA Corner United St. Mandaluyong,0,0,0,0,0,0,0,0,0,0,2014-05-27 19:45,Property,14.57143562,121.046866,No Collision Stated
None,EDSA,None,None,"No Accident Factor, No Collision Stated (based on Police Blotter Book), 0.0 drivers_injured, 0.0 drivers_killed, 0.0 passengers_injured, 0.0 passengers_killed, 0.0 pedestrian_injured, 0.0 pedestrian_killed, Fair (Night), EDSA Front of Highway 54 Building Barangay Wack - Wack  Mandaluyong",MMDA Road Safety Unit,,15896c21-eb50-4adc-ae79-13db8388f77b,2014-05-22,11:30:00,EDSA Beside Poveda Mandaluyong,0,0,0,0,0,0,0,0,0,0,2014-05-22 19:30,Property,14.58498454,121.0555751,No Collision Stated
None,EDSA,None,None,"No Accident Factor, Hit Object (No Object Stated), 0.0 drivers_injured, 0.0 drivers_killed, 1.0 passengers_injured, 0.0 passengers_killed, 0.0 pedestrian_injured, 0.0 pedestrian_killed, Fair (Night), EDSA Guadix Drive Mandaluyong",MMDA Road Safety Unit,,3e753ebe-f85d-4e48-b30e-61579669833d,2014-05-21,17:20:00,EDSA SM Mega Mall Mandaluyong,0,0,0,0,1,0,0,0,0,1,2014-05-22 1:20,Injury,14.58948577,121.0573946,Hit Object
None,EDSA,None,None,"No Accident Factor, No Collision Stated (based on Police Blotter Book), 0.0 drivers_injured, 0.0 drivers_killed, 0.0 passengers_injured, 0.0 passengers_killed, 0.0 pedestrian_injured, 0.0 pedestrian_killed, Fair (Day), EDSA Front of Highway 54 Building Barangay Wack - Wack  Mandaluyong",MMDA Road Safety Unit,,1db117c3-6f19-4244-9172-87b298ace026,2014-05-21,05:15:00,EDSA Fronting Filinvest Mandaluyong,0,0,0,0,0,0,0,0,0,0,2014-05-21 13:15,Property,14.58498454,121.0555751,No Collision Stated
None,EDSA,None,None,"No Accident Factor, Hit and Run (No Collision Stated), 0.0 drivers_injured, 0.0 drivers_killed, 0.0 passengers_injured, 0.0 passengers_killed, 0.0 pedestrian_injured, 0.0 pedestrian_killed, Fair (Night), EDSA Pinatubo Street Brgy. Malamig  Mandaluyong",MMDA Road Safety Unit,,3ed7575d-ad14-488e-941e-1527a3235951,2014-05-16,17:45:00,EDSA before Victor R. Potenciano Medical Center (formerly Polymedic) Mandaluyong,0,0,0,0,0,0,0,0,0,0,2014-05-17 1:45,Property,14.57321369,121.0476439,No Collision Stated
None,EDSA,None,None,"No Accident Factor, Side Swipe, 0.0 drivers_injured, 0.0 drivers_killed, 0.0 passengers_injured, 0.0 passengers_killed, 0.0 pedestrian_injured, 0.0 pedestrian_killed, Fair (Night), EDSA Central Hi-way Hills Mandaluyong",MMDA Road Safety Unit,,26ab0866-597a-4e56-83d4-af331aa6f80e,2014-05-15,10:40:00,EDSA Boni Ave. Mandaluyong,0,0,0,0,0,0,0,0,0,0,2014-05-15 18:40,Property,14.5799359,121.0529018,Side Swipe
None,EDSA,None,None,"No Accident Factor, No Collision Stated (based on Police Blotter Book), 0.0 drivers_injured, 0.0 drivers_killed, 0.0 passengers_injured, 0.0 passengers_killed, 0.0 pedestrian_injured, 0.0 pedestrian_killed, Fair (Night), EDSA Ortigas Avenue (SB) fronting CSP Building  Mandaluyong",MMDA Road Safety Unit,,a98599cf-44a8-40eb-b08c-b68d783e7105,2014-05-13,21:50:00,EDSA G. A. Tower Mandaluyong,0,0,0,0,0,0,0,0,0,0,2014-05-14 5:50,Property,14.59330619,121.0582659,No Collision Stated
None,EDSA,None,None,"No Accident Factor, Hit and Run (No Collision Stated), 0.0 drivers_injured, 0.0 drivers_killed, 2.0 passengers_injured, 0.0 passengers_killed, 0.0 pedestrian_injured, 0.0 pedestrian_killed, Fair (Night), EDSA Ortigas Avenue Barangay Wack- Wack Mandaluyong",MMDA Road Safety Unit,,1f99f06b-e5a4-46e0-8061-c3325d6b0d6e,2014-05-11,13:00:00,EDSA Boni Ave. Mandaluyong,0,0,0,0,2,0,0,0,0,2,2014-05-11 21:00,Injury,14.59330619,121.0582659,No Collision Stated
None,EDSA,None,None,"No Accident Factor, No Collision Stated (based on Police Blotter Book), 0.0 drivers_injured, 0.0 drivers_killed, 0.0 passengers_injured, 0.0 passengers_killed, 0.0 pedestrian_injured, 0.0 pedestrian_killed, Fair (Night), EDSA Front of SM Mega Mall Barangay Wack - Wack Mandaluyong",MMDA Road Safety Unit,,361eb71c-7306-4e55-a6a5-c6e6096ecd28,2014-05-10,13:00:00,EDSA Guadix Drive Mandaluyong,0,0,0,0,0,0,0,0,0,0,2014-05-10 21:00,Property,14.58530796,121.0559342,No Collision Stated
None,EDSA,None,None,"No Accident Factor, No Collision Stated (based on Police Blotter Book), 0.0 drivers_injured, 0.0 drivers_killed, 0.0 passengers_injured, 0.0 passengers_killed, 0.0 pedestrian_injured, 0.0 pedestrian_killed, Fair (Night), EDSA Sultan Street Barangay Highway Hills Mandaluyong",MMDA Road Safety Unit,,15316c32-38fa-42f3-b16a-bdb4cc02c23e,2014-05-09,21:15:00,"EDSA United St., Bgy. Highway Hills Mandaluyong",0,0,0,0,0,0,0,0,0,0,2014-05-10 5:15,Property,14.5805687,121.0529959,No Collision Stated
None,EDSA,None,None,"No Accident Factor, Side Swipe, 0.0 drivers_injured, 0.0 drivers_killed, 0.0 passengers_injured, 0.0 passengers_killed, 0.0 pedestrian_injured, 0.0 pedestrian_killed, Fair (Day), EDSA Pinatubo Street Barangay Malamig Mandaluyong",MMDA Road Safety Unit,,9ed07932-dac8-4620-8811-5a17585ac1ae,2014-05-08,02:30:00,EDSA Crossing Mandaluyong,0,0,0,0,0,0,0,0,0,0,2014-05-08 10:30,Property,14.57321369,121.0476439,Side Swipe
None,EDSA,None,None,"No Accident Factor, Rear-end, 0.0 drivers_injured, 0.0 drivers_killed, 0.0 passengers_injured, 0.0 passengers_killed, 0.0 pedestrian_injured, 0.0 pedestrian_killed, Fair (Day), EDSA Shaw Boulevard Barangay Highway Hills  Mandaluyong",MMDA Road Safety Unit,,8394fb97-0b4f-43b8-adbe-d2728b3eb3cb,2014-05-07,05:30:00,EDSA fronting Starmall Mandaluyong,0,0,0,0,0,0,0,0,0,0,2014-05-07 13:30,Property,14.58119822,121.0534578,Rear-End
None,EDSA,None,None,"No Accident Factor, Rear-end, 0.0 drivers_injured, 0.0 drivers_killed, 0.0 passengers_injured, 0.0 passengers_killed, 0.0 pedestrian_injured, 0.0 pedestrian_killed, Fair (Night), EDSA Ortigas Avenue Mandaluyong",MMDA Road Safety Unit,,91930269-bfee-4480-833a-cb9475bc4f15,2014-05-04,21:10:00,EDSA Shaw Blvd. Mandaluyong,0,0,0,0,0,0,0,0,0,0,2014-05-05 5:10,Property,14.59330619,121.0582659,Rear-End
None,EDSA,None,None,"No Accident Factor, Rear-end, 0.0 drivers_injured, 0.0 drivers_killed, 0.0 passengers_injured, 0.0 passengers_killed, 0.0 pedestrian_injured, 0.0 pedestrian_killed, Fair (Day), EDSA Shaw Boulevard (NB) Mandaluyong",MMDA Road Safety Unit,,6f781ce1-46a5-48e4-9a30-ae60a24f1f2f,2014-05-02,05:30:00,EDSA Shaw Blvd. Mandaluyong,0,0,0,0,0,0,0,0,0,0,2014-05-02 13:30,Property,14.58119822,121.0534578,Rear-End
None,EDSA,None,None,"No Accident Factor, No Collision Stated (based on Police Blotter Book), 0.0 drivers_injured, 0.0 drivers_killed, 0.0 passengers_injured, 0.0 passengers_killed, 0.0 pedestrian_injured, 0.0 pedestrian_killed, Fair (Night), EDSA Ortigas Avenue (NB) Mandaluyong",MMDA Road Safety Unit,,49df7e44-641e-4d3c-a70c-d00b572f45c9,2014-04-30,15:30:00,EDSA Shaw Blvd. Mandaluyong,0,0,0,0,0,0,0,0,0,0,2014-04-30 23:30,Property,14.59330619,121.0582659,No Collision Stated
None,EDSA,None,None,"No Accident Factor, No Collision Stated (based on Police Blotter Book), 0.0 drivers_injured, 0.0 drivers_killed, 0.0 passengers_injured, 0.0 passengers_killed, 0.0 pedestrian_injured, 0.0 pedestrian_killed, Fair (Night), EDSA before Go Hotel Barangay Barangka Ilaya Mandaluyong",MMDA Road Safety Unit,,b9a126c0-b6a9-487f-88f6-7e28342c8221,2014-04-30,15:20:00,EDSA MRT-Boni Station Mandaluyong,0,0,0,0,0,0,0,0,0,0,2014-04-30 23:20,Property,14.56968846,121.0463756,No Collision Stated
None,EDSA,None,None,"No Accident Factor, No Collision Stated (based on Police Blotter Book), 0.0 drivers_injured, 0.0 drivers_killed, 0.0 passengers_injured, 0.0 passengers_killed, 0.0 pedestrian_injured, 0.0 pedestrian_killed, Fair (Night), EDSA Front of SM Megamall Barangay Wack- Wack  Mandaluyong",MMDA Road Safety Unit,,b8ea2548-9cb2-4522-b2f9-295b68abae17,2014-04-30,13:20:00,EDSA Highway 54 Mandaluyong,0,0,0,0,0,0,0,0,0,0,2014-04-30 21:20,Property,14.58530796,121.0559342,No Collision Stated
None,EDSA,None,None,"No Accident Factor, No Collision Stated (based on Police Blotter Book), 0.0 drivers_injured, 0.0 drivers_killed, 0.0 passengers_injured, 0.0 passengers_killed, 0.0 pedestrian_injured, 0.0 pedestrian_killed, Fair (Day), EDSA Pioneer Street Barangka Ilaya Mandaluyong",MMDA Road Safety Unit,,34d38716-14f1-4999-903a-6b0c2b63420e,2014-04-30,09:30:00,EDSA Guadix Drive Mandaluyong,0,0,0,0,0,0,0,0,0,0,2014-04-30 17:30,Property,14.57236671,121.0472702,No Collision Stated