LOCATION_TEXT,ROAD,WEATHER,LIGHT,DESC,REPORTING_AGENCY,MAIN_CAUSE,INCIDENTDETAILS_ID,DATE_UTC,TIME_UTC,ADDRESS,killed_driver,killed_passenger,killed_pedestrian,injured_driver,injured_passenger,injured_pedestrian,killed_uncategorized,injured_uncategorized,killed_total,injured_total,DATETIME_PST,SEVERITY,Y,X,COLLISION_TYPE
None,EDSA,None,None,"No Accident Factor, Hit and Run (No Collision Stated), 0.0 drivers_injured, 0.0 drivers_killed, 0.0 passengers_injured, 0.0 passengers_killed, 0.0 pedestrian_injured, 0.0 pedestrian_killed, Fair (Day), EDSA Shaw Boulevard Barangay  Mandaluyong",MMDA Road Safety Unit,,eeb146cc-fc4f-483a-a629-949f27b672f1,2014-04-29,09:50:00,EDSA Shaw Blvd. Mandaluyong,0,0,0,0,0,0,0,0,0,0,2014-04-29 17:50,Property,14.58119822,121.0534578,No Collision Stated
None,EDSA,None,None,"No Accident Factor, Side Swipe, 0.0 drivers_injured, 0.0 drivers_killed, 0.0 passengers_injured, 0.0 passengers_killed, 0.0 pedestrian_injured, 0.0 pedestrian_killed, Fair (Day), EDSA Ortigas Avenue  Mandaluyong",MMDA Road Safety Unit,,3eb30281-f0d5-46fb-9e99-75367aff3ceb,2014-04-29,07:30:00,"EDSA Crossing, Bgy. Wack-wack Mandaluyong",0,0,0,0,0,0,0,0,0,0,2014-04-29 15:30,Property,14.59330619,121.0582659,Side Swipe
None,EDSA,None,None,"No Accident Factor, Angle Impact, 0.0 drivers_injured, 0.0 drivers_killed, 0.0 passengers_injured, 0.0 passengers_killed, 0.0 pedestrian_injured, 0.0 pedestrian_killed, Fair (Night), EDSA Libertad Street Mandaluyong",MMDA Road Safety Unit,,4e3252d7-7f0c-45ca-9f21-be5f822e7d30,2014-04-28,21:25:00,EDSA before Guadix Drive Mandaluyong,0,0,0,0,0,0,0,0,0,0,2014-04-29 5:25,Property,14.57859094,121.0516172,Angle Impact
None,EDSA,None,None,"No Accident Factor, No Collision Stated (based on Police Blotter Book), 0.0 drivers_injured, 0.0 drivers_killed, 0.0 passengers_injured, 0.0 passengers_killed, 0.0 pedestrian_injured, 0.0 pedestrian_killed, Fair (Day), EDSA Boni Avenue  Mandaluyong",MMDA Road Safety Unit,,475c2562-6de0-4ee8-961e-5419d93d831c,2014-04-28,06:00:00,EDSA fronting SM Megamall Mandaluyong,0,0,0,0,0,0,0,0,0,0,2014-04-28 14:00,Property,14.57232921,121.0473601,No Collision Stated
None,EDSA,None,None,"No Accident Factor, Side Swipe, 0.0 drivers_injured, 0.0 drivers_killed, 0.0 passengers_injured, 0.0 passengers_killed, 0.0 pedestrian_injured, 0.0 pedestrian_killed, Fair (Night), EDSA Ortigas Avenue  Mandaluyong",MMDA Road Safety Unit,,1d131c44-b34b-4fb5-b70c-914fcc4c7174,2014-04-27,16:05:00,"EDSA SM Megamall, Bgy. Wack-wack Mandaluyong",0,0,0,0,0,0,0,0,0,0,2014-04-28 0:05,Property,14.59330619,121.0582659,Side Swipe
None,EDSA,None,None,"No Accident Factor, Rear-end, 0.0 drivers_injured, 0.0 drivers_killed, 0.0 passengers_injured, 0.0 passengers_killed, 0.0 pedestrian_injured, 0.0 pedestrian_killed, Fair (Day), EDSA Star Mall (SB)  Mandaluyong",MMDA Road Safety Unit,,1f1bb26c-cd6a-4e3c-a81a-13a9de641e75,2014-04-26,02:30:00,EDSA Ortigas Ave. Mandaluyong,0,0,0,0,0,0,0,0,0,0,2014-04-26 10:30,Property,14.58198795,121.0540368,Rear-End
None,EDSA,None,None,"No Accident Factor, No Collision Stated (based on Police Blotter Book), 0.0 drivers_injured, 0.0 drivers_killed, 0.0 passengers_injured, 0.0 passengers_killed, 0.0 pedestrian_injured, 0.0 pedestrian_killed, Fair (Night), EDSA Guadalupe Bridge Center Island Mandaluyong",MMDA Road Safety Unit,,f6f5887b-f50a-4b3a-9b6e-eb5a5f6937b0,2014-04-25,16:40:00,EDSA Shaw Blvd. Mandaluyong,0,0,0,0,0,0,0,0,0,0,2014-04-26 0:40,Property,14.5685496,121.0460027,No Collision Stated
None,EDSA,None,None,"No Accident Factor, Rear-end, 0.0 drivers_injured, 0.0 drivers_killed, 0.0 passengers_injured, 0.0 passengers_killed, 0.0 pedestrian_injured, 0.0 pedestrian_killed, Fair (Day), EDSA Shaw Boulevard Mandaluyong",MMDA Road Safety Unit,,f4f205c6-62fc-4a47-ac06-3be946b5a81d,2014-04-25,06:15:00,EDSA fronting Starmall Mandaluyong,0,0,0,0,0,0,0,0,0,0,2014-04-25 14:15,Property,14.58119822,121.0534578,Rear-End
None,EDSA,None,None,"No Accident Factor, Rear-end, 0.0 drivers_injured, 0.0 drivers_killed, 0.0 passengers_injured, 0.0 passengers_killed, 0.0 pedestrian_injured, 0.0 pedestrian_killed, Fair (Night), EDSA Shaw Boulevard (WB) before Pavilion Barangay Highway Hills Mandaluyong",MMDA Road Safety Unit,,62e89343-f323-4413-86ee-86e6cb9fd6e3,2014-04-22,12:30:00,EDSA Boni Ave. Mandaluyong,0,0,0,0,0,0,0,0,0,0,2014-04-22 20:30,Property,14.58119822,121.0534578,Rear-End
None,EDSA,None,None,"No Accident Factor, Angle Impact, 0.0 drivers_injured, 0.0 drivers_killed, 0.0 passengers_injured, 0.0 passengers_killed, 0.0 pedestrian_injured, 0.0 pedestrian_killed, Fair (Night), EDSA Libertad Street Mandaluyong",MMDA Road Safety Unit,,1208f6c3-9c2e-4c2c-bd7c-b6b8122f65da,2014-04-21,17:00:00,"EDSA Shangri-La, Bgy. Wack-wack Mandaluyong",0,0,0,0,0,0,0,0,0,0,2014-04-22 1:00,Property,14.57859094,121.0516172,Angle Impact
None,EDSA,None,None,"No Accident Factor, Rear-end, 0.0 drivers_injured, 0.0 drivers_killed, 0.0 passengers_injured, 0.0 passengers_killed, 0.0 pedestrian_injured, 0.0 pedestrian_killed, Fair (Day), EDSA Guadix Street (NB) Mandaluyong",MMDA Road Safety Unit,,4d5368c6-a465-42de-bd60-c35daaaaccfc,2014-04-17,22:40:00,EDSA Crossing Mandaluyong,0,0,0,0,0,0,0,0,0,0,2014-04-18 6:40,Property,14.58948577,121.0573946,Rear-End
None,EDSA,None,None,"No Accident Factor, No Collision Stated (based on Police Blotter Book), 0.0 drivers_injured, 0.0 drivers_killed, 0.0 passengers_injured, 0.0 passengers_killed, 0.0 pedestrian_injured, 0.0 pedestrian_killed, Fair (Night), EDSA infront of Starmall Mandaluyong",MMDA Road Safety Unit,,d7889b25-cd59-4525-ac44-5a755e0a788f,2014-04-15,11:45:00,EDSA fronting EDSA Central Mandaluyong,0,0,0,0,0,0,0,0,0,0,2014-04-15 19:45,Property,14.58231282,121.054273,No Collision Stated
None,EDSA,None,None,"No Accident Factor, Side Swipe, 0.0 drivers_injured, 0.0 drivers_killed, 0.0 passengers_injured, 0.0 passengers_killed, 0.0 pedestrian_injured, 0.0 pedestrian_killed, Fair (Day), EDSA J. Vargas Avenue  Mandaluyong",MMDA Road Safety Unit,,d9d21899-87f0-48ba-8543-3d9529ead433,2014-04-14,23:20:00,EDSA G. A. Tower Mandaluyong,0,0,0,0,0,0,0,0,0,0,2014-04-15 7:20,Property,14.58457561,121.0557464,Side Swipe
None,EDSA,None,None,"No Accident Factor, Rear-end, 0.0 drivers_injured, 0.0 drivers_killed, 0.0 passengers_injured, 0.0 passengers_killed, 0.0 pedestrian_injured, 0.0 pedestrian_killed, Fair (Day), EDSA Guadix Street  Mandaluyong",MMDA Road Safety Unit,,df23d0b1-977d-4a7f-a242-9f5e88e12020,2014-04-11,02:30:00,EDSA Guadix Drive Mandaluyong,0,0,0,0,0,0,0,0,0,0,2014-04-11 10:30,Property,14.58948577,121.0573946,Rear-End
None,EDSA,None,None,"No Accident Factor, No Collision Stated (based on Police Blotter Book), 0.0 drivers_injured, 0.0 drivers_killed, 0.0 passengers_injured, 0.0 passengers_killed, 0.0 pedestrian_injured, 0.0 pedestrian_killed, Fair (Day), EDSA Crossing (NB)  Mandaluyong",MMDA Road Safety Unit,,91a12531-fe63-4c39-bf42-d0574c148265,2014-04-08,09:35:00,EDSA SM Megamall Mandaluyong,0,0,0,0,0,0,0,0,0,0,2014-04-08 17:35,Property,14.58212391,121.0540758,No Collision Stated
None,EDSA,None,None,"No Accident Factor, No Collision Stated (based on Police Blotter Book), 0.0 drivers_injured, 0.0 drivers_killed, 0.0 passengers_injured, 0.0 passengers_killed, 0.0 pedestrian_injured, 0.0 pedestrian_killed, Fair (Night), EDSA Shaw Blvd.  Mandaluyong",MMDA Road Safety Unit,,0e812f9f-8669-4a33-98e2-47d2935eff6e,2014-04-07,10:25:00,EDSA SM Megamall Mandaluyong,0,0,0,0,0,0,0,0,0,0,2014-04-07 18:25,Property,14.58119822,121.0534578,No Collision Stated
None,EDSA,None,None,"No Accident Factor, No Collision Stated (based on Police Blotter Book), 0.0 drivers_injured, 0.0 drivers_killed, 0.0 passengers_injured, 0.0 passengers_killed, 0.0 pedestrian_injured, 0.0 pedestrian_killed, Fair (Day), EDSA Boni Avenue (SB) Mandaluyong",MMDA Road Safety Unit,,ed845489-61f0-4de7-b5ba-04e544f9c59f,2014-04-05,02:05:00,"EDSA Reliance St., Bgy. Highway Hills Mandaluyong",0,0,0,0,0,0,0,0,0,0,2014-04-05 10:05,Property,14.57232921,121.0473601,No Collision Stated
None,EDSA,None,None,"No Accident Factor, No Collision Stated (based on Police Blotter Book), 0.0 drivers_injured, 0.0 drivers_killed, 0.0 passengers_injured, 0.0 passengers_killed, 0.0 pedestrian_injured, 0.0 pedestrian_killed, Fair (Day), EDSA Shaw Boulevard Barangay Wack- Wack Mandaluyong",MMDA Road Safety Unit,,0d344595-b091-43ea-9bd6-7f9d1ea8cfb0,2014-04-04,05:00:00,"EDSA MRT-Ortigas Station, Bgy. Wack-wack Mandaluyong",0,0,0,0,0,0,0,0,0,0,2014-04-04 13:00,Property,14.58119822,121.0534578,No Collision Stated
None,EDSA,None,None,"No Accident Factor, No Collision Stated (based on Police Blotter Book), 0.0 drivers_injured, 0.0 drivers_killed, 0.0 passengers_injured, 0.0 passengers_killed, 0.0 pedestrian_injured, 0.0 pedestrian_killed, Fair (Day), EDSA Ortigas Ave. Mandaluyong",MMDA Road Safety Unit,,d6cd59a2-08d6-4c06-b57c-77abe0143fc3,2014-03-31,05:30:00,EDSA fronting Starmall Mandaluyong,0,0,0,0,0,0,0,0,0,0,2014-03-31 13:30,Property,14.59305232,121.0585643,No Collision Stated
None,EDSA,None,None,"No Accident Factor, No Collision Stated (based on Police Blotter Book), 0.0 drivers_injured, 0.0 drivers_killed, 0.0 passengers_injured, 0.0 passengers_killed, 0.0 pedestrian_injured, 0.0 pedestrian_killed, Fair (Day), EDSA Boni Avenue  Mandaluyong",MMDA Road Safety Unit,,2fd8b62b-2eac-43f2-bd61-1268a0b7da60,2014-03-25,23:30:00,EDSA EDSA Central Mandaluyong,0,0,0,0,0,0,0,0,0,0,2014-03-26 7:30,Property,14.57232921,121.0473601,No Collision Stated
None,EDSA,None,None,"No Accident Factor, No Collision Stated (based on Police Blotter Book), 0.0 drivers_injured, 0.0 drivers_killed, 0.0 passengers_injured, 0.0 passengers_killed, 0.0 pedestrian_injured, 0.0 pedestrian_killed, Fair (Day), EDSA Boni Avenue  Mandaluyong",MMDA Road Safety Unit,,2adc7174-8015-4e28-a82a-23b4a34800ae,2014-03-24,06:50:00,EDSA Shaw Blvd. Mandaluyong,0,0,0,0,0,0,0,0,0,0,2014-03-24 14:50,Property,14.57232921,121.0473601,No Collision Stated
None,EDSA,None,None,"No Accident Factor, No Collision Stated (based on Police Blotter Book), 0.0 drivers_injured, 0.0 drivers_killed, 0.0 passengers_injured, 0.0 passengers_killed, 0.0 pedestrian_injured, 0.0 pedestrian_killed, Fair (Night), EDSA before EDSA Crossing  Mandaluyong",MMDA Road Safety Unit,,b89a603e-7c6d-47cd-afef-28d6ad9a47bb,2014-03-20,12:30:00,"EDSA fronting Caltex Gas Station, Boni Ave. Mandaluyong",0,0,0,0,0,0,0,0,0,0,2014-03-20 20:30,Property,14.5816209,121.0537621,No Collision Stated
None,EDSA,None,None,"No Accident Factor, No Collision Stated (based on Police Blotter Book), 0.0 drivers_injured, 0.0 drivers_killed, 0.0 passengers_injured, 0.0 passengers_killed, 0.0 pedestrian_injured, 0.0 pedestrian_killed, Fair (Day), EDSA Shaw Blvd.  Mandaluyong",MMDA Road Safety Unit,,ae347cf7-4440-47ab-9a52-bd0ebde87843,2014-03-20,02:20:00,EDSA fronting Starmall Mandaluyong,0,0,0,0,0,0,0,0,0,0,2014-03-20 10:20,Property,14.58119822,121.0534578,No Collision Stated
None,EDSA,None,None,"No Accident Factor, No Collision Stated (based on Police Blotter Book), 0.0 drivers_injured, 0.0 drivers_killed, 0.0 passengers_injured, 0.0 passengers_killed, 0.0 pedestrian_injured, 0.0 pedestrian_killed, Fair (Day), EDSA Shaw Blvd. Crossing Mandaluyong",MMDA Road Safety Unit,,6703a7b3-728e-4a3c-a0e1-15f0f08bb37f,2014-03-17,09:30:00,EDSA Shaw Blvd. Mandaluyong,0,0,0,0,0,0,0,0,0,0,2014-03-17 17:30,Property,14.58119822,121.0534578,No Collision Stated
None,EDSA,None,None,"No Accident Factor, No Collision Stated (based on Police Blotter Book), 0.0 drivers_injured, 0.0 drivers_killed, 0.0 passengers_injured, 0.0 passengers_killed, 0.0 pedestrian_injured, 0.0 pedestrian_killed, Fair (Day), EDSA Front of Robinson Forum Mandaluyong",MMDA Road Safety Unit,,9471f400-282b-4e51-8bf2-60e0cda9b0db,2014-03-13,22:20:00,EDSA fronting Richville Mandaluyong,0,0,0,0,0,0,0,0,0,0,2014-03-14 6:20,Property,14.57130985,121.0469106,No Collision Stated
None,EDSA,None,None,"No Accident Factor, No Collision Stated (based on Police Blotter Book), 0.0 drivers_injured, 0.0 drivers_killed, 0.0 passengers_injured, 0.0 passengers_killed, 0.0 pedestrian_injured, 0.0 pedestrian_killed, Fair (Night), EDSA before Libertad Street Mandaluyong",MMDA Road Safety Unit,,feea04fb-36be-4edc-bcc4-0aa3458e822f,2014-03-13,13:25:00,EDSA ADB Ave. Mandaluyong,0,0,0,0,0,0,0,0,0,0,2014-03-13 21:25,Property,14.57885148,121.0518689,No Collision Stated
None,EDSA,None,None,"No Accident Factor, No Collision Stated (based on Police Blotter Book), 0.0 drivers_injured, 0.0 drivers_killed, 0.0 passengers_injured, 0.0 passengers_killed, 0.0 pedestrian_injured, 0.0 pedestrian_killed, Fair (Day), EDSA fronting PGA Motors, Wack-Wack Mandaluyong",MMDA Road Safety Unit,,96fbdb4b-90f7-405e-b218-14e9b7d794ec,2014-03-11,02:40:00,EDSA Crossing Mandaluyong,0,0,0,0,0,0,0,0,0,0,2014-03-11 10:40,Property,14.59622623,121.059216,No Collision Stated
None,EDSA,None,None,"No Accident Factor, Self-Accident, 0.0 drivers_injured, 0.0 drivers_killed, 0.0 passengers_injured, 0.0 passengers_killed, 0.0 pedestrian_injured, 0.0 pedestrian_killed, Fair (Night), EDSA Ortigas Ave.  Mandaluyong",MMDA Road Safety Unit,,c7238ec6-051f-41e3-9c25-8ee9f84de7b1,2014-03-10,13:30:00,EDSA Guadix Drive Mandaluyong,0,0,0,0,0,0,0,0,0,0,2014-03-10 21:30,Property,14.59327428,121.0582827,Self-Accident
None,EDSA,None,None,"No Accident Factor, Hit and Run (No Collision Stated), 0.0 drivers_injured, 0.0 drivers_killed, 0.0 passengers_injured, 0.0 passengers_killed, 0.0 pedestrian_injured, 0.0 pedestrian_killed, Fair (Day), EDSA Shaw Boulevard  Mandaluyong",MMDA Road Safety Unit,,2524f915-4e08-4467-bb53-ee13cfbd8e1b,2014-03-05,02:50:00,"EDSA Starmall, Shaw Blvd. Mandaluyong",0,0,0,0,0,0,0,0,0,0,2014-03-05 10:50,Property,14.58119822,121.0534578,No Collision Stated
None,EDSA,None,None,"No Accident Factor, No Collision Stated (based on Police Blotter Book), 0.0 drivers_injured, 0.0 drivers_killed, 0.0 passengers_injured, 0.0 passengers_killed, 0.0 pedestrian_injured, 0.0 pedestrian_killed, Fair (Day), EDSA Pioneer Street  Mandaluyong",MMDA Road Safety Unit,,cdeb8978-9410-48f1-9664-d6dad3b97d5e,2014-03-02,04:40:00,EDSA before Mitsubishi Motors Mandaluyong,0,0,0,0,0,0,0,0,0,0,2014-03-02 12:40,Property,14.57236671,121.0472702,No Collision Stated
None,EDSA,None,None,"No Accident Factor, No Collision Stated (based on Police Blotter Book), 0.0 drivers_injured, 0.0 drivers_killed, 0.0 passengers_injured, 0.0 passengers_killed, 0.0 pedestrian_injured, 0.0 pedestrian_killed, Fair (Day), EDSA front of Polymedic  Mandaluyong",MMDA Road Safety Unit,,12c725a0-8350-4af1-acde-5fd032996ffe,2014-03-01,04:20:00,EDSA Ortigas Ave. Mandaluyong,0,0,0,0,0,0,0,0,0,0,2014-03-01 12:20,Property,14.57883372,121.0517254,No Collision Stated
None,EDSA,None,None,"No Accident Factor, Hit and Run (No Collision Stated), 0.0 drivers_injured, 0.0 drivers_killed, 0.0 passengers_injured, 0.0 passengers_killed, 0.0 pedestrian_injured, 0.0 pedestrian_killed, Fair (Day), EDSA Pioneer (NB)  Mandaluyong",MMDA Road Safety Unit,,e1d04147-e55f-47fe-bfe3-a4f39a23293a,2014-02-27,08:20:00,EDSA Go Hotel Mandaluyong,0,0,0,0,0,0,0,0,0,0,2014-02-27 16:20,Property,14.57236671,121.0472702,No Collision Stated
None,EDSA,None,None,"No Accident Factor, No Collision Stated (based on Police Blotter Book), 0.0 drivers_injured, 0.0 drivers_killed, 0.0 passengers_injured, 0.0 passengers_killed, 0.0 pedestrian_injured, 0.0 pedestrian_killed, Fair (Night), EDSA Boni Avenue  Mandaluyong",MMDA Road Safety Unit,,cfef1db4-1dc9-468b-b7eb-af49aca73a19,2014-02-26,15:00:00,EDSA Guadix Drive Mandaluyong,0,0,0,0,0,0,0,0,0,0,2014-02-26 23:00,Property,14.57232921,121.0473601,No Collision Stated
None,EDSA,None,None,"No Accident Factor, No Collision Stated (based on Police Blotter Book), 0.0 drivers_injured, 0.0 drivers_killed, 0.0 passengers_injured, 0.0 passengers_killed, 0.0 pedestrian_injured, 0.0 pedestrian_killed, Fair (Day), EDSA Boni Avenue  Mandaluyong",MMDA Road Safety Unit,,8be0d7a8-9466-46d8-b3a1-43dcdfe93da9,2014-02-22,03:30:00,EDSA fronting Go Hotel Mandaluyong,0,0,0,0,0,0,0,0,0,0,2014-02-22 11:30,Property,14.57232921,121.0473601,No Collision Stated
None,EDSA,None,None,"No Accident Factor, No Collision Stated (based on Police Blotter Book), 0.0 drivers_injured, 0.0 drivers_killed, 0.0 passengers_injured, 0.0 passengers_killed, 0.0 pedestrian_injured, 0.0 pedestrian_killed, Fair (Day), EDSA Julia Vargas Ave. Mandaluyong",MMDA Road Safety Unit,,4de2aff5-6717-4501-9935-30a25f683a97,2014-02-18,00:00:00,EDSA Pinatubo St. Mandaluyong,0,0,0,0,0,0,0,0,0,0,2014-02-18 8:00,Property,14.58458553,121.0557595,No Collision Stated
None,EDSA,None,None,"No Accident Factor, No Collision Stated (based on Police Blotter Book), 0.0 drivers_injured, 0.0 drivers_killed, 0.0 passengers_injured, 0.0 passengers_killed, 0.0 pedestrian_injured, 0.0 pedestrian_killed, Fair (Day), EDSA Connecticut Street Mandaluyong",MMDA Road Safety Unit,,817883cf-e039-4145-ba0d-7945faa04c49,2014-02-16,01:50:00,EDSA fronting Starmall Mandaluyong,0,0,0,0,0,0,0,0,0,0,2014-02-16 9:50,Property,14.60199905,121.0590573,No Collision Stated
None,EDSA,None,None,"No Accident Factor, No Collision Stated (based on Police Blotter Book), 0.0 drivers_injured, 0.0 drivers_killed, 0.0 passengers_injured, 0.0 passengers_killed, 0.0 pedestrian_injured, 0.0 pedestrian_killed, Fair (Day), EDSA Shaw Boulevard Mandaluyong",MMDA Road Safety Unit,,199f1e09-2147-47af-8a8c-2d14e433cda0,2014-02-14,09:30:00,EDSA Boni Ave. Mandaluyong,0,0,0,0,0,0,0,0,0,0,2014-02-14 17:30,Property,14.58119822,121.0534578,No Collision Stated
None,EDSA,None,None,"No Accident Factor, No Collision Stated (based on Police Blotter Book), 0.0 drivers_injured, 0.0 drivers_killed, 0.0 passengers_injured, 0.0 passengers_killed, 0.0 pedestrian_injured, 0.0 pedestrian_killed, Fair (Day), EDSA Julia Vargas Avenue fronting SM Megamall Mandaluyong",MMDA Road Safety Unit,,58c06b32-d190-424e-ab95-61f3b6d5ee16,2014-02-12,07:40:00,EDSA United St. Mandaluyong,0,0,0,0,0,0,0,0,0,0,2014-02-12 15:40,Property,14.58458553,121.0557595,No Collision Stated
None,EDSA,None,None,"No Accident Factor, Hit and Run (No Collision Stated), 0.0 drivers_injured, 0.0 drivers_killed, 0.0 passengers_injured, 0.0 passengers_killed, 0.0 pedestrian_injured, 0.0 pedestrian_killed, Fair (Day), EDSA Boni Avenue Mandaluyong",MMDA Road Safety Unit,,5119af9b-27fe-464f-a03b-ce91ae64f519,2014-02-11,08:00:00,EDSA Ortigas Ave. Mandaluyong,0,0,0,0,0,0,0,0,0,0,2014-02-11 16:00,Property,14.57241376,121.0474637,No Collision Stated
None,EDSA,None,None,"No Accident Factor, Rear-end, 0.0 drivers_injured, 0.0 drivers_killed, 0.0 passengers_injured, 0.0 passengers_killed, 0.0 pedestrian_injured, 0.0 pedestrian_killed, Fair (Day), EDSA infront SM Megamall  Mandaluyong",MMDA Road Safety Unit,,e5f5fe51-c256-4ae2-a94f-f1b4db17b3a7,2014-02-05,08:00:00,EDSA United St. Mandaluyong,0,0,0,0,0,0,0,0,0,0,2014-02-05 16:00,Property,14.58699737,121.0565403,Rear-End
None,EDSA,None,None,"No Accident Factor, Hit and Run (No Collision Stated), 0.0 drivers_injured, 0.0 drivers_killed, 0.0 passengers_injured, 0.0 passengers_killed, 0.0 pedestrian_injured, 0.0 pedestrian_killed, Fair (Night), EDSA fronting G.A. Tower Mandaluyong",MMDA Road Safety Unit,,fbf9c502-225d-4d43-8629-51ed90648e7e,2014-02-04,14:30:00,EDSA Crossing Mandaluyong,0,0,0,0,0,0,0,0,0,0,2014-02-04 22:30,Property,14.57396299,121.0481608,No Collision Stated
None,EDSA,None,None,"No Accident Factor, Side Swipe, 0.0 drivers_injured, 0.0 drivers_killed, 0.0 passengers_injured, 0.0 passengers_killed, 0.0 pedestrian_injured, 0.0 pedestrian_killed, Fair (Day), EDSA fronting Starmall Mandaluyong",MMDA Road Safety Unit,,8d7776b2-3353-4409-bf65-981fea71ebed,2014-02-04,08:15:00,EDSA Crossing Mandaluyong,0,0,0,0,0,0,0,0,0,0,2014-02-04 16:15,Property,14.5820399,121.0540545,Side Swipe
None,EDSA,None,None,"No Accident Factor, Other, 0.0 drivers_injured, 0.0 drivers_killed, 1.0 passengers_injured, 0.0 passengers_killed, 0.0 pedestrian_injured, 0.0 pedestrian_killed, Fair (Day), EDSA at loading bay, EDSA Central Mandaluyong",MMDA Road Safety Unit,,c9441714-c74a-46ce-aae4-0539bca3bb68,2014-01-31,23:20:00,EDSA Ortigas Ave. Mandaluyong,0,0,0,0,1,0,0,0,0,1,2014-02-01 7:20,Injury,14.57972156,121.0527094,No Collision Stated
None,EDSA,None,None,"No Accident Factor, No Collision Stated (based on Police Blotter Book), 0.0 drivers_injured, 0.0 drivers_killed, 0.0 passengers_injured, 0.0 passengers_killed, 0.0 pedestrian_injured, 0.0 pedestrian_killed, Fair (Day), EDSA Shaw Boulevard (EB) Barangay Highway Hills  Mandaluyong",MMDA Road Safety Unit,,745b8a6b-5ea8-4f39-9c23-ad53c8f67a43,2014-01-27,02:00:00,EDSA Reliance St. Mandaluyong,0,0,0,0,0,0,0,0,0,0,2014-01-27 10:00,Property,14.58119822,121.0534578,No Collision Stated
None,EDSA,None,None,"No Accident Factor, No Collision Stated (based on Police Blotter Book), 0.0 drivers_injured, 0.0 drivers_killed, 0.0 passengers_injured, 0.0 passengers_killed, 0.0 pedestrian_injured, 0.0 pedestrian_killed, Fair (Day), EDSA Boni Avenue fronting Caltex Gasoline Station Mandaluyong",MMDA Road Safety Unit,,d9711282-4dc4-46e8-8446-0711e7e68c16,2014-01-22,07:30:00,EDSA Crossing Mandaluyong,0,0,0,0,0,0,0,0,0,0,2014-01-22 15:30,Property,14.57226919,121.0470452,No Collision Stated
None,EDSA,None,None,"No Accident Factor, Hit Object (No Object Stated), 0.0 drivers_injured, 0.0 drivers_killed, 0.0 passengers_injured, 0.0 passengers_killed, 0.0 pedestrian_injured, 0.0 pedestrian_killed, Fair (Day), EDSA Ortigas Avenue Mandaluyong  Mandaluyong",MMDA Road Safety Unit,,b63c68a9-0979-4126-b0dd-594f1c84c1d4,2014-01-21,04:10:00,EDSA Lion Road Mandaluyong,0,0,0,0,0,0,0,0,0,0,2014-01-21 12:10,Property,14.59330619,121.0582659,Hit Object
None,EDSA,None,None,"No Accident Factor, No Collision Stated (based on Police Blotter Book), 0.0 drivers_injured, 0.0 drivers_killed, 0.0 passengers_injured, 0.0 passengers_killed, 0.0 pedestrian_injured, 0.0 pedestrian_killed, Fair (Night), EDSA Madison Street Mandaluyong",MMDA Road Safety Unit,,212157ce-8f3a-41c4-8548-a614ee9f9588,2014-01-18,11:00:00,EDSA Megamall Bldg.B Mandaluyong,0,0,0,0,0,0,0,0,0,0,2014-01-18 19:00,Property,14.57464299,121.0489046,No Collision Stated
None,EDSA,None,None,"No Accident Factor, No Collision Stated (based on Police Blotter Book), 0.0 drivers_injured, 0.0 drivers_killed, 0.0 passengers_injured, 0.0 passengers_killed, 0.0 pedestrian_injured, 0.0 pedestrian_killed, Fair (Day), EDSA Domingo Guevarra Jr.  Mandaluyong",MMDA Road Safety Unit,,0e4837da-9334-46c0-9837-3b768314029e,2014-01-15,01:00:00,EDSA Boni Ave. Mandaluyong,0,0,0,0,0,0,0,0,0,0,2014-01-15 9:00,Property,14.57876948,121.0518036,No Collision Stated
None,EDSA,None,None,"No Accident Factor, No Collision Stated (based on Police Blotter Book), 0.0 drivers_injured, 0.0 drivers_killed, 0.0 passengers_injured, 0.0 passengers_killed, 0.0 pedestrian_injured, 0.0 pedestrian_killed, Fair (Day), EDSA Shangrila Mall Wack Wack  Mandaluyong",MMDA Road Safety Unit,,8b0f14e7-3b5e-4fb2-8431-e9164866e2e4,2014-01-14,08:05:00,EDSA before ADB N/B Mandaluyong,0,0,0,0,0,0,0,0,0,0,2014-01-14 16:05,Property,14.58223571,121.0544805,No Collision Stated
None,EDSA,None,None,"No Accident Factor, No Collision Stated (based on Police Blotter Book), 0.0 drivers_injured, 0.0 drivers_killed, 0.0 passengers_injured, 0.0 passengers_killed, 0.0 pedestrian_injured, 0.0 pedestrian_killed, Fair (Day), EDSA Star Mall Wack Wack  Mandaluyong",MMDA Road Safety Unit,,d56fd570-03e0-42d5-8681-3197e709c9a1,2014-01-13,00:30:00,EDSA Boni Ave. Mandaluyong,0,0,0,0,0,0,0,0,0,0,2014-01-13 8:30,Property,14.58198795,121.0540368,No Collision Stated
None,EDSA,None,None,"No Accident Factor, No Collision Stated (based on Police Blotter Book), 0.0 drivers_injured, 0.0 drivers_killed, 0.0 passengers_injured, 0.0 passengers_killed, 0.0 pedestrian_injured, 0.0 pedestrian_killed, Fair (Day), EDSA Connecticut St. Mandaluyong",MMDA Road Safety Unit,,6c1842c3-ec5c-4cf3-9fcc-4a0025b514f8,2014-01-06,23:40:00,EDSA Shaw Blvd. Mandaluyong,0,0,0,0,0,0,0,0,0,0,2014-01-07 7:40,Property,14.60151411,121.0591478,No Collision Stated