LOCATION_TEXT,ROAD,WEATHER,LIGHT,DESC,REPORTING_AGENCY,MAIN_CAUSE,INCIDENTDETAILS_ID,DATE_UTC,TIME_UTC,ADDRESS,killed_driver,killed_passenger,killed_pedestrian,injured_driver,injured_passenger,injured_pedestrian,killed_uncategorized,injured_uncategorized,killed_total,injured_total,DATETIME_PST,SEVERITY,Y,X,COLLISION_TYPE
None,EDSA,None,None,"No Accident Factor, No Collision Stated (based on Police Blotter Book), 0.0 drivers_injured, 0.0 drivers_killed, 0.0 passengers_injured, 0.0 passengers_killed, 0.0 pedestrian_injured, 0.0 pedestrian_killed, Fair (Day), EDSA Shaw Blvd., Bgy.Highway Hills Mandaluyong",MMDA Road Safety Unit,,189e287a-1dc8-41d3-aafe-add95fd9335d,2014-01-05,04:30:00,EDSA front of POEA S/B Mandaluyong,0,0,0,0,0,0,0,0,0,0,2014-01-05 12:30,Property,14.58119822,121.0534578,No Collision Stated
None,EDSA,None,None,"No Accident Factor, No Collision Stated (based on Police Blotter Book), 0.0 drivers_injured, 0.0 drivers_killed, 0.0 passengers_injured, 0.0 passengers_killed, 0.0 pedestrian_injured, 0.0 pedestrian_killed, Fair (Night), EDSA Ortigas Ave. Mandaluyong",MMDA Road Safety Unit,,cb4c2c19-2bc9-4ae3-a14a-42deb85221ab,2014-01-03,21:45:00,EDSA Ortigas Ave. Mandaluyong,0,0,0,0,0,0,0,0,0,0,2014-01-04 5:45,Property,14.59305232,121.0585643,No Collision Stated
None,EDSA,None,None,"No Accident Factor, No Collision Stated (based on Police Blotter Book), 0.0 drivers_injured, 0.0 drivers_killed, 0.0 passengers_injured, 0.0 passengers_killed, 0.0 pedestrian_injured, 0.0 pedestrian_killed, Fair (Day), EDSA Shaw Blvd. Mandaluyong",MMDA Road Safety Unit,,92a1d39e-f8a8-4d37-b29d-d96c2850b1a5,2013-12-24,22:30:00,EDSA Boni Ave. Mandaluyong,0,0,0,0,0,0,0,0,0,0,2013-12-25 6:30,Property,14.58119822,121.0534578,No Collision Stated
None,EDSA,None,None,"No Accident Factor, Side Swipe, 0.0 drivers_injured, 0.0 drivers_killed, 0.0 passengers_injured, 0.0 passengers_killed, 0.0 pedestrian_injured, 0.0 pedestrian_killed, Fair (Night), EDSA  Ortigas Ave.  Mandaluyong",MMDA Road Safety Unit,,15d67b94-5530-4621-bd80-a225e794eb44,2013-12-23,11:00:00,EDSA Megamall Mandaluyong,0,0,0,0,0,0,0,0,0,0,2013-12-23 19:00,Property,14.59329113,121.0583812,Side Swipe
None,EDSA,None,None,"No Accident Factor, No Collision Stated (based on Police Blotter Book), 1.0 drivers_injured, 0.0 drivers_killed, 0.0 passengers_injured, 0.0 passengers_killed, 0.0 pedestrian_injured, 0.0 pedestrian_killed, Fair (Day), EDSA  fronting RICOA Mandaluyong",MMDA Road Safety Unit,,79a8a08b-525f-4698-815b-c6453c4b1713,2013-12-21,23:00:00,EDSA Ortigas Ave. Mandaluyong,0,0,0,1,0,0,0,0,0,1,2013-12-22 7:00,Injury,14.57616735,121.0500011,No Collision Stated
None,EDSA,None,None,"No Accident Factor, No Collision Stated (based on Police Blotter Book), 0.0 drivers_injured, 0.0 drivers_killed, 0.0 passengers_injured, 0.0 passengers_killed, 0.0 pedestrian_injured, 0.0 pedestrian_killed, Fair (Day), EDSA  fronting Total Highway Hills Mandaluyong",MMDA Road Safety Unit,,f0589655-a540-48ab-8514-91249aaf9819,2013-12-19,23:50:00,EDSA Crossing Mandaluyong,0,0,0,0,0,0,0,0,0,0,2013-12-20 7:50,Property,14.57495979,121.0488456,No Collision Stated
None,EDSA,None,None,"No Accident Factor, No Collision Stated (based on Police Blotter Book), 0.0 drivers_injured, 0.0 drivers_killed, 0.0 passengers_injured, 0.0 passengers_killed, 0.0 pedestrian_injured, 0.0 pedestrian_killed, Fair (Night), EDSA  Shaw Blvd. Mandaluyong",MMDA Road Safety Unit,,af77e4df-b32e-4579-8eac-6cc922dc454f,2013-12-15,12:00:00,EDSA Boni Ave. Mandaluyong,0,0,0,0,0,0,0,0,0,0,2013-12-15 20:00,Property,14.58119421,121.0536082,No Collision Stated
None,EDSA,None,None,"No Accident Factor, No Collision Stated (based on Police Blotter Book), 0.0 drivers_injured, 0.0 drivers_killed, 0.0 passengers_injured, 0.0 passengers_killed, 0.0 pedestrian_injured, 0.0 pedestrian_killed, Fair (Night), EDSA  Crossing Ibabaw Mandaluyong",MMDA Road Safety Unit,,9f0420b6-85d8-4426-9d22-2fb2c7dce682,2013-12-13,13:30:00,EDSA  before Shaw Blvd. Mandaluyong,0,0,0,0,0,0,0,0,0,0,2013-12-13 21:30,Property,14.5810425,121.0534224,No Collision Stated
None,EDSA,None,None,"No Accident Factor, No Collision Stated (based on Police Blotter Book), 0.0 drivers_injured, 0.0 drivers_killed, 0.0 passengers_injured, 0.0 passengers_killed, 0.0 pedestrian_injured, 0.0 pedestrian_killed, Fair (Night), EDSA  before Shaw Blvd. Mandaluyong",MMDA Road Safety Unit,,b495774e-2110-45b6-ac02-df2031355dc9,2013-12-13,13:00:00,EDSA  before EDSA Central Mandaluyong,0,0,0,0,0,0,0,0,0,0,2013-12-13 21:00,Property,14.58144057,121.0538485,No Collision Stated
None,EDSA,None,None,"No Accident Factor, No Collision Stated (based on Police Blotter Book), 0.0 drivers_injured, 0.0 drivers_killed, 0.0 passengers_injured, 0.0 passengers_killed, 0.0 pedestrian_injured, 0.0 pedestrian_killed, Fair (Night), EDSA  Boni N/B Brgy. Ilaya  Mandaluyong",MMDA Road Safety Unit,,07292047-43a6-41e9-b248-c7204981d277,2013-12-08,14:00:00,EDSA before MRT Megamall Mandaluyong,0,0,0,0,0,0,0,0,0,0,2013-12-08 22:00,Property,14.57238568,121.0472504,No Collision Stated
None,EDSA,None,None,"No Accident Factor, Hit Object (No Object Stated), 0.0 drivers_injured, 0.0 drivers_killed, 0.0 passengers_injured, 0.0 passengers_killed, 0.0 pedestrian_injured, 0.0 pedestrian_killed, Fair (Night), EDSA   Fronting Mega Mall  Mandaluyong",MMDA Road Safety Unit,,a26e726d-9d2a-4eec-beba-d10cf5fb595b,2013-12-07,20:00:00,EDSA Shaw Blvd. Mandaluyong,0,0,0,0,0,0,0,0,0,0,2013-12-08 4:00,Property,14.58532343,121.0558682,Hit Object
None,EDSA,None,None,"No Accident Factor, No Collision Stated (based on Police Blotter Book), 0.0 drivers_injured, 0.0 drivers_killed, 0.0 passengers_injured, 0.0 passengers_killed, 0.0 pedestrian_injured, 0.0 pedestrian_killed, Fair (Day), EDSA  Shaw Blvd.  Mandaluyong",MMDA Road Safety Unit,,aaa885b4-f2b6-42ac-9c23-ab567e0d55be,2013-12-06,04:20:00,EDSA fronting Robinson Pioneer Mandaluyong,0,0,0,0,0,0,0,0,0,0,2013-12-06 12:20,Property,14.58132487,121.0538058,No Collision Stated
None,EDSA,None,None,"No Accident Factor, No Collision Stated (based on Police Blotter Book), 0.0 drivers_injured, 0.0 drivers_killed, 0.0 passengers_injured, 0.0 passengers_killed, 0.0 pedestrian_injured, 0.0 pedestrian_killed, Fair (Night), EDSA  Ortigas Avenue  Mandaluyong",MMDA Road Safety Unit,,e2addf8b-26d6-4651-b4a9-e8995ace9010,2013-12-04,14:00:00,EDSA fronting Highway 54 Mandaluyong,0,0,0,0,0,0,0,0,0,0,2013-12-04 22:00,Property,14.5932304,121.0583976,No Collision Stated
None,EDSA,None,None,"No Accident Factor, No Collision Stated (based on Police Blotter Book), 0.0 drivers_injured, 0.0 drivers_killed, 0.0 passengers_injured, 0.0 passengers_killed, 0.0 pedestrian_injured, 0.0 pedestrian_killed, Fair (Day), EDSA  Corner Boni Barangka  Mandaluyong",MMDA Road Safety Unit,,2436926c-98ab-41e7-badf-9a2027b5e360,2013-12-04,00:30:00,EDSA Ortigas Mandaluyong,0,0,0,0,0,0,0,0,0,0,2013-12-04 8:30,Property,14.57253828,121.0472,No Collision Stated
None,EDSA,None,None,"No Accident Factor, No Collision Stated (based on Police Blotter Book), 0.0 drivers_injured, 0.0 drivers_killed, 0.0 passengers_injured, 0.0 passengers_killed, 0.0 pedestrian_injured, 0.0 pedestrian_killed, Fair (Day), EDSA  Shaw Blvd.  Mandaluyong",MMDA Road Safety Unit,,48bda3d3-2a2f-431a-b9e1-272dd2343a11,2013-12-02,09:30:00,EDSA Ortigas Ave. Mandaluyong,0,0,0,0,0,0,0,0,0,0,2013-12-02 17:30,Property,14.58132487,121.0538058,No Collision Stated
None,EDSA,None,None,"No Accident Factor, No Collision Stated (based on Police Blotter Book), 0.0 drivers_injured, 0.0 drivers_killed, 0.0 passengers_injured, 0.0 passengers_killed, 0.0 pedestrian_injured, 0.0 pedestrian_killed, Fair (Day), EDSA before Shaw Blvd.  Mandaluyong",MMDA Road Safety Unit,,2bfb721a-82c7-4604-afb3-fd0f8c81aab8,2013-11-29,09:50:00,EDSA fronting Highway 54 Mandaluyong,0,0,0,0,0,0,0,0,0,0,2013-11-29 17:50,Property,14.58181186,121.0539351,No Collision Stated
None,EDSA,None,None,"No Accident Factor, Side Swipe, 0.0 drivers_injured, 0.0 drivers_killed, 0.0 passengers_injured, 0.0 passengers_killed, 0.0 pedestrian_injured, 0.0 pedestrian_killed, Fair (Day), EDSA Megamall Wack - Wack  Mandaluyong",MMDA Road Safety Unit,,2ec5ba5f-1760-4853-b42d-54a63289be63,2013-11-25,08:00:00,Edsa  Boni Ave. Mandaluyong,0,0,0,0,0,0,0,0,0,0,2013-11-25 16:00,Property,14.58519582,121.0559351,Side Swipe
None,EDSA,None,None,"No Accident Factor, Side Swipe, 0.0 drivers_injured, 0.0 drivers_killed, 0.0 passengers_injured, 0.0 passengers_killed, 0.0 pedestrian_injured, 0.0 pedestrian_killed, Fair (Day), EDSA  before J. Vargas Avenue  Mandaluyong",MMDA Road Safety Unit,,22c27e0d-50b5-43c5-9d46-de6c89014cdd,2013-11-21,07:00:00,Edsa  SM Megamall Mandaluyong,0,0,0,0,0,0,0,0,0,0,2013-11-21 15:00,Property,14.58421051,121.0555612,Side Swipe
None,EDSA,None,None,"No Accident Factor, No Collision Stated (based on Police Blotter Book), 0.0 drivers_injured, 0.0 drivers_killed, 0.0 passengers_injured, 0.0 passengers_killed, 0.0 pedestrian_injured, 0.0 pedestrian_killed, Fair (Day), EDSA Guadix Drive Mandaluyong",MMDA Road Safety Unit,,81cb53e7-52a4-4298-91fe-879c688f1d3a,2013-11-14,00:00:00,EDSA Shaw Blvd. Mandaluyong,0,0,0,0,0,0,0,0,0,0,2013-11-14 8:00,Property,14.58948577,121.0573946,No Collision Stated
None,EDSA,None,None,"No Accident Factor, No Collision Stated (based on Police Blotter Book), 0.0 drivers_injured, 0.0 drivers_killed, 0.0 passengers_injured, 0.0 passengers_killed, 0.0 pedestrian_injured, 0.0 pedestrian_killed, Fair (Night), EDSA Pioneer Bgy.Barangka Mandaluyong",MMDA Road Safety Unit,,d59e8eaa-8979-4bd4-964f-7cc2e025ecc1,2013-11-09,10:00:00,"EDSA Shaw Blvd., Crossing Mandaluyong",0,0,0,0,0,0,0,0,0,0,2013-11-09 18:00,Property,14.57236671,121.0472702,No Collision Stated
None,EDSA,None,None,"No Accident Factor, Side Swipe, 0.0 drivers_injured, 0.0 drivers_killed, 0.0 passengers_injured, 0.0 passengers_killed, 0.0 pedestrian_injured, 0.0 pedestrian_killed, Fair (Day), EDSA  J. Vargas Ave. Wack - Wack Mandaluyong",MMDA Road Safety Unit,,58b460de-e197-4b7e-a15f-bb8d5f90bf51,2013-11-05,07:00:00,EDSA Crossing Mandaluyong,0,0,0,0,0,0,0,0,0,0,2013-11-05 15:00,Property,14.58451703,121.0557611,Side Swipe
None,EDSA,None,None,"No Accident Factor, Angle Impact, 0.0 drivers_injured, 0.0 drivers_killed, 0.0 passengers_injured, 0.0 passengers_killed, 0.0 pedestrian_injured, 0.0 pedestrian_killed, Fair (Night), EDSA  SM Megamall Bldg. A Exit Mandaluyong",MMDA Road Safety Unit,,04a199a0-79ad-4d47-a50b-8e52ebe6460e,2013-10-30,13:45:00,EDSA corner Connecticut Street Mandaluyong,0,0,0,0,0,0,0,0,0,0,2013-10-30 21:45,Property,14.58693732,121.0565454,Angle Impact
None,EDSA,None,None,"No Accident Factor, Rear-end, 0.0 drivers_injured, 0.0 drivers_killed, 0.0 passengers_injured, 0.0 passengers_killed, 0.0 pedestrian_injured, 0.0 pedestrian_killed, Fair (Night), EDSA Shaw Blvd. Mandaluyong",MMDA Road Safety Unit,,eb9feace-89a5-44da-a0b3-afc47b928f6c,2013-10-30,11:00:00,EDSA Boni MRT Mandaluyong,0,0,0,0,0,0,0,0,0,0,2013-10-30 19:00,Property,14.58119822,121.0534578,Rear-End
None,EDSA,None,None,"No Accident Factor, Angle Impact, 0.0 drivers_injured, 0.0 drivers_killed, 0.0 passengers_injured, 0.0 passengers_killed, 0.0 pedestrian_injured, 0.0 pedestrian_killed, Fair (Night), EDSA D.M Guevarra Mandaluyong",MMDA Road Safety Unit,,2166076a-b5c6-475f-b409-6b11ad45d6cc,2013-10-16,11:05:00,EDSA Crossing Mandaluyong,0,0,0,0,0,0,0,0,0,0,2013-10-16 19:05,Property,14.57849454,121.05152,Angle Impact
None,EDSA,None,None,"No Accident Factor, Rear-end, 0.0 drivers_injured, 0.0 drivers_killed, 0.0 passengers_injured, 0.0 passengers_killed, 0.0 pedestrian_injured, 0.0 pedestrian_killed, Fair (Day), EDSA  Guadix Street Wack Wack Mandaluyong",MMDA Road Safety Unit,,56933ab4-ba26-438b-9019-0f3e621fcb8a,2013-10-14,02:25:00,EDSA Pioneer St. Mandaluyong,0,0,0,0,0,0,0,0,0,0,2013-10-14 10:25,Property,14.5894058,121.0574117,Rear-End
None,EDSA,None,None,"No Accident Factor, Side Swipe, 0.0 drivers_injured, 0.0 drivers_killed, 0.0 passengers_injured, 0.0 passengers_killed, 0.0 pedestrian_injured, 0.0 pedestrian_killed, Fair (Night), EDSA Boni Ave. Mandaluyong",MMDA Road Safety Unit,,7d3e1924-19ec-486d-8545-da4bd15d459e,2013-10-13,18:45:00,"EDSA Boni Ave., Bgy. Barangka Ilaya Mandaluyong",0,0,0,0,0,0,0,0,0,0,2013-10-14 2:45,Property,14.57242918,121.0471629,Side Swipe
None,EDSA,None,None,"No Accident Factor, No Collision Stated (based on Police Blotter Book), 1.0 drivers_injured, 0.0 drivers_killed, 0.0 passengers_injured, 0.0 passengers_killed, 0.0 pedestrian_injured, 0.0 pedestrian_killed, Fair (Night), EDSA Ortigas MRT Station  Mandaluyong",MMDA Road Safety Unit,,90433d6a-e8c2-4bb7-ad02-f2fe41647407,2013-10-09,10:10:00,"EDSA Crossing, Bgy. Wack-wack Mandaluyong",0,0,0,1,0,0,0,0,0,1,2013-10-09 18:10,Injury,14.58789302,121.0566024,No Collision Stated
None,EDSA,None,None,"No Accident Factor, No Collision Stated (based on Police Blotter Book), 0.0 drivers_injured, 0.0 drivers_killed, 0.0 passengers_injured, 0.0 passengers_killed, 0.0 pedestrian_injured, 0.0 pedestrian_killed, Fair (Day), EDSA   Guadix Street Wack Wack Mandaluyong",MMDA Road Safety Unit,,eabacaeb-92ae-4bfd-b952-8b8925f6f0f7,2013-10-08,00:45:00,EDSA Shaw Blvd. Mandaluyong,0,0,0,0,0,0,0,0,0,0,2013-10-08 8:45,Property,14.58942127,121.0573458,No Collision Stated
None,EDSA,None,None,"No Accident Factor, Side Swipe, 0.0 drivers_injured, 0.0 drivers_killed, 0.0 passengers_injured, 0.0 passengers_killed, 0.0 pedestrian_injured, 0.0 pedestrian_killed, Fair (Night), EDSA Shaw Blvd. (SB) Mandaluyong",MMDA Road Safety Unit,,35ae28d2-c2a9-47e6-b592-fa336137a410,2013-10-04,15:45:00,EDSA Shaw Blvd. Mandaluyong,0,0,0,0,0,0,0,0,0,0,2013-10-04 23:45,Property,14.58119822,121.0534578,Side Swipe
None,EDSA,None,None,"No Accident Factor, No Collision Stated (based on Police Blotter Book), 0.0 drivers_injured, 0.0 drivers_killed, 0.0 passengers_injured, 0.0 passengers_killed, 0.0 pedestrian_injured, 0.0 pedestrian_killed, Fair (Night), EDSA Ortigas Ave. Mandaluyong",MMDA Road Safety Unit,,f4f1ef02-2753-4ffc-8431-810abd934390,2013-10-04,13:30:00,EDSA Shaw Blvd. Mandaluyong,0,0,0,0,0,0,0,0,0,0,2013-10-04 21:30,Property,14.59305232,121.0585643,No Collision Stated
None,EDSA,None,None,"No Accident Factor, No Collision Stated (based on Police Blotter Book), 0.0 drivers_injured, 0.0 drivers_killed, 0.0 passengers_injured, 0.0 passengers_killed, 0.0 pedestrian_injured, 0.0 pedestrian_killed, Fair (Day), EDSA fronting Robinson Pioneer Mandaluyong",MMDA Road Safety Unit,,32469d20-cd14-4357-b451-2579ed20a6e6,2013-09-28,03:20:00,"EDSA Shaw Blvd., Bgy. Wack-wack Mandaluyong",0,0,0,0,0,0,0,0,0,0,2013-09-28 11:20,Property,14.57143562,121.046866,No Collision Stated
None,EDSA,None,None,"No Accident Factor, No Collision Stated (based on Police Blotter Book), 0.0 drivers_injured, 0.0 drivers_killed, 0.0 passengers_injured, 0.0 passengers_killed, 0.0 pedestrian_injured, 0.0 pedestrian_killed, Fair (Day), EDSA before Ortigas Ave. Mandaluyong",MMDA Road Safety Unit,,36fe9138-aaeb-44eb-9d80-6dae3fced44b,2013-09-23,04:40:00,EDSA fronting Starmall Mandaluyong,0,0,0,0,0,0,0,0,0,0,2013-09-23 12:40,Property,14.59380957,121.0583049,No Collision Stated
None,EDSA,None,None,"No Accident Factor, No Collision Stated (based on Police Blotter Book), 0.0 drivers_injured, 0.0 drivers_killed, 0.0 passengers_injured, 0.0 passengers_killed, 0.0 pedestrian_injured, 0.0 pedestrian_killed, Fair (Day), EDSA fronting Highway 54 Mandaluyong",MMDA Road Safety Unit,,b0b194ef-b11d-47eb-b603-a94d6a5d8cad,2013-09-22,23:00:00,EDSA Ortigas Ave. Mandaluyong,0,0,0,0,0,0,0,0,0,0,2013-09-23 7:00,Property,14.58501685,121.0556077,No Collision Stated
None,EDSA,None,None,"No Accident Factor, No Collision Stated (based on Police Blotter Book), 0.0 drivers_injured, 0.0 drivers_killed, 0.0 passengers_injured, 0.0 passengers_killed, 0.0 pedestrian_injured, 0.0 pedestrian_killed, Fair (Night), EDSA Pioneer   Mandaluyong",MMDA Road Safety Unit,,4b66aebc-505e-47e4-8e53-4c6863e97879,2013-09-16,11:30:00,"EDSA fronting EDSA Central, Shaw Blvd. Mandaluyong",0,0,0,0,0,0,0,0,0,0,2013-09-16 19:30,Property,14.57236671,121.0472702,No Collision Stated
None,EDSA,None,None,"No Accident Factor, No Collision Stated (based on Police Blotter Book), 0.0 drivers_injured, 0.0 drivers_killed, 0.0 passengers_injured, 0.0 passengers_killed, 0.0 pedestrian_injured, 0.0 pedestrian_killed, Fair (Day), EDSA crossing Mandaluyong",MMDA Road Safety Unit,,524f6328-f52d-4bc6-b676-56d7913a3337,2013-08-31,04:30:00,EDSA Robinson Internal Road Mandaluyong,0,0,0,0,0,0,0,0,0,0,2013-08-31 12:30,Property,14.58212391,121.0540758,No Collision Stated
None,EDSA,None,None,"No Accident Factor, No Collision Stated (based on Police Blotter Book), 0.0 drivers_injured, 0.0 drivers_killed, 0.0 passengers_injured, 0.0 passengers_killed, 0.0 pedestrian_injured, 0.0 pedestrian_killed, Fair (Day), EDSA Shaw Blvd. Mandaluyong",MMDA Road Safety Unit,,9765e468-186c-4972-b75d-c6e7f1b0d90d,2013-08-28,04:30:00,"EDSA Guadix Drive, Bgy. Wack-wack Mandaluyong",0,0,0,0,0,0,0,0,0,0,2013-08-28 12:30,Property,14.58119822,121.0534578,No Collision Stated
None,EDSA,None,None,"No Accident Factor, No Collision Stated (based on Police Blotter Book), 1.0 drivers_injured, 0.0 drivers_killed, 0.0 passengers_injured, 0.0 passengers_killed, 0.0 pedestrian_injured, 0.0 pedestrian_killed, Fair (Day), EDSA Shaw Crossing fronting Shangrila Mall Mandaluyong",MMDA Road Safety Unit,,5cd1fcfb-ac45-48eb-ba91-a3912f19c0fb,2013-08-25,01:30:00,"EDSA  Rochester St., Bgy. Wack-wack Mandaluyong",0,0,0,1,0,0,0,0,0,1,2013-08-25 9:30,Injury,14.58119822,121.0534578,No Collision Stated
None,EDSA,None,None,"No Accident Factor, No Collision Stated (based on Police Blotter Book), 0.0 drivers_injured, 0.0 drivers_killed, 0.0 passengers_injured, 0.0 passengers_killed, 0.0 pedestrian_injured, 0.0 pedestrian_killed, Fair (Day), EDSA Pinatubo st. Mandaluyong",MMDA Road Safety Unit,,159fd83f-8da2-4f93-a117-c7bf44b96780,2013-08-24,02:30:00,EDSA Boni Avenue Mandaluyong,0,0,0,0,0,0,0,0,0,0,2013-08-24 10:30,Property,14.57321369,121.0476439,No Collision Stated
None,EDSA,None,None,"No Accident Factor, No Collision Stated (based on Police Blotter Book), 0.0 drivers_injured, 0.0 drivers_killed, 1.0 passengers_injured, 0.0 passengers_killed, 0.0 pedestrian_injured, 0.0 pedestrian_killed, Fair (Day), EDSA MRT-Boni Station Mandaluyong",MMDA Road Safety Unit,,68291d39-aacc-483c-9c71-895e6076e28e,2013-08-23,23:05:00,EDSA Pioneer St. Mandaluyong,0,0,0,0,1,0,0,0,0,1,2013-08-24 7:05,Injury,14.57374686,121.0480486,No Collision Stated
None,EDSA,None,None,"No Accident Factor, No Collision Stated (based on Police Blotter Book), 0.0 drivers_injured, 0.0 drivers_killed, 0.0 passengers_injured, 0.0 passengers_killed, 0.0 pedestrian_injured, 0.0 pedestrian_killed, Fair (Night), EDSA fronting Starmall Mandaluyong",MMDA Road Safety Unit,,dea92922-de7a-47c9-9b7e-bd3759e2110e,2013-08-23,11:40:00,EDSA Shaw Blvd. Mandaluyong,0,0,0,0,0,0,0,0,0,0,2013-08-23 19:40,Property,14.5820399,121.0540545,No Collision Stated
None,EDSA,None,None,"No Accident Factor, No Collision Stated (based on Police Blotter Book), 0.0 drivers_injured, 0.0 drivers_killed, 0.0 passengers_injured, 0.0 passengers_killed, 0.0 pedestrian_injured, 0.0 pedestrian_killed, Fair (Night), EDSA Boni MRT Mandaluyong",MMDA Road Safety Unit,,11181aff-d38c-4dc5-91f8-a592ebb137bb,2013-08-19,13:00:00,EDSA Shaw Blvd. Mandaluyong,0,0,0,0,0,0,0,0,0,0,2013-08-19 21:00,Property,14.57372098,121.0479555,No Collision Stated
None,EDSA,None,None,"No Accident Factor, No Collision Stated (based on Police Blotter Book), 0.0 drivers_injured, 0.0 drivers_killed, 0.0 passengers_injured, 0.0 passengers_killed, 0.0 pedestrian_injured, 0.0 pedestrian_killed, Fair (Day), EDSA crossing Mandaluyong",MMDA Road Safety Unit,,71a97303-5b8a-402b-ba38-04e04d5e6d29,2013-08-16,07:40:00,EDSA Crossing Mandaluyong,0,0,0,0,0,0,0,0,0,0,2013-08-16 15:40,Property,14.58212391,121.0540758,No Collision Stated
None,EDSA,None,None,"No Accident Factor, No Collision Stated (based on Police Blotter Book), 0.0 drivers_injured, 0.0 drivers_killed, 0.0 passengers_injured, 0.0 passengers_killed, 0.0 pedestrian_injured, 0.0 pedestrian_killed, Fair (Day), EDSA fronting Mrt Ortigas Mandaluyong",MMDA Road Safety Unit,,0c02cacb-6908-4a79-a0ed-d6c15695833d,2013-08-13,04:35:00,EDSA after Shaw Blvd. Mandaluyong,0,0,0,0,0,0,0,0,0,0,2013-08-13 12:35,Property,14.587804,121.0567085,No Collision Stated
None,EDSA,None,None,"No Accident Factor, No Collision Stated (based on Police Blotter Book), 0.0 drivers_injured, 0.0 drivers_killed, 0.0 passengers_injured, 0.0 passengers_killed, 0.0 pedestrian_injured, 0.0 pedestrian_killed, Fair (Night), EDSA fronting Starmall Mandaluyong",MMDA Road Safety Unit,,2d8b745c-bcdc-4b5c-9760-9b287b9cd437,2013-08-11,18:40:00,EDSA Boni Ave. Mandaluyong,0,0,0,0,0,0,0,0,0,0,2013-08-12 2:40,Property,14.5820399,121.0540545,No Collision Stated
None,EDSA,None,None,"No Accident Factor, No Collision Stated (based on Police Blotter Book), 0.0 drivers_injured, 0.0 drivers_killed, 1.0 passengers_injured, 0.0 passengers_killed, 0.0 pedestrian_injured, 0.0 pedestrian_killed, Fair (Day), EDSA Libertad St. Mandaluyong",MMDA Road Safety Unit,,d85162cb-829a-4128-a8f2-e9bcfb1efe85,2013-08-10,07:40:00,EDSA POEA Mandaluyong,0,0,0,0,1,0,0,0,0,1,2013-08-10 15:40,Injury,14.57859094,121.0516172,No Collision Stated
None,EDSA,None,None,"No Accident Factor, No Collision Stated (based on Police Blotter Book), 0.0 drivers_injured, 0.0 drivers_killed, 0.0 passengers_injured, 0.0 passengers_killed, 0.0 pedestrian_injured, 0.0 pedestrian_killed, Fair (Night), EDSA Crossing Mandaluyong",MMDA Road Safety Unit,,4d50d564-4b3a-4859-923a-78b01e786bc1,2013-08-09,13:20:00,EDSA Shangrila Plaza Compound Mandaluyong,0,0,0,0,0,0,0,0,0,0,2013-08-09 21:20,Property,14.58212391,121.0540758,No Collision Stated
None,EDSA,None,None,"No Accident Factor, Hit Object (No Object Stated), 0.0 drivers_injured, 0.0 drivers_killed, 0.0 passengers_injured, 0.0 passengers_killed, 0.0 pedestrian_injured, 0.0 pedestrian_killed, Fair (Day), EDSA fronting Shell Gas Station Bgy. Highway Hills Mandaluyong",MMDA Road Safety Unit,,fa59db9d-15c7-4202-97ed-14c065e9ddc9,2013-08-09,06:40:00,EDSA Ortigas Ave. Mandaluyong,0,0,0,0,0,0,0,0,0,0,2013-08-09 14:40,Property,14.57694919,121.0503422,Hit Object
None,EDSA,None,None,"No Accident Factor, Hit and Run (No Collision Stated), 0.0 drivers_injured, 0.0 drivers_killed, 0.0 passengers_injured, 0.0 passengers_killed, 0.0 pedestrian_injured, 0.0 pedestrian_killed, Fair (Night), EDSA United St. Mandaluyong",MMDA Road Safety Unit,,3df550c4-f45b-441f-b9ba-05edf7209a57,2013-08-06,13:45:00,EDSA Shaw Blvd. Mandaluyong,0,0,0,0,0,0,0,0,0,0,2013-08-06 21:45,Property,14.57931229,121.0523819,No Collision Stated
None,EDSA,None,None,"No Accident Factor, Side Swipe, 0.0 drivers_injured, 0.0 drivers_killed, 0.0 passengers_injured, 0.0 passengers_killed, 0.0 pedestrian_injured, 0.0 pedestrian_killed, Fair (Night), EDSA Crossing Mandaluyong",MMDA Road Safety Unit,,3731c5be-d09f-4043-8223-eba94bf4fae7,2013-08-06,12:30:00,EDSA Ortigas Avenue (E/B) Mandaluyong,0,0,0,0,0,0,0,0,0,0,2013-08-06 20:30,Property,14.58212391,121.0540758,Side Swipe
None,EDSA,None,None,"No Accident Factor, No Collision Stated (based on Police Blotter Book), 0.0 drivers_injured, 0.0 drivers_killed, 0.0 passengers_injured, 0.0 passengers_killed, 0.0 pedestrian_injured, 0.0 pedestrian_killed, Fair (Day), EDSA Sultan St. Highway Hills Mandaluyong",MMDA Road Safety Unit,,859a969a-f12f-4c8a-a93b-ddd8e9f9a1b6,2013-08-05,08:30:00,EDSA before Libertad St. Mandaluyong,0,0,0,0,0,0,0,0,0,0,2013-08-05 16:30,Property,14.5805687,121.0529959,No Collision Stated