LOCATION_TEXT,ROAD,WEATHER,LIGHT,DESC,REPORTING_AGENCY,MAIN_CAUSE,INCIDENTDETAILS_ID,DATE_UTC,TIME_UTC,ADDRESS,killed_driver,killed_passenger,killed_pedestrian,injured_driver,injured_passenger,injured_pedestrian,killed_uncategorized,injured_uncategorized,killed_total,injured_total,DATETIME_PST,SEVERITY,Y,X,COLLISION_TYPE
None,EDSA,None,None,"No Accident Factor, No Collision Stated (based on Police Blotter Book), 0.0 drivers_injured, 0.0 drivers_killed, 0.0 passengers_injured, 0.0 passengers_killed, 0.0 pedestrian_injured, 0.0 pedestrian_killed, Fair (Night), EDSA fronting Starmall Mandaluyong",MMDA Road Safety Unit,,2a231307-a75d-45ac-8c56-37ed316bf80d,2013-08-04,11:45:00,EDSA Shaw Blvd. Mandaluyong,0,0,0,0,0,0,0,0,0,0,2013-08-04 19:45,Property,14.5820399,121.0540545,No Collision Stated
None,EDSA,None,None,"No Accident Factor, No Collision Stated (based on Police Blotter Book), 0.0 drivers_injured, 0.0 drivers_killed, 0.0 passengers_injured, 0.0 passengers_killed, 0.0 pedestrian_injured, 0.0 pedestrian_killed, Fair (Day), EDSA fronting Highway 54 Mandaluyong",MMDA Road Safety Unit,,49a79459-b8c0-4edb-b491-562d5e4fc72b,2013-08-01,08:45:00,EDSA Boni Ave. Mandaluyong,0,0,0,0,0,0,0,0,0,0,2013-08-01 16:45,Property,14.58501685,121.0556077,No Collision Stated
None,EDSA,None,None,"No Accident Factor, No Collision Stated (based on Police Blotter Book), 0.0 drivers_injured, 0.0 drivers_killed, 0.0 passengers_injured, 0.0 passengers_killed, 0.0 pedestrian_injured, 0.0 pedestrian_killed, Fair (Day), EDSA Crossing Mandaluyong",MMDA Road Safety Unit,,6705e226-ff86-43a6-879c-8416a8a745af,2013-07-30,03:20:00,EDSA Rochester St. Mandaluyong,0,0,0,0,0,0,0,0,0,0,2013-07-30 11:20,Property,14.58212391,121.0540758,No Collision Stated
None,EDSA,None,None,"No Accident Factor, No Collision Stated (based on Police Blotter Book), 0.0 drivers_injured, 0.0 drivers_killed, 0.0 passengers_injured, 0.0 passengers_killed, 0.0 pedestrian_injured, 0.0 pedestrian_killed, Fair (Night), EDSA fronting Starmall Mandaluyong",MMDA Road Safety Unit,,e556c123-7b4a-4d2e-a1a7-79a862d862e4,2013-07-29,10:05:00,EDSA Lions Road Mandaluyong,0,0,0,0,0,0,0,0,0,0,2013-07-29 18:05,Property,14.5820399,121.0540545,No Collision Stated
None,EDSA,None,None,"No Accident Factor, No Collision Stated (based on Police Blotter Book), 0.0 drivers_injured, 0.0 drivers_killed, 0.0 passengers_injured, 0.0 passengers_killed, 0.0 pedestrian_injured, 0.0 pedestrian_killed, Fair (Night), EDSA Shaw Blvd. Mandaluyong",MMDA Road Safety Unit,,c4cf8ee3-c3be-4911-8b08-bfad1c28824c,2013-07-28,10:45:00,EDSA before Libertad St. Mandaluyong,0,0,0,0,0,0,0,0,0,0,2013-07-28 18:45,Property,14.58119822,121.0534578,No Collision Stated
None,EDSA,None,None,"No Accident Factor, No Collision Stated (based on Police Blotter Book), 0.0 drivers_injured, 0.0 drivers_killed, 0.0 passengers_injured, 0.0 passengers_killed, 0.0 pedestrian_injured, 0.0 pedestrian_killed, Fair (Night), EDSA fronting Starmall Mandaluyong",MMDA Road Safety Unit,,573b75a6-89ae-49fb-a0a6-26c3955da7db,2013-07-26,12:45:00,EDSA Shaw Blvd. Mandaluyong,0,0,0,0,0,0,0,0,0,0,2013-07-26 20:45,Property,14.5820399,121.0540545,No Collision Stated
None,EDSA,None,None,"No Accident Factor, Rear-end, 0.0 drivers_injured, 0.0 drivers_killed, 0.0 passengers_injured, 0.0 passengers_killed, 0.0 pedestrian_injured, 0.0 pedestrian_killed, Fair (Night), EDSA Ortigas Mandaluyong",MMDA Road Safety Unit,,836032f7-78c4-49ff-8e4d-e1fba54da52d,2013-07-26,10:15:00,EDSA fronting Poveda Mandaluyong,0,0,0,0,0,0,0,0,0,0,2013-07-26 18:15,Property,14.59327374,121.0582168,Rear-End
None,EDSA,None,None,"No Accident Factor, No Collision Stated (based on Police Blotter Book), 0.0 drivers_injured, 0.0 drivers_killed, 0.0 passengers_injured, 0.0 passengers_killed, 0.0 pedestrian_injured, 0.0 pedestrian_killed, Fair (Day), EDSA EDSA Central Mandaluyong",MMDA Road Safety Unit,,e9ce99a6-7f67-4c31-b25e-d7c79e2d8fdd,2013-07-26,08:45:00,EDSA Ortigas Ave. Mandaluyong,0,0,0,0,0,0,0,0,0,0,2013-07-26 16:45,Property,14.57994372,121.0528367,No Collision Stated
None,EDSA,None,None,"No Accident Factor, No Collision Stated (based on Police Blotter Book), 0.0 drivers_injured, 0.0 drivers_killed, 0.0 passengers_injured, 0.0 passengers_killed, 0.0 pedestrian_injured, 0.0 pedestrian_killed, Fair (Day), EDSA Boni Ave. (SB) Mandaluyong",MMDA Road Safety Unit,,33547245-d074-43e2-beb3-506ccebb28f6,2013-07-26,03:05:00,EDSA Shaw Blvd. Mandaluyong,0,0,0,0,0,0,0,0,0,0,2013-07-26 11:05,Property,14.57249077,121.0472372,No Collision Stated
None,EDSA,None,None,"No Accident Factor, No Collision Stated (based on Police Blotter Book), 0.0 drivers_injured, 0.0 drivers_killed, 0.0 passengers_injured, 0.0 passengers_killed, 0.0 pedestrian_injured, 0.0 pedestrian_killed, Fair (Day), EDSA Boni Ave. Mandaluyong",MMDA Road Safety Unit,,2c2295bb-e335-4afe-80af-ae0599598faf,2013-07-25,08:30:00,EDSA after Shaw Blvd. Mandaluyong,0,0,0,0,0,0,0,0,0,0,2013-07-25 16:30,Property,14.57242918,121.0471629,No Collision Stated
None,EDSA,None,None,"No Accident Factor, No Collision Stated (based on Police Blotter Book), 0.0 drivers_injured, 0.0 drivers_killed, 0.0 passengers_injured, 0.0 passengers_killed, 0.0 pedestrian_injured, 0.0 pedestrian_killed, Fair (Night), EDSA Libertad St. Mandaluyong",MMDA Road Safety Unit,,e2753a3f-26d1-4b36-b583-ed7545bd3904,2013-07-24,14:30:00,EDSA Shaw Blvd. Mandaluyong,0,0,0,0,0,0,0,0,0,0,2013-07-24 22:30,Property,14.57859094,121.0516172,No Collision Stated
None,EDSA,None,None,"No Accident Factor, No Collision Stated (based on Police Blotter Book), 0.0 drivers_injured, 0.0 drivers_killed, 0.0 passengers_injured, 0.0 passengers_killed, 0.0 pedestrian_injured, 0.0 pedestrian_killed, Fair (Night), EDSA Crossing Mandaluyong",MMDA Road Safety Unit,,e8efaebf-0336-448f-9148-03892c44065b,2013-07-09,13:30:00,Edsa Shaw Blvd. Shangrila Mall Mandaluyong,0,0,0,0,0,0,0,0,0,0,2013-07-09 21:30,Property,14.58212391,121.0540758,No Collision Stated
None,EDSA,None,None,"No Accident Factor, No Collision Stated (based on Police Blotter Book), 0.0 drivers_injured, 0.0 drivers_killed, 0.0 passengers_injured, 0.0 passengers_killed, 0.0 pedestrian_injured, 0.0 pedestrian_killed, Fair (Day), EDSA fronting G. A. Tower Mandaluyong",MMDA Road Safety Unit,,672926b3-33cb-4deb-b13c-09375c5cd3af,2013-07-04,08:30:00,Edsa Julia Vargas St. Mandaluyong,0,0,0,0,0,0,0,0,0,0,2013-07-04 16:30,Property,14.57396299,121.0481608,No Collision Stated
None,EDSA,None,None,"No Accident Factor, No Collision Stated (based on Police Blotter Book), 0.0 drivers_injured, 0.0 drivers_killed, 0.0 passengers_injured, 0.0 passengers_killed, 0.0 pedestrian_injured, 0.0 pedestrian_killed, Fair (Day), EDSA Boni Ave. Mandaluyong",MMDA Road Safety Unit,,83c2d945-71ca-4846-8da7-80d82bee14fa,2013-07-03,03:30:00,Edsa Ortigas Avenue Mandaluyong,0,0,0,0,0,0,0,0,0,0,2013-07-03 11:30,Property,14.57242918,121.0471629,No Collision Stated
None,EDSA,None,None,"No Accident Factor, Angle Impact, 0.0 drivers_injured, 0.0 drivers_killed, 0.0 passengers_injured, 0.0 passengers_killed, 0.0 pedestrian_injured, 0.0 pedestrian_killed, Fair (Day), EDSA EDSA fronting Polymedic  Mandaluyong",MMDA Road Safety Unit,,77075180-f3c6-42e0-ae26-b5379b3cad9c,2013-06-11,09:00:00,EDSA before Starmall Mandaluyong,0,0,0,0,0,0,0,0,0,0,2013-06-11 17:00,Property,14.57681729,121.0502673,Angle Impact
None,EDSA,None,None,"No Accident Factor, No Collision Stated (based on Police Blotter Book), 0.0 drivers_injured, 0.0 drivers_killed, 0.0 passengers_injured, 0.0 passengers_killed, 0.0 pedestrian_injured, 0.0 pedestrian_killed, Fair (Night), EDSA EDSA / Shaw Blvd. Mandaluyong",MMDA Road Safety Unit,,39d36df3-6bf0-46d8-a7a2-a9963ae777d8,2013-06-09,21:30:00,Edsa Sharila & Sm Service Road Mandaluyong,0,0,0,0,0,0,0,0,0,0,2013-06-10 5:30,Property,14.58143792,121.0535294,No Collision Stated
None,EDSA,None,None,"No Accident Factor, No Collision Stated (based on Police Blotter Book), 0.0 drivers_injured, 0.0 drivers_killed, 0.0 passengers_injured, 0.0 passengers_killed, 0.0 pedestrian_injured, 0.0 pedestrian_killed, Fair (Night), EDSA EDSA fronting Abbot Mandaluyong",MMDA Road Safety Unit,,504e4888-e86c-46d7-b472-2a5fd9b0c2d7,2013-06-07,10:00:00,Edsa fronting Robinson's Pioneer Mandaluyong,0,0,0,0,0,0,0,0,0,0,2013-06-07 18:00,Property,14.5784614,121.0514538,No Collision Stated
None,EDSA,None,None,"No Accident Factor, Rear-end, 0.0 drivers_injured, 0.0 drivers_killed, 0.0 passengers_injured, 0.0 passengers_killed, 0.0 pedestrian_injured, 0.0 pedestrian_killed, Fair (Day), EDSA EDSA fronting Starmall Mandaluyong",MMDA Road Safety Unit,,fa5b2484-7b55-4d39-be3f-f523538045da,2013-06-07,08:00:00,Edsa Robinson's Pioneer Mandaluyong,0,0,0,0,0,0,0,0,0,0,2013-06-07 16:00,Property,14.58220093,121.0541518,Rear-End
None,EDSA,None,None,"No Accident Factor, Rear-end, 0.0 drivers_injured, 0.0 drivers_killed, 0.0 passengers_injured, 0.0 passengers_killed, 0.0 pedestrian_injured, 0.0 pedestrian_killed, Fair (Day), EDSA EDSA / Boni Ave. fronting Total Gasoline  Mandaluyong",MMDA Road Safety Unit,,1ea48ff2-d7aa-4c36-80f4-5e3e4ff4fba4,2013-06-07,08:00:00,EDSA Shaw Blvd. Mandaluyong,0,0,0,0,0,0,0,0,0,0,2013-06-07 16:00,Property,14.574883,121.0488119,Rear-End
None,EDSA,None,None,"No Accident Factor, No Collision Stated (based on Police Blotter Book), 0.0 drivers_injured, 0.0 drivers_killed, 0.0 passengers_injured, 0.0 passengers_killed, 0.0 pedestrian_injured, 0.0 pedestrian_killed, Fair (Day), EDSA Shaw Blvd. Mandaluyong",MMDA Road Safety Unit,,fd558a5d-ba9e-4008-9389-de99b55010ad,2013-06-04,02:15:00,EDSA Shaw Blvd. Mandaluyong,0,0,0,0,0,0,0,0,0,0,2013-06-04 10:15,Property,14.58119822,121.0534578,No Collision Stated
None,EDSA,None,None,"No Accident Factor, No Collision Stated (based on Police Blotter Book), 0.0 drivers_injured, 0.0 drivers_killed, 0.0 passengers_injured, 0.0 passengers_killed, 0.0 pedestrian_injured, 0.0 pedestrian_killed, Fair (Day), EDSA EDSA / Boni Ave. - MRT Mandaluyong",MMDA Road Safety Unit,,e7a2bc42-b74c-4dca-9e1e-d9754668eac2,2013-06-02,23:30:00,EDSA Shaw Blvd. Mandaluyong,0,0,0,0,0,0,0,0,0,0,2013-06-03 7:30,Property,14.57381277,121.0480664,No Collision Stated
None,EDSA,None,None,"No Accident Factor, No Collision Stated (based on Police Blotter Book), 0.0 drivers_injured, 0.0 drivers_killed, 0.0 passengers_injured, 0.0 passengers_killed, 0.0 pedestrian_injured, 0.0 pedestrian_killed, Fair (Night), EDSA fronting 7eleven Boni Ave. Mandaluyong",MMDA Road Safety Unit,,478d1e59-4802-4f41-83ea-c94e33e34240,2013-05-31,10:00:00,EDSA after SM Megamall Mandaluyong,0,0,0,0,0,0,0,0,0,0,2013-05-31 18:00,Property,14.57220702,121.0470094,No Collision Stated
None,EDSA,None,None,"No Accident Factor, No Collision Stated (based on Police Blotter Book), 0.0 drivers_injured, 0.0 drivers_killed, 0.0 passengers_injured, 0.0 passengers_killed, 0.0 pedestrian_injured, 0.0 pedestrian_killed, Fair (Day), EDSA fronting Boni MRT Mandaluyong",MMDA Road Safety Unit,,d573a955-29d9-4b81-8f67-5719678d1d2b,2013-05-29,00:55:00,EDSA Ortigas Ave. (EB) Mandaluyong,0,0,0,0,0,0,0,0,0,0,2013-05-29 8:55,Property,14.5736753,121.04814,No Collision Stated
None,EDSA,None,None,"No Accident Factor, No Collision Stated (based on Police Blotter Book), 0.0 drivers_injured, 0.0 drivers_killed, 0.0 passengers_injured, 0.0 passengers_killed, 0.0 pedestrian_injured, 0.0 pedestrian_killed, Fair (Night), EDSA fronting Robinson Pioneer Mandaluyong",MMDA Road Safety Unit,,ca065cd2-412f-48a7-b630-f9eb01dcc8c7,2013-05-27,20:30:00,EDSA Crossing Mandaluyong,0,0,0,0,0,0,0,0,0,0,2013-05-28 4:30,Property,14.57143562,121.046866,No Collision Stated
None,EDSA,None,None,"No Accident Factor, No Collision Stated (based on Police Blotter Book), 0.0 drivers_injured, 0.0 drivers_killed, 0.0 passengers_injured, 0.0 passengers_killed, 0.0 pedestrian_injured, 0.0 pedestrian_killed, Fair (Night), EDSA United St. Mandaluyong",MMDA Road Safety Unit,,7a905a33-82de-4f3f-b56d-8e044dcf5df8,2013-05-27,12:30:00,EDSA Ortigas Ave. (EB) Mandaluyong,0,0,0,0,0,0,0,0,0,0,2013-05-27 20:30,Property,14.57931229,121.0523819,No Collision Stated
None,EDSA,None,None,"No Accident Factor, No Collision Stated (based on Police Blotter Book), 0.0 drivers_injured, 0.0 drivers_killed, 0.0 passengers_injured, 0.0 passengers_killed, 0.0 pedestrian_injured, 0.0 pedestrian_killed, Fair (Day), EDSA fronting Kamayas Restaurant Mandaluyong",MMDA Road Safety Unit,,d4189ac4-38cc-46ba-ba19-175caded9581,2013-05-25,09:45:00,EDSA Shangrila Hotel Entrance Mandaluyong,0,0,0,0,0,0,0,0,0,0,2013-05-25 17:45,Property,14.59812319,121.0596506,No Collision Stated
None,EDSA,None,None,"No Accident Factor, Side Swipe, 0.0 drivers_injured, 0.0 drivers_killed, 0.0 passengers_injured, 0.0 passengers_killed, 0.0 pedestrian_injured, 0.0 pedestrian_killed, Fair (Day), EDSA Ortigas MRT Station Mandaluyong",MMDA Road Safety Unit,,369b7032-d809-4fba-bd60-4ed9eee6e9fc,2013-05-23,02:45:00,EDSA SM Megamall Mandaluyong,0,0,0,0,0,0,0,0,0,0,2013-05-23 10:45,Property,14.58789302,121.0566024,Side Swipe
None,EDSA,None,None,"No Accident Factor, No Collision Stated (based on Police Blotter Book), 0.0 drivers_injured, 0.0 drivers_killed, 0.0 passengers_injured, 0.0 passengers_killed, 0.0 pedestrian_injured, 0.0 pedestrian_killed, Fair (Day), EDSA Connecticut St. Mandaluyong",MMDA Road Safety Unit,,6b0c58ed-f509-449b-981d-f46359a3f31c,2013-05-17,07:00:00,EDSA fronting Paragon Bldg. Mandaluyong,0,0,0,0,0,0,0,0,0,0,2013-05-17 15:00,Property,14.60151411,121.0591478,No Collision Stated
None,EDSA,None,None,"No Accident Factor, No Collision Stated (based on Police Blotter Book), 0.0 drivers_injured, 0.0 drivers_killed, 0.0 passengers_injured, 0.0 passengers_killed, 0.0 pedestrian_injured, 0.0 pedestrian_killed, Fair (Day), EDSA SM Megamall, Bgy. Wack-wack Mandaluyong",MMDA Road Safety Unit,,b6ff6361-2428-430d-b75c-8edd6ea38656,2013-05-17,06:30:00,EDSA Pinatubo St. Mandaluyong,0,0,0,0,0,0,0,0,0,0,2013-05-17 14:30,Property,14.58501645,121.0558372,No Collision Stated
None,EDSA,None,None,"No Accident Factor, Side Swipe, 0.0 drivers_injured, 0.0 drivers_killed, 0.0 passengers_injured, 0.0 passengers_killed, 0.0 pedestrian_injured, 0.0 pedestrian_killed, Fair (Day), EDSA Shaw Blvd., Wack-wack Mandaluyong",MMDA Road Safety Unit,,06502871-18e9-4b01-bac4-1ac9920e8e8a,2013-05-17,05:00:00,EDSA Madison St. Mandaluyong,0,0,0,0,0,0,0,0,0,0,2013-05-17 13:00,Property,14.58119822,121.0534578,Side Swipe
None,EDSA,None,None,"No Accident Factor, Side Swipe, 0.0 drivers_injured, 0.0 drivers_killed, 0.0 passengers_injured, 0.0 passengers_killed, 0.0 pedestrian_injured, 0.0 pedestrian_killed, Fair (Day), EDSA Ortigas Ave. Mandaluyong",MMDA Road Safety Unit,,37cc3e19-a548-44e6-9243-46eee4d167f2,2013-05-14,23:30:00,EDSA Pioneer Center  Mandaluyong,0,0,0,0,0,0,0,0,0,0,2013-05-15 7:30,Property,14.59305232,121.0585643,Side Swipe
None,EDSA,None,None,"No Accident Factor, No Collision Stated (based on Police Blotter Book), 0.0 drivers_injured, 0.0 drivers_killed, 0.0 passengers_injured, 0.0 passengers_killed, 0.0 pedestrian_injured, 0.0 pedestrian_killed, Fair (Day), EDSA Boni Ave. Mandaluyong",MMDA Road Safety Unit,,8c6e678e-1481-4bde-a734-cf4451d1954a,2013-05-12,00:00:00,EDSA Guadix Drive Mandaluyong,0,0,0,0,0,0,0,0,0,0,2013-05-12 8:00,Property,14.57242918,121.0471629,No Collision Stated
None,EDSA,None,None,"No Accident Factor, Side Swipe, 0.0 drivers_injured, 0.0 drivers_killed, 0.0 passengers_injured, 0.0 passengers_killed, 0.0 pedestrian_injured, 0.0 pedestrian_killed, Fair (Night), EDSA SM Megamall, Bgy. Wack-wack Mandaluyong",MMDA Road Safety Unit,,dadfdf08-3e73-4e42-a0b1-f101a70f2c5a,2013-05-09,10:00:00,EDSA Shaw Blvd. Mandaluyong,0,0,0,0,0,0,0,0,0,0,2013-05-09 18:00,Property,14.58501645,121.0558372,Side Swipe
None,EDSA,None,None,"No Accident Factor, No Collision Stated (based on Police Blotter Book), 0.0 drivers_injured, 0.0 drivers_killed, 1.0 passengers_injured, 0.0 passengers_killed, 0.0 pedestrian_injured, 0.0 pedestrian_killed, Fair (Day), EDSA fronting Starmall S/B Bgy.Wack Wack Mandaluyong",MMDA Road Safety Unit,,df19dca7-f670-4113-92af-e0caee6a67f3,2013-05-07,09:45:00,EDSA Crossing (Shaw Blvd) Mandaluyong,0,0,0,0,1,0,0,0,0,1,2013-05-07 17:45,Injury,14.5820399,121.0540545,No Collision Stated
None,EDSA,None,None,"No Accident Factor, No Collision Stated (based on Police Blotter Book), 0.0 drivers_injured, 0.0 drivers_killed, 0.0 passengers_injured, 0.0 passengers_killed, 0.0 pedestrian_injured, 0.0 pedestrian_killed, Fair (Day), EDSA Corner United St. Mandaluyong",MMDA Road Safety Unit,,5b56ab69-7899-47e3-beea-421dff23ae87,2013-05-02,03:00:00,EDSA fronting Petron Gas station/ Connecticut Mandaluyong,0,0,0,0,0,0,0,0,0,0,2013-05-02 11:00,Property,14.57945594,121.0524052,No Collision Stated
None,EDSA,None,None,"No Accident Factor, No Collision Stated (based on Police Blotter Book), 0.0 drivers_injured, 0.0 drivers_killed, 0.0 passengers_injured, 0.0 passengers_killed, 0.0 pedestrian_injured, 0.0 pedestrian_killed, Fair (Night), EDSA Beside Poveda Mandaluyong",MMDA Road Safety Unit,,5a6bcf7a-fe53-4093-a9d9-ee2a9955e2e3,2013-04-26,13:30:00,EDSA Barangka Drive Mandaluyong,0,0,0,0,0,0,0,0,0,0,2013-04-26 21:30,Property,14.59055927,121.0577827,No Collision Stated
None,EDSA,None,None,"No Accident Factor, No Collision Stated (based on Police Blotter Book), 0.0 drivers_injured, 0.0 drivers_killed, 0.0 passengers_injured, 0.0 passengers_killed, 0.0 pedestrian_injured, 0.0 pedestrian_killed, Fair (Night), EDSA SM Mega Mall Mandaluyong",MMDA Road Safety Unit,,8345f78c-2120-4d38-aa65-2d870c5a56eb,2013-04-26,11:55:00,EDSA Boni Ave. Mandaluyong,0,0,0,0,0,0,0,0,0,0,2013-04-26 19:55,Property,14.58501645,121.0558372,No Collision Stated
None,EDSA,None,None,"No Accident Factor, No Collision Stated (based on Police Blotter Book), 0.0 drivers_injured, 0.0 drivers_killed, 0.0 passengers_injured, 0.0 passengers_killed, 0.0 pedestrian_injured, 0.0 pedestrian_killed, Fair (Day), EDSA Fronting Filinvest Mandaluyong",MMDA Road Safety Unit,,da2f9e9f-4266-4bf9-a594-b71308517286,2013-04-23,06:30:00,EDSA fronting SM Megamall Mandaluyong,0,0,0,0,0,0,0,0,0,0,2013-04-23 14:30,Property,14.57491646,121.0488881,No Collision Stated
None,EDSA,None,None,"No Accident Factor, Hit and Run (No Collision Stated), 0.0 drivers_injured, 0.0 drivers_killed, 0.0 passengers_injured, 0.0 passengers_killed, 0.0 pedestrian_injured, 0.0 pedestrian_killed, Fair (Night), EDSA before Victor R. Potenciano Medical Center (formerly Polymedic) Mandaluyong",MMDA Road Safety Unit,,450fc71f-a426-4f6d-a9d4-fc506fb4e202,2013-04-22,12:30:00,EDSA fronting SM Megamall Mandaluyong,0,0,0,0,0,0,0,0,0,0,2013-04-22 20:30,Property,14.57702799,121.0503933,No Collision Stated
None,EDSA,None,None,"No Accident Factor, Rear-end, 0.0 drivers_injured, 0.0 drivers_killed, 0.0 passengers_injured, 0.0 passengers_killed, 0.0 pedestrian_injured, 0.0 pedestrian_killed, Fair (Day), EDSA Boni Ave. Mandaluyong",MMDA Road Safety Unit,,d6249782-ee0b-407b-8c09-36c2ce725384,2013-04-21,08:00:00,EDSA Shaw Blvd. Mandaluyong,0,0,0,0,0,0,0,0,0,0,2013-04-21 16:00,Property,14.57242918,121.0471629,Rear-End
None,EDSA,None,None,"No Accident Factor, No Collision Stated (based on Police Blotter Book), 0.0 drivers_injured, 0.0 drivers_killed, 0.0 passengers_injured, 0.0 passengers_killed, 0.0 pedestrian_injured, 0.0 pedestrian_killed, Fair (Day), EDSA G. A. Tower Mandaluyong",MMDA Road Safety Unit,,21d56a87-1ee0-45fa-8157-02068c83b0ac,2013-04-20,08:50:00,EDSA Shaw Blvd. Mandaluyong,0,0,0,0,0,0,0,0,0,0,2013-04-20 16:50,Property,14.57386012,121.0480107,No Collision Stated
None,EDSA,None,None,"No Accident Factor, No Collision Stated (based on Police Blotter Book), 0.0 drivers_injured, 0.0 drivers_killed, 0.0 passengers_injured, 0.0 passengers_killed, 0.0 pedestrian_injured, 0.0 pedestrian_killed, Fair (Night), EDSA Boni Ave. Mandaluyong",MMDA Road Safety Unit,,5301d8a2-2255-479b-942e-8c3690ccf649,2013-04-19,13:15:00,EDSA Shaw Blvd. Mandaluyong,0,0,0,0,0,0,0,0,0,0,2013-04-19 21:15,Property,14.57242918,121.0471629,No Collision Stated
None,EDSA,None,None,"No Accident Factor, No Collision Stated (based on Police Blotter Book), 0.0 drivers_injured, 0.0 drivers_killed, 0.0 passengers_injured, 0.0 passengers_killed, 0.0 pedestrian_injured, 0.0 pedestrian_killed, Fair (Day), EDSA Guadix Drive Mandaluyong",MMDA Road Safety Unit,,f67a46a8-119c-4125-a59f-f31b76e44a6e,2013-04-19,08:30:00,EDSA Shaw Blvd. Mandaluyong,0,0,0,0,0,0,0,0,0,0,2013-04-19 16:30,Property,14.58948577,121.0573946,No Collision Stated
None,EDSA,None,None,"No Accident Factor, No Collision Stated (based on Police Blotter Book), 0.0 drivers_injured, 0.0 drivers_killed, 0.0 passengers_injured, 0.0 passengers_killed, 0.0 pedestrian_injured, 0.0 pedestrian_killed, Fair (Day), EDSA United St., Bgy. Highway Hills Mandaluyong",MMDA Road Safety Unit,,dc4111f7-e7ef-4db9-9653-8b9c6c2b738a,2013-04-19,05:35:00,EDSA Exit Shanrila Mandaluyong,0,0,0,0,0,0,0,0,0,0,2013-04-19 13:35,Property,14.57931229,121.0523819,No Collision Stated
None,EDSA,None,None,"No Accident Factor, No Collision Stated (based on Police Blotter Book), 0.0 drivers_injured, 0.0 drivers_killed, 0.0 passengers_injured, 0.0 passengers_killed, 0.0 pedestrian_injured, 0.0 pedestrian_killed, Fair (Night), EDSA Crossing Mandaluyong",MMDA Road Safety Unit,,f4a478ee-a611-47e2-8893-2fcf07b114a5,2013-04-18,13:00:00,EDSA fronting Edsa Central  Mandaluyong,0,0,0,0,0,0,0,0,0,0,2013-04-18 21:00,Property,14.58212391,121.0540758,No Collision Stated
None,EDSA,None,None,"No Accident Factor, No Collision Stated (based on Police Blotter Book), 0.0 drivers_injured, 0.0 drivers_killed, 0.0 passengers_injured, 0.0 passengers_killed, 0.0 pedestrian_injured, 0.0 pedestrian_killed, Fair (Day), EDSA fronting Starmall Mandaluyong",MMDA Road Safety Unit,,dfbf55d1-6c22-44ed-9530-6054d7a46161,2013-04-10,08:00:00,EDSA Ortigas Ave. Mandaluyong,0,0,0,0,0,0,0,0,0,0,2013-04-10 16:00,Property,14.5820399,121.0540545,No Collision Stated
None,EDSA,None,None,"No Accident Factor, No Collision Stated (based on Police Blotter Book), 0.0 drivers_injured, 0.0 drivers_killed, 0.0 passengers_injured, 0.0 passengers_killed, 0.0 pedestrian_injured, 0.0 pedestrian_killed, Fair (Day), EDSA Shaw Blvd. Mandaluyong",MMDA Road Safety Unit,,ddf96b96-4d0c-46ee-9f9a-10e70c3c685d,2013-04-09,00:50:00,EDSA Entrance Lobby Shangrila Hotel Mandaluyong,0,0,0,0,0,0,0,0,0,0,2013-04-09 8:50,Property,14.58119822,121.0534578,No Collision Stated
None,EDSA,None,None,"No Accident Factor, No Collision Stated (based on Police Blotter Book), 0.0 drivers_injured, 0.0 drivers_killed, 0.0 passengers_injured, 0.0 passengers_killed, 0.0 pedestrian_injured, 0.0 pedestrian_killed, Fair (Day), EDSA Shaw Blvd. Mandaluyong",MMDA Road Safety Unit,,2a6e2ee9-b303-4c37-a126-1f69891c6caf,2013-04-05,09:15:00,EDSA Libertad St. Mandaluyong,0,0,0,0,0,0,0,0,0,0,2013-04-05 17:15,Property,14.58119822,121.0534578,No Collision Stated
None,EDSA,None,None,"No Accident Factor, No Collision Stated (based on Police Blotter Book), 0.0 drivers_injured, 0.0 drivers_killed, 0.0 passengers_injured, 0.0 passengers_killed, 0.0 pedestrian_injured, 0.0 pedestrian_killed, Fair (Day), EDSA Shaw Blvd. Mandaluyong",MMDA Road Safety Unit,,46f40006-957e-44ed-a527-14026e2a57d6,2013-04-04,03:20:00,EDSA Libertad St. Mandaluyong,0,0,0,0,0,0,0,0,0,0,2013-04-04 11:20,Property,14.58119822,121.0534578,No Collision Stated
None,EDSA,None,None,"No Accident Factor, No Collision Stated (based on Police Blotter Book), 0.0 drivers_injured, 0.0 drivers_killed, 0.0 passengers_injured, 0.0 passengers_killed, 0.0 pedestrian_injured, 0.0 pedestrian_killed, Fair (Day), EDSA MRT-Boni Station Mandaluyong",MMDA Road Safety Unit,,ce824ac3-6afa-428b-8265-dfa1c2f1a8bf,2013-04-04,01:30:00,EDSA Approaching Robinson Galleria Mandaluyong,0,0,0,0,0,0,0,0,0,0,2013-04-04 9:30,Property,14.57374686,121.0480486,No Collision Stated