LOCATION_TEXT,ROAD,WEATHER,LIGHT,DESC,REPORTING_AGENCY,MAIN_CAUSE,INCIDENTDETAILS_ID,DATE_UTC,TIME_UTC,ADDRESS,killed_driver,killed_passenger,killed_pedestrian,injured_driver,injured_passenger,injured_pedestrian,killed_uncategorized,injured_uncategorized,killed_total,injured_total,DATETIME_PST,SEVERITY,Y,X,COLLISION_TYPE
None,EDSA,None,None,"No Accident Factor, No Collision Stated (based on Police Blotter Book), 0.0 drivers_injured, 0.0 drivers_killed, 0.0 passengers_injured, 0.0 passengers_killed, 0.0 pedestrian_injured, 0.0 pedestrian_killed, Fair (Day), EDSA Highway 54 Mandaluyong",MMDA Road Safety Unit,,42ad784f-73b3-444c-a0f9-a22d20d60088,2013-04-03,00:20:00,EDSA Approaching Star Mall Mandaluyong,0,0,0,0,0,0,0,0,0,0,2013-04-03 8:20,Property,14.58500097,121.0556243,No Collision Stated
None,EDSA,None,None,"No Accident Factor, No Collision Stated (based on Police Blotter Book), 0.0 drivers_injured, 0.0 drivers_killed, 0.0 passengers_injured, 0.0 passengers_killed, 0.0 pedestrian_injured, 0.0 pedestrian_killed, Fair (Night), EDSA Guadix Drive Mandaluyong",MMDA Road Safety Unit,,752d7961-be66-4230-954e-340783bc515f,2013-04-01,10:55:00,EDSA after Pioneer St. Mandaluyong,0,0,0,0,0,0,0,0,0,0,2013-04-01 18:55,Property,14.58948577,121.0573946,No Collision Stated
None,EDSA,None,None,"No Accident Factor, No Collision Stated (based on Police Blotter Book), 0.0 drivers_injured, 0.0 drivers_killed, 0.0 passengers_injured, 0.0 passengers_killed, 0.0 pedestrian_injured, 0.0 pedestrian_killed, Fair (Day), EDSA Shaw Blvd. Mandaluyong",MMDA Road Safety Unit,,46d0ae08-f24e-468b-9e0f-3ccce9013ba7,2013-04-01,05:30:00,EDSA fornting Star Mall  Mandaluyong,0,0,0,0,0,0,0,0,0,0,2013-04-01 13:30,Property,14.58119822,121.0534578,No Collision Stated
None,EDSA,None,None,"No Accident Factor, Hit and Run (No Collision Stated), 0.0 drivers_injured, 0.0 drivers_killed, 0.0 passengers_injured, 0.0 passengers_killed, 0.0 pedestrian_injured, 0.0 pedestrian_killed, Fair (Day), EDSA Crossing, Bgy. Wack-wack Mandaluyong",MMDA Road Safety Unit,,9bf26e85-6608-4e8f-8944-68d1966cbb0f,2013-03-30,03:30:00,EDSA fronting Ortigas MRT Station Mandaluyong,0,0,0,0,0,0,0,0,0,0,2013-03-30 11:30,Property,14.58212391,121.0540758,No Collision Stated
None,EDSA,None,None,"No Accident Factor, Rear-end, 0.0 drivers_injured, 0.0 drivers_killed, 0.0 passengers_injured, 0.0 passengers_killed, 0.0 pedestrian_injured, 0.0 pedestrian_killed, Fair (Day), EDSA before Guadix Drive Mandaluyong",MMDA Road Safety Unit,,dd41bde0-6c45-41b5-9a69-56ab23f895eb,2013-03-25,01:35:00,EDSA Shaw Blvd. Mandaluyong,0,0,0,0,0,0,0,0,0,0,2013-03-25 9:35,Property,14.58919229,121.0572913,Rear-End
None,EDSA,None,None,"No Accident Factor, No Collision Stated (based on Police Blotter Book), 0.0 drivers_injured, 0.0 drivers_killed, 0.0 passengers_injured, 0.0 passengers_killed, 0.0 pedestrian_injured, 0.0 pedestrian_killed, Fair (Day), EDSA fronting SM Megamall Mandaluyong",MMDA Road Safety Unit,,743c94bb-9194-4a20-85f8-2249eb09e2c0,2013-03-22,06:30:00,EDSA Across Kalayaan Ave. / Sjell gas Stn. Mandaluyong,0,0,0,0,0,0,0,0,0,0,2013-03-22 14:30,Property,14.58562556,121.0560947,No Collision Stated
None,EDSA,None,None,"No Accident Factor, Side Swipe, 0.0 drivers_injured, 0.0 drivers_killed, 0.0 passengers_injured, 0.0 passengers_killed, 0.0 pedestrian_injured, 0.0 pedestrian_killed, Fair (Day), EDSA SM Megamall, Bgy. Wack-wack Mandaluyong",MMDA Road Safety Unit,,e7ebdfdc-d405-44d9-9862-5d6359e10fe5,2013-03-22,00:30:00,EDSA Ortigas Ave. Mandaluyong,0,0,0,0,0,0,0,0,0,0,2013-03-22 8:30,Property,14.58501645,121.0558372,Side Swipe
None,EDSA,None,None,"No Accident Factor, No Collision Stated (based on Police Blotter Book), 0.0 drivers_injured, 0.0 drivers_killed, 0.0 passengers_injured, 0.0 passengers_killed, 0.0 pedestrian_injured, 0.0 pedestrian_killed, Fair (Day), EDSA Ortigas Ave. Mandaluyong",MMDA Road Safety Unit,,5cb2ecd9-a11f-432a-97d4-c1d00f67051e,2013-03-21,22:25:00,EDSA Bet. Shell Gas Stn & Polymedic Hosp. Mandaluyong,0,0,0,0,0,0,0,0,0,0,2013-03-22 6:25,Property,14.59305232,121.0585643,No Collision Stated
None,EDSA,None,None,"No Accident Factor, No Collision Stated (based on Police Blotter Book), 0.0 drivers_injured, 0.0 drivers_killed, 0.0 passengers_injured, 0.0 passengers_killed, 0.0 pedestrian_injured, 0.0 pedestrian_killed, Fair (Day), EDSA Shaw Blvd. Mandaluyong",MMDA Road Safety Unit,,78b607e9-447b-4c77-bd6d-20c92df13e33,2013-03-21,03:25:00,EDSA after Boni MRT Station Mandaluyong,0,0,0,0,0,0,0,0,0,0,2013-03-21 11:25,Property,14.58119822,121.0534578,No Collision Stated
None,EDSA,None,None,"No Accident Factor, No Collision Stated (based on Police Blotter Book), 0.0 drivers_injured, 0.0 drivers_killed, 0.0 passengers_injured, 0.0 passengers_killed, 0.0 pedestrian_injured, 0.0 pedestrian_killed, Fair (Day), EDSA fronting Starmall Mandaluyong",MMDA Road Safety Unit,,668624b7-8576-4e34-8092-d956a224ad1f,2013-03-18,01:30:00,EDSA fronting Overseas Hardware Mandaluyong,0,0,0,0,0,0,0,0,0,0,2013-03-18 9:30,Property,14.5820399,121.0540545,No Collision Stated
None,EDSA,None,None,"No Accident Factor, Side Swipe, 0.0 drivers_injured, 0.0 drivers_killed, 0.0 passengers_injured, 0.0 passengers_killed, 0.0 pedestrian_injured, 0.0 pedestrian_killed, Fair (Night), EDSA Boni Ave. Mandaluyong",MMDA Road Safety Unit,,e9c64a4a-3331-4572-90a7-16f5d7493aae,2013-03-13,21:45:00,EDSA Approaching Boni MRT Station Mandaluyong,0,0,0,0,0,0,0,0,0,0,2013-03-14 5:45,Property,14.57242918,121.0471629,Side Swipe
None,EDSA,None,None,"No Accident Factor, Side Swipe, 0.0 drivers_injured, 0.0 drivers_killed, 0.0 passengers_injured, 0.0 passengers_killed, 0.0 pedestrian_injured, 0.0 pedestrian_killed, Fair (Day), EDSA Shangri-La, Bgy. Wack-wack Mandaluyong",MMDA Road Safety Unit,,260a2cc5-33fe-45a5-8a18-d34676b68b09,2013-03-12,23:20:00,EDSA Approaching G.A. Tower  Mandaluyong,0,0,0,0,0,0,0,0,0,0,2013-03-13 7:20,Property,14.58223571,121.0544805,Side Swipe
None,EDSA,None,None,"No Accident Factor, No Collision Stated (based on Police Blotter Book), 0.0 drivers_injured, 0.0 drivers_killed, 0.0 passengers_injured, 0.0 passengers_killed, 0.0 pedestrian_injured, 0.0 pedestrian_killed, Fair (Day), EDSA Crossing Mandaluyong",MMDA Road Safety Unit,,372a51c9-b5ad-4543-82b2-0390d0886f52,2013-03-10,03:00:00,EDSA fronting Professional Tower Boni Ave. Mandaluyong,0,0,0,0,0,0,0,0,0,0,2013-03-10 11:00,Property,14.58212391,121.0540758,No Collision Stated
None,EDSA,None,None,"No Accident Factor, No Collision Stated (based on Police Blotter Book), 0.0 drivers_injured, 0.0 drivers_killed, 0.0 passengers_injured, 0.0 passengers_killed, 0.0 pedestrian_injured, 0.0 pedestrian_killed, Fair (Day), EDSA fronting EDSA Central Mandaluyong",MMDA Road Safety Unit,,5688031c-9b14-4b01-a5ec-ce8caaec629f,2013-03-09,07:00:00,EDSA fronting SM Megamall Mandaluyong,0,0,0,0,0,0,0,0,0,0,2013-03-09 15:00,Property,14.57983371,121.0527084,No Collision Stated
None,EDSA,None,None,"No Accident Factor, No Collision Stated (based on Police Blotter Book), 0.0 drivers_injured, 0.0 drivers_killed, 0.0 passengers_injured, 0.0 passengers_killed, 0.0 pedestrian_injured, 0.0 pedestrian_killed, Fair (Day), EDSA G. A. Tower Mandaluyong",MMDA Road Safety Unit,,912ca868-667d-4bce-ab84-604200348d08,2013-03-07,08:55:00,EDSA Guadix Drive Mandaluyong,0,0,0,0,0,0,0,0,0,0,2013-03-07 16:55,Property,14.57386012,121.0480107,No Collision Stated
None,EDSA,None,None,"No Accident Factor, Side Swipe, 0.0 drivers_injured, 0.0 drivers_killed, 0.0 passengers_injured, 0.0 passengers_killed, 0.0 pedestrian_injured, 0.0 pedestrian_killed, Fair (Day), EDSA Guadix Drive Mandaluyong",MMDA Road Safety Unit,,73e8e26c-9244-4e9e-899c-14efbdd6365a,2013-03-07,04:30:00,EDSA fronting Shangrila Hotel Mandaluyong,0,0,0,0,0,0,0,0,0,0,2013-03-07 12:30,Property,14.58948577,121.0573946,Side Swipe
None,EDSA,None,None,"No Accident Factor, Side Swipe, 0.0 drivers_injured, 0.0 drivers_killed, 0.0 passengers_injured, 0.0 passengers_killed, 0.0 pedestrian_injured, 0.0 pedestrian_killed, Fair (Day), EDSA SM Megamall Mandaluyong",MMDA Road Safety Unit,,22a5f355-047a-4c5a-a4df-56b51dbf3165,2013-03-06,09:20:00,EDSA fronting Go Hotel  Mandaluyong,0,0,0,0,0,0,0,0,0,0,2013-03-06 17:20,Property,14.58501645,121.0558372,Side Swipe
None,EDSA,None,None,"No Accident Factor, No Collision Stated (based on Police Blotter Book), 0.0 drivers_injured, 0.0 drivers_killed, 0.0 passengers_injured, 0.0 passengers_killed, 0.0 pedestrian_injured, 0.0 pedestrian_killed, Fair (Night), EDSA SM Megamall Mandaluyong",MMDA Road Safety Unit,,1fde1f8b-6bde-46b4-9bf0-d71516f794e0,2013-03-04,10:00:00,EDSA Robinson Galleria Exit Driveway Mandaluyong,0,0,0,0,0,0,0,0,0,0,2013-03-04 18:00,Property,14.58501645,121.0558372,No Collision Stated
None,EDSA,None,None,"No Accident Factor, No Collision Stated (based on Police Blotter Book), 0.0 drivers_injured, 0.0 drivers_killed, 0.0 passengers_injured, 0.0 passengers_killed, 0.0 pedestrian_injured, 0.0 pedestrian_killed, Fair (Day), EDSA Reliance St., Bgy. Highway Hills Mandaluyong",MMDA Road Safety Unit,,150c095d-79b7-4dc9-af58-c763d9222941,2013-03-04,04:05:00,EDSA fronting Mega Mall  Mandaluyong,0,0,0,0,0,0,0,0,0,0,2013-03-04 12:05,Property,14.57669064,121.0504494,No Collision Stated
None,EDSA,None,None,"No Accident Factor, No Collision Stated (based on Police Blotter Book), 0.0 drivers_injured, 0.0 drivers_killed, 0.0 passengers_injured, 0.0 passengers_killed, 0.0 pedestrian_injured, 0.0 pedestrian_killed, Fair (Day), EDSA MRT-Ortigas Station, Bgy. Wack-wack Mandaluyong",MMDA Road Safety Unit,,f02d8cc2-4da9-4f57-b284-a365c6f3c89b,2013-03-04,00:00:00,EDSA fronting GO Hotel  Mandaluyong,0,0,0,0,0,0,0,0,0,0,2013-03-04 8:00,Property,14.58786167,121.056685,No Collision Stated
None,EDSA,None,None,"No Accident Factor, No Collision Stated (based on Police Blotter Book), 0.0 drivers_injured, 0.0 drivers_killed, 0.0 passengers_injured, 0.0 passengers_killed, 0.0 pedestrian_injured, 0.0 pedestrian_killed, Fair (Night), EDSA fronting Starmall Mandaluyong",MMDA Road Safety Unit,,9c3c9a38-62c1-473a-a67f-206af1df8e3f,2013-02-28,11:30:00,EDSA fronting Go Hotel  Mandaluyong,0,0,0,0,0,0,0,0,0,0,2013-02-28 19:30,Property,14.5820399,121.0540545,No Collision Stated
None,EDSA,None,None,"No Accident Factor, Side Swipe, 0.0 drivers_injured, 0.0 drivers_killed, 0.0 passengers_injured, 0.0 passengers_killed, 0.0 pedestrian_injured, 0.0 pedestrian_killed, Fair (Day), EDSA EDSA Central Mandaluyong",MMDA Road Safety Unit,,770b5c45-0518-4e42-a04a-03b640e0bbba,2013-02-28,04:45:00,EDSA Pinatubo St.  Mandaluyong,0,0,0,0,0,0,0,0,0,0,2013-02-28 12:45,Property,14.57994372,121.0528367,Side Swipe
None,EDSA,None,None,"No Accident Factor, Side Swipe, 0.0 drivers_injured, 0.0 drivers_killed, 0.0 passengers_injured, 0.0 passengers_killed, 0.0 pedestrian_injured, 0.0 pedestrian_killed, Fair (Day), EDSA Shaw Blvd. Mandaluyong",MMDA Road Safety Unit,,6c8641fd-0f62-491c-a6fa-a20d1d41ecb4,2013-02-26,04:20:00,EDSA after Ricoa factory Mandaluyong,0,0,0,0,0,0,0,0,0,0,2013-02-26 12:20,Property,14.58119822,121.0534578,Side Swipe
None,EDSA,None,None,"No Accident Factor, No Collision Stated (based on Police Blotter Book), 0.0 drivers_injured, 0.0 drivers_killed, 0.0 passengers_injured, 0.0 passengers_killed, 0.0 pedestrian_injured, 0.0 pedestrian_killed, Fair (Day), EDSA fronting Caltex Gas Station, Boni Ave. Mandaluyong",MMDA Road Safety Unit,,2d84833f-7cf9-42d8-8e12-2da2e493ff80,2013-02-26,00:30:00,EDSA Ortigas Ave. Mandaluyong,0,0,0,0,0,0,0,0,0,0,2013-02-26 8:30,Property,14.57233653,121.047066,No Collision Stated
None,EDSA,None,None,"No Accident Factor, No Collision Stated (based on Police Blotter Book), 0.0 drivers_injured, 0.0 drivers_killed, 0.0 passengers_injured, 0.0 passengers_killed, 0.0 pedestrian_injured, 0.0 pedestrian_killed, Fair (Night), EDSA fronting Starmall Mandaluyong",MMDA Road Safety Unit,,2af9d513-03c5-48a0-88d4-54019bb446a2,2013-02-23,11:05:00,EDSA Ortigas MRT Station  Mandaluyong,0,0,0,0,0,0,0,0,0,0,2013-02-23 19:05,Property,14.5820399,121.0540545,No Collision Stated
None,EDSA,None,None,"No Accident Factor, Rear-end, 0.0 drivers_injured, 0.0 drivers_killed, 0.0 passengers_injured, 0.0 passengers_killed, 0.0 pedestrian_injured, 0.0 pedestrian_killed, Fair (Night), EDSA Shaw Blvd. Mandaluyong",MMDA Road Safety Unit,,ad645c4b-2b8c-4896-bf35-fa6c71faa581,2013-02-22,12:30:00,EDSA Ortigas Ave. Mandaluyong,0,0,0,0,0,0,0,0,0,0,2013-02-22 20:30,Property,14.58119822,121.0534578,Rear-End
None,EDSA,None,None,"No Accident Factor, Side Swipe, 0.0 drivers_injured, 0.0 drivers_killed, 0.0 passengers_injured, 0.0 passengers_killed, 0.0 pedestrian_injured, 0.0 pedestrian_killed, Fair (Night), EDSA fronting Richville Mandaluyong",MMDA Road Safety Unit,,11bab885-a858-4705-8cfc-b5a6f85033f8,2013-02-19,11:20:00,EDSA Guadix Drive Mandaluyong,0,0,0,0,0,0,0,0,0,0,2013-02-19 19:20,Property,14.57973921,121.0523327,Side Swipe
None,EDSA,None,None,"No Accident Factor, No Collision Stated (based on Police Blotter Book), 0.0 drivers_injured, 0.0 drivers_killed, 0.0 passengers_injured, 0.0 passengers_killed, 0.0 pedestrian_injured, 0.0 pedestrian_killed, Fair (Day), EDSA ADB Ave. Mandaluyong",MMDA Road Safety Unit,,9b0096d3-cd67-45e1-bb66-d4931c93d97c,2013-02-12,22:25:00,EDSA before VRP Medical Center Mandaluyong,0,0,0,0,0,0,0,0,0,0,2013-02-13 6:25,Property,14.58938937,121.0573625,No Collision Stated
None,EDSA,None,None,"No Accident Factor, No Collision Stated (based on Police Blotter Book), 0.0 drivers_injured, 0.0 drivers_killed, 0.0 passengers_injured, 0.0 passengers_killed, 0.0 pedestrian_injured, 0.0 pedestrian_killed, Fair (Day), EDSA Crossing Mandaluyong",MMDA Road Safety Unit,,48e7844e-a30c-4cfd-88a5-ebf1acf459bf,2013-02-12,08:30:00,EDSA Shaw Blvd. Mandaluyong,0,0,0,0,0,0,0,0,0,0,2013-02-12 16:30,Property,14.58212391,121.0540758,No Collision Stated
None,EDSA,None,None,"No Accident Factor, Hit and Run (No Collision Stated), 0.0 drivers_injured, 0.0 drivers_killed, 0.0 passengers_injured, 0.0 passengers_killed, 0.0 pedestrian_injured, 0.0 pedestrian_killed, Fair (Day), EDSA Guadix Drive Mandaluyong",MMDA Road Safety Unit,,f908561d-5844-4c0d-8b5a-5c02b8a4af01,2013-02-07,00:15:00,EDSA fronting MRT-Ortigas Station Mandaluyong,0,0,0,0,0,0,0,0,0,0,2013-02-07 8:15,Property,14.58948577,121.0573946,No Collision Stated
None,EDSA,None,None,"No Accident Factor, No Collision Stated (based on Police Blotter Book), 0.0 drivers_injured, 0.0 drivers_killed, 0.0 passengers_injured, 0.0 passengers_killed, 0.0 pedestrian_injured, 0.0 pedestrian_killed, Fair (Day), EDSA Starmall, Shaw Blvd. Mandaluyong",MMDA Road Safety Unit,,18225bc3-a368-497b-9dc6-9e6e22cfa08e,2013-02-04,02:45:00,EDSA fronting Highway 54 Bldg. Mandaluyong,0,0,0,0,0,0,0,0,0,0,2013-02-04 10:45,Property,14.58198795,121.0540368,No Collision Stated
None,EDSA,None,None,"No Accident Factor, No Collision Stated (based on Police Blotter Book), 0.0 drivers_injured, 0.0 drivers_killed, 0.0 passengers_injured, 0.0 passengers_killed, 0.0 pedestrian_injured, 0.0 pedestrian_killed, Fair (Day), EDSA before Mitsubishi Motors Mandaluyong",MMDA Road Safety Unit,,1714720a-40f8-4734-b6b1-e32d65bdcd5a,2013-02-03,23:10:00,EDSA fronting ADB Road / Guadix Mandaluyong,0,0,0,0,0,0,0,0,0,0,2013-02-04 7:10,Property,14.58989499,121.0571962,No Collision Stated
None,EDSA,None,None,"No Accident Factor, No Collision Stated (based on Police Blotter Book), 0.0 drivers_injured, 0.0 drivers_killed, 0.0 passengers_injured, 0.0 passengers_killed, 0.0 pedestrian_injured, 0.0 pedestrian_killed, Fair (Day), EDSA Ortigas Ave. Mandaluyong",MMDA Road Safety Unit,,5c2b66e8-99d6-40f6-898c-1f4e7adf7aae,2013-01-25,08:00:00,EDSA before MRT-Boni Station Mandaluyong,0,0,0,0,0,0,0,0,0,0,2013-01-25 16:00,Property,14.59305232,121.0585643,No Collision Stated
None,EDSA,None,None,"No Accident Factor, No Collision Stated (based on Police Blotter Book), 0.0 drivers_injured, 0.0 drivers_killed, 0.0 passengers_injured, 0.0 passengers_killed, 0.0 pedestrian_injured, 0.0 pedestrian_killed, Fair (Day), EDSA Go Hotel Mandaluyong",MMDA Road Safety Unit,,e2838e7c-f0f7-4826-8e9e-6684fe2f42f7,2013-01-25,00:45:00,EDSA Ortigas Ave. Mandaluyong,0,0,0,0,0,0,0,0,0,0,2013-01-25 8:45,Property,14.57001193,121.0464575,No Collision Stated
None,EDSA,None,None,"No Accident Factor, Angle Impact, 0.0 drivers_injured, 0.0 drivers_killed, 0.0 passengers_injured, 0.0 passengers_killed, 0.0 pedestrian_injured, 0.0 pedestrian_killed, Fair (Day), EDSA Guadix Drive Mandaluyong",MMDA Road Safety Unit,,b2429c14-1b57-4c23-968c-1f82fb29fb33,2013-01-23,03:10:00,EDSA fronting POEA Mandaluyong,0,0,0,0,0,0,0,0,0,0,2013-01-23 11:10,Property,14.58948577,121.0573946,Angle Impact
None,EDSA,None,None,"No Accident Factor, Rear-end, 0.0 drivers_injured, 0.0 drivers_killed, 0.0 passengers_injured, 0.0 passengers_killed, 0.0 pedestrian_injured, 0.0 pedestrian_killed, Fair (Night), EDSA fronting Go Hotel Mandaluyong",MMDA Road Safety Unit,,99d2c48b-a1f3-4e2c-a696-651d5592d70c,2013-01-22,13:05:00,EDSA fronting Go Hotel Reliance Mandaluyong,0,0,0,0,0,0,0,0,0,0,2013-01-22 21:05,Property,14.57004556,121.0464756,Rear-End
None,EDSA,None,None,"No Accident Factor, No Collision Stated (based on Police Blotter Book), 0.0 drivers_injured, 0.0 drivers_killed, 0.0 passengers_injured, 0.0 passengers_killed, 0.0 pedestrian_injured, 0.0 pedestrian_killed, Fair (Day), EDSA Pinatubo St. Mandaluyong",MMDA Road Safety Unit,,42ba5570-fd07-443e-8e46-aef5587fc9ec,2013-01-22,01:15:00,EDSA before G.A. Tower  Mandaluyong,0,0,0,0,0,0,0,0,0,0,2013-01-22 9:15,Property,14.57321369,121.0476439,No Collision Stated
None,EDSA,None,None,"No Accident Factor, No Collision Stated (based on Police Blotter Book), 0.0 drivers_injured, 0.0 drivers_killed, 0.0 passengers_injured, 0.0 passengers_killed, 0.0 pedestrian_injured, 0.0 pedestrian_killed, Fair (Night), EDSA fronting Starmall Mandaluyong",MMDA Road Safety Unit,,70632a02-6aa0-40ac-8907-7dbd651eb523,2013-01-18,14:45:00,"EDSA fronting Petron Gas Station, after Pinatubo St. Mandaluyong",0,0,0,0,0,0,0,0,0,0,2013-01-18 22:45,Property,14.5820399,121.0540545,No Collision Stated
None,EDSA,None,None,"No Accident Factor, No Collision Stated (based on Police Blotter Book), 0.0 drivers_injured, 0.0 drivers_killed, 0.0 passengers_injured, 0.0 passengers_killed, 0.0 pedestrian_injured, 0.0 pedestrian_killed, Fair (Day), EDSA Boni Ave. Mandaluyong",MMDA Road Safety Unit,,9ec7d655-40fa-44a6-8897-43793386c046,2013-01-15,09:30:00,EDSA Shaw Blvd. Mandaluyong,0,0,0,0,0,0,0,0,0,0,2013-01-15 17:30,Property,14.57242918,121.0471629,No Collision Stated
None,EDSA,None,None,"No Accident Factor, Side Swipe, 0.0 drivers_injured, 0.0 drivers_killed, 0.0 passengers_injured, 0.0 passengers_killed, 0.0 pedestrian_injured, 0.0 pedestrian_killed, Fair (Day), EDSA United St. Mandaluyong",MMDA Road Safety Unit,,2a0a2193-7037-4857-816b-56e2e73785e7,2013-01-15,05:15:00,EDSA before Highway 54 Bldg. Mandaluyong,0,0,0,0,0,0,0,0,0,0,2013-01-15 13:15,Property,14.57931229,121.0523819,Side Swipe
None,EDSA,None,None,"No Accident Factor, No Collision Stated (based on Police Blotter Book), 0.0 drivers_injured, 0.0 drivers_killed, 0.0 passengers_injured, 0.0 passengers_killed, 0.0 pedestrian_injured, 0.0 pedestrian_killed, Fair (Day), EDSA Ortigas Ave. Mandaluyong",MMDA Road Safety Unit,,e915cf4f-79d6-4c02-b18c-351bc31b4860,2013-01-15,04:30:00,EDSA Guadix Drive Mandaluyong,0,0,0,0,0,0,0,0,0,0,2013-01-15 12:30,Property,14.59305232,121.0585643,No Collision Stated
None,EDSA,None,None,"No Accident Factor, No Collision Stated (based on Police Blotter Book), 0.0 drivers_injured, 0.0 drivers_killed, 0.0 passengers_injured, 0.0 passengers_killed, 0.0 pedestrian_injured, 0.0 pedestrian_killed, Fair (Day), EDSA United St. Mandaluyong",MMDA Road Safety Unit,,019d4da7-c6d6-4e3f-9e22-7d27ab16f9d6,2013-01-13,22:20:00,EDSA fronting Star Mall  Mandaluyong,0,0,0,0,0,0,0,0,0,0,2013-01-14 6:20,Property,14.57931229,121.0523819,No Collision Stated
None,EDSA,None,None,"No Accident Factor, No Collision Stated (based on Police Blotter Book), 0.0 drivers_injured, 0.0 drivers_killed, 0.0 passengers_injured, 0.0 passengers_killed, 0.0 pedestrian_injured, 0.0 pedestrian_killed, Fair (Night), EDSA Crossing Mandaluyong",MMDA Road Safety Unit,,5a2acaef-ccc3-4e6a-b04f-c928b2ca5740,2013-01-13,12:00:00,EDSA before Robinson's Galleria Mandaluyong,0,0,0,0,0,0,0,0,0,0,2013-01-13 20:00,Property,14.58212391,121.0540758,No Collision Stated
None,EDSA,None,None,"No Accident Factor, Angle Impact, 0.0 drivers_injured, 0.0 drivers_killed, 0.0 passengers_injured, 0.0 passengers_killed, 0.0 pedestrian_injured, 0.0 pedestrian_killed, Fair (Day), EDSA Crossing Mandaluyong",MMDA Road Safety Unit,,38e0e2a1-a82c-4403-b883-366abb58e15e,2013-01-11,23:00:00,EDSA Shaw Blvd. Mandaluyong,0,0,0,0,0,0,0,0,0,0,2013-01-12 7:00,Property,14.58212391,121.0540758,Angle Impact
None,EDSA,None,None,"No Accident Factor, No Collision Stated (based on Police Blotter Book), 0.0 drivers_injured, 0.0 drivers_killed, 0.0 passengers_injured, 0.0 passengers_killed, 0.0 pedestrian_injured, 0.0 pedestrian_killed, Fair (Day), EDSA Ortigas Ave. Mandaluyong",MMDA Road Safety Unit,,26d40a42-54c6-49d5-85ac-4ea171cdd00f,2013-01-08,02:00:00,EDSA after Libertad St. Mandaluyong,0,0,0,0,0,0,0,0,0,0,2013-01-08 10:00,Property,14.59305232,121.0585643,No Collision Stated
None,EDSA,None,None,"No Accident Factor, No Collision Stated (based on Police Blotter Book), 0.0 drivers_injured, 0.0 drivers_killed, 0.0 passengers_injured, 0.0 passengers_killed, 0.0 pedestrian_injured, 0.0 pedestrian_killed, Fair (Night), EDSA Reliance St. Mandaluyong",MMDA Road Safety Unit,,c1c1e700-6761-40dc-a964-00ceaed1aea0,2013-01-02,20:00:00,EDSA Madison Mandaluyong,0,0,0,0,0,0,0,0,0,0,2013-01-03 4:00,Property,14.57669064,121.0504494,No Collision Stated
None,EDSA,None,None,"No Accident Factor, No Collision Stated (based on Police Blotter Book), 1.0 drivers_injured, 0.0 drivers_killed, 0.0 passengers_injured, 0.0 passengers_killed, 0.0 pedestrian_injured, 0.0 pedestrian_killed, Fair (Night), EDSA Crossing Mandaluyong",MMDA Road Safety Unit,,7de9dcc1-8964-4787-a604-aa967e186436,2013-01-02,11:30:00,EDSA before VRP Medical Center Mandaluyong,0,0,0,1,0,0,0,0,0,1,2013-01-02 19:30,Injury,14.58212391,121.0540758,No Collision Stated
None,EDSA,None,None,"No Accident Factor, Rear-end, 0.0 drivers_injured, 0.0 drivers_killed, 0.0 passengers_injured, 0.0 passengers_killed, 0.0 pedestrian_injured, 0.0 pedestrian_killed, Fair (Day), EDSA Lion Road Mandaluyong",MMDA Road Safety Unit,,7863ea02-5708-4d14-a405-d9df4bd277c1,2013-01-02,00:15:00,EDSA fronting Boni MRT Station Mandaluyong,0,0,0,0,0,0,0,0,0,0,2013-01-02 8:15,Property,14.56999727,121.0462587,Rear-End
None,EDSA,None,None,"No Accident Factor, No Collision Stated (based on Police Blotter Book), 0.0 drivers_injured, 0.0 drivers_killed, 1.0 passengers_injured, 0.0 passengers_killed, 0.0 pedestrian_injured, 0.0 pedestrian_killed, Fair (Day), EDSA Megamall Bldg.B Mandaluyong",MMDA Road Safety Unit,,723d27eb-54f6-468c-a8d8-27d8bf658ba0,2012-12-27,23:40:00,EDSA Shaw Blvd. Mandaluyong,0,0,0,0,1,0,0,0,0,1,2012-12-28 7:40,Injury,14.58519582,121.0559351,No Collision Stated
None,EDSA,None,None,"No Accident Factor, Hit and Run (No Collision Stated), 0.0 drivers_injured, 0.0 drivers_killed, 0.0 passengers_injured, 0.0 passengers_killed, 0.0 pedestrian_injured, 0.0 pedestrian_killed, Fair (Day), EDSA Boni Ave. Mandaluyong",MMDA Road Safety Unit,,730a9825-7bf0-4e7c-ba5c-1b4628af4711,2012-12-27,00:00:00,EDSA Julia Vargas Avenue Mandaluyong,0,0,0,0,0,0,0,0,0,0,2012-12-27 8:00,Property,14.57242918,121.0471629,No Collision Stated