LOCATION_TEXT,ROAD,WEATHER,LIGHT,DESC,REPORTING_AGENCY,MAIN_CAUSE,INCIDENTDETAILS_ID,DATE_UTC,TIME_UTC,ADDRESS,killed_driver,killed_passenger,killed_pedestrian,injured_driver,injured_passenger,injured_pedestrian,killed_uncategorized,injured_uncategorized,killed_total,injured_total,DATETIME_PST,SEVERITY,Y,X,COLLISION_TYPE
None,EDSA,None,None,"No Accident Factor, Hit Object (No Object Stated), 0.0 drivers_injured, 0.0 drivers_killed, 0.0 passengers_injured, 0.0 passengers_killed, 0.0 pedestrian_injured, 0.0 pedestrian_killed, Fair (Day), EDSA before ADB N/B Mandaluyong",MMDA Road Safety Unit,,9ee91b05-7129-41d0-bb5f-df370efc1627,2012-12-25,22:00:00,EDSA fronting SM Megamall Mandaluyong,0,0,0,0,0,0,0,0,0,0,2012-12-26 6:00,Property,14.58950409,121.0574065,Hit Object
None,EDSA,None,None,"No Accident Factor, Side Swipe, 0.0 drivers_injured, 0.0 drivers_killed, 0.0 passengers_injured, 0.0 passengers_killed, 0.0 pedestrian_injured, 0.0 pedestrian_killed, Fair (Day), EDSA Boni Ave. Mandaluyong",MMDA Road Safety Unit,,7d2a4dd8-2a37-4bbb-8851-ee51b7dc6d63,2012-12-21,08:00:00,EDSA Poveda St. Mandaluyong,0,0,0,0,0,0,0,0,0,0,2012-12-21 16:00,Property,14.57242918,121.0471629,Side Swipe
None,EDSA,None,None,"No Accident Factor, No Collision Stated (based on Police Blotter Book), 0.0 drivers_injured, 0.0 drivers_killed, 0.0 passengers_injured, 0.0 passengers_killed, 0.0 pedestrian_injured, 0.0 pedestrian_killed, Fair (Day), EDSA Shaw Blvd. Mandaluyong",MMDA Road Safety Unit,,b934b446-931e-4d45-b84e-8e1e37bda6c0,2012-12-21,00:30:00,EDSA Shaw Blvd. (EB) Mandaluyong,0,0,0,0,0,0,0,0,0,0,2012-12-21 8:30,Property,14.58119822,121.0534578,No Collision Stated
None,EDSA,None,None,"No Accident Factor, No Collision Stated (based on Police Blotter Book), 0.0 drivers_injured, 0.0 drivers_killed, 0.0 passengers_injured, 0.0 passengers_killed, 0.0 pedestrian_injured, 0.0 pedestrian_killed, Fair (Day), EDSA front of POEA S/B Mandaluyong",MMDA Road Safety Unit,,38f2c78e-26cb-4c6c-b6cb-c4a44886b883,2012-12-18,03:30:00,EDSA Shaw Blvd. Mandaluyong,0,0,0,0,0,0,0,0,0,0,2012-12-18 11:30,Property,14.59311312,121.0581689,No Collision Stated
None,EDSA,None,None,"No Accident Factor, Side Swipe, 0.0 drivers_injured, 0.0 drivers_killed, 0.0 passengers_injured, 0.0 passengers_killed, 0.0 pedestrian_injured, 0.0 pedestrian_killed, Fair (Day), EDSA Ortigas Ave. Mandaluyong",MMDA Road Safety Unit,,50274883-9e59-497d-8fee-bc6d92f82912,2012-12-18,01:00:00,EDSA before Guadalupe Bridge Mandaluyong,0,0,0,0,0,0,0,0,0,0,2012-12-18 9:00,Property,14.59305232,121.0585643,Side Swipe
None,EDSA,None,None,"No Accident Factor, No Collision Stated (based on Police Blotter Book), 0.0 drivers_injured, 0.0 drivers_killed, 0.0 passengers_injured, 0.0 passengers_killed, 0.0 pedestrian_injured, 0.0 pedestrian_killed, Fair (Night), EDSA Boni Ave. Mandaluyong",MMDA Road Safety Unit,,841a7cd6-ba11-4b47-9ca0-4b7f0506ec10,2012-12-15,21:00:00,EDSA fronting Highway 54 Bldg. Mandaluyong,0,0,0,0,0,0,0,0,0,0,2012-12-16 5:00,Property,14.57242918,121.0471629,No Collision Stated
None,EDSA,None,None,"No Accident Factor, No Collision Stated (based on Police Blotter Book), 0.0 drivers_injured, 0.0 drivers_killed, 0.0 passengers_injured, 0.0 passengers_killed, 0.0 pedestrian_injured, 0.0 pedestrian_killed, Fair (Night), EDSA Megamall Mandaluyong",MMDA Road Safety Unit,,77babc81-8cce-4fdb-8987-1d3c591ddfdb,2012-12-13,11:30:00,EDSA before Libertad St. Mandaluyong,0,0,0,0,0,0,0,0,0,0,2012-12-13 19:30,Property,14.58519582,121.0559351,No Collision Stated
None,EDSA,None,None,"No Accident Factor, No Collision Stated (based on Police Blotter Book), 0.0 drivers_injured, 0.0 drivers_killed, 0.0 passengers_injured, 0.0 passengers_killed, 0.0 pedestrian_injured, 0.0 pedestrian_killed, Fair (Day), EDSA Ortigas Ave. Mandaluyong",MMDA Road Safety Unit,,4d4302ea-678f-488c-ab14-23a60f24e663,2012-12-13,04:30:00,EDSA fronting SM Megamall Mandaluyong,0,0,0,0,0,0,0,0,0,0,2012-12-13 12:30,Property,14.59305232,121.0585643,No Collision Stated
None,EDSA,None,None,"No Accident Factor, Side Swipe, 0.0 drivers_injured, 0.0 drivers_killed, 0.0 passengers_injured, 0.0 passengers_killed, 0.0 pedestrian_injured, 0.0 pedestrian_killed, Fair (Day), EDSA Crossing Mandaluyong",MMDA Road Safety Unit,,3ebe8f0b-2f65-4388-9d29-97e0254f13bf,2012-11-18,02:30:00,EDSA fronting Highway 54 Bldg. Mandaluyong,0,0,0,0,0,0,0,0,0,0,2012-11-18 10:30,Property,14.58212391,121.0540758,Side Swipe
None,EDSA,None,None,"No Accident Factor, No Collision Stated (based on Police Blotter Book), 0.0 drivers_injured, 0.0 drivers_killed, 0.0 passengers_injured, 0.0 passengers_killed, 0.0 pedestrian_injured, 0.0 pedestrian_killed, Fair (Day), EDSA Boni Ave. Mandaluyong",MMDA Road Safety Unit,,58841b78-7445-4274-9faf-e6801912dfcf,2012-11-16,04:25:00,EDSA before Robinson's Galleria Mandaluyong,0,0,0,0,0,0,0,0,0,0,2012-11-16 12:25,Property,14.57242918,121.0471629,No Collision Stated
None,EDSA,None,None,"No Accident Factor, No Collision Stated (based on Police Blotter Book), 0.0 drivers_injured, 0.0 drivers_killed, 0.0 passengers_injured, 0.0 passengers_killed, 0.0 pedestrian_injured, 0.0 pedestrian_killed, Fair (Day), EDSA  before Shaw Blvd. Mandaluyong",MMDA Road Safety Unit,,e3beb82c-0656-43d1-9e0a-9ca4922ed0c0,2012-11-15,04:10:00,EDSA before MRT-Ortigas Station Mandaluyong,0,0,0,0,0,0,0,0,0,0,2012-11-15 12:10,Property,14.58144057,121.0538485,No Collision Stated
None,EDSA,None,None,"No Accident Factor, No Collision Stated (based on Police Blotter Book), 0.0 drivers_injured, 0.0 drivers_killed, 0.0 passengers_injured, 0.0 passengers_killed, 0.0 pedestrian_injured, 0.0 pedestrian_killed, Fair (Day), EDSA  before EDSA Central Mandaluyong",MMDA Road Safety Unit,,d72c39b6-42e7-468e-9cde-9919c7fe5522,2012-11-14,05:00:00,EDSA fronting Robinson's Place-Pioneer Mandaluyong,0,0,0,0,0,0,0,0,0,0,2012-11-14 13:00,Property,14.57995989,121.0529496,No Collision Stated
None,EDSA,None,None,"No Accident Factor, Side Swipe, 0.0 drivers_injured, 0.0 drivers_killed, 0.0 passengers_injured, 0.0 passengers_killed, 0.0 pedestrian_injured, 0.0 pedestrian_killed, Fair (Day), EDSA before MRT Megamall Mandaluyong",MMDA Road Safety Unit,,19e30793-f5f0-45ee-9e05-1961215f0ccd,2012-11-09,01:00:00,EDSA fronting Star Mall Loading Bay Mandaluyong,0,0,0,0,0,0,0,0,0,0,2012-11-09 9:00,Property,14.58762683,121.056693,Side Swipe
None,EDSA,None,None,"No Accident Factor, No Collision Stated (based on Police Blotter Book), 0.0 drivers_injured, 0.0 drivers_killed, 0.0 passengers_injured, 0.0 passengers_killed, 0.0 pedestrian_injured, 0.0 pedestrian_killed, Fair (Day), EDSA Shaw Blvd. Mandaluyong",MMDA Road Safety Unit,,bc84c2aa-a63d-4833-9073-c1008bcf3960,2012-11-07,07:20:00,"EDSA fronting Shangri-La Mall, after Shaw Blvd. Mandaluyong",0,0,0,0,0,0,0,0,0,0,2012-11-07 15:20,Property,14.58119822,121.0534578,No Collision Stated
None,EDSA,None,None,"No Accident Factor, Side Swipe, 0.0 drivers_injured, 0.0 drivers_killed, 0.0 passengers_injured, 0.0 passengers_killed, 0.0 pedestrian_injured, 0.0 pedestrian_killed, Fair (Day), EDSA fronting Robinson Pioneer Mandaluyong",MMDA Road Safety Unit,,8e56a075-4f9e-41d4-958b-d7025e1b197e,2012-11-05,00:00:00,"EDSA at Robinson's Loading/Unloading Bay, after P. Poveda St. Mandaluyong",0,0,0,0,0,0,0,0,0,0,2012-11-05 8:00,Property,14.57143562,121.046866,Side Swipe
None,EDSA,None,None,"No Accident Factor, No Collision Stated (based on Police Blotter Book), 0.0 drivers_injured, 0.0 drivers_killed, 0.0 passengers_injured, 0.0 passengers_killed, 0.0 pedestrian_injured, 0.0 pedestrian_killed, Fair (Day), EDSA fronting Highway 54 Mandaluyong",MMDA Road Safety Unit,,e9690d19-d6e0-466f-84ea-635c6d4a9f9a,2012-11-04,23:30:00,EDSA Crossing / Shaw Blvd. Mandaluyong,0,0,0,0,0,0,0,0,0,0,2012-11-05 7:30,Property,14.58501685,121.0556077,No Collision Stated
None,EDSA,None,None,"No Accident Factor, Rear-end, 0.0 drivers_injured, 0.0 drivers_killed, 0.0 passengers_injured, 0.0 passengers_killed, 0.0 pedestrian_injured, 0.0 pedestrian_killed, Fair (Day), EDSA Ortigas Mandaluyong",MMDA Road Safety Unit,,fd0b4236-49ee-49e3-9841-c03896a5d1cc,2012-10-29,22:30:00,EDSA fronting Highway 54 Bldg. Mandaluyong,0,0,0,0,0,0,0,0,0,0,2012-10-30 6:30,Property,14.59327374,121.0582168,Rear-End
None,EDSA,None,None,"No Accident Factor, No Collision Stated (based on Police Blotter Book), 0.0 drivers_injured, 0.0 drivers_killed, 0.0 passengers_injured, 0.0 passengers_killed, 0.0 pedestrian_injured, 0.0 pedestrian_killed, Fair (Day), EDSA Ortigas Ave. Mandaluyong",MMDA Road Safety Unit,,faa3a89b-0204-4c8c-b521-f1e4a0f64f9c,2012-10-15,03:45:00,EDSA near VRP Medical Center Mandaluyong,0,0,0,0,0,0,0,0,0,0,2012-10-15 11:45,Property,14.59305232,121.0585643,No Collision Stated
None,EDSA,None,None,"No Accident Factor, Hit and Run (No Collision Stated), 0.0 drivers_injured, 0.0 drivers_killed, 0.0 passengers_injured, 0.0 passengers_killed, 0.0 pedestrian_injured, 0.0 pedestrian_killed, Fair (Night), EDSA fronting Highway 54 Mandaluyong",MMDA Road Safety Unit,,9bda3b81-553a-46a3-9fb9-8e505b225140,2012-10-13,17:20:00,EDSA Pinatubo St. Mandaluyong,0,0,0,0,0,0,0,0,0,0,2012-10-14 1:20,Property,14.58501685,121.0556077,No Collision Stated
None,EDSA,None,None,"No Accident Factor, No Collision Stated (based on Police Blotter Book), 0.0 drivers_injured, 0.0 drivers_killed, 0.0 passengers_injured, 0.0 passengers_killed, 0.0 pedestrian_injured, 0.0 pedestrian_killed, Fair (Night), Edsa  Boni Ave. Mandaluyong",MMDA Road Safety Unit,,ae676824-ce88-4a8d-93f2-327912b13d82,2012-09-28,21:00:00,EDSA fornting G.A. Tower Mandaluyong,0,0,0,0,0,0,0,0,0,0,2012-09-29 5:00,Property,14.57238568,121.0472504,No Collision Stated
None,EDSA,None,None,"No Accident Factor, No Collision Stated (based on Police Blotter Book), 0.0 drivers_injured, 0.0 drivers_killed, 0.0 passengers_injured, 0.0 passengers_killed, 0.0 pedestrian_injured, 0.0 pedestrian_killed, Fair (Day), Edsa  SM Megamall Mandaluyong",MMDA Road Safety Unit,,110ef7e7-2d90-470a-90df-970dcc55c36c,2012-09-16,03:15:00,EDSA near VRP Medical Center Mandaluyong,0,0,0,0,0,0,0,0,0,0,2012-09-16 11:15,Property,14.58578602,121.0561136,No Collision Stated
None,EDSA,None,None,"No Accident Factor, No Collision Stated (based on Police Blotter Book), 0.0 drivers_injured, 0.0 drivers_killed, 0.0 passengers_injured, 0.0 passengers_killed, 0.0 pedestrian_injured, 0.0 pedestrian_killed, Fair (Day), EDSA Shaw Blvd. Mandaluyong",MMDA Road Safety Unit,,864c1f62-a196-4cb0-903f-46d235c91c11,2012-08-27,01:50:00,EDSA Guadix Drive Mandaluyong,0,0,0,0,0,0,0,0,0,0,2012-08-27 9:50,Property,14.58119822,121.0534578,No Collision Stated
None,EDSA,None,None,"No Accident Factor, No Collision Stated (based on Police Blotter Book), 0.0 drivers_injured, 0.0 drivers_killed, 1.0 passengers_injured, 0.0 passengers_killed, 0.0 pedestrian_injured, 0.0 pedestrian_killed, Fair (Night), EDSA Shaw Blvd., Crossing Mandaluyong",MMDA Road Safety Unit,,7aacbfb7-19e8-4b41-9efa-d0a4d431cdbb,2012-08-18,19:00:00,EDSA Shaw Blvd. Mandaluyong,0,0,0,0,1,0,0,0,0,1,2012-08-19 3:00,Injury,14.58119822,121.0534578,No Collision Stated
None,EDSA,None,None,"No Accident Factor, No Collision Stated (based on Police Blotter Book), 0.0 drivers_injured, 0.0 drivers_killed, 0.0 passengers_injured, 0.0 passengers_killed, 0.0 pedestrian_injured, 0.0 pedestrian_killed, Fair (Night), EDSA Crossing Mandaluyong",MMDA Road Safety Unit,,3f810b7a-d3a3-4141-9b7a-989a12624494,2012-08-13,20:30:00,EDSA fronting SM Megamall Mandaluyong,0,0,0,0,0,0,0,0,0,0,2012-08-14 4:30,Property,14.58212391,121.0540758,No Collision Stated
None,EDSA,None,None,"No Accident Factor, Rear-end, 0.0 drivers_injured, 0.0 drivers_killed, 1.0 passengers_injured, 0.0 passengers_killed, 0.0 pedestrian_injured, 0.0 pedestrian_killed, Rain (Day), EDSA corner Connecticut Street Mandaluyong",MMDA Road Safety Unit,,1192475e-202c-4713-adbf-b2c0346a4c95,2012-08-07,08:30:00,EDSA fronting Robinson's Place-Pioneer Mandaluyong,0,0,0,0,1,0,0,0,0,1,2012-08-07 16:30,Injury,14.60189177,121.0590951,Rear-End
None,EDSA,None,None,"No Accident Factor, No Collision Stated (based on Police Blotter Book), 0.0 drivers_injured, 0.0 drivers_killed, 0.0 passengers_injured, 0.0 passengers_killed, 0.0 pedestrian_injured, 0.0 pedestrian_killed, Fair (Night), EDSA Boni MRT Mandaluyong",MMDA Road Safety Unit,,c8d5ba05-5cfb-4113-b138-7c3c440fe77a,2012-08-04,17:55:00,EDSA before MRT-Ortigas Station Mandaluyong,0,0,0,0,0,0,0,0,0,0,2012-08-05 1:55,Property,14.57372098,121.0479555,No Collision Stated
None,EDSA,None,None,"No Accident Factor, Angle Impact, 0.0 drivers_injured, 0.0 drivers_killed, 1.0 passengers_injured, 0.0 passengers_killed, 0.0 pedestrian_injured, 0.0 pedestrian_killed, Fair (Night), EDSA Crossing Mandaluyong",MMDA Road Safety Unit,,5416b2d5-de2b-4a6f-9317-0b2d8c11f511,2012-08-03,19:00:00,EDSA Shaw Blvd. Mandaluyong,0,0,0,0,1,0,0,0,0,1,2012-08-04 3:00,Injury,14.58212391,121.0540758,Angle Impact
None,EDSA,None,None,"No Accident Factor, No Collision Stated (based on Police Blotter Book), 0.0 drivers_injured, 0.0 drivers_killed, 0.0 passengers_injured, 0.0 passengers_killed, 0.0 pedestrian_injured, 0.0 pedestrian_killed, Fair (Day), EDSA Pioneer St. Mandaluyong",MMDA Road Safety Unit,,0727c976-88b8-44f4-badc-fe2b41386295,2012-07-26,06:00:00,EDSA before Boni Ave. Mandaluyong,0,0,0,0,0,0,0,0,0,0,2012-07-26 14:00,Property,14.57236671,121.0472702,No Collision Stated
None,EDSA,None,None,"No Accident Factor, No Collision Stated (based on Police Blotter Book), 0.0 drivers_injured, 0.0 drivers_killed, 1.0 passengers_injured, 0.0 passengers_killed, 0.0 pedestrian_injured, 0.0 pedestrian_killed, Fair (Day), EDSA Boni Ave., Bgy. Barangka Ilaya Mandaluyong",MMDA Road Safety Unit,,898374d2-c488-461e-9182-2b4a13916832,2012-07-09,23:00:00,EDSA Shaw Blvd. Mandaluyong,0,0,0,0,1,0,0,0,0,1,2012-07-10 7:00,Injury,14.57372098,121.0479555,No Collision Stated
None,EDSA,None,None,"No Accident Factor, No Collision Stated (based on Police Blotter Book), 0.0 drivers_injured, 0.0 drivers_killed, 0.0 passengers_injured, 0.0 passengers_killed, 0.0 pedestrian_injured, 0.0 pedestrian_killed, Fair (Night), EDSA Crossing, Bgy. Wack-wack Mandaluyong",MMDA Road Safety Unit,,406945d6-0688-43ce-9774-219c110a4684,2012-07-01,13:30:00,EDSA before VRP Medical Center Mandaluyong,0,0,0,0,0,0,0,0,0,0,2012-07-01 21:30,Property,14.58212391,121.0540758,No Collision Stated
None,EDSA,None,None,"No Accident Factor, Side Swipe, 0.0 drivers_injured, 0.0 drivers_killed, 0.0 passengers_injured, 0.0 passengers_killed, 0.0 pedestrian_injured, 0.0 pedestrian_killed, Fair (Day), EDSA Shaw Blvd. Mandaluyong",MMDA Road Safety Unit,,1bcb5293-327d-4630-8a77-8e21bce323a6,2012-06-27,02:00:00,EDSA fronting MRT-Ortigas Station Mandaluyong,0,0,0,0,0,0,0,0,0,0,2012-06-27 10:00,Property,14.58119822,121.0534578,Side Swipe
None,EDSA,None,None,"No Accident Factor, No Collision Stated (based on Police Blotter Book), 0.0 drivers_injured, 0.0 drivers_killed, 0.0 passengers_injured, 0.0 passengers_killed, 0.0 pedestrian_injured, 0.0 pedestrian_killed, Fair (Day), EDSA Shaw Blvd. Mandaluyong",MMDA Road Safety Unit,,ec57cc2a-7814-4ec2-ba6a-feb854c8e4c3,2012-06-25,03:30:00,EDSA fronting Highway 54 Bldg. Mandaluyong,0,0,0,0,0,0,0,0,0,0,2012-06-25 11:30,Property,14.58119822,121.0534578,No Collision Stated
None,EDSA,None,None,"No Accident Factor, Rear-end, 0.0 drivers_injured, 0.0 drivers_killed, 0.0 passengers_injured, 0.0 passengers_killed, 0.0 pedestrian_injured, 0.0 pedestrian_killed, Fair (Day), EDSA Shaw Blvd. Mandaluyong",MMDA Road Safety Unit,,92954b43-cdf4-461e-b7a2-c763337f0442,2012-06-20,23:00:00,EDSA fronting ADB Mandaluyong,0,0,0,0,0,0,0,0,0,0,2012-06-21 7:00,Property,14.58119822,121.0534578,Rear-End
None,EDSA,None,None,"No Accident Factor, Self-Accident, 0.0 drivers_injured, 0.0 drivers_killed, 2.0 passengers_injured, 0.0 passengers_killed, 0.0 pedestrian_injured, 0.0 pedestrian_killed, Rain (Day), EDSA Shaw Blvd., Bgy. Wack-wack Mandaluyong",MMDA Road Safety Unit,,ab476919-4a78-4412-89d7-b61481c3406c,2012-06-14,22:00:00,EDSA Shaw Blvd. Mandaluyong,0,0,0,0,2,0,0,0,0,2,2012-06-15 6:00,Injury,14.58119822,121.0534578,Self-Accident
None,EDSA,None,None,"No Accident Factor, No Collision Stated (based on Police Blotter Book), 0.0 drivers_injured, 0.0 drivers_killed, 0.0 passengers_injured, 0.0 passengers_killed, 0.0 pedestrian_injured, 0.0 pedestrian_killed, Fair (Day), EDSA fronting Starmall Mandaluyong",MMDA Road Safety Unit,,8e5650e3-28ce-4058-b719-8524a4ba7f0d,2012-05-23,09:00:00,EDSA Shaw Blvd. Mandaluyong,0,0,0,0,0,0,0,0,0,0,2012-05-23 17:00,Property,14.5820399,121.0540545,No Collision Stated
None,EDSA,None,None,"No Accident Factor, Hit Object (No Object Stated), 0.0 drivers_injured, 0.0 drivers_killed, 0.0 passengers_injured, 0.0 passengers_killed, 0.0 pedestrian_injured, 0.0 pedestrian_killed, Fair (Day), EDSA Ortigas Ave. Mandaluyong",MMDA Road Safety Unit,,31688529-ded4-4865-9e95-2a40bf123949,2012-05-19,05:15:00,EDSA before Boni Ave. Mandaluyong,0,0,0,0,0,0,0,0,0,0,2012-05-19 13:15,Property,14.59305232,121.0585643,Hit Object
None,EDSA,None,None,"No Accident Factor, Rear-end, 0.0 drivers_injured, 0.0 drivers_killed, 0.0 passengers_injured, 0.0 passengers_killed, 0.0 pedestrian_injured, 0.0 pedestrian_killed, Fair (Night), EDSA fronting EDSA Central, Shaw Blvd. Mandaluyong",MMDA Road Safety Unit,,06f68917-6d8b-4f46-9660-6db0897b721b,2012-05-14,20:00:00,EDSA fronting Poveda  Mandaluyong,0,0,0,0,0,0,0,0,0,0,2012-05-15 4:00,Property,14.57983371,121.0527084,Rear-End
None,EDSA,None,None,"No Accident Factor, Angle Impact, 0.0 drivers_injured, 0.0 drivers_killed, 0.0 passengers_injured, 0.0 passengers_killed, 0.0 pedestrian_injured, 0.0 pedestrian_killed, Fair (Day), EDSA Robinson Internal Road Mandaluyong",MMDA Road Safety Unit,,9d307bca-0a72-480c-a59a-55eae5541d44,2012-05-01,22:30:00,EDSA before Starmall Mandaluyong,0,0,0,0,0,0,0,0,0,0,2012-05-02 6:30,Property,14.59234408,121.0583179,Angle Impact
None,EDSA,None,None,"No Accident Factor, Side Swipe, 0.0 drivers_injured, 0.0 drivers_killed, 0.0 passengers_injured, 0.0 passengers_killed, 0.0 pedestrian_injured, 0.0 pedestrian_killed, Fair (Day), EDSA Guadix Drive, Bgy. Wack-wack Mandaluyong",MMDA Road Safety Unit,,b7822d86-7031-4407-9982-d22dd226b94f,2012-04-30,01:15:00,EDSA Shangrila Exit Driveway Mandaluyong,0,0,0,0,0,0,0,0,0,0,2012-04-30 9:15,Property,14.58948577,121.0573946,Side Swipe
None,EDSA,None,None,"No Accident Factor, Side Swipe, 0.0 drivers_injured, 0.0 drivers_killed, 0.0 passengers_injured, 0.0 passengers_killed, 0.0 pedestrian_injured, 0.0 pedestrian_killed, Fair (Day), EDSA  Rochester St., Bgy. Wack-wack Mandaluyong",MMDA Road Safety Unit,,1d13ca53-892f-4d8b-8967-6cfe1efab8d4,2012-04-30,01:10:00,EDSA Ortigas Ave. Mandaluyong,0,0,0,0,0,0,0,0,0,0,2012-04-30 9:10,Property,14.5975949,121.0595774,Side Swipe
None,EDSA,None,None,"No Accident Factor, No Collision Stated (based on Police Blotter Book), 0.0 drivers_injured, 0.0 drivers_killed, 0.0 passengers_injured, 0.0 passengers_killed, 0.0 pedestrian_injured, 0.0 pedestrian_killed, Fair (Day), EDSA Boni Avenue Mandaluyong",MMDA Road Safety Unit,,793a16f2-b2a8-4854-8185-9370c93bf9fc,2012-04-25,00:50:00,EDSA Pinatubo St. Mandaluyong,0,0,0,0,0,0,0,0,0,0,2012-04-25 8:50,Property,14.57241376,121.0474637,No Collision Stated
None,EDSA,None,None,"No Accident Factor, Angle Impact, 0.0 drivers_injured, 0.0 drivers_killed, 0.0 passengers_injured, 0.0 passengers_killed, 0.0 pedestrian_injured, 0.0 pedestrian_killed, Fair (Day), EDSA Pioneer St. Mandaluyong",MMDA Road Safety Unit,,9fbce870-8250-4df6-b778-b6ee0b2aca86,2012-04-16,02:30:00,EDSA Guadix Drive Mandaluyong,0,0,0,0,0,0,0,0,0,0,2012-04-16 10:30,Property,14.57236671,121.0472702,Angle Impact
None,EDSA,None,None,"No Accident Factor, Angle Impact, 0.0 drivers_injured, 0.0 drivers_killed, 0.0 passengers_injured, 0.0 passengers_killed, 0.0 pedestrian_injured, 0.0 pedestrian_killed, Fair (Night), EDSA Shaw Blvd. Mandaluyong",MMDA Road Safety Unit,,005120e5-4929-4587-b8cb-7f0bdb9b4387,2012-04-12,11:00:00,EDSA fronting Robinson's Place-Pioneer Mandaluyong,0,0,0,0,0,0,0,0,0,0,2012-04-12 19:00,Property,14.58119822,121.0534578,Angle Impact
None,EDSA,None,None,"No Accident Factor, No Collision Stated (based on Police Blotter Book), 0.0 drivers_injured, 0.0 drivers_killed, 0.0 passengers_injured, 0.0 passengers_killed, 0.0 pedestrian_injured, 0.0 pedestrian_killed, Fair (Day), EDSA Shaw Blvd. Mandaluyong",MMDA Road Safety Unit,,821b8aa8-b8c6-44ca-b9cd-18f1e0ff80b6,2012-04-12,02:45:00,EDSA before MRT-Ortigas Station Mandaluyong,0,0,0,0,0,0,0,0,0,0,2012-04-12 10:45,Property,14.58119822,121.0534578,No Collision Stated
None,EDSA,None,None,"No Accident Factor, No Collision Stated (based on Police Blotter Book), 0.0 drivers_injured, 0.0 drivers_killed, 0.0 passengers_injured, 0.0 passengers_killed, 0.0 pedestrian_injured, 0.0 pedestrian_killed, Fair (Day), EDSA Crossing Mandaluyong",MMDA Road Safety Unit,,eb11670e-387b-4f2a-a8ce-b17533c57433,2012-04-11,02:20:00,EDSA after Libertad St. Mandaluyong,0,0,0,0,0,0,0,0,0,0,2012-04-11 10:20,Property,14.58212391,121.0540758,No Collision Stated
None,EDSA,None,None,"No Accident Factor, Rear-end, 0.0 drivers_injured, 0.0 drivers_killed, 0.0 passengers_injured, 0.0 passengers_killed, 0.0 pedestrian_injured, 0.0 pedestrian_killed, Fair (Day), EDSA after Shaw Blvd. Mandaluyong",MMDA Road Safety Unit,,4111b0bf-96e0-46bd-b5ca-c9f35517445e,2012-04-07,09:30:00,EDSA fronting Robinson's Place-Pioneer Mandaluyong,0,0,0,0,0,0,0,0,0,0,2012-04-07 17:30,Property,14.58102963,121.053312,Rear-End
None,EDSA,None,None,"No Accident Factor, Hit and Run (No Collision Stated), 0.0 drivers_injured, 0.0 drivers_killed, 0.0 passengers_injured, 0.0 passengers_killed, 0.0 pedestrian_injured, 0.0 pedestrian_killed, Fair (Day), EDSA Boni Ave. Mandaluyong",MMDA Road Safety Unit,,63408e2d-0b96-4b06-aba7-bf76687ba577,2012-04-04,01:15:00,"EDSA before Pedestrian Overpass, near Reliance St. Mandaluyong",0,0,0,0,0,0,0,0,0,0,2012-04-04 9:15,Property,14.57242918,121.0471629,No Collision Stated
None,EDSA,None,None,"No Accident Factor, Self-Accident, 0.0 drivers_injured, 0.0 drivers_killed, 0.0 passengers_injured, 0.0 passengers_killed, 0.0 pedestrian_injured, 0.0 pedestrian_killed, Fair (Day), EDSA POEA Mandaluyong",MMDA Road Safety Unit,,1c7a3249-156c-4035-9202-044d10babcf7,2012-03-24,09:30:00,EDSA after Shaw Blvd. Mandaluyong,0,0,0,0,0,0,0,0,0,0,2012-03-24 17:30,Property,14.59324183,121.0582336,Self-Accident
None,EDSA,None,None,"No Accident Factor, Rear-end, 0.0 drivers_injured, 0.0 drivers_killed, 0.0 passengers_injured, 0.0 passengers_killed, 0.0 pedestrian_injured, 0.0 pedestrian_killed, Fair (Day), EDSA Shangrila Plaza Compound Mandaluyong",MMDA Road Safety Unit,,53ce8fd8-cd97-480d-a22e-0cc859764e98,2012-03-17,04:15:00,EDSA before POEA U turn slot  Mandaluyong,0,0,0,0,0,0,0,0,0,0,2012-03-17 12:15,Property,14.58223571,121.0544805,Rear-End
None,EDSA,None,None,"No Accident Factor, Side Swipe, 0.0 drivers_injured, 0.0 drivers_killed, 0.0 passengers_injured, 0.0 passengers_killed, 0.0 pedestrian_injured, 0.0 pedestrian_killed, Fair (Day), EDSA Ortigas Ave. Mandaluyong",MMDA Road Safety Unit,,671a21ea-3b6c-4c04-bace-f9644ea6626f,2012-03-12,03:25:00,EDSA Shaw Blvd. Mandaluyong,0,0,0,0,0,0,0,0,0,0,2012-03-12 11:25,Property,14.59305232,121.0585643,Side Swipe
None,EDSA,None,None,"No Accident Factor, No Collision Stated (based on Police Blotter Book), 0.0 drivers_injured, 0.0 drivers_killed, 0.0 passengers_injured, 0.0 passengers_killed, 0.0 pedestrian_injured, 0.0 pedestrian_killed, Fair (Night), EDSA Shaw Blvd. Mandaluyong",MMDA Road Safety Unit,,71b596e9-739e-44a6-af88-3d7b6917f133,2012-03-09,21:00:00,EDSA Shaw Blvd. Mandaluyong,0,0,0,0,0,0,0,0,0,0,2012-03-10 5:00,Property,14.58119822,121.0534578,No Collision Stated