LOCATION_TEXT,ROAD,WEATHER,LIGHT,DESC,REPORTING_AGENCY,MAIN_CAUSE,INCIDENTDETAILS_ID,DATE_UTC,TIME_UTC,ADDRESS,killed_driver,killed_passenger,killed_pedestrian,injured_driver,injured_passenger,injured_pedestrian,killed_uncategorized,injured_uncategorized,killed_total,injured_total,DATETIME_PST,SEVERITY,Y,X,COLLISION_TYPE
None,EDSA,None,None,"No Accident Factor, Side Swipe, 0.0 drivers_injured, 0.0 drivers_killed, 0.0 passengers_injured, 0.0 passengers_killed, 0.0 pedestrian_injured, 0.0 pedestrian_killed, Fair (Day), EDSA Ortigas Avenue (E/B) Mandaluyong",MMDA Road Safety Unit,,c72bcf38-71d6-4d68-a9fe-b762fbf47e22,2012-03-05,03:45:00,EDSA Guadix Drive Mandaluyong,0,0,0,0,0,0,0,0,0,0,2012-03-05 11:45,Property,14.59330619,121.0582659,Side Swipe
None,EDSA,None,None,"No Accident Factor, No Collision Stated (based on Police Blotter Book), 0.0 drivers_injured, 0.0 drivers_killed, 0.0 passengers_injured, 0.0 passengers_killed, 0.0 pedestrian_injured, 0.0 pedestrian_killed, Fair (Day), EDSA before Libertad St. Mandaluyong",MMDA Road Safety Unit,,ca873aeb-f07b-4f5f-af15-9be4e22803e1,2012-03-05,00:00:00,"EDSA Crossing, Shaw Blvd. Mandaluyong",0,0,0,0,0,0,0,0,0,0,2012-03-05 8:00,Property,14.57885148,121.0518689,No Collision Stated
None,EDSA,None,None,"No Accident Factor, Angle Impact, 0.0 drivers_injured, 0.0 drivers_killed, 0.0 passengers_injured, 0.0 passengers_killed, 0.0 pedestrian_injured, 0.0 pedestrian_killed, Fair (Day), EDSA Shaw Blvd. Mandaluyong",MMDA Road Safety Unit,,75d089df-9a80-4c1a-9712-553851aa9b2b,2012-03-04,09:30:00,EDSA fronting Starmall Mandaluyong,0,0,0,0,0,0,0,0,0,0,2012-03-04 17:30,Property,14.58119822,121.0534578,Angle Impact
None,EDSA,None,None,"No Accident Factor, Rear-end, 0.0 drivers_injured, 0.0 drivers_killed, 0.0 passengers_injured, 0.0 passengers_killed, 0.0 pedestrian_injured, 0.0 pedestrian_killed, Fair (Day), EDSA Boni Ave. Mandaluyong",MMDA Road Safety Unit,,f9630d3f-18dc-4500-aabc-795f2caf36c0,2012-02-27,06:40:00,EDSA fronting GA Tower Mandaluyong,0,0,0,0,0,0,0,0,0,0,2012-02-27 14:40,Property,14.57242918,121.0471629,Rear-End
None,EDSA,None,None,"No Accident Factor, No Collision Stated (based on Police Blotter Book), 0.0 drivers_injured, 0.0 drivers_killed, 0.0 passengers_injured, 0.0 passengers_killed, 0.0 pedestrian_injured, 0.0 pedestrian_killed, Fair (Day), EDSA Rochester St. Mandaluyong",MMDA Road Safety Unit,,21730de3-f7cf-4e1b-8eb2-539059b67183,2012-02-18,04:10:00,EDSA before Shaw Blvd. Mandaluyong,0,0,0,0,0,0,0,0,0,0,2012-02-18 12:10,Property,14.597563,121.0595941,No Collision Stated
None,EDSA,None,None,"No Accident Factor, Other (Multiple), 0.0 drivers_injured, 0.0 drivers_killed, 0.0 passengers_injured, 0.0 passengers_killed, 0.0 pedestrian_injured, 0.0 pedestrian_killed, Fair (Day), EDSA Lions Road Mandaluyong",MMDA Road Safety Unit,,052882ce-9ba8-4506-80c9-a5272833082c,2012-02-16,05:30:00,EDSA Exit Shangri-La Plaza Mandaluyong,0,0,0,0,0,0,0,0,0,0,2012-02-16 13:30,Property,14.56999727,121.0462587,Multiple
None,EDSA,None,None,"No Accident Factor, No Collision Stated (based on Police Blotter Book), 0.0 drivers_injured, 0.0 drivers_killed, 0.0 passengers_injured, 0.0 passengers_killed, 0.0 pedestrian_injured, 0.0 pedestrian_killed, Fair (Day), EDSA before Libertad St. Mandaluyong",MMDA Road Safety Unit,,80abdee2-0813-4d63-a145-05ddea04d105,2012-02-13,01:30:00,EDSA Shaw Blvd. (Crossing) Mandaluyong,0,0,0,0,0,0,0,0,0,0,2012-02-13 9:30,Property,14.57885148,121.0518689,No Collision Stated
None,EDSA,None,None,"No Accident Factor, Side Swipe, 0.0 drivers_injured, 0.0 drivers_killed, 0.0 passengers_injured, 0.0 passengers_killed, 0.0 pedestrian_injured, 0.0 pedestrian_killed, Fair (Night), EDSA Shaw Blvd. Mandaluyong",MMDA Road Safety Unit,,77d40739-3e16-462b-af70-28c3b0a5f15d,2012-01-28,13:00:00,EDSA fronting SM Megamall Mandaluyong,0,0,0,0,0,0,0,0,0,0,2012-01-28 21:00,Property,14.58119822,121.0534578,Side Swipe
None,EDSA,None,None,"No Accident Factor, Rear-end, 0.0 drivers_injured, 0.0 drivers_killed, 0.0 passengers_injured, 0.0 passengers_killed, 0.0 pedestrian_injured, 0.0 pedestrian_killed, Fair (Night), EDSA fronting Poveda Mandaluyong",MMDA Road Safety Unit,,e0b6527d-c4ae-4e2b-9fbd-9a39cd8fcbdb,2012-01-20,18:20:00,EDSA after MRT-Boni Station Mandaluyong,0,0,0,0,0,0,0,0,0,0,2012-01-21 2:20,Property,14.59076559,121.0578816,Rear-End
None,EDSA,None,None,"No Accident Factor, Rear-end, 0.0 drivers_injured, 0.0 drivers_killed, 0.0 passengers_injured, 0.0 passengers_killed, 0.0 pedestrian_injured, 0.0 pedestrian_killed, Fair (Day), EDSA Ortigas Ave. Mandaluyong",MMDA Road Safety Unit,,1b454434-4413-46cc-aa5f-9de98d1e7b74,2012-01-16,05:00:00,"EDSA Shangrila Exit Driveway, Shangrila Plaza Mandaluyong",0,0,0,0,0,0,0,0,0,0,2012-01-16 13:00,Property,14.59305232,121.0585643,Rear-End
None,EDSA,None,None,"No Accident Factor, Side Swipe, 0.0 drivers_injured, 0.0 drivers_killed, 0.0 passengers_injured, 0.0 passengers_killed, 0.0 pedestrian_injured, 0.0 pedestrian_killed, Fair (Night), EDSA Shaw Blvd. Mandaluyong",MMDA Road Safety Unit,,b720f7ee-6350-4bfd-81e1-00d0c65eeadc,2012-01-13,18:30:00,EDSA Guadix Drive Mandaluyong,0,0,0,0,0,0,0,0,0,0,2012-01-14 2:30,Property,14.58119822,121.0534578,Side Swipe
None,EDSA,None,None,"No Accident Factor, Side Swipe, 0.0 drivers_injured, 0.0 drivers_killed, 0.0 passengers_injured, 0.0 passengers_killed, 0.0 pedestrian_injured, 0.0 pedestrian_killed, Fair (Day), EDSA after Shaw Blvd. Mandaluyong",MMDA Road Safety Unit,,47cedb96-f39a-4fca-9a2b-99359e99e2a8,2012-01-12,05:55:00,EDSA Ortigas Avenue Mandaluyong,0,0,0,0,0,0,0,0,0,0,2012-01-12 13:55,Property,14.58102963,121.053312,Side Swipe
None,EDSA,None,None,"No Accident Factor, Side Swipe, 0.0 drivers_injured, 0.0 drivers_killed, 0.0 passengers_injured, 0.0 passengers_killed, 0.0 pedestrian_injured, 0.0 pedestrian_killed, Fair (Night), EDSA Shaw Blvd. Mandaluyong",MMDA Road Safety Unit,,421cd344-c5b3-4b1f-8ad7-c09a8388204a,2012-01-03,12:00:00,EDSA fornting Robinson Place  Mandaluyong,0,0,0,0,0,0,0,0,0,0,2012-01-03 20:00,Property,14.58119822,121.0534578,Side Swipe
None,EDSA,None,None,"Unknown, Hit and Run (No Collision Stated), 0.0 drivers_injured, 0.0 drivers_killed, 0.0 passengers_injured, 0.0 passengers_killed, 0.0 pedestrian_injured, 0.0 pedestrian_killed, Fair (Night), Edsa Shaw Blvd. Shangrila Mall Mandaluyong",MMDA Road Safety Unit,,18d63446-e3cf-4163-ae7d-ccd29c41d5a2,2011-12-27,11:00:00,EDSA Poveda St. Mandaluyong,0,0,0,0,0,0,0,0,0,0,2011-12-27 19:00,Property,14.58119822,121.0534578,No Collision Stated
None,EDSA,None,None,"Unknown, Side Swipe, 0.0 drivers_injured, 0.0 drivers_killed, 0.0 passengers_injured, 0.0 passengers_killed, 0.0 pedestrian_injured, 0.0 pedestrian_killed, Fair (Day), Edsa Julia Vargas St. Mandaluyong",MMDA Road Safety Unit,,1aa6ecb0-a849-41c3-b8b6-668da00f8305,2011-12-24,04:30:00,EDSA Boni Avenue Mandaluyong,0,0,0,0,0,0,0,0,0,0,2011-12-24 12:30,Property,14.58458553,121.0557595,Side Swipe
None,EDSA,None,None,"Unknown, Side Swipe, 0.0 drivers_injured, 0.0 drivers_killed, 0.0 passengers_injured, 0.0 passengers_killed, 0.0 pedestrian_injured, 0.0 pedestrian_killed, Fair (Night), Edsa Ortigas Avenue Mandaluyong",MMDA Road Safety Unit,,b829befa-6bf1-48cd-9e58-3b145027007a,2011-12-21,05:00:00,EDSA Approaching Tele Performance  Mandaluyong,0,0,0,0,0,0,0,0,0,0,2011-12-21 13:00,Property,14.59330619,121.0582659,Side Swipe
None,EDSA,None,None,"Unknown, Side Swipe, 0.0 drivers_injured, 0.0 drivers_killed, 0.0 passengers_injured, 0.0 passengers_killed, 0.0 pedestrian_injured, 0.0 pedestrian_killed, Fair (Day), EDSA before Starmall Mandaluyong",MMDA Road Safety Unit,,ceb9c089-8b96-4006-a79f-64e4b5bacd53,2011-12-21,02:00:00,EDSA after Pioneer MRT Station Mandaluyong,0,0,0,0,0,0,0,0,0,0,2011-12-21 10:00,Property,14.58307393,121.0547426,Side Swipe
None,EDSA,None,None,"Unknown, Side Swipe, 0.0 drivers_injured, 0.0 drivers_killed, 0.0 passengers_injured, 0.0 passengers_killed, 0.0 pedestrian_injured, 0.0 pedestrian_killed, Fair (Night), Edsa Sharila & Sm Service Road Mandaluyong",MMDA Road Safety Unit,,80e342f8-1616-4262-9e40-c720dfffa13a,2011-12-18,17:25:00,EDSA Julia Vargas Avenue Mandaluyong,0,0,0,0,0,0,0,0,0,0,2011-12-19 1:25,Property,14.58223571,121.0544805,Side Swipe
None,EDSA,None,None,"Unknown, Hit and Run (No Collision Stated), 0.0 drivers_injured, 0.0 drivers_killed, 0.0 passengers_injured, 0.0 passengers_killed, 0.0 pedestrian_injured, 0.0 pedestrian_killed, Fair (Night), Edsa fronting Robinson's Pioneer Mandaluyong",MMDA Road Safety Unit,,60060d63-fcb9-4010-a5c9-fc4d69bf42f2,2011-12-17,19:30:00,EDSA Shaw Blvd. Mandaluyong,0,0,0,0,0,0,0,0,0,0,2011-12-18 3:30,Property,14.57143562,121.046866,No Collision Stated
None,EDSA,None,None,"Unknown, Hit and Run (No Collision Stated), 0.0 drivers_injured, 0.0 drivers_killed, 0.0 passengers_injured, 0.0 passengers_killed, 0.0 pedestrian_injured, 0.0 pedestrian_killed, Fair (Night), Edsa Robinson's Pioneer Mandaluyong",MMDA Road Safety Unit,,7d11f57a-dbb7-4c78-9ac0-2308c73442db,2011-12-16,19:30:00,EDSA Ortigas Avenue Mandaluyong,0,0,0,0,0,0,0,0,0,0,2011-12-17 3:30,Property,14.57190409,121.0471319,No Collision Stated
None,EDSA,None,None,"Unknown, Side Swipe, 0.0 drivers_injured, 0.0 drivers_killed, 0.0 passengers_injured, 0.0 passengers_killed, 0.0 pedestrian_injured, 0.0 pedestrian_killed, Fair (Day), EDSA Shaw Blvd. Mandaluyong",MMDA Road Safety Unit,,52d3ece6-19ce-42ac-9a3a-5dff54696f96,2011-12-13,04:00:00,EDSA  Guadalupe Bridge Mandaluyong,0,0,0,0,0,0,0,0,0,0,2011-12-13 12:00,Property,14.58119822,121.0534578,Side Swipe
None,EDSA,None,None,"Unknown, Rear-end, 0.0 drivers_injured, 0.0 drivers_killed, 0.0 passengers_injured, 0.0 passengers_killed, 0.0 pedestrian_injured, 0.0 pedestrian_killed, Fair (Day), EDSA Shaw Blvd. Mandaluyong",MMDA Road Safety Unit,,0a8640f6-00e6-49c5-a428-8919e7c5d557,2011-12-07,02:15:00,EDSA fornting SM Mega Mall  Mandaluyong,0,0,0,0,0,0,0,0,0,0,2011-12-07 10:15,Property,14.58119822,121.0534578,Rear-End
None,EDSA,None,None,"Unknown, Side Swipe, 0.0 drivers_injured, 0.0 drivers_killed, 0.0 passengers_injured, 0.0 passengers_killed, 0.0 pedestrian_injured, 0.0 pedestrian_killed, Fair (Night), EDSA Shaw Blvd. Mandaluyong",MMDA Road Safety Unit,,563e49ef-b92f-48c4-b46b-3cc04494967f,2011-12-06,21:05:00,EDSA after MRT Station Boni Mandaluyong,0,0,0,0,0,0,0,0,0,0,2011-12-07 5:05,Property,14.58119822,121.0534578,Side Swipe
None,EDSA,None,None,"Unknown, Rear-end, 0.0 drivers_injured, 0.0 drivers_killed, 0.0 passengers_injured, 0.0 passengers_killed, 0.0 pedestrian_injured, 0.0 pedestrian_killed, Fair (Night), EDSA after SM Megamall Mandaluyong",MMDA Road Safety Unit,,1a382463-7e56-4cbb-8d4e-6dc75588cc04,2011-12-02,13:30:00,EDSA Shaw Blvd. Mandaluyong,0,0,0,0,0,0,0,0,0,0,2011-12-02 21:30,Property,14.58725247,121.056641,Rear-End
None,EDSA,None,None,"Unknown, Side Swipe, 0.0 drivers_injured, 0.0 drivers_killed, 0.0 passengers_injured, 0.0 passengers_killed, 0.0 pedestrian_injured, 0.0 pedestrian_killed, Fair (Day), EDSA Ortigas Ave. (EB) Mandaluyong",MMDA Road Safety Unit,,93716cba-efff-4af0-b3be-317b06046403,2011-11-28,01:00:00,EDSA fronting SM Mega Mall Mandaluyong,0,0,0,0,0,0,0,0,0,0,2011-11-28 9:00,Property,14.59327428,121.0582827,Side Swipe
None,EDSA,None,None,"Unknown, Rear-end, 0.0 drivers_injured, 0.0 drivers_killed, 0.0 passengers_injured, 0.0 passengers_killed, 0.0 pedestrian_injured, 0.0 pedestrian_killed, Fair (Day), EDSA Crossing Mandaluyong",MMDA Road Safety Unit,,c1666caf-3c45-4fd9-a34c-c82e02c1af97,2011-11-23,03:30:00,EDSA Reliance St.  Mandaluyong,0,0,0,0,0,0,0,0,0,0,2011-11-23 11:30,Property,14.58212391,121.0540758,Rear-End
None,EDSA,None,None,"Unknown, Angle Impact, 1.0 drivers_injured, 0.0 drivers_killed, 0.0 passengers_injured, 0.0 passengers_killed, 0.0 pedestrian_injured, 0.0 pedestrian_killed, Fair (Day), EDSA Ortigas Ave. (EB) Mandaluyong",MMDA Road Safety Unit,,f3ce0d93-2d8c-4450-94c6-345c717b30c7,2011-11-20,22:30:00,EDSA Julia Vargas Avenue  Mandaluyong,0,0,0,1,0,0,0,0,0,1,2011-11-21 6:30,Injury,14.59327428,121.0582827,Angle Impact
None,EDSA,None,None,"Unknown, Rear-end, 0.0 drivers_injured, 0.0 drivers_killed, 0.0 passengers_injured, 0.0 passengers_killed, 0.0 pedestrian_injured, 0.0 pedestrian_killed, Fair (Day), EDSA Shangrila Hotel Entrance Mandaluyong",MMDA Road Safety Unit,,85b11125-72c3-4461-bdb3-5f0c16a49a18,2011-11-19,03:45:00,EDSA Approaching Boni Avenue Mandaluyong,0,0,0,0,0,0,0,0,0,0,2011-11-19 11:45,Property,14.58223571,121.0544805,Rear-End
None,EDSA,None,None,"Unknown, Rear-end, 0.0 drivers_injured, 0.0 drivers_killed, 0.0 passengers_injured, 0.0 passengers_killed, 0.0 pedestrian_injured, 0.0 pedestrian_killed, Fair (Day), EDSA near SM Megamall Mandaluyong",MMDA Road Safety Unit,,99724b0e-971a-4446-aaa6-efb5265c3b9d,2011-11-05,02:45:00,EDSA after Reliance St. Mandaluyong,0,0,0,0,0,0,0,0,0,0,2011-11-05 10:45,Property,14.58699737,121.0565403,Rear-End
None,EDSA,None,None,"Unknown, Rear-end, 1.0 drivers_injured, 0.0 drivers_killed, 0.0 passengers_injured, 0.0 passengers_killed, 0.0 pedestrian_injured, 0.0 pedestrian_killed, Fair (Night), EDSA fronting Paragon Bldg. Mandaluyong",MMDA Road Safety Unit,,77946247-5e24-4d53-9cca-383872e8616e,2011-10-29,18:30:00,EDSA Approaching Highway 54 Mandaluyong,0,0,0,1,0,0,0,0,0,1,2011-10-30 2:30,Injury,14.57644602,121.0502967,Rear-End
None,EDSA,None,None,"Unknown, Side Swipe, 0.0 drivers_injured, 0.0 drivers_killed, 0.0 passengers_injured, 0.0 passengers_killed, 0.0 pedestrian_injured, 0.0 pedestrian_killed, Fair (Day), EDSA Pinatubo St. Mandaluyong",MMDA Road Safety Unit,,0463b4d4-a82a-437c-910a-4e244600c92d,2011-10-27,02:00:00,EDSA Boni Loading Bay Mandaluyong,0,0,0,0,0,0,0,0,0,0,2011-10-27 10:00,Property,14.57321369,121.0476439,Side Swipe
None,EDSA,None,None,"Unknown, Rear-end, 0.0 drivers_injured, 0.0 drivers_killed, 0.0 passengers_injured, 0.0 passengers_killed, 0.0 pedestrian_injured, 0.0 pedestrian_killed, Fair (Day), EDSA Madison St. Mandaluyong",MMDA Road Safety Unit,,b33fa029-f21e-4089-a3a3-4f572c2416af,2011-10-26,01:00:00,EDSA Approaching MRT Ortigas Station Mandaluyong,0,0,0,0,0,0,0,0,0,0,2011-10-26 9:00,Property,14.57464299,121.0489046,Rear-End
None,EDSA,None,None,"Unknown, Hit Object (No Object Stated), 0.0 drivers_injured, 0.0 drivers_killed, 0.0 passengers_injured, 0.0 passengers_killed, 0.0 pedestrian_injured, 0.0 pedestrian_killed, Fair (Day), EDSA Pioneer Center  Mandaluyong",MMDA Road Safety Unit,,d8259da0-07d2-4708-b9ab-f9421aba3dc2,2011-10-21,07:30:00,EDSA Boni Avenue near Caltex Gas Station Mandaluyong,0,0,0,0,0,0,0,0,0,0,2011-10-21 15:30,Property,14.57236671,121.0472702,Hit Object
None,EDSA,None,None,"Unknown, Side Swipe, 0.0 drivers_injured, 0.0 drivers_killed, 0.0 passengers_injured, 0.0 passengers_killed, 0.0 pedestrian_injured, 0.0 pedestrian_killed, Fair (Day), EDSA Guadix Drive Mandaluyong",MMDA Road Safety Unit,,0769133b-3952-4986-837e-842cad583f69,2011-10-19,08:00:00,EDSA before Mega Mall Loading Bay Mandaluyong,0,0,0,0,0,0,0,0,0,0,2011-10-19 16:00,Property,14.58948577,121.0573946,Side Swipe
None,EDSA,None,None,"Unknown, Angle Impact, 0.0 drivers_injured, 0.0 drivers_killed, 0.0 passengers_injured, 0.0 passengers_killed, 0.0 pedestrian_injured, 0.0 pedestrian_killed, Fair (Day), EDSA Shaw Blvd. Mandaluyong",MMDA Road Safety Unit,,ebd2ddd0-5bd5-478b-ae03-6a5534e496a1,2011-10-18,08:45:00,EDSA Approaching Ortigas MRT Station Mandaluyong,0,0,0,0,0,0,0,0,0,0,2011-10-18 16:45,Property,14.58119822,121.0534578,Angle Impact
None,EDSA,None,None,"Unknown, Hit and Run (No Collision Stated), 0.0 drivers_injured, 0.0 drivers_killed, 0.0 passengers_injured, 0.0 passengers_killed, 0.0 pedestrian_injured, 0.0 pedestrian_killed, Fair (Day), EDSA Crossing (Shaw Blvd) Mandaluyong",MMDA Road Safety Unit,,5f757db8-5644-4805-9cef-d369c9cae8c5,2011-10-08,09:20:00,EDSA Ortigas Avenue Mandaluyong,0,0,0,0,0,0,0,0,0,0,2011-10-08 17:20,Property,14.58212391,121.0540758,No Collision Stated
None,EDSA,None,None,"Unknown, Rear-end, 0.0 drivers_injured, 0.0 drivers_killed, 0.0 passengers_injured, 0.0 passengers_killed, 0.0 pedestrian_injured, 0.0 pedestrian_killed, Fair (Day), EDSA fronting Petron Gas station/ Connecticut Mandaluyong",MMDA Road Safety Unit,,84b084cf-442a-4745-a43d-e23ba18b5c4c,2011-10-01,05:00:00,EDSA fronting Robinson's Place Mandaluyong,0,0,0,0,0,0,0,0,0,0,2011-10-01 13:00,Property,14.60135089,121.0591544,Rear-End
None,EDSA,None,None,"Unknown, Side Swipe, 0.0 drivers_injured, 0.0 drivers_killed, 0.0 passengers_injured, 0.0 passengers_killed, 0.0 pedestrian_injured, 0.0 pedestrian_killed, Fair (Night), EDSA Barangka Drive Mandaluyong",MMDA Road Safety Unit,,6a2d9f04-62ac-4a63-a653-7cd081a59cc4,2011-09-25,21:00:00,EDSA fornting Star Mall  Mandaluyong,0,0,0,0,0,0,0,0,0,0,2011-09-26 5:00,Property,14.57852617,121.0515355,Side Swipe
None,EDSA,None,None,"Unknown, Rear-end, 0.0 drivers_injured, 0.0 drivers_killed, 0.0 passengers_injured, 0.0 passengers_killed, 0.0 pedestrian_injured, 0.0 pedestrian_killed, Fair (Night), EDSA Boni Ave. Mandaluyong",MMDA Road Safety Unit,,67f76bb1-c261-47ee-b4b2-f84a18bfe839,2011-09-24,11:20:00,EDSA Approaching Guadalupe Bridge Mandaluyong,0,0,0,0,0,0,0,0,0,0,2011-09-24 19:20,Property,14.57242918,121.0471629,Rear-End
None,EDSA,None,None,"Unknown, Side Swipe, 0.0 drivers_injured, 0.0 drivers_killed, 0.0 passengers_injured, 0.0 passengers_killed, 0.0 pedestrian_injured, 0.0 pedestrian_killed, Fair (Night), EDSA fronting SM Megamall Mandaluyong",MMDA Road Safety Unit,,3f164b1a-8d63-4601-9a86-fc1cecac4732,2011-09-24,10:45:00,EDSA fronting SM Mega Mall Bldg. A Mandaluyong,0,0,0,0,0,0,0,0,0,0,2011-09-24 18:45,Property,14.58562556,121.0560947,Side Swipe
None,EDSA,None,None,"Unknown, Rear-end, 0.0 drivers_injured, 0.0 drivers_killed, 0.0 passengers_injured, 0.0 passengers_killed, 0.0 pedestrian_injured, 0.0 pedestrian_killed, Fair (Night), EDSA fronting SM Megamall Mandaluyong",MMDA Road Safety Unit,,a7f041b2-cd80-4b8a-9c53-86013fb8bd38,2011-09-23,21:20:00,"EDSA fronting Go Hotel, Pioneer St. Mandaluyong",0,0,0,0,0,0,0,0,0,0,2011-09-24 5:20,Property,14.58562556,121.0560947,Rear-End
None,EDSA,None,None,"Unknown, Rear-end, 1.0 drivers_injured, 0.0 drivers_killed, 0.0 passengers_injured, 0.0 passengers_killed, 0.0 pedestrian_injured, 0.0 pedestrian_killed, Fair (Day), EDSA Shaw Blvd. Mandaluyong",MMDA Road Safety Unit,,d871a2af-ffc6-476d-8365-becce0557237,2011-09-22,02:00:00,EDSA Ortigas Avenue Mandaluyong,0,0,0,1,0,0,0,0,0,1,2011-09-22 10:00,Injury,14.58119822,121.0534578,Rear-End
None,EDSA,None,None,"Unknown, Side Swipe, 0.0 drivers_injured, 0.0 drivers_killed, 0.0 passengers_injured, 0.0 passengers_killed, 0.0 pedestrian_injured, 0.0 pedestrian_killed, Fair (Day), EDSA Shaw Blvd. Mandaluyong",MMDA Road Safety Unit,,58a06595-1398-4760-a04c-3339ab2b2d1b,2011-09-21,04:30:00,EDSA aftewr Highway 54 Bldg. Mandaluyong,0,0,0,0,0,0,0,0,0,0,2011-09-21 12:30,Property,14.58119822,121.0534578,Side Swipe
None,EDSA,None,None,"Unknown, Rear-end, 0.0 drivers_injured, 0.0 drivers_killed, 0.0 passengers_injured, 0.0 passengers_killed, 0.0 pedestrian_injured, 0.0 pedestrian_killed, Fair (Night), EDSA Shaw Blvd. Mandaluyong",MMDA Road Safety Unit,,6c901e15-2300-4416-9ff1-f6283292716b,2011-09-16,12:30:00,EDSA Pioneer St.  Mandaluyong,0,0,0,0,0,0,0,0,0,0,2011-09-16 20:30,Property,14.58119822,121.0534578,Rear-End
None,EDSA,None,None,"Unknown, Angle Impact, 0.0 drivers_injured, 0.0 drivers_killed, 1.0 passengers_injured, 0.0 passengers_killed, 0.0 pedestrian_injured, 0.0 pedestrian_killed, Fair (Day), EDSA Shaw Blvd. Mandaluyong",MMDA Road Safety Unit,,eed22352-997d-4798-a4e1-59aed73073e5,2011-09-15,22:10:00,EDSA fronting Mega Mall Mandaluyong,0,0,0,0,1,0,0,0,0,1,2011-09-16 6:10,Injury,14.58119822,121.0534578,Angle Impact
None,EDSA,None,None,"Unknown, Side Swipe, 0.0 drivers_injured, 0.0 drivers_killed, 0.0 passengers_injured, 0.0 passengers_killed, 0.0 pedestrian_injured, 0.0 pedestrian_killed, Fair (Day), EDSA Exit Shanrila Mandaluyong",MMDA Road Safety Unit,,e44ff31f-2d47-4ea9-a8d4-02929b1fdbe5,2011-09-09,01:00:00,EDSA Approaching Star Mall  Mandaluyong,0,0,0,0,0,0,0,0,0,0,2011-09-09 9:00,Property,14.58292815,121.0549022,Side Swipe
None,EDSA,None,None,"Unknown, Side Swipe, 0.0 drivers_injured, 0.0 drivers_killed, 0.0 passengers_injured, 0.0 passengers_killed, 0.0 pedestrian_injured, 0.0 pedestrian_killed, Fair (Day), EDSA fronting Edsa Central  Mandaluyong",MMDA Road Safety Unit,,d30380ff-2cd1-4d3c-b320-687ee027d090,2011-08-31,04:30:00,EDSA Boni Ave. Mandaluyong,0,0,0,0,0,0,0,0,0,0,2011-08-31 12:30,Property,14.57983371,121.0527084,Side Swipe
None,EDSA,None,None,"Unknown, Side Swipe, 0.0 drivers_injured, 0.0 drivers_killed, 0.0 passengers_injured, 0.0 passengers_killed, 0.0 pedestrian_injured, 0.0 pedestrian_killed, Fair (Day), EDSA Ortigas Ave. Mandaluyong",MMDA Road Safety Unit,,471d98e3-7860-4252-a23d-b2c05aa5acf2,2011-08-29,02:30:00,EDSA before Shaw Blvd. Mandaluyong,0,0,0,0,0,0,0,0,0,0,2011-08-29 10:30,Property,14.59305232,121.0585643,Side Swipe
None,EDSA,None,None,"Unknown, Side Swipe, 0.0 drivers_injured, 0.0 drivers_killed, 0.0 passengers_injured, 0.0 passengers_killed, 0.0 pedestrian_injured, 0.0 pedestrian_killed, Fair (Night), EDSA Entrance Lobby Shangrila Hotel Mandaluyong",MMDA Road Safety Unit,,b9130d03-0b15-4e00-b525-299ed7ce8181,2011-08-27,13:00:00,EDSA fronting SM Megamall Mandaluyong,0,0,0,0,0,0,0,0,0,0,2011-08-27 21:00,Property,14.58213931,121.0544485,Side Swipe
None,EDSA,None,None,"Unknown, Rear-end, 0.0 drivers_injured, 0.0 drivers_killed, 0.0 passengers_injured, 0.0 passengers_killed, 0.0 pedestrian_injured, 0.0 pedestrian_killed, Fair (Day), EDSA Libertad St. Mandaluyong",MMDA Road Safety Unit,,78f30b83-e43e-43fb-b82c-9f4fe0207807,2011-08-24,02:00:00,EDSA MRT-Ortigas Station Mandaluyong,0,0,0,0,0,0,0,0,0,0,2011-08-24 10:00,Property,14.57859094,121.0516172,Rear-End
None,EDSA,None,None,"Unknown, Side Swipe, 0.0 drivers_injured, 0.0 drivers_killed, 0.0 passengers_injured, 0.0 passengers_killed, 0.0 pedestrian_injured, 0.0 pedestrian_killed, Fair (Day), EDSA Libertad St. Mandaluyong",MMDA Road Safety Unit,,e86ef047-3b7e-44d5-b55f-d500d3c7bd2a,2011-08-19,23:00:00,"EDSA fronting POEA, at Ortigas Loading Bay Mandaluyong",0,0,0,0,0,0,0,0,0,0,2011-08-20 7:00,Property,14.57859094,121.0516172,Side Swipe
None,EDSA,None,None,"Unknown, Angle Impact, 0.0 drivers_injured, 0.0 drivers_killed, 0.0 passengers_injured, 0.0 passengers_killed, 0.0 pedestrian_injured, 0.0 pedestrian_killed, Fair (Night), EDSA Approaching Robinson Galleria Mandaluyong",MMDA Road Safety Unit,,576460b1-7f67-4cc6-8708-945b26db216e,2011-08-15,11:00:00,"EDSA at ""U"" turn slot, Ortigas  Mandaluyong",0,0,0,0,0,0,0,0,0,0,2011-08-15 19:00,Property,14.5910922,121.0579069,Angle Impact
None,EDSA,None,None,"Unknown, Rear-end, 0.0 drivers_injured, 0.0 drivers_killed, 0.0 passengers_injured, 0.0 passengers_killed, 0.0 pedestrian_injured, 0.0 pedestrian_killed, Fair (Day), EDSA Approaching Star Mall Mandaluyong",MMDA Road Safety Unit,,bb94501b-ca36-4c6d-8143-07c5eb152f92,2011-08-15,09:00:00,EDSA Boni Ave. Mandaluyong,0,0,0,0,0,0,0,0,0,0,2011-08-15 17:00,Property,14.58327937,121.054751,Rear-End
None,EDSA,None,None,"Unknown, Side Swipe, 0.0 drivers_injured, 0.0 drivers_killed, 0.0 passengers_injured, 0.0 passengers_killed, 0.0 pedestrian_injured, 0.0 pedestrian_killed, Fair (Day), EDSA after Pioneer St. Mandaluyong",MMDA Road Safety Unit,,e9ed34b7-82f3-42f1-a932-f0e1c5fa33ec,2011-08-01,09:45:00,EDSA approaching MRT-Ortigas Station Mandaluyong,0,0,0,0,0,0,0,0,0,0,2011-08-01 17:45,Property,14.5727688,121.047603,Side Swipe