LOCATION_TEXT,ROAD,WEATHER,LIGHT,DESC,REPORTING_AGENCY,MAIN_CAUSE,INCIDENTDETAILS_ID,DATE_UTC,TIME_UTC,ADDRESS,killed_driver,killed_passenger,killed_pedestrian,injured_driver,injured_passenger,injured_pedestrian,killed_uncategorized,injured_uncategorized,killed_total,injured_total,DATETIME_PST,SEVERITY,Y,X,COLLISION_TYPE
None,EDSA,None,None,"Unknown, Angle Impact, 0.0 drivers_injured, 0.0 drivers_killed, 0.0 passengers_injured, 0.0 passengers_killed, 0.0 pedestrian_injured, 0.0 pedestrian_killed, Fair (Day), EDSA fornting Star Mall  Mandaluyong",MMDA Road Safety Unit,,af4c01c4-9352-498b-83c7-9a8eaf991068,2011-07-31,07:30:00,EDSA fronting Highway 54  Mandaluyong,0,0,0,0,0,0,0,0,0,0,2011-07-31 15:30,Property,14.5822494,121.0542007,Angle Impact
None,EDSA,None,None,"Unknown, Rear-end, 0.0 drivers_injured, 0.0 drivers_killed, 0.0 passengers_injured, 0.0 passengers_killed, 0.0 pedestrian_injured, 0.0 pedestrian_killed, Fair (Day), EDSA fronting Ortigas MRT Station Mandaluyong",MMDA Road Safety Unit,,63ad977c-09a9-41b3-a93d-cf79ef0be606,2011-07-31,06:40:00,EDSA fronting SM Megamall Mandaluyong,0,0,0,0,0,0,0,0,0,0,2011-07-31 14:40,Property,14.5877229,121.0567092,Rear-End
None,EDSA,None,None,"Unknown, Side Swipe, 0.0 drivers_injured, 0.0 drivers_killed, 0.0 passengers_injured, 0.0 passengers_killed, 0.0 pedestrian_injured, 0.0 pedestrian_killed, Fair (Day), EDSA Shaw Blvd. Mandaluyong",MMDA Road Safety Unit,,a9fe1522-7e86-488d-9cd1-b66667b8b1ba,2011-07-29,08:40:00,EDSA Boni / Malamig Mandaluyong,0,0,0,0,0,0,0,0,0,0,2011-07-29 16:40,Property,14.58119822,121.0534578,Side Swipe
None,EDSA,None,None,"Unknown, Rear-end, 0.0 drivers_injured, 0.0 drivers_killed, 0.0 passengers_injured, 0.0 passengers_killed, 0.0 pedestrian_injured, 0.0 pedestrian_killed, Fair (Night), EDSA Across Kalayaan Ave. / Sjell gas Stn. Mandaluyong",MMDA Road Safety Unit,,527fcad9-ca9a-4df0-8423-ad07597f9ab9,2011-07-27,11:05:00,EDSA approaching Robinson's Place-Pioneer Mandaluyong,0,0,0,0,0,0,0,0,0,0,2011-07-27 19:05,Property,14.56020651,121.0413051,Rear-End
None,EDSA,None,None,"Unknown, Angle Impact, 0.0 drivers_injured, 0.0 drivers_killed, 0.0 passengers_injured, 0.0 passengers_killed, 0.0 pedestrian_injured, 0.0 pedestrian_killed, Fair (Day), EDSA Ortigas Ave. Mandaluyong",MMDA Road Safety Unit,,ea98dd40-a361-4242-b75e-76701212d0fb,2011-07-27,07:00:00,EDSA Reliance St. Mandaluyong,0,0,0,0,0,0,0,0,0,0,2011-07-27 15:00,Property,14.59305232,121.0585643,Angle Impact
None,EDSA,None,None,"Unknown, Angle Impact, 0.0 drivers_injured, 0.0 drivers_killed, 0.0 passengers_injured, 0.0 passengers_killed, 0.0 pedestrian_injured, 0.0 pedestrian_killed, Fair (Day), EDSA Bet. Shell Gas Stn & Polymedic Hosp. Mandaluyong",MMDA Road Safety Unit,,b39d38fb-4882-4b18-a087-ce76f8f9d079,2011-07-27,04:20:00,EDSA Libertad St. Mandaluyong,0,0,0,0,0,0,0,0,0,0,2011-07-27 12:20,Property,14.57712711,121.0504839,Angle Impact
None,EDSA,None,None,"Unknown, Side Swipe, 0.0 drivers_injured, 0.0 drivers_killed, 0.0 passengers_injured, 0.0 passengers_killed, 0.0 pedestrian_injured, 0.0 pedestrian_killed, Fair (Day), EDSA after Boni MRT Station Mandaluyong",MMDA Road Safety Unit,,36034119-b08e-4e8e-bf43-95591f4e08e5,2011-07-27,00:30:00,EDSA fronting SM Megamall Mandaluyong,0,0,0,0,0,0,0,0,0,0,2011-07-27 8:30,Property,14.57346838,121.0477711,Side Swipe
None,EDSA,None,None,"Unknown, Side Swipe, 0.0 drivers_injured, 0.0 drivers_killed, 0.0 passengers_injured, 0.0 passengers_killed, 0.0 pedestrian_injured, 0.0 pedestrian_killed, Fair (Night), EDSA fronting Overseas Hardware Mandaluyong",MMDA Road Safety Unit,,6af5d38e-3b9d-498f-bc7b-a1c9578476fc,2011-07-24,20:30:00,EDSA approaching Shaw Blvd. Mandaluyong,0,0,0,0,0,0,0,0,0,0,2011-07-25 4:30,Property,14.57786335,121.0510503,Side Swipe
None,EDSA,None,None,"Unknown, Side Swipe, 0.0 drivers_injured, 0.0 drivers_killed, 0.0 passengers_injured, 0.0 passengers_killed, 0.0 pedestrian_injured, 0.0 pedestrian_killed, Fair (Day), EDSA Approaching Boni MRT Station Mandaluyong",MMDA Road Safety Unit,,7fb35b62-51e0-43a9-9222-142b544664b8,2011-07-16,05:00:00,EDSA Apo St.  Mandaluyong,0,0,0,0,0,0,0,0,0,0,2011-07-16 13:00,Property,14.57393119,121.0480752,Side Swipe
None,EDSA,None,None,"Unknown, Rear-end, 0.0 drivers_injured, 0.0 drivers_killed, 0.0 passengers_injured, 0.0 passengers_killed, 0.0 pedestrian_injured, 0.0 pedestrian_killed, Fair (Night), EDSA Approaching G.A. Tower  Mandaluyong",MMDA Road Safety Unit,,e9c38e48-78d8-447c-b7c9-e87cc9185422,2011-07-15,11:30:00,EDSA Ortigas Ave. Mandaluyong,0,0,0,0,0,0,0,0,0,0,2011-07-15 19:30,Property,14.57443528,121.048455,Rear-End
None,EDSA,None,None,"Unknown, Rear-end, 0.0 drivers_injured, 0.0 drivers_killed, 0.0 passengers_injured, 0.0 passengers_killed, 0.0 pedestrian_injured, 0.0 pedestrian_killed, Fair (Day), EDSA fronting Professional Tower Boni Ave. Mandaluyong",MMDA Road Safety Unit,,9d4430e0-3645-4132-8de1-40a80c7a08bd,2011-07-13,01:00:00,EDSA Reliance St. Mandaluyong,0,0,0,0,0,0,0,0,0,0,2011-07-13 9:00,Property,14.57223434,121.0470365,Rear-End
None,EDSA,None,None,"Unknown, Hit and Run (No Collision Stated), 0.0 drivers_injured, 0.0 drivers_killed, 0.0 passengers_injured, 0.0 passengers_killed, 0.0 pedestrian_injured, 0.0 pedestrian_killed, Fair (Night), EDSA fronting SM Megamall Mandaluyong",MMDA Road Safety Unit,,43a2e2e3-381c-4cf1-87c0-d2d2dcd30548,2011-07-11,18:30:00,EDSA Reliance St. Mandaluyong,0,0,0,0,0,0,0,0,0,0,2011-07-12 2:30,Property,14.58562556,121.0560947,No Collision Stated
None,EDSA,None,None,"Unknown, Angle Impact, 0.0 drivers_injured, 0.0 drivers_killed, 0.0 passengers_injured, 0.0 passengers_killed, 0.0 pedestrian_injured, 0.0 pedestrian_killed, Fair (Day), EDSA Guadix Drive Mandaluyong",MMDA Road Safety Unit,,54f8c88c-9649-46bd-aaf9-d948f1146b0f,2011-07-07,06:30:00,"EDSA  fronting Starmall, Bgy. Dapitan Mandaluyong",0,0,0,0,0,0,0,0,0,0,2011-07-07 14:30,Property,14.58948577,121.0573946,Angle Impact
None,EDSA,None,None,"Unknown, Hit and Run (No Collision Stated), 0.0 drivers_injured, 0.0 drivers_killed, 0.0 passengers_injured, 0.0 passengers_killed, 0.0 pedestrian_injured, 0.0 pedestrian_killed, Fair (Day), EDSA fronting Shangrila Hotel Mandaluyong",MMDA Road Safety Unit,,5c4db2d3-66a7-4b81-8631-c9ab1cb93207,2011-07-07,00:00:00,EDSA fronting Shangri-La Plaza Mandaluyong,0,0,0,0,0,0,0,0,0,0,2011-07-07 8:00,Property,14.5825601,121.0547716,No Collision Stated
None,EDSA,None,None,"Unknown, Side Swipe, 0.0 drivers_injured, 0.0 drivers_killed, 0.0 passengers_injured, 0.0 passengers_killed, 0.0 pedestrian_injured, 0.0 pedestrian_killed, Fair (Day), EDSA fronting Go Hotel  Mandaluyong",MMDA Road Safety Unit,,23170bb1-9af3-486e-ad6d-14f29cef1874,2011-07-06,09:15:00,EDSA after Pioneer St. Mandaluyong,0,0,0,0,0,0,0,0,0,0,2011-07-06 17:15,Property,14.57004556,121.0464756,Side Swipe
None,EDSA,None,None,"Unknown, Side Swipe, 0.0 drivers_injured, 0.0 drivers_killed, 0.0 passengers_injured, 0.0 passengers_killed, 0.0 pedestrian_injured, 0.0 pedestrian_killed, Fair (Day), EDSA Robinson Galleria Exit Driveway Mandaluyong",MMDA Road Safety Unit,,4ed571d1-04f2-4141-86c0-83ba088bcfda,2011-07-06,05:35:00,EDSA before Shaw Blvd.  Mandaluyong,0,0,0,0,0,0,0,0,0,0,2011-07-06 13:35,Property,14.59234408,121.0583179,Side Swipe
None,EDSA,None,None,"Unknown, Rear-end, 0.0 drivers_injured, 0.0 drivers_killed, 0.0 passengers_injured, 0.0 passengers_killed, 0.0 pedestrian_injured, 0.0 pedestrian_killed, Fair (Day), EDSA fronting Mega Mall  Mandaluyong",MMDA Road Safety Unit,,68c67168-07de-40c0-a40c-5b0e877fd010,2011-07-05,08:45:00,EDSA Shaw Blvd. Mandaluyong,0,0,0,0,0,0,0,0,0,0,2011-07-05 16:45,Property,14.58551719,121.0560475,Rear-End
None,EDSA,None,None,"Unknown, Rear-end, 0.0 drivers_injured, 0.0 drivers_killed, 0.0 passengers_injured, 0.0 passengers_killed, 0.0 pedestrian_injured, 0.0 pedestrian_killed, Fair (Day), EDSA fronting GO Hotel  Mandaluyong",MMDA Road Safety Unit,,ec845724-a57d-4efc-8e65-70095e0b50d6,2011-07-03,09:10:00,EDSA Ortigas Ave. Mandaluyong,0,0,0,0,0,0,0,0,0,0,2011-07-03 17:10,Property,14.57004556,121.0464756,Rear-End
None,EDSA,None,None,"Unknown, Rear-end, 1.0 drivers_injured, 0.0 drivers_killed, 0.0 passengers_injured, 0.0 passengers_killed, 0.0 pedestrian_injured, 0.0 pedestrian_killed, Fair (Day), EDSA fronting Go Hotel  Mandaluyong",MMDA Road Safety Unit,,24c920df-1b30-48df-b4f1-6f7fcbe4edbb,2011-07-03,09:10:00,EDSA Shaw Blvd. Mandaluyong,0,0,0,1,0,0,0,0,0,1,2011-07-03 17:10,Injury,14.57004556,121.0464756,Rear-End
None,EDSA,None,None,"Unknown, Rear-end, 0.0 drivers_injured, 0.0 drivers_killed, 0.0 passengers_injured, 0.0 passengers_killed, 0.0 pedestrian_injured, 0.0 pedestrian_killed, Fair (Day), EDSA Pinatubo St.  Mandaluyong",MMDA Road Safety Unit,,0635cd64-2023-4c6c-b15e-306c66f3bdb8,2011-07-01,04:00:00,EDSA  after MRT-Boni Station Mandaluyong,0,0,0,0,0,0,0,0,0,0,2011-07-01 12:00,Property,14.57321369,121.0476439,Rear-End
None,EDSA,None,None,"Unknown, Side Swipe, 0.0 drivers_injured, 0.0 drivers_killed, 0.0 passengers_injured, 0.0 passengers_killed, 0.0 pedestrian_injured, 0.0 pedestrian_killed, Fair (Night), EDSA after Ricoa factory Mandaluyong",MMDA Road Safety Unit,,210ad59f-9800-4fa1-93b7-85084e306931,2011-06-30,10:15:00,"EDSA fronting Highway 54, Shaw Blvd. Mandaluyong",0,0,0,0,0,0,0,0,0,0,2011-06-30 18:15,Property,14.57670189,121.0504481,Side Swipe
None,EDSA,None,None,"Unknown, Side Swipe, 0.0 drivers_injured, 0.0 drivers_killed, 0.0 passengers_injured, 0.0 passengers_killed, 0.0 pedestrian_injured, 0.0 pedestrian_killed, Fair (Day), EDSA Ortigas Ave. Mandaluyong",MMDA Road Safety Unit,,9ca4d28c-bc8f-4d4b-b96a-8c56dc9f5e1d,2011-06-29,06:40:00,EDSA fronting Robinson's Place  Mandaluyong,0,0,0,0,0,0,0,0,0,0,2011-06-29 14:40,Property,14.59305232,121.0585643,Side Swipe
None,EDSA,None,None,"Unknown, Side Swipe, 0.0 drivers_injured, 0.0 drivers_killed, 0.0 passengers_injured, 0.0 passengers_killed, 0.0 pedestrian_injured, 0.0 pedestrian_killed, Fair (Day), EDSA Ortigas MRT Station  Mandaluyong",MMDA Road Safety Unit,,6d12168c-814d-4b3c-8409-47643fbc127e,2011-06-27,01:50:00,EDSA fronting Robinson's Place  Mandaluyong,0,0,0,0,0,0,0,0,0,0,2011-06-27 9:50,Property,14.58789302,121.0566024,Side Swipe
None,EDSA,None,None,"Human Error, Self-Accident, 0.0 drivers_injured, 0.0 drivers_killed, 0.0 passengers_injured, 0.0 passengers_killed, 0.0 pedestrian_injured, 0.0 pedestrian_killed, Rain (Day), EDSA near Ortigas Ave. Mandaluyong",MMDA Road Safety Unit,,f72e8dec-c151-438d-b2ef-286dd651a5be,2011-06-23,03:00:00,EDSA fronting Starmall Mandaluyong,0,0,0,0,0,0,0,0,0,0,2011-06-23 11:00,Property,14.5931221,121.0583126,Self-Accident
None,EDSA,None,None,"Unknown, Side Swipe, 0.0 drivers_injured, 0.0 drivers_killed, 0.0 passengers_injured, 0.0 passengers_killed, 0.0 pedestrian_injured, 0.0 pedestrian_killed, Rain (Day), EDSA Guadix Drive Mandaluyong",MMDA Road Safety Unit,,cafb4cc7-046f-4507-a010-471dcdaa1045,2011-06-21,02:30:00,EDSA approaching EDSA Central Mandaluyong,0,0,0,0,0,0,0,0,0,0,2011-06-21 10:30,Property,14.58948577,121.0573946,Side Swipe
None,EDSA,None,None,"Unknown, Rear-end, 0.0 drivers_injured, 0.0 drivers_killed, 0.0 passengers_injured, 0.0 passengers_killed, 0.0 pedestrian_injured, 0.0 pedestrian_killed, Fair (Day), EDSA before VRP Medical Center Mandaluyong",MMDA Road Safety Unit,,dbc6391d-4927-4ffd-87de-7cf59a69be03,2011-06-20,03:30:00,EDSA fronting Highway 54 Bldg. Mandaluyong,0,0,0,0,0,0,0,0,0,0,2011-06-20 11:30,Property,14.57699518,121.0503688,Rear-End
None,EDSA,None,None,"Unknown, Angle Impact, 0.0 drivers_injured, 0.0 drivers_killed, 0.0 passengers_injured, 0.0 passengers_killed, 0.0 pedestrian_injured, 0.0 pedestrian_killed, Fair (Day), EDSA Shaw Blvd. Mandaluyong",MMDA Road Safety Unit,,be483258-027f-433b-ab36-e445833b7f07,2011-06-18,04:30:00,EDSA Ortigas Ave. Mandaluyong,0,0,0,0,0,0,0,0,0,0,2011-06-18 12:30,Property,14.58119822,121.0534578,Angle Impact
None,EDSA,None,None,"Unknown, Rear-end, 0.0 drivers_injured, 0.0 drivers_killed, 0.0 passengers_injured, 0.0 passengers_killed, 0.0 pedestrian_injured, 0.0 pedestrian_killed, Fair (Day), EDSA fronting MRT-Ortigas Station Mandaluyong",MMDA Road Safety Unit,,00553e55-99dc-4aba-95da-2d53409f29d2,2011-06-17,07:00:00,"EDSA fronting Starmall, Bgy. Addition Hills Mandaluyong",0,0,0,0,0,0,0,0,0,0,2011-06-17 15:00,Property,14.5878198,121.0566584,Rear-End
None,EDSA,None,None,"Unknown, Side Swipe, 0.0 drivers_injured, 0.0 drivers_killed, 0.0 passengers_injured, 0.0 passengers_killed, 0.0 pedestrian_injured, 0.0 pedestrian_killed, Fair (Night), EDSA fronting Highway 54 Bldg. Mandaluyong",MMDA Road Safety Unit,,38363fa9-ff68-47d5-9020-0df886302cef,2011-06-16,11:15:00,EDSA approaching MRT-Boni Station Mandaluyong,0,0,0,0,0,0,0,0,0,0,2011-06-16 19:15,Property,14.58501685,121.0556077,Side Swipe
None,EDSA,None,None,"Unknown, Side Swipe, 0.0 drivers_injured, 0.0 drivers_killed, 0.0 passengers_injured, 0.0 passengers_killed, 0.0 pedestrian_injured, 0.0 pedestrian_killed, Fair (Day), EDSA fronting ADB Road / Guadix Mandaluyong",MMDA Road Safety Unit,,0741b2e6-ccde-4ce5-ab33-af119cad235b,2011-06-16,09:20:00,"EDSA fronting Starmall, Bgy. Addition Hills Mandaluyong",0,0,0,0,0,0,0,0,0,0,2011-06-16 17:20,Property,14.58937349,121.0573791,Side Swipe
None,EDSA,None,None,"Unknown, Rear-end, 0.0 drivers_injured, 0.0 drivers_killed, 0.0 passengers_injured, 0.0 passengers_killed, 0.0 pedestrian_injured, 0.0 pedestrian_killed, Fair (Day), EDSA before MRT-Boni Station Mandaluyong",MMDA Road Safety Unit,,b313994b-8e75-4010-94cd-0dd48bbbf6d5,2011-06-15,06:30:00,EDSA Ortigas Ave. Mandaluyong,0,0,0,0,0,0,0,0,0,0,2011-06-15 14:30,Property,14.573549,121.0479767,Rear-End
None,EDSA,None,None,"Unknown, Rear-end, 0.0 drivers_injured, 0.0 drivers_killed, 0.0 passengers_injured, 0.0 passengers_killed, 0.0 pedestrian_injured, 0.0 pedestrian_killed, Fair (Day), EDSA Ortigas Ave. Mandaluyong",MMDA Road Safety Unit,,076a8c7b-bdf3-4058-a4b8-ce2bdf0e6934,2011-06-14,23:30:00,EDSA fronting Starmall Mandaluyong,0,0,0,0,0,0,0,0,0,0,2011-06-15 7:30,Property,14.59305232,121.0585643,Rear-End
None,EDSA,None,None,"Unknown, Side Swipe, 0.0 drivers_injured, 0.0 drivers_killed, 0.0 passengers_injured, 0.0 passengers_killed, 0.0 pedestrian_injured, 0.0 pedestrian_killed, Fair (Day), EDSA fronting POEA Mandaluyong",MMDA Road Safety Unit,,db8263d5-d659-4892-83aa-76594e096f36,2011-06-13,01:00:00,EDSA Shaw Blvd.  Mandaluyong,0,0,0,0,0,0,0,0,0,0,2011-06-13 9:00,Property,14.59323247,121.0581387,Side Swipe
None,EDSA,None,None,"Unknown, Rear-end, 0.0 drivers_injured, 0.0 drivers_killed, 0.0 passengers_injured, 0.0 passengers_killed, 0.0 pedestrian_injured, 0.0 pedestrian_killed, Fair (Night), EDSA fronting Go Hotel Reliance Mandaluyong",MMDA Road Safety Unit,,423ee132-ef69-41f0-9333-0ff179661884,2011-06-08,11:30:00,EDSA fronting Polymedic  Mandaluyong,0,0,0,0,0,0,0,0,0,0,2011-06-08 19:30,Property,14.57004556,121.0464756,Rear-End
None,EDSA,None,None,"Unknown, Rear-end, 0.0 drivers_injured, 0.0 drivers_killed, 0.0 passengers_injured, 0.0 passengers_killed, 0.0 pedestrian_injured, 0.0 pedestrian_killed, Fair (Day), EDSA before G.A. Tower  Mandaluyong",MMDA Road Safety Unit,,03830be1-6bd8-4725-9f78-2a4d25e907b3,2011-06-08,09:30:00,"EDSA before Shaw Blvd., fronting EDSA Central Mandaluyong",0,0,0,0,0,0,0,0,0,0,2011-06-08 17:30,Property,14.5741247,121.0482347,Rear-End
None,EDSA,None,None,"Unknown, Side Swipe, 0.0 drivers_injured, 0.0 drivers_killed, 0.0 passengers_injured, 0.0 passengers_killed, 0.0 pedestrian_injured, 0.0 pedestrian_killed, Fair (Day), EDSA fronting Petron Gas Station, after Pinatubo St. Mandaluyong",MMDA Road Safety Unit,,24bbdc5c-1bbf-499e-a35b-100184ea6204,2011-06-08,09:15:00,EDSA fronting Shangri-La  Mandaluyong,0,0,0,0,0,0,0,0,0,0,2011-06-08 17:15,Property,14.57644408,121.0500636,Side Swipe
None,EDSA,None,None,"Unknown, Side Swipe, 0.0 drivers_injured, 0.0 drivers_killed, 0.0 passengers_injured, 0.0 passengers_killed, 0.0 pedestrian_injured, 0.0 pedestrian_killed, Fair (Day), EDSA Shaw Blvd. Mandaluyong",MMDA Road Safety Unit,,000a4469-e39b-487c-a392-ae7b67dbd82b,2011-06-07,07:45:00,EDSA fronting Go Hotel  Mandaluyong,0,0,0,0,0,0,0,0,0,0,2011-06-07 15:45,Property,14.58119822,121.0534578,Side Swipe
None,EDSA,None,None,"Unknown, Rear-end, 0.0 drivers_injured, 0.0 drivers_killed, 0.0 passengers_injured, 0.0 passengers_killed, 0.0 pedestrian_injured, 0.0 pedestrian_killed, Fair (Day), EDSA before Highway 54 Bldg. Mandaluyong",MMDA Road Safety Unit,,4b7e06e3-f4f1-47b9-82db-9e0598cc217c,2011-06-04,06:40:00,EDSA Pinatubo St. Mandaluyong,0,0,0,0,0,0,0,0,0,0,2011-06-04 14:40,Property,14.58544896,121.0557048,Rear-End
None,EDSA,None,None,"Unknown, Side Swipe, 0.0 drivers_injured, 0.0 drivers_killed, 0.0 passengers_injured, 0.0 passengers_killed, 0.0 pedestrian_injured, 0.0 pedestrian_killed, Fair (Day), EDSA Guadix Drive Mandaluyong",MMDA Road Safety Unit,,ceb19f30-31ac-4705-afdf-c509dba16e44,2011-06-03,09:10:00,EDSA Shaw Blvd. Mandaluyong,0,0,0,0,0,0,0,0,0,0,2011-06-03 17:10,Property,14.58948577,121.0573946,Side Swipe
None,EDSA,None,None,"Unknown, Side Swipe, 0.0 drivers_injured, 0.0 drivers_killed, 0.0 passengers_injured, 0.0 passengers_killed, 0.0 pedestrian_injured, 0.0 pedestrian_killed, Fair (Day), EDSA fronting Star Mall  Mandaluyong",MMDA Road Safety Unit,,04cc9d1e-68a2-4b02-bc5e-6a8a50c8a474,2011-06-02,08:30:00,EDSA Approaching Madison St. Mandaluyong,0,0,0,0,0,0,0,0,0,0,2011-06-02 16:30,Property,14.5820399,121.0540545,Side Swipe
None,EDSA,None,None,"Unknown, Side Swipe, 0.0 drivers_injured, 0.0 drivers_killed, 0.0 passengers_injured, 0.0 passengers_killed, 0.0 pedestrian_injured, 0.0 pedestrian_killed, Fair (Day), EDSA before Robinson's Galleria Mandaluyong",MMDA Road Safety Unit,,b8fce51b-0b85-43b3-bbb4-002da80389ad,2011-06-01,03:00:00,EDSA fronting Go Hotel Mandaluyong,0,0,0,0,0,0,0,0,0,0,2011-06-01 11:00,Property,14.59116572,121.0579987,Side Swipe
None,EDSA,None,None,"Unknown, Angle Impact, 0.0 drivers_injured, 0.0 drivers_killed, 0.0 passengers_injured, 0.0 passengers_killed, 0.0 pedestrian_injured, 0.0 pedestrian_killed, Fair (Day), EDSA Shaw Blvd. Mandaluyong",MMDA Road Safety Unit,,6f4b05e8-4757-4bf4-afb1-73b61c77418b,2011-05-27,22:30:00,EDSA after Total gas Station Mandaluyong,0,0,0,0,0,0,0,0,0,0,2011-05-28 6:30,Property,14.58119822,121.0534578,Angle Impact
None,EDSA,None,None,"Unknown, Side Swipe, 0.0 drivers_injured, 0.0 drivers_killed, 0.0 passengers_injured, 0.0 passengers_killed, 0.0 pedestrian_injured, 0.0 pedestrian_killed, Fair (Day), EDSA after Libertad St. Mandaluyong",MMDA Road Safety Unit,,6c6f1a2f-8b40-447e-9b43-9c185adc7e5e,2011-05-19,06:30:00,EDSA Approaching Guadix Mandaluyong,0,0,0,0,0,0,0,0,0,0,2011-05-19 14:30,Property,14.5781669,121.0512258,Side Swipe
None,EDSA,None,None,"Unknown, Side Swipe, 0.0 drivers_injured, 0.0 drivers_killed, 0.0 passengers_injured, 0.0 passengers_killed, 0.0 pedestrian_injured, 0.0 pedestrian_killed, Fair (Day), EDSA Madison Mandaluyong",MMDA Road Safety Unit,,c5dc432d-73f7-42bc-9f24-18070dcaa7c6,2011-05-17,09:00:00,EDSA fronting mRT Station / Ortigas Mandaluyong,0,0,0,0,0,0,0,0,0,0,2011-05-17 17:00,Property,14.57464299,121.0489046,Side Swipe
None,EDSA,None,None,"Unknown, Rear-end, 0.0 drivers_injured, 0.0 drivers_killed, 0.0 passengers_injured, 0.0 passengers_killed, 0.0 pedestrian_injured, 0.0 pedestrian_killed, Fair (Day), EDSA before VRP Medical Center Mandaluyong",MMDA Road Safety Unit,,629b76cc-759c-45c0-a189-0b50fa511c9a,2011-05-17,00:30:00,EDSA fronting MRT Station Ortigas  Mandaluyong,0,0,0,0,0,0,0,0,0,0,2011-05-17 8:30,Property,14.57699518,121.0503688,Rear-End
None,EDSA,None,None,"Unknown, Side Swipe, 0.0 drivers_injured, 0.0 drivers_killed, 0.0 passengers_injured, 0.0 passengers_killed, 0.0 pedestrian_injured, 0.0 pedestrian_killed, Fair (Day), EDSA fronting Boni MRT Station Mandaluyong",MMDA Road Safety Unit,,4dc2bb32-2dc9-4133-b9d3-7c583b7be1fc,2011-05-17,00:00:00,EDSA Approaching Libertad St. Mandaluyong,0,0,0,0,0,0,0,0,0,0,2011-05-17 8:00,Property,14.5736753,121.04814,Side Swipe
None,EDSA,None,None,"Unknown, Angle Impact, 0.0 drivers_injured, 0.0 drivers_killed, 0.0 passengers_injured, 0.0 passengers_killed, 0.0 pedestrian_injured, 0.0 pedestrian_killed, Fair (Day), EDSA Shaw Blvd. Mandaluyong",MMDA Road Safety Unit,,54ff8fa1-6e23-430a-9228-a4148ab172af,2011-05-15,01:35:00,EDSA Shaw Blvd Mandaluyong,0,0,0,0,0,0,0,0,0,0,2011-05-15 9:35,Property,14.58119822,121.0534578,Angle Impact
None,EDSA,None,None,"Unknown, Side Swipe, 0.0 drivers_injured, 0.0 drivers_killed, 0.0 passengers_injured, 0.0 passengers_killed, 0.0 pedestrian_injured, 0.0 pedestrian_killed, Fair (Day), EDSA Julia Vargas Avenue Mandaluyong",MMDA Road Safety Unit,,37d61c96-efa1-43ba-99d6-36c57da073bc,2011-05-14,07:20:00,EDSA Approaching Guadalupe Bridge Mandaluyong,0,0,0,0,0,0,0,0,0,0,2011-05-14 15:20,Property,14.58458553,121.0557595,Side Swipe
None,EDSA,None,None,"Unknown, Angle Impact, 0.0 drivers_injured, 0.0 drivers_killed, 0.0 passengers_injured, 0.0 passengers_killed, 0.0 pedestrian_injured, 0.0 pedestrian_killed, Fair (Night), EDSA fronting SM Megamall Mandaluyong",MMDA Road Safety Unit,,829ae1ba-0abe-40ab-adcb-525ad66c7eac,2011-05-12,11:00:00,EDSA Connecticut St. Mandaluyong,0,0,0,0,0,0,0,0,0,0,2011-05-12 19:00,Property,14.58562556,121.0560947,Angle Impact
None,EDSA,None,None,"Unknown, Side Swipe, 0.0 drivers_injured, 0.0 drivers_killed, 0.0 passengers_injured, 0.0 passengers_killed, 0.0 pedestrian_injured, 0.0 pedestrian_killed, Fair (Day), EDSA Poveda St. Mandaluyong",MMDA Road Safety Unit,,8ae9e839-6d61-4fab-abb2-025ce8c7e442,2011-05-11,07:25:00,EDSA after Shaw Blvd.  Mandaluyong,0,0,0,0,0,0,0,0,0,0,2011-05-11 15:25,Property,14.5899353,121.0575058,Side Swipe
None,EDSA,None,None,"Unknown, Side Swipe, 0.0 drivers_injured, 0.0 drivers_killed, 0.0 passengers_injured, 0.0 passengers_killed, 0.0 pedestrian_injured, 0.0 pedestrian_killed, Fair (Night), EDSA Shaw Blvd. (EB) Mandaluyong",MMDA Road Safety Unit,,76892837-0c65-4689-bab6-70340688ea07,2011-05-10,12:05:00,EDSA Shaw Blvd. Mandaluyong,0,0,0,0,0,0,0,0,0,0,2011-05-10 20:05,Property,14.58119822,121.0534578,Side Swipe
None,EDSA,None,None,"Unknown, Angle Impact, 0.0 drivers_injured, 0.0 drivers_killed, 0.0 passengers_injured, 0.0 passengers_killed, 0.0 pedestrian_injured, 0.0 pedestrian_killed, Fair (Day), EDSA Shaw Blvd. Mandaluyong",MMDA Road Safety Unit,,5f92d0e0-4126-488a-aafa-fbce50be4d84,2011-05-10,07:30:00,EDSA after Boni Avenue Mandaluyong,0,0,0,0,0,0,0,0,0,0,2011-05-10 15:30,Property,14.58119822,121.0534578,Angle Impact
None,EDSA,None,None,"Unknown, Rear-end, 0.0 drivers_injured, 0.0 drivers_killed, 0.0 passengers_injured, 0.0 passengers_killed, 0.0 pedestrian_injured, 0.0 pedestrian_killed, Fair (Day), EDSA before Guadalupe Bridge Mandaluyong",MMDA Road Safety Unit,,3f0116ef-4bb3-4357-8eb4-e63ce05ad3cb,2011-05-10,02:30:00,EDSA before Star mall  Mandaluyong,0,0,0,0,0,0,0,0,0,0,2011-05-10 10:30,Property,14.56888115,121.0459065,Rear-End
None,EDSA,None,None,"Unknown, Side Swipe, 0.0 drivers_injured, 0.0 drivers_killed, 0.0 passengers_injured, 0.0 passengers_killed, 0.0 pedestrian_injured, 0.0 pedestrian_killed, Fair (Day), EDSA fronting Highway 54 Bldg. Mandaluyong",MMDA Road Safety Unit,,f9e7ce3d-ae42-4368-a5f3-9f9787b7aa73,2011-05-10,01:55:00,EDSA before Robinson Pioneer  Mandaluyong,0,0,0,0,0,0,0,0,0,0,2011-05-10 9:55,Property,14.58501685,121.0556077,Side Swipe
None,EDSA,None,None,"Unknown, Side Swipe, 0.0 drivers_injured, 0.0 drivers_killed, 0.0 passengers_injured, 0.0 passengers_killed, 0.0 pedestrian_injured, 0.0 pedestrian_killed, Fair (Day), EDSA before Libertad St. Mandaluyong",MMDA Road Safety Unit,,f62ff53c-3410-435b-bb64-1718333fc10b,2011-05-08,07:00:00,EDSA before Shaw Blvd.  Mandaluyong,0,0,0,0,0,0,0,0,0,0,2011-05-08 15:00,Property,14.57885148,121.0518689,Side Swipe