LOCATION_TEXT,ROAD,WEATHER,LIGHT,DESC,REPORTING_AGENCY,MAIN_CAUSE,INCIDENTDETAILS_ID,DATE_UTC,TIME_UTC,ADDRESS,killed_driver,killed_passenger,killed_pedestrian,injured_driver,injured_passenger,injured_pedestrian,killed_uncategorized,injured_uncategorized,killed_total,injured_total,DATETIME_PST,SEVERITY,Y,X,COLLISION_TYPE
None,EDSA,None,None,"Unknown, Rear-end, 0.0 drivers_injured, 0.0 drivers_killed, 0.0 passengers_injured, 0.0 passengers_killed, 0.0 pedestrian_injured, 0.0 pedestrian_killed, Fair (Day), EDSA fronting SM Megamall Mandaluyong",MMDA Road Safety Unit,,221dad4b-66ac-4542-9a07-47cd38776c6f,2011-05-08,05:05:00,EDSA Boni MRT Station Mandaluyong,0,0,0,0,0,0,0,0,0,0,2011-05-08 13:05,Property,14.58562556,121.0560947,Rear-End
None,EDSA,None,None,"Unknown, Side Swipe, 0.0 drivers_injured, 0.0 drivers_killed, 0.0 passengers_injured, 0.0 passengers_killed, 0.0 pedestrian_injured, 0.0 pedestrian_killed, Fair (Day), EDSA fronting Highway 54 Bldg. Mandaluyong",MMDA Road Safety Unit,,73474a5a-cdfe-440a-acba-fc8c21da611d,2011-05-06,06:30:00,EDSA fronting GT Tower Boni  Mandaluyong,0,0,0,0,0,0,0,0,0,0,2011-05-06 14:30,Property,14.58501685,121.0556077,Side Swipe
None,EDSA,None,None,"Unknown, Hit Object (No Object Stated), 0.0 drivers_injured, 0.0 drivers_killed, 0.0 passengers_injured, 0.0 passengers_killed, 0.0 pedestrian_injured, 0.0 pedestrian_killed, Fair (Night), EDSA before Robinson's Galleria Mandaluyong",MMDA Road Safety Unit,,f87a049d-4924-4ef7-8725-1ee98ce41259,2011-05-04,21:00:00,EDSA Boni Avenue Mandaluyong,0,0,0,0,0,0,0,0,0,0,2011-05-05 5:00,Property,14.59116572,121.0579987,Hit Object
None,EDSA,None,None,"Unknown, Rear-end, 0.0 drivers_injured, 0.0 drivers_killed, 0.0 passengers_injured, 0.0 passengers_killed, 0.0 pedestrian_injured, 0.0 pedestrian_killed, Fair (Day), EDSA before MRT-Ortigas Station Mandaluyong",MMDA Road Safety Unit,,5d461069-2ead-48fe-897b-bc614f2ba19d,2011-05-04,04:30:00,EDSA after Sultan St. Mandaluyong,0,0,0,0,0,0,0,0,0,0,2011-05-04 12:30,Property,14.58806024,121.0566311,Rear-End
None,EDSA,None,None,"Unknown, Rear-end, 0.0 drivers_injured, 0.0 drivers_killed, 0.0 passengers_injured, 0.0 passengers_killed, 0.0 pedestrian_injured, 0.0 pedestrian_killed, Fair (Day), EDSA fronting Robinson's Place-Pioneer Mandaluyong",MMDA Road Safety Unit,,e0a50dfa-7ef5-4c0c-a99d-49f3a1fae571,2011-05-03,05:40:00,EDSA before Pioneer St. Mandaluyong,0,0,0,0,0,0,0,0,0,0,2011-05-03 13:40,Property,14.57143562,121.046866,Rear-End
None,EDSA,None,None,"Unknown, Rear-end, 0.0 drivers_injured, 0.0 drivers_killed, 0.0 passengers_injured, 0.0 passengers_killed, 0.0 pedestrian_injured, 0.0 pedestrian_killed, Fair (Day), EDSA fronting Star Mall Loading Bay Mandaluyong",MMDA Road Safety Unit,,c2b6a109-a24a-4d83-8f53-c346ff9f3a64,2011-05-02,07:00:00,EDSA fronting POEA Mandaluyong,0,0,0,0,0,0,0,0,0,0,2011-05-02 15:00,Property,14.5820399,121.0540545,Rear-End
None,EDSA,None,None,"Unknown, Rear-end, 0.0 drivers_injured, 0.0 drivers_killed, 0.0 passengers_injured, 0.0 passengers_killed, 0.0 pedestrian_injured, 0.0 pedestrian_killed, Fair (Day), EDSA fronting Shangri-La Mall, after Shaw Blvd. Mandaluyong",MMDA Road Safety Unit,,7fa79740-6e41-4fee-9b56-fe4ab39cc56a,2011-04-30,08:35:00,EDSA fronting Star Mall / Wack Wack  Mandaluyong,0,0,0,0,0,0,0,0,0,0,2011-04-30 16:35,Property,14.5825601,121.0547716,Rear-End
None,EDSA,None,None,"Unknown, Side Swipe, 0.0 drivers_injured, 0.0 drivers_killed, 0.0 passengers_injured, 0.0 passengers_killed, 0.0 pedestrian_injured, 0.0 pedestrian_killed, Fair (Day), EDSA at Robinson's Loading/Unloading Bay, after P. Poveda St. Mandaluyong",MMDA Road Safety Unit,,7d981e47-7b10-40d9-b2bf-2e60fa7209cf,2011-04-29,05:30:00,EDSA after Pinatubo St.  Mandaluyong,0,0,0,0,0,0,0,0,0,0,2011-04-29 13:30,Property,14.59152613,121.0580677,Side Swipe
None,EDSA,None,None,"Unknown, Side Swipe, 0.0 drivers_injured, 0.0 drivers_killed, 0.0 passengers_injured, 0.0 passengers_killed, 0.0 pedestrian_injured, 0.0 pedestrian_killed, Fair (Day), EDSA Crossing / Shaw Blvd. Mandaluyong",MMDA Road Safety Unit,,cc86c625-2072-4045-a7be-c02d0a007acc,2011-04-27,00:20:00,EDSA Crossing Mall Mandaluyong,0,0,0,0,0,0,0,0,0,0,2011-04-27 8:20,Property,14.58212391,121.0540758,Side Swipe
None,EDSA,None,None,"Unknown, Rear-end, 0.0 drivers_injured, 0.0 drivers_killed, 0.0 passengers_injured, 0.0 passengers_killed, 0.0 pedestrian_injured, 0.0 pedestrian_killed, Fair (Day), EDSA fronting Highway 54 Bldg. Mandaluyong",MMDA Road Safety Unit,,bb873f37-78c5-42fd-94a7-a0abd6ec28d5,2011-04-20,00:30:00,EDSA Before MRT Station Boni  Mandaluyong,0,0,0,0,0,0,0,0,0,0,2011-04-20 8:30,Property,14.58501685,121.0556077,Rear-End
None,EDSA,None,None,"Unknown, Rear-end, 0.0 drivers_injured, 0.0 drivers_killed, 0.0 passengers_injured, 0.0 passengers_killed, 0.0 pedestrian_injured, 0.0 pedestrian_killed, Fair (Day), EDSA near VRP Medical Center Mandaluyong",MMDA Road Safety Unit,,20268b0d-c229-452f-824c-b3898b745102,2011-04-17,04:45:00,EDSA Libertad St. Mandaluyong,0,0,0,0,0,0,0,0,0,0,2011-04-17 12:45,Property,14.57684918,121.0503339,Rear-End
None,EDSA,None,None,"Unknown, Rear-end, 0.0 drivers_injured, 0.0 drivers_killed, 0.0 passengers_injured, 0.0 passengers_killed, 0.0 pedestrian_injured, 0.0 pedestrian_killed, Fair (Day), EDSA Pinatubo St. Mandaluyong",MMDA Road Safety Unit,,4c371800-894a-474a-ae67-9c0a469ddd73,2011-04-16,06:30:00,EDSA Guadix Drive Mandaluyong,0,0,0,0,0,0,0,0,0,0,2011-04-16 14:30,Property,14.57321369,121.0476439,Rear-End
None,EDSA,None,None,"Unknown, Rear-end, 0.0 drivers_injured, 0.0 drivers_killed, 0.0 passengers_injured, 0.0 passengers_killed, 0.0 pedestrian_injured, 0.0 pedestrian_killed, Fair (Day), EDSA fornting G.A. Tower Mandaluyong",MMDA Road Safety Unit,,f4e056d5-5038-486d-af52-07c145b1d7b0,2011-04-15,04:30:00,EDSA fronting Shangrila Hotel / Shaw Blvd. Mandaluyong,0,0,0,0,0,0,0,0,0,0,2011-04-15 12:30,Property,14.57399571,121.0481371,Rear-End
None,EDSA,None,None,"Unknown, Angle Impact, 0.0 drivers_injured, 0.0 drivers_killed, 0.0 passengers_injured, 0.0 passengers_killed, 0.0 pedestrian_injured, 0.0 pedestrian_killed, Fair (Day), EDSA near VRP Medical Center Mandaluyong",MMDA Road Safety Unit,,e923daf5-7eba-4465-89b1-785eeffe8125,2011-04-15,02:30:00,EDSA fronting Star Mall  Mandaluyong,0,0,0,0,0,0,0,0,0,0,2011-04-15 10:30,Property,14.57684918,121.0503339,Angle Impact
None,EDSA,None,None,"Unknown, Angle Impact, 0.0 drivers_injured, 0.0 drivers_killed, 0.0 passengers_injured, 0.0 passengers_killed, 0.0 pedestrian_injured, 0.0 pedestrian_killed, Fair (Day), EDSA Guadix Drive Mandaluyong",MMDA Road Safety Unit,,d202323c-5ce1-403d-b2c0-888750360071,2011-04-05,05:00:00,EDSA Shaw Blvd.  Mandaluyong,0,0,0,0,0,0,0,0,0,0,2011-04-05 13:00,Property,14.58948577,121.0573946,Angle Impact
None,EDSA,None,None,"Unknown, Rear-end, 0.0 drivers_injured, 0.0 drivers_killed, 0.0 passengers_injured, 0.0 passengers_killed, 0.0 pedestrian_injured, 0.0 pedestrian_killed, Fair (Day), EDSA Shaw Blvd. Mandaluyong",MMDA Road Safety Unit,,7c02d45c-dc1e-4970-8874-dff1046bbfe7,2011-04-02,22:00:00,EDSA Shaw Blvd. Mandaluyong,0,0,0,0,0,0,0,0,0,0,2011-04-03 6:00,Property,14.58119822,121.0534578,Rear-End
None,EDSA,None,None,"Unknown, Rear-end, 0.0 drivers_injured, 0.0 drivers_killed, 0.0 passengers_injured, 0.0 passengers_killed, 0.0 pedestrian_injured, 0.0 pedestrian_killed, Fair (Day), EDSA fronting SM Megamall Mandaluyong",MMDA Road Safety Unit,,11304bb8-ee92-4215-bd15-bc4eed488514,2011-03-31,06:30:00,EDSA Robinson's Place / Pioneer St. Mandaluyong,0,0,0,0,0,0,0,0,0,0,2011-03-31 14:30,Property,14.58562556,121.0560947,Rear-End
None,EDSA,None,None,"Unknown, Angle Impact, 0.0 drivers_injured, 0.0 drivers_killed, 0.0 passengers_injured, 0.0 passengers_killed, 0.0 pedestrian_injured, 0.0 pedestrian_killed, Fair (Night), EDSA fronting Robinson's Place-Pioneer Mandaluyong",MMDA Road Safety Unit,,eba98de6-bdf3-48d8-a98c-67beaf70a618,2011-03-30,20:30:00,EDSA before Polymedic Hospital Mandaluyong,0,0,0,0,0,0,0,0,0,0,2011-03-31 4:30,Property,14.57143562,121.046866,Angle Impact
None,EDSA,None,None,"Unknown, Side Swipe, 0.0 drivers_injured, 0.0 drivers_killed, 0.0 passengers_injured, 0.0 passengers_killed, 0.0 pedestrian_injured, 0.0 pedestrian_killed, Fair (Day), EDSA before MRT-Ortigas Station Mandaluyong",MMDA Road Safety Unit,,8c16667e-e136-49ed-b515-17bc156846a7,2011-03-29,03:45:00,EDSA MRT Ortigas Station Mandaluyong,0,0,0,0,0,0,0,0,0,0,2011-03-29 11:45,Property,14.58806024,121.0566311,Side Swipe
None,EDSA,None,None,"Unknown, Side Swipe, 1.0 drivers_injured, 0.0 drivers_killed, 0.0 passengers_injured, 0.0 passengers_killed, 0.0 pedestrian_injured, 0.0 pedestrian_killed, Fair (Day), EDSA Shaw Blvd. Mandaluyong",MMDA Road Safety Unit,,c8517e77-65a8-45d6-94d7-34f91692bdfd,2011-03-28,05:00:00,EDSA Pioneer St.  Mandaluyong,0,0,0,1,0,0,0,0,0,1,2011-03-28 13:00,Injury,14.58119822,121.0534578,Side Swipe
None,EDSA,None,None,"Unknown, Side Swipe, 0.0 drivers_injured, 0.0 drivers_killed, 0.0 passengers_injured, 0.0 passengers_killed, 0.0 pedestrian_injured, 0.0 pedestrian_killed, Fair (Day), EDSA before Boni Ave. Mandaluyong",MMDA Road Safety Unit,,7db9bb08-f760-4ff6-9cf3-b93ecbe9eda9,2011-03-28,00:30:00,EDSA fronting Hi-way 54 Bldg. Mandaluyong,0,0,0,0,0,0,0,0,0,0,2011-03-28 8:30,Property,14.57291643,121.0474393,Side Swipe
None,EDSA,None,None,"Unknown, Side Swipe, 0.0 drivers_injured, 0.0 drivers_killed, 0.0 passengers_injured, 0.0 passengers_killed, 0.0 pedestrian_injured, 0.0 pedestrian_killed, Fair (Night), EDSA Shaw Blvd. Mandaluyong",MMDA Road Safety Unit,,2e58ba8f-59e0-4810-ac4d-279afaabec39,2011-03-25,20:40:00,EDSA fronting Star Mall  Mandaluyong,0,0,0,0,0,0,0,0,0,0,2011-03-26 4:40,Property,14.58119822,121.0534578,Side Swipe
None,EDSA,None,None,"Unknown, Rear-end, 0.0 drivers_injured, 0.0 drivers_killed, 0.0 passengers_injured, 0.0 passengers_killed, 0.0 pedestrian_injured, 0.0 pedestrian_killed, Fair (Day), EDSA before VRP Medical Center Mandaluyong",MMDA Road Safety Unit,,26a488a0-544d-41e5-93fc-40bbf1b43c0f,2011-03-20,22:40:00,EDSA fronting G A Tower  Mandaluyong,0,0,0,0,0,0,0,0,0,0,2011-03-21 6:40,Property,14.57699518,121.0503688,Rear-End
None,EDSA,None,None,"Unknown, Rear-end, 0.0 drivers_injured, 0.0 drivers_killed, 0.0 passengers_injured, 0.0 passengers_killed, 0.0 pedestrian_injured, 0.0 pedestrian_killed, Fair (Day), EDSA fronting MRT-Ortigas Station Mandaluyong",MMDA Road Safety Unit,,1c71ee74-2914-4f3b-880b-f2cbfb5ca09b,2011-03-18,02:05:00,EDSA Approaching Ortigas Avenue  Mandaluyong,0,0,0,0,0,0,0,0,0,0,2011-03-18 10:05,Property,14.5878198,121.0566584,Rear-End
None,EDSA,None,None,"Unknown, Rear-end, 0.0 drivers_injured, 0.0 drivers_killed, 0.0 passengers_injured, 0.0 passengers_killed, 0.0 pedestrian_injured, 0.0 pedestrian_killed, Fair (Day), EDSA fronting Highway 54 Bldg. Mandaluyong",MMDA Road Safety Unit,,43002c71-4091-4148-bd67-82aa42b82d6b,2011-03-16,01:05:00,EDSA Approaching Apo St.  Mandaluyong,0,0,0,0,0,0,0,0,0,0,2011-03-16 9:05,Property,14.58501685,121.0556077,Rear-End
None,EDSA,None,None,"Unknown, Rear-end, 0.0 drivers_injured, 0.0 drivers_killed, 0.0 passengers_injured, 0.0 passengers_killed, 0.0 pedestrian_injured, 0.0 pedestrian_killed, Fair (Day), EDSA fronting ADB Mandaluyong",MMDA Road Safety Unit,,c90aab4d-ad53-4fd9-9904-461168bbc969,2011-03-12,06:30:00,EDSA fronting SM Mega Mall / Highway 54 Bldg Mandaluyong,0,0,0,0,0,0,0,0,0,0,2011-03-12 14:30,Property,14.58937349,121.0573791,Rear-End
None,EDSA,None,None,"Unknown, Rear-end, 0.0 drivers_injured, 0.0 drivers_killed, 0.0 passengers_injured, 0.0 passengers_killed, 0.0 pedestrian_injured, 0.0 pedestrian_killed, Fair (Day), EDSA Shaw Blvd. Mandaluyong",MMDA Road Safety Unit,,8e0a754f-d8aa-4a88-8c2f-a970fa5ebe1a,2011-03-12,06:00:00,EDSA fronting SM Mega Mall  Mandaluyong,0,0,0,0,0,0,0,0,0,0,2011-03-12 14:00,Property,14.58119822,121.0534578,Rear-End
None,EDSA,None,None,"Unknown, Side Swipe, 0.0 drivers_injured, 0.0 drivers_killed, 0.0 passengers_injured, 0.0 passengers_killed, 0.0 pedestrian_injured, 0.0 pedestrian_killed, Fair (Day), EDSA Shaw Blvd. Mandaluyong",MMDA Road Safety Unit,,cb32991e-cc09-4fb3-b9cd-6e64e93fbd0b,2011-03-09,07:15:00,EDSA fronting Highway 54 Bldg. Mandaluyong,0,0,0,0,0,0,0,0,0,0,2011-03-09 15:15,Property,14.58119822,121.0534578,Side Swipe
None,EDSA,None,None,"Unknown, Rear-end, 0.0 drivers_injured, 0.0 drivers_killed, 0.0 passengers_injured, 0.0 passengers_killed, 0.0 pedestrian_injured, 0.0 pedestrian_killed, Fair (Day), EDSA before Boni Ave. Mandaluyong",MMDA Road Safety Unit,,c144b39d-34f9-4d5e-9f5f-a20410bea999,2011-03-09,07:00:00,EDSA fronting Highway 54 Bldg. Mandaluyong,0,0,0,0,0,0,0,0,0,0,2011-03-09 15:00,Property,14.57291643,121.0474393,Rear-End
None,EDSA,None,None,"Unknown, Side Swipe, 0.0 drivers_injured, 0.0 drivers_killed, 0.0 passengers_injured, 0.0 passengers_killed, 0.0 pedestrian_injured, 0.0 pedestrian_killed, Rain (Day), EDSA fronting Poveda  Mandaluyong",MMDA Road Safety Unit,,7f04d919-b02c-47f7-80a6-50c4bb80696b,2011-03-06,23:15:00,EDSA Boni Avenue Mandaluyong,0,0,0,0,0,0,0,0,0,0,2011-03-07 7:15,Property,14.59076559,121.0578816,Side Swipe
None,EDSA,None,None,"Unknown, Rear-end, 0.0 drivers_injured, 0.0 drivers_killed, 0.0 passengers_injured, 0.0 passengers_killed, 0.0 pedestrian_injured, 0.0 pedestrian_killed, Fair (Night), EDSA before Starmall Mandaluyong",MMDA Road Safety Unit,,1f166ba7-d22a-4832-a5d7-ad36bf8759be,2011-03-06,10:30:00,EDSA Julia Vargas Avenue Mandaluyong,0,0,0,0,0,0,0,0,0,0,2011-03-06 18:30,Property,14.58307393,121.0547426,Rear-End
None,EDSA,None,None,"Unknown, Side Swipe, 0.0 drivers_injured, 0.0 drivers_killed, 0.0 passengers_injured, 0.0 passengers_killed, 0.0 pedestrian_injured, 0.0 pedestrian_killed, Fair (Day), EDSA Shangrila Exit Driveway Mandaluyong",MMDA Road Safety Unit,,fc33a158-0979-4cc7-a43e-25911ee9dcf6,2011-03-06,05:45:00,EDSA fronting SM Mega Mall  Mandaluyong,0,0,0,0,0,0,0,0,0,0,2011-03-06 13:45,Property,14.58223571,121.0544805,Side Swipe
None,EDSA,None,None,"Unknown, Angle Impact, 0.0 drivers_injured, 0.0 drivers_killed, 0.0 passengers_injured, 0.0 passengers_killed, 0.0 pedestrian_injured, 0.0 pedestrian_killed, Fair (Day), EDSA Ortigas Ave. Mandaluyong",MMDA Road Safety Unit,,31284ca0-ff45-4fc3-ac6f-a65b3ad3511d,2011-03-01,08:00:00,EDSA Approaching Boni MRT Station Mandaluyong,0,0,0,0,0,0,0,0,0,0,2011-03-01 16:00,Property,14.59305232,121.0585643,Angle Impact
None,EDSA,None,None,"Unknown, Angle Impact, 0.0 drivers_injured, 0.0 drivers_killed, 0.0 passengers_injured, 0.0 passengers_killed, 0.0 pedestrian_injured, 0.0 pedestrian_killed, Fair (Day), EDSA Pinatubo St. Mandaluyong",MMDA Road Safety Unit,,89f85c1c-fd0b-48d0-81da-89f9b9a4f60b,2011-02-28,00:30:00,EDSA Ortigas Avenue Mandaluyong,0,0,0,0,0,0,0,0,0,0,2011-02-28 8:30,Property,14.57321369,121.0476439,Angle Impact
None,EDSA,None,None,"Unknown, Side Swipe, 0.0 drivers_injured, 0.0 drivers_killed, 0.0 passengers_injured, 0.0 passengers_killed, 0.0 pedestrian_injured, 0.0 pedestrian_killed, Fair (Day), EDSA Guadix Drive Mandaluyong",MMDA Road Safety Unit,,60671bc7-e31a-4cbb-ba49-ea6a3fcf6b9f,2011-02-16,22:30:00,EDSA fronting Shangrila Mall  Mandaluyong,0,0,0,0,0,0,0,0,0,0,2011-02-17 6:30,Property,14.58948577,121.0573946,Side Swipe
None,EDSA,None,None,"Unknown, Rear-end, 0.0 drivers_injured, 0.0 drivers_killed, 0.0 passengers_injured, 0.0 passengers_killed, 0.0 pedestrian_injured, 0.0 pedestrian_killed, Fair (Day), EDSA fronting Robinson's Place-Pioneer Mandaluyong",MMDA Road Safety Unit,,454f7919-bab6-4c4d-aa91-92c01087dc3a,2011-02-16,07:30:00,EDSA Boni Avenue Mandaluyong,0,0,0,0,0,0,0,0,0,0,2011-02-16 15:30,Property,14.57143562,121.046866,Rear-End
None,EDSA,None,None,"Unknown, Side Swipe, 0.0 drivers_injured, 0.0 drivers_killed, 0.0 passengers_injured, 0.0 passengers_killed, 0.0 pedestrian_injured, 0.0 pedestrian_killed, Fair (Day), EDSA before MRT-Ortigas Station Mandaluyong",MMDA Road Safety Unit,,1062b72b-8321-4edc-92ed-59f4b8cf9ca4,2011-02-15,06:00:00,EDSA before Highway 54  Bldg. Mandaluyong,0,0,0,0,0,0,0,0,0,0,2011-02-15 14:00,Property,14.58806024,121.0566311,Side Swipe
None,EDSA,None,None,"Unknown, Side Swipe, 0.0 drivers_injured, 0.0 drivers_killed, 0.0 passengers_injured, 0.0 passengers_killed, 0.0 pedestrian_injured, 0.0 pedestrian_killed, Fair (Day), EDSA after Libertad St. Mandaluyong",MMDA Road Safety Unit,,d3be6c28-dca8-4b47-9711-c3285aae9455,2011-02-11,01:30:00,EDSA Ortigas MRT Stn.  Mandaluyong,0,0,0,0,0,0,0,0,0,0,2011-02-11 9:30,Property,14.5781669,121.0512258,Side Swipe
None,EDSA,None,None,"Unknown, Rear-end, 0.0 drivers_injured, 0.0 drivers_killed, 0.0 passengers_injured, 0.0 passengers_killed, 0.0 pedestrian_injured, 0.0 pedestrian_killed, Fair (Day), EDSA fronting Robinson's Place-Pioneer Mandaluyong",MMDA Road Safety Unit,,e345dc1b-f0aa-4373-8b97-617a96d9ba08,2011-02-09,04:30:00,EDSA Guadix St. Mandaluyong,0,0,0,0,0,0,0,0,0,0,2011-02-09 12:30,Property,14.57143562,121.046866,Rear-End
None,EDSA,None,None,"Unknown, Rear-end, 0.0 drivers_injured, 0.0 drivers_killed, 0.0 passengers_injured, 0.0 passengers_killed, 0.0 pedestrian_injured, 0.0 pedestrian_killed, Fair (Day), EDSA before Pedestrian Overpass, near Reliance St. Mandaluyong",MMDA Road Safety Unit,,8721bbaf-1d76-43e3-a5c1-8a5e516fc295,2011-02-09,04:30:00,EDSA Approaching MRT Station Ortigas  Mandaluyong,0,0,0,0,0,0,0,0,0,0,2011-02-09 12:30,Property,14.57603575,121.0499713,Rear-End
None,EDSA,None,None,"Unknown, Side Swipe, 0.0 drivers_injured, 0.0 drivers_killed, 0.0 passengers_injured, 0.0 passengers_killed, 0.0 pedestrian_injured, 0.0 pedestrian_killed, Fair (Day), EDSA after Shaw Blvd. Mandaluyong",MMDA Road Safety Unit,,01f15857-4113-4af6-8a83-07d908a86a8a,2011-02-07,03:00:00,EDSA fronting POEA Bldg. Mandaluyong,0,0,0,0,0,0,0,0,0,0,2011-02-07 11:00,Property,14.58102963,121.053312,Side Swipe
None,EDSA,None,None,"Unknown, Side Swipe, 0.0 drivers_injured, 0.0 drivers_killed, 0.0 passengers_injured, 0.0 passengers_killed, 0.0 pedestrian_injured, 0.0 pedestrian_killed, Fair (Day), EDSA before POEA U turn slot  Mandaluyong",MMDA Road Safety Unit,,7110dffe-4a06-4540-aca2-038efcbe7d65,2011-02-06,09:00:00,EDSA fronting Jollibee / Boni Mandaluyong,0,0,0,0,0,0,0,0,0,0,2011-02-06 17:00,Property,14.59218621,121.0582029,Side Swipe
None,EDSA,None,None,"Unknown, Side Swipe, 0.0 drivers_injured, 0.0 drivers_killed, 0.0 passengers_injured, 0.0 passengers_killed, 0.0 pedestrian_injured, 0.0 pedestrian_killed, Fair (Night), EDSA Shaw Blvd. Mandaluyong",MMDA Road Safety Unit,,b3796001-6677-4b44-851f-53231c704e7c,2011-02-02,11:00:00,EDSA fronting Ricoa  Mandaluyong,0,0,0,0,0,0,0,0,0,0,2011-02-02 19:00,Property,14.58119822,121.0534578,Side Swipe
None,EDSA,None,None,"Unknown, Angle Impact, 0.0 drivers_injured, 0.0 drivers_killed, 0.0 passengers_injured, 0.0 passengers_killed, 0.0 pedestrian_injured, 0.0 pedestrian_killed, Fair (Day), EDSA Shaw Blvd. Mandaluyong",MMDA Road Safety Unit,,73db8a16-0232-4845-b0eb-92660b470972,2011-02-01,06:10:00,EDSA after MRT Station / Ortigas  Mandaluyong,0,0,0,0,0,0,0,0,0,0,2011-02-01 14:10,Property,14.58119822,121.0534578,Angle Impact
None,EDSA,None,None,"Unknown, Side Swipe, 0.0 drivers_injured, 0.0 drivers_killed, 0.0 passengers_injured, 0.0 passengers_killed, 0.0 pedestrian_injured, 0.0 pedestrian_killed, Fair (Night), EDSA Guadix Drive Mandaluyong",MMDA Road Safety Unit,,fb4a357e-4e83-43f2-8f5b-eed0aba67f60,2011-01-30,20:30:00,EDSA fronting SM Megamall  Mandaluyong,0,0,0,0,0,0,0,0,0,0,2011-01-31 4:30,Property,14.58948577,121.0573946,Side Swipe
None,EDSA,None,None,"Unknown, Rear-end, 0.0 drivers_injured, 0.0 drivers_killed, 0.0 passengers_injured, 0.0 passengers_killed, 0.0 pedestrian_injured, 0.0 pedestrian_killed, Fair (Day), EDSA Crossing, Shaw Blvd. Mandaluyong",MMDA Road Safety Unit,,d901e5be-fc51-4892-816f-ff61044264b7,2011-01-27,05:25:00,EDSA after MRT Station Boni Mandaluyong,0,0,0,0,0,0,0,0,0,0,2011-01-27 13:25,Property,14.58212391,121.0540758,Rear-End
None,EDSA,None,None,"Unknown, Side Swipe, 0.0 drivers_injured, 0.0 drivers_killed, 0.0 passengers_injured, 0.0 passengers_killed, 0.0 pedestrian_injured, 0.0 pedestrian_killed, Fair (Day), EDSA fronting Starmall Mandaluyong",MMDA Road Safety Unit,,bde3811c-64db-4674-8f95-37eb905c78fd,2011-01-25,08:00:00,EDSA after Boni Avenue Mandaluyong,0,0,0,0,0,0,0,0,0,0,2011-01-25 16:00,Property,14.5820399,121.0540545,Side Swipe
None,EDSA,None,None,"Unknown, Rear-end, 0.0 drivers_injured, 0.0 drivers_killed, 0.0 passengers_injured, 0.0 passengers_killed, 0.0 pedestrian_injured, 0.0 pedestrian_killed, Fair (Day), EDSA fronting GA Tower Mandaluyong",MMDA Road Safety Unit,,b5fa1194-015d-4b08-b7a5-6645d8ae180d,2011-01-24,02:30:00,EDSA Ortigas Avenue Mandaluyong,0,0,0,0,0,0,0,0,0,0,2011-01-24 10:30,Property,14.57396299,121.0481608,Rear-End
None,EDSA,None,None,"Unknown, Side Swipe, 0.0 drivers_injured, 0.0 drivers_killed, 0.0 passengers_injured, 0.0 passengers_killed, 0.0 pedestrian_injured, 0.0 pedestrian_killed, Fair (Day), EDSA before Shaw Blvd. Mandaluyong",MMDA Road Safety Unit,,cbbc9f3e-9eeb-4689-a7d3-8ef41f6ce13a,2011-01-17,04:00:00,EDSA Afcter Highway 54  Mandaluyong,0,0,0,0,0,0,0,0,0,0,2011-01-17 12:00,Property,14.58181186,121.0539351,Side Swipe
None,EDSA,None,None,"Unknown, Side Swipe, 0.0 drivers_injured, 0.0 drivers_killed, 0.0 passengers_injured, 0.0 passengers_killed, 0.0 pedestrian_injured, 0.0 pedestrian_killed, Fair (Day), EDSA Exit Shangri-La Plaza Mandaluyong",MMDA Road Safety Unit,,3d33992a-4dd5-4a8b-805c-c553d438634c,2011-01-17,03:30:00,EDSA after Shaw Blvd.  Mandaluyong,0,0,0,0,0,0,0,0,0,0,2011-01-17 11:30,Property,14.58292815,121.0549022,Side Swipe
None,EDSA,None,None,"Unknown, Side Swipe, 0.0 drivers_injured, 0.0 drivers_killed, 0.0 passengers_injured, 0.0 passengers_killed, 0.0 pedestrian_injured, 0.0 pedestrian_killed, Fair (Night), EDSA Shaw Blvd. (Crossing) Mandaluyong",MMDA Road Safety Unit,,02853d29-e449-4055-8d20-d0c5925acf78,2011-01-12,11:00:00,EDSA Shaw Blvd. Mandaluyong,0,0,0,0,0,0,0,0,0,0,2011-01-12 19:00,Property,14.58119822,121.0534578,Side Swipe
None,EDSA,None,None,"Unknown, Rear-end, 0.0 drivers_injured, 0.0 drivers_killed, 0.0 passengers_injured, 0.0 passengers_killed, 0.0 pedestrian_injured, 0.0 pedestrian_killed, Fair (Day), EDSA fronting SM Megamall Mandaluyong",MMDA Road Safety Unit,,2ba95562-3f71-420f-8e65-d12376f6b066,2011-01-10,02:15:00,EDSA fronting SM Mega Mall  Mandaluyong,0,0,0,0,0,0,0,0,0,0,2011-01-10 10:15,Property,14.58562556,121.0560947,Rear-End
None,EDSA,None,None,"Unknown, Rear-end, 0.0 drivers_injured, 0.0 drivers_killed, 0.0 passengers_injured, 0.0 passengers_killed, 0.0 pedestrian_injured, 0.0 pedestrian_killed, Fair (Day), EDSA after MRT-Boni Station Mandaluyong",MMDA Road Safety Unit,,4ff111b7-65bd-4ffa-bc4b-e306b930f4d4,2011-01-07,02:10:00,EDSA fronting Star mall  Mandaluyong,0,0,0,0,0,0,0,0,0,0,2011-01-07 10:10,Property,14.57300917,121.0474683,Rear-End
None,EDSA,None,None,"Unknown, Angle Impact, 0.0 drivers_injured, 0.0 drivers_killed, 0.0 passengers_injured, 0.0 passengers_killed, 0.0 pedestrian_injured, 0.0 pedestrian_killed, Fair, EDSA Shangrila Exit Driveway, Shangrila Plaza Mandaluyong",MMDA Road Safety Unit,,adb22c73-f380-44bf-8387-0bd3b168b307,2010-12-30,05:00:00,EDSA fronting Star Mall Mandaluyong,0,0,0,0,0,0,0,0,0,0,2010-12-30 13:00,Property,14.58223571,121.0544805,Angle Impact
None,EDSA,None,None,"Unknown, Hit Object (No Object Stated), 0.0 drivers_injured, 0.0 drivers_killed, 0.0 passengers_injured, 0.0 passengers_killed, 0.0 pedestrian_injured, 0.0 pedestrian_killed, Fair, EDSA Guadix Drive Mandaluyong",MMDA Road Safety Unit,,7a1f320e-bac9-4717-b2dd-a2291ffa6bc0,2010-12-30,01:40:00,EDSA before Libertad St.  Mandaluyong,0,0,0,0,0,0,0,0,0,0,2010-12-30 9:40,Property,14.58948577,121.0573946,Hit Object