LOCATION_TEXT,ROAD,WEATHER,LIGHT,DESC,REPORTING_AGENCY,MAIN_CAUSE,INCIDENTDETAILS_ID,DATE_UTC,TIME_UTC,ADDRESS,killed_driver,killed_passenger,killed_pedestrian,injured_driver,injured_passenger,injured_pedestrian,killed_uncategorized,injured_uncategorized,killed_total,injured_total,DATETIME_PST,SEVERITY,Y,X,COLLISION_TYPE
None,EDSA,None,None,"Unknown, Rear-end, 0.0 drivers_injured, 0.0 drivers_killed, 0.0 passengers_injured, 0.0 passengers_killed, 0.0 pedestrian_injured, 0.0 pedestrian_killed, Fair, EDSA Ortigas Avenue Mandaluyong",MMDA Road Safety Unit,,12b3bee4-ff86-4944-a9c5-d8e963fe17ae,2010-12-28,06:45:00,EDSA Pioneer St. Mandaluyong,0,0,0,0,0,0,0,0,0,0,2010-12-28 14:45,Property,14.59330619,121.0582659,Rear-End
None,EDSA,None,None,"Unknown, Side Swipe, 0.0 drivers_injured, 0.0 drivers_killed, 0.0 passengers_injured, 0.0 passengers_killed, 0.0 pedestrian_injured, 0.0 pedestrian_killed, Fair, EDSA fornting Robinson Place  Mandaluyong",MMDA Road Safety Unit,,6f469ec2-18ca-48a0-b8cd-7bfa60074753,2010-12-23,08:25:00,EDSA fronting POEA Bldg. Mandaluyong,0,0,0,0,0,0,0,0,0,0,2010-12-23 16:25,Property,14.59231291,121.0582746,Side Swipe
None,EDSA,None,None,"Unknown, Side Swipe, 0.0 drivers_injured, 0.0 drivers_killed, 0.0 passengers_injured, 0.0 passengers_killed, 0.0 pedestrian_injured, 0.0 pedestrian_killed, Fair, EDSA Poveda St. Mandaluyong",MMDA Road Safety Unit,,e75967ce-08b3-4f35-8208-5891d825d2ce,2010-12-23,04:15:00,EDSA fronting Mega Mall  Mandaluyong,0,0,0,0,0,0,0,0,0,0,2010-12-23 12:15,Property,14.5899353,121.0575058,Side Swipe
None,EDSA,None,None,"Unknown, Side Swipe, 0.0 drivers_injured, 0.0 drivers_killed, 0.0 passengers_injured, 0.0 passengers_killed, 0.0 pedestrian_injured, 0.0 pedestrian_killed, Fair, EDSA Boni Avenue Mandaluyong",MMDA Road Safety Unit,,2af93541-03e6-4b65-85f3-898535f98a61,2010-12-22,02:00:00,EDSA after Shaw Blvd.  Mandaluyong,0,0,0,0,0,0,0,0,0,0,2010-12-22 10:00,Property,14.57241376,121.0474637,Side Swipe
None,EDSA,None,None,"Unknown, Rear-end, 0.0 drivers_injured, 0.0 drivers_killed, 0.0 passengers_injured, 0.0 passengers_killed, 0.0 pedestrian_injured, 0.0 pedestrian_killed, Fair, EDSA Approaching Tele Performance  Mandaluyong",MMDA Road Safety Unit,,c3cf99ca-5f57-4947-9a27-25c2b26196a7,2010-12-21,08:00:00,EDSA fronting SM Megamall Mandaluyong,0,0,0,0,0,0,0,0,0,0,2010-12-21 16:00,Property,14.57836775,121.0517507,Rear-End
None,EDSA,None,None,"Unknown, Rear-end, 0.0 drivers_injured, 0.0 drivers_killed, 0.0 passengers_injured, 0.0 passengers_killed, 0.0 pedestrian_injured, 0.0 pedestrian_killed, Fair, EDSA after Pioneer MRT Station Mandaluyong",MMDA Road Safety Unit,,28955a5c-f8d8-4801-b1dc-74e7919460c2,2010-12-21,04:45:00,EDSA approaching Star Mall Mandaluyong,0,0,0,0,0,0,0,0,0,0,2010-12-21 12:45,Property,14.57329704,121.0478684,Rear-End
None,EDSA,None,None,"Unknown, Side Swipe, 0.0 drivers_injured, 0.0 drivers_killed, 0.0 passengers_injured, 0.0 passengers_killed, 0.0 pedestrian_injured, 0.0 pedestrian_killed, Fair, EDSA Julia Vargas Avenue Mandaluyong",MMDA Road Safety Unit,,2d76948a-fdb9-435b-8af9-8fdef6774561,2010-12-19,08:40:00,EDSA fronting SM Megamall Mandaluyong,0,0,0,0,0,0,0,0,0,0,2010-12-19 16:40,Property,14.58458553,121.0557595,Side Swipe
None,EDSA,None,None,"Unknown, Side Swipe, 0.0 drivers_injured, 0.0 drivers_killed, 0.0 passengers_injured, 0.0 passengers_killed, 0.0 pedestrian_injured, 0.0 pedestrian_killed, Fair, EDSA Shaw Blvd. Mandaluyong",MMDA Road Safety Unit,,d6e29cd1-1bdc-4986-9b3e-77cd62dc2b1e,2010-12-19,06:30:00,EDSA fronting Polymedic Hospital  Mandaluyong,0,0,0,0,0,0,0,0,0,0,2010-12-19 14:30,Property,14.58119822,121.0534578,Side Swipe
None,EDSA,None,None,"Unknown, Angle Impact, 0.0 drivers_injured, 0.0 drivers_killed, 0.0 passengers_injured, 0.0 passengers_killed, 0.0 pedestrian_injured, 0.0 pedestrian_killed, Fair, EDSA Ortigas Avenue Mandaluyong",MMDA Road Safety Unit,,9cf345ee-4599-40fe-b302-275253d82615,2010-12-15,07:35:00,EDSA before Shaw Blvd. Mandaluyong,0,0,0,0,0,0,0,0,0,0,2010-12-15 15:35,Property,14.59330619,121.0582659,Angle Impact
None,EDSA,None,None,"Unknown, Rear-end, 0.0 drivers_injured, 0.0 drivers_killed, 0.0 passengers_injured, 0.0 passengers_killed, 0.0 pedestrian_injured, 0.0 pedestrian_killed, Fair, EDSA  Guadalupe Bridge Mandaluyong",MMDA Road Safety Unit,,62d5cda0-f135-4f5e-a0e7-17cf38d06ddf,2010-12-15,01:50:00,EDSA Shaw Blvd. Mandaluyong,0,0,0,0,0,0,0,0,0,0,2010-12-15 9:50,Property,14.56819136,121.0460525,Rear-End
None,EDSA,None,None,"Unknown, Rear-end, 0.0 drivers_injured, 0.0 drivers_killed, 0.0 passengers_injured, 0.0 passengers_killed, 0.0 pedestrian_injured, 0.0 pedestrian_killed, Fair, EDSA fornting SM Mega Mall  Mandaluyong",MMDA Road Safety Unit,,da39cd81-4c7a-4311-9d44-087a0789abe9,2010-12-12,07:30:00,EDSA Shaw Blvd. Mandaluyong,0,0,0,0,0,0,0,0,0,0,2010-12-12 15:30,Property,14.58381435,121.0555031,Rear-End
None,EDSA,None,None,"Unknown, Rear-end, 0.0 drivers_injured, 0.0 drivers_killed, 0.0 passengers_injured, 0.0 passengers_killed, 0.0 pedestrian_injured, 0.0 pedestrian_killed, Fair, EDSA after MRT Station Boni Mandaluyong",MMDA Road Safety Unit,,2eed276b-7aec-41ba-ab10-6ce2a88ebf85,2010-12-10,07:10:00,EDSA approaching Pioneer St.  Mandaluyong,0,0,0,0,0,0,0,0,0,0,2010-12-10 15:10,Property,14.57367341,121.0479854,Rear-End
None,EDSA,None,None,"Unknown, Rear-end, 0.0 drivers_injured, 0.0 drivers_killed, 0.0 passengers_injured, 0.0 passengers_killed, 0.0 pedestrian_injured, 0.0 pedestrian_killed, Fair, EDSA Shaw Blvd. Mandaluyong",MMDA Road Safety Unit,,70ae2f11-b622-4c0d-8cb3-aa1106fdb8b0,2010-12-07,07:30:00,EDSA Shaw Blvd. / Under Pass Mandaluyong,0,0,0,0,0,0,0,0,0,0,2010-12-07 15:30,Property,14.58119822,121.0534578,Rear-End
None,EDSA,None,None,"Unknown, Side Swipe, 0.0 drivers_injured, 0.0 drivers_killed, 0.0 passengers_injured, 0.0 passengers_killed, 0.0 pedestrian_injured, 0.0 pedestrian_killed, Fair, EDSA fronting SM Mega Mall Mandaluyong",MMDA Road Safety Unit,,d292122e-4564-4aa4-af2e-bf50e35aa171,2010-12-03,03:30:00,EDSA Guadix St. Mandaluyong,0,0,0,0,0,0,0,0,0,0,2010-12-03 11:30,Property,14.58562556,121.0560947,Side Swipe
None,EDSA,None,None,"Unknown, Side Swipe, 0.0 drivers_injured, 0.0 drivers_killed, 0.0 passengers_injured, 0.0 passengers_killed, 0.0 pedestrian_injured, 0.0 pedestrian_killed, Fair, EDSA Reliance St.  Mandaluyong",MMDA Road Safety Unit,,508cb38f-adfa-4e1c-affd-d709a9bdf30c,2010-12-02,09:30:00,EDSA Ortigas Ave. Mandaluyong,0,0,0,0,0,0,0,0,0,0,2010-12-02 17:30,Property,14.57669064,121.0504494,Side Swipe
None,EDSA,None,None,"Unknown, Side Swipe, 0.0 drivers_injured, 0.0 drivers_killed, 0.0 passengers_injured, 0.0 passengers_killed, 0.0 pedestrian_injured, 0.0 pedestrian_killed, Fair, EDSA Julia Vargas Avenue  Mandaluyong",MMDA Road Safety Unit,,5af6ba3f-42c0-4032-af5b-aefe3d2e3e6e,2010-12-02,04:30:00,EDSA Guadix St. Mandaluyong,0,0,0,0,0,0,0,0,0,0,2010-12-02 12:30,Property,14.58458553,121.0557595,Side Swipe
None,EDSA,None,None,"Unknown, Rear-end, 0.0 drivers_injured, 0.0 drivers_killed, 0.0 passengers_injured, 0.0 passengers_killed, 0.0 pedestrian_injured, 0.0 pedestrian_killed, Fair, EDSA Approaching Boni Avenue Mandaluyong",MMDA Road Safety Unit,,e399113c-e29c-428d-98d0-48390b5ce0be,2010-11-30,06:10:00,EDSA after Relaince St. Mandaluyong,0,0,0,0,0,0,0,0,0,0,2010-11-30 14:10,Property,14.5728142,121.0473141,Rear-End
None,EDSA,None,None,"Unknown, Rear-end, 0.0 drivers_injured, 0.0 drivers_killed, 0.0 passengers_injured, 0.0 passengers_killed, 0.0 pedestrian_injured, 0.0 pedestrian_killed, Fair, EDSA after Reliance St. Mandaluyong",MMDA Road Safety Unit,,13b8dea4-8676-4c2b-a50c-f8b536ace4b5,2010-11-30,03:50:00,EDSA before Boni Avenue Mandaluyong,0,0,0,0,0,0,0,0,0,0,2010-11-30 11:50,Property,14.57695118,121.0506669,Rear-End
None,EDSA,None,None,"Unknown, Side Swipe, 0.0 drivers_injured, 0.0 drivers_killed, 0.0 passengers_injured, 0.0 passengers_killed, 0.0 pedestrian_injured, 0.0 pedestrian_killed, Fair, EDSA Approaching Highway 54 Mandaluyong",MMDA Road Safety Unit,,e47c3689-9650-4fe0-8199-e1188a9363bc,2010-11-30,02:25:00,EDSA after Apo St. Mandaluyong,0,0,0,0,0,0,0,0,0,0,2010-11-30 10:25,Property,14.58546116,121.0557555,Side Swipe
None,EDSA,None,None,"Unknown, Rear-end, 0.0 drivers_injured, 0.0 drivers_killed, 0.0 passengers_injured, 0.0 passengers_killed, 0.0 pedestrian_injured, 0.0 pedestrian_killed, Fair, EDSA Boni Loading Bay Mandaluyong",MMDA Road Safety Unit,,705ed959-a8c1-4b72-941f-e98bee605915,2010-11-26,06:10:00,EDSA Shaw Blvd. Mandaluyong,0,0,0,0,0,0,0,0,0,0,2010-11-26 14:10,Property,14.57421142,121.0482752,Rear-End
None,EDSA,None,None,"Unknown, Rear-end, 0.0 drivers_injured, 0.0 drivers_killed, 0.0 passengers_injured, 0.0 passengers_killed, 0.0 pedestrian_injured, 0.0 pedestrian_killed, Fair, EDSA Approaching MRT Ortigas Station Mandaluyong",MMDA Road Safety Unit,,0cacadad-e520-4152-93f5-ef04cd76986b,2010-11-25,06:30:00,EDSA before Shaw Blvd. Mandaluyong,0,0,0,0,0,0,0,0,0,0,2010-11-25 14:30,Property,14.58779987,121.0566161,Rear-End
None,EDSA,None,None,"Unknown, Angle Impact, 0.0 drivers_injured, 0.0 drivers_killed, 0.0 passengers_injured, 0.0 passengers_killed, 0.0 pedestrian_injured, 0.0 pedestrian_killed, Fair, EDSA Boni Avenue near Caltex Gas Station Mandaluyong",MMDA Road Safety Unit,,ff5113e1-b281-42bf-9055-c43d0e71068a,2010-11-24,03:00:00,EDSA fronting Starmall Mandaluyong,0,0,0,0,0,0,0,0,0,0,2010-11-24 11:00,Property,14.57226919,121.0470452,Angle Impact
None,EDSA,None,None,"Unknown, Rear-end, 0.0 drivers_injured, 0.0 drivers_killed, 0.0 passengers_injured, 0.0 passengers_killed, 0.0 pedestrian_injured, 0.0 pedestrian_killed, Fair, EDSA before Mega Mall Loading Bay Mandaluyong",MMDA Road Safety Unit,,3dcccc33-9c2d-44b4-9ea1-abd8e04b3b8f,2010-11-21,07:15:00,EDSA fronting Highway 54  Mandaluyong,0,0,0,0,0,0,0,0,0,0,2010-11-21 15:15,Property,14.58488397,121.055826,Rear-End
None,EDSA,None,None,"Unknown, Rear-end, 0.0 drivers_injured, 0.0 drivers_killed, 0.0 passengers_injured, 0.0 passengers_killed, 0.0 pedestrian_injured, 0.0 pedestrian_killed, Fair, EDSA Approaching Ortigas MRT Station Mandaluyong",MMDA Road Safety Unit,,e4bc0b73-4171-414f-b740-131c84a2794a,2010-11-18,23:30:00,EDSA fronting Mega Mall  Mandaluyong,0,0,0,0,0,0,0,0,0,0,2010-11-19 7:30,Property,14.58763353,121.0567403,Rear-End
None,EDSA,None,None,"Unknown, Angle Impact, 0.0 drivers_injured, 0.0 drivers_killed, 0.0 passengers_injured, 0.0 passengers_killed, 0.0 pedestrian_injured, 0.0 pedestrian_killed, Fair, EDSA Ortigas Avenue Mandaluyong",MMDA Road Safety Unit,,e2f6208e-4e74-4d55-a282-9a8dd8f31ebb,2010-11-18,13:30:00,EDSA before Polymedic Hospital Mandaluyong,0,0,0,0,0,0,0,0,0,0,2010-11-18 21:30,Property,14.59330619,121.0582659,Angle Impact
None,EDSA,None,None,"Unknown, Side Swipe, 0.0 drivers_injured, 0.0 drivers_killed, 0.0 passengers_injured, 0.0 passengers_killed, 0.0 pedestrian_injured, 0.0 pedestrian_killed, Fair, EDSA fronting Robinson's Place Mandaluyong",MMDA Road Safety Unit,,c88e8a66-4f72-408d-9473-07a45780386d,2010-11-17,23:45:00,EDSA Shaw Blvd. Mandaluyong,0,0,0,0,0,0,0,0,0,0,2010-11-18 7:45,Property,14.57143562,121.046866,Side Swipe
None,EDSA,None,None,"Unknown, Side Swipe, 0.0 drivers_injured, 0.0 drivers_killed, 0.0 passengers_injured, 0.0 passengers_killed, 0.0 pedestrian_injured, 0.0 pedestrian_killed, Fair, EDSA fornting Star Mall  Mandaluyong",MMDA Road Safety Unit,,8bcc68f2-4460-4f84-85be-1cba1d313a3a,2010-11-17,00:30:00,EDSA Shaw Blvd. Mandaluyong,0,0,0,0,0,0,0,0,0,0,2010-11-17 8:30,Property,14.5822494,121.0542007,Side Swipe
None,EDSA,None,None,"Unknown, Rear-end, 0.0 drivers_injured, 0.0 drivers_killed, 0.0 passengers_injured, 0.0 passengers_killed, 0.0 pedestrian_injured, 0.0 pedestrian_killed, Fair, EDSA Approaching Guadalupe Bridge Mandaluyong",MMDA Road Safety Unit,,9b95c7b7-de74-4a04-87a5-c77154ff0cf9,2010-11-16,08:45:00,"EDSA POEA, Mandaluyong Mandaluyong",0,0,0,0,0,0,0,0,0,0,2010-11-16 16:45,Property,14.56926089,121.0459637,Rear-End
None,EDSA,None,None,"Unknown, Side Swipe, 0.0 drivers_injured, 0.0 drivers_killed, 0.0 passengers_injured, 0.0 passengers_killed, 0.0 pedestrian_injured, 0.0 pedestrian_killed, Fair, EDSA fronting SM Mega Mall Bldg. A Mandaluyong",MMDA Road Safety Unit,,ac704dee-9f16-4f5f-8bf6-e34a1641f449,2010-11-16,06:30:00,EDSA Shaw Blvd. Mandaluyong,0,0,0,0,0,0,0,0,0,0,2010-11-16 14:30,Property,14.58562556,121.0560947,Side Swipe
None,EDSA,None,None,"Unknown, Side Swipe, 0.0 drivers_injured, 0.0 drivers_killed, 0.0 passengers_injured, 0.0 passengers_killed, 0.0 pedestrian_injured, 0.0 pedestrian_killed, Fair, EDSA fronting Go Hotel, Pioneer St. Mandaluyong",MMDA Road Safety Unit,,890f6704-d695-4df3-8a08-d1c78bc40ff1,2010-11-03,12:35:00,"EDSA Boni Ave., Mandaluyong  Mandaluyong",0,0,0,0,0,0,0,0,0,0,2010-11-03 20:35,Property,14.57004556,121.0464756,Side Swipe
None,EDSA,None,None,"Unknown, Self-Accident, 1.0 drivers_injured, 0.0 drivers_killed, 0.0 passengers_injured, 0.0 passengers_killed, 0.0 pedestrian_injured, 0.0 pedestrian_killed, Fair, EDSA Ortigas Avenue Mandaluyong",MMDA Road Safety Unit,,8184b037-2fd6-4168-ab4d-17499d6f52a5,2010-10-22,20:30:00,"EDSA fronting Barrio Fiesta Restaurant, Mandaluyong Mandaluyong",0,0,0,1,0,0,0,0,0,1,2010-10-23 4:30,Injury,14.59330619,121.0582659,Self-Accident
None,EDSA,None,None,"Unknown, Rear-end, 0.0 drivers_injured, 0.0 drivers_killed, 0.0 passengers_injured, 0.0 passengers_killed, 0.0 pedestrian_injured, 0.0 pedestrian_killed, Fair, EDSA aftewr Highway 54 Bldg. Mandaluyong",MMDA Road Safety Unit,,c261ffaf-a9e8-48f6-8d89-304f0158c04d,2010-10-21,00:20:00,"EDSA Sultan St., Mandaluyong Mandaluyong",0,0,0,0,0,0,0,0,0,0,2010-10-21 8:20,Property,14.58470595,121.0554771,Rear-End
None,EDSA,None,None,"Unknown, Angle Impact, 0.0 drivers_injured, 0.0 drivers_killed, 0.0 passengers_injured, 0.0 passengers_killed, 0.0 pedestrian_injured, 0.0 pedestrian_killed, Fair, EDSA Pioneer St.  Mandaluyong",MMDA Road Safety Unit,,2a51d650-b866-4edf-a448-e5bd7b064be1,2010-10-17,07:00:00,"EDSA before Ortigas Intersection, Robinsons galleria, Pasig Mandaluyong",0,0,0,0,0,0,0,0,0,0,2010-10-17 15:00,Property,14.57236671,121.0472702,Angle Impact
None,EDSA,None,None,"Unknown, Side Swipe, 0.0 drivers_injured, 0.0 drivers_killed, 0.0 passengers_injured, 0.0 passengers_killed, 0.0 pedestrian_injured, 0.0 pedestrian_killed, Fair, EDSA fronting Mega Mall Mandaluyong",MMDA Road Safety Unit,,8011c4fc-5dc8-4650-8ffb-670656f56e5d,2010-10-17,06:10:00,"EDSA Shaw Blvd., Mandaluyong Mandaluyong",0,0,0,0,0,0,0,0,0,0,2010-10-17 14:10,Property,14.58551719,121.0560475,Side Swipe
None,EDSA,None,None,"Unknown, Side Swipe, 0.0 drivers_injured, 0.0 drivers_killed, 0.0 passengers_injured, 0.0 passengers_killed, 0.0 pedestrian_injured, 0.0 pedestrian_killed, Fair, EDSA Approaching Star Mall  Mandaluyong",MMDA Road Safety Unit,,67a4958d-747e-4e6a-bac3-da2b54d02233,2010-10-14,02:40:00,EDSA Shangrila Plaza Driveway Mandaluyong,0,0,0,0,0,0,0,0,0,0,2010-10-14 10:40,Property,14.58327937,121.054751,Side Swipe
None,EDSA,None,None,"Unknown, Side Swipe, 0.0 drivers_injured, 0.0 drivers_killed, 0.0 passengers_injured, 0.0 passengers_killed, 0.0 pedestrian_injured, 0.0 pedestrian_killed, Fair, EDSA Boni Ave. Mandaluyong",MMDA Road Safety Unit,,320de737-652e-4412-9311-9c97cc37d1a2,2010-10-11,03:30:00,EDSA Julia Vargas avenue Mandaluyong,0,0,0,0,0,0,0,0,0,0,2010-10-11 11:30,Property,14.57242918,121.0471629,Side Swipe
None,EDSA,None,None,"Unknown, Side Swipe, 0.0 drivers_injured, 0.0 drivers_killed, 0.0 passengers_injured, 0.0 passengers_killed, 0.0 pedestrian_injured, 0.0 pedestrian_killed, Fair, EDSA before Shaw Blvd. Mandaluyong",MMDA Road Safety Unit,,9a6338f3-a51a-4824-9120-01a1afe9bb2e,2010-10-10,03:00:00,EDSA Shaw Blvd. Intersection Mandaluyong,0,0,0,0,0,0,0,0,0,0,2010-10-10 11:00,Property,14.58181186,121.0539351,Side Swipe
None,EDSA,None,None,"Unknown, Rear-end, 0.0 drivers_injured, 0.0 drivers_killed, 0.0 passengers_injured, 0.0 passengers_killed, 0.0 pedestrian_injured, 0.0 pedestrian_killed, Fair, EDSA fronting SM Megamall Mandaluyong",MMDA Road Safety Unit,,e33f459d-c048-4270-9d28-d138b210d0da,2010-10-08,08:00:00,EDSA Ortigas Ave. Mandaluyong,0,0,0,0,0,0,0,0,0,0,2010-10-08 16:00,Property,14.58562556,121.0560947,Rear-End
None,EDSA,None,None,"Unknown, Side Swipe, 0.0 drivers_injured, 0.0 drivers_killed, 0.0 passengers_injured, 0.0 passengers_killed, 0.0 pedestrian_injured, 0.0 pedestrian_killed, Fair, EDSA MRT-Ortigas Station Mandaluyong",MMDA Road Safety Unit,,e1379983-c437-4ddc-bcc9-2c571ac54f1a,2010-09-30,03:30:00,EDSA before Shaw Blvd.  Mandaluyong,0,0,0,0,0,0,0,0,0,0,2010-09-30 11:30,Property,14.58786167,121.056685,Side Swipe
None,EDSA,None,None,"Unknown, Hit Object (No Object Stated), 0.0 drivers_injured, 0.0 drivers_killed, 0.0 passengers_injured, 0.0 passengers_killed, 0.0 pedestrian_injured, 0.0 pedestrian_killed, Fair, EDSA fronting POEA, at Ortigas Loading Bay Mandaluyong",MMDA Road Safety Unit,,573c9aff-9a4b-4b0b-8fdf-15eacb4bc2a1,2010-09-28,17:30:00,EDSA fronting Caltex Gas Station Mandaluyong,0,0,0,0,0,0,0,0,0,0,2010-09-29 1:30,Property,14.59323247,121.0581387,Hit Object
None,EDSA,None,None,"Unknown, Side Swipe, 0.0 drivers_injured, 0.0 drivers_killed, 0.0 passengers_injured, 0.0 passengers_killed, 0.0 pedestrian_injured, 0.0 pedestrian_killed, Fair, EDSA at ""U"" turn slot, Ortigas  Mandaluyong",MMDA Road Safety Unit,,3e9407a2-7386-445a-a572-0a755560a3b0,2010-09-28,08:30:00,EDSA fronting Edsa Central  Mandaluyong,0,0,0,0,0,0,0,0,0,0,2010-09-28 16:30,Property,14.59231155,121.0581101,Side Swipe
None,EDSA,None,None,"Unknown, Rear-end, 0.0 drivers_injured, 0.0 drivers_killed, 0.0 passengers_injured, 0.0 passengers_killed, 0.0 pedestrian_injured, 0.0 pedestrian_killed, Fair, EDSA Boni Ave. Mandaluyong",MMDA Road Safety Unit,,28dc0585-b66a-41d8-8e1a-bda97e40674d,2010-09-27,23:30:00,EDSA fronting Starmall Mandaluyong,0,0,0,0,0,0,0,0,0,0,2010-09-28 7:30,Property,14.57242918,121.0471629,Rear-End
None,EDSA,None,None,"Unknown, Side Swipe, 0.0 drivers_injured, 0.0 drivers_killed, 0.0 passengers_injured, 0.0 passengers_killed, 0.0 pedestrian_injured, 0.0 pedestrian_killed, Fair, EDSA approaching MRT-Ortigas Station Mandaluyong",MMDA Road Safety Unit,,301689f6-cc6f-4acf-9b30-4e501740c1dc,2010-09-26,08:00:00,EDSA before Highway 54  Mandaluyong,0,0,0,0,0,0,0,0,0,0,2010-09-26 16:00,Property,14.58786424,121.0564498,Side Swipe
None,EDSA,None,None,"Unknown, Side Swipe, 0.0 drivers_injured, 0.0 drivers_killed, 0.0 passengers_injured, 0.0 passengers_killed, 0.0 pedestrian_injured, 0.0 pedestrian_killed, Fair, EDSA fronting Highway 54  Mandaluyong",MMDA Road Safety Unit,,1b5a5223-1187-47dc-bb81-efd80c9b6bab,2010-09-19,08:00:00,EDSA fronting SM Megamall Mandaluyong,0,0,0,0,0,0,0,0,0,0,2010-09-19 16:00,Property,14.58501685,121.0556077,Side Swipe
None,EDSA,None,None,"Unknown, Side Swipe, 0.0 drivers_injured, 0.0 drivers_killed, 0.0 passengers_injured, 0.0 passengers_killed, 0.0 pedestrian_injured, 0.0 pedestrian_killed, Fair, EDSA fronting SM Megamall Mandaluyong",MMDA Road Safety Unit,,640c6a2a-9431-482a-a941-aded3653e312,2010-09-19,06:30:00,EDSA Annapolis St. Mandaluyong,0,0,0,0,0,0,0,0,0,0,2010-09-19 14:30,Property,14.58562556,121.0560947,Side Swipe
None,EDSA,None,None,"Unknown, Rear-end, 0.0 drivers_injured, 0.0 drivers_killed, 0.0 passengers_injured, 0.0 passengers_killed, 0.0 pedestrian_injured, 0.0 pedestrian_killed, Fair, EDSA Boni / Malamig Mandaluyong",MMDA Road Safety Unit,,e7da0946-c8b6-489f-aba7-f119494d8946,2010-09-16,09:20:00,EDSA Shaw Blvd. Mandaluyong,0,0,0,0,0,0,0,0,0,0,2010-09-16 17:20,Property,14.57263607,121.0474569,Rear-End
None,EDSA,None,None,"Unknown, Side Swipe, 0.0 drivers_injured, 0.0 drivers_killed, 0.0 passengers_injured, 0.0 passengers_killed, 0.0 pedestrian_injured, 0.0 pedestrian_killed, Fair, EDSA approaching Robinson's Place-Pioneer Mandaluyong",MMDA Road Safety Unit,,fb77c345-a558-440d-bd94-c42ba3360d01,2010-09-10,01:50:00,EDSA before Guadix St. Mandaluyong,0,0,0,0,0,0,0,0,0,0,2010-09-10 9:50,Property,14.57271797,121.0475298,Side Swipe
None,EDSA,None,None,"Unknown, Rear-end, 0.0 drivers_injured, 0.0 drivers_killed, 0.0 passengers_injured, 0.0 passengers_killed, 0.0 pedestrian_injured, 0.0 pedestrian_killed, Fair, EDSA Reliance St. Mandaluyong",MMDA Road Safety Unit,,73112bae-b2d1-43f5-92e5-ced61fc05622,2010-09-09,04:30:00,EDSA fronting Highway 54  Mandaluyong,0,0,0,0,0,0,0,0,0,0,2010-09-09 12:30,Property,14.57669064,121.0504494,Rear-End
None,EDSA,None,None,"Unknown, Side Swipe, 0.0 drivers_injured, 0.0 drivers_killed, 0.0 passengers_injured, 0.0 passengers_killed, 0.0 pedestrian_injured, 0.0 pedestrian_killed, Fair, EDSA Libertad St. Mandaluyong",MMDA Road Safety Unit,,0557ba8f-3061-490a-91fd-63809a853745,2010-09-08,12:30:00,EDSA Shaw Blvd. Mandaluyong,0,0,0,0,0,0,0,0,0,0,2010-09-08 20:30,Property,14.57859094,121.0516172,Side Swipe
None,EDSA,None,None,"Unknown, Side Swipe, 0.0 drivers_injured, 0.0 drivers_killed, 0.0 passengers_injured, 0.0 passengers_killed, 0.0 pedestrian_injured, 0.0 pedestrian_killed, Fair, EDSA fronting SM Megamall Mandaluyong",MMDA Road Safety Unit,,3c4ae927-d55d-4798-bebf-42757380a536,2010-09-08,01:45:00,EDSA Shaw Blvd. Mandaluyong,0,0,0,0,0,0,0,0,0,0,2010-09-08 9:45,Property,14.58562556,121.0560947,Side Swipe
None,EDSA,None,None,"Unknown, Side Swipe, 0.0 drivers_injured, 0.0 drivers_killed, 0.0 passengers_injured, 0.0 passengers_killed, 0.0 pedestrian_injured, 0.0 pedestrian_killed, Fair, EDSA approaching Shaw Blvd. Mandaluyong",MMDA Road Safety Unit,,28f47f71-c321-40fa-ae61-65dc03ef1ca4,2010-09-04,03:30:00,EDSA Shaw Blvd. Mandaluyong,0,0,0,0,0,0,0,0,0,0,2010-09-04 11:30,Property,14.58187126,121.053884,Side Swipe
None,EDSA,None,None,"Unknown, Side Swipe, 0.0 drivers_injured, 0.0 drivers_killed, 0.0 passengers_injured, 0.0 passengers_killed, 0.0 pedestrian_injured, 0.0 pedestrian_killed, Fair, EDSA Apo St.  Mandaluyong",MMDA Road Safety Unit,,0cfdce34-b31c-4dac-b684-183687e39d81,2010-09-03,04:45:00,EDSA after Polymedic Hospital Mandaluyong,0,0,0,0,0,0,0,0,0,0,2010-09-03 12:45,Property,14.5715578,121.046752,Side Swipe
None,EDSA,None,None,"Unknown, Angle Impact, 0.0 drivers_injured, 0.0 drivers_killed, 0.0 passengers_injured, 0.0 passengers_killed, 0.0 pedestrian_injured, 0.0 pedestrian_killed, Fair, EDSA Ortigas Ave. Mandaluyong",MMDA Road Safety Unit,,db08a134-93fa-4c75-bd3e-4c6894aedbb5,2010-09-02,08:00:00,EDSA Shaw Blvd. Mandaluyong,0,0,0,0,0,0,0,0,0,0,2010-09-02 16:00,Property,14.59305232,121.0585643,Angle Impact
None,EDSA,None,None,"Unknown, Rear-end, 0.0 drivers_injured, 0.0 drivers_killed, 0.0 passengers_injured, 0.0 passengers_killed, 0.0 pedestrian_injured, 0.0 pedestrian_killed, Fair, EDSA Reliance St. Mandaluyong",MMDA Road Safety Unit,,d8699f95-b734-4c04-86c8-ed4a6829b501,2010-08-28,09:15:00,EDSA Shaw Blvd. Mandaluyong,0,0,0,0,0,0,0,0,0,0,2010-08-28 17:15,Property,14.57669064,121.0504494,Rear-End
None,EDSA,None,None,"Unknown, Rear-end, 0.0 drivers_injured, 0.0 drivers_killed, 0.0 passengers_injured, 0.0 passengers_killed, 0.0 pedestrian_injured, 0.0 pedestrian_killed, Fair, EDSA Reliance St. Mandaluyong",MMDA Road Safety Unit,,6c96e31e-7ad7-4b0a-934f-c2895a42ece3,2010-08-27,23:25:00,EDSA Shaw Blvd. Mandaluyong,0,0,0,0,0,0,0,0,0,0,2010-08-28 7:25,Property,14.57669064,121.0504494,Rear-End
None,EDSA,None,None,"Unknown, Angle Impact, 0.0 drivers_injured, 0.0 drivers_killed, 0.0 passengers_injured, 0.0 passengers_killed, 0.0 pedestrian_injured, 0.0 pedestrian_killed, Fair, EDSA  fronting Starmall, Bgy. Dapitan Mandaluyong",MMDA Road Safety Unit,,385bec7e-12ee-405a-b97c-c73b91bbc15b,2010-08-27,04:50:00,EDSA fronting MRT-Boni Station Mandaluyong,0,0,0,0,0,0,0,0,0,0,2010-08-27 12:50,Property,14.58228479,121.054013,Angle Impact