LOCATION_TEXT,ROAD,WEATHER,LIGHT,DESC,REPORTING_AGENCY,MAIN_CAUSE,INCIDENTDETAILS_ID,DATE_UTC,TIME_UTC,ADDRESS,killed_driver,killed_passenger,killed_pedestrian,injured_driver,injured_passenger,injured_pedestrian,killed_uncategorized,injured_uncategorized,killed_total,injured_total,DATETIME_PST,SEVERITY,Y,X,COLLISION_TYPE
None,EDSA,None,None,"Unknown, Side Swipe, 0.0 drivers_injured, 0.0 drivers_killed, 0.0 passengers_injured, 0.0 passengers_killed, 0.0 pedestrian_injured, 0.0 pedestrian_killed, Fair, EDSA fronting Shangri-La Plaza Mandaluyong",MMDA Road Safety Unit,,4e6428ca-422a-476c-9964-59b6b0c6e365,2010-08-26,23:45:00,EDSA before Star Mall  Mandaluyong,0,0,0,0,0,0,0,0,0,0,2010-08-27 7:45,Property,14.5825601,121.0547716,Side Swipe
None,EDSA,None,None,"Unknown, Rear-end, 0.0 drivers_injured, 0.0 drivers_killed, 0.0 passengers_injured, 0.0 passengers_killed, 0.0 pedestrian_injured, 0.0 pedestrian_killed, Fair, EDSA after Pioneer St. Mandaluyong",MMDA Road Safety Unit,,5b5a88af-cefd-4802-81a4-152e72b51209,2010-08-25,03:30:00,EDSA Ortigas Ave. Mandaluyong,0,0,0,0,0,0,0,0,0,0,2010-08-25 11:30,Property,14.5727688,121.047603,Rear-End
None,EDSA,None,None,"Unknown, Side Swipe, 0.0 drivers_injured, 0.0 drivers_killed, 0.0 passengers_injured, 0.0 passengers_killed, 0.0 pedestrian_injured, 0.0 pedestrian_killed, Fair, EDSA before Shaw Blvd.  Mandaluyong",MMDA Road Safety Unit,,9455d7ce-f29b-43c5-8080-755e1cd66546,2010-08-23,05:45:00,EDSA fronting Starmall Mandaluyong,0,0,0,0,0,0,0,0,0,0,2010-08-23 13:45,Property,14.58181186,121.0539351,Side Swipe
None,EDSA,None,None,"Unknown, Side Swipe, 0.0 drivers_injured, 0.0 drivers_killed, 0.0 passengers_injured, 0.0 passengers_killed, 0.0 pedestrian_injured, 0.0 pedestrian_killed, Fair, EDSA Shaw Blvd. Mandaluyong",MMDA Road Safety Unit,,651194f1-85a5-4937-8c5a-b8f92abf6877,2010-08-17,09:20:00,EDSA fronting Highway 54  Mandaluyong,0,0,0,0,0,0,0,0,0,0,2010-08-17 17:20,Property,14.58119822,121.0534578,Side Swipe
None,EDSA,None,None,"Unknown, Hit and Run (No Collision Stated), 0.0 drivers_injured, 0.0 drivers_killed, 0.0 passengers_injured, 0.0 passengers_killed, 0.0 pedestrian_injured, 0.0 pedestrian_killed, Fair, EDSA Ortigas Ave. Mandaluyong",MMDA Road Safety Unit,,50374688-a9f2-43c9-8725-c2f7827ce90f,2010-08-08,02:30:00,EDSA Approaching Pioneer Mandaluyong,0,0,0,0,0,0,0,0,0,0,2010-08-08 10:30,Property,14.59305232,121.0585643,No Collision Stated
None,EDSA,None,None,"Unknown, Angle Impact, 0.0 drivers_injured, 0.0 drivers_killed, 0.0 passengers_injured, 0.0 passengers_killed, 0.0 pedestrian_injured, 0.0 pedestrian_killed, Fair, EDSA Shaw Blvd. Mandaluyong",MMDA Road Safety Unit,,d9a9c275-145b-43fa-a5ce-46a136311984,2010-08-07,19:00:00,EDSA fronting Highway 54  Mandaluyong,0,0,0,0,0,0,0,0,0,0,2010-08-08 3:00,Property,14.58119822,121.0534578,Angle Impact
None,EDSA,None,None,"Unknown, Rear-end, 0.0 drivers_injured, 0.0 drivers_killed, 0.0 passengers_injured, 0.0 passengers_killed, 0.0 pedestrian_injured, 0.0 pedestrian_killed, Fair, EDSA  after MRT-Boni Station Mandaluyong",MMDA Road Safety Unit,,28c83786-2fdc-4706-8c68-bf7df5f0ff28,2010-08-03,07:00:00,EDSA Shaw Blvd. Mandaluyong,0,0,0,0,0,0,0,0,0,0,2010-08-03 15:00,Property,14.57398923,121.0484392,Rear-End
None,EDSA,None,None,"Unknown, Side Swipe, 0.0 drivers_injured, 0.0 drivers_killed, 0.0 passengers_injured, 0.0 passengers_killed, 0.0 pedestrian_injured, 0.0 pedestrian_killed, Fair, EDSA fronting Highway 54, Shaw Blvd. Mandaluyong",MMDA Road Safety Unit,,9334c82b-b2ae-4f80-9d3e-a503de5d350f,2010-07-27,08:30:00,EDSA fronting Starmall Mandaluyong,0,0,0,0,0,0,0,0,0,0,2010-07-27 16:30,Property,14.58501685,121.0556077,Side Swipe
None,EDSA,None,None,"Unknown, Rear-end, 0.0 drivers_injured, 0.0 drivers_killed, 0.0 passengers_injured, 0.0 passengers_killed, 0.0 pedestrian_injured, 0.0 pedestrian_killed, Fair, EDSA fronting Robinson's Place  Mandaluyong",MMDA Road Safety Unit,,d836975f-cf24-47e4-a68e-ab65defd2b9e,2010-07-25,09:30:00,EDSA Shaw Blvd. Mandaluyong,0,0,0,0,0,0,0,0,0,0,2010-07-25 17:30,Property,14.57143562,121.046866,Rear-End
None,EDSA,None,None,"Unknown, Side Swipe, 0.0 drivers_injured, 0.0 drivers_killed, 0.0 passengers_injured, 0.0 passengers_killed, 0.0 pedestrian_injured, 0.0 pedestrian_killed, Fair, EDSA fronting Robinson's Place  Mandaluyong",MMDA Road Safety Unit,,21e113d6-13e2-42d3-811d-a96040ce799b,2010-07-25,03:30:00,EDSA Shaw Blvd. Mandaluyong,0,0,0,0,0,0,0,0,0,0,2010-07-25 11:30,Property,14.57143562,121.046866,Side Swipe
None,EDSA,None,None,"Unknown, Side Swipe, 0.0 drivers_injured, 0.0 drivers_killed, 0.0 passengers_injured, 0.0 passengers_killed, 0.0 pedestrian_injured, 0.0 pedestrian_killed, Fair, EDSA fronting Starmall Mandaluyong",MMDA Road Safety Unit,,7d9ac8d2-37e1-48e3-ac22-b3d48f6114bb,2010-07-25,03:20:00,EDSA Apo St.  Mandaluyong,0,0,0,0,0,0,0,0,0,0,2010-07-25 11:20,Property,14.5820399,121.0540545,Side Swipe
None,EDSA,None,None,"Unknown, Rear-end, 0.0 drivers_injured, 0.0 drivers_killed, 0.0 passengers_injured, 0.0 passengers_killed, 0.0 pedestrian_injured, 0.0 pedestrian_killed, Fair, EDSA approaching EDSA Central Mandaluyong",MMDA Road Safety Unit,,59c3a6b8-3dbc-427a-b45b-8c5c23089f82,2010-07-23,06:00:00,EDSA after POEA Mandaluyong,0,0,0,0,0,0,0,0,0,0,2010-07-23 14:00,Property,14.57935103,121.0524659,Rear-End
None,EDSA,None,None,"Unknown, Rear-end, 0.0 drivers_injured, 0.0 drivers_killed, 0.0 passengers_injured, 0.0 passengers_killed, 0.0 pedestrian_injured, 0.0 pedestrian_killed, Fair, EDSA fronting Highway 54 Bldg. Mandaluyong",MMDA Road Safety Unit,,38be53bd-77c0-41d7-b2d1-3431a445e685,2010-07-21,23:25:00,EDSA after Reliance St. Mandaluyong,0,0,0,0,0,0,0,0,0,0,2010-07-22 7:25,Property,14.58501685,121.0556077,Rear-End
None,EDSA,None,None,"Unknown, Rear-end, 0.0 drivers_injured, 0.0 drivers_killed, 0.0 passengers_injured, 0.0 passengers_killed, 0.0 pedestrian_injured, 0.0 pedestrian_killed, Fair, EDSA Ortigas Ave. Mandaluyong",MMDA Road Safety Unit,,4b90da16-855d-4305-ac68-5f2fb18d7162,2010-07-21,21:10:00,"EDSA Guadix St, Mandaluyong",0,0,0,0,0,0,0,0,0,0,2010-07-22 5:10,Property,14.59305232,121.0585643,Rear-End
None,EDSA,None,None,"Unknown, Hit Object (No Object Stated), 0.0 drivers_injured, 0.0 drivers_killed, 0.0 passengers_injured, 0.0 passengers_killed, 0.0 pedestrian_injured, 0.0 pedestrian_killed, Fair, EDSA fronting Starmall, Bgy. Addition Hills Mandaluyong",MMDA Road Safety Unit,,885b82d6-4236-4d78-98dd-da8601b9d896,2010-07-20,10:55:00,EDSA Ortigas Ave. Mandaluyong,0,0,0,0,0,0,0,0,0,0,2010-07-20 18:55,Property,14.5820399,121.0540545,Hit Object
None,EDSA,None,None,"Unknown, Side Swipe, 0.0 drivers_injured, 0.0 drivers_killed, 0.0 passengers_injured, 0.0 passengers_killed, 0.0 pedestrian_injured, 0.0 pedestrian_killed, Fair, EDSA approaching MRT-Boni Station Mandaluyong",MMDA Road Safety Unit,,6c2c3329-6047-4e23-b110-82fbbf2e28d0,2010-07-20,01:45:00,EDSA Pioneer St. Mandaluyong,0,0,0,0,0,0,0,0,0,0,2010-07-20 9:45,Property,14.5738188,121.0480564,Side Swipe
None,EDSA,None,None,"Unknown, Side Swipe, 0.0 drivers_injured, 0.0 drivers_killed, 0.0 passengers_injured, 0.0 passengers_killed, 0.0 pedestrian_injured, 0.0 pedestrian_killed, Fair, EDSA fronting Starmall, Bgy. Addition Hills Mandaluyong",MMDA Road Safety Unit,,811c617d-b5c6-4fda-937b-b514ae9b099c,2010-07-20,01:00:00,EDSA after Shaw Blvd. Mandaluyong,0,0,0,0,0,0,0,0,0,0,2010-07-20 9:00,Property,14.5820399,121.0540545,Side Swipe
None,EDSA,None,None,"Unknown, Angle Impact, 0.0 drivers_injured, 0.0 drivers_killed, 0.0 passengers_injured, 0.0 passengers_killed, 0.0 pedestrian_injured, 0.0 pedestrian_killed, Fair, EDSA Ortigas Ave. Mandaluyong",MMDA Road Safety Unit,,36916759-2f50-42ee-9611-7cb8e972ca14,2010-07-16,07:00:00,EDSA fronting Highway 54  Mandaluyong,0,0,0,0,0,0,0,0,0,0,2010-07-16 15:00,Property,14.59305232,121.0585643,Angle Impact
None,EDSA,None,None,"Unknown, Side Swipe, 0.0 drivers_injured, 0.0 drivers_killed, 0.0 passengers_injured, 0.0 passengers_killed, 0.0 pedestrian_injured, 0.0 pedestrian_killed, Fair, EDSA fronting Starmall Mandaluyong",MMDA Road Safety Unit,,eb6ccaa6-6486-4b40-9bf3-ec622906821e,2010-07-15,05:30:00,EDSA approaching Shaw Blvd. Mandaluyong,0,0,0,0,0,0,0,0,0,0,2010-07-15 13:30,Property,14.5820399,121.0540545,Side Swipe
None,EDSA,None,None,"Unknown, Angle Impact, 0.0 drivers_injured, 0.0 drivers_killed, 0.0 passengers_injured, 0.0 passengers_killed, 0.0 pedestrian_injured, 0.0 pedestrian_killed, Fair, EDSA Shaw Blvd.  Mandaluyong",MMDA Road Safety Unit,,3f7c8489-b394-4565-9e81-fb6be94769d5,2010-07-14,04:35:00,EDSA fronting SM Megamall Mandaluyong,0,0,0,0,0,0,0,0,0,0,2010-07-14 12:35,Property,14.58119822,121.0534578,Angle Impact
None,EDSA,None,None,"Unknown, Side Swipe, 0.0 drivers_injured, 0.0 drivers_killed, 0.0 passengers_injured, 0.0 passengers_killed, 0.0 pedestrian_injured, 0.0 pedestrian_killed, Fair, EDSA fronting Polymedic  Mandaluyong",MMDA Road Safety Unit,,4a0b0919-03e3-4822-9cf5-776e6b4304a2,2010-07-14,01:25:00,EDSA after Highway 54  Mandaluyong,0,0,0,0,0,0,0,0,0,0,2010-07-14 9:25,Property,14.57683771,121.0502493,Side Swipe
None,EDSA,None,None,"Unknown, Side Swipe, 0.0 drivers_injured, 0.0 drivers_killed, 0.0 passengers_injured, 0.0 passengers_killed, 0.0 pedestrian_injured, 0.0 pedestrian_killed, Fair, EDSA before Shaw Blvd., fronting EDSA Central Mandaluyong",MMDA Road Safety Unit,,820c1807-7473-4aa0-b023-848c3a6539a6,2010-07-10,09:45:00,EDSA fronting SM Megamall Mandaluyong,0,0,0,0,0,0,0,0,0,0,2010-07-10 17:45,Property,14.57985972,121.0528674,Side Swipe
None,EDSA,None,None,"Unknown, Side Swipe, 0.0 drivers_injured, 0.0 drivers_killed, 0.0 passengers_injured, 0.0 passengers_killed, 0.0 pedestrian_injured, 0.0 pedestrian_killed, Fair, EDSA fronting Shangri-La  Mandaluyong",MMDA Road Safety Unit,,aad6279c-ac1c-4982-af82-3976598607e6,2010-07-08,09:00:00,EDSA Boni Ave. Mandaluyong,0,0,0,0,0,0,0,0,0,0,2010-07-08 17:00,Property,14.5825601,121.0547716,Side Swipe
None,EDSA,None,None,"Unknown, Rear-end, 0.0 drivers_injured, 0.0 drivers_killed, 0.0 passengers_injured, 0.0 passengers_killed, 0.0 pedestrian_injured, 0.0 pedestrian_killed, Fair, EDSA fronting Go Hotel  Mandaluyong",MMDA Road Safety Unit,,f4dac5fb-fa72-46ed-9a0c-0ad762e8aaaf,2010-07-06,06:30:00,EDSA fronting Dr. Victor R. Potenciano Medical Center (Former Polymedic) Mandaluyong,0,0,0,0,0,0,0,0,0,0,2010-07-06 14:30,Property,14.57004556,121.0464756,Rear-End
None,EDSA,None,None,"Unknown, Side Swipe, 0.0 drivers_injured, 0.0 drivers_killed, 0.0 passengers_injured, 0.0 passengers_killed, 0.0 pedestrian_injured, 0.0 pedestrian_killed, Fair, EDSA Pinatubo St. Mandaluyong",MMDA Road Safety Unit,,14bc35d7-c4e9-404a-9c5f-97509590d4ff,2010-07-04,12:45:00,EDSA Shaw Blvd. (Crossing) Mandaluyong,0,0,0,0,0,0,0,0,0,0,2010-07-04 20:45,Property,14.57321369,121.0476439,Side Swipe
None,EDSA,None,None,"Unknown, Rear-end, 0.0 drivers_injured, 0.0 drivers_killed, 0.0 passengers_injured, 0.0 passengers_killed, 0.0 pedestrian_injured, 0.0 pedestrian_killed, Dry, EDSA Shaw Blvd. Mandaluyong",MMDA Road Safety Unit,,db43633b-e9db-445d-85e3-748e9db5d9a9,2010-06-17,00:30:00,EDSA before Robinson Place-Pioneer Mandaluyong,0,0,0,0,0,0,0,0,0,0,2010-06-17 8:30,Property,14.58119822,121.0534578,Rear-End
None,EDSA,None,None,"Unknown, Rear-end, 0.0 drivers_injured, 0.0 drivers_killed, 0.0 passengers_injured, 0.0 passengers_killed, 0.0 pedestrian_injured, 0.0 pedestrian_killed, Dry, EDSA Approaching Madison St. Mandaluyong",MMDA Road Safety Unit,,84d0a1d1-a952-4caa-9011-12f7cd604487,2010-06-15,06:30:00,"EDSA Shaw Blvd., fronting Star Mall Mandaluyong",0,0,0,0,0,0,0,0,0,0,2010-06-15 14:30,Property,14.57438733,121.0487254,Rear-End
None,EDSA,None,None,"Unknown, Rear-end, 0.0 drivers_injured, 0.0 drivers_killed, 0.0 passengers_injured, 0.0 passengers_killed, 0.0 pedestrian_injured, 0.0 pedestrian_killed, Dry, EDSA fronting Go Hotel Mandaluyong",MMDA Road Safety Unit,,a1a85af9-7fa1-45d7-a079-14d7f0535eb3,2010-06-13,09:00:00,EDSA fronting SM Megamall Mandaluyong,0,0,0,0,0,0,0,0,0,0,2010-06-13 17:00,Property,14.57004556,121.0464756,Rear-End
None,EDSA,None,None,"Unknown, Rear-end, 0.0 drivers_injured, 0.0 drivers_killed, 0.0 passengers_injured, 0.0 passengers_killed, 0.0 pedestrian_injured, 0.0 pedestrian_killed, Dry, EDSA after Total gas Station Mandaluyong",MMDA Road Safety Unit,,ad8d7611-e2e1-41f3-bde7-77b613073360,2010-06-08,02:00:00,EDSA Connecticut St. Mandaluyong,0,0,0,0,0,0,0,0,0,0,2010-06-08 10:00,Property,14.57457616,121.0485762,Rear-End
None,EDSA,None,None,"Unknown, Rear-end, 0.0 drivers_injured, 0.0 drivers_killed, 0.0 passengers_injured, 0.0 passengers_killed, 0.0 pedestrian_injured, 0.0 pedestrian_killed, Dry, EDSA Approaching Guadix Mandaluyong",MMDA Road Safety Unit,,948d1efb-176c-4b7a-beaf-f70fa6b33294,2010-06-06,08:45:00,EDSA Ortigas Ave. Mandaluyong,0,0,0,0,0,0,0,0,0,0,2010-06-06 16:45,Property,14.58906773,121.0572173,Rear-End
None,EDSA,None,None,"Unknown, Side Swipe, 0.0 drivers_injured, 0.0 drivers_killed, 0.0 passengers_injured, 0.0 passengers_killed, 0.0 pedestrian_injured, 0.0 pedestrian_killed, Dry, EDSA fronting mRT Station / Ortigas Mandaluyong",MMDA Road Safety Unit,,7744ec56-6eba-4106-807b-95e6ac8a81e1,2010-06-06,03:50:00,EDSA Reliance St. Mandaluyong,0,0,0,0,0,0,0,0,0,0,2010-06-06 11:50,Property,14.58775507,121.0566756,Side Swipe
None,EDSA,None,None,"Unknown, Side Swipe, 1.0 drivers_injured, 0.0 drivers_killed, 0.0 passengers_injured, 0.0 passengers_killed, 0.0 pedestrian_injured, 0.0 pedestrian_killed, Dry, EDSA fronting MRT Station Ortigas  Mandaluyong",MMDA Road Safety Unit,,ad85702a-cbde-4128-95a1-ea57a46ae1ab,2010-06-06,03:50:00,EDSA fronting MRT-Boni Station Mandaluyong,0,0,0,1,0,0,0,0,0,1,2010-06-06 11:50,Injury,14.58775604,121.0567921,Side Swipe
None,EDSA,None,None,"Unknown, Side Swipe, 0.0 drivers_injured, 0.0 drivers_killed, 0.0 passengers_injured, 0.0 passengers_killed, 0.0 pedestrian_injured, 0.0 pedestrian_killed, Dry, EDSA Approaching Libertad St. Mandaluyong",MMDA Road Safety Unit,,7a571f10-38cd-4071-9fcf-be220f979d6d,2010-06-06,03:15:00,EDSA Boni Avenue Mandaluyong,0,0,0,0,0,0,0,0,0,0,2010-06-06 11:15,Property,14.57903253,121.0518074,Side Swipe
None,EDSA,None,None,"Unknown, Side Swipe, 0.0 drivers_injured, 0.0 drivers_killed, 0.0 passengers_injured, 0.0 passengers_killed, 0.0 pedestrian_injured, 0.0 pedestrian_killed, Dry, EDSA Shaw Blvd Mandaluyong",MMDA Road Safety Unit,,b88c4787-5343-44a5-b32b-0038068fdb43,2010-05-29,21:30:00,EDSA Reliance St. Mandaluyong,0,0,0,0,0,0,0,0,0,0,2010-05-30 5:30,Property,14.58119822,121.0534578,Side Swipe
None,EDSA,None,None,"Unknown, Rear-end, 0.0 drivers_injured, 0.0 drivers_killed, 0.0 passengers_injured, 0.0 passengers_killed, 0.0 pedestrian_injured, 0.0 pedestrian_killed, Dry, EDSA Approaching Guadalupe Bridge Mandaluyong",MMDA Road Safety Unit,,bcf1b3e8-d2f8-4ed4-bb73-19568f3affaa,2010-05-28,06:45:00,EDSA after POEA  Mandaluyong,0,0,0,0,0,0,0,0,0,0,2010-05-28 14:45,Property,14.56926089,121.0459637,Rear-End
None,EDSA,None,None,"Human Error, Side Swipe, 0.0 drivers_injured, 0.0 drivers_killed, 0.0 passengers_injured, 0.0 passengers_killed, 0.0 pedestrian_injured, 0.0 pedestrian_killed, Dry, EDSA Connecticut St. Mandaluyong",MMDA Road Safety Unit,,0ad89c5b-0e22-4c78-838d-4ce927d063ce,2010-05-25,05:15:00,EDSA Sultan St. Mandaluyong,0,0,0,0,0,0,0,0,0,0,2010-05-25 13:15,Property,14.60151411,121.0591478,Side Swipe
None,EDSA,None,None,"Unknown, Rear-end, 0.0 drivers_injured, 0.0 drivers_killed, 0.0 passengers_injured, 0.0 passengers_killed, 0.0 pedestrian_injured, 0.0 pedestrian_killed, Dry, EDSA after Shaw Blvd.  Mandaluyong",MMDA Road Safety Unit,,9fe8cc10-2f0d-4b6e-93b8-15bf0540d022,2010-05-21,06:30:00,EDSA Shaw Blvd. Mandaluyong,0,0,0,0,0,0,0,0,0,0,2010-05-21 14:30,Property,14.58102963,121.053312,Rear-End
None,EDSA,None,None,"Unknown, Rear-end, 0.0 drivers_injured, 0.0 drivers_killed, 0.0 passengers_injured, 0.0 passengers_killed, 0.0 pedestrian_injured, 0.0 pedestrian_killed, Dry, EDSA Shaw Blvd. Mandaluyong",MMDA Road Safety Unit,,2c2152eb-1d44-4d27-8fcd-03b147fdc66a,2010-05-16,21:20:00,EDSA fronting Shangri-La Plaza Mandaluyong,0,0,0,0,0,0,0,0,0,0,2010-05-17 5:20,Property,14.58119822,121.0534578,Rear-End
None,EDSA,None,None,"Unknown, Side Swipe, 0.0 drivers_injured, 0.0 drivers_killed, 0.0 passengers_injured, 0.0 passengers_killed, 0.0 pedestrian_injured, 0.0 pedestrian_killed, Dry, EDSA after Boni Avenue Mandaluyong",MMDA Road Safety Unit,,1cbfefe6-42ab-45df-9733-06199b9996a7,2010-05-16,05:30:00,EDSA Ortigas Ave. Mandaluyong,0,0,0,0,0,0,0,0,0,0,2010-05-16 13:30,Property,14.57203353,121.0468853,Side Swipe
None,EDSA,None,None,"Unknown, Other (Backing Collision), 0.0 drivers_injured, 0.0 drivers_killed, 0.0 passengers_injured, 0.0 passengers_killed, 0.0 pedestrian_injured, 0.0 pedestrian_killed, Dry, EDSA before Star mall  Mandaluyong",MMDA Road Safety Unit,,15909647-18a9-4b9f-a10e-d43348921265,2010-05-16,03:05:00,EDSA fronting MRT-Ortigas Station Mandaluyong,0,0,0,0,0,0,0,0,0,0,2010-05-16 11:05,Property,14.58307393,121.0547426,Rear-End
None,EDSA,None,None,"Human Error, Side Swipe, 0.0 drivers_injured, 0.0 drivers_killed, 0.0 passengers_injured, 0.0 passengers_killed, 0.0 pedestrian_injured, 0.0 pedestrian_killed, Dry, EDSA before Robinson Pioneer  Mandaluyong",MMDA Road Safety Unit,,f8a6a777-0ead-4102-a3e0-61713f3fc3a3,2010-05-13,15:30:00,EDSA Shaw Blvd. Mandaluyong,0,0,0,0,0,0,0,0,0,0,2010-05-13 23:30,Property,14.57035516,121.0465778,Side Swipe
None,EDSA,None,None,"Unknown, Rear-end, 0.0 drivers_injured, 0.0 drivers_killed, 0.0 passengers_injured, 0.0 passengers_killed, 0.0 pedestrian_injured, 0.0 pedestrian_killed, Dry, EDSA before Shaw Blvd.  Mandaluyong",MMDA Road Safety Unit,,c4c0540e-a0c4-489b-bb01-03354abd575e,2010-05-13,04:00:00,EDSA fronting MRT-Ortigas Station Mandaluyong,0,0,0,0,0,0,0,0,0,0,2010-05-13 12:00,Property,14.58181186,121.0539351,Rear-End
None,EDSA,None,None,"Unknown, Rear-end, 0.0 drivers_injured, 0.0 drivers_killed, 0.0 passengers_injured, 0.0 passengers_killed, 0.0 pedestrian_injured, 0.0 pedestrian_killed, Dry, EDSA Boni MRT Station Mandaluyong",MMDA Road Safety Unit,,5bdf31d1-68fa-43c7-9978-bfc559dfe2e8,2010-05-12,23:00:00,EDSA fronting Starmall Mandaluyong,0,0,0,0,0,0,0,0,0,0,2010-05-13 7:00,Property,14.57372098,121.0479555,Rear-End
None,EDSA,None,None,"Unknown, Rear-end, 0.0 drivers_injured, 0.0 drivers_killed, 0.0 passengers_injured, 0.0 passengers_killed, 0.0 pedestrian_injured, 0.0 pedestrian_killed, Dry, EDSA fronting GT Tower Boni  Mandaluyong",MMDA Road Safety Unit,,c99bed5d-f7c6-4d6b-b5aa-7184f0ba0aef,2010-05-12,22:30:00,EDSA fronting SM Megamall Mandaluyong,0,0,0,0,0,0,0,0,0,0,2010-05-13 6:30,Property,14.57412568,121.0483153,Rear-End
None,EDSA,None,None,"Unknown, Side Swipe, 0.0 drivers_injured, 0.0 drivers_killed, 0.0 passengers_injured, 0.0 passengers_killed, 0.0 pedestrian_injured, 0.0 pedestrian_killed, Dry, EDSA Boni Avenue Mandaluyong",MMDA Road Safety Unit,,30a7fff1-fb13-4477-9f72-0ba26e8343ba,2010-05-11,07:30:00,EDSA Libertad St.  Mandaluyong,0,0,0,0,0,0,0,0,0,0,2010-05-11 15:30,Property,14.57241376,121.0474637,Side Swipe
None,EDSA,None,None,"Unknown, Side Swipe, 0.0 drivers_injured, 0.0 drivers_killed, 0.0 passengers_injured, 0.0 passengers_killed, 0.0 pedestrian_injured, 0.0 pedestrian_killed, Dry, EDSA after Sultan St. Mandaluyong",MMDA Road Safety Unit,,0bf7d88b-5b13-40f6-8bf2-ea3584e8b20a,2010-05-04,03:00:00,"EDSA fronting MMDA Office, Ortigas Mandaluyong",0,0,0,0,0,0,0,0,0,0,2010-05-04 11:00,Property,14.58037,121.0528375,Side Swipe
None,EDSA,None,None,"Unknown, Side Swipe, 0.0 drivers_injured, 0.0 drivers_killed, 0.0 passengers_injured, 0.0 passengers_killed, 0.0 pedestrian_injured, 0.0 pedestrian_killed, Dry, EDSA before Pioneer St. Mandaluyong",MMDA Road Safety Unit,,b0a1af83-1083-424b-b277-24e5a5b44d39,2010-05-02,11:30:00,EDSA Starmall Mandaluyong,0,0,0,0,0,0,0,0,0,0,2010-05-02 19:30,Property,14.57215391,121.0472509,Side Swipe
None,EDSA,None,None,"Unknown, Other (Backing Collision), 0.0 drivers_injured, 0.0 drivers_killed, 0.0 passengers_injured, 0.0 passengers_killed, 0.0 pedestrian_injured, 0.0 pedestrian_killed, Dry, EDSA fronting POEA Mandaluyong",MMDA Road Safety Unit,,9fb92176-74b1-4777-8fc0-39aeca9a8a9b,2010-05-02,05:30:00,EDSA Apo St. Mandaluyong,0,0,0,0,0,0,0,0,0,0,2010-05-02 13:30,Property,14.59323247,121.0581387,Rear-End
None,EDSA,None,None,"Unknown, Side Swipe, 0.0 drivers_injured, 0.0 drivers_killed, 0.0 passengers_injured, 0.0 passengers_killed, 0.0 pedestrian_injured, 0.0 pedestrian_killed, Dry, EDSA fronting Star Mall / Wack Wack  Mandaluyong",MMDA Road Safety Unit,,6592697d-45d1-4860-81c5-68633150e49e,2010-04-28,23:00:00,EDSA Libertad St. Mandaluyong,0,0,0,0,0,0,0,0,0,0,2010-04-29 7:00,Property,14.5820399,121.0540545,Side Swipe
None,EDSA,None,None,"Unknown, Side Swipe, 0.0 drivers_injured, 0.0 drivers_killed, 0.0 passengers_injured, 0.0 passengers_killed, 0.0 pedestrian_injured, 0.0 pedestrian_killed, Dry, EDSA after Pinatubo St.  Mandaluyong",MMDA Road Safety Unit,,47d77ae4-955a-4017-974b-5f8a44b7a417,2010-04-27,20:35:00,EDSA fronting EDSA Central Mandaluyong,0,0,0,0,0,0,0,0,0,0,2010-04-28 4:35,Property,14.57309599,121.0475584,Side Swipe
None,EDSA,None,None,"Unknown, Side Swipe, 0.0 drivers_injured, 0.0 drivers_killed, 0.0 passengers_injured, 0.0 passengers_killed, 0.0 pedestrian_injured, 0.0 pedestrian_killed, Dry, EDSA Crossing Mall Mandaluyong",MMDA Road Safety Unit,,21ef91ef-6d87-42ea-bb21-25dbda92f6c5,2010-04-26,01:45:00,EDSA Pioneer St. Mandaluyong,0,0,0,0,0,0,0,0,0,0,2010-04-26 9:45,Property,14.58212391,121.0540758,Side Swipe
None,EDSA,None,None,"Unknown, Side Swipe, 0.0 drivers_injured, 0.0 drivers_killed, 0.0 passengers_injured, 0.0 passengers_killed, 0.0 pedestrian_injured, 0.0 pedestrian_killed, Dry, EDSA Before MRT Station Boni  Mandaluyong",MMDA Road Safety Unit,,3e2f247f-471d-425a-aadc-aef54ee75221,2010-04-22,05:55:00,EDSA Guadalupe Bridge Mandaluyong,0,0,0,0,0,0,0,0,0,0,2010-04-22 13:55,Property,14.57342874,121.0478918,Side Swipe
None,EDSA,None,None,"Unknown, Side Swipe, 0.0 drivers_injured, 0.0 drivers_killed, 0.0 passengers_injured, 0.0 passengers_killed, 0.0 pedestrian_injured, 0.0 pedestrian_killed, Dry, EDSA Libertad St. Mandaluyong",MMDA Road Safety Unit,,1dfa892e-7b42-49c7-bc34-a0080620713b,2010-04-21,10:20:00,EDSA Libertad fronting Mercury Mandaluyong,0,0,0,0,0,0,0,0,0,0,2010-04-21 18:20,Property,14.57859094,121.0516172,Side Swipe
None,EDSA,None,None,"Unknown, Side Swipe, 0.0 drivers_injured, 0.0 drivers_killed, 0.0 passengers_injured, 0.0 passengers_killed, 0.0 pedestrian_injured, 0.0 pedestrian_killed, Dry, EDSA Guadix Drive Mandaluyong",MMDA Road Safety Unit,,1724601a-871d-45ec-b02b-682548afe025,2010-04-18,03:30:00,"EDSA Julia Vargas , Megamall Mandaluyong",0,0,0,0,0,0,0,0,0,0,2010-04-18 11:30,Property,14.58948577,121.0573946,Side Swipe
None,EDSA,None,None,"Unknown, Side Swipe, 0.0 drivers_injured, 0.0 drivers_killed, 0.0 passengers_injured, 0.0 passengers_killed, 0.0 pedestrian_injured, 0.0 pedestrian_killed, Dry, EDSA fronting Shangrila Hotel / Shaw Blvd. Mandaluyong",MMDA Road Safety Unit,,4b308cf9-e228-4532-b526-38c7f0dfe40f,2010-04-16,14:50:00,EDSA before Boni Ave. Mandaluyong,0,0,0,0,0,0,0,0,0,0,2010-04-16 22:50,Property,14.5825601,121.0547716,Side Swipe
None,EDSA,None,None,"Unknown, Rear-end, 0.0 drivers_injured, 0.0 drivers_killed, 0.0 passengers_injured, 0.0 passengers_killed, 0.0 pedestrian_injured, 0.0 pedestrian_killed, Dry, EDSA fronting Star Mall  Mandaluyong",MMDA Road Safety Unit,,c0d7347d-42ab-4589-861b-cb07cfc7d2a7,2010-04-15,10:05:00,EDSA fronting Highway 54  Mandaluyong,0,0,0,0,0,0,0,0,0,0,2010-04-15 18:05,Property,14.5820399,121.0540545,Rear-End