LOCATION_TEXT,ROAD,WEATHER,LIGHT,DESC,REPORTING_AGENCY,MAIN_CAUSE,INCIDENTDETAILS_ID,DATE_UTC,TIME_UTC,ADDRESS,killed_driver,killed_passenger,killed_pedestrian,injured_driver,injured_passenger,injured_pedestrian,killed_uncategorized,injured_uncategorized,killed_total,injured_total,DATETIME_PST,SEVERITY,Y,X,COLLISION_TYPE
None,EDSA,None,None,"Unknown, Side Swipe, 0.0 drivers_injured, 0.0 drivers_killed, 0.0 passengers_injured, 0.0 passengers_killed, 0.0 pedestrian_injured, 0.0 pedestrian_killed, Dry, EDSA Shaw Blvd.  Mandaluyong",MMDA Road Safety Unit,,a041f0de-06a1-49bd-afff-1d86b5cc21b9,2010-04-15,05:00:00,EDSA MegaMall Exit N/B Mandaluyong,0,0,0,0,0,0,0,0,0,0,2010-04-15 13:00,Property,14.58119822,121.0534578,Side Swipe
None,EDSA,None,None,"Unknown, Rear-end, 0.0 drivers_injured, 0.0 drivers_killed, 0.0 passengers_injured, 0.0 passengers_killed, 0.0 pedestrian_injured, 0.0 pedestrian_killed, Dry, EDSA Shaw Blvd. Mandaluyong",MMDA Road Safety Unit,,3bf06ccc-0514-41a9-a262-176eb180d867,2010-04-14,12:30:00,"EDSA fronting Mercury Drugstore, Libertad Mandaluyong",0,0,0,0,0,0,0,0,0,0,2010-04-14 20:30,Property,14.58119822,121.0534578,Rear-End
None,EDSA,None,None,"Unknown, Side Swipe, 0.0 drivers_injured, 0.0 drivers_killed, 0.0 passengers_injured, 0.0 passengers_killed, 0.0 pedestrian_injured, 0.0 pedestrian_killed, Dry, EDSA Robinson's Place / Pioneer St. Mandaluyong",MMDA Road Safety Unit,,39920a77-bb0d-4461-bad3-05bac9825ffe,2010-04-14,02:30:00,EDSA Julia Vargas Fronting MagaMall Mandaluyong,0,0,0,0,0,0,0,0,0,0,2010-04-14 10:30,Property,14.57190409,121.0471319,Side Swipe
None,EDSA,None,None,"Unknown, Rear-end, 0.0 drivers_injured, 0.0 drivers_killed, 0.0 passengers_injured, 0.0 passengers_killed, 0.0 pedestrian_injured, 0.0 pedestrian_killed, Dry, EDSA before Polymedic Hospital Mandaluyong",MMDA Road Safety Unit,,6b20647b-8d16-4e4d-8c85-5304b981905d,2010-04-11,06:30:00,EDSA Pioneer St. Brgy Malamig Mandaluyong,0,0,0,0,0,0,0,0,0,0,2010-04-11 14:30,Property,14.57706621,121.0504511,Rear-End
None,EDSA,None,None,"Unknown, Side Swipe, 0.0 drivers_injured, 0.0 drivers_killed, 0.0 passengers_injured, 0.0 passengers_killed, 0.0 pedestrian_injured, 0.0 pedestrian_killed, Dry, EDSA MRT Ortigas Station Mandaluyong",MMDA Road Safety Unit,,0085f89f-2b67-41f6-acc6-6439e56eb137,2010-04-10,11:05:00,EDSA Libertad St. Mandaluyong,0,0,0,0,0,0,0,0,0,0,2010-04-10 19:05,Property,14.58790822,121.0566183,Side Swipe
None,EDSA,None,None,"Unknown, Side Swipe, 0.0 drivers_injured, 0.0 drivers_killed, 0.0 passengers_injured, 0.0 passengers_killed, 0.0 pedestrian_injured, 0.0 pedestrian_killed, Dry, EDSA Pioneer St.  Mandaluyong",MMDA Road Safety Unit,,24b638ea-1d48-4d7d-a809-33413dfe05fb,2010-04-08,02:00:00,EDSA anapolis st Mandaluyong,0,0,0,0,0,0,0,0,0,0,2010-04-08 10:00,Property,14.57236671,121.0472702,Side Swipe
None,EDSA,None,None,"Unknown, Side Swipe, 0.0 drivers_injured, 0.0 drivers_killed, 0.0 passengers_injured, 0.0 passengers_killed, 0.0 pedestrian_injured, 0.0 pedestrian_killed, Dry, EDSA fronting Hi-way 54 Bldg. Mandaluyong",MMDA Road Safety Unit,,fe2fc32e-82e0-47ec-8551-33c8e6a2c265,2010-04-07,01:30:00,EDSA Pioneer   Mandaluyong,0,0,0,0,0,0,0,0,0,0,2010-04-07 9:30,Property,14.58501685,121.0556077,Side Swipe
None,EDSA,None,None,"Unknown, Rear-end, 0.0 drivers_injured, 0.0 drivers_killed, 0.0 passengers_injured, 0.0 passengers_killed, 0.0 pedestrian_injured, 0.0 pedestrian_killed, Dry, EDSA fronting Star Mall  Mandaluyong",MMDA Road Safety Unit,,3566c9f9-4d18-4a78-85c5-323d9e193e70,2010-04-01,07:00:00,EDSA fronting Signet Kia Motors Mandaluyong,0,0,0,0,0,0,0,0,0,0,2010-04-01 15:00,Property,14.5820399,121.0540545,Rear-End
None,EDSA,None,None,"Unknown, Side Swipe, 0.0 drivers_injured, 0.0 drivers_killed, 0.0 passengers_injured, 0.0 passengers_killed, 0.0 pedestrian_injured, 0.0 pedestrian_killed, Dry, EDSA fronting G A Tower  Mandaluyong",MMDA Road Safety Unit,,1cf08965-2cc9-4d78-b592-fb224a491d9f,2010-03-31,08:05:00,"EDSA at """"turn slot / Boni Serrano Mandaluyong",0,0,0,0,0,0,0,0,0,0,2010-03-31 16:05,Property,14.57396299,121.0481608,Side Swipe
None,EDSA,None,None,"Unknown, Side Swipe, 0.0 drivers_injured, 0.0 drivers_killed, 0.0 passengers_injured, 0.0 passengers_killed, 0.0 pedestrian_injured, 0.0 pedestrian_killed, Dry, EDSA Approaching Ortigas Avenue  Mandaluyong",MMDA Road Safety Unit,,03b06312-017f-4a74-b49b-165f332187db,2010-03-30,02:00:00,EDSA Boni Ave. Mandaluyong,0,0,0,0,0,0,0,0,0,0,2010-03-30 10:00,Property,14.59378804,121.0584098,Side Swipe
None,EDSA,None,None,"Unknown, Rear-end, 0.0 drivers_injured, 0.0 drivers_killed, 0.0 passengers_injured, 0.0 passengers_killed, 0.0 pedestrian_injured, 0.0 pedestrian_killed, Dry, EDSA Approaching Apo St.  Mandaluyong",MMDA Road Safety Unit,,a82205ad-b838-475b-9e42-56c18884c144,2010-03-29,03:30:00,EDSA Madison St. Mandaluyong,0,0,0,0,0,0,0,0,0,0,2010-03-29 11:30,Property,14.57192821,121.0468714,Rear-End
None,EDSA,None,None,"Unknown, Rear-end, 0.0 drivers_injured, 0.0 drivers_killed, 0.0 passengers_injured, 0.0 passengers_killed, 0.0 pedestrian_injured, 0.0 pedestrian_killed, Dry, EDSA fronting SM Mega Mall / Highway 54 Bldg Mandaluyong",MMDA Road Safety Unit,,52a4d270-2905-4228-9774-02f627c3b1d7,2010-03-28,23:30:00,EDSA Ortigas Ave.(E/B) Mandaluyong,0,0,0,0,0,0,0,0,0,0,2010-03-29 7:30,Property,14.58562556,121.0560947,Rear-End
None,EDSA,None,None,"Unknown, Rear-end, 0.0 drivers_injured, 0.0 drivers_killed, 0.0 passengers_injured, 0.0 passengers_killed, 0.0 pedestrian_injured, 0.0 pedestrian_killed, Dry, EDSA fronting SM Mega Mall  Mandaluyong",MMDA Road Safety Unit,,d35cf25c-df8c-47e3-a24f-09e78fcdc747,2010-03-25,04:30:00,EDSA Shaw Blvd. (NB) Mandaluyong,0,0,0,0,0,0,0,0,0,0,2010-03-25 12:30,Property,14.58562556,121.0560947,Rear-End
None,EDSA,None,None,"Unknown, Side Swipe, 0.0 drivers_injured, 0.0 drivers_killed, 0.0 passengers_injured, 0.0 passengers_killed, 0.0 pedestrian_injured, 0.0 pedestrian_killed, Dry, EDSA fronting Highway 54 Bldg. Mandaluyong",MMDA Road Safety Unit,,dc37b23c-4df6-44af-985e-5d9688e1ec39,2010-03-25,00:40:00,EDSA before Kamayan Restaurant Mandaluyong,0,0,0,0,0,0,0,0,0,0,2010-03-25 8:40,Property,14.58501685,121.0556077,Side Swipe
None,EDSA,None,None,"Unknown, Rear-end, 0.0 drivers_injured, 0.0 drivers_killed, 0.0 passengers_injured, 0.0 passengers_killed, 0.0 pedestrian_injured, 0.0 pedestrian_killed, Dry, EDSA fronting Highway 54 Bldg. Mandaluyong",MMDA Road Safety Unit,,2d7c44df-41ed-4c67-bfab-412cf8626310,2010-03-25,00:05:00,EDSA fronting Landbank Mandaluyong,0,0,0,0,0,0,0,0,0,0,2010-03-25 8:05,Property,14.58501685,121.0556077,Rear-End
None,EDSA,None,None,"Unknown, Rear-end, 0.0 drivers_injured, 0.0 drivers_killed, 0.0 passengers_injured, 0.0 passengers_killed, 0.0 pedestrian_injured, 0.0 pedestrian_killed, Dry, EDSA Boni Avenue Mandaluyong",MMDA Road Safety Unit,,258fbd09-0a89-4f9e-ab26-8bd2e05198be,2010-03-24,04:00:00,EDSA fronting Robinson Galleria Mall Drive Mandaluyong,0,0,0,0,0,0,0,0,0,0,2010-03-24 12:00,Property,14.57241376,121.0474637,Rear-End
None,EDSA,None,None,"Unknown, Side Swipe, 0.0 drivers_injured, 0.0 drivers_killed, 0.0 passengers_injured, 0.0 passengers_killed, 0.0 pedestrian_injured, 0.0 pedestrian_killed, Dry, EDSA Julia Vargas Avenue Mandaluyong",MMDA Road Safety Unit,,4b261341-8d67-403b-a974-cb78705f1279,2010-03-24,01:45:00,EDSA Pioneer St. Mandaluyong,0,0,0,0,0,0,0,0,0,0,2010-03-24 9:45,Property,14.58458553,121.0557595,Side Swipe
None,EDSA,None,None,"Unknown, Side Swipe, 0.0 drivers_injured, 0.0 drivers_killed, 0.0 passengers_injured, 0.0 passengers_killed, 0.0 pedestrian_injured, 0.0 pedestrian_killed, Dry, EDSA fronting SM Mega Mall  Mandaluyong",MMDA Road Safety Unit,,8527651b-9474-4f04-a128-2e4fcb381551,2010-03-08,01:10:00,EDSA Shaw Blvd. Intersection Mandaluyong,0,0,0,0,0,0,0,0,0,0,2010-03-08 9:10,Property,14.58562556,121.0560947,Side Swipe
None,EDSA,None,None,"Unknown, Rear-end, 0.0 drivers_injured, 0.0 drivers_killed, 0.0 passengers_injured, 0.0 passengers_killed, 0.0 pedestrian_injured, 0.0 pedestrian_killed, Dry, EDSA Approaching Boni MRT Station Mandaluyong",MMDA Road Safety Unit,,80fafc0b-09c4-4ad6-8cc7-4f6ce301b26f,2010-03-06,07:25:00,EDSA Ortigas Ave. Mandaluyong,0,0,0,0,0,0,0,0,0,0,2010-03-06 15:25,Property,14.57393119,121.0480752,Rear-End
None,EDSA,None,None,"Unknown, Hit Object (No Object Stated), 0.0 drivers_injured, 0.0 drivers_killed, 0.0 passengers_injured, 0.0 passengers_killed, 0.0 pedestrian_injured, 0.0 pedestrian_killed, Dry, EDSA Ortigas Avenue Mandaluyong",MMDA Road Safety Unit,,2a7a2290-16de-467e-bf41-aaf756f0071b,2010-03-01,02:00:00,EDSA SM Megamall Mandaluyong,0,0,0,0,0,0,0,0,0,0,2010-03-01 10:00,Property,14.59330619,121.0582659,Hit Object
None,EDSA,None,None,"Unknown, Rear-end, 0.0 drivers_injured, 0.0 drivers_killed, 0.0 passengers_injured, 0.0 passengers_killed, 0.0 pedestrian_injured, 0.0 pedestrian_killed, Dry, EDSA fronting Shangrila Mall  Mandaluyong",MMDA Road Safety Unit,,52717033-b062-44da-ada0-92b0ed179e55,2010-02-24,06:15:00,EDSA approaching Libertad St. Mandaluyong,0,0,0,0,0,0,0,0,0,0,2010-02-24 14:15,Property,14.5825601,121.0547716,Rear-End
None,EDSA,None,None,"Unknown, Hit and Run (No Collision Stated), 0.0 drivers_injured, 0.0 drivers_killed, 0.0 passengers_injured, 0.0 passengers_killed, 0.0 pedestrian_injured, 0.0 pedestrian_killed, Dry, EDSA Boni Avenue Mandaluyong",MMDA Road Safety Unit,,db63d37a-975d-4d72-8a94-72043710fde6,2010-02-24,01:00:00,EDSA Boni Ave. Mandaluyong,0,0,0,0,0,0,0,0,0,0,2010-02-24 9:00,Property,14.57241376,121.0474637,No Collision Stated
None,EDSA,None,None,"Unknown, Side Swipe, 0.0 drivers_injured, 0.0 drivers_killed, 0.0 passengers_injured, 0.0 passengers_killed, 0.0 pedestrian_injured, 0.0 pedestrian_killed, Dry, EDSA before Highway 54  Bldg. Mandaluyong",MMDA Road Safety Unit,,ebeed1f4-e8b0-4f8e-baae-1f0a0c122d34,2010-02-22,05:30:00, EDSA United St. Mandaluyong,0,0,0,0,0,0,0,0,0,0,2010-02-22 13:30,Property,14.58544896,121.0557048,Side Swipe
None,EDSA,None,None,"Unknown, Rear-end, 0.0 drivers_injured, 0.0 drivers_killed, 0.0 passengers_injured, 0.0 passengers_killed, 0.0 pedestrian_injured, 0.0 pedestrian_killed, Dry, EDSA Ortigas MRT Stn.  Mandaluyong",MMDA Road Safety Unit,,3c918524-89d3-4145-90ff-f5343cce7708,2010-02-21,06:10:00,EDSA Shaw Blvd. Mandaluyong,0,0,0,0,0,0,0,0,0,0,2010-02-21 14:10,Property,14.58789302,121.0566024,Rear-End
None,EDSA,None,None,"Unknown, Side Swipe, 0.0 drivers_injured, 0.0 drivers_killed, 0.0 passengers_injured, 0.0 passengers_killed, 0.0 pedestrian_injured, 0.0 pedestrian_killed, Dry, EDSA Guadix St. Mandaluyong",MMDA Road Safety Unit,,6520fb5b-289f-4269-9dcb-e669f251c466,2010-02-20,01:45:00,EDSA Pinatubo St. Mandaluyong,0,0,0,0,0,0,0,0,0,0,2010-02-20 9:45,Property,14.58948577,121.0573946,Side Swipe
None,EDSA,None,None,"Unknown, Rear-end, 0.0 drivers_injured, 0.0 drivers_killed, 0.0 passengers_injured, 0.0 passengers_killed, 0.0 pedestrian_injured, 0.0 pedestrian_killed, Dry, EDSA Approaching MRT Station Ortigas  Mandaluyong",MMDA Road Safety Unit,,7db995a7-eb7f-4db8-afba-33d4bae7ceda,2010-02-19,03:45:00,EDSA Boni Ave. Mandaluyong,0,0,0,0,0,0,0,0,0,0,2010-02-19 11:45,Property,14.58792506,121.0566021,Rear-End
None,EDSA,None,None,"Unknown, Side Swipe, 0.0 drivers_injured, 0.0 drivers_killed, 0.0 passengers_injured, 0.0 passengers_killed, 0.0 pedestrian_injured, 0.0 pedestrian_killed, Dry, EDSA fronting POEA Bldg. Mandaluyong",MMDA Road Safety Unit,,9d93e9a7-f165-4cc9-a207-585c000839c4,2010-02-15,02:00:00,EDSA Boni Ave. Mandaluyong,0,0,0,0,0,0,0,0,0,0,2010-02-15 10:00,Property,14.59323247,121.0581387,Side Swipe
None,EDSA,None,None,"Unknown, Rear-end, 0.0 drivers_injured, 0.0 drivers_killed, 0.0 passengers_injured, 0.0 passengers_killed, 0.0 pedestrian_injured, 0.0 pedestrian_killed, Dry, EDSA fronting Jollibee / Boni Mandaluyong",MMDA Road Safety Unit,,8d57f7f1-c1df-4070-bfef-629517cbe5ca,2010-02-13,10:00:00,EDSA Shaw Blvd. Mandaluyong,0,0,0,0,0,0,0,0,0,0,2010-02-13 18:00,Property,14.57221393,121.0470125,Rear-End
None,EDSA,None,None,"Unknown, Rear-end, 0.0 drivers_injured, 0.0 drivers_killed, 0.0 passengers_injured, 0.0 passengers_killed, 0.0 pedestrian_injured, 0.0 pedestrian_killed, Dry, EDSA fronting Ricoa  Mandaluyong",MMDA Road Safety Unit,,ead05b5e-457b-472c-8a9c-0b4ed22ea0e7,2010-02-12,04:10:00,EDSA fronting Robinson Galleria Mandaluyong,0,0,0,0,0,0,0,0,0,0,2010-02-12 12:10,Property,14.57594008,121.0499181,Rear-End
None,EDSA,None,None,"Unknown, Rear-end, 0.0 drivers_injured, 0.0 drivers_killed, 0.0 passengers_injured, 0.0 passengers_killed, 0.0 pedestrian_injured, 0.0 pedestrian_killed, Dry, EDSA after MRT Station / Ortigas  Mandaluyong",MMDA Road Safety Unit,,5e47db18-c5df-4362-be47-2750ed52333c,2010-02-05,02:00:00,EDSA Shaw Blvd. Mandaluyong,0,0,0,0,0,0,0,0,0,0,2010-02-05 10:00,Property,14.58786273,121.056699,Rear-End
None,EDSA,None,None,"Unknown, Side Swipe, 0.0 drivers_injured, 0.0 drivers_killed, 0.0 passengers_injured, 0.0 passengers_killed, 0.0 pedestrian_injured, 0.0 pedestrian_killed, Dry, EDSA fronting SM Megamall  Mandaluyong",MMDA Road Safety Unit,,30beab2c-8267-4589-b059-8f61a286e45b,2010-02-01,00:40:00,EDSA before Polymedic Mandaluyong,0,0,0,0,0,0,0,0,0,0,2010-02-01 8:40,Property,14.58562556,121.0560947,Side Swipe
None,EDSA,None,None,"Unknown, Side Swipe, 0.0 drivers_injured, 0.0 drivers_killed, 0.0 passengers_injured, 0.0 passengers_killed, 0.0 pedestrian_injured, 0.0 pedestrian_killed, Dry, EDSA after MRT Station Boni Mandaluyong",MMDA Road Safety Unit,,fd5c456e-a157-4407-89f8-95d1c009d479,2010-01-31,08:30:00,EDSA App.Shaw Blvd. Fronting SM Mega Mall Mandaluyong,0,0,0,0,0,0,0,0,0,0,2010-01-31 16:30,Property,14.57367341,121.0479854,Side Swipe
None,EDSA,None,None,"Unknown, Side Swipe, 0.0 drivers_injured, 0.0 drivers_killed, 0.0 passengers_injured, 0.0 passengers_killed, 0.0 pedestrian_injured, 0.0 pedestrian_killed, Dry, EDSA after Boni Avenue Mandaluyong",MMDA Road Safety Unit,,050e36ef-67f0-4098-a093-c1ecd5d4675c,2010-01-28,05:00:00,EDSA   United Mandaluyong,0,0,0,0,0,0,0,0,0,0,2010-01-28 13:00,Property,14.57203353,121.0468853,Side Swipe
None,EDSA,None,None,"Unknown, Rear-end, 0.0 drivers_injured, 0.0 drivers_killed, 0.0 passengers_injured, 0.0 passengers_killed, 0.0 pedestrian_injured, 0.0 pedestrian_killed, Dry, EDSA Ortigas Avenue Mandaluyong",MMDA Road Safety Unit,,e002970d-4881-41c9-acc8-c8a27588239b,2010-01-24,03:10:00,EDSA   United Mandaluyong,0,0,0,0,0,0,0,0,0,0,2010-01-24 11:10,Property,14.59330619,121.0582659,Rear-End
None,EDSA,None,None,"Unknown, Rear-end, 0.0 drivers_injured, 0.0 drivers_killed, 0.0 passengers_injured, 0.0 passengers_killed, 0.0 pedestrian_injured, 0.0 pedestrian_killed, Dry, EDSA Afcter Highway 54  Mandaluyong",MMDA Road Safety Unit,,1431eb05-1311-4eb0-8471-6d4da52a169f,2010-01-23,08:10:00,EDSA fronting Robinson's Galleria Mandaluyong,0,0,0,0,0,0,0,0,0,0,2010-01-23 16:10,Property,14.58438972,121.0553335,Rear-End
None,EDSA,None,None,"Unknown, Rear-end, 0.0 drivers_injured, 0.0 drivers_killed, 0.0 passengers_injured, 0.0 passengers_killed, 0.0 pedestrian_injured, 0.0 pedestrian_killed, Dry, EDSA after Shaw Blvd.  Mandaluyong",MMDA Road Safety Unit,,6c088a08-aae6-4e5a-87b6-6e74bf4ae6c7,2010-01-22,05:40:00,EDSA approaching Guadalupe Mandaluyong,0,0,0,0,0,0,0,0,0,0,2010-01-22 13:40,Property,14.58102963,121.053312,Rear-End
None,EDSA,None,None,"Unknown, Rear-end, 0.0 drivers_injured, 0.0 drivers_killed, 0.0 passengers_injured, 0.0 passengers_killed, 0.0 pedestrian_injured, 0.0 pedestrian_killed, Dry, EDSA Shaw Blvd. Mandaluyong",MMDA Road Safety Unit,,f215c37d-8bd8-496d-97f0-a5356aed4a05,2010-01-10,23:30:00,EDSA fronting SM Megamall Mandaluyong,0,0,0,0,0,0,0,0,0,0,2010-01-11 7:30,Property,14.58119822,121.0534578,Rear-End
None,EDSA,None,None,"Unknown, Side Swipe, 0.0 drivers_injured, 0.0 drivers_killed, 0.0 passengers_injured, 0.0 passengers_killed, 0.0 pedestrian_injured, 0.0 pedestrian_killed, Dry, EDSA fronting SM Mega Mall  Mandaluyong",MMDA Road Safety Unit,,c9e3786c-ff65-4c7c-99de-5a566eecbd8b,2010-01-07,01:05:00,EDSA Boni Ave. Mandaluyong,0,0,0,0,0,0,0,0,0,0,2010-01-07 9:05,Property,14.58562556,121.0560947,Side Swipe
None,EDSA,None,None,"Unknown, Side Swipe, 0.0 drivers_injured, 0.0 drivers_killed, 0.0 passengers_injured, 0.0 passengers_killed, 0.0 pedestrian_injured, 0.0 pedestrian_killed, Dry, EDSA fronting Star mall  Mandaluyong",MMDA Road Safety Unit,,491434e7-b6a5-49ca-b7f7-54dbc63969bd,2010-01-06,04:15:00,EDSA Ortigas Mandaluyong,0,0,0,0,0,0,0,0,0,0,2010-01-06 12:15,Property,14.5820399,121.0540545,Side Swipe
None,EDSA,None,None,"Unknown, Side Swipe, 0.0 drivers_injured, 0.0 drivers_killed, 0.0 passengers_injured, 0.0 passengers_killed, 0.0 pedestrian_injured, 0.0 pedestrian_killed, Dry, EDSA fronting Star Mall Mandaluyong",MMDA Road Safety Unit,,a75ad5ea-728f-4d1e-89be-c83479e64781,2010-01-04,06:30:00,EDSA Poveda Mandaluyong,0,0,0,0,0,0,0,0,0,0,2010-01-04 14:30,Property,14.5820399,121.0540545,Side Swipe
None,EDSA,None,None,"Unknown, Rear-end, 0.0 drivers_injured, 0.0 drivers_killed, 0.0 passengers_injured, 0.0 passengers_killed, 0.0 pedestrian_injured, 0.0 pedestrian_killed, Fair (Day), EDSA before Libertad St.  Mandaluyong",MMDA Road Safety Unit,,3cf469ee-916b-47ce-a7c1-8d21dd4bb5cb,2009-12-20,06:30:00,EDSA fronting SM Mega mall Mandaluyong,0,0,0,0,0,0,0,0,0,0,2009-12-20 14:30,Property,14.57885148,121.0518689,Rear-End
None,EDSA,None,None,"Unknown, Rear-end, 0.0 drivers_injured, 0.0 drivers_killed, 0.0 passengers_injured, 0.0 passengers_killed, 0.0 pedestrian_injured, 0.0 pedestrian_killed, Fair (Day), EDSA Pioneer St. Mandaluyong",MMDA Road Safety Unit,,926ce631-d0fa-4fcb-becd-be60ff5ffc81,2009-12-18,01:15:00,EDSA fronting SM Mega Mall Mandaluyong,0,0,0,0,0,0,0,0,0,0,2009-12-18 9:15,Property,14.57236671,121.0472702,Rear-End
None,EDSA,None,None,"Unknown, Side Swipe, 0.0 drivers_injured, 0.0 drivers_killed, 0.0 passengers_injured, 0.0 passengers_killed, 0.0 pedestrian_injured, 0.0 pedestrian_killed, Fair (Day), EDSA fronting POEA Bldg. Mandaluyong",MMDA Road Safety Unit,,28f9dabd-78f1-4435-8ddc-b0a608ad95ca,2009-12-14,02:40:00,EDSA fronting Caltex gas station Mandaluyong,0,0,0,0,0,0,0,0,0,0,2009-12-14 10:40,Property,14.59323247,121.0581387,Side Swipe
None,EDSA,None,None,"Unknown, Rear-end, 0.0 drivers_injured, 0.0 drivers_killed, 0.0 passengers_injured, 0.0 passengers_killed, 0.0 pedestrian_injured, 0.0 pedestrian_killed, Fair (Day), EDSA fronting Mega Mall  Mandaluyong",MMDA Road Safety Unit,,9a586eb3-e989-4608-baf0-30a2ada4b3af,2009-12-13,07:55:00,EDSA Guadix Mandaluyong,0,0,0,0,0,0,0,0,0,0,2009-12-13 15:55,Property,14.58551719,121.0560475,Rear-End
None,EDSA,None,None,"Unknown, Side Swipe, 0.0 drivers_injured, 0.0 drivers_killed, 0.0 passengers_injured, 0.0 passengers_killed, 0.0 pedestrian_injured, 0.0 pedestrian_killed, Fair (Day), EDSA after Shaw Blvd.  Mandaluyong",MMDA Road Safety Unit,,546b9258-cce9-4cec-82c0-c17363ca513d,2009-12-13,05:00:00,EDSA Ortigas Ave. Mandaluyong,0,0,0,0,0,0,0,0,0,0,2009-12-13 13:00,Property,14.58102963,121.053312,Side Swipe
None,EDSA,None,None,"Unknown, Side Swipe, 0.0 drivers_injured, 0.0 drivers_killed, 0.0 passengers_injured, 0.0 passengers_killed, 0.0 pedestrian_injured, 0.0 pedestrian_killed, Fair (Day), EDSA fronting SM Megamall Mandaluyong",MMDA Road Safety Unit,,70352e1e-9394-4c39-80f9-abb184df299d,2009-11-13,02:30:00,EDSA   Shaw Blvd. Mandaluyong,0,0,0,0,0,0,0,0,0,0,2009-11-13 10:30,Property,14.58562556,121.0560947,Side Swipe
None,EDSA,None,None,"Unknown, Side Swipe, 0.0 drivers_injured, 0.0 drivers_killed, 0.0 passengers_injured, 0.0 passengers_killed, 0.0 pedestrian_injured, 0.0 pedestrian_killed, Fair (Day), EDSA approaching Star Mall Mandaluyong",MMDA Road Safety Unit,,1b4dd499-931f-47bc-a5ea-07fedb361a75,2009-11-07,02:35:00,EDSA Shangrila Mandaluyong,0,0,0,0,0,0,0,0,0,0,2009-11-07 10:35,Property,14.58327937,121.054751,Side Swipe
None,EDSA,None,None,"Unknown, Side Swipe, 0.0 drivers_injured, 0.0 drivers_killed, 0.0 passengers_injured, 0.0 passengers_killed, 0.0 pedestrian_injured, 0.0 pedestrian_killed, Fair (Night), EDSA fronting SM Megamall Mandaluyong",MMDA Road Safety Unit,,bd60d2b3-e618-42b2-992f-83351dfc56f9,2009-10-30,19:00:00,EDSA J. Vargas Ave. Mandaluyong,0,0,0,0,0,0,0,0,0,0,2009-10-31 3:00,Property,14.58562556,121.0560947,Side Swipe
None,EDSA,None,None,"Unknown, Rear-end, 0.0 drivers_injured, 0.0 drivers_killed, 0.0 passengers_injured, 0.0 passengers_killed, 0.0 pedestrian_injured, 0.0 pedestrian_killed, Fair (Day), EDSA fronting Polymedic Hospital  Mandaluyong",MMDA Road Safety Unit,,25768300-fd41-4492-853e-18c86ffeb907,2009-10-30,04:10:00,EDSA Shaw Blvd. Mandaluyong,0,0,0,0,0,0,0,0,0,0,2009-10-30 12:10,Property,14.57683771,121.0502493,Rear-End
None,EDSA,None,None,"Unknown, Side Swipe, 0.0 drivers_injured, 0.0 drivers_killed, 0.0 passengers_injured, 0.0 passengers_killed, 0.0 pedestrian_injured, 0.0 pedestrian_killed, Fair (Day), EDSA before Shaw Blvd. Mandaluyong",MMDA Road Safety Unit,,92344eef-5823-4d04-8b0a-d23cf617d3f8,2009-10-30,03:00:00,EDSA Shaw Blvd. Mandaluyong,0,0,0,0,0,0,0,0,0,0,2009-10-30 11:00,Property,14.58181186,121.0539351,Side Swipe
None,EDSA,None,None,"Unknown, Rear-end, 0.0 drivers_injured, 0.0 drivers_killed, 0.0 passengers_injured, 0.0 passengers_killed, 0.0 pedestrian_injured, 0.0 pedestrian_killed, Fair (Day), EDSA Shaw Blvd. Mandaluyong",MMDA Road Safety Unit,,daaf5777-dc77-4ed4-bb95-96c0e5a7b568,2009-10-28,05:15:00,EDSA fronting EDSA Central Mandaluyong,0,0,0,0,0,0,0,0,0,0,2009-10-28 13:15,Property,14.58119822,121.0534578,Rear-End
None,EDSA,None,None,"Unknown, Angle Impact, 0.0 drivers_injured, 0.0 drivers_killed, 0.0 passengers_injured, 0.0 passengers_killed, 0.0 pedestrian_injured, 0.0 pedestrian_killed, Fair (Day), EDSA Shaw Blvd. Mandaluyong",MMDA Road Safety Unit,,184796c5-a53d-4433-a017-31f888c02d92,2009-10-25,01:45:00,EDSA Ortigas Ave. Mandaluyong,0,0,0,0,0,0,0,0,0,0,2009-10-25 9:45,Property,14.58119822,121.0534578,Angle Impact
None,EDSA,None,None,"Unknown, Side Swipe, 0.0 drivers_injured, 0.0 drivers_killed, 0.0 passengers_injured, 0.0 passengers_killed, 0.0 pedestrian_injured, 0.0 pedestrian_killed, Fair (Day), EDSA approaching Pioneer St.  Mandaluyong",MMDA Road Safety Unit,,3016bd03-c396-4665-bb26-6911aca6103a,2009-10-23,04:00:00,EDSA Pioneer St. Mandaluyong,0,0,0,0,0,0,0,0,0,0,2009-10-23 12:00,Property,14.57198797,121.0471557,Side Swipe
None,EDSA,None,None,"Unknown, Rear-end, 0.0 drivers_injured, 0.0 drivers_killed, 0.0 passengers_injured, 0.0 passengers_killed, 0.0 pedestrian_injured, 0.0 pedestrian_killed, Fair (Day), EDSA Shaw Blvd. / Under Pass Mandaluyong",MMDA Road Safety Unit,,30fa3605-5eb9-4b28-af2a-9677aeb89d75,2009-10-19,05:25:00,"EDSA Boni Ave., in-between Caltex Gas Station Mandaluyong",0,0,0,0,0,0,0,0,0,0,2009-10-19 13:25,Property,14.58119822,121.0534578,Rear-End
None,EDSA,None,None,"Unknown, Rear-end, 0.0 drivers_injured, 0.0 drivers_killed, 0.0 passengers_injured, 0.0 passengers_killed, 0.0 pedestrian_injured, 0.0 pedestrian_killed, Fair (Night), EDSA Guadix St. Mandaluyong",MMDA Road Safety Unit,,e2163306-b51e-44d8-a800-f12cb00c1af6,2009-10-18,16:15:00,EDSA fronting SM Mega Mall Mandaluyong,0,0,0,0,0,0,0,0,0,0,2009-10-19 0:15,Property,14.58948577,121.0573946,Rear-End
None,EDSA,None,None,"Unknown, Angle Impact, 0.0 drivers_injured, 0.0 drivers_killed, 0.0 passengers_injured, 0.0 passengers_killed, 0.0 pedestrian_injured, 0.0 pedestrian_killed, Fair (Day), EDSA Ortigas Ave. Mandaluyong",MMDA Road Safety Unit,,af039590-69ed-4a1f-86a5-2b72dda9486f,2009-10-18,06:30:00,EDSA fronting Edsa Central Mandaluyong,0,0,0,0,0,0,0,0,0,0,2009-10-18 14:30,Property,14.59305232,121.0585643,Angle Impact