LOCATION_TEXT,ROAD,WEATHER,LIGHT,DESC,REPORTING_AGENCY,MAIN_CAUSE,INCIDENTDETAILS_ID,DATE_UTC,TIME_UTC,ADDRESS,killed_driver,killed_passenger,killed_pedestrian,injured_driver,injured_passenger,injured_pedestrian,killed_uncategorized,injured_uncategorized,killed_total,injured_total,DATETIME_PST,SEVERITY,Y,X,COLLISION_TYPE
None,EDSA,None,None,"Unknown, Angle Impact, 0.0 drivers_injured, 0.0 drivers_killed, 0.0 passengers_injured, 0.0 passengers_killed, 0.0 pedestrian_injured, 0.0 pedestrian_killed, Fair (Day), EDSA Guadix St. Mandaluyong",MMDA Road Safety Unit,,181f49fc-9022-4483-a054-e5936bf064b7,2009-10-17,06:15:00,"EDSA fronting Mercury Drug, producer Market Mandaluyong",0,0,0,0,0,0,0,0,0,0,2009-10-17 14:15,Property,14.58948577,121.0573946,Angle Impact
None,EDSA,None,None,"Unknown, Rear-end, 0.0 drivers_injured, 0.0 drivers_killed, 0.0 passengers_injured, 0.0 passengers_killed, 0.0 pedestrian_injured, 0.0 pedestrian_killed, Fair (Day), EDSA after Relaince St. Mandaluyong",MMDA Road Safety Unit,,66ae0134-5097-41b3-847b-9570f3dac2a5,2009-10-15,07:55:00,EDSA Ortigas Ave. Mandaluyong,0,0,0,0,0,0,0,0,0,0,2009-10-15 15:55,Property,14.57695118,121.0506669,Rear-End
None,EDSA,None,None,"Unknown, Rear-end, 0.0 drivers_injured, 0.0 drivers_killed, 0.0 passengers_injured, 0.0 passengers_killed, 0.0 pedestrian_injured, 0.0 pedestrian_killed, Fair (Day), EDSA before Boni Avenue Mandaluyong",MMDA Road Safety Unit,,32bee00f-f946-4bb5-98eb-4c03844f0100,2009-10-15,02:00:00,EDSA approaching Reliance St. Mandaluyong,0,0,0,0,0,0,0,0,0,0,2009-10-15 10:00,Property,14.57291643,121.0474393,Rear-End
None,EDSA,None,None,"Unknown, Side Swipe, 0.0 drivers_injured, 0.0 drivers_killed, 0.0 passengers_injured, 0.0 passengers_killed, 0.0 pedestrian_injured, 0.0 pedestrian_killed, Fair (Night), EDSA after Apo St. Mandaluyong",MMDA Road Safety Unit,,49a6cd84-844a-444b-995e-248c3224ea87,2009-10-13,10:45:00,"EDSA fronting Caltex Gas Station, Connecticut Mandaluyong",0,0,0,0,0,0,0,0,0,0,2009-10-13 18:45,Property,14.57133983,121.0466635,Side Swipe
None,EDSA,None,None,"Unknown, Angle Impact, 0.0 drivers_injured, 0.0 drivers_killed, 0.0 passengers_injured, 0.0 passengers_killed, 0.0 pedestrian_injured, 0.0 pedestrian_killed, Fair (Day), EDSA Shaw Blvd. Mandaluyong",MMDA Road Safety Unit,,072e760f-cef2-4235-a620-6539da0e1778,2009-10-11,00:00:00,EDSA Libertad Mandaluyong,0,0,0,0,0,0,0,0,0,0,2009-10-11 8:00,Property,14.58119822,121.0534578,Angle Impact
None,EDSA,None,None,"Unknown, Side Swipe, 0.0 drivers_injured, 0.0 drivers_killed, 0.0 passengers_injured, 0.0 passengers_killed, 0.0 pedestrian_injured, 0.0 pedestrian_killed, Fair (Day), EDSA before Shaw Blvd. Mandaluyong",MMDA Road Safety Unit,,f428acde-747d-4e0c-be1a-6c2a78d81a8a,2009-10-09,04:10:00,EDSA Shaw Blvd. Mandaluyong,0,0,0,0,0,0,0,0,0,0,2009-10-09 12:10,Property,14.58181186,121.0539351,Side Swipe
None,EDSA,None,None,"Unknown, Side Swipe, 0.0 drivers_injured, 0.0 drivers_killed, 0.0 passengers_injured, 0.0 passengers_killed, 0.0 pedestrian_injured, 0.0 pedestrian_killed, Fair (Day), EDSA fronting Starmall Mandaluyong",MMDA Road Safety Unit,,c55673ac-ed6a-49b7-b301-5ea5d7440d6f,2009-10-08,01:55:00,EDSA fronting Starmall  Mandaluyong,0,0,0,0,0,0,0,0,0,0,2009-10-08 9:55,Property,14.5820399,121.0540545,Side Swipe
None,EDSA,None,None,"Unknown, Side Swipe, 0.0 drivers_injured, 0.0 drivers_killed, 0.0 passengers_injured, 0.0 passengers_killed, 0.0 pedestrian_injured, 0.0 pedestrian_killed, Fair (Night), EDSA fronting Highway 54  Mandaluyong",MMDA Road Safety Unit,,02b16bbb-d9b1-44ae-8147-ef3e4bd8f155,2009-10-05,16:45:00,EDSA Ortigas Ave. Mandaluyong,0,0,0,0,0,0,0,0,0,0,2009-10-06 0:45,Property,14.58501685,121.0556077,Side Swipe
None,EDSA,None,None,"Unknown, Side Swipe, 0.0 drivers_injured, 0.0 drivers_killed, 0.0 passengers_injured, 0.0 passengers_killed, 0.0 pedestrian_injured, 0.0 pedestrian_killed, Fair (Day), EDSA fronting Mega Mall  Mandaluyong",MMDA Road Safety Unit,,04082b82-7e18-4ca4-b0cf-bb141ddd1264,2009-10-01,06:50:00,EDSA Shaw Blvd.  Mandaluyong,0,0,0,0,0,0,0,0,0,0,2009-10-01 14:50,Property,14.58551719,121.0560475,Side Swipe
None,EDSA,None,None,"Unknown, Hit and Run (No Collision Stated), 0.0 drivers_injured, 0.0 drivers_killed, 0.0 passengers_injured, 0.0 passengers_killed, 0.0 pedestrian_injured, 0.0 pedestrian_killed, Fair (Day), EDSA before Polymedic Hospital Mandaluyong",MMDA Road Safety Unit,,b0ec8f0c-b12a-462a-890d-0bb272639615,2009-10-01,00:00:00,EDSA Ortigas Ave. Mandaluyong,0,0,0,0,0,0,0,0,0,0,2009-10-01 8:00,Property,14.57706621,121.0504511,No Collision Stated
None,EDSA,None,None,"Unknown, Rear-end, 0.0 drivers_injured, 0.0 drivers_killed, 0.0 passengers_injured, 0.0 passengers_killed, 0.0 pedestrian_injured, 0.0 pedestrian_killed, Fair (Day), EDSA Shaw Blvd. Mandaluyong",MMDA Road Safety Unit,,91b1206f-db6c-42f9-8df0-04e04bcb9598,2009-09-29,00:30:00,EDSA Boni MRT Station / Pioneer St. Mandaluyong,0,0,0,0,0,0,0,0,0,0,2009-09-29 8:30,Property,14.58119822,121.0534578,Rear-End
None,EDSA,None,None,"Unknown, Angle Impact, 0.0 drivers_injured, 0.0 drivers_killed, 0.0 passengers_injured, 0.0 passengers_killed, 0.0 pedestrian_injured, 0.0 pedestrian_killed, Fair (Day), EDSA Shaw Blvd. Mandaluyong",MMDA Road Safety Unit,,088506b0-d2c4-4d49-8a41-220b390cc50f,2009-09-22,04:00:00,EDSA Boni Ave. / Apo St. Mandaluyong,0,0,0,0,0,0,0,0,0,0,2009-09-22 12:00,Property,14.58119822,121.0534578,Angle Impact
None,EDSA,None,None,"Unknown, Angle Impact, 0.0 drivers_injured, 0.0 drivers_killed, 0.0 passengers_injured, 0.0 passengers_killed, 0.0 pedestrian_injured, 0.0 pedestrian_killed, Fair (Day), EDSA POEA, Mandaluyong Mandaluyong",MMDA Road Safety Unit,,8b1b8c65-f106-4094-8d92-a0fd403f1837,2009-09-16,06:00:00,EDSA Shrine  Quezon City,0,0,0,0,0,0,0,0,0,0,2009-09-16 14:00,Property,14.59324183,121.0582336,Angle Impact
None,EDSA,None,None,"Unknown, Angle Impact, 0.0 drivers_injured, 0.0 drivers_killed, 0.0 passengers_injured, 0.0 passengers_killed, 0.0 pedestrian_injured, 0.0 pedestrian_killed, Fair (Night), EDSA Shaw Blvd. Mandaluyong",MMDA Road Safety Unit,,949259af-26a0-4200-a776-2c214883f72a,2009-09-15,21:45:00,Ortigas Ave. EDSA Mandaluyong,0,0,0,0,0,0,0,0,0,0,2009-09-16 5:45,Property,14.58119822,121.0534578,Angle Impact
None,EDSA,None,None,"Unknown, Side Swipe, 0.0 drivers_injured, 0.0 drivers_killed, 0.0 passengers_injured, 0.0 passengers_killed, 0.0 pedestrian_injured, 0.0 pedestrian_killed, Fair (Night), EDSA Boni Ave., Mandaluyong  Mandaluyong",MMDA Road Safety Unit,,9b66579d-3150-4644-b80b-f819101266d1,2009-09-11,12:30:00,"Ortigas Ave. POEA, Wack Wack Mandaluyong",0,0,0,0,0,0,0,0,0,0,2009-09-11 20:30,Property,14.57247092,121.0471502,Side Swipe
None,EDSA,None,None,"Unknown, Side Swipe, 0.0 drivers_injured, 0.0 drivers_killed, 0.0 passengers_injured, 0.0 passengers_killed, 0.0 pedestrian_injured, 0.0 pedestrian_killed, Fair (Night), EDSA fronting Barrio Fiesta Restaurant, Mandaluyong Mandaluyong",MMDA Road Safety Unit,,3e8b8319-06dd-4e46-bc38-39b6cc02386a,2009-09-11,11:45:00,Ortigas Ave. POEA Mandaluyong,0,0,0,0,0,0,0,0,0,0,2009-09-11 19:45,Property,14.59444707,121.0586672,Side Swipe
None,EDSA,None,None,"Unknown, Rear-end, 0.0 drivers_injured, 0.0 drivers_killed, 0.0 passengers_injured, 0.0 passengers_killed, 0.0 pedestrian_injured, 0.0 pedestrian_killed, Fair (Day), EDSA Sultan St., Mandaluyong Mandaluyong",MMDA Road Safety Unit,,739f5264-22a1-48f5-be60-83f153208858,2009-09-11,07:00:00,Ortigas Ave. POEA Mandaluyong,0,0,0,0,0,0,0,0,0,0,2009-09-11 15:00,Property,14.5805687,121.0529959,Rear-End
None,EDSA,None,None,"Unknown, Side Swipe, 0.0 drivers_injured, 0.0 drivers_killed, 0.0 passengers_injured, 0.0 passengers_killed, 0.0 pedestrian_injured, 0.0 pedestrian_killed, Fair (Day), EDSA before Ortigas Intersection, Robinsons galleria, Pasig Mandaluyong",MMDA Road Safety Unit,,9fac6c56-eabb-4a8a-9da6-4e7b29bba113,2009-09-11,04:30:00,Ortigas Ave. POEA (EB) Mandaluyong,0,0,0,0,0,0,0,0,0,0,2009-09-11 12:30,Property,14.59269669,121.058334,Side Swipe
None,EDSA,None,None,"Unknown, Angle Impact, 0.0 drivers_injured, 0.0 drivers_killed, 0.0 passengers_injured, 0.0 passengers_killed, 0.0 pedestrian_injured, 0.0 pedestrian_killed, Fair (Day), EDSA Shaw Blvd., Mandaluyong Mandaluyong",MMDA Road Safety Unit,,ee8930af-1fac-47d9-9581-84e2519bb9ef,2009-09-07,05:30:00,"Ortigas Ave. POEA, Wack-Wack Mandaluyong",0,0,0,0,0,0,0,0,0,0,2009-09-07 13:30,Property,14.58119822,121.0534578,Angle Impact
None,EDSA,None,None,"Unknown, Rear-end, 0.0 drivers_injured, 0.0 drivers_killed, 0.0 passengers_injured, 0.0 passengers_killed, 0.0 pedestrian_injured, 0.0 pedestrian_killed, Fair (Day), EDSA Shangrila Plaza Driveway Mandaluyong",MMDA Road Safety Unit,,f563858a-9c25-4bc8-b158-e44098e2e639,2009-08-30,04:00:00,Ortigas Ave. POEA (EB) Mandaluyong,0,0,0,0,0,0,0,0,0,0,2009-08-30 12:00,Property,14.58223571,121.0544805,Rear-End
None,EDSA,None,None,"Unknown, Angle Impact, 0.0 drivers_injured, 0.0 drivers_killed, 0.0 passengers_injured, 0.0 passengers_killed, 0.0 pedestrian_injured, 0.0 pedestrian_killed, Fair (Night), EDSA Julia Vargas avenue Mandaluyong",MMDA Road Safety Unit,,4d47d43e-b2b9-4dff-98d1-eba0396156bb,2009-08-22,20:45:00,Ortigas Ave. EDSA Shrine Mandaluyong,0,0,0,0,0,0,0,0,0,0,2009-08-23 4:45,Property,14.58458553,121.0557595,Angle Impact
None,EDSA,None,None,"Unknown, Side Swipe, 0.0 drivers_injured, 0.0 drivers_killed, 0.0 passengers_injured, 0.0 passengers_killed, 0.0 pedestrian_injured, 0.0 pedestrian_killed, Fair (Night), EDSA Shaw Blvd. Intersection Mandaluyong",MMDA Road Safety Unit,,c360826e-ab77-40eb-80ae-2a94f3638fa7,2009-08-10,08:15:00,"Ortigas Ave. POEA, Wack Wack Mandaluyong",0,0,0,0,0,0,0,0,0,0,2009-08-10 16:15,Property,14.58119822,121.0534578,Side Swipe
None,EDSA,None,None,"Unknown, Angle Impact, 0.0 drivers_injured, 0.0 drivers_killed, 0.0 passengers_injured, 0.0 passengers_killed, 0.0 pedestrian_injured, 0.0 pedestrian_killed, Fair (Night), EDSA Ortigas Ave. Mandaluyong",MMDA Road Safety Unit,,d1774abc-ea11-401d-b988-9b9d27dae543,2009-08-08,08:20:00,"Ortigas Ave. POEA Bldg., Wack- Wack  Mandaluyong",0,0,0,0,0,0,0,0,0,0,2009-08-08 16:20,Property,14.59305232,121.0585643,Angle Impact
None,EDSA,None,None,"Unknown, Rear-end, 0.0 drivers_injured, 0.0 drivers_killed, 0.0 passengers_injured, 0.0 passengers_killed, 0.0 pedestrian_injured, 0.0 pedestrian_killed, Fair (Day), EDSA before Shaw Blvd.  Mandaluyong",MMDA Road Safety Unit,,a9c39770-602d-4f95-9368-8a5444033b0c,2009-08-07,02:40:00,Ortigas Ave. POEA Mandaluyong,0,0,0,0,0,0,0,0,0,0,2009-08-07 10:40,Property,14.58181186,121.0539351,Rear-End
None,EDSA,None,None,"Unknown, Side Swipe, 0.0 drivers_injured, 0.0 drivers_killed, 0.0 passengers_injured, 0.0 passengers_killed, 0.0 pedestrian_injured, 0.0 pedestrian_killed, Fair (Day), EDSA fronting Caltex Gas Station Mandaluyong",MMDA Road Safety Unit,,69f821cb-8c90-4a41-8812-50da1363dd9a,2009-08-06,03:40:00,Ortigas Ave. EDSA Mandaluyong,0,0,0,0,0,0,0,0,0,0,2009-08-06 11:40,Property,14.57232065,121.0470826,Side Swipe
None,EDSA,None,None,"Unknown, Angle Impact, 0.0 drivers_injured, 0.0 drivers_killed, 0.0 passengers_injured, 0.0 passengers_killed, 0.0 pedestrian_injured, 0.0 pedestrian_killed, Fair (Night), EDSA fronting Edsa Central  Mandaluyong",MMDA Road Safety Unit,,5ad8bc8e-7209-4c59-95ee-0567880c3e27,2009-08-05,08:00:00,Ortigas Ave. EDSA (SB) Brgy. Wack Wack Mandaluyong,0,0,0,0,0,0,0,0,0,0,2009-08-05 16:00,Property,14.57983371,121.0527084,Angle Impact
None,EDSA,None,None,"Unknown, Side Swipe, 0.0 drivers_injured, 0.0 drivers_killed, 0.0 passengers_injured, 0.0 passengers_killed, 0.0 pedestrian_injured, 0.0 pedestrian_killed, Fair (Day), EDSA fronting Starmall Mandaluyong",MMDA Road Safety Unit,,e9c941b1-6c22-49fe-b072-c89842e54e52,2009-08-05,07:15:00,Ortigas Ave. EDSA Mandaluyong,0,0,0,0,0,0,0,0,0,0,2009-08-05 15:15,Property,14.5820399,121.0540545,Side Swipe
None,EDSA,None,None,"Unknown, Side Swipe, 0.0 drivers_injured, 0.0 drivers_killed, 0.0 passengers_injured, 0.0 passengers_killed, 0.0 pedestrian_injured, 0.0 pedestrian_killed, Fair (Day), EDSA before Highway 54  Mandaluyong",MMDA Road Safety Unit,,5f128df5-abff-4690-917a-7d50bef072bf,2009-08-03,02:15:00,Ortigas Ave. FLYOVER (SB) Mandaluyong City Mandaluyong,0,0,0,0,0,0,0,0,0,0,2009-08-03 10:15,Property,14.58544896,121.0557048,Side Swipe
None,EDSA,None,None,"Unknown, Side Swipe, 0.0 drivers_injured, 0.0 drivers_killed, 0.0 passengers_injured, 0.0 passengers_killed, 0.0 pedestrian_injured, 0.0 pedestrian_killed, Fair (Day), EDSA fronting SM Megamall Mandaluyong",MMDA Road Safety Unit,,db862a92-b24f-4d62-aeab-8ba255af378f,2009-08-01,04:30:00,Ortigas Ave. fronting POEA Mandaluyong,0,0,0,0,0,0,0,0,0,0,2009-08-01 12:30,Property,14.58562556,121.0560947,Side Swipe
None,EDSA,None,None,"Human Error, Angle Impact, 0.0 drivers_injured, 0.0 drivers_killed, 0.0 passengers_injured, 0.0 passengers_killed, 0.0 pedestrian_injured, 0.0 pedestrian_killed, Fair (Day), EDSA Annapolis St. Mandaluyong",MMDA Road Safety Unit,,caeccf44-ce6c-4c75-a26b-eef86229dc3a,2009-07-31,01:10:00,Ortigas Ave. Epifanio Delos Santos Avenue (NB) Mandaluyong,0,0,0,0,0,0,0,0,0,0,2009-07-31 9:10,Property,14.60620754,121.0570539,Angle Impact
None,EDSA,None,None,"Human Error, Side Swipe, 1.0 drivers_injured, 0.0 drivers_killed, 0.0 passengers_injured, 0.0 passengers_killed, 0.0 pedestrian_injured, 0.0 pedestrian_killed, Fair (Day), EDSA Shaw Blvd. Mandaluyong",MMDA Road Safety Unit,,5d89ccb8-4c6e-44ce-b8c4-e3eaff4fd24c,2009-07-29,03:00:00,Ortigas Ave. Epifanio Delos Santos Avenue  Mandaluyong,0,0,0,1,0,0,0,0,0,1,2009-07-29 11:00,Injury,14.58119822,121.0534578,Side Swipe
None,EDSA,None,None,"Unknown, Rear-end, 0.0 drivers_injured, 0.0 drivers_killed, 0.0 passengers_injured, 0.0 passengers_killed, 0.0 pedestrian_injured, 0.0 pedestrian_killed, Fair (Night), EDSA before Guadix St. Mandaluyong",MMDA Road Safety Unit,,fd35b289-0117-44a5-a84e-1d0e6cc9d340,2009-07-22,11:40:00,Ortigas Ave. Ortigas Ave. / EDSA (SB) Mandaluyong,0,0,0,0,0,0,0,0,0,0,2009-07-22 19:40,Property,14.58919229,121.0572913,Rear-End
None,EDSA,None,None,"Unknown, Side Swipe, 0.0 drivers_injured, 0.0 drivers_killed, 0.0 passengers_injured, 0.0 passengers_killed, 0.0 pedestrian_injured, 0.0 pedestrian_killed, Fair (Day), EDSA fronting Highway 54  Mandaluyong",MMDA Road Safety Unit,,20fd6036-eff3-42cd-994f-9b1e3a7faea1,2009-07-22,03:30:00,Ortigas Ave. before EDSA Mandaluyong,0,0,0,0,0,0,0,0,0,0,2009-07-22 11:30,Property,14.58501685,121.0556077,Side Swipe
None,EDSA,None,None,"Unknown, Angle Impact, 0.0 drivers_injured, 0.0 drivers_killed, 0.0 passengers_injured, 0.0 passengers_killed, 0.0 pedestrian_injured, 0.0 pedestrian_killed, Fair (Day), EDSA Shaw Blvd. Mandaluyong",MMDA Road Safety Unit,,02e23492-f116-4c15-aab9-39cafeaeabfe,2009-07-19,04:15:00,Ortigas Ave. Edsa E/B Mandaluyong,0,0,0,0,0,0,0,0,0,0,2009-07-19 12:15,Property,14.58119822,121.0534578,Angle Impact
None,EDSA,None,None,"Unknown, Angle Impact, 0.0 drivers_injured, 0.0 drivers_killed, 0.0 passengers_injured, 0.0 passengers_killed, 0.0 pedestrian_injured, 0.0 pedestrian_killed, Fair (Day), EDSA Shaw Blvd. Mandaluyong",MMDA Road Safety Unit,,1dc59927-504b-4d52-a136-cefdacdacc9e,2009-07-19,04:15:00,Ortigas Ave. EDSA Mandaluyong,0,0,0,0,0,0,0,0,0,0,2009-07-19 12:15,Property,14.58119822,121.0534578,Angle Impact
None,EDSA,None,None,"Unknown, Angle Impact, 0.0 drivers_injured, 0.0 drivers_killed, 0.0 passengers_injured, 0.0 passengers_killed, 0.0 pedestrian_injured, 0.0 pedestrian_killed, Fair (Night), EDSA Shaw Blvd. Mandaluyong",MMDA Road Safety Unit,,78dd7884-fd12-4841-b4e5-868117901b10,2009-07-18,17:30:00,"Ortigas Ave. EDSA, Bgy. Wack-wack Mandaluyong",0,0,0,0,0,0,0,0,0,0,2009-07-19 1:30,Property,14.58119822,121.0534578,Angle Impact
None,EDSA,None,None,"Unknown, Rear-end, 0.0 drivers_injured, 0.0 drivers_killed, 0.0 passengers_injured, 0.0 passengers_killed, 0.0 pedestrian_injured, 0.0 pedestrian_killed, Fair (Night), EDSA after Polymedic Hospital Mandaluyong",MMDA Road Safety Unit,,56970664-1e93-4ab8-bf9d-2115af330282,2009-07-18,12:30:00,Ortigas Ave. fronting POEA Mandaluyong,0,0,0,0,0,0,0,0,0,0,2009-07-18 20:30,Property,14.57659177,121.0501213,Rear-End
None,EDSA,None,None,"Unknown, Angle Impact, 0.0 drivers_injured, 0.0 drivers_killed, 0.0 passengers_injured, 0.0 passengers_killed, 0.0 pedestrian_injured, 0.0 pedestrian_killed, Fair (Day), EDSA Shaw Blvd. Mandaluyong",MMDA Road Safety Unit,,3a87d21f-8baf-4beb-8c85-81b216eb111a,2009-07-18,07:05:00,Ortigas Ave. EDSA Mandaluyong,0,0,0,0,0,0,0,0,0,0,2009-07-18 15:05,Property,14.58119822,121.0534578,Angle Impact
None,EDSA,None,None,"Unknown, Rear-end, 0.0 drivers_injured, 0.0 drivers_killed, 0.0 passengers_injured, 0.0 passengers_killed, 0.0 pedestrian_injured, 0.0 pedestrian_killed, Fair (Day), EDSA Shaw Blvd. Mandaluyong",MMDA Road Safety Unit,,5af69354-0cca-4937-9d04-b38e2e7969cc,2009-07-13,23:00:00,Ortigas Ave EDSA Mandaluyong,0,0,0,0,0,0,0,0,0,0,2009-07-14 7:00,Property,14.58119822,121.0534578,Rear-End
None,EDSA,None,None,"Unknown, Angle Impact, 0.0 drivers_injured, 0.0 drivers_killed, 0.0 passengers_injured, 0.0 passengers_killed, 0.0 pedestrian_injured, 0.0 pedestrian_killed, Fair (Day), EDSA Shaw Blvd. Mandaluyong",MMDA Road Safety Unit,,a227553f-6755-4d88-b149-3385f7fd844e,2009-07-13,23:00:00,"Ortigas Ave. at ""U"" turn slot, after EDSA Mandaluyong",0,0,0,0,0,0,0,0,0,0,2009-07-14 7:00,Property,14.58119822,121.0534578,Angle Impact
None,EDSA,None,None,"Unknown, Side Swipe, 0.0 drivers_injured, 0.0 drivers_killed, 0.0 passengers_injured, 0.0 passengers_killed, 0.0 pedestrian_injured, 0.0 pedestrian_killed, Fair (Day), EDSA fronting MRT-Boni Station Mandaluyong",MMDA Road Safety Unit,,4e7993c1-f3e5-4c6f-a359-227a563fadb5,2009-07-12,02:00:00,Ortigas Ave. EDSA Mandaluyong,0,0,0,0,0,0,0,0,0,0,2009-07-12 10:00,Property,14.57374732,121.0481038,Side Swipe
None,EDSA,None,None,"Unknown, Side Swipe, 0.0 drivers_injured, 0.0 drivers_killed, 0.0 passengers_injured, 0.0 passengers_killed, 0.0 pedestrian_injured, 0.0 pedestrian_killed, Fair (Day), EDSA before Star Mall  Mandaluyong",MMDA Road Safety Unit,,ca00ffa1-a47a-4da3-ab33-a2954437a138,2009-07-08,07:30:00,Ortigas Ave. Edsa Junction Mandaluyong,0,0,0,0,0,0,0,0,0,0,2009-07-08 15:30,Property,14.58307393,121.0547426,Side Swipe
None,EDSA,None,None,"Unknown, Angle Impact, 0.0 drivers_injured, 0.0 drivers_killed, 0.0 passengers_injured, 0.0 passengers_killed, 0.0 pedestrian_injured, 0.0 pedestrian_killed, Fair (Night), EDSA Ortigas Ave. Mandaluyong",MMDA Road Safety Unit,,2f5169fb-5779-4b43-979f-8852bc8f5a5f,2009-07-05,21:30:00,Ortigas Ave. EDSA Mandaluyong,0,0,0,0,0,0,0,0,0,0,2009-07-06 5:30,Property,14.59305232,121.0585643,Angle Impact
None,EDSA,None,None,"Unknown, Side Swipe, 0.0 drivers_injured, 0.0 drivers_killed, 0.0 passengers_injured, 0.0 passengers_killed, 0.0 pedestrian_injured, 0.0 pedestrian_killed, Fair (Day), EDSA fronting Starmall Mandaluyong",MMDA Road Safety Unit,,e8143e7b-4153-43eb-9227-a523dc7deb1c,2009-07-01,06:35:00,Ortigas Ave. EDSA Mandaluyong,0,0,0,0,0,0,0,0,0,0,2009-07-01 14:35,Property,14.5820399,121.0540545,Side Swipe
None,EDSA,None,None,"Unknown, Rear-end, 0.0 drivers_injured, 0.0 drivers_killed, 0.0 passengers_injured, 0.0 passengers_killed, 0.0 pedestrian_injured, 0.0 pedestrian_killed, Fair (Day), EDSA fronting Highway 54  Mandaluyong",MMDA Road Safety Unit,,d1db1dbb-1e86-4f54-8f43-086484d3c831,2009-06-29,07:45:00,Ortigas Ave. fornting POEA Bldg. / Edsa Mandaluyong,0,0,0,0,0,0,0,0,0,0,2009-06-29 15:45,Property,14.58501685,121.0556077,Rear-End
None,EDSA,None,None,"Unknown, Rear-end, 0.0 drivers_injured, 0.0 drivers_killed, 0.0 passengers_injured, 0.0 passengers_killed, 0.0 pedestrian_injured, 0.0 pedestrian_killed, Fair (Day), EDSA Approaching Pioneer Mandaluyong",MMDA Road Safety Unit,,410a3e26-8bcb-4e6f-ad76-38d24b376c97,2009-06-25,01:20:00,Ortigas Ave. EDSA Mandaluyong,0,0,0,0,0,0,0,0,0,0,2009-06-25 9:20,Property,14.57198797,121.0471557,Rear-End
None,EDSA,None,None,"Unknown, Side Swipe, 0.0 drivers_injured, 0.0 drivers_killed, 0.0 passengers_injured, 0.0 passengers_killed, 0.0 pedestrian_injured, 0.0 pedestrian_killed, Fair (Day), EDSA fronting Highway 54  Mandaluyong",MMDA Road Safety Unit,,b02c29be-98af-402e-ad18-d25c09531741,2009-06-23,06:35:00,Ortigas Ave. EDSA Mandaluyong,0,0,0,0,0,0,0,0,0,0,2009-06-23 14:35,Property,14.58501685,121.0556077,Side Swipe
None,EDSA,None,None,"Human Error, Angle Impact, 0.0 drivers_injured, 0.0 drivers_killed, 0.0 passengers_injured, 0.0 passengers_killed, 0.0 pedestrian_injured, 0.0 pedestrian_killed, Fair (Day), EDSA Shaw Blvd. Mandaluyong",MMDA Road Safety Unit,,50024080-6752-4b6d-a163-e05068253566,2009-06-23,00:35:00,Ortigas Ave. after EDSA Mandaluyong,0,0,0,0,0,0,0,0,0,0,2009-06-23 8:35,Property,14.59311785,121.0586027,Angle Impact
None,EDSA,None,None,"Unknown, Side Swipe, 0.0 drivers_injured, 0.0 drivers_killed, 0.0 passengers_injured, 0.0 passengers_killed, 0.0 pedestrian_injured, 0.0 pedestrian_killed, Fair (Day), EDSA fronting Starmall Mandaluyong",MMDA Road Safety Unit,,1bce8fcc-51c0-4b2b-8108-c23f83c25adc,2009-06-21,04:10:00,Ortigas Ave. after EDSA Mandaluyong,0,0,0,0,0,0,0,0,0,0,2009-06-21 12:10,Property,14.5820399,121.0540545,Side Swipe
None,EDSA,None,None,"Unknown, Angle Impact, 0.0 drivers_injured, 0.0 drivers_killed, 0.0 passengers_injured, 0.0 passengers_killed, 0.0 pedestrian_injured, 0.0 pedestrian_killed, Fair (Night), EDSA Shaw Blvd. Mandaluyong",MMDA Road Safety Unit,,22d867bb-9ff4-4ce4-8933-5a11f8081410,2009-06-17,16:30:00,"Ortigas Ave. EDSA, fronting POEA Mandaluyong",0,0,0,0,0,0,0,0,0,0,2009-06-18 0:30,Property,14.58119822,121.0534578,Angle Impact
None,EDSA,None,None,"Unknown, Angle Impact, 0.0 drivers_injured, 0.0 drivers_killed, 0.0 passengers_injured, 0.0 passengers_killed, 0.0 pedestrian_injured, 0.0 pedestrian_killed, Fair (Day), EDSA Shaw Blvd. Mandaluyong",MMDA Road Safety Unit,,943b8e1f-e396-4fdb-b55e-4e93fad5f0f5,2009-06-15,23:30:00,Ortigas Avenue EDSA Mandaluyong,0,0,0,0,0,0,0,0,0,0,2009-06-16 7:30,Property,14.58119822,121.0534578,Angle Impact
None,EDSA,None,None,"Unknown, Side Swipe, 0.0 drivers_injured, 0.0 drivers_killed, 0.0 passengers_injured, 0.0 passengers_killed, 0.0 pedestrian_injured, 0.0 pedestrian_killed, Fair (Day), EDSA Apo St.  Mandaluyong",MMDA Road Safety Unit,,0a7c65e8-c8e3-4013-9e71-fdc2c7b3226d,2009-06-13,05:45:00,Ortigas Ave. POEA Bldg. Mandaluyong,0,0,0,0,0,0,0,0,0,0,2009-06-13 13:45,Property,14.5715578,121.046752,Side Swipe
None,EDSA,None,None,"Unknown, Side Swipe, 0.0 drivers_injured, 0.0 drivers_killed, 0.0 passengers_injured, 0.0 passengers_killed, 0.0 pedestrian_injured, 0.0 pedestrian_killed, Fair (Day), EDSA after POEA Mandaluyong",MMDA Road Safety Unit,,18b8eda9-2ecf-4c66-b233-c327a583b8ee,2009-06-05,00:25:00,Ortigas Ave. EDSA Shrine Mandaluyong,0,0,0,0,0,0,0,0,0,0,2009-06-05 8:25,Property,14.59250311,121.0580262,Side Swipe
None,EDSA,None,None,"Unknown, Rear-end, 0.0 drivers_injured, 0.0 drivers_killed, 0.0 passengers_injured, 0.0 passengers_killed, 0.0 pedestrian_injured, 0.0 pedestrian_killed, Fair (Day), EDSA after Reliance St. Mandaluyong",MMDA Road Safety Unit,,7e6833a0-8f0a-4003-9a2e-a3c9f0369209,2009-06-04,23:00:00,Ortigas Ave. fronting POEA Bldg.  Mandaluyong,0,0,0,0,0,0,0,0,0,0,2009-06-05 7:00,Property,14.57695118,121.0506669,Rear-End
None,EDSA,None,None,"Unknown, Angle Impact, 0.0 drivers_injured, 0.0 drivers_killed, 0.0 passengers_injured, 0.0 passengers_killed, 0.0 pedestrian_injured, 0.0 pedestrian_killed, Fair (Day), EDSA Guadix St, Mandaluyong",MMDA Road Safety Unit,,c04a2ff4-a7b0-40dc-9176-15968faf9d18,2009-06-04,01:45:00,Ortigas Ave. Edsa / POEA Bldg Mandaluyong,0,0,0,0,0,0,0,0,0,0,2009-06-04 9:45,Property,14.58948577,121.0573946,Angle Impact