LOCATION_TEXT,ROAD,WEATHER,LIGHT,DESC,REPORTING_AGENCY,MAIN_CAUSE,INCIDENTDETAILS_ID,DATE_UTC,TIME_UTC,ADDRESS,killed_driver,killed_passenger,killed_pedestrian,injured_driver,injured_passenger,injured_pedestrian,killed_uncategorized,injured_uncategorized,killed_total,injured_total,DATETIME_PST,SEVERITY,Y,X,COLLISION_TYPE
None,EDSA,None,None,"Unknown, Angle Impact, 0.0 drivers_injured, 0.0 drivers_killed, 0.0 passengers_injured, 0.0 passengers_killed, 0.0 pedestrian_injured, 0.0 pedestrian_killed, Fair (Day), EDSA Ortigas Ave. Mandaluyong",MMDA Road Safety Unit,,5604086e-c3c4-4a88-875f-545790d5cc13,2009-06-03,01:15:00,Ortigas Ave. Edsa Shrine  Mandaluyong,0,0,0,0,0,0,0,0,0,0,2009-06-03 9:15,Property,14.59305232,121.0585643,Angle Impact
None,EDSA,None,None,"Unknown, Angle Impact, 0.0 drivers_injured, 0.0 drivers_killed, 0.0 passengers_injured, 0.0 passengers_killed, 0.0 pedestrian_injured, 0.0 pedestrian_killed, Fair (Day), EDSA Pioneer St. Mandaluyong",MMDA Road Safety Unit,,a6f2c87b-6168-4398-8674-9b4e59357a3d,2009-05-29,03:05:00,Ortigas Ave. EDSA Mandaluyong,0,0,0,0,0,0,0,0,0,0,2009-05-29 11:05,Property,14.57236671,121.0472702,Angle Impact
None,EDSA,None,None,"Unknown, Rear-end, 0.0 drivers_injured, 0.0 drivers_killed, 0.0 passengers_injured, 0.0 passengers_killed, 0.0 pedestrian_injured, 0.0 pedestrian_killed, Fair (Day), EDSA after Shaw Blvd. Mandaluyong",MMDA Road Safety Unit,,f985633d-39c2-4b95-8a95-28302f8316d6,2009-05-24,05:40:00,Ortigas Ave. EDSA Mandaluyong,0,0,0,0,0,0,0,0,0,0,2009-05-24 13:40,Property,14.58102963,121.053312,Rear-End
None,EDSA,None,None,"Human Error, Side Swipe, 0.0 drivers_injured, 0.0 drivers_killed, 0.0 passengers_injured, 0.0 passengers_killed, 0.0 pedestrian_injured, 0.0 pedestrian_killed, Fair (Day), EDSA fronting Highway 54  Mandaluyong",MMDA Road Safety Unit,,56d13d75-49c5-4e5d-9759-2f6d79d8c29a,2009-05-24,04:10:00,Ortigas Ave. EDSA (EB) Mandaluyong,0,0,0,0,0,0,0,0,0,0,2009-05-24 12:10,Property,14.58501685,121.0556077,Side Swipe
None,EDSA,None,None,"Human Error, Side Swipe, 0.0 drivers_injured, 0.0 drivers_killed, 0.0 passengers_injured, 0.0 passengers_killed, 0.0 pedestrian_injured, 0.0 pedestrian_killed, Fair (Day), EDSA approaching Shaw Blvd. Mandaluyong",MMDA Road Safety Unit,,58efec1a-0db3-4539-a99e-f94c5bf44e86,2009-05-19,08:20:00,Ortigas Ave. EDSA Mandaluyong,0,0,0,0,0,0,0,0,0,0,2009-05-19 16:20,Property,14.58187126,121.053884,Side Swipe
None,EDSA,None,None,"Unknown, Rear-end, 0.0 drivers_injured, 0.0 drivers_killed, 0.0 passengers_injured, 0.0 passengers_killed, 0.0 pedestrian_injured, 0.0 pedestrian_killed, Fair (Day), EDSA fronting SM Megamall Mandaluyong",MMDA Road Safety Unit,,36b31ae3-1d47-48b7-84bf-1e3755ce5788,2009-05-18,04:35:00,Ortigas Ave. EDSA Mandaluyong,0,0,0,0,0,0,0,0,0,0,2009-05-18 12:35,Property,14.58562556,121.0560947,Rear-End
None,EDSA,None,None,"Unknown, Side Swipe, 0.0 drivers_injured, 0.0 drivers_killed, 0.0 passengers_injured, 0.0 passengers_killed, 0.0 pedestrian_injured, 0.0 pedestrian_killed, Fair (Day), EDSA after Highway 54  Mandaluyong",MMDA Road Safety Unit,,132907ae-63bf-4acc-a38a-85212746271b,2009-05-18,01:30:00,Ortigas Ave. EDSA Mandaluyong,0,0,0,0,0,0,0,0,0,0,2009-05-18 9:30,Property,14.58463922,121.0555026,Side Swipe
None,EDSA,None,None,"Unknown, Rear-end, 0.0 drivers_injured, 0.0 drivers_killed, 0.0 passengers_injured, 0.0 passengers_killed, 0.0 pedestrian_injured, 0.0 pedestrian_killed, Fair (Day), EDSA fronting SM Megamall Mandaluyong",MMDA Road Safety Unit,,bae0a332-7daa-4d47-ab38-8b638e1d8217,2009-05-17,06:40:00,Ortigas Ave. EDSA Shrine Mandaluyong,0,0,0,0,0,0,0,0,0,0,2009-05-17 14:40,Property,14.58562556,121.0560947,Rear-End
None,EDSA,None,None,"Unknown, Side Swipe, 0.0 drivers_injured, 0.0 drivers_killed, 0.0 passengers_injured, 0.0 passengers_killed, 0.0 pedestrian_injured, 0.0 pedestrian_killed, Fair (Day), EDSA Boni Ave. Mandaluyong",MMDA Road Safety Unit,,7a575e89-9644-4b4e-972d-7472708d03e5,2009-05-15,06:30:00,Ortigas Ave. EDSA Quezon City,0,0,0,0,0,0,0,0,0,0,2009-05-15 14:30,Property,14.57242918,121.0471629,Side Swipe
None,EDSA,None,None,"Unknown, Side Swipe, 0.0 drivers_injured, 0.0 drivers_killed, 0.0 passengers_injured, 0.0 passengers_killed, 0.0 pedestrian_injured, 0.0 pedestrian_killed, Fair (Day), EDSA fronting Dr. Victor R. Potenciano Medical Center (Former Polymedic) Mandaluyong",MMDA Road Safety Unit,,0f502831-026c-4b29-bd6d-781a7014654f,2009-05-14,02:00:00,"Ortigas Ave. EDSA Shrine, Ugong Norte Quezon City",0,0,0,0,0,0,0,0,0,0,2009-05-14 10:00,Property,14.57900821,121.0517585,Side Swipe
None,EDSA,None,None,"Unknown, Angle Impact, 0.0 drivers_injured, 0.0 drivers_killed, 0.0 passengers_injured, 0.0 passengers_killed, 0.0 pedestrian_injured, 0.0 pedestrian_killed, Fair (Day), EDSA Shaw Blvd. (Crossing) Mandaluyong",MMDA Road Safety Unit,,d6804d19-d3aa-465a-8ca4-cc701f225798,2009-05-14,01:30:00,"Ortigas Ave. Edsa Shrine Church, Ugong Norte Quezon City",0,0,0,0,0,0,0,0,0,0,2009-05-14 9:30,Property,14.58119822,121.0534578,Angle Impact
None,EDSA,None,None,"Human Error, Rear-end, 0.0 drivers_injured, 0.0 drivers_killed, 0.0 passengers_injured, 0.0 passengers_killed, 0.0 pedestrian_injured, 0.0 pedestrian_killed, Fair (Day), EDSA before Robinson Place-Pioneer Mandaluyong",MMDA Road Safety Unit,,850d3f41-f838-40fc-9f4c-d86f579d4722,2009-05-14,00:30:00,"Ortigas Ave. EDSA Shrine, Ugong Norte Quezon City",0,0,0,0,0,0,0,0,0,0,2009-05-14 8:30,Property,14.57035516,121.0465778,Rear-End
None,EDSA,None,None,"Unknown, Other (Backing Collision), 0.0 drivers_injured, 0.0 drivers_killed, 0.0 passengers_injured, 0.0 passengers_killed, 0.0 pedestrian_injured, 0.0 pedestrian_killed, Fair (Day), EDSA Shaw Blvd., fronting Star Mall Mandaluyong",MMDA Road Safety Unit,,fa71c350-3228-4c55-a49e-c02bee84a158,2009-05-10,04:30:00,Ortigas Ave. Epifanio Delos Santos Avenue (EDSA) fronting EDSA Shrine Quezon City,0,0,0,0,0,0,0,0,0,0,2009-05-10 12:30,Property,14.58119822,121.0534578,Rear-End
None,EDSA,None,None,"Unknown, Side Swipe, 0.0 drivers_injured, 0.0 drivers_killed, 0.0 passengers_injured, 0.0 passengers_killed, 0.0 pedestrian_injured, 0.0 pedestrian_killed, Fair (Night), EDSA fronting SM Megamall Mandaluyong",MMDA Road Safety Unit,,e0ea73dd-1b6f-4b8b-9e70-08b4967c663f,2009-05-09,20:30:00,Ortigas Ave. before EDSA Ugong Norte Quezon City,0,0,0,0,0,0,0,0,0,0,2009-05-10 4:30,Property,14.58562556,121.0560947,Side Swipe
None,EDSA,None,None,"Unknown, Angle Impact, 0.0 drivers_injured, 0.0 drivers_killed, 0.0 passengers_injured, 0.0 passengers_killed, 0.0 pedestrian_injured, 0.0 pedestrian_killed, Fair (Day), EDSA Connecticut St. Mandaluyong",MMDA Road Safety Unit,,9b82369f-b734-4047-be1d-07ef6de4a5a3,2009-05-09,06:30:00,Ortigas Ave. Epifanio Delos Santos Avenue (EDSA) Quezon City,0,0,0,0,0,0,0,0,0,0,2009-05-09 14:30,Property,14.60151411,121.0591478,Angle Impact
None,EDSA,None,None,"Unknown, Angle Impact, 0.0 drivers_injured, 0.0 drivers_killed, 0.0 passengers_injured, 0.0 passengers_killed, 0.0 pedestrian_injured, 0.0 pedestrian_killed, Fair (Day), EDSA Ortigas Ave. Mandaluyong",MMDA Road Safety Unit,,1140f8b4-4154-4935-9eb3-d0ae85f11fb2,2009-05-09,03:50:00,Ortigas Ave. EDSA Quezon City,0,0,0,0,0,0,0,0,0,0,2009-05-09 11:50,Property,14.59305232,121.0585643,Angle Impact
None,EDSA,None,None,"Unknown, Other (Backing Collision), 0.0 drivers_injured, 0.0 drivers_killed, 0.0 passengers_injured, 0.0 passengers_killed, 0.0 pedestrian_injured, 0.0 pedestrian_killed, Fair (Day), EDSA Reliance St. Mandaluyong",MMDA Road Safety Unit,,67440768-5337-4048-be50-77f9eb6eb960,2009-05-08,07:00:00,Ortigas Ave. before Edsa Quezon City,0,0,0,0,0,0,0,0,0,0,2009-05-08 15:00,Property,14.57669064,121.0504494,Rear-End
None,EDSA,None,None,"Unknown, Rear-end, 0.0 drivers_injured, 0.0 drivers_killed, 0.0 passengers_injured, 0.0 passengers_killed, 0.0 pedestrian_injured, 0.0 pedestrian_killed, Fair (Day), EDSA fronting MRT-Boni Station Mandaluyong",MMDA Road Safety Unit,,431d961a-c936-4f3f-a901-a36c55426410,2009-05-08,02:30:00,Ortigas Ave. before Edsa Quezon City,0,0,0,0,0,0,0,0,0,0,2009-05-08 10:30,Property,14.57374732,121.0481038,Rear-End
None,EDSA,None,None,"Unknown, Angle Impact, 0.0 drivers_injured, 0.0 drivers_killed, 0.0 passengers_injured, 0.0 passengers_killed, 0.0 pedestrian_injured, 0.0 pedestrian_killed, Fair (Night), EDSA Boni Avenue Mandaluyong",MMDA Road Safety Unit,,218c3ea6-678a-4621-9926-ce5abd93f3ba,2009-05-06,18:00:00,Ortigas Ave. before Edsa Quezon City,0,0,0,0,0,0,0,0,0,0,2009-05-07 2:00,Property,14.57241376,121.0474637,Angle Impact
None,EDSA,None,None,"Unknown, Angle Impact, 0.0 drivers_injured, 0.0 drivers_killed, 0.0 passengers_injured, 0.0 passengers_killed, 0.0 pedestrian_injured, 0.0 pedestrian_killed, Fair (Night), EDSA Reliance St. Mandaluyong",MMDA Road Safety Unit,,1a2e58bc-1057-4cea-b35f-051669c556c4,2009-05-04,19:50:00,Ortigas Ave. Epifanio Delos Santos Avenue (NB) Quezon City,0,0,0,0,0,0,0,0,0,0,2009-05-05 3:50,Property,14.57669064,121.0504494,Angle Impact
None,EDSA,None,None,"Unknown, Side Swipe, 0.0 drivers_injured, 0.0 drivers_killed, 0.0 passengers_injured, 0.0 passengers_killed, 0.0 pedestrian_injured, 0.0 pedestrian_killed, Fair (Day), EDSA after POEA  Mandaluyong",MMDA Road Safety Unit,,6dc3bd9c-1e1f-4876-bb90-5aa51358a0d5,2009-05-04,05:45:00,Ortigas Ave. before EDSA Barangay Ugong Quezon City,0,0,0,0,0,0,0,0,0,0,2009-05-04 13:45,Property,14.59250311,121.0580262,Side Swipe
None,EDSA,None,None,"Unknown, Rear-end, 0.0 drivers_injured, 0.0 drivers_killed, 0.0 passengers_injured, 0.0 passengers_killed, 0.0 pedestrian_injured, 0.0 pedestrian_killed, Fair (Day), EDSA Sultan St. Mandaluyong",MMDA Road Safety Unit,,4156d01d-ba1b-4ad7-b617-0aaf66577245,2009-05-04,04:30:00,Ortigas Ave. EDSA Shrine-Robinson's Galleria Quezon City,0,0,0,0,0,0,0,0,0,0,2009-05-04 12:30,Property,14.5805687,121.0529959,Rear-End
None,EDSA,None,None,"Unknown, Angle Impact, 0.0 drivers_injured, 0.0 drivers_killed, 0.0 passengers_injured, 0.0 passengers_killed, 0.0 pedestrian_injured, 0.0 pedestrian_killed, Fair (Night), EDSA Shaw Blvd. Mandaluyong",MMDA Road Safety Unit,,cba402cb-5fce-4937-be78-4c1563c40a36,2009-05-02,17:50:00,Ortigas Ave. before Epifanio Delos Santos Avenue  Quezon City,0,0,0,0,0,0,0,0,0,0,2009-05-03 1:50,Property,14.58119822,121.0534578,Angle Impact
None,EDSA,None,None,"Unknown, Side Swipe, 0.0 drivers_injured, 0.0 drivers_killed, 0.0 passengers_injured, 0.0 passengers_killed, 0.0 pedestrian_injured, 0.0 pedestrian_killed, Fair (Day), EDSA fronting Shangri-La Plaza Mandaluyong",MMDA Road Safety Unit,,3640015d-3a1e-4266-b136-6b27ffc9b39b,2009-05-02,06:10:00,Ortigas Ave. Epifanio Delos Santos Avenue Quezon City,0,0,0,0,0,0,0,0,0,0,2009-05-02 14:10,Property,14.5825601,121.0547716,Side Swipe
None,EDSA,None,None,"Unknown, Angle Impact, 0.0 drivers_injured, 0.0 drivers_killed, 0.0 passengers_injured, 0.0 passengers_killed, 0.0 pedestrian_injured, 0.0 pedestrian_killed, Fair (Day), EDSA Ortigas Ave. Mandaluyong",MMDA Road Safety Unit,,abc5e58f-0e75-4ea5-87fc-b6e4f08ec923,2009-04-17,22:40:00,"Ortigas Ave. EDSA, Bgy. Ugong Norte Quezon City",0,0,0,0,0,0,0,0,0,0,2009-04-18 6:40,Property,14.59305232,121.0585643,Angle Impact
None,EDSA,None,None,"Unknown, Side Swipe, 0.0 drivers_injured, 0.0 drivers_killed, 0.0 passengers_injured, 0.0 passengers_killed, 0.0 pedestrian_injured, 0.0 pedestrian_killed, Fair (Day), EDSA fronting MRT-Ortigas Station Mandaluyong",MMDA Road Safety Unit,,074381ec-2d5d-418a-9a3f-653d225350f3,2009-04-16,05:45:00,Ortigas Ave. EDSA Quezon City,0,0,0,0,0,0,0,0,0,0,2009-04-16 13:45,Property,14.5878198,121.0566584,Side Swipe
None,EDSA,None,None,"Unknown, Side Swipe, 0.0 drivers_injured, 0.0 drivers_killed, 0.0 passengers_injured, 0.0 passengers_killed, 0.0 pedestrian_injured, 0.0 pedestrian_killed, Fair (Day), EDSA Shaw Blvd. Mandaluyong",MMDA Road Safety Unit,,b1f5309c-e422-4001-a80a-43072000a089,2009-04-14,03:00:00,"Ortigas Ave. before EDSA, Bgy. Ugong Norte Quezon City",0,0,0,0,0,0,0,0,0,0,2009-04-14 11:00,Property,14.58119822,121.0534578,Side Swipe
None,EDSA,None,None,"Human Error, Rear-end, 0.0 drivers_injured, 0.0 drivers_killed, 0.0 passengers_injured, 0.0 passengers_killed, 0.0 pedestrian_injured, 0.0 pedestrian_killed, Fair (Day), EDSA fronting MRT-Ortigas Station Mandaluyong",MMDA Road Safety Unit,,4d6031cf-ee35-49cc-ac06-4642700c4a84,2009-04-06,06:00:00,Ortigas Ave. before EDSA Quezon City,0,0,0,0,0,0,0,0,0,0,2009-04-06 14:00,Property,14.5878198,121.0566584,Rear-End
None,EDSA,None,None,"Human Error, Side Swipe, 0.0 drivers_injured, 0.0 drivers_killed, 0.0 passengers_injured, 0.0 passengers_killed, 0.0 pedestrian_injured, 0.0 pedestrian_killed, Fair (Night), EDSA fronting Starmall Mandaluyong",MMDA Road Safety Unit,,1b6ebfa0-0b06-474b-baa7-207530246467,2009-04-05,11:20:00,Ortigas Ave. before EDSA Quezon City,0,0,0,0,0,0,0,0,0,0,2009-04-05 19:20,Property,14.5820399,121.0540545,Side Swipe
None,EDSA,None,None,"Unknown, Hit and Run (No Collision Stated), 0.0 drivers_injured, 0.0 drivers_killed, 0.0 passengers_injured, 0.0 passengers_killed, 0.0 pedestrian_injured, 0.0 pedestrian_killed, Fair (Day), EDSA fronting SM Megamall Mandaluyong",MMDA Road Safety Unit,,729ca803-b383-4649-ba05-d1aebbe6eaac,2009-04-02,06:45:00,Ortigas Ave. EDSA Quezon City,0,0,0,0,0,0,0,0,0,0,2009-04-02 14:45,Property,14.58562556,121.0560947,No Collision Stated
None,EDSA,None,None,"Unknown, Rear-end, 0.0 drivers_injured, 0.0 drivers_killed, 0.0 passengers_injured, 0.0 passengers_killed, 0.0 pedestrian_injured, 0.0 pedestrian_killed, Fair (Day), EDSA Libertad St.  Mandaluyong",MMDA Road Safety Unit,,e8e1854a-8d6c-42ce-b549-05fe07c6649f,2009-04-01,04:55:00,Ortigas Ave. EDSA Quezon City,0,0,0,0,0,0,0,0,0,0,2009-04-01 12:55,Property,14.57859094,121.0516172,Rear-End
None,EDSA,None,None,"Unknown, Side Swipe, 1.0 drivers_injured, 0.0 drivers_killed, 0.0 passengers_injured, 0.0 passengers_killed, 0.0 pedestrian_injured, 0.0 pedestrian_killed, Fair (Night), EDSA fronting MMDA Office, Ortigas Mandaluyong",MMDA Road Safety Unit,,9c00e84e-07e2-4fc5-9af9-b7f0dc1438d2,2009-03-11,14:30:00,Ortigas Ave. before EDSA Quezon City,0,0,0,1,0,0,0,0,0,1,2009-03-11 22:30,Injury,14.59328514,121.0585589,Side Swipe
None,EDSA,None,None,"Unknown, Side Swipe, 0.0 drivers_injured, 0.0 drivers_killed, 0.0 passengers_injured, 0.0 passengers_killed, 0.0 pedestrian_injured, 0.0 pedestrian_killed, Fair (Day), EDSA near Starmall Mandaluyong",MMDA Road Safety Unit,,caebf1b0-950d-4b92-96a5-4a39c73a4596,2009-02-18,07:15:00,Ortigas Ave. W/B lane Approaching Edsa Quezon City,0,0,0,0,0,0,0,0,0,0,2009-02-18 15:15,Property,14.58231282,121.054273,Side Swipe
None,EDSA,None,None,"Unknown, Rear-end, 0.0 drivers_injured, 0.0 drivers_killed, 0.0 passengers_injured, 0.0 passengers_killed, 0.0 pedestrian_injured, 0.0 pedestrian_killed, Fair (Day), EDSA Apo St. Mandaluyong",MMDA Road Safety Unit,,cb3a9204-2147-4178-9fcd-37d5c8e2fd75,2009-02-17,00:30:00,"Ortigas Ave. EDSA Shrine, Bgy. Ugong Norte Quezon City",0,0,0,0,0,0,0,0,0,0,2009-02-17 8:30,Property,14.5715578,121.046752,Rear-End
None,EDSA,None,None,"Unknown, Angle Impact, 0.0 drivers_injured, 0.0 drivers_killed, 0.0 passengers_injured, 0.0 passengers_killed, 0.0 pedestrian_injured, 0.0 pedestrian_killed, Fair (Day), EDSA Libertad St. Mandaluyong",MMDA Road Safety Unit,,db6ee2b9-690e-4975-987a-897fa344fbc6,2009-02-15,07:30:00,"Ortigas Ave. EDSA, Bgy. Ugong Norte Quezon City",0,0,0,0,0,0,0,0,0,0,2009-02-15 15:30,Property,14.57859094,121.0516172,Angle Impact
None,EDSA,None,None,"Unknown, Side Swipe, 0.0 drivers_injured, 0.0 drivers_killed, 0.0 passengers_injured, 0.0 passengers_killed, 0.0 pedestrian_injured, 0.0 pedestrian_killed, Fair (Day), EDSA fronting EDSA Central Mandaluyong",MMDA Road Safety Unit,,4b18e1e3-7ca7-47fb-921f-2a39195a217c,2009-02-10,03:45:00,Ortigas Ave. EDSA Quezon City,0,0,0,0,0,0,0,0,0,0,2009-02-10 11:45,Property,14.57983371,121.0527084,Side Swipe
None,EDSA,None,None,"Unknown, Side Swipe, 0.0 drivers_injured, 0.0 drivers_killed, 0.0 passengers_injured, 0.0 passengers_killed, 0.0 pedestrian_injured, 0.0 pedestrian_killed, Fair (Day), EDSA Pioneer St. Mandaluyong",MMDA Road Safety Unit,,f2a64b01-1221-4e59-b568-8ab749b4b68a,2009-02-06,02:00:00,"Ortigas Ave. EDSA, Bgy. Ugong Norte Quezon City",0,0,0,0,0,0,0,0,0,0,2009-02-06 10:00,Property,14.57236671,121.0472702,Side Swipe
None,EDSA,None,None,"Unknown, Rear-end, 0.0 drivers_injured, 0.0 drivers_killed, 0.0 passengers_injured, 0.0 passengers_killed, 0.0 pedestrian_injured, 0.0 pedestrian_killed, Fair (Day), EDSA Guadalupe Bridge Mandaluyong",MMDA Road Safety Unit,,7cacd23d-b78b-41b6-8a6c-83c29efc91e0,2009-01-31,04:15:00,Ortigas Ave. EDSA Quezon City,0,0,0,0,0,0,0,0,0,0,2009-01-31 12:15,Property,14.5685496,121.0460027,Rear-End
None,EDSA,None,None,"Unknown, Rear-end, 0.0 drivers_injured, 0.0 drivers_killed, 0.0 passengers_injured, 0.0 passengers_killed, 0.0 pedestrian_injured, 0.0 pedestrian_killed, Fair (Day), EDSA Libertad fronting Mercury Mandaluyong",MMDA Road Safety Unit,,91a2cbe3-9586-4e72-8462-283f8b6b1eff,2009-01-21,01:10:00,Ortigas Ave. EDSA Quezon City,0,0,0,0,0,0,0,0,0,0,2009-01-21 9:10,Property,14.57859094,121.0516172,Rear-End
None,EDSA,None,None,"Unknown, Side Swipe, 0.0 drivers_injured, 0.0 drivers_killed, 0.0 passengers_injured, 0.0 passengers_killed, 0.0 pedestrian_injured, 0.0 pedestrian_killed, Fair (Day), EDSA Julia Vargas , Megamall Mandaluyong",MMDA Road Safety Unit,,3c05b2a4-a067-4693-b2dd-6d60ab561969,2009-01-19,01:20:00,Ortigas Ave. Edsa Quezon City,0,0,0,0,0,0,0,0,0,0,2009-01-19 9:20,Property,14.58458553,121.0557595,Side Swipe
None,EDSA,None,None,"Unknown, Side Swipe, 0.0 drivers_injured, 0.0 drivers_killed, 0.0 passengers_injured, 0.0 passengers_killed, 0.0 pedestrian_injured, 0.0 pedestrian_killed, Fair (Day), EDSA before Boni Ave. Mandaluyong",MMDA Road Safety Unit,,b9467049-1795-4221-b945-5078b2323bb0,2009-01-18,08:30:00,Ortigas Ave. EDSA Shrine Quezon City,0,0,0,0,0,0,0,0,0,0,2009-01-18 16:30,Property,14.57291643,121.0474393,Side Swipe
None,EDSA,None,None,"Unknown, Rear-end, 0.0 drivers_injured, 0.0 drivers_killed, 0.0 passengers_injured, 0.0 passengers_killed, 0.0 pedestrian_injured, 0.0 pedestrian_killed, Fair (Day), EDSA fronting Highway 54  Mandaluyong",MMDA Road Safety Unit,,dfce54af-c15d-4127-9d4a-e23f9ebdc11e,2009-01-11,08:10:00,Ortigas Ave. EDSA N/B Quezon City,0,0,0,0,0,0,0,0,0,0,2009-01-11 16:10,Property,14.58501685,121.0556077,Rear-End
None,EDSA,None,None,"Unknown, Angle Impact, 0.0 drivers_injured, 0.0 drivers_killed, 0.0 passengers_injured, 0.0 passengers_killed, 0.0 pedestrian_injured, 0.0 pedestrian_killed, Fair (Day), EDSA MegaMall Exit N/B Mandaluyong",MMDA Road Safety Unit,,606e7d96-2a8e-4a91-a9dc-3054914e25e9,2009-01-08,04:00:00,"Ortigas ave. cor Edsa,Brgy.Ugong Norte Quezon City",0,0,0,0,0,0,0,0,0,0,2009-01-08 12:00,Property,14.58519582,121.0559351,Angle Impact
None,EDSA,None,None,"Unknown, Side Swipe, 0.0 drivers_injured, 0.0 drivers_killed, 0.0 passengers_injured, 0.0 passengers_killed, 0.0 pedestrian_injured, 0.0 pedestrian_killed, Fair (Day), EDSA fronting Mercury Drugstore, Libertad Mandaluyong",MMDA Road Safety Unit,,e9089daf-8296-44d0-abaa-6ac59026036b,2009-01-04,08:30:00,Ortigas Ave. EDSA Ugong Norte Quezon City,0,0,0,0,0,0,0,0,0,0,2009-01-04 16:30,Property,14.57833529,121.0513471,Side Swipe
None,EDSA,None,None,"Unknown, Side Swipe, 0.0 drivers_injured, 0.0 drivers_killed, 0.0 passengers_injured, 0.0 passengers_killed, 0.0 pedestrian_injured, 0.0 pedestrian_killed, Dry, EDSA Julia Vargas Fronting MagaMall Mandaluyong",MMDA Road Safety Unit,,27c05cc0-729c-4a86-bb2f-03dbcc02aa70,2008-12-23,20:50:00,Ortigas Avenue EDSA (N/B) Quezon City,0,0,0,0,0,0,0,0,0,0,2008-12-24 4:50,Property,14.58458553,121.0557595,Side Swipe
None,EDSA,None,None,"Unknown, Rear-end, 0.0 drivers_injured, 0.0 drivers_killed, 0.0 passengers_injured, 0.0 passengers_killed, 0.0 pedestrian_injured, 0.0 pedestrian_killed, Dry, EDSA Pioneer St. Brgy Malamig Mandaluyong",MMDA Road Safety Unit,,1eacad46-80bc-464d-8f47-7648a154304a,2008-12-20,05:25:00,Ortigas Ave. EDSA Quezon City,0,0,0,0,0,0,0,0,0,0,2008-12-20 13:25,Property,14.57236671,121.0472702,Rear-End
None,EDSA,None,None,"Unknown, Side Swipe, 0.0 drivers_injured, 0.0 drivers_killed, 0.0 passengers_injured, 0.0 passengers_killed, 0.0 pedestrian_injured, 0.0 pedestrian_killed, Dry, EDSA Libertad St. Mandaluyong",MMDA Road Safety Unit,,83dcd6fc-f728-48ec-92f0-55480d8fdb14,2008-12-09,01:30:00,Ortigas Ave. EDSA Quezon City,0,0,0,0,0,0,0,0,0,0,2008-12-09 9:30,Property,14.57859094,121.0516172,Side Swipe
None,EDSA,None,None,"Unknown, Hit and Run (No Collision Stated), 0.0 drivers_injured, 0.0 drivers_killed, 0.0 passengers_injured, 0.0 passengers_killed, 0.0 pedestrian_injured, 0.0 pedestrian_killed, Dry, EDSA anapolis st Mandaluyong",MMDA Road Safety Unit,,3fb69f39-3df5-4e6a-8be4-0b15c5137825,2008-11-19,06:00:00,Ortigas Ave. before EDSA Quezon City,0,0,0,0,0,0,0,0,0,0,2008-11-19 14:00,Property,14.60631933,121.0570925,No Collision Stated
None,EDSA,None,None,"Unknown, Hit and Run (No Collision Stated), 0.0 drivers_injured, 0.0 drivers_killed, 0.0 passengers_injured, 0.0 passengers_killed, 0.0 pedestrian_injured, 0.0 pedestrian_killed, Dry, EDSA Pioneer   Mandaluyong",MMDA Road Safety Unit,,41ef70a7-636c-4662-baae-80ec21b53e96,2008-10-09,04:00:00,Ortigas Ave. EDSA Quezon City,0,0,0,0,0,0,0,0,0,0,2008-10-09 12:00,Property,14.57236671,121.0472702,No Collision Stated
None,EDSA,None,None,"Human Error, Rear-end, 0.0 drivers_injured, 0.0 drivers_killed, 0.0 passengers_injured, 0.0 passengers_killed, 0.0 pedestrian_injured, 0.0 pedestrian_killed, Dry, EDSA fronting Signet Kia Motors Mandaluyong",MMDA Road Safety Unit,,77bf8f85-ae76-4fb0-b3ee-04add851026a,2008-09-28,01:45:00,Ortigas Ave. Edsa BDO Quezon City,0,0,0,0,0,0,0,0,0,0,2008-09-28 9:45,Property,14.5978681,121.0596679,Rear-End
None,EDSA,None,None,"Human Error, Side Swipe, 0.0 drivers_injured, 0.0 drivers_killed, 0.0 passengers_injured, 0.0 passengers_killed, 0.0 pedestrian_injured, 0.0 pedestrian_killed, Dry, EDSA at """"turn slot / Boni Serrano Mandaluyong",MMDA Road Safety Unit,,84fcd1c3-bfb2-4050-8f80-b2158e844c01,2008-09-19,04:45:00,Ortigas Ave. EDSA Quezon City,0,0,0,0,0,0,0,0,0,0,2008-09-19 12:45,Property,14.61040555,121.0552819,Side Swipe
None,EDSA,None,None,"Unknown, Side Swipe, 0.0 drivers_injured, 0.0 drivers_killed, 0.0 passengers_injured, 0.0 passengers_killed, 0.0 pedestrian_injured, 0.0 pedestrian_killed, Dry, EDSA Boni Ave. Mandaluyong",MMDA Road Safety Unit,,104c56e9-b22b-4d6a-be66-6343239f78bf,2008-09-13,08:55:00,Ortigas Ave. EDSA Quezon City,0,0,0,0,0,0,0,0,0,0,2008-09-13 16:55,Property,14.57242918,121.0471629,Side Swipe
None,EDSA,None,None,"Human Error, Side Swipe, 0.0 drivers_injured, 0.0 drivers_killed, 0.0 passengers_injured, 0.0 passengers_killed, 0.0 pedestrian_injured, 0.0 pedestrian_killed, Dry, EDSA Madison St. Mandaluyong",MMDA Road Safety Unit,,a93dbd20-8ab7-414a-bd1f-ed06ed3a99cb,2008-09-12,11:00:00,Ortigas Ave. EDSA Quezon City,0,0,0,0,0,0,0,0,0,0,2008-09-12 19:00,Property,14.57464299,121.0489046,Side Swipe
None,EDSA,None,None,"Human Error, Rear-end, 0.0 drivers_injured, 0.0 drivers_killed, 0.0 passengers_injured, 0.0 passengers_killed, 0.0 pedestrian_injured, 0.0 pedestrian_killed, Dry, EDSA Ortigas Ave.(E/B) Mandaluyong",MMDA Road Safety Unit,,daf436f0-bc85-4b10-9fde-7dffd8ca78d4,2008-09-05,22:00:00,Ortigas Ave. before EDSA Quezon City,0,0,0,0,0,0,0,0,0,0,2008-09-06 6:00,Property,14.5931221,121.0583126,Rear-End
None,EDSA,None,None,"Unknown, Rear-end, 0.0 drivers_injured, 0.0 drivers_killed, 0.0 passengers_injured, 0.0 passengers_killed, 0.0 pedestrian_injured, 0.0 pedestrian_killed, Dry, EDSA Shaw Blvd. (NB) Mandaluyong",MMDA Road Safety Unit,,50208837-a981-4a09-9e90-969fd232986c,2008-08-15,17:40:00,Ortigas Ave. before EDSA Quezon City,0,0,0,0,0,0,0,0,0,0,2008-08-16 1:40,Property,14.58119822,121.0534578,Rear-End