LOCATION_TEXT,ROAD,WEATHER,LIGHT,DESC,REPORTING_AGENCY,MAIN_CAUSE,INCIDENTDETAILS_ID,DATE_UTC,TIME_UTC,ADDRESS,killed_driver,killed_passenger,killed_pedestrian,injured_driver,injured_passenger,injured_pedestrian,killed_uncategorized,injured_uncategorized,killed_total,injured_total,DATETIME_PST,SEVERITY,Y,X,COLLISION_TYPE
None,EDSA,None,None,"Unknown, Hit and Run (No Collision Stated), 0.0 drivers_injured, 0.0 drivers_killed, 0.0 passengers_injured, 0.0 passengers_killed, 0.0 pedestrian_injured, 0.0 pedestrian_killed, Dry, EDSA before Kamayan Restaurant Mandaluyong",MMDA Road Safety Unit,,cd64c791-898d-41cb-a8cc-6ebb26c56a0a,2008-08-07,06:40:00,Ortigas Ave. EDSA Quezon City,0,0,0,0,0,0,0,0,0,0,2008-08-07 14:40,Property,14.59789523,121.059567,No Collision Stated
None,EDSA,None,None,"Unknown, Hit and Run (No Collision Stated), 0.0 drivers_injured, 0.0 drivers_killed, 0.0 passengers_injured, 0.0 passengers_killed, 0.0 pedestrian_injured, 0.0 pedestrian_killed, Dry, EDSA fronting Landbank Mandaluyong",MMDA Road Safety Unit,,642361fa-90d8-4318-948e-e9e8f15c8263,2008-08-06,02:30:00,Ortigas Avenue Edsa Shrine Quezon City,0,0,0,0,0,0,0,0,0,0,2008-08-06 10:30,Property,14.60065319,121.0593531,No Collision Stated
None,EDSA,None,None,"Human Error, Side Swipe, 0.0 drivers_injured, 0.0 drivers_killed, 0.0 passengers_injured, 0.0 passengers_killed, 0.0 pedestrian_injured, 0.0 pedestrian_killed, Dry, EDSA fronting Robinson Galleria Mall Drive Mandaluyong",MMDA Road Safety Unit,,7707f202-6502-40ef-8455-b74cb7fa4ebf,2008-07-08,02:45:00,Ortigas Ave. EDSA Quezon City,0,0,0,0,0,0,0,0,0,0,2008-07-08 10:45,Property,14.59220491,121.0582515,Side Swipe
None,EDSA,None,None,"Unknown, Hit and Run (No Collision Stated), 0.0 drivers_injured, 0.0 drivers_killed, 0.0 passengers_injured, 0.0 passengers_killed, 0.0 pedestrian_injured, 0.0 pedestrian_killed, Dry, EDSA Pioneer St. Mandaluyong",MMDA Road Safety Unit,,8233415b-eddd-4d7e-9106-415c82ace312,2008-07-04,01:30:00,Ortigas Ave. EDSA Quezon City,0,0,0,0,0,0,0,0,0,0,2008-07-04 9:30,Property,14.57236671,121.0472702,No Collision Stated
None,EDSA,None,None,"Human Error, Side Swipe, 0.0 drivers_injured, 0.0 drivers_killed, 0.0 passengers_injured, 0.0 passengers_killed, 0.0 pedestrian_injured, 0.0 pedestrian_killed, Dry, EDSA Shaw Blvd. Intersection Mandaluyong",MMDA Road Safety Unit,,4e8f17f1-7db3-42b2-869c-8ee0326a4c5a,2008-07-02,05:00:00,Ortigas Ave. EDSA Quezon City,0,0,0,0,0,0,0,0,0,0,2008-07-02 13:00,Property,14.58119822,121.0534578,Side Swipe
None,EDSA,None,None,"Human Error, Angle Impact, 0.0 drivers_injured, 0.0 drivers_killed, 0.0 passengers_injured, 0.0 passengers_killed, 0.0 pedestrian_injured, 0.0 pedestrian_killed, Dry, EDSA Ortigas Ave. Mandaluyong",MMDA Road Safety Unit,,b120623f-0f4a-4974-8a4c-f79799904094,2008-06-09,22:20:00,Ortigas Ave. EDSA Quezon City,0,0,0,0,0,0,0,0,0,0,2008-06-10 6:20,Property,14.59311785,121.0586027,Angle Impact
None,EDSA,None,None,"Unknown, Hit object (No Object Stated), 1.0 drivers_injured, 0.0 drivers_killed, 0.0 passengers_injured, 0.0 passengers_killed, 0.0 pedestrian_injured, 0.0 pedestrian_killed, Dry, EDSA SM Megamall Mandaluyong",MMDA Road Safety Unit,,6ecad49b-04fc-4e6d-9ca4-ca42b6cb9e47,2008-05-30,06:25:00,Ortigas Ave. corner EDSA frontingRobinson Galleria Quezon City,0,0,0,1,0,0,0,0,0,1,2008-05-30 14:25,Injury,14.58501645,121.0558372,Hit Object
None,EDSA,None,None,"Human Error, Rear-end, 0.0 drivers_injured, 0.0 drivers_killed, 0.0 passengers_injured, 0.0 passengers_killed, 0.0 pedestrian_injured, 0.0 pedestrian_killed, Dry, EDSA approaching Libertad St. Mandaluyong",MMDA Road Safety Unit,,d733f70c-48a8-4bc8-9ad9-30f981c8f926,2008-04-16,03:30:00,Ortigas Ave. EDSA Shrine Quezon City,0,0,0,0,0,0,0,0,0,0,2008-04-16 11:30,Property,14.57863286,121.0518546,Rear-End
None,EDSA,None,None,"Human Error, Angle Impact, 0.0 drivers_injured, 0.0 drivers_killed, 0.0 passengers_injured, 0.0 passengers_killed, 0.0 pedestrian_injured, 0.0 pedestrian_killed, Dry, EDSA Boni Ave. Mandaluyong",MMDA Road Safety Unit,,477c0333-06a3-44d6-9d58-94ca7c9e6aae,2008-03-21,21:30:00,Ortigas Interchange  Mandaluyong,0,0,0,0,0,0,0,0,0,0,2008-03-22 5:30,Property,14.57254019,121.0472319,Angle Impact
None,EDSA,None,None,"Human Error, Hit object (No Object Stated), 1.0 drivers_injured, 0.0 drivers_killed, 0.0 passengers_injured, 0.0 passengers_killed, 0.0 pedestrian_injured, 0.0 pedestrian_killed, Dry, EDSA United St. Mandaluyong",MMDA Road Safety Unit,,724d3df7-616b-487c-ba65-ee81ab26980f,2008-02-24,04:30:00,EDSA-Ortigas  Mandaluyong,0,0,0,1,0,0,0,0,0,1,2008-02-24 12:30,Injury,14.57922216,121.0524071,Hit Object
None,EDSA,None,None,"Human Error, Side Swipe, 0.0 drivers_injured, 0.0 drivers_killed, 0.0 passengers_injured, 0.0 passengers_killed, 0.0 pedestrian_injured, 0.0 pedestrian_killed, Dry, EDSA Shaw Blvd. Mandaluyong",MMDA Road Safety Unit,,cdff1542-b8de-4063-b024-bd1f8accd135,2008-02-15,01:30:00,EDSA Ortigas  Mandaluyong,0,0,0,0,0,0,0,0,0,0,2008-02-15 9:30,Property,14.58119822,121.0534578,Side Swipe
None,EDSA,None,None,"Human Error, Rear-end, 0.0 drivers_injured, 0.0 drivers_killed, 0.0 passengers_injured, 0.0 passengers_killed, 0.0 pedestrian_injured, 0.0 pedestrian_killed, Dry, EDSA Pinatubo St. Mandaluyong",MMDA Road Safety Unit,,9ad31315-28c8-470e-a990-9f9e246fe397,2008-02-10,20:40:00,EDSA Ortigas  Mandaluyong,0,0,0,0,0,0,0,0,0,0,2008-02-11 4:40,Property,14.57321369,121.0476439,Rear-End
None,EDSA,None,None,"Human Error, Angle Impact, 0.0 drivers_injured, 0.0 drivers_killed, 0.0 passengers_injured, 0.0 passengers_killed, 0.0 pedestrian_injured, 0.0 pedestrian_killed, Dry, EDSA Boni Ave. Mandaluyong",MMDA Road Safety Unit,,d79feb83-f215-4d91-8ca4-779d98feccce,2008-02-09,11:10:00,EDSA Ortigas         Mandaluyong,0,0,0,0,0,0,0,0,0,0,2008-02-09 19:10,Property,14.57254019,121.0472319,Angle Impact
None,EDSA,None,None,"Human Error, Angle Impact, 0.0 drivers_injured, 0.0 drivers_killed, 0.0 passengers_injured, 0.0 passengers_killed, 0.0 pedestrian_injured, 0.0 pedestrian_killed, Dry, EDSA Boni Ave. Mandaluyong",MMDA Road Safety Unit,,4ed65c21-c879-40d1-a0ca-7c2614b6993a,2008-02-09,03:30:00,EDSA Annapolis St. San Juan,0,0,0,0,0,0,0,0,0,0,2008-02-09 11:30,Property,14.57254019,121.0472319,Angle Impact
None,EDSA,None,None,"Human Error, Angle Impact, 0.0 drivers_injured, 0.0 drivers_killed, 0.0 passengers_injured, 0.0 passengers_killed, 0.0 pedestrian_injured, 0.0 pedestrian_killed, Dry, EDSA Shaw Blvd. Mandaluyong",MMDA Road Safety Unit,,1ff6fd0c-bef1-487e-9d8c-1f5d213b46f8,2008-02-03,05:30:00,EDSA Annapolis St. San Juan,0,0,0,0,0,0,0,0,0,0,2008-02-03 13:30,Property,14.58116094,121.0537942,Angle Impact
None,EDSA,None,None,"Human Error, Side Swipe, 1.0 drivers_injured, 0.0 drivers_killed, 0.0 passengers_injured, 0.0 passengers_killed, 0.0 pedestrian_injured, 0.0 pedestrian_killed, Dry, EDSA fronting Robinson Galleria Mandaluyong",MMDA Road Safety Unit,,d4d2cd1a-1d31-45a6-9058-56cccfb79a2a,2008-02-02,11:00:00,EDSA V. V. Soliven Bldg. San Juan,0,0,0,1,0,0,0,0,0,1,2008-02-02 19:00,Injury,14.59220491,121.0582515,Side Swipe
None,EDSA,None,None,"Human Error, Rear-end, 0.0 drivers_injured, 0.0 drivers_killed, 0.0 passengers_injured, 0.0 passengers_killed, 0.0 pedestrian_injured, 0.0 pedestrian_killed, Dry, EDSA Shaw Blvd. Mandaluyong",MMDA Road Safety Unit,,18b315ba-d57c-4fbc-a388-147f1aad7027,2008-01-10,07:15:00,EDSA Annapolis St. San Juan,0,0,0,0,0,0,0,0,0,0,2008-01-10 15:15,Property,14.58119822,121.0534578,Rear-End
None,EDSA,None,None,"Human Error, Side Swipe, 0.0 drivers_injured, 0.0 drivers_killed, 0.0 passengers_injured, 0.0 passengers_killed, 0.0 pedestrian_injured, 0.0 pedestrian_killed, Dry, EDSA before Polymedic Mandaluyong",MMDA Road Safety Unit,,c6beea43-832c-4711-bbc4-8330d3463be3,2008-01-04,07:20:00,EDSA  Annapolis St. San Juan,0,0,0,0,0,0,0,0,0,0,2008-01-04 15:20,Property,14.57706621,121.0504511,Side Swipe
None,EDSA,None,None,"Human Error, Rear-end, 0.0 drivers_injured, 0.0 drivers_killed, 0.0 passengers_injured, 0.0 passengers_killed, 0.0 pedestrian_injured, 0.0 pedestrian_killed, Dry, EDSA App.Shaw Blvd. Fronting SM Mega Mall Mandaluyong",MMDA Road Safety Unit,,4e5dc791-d7b9-485e-8aca-f9b78c1fcc59,2008-01-02,07:00:00,EDSA V.V. Soliven Bldg. San Juan,0,0,0,0,0,0,0,0,0,0,2008-01-02 15:00,Property,14.58156911,121.0540688,Rear-End
None,EDSA,None,None,"Unknown, Hit object (Center Island), 0.0 drivers_injured, 0.0 drivers_killed, 0.0 passengers_injured, 0.0 passengers_killed, 0.0 pedestrian_injured, 0.0 pedestrian_killed, Dry, EDSA   United Mandaluyong",MMDA Road Safety Unit,,10d0a047-fac7-4fb9-8b6e-fe1cde1d295a,2007-12-27,17:00:00,EDSA Annapolis St. San Juan,0,0,0,0,0,0,0,0,0,0,2007-12-28 1:00,Property,14.57931157,121.052296,Hit Object
None,EDSA,None,None,"Unknown, Hit object (Barrier-Concrete), 0.0 drivers_injured, 0.0 drivers_killed, 0.0 passengers_injured, 0.0 passengers_killed, 0.0 pedestrian_injured, 0.0 pedestrian_killed, Dry, EDSA   United Mandaluyong",MMDA Road Safety Unit,,23b1cb24-3b88-40e5-ac90-e7b3bfd4d6a6,2007-12-27,05:45:00,EDSA Annapolis St. San Juan,0,0,0,0,0,0,0,0,0,0,2007-12-27 13:45,Injury,14.57931157,121.052296,Hit Object
None,EDSA,None,None,"Unknown, Side Swipe, 0.0 drivers_injured, 0.0 drivers_killed, 0.0 passengers_injured, 0.0 passengers_killed, 0.0 pedestrian_injured, 0.0 pedestrian_killed, Dry, EDSA fronting Robinson's Galleria Mandaluyong",MMDA Road Safety Unit,,a617727d-51fc-4009-8cd8-324731352fc0,2007-11-19,10:00:00,EDSA Annapolis St. San Juan,0,0,0,0,0,0,0,0,0,0,2007-11-19 18:00,Property,14.59220491,121.0582515,Side Swipe
None,EDSA,None,None,"Unknown, Hit object (No Object Stated), 0.0 drivers_injured, 0.0 drivers_killed, 0.0 passengers_injured, 0.0 passengers_killed, 0.0 pedestrian_injured, 0.0 pedestrian_killed, Dry, EDSA approaching Guadalupe Mandaluyong",MMDA Road Safety Unit,,f0a76404-aa8c-415e-a720-385f59781ae3,2007-11-16,07:40:00,EDSA Annapolis St. San Juan,0,0,0,0,0,0,0,0,0,0,2007-11-16 15:40,Property,14.56926089,121.0459637,Hit Object
None,EDSA,None,None,"Unknown, Rear-end, 0.0 drivers_injured, 0.0 drivers_killed, 0.0 passengers_injured, 0.0 passengers_killed, 0.0 pedestrian_injured, 0.0 pedestrian_killed, Dry, EDSA fronting SM Megamall Mandaluyong",MMDA Road Safety Unit,,2837fef3-45ec-4529-9d19-5b50a964ce3e,2007-11-15,10:30:00,EDSA Annapolis St. San Juan,0,0,0,0,0,0,0,0,0,0,2007-11-15 18:30,Property,14.58562556,121.0560947,Rear-End
None,EDSA,None,None,"Unknown, Self-Accident, 0.0 drivers_injured, 0.0 drivers_killed, 0.0 passengers_injured, 0.0 passengers_killed, 0.0 pedestrian_injured, 0.0 pedestrian_killed, Dry, EDSA Boni Ave. Mandaluyong",MMDA Road Safety Unit,,ab045545-5157-48a6-9870-9230134b640d,2007-11-06,20:30:00,EDSA Annapolis St. San Juan,0,0,0,0,0,0,0,0,0,0,2007-11-07 4:30,Property,14.57242918,121.0471629,Self-Accident
None,EDSA,None,None,"Human Error, Side Swipe, 0.0 drivers_injured, 0.0 drivers_killed, 0.0 passengers_injured, 0.0 passengers_killed, 0.0 pedestrian_injured, 0.0 pedestrian_killed, Dry, EDSA near corner Ortigas Mandaluyong",MMDA Road Safety Unit,,b7ffa5ec-8d12-4447-a2e3-7962c408161c,2007-11-05,21:45:00,EDSA Annapolis St. San Juan,0,0,0,0,0,0,0,0,0,0,2007-11-06 5:45,Property,14.5931221,121.0583126,Side Swipe
None,EDSA,None,None,"Unknown, Hit object (No Object Stated), 0.0 drivers_injured, 0.0 drivers_killed, 0.0 passengers_injured, 0.0 passengers_killed, 0.0 pedestrian_injured, 0.0 pedestrian_killed, Dry, EDSA Poveda Mandaluyong",MMDA Road Safety Unit,,1e8881ca-5e91-4dba-af51-7cc220bde953,2007-10-12,02:30:00,EDSA Connecticut St. San Juan,0,0,0,0,0,0,0,0,0,0,2007-10-12 10:30,Property,14.5899353,121.0575058,Hit Object
None,EDSA,None,None,"Human Error, Side Swipe, 0.0 drivers_injured, 0.0 drivers_killed, 0.0 passengers_injured, 0.0 passengers_killed, 0.0 pedestrian_injured, 0.0 pedestrian_killed, Dry, EDSA fronting SM Mega mall Mandaluyong",MMDA Road Safety Unit,,be695730-682d-456d-bf30-e7816c9d4eae,2007-09-18,04:00:00,EDSA Connecticut St. San Juan,0,0,0,0,0,0,0,0,0,0,2007-09-18 12:00,Property,14.58562556,121.0560947,Side Swipe
None,EDSA,None,None,"Human Error, Side Swipe, 0.0 drivers_injured, 0.0 drivers_killed, 0.0 passengers_injured, 0.0 passengers_killed, 0.0 pedestrian_injured, 0.0 pedestrian_killed, Dry, EDSA fronting SM Mega Mall Mandaluyong",MMDA Road Safety Unit,,67426973-b6a8-4805-8de3-2cf6e796eb60,2007-09-15,22:45:00,EDSA Connecticut St. San Juan,0,0,0,0,0,0,0,0,0,0,2007-09-16 6:45,Property,14.58562556,121.0560947,Side Swipe
None,EDSA,None,None,"Human Error, Side Swipe, 0.0 drivers_injured, 0.0 drivers_killed, 0.0 passengers_injured, 0.0 passengers_killed, 0.0 pedestrian_injured, 0.0 pedestrian_killed, Dry, EDSA fronting Caltex gas station Mandaluyong",MMDA Road Safety Unit,,e915b205-841c-4522-b9c7-c374c7c83732,2007-09-12,23:40:00,EDSA Annapolis St. San Juan,0,0,0,0,0,0,0,0,0,0,2007-09-13 7:40,Property,14.57232065,121.0470826,Side Swipe
None,EDSA,None,None,"Human Error, Angle Impact, 0.0 drivers_injured, 0.0 drivers_killed, 0.0 passengers_injured, 0.0 passengers_killed, 0.0 pedestrian_injured, 0.0 pedestrian_killed, Dry, EDSA Guadix Mandaluyong",MMDA Road Safety Unit,,23c29a1c-f4c1-408e-88df-ccca64047267,2007-09-10,18:45:00,EDSA Annapolis St. San Juan,0,0,0,0,0,0,0,0,0,0,2007-09-11 2:45,Property,14.58938448,121.0573861,Angle Impact
None,EDSA,None,None,"Human Error, Angle Impact, 0.0 drivers_injured, 0.0 drivers_killed, 0.0 passengers_injured, 0.0 passengers_killed, 0.0 pedestrian_injured, 0.0 pedestrian_killed, Dry, EDSA Ortigas Ave. Mandaluyong",MMDA Road Safety Unit,,ab7c4268-8867-466c-91c0-5dbbd5c9b5d1,2007-09-10,01:30:00,EDSA Annapolis St. San Juan,0,0,0,0,0,0,0,0,0,0,2007-09-10 9:30,Property,14.59311785,121.0586027,Angle Impact
None,EDSA,None,None,"Human Error, Rear-end, 0.0 drivers_injured, 0.0 drivers_killed, 0.0 passengers_injured, 0.0 passengers_killed, 0.0 pedestrian_injured, 0.0 pedestrian_killed, Dry, EDSA   Shaw Blvd. Mandaluyong",MMDA Road Safety Unit,,25a0f65f-41af-4340-aeaa-ed7709a87b57,2007-09-08,04:45:00,EDSA Annapolis St. San Juan,0,0,0,0,0,0,0,0,0,0,2007-09-08 12:45,Property,14.58129005,121.0538008,Rear-End
None,EDSA,None,None,"Human Error, Side Swipe, 0.0 drivers_injured, 0.0 drivers_killed, 0.0 passengers_injured, 0.0 passengers_killed, 0.0 pedestrian_injured, 0.0 pedestrian_killed, Dry, EDSA Shangrila Mandaluyong",MMDA Road Safety Unit,,2d84811a-a496-4d8d-a374-01f0eaab6b32,2007-09-06,23:55:00,EDSA Connecticut St. San Juan,0,0,0,0,0,0,0,0,0,0,2007-09-07 7:55,Property,14.58223571,121.0544805,Side Swipe
None,EDSA,None,None,"Human Error, Angle Impact, 0.0 drivers_injured, 0.0 drivers_killed, 0.0 passengers_injured, 0.0 passengers_killed, 0.0 pedestrian_injured, 0.0 pedestrian_killed, Dry, EDSA J. Vargas Ave. Mandaluyong",MMDA Road Safety Unit,,1ce27140-fa55-45c3-97d4-25f60a6186b6,2007-09-06,21:30:00,EDSA Annapolis St. San Juan,0,0,0,0,0,0,0,0,0,0,2007-09-07 5:30,Property,14.58466951,121.0558149,Angle Impact
None,EDSA,None,None,"Human Error, Angle Impact, 0.0 drivers_injured, 0.0 drivers_killed, 0.0 passengers_injured, 0.0 passengers_killed, 0.0 pedestrian_injured, 0.0 pedestrian_killed, Dry, EDSA Shaw Blvd. Mandaluyong",MMDA Road Safety Unit,,86595d7e-23d3-4179-a405-0e5ffed3f203,2007-07-04,20:05:00,EDSA Connecticut St. San Juan,0,0,0,0,0,0,0,0,0,0,2007-07-05 4:05,Property,14.58116094,121.0537942,Angle Impact
None,EDSA,None,None,"Human Error, Angle Impact, 0.0 drivers_injured, 0.0 drivers_killed, 0.0 passengers_injured, 0.0 passengers_killed, 0.0 pedestrian_injured, 0.0 pedestrian_killed, Dry, EDSA Shaw Blvd. Mandaluyong",MMDA Road Safety Unit,,4f296532-a027-45a2-adfb-2ea66721e6fb,2007-07-04,17:20:00,EDSA Cats Motor San Juan,0,0,0,0,0,0,0,0,0,0,2007-07-05 1:20,Property,14.58116094,121.0537942,Angle Impact
None,EDSA,None,None,"Human Error, Side Swipe, 0.0 drivers_injured, 0.0 drivers_killed, 0.0 passengers_injured, 0.0 passengers_killed, 0.0 pedestrian_injured, 0.0 pedestrian_killed, Dry, EDSA fronting EDSA Central Mandaluyong",MMDA Road Safety Unit,,a16a5c03-f2b6-4a0b-9727-221a34fac8f9,2007-07-04,02:30:00,EDSA Annapolis St. San Juan,0,0,0,0,0,0,0,0,0,0,2007-07-04 10:30,Property,14.57983371,121.0527084,Side Swipe
None,EDSA,None,None,"Human Error, Side Swipe, 0.0 drivers_injured, 0.0 drivers_killed, 0.0 passengers_injured, 0.0 passengers_killed, 0.0 pedestrian_injured, 0.0 pedestrian_killed, Dry, EDSA Ortigas Ave. Mandaluyong",MMDA Road Safety Unit,,d5112a08-6765-4c14-a8ab-1f7df94dc425,2007-07-03,11:00:00,EDSA Connecticut St.  San Juan,0,0,0,0,0,0,0,0,0,0,2007-07-03 19:00,Property,14.59305232,121.0585643,Side Swipe
None,EDSA,None,None,"Human Error, Angle Impact, 0.0 drivers_injured, 0.0 drivers_killed, 0.0 passengers_injured, 0.0 passengers_killed, 0.0 pedestrian_injured, 0.0 pedestrian_killed, Dry, EDSA Pioneer St. Mandaluyong",MMDA Road Safety Unit,,7761aaf6-4d08-483d-a8bf-7c176f50966d,2007-07-01,23:20:00,EDSA Connecticut St.  San Juan,0,0,0,0,0,0,0,0,0,0,2007-07-02 7:20,Property,14.572352,121.0474512,Angle Impact
None,EDSA,None,None,"Unknown, Angle Impact, 0.0 drivers_injured, 0.0 drivers_killed, 0.0 passengers_injured, 0.0 passengers_killed, 0.0 pedestrian_injured, 0.0 pedestrian_killed, Dry, EDSA Boni Ave., in-between Caltex Gas Station Mandaluyong",MMDA Road Safety Unit,,2940210a-3556-470f-a9be-a4157ef6f103,2007-06-16,09:45:00,EDSA Connecticut (SB) San Juan,0,0,0,0,0,0,0,0,0,0,2007-06-16 17:45,Property,14.57241084,121.0471139,Angle Impact
None,EDSA,None,None,"Human Error, Side Swipe, 0.0 drivers_injured, 0.0 drivers_killed, 0.0 passengers_injured, 0.0 passengers_killed, 0.0 pedestrian_injured, 0.0 pedestrian_killed, Dry, EDSA fronting SM Mega Mall Mandaluyong",MMDA Road Safety Unit,,ac0e2040-4877-47c9-9e1a-3f3431400b67,2007-05-22,01:45:00,EDSA Connecticut (SB) San Juan,0,0,0,0,0,0,0,0,0,0,2007-05-22 9:45,Property,14.58562556,121.0560947,Side Swipe
None,EDSA,None,None,"Human Error, Rear-end, 0.0 drivers_injured, 0.0 drivers_killed, 0.0 passengers_injured, 0.0 passengers_killed, 0.0 pedestrian_injured, 0.0 pedestrian_killed, Dry, EDSA fronting Edsa Central Mandaluyong",MMDA Road Safety Unit,,b8b246e6-6c87-4c6c-946b-22b87d77d461,2007-05-03,12:30:00,EDSA Annapolis (SB) San Juan,0,0,0,0,0,0,0,0,0,0,2007-05-03 20:30,Property,14.57778748,121.0513731,Rear-End
None,EDSA,None,None,"Human Error, Side Swipe, 0.0 drivers_injured, 0.0 drivers_killed, 0.0 passengers_injured, 0.0 passengers_killed, 0.0 pedestrian_injured, 0.0 pedestrian_killed, Dry, EDSA fronting Mercury Drug, producer Market Mandaluyong",MMDA Road Safety Unit,,1886b083-af14-40bb-863a-9a0fb3788df9,2007-05-02,23:00:00,EDSA Connecticut Street San Juan,0,0,0,0,0,0,0,0,0,0,2007-05-03 7:00,Property,14.57828773,121.0513782,Side Swipe
None,EDSA,None,None,"Unknown, Hit and Run (No Collision Stated), 0.0 drivers_injured, 0.0 drivers_killed, 0.0 passengers_injured, 0.0 passengers_killed, 0.0 pedestrian_injured, 0.0 pedestrian_killed, Dry, EDSA Ortigas Ave. Mandaluyong",MMDA Road Safety Unit,,f2f71d9f-513b-4382-a067-f3ab807366b4,2007-04-11,03:30:00,EDSA Connecticut (SB) San Juan,0,0,0,0,0,0,0,0,0,0,2007-04-11 11:30,Property,14.59305232,121.0585643,No Collision Stated
None,EDSA,None,None,"Unknown, Angle Impact, 0.0 drivers_injured, 0.0 drivers_killed, 0.0 passengers_injured, 0.0 passengers_killed, 0.0 pedestrian_injured, 0.0 pedestrian_killed, Dry, EDSA approaching Reliance St. Mandaluyong",MMDA Road Safety Unit,,3fecaa1e-a0df-4e05-a4ce-fb6e0003e53d,2007-02-24,04:20:00,EDSA V.V. Soliven (SB) San Juan,0,0,0,0,0,0,0,0,0,0,2007-02-24 12:20,Property,14.57656137,121.0503189,Angle Impact
None,EDSA,None,None,"Unknown, Side Swipe, 0.0 drivers_injured, 0.0 drivers_killed, 0.0 passengers_injured, 0.0 passengers_killed, 0.0 pedestrian_injured, 0.0 pedestrian_killed, Dry, EDSA fronting Caltex Gas Station, Connecticut Mandaluyong",MMDA Road Safety Unit,,762be5f6-3b2d-420d-8a37-aa78a15bc4dc,2007-02-16,09:00:00,EDSA Connecticut (SB) San Juan,0,0,0,0,0,0,0,0,0,0,2007-02-16 17:00,Property,14.60185171,121.0590421,Side Swipe
None,EDSA,None,None,"Human Error, Rear-end, 1.0 drivers_injured, 0.0 drivers_killed, 0.0 passengers_injured, 0.0 passengers_killed, 0.0 pedestrian_injured, 0.0 pedestrian_killed, Dry, EDSA Libertad Mandaluyong",MMDA Road Safety Unit,,2ce549d1-e87d-48c7-8424-24cc53fca6fc,2007-02-08,21:05:00,EDSA Annapolis St.  San Juan,0,0,0,1,0,0,0,0,0,1,2007-02-09 5:05,Injury,14.57859094,121.0516172,Rear-End
None,EDSA,None,None,"Unknown, Angle Impact, 0.0 drivers_injured, 0.0 drivers_killed, 0.0 passengers_injured, 0.0 passengers_killed, 0.0 pedestrian_injured, 0.0 pedestrian_killed, Dry, EDSA Shaw Blvd. Mandaluyong",MMDA Road Safety Unit,,ac5f7008-a962-453a-81a6-db28440bc9ad,2007-02-08,11:25:00,EDSA Annapolis San Juan,0,0,0,0,0,0,0,0,0,0,2007-02-08 19:25,Property,14.58119822,121.0534578,Angle Impact
None,EDSA,None,None,"Human Error, Side Swipe, 0.0 drivers_injured, 0.0 drivers_killed, 0.0 passengers_injured, 0.0 passengers_killed, 0.0 pedestrian_injured, 0.0 pedestrian_killed, Dry, EDSA fronting Starmall  Mandaluyong",MMDA Road Safety Unit,,1e9072ca-24cc-4ff5-91f4-1e9d35483608,2007-01-16,11:45:00,EDSA Annapolis St. San Juan,0,0,0,0,0,0,0,0,0,0,2007-01-16 19:45,Property,14.5820399,121.0540545,Side Swipe
None,EDSA,None,None,"Human Error, Angle Impact, 0.0 drivers_injured, 0.0 drivers_killed, 0.0 passengers_injured, 0.0 passengers_killed, 0.0 pedestrian_injured, 0.0 pedestrian_killed, Dry, EDSA Ortigas Ave. Mandaluyong",MMDA Road Safety Unit,,ffc20fa8-5764-4837-b533-e4245b02019e,2007-01-09,11:45:00,EDSA Connecticut St. (SB) San Juan,0,0,0,0,0,0,0,0,0,0,2007-01-09 19:45,Property,14.59311785,121.0586027,Angle Impact
None,EDSA,None,None,"Human Error, Side Swipe, 0.0 drivers_injured, 0.0 drivers_killed, 0.0 passengers_injured, 0.0 passengers_killed, 0.0 pedestrian_injured, 0.0 pedestrian_killed, Dry, EDSA Shaw Blvd.  Mandaluyong",MMDA Road Safety Unit,,16a66260-ca31-48eb-9e08-532d53ed34db,2007-01-07,08:00:00,EDSA Annapolis St.  San Juan,0,0,0,0,0,0,0,0,0,0,2007-01-07 16:00,Property,14.58119822,121.0534578,Side Swipe
None,EDSA,None,None,"Human Error, Angle Impact, 0.0 drivers_injured, 0.0 drivers_killed, 0.0 passengers_injured, 0.0 passengers_killed, 0.0 pedestrian_injured, 0.0 pedestrian_killed, Dry, EDSA Ortigas Ave. Mandaluyong",MMDA Road Safety Unit,,037a713f-ba66-432a-9e06-6bcf1df836b2,2007-01-07,07:35:00,EDSA Annapolis St. (SB) San Juan,0,0,0,0,0,0,0,0,0,0,2007-01-07 15:35,Property,14.59311785,121.0586027,Angle Impact
None,EDSA,None,None,"Human Error, Side Swipe, 0.0 drivers_injured, 0.0 drivers_killed, 0.0 passengers_injured, 0.0 passengers_killed, 0.0 pedestrian_injured, 0.0 pedestrian_killed, Dry, EDSA Boni MRT Station / Pioneer St. Mandaluyong",MMDA Road Safety Unit,,8a384159-6e1f-4a9f-9cbc-df124f552772,2007-01-04,07:45:00,"EDSA Annapolis St,  San Juan",0,0,0,0,0,0,0,0,0,0,2007-01-04 15:45,Property,14.57372098,121.0479555,Side Swipe
None,EDSA,None,None,"Human Error, Side Swipe, 0.0 drivers_injured, 0.0 drivers_killed, 0.0 passengers_injured, 0.0 passengers_killed, 0.0 pedestrian_injured, 0.0 pedestrian_killed, Dry, EDSA Boni Ave. / Apo St. Mandaluyong",MMDA Road Safety Unit,,34c1c83f-1edf-4a58-a7d0-4ca9fc5ca598,2007-01-03,00:45:00,"EDSA Ford, V.V. Soliven Bldg.  San Juan",0,0,0,0,0,0,0,0,0,0,2007-01-03 8:45,Property,14.57160847,121.0469504,Side Swipe
"Dolmar, EDSA, Wack-Wack Greenhills, Mandaluyong, Metro Manila, 1604, Philippines",EDSA,partly-cloudy-day,day,LOW SIDE CRASHED,Other,,aa8ddf3b-acc2-41ea-8c4e-d2c77355da76,2016-09-28,23:25:19,"EDSA Caltex Gas Station Driveway, Connecticut Street San Juan",0,0,0,0,0,0,0,1,0,1,2016-09-29 7:25,Injury,14.59041547,121.0575771,Head-On