LOCATION_TEXT,ROAD,WEATHER,LIGHT,DESC,REPORTING_AGENCY,MAIN_CAUSE,INCIDENTDETAILS_ID,DATE_UTC,TIME_UTC,ADDRESS,killed_driver,killed_passenger,killed_pedestrian,injured_driver,injured_passenger,injured_pedestrian,killed_uncategorized,injured_uncategorized,killed_total,injured_total,DATETIME_PST,SEVERITY,Y,X,COLLISION_TYPE
"Ortigas Northbound, EDSA, Greenwich Subdivision, Ugong Norte, Quezon City, District III, Quezon City, Metro Manila, 1604, Philippines",EDSA,rain,day,Nearly Side Swiped,Other,,488bf352-0fb6-4869-9051-310722d55fdb,2016-10-15,06:34:43,EDSA Annapolis Street San Juan,0,0,0,0,0,0,0,0,0,0,2016-10-15 14:34,Property,14.59114227,121.0577488,Side Swipe
"BPI, EDSA, Wack-Wack Greenhills, Mandaluyong, Metro Manila, 1604, Philippines",EDSA,partly-cloudy-day,day,BUMPEP FROM BEHIND,Other,,7186d45d-1993-4945-8346-437e6b91b8ed,2016-10-13,23:04:42,EDSA Cats Motors San Juan,0,0,0,0,0,0,0,0,0,0,2016-10-14 7:04,Property,14.59197289,121.0580063,Rear-End
"Mary, Queen of Peace - EDSA Shrine, EDSA, Greenwich Subdivision, Ugong Norte, Quezon City, District III, Quezon City, Metro Manila, 1110, Philippines",EDSA,clear-day,day,BUMPED FROM BEHIND,Other,,7cb07c98-4032-4905-8378-5d8f1b147688,2016-10-09,00:03:26,EDSA V. V. Soliven Bldg.  San Juan,0,0,0,0,0,0,0,0,0,0,2016-10-09 8:03,Property,14.59220132,121.058296,Rear-End
None,EDSA,None,None,"No Accident Factor, Rear-end, 0.0 drivers_injured, 0.0 drivers_killed, 1.0 passengers_injured, 0.0 passengers_killed, 0.0 pedestrian_injured, 0.0 pedestrian_killed, Fair (Day), EDSA Shrine  Quezon City",MMDA Road Safety Unit,,4c767658-5be6-4369-959e-9f92ffc9238d,2016-10-03,23:00:00,EDSA Annapolis San Juan,0,0,0,0,1,0,0,0,0,1,2016-10-04 7:00,Injury,14.59279825,121.0583273,Rear-End
"EDSA, POEA Southbound, Wack-Wack Greenhills, Mandaluyong, Metro Manila, 1604, Philippines",EDSA,rain,night,Multiple Collision,Other,,03c674bb-4b88-44e8-b426-57a814dc44e8,2016-10-03,12:52:05,EDSA Connecticut (SB) San Juan,0,0,0,0,0,0,0,0,0,0,2016-10-03 20:52,Property,14.59247127,121.0579634,Side Swipe
"Mary, Queen of Peace - EDSA Shrine, EDSA, Greenwich Subdivision, Ugong Norte, Quezon City, District III, Quezon City, Metro Manila, 1110, Philippines",EDSA,partly-cloudy-night,night,Bumped from Behind; Multiple Collision,MMDA Metrobase,,5d480b09-68fe-4a72-8d7e-63854eb14ba5,2016-11-03,11:36:59,EDSA Annapolis (SB) San Juan,0,0,0,0,0,0,0,0,0,0,2016-11-03 19:36,Property,14.59274122,121.0584354,Multiple
"MMDA Ortigas Base, Ortigas Flyover, Wack-Wack Greenhills, Mandaluyong, Metro Manila, 1604, Philippines",EDSA,rain,day,Multiple Collision,Other,,281aa6a5-4451-4530-ac34-1738fa132c9d,2016-10-03,09:28:07,EDSA Connecticut (SB) San Juan,0,0,0,0,0,0,0,0,0,0,2016-10-03 17:28,Property,14.59317729,121.0585213,Multiple
None,EDSA,None,None,"No Accident Factor, No Collision Stated (based on Police Blotter Book), 0.0 drivers_injured, 0.0 drivers_killed, 0.0 passengers_injured, 0.0 passengers_killed, 0.0 pedestrian_injured, 0.0 pedestrian_killed, Fair (Night), Ortigas Ave. EDSA Mandaluyong",MMDA Road Safety Unit,,f62e7576-e7ff-43b5-9d1c-aa8edbccfd4e,2016-10-03,12:30:00,EDSA Annapolis St.  San Juan,0,0,0,0,0,0,0,0,0,0,2016-10-03 20:30,Property,14.5931914,121.0582846,No Collision Stated
None,EDSA,None,None,"No Accident Factor, No Collision Stated (based on Police Blotter Book), 0.0 drivers_injured, 0.0 drivers_killed, 0.0 passengers_injured, 0.0 passengers_killed, 0.0 pedestrian_injured, 0.0 pedestrian_killed, Fair (Day), Ortigas Ave. POEA, Wack Wack Mandaluyong",MMDA Road Safety Unit,,4af53005-f596-47e7-b233-f9364b7732ed,2016-09-13,02:30:00,EDSA Annapolis St.  San Juan,0,0,0,0,0,0,0,0,0,0,2016-09-13 10:30,Property,14.59328663,121.0582347,No Collision Stated
None,EDSA,None,None,"No Accident Factor, No Collision Stated (based on Police Blotter Book), 0.0 drivers_injured, 0.0 drivers_killed, 0.0 passengers_injured, 0.0 passengers_killed, 0.0 pedestrian_injured, 0.0 pedestrian_killed, Fair (Night), Ortigas Ave. POEA Mandaluyong",MMDA Road Safety Unit,,3b3db78e-999c-4182-ad2c-8846e2ba1839,2016-07-20,21:30:00,EDSA Annapolis St.  San Juan,0,0,0,0,0,0,0,0,0,0,2016-07-21 5:30,Property,14.59328663,121.0582347,No Collision Stated
None,EDSA,None,None,"No Accident Factor, Rear-end, 0.0 drivers_injured, 0.0 drivers_killed, 0.0 passengers_injured, 0.0 passengers_killed, 0.0 pedestrian_injured, 0.0 pedestrian_killed, Fair (Day), Ortigas Ave. POEA Mandaluyong",MMDA Road Safety Unit,,7703f9b7-ef3a-48b2-88c5-a54c1ad0e73e,2016-07-11,08:00:00,EDSA Connecticut St.  San Juan,0,0,0,0,0,0,0,0,0,0,2016-07-11 16:00,Property,14.59328663,121.0582347,Rear-End
None,EDSA,None,None,"No Accident Factor, Rear-end, 0.0 drivers_injured, 0.0 drivers_killed, 0.0 passengers_injured, 0.0 passengers_killed, 0.0 pedestrian_injured, 0.0 pedestrian_killed, Fair (Day), Ortigas Ave. POEA (EB) Mandaluyong",MMDA Road Safety Unit,,4a331ff8-8e5f-4093-8982-55051b95e3bb,2016-05-12,05:25:00,EDSA Connecticut St.  San Juan,0,0,0,0,0,0,0,0,0,0,2016-05-12 13:25,Property,14.59328663,121.0582347,Rear-End
None,EDSA,None,None,"No Accident Factor, No Collision Stated (based on Police Blotter Book), 0.0 drivers_injured, 0.0 drivers_killed, 0.0 passengers_injured, 0.0 passengers_killed, 0.0 pedestrian_injured, 0.0 pedestrian_killed, Fair (Night), Ortigas Ave. POEA, Wack-Wack Mandaluyong",MMDA Road Safety Unit,,ee9f4e2f-2c4f-4e22-a2a9-2ad47750270c,2016-04-06,15:15:00,EDSA Connecticut St. San Juan,0,0,0,0,0,0,0,0,0,0,2016-04-06 23:15,Property,14.59328663,121.0582347,No Collision Stated
None,EDSA,None,None,"No Accident Factor, Side Swipe, 0.0 drivers_injured, 0.0 drivers_killed, 0.0 passengers_injured, 0.0 passengers_killed, 0.0 pedestrian_injured, 0.0 pedestrian_killed, Fair (Day), Ortigas Ave. POEA (EB) Mandaluyong",MMDA Road Safety Unit,,7cb6f9c2-0a62-455a-87a1-434c5723386c,2016-02-15,08:25:00,EDSA Connecticut St. San Juan,0,0,0,0,0,0,0,0,0,0,2016-02-15 16:25,Property,14.59328663,121.0582347,Side Swipe
None,EDSA,None,None,"No Accident Factor, Side Swipe, 0.0 drivers_injured, 0.0 drivers_killed, 0.0 passengers_injured, 0.0 passengers_killed, 0.0 pedestrian_injured, 0.0 pedestrian_killed, Fair (Day), Ortigas Ave. EDSA Shrine Mandaluyong",MMDA Road Safety Unit,,a82e9940-0d07-4a9b-9d0c-634270dc8eb4,2016-01-28,00:55:00,EDSA Annapolis St.  San Juan,0,0,0,0,0,0,0,0,0,0,2016-01-28 8:55,Property,14.5931914,121.0582846,Side Swipe
None,EDSA,None,None,"No Accident Factor, Self-Accident, 0.0 drivers_injured, 0.0 drivers_killed, 0.0 passengers_injured, 0.0 passengers_killed, 0.0 pedestrian_injured, 0.0 pedestrian_killed, Fair (Day), Ortigas Ave. POEA, Wack Wack Mandaluyong",MMDA Road Safety Unit,,fe7c237a-a47a-42b3-9d91-b1d60d7cede3,2015-06-28,22:30:00,EDSA Annapolis St.  San Juan,0,0,0,0,0,0,0,0,0,0,2015-06-29 6:30,Property,14.59328663,121.0582347,Self-Accident
None,EDSA,None,None,"No Accident Factor, No Collision Stated (based on Police Blotter Book), 1.0 drivers_injured, 0.0 drivers_killed, 0.0 passengers_injured, 0.0 passengers_killed, 0.0 pedestrian_injured, 0.0 pedestrian_killed, Fair (Night), Ortigas Ave. POEA Bldg., Wack- Wack  Mandaluyong",MMDA Road Safety Unit,,3f668f77-dff5-4612-84dd-d72d85f8705d,2015-05-18,12:00:00,EDSA Annapolis  San Juan,0,0,0,1,0,0,0,0,0,1,2015-05-18 20:00,Injury,14.59328663,121.0582347,No Collision Stated
None,EDSA,None,None,"No Accident Factor, Rear-end, 0.0 drivers_injured, 0.0 drivers_killed, 0.0 passengers_injured, 0.0 passengers_killed, 0.0 pedestrian_injured, 0.0 pedestrian_killed, Rain (Day), Ortigas Ave.  POEA Mandaluyong",MMDA Road Safety Unit,,24b6df95-4bd1-435f-9973-2abd253c6138,2014-09-26,06:15:00,EDSA Annapolis  San Juan,0,0,0,0,0,0,0,0,0,0,2014-09-26 14:15,Property,14.5931914,121.0582846,Rear-End
None,EDSA,None,None,"No Accident Factor, Side Swipe, 0.0 drivers_injured, 0.0 drivers_killed, 0.0 passengers_injured, 0.0 passengers_killed, 0.0 pedestrian_injured, 0.0 pedestrian_killed, Fair (Day), Ortigas Ave.  EDSA Mandaluyong",MMDA Road Safety Unit,,a81b3ad8-0b10-4895-9ddb-dafe25bcf570,2014-08-09,00:05:00,EDSA Annapolis St.  San Juan,0,0,0,0,0,0,0,0,0,0,2014-08-09 8:05,Property,14.5930502,121.0585559,Side Swipe
None,EDSA,None,None,"No Accident Factor, Rear-end, 0.0 drivers_injured, 0.0 drivers_killed, 0.0 passengers_injured, 0.0 passengers_killed, 0.0 pedestrian_injured, 0.0 pedestrian_killed, Fair (Day), Ortigas Ave. EDSA (SB) Brgy. Wack Wack  Mandaluyong",MMDA Road Safety Unit,,7ea68638-1ba9-4f3a-97b1-43c518362ac3,2014-05-17,04:45:00,EDSA Caltex Gas Station Connecticut St.  San Juan,0,0,0,0,0,0,0,0,0,0,2014-05-17 12:45,Property,14.5930502,121.0585559,Rear-End
None,EDSA,None,None,"No Accident Factor, No Collision Stated (based on Police Blotter Book), 0.0 drivers_injured, 0.0 drivers_killed, 1.0 passengers_injured, 0.0 passengers_killed, 0.0 pedestrian_injured, 0.0 pedestrian_killed, Fair (Day), Ortigas Ave. EDSA Mandaluyong",MMDA Road Safety Unit,,606a1b17-964e-4ba2-9438-aab48137bf1d,2014-04-03,23:30:00,EDSA Annapolis St. San Juan,0,0,0,0,1,0,0,0,0,1,2014-04-04 7:30,Injury,14.5931914,121.0582846,No Collision Stated
None,EDSA,None,None,"No Accident Factor, Rear-end, 0.0 drivers_injured, 0.0 drivers_killed, 0.0 passengers_injured, 0.0 passengers_killed, 0.0 pedestrian_injured, 0.0 pedestrian_killed, Fair (Night), Ortigas Ave. FLYOVER (SB) Mandaluyong City Mandaluyong",MMDA Road Safety Unit,,f8c9b79b-4fe5-4a3d-98bc-0b40f9be72e2,2014-03-10,21:45:00,EDSA Annapolis St. San Juan,0,0,0,0,0,0,0,0,0,0,2014-03-11 5:45,Property,14.5931914,121.0582846,Rear-End
None,EDSA,None,None,"No Accident Factor, No Collision Stated (based on Police Blotter Book), 0.0 drivers_injured, 0.0 drivers_killed, 0.0 passengers_injured, 0.0 passengers_killed, 0.0 pedestrian_injured, 0.0 pedestrian_killed, Fair (Night), Ortigas Ave. fronting POEA Mandaluyong",MMDA Road Safety Unit,,a85fdc59-3cb5-43a8-8f3d-7e73769dede2,2014-02-21,17:00:00,EDSA Connecticut St. San Juan,0,0,0,0,0,0,0,0,0,0,2014-02-22 1:00,Property,14.5931914,121.0582846,No Collision Stated
None,EDSA,None,None,"No Accident Factor, No Collision Stated (based on Police Blotter Book), 0.0 drivers_injured, 0.0 drivers_killed, 0.0 passengers_injured, 0.0 passengers_killed, 0.0 pedestrian_injured, 0.0 pedestrian_killed, Fair (Day), Ortigas Ave. Epifanio Delos Santos Avenue (NB) Mandaluyong",MMDA Road Safety Unit,,c0cddfe0-e768-44c5-884b-bf25c7cc8c65,2014-02-13,04:30:00,EDSA Connecticut St. San Juan,0,0,0,0,0,0,0,0,0,0,2014-02-13 12:30,Property,14.5931914,121.0582846,No Collision Stated
None,EDSA,None,None,"No Accident Factor, Hit and Run (No Collision Stated), 0.0 drivers_injured, 0.0 drivers_killed, 0.0 passengers_injured, 0.0 passengers_killed, 0.0 pedestrian_injured, 0.0 pedestrian_killed, Fair (Night), Ortigas Ave. Epifanio Delos Santos Avenue  Mandaluyong",MMDA Road Safety Unit,,12a3910a-8d35-443b-95ba-0a0f15304fd0,2014-01-27,14:30:00,EDSA Annapolis St. San Juan,0,0,0,0,0,0,0,0,0,0,2014-01-27 22:30,Property,14.5931914,121.0582846,No Collision Stated
None,EDSA,None,None,"No Accident Factor, No Collision Stated (based on Police Blotter Book), 0.0 drivers_injured, 0.0 drivers_killed, 0.0 passengers_injured, 0.0 passengers_killed, 0.0 pedestrian_injured, 0.0 pedestrian_killed, Fair (Day), Ortigas Ave. Ortigas Ave. / EDSA (SB) Mandaluyong",MMDA Road Safety Unit,,f762fcf6-543c-474a-96de-ec916235cd21,2013-06-08,03:00:00,EDSA Annapolis St. San Juan,0,0,0,0,0,0,0,0,0,0,2013-06-08 11:00,Property,14.5930502,121.0585559,No Collision Stated
None,EDSA,None,None,"No Accident Factor, No Collision Stated (based on Police Blotter Book), 0.0 drivers_injured, 0.0 drivers_killed, 0.0 passengers_injured, 0.0 passengers_killed, 0.0 pedestrian_injured, 0.0 pedestrian_killed, Fair (Night), Ortigas Ave. before EDSA Mandaluyong",MMDA Road Safety Unit,,f66f2503-cd7d-41c3-9904-6301657c89b7,2013-05-17,11:05:00,EDSA Annapolis St. San Juan,0,0,0,0,0,0,0,0,0,0,2013-05-17 19:05,Property,14.59340423,121.0580004,No Collision Stated
None,EDSA,None,None,"No Accident Factor, Rear-end, 0.0 drivers_injured, 0.0 drivers_killed, 0.0 passengers_injured, 0.0 passengers_killed, 0.0 pedestrian_injured, 0.0 pedestrian_killed, Fair (Day), Ortigas Ave. Edsa E/B Mandaluyong",MMDA Road Safety Unit,,75413b0d-96e5-448f-8811-38119939f03a,2013-04-25,06:05:00,EDSA V.V. Soliven Bldg.  San Juan,0,0,0,0,0,0,0,0,0,0,2013-04-25 14:05,Property,14.5931914,121.0582846,Rear-End
None,EDSA,None,None,"No Accident Factor, No Collision Stated (based on Police Blotter Book), 0.0 drivers_injured, 0.0 drivers_killed, 0.0 passengers_injured, 0.0 passengers_killed, 0.0 pedestrian_injured, 0.0 pedestrian_killed, Fair (Day), Ortigas Ave. EDSA Mandaluyong",MMDA Road Safety Unit,,59399e1b-8e31-4c67-84f0-b279563eba55,2013-02-25,00:30:00,EDSA Annapolis St. San Juan,0,0,0,0,0,0,0,0,0,0,2013-02-25 8:30,Property,14.5931914,121.0582846,No Collision Stated
None,EDSA,None,None,"No Accident Factor, No Collision Stated (based on Police Blotter Book), 0.0 drivers_injured, 0.0 drivers_killed, 0.0 passengers_injured, 0.0 passengers_killed, 0.0 pedestrian_injured, 0.0 pedestrian_killed, Fair (Day), Ortigas Ave. EDSA, Bgy. Wack-wack Mandaluyong",MMDA Road Safety Unit,,5f5462be-99ff-4675-bf28-079fe9c4b2a1,2013-02-12,03:00:00,EDSA Annapolis St. San Juan,0,0,0,0,0,0,0,0,0,0,2013-02-12 11:00,Property,14.5931914,121.0582846,No Collision Stated
None,EDSA,None,None,"No Accident Factor, No Collision Stated (based on Police Blotter Book), 0.0 drivers_injured, 0.0 drivers_killed, 0.0 passengers_injured, 0.0 passengers_killed, 0.0 pedestrian_injured, 0.0 pedestrian_killed, Fair (Day), Ortigas Ave. fronting POEA Mandaluyong",MMDA Road Safety Unit,,24ec5444-7b56-4e35-919a-c0e9ee8b9424,2013-01-28,00:45:00,EDSA Connecticut St. San Juan,0,0,0,0,0,0,0,0,0,0,2013-01-28 8:45,Property,14.5931914,121.0582846,No Collision Stated
None,EDSA,None,None,"No Accident Factor, No Collision Stated (based on Police Blotter Book), 0.0 drivers_injured, 0.0 drivers_killed, 0.0 passengers_injured, 0.0 passengers_killed, 0.0 pedestrian_injured, 0.0 pedestrian_killed, Fair (Day), Ortigas Ave. EDSA Mandaluyong",MMDA Road Safety Unit,,383bb966-70c4-46b8-98b6-c5cc30c0e4ce,2013-01-17,06:00:00,EDSA Connecticut St. San Juan,0,0,0,0,0,0,0,0,0,0,2013-01-17 14:00,Property,14.5931914,121.0582846,No Collision Stated
None,EDSA,None,None,"No Accident Factor, No Collision Stated (based on Police Blotter Book), 0.0 drivers_injured, 0.0 drivers_killed, 0.0 passengers_injured, 0.0 passengers_killed, 0.0 pedestrian_injured, 0.0 pedestrian_killed, Fair (Day), Ortigas Ave EDSA Mandaluyong",MMDA Road Safety Unit,,f688d2c2-3de9-4396-b90c-1343ed8d11b6,2012-11-06,06:20:00,EDSA Annapolis St. San Juan,0,0,0,0,0,0,0,0,0,0,2012-11-06 14:20,Property,14.5930502,121.0585559,No Collision Stated
None,EDSA,None,None,"No Accident Factor, Angle Impact, 0.0 drivers_injured, 0.0 drivers_killed, 0.0 passengers_injured, 0.0 passengers_killed, 0.0 pedestrian_injured, 0.0 pedestrian_killed, Fair (Day), Ortigas Ave. at ""U"" turn slot, after EDSA Mandaluyong",MMDA Road Safety Unit,,04032199-e3ed-4d95-9af5-4789672dd534,2012-05-21,02:00:00,EDSA Annapolis St. San Juan,0,0,0,0,0,0,0,0,0,0,2012-05-21 10:00,Property,14.5930502,121.0585559,Angle Impact
None,EDSA,None,None,"No Accident Factor, Side Swipe, 0.0 drivers_injured, 0.0 drivers_killed, 0.0 passengers_injured, 0.0 passengers_killed, 0.0 pedestrian_injured, 0.0 pedestrian_killed, Fair (Night), Ortigas Ave. EDSA Mandaluyong",MMDA Road Safety Unit,,25871e9a-62b6-41f0-83bb-56d3cf3ab09f,2012-01-17,10:00:00,EDSA Annapolis St. San Juan,0,0,0,0,0,0,0,0,0,0,2012-01-17 18:00,Property,14.5931914,121.0582846,Side Swipe
None,EDSA,None,None,"Unknown, Rear-end, 0.0 drivers_injured, 0.0 drivers_killed, 0.0 passengers_injured, 0.0 passengers_killed, 0.0 pedestrian_injured, 0.0 pedestrian_killed, Fair (Night), Ortigas Ave. Edsa Junction  Mandaluyong",MMDA Road Safety Unit,,df1f19c2-defa-4f52-8206-2df178c93977,2011-10-07,18:00:00,EDSA V.V. Soliven Bldg. San Juan,0,0,0,0,0,0,0,0,0,0,2011-10-08 2:00,Property,14.5931914,121.0582846,Rear-End
None,EDSA,None,None,"Human Error, Rear-end, 0.0 drivers_injured, 0.0 drivers_killed, 0.0 passengers_injured, 0.0 passengers_killed, 0.0 pedestrian_injured, 0.0 pedestrian_killed, Fair (Day), Ortigas Ave. EDSA Mandaluyong",MMDA Road Safety Unit,,bbbd10b0-9d9c-45b4-9712-cfeab1cd3393,2011-08-15,06:00:00,EDSA Annapolis St. San Juan,0,0,0,0,0,0,0,0,0,0,2011-08-15 14:00,Property,14.5931914,121.0582846,Rear-End
None,EDSA,None,None,"Unknown, Self-Accident, 0.0 drivers_injured, 0.0 drivers_killed, 0.0 passengers_injured, 0.0 passengers_killed, 0.0 pedestrian_injured, 0.0 pedestrian_killed, Fair (Day), Ortigas Ave. EDSA Mandaluyong",MMDA Road Safety Unit,,db241003-bbee-4e69-a459-5bfd7e03359b,2011-06-27,03:15:00,EDSA Annapolis St. San Juan,0,0,0,0,0,0,0,0,0,0,2011-06-27 11:15,Property,14.5931914,121.0582846,Self-Accident
None,EDSA,None,None,"Unknown, Side Swipe, 0.0 drivers_injured, 0.0 drivers_killed, 0.0 passengers_injured, 0.0 passengers_killed, 0.0 pedestrian_injured, 0.0 pedestrian_killed, Fair (Day), Ortigas Ave. fornting POEA Bldg. / Edsa Mandaluyong",MMDA Road Safety Unit,,fa4bc3ea-17ac-4b4f-a27c-d994f946c741,2011-04-11,00:00:00,EDSA V.V. Soliven Bldg. San Juan,0,0,0,0,0,0,0,0,0,0,2011-04-11 8:00,Property,14.5931914,121.0582846,Side Swipe
None,EDSA,None,None,"Unknown, Rear-end, 0.0 drivers_injured, 0.0 drivers_killed, 0.0 passengers_injured, 0.0 passengers_killed, 0.0 pedestrian_injured, 0.0 pedestrian_killed, Fair (Night), Ortigas Ave. EDSA Mandaluyong",MMDA Road Safety Unit,,4f3299b8-6869-48e2-9aa5-256842d70ed3,2011-03-07,11:00:00,EDSA Annapolis St. San Juan,0,0,0,0,0,0,0,0,0,0,2011-03-07 19:00,Property,14.5931914,121.0582846,Rear-End
None,EDSA,None,None,"Unknown, Other (Backing Collision), 0.0 drivers_injured, 0.0 drivers_killed, 0.0 passengers_injured, 0.0 passengers_killed, 0.0 pedestrian_injured, 0.0 pedestrian_killed, Fair (Day), Ortigas Ave. EDSA Mandaluyong",MMDA Road Safety Unit,,0d60b714-64ef-4678-bd11-c7fdcab1a42b,2011-02-03,07:30:00,EDSA Connecticut St. San Juan,0,0,0,0,0,0,0,0,0,0,2011-02-03 15:30,Property,14.5931914,121.0582846,Rear-End
None,EDSA,None,None,"Unknown, Rear-end, 0.0 drivers_injured, 0.0 drivers_killed, 0.0 passengers_injured, 0.0 passengers_killed, 0.0 pedestrian_injured, 0.0 pedestrian_killed, Fair (Day), Ortigas Ave. after EDSA Mandaluyong",MMDA Road Safety Unit,,7071e855-dfb5-493f-b393-40d8b1fe8541,2011-01-21,02:30:00,EDSA Annapolis St. San Juan,0,0,0,0,0,0,0,0,0,0,2011-01-21 10:30,Property,14.5930502,121.0585559,Rear-End
None,EDSA,None,None,"Unknown, Rear-end, 0.0 drivers_injured, 0.0 drivers_killed, 0.0 passengers_injured, 0.0 passengers_killed, 0.0 pedestrian_injured, 0.0 pedestrian_killed, Fair (Day), Ortigas Ave. after EDSA Mandaluyong",MMDA Road Safety Unit,,6a437186-1ffe-4961-844f-778ce45db71a,2011-01-20,06:15:00,EDSA Annapolis St.  San Juan,0,0,0,0,0,0,0,0,0,0,2011-01-20 14:15,Property,14.5930502,121.0585559,Rear-End
None,EDSA,None,None,"Unknown, Rear-end, 0.0 drivers_injured, 0.0 drivers_killed, 0.0 passengers_injured, 0.0 passengers_killed, 0.0 pedestrian_injured, 0.0 pedestrian_killed, Fair (Day), Ortigas Ave. EDSA, fronting POEA Mandaluyong",MMDA Road Safety Unit,,3ef81ac3-8eff-49d2-99c4-deaeb4807670,2011-01-07,04:30:00,EDSA Annapolis St.  San Juan,0,0,0,0,0,0,0,0,0,0,2011-01-07 12:30,Property,14.5931914,121.0582846,Rear-End
None,EDSA,None,None,"Unknown, Side Swipe, 0.0 drivers_injured, 0.0 drivers_killed, 0.0 passengers_injured, 0.0 passengers_killed, 0.0 pedestrian_injured, 0.0 pedestrian_killed, Fair, Ortigas Avenue EDSA Mandaluyong",MMDA Road Safety Unit,,c8065b7c-9e5e-456c-9041-694609644ac0,2010-10-10,06:30:00,EDSA V.V. Soliven Bldg.  San Juan,0,0,0,0,0,0,0,0,0,0,2010-10-10 14:30,Property,14.5930502,121.0585559,Side Swipe
None,EDSA,None,None,"Unknown, Rear-end, 0.0 drivers_injured, 0.0 drivers_killed, 0.0 passengers_injured, 0.0 passengers_killed, 0.0 pedestrian_injured, 0.0 pedestrian_killed, Fair, Ortigas Ave. near POEA Bldg. Mandaluyong",MMDA Road Safety Unit,,c75e5373-27b0-494e-9cfe-7cf5ef2297e5,2010-09-04,20:15:00,EDSA Connecticut St.  San Juan,0,0,0,0,0,0,0,0,0,0,2010-09-05 4:15,Property,14.5931914,121.0582846,Rear-End
None,EDSA,None,None,"Unknown, Side Swipe, 0.0 drivers_injured, 0.0 drivers_killed, 0.0 passengers_injured, 0.0 passengers_killed, 0.0 pedestrian_injured, 0.0 pedestrian_killed, Fair, Ortigas Ave. EDSA Shrine Mandaluyong",MMDA Road Safety Unit,,183a915f-a03d-4edb-8c55-863082ce3c67,2010-07-29,02:35:00,EDSA Annapolis St.  San Juan,0,0,0,0,0,0,0,0,0,0,2010-07-29 10:35,Property,14.5931914,121.0582846,Side Swipe
None,EDSA,None,None,"Unknown, Side Swipe, 0.0 drivers_injured, 0.0 drivers_killed, 0.0 passengers_injured, 0.0 passengers_killed, 0.0 pedestrian_injured, 0.0 pedestrian_killed, Dry, Ortigas Ave. fronting POEA Bldg.  Mandaluyong",MMDA Road Safety Unit,,adcf94f3-36f2-4389-9dcb-b96652719dff,2010-06-25,07:20:00,EDSA  Caltex Gas Station  San Juan,0,0,0,0,0,0,0,0,0,0,2010-06-25 15:20,Property,14.5931914,121.0582846,Side Swipe
None,EDSA,None,None,"Unknown, Rear-end, 0.0 drivers_injured, 0.0 drivers_killed, 0.0 passengers_injured, 0.0 passengers_killed, 0.0 pedestrian_injured, 0.0 pedestrian_killed, Dry, Ortigas Ave. near Edsa / POEA Bldg Mandaluyong",MMDA Road Safety Unit,,cec85699-c8f1-40fd-aaf1-2f38a8789e7a,2010-02-21,08:10:00,EDSA Annapolis St.  San Juan,0,0,0,0,0,0,0,0,0,0,2010-02-21 16:10,Property,14.5931914,121.0582846,Rear-End
None,EDSA,None,None,"Unknown, Rear-end, 0.0 drivers_injured, 0.0 drivers_killed, 0.0 passengers_injured, 0.0 passengers_killed, 0.0 pedestrian_injured, 0.0 pedestrian_killed, Dry, Ortigas Ave. Edsa Shrine  Mandaluyong",MMDA Road Safety Unit,,ed939869-26a3-434a-bd57-788ab4471a15,2010-02-21,07:25:00,EDSA Annpolis St.  San Juan,0,0,0,0,0,0,0,0,0,0,2010-02-21 15:25,Property,14.5931914,121.0582846,Rear-End
None,EDSA,None,None,"Unknown, Side Swipe, 0.0 drivers_injured, 0.0 drivers_killed, 0.0 passengers_injured, 0.0 passengers_killed, 0.0 pedestrian_injured, 0.0 pedestrian_killed, Dry, Ortigas Ave. EDSA Mandaluyong",MMDA Road Safety Unit,,b2bf9ae0-f7ff-48eb-a43f-19fd8c5a3e38,2010-02-19,08:50:00,EDSA V.V. Soliven Bldg. Annapolis St.  San Juan,0,0,0,0,0,0,0,0,0,0,2010-02-19 16:50,Property,14.5931914,121.0582846,Side Swipe
None,EDSA,None,None,"Unknown, Rear-end, 0.0 drivers_injured, 0.0 drivers_killed, 0.0 passengers_injured, 0.0 passengers_killed, 0.0 pedestrian_injured, 0.0 pedestrian_killed, Dry, Ortigas Ave. EDSA Mandaluyong",MMDA Road Safety Unit,,873c9ece-6fcf-49a7-8a29-21da14e7428c,2010-02-17,09:35:00,EDSA Annapolis St.  San Juan,0,0,0,0,0,0,0,0,0,0,2010-02-17 17:35,Property,14.5931914,121.0582846,Rear-End
None,EDSA,None,None,"Unknown, Rear-end, 0.0 drivers_injured, 0.0 drivers_killed, 0.0 passengers_injured, 0.0 passengers_killed, 0.0 pedestrian_injured, 0.0 pedestrian_killed, Fair (Day), Ortigas Ave. EDSA (EB) Mandaluyong",MMDA Road Safety Unit,,1f027048-6944-4755-a57c-08091561f04c,2009-10-25,23:30:00,EDSA Annapolis St.  San Juan,0,0,0,0,0,0,0,0,0,0,2009-10-26 7:30,Property,14.5930502,121.0585559,Rear-End
None,EDSA,None,None,"Unknown, Rear-end, 0.0 drivers_injured, 0.0 drivers_killed, 0.0 passengers_injured, 0.0 passengers_killed, 0.0 pedestrian_injured, 0.0 pedestrian_killed, Fair (Night), Ortigas Ave. EDSA Mandaluyong",MMDA Road Safety Unit,,92fe6c4f-ee98-4e79-8e9f-76567d3ec624,2009-10-15,10:10:00,EDSA Annapolis St.  San Juan,0,0,0,0,0,0,0,0,0,0,2009-10-15 18:10,Property,14.5931914,121.0582846,Rear-End
None,EDSA,None,None,"Unknown, Angle Impact, 0.0 drivers_injured, 0.0 drivers_killed, 0.0 passengers_injured, 0.0 passengers_killed, 0.0 pedestrian_injured, 0.0 pedestrian_killed, Fair (Day), Ortigas Ave. EDSA Mandaluyong",MMDA Road Safety Unit,,2e554151-6541-4e2e-847d-b452eb542dd9,2009-10-06,04:30:00,EDSA Annapolis St.  San Juan,0,0,0,0,0,0,0,0,0,0,2009-10-06 12:30,Property,14.5931914,121.0582846,Angle Impact