LOCATION_TEXT,ROAD,WEATHER,LIGHT,DESC,REPORTING_AGENCY,MAIN_CAUSE,INCIDENTDETAILS_ID,DATE_UTC,TIME_UTC,ADDRESS,killed_driver,killed_passenger,killed_pedestrian,injured_driver,injured_passenger,injured_pedestrian,killed_uncategorized,injured_uncategorized,killed_total,injured_total,DATETIME_PST,SEVERITY,Y,X,COLLISION_TYPE
None,EDSA,None,None,"Human Error, Angle Impact, 0.0 drivers_injured, 0.0 drivers_killed, 0.0 passengers_injured, 0.0 passengers_killed, 0.0 pedestrian_injured, 0.0 pedestrian_killed, Dry, Ortigas Ave. EDSA Mandaluyong",MMDA Road Safety Unit,,89357656-b073-4209-bce4-bd7daf790ac8,2007-05-02,21:20:00,EDSA Annapolis St.  San Juan,0,0,0,0,0,0,0,0,0,0,2007-05-03 5:20,Property,14.5931914,121.0582846,Angle Impact
None,EDSA,None,None,"Unknown, Rear-end, 0.0 drivers_injured, 0.0 drivers_killed, 0.0 passengers_injured, 0.0 passengers_killed, 0.0 pedestrian_injured, 0.0 pedestrian_killed, Dry, Ortigas Ave. fronting EDSA Shrine Mandaluyong",MMDA Road Safety Unit,,0e77f8a6-d44a-44e8-8c84-a15ee6822605,2007-04-22,08:10:00,EDSA Annapolis St.  San Juan,0,0,0,0,0,0,0,0,0,0,2007-04-22 16:10,Property,14.5930502,121.0585559,Rear-End
"MMDA Ortigas Base, Ortigas Flyover, Wack-Wack Greenhills, Mandaluyong, Metro Manila, 1604, Philippines",EDSA,clear-night,night,Bumped from Behind,MMDA Metrobase,,f9bb4cf2-b568-42f1-a396-162aa65e9cac,2016-12-06,11:28:02,EDSA Connecticut St. San Juan,0,0,0,0,0,0,0,0,0,0,2016-12-06 19:28,Property,14.59319806,121.0584784,Rear-End
"Philippine Overseas Employment Agency, Ortigas Avenue, Wack-Wack Greenhills, Mandaluyong, Metro Manila, 1556, Philippines",EDSA,partly-cloudy-day,day,Self Accident,MMDA Metrobase,,12d3a342-f782-4656-a51e-ec25f319c63f,2016-10-30,08:35:29,EDSA Ford Motors San Juan,0,0,0,0,0,0,0,0,0,0,2016-10-30 16:35,Property,14.59324997,121.0580707,Self-Accident
"MMDA Ortigas Base, Ortigas Flyover, Wack-Wack Greenhills, Mandaluyong, Metro Manila, 1604, Philippines",EDSA,rain,day,MULTIPLE COLLISION,MMDA Metrobase,,f815ef81-d711-4655-9dae-691c67e97343,2016-11-25,03:59:10,EDSA Annapolis St. San Juan,0,0,0,0,0,0,0,0,0,0,2016-11-25 11:59,Property,14.59326035,121.0583496,Rear-End
"MMDA Ortigas Base, Ortigas Flyover, Wack-Wack Greenhills, Mandaluyong, Metro Manila, 1604, Philippines",EDSA,clear-day,day,(+)2 INJURED; ASSISTED BY MMDA RESCUE,MMDA Metrobase,,057b4c99-547d-42a7-8490-8e1fafa8203a,2016-10-25,01:48:31,EDSA Annapolis St. San Juan,0,0,0,0,0,0,0,2,0,2,2016-10-25 9:48,Injury,14.59330189,121.0583496,Head-On
None,EDSA,None,None,"No Accident Factor, No Collision Stated (based on Police Blotter Book), 0.0 drivers_injured, 0.0 drivers_killed, 0.0 passengers_injured, 0.0 passengers_killed, 0.0 pedestrian_injured, 0.0 pedestrian_killed, Fair (Day), Ortigas Ave. EDSA Quezon City",MMDA Road Safety Unit,,d9296b99-8cbe-4813-9a28-050d31c0104c,2016-10-05,01:30:00,EDSA V. V. Soliven Bldg. San Juan,0,0,0,0,0,0,0,0,0,0,2016-10-05 9:30,Property,14.5934256,121.0583601,No Collision Stated
None,EDSA,None,None,"No Accident Factor, Side Swipe, 0.0 drivers_injured, 0.0 drivers_killed, 0.0 passengers_injured, 0.0 passengers_killed, 0.0 pedestrian_injured, 0.0 pedestrian_killed, Fair (Day), Ortigas Ave. EDSA Shrine, Ugong Norte Quezon City",MMDA Road Safety Unit,,90791cde-509d-45db-8014-c1977af8b124,2016-05-26,04:00:00,EDSA Annapolis St.  San Juan,0,0,0,0,0,0,0,0,0,0,2016-05-26 12:00,Property,14.5934256,121.0583601,Side Swipe
None,EDSA,None,None,"No Accident Factor, Side Swipe, 0.0 drivers_injured, 0.0 drivers_killed, 0.0 passengers_injured, 0.0 passengers_killed, 0.0 pedestrian_injured, 0.0 pedestrian_killed, Fair (Night), Ortigas Ave. Edsa Shrine Church, Ugong Norte Quezon City",MMDA Road Safety Unit,,52492445-956b-46cf-80dd-16dacd72c42e,2015-11-19,21:15:00,EDSA Annapolis St.  San Juan,0,0,0,0,0,0,0,0,0,0,2015-11-20 5:15,Property,14.5934256,121.0583601,Side Swipe
None,EDSA,None,None,"No Accident Factor, Side Swipe, 0.0 drivers_injured, 0.0 drivers_killed, 0.0 passengers_injured, 0.0 passengers_killed, 0.0 pedestrian_injured, 0.0 pedestrian_killed, Fair (Day), Ortigas Ave. EDSA Shrine, Ugong Norte Quezon City",MMDA Road Safety Unit,,813d3d46-008b-40d9-ad68-cc4bc2dc35d4,2015-05-06,05:00:00,EDSA Annapolis St. San Juan,0,0,0,0,0,0,0,0,0,0,2015-05-06 13:00,Property,14.5934256,121.0583601,Side Swipe
None,EDSA,None,None,"No Accident Factor, No Collision Stated (based on Police Blotter Book), 0.0 drivers_injured, 0.0 drivers_killed, 0.0 passengers_injured, 0.0 passengers_killed, 0.0 pedestrian_injured, 0.0 pedestrian_killed, Fair (Day), Ortigas Ave. Epifanio Delos Santos Avenue (EDSA) fronting EDSA Shrine Quezon City",MMDA Road Safety Unit,,24f6fde7-7c30-47f0-af5e-b8829e8cb705,2014-05-20,04:25:00,EDSA Annapolis Street San Juan,0,0,0,0,0,0,0,0,0,0,2014-05-20 12:25,Property,14.5934256,121.0583601,No Collision Stated
None,EDSA,None,None,"No Accident Factor, Hit and Run (No Collision Stated), 0.0 drivers_injured, 0.0 drivers_killed, 0.0 passengers_injured, 0.0 passengers_killed, 0.0 pedestrian_injured, 0.0 pedestrian_killed, Fair (Day), Ortigas Ave. before EDSA Ugong Norte Quezon City",MMDA Road Safety Unit,,3a09c6a7-981c-4235-b79d-a93fbda04565,2014-05-11,07:15:00,EDSA Anapolis Street  San Juan,0,0,0,0,0,0,0,0,0,0,2014-05-11 15:15,Property,14.59363843,121.0580759,No Collision Stated
None,EDSA,None,None,"No Accident Factor, No Collision Stated (based on Police Blotter Book), 0.0 drivers_injured, 0.0 drivers_killed, 0.0 passengers_injured, 0.0 passengers_killed, 0.0 pedestrian_injured, 0.0 pedestrian_killed, Fair (Day), Ortigas Ave. Epifanio Delos Santos Avenue (EDSA) Quezon City",MMDA Road Safety Unit,,e130d76e-1925-41c6-8b7c-231fa7732729,2014-05-07,03:00:00,EDSA Annapolis Street  San Juan,0,0,0,0,0,0,0,0,0,0,2014-05-07 11:00,Property,14.5934256,121.0583601,No Collision Stated
None,EDSA,None,None,"No Accident Factor, No Collision Stated (based on Police Blotter Book), 0.0 drivers_injured, 0.0 drivers_killed, 0.0 passengers_injured, 0.0 passengers_killed, 0.0 pedestrian_injured, 0.0 pedestrian_killed, Fair (Day), Ortigas Ave. EDSA Quezon City",MMDA Road Safety Unit,,c93e89e7-a062-450d-a816-d715d9c44ef9,2014-04-03,08:30:00,EDSA Annapolis Street  San Juan,0,0,0,0,0,0,0,0,0,0,2014-04-03 16:30,Property,14.5934256,121.0583601,No Collision Stated
None,EDSA,None,None,"No Accident Factor, Rear-end, 0.0 drivers_injured, 0.0 drivers_killed, 0.0 passengers_injured, 0.0 passengers_killed, 0.0 pedestrian_injured, 0.0 pedestrian_killed, Fair (Night), Ortigas Ave. before Edsa Quezon City",MMDA Road Safety Unit,,86d0ba97-cac7-4631-9352-5743e70dbed5,2014-03-12,15:30:00,EDSA Connecticut Street  San Juan,0,0,0,0,0,0,0,0,0,0,2014-03-12 23:30,Property,14.59363843,121.0580759,Rear-End
None,EDSA,None,None,"No Accident Factor, Hit and Run (Side Swipe), 0.0 drivers_injured, 0.0 drivers_killed, 0.0 passengers_injured, 0.0 passengers_killed, 0.0 pedestrian_injured, 0.0 pedestrian_killed, Fair (Night), Ortigas Ave. before Edsa Quezon City",MMDA Road Safety Unit,,2886049c-2ba6-4444-a254-fb5ec92e2950,2014-03-07,13:45:00,EDSA Annapolis Street San Juan,0,0,0,0,0,0,0,0,0,0,2014-03-07 21:45,Property,14.59363843,121.0580759,Side Swipe
None,EDSA,None,None,"No Accident Factor, No Collision Stated (based on Police Blotter Book), 0.0 drivers_injured, 0.0 drivers_killed, 0.0 passengers_injured, 0.0 passengers_killed, 0.0 pedestrian_injured, 0.0 pedestrian_killed, Fair (Day), Ortigas Ave. before Edsa Quezon City",MMDA Road Safety Unit,,ae68bb16-db2c-43f7-9ba0-82bd2fc666b2,2014-02-27,08:50:00,EDSA before Annapolis Street  San Juan,0,0,0,0,0,0,0,0,0,0,2014-02-27 16:50,Property,14.59363843,121.0580759,No Collision Stated
None,EDSA,None,None,"No Accident Factor, Rear-end, 0.0 drivers_injured, 0.0 drivers_killed, 0.0 passengers_injured, 0.0 passengers_killed, 0.0 pedestrian_injured, 0.0 pedestrian_killed, Fair (Night), Ortigas Ave. Epifanio Delos Santos Avenue (NB) Quezon City",MMDA Road Safety Unit,,fff36d91-ae7d-4679-9959-86719defedcf,2014-02-26,11:55:00,EDSA Florida Street  San Juan,0,0,0,0,0,0,0,0,0,0,2014-02-26 19:55,Property,14.5934256,121.0583601,Rear-End
None,EDSA,None,None,"No Accident Factor, No Collision Stated (based on Police Blotter Book), 0.0 drivers_injured, 0.0 drivers_killed, 0.0 passengers_injured, 0.0 passengers_killed, 0.0 pedestrian_injured, 0.0 pedestrian_killed, Fair (Day), Ortigas Ave. before EDSA Barangay Ugong Quezon City",MMDA Road Safety Unit,,fc6550f6-85c1-4153-8e78-c9b7446188f0,2014-02-18,07:50:00,EDSA Annapolis Street  San Juan,0,0,0,0,0,0,0,0,0,0,2014-02-18 15:50,Property,14.59363843,121.0580759,No Collision Stated
None,EDSA,None,None,"No Accident Factor, No Collision Stated (based on Police Blotter Book), 0.0 drivers_injured, 0.0 drivers_killed, 0.0 passengers_injured, 0.0 passengers_killed, 0.0 pedestrian_injured, 0.0 pedestrian_killed, Fair (Day), Ortigas Ave. EDSA Shrine-Robinson's Galleria Quezon City",MMDA Road Safety Unit,,b97273bc-9e78-4d8b-84e3-bdc04c584fa6,2014-01-16,01:05:00,EDSA Annapoles Street  San Juan,0,0,0,0,0,0,0,0,0,0,2014-01-16 9:05,Property,14.5934256,121.0583601,No Collision Stated
None,EDSA,None,None,"No Accident Factor, Side Swipe, 0.0 drivers_injured, 0.0 drivers_killed, 0.0 passengers_injured, 0.0 passengers_killed, 0.0 pedestrian_injured, 0.0 pedestrian_killed, Fair (Night), Ortigas Ave. before Epifanio Delos Santos Avenue  Quezon City",MMDA Road Safety Unit,,decff1a3-13de-4b7c-9dfd-e6b60863cfc4,2014-01-12,13:55:00,"EDSA Annapolis St., Bgy. Greenhills San Juan",0,0,0,0,0,0,0,0,0,0,2014-01-12 21:55,Property,14.59363843,121.0580759,Side Swipe
None,EDSA,None,None,"No Accident Factor, Rear-end, 0.0 drivers_injured, 0.0 drivers_killed, 0.0 passengers_injured, 0.0 passengers_killed, 0.0 pedestrian_injured, 0.0 pedestrian_killed, Fair (Night), Ortigas Ave. Epifanio Delos Santos Avenue Quezon City",MMDA Road Safety Unit,,4c1d95f3-bcb9-4d74-9863-9c26d1faacdf,2014-01-11,15:25:00,"EDSA Annapolis St., Bgy. Greenhills San Juan",0,0,0,0,0,0,0,0,0,0,2014-01-11 23:25,Property,14.5934256,121.0583601,Rear-End
None,EDSA,None,None,"No Accident Factor, Hit and Run (No Collision Stated), 0.0 drivers_injured, 0.0 drivers_killed, 0.0 passengers_injured, 0.0 passengers_killed, 0.0 pedestrian_injured, 0.0 pedestrian_killed, Fair (Day), Ortigas Ave. EDSA, Bgy. Ugong Norte Quezon City",MMDA Road Safety Unit,,8766794c-11ab-48b4-b760-c13ff566bff7,2013-11-29,07:45:00,EDSA Connecticut San Juan,0,0,0,0,0,0,0,0,0,0,2013-11-29 15:45,Property,14.5934256,121.0583601,No Collision Stated
None,EDSA,None,None,"No Accident Factor, Side Swipe, 0.0 drivers_injured, 0.0 drivers_killed, 0.0 passengers_injured, 0.0 passengers_killed, 0.0 pedestrian_injured, 0.0 pedestrian_killed, Fair (Day), Ortigas Ave. EDSA Quezon City",MMDA Road Safety Unit,,f66d9dcc-7749-470a-bc05-01e4eea21e22,2013-07-04,00:00:00,EDSA Annapolis St. San Juan,0,0,0,0,0,0,0,0,0,0,2013-07-04 8:00,Property,14.5934256,121.0583601,Side Swipe
None,EDSA,None,None,"No Accident Factor, Side Swipe, 0.0 drivers_injured, 0.0 drivers_killed, 0.0 passengers_injured, 0.0 passengers_killed, 0.0 pedestrian_injured, 0.0 pedestrian_killed, Fair (Day), Ortigas Ave. before EDSA, Bgy. Ugong Norte Quezon City",MMDA Road Safety Unit,,6c142c7d-161d-4d59-ba8a-233a66e17ba7,2013-06-17,03:45:00,EDSA Annapolis Street San Juan,0,0,0,0,0,0,0,0,0,0,2013-06-17 11:45,Property,14.59363843,121.0580759,Side Swipe
None,EDSA,None,None,"No Accident Factor, Rear-end, 0.0 drivers_injured, 0.0 drivers_killed, 0.0 passengers_injured, 0.0 passengers_killed, 0.0 pedestrian_injured, 0.0 pedestrian_killed, Fair (Night), Ortigas Ave. before EDSA Quezon City",MMDA Road Safety Unit,,5d9831a2-362e-492e-9ead-4872aaa3a680,2013-06-11,10:25:00,EDSA Annapolis Street San Juan,0,0,0,0,0,0,0,0,0,0,2013-06-11 18:25,Property,14.59363843,121.0580759,Rear-End
None,EDSA,None,None,"No Accident Factor, Rear-end, 0.0 drivers_injured, 0.0 drivers_killed, 0.0 passengers_injured, 0.0 passengers_killed, 0.0 pedestrian_injured, 0.0 pedestrian_killed, Fair (Night), Ortigas Ave. before EDSA Quezon City",MMDA Road Safety Unit,,05cff5dd-05aa-4f22-a099-67817c002950,2013-05-02,16:00:00,EDSA Annapolis St. San Juan,0,0,0,0,0,0,0,0,0,0,2013-05-03,Property,14.59363843,121.0580759,Rear-End
None,EDSA,None,None,"No Accident Factor, Rear-end, 1.0 drivers_injured, 0.0 drivers_killed, 0.0 passengers_injured, 0.0 passengers_killed, 0.0 pedestrian_injured, 0.0 pedestrian_killed, Fair (Day), Ortigas Ave. EDSA Quezon City",MMDA Road Safety Unit,,93151010-11fd-4dd0-b8f4-24365a8487c0,2013-04-26,07:50:00,EDSA Annapolis St. San Juan,0,0,0,1,0,0,0,0,0,1,2013-04-26 15:50,Injury,14.5934256,121.0583601,Rear-End
None,EDSA,None,None,"No Accident Factor, Side Swipe, 0.0 drivers_injured, 0.0 drivers_killed, 0.0 passengers_injured, 0.0 passengers_killed, 0.0 pedestrian_injured, 0.0 pedestrian_killed, Fair (Night), Ortigas Ave. EDSA Quezon City",MMDA Road Safety Unit,,96d7ac0c-a616-460e-9418-0e55f68f16c3,2013-03-26,17:50:00,EDSA fronting V. V. Soliven Bldg. San Juan,0,0,0,0,0,0,0,0,0,0,2013-03-27 1:50,Property,14.5934256,121.0583601,Side Swipe
None,EDSA,None,None,"No Accident Factor, No Collision Stated (based on Police Blotter Book), 1.0 drivers_injured, 0.0 drivers_killed, 0.0 passengers_injured, 0.0 passengers_killed, 0.0 pedestrian_injured, 0.0 pedestrian_killed, Fair (Day), Ortigas Ave. before EDSA Quezon City",MMDA Road Safety Unit,,d144b952-e804-467c-b5f9-db2b9dda217a,2013-03-19,04:00:00,EDSA Annapolis St. San Juan,0,0,0,1,0,0,0,0,0,1,2013-03-19 12:00,Injury,14.59363843,121.0580759,No Collision Stated
None,EDSA,None,None,"No Accident Factor, No Collision Stated (based on Police Blotter Book), 0.0 drivers_injured, 0.0 drivers_killed, 0.0 passengers_injured, 0.0 passengers_killed, 0.0 pedestrian_injured, 0.0 pedestrian_killed, Fair (Night), Ortigas Ave. W/B lane Approaching Edsa Quezon City",MMDA Road Safety Unit,,7e55244f-971f-4845-83f8-582b08631351,2013-02-23,13:15:00,EDSA Connecticut St. San Juan,0,0,0,0,0,0,0,0,0,0,2013-02-23 21:15,Property,14.5934256,121.0583601,No Collision Stated
None,EDSA,None,None,"No Accident Factor, Side Swipe, 0.0 drivers_injured, 0.0 drivers_killed, 0.0 passengers_injured, 0.0 passengers_killed, 0.0 pedestrian_injured, 0.0 pedestrian_killed, Fair (Day), Ortigas Ave. fronting EDSA Shrine, Bgy. Ugong Norte Quezon City",MMDA Road Safety Unit,,cd1175ab-e869-444d-aea7-e34ef38d775a,2013-02-05,03:30:00,EDSA Connecticut St. San Juan,0,0,0,0,0,0,0,0,0,0,2013-02-05 11:30,Property,14.59307687,121.0582662,Side Swipe
None,EDSA,None,None,"No Accident Factor, Side Swipe, 0.0 drivers_injured, 0.0 drivers_killed, 0.0 passengers_injured, 0.0 passengers_killed, 0.0 pedestrian_injured, 0.0 pedestrian_killed, Fair (Day), Ortigas Ave. EDSA, Bgy. Ugong Norte Quezon City",MMDA Road Safety Unit,,78ea21ef-05b5-4e40-b4e2-0722a3617d42,2013-02-01,01:35:00,EDSA Annapolis St. San Juan,0,0,0,0,0,0,0,0,0,0,2013-02-01 9:35,Property,14.5934256,121.0583601,Side Swipe
None,EDSA,None,None,"No Accident Factor, Side Swipe, 0.0 drivers_injured, 0.0 drivers_killed, 0.0 passengers_injured, 0.0 passengers_killed, 0.0 pedestrian_injured, 0.0 pedestrian_killed, Fair (Night), Ortigas Ave. EDSA Quezon City",MMDA Road Safety Unit,,379b9a14-b4b8-4dd9-82ac-6aea8f4b16c6,2013-01-10,13:45:00,EDSA Annapolis St. San Juan,0,0,0,0,0,0,0,0,0,0,2013-01-10 21:45,Property,14.5934256,121.0583601,Side Swipe
None,EDSA,None,None,"No Accident Factor, Rear-end, 0.0 drivers_injured, 0.0 drivers_killed, 0.0 passengers_injured, 0.0 passengers_killed, 0.0 pedestrian_injured, 0.0 pedestrian_killed, Fair (Day), Ortigas Ave. EDSA, Bgy. Ugong Norte Quezon City",MMDA Road Safety Unit,,a3ea0d76-b8b1-4665-bf71-245c853bb83e,2013-01-07,23:15:00,EDSA Annapolis St. San Juan,0,0,0,0,0,0,0,0,0,0,2013-01-08 7:15,Property,14.5934256,121.0583601,Rear-End
None,EDSA,None,None,"No Accident Factor, Rear-end, 0.0 drivers_injured, 0.0 drivers_killed, 0.0 passengers_injured, 0.0 passengers_killed, 0.0 pedestrian_injured, 0.0 pedestrian_killed, Fair (Night), Ortigas Ave. EDSA Quezon City",MMDA Road Safety Unit,,fea18d24-708b-42ae-8b20-fe44d45880a3,2013-01-07,15:30:00,EDSA before Annapolis St. San Juan,0,0,0,0,0,0,0,0,0,0,2013-01-07 23:30,Property,14.5934256,121.0583601,Rear-End
None,EDSA,None,None,"No Accident Factor, Rear-end, 0.0 drivers_injured, 0.0 drivers_killed, 0.0 passengers_injured, 0.0 passengers_killed, 0.0 pedestrian_injured, 0.0 pedestrian_killed, Fair (Day), Ortigas Ave. EDSA Quezon City",MMDA Road Safety Unit,,d294c3b1-c8ac-4c52-bac2-7b5456ebe814,2012-12-03,08:45:00,EDSA Annapolis St. San Juan,0,0,0,0,0,0,0,0,0,0,2012-12-03 16:45,Property,14.5934256,121.0583601,Rear-End
None,EDSA,None,None,"No Accident Factor, Rear-end, 0.0 drivers_injured, 0.0 drivers_killed, 0.0 passengers_injured, 0.0 passengers_killed, 0.0 pedestrian_injured, 0.0 pedestrian_killed, Fair (Day), Ortigas Ave. Edsa  Quezon City",MMDA Road Safety Unit,,b84674f9-d3c8-458b-91d3-12961d180a1e,2012-11-23,09:30:00,Edsa  Annapolis St.  San Juan,0,0,0,0,0,0,0,0,0,0,2012-11-23 17:30,Property,14.5934256,121.0583601,Rear-End
None,EDSA,None,None,"No Accident Factor, Side Swipe, 0.0 drivers_injured, 0.0 drivers_killed, 0.0 passengers_injured, 0.0 passengers_killed, 0.0 pedestrian_injured, 0.0 pedestrian_killed, Fair (Day), Ortigas Ave. EDSA Shrine Quezon City",MMDA Road Safety Unit,,1a182a03-bcd9-4e0e-8d37-e0f5bcf0ea4f,2012-10-27,08:45:00,Edsa  Annapolis St. San Juan,0,0,0,0,0,0,0,0,0,0,2012-10-27 16:45,Property,14.5934256,121.0583601,Side Swipe
None,EDSA,None,None,"No Accident Factor, Side Swipe, 1.0 drivers_injured, 0.0 drivers_killed, 0.0 passengers_injured, 0.0 passengers_killed, 0.0 pedestrian_injured, 0.0 pedestrian_killed, Fair (Day), Ortigas Ave. EDSA N/B Quezon City",MMDA Road Safety Unit,,c9f7c1fe-6291-4c51-b492-60acaf485496,2012-10-05,05:55:00,Edsa  Annapolis St. San Juan,0,0,0,1,0,0,0,0,0,1,2012-10-05 13:55,Injury,14.5934256,121.0583601,Side Swipe
None,EDSA,None,None,"No Accident Factor, Other, 0.0 drivers_injured, 0.0 drivers_killed, 1.0 passengers_injured, 0.0 passengers_killed, 0.0 pedestrian_injured, 0.0 pedestrian_killed, Fair (Day), Ortigas ave. cor Edsa,Brgy.Ugong Norte Quezon City",MMDA Road Safety Unit,,759894ed-add7-4150-bf04-bd10d18bc239,2012-08-29,01:35:00,EDSA Annapolis Street San Juan,0,0,0,0,1,0,0,0,0,1,2012-08-29 9:35,Injury,14.5934256,121.0583601,No Collision Stated
None,EDSA,None,None,"No Accident Factor, Rear-end, 0.0 drivers_injured, 0.0 drivers_killed, 0.0 passengers_injured, 0.0 passengers_killed, 0.0 pedestrian_injured, 0.0 pedestrian_killed, Fair (Day), Ortigas Ave. EDSA Ugong Norte Quezon City",MMDA Road Safety Unit,,33257a4e-b437-4f7f-9e6f-0ca94704656e,2012-07-20,03:35:00,EDSA Annapolis Street San Juan,0,0,0,0,0,0,0,0,0,0,2012-07-20 11:35,Property,14.5934256,121.0583601,Rear-End
None,EDSA,None,None,"No Accident Factor, Rear-end, 0.0 drivers_injured, 0.0 drivers_killed, 0.0 passengers_injured, 0.0 passengers_killed, 0.0 pedestrian_injured, 0.0 pedestrian_killed, Fair (Day), Ortigas Avenue EDSA (N/B) Quezon City",MMDA Road Safety Unit,,16953f21-6936-40fb-ae00-d7c16bcc5331,2012-06-21,09:00:00,EDSA Connecticut Street San Juan,0,0,0,0,0,0,0,0,0,0,2012-06-21 17:00,Property,14.59307687,121.0582662,Rear-End
None,EDSA,None,None,"No Accident Factor, Rear-end, 0.0 drivers_injured, 0.0 drivers_killed, 0.0 passengers_injured, 0.0 passengers_killed, 0.0 pedestrian_injured, 0.0 pedestrian_killed, Rain (Day), Ortigas Ave. EDSA Quezon City",MMDA Road Safety Unit,,e7122f5c-041b-4c48-a490-fa31c738021a,2012-05-23,23:20:00,EDSA Connecticut Street San Juan,0,0,0,0,0,0,0,0,0,0,2012-05-24 7:20,Property,14.5934256,121.0583601,Rear-End
None,EDSA,None,None,"No Accident Factor, Rear-end, 0.0 drivers_injured, 0.0 drivers_killed, 0.0 passengers_injured, 0.0 passengers_killed, 0.0 pedestrian_injured, 0.0 pedestrian_killed, Fair (Day), Ortigas Ave. EDSA Quezon City",MMDA Road Safety Unit,,61693fec-a73f-490f-8a9c-8e6cacdc70c0,2012-01-12,01:30:00,EDSA Annapolis Street San Juan,0,0,0,0,0,0,0,0,0,0,2012-01-12 9:30,Property,14.5934256,121.0583601,Rear-End
None,EDSA,None,None,"No Accident Factor, Rear-end, 0.0 drivers_injured, 0.0 drivers_killed, 0.0 passengers_injured, 0.0 passengers_killed, 0.0 pedestrian_injured, 0.0 pedestrian_killed, Fair (Day), Ortigas Ave. before EDSA Quezon City",MMDA Road Safety Unit,,79305295-2fad-44d8-a824-8741c50d1faa,2012-01-05,06:30:00,EDSA Annapolis St. San Juan,0,0,0,0,0,0,0,0,0,0,2012-01-05 14:30,Property,14.59363843,121.0580759,Rear-End
None,EDSA,None,None,"Unknown, Rear-end, 0.0 drivers_injured, 0.0 drivers_killed, 0.0 passengers_injured, 0.0 passengers_killed, 0.0 pedestrian_injured, 0.0 pedestrian_killed, Fair (Day), Ortigas Ave. EDSA Quezon City",MMDA Road Safety Unit,,381cf197-3321-4ec1-a4a0-1f92d879e14c,2011-12-01,06:15:00,EDSA Connecticut St. San Juan,0,0,0,0,0,0,0,0,0,0,2011-12-01 14:15,Property,14.5934256,121.0583601,Rear-End
None,EDSA,None,None,"Unknown, Rear-end, 0.0 drivers_injured, 0.0 drivers_killed, 0.0 passengers_injured, 0.0 passengers_killed, 0.0 pedestrian_injured, 0.0 pedestrian_killed, Fair (Day), Ortigas Ave. Edsa fronting BDO Quezon City",MMDA Road Safety Unit,,8d9dcfa0-f671-4253-aca6-c1666507c4cc,2011-10-03,09:30:00,EDSA Annapolis St. San Juan,0,0,0,0,0,0,0,0,0,0,2011-10-03 17:30,Property,14.5934256,121.0583601,Rear-End
None,EDSA,None,None,"Unknown, Other (Multiple), 1.0 drivers_injured, 0.0 drivers_killed, 1.0 passengers_injured, 0.0 passengers_killed, 0.0 pedestrian_injured, 0.0 pedestrian_killed, Fair (Night), Ortigas Ave. EDSA Quezon City",MMDA Road Safety Unit,,d279aa23-6597-4e4d-89cb-3cd2110f679e,2011-09-13,13:25:00,EDSA Annapolis St. San Juan,0,0,0,1,1,0,0,0,0,2,2011-09-13 21:25,Injury,14.5934256,121.0583601,Multiple
None,EDSA,None,None,"Unknown, Hit and Run (No Collision Stated), 0.0 drivers_injured, 0.0 drivers_killed, 0.0 passengers_injured, 0.0 passengers_killed, 0.0 pedestrian_injured, 0.0 pedestrian_killed, Fair (Day), Ortigas Ave. EDSA Quezon City",MMDA Road Safety Unit,,6d5bdb07-4264-4e15-a551-91a165ebbe6c,2011-09-07,04:50:00,EDSA Annapolis St. - Connecticut St. San Juan,0,0,0,0,0,0,0,0,0,0,2011-09-07 12:50,Property,14.5934256,121.0583601,No Collision Stated
None,EDSA,None,None,"Unknown, Rear-end, 0.0 drivers_injured, 0.0 drivers_killed, 0.0 passengers_injured, 0.0 passengers_killed, 0.0 pedestrian_injured, 0.0 pedestrian_killed, Fair (Day), Ortigas Ave. EDSA Quezon City",MMDA Road Safety Unit,,73bf48f3-ccdb-42fe-ad64-60cfba6ea2d1,2011-07-26,00:35:00,EDSA Approaching Kamayan Rest.  San Juan,0,0,0,0,0,0,0,0,0,0,2011-07-26 8:35,Property,14.5934256,121.0583601,Rear-End
None,EDSA,None,None,"Human Error, Rear-end, 0.0 drivers_injured, 0.0 drivers_killed, 0.0 passengers_injured, 0.0 passengers_killed, 0.0 pedestrian_injured, 0.0 pedestrian_killed, Fair (Day), Ortigas Ave. before EDSA Quezon City",MMDA Road Safety Unit,,8213cba0-20fd-430f-b5cd-d11d2dcd4c75,2011-07-20,00:15:00,EDSA Connecticut St. San Juan,0,0,0,0,0,0,0,0,0,0,2011-07-20 8:15,Property,14.59363843,121.0580759,Rear-End
None,EDSA,None,None,"Human Error, Rear-end, 0.0 drivers_injured, 0.0 drivers_killed, 0.0 passengers_injured, 0.0 passengers_killed, 0.0 pedestrian_injured, 0.0 pedestrian_killed, Fair (Day), Ortigas Ave. before EDSA Quezon City",MMDA Road Safety Unit,,6f4f4fdf-d2f9-4303-92dd-dac9457ec18b,2011-07-12,06:30:00,EDSA fronting V.V. Soliven San Juan,0,0,0,0,0,0,0,0,0,0,2011-07-12 14:30,Property,14.59363843,121.0580759,Rear-End
None,EDSA,None,None,"Unknown, Rear-end, 1.0 drivers_injured, 0.0 drivers_killed, 0.0 passengers_injured, 0.0 passengers_killed, 0.0 pedestrian_injured, 0.0 pedestrian_killed, Fair (Day), Ortigas Ave. EDSA Quezon City",MMDA Road Safety Unit,,dba579b8-559e-4655-9f32-fafb19814e05,2011-06-09,02:40:00,EDSA Annapolis St. San Juan,0,0,0,1,0,0,0,0,0,1,2011-06-09 10:40,Injury,14.5934256,121.0583601,Rear-End