LOCATION_TEXT,ROAD,WEATHER,LIGHT,DESC,REPORTING_AGENCY,MAIN_CAUSE,INCIDENTDETAILS_ID,DATE_UTC,TIME_UTC,ADDRESS,killed_driver,killed_passenger,killed_pedestrian,injured_driver,injured_passenger,injured_pedestrian,killed_uncategorized,injured_uncategorized,killed_total,injured_total,DATETIME_PST,SEVERITY,Y,X,COLLISION_TYPE
None,EDSA,None,None,"Unknown, Side Swipe, 0.0 drivers_injured, 0.0 drivers_killed, 0.0 passengers_injured, 0.0 passengers_killed, 0.0 pedestrian_injured, 0.0 pedestrian_killed, Fair, Ortigas Avenue fronting Edsa Shrine  Quezon City",MMDA Road Safety Unit,,d6d89f1e-a0c0-4b21-9ce2-ca3a89250383,2010-12-06,04:20:00,EDSA Connecticut St. San Juan,0,0,0,0,0,0,0,0,0,0,2010-12-06 12:20,Property,14.5934256,121.0583601,Side Swipe
None,EDSA,None,None,"Unknown, Other (Backing Collision), 0.0 drivers_injured, 0.0 drivers_killed, 0.0 passengers_injured, 0.0 passengers_killed, 0.0 pedestrian_injured, 0.0 pedestrian_killed, Fair, Ortigas Ave. EDSA Quezon City",MMDA Road Safety Unit,,1a332013-1283-46e7-8857-bb7a72b5b97d,2010-07-30,14:30:00,EDSA  after Connecticut  St. San Juan,0,0,0,0,0,0,0,0,0,0,2010-07-30 22:30,Property,14.5934256,121.0583601,Rear-End
None,EDSA,None,None,"Unknown, Side Swipe, 0.0 drivers_injured, 0.0 drivers_killed, 0.0 passengers_injured, 0.0 passengers_killed, 0.0 pedestrian_injured, 0.0 pedestrian_killed, Dry, Ortigas Ave. EDSA Quezon City",MMDA Road Safety Unit,,1b69f6b8-c7cd-4c58-886c-2b1489d814e0,2010-04-09,19:45:00,EDSA Annapolis St.  San Juan,0,0,0,0,0,0,0,0,0,0,2010-04-10 3:45,Property,14.5934256,121.0583601,Side Swipe
None,EDSA,None,None,"Human Error, Side Swipe, 1.0 drivers_injured, 0.0 drivers_killed, 0.0 passengers_injured, 0.0 passengers_killed, 0.0 pedestrian_injured, 0.0 pedestrian_killed, Fair (Day), Ortigas Ave. near EDSA Quezon City",MMDA Road Safety Unit,,f4463e77-ef2a-4da3-9cdc-45e1169df31b,2009-12-30,07:25:00,EDSA fronting V. V. Soliven Bldg. San Juan,0,0,0,1,0,0,0,0,0,1,2009-12-30 15:25,Injury,14.59307687,121.0582662,Side Swipe
None,EDSA,None,None,"Unknown, Angle Impact, 0.0 drivers_injured, 0.0 drivers_killed, 0.0 passengers_injured, 0.0 passengers_killed, 0.0 pedestrian_injured, 0.0 pedestrian_killed, Fair (Day), Ortigas Ave. EDSA Quezon City",MMDA Road Safety Unit,,2e678d35-33a9-4730-8ab3-51e82fa009b2,2009-11-04,01:00:00,"EDSA Annapolis St., after Camp Crame  San Juan",0,0,0,0,0,0,0,0,0,0,2009-11-04 9:00,Property,14.5934256,121.0583601,Angle Impact
None,EDSA,None,None,"Human Error, Self-Accident, 0.0 drivers_injured, 0.0 drivers_killed, 0.0 passengers_injured, 0.0 passengers_killed, 0.0 pedestrian_injured, 0.0 pedestrian_killed, Dry, Ortigas Ave. near corner EDSA frontingRobinson Galleria Quezon City",MMDA Road Safety Unit,,35fc0f66-36a3-48b3-9115-ff4110f30910,2008-08-07,17:45:00,EDSA fronting Kamayan Restaurant San Juan,0,0,0,0,0,0,0,0,0,0,2008-08-08 1:45,Property,14.59307687,121.0582662,Self-Accident
None,EDSA,None,None,"Human Error, Side Swipe, 0.0 drivers_injured, 0.0 drivers_killed, 0.0 passengers_injured, 0.0 passengers_killed, 0.0 pedestrian_injured, 0.0 pedestrian_killed, Dry, Ortigas Ave. fronting EDSA Shrine Quezon City",MMDA Road Safety Unit,,fd5eeb6a-2e35-4f5d-ad1f-31848d9f116f,2007-12-21,05:20:00,EDSA Connecticut St. San Juan,0,0,0,0,0,0,0,0,0,0,2007-12-21 13:20,Property,14.59307687,121.0582662,Side Swipe
None,EDSA,None,None,"Unknown, Rear-end, 0.0 drivers_injured, 0.0 drivers_killed, 0.0 passengers_injured, 0.0 passengers_killed, 0.0 pedestrian_injured, 0.0 pedestrian_killed, Fair (Night), Ortigas Interchange  Mandaluyong",MMDA Road Safety Unit,,270d114e-cd30-4ca3-aa52-72779d923beb,2009-02-26,16:45:00,EDSA fronting Kamayan Restaurant San Juan,0,0,0,0,0,0,0,0,0,0,2009-02-27 0:45,Property,14.59378,121.0587024,Rear-End
None,EDSA,None,None,"No Accident Factor, No Collision Stated (based on Police Blotter Book), 0.0 drivers_injured, 0.0 drivers_killed, 0.0 passengers_injured, 0.0 passengers_killed, 0.0 pedestrian_injured, 0.0 pedestrian_killed, Fair (Day), EDSA-Ortigas  Mandaluyong",MMDA Road Safety Unit,,6dca470d-fd81-46f6-afca-b15edf9b5043,2013-12-18,03:30:00,EDSA fronting V.V. Soliven  San Juan,0,0,0,0,0,0,0,0,0,0,2013-12-18 11:30,Property,14.5937908,121.058714,No Collision Stated
None,EDSA,None,None,"No Accident Factor, No Collision Stated (based on Police Blotter Book), 0.0 drivers_injured, 0.0 drivers_killed, 0.0 passengers_injured, 0.0 passengers_killed, 0.0 pedestrian_injured, 0.0 pedestrian_killed, Fair (Night), EDSA Ortigas  Mandaluyong",MMDA Road Safety Unit,,0e43ffd6-81dc-4ce5-8961-f3373be4f2c5,2013-10-10,14:15:00,EDSA Annapolis St. / Hyundai San Juan,0,0,0,0,0,0,0,0,0,0,2013-10-10 22:15,Property,14.5937908,121.058714,No Collision Stated
None,EDSA,None,None,"No Accident Factor, No Collision Stated (based on Police Blotter Book), 0.0 drivers_injured, 0.0 drivers_killed, 0.0 passengers_injured, 0.0 passengers_killed, 0.0 pedestrian_injured, 0.0 pedestrian_killed, Fair (Day), EDSA Ortigas  Mandaluyong",MMDA Road Safety Unit,,00536b46-d443-45be-a9b2-b0a64ecefdbb,2013-09-24,08:15:00,EDSA after Annapolis St.  San Juan,0,0,0,0,0,0,0,0,0,0,2013-09-24 16:15,Property,14.5937908,121.058714,No Collision Stated
None,EDSA,None,None,"No Accident Factor, No Collision Stated (based on Police Blotter Book), 0.0 drivers_injured, 0.0 drivers_killed, 0.0 passengers_injured, 0.0 passengers_killed, 0.0 pedestrian_injured, 0.0 pedestrian_killed, Fair (Day), EDSA Ortigas         Mandaluyong",MMDA Road Safety Unit,,6cb9e352-04fc-470b-bcf3-dd70e7544d6a,2013-09-14,04:10:00,EDSA Connecticut St. San Juan,0,0,0,0,0,0,0,0,0,0,2013-09-14 12:10,Property,14.5937908,121.058714,No Collision Stated
"CASA Alumglass and Construction Supply, EDSA, Wack-Wack Greenhills, Mandaluyong, Metro Manila, 1556, Philippines",EDSA,clear-day,day,MULTIPLE COLLISION,MMDA Metrobase,,c58ae500-29d5-4e53-8e48-f60f8cb59f91,2016-11-12,22:17:00,EDSA Connecticut St. San Juan,0,0,0,0,0,0,0,1,0,1,2016-11-13 6:17,Injury,14.59525383,121.0593259,Multiple
"Audi Greenhills, Florida, Wack-Wack Greenhills, Mandaluyong, Metro Manila, 1110, Philippines",EDSA,clear-day,day,BUMPED FROM BEHIND,Other,,5078ed84-baa0-4551-bd0b-64a5603c54ea,2016-10-06,23:40:29,EDSA Connecticut St. San Juan,0,0,0,0,0,0,0,0,0,0,2016-10-07 7:40,Property,14.5956899,121.0592079,Rear-End
"Audi Greenhills, Florida, Wack-Wack Greenhills, Mandaluyong, Metro Manila, 1110, Philippines",EDSA,partly-cloudy-day,day,BUMPED FROM BEHIND,MMDA Metrobase,,e7e28cc5-175f-4f3c-a2bd-5e0ef6ae7847,2016-12-13,01:39:52,EDSA Connecticut St. San Juan,0,0,0,0,0,0,0,0,0,0,2016-12-13 9:39,Property,14.59591831,121.0591435,Rear-End
"Shell, Florida, Wack-Wack Greenhills, Mandaluyong, Metro Manila, 1110, Philippines",EDSA,rain,day,Multiple Collision,MMDA Metrobase,,38fcd115-d30c-450c-8b63-dd35a776f31c,2016-12-27,06:59:09,EDSA Connecticut St. San Juan,0,0,0,0,0,0,0,1,0,1,2016-12-27 14:59,Injury,14.59874236,121.0598516,Multiple
"Kilometer 21, White Plains Avenue, Greenwich Subdivision, Ugong Norte, Quezon City, District III, Quezon City, Metro Manila, 1110, Philippines",EDSA,clear-day,day,BUMPED FROM BEHIND,MMDA Metrobase,,3f918e94-2a4a-4e6c-a1d4-d482948d49f1,2016-11-13,23:43:43,EDSA fronting V. V Soliven Bldg. San Juan,0,0,0,0,0,0,0,0,0,0,2016-11-14 7:43,Property,14.59957295,121.0597658,Rear-End
"Petron, EDSA, Wack-Wack Greenhills, Mandaluyong, Metro Manila, 1110, Philippines",EDSA,partly-cloudy-day,day,BUMPED FROM BEHIND,MMDA Metrobase,,8f3ea659-e819-4156-a987-2b0d6eb8ea91,2016-11-14,23:31:39,EDSA V.V.Soliven Bldg San Juan,0,0,0,0,0,0,0,0,0,0,2016-11-15 7:31,Property,14.60148331,121.0591221,Rear-End
"Petron, EDSA, Wack-Wack Greenhills, Mandaluyong, Metro Manila, 1110, Philippines",EDSA,clear-day,day,MULTIPLE COLLISION,MMDA Metrobase,,9a3c35bc-3f1f-4427-a295-1018a1d85cec,2016-12-06,00:36:45, EDSA Hyundai Parking Area San Juan,0,0,0,0,0,0,0,0,0,0,2016-12-06 8:36,Property,14.60158616,121.0591269,Rear-End
"Kilometer 20, EDSA, Camp Aguinaldo, Quezon City, District III, Quezon City, Metro Manila, 1110, Philippines",EDSA,clear-day,day,BUMPED FROM BEHIND,MMDA Metrobase,,04524b20-af7c-42f5-ac06-83b1ffc15f78,2016-11-14,00:18:19,EDSA Connecticut St. San Juan,0,0,0,0,0,0,0,0,0,0,2016-11-14 8:18,Property,14.60625912,121.0572767,Rear-End
"EDSA, Bagong Lipunan ng Crame, Quezon City, District IV, Quezon City, Metro Manila, 1111, Philippines",EDSA,partly-cloudy-day,day,BUMPED FROM BEHIND,MMDA Metrobase,,6b748150-e89e-49fc-bdcf-0cb2d2170234,2016-11-15,02:13:41,EDSA Connecticut St. San Juan,0,0,0,0,0,0,0,0,0,0,2016-11-15 10:13,Property,14.60733886,121.0565364,Rear-End
None,EDSA,None,None,"No Accident Factor, Rear-end, 0.0 drivers_injured, 0.0 drivers_killed, 0.0 passengers_injured, 0.0 passengers_killed, 0.0 pedestrian_injured, 0.0 pedestrian_killed, Fair (Night), EDSA Annapolis St. San Juan",MMDA Road Safety Unit,,6da73fa5-4c15-4e6c-9be4-6828fe200cec,2016-10-05,14:30:00,EDSA Connecticut St. San Juan,0,0,0,0,0,0,0,0,0,0,2016-10-05 22:30,Property,14.60587457,121.057319,Rear-End
None,EDSA,None,None,"No Accident Factor, Rear-end, 0.0 drivers_injured, 0.0 drivers_killed, 0.0 passengers_injured, 0.0 passengers_killed, 0.0 pedestrian_injured, 0.0 pedestrian_killed, Fair (Night), EDSA Annapolis St. San Juan",MMDA Road Safety Unit,,25776435-fc71-4c9f-8640-c5eea447bce3,2016-10-03,01:25:00,EDSA Annapolis St. San Juan,0,0,0,0,0,0,0,0,0,0,2016-10-03 9:25,Property,14.60587457,121.057319,Rear-End
None,EDSA,None,None,"No Accident Factor, Rear-end, 0.0 drivers_injured, 0.0 drivers_killed, 0.0 passengers_injured, 0.0 passengers_killed, 0.0 pedestrian_injured, 0.0 pedestrian_killed, Fair (Night), EDSA V. V. Soliven Bldg. San Juan",MMDA Road Safety Unit,,a2e1fb08-4def-459c-909f-dc87a4e9f3ff,2016-10-02,19:30:00, EDSA Connecticut St. San Juan,0,0,0,0,0,0,0,0,0,0,2016-10-03 3:30,Property,14.60574535,121.0572876,Rear-End
None,EDSA,None,None,"No Accident Factor, No Collision Stated (based on Police Blotter Book), 1.0 drivers_injured, 0.0 drivers_killed, 0.0 passengers_injured, 0.0 passengers_killed, 0.0 pedestrian_injured, 0.0 pedestrian_killed, Fair (Night), EDSA Annapolis St. San Juan",MMDA Road Safety Unit,,f6f6841a-2514-4885-8836-750b878fadbd,2016-09-16,04:30:00,EDSA Connecticut St. San Juan,0,0,0,1,0,0,0,0,0,1,2016-09-16 12:30,Injury,14.60587457,121.057319,No Collision Stated
None,EDSA,None,None,"No Accident Factor, Rear-end, 0.0 drivers_injured, 0.0 drivers_killed, 0.0 passengers_injured, 0.0 passengers_killed, 0.0 pedestrian_injured, 0.0 pedestrian_killed, Fair (Night), EDSA  Annapolis St. San Juan",MMDA Road Safety Unit,,81fe914a-ab02-4b05-8326-8b3aec9e2165,2016-09-09,04:55:00, EDSA Connecticut St. San Juan,0,0,0,0,0,0,0,0,0,0,2016-09-09 12:55,Property,14.60624098,121.057069,Rear-End
None,EDSA,None,None,"No Accident Factor, Rear-end, 1.0 drivers_injured, 0.0 drivers_killed, 12.0 passengers_injured, 0.0 passengers_killed, 0.0 pedestrian_injured, 0.0 pedestrian_killed, Fair (Day), EDSA V.V. Soliven Bldg. San Juan",MMDA Road Safety Unit,,5ce47039-5625-480e-ae26-31c050a0d244,2016-09-03,04:00:00,EDSA Annapolis St. San Juan,0,0,0,1,12,0,0,0,0,13,2016-09-03 12:00,Injury,14.60574535,121.0572876,Rear-End
None,EDSA,None,None,"No Accident Factor, Side Swipe, 0.0 drivers_injured, 0.0 drivers_killed, 0.0 passengers_injured, 0.0 passengers_killed, 0.0 pedestrian_injured, 0.0 pedestrian_killed, Fair (Day), EDSA Annapolis St. San Juan",MMDA Road Safety Unit,,a14ff9f2-fd2f-4ce4-8827-3cff03456ff5,2016-08-28,08:45:00,Edsa Santolan  Quezon City,0,0,0,0,0,0,0,0,0,0,2016-08-28 16:45,Property,14.60587457,121.057319,Side Swipe
None,EDSA,None,None,"No Accident Factor, Rear-end, 0.0 drivers_injured, 0.0 drivers_killed, 0.0 passengers_injured, 0.0 passengers_killed, 0.0 pedestrian_injured, 0.0 pedestrian_killed, Fair (Day), EDSA Annapolis St. San Juan",MMDA Road Safety Unit,,822c5bd1-628b-4203-8b49-a89278e8d3fa,2016-08-22,02:20:00,Camp Crame  Santolan MRT Station  Quezon City,0,0,0,0,0,0,0,0,0,0,2016-08-22 10:20,Property,14.60587457,121.057319,Rear-End
None,EDSA,None,None,"No Accident Factor, Side Swipe, 0.0 drivers_injured, 0.0 drivers_killed, 0.0 passengers_injured, 0.0 passengers_killed, 0.0 pedestrian_injured, 0.0 pedestrian_killed, Fair (Night), EDSA Annapolis St. San Juan",MMDA Road Safety Unit,,fd9ebe33-d50a-4939-b57e-92372a3a48bb,2016-08-21,10:05:00,Camp Crame   Quezon City,0,0,0,0,0,0,0,0,0,0,2016-08-21 18:05,Property,14.60587457,121.057319,Side Swipe
None,EDSA,None,None,"No Accident Factor, Rear-end, 1.0 drivers_injured, 0.0 drivers_killed, 0.0 passengers_injured, 0.0 passengers_killed, 0.0 pedestrian_injured, 0.0 pedestrian_killed, Fair (Day), EDSA Annapolis St. San Juan",MMDA Road Safety Unit,,7ebe7d61-763a-4361-a643-816482657264,2016-08-10,23:30:00,Camp Crame  Quezon City,0,0,0,1,0,0,0,0,0,1,2016-08-11 7:30,Injury,14.60587457,121.057319,Rear-End
None,EDSA,None,None,"No Accident Factor, No Collision Stated (based on Police Blotter Book), 0.0 drivers_injured, 0.0 drivers_killed, 0.0 passengers_injured, 0.0 passengers_killed, 0.0 pedestrian_injured, 0.0 pedestrian_killed, Fair (Day), EDSA Annapolis St. San Juan",MMDA Road Safety Unit,,563f0d1c-e567-4739-94f4-5c8ad24021d3,2016-08-09,23:30:00,Main Ave. EDSA Quezon City,0,0,0,0,0,0,0,0,0,0,2016-08-10 7:30,Property,14.60587457,121.057319,No Collision Stated
None,EDSA,None,None,"No Accident Factor, Rear-end, 0.0 drivers_injured, 0.0 drivers_killed, 0.0 passengers_injured, 0.0 passengers_killed, 0.0 pedestrian_injured, 0.0 pedestrian_killed, Fair (Night), EDSA Annapolis St. San Juan",MMDA Road Safety Unit,,3ac3c06b-0a15-4da4-a620-49e832a5e509,2016-08-09,14:45:00,Main Ave. Hyper Market Brgy. Socorro Quezon City,0,0,0,0,0,0,0,0,0,0,2016-08-09 22:45,Property,14.60587457,121.057319,Rear-End
None,EDSA,None,None,"No Accident Factor, Rear-end, 0.0 drivers_injured, 0.0 drivers_killed, 0.0 passengers_injured, 0.0 passengers_killed, 0.0 pedestrian_injured, 0.0 pedestrian_killed, Fair (Day), EDSA Annapolis St. San Juan",MMDA Road Safety Unit,,a7013a6d-bec4-4b1a-93a7-469f6fadcd0d,2016-07-26,08:30:00,Main Ave. Front of SM Hypermarket before 5th Avenue Barangay Socorro Quezon City,0,0,0,0,0,0,0,0,0,0,2016-07-26 16:30,Property,14.60587457,121.057319,Rear-End
None,EDSA,None,None,"No Accident Factor, Rear-end, 0.0 drivers_injured, 0.0 drivers_killed, 0.0 passengers_injured, 0.0 passengers_killed, 0.0 pedestrian_injured, 0.0 pedestrian_killed, Fair (Day), EDSA Near Connecticut St. San Juan",MMDA Road Safety Unit,,6208c273-6c22-4c9c-a099-51b43e6946bd,2016-07-25,02:00:00,Main Avenue EDSA Quezon City,0,0,0,0,0,0,0,0,0,0,2016-07-25 10:00,Property,14.60157817,121.0592023,Rear-End
None,EDSA,None,None,"No Accident Factor, Side Swipe, 0.0 drivers_injured, 0.0 drivers_killed, 0.0 passengers_injured, 0.0 passengers_killed, 0.0 pedestrian_injured, 0.0 pedestrian_killed, Fair (Day), EDSA Connecticut St. San Juan",MMDA Road Safety Unit,,212f9c70-d54a-453b-8c5b-09829bbd45d8,2016-07-23,03:40:00,"Main Ave. SM Hypermart, Bgy. Socorro Quezon City",0,0,0,0,0,0,0,0,0,0,2016-07-23 11:40,Property,14.6016853,121.0591462,Side Swipe
None,EDSA,None,None,"No Accident Factor, Side Swipe, 0.0 drivers_injured, 0.0 drivers_killed, 0.0 passengers_injured, 0.0 passengers_killed, 0.0 pedestrian_injured, 0.0 pedestrian_killed, Fair (Night), EDSA Connecticut St. San Juan",MMDA Road Safety Unit,,684f844b-428d-4ead-b137-67a4c12b7460,2016-07-20,14:45:00,"Main Ave. entrance of SM Hypermart, Bgy. Socorro Quezon City",0,0,0,0,0,0,0,0,0,0,2016-07-20 22:45,Property,14.6016853,121.0591462,Side Swipe
None,EDSA,None,None,"No Accident Factor, Hit and Run (No Collision Stated), 0.0 drivers_injured, 0.0 drivers_killed, 0.0 passengers_injured, 0.0 passengers_killed, 0.0 pedestrian_injured, 0.0 pedestrian_killed, Fair (Day), EDSA Annapolis St. San Juan",MMDA Road Safety Unit,,0bc03aaf-5e5f-4789-9e10-182383c27116,2016-07-18,04:30:00,Main Ave. EDSA Quezon City,0,0,0,0,0,0,0,0,0,0,2016-07-18 12:30,Property,14.60587457,121.057319,No Collision Stated
None,EDSA,None,None,"No Accident Factor, Side Swipe, 0.0 drivers_injured, 0.0 drivers_killed, 0.0 passengers_injured, 0.0 passengers_killed, 0.0 pedestrian_injured, 0.0 pedestrian_killed, Fair (Night), EDSA Annapolis St. San Juan",MMDA Road Safety Unit,,0c4fc380-348e-484b-8686-dc397627bf48,2016-07-16,11:30:00,Main Ave. EDSA Quezon City,0,0,0,0,0,0,0,0,0,0,2016-07-16 19:30,Property,14.60587457,121.057319,Side Swipe
None,EDSA,None,None,"No Accident Factor, Other (Hit Veh. + Hit Obj.), 0.0 drivers_injured, 0.0 drivers_killed, 0.0 passengers_injured, 0.0 passengers_killed, 0.0 pedestrian_injured, 0.0 pedestrian_killed, Fair (Night), EDSA Annapolis St. San Juan",MMDA Road Safety Unit,,8183d321-2ef9-4cff-9b4e-a1a1ebd47047,2016-07-13,17:00:00,Main Ave. EDSA Quezon City,0,0,0,0,0,0,0,0,0,0,2016-07-14 1:00,Property,14.60587457,121.057319,Hit Object
None,EDSA,None,None,"No Accident Factor, Rear-end, 0.0 drivers_injured, 0.0 drivers_killed, 0.0 passengers_injured, 0.0 passengers_killed, 0.0 pedestrian_injured, 0.0 pedestrian_killed, Fair (Day), EDSA Annapolis St. San Juan",MMDA Road Safety Unit,,66f845a3-4385-4cef-84ad-3ce3f3ee489f,2016-07-07,01:30:00,Main Avenue Sm Hypermart Brgy. Socorro Quezon City,0,0,0,0,0,0,0,0,0,0,2016-07-07 9:30,Property,14.60587457,121.057319,Rear-End
None,EDSA,None,None,"No Accident Factor, Side Swipe, 0.0 drivers_injured, 0.0 drivers_killed, 0.0 passengers_injured, 0.0 passengers_killed, 0.0 pedestrian_injured, 0.0 pedestrian_killed, Fair (Day), EDSA Connecticut St. San Juan",MMDA Road Safety Unit,,8653fc1b-9196-40da-899e-9492583d0433,2016-07-05,22:40:00,Main Ave. EDSA Quezon City,0,0,0,0,0,0,0,0,0,0,2016-07-06 6:40,Property,14.6016853,121.0591462,Side Swipe
None,EDSA,None,None,"No Accident Factor, Rear-end, 0.0 drivers_injured, 0.0 drivers_killed, 0.0 passengers_injured, 0.0 passengers_killed, 0.0 pedestrian_injured, 0.0 pedestrian_killed, Fair (Day), EDSA Annapolis St. San Juan",MMDA Road Safety Unit,,789b1a3f-6602-4ac6-8523-18cbcb39a094,2016-07-05,22:30:00,EDSA fronting Nepa Q - Mart  Quezon City,0,0,0,0,0,0,0,0,0,0,2016-07-06 6:30,Property,14.60587457,121.057319,Rear-End
None,EDSA,None,None,"No Accident Factor, No Collision Stated (based on Police Blotter Book), 0.0 drivers_injured, 0.0 drivers_killed, 0.0 passengers_injured, 0.0 passengers_killed, 0.0 pedestrian_injured, 0.0 pedestrian_killed, Fair (Day), EDSA Connecticut St. San Juan",MMDA Road Safety Unit,,43134cd4-116b-47ba-897e-bd5050d75ddc,2016-06-29,23:15:00,Cubao Terminal  Quezon City,0,0,0,0,0,0,0,0,0,0,2016-06-30 7:15,Property,14.6016853,121.0591462,No Collision Stated
None,EDSA,None,None,"No Accident Factor, Rear-end, 0.0 drivers_injured, 0.0 drivers_killed, 0.0 passengers_injured, 0.0 passengers_killed, 0.0 pedestrian_injured, 0.0 pedestrian_killed, Fair (Day), EDSA Cats Motor San Juan",MMDA Road Safety Unit,,4756e3fd-728f-4294-9ce4-da6a78cccd08,2016-06-09,04:20:00,Araneta Center  Bgy. E. Rodriguez  Quezon City,0,0,0,0,0,0,0,0,0,0,2016-06-09 12:20,Property,14.60389478,121.0581964,Rear-End
None,EDSA,None,None,"No Accident Factor, Side Swipe, 0.0 drivers_injured, 0.0 drivers_killed, 0.0 passengers_injured, 0.0 passengers_killed, 0.0 pedestrian_injured, 0.0 pedestrian_killed, Fair (Day), EDSA Annapolis St. San Juan",MMDA Road Safety Unit,,69e9d80c-32a4-464c-84d4-d87af8ce671f,2016-06-03,04:50:00,P. Tuazon Blvd. First North Luzon Terminal  Quezon City,0,0,0,0,0,0,0,0,0,0,2016-06-03 12:50,Property,14.60587457,121.057319,Side Swipe
None,EDSA,None,None,"No Accident Factor, Rear-end, 0.0 drivers_injured, 0.0 drivers_killed, 0.0 passengers_injured, 0.0 passengers_killed, 0.0 pedestrian_injured, 0.0 pedestrian_killed, Fair (Day), EDSA Connecticut St.  San Juan",MMDA Road Safety Unit,,8028dd85-a25e-4f6d-a463-81dfb2a11ad4,2016-05-24,02:30:00,P. Tuazon Blvd.  EDSA Quezon City,0,0,0,0,0,0,0,0,0,0,2016-05-24 10:30,Property,14.60190233,121.0590857,Rear-End
None,EDSA,None,None,"No Accident Factor, Side Swipe, 1.0 drivers_injured, 0.0 drivers_killed, 1.0 passengers_injured, 0.0 passengers_killed, 0.0 pedestrian_injured, 0.0 pedestrian_killed, Fair (Day), EDSA Connecticut St.  San Juan",MMDA Road Safety Unit,,2fddd609-36f8-44bd-82cd-1fd21f288f03,2016-05-23,00:30:00,P. Tuazon Blvd. Epifanio Delos Santos Avenue Quezon City,0,0,0,1,1,0,0,0,0,2,2016-05-23 8:30,Injury,14.60190233,121.0590857,Side Swipe
None,EDSA,None,None,"No Accident Factor, No Collision Stated (based on Police Blotter Book), 1.0 drivers_injured, 0.0 drivers_killed, 0.0 passengers_injured, 0.0 passengers_killed, 0.0 pedestrian_injured, 0.0 pedestrian_killed, Fair (Day), EDSA Connecticut (SB) San Juan",MMDA Road Safety Unit,,a0af1204-ae62-41b8-ad66-680c593d4e1f,2016-05-20,06:35:00,P. Tuazon Blvd. EDSA Quezon City,0,0,0,1,0,0,0,0,0,1,2016-05-20 14:35,Injury,14.6073898,121.0564995,No Collision Stated
None,EDSA,None,None,"No Accident Factor, Rear-end, 0.0 drivers_injured, 0.0 drivers_killed, 0.0 passengers_injured, 0.0 passengers_killed, 0.0 pedestrian_injured, 0.0 pedestrian_killed, Fair (Day), EDSA Connecticut (SB) San Juan",MMDA Road Safety Unit,,0321a0c6-b4ae-40ea-9b0c-f5bb286d7fbe,2016-05-17,00:10:00,P. Tuazon Blvd.  EDSA U-Turn Slot Quezon City,0,0,0,0,0,0,0,0,0,0,2016-05-17 8:10,Property,14.6073898,121.0564995,Rear-End
None,EDSA,None,None,"No Accident Factor, No Collision Stated (based on Police Blotter Book), 1.0 drivers_injured, 0.0 drivers_killed, 0.0 passengers_injured, 0.0 passengers_killed, 0.0 pedestrian_injured, 0.0 pedestrian_killed, Fair (Night), EDSA Annapolis (SB) San Juan",MMDA Road Safety Unit,,4bf642eb-290a-4125-bdbe-56fbd1cd71a6,2016-05-16,11:55:00,P. Tuazon Blvd. EDSA Quezon City,0,0,0,1,0,0,0,0,0,1,2016-05-16 19:55,Injury,14.60627398,121.0571839,No Collision Stated
None,EDSA,None,None,"No Accident Factor, Multiple Collision, 1.0 drivers_injured, 0.0 drivers_killed, 0.0 passengers_injured, 0.0 passengers_killed, 0.0 pedestrian_injured, 0.0 pedestrian_killed, Fair (Day), EDSA Connecticut Street San Juan",MMDA Road Safety Unit,,58a84bfb-cc77-4012-b15a-384ecc1fbecd,2016-05-12,06:55:00,P. Tuazon Blvd. before EDSA Quezon City,0,0,0,1,0,0,0,0,0,1,2016-05-12 14:55,Injury,14.60180897,121.0592028,Multiple
None,EDSA,None,None,"No Accident Factor, Side Swipe, 0.0 drivers_injured, 0.0 drivers_killed, 0.0 passengers_injured, 0.0 passengers_killed, 0.0 pedestrian_injured, 0.0 pedestrian_killed, Fair (Day), EDSA Connecticut (SB) San Juan",MMDA Road Safety Unit,,c5070054-13eb-4fc8-8271-f6c8142d5021,2016-05-11,23:05:00,"P. Tuazon Blvd. EDSA (NB), Bgy. Socorro Quezon City",0,0,0,0,0,0,0,0,0,0,2016-05-12 7:05,Property,14.6073898,121.0564995,Side Swipe
None,EDSA,None,None,"No Accident Factor, Rear-end, 0.0 drivers_injured, 0.0 drivers_killed, 0.0 passengers_injured, 0.0 passengers_killed, 0.0 pedestrian_injured, 0.0 pedestrian_killed, Fair (Day), EDSA V.V. Soliven (SB) San Juan",MMDA Road Safety Unit,,d476bcab-9942-448e-ae4f-7e756bc2ad40,2016-05-10,01:45:00,P. Tuazon Blvd. EDSA Quezon City,0,0,0,0,0,0,0,0,0,0,2016-05-10 9:45,Property,14.60574535,121.0572876,Rear-End
None,EDSA,None,None,"No Accident Factor, Hit and Run (No Collision Stated), 0.0 drivers_injured, 0.0 drivers_killed, 0.0 passengers_injured, 0.0 passengers_killed, 0.0 pedestrian_injured, 0.0 pedestrian_killed, Fair (Day), EDSA Connecticut (SB) San Juan",MMDA Road Safety Unit,,e629fb83-6ed9-4ccc-a0c6-ad3b42feb2da,2016-05-09,23:30:00,P. Tuazon Blvd. Edsa SB  Quezon City,0,0,0,0,0,0,0,0,0,0,2016-05-10 7:30,Property,14.6073898,121.0564995,No Collision Stated
None,EDSA,None,None,"No Accident Factor, No Collision Stated (based on Police Blotter Book), 0.0 drivers_injured, 0.0 drivers_killed, 1.0 passengers_injured, 0.0 passengers_killed, 0.0 pedestrian_injured, 0.0 pedestrian_killed, Fair (Day), EDSA Annapolis St.  San Juan",MMDA Road Safety Unit,,45670b92-e7ae-41e8-b3e0-bd5aa5928396,2016-05-06,02:45:00,"P. Tuazon Blvd. EDSA, Cubao Quezon City",0,0,0,0,1,0,0,0,0,1,2016-05-06 10:45,Injury,14.60627357,121.0571345,No Collision Stated