LOCATION_TEXT,ROAD,WEATHER,LIGHT,DESC,REPORTING_AGENCY,MAIN_CAUSE,INCIDENTDETAILS_ID,DATE_UTC,TIME_UTC,ADDRESS,killed_driver,killed_passenger,killed_pedestrian,injured_driver,injured_passenger,injured_pedestrian,killed_uncategorized,injured_uncategorized,killed_total,injured_total,DATETIME_PST,SEVERITY,Y,X,COLLISION_TYPE
None,EDSA,None,None,"No Accident Factor, No Collision Stated (based on Police Blotter Book), 0.0 drivers_injured, 0.0 drivers_killed, 1.0 passengers_injured, 0.0 passengers_killed, 0.0 pedestrian_injured, 0.0 pedestrian_killed, Fair (Day), EDSA Annapolis San Juan",MMDA Road Safety Unit,,ff642524-4864-429f-ab22-5b841ec28e2b,2016-05-06,02:45:00,P. Tuazon Blvd. Edsa Quezon City,0,0,0,0,1,0,0,0,0,1,2016-05-06 10:45,Injury,14.60622606,121.0572008,No Collision Stated
None,EDSA,None,None,"No Accident Factor, Side Swipe, 0.0 drivers_injured, 0.0 drivers_killed, 0.0 passengers_injured, 0.0 passengers_killed, 0.0 pedestrian_injured, 0.0 pedestrian_killed, Fair (Night), EDSA Annapolis St. San Juan",MMDA Road Safety Unit,,1a57b7f9-d073-450e-abc3-0e6125a77b12,2016-05-03,12:30:00,P. Tuazon Blvd. EDSA SB Quezon City,0,0,0,0,0,0,0,0,0,0,2016-05-03 20:30,Property,14.60587457,121.057319,Side Swipe
None,EDSA,None,None,"No Accident Factor, Multiple Collision, 0.0 drivers_injured, 0.0 drivers_killed, 0.0 passengers_injured, 0.0 passengers_killed, 0.0 pedestrian_injured, 0.0 pedestrian_killed, Fair (Day), EDSA Connecticut St. (SB) San Juan",MMDA Road Safety Unit,,e1042af7-3cfe-40c7-b9f7-2e1fceb4c113,2016-04-20,05:15:00,"P. Tuazon Blvd. EDSA, Brgy. Socorro Quezon City",0,0,0,0,0,0,0,0,0,0,2016-04-20 13:15,Property,14.60133751,121.0592263,Multiple
None,EDSA,None,None,"No Accident Factor, Hit Object (Barrier-Plastic), 0.0 drivers_injured, 0.0 drivers_killed, 0.0 passengers_injured, 0.0 passengers_killed, 0.0 pedestrian_injured, 0.0 pedestrian_killed, Fair (Night), EDSA Annapolis St.  San Juan",MMDA Road Safety Unit,,239a562b-6da2-49f5-bdb9-ea0ae1b9bb91,2016-04-19,16:05:00,"P. Tuazon Blvd. EDSA, Brgy. Socorro Quezon City",0,0,0,0,0,0,0,0,0,0,2016-04-20 0:05,Property,14.60627357,121.0571345,Hit Object
None,EDSA,None,None,"No Accident Factor, No Collision Stated (based on Police Blotter Book), 1.0 drivers_injured, 0.0 drivers_killed, 0.0 passengers_injured, 0.0 passengers_killed, 0.0 pedestrian_injured, 0.0 pedestrian_killed, Fair (Night), EDSA Annapolis St. (SB) San Juan",MMDA Road Safety Unit,,f0c1ae32-14b3-48d0-8e75-c65a91680e43,2016-04-18,20:25:00,P. Tuazon Blvd. EDSA Quezon City,0,0,0,1,0,0,0,0,0,1,2016-04-19 4:25,Injury,14.60627357,121.0571345,No Collision Stated
None,EDSA,None,None,"No Accident Factor, Rear-end, 0.0 drivers_injured, 0.0 drivers_killed, 0.0 passengers_injured, 0.0 passengers_killed, 0.0 pedestrian_injured, 0.0 pedestrian_killed, Fair (Day), EDSA Annapolis St,  San Juan",MMDA Road Safety Unit,,4d66119d-d877-48ac-b4b4-c435570b4b4b,2016-04-08,06:30:00,P. Tuazon Blvd.  Edsa  Quezon City,0,0,0,0,0,0,0,0,0,0,2016-04-08 14:30,Property,14.60622524,121.057102,Rear-End
None,EDSA,None,None,"No Accident Factor, Side Swipe, 0.0 drivers_injured, 0.0 drivers_killed, 0.0 passengers_injured, 0.0 passengers_killed, 0.0 pedestrian_injured, 0.0 pedestrian_killed, Fair (Day), EDSA Ford, V.V. Soliven Bldg.  San Juan",MMDA Road Safety Unit,,a80b5a63-ce1e-4a5a-9bd1-5e9be576689b,2016-03-31,03:40:00,P. Tuazon Blvd. EDSA Cubao Quezon City,0,0,0,0,0,0,0,0,0,0,2016-03-31 11:40,Property,14.60279369,121.0586787,Side Swipe
None,EDSA,None,None,"No Accident Factor, Rear-end, 0.0 drivers_injured, 0.0 drivers_killed, 0.0 passengers_injured, 0.0 passengers_killed, 0.0 pedestrian_injured, 0.0 pedestrian_killed, Fair (Day), EDSA Caltex Gas Station Driveway, Connecticut Street San Juan",MMDA Road Safety Unit,,95bece80-6660-499a-a139-4b8f9c931780,2016-03-28,09:00:00,P. Tuazon Blvd. EDSA Quezon City,0,0,0,0,0,0,0,0,0,0,2016-03-28 17:00,Property,14.60177011,121.0590675,Rear-End
None,EDSA,None,None,"No Accident Factor, Side Swipe, 0.0 drivers_injured, 0.0 drivers_killed, 0.0 passengers_injured, 0.0 passengers_killed, 0.0 pedestrian_injured, 0.0 pedestrian_killed, Fair (Night), EDSA Annapolis Street San Juan",MMDA Road Safety Unit,,14078a7d-ed3d-48d5-bf99-07dc0e5e03df,2016-03-19,17:00:00,"P. Tuazon Blvd. EDSA, Bgy. Socorro, Cubao Quezon City",0,0,0,0,0,0,0,0,0,0,2016-03-20 1:00,Property,14.6060497,121.0571858,Side Swipe
None,EDSA,None,None,"No Accident Factor, Rear-end, 0.0 drivers_injured, 0.0 drivers_killed, 0.0 passengers_injured, 0.0 passengers_killed, 0.0 pedestrian_injured, 0.0 pedestrian_killed, Fair (Night), EDSA Cats Motors San Juan",MMDA Road Safety Unit,,1854f511-5ef9-4c16-b46b-a36a583e91a3,2016-03-19,11:30:00,"P. Tuazon Blvd. EDSA, Cubao Quezon City",0,0,0,0,0,0,0,0,0,0,2016-03-19 19:30,Property,14.60389478,121.0581964,Rear-End
None,EDSA,None,None,"No Accident Factor, Rear-end, 0.0 drivers_injured, 0.0 drivers_killed, 0.0 passengers_injured, 0.0 passengers_killed, 0.0 pedestrian_injured, 0.0 pedestrian_killed, Fair (Night), EDSA V. V. Soliven Bldg.  San Juan",MMDA Road Safety Unit,,8641fbc4-3136-4023-9d64-37e9471c787c,2016-03-14,13:40:00,P. Tuazon Blvd. EDSA Quezon City,0,0,0,0,0,0,0,0,0,0,2016-03-14 21:40,Property,14.60574535,121.0572876,Rear-End
None,EDSA,None,None,"No Accident Factor, Rear-end, 0.0 drivers_injured, 0.0 drivers_killed, 0.0 passengers_injured, 0.0 passengers_killed, 0.0 pedestrian_injured, 0.0 pedestrian_killed, Fair (Day), EDSA Annapolis San Juan",MMDA Road Safety Unit,,439693dc-70df-40be-a4ab-3b7d9d8d2e3b,2016-03-13,01:30:00,P. Tuazon Blvd. EDSA Quezon City,0,0,0,0,0,0,0,0,0,0,2016-03-13 9:30,Property,14.60622606,121.0572008,Rear-End
None,EDSA,None,None,"No Accident Factor, Rear-end, 0.0 drivers_injured, 0.0 drivers_killed, 0.0 passengers_injured, 0.0 passengers_killed, 0.0 pedestrian_injured, 0.0 pedestrian_killed, Fair (Day), EDSA Connecticut (SB) San Juan",MMDA Road Safety Unit,,342bdecb-4833-40d6-a457-4657b1b8d972,2016-02-19,02:05:00,P. Tuazon Blvd. EDSA Quezon City,0,0,0,0,0,0,0,0,0,0,2016-02-19 10:05,Property,14.6073898,121.0564995,Rear-End
None,EDSA,None,None,"No Accident Factor, Rear-end, 0.0 drivers_injured, 0.0 drivers_killed, 0.0 passengers_injured, 0.0 passengers_killed, 0.0 pedestrian_injured, 0.0 pedestrian_killed, Fair (Day), EDSA Annapolis (SB) San Juan",MMDA Road Safety Unit,,8d81967e-3208-4587-accf-f4223bbbd657,2016-02-15,01:35:00,P. Tuazon Blvd. EDSA Quezon City,0,0,0,0,0,0,0,0,0,0,2016-02-15 9:35,Property,14.60627398,121.0571839,Rear-End
None,EDSA,None,None,"No Accident Factor, Rear-end, 0.0 drivers_injured, 0.0 drivers_killed, 0.0 passengers_injured, 0.0 passengers_killed, 0.0 pedestrian_injured, 0.0 pedestrian_killed, Fair (Day), EDSA Connecticut (SB) San Juan",MMDA Road Safety Unit,,31b3d98b-1360-4370-aa58-5c0024ded962,2016-02-05,00:25:00,P. Tuazon Blvd. EDSA Quezon City,0,0,0,0,0,0,0,0,0,0,2016-02-05 8:25,Property,14.60154422,121.0591276,Rear-End
None,EDSA,None,None,"No Accident Factor, Side Swipe, 0.0 drivers_injured, 0.0 drivers_killed, 0.0 passengers_injured, 0.0 passengers_killed, 0.0 pedestrian_injured, 0.0 pedestrian_killed, Fair (Day), EDSA Annapolis St.  San Juan",MMDA Road Safety Unit,,fe0efcdf-8e92-4318-957a-d3bb8089c6cb,2016-01-19,02:30:00,P. Tuazon Blvd. EDSA Quezon City,0,0,0,0,0,0,0,0,0,0,2016-01-19 10:30,Property,14.60627357,121.0571345,Side Swipe
None,EDSA,None,None,"No Accident Factor, Side Swipe, 0.0 drivers_injured, 0.0 drivers_killed, 0.0 passengers_injured, 0.0 passengers_killed, 0.0 pedestrian_injured, 0.0 pedestrian_killed, Fair (Day), EDSA Annapolis St.  San Juan",MMDA Road Safety Unit,,3df3336c-a4da-4cee-b4de-cfa94740cef1,2016-01-12,05:20:00,P. Tuazon Blvd. EDSA Quezon City,0,0,0,0,0,0,0,0,0,0,2016-01-12 13:20,Property,14.60627357,121.0571345,Side Swipe
None,EDSA,None,None,"No Accident Factor, Rear-end, 0.0 drivers_injured, 0.0 drivers_killed, 0.0 passengers_injured, 0.0 passengers_killed, 0.0 pedestrian_injured, 0.0 pedestrian_killed, Fair (Day), EDSA Annapolis St.  San Juan",MMDA Road Safety Unit,,7791eca5-4d4d-4a5e-bc52-90cf53b619a1,2016-01-07,05:25:00,P. Tuazon Blvd. EDSA Quezon City,0,0,0,0,0,0,0,0,0,0,2016-01-07 13:25,Property,14.60627357,121.0571345,Rear-End
None,EDSA,None,None,"No Accident Factor, Side Swipe, 0.0 drivers_injured, 0.0 drivers_killed, 0.0 passengers_injured, 0.0 passengers_killed, 0.0 pedestrian_injured, 0.0 pedestrian_killed, Fair (Day), EDSA Connecticut St.  San Juan",MMDA Road Safety Unit,,ea559388-57c4-4a5c-b35c-1a8bbd98cc1a,2015-12-09,23:30:00,P. Tuazon Blvd. EDSA Quezon City,0,0,0,0,0,0,0,0,0,0,2015-12-10 7:30,Property,14.60190233,121.0590857,Side Swipe
None,EDSA,None,None,"No Accident Factor, Side Swipe, 0.0 drivers_injured, 0.0 drivers_killed, 0.0 passengers_injured, 0.0 passengers_killed, 0.0 pedestrian_injured, 0.0 pedestrian_killed, Fair (Day), EDSA Connecticut St.  San Juan",MMDA Road Safety Unit,,88366257-01b9-4606-a1e4-32eb5317aad0,2015-11-24,02:00:00,P. Tuazon Blvd. EDSA Quezon City,0,0,0,0,0,0,0,0,0,0,2015-11-24 10:00,Property,14.60190233,121.0590857,Side Swipe
None,EDSA,None,None,"No Accident Factor, Hit and Run (No Collision Stated), 0.0 drivers_injured, 0.0 drivers_killed, 0.0 passengers_injured, 0.0 passengers_killed, 0.0 pedestrian_injured, 0.0 pedestrian_killed, Fair (Day), EDSA Connecticut St. San Juan",MMDA Road Safety Unit,,300f8662-baf2-455f-b784-927060f873f3,2015-10-28,08:30:00,"Bgy.E. Rodriguez, Cubao  EDSA fronting Superline Bus Terminal Quezon City",0,0,0,0,0,0,0,0,0,0,2015-10-28 16:30,Property,14.6016853,121.0591462,No Collision Stated
None,EDSA,None,None,"No Accident Factor, Rear-end, 0.0 drivers_injured, 0.0 drivers_killed, 0.0 passengers_injured, 0.0 passengers_killed, 0.0 pedestrian_injured, 0.0 pedestrian_killed, Fair (Day), EDSA Connecticut St. San Juan",MMDA Road Safety Unit,,1ab1b647-6394-4d1e-80b4-a5d67cd5c643,2015-10-22,06:35:00,Balintawak Market   Quezon City,0,0,0,0,0,0,0,0,0,0,2015-10-22 14:35,Property,14.6016853,121.0591462,Rear-End
None,EDSA,None,None,"No Accident Factor, Side Swipe, 0.0 drivers_injured, 0.0 drivers_killed, 0.0 passengers_injured, 0.0 passengers_killed, 0.0 pedestrian_injured, 0.0 pedestrian_killed, Fair (Night), EDSA Annapolis St.  San Juan",MMDA Road Safety Unit,,9bc1e732-f9a2-461a-a6f5-6565cc150ab3,2015-10-07,11:15:00,Balintawak Market  Cloverleaf Quezon City,0,0,0,0,0,0,0,0,0,0,2015-10-07 19:15,Property,14.60627357,121.0571345,Side Swipe
None,EDSA,None,None,"No Accident Factor, Rear-end, 0.0 drivers_injured, 0.0 drivers_killed, 0.0 passengers_injured, 0.0 passengers_killed, 0.0 pedestrian_injured, 0.0 pedestrian_killed, Fair (Day), EDSA Annapolis St.  San Juan",MMDA Road Safety Unit,,4f3c1144-90d5-41c7-9875-13231b09f379,2015-10-03,08:25:00,Balintawak Market  Bgy. Ug Sigaw Quezon City,0,0,0,0,0,0,0,0,0,0,2015-10-03 16:25,Property,14.60627357,121.0571345,Rear-End
None,EDSA,None,None,"No Accident Factor, Rear-end, 0.0 drivers_injured, 0.0 drivers_killed, 0.0 passengers_injured, 0.0 passengers_killed, 0.0 pedestrian_injured, 0.0 pedestrian_killed, Fair (Day), EDSA Annapolis  San Juan",MMDA Road Safety Unit,,8668b0ab-828d-40b2-a713-6f23ed7a47f6,2015-09-29,05:30:00,City Bank   Quezon City,0,0,0,0,0,0,0,0,0,0,2015-09-29 13:30,Property,14.60632122,121.0570847,Rear-End
None,EDSA,None,None,"No Accident Factor, Rear-end, 0.0 drivers_injured, 0.0 drivers_killed, 0.0 passengers_injured, 0.0 passengers_killed, 0.0 pedestrian_injured, 0.0 pedestrian_killed, Fair (Day), EDSA Annapolis  San Juan",MMDA Road Safety Unit,,c7c16b24-6b7a-4f38-a06e-ecb05cd8d9cb,2015-09-25,22:45:00,Cloverleaf EDSA Balintawak Quezon City,0,0,0,0,0,0,0,0,0,0,2015-09-26 6:45,Property,14.60632122,121.0570847,Rear-End
None,EDSA,None,None,"No Accident Factor, Side Swipe, 0.0 drivers_injured, 0.0 drivers_killed, 0.0 passengers_injured, 0.0 passengers_killed, 0.0 pedestrian_injured, 0.0 pedestrian_killed, Fair (Night), EDSA Annapolis St.  San Juan",MMDA Road Safety Unit,,fb98bc10-e915-43f7-92dc-a4373f9b57c2,2015-09-25,14:00:00,Cloverleaf  EDSA Brgy Balingasa Quezon City,0,0,0,0,0,0,0,0,0,0,2015-09-25 22:00,Property,14.60627357,121.0571345,Side Swipe
None,EDSA,None,None,"No Accident Factor, Angle Impact, 0.0 drivers_injured, 0.0 drivers_killed, 0.0 passengers_injured, 0.0 passengers_killed, 0.0 pedestrian_injured, 0.0 pedestrian_killed, Fair (Day), EDSA Caltex Gas Station Connecticut St.  San Juan",MMDA Road Safety Unit,,7f12d2ce-0b65-4ae9-bd77-b60cccbb9a89,2015-09-10,06:00:00,Cloverleaf  EDSA Southbound Brgy Balingasa Quezon City,0,0,0,0,0,0,0,0,0,0,2015-09-10 14:00,Property,14.60181201,121.0590245,Angle Impact
None,EDSA,None,None,"No Accident Factor, Rear-end, 0.0 drivers_injured, 0.0 drivers_killed, 0.0 passengers_injured, 0.0 passengers_killed, 0.0 pedestrian_injured, 0.0 pedestrian_killed, Fair (Night), EDSA Annapolis St. San Juan",MMDA Road Safety Unit,,e28be679-4a7f-4d23-9b3d-2eb623e2905d,2015-09-07,15:20:00,"Cloverleaf before EDSA, Bgy. Balingasa Quezon City",0,0,0,0,0,0,0,0,0,0,2015-09-07 23:20,Property,14.60587457,121.057319,Rear-End
None,EDSA,None,None,"No Accident Factor, Hit and Run (Side Swipe), 1.0 drivers_injured, 0.0 drivers_killed, 0.0 passengers_injured, 0.0 passengers_killed, 0.0 pedestrian_injured, 0.0 pedestrian_killed, Fair (Night), EDSA Annapolis St. San Juan",MMDA Road Safety Unit,,6bc00d5d-bfb8-4654-a59b-dfead4fd51ac,2015-08-25,15:50:00,"Cloverleaf before EDSA, Bgy. Ug Sigaw Quezon City",0,0,0,1,0,0,0,0,0,1,2015-08-25 23:50,Injury,14.60587457,121.057319,Side Swipe
None,EDSA,None,None,"No Accident Factor, Side Swipe, 0.0 drivers_injured, 0.0 drivers_killed, 0.0 passengers_injured, 0.0 passengers_killed, 0.0 pedestrian_injured, 0.0 pedestrian_killed, Fair (Night), EDSA Connecticut St. San Juan",MMDA Road Safety Unit,,e59265e3-239c-4d44-b66c-7da1e42c98c6,2015-07-31,11:00:00,"Cloverleaf EDSA (SB), Bgy. Balingasa Quezon City",0,0,0,0,0,0,0,0,0,0,2015-07-31 19:00,Property,14.6016853,121.0591462,Side Swipe
None,EDSA,None,None,"No Accident Factor, Side Swipe, 0.0 drivers_injured, 0.0 drivers_killed, 0.0 passengers_injured, 0.0 passengers_killed, 0.0 pedestrian_injured, 0.0 pedestrian_killed, Fair (Day), EDSA Connecticut St. San Juan",MMDA Road Safety Unit,,2d29d075-fd3a-450d-8864-c7076c08c6ca,2015-07-29,04:30:00,"Cloverleaf EDSA (SB), Bgy. Balingasa Quezon City",0,0,0,0,0,0,0,0,0,0,2015-07-29 12:30,Property,14.6016853,121.0591462,Side Swipe
None,EDSA,None,None,"No Accident Factor, Rear-end, 0.0 drivers_injured, 0.0 drivers_killed, 0.0 passengers_injured, 0.0 passengers_killed, 0.0 pedestrian_injured, 0.0 pedestrian_killed, Fair (Night), EDSA Annapolis St. San Juan",MMDA Road Safety Unit,,ca796b88-f7dd-45b0-8b18-95345de08560,2015-07-23,11:45:00,"Cloverleaf EDSA, Bgy. Ug Sigaw Quezon City",0,0,0,0,0,0,0,0,0,0,2015-07-23 19:45,Property,14.60587457,121.057319,Rear-End
None,EDSA,None,None,"No Accident Factor, Side Swipe, 0.0 drivers_injured, 0.0 drivers_killed, 0.0 passengers_injured, 0.0 passengers_killed, 0.0 pedestrian_injured, 0.0 pedestrian_killed, Fair (Day), EDSA Annapolis St. San Juan",MMDA Road Safety Unit,,6477e042-b713-4cf2-b14b-7b8ebff75557,2015-07-23,00:30:00,Cloverleaf EDSA S/B Bgy.Balingasa Quezon City,0,0,0,0,0,0,0,0,0,0,2015-07-23 8:30,Property,14.60587457,121.057319,Side Swipe
None,EDSA,None,None,"No Accident Factor, Rear-end, 0.0 drivers_injured, 0.0 drivers_killed, 0.0 passengers_injured, 0.0 passengers_killed, 0.0 pedestrian_injured, 0.0 pedestrian_killed, Fair (Day), EDSA Annapolis St. San Juan",MMDA Road Safety Unit,,f6b513a0-2625-4275-b506-f6fa104a6d9e,2015-07-19,07:30:00,"Cloverleaf EDSA, Bgy. Ug Sigaw Quezon City",0,0,0,0,0,0,0,0,0,0,2015-07-19 15:30,Property,14.60587457,121.057319,Rear-End
None,EDSA,None,None,"No Accident Factor, Rear-end, 0.0 drivers_injured, 0.0 drivers_killed, 0.0 passengers_injured, 0.0 passengers_killed, 0.0 pedestrian_injured, 0.0 pedestrian_killed, Fair (Day), EDSA V.V. Soliven Bldg.  San Juan",MMDA Road Safety Unit,,280a72ac-2598-4c6f-bc5c-5b23653c409a,2015-06-30,04:05:00,Cloverleaf EDSA Quezon City,0,0,0,0,0,0,0,0,0,0,2015-06-30 12:05,Property,14.60574535,121.0572876,Rear-End
None,EDSA,None,None,"No Accident Factor, Rear-end, 0.0 drivers_injured, 0.0 drivers_killed, 0.0 passengers_injured, 0.0 passengers_killed, 0.0 pedestrian_injured, 0.0 pedestrian_killed, Fair (Day), EDSA Annapolis St. San Juan",MMDA Road Safety Unit,,9679e6eb-92c6-4971-81fa-4164a6ddaf60,2015-06-28,01:10:00,"Cloverleaf EDSA., Bgy. Ug Sigaw Quezon City",0,0,0,0,0,0,0,0,0,0,2015-06-28 9:10,Property,14.60587457,121.057319,Rear-End
None,EDSA,None,None,"No Accident Factor, Rear-end, 0.0 drivers_injured, 0.0 drivers_killed, 0.0 passengers_injured, 0.0 passengers_killed, 0.0 pedestrian_injured, 0.0 pedestrian_killed, Fair (Day), EDSA Annapolis St. San Juan",MMDA Road Safety Unit,,4c48be3d-899c-4363-9f48-6a88259ad1f9,2015-05-15,01:30:00,Cloverleaf EDSA Near A. Bonifacio Ave. Quezon City,0,0,0,0,0,0,0,0,0,0,2015-05-15 9:30,Property,14.60587457,121.057319,Rear-End
None,EDSA,None,None,"No Accident Factor, Rear-end, 0.0 drivers_injured, 0.0 drivers_killed, 0.0 passengers_injured, 0.0 passengers_killed, 0.0 pedestrian_injured, 0.0 pedestrian_killed, Fair (Night), EDSA Connecticut St. San Juan",MMDA Road Safety Unit,,06a2c933-ba01-4a12-b38a-20b4f39da2a5,2015-04-23,14:45:00,"Bonifacio Monumento Circle, SM Hypermarket Caloocan",0,0,0,0,0,0,0,0,0,0,2015-04-23 22:45,Property,14.6016853,121.0591462,Rear-End
None,EDSA,None,None,"No Accident Factor, Side Swipe, 0.0 drivers_injured, 0.0 drivers_killed, 0.0 passengers_injured, 0.0 passengers_killed, 0.0 pedestrian_injured, 0.0 pedestrian_killed, Fair (Day), EDSA Connecticut St. San Juan",MMDA Road Safety Unit,,dc588ea6-45b3-41e5-aec2-611b3ebf12a2,2015-04-23,05:00:00,Bonifacio Monumento Circle Caloocan,0,0,0,0,0,0,0,0,0,0,2015-04-23 13:00,Property,14.6016853,121.0591462,Side Swipe
None,EDSA,None,None,"No Accident Factor, Side Swipe, 0.0 drivers_injured, 0.0 drivers_killed, 0.0 passengers_injured, 0.0 passengers_killed, 0.0 pedestrian_injured, 0.0 pedestrian_killed, Fair (Night), EDSA Annapolis St. San Juan",MMDA Road Safety Unit,,f3b8482c-edda-42f1-8e3c-f24b3f2904e1,2015-04-13,11:45:00,"Bonifacio Monumento Circle, North West Quadrant Caloocan",0,0,0,0,0,0,0,0,0,0,2015-04-13 19:45,Property,14.60587457,121.057319,Side Swipe
None,EDSA,None,None,"No Accident Factor, Hit Object (No Object Stated), 0.0 drivers_injured, 0.0 drivers_killed, 0.0 passengers_injured, 0.0 passengers_killed, 0.0 pedestrian_injured, 0.0 pedestrian_killed, Fair (Day), EDSA Annapolis St. San Juan",MMDA Road Safety Unit,,c01c33b1-1c97-46b6-a618-821abb279559,2015-04-05,00:30:00,Bonifacio Monumento Circle Caloocan,0,0,0,0,0,0,0,0,0,0,2015-04-05 8:30,Property,14.60587457,121.057319,Hit Object
None,EDSA,None,None,"No Accident Factor, Side Swipe, 0.0 drivers_injured, 0.0 drivers_killed, 0.0 passengers_injured, 0.0 passengers_killed, 0.0 pedestrian_injured, 0.0 pedestrian_killed, Fair (Day), EDSA Annapolis St. San Juan",MMDA Road Safety Unit,,86cbe34a-4fba-418e-be6e-9fafd01402d2,2015-04-04,01:20:00,"Bonifacio Monumento Circle, NorthWest Quadrant Caloocan",0,0,0,0,0,0,0,0,0,0,2015-04-04 9:20,Property,14.60587457,121.057319,Side Swipe
None,EDSA,None,None,"No Accident Factor, No Collision Stated (based on Police Blotter Book), 1.0 drivers_injured, 0.0 drivers_killed, 0.0 passengers_injured, 0.0 passengers_killed, 0.0 pedestrian_injured, 0.0 pedestrian_killed, Fair (Day), EDSA V.V. Soliven Bldg. San Juan",MMDA Road Safety Unit,,ed2fcecd-f35f-4277-87dc-7b075f6c8a50,2015-03-28,22:30:00,"Bonifacio Monumento Circle, Hypermarket Caloocan",0,0,0,1,0,0,0,0,0,1,2015-03-29 6:30,Injury,14.60574535,121.0572876,No Collision Stated
None,EDSA,None,None,"No Accident Factor, No Collision Stated (based on Police Blotter Book), 0.0 drivers_injured, 0.0 drivers_killed, 0.0 passengers_injured, 0.0 passengers_killed, 0.0 pedestrian_injured, 0.0 pedestrian_killed, Fair (Day), EDSA Annapolis St. San Juan",MMDA Road Safety Unit,,1355a00c-4f90-49f2-92be-49fdd0b3f44c,2015-03-28,03:10:00,"Bonifacio Monumento Circle, North West Quadrant Caloocan",0,0,0,0,0,0,0,0,0,0,2015-03-28 11:10,Property,14.60587457,121.057319,No Collision Stated
None,EDSA,None,None,"No Accident Factor, Hit and Run (No Collision Stated), 0.0 drivers_injured, 0.0 drivers_killed, 0.0 passengers_injured, 0.0 passengers_killed, 0.0 pedestrian_injured, 0.0 pedestrian_killed, Fair (Day), EDSA Annapolis St. San Juan",MMDA Road Safety Unit,,c976dec5-0c4f-47ec-aac1-e1bcbe2f679a,2015-03-07,06:20:00,"Bonifacio Monumento Circle, North West Quadrant Caloocan",0,0,0,0,0,0,0,0,0,0,2015-03-07 14:20,Property,14.60587457,121.057319,No Collision Stated
None,EDSA,None,None,"No Accident Factor, No Collision Stated (based on Police Blotter Book), 0.0 drivers_injured, 0.0 drivers_killed, 0.0 passengers_injured, 0.0 passengers_killed, 0.0 pedestrian_injured, 0.0 pedestrian_killed, Fair (Day), EDSA V.V. Soliven Bldg. San Juan",MMDA Road Safety Unit,,4d630e4f-7ba5-4edf-acac-788cb609e88e,2015-02-17,23:00:00,Bonifacio Monumento Circle Caloocan,0,0,0,0,0,0,0,0,0,0,2015-02-18 7:00,Property,14.60574535,121.0572876,No Collision Stated
None,EDSA,None,None,"No Accident Factor, Rear-end, 0.0 drivers_injured, 0.0 drivers_killed, 0.0 passengers_injured, 0.0 passengers_killed, 0.0 pedestrian_injured, 0.0 pedestrian_killed, Fair (Day), EDSA Annapolis St. San Juan",MMDA Road Safety Unit,,91d3290f-10ca-4abc-9fc8-f332ca67d25b,2015-01-29,00:20:00,"Bonifacio Monumento Circle, NorthWest Quadrant Caloocan",0,0,0,0,0,0,0,0,0,0,2015-01-29 8:20,Property,14.60587457,121.057319,Rear-End
None,EDSA,None,None,"No Accident Factor, Rear-end, 0.0 drivers_injured, 0.0 drivers_killed, 0.0 passengers_injured, 0.0 passengers_killed, 0.0 pedestrian_injured, 0.0 pedestrian_killed, Fair (Day), EDSA Connecticut St. San Juan",MMDA Road Safety Unit,,77f53e3a-62dc-473b-a094-e2715be11ef0,2015-01-20,23:30:00,"Bonifacio Monumento Circle, Mercury Drug Store  Caloocan",0,0,0,0,0,0,0,0,0,0,2015-01-21 7:30,Property,14.6016853,121.0591462,Rear-End
None,EDSA,None,None,"No Accident Factor, Side Swipe, 0.0 drivers_injured, 0.0 drivers_killed, 0.0 passengers_injured, 0.0 passengers_killed, 0.0 pedestrian_injured, 0.0 pedestrian_killed, Fair (Day), EDSA Annapolis St. San Juan",MMDA Road Safety Unit,,b0ef0b52-9e60-4217-9172-3e4a47a5f80a,2015-01-12,00:00:00,Bonifacio Monumento Circle Caloocan,0,0,0,0,0,0,0,0,0,0,2015-01-12 8:00,Property,14.60587457,121.057319,Side Swipe
None,EDSA,None,None,"No Accident Factor, Rear-end, 0.0 drivers_injured, 0.0 drivers_killed, 0.0 passengers_injured, 0.0 passengers_killed, 0.0 pedestrian_injured, 0.0 pedestrian_killed, Fair (Night), EDSA Annapolis St.  San Juan",MMDA Road Safety Unit,,5ff23d54-359c-4886-85b1-84b5fbedc9bb,2014-12-23,03:00:00,Bonifacio Monumento Circle Caloocan,0,0,0,0,0,0,0,0,0,0,2014-12-23 11:00,Property,14.60627357,121.0571345,Rear-End
None,EDSA,None,None,"No Accident Factor, Angle Impact, 0.0 drivers_injured, 0.0 drivers_killed, 0.0 passengers_injured, 0.0 passengers_killed, 0.0 pedestrian_injured, 0.0 pedestrian_killed, Fair (Day), EDSA Annapolis St.  San Juan",MMDA Road Safety Unit,,0b08e971-fe51-4227-8abf-5c35b2a45acd,2014-12-03,03:45:00,"Bonifacio Monumento Circle, North West Quadrant Caloocan",0,0,0,0,0,0,0,0,0,0,2014-12-03 11:45,Property,14.60627357,121.0571345,Angle Impact
None,EDSA,None,None,"No Accident Factor, Side Swipe, 0.0 drivers_injured, 0.0 drivers_killed, 0.0 passengers_injured, 0.0 passengers_killed, 0.0 pedestrian_injured, 0.0 pedestrian_killed, Fair (Day), EDSA V.V. Soliven Bldg.  San Juan",MMDA Road Safety Unit,,1a514c3c-de58-4905-bf0a-7df847d0c4ff,2014-12-02,06:45:00,"Bonifacio Monumento Circle, North East Quadrant Caloocan",0,0,0,0,0,0,0,0,0,0,2014-12-02 14:45,Property,14.60574535,121.0572876,Side Swipe