LOCATION_TEXT,ROAD,WEATHER,LIGHT,DESC,REPORTING_AGENCY,MAIN_CAUSE,INCIDENTDETAILS_ID,DATE_UTC,TIME_UTC,ADDRESS,killed_driver,killed_passenger,killed_pedestrian,injured_driver,injured_passenger,injured_pedestrian,killed_uncategorized,injured_uncategorized,killed_total,injured_total,DATETIME_PST,SEVERITY,Y,X,COLLISION_TYPE
None,EDSA,None,None,"No Accident Factor, Rear-end, 0.0 drivers_injured, 0.0 drivers_killed, 0.0 passengers_injured, 0.0 passengers_killed, 0.0 pedestrian_injured, 0.0 pedestrian_killed, Fair (Day), EDSA Connecticut St.  San Juan",MMDA Road Safety Unit,,88ceee36-5cc5-4a2b-b9ee-b2e5a40979e9,2014-11-28,05:30:00,Bonifacio Monumento Circle Caloocan,0,0,0,0,0,0,0,0,0,0,2014-11-28 13:30,Property,14.60190233,121.0590857,Rear-End
None,EDSA,None,None,"No Accident Factor, Angle Impact, 0.0 drivers_injured, 0.0 drivers_killed, 0.0 passengers_injured, 0.0 passengers_killed, 0.0 pedestrian_injured, 0.0 pedestrian_killed, Fair (Day), EDSA Annapolis St.  San Juan",MMDA Road Safety Unit,,05359ea5-eaf8-4876-b2a3-f3acc2e815cd,2014-11-28,01:20:00,Bonifacio Monumento Circle Caloocan,0,0,0,0,0,0,0,0,0,0,2014-11-28 9:20,Property,14.60627357,121.0571345,Angle Impact
None,EDSA,None,None,"No Accident Factor, No Collision Stated (based on Police Blotter Book), 0.0 drivers_injured, 0.0 drivers_killed, 0.0 passengers_injured, 0.0 passengers_killed, 0.0 pedestrian_injured, 0.0 pedestrian_killed, Fair (Day), EDSA  Caltex Gas Station  San Juan",MMDA Road Safety Unit,,e02601c9-c7a3-4ba2-8b25-bf46329f6178,2014-11-09,03:00:00,Bonifacio Monumento Circle Caloocan,0,0,0,0,0,0,0,0,0,0,2014-11-09 11:00,Property,14.60181542,121.0589793,No Collision Stated
None,EDSA,None,None,"No Accident Factor, No Collision Stated (based on Police Blotter Book), 0.0 drivers_injured, 0.0 drivers_killed, 1.0 passengers_injured, 0.0 passengers_killed, 0.0 pedestrian_injured, 0.0 pedestrian_killed, Fair (Day), EDSA Annapolis St.  San Juan",MMDA Road Safety Unit,,39fd68dd-d919-49f2-a497-39dbf8d2e365,2014-11-05,23:40:00,"Bonifacio Monumento Circle, Araneta Avenue Caloocan",0,0,0,0,1,0,0,0,0,1,2014-11-06 7:40,Injury,14.60627357,121.0571345,No Collision Stated
None,EDSA,None,None,"No Accident Factor, Rear-end, 0.0 drivers_injured, 0.0 drivers_killed, 0.0 passengers_injured, 0.0 passengers_killed, 0.0 pedestrian_injured, 0.0 pedestrian_killed, Fair (Day), EDSA Annpolis St.  San Juan",MMDA Road Safety Unit,,995ff379-51c1-4877-84ea-4216c1c48b3d,2014-10-23,22:45:00,Bonifacio Monumento Circle Caloocan,0,0,0,0,0,0,0,0,0,0,2014-10-24 6:45,Property,14.6060497,121.0571858,Rear-End
None,EDSA,None,None,"No Accident Factor, Multiple Collision, 0.0 drivers_injured, 0.0 drivers_killed, 1.0 passengers_injured, 0.0 passengers_killed, 0.0 pedestrian_injured, 0.0 pedestrian_killed, Fair (Day), EDSA V.V. Soliven Bldg. Annapolis St.  San Juan",MMDA Road Safety Unit,,3d7c5f90-134e-490f-90b3-3bd49e2635a2,2014-10-10,09:15:00,"Bonifacio Monumento Circle, South Quadrant Caloocan",0,0,0,0,1,0,0,0,0,1,2014-10-10 17:15,Injury,14.60574535,121.0572876,Multiple
None,EDSA,None,None,"No Accident Factor, Side Swipe, 0.0 drivers_injured, 0.0 drivers_killed, 0.0 passengers_injured, 0.0 passengers_killed, 0.0 pedestrian_injured, 0.0 pedestrian_killed, Fair (Day), EDSA Annapolis St.  San Juan",MMDA Road Safety Unit,,c5004543-addd-4bc2-beb5-2ce7379e6b76,2014-10-10,06:10:00,"Bonifacio Memorial Circle, SM Hypermarket Caloocan",0,0,0,0,0,0,0,0,0,0,2014-10-10 14:10,Property,14.60627357,121.0571345,Side Swipe
None,EDSA,None,None,"No Accident Factor, Rear-end, 0.0 drivers_injured, 0.0 drivers_killed, 0.0 passengers_injured, 0.0 passengers_killed, 0.0 pedestrian_injured, 0.0 pedestrian_killed, Fair (Day), EDSA Annapolis St.  San Juan",MMDA Road Safety Unit,,dd8913f0-61ad-4cf3-be92-5b0f5a7d79d1,2014-10-09,23:00:00,Bonifacio Monumento Circle Caloocan,0,0,0,0,0,0,0,0,0,0,2014-10-10 7:00,Property,14.60627357,121.0571345,Rear-End
None,EDSA,None,None,"No Accident Factor, Rear-end, 0.0 drivers_injured, 0.0 drivers_killed, 0.0 passengers_injured, 0.0 passengers_killed, 0.0 pedestrian_injured, 0.0 pedestrian_killed, Fair (Night), EDSA Annapolis St.  San Juan",MMDA Road Safety Unit,,c5b5c980-a27c-4493-aa94-ed7153fb7738,2014-09-29,10:30:00,Bonifacio Monumento Circle Caloocan,0,0,0,0,0,0,0,0,0,0,2014-09-29 18:30,Property,14.60627357,121.0571345,Rear-End
None,EDSA,None,None,"No Accident Factor, Rear-end, 0.0 drivers_injured, 0.0 drivers_killed, 0.0 passengers_injured, 0.0 passengers_killed, 0.0 pedestrian_injured, 0.0 pedestrian_killed, Fair (Day), EDSA Annapolis St.  San Juan",MMDA Road Safety Unit,,cc4152c9-73fa-4c00-97cb-e3c3a8c23998,2014-09-26,07:00:00,Bonifacio Monumento Circle Caloocan,0,0,0,0,0,0,0,0,0,0,2014-09-26 15:00,Property,14.60627357,121.0571345,Rear-End
None,EDSA,None,None,"No Accident Factor, Hit and Run (Side Swipe), 0.0 drivers_injured, 0.0 drivers_killed, 0.0 passengers_injured, 0.0 passengers_killed, 0.0 pedestrian_injured, 0.0 pedestrian_killed, Fair (Day), EDSA Annapolis St.  San Juan",MMDA Road Safety Unit,,5bfe8a63-791b-433e-b5a5-0f3d74c2932c,2014-09-24,23:30:00,Bonifacio Monumento Circle Caloocan,0,0,0,0,0,0,0,0,0,0,2014-09-25 7:30,Property,14.60627357,121.0571345,Side Swipe
None,EDSA,None,None,"No Accident Factor, No Collision Stated (based on Police Blotter Book), 0.0 drivers_injured, 0.0 drivers_killed, 0.0 passengers_injured, 0.0 passengers_killed, 0.0 pedestrian_injured, 0.0 pedestrian_killed, Fair (Night), EDSA Annapolis St.  San Juan",MMDA Road Safety Unit,,ba0ee05e-4647-4f4f-aa40-d93f50b5565f,2014-09-22,22:50:00,Bonifacio Monumento Circle Caloocan,0,0,0,0,0,0,0,0,0,0,2014-09-23 6:50,Property,14.60627357,121.0571345,No Collision Stated
None,EDSA,None,None,"No Accident Factor, Rear-end, 0.0 drivers_injured, 0.0 drivers_killed, 0.0 passengers_injured, 0.0 passengers_killed, 0.0 pedestrian_injured, 0.0 pedestrian_killed, Fair (Day), EDSA Connecticut St. San Juan",MMDA Road Safety Unit,,1fbda00b-be7c-4fd3-87d0-13834a164972,2014-08-25,05:30:00,Bonifacio Monumento Circle Caloocan,0,0,0,0,0,0,0,0,0,0,2014-08-25 13:30,Property,14.6016853,121.0591462,Rear-End
None,EDSA,None,None,"No Accident Factor, Hit and Run (Side Swipe), 0.0 drivers_injured, 0.0 drivers_killed, 0.0 passengers_injured, 0.0 passengers_killed, 0.0 pedestrian_injured, 0.0 pedestrian_killed, Fair (Night), EDSA Ford Motors San Juan",MMDA Road Safety Unit,,83eca0bd-644e-46e6-a722-7ad1c7443338,2014-08-22,13:00:00,Bonifacio Monumento Circle Caloocan,0,0,0,0,0,0,0,0,0,0,2014-08-22 21:00,Property,14.60279369,121.0586787,Side Swipe
None,EDSA,None,None,"No Accident Factor, Side Swipe, 0.0 drivers_injured, 0.0 drivers_killed, 0.0 passengers_injured, 0.0 passengers_killed, 0.0 pedestrian_injured, 0.0 pedestrian_killed, Fair (Day), EDSA Annapolis St. San Juan",MMDA Road Safety Unit,,18804b0c-3390-45f0-b8a1-be57056c6f1e,2014-08-22,00:40:00,"Bonifacio Memorial Circle, Araneta Square Caloocan",0,0,0,0,0,0,0,0,0,0,2014-08-22 8:40,Property,14.60587457,121.057319,Side Swipe
None,EDSA,None,None,"No Accident Factor, Rear-end, 0.0 drivers_injured, 0.0 drivers_killed, 0.0 passengers_injured, 0.0 passengers_killed, 0.0 pedestrian_injured, 0.0 pedestrian_killed, Fair (Day), EDSA Annapolis St. San Juan",MMDA Road Safety Unit,,1d92f01a-f71e-4713-9bf7-9e5706a82b98,2014-08-11,00:45:00,"Bonifacio Memorial Circle, SM Hypermarket Caloocan",0,0,0,0,0,0,0,0,0,0,2014-08-11 8:45,Property,14.60587457,121.057319,Rear-End
None,EDSA,None,None,"No Accident Factor, Multiple Collision, 0.0 drivers_injured, 0.0 drivers_killed, 0.0 passengers_injured, 0.0 passengers_killed, 0.0 pedestrian_injured, 0.0 pedestrian_killed, Fair (Night), EDSA V. V. Soliven Bldg. San Juan",MMDA Road Safety Unit,,0ce293b0-0c90-44be-8bea-be0e2f61577a,2014-06-29,06:00:00,Bonifacio Memorial Circle Caloocan,0,0,0,0,0,0,0,0,0,0,2014-06-29 14:00,Property,14.60574535,121.0572876,Multiple
None,EDSA,None,None,"No Accident Factor, Hit and Run (No Collision Stated), 1.0 drivers_injured, 0.0 drivers_killed, 0.0 passengers_injured, 0.0 passengers_killed, 0.0 pedestrian_injured, 0.0 pedestrian_killed, Fair (Night), EDSA Annapolis St.  San Juan",MMDA Road Safety Unit,,bf2591cd-6b73-41d5-8328-17f20c1e3372,2014-06-28,18:00:00,Bonifacio Memorial Circle Caloocan,0,0,0,1,0,0,0,0,0,1,2014-06-29 2:00,Injury,14.60627357,121.0571345,No Collision Stated
None,EDSA,None,None,"No Accident Factor, Side Swipe, 0.0 drivers_injured, 0.0 drivers_killed, 0.0 passengers_injured, 0.0 passengers_killed, 0.0 pedestrian_injured, 0.0 pedestrian_killed, Fair (Night), EDSA Annapolis St.  San Juan",MMDA Road Safety Unit,,caf42920-d29d-4e1d-8665-97f95c7df890,2014-06-26,11:30:00,"Bonifacio Monumento Circle, SM Hypermarket Caloocan",0,0,0,0,0,0,0,0,0,0,2014-06-26 19:30,Property,14.60627357,121.0571345,Side Swipe
None,EDSA,None,None,"No Accident Factor, Rear-end, 0.0 drivers_injured, 0.0 drivers_killed, 0.0 passengers_injured, 0.0 passengers_killed, 0.0 pedestrian_injured, 0.0 pedestrian_killed, Fair (Night), EDSA Annapolis St. San Juan",MMDA Road Safety Unit,,c8bdc033-894d-47a0-b90a-89c512ddf2b1,2014-06-23,09:30:00,Bonifacio Monumento Circle Caloocan,0,0,0,0,0,0,0,0,0,0,2014-06-23 17:30,Property,14.60587457,121.057319,Rear-End
None,EDSA,None,None,"No Accident Factor, Hit and Run (No Collision Stated), 0.0 drivers_injured, 0.0 drivers_killed, 0.0 passengers_injured, 0.0 passengers_killed, 0.0 pedestrian_injured, 0.0 pedestrian_killed, Fair (Night), EDSA Annapolis Street San Juan",MMDA Road Safety Unit,,fd6cb299-aaf5-4ad5-aa73-7a3f21ab85b4,2014-04-21,12:30:00,"Bonifacio Monumento Circle, East Quadrant, Ukay-Ukay Store Caloocan",0,0,0,0,0,0,0,0,0,0,2014-04-21 20:30,Property,14.6060497,121.0571858,No Collision Stated
None,EDSA,None,None,"No Accident Factor, Side Swipe, 0.0 drivers_injured, 0.0 drivers_killed, 0.0 passengers_injured, 0.0 passengers_killed, 0.0 pedestrian_injured, 0.0 pedestrian_killed, Fair (Day), EDSA Anapolis Street  San Juan",MMDA Road Safety Unit,,4c262bee-cd3e-4b6c-a75c-24f7d3774a77,2014-04-16,07:35:00,Bonifacio Monumento Circle Caloocan,0,0,0,0,0,0,0,0,0,0,2014-04-16 15:35,Property,14.60624153,121.0571348,Side Swipe
None,EDSA,None,None,"No Accident Factor, Multiple Collision, 0.0 drivers_injured, 0.0 drivers_killed, 0.0 passengers_injured, 0.0 passengers_killed, 0.0 pedestrian_injured, 0.0 pedestrian_killed, Fair (Night), EDSA Annapolis Street  San Juan",MMDA Road Safety Unit,,c8dfab25-f0e4-47e6-a985-d503a7ddae09,2014-03-28,18:30:00,Bonifacio Monumento Circle Caloocan,0,0,0,0,0,0,0,0,0,0,2014-03-29 2:30,Property,14.6060497,121.0571858,Multiple
None,EDSA,None,None,"No Accident Factor, Side Swipe, 0.0 drivers_injured, 0.0 drivers_killed, 0.0 passengers_injured, 0.0 passengers_killed, 0.0 pedestrian_injured, 0.0 pedestrian_killed, Fair (Night), EDSA Annapolis Street  San Juan",MMDA Road Safety Unit,,10bc000e-7acd-4250-8809-f5f687f0ef70,2014-03-28,13:10:00,Bonifacio Memorial Circle Caloocan,0,0,0,0,0,0,0,0,0,0,2014-03-28 21:10,Property,14.6060497,121.0571858,Side Swipe
None,EDSA,None,None,"No Accident Factor, Rear-end, 0.0 drivers_injured, 0.0 drivers_killed, 0.0 passengers_injured, 0.0 passengers_killed, 0.0 pedestrian_injured, 0.0 pedestrian_killed, Fair (Night), EDSA Connecticut Street  San Juan",MMDA Road Safety Unit,,11a3f317-0ba5-4ddb-84e4-bf1f8f374b38,2014-03-28,12:15:00,"Bonifacio Memorial Circle (Southeast Quadrant), Bgy. 86 Caloocan",0,0,0,0,0,0,0,0,0,0,2014-03-28 20:15,Property,14.60180897,121.0592028,Rear-End
None,EDSA,None,None,"No Accident Factor, Rear-end, 0.0 drivers_injured, 0.0 drivers_killed, 0.0 passengers_injured, 0.0 passengers_killed, 0.0 pedestrian_injured, 0.0 pedestrian_killed, Fair (Night), EDSA Annapolis Street San Juan",MMDA Road Safety Unit,,bb12e35d-299d-443c-b4b3-8bc4b7d7eb6c,2014-02-15,10:15:00,"Bonifacio Memorial Circle, Araneta Square Dept., Store Caloocan",0,0,0,0,0,0,0,0,0,0,2014-02-15 18:15,Property,14.6060497,121.0571858,Rear-End
None,EDSA,None,None,"No Accident Factor, Rear-end, 0.0 drivers_injured, 0.0 drivers_killed, 0.0 passengers_injured, 0.0 passengers_killed, 0.0 pedestrian_injured, 0.0 pedestrian_killed, Fair (Day), EDSA before Annapolis Street  San Juan",MMDA Road Safety Unit,,369b1187-4a18-4c5e-a4c3-4250a58e2fd4,2014-01-27,00:20:00,"Bonifacio Memorial Circle (Southwest Quadrant, Araneta Square) Caloocan",0,0,0,0,0,0,0,0,0,0,2014-01-27 8:20,Property,14.60647547,121.0569593,Rear-End
None,EDSA,None,None,"No Accident Factor, Side Swipe, 0.0 drivers_injured, 0.0 drivers_killed, 0.0 passengers_injured, 0.0 passengers_killed, 0.0 pedestrian_injured, 0.0 pedestrian_killed, Fair (Night), EDSA Florida Street  San Juan",MMDA Road Safety Unit,,721dd283-db57-4efd-b32d-3a0e93b25246,2014-01-21,10:45:00,Bonifacio Memorial Circle (SM Hypermarket) Caloocan,0,0,0,0,0,0,0,0,0,0,2014-01-21 18:45,Property,14.59425323,121.0585727,Side Swipe
None,EDSA,None,None,"No Accident Factor, Rear-end, 0.0 drivers_injured, 0.0 drivers_killed, 0.0 passengers_injured, 0.0 passengers_killed, 0.0 pedestrian_injured, 0.0 pedestrian_killed, Fair (Day), EDSA Annapolis Street  San Juan",MMDA Road Safety Unit,,5f968935-d262-42b5-8bcd-1de66d7c415c,2014-01-21,02:40:00,Bonifacio Memorial Circle Caloocan,0,0,0,0,0,0,0,0,0,0,2014-01-21 10:40,Property,14.6060497,121.0571858,Rear-End
None,EDSA,None,None,"No Accident Factor, Angle Impact, 0.0 drivers_injured, 0.0 drivers_killed, 0.0 passengers_injured, 0.0 passengers_killed, 0.0 pedestrian_injured, 0.0 pedestrian_killed, Fair (Day), EDSA Annapoles Street  San Juan",MMDA Road Safety Unit,,cab548ef-df3d-44e2-874e-6dcd65664568,2014-01-17,00:15:00,"Bonifacio Memorial Circle, Jollibee Caloocan",0,0,0,0,0,0,0,0,0,0,2014-01-17 8:15,Property,14.60624139,121.0571184,Angle Impact
None,EDSA,None,None,"No Accident Factor, No Collision Stated (based on Police Blotter Book), 0.0 drivers_injured, 0.0 drivers_killed, 0.0 passengers_injured, 0.0 passengers_killed, 0.0 pedestrian_injured, 0.0 pedestrian_killed, Fair (Day), EDSA Annapolis St., Bgy. Greenhills San Juan",MMDA Road Safety Unit,,56e180d0-6a91-4b09-afbe-d4c1df05beae,2013-11-26,22:30:00,Bonifacio Memorial Circle Caloocan,0,0,0,0,0,0,0,0,0,0,2013-11-27 6:30,Property,14.60616252,121.0572671,No Collision Stated
None,EDSA,None,None,"No Accident Factor, Angle Impact, 0.0 drivers_injured, 0.0 drivers_killed, 0.0 passengers_injured, 0.0 passengers_killed, 0.0 pedestrian_injured, 0.0 pedestrian_killed, Fair (Day), EDSA Annapolis St., Bgy. Greenhills San Juan",MMDA Road Safety Unit,,4480e53f-50ca-460e-ac7d-a6b17e3d8a9c,2013-11-24,22:10:00,Bonifacio Memorial Circle (SM Hypermart) Caloocan,0,0,0,0,0,0,0,0,0,0,2013-11-25 6:10,Property,14.60616252,121.0572671,Angle Impact
None,EDSA,None,None,"No Accident Factor, Hit Parked Vehicle, 0.0 drivers_injured, 0.0 drivers_killed, 0.0 passengers_injured, 0.0 passengers_killed, 0.0 pedestrian_injured, 0.0 pedestrian_killed, Fair (Night), EDSA Connecticut San Juan",MMDA Road Safety Unit,,540fc8e4-0342-4b7d-a911-8f845ec1387d,2013-11-21,12:10:00,Bonifacio Memorial Circle Caloocan,0,0,0,0,0,0,0,0,0,0,2013-11-21 20:10,Property,14.6073898,121.0564995,Hit Object
None,EDSA,None,None,"No Accident Factor, No Collision Stated (based on Police Blotter Book), 0.0 drivers_injured, 0.0 drivers_killed, 0.0 passengers_injured, 0.0 passengers_killed, 0.0 pedestrian_injured, 0.0 pedestrian_killed, Fair (Day), EDSA Annapolis St. San Juan",MMDA Road Safety Unit,,610ac5db-a41a-456c-abe6-93622b3cea29,2013-11-20,23:30:00,Bonifacio Memorial Circle (SM Hypermart) Caloocan,0,0,0,0,0,0,0,0,0,0,2013-11-21 7:30,Property,14.60587457,121.057319,No Collision Stated
None,EDSA,None,None,"No Accident Factor, No Collision Stated (based on Police Blotter Book), 0.0 drivers_injured, 0.0 drivers_killed, 0.0 passengers_injured, 0.0 passengers_killed, 0.0 pedestrian_injured, 0.0 pedestrian_killed, Fair (Night), EDSA Annapolis Street San Juan",MMDA Road Safety Unit,,36da0be2-7768-4200-9d16-7a6157347ebc,2013-09-09,11:30:00,Bonifacio Memorial Circle (SM Hypermart) Caloocan,0,0,0,0,0,0,0,0,0,0,2013-09-09 19:30,Property,14.6060497,121.0571858,No Collision Stated
None,EDSA,None,None,"No Accident Factor, No Collision Stated (based on Police Blotter Book), 0.0 drivers_injured, 0.0 drivers_killed, 0.0 passengers_injured, 0.0 passengers_killed, 0.0 pedestrian_injured, 0.0 pedestrian_killed, Fair (Day), EDSA Annapolis Street San Juan",MMDA Road Safety Unit,,00e515f7-2453-4776-98b8-114c77c5df96,2013-09-06,00:35:00,Bonifacio Memorial Circle (SM Hypermarket) Caloocan,0,0,0,0,0,0,0,0,0,0,2013-09-06 8:35,Property,14.6060497,121.0571858,No Collision Stated
None,EDSA,None,None,"No Accident Factor, Rear-end, 0.0 drivers_injured, 0.0 drivers_killed, 0.0 passengers_injured, 0.0 passengers_killed, 0.0 pedestrian_injured, 0.0 pedestrian_killed, Fair (Day), EDSA Annapolis St. San Juan",MMDA Road Safety Unit,,b228449f-dbbd-4adb-8685-b9afc2729f68,2013-08-28,23:00:00,Bonifacio Memorial Circle Caloocan,0,0,0,0,0,0,0,0,0,0,2013-08-29 7:00,Property,14.60587457,121.057319,Rear-End
None,EDSA,None,None,"No Accident Factor, Rear-end, 0.0 drivers_injured, 0.0 drivers_killed, 0.0 passengers_injured, 0.0 passengers_killed, 0.0 pedestrian_injured, 0.0 pedestrian_killed, Fair (Night), EDSA Annapolis St. San Juan",MMDA Road Safety Unit,,a1e3f67c-9cec-40a8-b621-8660ea295b11,2013-07-27,14:15:00,Bonifacio Memorial Circle Caloocan,0,0,0,0,0,0,0,0,0,0,2013-07-27 22:15,Property,14.60587457,121.057319,Rear-End
None,EDSA,None,None,"No Accident Factor, Hit and Run (No Collision Stated), 0.0 drivers_injured, 0.0 drivers_killed, 0.0 passengers_injured, 0.0 passengers_killed, 0.0 pedestrian_injured, 0.0 pedestrian_killed, Fair (Day), EDSA fronting V. V. Soliven Bldg. San Juan",MMDA Road Safety Unit,,753d7589-66f5-46c6-8eb7-39d512fdae8b,2013-07-23,07:45:00,Bonifacio Memorial Circle (SM Hypermart) Caloocan,0,0,0,0,0,0,0,0,0,0,2013-07-23 15:45,Property,14.60529448,121.0574909,No Collision Stated
None,EDSA,None,None,"No Accident Factor, Rear-end, 0.0 drivers_injured, 0.0 drivers_killed, 0.0 passengers_injured, 0.0 passengers_killed, 0.0 pedestrian_injured, 0.0 pedestrian_killed, Fair (Day), EDSA Annapolis St. San Juan",MMDA Road Safety Unit,,f16fa6dc-6ced-4b48-85b5-cba36d275190,2013-05-22,04:40:00,Bonifacio Memorial Circle (SM Hypermart) Caloocan,0,0,0,0,0,0,0,0,0,0,2013-05-22 12:40,Property,14.60587457,121.057319,Rear-End
None,EDSA,None,None,"No Accident Factor, Rear-end, 0.0 drivers_injured, 0.0 drivers_killed, 0.0 passengers_injured, 0.0 passengers_killed, 0.0 pedestrian_injured, 0.0 pedestrian_killed, Fair (Day), EDSA Connecticut St. San Juan",MMDA Road Safety Unit,,111ae1a4-a3cf-4ccd-896f-6577a20d85d6,2013-03-07,01:30:00,Bonifacio Memorial Circle Caloocan,0,0,0,0,0,0,0,0,0,0,2013-03-07 9:30,Property,14.6016853,121.0591462,Rear-End
None,EDSA,None,None,"No Accident Factor, Rear-end, 1.0 drivers_injured, 0.0 drivers_killed, 0.0 passengers_injured, 0.0 passengers_killed, 0.0 pedestrian_injured, 0.0 pedestrian_killed, Fair (Day), EDSA Connecticut St. San Juan",MMDA Road Safety Unit,,85f6bda2-8353-4260-8c13-0025bead6b79,2013-02-19,05:25:00,Bonifacio Memorial Circle Caloocan,0,0,0,1,0,0,0,0,0,1,2013-02-19 13:25,Injury,14.6016853,121.0591462,Rear-End
None,EDSA,None,None,"No Accident Factor, No Collision Stated (based on Police Blotter Book), 0.0 drivers_injured, 0.0 drivers_killed, 0.0 passengers_injured, 0.0 passengers_killed, 0.0 pedestrian_injured, 0.0 pedestrian_killed, Fair (Day), EDSA Annapolis St. San Juan",MMDA Road Safety Unit,,6228a138-063d-4516-9341-5f49bb1d6f96,2013-01-07,06:20:00,"Bonifacio Memorial Circle, 81 Caloocan",0,0,0,0,0,0,0,0,0,0,2013-01-07 14:20,Property,14.60587457,121.057319,No Collision Stated
None,EDSA,None,None,"No Accident Factor, Rear-end, 0.0 drivers_injured, 0.0 drivers_killed, 1.0 passengers_injured, 0.0 passengers_killed, 0.0 pedestrian_injured, 0.0 pedestrian_killed, Fair (Night), EDSA Annapolis St. San Juan",MMDA Road Safety Unit,,587b637b-5eab-454b-8fe1-0a351ce3c8a2,2013-01-06,20:30:00,Bonifacio Memorial Circle Northeast Quadrant (Cebuana Lhullier) Caloocan,0,0,0,0,1,0,0,0,0,1,2013-01-07 4:30,Injury,14.60587457,121.057319,Rear-End
None,EDSA,None,None,"No Accident Factor, Rear-end, 0.0 drivers_injured, 0.0 drivers_killed, 0.0 passengers_injured, 0.0 passengers_killed, 0.0 pedestrian_injured, 0.0 pedestrian_killed, Fair (Day), EDSA Annapolis St. San Juan",MMDA Road Safety Unit,,f84bfab1-44df-4933-92e0-d7e9b157f6f1,2012-12-15,00:00:00,Bonifacio Memorial Circle (Araneta Square) Caloocan,0,0,0,0,0,0,0,0,0,0,2012-12-15 8:00,Property,14.60587457,121.057319,Rear-End
None,EDSA,None,None,"No Accident Factor, Rear-end, 0.0 drivers_injured, 0.0 drivers_killed, 0.0 passengers_injured, 0.0 passengers_killed, 0.0 pedestrian_injured, 0.0 pedestrian_killed, Fair (Day), EDSA before Annapolis St. San Juan",MMDA Road Safety Unit,,79644695-c211-4751-94aa-325908b68ab8,2012-11-27,06:00:00,Bonifacio Memorial Circle Northwest Quadrant (SM Hypermarket) Caloocan,0,0,0,0,0,0,0,0,0,0,2012-11-27 14:00,Property,14.60647547,121.0569593,Rear-End
None,EDSA,None,None,"No Accident Factor, Side Swipe, 0.0 drivers_injured, 0.0 drivers_killed, 0.0 passengers_injured, 0.0 passengers_killed, 0.0 pedestrian_injured, 0.0 pedestrian_killed, Fair (Night), EDSA Annapolis St. San Juan",MMDA Road Safety Unit,,17af6a43-caae-4609-b646-287d00696cd8,2012-10-17,11:25:00,Bonifacio Memorial Circle Caloocan,0,0,0,0,0,0,0,0,0,0,2012-10-17 19:25,Property,14.60587457,121.057319,Side Swipe
None,EDSA,None,None,"No Accident Factor, Rear-end, 0.0 drivers_injured, 0.0 drivers_killed, 0.0 passengers_injured, 0.0 passengers_killed, 0.0 pedestrian_injured, 0.0 pedestrian_killed, Fair (Day), Edsa  Annapolis St.  San Juan",MMDA Road Safety Unit,,6f6cb59b-54e0-4fa5-9e87-e48815357c3f,2012-09-20,04:25:00,Bonifacio Memorial Circle SM Caloocan,0,0,0,0,0,0,0,0,0,0,2012-09-20 12:25,Property,14.60624098,121.057069,Rear-End
None,EDSA,None,None,"No Accident Factor, Side Swipe, 0.0 drivers_injured, 0.0 drivers_killed, 0.0 passengers_injured, 0.0 passengers_killed, 0.0 pedestrian_injured, 0.0 pedestrian_killed, Fair (Day), Edsa  Annapolis St. San Juan",MMDA Road Safety Unit,,ed089db5-5233-4f36-a644-6da912d41632,2012-09-19,08:15:00,"Bonifacio Memorial Circle, Araneta Square Caloocan",0,0,0,0,0,0,0,0,0,0,2012-09-19 16:15,Property,14.60624098,121.057069,Side Swipe
None,EDSA,None,None,"No Accident Factor, Angle Impact, 0.0 drivers_injured, 0.0 drivers_killed, 0.0 passengers_injured, 0.0 passengers_killed, 0.0 pedestrian_injured, 0.0 pedestrian_killed, Fair (Day), Edsa  Annapolis St. San Juan",MMDA Road Safety Unit,,69d66c2b-6619-4bd7-94f9-9fe7498ce27f,2012-09-17,23:45:00,Bonifacio Memorial Circle Caloocan,0,0,0,0,0,0,0,0,0,0,2012-09-18 7:45,Property,14.60624098,121.057069,Angle Impact
None,EDSA,None,None,"No Accident Factor, Hit and Run (No Collision Stated), 0.0 drivers_injured, 0.0 drivers_killed, 0.0 passengers_injured, 0.0 passengers_killed, 0.0 pedestrian_injured, 0.0 pedestrian_killed, Fair (Day), EDSA Annapolis Street San Juan",MMDA Road Safety Unit,,669c8ae1-5e4b-4726-b634-0831fb45ef29,2012-09-06,00:50:00,Bonifacio Monumento Circle Caloocan,0,0,0,0,0,0,0,0,0,0,2012-09-06 8:50,Property,14.6060497,121.0571858,No Collision Stated
None,EDSA,None,None,"No Accident Factor, No Collision Stated (based on Police Blotter Book), 0.0 drivers_injured, 0.0 drivers_killed, 0.0 passengers_injured, 0.0 passengers_killed, 0.0 pedestrian_injured, 0.0 pedestrian_killed, Fair (Day), EDSA Annapolis Street San Juan",MMDA Road Safety Unit,,881d6e3f-b97f-4c2a-ae9a-9ca70f755926,2012-08-06,02:00:00,Bonifacio Monumento Circle Caloocan,0,0,0,0,0,0,0,0,0,0,2012-08-06 10:00,Property,14.6060497,121.0571858,No Collision Stated
None,EDSA,None,None,"No Accident Factor, Rear-end, 0.0 drivers_injured, 0.0 drivers_killed, 0.0 passengers_injured, 0.0 passengers_killed, 0.0 pedestrian_injured, 0.0 pedestrian_killed, Fair (Day), EDSA Connecticut Street San Juan",MMDA Road Safety Unit,,7628bc10-2fc5-4f20-b9b6-2cb6d6051ca7,2012-07-28,01:30:00,NLEX Caloocan,0,0,0,0,0,0,0,0,0,0,2012-07-28 9:30,Property,14.60180897,121.0592028,Rear-End