LOCATION_TEXT,ROAD,WEATHER,LIGHT,DESC,REPORTING_AGENCY,MAIN_CAUSE,INCIDENTDETAILS_ID,DATE_UTC,TIME_UTC,ADDRESS,killed_driver,killed_passenger,killed_pedestrian,injured_driver,injured_passenger,injured_pedestrian,killed_uncategorized,injured_uncategorized,killed_total,injured_total,DATETIME_PST,SEVERITY,Y,X,COLLISION_TYPE
None,EDSA,None,None,"No Accident Factor, Rear-end, 0.0 drivers_injured, 0.0 drivers_killed, 0.0 passengers_injured, 0.0 passengers_killed, 0.0 pedestrian_injured, 0.0 pedestrian_killed, Fair (Day), EDSA Connecticut Street San Juan",MMDA Road Safety Unit,,d426abf2-648f-474f-aa79-4ed95cf6aa2f,2012-07-26,23:20:00,Bonifacio Monumento Circle Caloocan,0,0,0,0,0,0,0,0,0,0,2012-07-27 7:20,Property,14.60180897,121.0592028,Rear-End
None,EDSA,None,None,"No Accident Factor, No Collision Stated (based on Police Blotter Book), 0.0 drivers_injured, 0.0 drivers_killed, 0.0 passengers_injured, 0.0 passengers_killed, 0.0 pedestrian_injured, 0.0 pedestrian_killed, Fair (Day), EDSA Annapolis Street San Juan",MMDA Road Safety Unit,,4cf8edf9-83b5-487d-88a9-e97e2f0629be,2012-07-18,09:30:00,Bonifacio Monumento Circle Caloocan,0,0,0,0,0,0,0,0,0,0,2012-07-18 17:30,Property,14.6060497,121.0571858,No Collision Stated
None,EDSA,None,None,"No Accident Factor, Side Swipe, 0.0 drivers_injured, 0.0 drivers_killed, 0.0 passengers_injured, 0.0 passengers_killed, 0.0 pedestrian_injured, 0.0 pedestrian_killed, Fair (Night), EDSA Annapolis St. San Juan",MMDA Road Safety Unit,,8afaf7dc-f32e-4a23-9f53-796ed1402cb8,2012-06-21,15:30:00,"Bonifacio Monumento Circle, Bgy. 86 Caloocan",0,0,0,0,0,0,0,0,0,0,2012-06-21 23:30,Property,14.60587457,121.057319,Side Swipe
None,EDSA,None,None,"No Accident Factor, Angle Impact, 0.0 drivers_injured, 0.0 drivers_killed, 0.0 passengers_injured, 0.0 passengers_killed, 0.0 pedestrian_injured, 0.0 pedestrian_killed, Fair (Night), EDSA Connecticut St. San Juan",MMDA Road Safety Unit,,445be7c2-cd42-4dc9-8408-fbb73302ab52,2012-06-08,18:30:00,Bonifacio Monumento Circle Caloocan,0,0,0,0,0,0,0,0,0,0,2012-06-09 2:30,Property,14.6016853,121.0591462,Angle Impact
None,EDSA,None,None,"No Accident Factor, Angle Impact, 0.0 drivers_injured, 0.0 drivers_killed, 0.0 passengers_injured, 0.0 passengers_killed, 0.0 pedestrian_injured, 0.0 pedestrian_killed, Fair (Day), EDSA Annapolis St. San Juan",MMDA Road Safety Unit,,2266d8aa-c745-45b8-a87c-5ee7a1b64acd,2012-06-06,05:30:00,"Bonifacio Monumento Circle, SM Hypermart Caloocan",0,0,0,0,0,0,0,0,0,0,2012-06-06 13:30,Property,14.60587457,121.057319,Angle Impact
None,EDSA,None,None,"No Accident Factor, No Collision Stated (based on Police Blotter Book), 0.0 drivers_injured, 0.0 drivers_killed, 1.0 passengers_injured, 0.0 passengers_killed, 0.0 pedestrian_injured, 0.0 pedestrian_killed, Fair (Night), EDSA Annapolis St. San Juan",MMDA Road Safety Unit,,b11c8c19-890c-40cc-a2be-f89ac564935b,2012-05-19,11:45:00,Bonifacio Monumento Circle Caloocan,0,0,0,0,1,0,0,0,0,1,2012-05-19 19:45,Injury,14.60587457,121.057319,No Collision Stated
None,EDSA,None,None,"No Accident Factor, No Collision Stated (based on Police Blotter Book), 0.0 drivers_injured, 0.0 drivers_killed, 0.0 passengers_injured, 0.0 passengers_killed, 0.0 pedestrian_injured, 0.0 pedestrian_killed, Fair (Day), EDSA Annapolis St. - Connecticut St. San Juan",MMDA Road Safety Unit,,66015d60-58b3-4795-9939-b78ae9028dfd,2012-03-12,08:30:00,Bonifacio Memorial Circle Caloocan,0,0,0,0,0,0,0,0,0,0,2012-03-12 16:30,Property,14.60421391,121.0579917,No Collision Stated
None,EDSA,None,None,"Unknown, Rear-end, 0.0 drivers_injured, 0.0 drivers_killed, 0.0 passengers_injured, 0.0 passengers_killed, 0.0 pedestrian_injured, 0.0 pedestrian_killed, Fair (Day), EDSA Approaching Kamayan Rest.  San Juan",MMDA Road Safety Unit,,cc98c6ef-2a1d-47c1-8d20-633c29d11498,2011-07-05,06:50:00,Bonifacio Memorial Circle Caloocan,0,0,0,0,0,0,0,0,0,0,2011-07-05 14:50,Property,14.59829917,121.0595902,Rear-End
None,EDSA,None,None,"Unknown, Rear-end, 0.0 drivers_injured, 0.0 drivers_killed, 0.0 passengers_injured, 0.0 passengers_killed, 0.0 pedestrian_injured, 0.0 pedestrian_killed, Fair (Day), EDSA Connecticut St. San Juan",MMDA Road Safety Unit,,2aa95d31-0d1d-4097-8a83-f3a3b88e0028,2011-04-30,06:15:00,Bonifacio Memorial Circle Caloocan,0,0,0,0,0,0,0,0,0,0,2011-04-30 14:15,Property,14.6016853,121.0591462,Rear-End
None,EDSA,None,None,"Unknown, Side Swipe, 1.0 drivers_injured, 0.0 drivers_killed, 0.0 passengers_injured, 0.0 passengers_killed, 0.0 pedestrian_injured, 0.0 pedestrian_killed, Fair, EDSA fronting V.V. Soliven San Juan",MMDA Road Safety Unit,,58e4a61a-69a2-438c-8af0-67b14a8fe933,2010-10-26,11:00:00,Bonifacio Memorial Center (SM Hypermarket) Caloocan,0,0,0,1,0,0,0,0,0,1,2010-10-26 19:00,Injury,14.60529448,121.0574909,Side Swipe
None,EDSA,None,None,"Unknown, Hit Object (No Object Stated), 0.0 drivers_injured, 0.0 drivers_killed, 0.0 passengers_injured, 0.0 passengers_killed, 0.0 pedestrian_injured, 0.0 pedestrian_killed, Fair, EDSA Annapolis St. San Juan",MMDA Road Safety Unit,,c2afafff-4b83-4f79-ba0b-067ba1b78024,2010-10-05,02:15:00,Bonifacio Memorial Center (SM Hypermarket) Caloocan,0,0,0,0,0,0,0,0,0,0,2010-10-05 10:15,Property,14.60587457,121.057319,Hit Object
None,EDSA,None,None,"Unknown, Side Swipe, 0.0 drivers_injured, 0.0 drivers_killed, 0.0 passengers_injured, 0.0 passengers_killed, 0.0 pedestrian_injured, 0.0 pedestrian_killed, Fair, EDSA Connecticut St. San Juan",MMDA Road Safety Unit,,d773cb10-f15f-4ce3-b115-734f3fe4586f,2010-08-27,03:05:00,Bonifacio Memorial Center Caloocan,0,0,0,0,0,0,0,0,0,0,2010-08-27 11:05,Property,14.6016853,121.0591462,Side Swipe
None,EDSA,None,None,"Unknown, Angle Impact, 0.0 drivers_injured, 0.0 drivers_killed, 0.0 passengers_injured, 0.0 passengers_killed, 0.0 pedestrian_injured, 0.0 pedestrian_killed, Fair, EDSA  after Connecticut  St. San Juan",MMDA Road Safety Unit,,7a92bdf2-4be6-4043-89b8-edcd67b09dba,2010-08-15,12:10:00,Bonifacio Memorial Center Caloocan,0,0,0,0,0,0,0,0,0,0,2010-08-15 20:10,Property,14.60161327,121.059108,Angle Impact
None,EDSA,None,None,"Unknown, Rear-end, 0.0 drivers_injured, 0.0 drivers_killed, 0.0 passengers_injured, 0.0 passengers_killed, 0.0 pedestrian_injured, 0.0 pedestrian_killed, Fair, EDSA Annapolis St.  San Juan",MMDA Road Safety Unit,,84619fc5-bdfe-48c5-aba2-9be502ac17c7,2010-08-13,09:30:00,Bonifacio Memorial Center Caloocan,0,0,0,0,0,0,0,0,0,0,2010-08-13 17:30,Property,14.60627357,121.0571345,Rear-End
None,EDSA,None,None,"Unknown, Rear-end, 0.0 drivers_injured, 0.0 drivers_killed, 0.0 passengers_injured, 0.0 passengers_killed, 0.0 pedestrian_injured, 0.0 pedestrian_killed, Fair, EDSA fronting V. V. Soliven Bldg. San Juan",MMDA Road Safety Unit,,e31b6254-eca5-4f59-bc09-290778552f20,2010-07-27,08:35:00,"Bonifacio Memorial Center, 78 Caloocan",0,0,0,0,0,0,0,0,0,0,2010-07-27 16:35,Property,14.60529448,121.0574909,Rear-End
None,EDSA,None,None,"Unknown, Rear-end, 0.0 drivers_injured, 0.0 drivers_killed, 0.0 passengers_injured, 0.0 passengers_killed, 0.0 pedestrian_injured, 0.0 pedestrian_killed, Fair, EDSA Annapolis St., after Camp Crame  San Juan",MMDA Road Safety Unit,,00147ce9-1cae-4e50-bcfd-5e5084042e0d,2010-07-25,06:45:00,"Bonifacio Memorial Center, 86 Caloocan",0,0,0,0,0,0,0,0,0,0,2010-07-25 14:45,Property,14.6073898,121.0564995,Rear-End
None,EDSA,None,None,"Unknown, Rear-end, 0.0 drivers_injured, 0.0 drivers_killed, 0.0 passengers_injured, 0.0 passengers_killed, 0.0 pedestrian_injured, 0.0 pedestrian_killed, Fair, EDSA fronting Kamayan Restaurant San Juan",MMDA Road Safety Unit,,5a2aac5a-9bc6-44c0-8f70-fee5005b27d8,2010-07-14,04:40:00,Bonifacio Memorial Center Caloocan,0,0,0,0,0,0,0,0,0,0,2010-07-14 12:40,Property,14.59820755,121.0596386,Rear-End
None,EDSA,None,None,"Unknown, Hit and Run (No Collision Stated), 0.0 drivers_injured, 0.0 drivers_killed, 0.0 passengers_injured, 0.0 passengers_killed, 0.0 pedestrian_injured, 0.0 pedestrian_killed, Dry, EDSA Connecticut St. San Juan",MMDA Road Safety Unit,,904b5f83-6736-4891-9e20-929646df7242,2010-05-26,04:15:00,Bonifacio Memorial Center Southeast Quadrant Caloocan,0,0,0,0,0,0,0,0,0,0,2010-05-26 12:15,Property,14.6016853,121.0591462,No Collision Stated
None,EDSA,None,None,"Unknown, Rear-end, 0.0 drivers_injured, 0.0 drivers_killed, 0.0 passengers_injured, 0.0 passengers_killed, 0.0 pedestrian_injured, 0.0 pedestrian_killed, Dry, EDSA fronting Kamayan Restaurant San Juan",MMDA Road Safety Unit,,2d1a637a-0bda-425b-b165-bf8587c9e2c8,2010-05-13,11:30:00,Bonifacio Memorial Center Caloocan,0,0,0,0,0,0,0,0,0,0,2010-05-13 19:30,Property,14.59820755,121.0596386,Rear-End
None,EDSA,None,None,"Unknown, Side Swipe, 0.0 drivers_injured, 0.0 drivers_killed, 0.0 passengers_injured, 0.0 passengers_killed, 0.0 pedestrian_injured, 0.0 pedestrian_killed, Dry, EDSA fronting V.V. Soliven  San Juan",MMDA Road Safety Unit,,94e1f225-74cc-4914-a58b-657c349d5e42,2010-04-30,04:00:00,Bonifacio Memorial Center Caloocan,0,0,0,0,0,0,0,0,0,0,2010-04-30 12:00,Property,14.60529448,121.0574909,Side Swipe
None,EDSA,None,None,"Unknown, Self-Accident, 0.0 drivers_injured, 0.0 drivers_killed, 0.0 passengers_injured, 0.0 passengers_killed, 0.0 pedestrian_injured, 0.0 pedestrian_killed, Dry, EDSA Annapolis St. / Hyundai San Juan",MMDA Road Safety Unit,,50d226bc-3be1-44bb-a0d6-10fa41d705f1,2010-01-05,17:30:00,Bonifacio Memorial Center Caloocan,0,0,0,0,0,0,0,0,0,0,2010-01-06 1:30,Property,14.60569875,121.0573699,Self-Accident
None,EDSA,None,None,"Unknown, Side Swipe, 0.0 drivers_injured, 0.0 drivers_killed, 0.0 passengers_injured, 0.0 passengers_killed, 0.0 pedestrian_injured, 0.0 pedestrian_killed, Fair (Day), EDSA after Annapolis St.  San Juan",MMDA Road Safety Unit,,22c434a1-f043-4463-9576-acf051b402f2,2009-12-16,03:05:00,Bonifacio Memorial Center Caloocan,0,0,0,0,0,0,0,0,0,0,2009-12-16 11:05,Property,14.60604956,121.0571694,Side Swipe
None,EDSA,None,None,"Unknown, Rear-end, 0.0 drivers_injured, 0.0 drivers_killed, 0.0 passengers_injured, 0.0 passengers_killed, 0.0 pedestrian_injured, 0.0 pedestrian_killed, Fair (Night), EDSA near Connecticut St. San Juan",MMDA Road Safety Unit,,0077efe0-37b9-4891-9f9f-381f188dd237,2009-09-12,11:00:00,Bonifacio Memorial Center Caloocan,0,0,0,0,0,0,0,0,0,0,2009-09-12 19:00,Property,14.60157817,121.0592023,Rear-End
None,EDSA,None,None,"Unknown, Hit object (No Object Stated), 0.0 drivers_injured, 0.0 drivers_killed, 0.0 passengers_injured, 0.0 passengers_killed, 0.0 pedestrian_injured, 0.0 pedestrian_killed, Fair (Night), EDSA Connecticut St. San Juan",MMDA Road Safety Unit,,0be8308c-e0ee-44d8-a798-55e2c2d5349d,2009-09-11,21:30:00,"Bonifacio Memorial Center, 78 Caloocan",0,0,0,0,0,0,0,0,0,0,2009-09-12 5:30,Property,14.6016853,121.0591462,Hit Object
None,EDSA,None,None,"Unknown, Angle Impact, 0.0 drivers_injured, 0.0 drivers_killed, 0.0 passengers_injured, 0.0 passengers_killed, 0.0 pedestrian_injured, 0.0 pedestrian_killed, Fair (Day), EDSA Connecticut St. San Juan",MMDA Road Safety Unit,,478e7421-c60c-4941-8fa7-a5ff7868c6cc,2009-09-11,06:45:00,"Bonifacio Memorial Center, 86 Caloocan",0,0,0,0,0,0,0,0,0,0,2009-09-11 14:45,Property,14.6016853,121.0591462,Angle Impact
None,EDSA,None,None,"Unknown, Angle Impact, 0.0 drivers_injured, 0.0 drivers_killed, 0.0 passengers_injured, 0.0 passengers_killed, 0.0 pedestrian_injured, 0.0 pedestrian_killed, Fair (Night), EDSA Connecticut St. San Juan",MMDA Road Safety Unit,,1aa50614-43fd-40bc-ab0b-ef5f2bc71c70,2009-08-20,11:00:00,Bonifacio Memorial Center Caloocan,0,0,0,0,0,0,0,0,0,0,2009-08-20 19:00,Property,14.6016853,121.0591462,Angle Impact
None,EDSA,None,None,"Unknown, Angle Impact, 0.0 drivers_injured, 0.0 drivers_killed, 0.0 passengers_injured, 0.0 passengers_killed, 0.0 pedestrian_injured, 0.0 pedestrian_killed, Fair (Night), EDSA Connecticut St. San Juan",MMDA Road Safety Unit,,7c1f0928-4aa5-4c7d-af28-8000d2c2367b,2009-07-27,14:30:00,"Bonifacio Memorial Center, 78 Caloocan",0,0,0,0,0,0,0,0,0,0,2009-07-27 22:30,Property,14.6016853,121.0591462,Angle Impact
None,EDSA,None,None,"Human Error, Hit and Run (No Collision Stated), 1.0 drivers_injured, 0.0 drivers_killed, 1.0 passengers_injured, 0.0 passengers_killed, 0.0 pedestrian_injured, 0.0 pedestrian_killed, Fair (Night), EDSA fronting V. V Soliven Bldg. San Juan",MMDA Road Safety Unit,,c7392159-beec-4709-a440-40e018822439,2009-04-11,20:00:00,"Bonifacio Memorial Center, 36 Caloocan",0,0,0,1,1,0,0,0,0,2,2009-04-12 4:00,Injury,14.6073898,121.0564995,No Collision Stated
None,EDSA,None,None,"Human Error, Side Swipe, 0.0 drivers_injured, 0.0 drivers_killed, 0.0 passengers_injured, 0.0 passengers_killed, 0.0 pedestrian_injured, 0.0 pedestrian_killed, Dry, EDSA V.V.Soliven Bldg San Juan",MMDA Road Safety Unit,,fff57d0b-eb51-46e6-b980-4e812e018c0a,2008-10-24,03:00:00,Bonifacio Memorial Center Caloocan,0,0,0,0,0,0,0,0,0,0,2008-10-24 11:00,Property,14.60574535,121.0572876,Side Swipe
None,EDSA,None,None,"Human Error, Hit object (No Object Stated), 0.0 drivers_injured, 0.0 drivers_killed, 0.0 passengers_injured, 0.0 passengers_killed, 0.0 pedestrian_injured, 0.0 pedestrian_killed, Dry, EDSA Hyundai Parking Area San Juan",MMDA Road Safety Unit,,75797872-4ef4-4c4f-b311-e249274698e8,2008-08-25,05:45:00,Bonifacio Memorial Center Caloocan,0,0,0,0,0,0,0,0,0,0,2008-08-25 13:45,Property,14.6073898,121.0564995,Hit Object
None,EDSA,None,None,"Unknown, Hit object (No Object Stated), 0.0 drivers_injured, 0.0 drivers_killed, 0.0 passengers_injured, 0.0 passengers_killed, 0.0 pedestrian_injured, 0.0 pedestrian_killed, Dry, EDSA Connecticut St. San Juan",MMDA Road Safety Unit,,bd4d18b4-f587-41eb-92e7-72dc55fc02d7,2008-06-23,22:00:00,Bonifacio Memorial Center Caloocan,0,0,0,0,0,0,0,0,0,0,2008-06-24 6:00,Property,14.6016853,121.0591462,Hit Object
None,EDSA,None,None,"Other, Hit object (No Object Stated), 0.0 drivers_injured, 0.0 drivers_killed, 0.0 passengers_injured, 0.0 passengers_killed, 0.0 pedestrian_injured, 0.0 pedestrian_killed, Dry, EDSA Connecticut St. San Juan",MMDA Road Safety Unit,,a92074b1-5a03-4d2d-af1c-75193fb08e7b,2008-04-14,14:05:00,"Bonifacio Memorial Center, 78 Caloocan",0,0,0,0,0,0,0,0,0,0,2008-04-14 22:05,Property,14.6016853,121.0591462,Hit Object
None,EDSA,None,None,"Other, Self-Accident, 0.0 drivers_injured, 0.0 drivers_killed, 2.0 passengers_injured, 0.0 passengers_killed, 0.0 pedestrian_injured, 0.0 pedestrian_killed, Dry, EDSA Connecticut St. San Juan",MMDA Road Safety Unit,,42280604-6ac1-41a5-b1bd-3e2c507dc202,2007-10-30,05:30:00,Bonifacio Memorial Center Caloocan,0,0,0,0,2,0,0,0,0,2,2007-10-30 13:30,Injury,14.6016853,121.0591462,Self-Accident
None,EDSA,None,None,"Human Error, Side Swipe, 1.0 drivers_injured, 0.0 drivers_killed, 0.0 passengers_injured, 0.0 passengers_killed, 0.0 pedestrian_injured, 0.0 pedestrian_killed, Dry, EDSA Annapolis St. San Juan",MMDA Road Safety Unit,,e990a2df-bd91-407f-8ed4-b6ebfafbfcc2,2007-10-13,11:45:00,Bonifacio Memorial Center Caloocan,0,0,0,1,0,0,0,0,0,1,2007-10-13 19:45,Injury,14.60587457,121.057319,Side Swipe
None,EDSA,None,None,"Human Error, Hit object (No Object Stated), 0.0 drivers_injured, 0.0 drivers_killed, 0.0 passengers_injured, 0.0 passengers_killed, 0.0 pedestrian_injured, 0.0 pedestrian_killed, Dry, EDSA Connecticut St. San Juan",MMDA Road Safety Unit,,320ac4dd-f285-41fb-a839-89ce0c047e17,2007-09-25,18:30:00,Bonifacio Memorial Center Northwest Quadrant  Caloocan,0,0,0,0,0,0,0,0,0,0,2007-09-26 2:30,Property,14.60170798,121.059096,Hit Object
None,EDSA,None,None,"Human Error, Angle Impact, 0.0 drivers_injured, 0.0 drivers_killed, 0.0 passengers_injured, 0.0 passengers_killed, 0.0 pedestrian_injured, 0.0 pedestrian_killed, Dry, EDSA Connecticut St. San Juan",MMDA Road Safety Unit,,8344e154-6190-49f4-ad1d-029cfe44e1a8,2007-08-03,07:50:00,Bonifacio Memorial Center Caloocan,0,0,0,0,0,0,0,0,0,0,2007-08-03 15:50,Property,14.60148331,121.0591221,Angle Impact
None,EDSA,None,None,"Human Error, Hit object (No Object Stated), 0.0 drivers_injured, 0.0 drivers_killed, 0.0 passengers_injured, 0.0 passengers_killed, 0.0 pedestrian_injured, 0.0 pedestrian_killed, Dry, EDSA Connecticut St. San Juan",MMDA Road Safety Unit,,85db197c-d4c5-422d-8912-945d29d654a9,2007-06-30,20:20:00,"Bonifacio Memorial Center, 76 Caloocan",0,0,0,0,0,0,0,0,0,0,2007-07-01 4:20,Property,14.60170798,121.059096,Hit Object
None,EDSA,None,None,"Human Error, Angle Impact, 0.0 drivers_injured, 0.0 drivers_killed, 0.0 passengers_injured, 0.0 passengers_killed, 0.0 pedestrian_injured, 0.0 pedestrian_killed, Dry, EDSA Annapolis St. San Juan",MMDA Road Safety Unit,,95f4cf9c-bdec-4a6f-988c-a67a6500e9b1,2007-05-02,02:45:00,"Bonifacio Memorial Center Araneta Square Quadrant, 76 Caloocan",0,0,0,0,0,0,0,0,0,0,2007-05-02 10:45,Property,14.60620754,121.0570539,Angle Impact
"EDSA, Bagong Lipunan ng Crame, Quezon City, District IV, Quezon City, Metro Manila, 1111, Philippines",EDSA,partly-cloudy-day,day,MULTIPLE COLLISION,MMDA Metrobase,,6628ce6c-5032-480e-9eaf-6f1ffdb428b4,2016-11-04,03:30:21,NLEX Caloocan,0,0,0,0,0,0,0,0,0,0,2016-11-04 11:30,Property,14.60739077,121.0564989,Side Swipe
"Santolan Northbound, EDSA, Camp Aguinaldo, Quezon City, District III, Quezon City, Metro Manila, 1110, Philippines",EDSA,rain,day,(+)INJURED,MMDA Metrobase,,dd2358f5-e2b1-4370-9dad-d0c351e571a1,2016-10-31,23:27:30,Bonifacio Market  Caloocan,0,0,0,0,0,0,0,1,0,1,2016-11-01 7:27,Injury,14.60748421,121.0568047,Side Swipe
"EDSA, Bagong Lipunan ng Crame, Quezon City, District IV, Quezon City, Metro Manila, 1111, Philippines",EDSA,partly-cloudy-night,night,Bumped from Behind,MMDA Metrobase,,41754f92-0603-458d-afbb-415c0fb4d8c3,2016-12-03,10:00:16,"Bonifacio Memorial Circle, 81 Caloocan",0,0,0,0,0,0,0,0,0,0,2016-12-03 18:00,Property,14.60763994,121.0564721,Rear-End
"EDSA, Bagong Lipunan ng Crame, Quezon City, District IV, Quezon City, Metro Manila, 1111, Philippines",EDSA,rain,night,Bumped from Behind,MMDA Metrobase,,abe94dff-a1e3-401b-a327-e37f3d6edea9,2016-11-28,10:58:59,Bonifacio Memorial Circle Caloocan,0,0,0,0,0,0,0,0,0,0,2016-11-28 18:58,Property,14.60792025,121.0564184,Rear-End
"Santolan, EDSA, Bagong Lipunan ng Crame, Quezon City, District IV, Quezon City, Metro Manila, 1111, Philippines",EDSA,partly-cloudy-day,day,BUMPED FROM BEHIND,Other,,552eff4c-9c25-4159-92a9-5afce54596e6,2016-09-30,03:41:43,Bonifacio Memorial Circle Caloocan,0,0,0,0,0,0,0,0,0,0,2016-09-30 11:41,Property,14.6080126,121.0563508,Rear-End
"EDSA, Bagong Lipunan ng Crame, Quezon City, District IV, Quezon City, Metro Manila, 1110, Philippines",EDSA,clear-day,day,BUMPED FROM BEHIND,Other,,8b18d0b8-66c7-4340-8d33-80793b58a51f,2016-10-01,01:17:24,Bonifacio Memorial Circle Caloocan,0,0,0,0,0,0,0,0,0,0,2016-10-01 9:17,Property,14.60953984,121.0555601,Rear-End
"AFPSLAI, Capinpin, Camp Aguinaldo, Quezon City, District III, Quezon City, Metro Manila, 1110, Philippines",EDSA,rain,day,Multiple Collision,MMDA Metrobase,,c75c3874-dd6a-4e8d-88aa-46cd14977980,2016-11-26,06:53:48,Bonifacio Memorial Circle Caloocan,0,0,0,0,0,0,0,0,0,0,2016-11-26 14:53,Property,14.60961771,121.0557801,Multiple
None,EDSA,None,None,"No Accident Factor, No Collision Stated (based on Police Blotter Book), 0.0 drivers_injured, 0.0 drivers_killed, 0.0 passengers_injured, 0.0 passengers_killed, 0.0 pedestrian_injured, 0.0 pedestrian_killed, Fair (Day), Edsa Santolan  Quezon City",MMDA Road Safety Unit,,6d5cec4b-3c3c-4592-94c0-f4081a526b0a,2013-03-06,02:00:00,"Araneta Square, Bonifacio Memorial Circle Caloocan",0,0,0,0,0,0,0,0,0,0,2013-03-06 10:00,Property,14.610386,121.0552024,No Collision Stated
None,EDSA,None,None,"No Accident Factor, No Collision Stated (based on Police Blotter Book), 0.0 drivers_injured, 0.0 drivers_killed, 0.0 passengers_injured, 0.0 passengers_killed, 0.0 pedestrian_injured, 0.0 pedestrian_killed, Fair (Day), Camp Crame  Santolan MRT Station  Quezon City",MMDA Road Safety Unit,,85761aa0-ba25-4c63-9010-1d3d294682dc,2014-11-25,01:00:00,"Araneta Square, Bonifacio Memorial Circle Caloocan",0,0,0,0,0,0,0,0,0,0,2014-11-25 9:00,Property,14.6107847,121.0551594,No Collision Stated
None,EDSA,None,None,"No Accident Factor, No Collision Stated (based on Police Blotter Book), 1.0 drivers_injured, 0.0 drivers_killed, 0.0 passengers_injured, 0.0 passengers_killed, 0.0 pedestrian_injured, 0.0 pedestrian_killed, Fair (Night), Camp Crame   Quezon City",MMDA Road Safety Unit,,9166356d-d9c1-4251-878f-9915908dd54b,2014-08-24,12:20:00,Bonifacio Memorial Circle Caloocan,0,0,0,1,0,0,0,0,0,1,2014-08-24 20:20,Injury,14.6107847,121.0551594,No Collision Stated
None,EDSA,None,None,"Unknown, Other (Hit by a Fallen Branch of Tree), 0.0 drivers_injured, 0.0 drivers_killed, 0.0 passengers_injured, 0.0 passengers_killed, 0.0 pedestrian_injured, 0.0 pedestrian_killed, Dry, Camp Crame  Quezon City",MMDA Road Safety Unit,,242433e3-30cd-4cfa-8bd7-c79921845c05,2008-01-23,02:00:00,Bonifacio Memorial Circle Caloocan,0,0,0,0,0,0,0,0,0,0,2008-01-23 10:00,Property,14.6107847,121.0551594,Hit Object
"Metro Oil, EDSA, Socorro, Quezon City, District III, Quezon City, Metro Manila, 1110, Philippines",EDSA,clear-day,day,BUMPED FROM BEHIND,MMDA Metrobase,,9e732208-4d0a-4fc0-ad44-de2ae7fb410a,2016-11-18,02:50:38,"Bonifacio Memorial Circle, 86 Caloocan",0,0,0,0,0,0,0,0,0,0,2016-11-18 10:50,Property,14.61078567,121.0549593,Rear-End
"Metro Oil, EDSA, Socorro, Quezon City, District III, Quezon City, Metro Manila, 1110, Philippines",EDSA,rain,day,BUMPED FROM BEHIND,Other,,7f2afa02-5bb3-4ba8-b78f-a8a91fa16e06,2016-10-02,04:33:56,Bonifacio Memorial Circle Caloocan,0,0,0,0,0,0,0,0,0,0,2016-10-02 12:33,Property,14.61084796,121.0549486,Rear-End
"Santolan Intersection Southbound, Quezon City, District III, Quezon City, Metro Manila, 1110, Philippines",EDSA,clear-day,day,Bumped from Behind,MMDA Metrobase,,91c67176-772e-4377-8285-984887acf765,2016-10-28,08:40:02,Bonifacio Memorial Circle Caloocan,0,0,0,0,0,0,0,0,0,0,2016-10-28 16:40,Property,14.61084796,121.0550022,Rear-End
"Metro Oil, EDSA, Socorro, Quezon City, District III, Quezon City, Metro Manila, 1110, Philippines",EDSA,rain,day,BUMPED FROM BEHIND,Other,,b3a1a679-dd18-4f1a-81d1-9dfdff96c2a9,2016-10-21,01:52:45,Bonifacio Memorial Circle Caloocan,0,0,0,0,0,0,0,0,0,0,2016-10-21 9:52,Property,14.61085835,121.05497,Rear-End
"Metro Oil, EDSA, Socorro, Quezon City, District III, Quezon City, Metro Manila, 1110, Philippines",EDSA,partly-cloudy-day,day,BUMPED FROM BEHIND,MMDA Metrobase,,31e27fe3-072d-4e01-bac1-65683b0a2e67,2016-11-03,00:00:37,Bonifacio Memorial Circle Caloocan,0,0,0,0,0,0,0,0,0,0,2016-11-03 8:00,Property,14.61086873,121.0549808,Rear-End
"Santolan/Camp Aguinaldo/Camp Crame, Santolan Flyover, Camp Aguinaldo, Quezon City, District III, Quezon City, Metro Manila, 1110, Philippines",EDSA,partly-cloudy-day,day,MULTIPLE COLLISION,MMDA Metrobase,,a89d592e-879d-4d4f-be68-22b56ce7e13a,2016-12-04,23:46:41,Bonifacio Memorial Center Caloocan,0,0,0,0,0,0,0,0,0,0,2016-12-05 7:46,Property,14.61088949,121.0550022,Rear-End
"Metro Oil, EDSA, Socorro, Quezon City, District III, Quezon City, Metro Manila, 1110, Philippines",EDSA,clear-day,day,MULTIPLE COLLISION,MMDA Metrobase,,d4e4f96c-951a-43bc-9120-c3342f73a955,2016-10-30,22:28:53,Bonifacio Memorial Center Caloocan,0,0,0,0,0,0,0,1,0,1,2016-10-31 6:28,Injury,14.61089987,121.0551631,Side Swipe
"Metro Oil, EDSA, Socorro, Quezon City, District III, Quezon City, Metro Manila, 1110, Philippines",EDSA,clear-day,day,BUMPED FROM BEHIND,Other,,1254016a-d416-4e16-abd7-2e1677e9bfd0,2016-10-01,04:31:14,"Bonifacio Memorial Circle, 76 Caloocan",0,0,0,0,0,0,0,0,0,0,2016-10-01 12:31,Property,14.61089987,121.0552812,Rear-End