LOCATION_TEXT,ROAD,WEATHER,LIGHT,DESC,REPORTING_AGENCY,MAIN_CAUSE,INCIDENTDETAILS_ID,DATE_UTC,TIME_UTC,ADDRESS,killed_driver,killed_passenger,killed_pedestrian,injured_driver,injured_passenger,injured_pedestrian,killed_uncategorized,injured_uncategorized,killed_total,injured_total,DATETIME_PST,SEVERITY,Y,X,COLLISION_TYPE
"LandBank, Bonny Serrano Avenue, Bagong Lipunan ng Crame, Quezon City, District IV, Quezon City, Metro Manila, 1110, Philippines",EDSA,partly-cloudy-day,day,Multiple Collision,MMDA Metrobase,,f36ae97f-5fa8-49a3-950e-533d1a97561c,2016-12-08,06:47:44,Bonifacio Memorial Center Northwest Quadrant  Caloocan,0,0,0,0,0,0,0,0,0,0,2016-12-08 14:47,Property,14.61095178,121.0554421,Multiple
"Aguinaldo Corporate Centre, 125, Col. Bonny Serrano Avenue, Villa Maria Clara, Cubao, Quezon City, District III, Quezon City, Metro Manila, 1109, Philippines",EDSA,clear-day,day,Bumped from Behind,MMDA Metrobase,,8c657d2e-b8f6-4fe8-aade-9b78c989126f,2016-10-25,08:12:00,"Bonifacio Memorial Center, 81 Caloocan",0,0,0,0,0,0,0,0,0,0,2016-10-25 16:12,Property,14.61102446,121.0555923,Rear-End
"Santolan Flyover Southbound, Quezon City, District IV, Quezon City, Metro Manila, 1110, Philippines",EDSA,partly-cloudy-night,night,Bumped from Behind,MMDA Metrobase,,c240e1bc-0bcb-4b34-8f6b-a65a0331d646,2016-11-10,11:21:56,Bonifacio Memorial Center Caloocan,0,0,0,0,0,0,0,0,0,0,2016-11-10 19:21,Property,14.61135668,121.0547662,Rear-End
"Treffpunkt, Liberty Avenue, Socorro, Quezon City, District III, Quezon City, Metro Manila, 1109, Philippines",EDSA,partly-cloudy-day,day,MULTIPLE COLLISION,Other,,7bb795cd-ab2a-4601-9fff-743d42ec8e98,2016-10-13,01:35:21,Bonifacio Memorial Circle Caloocan,0,0,0,0,0,0,0,0,0,0,2016-10-13 9:35,Property,14.61179271,121.0545731,Rear-End
"Saint Jude Transit, Liberty Avenue, Bagong Lipunan ng Crame, Quezon City, District IV, Quezon City, Metro Manila, 1111, Philippines",EDSA,partly-cloudy-day,day,TRIPLE COLLISION,MMDA Metrobase,,b1dad55c-442a-4be1-a36a-15730d80e7e5,2016-10-30,02:17:59,Bonifacio Memorial Circle Caloocan,0,0,0,0,0,0,0,0,0,0,2016-10-30 10:17,Property,14.61198997,121.0545087,Multiple
"Saint Jude Transit, Liberty Avenue, Bagong Lipunan ng Crame, Quezon City, District IV, Quezon City, Metro Manila, 1111, Philippines",EDSA,clear-night,night,Self Accident,MMDA Metrobase,,c33f1185-352e-4345-b690-9a1af56c188e,2016-11-20,10:01:56,"Bonifacio Memorial Circle, 86 Caloocan",0,0,0,0,0,0,0,0,0,0,2016-11-20 18:01,Property,14.61206783,121.0544068,Self-Accident
"Saint Jude Transit, Liberty Avenue, Bagong Lipunan ng Crame, Quezon City, District IV, Quezon City, Metro Manila, 1111, Philippines",EDSA,clear-day,day,MULTIPLE COLLISION BUMP FROM BEHIND,MMDA Metrobase,,1577aa49-bce6-47a0-8fd0-b01ad44035d9,2016-11-04,22:58:40,"Bonifacio Memorial Circle, 86 Caloocan",0,0,0,0,0,0,0,0,0,0,2016-11-05 6:58,Property,14.6124883,121.0544443,Side Swipe
"Petron, EDSA, Bagong Lipunan ng Crame, Quezon City, District IV, Quezon City, Metro Manila, 1111, Philippines",EDSA,partly-cloudy-day,day,BUMPED FROM BEHIND,Other,,c63e6b0d-15ed-4ad0-9a38-564e664385d7,2016-10-10,01:37:26,Bonifacio Memorial Circle Caloocan,0,0,0,0,0,0,0,0,0,0,2016-10-10 9:37,Property,14.613568,121.0536826,Rear-End
"Petron, EDSA, Bagong Lipunan ng Crame, Quezon City, District IV, Quezon City, Metro Manila, 1111, Philippines",EDSA,clear-night,night,Bumped from Behind,MMDA Metrobase,,f2ae1e52-bfcd-47d2-802e-c2e01dd0d356,2016-10-28,11:12:23,Bonifacio Memorial Circle Caloocan,0,0,0,0,0,0,0,0,0,0,2016-10-28 19:12,Property,14.61360434,121.0536611,Rear-End
"Main Avenue, EDSA, Socorro, Quezon City, District III, Quezon City, Metro Manila, 1109, Philippines",EDSA,clear-day,day,Bumped from Behind,MMDA Metrobase,,733115ab-f9bb-420d-b2e3-30ddf88abb9e,2016-10-25,07:21:55,Bonifacio Memorial Circle Caloocan,0,0,0,0,0,0,0,0,0,0,2016-10-25 15:21,Property,14.61399884,121.0534787,Rear-End
None,EDSA,None,None,"No Accident Factor, Rear-end, 0.0 drivers_injured, 0.0 drivers_killed, 0.0 passengers_injured, 0.0 passengers_killed, 0.0 pedestrian_injured, 0.0 pedestrian_killed, Fair (Night), Main Ave. EDSA Quezon City",MMDA Road Safety Unit,,c59e64a5-fe49-4ae6-9f4c-5dc93574951b,2014-06-17,01:40:00,Bonifacio Memorial Circle Caloocan,0,0,0,0,0,0,0,0,0,0,2014-06-17 9:40,Property,14.61365154,121.0537978,Rear-End
None,EDSA,None,None,"No Accident Factor, Side Swipe, 0.0 drivers_injured, 0.0 drivers_killed, 0.0 passengers_injured, 0.0 passengers_killed, 0.0 pedestrian_injured, 0.0 pedestrian_killed, Fair (Day), Main Ave. fronting Hyper Market Brgy. Socorro  Quezon City",MMDA Road Safety Unit,,01d06184-5fff-4423-affe-1c4fcd82eb96,2014-05-13,06:00:00,Bonifacio Memorial Circle Caloocan,0,0,0,0,0,0,0,0,0,0,2014-05-13 14:00,Property,14.6141377,121.0537102,Side Swipe
None,EDSA,None,None,"No Accident Factor, Angle Impact, 0.0 drivers_injured, 0.0 drivers_killed, 0.0 passengers_injured, 0.0 passengers_killed, 0.0 pedestrian_injured, 0.0 pedestrian_killed, Fair (Day), Main Ave. Front of SM Hypermarket before 5th Avenue Barangay Socorro Quezon City",MMDA Road Safety Unit,,c7cd1f40-74e0-4a7f-8688-e8dd4e9d179b,2014-03-26,05:15:00,"Bonifacio Memorial Circle, East Quadrant  Caloocan",0,0,0,0,0,0,0,0,0,0,2014-03-26 13:15,Property,14.6141377,121.0537102,Angle Impact
None,EDSA,None,None,"No Accident Factor, No Collision Stated (based on Police Blotter Book), 0.0 drivers_injured, 0.0 drivers_killed, 0.0 passengers_injured, 0.0 passengers_killed, 0.0 pedestrian_injured, 0.0 pedestrian_killed, Fair (Day), Main Avenue EDSA    Quezon City",MMDA Road Safety Unit,,14dc5a41-0823-4fd7-bcf8-a165e93a0f8d,2013-12-10,00:40:00,"Bonifacio Memorial Circle, West Quadrant Caloocan",0,0,0,0,0,0,0,0,0,0,2013-12-10 8:40,Property,14.6141377,121.0537102,No Collision Stated
None,EDSA,None,None,"No Accident Factor, Hit and Run (Side Swipe), 1.0 drivers_injured, 0.0 drivers_killed, 1.0 passengers_injured, 0.0 passengers_killed, 0.0 pedestrian_injured, 0.0 pedestrian_killed, Fair (Day), Main Ave. fronting SM Hypermart, Bgy. Socorro Quezon City",MMDA Road Safety Unit,,bda1a1af-1669-4029-90db-6855ff887bc9,2013-06-19,07:50:00,Bonifacio Memorial Circle Caloocan,0,0,0,1,1,0,0,0,0,2,2013-06-19 15:50,Injury,14.6141377,121.0537102,Side Swipe
None,EDSA,None,None,"No Accident Factor, Rear-end, 0.0 drivers_injured, 0.0 drivers_killed, 0.0 passengers_injured, 0.0 passengers_killed, 0.0 pedestrian_injured, 0.0 pedestrian_killed, Fair (Night), Main Ave. entrance of SM Hypermart, Bgy. Socorro Quezon City",MMDA Road Safety Unit,,80f3f458-f308-46ef-b21e-88d942228246,2013-05-15,11:40:00,Bonifacio Memorial Circle Caloocan,0,0,0,0,0,0,0,0,0,0,2013-05-15 19:40,Property,14.6141377,121.0537102,Rear-End
None,EDSA,None,None,"No Accident Factor, Side Swipe, 0.0 drivers_injured, 0.0 drivers_killed, 0.0 passengers_injured, 0.0 passengers_killed, 0.0 pedestrian_injured, 0.0 pedestrian_killed, Fair (Day), Main Ave. EDSA Quezon City",MMDA Road Safety Unit,,0918baec-d605-40ee-9bd9-f625b8a6c85f,2012-07-25,04:40:00,"Bonifacio Memorial Circle, 76 Caloocan",0,0,0,0,0,0,0,0,0,0,2012-07-25 12:40,Property,14.61365154,121.0537978,Side Swipe
None,EDSA,None,None,"No Accident Factor, No Collision Stated (based on Police Blotter Book), 0.0 drivers_injured, 0.0 drivers_killed, 0.0 passengers_injured, 0.0 passengers_killed, 0.0 pedestrian_injured, 0.0 pedestrian_killed, Fair (Day), Main Ave. EDSA Quezon City",MMDA Road Safety Unit,,ccfd35f5-d88a-4aaf-a894-48406de5e16c,2012-07-10,02:40:00,Bonifacio Memorial Circle Caloocan,0,0,0,0,0,0,0,0,0,0,2012-07-10 10:40,Property,14.61365154,121.0537978,No Collision Stated
None,EDSA,None,None,"No Accident Factor, No Collision Stated (based on Police Blotter Book), 0.0 drivers_injured, 0.0 drivers_killed, 0.0 passengers_injured, 0.0 passengers_killed, 0.0 pedestrian_injured, 0.0 pedestrian_killed, Fair (Day), Main Ave. EDSA Quezon City",MMDA Road Safety Unit,,36c89561-6a8f-4113-a4bf-2d54054de82f,2012-02-25,01:00:00,Bonifacio Memorial Center Caloocan,0,0,0,0,0,0,0,0,0,0,2012-02-25 9:00,Property,14.61365154,121.0537978,No Collision Stated
None,EDSA,None,None,"Unknown, Rear-end, 0.0 drivers_injured, 0.0 drivers_killed, 0.0 passengers_injured, 0.0 passengers_killed, 0.0 pedestrian_injured, 0.0 pedestrian_killed, Fair (Day), Main Avenue fronting Sm Hypermart Brgy. Socorro Quezon City",MMDA Road Safety Unit,,c6543003-1dc7-43f8-895b-8155c6155657,2011-12-20,08:00:00,Bonifacio Memorial Circle Caloocan,0,0,0,0,0,0,0,0,0,0,2011-12-20 16:00,Property,14.6141377,121.0537102,Rear-End
None,EDSA,None,None,"Unknown, Hit and Run (No Collision Stated), 0.0 drivers_injured, 0.0 drivers_killed, 0.0 passengers_injured, 0.0 passengers_killed, 0.0 pedestrian_injured, 0.0 pedestrian_killed, Dry, Main Ave. EDSA Quezon City",MMDA Road Safety Unit,,27b5fdab-e047-4eb6-83b0-faf8e0879592,2008-11-30,14:30:00,Bonifacio Memorial Circle Caloocan,0,0,0,0,0,0,0,0,0,0,2008-11-30 22:30,Property,14.61365154,121.0537978,No Collision Stated
"Kilometer 19, EDSA, Bagong Lipunan ng Crame, Quezon City, District IV, Quezon City, Metro Manila, 1109, Philippines",EDSA,partly-cloudy-day,day,(+) PEDESTRIAN INJURED,Other,,14ea7d49-4abf-4feb-8da3-499b98664b37,2016-10-10,02:13:29,Bonifacio Memorial Circle Caloocan,0,0,0,0,0,1,0,0,0,1,2016-10-10 10:13,Injury,14.61468923,121.0531247,Side Swipe
"Kilometer 19, EDSA, Socorro, Quezon City, District III, Quezon City, Metro Manila, 1109, Philippines",EDSA,rain,dusk,Multiple Collision,MMDA Metrobase,,58193f5a-6215-4863-a4ff-9a026cbd9a1f,2016-11-25,09:27:30,Bonifacio Memorial Center Caloocan,0,0,0,0,0,0,0,0,0,0,2016-11-25 17:27,Property,14.61513564,121.0531461,Multiple
None,EDSA,None,None,"No Accident Factor, Rear-end, 0.0 drivers_injured, 0.0 drivers_killed, 0.0 passengers_injured, 0.0 passengers_killed, 0.0 pedestrian_injured, 0.0 pedestrian_killed, Fair (Day), E. Rodriguez Jr. Ave. EDSA fronting Nepa Q - Mart  Quezon City",MMDA Road Safety Unit,,5f20afd3-bcb5-48de-9fab-d15d8bd2f19d,2013-09-15,04:30:00,Bonifacio Memorial Center Caloocan,0,0,0,0,0,0,0,0,0,0,2013-09-15 12:30,Property,14.62803152,121.0472644,Rear-End
"Kilometer 19, EDSA, Bagong Lipunan ng Crame, Quezon City, District IV, Quezon City, Metro Manila, 1109, Philippines",EDSA,clear-day,day,Bumped from behind,Other,,207ecfa5-9a75-46e0-a98e-ca504afe0b64,2016-10-14,06:57:27,NLEX Tollgate (NB) Caloocan,0,0,0,0,0,0,0,0,0,0,2016-10-14 14:57,Property,14.615567,121.0528243,Rear-End
"SeaOil, P. Tuazon Boulevard, Socorro, Cubao, District III, Quezon City, Metro Manila, 1109, Philippines",EDSA,partly-cloudy-night,night,TOTALLY WRECKED HIT BY CAR (VIOS) (ABSCONDED),MMDA Metrobase,,541a9c9d-c8f7-4580-8a2a-45621b08faf1,2016-12-03,19:15:05,Bonifacio Memorial Circle Caloocan,0,0,0,0,0,0,0,0,0,0,2016-12-04 3:15,Property,14.61564434,121.0527813,Rear-End
"SeaOil, P. Tuazon Boulevard, Socorro, Quezon City, District III, Quezon City, Metro Manila, 1109, Philippines",EDSA,clear-day,day,(-)Injured; Multiple Collision,Other,,fc535af6-5eab-4f7a-a858-c11f36feb6a6,2016-10-01,06:21:03,Bonifacio Memorial Center Caloocan,0,0,0,0,0,0,0,1,0,1,2016-10-01 14:21,Injury,14.61605442,121.0527438,Side Swipe
"Station 7, P. Tuazon Boulevard, Horseshoe Village, Cubao, Quezon City, District IV, Quezon City, Metro Manila, 1111, Philippines",EDSA,partly-cloudy-night,night,SELF ACCIDENT,MMDA Metrobase,,41b2aea7-d888-47c3-bb85-2171090b5d4b,2016-12-07,17:20:20,Bonifacio Memorial Center Caloocan,0,0,0,0,0,0,0,1,0,1,2016-12-08 1:20,Injury,14.61643335,121.0522878,Self-Accident
"SeaOil, P. Tuazon Boulevard, Socorro, Quezon City, District III, Quezon City, Metro Manila, 1109, Philippines",EDSA,partly-cloudy-day,day,BUMPED FROM BEHIND,MMDA Metrobase,,10842cd4-fe98-4d96-9214-f73f0eb7343d,2016-11-02,22:55:00,Bonifacio Memorial Center Caloocan,0,0,0,0,0,0,0,0,0,0,2016-11-03 6:55,Property,14.61659945,121.052599,Rear-End
"P. Tuazon Service Road Southbound, EDSA, Bagong Lipunan ng Crame, Quezon City, District IV, Quezon City, Metro Manila, 1109, Philippines",EDSA,partly-cloudy-day,day,Bumped from Behind,MMDA Metrobase,,af27e34a-38d9-457a-b345-8ee954e69068,2016-12-02,06:41:17,Bonifacio Memorial Center Caloocan,0,0,0,0,0,0,0,0,0,0,2016-12-02 14:41,Property,14.61684861,121.0521054,Rear-End
None,EDSA,None,None,"Unknown, Hit and Run (No Collision Stated), 0.0 drivers_injured, 0.0 drivers_killed, 0.0 passengers_injured, 0.0 passengers_killed, 0.0 pedestrian_injured, 0.0 pedestrian_killed, Fair (Night), Cubao Terminal  Quezon City",MMDA Road Safety Unit,,80f8c4d4-3b0f-4fdd-a4c2-387ae7782640,2009-02-23,18:00:00,Bonifacio Memorial Center Caloocan,0,0,0,0,0,0,0,0,0,0,2009-02-24 2:00,Property,14.6179551,121.0513966,No Collision Stated
"Farmers Plaza, Gen. Roxas, Araneta Center, Socorro, Cubao, District III, Quezon City, Metro Manila, 1109, Philippines",EDSA,clear-night,night,Bumped from Behind,MMDA Metrobase,,cf1f9b7a-644b-47b2-b1a5-4d7d2feb35a9,2016-12-03,13:19:59,Bonifacio Memorial Center Caloocan,0,0,0,0,0,0,0,0,0,0,2016-12-03 21:19,Property,14.61983849,121.051054,Rear-End
"Aurora Tunnel Northbound, EDSA, Socorro, Cubao, District III, Quezon City, Metro Manila, 1109, Philippines",EDSA,clear-day,day,Multiple Collision,MMDA Metrobase,,d0fa8398-9b7c-4be4-94c1-7e8cfe0f2cd9,2016-12-05,07:04:31,Bonifacio Memorial Center Caloocan,0,0,0,0,0,0,0,0,0,0,2016-12-05 15:04,Property,14.62067939,121.050539,Multiple
"Mercury Drug, EDSA, Socorro, Quezon City, District III, Quezon City, Metro Manila, 1109, Philippines",EDSA,clear-day,day,NAHULOG ANG PASAHERO,MMDA Metrobase,,a19590df-e111-411e-8c96-37f65c2d8b95,2016-11-06,00:52:32,"Bonifacio Memorial Center, 81 Caloocan",0,0,0,0,0,0,0,1,0,1,2016-11-06 8:52,Injury,14.62107388,121.0504532,Side Swipe
"Mercury Drug Cubao - Pinatubo, Pinatubo, San Martin de Porres, Quezon City, District IV, Quezon City, Metro Manila, 1111, Philippines",EDSA,rain,day,BUMPED FROM BEHIND,Other,,8aa1c91f-4691-4353-8267-c62675bd69e2,2016-10-19,23:40:44,Bonifacio Memorial Center Caloocan,0,0,0,0,0,0,0,0,0,0,2016-10-20 7:40,Property,14.62133341,121.0501528,Rear-End
"Chowking (araneta Center), EDSA, Immaculate Concepcion, Quezon City, District IV, Quezon City, Metro Manila, 1109, Philippines",EDSA,clear-day,day,BUMPED FROM BEHIND,Other,,bb013a32-502f-45b4-8d5d-797a9e0d5ec3,2016-10-08,23:46:41,Bonifacio Memorial Center Caloocan,0,0,0,0,0,0,0,0,0,0,2016-10-09 7:46,Property,14.62145799,121.0499597,Rear-End
"ACT Theatre Building, Aurora Boulevard, Mangga, Quezon City, District III, Quezon City, Metro Manila, 1102, Philippines",EDSA,rain,night,BACK RIDER INJURED BROUGHT TO ST. LUKES HOSPITAL,Other,,465a1b91-fc12-49ea-992c-b86fb3e1d672,2016-10-05,15:55:00,"Bonifacio Memorial Center, 81 Caloocan",0,0,0,0,1,0,0,0,0,1,2016-10-05 23:55,Injury,14.62170714,121.0504103,Side Swipe
None,EDSA,None,None,"Unknown, Hit Parked Vehicle, 0.0 drivers_injured, 0.0 drivers_killed, 0.0 passengers_injured, 0.0 passengers_killed, 0.0 pedestrian_injured, 0.0 pedestrian_killed, Fair, Araneta Center  Bgy. E. Rodriguez  Quezon City",MMDA Road Safety Unit,,ceab77f8-135d-4da2-bcf0-79d5b7f41f46,2010-07-18,09:30:00,Bonifacio Memorial Center Caloocan,0,0,0,0,0,0,0,0,0,0,2010-07-18 17:30,Property,14.61733969,121.052091,Hit Object
"JAM, Maryland, Immaculate Concepcion, Quezon City, District IV, Quezon City, Metro Manila, 1111, Philippines",EDSA,partly-cloudy-day,day,BUMPED FROM BEHIND,MMDA Metrobase,,c35d04eb-4c6e-464f-bda7-38710c52ce33,2016-11-15,01:31:47,Bonifacio Memorial Circle Caloocan,0,0,0,0,0,0,0,0,0,0,2016-11-15 9:31,Property,14.62340968,121.0491228,Rear-End
"JAM, Maryland, Immaculate Concepcion, Cubao, District IV, Quezon City, Metro Manila, 1111, Philippines",EDSA,partly-cloudy-night,night,Bumped from Behind,MMDA Metrobase,,17db8784-37a5-4856-bb16-f9b79a22e18a,2016-12-05,10:02:17,Bonifacio Memorial Circle Caloocan,0,0,0,0,0,0,0,0,0,0,2016-12-05 18:02,Property,14.6234564,121.0490799,Rear-End
"Five Star, EDSA, E. Rodriguez, Quezon City, District III, Quezon City, Metro Manila, 1109, Philippines",EDSA,partly-cloudy-day,day,HIT TRAFFIC CONSTABLE (INSP. VILLARCUSES),MMDA Metrobase,,3d2a18fb-5183-4cc9-9bda-60cab3489440,2016-10-31,05:16:21,Bonifacio Memorial Cirlce Caloocan,0,0,0,0,0,0,0,1,0,1,2016-10-31 13:16,Injury,14.62353426,121.0493588,No Collision Stated
"Five Star, EDSA, E. Rodriguez, Quezon City, District III, Quezon City, Metro Manila, 1109, Philippines",EDSA,rain,night,Bumped from Behind,MMDA Metrobase,,c07dc8ee-c20f-459c-814a-eb94a17ac99d,2016-11-06,11:55:54,Bonifacio Memorial Circle Caloocan,0,0,0,0,0,0,0,0,0,0,2016-11-06 19:55,Property,14.62357578,121.0493696,Rear-End
None,EDSA,None,None,"No Accident Factor, No Collision Stated (based on Police Blotter Book), 0.0 drivers_injured, 0.0 drivers_killed, 0.0 passengers_injured, 0.0 passengers_killed, 0.0 pedestrian_injured, 0.0 pedestrian_killed, Fair (Day), P. Tuazon Blvd. First North Luzon Terminal  Quezon City",MMDA Road Safety Unit,,0457afcd-3898-45f7-9860-699c01946336,2016-01-02,00:00:00,Bonifacio Memorial Circle Caloocan,0,0,0,0,0,0,0,0,0,0,2016-01-02 8:00,Property,14.61648694,121.0523008,No Collision Stated
None,EDSA,None,None,"No Accident Factor, No Collision Stated (based on Police Blotter Book), 0.0 drivers_injured, 0.0 drivers_killed, 0.0 passengers_injured, 0.0 passengers_killed, 0.0 pedestrian_injured, 0.0 pedestrian_killed, Fair (Day), P. Tuazon Blvd.  EDSA Quezon City",MMDA Road Safety Unit,,7e46945b-b34f-4a48-be82-34aa125cafee,2014-08-12,04:30:00,"Bonifacio Memorial Circle, 81 Caloocan",0,0,0,0,0,0,0,0,0,0,2014-08-12 12:30,Property,14.61648694,121.0523008,No Collision Stated
None,EDSA,None,None,"No Accident Factor, No Collision Stated (based on Police Blotter Book), 0.0 drivers_injured, 0.0 drivers_killed, 0.0 passengers_injured, 0.0 passengers_killed, 0.0 pedestrian_injured, 0.0 pedestrian_killed, Fair (Day), P. Tuazon Blvd. Epifanio Delos Santos Avenue Quezon City",MMDA Road Safety Unit,,d690d3c4-128e-4bcc-982d-19a3eb5b57dd,2014-02-14,04:35:00,Bonifacio Memorial Circle Caloocan,0,0,0,0,0,0,0,0,0,0,2014-02-14 12:35,Property,14.61648694,121.0523008,No Collision Stated
None,EDSA,None,None,"No Accident Factor, Side Swipe, 0.0 drivers_injured, 0.0 drivers_killed, 0.0 passengers_injured, 0.0 passengers_killed, 0.0 pedestrian_injured, 0.0 pedestrian_killed, Fair (Day), P. Tuazon Blvd. EDSA Quezon City",MMDA Road Safety Unit,,053b17b1-2bfb-45d5-904a-fb7aade2c58d,2014-01-29,23:45:00,"Bonifacio Memorial Circle, 81 Caloocan",0,0,0,0,0,0,0,0,0,0,2014-01-30 7:45,Property,14.61648694,121.0523008,Side Swipe
None,EDSA,None,None,"No Accident Factor, No Collision Stated (based on Police Blotter Book), 0.0 drivers_injured, 0.0 drivers_killed, 0.0 passengers_injured, 0.0 passengers_killed, 0.0 pedestrian_injured, 0.0 pedestrian_killed, Fair (Night), P. Tuazon Blvd.  EDSA U-Turn Slot Quezon City",MMDA Road Safety Unit,,daade2e7-c482-4de1-837a-cd556e78748a,2013-12-23,14:00:00,"Bonifacio Memorial Circle, 81 Caloocan",0,0,0,0,0,0,0,0,0,0,2013-12-23 22:00,Property,14.61648694,121.0523008,No Collision Stated
None,EDSA,None,None,"No Accident Factor, Side Swipe, 0.0 drivers_injured, 0.0 drivers_killed, 0.0 passengers_injured, 0.0 passengers_killed, 0.0 pedestrian_injured, 0.0 pedestrian_killed, Fair (Day), P. Tuazon Blvd. EDSA Quezon City",MMDA Road Safety Unit,,ac57b794-98fa-4d16-a2c6-9770bf980e47,2013-11-20,05:20:00,"Bonifacio Memorial Circle Quadrangle, 81 Caloocan",0,0,0,0,0,0,0,0,0,0,2013-11-20 13:20,Property,14.61648694,121.0523008,Side Swipe
None,EDSA,None,None,"No Accident Factor, No Collision Stated (based on Police Blotter Book), 0.0 drivers_injured, 0.0 drivers_killed, 0.0 passengers_injured, 0.0 passengers_killed, 0.0 pedestrian_injured, 0.0 pedestrian_killed, Fair (Day), P. Tuazon Blvd. before EDSA Quezon City",MMDA Road Safety Unit,,257b838b-d36d-4867-bf83-d2d3ec3501ea,2013-08-12,09:00:00,Bonifacio Memorial Circle Caloocan,0,0,0,0,0,0,0,0,0,0,2013-08-12 17:00,Property,14.61648694,121.0523008,No Collision Stated
None,EDSA,None,None,"No Accident Factor, Angle Impact, 0.0 drivers_injured, 0.0 drivers_killed, 0.0 passengers_injured, 0.0 passengers_killed, 0.0 pedestrian_injured, 0.0 pedestrian_killed, Fair (Night), P. Tuazon Blvd. EDSA (NB), Bgy. Socorro Quezon City",MMDA Road Safety Unit,,52cd2ccb-259b-477b-a47f-69e33b4113fc,2013-06-28,14:50:00,Bonifacio Memorial Circle Caloocan,0,0,0,0,0,0,0,0,0,0,2013-06-28 22:50,Property,14.61648694,121.0523008,Angle Impact
None,EDSA,None,None,"No Accident Factor, Rear-end, 0.0 drivers_injured, 0.0 drivers_killed, 0.0 passengers_injured, 0.0 passengers_killed, 0.0 pedestrian_injured, 0.0 pedestrian_killed, Fair (Day), P. Tuazon Blvd. EDSA Quezon City",MMDA Road Safety Unit,,d498af51-baf2-444a-b27c-6a5c4b3d7112,2013-06-28,04:25:00,Bonifacio Memorial Circle Caloocan,0,0,0,0,0,0,0,0,0,0,2013-06-28 12:25,Property,14.61648694,121.0523008,Rear-End
None,EDSA,None,None,"No Accident Factor, No Collision Stated (based on Police Blotter Book), 0.0 drivers_injured, 0.0 drivers_killed, 0.0 passengers_injured, 0.0 passengers_killed, 0.0 pedestrian_injured, 0.0 pedestrian_killed, Fair (Day), P. Tuazon Blvd. Edsa SB  Quezon City",MMDA Road Safety Unit,,5a238068-9bde-49fd-943d-564f73aaf8de,2013-03-05,23:30:00,Bonifacio Memorial Circle Caloocan,0,0,0,0,0,0,0,0,0,0,2013-03-06 7:30,Property,14.61648694,121.0523008,No Collision Stated
None,EDSA,None,None,"No Accident Factor, Side Swipe, 0.0 drivers_injured, 0.0 drivers_killed, 0.0 passengers_injured, 0.0 passengers_killed, 0.0 pedestrian_injured, 0.0 pedestrian_killed, Fair (Day), P. Tuazon Blvd. EDSA, Cubao Quezon City",MMDA Road Safety Unit,,589533e1-468b-4cfc-a06e-d321c4a0dd70,2013-02-07,23:05:00,Bonifacio Memorial Circle Caloocan,0,0,0,0,0,0,0,0,0,0,2013-02-08 7:05,Property,14.61648694,121.0523008,Side Swipe
None,EDSA,None,None,"No Accident Factor, Side Swipe, 0.0 drivers_injured, 0.0 drivers_killed, 0.0 passengers_injured, 0.0 passengers_killed, 0.0 pedestrian_injured, 0.0 pedestrian_killed, Fair (Day), P. Tuazon Blvd. Edsa Quezon City",MMDA Road Safety Unit,,b940b3c4-4797-497d-847f-d91ba4380111,2012-11-16,07:00:00,Bonifacio Memorial Circle Caloocan,0,0,0,0,0,0,0,0,0,0,2012-11-16 15:00,Property,14.61648694,121.0523008,Side Swipe
None,EDSA,None,None,"No Accident Factor, No Collision Stated (based on Police Blotter Book), 0.0 drivers_injured, 0.0 drivers_killed, 0.0 passengers_injured, 0.0 passengers_killed, 0.0 pedestrian_injured, 0.0 pedestrian_killed, Fair (Day), P. Tuazon Blvd. EDSA SB Quezon City",MMDA Road Safety Unit,,235dbbd8-eb7e-42bf-8399-1beb8ad8d542,2012-11-09,03:45:00,Bonifacio Memorial Circle Caloocan,0,0,0,0,0,0,0,0,0,0,2012-11-09 11:45,Property,14.61648694,121.0523008,No Collision Stated
None,EDSA,None,None,"No Accident Factor, Side Swipe, 0.0 drivers_injured, 0.0 drivers_killed, 0.0 passengers_injured, 0.0 passengers_killed, 0.0 pedestrian_injured, 0.0 pedestrian_killed, Fair (Day), P. Tuazon Blvd. EDSA, Brgy. Socorro Quezon City",MMDA Road Safety Unit,,008ed106-d369-4176-8313-28423c3284c1,2012-10-30,08:00:00,Bonifacio Memorial Circle Caloocan,0,0,0,0,0,0,0,0,0,0,2012-10-30 16:00,Property,14.61648694,121.0523008,Side Swipe
None,EDSA,None,None,"No Accident Factor, Side Swipe, 0.0 drivers_injured, 0.0 drivers_killed, 0.0 passengers_injured, 0.0 passengers_killed, 0.0 pedestrian_injured, 0.0 pedestrian_killed, Fair (Day), P. Tuazon Blvd. EDSA, Brgy. Socorro Quezon City",MMDA Road Safety Unit,,46a2e8c7-cdee-4fc8-a677-cee2561d9c41,2012-10-30,01:30:00,Bonifacio Memorial Circle Caloocan,0,0,0,0,0,0,0,0,0,0,2012-10-30 9:30,Property,14.61648694,121.0523008,Side Swipe
None,EDSA,None,None,"No Accident Factor, Rear-end, 0.0 drivers_injured, 0.0 drivers_killed, 0.0 passengers_injured, 0.0 passengers_killed, 0.0 pedestrian_injured, 0.0 pedestrian_killed, Fair (Day), P. Tuazon Blvd. EDSA Quezon City",MMDA Road Safety Unit,,63634e04-130e-463e-98cd-28c8e107395b,2012-10-11,09:30:00,"Bonifacio Memorial Center (SM), 78 Caloocan",0,0,0,0,0,0,0,0,0,0,2012-10-11 17:30,Property,14.61648694,121.0523008,Rear-End