LOCATION_TEXT,ROAD,WEATHER,LIGHT,DESC,REPORTING_AGENCY,MAIN_CAUSE,INCIDENTDETAILS_ID,DATE_UTC,TIME_UTC,ADDRESS,killed_driver,killed_passenger,killed_pedestrian,injured_driver,injured_passenger,injured_pedestrian,killed_uncategorized,injured_uncategorized,killed_total,injured_total,DATETIME_PST,SEVERITY,Y,X,COLLISION_TYPE
None,EDSA,None,None,"No Accident Factor, Head-on, 0.0 drivers_injured, 0.0 drivers_killed, 0.0 passengers_injured, 0.0 passengers_killed, 0.0 pedestrian_injured, 0.0 pedestrian_killed, Fair (Day), P. Tuazon Blvd.  Edsa  Quezon City",MMDA Road Safety Unit,,41e88fa0-08ff-4799-9677-03f8e2e3501f,2012-09-14,07:35:00,Bonifacio Memorial Circle (R. J. Transit Bus Terminal) Caloocan,0,0,0,0,0,0,0,0,0,0,2012-09-14 15:35,Property,14.61648694,121.0523008,Head-On
None,EDSA,None,None,"No Accident Factor, Side Swipe, 0.0 drivers_injured, 0.0 drivers_killed, 0.0 passengers_injured, 0.0 passengers_killed, 0.0 pedestrian_injured, 0.0 pedestrian_killed, Fair (Day), P. Tuazon Blvd. EDSA Cubao Quezon City",MMDA Road Safety Unit,,4bfdcea9-6e9d-48d3-9964-da5e7afa2066,2012-05-16,09:30:00,"Bonifacio Memorial Circle, 81 Caloocan",0,0,0,0,0,0,0,0,0,0,2012-05-16 17:30,Property,14.61648694,121.0523008,Side Swipe
None,EDSA,None,None,"No Accident Factor, Angle Impact, 0.0 drivers_injured, 0.0 drivers_killed, 0.0 passengers_injured, 0.0 passengers_killed, 0.0 pedestrian_injured, 0.0 pedestrian_killed, Fair (Night), P. Tuazon Blvd. EDSA Quezon City",MMDA Road Safety Unit,,3a0d3701-952f-4057-b4ac-07a65c91b13f,2012-04-16,10:00:00,"Bonifacio Memorial Circle / Quadrangle, 76 Caloocan",0,0,0,0,0,0,0,0,0,0,2012-04-16 18:00,Property,14.61648694,121.0523008,Angle Impact
None,EDSA,None,None,"No Accident Factor, Angle Impact, 0.0 drivers_injured, 0.0 drivers_killed, 0.0 passengers_injured, 0.0 passengers_killed, 0.0 pedestrian_injured, 0.0 pedestrian_killed, Fair (Day), P. Tuazon Blvd. EDSA, Bgy. Socorro, Cubao Quezon City",MMDA Road Safety Unit,,50a012a2-4e28-4b12-bb54-6bd49984984e,2012-04-09,01:00:00,"Bonifacio Memorial Center, 51 Caloocan",0,0,0,0,0,0,0,0,0,0,2012-04-09 9:00,Property,14.61648694,121.0523008,Angle Impact
None,EDSA,None,None,"No Accident Factor, Side Swipe, 0.0 drivers_injured, 0.0 drivers_killed, 0.0 passengers_injured, 0.0 passengers_killed, 0.0 pedestrian_injured, 0.0 pedestrian_killed, Fair (Day), P. Tuazon Blvd. EDSA, Cubao Quezon City",MMDA Road Safety Unit,,a773fbeb-b217-4ed1-b089-941231e1d6dd,2012-03-19,22:45:00,Bonifacio Memorial Circle (SM Hypermarket) Caloocan,0,0,0,0,0,0,0,0,0,0,2012-03-20 6:45,Property,14.61648694,121.0523008,Side Swipe
None,EDSA,None,None,"Unknown, Side Swipe, 0.0 drivers_injured, 0.0 drivers_killed, 0.0 passengers_injured, 0.0 passengers_killed, 0.0 pedestrian_injured, 0.0 pedestrian_killed, Fair (Day), P. Tuazon Blvd. EDSA Quezon City",MMDA Road Safety Unit,,2bd64b2a-cc27-425b-b6de-1c25e7c1d276,2011-08-23,07:45:00,"Bonifacio Memorial Circle, 78 Caloocan",0,0,0,0,0,0,0,0,0,0,2011-08-23 15:45,Property,14.61648694,121.0523008,Side Swipe
None,EDSA,None,None,"Unknown, Side Swipe, 0.0 drivers_injured, 0.0 drivers_killed, 0.0 passengers_injured, 0.0 passengers_killed, 0.0 pedestrian_injured, 0.0 pedestrian_killed, Fair (Night), P. Tuazon Blvd. EDSA Quezon City",MMDA Road Safety Unit,,ec4b8656-5294-44b9-8138-dea253f2bcd1,2011-07-22,16:00:00,"Bonifacio Memorial Circle, 18 Caloocan",0,0,0,0,0,0,0,0,0,0,2011-07-23,Property,14.61648694,121.0523008,Side Swipe
None,EDSA,None,None,"Unknown, Rear-end, 0.0 drivers_injured, 0.0 drivers_killed, 0.0 passengers_injured, 0.0 passengers_killed, 0.0 pedestrian_injured, 0.0 pedestrian_killed, Fair (Night), P. Tuazon Blvd. EDSA Quezon City",MMDA Road Safety Unit,,a529e697-9a21-425d-b9fd-acc6fdb06512,2011-06-29,15:30:00,Bonifacio Memorial Circle Caloocan,0,0,0,0,0,0,0,0,0,0,2011-06-29 23:30,Property,14.61648694,121.0523008,Rear-End
None,EDSA,None,None,"Unknown, Side Swipe, 0.0 drivers_injured, 0.0 drivers_killed, 0.0 passengers_injured, 0.0 passengers_killed, 0.0 pedestrian_injured, 0.0 pedestrian_killed, Fair (Day), P. Tuazon Blvd. EDSA Quezon City",MMDA Road Safety Unit,,dc6b8089-4590-4e72-ba9c-5b010bdda345,2011-05-02,08:50:00,Bonifacio Memorial Circle Caloocan,0,0,0,0,0,0,0,0,0,0,2011-05-02 16:50,Property,14.61648694,121.0523008,Side Swipe
None,EDSA,None,None,"Unknown, Side Swipe, 0.0 drivers_injured, 0.0 drivers_killed, 0.0 passengers_injured, 0.0 passengers_killed, 0.0 pedestrian_injured, 0.0 pedestrian_killed, Fair (Night), P. Tuazon Blvd. EDSA Quezon City",MMDA Road Safety Unit,,7be3e524-0ac9-4805-b273-c466f20177ac,2011-04-09,13:00:00,"Bonifacio Memorial Circle, 81 Caloocan",0,0,0,0,0,0,0,0,0,0,2011-04-09 21:00,Property,14.61648694,121.0523008,Side Swipe
None,EDSA,None,None,"Unknown, Hit and Run (No Collision Stated), 0.0 drivers_injured, 0.0 drivers_killed, 0.0 passengers_injured, 0.0 passengers_killed, 0.0 pedestrian_injured, 0.0 pedestrian_killed, Fair (Day), P. Tuazon Blvd. EDSA Quezon City",MMDA Road Safety Unit,,7ff6bbb9-d264-4ec8-91f6-3f707099040a,2009-12-08,22:30:00,Bonifacio Memorial Circle Caloocan,0,0,0,0,0,0,0,0,0,0,2009-12-09 6:30,Property,14.61648694,121.0523008,No Collision Stated
None,EDSA,None,None,"Human Error, Side Swipe, 0.0 drivers_injured, 0.0 drivers_killed, 0.0 passengers_injured, 0.0 passengers_killed, 0.0 pedestrian_injured, 0.0 pedestrian_killed, Dry, P. Tuazon Blvd. EDSA Quezon City",MMDA Road Safety Unit,,6ad71cb8-4523-4cd9-913c-03254ccc8fe1,2008-04-27,04:30:00,Bonifacio Memorial Circle Caloocan,0,0,0,0,0,0,0,0,0,0,2008-04-27 12:30,Property,14.61648694,121.0523008,Side Swipe
None,EDSA,None,None,"Human Error, Angle Impact, 0.0 drivers_injured, 0.0 drivers_killed, 0.0 passengers_injured, 0.0 passengers_killed, 0.0 pedestrian_injured, 0.0 pedestrian_killed, Dry, P. Tuazon Blvd. EDSA Quezon City",MMDA Road Safety Unit,,be4c16d5-b3d0-44c4-8758-afe4d13efe51,2008-04-21,22:05:00,Bonifacio Memorial Circle Caloocan,0,0,0,0,0,0,0,0,0,0,2008-04-22 6:05,Property,14.61640615,121.0524148,Angle Impact
None,EDSA,None,None,"Human Error, Angle Impact, 0.0 drivers_injured, 0.0 drivers_killed, 0.0 passengers_injured, 0.0 passengers_killed, 0.0 pedestrian_injured, 0.0 pedestrian_killed, Dry, P. Tuazon Blvd. EDSA Quezon City",MMDA Road Safety Unit,,17837b9e-475b-4c0e-93af-cf742cfbac13,2008-02-21,09:20:00,"Bonifacio Memorial Circle, Northeast Quadrant (Cebuana Lhullier) Caloocan",0,0,0,0,0,0,0,0,0,0,2008-02-21 17:20,Property,14.61640615,121.0524148,Angle Impact
None,EDSA,None,None,"Human Error, Angle Impact, 0.0 drivers_injured, 0.0 drivers_killed, 0.0 passengers_injured, 0.0 passengers_killed, 0.0 pedestrian_injured, 0.0 pedestrian_killed, Dry, P. Tuazon Blvd. EDSA Quezon City",MMDA Road Safety Unit,,421be790-ae3e-46c6-b77a-fe954973f44a,2007-05-20,15:20:00,Biglang-Awa Caloocan,0,0,0,0,0,0,0,0,0,0,2007-05-20 23:20,Property,14.61640615,121.0524148,Angle Impact
"Five Star, EDSA, E. Rodriguez, Quezon City, District III, Quezon City, Metro Manila, 1109, Philippines",EDSA,partly-cloudy-day,day,BUMPED FROM BEHIND,MMDA Metrobase,,803100ee-9617-47a3-bbd6-40b9cba11d17,2016-11-02,00:41:05,Bonifacio Memorial Circle Caloocan,0,0,0,0,0,0,0,0,0,0,2016-11-02 8:41,Property,14.62364845,121.0493588,Rear-End
"Dominion Transit, New York, Horseshoe Village, Cubao, Quezon City, District IV, Quezon City, Metro Manila, 1111, Philippines",EDSA,clear-day,day,BUMPED FROM BEHIND,MMDA Metrobase,,e096d682-078a-4b54-bd7d-e8492e907cfd,2016-10-23,04:42:05,Bonifacio Memorial Circle Caloocan,0,0,0,0,0,0,0,0,0,0,2016-10-23 12:42,Property,14.62560012,121.0481465,Rear-End
"Genesis Transit, New York, E. Rodriguez, Quezon City, District III, Quezon City, Metro Manila, 1102, Philippines",EDSA,rain,day,BUMPED FROM BEHIND,Other,,23c6e8b3-e701-4f74-96a3-4554ab8ee67b,2016-10-21,00:29:50,Bonifacio Memorial Circle Caloocan,0,0,0,0,0,0,0,0,0,0,2016-10-21 8:29,Property,14.6256105,121.0484362,Rear-End
None,EDSA,None,None,"No Accident Factor, Side Swipe, 0.0 drivers_injured, 0.0 drivers_killed, 0.0 passengers_injured, 0.0 passengers_killed, 0.0 pedestrian_injured, 0.0 pedestrian_killed, Fair (Day), Bgy.E. Rodriguez, Cubao  EDSA fronting Superline Bus Terminal Quezon City",MMDA Road Safety Unit,,6f2a30b6-095a-4037-8a71-4c4e53c1e811,2012-10-28,07:30:00,Bonifacio Memorial Circle Caloocan,0,0,0,0,0,0,0,0,0,0,2012-10-28 15:30,Property,14.62398746,121.0490094,Side Swipe
None,EDSA,None,None,"No Accident Factor, Rear-end, 0.0 drivers_injured, 0.0 drivers_killed, 0.0 passengers_injured, 0.0 passengers_killed, 0.0 pedestrian_injured, 0.0 pedestrian_killed, Fair (Day), Balintawak Market   Quezon City",MMDA Road Safety Unit,,50aeedea-f311-4752-9876-ad1a3433aaa3,2015-09-11,03:00:00,"Bonifacio Monument Circle, Araneta Square Caloocan",0,0,0,0,0,0,0,0,0,0,2015-09-11 11:00,Property,14.65679905,121.0017782,Rear-End
None,EDSA,None,None,"No Accident Factor, Hit Object (Barrier-Concrete), 1.0 drivers_injured, 0.0 drivers_killed, 0.0 passengers_injured, 0.0 passengers_killed, 0.0 pedestrian_injured, 0.0 pedestrian_killed, Fair (Day), Balintawak Market  Cloverleaf Quezon City",MMDA Road Safety Unit,,2913946d-325f-4a7d-a1e9-7d52e0071d1f,2015-08-30,01:00:00,Bonifacio Monument Circle Caloocan,0,0,0,1,0,0,0,0,0,1,2015-08-30 9:00,Injury,14.65679905,121.0017782,Hit Object
None,EDSA,None,None,"No Accident Factor, Side Swipe, 0.0 drivers_injured, 0.0 drivers_killed, 0.0 passengers_injured, 0.0 passengers_killed, 0.0 pedestrian_injured, 0.0 pedestrian_killed, Fair (Day), Balintawak Market  Bgy. Ug Sigaw Quezon City",MMDA Road Safety Unit,,d50086bf-9ce4-4508-a786-8f105643a9cd,2014-08-01,04:30:00,"Bonifacio Monument Circle, South West Quadrant Caloocan",0,0,0,0,0,0,0,0,0,0,2014-08-01 12:30,Property,14.65679905,121.0017782,Side Swipe
"Tropical Hut, EDSA, Balintawak Estate Subdivision, Caloocan, Metro Manila, 1400, Philippines",EDSA,clear-day,day,BUMPED FROM BEHIND,MMDA Metrobase,,268e56da-525b-42cd-aeba-b343df7cf029,2016-10-24,23:36:01,Bonifacio Monument Circle Caloocan,0,0,0,0,0,0,0,0,0,0,2016-10-25 7:36,Property,14.65683488,120.9842134,Rear-End
None,EDSA,None,None,"No Accident Factor, No Collision Stated (based on Police Blotter Book), 0.0 drivers_injured, 0.0 drivers_killed, 0.0 passengers_injured, 0.0 passengers_killed, 0.0 pedestrian_injured, 0.0 pedestrian_killed, Fair (Day), City Bank   Quezon City",MMDA Road Safety Unit,,3df02c87-964c-4131-b763-f6bc6f01d055,2014-05-29,07:00:00,"EDSA Jac Liner Bus Terminal, Pinyahan Quezon City",0,0,0,0,0,0,0,0,0,0,2014-05-29 15:00,Property,14.6569063,120.99299,No Collision Stated
"Andres Bonifacio Monument, Monumento Circle, 78, Caloocan, Metro Manila, 1475, Philippines",EDSA,partly-cloudy-day,day,BUMPED FROM BEHIND,MMDA Metrobase,,dc0847b7-f818-4608-8419-339bc1f31788,2016-11-13,23:10:10,EDSA Robinsons Galleria  Quezon City,0,0,0,0,0,0,0,0,0,0,2016-11-14 7:10,Property,14.65691792,120.9839344,Rear-End
None,EDSA,None,None,"No Accident Factor, No Collision Stated (based on Police Blotter Book), 0.0 drivers_injured, 0.0 drivers_killed, 0.0 passengers_injured, 0.0 passengers_killed, 0.0 pedestrian_injured, 0.0 pedestrian_killed, Fair (Day), Cloverleaf EDSA Balintawak Quezon City",MMDA Road Safety Unit,,04022642-4ac7-4feb-b492-b31586396e09,2014-02-05,00:10:00,"EDSA SM Hypermarket, Socorro Quezon City",0,0,0,0,0,0,0,0,0,0,2014-02-05 8:10,Property,14.65726839,121.0015698,No Collision Stated
None,EDSA,None,None,"No Accident Factor, Side Swipe, 0.0 drivers_injured, 0.0 drivers_killed, 0.0 passengers_injured, 0.0 passengers_killed, 0.0 pedestrian_injured, 0.0 pedestrian_killed, Fair (Night), Cloverleaf  EDSA Brgy Balingasa Quezon City",MMDA Road Safety Unit,,208abd05-ec1f-400a-b2c0-53e79e5f2b8b,2013-12-28,10:30:00,EDSA Poveda St.  Quezon City,0,0,0,0,0,0,0,0,0,0,2013-12-28 18:30,Property,14.65720702,121.0008815,Side Swipe
None,EDSA,None,None,"No Accident Factor, No Collision Stated (based on Police Blotter Book), 0.0 drivers_injured, 0.0 drivers_killed, 0.0 passengers_injured, 0.0 passengers_killed, 0.0 pedestrian_injured, 0.0 pedestrian_killed, Fair (Day), Cloverleaf  EDSA Southbound Brgy Balingasa Quezon City",MMDA Road Safety Unit,,f337a4c8-9d4d-4dd0-9f23-53ebf455c132,2013-12-20,04:30:00,EDSA Ortigas Ave.  Quezon City,0,0,0,0,0,0,0,0,0,0,2013-12-20 12:30,Property,14.65729815,121.0021642,No Collision Stated
None,EDSA,None,None,"No Accident Factor, No Collision Stated (based on Police Blotter Book), 0.0 drivers_injured, 0.0 drivers_killed, 0.0 passengers_injured, 0.0 passengers_killed, 0.0 pedestrian_injured, 0.0 pedestrian_killed, Fair (Day), Cloverleaf before EDSA, Bgy. Balingasa Quezon City",MMDA Road Safety Unit,,1cc189c5-8807-423c-b7e8-c18daa8737db,2013-06-11,09:30:00,EDSA Aurora Blvd.  Quezon City,0,0,0,0,0,0,0,0,0,0,2013-06-11 17:30,Property,14.65714634,120.9993863,No Collision Stated
None,EDSA,None,None,"No Accident Factor, No Collision Stated (based on Police Blotter Book), 0.0 drivers_injured, 0.0 drivers_killed, 0.0 passengers_injured, 0.0 passengers_killed, 0.0 pedestrian_injured, 0.0 pedestrian_killed, Fair (Day), Cloverleaf before EDSA, Bgy. Ug Sigaw Quezon City",MMDA Road Safety Unit,,0ec61da9-c660-4339-8b0a-76f6e64f7b16,2013-06-01,03:30:00,EDSA Whiteplains Ave.  Quezon City,0,0,0,0,0,0,0,0,0,0,2013-06-01 11:30,Property,14.65714634,120.9993863,No Collision Stated
None,EDSA,None,None,"No Accident Factor, No Collision Stated (based on Police Blotter Book), 0.0 drivers_injured, 0.0 drivers_killed, 0.0 passengers_injured, 0.0 passengers_killed, 0.0 pedestrian_injured, 0.0 pedestrian_killed, Fair (Day), Cloverleaf EDSA (SB), Bgy. Balingasa Quezon City",MMDA Road Safety Unit,,9b66d715-e40f-4942-83c4-5147d5f2cb0d,2013-02-21,22:30:00,"EDSA Baliwag Bus Terminal, E. Rodriguez Quezon City",0,0,0,0,0,0,0,0,0,0,2013-02-22 6:30,Property,14.65726839,121.0015698,No Collision Stated
None,EDSA,None,None,"No Accident Factor, Side Swipe, 0.0 drivers_injured, 0.0 drivers_killed, 0.0 passengers_injured, 0.0 passengers_killed, 0.0 pedestrian_injured, 0.0 pedestrian_killed, Fair (Day), Cloverleaf EDSA (SB), Bgy. Balingasa Quezon City",MMDA Road Safety Unit,,8b9a9f32-fee5-461b-90a0-ec6924d069ef,2013-02-17,22:00:00,"EDSA East Ave., Pinyahan Quezon City",0,0,0,0,0,0,0,0,0,0,2013-02-18 6:00,Property,14.65726839,121.0015698,Side Swipe
None,EDSA,None,None,"No Accident Factor, Hit and Run (No Collision Stated), 0.0 drivers_injured, 0.0 drivers_killed, 0.0 passengers_injured, 0.0 passengers_killed, 0.0 pedestrian_injured, 0.0 pedestrian_killed, Fair (Day), Cloverleaf EDSA, Bgy. Ug Sigaw Quezon City",MMDA Road Safety Unit,,2ed5e06b-dccf-4501-bf0d-8ef37c115b3d,2013-02-15,02:05:00,EDSA Kamuning Road Quezon City,0,0,0,0,0,0,0,0,0,0,2013-02-15 10:05,Property,14.65728357,121.0008328,No Collision Stated
None,EDSA,None,None,"No Accident Factor, No Collision Stated (based on Police Blotter Book), 0.0 drivers_injured, 0.0 drivers_killed, 0.0 passengers_injured, 0.0 passengers_killed, 0.0 pedestrian_injured, 0.0 pedestrian_killed, Fair (Night), Cloverleaf EDSA S/B Bgy.Balingasa Quezon City",MMDA Road Safety Unit,,471825e4-a441-4e24-b97b-61838cc4f0cd,2012-12-29,18:00:00,EDSA Whiteplains Ave.  Quezon City,0,0,0,0,0,0,0,0,0,0,2012-12-30 2:00,Property,14.65728357,121.0008328,No Collision Stated
None,EDSA,None,None,"No Accident Factor, No Collision Stated (based on Police Blotter Book), 0.0 drivers_injured, 0.0 drivers_killed, 0.0 passengers_injured, 0.0 passengers_killed, 0.0 pedestrian_injured, 0.0 pedestrian_killed, Fair (Night), Cloverleaf EDSA, Bgy. Ug Sigaw Quezon City",MMDA Road Safety Unit,,40d3c8c2-1244-4fc4-bda7-4ebfdc52c6ff,2012-07-06,21:45:00,"EDSA Congressional Ave., Ramon Magsaysay Quezon City",0,0,0,0,0,0,0,0,0,0,2012-07-07 5:45,Property,14.65728357,121.0008328,No Collision Stated
None,EDSA,None,None,"No Accident Factor, No Collision Stated (based on Police Blotter Book), 0.0 drivers_injured, 0.0 drivers_killed, 0.0 passengers_injured, 0.0 passengers_killed, 0.0 pedestrian_injured, 0.0 pedestrian_killed, Fair (Night), Cloverleaf EDSA Quezon City",MMDA Road Safety Unit,,c346d57e-eb69-4cb6-82ff-21ff2da92834,2012-06-25,14:30:00,EDSA North Road  Quezon City,0,0,0,0,0,0,0,0,0,0,2012-06-25 22:30,Property,14.65728357,121.0008328,No Collision Stated
None,EDSA,None,None,"No Accident Factor, No Collision Stated (based on Police Blotter Book), 0.0 drivers_injured, 0.0 drivers_killed, 0.0 passengers_injured, 0.0 passengers_killed, 0.0 pedestrian_injured, 0.0 pedestrian_killed, Fair (Night), Cloverleaf EDSA., Bgy. Ug Sigaw Quezon City",MMDA Road Safety Unit,,df031a1c-5b07-46b4-9b78-fc8e7abe2877,2012-06-16,13:35:00,EDSA Col. Bonny Serrano Ave. Quezon City,0,0,0,0,0,0,0,0,0,0,2012-06-16 21:35,Property,14.65728357,121.0008328,No Collision Stated
None,EDSA,None,None,"No Accident Factor, Side Swipe, 0.0 drivers_injured, 0.0 drivers_killed, 0.0 passengers_injured, 0.0 passengers_killed, 0.0 pedestrian_injured, 0.0 pedestrian_killed, Fair (Day), Cloverleaf EDSA Near A. Bonifacio Ave. Quezon City",MMDA Road Safety Unit,,bd54eb97-2b54-4d6a-9e2a-bb9317b14f8b,2012-06-10,02:30:00,EDSA Superlines Bus Terminal Quezon City,0,0,0,0,0,0,0,0,0,0,2012-06-10 10:30,Property,14.65726839,121.0015698,Side Swipe
"Bank of Commerce, Biglang Awa, Balintawak Estate Subdivision, Caloocan, Metro Manila, 1115, Philippines",EDSA,rain,day,(+)2 INJURED; (+) MMDA AMBULANCE,Other,,ea908ba6-64b1-499b-88ac-a7e7b6a5d9ff,2016-10-16,23:55:35,EDSA Sct. Borromeo St.  Quezon City,0,0,0,0,0,0,0,2,0,2,2016-10-17 7:55,Injury,14.65710475,120.9943843,Side Swipe
"Union Bank, Urbano Plata Road, Balintawak Estate Subdivision, Caloocan, Metro Manila, 1400, Philippines",EDSA,partly-cloudy-day,day,BUMPED FROM BEHIND,Other,,9aa15258-671b-4410-b127-030c398b7bf3,2016-10-07,23:32:17,EDSA P. Tuazon Blvd. Quezon City,0,0,0,0,0,0,0,0,0,0,2016-10-08 7:32,Property,14.65712551,120.9927535,Rear-End
None,EDSA,None,None,"No Accident Factor, No Collision Stated (based on Police Blotter Book), 0.0 drivers_injured, 0.0 drivers_killed, 1.0 passengers_injured, 0.0 passengers_killed, 0.0 pedestrian_injured, 0.0 pedestrian_killed, Fair (Day), Bonifacio Monumento Circle, SM Hypermarket Caloocan",MMDA Road Safety Unit,,27a6c87b-30be-4bee-9fcc-aa256034266e,2016-09-26,06:55:00,"EDSA Misamis St., Sto. Cristo Quezon City",0,0,0,0,1,0,0,0,0,1,2016-09-26 14:55,Injury,14.6571285,120.984107,No Collision Stated
None,EDSA,None,None,"No Accident Factor, Rear-end, 0.0 drivers_injured, 0.0 drivers_killed, 0.0 passengers_injured, 0.0 passengers_killed, 0.0 pedestrian_injured, 0.0 pedestrian_killed, Fair (Day), Bonifacio Monumento Circle Caloocan",MMDA Road Safety Unit,,8032cb63-0d5e-42cd-abb8-39a21e9d3186,2016-09-25,05:00:00,EDSA Jam Bus Liner Terminal Quezon City,0,0,0,0,0,0,0,0,0,0,2016-09-25 13:00,Property,14.6571285,120.984107,Rear-End
None,EDSA,None,None,"No Accident Factor, No Collision Stated (based on Police Blotter Book), 0.0 drivers_injured, 0.0 drivers_killed, 0.0 passengers_injured, 0.0 passengers_killed, 0.0 pedestrian_injured, 0.0 pedestrian_killed, Fair (Night), Bonifacio Monumento Circle, North West Quadrant Caloocan",MMDA Road Safety Unit,,06625c23-3754-43bf-9428-bfd534869f7b,2016-09-24,13:45:00,EDSA North Road  Quezon City,0,0,0,0,0,0,0,0,0,0,2016-09-24 21:45,Property,14.65742163,120.9837212,No Collision Stated
None,EDSA,None,None,"No Accident Factor, No Collision Stated (based on Police Blotter Book), 0.0 drivers_injured, 0.0 drivers_killed, 0.0 passengers_injured, 0.0 passengers_killed, 0.0 pedestrian_injured, 0.0 pedestrian_killed, Fair (Day), Bonifacio Monumento Circle Caloocan",MMDA Road Safety Unit,,58f53473-a35e-4f83-b234-9c3fcfbac528,2016-09-24,00:25:00,EDSA Aurora Blvd.  Quezon City,0,0,0,0,0,0,0,0,0,0,2016-09-24 8:25,Property,14.6571285,120.984107,No Collision Stated
None,EDSA,None,None,"No Accident Factor, No Collision Stated (based on Police Blotter Book), 0.0 drivers_injured, 0.0 drivers_killed, 0.0 passengers_injured, 0.0 passengers_killed, 0.0 pedestrian_injured, 0.0 pedestrian_killed, Fair (Day), Bonifacio Monumento Circle, NorthWest Quadrant Caloocan",MMDA Road Safety Unit,,22710c49-9777-4b5a-9359-e09e058a66c0,2016-09-22,06:00:00,EDSA MRT North Station Quezon City,0,0,0,0,0,0,0,0,0,0,2016-09-22 14:00,Property,14.65742163,120.9837212,No Collision Stated
None,EDSA,None,None,"No Accident Factor, Rear-end, 0.0 drivers_injured, 0.0 drivers_killed, 0.0 passengers_injured, 0.0 passengers_killed, 0.0 pedestrian_injured, 0.0 pedestrian_killed, Fair (Day), Bonifacio Monumento Circle, Hypermarket Caloocan",MMDA Road Safety Unit,,308fb92b-de2a-4f6d-9143-6e89cea0c724,2016-09-19,00:30:00,EDSA Ortigas Ave.  Quezon City,0,0,0,0,0,0,0,0,0,0,2016-09-19 8:30,Property,14.6571285,120.984107,Rear-End
None,EDSA,None,None,"No Accident Factor, No Collision Stated (based on Police Blotter Book), 0.0 drivers_injured, 0.0 drivers_killed, 0.0 passengers_injured, 0.0 passengers_killed, 0.0 pedestrian_injured, 0.0 pedestrian_killed, Fair (Night), Bonifacio Monumento Circle, North West Quadrant Caloocan",MMDA Road Safety Unit,,9432d836-1432-43af-8ade-677285831129,2016-09-18,11:05:00,"EDSA SM North, Pag-Asa  Quezon City",0,0,0,0,0,0,0,0,0,0,2016-09-18 19:05,Property,14.65742163,120.9837212,No Collision Stated
None,EDSA,None,None,"No Accident Factor, Side Swipe, 0.0 drivers_injured, 0.0 drivers_killed, 0.0 passengers_injured, 0.0 passengers_killed, 0.0 pedestrian_injured, 0.0 pedestrian_killed, Fair (Night), Bonifacio Monumento Circle, North West Quadrant Caloocan",MMDA Road Safety Unit,,dd14906c-7801-4aa9-9c3a-06e6578c95b5,2016-09-14,21:45:00,"EDSA Misamis St., Sto. Cristo Quezon City",0,0,0,0,0,0,0,0,0,0,2016-09-15 5:45,Property,14.65742163,120.9837212,Side Swipe
None,EDSA,None,None,"No Accident Factor, Hit and Run (No Collision Stated), 0.0 drivers_injured, 0.0 drivers_killed, 0.0 passengers_injured, 0.0 passengers_killed, 0.0 pedestrian_injured, 0.0 pedestrian_killed, Fair (Night), Bonifacio Monumento Circle Caloocan",MMDA Road Safety Unit,,03aca51f-2896-403a-82e8-9e16d0a59ab2,2016-09-14,15:45:00,"EDSA  ""U"" turn slot, Ramon Magsaysay Quezon City",0,0,0,0,0,0,0,0,0,0,2016-09-14 23:45,Property,14.6571285,120.984107,No Collision Stated
None,EDSA,None,None,"No Accident Factor, Side Swipe, 0.0 drivers_injured, 0.0 drivers_killed, 0.0 passengers_injured, 0.0 passengers_killed, 0.0 pedestrian_injured, 0.0 pedestrian_killed, Fair (Day), Bonifacio Monumento Circle, NorthWest Quadrant Caloocan",MMDA Road Safety Unit,,78a5cfb3-cb08-46fc-b923-9c299596c815,2016-09-14,07:45:00,EDSA Kamuning Road Quezon City,0,0,0,0,0,0,0,0,0,0,2016-09-14 15:45,Property,14.65742163,120.9837212,Side Swipe
None,EDSA,None,None,"No Accident Factor, Hit Parked Vehicle, 0.0 drivers_injured, 0.0 drivers_killed, 0.0 passengers_injured, 0.0 passengers_killed, 0.0 pedestrian_injured, 0.0 pedestrian_killed, Fair (Night), Bonifacio Monumento Circle, Mercury Drug Store  Caloocan",MMDA Road Safety Unit,,8f0c5741-89d6-4ee6-9a41-8ab8c3e0b682,2016-09-12,18:00:00,EDSA Kamuning PCP Station 10  Quezon City,0,0,0,0,0,0,0,0,0,0,2016-09-13 2:00,Property,14.6571285,120.984107,Hit Object
None,EDSA,None,None,"No Accident Factor, Side Swipe, 0.0 drivers_injured, 0.0 drivers_killed, 0.0 passengers_injured, 0.0 passengers_killed, 0.0 pedestrian_injured, 0.0 pedestrian_killed, Fair (Day), Bonifacio Monumento Circle Caloocan",MMDA Road Safety Unit,,2093f0a1-4e6f-49a1-8141-1f897749a36e,2016-09-11,07:30:00,EDSA Ortigas Ave.  Quezon City,0,0,0,0,0,0,0,0,0,0,2016-09-11 15:30,Property,14.6571285,120.984107,Side Swipe
None,EDSA,None,None,"No Accident Factor, No Collision Stated (based on Police Blotter Book), 0.0 drivers_injured, 0.0 drivers_killed, 0.0 passengers_injured, 0.0 passengers_killed, 0.0 pedestrian_injured, 0.0 pedestrian_killed, Fair (Day), Bonifacio Monumento Circle Caloocan",MMDA Road Safety Unit,,43e5691d-e194-4636-862c-b3a7dc3a40b6,2016-09-11,07:15:00,"EDSA Congressional Ave., Ramon Magsaysay Quezon City",0,0,0,0,0,0,0,0,0,0,2016-09-11 15:15,Property,14.6571285,120.984107,No Collision Stated