LOCATION_TEXT,ROAD,WEATHER,LIGHT,DESC,REPORTING_AGENCY,MAIN_CAUSE,INCIDENTDETAILS_ID,DATE_UTC,TIME_UTC,ADDRESS,killed_driver,killed_passenger,killed_pedestrian,injured_driver,injured_passenger,injured_pedestrian,killed_uncategorized,injured_uncategorized,killed_total,injured_total,DATETIME_PST,SEVERITY,Y,X,COLLISION_TYPE
None,EDSA,None,None,"No Accident Factor, No Collision Stated (based on Police Blotter Book), 0.0 drivers_injured, 0.0 drivers_killed, 0.0 passengers_injured, 0.0 passengers_killed, 0.0 pedestrian_injured, 0.0 pedestrian_killed, Fair (Day), Bonifacio Monumento Circle, North West Quadrant Caloocan",MMDA Road Safety Unit,,e9d711d2-0d6f-4d2f-b8fb-7b301daa7009,2016-09-10,05:15:00,EDSA Kamuning Road Quezon City,0,0,0,0,0,0,0,0,0,0,2016-09-10 13:15,Property,14.65742163,120.9837212,No Collision Stated
None,EDSA,None,None,"No Accident Factor, No Collision Stated (based on Police Blotter Book), 0.0 drivers_injured, 0.0 drivers_killed, 0.0 passengers_injured, 0.0 passengers_killed, 0.0 pedestrian_injured, 0.0 pedestrian_killed, Fair (Night), Bonifacio Monumento Circle, North East Quadrant Caloocan",MMDA Road Safety Unit,,c718a9c2-6456-46dc-80e5-245b3bae7d34,2016-09-08,11:25:00,EDSA Whiteplains Ave.  Quezon City,0,0,0,0,0,0,0,0,0,0,2016-09-08 19:25,Property,14.65733017,120.9842034,No Collision Stated
None,EDSA,None,None,"No Accident Factor, No Collision Stated (based on Police Blotter Book), 0.0 drivers_injured, 0.0 drivers_killed, 0.0 passengers_injured, 0.0 passengers_killed, 0.0 pedestrian_injured, 0.0 pedestrian_killed, Fair (Day), Bonifacio Monumento Circle Caloocan",MMDA Road Safety Unit,,2f70269b-82fb-4ead-a396-1e195a82cc69,2016-09-08,00:10:00,EDSA Main Ave. Quezon City,0,0,0,0,0,0,0,0,0,0,2016-09-08 8:10,Property,14.6571285,120.984107,No Collision Stated
None,EDSA,None,None,"No Accident Factor, Multiple Collision, 0.0 drivers_injured, 0.0 drivers_killed, 0.0 passengers_injured, 0.0 passengers_killed, 0.0 pedestrian_injured, 0.0 pedestrian_killed, Fair (Night), Bonifacio Monumento Circle Caloocan",MMDA Road Safety Unit,,375bcebc-db66-44dc-866c-4af5ab9fa31f,2016-09-07,14:00:00,EDSA Cloverleaf Quezon City,0,0,0,0,0,0,0,0,0,0,2016-09-07 22:00,Property,14.6571285,120.984107,Multiple
None,EDSA,None,None,"No Accident Factor, Hit Object (No Object Stated), 0.0 drivers_injured, 0.0 drivers_killed, 0.0 passengers_injured, 0.0 passengers_killed, 0.0 pedestrian_injured, 0.0 pedestrian_killed, Fair (Day), Bonifacio Monumento Circle Caloocan",MMDA Road Safety Unit,,5b7b3bd7-3a20-4011-a6d4-4e612ca17b46,2016-09-05,23:45:00,EDSA Camp Aguinaldo Quezon City,0,0,0,0,0,0,0,0,0,0,2016-09-06 7:45,Property,14.6571285,120.984107,Hit Object
None,EDSA,None,None,"No Accident Factor, No Collision Stated (based on Police Blotter Book), 0.0 drivers_injured, 0.0 drivers_killed, 0.0 passengers_injured, 0.0 passengers_killed, 0.0 pedestrian_injured, 0.0 pedestrian_killed, Fair (Day), Bonifacio Monumento Circle, Araneta Avenue Caloocan",MMDA Road Safety Unit,,9e59b5a6-559a-4779-a077-3485f893bf61,2016-09-01,00:40:00,EDSA  Sct. Borromeo St.  Quezon City,0,0,0,0,0,0,0,0,0,0,2016-09-01 8:40,Property,14.65699649,120.9836639,No Collision Stated
None,EDSA,None,None,"No Accident Factor, Rear-end, 0.0 drivers_injured, 0.0 drivers_killed, 0.0 passengers_injured, 0.0 passengers_killed, 0.0 pedestrian_injured, 0.0 pedestrian_killed, Fair (Day), Bonifacio Monumento Circle Caloocan",MMDA Road Safety Unit,,85e14385-6635-490f-a69f-289dbd09fb6f,2016-08-30,08:30:00,EDSA Robinsons Galleria  Quezon City,0,0,0,0,0,0,0,0,0,0,2016-08-30 16:30,Property,14.6571285,120.984107,Rear-End
None,EDSA,None,None,"No Accident Factor, No Collision Stated (based on Police Blotter Book), 0.0 drivers_injured, 0.0 drivers_killed, 0.0 passengers_injured, 0.0 passengers_killed, 0.0 pedestrian_injured, 0.0 pedestrian_killed, Fair (Night), Bonifacio Monumento Circle, South Quadrant Caloocan",MMDA Road Safety Unit,,7de95e35-bf8a-4ddf-ba54-f6bd15f02ad8,2016-08-27,19:00:00,EDSA Kaingin Road Quezon City,0,0,0,0,0,0,0,0,0,0,2016-08-28 3:00,Property,14.6571285,120.984107,No Collision Stated
None,EDSA,None,None,"No Accident Factor, No Collision Stated (based on Police Blotter Book), 0.0 drivers_injured, 0.0 drivers_killed, 0.0 passengers_injured, 0.0 passengers_killed, 0.0 pedestrian_injured, 0.0 pedestrian_killed, Fair (Night), Bonifacio Memorial Circle, SM Hypermarket Caloocan",MMDA Road Safety Unit,,4f05d2c0-8f5f-4e1c-bf16-ac860207478e,2016-08-25,12:00:00,EDSA East Ave. Quezon City,0,0,0,0,0,0,0,0,0,0,2016-08-25 20:00,Property,14.65709318,120.9837288,No Collision Stated
None,EDSA,None,None,"No Accident Factor, No Collision Stated (based on Police Blotter Book), 0.0 drivers_injured, 0.0 drivers_killed, 0.0 passengers_injured, 0.0 passengers_killed, 0.0 pedestrian_injured, 0.0 pedestrian_killed, Fair (Day), Bonifacio Monumento Circle Caloocan",MMDA Road Safety Unit,,8c07461d-e2a2-49f5-8d34-4ce33167e1a0,2016-08-25,01:25:00,"EDSA Main Ave., Socorro Quezon City",0,0,0,0,0,0,0,0,0,0,2016-08-25 9:25,Property,14.6571285,120.984107,No Collision Stated
None,EDSA,None,None,"No Accident Factor, No Collision Stated (based on Police Blotter Book), 0.0 drivers_injured, 0.0 drivers_killed, 0.0 passengers_injured, 0.0 passengers_killed, 0.0 pedestrian_injured, 0.0 pedestrian_killed, Fair (Night), Bonifacio Monumento Circle Caloocan",MMDA Road Safety Unit,,f5231a4b-d896-455b-a50f-0a1381e4bec2,2016-08-16,13:00:00,EDSA Camp Aguinaldo Quezon City,0,0,0,0,0,0,0,0,0,0,2016-08-16 21:00,Property,14.6571285,120.984107,No Collision Stated
None,EDSA,None,None,"No Accident Factor, Side Swipe, 0.0 drivers_injured, 0.0 drivers_killed, 0.0 passengers_injured, 0.0 passengers_killed, 0.0 pedestrian_injured, 0.0 pedestrian_killed, Fair (Day), Bonifacio Monumento Circle Caloocan",MMDA Road Safety Unit,,b08dca68-c374-4ebd-891a-38c9e587ecd7,2016-08-14,06:00:00,"EDSA Misamis St., Pag-Asa Quezon City",0,0,0,0,0,0,0,0,0,0,2016-08-14 14:00,Property,14.6571285,120.984107,Side Swipe
None,EDSA,None,None,"No Accident Factor, Rear-end, 1.0 drivers_injured, 0.0 drivers_killed, 0.0 passengers_injured, 0.0 passengers_killed, 0.0 pedestrian_injured, 0.0 pedestrian_killed, Fair (Day), Bonifacio Monumento Circle Caloocan",MMDA Road Safety Unit,,67c655a8-f515-42b0-b7cd-9259e3954bc6,2016-08-12,23:40:00,EDSA P. Tuazon Blvd. Quezon City,0,0,0,1,0,0,0,0,0,1,2016-08-13 7:40,Injury,14.6571285,120.984107,Rear-End
None,EDSA,None,None,"No Accident Factor, Side Swipe, 0.0 drivers_injured, 0.0 drivers_killed, 0.0 passengers_injured, 0.0 passengers_killed, 0.0 pedestrian_injured, 0.0 pedestrian_killed, Fair (Night), Bonifacio Monumento Circle Caloocan",MMDA Road Safety Unit,,e97d4c26-abd2-4ef7-8341-96334e1966ac,2016-08-10,11:05:00,EDSA Gen. Roxas Ave.  Quezon City,0,0,0,0,0,0,0,0,0,0,2016-08-10 19:05,Property,14.6571285,120.984107,Side Swipe
None,EDSA,None,None,"No Accident Factor, No Collision Stated (based on Police Blotter Book), 0.0 drivers_injured, 0.0 drivers_killed, 0.0 passengers_injured, 0.0 passengers_killed, 0.0 pedestrian_injured, 0.0 pedestrian_killed, Fair (Night), Bonifacio Monumento Circle Caloocan",MMDA Road Safety Unit,,610c42e6-dc5f-49b8-85c5-8fb45c1093f7,2016-08-10,10:20:00,EDSA Camp Aguinaldo Quezon City,0,0,0,0,0,0,0,0,0,0,2016-08-10 18:20,Property,14.6571285,120.984107,No Collision Stated
None,EDSA,None,None,"No Accident Factor, No Collision Stated (based on Police Blotter Book), 0.0 drivers_injured, 0.0 drivers_killed, 1.0 passengers_injured, 0.0 passengers_killed, 0.0 pedestrian_injured, 0.0 pedestrian_killed, Fair (Night), Bonifacio Monumento Circle Caloocan",MMDA Road Safety Unit,,d1f92a6e-06d9-4299-b935-7d75dc56debc,2016-08-06,11:00:00,EDSA New York St. Quezon City,0,0,0,0,1,0,0,0,0,1,2016-08-06 19:00,Injury,14.6571285,120.984107,No Collision Stated
None,EDSA,None,None,"No Accident Factor, No Collision Stated (based on Police Blotter Book), 0.0 drivers_injured, 0.0 drivers_killed, 0.0 passengers_injured, 0.0 passengers_killed, 0.0 pedestrian_injured, 0.0 pedestrian_killed, Fair (Day), Bonifacio Memorial Circle, Araneta Square Caloocan",MMDA Road Safety Unit,,1c391a27-ddd0-4fe6-884a-e44dfc7cfa7f,2016-08-02,23:30:00,EDSA  Santolan Road Quezon City,0,0,0,0,0,0,0,0,0,0,2016-08-03 7:30,Property,14.65698104,120.9837299,No Collision Stated
None,EDSA,None,None,"No Accident Factor, Side Swipe, 1.0 drivers_injured, 0.0 drivers_killed, 0.0 passengers_injured, 0.0 passengers_killed, 0.0 pedestrian_injured, 0.0 pedestrian_killed, Fair (Day), Bonifacio Memorial Circle, SM Hypermarket Caloocan",MMDA Road Safety Unit,,011e2a46-1655-43b1-b32b-6f21dc6fb3de,2016-08-01,06:20:00,EDSA Cloverleaf Road Quezon City,0,0,0,1,0,0,0,0,0,1,2016-08-01 14:20,Injury,14.65709318,120.9837288,Side Swipe
None,EDSA,None,None,"No Accident Factor, Hit Parked Vehicle, 0.0 drivers_injured, 0.0 drivers_killed, 0.0 passengers_injured, 0.0 passengers_killed, 0.0 pedestrian_injured, 0.0 pedestrian_killed, Fair (Day), Bonifacio Memorial Circle Caloocan",MMDA Road Safety Unit,,bc8808b1-1876-4cc9-bfd4-bb7faa43ffe3,2016-07-29,01:10:00,EDSA Liberty Ave. Quezon City,0,0,0,0,0,0,0,0,0,0,2016-07-29 9:10,Property,14.6571285,120.984107,Hit Object
None,EDSA,None,None,"No Accident Factor, Side Swipe, 0.0 drivers_injured, 0.0 drivers_killed, 0.0 passengers_injured, 0.0 passengers_killed, 0.0 pedestrian_injured, 0.0 pedestrian_killed, Fair (Day), Bonifacio Memorial Circle Caloocan",MMDA Road Safety Unit,,639980d2-8271-4174-b2eb-f42428f8a036,2016-07-27,07:30:00,"EDSA Landmark, Pag-Asa Quezon City",0,0,0,0,0,0,0,0,0,0,2016-07-27 15:30,Property,14.6571285,120.984107,Side Swipe
None,EDSA,None,None,"No Accident Factor, No Collision Stated (based on Police Blotter Book), 0.0 drivers_injured, 0.0 drivers_killed, 0.0 passengers_injured, 0.0 passengers_killed, 0.0 pedestrian_injured, 0.0 pedestrian_killed, Fair (Day), Bonifacio Monumento Circle, SM Hypermarket Caloocan",MMDA Road Safety Unit,,27c3a786-9e04-47d5-8fe7-cf3bbbeb442b,2016-07-22,04:45:00,EDSA Whiteplains Ave. Quezon City,0,0,0,0,0,0,0,0,0,0,2016-07-22 12:45,Property,14.6571285,120.984107,No Collision Stated
None,EDSA,None,None,"No Accident Factor, Hit Object (No Object Stated), 0.0 drivers_injured, 0.0 drivers_killed, 0.0 passengers_injured, 0.0 passengers_killed, 0.0 pedestrian_injured, 0.0 pedestrian_killed, Fair (Day), Bonifacio Monumento Circle Caloocan",MMDA Road Safety Unit,,8d044e96-0dd3-4a88-b283-5b8c0871e982,2016-07-21,06:15:00,"EDSA Mindanao Ave. Extn., Pag-Asa  Quezon City",0,0,0,0,0,0,0,0,0,0,2016-07-21 14:15,Property,14.6571285,120.984107,Hit Object
None,EDSA,None,None,"No Accident Factor, Side Swipe, 0.0 drivers_injured, 0.0 drivers_killed, 0.0 passengers_injured, 0.0 passengers_killed, 0.0 pedestrian_injured, 0.0 pedestrian_killed, Fair (Day), Bonifacio Monumento Circle, East Quadrant, Ukay-Ukay Store Caloocan",MMDA Road Safety Unit,,ff56504e-49cf-40c8-a95c-3c6fdc05e522,2016-07-20,04:45:00,"EDSA Eton Centris, Pinyahan Quezon City",0,0,0,0,0,0,0,0,0,0,2016-07-20 12:45,Property,14.657194,120.984271,Side Swipe
None,EDSA,None,None,"No Accident Factor, Rear-end, 0.0 drivers_injured, 0.0 drivers_killed, 0.0 passengers_injured, 0.0 passengers_killed, 0.0 pedestrian_injured, 0.0 pedestrian_killed, Fair (Day), Bonifacio Monumento Circle Caloocan",MMDA Road Safety Unit,,16af94a8-16ba-462e-9a72-609f828a3a80,2016-07-19,07:45:00,EDSA Gen. Mc Arthur Ave. Quezon City,0,0,0,0,0,0,0,0,0,0,2016-07-19 15:45,Property,14.6571285,120.984107,Rear-End
None,EDSA,None,None,"No Accident Factor, Side Swipe, 0.0 drivers_injured, 0.0 drivers_killed, 0.0 passengers_injured, 0.0 passengers_killed, 0.0 pedestrian_injured, 0.0 pedestrian_killed, Fair (Day), Bonifacio Monumento Circle Caloocan",MMDA Road Safety Unit,,96568b5f-0ddb-4907-a483-fd38cb85176d,2016-07-15,04:45:00,"EDSA SM North, Pag-Asa  Quezon City",0,0,0,0,0,0,0,0,0,0,2016-07-15 12:45,Property,14.6571285,120.984107,Side Swipe
None,EDSA,None,None,"No Accident Factor, No Collision Stated (based on Police Blotter Book), 0.0 drivers_injured, 0.0 drivers_killed, 0.0 passengers_injured, 0.0 passengers_killed, 0.0 pedestrian_injured, 0.0 pedestrian_killed, Fair (Night), Bonifacio Memorial Circle Caloocan",MMDA Road Safety Unit,,143180d3-c221-4d67-942c-b2489efb9d0f,2016-07-08,15:10:00,EDSA National Printing Office Quezon City,0,0,0,0,0,0,0,0,0,0,2016-07-08 23:10,Property,14.6571285,120.984107,No Collision Stated
None,EDSA,None,None,"No Accident Factor, Side Swipe, 0.0 drivers_injured, 0.0 drivers_killed, 0.0 passengers_injured, 0.0 passengers_killed, 0.0 pedestrian_injured, 0.0 pedestrian_killed, Fair (Night), Bonifacio Memorial Circle (Southeast Quadrant), Bgy. 86 Caloocan",MMDA Road Safety Unit,,f52d905e-93c9-4059-bb25-be2e898af839,2016-07-06,12:15:00,EDSA Robinsons Galleria Quezon City,0,0,0,0,0,0,0,0,0,0,2016-07-06 20:15,Property,14.6571285,120.984107,Side Swipe
None,EDSA,None,None,"No Accident Factor, No Collision Stated (based on Police Blotter Book), 0.0 drivers_injured, 0.0 drivers_killed, 0.0 passengers_injured, 0.0 passengers_killed, 0.0 pedestrian_injured, 0.0 pedestrian_killed, Fair (Night), Bonifacio Memorial Circle, Araneta Square Dept., Store Caloocan",MMDA Road Safety Unit,,e2b972b4-3ea9-46f7-85ba-b735c6045a7f,2016-07-05,14:15:00,EDSA Quezon Ave.  Quezon City,0,0,0,0,0,0,0,0,0,0,2016-07-05 22:15,Property,14.65698104,120.9837299,No Collision Stated
None,EDSA,None,None,"No Accident Factor, No Collision Stated (based on Police Blotter Book), 0.0 drivers_injured, 0.0 drivers_killed, 0.0 passengers_injured, 0.0 passengers_killed, 0.0 pedestrian_injured, 0.0 pedestrian_killed, Fair (Day), Bonifacio Memorial Circle (Southwest Quadrant, Araneta Square) Caloocan",MMDA Road Safety Unit,,e1b54bc5-5417-4210-a39c-5e3c8d6c7ce8,2016-07-02,05:15:00,EDSA Kamias Road Quezon City,0,0,0,0,0,0,0,0,0,0,2016-07-02 13:15,Property,14.65698219,120.9838615,No Collision Stated
None,EDSA,None,None,"No Accident Factor, Angle Impact, 0.0 drivers_injured, 0.0 drivers_killed, 0.0 passengers_injured, 0.0 passengers_killed, 0.0 pedestrian_injured, 0.0 pedestrian_killed, Fair (Day), Bonifacio Memorial Circle (SM Hypermarket) Caloocan",MMDA Road Safety Unit,,211890db-8e54-4e07-be96-3c69b53502c6,2016-07-02,00:00:00,"EDSA Bansalangin St., Veterans Quezon City",0,0,0,0,0,0,0,0,0,0,2016-07-02 8:00,Property,14.6571285,120.984107,Angle Impact
None,EDSA,None,None,"No Accident Factor, No Collision Stated (based on Police Blotter Book), 0.0 drivers_injured, 0.0 drivers_killed, 0.0 passengers_injured, 0.0 passengers_killed, 0.0 pedestrian_injured, 0.0 pedestrian_killed, Fair (Night), Bonifacio Memorial Circle Caloocan",MMDA Road Safety Unit,,38fbbfd0-5472-4bea-81a8-1f40674f8367,2016-06-27,14:30:00,"EDSA Lemon Square Bldg., Katipu Quezon City",0,0,0,0,0,0,0,0,0,0,2016-06-27 22:30,Property,14.6571285,120.984107,No Collision Stated
None,EDSA,None,None,"No Accident Factor, Hit Parked Vehicle, 0.0 drivers_injured, 0.0 drivers_killed, 0.0 passengers_injured, 0.0 passengers_killed, 0.0 pedestrian_injured, 0.0 pedestrian_killed, Fair (Day), Bonifacio Memorial Circle, Jollibee Caloocan",MMDA Road Safety Unit,,1dfda55b-49c8-4f43-b3ff-781d311c8504,2016-06-18,08:30:00,EDSA Camp Aguinaldo Quezon City,0,0,0,0,0,0,0,0,0,0,2016-06-18 16:30,Property,14.6571285,120.984107,Hit Object
None,EDSA,None,None,"No Accident Factor, No Collision Stated (based on Police Blotter Book), 0.0 drivers_injured, 0.0 drivers_killed, 0.0 passengers_injured, 0.0 passengers_killed, 0.0 pedestrian_injured, 0.0 pedestrian_killed, Fair (Day), Bonifacio Memorial Circle Caloocan",MMDA Road Safety Unit,,71696d62-e784-4132-9c0e-11feb80b569e,2016-06-15,07:00:00,"EDSA Puregold, Balingasa Quezon City",0,0,0,0,0,0,0,0,0,0,2016-06-15 15:00,Property,14.6571285,120.984107,No Collision Stated
None,EDSA,None,None,"No Accident Factor, Side Swipe, 0.0 drivers_injured, 0.0 drivers_killed, 0.0 passengers_injured, 0.0 passengers_killed, 0.0 pedestrian_injured, 0.0 pedestrian_killed, Fair (Day), Bonifacio Memorial Circle (SM Hypermart) Caloocan",MMDA Road Safety Unit,,61e07a80-b9e5-40af-b0cc-bf4ed4624853,2016-06-13,08:30:00,EDSA A. Bonifacio Ave.  Quezon City,0,0,0,0,0,0,0,0,0,0,2016-06-13 16:30,Property,14.6571285,120.984107,Side Swipe
None,EDSA,None,None,"No Accident Factor, Rear-end, 0.0 drivers_injured, 0.0 drivers_killed, 0.0 passengers_injured, 0.0 passengers_killed, 0.0 pedestrian_injured, 0.0 pedestrian_killed, Fair (Night), Bonifacio Memorial Circle Caloocan",MMDA Road Safety Unit,,e90ace47-20ae-4647-8dfa-f6a8b01cd171,2016-06-11,10:00:00,EDSA National Printing Office Quezon City,0,0,0,0,0,0,0,0,0,0,2016-06-11 18:00,Property,14.6571285,120.984107,Rear-End
None,EDSA,None,None,"No Accident Factor, No Collision Stated (based on Police Blotter Book), 0.0 drivers_injured, 0.0 drivers_killed, 0.0 passengers_injured, 0.0 passengers_killed, 0.0 pedestrian_injured, 0.0 pedestrian_killed, Fair (Night), Bonifacio Memorial Circle (SM Hypermart) Caloocan",MMDA Road Safety Unit,,ba135301-1fbe-4eac-a969-faed54ca04b4,2016-06-09,17:30:00,EDSA K-10 St. Quezon City,0,0,0,0,0,0,0,0,0,0,2016-06-10 1:30,Property,14.6571285,120.984107,No Collision Stated
None,EDSA,None,None,"No Accident Factor, No Collision Stated (based on Police Blotter Book), 0.0 drivers_injured, 0.0 drivers_killed, 0.0 passengers_injured, 0.0 passengers_killed, 0.0 pedestrian_injured, 0.0 pedestrian_killed, Fair (Day), Bonifacio Memorial Circle (SM Hypermart) Caloocan",MMDA Road Safety Unit,,67c74f6d-923a-4f04-a854-1b22bbf7a45c,2016-06-09,00:30:00,EDSA Quezon Ave. Quezon City,0,0,0,0,0,0,0,0,0,0,2016-06-09 8:30,Property,14.6571285,120.984107,No Collision Stated
None,EDSA,None,None,"No Accident Factor, Side Swipe, 1.0 drivers_injured, 0.0 drivers_killed, 0.0 passengers_injured, 0.0 passengers_killed, 0.0 pedestrian_injured, 0.0 pedestrian_killed, Fair (Night), Bonifacio Memorial Circle (SM Hypermarket) Caloocan",MMDA Road Safety Unit,,f92ede9e-086b-44f8-b465-dadce13a2e27,2016-06-08,21:00:00,EDSA P. Tuazon Blvd. Quezon City,0,0,0,1,0,0,0,0,0,1,2016-06-09 5:00,Injury,14.6571285,120.984107,Side Swipe
None,EDSA,None,None,"No Accident Factor, No Collision Stated (based on Police Blotter Book), 0.0 drivers_injured, 0.0 drivers_killed, 0.0 passengers_injured, 0.0 passengers_killed, 0.0 pedestrian_injured, 0.0 pedestrian_killed, Fair (Night), Bonifacio Memorial Circle Caloocan",MMDA Road Safety Unit,,78cdc576-6828-462b-82da-8eeedecb9b75,2016-06-08,14:30:00,"EDSA ""U"" turn slot, Quezon City Academy Ramon Magsasay Quezon City",0,0,0,0,0,0,0,0,0,0,2016-06-08 22:30,Property,14.6571285,120.984107,No Collision Stated
None,EDSA,None,None,"No Accident Factor, Rear-end, 0.0 drivers_injured, 0.0 drivers_killed, 0.0 passengers_injured, 0.0 passengers_killed, 0.0 pedestrian_injured, 0.0 pedestrian_killed, Fair (Night), Bonifacio Memorial Circle Caloocan",MMDA Road Safety Unit,,93a3ebe6-117d-471e-92ba-6f1025660b13,2016-06-05,13:00:00,EDSA E. Lopez Drive Quezon City,0,0,0,0,0,0,0,0,0,0,2016-06-05 21:00,Property,14.6571285,120.984107,Rear-End
None,EDSA,None,None,"No Accident Factor, No Collision Stated (based on Police Blotter Book), 0.0 drivers_injured, 0.0 drivers_killed, 0.0 passengers_injured, 0.0 passengers_killed, 0.0 pedestrian_injured, 0.0 pedestrian_killed, Fair (Day), Bonifacio Memorial Circle (SM Hypermart) Caloocan",MMDA Road Safety Unit,,0f09ab29-900d-4561-b51f-6502c4ebf80a,2016-06-04,02:00:00,EDSA Santolan MRT Station Quezon City,0,0,0,0,0,0,0,0,0,0,2016-06-04 10:00,Property,14.6571285,120.984107,No Collision Stated
None,EDSA,None,None,"No Accident Factor, Rear-end, 0.0 drivers_injured, 0.0 drivers_killed, 0.0 passengers_injured, 0.0 passengers_killed, 0.0 pedestrian_injured, 0.0 pedestrian_killed, Fair (Day), Bonifacio Memorial Circle (SM Hypermart) Caloocan",MMDA Road Safety Unit,,bbf593e2-e82c-4f80-a6e8-375be6125ce3,2016-06-03,07:20:00,EDSA New York St. Quezon City,0,0,0,0,0,0,0,0,0,0,2016-06-03 15:20,Property,14.6571285,120.984107,Rear-End
None,EDSA,None,None,"No Accident Factor, No Collision Stated (based on Police Blotter Book), 0.0 drivers_injured, 0.0 drivers_killed, 0.0 passengers_injured, 0.0 passengers_killed, 0.0 pedestrian_injured, 0.0 pedestrian_killed, Fair (Day), Bonifacio Memorial Circle Caloocan",MMDA Road Safety Unit,,ca2991a5-bc71-4333-9f42-de7842385782,2016-05-24,06:00:00,EDSA Santolan MRT Station Quezon City,0,0,0,0,0,0,0,0,0,0,2016-05-24 14:00,Property,14.6571285,120.984107,No Collision Stated
None,EDSA,None,None,"No Accident Factor, No Collision Stated (based on Police Blotter Book), 0.0 drivers_injured, 0.0 drivers_killed, 0.0 passengers_injured, 0.0 passengers_killed, 0.0 pedestrian_injured, 0.0 pedestrian_killed, Fair (Day), Bonifacio Memorial Circle Caloocan",MMDA Road Safety Unit,,b3f8da4f-94ce-405f-abf6-dff90cf24afe,2016-05-20,06:15:00,"EDSA Misamis St., Sto. Cristo Quezon City",0,0,0,0,0,0,0,0,0,0,2016-05-20 14:15,Property,14.6571285,120.984107,No Collision Stated
None,EDSA,None,None,"No Accident Factor, Side Swipe, 0.0 drivers_injured, 0.0 drivers_killed, 0.0 passengers_injured, 0.0 passengers_killed, 0.0 pedestrian_injured, 0.0 pedestrian_killed, Fair (Night), Bonifacio Memorial Circle, 81 Caloocan",MMDA Road Safety Unit,,aba62682-ba24-4ab1-9c50-f5a8ebf833f3,2016-05-14,14:00:00,"EDSA Seminary Road, Bahay toro Quezon City",0,0,0,0,0,0,0,0,0,0,2016-05-14 22:00,Property,14.6571285,120.984107,Side Swipe
None,EDSA,None,None,"No Accident Factor, Side Swipe, 0.0 drivers_injured, 0.0 drivers_killed, 0.0 passengers_injured, 0.0 passengers_killed, 0.0 pedestrian_injured, 0.0 pedestrian_killed, Fair (Day), Bonifacio Memorial Circle Northeast Quadrant (Cebuana Lhullier) Caloocan",MMDA Road Safety Unit,,c1f08ad3-7b88-4232-9db0-340f3796107c,2016-05-13,05:00:00,EDSA P. Tuazon Blvd. Quezon City,0,0,0,0,0,0,0,0,0,0,2016-05-13 13:00,Property,14.6571285,120.984107,Side Swipe
None,EDSA,None,None,"No Accident Factor, Side Swipe, 0.0 drivers_injured, 0.0 drivers_killed, 0.0 passengers_injured, 0.0 passengers_killed, 0.0 pedestrian_injured, 0.0 pedestrian_killed, Fair (Night), Bonifacio Memorial Circle (Araneta Square) Caloocan",MMDA Road Safety Unit,,c31981f7-f9da-4156-9f12-31ed3dd2a4ff,2016-05-08,13:00:00,"EDSA North Ave., Pag-Asa Quezon City",0,0,0,0,0,0,0,0,0,0,2016-05-08 21:00,Property,14.6571285,120.984107,Side Swipe
None,EDSA,None,None,"No Accident Factor, Side Swipe, 0.0 drivers_injured, 0.0 drivers_killed, 0.0 passengers_injured, 0.0 passengers_killed, 0.0 pedestrian_injured, 0.0 pedestrian_killed, Fair (Night), Bonifacio Memorial Circle Northwest Quadrant (SM Hypermarket) Caloocan",MMDA Road Safety Unit,,4f01a1b9-5239-428e-a74b-e20e84e17a85,2016-05-07,19:00:00,"EDSA Congressional Ave., Ramon Magsaysay Quezon City",0,0,0,0,0,0,0,0,0,0,2016-05-08 3:00,Property,14.6571285,120.984107,Side Swipe
None,EDSA,None,None,"No Accident Factor, Hit and Run (No Collision Stated), 0.0 drivers_injured, 0.0 drivers_killed, 0.0 passengers_injured, 0.0 passengers_killed, 0.0 pedestrian_injured, 0.0 pedestrian_killed, Fair (Night), Bonifacio Memorial Circle Caloocan",MMDA Road Safety Unit,,fed6d5b2-7f08-4151-a0a0-86ac66457b66,2016-05-07,17:15:00,EDSA Kamuning Road Quezon City,0,0,0,0,0,0,0,0,0,0,2016-05-08 1:15,Property,14.6571285,120.984107,No Collision Stated
None,EDSA,None,None,"No Accident Factor, Side Swipe, 0.0 drivers_injured, 0.0 drivers_killed, 0.0 passengers_injured, 0.0 passengers_killed, 0.0 pedestrian_injured, 0.0 pedestrian_killed, Fair (Day), Bonifacio Memorial Circle SM Caloocan",MMDA Road Safety Unit,,01d6470b-4bb3-4b5e-80e7-36e2928e5fb2,2016-05-04,02:15:00,EDSA Mo. Ignacia St. Quezon City,0,0,0,0,0,0,0,0,0,0,2016-05-04 10:15,Property,14.6571285,120.984107,Side Swipe