LOCATION_TEXT,ROAD,WEATHER,LIGHT,DESC,REPORTING_AGENCY,MAIN_CAUSE,INCIDENTDETAILS_ID,DATE_UTC,TIME_UTC,ADDRESS,killed_driver,killed_passenger,killed_pedestrian,injured_driver,injured_passenger,injured_pedestrian,killed_uncategorized,injured_uncategorized,killed_total,injured_total,DATETIME_PST,SEVERITY,Y,X,COLLISION_TYPE
None,EDSA,None,None,"No Accident Factor, No Collision Stated (based on Police Blotter Book), 0.0 drivers_injured, 0.0 drivers_killed, 0.0 passengers_injured, 0.0 passengers_killed, 0.0 pedestrian_injured, 0.0 pedestrian_killed, Fair (Day), Bonifacio Memorial Circle, Araneta Square Caloocan",MMDA Road Safety Unit,,56df7c88-ddd9-4754-8fd6-2cc5698db218,2016-05-03,06:30:00,EDSA Camp Crame Gate 1 Quezon City,0,0,0,0,0,0,0,0,0,0,2016-05-03 14:30,Property,14.65698104,120.9837299,No Collision Stated
None,EDSA,None,None,"No Accident Factor, No Collision Stated (based on Police Blotter Book), 0.0 drivers_injured, 0.0 drivers_killed, 0.0 passengers_injured, 0.0 passengers_killed, 0.0 pedestrian_injured, 0.0 pedestrian_killed, Fair (Night), Bonifacio Memorial Circle Caloocan",MMDA Road Safety Unit,,aa97c898-33fe-4c95-865a-424557b37482,2016-04-30,19:00:00,EDSA Kamuning Road Quezon City,0,0,0,0,0,0,0,0,0,0,2016-05-01 3:00,Property,14.6571285,120.984107,No Collision Stated
None,EDSA,None,None,"No Accident Factor, No Collision Stated (based on Police Blotter Book), 0.0 drivers_injured, 0.0 drivers_killed, 0.0 passengers_injured, 0.0 passengers_killed, 0.0 pedestrian_injured, 0.0 pedestrian_killed, Fair (Day), Bonifacio Monumento Circle Caloocan",MMDA Road Safety Unit,,96b2402d-1f9f-4a1e-8d52-033ffba11051,2016-04-22,05:00:00,EDSA Bansalangin St.  Quezon City,0,0,0,0,0,0,0,0,0,0,2016-04-22 13:00,Property,14.6571285,120.984107,No Collision Stated
None,EDSA,None,None,"No Accident Factor, No Collision Stated (based on Police Blotter Book), 0.0 drivers_injured, 0.0 drivers_killed, 0.0 passengers_injured, 0.0 passengers_killed, 0.0 pedestrian_injured, 0.0 pedestrian_killed, Fair (Day), Bonifacio Monumento Circle Caloocan",MMDA Road Safety Unit,,1f6905ce-de06-4472-aa7c-175a38184681,2016-04-20,06:15:00,EDSA Congressional Ave. Quezon City,0,0,0,0,0,0,0,0,0,0,2016-04-20 14:15,Property,14.6571285,120.984107,No Collision Stated
None,EDSA,None,None,"No Accident Factor, No Collision Stated (based on Police Blotter Book), 0.0 drivers_injured, 0.0 drivers_killed, 0.0 passengers_injured, 0.0 passengers_killed, 0.0 pedestrian_injured, 0.0 pedestrian_killed, Fair (Night), NLEX Caloocan",MMDA Road Safety Unit,,8394d5ff-7c5c-49a5-99cb-d131880ca6b3,2016-04-15,17:00:00,EDSA Nepa Q-Mart Quezon City,0,0,0,0,0,0,0,0,0,0,2016-04-16 1:00,Property,14.6571285,120.984107,No Collision Stated
None,EDSA,None,None,"No Accident Factor, Side Swipe, 0.0 drivers_injured, 0.0 drivers_killed, 0.0 passengers_injured, 0.0 passengers_killed, 0.0 pedestrian_injured, 0.0 pedestrian_killed, Fair (Night), Bonifacio Monumento Circle Caloocan",MMDA Road Safety Unit,,0abf79c2-e68f-4529-bd1a-884de8e622ef,2016-04-10,12:50:00,EDSA Kamias Road Quezon City,0,0,0,0,0,0,0,0,0,0,2016-04-10 20:50,Property,14.6571285,120.984107,Side Swipe
None,EDSA,None,None,"No Accident Factor, No Collision Stated (based on Police Blotter Book), 0.0 drivers_injured, 0.0 drivers_killed, 0.0 passengers_injured, 0.0 passengers_killed, 0.0 pedestrian_injured, 0.0 pedestrian_killed, Fair (Day), Bonifacio Monumento Circle Caloocan",MMDA Road Safety Unit,,a4c2427e-5185-46a8-940c-c91f7a557721,2016-04-08,08:45:00,EDSA E. Garcia St. Quezon City,0,0,0,0,0,0,0,0,0,0,2016-04-08 16:45,Property,14.6571285,120.984107,No Collision Stated
None,EDSA,None,None,"No Accident Factor, No Collision Stated (based on Police Blotter Book), 0.0 drivers_injured, 0.0 drivers_killed, 0.0 passengers_injured, 0.0 passengers_killed, 0.0 pedestrian_injured, 0.0 pedestrian_killed, Fair (Day), Bonifacio Monumento Circle, Bgy. 86 Caloocan",MMDA Road Safety Unit,,f8f18cbe-eedb-4b58-a742-852476382b94,2016-04-08,04:40:00,"EDSA Robinsons Galleria, Ugong Norte Quezon City",0,0,0,0,0,0,0,0,0,0,2016-04-08 12:40,Property,14.6571285,120.984107,No Collision Stated
None,EDSA,None,None,"No Accident Factor, No Collision Stated (based on Police Blotter Book), 0.0 drivers_injured, 0.0 drivers_killed, 0.0 passengers_injured, 0.0 passengers_killed, 0.0 pedestrian_injured, 0.0 pedestrian_killed, Fair (Day), Bonifacio Monumento Circle Caloocan",MMDA Road Safety Unit,,097bcd04-e6f7-45e2-bdba-78c797db5b4a,2016-04-02,09:00:00,EDSA West Ave.  Quezon City,0,0,0,0,0,0,0,0,0,0,2016-04-02 17:00,Property,14.6571285,120.984107,No Collision Stated
None,EDSA,None,None,"No Accident Factor, No Collision Stated (based on Police Blotter Book), 0.0 drivers_injured, 0.0 drivers_killed, 0.0 passengers_injured, 0.0 passengers_killed, 0.0 pedestrian_injured, 0.0 pedestrian_killed, Fair (Day), Bonifacio Monumento Circle, SM Hypermart Caloocan",MMDA Road Safety Unit,,d1945c57-0fe0-446f-accb-f082646c9ff7,2016-04-01,08:35:00,EDSA Balintawak Market Quezon City,0,0,0,0,0,0,0,0,0,0,2016-04-01 16:35,Property,14.6571285,120.984107,No Collision Stated
None,EDSA,None,None,"No Accident Factor, Rear-end, 0.0 drivers_injured, 0.0 drivers_killed, 0.0 passengers_injured, 0.0 passengers_killed, 0.0 pedestrian_injured, 0.0 pedestrian_killed, Fair (Day), Bonifacio Monumento Circle Caloocan",MMDA Road Safety Unit,,cc5e12b9-db06-4421-9f68-bd9e0447dde0,2016-03-19,00:15:00,EDSA Ortigas Ave. Quezon City,0,0,0,0,0,0,0,0,0,0,2016-03-19 8:15,Property,14.6571285,120.984107,Rear-End
None,EDSA,None,None,"No Accident Factor, No Collision Stated (based on Police Blotter Book), 0.0 drivers_injured, 0.0 drivers_killed, 0.0 passengers_injured, 0.0 passengers_killed, 0.0 pedestrian_injured, 0.0 pedestrian_killed, Fair (Night), Bonifacio Memorial Circle Caloocan",MMDA Road Safety Unit,,855b9f82-a199-4eed-8a06-0fa0a43a79d1,2016-03-13,11:00:00,EDSA PSP-10 Kamuning Quezon City,0,0,0,0,0,0,0,0,0,0,2016-03-13 19:00,Property,14.6571285,120.984107,No Collision Stated
None,EDSA,None,None,"No Accident Factor, No Collision Stated (based on Police Blotter Book), 0.0 drivers_injured, 0.0 drivers_killed, 0.0 passengers_injured, 0.0 passengers_killed, 0.0 pedestrian_injured, 0.0 pedestrian_killed, Fair (Day), Bonifacio Memorial Circle Caloocan",MMDA Road Safety Unit,,bf7bae9d-881a-40a7-b1b9-6e14dc23946c,2016-03-12,23:55:00,EDSA Victory Liner Bus Terminal Quezon City,0,0,0,0,0,0,0,0,0,0,2016-03-13 7:55,Property,14.6571285,120.984107,No Collision Stated
None,EDSA,None,None,"No Accident Factor, No Collision Stated (based on Police Blotter Book), 0.0 drivers_injured, 0.0 drivers_killed, 0.0 passengers_injured, 0.0 passengers_killed, 0.0 pedestrian_injured, 0.0 pedestrian_killed, Fair (Day), Bonifacio Memorial Circle Caloocan",MMDA Road Safety Unit,,eda54bbb-b8cf-4faa-b9b7-cc674db00e08,2016-03-11,04:30:00,"EDSA Mindanao Ave., Ramon Magsaysay Quezon City",0,0,0,0,0,0,0,0,0,0,2016-03-11 12:30,Property,14.6571285,120.984107,No Collision Stated
None,EDSA,None,None,"No Accident Factor, Side Swipe, 0.0 drivers_injured, 0.0 drivers_killed, 1.0 passengers_injured, 0.0 passengers_killed, 0.0 pedestrian_injured, 0.0 pedestrian_killed, Fair (Day), Bonifacio Memorial Center (SM Hypermarket) Caloocan",MMDA Road Safety Unit,,511c8413-bde7-447a-b0ec-0588b4ced67e,2016-03-10,06:45:00,EDSA East Ave. Quezon City,0,0,0,0,1,0,0,0,0,1,2016-03-10 14:45,Injury,14.6571285,120.984107,Side Swipe
None,EDSA,None,None,"No Accident Factor, Hit Object (No Object Stated), 0.0 drivers_injured, 0.0 drivers_killed, 0.0 passengers_injured, 0.0 passengers_killed, 0.0 pedestrian_injured, 0.0 pedestrian_killed, Fair (Day), Bonifacio Memorial Center (SM Hypermarket) Caloocan",MMDA Road Safety Unit,,790647f7-a95e-4443-8010-eac2c30ef7f2,2016-03-04,03:25:00,EDSA Aurora Blvd. Quezon City,0,0,0,0,0,0,0,0,0,0,2016-03-04 11:25,Property,14.6571285,120.984107,Hit Object
None,EDSA,None,None,"No Accident Factor, Side Swipe, 0.0 drivers_injured, 0.0 drivers_killed, 0.0 passengers_injured, 0.0 passengers_killed, 0.0 pedestrian_injured, 0.0 pedestrian_killed, Fair (Night), Bonifacio Memorial Center Caloocan",MMDA Road Safety Unit,,e282a8f3-bb20-4ca1-9489-49dc49d36d61,2016-01-26,15:40:00,EDSA K-3rd St. Extn. Quezon City,0,0,0,0,0,0,0,0,0,0,2016-01-26 23:40,Property,14.6571285,120.984107,Side Swipe
None,EDSA,None,None,"No Accident Factor, Rear-end, 0.0 drivers_injured, 0.0 drivers_killed, 0.0 passengers_injured, 0.0 passengers_killed, 0.0 pedestrian_injured, 0.0 pedestrian_killed, Fair (Day), Bonifacio Memorial Center Caloocan",MMDA Road Safety Unit,,fdca393f-68f1-44c8-9a71-c4cf45861aaf,2016-01-21,03:00:00,EDSA MRT North Station Quezon City,0,0,0,0,0,0,0,0,0,0,2016-01-21 11:00,Property,14.6571285,120.984107,Rear-End
None,EDSA,None,None,"No Accident Factor, Side Swipe, 0.0 drivers_injured, 0.0 drivers_killed, 0.0 passengers_injured, 0.0 passengers_killed, 0.0 pedestrian_injured, 0.0 pedestrian_killed, Fair (Night), Bonifacio Memorial Center Caloocan",MMDA Road Safety Unit,,7fa61805-17d7-4daf-b59b-da083971587d,2016-01-17,11:45:00,"EDSA Quezon Ave. ""U"" turn slot Quezon City",0,0,0,0,0,0,0,0,0,0,2016-01-17 19:45,Property,14.6571285,120.984107,Side Swipe
None,EDSA,None,None,"No Accident Factor, Hit and Run (Angle Impact), 0.0 drivers_injured, 0.0 drivers_killed, 0.0 passengers_injured, 0.0 passengers_killed, 0.0 pedestrian_injured, 0.0 pedestrian_killed, Fair (Day), Bonifacio Memorial Center, 78 Caloocan",MMDA Road Safety Unit,,efbd8b0a-4e58-4ff7-b753-9275e16f41fa,2016-01-13,02:45:00,EDSA Nepa Q Mart  Quezon City,0,0,0,0,0,0,0,0,0,0,2016-01-13 10:45,Property,14.6571285,120.984107,Angle Impact
None,EDSA,None,None,"No Accident Factor, Side Swipe, 0.0 drivers_injured, 0.0 drivers_killed, 0.0 passengers_injured, 0.0 passengers_killed, 0.0 pedestrian_injured, 0.0 pedestrian_killed, Fair (Day), Bonifacio Memorial Center, 86 Caloocan",MMDA Road Safety Unit,,a7267e5b-1567-4335-acea-0a5b1b7a6385,2016-01-11,00:00:00,EDSA Camp Crame Gate 1 Quezon City,0,0,0,0,0,0,0,0,0,0,2016-01-11 8:00,Property,14.6571285,120.984107,Side Swipe
None,EDSA,None,None,"No Accident Factor, Angle Impact, 0.0 drivers_injured, 0.0 drivers_killed, 0.0 passengers_injured, 0.0 passengers_killed, 0.0 pedestrian_injured, 0.0 pedestrian_killed, Fair (Night), Bonifacio Memorial Center Caloocan",MMDA Road Safety Unit,,42e50c5a-5c0c-4266-9f0a-3eb988a04d0f,2016-01-10,12:40:00,EDSA White Plains Ave. Quezon City,0,0,0,0,0,0,0,0,0,0,2016-01-10 20:40,Property,14.6571285,120.984107,Angle Impact
None,EDSA,None,None,"No Accident Factor, Side Swipe, 0.0 drivers_injured, 0.0 drivers_killed, 0.0 passengers_injured, 0.0 passengers_killed, 0.0 pedestrian_injured, 0.0 pedestrian_killed, Fair (Day), Bonifacio Memorial Center Southeast Quadrant Caloocan",MMDA Road Safety Unit,,a5bd6af9-55f1-4986-8f25-487a292e8c78,2016-01-10,07:30:00,EDSA A. Samson Quezon City,0,0,0,0,0,0,0,0,0,0,2016-01-10 15:30,Property,14.65692111,120.9842076,Side Swipe
None,EDSA,None,None,"No Accident Factor, Side Swipe, 0.0 drivers_injured, 0.0 drivers_killed, 0.0 passengers_injured, 0.0 passengers_killed, 0.0 pedestrian_injured, 0.0 pedestrian_killed, Fair (Night), Bonifacio Memorial Center Caloocan",MMDA Road Safety Unit,,4ba83f30-dcfa-40f0-98f8-258bc6ee0e45,2015-12-31,21:20:00,EDSA Home Depot    Quezon City,0,0,0,0,0,0,0,0,0,0,2016-01-01 5:20,Property,14.6571285,120.984107,Side Swipe
None,EDSA,None,None,"No Accident Factor, Angle Impact, 0.0 drivers_injured, 0.0 drivers_killed, 0.0 passengers_injured, 0.0 passengers_killed, 0.0 pedestrian_injured, 0.0 pedestrian_killed, Fair (Night), Bonifacio Memorial Center Caloocan",MMDA Road Safety Unit,,e72c43b8-e50d-4c66-9816-f15b0f14675a,2015-12-30,11:45:00,"EDSA Baliwag Bus Terminal, E. Rodriguez Quezon City",0,0,0,0,0,0,0,0,0,0,2015-12-30 19:45,Property,14.6571285,120.984107,Angle Impact
None,EDSA,None,None,"No Accident Factor, Side Swipe, 0.0 drivers_injured, 0.0 drivers_killed, 0.0 passengers_injured, 0.0 passengers_killed, 0.0 pedestrian_injured, 0.0 pedestrian_killed, Fair (Day), Bonifacio Memorial Center Caloocan",MMDA Road Safety Unit,,bc25b804-ca34-4041-bb33-c3ce2bdc6244,2015-12-30,04:55:00,"EDSA Victory Liner Bus Terminal, Pinyahan  Quezon City",0,0,0,0,0,0,0,0,0,0,2015-12-30 12:55,Property,14.6571285,120.984107,Side Swipe
None,EDSA,None,None,"No Accident Factor, Side Swipe, 0.0 drivers_injured, 0.0 drivers_killed, 0.0 passengers_injured, 0.0 passengers_killed, 0.0 pedestrian_injured, 0.0 pedestrian_killed, Fair (Day), Bonifacio Memorial Center Caloocan",MMDA Road Safety Unit,,f27f9cc9-3407-481b-8dd9-377cbf878ea9,2015-12-22,06:30:00,EDSA Benitez St.  Quezon City,0,0,0,0,0,0,0,0,0,0,2015-12-22 14:30,Property,14.6571285,120.984107,Side Swipe
None,EDSA,None,None,"No Accident Factor, Side Swipe, 0.0 drivers_injured, 0.0 drivers_killed, 0.0 passengers_injured, 0.0 passengers_killed, 0.0 pedestrian_injured, 0.0 pedestrian_killed, Fair (Night), Bonifacio Memorial Center Caloocan",MMDA Road Safety Unit,,49062856-d68b-4958-8e19-f86147a03e35,2015-12-19,21:30:00,EDSA    SM North (SB)  Quezon City,0,0,0,0,0,0,0,0,0,0,2015-12-20 5:30,Property,14.6571285,120.984107,Side Swipe
None,EDSA,None,None,"No Accident Factor, Side Swipe, 0.0 drivers_injured, 0.0 drivers_killed, 0.0 passengers_injured, 0.0 passengers_killed, 0.0 pedestrian_injured, 0.0 pedestrian_killed, Fair (Night), Bonifacio Memorial Center, 78 Caloocan",MMDA Road Safety Unit,,b1d45be7-d6d5-448d-a6f6-64d12b5a5481,2015-12-18,14:40:00,EDSA Quezon Ave.  Quezon City,0,0,0,0,0,0,0,0,0,0,2015-12-18 22:40,Property,14.6571285,120.984107,Side Swipe
None,EDSA,None,None,"No Accident Factor, Side Swipe, 0.0 drivers_injured, 0.0 drivers_killed, 0.0 passengers_injured, 0.0 passengers_killed, 0.0 pedestrian_injured, 0.0 pedestrian_killed, Fair (Night), Bonifacio Memorial Center, 86 Caloocan",MMDA Road Safety Unit,,71abd927-8326-4b98-b00d-fa1e0d0bb69e,2015-12-18,13:30:00,EDSA E. Garcia St.  Quezon City,0,0,0,0,0,0,0,0,0,0,2015-12-18 21:30,Property,14.6571285,120.984107,Side Swipe
None,EDSA,None,None,"No Accident Factor, Rear-end, 0.0 drivers_injured, 0.0 drivers_killed, 0.0 passengers_injured, 0.0 passengers_killed, 0.0 pedestrian_injured, 0.0 pedestrian_killed, Fair (Day), Bonifacio Memorial Center Caloocan",MMDA Road Safety Unit,,2005c796-53bd-451d-a44b-d0fe56ad0fb6,2015-12-18,08:30:00,EDSA E. Garcia St. Quezon City,0,0,0,0,0,0,0,0,0,0,2015-12-18 16:30,Property,14.6571285,120.984107,Rear-End
None,EDSA,None,None,"No Accident Factor, Side Swipe, 0.0 drivers_injured, 0.0 drivers_killed, 0.0 passengers_injured, 0.0 passengers_killed, 0.0 pedestrian_injured, 0.0 pedestrian_killed, Fair (Day), Bonifacio Memorial Center, 78 Caloocan",MMDA Road Safety Unit,,a933f9e9-0afb-41ca-84b1-042afb767f90,2015-12-18,04:45:00,EDSA East Ave. Quezon City,0,0,0,0,0,0,0,0,0,0,2015-12-18 12:45,Property,14.6571285,120.984107,Side Swipe
None,EDSA,None,None,"No Accident Factor, Angle Impact, 0.0 drivers_injured, 0.0 drivers_killed, 0.0 passengers_injured, 0.0 passengers_killed, 0.0 pedestrian_injured, 0.0 pedestrian_killed, Fair (Night), Bonifacio Memorial Center, 36 Caloocan",MMDA Road Safety Unit,,947f0e28-f9bd-4e95-8fbc-742b2c33e31b,2015-12-16,16:45:00,EDSA Kamuning Road Quezon City,0,0,0,0,0,0,0,0,0,0,2015-12-17 0:45,Property,14.6571285,120.984107,Angle Impact
None,EDSA,None,None,"No Accident Factor, Side Swipe, 0.0 drivers_injured, 0.0 drivers_killed, 0.0 passengers_injured, 0.0 passengers_killed, 0.0 pedestrian_injured, 0.0 pedestrian_killed, Fair (Night), Bonifacio Memorial Center Caloocan",MMDA Road Safety Unit,,963eee45-0b57-4db4-ad1b-c6e2220eb8b5,2015-12-16,11:30:00,EDSA Kamuning Road Quezon City,0,0,0,0,0,0,0,0,0,0,2015-12-16 19:30,Property,14.6571285,120.984107,Side Swipe
None,EDSA,None,None,"No Accident Factor, Rear-end, 0.0 drivers_injured, 0.0 drivers_killed, 0.0 passengers_injured, 0.0 passengers_killed, 0.0 pedestrian_injured, 0.0 pedestrian_killed, Fair (Night), Bonifacio Memorial Center Caloocan",MMDA Road Safety Unit,,3b361308-f380-48e9-a599-37ebb3d9971c,2015-12-15,12:00:00,EDSA Five Star Bus Terminal Cubao Quezon City,0,0,0,0,0,0,0,0,0,0,2015-12-15 20:00,Property,14.6571285,120.984107,Rear-End
None,EDSA,None,None,"No Accident Factor, Side Swipe, 0.0 drivers_injured, 0.0 drivers_killed, 0.0 passengers_injured, 0.0 passengers_killed, 0.0 pedestrian_injured, 0.0 pedestrian_killed, Fair (Night), Bonifacio Memorial Center Caloocan",MMDA Road Safety Unit,,575b93d7-62f7-45bc-9125-1fd46ec0232e,2015-12-11,15:30:00,EDSA Five Star Bus Terminal Cubao Quezon City,0,0,0,0,0,0,0,0,0,0,2015-12-11 23:30,Property,14.6571285,120.984107,Side Swipe
None,EDSA,None,None,"No Accident Factor, Angle Impact, 0.0 drivers_injured, 0.0 drivers_killed, 0.0 passengers_injured, 0.0 passengers_killed, 0.0 pedestrian_injured, 0.0 pedestrian_killed, Fair (Night), Bonifacio Memorial Center, 78 Caloocan",MMDA Road Safety Unit,,626cec90-384c-46fe-a3a3-7900c292901a,2015-12-10,15:00:00,EDSA Sct. Borromeo St.  Quezon City,0,0,0,0,0,0,0,0,0,0,2015-12-10 23:00,Property,14.6571285,120.984107,Angle Impact
None,EDSA,None,None,"No Accident Factor, Angle Impact, 0.0 drivers_injured, 0.0 drivers_killed, 0.0 passengers_injured, 0.0 passengers_killed, 0.0 pedestrian_injured, 0.0 pedestrian_killed, Fair (Night), Bonifacio Memorial Center Caloocan",MMDA Road Safety Unit,,4706c61e-5876-40d1-9302-7ff91a09f4f5,2015-12-09,18:50:00,EDSA Sct. Borromeo St. Quezon City,0,0,0,0,0,0,0,0,0,0,2015-12-10 2:50,Property,14.6571285,120.984107,Angle Impact
None,EDSA,None,None,"No Accident Factor, Side Swipe, 0.0 drivers_injured, 0.0 drivers_killed, 0.0 passengers_injured, 0.0 passengers_killed, 0.0 pedestrian_injured, 0.0 pedestrian_killed, Fair (Day), Bonifacio Memorial Center Caloocan",MMDA Road Safety Unit,,ae5f9fb3-7f2b-4ffe-a188-3a5e69b99b0c,2015-12-09,03:10:00,EDSA Cloverleaf Drive Quezon City,0,0,0,0,0,0,0,0,0,0,2015-12-09 11:10,Property,14.6571285,120.984107,Side Swipe
None,EDSA,None,None,"No Accident Factor, Side Swipe, 0.0 drivers_injured, 0.0 drivers_killed, 0.0 passengers_injured, 0.0 passengers_killed, 0.0 pedestrian_injured, 0.0 pedestrian_killed, Fair (Night), Bonifacio Memorial Center Northwest Quadrant  Caloocan",MMDA Road Safety Unit,,77ff1b58-fc82-4da2-800a-7afb8d2e82d9,2015-12-03,12:50:00,EDSA P. Tuazon Blvd. Quezon City,0,0,0,0,0,0,0,0,0,0,2015-12-03 20:50,Property,14.65733347,120.9837266,Side Swipe
None,EDSA,None,None,"No Accident Factor, Side Swipe, 0.0 drivers_injured, 0.0 drivers_killed, 0.0 passengers_injured, 0.0 passengers_killed, 0.0 pedestrian_injured, 0.0 pedestrian_killed, Fair (Day), Bonifacio Memorial Center Caloocan",MMDA Road Safety Unit,,33333ca7-86b9-4430-a746-e761ad2ed64d,2015-12-03,04:50:00,EDSA Santolan MRT Station Quezon City,0,0,0,0,0,0,0,0,0,0,2015-12-03 12:50,Property,14.6571285,120.984107,Side Swipe
None,EDSA,None,None,"No Accident Factor, Side Swipe, 0.0 drivers_injured, 0.0 drivers_killed, 0.0 passengers_injured, 0.0 passengers_killed, 0.0 pedestrian_injured, 0.0 pedestrian_killed, Fair (Day), Bonifacio Memorial Center, 76 Caloocan",MMDA Road Safety Unit,,afdd58f0-a83d-4cef-94e1-1cf74a53cdae,2015-12-01,02:00:00,EDSA K-3rd St.  Quezon City,0,0,0,0,0,0,0,0,0,0,2015-12-01 10:00,Property,14.6571285,120.984107,Side Swipe
None,EDSA,None,None,"No Accident Factor, Rear-end, 0.0 drivers_injured, 0.0 drivers_killed, 0.0 passengers_injured, 0.0 passengers_killed, 0.0 pedestrian_injured, 0.0 pedestrian_killed, Fair (Day), Bonifacio Memorial Center Araneta Square Quadrant, 76 Caloocan",MMDA Road Safety Unit,,3fe3d67b-705e-4db0-80e4-75d1ee7cc660,2015-12-01,01:45:00,EDSA Cloverleaf Drive Quezon City,0,0,0,0,0,0,0,0,0,0,2015-12-01 9:45,Property,14.6571285,120.984107,Rear-End
None,EDSA,None,None,"No Accident Factor, Side Swipe, 0.0 drivers_injured, 0.0 drivers_killed, 0.0 passengers_injured, 0.0 passengers_killed, 0.0 pedestrian_injured, 0.0 pedestrian_killed, Fair (Night), NLEX Caloocan",MMDA Road Safety Unit,,57ba9b91-bf24-4f06-8b5b-1f9a3c6874fa,2015-10-13,18:00:00,EDSA Kamuning Road Quezon City,0,0,0,0,0,0,0,0,0,0,2015-10-14 2:00,Property,14.6571285,120.984107,Side Swipe
None,EDSA,None,None,"No Accident Factor, Rear-end, 0.0 drivers_injured, 0.0 drivers_killed, 0.0 passengers_injured, 0.0 passengers_killed, 0.0 pedestrian_injured, 0.0 pedestrian_killed, Fair (Day), Bonifacio Market  Caloocan",MMDA Road Safety Unit,,4590ea5d-34fb-4dfd-a3d5-5d812017ffe5,2015-10-10,02:00:00,EDSA Kamuning Road Quezon City,0,0,0,0,0,0,0,0,0,0,2015-10-10 10:00,Property,14.6571285,120.984107,Rear-End
None,EDSA,None,None,"No Accident Factor, Hit Object (No Object Stated), 0.0 drivers_injured, 0.0 drivers_killed, 0.0 passengers_injured, 0.0 passengers_killed, 0.0 pedestrian_injured, 0.0 pedestrian_killed, Fair (Day), Bonifacio Memorial Circle, 81 Caloocan",MMDA Road Safety Unit,,bacacfc1-850d-4a84-a6c3-c25dc3c73d96,2015-10-03,06:30:00,EDSA Kamuning Road Quezon City,0,0,0,0,0,0,0,0,0,0,2015-10-03 14:30,Property,14.6571285,120.984107,Hit Object
None,EDSA,None,None,"No Accident Factor, Side Swipe, 0.0 drivers_injured, 0.0 drivers_killed, 0.0 passengers_injured, 0.0 passengers_killed, 0.0 pedestrian_injured, 0.0 pedestrian_killed, Fair (Day), Bonifacio Memorial Circle Caloocan",MMDA Road Safety Unit,,b0f625b4-0d55-4301-9901-e3b9ba11f2a9,2015-09-30,07:25:00,"EDSA ""U"" turn slot, Timog Ave. Quezon City",0,0,0,0,0,0,0,0,0,0,2015-09-30 15:25,Property,14.6571285,120.984107,Side Swipe
None,EDSA,None,None,"No Accident Factor, Side Swipe, 1.0 drivers_injured, 0.0 drivers_killed, 0.0 passengers_injured, 0.0 passengers_killed, 0.0 pedestrian_injured, 0.0 pedestrian_killed, Fair (Night), Bonifacio Memorial Circle Caloocan",MMDA Road Safety Unit,,3ed4f7bd-e8d6-4da6-be23-13fd5b0a5f7b,2015-09-29,10:30:00,"EDSA ""U"" turn slot, Timog Ave.  Quezon City",0,0,0,1,0,0,0,0,0,1,2015-09-29 18:30,Injury,14.6571285,120.984107,Side Swipe
None,EDSA,None,None,"No Accident Factor, Side Swipe, 0.0 drivers_injured, 0.0 drivers_killed, 0.0 passengers_injured, 0.0 passengers_killed, 0.0 pedestrian_injured, 0.0 pedestrian_killed, Fair (Day), Bonifacio Memorial Circle Caloocan",MMDA Road Safety Unit,,066d0539-7398-4bf8-913f-639f8263610c,2015-09-26,06:40:00,EDSA P. Tuazon Blvd. Quezon City,0,0,0,0,0,0,0,0,0,0,2015-09-26 14:40,Property,14.6571285,120.984107,Side Swipe
None,EDSA,None,None,"No Accident Factor, Side Swipe, 0.0 drivers_injured, 0.0 drivers_killed, 0.0 passengers_injured, 0.0 passengers_killed, 0.0 pedestrian_injured, 0.0 pedestrian_killed, Fair (Day), Bonifacio Memorial Circle Caloocan",MMDA Road Safety Unit,,76f56eab-0054-40c8-8d91-feb002653987,2015-09-23,22:45:00,EDSA P. Tuazon Blvd.  Quezon City,0,0,0,0,0,0,0,0,0,0,2015-09-24 6:45,Property,14.6571285,120.984107,Side Swipe
None,EDSA,None,None,"No Accident Factor, Side Swipe, 0.0 drivers_injured, 0.0 drivers_killed, 0.0 passengers_injured, 0.0 passengers_killed, 0.0 pedestrian_injured, 0.0 pedestrian_killed, Fair (Night), Araneta Square, Bonifacio Memorial Circle Caloocan",MMDA Road Safety Unit,,f4d7a6ab-d914-4bda-a0d4-c7bdc6d0c72a,2015-09-22,11:30:00,EDSA New York St.  Quezon City,0,0,0,0,0,0,0,0,0,0,2015-09-22 19:30,Property,14.65690959,120.9836882,Side Swipe
None,EDSA,None,None,"No Accident Factor, Side Swipe, 0.0 drivers_injured, 0.0 drivers_killed, 0.0 passengers_injured, 0.0 passengers_killed, 0.0 pedestrian_injured, 0.0 pedestrian_killed, Fair (Day), Araneta Square, Bonifacio Memorial Circle Caloocan",MMDA Road Safety Unit,,b1355d0c-7f2d-445f-b1fb-728b2750c8f8,2015-09-20,22:00:00,"EDSA Royal, A. Samson Quezon City",0,0,0,0,0,0,0,0,0,0,2015-09-21 6:00,Property,14.65690959,120.9836882,Side Swipe