LOCATION_TEXT,ROAD,WEATHER,LIGHT,DESC,REPORTING_AGENCY,MAIN_CAUSE,INCIDENTDETAILS_ID,DATE_UTC,TIME_UTC,ADDRESS,killed_driver,killed_passenger,killed_pedestrian,injured_driver,injured_passenger,injured_pedestrian,killed_uncategorized,injured_uncategorized,killed_total,injured_total,DATETIME_PST,SEVERITY,Y,X,COLLISION_TYPE
None,EDSA,None,None,"No Accident Factor, Side Swipe, 0.0 drivers_injured, 0.0 drivers_killed, 0.0 passengers_injured, 0.0 passengers_killed, 0.0 pedestrian_injured, 0.0 pedestrian_killed, Fair (Night), Bonifacio Memorial Circle Caloocan",MMDA Road Safety Unit,,55fa2ba9-8e70-429e-8ffc-2fba2a42eea7,2015-09-19,11:45:00,EDSA Cloverleaf Drive Quezon City,0,0,0,0,0,0,0,0,0,0,2015-09-19 19:45,Property,14.6571285,120.984107,Side Swipe
None,EDSA,None,None,"No Accident Factor, Rear-end, 0.0 drivers_injured, 0.0 drivers_killed, 0.0 passengers_injured, 0.0 passengers_killed, 0.0 pedestrian_injured, 0.0 pedestrian_killed, Fair (Day), Bonifacio Memorial Circle Caloocan",MMDA Road Safety Unit,,c132c897-182d-411a-82ad-c3f1fa670424,2015-09-17,08:30:00,EDSA Whiteplains Ave.  Quezon City,0,0,0,0,0,0,0,0,0,0,2015-09-17 16:30,Property,14.6571285,120.984107,Rear-End
None,EDSA,None,None,"No Accident Factor, Side Swipe, 0.0 drivers_injured, 0.0 drivers_killed, 0.0 passengers_injured, 0.0 passengers_killed, 0.0 pedestrian_injured, 0.0 pedestrian_killed, Fair (Day), Bonifacio Memorial Circle, 86 Caloocan",MMDA Road Safety Unit,,6b381e0b-0acf-427e-a934-93423abadb65,2015-09-15,02:30:00,EDSA Kamuning Road Quezon City,0,0,0,0,0,0,0,0,0,0,2015-09-15 10:30,Property,14.6571285,120.984107,Side Swipe
None,EDSA,None,None,"No Accident Factor, Side Swipe, 0.0 drivers_injured, 0.0 drivers_killed, 0.0 passengers_injured, 0.0 passengers_killed, 0.0 pedestrian_injured, 0.0 pedestrian_killed, Fair (Night), Bonifacio Memorial Circle Caloocan",MMDA Road Safety Unit,,44c14f57-dabc-4f7f-bae5-a6159e55d8ca,2015-09-13,14:30:00,"EDSA East Ave., Pinyahan Quezon City",0,0,0,0,0,0,0,0,0,0,2015-09-13 22:30,Property,14.6571285,120.984107,Side Swipe
None,EDSA,None,None,"No Accident Factor, Side Swipe, 0.0 drivers_injured, 0.0 drivers_killed, 1.0 passengers_injured, 0.0 passengers_killed, 0.0 pedestrian_injured, 0.0 pedestrian_killed, Fair (Night), Bonifacio Memorial Circle Caloocan",MMDA Road Safety Unit,,886ccc71-e590-408f-a1bb-63ebcb63ac2b,2015-09-12,13:30:00,"EDSA Whiteplains Ave., Aguinaldo Quezon City",0,0,0,0,1,0,0,0,0,1,2015-09-12 21:30,Injury,14.6571285,120.984107,Side Swipe
None,EDSA,None,None,"No Accident Factor, Side Swipe, 0.0 drivers_injured, 0.0 drivers_killed, 0.0 passengers_injured, 0.0 passengers_killed, 0.0 pedestrian_injured, 0.0 pedestrian_killed, Fair (Day), Bonifacio Memorial Circle Caloocan",MMDA Road Safety Unit,,c233ef9d-a24b-4539-b838-10a644019e38,2015-09-11,06:30:00,EDSA Main Ave. Footbridge Quezon City,0,0,0,0,0,0,0,0,0,0,2015-09-11 14:30,Property,14.6571285,120.984107,Side Swipe
None,EDSA,None,None,"No Accident Factor, Side Swipe, 0.0 drivers_injured, 0.0 drivers_killed, 0.0 passengers_injured, 0.0 passengers_killed, 0.0 pedestrian_injured, 0.0 pedestrian_killed, Fair (Night), Bonifacio Memorial Circle Caloocan",MMDA Road Safety Unit,,c61778f4-9428-4d62-9c08-531cce75cfdd,2015-09-09,11:30:00,EDSA New York St.  Quezon City,0,0,0,0,0,0,0,0,0,0,2015-09-09 19:30,Property,14.6571285,120.984107,Side Swipe
None,EDSA,None,None,"No Accident Factor, Side Swipe, 0.0 drivers_injured, 0.0 drivers_killed, 0.0 passengers_injured, 0.0 passengers_killed, 0.0 pedestrian_injured, 0.0 pedestrian_killed, Fair (Night), Bonifacio Memorial Center Caloocan",MMDA Road Safety Unit,,668105f6-b7dc-49f8-aff4-ad91b90d4d96,2015-09-04,15:50:00,EDSA Aurora Blvd. Quezon City,0,0,0,0,0,0,0,0,0,0,2015-09-04 23:50,Property,14.6571285,120.984107,Side Swipe
None,EDSA,None,None,"No Accident Factor, Rear-end, 0.0 drivers_injured, 0.0 drivers_killed, 0.0 passengers_injured, 0.0 passengers_killed, 0.0 pedestrian_injured, 0.0 pedestrian_killed, Fair (Night), Bonifacio Memorial Center Caloocan",MMDA Road Safety Unit,,fb0ca83d-1496-4e08-a6c8-43cd216abb21,2015-09-04,14:15:00,EDSA Monte de Piedad St. Quezon City,0,0,0,0,0,0,0,0,0,0,2015-09-04 22:15,Property,14.6571285,120.984107,Rear-End
None,EDSA,None,None,"No Accident Factor, Angle Impact, 0.0 drivers_injured, 0.0 drivers_killed, 0.0 passengers_injured, 0.0 passengers_killed, 0.0 pedestrian_injured, 0.0 pedestrian_killed, Fair (Day), Bonifacio Memorial Circle, 76 Caloocan",MMDA Road Safety Unit,,0443805d-d074-424e-9b45-f42498cb99ab,2015-09-01,08:00:00,EDSA Jam Liner Terminal Quezon City,0,0,0,0,0,0,0,0,0,0,2015-09-01 16:00,Property,14.6571285,120.984107,Angle Impact
None,EDSA,None,None,"No Accident Factor, Angle Impact, 0.0 drivers_injured, 0.0 drivers_killed, 0.0 passengers_injured, 0.0 passengers_killed, 0.0 pedestrian_injured, 0.0 pedestrian_killed, Fair (Day), Bonifacio Memorial Center Northwest Quadrant  Caloocan",MMDA Road Safety Unit,,c44aa1b1-ad50-4df8-930d-5525a890e8a4,2015-08-29,07:40:00,"EDSA East Ave., Pinyahan Quezon City",0,0,0,0,0,0,0,0,0,0,2015-08-29 15:40,Property,14.65733347,120.9837266,Angle Impact
None,EDSA,None,None,"No Accident Factor, Side Swipe, 0.0 drivers_injured, 0.0 drivers_killed, 0.0 passengers_injured, 0.0 passengers_killed, 0.0 pedestrian_injured, 0.0 pedestrian_killed, Fair (Day), Bonifacio Memorial Center, 81 Caloocan",MMDA Road Safety Unit,,74852c46-56fc-4f57-b077-7f7973beeebd,2015-08-28,00:20:00,EDSA Balintawak Market Quezon City,0,0,0,0,0,0,0,0,0,0,2015-08-28 8:20,Property,14.6571285,120.984107,Side Swipe
None,EDSA,None,None,"No Accident Factor, Side Swipe, 0.0 drivers_injured, 0.0 drivers_killed, 0.0 passengers_injured, 0.0 passengers_killed, 0.0 pedestrian_injured, 0.0 pedestrian_killed, Fair (Day), Bonifacio Memorial Center Caloocan",MMDA Road Safety Unit,,47bc990b-348a-419f-8b02-97981138fd47,2015-08-26,03:20:00,EDSA Balintawak Market Quezon City,0,0,0,0,0,0,0,0,0,0,2015-08-26 11:20,Property,14.6571285,120.984107,Side Swipe
None,EDSA,None,None,"No Accident Factor, Rear-end, 0.0 drivers_injured, 0.0 drivers_killed, 0.0 passengers_injured, 0.0 passengers_killed, 0.0 pedestrian_injured, 0.0 pedestrian_killed, Fair (Day), Bonifacio Memorial Circle Caloocan",MMDA Road Safety Unit,,054ffa54-d3f4-4026-8b56-703380d4b69e,2015-08-11,00:30:00,"EDSA Kamias Road, West Kamias Quezon City",0,0,0,0,0,0,0,0,0,0,2015-08-11 8:30,Property,14.6571285,120.984107,Rear-End
None,EDSA,None,None,"No Accident Factor, Rear-end, 1.0 drivers_injured, 0.0 drivers_killed, 0.0 passengers_injured, 0.0 passengers_killed, 0.0 pedestrian_injured, 0.0 pedestrian_killed, Fair (Day), Bonifacio Memorial Circle Caloocan",MMDA Road Safety Unit,,90303782-f7bf-4565-96ff-97f7fc380e8a,2015-08-10,22:15:00,EDSA K-3rd St.  Quezon City,0,0,0,1,0,0,0,0,0,1,2015-08-11 6:15,Injury,14.6571285,120.984107,Rear-End
None,EDSA,None,None,"No Accident Factor, Side Swipe, 0.0 drivers_injured, 0.0 drivers_killed, 0.0 passengers_injured, 0.0 passengers_killed, 0.0 pedestrian_injured, 0.0 pedestrian_killed, Fair (Day), Bonifacio Memorial Circle, 86 Caloocan",MMDA Road Safety Unit,,f36ac95c-783a-4efe-a60e-d52a6b7444de,2015-08-10,02:30:00,"EDSA Victory Liner Bus Terminal, Pinyahan Quezon City",0,0,0,0,0,0,0,0,0,0,2015-08-10 10:30,Property,14.6571285,120.984107,Side Swipe
None,EDSA,None,None,"No Accident Factor, Side Swipe, 0.0 drivers_injured, 0.0 drivers_killed, 0.0 passengers_injured, 0.0 passengers_killed, 0.0 pedestrian_injured, 0.0 pedestrian_killed, Fair (Night), Bonifacio Memorial Circle, 86 Caloocan",MMDA Road Safety Unit,,defd2741-6319-4ac9-a96c-0994adbd6c19,2015-08-08,14:00:00,"EDSA ""U"" turn slot, Oliveros St.   Quezon City",0,0,0,0,0,0,0,0,0,0,2015-08-08 22:00,Property,14.6571285,120.984107,Side Swipe
None,EDSA,None,None,"No Accident Factor, Side Swipe, 0.0 drivers_injured, 0.0 drivers_killed, 0.0 passengers_injured, 0.0 passengers_killed, 0.0 pedestrian_injured, 0.0 pedestrian_killed, Fair (Night), Bonifacio Memorial Circle Caloocan",MMDA Road Safety Unit,,5cc6d153-a786-45f5-9612-3618125ba6b2,2015-08-07,13:30:00,EDSA Cloverleaf Drive Quezon City,0,0,0,0,0,0,0,0,0,0,2015-08-07 21:30,Property,14.6571285,120.984107,Side Swipe
None,EDSA,None,None,"No Accident Factor, Side Swipe, 1.0 drivers_injured, 0.0 drivers_killed, 0.0 passengers_injured, 0.0 passengers_killed, 0.0 pedestrian_injured, 0.0 pedestrian_killed, Fair (Night), Bonifacio Memorial Circle Caloocan",MMDA Road Safety Unit,,69452326-81dd-44b1-abcd-27b3044175f8,2015-08-04,12:30:00,EDSA Cloverleaf Drive (SB) Quezon City,0,0,0,1,0,0,0,0,0,1,2015-08-04 20:30,Injury,14.6571285,120.984107,Side Swipe
None,EDSA,None,None,"No Accident Factor, Side Swipe, 0.0 drivers_injured, 0.0 drivers_killed, 0.0 passengers_injured, 0.0 passengers_killed, 0.0 pedestrian_injured, 0.0 pedestrian_killed, Fair (Night), Bonifacio Memorial Circle Caloocan",MMDA Road Safety Unit,,cc1530a1-5b51-4736-98ab-abda950ec53b,2015-08-03,16:00:00,"EDSA P. Tuazon Blvd., Socorro Quezon City",0,0,0,0,0,0,0,0,0,0,2015-08-04,Property,14.6571285,120.984107,Side Swipe
None,EDSA,None,None,"No Accident Factor, Angle Impact, 0.0 drivers_injured, 0.0 drivers_killed, 0.0 passengers_injured, 0.0 passengers_killed, 0.0 pedestrian_injured, 0.0 pedestrian_killed, Fair (Day), Bonifacio Memorial Circle Caloocan",MMDA Road Safety Unit,,4ea6c9ed-3afe-4218-8595-69dd90510f84,2015-08-03,01:15:00,EDSA Camp Aguinaldo Quezon City,0,0,0,0,0,0,0,0,0,0,2015-08-03 9:15,Property,14.6571285,120.984107,Angle Impact
None,EDSA,None,None,"No Accident Factor, Rear-end, 0.0 drivers_injured, 0.0 drivers_killed, 0.0 passengers_injured, 0.0 passengers_killed, 0.0 pedestrian_injured, 0.0 pedestrian_killed, Fair (Day), Bonifacio Memorial Circle Caloocan",MMDA Road Safety Unit,,4bc5f00a-ff90-418f-bae5-6fc596804433,2015-08-02,23:35:00,EDSA Balintawak Bridge Quezon City,0,0,0,0,0,0,0,0,0,0,2015-08-03 7:35,Property,14.6571285,120.984107,Rear-End
None,EDSA,None,None,"No Accident Factor, Side Swipe, 0.0 drivers_injured, 0.0 drivers_killed, 0.0 passengers_injured, 0.0 passengers_killed, 0.0 pedestrian_injured, 0.0 pedestrian_killed, Fair (Night), Bonifacio Memorial Circle, East Quadrant  Caloocan",MMDA Road Safety Unit,,de4fd7e0-94ca-4e4d-99d0-a7ea420db685,2015-07-30,14:30:00,"EDSA ""U"" turn slot, Shell Gas Station Katipu Quezon City",0,0,0,0,0,0,0,0,0,0,2015-07-30 22:30,Property,14.65716225,120.9843042,Side Swipe
None,EDSA,None,None,"No Accident Factor, Side Swipe, 0.0 drivers_injured, 0.0 drivers_killed, 0.0 passengers_injured, 0.0 passengers_killed, 0.0 pedestrian_injured, 0.0 pedestrian_killed, Fair (Night), Bonifacio Memorial Circle, West Quadrant Caloocan",MMDA Road Safety Unit,,3d560405-1bec-4703-bb3c-ac210dad2b08,2015-07-29,18:30:00,EDSA Corregidor St. Quezon City,0,0,0,0,0,0,0,0,0,0,2015-07-30 2:30,Property,14.65722119,120.9837112,Side Swipe
None,EDSA,None,None,"No Accident Factor, Rear-end, 0.0 drivers_injured, 0.0 drivers_killed, 0.0 passengers_injured, 0.0 passengers_killed, 0.0 pedestrian_injured, 0.0 pedestrian_killed, Fair (Night), Bonifacio Memorial Circle Caloocan",MMDA Road Safety Unit,,dae4cb36-c72c-431f-8723-a13ef5edc9b4,2015-07-22,14:45:00,EDSA E. Garcia St. Quezon City,0,0,0,0,0,0,0,0,0,0,2015-07-22 22:45,Property,14.6571285,120.984107,Rear-End
None,EDSA,None,None,"No Accident Factor, Side Swipe, 0.0 drivers_injured, 0.0 drivers_killed, 0.0 passengers_injured, 0.0 passengers_killed, 0.0 pedestrian_injured, 0.0 pedestrian_killed, Fair (Day), Bonifacio Memorial Circle Caloocan",MMDA Road Safety Unit,,6a082ae4-41e0-459f-a2f9-6cdd2667f3d0,2015-07-21,05:45:00,EDSA GMA Network Drive Quezon City,0,0,0,0,0,0,0,0,0,0,2015-07-21 13:45,Property,14.6571285,120.984107,Side Swipe
None,EDSA,None,None,"No Accident Factor, Side Swipe, 0.0 drivers_injured, 0.0 drivers_killed, 0.0 passengers_injured, 0.0 passengers_killed, 0.0 pedestrian_injured, 0.0 pedestrian_killed, Fair (Day), Bonifacio Memorial Circle, 76 Caloocan",MMDA Road Safety Unit,,7097b614-e027-4852-aff8-f03dcf41e374,2015-07-21,03:00:00,EDSA E. Garcia St. Quezon City,0,0,0,0,0,0,0,0,0,0,2015-07-21 11:00,Property,14.6571285,120.984107,Side Swipe
None,EDSA,None,None,"No Accident Factor, Side Swipe, 0.0 drivers_injured, 0.0 drivers_killed, 0.0 passengers_injured, 0.0 passengers_killed, 0.0 pedestrian_injured, 0.0 pedestrian_killed, Fair (Night), Bonifacio Memorial Circle Caloocan",MMDA Road Safety Unit,,3b9fde74-17a3-4288-b434-47f0ef6150c3,2015-07-18,14:30:00,"EDSA Misamis Street, Pagasa Quezon City",0,0,0,0,0,0,0,0,0,0,2015-07-18 22:30,Property,14.6571285,120.984107,Side Swipe
None,EDSA,None,None,"No Accident Factor, Side Swipe, 0.0 drivers_injured, 0.0 drivers_killed, 0.0 passengers_injured, 0.0 passengers_killed, 0.0 pedestrian_injured, 0.0 pedestrian_killed, Fair (Day), Bonifacio Memorial Center Caloocan",MMDA Road Safety Unit,,3655a44b-2f92-4103-a39d-d844180a4038,2015-07-18,01:00:00,"EDSA Baliwag Bus Terminal-Cubao, E. Rodriguez Quezon City",0,0,0,0,0,0,0,0,0,0,2015-07-18 9:00,Property,14.6571285,120.984107,Side Swipe
None,EDSA,None,None,"No Accident Factor, Side Swipe, 0.0 drivers_injured, 0.0 drivers_killed, 0.0 passengers_injured, 0.0 passengers_killed, 0.0 pedestrian_injured, 0.0 pedestrian_killed, Fair (Day), Bonifacio Memorial Circle Caloocan",MMDA Road Safety Unit,,9cdf878a-75ed-4aaf-a4a8-d27825103665,2015-07-17,09:45:00,EDSA Kamuning PS-10 Quezon City,0,0,0,0,0,0,0,0,0,0,2015-07-17 17:45,Property,14.6571285,120.984107,Side Swipe
None,EDSA,None,None,"No Accident Factor, Side Swipe, 0.0 drivers_injured, 0.0 drivers_killed, 0.0 passengers_injured, 0.0 passengers_killed, 0.0 pedestrian_injured, 0.0 pedestrian_killed, Fair (Night), Bonifacio Memorial Circle Caloocan",MMDA Road Safety Unit,,bc74e1c4-82fb-48ed-804d-8b503f03e7a2,2015-07-15,11:30:00,"EDSA P. Tuazon Blvd., Socorro Quezon City",0,0,0,0,0,0,0,0,0,0,2015-07-15 19:30,Property,14.6571285,120.984107,Side Swipe
None,EDSA,None,None,"No Accident Factor, No Collision Stated (based on Police Blotter Book), 0.0 drivers_injured, 0.0 drivers_killed, 0.0 passengers_injured, 0.0 passengers_killed, 0.0 pedestrian_injured, 0.0 pedestrian_killed, Fair (Night), Bonifacio Memorial Circle Caloocan",MMDA Road Safety Unit,,ceff9df8-954f-42e5-8f7a-29bbfcb64cae,2015-07-14,11:30:00,EDSA Balintawak Market Quezon City,0,0,0,0,0,0,0,0,0,0,2015-07-14 19:30,Property,14.6571285,120.984107,No Collision Stated
None,EDSA,None,None,"No Accident Factor, Side Swipe, 0.0 drivers_injured, 0.0 drivers_killed, 0.0 passengers_injured, 0.0 passengers_killed, 0.0 pedestrian_injured, 0.0 pedestrian_killed, Fair (Night), Bonifacio Memorial Center Caloocan",MMDA Road Safety Unit,,cfd642c7-1ad2-470e-bf05-a04466ddee1b,2015-07-11,14:30:00,"EDSA JAC Liner Bus Terminal, Mapagmahal St., Pinyahan Quezon City",0,0,0,0,0,0,0,0,0,0,2015-07-11 22:30,Property,14.6571285,120.984107,Side Swipe
None,EDSA,None,None,"No Accident Factor, Rear-end, 0.0 drivers_injured, 0.0 drivers_killed, 0.0 passengers_injured, 0.0 passengers_killed, 0.0 pedestrian_injured, 0.0 pedestrian_killed, Fair (Night), Bonifacio Memorial Center Caloocan",MMDA Road Safety Unit,,9fc5357f-ed7f-42cb-8970-eb9ea17a4cbe,2015-07-11,14:00:00,EDSA Oliveros St. Quezon City,0,0,0,0,0,0,0,0,0,0,2015-07-11 22:00,Property,14.6571285,120.984107,Rear-End
None,EDSA,None,None,"No Accident Factor, Hit Object (No Object Stated), 0.0 drivers_injured, 0.0 drivers_killed, 0.0 passengers_injured, 0.0 passengers_killed, 0.0 pedestrian_injured, 0.0 pedestrian_killed, Fair (Night), NLEX Tollgate (NB) Caloocan",MMDA Road Safety Unit,,3c5a149a-d0ea-4c81-9c4e-269e8cfaaeb9,2015-07-11,11:15:00,EDSA Balintawak LRT Station Quezon City,0,0,0,0,0,0,0,0,0,0,2015-07-11 19:15,Property,14.6571285,120.984107,Hit Object
None,EDSA,None,None,"No Accident Factor, Side Swipe, 0.0 drivers_injured, 0.0 drivers_killed, 0.0 passengers_injured, 0.0 passengers_killed, 0.0 pedestrian_injured, 0.0 pedestrian_killed, Fair (Day), Bonifacio Memorial Circle Caloocan",MMDA Road Safety Unit,,81f2df4d-b443-4e12-82c4-dc62a4f76307,2015-07-09,09:50:00,EDSA Camp Aguinaldo Quezon City,0,0,0,0,0,0,0,0,0,0,2015-07-09 17:50,Property,14.6571285,120.984107,Side Swipe
None,EDSA,None,None,"No Accident Factor, Side Swipe, 0.0 drivers_injured, 0.0 drivers_killed, 0.0 passengers_injured, 0.0 passengers_killed, 0.0 pedestrian_injured, 0.0 pedestrian_killed, Fair (Day), Bonifacio Memorial Center Caloocan",MMDA Road Safety Unit,,463935f3-30aa-4a97-ae7b-e79833ba3156,2015-06-30,03:25:00,EDSA Kamuning Road Quezon City,0,0,0,0,0,0,0,0,0,0,2015-06-30 11:25,Property,14.6571285,120.984107,Side Swipe
None,EDSA,None,None,"No Accident Factor, Side Swipe, 0.0 drivers_injured, 0.0 drivers_killed, 0.0 passengers_injured, 0.0 passengers_killed, 0.0 pedestrian_injured, 0.0 pedestrian_killed, Fair (Night), Bonifacio Memorial Center Caloocan",MMDA Road Safety Unit,,f8d3441c-e502-48ed-ac3f-e50a5d3f5440,2015-06-29,16:00:00,EDSA Quezon Ave. Quezon City,0,0,0,0,0,0,0,0,0,0,2015-06-30,Property,14.6571285,120.984107,Side Swipe
None,EDSA,None,None,"No Accident Factor, Angle Impact, 0.0 drivers_injured, 0.0 drivers_killed, 0.0 passengers_injured, 0.0 passengers_killed, 0.0 pedestrian_injured, 0.0 pedestrian_killed, Fair (Night), Bonifacio Memorial Center Caloocan",MMDA Road Safety Unit,,cb1d058c-aec5-4523-9276-689b9f149bfc,2015-06-27,19:15:00,EDSA Solid North Terminal Quezon City,0,0,0,0,0,0,0,0,0,0,2015-06-28 3:15,Property,14.6571285,120.984107,Angle Impact
None,EDSA,None,None,"No Accident Factor, Angle Impact, 0.0 drivers_injured, 0.0 drivers_killed, 0.0 passengers_injured, 0.0 passengers_killed, 0.0 pedestrian_injured, 0.0 pedestrian_killed, Fair (Night), Bonifacio Memorial Center Caloocan",MMDA Road Safety Unit,,ebe62bd3-5935-4bf1-a637-58e907a7edc4,2015-06-26,15:40:00,EDSA Cloverleaf Quezon City,0,0,0,0,0,0,0,0,0,0,2015-06-26 23:40,Property,14.6571285,120.984107,Angle Impact
None,EDSA,None,None,"No Accident Factor, Angle Impact, 0.0 drivers_injured, 0.0 drivers_killed, 0.0 passengers_injured, 0.0 passengers_killed, 0.0 pedestrian_injured, 0.0 pedestrian_killed, Fair (Day), Bonifacio Memorial Center Caloocan",MMDA Road Safety Unit,,40e551ef-bb01-40ca-a919-0406a6022bb8,2015-06-24,08:25:00,EDSA Oliveros St. Quezon City,0,0,0,0,0,0,0,0,0,0,2015-06-24 16:25,Property,14.6571285,120.984107,Angle Impact
None,EDSA,None,None,"No Accident Factor, Angle Impact, 0.0 drivers_injured, 0.0 drivers_killed, 0.0 passengers_injured, 0.0 passengers_killed, 0.0 pedestrian_injured, 0.0 pedestrian_killed, Fair (Day), Bonifacio Memorial Center Caloocan",MMDA Road Safety Unit,,f8cd01b7-3ac0-4271-8ad1-2ea6208cd2c4,2015-06-24,06:25:00,"EDSA Shell Gas Station, A. Samson Quezon City",0,0,0,0,0,0,0,0,0,0,2015-06-24 14:25,Property,14.6571285,120.984107,Angle Impact
None,EDSA,None,None,"No Accident Factor, Multiple Collision, 1.0 drivers_injured, 0.0 drivers_killed, 0.0 passengers_injured, 0.0 passengers_killed, 0.0 pedestrian_injured, 0.0 pedestrian_killed, Fair (Night), Bonifacio Memorial Center Caloocan",MMDA Road Safety Unit,,726f763e-5798-49a3-bdd7-be51ff06f135,2015-06-23,15:45:00,"EDSA Shell Gas Station, A. Samson Quezon City",0,0,0,1,0,0,0,0,0,1,2015-06-23 23:45,Injury,14.6571285,120.984107,Multiple
None,EDSA,None,None,"No Accident Factor, Hit Object (No Object Stated), 0.0 drivers_injured, 0.0 drivers_killed, 0.0 passengers_injured, 0.0 passengers_killed, 0.0 pedestrian_injured, 0.0 pedestrian_killed, Fair (Night), Bonifacio Memorial Center, 81 Caloocan",MMDA Road Safety Unit,,9a8c3e53-8332-48d8-93e0-f9b840cfbfee,2015-06-23,14:10:00,EDSA Cloverleaf Quezon City,0,0,0,0,0,0,0,0,0,0,2015-06-23 22:10,Property,14.6571285,120.984107,Hit Object
None,EDSA,None,None,"No Accident Factor, Side Swipe, 0.0 drivers_injured, 0.0 drivers_killed, 0.0 passengers_injured, 0.0 passengers_killed, 0.0 pedestrian_injured, 0.0 pedestrian_killed, Fair (Day), Bonifacio Memorial Center Caloocan",MMDA Road Safety Unit,,38c87cb1-6548-4ec4-8d27-01f62489c7f5,2015-06-22,03:40:00,EDSA Timog Ave. (GMA-7) Quezon City,0,0,0,0,0,0,0,0,0,0,2015-06-22 11:40,Property,14.6571285,120.984107,Side Swipe
None,EDSA,None,None,"No Accident Factor, Rear-end, 0.0 drivers_injured, 0.0 drivers_killed, 0.0 passengers_injured, 0.0 passengers_killed, 0.0 pedestrian_injured, 0.0 pedestrian_killed, Fair (Day), Bonifacio Memorial Center Caloocan",MMDA Road Safety Unit,,17ceff85-729e-4f03-87b3-824401c50342,2015-06-22,01:00:00,EDSA Panay Ave. Quezon City,0,0,0,0,0,0,0,0,0,0,2015-06-22 9:00,Property,14.6571285,120.984107,Rear-End
None,EDSA,None,None,"No Accident Factor, Side Swipe, 0.0 drivers_injured, 0.0 drivers_killed, 0.0 passengers_injured, 0.0 passengers_killed, 0.0 pedestrian_injured, 0.0 pedestrian_killed, Fair (Day), Bonifacio Memorial Center, 81 Caloocan",MMDA Road Safety Unit,,7544c7b0-c356-4179-b7e6-bf11e6702090,2015-06-17,05:00:00,"EDSA SM North, Pagasa Quezon City",0,0,0,0,0,0,0,0,0,0,2015-06-17 13:00,Property,14.6571285,120.984107,Side Swipe
None,EDSA,None,None,"No Accident Factor, Side Swipe, 0.0 drivers_injured, 0.0 drivers_killed, 0.0 passengers_injured, 0.0 passengers_killed, 0.0 pedestrian_injured, 0.0 pedestrian_killed, Fair (Day), Bonifacio Memorial Center Caloocan",MMDA Road Safety Unit,,e61442a6-7756-4f82-8c65-18eaf467fec1,2015-06-17,00:00:00,EDSA Cloverleaf Quezon City,0,0,0,0,0,0,0,0,0,0,2015-06-17 8:00,Property,14.6571285,120.984107,Side Swipe
None,EDSA,None,None,"No Accident Factor, Angle Impact, 0.0 drivers_injured, 0.0 drivers_killed, 0.0 passengers_injured, 0.0 passengers_killed, 0.0 pedestrian_injured, 0.0 pedestrian_killed, Fair (Day), Bonifacio Memorial Circle Caloocan",MMDA Road Safety Unit,,928740f7-5ae6-40fb-b033-af97e29d661c,2015-06-13,04:40:00,EDSA Timog Ave. Quezon City,0,0,0,0,0,0,0,0,0,0,2015-06-13 12:40,Property,14.6571285,120.984107,Angle Impact
None,EDSA,None,None,"No Accident Factor, Rear-end, 0.0 drivers_injured, 0.0 drivers_killed, 0.0 passengers_injured, 0.0 passengers_killed, 0.0 pedestrian_injured, 0.0 pedestrian_killed, Fair (Night), Bonifacio Memorial Circle Caloocan",MMDA Road Safety Unit,,f992e60c-9d17-40e7-b9cb-8a6f43762494,2015-06-11,15:00:00,"EDSA National Printing Office, Pinyahan  Quezon City",0,0,0,0,0,0,0,0,0,0,2015-06-11 23:00,Property,14.6571285,120.984107,Rear-End
None,EDSA,None,None,"No Accident Factor, Rear-end, 0.0 drivers_injured, 0.0 drivers_killed, 0.0 passengers_injured, 0.0 passengers_killed, 0.0 pedestrian_injured, 0.0 pedestrian_killed, Fair (Day), Bonifacio Memorial Cirlce Caloocan",MMDA Road Safety Unit,,effc2b71-e3b1-4531-9535-1d2a18774adf,2015-06-11,05:30:00,EDSA Aurora Blvd. Quezon City,0,0,0,0,0,0,0,0,0,0,2015-06-11 13:30,Property,14.6571285,120.984107,Rear-End
None,EDSA,None,None,"No Accident Factor, Side Swipe, 0.0 drivers_injured, 0.0 drivers_killed, 0.0 passengers_injured, 0.0 passengers_killed, 0.0 pedestrian_injured, 0.0 pedestrian_killed, Fair (Day), Bonifacio Memorial Circle Caloocan",MMDA Road Safety Unit,,10feee24-a34b-4b7d-b6fb-311f89ac00ee,2015-06-08,06:30:00,EDSA Aurora Blvd. Quezon City,0,0,0,0,0,0,0,0,0,0,2015-06-08 14:30,Property,14.6571285,120.984107,Side Swipe
None,EDSA,None,None,"No Accident Factor, Rear-end, 0.0 drivers_injured, 0.0 drivers_killed, 0.0 passengers_injured, 0.0 passengers_killed, 0.0 pedestrian_injured, 0.0 pedestrian_killed, Fair (Day), Bonifacio Memorial Circle Caloocan",MMDA Road Safety Unit,,2d111291-8b6b-4dcf-bc4d-717dec19b9f9,2015-06-04,22:00:00,"EDSA Roosevelt Avenue, Katipu Quezon City",0,0,0,0,0,0,0,0,0,0,2015-06-05 6:00,Property,14.6571285,120.984107,Rear-End
None,EDSA,None,None,"No Accident Factor, Rear-end, 0.0 drivers_injured, 0.0 drivers_killed, 0.0 passengers_injured, 0.0 passengers_killed, 0.0 pedestrian_injured, 0.0 pedestrian_killed, Fair (Day), Bonifacio Memorial Circle, 81 Caloocan",MMDA Road Safety Unit,,93131a5a-8bbf-4cac-962d-e6099f1bd113,2015-06-01,04:05:00,EDSA Aurora Blvd. Quezon City,0,0,0,0,0,0,0,0,0,0,2015-06-01 12:05,Property,14.6571285,120.984107,Rear-End