LOCATION_TEXT,ROAD,WEATHER,LIGHT,DESC,REPORTING_AGENCY,MAIN_CAUSE,INCIDENTDETAILS_ID,DATE_UTC,TIME_UTC,ADDRESS,killed_driver,killed_passenger,killed_pedestrian,injured_driver,injured_passenger,injured_pedestrian,killed_uncategorized,injured_uncategorized,killed_total,injured_total,DATETIME_PST,SEVERITY,Y,X,COLLISION_TYPE
None,EDSA,None,None,"No Accident Factor, Side Swipe, 0.0 drivers_injured, 0.0 drivers_killed, 0.0 passengers_injured, 0.0 passengers_killed, 0.0 pedestrian_injured, 0.0 pedestrian_killed, Fair (Night), Bonifacio Memorial Circle Caloocan",MMDA Road Safety Unit,,1979f3cb-0805-40ff-a7de-3938b43a08ac,2015-05-30,20:00:00,"EDSA Corregidor Street, ramon Magsaysay Quezon City",0,0,0,0,0,0,0,0,0,0,2015-05-31 4:00,Property,14.6571285,120.984107,Side Swipe
None,EDSA,None,None,"No Accident Factor, No Collision Stated (based on Police Blotter Book), 0.0 drivers_injured, 0.0 drivers_killed, 0.0 passengers_injured, 0.0 passengers_killed, 0.0 pedestrian_injured, 0.0 pedestrian_killed, Fair (Night), Bonifacio Memorial Circle, 81 Caloocan",MMDA Road Safety Unit,,c5483977-72c7-411f-95e4-a019268d1e44,2015-05-28,17:00:00,EDSA West Ave. Quezon City,0,0,0,0,0,0,0,0,0,0,2015-05-29 1:00,Property,14.6571285,120.984107,No Collision Stated
None,EDSA,None,None,"No Accident Factor, No Collision Stated (based on Police Blotter Book), 0.0 drivers_injured, 0.0 drivers_killed, 0.0 passengers_injured, 0.0 passengers_killed, 0.0 pedestrian_injured, 0.0 pedestrian_killed, Fair (Night), Bonifacio Memorial Circle, 81 Caloocan",MMDA Road Safety Unit,,81f4e9ee-4b20-4365-9dee-89be1993c206,2015-05-28,16:00:00,"EDSA Baliwag Bus Terminal-Cubao, E. Rodriguez Quezon City",0,0,0,0,0,0,0,0,0,0,2015-05-29,Property,14.6571285,120.984107,No Collision Stated
None,EDSA,None,None,"No Accident Factor, Hit and Run (Angle Impact), 0.0 drivers_injured, 0.0 drivers_killed, 0.0 passengers_injured, 0.0 passengers_killed, 0.0 pedestrian_injured, 0.0 pedestrian_killed, Fair (Day), Bonifacio Memorial Circle Quadrangle, 81 Caloocan",MMDA Road Safety Unit,,715b963b-9af0-4438-a7ab-57cab3643eea,2015-05-25,03:50:00,EDSA Puregold Quezon City,0,0,0,0,0,0,0,0,0,0,2015-05-25 11:50,Property,14.6571285,120.984107,Angle Impact
None,EDSA,None,None,"No Accident Factor, Side Swipe, 0.0 drivers_injured, 0.0 drivers_killed, 0.0 passengers_injured, 0.0 passengers_killed, 0.0 pedestrian_injured, 0.0 pedestrian_killed, Fair (Day), Bonifacio Memorial Circle Caloocan",MMDA Road Safety Unit,,8ffed860-b727-41dd-9a01-72f1f1357a38,2015-05-25,01:00:00,"EDSA Mindanao Avenue Avenue Ext., Pagasa Quezon City",0,0,0,0,0,0,0,0,0,0,2015-05-25 9:00,Property,14.6571285,120.984107,Side Swipe
None,EDSA,None,None,"No Accident Factor, Angle Impact, 0.0 drivers_injured, 0.0 drivers_killed, 0.0 passengers_injured, 0.0 passengers_killed, 0.0 pedestrian_injured, 0.0 pedestrian_killed, Fair (Night), Bonifacio Memorial Circle Caloocan",MMDA Road Safety Unit,,c353899c-8ac7-41a4-bbde-b925090523aa,2015-05-20,13:30:00,"EDSA West Avenue, Bungad Quezon City",0,0,0,0,0,0,0,0,0,0,2015-05-20 21:30,Property,14.6571285,120.984107,Angle Impact
None,EDSA,None,None,"No Accident Factor, Angle Impact, 0.0 drivers_injured, 0.0 drivers_killed, 0.0 passengers_injured, 0.0 passengers_killed, 0.0 pedestrian_injured, 0.0 pedestrian_killed, Fair (Day), Bonifacio Memorial Circle Caloocan",MMDA Road Safety Unit,,051fb2d9-eb6e-4128-967a-64f06bc50634,2015-05-20,05:20:00,EDSA Roosevelt Ave. Quezon City,0,0,0,0,0,0,0,0,0,0,2015-05-20 13:20,Property,14.6571285,120.984107,Angle Impact
None,EDSA,None,None,"No Accident Factor, Side Swipe, 0.0 drivers_injured, 0.0 drivers_killed, 0.0 passengers_injured, 0.0 passengers_killed, 0.0 pedestrian_injured, 0.0 pedestrian_killed, Fair (Night), Bonifacio Memorial Circle Caloocan",MMDA Road Safety Unit,,e77b6774-cfe4-4c86-8994-d4360cfbeb87,2015-05-19,14:55:00,"EDSA SM North, Pagasa Quezon City",0,0,0,0,0,0,0,0,0,0,2015-05-19 22:55,Property,14.6571285,120.984107,Side Swipe
None,EDSA,None,None,"No Accident Factor, Side Swipe, 0.0 drivers_injured, 0.0 drivers_killed, 0.0 passengers_injured, 0.0 passengers_killed, 0.0 pedestrian_injured, 0.0 pedestrian_killed, Fair (Night), Bonifacio Memorial Circle Caloocan",MMDA Road Safety Unit,,ebc952a5-3074-4a8a-929b-dfe873e219cd,2015-05-18,14:00:00,"EDSA Bus Bay, Pagasa Quezon City",0,0,0,0,0,0,0,0,0,0,2015-05-18 22:00,Property,14.6571285,120.984107,Side Swipe
None,EDSA,None,None,"No Accident Factor, Side Swipe, 0.0 drivers_injured, 0.0 drivers_killed, 0.0 passengers_injured, 0.0 passengers_killed, 0.0 pedestrian_injured, 0.0 pedestrian_killed, Fair (Night), Bonifacio Memorial Circle Caloocan",MMDA Road Safety Unit,,c29fbd52-616c-4d48-8ea2-7952b262ba83,2015-05-18,10:45:00,EDSA South Road Quezon City,0,0,0,0,0,0,0,0,0,0,2015-05-18 18:45,Property,14.6571285,120.984107,Side Swipe
None,EDSA,None,None,"No Accident Factor, Hit Parked Vehicle, 0.0 drivers_injured, 0.0 drivers_killed, 0.0 passengers_injured, 0.0 passengers_killed, 0.0 pedestrian_injured, 0.0 pedestrian_killed, Fair (Day), Bonifacio Memorial Circle Caloocan",MMDA Road Safety Unit,,8941a5f5-1cc6-4245-b92c-5f9f2436d563,2015-05-15,00:30:00,EDSA Kamuning QCPD Station 10 Quezon City,0,0,0,0,0,0,0,0,0,0,2015-05-15 8:30,Property,14.6571285,120.984107,Hit Object
None,EDSA,None,None,"No Accident Factor, Rear-end, 0.0 drivers_injured, 0.0 drivers_killed, 0.0 passengers_injured, 0.0 passengers_killed, 0.0 pedestrian_injured, 0.0 pedestrian_killed, Fair (Day), Bonifacio Memorial Circle Caloocan",MMDA Road Safety Unit,,353dc69a-3010-4843-af01-7e6393827b83,2015-05-12,07:25:00,EDSA Roosevelt Ave. Quezon City,0,0,0,0,0,0,0,0,0,0,2015-05-12 15:25,Property,14.6571285,120.984107,Rear-End
None,EDSA,None,None,"No Accident Factor, Hit Parked Vehicle, 0.0 drivers_injured, 0.0 drivers_killed, 0.0 passengers_injured, 0.0 passengers_killed, 0.0 pedestrian_injured, 0.0 pedestrian_killed, Fair (Day), Bonifacio Memorial Circle Caloocan",MMDA Road Safety Unit,,348b0a22-2cfd-452d-98b2-168739668e04,2015-05-10,09:00:00,"EDSA Five Star Bus Terminal-Cubao, E. Rodriguez Quezon City",0,0,0,0,0,0,0,0,0,0,2015-05-10 17:00,Property,14.6571285,120.984107,Hit Object
None,EDSA,None,None,"No Accident Factor, Rear-end, 1.0 drivers_injured, 0.0 drivers_killed, 0.0 passengers_injured, 0.0 passengers_killed, 0.0 pedestrian_injured, 0.0 pedestrian_killed, Fair (Night), Bonifacio Memorial Center (SM), 78 Caloocan",MMDA Road Safety Unit,,65368168-29c9-42fc-bb4f-9b83ccf2d99a,2015-04-25,15:30:00,"EDSA SM North Bus Bay, Sto. Cristo Quezon City",0,0,0,1,0,0,0,0,0,1,2015-04-25 23:30,Injury,14.6571285,120.984107,Rear-End
None,EDSA,None,None,"No Accident Factor, Side Swipe, 0.0 drivers_injured, 0.0 drivers_killed, 0.0 passengers_injured, 0.0 passengers_killed, 0.0 pedestrian_injured, 0.0 pedestrian_killed, Fair (Day), Bonifacio Memorial Circle (R. J. Transit Bus Terminal) Caloocan",MMDA Road Safety Unit,,d73c02bd-8377-4b9a-9ffb-0244b2e44cdb,2015-04-01,03:30:00,EDSA Ortigas Ave.  Quezon City,0,0,0,0,0,0,0,0,0,0,2015-04-01 11:30,Property,14.6571285,120.984107,Side Swipe
None,EDSA,None,None,"No Accident Factor, Side Swipe, 1.0 drivers_injured, 0.0 drivers_killed, 0.0 passengers_injured, 0.0 passengers_killed, 0.0 pedestrian_injured, 0.0 pedestrian_killed, Fair (Day), Bonifacio Memorial Circle, 81 Caloocan",MMDA Road Safety Unit,,18e52585-035e-470f-becd-f797411d7fe7,2015-03-30,05:20:00,"EDSA New York St., E. Rodriguez Quezon City",0,0,0,1,0,0,0,0,0,1,2015-03-30 13:20,Injury,14.6571285,120.984107,Side Swipe
None,EDSA,None,None,"No Accident Factor, Side Swipe, 0.0 drivers_injured, 0.0 drivers_killed, 0.0 passengers_injured, 0.0 passengers_killed, 0.0 pedestrian_injured, 0.0 pedestrian_killed, Fair (Day), Bonifacio Memorial Circle / Quadrangle, 76 Caloocan",MMDA Road Safety Unit,,2e957cb3-42a5-4dea-86d3-c1fcd126e31c,2015-03-19,04:00:00,"EDSA Whiteplains Ave., Ugong Norte Quezon City",0,0,0,0,0,0,0,0,0,0,2015-03-19 12:00,Property,14.6571285,120.984107,Angle Impact
None,EDSA,None,None,"No Accident Factor, Rear-end, 0.0 drivers_injured, 0.0 drivers_killed, 0.0 passengers_injured, 0.0 passengers_killed, 0.0 pedestrian_injured, 0.0 pedestrian_killed, Fair (Day), Bonifacio Memorial Center, 51 Caloocan",MMDA Road Safety Unit,,03ae8b63-4e20-4a1f-87b6-86d6cc419198,2015-03-16,04:30:00,"EDSA Shell Gas Station, A. Samson Quezon City",0,0,0,0,0,0,0,0,0,0,2015-03-16 12:30,Property,14.6571285,120.984107,Rear-End
None,EDSA,None,None,"No Accident Factor, Side Swipe, 0.0 drivers_injured, 0.0 drivers_killed, 0.0 passengers_injured, 0.0 passengers_killed, 0.0 pedestrian_injured, 0.0 pedestrian_killed, Fair (Day), Bonifacio Memorial Circle (SM Hypermarket) Caloocan",MMDA Road Safety Unit,,e1a12110-93bd-4ad3-a51e-3f11e213b94c,2015-03-10,09:00:00,EDSA Balintawak Market Quezon City,0,0,0,0,0,0,0,0,0,0,2015-03-10 17:00,Property,14.6571285,120.984107,Side Swipe
None,EDSA,None,None,"No Accident Factor, Side Swipe, 0.0 drivers_injured, 0.0 drivers_killed, 0.0 passengers_injured, 0.0 passengers_killed, 0.0 pedestrian_injured, 0.0 pedestrian_killed, Fair (Day), Bonifacio Memorial Circle, 78 Caloocan",MMDA Road Safety Unit,,b234ab0b-d5e9-4ada-b299-4094eb2dba7f,2015-03-06,04:15:00,EDSA Cloverleaf Quezon City,0,0,0,0,0,0,0,0,0,0,2015-03-06 12:15,Property,14.6571285,120.984107,Side Swipe
None,EDSA,None,None,"No Accident Factor, Angle Impact, 0.0 drivers_injured, 0.0 drivers_killed, 0.0 passengers_injured, 0.0 passengers_killed, 0.0 pedestrian_injured, 0.0 pedestrian_killed, Fair (Day), Bonifacio Memorial Circle, 18 Caloocan",MMDA Road Safety Unit,,bababd42-321e-4ae7-91d6-33787cf6bf69,2015-03-01,22:25:00,EDSA Quezon Ave. Quezon City,0,0,0,0,0,0,0,0,0,0,2015-03-02 6:25,Property,14.6571285,120.984107,Angle Impact
None,EDSA,None,None,"No Accident Factor, Side Swipe, 0.0 drivers_injured, 0.0 drivers_killed, 0.0 passengers_injured, 0.0 passengers_killed, 0.0 pedestrian_injured, 0.0 pedestrian_killed, Fair (Night), Bonifacio Memorial Circle Caloocan",MMDA Road Safety Unit,,194e1eeb-3d0a-4fb7-965f-7355aee59041,2015-02-09,11:45:00,"EDSA Oliveros, A. Samson Quezon City",0,0,0,0,0,0,0,0,0,0,2015-02-09 19:45,Property,14.6571285,120.984107,Side Swipe
None,EDSA,None,None,"No Accident Factor, Side Swipe, 0.0 drivers_injured, 0.0 drivers_killed, 0.0 passengers_injured, 0.0 passengers_killed, 0.0 pedestrian_injured, 0.0 pedestrian_killed, Fair (Night), Bonifacio Memorial Circle Caloocan",MMDA Road Safety Unit,,2f639ad5-ab8e-4be8-bcb6-fcac8a2f413f,2015-02-07,17:00:00,EDSA Waltermart Quezon City,0,0,0,0,0,0,0,0,0,0,2015-02-08 1:00,Property,14.6571285,120.984107,Side Swipe
None,EDSA,None,None,"No Accident Factor, Side Swipe, 0.0 drivers_injured, 0.0 drivers_killed, 0.0 passengers_injured, 0.0 passengers_killed, 0.0 pedestrian_injured, 0.0 pedestrian_killed, Fair (Night), Bonifacio Memorial Circle, 81 Caloocan",MMDA Road Safety Unit,,f02ce4b6-c9d4-415f-9ddd-438219821ef2,2015-02-06,14:50:00,"EDSA Baliwag Bus Terminal-Cubao, E. Garcia St. Quezon City",0,0,0,0,0,0,0,0,0,0,2015-02-06 22:50,Property,14.6571285,120.984107,Side Swipe
None,EDSA,None,None,"No Accident Factor, No Collision Stated (based on Police Blotter Book), 0.0 drivers_injured, 0.0 drivers_killed, 0.0 passengers_injured, 0.0 passengers_killed, 0.0 pedestrian_injured, 0.0 pedestrian_killed, Fair (Night), Bonifacio Memorial Circle Caloocan",MMDA Road Safety Unit,,5f9d086c-933e-4d18-aceb-be6ad32fb878,2015-02-05,15:30:00,EDSA Monte de Piedad St. (Raymond Terminal) Quezon City,0,0,0,0,0,0,0,0,0,0,2015-02-05 23:30,Property,14.6571285,120.984107,No Collision Stated
None,EDSA,None,None,"No Accident Factor, Side Swipe, 0.0 drivers_injured, 0.0 drivers_killed, 0.0 passengers_injured, 0.0 passengers_killed, 0.0 pedestrian_injured, 0.0 pedestrian_killed, Fair (Night), Bonifacio Memorial Circle Caloocan",MMDA Road Safety Unit,,52615ff8-0721-489b-be20-c6c7fa40a630,2015-02-05,11:15:00,EDSA Aurora Blvd. Quezon City,0,0,0,0,0,0,0,0,0,0,2015-02-05 19:15,Property,14.6571285,120.984107,Side Swipe
None,EDSA,None,None,"No Accident Factor, No Collision Stated (based on Police Blotter Book), 0.0 drivers_injured, 0.0 drivers_killed, 0.0 passengers_injured, 0.0 passengers_killed, 0.0 pedestrian_injured, 0.0 pedestrian_killed, Fair (Night), Bonifacio Memorial Circle Caloocan",MMDA Road Safety Unit,,ed654593-64c1-4e76-b3cc-abe573f6424d,2015-02-03,15:55:00,EDSA Roosevelt Ave. Quezon City,0,0,0,0,0,0,0,0,0,0,2015-02-03 23:55,Property,14.6571285,120.984107,No Collision Stated
None,EDSA,None,None,"No Accident Factor, Side Swipe, 0.0 drivers_injured, 0.0 drivers_killed, 0.0 passengers_injured, 0.0 passengers_killed, 0.0 pedestrian_injured, 0.0 pedestrian_killed, Fair (Night), Bonifacio Memorial Circle, Northeast Quadrant (Cebuana Lhullier) Caloocan",MMDA Road Safety Unit,,ad77dc43-43db-43a0-82e6-e9e60926ddb9,2015-02-02,13:00:00,"EDSA Congressional Avenue, Ramon Magsaysay Quezon City",0,0,0,0,0,0,0,0,0,0,2015-02-02 21:00,Property,14.65735348,120.9841872,Side Swipe
None,EDSA,None,None,"No Accident Factor, Hit and Run (Angle Impact), 0.0 drivers_injured, 0.0 drivers_killed, 0.0 passengers_injured, 0.0 passengers_killed, 0.0 pedestrian_injured, 0.0 pedestrian_killed, Fair (Day), Biglang-Awa Caloocan",MMDA Road Safety Unit,,1cb14785-ba80-4a7e-9d0d-0513ccc16219,2015-01-26,22:40:00,"EDSA SM North Bus Bay, Sto. Cristo Quezon City",0,0,0,0,0,0,0,0,0,0,2015-01-27 6:40,Property,14.65717609,120.9944291,Angle Impact
None,EDSA,None,None,"No Accident Factor, Side Swipe, 0.0 drivers_injured, 0.0 drivers_killed, 0.0 passengers_injured, 0.0 passengers_killed, 0.0 pedestrian_injured, 0.0 pedestrian_killed, Fair (Night), Bonifacio Memorial Circle Caloocan",MMDA Road Safety Unit,,28d3cf7d-f0d9-41c5-9bd4-683f80f24221,2014-09-17,16:00:00,EDSA P. Tuazon St. Quezon City,0,0,0,0,0,0,0,0,0,0,2014-09-18,Property,14.6571285,120.984107,Side Swipe
None,EDSA,None,None,"No Accident Factor, Side Swipe, 0.0 drivers_injured, 0.0 drivers_killed, 0.0 passengers_injured, 0.0 passengers_killed, 0.0 pedestrian_injured, 0.0 pedestrian_killed, Fair (Night), Bonifacio Memorial Circle Caloocan",MMDA Road Safety Unit,,0b2deaa1-0c25-45e8-9651-2f9592cf88ed,2014-09-13,13:30:00,EDSA Aurora Blvd.  Quezon City,0,0,0,0,0,0,0,0,0,0,2014-09-13 21:30,Property,14.6571285,120.984107,Side Swipe
None,EDSA,None,None,"No Accident Factor, Side Swipe, 0.0 drivers_injured, 0.0 drivers_killed, 0.0 passengers_injured, 0.0 passengers_killed, 0.0 pedestrian_injured, 0.0 pedestrian_killed, Fair (Day), Bonifacio Memorial Circle Caloocan",MMDA Road Safety Unit,,aeb2fa40-4428-4b4c-976e-14774ae2d1e9,2014-09-13,02:20:00,EDSA Cloverleaf Quezon City,0,0,0,0,0,0,0,0,0,0,2014-09-13 10:20,Property,14.6571285,120.984107,Side Swipe
None,EDSA,None,None,"No Accident Factor, Side Swipe, 0.0 drivers_injured, 0.0 drivers_killed, 0.0 passengers_injured, 0.0 passengers_killed, 0.0 pedestrian_injured, 0.0 pedestrian_killed, Fair (Night), Bonifacio Memorial Circle Caloocan",MMDA Road Safety Unit,,f168e29a-f344-4c37-ae41-0059b18d902e,2014-09-07,15:20:00,"EDSA Trinoma, Pagasa Quezon City",0,0,0,0,0,0,0,0,0,0,2014-09-07 23:20,Property,14.6571285,120.984107,Side Swipe
None,EDSA,None,None,"No Accident Factor, Side Swipe, 0.0 drivers_injured, 0.0 drivers_killed, 0.0 passengers_injured, 0.0 passengers_killed, 0.0 pedestrian_injured, 0.0 pedestrian_killed, Fair (Day), Bonifacio Monument Circle, Araneta Square Caloocan",MMDA Road Safety Unit,,de23b2c3-e901-4773-90d7-25ad7acb2968,2014-08-30,09:50:00,EDSA Aurora Blvd. Quezon City,0,0,0,0,0,0,0,0,0,0,2014-08-30 17:50,Property,14.6570291,120.9837294,Side Swipe
None,EDSA,None,None,"No Accident Factor, Side Swipe, 0.0 drivers_injured, 0.0 drivers_killed, 0.0 passengers_injured, 0.0 passengers_killed, 0.0 pedestrian_injured, 0.0 pedestrian_killed, Fair (Night), Bonifacio Monument Circle Caloocan",MMDA Road Safety Unit,,f448d3b7-31a3-4e3e-9dd3-3764a89dca96,2014-08-29,14:00:00,EDSA Waltermart Quezon City,0,0,0,0,0,0,0,0,0,0,2014-08-29 22:00,Property,14.6571285,120.984107,Side Swipe
None,EDSA,None,None,"No Accident Factor, Side Swipe, 0.0 drivers_injured, 0.0 drivers_killed, 2.0 passengers_injured, 0.0 passengers_killed, 0.0 pedestrian_injured, 0.0 pedestrian_killed, Fair (Day), Bonifacio Monument Circle, South West Quadrant Caloocan",MMDA Road Safety Unit,,2ace44f4-58f9-4b7c-b0a4-a0051a50888f,2014-08-28,00:15:00,EDSA Timog Ave. Quezon City,0,0,0,0,2,0,0,0,0,2,2014-08-28 8:15,Injury,14.6570291,120.9837294,Side Swipe
None,EDSA,None,None,"No Accident Factor, Side Swipe, 0.0 drivers_injured, 0.0 drivers_killed, 0.0 passengers_injured, 0.0 passengers_killed, 0.0 pedestrian_injured, 0.0 pedestrian_killed, Fair (Day), Bonifacio Monument Circle Caloocan",MMDA Road Safety Unit,,da2a0802-5ced-4964-89f7-6cdbcab796aa,2014-08-25,23:30:00,EDSA Aurora Blvd. Quezon City,0,0,0,0,0,0,0,0,0,0,2014-08-26 7:30,Property,14.6571285,120.984107,Side Swipe
"Barangay Biglang Awa, William Shaw, 94, Caloocan, Metro Manila, 1400, Philippines",EDSA,partly-cloudy-day,day,BUMPED FROM BEHIND,Other,,fa341230-eb3c-4b63-a132-8473ae9172a3,2016-10-11,01:25:43,EDSA Whiteplains Ave.  Quezon City,0,0,0,0,0,0,0,0,0,0,2016-10-11 9:25,Property,14.65717741,120.9944057,Rear-End
None,EDSA,None,None,"No Accident Factor, Hit and Run (No Collision Stated), 0.0 drivers_injured, 0.0 drivers_killed, 0.0 passengers_injured, 0.0 passengers_killed, 0.0 pedestrian_injured, 0.0 pedestrian_killed, Fair (Night), EDSA Jac Liner Bus Terminal, Pinyahan Quezon City",MMDA Road Safety Unit,,eec68c6c-e8cc-4e4d-bd2a-1ef061ffb733,2016-10-11,14:05:00,"EDSA West Ave., Bungad Quezon City",0,0,0,0,0,0,0,0,0,0,2016-10-11 22:05,Property,14.63162939,121.0456857,No Collision Stated
None,EDSA,None,None,"No Accident Factor, Side Swipe, 0.0 drivers_injured, 0.0 drivers_killed, 0.0 passengers_injured, 0.0 passengers_killed, 0.0 pedestrian_injured, 0.0 pedestrian_killed, Fair (Night), EDSA Robinsons Galleria  Quezon City",MMDA Road Safety Unit,,961d87a4-e5cf-41d3-a13d-ffc063fe5dca,2016-10-11,12:15:00,"EDSA East Ave., Pinyahan Quezon City",0,0,0,0,0,0,0,0,0,0,2016-10-11 20:15,Property,14.59206941,121.058228,Side Swipe
None,EDSA,None,None,"No Accident Factor, Side Swipe, 0.0 drivers_injured, 0.0 drivers_killed, 0.0 passengers_injured, 0.0 passengers_killed, 0.0 pedestrian_injured, 0.0 pedestrian_killed, Fair (Day), EDSA SM Hypermarket, Socorro Quezon City",MMDA Road Safety Unit,,d7265ae8-8e2e-4b3a-9e6c-af9f32d57a33,2016-10-11,12:15:00,EDSA Cloverleaf Quezon City,0,0,0,0,0,0,0,0,0,0,2016-10-11 20:15,Property,14.6142289,121.0535621,Side Swipe
None,EDSA,None,None,"No Accident Factor, Side Swipe, 0.0 drivers_injured, 0.0 drivers_killed, 0.0 passengers_injured, 0.0 passengers_killed, 0.0 pedestrian_injured, 0.0 pedestrian_killed, Fair (Night), EDSA Poveda St.  Quezon City",MMDA Road Safety Unit,,b3f90d38-d5b9-4f87-973b-904ed0f227d0,2016-10-11,11:30:00,EDSA Nepa Q-Mart Quezon City,0,0,0,0,0,0,0,0,0,0,2016-10-11 19:30,Property,14.59047645,121.0577338,Side Swipe
None,EDSA,None,None,"No Accident Factor, Rear-end, 0.0 drivers_injured, 0.0 drivers_killed, 0.0 passengers_injured, 0.0 passengers_killed, 0.0 pedestrian_injured, 0.0 pedestrian_killed, Fair (Day), EDSA Ortigas Ave.  Quezon City",MMDA Road Safety Unit,,d54666f5-9536-4c6a-8c36-ab610fd968f5,2016-10-11,03:00:00,"EDSA Nueva Ecija St. Ext., Sangandaan Quezon City",0,0,0,0,0,0,0,0,0,0,2016-10-11 11:00,Property,14.59275486,121.0584221,Rear-End
None,EDSA,None,None,"No Accident Factor, Rear-end, 0.0 drivers_injured, 0.0 drivers_killed, 0.0 passengers_injured, 0.0 passengers_killed, 0.0 pedestrian_injured, 0.0 pedestrian_killed, Fair (Day), EDSA Aurora Blvd.  Quezon City",MMDA Road Safety Unit,,f7d167de-4cdb-4d88-a6ef-1baad7660a5c,2016-10-11,01:45:00,EDSA Aurora Blvd. Quezon City,0,0,0,0,0,0,0,0,0,0,2016-10-11 9:45,Property,14.6217569,121.0502544,Rear-End
None,EDSA,None,None,"No Accident Factor, Rear-end, 0.0 drivers_injured, 0.0 drivers_killed, 0.0 passengers_injured, 0.0 passengers_killed, 0.0 pedestrian_injured, 0.0 pedestrian_killed, Fair (Day), EDSA Whiteplains Ave.  Quezon City",MMDA Road Safety Unit,,9158d355-d84e-4c06-bfb8-c57381b1670a,2016-10-11,00:15:00,"EDSA Congressional Ave., Ramon Magsaysay Quezon City",0,0,0,0,0,0,0,0,0,0,2016-10-11 8:15,Property,14.59961782,121.0596522,Rear-End
None,EDSA,None,None,"No Accident Factor, Rear-end, 0.0 drivers_injured, 0.0 drivers_killed, 0.0 passengers_injured, 0.0 passengers_killed, 0.0 pedestrian_injured, 0.0 pedestrian_killed, Fair (Night), EDSA Baliwag Bus Terminal, E. Rodriguez Quezon City",MMDA Road Safety Unit,,884f361c-994d-4154-b049-ffcc5645a757,2016-10-10,11:30:00,"EDSA Misamis St., Sto. Cristo Quezon City",0,0,0,0,0,0,0,0,0,0,2016-10-10 19:30,Property,14.6244766,121.0489584,Rear-End
None,EDSA,None,None,"No Accident Factor, Side Swipe, 0.0 drivers_injured, 0.0 drivers_killed, 1.0 passengers_injured, 0.0 passengers_killed, 0.0 pedestrian_injured, 0.0 pedestrian_killed, Fair (Night), EDSA East Ave., Pinyahan Quezon City",MMDA Road Safety Unit,,eba08aa4-89d7-4c70-b4b8-0ca5cdb39955,2016-10-10,10:35:00,"EDSA Misamis St., Pag-asa Quezon City",0,0,0,0,1,0,0,0,0,1,2016-10-10 18:35,Injury,14.6328297,121.0451176,Side Swipe
None,EDSA,None,None,"No Accident Factor, Rear-end, 0.0 drivers_injured, 0.0 drivers_killed, 0.0 passengers_injured, 0.0 passengers_killed, 0.0 pedestrian_injured, 0.0 pedestrian_killed, Fair (Day), EDSA Kamuning Road Quezon City",MMDA Road Safety Unit,,a520437c-e0ee-49fe-b962-c64d8785ff73,2016-10-10,01:40:00,"EDSA Main Ave., Socorro Quezon City",0,0,0,0,0,0,0,0,0,0,2016-10-10 9:40,Property,14.63075725,121.0457548,Rear-End
None,EDSA,None,None,"No Accident Factor, Rear-end, 0.0 drivers_injured, 0.0 drivers_killed, 0.0 passengers_injured, 0.0 passengers_killed, 0.0 pedestrian_injured, 0.0 pedestrian_killed, Fair (Day), EDSA Whiteplains Ave.  Quezon City",MMDA Road Safety Unit,,ff4b73dd-dc19-40bc-ba47-5a9beb159c8b,2016-10-09,22:45:00,EDSA Balintawak Market Quezon City,0,0,0,0,0,0,0,0,0,0,2016-10-10 6:45,Injury,14.59961782,121.0596522,Rear-End
None,EDSA,None,None,"No Accident Factor, Self-Accident, 1.0 drivers_injured, 0.0 drivers_killed, 0.0 passengers_injured, 0.0 passengers_killed, 0.0 pedestrian_injured, 0.0 pedestrian_killed, Fair (Night), EDSA Congressional Ave., Ramon Magsaysay Quezon City",MMDA Road Safety Unit,,f601c473-b3ff-41aa-898e-4465a3231cf0,2016-10-09,12:55:00,EDSA Balintawak Market Quezon City,0,0,0,1,0,0,0,0,0,1,2016-10-09 20:55,Injury,14.6571804,120.9927185,Self-Accident
None,EDSA,None,None,"No Accident Factor, Side Swipe, 0.0 drivers_injured, 0.0 drivers_killed, 0.0 passengers_injured, 0.0 passengers_killed, 0.0 pedestrian_injured, 0.0 pedestrian_killed, Fair (Day), EDSA North Road  Quezon City",MMDA Road Safety Unit,,4b8e5696-743a-496d-a4f0-39d0ea3b2022,2016-10-09,08:00:00,"EDSA Caltex, A. Samson Quezon City",0,0,0,0,0,0,0,0,0,0,2016-10-09 16:00,Property,14.61444188,121.0532975,Side Swipe
None,EDSA,None,None,"No Accident Factor, Hit and Run (No Collision Stated), 0.0 drivers_injured, 0.0 drivers_killed, 0.0 passengers_injured, 0.0 passengers_killed, 0.0 pedestrian_injured, 0.0 pedestrian_killed, Fair (Day), EDSA Col. Bonny Serrano Ave. Quezon City",MMDA Road Safety Unit,,e4b4d650-93b2-43af-acf2-d10568b2a494,2016-10-09,04:00:00,EDSA New York St. Quezon City,0,0,0,0,0,0,0,0,0,0,2016-10-09 12:00,Property,14.61107337,121.0550705,No Collision Stated
None,EDSA,None,None,"No Accident Factor, Hit and Run (No Collision Stated), 0.0 drivers_injured, 0.0 drivers_killed, 0.0 passengers_injured, 0.0 passengers_killed, 0.0 pedestrian_injured, 0.0 pedestrian_killed, Fair (Day), EDSA Superlines Bus Terminal Quezon City",MMDA Road Safety Unit,,c28e8d43-90d3-4c18-959f-2eb216c164e9,2016-10-08,16:30:00,EDSA Solid North Terminal Quezon City,0,0,0,0,0,0,0,0,0,0,2016-10-09 0:30,Property,14.62512241,121.0484162,No Collision Stated