LOCATION_TEXT,ROAD,WEATHER,LIGHT,DESC,REPORTING_AGENCY,MAIN_CAUSE,INCIDENTDETAILS_ID,DATE_UTC,TIME_UTC,ADDRESS,killed_driver,killed_passenger,killed_pedestrian,injured_driver,injured_passenger,injured_pedestrian,killed_uncategorized,injured_uncategorized,killed_total,injured_total,DATETIME_PST,SEVERITY,Y,X,COLLISION_TYPE
None,EDSA,None,None,"No Accident Factor, Side Swipe, 0.0 drivers_injured, 0.0 drivers_killed, 0.0 passengers_injured, 0.0 passengers_killed, 0.0 pedestrian_injured, 0.0 pedestrian_killed, Fair (Night), EDSA Sct. Borromeo St.  Quezon City",MMDA Road Safety Unit,,0cb12942-5262-42a2-bb1b-673db79627e9,2016-10-08,10:00:00,EDSA Kamuning Traffic Sector 4 Quezon City,0,0,0,0,0,0,0,0,0,0,2016-10-08 18:00,Property,14.63715712,121.0419507,Side Swipe
None,EDSA,None,None,"No Accident Factor, Rear-end, 0.0 drivers_injured, 0.0 drivers_killed, 0.0 passengers_injured, 0.0 passengers_killed, 0.0 pedestrian_injured, 0.0 pedestrian_killed, Fair (Day), EDSA P. Tuazon Blvd. Quezon City",MMDA Road Safety Unit,,79314f17-238d-481f-bd31-4255fa187752,2016-10-08,08:20:00,EDSA West Ave. Quezon City,0,0,0,0,0,0,0,0,0,0,2016-10-08 16:20,Property,14.61656342,121.0525225,Rear-End
None,EDSA,None,None,"No Accident Factor, No Collision Stated (based on Police Blotter Book), 0.0 drivers_injured, 0.0 drivers_killed, 0.0 passengers_injured, 0.0 passengers_killed, 0.0 pedestrian_injured, 0.0 pedestrian_killed, Fair (Day), EDSA Misamis St., Sto. Cristo Quezon City",MMDA Road Safety Unit,,d04e8542-8919-47cd-aa2b-8ceb12a5e257,2016-10-08,06:35:00,EDSA Cloverleaf Quezon City,0,0,0,0,0,0,0,0,0,0,2016-10-08 14:35,Property,14.65602348,121.0285212,No Collision Stated
None,EDSA,None,None,"No Accident Factor, Rear-end, 0.0 drivers_injured, 0.0 drivers_killed, 0.0 passengers_injured, 0.0 passengers_killed, 0.0 pedestrian_injured, 0.0 pedestrian_killed, Fair (Day), EDSA Jam Bus Liner Terminal Quezon City",MMDA Road Safety Unit,,51de4418-5c9f-4231-90ba-1b8638bf18fd,2016-10-08,06:30:00,EDSA West Ave. Quezon City,0,0,0,0,0,0,0,0,0,0,2016-10-08 14:30,Property,14.63113373,121.0455992,Rear-End
None,EDSA,None,None,"No Accident Factor, Rear-end, 0.0 drivers_injured, 0.0 drivers_killed, 0.0 passengers_injured, 0.0 passengers_killed, 0.0 pedestrian_injured, 0.0 pedestrian_killed, Fair (Day), EDSA North Road  Quezon City",MMDA Road Safety Unit,,09a00148-8ce9-4dde-ae08-cc87ff2f8f05,2016-10-08,04:45:00,EDSA Cloverleaf Quezon City,0,0,0,0,0,0,0,0,0,0,2016-10-08 12:45,Property,14.61444188,121.0532975,Rear-End
None,EDSA,None,None,"No Accident Factor, Side Swipe, 0.0 drivers_injured, 0.0 drivers_killed, 0.0 passengers_injured, 0.0 passengers_killed, 0.0 pedestrian_injured, 0.0 pedestrian_killed, Fair (Day), EDSA Aurora Blvd.  Quezon City",MMDA Road Safety Unit,,f0dfc3ca-32ee-46a3-802d-d51cf353c975,2016-10-07,19:50:00,"EDSA Misamis St., Sto. Cristo Quezon City",0,0,0,0,0,0,0,0,0,0,2016-10-08 3:50,Property,14.6217569,121.0502544,Side Swipe
None,EDSA,None,None,"No Accident Factor, Side Swipe, 0.0 drivers_injured, 0.0 drivers_killed, 0.0 passengers_injured, 0.0 passengers_killed, 0.0 pedestrian_injured, 0.0 pedestrian_killed, Fair (Night), EDSA MRT North Station Quezon City",MMDA Road Safety Unit,,d4bf95b5-c79d-4311-9d4d-be62a9094fe4,2016-10-07,13:30:00,EDSA Quezon Ave. Quezon City,0,0,0,0,0,0,0,0,0,0,2016-10-07 21:30,Property,14.65224665,121.0323026,Side Swipe
None,EDSA,None,None,"No Accident Factor, Side Swipe, 0.0 drivers_injured, 0.0 drivers_killed, 0.0 passengers_injured, 0.0 passengers_killed, 0.0 pedestrian_injured, 0.0 pedestrian_killed, Fair (Night), EDSA Ortigas Ave.  Quezon City",MMDA Road Safety Unit,,17b5350f-f3ad-4ef4-b2b1-1e033ebe56a5,2016-10-07,13:00:00,EDSA Ortigas Ave. (Robinsons Galleria)  Quezon City,0,0,0,0,0,0,0,0,0,0,2016-10-07 21:00,Property,14.59275486,121.0584221,Side Swipe
None,EDSA,None,None,"No Accident Factor, No Collision Stated (based on Police Blotter Book), 0.0 drivers_injured, 0.0 drivers_killed, 0.0 passengers_injured, 0.0 passengers_killed, 0.0 pedestrian_injured, 0.0 pedestrian_killed, Fair (Night), EDSA SM North, Pag-Asa  Quezon City",MMDA Road Safety Unit,,1bca78e5-442b-4a41-a81c-308febadff50,2016-10-07,10:30:00,"EDSA SM North, Pag asa Quezon City",0,0,0,0,0,0,0,0,0,0,2016-10-07 18:30,Property,14.65645143,121.0271077,No Collision Stated
None,EDSA,None,None,"No Accident Factor, No Collision Stated (based on Police Blotter Book), 0.0 drivers_injured, 0.0 drivers_killed, 0.0 passengers_injured, 0.0 passengers_killed, 0.0 pedestrian_injured, 0.0 pedestrian_killed, Fair (Day), EDSA Misamis St., Sto. Cristo Quezon City",MMDA Road Safety Unit,,c611a298-da1c-4c31-a39f-02e6be73d09e,2016-10-07,04:50:00,"EDSA ""U"" turn slot, Dario Bridge Quezon City",0,0,0,0,0,0,0,0,0,0,2016-10-07 12:50,Property,14.65602348,121.0285212,No Collision Stated
None,EDSA,None,None,"No Accident Factor, No Collision Stated (based on Police Blotter Book), 0.0 drivers_injured, 0.0 drivers_killed, 0.0 passengers_injured, 0.0 passengers_killed, 0.0 pedestrian_injured, 0.0 pedestrian_killed, Fair (Day), EDSA  ""U"" turn slot, Ramon Magsaysay Quezon City",MMDA Road Safety Unit,,23ef2f3a-1339-47e1-8251-cfa32bf39af3,2016-10-07,02:00:00,EDSA Centris Mall Quezon City,0,0,0,0,0,0,0,0,0,0,2016-10-07 10:00,Property,14.62801216,121.047013,No Collision Stated
None,EDSA,None,None,"No Accident Factor, Rear-end, 0.0 drivers_injured, 0.0 drivers_killed, 0.0 passengers_injured, 0.0 passengers_killed, 0.0 pedestrian_injured, 0.0 pedestrian_killed, Fair (Day), EDSA Kamuning Road Quezon City",MMDA Road Safety Unit,,4e344472-87cc-4219-9c5d-8b313c4b4a3d,2016-10-06,23:45:00,"EDSA Misamis St., Sto. Cristo Quezon City",0,0,0,0,0,0,0,0,0,0,2016-10-07 7:45,Property,14.63075725,121.0457548,Rear-End
None,EDSA,None,None,"No Accident Factor, Rear-end, 0.0 drivers_injured, 0.0 drivers_killed, 0.0 passengers_injured, 0.0 passengers_killed, 0.0 pedestrian_injured, 0.0 pedestrian_killed, Fair (Day), EDSA Kamuning PCP Station 10  Quezon City",MMDA Road Safety Unit,,1db8f1e6-65d9-41e9-824c-96fefe333a0c,2016-10-06,22:20:00,"EDSA MRT Station, Philam Quezon City",0,0,0,0,0,0,0,0,0,0,2016-10-07 6:20,Property,14.62986347,121.0460942,Rear-End
None,EDSA,None,None,"No Accident Factor, Side Swipe, 0.0 drivers_injured, 0.0 drivers_killed, 0.0 passengers_injured, 0.0 passengers_killed, 0.0 pedestrian_injured, 0.0 pedestrian_killed, Fair (Night), EDSA Ortigas Ave.  Quezon City",MMDA Road Safety Unit,,f9112759-f23c-4f68-96f9-e18b48a5f042,2016-10-06,15:00:00,EDSA Camp Aguinaldo Quezon City,0,0,0,0,0,0,0,0,0,0,2016-10-06 23:00,Property,14.59275486,121.0584221,Side Swipe
None,EDSA,None,None,"No Accident Factor, No Collision Stated (based on Police Blotter Book), 0.0 drivers_injured, 0.0 drivers_killed, 0.0 passengers_injured, 0.0 passengers_killed, 0.0 pedestrian_injured, 0.0 pedestrian_killed, Fair (Night), EDSA Congressional Ave., Ramon Magsaysay Quezon City",MMDA Road Safety Unit,,c2f0c6ae-403a-4139-aefc-78a84ae8dbcf,2016-10-06,14:30:00,"EDSA Royal, A. Samson Quezon City",0,0,0,0,0,0,0,0,0,0,2016-10-06 22:30,Property,14.6571804,120.9927185,No Collision Stated
None,EDSA,None,None,"No Accident Factor, Side Swipe, 0.0 drivers_injured, 0.0 drivers_killed, 0.0 passengers_injured, 0.0 passengers_killed, 0.0 pedestrian_injured, 0.0 pedestrian_killed, Fair (Night), EDSA Kamuning Road Quezon City",MMDA Road Safety Unit,,62f5e9eb-0236-4c7b-8396-c231837b897e,2016-10-06,10:00:00,EDSA NIA Road Quezon City,0,0,0,0,0,0,0,0,0,0,2016-10-06 18:00,Property,14.63075725,121.0457548,Side Swipe
None,EDSA,None,None,"No Accident Factor, Side Swipe, 0.0 drivers_injured, 0.0 drivers_killed, 0.0 passengers_injured, 0.0 passengers_killed, 0.0 pedestrian_injured, 0.0 pedestrian_killed, Fair (Day), EDSA Whiteplains Ave.  Quezon City",MMDA Road Safety Unit,,985e140a-8c99-4c19-8e1e-7b1b2089de0b,2016-10-06,07:00:00,EDSA Col. Bonny Serrano Ave.  Quezon City,0,0,0,0,0,0,0,0,0,0,2016-10-06 15:00,Property,14.59961782,121.0596522,Side Swipe
None,EDSA,None,None,"No Accident Factor, Side Swipe, 1.0 drivers_injured, 0.0 drivers_killed, 1.0 passengers_injured, 0.0 passengers_killed, 0.0 pedestrian_injured, 0.0 pedestrian_killed, Fair (Day), EDSA Main Ave. Quezon City",MMDA Road Safety Unit,,0be16d84-e0ac-4b5c-9b5d-e728eae5facb,2016-10-06,02:45:00,EDSA QCPD Station 10 Kamuning Quezon City,0,0,0,1,1,0,0,0,0,2,2016-10-06 10:45,Injury,14.61376458,121.0537933,Side Swipe
None,EDSA,None,None,"No Accident Factor, Side Swipe, 0.0 drivers_injured, 0.0 drivers_killed, 0.0 passengers_injured, 0.0 passengers_killed, 0.0 pedestrian_injured, 0.0 pedestrian_killed, Fair (Night), EDSA Cloverleaf Quezon City",MMDA Road Safety Unit,,d2ad956c-c8ef-407c-9536-738670e58dc7,2016-10-05,19:30:00,"EDSA Whiteplains Ave., Ugong Norte Quezon City",0,0,0,0,0,0,0,0,0,0,2016-10-06 3:30,Property,14.65747901,121.0011914,Side Swipe
None,EDSA,None,None,"No Accident Factor, Side Swipe, 0.0 drivers_injured, 0.0 drivers_killed, 0.0 passengers_injured, 0.0 passengers_killed, 0.0 pedestrian_injured, 0.0 pedestrian_killed, Fair (Night), EDSA Camp Aguinaldo Quezon City",MMDA Road Safety Unit,,5d07c39e-d0b0-4625-b8a0-2197899e0e94,2016-10-05,14:45:00,EDSA Robinsons Galleria  Quezon City,0,0,0,0,0,0,0,0,0,0,2016-10-05 22:45,Property,14.60818699,121.0564562,Side Swipe
None,EDSA,None,None,"No Accident Factor, Rear-end, 0.0 drivers_injured, 0.0 drivers_killed, 0.0 passengers_injured, 0.0 passengers_killed, 0.0 pedestrian_injured, 0.0 pedestrian_killed, Fair (Night), EDSA  Sct. Borromeo St.  Quezon City",MMDA Road Safety Unit,,39e618b8-dcb0-4f20-ba2e-e8b890e496ab,2016-10-05,10:35:00,EDSA West Ave. Quezon City,0,0,0,0,0,0,0,0,0,0,2016-10-05 18:35,Property,14.63718884,121.0420265,Rear-End
None,EDSA,None,None,"No Accident Factor, Rear-end, 0.0 drivers_injured, 0.0 drivers_killed, 0.0 passengers_injured, 0.0 passengers_killed, 0.0 pedestrian_injured, 0.0 pedestrian_killed, Fair (Night), EDSA Robinsons Galleria  Quezon City",MMDA Road Safety Unit,,7327454d-c17a-4b13-a3bd-6e3f3ba3d419,2016-10-05,10:30:00,EDSA Col. Bonny Serrano Ave.  Quezon City,0,0,0,0,0,0,0,0,0,0,2016-10-05 18:30,Property,14.59206941,121.058228,Rear-End
None,EDSA,None,None,"No Accident Factor, Hit Parked Vehicle, 0.0 drivers_injured, 0.0 drivers_killed, 0.0 passengers_injured, 0.0 passengers_killed, 0.0 pedestrian_injured, 0.0 pedestrian_killed, Fair (Night), EDSA Kaingin Road Quezon City",MMDA Road Safety Unit,,b2eace53-9ccc-4109-a422-6202838cd104,2016-10-05,09:45:00,EDSA Aurora Blvd. Quezon City,0,0,0,0,0,0,0,0,0,0,2016-10-05 17:45,Property,14.65746493,121.0109963,Hit Object
None,EDSA,None,None,"No Accident Factor, Rear-end, 0.0 drivers_injured, 0.0 drivers_killed, 0.0 passengers_injured, 0.0 passengers_killed, 0.0 pedestrian_injured, 0.0 pedestrian_killed, Fair (Day), EDSA East Ave. Quezon City",MMDA Road Safety Unit,,3b81e758-ac1f-43fe-a1d4-b11cbbf935c2,2016-10-05,07:30:00,EDSA National Printing Office Quezon City,0,0,0,0,0,0,0,0,0,0,2016-10-05 15:30,Property,14.6328297,121.0451176,Rear-End
None,EDSA,None,None,"No Accident Factor, Angle Impact, 1.0 drivers_injured, 0.0 drivers_killed, 0.0 passengers_injured, 0.0 passengers_killed, 0.0 pedestrian_injured, 0.0 pedestrian_killed, Fair (Day), EDSA Main Ave., Socorro Quezon City",MMDA Road Safety Unit,,00f0f778-ece9-45ca-ba42-bd22a2ec762e,2016-10-05,04:10:00,EDSA Cloverleaf Quezon City,0,0,0,1,0,0,0,0,0,1,2016-10-05 12:10,Injury,14.61376458,121.0537933,Angle Impact
None,EDSA,None,None,"No Accident Factor, No Collision Stated (based on Police Blotter Book), 0.0 drivers_injured, 0.0 drivers_killed, 0.0 passengers_injured, 0.0 passengers_killed, 0.0 pedestrian_injured, 0.0 pedestrian_killed, Fair (Day), EDSA Camp Aguinaldo Quezon City",MMDA Road Safety Unit,,77dbccf9-782c-4128-a812-1dacd273ad38,2016-10-05,02:45:00,EDSA E. Garcia St. Quezon City,0,0,0,0,0,0,0,0,0,0,2016-10-05 10:45,Property,14.60818699,121.0564562,No Collision Stated
None,EDSA,None,None,"No Accident Factor, No Collision Stated (based on Police Blotter Book), 0.0 drivers_injured, 0.0 drivers_killed, 0.0 passengers_injured, 0.0 passengers_killed, 0.0 pedestrian_injured, 0.0 pedestrian_killed, Fair (Day), EDSA Misamis St., Pag-Asa Quezon City",MMDA Road Safety Unit,,163a3084-b307-4b88-babc-4fa694ad4740,2016-10-05,02:45:00,EDSA Camp Crame Gate 1 Quezon City,0,0,0,0,0,0,0,0,0,0,2016-10-05 10:45,Property,14.65602348,121.0285212,No Collision Stated
None,EDSA,None,None,"No Accident Factor, Rear-end, 0.0 drivers_injured, 0.0 drivers_killed, 0.0 passengers_injured, 0.0 passengers_killed, 0.0 pedestrian_injured, 0.0 pedestrian_killed, Fair (Day), EDSA P. Tuazon Blvd. Quezon City",MMDA Road Safety Unit,,77bcbfe6-92d0-4a0d-b05f-13fc25d78c61,2016-10-05,01:20:00,"EDSA Five Star Bus Terminal, E. Rod. Quezon City",0,0,0,0,0,0,0,0,0,0,2016-10-05 9:20,Property,14.61656342,121.0525225,Rear-End
None,EDSA,None,None,"No Accident Factor, No Collision Stated (based on Police Blotter Book), 0.0 drivers_injured, 0.0 drivers_killed, 0.0 passengers_injured, 0.0 passengers_killed, 0.0 pedestrian_injured, 0.0 pedestrian_killed, Fair (Day), EDSA Gen. Roxas Ave.  Quezon City",MMDA Road Safety Unit,,bf05eb53-3636-4d9a-8aa3-cb2084bfa3df,2016-10-05,00:30:00,EDSA P. Bernardo St. Quezon City,0,0,0,0,0,0,0,0,0,0,2016-10-05 8:30,Property,14.62042254,121.0508064,No Collision Stated
None,EDSA,None,None,"No Accident Factor, Angle Impact, 0.0 drivers_injured, 0.0 drivers_killed, 0.0 passengers_injured, 0.0 passengers_killed, 0.0 pedestrian_injured, 0.0 pedestrian_killed, Fair (Day), EDSA Camp Aguinaldo Quezon City",MMDA Road Safety Unit,,bbfe03be-c0d8-455e-9567-7c0f112bd516,2016-10-04,23:15:00,"EDSA SM Annex, Ramon Magsaysay Quezon City",0,0,0,0,0,0,0,0,0,0,2016-10-05 7:15,Property,14.60818699,121.0564562,Angle Impact
None,EDSA,None,None,"No Accident Factor, No Collision Stated (based on Police Blotter Book), 0.0 drivers_injured, 0.0 drivers_killed, 0.0 passengers_injured, 0.0 passengers_killed, 0.0 pedestrian_injured, 0.0 pedestrian_killed, Fair (Day), EDSA New York St. Quezon City",MMDA Road Safety Unit,,215a75e1-b12b-493b-95c0-6492824106c8,2016-10-04,16:20:00,"EDSA Cloverleaf, Balingasa Quezon City",0,0,0,0,0,0,0,0,0,0,2016-10-05 0:20,Property,14.62568514,121.0482307,No Collision Stated
None,EDSA,None,None,"No Accident Factor, Hit and Run (No Collision Stated), 0.0 drivers_injured, 0.0 drivers_killed, 0.0 passengers_injured, 0.0 passengers_killed, 0.0 pedestrian_injured, 0.0 pedestrian_killed, Fair (Day), EDSA  Santolan Road Quezon City",MMDA Road Safety Unit,,8addc5e6-fccf-4bff-b7b1-60838f69e9d3,2016-10-04,05:20:00,"EDSA Misamis St. (SM North), Pag-asa Quezon City",0,0,0,0,0,0,0,0,0,0,2016-10-04 13:20,Property,14.61089328,121.0549788,No Collision Stated
None,EDSA,None,None,"No Accident Factor, Side Swipe, 0.0 drivers_injured, 0.0 drivers_killed, 0.0 passengers_injured, 0.0 passengers_killed, 0.0 pedestrian_injured, 0.0 pedestrian_killed, Fair (Night), EDSA Cloverleaf Road Quezon City",MMDA Road Safety Unit,,823f642b-853f-4399-b8db-61f305549c10,2016-10-04,05:00:00,"EDSA SM North, Pag-Asa Quezon City",0,0,0,0,0,0,0,0,0,0,2016-10-04 13:00,Property,14.65747901,121.0011914,Side Swipe
None,EDSA,None,None,"No Accident Factor, Rear-end, 0.0 drivers_injured, 0.0 drivers_killed, 0.0 passengers_injured, 0.0 passengers_killed, 0.0 pedestrian_injured, 0.0 pedestrian_killed, Fair (Day), EDSA Liberty Ave. Quezon City",MMDA Road Safety Unit,,2c7b64f2-1174-4c29-bf3b-1b89c481d7c8,2016-10-04,04:35:00,"EDSA Royal, A. Samson  Quezon City",0,0,0,0,0,0,0,0,0,0,2016-10-04 12:35,Property,14.61201463,121.0547211,Rear-End
None,EDSA,None,None,"No Accident Factor, No Collision Stated (based on Police Blotter Book), 0.0 drivers_injured, 0.0 drivers_killed, 0.0 passengers_injured, 0.0 passengers_killed, 0.0 pedestrian_injured, 0.0 pedestrian_killed, Fair (Day), EDSA Landmark, Pag-Asa Quezon City",MMDA Road Safety Unit,,e71b4485-4b73-49e9-a678-ebcc755bd888,2016-10-04,00:45:00,EDSA Monte de Piedad St.  Quezon City,0,0,0,0,0,0,0,0,0,0,2016-10-04 8:45,Property,14.6509773,121.0331821,No Collision Stated
None,EDSA,None,None,"No Accident Factor, Angle Impact, 0.0 drivers_injured, 0.0 drivers_killed, 0.0 passengers_injured, 0.0 passengers_killed, 0.0 pedestrian_injured, 0.0 pedestrian_killed, Fair (Day), EDSA Whiteplains Ave. Quezon City",MMDA Road Safety Unit,,7657897b-05b9-49c4-82ca-27953a2dbe9f,2016-10-04,00:20:00,EDSA Roosevelt Ave. Quezon City,0,0,0,0,0,0,0,0,0,0,2016-10-04 8:20,Property,14.59961782,121.0596522,Angle Impact
None,EDSA,None,None,"No Accident Factor, Hit Object (Center Island-Concrete), 0.0 drivers_injured, 0.0 drivers_killed, 0.0 passengers_injured, 0.0 passengers_killed, 0.0 pedestrian_injured, 0.0 pedestrian_killed, Fair (Day), EDSA Mindanao Ave. Extn., Pag-Asa  Quezon City",MMDA Road Safety Unit,,95f6439a-f85b-46a7-9022-1666ccbbd0c0,2016-10-03,18:30:00,EDSA Philam Quezon City,0,0,0,0,0,0,0,0,0,0,2016-10-04 2:30,Property,14.65052386,121.0335656,Hit Object
None,EDSA,None,None,"No Accident Factor, No Collision Stated (based on Police Blotter Book), 0.0 drivers_injured, 0.0 drivers_killed, 0.0 passengers_injured, 0.0 passengers_killed, 0.0 pedestrian_injured, 0.0 pedestrian_killed, Fair (Day), EDSA Eton Centris, Pinyahan Quezon City",MMDA Road Safety Unit,,80b9ad43-8e17-4c56-b9e9-f39a2a0aac65,2016-10-03,17:15:00,"EDSA SM Mall Annex, Pag-Asa Quezon City",0,0,0,0,0,0,0,0,0,0,2016-10-04 1:15,Property,14.64266722,121.0386872,No Collision Stated
None,EDSA,None,None,"No Accident Factor, No Collision Stated (based on Police Blotter Book), 0.0 drivers_injured, 0.0 drivers_killed, 0.0 passengers_injured, 0.0 passengers_killed, 0.0 pedestrian_injured, 0.0 pedestrian_killed, Fair (Night), EDSA Gen. Mc Arthur Ave. Quezon City",MMDA Road Safety Unit,,544b77a4-9963-4b4f-9617-3b80ff588195,2016-10-03,15:35:00,EDSA Sct. Borromeo St.  Quezon City,0,0,0,0,0,0,0,0,0,0,2016-10-03 23:35,Property,14.61805145,121.0517604,No Collision Stated
None,EDSA,None,None,"No Accident Factor, No Collision Stated (based on Police Blotter Book), 0.0 drivers_injured, 0.0 drivers_killed, 0.0 passengers_injured, 0.0 passengers_killed, 0.0 pedestrian_injured, 0.0 pedestrian_killed, Fair (Night), EDSA SM North, Pag-Asa  Quezon City",MMDA Road Safety Unit,,2f693200-95d3-4735-8a7e-2210fa243fbb,2016-10-03,14:30:00,EDSA Camp Crame Gate 1 Quezon City,0,0,0,0,0,0,0,0,0,0,2016-10-03 22:30,Property,14.65645143,121.0271077,No Collision Stated
None,EDSA,None,None,"No Accident Factor, No Collision Stated (based on Police Blotter Book), 0.0 drivers_injured, 0.0 drivers_killed, 0.0 passengers_injured, 0.0 passengers_killed, 0.0 pedestrian_injured, 0.0 pedestrian_killed, Fair (Night), EDSA National Printing Office Quezon City",MMDA Road Safety Unit,,edd67278-47f6-42e1-a5c1-25f1302bcc98,2016-10-03,12:20:00,EDSA Philam Quezon City,0,0,0,0,0,0,0,0,0,0,2016-10-03 20:20,Property,14.63891902,121.0410657,No Collision Stated
None,EDSA,None,None,"No Accident Factor, Hit and Run (Side Swipe), 0.0 drivers_injured, 0.0 drivers_killed, 0.0 passengers_injured, 0.0 passengers_killed, 0.0 pedestrian_injured, 0.0 pedestrian_killed, Fair (Night), EDSA Robinsons Galleria Quezon City",MMDA Road Safety Unit,,4868bcaa-d5db-44d1-b1b6-5c32d4c8ec65,2016-10-03,11:30:00,"EDSA East Ave., Pinyahan Quezon City",0,0,0,0,0,0,0,0,0,0,2016-10-03 19:30,Property,14.59206941,121.058228,Side Swipe
None,EDSA,None,None,"No Accident Factor, No Collision Stated (based on Police Blotter Book), 0.0 drivers_injured, 0.0 drivers_killed, 0.0 passengers_injured, 0.0 passengers_killed, 0.0 pedestrian_injured, 0.0 pedestrian_killed, Fair (Day), EDSA Quezon Ave.  Quezon City",MMDA Road Safety Unit,,760d2ba5-9eae-4b1f-8cfd-77a914699e6a,2016-10-03,01:30:00,"EDSA SM North, Pag-Asa Quezon City",0,0,0,0,0,0,0,0,0,0,2016-10-03 9:30,Property,14.6442444,121.0375839,No Collision Stated
None,EDSA,None,None,"No Accident Factor, Angle Impact, 0.0 drivers_injured, 0.0 drivers_killed, 0.0 passengers_injured, 0.0 passengers_killed, 0.0 pedestrian_injured, 0.0 pedestrian_killed, Fair (Day), EDSA Kamias Road Quezon City",MMDA Road Safety Unit,,d8c81ba2-1249-4c17-bebc-d29d98efbb96,2016-10-03,00:30:00,"EDSA North Ave., Pag-asa Quezon City",0,0,0,0,0,0,0,0,0,0,2016-10-03 8:30,Property,14.6309142,121.0459376,Angle Impact
None,EDSA,None,None,"No Accident Factor, No Collision Stated (based on Police Blotter Book), 0.0 drivers_injured, 0.0 drivers_killed, 0.0 passengers_injured, 0.0 passengers_killed, 0.0 pedestrian_injured, 0.0 pedestrian_killed, Fair (Day), EDSA Bansalangin St., Veterans Quezon City",MMDA Road Safety Unit,,ad8aaa4d-a153-400e-97e0-64f0a2dff631,2016-10-01,08:05:00,"EDSA Misamis St., Pag-asa Quezon City",0,0,0,0,0,0,0,0,0,0,2016-10-01 16:05,Property,14.6567996,121.0241845,No Collision Stated
None,EDSA,None,None,"No Accident Factor, No Collision Stated (based on Police Blotter Book), 0.0 drivers_injured, 0.0 drivers_killed, 0.0 passengers_injured, 0.0 passengers_killed, 0.0 pedestrian_injured, 0.0 pedestrian_killed, Fair (Day), EDSA Lemon Square Bldg., Katipu Quezon City",MMDA Road Safety Unit,,f011d8f9-9a4d-44a5-a967-09e92618d32e,2016-10-01,07:30:00,"EDSA Aurora Blvd., Socorro Quezon City",0,0,0,0,0,0,0,0,0,0,2016-10-01 15:30,Property,14.6571804,120.9927185,No Collision Stated
None,EDSA,None,None,"No Accident Factor, Side Swipe, 0.0 drivers_injured, 0.0 drivers_killed, 0.0 passengers_injured, 0.0 passengers_killed, 0.0 pedestrian_injured, 0.0 pedestrian_killed, Fair (Day), EDSA Camp Aguinaldo Quezon City",MMDA Road Safety Unit,,7eed24c2-cd45-49f9-9860-f31c927bb117,2016-10-01,05:45:00,"EDSA East Ave., Pinyahan Quezon City",0,0,0,0,0,0,0,0,0,0,2016-10-01 13:45,Property,14.60818699,121.0564562,Side Swipe
None,EDSA,None,None,"No Accident Factor, Rear-end, 0.0 drivers_injured, 0.0 drivers_killed, 0.0 passengers_injured, 0.0 passengers_killed, 0.0 pedestrian_injured, 0.0 pedestrian_killed, Fair (Night), EDSA Puregold, Balingasa Quezon City",MMDA Road Safety Unit,,d18e30b5-d1cb-49f4-8f52-03feac4eff5d,2016-10-01,04:30:00,EDSA Cloverleaf Quezon City,0,0,0,0,0,0,0,0,0,0,2016-10-01 12:30,Property,14.65739538,121.0046638,Rear-End
None,EDSA,None,None,"No Accident Factor, Rear-end, 0.0 drivers_injured, 0.0 drivers_killed, 0.0 passengers_injured, 0.0 passengers_killed, 0.0 pedestrian_injured, 0.0 pedestrian_killed, Fair (Night), EDSA A. Bonifacio Ave.  Quezon City",MMDA Road Safety Unit,,04af220a-9c2d-410f-bc05-3b7d96ca8496,2016-10-01,02:55:00,"EDSA Royal, A. Samson  Quezon City",0,0,0,0,0,0,0,0,0,0,2016-10-01 10:55,Property,14.6573471,121.0009663,Rear-End
None,EDSA,None,None,"No Accident Factor, Side Swipe, 0.0 drivers_injured, 0.0 drivers_killed, 0.0 passengers_injured, 0.0 passengers_killed, 0.0 pedestrian_injured, 0.0 pedestrian_killed, Fair (Day), EDSA National Printing Office Quezon City",MMDA Road Safety Unit,,eb589a69-5c17-472b-8143-7f664cf68dd6,2016-10-01,00:05:00,"EDSA Trinoma Mall, Pag-Asa Quezon City",0,0,0,0,0,0,0,0,0,0,2016-10-01 8:05,Property,14.63891902,121.0410657,Side Swipe
None,EDSA,None,None,"No Accident Factor, Self-Accident, 1.0 drivers_injured, 0.0 drivers_killed, 0.0 passengers_injured, 0.0 passengers_killed, 0.0 pedestrian_injured, 0.0 pedestrian_killed, Fair (Night), EDSA K-10 St. Quezon City",MMDA Road Safety Unit,,b9aa66f4-b920-460a-bf15-ab0fec327c5c,2016-09-30,14:40:00,EDSA Iglesia ni Cristo Quezon City,0,0,0,1,0,0,0,0,0,1,2016-09-30 22:40,Injury,14.62879439,121.046914,Self-Accident
None,EDSA,None,None,"No Accident Factor, Rear-end, 0.0 drivers_injured, 0.0 drivers_killed, 0.0 passengers_injured, 0.0 passengers_killed, 0.0 pedestrian_injured, 0.0 pedestrian_killed, Fair (Night), EDSA Quezon Ave. Quezon City",MMDA Road Safety Unit,,adb2f119-cdd3-4e53-8e72-78cff664e052,2016-09-30,14:30:00,EDSA Kamuning Road Quezon City,0,0,0,0,0,0,0,0,0,0,2016-09-30 22:30,Property,14.6442444,121.0375839,Rear-End