LOCATION_TEXT,ROAD,WEATHER,LIGHT,DESC,REPORTING_AGENCY,MAIN_CAUSE,INCIDENTDETAILS_ID,DATE_UTC,TIME_UTC,ADDRESS,killed_driver,killed_passenger,killed_pedestrian,injured_driver,injured_passenger,injured_pedestrian,killed_uncategorized,injured_uncategorized,killed_total,injured_total,DATETIME_PST,SEVERITY,Y,X,COLLISION_TYPE
None,EDSA,None,None,"No Accident Factor, Hit and Run (No Collision Stated), 0.0 drivers_injured, 0.0 drivers_killed, 0.0 passengers_injured, 0.0 passengers_killed, 0.0 pedestrian_injured, 0.0 pedestrian_killed, Fair (Night), EDSA P. Tuazon Blvd. Quezon City",MMDA Road Safety Unit,,2ca0ee2a-c93e-44e7-a123-2bb246461131,2016-09-30,12:30:00,EDSA Cloverleaf Drive Quezon City,0,0,0,0,0,0,0,0,0,0,2016-09-30 20:30,Property,14.61656342,121.0525225,No Collision Stated
None,EDSA,None,None,"No Accident Factor, No Collision Stated (based on Police Blotter Book), 0.0 drivers_injured, 0.0 drivers_killed, 0.0 passengers_injured, 0.0 passengers_killed, 0.0 pedestrian_injured, 0.0 pedestrian_killed, Fair (Night), EDSA ""U"" turn slot, Quezon City Academy Ramon Magsasay Quezon City",MMDA Road Safety Unit,,3d95a20b-e9e5-488e-b141-eedc1a167e83,2016-09-30,10:30:00,EDSA Quezon Ave.  Quezon City,0,0,0,0,0,0,0,0,0,0,2016-09-30 18:30,Property,14.65655357,121.0260701,No Collision Stated
None,EDSA,None,None,"No Accident Factor, No Collision Stated (based on Police Blotter Book), 0.0 drivers_injured, 0.0 drivers_killed, 0.0 passengers_injured, 0.0 passengers_killed, 0.0 pedestrian_injured, 0.0 pedestrian_killed, Fair (Night), EDSA E. Lopez Drive Quezon City",MMDA Road Safety Unit,,59be2905-947b-4819-8cee-b2082318143e,2016-09-30,10:30:00,"EDSA Corregidor St., Ramon Magsaysay Quezon City",0,0,0,0,0,0,0,0,0,0,2016-09-30 18:30,Property,14.6396904,121.0403884,No Collision Stated
None,EDSA,None,None,"No Accident Factor, Rear-end, 0.0 drivers_injured, 0.0 drivers_killed, 0.0 passengers_injured, 0.0 passengers_killed, 0.0 pedestrian_injured, 0.0 pedestrian_killed, Fair (Day), EDSA Santolan MRT Station Quezon City",MMDA Road Safety Unit,,91b307b3-dff0-4df2-8f8f-89f8355396e0,2016-09-30,04:00:00,"EDSA Main Ave., Socorro Quezon City",0,0,0,0,0,0,0,0,0,0,2016-09-30 12:00,Property,14.60773988,121.0564577,Rear-End
None,EDSA,None,None,"No Accident Factor, Rear-end, 0.0 drivers_injured, 0.0 drivers_killed, 0.0 passengers_injured, 0.0 passengers_killed, 0.0 pedestrian_injured, 0.0 pedestrian_killed, Fair (Day), EDSA New York St. Quezon City",MMDA Road Safety Unit,,e10a6af9-5a63-41d2-a2ee-a59c2cc7454b,2016-09-30,02:00:00,"EDSA Royal, A. Samson  Quezon City",0,0,0,0,0,0,0,0,0,0,2016-09-30 10:00,Property,14.62568514,121.0482307,Rear-End
None,EDSA,None,None,"No Accident Factor, Rear-end, 0.0 drivers_injured, 0.0 drivers_killed, 0.0 passengers_injured, 0.0 passengers_killed, 0.0 pedestrian_injured, 0.0 pedestrian_killed, Fair (Day), EDSA Santolan MRT Station Quezon City",MMDA Road Safety Unit,,6782ffd0-c731-4c95-97ad-f1c448085ed1,2016-09-30,02:00:00,EDSA Kamuning Road Quezon City,0,0,0,0,0,0,0,0,0,0,2016-09-30 10:00,Property,14.60773988,121.0564577,Rear-End
None,EDSA,None,None,"No Accident Factor, Hit and Run (No Collision Stated), 0.0 drivers_injured, 0.0 drivers_killed, 0.0 passengers_injured, 0.0 passengers_killed, 0.0 pedestrian_injured, 0.0 pedestrian_killed, Fair (Day), EDSA Misamis St., Sto. Cristo Quezon City",MMDA Road Safety Unit,,771e3635-1154-47f8-b281-ff7895f82dac,2016-09-30,01:00:00,"EDSA P. Tuazon Blvd., Socorro Quezon City",0,0,0,0,0,0,0,0,0,0,2016-09-30 9:00,Property,14.65602348,121.0285212,No Collision Stated
None,EDSA,None,None,"No Accident Factor, No Collision Stated (based on Police Blotter Book), 0.0 drivers_injured, 0.0 drivers_killed, 0.0 passengers_injured, 0.0 passengers_killed, 0.0 pedestrian_injured, 0.0 pedestrian_killed, Fair (Day), EDSA Seminary Road, Bahay toro Quezon City",MMDA Road Safety Unit,,2b659922-c315-4cfa-868f-2ea13e681f9a,2016-09-30,00:00:00,EDSA Main Ave.  Quezon City,0,0,0,0,0,0,0,0,0,0,2016-09-30 8:00,Injury,14.65776066,121.0173978,No Collision Stated
None,EDSA,None,None,"No Accident Factor, Rear-end, 0.0 drivers_injured, 0.0 drivers_killed, 0.0 passengers_injured, 0.0 passengers_killed, 0.0 pedestrian_injured, 0.0 pedestrian_killed, Fair (Day), EDSA P. Tuazon Blvd. Quezon City",MMDA Road Safety Unit,,c533c16f-ff6a-43c3-9f84-24a5ef784d02,2016-09-29,21:45:00,"EDSA P. Tuazon Blvd., Socorro Quezon City",0,0,0,0,0,0,0,0,0,0,2016-09-30 5:45,Property,14.61656342,121.0525225,Rear-End
None,EDSA,None,None,"No Accident Factor, No Collision Stated (based on Police Blotter Book), 1.0 drivers_injured, 0.0 drivers_killed, 0.0 passengers_injured, 0.0 passengers_killed, 0.0 pedestrian_injured, 0.0 pedestrian_killed, Fair (Night), EDSA North Ave., Pag-Asa Quezon City",MMDA Road Safety Unit,,3c081875-c507-4594-bb98-1fb449f6544d,2016-09-29,14:30:00,"EDSA Landmark Mall, Pag-Asa Quezon City",0,0,0,1,0,0,0,0,0,1,2016-09-29 22:30,Injury,14.65553839,121.0299647,No Collision Stated
None,EDSA,None,None,"No Accident Factor, No Collision Stated (based on Police Blotter Book), 0.0 drivers_injured, 0.0 drivers_killed, 0.0 passengers_injured, 0.0 passengers_killed, 0.0 pedestrian_injured, 0.0 pedestrian_killed, Fair (Night), EDSA Congressional Ave., Ramon Magsaysay Quezon City",MMDA Road Safety Unit,,63cb8e38-0ef5-48b7-8199-1de465b42372,2016-09-29,12:55:00,EDSA Aurora Blvd.  Quezon City,0,0,0,0,0,0,0,0,0,0,2016-09-29 20:55,Property,14.6571804,120.9927185,No Collision Stated
None,EDSA,None,None,"No Accident Factor, Rear-end, 0.0 drivers_injured, 0.0 drivers_killed, 0.0 passengers_injured, 0.0 passengers_killed, 0.0 pedestrian_injured, 0.0 pedestrian_killed, Fair (Night), EDSA Kamuning Road Quezon City",MMDA Road Safety Unit,,88cad1af-1a21-4bca-a009-2620ec3f2d39,2016-09-29,12:10:00,"EDSA Timog Ave., Pinyahan Quezon City",0,0,0,0,0,0,0,0,0,0,2016-09-29 20:10,Property,14.63075725,121.0457548,Rear-End
None,EDSA,None,None,"No Accident Factor, Rear-end, 0.0 drivers_injured, 0.0 drivers_killed, 0.0 passengers_injured, 0.0 passengers_killed, 0.0 pedestrian_injured, 0.0 pedestrian_killed, Fair (Night), EDSA Mo. Ignacia St. Quezon City",MMDA Road Safety Unit,,7a94c7e1-b31f-439f-be06-2c15bb4c5e41,2016-09-29,10:30:00,"EDSA Mapagmahal St., Pinyahan Quezon City",0,0,0,0,0,0,0,0,0,0,2016-09-29 18:30,Property,14.64225922,121.038789,Rear-End
None,EDSA,None,None,"No Accident Factor, Side Swipe, 0.0 drivers_injured, 0.0 drivers_killed, 0.0 passengers_injured, 0.0 passengers_killed, 0.0 pedestrian_injured, 0.0 pedestrian_killed, Fair (Day), EDSA Camp Crame Gate 1 Quezon City",MMDA Road Safety Unit,,a2c7c2b5-664c-4bef-a299-a901bade8866,2016-09-29,09:45:00,EDSA Cloverleaf Quezon City,0,0,0,0,0,0,0,0,0,0,2016-09-29 17:45,Property,14.60923788,121.0557422,Side Swipe
None,EDSA,None,None,"No Accident Factor, No Collision Stated (based on Police Blotter Book), 0.0 drivers_injured, 0.0 drivers_killed, 0.0 passengers_injured, 0.0 passengers_killed, 0.0 pedestrian_injured, 0.0 pedestrian_killed, Fair (Day), EDSA Kamuning Road Quezon City",MMDA Road Safety Unit,,2084a74d-99ab-4efb-8bbb-c36ec500e868,2016-09-29,08:35:00,EDSA Kamuning Road Quezon City,0,0,0,0,0,0,0,0,0,0,2016-09-29 16:35,Property,14.63075725,121.0457548,No Collision Stated
None,EDSA,None,None,"No Accident Factor, Rear-end, 0.0 drivers_injured, 0.0 drivers_killed, 0.0 passengers_injured, 0.0 passengers_killed, 0.0 pedestrian_injured, 0.0 pedestrian_killed, Fair (Night), EDSA Bansalangin St.  Quezon City",MMDA Road Safety Unit,,24f008c9-eef1-4d44-9751-afec1877a84b,2016-09-29,08:00:00,EDSA Aurora Blvd.  Quezon City,0,0,0,0,0,0,0,0,0,0,2016-09-29 16:00,Property,14.6567996,121.0241845,Rear-End
None,EDSA,None,None,"No Accident Factor, No Collision Stated (based on Police Blotter Book), 0.0 drivers_injured, 0.0 drivers_killed, 0.0 passengers_injured, 0.0 passengers_killed, 0.0 pedestrian_injured, 0.0 pedestrian_killed, Fair (Day), EDSA Congressional Ave. Quezon City",MMDA Road Safety Unit,,ac8a21fb-395d-4485-b4ed-df2314198e8e,2016-09-29,06:50:00,EDSA A. Samson Quezon City,0,0,0,0,0,0,0,0,0,0,2016-09-29 14:50,Property,14.6571804,120.9927185,No Collision Stated
None,EDSA,None,None,"No Accident Factor, Side Swipe, 0.0 drivers_injured, 0.0 drivers_killed, 0.0 passengers_injured, 0.0 passengers_killed, 0.0 pedestrian_injured, 0.0 pedestrian_killed, Fair (Day), EDSA Nepa Q-Mart Quezon City",MMDA Road Safety Unit,,268787b2-cf23-469d-8e1f-8fe17c921958,2016-09-29,05:00:00,"EDSA ""U"" turn slot, Quezon City Academy Santo Cristo Quezon City",0,0,0,0,0,0,0,0,0,0,2016-09-29 13:00,Property,14.62805361,121.0472521,Side Swipe
None,EDSA,None,None,"No Accident Factor, Hit and Run (No Collision Stated), 0.0 drivers_injured, 0.0 drivers_killed, 0.0 passengers_injured, 0.0 passengers_killed, 0.0 pedestrian_injured, 0.0 pedestrian_killed, Fair (Day), EDSA Kamias Road Quezon City",MMDA Road Safety Unit,,72da540e-04c7-42a8-9469-28f73ea93c42,2016-09-29,04:10:00,EDSA Timog Ave.  Quezon City,0,0,0,0,0,0,0,0,0,0,2016-09-29 12:10,Property,14.6309142,121.0459376,No Collision Stated
None,EDSA,None,None,"No Accident Factor, Rear-end, 0.0 drivers_injured, 0.0 drivers_killed, 0.0 passengers_injured, 0.0 passengers_killed, 0.0 pedestrian_injured, 0.0 pedestrian_killed, Fair (Day), EDSA E. Garcia St. Quezon City",MMDA Road Safety Unit,,b61edd8c-b63e-402b-adfa-cdd51c328d9f,2016-09-29,01:30:00,"EDSA ""U"" turn slot, Landmark Pag-Asa Quezon City",0,0,0,0,0,0,0,0,0,0,2016-09-29 9:30,Property,14.62742033,121.0475769,Rear-End
None,EDSA,None,None,"No Accident Factor, Rear-end, 0.0 drivers_injured, 0.0 drivers_killed, 0.0 passengers_injured, 0.0 passengers_killed, 0.0 pedestrian_injured, 0.0 pedestrian_killed, Fair (Day), EDSA Robinsons Galleria, Ugong Norte Quezon City",MMDA Road Safety Unit,,0cbe3e38-1561-482b-b0ae-955543e45951,2016-09-29,01:00:00,EDSA Kaingin Road Quezon City,0,0,0,0,0,0,0,0,0,0,2016-09-29 9:00,Property,14.59206941,121.058228,Rear-End
None,EDSA,None,None,"No Accident Factor, Rear-end, 0.0 drivers_injured, 0.0 drivers_killed, 0.0 passengers_injured, 0.0 passengers_killed, 0.0 pedestrian_injured, 0.0 pedestrian_killed, Fair (Night), EDSA West Ave.  Quezon City",MMDA Road Safety Unit,,6800a043-89e7-496d-95eb-e4bb2e175edf,2016-09-29,00:45:00,"EDSA Jac Liner Bus Terminal, Pinyahan Quezon City",0,0,0,0,0,0,0,0,0,0,2016-09-29 8:45,Property,14.65548924,121.0298079,Rear-End
None,EDSA,None,None,"No Accident Factor, Side Swipe, 0.0 drivers_injured, 0.0 drivers_killed, 0.0 passengers_injured, 0.0 passengers_killed, 0.0 pedestrian_injured, 0.0 pedestrian_killed, Fair (Night), EDSA Balintawak Market Quezon City",MMDA Road Safety Unit,,effbf0b4-d742-4943-a9d4-88e886fba803,2016-09-29,00:30:00,EDSA Bansalangin St.  Quezon City,0,0,0,0,0,0,0,0,0,0,2016-09-29 8:30,Property,14.65740947,121.0025737,Side Swipe
None,EDSA,None,None,"No Accident Factor, Side Swipe, 0.0 drivers_injured, 0.0 drivers_killed, 0.0 passengers_injured, 0.0 passengers_killed, 0.0 pedestrian_injured, 0.0 pedestrian_killed, Fair (Night), EDSA Ortigas Ave. Quezon City",MMDA Road Safety Unit,,f1f64789-dd15-4fa6-8863-a119b909a689,2016-09-28,14:30:00,"EDSA GMA 7 Network, Timog Ave.   Quezon City",0,0,0,0,0,0,0,0,0,0,2016-09-28 22:30,Property,14.59335253,121.0584107,Side Swipe
None,EDSA,None,None,"No Accident Factor, Rear-end, 0.0 drivers_injured, 0.0 drivers_killed, 0.0 passengers_injured, 0.0 passengers_killed, 0.0 pedestrian_injured, 0.0 pedestrian_killed, Fair (Night), EDSA PSP-10 Kamuning Quezon City",MMDA Road Safety Unit,,0fdac3fd-2ee5-4a69-9029-026f467042f4,2016-09-28,13:30:00,EDSA Waltermart Quezon City,0,0,0,0,0,0,0,0,0,0,2016-09-28 21:30,Property,14.62987095,121.046131,Rear-End
None,EDSA,None,None,"No Accident Factor, Hit and Run (No Collision Stated), 0.0 drivers_injured, 0.0 drivers_killed, 0.0 passengers_injured, 0.0 passengers_killed, 0.0 pedestrian_injured, 0.0 pedestrian_killed, Fair (Day), EDSA Victory Liner Bus Terminal Quezon City",MMDA Road Safety Unit,,f848ecbe-5e21-4bd6-94f1-b92b2f35e1a5,2016-09-28,04:35:00,EDSA Mayor I. Diaz St.  Quezon City,0,0,0,0,0,0,0,0,0,0,2016-09-28 12:35,Property,14.63209398,121.0454876,No Collision Stated
None,EDSA,None,None,"No Accident Factor, No Collision Stated (based on Police Blotter Book), 0.0 drivers_injured, 0.0 drivers_killed, 0.0 passengers_injured, 0.0 passengers_killed, 0.0 pedestrian_injured, 0.0 pedestrian_killed, Fair (Day), EDSA Mindanao Ave., Ramon Magsaysay Quezon City",MMDA Road Safety Unit,,73884b3b-6e1e-435c-8f4c-0217a5a3040b,2016-09-28,04:05:00,EDSA North MRT Station Quezon City,0,0,0,0,0,0,0,0,0,0,2016-09-28 12:05,Property,14.65052386,121.0335656,No Collision Stated
None,EDSA,None,None,"No Accident Factor, Side Swipe, 0.0 drivers_injured, 0.0 drivers_killed, 0.0 passengers_injured, 0.0 passengers_killed, 0.0 pedestrian_injured, 0.0 pedestrian_killed, Fair (Day), EDSA East Ave. Quezon City",MMDA Road Safety Unit,,7babfa99-bf78-42b6-8b65-61e81efaa106,2016-09-28,03:00:00,EDSA Main Ave.  Quezon City,0,0,0,0,0,0,0,0,0,0,2016-09-28 11:00,Property,14.6328297,121.0451176,Side Swipe
None,EDSA,None,None,"No Accident Factor, No Collision Stated (based on Police Blotter Book), 0.0 drivers_injured, 0.0 drivers_killed, 0.0 passengers_injured, 0.0 passengers_killed, 0.0 pedestrian_injured, 0.0 pedestrian_killed, Fair (Day), EDSA Aurora Blvd. Quezon City",MMDA Road Safety Unit,,0ad19b5c-5345-4f5b-a5c7-2117cdca0304,2016-09-27,18:40:00,EDSA Arayat St.  Quezon City,0,0,0,0,0,0,0,0,0,0,2016-09-28 2:40,Property,14.62163653,121.0501573,No Collision Stated
None,EDSA,None,None,"No Accident Factor, Self-Accident, 0.0 drivers_injured, 0.0 drivers_killed, 0.0 passengers_injured, 0.0 passengers_killed, 0.0 pedestrian_injured, 0.0 pedestrian_killed, Fair (Night), EDSA K-3rd St. Extn. Quezon City",MMDA Road Safety Unit,,57b481a8-2c1f-4739-8490-59520ee3d5cf,2016-09-27,12:00:00,"EDSA Camp Aguinaldo, P. Santos Ave. Quezon City",0,0,0,0,0,0,0,0,0,0,2016-09-27 20:00,Property,14.62942357,121.0463854,Self-Accident
None,EDSA,None,None,"No Accident Factor, Side Swipe, 0.0 drivers_injured, 0.0 drivers_killed, 0.0 passengers_injured, 0.0 passengers_killed, 0.0 pedestrian_injured, 0.0 pedestrian_killed, Fair (Night), EDSA MRT North Station Quezon City",MMDA Road Safety Unit,,48ccbbdf-fcf8-4037-a361-0219aad341b4,2016-09-27,10:00:00,"EDSA Congressional Ave., Ramon Magsaysay Quezon City",0,0,0,0,0,0,0,0,0,0,2016-09-27 18:00,Property,14.65224665,121.0323026,Side Swipe
None,EDSA,None,None,"No Accident Factor, Side Swipe, 0.0 drivers_injured, 0.0 drivers_killed, 0.0 passengers_injured, 0.0 passengers_killed, 0.0 pedestrian_injured, 0.0 pedestrian_killed, Fair (Night), EDSA Quezon Ave. ""U"" turn slot Quezon City",MMDA Road Safety Unit,,6bc17f17-0dfd-4024-828f-cdef87f96c30,2016-09-27,10:00:00,EDSA Timog Ave.  Quezon City,0,0,0,0,0,0,0,0,0,0,2016-09-27 18:00,Property,14.64518998,121.0368683,Side Swipe
None,EDSA,None,None,"No Accident Factor, Side Swipe, 0.0 drivers_injured, 0.0 drivers_killed, 0.0 passengers_injured, 0.0 passengers_killed, 0.0 pedestrian_injured, 0.0 pedestrian_killed, Fair (Day), EDSA Nepa Q Mart  Quezon City",MMDA Road Safety Unit,,f220e106-4c0b-44f5-9f6e-cc9a0cb1407b,2016-09-27,05:00:00,EDSA Kaingin Road Quezon City,0,0,0,0,0,0,0,0,0,0,2016-09-27 13:00,Property,14.62805361,121.0472521,Side Swipe
None,EDSA,None,None,"No Accident Factor, Rear-end, 0.0 drivers_injured, 0.0 drivers_killed, 0.0 passengers_injured, 0.0 passengers_killed, 0.0 pedestrian_injured, 0.0 pedestrian_killed, Fair (Day), EDSA Camp Crame Gate 1 Quezon City",MMDA Road Safety Unit,,72e86254-51b7-4a1d-b224-ff7c462d0e05,2016-09-27,00:30:00,"EDSA Victory Liner Bus Terminal, Pinyahan Quezon City",0,0,0,0,0,0,0,0,0,0,2016-09-27 8:30,Property,14.60923788,121.0557422,Rear-End
None,EDSA,None,None,"No Accident Factor, Side Swipe, 1.0 drivers_injured, 0.0 drivers_killed, 0.0 passengers_injured, 0.0 passengers_killed, 0.0 pedestrian_injured, 0.0 pedestrian_killed, Fair (Day), EDSA White Plains Ave. Quezon City",MMDA Road Safety Unit,,e45bd321-f959-411b-ae85-6ffb86956e30,2016-09-27,00:10:00,"EDSA ""U"" turn slot, Timog Ave.  Quezon City",0,0,0,1,0,0,0,0,0,1,2016-09-27 8:10,Injury,14.59961782,121.0596522,Side Swipe
None,EDSA,None,None,"No Accident Factor, Side Swipe, 0.0 drivers_injured, 0.0 drivers_killed, 0.0 passengers_injured, 0.0 passengers_killed, 0.0 pedestrian_injured, 0.0 pedestrian_killed, Fair (Night), EDSA A. Samson Quezon City",MMDA Road Safety Unit,,edc2148b-3cb7-47f5-a3ce-34afd926d37f,2016-09-26,13:20:00,EDSA E. Garcia St. Quezon City,0,0,0,0,0,0,0,0,0,0,2016-09-26 21:20,Property,14.65731173,121.0011071,Side Swipe
None,EDSA,None,None,"No Accident Factor, Rear-end, 0.0 drivers_injured, 0.0 drivers_killed, 0.0 passengers_injured, 0.0 passengers_killed, 0.0 pedestrian_injured, 0.0 pedestrian_killed, Fair (Night), EDSA Home Depot    Quezon City",MMDA Road Safety Unit,,59ead1d2-db31-4f47-808c-bda8cb9819e3,2016-09-26,12:00:00,"EDSA Ortigas Ave., Ugong Norte Quezon City",0,0,0,0,0,0,0,0,0,0,2016-09-26 20:00,Property,14.65776197,121.0132202,Rear-End
None,EDSA,None,None,"No Accident Factor, Side Swipe, 0.0 drivers_injured, 0.0 drivers_killed, 0.0 passengers_injured, 0.0 passengers_killed, 0.0 pedestrian_injured, 0.0 pedestrian_killed, Fair (Night), EDSA Baliwag Bus Terminal, E. Rodriguez Quezon City",MMDA Road Safety Unit,,ed5cc8a6-91a4-4b28-a0a2-6636cfc72ec3,2016-09-26,11:45:00,"EDSA East Ave., Pinyahan Quezon City",0,0,0,0,0,0,0,0,0,0,2016-09-26 19:45,Property,14.6244766,121.0489584,Side Swipe
None,EDSA,None,None,"No Accident Factor, Side Swipe, 0.0 drivers_injured, 0.0 drivers_killed, 0.0 passengers_injured, 0.0 passengers_killed, 0.0 pedestrian_injured, 0.0 pedestrian_killed, Fair (Day), EDSA Victory Liner Bus Terminal, Pinyahan  Quezon City",MMDA Road Safety Unit,,fc405fc4-c056-41fa-ab60-352644155322,2016-09-26,08:30:00,"EDSA Bansalangin St., Project 7 Quezon City",0,0,0,0,0,0,0,0,0,0,2016-09-26 16:30,Property,14.63209398,121.0454876,Side Swipe
None,EDSA,None,None,"No Accident Factor, Rear-end, 0.0 drivers_injured, 0.0 drivers_killed, 0.0 passengers_injured, 0.0 passengers_killed, 0.0 pedestrian_injured, 0.0 pedestrian_killed, Fair (Night), EDSA Benitez St.  Quezon City",MMDA Road Safety Unit,,100ef0ca-7d23-4429-9f46-b8232ec74cba,2016-09-26,03:00:00,EDSA Timog Ave.  Quezon City,0,0,0,0,0,0,0,0,0,0,2016-09-26 11:00,Property,14.64722757,121.0353693,Rear-End
None,EDSA,None,None,"No Accident Factor, Rear-end, 0.0 drivers_injured, 0.0 drivers_killed, 0.0 passengers_injured, 0.0 passengers_killed, 0.0 pedestrian_injured, 0.0 pedestrian_killed, Fair (Night), EDSA    SM North (SB)  Quezon City",MMDA Road Safety Unit,,93855cfd-7be9-4238-bc96-91d6bfe6c009,2016-09-25,23:00:00,"EDSA Jackman Emporium, Ramon Magsaysay Quezon City",0,0,0,0,0,0,0,0,0,0,2016-09-26 7:00,Property,14.65581583,121.0298563,Rear-End
None,EDSA,None,None,"No Accident Factor, Side Swipe, 0.0 drivers_injured, 0.0 drivers_killed, 0.0 passengers_injured, 0.0 passengers_killed, 0.0 pedestrian_injured, 0.0 pedestrian_killed, Fair (Night), EDSA Quezon Ave.  Quezon City",MMDA Road Safety Unit,,f2f671bb-9593-47b0-9c88-31a46698d0c0,2016-09-25,22:30:00,EDSA Camp Crame gate 1 Quezon City,0,0,0,0,0,0,0,0,0,0,2016-09-26 6:30,Property,14.6442444,121.0375839,Side Swipe
None,EDSA,None,None,"No Accident Factor, Rear-end, 0.0 drivers_injured, 0.0 drivers_killed, 0.0 passengers_injured, 0.0 passengers_killed, 0.0 pedestrian_injured, 0.0 pedestrian_killed, Fair (Day), EDSA E. Garcia St.  Quezon City",MMDA Road Safety Unit,,057191e6-3562-4f54-bcc1-45e0adcaefa0,2016-09-25,22:15:00,"EDSA P. Tuazon Blvd., Socorro Quezon City",0,0,0,0,0,0,0,0,0,0,2016-09-26 6:15,Property,14.62742033,121.0475769,Rear-End
None,EDSA,None,None,"No Accident Factor, Side Swipe, 0.0 drivers_injured, 0.0 drivers_killed, 0.0 passengers_injured, 0.0 passengers_killed, 0.0 pedestrian_injured, 0.0 pedestrian_killed, Fair (Day), EDSA E. Garcia St. Quezon City",MMDA Road Safety Unit,,e7a51bfc-72bc-4cc0-af6e-ae3072802971,2016-09-25,22:15:00,EDSA Camp Aguinaldo Quezon City,0,0,0,0,0,0,0,0,0,0,2016-09-26 6:15,Property,14.62742033,121.0475769,Side Swipe
None,EDSA,None,None,"No Accident Factor, Rear-end, 0.0 drivers_injured, 0.0 drivers_killed, 0.0 passengers_injured, 0.0 passengers_killed, 0.0 pedestrian_injured, 0.0 pedestrian_killed, Fair (Night), EDSA East Ave. Quezon City",MMDA Road Safety Unit,,696bd904-3ab6-4189-bf6a-f9355fbcb391,2016-09-25,10:40:00,"EDSA East Ave., Pinyahan Quezon City",0,0,0,0,0,0,0,0,0,0,2016-09-25 18:40,Property,14.6328297,121.0451176,Rear-End
None,EDSA,None,None,"No Accident Factor, Rear-end, 0.0 drivers_injured, 0.0 drivers_killed, 0.0 passengers_injured, 0.0 passengers_killed, 0.0 pedestrian_injured, 0.0 pedestrian_killed, Fair (Day), EDSA Kamuning Road Quezon City",MMDA Road Safety Unit,,52b15319-9f11-4da2-912d-597d282a1754,2016-09-25,09:30:00,EDSA Cloverleaf Quezon City,0,0,0,0,0,0,0,0,0,0,2016-09-25 17:30,Property,14.63075725,121.0457548,Rear-End
None,EDSA,None,None,"No Accident Factor, Rear-end, 0.0 drivers_injured, 0.0 drivers_killed, 0.0 passengers_injured, 0.0 passengers_killed, 0.0 pedestrian_injured, 0.0 pedestrian_killed, Fair (Day), EDSA Kamuning Road Quezon City",MMDA Road Safety Unit,,0f68cea4-6942-47b7-9b43-8388211c0720,2016-09-25,09:30:00,"EDSA Nepa Q-Mart, E. Rod. Quezon City",0,0,0,0,0,0,0,0,0,0,2016-09-25 17:30,Property,14.63075725,121.0457548,Rear-End
None,EDSA,None,None,"No Accident Factor, No Collision Stated (based on Police Blotter Book), 0.0 drivers_injured, 0.0 drivers_killed, 0.0 passengers_injured, 0.0 passengers_killed, 0.0 pedestrian_injured, 0.0 pedestrian_killed, Fair (Day), EDSA Five Star Bus Terminal Cubao Quezon City",MMDA Road Safety Unit,,ae5951f1-a06c-44ad-add7-1385cb1836ce,2016-09-25,08:30:00,EDSA GMA Network Quezon City,0,0,0,0,0,0,0,0,0,0,2016-09-25 16:30,Property,14.62375691,121.0492447,No Collision Stated
None,EDSA,None,None,"No Accident Factor, Rear-end, 0.0 drivers_injured, 0.0 drivers_killed, 0.0 passengers_injured, 0.0 passengers_killed, 0.0 pedestrian_injured, 0.0 pedestrian_killed, Fair (Day), EDSA Five Star Bus Terminal Cubao Quezon City",MMDA Road Safety Unit,,475ea40b-b9a2-4c21-8bcd-3afffb84f0be,2016-09-25,07:00:00,"EDSA SM North, Bagong Pag-Asa Quezon City",0,0,0,0,0,0,0,0,0,0,2016-09-25 15:00,Property,14.62375691,121.0492447,Rear-End
None,EDSA,None,None,"No Accident Factor, Rear-end, 0.0 drivers_injured, 0.0 drivers_killed, 0.0 passengers_injured, 0.0 passengers_killed, 0.0 pedestrian_injured, 0.0 pedestrian_killed, Fair (Day), EDSA Sct. Borromeo St.  Quezon City",MMDA Road Safety Unit,,63b87115-f9e0-4e23-88e2-683dd6c7ea0a,2016-09-24,22:15:00,EDSA Waltermart Quezon City,0,0,0,0,0,0,0,0,0,0,2016-09-25 6:15,Property,14.63715712,121.0419507,Rear-End
None,EDSA,None,None,"No Accident Factor, Rear-end, 0.0 drivers_injured, 0.0 drivers_killed, 0.0 passengers_injured, 0.0 passengers_killed, 0.0 pedestrian_injured, 0.0 pedestrian_killed, Fair (Day), EDSA Sct. Borromeo St. Quezon City",MMDA Road Safety Unit,,49e78fb9-0dcd-4643-8900-e07032cfd169,2016-09-24,22:15:00,EDSA E. Garcia St. Quezon City,0,0,0,0,0,0,0,0,0,0,2016-09-25 6:15,Property,14.63715712,121.0419507,Rear-End
None,EDSA,None,None,"No Accident Factor, Side Swipe, 0.0 drivers_injured, 0.0 drivers_killed, 0.0 passengers_injured, 0.0 passengers_killed, 0.0 pedestrian_injured, 0.0 pedestrian_killed, Fair (Day), EDSA Cloverleaf Drive Quezon City",MMDA Road Safety Unit,,d6237866-ccc6-4a84-826d-f4c7adde9721,2016-09-24,04:20:00,EDSA Lemon Square Quezon City,0,0,0,0,0,0,0,0,0,0,2016-09-24 12:20,Property,14.65740144,121.0008553,Side Swipe
None,EDSA,None,None,"No Accident Factor, Rear-end, 0.0 drivers_injured, 0.0 drivers_killed, 0.0 passengers_injured, 0.0 passengers_killed, 0.0 pedestrian_injured, 0.0 pedestrian_killed, Fair (Day), EDSA P. Tuazon Blvd. Quezon City",MMDA Road Safety Unit,,6d05f099-e180-4d82-942e-bebd8768eaa2,2016-09-23,18:30:00,EDSA South Road Quezon City,0,0,0,0,0,0,0,0,0,0,2016-09-24 2:30,Property,14.61656342,121.0525225,Rear-End