LOCATION_TEXT,ROAD,WEATHER,LIGHT,DESC,REPORTING_AGENCY,MAIN_CAUSE,INCIDENTDETAILS_ID,DATE_UTC,TIME_UTC,ADDRESS,killed_driver,killed_passenger,killed_pedestrian,injured_driver,injured_passenger,injured_pedestrian,killed_uncategorized,injured_uncategorized,killed_total,injured_total,DATETIME_PST,SEVERITY,Y,X,COLLISION_TYPE
None,EDSA,None,None,"No Accident Factor, Rear-end, 0.0 drivers_injured, 0.0 drivers_killed, 0.0 passengers_injured, 0.0 passengers_killed, 0.0 pedestrian_injured, 0.0 pedestrian_killed, Fair (Night), EDSA Santolan MRT Station Quezon City",MMDA Road Safety Unit,,748cb313-f32b-4a9b-885f-22c7a7401776,2016-09-23,15:00:00,EDSA Cloverleaf Quezon City,0,0,0,0,0,0,0,0,0,0,2016-09-23 23:00,Property,14.60773988,121.0564577,Rear-End
None,EDSA,None,None,"No Accident Factor, Side Swipe, 0.0 drivers_injured, 0.0 drivers_killed, 0.0 passengers_injured, 0.0 passengers_killed, 0.0 pedestrian_injured, 0.0 pedestrian_killed, Fair (Night), EDSA K-3rd St.  Quezon City",MMDA Road Safety Unit,,b1c969f2-8710-419d-9613-967579bad645,2016-09-23,14:25:00,EDSA West Ave.  Quezon City,0,0,0,0,0,0,0,0,0,0,2016-09-23 22:25,Property,14.62942357,121.0463854,Side Swipe
None,EDSA,None,None,"No Accident Factor, Rear-end, 0.0 drivers_injured, 0.0 drivers_killed, 0.0 passengers_injured, 0.0 passengers_killed, 0.0 pedestrian_injured, 0.0 pedestrian_killed, Fair (Night), EDSA Cloverleaf Drive Quezon City",MMDA Road Safety Unit,,ea721909-e322-4884-bf90-884522f49dcf,2016-09-23,13:35:00,"EDSA Victory Liner Bus Terminal, E. Rod. Quezon City",0,0,0,0,0,0,0,0,0,0,2016-09-23 21:35,Property,14.65740144,121.0008553,Rear-End
None,EDSA,None,None,"No Accident Factor, Rear-end, 0.0 drivers_injured, 0.0 drivers_killed, 0.0 passengers_injured, 0.0 passengers_killed, 0.0 pedestrian_injured, 0.0 pedestrian_killed, Fair (Night), EDSA Kamuning Road Quezon City",MMDA Road Safety Unit,,cc041cd3-a186-4846-afa7-2b8670fe4059,2016-09-23,13:00:00,EDSA Col. Bonny Serrano Ave. Quezon City,0,0,0,0,0,0,0,0,0,0,2016-09-23 21:00,Property,14.63075725,121.0457548,Rear-End
None,EDSA,None,None,"No Accident Factor, Rear-end, 0.0 drivers_injured, 0.0 drivers_killed, 0.0 passengers_injured, 0.0 passengers_killed, 0.0 pedestrian_injured, 0.0 pedestrian_killed, Fair (Night), EDSA Kamuning Road Quezon City",MMDA Road Safety Unit,,c97fa43c-603e-453e-96ce-eef6e0707ccb,2016-09-23,13:00:00,"EDSA Congressional Ave., Ramon Magsaysay Quezon City",0,0,0,0,0,0,0,0,0,0,2016-09-23 21:00,Property,14.63075725,121.0457548,Rear-End
None,EDSA,None,None,"No Accident Factor, Rear-end, 0.0 drivers_injured, 0.0 drivers_killed, 0.0 passengers_injured, 0.0 passengers_killed, 0.0 pedestrian_injured, 0.0 pedestrian_killed, Fair (Day), EDSA Kamuning Road Quezon City",MMDA Road Safety Unit,,84429e38-c1cb-4c74-9089-21a79de151b3,2016-09-23,09:30:00,"EDSA ""U"" turn slot, Corregidor St., Ramon Magsaysay Quezon City",0,0,0,0,0,0,0,0,0,0,2016-09-23 17:30,Property,14.63075725,121.0457548,Rear-End
None,EDSA,None,None,"No Accident Factor, Side Swipe, 0.0 drivers_injured, 0.0 drivers_killed, 0.0 passengers_injured, 0.0 passengers_killed, 0.0 pedestrian_injured, 0.0 pedestrian_killed, Fair (Day), EDSA ""U"" turn slot, Timog Ave. Quezon City",MMDA Road Safety Unit,,620bb245-b06c-43a9-b10d-40c66dbce935,2016-09-23,04:50:00,"EDSA Robinsons Galleria, Ugong Norte Quezon City",0,0,0,0,0,0,0,0,0,0,2016-09-23 12:50,Property,14.63183035,121.0454138,Side Swipe
None,EDSA,None,None,"No Accident Factor, Rear-end, 0.0 drivers_injured, 0.0 drivers_killed, 0.0 passengers_injured, 0.0 passengers_killed, 0.0 pedestrian_injured, 0.0 pedestrian_killed, Fair (Day), EDSA ""U"" turn slot, Timog Ave.  Quezon City",MMDA Road Safety Unit,,a55080a9-acde-4ff6-b5f1-33992308f8d5,2016-09-23,04:50:00,"EDSA Kamias Road, West Kamias Quezon City",0,0,0,0,0,0,0,0,0,0,2016-09-23 12:50,Property,14.63183035,121.0454138,Rear-End
None,EDSA,None,None,"No Accident Factor, Rear-end, 0.0 drivers_injured, 0.0 drivers_killed, 0.0 passengers_injured, 0.0 passengers_killed, 0.0 pedestrian_injured, 0.0 pedestrian_killed, Fair (Day), EDSA P. Tuazon Blvd. Quezon City",MMDA Road Safety Unit,,ad6e0619-2a12-4cc1-b29c-e820bb7ea841,2016-09-23,01:00:00,EDSA Ramon Magsaysay High School Quezon City,0,0,0,0,0,0,0,0,0,0,2016-09-23 9:00,Property,14.61656342,121.0525225,Rear-End
None,EDSA,None,None,"No Accident Factor, Rear-end, 0.0 drivers_injured, 0.0 drivers_killed, 0.0 passengers_injured, 0.0 passengers_killed, 0.0 pedestrian_injured, 0.0 pedestrian_killed, Fair (Day), EDSA P. Tuazon Blvd.  Quezon City",MMDA Road Safety Unit,,0964b09c-69a3-4eb9-9992-fe907c9ed796,2016-09-23,01:00:00,"EDSA Kamias Road, West Kamias Quezon City",0,0,0,0,0,0,0,0,0,0,2016-09-23 9:00,Property,14.61656342,121.0525225,Rear-End
None,EDSA,None,None,"No Accident Factor, No Collision Stated (based on Police Blotter Book), 0.0 drivers_injured, 0.0 drivers_killed, 0.0 passengers_injured, 0.0 passengers_killed, 0.0 pedestrian_injured, 0.0 pedestrian_killed, Fair (Day), EDSA New York St.  Quezon City",MMDA Road Safety Unit,,85cff6d1-2f7a-4421-a110-0bf6ee3a4ae6,2016-09-22,20:15:00,EDSA Congressional Ave. Quezon City,0,0,0,0,0,0,0,0,0,0,2016-09-23 4:15,Property,14.62568514,121.0482307,No Collision Stated
None,EDSA,None,None,"No Accident Factor, Rear-end, 0.0 drivers_injured, 0.0 drivers_killed, 0.0 passengers_injured, 0.0 passengers_killed, 0.0 pedestrian_injured, 0.0 pedestrian_killed, Fair (Night), EDSA Royal, A. Samson Quezon City",MMDA Road Safety Unit,,8daf9a7d-f9f6-4239-927f-67baa6aaac7e,2016-09-22,13:40:00,EDSA West Ave.  Quezon City,0,0,0,0,0,0,0,0,0,0,2016-09-22 21:40,Property,14.65767141,121.0107008,Rear-End
None,EDSA,None,None,"No Accident Factor, Side Swipe, 0.0 drivers_injured, 0.0 drivers_killed, 0.0 passengers_injured, 0.0 passengers_killed, 0.0 pedestrian_injured, 0.0 pedestrian_killed, Fair (Night), EDSA Cloverleaf Drive Quezon City",MMDA Road Safety Unit,,450f690b-20b8-4623-b468-2f64bf8cf127,2016-09-22,11:45:00,EDSA Royal St. Quezon City,0,0,0,0,0,0,0,0,0,0,2016-09-22 19:45,Property,14.65740144,121.0008553,Side Swipe
None,EDSA,None,None,"No Accident Factor, Angle Impact, 0.0 drivers_injured, 0.0 drivers_killed, 0.0 passengers_injured, 0.0 passengers_killed, 0.0 pedestrian_injured, 0.0 pedestrian_killed, Fair (Day), EDSA Whiteplains Ave.  Quezon City",MMDA Road Safety Unit,,55e49489-0184-4271-b0f1-b8b91ec12eb8,2016-09-22,03:00:00,EDSA Quezon Ave. Quezon City,0,0,0,0,0,0,0,0,0,0,2016-09-22 11:00,Property,14.59961782,121.0596522,Angle Impact
None,EDSA,None,None,"No Accident Factor, Side Swipe, 0.0 drivers_injured, 0.0 drivers_killed, 0.0 passengers_injured, 0.0 passengers_killed, 0.0 pedestrian_injured, 0.0 pedestrian_killed, Fair (Night), EDSA Kamuning Road Quezon City",MMDA Road Safety Unit,,211e78b0-6572-4c17-8276-bd427ffa83da,2016-09-21,15:25:00,EDSA Bansalangin St. Quezon City,0,0,0,0,0,0,0,0,0,0,2016-09-21 23:25,Property,14.63075725,121.0457548,Side Swipe
None,EDSA,None,None,"No Accident Factor, Head-on, 0.0 drivers_injured, 0.0 drivers_killed, 0.0 passengers_injured, 0.0 passengers_killed, 0.0 pedestrian_injured, 0.0 pedestrian_killed, Fair (Day), EDSA East Ave., Pinyahan Quezon City",MMDA Road Safety Unit,,b0423d2b-8e15-4781-8c76-ace6c0bbd3f5,2016-09-21,08:45:00,"EDSA North Ave., Pag-asa Quezon City",0,0,0,0,0,0,0,0,0,0,2016-09-21 16:45,Property,14.6328297,121.0451176,Head-On
None,EDSA,None,None,"No Accident Factor, Rear-end, 0.0 drivers_injured, 0.0 drivers_killed, 0.0 passengers_injured, 0.0 passengers_killed, 0.0 pedestrian_injured, 0.0 pedestrian_killed, Fair (Day), EDSA Whiteplains Ave., Aguinaldo Quezon City",MMDA Road Safety Unit,,75b93bbb-31cf-44c1-a45b-6131812aa096,2016-09-21,05:30:00,"EDSA Gen. Mc Arthur Ave., Socorro Quezon City",0,0,0,0,0,0,0,0,0,0,2016-09-21 13:30,Property,14.59961782,121.0596522,Rear-End
None,EDSA,None,None,"No Accident Factor, Rear-end, 0.0 drivers_injured, 0.0 drivers_killed, 0.0 passengers_injured, 0.0 passengers_killed, 0.0 pedestrian_injured, 0.0 pedestrian_killed, Fair (Day), EDSA Main Ave. Footbridge Quezon City",MMDA Road Safety Unit,,163f4ffa-5c5f-46e5-b389-9aee034b16d9,2016-09-20,06:30:00,"EDSA ""U"" turn slot, GMA-7 Quezon City",0,0,0,0,0,0,0,0,0,0,2016-09-20 14:30,Property,14.61376458,121.0537933,Rear-End
None,EDSA,None,None,"No Accident Factor, Rear-end, 0.0 drivers_injured, 0.0 drivers_killed, 0.0 passengers_injured, 0.0 passengers_killed, 0.0 pedestrian_injured, 0.0 pedestrian_killed, Fair (Day), EDSA New York St.  Quezon City",MMDA Road Safety Unit,,4d6d10eb-2e44-41c4-b35a-ae2c8d79ea57,2016-09-20,05:40:00,EDSA Banahaw Road Quezon City,0,0,0,0,0,0,0,0,0,0,2016-09-20 13:40,Property,14.62568514,121.0482307,Rear-End
None,EDSA,None,None,"No Accident Factor, Side Swipe, 0.0 drivers_injured, 0.0 drivers_killed, 0.0 passengers_injured, 0.0 passengers_killed, 0.0 pedestrian_injured, 0.0 pedestrian_killed, Fair (Day), EDSA Aurora Blvd. Quezon City",MMDA Road Safety Unit,,257a3dee-38e6-4553-9c15-aaa13493ccba,2016-09-20,03:00:00,EDSA Kaingin Road Quezon City,0,0,0,0,0,0,0,0,0,0,2016-09-20 11:00,Property,14.62163653,121.0501573,Side Swipe
None,EDSA,None,None,"No Accident Factor, Side Swipe, 0.0 drivers_injured, 0.0 drivers_killed, 0.0 passengers_injured, 0.0 passengers_killed, 0.0 pedestrian_injured, 0.0 pedestrian_killed, Fair (Day), EDSA Monte de Piedad St. Quezon City",MMDA Road Safety Unit,,a2cbc246-5d4e-4874-b198-ace8ea972c00,2016-09-20,02:30:00,EDSA Col. Bonny Serrano Ave. Quezon City,0,0,0,0,0,0,0,0,0,0,2016-09-20 10:30,Property,14.62346937,121.0491711,Side Swipe
None,EDSA,None,None,"No Accident Factor, Side Swipe, 0.0 drivers_injured, 0.0 drivers_killed, 0.0 passengers_injured, 0.0 passengers_killed, 0.0 pedestrian_injured, 0.0 pedestrian_killed, Fair (Day), EDSA Jam Liner Terminal Quezon City",MMDA Road Safety Unit,,2dc8924f-2306-4b5b-b539-1c7e44a7c523,2016-09-20,01:15:00,EDSA White Plains Quezon City,0,0,0,0,0,0,0,0,0,0,2016-09-20 9:15,Property,14.63113373,121.0455992,Side Swipe
None,EDSA,None,None,"No Accident Factor, Side Swipe, 0.0 drivers_injured, 0.0 drivers_killed, 0.0 passengers_injured, 0.0 passengers_killed, 0.0 pedestrian_injured, 0.0 pedestrian_killed, Fair (Day), EDSA East Ave., Pinyahan Quezon City",MMDA Road Safety Unit,,40c60f9a-9df4-4b1b-8ccc-973446c9ce3f,2016-09-20,00:15:00,"EDSA White Plains, Ugong Norte Quezon City",0,0,0,0,0,0,0,0,0,0,2016-09-20 8:15,Property,14.6328297,121.0451176,Side Swipe
None,EDSA,None,None,"No Accident Factor, Side Swipe, 0.0 drivers_injured, 0.0 drivers_killed, 0.0 passengers_injured, 0.0 passengers_killed, 0.0 pedestrian_injured, 0.0 pedestrian_killed, Fair (Day), EDSA Balintawak Market Quezon City",MMDA Road Safety Unit,,b3caba93-293d-4143-a05d-fb6a70009578,2016-09-19,22:30:00,EDSA Quezon Ave. Quezon City,0,0,0,0,0,0,0,0,0,0,2016-09-20 6:30,Property,14.65740947,121.0025737,Side Swipe
None,EDSA,None,None,"No Accident Factor, Side Swipe, 0.0 drivers_injured, 0.0 drivers_killed, 0.0 passengers_injured, 0.0 passengers_killed, 0.0 pedestrian_injured, 0.0 pedestrian_killed, Fair (Night), EDSA Balintawak Market Quezon City",MMDA Road Safety Unit,,24c2b04b-f553-45a2-b30e-4775705bdfb6,2016-09-19,13:35:00,"EDSA Col. Bonny Serrano Ave., Socorro Quezon City",0,0,0,0,0,0,0,0,0,0,2016-09-19 21:35,Property,14.65740947,121.0025737,Side Swipe
None,EDSA,None,None,"No Accident Factor, No Collision Stated (based on Police Blotter Book), 0.0 drivers_injured, 0.0 drivers_killed, 0.0 passengers_injured, 0.0 passengers_killed, 0.0 pedestrian_injured, 0.0 pedestrian_killed, Fair (Night), EDSA Kamias Road, West Kamias Quezon City",MMDA Road Safety Unit,,8fff194e-1f37-4220-8ddf-5d2a3e80e2ca,2016-09-19,13:00:00,EDSA Monte de Piedad St. Quezon City,0,0,0,0,0,0,0,0,0,0,2016-09-19 21:00,Property,14.6309142,121.0459376,No Collision Stated
None,EDSA,None,None,"No Accident Factor, Hit Object (Barrier), 0.0 drivers_injured, 0.0 drivers_killed, 0.0 passengers_injured, 0.0 passengers_killed, 0.0 pedestrian_injured, 0.0 pedestrian_killed, Fair (Night), EDSA K-3rd St.  Quezon City",MMDA Road Safety Unit,,d3e09280-6514-4785-a871-c7ae1e7e82fa,2016-09-19,12:20:00,"EDSA Robinson Galleria, Ugong Norte Quezon City",0,0,0,0,0,0,0,0,0,0,2016-09-19 20:20,Property,14.62942357,121.0463854,Hit Object
None,EDSA,None,None,"No Accident Factor, No Collision Stated (based on Police Blotter Book), 0.0 drivers_injured, 0.0 drivers_killed, 0.0 passengers_injured, 0.0 passengers_killed, 0.0 pedestrian_injured, 0.0 pedestrian_killed, Fair (Night), EDSA Victory Liner Bus Terminal, Pinyahan Quezon City",MMDA Road Safety Unit,,a043edf0-e903-457f-ad0e-73b2bc4a0320,2016-09-19,12:00:00,"EDSA UNTV, Philam Quezon City",0,0,0,0,0,0,0,0,0,0,2016-09-19 20:00,Property,14.63209398,121.0454876,No Collision Stated
None,EDSA,None,None,"No Accident Factor, Side Swipe, 1.0 drivers_injured, 0.0 drivers_killed, 0.0 passengers_injured, 0.0 passengers_killed, 0.0 pedestrian_injured, 0.0 pedestrian_killed, Fair (Night), EDSA ""U"" turn slot, Oliveros St.   Quezon City",MMDA Road Safety Unit,,30373587-38ae-4618-b798-96c43b1ff566,2016-09-19,12:00:00,EDSA Cloverleaf Drive Quezon City,0,0,0,1,0,0,0,0,0,1,2016-09-19 20:00,Injury,14.6575006,121.0075921,Side Swipe
None,EDSA,None,None,"No Accident Factor, Side Swipe, 0.0 drivers_injured, 0.0 drivers_killed, 0.0 passengers_injured, 0.0 passengers_killed, 0.0 pedestrian_injured, 0.0 pedestrian_killed, Fair (Night), EDSA Cloverleaf Drive Quezon City",MMDA Road Safety Unit,,30334d23-92ca-4199-afa0-6307b53b9a9d,2016-09-19,11:35:00,EDSA Balintawak Market Quezon City,0,0,0,0,0,0,0,0,0,0,2016-09-19 19:35,Property,14.65740144,121.0008553,Side Swipe
None,EDSA,None,None,"No Accident Factor, Rear-end, 0.0 drivers_injured, 0.0 drivers_killed, 0.0 passengers_injured, 0.0 passengers_killed, 0.0 pedestrian_injured, 0.0 pedestrian_killed, Fair (Day), EDSA Cloverleaf Drive (SB) Quezon City",MMDA Road Safety Unit,,d6accb76-40ae-4832-abc1-01311a38cab4,2016-09-19,08:00:00,EDSA P. Tuazon Blvd. Quezon City,0,0,0,0,0,0,0,0,0,0,2016-09-19 16:00,Property,14.65740144,121.0008553,Rear-End
None,EDSA,None,None,"No Accident Factor, Side Swipe, 0.0 drivers_injured, 0.0 drivers_killed, 0.0 passengers_injured, 0.0 passengers_killed, 0.0 pedestrian_injured, 0.0 pedestrian_killed, Fair (Day), EDSA P. Tuazon Blvd., Socorro Quezon City",MMDA Road Safety Unit,,217d1211-fec3-4c47-810d-4fa4067c2f86,2016-09-19,04:05:00,"EDSA ""U"" turn slot, Aurora Blvd. Quezon City",0,0,0,0,0,0,0,0,0,0,2016-09-19 12:05,Property,14.61656342,121.0525225,Side Swipe
None,EDSA,None,None,"No Accident Factor, No Collision Stated (based on Police Blotter Book), 0.0 drivers_injured, 0.0 drivers_killed, 0.0 passengers_injured, 0.0 passengers_killed, 0.0 pedestrian_injured, 0.0 pedestrian_killed, Fair (Day), EDSA Camp Aguinaldo Quezon City",MMDA Road Safety Unit,,745c7612-3cc2-451e-a338-61ed5389694e,2016-09-19,03:00:00,EDSA Balintawak Market Quezon City,0,0,0,0,0,0,0,0,0,0,2016-09-19 11:00,Property,14.60818699,121.0564562,No Collision Stated
None,EDSA,None,None,"No Accident Factor, Rear-end, 0.0 drivers_injured, 0.0 drivers_killed, 0.0 passengers_injured, 0.0 passengers_killed, 0.0 pedestrian_injured, 0.0 pedestrian_killed, Fair (Day), EDSA Balintawak Bridge Quezon City",MMDA Road Safety Unit,,065fd5d8-78d3-4a63-bdf8-194ee8289364,2016-09-19,02:30:00,EDSA E. Garcia St. Quezon City,0,0,0,0,0,0,0,0,0,0,2016-09-19 10:30,Property,14.65758908,121.0156192,Rear-End
None,EDSA,None,None,"No Accident Factor, Side Swipe, 1.0 drivers_injured, 0.0 drivers_killed, 0.0 passengers_injured, 0.0 passengers_killed, 0.0 pedestrian_injured, 0.0 pedestrian_killed, Fair (Day), EDSA ""U"" turn slot, Shell Gas Station Katipu Quezon City",MMDA Road Safety Unit,,c2f5b950-e059-45b0-881c-0a360886ca7e,2016-09-19,02:00:00,EDSA Kamuning Road Quezon City,0,0,0,1,0,0,0,0,0,1,2016-09-19 10:00,Injury,14.65762078,121.0161683,Side Swipe
None,EDSA,None,None,"No Accident Factor, Side Swipe, 0.0 drivers_injured, 0.0 drivers_killed, 0.0 passengers_injured, 0.0 passengers_killed, 0.0 pedestrian_injured, 0.0 pedestrian_killed, Fair (Day), EDSA Corregidor St. Quezon City",MMDA Road Safety Unit,,a5030605-c044-49d3-9b4b-eb1510177cc2,2016-09-19,01:30:00,EDSA Camp Aguinaldo Gate 3 Quezon City,0,0,0,0,0,0,0,0,0,0,2016-09-19 9:30,Property,14.65707679,121.0241648,Side Swipe
None,EDSA,None,None,"No Accident Factor, Rear-end, 0.0 drivers_injured, 0.0 drivers_killed, 0.0 passengers_injured, 0.0 passengers_killed, 0.0 pedestrian_injured, 0.0 pedestrian_killed, Fair (Day), EDSA E. Garcia St. Quezon City",MMDA Road Safety Unit,,7a2b83e7-b5c0-4c80-8d3b-996fc721b20f,2016-09-19,01:30:00,EDSA Timog Ave. Quezon City,0,0,0,0,0,0,0,0,0,0,2016-09-19 9:30,Property,14.62742033,121.0475769,Rear-End
None,EDSA,None,None,"No Accident Factor, Rear-end, 0.0 drivers_injured, 0.0 drivers_killed, 0.0 passengers_injured, 0.0 passengers_killed, 0.0 pedestrian_injured, 0.0 pedestrian_killed, Fair (Day), EDSA GMA Network Drive Quezon City",MMDA Road Safety Unit,,0622dc11-aeeb-437d-8a03-c65b719a4d92,2016-09-19,00:45:00,"EDSA UNTV, Philam Quezon City",0,0,0,0,0,0,0,0,0,0,2016-09-19 8:45,Property,14.63467214,121.0435714,Rear-End
None,EDSA,None,None,"No Accident Factor, Rear-end, 0.0 drivers_injured, 0.0 drivers_killed, 0.0 passengers_injured, 0.0 passengers_killed, 0.0 pedestrian_injured, 0.0 pedestrian_killed, Fair (Night), EDSA E. Garcia St. Quezon City",MMDA Road Safety Unit,,1eda94f8-f887-4610-8ea9-d544b8767c73,2016-09-18,21:00:00,EDSA Benitez St. Quezon City,0,0,0,0,0,0,0,0,0,0,2016-09-19 5:00,Property,14.62742033,121.0475769,Rear-End
None,EDSA,None,None,"No Accident Factor, No Collision Stated (based on Police Blotter Book), 0.0 drivers_injured, 0.0 drivers_killed, 0.0 passengers_injured, 0.0 passengers_killed, 0.0 pedestrian_injured, 0.0 pedestrian_killed, Fair (Night), EDSA Misamis Street, Pagasa Quezon City",MMDA Road Safety Unit,,32714608-54ec-4720-99b8-0235bf33fadc,2016-09-18,13:30:00,EDSA Superlines Terminal Quezon City,0,0,0,0,0,0,0,0,0,0,2016-09-18 21:30,Property,14.65602348,121.0285212,No Collision Stated
None,EDSA,None,None,"No Accident Factor, Rear-end, 0.0 drivers_injured, 0.0 drivers_killed, 0.0 passengers_injured, 0.0 passengers_killed, 0.0 pedestrian_injured, 0.0 pedestrian_killed, Fair (Night), EDSA Baliwag Bus Terminal-Cubao, E. Rodriguez Quezon City",MMDA Road Safety Unit,,52d1c13e-a399-4759-908e-4848c86d9475,2016-09-18,11:15:00,EDSA Cloverleaf Road Quezon City,0,0,0,0,0,0,0,0,0,0,2016-09-18 19:15,Property,14.6244766,121.0489584,Rear-End
None,EDSA,None,None,"No Accident Factor, Rear-end, 0.0 drivers_injured, 0.0 drivers_killed, 0.0 passengers_injured, 0.0 passengers_killed, 0.0 pedestrian_injured, 0.0 pedestrian_killed, Fair (Day), EDSA Kamuning PS-10 Quezon City",MMDA Road Safety Unit,,30b251d7-8c8a-4445-83a3-1d53ce31a939,2016-09-18,04:25:00,"EDSA Kamias Road, Pinyahan Quezon City",0,0,0,0,0,0,0,0,0,0,2016-09-18 12:25,Property,14.62986347,121.0460942,Rear-End
None,EDSA,None,None,"No Accident Factor, Side Swipe, 0.0 drivers_injured, 0.0 drivers_killed, 0.0 passengers_injured, 0.0 passengers_killed, 0.0 pedestrian_injured, 0.0 pedestrian_killed, Fair (Day), EDSA P. Tuazon Blvd., Socorro Quezon City",MMDA Road Safety Unit,,0c15fdf2-4db7-4652-b2fc-b066545252da,2016-09-18,00:30:00,EDSA Cloverleaf Drive Quezon City,0,0,0,0,0,0,0,0,0,0,2016-09-18 8:30,Property,14.61656342,121.0525225,Side Swipe
None,EDSA,None,None,"No Accident Factor, Rear-end, 0.0 drivers_injured, 0.0 drivers_killed, 0.0 passengers_injured, 0.0 passengers_killed, 0.0 pedestrian_injured, 0.0 pedestrian_killed, Fair (Night), EDSA Balintawak Market Quezon City",MMDA Road Safety Unit,,e2e2fe91-8888-4259-a405-a947aa287fae,2016-09-17,17:30:00,"EDSA Petron Gas Station, Socorro Quezon City",0,0,0,0,0,0,0,0,0,0,2016-09-18 1:30,Property,14.65740947,121.0025737,Rear-End
None,EDSA,None,None,"No Accident Factor, No Collision Stated (based on Police Blotter Book), 0.0 drivers_injured, 0.0 drivers_killed, 0.0 passengers_injured, 0.0 passengers_killed, 0.0 pedestrian_injured, 0.0 pedestrian_killed, Fair (Night), EDSA JAC Liner Bus Terminal, Mapagmahal St., Pinyahan Quezon City",MMDA Road Safety Unit,,c7e5fa0a-2f54-4f4a-91d1-c51d4538571d,2016-09-17,12:30:00,EDSA Mother Ignacia St. Quezon City,0,0,0,0,0,0,0,0,0,0,2016-09-17 20:30,Property,14.63162939,121.0456857,No Collision Stated
None,EDSA,None,None,"No Accident Factor, Side Swipe, 0.0 drivers_injured, 0.0 drivers_killed, 0.0 passengers_injured, 0.0 passengers_killed, 0.0 pedestrian_injured, 0.0 pedestrian_killed, Fair (Night), EDSA Oliveros St. Quezon City",MMDA Road Safety Unit,,ad8d0557-8382-4642-b279-bfe508a8ac9b,2016-09-17,10:30:00,EDSA E. Garcia St. Quezon City,0,0,0,0,0,0,0,0,0,0,2016-09-17 18:30,Property,14.65762799,121.0065288,Side Swipe
None,EDSA,None,None,"No Accident Factor, Side Swipe, 0.0 drivers_injured, 0.0 drivers_killed, 0.0 passengers_injured, 0.0 passengers_killed, 0.0 pedestrian_injured, 0.0 pedestrian_killed, Fair (Day), EDSA Balintawak LRT Station Quezon City",MMDA Road Safety Unit,,5548dde7-5354-4428-8aca-7864eff22176,2016-09-17,06:20:00,EDSA Timog Ave. Quezon City,0,0,0,0,0,0,0,0,0,0,2016-09-17 14:20,Property,14.65730869,121.0020316,Side Swipe
None,EDSA,None,None,"No Accident Factor, Hit and Run (No Collision Stated), 0.0 drivers_injured, 0.0 drivers_killed, 0.0 passengers_injured, 0.0 passengers_killed, 0.0 pedestrian_injured, 0.0 pedestrian_killed, Fair (Day), EDSA Camp Aguinaldo Quezon City",MMDA Road Safety Unit,,948613a8-c77e-47c3-b6f6-07a0e8b49af9,2016-09-17,05:00:00,EDSA E. Garcia St. Quezon City,0,0,0,0,0,0,0,0,0,0,2016-09-17 13:00,Property,14.60818699,121.0564562,No Collision Stated
None,EDSA,None,None,"No Accident Factor, Side Swipe, 0.0 drivers_injured, 0.0 drivers_killed, 0.0 passengers_injured, 0.0 passengers_killed, 0.0 pedestrian_injured, 0.0 pedestrian_killed, Fair (Day), EDSA Kamuning Road Quezon City",MMDA Road Safety Unit,,66086f20-1f01-4a90-b17f-b0ba20879778,2016-09-17,02:45:00,EDSA Cloverleaf Road Quezon City,0,0,0,0,0,0,0,0,0,0,2016-09-17 10:45,Property,14.63075725,121.0457548,Side Swipe
None,EDSA,None,None,"No Accident Factor, Rear-end, 0.0 drivers_injured, 0.0 drivers_killed, 0.0 passengers_injured, 0.0 passengers_killed, 0.0 pedestrian_injured, 0.0 pedestrian_killed, Fair (Day), EDSA Quezon Ave. Quezon City",MMDA Road Safety Unit,,cf1850dd-b8c6-4fd5-8305-6da42df5b5fb,2016-09-16,07:00:00,"EDSA Bus Bay, Ramon Magsaysay Quezon City",0,0,0,0,0,0,0,0,0,0,2016-09-16 15:00,Property,14.6442444,121.0375839,Rear-End
None,EDSA,None,None,"No Accident Factor, Side Swipe, 0.0 drivers_injured, 0.0 drivers_killed, 0.0 passengers_injured, 0.0 passengers_killed, 0.0 pedestrian_injured, 0.0 pedestrian_killed, Fair (Day), EDSA Solid North Terminal Quezon City",MMDA Road Safety Unit,,0cab36f7-722d-4a0b-a910-6d8e63db74f3,2016-09-16,04:30:00,EDSA Timog Ave. Quezon City,0,0,0,0,0,0,0,0,0,0,2016-09-16 12:30,Property,14.62420023,121.0487914,Side Swipe
None,EDSA,None,None,"No Accident Factor, Rear-end, 0.0 drivers_injured, 0.0 drivers_killed, 0.0 passengers_injured, 0.0 passengers_killed, 0.0 pedestrian_injured, 0.0 pedestrian_killed, Fair (Day), EDSA Cloverleaf Quezon City",MMDA Road Safety Unit,,fd1255d8-37ce-4dad-8d49-bd4259cfad1b,2016-09-16,02:30:00,EDSA North Road Quezon City,0,0,0,0,0,0,0,0,0,0,2016-09-16 10:30,Property,14.65747901,121.0011914,Rear-End
None,EDSA,None,None,"No Accident Factor, Side Swipe, 0.0 drivers_injured, 0.0 drivers_killed, 0.0 passengers_injured, 0.0 passengers_killed, 0.0 pedestrian_injured, 0.0 pedestrian_killed, Fair (Night), EDSA Oliveros St. Quezon City",MMDA Road Safety Unit,,b3d9ecb0-a6c0-4d76-a896-d3ba43a833d4,2016-09-15,19:30:00,"EDSA Gen. Aguinaldo, Camp Aguinaldo Quezon City",0,0,0,0,0,0,0,0,0,0,2016-09-16 3:30,Property,14.65762799,121.0065288,Side Swipe