LOCATION_TEXT,ROAD,WEATHER,LIGHT,DESC,REPORTING_AGENCY,MAIN_CAUSE,INCIDENTDETAILS_ID,DATE_UTC,TIME_UTC,ADDRESS,killed_driver,killed_passenger,killed_pedestrian,injured_driver,injured_passenger,injured_pedestrian,killed_uncategorized,injured_uncategorized,killed_total,injured_total,DATETIME_PST,SEVERITY,Y,X,COLLISION_TYPE
None,EDSA,None,None,"No Accident Factor, Side Swipe, 0.0 drivers_injured, 0.0 drivers_killed, 0.0 passengers_injured, 0.0 passengers_killed, 0.0 pedestrian_injured, 0.0 pedestrian_killed, Fair (Night), EDSA Shell Gas Station, A. Samson Quezon City",MMDA Road Safety Unit,,6a15d7c4-7df0-40e8-9783-f295f48899b1,2016-09-15,19:00:00,EDSA Kaingin Road Quezon City,0,0,0,0,0,0,0,0,0,0,2016-09-16 3:00,Property,14.65761329,121.0076049,Side Swipe
None,EDSA,None,None,"No Accident Factor, Side Swipe, 0.0 drivers_injured, 0.0 drivers_killed, 0.0 passengers_injured, 0.0 passengers_killed, 0.0 pedestrian_injured, 0.0 pedestrian_killed, Fair (Night), EDSA Shell Gas Station, A. Samson Quezon City",MMDA Road Safety Unit,,db15e8ca-fcd7-4736-8d26-440873f4c104,2016-09-15,13:10:00,"EDSA White Plains Ave., Camp Aguinaldo Quezon City",0,0,0,0,0,0,0,0,0,0,2016-09-15 21:10,Property,14.65761329,121.0076049,Side Swipe
None,EDSA,None,None,"No Accident Factor, Side Swipe, 0.0 drivers_injured, 0.0 drivers_killed, 0.0 passengers_injured, 0.0 passengers_killed, 0.0 pedestrian_injured, 0.0 pedestrian_killed, Fair (Night), EDSA Cloverleaf Quezon City",MMDA Road Safety Unit,,84b96b33-4108-4151-ba2c-ef74c9b48d03,2016-09-15,12:10:00,EDSA Q-Mart Market Quezon City,0,0,0,0,0,0,0,0,0,0,2016-09-15 20:10,Property,14.65747901,121.0011914,Side Swipe
None,EDSA,None,None,"No Accident Factor, Rear-end, 0.0 drivers_injured, 0.0 drivers_killed, 0.0 passengers_injured, 0.0 passengers_killed, 0.0 pedestrian_injured, 0.0 pedestrian_killed, Fair (Night), EDSA Timog Ave. (GMA-7) Quezon City",MMDA Road Safety Unit,,08e2dde9-12b4-4ae5-8d05-f604134e4814,2016-09-15,12:00:00,EDSA Aurora Blvd. Quezon City,0,0,0,0,0,0,0,0,0,0,2016-09-15 20:00,Property,14.63293559,121.0446304,Rear-End
None,EDSA,None,None,"No Accident Factor, Side Swipe, 0.0 drivers_injured, 0.0 drivers_killed, 0.0 passengers_injured, 0.0 passengers_killed, 0.0 pedestrian_injured, 0.0 pedestrian_killed, Fair (Night), EDSA Panay Ave. Quezon City",MMDA Road Safety Unit,,cf6d5a84-a8dd-4426-b5ed-89435b51d48c,2016-09-15,12:00:00,"EDSA Kamias Road, Pinyahan Quezon City",0,0,0,0,0,0,0,0,0,0,2016-09-15 20:00,Property,14.64294686,121.0381076,Side Swipe
None,EDSA,None,None,"No Accident Factor, Hit and Run (No Collision Stated), 0.0 drivers_injured, 0.0 drivers_killed, 0.0 passengers_injured, 0.0 passengers_killed, 0.0 pedestrian_injured, 0.0 pedestrian_killed, Fair (Night), EDSA SM North, Pagasa Quezon City",MMDA Road Safety Unit,,52c96438-c35a-4e2e-83cd-5c3a787faa92,2016-09-15,11:15:00,"EDSA ""U"" turn slot, Bgy. Katipu Quezon City",0,0,0,0,0,0,0,0,0,0,2016-09-15 19:15,Property,14.65645143,121.0271077,No Collision Stated
None,EDSA,None,None,"No Accident Factor, Rear-end, 0.0 drivers_injured, 0.0 drivers_killed, 0.0 passengers_injured, 0.0 passengers_killed, 0.0 pedestrian_injured, 0.0 pedestrian_killed, Fair (Day), EDSA Cloverleaf Quezon City",MMDA Road Safety Unit,,9961d3c9-c258-4916-88f1-491bf52cf70c,2016-09-15,09:10:00,EDSA Aurora Blvd. Quezon City,0,0,0,0,0,0,0,0,0,0,2016-09-15 17:10,Property,14.65747901,121.0011914,Rear-End
None,EDSA,None,None,"No Accident Factor, Side Swipe, 0.0 drivers_injured, 0.0 drivers_killed, 0.0 passengers_injured, 0.0 passengers_killed, 0.0 pedestrian_injured, 0.0 pedestrian_killed, Fair (Day), EDSA Timog Ave. Quezon City",MMDA Road Safety Unit,,6a435138-9cbb-4754-bff5-7c3d1c6ec2a5,2016-09-15,09:00:00,"EDSA East Ave., Pinyahan Quezon City",0,0,0,0,0,0,0,0,0,0,2016-09-15 17:00,Property,14.63293559,121.0446304,Side Swipe
None,EDSA,None,None,"No Accident Factor, Side Swipe, 0.0 drivers_injured, 0.0 drivers_killed, 0.0 passengers_injured, 0.0 passengers_killed, 0.0 pedestrian_injured, 0.0 pedestrian_killed, Fair (Day), EDSA National Printing Office, Pinyahan  Quezon City",MMDA Road Safety Unit,,0bf1272d-0aa7-496f-9947-1c5186c5837a,2016-09-15,08:10:00,"EDSA East Ave., Pinyahan Quezon City",0,0,0,0,0,0,0,0,0,0,2016-09-15 16:10,Property,14.63891902,121.0410657,Side Swipe
None,EDSA,None,None,"No Accident Factor, Side Swipe, 0.0 drivers_injured, 0.0 drivers_killed, 0.0 passengers_injured, 0.0 passengers_killed, 0.0 pedestrian_injured, 0.0 pedestrian_killed, Fair (Day), EDSA Aurora Blvd. Quezon City",MMDA Road Safety Unit,,d2f32cf0-efee-4f0c-a62e-d2e867ee1847,2016-09-15,06:10:00,"EDSA Aurora Blvd., E. Rod. Quezon City",0,0,0,0,0,0,0,0,0,0,2016-09-15 14:10,Property,14.62163653,121.0501573,Side Swipe
None,EDSA,None,None,"No Accident Factor, Side Swipe, 0.0 drivers_injured, 0.0 drivers_killed, 0.0 passengers_injured, 0.0 passengers_killed, 0.0 pedestrian_injured, 0.0 pedestrian_killed, Fair (Day), EDSA Aurora Blvd. Quezon City",MMDA Road Safety Unit,,7ea12e87-62d2-4948-9ba1-9502095c10bf,2016-09-15,05:30:00,"EDSA Congressional Ave., Ramon Magsaysay Quezon City",0,0,0,0,0,0,0,0,0,0,2016-09-15 13:30,Property,14.62163653,121.0501573,Side Swipe
None,EDSA,None,None,"No Accident Factor, No Collision Stated (based on Police Blotter Book), 0.0 drivers_injured, 0.0 drivers_killed, 0.0 passengers_injured, 0.0 passengers_killed, 0.0 pedestrian_injured, 0.0 pedestrian_killed, Fair (Day), EDSA Roosevelt Avenue, Katipu Quezon City",MMDA Road Safety Unit,,b1d2267e-bbde-49a7-b313-a15baea83c35,2016-09-15,03:20:00,"EDSA SM Mall North, Pag-Asa Quezon City",0,0,0,0,0,0,0,0,0,0,2016-09-15 11:20,Property,14.65762047,121.0196373,No Collision Stated
None,EDSA,None,None,"No Accident Factor, Rear-end, 0.0 drivers_injured, 0.0 drivers_killed, 0.0 passengers_injured, 0.0 passengers_killed, 0.0 pedestrian_injured, 0.0 pedestrian_killed, Fair (Day), EDSA Aurora Blvd. Quezon City",MMDA Road Safety Unit,,7a62ac1f-404b-4b12-9517-1d8c36755625,2016-09-15,00:45:00,EDSA Camp Aguinaldo Gate 2 Quezon City,0,0,0,0,0,0,0,0,0,0,2016-09-15 8:45,Property,14.62163653,121.0501573,Rear-End
None,EDSA,None,None,"No Accident Factor, Rear-end, 0.0 drivers_injured, 0.0 drivers_killed, 0.0 passengers_injured, 0.0 passengers_killed, 0.0 pedestrian_injured, 0.0 pedestrian_killed, Fair (Day), EDSA Corregidor Street, ramon Magsaysay Quezon City",MMDA Road Safety Unit,,90930595-5c03-4b69-98c7-93cfc2336a36,2016-09-14,08:00:00,"EDSA Main Ave., Socorro Quezon City",0,0,0,0,0,0,0,0,0,0,2016-09-14 16:00,Property,14.65707679,121.0241648,Rear-End
None,EDSA,None,None,"No Accident Factor, Hit and Run (No Collision Stated), 0.0 drivers_injured, 0.0 drivers_killed, 0.0 passengers_injured, 0.0 passengers_killed, 0.0 pedestrian_injured, 0.0 pedestrian_killed, Fair (Day), EDSA West Ave. Quezon City",MMDA Road Safety Unit,,89ab593c-bbe5-460a-9890-0a08e5682e41,2016-09-14,05:45:00,EDSA Five Star Terminal Quezon City,0,0,0,0,0,0,0,0,0,0,2016-09-14 13:45,Property,14.65548924,121.0298079,No Collision Stated
None,EDSA,None,None,"No Accident Factor, Angle Impact, 0.0 drivers_injured, 0.0 drivers_killed, 0.0 passengers_injured, 0.0 passengers_killed, 0.0 pedestrian_injured, 0.0 pedestrian_killed, Fair (Day), EDSA Baliwag Bus Terminal-Cubao, E. Rodriguez Quezon City",MMDA Road Safety Unit,,43144f87-d0e7-488a-963f-91de6b390e39,2016-09-14,05:45:00,EDSA Ramon Magsaysay  Quezon City,0,0,0,0,0,0,0,0,0,0,2016-09-14 13:45,Property,14.6244766,121.0489584,Angle Impact
None,EDSA,None,None,"No Accident Factor, No Collision Stated (based on Police Blotter Book), 0.0 drivers_injured, 0.0 drivers_killed, 0.0 passengers_injured, 0.0 passengers_killed, 0.0 pedestrian_injured, 0.0 pedestrian_killed, Fair (Day), EDSA Puregold Quezon City",MMDA Road Safety Unit,,b55a2ac2-81d4-4826-a250-73406af4e357,2016-09-14,01:30:00,EDSA Cloverleaf Quezon City,0,0,0,0,0,0,0,0,0,0,2016-09-14 9:30,Property,14.65739538,121.0046638,No Collision Stated
None,EDSA,None,None,"No Accident Factor, No Collision Stated (based on Police Blotter Book), 1.0 drivers_injured, 0.0 drivers_killed, 0.0 passengers_injured, 0.0 passengers_killed, 0.0 pedestrian_injured, 0.0 pedestrian_killed, Fair (Day), EDSA Mindanao Avenue Avenue Ext., Pagasa Quezon City",MMDA Road Safety Unit,,9eb215a7-e2bc-4def-b66e-2b937ce51dcc,2016-09-13,23:20:00,EDSA Cloverleaf Drive Quezon City,0,0,0,1,0,0,0,0,0,1,2016-09-14 7:20,Injury,14.65052386,121.0335656,No Collision Stated
None,EDSA,None,None,"No Accident Factor, No Collision Stated (based on Police Blotter Book), 0.0 drivers_injured, 0.0 drivers_killed, 0.0 passengers_injured, 0.0 passengers_killed, 0.0 pedestrian_injured, 0.0 pedestrian_killed, Fair (Night), EDSA West Avenue, Bungad Quezon City",MMDA Road Safety Unit,,7cc400a7-57ec-4231-b8be-4b88c79ea8dc,2016-09-13,21:30:00,EDSA North Road Quezon City,0,0,0,0,0,0,0,0,0,0,2016-09-14 5:30,Property,14.65548924,121.0298079,No Collision Stated
None,EDSA,None,None,"No Accident Factor, Rear-end, 0.0 drivers_injured, 0.0 drivers_killed, 0.0 passengers_injured, 0.0 passengers_killed, 0.0 pedestrian_injured, 0.0 pedestrian_killed, Fair (Night), EDSA Roosevelt Ave. Quezon City",MMDA Road Safety Unit,,dfd4b01d-a611-435c-9710-220b14ec16e7,2016-09-13,19:35:00,EDSA P. Tuazon Blvd. Quezon City,0,0,0,0,0,0,0,0,0,0,2016-09-14 3:35,Property,14.65762047,121.0196373,Rear-End
None,EDSA,None,None,"No Accident Factor, No Collision Stated (based on Police Blotter Book), 0.0 drivers_injured, 0.0 drivers_killed, 0.0 passengers_injured, 0.0 passengers_killed, 0.0 pedestrian_injured, 0.0 pedestrian_killed, Fair (Night), EDSA SM North, Pagasa Quezon City",MMDA Road Safety Unit,,d3afe689-1134-4055-969e-8f7e3e808b37,2016-09-13,14:45:00,EDSA P. Tuazon Blvd. Quezon City,0,0,0,0,0,0,0,0,0,0,2016-09-13 22:45,Property,14.65645143,121.0271077,No Collision Stated
None,EDSA,None,None,"No Accident Factor, No Collision Stated (based on Police Blotter Book), 0.0 drivers_injured, 0.0 drivers_killed, 0.0 passengers_injured, 0.0 passengers_killed, 0.0 pedestrian_injured, 0.0 pedestrian_killed, Fair (Night), EDSA Bus Bay, Pagasa Quezon City",MMDA Road Safety Unit,,70d7138f-e0d8-46a5-ba57-373115c228a8,2016-09-13,12:30:00,EDSA Waltermart Quezon City,0,0,0,0,0,0,0,0,0,0,2016-09-13 20:30,Property,14.65632308,121.0274796,No Collision Stated
None,EDSA,None,None,"No Accident Factor, Side Swipe, 0.0 drivers_injured, 0.0 drivers_killed, 0.0 passengers_injured, 0.0 passengers_killed, 0.0 pedestrian_injured, 0.0 pedestrian_killed, Fair (Night), EDSA South Road Quezon City",MMDA Road Safety Unit,,1819c5ab-29e6-4c73-9a64-44dcb6d08521,2016-09-13,12:15:00,EDSA Mo. Ignacia St. Quezon City,0,0,0,0,0,0,0,0,0,0,2016-09-13 20:15,Property,14.61321318,121.053905,Side Swipe
None,EDSA,None,None,"No Accident Factor, Rear-end, 0.0 drivers_injured, 0.0 drivers_killed, 0.0 passengers_injured, 0.0 passengers_killed, 0.0 pedestrian_injured, 0.0 pedestrian_killed, Fair (Night), EDSA Kamuning QCPD Station 10 Quezon City",MMDA Road Safety Unit,,4faa8d8c-fd9c-4105-a315-770899d47de8,2016-09-13,11:30:00,EDSA Kamuning Road Quezon City,0,0,0,0,0,0,0,0,0,0,2016-09-13 19:30,Property,14.62986347,121.0460942,Rear-End
None,EDSA,None,None,"No Accident Factor, Rear-end, 0.0 drivers_injured, 0.0 drivers_killed, 0.0 passengers_injured, 0.0 passengers_killed, 0.0 pedestrian_injured, 0.0 pedestrian_killed, Fair (Night), EDSA Roosevelt Ave. Quezon City",MMDA Road Safety Unit,,e547676a-3a3e-4672-893f-d2a5addae12c,2016-09-13,11:30:00,EDSA Cloverleaf Quezon City,0,0,0,0,0,0,0,0,0,0,2016-09-13 19:30,Property,14.65762047,121.0196373,Rear-End
None,EDSA,None,None,"No Accident Factor, Hit and Run (No Collision Stated), 0.0 drivers_injured, 0.0 drivers_killed, 0.0 passengers_injured, 0.0 passengers_killed, 0.0 pedestrian_injured, 0.0 pedestrian_killed, Fair (Day), EDSA Five Star Bus Terminal-Cubao, E. Rodriguez Quezon City",MMDA Road Safety Unit,,2632bc00-691c-47da-8d3d-fcb67ac8e4e3,2016-09-13,09:20:00,EDSA Timog Ave. Quezon City,0,0,0,0,0,0,0,0,0,0,2016-09-13 17:20,Property,14.62375691,121.0492447,No Collision Stated
None,EDSA,None,None,"No Accident Factor, No Collision Stated (based on Police Blotter Book), 0.0 drivers_injured, 0.0 drivers_killed, 0.0 passengers_injured, 0.0 passengers_killed, 0.0 pedestrian_injured, 0.0 pedestrian_killed, Fair (Day), EDSA SM North Bus Bay, Sto. Cristo Quezon City",MMDA Road Safety Unit,,55e6a3b5-cb56-4a0d-bb91-980f159cf8c0,2016-09-13,05:30:00,"EDSA P. Tuazon Blvd., Socorro Quezon City",0,0,0,0,0,0,0,0,0,0,2016-09-13 13:30,Property,14.65645143,121.0271077,No Collision Stated
None,EDSA,None,None,"No Accident Factor, No Collision Stated (based on Police Blotter Book), 0.0 drivers_injured, 0.0 drivers_killed, 0.0 passengers_injured, 0.0 passengers_killed, 0.0 pedestrian_injured, 0.0 pedestrian_killed, Fair (Day), EDSA Ortigas Ave.  Quezon City",MMDA Road Safety Unit,,99a888e1-6132-4323-9fb1-f5720c7cfbb0,2016-09-13,05:30:00,EDSA Monte de Piedad St. Quezon City,0,0,0,0,0,0,0,0,0,0,2016-09-13 13:30,Property,14.59275486,121.0584221,No Collision Stated
None,EDSA,None,None,"No Accident Factor, No Collision Stated (based on Police Blotter Book), 0.0 drivers_injured, 0.0 drivers_killed, 0.0 passengers_injured, 0.0 passengers_killed, 0.0 pedestrian_injured, 0.0 pedestrian_killed, Fair (Day), EDSA New York St., E. Rodriguez Quezon City",MMDA Road Safety Unit,,d37aadbf-f0c8-4ae0-88f7-3dac749beb42,2016-09-13,02:45:00,"EDSA P. Tuazon Blvd., Socorro Cubao Quezon City",0,0,0,0,0,0,0,0,0,0,2016-09-13 10:45,Property,14.62568514,121.0482307,No Collision Stated
None,EDSA,None,None,"No Accident Factor, No Collision Stated (based on Police Blotter Book), 0.0 drivers_injured, 0.0 drivers_killed, 0.0 passengers_injured, 0.0 passengers_killed, 0.0 pedestrian_injured, 0.0 pedestrian_killed, Fair (Night), EDSA Whiteplains Ave., Ugong Norte Quezon City",MMDA Road Safety Unit,,10f94c6b-b646-4df1-b12c-7822d27aac63,2016-09-12,13:30:00,EDSA Aurora Blvd. Quezon City,0,0,0,0,0,0,0,0,0,0,2016-09-12 21:30,Property,14.59961782,121.0596522,No Collision Stated
None,EDSA,None,None,"No Accident Factor, Rear-end, 0.0 drivers_injured, 0.0 drivers_killed, 0.0 passengers_injured, 0.0 passengers_killed, 0.0 pedestrian_injured, 0.0 pedestrian_killed, Fair (Night), EDSA Shell Gas Station, A. Samson Quezon City",MMDA Road Safety Unit,,9b35ca1d-e692-4842-92af-ca9cc8057040,2016-09-12,12:30:00,"EDSA Ortigas Ave., Robinsons Exit, Ugong Norte Quezon City",0,0,0,0,0,0,0,0,0,0,2016-09-12 20:30,Property,14.65761329,121.0076049,Rear-End
None,EDSA,None,None,"No Accident Factor, Side Swipe, 0.0 drivers_injured, 0.0 drivers_killed, 0.0 passengers_injured, 0.0 passengers_killed, 0.0 pedestrian_injured, 0.0 pedestrian_killed, Fair (Night), EDSA Balintawak Market Quezon City",MMDA Road Safety Unit,,2d8afa7f-1bda-4d3d-bc6e-ddca67a93714,2016-09-12,11:00:00,"EDSA EDSA Shrine, Robinsons Galleria Exit, Ortigas Ave., Ugong Norte Quezon City",0,0,0,0,0,0,0,0,0,0,2016-09-12 19:00,Property,14.65740947,121.0025737,Side Swipe
None,EDSA,None,None,"No Accident Factor, Side Swipe, 0.0 drivers_injured, 0.0 drivers_killed, 0.0 passengers_injured, 0.0 passengers_killed, 0.0 pedestrian_injured, 0.0 pedestrian_killed, Fair (Day), EDSA Cloverleaf Quezon City",MMDA Road Safety Unit,,661f9eb8-5d81-42f0-b14e-3e530113e417,2016-09-12,09:05:00,EDSA Cloverleaf Drive Quezon City,0,0,0,0,0,0,0,0,0,0,2016-09-12 17:05,Property,14.65747901,121.0011914,Side Swipe
None,EDSA,None,None,"No Accident Factor, Rear-end, 0.0 drivers_injured, 0.0 drivers_killed, 0.0 passengers_injured, 0.0 passengers_killed, 0.0 pedestrian_injured, 0.0 pedestrian_killed, Fair (Day), EDSA Quezon Ave. Quezon City",MMDA Road Safety Unit,,11636ef6-8cd0-485c-bca3-7beb414b04f6,2016-09-12,09:00:00,EDSA Balintawak Market Quezon City,0,0,0,0,0,0,0,0,0,0,2016-09-12 17:00,Property,14.6442444,121.0375839,Rear-End
None,EDSA,None,None,"No Accident Factor, Side Swipe, 1.0 drivers_injured, 0.0 drivers_killed, 0.0 passengers_injured, 0.0 passengers_killed, 0.0 pedestrian_injured, 0.0 pedestrian_killed, Fair (Day), EDSA Oliveros, A. Samson Quezon City",MMDA Road Safety Unit,,c5ef26e3-70b5-4bac-bf64-19d2b6447339,2016-09-12,07:45:00,EDSA Balintawak Market Quezon City,0,0,0,1,0,0,0,0,0,1,2016-09-12 15:45,Injury,14.65762799,121.0065288,Side Swipe
None,EDSA,None,None,"No Accident Factor, Side Swipe, 0.0 drivers_injured, 0.0 drivers_killed, 0.0 passengers_injured, 0.0 passengers_killed, 0.0 pedestrian_injured, 0.0 pedestrian_killed, Fair (Day), EDSA Waltermart Quezon City",MMDA Road Safety Unit,,396665b5-f48f-444d-9cd1-f01db316d815,2016-09-12,07:30:00,EDSA Aurora Blvd. Quezon City,0,0,0,0,0,0,0,0,0,0,2016-09-12 15:30,Property,14.6574558,121.0213579,Side Swipe
None,EDSA,None,None,"No Accident Factor, Rear-end, 0.0 drivers_injured, 0.0 drivers_killed, 0.0 passengers_injured, 0.0 passengers_killed, 0.0 pedestrian_injured, 0.0 pedestrian_killed, Fair (Day), EDSA Baliwag Bus Terminal-Cubao, E. Garcia St. Quezon City",MMDA Road Safety Unit,,46bb310b-f9e7-4963-ae60-3e72a0501940,2016-09-12,06:55:00,EDSA Santolan MRT Station Quezon City,0,0,0,0,0,0,0,0,0,0,2016-09-12 14:55,Property,14.6244766,121.0489584,Rear-End
None,EDSA,None,None,"No Accident Factor, No Collision Stated (based on Police Blotter Book), 0.0 drivers_injured, 0.0 drivers_killed, 1.0 passengers_injured, 0.0 passengers_killed, 0.0 pedestrian_injured, 0.0 pedestrian_killed, Fair (Day), EDSA Monte de Piedad St. (Raymond Terminal) Quezon City",MMDA Road Safety Unit,,5bde7c05-746a-411c-b659-0e1240ccbaa0,2016-09-12,06:45:00,"EDSA Main Ave., Socorro Quezon City",0,0,0,0,1,0,0,0,0,1,2016-09-12 14:45,Injury,14.62346937,121.0491711,No Collision Stated
None,EDSA,None,None,"No Accident Factor, Rear-end, 0.0 drivers_injured, 0.0 drivers_killed, 0.0 passengers_injured, 0.0 passengers_killed, 0.0 pedestrian_injured, 0.0 pedestrian_killed, Fair (Day), EDSA Aurora Blvd. Quezon City",MMDA Road Safety Unit,,1c1b4811-07cf-48ad-b395-910267081a68,2016-09-11,23:00:00,"EDSA Robinsons Galleria Exit, Ugong Norte Quezon City",0,0,0,0,0,0,0,0,0,0,2016-09-12 7:00,Property,14.62163653,121.0501573,Rear-End
None,EDSA,None,None,"No Accident Factor, Side Swipe, 0.0 drivers_injured, 0.0 drivers_killed, 0.0 passengers_injured, 0.0 passengers_killed, 0.0 pedestrian_injured, 0.0 pedestrian_killed, Fair (Night), EDSA Roosevelt Ave. Quezon City",MMDA Road Safety Unit,,93d9d7da-802d-463b-b2b9-ede466b4c50e,2016-09-11,20:30:00,"EDSA Shell Gas Station, Main Ave., Socorro Quezon City",0,0,0,0,0,0,0,0,0,0,2016-09-12 4:30,Property,14.65762047,121.0196373,Side Swipe
None,EDSA,None,None,"No Accident Factor, No Collision Stated (based on Police Blotter Book), 0.0 drivers_injured, 0.0 drivers_killed, 0.0 passengers_injured, 0.0 passengers_killed, 0.0 pedestrian_injured, 0.0 pedestrian_killed, Fair (Day), EDSA Congressional Avenue, Ramon Magsaysay Quezon City",MMDA Road Safety Unit,,ebee5976-2549-4dd7-a809-7332ff9b3ab1,2016-09-11,06:25:00,"EDSA Cebuana Lhuillier Pawnshop, E. Rod. Quezon City",0,0,0,0,0,0,0,0,0,0,2016-09-11 14:25,Property,14.6571804,120.9927185,No Collision Stated
None,EDSA,None,None,"No Accident Factor, No Collision Stated (based on Police Blotter Book), 0.0 drivers_injured, 0.0 drivers_killed, 0.0 passengers_injured, 0.0 passengers_killed, 0.0 pedestrian_injured, 0.0 pedestrian_killed, Fair (Day), EDSA SM North Bus Bay, Sto. Cristo Quezon City",MMDA Road Safety Unit,,3954c8e8-7aac-43d2-bb4d-fd805be266cd,2016-09-11,02:10:00,"EDSA East Ave., Pinyahan Quezon City",0,0,0,0,0,0,0,0,0,0,2016-09-11 10:10,Property,14.65645143,121.0271077,No Collision Stated
None,EDSA,None,None,"No Accident Factor, Rear-end, 0.0 drivers_injured, 0.0 drivers_killed, 0.0 passengers_injured, 0.0 passengers_killed, 0.0 pedestrian_injured, 0.0 pedestrian_killed, Fair (Night), EDSA P. Tuazon St. Quezon City",MMDA Road Safety Unit,,a04b2c20-be86-490f-a5f1-286771c3f2f0,2016-09-10,18:15:00,EDSA Kamuning Road Quezon City,0,0,0,0,0,0,0,0,0,0,2016-09-11 2:15,Property,14.61656342,121.0525225,Rear-End
None,EDSA,None,None,"No Accident Factor, Side Swipe, 0.0 drivers_injured, 0.0 drivers_killed, 0.0 passengers_injured, 0.0 passengers_killed, 0.0 pedestrian_injured, 0.0 pedestrian_killed, Fair (Night), EDSA Aurora Blvd.  Quezon City",MMDA Road Safety Unit,,bdedde22-4904-46a6-9bda-ccb637af366e,2016-09-10,15:00:00,EDSA Cloverleaf Quezon City,0,0,0,0,0,0,0,0,0,0,2016-09-10 23:00,Property,14.6217569,121.0502544,Side Swipe
None,EDSA,None,None,"No Accident Factor, Rear-end, 0.0 drivers_injured, 0.0 drivers_killed, 0.0 passengers_injured, 0.0 passengers_killed, 0.0 pedestrian_injured, 0.0 pedestrian_killed, Fair (Night), EDSA Cloverleaf Quezon City",MMDA Road Safety Unit,,ead2fdd9-fd6e-4da6-aeb1-d6c84e5dd27d,2016-09-10,14:15:00,EDSA Monte de Piedad St. Quezon City,0,0,0,0,0,0,0,0,0,0,2016-09-10 22:15,Property,14.65747901,121.0011914,Rear-End
None,EDSA,None,None,"No Accident Factor, No Collision Stated (based on Police Blotter Book), 0.0 drivers_injured, 0.0 drivers_killed, 0.0 passengers_injured, 0.0 passengers_killed, 0.0 pedestrian_injured, 0.0 pedestrian_killed, Fair (Night), EDSA Trinoma, Pagasa Quezon City",MMDA Road Safety Unit,,65e51815-ef40-42db-8ca1-eb49def1b6f8,2016-09-10,12:50:00,"EDSA B. Serrano Ave., Socorro Quezon City",0,0,0,0,0,0,0,0,0,0,2016-09-10 20:50,Property,14.65242607,121.0323133,No Collision Stated
None,EDSA,None,None,"No Accident Factor, Side Swipe, 0.0 drivers_injured, 0.0 drivers_killed, 0.0 passengers_injured, 0.0 passengers_killed, 0.0 pedestrian_injured, 0.0 pedestrian_killed, Fair (Night), EDSA Aurora Blvd. Quezon City",MMDA Road Safety Unit,,4e6ce747-b242-465a-8562-583d2ef04e90,2016-09-10,12:00:00,"EDSA Ortigas Ave., Ugong Norte Quezon City",0,0,0,0,0,0,0,0,0,0,2016-09-10 20:00,Property,14.62163653,121.0501573,Side Swipe
None,EDSA,None,None,"No Accident Factor, Side Swipe, 0.0 drivers_injured, 0.0 drivers_killed, 0.0 passengers_injured, 0.0 passengers_killed, 0.0 pedestrian_injured, 0.0 pedestrian_killed, Fair (Night), EDSA Waltermart Quezon City",MMDA Road Safety Unit,,a307b494-5f8e-4f30-b6d6-7d9750502dfd,2016-09-10,11:00:00,"EDSA People Power Monument, Aguinaldo Quezon City",0,0,0,0,0,0,0,0,0,0,2016-09-10 19:00,Property,14.6574558,121.0213579,Side Swipe
None,EDSA,None,None,"No Accident Factor, Rear-end, 0.0 drivers_injured, 0.0 drivers_killed, 0.0 passengers_injured, 0.0 passengers_killed, 0.0 pedestrian_injured, 0.0 pedestrian_killed, Fair (Day), EDSA Timog Ave. Quezon City",MMDA Road Safety Unit,,90ba0b7a-715b-4393-9eb8-fd27593f4201,2016-09-10,08:00:00,EDSA Cloverleaf Quezon City,0,0,0,0,0,0,0,0,0,0,2016-09-10 16:00,Property,14.63293559,121.0446304,Rear-End
None,EDSA,None,None,"No Accident Factor, Side Swipe, 0.0 drivers_injured, 0.0 drivers_killed, 0.0 passengers_injured, 0.0 passengers_killed, 0.0 pedestrian_injured, 0.0 pedestrian_killed, Fair (Day), EDSA Aurora Blvd. Quezon City",MMDA Road Safety Unit,,050d4ee8-9841-4ecf-a14f-1c77fefea278,2016-09-10,05:30:00,"EDSA White Plains Ave., Ugong Norte Quezon City",0,0,0,0,0,0,0,0,0,0,2016-09-10 13:30,Property,14.62163653,121.0501573,Side Swipe
None,EDSA,None,None,"No Accident Factor, Side Swipe, 0.0 drivers_injured, 0.0 drivers_killed, 0.0 passengers_injured, 0.0 passengers_killed, 0.0 pedestrian_injured, 0.0 pedestrian_killed, Fair (Day), EDSA Whiteplains Ave.  Quezon City",MMDA Road Safety Unit,,95d26c13-0d31-4d59-85a3-7654b2d3ca16,2016-09-10,05:30:00,EDSA Arayat St. Quezon City,0,0,0,0,0,0,0,0,0,0,2016-09-10 13:30,Property,14.59961782,121.0596522,Side Swipe