LOCATION_TEXT,ROAD,WEATHER,LIGHT,DESC,REPORTING_AGENCY,MAIN_CAUSE,INCIDENTDETAILS_ID,DATE_UTC,TIME_UTC,ADDRESS,killed_driver,killed_passenger,killed_pedestrian,injured_driver,injured_passenger,injured_pedestrian,killed_uncategorized,injured_uncategorized,killed_total,injured_total,DATETIME_PST,SEVERITY,Y,X,COLLISION_TYPE
None,EDSA,None,None,"No Accident Factor, Side Swipe, 0.0 drivers_injured, 0.0 drivers_killed, 0.0 passengers_injured, 0.0 passengers_killed, 0.0 pedestrian_injured, 0.0 pedestrian_killed, Fair (Day), EDSA West Ave., Bungad Quezon City",MMDA Road Safety Unit,,9cc970d3-aa90-4c5b-afb8-21bf20b338d5,2016-09-10,04:30:00,"EDSA Baliwag Bus Terminal, Cubao Quezon City",0,0,0,0,0,0,0,0,0,0,2016-09-10 12:30,Property,14.65548924,121.0298079,Side Swipe
None,EDSA,None,None,"No Accident Factor, No Collision Stated (based on Police Blotter Book), 0.0 drivers_injured, 0.0 drivers_killed, 0.0 passengers_injured, 0.0 passengers_killed, 0.0 pedestrian_injured, 0.0 pedestrian_killed, Fair (Day), EDSA East Ave., Pinyahan Quezon City",MMDA Road Safety Unit,,489fe799-5fbb-42b3-b95a-4cdc38f517e5,2016-09-10,01:45:00,"EDSA SM North Mall, Pag-Asa Quezon City",0,0,0,0,0,0,0,0,0,0,2016-09-10 9:45,Property,14.6328297,121.0451176,No Collision Stated
None,EDSA,None,None,"No Accident Factor, Rear-end, 0.0 drivers_injured, 0.0 drivers_killed, 0.0 passengers_injured, 0.0 passengers_killed, 0.0 pedestrian_injured, 0.0 pedestrian_killed, Fair (Day), EDSA Cloverleaf Quezon City",MMDA Road Safety Unit,,00430443-bd52-4159-be83-13eec837f2b5,2016-09-10,01:00:00,EDSA Kamuning Road Quezon City,0,0,0,0,0,0,0,0,0,0,2016-09-10 9:00,Property,14.65747901,121.0011914,Rear-End
None,EDSA,None,None,"No Accident Factor, Rear-end, 0.0 drivers_injured, 0.0 drivers_killed, 0.0 passengers_injured, 0.0 passengers_killed, 0.0 pedestrian_injured, 0.0 pedestrian_killed, Fair (Day), EDSA Nepa Q-Mart Quezon City",MMDA Road Safety Unit,,1462156c-74e4-4212-88b9-092d0bf0cce9,2016-09-09,23:30:00,EDSA Bulacan St. Quezon City,0,0,0,0,0,0,0,0,0,0,2016-09-10 7:30,Property,14.62805361,121.0472521,Rear-End
None,EDSA,None,None,"No Accident Factor, No Collision Stated (based on Police Blotter Book), 0.0 drivers_injured, 0.0 drivers_killed, 0.0 passengers_injured, 0.0 passengers_killed, 0.0 pedestrian_injured, 0.0 pedestrian_killed, Fair (Night), EDSA Nueva Ecija St. Ext., Sangandaan Quezon City",MMDA Road Safety Unit,,5443bb85-9631-41f1-9533-c1f1cdc25e4f,2016-09-09,20:15:00,EDSA Timog Ave. Quezon City,0,0,0,0,0,0,0,0,0,0,2016-09-10 4:15,Property,14.65665894,121.026062,No Collision Stated
None,EDSA,None,None,"No Accident Factor, Side Swipe, 0.0 drivers_injured, 0.0 drivers_killed, 0.0 passengers_injured, 0.0 passengers_killed, 0.0 pedestrian_injured, 0.0 pedestrian_killed, Fair (Night), EDSA Aurora Blvd. Quezon City",MMDA Road Safety Unit,,e5d4fdd4-3260-4234-b700-50410169a3e6,2016-09-09,15:20:00,"EDSA Santolan Road, Camp Aguinaldo Quezon City",0,0,0,0,0,0,0,0,0,0,2016-09-09 23:20,Property,14.62163653,121.0501573,Side Swipe
None,EDSA,None,None,"No Accident Factor, Rear-end, 0.0 drivers_injured, 0.0 drivers_killed, 0.0 passengers_injured, 0.0 passengers_killed, 0.0 pedestrian_injured, 0.0 pedestrian_killed, Fair (Night), EDSA Congressional Ave., Ramon Magsaysay Quezon City",MMDA Road Safety Unit,,e2275fc6-a4df-4947-a297-ee932a212909,2016-09-09,12:45:00,EDSA New York St. Quezon City,0,0,0,0,0,0,0,0,0,0,2016-09-09 20:45,Property,14.6571804,120.9927185,Rear-End
None,EDSA,None,None,"No Accident Factor, No Collision Stated (based on Police Blotter Book), 0.0 drivers_injured, 0.0 drivers_killed, 0.0 passengers_injured, 0.0 passengers_killed, 0.0 pedestrian_injured, 0.0 pedestrian_killed, Fair (Night), EDSA Misamis St., Sto. Cristo Quezon City",MMDA Road Safety Unit,,b85ecda9-02e3-4a75-914f-a4c93fab4fc1,2016-09-09,12:00:00,"EDSA Main Ave., Socorro Quezon City",0,0,0,0,0,0,0,0,0,0,2016-09-09 20:00,Property,14.65602348,121.0285212,No Collision Stated
None,EDSA,None,None,"No Accident Factor, No Collision Stated (based on Police Blotter Book), 0.0 drivers_injured, 0.0 drivers_killed, 0.0 passengers_injured, 0.0 passengers_killed, 0.0 pedestrian_injured, 0.0 pedestrian_killed, Fair (Night), EDSA Misamis St., Pag-asa Quezon City",MMDA Road Safety Unit,,e3bd552c-e40e-4458-8793-cedaf1275784,2016-09-09,11:30:00,EDSA Bulacan St. Quezon City,0,0,0,0,0,0,0,0,0,0,2016-09-09 19:30,Property,14.65602348,121.0285212,No Collision Stated
None,EDSA,None,None,"No Accident Factor, Hit and Run (Side Swipe), 1.0 drivers_injured, 0.0 drivers_killed, 0.0 passengers_injured, 0.0 passengers_killed, 0.0 pedestrian_injured, 0.0 pedestrian_killed, Fair (Day), EDSA Main Ave., Socorro Quezon City",MMDA Road Safety Unit,,2c42113a-5420-493f-adb3-5bc79cc14a02,2016-09-09,08:55:00,"EDSA New York St., E. Rod. Quezon City",0,0,0,1,0,0,0,0,0,1,2016-09-09 16:55,Injury,14.61376458,121.0537933,Side Swipe
None,EDSA,None,None,"No Accident Factor, Rear-end, 0.0 drivers_injured, 0.0 drivers_killed, 0.0 passengers_injured, 0.0 passengers_killed, 0.0 pedestrian_injured, 0.0 pedestrian_killed, Fair (Day), EDSA Balintawak Market Quezon City",MMDA Road Safety Unit,,695ba2d2-b778-4e62-8875-1328a7264c8e,2016-09-09,07:00:00,EDSA A. Samson Quezon City,0,0,0,0,0,0,0,0,0,0,2016-09-09 15:00,Property,14.65740947,121.0025737,Rear-End
None,EDSA,None,None,"No Accident Factor, Side Swipe, 0.0 drivers_injured, 0.0 drivers_killed, 0.0 passengers_injured, 0.0 passengers_killed, 0.0 pedestrian_injured, 0.0 pedestrian_killed, Fair (Day), EDSA Balintawak Market Quezon City",MMDA Road Safety Unit,,9482c6ce-16d6-4c6c-b0b9-9b8100713a2d,2016-09-09,06:30:00,"EDSA East Ave., Pinyahan Quezon City",0,0,0,0,0,0,0,0,0,0,2016-09-09 14:30,Property,14.65740947,121.0025737,Side Swipe
None,EDSA,None,None,"No Accident Factor, Rear-end, 0.0 drivers_injured, 0.0 drivers_killed, 0.0 passengers_injured, 0.0 passengers_killed, 0.0 pedestrian_injured, 0.0 pedestrian_killed, Fair (Day), EDSA Caltex, A. Samson Quezon City",MMDA Road Safety Unit,,0a738e6c-c51a-46dd-8f72-5917b2ea01d3,2016-09-09,05:20:00,EDSA Camp Aguinaldo Quezon City,0,0,0,0,0,0,0,0,0,0,2016-09-09 13:20,Property,14.65766786,121.0069963,Rear-End
None,EDSA,None,None,"No Accident Factor, Rear-end, 0.0 drivers_injured, 0.0 drivers_killed, 0.0 passengers_injured, 0.0 passengers_killed, 0.0 pedestrian_injured, 0.0 pedestrian_killed, Fair (Day), EDSA New York St. Quezon City",MMDA Road Safety Unit,,406ce7c5-e085-4a15-b3d6-7cd191ca5934,2016-09-09,02:30:00,EDSA Sct. Borromeo St. Quezon City,0,0,0,0,0,0,0,0,0,0,2016-09-09 10:30,Property,14.62568514,121.0482307,Rear-End
None,EDSA,None,None,"No Accident Factor, Side Swipe, 0.0 drivers_injured, 0.0 drivers_killed, 0.0 passengers_injured, 0.0 passengers_killed, 0.0 pedestrian_injured, 0.0 pedestrian_killed, Fair (Day), EDSA Solid North Terminal Quezon City",MMDA Road Safety Unit,,9c3c0b47-8cda-4eb0-9381-36708d9ddd17,2016-09-08,23:40:00,EDSA South Road Quezon City,0,0,0,0,0,0,0,0,0,0,2016-09-09 7:40,Property,14.62420023,121.0487914,Side Swipe
None,EDSA,None,None,"No Accident Factor, Side Swipe, 0.0 drivers_injured, 0.0 drivers_killed, 0.0 passengers_injured, 0.0 passengers_killed, 0.0 pedestrian_injured, 0.0 pedestrian_killed, Fair (Day), EDSA Kamuning Traffic Sector 4 Quezon City",MMDA Road Safety Unit,,2a86de4b-d553-4398-923e-7f2c7967e848,2016-09-08,23:30:00,"EDSA Ortigas Ave., Ugong Norte Quezon City",0,0,0,0,0,0,0,0,0,0,2016-09-09 7:30,Property,14.63079118,121.0458085,Side Swipe
None,EDSA,None,None,"No Accident Factor, Hit and Run (No Collision Stated), 0.0 drivers_injured, 0.0 drivers_killed, 0.0 passengers_injured, 0.0 passengers_killed, 0.0 pedestrian_injured, 0.0 pedestrian_killed, Fair (Night), EDSA West Ave. Quezon City",MMDA Road Safety Unit,,bd7c34c2-ee61-47b2-b033-29477721fafd,2016-09-08,13:00:00,EDSA Timog Ave. Quezon City,0,0,0,0,0,0,0,0,0,0,2016-09-08 21:00,Property,14.65548924,121.0298079,No Collision Stated
None,EDSA,None,None,"No Accident Factor, Side Swipe, 0.0 drivers_injured, 0.0 drivers_killed, 0.0 passengers_injured, 0.0 passengers_killed, 0.0 pedestrian_injured, 0.0 pedestrian_killed, Fair (Day), EDSA Cloverleaf Quezon City",MMDA Road Safety Unit,,7476b615-643b-46c6-989c-92ee17a69571,2016-09-08,08:00:00,"EDSA Santolan MRT Station, Camp Aguinaldo Quezon City",0,0,0,0,0,0,0,0,0,0,2016-09-08 16:00,Property,14.65747901,121.0011914,Side Swipe
None,EDSA,None,None,"No Accident Factor, Side Swipe, 0.0 drivers_injured, 0.0 drivers_killed, 0.0 passengers_injured, 0.0 passengers_killed, 0.0 pedestrian_injured, 0.0 pedestrian_killed, Fair (Day), EDSA West Ave. Quezon City",MMDA Road Safety Unit,,86eef0ec-1f53-4115-a64f-25f9165cd646,2016-09-08,08:00:00,EDSA Banahaw St. Quezon City,0,0,0,0,0,0,0,0,0,0,2016-09-08 16:00,Property,14.65548924,121.0298079,Side Swipe
None,EDSA,None,None,"No Accident Factor, Side Swipe, 0.0 drivers_injured, 0.0 drivers_killed, 0.0 passengers_injured, 0.0 passengers_killed, 0.0 pedestrian_injured, 0.0 pedestrian_killed, Fair (Day), EDSA Cloverleaf Quezon City",MMDA Road Safety Unit,,146b99f3-3a1f-4cfa-a433-ecd38974a5f8,2016-09-08,07:20:00,EDSA Santolan Road Quezon City,0,0,0,0,0,0,0,0,0,0,2016-09-08 15:20,Property,14.65747901,121.0011914,Side Swipe
None,EDSA,None,None,"No Accident Factor, No Collision Stated (based on Police Blotter Book), 0.0 drivers_injured, 0.0 drivers_killed, 0.0 passengers_injured, 0.0 passengers_killed, 0.0 pedestrian_injured, 0.0 pedestrian_killed, Fair (Day), EDSA Misamis St., Sto. Cristo Quezon City",MMDA Road Safety Unit,,bfd1dc6d-1983-4382-b992-53641e5394e1,2016-09-08,01:50:00,EDSA Cloverleaf Drive Quezon City,0,0,0,0,0,0,0,0,0,0,2016-09-08 9:50,Property,14.65602348,121.0285212,No Collision Stated
None,EDSA,None,None,"No Accident Factor, Rear-end, 1.0 drivers_injured, 0.0 drivers_killed, 0.0 passengers_injured, 0.0 passengers_killed, 0.0 pedestrian_injured, 0.0 pedestrian_killed, Fair (Day), EDSA Quezon Ave. Quezon City",MMDA Road Safety Unit,,fe9e51be-9943-4504-a818-ab5e10807da1,2016-09-08,01:30:00,EDSA Mo. Ignacia Ave. Quezon City,0,0,0,1,0,0,0,0,0,1,2016-09-08 9:30,Injury,14.6442444,121.0375839,Rear-End
None,EDSA,None,None,"No Accident Factor, Hit and Run (No Collision Stated), 0.0 drivers_injured, 0.0 drivers_killed, 0.0 passengers_injured, 0.0 passengers_killed, 0.0 pedestrian_injured, 0.0 pedestrian_killed, Fair (Day), EDSA Ortigas Ave. (Robinsons Galleria)  Quezon City",MMDA Road Safety Unit,,5597b3d4-1997-4439-8318-fad9aec3eda4,2016-09-07,22:15:00,"EDSA Kamias Road, West Kamias Quezon City",0,0,0,0,0,0,0,0,0,0,2016-09-08 6:15,Property,14.59275486,121.0584221,No Collision Stated
None,EDSA,None,None,"No Accident Factor, No Collision Stated (based on Police Blotter Book), 0.0 drivers_injured, 0.0 drivers_killed, 0.0 passengers_injured, 0.0 passengers_killed, 0.0 pedestrian_injured, 0.0 pedestrian_killed, Fair (Night), EDSA SM North, Pag asa Quezon City",MMDA Road Safety Unit,,f3baabbb-7282-4a0c-83e3-5b595e9cade2,2016-09-07,14:00:00,"EDSA Five Star Bus Terminal, Cubao E. Rod. Quezon City",0,0,0,0,0,0,0,0,0,0,2016-09-07 22:00,Property,14.65645143,121.0271077,No Collision Stated
None,EDSA,None,None,"No Accident Factor, Rear-end, 0.0 drivers_injured, 0.0 drivers_killed, 0.0 passengers_injured, 0.0 passengers_killed, 0.0 pedestrian_injured, 0.0 pedestrian_killed, Fair (Night), EDSA ""U"" turn slot, Dario Bridge Quezon City",MMDA Road Safety Unit,,7897a7ca-72a2-4031-aeb7-d15479bc71ce,2016-09-07,12:30:00,"EDSA SOGO Hotel, Philam Quezon City",0,0,0,0,0,0,0,0,0,0,2016-09-07 20:30,Property,14.65768675,121.0162465,Rear-End
None,EDSA,None,None,"No Accident Factor, Angle Impact, 0.0 drivers_injured, 0.0 drivers_killed, 0.0 passengers_injured, 0.0 passengers_killed, 0.0 pedestrian_injured, 0.0 pedestrian_killed, Fair (Night), EDSA Centris Mall Quezon City",MMDA Road Safety Unit,,2a2dc801-0704-4686-bd9d-de601cf901c5,2016-09-07,11:50:00,EDSA Kamuning Road Quezon City,0,0,0,0,0,0,0,0,0,0,2016-09-07 19:50,Property,14.64255755,121.038725,Angle Impact
None,EDSA,None,None,"No Accident Factor, No Collision Stated (based on Police Blotter Book), 0.0 drivers_injured, 0.0 drivers_killed, 0.0 passengers_injured, 0.0 passengers_killed, 0.0 pedestrian_injured, 0.0 pedestrian_killed, Fair (Night), EDSA Misamis St., Sto. Cristo Quezon City",MMDA Road Safety Unit,,368f72e1-753a-4480-b4cf-23b47e0b19e8,2016-09-07,11:35:00,EDSA Aurora Blvd. Quezon City,0,0,0,0,0,0,0,0,0,0,2016-09-07 19:35,Property,14.65602348,121.0285212,No Collision Stated
None,EDSA,None,None,"No Accident Factor, Rear-end, 0.0 drivers_injured, 0.0 drivers_killed, 0.0 passengers_injured, 0.0 passengers_killed, 0.0 pedestrian_injured, 0.0 pedestrian_killed, Fair (Night), EDSA MRT Station, Philam Quezon City",MMDA Road Safety Unit,,ad33175e-8324-463a-8221-65984099b3df,2016-09-07,10:30:00,"EDSA New York , Ermin Garcia Quezon City",0,0,0,0,0,0,0,0,0,0,2016-09-07 18:30,Property,14.65218268,121.032372,Rear-End
None,EDSA,None,None,"No Accident Factor, No Collision Stated (based on Police Blotter Book), 0.0 drivers_injured, 0.0 drivers_killed, 0.0 passengers_injured, 0.0 passengers_killed, 0.0 pedestrian_injured, 0.0 pedestrian_killed, Fair (Day), EDSA Camp Aguinaldo Quezon City",MMDA Road Safety Unit,,a692a0bc-0780-4129-bb81-fc3196b84c78,2016-09-07,09:50:00,"EDSA Shell Gas station, A. Samson Quezon City",0,0,0,0,0,0,0,0,0,0,2016-09-07 17:50,Property,14.60818699,121.0564562,No Collision Stated
None,EDSA,None,None,"No Accident Factor, Side Swipe, 0.0 drivers_injured, 0.0 drivers_killed, 0.0 passengers_injured, 0.0 passengers_killed, 0.0 pedestrian_injured, 0.0 pedestrian_killed, Fair (Day), EDSA Royal, A. Samson Quezon City",MMDA Road Safety Unit,,0d0b8a79-3cbc-40a4-b9ca-db338b8a798c,2016-09-07,09:50:00,EDSA East Ave. Quezon City,0,0,0,0,0,0,0,0,0,0,2016-09-07 17:50,Property,14.65767141,121.0107008,Side Swipe
None,EDSA,None,None,"No Accident Factor, No Collision Stated (based on Police Blotter Book), 1.0 drivers_injured, 0.0 drivers_killed, 0.0 passengers_injured, 0.0 passengers_killed, 0.0 pedestrian_injured, 0.0 pedestrian_killed, Fair (Day), EDSA NIA Road Quezon City",MMDA Road Safety Unit,,d2a719d7-c8a8-40cd-84ba-ffa7bd1a3f1f,2016-09-07,09:45:00,EDSA Bulacan St. Quezon City,0,0,0,1,0,0,0,0,0,1,2016-09-07 17:45,Injury,14.63727823,121.0421362,No Collision Stated
None,EDSA,None,None,"No Accident Factor, Side Swipe, 0.0 drivers_injured, 0.0 drivers_killed, 0.0 passengers_injured, 0.0 passengers_killed, 0.0 pedestrian_injured, 0.0 pedestrian_killed, Fair (Day), EDSA Col. Bonny Serrano Ave.  Quezon City",MMDA Road Safety Unit,,3d1d2e9a-d8aa-4bb3-9f45-1ac5cc0955f6,2016-09-07,09:20:00,EDSA Camp Aguinaldo Gate 5 Quezon City,0,0,0,0,0,0,0,0,0,0,2016-09-07 17:20,Property,14.61107337,121.0550705,Side Swipe
None,EDSA,None,None,"No Accident Factor, Side Swipe, 0.0 drivers_injured, 0.0 drivers_killed, 0.0 passengers_injured, 0.0 passengers_killed, 0.0 pedestrian_injured, 0.0 pedestrian_killed, Fair (Day), EDSA QCPD Station 10 Kamuning Quezon City",MMDA Road Safety Unit,,70f473f6-a363-4fbf-86da-375a8a57390e,2016-09-07,07:00:00,EDSA Santolan MRT Station Quezon City,0,0,0,0,0,0,0,0,0,0,2016-09-07 15:00,Property,14.62991873,121.0461256,Side Swipe
None,EDSA,None,None,"No Accident Factor, Rear-end, 0.0 drivers_injured, 0.0 drivers_killed, 0.0 passengers_injured, 0.0 passengers_killed, 0.0 pedestrian_injured, 0.0 pedestrian_killed, Fair (Day), EDSA Whiteplains Ave., Ugong Norte Quezon City",MMDA Road Safety Unit,,27bdc23b-eb77-47f5-9595-4c95a60d8910,2016-09-07,06:30:00,"EDSA Shell Gas Station, National Printing Office, Pinyahan Quezon City",0,0,0,0,0,0,0,0,0,0,2016-09-07 14:30,Property,14.59961782,121.0596522,Rear-End
None,EDSA,None,None,"No Accident Factor, No Collision Stated (based on Police Blotter Book), 0.0 drivers_injured, 0.0 drivers_killed, 0.0 passengers_injured, 0.0 passengers_killed, 0.0 pedestrian_injured, 0.0 pedestrian_killed, Fair (Day), EDSA Robinsons Galleria  Quezon City",MMDA Road Safety Unit,,34700635-f641-422c-b93c-2c08929d4110,2016-09-07,04:30:00,"EDSA White Plains Ave., Ugong Norte Quezon City",0,0,0,0,0,0,0,0,0,0,2016-09-07 12:30,Property,14.59206941,121.058228,No Collision Stated
None,EDSA,None,None,"No Accident Factor, Side Swipe, 0.0 drivers_injured, 0.0 drivers_killed, 0.0 passengers_injured, 0.0 passengers_killed, 0.0 pedestrian_injured, 0.0 pedestrian_killed, Fair (Day), EDSA West Ave. Quezon City",MMDA Road Safety Unit,,ae027dbb-850b-477b-976c-f3d7356f64f2,2016-09-07,01:30:00,EDSA Mayor Ignacio Diaz St. Quezon City,0,0,0,0,0,0,0,0,0,0,2016-09-07 9:30,Property,14.65548924,121.0298079,Side Swipe
None,EDSA,None,None,"No Accident Factor, Rear-end, 0.0 drivers_injured, 0.0 drivers_killed, 0.0 passengers_injured, 0.0 passengers_killed, 0.0 pedestrian_injured, 0.0 pedestrian_killed, Fair (Day), EDSA Col. Bonny Serrano Ave.  Quezon City",MMDA Road Safety Unit,,455b8a3e-1a6b-4c8d-9bf9-cf7cf87236fa,2016-09-06,22:20:00,"EDSA Congressional Ave., Ramon Magsaysay Quezon City",0,0,0,0,0,0,0,0,0,0,2016-09-07 6:20,Property,14.61107337,121.0550705,Rear-End
None,EDSA,None,None,"No Accident Factor, Side Swipe, 0.0 drivers_injured, 0.0 drivers_killed, 0.0 passengers_injured, 0.0 passengers_killed, 0.0 pedestrian_injured, 0.0 pedestrian_killed, Fair (Night), EDSA Aurora Blvd. Quezon City",MMDA Road Safety Unit,,d1a47ac7-6850-430a-8079-a5b94eda736f,2016-09-06,13:00:00,EDSA Mapagmahal St. Quezon City,0,0,0,0,0,0,0,0,0,0,2016-09-06 21:00,Property,14.62163653,121.0501573,Side Swipe
None,EDSA,None,None,"No Accident Factor, Rear-end, 0.0 drivers_injured, 0.0 drivers_killed, 0.0 passengers_injured, 0.0 passengers_killed, 0.0 pedestrian_injured, 0.0 pedestrian_killed, Fair (Night), EDSA National Printing Office Quezon City",MMDA Road Safety Unit,,34ca945e-7f1f-49dc-87ac-0408972ca5ee,2016-09-06,10:45:00,EDSA Ramon Magsaysay Quezon City,0,0,0,0,0,0,0,0,0,0,2016-09-06 18:45,Property,14.63891902,121.0410657,Rear-End
None,EDSA,None,None,"No Accident Factor, Rear-end, 0.0 drivers_injured, 0.0 drivers_killed, 0.0 passengers_injured, 0.0 passengers_killed, 0.0 pedestrian_injured, 0.0 pedestrian_killed, Fair (Day), EDSA Cloverleaf Quezon City",MMDA Road Safety Unit,,94ac6fc6-cef0-4b5c-a9c0-1342100b16c3,2016-09-06,08:05:00,EDSA Roosevelt Ave. Quezon City,0,0,0,0,0,0,0,0,0,0,2016-09-06 16:05,Property,14.65747901,121.0011914,Rear-End
None,EDSA,None,None,"No Accident Factor, Side Swipe, 0.0 drivers_injured, 0.0 drivers_killed, 0.0 passengers_injured, 0.0 passengers_killed, 0.0 pedestrian_injured, 0.0 pedestrian_killed, Fair (Day), EDSA E. Garcia St. Quezon City",MMDA Road Safety Unit,,daa7022e-7d31-4b9e-a253-a83ff9e74e5a,2016-09-06,04:30:00,EDSA Kamuning Road Quezon City,0,0,0,0,0,0,0,0,0,0,2016-09-06 12:30,Property,14.62742033,121.0475769,Side Swipe
None,EDSA,None,None,"No Accident Factor, Rear-end, 0.0 drivers_injured, 0.0 drivers_killed, 0.0 passengers_injured, 0.0 passengers_killed, 0.0 pedestrian_injured, 0.0 pedestrian_killed, Fair (Day), EDSA Camp Crame Gate 1 Quezon City",MMDA Road Safety Unit,,c9dd35b4-deed-4d02-985e-5c965bf8db2c,2016-09-06,02:40:00,EDSA Balintawak Market Quezon City,0,0,0,0,0,0,0,0,0,0,2016-09-06 10:40,Property,14.60923788,121.0557422,Rear-End
None,EDSA,None,None,"No Accident Factor, Side Swipe, 0.0 drivers_injured, 0.0 drivers_killed, 0.0 passengers_injured, 0.0 passengers_killed, 0.0 pedestrian_injured, 0.0 pedestrian_killed, Fair (Day), EDSA Five Star Bus Terminal, E. Rod. Quezon City",MMDA Road Safety Unit,,887895d3-b906-423b-b124-cb0291c74a52,2016-09-06,02:00:00,EDSA North Road Quezon City,0,0,0,0,0,0,0,0,0,0,2016-09-06 10:00,Property,14.62375691,121.0492447,Side Swipe
None,EDSA,None,None,"No Accident Factor, No Collision Stated (based on Police Blotter Book), 0.0 drivers_injured, 0.0 drivers_killed, 0.0 passengers_injured, 0.0 passengers_killed, 0.0 pedestrian_injured, 0.0 pedestrian_killed, Fair (Day), EDSA P. Bernardo St. Quezon City",MMDA Road Safety Unit,,53270083-d9be-47b6-8bf6-5d4e12c9244f,2016-09-06,01:45:00,"EDSA SOGO Hotel, Philam Quezon City",0,0,0,0,0,0,0,0,0,0,2016-09-06 9:45,Property,14.61660092,121.0524313,No Collision Stated
None,EDSA,None,None,"No Accident Factor, Hit and Run (No Collision Stated), 0.0 drivers_injured, 0.0 drivers_killed, 0.0 passengers_injured, 0.0 passengers_killed, 0.0 pedestrian_injured, 0.0 pedestrian_killed, Fair (Day), EDSA SM Annex, Ramon Magsaysay Quezon City",MMDA Road Safety Unit,,c032983f-27be-4c9e-a199-9794fd680d0f,2016-09-06,01:15:00,EDSA Misamis St. Quezon City,0,0,0,0,0,0,0,0,0,0,2016-09-06 9:15,Property,14.65628012,121.0272074,No Collision Stated
None,EDSA,None,None,"No Accident Factor, Rear-end, 0.0 drivers_injured, 0.0 drivers_killed, 0.0 passengers_injured, 0.0 passengers_killed, 0.0 pedestrian_injured, 0.0 pedestrian_killed, Fair (Day), EDSA Cloverleaf, Balingasa Quezon City",MMDA Road Safety Unit,,6d58b65d-0aa2-4477-81d1-b3599d226c34,2016-09-05,22:40:00,"EDSA Ortigas Ave., Ugong Norte Quezon City",0,0,0,0,0,0,0,0,0,0,2016-09-06 6:40,Property,14.65747901,121.0011914,Rear-End
None,EDSA,None,None,"No Accident Factor, Hit and Run (Side Swipe), 0.0 drivers_injured, 0.0 drivers_killed, 0.0 passengers_injured, 0.0 passengers_killed, 0.0 pedestrian_injured, 0.0 pedestrian_killed, Fair (Night), EDSA Misamis St. (SM North), Pag-asa Quezon City",MMDA Road Safety Unit,,35228666-af28-4ca4-b3f9-83c0a536f22a,2016-09-05,12:45:00,EDSA Monte de Piedad St. Quezon City,0,0,0,0,0,0,0,0,0,0,2016-09-05 20:45,Property,14.65602348,121.0285212,Side Swipe
None,EDSA,None,None,"No Accident Factor, No Collision Stated (based on Police Blotter Book), 0.0 drivers_injured, 0.0 drivers_killed, 0.0 passengers_injured, 0.0 passengers_killed, 0.0 pedestrian_injured, 0.0 pedestrian_killed, Fair (Night), EDSA SM North, Pag-Asa Quezon City",MMDA Road Safety Unit,,69bcdffb-ad13-44a9-9759-28a03eab0834,2016-09-05,12:45:00,EDSA Bansalangin St. Quezon City,0,0,0,0,0,0,0,0,0,0,2016-09-05 20:45,Property,14.65645143,121.0271077,No Collision Stated
None,EDSA,None,None,"No Accident Factor, Side Swipe, 0.0 drivers_injured, 0.0 drivers_killed, 0.0 passengers_injured, 0.0 passengers_killed, 0.0 pedestrian_injured, 0.0 pedestrian_killed, Fair (Day), EDSA Royal, A. Samson  Quezon City",MMDA Road Safety Unit,,7611eddb-06ee-4d5a-a7a0-0d7bfc8d0bf1,2016-09-05,08:30:00,EDSA Kamuning Road Quezon City,0,0,0,0,0,0,0,0,0,0,2016-09-05 16:30,Property,14.65767141,121.0107008,Side Swipe
None,EDSA,None,None,"No Accident Factor, Rear-end, 0.0 drivers_injured, 0.0 drivers_killed, 0.0 passengers_injured, 0.0 passengers_killed, 0.0 pedestrian_injured, 0.0 pedestrian_killed, Fair (Day), EDSA Monte de Piedad St.  Quezon City",MMDA Road Safety Unit,,949fc8fc-856a-4047-9b7a-a10b27a34abf,2016-09-05,08:00:00,EDSA Aurora Blvd. Quezon City,0,0,0,0,0,0,0,0,0,0,2016-09-05 16:00,Property,14.62346937,121.0491711,Rear-End
None,EDSA,None,None,"No Accident Factor, Side Swipe, 0.0 drivers_injured, 0.0 drivers_killed, 0.0 passengers_injured, 0.0 passengers_killed, 0.0 pedestrian_injured, 0.0 pedestrian_killed, Fair (Day), EDSA Roosevelt Ave. Quezon City",MMDA Road Safety Unit,,88ac8542-f5d8-493b-ba64-157b29548e75,2016-09-05,04:30:00,EDSA Ramon Magsaysay Quezon City,0,0,0,0,0,0,0,0,0,0,2016-09-05 12:30,Property,14.65762047,121.0196373,Side Swipe
None,EDSA,None,None,"No Accident Factor, Rear-end, 0.0 drivers_injured, 0.0 drivers_killed, 0.0 passengers_injured, 0.0 passengers_killed, 0.0 pedestrian_injured, 0.0 pedestrian_killed, Fair (Day), EDSA Philam Quezon City",MMDA Road Safety Unit,,9f9df7c3-f380-4ada-916a-7d321302e8f1,2016-09-05,01:10:00,"EDSA Main Ave., Monolit Bldg., Socorro Quezon City",0,0,0,0,0,0,0,0,0,0,2016-09-05 9:10,Property,14.65280875,121.0317622,Rear-End
None,EDSA,None,None,"No Accident Factor, No Collision Stated (based on Police Blotter Book), 0.0 drivers_injured, 0.0 drivers_killed, 0.0 passengers_injured, 0.0 passengers_killed, 0.0 pedestrian_injured, 0.0 pedestrian_killed, Fair (Day), EDSA SM Mall Annex, Pag-Asa Quezon City",MMDA Road Safety Unit,,8a077a94-8982-4fa1-b3e0-f8fefcc98c9e,2016-09-05,01:00:00,"EDSA Trinoma Mall, Pag-Asa Quezon City",0,0,0,0,0,0,0,0,0,0,2016-09-05 9:00,Property,14.65748566,121.0224094,No Collision Stated