LOCATION_TEXT,ROAD,WEATHER,LIGHT,DESC,REPORTING_AGENCY,MAIN_CAUSE,INCIDENTDETAILS_ID,DATE_UTC,TIME_UTC,ADDRESS,killed_driver,killed_passenger,killed_pedestrian,injured_driver,injured_passenger,injured_pedestrian,killed_uncategorized,injured_uncategorized,killed_total,injured_total,DATETIME_PST,SEVERITY,Y,X,COLLISION_TYPE
None,EDSA,None,None,"No Accident Factor, Side Swipe, 0.0 drivers_injured, 0.0 drivers_killed, 0.0 passengers_injured, 0.0 passengers_killed, 0.0 pedestrian_injured, 0.0 pedestrian_killed, Fair (Day), EDSA Sct. Borromeo St.  Quezon City",MMDA Road Safety Unit,,ff3784d7-56fb-4860-beb4-97e7a5e9fc62,2016-09-05,00:00:00,EDSA Quezon Ave. Quezon City,0,0,0,0,0,0,0,0,0,0,2016-09-05 8:00,Property,14.63715712,121.0419507,Side Swipe
None,EDSA,None,None,"No Accident Factor, Rear-end, 0.0 drivers_injured, 0.0 drivers_killed, 0.0 passengers_injured, 0.0 passengers_killed, 0.0 pedestrian_injured, 0.0 pedestrian_killed, Fair (Day), EDSA Camp Crame Gate 1 Quezon City",MMDA Road Safety Unit,,74afb7ef-53b8-461c-90ad-7eae2ae11b19,2016-09-04,22:55:00,"EDSA ""U"" turn slot, Trinoma, Pag-asa Quezon City",0,0,0,0,0,0,0,0,0,0,2016-09-05 6:55,Property,14.60923788,121.0557422,Rear-End
None,EDSA,None,None,"No Accident Factor, Side Swipe, 0.0 drivers_injured, 0.0 drivers_killed, 0.0 passengers_injured, 0.0 passengers_killed, 0.0 pedestrian_injured, 0.0 pedestrian_killed, Fair (Day), EDSA Philam Quezon City",MMDA Road Safety Unit,,a7a8ae88-a410-480b-8a78-2ab8671239cc,2016-09-04,22:10:00,EDSA Monte de Piedad St. Quezon City,0,0,0,0,0,0,0,0,0,0,2016-09-05 6:10,Property,14.65280875,121.0317622,Side Swipe
None,EDSA,None,None,"No Accident Factor, Angle Impact, 0.0 drivers_injured, 0.0 drivers_killed, 0.0 passengers_injured, 0.0 passengers_killed, 0.0 pedestrian_injured, 0.0 pedestrian_killed, Fair (Day), EDSA East Ave., Pinyahan Quezon City",MMDA Road Safety Unit,,f83f965c-492c-411b-ab5d-12ba9b395d4e,2016-09-04,22:05:00,"EDSA Nueva Ecija St., Ramon Magsaysay Quezon City",0,0,0,0,0,0,0,0,0,0,2016-09-05 6:05,Property,14.6328297,121.0451176,Angle Impact
None,EDSA,None,None,"No Accident Factor, Hit and Run (No Collision Stated), 0.0 drivers_injured, 0.0 drivers_killed, 0.0 passengers_injured, 0.0 passengers_killed, 0.0 pedestrian_injured, 0.0 pedestrian_killed, Fair (Night), EDSA SM North, Pag-Asa Quezon City",MMDA Road Safety Unit,,7e292927-3f49-4a0e-ad51-146d71b7c17f,2016-09-04,12:00:00,"EDSA North Ave., San Roque Quezon City",0,0,0,0,0,0,0,0,0,0,2016-09-04 20:00,Property,14.65645143,121.0271077,No Collision Stated
None,EDSA,None,None,"No Accident Factor, Side Swipe, 0.0 drivers_injured, 0.0 drivers_killed, 0.0 passengers_injured, 0.0 passengers_killed, 0.0 pedestrian_injured, 0.0 pedestrian_killed, Fair (Night), EDSA North Ave., Pag-asa Quezon City",MMDA Road Safety Unit,,5ee2fc9e-f775-4166-abed-a272390900d1,2016-09-04,11:00:00,"EDSA Kamias Road, Pinyahan Quezon City",0,0,0,0,0,0,0,0,0,0,2016-09-04 19:00,Property,14.65553839,121.0299647,Side Swipe
None,EDSA,None,None,"No Accident Factor, No Collision Stated (based on Police Blotter Book), 0.0 drivers_injured, 0.0 drivers_killed, 0.0 passengers_injured, 0.0 passengers_killed, 0.0 pedestrian_injured, 0.0 pedestrian_killed, Fair (Day), EDSA Misamis St., Pag-asa Quezon City",MMDA Road Safety Unit,,96c424d5-f883-49e0-886d-351a725c80e1,2016-09-04,07:50:00,EDSA Kaingin Road Quezon City,0,0,0,0,0,0,0,0,0,0,2016-09-04 15:50,Property,14.65602348,121.0285212,No Collision Stated
None,EDSA,None,None,"No Accident Factor, Side Swipe, 0.0 drivers_injured, 0.0 drivers_killed, 0.0 passengers_injured, 0.0 passengers_killed, 0.0 pedestrian_injured, 0.0 pedestrian_killed, Fair (Day), EDSA Aurora Blvd., Socorro Quezon City",MMDA Road Safety Unit,,dbca1ae1-858c-48ff-a413-6dc96a2d464f,2016-09-04,07:00:00,EDSA Aurora Blvd. Quezon City,0,0,0,0,0,0,0,0,0,0,2016-09-04 15:00,Property,14.6218043,121.0502049,Side Swipe
None,EDSA,None,None,"No Accident Factor, Side Swipe, 0.0 drivers_injured, 0.0 drivers_killed, 0.0 passengers_injured, 0.0 passengers_killed, 0.0 pedestrian_injured, 0.0 pedestrian_killed, Fair (Day), EDSA East Ave., Pinyahan Quezon City",MMDA Road Safety Unit,,0c281abb-938f-4774-b286-f11f47065130,2016-09-04,05:20:00,EDSA White Plains Quezon City,0,0,0,0,0,0,0,0,0,0,2016-09-04 13:20,Property,14.6328297,121.0451176,Side Swipe
None,EDSA,None,None,"No Accident Factor, Side Swipe, 0.0 drivers_injured, 0.0 drivers_killed, 0.0 passengers_injured, 0.0 passengers_killed, 0.0 pedestrian_injured, 0.0 pedestrian_killed, Fair (Day), EDSA Cloverleaf Quezon City",MMDA Road Safety Unit,,1f677b26-46d9-4592-b3e1-07f989c8c7b8,2016-09-04,05:00:00,EDSA SM Mall North Quezon City,0,0,0,0,0,0,0,0,0,0,2016-09-04 13:00,Property,14.65747901,121.0011914,Side Swipe
None,EDSA,None,None,"No Accident Factor, Side Swipe, 0.0 drivers_injured, 0.0 drivers_killed, 0.0 passengers_injured, 0.0 passengers_killed, 0.0 pedestrian_injured, 0.0 pedestrian_killed, Fair (Day), EDSA Royal, A. Samson  Quezon City",MMDA Road Safety Unit,,8d216f46-a3e5-4a22-884b-6d86e0476116,2016-09-04,04:35:00,EDSA Bansalangin Quezon City,0,0,0,0,0,0,0,0,0,0,2016-09-04 12:35,Property,14.65767141,121.0107008,Side Swipe
None,EDSA,None,None,"No Accident Factor, No Collision Stated (based on Police Blotter Book), 0.0 drivers_injured, 0.0 drivers_killed, 0.0 passengers_injured, 0.0 passengers_killed, 0.0 pedestrian_injured, 0.0 pedestrian_killed, Fair (Day), EDSA Trinoma Mall, Pag-Asa Quezon City",MMDA Road Safety Unit,,467953eb-ea7b-4059-89c5-8832118366d6,2016-09-04,02:00:00,"EDSA Waltermart, Veterans Quezon City",0,0,0,0,0,0,0,0,0,0,2016-09-04 10:00,Property,14.65242607,121.0323133,No Collision Stated
None,EDSA,None,None,"No Accident Factor, No Collision Stated (based on Police Blotter Book), 0.0 drivers_injured, 0.0 drivers_killed, 0.0 passengers_injured, 0.0 passengers_killed, 0.0 pedestrian_injured, 0.0 pedestrian_killed, Fair (Day), EDSA Iglesia ni Cristo Quezon City",MMDA Road Safety Unit,,c69e767e-f0d7-4adb-bb32-b39642a39161,2016-09-03,23:45:00,EDSA Lemon Square  Quezon City,0,0,0,0,0,0,0,0,0,0,2016-09-04 7:45,Property,14.65752241,121.02219,No Collision Stated
None,EDSA,None,None,"No Accident Factor, Side Swipe, 0.0 drivers_injured, 0.0 drivers_killed, 1.0 passengers_injured, 0.0 passengers_killed, 0.0 pedestrian_injured, 0.0 pedestrian_killed, Fair (Night), EDSA Kamuning Road Quezon City",MMDA Road Safety Unit,,6f43483a-9954-4ff3-ac27-662b26f6a734,2016-09-03,18:30:00,EDSA White Plains Ave. Quezon City,0,0,0,0,1,0,0,0,0,1,2016-09-04 2:30,Injury,14.63075725,121.0457548,Side Swipe
None,EDSA,None,None,"No Accident Factor, Side Swipe, 0.0 drivers_injured, 0.0 drivers_killed, 0.0 passengers_injured, 0.0 passengers_killed, 0.0 pedestrian_injured, 0.0 pedestrian_killed, Fair (Night), EDSA Cloverleaf Drive Quezon City",MMDA Road Safety Unit,,0f9ad1f4-410c-407c-b143-78edb33801d1,2016-09-03,11:20:00,EDSA SM Mall North Quezon City,0,0,0,0,0,0,0,0,0,0,2016-09-03 19:20,Property,14.65740144,121.0008553,Side Swipe
None,EDSA,None,None,"No Accident Factor, Side Swipe, 0.0 drivers_injured, 0.0 drivers_killed, 0.0 passengers_injured, 0.0 passengers_killed, 0.0 pedestrian_injured, 0.0 pedestrian_killed, Fair (Day), EDSA Quezon Ave.  Quezon City",MMDA Road Safety Unit,,32274f17-e89f-4bc6-92d0-cb45f4f12fdf,2016-09-03,09:50:00,"EDSA ""U"" turn slot, Philam Quezon City",0,0,0,0,0,0,0,0,0,0,2016-09-03 17:50,Property,14.6442444,121.0375839,Side Swipe
None,EDSA,None,None,"No Accident Factor, No Collision Stated (based on Police Blotter Book), 0.0 drivers_injured, 0.0 drivers_killed, 0.0 passengers_injured, 0.0 passengers_killed, 0.0 pedestrian_injured, 0.0 pedestrian_killed, Fair (Day), EDSA Corregidor St., Ramon Magsaysay Quezon City",MMDA Road Safety Unit,,f66c9f73-440d-4cca-8d97-33ab62268906,2016-09-03,09:30:00,EDSA Kamuning Road Quezon City,0,0,0,0,0,0,0,0,0,0,2016-09-03 17:30,Property,14.65707679,121.0241648,No Collision Stated
None,EDSA,None,None,"No Accident Factor, Side Swipe, 0.0 drivers_injured, 0.0 drivers_killed, 0.0 passengers_injured, 0.0 passengers_killed, 0.0 pedestrian_injured, 0.0 pedestrian_killed, Fair (Day), EDSA Main Ave., Socorro Quezon City",MMDA Road Safety Unit,,a4873ffd-464e-425c-b5b9-a4fb39e58f97,2016-09-03,06:30:00,EDSA GMA Network Quezon City,0,0,0,0,0,0,0,0,0,0,2016-09-03 14:30,Property,14.61376458,121.0537933,Side Swipe
None,EDSA,None,None,"No Accident Factor, Rear-end, 0.0 drivers_injured, 0.0 drivers_killed, 0.0 passengers_injured, 0.0 passengers_killed, 0.0 pedestrian_injured, 0.0 pedestrian_killed, Fair (Day), EDSA Royal, A. Samson  Quezon City",MMDA Road Safety Unit,,0345b941-72f9-4f3b-af92-4fc393f573d1,2016-09-03,05:30:00,"EDSA Q-Mart Market, E. Rod. Quezon City",0,0,0,0,0,0,0,0,0,0,2016-09-03 13:30,Property,14.65767141,121.0107008,Rear-End
None,EDSA,None,None,"No Accident Factor, Side Swipe, 0.0 drivers_injured, 0.0 drivers_killed, 0.0 passengers_injured, 0.0 passengers_killed, 0.0 pedestrian_injured, 0.0 pedestrian_killed, Fair (Day), EDSA Kamuning Road Quezon City",MMDA Road Safety Unit,,2ba4bf6f-ed13-4ba2-95b3-a429e64a7029,2016-09-03,04:15:00,"EDSA Five Star Bus Terminal, E. Rod. Quezon City",0,0,0,0,0,0,0,0,0,0,2016-09-03 12:15,Property,14.63075725,121.0457548,Side Swipe
None,EDSA,None,None,"No Accident Factor, Rear-end, 0.0 drivers_injured, 0.0 drivers_killed, 0.0 passengers_injured, 0.0 passengers_killed, 0.0 pedestrian_injured, 0.0 pedestrian_killed, Fair (Day), EDSA P. Tuazon Blvd., Socorro Quezon City",MMDA Road Safety Unit,,aad873ee-1bc0-4509-b960-93ffada261ad,2016-09-03,03:50:00,"EDSA Aurora Blvd., E. Rod. Quezon City",0,0,0,0,0,0,0,0,0,0,2016-09-03 11:50,Property,14.61656342,121.0525225,Rear-End
None,EDSA,None,None,"No Accident Factor, Rear-end, 0.0 drivers_injured, 0.0 drivers_killed, 0.0 passengers_injured, 0.0 passengers_killed, 0.0 pedestrian_injured, 0.0 pedestrian_killed, Fair (Day), EDSA Main Ave.  Quezon City",MMDA Road Safety Unit,,e2fae41d-cd66-46c6-96df-e1718ddedcf1,2016-09-03,03:00:00,EDSA Cloverleaf Drive Quezon City,0,0,0,0,0,0,0,0,0,0,2016-09-03 11:00,Property,14.61376458,121.0537933,Rear-End
None,EDSA,None,None,"No Accident Factor, Rear-end, 0.0 drivers_injured, 0.0 drivers_killed, 0.0 passengers_injured, 0.0 passengers_killed, 0.0 pedestrian_injured, 0.0 pedestrian_killed, Fair (Day), EDSA P. Tuazon Blvd., Socorro Quezon City",MMDA Road Safety Unit,,1aacf876-8a73-4417-b58d-1c6deb46990f,2016-09-03,02:45:00,EDSA Puregold Supermarket Quezon City,0,0,0,0,0,0,0,0,0,0,2016-09-03 10:45,Property,14.61656342,121.0525225,Rear-End
None,EDSA,None,None,"No Accident Factor, No Collision Stated (based on Police Blotter Book), 0.0 drivers_injured, 0.0 drivers_killed, 0.0 passengers_injured, 0.0 passengers_killed, 0.0 pedestrian_injured, 0.0 pedestrian_killed, Fair (Day), EDSA Landmark Mall, Pag-Asa Quezon City",MMDA Road Safety Unit,,4db32fe2-47b9-411e-8abf-5a53d686423e,2016-09-03,02:00:00,EDSA Wilcon Depot Quezon City,0,0,0,0,0,0,0,0,0,0,2016-09-03 10:00,Property,14.6509773,121.0331821,No Collision Stated
None,EDSA,None,None,"No Accident Factor, Rear-end, 0.0 drivers_injured, 0.0 drivers_killed, 0.0 passengers_injured, 0.0 passengers_killed, 0.0 pedestrian_injured, 0.0 pedestrian_killed, Fair (Day), EDSA Aurora Blvd.  Quezon City",MMDA Road Safety Unit,,50f5b855-6a24-4c32-93cd-102f9c7a812d,2016-09-02,22:30:00,EDSA Kaingin Road Quezon City,0,0,0,0,0,0,0,0,0,0,2016-09-03 6:30,Property,14.6217569,121.0502544,Rear-End
None,EDSA,None,None,"No Accident Factor, No Collision Stated (based on Police Blotter Book), 0.0 drivers_injured, 0.0 drivers_killed, 0.0 passengers_injured, 0.0 passengers_killed, 0.0 pedestrian_injured, 0.0 pedestrian_killed, Fair (Night), EDSA Timog Ave., Pinyahan Quezon City",MMDA Road Safety Unit,,a5c1a6f1-d566-4b8c-bf5e-a60058956b80,2016-09-02,19:00:00,"EDSA Ortigas Ave., Ugong Norte Quezon City",0,0,0,0,0,0,0,0,0,0,2016-09-03 3:00,Property,14.63293559,121.0446304,No Collision Stated
None,EDSA,None,None,"No Accident Factor, Hit and Run (No Collision Stated), 0.0 drivers_injured, 0.0 drivers_killed, 0.0 passengers_injured, 0.0 passengers_killed, 0.0 pedestrian_injured, 0.0 pedestrian_killed, Fair (Night), EDSA Mapagmahal St., Pinyahan Quezon City",MMDA Road Safety Unit,,c3520fb2-f54d-4729-8abd-68c7a3b16a6b,2016-09-02,14:30:00,"EDSA New York St., E. Rod. Quezon City",0,0,0,0,0,0,0,0,0,0,2016-09-02 22:30,Property,14.63185046,121.0455315,No Collision Stated
None,EDSA,None,None,"No Accident Factor, Rear-end, 0.0 drivers_injured, 0.0 drivers_killed, 0.0 passengers_injured, 0.0 passengers_killed, 0.0 pedestrian_injured, 0.0 pedestrian_killed, Fair (Day), EDSA Cloverleaf Quezon City",MMDA Road Safety Unit,,0539c700-0c86-451b-b644-8364c6614916,2016-09-02,09:00:00,"EDSA Kamias Road, West Kamias Quezon City",0,0,0,0,0,0,0,0,0,0,2016-09-02 17:00,Property,14.65747901,121.0011914,Rear-End
None,EDSA,None,None,"No Accident Factor, Rear-end, 0.0 drivers_injured, 0.0 drivers_killed, 0.0 passengers_injured, 0.0 passengers_killed, 0.0 pedestrian_injured, 0.0 pedestrian_killed, Fair (Day), EDSA Kamuning Road Quezon City",MMDA Road Safety Unit,,480e2406-70a7-4f8e-8507-cd077d830fac,2016-09-02,08:15:00,"EDSA Gen. Roxas Ave., Socorro Quezon City",0,0,0,0,0,0,0,0,0,0,2016-09-02 16:15,Property,14.63075725,121.0457548,Rear-End
None,EDSA,None,None,"No Accident Factor, Rear-end, 0.0 drivers_injured, 0.0 drivers_killed, 0.0 passengers_injured, 0.0 passengers_killed, 0.0 pedestrian_injured, 0.0 pedestrian_killed, Fair (Day), EDSA Aurora Blvd.  Quezon City",MMDA Road Safety Unit,,f23d1bdf-d6a1-4f6d-b427-0772fdd80fb3,2016-09-02,04:30:00,EDSA Aurora Blvd. Quezon City,0,0,0,0,0,0,0,0,0,0,2016-09-02 12:30,Property,14.6217569,121.0502544,Rear-End
None,EDSA,None,None,"No Accident Factor, Side Swipe, 0.0 drivers_injured, 0.0 drivers_killed, 0.0 passengers_injured, 0.0 passengers_killed, 0.0 pedestrian_injured, 0.0 pedestrian_killed, Fair (Day), EDSA A. Samson Quezon City",MMDA Road Safety Unit,,e5b4a9b5-8e8a-4d7e-954c-0534d6cd5e5d,2016-09-02,04:00:00,EDSA Cloverleaf Quezon City,0,0,0,0,0,0,0,0,0,0,2016-09-02 12:00,Property,14.65731173,121.0011071,Side Swipe
None,EDSA,None,None,"No Accident Factor, No Collision Stated (based on Police Blotter Book), 0.0 drivers_injured, 0.0 drivers_killed, 0.0 passengers_injured, 0.0 passengers_killed, 0.0 pedestrian_injured, 0.0 pedestrian_killed, Fair (Day), EDSA ""U"" turn slot, Quezon City Academy Santo Cristo Quezon City",MMDA Road Safety Unit,,494ecb26-e45b-48b0-942f-f7d54bfe67aa,2016-09-02,03:00:00,EDSA Kamuning Road Quezon City,0,0,0,0,0,0,0,0,0,0,2016-09-02 11:00,Property,14.65655357,121.0260701,No Collision Stated
None,EDSA,None,None,"No Accident Factor, Rear-end, 0.0 drivers_injured, 0.0 drivers_killed, 0.0 passengers_injured, 0.0 passengers_killed, 0.0 pedestrian_injured, 0.0 pedestrian_killed, Fair (Night), EDSA Timog Ave.  Quezon City",MMDA Road Safety Unit,,a0d2b19a-ec40-479a-bee6-60ff61e1d497,2016-09-01,21:30:00,"EDSA White Plains Ave., Ugong Norte Quezon City",0,0,0,0,0,0,0,0,0,0,2016-09-02 5:30,Property,14.63293559,121.0446304,Rear-End
None,EDSA,None,None,"No Accident Factor, No Collision Stated (based on Police Blotter Book), 0.0 drivers_injured, 0.0 drivers_killed, 0.0 passengers_injured, 0.0 passengers_killed, 0.0 pedestrian_injured, 0.0 pedestrian_killed, Fair (Day), EDSA ""U"" turn slot, Landmark Pag-Asa Quezon City",MMDA Road Safety Unit,,e4aa1800-a481-4bb5-a131-1edb61eabdb3,2016-09-01,09:30:00,"EDSA Toyota Motors, Balintawak Quezon City",0,0,0,0,0,0,0,0,0,0,2016-09-01 17:30,Property,14.64998659,121.033649,No Collision Stated
None,EDSA,None,None,"No Accident Factor, Rear-end, 0.0 drivers_injured, 0.0 drivers_killed, 0.0 passengers_injured, 0.0 passengers_killed, 0.0 pedestrian_injured, 0.0 pedestrian_killed, Fair (Day), EDSA Kaingin Road Quezon City",MMDA Road Safety Unit,,2961c457-f0ec-4cde-b343-4b7988178dd9,2016-08-31,23:20:00,EDSA Camp Crame gate 1 Quezon City,0,0,0,0,0,0,0,0,0,0,2016-09-01 7:20,Property,14.65746493,121.0109963,Rear-End
None,EDSA,None,None,"No Accident Factor, Side Swipe, 0.0 drivers_injured, 0.0 drivers_killed, 0.0 passengers_injured, 0.0 passengers_killed, 0.0 pedestrian_injured, 0.0 pedestrian_killed, Fair (Night), EDSA Jac Liner Bus Terminal, Pinyahan Quezon City",MMDA Road Safety Unit,,2e60744f-2f10-4d46-b198-28c73245df3d,2016-08-31,21:00:00,"EDSA Camp Aguinaldo, White Plains Ave. Quezon City",0,0,0,0,0,0,0,0,0,0,2016-09-01 5:00,Property,14.63162939,121.0456857,Side Swipe
None,EDSA,None,None,"No Accident Factor, Multiple Collision, 1.0 drivers_injured, 0.0 drivers_killed, 0.0 passengers_injured, 0.0 passengers_killed, 0.0 pedestrian_injured, 0.0 pedestrian_killed, Fair (Night), EDSA Bansalangin St.  Quezon City",MMDA Road Safety Unit,,11122b83-9177-4da3-9fe6-87a12f0d78e0,2016-08-31,14:45:00,EDSA Congressional Ave.  Quezon City,0,0,0,1,0,0,0,0,0,1,2016-08-31 22:45,Injury,14.6567996,121.0241845,Multiple
None,EDSA,None,None,"No Accident Factor, Side Swipe, 0.0 drivers_injured, 0.0 drivers_killed, 0.0 passengers_injured, 0.0 passengers_killed, 0.0 pedestrian_injured, 0.0 pedestrian_killed, Fair (Night), EDSA GMA 7 Network, Timog Ave.   Quezon City",MMDA Road Safety Unit,,f9a9b93e-ca42-446a-810e-09710c75cbb1,2016-08-31,13:00:00,EDSA Cloverleaf Drive Quezon City,0,0,0,0,0,0,0,0,0,0,2016-08-31 21:00,Property,14.63467214,121.0435714,Side Swipe
None,EDSA,None,None,"No Accident Factor, Rear-end, 0.0 drivers_injured, 0.0 drivers_killed, 0.0 passengers_injured, 0.0 passengers_killed, 0.0 pedestrian_injured, 0.0 pedestrian_killed, Fair (Night), EDSA Waltermart Quezon City",MMDA Road Safety Unit,,95f839a5-75bd-4824-bec2-27e0559adf3b,2016-08-31,12:15:00,EDSA Roosevelt Ave.  Quezon City,0,0,0,0,0,0,0,0,0,0,2016-08-31 20:15,Property,14.6574558,121.0213579,Rear-End
None,EDSA,None,None,"No Accident Factor, Rear-end, 0.0 drivers_injured, 0.0 drivers_killed, 0.0 passengers_injured, 0.0 passengers_killed, 0.0 pedestrian_injured, 0.0 pedestrian_killed, Fair (Day), EDSA Mayor I. Diaz St.  Quezon City",MMDA Road Safety Unit,,08f54df3-b79b-4ff5-a027-69feecb722a5,2016-08-31,04:30:00,EDSA Timog Ave. Quezon City,0,0,0,0,0,0,0,0,0,0,2016-08-31 12:30,Property,14.61785258,121.0515682,Rear-End
None,EDSA,None,None,"No Accident Factor, Side Swipe, 0.0 drivers_injured, 0.0 drivers_killed, 0.0 passengers_injured, 0.0 passengers_killed, 0.0 pedestrian_injured, 0.0 pedestrian_killed, Fair (Day), EDSA North MRT Station Quezon City",MMDA Road Safety Unit,,64ecf4da-5817-43eb-bcd4-7c50d78b7065,2016-08-31,02:00:00,EDSA Kamuning Road Quezon City,0,0,0,0,0,0,0,0,0,0,2016-08-31 10:00,Property,14.65221162,121.0324012,Side Swipe
None,EDSA,None,None,"No Accident Factor, Rear-end, 0.0 drivers_injured, 0.0 drivers_killed, 0.0 passengers_injured, 0.0 passengers_killed, 0.0 pedestrian_injured, 0.0 pedestrian_killed, Fair (Day), EDSA Main Ave.  Quezon City",MMDA Road Safety Unit,,c1fd123c-d94a-44a6-bb53-b38248d1a916,2016-08-31,00:45:00,"EDSA Landmark, Pag-Asa Quezon City",0,0,0,0,0,0,0,0,0,0,2016-08-31 8:45,Property,14.61376458,121.0537933,Rear-End
None,EDSA,None,None,"No Accident Factor, Rear-end, 0.0 drivers_injured, 0.0 drivers_killed, 0.0 passengers_injured, 0.0 passengers_killed, 0.0 pedestrian_injured, 0.0 pedestrian_killed, Fair (Day), EDSA Arayat St.  Quezon City",MMDA Road Safety Unit,,0eb8ae14-1a23-4dba-b839-cd18cea853c2,2016-08-31,00:30:00,EDSA Gaate 4 Camp Aguinaldo Quezon City,0,0,0,0,0,0,0,0,0,0,2016-08-31 8:30,Property,14.61961124,121.0508602,Rear-End
None,EDSA,None,None,"No Accident Factor, No Collision Stated (based on Police Blotter Book), 0.0 drivers_injured, 0.0 drivers_killed, 0.0 passengers_injured, 0.0 passengers_killed, 0.0 pedestrian_injured, 0.0 pedestrian_killed, Fair (Day), EDSA Camp Aguinaldo, P. Santos Ave. Quezon City",MMDA Road Safety Unit,,5b51cda3-2830-408f-9a98-2c65104a0b71,2016-08-31,00:10:00,"EDSA ""U"" turn slot, P.Tuazon Blvd. Quezon City",0,0,0,0,0,0,0,0,0,0,2016-08-31 8:10,Property,14.6092898,121.0556608,No Collision Stated
None,EDSA,None,None,"No Accident Factor, No Collision Stated (based on Police Blotter Book), 0.0 drivers_injured, 0.0 drivers_killed, 0.0 passengers_injured, 0.0 passengers_killed, 0.0 pedestrian_injured, 0.0 pedestrian_killed, Fair (Day), EDSA Congressional Ave., Ramon Magsaysay Quezon City",MMDA Road Safety Unit,,c6cf0d7b-7f44-4e3c-82bb-ed5da0419bb9,2016-08-30,23:30:00,EDSA Arayat St. Quezon City,0,0,0,0,0,0,0,0,0,0,2016-08-31 7:30,Property,14.6571804,120.9927185,No Collision Stated
None,EDSA,None,None,"No Accident Factor, Rear-end, 0.0 drivers_injured, 0.0 drivers_killed, 0.0 passengers_injured, 0.0 passengers_killed, 0.0 pedestrian_injured, 0.0 pedestrian_killed, Fair (Night), EDSA Timog Ave.  Quezon City",MMDA Road Safety Unit,,7574a9e8-06a6-4a1c-bad6-6da955dbc140,2016-08-30,21:30:00,"EDSA White Plains Ave., Ugong Norte Quezon City",0,0,0,0,0,0,0,0,0,0,2016-08-31 5:30,Property,14.63293559,121.0446304,Rear-End
None,EDSA,None,None,"No Accident Factor, Hit Object (Barrier), 0.0 drivers_injured, 0.0 drivers_killed, 0.0 passengers_injured, 0.0 passengers_killed, 0.0 pedestrian_injured, 0.0 pedestrian_killed, Fair (Night), EDSA Kaingin Road Quezon City",MMDA Road Safety Unit,,5a3844e2-5b8e-4767-807a-a15bf017e4fa,2016-08-30,12:45:00,"EDSA Santolan MRT Station, Camp Aguinaldo Quezon City",0,0,0,0,0,0,0,0,0,0,2016-08-30 20:45,Property,14.65746493,121.0109963,Hit Object
None,EDSA,None,None,"No Accident Factor, No Collision Stated (based on Police Blotter Book), 0.0 drivers_injured, 0.0 drivers_killed, 0.0 passengers_injured, 0.0 passengers_killed, 0.0 pedestrian_injured, 0.0 pedestrian_killed, Fair (Day), EDSA Victory Liner Bus Terminal, Pinyahan Quezon City",MMDA Road Safety Unit,,592c4d92-0a9f-4c3c-926a-93f57826c040,2016-08-30,09:25:00,EDSA Camp Aguinaldo Quezon City,0,0,0,0,0,0,0,0,0,0,2016-08-30 17:25,Property,14.63209398,121.0454876,No Collision Stated
None,EDSA,None,None,"No Accident Factor, Side Swipe, 0.0 drivers_injured, 0.0 drivers_killed, 0.0 passengers_injured, 0.0 passengers_killed, 0.0 pedestrian_injured, 0.0 pedestrian_killed, Fair (Day), EDSA ""U"" turn slot, Timog Ave.  Quezon City",MMDA Road Safety Unit,,b822cc32-a791-4b34-89f9-e6c4ee9f1a9a,2016-08-30,08:25:00,"EDSA National Printing Office Road, Pinyahan Quezon City",0,0,0,0,0,0,0,0,0,0,2016-08-30 16:25,Property,14.63183035,121.0454138,Side Swipe
None,EDSA,None,None,"No Accident Factor, Rear-end, 0.0 drivers_injured, 0.0 drivers_killed, 0.0 passengers_injured, 0.0 passengers_killed, 0.0 pedestrian_injured, 0.0 pedestrian_killed, Fair (Day), EDSA E. Garcia St. Quezon City",MMDA Road Safety Unit,,1a7baef8-ce2e-4bfa-8b17-4f5e477752bb,2016-08-30,08:10:00,"EDSA Kamias Road, West Kamias Quezon City",0,0,0,0,0,0,0,0,0,0,2016-08-30 16:10,Property,14.62742033,121.0475769,Rear-End
None,EDSA,None,None,"No Accident Factor, No Collision Stated (based on Police Blotter Book), 0.0 drivers_injured, 0.0 drivers_killed, 0.0 passengers_injured, 0.0 passengers_killed, 0.0 pedestrian_injured, 0.0 pedestrian_killed, Fair (Day), EDSA Ortigas Ave., Ugong Norte Quezon City",MMDA Road Safety Unit,,74f582bf-de2b-45e5-9e6a-fcb60b353210,2016-08-30,08:05:00,"EDSA Kamias Road, Pinyahan Quezon City",0,0,0,0,0,0,0,0,0,0,2016-08-30 16:05,Property,14.59335253,121.0584107,No Collision Stated
None,EDSA,None,None,"No Accident Factor, Rear-end, 0.0 drivers_injured, 0.0 drivers_killed, 0.0 passengers_injured, 0.0 passengers_killed, 0.0 pedestrian_injured, 0.0 pedestrian_killed, Fair (Day), EDSA East Ave., Pinyahan Quezon City",MMDA Road Safety Unit,,fafbd3ee-b98c-41eb-aa7f-f725eb7e6e0a,2016-08-30,07:45:00,EDSA Bernardo Park Quezon City,0,0,0,0,0,0,0,0,0,0,2016-08-30 15:45,Property,14.6328297,121.0451176,Rear-End