LOCATION_TEXT,ROAD,WEATHER,LIGHT,DESC,REPORTING_AGENCY,MAIN_CAUSE,INCIDENTDETAILS_ID,DATE_UTC,TIME_UTC,ADDRESS,killed_driver,killed_passenger,killed_pedestrian,injured_driver,injured_passenger,injured_pedestrian,killed_uncategorized,injured_uncategorized,killed_total,injured_total,DATETIME_PST,SEVERITY,Y,X,COLLISION_TYPE
None,EDSA,None,None,"No Accident Factor, No Collision Stated (based on Police Blotter Book), 0.0 drivers_injured, 0.0 drivers_killed, 0.0 passengers_injured, 0.0 passengers_killed, 0.0 pedestrian_injured, 0.0 pedestrian_killed, Fair (Day), EDSA Bansalangin St., Project 7 Quezon City",MMDA Road Safety Unit,,5755e773-2fde-41a9-8dee-d5dc6e50d1aa,2016-08-30,06:55:00,"EDSA ES Bus Terminal, E. Rod. Quezon City",0,0,0,0,0,0,0,0,0,0,2016-08-30 14:55,Property,14.6567996,121.0241845,No Collision Stated
None,EDSA,None,None,"No Accident Factor, Angle Impact, 0.0 drivers_injured, 0.0 drivers_killed, 0.0 passengers_injured, 0.0 passengers_killed, 0.0 pedestrian_injured, 0.0 pedestrian_killed, Fair (Day), EDSA Timog Ave.  Quezon City",MMDA Road Safety Unit,,d0dd150a-eb08-41a9-96d5-b4862a80a94f,2016-08-30,05:55:00,EDSA GMA network Drive Quezon City,0,0,0,0,0,0,0,0,0,0,2016-08-30 13:55,Property,14.63293559,121.0446304,Angle Impact
None,EDSA,None,None,"No Accident Factor, No Collision Stated (based on Police Blotter Book), 0.0 drivers_injured, 0.0 drivers_killed, 0.0 passengers_injured, 0.0 passengers_killed, 0.0 pedestrian_injured, 0.0 pedestrian_killed, Fair (Day), EDSA Jackman Emporium, Ramon Magsaysay Quezon City",MMDA Road Safety Unit,,30863c64-d7ad-461c-bd39-3e082596cfa0,2016-08-30,02:15:00,"EDSA SM Hypermart, P. Tuazon Blvd., Socorro Quezon City",0,0,0,0,0,0,0,0,0,0,2016-08-30 10:15,Property,14.65777839,121.0208499,No Collision Stated
None,EDSA,None,None,"No Accident Factor, Side Swipe, 0.0 drivers_injured, 0.0 drivers_killed, 0.0 passengers_injured, 0.0 passengers_killed, 0.0 pedestrian_injured, 0.0 pedestrian_killed, Fair (Day), EDSA Camp Crame gate 1 Quezon City",MMDA Road Safety Unit,,3291797d-fcce-4cf7-8768-735e13d998a3,2016-08-29,23:30:00,EDSA R. Magsaysay High School Quezon City,0,0,0,0,0,0,0,0,0,0,2016-08-30 7:30,Property,14.60923788,121.0557422,Side Swipe
None,EDSA,None,None,"No Accident Factor, No Collision Stated (based on Police Blotter Book), 0.0 drivers_injured, 0.0 drivers_killed, 0.0 passengers_injured, 0.0 passengers_killed, 0.0 pedestrian_injured, 0.0 pedestrian_killed, Fair (Day), EDSA P. Tuazon Blvd., Socorro Quezon City",MMDA Road Safety Unit,,7171d93a-1d19-46b0-bff8-baa53b1702fd,2016-08-29,23:00:00,EDSA Camp Aguinaldo Gate 3 Quezon City,0,0,0,0,0,0,0,0,0,0,2016-08-30 7:00,Property,14.61656342,121.0525225,No Collision Stated
None,EDSA,None,None,"No Accident Factor, Rear-end, 0.0 drivers_injured, 0.0 drivers_killed, 0.0 passengers_injured, 0.0 passengers_killed, 0.0 pedestrian_injured, 0.0 pedestrian_killed, Fair (Night), EDSA Camp Aguinaldo Quezon City",MMDA Road Safety Unit,,7beb5706-e590-4165-9b34-1b29a42082b8,2016-08-29,21:15:00,EDSA South Road Quezon City,0,0,0,0,0,0,0,0,0,0,2016-08-30 5:15,Property,14.60818699,121.0564562,Rear-End
None,EDSA,None,None,"No Accident Factor, Rear-end, 0.0 drivers_injured, 0.0 drivers_killed, 0.0 passengers_injured, 0.0 passengers_killed, 0.0 pedestrian_injured, 0.0 pedestrian_killed, Fair (Night), EDSA East Ave., Pinyahan Quezon City",MMDA Road Safety Unit,,6a921bc5-9912-4f48-994f-e5804e2ea740,2016-08-29,20:00:00,EDSA Balintawak LRT Station  Quezon City,0,0,0,0,0,0,0,0,0,0,2016-08-30 4:00,Property,14.6328297,121.0451176,Rear-End
None,EDSA,None,None,"No Accident Factor, Side Swipe, 0.0 drivers_injured, 0.0 drivers_killed, 0.0 passengers_injured, 0.0 passengers_killed, 0.0 pedestrian_injured, 0.0 pedestrian_killed, Fair (Night), EDSA Cloverleaf Quezon City",MMDA Road Safety Unit,,0bc69595-3834-43de-b74b-b5e345a1091e,2016-08-29,19:45:00,EDSA JAM Liner Bus Terminal Quezon City,0,0,0,0,0,0,0,0,0,0,2016-08-30 3:45,Property,14.65747901,121.0011914,Side Swipe
None,EDSA,None,None,"No Accident Factor, Side Swipe, 0.0 drivers_injured, 0.0 drivers_killed, 0.0 passengers_injured, 0.0 passengers_killed, 0.0 pedestrian_injured, 0.0 pedestrian_killed, Fair (Night), EDSA Nepa Q-Mart, E. Rod. Quezon City",MMDA Road Safety Unit,,15606ff8-a69f-44a1-b343-32eb4c0778a1,2016-08-29,16:30:00,"EDSA Panay Ave., South Triangle Quezon City",0,0,0,0,0,0,0,0,0,0,2016-08-30 0:30,Property,14.62805361,121.0472521,Side Swipe
None,EDSA,None,None,"No Accident Factor, No Collision Stated (based on Police Blotter Book), 0.0 drivers_injured, 0.0 drivers_killed, 0.0 passengers_injured, 0.0 passengers_killed, 0.0 pedestrian_injured, 0.0 pedestrian_killed, Fair (Night), EDSA GMA Network Quezon City",MMDA Road Safety Unit,,2cd2def2-492f-4b97-b6f8-0d2b76249ac1,2016-08-29,13:00:00,EDSA A. Bonifacio Ave.  Quezon City,0,0,0,0,0,0,0,0,0,0,2016-08-29 21:00,Property,14.63467214,121.0435714,No Collision Stated
None,EDSA,None,None,"No Accident Factor, No Collision Stated (based on Police Blotter Book), 0.0 drivers_injured, 0.0 drivers_killed, 0.0 passengers_injured, 0.0 passengers_killed, 0.0 pedestrian_injured, 0.0 pedestrian_killed, Fair (Night), EDSA SM North, Bagong Pag-Asa Quezon City",MMDA Road Safety Unit,,900be45e-84a8-46b4-af8a-d3c4f6163538,2016-08-29,13:00:00,EDSA Bansalangin  Quezon City,0,0,0,0,0,0,0,0,0,0,2016-08-29 21:00,Property,14.65645143,121.0271077,No Collision Stated
None,EDSA,None,None,"No Accident Factor, Rear-end, 0.0 drivers_injured, 0.0 drivers_killed, 0.0 passengers_injured, 0.0 passengers_killed, 0.0 pedestrian_injured, 0.0 pedestrian_killed, Fair (Day), EDSA Waltermart Quezon City",MMDA Road Safety Unit,,70ab8de2-c813-4951-a090-15761dbb2b28,2016-08-29,08:00:00,EDSA Nissan Motors Quezon City,0,0,0,0,0,0,0,0,0,0,2016-08-29 16:00,Property,14.6574558,121.0213579,Rear-End
None,EDSA,None,None,"No Accident Factor, Rear-end, 0.0 drivers_injured, 0.0 drivers_killed, 0.0 passengers_injured, 0.0 passengers_killed, 0.0 pedestrian_injured, 0.0 pedestrian_killed, Fair (Day), EDSA E. Garcia St. Quezon City",MMDA Road Safety Unit,,1daf97e3-0b3e-4299-8779-77c0b901261d,2016-08-29,07:15:00,EDSA P. Tuazon Service Road (SB) Quezon City,0,0,0,0,0,0,0,0,0,0,2016-08-29 15:15,Property,14.62742033,121.0475769,Rear-End
None,EDSA,None,None,"No Accident Factor, Rear-end, 0.0 drivers_injured, 0.0 drivers_killed, 0.0 passengers_injured, 0.0 passengers_killed, 0.0 pedestrian_injured, 0.0 pedestrian_killed, Fair (Day), EDSA Lemon Square Quezon City",MMDA Road Safety Unit,,e5239bb8-d725-4fba-83bc-744938003769,2016-08-29,06:30:00,EDSA Kamuning Road Quezon City,0,0,0,0,0,0,0,0,0,0,2016-08-29 14:30,Property,14.6571804,120.9927185,Rear-End
None,EDSA,None,None,"No Accident Factor, Rear-end, 0.0 drivers_injured, 0.0 drivers_killed, 0.0 passengers_injured, 0.0 passengers_killed, 0.0 pedestrian_injured, 0.0 pedestrian_killed, Fair (Day), EDSA South Road Quezon City",MMDA Road Safety Unit,,0085bad5-93a3-4e50-aa9b-b6d78fac0822,2016-08-29,04:30:00,"EDSA ""U"" turn slot, North MRT Station Quezon City",0,0,0,0,0,0,0,0,0,0,2016-08-29 12:30,Property,14.61321318,121.053905,Rear-End
None,EDSA,None,None,"No Accident Factor, Rear-end, 0.0 drivers_injured, 0.0 drivers_killed, 0.0 passengers_injured, 0.0 passengers_killed, 0.0 pedestrian_injured, 0.0 pedestrian_killed, Fair (Day), EDSA Cloverleaf Quezon City",MMDA Road Safety Unit,,c48ee56f-0cf4-4ae5-820e-e4f76a58a76f,2016-08-29,04:30:00,"EDSA PS-10, Kamuning Quezon City",0,0,0,0,0,0,0,0,0,0,2016-08-29 12:30,Property,14.65747901,121.0011914,Rear-End
None,EDSA,None,None,"No Accident Factor, Side Swipe, 0.0 drivers_injured, 0.0 drivers_killed, 0.0 passengers_injured, 0.0 passengers_killed, 0.0 pedestrian_injured, 0.0 pedestrian_killed, Fair (Day), EDSA West Ave.  Quezon City",MMDA Road Safety Unit,,1e31b93d-678e-40a1-b986-06803101ef8b,2016-08-29,04:20:00,EDSA E. Lopez Drive Quezon City,0,0,0,0,0,0,0,0,0,0,2016-08-29 12:20,Property,14.65548924,121.0298079,Side Swipe
None,EDSA,None,None,"No Accident Factor, Rear-end, 0.0 drivers_injured, 0.0 drivers_killed, 0.0 passengers_injured, 0.0 passengers_killed, 0.0 pedestrian_injured, 0.0 pedestrian_killed, Fair (Day), EDSA Victory Liner Bus Terminal, E. Rod. Quezon City",MMDA Road Safety Unit,,fab3689d-6179-46cd-86ff-f8b4a83e049d,2016-08-29,03:00:00,"EDSA East Ave., Pinyahan Quezon City",0,0,0,0,0,0,0,0,0,0,2016-08-29 11:00,Property,14.63209398,121.0454876,Rear-End
None,EDSA,None,None,"No Accident Factor, No Collision Stated (based on Police Blotter Book), 0.0 drivers_injured, 0.0 drivers_killed, 3.0 passengers_injured, 0.0 passengers_killed, 0.0 pedestrian_injured, 0.0 pedestrian_killed, Fair (Day), EDSA Col. Bonny Serrano Ave. Quezon City",MMDA Road Safety Unit,,2cd55b74-c58f-4e44-9de5-6c51b25ae563,2016-08-29,01:05:00,"EDSA Gen. Roxas Ave., Socorro Quezon City",0,0,0,0,3,0,0,0,0,3,2016-08-29 9:05,Injury,14.61107337,121.0550705,No Collision Stated
None,EDSA,None,None,"No Accident Factor, Rear-end, 0.0 drivers_injured, 0.0 drivers_killed, 0.0 passengers_injured, 0.0 passengers_killed, 0.0 pedestrian_injured, 0.0 pedestrian_killed, Fair (Day), EDSA Congressional Ave., Ramon Magsaysay Quezon City",MMDA Road Safety Unit,,dde1f3b9-5176-48ab-b407-19868ee0ca04,2016-08-28,23:45:00,"EDSA ""U"" turn slot, Darrio Bridge Quezon City",0,0,0,0,0,0,0,0,0,0,2016-08-29 7:45,Property,14.6571804,120.9927185,Rear-End
None,EDSA,None,None,"No Accident Factor, No Collision Stated (based on Police Blotter Book), 0.0 drivers_injured, 0.0 drivers_killed, 0.0 passengers_injured, 0.0 passengers_killed, 0.0 pedestrian_injured, 0.0 pedestrian_killed, Fair (Day), EDSA ""U"" turn slot, Corregidor St., Ramon Magsaysay Quezon City",MMDA Road Safety Unit,,6caf4435-11d2-478e-9393-05ac1bcab0ef,2016-08-28,07:45:00,EDSA Bansalangin St.  Quezon City,0,0,0,0,0,0,0,0,0,0,2016-08-28 15:45,Property,14.65693502,121.0240825,No Collision Stated
None,EDSA,None,None,"No Accident Factor, Side Swipe, 0.0 drivers_injured, 0.0 drivers_killed, 0.0 passengers_injured, 0.0 passengers_killed, 0.0 pedestrian_injured, 0.0 pedestrian_killed, Fair (Day), EDSA Robinsons Galleria, Ugong Norte Quezon City",MMDA Road Safety Unit,,1da0b620-ff53-4ebd-aded-505931328597,2016-08-28,03:00:00,EDSA Oliveros Drive Quezon City,0,0,0,0,0,0,0,0,0,0,2016-08-28 11:00,Property,14.59206941,121.058228,Side Swipe
None,EDSA,None,None,"No Accident Factor, No Collision Stated (based on Police Blotter Book), 0.0 drivers_injured, 0.0 drivers_killed, 0.0 passengers_injured, 0.0 passengers_killed, 0.0 pedestrian_injured, 0.0 pedestrian_killed, Fair (Day), EDSA Kamias Road, West Kamias Quezon City",MMDA Road Safety Unit,,e2957153-bd05-4a6d-8ab8-a15c38d2561f,2016-08-28,01:30:00,"EDSA Mapagmahal St., Pinyahan Quezon City",0,0,0,0,0,0,0,0,0,0,2016-08-28 9:30,Property,14.6309142,121.0459376,No Collision Stated
None,EDSA,None,None,"No Accident Factor, Hit and Run (No Collision Stated), 0.0 drivers_injured, 0.0 drivers_killed, 0.0 passengers_injured, 0.0 passengers_killed, 0.0 pedestrian_injured, 0.0 pedestrian_killed, Fair (Day), EDSA Ramon Magsaysay High School Quezon City",MMDA Road Safety Unit,,b7410860-0702-443d-b6a6-f1037429542b,2016-08-28,01:00:00,"EDSA East Ave., Pinyahan Quezon City",0,0,0,0,0,0,0,0,0,0,2016-08-28 9:00,Property,14.62774693,121.0471762,No Collision Stated
None,EDSA,None,None,"No Accident Factor, Side Swipe, 0.0 drivers_injured, 0.0 drivers_killed, 0.0 passengers_injured, 0.0 passengers_killed, 0.0 pedestrian_injured, 0.0 pedestrian_killed, Fair (Night), EDSA Kamias Road, West Kamias Quezon City",MMDA Road Safety Unit,,fcf10610-2dcf-4854-8537-85858cd97001,2016-08-27,14:00:00,EDSA E. Garcia St.  Quezon City,0,0,0,0,0,0,0,0,0,0,2016-08-27 22:00,Property,14.6309142,121.0459376,Side Swipe
None,EDSA,None,None,"No Accident Factor, Rear-end, 0.0 drivers_injured, 0.0 drivers_killed, 0.0 passengers_injured, 0.0 passengers_killed, 0.0 pedestrian_injured, 0.0 pedestrian_killed, Fair (Night), EDSA Congressional Ave. Quezon City",MMDA Road Safety Unit,,c67f5f71-8da8-4057-8843-d803a3ebe2c2,2016-08-27,10:00:00,"EDSA P. Tuazon Blvd., Socorro, Cubao Quezon City",0,0,0,0,0,0,0,0,0,0,2016-08-27 18:00,Property,14.6571804,120.9927185,Rear-End
None,EDSA,None,None,"No Accident Factor, Rear-end, 0.0 drivers_injured, 0.0 drivers_killed, 0.0 passengers_injured, 0.0 passengers_killed, 0.0 pedestrian_injured, 0.0 pedestrian_killed, Fair (Day), EDSA West Ave.  Quezon City",MMDA Road Safety Unit,,a90f21f6-18ea-4fd5-91f9-20773bf72b8c,2016-08-27,08:00:00,"EDSA Howmart St., A. Samson Quezon City",0,0,0,0,0,0,0,0,0,0,2016-08-27 16:00,Property,14.65548924,121.0298079,Rear-End
None,EDSA,None,None,"No Accident Factor, Rear-end, 0.0 drivers_injured, 0.0 drivers_killed, 0.0 passengers_injured, 0.0 passengers_killed, 0.0 pedestrian_injured, 0.0 pedestrian_killed, Fair (Day), EDSA Royal St. Quezon City",MMDA Road Safety Unit,,2ba1e8c2-b99f-48e7-b2f4-d1913a7d9eb5,2016-08-27,06:30:00,EDSA Trinoma Mall Quezon City,0,0,0,0,0,0,0,0,0,0,2016-08-27 14:30,Property,14.65767141,121.0107008,Rear-End
None,EDSA,None,None,"No Accident Factor, Rear-end, 0.0 drivers_injured, 0.0 drivers_killed, 0.0 passengers_injured, 0.0 passengers_killed, 0.0 pedestrian_injured, 0.0 pedestrian_killed, Fair (Day), EDSA Quezon Ave. Quezon City",MMDA Road Safety Unit,,dfc90c2e-38f7-4cd2-b9ee-830dae85232c,2016-08-26,22:00:00,"EDSA Misamis St., Pag-asa Quezon City",0,0,0,0,0,0,0,0,0,0,2016-08-27 6:00,Property,14.6442444,121.0375839,Rear-End
None,EDSA,None,None,"No Accident Factor, Rear-end, 0.0 drivers_injured, 0.0 drivers_killed, 0.0 passengers_injured, 0.0 passengers_killed, 0.0 pedestrian_injured, 0.0 pedestrian_killed, Fair (Night), EDSA Bansalangin St. Quezon City",MMDA Road Safety Unit,,ac1f0dfa-15c9-480d-8635-3013e1f4eece,2016-08-26,20:00:00,"EDSA Timog, Pinyahan Quezon City",0,0,0,0,0,0,0,0,0,0,2016-08-27 4:00,Property,14.6567996,121.0241845,Rear-End
None,EDSA,None,None,"No Accident Factor, No Collision Stated (based on Police Blotter Book), 0.0 drivers_injured, 0.0 drivers_killed, 0.0 passengers_injured, 0.0 passengers_killed, 0.0 pedestrian_injured, 0.0 pedestrian_killed, Fair (Night), EDSA North Ave., Pag-asa Quezon City",MMDA Road Safety Unit,,519eb3cf-c1c1-4f46-8286-b58b28ca7969,2016-08-26,16:30:00,"EDSA Camp Aguinaldo Gate 3, Camp Aguinaldo Quezon City",0,0,0,0,0,0,0,0,0,0,2016-08-27 0:30,Property,14.65553839,121.0299647,No Collision Stated
None,EDSA,None,None,"No Accident Factor, Angle Impact, 0.0 drivers_injured, 0.0 drivers_killed, 0.0 passengers_injured, 0.0 passengers_killed, 0.0 pedestrian_injured, 0.0 pedestrian_killed, Fair (Night), EDSA Gen. Mc Arthur Ave., Socorro Quezon City",MMDA Road Safety Unit,,c31a6576-487a-40c7-b29e-a298b516f9f9,2016-08-26,13:50:00,EDSA New York St.  Quezon City,0,0,0,0,0,0,0,0,0,0,2016-08-26 21:50,Property,14.61805145,121.0517604,Angle Impact
None,EDSA,None,None,"No Accident Factor, Rear-end, 0.0 drivers_injured, 0.0 drivers_killed, 0.0 passengers_injured, 0.0 passengers_killed, 0.0 pedestrian_injured, 0.0 pedestrian_killed, Fair (Night), EDSA ""U"" turn slot, GMA-7 Quezon City",MMDA Road Safety Unit,,b43be71e-8c91-4da6-a42d-b84b67744a1a,2016-08-26,13:30:00,"EDSA Gen. Roxas Ave., Socorro Quezon City",0,0,0,0,0,0,0,0,0,0,2016-08-26 21:30,Property,14.63376993,121.0443308,Rear-End
None,EDSA,None,None,"No Accident Factor, Rear-end, 0.0 drivers_injured, 0.0 drivers_killed, 0.0 passengers_injured, 0.0 passengers_killed, 0.0 pedestrian_injured, 0.0 pedestrian_killed, Fair (Day), EDSA Banahaw Road Quezon City",MMDA Road Safety Unit,,123c4a2a-0846-4dc7-b9c6-f1064ee94d03,2016-08-26,09:30:00,"EDSA Puregold Supermarket, Balintawak Quezon City",0,0,0,0,0,0,0,0,0,0,2016-08-26 17:30,Property,14.61797303,121.0516572,Rear-End
None,EDSA,None,None,"No Accident Factor, Side Swipe, 0.0 drivers_injured, 0.0 drivers_killed, 0.0 passengers_injured, 0.0 passengers_killed, 0.0 pedestrian_injured, 0.0 pedestrian_killed, Fair (Day), EDSA Kaingin Road Quezon City",MMDA Road Safety Unit,,0a89405e-8b8f-40de-ac6f-7418a94024bf,2016-08-26,01:35:00,"EDSA P. Tuazon Blvd.,Socorro  Quezon City",0,0,0,0,0,0,0,0,0,0,2016-08-26 9:35,Property,14.65746493,121.0109963,Side Swipe
None,EDSA,None,None,"No Accident Factor, Side Swipe, 0.0 drivers_injured, 0.0 drivers_killed, 0.0 passengers_injured, 0.0 passengers_killed, 0.0 pedestrian_injured, 0.0 pedestrian_killed, Fair (Day), EDSA Col. Bonny Serrano Ave. Quezon City",MMDA Road Safety Unit,,51820303-a5ef-426a-944b-466a1bccdb4d,2016-08-26,00:00:00,"EDSA Whiteplains Ave., Camp Aguinaldo Quezon City",0,0,0,0,0,0,0,0,0,0,2016-08-26 8:00,Property,14.61107337,121.0550705,Side Swipe
None,EDSA,None,None,"No Accident Factor, Side Swipe, 0.0 drivers_injured, 0.0 drivers_killed, 0.0 passengers_injured, 0.0 passengers_killed, 0.0 pedestrian_injured, 0.0 pedestrian_killed, Fair (Night), EDSA White Plains Quezon City",MMDA Road Safety Unit,,c1cfcbb3-8c4b-4699-a80f-a8094a02ab26,2016-08-25,14:30:00,EDSA Camp Gen. Aguinaldo Quezon City,0,0,0,0,0,0,0,0,0,0,2016-08-25 22:30,Property,14.59961782,121.0596522,Side Swipe
None,EDSA,None,None,"No Accident Factor, Side Swipe, 0.0 drivers_injured, 0.0 drivers_killed, 0.0 passengers_injured, 0.0 passengers_killed, 0.0 pedestrian_injured, 0.0 pedestrian_killed, Fair (Night), EDSA White Plains, Ugong Norte Quezon City",MMDA Road Safety Unit,,0b79f51c-b8d2-4686-8fc1-29b6c0b87816,2016-08-25,11:15:00,EDSA Kamuning Road Quezon City,0,0,0,0,0,0,0,0,0,0,2016-08-25 19:15,Property,14.59961782,121.0596522,Side Swipe
None,EDSA,None,None,"No Accident Factor, Multiple Collision, 0.0 drivers_injured, 0.0 drivers_killed, 0.0 passengers_injured, 0.0 passengers_killed, 0.0 pedestrian_injured, 0.0 pedestrian_killed, Fair (Day), EDSA Quezon Ave. Quezon City",MMDA Road Safety Unit,,b31e2dbb-833d-43f0-8814-be737bf23001,2016-08-25,08:40:00,EDSA North MRT Station Quezon City,0,0,0,0,0,0,0,0,0,0,2016-08-25 16:40,Property,14.6442444,121.0375839,Multiple
None,EDSA,None,None,"No Accident Factor, Rear-end, 0.0 drivers_injured, 0.0 drivers_killed, 0.0 passengers_injured, 0.0 passengers_killed, 0.0 pedestrian_injured, 0.0 pedestrian_killed, Fair (Day), EDSA Col. Bonny Serrano Ave., Socorro Quezon City",MMDA Road Safety Unit,,69f9b808-3a5e-4bd5-a609-1b8078ff886b,2016-08-25,08:05:00,EDSA Timog Ave.  Quezon City,0,0,0,0,0,0,0,0,0,0,2016-08-25 16:05,Property,14.61107337,121.0550705,Rear-End
None,EDSA,None,None,"No Accident Factor, Rear-end, 0.0 drivers_injured, 0.0 drivers_killed, 0.0 passengers_injured, 0.0 passengers_killed, 0.0 pedestrian_injured, 0.0 pedestrian_killed, Fair (Day), EDSA Monte de Piedad St. Quezon City",MMDA Road Safety Unit,,690c4563-dfa4-40ab-b4f3-8460b98c18dc,2016-08-25,06:00:00,EDSA JAM Liner Terminal  Quezon City,0,0,0,0,0,0,0,0,0,0,2016-08-25 14:00,Property,14.62346937,121.0491711,Rear-End
None,EDSA,None,None,"No Accident Factor, Multiple Collision, 0.0 drivers_injured, 0.0 drivers_killed, 0.0 passengers_injured, 0.0 passengers_killed, 0.0 pedestrian_injured, 0.0 pedestrian_killed, Fair (Day), EDSA Robinson Galleria, Ugong Norte Quezon City",MMDA Road Safety Unit,,847c4825-1ca1-4711-8299-a5fda4a592e6,2016-08-25,00:00:00,EDSA Timog Ave.  Quezon City,0,0,0,0,0,0,0,0,0,0,2016-08-25 8:00,Property,14.59226131,121.0583025,Multiple
None,EDSA,None,None,"No Accident Factor, Side Swipe, 0.0 drivers_injured, 0.0 drivers_killed, 0.0 passengers_injured, 0.0 passengers_killed, 0.0 pedestrian_injured, 0.0 pedestrian_killed, Fair (Day), EDSA UNTV, Philam Quezon City",MMDA Road Safety Unit,,c8f3bf70-69ca-44c3-b702-9161547c334f,2016-08-24,23:00:00,EDSA Timog Ave.    Quezon City,0,0,0,0,0,0,0,0,0,0,2016-08-25 7:00,Property,14.64959397,121.0338735,Side Swipe
None,EDSA,None,None,"No Accident Factor, Side Swipe, 0.0 drivers_injured, 0.0 drivers_killed, 0.0 passengers_injured, 0.0 passengers_killed, 0.0 pedestrian_injured, 0.0 pedestrian_killed, Fair (Day), EDSA Cloverleaf Drive Quezon City",MMDA Road Safety Unit,,30fe2beb-7558-4fa2-9a74-091f345ee6a7,2016-08-24,22:50:00,EDSA Balintawak Market Quezon City,0,0,0,0,0,0,0,0,0,0,2016-08-25 6:50,Property,14.65740144,121.0008553,Side Swipe
None,EDSA,None,None,"No Accident Factor, Hit and Run (No Collision Stated), 0.0 drivers_injured, 0.0 drivers_killed, 0.0 passengers_injured, 0.0 passengers_killed, 0.0 pedestrian_injured, 0.0 pedestrian_killed, Fair (Night), EDSA Balintawak Market Quezon City",MMDA Road Safety Unit,,e2d2f6bb-ee4e-4c35-8594-c190269155a4,2016-08-24,13:00:00,EDSA SM North Quezon City,0,0,0,0,0,0,0,0,0,0,2016-08-24 21:00,Property,14.65740947,121.0025737,No Collision Stated
None,EDSA,None,None,"No Accident Factor, Rear-end, 0.0 drivers_injured, 0.0 drivers_killed, 0.0 passengers_injured, 0.0 passengers_killed, 0.0 pedestrian_injured, 0.0 pedestrian_killed, Fair (Night), EDSA P. Tuazon Blvd. Quezon City",MMDA Road Safety Unit,,525db170-f73c-4955-8133-f0b59d2fa390,2016-08-24,11:30:00,"EDSA P. Tuazon Blvd., Socorro Quezon City",0,0,0,0,0,0,0,0,0,0,2016-08-24 19:30,Property,14.61656342,121.0525225,Rear-End
None,EDSA,None,None,"No Accident Factor, Side Swipe, 0.0 drivers_injured, 0.0 drivers_killed, 0.0 passengers_injured, 0.0 passengers_killed, 0.0 pedestrian_injured, 0.0 pedestrian_killed, Fair (Night), EDSA ""U"" turn slot, Aurora Blvd. Quezon City",MMDA Road Safety Unit,,b4a9925c-fd5f-49c5-a7c4-71c6d3661af7,2016-08-24,11:05:00,"EDSA Ortigas Ave., Ugong Norte Quezon City",0,0,0,0,0,0,0,0,0,0,2016-08-24 19:05,Property,14.62142187,121.0502205,Side Swipe
None,EDSA,None,None,"No Accident Factor, Rear-end, 0.0 drivers_injured, 0.0 drivers_killed, 0.0 passengers_injured, 0.0 passengers_killed, 0.0 pedestrian_injured, 0.0 pedestrian_killed, Fair (Day), EDSA Balintawak Market Quezon City",MMDA Road Safety Unit,,6318acb1-3062-47aa-a383-9a4ed3cd896c,2016-08-24,06:45:00,EDSA Camp Gen. Aguinaldo Quezon City,0,0,0,0,0,0,0,0,0,0,2016-08-24 14:45,Property,14.65740947,121.0025737,Rear-End
None,EDSA,None,None,"No Accident Factor, Rear-end, 0.0 drivers_injured, 0.0 drivers_killed, 0.0 passengers_injured, 0.0 passengers_killed, 0.0 pedestrian_injured, 0.0 pedestrian_killed, Fair (Day), EDSA E. Garcia St. Quezon City",MMDA Road Safety Unit,,99fb4f93-f23a-4899-8984-03002a35119d,2016-08-24,06:30:00,EDSA Quezon Ave. Split Quezon City,0,0,0,0,0,0,0,0,0,0,2016-08-24 14:30,Property,14.62742033,121.0475769,Rear-End
None,EDSA,None,None,"No Accident Factor, Side Swipe, 0.0 drivers_injured, 0.0 drivers_killed, 0.0 passengers_injured, 0.0 passengers_killed, 0.0 pedestrian_injured, 0.0 pedestrian_killed, Fair (Day), EDSA Kamuning Road Quezon City",MMDA Road Safety Unit,,e10d88a0-03ae-44ee-b56f-f0d575320b96,2016-08-24,04:15:00,EDSA North MRT Station Quezon City,0,0,0,0,0,0,0,0,0,0,2016-08-24 12:15,Property,14.63075725,121.0457548,Side Swipe
None,EDSA,None,None,"No Accident Factor, Side Swipe, 1.0 drivers_injured, 0.0 drivers_killed, 0.0 passengers_injured, 0.0 passengers_killed, 0.0 pedestrian_injured, 0.0 pedestrian_killed, Fair (Day), EDSA Camp Aguinaldo Gate 3 Quezon City",MMDA Road Safety Unit,,06dc99eb-9dd2-4865-9ff6-17d7fa2661cb,2016-08-24,01:30:00,"EDSA MRT Station, Philam Quezon City",0,0,0,1,0,0,0,0,0,1,2016-08-24 9:30,Injury,14.60836048,121.0563667,Side Swipe
None,EDSA,None,None,"No Accident Factor, Side Swipe, 0.0 drivers_injured, 0.0 drivers_killed, 0.0 passengers_injured, 0.0 passengers_killed, 0.0 pedestrian_injured, 0.0 pedestrian_killed, Fair (Day), EDSA Timog Ave. Quezon City",MMDA Road Safety Unit,,ded061e5-f3ca-4cb4-b714-657bd5c67445,2016-08-24,00:30:00,EDSA Banahaw Road Quezon City,0,0,0,0,0,0,0,0,0,0,2016-08-24 8:30,Property,14.63293559,121.0446304,Side Swipe
None,EDSA,None,None,"No Accident Factor, Side Swipe, 0.0 drivers_injured, 0.0 drivers_killed, 0.0 passengers_injured, 0.0 passengers_killed, 0.0 pedestrian_injured, 0.0 pedestrian_killed, Fair (Night), EDSA UNTV, Philam Quezon City",MMDA Road Safety Unit,,908a29e1-1ec3-485b-a18e-ba48a350ed4a,2016-08-23,12:30:00,"EDSA Farmers Plaza, Socorro Quezon City",0,0,0,0,0,0,0,0,0,0,2016-08-23 20:30,Property,14.64959397,121.0338735,Side Swipe