LOCATION_TEXT,ROAD,WEATHER,LIGHT,DESC,REPORTING_AGENCY,MAIN_CAUSE,INCIDENTDETAILS_ID,DATE_UTC,TIME_UTC,ADDRESS,killed_driver,killed_passenger,killed_pedestrian,injured_driver,injured_passenger,injured_pedestrian,killed_uncategorized,injured_uncategorized,killed_total,injured_total,DATETIME_PST,SEVERITY,Y,X,COLLISION_TYPE
None,EDSA,None,None,"No Accident Factor, Rear-end, 0.0 drivers_injured, 0.0 drivers_killed, 0.0 passengers_injured, 0.0 passengers_killed, 0.0 pedestrian_injured, 0.0 pedestrian_killed, Fair (Night), EDSA Benitez St. Quezon City",MMDA Road Safety Unit,,2240d36c-cc62-4bc8-a5eb-ded56b333205,2016-08-23,11:55:00,"EDSA Farmers Plaza Cubao, Socorro Quezon City",0,0,0,0,0,0,0,0,0,0,2016-08-23 19:55,Property,14.64722757,121.0353693,Rear-End
None,EDSA,None,None,"No Accident Factor, Side Swipe, 0.0 drivers_injured, 0.0 drivers_killed, 0.0 passengers_injured, 0.0 passengers_killed, 0.0 pedestrian_injured, 0.0 pedestrian_killed, Fair (Day), EDSA Superlines Terminal Quezon City",MMDA Road Safety Unit,,322f359e-ca98-4331-9b2a-89d8a9ea900e,2016-08-23,08:00:00,"EDSA Main Ave., Socorro Quezon City",0,0,0,0,0,0,0,0,0,0,2016-08-23 16:00,Property,14.62512241,121.0484162,Side Swipe
None,EDSA,None,None,"No Accident Factor, No Collision Stated (based on Police Blotter Book), 0.0 drivers_injured, 0.0 drivers_killed, 0.0 passengers_injured, 0.0 passengers_killed, 0.0 pedestrian_injured, 0.0 pedestrian_killed, Fair (Day), EDSA Cloverleaf Road Quezon City",MMDA Road Safety Unit,,c779288a-e455-438c-ab72-063bce97cca7,2016-08-23,07:40:00,"EDSA New York St., E. Rod. Quezon City",0,0,0,0,0,0,0,0,0,0,2016-08-23 15:40,Property,14.65747901,121.0011914,No Collision Stated
None,EDSA,None,None,"No Accident Factor, No Collision Stated (based on Police Blotter Book), 0.0 drivers_injured, 0.0 drivers_killed, 1.0 passengers_injured, 0.0 passengers_killed, 0.0 pedestrian_injured, 0.0 pedestrian_killed, Fair (Day), EDSA Kamias Road, Pinyahan Quezon City",MMDA Road Safety Unit,,7a795918-72ec-41d1-b02a-fefefdfcd04c,2016-08-23,06:15:00,EDSA Scout Borromeo St.  Quezon City,0,0,0,0,1,0,0,0,0,1,2016-08-23 14:15,Injury,14.6309142,121.0459376,No Collision Stated
None,EDSA,None,None,"No Accident Factor, Side Swipe, 0.0 drivers_injured, 0.0 drivers_killed, 0.0 passengers_injured, 0.0 passengers_killed, 0.0 pedestrian_injured, 0.0 pedestrian_killed, Fair (Day), EDSA Cloverleaf Drive Quezon City",MMDA Road Safety Unit,,3e6bc1d7-88f5-4853-918b-0f4642f48bfb,2016-08-23,04:00:00,EDSA Aurora Blvd.  Quezon City,0,0,0,0,0,0,0,0,0,0,2016-08-23 12:00,Property,14.65740144,121.0008553,Side Swipe
None,EDSA,None,None,"No Accident Factor, Side Swipe, 0.0 drivers_injured, 0.0 drivers_killed, 0.0 passengers_injured, 0.0 passengers_killed, 0.0 pedestrian_injured, 0.0 pedestrian_killed, Fair (Day), EDSA Petron Gas Station, Socorro Quezon City",MMDA Road Safety Unit,,3dc8abad-c64d-4eff-8509-45235eb0732c,2016-08-23,03:35:00,EDSA Puregold Quezon City,0,0,0,0,0,0,0,0,0,0,2016-08-23 11:35,Property,14.61359717,121.0537886,Side Swipe
None,EDSA,None,None,"No Accident Factor, Rear-end, 0.0 drivers_injured, 0.0 drivers_killed, 0.0 passengers_injured, 0.0 passengers_killed, 0.0 pedestrian_injured, 0.0 pedestrian_killed, Fair (Day), EDSA Mother Ignacia St. Quezon City",MMDA Road Safety Unit,,de8e652c-97df-435f-9b34-519fab9ec34a,2016-08-23,03:20:00,"EDSA East Ave., Pinyahan Quezon City",0,0,0,0,0,0,0,0,0,0,2016-08-23 11:20,Property,14.64220321,121.0386692,Rear-End
None,EDSA,None,None,"No Accident Factor, Side Swipe, 0.0 drivers_injured, 0.0 drivers_killed, 0.0 passengers_injured, 0.0 passengers_killed, 0.0 pedestrian_injured, 0.0 pedestrian_killed, Fair (Day), EDSA E. Garcia St. Quezon City",MMDA Road Safety Unit,,eeaeb9e7-f1c2-4287-8ad9-221a6452ad4a,2016-08-23,02:40:00,"EDSA Five Star Bus Terminal, E. Rod. Quezon City",0,0,0,0,0,0,0,0,0,0,2016-08-23 10:40,Property,14.62742033,121.0475769,Side Swipe
None,EDSA,None,None,"No Accident Factor, Side Swipe, 0.0 drivers_injured, 0.0 drivers_killed, 0.0 passengers_injured, 0.0 passengers_killed, 0.0 pedestrian_injured, 0.0 pedestrian_killed, Fair (Day), EDSA Timog Ave. Quezon City",MMDA Road Safety Unit,,2fc503ab-6be5-497c-84f4-9b86fd8a21b9,2016-08-23,01:25:00,"EDSA P. Tuazon Blvd., Socorro Quezon City",0,0,0,0,0,0,0,0,0,0,2016-08-23 9:25,Property,14.63293559,121.0446304,Side Swipe
None,EDSA,None,None,"No Accident Factor, Side Swipe, 0.0 drivers_injured, 0.0 drivers_killed, 0.0 passengers_injured, 0.0 passengers_killed, 0.0 pedestrian_injured, 0.0 pedestrian_killed, Fair (Day), EDSA E. Garcia St. Quezon City",MMDA Road Safety Unit,,cd647436-3f1d-4695-9de4-e351166f3a4e,2016-08-23,00:00:00,"EDSA Misamis St., Sto. Cristo Quezon City",0,0,0,0,0,0,0,0,0,0,2016-08-23 8:00,Property,14.62742033,121.0475769,Side Swipe
None,EDSA,None,None,"No Accident Factor, Side Swipe, 0.0 drivers_injured, 0.0 drivers_killed, 0.0 passengers_injured, 0.0 passengers_killed, 0.0 pedestrian_injured, 0.0 pedestrian_killed, Fair (Day), EDSA Cloverleaf Road Quezon City",MMDA Road Safety Unit,,765666bb-a834-4fd1-b0d1-7ee0724824f6,2016-08-22,23:35:00,EDSA Col. Bonny Serrano Ave.  Quezon City,0,0,0,0,0,0,0,0,0,0,2016-08-23 7:35,Property,14.65747901,121.0011914,Side Swipe
None,EDSA,None,None,"No Accident Factor, Rear-end, 0.0 drivers_injured, 0.0 drivers_killed, 0.0 passengers_injured, 0.0 passengers_killed, 0.0 pedestrian_injured, 0.0 pedestrian_killed, Fair (Night), EDSA Bus Bay, Ramon Magsaysay Quezon City",MMDA Road Safety Unit,,4ba29679-a139-47da-931d-46fa72e5e2e8,2016-08-22,14:45:00,EDSA Cloverleaf Drive Quezon City,0,0,0,0,0,0,0,0,0,0,2016-08-22 22:45,Property,14.65632308,121.0274796,Rear-End
None,EDSA,None,None,"No Accident Factor, Side Swipe, 0.0 drivers_injured, 0.0 drivers_killed, 0.0 passengers_injured, 0.0 passengers_killed, 0.0 pedestrian_injured, 0.0 pedestrian_killed, Fair (Day), EDSA Timog Ave. Quezon City",MMDA Road Safety Unit,,420899e9-e329-48d8-a59c-d334387efe3c,2016-08-22,03:45:00,EDSA Cloverleaf Drive Quezon City,0,0,0,0,0,0,0,0,0,0,2016-08-22 11:45,Property,14.63293559,121.0446304,Side Swipe
None,EDSA,None,None,"No Accident Factor, Side Swipe, 0.0 drivers_injured, 0.0 drivers_killed, 0.0 passengers_injured, 0.0 passengers_killed, 0.0 pedestrian_injured, 0.0 pedestrian_killed, Fair (Day), EDSA North Road Quezon City",MMDA Road Safety Unit,,4b12e4b3-ec4e-4f53-9dbd-5b97a6e7bfdf,2016-08-22,02:20:00,"EDSA Santolan Road, Socorro Quezon City",0,0,0,0,0,0,0,0,0,0,2016-08-22 10:20,Property,14.61444188,121.0532975,Side Swipe
None,EDSA,None,None,"No Accident Factor, Rear-end, 0.0 drivers_injured, 0.0 drivers_killed, 0.0 passengers_injured, 0.0 passengers_killed, 0.0 pedestrian_injured, 0.0 pedestrian_killed, Fair (Day), EDSA Gen. Aguinaldo, Camp Aguinaldo Quezon City",MMDA Road Safety Unit,,c3df0e52-7058-4e4e-a0a2-672c2aaf038e,2016-08-22,01:15:00,"EDSA Quezon Ave. (Service Road, WB) Quezon City",0,0,0,0,0,0,0,0,0,0,2016-08-22 9:15,Property,14.6012582,121.05938,Rear-End
None,EDSA,None,None,"No Accident Factor, Multiple Collision, 0.0 drivers_injured, 0.0 drivers_killed, 0.0 passengers_injured, 0.0 passengers_killed, 0.0 pedestrian_injured, 0.0 pedestrian_killed, Fair (Day), EDSA Kaingin Road Quezon City",MMDA Road Safety Unit,,9f2b432e-37cb-45c5-8a95-caade6ac864c,2016-08-22,00:40:00,EDSA Kaingin Road Quezon City,0,0,0,0,0,0,0,0,0,0,2016-08-22 8:40,Property,14.65746493,121.0109963,Multiple
None,EDSA,None,None,"No Accident Factor, Side Swipe, 0.0 drivers_injured, 0.0 drivers_killed, 0.0 passengers_injured, 0.0 passengers_killed, 0.0 pedestrian_injured, 0.0 pedestrian_killed, Fair (Day), EDSA White Plains Ave., Camp Aguinaldo Quezon City",MMDA Road Safety Unit,,2ee07ba9-1082-4491-aee8-3511cb065627,2016-08-21,23:00:00,"EDSA National Printing Office Road, Pinyahan  Quezon City",0,0,0,0,0,0,0,0,0,0,2016-08-22 7:00,Property,14.59961782,121.0596522,Side Swipe
None,EDSA,None,None,"No Accident Factor, Rear-end, 0.0 drivers_injured, 0.0 drivers_killed, 0.0 passengers_injured, 0.0 passengers_killed, 0.0 pedestrian_injured, 0.0 pedestrian_killed, Fair (Night), EDSA Q-Mart Market Quezon City",MMDA Road Safety Unit,,e5497f59-992f-415f-a4b6-42df204f1c29,2016-08-21,18:00:00,"EDSA Shell Gas Station, A. Samson Quezon City",0,0,0,0,0,0,0,0,0,0,2016-08-22 2:00,Property,14.62811603,121.0472822,Rear-End
None,EDSA,None,None,"No Accident Factor, No Collision Stated (based on Police Blotter Book), 0.0 drivers_injured, 0.0 drivers_killed, 0.0 passengers_injured, 0.0 passengers_killed, 0.0 pedestrian_injured, 0.0 pedestrian_killed, Fair (Night), EDSA Aurora Blvd. Quezon City",MMDA Road Safety Unit,,ec08e094-2ab1-4b03-a456-d3574b80da29,2016-08-21,13:30:00,"EDSA Total Gas Station, Balingasa Quezon City",0,0,0,0,0,0,0,0,0,0,2016-08-21 21:30,Property,14.62163653,121.0501573,No Collision Stated
None,EDSA,None,None,"No Accident Factor, No Collision Stated (based on Police Blotter Book), 0.0 drivers_injured, 0.0 drivers_killed, 0.0 passengers_injured, 0.0 passengers_killed, 0.0 pedestrian_injured, 0.0 pedestrian_killed, Fair (Night), EDSA Kamias Road, Pinyahan Quezon City",MMDA Road Safety Unit,,242e8359-b5d9-4f30-95a8-762ebbe4ec5c,2016-08-21,12:20:00,"EDSA Baliwag Bus Terminal, E Rodriguez Quezon City",0,0,0,0,0,0,0,0,0,0,2016-08-21 20:20,Property,14.6309142,121.0459376,No Collision Stated
None,EDSA,None,None,"No Accident Factor, Rear-end, 0.0 drivers_injured, 0.0 drivers_killed, 0.0 passengers_injured, 0.0 passengers_killed, 0.0 pedestrian_injured, 0.0 pedestrian_killed, Fair (Night), EDSA ""U"" turn slot, Bgy. Katipu Quezon City",MMDA Road Safety Unit,,697a8c07-8917-4f94-9958-638607039247,2016-08-21,10:10:00,"EDSA NIA Road, Pinyahan Quezon City",0,0,0,0,0,0,0,0,0,0,2016-08-21 18:10,Property,14.65759049,121.0162309,Rear-End
None,EDSA,None,None,"No Accident Factor, Side Swipe, 0.0 drivers_injured, 0.0 drivers_killed, 0.0 passengers_injured, 0.0 passengers_killed, 0.0 pedestrian_injured, 0.0 pedestrian_killed, Fair (Day), EDSA Aurora Blvd. Quezon City",MMDA Road Safety Unit,,2456575f-a555-40ff-9f93-a950f13e21cb,2016-08-20,23:30:00,EDSA Cloverleaf Quezon City,0,0,0,0,0,0,0,0,0,0,2016-08-21 7:30,Property,14.62163653,121.0501573,Side Swipe
None,EDSA,None,None,"No Accident Factor, Rear-end, 0.0 drivers_injured, 0.0 drivers_killed, 0.0 passengers_injured, 0.0 passengers_killed, 0.0 pedestrian_injured, 0.0 pedestrian_killed, Fair (Night), EDSA East Ave., Pinyahan Quezon City",MMDA Road Safety Unit,,92abb388-c24d-46ed-99f6-e1bf4b8ae188,2016-08-20,16:05:00,"EDSA East Ave., Pinyahan Quezon City",0,0,0,0,0,0,0,0,0,0,2016-08-21 0:05,Property,14.6328297,121.0451176,Rear-End
None,EDSA,None,None,"No Accident Factor, Side Swipe, 0.0 drivers_injured, 0.0 drivers_killed, 0.0 passengers_injured, 0.0 passengers_killed, 0.0 pedestrian_injured, 0.0 pedestrian_killed, Fair (Night), EDSA East Ave., Pinyahan Quezon City",MMDA Road Safety Unit,,b4d42226-5096-46f6-b3b3-c4b0641c3dc2,2016-08-20,15:00:00,EDSA Cloverleaf Quezon City,0,0,0,0,0,0,0,0,0,0,2016-08-20 23:00,Property,14.6328297,121.0451176,Side Swipe
None,EDSA,None,None,"No Accident Factor, Side Swipe, 0.0 drivers_injured, 0.0 drivers_killed, 0.0 passengers_injured, 0.0 passengers_killed, 0.0 pedestrian_injured, 0.0 pedestrian_killed, Fair (Night), EDSA Aurora Blvd., E. Rod. Quezon City",MMDA Road Safety Unit,,2edbbf1f-4b24-462c-838b-f5b8289d5e67,2016-08-20,14:25:00,EDSA Balintawak Market Quezon City,0,0,0,0,0,0,0,0,0,0,2016-08-20 22:25,Property,14.6218043,121.0502049,Side Swipe
None,EDSA,None,None,"No Accident Factor, Rear-end, 0.0 drivers_injured, 0.0 drivers_killed, 0.0 passengers_injured, 0.0 passengers_killed, 0.0 pedestrian_injured, 0.0 pedestrian_killed, Fair (Night), EDSA Congressional Ave., Ramon Magsaysay Quezon City",MMDA Road Safety Unit,,0c759ee9-44b7-4e1c-a4d5-cba155015154,2016-08-20,13:25:00,"EDSA Puregold, Balintawak Quezon City",0,0,0,0,0,0,0,0,0,0,2016-08-20 21:25,Property,14.6571804,120.9927185,Rear-End
None,EDSA,None,None,"No Accident Factor, No Collision Stated (based on Police Blotter Book), 0.0 drivers_injured, 0.0 drivers_killed, 0.0 passengers_injured, 0.0 passengers_killed, 0.0 pedestrian_injured, 0.0 pedestrian_killed, Fair (Night), EDSA SM Mall North, Pag-Asa Quezon City",MMDA Road Safety Unit,,b67cb5aa-e9ba-424b-9eb9-d8ec3191982c,2016-08-20,11:15:00,EDSA Trinoma Mall Quezon City,0,0,0,0,0,0,0,0,0,0,2016-08-20 19:15,Property,14.65580781,121.0293115,No Collision Stated
None,EDSA,None,None,"No Accident Factor, No Collision Stated (based on Police Blotter Book), 0.0 drivers_injured, 0.0 drivers_killed, 0.0 passengers_injured, 0.0 passengers_killed, 0.0 pedestrian_injured, 0.0 pedestrian_killed, Fair (Day), EDSA Camp Aguinaldo Gate 2 Quezon City",MMDA Road Safety Unit,,ad28ae70-7ceb-4b9d-8a61-01754d8c4b08,2016-08-20,06:10:00,EDSA Farmers Cubao Quezon City,0,0,0,0,0,0,0,0,0,0,2016-08-20 14:10,Property,14.6098829,121.0556752,No Collision Stated
None,EDSA,None,None,"No Accident Factor, Angle Impact, 0.0 drivers_injured, 0.0 drivers_killed, 0.0 passengers_injured, 0.0 passengers_killed, 0.0 pedestrian_injured, 0.0 pedestrian_killed, Fair (Day), EDSA Main Ave., Socorro Quezon City",MMDA Road Safety Unit,,c08a56a7-c0a1-4ed9-a198-1916d5f0438f,2016-08-20,04:15:00,"EDSA Nepa Q-Mart, E. Rodriguez Quezon City",0,0,0,0,0,0,0,0,0,0,2016-08-20 12:15,Property,14.61376458,121.0537933,Angle Impact
None,EDSA,None,None,"No Accident Factor, Rear-end, 0.0 drivers_injured, 0.0 drivers_killed, 0.0 passengers_injured, 0.0 passengers_killed, 0.0 pedestrian_injured, 0.0 pedestrian_killed, Fair (Day), EDSA Five Star Terminal Quezon City",MMDA Road Safety Unit,,976c91f5-f945-4737-9b64-bc7064236135,2016-08-20,02:45:00,"EDSA Corinthian  Garden Subd., Ugong Norte Quezon City",0,0,0,0,0,0,0,0,0,0,2016-08-20 10:45,Property,14.62375691,121.0492447,Rear-End
None,EDSA,None,None,"No Accident Factor, No Collision Stated (based on Police Blotter Book), 0.0 drivers_injured, 0.0 drivers_killed, 0.0 passengers_injured, 0.0 passengers_killed, 0.0 pedestrian_injured, 0.0 pedestrian_killed, Fair (Day), EDSA Ramon Magsaysay  Quezon City",MMDA Road Safety Unit,,cbcb911f-ef81-4735-b9d9-33c0928d91b6,2016-08-20,02:45:00,"EDSA PS-10, Kamuning Quezon City",0,0,0,0,0,0,0,0,0,0,2016-08-20 10:45,Property,14.62774693,121.0471762,No Collision Stated
None,EDSA,None,None,"No Accident Factor, Side Swipe, 0.0 drivers_injured, 0.0 drivers_killed, 0.0 passengers_injured, 0.0 passengers_killed, 0.0 pedestrian_injured, 0.0 pedestrian_killed, Fair (Night), EDSA Cloverleaf Quezon City",MMDA Road Safety Unit,,3871c8d9-5bbc-4141-bbb9-8d8d874ea190,2016-08-19,12:30:00,EDSA Banahaw St. (SB) Quezon City,0,0,0,0,0,0,0,0,0,0,2016-08-19 20:30,Property,14.65747901,121.0011914,Side Swipe
None,EDSA,None,None,"No Accident Factor, Multiple Collision, 0.0 drivers_injured, 0.0 drivers_killed, 0.0 passengers_injured, 0.0 passengers_killed, 0.0 pedestrian_injured, 0.0 pedestrian_killed, Fair (Day), EDSA Cloverleaf Drive Quezon City",MMDA Road Safety Unit,,d5398a7c-7bcf-40ed-ab51-86d3327c77f3,2016-08-19,08:50:00,"EDSA Corinthian  Garden Subd., Ugong Norte Quezon City",0,0,0,0,0,0,0,0,0,0,2016-08-19 16:50,Property,14.65740144,121.0008553,Multiple
None,EDSA,None,None,"No Accident Factor, Side Swipe, 0.0 drivers_injured, 0.0 drivers_killed, 0.0 passengers_injured, 0.0 passengers_killed, 0.0 pedestrian_injured, 0.0 pedestrian_killed, Fair (Day), EDSA North Road Quezon City",MMDA Road Safety Unit,,65143dda-81c9-49a9-b49b-2de594afc3d4,2016-08-19,08:30:00,EDSA Arayat St.  Quezon City,0,0,0,0,0,0,0,0,0,0,2016-08-19 16:30,Property,14.61444188,121.0532975,Side Swipe
None,EDSA,None,None,"No Accident Factor, Rear-end, 0.0 drivers_injured, 0.0 drivers_killed, 0.0 passengers_injured, 0.0 passengers_killed, 0.0 pedestrian_injured, 0.0 pedestrian_killed, Fair (Day), EDSA P. Tuazon Blvd. Quezon City",MMDA Road Safety Unit,,71233b23-0e9e-40ad-bb34-92d033782041,2016-08-19,06:30:00,EDSA Timog MRT Station Quezon City,0,0,0,0,0,0,0,0,0,0,2016-08-19 14:30,Property,14.61656342,121.0525225,Rear-End
None,EDSA,None,None,"No Accident Factor, Side Swipe, 0.0 drivers_injured, 0.0 drivers_killed, 0.0 passengers_injured, 0.0 passengers_killed, 0.0 pedestrian_injured, 0.0 pedestrian_killed, Fair (Day), EDSA P. Tuazon Blvd. Quezon City",MMDA Road Safety Unit,,c4566658-c056-42c1-8b23-27eb1dae09b1,2016-08-19,06:20:00,EDSA Monte De Piedad St. Quezon City,0,0,0,0,0,0,0,0,0,0,2016-08-19 14:20,Property,14.61656342,121.0525225,Side Swipe
None,EDSA,None,None,"No Accident Factor, Rear-end, 0.0 drivers_injured, 0.0 drivers_killed, 0.0 passengers_injured, 0.0 passengers_killed, 0.0 pedestrian_injured, 0.0 pedestrian_killed, Fair (Day), EDSA Waltermart Quezon City",MMDA Road Safety Unit,,7620e141-2ac5-41b7-a0ca-2eb005ab5b0c,2016-08-19,06:00:00,EDSA Quezon Ave.  Quezon City,0,0,0,0,0,0,0,0,0,0,2016-08-19 14:00,Property,14.6574558,121.0213579,Rear-End
None,EDSA,None,None,"No Accident Factor, Hit and Run (No Collision Stated), 0.0 drivers_injured, 0.0 drivers_killed, 0.0 passengers_injured, 0.0 passengers_killed, 0.0 pedestrian_injured, 0.0 pedestrian_killed, Fair (Day), EDSA Mo. Ignacia St. Quezon City",MMDA Road Safety Unit,,00222e31-689b-469c-a57f-86749bd909b9,2016-08-19,04:45:00,"EDSA DILG, Quezon Ave. (SB)  Quezon City",0,0,0,0,0,0,0,0,0,0,2016-08-19 12:45,Property,14.64225922,121.038789,No Collision Stated
None,EDSA,None,None,"No Accident Factor, Rear-end, 0.0 drivers_injured, 0.0 drivers_killed, 0.0 passengers_injured, 0.0 passengers_killed, 0.0 pedestrian_injured, 0.0 pedestrian_killed, Fair (Night), EDSA Kamuning Road Quezon City",MMDA Road Safety Unit,,860c192d-62f1-4e06-8f30-f1a103366b83,2016-08-18,21:55:00,"EDSA SM Mall North, Ramon Magsaysay Quezon City",0,0,0,0,0,0,0,0,0,0,2016-08-19 5:55,Property,14.63075725,121.0457548,Rear-End
None,EDSA,None,None,"No Accident Factor, Side Swipe, 0.0 drivers_injured, 0.0 drivers_killed, 0.0 passengers_injured, 0.0 passengers_killed, 0.0 pedestrian_injured, 0.0 pedestrian_killed, Fair (Day), EDSA Cloverleaf Quezon City",MMDA Road Safety Unit,,e59cfc8f-00df-4f6c-8ace-e8141a27f1f8,2016-08-18,09:15:00,EDSA Oliveros Quezon City,0,0,0,0,0,0,0,0,0,0,2016-08-18 17:15,Property,14.65747901,121.0011914,Side Swipe
None,EDSA,None,None,"No Accident Factor, Rear-end, 0.0 drivers_injured, 0.0 drivers_killed, 0.0 passengers_injured, 0.0 passengers_killed, 0.0 pedestrian_injured, 0.0 pedestrian_killed, Fair (Day), EDSA Timog Ave. Quezon City",MMDA Road Safety Unit,,62d9fbda-0645-41b6-abcf-b97d9052054a,2016-08-18,07:45:00,EDSA West Ave.  Quezon City,0,0,0,0,0,0,0,0,0,0,2016-08-18 15:45,Property,14.63293559,121.0446304,Rear-End
None,EDSA,None,None,"No Accident Factor, Hit and Run (No Collision Stated), 0.0 drivers_injured, 0.0 drivers_killed, 0.0 passengers_injured, 0.0 passengers_killed, 0.0 pedestrian_injured, 0.0 pedestrian_killed, Fair (Day), EDSA P. Tuazon Blvd., Socorro Quezon City",MMDA Road Safety Unit,,21eb844e-0f4a-4568-bfde-cf61646c3518,2016-08-18,04:20:00,"EDSA Corregidor St., Ramon Magsaysay Quezon City",0,0,0,0,0,0,0,0,0,0,2016-08-18 12:20,Property,14.61656342,121.0525225,No Collision Stated
None,EDSA,None,None,"No Accident Factor, Multiple Collision, 0.0 drivers_injured, 0.0 drivers_killed, 0.0 passengers_injured, 0.0 passengers_killed, 0.0 pedestrian_injured, 0.0 pedestrian_killed, Fair (Day), EDSA Monte de Piedad St. Quezon City",MMDA Road Safety Unit,,bf87ee9b-77b1-4f59-b3fc-89d7b0ea1d70,2016-08-18,04:15:00,EDSA Roosevelt Ave. Quezon City,0,0,0,0,0,0,0,0,0,0,2016-08-18 12:15,Property,14.62346937,121.0491711,Multiple
None,EDSA,None,None,"No Accident Factor, Side Swipe, 0.0 drivers_injured, 0.0 drivers_killed, 0.0 passengers_injured, 0.0 passengers_killed, 0.0 pedestrian_injured, 0.0 pedestrian_killed, Fair (Night), EDSA P. Tuazon Blvd., Socorro Cubao Quezon City",MMDA Road Safety Unit,,1028a2e5-e874-459d-a5d6-2f3c669bb6bd,2016-08-17,15:15:00,EDSA E. Lopez Drive Quezon City,0,0,0,0,0,0,0,0,0,0,2016-08-17 23:15,Property,14.61656342,121.0525225,Side Swipe
None,EDSA,None,None,"No Accident Factor, Side Swipe, 1.0 drivers_injured, 0.0 drivers_killed, 0.0 passengers_injured, 0.0 passengers_killed, 0.0 pedestrian_injured, 0.0 pedestrian_killed, Fair (Night), EDSA Aurora Blvd. Quezon City",MMDA Road Safety Unit,,7b60fadc-418c-45ef-9122-c440141b85e6,2016-08-17,12:00:00,"EDSA Toyota Motors North, Ramon Magsaysay Quezon City",0,0,0,1,0,0,0,0,0,1,2016-08-17 20:00,Injury,14.62163653,121.0501573,Side Swipe
None,EDSA,None,None,"No Accident Factor, Side Swipe, 0.0 drivers_injured, 0.0 drivers_killed, 0.0 passengers_injured, 0.0 passengers_killed, 0.0 pedestrian_injured, 0.0 pedestrian_killed, Fair (Night), EDSA Ortigas Ave., Robinsons Exit, Ugong Norte Quezon City",MMDA Road Safety Unit,,82fd2407-a8fd-4fae-b255-ac82fba9513e,2016-08-17,11:30:00,"EDSA Baliwag Bus Terminal, Cubao Quezon City",0,0,0,0,0,0,0,0,0,0,2016-08-17 19:30,Property,14.59275486,121.0584221,Side Swipe
None,EDSA,None,None,"No Accident Factor, Side Swipe, 0.0 drivers_injured, 0.0 drivers_killed, 0.0 passengers_injured, 0.0 passengers_killed, 0.0 pedestrian_injured, 0.0 pedestrian_killed, Fair (Day), EDSA EDSA Shrine, Robinsons Galleria Exit, Ortigas Ave., Ugong Norte Quezon City",MMDA Road Safety Unit,,63f97bb8-dbb4-4838-b2ba-91798912b564,2016-08-17,09:45:00,EDSA Monte De Piedad St. Quezon City,0,0,0,0,0,0,0,0,0,0,2016-08-17 17:45,Property,14.59266288,121.0584303,Side Swipe
None,EDSA,None,None,"No Accident Factor, No Collision Stated (based on Police Blotter Book), 0.0 drivers_injured, 0.0 drivers_killed, 0.0 passengers_injured, 0.0 passengers_killed, 0.0 pedestrian_injured, 0.0 pedestrian_killed, Fair (Day), EDSA Cloverleaf Drive Quezon City",MMDA Road Safety Unit,,7160ed6d-3f60-4381-bff3-f16a138a2a52,2016-08-17,07:00:00,EDSA Timog Ave.  Quezon City,0,0,0,0,0,0,0,0,0,0,2016-08-17 15:00,Property,14.65740144,121.0008553,No Collision Stated
None,EDSA,None,None,"No Accident Factor, No Collision Stated (based on Police Blotter Book), 0.0 drivers_injured, 0.0 drivers_killed, 0.0 passengers_injured, 0.0 passengers_killed, 0.0 pedestrian_injured, 0.0 pedestrian_killed, Fair (Day), EDSA Balintawak Market Quezon City",MMDA Road Safety Unit,,d303257a-f48a-46a5-9a70-94df483a1442,2016-08-17,00:45:00,EDSA Roosevelt Ave. Quezon City,0,0,0,0,0,0,0,0,0,0,2016-08-17 8:45,Property,14.65740947,121.0025737,No Collision Stated
None,EDSA,None,None,"No Accident Factor, Side Swipe, 0.0 drivers_injured, 0.0 drivers_killed, 0.0 passengers_injured, 0.0 passengers_killed, 0.0 pedestrian_injured, 0.0 pedestrian_killed, Fair (Day), EDSA Balintawak Market Quezon City",MMDA Road Safety Unit,,76b63ec7-9306-42eb-80a2-168da158b50a,2016-08-17,00:10:00,"EDSA SM Hypermart, Socorro Quezon City",0,0,0,0,0,0,0,0,0,0,2016-08-17 8:10,Property,14.65740947,121.0025737,Side Swipe
None,EDSA,None,None,"No Accident Factor, Rear-end, 0.0 drivers_injured, 0.0 drivers_killed, 0.0 passengers_injured, 0.0 passengers_killed, 0.0 pedestrian_injured, 0.0 pedestrian_killed, Fair (Day), EDSA Aurora Blvd. Quezon City",MMDA Road Safety Unit,,f71f2145-7693-4af6-a7eb-af414d55fb19,2016-08-16,08:00:00,"EDSA Nepa Q-Mart, E. Rodriguez Quezon City",0,0,0,0,0,0,0,0,0,0,2016-08-16 16:00,Property,14.62163653,121.0501573,Rear-End
None,EDSA,None,None,"No Accident Factor, Side Swipe, 0.0 drivers_injured, 0.0 drivers_killed, 0.0 passengers_injured, 0.0 passengers_killed, 0.0 pedestrian_injured, 0.0 pedestrian_killed, Fair (Day), EDSA Santolan MRT Station Quezon City",MMDA Road Safety Unit,,8963a043-6efc-4e6a-b3b7-fdeb91c1b0b1,2016-08-16,02:30:00,EDSA Timog Ave. Quezon City,0,0,0,0,0,0,0,0,0,0,2016-08-16 10:30,Property,14.60773988,121.0564577,Side Swipe