LOCATION_TEXT,ROAD,WEATHER,LIGHT,DESC,REPORTING_AGENCY,MAIN_CAUSE,INCIDENTDETAILS_ID,DATE_UTC,TIME_UTC,ADDRESS,killed_driver,killed_passenger,killed_pedestrian,injured_driver,injured_passenger,injured_pedestrian,killed_uncategorized,injured_uncategorized,killed_total,injured_total,DATETIME_PST,SEVERITY,Y,X,COLLISION_TYPE
None,EDSA,None,None,"No Accident Factor, No Collision Stated (based on Police Blotter Book), 0.0 drivers_injured, 0.0 drivers_killed, 0.0 passengers_injured, 0.0 passengers_killed, 0.0 pedestrian_injured, 0.0 pedestrian_killed, Fair (Day), EDSA Main Ave., Socorro Quezon City",MMDA Road Safety Unit,,e3f0811d-e246-4a9d-a323-2b206211232a,2016-08-15,23:20:00,EDSA Camp Crame Quezon City,0,0,0,0,0,0,0,0,0,0,2016-08-16 7:20,Property,14.61376458,121.0537933,No Collision Stated
None,EDSA,None,None,"No Accident Factor, Side Swipe, 0.0 drivers_injured, 0.0 drivers_killed, 0.0 passengers_injured, 0.0 passengers_killed, 0.0 pedestrian_injured, 0.0 pedestrian_killed, Fair (Night), EDSA Robinsons Galleria Exit, Ugong Norte Quezon City",MMDA Road Safety Unit,,01e74ad0-d77c-4872-be64-6d23edefd04a,2016-08-15,12:00:00,"EDSA Congressional Ave., Ramon Magsaysay Quezon City",0,0,0,0,0,0,0,0,0,0,2016-08-15 20:00,Property,14.59206941,121.058228,Side Swipe
None,EDSA,None,None,"No Accident Factor, No Collision Stated (based on Police Blotter Book), 0.0 drivers_injured, 0.0 drivers_killed, 0.0 passengers_injured, 0.0 passengers_killed, 0.0 pedestrian_injured, 0.0 pedestrian_killed, Fair (Night), EDSA Shell Gas Station, Main Ave., Socorro Quezon City",MMDA Road Safety Unit,,4fdeda23-f402-4f1e-8dcb-9cbbee0df378,2016-08-15,11:30:00,EDSA JAM Liner Quezon City,0,0,0,0,0,0,0,0,0,0,2016-08-15 19:30,Property,14.61353822,121.0538874,No Collision Stated
None,EDSA,None,None,"No Accident Factor, Rear-end, 0.0 drivers_injured, 0.0 drivers_killed, 0.0 passengers_injured, 0.0 passengers_killed, 0.0 pedestrian_injured, 0.0 pedestrian_killed, Fair (Night), EDSA Cebuana Lhuillier Pawnshop, E. Rod. Quezon City",MMDA Road Safety Unit,,9d864b0c-4af0-412c-985c-c3e6624bc3eb,2016-08-15,10:00:00,EDSA South Road Quezon City,0,0,0,0,0,0,0,0,0,0,2016-08-15 18:00,Property,14.6219375,121.0498354,Rear-End
None,EDSA,None,None,"No Accident Factor, Side Swipe, 0.0 drivers_injured, 0.0 drivers_killed, 0.0 passengers_injured, 0.0 passengers_killed, 0.0 pedestrian_injured, 0.0 pedestrian_killed, Fair (Day), EDSA East Ave., Pinyahan Quezon City",MMDA Road Safety Unit,,fefadd21-6bef-407d-bcb5-9fc6a8f617ef,2016-08-15,02:20:00,"EDSA Aurora Blvd., E. Rodriguez Quezon City",0,0,0,0,0,0,0,0,0,0,2016-08-15 10:20,Property,14.6328297,121.0451176,Side Swipe
None,EDSA,None,None,"No Accident Factor, Rear-end, 0.0 drivers_injured, 0.0 drivers_killed, 0.0 passengers_injured, 0.0 passengers_killed, 0.0 pedestrian_injured, 0.0 pedestrian_killed, Fair (Day), EDSA Kamuning Road Quezon City",MMDA Road Safety Unit,,53ab13f3-0900-4692-a6cf-e8a023f044ee,2016-08-15,01:30:00,EDSA Camp Aguinaldo Quezon City,0,0,0,0,0,0,0,0,0,0,2016-08-15 9:30,Property,14.63075725,121.0457548,Rear-End
None,EDSA,None,None,"No Accident Factor, Rear-end, 0.0 drivers_injured, 0.0 drivers_killed, 0.0 passengers_injured, 0.0 passengers_killed, 0.0 pedestrian_injured, 0.0 pedestrian_killed, Fair (Day), EDSA Cloverleaf Quezon City",MMDA Road Safety Unit,,fe9f4893-3f52-4070-8114-8afa56e2dd8a,2016-08-15,01:10:00,EDSA Camp Aguinaldo Quezon City,0,0,0,0,0,0,0,0,0,0,2016-08-15 9:10,Property,14.65747901,121.0011914,Rear-End
None,EDSA,None,None,"No Accident Factor, Rear-end, 0.0 drivers_injured, 0.0 drivers_killed, 0.0 passengers_injured, 0.0 passengers_killed, 0.0 pedestrian_injured, 0.0 pedestrian_killed, Fair (Day), EDSA Monte de Piedad St. Quezon City",MMDA Road Safety Unit,,09c12a30-e7de-426e-ae25-47d7f9d68fbd,2016-08-15,00:30:00,EDSA South Road Quezon City,0,0,0,0,0,0,0,0,0,0,2016-08-15 8:30,Property,14.62346937,121.0491711,Rear-End
None,EDSA,None,None,"No Accident Factor, Hit Object (Barrier-Concrete / Barrier-Plastic), 0.0 drivers_injured, 0.0 drivers_killed, 0.0 passengers_injured, 0.0 passengers_killed, 0.0 pedestrian_injured, 0.0 pedestrian_killed, Fair (Night), EDSA B. Serrano Ave., Socorro Quezon City",MMDA Road Safety Unit,,0425b49c-9a90-4ca5-8f1c-8cb14dd250f9,2016-08-14,15:30:00,"EDSA Paramount, Philam Quezon City",0,0,0,0,0,0,0,0,0,0,2016-08-14 23:30,Property,14.61096685,121.0551991,Hit Object
None,EDSA,None,None,"No Accident Factor, No Collision Stated (based on Police Blotter Book), 0.0 drivers_injured, 0.0 drivers_killed, 0.0 passengers_injured, 0.0 passengers_killed, 0.0 pedestrian_injured, 0.0 pedestrian_killed, Fair (Day), EDSA Ortigas Ave., Ugong Norte Quezon City",MMDA Road Safety Unit,,5bd48eaa-0ed5-47e3-b99d-488fcdb449b4,2016-08-14,09:45:00,"EDSA Farmers Plaza, Socorro Quezon City",0,0,0,0,0,0,0,0,0,0,2016-08-14 17:45,Property,14.59335253,121.0584107,No Collision Stated
None,EDSA,None,None,"No Accident Factor, Angle Impact, 0.0 drivers_injured, 0.0 drivers_killed, 0.0 passengers_injured, 0.0 passengers_killed, 0.0 pedestrian_injured, 0.0 pedestrian_killed, Fair (Day), EDSA People Power Monument, Aguinaldo Quezon City",MMDA Road Safety Unit,,545f092b-b456-4357-9631-05e3d330020e,2016-08-13,23:00:00,"EDSA ""U"" turn slot, Dario Bridge Quezon City",0,0,0,0,0,0,0,0,0,0,2016-08-14 7:00,Property,14.59994643,121.059777,Angle Impact
None,EDSA,None,None,"No Accident Factor, Hit Object (Fence/Wall-Steel), 0.0 drivers_injured, 0.0 drivers_killed, 0.0 passengers_injured, 0.0 passengers_killed, 0.0 pedestrian_injured, 0.0 pedestrian_killed, Fair (Day), EDSA Cloverleaf Quezon City",MMDA Road Safety Unit,,3cf37d16-2c7f-45f1-b8d3-68ccc3b65fbe,2016-08-13,04:20:00,"EDSA ""U"" turn slot, Nueva Ecija St., Santo Cristo  Quezon City",0,0,0,0,0,0,0,0,0,0,2016-08-13 12:20,Property,14.65747901,121.0011914,Hit Object
None,EDSA,None,None,"No Accident Factor, Rear-end, 0.0 drivers_injured, 0.0 drivers_killed, 0.0 passengers_injured, 0.0 passengers_killed, 0.0 pedestrian_injured, 0.0 pedestrian_killed, Fair (Day), EDSA White Plains Ave., Ugong Norte Quezon City",MMDA Road Safety Unit,,13590d3a-96c0-479e-8205-a86c461d15c9,2016-08-13,03:30:00,"EDSA New York St., E. Rod. Quezon City",0,0,0,0,0,0,0,0,0,0,2016-08-13 11:30,Property,14.59961782,121.0596522,Rear-End
None,EDSA,None,None,"No Accident Factor, Side Swipe, 0.0 drivers_injured, 0.0 drivers_killed, 0.0 passengers_injured, 0.0 passengers_killed, 0.0 pedestrian_injured, 0.0 pedestrian_killed, Fair (Day), EDSA Arayat St. Quezon City",MMDA Road Safety Unit,,a4c13da6-ba84-4e19-ad19-f4be67afdd4a,2016-08-13,03:00:00,"EDSA ""U"" turn slot, Bansalangin St., Project 7 Quezon City",0,0,0,0,0,0,0,0,0,0,2016-08-13 11:00,Property,14.61961124,121.0508602,Side Swipe
None,EDSA,None,None,"No Accident Factor, No Collision Stated (based on Police Blotter Book), 0.0 drivers_injured, 0.0 drivers_killed, 0.0 passengers_injured, 0.0 passengers_killed, 0.0 pedestrian_injured, 0.0 pedestrian_killed, Fair (Day), EDSA Baliwag Bus Terminal, Cubao Quezon City",MMDA Road Safety Unit,,113b3737-2a7b-4ec6-baee-080de80a0427,2016-08-13,01:30:00,EDSA Kamuning Road Quezon City,0,0,0,0,0,0,0,0,0,0,2016-08-13 9:30,Property,14.6244766,121.0489584,No Collision Stated
None,EDSA,None,None,"No Accident Factor, No Collision Stated (based on Police Blotter Book), 0.0 drivers_injured, 0.0 drivers_killed, 0.0 passengers_injured, 0.0 passengers_killed, 0.0 pedestrian_injured, 0.0 pedestrian_killed, Fair (Day), EDSA SM North Mall, Pag-Asa Quezon City",MMDA Road Safety Unit,,9a963bc4-ecef-4ec3-a996-419605650f55,2016-08-12,08:00:00,"EDSA Ortigas Ave., Ugong Norte Quezon City",0,0,0,0,0,0,0,0,0,0,2016-08-12 16:00,Property,14.65645143,121.0271077,No Collision Stated
None,EDSA,None,None,"No Accident Factor, Side Swipe, 0.0 drivers_injured, 0.0 drivers_killed, 0.0 passengers_injured, 0.0 passengers_killed, 0.0 pedestrian_injured, 0.0 pedestrian_killed, Fair (Day), EDSA Kamuning Road Quezon City",MMDA Road Safety Unit,,b0a612e7-14fd-4e1b-8336-1e375976c1e2,2016-08-12,06:05:00,"EDSA Shell Gas Station, A. Samson Quezon City",0,0,0,0,0,0,0,0,0,0,2016-08-12 14:05,Property,14.63075725,121.0457548,Side Swipe
None,EDSA,None,None,"No Accident Factor, Rear-end, 0.0 drivers_injured, 0.0 drivers_killed, 0.0 passengers_injured, 0.0 passengers_killed, 0.0 pedestrian_injured, 0.0 pedestrian_killed, Fair (Day), EDSA Bulacan St. Quezon City",MMDA Road Safety Unit,,dfa662ea-e37a-4343-8359-072db1d2e8d8,2016-08-12,05:50:00,"EDSA Icon Hotel, Philam Quezon City",0,0,0,0,0,0,0,0,0,0,2016-08-12 13:50,Property,14.65577077,121.0291718,Rear-End
None,EDSA,None,None,"No Accident Factor, Rear-end, 0.0 drivers_injured, 0.0 drivers_killed, 0.0 passengers_injured, 0.0 passengers_killed, 0.0 pedestrian_injured, 0.0 pedestrian_killed, Fair (Day), EDSA Timog Ave. Quezon City",MMDA Road Safety Unit,,1dfe83c7-f994-455b-b644-9c12c51a9ee6,2016-08-12,05:30:00,"EDSA Icon Hotel, Philam Quezon City",0,0,0,0,0,0,0,0,0,0,2016-08-12 13:30,Property,14.63293559,121.0446304,Rear-End
None,EDSA,None,None,"No Accident Factor, Rear-end, 0.0 drivers_injured, 0.0 drivers_killed, 0.0 passengers_injured, 0.0 passengers_killed, 0.0 pedestrian_injured, 0.0 pedestrian_killed, Fair (Day), EDSA Santolan Road, Camp Aguinaldo Quezon City",MMDA Road Safety Unit,,f6097395-dc0b-4a25-8b4c-e428031540bb,2016-08-12,04:40:00,"EDSA ""U"" turn slot, GMA Network Quezon City",0,0,0,0,0,0,0,0,0,0,2016-08-12 12:40,Property,14.6102736,121.0552175,Rear-End
None,EDSA,None,None,"No Accident Factor, Side Swipe, 0.0 drivers_injured, 0.0 drivers_killed, 0.0 passengers_injured, 0.0 passengers_killed, 0.0 pedestrian_injured, 0.0 pedestrian_killed, Fair (Day), EDSA New York St. Quezon City",MMDA Road Safety Unit,,9d0f113a-5889-4796-8c7d-657c4eb7ee49,2016-08-12,02:00:00,"EDSA Petron Gas Station, Main Ave. Quezon City",0,0,0,0,0,0,0,0,0,0,2016-08-12 10:00,Property,14.62568514,121.0482307,Side Swipe
None,EDSA,None,None,"No Accident Factor, Rear-end, 0.0 drivers_injured, 0.0 drivers_killed, 0.0 passengers_injured, 0.0 passengers_killed, 0.0 pedestrian_injured, 0.0 pedestrian_killed, Fair (Day), EDSA Main Ave., Socorro Quezon City",MMDA Road Safety Unit,,885584e0-5cf4-4d35-8871-f75169569a18,2016-08-11,23:15:00,EDSA North Ave. Quezon City,0,0,0,0,0,0,0,0,0,0,2016-08-12 7:15,Property,14.61376458,121.0537933,Rear-End
None,EDSA,None,None,"No Accident Factor, Side Swipe, 0.0 drivers_injured, 0.0 drivers_killed, 0.0 passengers_injured, 0.0 passengers_killed, 0.0 pedestrian_injured, 0.0 pedestrian_killed, Fair (Night), EDSA Bulacan St. Quezon City",MMDA Road Safety Unit,,c84b32ca-814c-4c66-ba50-639faec61df5,2016-08-11,20:45:00,EDSA Aurora Blvd. Quezon City,0,0,0,0,0,0,0,0,0,0,2016-08-12 4:45,Property,14.65577077,121.0291718,Side Swipe
None,EDSA,None,None,"No Accident Factor, No Collision Stated (based on Police Blotter Book), 0.0 drivers_injured, 0.0 drivers_killed, 0.0 passengers_injured, 0.0 passengers_killed, 0.0 pedestrian_injured, 0.0 pedestrian_killed, Fair (Night), EDSA New York St., E. Rod. Quezon City",MMDA Road Safety Unit,,c0cd331a-2cd0-42e8-a4fc-3823a76a1a6a,2016-08-11,16:00:00,EDSA Gen. Mc Arthur St. Quezon City,0,0,0,0,0,0,0,0,0,0,2016-08-12,Property,14.62568514,121.0482307,No Collision Stated
None,EDSA,None,None,"No Accident Factor, Rear-end, 0.0 drivers_injured, 0.0 drivers_killed, 0.0 passengers_injured, 0.0 passengers_killed, 0.0 pedestrian_injured, 0.0 pedestrian_killed, Fair (Night), EDSA A. Samson Quezon City",MMDA Road Safety Unit,,2e17363e-d532-4fbf-8266-98daf9785944,2016-08-11,15:00:00,EDSA Kamuning Road Quezon City,0,0,0,0,0,0,0,0,0,0,2016-08-11 23:00,Property,14.65731173,121.0011071,Rear-End
None,EDSA,None,None,"No Accident Factor, Side Swipe, 0.0 drivers_injured, 0.0 drivers_killed, 0.0 passengers_injured, 0.0 passengers_killed, 0.0 pedestrian_injured, 0.0 pedestrian_killed, Fair (Night), EDSA East Ave., Pinyahan Quezon City",MMDA Road Safety Unit,,ff2ce516-1b82-4365-a7ac-55d60af24a34,2016-08-11,13:20:00,"EDSA Misamis St., Ramon Magsaysay Quezon City",0,0,0,0,0,0,0,0,0,0,2016-08-11 21:20,Property,14.6328297,121.0451176,Side Swipe
None,EDSA,None,None,"No Accident Factor, Hit and Run (No Collision Stated), 0.0 drivers_injured, 0.0 drivers_killed, 0.0 passengers_injured, 0.0 passengers_killed, 0.0 pedestrian_injured, 0.0 pedestrian_killed, Fair (Night), EDSA Camp Aguinaldo Quezon City",MMDA Road Safety Unit,,828ac6d5-008a-4c21-9b18-8e0f8341e65d,2016-08-11,12:00:00,EDSA Arayat Loading Bay Quezon City,0,0,0,0,0,0,0,0,0,0,2016-08-11 20:00,Property,14.60818699,121.0564562,No Collision Stated
None,EDSA,None,None,"No Accident Factor, Rear-end, 0.0 drivers_injured, 0.0 drivers_killed, 0.0 passengers_injured, 0.0 passengers_killed, 0.0 pedestrian_injured, 0.0 pedestrian_killed, Fair (Night), EDSA Sct. Borromeo St. Quezon City",MMDA Road Safety Unit,,accce148-400e-41fb-94bb-f4444b9d5591,2016-08-11,10:40:00,EDSA Main Ave. Quezon City,0,0,0,0,0,0,0,0,0,0,2016-08-11 18:40,Property,14.63715712,121.0419507,Rear-End
None,EDSA,None,None,"No Accident Factor, Rear-end, 0.0 drivers_injured, 0.0 drivers_killed, 0.0 passengers_injured, 0.0 passengers_killed, 0.0 pedestrian_injured, 0.0 pedestrian_killed, Fair (Night), EDSA South Road Quezon City",MMDA Road Safety Unit,,2029d06a-1449-4f21-bfc5-b5a48b5daeb2,2016-08-11,10:25:00,"EDSA P. Tuazon Blvd., Socorro Quezon City",0,0,0,0,0,0,0,0,0,0,2016-08-11 18:25,Property,14.61321318,121.053905,Rear-End
None,EDSA,None,None,"No Accident Factor, Side Swipe, 0.0 drivers_injured, 0.0 drivers_killed, 0.0 passengers_injured, 0.0 passengers_killed, 0.0 pedestrian_injured, 0.0 pedestrian_killed, Fair (Night), EDSA Ortigas Ave., Ugong Norte Quezon City",MMDA Road Safety Unit,,77c276df-3439-4fbe-81d5-c7352330f5b1,2016-08-11,10:15:00,"EDSA East Ave., Pinyahan Quezon City",0,0,0,0,0,0,0,0,0,0,2016-08-11 18:15,Property,14.59335253,121.0584107,Side Swipe
None,EDSA,None,None,"No Accident Factor, Side Swipe, 0.0 drivers_injured, 0.0 drivers_killed, 0.0 passengers_injured, 0.0 passengers_killed, 0.0 pedestrian_injured, 0.0 pedestrian_killed, Fair (Day), EDSA Timog Ave. Quezon City",MMDA Road Safety Unit,,56d10f96-5aba-4802-ab3f-7afdd003c7a7,2016-08-11,01:30:00,EDSA P. Tuazon Blvd. Quezon City,0,0,0,0,0,0,0,0,0,0,2016-08-11 9:30,Property,14.63293559,121.0446304,Side Swipe
None,EDSA,None,None,"No Accident Factor, Rear-end, 0.0 drivers_injured, 0.0 drivers_killed, 0.0 passengers_injured, 0.0 passengers_killed, 0.0 pedestrian_injured, 0.0 pedestrian_killed, Fair (Day), EDSA Santolan MRT Station, Camp Aguinaldo Quezon City",MMDA Road Safety Unit,,5bb09a67-7363-464b-abae-28dac26b6247,2016-08-10,22:15:00,"EDSA Jac Liner, Mapagmahal St., Pinyahan Quezon City",0,0,0,0,0,0,0,0,0,0,2016-08-11 6:15,Property,14.60773988,121.0564577,Rear-End
None,EDSA,None,None,"No Accident Factor, Side Swipe, 0.0 drivers_injured, 0.0 drivers_killed, 0.0 passengers_injured, 0.0 passengers_killed, 0.0 pedestrian_injured, 0.0 pedestrian_killed, Fair (Day), EDSA Banahaw St. Quezon City",MMDA Road Safety Unit,,fab4c851-e931-49d5-ba04-0e6b70c1db2e,2016-08-10,21:35:00,EDSA Kaingin Road Quezon City,0,0,0,0,0,0,0,0,0,0,2016-08-11 5:35,Property,14.61797303,121.0516572,Side Swipe
None,EDSA,None,None,"No Accident Factor, No Collision Stated (based on Police Blotter Book), 0.0 drivers_injured, 0.0 drivers_killed, 0.0 passengers_injured, 0.0 passengers_killed, 0.0 pedestrian_injured, 0.0 pedestrian_killed, Fair (Day), EDSA Santolan Road Quezon City",MMDA Road Safety Unit,,26dd0498-1e05-4f6c-bb15-a65da611e386,2016-08-10,18:00:00,EDSA North MRT Station  Quezon City,0,0,0,0,0,0,0,0,0,0,2016-08-11 2:00,Property,14.6102736,121.0552175,No Collision Stated
None,EDSA,None,None,"No Accident Factor, No Collision Stated (based on Police Blotter Book), 1.0 drivers_injured, 0.0 drivers_killed, 0.0 passengers_injured, 0.0 passengers_killed, 0.0 pedestrian_injured, 0.0 pedestrian_killed, Fair (Night), EDSA Cloverleaf Drive Quezon City",MMDA Road Safety Unit,,d0e25693-7bb1-4356-8aae-a55b7691b7b4,2016-08-10,14:50:00,"EDSA Five Star Bus Terminal, Cubao, E. Rod. Quezon City",0,0,0,1,0,0,0,0,0,1,2016-08-10 22:50,Injury,14.65740144,121.0008553,No Collision Stated
None,EDSA,None,None,"No Accident Factor, No Collision Stated (based on Police Blotter Book), 0.0 drivers_injured, 0.0 drivers_killed, 0.0 passengers_injured, 0.0 passengers_killed, 0.0 pedestrian_injured, 0.0 pedestrian_killed, Fair (Night), EDSA Mo. Ignacia Ave. Quezon City",MMDA Road Safety Unit,,e88e8137-116e-4659-aeb5-8b66b736743e,2016-08-10,14:30:00,EDSA NIA Road Quezon City,0,0,0,0,0,0,0,0,0,0,2016-08-10 22:30,Property,14.64225922,121.038789,No Collision Stated
None,EDSA,None,None,"No Accident Factor, Side Swipe, 0.0 drivers_injured, 0.0 drivers_killed, 0.0 passengers_injured, 0.0 passengers_killed, 0.0 pedestrian_injured, 0.0 pedestrian_killed, Fair (Night), EDSA Kamias Road, West Kamias Quezon City",MMDA Road Safety Unit,,e6a2aa6e-7b2c-4770-92a5-d8b97ee6e287,2016-08-10,12:30:00,"EDSA Col. Bonny Serrano Ave. (Santolan Road), Socorro Quezon City",0,0,0,0,0,0,0,0,0,0,2016-08-10 20:30,Property,14.6309142,121.0459376,Side Swipe
None,EDSA,None,None,"No Accident Factor, No Collision Stated (based on Police Blotter Book), 0.0 drivers_injured, 0.0 drivers_killed, 0.0 passengers_injured, 0.0 passengers_killed, 0.0 pedestrian_injured, 0.0 pedestrian_killed, Fair (Night), EDSA Five Star Bus Terminal, Cubao E. Rod. Quezon City",MMDA Road Safety Unit,,cb30dac1-8d05-46cc-91fb-07fa9a4129d8,2016-08-10,12:00:00,EDSA Camp Aguinaldo Gate 3 Quezon City,0,0,0,0,0,0,0,0,0,0,2016-08-10 20:00,Property,14.62375691,121.0492447,No Collision Stated
None,EDSA,None,None,"No Accident Factor, Rear-end, 1.0 drivers_injured, 0.0 drivers_killed, 0.0 passengers_injured, 0.0 passengers_killed, 0.0 pedestrian_injured, 0.0 pedestrian_killed, Fair (Day), EDSA SOGO Hotel, Philam Quezon City",MMDA Road Safety Unit,,7431acbc-5cc4-4511-8707-a2e0672e4f70,2016-08-10,08:20:00,EDSA Monte de Piedad St. Quezon City,0,0,0,1,0,0,0,0,0,1,2016-08-10 16:20,Injury,14.65196411,121.0323219,Rear-End
None,EDSA,None,None,"No Accident Factor, Rear-end, 0.0 drivers_injured, 0.0 drivers_killed, 0.0 passengers_injured, 0.0 passengers_killed, 0.0 pedestrian_injured, 0.0 pedestrian_killed, Fair (Day), EDSA Kamuning Road Quezon City",MMDA Road Safety Unit,,15520156-d45a-4ffc-8c26-9509fe8f9b1c,2016-08-10,05:30:00,EDSA Monte de Piedad St. Quezon City,0,0,0,0,0,0,0,0,0,0,2016-08-10 13:30,Property,14.63075725,121.0457548,Rear-End
None,EDSA,None,None,"No Accident Factor, Hit and Run (No Collision Stated), 0.0 drivers_injured, 0.0 drivers_killed, 0.0 passengers_injured, 0.0 passengers_killed, 0.0 pedestrian_injured, 0.0 pedestrian_killed, Fair (Day), EDSA Aurora Blvd. Quezon City",MMDA Road Safety Unit,,4acc8115-3362-4c8c-9ce3-3a64dc9e9b22,2016-08-10,05:00:00,"EDSA Ortigas Ave., Ugong Norte Quezon City",0,0,0,0,0,0,0,0,0,0,2016-08-10 13:00,Property,14.62163653,121.0501573,No Collision Stated
None,EDSA,None,None,"No Accident Factor, Hit Parked Vehicle, 1.0 drivers_injured, 0.0 drivers_killed, 0.0 passengers_injured, 0.0 passengers_killed, 0.0 pedestrian_injured, 0.0 pedestrian_killed, Fair (Night), EDSA New York , Ermin Garcia Quezon City",MMDA Road Safety Unit,,c6d7cc3d-eab4-4381-a315-ca262b12f6dc,2016-08-09,16:10:00,EDSA Monte de Piedad St. (SB) Quezon City,0,0,0,1,0,0,0,0,0,1,2016-08-10 0:10,Injury,14.62568514,121.0482307,Hit Object
None,EDSA,None,None,"No Accident Factor, Side Swipe, 0.0 drivers_injured, 0.0 drivers_killed, 0.0 passengers_injured, 0.0 passengers_killed, 0.0 pedestrian_injured, 0.0 pedestrian_killed, Fair (Night), EDSA Shell Gas station, A. Samson Quezon City",MMDA Road Safety Unit,,186fb89b-8833-4507-a116-279b43d3c877,2016-08-09,13:50:00,EDSA K-3rd St. Quezon City,0,0,0,0,0,0,0,0,0,0,2016-08-09 21:50,Property,14.65761329,121.0076049,Side Swipe
None,EDSA,None,None,"No Accident Factor, Rear-end, 0.0 drivers_injured, 0.0 drivers_killed, 0.0 passengers_injured, 0.0 passengers_killed, 0.0 pedestrian_injured, 0.0 pedestrian_killed, Fair (Night), EDSA East Ave. Quezon City",MMDA Road Safety Unit,,7ad3d132-7d44-43a6-951e-70d216901b4f,2016-08-09,12:30:00,EDSA Kamuning Road Quezon City,0,0,0,0,0,0,0,0,0,0,2016-08-09 20:30,Property,14.6328297,121.0451176,Rear-End
None,EDSA,None,None,"No Accident Factor, Side Swipe, 0.0 drivers_injured, 0.0 drivers_killed, 0.0 passengers_injured, 0.0 passengers_killed, 0.0 pedestrian_injured, 0.0 pedestrian_killed, Fair (Day), EDSA Bulacan St. Quezon City",MMDA Road Safety Unit,,e8602dfc-47b8-47de-98d8-89d7041e2d31,2016-08-09,05:30:00,EDSA Cloverleaf Road Quezon City,0,0,0,0,0,0,0,0,0,0,2016-08-09 13:30,Property,14.65577077,121.0291718,Side Swipe
None,EDSA,None,None,"No Accident Factor, Rear-end, 0.0 drivers_injured, 0.0 drivers_killed, 0.0 passengers_injured, 0.0 passengers_killed, 0.0 pedestrian_injured, 0.0 pedestrian_killed, Fair (Day), EDSA Camp Aguinaldo Gate 5 Quezon City",MMDA Road Safety Unit,,8e1acbb6-c29d-4e9a-bb34-f0f16979ad16,2016-08-09,04:40:00,EDSA Mo. Ignacia Ave. Quezon City,0,0,0,0,0,0,0,0,0,0,2016-08-09 12:40,Property,14.60477522,121.0579201,Rear-End
None,EDSA,None,None,"No Accident Factor, Rear-end, 0.0 drivers_injured, 0.0 drivers_killed, 0.0 passengers_injured, 0.0 passengers_killed, 0.0 pedestrian_injured, 0.0 pedestrian_killed, Fair (Day), EDSA Santolan MRT Station Quezon City",MMDA Road Safety Unit,,6b95eea2-9270-4291-acbb-2379155bef21,2016-08-09,04:35:00,EDSA White Plains Quezon City,0,0,0,0,0,0,0,0,0,0,2016-08-09 12:35,Property,14.60773988,121.0564577,Rear-End
None,EDSA,None,None,"No Accident Factor, Angle Impact, 0.0 drivers_injured, 0.0 drivers_killed, 0.0 passengers_injured, 0.0 passengers_killed, 0.0 pedestrian_injured, 0.0 pedestrian_killed, Fair (Day), EDSA Shell Gas Station, National Printing Office, Pinyahan Quezon City",MMDA Road Safety Unit,,d4ff1813-38d8-45be-9dfe-57f79390c7c0,2016-08-09,04:30:00,"EDSA ""U"" turn slot, Dario Bridge Quezon City",0,0,0,0,0,0,0,0,0,0,2016-08-09 12:30,Property,14.63806749,121.0415939,Angle Impact
None,EDSA,None,None,"No Accident Factor, Rear-end, 0.0 drivers_injured, 0.0 drivers_killed, 0.0 passengers_injured, 0.0 passengers_killed, 0.0 pedestrian_injured, 0.0 pedestrian_killed, Fair (Day), EDSA White Plains Ave., Ugong Norte Quezon City",MMDA Road Safety Unit,,781f48d7-e82a-443b-b821-4c3cb4ad7ea3,2016-08-09,04:00:00,"EDSA New York St., E. Rodriguez Quezon City",0,0,0,0,0,0,0,0,0,0,2016-08-09 12:00,Property,14.59961782,121.0596522,Rear-End
None,EDSA,None,None,"No Accident Factor, Side Swipe, 0.0 drivers_injured, 0.0 drivers_killed, 0.0 passengers_injured, 0.0 passengers_killed, 0.0 pedestrian_injured, 0.0 pedestrian_killed, Fair (Day), EDSA Mayor Ignacio Diaz St. Quezon City",MMDA Road Safety Unit,,ca252e56-08b8-4b23-b716-b1c766a2c29a,2016-08-09,02:30:00,EDSA Cloverleaf Road Quezon City,0,0,0,0,0,0,0,0,0,0,2016-08-09 10:30,Property,14.61785258,121.0515682,Side Swipe
None,EDSA,None,None,"No Accident Factor, No Collision Stated (based on Police Blotter Book), 0.0 drivers_injured, 0.0 drivers_killed, 0.0 passengers_injured, 0.0 passengers_killed, 0.0 pedestrian_injured, 0.0 pedestrian_killed, Fair (Night), EDSA Congressional Ave., Ramon Magsaysay Quezon City",MMDA Road Safety Unit,,ac76b00d-1c1d-4596-9bc9-533a74a90c29,2016-08-08,12:45:00,EDSA Baliwag Quezon City,0,0,0,0,0,0,0,0,0,0,2016-08-08 20:45,Property,14.6571804,120.9927185,No Collision Stated
None,EDSA,None,None,"No Accident Factor, Rear-end, 0.0 drivers_injured, 0.0 drivers_killed, 0.0 passengers_injured, 0.0 passengers_killed, 0.0 pedestrian_injured, 0.0 pedestrian_killed, Fair (Night), EDSA Mapagmahal St. Quezon City",MMDA Road Safety Unit,,1070421a-1805-4196-83d5-1d9632a0b1f8,2016-08-08,11:30:00,EDSA Sct. Borromeo St. Quezon City,0,0,0,0,0,0,0,0,0,0,2016-08-08 19:30,Property,14.63185046,121.0455315,Rear-End