LOCATION_TEXT,ROAD,WEATHER,LIGHT,DESC,REPORTING_AGENCY,MAIN_CAUSE,INCIDENTDETAILS_ID,DATE_UTC,TIME_UTC,ADDRESS,killed_driver,killed_passenger,killed_pedestrian,injured_driver,injured_passenger,injured_pedestrian,killed_uncategorized,injured_uncategorized,killed_total,injured_total,DATETIME_PST,SEVERITY,Y,X,COLLISION_TYPE
None,EDSA,None,None,"No Accident Factor, Rear-end, 0.0 drivers_injured, 0.0 drivers_killed, 0.0 passengers_injured, 0.0 passengers_killed, 0.0 pedestrian_injured, 0.0 pedestrian_killed, Fair (Day), EDSA Ramon Magsaysay Quezon City",MMDA Road Safety Unit,,f4b576eb-71d4-4911-81e2-2bb64f6885f2,2016-08-08,05:05:00,EDSA Timog Ave. Quezon City,0,0,0,0,0,0,0,0,0,0,2016-08-08 13:05,Property,14.62774693,121.0471762,Rear-End
None,EDSA,None,None,"No Accident Factor, Rear-end, 0.0 drivers_injured, 0.0 drivers_killed, 0.0 passengers_injured, 0.0 passengers_killed, 0.0 pedestrian_injured, 0.0 pedestrian_killed, Fair (Day), EDSA Roosevelt Ave. Quezon City",MMDA Road Safety Unit,,5ec392b6-82f3-46ec-93fa-c2bc38b195d5,2016-08-08,01:30:00,EDSA E. Garcia St. Quezon City,0,0,0,0,0,0,0,0,0,0,2016-08-08 9:30,Property,14.65762047,121.0196373,Rear-End
None,EDSA,None,None,"No Accident Factor, No Collision Stated (based on Police Blotter Book), 0.0 drivers_injured, 0.0 drivers_killed, 0.0 passengers_injured, 0.0 passengers_killed, 0.0 pedestrian_injured, 0.0 pedestrian_killed, Fair (Day), EDSA Kamuning Road Quezon City",MMDA Road Safety Unit,,ad2c7b19-6085-4412-80b2-1ddebfa7e9f6,2016-08-08,00:55:00,EDSA Nissan Motors Quezon City,0,0,0,0,0,0,0,0,0,0,2016-08-08 8:55,Property,14.63075725,121.0457548,No Collision Stated
None,EDSA,None,None,"No Accident Factor, Hit and Run (No Collision Stated), 0.0 drivers_injured, 0.0 drivers_killed, 0.0 passengers_injured, 0.0 passengers_killed, 0.0 pedestrian_injured, 0.0 pedestrian_killed, Fair (Day), EDSA Balintawak Market Quezon City",MMDA Road Safety Unit,,6f78e369-86ff-45b9-8b12-4841253e55ed,2016-08-08,00:30:00,EDSA West Ave.  Quezon City,0,0,0,0,0,0,0,0,0,0,2016-08-08 8:30,Property,14.65740947,121.0025737,No Collision Stated
None,EDSA,None,None,"No Accident Factor, Side Swipe, 0.0 drivers_injured, 0.0 drivers_killed, 0.0 passengers_injured, 0.0 passengers_killed, 0.0 pedestrian_injured, 0.0 pedestrian_killed, Fair (Day), EDSA North Road Quezon City",MMDA Road Safety Unit,,b0b62abd-bb3f-4aed-a46a-f4129731dd3d,2016-08-08,00:00:00,EDSA MRT Santolan Quezon City,0,0,0,0,0,0,0,0,0,0,2016-08-08 8:00,Property,14.61444188,121.0532975,Side Swipe
None,EDSA,None,None,"No Accident Factor, Rear-end, 0.0 drivers_injured, 0.0 drivers_killed, 0.0 passengers_injured, 0.0 passengers_killed, 0.0 pedestrian_injured, 0.0 pedestrian_killed, Fair (Day), EDSA SOGO Hotel, Philam Quezon City",MMDA Road Safety Unit,,0f9d13cd-acbf-4b04-996a-b2fb38139bd5,2016-08-08,00:00:00,"EDSA White Plains Ave., Camp Aguinaldo Quezon City",0,0,0,0,0,0,0,0,0,0,2016-08-08 8:00,Property,14.65196411,121.0323219,Rear-End
None,EDSA,None,None,"No Accident Factor, Side Swipe, 0.0 drivers_injured, 0.0 drivers_killed, 0.0 passengers_injured, 0.0 passengers_killed, 0.0 pedestrian_injured, 0.0 pedestrian_killed, Fair (Day), EDSA Misamis St. Quezon City",MMDA Road Safety Unit,,6d933023-27c2-4d77-ae42-3c1e30f4032c,2016-08-07,23:00:00,EDSA Aurora Service Road (NB) Quezon City,0,0,0,0,0,0,0,0,0,0,2016-08-08 7:00,Property,14.65602348,121.0285212,Side Swipe
None,EDSA,None,None,"No Accident Factor, Rear-end, 0.0 drivers_injured, 0.0 drivers_killed, 0.0 passengers_injured, 0.0 passengers_killed, 0.0 pedestrian_injured, 0.0 pedestrian_killed, Fair (Night), EDSA Ortigas Ave., Ugong Norte Quezon City",MMDA Road Safety Unit,,c398d132-22c4-4e4a-970b-ff1bc395c549,2016-08-07,21:15:00,"EDSA NIA Road, Pinyahan Quezon City",0,0,0,0,0,0,0,0,0,0,2016-08-08 5:15,Property,14.59335253,121.0584107,Rear-End
None,EDSA,None,None,"No Accident Factor, Rear-end, 0.0 drivers_injured, 0.0 drivers_killed, 0.0 passengers_injured, 0.0 passengers_killed, 0.0 pedestrian_injured, 0.0 pedestrian_killed, Fair (Night), EDSA Monte de Piedad St. Quezon City",MMDA Road Safety Unit,,8ce12f06-89e8-45c1-ba4e-777020cc110a,2016-08-07,20:30:00,EDSA Cloverleaf Road Quezon City,0,0,0,0,0,0,0,0,0,0,2016-08-08 4:30,Property,14.62346937,121.0491711,Rear-End
None,EDSA,None,None,"No Accident Factor, Rear-end, 0.0 drivers_injured, 0.0 drivers_killed, 0.0 passengers_injured, 0.0 passengers_killed, 0.0 pedestrian_injured, 0.0 pedestrian_killed, Fair (Day), EDSA Bansalangin St. Quezon City",MMDA Road Safety Unit,,7b421192-488e-4b80-a573-e7073780c20d,2016-08-07,20:30:00,EDSA Aurora Blvd. Quezon City,0,0,0,0,0,0,0,0,0,0,2016-08-08 4:30,Property,14.6567996,121.0241845,Rear-End
None,EDSA,None,None,"No Accident Factor, Side Swipe, 0.0 drivers_injured, 0.0 drivers_killed, 0.0 passengers_injured, 0.0 passengers_killed, 0.0 pedestrian_injured, 0.0 pedestrian_killed, Fair (Night), EDSA Kamuning Road Quezon City",MMDA Road Safety Unit,,076441d8-046c-49e9-a9f8-e9439f3d46ba,2016-08-07,19:30:00,EDSA Panay - Sgt. Esguerra St. Quezon City,0,0,0,0,0,0,0,0,0,0,2016-08-08 3:30,Property,14.63075725,121.0457548,Side Swipe
None,EDSA,None,None,"No Accident Factor, Rear-end, 0.0 drivers_injured, 0.0 drivers_killed, 0.0 passengers_injured, 0.0 passengers_killed, 0.0 pedestrian_injured, 0.0 pedestrian_killed, Fair (Day), EDSA Aurora Blvd. Quezon City",MMDA Road Safety Unit,,512d4a92-0d40-4898-b605-53cd0aa2afd9,2016-08-07,06:50:00,EDSA West Ave.  Quezon City,0,0,0,0,0,0,0,0,0,0,2016-08-07 14:50,Property,14.62163653,121.0501573,Rear-End
None,EDSA,None,None,"No Accident Factor, No Collision Stated (based on Police Blotter Book), 0.0 drivers_injured, 0.0 drivers_killed, 0.0 passengers_injured, 0.0 passengers_killed, 0.0 pedestrian_injured, 0.0 pedestrian_killed, Fair (Day), EDSA Ramon Magsaysay Quezon City",MMDA Road Safety Unit,,85aba868-05c4-480a-9c70-5f10c3650de7,2016-08-06,22:30:00,EDSA Puregold Quezon City,0,0,0,0,0,0,0,0,0,0,2016-08-07 6:30,Property,14.62774693,121.0471762,No Collision Stated
None,EDSA,None,None,"No Accident Factor, No Collision Stated (based on Police Blotter Book), 0.0 drivers_injured, 0.0 drivers_killed, 1.0 passengers_injured, 0.0 passengers_killed, 0.0 pedestrian_injured, 0.0 pedestrian_killed, Fair (Night), EDSA Main Ave., Monolit Bldg., Socorro Quezon City",MMDA Road Safety Unit,,8d55c1b2-f20e-4c22-9a3d-23bdd02e492d,2016-08-06,19:30:00,EDSA Balintawak Market Quezon City,0,0,0,0,1,0,0,0,0,1,2016-08-07 3:30,Injury,14.61376458,121.0537933,No Collision Stated
None,EDSA,None,None,"No Accident Factor, Rear-end, 0.0 drivers_injured, 0.0 drivers_killed, 0.0 passengers_injured, 0.0 passengers_killed, 0.0 pedestrian_injured, 0.0 pedestrian_killed, Fair (Night), EDSA Trinoma Mall, Pag-Asa Quezon City",MMDA Road Safety Unit,,7a669ed7-eb7f-427d-b67c-7a2510dccce1,2016-08-06,13:20:00,"EDSA Baliwag Bus Terminal, E. Rod., Cubao Quezon City",0,0,0,0,0,0,0,0,0,0,2016-08-06 21:20,Property,14.65242607,121.0323133,Rear-End
None,EDSA,None,None,"No Accident Factor, Rear-end, 0.0 drivers_injured, 0.0 drivers_killed, 0.0 passengers_injured, 0.0 passengers_killed, 0.0 pedestrian_injured, 0.0 pedestrian_killed, Fair (Night), EDSA Quezon Ave. Quezon City",MMDA Road Safety Unit,,963f4027-8a1c-47f9-a94d-01a563c0a4b6,2016-08-06,10:20:00,"EDSA Corinthian Garden, Ugong Norte Quezon City",0,0,0,0,0,0,0,0,0,0,2016-08-06 18:20,Property,14.6442444,121.0375839,Rear-End
None,EDSA,None,None,"No Accident Factor, No Collision Stated (based on Police Blotter Book), 0.0 drivers_injured, 0.0 drivers_killed, 0.0 passengers_injured, 0.0 passengers_killed, 0.0 pedestrian_injured, 0.0 pedestrian_killed, Fair (Day), EDSA ""U"" turn slot, Trinoma, Pag-asa Quezon City",MMDA Road Safety Unit,,9d5f65f2-c0fa-4c3b-895a-3a5c95965dbf,2016-08-06,09:15:00,EDSA Bansalangin Quezon City,0,0,0,0,0,0,0,0,0,0,2016-08-06 17:15,Property,14.65360193,121.0314064,No Collision Stated
None,EDSA,None,None,"No Accident Factor, Side Swipe, 0.0 drivers_injured, 0.0 drivers_killed, 0.0 passengers_injured, 0.0 passengers_killed, 0.0 pedestrian_injured, 0.0 pedestrian_killed, Fair (Day), EDSA Monte de Piedad St. Quezon City",MMDA Road Safety Unit,,9c1249e1-21cc-4884-b263-84e7f611d694,2016-08-06,07:45:00,EDSA Main Ave. Quezon City,0,0,0,0,0,0,0,0,0,0,2016-08-06 15:45,Property,14.62346937,121.0491711,Side Swipe
None,EDSA,None,None,"No Accident Factor, Side Swipe, 0.0 drivers_injured, 0.0 drivers_killed, 0.0 passengers_injured, 0.0 passengers_killed, 0.0 pedestrian_injured, 0.0 pedestrian_killed, Fair (Day), EDSA Nueva Ecija St., Ramon Magsaysay Quezon City",MMDA Road Safety Unit,,a9f62a33-2584-4e39-aceb-41cd52fba876,2016-08-06,05:05:00,EDSA Department of of Interior & Local Government (DILG) Bldg.  Quezon City,0,0,0,0,0,0,0,0,0,0,2016-08-06 13:05,Property,14.65665894,121.026062,Side Swipe
None,EDSA,None,None,"No Accident Factor, Side Swipe, 0.0 drivers_injured, 0.0 drivers_killed, 0.0 passengers_injured, 0.0 passengers_killed, 0.0 pedestrian_injured, 0.0 pedestrian_killed, Fair (Day), EDSA North Ave., San Roque Quezon City",MMDA Road Safety Unit,,361ebd67-997d-4b7d-8671-bb48ca59dafa,2016-08-06,05:00:00,EDSA Timog Ave. Quezon City,0,0,0,0,0,0,0,0,0,0,2016-08-06 13:00,Property,14.65553839,121.0299647,Side Swipe
None,EDSA,None,None,"No Accident Factor, Rear-end, 0.0 drivers_injured, 0.0 drivers_killed, 0.0 passengers_injured, 0.0 passengers_killed, 0.0 pedestrian_injured, 0.0 pedestrian_killed, Fair (Night), EDSA Kamias Road, Pinyahan Quezon City",MMDA Road Safety Unit,,a0809acf-4ce0-4a06-9d53-ad9eaa5bcdd9,2016-08-05,18:45:00,EDSA Roosevelt Ave.  Quezon City,0,0,0,0,0,0,0,0,0,0,2016-08-06 2:45,Property,14.6309142,121.0459376,Rear-End
None,EDSA,None,None,"No Accident Factor, Other (Guttered), 0.0 drivers_injured, 0.0 drivers_killed, 0.0 passengers_injured, 0.0 passengers_killed, 0.0 pedestrian_injured, 0.0 pedestrian_killed, Fair (Night), EDSA Kaingin Road Quezon City",MMDA Road Safety Unit,,2e86efbe-bd68-428f-a915-32ba663e46f4,2016-08-05,17:00:00,"EDSA East Ave., Pinyahan Quezon City",0,0,0,0,0,0,0,0,0,0,2016-08-06 1:00,Property,14.65746493,121.0109963,Self-Accident
None,EDSA,None,None,"No Accident Factor, Rear-end, 0.0 drivers_injured, 0.0 drivers_killed, 0.0 passengers_injured, 0.0 passengers_killed, 0.0 pedestrian_injured, 0.0 pedestrian_killed, Fair (Night), EDSA Aurora Blvd. Quezon City",MMDA Road Safety Unit,,9517b2ea-e757-463d-9c1c-730ddda923a9,2016-08-05,14:05:00,EDSA Roosevelt Ave.  Quezon City,0,0,0,0,0,0,0,0,0,0,2016-08-05 22:05,Property,14.62163653,121.0501573,Rear-End
None,EDSA,None,None,"No Accident Factor, Side Swipe, 0.0 drivers_injured, 0.0 drivers_killed, 0.0 passengers_injured, 0.0 passengers_killed, 0.0 pedestrian_injured, 0.0 pedestrian_killed, Fair (Night), EDSA White Plains Quezon City",MMDA Road Safety Unit,,84bac28a-c801-496e-9577-545ce8633c45,2016-08-05,13:30:00,"EDSA Ortigas Ave., Ugong Norte Quezon City",0,0,0,0,0,0,0,0,0,0,2016-08-05 21:30,Property,14.59961782,121.0596522,Side Swipe
None,EDSA,None,None,"No Accident Factor, Rear-end, 0.0 drivers_injured, 0.0 drivers_killed, 0.0 passengers_injured, 0.0 passengers_killed, 0.0 pedestrian_injured, 0.0 pedestrian_killed, Fair (Night), EDSA SM Mall North Quezon City",MMDA Road Safety Unit,,97d12502-4027-489f-9138-1042cbce964c,2016-08-05,12:30:00,"EDSA Corinthian Garden, Ugong Norte Quezon City",0,0,0,0,0,0,0,0,0,0,2016-08-05 20:30,Property,14.65580781,121.0293115,Rear-End
None,EDSA,None,None,"No Accident Factor, Side Swipe, 0.0 drivers_injured, 0.0 drivers_killed, 0.0 passengers_injured, 0.0 passengers_killed, 0.0 pedestrian_injured, 0.0 pedestrian_killed, Fair (Night), EDSA Bansalangin Quezon City",MMDA Road Safety Unit,,4218384b-d570-4f19-bea7-69352886db0f,2016-08-05,11:45:00,EDSA K-3rd St.  Quezon City,0,0,0,0,0,0,0,0,0,0,2016-08-05 19:45,Property,14.6567996,121.0241845,Side Swipe
None,EDSA,None,None,"No Accident Factor, Side Swipe, 0.0 drivers_injured, 0.0 drivers_killed, 0.0 passengers_injured, 0.0 passengers_killed, 0.0 pedestrian_injured, 0.0 pedestrian_killed, Fair (Night), EDSA Waltermart, Veterans Quezon City",MMDA Road Safety Unit,,311da7fc-dae9-4bb9-a878-88f301a09005,2016-08-05,11:40:00,EDSA K-3rd St.  Quezon City,0,0,0,0,0,0,0,0,0,0,2016-08-05 19:40,Property,14.6574558,121.0213579,Side Swipe
None,EDSA,None,None,"No Accident Factor, Side Swipe, 0.0 drivers_injured, 0.0 drivers_killed, 0.0 passengers_injured, 0.0 passengers_killed, 0.0 pedestrian_injured, 0.0 pedestrian_killed, Fair (Night), EDSA Lemon Square  Quezon City",MMDA Road Safety Unit,,2dcae1d2-9b98-485b-9daf-97f674528372,2016-08-05,11:40:00,EDSA Aurora Blvd.  Quezon City,0,0,0,0,0,0,0,0,0,0,2016-08-05 19:40,Property,14.6571804,120.9927185,Side Swipe
None,EDSA,None,None,"No Accident Factor, Rear-end, 0.0 drivers_injured, 0.0 drivers_killed, 0.0 passengers_injured, 0.0 passengers_killed, 0.0 pedestrian_injured, 0.0 pedestrian_killed, Fair (Night), EDSA White Plains Ave. Quezon City",MMDA Road Safety Unit,,aa35a911-af9d-4d95-b124-99e0370af078,2016-08-05,11:30:00,EDSA North Road Quezon City,0,0,0,0,0,0,0,0,0,0,2016-08-05 19:30,Property,14.59961782,121.0596522,Rear-End
None,EDSA,None,None,"No Accident Factor, Side Swipe, 0.0 drivers_injured, 0.0 drivers_killed, 0.0 passengers_injured, 0.0 passengers_killed, 0.0 pedestrian_injured, 0.0 pedestrian_killed, Fair (Night), EDSA SM Mall North Quezon City",MMDA Road Safety Unit,,df4bb0d0-8cdd-4f7a-b034-83330c792c9f,2016-08-05,11:00:00,EDSA Scout Borromeo St. Quezon City,0,0,0,0,0,0,0,0,0,0,2016-08-05 19:00,Property,14.65580781,121.0293115,Side Swipe
None,EDSA,None,None,"No Accident Factor, Side Swipe, 0.0 drivers_injured, 0.0 drivers_killed, 0.0 passengers_injured, 0.0 passengers_killed, 0.0 pedestrian_injured, 0.0 pedestrian_killed, Fair (Night), EDSA ""U"" turn slot, Philam Quezon City",MMDA Road Safety Unit,,84855dd1-f1e4-4bbc-8724-f9e9e75e3a60,2016-08-05,11:00:00,EDSA Main Ave. Quezon City,0,0,0,0,0,0,0,0,0,0,2016-08-05 19:00,Property,14.65001076,121.0336794,Side Swipe
None,EDSA,None,None,"No Accident Factor, Rear-end, 0.0 drivers_injured, 0.0 drivers_killed, 0.0 passengers_injured, 0.0 passengers_killed, 0.0 pedestrian_injured, 0.0 pedestrian_killed, Fair (Day), EDSA Kamuning Road Quezon City",MMDA Road Safety Unit,,486d4dd2-9843-4881-a401-4658c327a4ab,2016-08-05,09:45:00,EDSA E. Garcia St. Quezon City,0,0,0,0,0,0,0,0,0,0,2016-08-05 17:45,Property,14.63075725,121.0457548,Rear-End
None,EDSA,None,None,"No Accident Factor, Side Swipe, 0.0 drivers_injured, 0.0 drivers_killed, 0.0 passengers_injured, 0.0 passengers_killed, 0.0 pedestrian_injured, 0.0 pedestrian_killed, Fair (Day), EDSA GMA Network Quezon City",MMDA Road Safety Unit,,9516cec1-0172-4296-86df-ef2d26aab543,2016-08-05,05:30:00,EDSA Timog Ave.  Quezon City,0,0,0,0,0,0,0,0,0,0,2016-08-05 13:30,Property,14.63467214,121.0435714,Side Swipe
None,EDSA,None,None,"No Accident Factor, Angle Impact, 0.0 drivers_injured, 0.0 drivers_killed, 0.0 passengers_injured, 0.0 passengers_killed, 0.0 pedestrian_injured, 0.0 pedestrian_killed, Fair (Day), EDSA Q-Mart Market, E. Rod. Quezon City",MMDA Road Safety Unit,,628682b5-3c05-405d-87d9-b0ad6cab5bd8,2016-08-05,02:00:00,EDSA East Ave. Quezon City,0,0,0,0,0,0,0,0,0,0,2016-08-05 10:00,Property,14.62811603,121.0472822,Angle Impact
None,EDSA,None,None,"No Accident Factor, Side Swipe, 0.0 drivers_injured, 0.0 drivers_killed, 0.0 passengers_injured, 0.0 passengers_killed, 0.0 pedestrian_injured, 0.0 pedestrian_killed, Fair (Night), EDSA Five Star Bus Terminal, E. Rod. Quezon City",MMDA Road Safety Unit,,7ee7ed60-7d27-4f2c-8809-cde5e496f57e,2016-08-04,17:00:00,"EDSA Misamis Street, Pagasa Quezon City",0,0,0,0,0,0,0,0,0,0,2016-08-05 1:00,Property,14.62375691,121.0492447,Side Swipe
None,EDSA,None,None,"No Accident Factor, Side Swipe, 0.0 drivers_injured, 0.0 drivers_killed, 0.0 passengers_injured, 0.0 passengers_killed, 0.0 pedestrian_injured, 0.0 pedestrian_killed, Fair (Night), EDSA Aurora Blvd., E. Rod. Quezon City",MMDA Road Safety Unit,,2ffca855-9a35-499e-849b-d809131dc974,2016-08-04,12:35:00,EDSA DLTB Bus Terminal  Quezon City,0,0,0,0,0,0,0,0,0,0,2016-08-04 20:35,Property,14.6218043,121.0502049,Side Swipe
None,EDSA,None,None,"No Accident Factor, Side Swipe, 0.0 drivers_injured, 0.0 drivers_killed, 0.0 passengers_injured, 0.0 passengers_killed, 0.0 pedestrian_injured, 0.0 pedestrian_killed, Fair (Night), EDSA Cloverleaf Drive Quezon City",MMDA Road Safety Unit,,d4d435bd-89a5-47da-97d9-a867fcf57a76,2016-08-04,12:10:00,EDSA Camp Crame Quezon City,0,0,0,0,0,0,0,0,0,0,2016-08-04 20:10,Property,14.65740144,121.0008553,Side Swipe
None,EDSA,None,None,"No Accident Factor, Hit and Run (No Collision Stated), 0.0 drivers_injured, 0.0 drivers_killed, 0.0 passengers_injured, 0.0 passengers_killed, 0.0 pedestrian_injured, 0.0 pedestrian_killed, Fair (Night), EDSA Puregold Supermarket Quezon City",MMDA Road Safety Unit,,fdeedf68-504d-4614-9c46-66c9b326403c,2016-08-04,12:00:00,"EDSA Department of Public Works & Highways Bldg., Pinyahan Quezon City",0,0,0,0,0,0,0,0,0,0,2016-08-04 20:00,Property,14.65739538,121.0046638,No Collision Stated
None,EDSA,None,None,"No Accident Factor, Side Swipe, 0.0 drivers_injured, 0.0 drivers_killed, 0.0 passengers_injured, 0.0 passengers_killed, 0.0 pedestrian_injured, 0.0 pedestrian_killed, Fair (Day), EDSA Wilcon Depot Quezon City",MMDA Road Safety Unit,,86c30035-9764-4b20-84a4-ea0bf506fb62,2016-08-04,03:30:00,EDSA Oliveros Drive Quezon City,0,0,0,0,0,0,0,0,0,0,2016-08-04 11:30,Property,14.65756689,121.0097372,Side Swipe
None,EDSA,None,None,"No Accident Factor, Side Swipe, 0.0 drivers_injured, 0.0 drivers_killed, 0.0 passengers_injured, 0.0 passengers_killed, 0.0 pedestrian_injured, 0.0 pedestrian_killed, Fair (Day), EDSA Kaingin Road Quezon City",MMDA Road Safety Unit,,d334c993-85c4-4524-af08-971cfdc3f3b0,2016-08-04,01:20:00,"EDSA Congressional Avenue, Ramon Magsaysay Quezon City",0,0,0,0,0,0,0,0,0,0,2016-08-04 9:20,Property,14.65746493,121.0109963,Side Swipe
None,EDSA,None,None,"No Accident Factor, Angle Impact, 0.0 drivers_injured, 0.0 drivers_killed, 0.0 passengers_injured, 0.0 passengers_killed, 0.0 pedestrian_injured, 0.0 pedestrian_killed, Fair (Night), EDSA Ortigas Ave., Ugong Norte Quezon City",MMDA Road Safety Unit,,33290560-9cb7-47b6-af2f-c80791296999,2016-08-03,21:40:00,"EDSA Baliwag Bus Terminal, E. Rodriguez  Quezon City",0,0,0,0,0,0,0,0,0,0,2016-08-04 5:40,Property,14.59335253,121.0584107,Angle Impact
None,EDSA,None,None,"No Accident Factor, Hit Object (Stair-Steel / Several Equipments), 0.0 drivers_injured, 0.0 drivers_killed, 0.0 passengers_injured, 0.0 passengers_killed, 0.0 pedestrian_injured, 0.0 pedestrian_killed, Fair (Night), EDSA New York St., E. Rod. Quezon City",MMDA Road Safety Unit,,cfec11ae-1558-43e1-b109-98e3772257ec,2016-08-03,21:00:00,"EDSA P. Tuazon Blvd., Cubao, Socorro Quezon City",0,0,0,0,0,0,0,0,0,0,2016-08-04 5:00,Property,14.62568514,121.0482307,Hit Object
None,EDSA,None,None,"No Accident Factor, No Collision Stated (based on Police Blotter Book), 0.0 drivers_injured, 0.0 drivers_killed, 0.0 passengers_injured, 0.0 passengers_killed, 0.0 pedestrian_injured, 0.0 pedestrian_killed, Fair (Night), EDSA Kamias Road, West Kamias Quezon City",MMDA Road Safety Unit,,94764242-8360-49e3-af2e-9497eb7fe16f,2016-08-03,14:00:00,EDSA Genesis Terminal Quezon City,0,0,0,0,0,0,0,0,0,0,2016-08-03 22:00,Property,14.6309142,121.0459376,No Collision Stated
None,EDSA,None,None,"No Accident Factor, Side Swipe, 0.0 drivers_injured, 0.0 drivers_killed, 0.0 passengers_injured, 0.0 passengers_killed, 0.0 pedestrian_injured, 0.0 pedestrian_killed, Fair (Day), EDSA Gen. Roxas Ave., Socorro Quezon City",MMDA Road Safety Unit,,eb79a178-fe5e-4d42-80de-b4a2016421fd,2016-08-03,09:00:00,EDSA Aurora Blvd. (EB) Quezon City,0,0,0,0,0,0,0,0,0,0,2016-08-03 17:00,Property,14.62042254,121.0508064,Side Swipe
None,EDSA,None,None,"No Accident Factor, Rear-end, 0.0 drivers_injured, 0.0 drivers_killed, 0.0 passengers_injured, 0.0 passengers_killed, 0.0 pedestrian_injured, 0.0 pedestrian_killed, Fair (Day), EDSA Aurora Blvd. Quezon City",MMDA Road Safety Unit,,1bec1568-f448-4f20-8ca9-39c3aa6ca107,2016-08-03,08:40:00,"EDSA Aurora Blvd., Cubao, Socorro Quezon City",0,0,0,0,0,0,0,0,0,0,2016-08-03 16:40,Property,14.62163653,121.0501573,Rear-End
None,EDSA,None,None,"No Accident Factor, Side Swipe, 0.0 drivers_injured, 0.0 drivers_killed, 0.0 passengers_injured, 0.0 passengers_killed, 0.0 pedestrian_injured, 0.0 pedestrian_killed, Fair (Day), EDSA Cloverleaf Quezon City",MMDA Road Safety Unit,,fb4c5ba9-cdca-4450-a92f-850dbcaad073,2016-08-03,07:30:00,"EDSA Robinsons Galleria, Ugong Norte Quezon City",0,0,0,0,0,0,0,0,0,0,2016-08-03 15:30,Property,14.65747901,121.0011914,Side Swipe
None,EDSA,None,None,"No Accident Factor, Rear-end, 0.0 drivers_injured, 0.0 drivers_killed, 0.0 passengers_injured, 0.0 passengers_killed, 0.0 pedestrian_injured, 0.0 pedestrian_killed, Fair (Day), EDSA Kamuning Road Quezon City",MMDA Road Safety Unit,,16fa3d71-16fb-4dfb-9f75-40954479ac0a,2016-08-03,06:40:00,"EDSA Petron Gas Station, Socorro Quezon City",0,0,0,0,0,0,0,0,0,0,2016-08-03 14:40,Property,14.63075725,121.0457548,Rear-End
None,EDSA,None,None,"No Accident Factor, No Collision Stated (based on Police Blotter Book), 0.0 drivers_injured, 0.0 drivers_killed, 0.0 passengers_injured, 0.0 passengers_killed, 0.0 pedestrian_injured, 0.0 pedestrian_killed, Fair (Day), EDSA White Plains Ave., Ugong Norte Quezon City",MMDA Road Safety Unit,,3ad21f9a-523b-4d5c-9320-696ae7de12a2,2016-08-03,05:30:00,"EDSA Main Ave., Socorro Quezon City",0,0,0,0,0,0,0,0,0,0,2016-08-03 13:30,Property,14.59961782,121.0596522,No Collision Stated
None,EDSA,None,None,"No Accident Factor, Multiple Collision, 0.0 drivers_injured, 0.0 drivers_killed, 0.0 passengers_injured, 0.0 passengers_killed, 0.0 pedestrian_injured, 0.0 pedestrian_killed, Fair (Day), EDSA Toyota Motors, Balintawak Quezon City",MMDA Road Safety Unit,,f6a74acb-0001-4cb4-b449-65caa4316659,2016-08-03,04:00:00,"EDSA Congressional Ave., Bahay Toro Quezon City",0,0,0,0,0,0,0,0,0,0,2016-08-03 12:00,Property,14.65736137,120.9959586,Multiple
None,EDSA,None,None,"No Accident Factor, Side Swipe, 0.0 drivers_injured, 0.0 drivers_killed, 0.0 passengers_injured, 0.0 passengers_killed, 0.0 pedestrian_injured, 0.0 pedestrian_killed, Fair (Day), EDSA Camp Crame gate 1 Quezon City",MMDA Road Safety Unit,,4b691cee-40e2-47ae-ae22-27b580ba5b4f,2016-08-03,01:05:00,"EDSA Corinthian Garden, Ugong Norte  Quezon City",0,0,0,0,0,0,0,0,0,0,2016-08-03 9:05,Property,14.60923788,121.0557422,Side Swipe
None,EDSA,None,None,"No Accident Factor, Hit and Run (No Collision Stated), 0.0 drivers_injured, 0.0 drivers_killed, 0.0 passengers_injured, 0.0 passengers_killed, 0.0 pedestrian_injured, 0.0 pedestrian_killed, Fair (Day), EDSA Camp Aguinaldo, White Plains Ave. Quezon City",MMDA Road Safety Unit,,31459dbd-7c87-432b-810a-c352b5546c3c,2016-08-02,22:50:00,"EDSA Baliwag Bus Terminal, E. Rodriguez  Quezon City",0,0,0,0,0,0,0,0,0,0,2016-08-03 6:50,Property,14.59973186,121.0598525,No Collision Stated
None,EDSA,None,None,"No Accident Factor, Side Swipe, 1.0 drivers_injured, 0.0 drivers_killed, 0.0 passengers_injured, 0.0 passengers_killed, 0.0 pedestrian_injured, 0.0 pedestrian_killed, Fair (Night), EDSA Congressional Ave.  Quezon City",MMDA Road Safety Unit,,cab2f655-5975-4002-bf0e-0dca296484a0,2016-08-02,17:00:00,"EDSA ""U"" turn slot, Trinoma, Philam Quezon City",0,0,0,1,0,0,0,0,0,1,2016-08-03 1:00,Injury,14.6571804,120.9927185,Side Swipe
None,EDSA,None,None,"No Accident Factor, Side Swipe, 0.0 drivers_injured, 0.0 drivers_killed, 0.0 passengers_injured, 0.0 passengers_killed, 0.0 pedestrian_injured, 0.0 pedestrian_killed, Fair (Night), EDSA Cloverleaf Drive Quezon City",MMDA Road Safety Unit,,4d78dda0-40e2-4104-823f-9acedd3b349d,2016-08-02,14:45:00,"EDSA P. Tuazon Blvd., Socorro Quezon City",0,0,0,0,0,0,0,0,0,0,2016-08-02 22:45,Property,14.65740144,121.0008553,Side Swipe