LOCATION_TEXT,ROAD,WEATHER,LIGHT,DESC,REPORTING_AGENCY,MAIN_CAUSE,INCIDENTDETAILS_ID,DATE_UTC,TIME_UTC,ADDRESS,killed_driver,killed_passenger,killed_pedestrian,injured_driver,injured_passenger,injured_pedestrian,killed_uncategorized,injured_uncategorized,killed_total,injured_total,DATETIME_PST,SEVERITY,Y,X,COLLISION_TYPE
None,EDSA,None,None,"No Accident Factor, Side Swipe, 0.0 drivers_injured, 0.0 drivers_killed, 0.0 passengers_injured, 0.0 passengers_killed, 0.0 pedestrian_injured, 0.0 pedestrian_killed, Fair (Night), EDSA Roosevelt Ave.  Quezon City",MMDA Road Safety Unit,,515a6540-d482-4555-a7ab-cb0c673425da,2016-08-02,14:30:00,EDSA P. Tuazon Blvd.  Quezon City,0,0,0,0,0,0,0,0,0,0,2016-08-02 22:30,Property,14.65762047,121.0196373,Side Swipe
None,EDSA,None,None,"No Accident Factor, Rear-end, 0.0 drivers_injured, 0.0 drivers_killed, 0.0 passengers_injured, 0.0 passengers_killed, 0.0 pedestrian_injured, 0.0 pedestrian_killed, Fair (Night), EDSA Timog Ave. Quezon City",MMDA Road Safety Unit,,a1e4ff09-344e-4603-9fd8-5bd67a582dcc,2016-08-02,11:30:00,EDSA Royal Quezon City,0,0,0,0,0,0,0,0,0,0,2016-08-02 19:30,Property,14.63293559,121.0446304,Rear-End
None,EDSA,None,None,"No Accident Factor, Side Swipe, 0.0 drivers_injured, 0.0 drivers_killed, 0.0 passengers_injured, 0.0 passengers_killed, 0.0 pedestrian_injured, 0.0 pedestrian_killed, Fair (Day), EDSA Kamuning Road Quezon City",MMDA Road Safety Unit,,5bc67e22-bc30-468f-8e50-05de1448d07b,2016-08-02,08:15:00,"EDSA East Ave., Pinyahan Quezon City",0,0,0,0,0,0,0,0,0,0,2016-08-02 16:15,Property,14.63075725,121.0457548,Side Swipe
None,EDSA,None,None,"No Accident Factor, No Collision Stated (based on Police Blotter Book), 0.0 drivers_injured, 0.0 drivers_killed, 0.0 passengers_injured, 0.0 passengers_killed, 0.0 pedestrian_injured, 0.0 pedestrian_killed, Fair (Day), EDSA Landmark, Pag-Asa Quezon City",MMDA Road Safety Unit,,8be7696f-4af2-4327-8684-7268a0da218e,2016-08-02,04:00:00,EDSA GMA Network Drive Quezon City,0,0,0,0,0,0,0,0,0,0,2016-08-02 12:00,Property,14.6509773,121.0331821,No Collision Stated
None,EDSA,None,None,"No Accident Factor, No Collision Stated (based on Police Blotter Book), 0.0 drivers_injured, 0.0 drivers_killed, 0.0 passengers_injured, 0.0 passengers_killed, 0.0 pedestrian_injured, 0.0 pedestrian_killed, Fair (Day), EDSA Gaate 4 Camp Aguinaldo Quezon City",MMDA Road Safety Unit,,029d25ef-e1e4-47c6-87ad-2a6284a15d30,2016-08-02,03:30:00,"EDSA East Ave., Pinyahan Quezon City",0,0,0,0,0,0,0,0,0,0,2016-08-02 11:30,Property,14.60127299,121.0594339,No Collision Stated
None,EDSA,None,None,"No Accident Factor, Side Swipe, 0.0 drivers_injured, 0.0 drivers_killed, 0.0 passengers_injured, 0.0 passengers_killed, 0.0 pedestrian_injured, 0.0 pedestrian_killed, Fair (Day), EDSA ""U"" turn slot, P.Tuazon Blvd. Quezon City",MMDA Road Safety Unit,,8e818524-1485-4db8-a915-6d7b554a3404,2016-08-02,01:50:00,"EDSA East Ave., Pinyahan Quezon City",0,0,0,0,0,0,0,0,0,0,2016-08-02 9:50,Property,14.61624525,121.0526456,Side Swipe
None,EDSA,None,None,"No Accident Factor, Side Swipe, 0.0 drivers_injured, 0.0 drivers_killed, 0.0 passengers_injured, 0.0 passengers_killed, 0.0 pedestrian_injured, 0.0 pedestrian_killed, Fair (Day), EDSA Arayat St. Quezon City",MMDA Road Safety Unit,,c29ac77c-f6c7-46e8-b35e-2f6049a09eaf,2016-08-02,00:45:00,"EDSA Roosevelt Avenue, Katipu Quezon City",0,0,0,0,0,0,0,0,0,0,2016-08-02 8:45,Property,14.61961124,121.0508602,Side Swipe
None,EDSA,None,None,"No Accident Factor, No Collision Stated (based on Police Blotter Book), 0.0 drivers_injured, 0.0 drivers_killed, 0.0 passengers_injured, 0.0 passengers_killed, 0.0 pedestrian_injured, 0.0 pedestrian_killed, Fair (Day), EDSA White Plains Ave., Ugong Norte Quezon City",MMDA Road Safety Unit,,e57134a9-88be-4181-9954-f3bbae40ca96,2016-08-02,00:05:00,EDSA Scout Borromeo St.  Quezon City,0,0,0,0,0,0,0,0,0,0,2016-08-02 8:05,Property,14.59961782,121.0596522,No Collision Stated
None,EDSA,None,None,"No Accident Factor, Angle Impact, 0.0 drivers_injured, 0.0 drivers_killed, 0.0 passengers_injured, 0.0 passengers_killed, 0.0 pedestrian_injured, 0.0 pedestrian_killed, Fair (Day), EDSA Santolan MRT Station, Camp Aguinaldo Quezon City",MMDA Road Safety Unit,,98495f46-0c0d-4ac6-8967-c2435a67ad37,2016-08-01,23:30:00,"EDSA Five Star Bus Terminal, E. Rod. Quezon City",0,0,0,0,0,0,0,0,0,0,2016-08-02 7:30,Property,14.60773988,121.0564577,Angle Impact
None,EDSA,None,None,"No Accident Factor, Rear-end, 0.0 drivers_injured, 0.0 drivers_killed, 0.0 passengers_injured, 0.0 passengers_killed, 0.0 pedestrian_injured, 0.0 pedestrian_killed, Fair (Day), EDSA Camp Aguinaldo Quezon City",MMDA Road Safety Unit,,2f609c3c-5b92-449c-bfd3-a745d34c96c8,2016-08-01,23:20:00,EDSA E. Lopez St. Quezon City,0,0,0,0,0,0,0,0,0,0,2016-08-02 7:20,Property,14.60818699,121.0564562,Rear-End
None,EDSA,None,None,"No Accident Factor, Multiple Collision, 2.0 drivers_injured, 0.0 drivers_killed, 0.0 passengers_injured, 0.0 passengers_killed, 0.0 pedestrian_injured, 0.0 pedestrian_killed, Fair (Night), EDSA National Printing Office Road, Pinyahan Quezon City",MMDA Road Safety Unit,,86742e6d-b041-48da-9a86-8f1732c7139c,2016-08-01,20:30:00,EDSA P. Tuazon Blvd.  Quezon City,0,0,0,2,0,0,0,0,0,2,2016-08-02 4:30,Injury,14.63891902,121.0410657,Multiple
None,EDSA,None,None,"No Accident Factor, No Collision Stated (based on Police Blotter Book), 0.0 drivers_injured, 0.0 drivers_killed, 0.0 passengers_injured, 0.0 passengers_killed, 0.0 pedestrian_injured, 0.0 pedestrian_killed, Fair (Night), EDSA Kamias Road, West Kamias Quezon City",MMDA Road Safety Unit,,e71c3ce6-e7b3-4daa-a99c-2fb6e643fcd2,2016-08-01,11:00:00,"EDSA Corinthian Garden Subd., Ugong Norte Quezon City",0,0,0,0,0,0,0,0,0,0,2016-08-01 19:00,Property,14.6309142,121.0459376,No Collision Stated
None,EDSA,None,None,"No Accident Factor, Angle Impact, 0.0 drivers_injured, 0.0 drivers_killed, 0.0 passengers_injured, 0.0 passengers_killed, 0.0 pedestrian_injured, 0.0 pedestrian_killed, Fair (Night), EDSA Kamias Road, Pinyahan Quezon City",MMDA Road Safety Unit,,13716411-418d-427c-b04d-52b8baecb5f3,2016-08-01,10:15:00,EDSA Kamuning Road Quezon City,0,0,0,0,0,0,0,0,0,0,2016-08-01 18:15,Property,14.6309142,121.0459376,Angle Impact
None,EDSA,None,None,"No Accident Factor, Side Swipe, 0.0 drivers_injured, 0.0 drivers_killed, 0.0 passengers_injured, 0.0 passengers_killed, 0.0 pedestrian_injured, 0.0 pedestrian_killed, Fair (Night), EDSA Bernardo Park Quezon City",MMDA Road Safety Unit,,4e67f9fe-d4a5-4df1-af8a-d1dfe9e4eb1e,2016-08-01,10:05:00,"EDSA P. Tuazon Blvd., Socorro Quezon City",0,0,0,0,0,0,0,0,0,0,2016-08-01 18:05,Property,14.62896149,121.046597,Side Swipe
None,EDSA,None,None,"No Accident Factor, No Collision Stated (based on Police Blotter Book), 0.0 drivers_injured, 0.0 drivers_killed, 0.0 passengers_injured, 0.0 passengers_killed, 0.0 pedestrian_injured, 0.0 pedestrian_killed, Fair (Day), EDSA ES Bus Terminal, E. Rod. Quezon City",MMDA Road Safety Unit,,38ac0162-4810-4276-8e84-4c0f052cdf68,2016-08-01,09:45:00,"EDSA ""U"" turn slot, Shell Gas Station, A. Samson Quezon City",0,0,0,0,0,0,0,0,0,0,2016-08-01 17:45,Property,14.62515746,121.0486037,No Collision Stated
None,EDSA,None,None,"No Accident Factor, Side Swipe, 1.0 drivers_injured, 0.0 drivers_killed, 0.0 passengers_injured, 0.0 passengers_killed, 0.0 pedestrian_injured, 0.0 pedestrian_killed, Fair (Day), EDSA GMA network Drive Quezon City",MMDA Road Safety Unit,,28bae9b0-bddb-4f06-a4a6-ab275fee3a0e,2016-08-01,09:35:00,EDSA Arayat St.  Quezon City,0,0,0,1,0,0,0,0,0,1,2016-08-01 17:35,Injury,14.63467214,121.0435714,Side Swipe
None,EDSA,None,None,"No Accident Factor, Side Swipe, 0.0 drivers_injured, 0.0 drivers_killed, 0.0 passengers_injured, 0.0 passengers_killed, 0.0 pedestrian_injured, 0.0 pedestrian_killed, Fair (Day), EDSA SM Hypermart, P. Tuazon Blvd., Socorro Quezon City",MMDA Road Safety Unit,,2001bdc8-50da-46a0-bdd9-87821b610fd8,2016-08-01,04:15:00,"EDSA Victory Liner Bus Terminal, Pinyahan Quezon City",0,0,0,0,0,0,0,0,0,0,2016-08-01 12:15,Property,14.6142289,121.0535621,Side Swipe
None,EDSA,None,None,"No Accident Factor, Side Swipe, 0.0 drivers_injured, 0.0 drivers_killed, 0.0 passengers_injured, 0.0 passengers_killed, 0.0 pedestrian_injured, 0.0 pedestrian_killed, Fair (Day), EDSA R. Magsaysay High School Quezon City",MMDA Road Safety Unit,,1fe1c48c-6014-44d3-8fa9-cb4148dfd8bb,2016-08-01,02:55:00,EDSA North Road Quezon City,0,0,0,0,0,0,0,0,0,0,2016-08-01 10:55,Property,14.62774693,121.0471762,Side Swipe
None,EDSA,None,None,"No Accident Factor, No Collision Stated (based on Police Blotter Book), 0.0 drivers_injured, 0.0 drivers_killed, 0.0 passengers_injured, 0.0 passengers_killed, 0.0 pedestrian_injured, 0.0 pedestrian_killed, Fair (Day), EDSA Camp Aguinaldo Gate 3 Quezon City",MMDA Road Safety Unit,,49c056d6-d912-4f1d-9f6f-c73259079822,2016-08-01,00:50:00,"EDSA GMA Kamuning MRT Station, Pinyahan Quezon City",0,0,0,0,0,0,0,0,0,0,2016-08-01 8:50,Property,14.60836048,121.0563667,No Collision Stated
None,EDSA,None,None,"No Accident Factor, Side Swipe, 0.0 drivers_injured, 0.0 drivers_killed, 0.0 passengers_injured, 0.0 passengers_killed, 0.0 pedestrian_injured, 0.0 pedestrian_killed, Fair (Day), EDSA South Road Quezon City",MMDA Road Safety Unit,,09601bc5-4e6d-4bab-a8e4-904463ecfcaa,2016-08-01,00:30:00,"EDSA Whiteplains Ave., Ugong Norte Quezon City",0,0,0,0,0,0,0,0,0,0,2016-08-01 8:30,Property,14.61321318,121.053905,Side Swipe
None,EDSA,None,None,"No Accident Factor, Hit and Run (No Collision Stated), 0.0 drivers_injured, 0.0 drivers_killed, 0.0 passengers_injured, 0.0 passengers_killed, 0.0 pedestrian_injured, 0.0 pedestrian_killed, Fair (Night), EDSA Balintawak LRT Station  Quezon City",MMDA Road Safety Unit,,b1d5fd0b-8463-46c5-8179-08980aa66be3,2016-07-31,20:20:00,"EDSA Aurora Blvd., Socorro Quezon City",0,0,0,0,0,0,0,0,0,0,2016-08-01 4:20,Property,14.65730869,121.0020316,No Collision Stated
None,EDSA,None,None,"No Accident Factor, Rear-end, 0.0 drivers_injured, 0.0 drivers_killed, 0.0 passengers_injured, 0.0 passengers_killed, 0.0 pedestrian_injured, 0.0 pedestrian_killed, Fair (Day), EDSA JAM Liner Bus Terminal Quezon City",MMDA Road Safety Unit,,8f5562e4-7bc7-49a2-8b1f-832d3df70e3e,2016-07-31,08:30:00,"EDSA Mindanao Avenue Ext., Pagasa Quezon City",0,0,0,0,0,0,0,0,0,0,2016-07-31 16:30,Property,14.63113373,121.0455992,Rear-End
None,EDSA,None,None,"No Accident Factor, Hit and Run (Hit Parked Vehicle), 0.0 drivers_injured, 0.0 drivers_killed, 0.0 passengers_injured, 0.0 passengers_killed, 0.0 pedestrian_injured, 0.0 pedestrian_killed, Fair (Day), EDSA Panay Ave., South Triangle Quezon City",MMDA Road Safety Unit,,6ba1edc5-5267-40c7-956e-a2aa8f4a9691,2016-07-31,04:30:00,EDSA Nepa Q-Mart Quezon City,0,0,0,0,0,0,0,0,0,0,2016-07-31 12:30,Property,14.64294686,121.0381076,Angle Impact
None,EDSA,None,None,"No Accident Factor, Rear-end, 0.0 drivers_injured, 0.0 drivers_killed, 0.0 passengers_injured, 0.0 passengers_killed, 0.0 pedestrian_injured, 0.0 pedestrian_killed, Fair (Day), EDSA A. Bonifacio Ave.  Quezon City",MMDA Road Safety Unit,,82cf31cf-c096-49d2-9eb2-e0051cf58f1c,2016-07-31,01:00:00,"EDSA Aurora Blvd., E. Rodriguez Quezon City",0,0,0,0,0,0,0,0,0,0,2016-07-31 9:00,Property,14.6573471,121.0009663,Rear-End
None,EDSA,None,None,"No Accident Factor, Side Swipe, 0.0 drivers_injured, 0.0 drivers_killed, 0.0 passengers_injured, 0.0 passengers_killed, 0.0 pedestrian_injured, 0.0 pedestrian_killed, Fair (Night), EDSA Bansalangin  Quezon City",MMDA Road Safety Unit,,04777bb2-7833-47ff-8594-c297273e9d1f,2016-07-30,15:30:00,"EDSA Main Ave. (PSSLAI Bldg., Socorro) Quezon City",0,0,0,0,0,0,0,0,0,0,2016-07-30 23:30,Property,14.6567996,121.0241845,Side Swipe
None,EDSA,None,None,"No Accident Factor, Side Swipe, 0.0 drivers_injured, 0.0 drivers_killed, 0.0 passengers_injured, 0.0 passengers_killed, 0.0 pedestrian_injured, 0.0 pedestrian_killed, Fair (Day), EDSA Nissan Motors Quezon City",MMDA Road Safety Unit,,d89f7c8d-aaca-4a52-a4ac-72302930addb,2016-07-30,07:30:00,EDSA Mayor Ignacio Diaz St.  Quezon City,0,0,0,0,0,0,0,0,0,0,2016-07-30 15:30,Property,14.65769025,121.0138039,Side Swipe
None,EDSA,None,None,"No Accident Factor, Side Swipe, 0.0 drivers_injured, 0.0 drivers_killed, 0.0 passengers_injured, 0.0 passengers_killed, 0.0 pedestrian_injured, 0.0 pedestrian_killed, Fair (Day), EDSA P. Tuazon Service Road (SB) Quezon City",MMDA Road Safety Unit,,12265453-3122-4eb3-ab0a-28b355196263,2016-07-30,06:35:00,EDSA Quezon Ave. (EB) Quezon City,0,0,0,0,0,0,0,0,0,0,2016-07-30 14:35,Property,14.61656342,121.0525225,Side Swipe
None,EDSA,None,None,"No Accident Factor, No Collision Stated (based on Police Blotter Book), 0.0 drivers_injured, 0.0 drivers_killed, 0.0 passengers_injured, 0.0 passengers_killed, 0.0 pedestrian_injured, 0.0 pedestrian_killed, Fair (Day), EDSA Kamuning Road Quezon City",MMDA Road Safety Unit,,65adcc46-73c1-41b2-ac8b-d79cabb91721,2016-07-30,05:10:00,EDSA Scout Borromeo St. Quezon City,0,0,0,0,0,0,0,0,0,0,2016-07-30 13:10,Property,14.63075725,121.0457548,No Collision Stated
None,EDSA,None,None,"No Accident Factor, Side Swipe, 0.0 drivers_injured, 0.0 drivers_killed, 0.0 passengers_injured, 0.0 passengers_killed, 0.0 pedestrian_injured, 0.0 pedestrian_killed, Fair (Day), EDSA ""U"" turn slot, North MRT Station Quezon City",MMDA Road Safety Unit,,e8472654-b39a-49b9-ad44-d03bf3d7a4d7,2016-07-30,01:00:00,EDSA Main Road Quezon City,0,0,0,0,0,0,0,0,0,0,2016-07-30 9:00,Property,14.65358965,121.0313672,Side Swipe
None,EDSA,None,None,"No Accident Factor, Side Swipe, 1.0 drivers_injured, 0.0 drivers_killed, 0.0 passengers_injured, 0.0 passengers_killed, 0.0 pedestrian_injured, 0.0 pedestrian_killed, Fair (Day), EDSA PS-10, Kamuning Quezon City",MMDA Road Safety Unit,,d9dbbb24-5b6c-4599-b798-98051a525bbe,2016-07-29,22:45:00,"EDSA ""U"" turn slot, Ramon Magsaysay Quezon City",0,0,0,1,0,0,0,0,0,1,2016-07-30 6:45,Injury,14.62987095,121.046131,Side Swipe
None,EDSA,None,None,"No Accident Factor, Hit and Run (No Collision Stated), 0.0 drivers_injured, 0.0 drivers_killed, 0.0 passengers_injured, 0.0 passengers_killed, 0.0 pedestrian_injured, 0.0 pedestrian_killed, Fair (Day), EDSA E. Lopez Drive Quezon City",MMDA Road Safety Unit,,a94409d2-fbb8-4bfa-913e-72ff08f24aef,2016-07-29,22:00:00,EDSA Timog Ave.  Quezon City,0,0,0,0,0,0,0,0,0,0,2016-07-30 6:00,Property,14.6396904,121.0403884,No Collision Stated
None,EDSA,None,None,"No Accident Factor, Multiple Collision, 0.0 drivers_injured, 0.0 drivers_killed, 0.0 passengers_injured, 0.0 passengers_killed, 0.0 pedestrian_injured, 0.0 pedestrian_killed, Fair (Night), EDSA East Ave., Pinyahan Quezon City",MMDA Road Safety Unit,,0e937964-f2f4-484a-818d-b9d859c538b1,2016-07-29,21:00:00,"EDSA Whiteplains Ave., Ugong Norte Quezon City",0,0,0,0,0,0,0,0,0,0,2016-07-30 5:00,Property,14.6328297,121.0451176,Multiple
None,EDSA,None,None,"No Accident Factor, Side Swipe, 0.0 drivers_injured, 0.0 drivers_killed, 0.0 passengers_injured, 0.0 passengers_killed, 0.0 pedestrian_injured, 0.0 pedestrian_killed, Fair (Night), EDSA Gen. Roxas Ave., Socorro Quezon City",MMDA Road Safety Unit,,d1947c6b-3855-45de-ad38-47b82856a522,2016-07-29,14:50:00,"EDSA Ortigas Ave., Ugong Norte Quezon City",0,0,0,0,0,0,0,0,0,0,2016-07-29 22:50,Property,14.62042254,121.0508064,Side Swipe
None,EDSA,None,None,"No Accident Factor, Side Swipe, 0.0 drivers_injured, 0.0 drivers_killed, 0.0 passengers_injured, 0.0 passengers_killed, 0.0 pedestrian_injured, 0.0 pedestrian_killed, Fair (Night), EDSA ""U"" turn slot, Darrio Bridge Quezon City",MMDA Road Safety Unit,,c070da0c-8d42-47fc-90e7-bffeb81ed3fe,2016-07-29,13:40:00,"EDSA P. Tuazon Blvd., Socorro Quezon City",0,0,0,0,0,0,0,0,0,0,2016-07-29 21:40,Property,14.65768675,121.0162465,Side Swipe
None,EDSA,None,None,"No Accident Factor, Rear-end, 0.0 drivers_injured, 0.0 drivers_killed, 0.0 passengers_injured, 0.0 passengers_killed, 0.0 pedestrian_injured, 0.0 pedestrian_killed, Fair (Day), EDSA Bansalangin St.  Quezon City",MMDA Road Safety Unit,,ab5a76ea-960d-45de-a8bc-bd049d89ec35,2016-07-29,04:25:00,EDSA Home Depot Quezon City,0,0,0,0,0,0,0,0,0,0,2016-07-29 12:25,Property,14.6567996,121.0241845,Rear-End
None,EDSA,None,None,"No Accident Factor, Side Swipe, 0.0 drivers_injured, 0.0 drivers_killed, 0.0 passengers_injured, 0.0 passengers_killed, 0.0 pedestrian_injured, 0.0 pedestrian_killed, Fair (Day), EDSA Oliveros Drive Quezon City",MMDA Road Safety Unit,,14a07a51-9949-448c-8272-a20af6921d4e,2016-07-29,03:40:00,"EDSA East Ave., Pinyahan Quezon City",0,0,0,0,0,0,0,0,0,0,2016-07-29 11:40,Property,14.65762799,121.0065288,Side Swipe
None,EDSA,None,None,"No Accident Factor, Rear-end, 0.0 drivers_injured, 0.0 drivers_killed, 0.0 passengers_injured, 0.0 passengers_killed, 0.0 pedestrian_injured, 0.0 pedestrian_killed, Fair (Day), EDSA Mapagmahal St., Pinyahan Quezon City",MMDA Road Safety Unit,,b354ab55-a541-409c-bf39-4045a30b2601,2016-07-29,01:25:00,"EDSA GMA Drive, Kamuning  Quezon City",0,0,0,0,0,0,0,0,0,0,2016-07-29 9:25,Property,14.63185046,121.0455315,Rear-End
None,EDSA,None,None,"No Accident Factor, Rear-end, 1.0 drivers_injured, 0.0 drivers_killed, 0.0 passengers_injured, 0.0 passengers_killed, 0.0 pedestrian_injured, 0.0 pedestrian_killed, Fair (Day), EDSA East Ave., Pinyahan Quezon City",MMDA Road Safety Unit,,1889d884-2d67-4b0f-85cf-55be0f9bc358,2016-07-29,01:00:00,"EDSA East Ave., Pinyahan Quezon City",0,0,0,1,0,0,0,0,0,1,2016-07-29 9:00,Injury,14.6328297,121.0451176,Rear-End
None,EDSA,None,None,"No Accident Factor, Side Swipe, 0.0 drivers_injured, 0.0 drivers_killed, 0.0 passengers_injured, 0.0 passengers_killed, 0.0 pedestrian_injured, 0.0 pedestrian_killed, Fair (Day), EDSA E. Garcia St.  Quezon City",MMDA Road Safety Unit,,08a12a25-fb80-41b5-aa19-751c62c88611,2016-07-29,00:05:00,"EDSA Kamias Road, West Kamias Quezon City",0,0,0,0,0,0,0,0,0,0,2016-07-29 8:05,Property,14.62742033,121.0475769,Side Swipe
None,EDSA,None,None,"No Accident Factor, Side Swipe, 0.0 drivers_injured, 0.0 drivers_killed, 0.0 passengers_injured, 0.0 passengers_killed, 0.0 pedestrian_injured, 0.0 pedestrian_killed, Fair (Night), EDSA P. Tuazon Blvd., Socorro, Cubao Quezon City",MMDA Road Safety Unit,,be7435cc-fa4d-48af-9ac0-066d3dad5188,2016-07-28,20:50:00,EDSA Sct. Borromeo St. (Shell Gas Station) Quezon City,0,0,0,0,0,0,0,0,0,0,2016-07-29 4:50,Property,14.61656342,121.0525225,Side Swipe
None,EDSA,None,None,"No Accident Factor, Side Swipe, 0.0 drivers_injured, 0.0 drivers_killed, 0.0 passengers_injured, 0.0 passengers_killed, 0.0 pedestrian_injured, 0.0 pedestrian_killed, Fair (Night), EDSA Howmart St., A. Samson Quezon City",MMDA Road Safety Unit,,84fcc3c8-d1eb-4b23-b5b7-1907dd73333b,2016-07-28,20:45:00,EDSA Aurora Blvd.  Quezon City,0,0,0,0,0,0,0,0,0,0,2016-07-29 4:45,Property,14.65764415,121.0108224,Side Swipe
None,EDSA,None,None,"No Accident Factor, Side Swipe, 0.0 drivers_injured, 0.0 drivers_killed, 0.0 passengers_injured, 0.0 passengers_killed, 0.0 pedestrian_injured, 0.0 pedestrian_killed, Fair (Night), EDSA Trinoma Mall Quezon City",MMDA Road Safety Unit,,eee7f10b-0499-4dc3-8bfb-14d92ffde601,2016-07-28,15:25:00,EDSA Roosevelt Ave.  Quezon City,0,0,0,0,0,0,0,0,0,0,2016-07-28 23:25,Property,14.65242607,121.0323133,Side Swipe
None,EDSA,None,None,"No Accident Factor, No Collision Stated (based on Police Blotter Book), 0.0 drivers_injured, 0.0 drivers_killed, 0.0 passengers_injured, 0.0 passengers_killed, 0.0 pedestrian_injured, 0.0 pedestrian_killed, Fair (Night), EDSA Misamis St., Pag-asa Quezon City",MMDA Road Safety Unit,,451e29a8-dda4-4177-94d5-bcedccb63760,2016-07-28,12:00:00,EDSA East Ave. Quezon City,0,0,0,0,0,0,0,0,0,0,2016-07-28 20:00,Property,14.65602348,121.0285212,No Collision Stated
None,EDSA,None,None,"No Accident Factor, No Collision Stated (based on Police Blotter Book), 0.0 drivers_injured, 0.0 drivers_killed, 0.0 passengers_injured, 0.0 passengers_killed, 0.0 pedestrian_injured, 0.0 pedestrian_killed, Fair (Day), EDSA Timog, Pinyahan Quezon City",MMDA Road Safety Unit,,14dd9414-6d84-471f-86cd-2c3ce77694b2,2016-07-28,09:05:00,EDSA Quezon Ave. (EB) Quezon City,0,0,0,0,0,0,0,0,0,0,2016-07-28 17:05,Property,14.63293559,121.0446304,No Collision Stated
None,EDSA,None,None,"No Accident Factor, Rear-end, 0.0 drivers_injured, 0.0 drivers_killed, 0.0 passengers_injured, 0.0 passengers_killed, 0.0 pedestrian_injured, 0.0 pedestrian_killed, Fair (Day), EDSA Camp Aguinaldo Gate 3, Camp Aguinaldo Quezon City",MMDA Road Safety Unit,,5a5b1fa7-b9ba-45aa-855f-e7814b5722e5,2016-07-28,03:20:00,EDSA Aurora Blvd.  Quezon City,0,0,0,0,0,0,0,0,0,0,2016-07-28 11:20,Property,14.60836048,121.0563667,Rear-End
None,EDSA,None,None,"No Accident Factor, Rear-end, 0.0 drivers_injured, 0.0 drivers_killed, 0.0 passengers_injured, 0.0 passengers_killed, 0.0 pedestrian_injured, 0.0 pedestrian_killed, Fair (Day), EDSA New York St.  Quezon City",MMDA Road Safety Unit,,11859706-7a22-4a61-8b79-a0385988c7dc,2016-07-27,23:30:00,"EDSA Francisco Bldg., Pinyahan Quezon City",0,0,0,0,0,0,0,0,0,0,2016-07-28 7:30,Property,14.62568514,121.0482307,Rear-End
None,EDSA,None,None,"No Accident Factor, No Collision Stated (based on Police Blotter Book), 0.0 drivers_injured, 0.0 drivers_killed, 0.0 passengers_injured, 0.0 passengers_killed, 0.0 pedestrian_injured, 0.0 pedestrian_killed, Fair (Night), EDSA Gen. Roxas Ave., Socorro Quezon City",MMDA Road Safety Unit,,49ec45d9-e881-45d5-a194-529e44a87052,2016-07-27,12:30:00,"EDSA Aurora Blvd., Socorro Quezon City",0,0,0,0,0,0,0,0,0,0,2016-07-27 20:30,Property,14.62042254,121.0508064,No Collision Stated
None,EDSA,None,None,"No Accident Factor, Rear-end, 0.0 drivers_injured, 0.0 drivers_killed, 0.0 passengers_injured, 0.0 passengers_killed, 0.0 pedestrian_injured, 0.0 pedestrian_killed, Fair (Day), EDSA Puregold Supermarket, Balintawak Quezon City",MMDA Road Safety Unit,,eb129361-d8db-4f90-878d-3db2883511c7,2016-07-27,08:30:00,"EDSA Gen. Mc Arthur Ave., Cubao Quezon City",0,0,0,0,0,0,0,0,0,0,2016-07-27 16:30,Property,14.65739538,121.0046638,Rear-End
None,EDSA,None,None,"No Accident Factor, No Collision Stated (based on Police Blotter Book), 0.0 drivers_injured, 0.0 drivers_killed, 0.0 passengers_injured, 0.0 passengers_killed, 0.0 pedestrian_injured, 0.0 pedestrian_killed, Fair (Day), EDSA P. Tuazon Blvd.,Socorro  Quezon City",MMDA Road Safety Unit,,5492c93a-9429-4dfc-8745-acef290ffef0,2016-07-27,06:55:00,EDSA Roosevelt Ave.  Quezon City,0,0,0,0,0,0,0,0,0,0,2016-07-27 14:55,Property,14.61656342,121.0525225,No Collision Stated
None,EDSA,None,None,"No Accident Factor, Rear-end, 0.0 drivers_injured, 0.0 drivers_killed, 0.0 passengers_injured, 0.0 passengers_killed, 0.0 pedestrian_injured, 0.0 pedestrian_killed, Fair (Day), EDSA Whiteplains Ave., Camp Aguinaldo Quezon City",MMDA Road Safety Unit,,fc5a5b7b-8774-461d-ba0c-0489f9ab247f,2016-07-27,03:00:00,EDSA Roosevelt Ave.  Quezon City,0,0,0,0,0,0,0,0,0,0,2016-07-27 11:00,Property,14.59961782,121.0596522,Rear-End
None,EDSA,None,None,"No Accident Factor, Rear-end, 0.0 drivers_injured, 0.0 drivers_killed, 0.0 passengers_injured, 0.0 passengers_killed, 0.0 pedestrian_injured, 0.0 pedestrian_killed, Fair (Day), EDSA Camp Gen. Aguinaldo Quezon City",MMDA Road Safety Unit,,d2790f45-c5d7-453b-ab1f-b4f24b452393,2016-07-27,01:35:00,EDSA Roosevelt Ave.  Quezon City,0,0,0,0,0,0,0,0,0,0,2016-07-27 9:35,Property,14.6084772,121.0562768,Rear-End