LOCATION_TEXT,ROAD,WEATHER,LIGHT,DESC,REPORTING_AGENCY,MAIN_CAUSE,INCIDENTDETAILS_ID,DATE_UTC,TIME_UTC,ADDRESS,killed_driver,killed_passenger,killed_pedestrian,injured_driver,injured_passenger,injured_pedestrian,killed_uncategorized,injured_uncategorized,killed_total,injured_total,DATETIME_PST,SEVERITY,Y,X,COLLISION_TYPE
None,EDSA,None,None,"No Accident Factor, Side Swipe, 0.0 drivers_injured, 0.0 drivers_killed, 0.0 passengers_injured, 0.0 passengers_killed, 0.0 pedestrian_injured, 0.0 pedestrian_killed, Fair (Day), EDSA Kamuning Road Quezon City",MMDA Road Safety Unit,,d4f61245-c35c-4387-9fb9-01a08de922d9,2016-07-27,01:00:00,"EDSA Main Road, Socorro Quezon City",0,0,0,0,0,0,0,0,0,0,2016-07-27 9:00,Property,14.63075725,121.0457548,Side Swipe
None,EDSA,None,None,"No Accident Factor, Side Swipe, 0.0 drivers_injured, 0.0 drivers_killed, 0.0 passengers_injured, 0.0 passengers_killed, 0.0 pedestrian_injured, 0.0 pedestrian_killed, Fair (Day), EDSA North MRT Station Quezon City",MMDA Road Safety Unit,,0025a6bf-7768-43d9-9542-e2ffd70b9560,2016-07-27,00:30:00,"EDSA East Ave., Pinyahan Quezon City",0,0,0,0,0,0,0,0,0,0,2016-07-27 8:30,Property,14.65221162,121.0324012,Side Swipe
None,EDSA,None,None,"No Accident Factor, Rear-end, 0.0 drivers_injured, 0.0 drivers_killed, 0.0 passengers_injured, 0.0 passengers_killed, 0.0 pedestrian_injured, 0.0 pedestrian_killed, Fair (Day), EDSA Timog Ave.  Quezon City",MMDA Road Safety Unit,,68b9745b-c18b-45c9-895e-87745e6423a1,2016-07-27,00:15:00,"EDSA Baliwag Bus Terminal, E. Rodriguez  Quezon City",0,0,0,0,0,0,0,0,0,0,2016-07-27 8:15,Property,14.63293559,121.0446304,Rear-End
None,EDSA,None,None,"No Accident Factor, Rear-end, 0.0 drivers_injured, 0.0 drivers_killed, 0.0 passengers_injured, 0.0 passengers_killed, 0.0 pedestrian_injured, 0.0 pedestrian_killed, Fair (Day), EDSA JAM Liner Terminal  Quezon City",MMDA Road Safety Unit,,3eba963e-0401-421f-861f-ea05409579b8,2016-07-27,00:05:00,EDSA Kamuning Road  Quezon City,0,0,0,0,0,0,0,0,0,0,2016-07-27 8:05,Property,14.63113373,121.0455992,Rear-End
None,EDSA,None,None,"No Accident Factor, Rear-end, 0.0 drivers_injured, 0.0 drivers_killed, 0.0 passengers_injured, 0.0 passengers_killed, 0.0 pedestrian_injured, 0.0 pedestrian_killed, Fair (Day), EDSA Timog Ave.  Quezon City",MMDA Road Safety Unit,,e39c2485-0311-458e-8cc7-1f249efcbf33,2016-07-26,22:15:00,EDSA Timog Ave.  Quezon City,0,0,0,0,0,0,0,0,0,0,2016-07-27 6:15,Property,14.63293559,121.0446304,Rear-End
None,EDSA,None,None,"No Accident Factor, Rear-end, 0.0 drivers_injured, 0.0 drivers_killed, 0.0 passengers_injured, 0.0 passengers_killed, 0.0 pedestrian_injured, 0.0 pedestrian_killed, Fair (Day), EDSA Timog Ave.    Quezon City",MMDA Road Safety Unit,,94e3b922-7c88-4517-a559-473b1d1b9ba5,2016-07-26,22:15:00,"EDSA Cloverleaf, Balingasa Quezon City",0,0,0,0,0,0,0,0,0,0,2016-07-27 6:15,Property,14.63293559,121.0446304,Rear-End
None,EDSA,None,None,"No Accident Factor, Side Swipe, 0.0 drivers_injured, 0.0 drivers_killed, 0.0 passengers_injured, 0.0 passengers_killed, 0.0 pedestrian_injured, 0.0 pedestrian_killed, Fair (Night), EDSA Balintawak Market Quezon City",MMDA Road Safety Unit,,cca2d9a7-2fc2-4d07-b5e9-6a0cc37ca609,2016-07-26,20:45:00,EDSA Arayat St.  Quezon City,0,0,0,0,0,0,0,0,0,0,2016-07-27 4:45,Property,14.65740947,121.0025737,Side Swipe
None,EDSA,None,None,"No Accident Factor, Side Swipe, 0.0 drivers_injured, 0.0 drivers_killed, 0.0 passengers_injured, 0.0 passengers_killed, 0.0 pedestrian_injured, 0.0 pedestrian_killed, Fair (Night), EDSA SM North Quezon City",MMDA Road Safety Unit,,7a3a208a-d890-4adb-9d8d-c1a4c8f07003,2016-07-26,19:25:00,EDSA New York St.  Quezon City,0,0,0,0,0,0,0,0,0,0,2016-07-27 3:25,Property,14.65645143,121.0271077,Side Swipe
None,EDSA,None,None,"No Accident Factor, No Collision Stated (based on Police Blotter Book), 1.0 drivers_injured, 0.0 drivers_killed, 0.0 passengers_injured, 0.0 passengers_killed, 0.0 pedestrian_injured, 0.0 pedestrian_killed, Fair (Night), EDSA P. Tuazon Blvd., Socorro Quezon City",MMDA Road Safety Unit,,d26ed7df-42a0-4efd-b626-3ee1e98c3665,2016-07-26,13:45:00,"EDSA Quezon Ave., Pagasa Quezon City",0,0,0,1,0,0,0,0,0,1,2016-07-26 21:45,Injury,14.61656342,121.0525225,No Collision Stated
None,EDSA,None,None,"No Accident Factor, Side Swipe, 0.0 drivers_injured, 0.0 drivers_killed, 0.0 passengers_injured, 0.0 passengers_killed, 0.0 pedestrian_injured, 0.0 pedestrian_killed, Fair (Night), EDSA Ortigas Ave., Ugong Norte Quezon City",MMDA Road Safety Unit,,8c4f97d7-5f45-46b6-be32-0cdb76f6ccd7,2016-07-26,12:30:00,EDSA Col. Bonny Serrano Ave.  Quezon City,0,0,0,0,0,0,0,0,0,0,2016-07-26 20:30,Property,14.59335253,121.0584107,Side Swipe
None,EDSA,None,None,"No Accident Factor, No Collision Stated (based on Police Blotter Book), 0.0 drivers_injured, 0.0 drivers_killed, 0.0 passengers_injured, 0.0 passengers_killed, 0.0 pedestrian_injured, 0.0 pedestrian_killed, Fair (Day), EDSA Camp Gen. Aguinaldo Quezon City",MMDA Road Safety Unit,,944f67dc-2973-4578-ac5c-dbe8ca686a45,2016-07-26,07:30:00,EDSA Camp Aguinaldo  Quezon City,0,0,0,0,0,0,0,0,0,0,2016-07-26 15:30,Property,14.6084772,121.0562768,No Collision Stated
None,EDSA,None,None,"No Accident Factor, Side Swipe, 0.0 drivers_injured, 0.0 drivers_killed, 0.0 passengers_injured, 0.0 passengers_killed, 0.0 pedestrian_injured, 0.0 pedestrian_killed, Fair (Day), EDSA Quezon Ave. Split Quezon City",MMDA Road Safety Unit,,28067578-0f77-43cd-9a26-ae1c43dd249a,2016-07-25,22:05:00,"EDSA ""U"" turn slot, Camp Crame Gate 1 Quezon City",0,0,0,0,0,0,0,0,0,0,2016-07-26 6:05,Property,14.6442444,121.0375839,Side Swipe
None,EDSA,None,None,"No Accident Factor, Side Swipe, 0.0 drivers_injured, 0.0 drivers_killed, 0.0 passengers_injured, 0.0 passengers_killed, 0.0 pedestrian_injured, 0.0 pedestrian_killed, Fair (Night), EDSA North MRT Station Quezon City",MMDA Road Safety Unit,,3634e35e-411e-44d3-b56a-c8a483297166,2016-07-25,21:50:00,"EDSA Baliwag Bus Terminal, Cubao Quezon City",0,0,0,0,0,0,0,0,0,0,2016-07-26 5:50,Property,14.65221162,121.0324012,Side Swipe
None,EDSA,None,None,"No Accident Factor, Rear-end, 0.0 drivers_injured, 0.0 drivers_killed, 0.0 passengers_injured, 0.0 passengers_killed, 0.0 pedestrian_injured, 0.0 pedestrian_killed, Fair (Night), EDSA MRT Station, Philam Quezon City",MMDA Road Safety Unit,,22a9c1c3-93f6-45a5-bc0b-cf1b1d931505,2016-07-25,21:00:00,EDSA Bansalangin Quezon City,0,0,0,0,0,0,0,0,0,0,2016-07-26 5:00,Property,14.65218268,121.032372,Rear-End
None,EDSA,None,None,"No Accident Factor, Rear-end, 0.0 drivers_injured, 0.0 drivers_killed, 0.0 passengers_injured, 0.0 passengers_killed, 0.0 pedestrian_injured, 0.0 pedestrian_killed, Fair (Night), EDSA Banahaw Road Quezon City",MMDA Road Safety Unit,,674f4a5f-49ad-46fe-a7b9-cd25518e7200,2016-07-25,10:45:00,EDSA Bansalangin Quezon City,0,0,0,0,0,0,0,0,0,0,2016-07-25 18:45,Property,14.61797303,121.0516572,Rear-End
None,EDSA,None,None,"No Accident Factor, Angle Impact, 1.0 drivers_injured, 0.0 drivers_killed, 0.0 passengers_injured, 0.0 passengers_killed, 0.0 pedestrian_injured, 0.0 pedestrian_killed, Fair (Day), EDSA Farmers Plaza, Socorro Quezon City",MMDA Road Safety Unit,,b00d4651-4d65-47a9-a0ef-a3bfd822984f,2016-07-25,07:30:00,EDSA Panay Ave.  Quezon City,0,0,0,1,0,0,0,0,0,1,2016-07-25 15:30,Injury,14.61920525,121.0513476,Angle Impact
None,EDSA,None,None,"No Accident Factor, Rear-end, 0.0 drivers_injured, 0.0 drivers_killed, 0.0 passengers_injured, 0.0 passengers_killed, 0.0 pedestrian_injured, 0.0 pedestrian_killed, Fair (Day), EDSA Farmers Plaza Cubao, Socorro Quezon City",MMDA Road Safety Unit,,cd1e02d9-2f92-45a2-991b-5fd2c846f0c5,2016-07-25,03:35:00,"EDSA West Avenue, Philam Quezon City",0,0,0,0,0,0,0,0,0,0,2016-07-25 11:35,Property,14.61920525,121.0513476,Rear-End
None,EDSA,None,None,"No Accident Factor, Rear-end, 0.0 drivers_injured, 0.0 drivers_killed, 0.0 passengers_injured, 0.0 passengers_killed, 0.0 pedestrian_injured, 0.0 pedestrian_killed, Fair (Day), EDSA Main Ave., Socorro Quezon City",MMDA Road Safety Unit,,f9165249-22df-44a9-955e-bf7b189342c3,2016-07-25,03:30:00,"EDSA East Ave., Pinyahan Quezon City",0,0,0,0,0,0,0,0,0,0,2016-07-25 11:30,Property,14.61376458,121.0537933,Rear-End
None,EDSA,None,None,"No Accident Factor, Rear-end, 0.0 drivers_injured, 0.0 drivers_killed, 0.0 passengers_injured, 0.0 passengers_killed, 0.0 pedestrian_injured, 0.0 pedestrian_killed, Fair (Day), EDSA New York St., E. Rod. Quezon City",MMDA Road Safety Unit,,2e287b5b-c868-4ac7-9c09-3240a82d3da2,2016-07-25,02:05:00,EDSA Arayat St.  Quezon City,0,0,0,0,0,0,0,0,0,0,2016-07-25 10:05,Property,14.62568514,121.0482307,Rear-End
None,EDSA,None,None,"No Accident Factor, Multiple Collision, 0.0 drivers_injured, 0.0 drivers_killed, 0.0 passengers_injured, 0.0 passengers_killed, 0.0 pedestrian_injured, 0.0 pedestrian_killed, Fair (Day), EDSA Scout Borromeo St.  Quezon City",MMDA Road Safety Unit,,4bcbb9a0-e3f3-430c-9ed6-17b99b438801,2016-07-24,23:00:00,"EDSA Camp Aguinaldo, Col. Bonny Serrano Ave.  Quezon City",0,0,0,0,0,0,0,0,0,0,2016-07-25 7:00,Property,14.63715712,121.0419507,Multiple
None,EDSA,None,None,"No Accident Factor, Rear-end, 0.0 drivers_injured, 0.0 drivers_killed, 9.0 passengers_injured, 0.0 passengers_killed, 0.0 pedestrian_injured, 0.0 pedestrian_killed, Fair (Night), EDSA Aurora Blvd.  Quezon City",MMDA Road Safety Unit,,48f7e114-1504-45aa-940b-bb168a2453db,2016-07-24,15:00:00,"EDSA Santolan, Camp Crame Quezon City",0,0,0,0,9,0,0,0,0,9,2016-07-24 23:00,Injury,14.6217569,121.0502544,Rear-End
None,EDSA,None,None,"No Accident Factor, No Collision Stated (based on Police Blotter Book), 0.0 drivers_injured, 0.0 drivers_killed, 0.0 passengers_injured, 0.0 passengers_killed, 0.0 pedestrian_injured, 0.0 pedestrian_killed, Fair (Night), EDSA Puregold Quezon City",MMDA Road Safety Unit,,b9d6fa40-7c5e-4f15-b3f1-f1bcde575eb6,2016-07-24,11:30:00,"EDSA Congressional Avenue, Ramon Magsaysay Quezon City",0,0,0,0,0,0,0,0,0,0,2016-07-24 19:30,Property,14.65739538,121.0046638,No Collision Stated
None,EDSA,None,None,"No Accident Factor, No Collision Stated (based on Police Blotter Book), 0.0 drivers_injured, 0.0 drivers_killed, 0.0 passengers_injured, 0.0 passengers_killed, 0.0 pedestrian_injured, 0.0 pedestrian_killed, Fair (Night), EDSA East Ave., Pinyahan Quezon City",MMDA Road Safety Unit,,a2df7fbc-9e25-4b35-b713-d56c9977465b,2016-07-24,11:30:00,EDSA Cloverleaf Quezon City,0,0,0,0,0,0,0,0,0,0,2016-07-24 19:30,Property,14.6328297,121.0451176,No Collision Stated
None,EDSA,None,None,"No Accident Factor, Side Swipe, 0.0 drivers_injured, 0.0 drivers_killed, 0.0 passengers_injured, 0.0 passengers_killed, 0.0 pedestrian_injured, 0.0 pedestrian_killed, Fair (Day), EDSA Five Star Bus Terminal, E. Rod. Quezon City",MMDA Road Safety Unit,,46d00807-1d1f-410b-8b0e-df618e40e77a,2016-07-24,02:30:00,EDSA Baliwag Loading / Unloading Bay Quezon City,0,0,0,0,0,0,0,0,0,0,2016-07-24 10:30,Property,14.62375691,121.0492447,Side Swipe
None,EDSA,None,None,"No Accident Factor, Angle Impact, 0.0 drivers_injured, 0.0 drivers_killed, 0.0 passengers_injured, 0.0 passengers_killed, 0.0 pedestrian_injured, 0.0 pedestrian_killed, Fair (Night), EDSA P. Tuazon Blvd., Socorro Quezon City",MMDA Road Safety Unit,,fd0c4c22-2011-402e-be9b-48cf6beb9ad3,2016-07-23,11:00:00,"EDSA National Printing Office Road, Pinyahan  Quezon City",0,0,0,0,0,0,0,0,0,0,2016-07-23 19:00,Property,14.61656342,121.0525225,Angle Impact
None,EDSA,None,None,"No Accident Factor, No Collision Stated (based on Police Blotter Book), 0.0 drivers_injured, 0.0 drivers_killed, 0.0 passengers_injured, 0.0 passengers_killed, 0.0 pedestrian_injured, 0.0 pedestrian_killed, Fair (Night), EDSA Misamis St., Sto. Cristo Quezon City",MMDA Road Safety Unit,,a6b91d75-44cd-431c-bf03-6a7a3459a5bd,2016-07-23,10:30:00,EDSA Philam Quezon City,0,0,0,0,0,0,0,0,0,0,2016-07-23 18:30,Property,14.65602348,121.0285212,No Collision Stated
None,EDSA,None,None,"No Accident Factor, Side Swipe, 0.0 drivers_injured, 0.0 drivers_killed, 0.0 passengers_injured, 0.0 passengers_killed, 0.0 pedestrian_injured, 0.0 pedestrian_killed, Fair (Night), EDSA Col. Bonny Serrano Ave.  Quezon City",MMDA Road Safety Unit,,946ee0ea-c278-4ad7-afe3-00248e395536,2016-07-23,10:25:00,EDSA Quezon Ave. (EB) Quezon City,0,0,0,0,0,0,0,0,0,0,2016-07-23 18:25,Property,14.61107337,121.0550705,Side Swipe
None,EDSA,None,None,"No Accident Factor, Side Swipe, 0.0 drivers_injured, 0.0 drivers_killed, 0.0 passengers_injured, 0.0 passengers_killed, 0.0 pedestrian_injured, 0.0 pedestrian_killed, Fair (Night), EDSA Cloverleaf Drive Quezon City",MMDA Road Safety Unit,,3c2d0f02-80c0-4aee-8f2c-ed511f700d80,2016-07-23,10:20:00,"EDSA Kamias Road, West Kamias Quezon City",0,0,0,0,0,0,0,0,0,0,2016-07-23 18:20,Property,14.65740144,121.0008553,Side Swipe
None,EDSA,None,None,"No Accident Factor, Side Swipe, 0.0 drivers_injured, 0.0 drivers_killed, 0.0 passengers_injured, 0.0 passengers_killed, 0.0 pedestrian_injured, 0.0 pedestrian_killed, Fair (Day), EDSA Cloverleaf Drive Quezon City",MMDA Road Safety Unit,,c0aa0432-13bc-4329-885d-ee4a2a42dcd5,2016-07-23,09:30:00,EDSA Quezon Ave. Quezon City,0,0,0,0,0,0,0,0,0,0,2016-07-23 17:30,Property,14.65740144,121.0008553,Side Swipe
None,EDSA,None,None,"No Accident Factor, Hit and Run (No Collision Stated), 0.0 drivers_injured, 0.0 drivers_killed, 0.0 passengers_injured, 0.0 passengers_killed, 0.0 pedestrian_injured, 0.0 pedestrian_killed, Fair (Day), EDSA Santolan Road, Socorro Quezon City",MMDA Road Safety Unit,,0c889b6e-e16a-4b50-8f77-794c5503bcc1,2016-07-23,09:20:00,EDSA Quezon Ave.  Quezon City,0,0,0,0,0,0,0,0,0,0,2016-07-23 17:20,Property,14.6102736,121.0552175,No Collision Stated
None,EDSA,None,None,"No Accident Factor, No Collision Stated (based on Police Blotter Book), 1.0 drivers_injured, 0.0 drivers_killed, 0.0 passengers_injured, 0.0 passengers_killed, 0.0 pedestrian_injured, 0.0 pedestrian_killed, Fair (Day), EDSA Quezon Ave. (Service Road, WB) Quezon City",MMDA Road Safety Unit,,e9089cf6-2b69-4d2e-8096-dd3614418fac,2016-07-23,08:25:00,EDSA Camp Aguinaldo Quezon City,0,0,0,1,0,0,0,0,0,1,2016-07-23 16:25,Injury,14.6442444,121.0375839,No Collision Stated
None,EDSA,None,None,"No Accident Factor, Side Swipe, 0.0 drivers_injured, 0.0 drivers_killed, 0.0 passengers_injured, 0.0 passengers_killed, 0.0 pedestrian_injured, 0.0 pedestrian_killed, Fair (Day), EDSA Kaingin Road Quezon City",MMDA Road Safety Unit,,bc9835cb-5a33-426e-9c97-3ba725e3eb42,2016-07-23,06:00:00,EDSA Scout Borromeo St. (SB) Quezon City,0,0,0,0,0,0,0,0,0,0,2016-07-23 14:00,Property,14.65746493,121.0109963,Side Swipe
None,EDSA,None,None,"No Accident Factor, Multiple Collision, 0.0 drivers_injured, 0.0 drivers_killed, 0.0 passengers_injured, 0.0 passengers_killed, 0.0 pedestrian_injured, 0.0 pedestrian_killed, Fair (Day), EDSA National Printing Office Road, Pinyahan  Quezon City",MMDA Road Safety Unit,,8bcb4385-7703-4039-ace8-13789065a467,2016-07-23,01:30:00,"EDSA Baliwag Bus Terminal, Cubao Quezon City",0,0,0,0,0,0,0,0,0,0,2016-07-23 9:30,Property,14.63891902,121.0410657,Multiple
None,EDSA,None,None,"No Accident Factor, Rear-end, 0.0 drivers_injured, 0.0 drivers_killed, 0.0 passengers_injured, 0.0 passengers_killed, 0.0 pedestrian_injured, 0.0 pedestrian_killed, Fair (Night), EDSA Shell Gas Station, A. Samson Quezon City",MMDA Road Safety Unit,,e1579004-1c8b-4d3a-a1f0-4c8df894a990,2016-07-22,15:45:00,"EDSA Puregold, Balintawak  Quezon City",0,0,0,0,0,0,0,0,0,0,2016-07-22 23:45,Property,14.65761329,121.0076049,Rear-End
None,EDSA,None,None,"No Accident Factor, Side Swipe, 0.0 drivers_injured, 0.0 drivers_killed, 0.0 passengers_injured, 0.0 passengers_killed, 0.0 pedestrian_injured, 0.0 pedestrian_killed, Fair (Night), EDSA Total Gas Station, Balingasa Quezon City",MMDA Road Safety Unit,,530496f9-3a82-4a4c-83b4-5a55219091fc,2016-07-22,15:45:00,EDSA Roosevelt Ave.  Quezon City,0,0,0,0,0,0,0,0,0,0,2016-07-22 23:45,Property,14.65757988,121.0033003,Side Swipe
None,EDSA,None,None,"No Accident Factor, Side Swipe, 0.0 drivers_injured, 0.0 drivers_killed, 0.0 passengers_injured, 0.0 passengers_killed, 0.0 pedestrian_injured, 0.0 pedestrian_killed, Fair (Night), EDSA Baliwag Bus Terminal, E Rodriguez Quezon City",MMDA Road Safety Unit,,aef572ba-a4b6-4791-87a6-61e9a90c881c,2016-07-22,15:00:00,"EDSA Mindanao Ave. (SB), Sauyo Quezon City",0,0,0,0,0,0,0,0,0,0,2016-07-22 23:00,Property,14.6244766,121.0489584,Side Swipe
None,EDSA,None,None,"No Accident Factor, No Collision Stated (based on Police Blotter Book), 0.0 drivers_injured, 0.0 drivers_killed, 0.0 passengers_injured, 0.0 passengers_killed, 0.0 pedestrian_injured, 0.0 pedestrian_killed, Fair (Night), EDSA NIA Road, Pinyahan Quezon City",MMDA Road Safety Unit,,5024ac1d-5e25-4e0d-aa9b-c66dce344fe4,2016-07-22,10:50:00,EDSA SM North (NB) Quezon City,0,0,0,0,0,0,0,0,0,0,2016-07-22 18:50,Property,14.63727823,121.0421362,No Collision Stated
None,EDSA,None,None,"No Accident Factor, Rear-end, 0.0 drivers_injured, 0.0 drivers_killed, 0.0 passengers_injured, 0.0 passengers_killed, 0.0 pedestrian_injured, 0.0 pedestrian_killed, Fair (Day), EDSA Cloverleaf Quezon City",MMDA Road Safety Unit,,7d539580-605c-478f-bd39-7db986033b56,2016-07-22,09:10:00,EDSA North Ave. (WB) Quezon City,0,0,0,0,0,0,0,0,0,0,2016-07-22 17:10,Property,14.65747901,121.0011914,Rear-End
None,EDSA,None,None,"No Accident Factor, Side Swipe, 0.0 drivers_injured, 0.0 drivers_killed, 0.0 passengers_injured, 0.0 passengers_killed, 0.0 pedestrian_injured, 0.0 pedestrian_killed, Fair (Day), EDSA East Ave., Pinyahan Quezon City",MMDA Road Safety Unit,,169918d8-3f96-475a-83a6-6c781be20ef5,2016-07-22,06:45:00,"EDSA Farmers Plaza Cubao, Socorro Quezon City",0,0,0,0,0,0,0,0,0,0,2016-07-22 14:45,Property,14.6328297,121.0451176,Side Swipe
None,EDSA,None,None,"No Accident Factor, No Collision Stated (based on Police Blotter Book), 0.0 drivers_injured, 0.0 drivers_killed, 0.0 passengers_injured, 0.0 passengers_killed, 0.0 pedestrian_injured, 0.0 pedestrian_killed, Fair (Day), EDSA Cloverleaf Quezon City",MMDA Road Safety Unit,,4c822d25-0a00-4e80-a168-fee9511c8936,2016-07-22,03:00:00,EDSA Quezon Ave. (WB) Quezon City,0,0,0,0,0,0,0,0,0,0,2016-07-22 11:00,Property,14.65747901,121.0011914,No Collision Stated
None,EDSA,None,None,"No Accident Factor, No Collision Stated (based on Police Blotter Book), 0.0 drivers_injured, 0.0 drivers_killed, 0.0 passengers_injured, 0.0 passengers_killed, 0.0 pedestrian_injured, 0.0 pedestrian_killed, Fair (Day), EDSA Balintawak Market Quezon City",MMDA Road Safety Unit,,b8b0dae7-f2e1-4bd1-9dfc-5ba93ad20743,2016-07-22,00:30:00,"EDSA Gen. Roxas Ave., Socorro Quezon City",0,0,0,0,0,0,0,0,0,0,2016-07-22 8:30,Property,14.65740947,121.0025737,No Collision Stated
None,EDSA,None,None,"No Accident Factor, Rear-end, 0.0 drivers_injured, 0.0 drivers_killed, 0.0 passengers_injured, 0.0 passengers_killed, 0.0 pedestrian_injured, 0.0 pedestrian_killed, Fair (Day), EDSA Puregold, Balintawak Quezon City",MMDA Road Safety Unit,,cd97b163-9c8f-4055-b14f-e3b718bbf438,2016-07-22,00:00:00,"EDSA East Ave., Pinyahan Quezon City",0,0,0,0,0,0,0,0,0,0,2016-07-22 8:00,Property,14.65739538,121.0046638,Rear-End
None,EDSA,None,None,"No Accident Factor, Side Swipe, 0.0 drivers_injured, 0.0 drivers_killed, 0.0 passengers_injured, 0.0 passengers_killed, 0.0 pedestrian_injured, 0.0 pedestrian_killed, Fair (Night), EDSA Trinoma Mall Quezon City",MMDA Road Safety Unit,,c209ba26-da1c-4715-8525-9892beeb6924,2016-07-21,15:05:00,EDSA E. Garcia St. Quezon City,0,0,0,0,0,0,0,0,0,0,2016-07-21 23:05,Property,14.65242607,121.0323133,Side Swipe
None,EDSA,None,None,"No Accident Factor, Rear-end, 0.0 drivers_injured, 0.0 drivers_killed, 0.0 passengers_injured, 0.0 passengers_killed, 0.0 pedestrian_injured, 0.0 pedestrian_killed, Fair (Night), EDSA Farmers Cubao Quezon City",MMDA Road Safety Unit,,08d2c0dc-a1d4-466a-bd68-3649a1b66bb5,2016-07-21,10:30:00,EDSA Main Ave. (SB) Quezon City,0,0,0,0,0,0,0,0,0,0,2016-07-21 18:30,Property,14.61920525,121.0513476,Rear-End
None,EDSA,None,None,"No Accident Factor, Side Swipe, 0.0 drivers_injured, 0.0 drivers_killed, 0.0 passengers_injured, 0.0 passengers_killed, 0.0 pedestrian_injured, 0.0 pedestrian_killed, Fair (Night), EDSA Nepa Q-Mart, E. Rodriguez Quezon City",MMDA Road Safety Unit,,2f09c8a6-c9e3-49b2-a60d-9a698058fe3e,2016-07-21,10:20:00,"EDSA Puregold Supermarket, Balintawak Quezon City",0,0,0,0,0,0,0,0,0,0,2016-07-21 18:20,Property,14.62805361,121.0472521,Side Swipe
None,EDSA,None,None,"No Accident Factor, Rear-end, 0.0 drivers_injured, 0.0 drivers_killed, 0.0 passengers_injured, 0.0 passengers_killed, 0.0 pedestrian_injured, 0.0 pedestrian_killed, Fair (Day), EDSA Corinthian  Garden Subd., Ugong Norte Quezon City",MMDA Road Safety Unit,,b133e75c-a83a-42d6-b121-24113aabc18d,2016-07-21,09:00:00,EDSA Quezon Ave. Centris (NB) Quezon City,0,0,0,0,0,0,0,0,0,0,2016-07-21 17:00,Property,14.59580783,121.0595248,Rear-End
None,EDSA,None,None,"No Accident Factor, Side Swipe, 0.0 drivers_injured, 0.0 drivers_killed, 0.0 passengers_injured, 0.0 passengers_killed, 0.0 pedestrian_injured, 0.0 pedestrian_killed, Fair (Day), EDSA PS-10, Kamuning Quezon City",MMDA Road Safety Unit,,4b47c536-5360-46de-be04-c5297e5dc1f0,2016-07-21,03:45:00,"EDSA Mrt, Timog (NB) Quezon City",0,0,0,0,0,0,0,0,0,0,2016-07-21 11:45,Property,14.62987095,121.046131,Side Swipe
None,EDSA,None,None,"No Accident Factor, Rear-end, 0.0 drivers_injured, 0.0 drivers_killed, 0.0 passengers_injured, 0.0 passengers_killed, 0.0 pedestrian_injured, 0.0 pedestrian_killed, Fair (Day), EDSA Banahaw St. (SB) Quezon City",MMDA Road Safety Unit,,0d32496c-fdbc-40a7-aa18-6a6f202e303f,2016-07-21,02:25:00,EDSA Q-Mart (NB) Quezon City,0,0,0,0,0,0,0,0,0,0,2016-07-21 10:25,Property,14.61797303,121.0516572,Rear-End
None,EDSA,None,None,"No Accident Factor, No Collision Stated (based on Police Blotter Book), 0.0 drivers_injured, 0.0 drivers_killed, 0.0 passengers_injured, 0.0 passengers_killed, 0.0 pedestrian_injured, 0.0 pedestrian_killed, Fair (Day), EDSA Corinthian  Garden Subd., Ugong Norte Quezon City",MMDA Road Safety Unit,,a60e2be4-b808-49ac-9198-6d440c1b9ed8,2016-07-21,02:00:00,"EDSA East Ave., Pinyahan Quezon City",0,0,0,0,0,0,0,0,0,0,2016-07-21 10:00,Property,14.59580783,121.0595248,No Collision Stated
None,EDSA,None,None,"No Accident Factor, Rear-end, 0.0 drivers_injured, 0.0 drivers_killed, 0.0 passengers_injured, 0.0 passengers_killed, 0.0 pedestrian_injured, 0.0 pedestrian_killed, Fair (Day), EDSA Arayat St.  Quezon City",MMDA Road Safety Unit,,6b996541-a134-4299-bbd8-0e16370a4e7d,2016-07-21,01:15:00,EDSA SM Annex (NB) Quezon City,0,0,0,0,0,0,0,0,0,0,2016-07-21 9:15,Property,14.61961124,121.0508602,Rear-End
None,EDSA,None,None,"No Accident Factor, Side Swipe, 0.0 drivers_injured, 0.0 drivers_killed, 0.0 passengers_injured, 0.0 passengers_killed, 0.0 pedestrian_injured, 0.0 pedestrian_killed, Fair (Day), EDSA Timog MRT Station Quezon City",MMDA Road Safety Unit,,b47194ac-6fd2-458f-a219-af801a3ffd23,2016-07-21,00:40:00,EDSA Arayat (SB) Quezon City,0,0,0,0,0,0,0,0,0,0,2016-07-21 8:40,Property,14.63293559,121.0446304,Side Swipe
None,EDSA,None,None,"No Accident Factor, No Collision Stated (based on Police Blotter Book), 0.0 drivers_injured, 0.0 drivers_killed, 0.0 passengers_injured, 0.0 passengers_killed, 0.0 pedestrian_injured, 0.0 pedestrian_killed, Fair (Day), EDSA Monte De Piedad St. Quezon City",MMDA Road Safety Unit,,a2c7dae8-2094-4944-a13e-0b95cb44c5ba,2016-07-21,00:00:00,EDSA North Ave. (NB) Quezon City,0,0,0,0,0,0,0,0,0,0,2016-07-21 8:00,Property,14.62346937,121.0491711,No Collision Stated
None,EDSA,None,None,"No Accident Factor, Rear-end, 0.0 drivers_injured, 0.0 drivers_killed, 0.0 passengers_injured, 0.0 passengers_killed, 0.0 pedestrian_injured, 0.0 pedestrian_killed, Fair (Day), EDSA Quezon Ave.  Quezon City",MMDA Road Safety Unit,,13dbd780-010c-4a08-a02f-9e5782027858,2016-07-20,23:15:00,EDSA Q-Mart (NB) Quezon City,0,0,0,0,0,0,0,0,0,0,2016-07-21 7:15,Property,14.6442444,121.0375839,Rear-End