LOCATION_TEXT,ROAD,WEATHER,LIGHT,DESC,REPORTING_AGENCY,MAIN_CAUSE,INCIDENTDETAILS_ID,DATE_UTC,TIME_UTC,ADDRESS,killed_driver,killed_passenger,killed_pedestrian,injured_driver,injured_passenger,injured_pedestrian,killed_uncategorized,injured_uncategorized,killed_total,injured_total,DATETIME_PST,SEVERITY,Y,X,COLLISION_TYPE
None,EDSA,None,None,"No Accident Factor, Rear-end, 0.0 drivers_injured, 0.0 drivers_killed, 0.0 passengers_injured, 0.0 passengers_killed, 0.0 pedestrian_injured, 0.0 pedestrian_killed, Fair (Day), EDSA DILG, Quezon Ave. (SB)  Quezon City",MMDA Road Safety Unit,,cda7f84b-7a52-4b37-870f-dafa74d2cc40,2016-07-20,23:15:00,EDSA Kamuning Road Quezon City,0,0,0,0,0,0,0,0,0,0,2016-07-21 7:15,Property,14.63178721,121.0454019,Rear-End
None,EDSA,None,None,"No Accident Factor, No Collision Stated (based on Police Blotter Book), 0.0 drivers_injured, 0.0 drivers_killed, 0.0 passengers_injured, 0.0 passengers_killed, 0.0 pedestrian_injured, 0.0 pedestrian_killed, Fair (Night), EDSA SM Mall North, Ramon Magsaysay Quezon City",MMDA Road Safety Unit,,166367ed-17cd-4590-8ee0-b5e642060ccc,2016-07-20,15:30:00,"EDSA Misamis St., Bagong Pag-asa Quezon City",0,0,0,0,0,0,0,0,0,0,2016-07-20 23:30,Property,14.65580781,121.0293115,No Collision Stated
None,EDSA,None,None,"No Accident Factor, Side Swipe, 0.0 drivers_injured, 0.0 drivers_killed, 0.0 passengers_injured, 0.0 passengers_killed, 0.0 pedestrian_injured, 0.0 pedestrian_killed, Fair (Day), EDSA Oliveros Quezon City",MMDA Road Safety Unit,,7222e847-e42b-48ad-a255-624781ff5d3e,2016-07-20,09:30:00,"EDSA P. Tuazon Blvd., Socorro Quezon City",0,0,0,0,0,0,0,0,0,0,2016-07-20 17:30,Property,14.65762799,121.0065288,Side Swipe
None,EDSA,None,None,"No Accident Factor, Side Swipe, 0.0 drivers_injured, 0.0 drivers_killed, 0.0 passengers_injured, 0.0 passengers_killed, 0.0 pedestrian_injured, 0.0 pedestrian_killed, Fair (Day), EDSA West Ave.  Quezon City",MMDA Road Safety Unit,,d7ba64aa-5750-4ac2-8f74-54f9472ee97b,2016-07-20,08:20:00,EDSA Camp Aguinaldo Quezon City,0,0,0,0,0,0,0,0,0,0,2016-07-20 16:20,Property,14.65548924,121.0298079,Side Swipe
None,EDSA,None,None,"No Accident Factor, No Collision Stated (based on Police Blotter Book), 0.0 drivers_injured, 0.0 drivers_killed, 0.0 passengers_injured, 0.0 passengers_killed, 0.0 pedestrian_injured, 0.0 pedestrian_killed, Fair (Day), EDSA Corregidor St., Ramon Magsaysay Quezon City",MMDA Road Safety Unit,,92656cc2-cfd2-4609-b910-bb8265ccd43c,2016-07-20,08:00:00,EDSA Quezon City Academy (NB) Quezon City,0,0,0,0,0,0,0,0,0,0,2016-07-20 16:00,Property,14.65707679,121.0241648,No Collision Stated
None,EDSA,None,None,"No Accident Factor, Side Swipe, 0.0 drivers_injured, 0.0 drivers_killed, 0.0 passengers_injured, 0.0 passengers_killed, 0.0 pedestrian_injured, 0.0 pedestrian_killed, Fair (Day), EDSA Roosevelt Ave. Quezon City",MMDA Road Safety Unit,,f2c84a36-f241-41ab-86a2-b49e917cce40,2016-07-20,07:00:00,EDSA Ortigas (EB) Quezon City,0,0,0,0,0,0,0,0,0,0,2016-07-20 15:00,Property,14.65762047,121.0196373,Side Swipe
None,EDSA,None,None,"No Accident Factor, Side Swipe, 0.0 drivers_injured, 0.0 drivers_killed, 0.0 passengers_injured, 0.0 passengers_killed, 0.0 pedestrian_injured, 0.0 pedestrian_killed, Fair (Day), EDSA E. Lopez Drive Quezon City",MMDA Road Safety Unit,,f25a0a34-a3f8-4e48-ba03-7f43404ca39c,2016-07-20,06:30:00,"EDSA Benitez St., Phil-Am Quezon City",0,0,0,0,0,0,0,0,0,0,2016-07-20 14:30,Property,14.6396904,121.0403884,Side Swipe
None,EDSA,None,None,"No Accident Factor, No Collision Stated (based on Police Blotter Book), 0.0 drivers_injured, 0.0 drivers_killed, 0.0 passengers_injured, 0.0 passengers_killed, 0.0 pedestrian_injured, 0.0 pedestrian_killed, Fair (Day), EDSA Toyota Motors North, Ramon Magsaysay Quezon City",MMDA Road Safety Unit,,a3a7d81b-3e95-4a83-9272-7d5b28f37a87,2016-07-20,06:00:00,EDSA Arayat St. Quezon City,0,0,0,0,0,0,0,0,0,0,2016-07-20 14:00,Property,14.65684068,121.0250616,No Collision Stated
None,EDSA,None,None,"No Accident Factor, Side Swipe, 0.0 drivers_injured, 0.0 drivers_killed, 0.0 passengers_injured, 0.0 passengers_killed, 0.0 pedestrian_injured, 0.0 pedestrian_killed, Fair (Day), EDSA Baliwag Bus Terminal, Cubao Quezon City",MMDA Road Safety Unit,,884044dd-452d-4866-a80e-c61ce776e9e5,2016-07-20,03:30:00,EDSA Main Ave. (SB) Quezon City,0,0,0,0,0,0,0,0,0,0,2016-07-20 11:30,Property,14.6244766,121.0489584,Side Swipe
None,EDSA,None,None,"No Accident Factor, Rear-end, 0.0 drivers_injured, 0.0 drivers_killed, 0.0 passengers_injured, 0.0 passengers_killed, 0.0 pedestrian_injured, 0.0 pedestrian_killed, Fair (Day), EDSA Monte De Piedad St. Quezon City",MMDA Road Safety Unit,,423ba64f-8a70-43f0-aeeb-7e3176f39999,2016-07-19,23:30:00,"EDSA Camp Aguinaldo, Whiteplains Ave.  Quezon City",0,0,0,0,0,0,0,0,0,0,2016-07-20 7:30,Property,14.62346937,121.0491711,Rear-End
None,EDSA,None,None,"No Accident Factor, Rear-end, 0.0 drivers_injured, 0.0 drivers_killed, 0.0 passengers_injured, 0.0 passengers_killed, 0.0 pedestrian_injured, 0.0 pedestrian_killed, Fair (Day), EDSA Timog Ave.  Quezon City",MMDA Road Safety Unit,,ec8fc2c4-9c88-4527-90da-155fad3b88b6,2016-07-19,22:30:00,EDSA E. Lopez Drive Quezon City,0,0,0,0,0,0,0,0,0,0,2016-07-20 6:30,Property,14.63293559,121.0446304,Rear-End
None,EDSA,None,None,"No Accident Factor, Side Swipe, 0.0 drivers_injured, 0.0 drivers_killed, 0.0 passengers_injured, 0.0 passengers_killed, 0.0 pedestrian_injured, 0.0 pedestrian_killed, Fair (Night), EDSA Roosevelt Ave. Quezon City",MMDA Road Safety Unit,,8b74fbd0-be39-480d-bfc2-d9720a2e665f,2016-07-19,18:20:00,EDSA North Road Quezon City,0,0,0,0,0,0,0,0,0,0,2016-07-20 2:20,Property,14.65762047,121.0196373,Side Swipe
None,EDSA,None,None,"No Accident Factor, Angle Impact, 0.0 drivers_injured, 0.0 drivers_killed, 0.0 passengers_injured, 0.0 passengers_killed, 0.0 pedestrian_injured, 0.0 pedestrian_killed, Fair (Night), EDSA SM Hypermart, Socorro Quezon City",MMDA Road Safety Unit,,cbf2e52d-6b24-438e-a376-b614470030ed,2016-07-19,15:00:00,EDSA Congressional Ave. (EB) Quezon City,0,0,0,0,0,0,0,0,0,0,2016-07-19 23:00,Property,14.6142289,121.0535621,Angle Impact
None,EDSA,None,None,"No Accident Factor, Side Swipe, 0.0 drivers_injured, 0.0 drivers_killed, 0.0 passengers_injured, 0.0 passengers_killed, 0.0 pedestrian_injured, 0.0 pedestrian_killed, Fair (Night), EDSA Nepa Q-Mart, E. Rodriguez Quezon City",MMDA Road Safety Unit,,d8c2269d-0b74-4e5c-b230-e0d2d6cc1318,2016-07-19,12:30:00,EDSA Camp Aguinaldo Gate 3 Quezon City,0,0,0,0,0,0,0,0,0,0,2016-07-19 20:30,Property,14.62805361,121.0472521,Side Swipe
None,EDSA,None,None,"No Accident Factor, Side Swipe, 0.0 drivers_injured, 0.0 drivers_killed, 0.0 passengers_injured, 0.0 passengers_killed, 0.0 pedestrian_injured, 0.0 pedestrian_killed, Fair (Day), EDSA Timog Ave. Quezon City",MMDA Road Safety Unit,,f3276ee9-55f3-4306-9772-245f62590a44,2016-07-19,09:35:00,EDSA Banahaw (SB) Quezon City,0,0,0,0,0,0,0,0,0,0,2016-07-19 17:35,Property,14.63293559,121.0446304,Side Swipe
None,EDSA,None,None,"No Accident Factor, No Collision Stated (based on Police Blotter Book), 0.0 drivers_injured, 0.0 drivers_killed, 0.0 passengers_injured, 0.0 passengers_killed, 0.0 pedestrian_injured, 0.0 pedestrian_killed, Fair (Day), EDSA Camp Crame Quezon City",MMDA Road Safety Unit,,95f08bc6-4dbf-45f9-9c3a-952e3b29279f,2016-07-19,08:20:00,"EDSA P. Tuazon Blvd., Socorro Quezon City",0,0,0,0,0,0,0,0,0,0,2016-07-19 16:20,Property,14.60923788,121.0557422,No Collision Stated
None,EDSA,None,None,"No Accident Factor, No Collision Stated (based on Police Blotter Book), 0.0 drivers_injured, 0.0 drivers_killed, 0.0 passengers_injured, 0.0 passengers_killed, 0.0 pedestrian_injured, 0.0 pedestrian_killed, Fair (Day), EDSA Congressional Ave., Ramon Magsaysay Quezon City",MMDA Road Safety Unit,,c3ae11fb-34d6-42da-853b-26c5ad97fd95,2016-07-19,05:55:00,EDSA Monte de Piedad Quezon City,0,0,0,0,0,0,0,0,0,0,2016-07-19 13:55,Property,14.6571804,120.9927185,No Collision Stated
None,EDSA,None,None,"No Accident Factor, Side Swipe, 1.0 drivers_injured, 0.0 drivers_killed, 0.0 passengers_injured, 0.0 passengers_killed, 0.0 pedestrian_injured, 0.0 pedestrian_killed, Fair (Day), EDSA JAM Liner Quezon City",MMDA Road Safety Unit,,bd277329-13f0-49dc-a96d-6921136dbced,2016-07-19,04:45:00,"EDSA Col. Bonny Serrano Ave., Socorro Quezon City",0,0,0,1,0,0,0,0,0,1,2016-07-19 12:45,Injury,14.63113373,121.0455992,Side Swipe
None,EDSA,None,None,"No Accident Factor, Side Swipe, 0.0 drivers_injured, 0.0 drivers_killed, 0.0 passengers_injured, 0.0 passengers_killed, 0.0 pedestrian_injured, 0.0 pedestrian_killed, Fair (Day), EDSA South Road Quezon City",MMDA Road Safety Unit,,46118297-d473-4b8d-bb12-cab92a20aabe,2016-07-19,04:15:00,"EDSA Misamis St., Bagong Pag-asa Quezon City",0,0,0,0,0,0,0,0,0,0,2016-07-19 12:15,Property,14.61321318,121.053905,Side Swipe
None,EDSA,None,None,"No Accident Factor, Rear-end, 0.0 drivers_injured, 0.0 drivers_killed, 0.0 passengers_injured, 0.0 passengers_killed, 0.0 pedestrian_injured, 0.0 pedestrian_killed, Fair (Day), EDSA Aurora Blvd., E. Rodriguez Quezon City",MMDA Road Safety Unit,,e951aae9-e30a-41f8-8473-b72dd99d67c9,2016-07-19,03:30:00,EDSA GMA Network Drive Quezon City,0,0,0,0,0,0,0,0,0,0,2016-07-19 11:30,Property,14.6218043,121.0502049,Rear-End
None,EDSA,None,None,"No Accident Factor, Rear-end, 0.0 drivers_injured, 0.0 drivers_killed, 0.0 passengers_injured, 0.0 passengers_killed, 0.0 pedestrian_injured, 0.0 pedestrian_killed, Fair (Day), EDSA Camp Aguinaldo Quezon City",MMDA Road Safety Unit,,e6b3e47c-aaba-48bd-8f89-38cadbda9d22,2016-07-19,02:35:00,EDSA New York (NB) Quezon City,0,0,0,0,0,0,0,0,0,0,2016-07-19 10:35,Property,14.60818699,121.0564562,Rear-End
None,EDSA,None,None,"No Accident Factor, No Collision Stated (based on Police Blotter Book), 0.0 drivers_injured, 0.0 drivers_killed, 0.0 passengers_injured, 0.0 passengers_killed, 0.0 pedestrian_injured, 0.0 pedestrian_killed, Fair (Day), EDSA Camp Aguinaldo Quezon City",MMDA Road Safety Unit,,c1d42d69-0c35-470b-90eb-900f1df6a60d,2016-07-19,02:25:00,EDSA E. Garcia St. Quezon City,0,0,0,0,0,0,0,0,0,0,2016-07-19 10:25,Property,14.60818699,121.0564562,No Collision Stated
None,EDSA,None,None,"No Accident Factor, Side Swipe, 0.0 drivers_injured, 0.0 drivers_killed, 0.0 passengers_injured, 0.0 passengers_killed, 0.0 pedestrian_injured, 0.0 pedestrian_killed, Fair (Day), EDSA South Road Quezon City",MMDA Road Safety Unit,,1e05d9c4-f5bf-490e-8120-5e29136b32a7,2016-07-18,23:00:00,EDSA Camp Aguinaldo Quezon City,0,0,0,0,0,0,0,0,0,0,2016-07-19 7:00,Property,14.61321318,121.053905,Side Swipe
None,EDSA,None,None,"No Accident Factor, Hit Object (Barrier), 0.0 drivers_injured, 0.0 drivers_killed, 0.0 passengers_injured, 0.0 passengers_killed, 0.0 pedestrian_injured, 0.0 pedestrian_killed, Fair (Day), EDSA Paramount, Philam Quezon City",MMDA Road Safety Unit,,352f0fdc-1741-4d20-a663-d1fe7a249f1e,2016-07-18,20:30:00,EDSA Landmark (NB) Quezon City,0,0,0,0,0,0,0,0,0,0,2016-07-19 4:30,Property,14.6555967,121.0297922,Hit Object
None,EDSA,None,None,"No Accident Factor, Self-Accident, 0.0 drivers_injured, 0.0 drivers_killed, 0.0 passengers_injured, 0.0 passengers_killed, 0.0 pedestrian_injured, 0.0 pedestrian_killed, Fair (Night), EDSA Farmers Plaza, Socorro Quezon City",MMDA Road Safety Unit,,21aac211-b713-4abb-bc05-33cf6fa0890d,2016-07-18,15:45:00,EDSA Kaingin (SB) Quezon City,0,0,0,0,0,0,0,0,0,0,2016-07-18 23:45,Property,14.61920525,121.0513476,Self-Accident
None,EDSA,None,None,"No Accident Factor, Hit Object (Barrier), 0.0 drivers_injured, 0.0 drivers_killed, 0.0 passengers_injured, 0.0 passengers_killed, 0.0 pedestrian_injured, 0.0 pedestrian_killed, Fair (Night), EDSA ""U"" turn slot, Dario Bridge Quezon City",MMDA Road Safety Unit,,85f0a2a1-fdc0-44c6-a3b2-f568086dca84,2016-07-18,15:30:00,EDSA South  Road Quezon City,0,0,0,0,0,0,0,0,0,0,2016-07-18 23:30,Property,14.65768675,121.0162465,Hit Object
None,EDSA,None,None,"No Accident Factor, No Collision Stated (based on Police Blotter Book), 0.0 drivers_injured, 0.0 drivers_killed, 0.0 passengers_injured, 0.0 passengers_killed, 0.0 pedestrian_injured, 0.0 pedestrian_killed, Fair (Night), EDSA ""U"" turn slot, Nueva Ecija St., Santo Cristo  Quezon City",MMDA Road Safety Unit,,554b46e5-5764-4ff8-9258-3da86f248cf5,2016-07-18,12:30:00,EDSA Quezon Ave. (WB) Quezon City,0,0,0,0,0,0,0,0,0,0,2016-07-18 20:30,Property,14.656457,121.0261149,No Collision Stated
None,EDSA,None,None,"No Accident Factor, Rear-end, 0.0 drivers_injured, 0.0 drivers_killed, 0.0 passengers_injured, 0.0 passengers_killed, 0.0 pedestrian_injured, 0.0 pedestrian_killed, Fair (Night), EDSA New York St., E. Rod. Quezon City",MMDA Road Safety Unit,,a7987088-7382-42da-96f9-9692909d9626,2016-07-18,12:00:00,EDSA West Ave.  Quezon City,0,0,0,0,0,0,0,0,0,0,2016-07-18 20:00,Property,14.62568514,121.0482307,Rear-End
None,EDSA,None,None,"No Accident Factor, No Collision Stated (based on Police Blotter Book), 0.0 drivers_injured, 0.0 drivers_killed, 0.0 passengers_injured, 0.0 passengers_killed, 0.0 pedestrian_injured, 0.0 pedestrian_killed, Fair (Day), EDSA ""U"" turn slot, Bansalangin St., Project 7 Quezon City",MMDA Road Safety Unit,,592ce0a7-1cc3-40f6-8c56-88f86c56ca1b,2016-07-18,06:50:00,EDSA Timog Ave. Quezon City,0,0,0,0,0,0,0,0,0,0,2016-07-18 14:50,Property,14.65690523,121.0241855,No Collision Stated
None,EDSA,None,None,"No Accident Factor, Hit and Run (No Collision Stated), 0.0 drivers_injured, 0.0 drivers_killed, 0.0 passengers_injured, 0.0 passengers_killed, 0.0 pedestrian_injured, 0.0 pedestrian_killed, Fair (Day), EDSA Kamuning Road Quezon City",MMDA Road Safety Unit,,7fa3c451-712a-47aa-af85-351686f72aa2,2016-07-18,06:00:00,EDSA Monte de Piedad (SB) Quezon City,0,0,0,0,0,0,0,0,0,0,2016-07-18 14:00,Property,14.63075725,121.0457548,No Collision Stated
None,EDSA,None,None,"No Accident Factor, Angle Impact, 0.0 drivers_injured, 0.0 drivers_killed, 0.0 passengers_injured, 0.0 passengers_killed, 0.0 pedestrian_injured, 0.0 pedestrian_killed, Fair (Day), EDSA Ortigas Ave., Ugong Norte Quezon City",MMDA Road Safety Unit,,290e296b-9107-4aa0-aa7c-34a74198c386,2016-07-18,04:30:00,"EDSA Five Star Bus Terminal, E. Rodriguez Quezon City",0,0,0,0,0,0,0,0,0,0,2016-07-18 12:30,Property,14.59335253,121.0584107,Angle Impact
None,EDSA,None,None,"No Accident Factor, Rear-end, 0.0 drivers_injured, 0.0 drivers_killed, 0.0 passengers_injured, 0.0 passengers_killed, 0.0 pedestrian_injured, 0.0 pedestrian_killed, Fair (Day), EDSA Shell Gas Station, A. Samson Quezon City",MMDA Road Safety Unit,,72ad1895-87f6-4e0b-93f1-a2df642228a0,2016-07-18,04:15:00,EDSA Roosevelt Ave.  Quezon City,0,0,0,0,0,0,0,0,0,0,2016-07-18 12:15,Property,14.65761329,121.0076049,Rear-End
None,EDSA,None,None,"No Accident Factor, Side Swipe, 0.0 drivers_injured, 0.0 drivers_killed, 0.0 passengers_injured, 0.0 passengers_killed, 0.0 pedestrian_injured, 0.0 pedestrian_killed, Fair (Day), EDSA Icon Hotel, Philam Quezon City",MMDA Road Safety Unit,,29a99142-49ed-4d5c-8f80-38105e405801,2016-07-18,01:30:00,"EDSA Baliwag Bus Terminal, Cubao Quezon City",0,0,0,0,0,0,0,0,0,0,2016-07-18 9:30,Property,14.65486405,121.0305208,Side Swipe
None,EDSA,None,None,"No Accident Factor, Side Swipe, 0.0 drivers_injured, 0.0 drivers_killed, 0.0 passengers_injured, 0.0 passengers_killed, 0.0 pedestrian_injured, 0.0 pedestrian_killed, Fair (Day), EDSA Icon Hotel, Philam Quezon City",MMDA Road Safety Unit,,5e1c9c9e-90b5-4ed3-b45f-fe9483a32431,2016-07-18,01:20:00,"EDSA Farmers Merket, Socorro Quezon City",0,0,0,0,0,0,0,0,0,0,2016-07-18 9:20,Property,14.65486405,121.0305208,Side Swipe
None,EDSA,None,None,"No Accident Factor, Side Swipe, 0.0 drivers_injured, 0.0 drivers_killed, 0.0 passengers_injured, 0.0 passengers_killed, 0.0 pedestrian_injured, 0.0 pedestrian_killed, Fair (Day), EDSA ""U"" turn slot, GMA Network Quezon City",MMDA Road Safety Unit,,f6f522f4-a83e-45e9-8085-bd708ef257c9,2016-07-18,01:00:00,EDSA Santolan Road Quezon City,0,0,0,0,0,0,0,0,0,0,2016-07-18 9:00,Property,14.63376993,121.0443308,Side Swipe
None,EDSA,None,None,"No Accident Factor, Side Swipe, 0.0 drivers_injured, 0.0 drivers_killed, 0.0 passengers_injured, 0.0 passengers_killed, 0.0 pedestrian_injured, 0.0 pedestrian_killed, Fair (Day), EDSA Petron Gas Station, Main Ave. Quezon City",MMDA Road Safety Unit,,c4310150-fcf6-428e-b7f3-271cf4942d30,2016-07-17,22:50:00,"EDSA Shell Gas Station, A. Samson Quezon City",0,0,0,0,0,0,0,0,0,0,2016-07-18 6:50,Property,14.61359717,121.0537886,Side Swipe
None,EDSA,None,None,"No Accident Factor, Rear-end, 0.0 drivers_injured, 0.0 drivers_killed, 0.0 passengers_injured, 0.0 passengers_killed, 0.0 pedestrian_injured, 0.0 pedestrian_killed, Fair (Day), EDSA North Ave. Quezon City",MMDA Road Safety Unit,,a0691514-b0fa-4831-843e-bcafdccba90d,2016-07-17,22:15:00,EDSA Main Ave. (SB) Quezon City,0,0,0,0,0,0,0,0,0,0,2016-07-18 6:15,Property,14.65553839,121.0299647,Rear-End
None,EDSA,None,None,"No Accident Factor, Rear-end, 0.0 drivers_injured, 0.0 drivers_killed, 0.0 passengers_injured, 0.0 passengers_killed, 0.0 pedestrian_injured, 0.0 pedestrian_killed, Fair (Day), EDSA Aurora Blvd. Quezon City",MMDA Road Safety Unit,,45f32bb6-0589-4231-a337-0fae807b5ef9,2016-07-17,05:30:00,EDSA Quezon Ave. Quezon City,0,0,0,0,0,0,0,0,0,0,2016-07-17 13:30,Property,14.62163653,121.0501573,Rear-End
None,EDSA,None,None,"No Accident Factor, Side Swipe, 0.0 drivers_injured, 0.0 drivers_killed, 0.0 passengers_injured, 0.0 passengers_killed, 0.0 pedestrian_injured, 0.0 pedestrian_killed, Fair (Day), EDSA Gen. Mc Arthur St. Quezon City",MMDA Road Safety Unit,,1476a9eb-5dbe-4aca-9ebc-ab4596608d7d,2016-07-17,04:35:00,"EDSA SM Annex, Sto. Cristo Quezon City",0,0,0,0,0,0,0,0,0,0,2016-07-17 12:35,Property,14.61805145,121.0517604,Side Swipe
None,EDSA,None,None,"No Accident Factor, Side Swipe, 0.0 drivers_injured, 0.0 drivers_killed, 0.0 passengers_injured, 0.0 passengers_killed, 0.0 pedestrian_injured, 0.0 pedestrian_killed, Fair (Day), EDSA Kamuning Road Quezon City",MMDA Road Safety Unit,,e53d028c-8221-4eec-8771-99cab412e4c8,2016-07-17,02:10:00,EDSA Monte de Piedad St. Quezon City,0,0,0,0,0,0,0,0,0,0,2016-07-17 10:10,Property,14.63075725,121.0457548,Side Swipe
None,EDSA,None,None,"No Accident Factor, No Collision Stated (based on Police Blotter Book), 0.0 drivers_injured, 0.0 drivers_killed, 0.0 passengers_injured, 0.0 passengers_killed, 0.0 pedestrian_injured, 0.0 pedestrian_killed, Fair (Night), EDSA Misamis St., Ramon Magsaysay Quezon City",MMDA Road Safety Unit,,7092d6d0-8a14-4cff-afaf-26ee03d894e5,2016-07-16,14:00:00,EDSA Camp Aguinaldo Gate 3 Quezon City,0,0,0,0,0,0,0,0,0,0,2016-07-16 22:00,Property,14.65602348,121.0285212,No Collision Stated
None,EDSA,None,None,"No Accident Factor, Rear-end, 0.0 drivers_injured, 0.0 drivers_killed, 0.0 passengers_injured, 0.0 passengers_killed, 0.0 pedestrian_injured, 0.0 pedestrian_killed, Fair (Night), EDSA Arayat Loading Bay Quezon City",MMDA Road Safety Unit,,63e2fc88-b5c9-48ee-be2f-115185f3feaa,2016-07-16,12:00:00,EDSA Annapolis (SB) Quezon City,0,0,0,0,0,0,0,0,0,0,2016-07-16 20:00,Property,14.61957896,121.0508605,Rear-End
None,EDSA,None,None,"No Accident Factor, Rear-end, 0.0 drivers_injured, 0.0 drivers_killed, 0.0 passengers_injured, 0.0 passengers_killed, 0.0 pedestrian_injured, 0.0 pedestrian_killed, Fair (Day), EDSA Main Ave. Quezon City",MMDA Road Safety Unit,,2ec538eb-f732-468f-ae78-1c0de156c64c,2016-07-16,09:45:00,EDSA West Ave. Quezon City,0,0,0,0,0,0,0,0,0,0,2016-07-16 17:45,Property,14.61376458,121.0537933,Rear-End
None,EDSA,None,None,"No Accident Factor, Rear-end, 0.0 drivers_injured, 0.0 drivers_killed, 0.0 passengers_injured, 0.0 passengers_killed, 0.0 pedestrian_injured, 0.0 pedestrian_killed, Fair (Day), EDSA P. Tuazon Blvd., Socorro Quezon City",MMDA Road Safety Unit,,97317149-83d4-4868-b18d-a4c7457daf02,2016-07-16,09:45:00,EDSA Annapolis (SB) Quezon City,0,0,0,0,0,0,0,0,0,0,2016-07-16 17:45,Property,14.61656342,121.0525225,Rear-End
None,EDSA,None,None,"No Accident Factor, Side Swipe, 0.0 drivers_injured, 0.0 drivers_killed, 0.0 passengers_injured, 0.0 passengers_killed, 0.0 pedestrian_injured, 0.0 pedestrian_killed, Fair (Day), EDSA East Ave., Pinyahan Quezon City",MMDA Road Safety Unit,,65accabe-9e93-469e-a74f-cbbb4ba0536c,2016-07-16,09:00:00,"EDSA P. Tuazon Blvd., Socorro Quezon City",0,0,0,0,0,0,0,0,0,0,2016-07-16 17:00,Property,14.6328297,121.0451176,Side Swipe
None,EDSA,None,None,"No Accident Factor, Rear-end, 0.0 drivers_injured, 0.0 drivers_killed, 0.0 passengers_injured, 0.0 passengers_killed, 0.0 pedestrian_injured, 0.0 pedestrian_killed, Fair (Day), EDSA P. Tuazon Blvd. Quezon City",MMDA Road Safety Unit,,449d4648-9f3a-4f1a-bf4f-7605e02b47d1,2016-07-16,08:20:00,EDSA Puregold Balintawak Quezon City,0,0,0,0,0,0,0,0,0,0,2016-07-16 16:20,Property,14.61656342,121.0525225,Rear-End
None,EDSA,None,None,"No Accident Factor, Side Swipe, 0.0 drivers_injured, 0.0 drivers_killed, 0.0 passengers_injured, 0.0 passengers_killed, 0.0 pedestrian_injured, 0.0 pedestrian_killed, Fair (Day), EDSA Jac Liner, Mapagmahal St., Pinyahan Quezon City",MMDA Road Safety Unit,,89309ba2-06ec-41f5-b2c9-79374b799665,2016-07-16,07:25:00,EDSA Aurora Blvd.  Quezon City,0,0,0,0,0,0,0,0,0,0,2016-07-16 15:25,Property,14.63162939,121.0456857,Side Swipe
None,EDSA,None,None,"No Accident Factor, Rear-end, 0.0 drivers_injured, 0.0 drivers_killed, 0.0 passengers_injured, 0.0 passengers_killed, 0.0 pedestrian_injured, 0.0 pedestrian_killed, Fair (Day), EDSA Kaingin Road Quezon City",MMDA Road Safety Unit,,828abfcf-aedb-471a-a925-9e8e40597919,2016-07-16,06:30:00,EDSA West Ave. (SB) Quezon City,0,0,0,0,0,0,0,0,0,0,2016-07-16 14:30,Property,14.65746493,121.0109963,Rear-End
None,EDSA,None,None,"No Accident Factor, Side Swipe, 0.0 drivers_injured, 0.0 drivers_killed, 0.0 passengers_injured, 0.0 passengers_killed, 0.0 pedestrian_injured, 0.0 pedestrian_killed, Fair (Day), EDSA North MRT Station  Quezon City",MMDA Road Safety Unit,,2d3ac73b-0883-456a-9f8f-c6674d2e6a43,2016-07-16,04:00:00,EDSA Scout Borromeo St.  Quezon City,0,0,0,0,0,0,0,0,0,0,2016-07-16 12:00,Property,14.65221162,121.0324012,Side Swipe
None,EDSA,None,None,"No Accident Factor, No Collision Stated (based on Police Blotter Book), 0.0 drivers_injured, 0.0 drivers_killed, 0.0 passengers_injured, 0.0 passengers_killed, 0.0 pedestrian_injured, 0.0 pedestrian_killed, Fair (Day), EDSA Five Star Bus Terminal, Cubao, E. Rod. Quezon City",MMDA Road Safety Unit,,3a22d738-be60-489a-81d5-f2274f8f21e8,2016-07-15,22:50:00,"EDSA Shell Gas Station, Katipu Quezon City",0,0,0,0,0,0,0,0,0,0,2016-07-16 6:50,Property,14.62375691,121.0492447,No Collision Stated
None,EDSA,None,None,"No Accident Factor, Rear-end, 0.0 drivers_injured, 0.0 drivers_killed, 0.0 passengers_injured, 0.0 passengers_killed, 0.0 pedestrian_injured, 0.0 pedestrian_killed, Fair (Day), EDSA NIA Road Quezon City",MMDA Road Safety Unit,,3b053694-a030-47da-aad5-ec7164ca3bc4,2016-07-15,22:30:00,EDSA SM North (NB) Quezon City,0,0,0,0,0,0,0,0,0,0,2016-07-16 6:30,Property,14.63727823,121.0421362,Rear-End
None,EDSA,None,None,"No Accident Factor, Side Swipe, 0.0 drivers_injured, 0.0 drivers_killed, 0.0 passengers_injured, 0.0 passengers_killed, 0.0 pedestrian_injured, 0.0 pedestrian_killed, Fair (Night), EDSA Col. Bonny Serrano Ave. (Santolan Road), Socorro Quezon City",MMDA Road Safety Unit,,692438d4-4d17-4df7-935b-3a3d51a4f313,2016-07-15,12:10:00,"EDSA Nepa Q-Mart Market, E. Rodriguez Quezon City",0,0,0,0,0,0,0,0,0,0,2016-07-15 20:10,Property,14.61107337,121.0550705,Side Swipe