LOCATION_TEXT,ROAD,WEATHER,LIGHT,DESC,REPORTING_AGENCY,MAIN_CAUSE,INCIDENTDETAILS_ID,DATE_UTC,TIME_UTC,ADDRESS,killed_driver,killed_passenger,killed_pedestrian,injured_driver,injured_passenger,injured_pedestrian,killed_uncategorized,injured_uncategorized,killed_total,injured_total,DATETIME_PST,SEVERITY,Y,X,COLLISION_TYPE
None,EDSA,None,None,"No Accident Factor, Head-on, 0.0 drivers_injured, 0.0 drivers_killed, 0.0 passengers_injured, 0.0 passengers_killed, 0.0 pedestrian_injured, 0.0 pedestrian_killed, Fair (Night), EDSA Camp Aguinaldo Gate 3 Quezon City",MMDA Road Safety Unit,,7f5c694b-dbc2-4b85-9b81-b9926085a05e,2016-07-15,11:10:00,EDSA North Ave. (NB) Quezon City,0,0,0,0,0,0,0,0,0,0,2016-07-15 19:10,Property,14.60836048,121.0563667,Head-On
None,EDSA,None,None,"No Accident Factor, Rear-end, 0.0 drivers_injured, 0.0 drivers_killed, 0.0 passengers_injured, 0.0 passengers_killed, 0.0 pedestrian_injured, 0.0 pedestrian_killed, Fair (Day), EDSA Monte de Piedad St. Quezon City",MMDA Road Safety Unit,,13081ee8-2181-42c5-b1f1-726810932a8d,2016-07-15,04:50:00,EDSA Timog (NB) Quezon City,0,0,0,0,0,0,0,0,0,0,2016-07-15 12:50,Property,14.62346937,121.0491711,Rear-End
None,EDSA,None,None,"No Accident Factor, No Collision Stated (based on Police Blotter Book), 0.0 drivers_injured, 0.0 drivers_killed, 0.0 passengers_injured, 0.0 passengers_killed, 0.0 pedestrian_injured, 0.0 pedestrian_killed, Fair (Day), EDSA Monte de Piedad St. Quezon City",MMDA Road Safety Unit,,24c4824e-fca0-44b2-9a90-b32e15bce4fd,2016-07-15,02:30:00,"EDSA Aurora Blvd., Socorro Quezon City",0,0,0,0,0,0,0,0,0,0,2016-07-15 10:30,Property,14.62346937,121.0491711,No Collision Stated
None,EDSA,None,None,"No Accident Factor, Side Swipe, 0.0 drivers_injured, 0.0 drivers_killed, 0.0 passengers_injured, 0.0 passengers_killed, 0.0 pedestrian_injured, 0.0 pedestrian_killed, Fair (Day), EDSA Ortigas Ave., Ugong Norte Quezon City",MMDA Road Safety Unit,,ac0a7a5d-82df-4f23-bed7-446dbe6efaa7,2016-07-15,01:55:00,"EDSA Shell Gas Station, Pinyahan Quezon City",0,0,0,0,0,0,0,0,0,0,2016-07-15 9:55,Property,14.59335253,121.0584107,Side Swipe
None,EDSA,None,None,"No Accident Factor, Rear-end, 0.0 drivers_injured, 0.0 drivers_killed, 0.0 passengers_injured, 0.0 passengers_killed, 0.0 pedestrian_injured, 0.0 pedestrian_killed, Fair (Day), EDSA Monte de Piedad St. (SB) Quezon City",MMDA Road Safety Unit,,f2c26a12-8e32-4fc4-a3eb-e54852aa8257,2016-07-14,23:35:00,EDSA R. Magsaysay High School Quezon City,0,0,0,0,0,0,0,0,0,0,2016-07-15 7:35,Property,14.62346937,121.0491711,Rear-End
None,EDSA,None,None,"No Accident Factor, Rear-end, 0.0 drivers_injured, 0.0 drivers_killed, 0.0 passengers_injured, 0.0 passengers_killed, 0.0 pedestrian_injured, 0.0 pedestrian_killed, Fair (Day), EDSA K-3rd St. Quezon City",MMDA Road Safety Unit,,5986924f-5f76-470c-bbd8-534215b03b9d,2016-07-14,23:20:00,EDSA E. Garcia St. Quezon City,0,0,0,0,0,0,0,0,0,0,2016-07-15 7:20,Property,14.62942357,121.0463854,Rear-End
None,EDSA,None,None,"No Accident Factor, Side Swipe, 0.0 drivers_injured, 0.0 drivers_killed, 0.0 passengers_injured, 0.0 passengers_killed, 0.0 pedestrian_injured, 0.0 pedestrian_killed, Fair (Night), EDSA Kamuning Road Quezon City",MMDA Road Safety Unit,,c58a2cec-2024-4af6-a6eb-e0e55687abc2,2016-07-14,21:40:00,EDSA West Ave. Quezon City,0,0,0,0,0,0,0,0,0,0,2016-07-15 5:40,Property,14.63075725,121.0457548,Side Swipe
None,EDSA,None,None,"No Accident Factor, Rear-end, 0.0 drivers_injured, 0.0 drivers_killed, 0.0 passengers_injured, 0.0 passengers_killed, 0.0 pedestrian_injured, 0.0 pedestrian_killed, Fair (Night), EDSA Cloverleaf Road Quezon City",MMDA Road Safety Unit,,16aefbb1-219f-4831-b5dc-9d1e9380db20,2016-07-14,11:30:00,EDSA Waltermart Quezon City,0,0,0,0,0,0,0,0,0,0,2016-07-14 19:30,Property,14.65747901,121.0011914,Rear-End
None,EDSA,None,None,"No Accident Factor, Rear-end, 0.0 drivers_injured, 0.0 drivers_killed, 0.0 passengers_injured, 0.0 passengers_killed, 0.0 pedestrian_injured, 0.0 pedestrian_killed, Fair (Day), EDSA Mo. Ignacia Ave. Quezon City",MMDA Road Safety Unit,,0a8acc99-ebac-4e81-b685-cf7e467fb3cc,2016-07-14,09:45:00,EDSA New York St.  Quezon City,0,0,0,0,0,0,0,0,0,0,2016-07-14 17:45,Property,14.64225922,121.038789,Rear-End
None,EDSA,None,None,"No Accident Factor, Rear-end, 0.0 drivers_injured, 0.0 drivers_killed, 0.0 passengers_injured, 0.0 passengers_killed, 0.0 pedestrian_injured, 0.0 pedestrian_killed, Fair (Day), EDSA White Plains Quezon City",MMDA Road Safety Unit,,ab4ee76d-6d93-42a0-b3f8-f94c6b73261c,2016-07-14,09:30:00,"EDSA Farmers Plaza, Socorro Quezon City",0,0,0,0,0,0,0,0,0,0,2016-07-14 17:30,Property,14.59961782,121.0596522,Rear-End
None,EDSA,None,None,"No Accident Factor, Rear-end, 0.0 drivers_injured, 0.0 drivers_killed, 0.0 passengers_injured, 0.0 passengers_killed, 0.0 pedestrian_injured, 0.0 pedestrian_killed, Fair (Day), EDSA ""U"" turn slot, Dario Bridge Quezon City",MMDA Road Safety Unit,,2f626188-9b16-4dea-8fdf-5ffb751c9002,2016-07-14,07:30:00,"EDSA Main Ave., Socorro Quezon City",0,0,0,0,0,0,0,0,0,0,2016-07-14 15:30,Property,14.65768675,121.0162465,Rear-End
None,EDSA,None,None,"No Accident Factor, No Collision Stated (based on Police Blotter Book), 0.0 drivers_injured, 0.0 drivers_killed, 0.0 passengers_injured, 0.0 passengers_killed, 0.0 pedestrian_injured, 0.0 pedestrian_killed, Fair (Day), EDSA New York St., E. Rodriguez Quezon City",MMDA Road Safety Unit,,6af05025-56cc-4072-a2bd-4d6f15a553e4,2016-07-14,06:30:00,"EDSA Farmers Plaza, Socorro Quezon City",0,0,0,0,0,0,0,0,0,0,2016-07-14 14:30,Property,14.62568514,121.0482307,No Collision Stated
None,EDSA,None,None,"No Accident Factor, Rear-end, 0.0 drivers_injured, 0.0 drivers_killed, 0.0 passengers_injured, 0.0 passengers_killed, 0.0 pedestrian_injured, 0.0 pedestrian_killed, Fair (Day), EDSA Cloverleaf Road Quezon City",MMDA Road Safety Unit,,1cc81525-5e4f-404f-ab0e-4ed1fe0c9884,2016-07-14,05:55:00,"EDSA SM Annex, Sto. Cristo Quezon City",0,0,0,0,0,0,0,0,0,0,2016-07-14 13:55,Property,14.65747901,121.0011914,Rear-End
None,EDSA,None,None,"No Accident Factor, Rear-end, 0.0 drivers_injured, 0.0 drivers_killed, 0.0 passengers_injured, 0.0 passengers_killed, 0.0 pedestrian_injured, 0.0 pedestrian_killed, Fair (Day), EDSA Baliwag Quezon City",MMDA Road Safety Unit,,3db0795a-7e64-4dc1-82a8-8a3fa187bcfa,2016-07-14,05:00:00,"EDSA Poveda College, Ugong Norte Quezon City",0,0,0,0,0,0,0,0,0,0,2016-07-14 13:00,Property,14.6244766,121.0489584,Rear-End
None,EDSA,None,None,"No Accident Factor, Rear-end, 0.0 drivers_injured, 0.0 drivers_killed, 0.0 passengers_injured, 0.0 passengers_killed, 0.0 pedestrian_injured, 0.0 pedestrian_killed, Fair (Day), EDSA Sct. Borromeo St. Quezon City",MMDA Road Safety Unit,,7f7d60da-8a88-4c83-9300-1859003b3645,2016-07-14,05:00:00,EDSA White Plains Ave. Quezon City,0,0,0,0,0,0,0,0,0,0,2016-07-14 13:00,Property,14.63715712,121.0419507,Rear-End
None,EDSA,None,None,"No Accident Factor, Side Swipe, 0.0 drivers_injured, 0.0 drivers_killed, 0.0 passengers_injured, 0.0 passengers_killed, 0.0 pedestrian_injured, 0.0 pedestrian_killed, Fair (Day), EDSA Timog Ave. Quezon City",MMDA Road Safety Unit,,9dcafea7-3002-4a9c-8414-da04c9474568,2016-07-14,04:45:00,EDSA Mother Ignacia Ave.  Quezon City,0,0,0,0,0,0,0,0,0,0,2016-07-14 12:45,Property,14.63293559,121.0446304,Side Swipe
None,EDSA,None,None,"No Accident Factor, Side Swipe, 0.0 drivers_injured, 0.0 drivers_killed, 0.0 passengers_injured, 0.0 passengers_killed, 0.0 pedestrian_injured, 0.0 pedestrian_killed, Fair (Day), EDSA E. Garcia St. Quezon City",MMDA Road Safety Unit,,f4e3b419-1b05-4732-aaa0-cfdac74bf0b2,2016-07-14,02:15:00,"EDSA MRT Station, Philam Quezon City",0,0,0,0,0,0,0,0,0,0,2016-07-14 10:15,Property,14.62742033,121.0475769,Side Swipe
None,EDSA,None,None,"No Accident Factor, Rear-end, 0.0 drivers_injured, 0.0 drivers_killed, 3.0 passengers_injured, 0.0 passengers_killed, 0.0 pedestrian_injured, 0.0 pedestrian_killed, Fair (Day), EDSA Nissan Motors Quezon City",MMDA Road Safety Unit,,7342c15e-a958-492c-9a74-33a4181684be,2016-07-13,23:00:00,EDSA Oliveros Drive Quezon City,0,0,0,0,3,0,0,0,0,3,2016-07-14 7:00,Injury,14.65769025,121.0138039,Rear-End
None,EDSA,None,None,"No Accident Factor, Rear-end, 0.0 drivers_injured, 0.0 drivers_killed, 0.0 passengers_injured, 0.0 passengers_killed, 0.0 pedestrian_injured, 0.0 pedestrian_killed, Fair (Day), EDSA West Ave.  Quezon City",MMDA Road Safety Unit,,ac2c8e31-7d05-4a81-828f-6669fe0b3fd8,2016-07-13,22:00:00,EDSA K-3rd St.  Quezon City,0,0,0,0,0,0,0,0,0,0,2016-07-14 6:00,Property,14.65548924,121.0298079,Rear-End
None,EDSA,None,None,"No Accident Factor, No Collision Stated (based on Police Blotter Book), 1.0 drivers_injured, 0.0 drivers_killed, 0.0 passengers_injured, 0.0 passengers_killed, 0.0 pedestrian_injured, 0.0 pedestrian_killed, Fair (Night), EDSA MRT Santolan Quezon City",MMDA Road Safety Unit,,7a51c933-ba9b-42a4-9491-eb8007270eae,2016-07-13,21:45:00,"EDSA B. Serrano Ave., Socorro Quezon City",0,0,0,1,0,0,0,0,0,1,2016-07-14 5:45,Injury,14.60758562,121.0564529,No Collision Stated
None,EDSA,None,None,"No Accident Factor, Rear-end, 0.0 drivers_injured, 0.0 drivers_killed, 0.0 passengers_injured, 0.0 passengers_killed, 0.0 pedestrian_injured, 0.0 pedestrian_killed, Fair (Night), EDSA White Plains Ave., Camp Aguinaldo Quezon City",MMDA Road Safety Unit,,60d4b11b-fbee-489a-b814-a4eb5abc88ea,2016-07-13,13:00:00,"EDSA SM North, Sto. Cristo Quezon City",0,0,0,0,0,0,0,0,0,0,2016-07-13 21:00,Property,14.59961782,121.0596522,Rear-End
None,EDSA,None,None,"No Accident Factor, Side Swipe, 0.0 drivers_injured, 0.0 drivers_killed, 0.0 passengers_injured, 0.0 passengers_killed, 0.0 pedestrian_injured, 0.0 pedestrian_killed, Fair (Night), EDSA Aurora Service Road (NB) Quezon City",MMDA Road Safety Unit,,61cf6d8a-4bd0-4ed3-94af-f4cc538586c4,2016-07-13,12:30:00,EDSA Banahaw St. Quezon City,0,0,0,0,0,0,0,0,0,0,2016-07-13 20:30,Property,14.62168905,121.050147,Side Swipe
None,EDSA,None,None,"No Accident Factor, No Collision Stated (based on Police Blotter Book), 1.0 drivers_injured, 0.0 drivers_killed, 0.0 passengers_injured, 0.0 passengers_killed, 0.0 pedestrian_injured, 0.0 pedestrian_killed, Fair (Night), EDSA NIA Road, Pinyahan Quezon City",MMDA Road Safety Unit,,669f958e-3fdb-40a9-8680-2c826b029e6e,2016-07-13,12:00:00,EDSA Puregold Balintawak Quezon City,0,0,0,1,0,0,0,0,0,1,2016-07-13 20:00,Injury,14.63727823,121.0421362,No Collision Stated
None,EDSA,None,None,"No Accident Factor, Side Swipe, 0.0 drivers_injured, 0.0 drivers_killed, 0.0 passengers_injured, 0.0 passengers_killed, 0.0 pedestrian_injured, 0.0 pedestrian_killed, Fair (Night), EDSA Cloverleaf Road Quezon City",MMDA Road Safety Unit,,5eb0532d-117c-44d0-8435-b7271dfd70e3,2016-07-13,11:50:00,"EDSA Nepa Q-Mart, E. Rod. Quezon City",0,0,0,0,0,0,0,0,0,0,2016-07-13 19:50,Property,14.65747901,121.0011914,Side Swipe
None,EDSA,None,None,"No Accident Factor, Side Swipe, 0.0 drivers_injured, 0.0 drivers_killed, 0.0 passengers_injured, 0.0 passengers_killed, 0.0 pedestrian_injured, 0.0 pedestrian_killed, Fair (Day), EDSA Aurora Blvd. Quezon City",MMDA Road Safety Unit,,97107dd3-875d-4aa5-860c-141cd4733c8b,2016-07-13,09:10:00,"EDSA ""U"" turn slot, Veterans Quezon City",0,0,0,0,0,0,0,0,0,0,2016-07-13 17:10,Property,14.62163653,121.0501573,Side Swipe
None,EDSA,None,None,"No Accident Factor, No Collision Stated (based on Police Blotter Book), 1.0 drivers_injured, 0.0 drivers_killed, 0.0 passengers_injured, 0.0 passengers_killed, 0.0 pedestrian_injured, 0.0 pedestrian_killed, Fair (Day), EDSA Panay - Sgt. Esguerra St. Quezon City",MMDA Road Safety Unit,,3321d380-95ec-47f2-bf8b-712bcaa53e2d,2016-07-13,09:05:00,"EDSA Quezon Avenue, Pagasa Quezon City",0,0,0,1,0,0,0,0,0,1,2016-07-13 17:05,Injury,14.64294686,121.0381076,No Collision Stated
None,EDSA,None,None,"No Accident Factor, Rear-end, 0.0 drivers_injured, 0.0 drivers_killed, 0.0 passengers_injured, 0.0 passengers_killed, 0.0 pedestrian_injured, 0.0 pedestrian_killed, Fair (Day), EDSA West Ave.  Quezon City",MMDA Road Safety Unit,,7bfebf92-9b88-4313-a739-b0174e6e66ce,2016-07-13,06:45:00,EDSA Kamuning Road Quezon City,0,0,0,0,0,0,0,0,0,0,2016-07-13 14:45,Property,14.65548924,121.0298079,Rear-End
None,EDSA,None,None,"No Accident Factor, Rear-end, 1.0 drivers_injured, 0.0 drivers_killed, 0.0 passengers_injured, 0.0 passengers_killed, 0.0 pedestrian_injured, 0.0 pedestrian_killed, Fair (Day), EDSA Puregold Quezon City",MMDA Road Safety Unit,,06af7c28-d754-45d3-b375-6c092ee98a8f,2016-07-13,02:30:00,"EDSA East Ave., Pinyahan Quezon City",0,0,0,1,0,0,0,0,0,1,2016-07-13 10:30,Injury,14.65739538,121.0046638,Rear-End
None,EDSA,None,None,"No Accident Factor, No Collision Stated (based on Police Blotter Book), 0.0 drivers_injured, 0.0 drivers_killed, 0.0 passengers_injured, 0.0 passengers_killed, 0.0 pedestrian_injured, 0.0 pedestrian_killed, Fair (Day), EDSA Balintawak Market Quezon City",MMDA Road Safety Unit,,eed3a16f-6f14-4caf-8639-75c42d1df16c,2016-07-13,01:10:00,"EDSA Col. Bonny Serrano Ave., Socorro Quezon City",0,0,0,0,0,0,0,0,0,0,2016-07-13 9:10,Property,14.65740947,121.0025737,No Collision Stated
None,EDSA,None,None,"No Accident Factor, No Collision Stated (based on Police Blotter Book), 0.0 drivers_injured, 0.0 drivers_killed, 0.0 passengers_injured, 0.0 passengers_killed, 0.0 pedestrian_injured, 0.0 pedestrian_killed, Fair (Day), EDSA Baliwag Bus Terminal, E. Rod., Cubao Quezon City",MMDA Road Safety Unit,,6db63a5b-24e4-43a5-a818-07f85c741f9d,2016-07-13,01:10:00,"EDSA East Ave., Pinyahan Quezon City",0,0,0,0,0,0,0,0,0,0,2016-07-13 9:10,Property,14.6244766,121.0489584,No Collision Stated
None,EDSA,None,None,"No Accident Factor, Rear-end, 0.0 drivers_injured, 0.0 drivers_killed, 0.0 passengers_injured, 0.0 passengers_killed, 0.0 pedestrian_injured, 0.0 pedestrian_killed, Fair (Night), EDSA Corinthian Garden, Ugong Norte Quezon City",MMDA Road Safety Unit,,03cb56f4-5c83-4084-b482-f9a87797b5d5,2016-07-12,13:00:00,EDSA Kamuning Road Quezon City,0,0,0,0,0,0,0,0,0,0,2016-07-12 21:00,Property,14.59580783,121.0595248,Rear-End
None,EDSA,None,None,"No Accident Factor, Side Swipe, 0.0 drivers_injured, 0.0 drivers_killed, 0.0 passengers_injured, 0.0 passengers_killed, 0.0 pedestrian_injured, 0.0 pedestrian_killed, Fair (Night), EDSA Bansalangin Quezon City",MMDA Road Safety Unit,,89bff210-ae59-45fa-81ec-c80a07ba3263,2016-07-12,11:30:00,EDSA Puregold Balintawak Quezon City,0,0,0,0,0,0,0,0,0,0,2016-07-12 19:30,Property,14.6567996,121.0241845,Side Swipe
None,EDSA,None,None,"No Accident Factor, No Collision Stated (based on Police Blotter Book), 0.0 drivers_injured, 0.0 drivers_killed, 0.0 passengers_injured, 0.0 passengers_killed, 0.0 pedestrian_injured, 0.0 pedestrian_killed, Fair (Night), EDSA Main Ave. Quezon City",MMDA Road Safety Unit,,6c0f7d2f-5deb-4169-9368-be9757cf8074,2016-07-12,11:30:00,EDSA Arayat St.  Quezon City,0,0,0,0,0,0,0,0,0,0,2016-07-12 19:30,Property,14.61376458,121.0537933,No Collision Stated
None,EDSA,None,None,"No Accident Factor, Side Swipe, 0.0 drivers_injured, 0.0 drivers_killed, 0.0 passengers_injured, 0.0 passengers_killed, 0.0 pedestrian_injured, 0.0 pedestrian_killed, Fair (Day), EDSA Department of of Interior & Local Government (DILG) Bldg.  Quezon City",MMDA Road Safety Unit,,908e5391-b362-4372-9b5e-a27fb6f53af5,2016-07-12,09:20:00,"EDSA SM Cyber West Bldg., West Ave. Quezon City",0,0,0,0,0,0,0,0,0,0,2016-07-12 17:20,Property,14.63195102,121.0455478,Side Swipe
None,EDSA,None,None,"No Accident Factor, Side Swipe, 0.0 drivers_injured, 0.0 drivers_killed, 0.0 passengers_injured, 0.0 passengers_killed, 0.0 pedestrian_injured, 0.0 pedestrian_killed, Fair (Day), EDSA Timog Ave. Quezon City",MMDA Road Safety Unit,,da10bf8e-01eb-47b9-b711-46c83aa3182d,2016-07-12,07:30:00,"EDSA Ortigas Ave., Ugong Norte Quezon City",0,0,0,0,0,0,0,0,0,0,2016-07-12 15:30,Property,14.63293559,121.0446304,Side Swipe
None,EDSA,None,None,"No Accident Factor, Side Swipe, 0.0 drivers_injured, 0.0 drivers_killed, 0.0 passengers_injured, 0.0 passengers_killed, 0.0 pedestrian_injured, 0.0 pedestrian_killed, Fair (Day), EDSA Roosevelt Ave.  Quezon City",MMDA Road Safety Unit,,9fa4f240-13bf-449d-ba77-f146d84152be,2016-07-12,07:05:00,EDSA Cloverleaf Quezon City,0,0,0,0,0,0,0,0,0,0,2016-07-12 15:05,Property,14.65762047,121.0196373,Side Swipe
None,EDSA,None,None,"No Accident Factor, Rear-end, 0.0 drivers_injured, 0.0 drivers_killed, 0.0 passengers_injured, 0.0 passengers_killed, 0.0 pedestrian_injured, 0.0 pedestrian_killed, Fair (Day), EDSA East Ave., Pinyahan Quezon City",MMDA Road Safety Unit,,bcd6f1d7-39e0-4a95-bcc6-e46b30627c3c,2016-07-12,04:55:00,"EDSA Robinsons Galleria, Ugong Norte Quezon City",0,0,0,0,0,0,0,0,0,0,2016-07-12 12:55,Property,14.6328297,121.0451176,Rear-End
None,EDSA,None,None,"No Accident Factor, Rear-end, 0.0 drivers_injured, 0.0 drivers_killed, 0.0 passengers_injured, 0.0 passengers_killed, 0.0 pedestrian_injured, 0.0 pedestrian_killed, Fair (Day), EDSA Roosevelt Ave.  Quezon City",MMDA Road Safety Unit,,43e77a87-5c82-4274-85d2-8e38f79e2c47,2016-07-12,03:40:00,EDSA GMA Kamuning MRT Station Quezon City,0,0,0,0,0,0,0,0,0,0,2016-07-12 11:40,Property,14.65762047,121.0196373,Rear-End
None,EDSA,None,None,"No Accident Factor, Rear-end, 0.0 drivers_injured, 0.0 drivers_killed, 0.0 passengers_injured, 0.0 passengers_killed, 0.0 pedestrian_injured, 0.0 pedestrian_killed, Fair (Day), EDSA Ortigas Ave., Ugong Norte Quezon City",MMDA Road Safety Unit,,34b77df7-51b5-4e6f-a481-7afc364066d7,2016-07-12,02:35:00,"EDSA Nia Road, Pinyahan Quezon City",0,0,0,0,0,0,0,0,0,0,2016-07-12 10:35,Property,14.59335253,121.0584107,Rear-End
None,EDSA,None,None,"No Accident Factor, Rear-end, 0.0 drivers_injured, 0.0 drivers_killed, 0.0 passengers_injured, 0.0 passengers_killed, 0.0 pedestrian_injured, 0.0 pedestrian_killed, Fair (Day), EDSA Corinthian Garden, Ugong Norte Quezon City",MMDA Road Safety Unit,,0523312f-8d0f-465a-96b1-3f53aa45ec80,2016-07-12,01:45:00,"EDSA Clean Gas Fuel station, Philam Quezon City",0,0,0,0,0,0,0,0,0,0,2016-07-12 9:45,Property,14.59580783,121.0595248,Rear-End
None,EDSA,None,None,"No Accident Factor, Rear-end, 0.0 drivers_injured, 0.0 drivers_killed, 0.0 passengers_injured, 0.0 passengers_killed, 0.0 pedestrian_injured, 0.0 pedestrian_killed, Fair (Day), EDSA K-3rd St.  Quezon City",MMDA Road Safety Unit,,7ef54143-0381-46ef-997a-d2629fd382f4,2016-07-11,05:40:00,EDSA GMA Network Drive Quezon City,0,0,0,0,0,0,0,0,0,0,2016-07-11 13:40,Property,14.62942357,121.0463854,Rear-End
None,EDSA,None,None,"No Accident Factor, No Collision Stated (based on Police Blotter Book), 0.0 drivers_injured, 0.0 drivers_killed, 0.0 passengers_injured, 0.0 passengers_killed, 0.0 pedestrian_injured, 0.0 pedestrian_killed, Fair (Day), EDSA K-3rd St.  Quezon City",MMDA Road Safety Unit,,db83ce7e-fc68-41a8-b14e-119537688fb5,2016-07-11,04:20:00,EDSA P. Tuazon Blvd.  Quezon City,0,0,0,0,0,0,0,0,0,0,2016-07-11 12:20,Property,14.62942357,121.0463854,No Collision Stated
None,EDSA,None,None,"No Accident Factor, Side Swipe, 0.0 drivers_injured, 0.0 drivers_killed, 0.0 passengers_injured, 0.0 passengers_killed, 0.0 pedestrian_injured, 0.0 pedestrian_killed, Fair (Day), EDSA Aurora Blvd.  Quezon City",MMDA Road Safety Unit,,7c807d32-e512-4797-99b7-c2d8f70a3c4c,2016-07-11,04:00:00,EDSA Cloverleaf Road Quezon City,0,0,0,0,0,0,0,0,0,0,2016-07-11 12:00,Property,14.6217569,121.0502544,Side Swipe
None,EDSA,None,None,"No Accident Factor, Multiple Collision, 0.0 drivers_injured, 0.0 drivers_killed, 6.0 passengers_injured, 0.0 passengers_killed, 0.0 pedestrian_injured, 0.0 pedestrian_killed, Fair (Day), EDSA North Road Quezon City",MMDA Road Safety Unit,,b8b4d2fc-ff11-4eb6-ae46-8a82bfa6ff47,2016-07-11,03:05:00,EDSA Santolan Road Quezon City,0,0,0,0,6,0,0,0,0,6,2016-07-11 11:05,Injury,14.61444188,121.0532975,Multiple
None,EDSA,None,None,"No Accident Factor, Rear-end, 0.0 drivers_injured, 0.0 drivers_killed, 0.0 passengers_injured, 0.0 passengers_killed, 0.0 pedestrian_injured, 0.0 pedestrian_killed, Fair (Day), EDSA Scout Borromeo St. Quezon City",MMDA Road Safety Unit,,fccf6dcc-7a7b-4ce9-bff9-25cdd84a57d8,2016-07-11,01:50:00,EDSA Cloverleaf Quezon City,0,0,0,0,0,0,0,0,0,0,2016-07-11 9:50,Property,14.63715712,121.0419507,Rear-End
None,EDSA,None,None,"No Accident Factor, Hit and Run (No Collision Stated), 0.0 drivers_injured, 0.0 drivers_killed, 0.0 passengers_injured, 0.0 passengers_killed, 0.0 pedestrian_injured, 0.0 pedestrian_killed, Fair (Day), EDSA Main Ave. Quezon City",MMDA Road Safety Unit,,5dbe0bb1-4f1b-4201-b8bc-584088f63153,2016-07-11,01:15:00,EDSA Camp Aguinaldo  Quezon City,0,0,0,0,0,0,0,0,0,0,2016-07-11 9:15,Property,14.61376458,121.0537933,No Collision Stated
None,EDSA,None,None,"No Accident Factor, Rear-end, 0.0 drivers_injured, 0.0 drivers_killed, 0.0 passengers_injured, 0.0 passengers_killed, 0.0 pedestrian_injured, 0.0 pedestrian_killed, Fair (Day), EDSA E. Garcia St. Quezon City",MMDA Road Safety Unit,,2f465a1e-2413-4abb-b528-fa1d0d55184a,2016-07-11,00:45:00,"EDSA Misamis Street, Sto. Cristo Quezon City",0,0,0,0,0,0,0,0,0,0,2016-07-11 8:45,Property,14.62742033,121.0475769,Rear-End
None,EDSA,None,None,"No Accident Factor, Rear-end, 0.0 drivers_injured, 0.0 drivers_killed, 0.0 passengers_injured, 0.0 passengers_killed, 0.0 pedestrian_injured, 0.0 pedestrian_killed, Fair (Day), EDSA Timog Ave.  Quezon City",MMDA Road Safety Unit,,3e373e0b-421d-406b-8826-9325e9bc0029,2016-07-11,00:30:00,"EDSA Gen. Mc Arthur Ave., Farmers Market Cubao, Socorro Quezon City",0,0,0,0,0,0,0,0,0,0,2016-07-11 8:30,Property,14.63293559,121.0446304,Rear-End
None,EDSA,None,None,"No Accident Factor, Hit and Run (No Collision Stated), 0.0 drivers_injured, 0.0 drivers_killed, 0.0 passengers_injured, 0.0 passengers_killed, 0.0 pedestrian_injured, 0.0 pedestrian_killed, Fair (Day), EDSA East Ave. Quezon City",MMDA Road Safety Unit,,31dfdcf5-7f67-4664-bc15-3ed4f9449538,2016-07-11,00:00:00,EDSA Kaingin Road Quezon City,0,0,0,0,0,0,0,0,0,0,2016-07-11 8:00,Property,14.6328297,121.0451176,No Collision Stated
None,EDSA,None,None,"No Accident Factor, No Collision Stated (based on Police Blotter Book), 0.0 drivers_injured, 0.0 drivers_killed, 0.0 passengers_injured, 0.0 passengers_killed, 0.0 pedestrian_injured, 0.0 pedestrian_killed, Fair (Night), EDSA Misamis Street, Pagasa Quezon City",MMDA Road Safety Unit,,8a1b6823-1640-4bb0-99da-150e1ce52747,2016-07-09,12:15:00,EDSA Kaingin Road Quezon City,0,0,0,0,0,0,0,0,0,0,2016-07-09 20:15,Property,14.65602348,121.0285212,No Collision Stated
None,EDSA,None,None,"No Accident Factor, Side Swipe, 0.0 drivers_injured, 0.0 drivers_killed, 0.0 passengers_injured, 0.0 passengers_killed, 0.0 pedestrian_injured, 0.0 pedestrian_killed, Fair (Night), EDSA DLTB Bus Terminal  Quezon City",MMDA Road Safety Unit,,e2fc8072-9d83-40ee-bd5d-8afb0386b450,2016-07-09,12:10:00,EDSA Ermin Garcia St. Quezon City,0,0,0,0,0,0,0,0,0,0,2016-07-09 20:10,Property,14.62725353,121.0473748,Side Swipe
None,EDSA,None,None,"No Accident Factor, Rear-end, 0.0 drivers_injured, 0.0 drivers_killed, 0.0 passengers_injured, 0.0 passengers_killed, 0.0 pedestrian_injured, 0.0 pedestrian_killed, Fair (Day), EDSA Camp Crame Quezon City",MMDA Road Safety Unit,,e37e9d94-703f-46f2-b3f8-c96167de38c3,2016-07-09,07:30:00,"EDSA B. Serrano Ave., Socorro Quezon City",0,0,0,0,0,0,0,0,0,0,2016-07-09 15:30,Property,14.60923788,121.0557422,Rear-End
None,EDSA,None,None,"No Accident Factor, No Collision Stated (based on Police Blotter Book), 0.0 drivers_injured, 0.0 drivers_killed, 0.0 passengers_injured, 0.0 passengers_killed, 0.0 pedestrian_injured, 0.0 pedestrian_killed, Fair (Day), EDSA Department of Public Works & Highways Bldg., Pinyahan Quezon City",MMDA Road Safety Unit,,26e5957b-5745-41dc-99c0-44360d3c2a5e,2016-07-09,07:30:00,EDSA Timog Ave.  Quezon City,0,0,0,0,0,0,0,0,0,0,2016-07-09 15:30,Property,14.63729606,121.0421238,No Collision Stated