LOCATION_TEXT,ROAD,WEATHER,LIGHT,DESC,REPORTING_AGENCY,MAIN_CAUSE,INCIDENTDETAILS_ID,DATE_UTC,TIME_UTC,ADDRESS,killed_driver,killed_passenger,killed_pedestrian,injured_driver,injured_passenger,injured_pedestrian,killed_uncategorized,injured_uncategorized,killed_total,injured_total,DATETIME_PST,SEVERITY,Y,X,COLLISION_TYPE
None,EDSA,None,None,"No Accident Factor, Side Swipe, 0.0 drivers_injured, 0.0 drivers_killed, 0.0 passengers_injured, 0.0 passengers_killed, 0.0 pedestrian_injured, 0.0 pedestrian_killed, Fair (Day), EDSA Oliveros Drive Quezon City",MMDA Road Safety Unit,,24dd202d-82ad-4758-a833-05d6719a8052,2016-07-09,06:30:00,EDSA North Ave. Quezon City,0,0,0,0,0,0,0,0,0,0,2016-07-09 14:30,Property,14.65762799,121.0065288,Side Swipe
None,EDSA,None,None,"No Accident Factor, No Collision Stated (based on Police Blotter Book), 0.0 drivers_injured, 0.0 drivers_killed, 0.0 passengers_injured, 0.0 passengers_killed, 0.0 pedestrian_injured, 0.0 pedestrian_killed, Fair (Day), EDSA Congressional Avenue, Ramon Magsaysay Quezon City",MMDA Road Safety Unit,,db6b447f-4eb0-4a51-8f29-946bacbe87bb,2016-07-09,05:30:00,"EDSA ""U"" turn slot, Bansalangin St. Quezon City",0,0,0,0,0,0,0,0,0,0,2016-07-09 13:30,Property,14.6571804,120.9927185,No Collision Stated
None,EDSA,None,None,"No Accident Factor, No Collision Stated (based on Police Blotter Book), 0.0 drivers_injured, 0.0 drivers_killed, 0.0 passengers_injured, 0.0 passengers_killed, 0.0 pedestrian_injured, 0.0 pedestrian_killed, Fair (Day), EDSA Baliwag Bus Terminal, E. Rodriguez  Quezon City",MMDA Road Safety Unit,,3f80ace7-e27f-4aae-a970-45b4e9c90f78,2016-07-09,02:00:00,"EDSA Aurora Blvd., Socorro Quezon City",0,0,0,0,0,0,0,0,0,0,2016-07-09 10:00,Property,14.6244766,121.0489584,No Collision Stated
None,EDSA,None,None,"No Accident Factor, Side Swipe, 0.0 drivers_injured, 0.0 drivers_killed, 0.0 passengers_injured, 0.0 passengers_killed, 0.0 pedestrian_injured, 0.0 pedestrian_killed, Fair (Day), EDSA P. Tuazon Blvd., Cubao, Socorro Quezon City",MMDA Road Safety Unit,,72c2c33b-937a-48a2-a528-6819bbe24e8a,2016-07-08,16:50:00,EDSA GMA-7 Network    Quezon City,0,0,0,0,0,0,0,0,0,0,2016-07-09 0:50,Property,14.61656342,121.0525225,Side Swipe
None,EDSA,None,None,"No Accident Factor, Side Swipe, 0.0 drivers_injured, 0.0 drivers_killed, 0.0 passengers_injured, 0.0 passengers_killed, 0.0 pedestrian_injured, 0.0 pedestrian_killed, Fair (Night), EDSA Genesis Terminal Quezon City",MMDA Road Safety Unit,,bbd1c19e-9748-46d6-ac53-98589fa4dfdc,2016-07-08,15:35:00,EDSA Liberty Ave. Quezon City,0,0,0,0,0,0,0,0,0,0,2016-07-08 23:35,Property,14.6256048,121.0483444,Side Swipe
None,EDSA,None,None,"No Accident Factor, Rear-end, 0.0 drivers_injured, 0.0 drivers_killed, 0.0 passengers_injured, 0.0 passengers_killed, 0.0 pedestrian_injured, 0.0 pedestrian_killed, Fair (Night), EDSA Aurora Blvd. (EB) Quezon City",MMDA Road Safety Unit,,4b64f8d1-9dc9-479a-a927-4fcfe816bd07,2016-07-08,15:25:00,EDSA GMA-7 Quezon City,0,0,0,0,0,0,0,0,0,0,2016-07-08 23:25,Property,14.62151658,121.0501092,Rear-End
None,EDSA,None,None,"No Accident Factor, Side Swipe, 0.0 drivers_injured, 0.0 drivers_killed, 0.0 passengers_injured, 0.0 passengers_killed, 0.0 pedestrian_injured, 0.0 pedestrian_killed, Fair (Night), EDSA Aurora Blvd., Cubao, Socorro Quezon City",MMDA Road Safety Unit,,7cac7b49-1167-4efa-9e42-a936e2773660,2016-07-08,14:55:00,"EDSA Aurora Blvd., Superlines Bus Terminal, Cubao E. Rod. Quezon City",0,0,0,0,0,0,0,0,0,0,2016-07-08 22:55,Property,14.6218043,121.0502049,Side Swipe
None,EDSA,None,None,"No Accident Factor, Rear-end, 0.0 drivers_injured, 0.0 drivers_killed, 0.0 passengers_injured, 0.0 passengers_killed, 0.0 pedestrian_injured, 0.0 pedestrian_killed, Fair (Night), EDSA Robinsons Galleria, Ugong Norte Quezon City",MMDA Road Safety Unit,,f5dc20fb-d6f0-4af5-b0b4-349c6ab32255,2016-07-08,10:00:00,"EDSA Aurora Blvd., E. Rod. Quezon City",0,0,0,0,0,0,0,0,0,0,2016-07-08 18:00,Property,14.59206941,121.058228,Rear-End
None,EDSA,None,None,"No Accident Factor, Rear-end, 0.0 drivers_injured, 0.0 drivers_killed, 0.0 passengers_injured, 0.0 passengers_killed, 0.0 pedestrian_injured, 0.0 pedestrian_killed, Fair (Day), EDSA Petron Gas Station, Socorro Quezon City",MMDA Road Safety Unit,,90f66173-9b24-47ea-af56-66edf2d3d9ff,2016-07-08,09:00:00,"EDSA GMA-7 ""U"" turn slot Quezon City",0,0,0,0,0,0,0,0,0,0,2016-07-08 17:00,Property,14.61359717,121.0537886,Rear-End
None,EDSA,None,None,"No Accident Factor, No Collision Stated (based on Police Blotter Book), 0.0 drivers_injured, 0.0 drivers_killed, 0.0 passengers_injured, 0.0 passengers_killed, 0.0 pedestrian_injured, 0.0 pedestrian_killed, Fair (Day), EDSA Main Ave., Socorro Quezon City",MMDA Road Safety Unit,,ca08ec97-4860-469a-91eb-bbcb2edc2aeb,2016-07-08,09:00:00,"EDSA Baliwag Bus Terminal, E. Rod. Quezon City",0,0,0,0,0,0,0,0,0,0,2016-07-08 17:00,Property,14.61376458,121.0537933,No Collision Stated
None,EDSA,None,None,"No Accident Factor, Rear-end, 0.0 drivers_injured, 0.0 drivers_killed, 0.0 passengers_injured, 0.0 passengers_killed, 0.0 pedestrian_injured, 0.0 pedestrian_killed, Fair (Day), EDSA Congressional Ave., Bahay Toro Quezon City",MMDA Road Safety Unit,,4c41fee4-0a99-4a5d-b8f0-04311534c0ff,2016-07-08,09:00:00,EDSA Baliwag Transit Quezon City,0,0,0,0,0,0,0,0,0,0,2016-07-08 17:00,Property,14.6571804,120.9927185,Rear-End
None,EDSA,None,None,"No Accident Factor, Side Swipe, 0.0 drivers_injured, 0.0 drivers_killed, 0.0 passengers_injured, 0.0 passengers_killed, 0.0 pedestrian_injured, 0.0 pedestrian_killed, Fair (Day), EDSA Corinthian Garden, Ugong Norte  Quezon City",MMDA Road Safety Unit,,e353f6e7-8d61-4bbf-94ad-bf194a682c54,2016-07-08,07:55:00,EDSA MRT North Station Quezon City,0,0,0,0,0,0,0,0,0,0,2016-07-08 15:55,Property,14.59580783,121.0595248,Side Swipe
None,EDSA,None,None,"No Accident Factor, Angle Impact, 0.0 drivers_injured, 0.0 drivers_killed, 0.0 passengers_injured, 0.0 passengers_killed, 0.0 pedestrian_injured, 0.0 pedestrian_killed, Fair (Day), EDSA Baliwag Bus Terminal, E. Rodriguez  Quezon City",MMDA Road Safety Unit,,b4a961cd-6372-42af-a51f-6ff572446dd8,2016-07-08,04:00:00,"EDSA Toyota Motors, SM North Quezon City",0,0,0,0,0,0,0,0,0,0,2016-07-08 12:00,Property,14.6244766,121.0489584,Angle Impact
None,EDSA,None,None,"No Accident Factor, Side Swipe, 0.0 drivers_injured, 0.0 drivers_killed, 0.0 passengers_injured, 0.0 passengers_killed, 0.0 pedestrian_injured, 0.0 pedestrian_killed, Fair (Day), EDSA ""U"" turn slot, Trinoma, Philam Quezon City",MMDA Road Safety Unit,,7669de73-9bc4-4825-b17f-102c149fed84,2016-07-08,03:45:00,"EDSA Five Star Bus Terminal, E. Rod.  Quezon City",0,0,0,0,0,0,0,0,0,0,2016-07-08 11:45,Property,14.64995042,121.0336124,Side Swipe
None,EDSA,None,None,"No Accident Factor, Angle Impact, 0.0 drivers_injured, 0.0 drivers_killed, 0.0 passengers_injured, 0.0 passengers_killed, 0.0 pedestrian_injured, 0.0 pedestrian_killed, Fair (Day), EDSA P. Tuazon Blvd., Socorro Quezon City",MMDA Road Safety Unit,,caebe938-9efc-4a19-9e43-465c159b1498,2016-07-08,03:00:00,EDSA GMA-7 Drive Quezon City,0,0,0,0,0,0,0,0,0,0,2016-07-08 11:00,Property,14.61656342,121.0525225,Angle Impact
None,EDSA,None,None,"No Accident Factor, Side Swipe, 0.0 drivers_injured, 0.0 drivers_killed, 0.0 passengers_injured, 0.0 passengers_killed, 0.0 pedestrian_injured, 0.0 pedestrian_killed, Fair (Day), EDSA P. Tuazon Blvd.  Quezon City",MMDA Road Safety Unit,,9d754ce2-6541-424b-8879-1ddfc1626ef9,2016-07-08,02:50:00,EDSA Monte De Piedad St.  Quezon City,0,0,0,0,0,0,0,0,0,0,2016-07-08 10:50,Property,14.61656342,121.0525225,Side Swipe
None,EDSA,None,None,"No Accident Factor, Side Swipe, 0.0 drivers_injured, 0.0 drivers_killed, 0.0 passengers_injured, 0.0 passengers_killed, 0.0 pedestrian_injured, 0.0 pedestrian_killed, Fair (Day), EDSA Royal Quezon City",MMDA Road Safety Unit,,1a9b922c-2c94-4fab-8a13-136e088fff29,2016-07-08,02:30:00,"EDSA Quezon Ave., Bagong Pag-asa Quezon City",0,0,0,0,0,0,0,0,0,0,2016-07-08 10:30,Property,14.65767141,121.0107008,Side Swipe
None,EDSA,None,None,"No Accident Factor, No Collision Stated (based on Police Blotter Book), 0.0 drivers_injured, 0.0 drivers_killed, 0.0 passengers_injured, 0.0 passengers_killed, 0.0 pedestrian_injured, 0.0 pedestrian_killed, Fair (Day), EDSA East Ave., Pinyahan Quezon City",MMDA Road Safety Unit,,926f0f0e-7f6a-4b04-98a9-38c1165d4666,2016-07-08,01:20:00,EDSA Oliveros Drive Quezon City,0,0,0,0,0,0,0,0,0,0,2016-07-08 9:20,Property,14.6328297,121.0451176,No Collision Stated
None,EDSA,None,None,"No Accident Factor, Side Swipe, 0.0 drivers_injured, 0.0 drivers_killed, 0.0 passengers_injured, 0.0 passengers_killed, 0.0 pedestrian_injured, 0.0 pedestrian_killed, Fair (Night), EDSA GMA Network Drive Quezon City",MMDA Road Safety Unit,,5eace07c-64e3-44c1-982b-ab56b6518e30,2016-07-07,21:30:00,EDSA White Plains Quezon City,0,0,0,0,0,0,0,0,0,0,2016-07-08 5:30,Property,14.63467214,121.0435714,Side Swipe
None,EDSA,None,None,"No Accident Factor, Angle Impact, 0.0 drivers_injured, 0.0 drivers_killed, 0.0 passengers_injured, 0.0 passengers_killed, 0.0 pedestrian_injured, 0.0 pedestrian_killed, Fair (Night), EDSA East Ave., Pinyahan Quezon City",MMDA Road Safety Unit,,6727e790-8b21-4a22-a2b4-c90c5f8ac118,2016-07-07,13:15:00,"EDSA Gate 3, Camp Aguinaldo Quezon City",0,0,0,0,0,0,0,0,0,0,2016-07-07 21:15,Property,14.6328297,121.0451176,Angle Impact
None,EDSA,None,None,"No Accident Factor, No Collision Stated (based on Police Blotter Book), 0.0 drivers_injured, 0.0 drivers_killed, 0.0 passengers_injured, 0.0 passengers_killed, 0.0 pedestrian_injured, 0.0 pedestrian_killed, Fair (Night), EDSA East Ave., Pinyahan Quezon City",MMDA Road Safety Unit,,4620b27b-6564-4657-9246-c787f1409e87,2016-07-07,10:00:00,"EDSA Nueva Ecija St., Ramon Magsaysay Quezon City",0,0,0,0,0,0,0,0,0,0,2016-07-07 18:00,Property,14.6328297,121.0451176,No Collision Stated
None,EDSA,None,None,"No Accident Factor, No Collision Stated (based on Police Blotter Book), 0.0 drivers_injured, 0.0 drivers_killed, 0.0 passengers_injured, 0.0 passengers_killed, 0.0 pedestrian_injured, 0.0 pedestrian_killed, Fair (Night), EDSA Roosevelt Avenue, Katipu Quezon City",MMDA Road Safety Unit,,e45fe659-ae32-48aa-a49a-08550513e24c,2016-07-07,10:00:00,"EDSA P. Tuazon Blvd., Socorro Quezon City",0,0,0,0,0,0,0,0,0,0,2016-07-07 18:00,Property,14.65762047,121.0196373,No Collision Stated
None,EDSA,None,None,"No Accident Factor, Side Swipe, 0.0 drivers_injured, 0.0 drivers_killed, 0.0 passengers_injured, 0.0 passengers_killed, 0.0 pedestrian_injured, 0.0 pedestrian_killed, Fair (Day), EDSA Scout Borromeo St.  Quezon City",MMDA Road Safety Unit,,383d22d5-2975-49ca-8c0c-80fba29295dc,2016-07-07,08:00:00,"EDSA Five Star Bus Terminal, E. Rod. Cubao Quezon City",0,0,0,0,0,0,0,0,0,0,2016-07-07 16:00,Property,14.63715712,121.0419507,Side Swipe
None,EDSA,None,None,"No Accident Factor, Rear-end, 0.0 drivers_injured, 0.0 drivers_killed, 0.0 passengers_injured, 0.0 passengers_killed, 0.0 pedestrian_injured, 0.0 pedestrian_killed, Fair (Day), EDSA Five Star Bus Terminal, E. Rod. Quezon City",MMDA Road Safety Unit,,c9990fac-d07e-4b8b-bc4f-b0b3c7f18c3d,2016-07-07,07:20:00,EDSA Scout Borromeo St.  Quezon City,0,0,0,0,0,0,0,0,0,0,2016-07-07 15:20,Property,14.62375691,121.0492447,Rear-End
None,EDSA,None,None,"No Accident Factor, Side Swipe, 0.0 drivers_injured, 0.0 drivers_killed, 0.0 passengers_injured, 0.0 passengers_killed, 0.0 pedestrian_injured, 0.0 pedestrian_killed, Fair (Day), EDSA E. Lopez St. Quezon City",MMDA Road Safety Unit,,5c75d712-db63-4869-9301-8a934b35d764,2016-07-07,07:15:00,EDSA East Ave. Quezon City,0,0,0,0,0,0,0,0,0,0,2016-07-07 15:15,Property,14.6396904,121.0403884,Side Swipe
None,EDSA,None,None,"No Accident Factor, Side Swipe, 0.0 drivers_injured, 0.0 drivers_killed, 0.0 passengers_injured, 0.0 passengers_killed, 0.0 pedestrian_injured, 0.0 pedestrian_killed, Fair (Day), EDSA P. Tuazon Blvd.  Quezon City",MMDA Road Safety Unit,,0c5ff72e-81f0-4a80-9d06-b6e2e4342764,2016-07-07,07:00:00,"EDSA Corinthian Gate 1, Ugong Norte Quezon City",0,0,0,0,0,0,0,0,0,0,2016-07-07 15:00,Property,14.61656342,121.0525225,Side Swipe
None,EDSA,None,None,"No Accident Factor, Hit and Run (No Collision Stated), 0.0 drivers_injured, 0.0 drivers_killed, 0.0 passengers_injured, 0.0 passengers_killed, 0.0 pedestrian_injured, 0.0 pedestrian_killed, Fair (Day), EDSA Corinthian Garden Subd., Ugong Norte Quezon City",MMDA Road Safety Unit,,d98d74bb-ba0a-4d3f-9b17-d014f47f54c9,2016-07-07,06:45:00,"EDSA East Ave., Pinyahan Quezon City",0,0,0,0,0,0,0,0,0,0,2016-07-07 14:45,Property,14.59580783,121.0595248,No Collision Stated
None,EDSA,None,None,"No Accident Factor, Side Swipe, 0.0 drivers_injured, 0.0 drivers_killed, 0.0 passengers_injured, 0.0 passengers_killed, 0.0 pedestrian_injured, 0.0 pedestrian_killed, Fair (Day), EDSA Kamuning Road Quezon City",MMDA Road Safety Unit,,265cc288-42ec-4413-8c4b-768d30d4a3a0,2016-07-07,06:30:00,"EDSA Dario Bridge ""U"" turn slot Quezon City",0,0,0,0,0,0,0,0,0,0,2016-07-07 14:30,Property,14.63075725,121.0457548,Side Swipe
None,EDSA,None,None,"No Accident Factor, Side Swipe, 0.0 drivers_injured, 0.0 drivers_killed, 0.0 passengers_injured, 0.0 passengers_killed, 0.0 pedestrian_injured, 0.0 pedestrian_killed, Fair (Day), EDSA P. Tuazon Blvd., Socorro Quezon City",MMDA Road Safety Unit,,f3102b80-8e57-41dc-8c41-8ab655e9e45b,2016-07-07,04:30:00,"EDSA Misamis St., Sto. Cristo Quezon City",0,0,0,0,0,0,0,0,0,0,2016-07-07 12:30,Property,14.61656342,121.0525225,Side Swipe
None,EDSA,None,None,"No Accident Factor, No Collision Stated (based on Police Blotter Book), 1.0 drivers_injured, 0.0 drivers_killed, 0.0 passengers_injured, 0.0 passengers_killed, 0.0 pedestrian_injured, 0.0 pedestrian_killed, Fair (Day), EDSA ""U"" turn slot, Shell Gas Station, A. Samson Quezon City",MMDA Road Safety Unit,,f2b36bd6-f750-4a90-8d25-fba7e6bca8bc,2016-07-07,03:15:00,"EDSA White Plains Ave., Ugong Norte Quezon City",0,0,0,1,0,0,0,0,0,1,2016-07-07 11:15,Injury,14.6576372,121.0076032,No Collision Stated
None,EDSA,None,None,"No Accident Factor, Side Swipe, 0.0 drivers_injured, 0.0 drivers_killed, 0.0 passengers_injured, 0.0 passengers_killed, 0.0 pedestrian_injured, 0.0 pedestrian_killed, Fair (Day), EDSA Arayat St.  Quezon City",MMDA Road Safety Unit,,c6a66e27-90fc-40d1-8a24-f5d1a080819b,2016-07-07,02:40:00,EDSA Bansalangin Quezon City,0,0,0,0,0,0,0,0,0,0,2016-07-07 10:40,Property,14.61961124,121.0508602,Side Swipe
None,EDSA,None,None,"No Accident Factor, No Collision Stated (based on Police Blotter Book), 0.0 drivers_injured, 0.0 drivers_killed, 0.0 passengers_injured, 0.0 passengers_killed, 0.0 pedestrian_injured, 0.0 pedestrian_killed, Fair (Day), EDSA Victory Liner Bus Terminal, Pinyahan Quezon City",MMDA Road Safety Unit,,c68e892b-322f-4349-acbf-0b5f77d8f302,2016-07-07,01:35:00,"EDSA K-10th St., West Kamias Quezon City",0,0,0,0,0,0,0,0,0,0,2016-07-07 9:35,Property,14.63209398,121.0454876,No Collision Stated
None,EDSA,None,None,"No Accident Factor, Side Swipe, 0.0 drivers_injured, 0.0 drivers_killed, 0.0 passengers_injured, 0.0 passengers_killed, 0.0 pedestrian_injured, 0.0 pedestrian_killed, Fair (Day), EDSA North Road Quezon City",MMDA Road Safety Unit,,39ed1451-847e-4730-826f-70213e2ad1d9,2016-07-07,01:30:00,EDSA Cloverleaf Quezon City,0,0,0,0,0,0,0,0,0,0,2016-07-07 9:30,Property,14.61444188,121.0532975,Side Swipe
None,EDSA,None,None,"No Accident Factor, No Collision Stated (based on Police Blotter Book), 0.0 drivers_injured, 0.0 drivers_killed, 0.0 passengers_injured, 0.0 passengers_killed, 0.0 pedestrian_injured, 0.0 pedestrian_killed, Fair (Day), EDSA GMA Kamuning MRT Station, Pinyahan Quezon City",MMDA Road Safety Unit,,37213678-6b90-4118-b574-426f518cd8f6,2016-07-06,23:45:00,EDSA Monte De Piedad St.  Quezon City,0,0,0,0,0,0,0,0,0,0,2016-07-07 7:45,Property,14.63524398,121.043333,No Collision Stated
None,EDSA,None,None,"No Accident Factor, Rear-end, 0.0 drivers_injured, 0.0 drivers_killed, 0.0 passengers_injured, 0.0 passengers_killed, 0.0 pedestrian_injured, 0.0 pedestrian_killed, Fair (Day), EDSA Whiteplains Ave., Ugong Norte Quezon City",MMDA Road Safety Unit,,140854d7-b6e2-4c99-a2f8-5cc42107a1b1,2016-07-06,23:25:00,EDSA North Road Quezon City,0,0,0,0,0,0,0,0,0,0,2016-07-07 7:25,Property,14.59961782,121.0596522,Rear-End
None,EDSA,None,None,"No Accident Factor, Hit and Run (No Collision Stated), 0.0 drivers_injured, 0.0 drivers_killed, 0.0 passengers_injured, 0.0 passengers_killed, 0.0 pedestrian_injured, 0.0 pedestrian_killed, Fair (Day), EDSA Aurora Blvd., Socorro Quezon City",MMDA Road Safety Unit,,2e0c37e9-55de-479d-8599-c5a30e84a45a,2016-07-06,06:50:00,EDSA Oliveros Drive Quezon City,0,0,0,0,0,0,0,0,0,0,2016-07-06 14:50,Property,14.6218043,121.0502049,No Collision Stated
None,EDSA,None,None,"No Accident Factor, No Collision Stated (based on Police Blotter Book), 0.0 drivers_injured, 0.0 drivers_killed, 0.0 passengers_injured, 0.0 passengers_killed, 0.0 pedestrian_injured, 0.0 pedestrian_killed, Fair (Day), EDSA Mindanao Avenue Ext., Pagasa Quezon City",MMDA Road Safety Unit,,cfd2c6c2-af6e-49dd-bdf5-80c369ea025a,2016-07-06,02:00:00,"EDSA Gen. Mc Arthur Ave., Socorro Quezon City",0,0,0,0,0,0,0,0,0,0,2016-07-06 10:00,Property,14.65052386,121.0335656,No Collision Stated
None,EDSA,None,None,"No Accident Factor, Self-Accident, 0.0 drivers_injured, 0.0 drivers_killed, 0.0 passengers_injured, 0.0 passengers_killed, 0.0 pedestrian_injured, 0.0 pedestrian_killed, Fair (Night), EDSA Nepa Q-Mart Quezon City",MMDA Road Safety Unit,,33d2f349-c5a1-4747-8d84-1c7cd2fa56d7,2016-07-05,17:05:00,EDSA Kamuning Road Quezon City,0,0,0,0,0,0,0,0,0,0,2016-07-06 1:05,Property,14.62805361,121.0472521,Self-Accident
None,EDSA,None,None,"No Accident Factor, Side Swipe, 0.0 drivers_injured, 0.0 drivers_killed, 0.0 passengers_injured, 0.0 passengers_killed, 0.0 pedestrian_injured, 0.0 pedestrian_killed, Fair (Night), EDSA Aurora Blvd., E. Rodriguez Quezon City",MMDA Road Safety Unit,,7933c4a5-fc56-4062-a789-b474379c0ab1,2016-07-05,11:20:00,"EDSA Nepa Q-Mart, E. Rod. Quezon City",0,0,0,0,0,0,0,0,0,0,2016-07-05 19:20,Property,14.6218043,121.0502049,Side Swipe
None,EDSA,None,None,"No Accident Factor, Side Swipe, 0.0 drivers_injured, 0.0 drivers_killed, 0.0 passengers_injured, 0.0 passengers_killed, 0.0 pedestrian_injured, 0.0 pedestrian_killed, Fair (Day), EDSA Main Ave. (PSSLAI Bldg., Socorro) Quezon City",MMDA Road Safety Unit,,8b90c14f-3008-41a4-b3f1-169205fc5da6,2016-07-05,08:40:00,"EDSA ""U"" turn slot, Col. Bonny Serrano Ave. Quezon City",0,0,0,0,0,0,0,0,0,0,2016-07-05 16:40,Property,14.61376458,121.0537933,Side Swipe
None,EDSA,None,None,"No Accident Factor, Side Swipe, 0.0 drivers_injured, 0.0 drivers_killed, 0.0 passengers_injured, 0.0 passengers_killed, 0.0 pedestrian_injured, 0.0 pedestrian_killed, Fair (Day), EDSA Mayor Ignacio Diaz St.  Quezon City",MMDA Road Safety Unit,,7ff87197-3f7e-4ccc-bddd-c5e233b00832,2016-07-05,08:30:00,"EDSA Kamias Road, East Kamias Quezon City",0,0,0,0,0,0,0,0,0,0,2016-07-05 16:30,Property,14.61785258,121.0515682,Side Swipe
None,EDSA,None,None,"No Accident Factor, Side Swipe, 0.0 drivers_injured, 0.0 drivers_killed, 0.0 passengers_injured, 0.0 passengers_killed, 0.0 pedestrian_injured, 0.0 pedestrian_killed, Fair (Day), EDSA Quezon Ave. (EB) Quezon City",MMDA Road Safety Unit,,ed84a0f6-b985-4269-af5e-9815052b78e0,2016-07-05,08:25:00,"EDSA Gen. Roxas Ave., Socorro Quezon City",0,0,0,0,0,0,0,0,0,0,2016-07-05 16:25,Property,14.6442444,121.0375839,Side Swipe
None,EDSA,None,None,"No Accident Factor, Rear-end, 0.0 drivers_injured, 0.0 drivers_killed, 0.0 passengers_injured, 0.0 passengers_killed, 0.0 pedestrian_injured, 0.0 pedestrian_killed, Fair (Day), EDSA Scout Borromeo St. Quezon City",MMDA Road Safety Unit,,d29ae1d2-96a8-40ba-a628-85688893fc4d,2016-07-05,07:30:00,EDSA Royal Quezon City,0,0,0,0,0,0,0,0,0,0,2016-07-05 15:30,Property,14.63715712,121.0419507,Rear-End
None,EDSA,None,None,"No Accident Factor, Side Swipe, 0.0 drivers_injured, 0.0 drivers_killed, 0.0 passengers_injured, 0.0 passengers_killed, 0.0 pedestrian_injured, 0.0 pedestrian_killed, Fair (Day), EDSA Main Road Quezon City",MMDA Road Safety Unit,,503bdd49-d372-4e77-8579-bb02c5a6fa57,2016-07-05,06:30:00,EDSA Landmark Quezon City,0,0,0,0,0,0,0,0,0,0,2016-07-05 14:30,Property,14.61376458,121.0537933,Side Swipe
None,EDSA,None,None,"No Accident Factor, No Collision Stated (based on Police Blotter Book), 0.0 drivers_injured, 0.0 drivers_killed, 0.0 passengers_injured, 0.0 passengers_killed, 0.0 pedestrian_injured, 0.0 pedestrian_killed, Fair (Day), EDSA ""U"" turn slot, Ramon Magsaysay Quezon City",MMDA Road Safety Unit,,bc139ae3-359b-45d7-b8e3-8ccbdf73fedc,2016-07-05,03:00:00,"EDSA Baliwag Bus Terminal, E. Rod. Quezon City",0,0,0,0,0,0,0,0,0,0,2016-07-05 11:00,Property,14.65655357,121.0260701,No Collision Stated
None,EDSA,None,None,"No Accident Factor, Side Swipe, 0.0 drivers_injured, 0.0 drivers_killed, 0.0 passengers_injured, 0.0 passengers_killed, 0.0 pedestrian_injured, 0.0 pedestrian_killed, Fair (Day), EDSA Timog Ave.  Quezon City",MMDA Road Safety Unit,,a7c10dcc-86f7-4181-a6b0-9699568025eb,2016-07-05,01:10:00,EDSA Ramon Magsaysay High School (WB) Quezon City,0,0,0,0,0,0,0,0,0,0,2016-07-05 9:10,Property,14.63293559,121.0446304,Side Swipe
None,EDSA,None,None,"No Accident Factor, Side Swipe, 0.0 drivers_injured, 0.0 drivers_killed, 0.0 passengers_injured, 0.0 passengers_killed, 0.0 pedestrian_injured, 0.0 pedestrian_killed, Fair (Day), EDSA Whiteplains Ave., Ugong Norte Quezon City",MMDA Road Safety Unit,,3df15b49-4f53-4f37-93b1-53c17e105dac,2016-07-04,23:15:00,EDSA Col. Bonny Serrano Ave. (WB) Quezon City,0,0,0,0,0,0,0,0,0,0,2016-07-05 7:15,Property,14.59961782,121.0596522,Side Swipe
None,EDSA,None,None,"No Accident Factor, Side Swipe, 0.0 drivers_injured, 0.0 drivers_killed, 0.0 passengers_injured, 0.0 passengers_killed, 0.0 pedestrian_injured, 0.0 pedestrian_killed, Fair (Day), EDSA Ortigas Ave., Ugong Norte Quezon City",MMDA Road Safety Unit,,e2f0ff67-04f1-4667-baa8-98f393958d8b,2016-07-04,17:45:00,EDSA Cloverleaf Quezon City,0,0,0,0,0,0,0,0,0,0,2016-07-05 1:45,Property,14.59335253,121.0584107,Side Swipe
None,EDSA,None,None,"No Accident Factor, Side Swipe, 0.0 drivers_injured, 0.0 drivers_killed, 0.0 passengers_injured, 0.0 passengers_killed, 0.0 pedestrian_injured, 0.0 pedestrian_killed, Fair (Night), EDSA P. Tuazon Blvd., Socorro Quezon City",MMDA Road Safety Unit,,d892dc2b-4007-4707-a334-86c5fa0e288b,2016-07-04,12:05:00,"EDSA P. Tuazon Blvd., Socorro Quezon City",0,0,0,0,0,0,0,0,0,0,2016-07-04 20:05,Property,14.61656342,121.0525225,Side Swipe
None,EDSA,None,None,"No Accident Factor, Rear-end, 0.0 drivers_injured, 0.0 drivers_killed, 0.0 passengers_injured, 0.0 passengers_killed, 0.0 pedestrian_injured, 0.0 pedestrian_killed, Fair (Day), EDSA Home Depot Quezon City",MMDA Road Safety Unit,,b8d2a881-2ecf-4a71-9616-5c98345ecfdd,2016-07-04,07:30:00,"EDSA ""U"" turn slot, P. Tuazon Blvd.  Quezon City",0,0,0,0,0,0,0,0,0,0,2016-07-04 15:30,Property,14.65776197,121.0132202,Rear-End
None,EDSA,None,None,"No Accident Factor, Rear-end, 0.0 drivers_injured, 0.0 drivers_killed, 0.0 passengers_injured, 0.0 passengers_killed, 0.0 pedestrian_injured, 0.0 pedestrian_killed, Fair (Day), EDSA East Ave., Pinyahan Quezon City",MMDA Road Safety Unit,,8cbc6716-835a-463e-9b38-353ea1b49f26,2016-07-04,07:00:00,EDSA Cloverleaf Quezon City,0,0,0,0,0,0,0,0,0,0,2016-07-04 15:00,Property,14.6328297,121.0451176,Rear-End
None,EDSA,None,None,"No Accident Factor, Side Swipe, 0.0 drivers_injured, 0.0 drivers_killed, 0.0 passengers_injured, 0.0 passengers_killed, 0.0 pedestrian_injured, 0.0 pedestrian_killed, Fair (Day), EDSA GMA Drive, Kamuning  Quezon City",MMDA Road Safety Unit,,b0efdbed-258a-4c19-b3d2-e24215b7fc02,2016-07-04,06:05:00,"EDSA Robinsons Galleria, Ugong Norte Quezon City",0,0,0,0,0,0,0,0,0,0,2016-07-04 14:05,Property,14.63467214,121.0435714,Side Swipe