LOCATION_TEXT,ROAD,WEATHER,LIGHT,DESC,REPORTING_AGENCY,MAIN_CAUSE,INCIDENTDETAILS_ID,DATE_UTC,TIME_UTC,ADDRESS,killed_driver,killed_passenger,killed_pedestrian,injured_driver,injured_passenger,injured_pedestrian,killed_uncategorized,injured_uncategorized,killed_total,injured_total,DATETIME_PST,SEVERITY,Y,X,COLLISION_TYPE
None,EDSA,None,None,"No Accident Factor, Rear-end, 0.0 drivers_injured, 0.0 drivers_killed, 0.0 passengers_injured, 0.0 passengers_killed, 0.0 pedestrian_injured, 0.0 pedestrian_killed, Fair (Day), EDSA East Ave., Pinyahan Quezon City",MMDA Road Safety Unit,,09a7e5a0-54b2-4616-a969-c7b1e7c8b58c,2016-07-03,23:15:00,"EDSA New York St. (Ramon Magsaysay High School, Pinagkaisahan)  Quezon City",0,0,0,0,0,0,0,0,0,0,2016-07-04 7:15,Property,14.6328297,121.0451176,Rear-End
None,EDSA,None,None,"No Accident Factor, Angle Impact, 1.0 drivers_injured, 0.0 drivers_killed, 0.0 passengers_injured, 0.0 passengers_killed, 0.0 pedestrian_injured, 0.0 pedestrian_killed, Fair (Night), EDSA Kamias Road, West Kamias Quezon City",MMDA Road Safety Unit,,be8c62d7-3f10-4cb6-97a0-44803854864e,2016-07-03,15:00:00,EDSA MRT North Station Quezon City,0,0,0,1,0,0,0,0,0,1,2016-07-03 23:00,Injury,14.6309142,121.0459376,Angle Impact
None,EDSA,None,None,"No Accident Factor, Rear-end, 0.0 drivers_injured, 0.0 drivers_killed, 0.0 passengers_injured, 0.0 passengers_killed, 0.0 pedestrian_injured, 0.0 pedestrian_killed, Fair (Day), EDSA Sct. Borromeo St. (Shell Gas Station) Quezon City",MMDA Road Safety Unit,,02bb69ad-70ad-44ee-a0f6-32aa73ad7423,2016-07-03,06:20:00,"EDSA Quezon Ave., Bagong Pag-asa Quezon City",0,0,0,0,0,0,0,0,0,0,2016-07-03 14:20,Property,14.63715712,121.0419507,Rear-End
None,EDSA,None,None,"No Accident Factor, Rear-end, 0.0 drivers_injured, 0.0 drivers_killed, 0.0 passengers_injured, 0.0 passengers_killed, 0.0 pedestrian_injured, 0.0 pedestrian_killed, Fair (Day), EDSA Aurora Blvd.  Quezon City",MMDA Road Safety Unit,,b16d6d49-9530-4222-839a-98c47cf6f424,2016-07-03,06:15:00,EDSA P. Bernardo St.  Quezon City,0,0,0,0,0,0,0,0,0,0,2016-07-03 14:15,Property,14.6217569,121.0502544,Rear-End
None,EDSA,None,None,"No Accident Factor, Rear-end, 0.0 drivers_injured, 0.0 drivers_killed, 0.0 passengers_injured, 0.0 passengers_killed, 0.0 pedestrian_injured, 0.0 pedestrian_killed, Fair (Day), EDSA Roosevelt Ave.  Quezon City",MMDA Road Safety Unit,,b47a891e-04d2-41c2-91b9-47c5bf279b10,2016-07-03,05:10:00,EDSA Monte De Piedad St.  Quezon City,0,0,0,0,0,0,0,0,0,0,2016-07-03 13:10,Property,14.65762047,121.0196373,Rear-End
None,EDSA,None,None,"No Accident Factor, Rear-end, 1.0 drivers_injured, 0.0 drivers_killed, 1.0 passengers_injured, 0.0 passengers_killed, 0.0 pedestrian_injured, 0.0 pedestrian_killed, Fair (Day), EDSA East Ave. Quezon City",MMDA Road Safety Unit,,0d9c6065-4be2-403f-bf48-a8500d9741e6,2016-07-03,04:30:00,EDSA E. Rodriguez Sr. Ave.  Quezon City,0,0,0,1,1,0,0,0,0,2,2016-07-03 12:30,Injury,14.6328297,121.0451176,Rear-End
None,EDSA,None,None,"No Accident Factor, Multiple Collision, 0.0 drivers_injured, 0.0 drivers_killed, 0.0 passengers_injured, 0.0 passengers_killed, 0.0 pedestrian_injured, 0.0 pedestrian_killed, Fair (Day), EDSA Quezon Ave. (EB) Quezon City",MMDA Road Safety Unit,,ee684106-7a1c-4b22-a84e-d7944f07adac,2016-07-03,00:25:00,EDSA East Ave. Quezon City,0,0,0,0,0,0,0,0,0,0,2016-07-03 8:25,Property,14.6442444,121.0375839,Multiple
None,EDSA,None,None,"No Accident Factor, Rear-end, 0.0 drivers_injured, 0.0 drivers_killed, 0.0 passengers_injured, 0.0 passengers_killed, 0.0 pedestrian_injured, 0.0 pedestrian_killed, Fair (Day), EDSA Aurora Blvd.  Quezon City",MMDA Road Safety Unit,,faa87959-1c2f-429c-b3c3-468380cb7eda,2016-07-02,22:40:00,EDSA Kamuning Road Quezon City,0,0,0,0,0,0,0,0,0,0,2016-07-03 6:40,Property,14.6217569,121.0502544,Rear-End
None,EDSA,None,None,"No Accident Factor, Side Swipe, 0.0 drivers_injured, 0.0 drivers_killed, 0.0 passengers_injured, 0.0 passengers_killed, 0.0 pedestrian_injured, 0.0 pedestrian_killed, Fair (Day), EDSA Francisco Bldg., Pinyahan Quezon City",MMDA Road Safety Unit,,a8619eb6-17f4-4225-81fe-df7d05db3091,2016-07-02,22:00:00,"EDSA Q-Mart, E. Rodriguez Quezon City",0,0,0,0,0,0,0,0,0,0,2016-07-03 6:00,Property,14.62988344,121.0464796,Side Swipe
None,EDSA,None,None,"No Accident Factor, No Collision Stated (based on Police Blotter Book), 0.0 drivers_injured, 0.0 drivers_killed, 0.0 passengers_injured, 0.0 passengers_killed, 0.0 pedestrian_injured, 0.0 pedestrian_killed, Fair (Night), EDSA Aurora Blvd., Socorro Quezon City",MMDA Road Safety Unit,,f4c65df0-d6c8-46e9-ac3a-1d01be9e4f27,2016-07-02,20:15:00,EDSA MRT North Station Quezon City,0,0,0,0,0,0,0,0,0,0,2016-07-03 4:15,Property,14.6218043,121.0502049,No Collision Stated
None,EDSA,None,None,"No Accident Factor, Rear-end, 0.0 drivers_injured, 0.0 drivers_killed, 0.0 passengers_injured, 0.0 passengers_killed, 0.0 pedestrian_injured, 0.0 pedestrian_killed, Fair (Night), EDSA Gen. Mc Arthur Ave., Cubao Quezon City",MMDA Road Safety Unit,,af50e9c7-cb00-461f-81e7-493131678427,2016-07-02,14:45:00,EDSA Victory Liner Bus Terminal Quezon City,0,0,0,0,0,0,0,0,0,0,2016-07-02 22:45,Property,14.61805145,121.0517604,Rear-End
None,EDSA,None,None,"No Accident Factor, Side Swipe, 0.0 drivers_injured, 0.0 drivers_killed, 0.0 passengers_injured, 0.0 passengers_killed, 0.0 pedestrian_injured, 0.0 pedestrian_killed, Fair (Night), EDSA Roosevelt Ave.  Quezon City",MMDA Road Safety Unit,,525d0eb6-99c4-4b79-92af-7bd5076fabf0,2016-07-02,14:30:00,"EDSA ""U"" turn slot, GMA-7 Station Quezon City",0,0,0,0,0,0,0,0,0,0,2016-07-02 22:30,Property,14.65762047,121.0196373,Side Swipe
None,EDSA,None,None,"No Accident Factor, Hit and Run (No Collision Stated), 0.0 drivers_injured, 0.0 drivers_killed, 0.0 passengers_injured, 0.0 passengers_killed, 0.0 pedestrian_injured, 0.0 pedestrian_killed, Fair (Night), EDSA Roosevelt Ave.  Quezon City",MMDA Road Safety Unit,,984eafef-8dc9-4535-9589-d34a97bd033b,2016-07-02,14:00:00,EDSA Aurora Blvd. Quezon City,0,0,0,0,0,0,0,0,0,0,2016-07-02 22:00,Property,14.65762047,121.0196373,No Collision Stated
None,EDSA,None,None,"No Accident Factor, Side Swipe, 0.0 drivers_injured, 0.0 drivers_killed, 0.0 passengers_injured, 0.0 passengers_killed, 0.0 pedestrian_injured, 0.0 pedestrian_killed, Fair (Night), EDSA Roosevelt Ave.  Quezon City",MMDA Road Safety Unit,,71c644dc-0058-456d-8f7f-51194ed27c3d,2016-07-02,12:45:00,EDSA Roosevelt Ave.  Quezon City,0,0,0,0,0,0,0,0,0,0,2016-07-02 20:45,Property,14.65762047,121.0196373,Side Swipe
None,EDSA,None,None,"No Accident Factor, Side Swipe, 0.0 drivers_injured, 0.0 drivers_killed, 0.0 passengers_injured, 0.0 passengers_killed, 0.0 pedestrian_injured, 0.0 pedestrian_killed, Fair (Night), EDSA Main Road, Socorro Quezon City",MMDA Road Safety Unit,,a38a9794-1d47-412d-85c7-0ad816476b13,2016-07-02,11:30:00,EDSA Camp Aguinaldo Gate 3 Quezon City,0,0,0,0,0,0,0,0,0,0,2016-07-02 19:30,Property,14.61376458,121.0537933,Side Swipe
None,EDSA,None,None,"No Accident Factor, Side Swipe, 0.0 drivers_injured, 0.0 drivers_killed, 0.0 passengers_injured, 0.0 passengers_killed, 0.0 pedestrian_injured, 0.0 pedestrian_killed, Fair (Day), EDSA East Ave., Pinyahan Quezon City",MMDA Road Safety Unit,,011ed438-e97c-4758-9741-e3a4b05f93c7,2016-07-02,02:15:00,"EDSA Santolan MRT Station, Camp Aguinaldo Quezon City",0,0,0,0,0,0,0,0,0,0,2016-07-02 10:15,Property,14.6328297,121.0451176,Side Swipe
None,EDSA,None,None,"No Accident Factor, Side Swipe, 0.0 drivers_injured, 0.0 drivers_killed, 0.0 passengers_injured, 0.0 passengers_killed, 0.0 pedestrian_injured, 0.0 pedestrian_killed, Fair (Night), EDSA Baliwag Bus Terminal, E. Rodriguez  Quezon City",MMDA Road Safety Unit,,2aac987e-c385-4222-af57-be2a19f24efd,2016-07-01,16:40:00,EDSA P. Bernardo St. Quezon City,0,0,0,0,0,0,0,0,0,0,2016-07-02 0:40,Property,14.6244766,121.0489584,Side Swipe
None,EDSA,None,None,"No Accident Factor, Rear-end, 0.0 drivers_injured, 0.0 drivers_killed, 0.0 passengers_injured, 0.0 passengers_killed, 0.0 pedestrian_injured, 0.0 pedestrian_killed, Fair (Day), EDSA Kamuning Road  Quezon City",MMDA Road Safety Unit,,79bbb863-35d5-477f-b1eb-f5d72e506d46,2016-07-01,08:15:00,"EDSA Puregold, Balintawak Quezon City",0,0,0,0,0,0,0,0,0,0,2016-07-01 16:15,Property,14.63075725,121.0457548,Rear-End
None,EDSA,None,None,"No Accident Factor, Rear-end, 0.0 drivers_injured, 0.0 drivers_killed, 0.0 passengers_injured, 0.0 passengers_killed, 0.0 pedestrian_injured, 0.0 pedestrian_killed, Fair (Day), EDSA Timog Ave.  Quezon City",MMDA Road Safety Unit,,18c6406b-b348-4ece-9007-65beacdf8da9,2016-07-01,08:00:00,EDSA QCPD Station 10 Quezon City,0,0,0,0,0,0,0,0,0,0,2016-07-01 16:00,Property,14.63293559,121.0446304,Rear-End
None,EDSA,None,None,"No Accident Factor, Rear-end, 0.0 drivers_injured, 0.0 drivers_killed, 0.0 passengers_injured, 0.0 passengers_killed, 0.0 pedestrian_injured, 0.0 pedestrian_killed, Fair (Day), EDSA Cloverleaf, Balingasa Quezon City",MMDA Road Safety Unit,,4d9029ac-3d0c-4386-a59b-7c0bbf43d63d,2016-07-01,07:30:00,EDSA A. Bonifacio Ave.  Quezon City,0,0,0,0,0,0,0,0,0,0,2016-07-01 15:30,Property,14.65747901,121.0011914,Rear-End
None,EDSA,None,None,"No Accident Factor, Rear-end, 0.0 drivers_injured, 0.0 drivers_killed, 0.0 passengers_injured, 0.0 passengers_killed, 0.0 pedestrian_injured, 0.0 pedestrian_killed, Fair (Day), EDSA Arayat St.  Quezon City",MMDA Road Safety Unit,,5f5d8889-89b2-48a1-be83-e62d76bb3769,2016-07-01,06:15:00,"EDSA East Ave., Pinyahan Quezon City",0,0,0,0,0,0,0,0,0,0,2016-07-01 14:15,Property,14.61961124,121.0508602,Rear-End
None,EDSA,None,None,"No Accident Factor, Rear-end, 0.0 drivers_injured, 0.0 drivers_killed, 0.0 passengers_injured, 0.0 passengers_killed, 0.0 pedestrian_injured, 0.0 pedestrian_killed, Fair (Day), EDSA New York St.  Quezon City",MMDA Road Safety Unit,,6d084de4-1493-4422-b4bb-57321bfc7f61,2016-07-01,06:00:00,EDSA Timog Ave. Quezon City,0,0,0,0,0,0,0,0,0,0,2016-07-01 14:00,Property,14.62568514,121.0482307,Rear-End
None,EDSA,None,None,"No Accident Factor, No Collision Stated (based on Police Blotter Book), 0.0 drivers_injured, 0.0 drivers_killed, 0.0 passengers_injured, 0.0 passengers_killed, 0.0 pedestrian_injured, 0.0 pedestrian_killed, Fair (Day), EDSA Quezon Ave., Pagasa Quezon City",MMDA Road Safety Unit,,a29ebf58-a21b-41bf-99ea-30ecdde363cf,2016-07-01,05:50:00,"EDSA P. Tuazon Blvd., Socorro Cubao Quezon City",0,0,0,0,0,0,0,0,0,0,2016-07-01 13:50,Property,14.6442444,121.0375839,No Collision Stated
None,EDSA,None,None,"No Accident Factor, Side Swipe, 0.0 drivers_injured, 0.0 drivers_killed, 0.0 passengers_injured, 0.0 passengers_killed, 0.0 pedestrian_injured, 0.0 pedestrian_killed, Fair (Day), EDSA Col. Bonny Serrano Ave.  Quezon City",MMDA Road Safety Unit,,dda22c4e-60b7-451a-8508-9e53bae3191e,2016-07-01,05:00:00,"EDSA Aurora Blvd., Socorro Quezon City",0,0,0,0,0,0,0,0,0,0,2016-07-01 13:00,Property,14.61107337,121.0550705,Side Swipe
None,EDSA,None,None,"No Accident Factor, No Collision Stated (based on Police Blotter Book), 0.0 drivers_injured, 0.0 drivers_killed, 0.0 passengers_injured, 0.0 passengers_killed, 0.0 pedestrian_injured, 0.0 pedestrian_killed, Fair (Day), EDSA Camp Aguinaldo  Quezon City",MMDA Road Safety Unit,,f2ffd399-85d0-478a-95d8-68b802b9f5c6,2016-07-01,04:00:00,"EDSA East Ave., Pinyahan Quezon City",0,0,0,0,0,0,0,0,0,0,2016-07-01 12:00,Property,14.60740524,121.0567577,No Collision Stated
None,EDSA,None,None,"No Accident Factor, Rear-end, 0.0 drivers_injured, 0.0 drivers_killed, 0.0 passengers_injured, 0.0 passengers_killed, 0.0 pedestrian_injured, 0.0 pedestrian_killed, Fair (Day), EDSA ""U"" turn slot, Camp Crame Gate 1 Quezon City",MMDA Road Safety Unit,,4a723b8b-9a8a-4ace-8654-49ab408e4f9a,2016-07-01,01:25:00,"EDSA Santolan MRT Station, Camp Aguinaldo Quezon City",0,0,0,0,0,0,0,0,0,0,2016-07-01 9:25,Property,14.61039335,121.055241,Rear-End
None,EDSA,None,None,"No Accident Factor, Side Swipe, 0.0 drivers_injured, 0.0 drivers_killed, 0.0 passengers_injured, 0.0 passengers_killed, 0.0 pedestrian_injured, 0.0 pedestrian_killed, Fair (Night), EDSA Baliwag Bus Terminal, Cubao Quezon City",MMDA Road Safety Unit,,0f36031f-2a8d-454d-b0d8-6773942dc904,2016-06-30,15:45:00,EDSA Waltermart Quezon City,0,0,0,0,0,0,0,0,0,0,2016-06-30 23:45,Property,14.6244766,121.0489584,Side Swipe
None,EDSA,None,None,"No Accident Factor, Rear-end, 0.0 drivers_injured, 0.0 drivers_killed, 0.0 passengers_injured, 0.0 passengers_killed, 0.0 pedestrian_injured, 0.0 pedestrian_killed, Fair (Night), EDSA Bansalangin Quezon City",MMDA Road Safety Unit,,8725d570-be29-4127-8c8d-41105a041ecf,2016-06-30,14:00:00,EDSA Timog Ave. (WB) Quezon City,0,0,0,0,0,0,0,0,0,0,2016-06-30 22:00,Property,14.6567996,121.0241845,Rear-End
None,EDSA,None,None,"No Accident Factor, Rear-end, 0.0 drivers_injured, 0.0 drivers_killed, 0.0 passengers_injured, 0.0 passengers_killed, 0.0 pedestrian_injured, 0.0 pedestrian_killed, Fair (Night), EDSA Bansalangin Quezon City",MMDA Road Safety Unit,,f42de2a0-9ae3-4b6e-b712-01aa8be96ae4,2016-06-30,12:20:00,EDSA E. Garcia St. Quezon City,0,0,0,0,0,0,0,0,0,0,2016-06-30 20:20,Property,14.6567996,121.0241845,Rear-End
None,EDSA,None,None,"No Accident Factor, Rear-end, 0.0 drivers_injured, 0.0 drivers_killed, 0.0 passengers_injured, 0.0 passengers_killed, 0.0 pedestrian_injured, 0.0 pedestrian_killed, Fair (Day), EDSA Panay Ave.  Quezon City",MMDA Road Safety Unit,,2c70b31d-828e-42f1-be03-173a3da0b187,2016-06-30,08:00:00,"EDSA Farmers Mall / Market Cubao, Socorro Quezon City",0,0,0,0,0,0,0,0,0,0,2016-06-30 16:00,Property,14.64294686,121.0381076,Rear-End
None,EDSA,None,None,"No Accident Factor, Rear-end, 0.0 drivers_injured, 0.0 drivers_killed, 0.0 passengers_injured, 0.0 passengers_killed, 0.0 pedestrian_injured, 0.0 pedestrian_killed, Fair (Day), EDSA West Avenue, Philam Quezon City",MMDA Road Safety Unit,,6b1c2543-e721-4023-a489-1c51c187bfae,2016-06-30,07:30:00,EDSA Bansalangin  Quezon City,0,0,0,0,0,0,0,0,0,0,2016-06-30 15:30,Property,14.65548924,121.0298079,Rear-End
None,EDSA,None,None,"No Accident Factor, Side Swipe, 0.0 drivers_injured, 0.0 drivers_killed, 0.0 passengers_injured, 0.0 passengers_killed, 0.0 pedestrian_injured, 0.0 pedestrian_killed, Fair (Day), EDSA East Ave., Pinyahan Quezon City",MMDA Road Safety Unit,,7992718c-6436-48fa-9368-8d1b9ec6c943,2016-06-30,02:40:00,EDSA SM Mall North Quezon City,0,0,0,0,0,0,0,0,0,0,2016-06-30 10:40,Property,14.6328297,121.0451176,Side Swipe
None,EDSA,None,None,"No Accident Factor, Rear-end, 0.0 drivers_injured, 0.0 drivers_killed, 0.0 passengers_injured, 0.0 passengers_killed, 0.0 pedestrian_injured, 0.0 pedestrian_killed, Fair (Day), EDSA Arayat St.  Quezon City",MMDA Road Safety Unit,,714d3b71-4b12-47af-9bf4-0f6caf1c6f11,2016-06-30,02:30:00,"EDSA Five Star Bus Terminal Cubao, E. Rodriguez Quezon City",0,0,0,0,0,0,0,0,0,0,2016-06-30 10:30,Property,14.61961124,121.0508602,Rear-End
None,EDSA,None,None,"No Accident Factor, No Collision Stated (based on Police Blotter Book), 0.0 drivers_injured, 0.0 drivers_killed, 0.0 passengers_injured, 0.0 passengers_killed, 0.0 pedestrian_injured, 0.0 pedestrian_killed, Fair (Day), EDSA Camp Aguinaldo, Col. Bonny Serrano Ave.  Quezon City",MMDA Road Safety Unit,,22ef2d94-be0f-4cb3-9542-1be17077dfb9,2016-06-30,02:05:00,EDSA Aurora Blvd. (EB) Quezon City,0,0,0,0,0,0,0,0,0,0,2016-06-30 10:05,Property,14.61089236,121.0551556,No Collision Stated
None,EDSA,None,None,"No Accident Factor, Side Swipe, 0.0 drivers_injured, 0.0 drivers_killed, 0.0 passengers_injured, 0.0 passengers_killed, 0.0 pedestrian_injured, 0.0 pedestrian_killed, Fair (Day), EDSA Santolan, Camp Crame Quezon City",MMDA Road Safety Unit,,dfa2477a-8775-4f57-b6b0-4fb2856a3827,2016-06-30,02:00:00,EDSA North MRT Station Quezon City,0,0,0,0,0,0,0,0,0,0,2016-06-30 10:00,Property,14.6102736,121.0552175,Side Swipe
None,EDSA,None,None,"No Accident Factor, No Collision Stated (based on Police Blotter Book), 0.0 drivers_injured, 0.0 drivers_killed, 0.0 passengers_injured, 0.0 passengers_killed, 0.0 pedestrian_injured, 0.0 pedestrian_killed, Fair (Day), EDSA Congressional Avenue, Ramon Magsaysay Quezon City",MMDA Road Safety Unit,,ae3048af-a192-428a-94d7-035cfba8ba75,2016-06-29,22:00:00,"EDSA E. Garcia St., E. Rodriguez Quezon City",0,0,0,0,0,0,0,0,0,0,2016-06-30 6:00,Property,14.6571804,120.9927185,No Collision Stated
None,EDSA,None,None,"No Accident Factor, No Collision Stated (based on Police Blotter Book), 0.0 drivers_injured, 0.0 drivers_killed, 0.0 passengers_injured, 0.0 passengers_killed, 0.0 pedestrian_injured, 0.0 pedestrian_killed, Fair (Night), EDSA Cloverleaf Quezon City",MMDA Road Safety Unit,,2d35767d-6e8b-4737-bf16-5b0a0482aafa,2016-06-29,20:35:00,"EDSA Congressional Ave., Ramon Magsaysay  Quezon City",0,0,0,0,0,0,0,0,0,0,2016-06-30 4:35,Property,14.65747901,121.0011914,No Collision Stated
None,EDSA,None,None,"No Accident Factor, Rear-end, 0.0 drivers_injured, 0.0 drivers_killed, 0.0 passengers_injured, 0.0 passengers_killed, 0.0 pedestrian_injured, 0.0 pedestrian_killed, Fair (Night), EDSA Baliwag Loading / Unloading Bay Quezon City",MMDA Road Safety Unit,,7f71d831-3339-44ef-a343-d201118b3daf,2016-06-29,15:45:00,"EDSA Gen. Roxas Ave., Socorro Quezon City",0,0,0,0,0,0,0,0,0,0,2016-06-29 23:45,Property,14.6244766,121.0489584,Rear-End
None,EDSA,None,None,"No Accident Factor, Side Swipe, 1.0 drivers_injured, 0.0 drivers_killed, 0.0 passengers_injured, 0.0 passengers_killed, 0.0 pedestrian_injured, 0.0 pedestrian_killed, Fair (Night), EDSA National Printing Office Road, Pinyahan  Quezon City",MMDA Road Safety Unit,,9663e24b-00a3-457b-bad5-94bc6b9a5ddc,2016-06-29,13:55:00,"EDSA ""U"" turn slot, Trinoma, Bagong Pag-asa Quezon City",0,0,0,1,0,0,0,0,0,1,2016-06-29 21:55,Injury,14.63891902,121.0410657,Side Swipe
None,EDSA,None,None,"No Accident Factor, No Collision Stated (based on Police Blotter Book), 0.0 drivers_injured, 0.0 drivers_killed, 0.0 passengers_injured, 0.0 passengers_killed, 0.0 pedestrian_injured, 0.0 pedestrian_killed, Fair (Day), EDSA Philam Quezon City",MMDA Road Safety Unit,,45774a19-a93c-4f43-922d-7cd1348eb4b5,2016-06-29,08:15:00,EDSA Main Ave. Quezon City,0,0,0,0,0,0,0,0,0,0,2016-06-29 16:15,Property,14.65280875,121.0317622,No Collision Stated
None,EDSA,None,None,"No Accident Factor, Side Swipe, 0.0 drivers_injured, 0.0 drivers_killed, 0.0 passengers_injured, 0.0 passengers_killed, 0.0 pedestrian_injured, 0.0 pedestrian_killed, Fair (Day), EDSA Quezon Ave. (EB) Quezon City",MMDA Road Safety Unit,,656471d4-324f-4f4d-8eda-8d2adc18cc0d,2016-06-29,07:45:00,EDSA Cloverleaf Road Quezon City,0,0,0,0,0,0,0,0,0,0,2016-06-29 15:45,Property,14.6442444,121.0375839,Side Swipe
None,EDSA,None,None,"No Accident Factor, No Collision Stated (based on Police Blotter Book), 0.0 drivers_injured, 0.0 drivers_killed, 0.0 passengers_injured, 0.0 passengers_killed, 0.0 pedestrian_injured, 0.0 pedestrian_killed, Fair (Day), EDSA Kamias Road, West Kamias Quezon City",MMDA Road Safety Unit,,a52bdc6e-87db-43e7-9ebe-8b70813899c7,2016-06-29,07:45:00,"EDSA Congressional Ave., Ramon Magsaysay  Quezon City",0,0,0,0,0,0,0,0,0,0,2016-06-29 15:45,Property,14.6309142,121.0459376,No Collision Stated
None,EDSA,None,None,"No Accident Factor, Hit and Run (No Collision Stated), 0.0 drivers_injured, 0.0 drivers_killed, 0.0 passengers_injured, 0.0 passengers_killed, 0.0 pedestrian_injured, 0.0 pedestrian_killed, Fair (Day), EDSA Quezon Ave. Quezon City",MMDA Road Safety Unit,,97f69d49-1b63-45af-8d22-e513aeb2e280,2016-06-29,03:30:00,EDSA West Ave. Quezon City,0,0,0,0,0,0,0,0,0,0,2016-06-29 11:30,Property,14.6442444,121.0375839,No Collision Stated
None,EDSA,None,None,"No Accident Factor, Side Swipe, 1.0 drivers_injured, 0.0 drivers_killed, 0.0 passengers_injured, 0.0 passengers_killed, 0.0 pedestrian_injured, 0.0 pedestrian_killed, Fair (Day), EDSA Quezon Ave.  Quezon City",MMDA Road Safety Unit,,cc41a962-20d9-41cf-b45c-82dfa03bae0d,2016-06-29,01:15:00,"EDSA Robinsons Galleria, Ugong Norte Quezon City",0,0,0,1,0,0,0,0,0,1,2016-06-29 9:15,Injury,14.6442444,121.0375839,Side Swipe
None,EDSA,None,None,"No Accident Factor, Rear-end, 0.0 drivers_injured, 0.0 drivers_killed, 0.0 passengers_injured, 0.0 passengers_killed, 0.0 pedestrian_injured, 0.0 pedestrian_killed, Fair (Day), EDSA Camp Aguinaldo Quezon City",MMDA Road Safety Unit,,fefb7981-6727-4a19-8cc5-51b90cbdff73,2016-06-28,09:30:00,EDSA Timog Ave. Quezon City,0,0,0,0,0,0,0,0,0,0,2016-06-28 17:30,Property,14.60818699,121.0564562,Rear-End
None,EDSA,None,None,"No Accident Factor, Rear-end, 0.0 drivers_injured, 0.0 drivers_killed, 0.0 passengers_injured, 0.0 passengers_killed, 0.0 pedestrian_injured, 0.0 pedestrian_killed, Fair (Day), EDSA Scout Borromeo St. (SB) Quezon City",MMDA Road Safety Unit,,63a156e0-9a4b-4b48-adbc-bf1a01354ce7,2016-06-28,00:20:00,EDSA Dagupan Bus Terminal Quezon City,0,0,0,0,0,0,0,0,0,0,2016-06-28 8:20,Property,14.63715712,121.0419507,Rear-End
None,EDSA,None,None,"No Accident Factor, Self-Accident, 0.0 drivers_injured, 0.0 drivers_killed, 1.0 passengers_injured, 0.0 passengers_killed, 0.0 pedestrian_injured, 0.0 pedestrian_killed, Fair (Day), EDSA Baliwag Bus Terminal, Cubao Quezon City",MMDA Road Safety Unit,,0a1029d6-0ee8-49eb-9e34-f6eef2a34615,2016-06-27,23:00:00,"EDSA MMDA Emergency Station, Pinyahan Quezon City",0,0,0,0,1,0,0,0,0,1,2016-06-28 7:00,Injury,14.6244766,121.0489584,Self-Accident
None,EDSA,None,None,"No Accident Factor, Side Swipe, 0.0 drivers_injured, 0.0 drivers_killed, 0.0 passengers_injured, 0.0 passengers_killed, 0.0 pedestrian_injured, 0.0 pedestrian_killed, Fair (Night), EDSA Puregold, Balintawak  Quezon City",MMDA Road Safety Unit,,d571cb9c-fe12-4657-aa82-bd2bcddeac0a,2016-06-27,20:50:00,"EDSA ""U"" turn slot, Panay Ave. Quezon City",0,0,0,0,0,0,0,0,0,0,2016-06-28 4:50,Property,14.65739538,121.0046638,Side Swipe
None,EDSA,None,None,"No Accident Factor, Side Swipe, 0.0 drivers_injured, 0.0 drivers_killed, 0.0 passengers_injured, 0.0 passengers_killed, 0.0 pedestrian_injured, 0.0 pedestrian_killed, Fair (Night), EDSA Roosevelt Ave.  Quezon City",MMDA Road Safety Unit,,58a6ceed-2dde-477c-af43-2a1212507499,2016-06-27,18:15:00,"EDSA Mapagmahal St. (DILG Bldg.), Pinyahan Quezon City",0,0,0,0,0,0,0,0,0,0,2016-06-28 2:15,Property,14.65762047,121.0196373,Side Swipe
None,EDSA,None,None,"No Accident Factor, Side Swipe, 0.0 drivers_injured, 0.0 drivers_killed, 0.0 passengers_injured, 0.0 passengers_killed, 0.0 pedestrian_injured, 0.0 pedestrian_killed, Fair (Night), EDSA Mindanao Ave. (SB), Sauyo Quezon City",MMDA Road Safety Unit,,a2dc05e8-66b0-4782-9f5e-b4fcc812456f,2016-06-27,12:15:00,"EDSA Roosevelt Ave., Katipu Quezon City",0,0,0,0,0,0,0,0,0,0,2016-06-27 20:15,Property,14.65052386,121.0335656,Side Swipe
None,EDSA,None,None,"No Accident Factor, Side Swipe, 0.0 drivers_injured, 0.0 drivers_killed, 0.0 passengers_injured, 0.0 passengers_killed, 0.0 pedestrian_injured, 0.0 pedestrian_killed, Fair (Day), EDSA SM North (NB) Quezon City",MMDA Road Safety Unit,,29d97768-2230-4eef-a013-1ee424dcd50d,2016-06-27,09:35:00,"EDSA ""U"" turn slot GMA 7, Pinyahan Quezon City",0,0,0,0,0,0,0,0,0,0,2016-06-27 17:35,Property,14.65645143,121.0271077,Side Swipe
None,EDSA,None,None,"No Accident Factor, Side Swipe, 0.0 drivers_injured, 0.0 drivers_killed, 0.0 passengers_injured, 0.0 passengers_killed, 0.0 pedestrian_injured, 0.0 pedestrian_killed, Fair (Day), EDSA North Ave. (WB) Quezon City",MMDA Road Safety Unit,,c18f834f-562f-48a1-ac46-7fd82828dbf9,2016-06-27,05:25:00,EDSA Col. Bonny Serrano Ave. (EB) Quezon City,0,0,0,0,0,0,0,0,0,0,2016-06-27 13:25,Property,14.65553839,121.0299647,Side Swipe