LOCATION_TEXT,ROAD,WEATHER,LIGHT,DESC,REPORTING_AGENCY,MAIN_CAUSE,INCIDENTDETAILS_ID,DATE_UTC,TIME_UTC,ADDRESS,killed_driver,killed_passenger,killed_pedestrian,injured_driver,injured_passenger,injured_pedestrian,killed_uncategorized,injured_uncategorized,killed_total,injured_total,DATETIME_PST,SEVERITY,Y,X,COLLISION_TYPE
None,EDSA,None,None,"No Accident Factor, No Collision Stated (based on Police Blotter Book), 0.0 drivers_injured, 0.0 drivers_killed, 0.0 passengers_injured, 0.0 passengers_killed, 0.0 pedestrian_injured, 0.0 pedestrian_killed, Fair (Day), EDSA Farmers Plaza Cubao, Socorro Quezon City",MMDA Road Safety Unit,,1ea802af-9689-4f25-9d03-d12c28ce0512,2016-06-27,04:50:00,EDSA Col. Bonny Serrano Ave. (EB) Quezon City,0,0,0,0,0,0,0,0,0,0,2016-06-27 12:50,Property,14.61920525,121.0513476,No Collision Stated
None,EDSA,None,None,"No Accident Factor, Rear-end, 0.0 drivers_injured, 0.0 drivers_killed, 0.0 passengers_injured, 0.0 passengers_killed, 0.0 pedestrian_injured, 0.0 pedestrian_killed, Fair (Day), EDSA Quezon Ave. (WB) Quezon City",MMDA Road Safety Unit,,b7539454-cfcc-453b-8467-f7806c990e56,2016-06-27,03:45:00,EDSA Quezon Ave. Quezon City,0,0,0,0,0,0,0,0,0,0,2016-06-27 11:45,Property,14.6442444,121.0375839,Rear-End
None,EDSA,None,None,"No Accident Factor, No Collision Stated (based on Police Blotter Book), 0.0 drivers_injured, 0.0 drivers_killed, 0.0 passengers_injured, 0.0 passengers_killed, 0.0 pedestrian_injured, 0.0 pedestrian_killed, Fair (Day), EDSA Gen. Roxas Ave., Socorro Quezon City",MMDA Road Safety Unit,,8e1d6bf9-ea0f-43c9-b99b-08303852243a,2016-06-27,02:30:00,EDSA P. Tuazon St. Quezon City,0,0,0,0,0,0,0,0,0,0,2016-06-27 10:30,Property,14.62042254,121.0508064,No Collision Stated
None,EDSA,None,None,"No Accident Factor, Rear-end, 0.0 drivers_injured, 0.0 drivers_killed, 0.0 passengers_injured, 0.0 passengers_killed, 0.0 pedestrian_injured, 0.0 pedestrian_killed, Fair (Day), EDSA East Ave., Pinyahan Quezon City",MMDA Road Safety Unit,,899f1309-0015-429e-8e9a-88e04c8555fd,2016-06-27,02:00:00,EDSA Bansalangin St.  Quezon City,0,0,0,0,0,0,0,0,0,0,2016-06-27 10:00,Property,14.6328297,121.0451176,Rear-End
None,EDSA,None,None,"No Accident Factor, Rear-end, 0.0 drivers_injured, 0.0 drivers_killed, 0.0 passengers_injured, 0.0 passengers_killed, 0.0 pedestrian_injured, 0.0 pedestrian_killed, Fair (Day), EDSA E. Garcia St. Quezon City",MMDA Road Safety Unit,,9586116a-c401-407e-a0d7-15c5a4e1c61e,2016-06-27,01:50:00,EDSA South Road Quezon City,0,0,0,0,0,0,0,0,0,0,2016-06-27 9:50,Property,14.62742033,121.0475769,Rear-End
None,EDSA,None,None,"No Accident Factor, Rear-end, 0.0 drivers_injured, 0.0 drivers_killed, 0.0 passengers_injured, 0.0 passengers_killed, 0.0 pedestrian_injured, 0.0 pedestrian_killed, Fair (Day), EDSA Main Ave. (SB) Quezon City",MMDA Road Safety Unit,,5563a74c-98c8-4e11-adbd-62b1bec24480,2016-06-27,01:25:00,"EDSA P. Tuazon Blvd., Socorro Quezon City",0,0,0,0,0,0,0,0,0,0,2016-06-27 9:25,Property,14.61376458,121.0537933,Rear-End
None,EDSA,None,None,"No Accident Factor, Rear-end, 0.0 drivers_injured, 0.0 drivers_killed, 0.0 passengers_injured, 0.0 passengers_killed, 0.0 pedestrian_injured, 0.0 pedestrian_killed, Fair (Night), EDSA Puregold Supermarket, Balintawak Quezon City",MMDA Road Safety Unit,,dce347b0-5b48-4fdd-ba33-250aa29dcd18,2016-06-26,20:30:00,"EDSA Puregold Supermarket, Balintawak Quezon City",0,0,0,0,0,0,0,0,0,0,2016-06-27 4:30,Property,14.65739538,121.0046638,Rear-End
None,EDSA,None,None,"No Accident Factor, Side Swipe, 0.0 drivers_injured, 0.0 drivers_killed, 0.0 passengers_injured, 0.0 passengers_killed, 0.0 pedestrian_injured, 0.0 pedestrian_killed, Fair (Night), EDSA Quezon Ave. Centris (NB) Quezon City",MMDA Road Safety Unit,,38fb8011-3ff1-46ed-b6f4-40024428387b,2016-06-26,12:35:00,EDSA K-3rd St. Extn. Quezon City,0,0,0,0,0,0,0,0,0,0,2016-06-26 20:35,Property,14.6442444,121.0375839,Side Swipe
None,EDSA,None,None,"No Accident Factor, No Collision Stated (based on Police Blotter Book), 1.0 drivers_injured, 0.0 drivers_killed, 0.0 passengers_injured, 0.0 passengers_killed, 0.0 pedestrian_injured, 0.0 pedestrian_killed, Fair (Day), EDSA Mrt, Timog (NB) Quezon City",MMDA Road Safety Unit,,43022d26-90eb-4fc6-bacd-ce747204e2a0,2016-06-26,09:15:00,"EDSA Corregidor St., R. Magsaysay Quezon City",0,0,0,1,0,0,0,0,0,1,2016-06-26 17:15,Injury,14.63513784,121.0435059,No Collision Stated
None,EDSA,None,None,"No Accident Factor, Side Swipe, 0.0 drivers_injured, 0.0 drivers_killed, 0.0 passengers_injured, 0.0 passengers_killed, 0.0 pedestrian_injured, 0.0 pedestrian_killed, Fair (Day), EDSA Q-Mart (NB) Quezon City",MMDA Road Safety Unit,,d0c06182-cba0-463b-8f76-7da394820cdd,2016-06-26,06:55:00,EDSA Cloverleaf Road Quezon City,0,0,0,0,0,0,0,0,0,0,2016-06-26 14:55,Property,14.62811603,121.0472822,Side Swipe
None,EDSA,None,None,"No Accident Factor, Rear-end, 0.0 drivers_injured, 0.0 drivers_killed, 0.0 passengers_injured, 0.0 passengers_killed, 0.0 pedestrian_injured, 0.0 pedestrian_killed, Fair (Day), EDSA East Ave., Pinyahan Quezon City",MMDA Road Safety Unit,,8b756261-a60b-450a-bf7f-92b22dca304b,2016-06-26,05:15:00,EDSA Cloverleaf Road Quezon City,0,0,0,0,0,0,0,0,0,0,2016-06-26 13:15,Property,14.6328297,121.0451176,Rear-End
None,EDSA,None,None,"No Accident Factor, Side Swipe, 0.0 drivers_injured, 0.0 drivers_killed, 0.0 passengers_injured, 0.0 passengers_killed, 0.0 pedestrian_injured, 0.0 pedestrian_killed, Fair (Day), EDSA SM Annex (NB) Quezon City",MMDA Road Safety Unit,,01a55eaf-f9e4-49f6-a86f-2bce22be30e3,2016-06-26,04:25:00,EDSA West Ave. Quezon City,0,0,0,0,0,0,0,0,0,0,2016-06-26 12:25,Property,14.65628012,121.0272074,Side Swipe
None,EDSA,None,None,"No Accident Factor, Rear-end, 0.0 drivers_injured, 0.0 drivers_killed, 0.0 passengers_injured, 0.0 passengers_killed, 0.0 pedestrian_injured, 0.0 pedestrian_killed, Fair (Day), EDSA Arayat (SB) Quezon City",MMDA Road Safety Unit,,6134655d-1e14-47a8-ab1a-0615d6accf85,2016-06-26,03:25:00,EDSA Timog Ave. Quezon City,0,0,0,0,0,0,0,0,0,0,2016-06-26 11:25,Property,14.61961124,121.0508602,Rear-End
None,EDSA,None,None,"No Accident Factor, Rear-end, 0.0 drivers_injured, 0.0 drivers_killed, 0.0 passengers_injured, 0.0 passengers_killed, 0.0 pedestrian_injured, 0.0 pedestrian_killed, Fair (Day), EDSA North Ave. (NB) Quezon City",MMDA Road Safety Unit,,6f58f485-6a3d-4ff7-9011-270bc531a4ac,2016-06-26,02:50:00,"EDSA Aurora Blvd., E. Rodriguez Quezon City",0,0,0,0,0,0,0,0,0,0,2016-06-26 10:50,Property,14.65553839,121.0299647,Rear-End
None,EDSA,None,None,"No Accident Factor, Rear-end, 0.0 drivers_injured, 0.0 drivers_killed, 0.0 passengers_injured, 0.0 passengers_killed, 0.0 pedestrian_injured, 0.0 pedestrian_killed, Fair (Day), EDSA Q-Mart (NB) Quezon City",MMDA Road Safety Unit,,d7af4ab3-74da-48b7-92ee-06ecb741df11,2016-06-25,23:55:00,"EDSA Gen. Mc Arthur Ave., Socorro Quezon City",0,0,0,0,0,0,0,0,0,0,2016-06-26 7:55,Property,14.62811603,121.0472822,Rear-End
None,EDSA,None,None,"No Accident Factor, Side Swipe, 1.0 drivers_injured, 0.0 drivers_killed, 1.0 passengers_injured, 0.0 passengers_killed, 0.0 pedestrian_injured, 0.0 pedestrian_killed, Fair (Day), EDSA Kamuning Road Quezon City",MMDA Road Safety Unit,,859c6e69-587c-411d-b3f2-66f6c08dbf2b,2016-06-25,05:15:00,EDSA Balintawak Market Quezon City,0,0,0,1,1,0,0,0,0,2,2016-06-25 13:15,Injury,14.63075725,121.0457548,Side Swipe
None,EDSA,None,None,"No Accident Factor, No Collision Stated (based on Police Blotter Book), 0.0 drivers_injured, 0.0 drivers_killed, 0.0 passengers_injured, 0.0 passengers_killed, 0.0 pedestrian_injured, 0.0 pedestrian_killed, Fair (Day), EDSA Misamis St., Bagong Pag-asa Quezon City",MMDA Road Safety Unit,,e5390a08-1705-4a39-8e13-ca6ef059d5ea,2016-06-25,04:00:00,EDSA North MRT Station Quezon City,0,0,0,0,0,0,0,0,0,0,2016-06-25 12:00,Property,14.65602348,121.0285212,No Collision Stated
None,EDSA,None,None,"No Accident Factor, Rear-end, 0.0 drivers_injured, 0.0 drivers_killed, 0.0 passengers_injured, 0.0 passengers_killed, 0.0 pedestrian_injured, 0.0 pedestrian_killed, Fair (Day), EDSA P. Tuazon Blvd., Socorro Quezon City",MMDA Road Safety Unit,,c80ef291-44ca-4472-89de-f77bbb448592,2016-06-25,00:35:00,EDSA Quezon Ave. Quezon City,0,0,0,0,0,0,0,0,0,0,2016-06-25 8:35,Property,14.61656342,121.0525225,Rear-End
None,EDSA,None,None,"No Accident Factor, Rear-end, 0.0 drivers_injured, 0.0 drivers_killed, 0.0 passengers_injured, 0.0 passengers_killed, 0.0 pedestrian_injured, 0.0 pedestrian_killed, Fair (Night), EDSA Camp Aguinaldo Quezon City",MMDA Road Safety Unit,,c54b8770-5e0e-41e8-9ddb-ae70e9e82929,2016-06-24,15:00:00,EDSA Camp Aguinaldo Gate 3 Quezon City,0,0,0,0,0,0,0,0,0,0,2016-06-24 23:00,Property,14.60818699,121.0564562,Rear-End
None,EDSA,None,None,"No Accident Factor, Rear-end, 0.0 drivers_injured, 0.0 drivers_killed, 0.0 passengers_injured, 0.0 passengers_killed, 0.0 pedestrian_injured, 0.0 pedestrian_killed, Fair (Day), EDSA Quezon City Academy (NB) Quezon City",MMDA Road Safety Unit,,dfd9bfbe-ef6d-43b2-9f63-cd13bbba3be3,2016-06-24,09:15:00,"EDSA E. Garcia St., E. Rodriguez Quezon City",0,0,0,0,0,0,0,0,0,0,2016-06-24 17:15,Property,14.65676422,121.0256485,Rear-End
None,EDSA,None,None,"No Accident Factor, Side Swipe, 0.0 drivers_injured, 0.0 drivers_killed, 0.0 passengers_injured, 0.0 passengers_killed, 0.0 pedestrian_injured, 0.0 pedestrian_killed, Fair (Day), EDSA Ortigas (EB) Quezon City",MMDA Road Safety Unit,,a553cc4a-5196-432e-a284-23f5d1527896,2016-06-24,08:15:00,EDSA Quezon Ave. Quezon City,0,0,0,0,0,0,0,0,0,0,2016-06-24 16:15,Property,14.59331273,121.058664,Side Swipe
None,EDSA,None,None,"No Accident Factor, No Collision Stated (based on Police Blotter Book), 0.0 drivers_injured, 0.0 drivers_killed, 0.0 passengers_injured, 0.0 passengers_killed, 0.0 pedestrian_injured, 0.0 pedestrian_killed, Fair (Day), EDSA Benitez St., Phil-Am Quezon City",MMDA Road Safety Unit,,e5e78da5-6915-4ee4-9f7e-50d9c02421dc,2016-06-24,08:00:00,EDSA DLTB Bus Terminal  Quezon City,0,0,0,0,0,0,0,0,0,0,2016-06-24 16:00,Property,14.64722757,121.0353693,No Collision Stated
None,EDSA,None,None,"No Accident Factor, Side Swipe, 0.0 drivers_injured, 0.0 drivers_killed, 0.0 passengers_injured, 0.0 passengers_killed, 0.0 pedestrian_injured, 0.0 pedestrian_killed, Fair (Day), EDSA Arayat St. Quezon City",MMDA Road Safety Unit,,b01eef85-1f6b-4552-ba93-8bc925208067,2016-06-24,07:30:00,EDSA GMA Drive Quezon City,0,0,0,0,0,0,0,0,0,0,2016-06-24 15:30,Property,14.61961124,121.0508602,Side Swipe
None,EDSA,None,None,"No Accident Factor, Rear-end, 0.0 drivers_injured, 0.0 drivers_killed, 0.0 passengers_injured, 0.0 passengers_killed, 0.0 pedestrian_injured, 0.0 pedestrian_killed, Fair (Day), EDSA Main Ave. (SB) Quezon City",MMDA Road Safety Unit,,9bf4878e-1c54-4b80-aeb8-506f20251f2a,2016-06-24,05:55:00,EDSA P. Tuazon Blvd. Quezon City,0,0,0,0,0,0,0,0,0,0,2016-06-24 13:55,Property,14.61376458,121.0537933,Rear-End
None,EDSA,None,None,"No Accident Factor, Rear-end, 0.0 drivers_injured, 0.0 drivers_killed, 0.0 passengers_injured, 0.0 passengers_killed, 0.0 pedestrian_injured, 0.0 pedestrian_killed, Fair (Day), EDSA Camp Aguinaldo, Whiteplains Ave.  Quezon City",MMDA Road Safety Unit,,acb5996a-1fc8-4f79-85a3-b12e119818ca,2016-06-24,05:40:00,"EDSA Kamias Road (Jollibee, Pinyahan) Quezon City",0,0,0,0,0,0,0,0,0,0,2016-06-24 13:40,Property,14.59973186,121.0598525,Rear-End
None,EDSA,None,None,"No Accident Factor, Side Swipe, 0.0 drivers_injured, 0.0 drivers_killed, 0.0 passengers_injured, 0.0 passengers_killed, 0.0 pedestrian_injured, 0.0 pedestrian_killed, Fair (Day), EDSA E. Lopez Drive Quezon City",MMDA Road Safety Unit,,7be3374d-da23-4f27-8d61-bdf6fbe935f9,2016-06-24,05:30:00,EDSA Kamuning Road Quezon City,0,0,0,0,0,0,0,0,0,0,2016-06-24 13:30,Property,14.6396904,121.0403884,Side Swipe
None,EDSA,None,None,"No Accident Factor, Rear-end, 0.0 drivers_injured, 0.0 drivers_killed, 0.0 passengers_injured, 0.0 passengers_killed, 0.0 pedestrian_injured, 0.0 pedestrian_killed, Fair (Day), EDSA North Road Quezon City",MMDA Road Safety Unit,,255fba6c-c24d-42b8-981e-ad1bd2b54457,2016-06-24,05:30:00,EDSA Cloverleaf Road Quezon City,0,0,0,0,0,0,0,0,0,0,2016-06-24 13:30,Property,14.61444188,121.0532975,Rear-End
None,EDSA,None,None,"No Accident Factor, Rear-end, 0.0 drivers_injured, 0.0 drivers_killed, 0.0 passengers_injured, 0.0 passengers_killed, 0.0 pedestrian_injured, 0.0 pedestrian_killed, Fair (Day), EDSA Congressional Ave. (EB) Quezon City",MMDA Road Safety Unit,,c6690859-d4a0-4205-88c7-81d6d8cccfd7,2016-06-24,05:25:00,EDSA Cloverleaf Road Quezon City,0,0,0,0,0,0,0,0,0,0,2016-06-24 13:25,Property,14.6571804,120.9927185,Rear-End
None,EDSA,None,None,"No Accident Factor, Side Swipe, 0.0 drivers_injured, 0.0 drivers_killed, 0.0 passengers_injured, 0.0 passengers_killed, 0.0 pedestrian_injured, 0.0 pedestrian_killed, Fair (Day), EDSA Camp Aguinaldo Gate 3 Quezon City",MMDA Road Safety Unit,,f8a7d64f-6aec-4076-ab20-3490ee058736,2016-06-24,02:30:00,"EDSA P. Tuazon Blvd., Socorro Quezon City",0,0,0,0,0,0,0,0,0,0,2016-06-24 10:30,Property,14.60836048,121.0563667,Side Swipe
None,EDSA,None,None,"No Accident Factor, Rear-end, 0.0 drivers_injured, 0.0 drivers_killed, 0.0 passengers_injured, 0.0 passengers_killed, 0.0 pedestrian_injured, 0.0 pedestrian_killed, Fair (Day), EDSA Banahaw (SB) Quezon City",MMDA Road Safety Unit,,415fbfdc-cc64-4b1d-9ec5-5a0faaa873bc,2016-06-24,02:25:00,"EDSA Aurora Blvd., Socorro Quezon City",0,0,0,0,0,0,0,0,0,0,2016-06-24 10:25,Property,14.61797303,121.0516572,Rear-End
None,EDSA,None,None,"No Accident Factor, Side Swipe, 0.0 drivers_injured, 0.0 drivers_killed, 0.0 passengers_injured, 0.0 passengers_killed, 0.0 pedestrian_injured, 0.0 pedestrian_killed, Fair (Day), EDSA P. Tuazon Blvd., Socorro Quezon City",MMDA Road Safety Unit,,6204c7c3-f303-4aaa-a593-e85ea0ba17ef,2016-06-24,01:10:00,"EDSA Camp Aguinaldo, Col. Bonny Serrano Ave.  Quezon City",0,0,0,0,0,0,0,0,0,0,2016-06-24 9:10,Property,14.61656342,121.0525225,Side Swipe
None,EDSA,None,None,"No Accident Factor, Side Swipe, 0.0 drivers_injured, 0.0 drivers_killed, 0.0 passengers_injured, 0.0 passengers_killed, 0.0 pedestrian_injured, 0.0 pedestrian_killed, Fair (Night), EDSA Monte de Piedad Quezon City",MMDA Road Safety Unit,,83efc584-0cd0-476f-b5ac-281a687fdea7,2016-06-23,14:05:00,EDSA Kamuning Road Quezon City,0,0,0,0,0,0,0,0,0,0,2016-06-23 22:05,Property,14.62346937,121.0491711,Side Swipe
None,EDSA,None,None,"No Accident Factor, Rear-end, 1.0 drivers_injured, 0.0 drivers_killed, 0.0 passengers_injured, 0.0 passengers_killed, 0.0 pedestrian_injured, 0.0 pedestrian_killed, Fair (Night), EDSA Col. Bonny Serrano Ave., Socorro Quezon City",MMDA Road Safety Unit,,b7dbfb9b-de4d-4d76-b6f4-1bbd697ba1ab,2016-06-23,12:30:00,"EDSA Main Ave., Socorro Quezon City",0,0,0,1,0,0,0,0,0,1,2016-06-23 20:30,Injury,14.61107337,121.0550705,Rear-End
None,EDSA,None,None,"No Accident Factor, Side Swipe, 0.0 drivers_injured, 0.0 drivers_killed, 0.0 passengers_injured, 0.0 passengers_killed, 0.0 pedestrian_injured, 0.0 pedestrian_killed, Fair (Night), EDSA Misamis St., Bagong Pag-asa Quezon City",MMDA Road Safety Unit,,c941917c-0d01-47ac-a09a-785767283154,2016-06-23,11:00:00,"EDSA P. Tuazon Blvd., Socorro Quezon City",0,0,0,0,0,0,0,0,0,0,2016-06-23 19:00,Property,14.65602348,121.0285212,Side Swipe
None,EDSA,None,None,"No Accident Factor, Hit and Run (No Collision Stated), 0.0 drivers_injured, 0.0 drivers_killed, 0.0 passengers_injured, 0.0 passengers_killed, 0.0 pedestrian_injured, 0.0 pedestrian_killed, Fair (Night), EDSA GMA Network Drive Quezon City",MMDA Road Safety Unit,,b9d50faf-da26-456d-829d-eb84b840d540,2016-06-23,10:00:00,EDSA Kaingin Road Quezon City,0,0,0,0,0,0,0,0,0,0,2016-06-23 18:00,Property,14.63467214,121.0435714,No Collision Stated
None,EDSA,None,None,"No Accident Factor, Side Swipe, 0.0 drivers_injured, 0.0 drivers_killed, 0.0 passengers_injured, 0.0 passengers_killed, 0.0 pedestrian_injured, 0.0 pedestrian_killed, Fair (Day), EDSA New York (NB) Quezon City",MMDA Road Safety Unit,,9ab0db22-0cc7-48e4-baf5-7ec50a2b8d85,2016-06-23,06:45:00,EDSA Aurora Blvd. Quezon City,0,0,0,0,0,0,0,0,0,0,2016-06-23 14:45,Property,14.62568514,121.0482307,Side Swipe
None,EDSA,None,None,"No Accident Factor, Side Swipe, 0.0 drivers_injured, 0.0 drivers_killed, 0.0 passengers_injured, 0.0 passengers_killed, 0.0 pedestrian_injured, 0.0 pedestrian_killed, Fair (Day), EDSA E. Garcia St. Quezon City",MMDA Road Safety Unit,,ba14bc0a-9689-486d-b0e5-04d980b8db7a,2016-06-23,02:15:00,"EDSA Kamias Road, West Kamias Quezon City",0,0,0,0,0,0,0,0,0,0,2016-06-23 10:15,Property,14.62742033,121.0475769,Side Swipe
None,EDSA,None,None,"No Accident Factor, No Collision Stated (based on Police Blotter Book), 0.0 drivers_injured, 0.0 drivers_killed, 0.0 passengers_injured, 0.0 passengers_killed, 0.0 pedestrian_injured, 0.0 pedestrian_killed, Fair (Day), EDSA Camp Aguinaldo Quezon City",MMDA Road Safety Unit,,84880154-dbca-47b2-9f92-e15152e7a12e,2016-06-23,01:15:00,"EDSA Camp Aguinaldo Gate 4, Camp Aguinaldo Quezon City",0,0,0,0,0,0,0,0,0,0,2016-06-23 9:15,Property,14.60818699,121.0564562,No Collision Stated
None,EDSA,None,None,"No Accident Factor, Rear-end, 0.0 drivers_injured, 0.0 drivers_killed, 0.0 passengers_injured, 0.0 passengers_killed, 0.0 pedestrian_injured, 0.0 pedestrian_killed, Fair (Day), EDSA Landmark (NB) Quezon City",MMDA Road Safety Unit,,6e9a70ab-10fc-4026-bb2a-96ede2e4eb85,2016-06-23,00:55:00,EDSA Whiteplains Ave. (People Power Monument) Quezon City,0,0,0,0,0,0,0,0,0,0,2016-06-23 8:55,Property,14.6509773,121.0331821,Rear-End
None,EDSA,None,None,"No Accident Factor, Rear-end, 0.0 drivers_injured, 0.0 drivers_killed, 0.0 passengers_injured, 0.0 passengers_killed, 0.0 pedestrian_injured, 0.0 pedestrian_killed, Fair (Day), EDSA Kaingin (SB) Quezon City",MMDA Road Safety Unit,,0414d44c-7a01-4db1-bd20-eb48928c849a,2016-06-23,00:25:00,"EDSA East Ave., Pinyahan Quezon City",0,0,0,0,0,0,0,0,0,0,2016-06-23 8:25,Property,14.65746493,121.0109963,Rear-End
None,EDSA,None,None,"No Accident Factor, Rear-end, 0.0 drivers_injured, 0.0 drivers_killed, 0.0 passengers_injured, 0.0 passengers_killed, 0.0 pedestrian_injured, 0.0 pedestrian_killed, Fair (Day), EDSA South  Road Quezon City",MMDA Road Safety Unit,,c81954c5-d9e6-49db-91e9-b3d792595c49,2016-06-23,00:00:00,"EDSA Liberty Ave., Socorro Quezon City",0,0,0,0,0,0,0,0,0,0,2016-06-23 8:00,Property,14.61321318,121.053905,Rear-End
None,EDSA,None,None,"No Accident Factor, Side Swipe, 0.0 drivers_injured, 0.0 drivers_killed, 0.0 passengers_injured, 0.0 passengers_killed, 0.0 pedestrian_injured, 0.0 pedestrian_killed, Fair (Day), EDSA Quezon Ave. (WB) Quezon City",MMDA Road Safety Unit,,16957408-cdbb-4f2e-9aa7-a91279df698e,2016-06-22,23:55:00,EDSA Congressional Ave.  Quezon City,0,0,0,0,0,0,0,0,0,0,2016-06-23 7:55,Property,14.6442444,121.0375839,Side Swipe
None,EDSA,None,None,"No Accident Factor, Side Swipe, 0.0 drivers_injured, 0.0 drivers_killed, 0.0 passengers_injured, 0.0 passengers_killed, 0.0 pedestrian_injured, 0.0 pedestrian_killed, Fair (Day), EDSA West Ave.  Quezon City",MMDA Road Safety Unit,,08847a2f-ce8e-4449-a695-d2217f9fffdf,2016-06-22,23:45:00,EDSA Kamuning Road Quezon City,0,0,0,0,0,0,0,0,0,0,2016-06-23 7:45,Property,14.65548924,121.0298079,Side Swipe
None,EDSA,None,None,"No Accident Factor, No Collision Stated (based on Police Blotter Book), 0.0 drivers_injured, 0.0 drivers_killed, 0.0 passengers_injured, 0.0 passengers_killed, 0.0 pedestrian_injured, 0.0 pedestrian_killed, Fair (Day), EDSA Timog Ave. Quezon City",MMDA Road Safety Unit,,8f3c05fe-43fa-4582-84af-9ee1b421d8a7,2016-06-22,23:00:00,"EDSA Trinoma, U Turn Slot Quezon City",0,0,0,0,0,0,0,0,0,0,2016-06-23 7:00,Property,14.63293559,121.0446304,No Collision Stated
None,EDSA,None,None,"No Accident Factor, Hit and Run (Rear-end), 0.0 drivers_injured, 0.0 drivers_killed, 0.0 passengers_injured, 0.0 passengers_killed, 0.0 pedestrian_injured, 0.0 pedestrian_killed, Fair (Day), EDSA Monte de Piedad (SB) Quezon City",MMDA Road Safety Unit,,f7c83c30-decc-472e-8d7f-e6f05381e425,2016-06-22,22:35:00,"EDSA Kamias Road, Pinyahan Quezon City",0,0,0,0,0,0,0,0,0,0,2016-06-23 6:35,Property,14.62346937,121.0491711,Rear-End
None,EDSA,None,None,"No Accident Factor, Side Swipe, 0.0 drivers_injured, 0.0 drivers_killed, 0.0 passengers_injured, 0.0 passengers_killed, 0.0 pedestrian_injured, 0.0 pedestrian_killed, Fair (Night), EDSA Five Star Bus Terminal, E. Rodriguez Quezon City",MMDA Road Safety Unit,,e2732843-0648-4491-ab83-bd2f47dea77c,2016-06-22,15:20:00,"EDSA Q-Mart Market, E. Rodriguez Quezon City",0,0,0,0,0,0,0,0,0,0,2016-06-22 23:20,Property,14.62375691,121.0492447,Side Swipe
None,EDSA,None,None,"No Accident Factor, Rear-end, 0.0 drivers_injured, 0.0 drivers_killed, 0.0 passengers_injured, 0.0 passengers_killed, 0.0 pedestrian_injured, 0.0 pedestrian_killed, Fair (Night), EDSA Roosevelt Ave.  Quezon City",MMDA Road Safety Unit,,4005f8e3-5945-4b7d-b701-b93688b51feb,2016-06-22,15:10:00,"EDSA Toyota, North EDSA, ramon Magsaysay Quezon City",0,0,0,0,0,0,0,0,0,0,2016-06-22 23:10,Property,14.65762047,121.0196373,Rear-End
None,EDSA,None,None,"No Accident Factor, Side Swipe, 0.0 drivers_injured, 0.0 drivers_killed, 0.0 passengers_injured, 0.0 passengers_killed, 0.0 pedestrian_injured, 0.0 pedestrian_killed, Fair (Night), EDSA Baliwag Bus Terminal, Cubao Quezon City",MMDA Road Safety Unit,,29247853-6aab-4adc-a35b-8828eb82f5ff,2016-06-22,14:40:00,"EDSA P. Tuazon Blvd., Socorro Quezon City",0,0,0,0,0,0,0,0,0,0,2016-06-22 22:40,Property,14.6244766,121.0489584,Side Swipe
None,EDSA,None,None,"No Accident Factor, Side Swipe, 0.0 drivers_injured, 0.0 drivers_killed, 0.0 passengers_injured, 0.0 passengers_killed, 0.0 pedestrian_injured, 0.0 pedestrian_killed, Fair (Night), EDSA Farmers Merket, Socorro Quezon City",MMDA Road Safety Unit,,ef2ae348-7788-49cd-89fc-2393740b5fdb,2016-06-22,14:35:00,EDSA Monte De Piedad St. Quezon City,0,0,0,0,0,0,0,0,0,0,2016-06-22 22:35,Property,14.61920525,121.0513476,Side Swipe
None,EDSA,None,None,"No Accident Factor, Side Swipe, 0.0 drivers_injured, 0.0 drivers_killed, 0.0 passengers_injured, 0.0 passengers_killed, 0.0 pedestrian_injured, 0.0 pedestrian_killed, Fair (Night), EDSA Santolan Road Quezon City",MMDA Road Safety Unit,,1dae0004-e6b6-4915-8154-13c3df1c085d,2016-06-22,11:35:00,EDSA Cloverleaf Road Quezon City,0,0,0,0,0,0,0,0,0,0,2016-06-22 19:35,Property,14.6102736,121.0552175,Side Swipe
None,EDSA,None,None,"No Accident Factor, Rear-end, 0.0 drivers_injured, 0.0 drivers_killed, 0.0 passengers_injured, 0.0 passengers_killed, 0.0 pedestrian_injured, 0.0 pedestrian_killed, Fair (Day), EDSA Shell Gas Station, A. Samson Quezon City",MMDA Road Safety Unit,,d7263d75-71db-479c-8d9b-6dc4a547a308,2016-06-22,06:30:00,EDSA Balingasa MRT Station Quezon City,0,0,0,0,0,0,0,0,0,0,2016-06-22 14:30,Property,14.65761329,121.0076049,Rear-End
None,EDSA,None,None,"No Accident Factor, Rear-end, 0.0 drivers_injured, 0.0 drivers_killed, 0.0 passengers_injured, 0.0 passengers_killed, 0.0 pedestrian_injured, 0.0 pedestrian_killed, Fair (Day), EDSA Main Ave. (SB) Quezon City",MMDA Road Safety Unit,,6be7d51e-e2e1-4cef-9a73-12786478e13a,2016-06-22,00:15:00,EDSA Monte De Piedad St. Quezon City,0,0,0,0,0,0,0,0,0,0,2016-06-22 8:15,Property,14.61376458,121.0537933,Rear-End
None,EDSA,None,None,"No Accident Factor, Multiple Collision, 0.0 drivers_injured, 0.0 drivers_killed, 0.0 passengers_injured, 0.0 passengers_killed, 0.0 pedestrian_injured, 0.0 pedestrian_killed, Fair (Night), EDSA Quezon Ave. Quezon City",MMDA Road Safety Unit,,a6620a93-42a4-40e3-ae1c-be20cb9a6693,2016-06-21,15:20:00,EDSA Kamuning Road Quezon City,0,0,0,0,0,0,0,0,0,0,2016-06-21 23:20,Property,14.6442444,121.0375839,Multiple