LOCATION_TEXT,ROAD,WEATHER,LIGHT,DESC,REPORTING_AGENCY,MAIN_CAUSE,INCIDENTDETAILS_ID,DATE_UTC,TIME_UTC,ADDRESS,killed_driver,killed_passenger,killed_pedestrian,injured_driver,injured_passenger,injured_pedestrian,killed_uncategorized,injured_uncategorized,killed_total,injured_total,DATETIME_PST,SEVERITY,Y,X,COLLISION_TYPE
None,EDSA,None,None,"No Accident Factor, Rear-end, 0.0 drivers_injured, 0.0 drivers_killed, 0.0 passengers_injured, 0.0 passengers_killed, 0.0 pedestrian_injured, 0.0 pedestrian_killed, Fair (Day), EDSA SM Annex, Sto. Cristo Quezon City",MMDA Road Safety Unit,,afcd3280-a46a-4ea4-bc50-9b99cd5fd63c,2016-06-21,02:00:00,EDSA Ermin Garcia St.  Quezon City,0,0,0,0,0,0,0,0,0,0,2016-06-21 10:00,Property,14.65628012,121.0272074,Rear-End
None,EDSA,None,None,"No Accident Factor, Side Swipe, 0.0 drivers_injured, 0.0 drivers_killed, 0.0 passengers_injured, 0.0 passengers_killed, 0.0 pedestrian_injured, 0.0 pedestrian_killed, Fair (Day), EDSA Monte de Piedad St. Quezon City",MMDA Road Safety Unit,,0d55eec7-5836-41b4-a60e-882e00965416,2016-06-21,02:00:00,EDSA Aurrora Blvd.  Quezon City,0,0,0,0,0,0,0,0,0,0,2016-06-21 10:00,Property,14.62346937,121.0491711,Side Swipe
None,EDSA,None,None,"No Accident Factor, Rear-end, 0.0 drivers_injured, 0.0 drivers_killed, 0.0 passengers_injured, 0.0 passengers_killed, 0.0 pedestrian_injured, 0.0 pedestrian_killed, Fair (Day), EDSA Camp Aguinaldo Gate 3 Quezon City",MMDA Road Safety Unit,,b2e3fc79-4799-45f7-b537-006d84baa0ef,2016-06-21,00:00:00,"EDSA Toyota Motors, Balintawak Quezon City",0,0,0,0,0,0,0,0,0,0,2016-06-21 8:00,Property,14.60836048,121.0563667,Rear-End
None,EDSA,None,None,"No Accident Factor, Side Swipe, 1.0 drivers_injured, 0.0 drivers_killed, 0.0 passengers_injured, 0.0 passengers_killed, 0.0 pedestrian_injured, 0.0 pedestrian_killed, Fair (Day), EDSA Annapolis (SB) Quezon City",MMDA Road Safety Unit,,38dd1f06-b9a0-468b-893d-2168223d4943,2016-06-20,23:55:00,"EDSA QCPD Station 10, Kamuning  Quezon City",0,0,0,1,0,0,0,0,0,1,2016-06-21 7:55,Injury,14.60612947,121.0571691,Side Swipe
None,EDSA,None,None,"No Accident Factor, Rear-end, 0.0 drivers_injured, 0.0 drivers_killed, 0.0 passengers_injured, 0.0 passengers_killed, 0.0 pedestrian_injured, 0.0 pedestrian_killed, Fair (Day), EDSA West Ave. Quezon City",MMDA Road Safety Unit,,61397dfa-6aa2-483e-afc9-aee189385a4c,2016-06-20,08:15:00,EDSA Victory Liner Bus Terminal  Quezon City,0,0,0,0,0,0,0,0,0,0,2016-06-20 16:15,Property,14.65548924,121.0298079,Rear-End
None,EDSA,None,None,"No Accident Factor, Side Swipe, 0.0 drivers_injured, 0.0 drivers_killed, 0.0 passengers_injured, 0.0 passengers_killed, 0.0 pedestrian_injured, 0.0 pedestrian_killed, Fair (Day), EDSA Annapolis (SB) Quezon City",MMDA Road Safety Unit,,9eead238-4954-44d2-b2b3-575f1c0a60f9,2016-06-20,05:35:00,"EDSA Q-Mart Market, E. Rodriguez Quezon City",0,0,0,0,0,0,0,0,0,0,2016-06-20 13:35,Property,14.60612947,121.0571691,Side Swipe
None,EDSA,None,None,"No Accident Factor, No Collision Stated (based on Police Blotter Book), 0.0 drivers_injured, 0.0 drivers_killed, 0.0 passengers_injured, 0.0 passengers_killed, 0.0 pedestrian_injured, 0.0 pedestrian_killed, Fair (Day), EDSA P. Tuazon Blvd., Socorro Quezon City",MMDA Road Safety Unit,,3a03075c-f388-44cd-a0be-970f8c83df63,2016-06-20,01:40:00,EDSA Quezon Ave. Quezon City,0,0,0,0,0,0,0,0,0,0,2016-06-20 9:40,Property,14.61656342,121.0525225,No Collision Stated
None,EDSA,None,None,"No Accident Factor, Side Swipe, 1.0 drivers_injured, 0.0 drivers_killed, 0.0 passengers_injured, 0.0 passengers_killed, 0.0 pedestrian_injured, 0.0 pedestrian_killed, Fair (Day), EDSA Puregold Balintawak Quezon City",MMDA Road Safety Unit,,de8ef8ed-5977-47be-8f12-0df793e7f64c,2016-06-20,00:20:00,EDSA Aurora Blvd. (EB) Quezon City,0,0,0,1,0,0,0,0,0,1,2016-06-20 8:20,Injury,14.65739538,121.0046638,Side Swipe
None,EDSA,None,None,"No Accident Factor, Rear-end, 0.0 drivers_injured, 0.0 drivers_killed, 0.0 passengers_injured, 0.0 passengers_killed, 0.0 pedestrian_injured, 0.0 pedestrian_killed, Fair (Day), EDSA Aurora Blvd.  Quezon City",MMDA Road Safety Unit,,bd7eda0e-c476-472b-8d3d-ede63006dd1f,2016-06-19,23:00:00,"EDSA Mapagmahal St., Pinyahan Quezon City",0,0,0,0,0,0,0,0,0,0,2016-06-20 7:00,Property,14.6217569,121.0502544,Rear-End
None,EDSA,None,None,"No Accident Factor, Rear-end, 0.0 drivers_injured, 0.0 drivers_killed, 0.0 passengers_injured, 0.0 passengers_killed, 0.0 pedestrian_injured, 0.0 pedestrian_killed, Fair (Day), EDSA West Ave. (SB) Quezon City",MMDA Road Safety Unit,,638deaf3-7ab1-4192-a53f-95121238c5a0,2016-06-19,22:45:00,"EDSA ""U"" turn slot, Nissan Motors Quezon City",0,0,0,0,0,0,0,0,0,0,2016-06-20 6:45,Property,14.65548924,121.0298079,Rear-End
None,EDSA,None,None,"No Accident Factor, Rear-end, 0.0 drivers_injured, 0.0 drivers_killed, 0.0 passengers_injured, 0.0 passengers_killed, 0.0 pedestrian_injured, 0.0 pedestrian_killed, Fair (Day), EDSA Scout Borromeo St.  Quezon City",MMDA Road Safety Unit,,5d1b998c-7dc8-4eff-8cfc-5e17afe26514,2016-06-19,22:15:00,"EDSA New York St., E. Rodriguez Quezon City",0,0,0,0,0,0,0,0,0,0,2016-06-20 6:15,Property,14.63715712,121.0419507,Rear-End
None,EDSA,None,None,"No Accident Factor, No Collision Stated (based on Police Blotter Book), 0.0 drivers_injured, 0.0 drivers_killed, 0.0 passengers_injured, 0.0 passengers_killed, 0.0 pedestrian_injured, 0.0 pedestrian_killed, Fair (Day), EDSA Shell Gas Station, Katipu Quezon City",MMDA Road Safety Unit,,b00ac983-bad0-458d-b082-8fd7742455d4,2016-06-19,22:00:00,"EDSA Main Ave. (SM Hypermart Driveway, Socorro) Quezon City",0,0,0,0,0,0,0,0,0,0,2016-06-20 6:00,Property,14.65744481,121.0162804,No Collision Stated
None,EDSA,None,None,"No Accident Factor, Side Swipe, 0.0 drivers_injured, 0.0 drivers_killed, 0.0 passengers_injured, 0.0 passengers_killed, 0.0 pedestrian_injured, 0.0 pedestrian_killed, Fair (Night), EDSA SM North (NB) Quezon City",MMDA Road Safety Unit,,677f3330-87a1-45f1-87f8-5601eb34e16a,2016-06-19,11:25:00,"EDSA Congressional Avenue, Ramon Magsaysay Quezon City",0,0,0,0,0,0,0,0,0,0,2016-06-19 19:25,Property,14.65645143,121.0271077,Side Swipe
None,EDSA,None,None,"No Accident Factor, No Collision Stated (based on Police Blotter Book), 0.0 drivers_injured, 0.0 drivers_killed, 0.0 passengers_injured, 0.0 passengers_killed, 0.0 pedestrian_injured, 0.0 pedestrian_killed, Fair (Night), EDSA Nepa Q-Mart Market, E. Rodriguez Quezon City",MMDA Road Safety Unit,,259dc097-43e4-4344-98b1-d1d4b0fcdcaf,2016-06-19,10:15:00,EDSA Aurora Blvd. Quezon City,0,0,0,0,0,0,0,0,0,0,2016-06-19 18:15,Property,14.62805361,121.0472521,No Collision Stated
None,EDSA,None,None,"No Accident Factor, Rear-end, 0.0 drivers_injured, 0.0 drivers_killed, 0.0 passengers_injured, 0.0 passengers_killed, 0.0 pedestrian_injured, 0.0 pedestrian_killed, Fair (Day), EDSA North Ave. (NB) Quezon City",MMDA Road Safety Unit,,523c35fb-e8d6-47b1-b5e8-4b3384b8abba,2016-06-19,05:30:00,"EDSA Chowking Fastfood Chain, A. Samson Quezon City",0,0,0,0,0,0,0,0,0,0,2016-06-19 13:30,Property,14.65553839,121.0299647,Rear-End
None,EDSA,None,None,"No Accident Factor, Rear-end, 0.0 drivers_injured, 0.0 drivers_killed, 0.0 passengers_injured, 0.0 passengers_killed, 0.0 pedestrian_injured, 0.0 pedestrian_killed, Fair (Day), EDSA Timog (NB) Quezon City",MMDA Road Safety Unit,,5fa50dc6-9e9b-4ca0-8167-7d427d752c41,2016-06-19,05:00:00,"EDSA Aurora Blvd., Socorro Quezon City",0,0,0,0,0,0,0,0,0,0,2016-06-19 13:00,Property,14.63293559,121.0446304,Rear-End
None,EDSA,None,None,"No Accident Factor, No Collision Stated (based on Police Blotter Book), 0.0 drivers_injured, 0.0 drivers_killed, 0.0 passengers_injured, 0.0 passengers_killed, 0.0 pedestrian_injured, 0.0 pedestrian_killed, Fair (Day), EDSA Aurora Blvd., Socorro Quezon City",MMDA Road Safety Unit,,febf03e7-0f2e-4608-95dc-1ad89b347429,2016-06-19,03:00:00,"EDSA Nepa Q-Mart, E. Rodriguez Quezon City",0,0,0,0,0,0,0,0,0,0,2016-06-19 11:00,Property,14.6218043,121.0502049,No Collision Stated
None,EDSA,None,None,"No Accident Factor, Rear-end, 0.0 drivers_injured, 0.0 drivers_killed, 0.0 passengers_injured, 0.0 passengers_killed, 0.0 pedestrian_injured, 0.0 pedestrian_killed, Fair (Night), EDSA Shell Gas Station, Pinyahan Quezon City",MMDA Road Safety Unit,,45e7403d-e8ea-4c7f-93be-213baf757850,2016-06-18,21:45:00,"EDSA East Ave., Pinyahan Quezon City",0,0,0,0,0,0,0,0,0,0,2016-06-19 5:45,Property,14.63806749,121.0415939,Rear-End
None,EDSA,None,None,"No Accident Factor, Rear-end, 0.0 drivers_injured, 0.0 drivers_killed, 0.0 passengers_injured, 0.0 passengers_killed, 0.0 pedestrian_injured, 0.0 pedestrian_killed, Fair (Night), EDSA R. Magsaysay High School Quezon City",MMDA Road Safety Unit,,35fb9b8b-a58d-4c31-b161-0306f0442285,2016-06-18,21:00:00,"EDSA Baliwag Bus Terminal Cubao, E. Rodriguez  Quezon City",0,0,0,0,0,0,0,0,0,0,2016-06-19 5:00,Property,14.62774693,121.0471762,Rear-End
None,EDSA,None,None,"No Accident Factor, Rear-end, 0.0 drivers_injured, 0.0 drivers_killed, 0.0 passengers_injured, 0.0 passengers_killed, 0.0 pedestrian_injured, 0.0 pedestrian_killed, Fair (Night), EDSA E. Garcia St. Quezon City",MMDA Road Safety Unit,,5a1f27b4-22e2-4ff1-b24e-0033823a2db1,2016-06-18,20:45:00,"EDSA Baliwag Bus Terminal Cubao, E. Rodriguez  Quezon City",0,0,0,0,0,0,0,0,0,0,2016-06-19 4:45,Property,14.62742033,121.0475769,Rear-End
None,EDSA,None,None,"No Accident Factor, Side Swipe, 0.0 drivers_injured, 0.0 drivers_killed, 0.0 passengers_injured, 0.0 passengers_killed, 0.0 pedestrian_injured, 0.0 pedestrian_killed, Fair (Night), EDSA West Ave. Quezon City",MMDA Road Safety Unit,,9c03264e-c102-401b-b794-cb235cf25699,2016-06-18,11:45:00,EDSA E. Garcia St.  Quezon City,0,0,0,0,0,0,0,0,0,0,2016-06-18 19:45,Property,14.65548924,121.0298079,Side Swipe
None,EDSA,None,None,"No Accident Factor, Side Swipe, 0.0 drivers_injured, 0.0 drivers_killed, 0.0 passengers_injured, 0.0 passengers_killed, 0.0 pedestrian_injured, 0.0 pedestrian_killed, Fair (Day), EDSA Waltermart Quezon City",MMDA Road Safety Unit,,674b0588-6da7-413e-8372-cab056f9dabc,2016-06-18,03:30:00,EDSA Col. Bonny Serrano Ave.  Quezon City,0,0,0,0,0,0,0,0,0,0,2016-06-18 11:30,Property,14.6574558,121.0213579,Side Swipe
None,EDSA,None,None,"No Accident Factor, No Collision Stated (based on Police Blotter Book), 0.0 drivers_injured, 0.0 drivers_killed, 0.0 passengers_injured, 0.0 passengers_killed, 0.0 pedestrian_injured, 0.0 pedestrian_killed, Fair (Night), EDSA New York St.  Quezon City",MMDA Road Safety Unit,,79dc72fe-b050-4c2b-81ec-5685fbd21897,2016-06-17,21:05:00,"EDSA Camp Aguinaldo Gate 3, Camp Aguinaldo Quezon City",0,0,0,0,0,0,0,0,0,0,2016-06-18 5:05,Property,14.62568514,121.0482307,No Collision Stated
None,EDSA,None,None,"No Accident Factor, Side Swipe, 0.0 drivers_injured, 0.0 drivers_killed, 0.0 passengers_injured, 0.0 passengers_killed, 0.0 pedestrian_injured, 0.0 pedestrian_killed, Fair (Night), EDSA Farmers Plaza, Socorro Quezon City",MMDA Road Safety Unit,,8f86fbe7-cd9c-47d5-a9d5-0dd8d955226f,2016-06-17,15:40:00,EDSA Farmers Plaza Quezon City,0,0,0,0,0,0,0,0,0,0,2016-06-17 23:40,Property,14.61920525,121.0513476,Side Swipe
None,EDSA,None,None,"No Accident Factor, Rear-end, 0.0 drivers_injured, 0.0 drivers_killed, 0.0 passengers_injured, 0.0 passengers_killed, 0.0 pedestrian_injured, 0.0 pedestrian_killed, Fair (Night), EDSA Main Ave., Socorro Quezon City",MMDA Road Safety Unit,,e6e6b2f3-fc10-49d4-873f-afd49b8b6455,2016-06-17,12:00:00,"EDSA Corregidor Street, Ramon Magsaysay Quezon City",0,0,0,0,0,0,0,0,0,0,2016-06-17 20:00,Property,14.61376458,121.0537933,Rear-End
None,EDSA,None,None,"No Accident Factor, Side Swipe, 0.0 drivers_injured, 0.0 drivers_killed, 0.0 passengers_injured, 0.0 passengers_killed, 0.0 pedestrian_injured, 0.0 pedestrian_killed, Fair (Night), EDSA Farmers Plaza, Socorro Quezon City",MMDA Road Safety Unit,,0d250cb7-d204-445b-88ad-e37c8b92c557,2016-06-17,11:30:00,EDSA Aurora Blvd. Quezon City,0,0,0,0,0,0,0,0,0,0,2016-06-17 19:30,Property,14.61920525,121.0513476,Side Swipe
None,EDSA,None,None,"No Accident Factor, No Collision Stated (based on Police Blotter Book), 0.0 drivers_injured, 0.0 drivers_killed, 0.0 passengers_injured, 0.0 passengers_killed, 0.0 pedestrian_injured, 0.0 pedestrian_killed, Fair (Night), EDSA SM Annex, Sto. Cristo Quezon City",MMDA Road Safety Unit,,e63294e0-f73f-4a2d-a705-212aeec31112,2016-06-17,10:30:00,"EDSA Misamis Street, Sto. Cristo Quezon City",0,0,0,0,0,0,0,0,0,0,2016-06-17 18:30,Property,14.65628012,121.0272074,No Collision Stated
None,EDSA,None,None,"No Accident Factor, Side Swipe, 0.0 drivers_injured, 0.0 drivers_killed, 0.0 passengers_injured, 0.0 passengers_killed, 0.0 pedestrian_injured, 0.0 pedestrian_killed, Fair (Day), EDSA Poveda College, Ugong Norte Quezon City",MMDA Road Safety Unit,,417abce8-c19d-4cfc-b20e-2cc05c5bd1bc,2016-06-17,08:25:00,"EDSA Whiteplains Ave., Ugong Norte Quezon City",0,0,0,0,0,0,0,0,0,0,2016-06-17 16:25,Property,14.59047645,121.0577338,Side Swipe
None,EDSA,None,None,"No Accident Factor, Rear-end, 0.0 drivers_injured, 0.0 drivers_killed, 0.0 passengers_injured, 0.0 passengers_killed, 0.0 pedestrian_injured, 0.0 pedestrian_killed, Fair (Day), EDSA White Plains Ave. Quezon City",MMDA Road Safety Unit,,8eb11aa5-7148-45d9-be28-35e6ee963d29,2016-06-17,07:00:00,"EDSA Puregold Supermarket, Balintawak Quezon City",0,0,0,0,0,0,0,0,0,0,2016-06-17 15:00,Property,14.59961782,121.0596522,Rear-End
None,EDSA,None,None,"No Accident Factor, Rear-end, 0.0 drivers_injured, 0.0 drivers_killed, 0.0 passengers_injured, 0.0 passengers_killed, 0.0 pedestrian_injured, 0.0 pedestrian_killed, Fair (Day), EDSA Mother Ignacia Ave.  Quezon City",MMDA Road Safety Unit,,d4324f5c-3325-4df7-aa7c-644e7ccf5016,2016-06-17,04:30:00,"EDSA Kamias Road, West Kamias Quezon City",0,0,0,0,0,0,0,0,0,0,2016-06-17 12:30,Property,14.64220321,121.0386692,Rear-End
None,EDSA,None,None,"No Accident Factor, Side Swipe, 0.0 drivers_injured, 0.0 drivers_killed, 0.0 passengers_injured, 0.0 passengers_killed, 0.0 pedestrian_injured, 0.0 pedestrian_killed, Fair (Day), EDSA MRT Station, Philam Quezon City",MMDA Road Safety Unit,,972b7b78-50fc-4ea6-82b7-6036ba88d570,2016-06-17,03:45:00,EDSA Nepa Q-Mart (SB) Quezon City,0,0,0,0,0,0,0,0,0,0,2016-06-17 11:45,Property,14.65218268,121.032372,Side Swipe
None,EDSA,None,None,"No Accident Factor, Hit and Run (No Collision Stated), 0.0 drivers_injured, 0.0 drivers_killed, 0.0 passengers_injured, 0.0 passengers_killed, 0.0 pedestrian_injured, 0.0 pedestrian_killed, Fair (Day), EDSA Oliveros Drive Quezon City",MMDA Road Safety Unit,,a75083d4-e4c5-4197-a805-2d9ac8edb7e4,2016-06-17,03:30:00,EDSA Seminary Road Quezon City,0,0,0,0,0,0,0,0,0,0,2016-06-17 11:30,Property,14.65762799,121.0065288,No Collision Stated
None,EDSA,None,None,"No Accident Factor, Side Swipe, 0.0 drivers_injured, 0.0 drivers_killed, 0.0 passengers_injured, 0.0 passengers_killed, 0.0 pedestrian_injured, 0.0 pedestrian_killed, Fair (Day), EDSA K-3rd St.  Quezon City",MMDA Road Safety Unit,,b8bbccb0-007a-4224-8170-f43bbed92274,2016-06-17,03:00:00,EDSA Seminary Road Quezon City,0,0,0,0,0,0,0,0,0,0,2016-06-17 11:00,Property,14.62942357,121.0463854,Side Swipe
None,EDSA,None,None,"No Accident Factor, Angle Impact, 0.0 drivers_injured, 0.0 drivers_killed, 0.0 passengers_injured, 0.0 passengers_killed, 0.0 pedestrian_injured, 0.0 pedestrian_killed, Fair (Day), EDSA B. Serrano Ave., Socorro Quezon City",MMDA Road Safety Unit,,18dc4b56-135b-4ce0-a565-2b5016add502,2016-06-17,03:00:00,EDSA Whiteplains Ave. (Camp Aguinaldo) Quezon City,0,0,0,0,0,0,0,0,0,0,2016-06-17 11:00,Property,14.61096685,121.0551991,Angle Impact
None,EDSA,None,None,"No Accident Factor, No Collision Stated (based on Police Blotter Book), 0.0 drivers_injured, 0.0 drivers_killed, 0.0 passengers_injured, 0.0 passengers_killed, 0.0 pedestrian_injured, 0.0 pedestrian_killed, Fair (Day), EDSA SM North, Sto. Cristo Quezon City",MMDA Road Safety Unit,,baa869fb-6cce-48db-a117-0bbe15c55a35,2016-06-17,03:00:00,EDSA Bansalangin Street Quezon City,0,0,0,0,0,0,0,0,0,0,2016-06-17 11:00,Property,14.65645143,121.0271077,No Collision Stated
None,EDSA,None,None,"No Accident Factor, Rear-end, 0.0 drivers_injured, 0.0 drivers_killed, 0.0 passengers_injured, 0.0 passengers_killed, 0.0 pedestrian_injured, 0.0 pedestrian_killed, Fair (Day), EDSA Banahaw St. Quezon City",MMDA Road Safety Unit,,ec848efe-6ce9-491d-93da-84f75a15e18d,2016-06-17,01:30:00,EDSA SM Annex (SB) Quezon City,0,0,0,0,0,0,0,0,0,0,2016-06-17 9:30,Property,14.61797303,121.0516572,Rear-End
None,EDSA,None,None,"No Accident Factor, Rear-end, 0.0 drivers_injured, 0.0 drivers_killed, 0.0 passengers_injured, 0.0 passengers_killed, 0.0 pedestrian_injured, 0.0 pedestrian_killed, Fair (Day), EDSA Puregold Balintawak Quezon City",MMDA Road Safety Unit,,7fe855ab-5454-42f3-a8a5-a5747f5ba0d8,2016-06-17,01:10:00,EDSA Aurora Blvd. Quezon City,0,0,0,0,0,0,0,0,0,0,2016-06-17 9:10,Property,14.65739538,121.0046638,Rear-End
None,EDSA,None,None,"No Accident Factor, Side Swipe, 0.0 drivers_injured, 0.0 drivers_killed, 0.0 passengers_injured, 0.0 passengers_killed, 0.0 pedestrian_injured, 0.0 pedestrian_killed, Fair (Day), EDSA Nepa Q-Mart, E. Rod. Quezon City",MMDA Road Safety Unit,,00f4cceb-72b0-4810-b0ed-ca0c9a839f3f,2016-06-16,23:45:00,EDSA Main Ave. Quezon City,0,0,0,0,0,0,0,0,0,0,2016-06-17 7:45,Property,14.62805361,121.0472521,Side Swipe
None,EDSA,None,None,"No Accident Factor, Rear-end, 0.0 drivers_injured, 0.0 drivers_killed, 0.0 passengers_injured, 0.0 passengers_killed, 0.0 pedestrian_injured, 0.0 pedestrian_killed, Fair (Day), EDSA ""U"" turn slot, Veterans Quezon City",MMDA Road Safety Unit,,c02368bc-ed73-4d1f-8a31-3be2e9448fdc,2016-06-16,09:35:00,EDSA Cloverleaf Road Quezon City,0,0,0,0,0,0,0,0,0,0,2016-06-16 17:35,Property,14.64995042,121.0336124,Rear-End
None,EDSA,None,None,"No Accident Factor, No Collision Stated (based on Police Blotter Book), 0.0 drivers_injured, 0.0 drivers_killed, 0.0 passengers_injured, 0.0 passengers_killed, 0.0 pedestrian_injured, 0.0 pedestrian_killed, Fair (Day), EDSA Quezon Avenue, Pagasa Quezon City",MMDA Road Safety Unit,,4b96d812-4bcc-4687-9da8-5f13d62444a3,2016-06-16,09:00:00,"EDSA Quezon Ave., Philam (NB) Quezon City",0,0,0,0,0,0,0,0,0,0,2016-06-16 17:00,Property,14.6442444,121.0375839,No Collision Stated
None,EDSA,None,None,"No Accident Factor, Rear-end, 0.0 drivers_injured, 0.0 drivers_killed, 0.0 passengers_injured, 0.0 passengers_killed, 0.0 pedestrian_injured, 0.0 pedestrian_killed, Fair (Day), EDSA Kamuning Road Quezon City",MMDA Road Safety Unit,,f1a300d4-c09e-439a-945e-4bf96f42ecff,2016-06-16,08:30:00,EDSA Quezon City Academy (SB) Quezon City,0,0,0,0,0,0,0,0,0,0,2016-06-16 16:30,Property,14.63075725,121.0457548,Rear-End
None,EDSA,None,None,"No Accident Factor, Side Swipe, 0.0 drivers_injured, 0.0 drivers_killed, 0.0 passengers_injured, 0.0 passengers_killed, 0.0 pedestrian_injured, 0.0 pedestrian_killed, Fair (Day), EDSA East Ave., Pinyahan Quezon City",MMDA Road Safety Unit,,16cab346-4e5a-4ae3-b975-5a386ee46c16,2016-06-16,06:00:00,EDSA Cloverleaf Road Quezon City,0,0,0,0,0,0,0,0,0,0,2016-06-16 14:00,Property,14.6328297,121.0451176,Side Swipe
None,EDSA,None,None,"No Accident Factor, Rear-end, 0.0 drivers_injured, 0.0 drivers_killed, 0.0 passengers_injured, 0.0 passengers_killed, 0.0 pedestrian_injured, 0.0 pedestrian_killed, Fair (Day), EDSA Col. Bonny Serrano Ave., Socorro Quezon City",MMDA Road Safety Unit,,2ddc0bda-e043-4e9c-a24f-495d2603df3a,2016-06-16,05:20:00,EDSA P. Tuazon Blvd. Quezon City,0,0,0,0,0,0,0,0,0,0,2016-06-16 13:20,Property,14.61107337,121.0550705,Rear-End
None,EDSA,None,None,"No Accident Factor, Side Swipe, 0.0 drivers_injured, 0.0 drivers_killed, 0.0 passengers_injured, 0.0 passengers_killed, 0.0 pedestrian_injured, 0.0 pedestrian_killed, Fair (Day), EDSA East Ave., Pinyahan Quezon City",MMDA Road Safety Unit,,e14b1ffb-f14c-454e-8cf3-8f75e13203a6,2016-06-15,22:00:00,EDSA Eugenio Lopez (SB) Quezon City,0,0,0,0,0,0,0,0,0,0,2016-06-16 6:00,Property,14.6328297,121.0451176,Side Swipe
None,EDSA,None,None,"No Accident Factor, No Collision Stated (based on Police Blotter Book), 0.0 drivers_injured, 0.0 drivers_killed, 0.0 passengers_injured, 0.0 passengers_killed, 0.0 pedestrian_injured, 0.0 pedestrian_killed, Fair (Night), EDSA Kamuning Road Quezon City",MMDA Road Safety Unit,,38ab0619-f90e-4b04-ac24-d74944eb75dd,2016-06-15,21:55:00,EDSA West Ave. Quezon City,0,0,0,0,0,0,0,0,0,0,2016-06-16 5:55,Property,14.63075725,121.0457548,No Collision Stated
None,EDSA,None,None,"No Accident Factor, Hit and Run (No Collision Stated), 0.0 drivers_injured, 0.0 drivers_killed, 0.0 passengers_injured, 0.0 passengers_killed, 0.0 pedestrian_injured, 0.0 pedestrian_killed, Fair (Night), EDSA Puregold Balintawak Quezon City",MMDA Road Safety Unit,,a49f49d9-76ac-4ae3-a163-e1ddbd9ccb1a,2016-06-15,20:00:00,EDSA Roosevelt Ave.  Quezon City,0,0,0,0,0,0,0,0,0,0,2016-06-16 4:00,Property,14.65739538,121.0046638,No Collision Stated
None,EDSA,None,None,"No Accident Factor, Side Swipe, 0.0 drivers_injured, 0.0 drivers_killed, 0.0 passengers_injured, 0.0 passengers_killed, 0.0 pedestrian_injured, 0.0 pedestrian_killed, Fair (Night), EDSA Arayat St.  Quezon City",MMDA Road Safety Unit,,f9d46828-e5e5-4518-830e-58b0a1e86c68,2016-06-15,15:30:00,"EDSA Royale, A. Samson Quezon City",0,0,0,0,0,0,0,0,0,0,2016-06-15 23:30,Property,14.61961124,121.0508602,Side Swipe
None,EDSA,None,None,"No Accident Factor, Side Swipe, 0.0 drivers_injured, 0.0 drivers_killed, 0.0 passengers_injured, 0.0 passengers_killed, 0.0 pedestrian_injured, 0.0 pedestrian_killed, Fair (Night), EDSA SM Cyber West Bldg., West Ave. Quezon City",MMDA Road Safety Unit,,a3d926e4-2d25-471a-9556-1ea494f063a2,2016-06-15,13:15:00,EDSA SM North (WB) Quezon City,0,0,0,0,0,0,0,0,0,0,2016-06-15 21:15,Property,14.6563096,121.02741,Side Swipe
None,EDSA,None,None,"No Accident Factor, Side Swipe, 0.0 drivers_injured, 0.0 drivers_killed, 0.0 passengers_injured, 0.0 passengers_killed, 0.0 pedestrian_injured, 0.0 pedestrian_killed, Fair (Night), EDSA Ortigas Ave., Ugong Norte Quezon City",MMDA Road Safety Unit,,f80bef34-3d6c-4b3d-9c70-dc41cdab417c,2016-06-15,12:25:00,EDSA New York (NB) Quezon City,0,0,0,0,0,0,0,0,0,0,2016-06-15 20:25,Property,14.59335253,121.0584107,Side Swipe
None,EDSA,None,None,"No Accident Factor, Rear-end, 0.0 drivers_injured, 0.0 drivers_killed, 0.0 passengers_injured, 0.0 passengers_killed, 0.0 pedestrian_injured, 0.0 pedestrian_killed, Fair (Day), EDSA Cloverleaf Quezon City",MMDA Road Safety Unit,,cd3ee9e8-9c7f-4053-bcda-7962d0d1a9db,2016-06-15,09:50:00,"EDSA Quezon Ave., Panay (SB) Quezon City",0,0,0,0,0,0,0,0,0,0,2016-06-15 17:50,Property,14.65747901,121.0011914,Rear-End
None,EDSA,None,None,"No Accident Factor, Side Swipe, 0.0 drivers_injured, 0.0 drivers_killed, 0.0 passengers_injured, 0.0 passengers_killed, 0.0 pedestrian_injured, 0.0 pedestrian_killed, Fair (Day), EDSA Robinsons Galleria, Ugong Norte Quezon City",MMDA Road Safety Unit,,d9b70172-a48d-4ba0-82cb-9cc696b80ae8,2016-06-15,07:40:00,EDSA Kaingin Road Quezon City,0,0,0,0,0,0,0,0,0,0,2016-06-15 15:40,Property,14.59206941,121.058228,Side Swipe
None,EDSA,None,None,"No Accident Factor, Rear-end, 0.0 drivers_injured, 0.0 drivers_killed, 0.0 passengers_injured, 0.0 passengers_killed, 0.0 pedestrian_injured, 0.0 pedestrian_killed, Fair (Day), EDSA GMA Kamuning MRT Station Quezon City",MMDA Road Safety Unit,,9b725fd3-f48b-4ce9-b384-38e947f22a84,2016-06-15,06:00:00,EDSA P. Bernardo St.  Quezon City,0,0,0,0,0,0,0,0,0,0,2016-06-15 14:00,Property,14.63524398,121.043333,Rear-End