LOCATION_TEXT,ROAD,WEATHER,LIGHT,DESC,REPORTING_AGENCY,MAIN_CAUSE,INCIDENTDETAILS_ID,DATE_UTC,TIME_UTC,ADDRESS,killed_driver,killed_passenger,killed_pedestrian,injured_driver,injured_passenger,injured_pedestrian,killed_uncategorized,injured_uncategorized,killed_total,injured_total,DATETIME_PST,SEVERITY,Y,X,COLLISION_TYPE
None,EDSA,None,None,"No Accident Factor, Side Swipe, 0.0 drivers_injured, 0.0 drivers_killed, 0.0 passengers_injured, 0.0 passengers_killed, 0.0 pedestrian_injured, 0.0 pedestrian_killed, Fair (Day), EDSA Nia Road, Pinyahan Quezon City",MMDA Road Safety Unit,,6c4653fe-d427-4a2a-b137-7ee83ad6ebf1,2016-06-15,05:00:00,EDSA A. Samson  Quezon City,0,0,0,0,0,0,0,0,0,0,2016-06-15 13:00,Property,14.63727823,121.0421362,Side Swipe
None,EDSA,None,None,"No Accident Factor, Rear-end, 0.0 drivers_injured, 0.0 drivers_killed, 0.0 passengers_injured, 0.0 passengers_killed, 0.0 pedestrian_injured, 0.0 pedestrian_killed, Fair (Day), EDSA Clean Gas Fuel station, Philam Quezon City",MMDA Road Safety Unit,,4bb99dcd-ced0-4976-b2b6-3d40eef42697,2016-06-15,03:00:00,"EDSA Royale, A. Samson Quezon City",0,0,0,0,0,0,0,0,0,0,2016-06-15 11:00,Property,14.64760812,121.0351314,Rear-End
None,EDSA,None,None,"No Accident Factor, Side Swipe, 0.0 drivers_injured, 0.0 drivers_killed, 0.0 passengers_injured, 0.0 passengers_killed, 0.0 pedestrian_injured, 0.0 pedestrian_killed, Fair (Day), EDSA GMA Network Drive Quezon City",MMDA Road Safety Unit,,b5ff9eb5-88dc-463b-b0d2-d6265cdd96bd,2016-06-15,02:45:00,EDSA Cloverleaf Road Quezon City,0,0,0,0,0,0,0,0,0,0,2016-06-15 10:45,Property,14.63467214,121.0435714,Side Swipe
None,EDSA,None,None,"No Accident Factor, Hit and Run (No Collision Stated), 0.0 drivers_injured, 0.0 drivers_killed, 0.0 passengers_injured, 0.0 passengers_killed, 0.0 pedestrian_injured, 0.0 pedestrian_killed, Fair (Day), EDSA P. Tuazon Blvd.  Quezon City",MMDA Road Safety Unit,,403bdb73-98b9-48ce-b2b4-205d03a36671,2016-06-15,01:00:00,"EDSA Farmers Loading Bay, Cubao Quezon City",0,0,0,0,0,0,0,0,0,0,2016-06-15 9:00,Property,14.61656342,121.0525225,No Collision Stated
None,EDSA,None,None,"No Accident Factor, Rear-end, 0.0 drivers_injured, 0.0 drivers_killed, 0.0 passengers_injured, 0.0 passengers_killed, 0.0 pedestrian_injured, 0.0 pedestrian_killed, Fair (Day), EDSA Cloverleaf Road Quezon City",MMDA Road Safety Unit,,2d24b581-b84c-46da-a725-a0922addfb21,2016-06-15,01:00:00,EDSA P. Tuazon (SB) Quezon City,0,0,0,0,0,0,0,0,0,0,2016-06-15 9:00,Property,14.65747901,121.0011914,Rear-End
None,EDSA,None,None,"No Accident Factor, Rear-end, 0.0 drivers_injured, 0.0 drivers_killed, 0.0 passengers_injured, 0.0 passengers_killed, 0.0 pedestrian_injured, 0.0 pedestrian_killed, Fair (Day), EDSA Santolan Road Quezon City",MMDA Road Safety Unit,,8f627712-3939-456c-bd4b-d9bd8888f73a,2016-06-14,23:45:00,EDSA Kaingin Road Quezon City,0,0,0,0,0,0,0,0,0,0,2016-06-15 7:45,Property,14.6102736,121.0552175,Rear-End
None,EDSA,None,None,"No Accident Factor, Side Swipe, 0.0 drivers_injured, 0.0 drivers_killed, 0.0 passengers_injured, 0.0 passengers_killed, 0.0 pedestrian_injured, 0.0 pedestrian_killed, Fair (Night), EDSA Cloverleaf Quezon City",MMDA Road Safety Unit,,1c9cd7b1-8b8c-4291-9f1e-e7a1ed2739c3,2016-06-14,14:45:00,EDSA Camp Aguinaldo Gate 4 Quezon City,0,0,0,0,0,0,0,0,0,0,2016-06-14 22:45,Property,14.65747901,121.0011914,Side Swipe
None,EDSA,None,None,"No Accident Factor, Hit and Run (Side Swipe), 0.0 drivers_injured, 0.0 drivers_killed, 0.0 passengers_injured, 0.0 passengers_killed, 0.0 pedestrian_injured, 0.0 pedestrian_killed, Fair (Night), EDSA Camp Aguinaldo  Quezon City",MMDA Road Safety Unit,,cb82a309-20ea-4221-85f6-df5178ff0aeb,2016-06-14,12:30:00,"EDSA Quezon Ave., Pagasa Quezon City",0,0,0,0,0,0,0,0,0,0,2016-06-14 20:30,Property,14.60740524,121.0567577,Side Swipe
None,EDSA,None,None,"No Accident Factor, No Collision Stated (based on Police Blotter Book), 0.0 drivers_injured, 0.0 drivers_killed, 0.0 passengers_injured, 0.0 passengers_killed, 0.0 pedestrian_injured, 0.0 pedestrian_killed, Fair (Night), EDSA Misamis Street, Sto. Cristo Quezon City",MMDA Road Safety Unit,,0601a317-fef8-4ae7-a1ac-deb15733a162,2016-06-14,11:30:00,"EDSA MRT Santolan Stn., Camp Aguinaldo Quezon City",0,0,0,0,0,0,0,0,0,0,2016-06-14 19:30,Property,14.65602348,121.0285212,No Collision Stated
None,EDSA,None,None,"No Accident Factor, Rear-end, 0.0 drivers_injured, 0.0 drivers_killed, 0.0 passengers_injured, 0.0 passengers_killed, 0.0 pedestrian_injured, 0.0 pedestrian_killed, Fair (Night), EDSA Gen. Mc Arthur Ave., Farmers Market Cubao, Socorro Quezon City",MMDA Road Safety Unit,,acbaaa5e-60c0-4128-b2a2-6b2b4d5f3894,2016-06-14,10:30:00,EDSA New York (NB) Quezon City,0,0,0,0,0,0,0,0,0,0,2016-06-14 18:30,Property,14.61805145,121.0517604,Rear-End
None,EDSA,None,None,"No Accident Factor, No Collision Stated (based on Police Blotter Book), 0.0 drivers_injured, 0.0 drivers_killed, 0.0 passengers_injured, 0.0 passengers_killed, 0.0 pedestrian_injured, 0.0 pedestrian_killed, Fair (Day), EDSA Kaingin Road Quezon City",MMDA Road Safety Unit,,123ef4a4-a33e-45ef-82e6-a2b34140bc54,2016-06-14,08:30:00,EDSA Bonny Serrano (EB) Quezon City,0,0,0,0,0,0,0,0,0,0,2016-06-14 16:30,Property,14.65746493,121.0109963,No Collision Stated
None,EDSA,None,None,"No Accident Factor, Rear-end, 0.0 drivers_injured, 0.0 drivers_killed, 0.0 passengers_injured, 0.0 passengers_killed, 0.0 pedestrian_injured, 0.0 pedestrian_killed, Fair (Day), EDSA Kaingin Road Quezon City",MMDA Road Safety Unit,,61da5e8f-b3f6-48ec-925d-f03fce0e490f,2016-06-14,08:20:00,EDSA P. Tuazon Blvd. Quezon City,0,0,0,0,0,0,0,0,0,0,2016-06-14 16:20,Property,14.65746493,121.0109963,Rear-End
None,EDSA,None,None,"No Accident Factor, Side Swipe, 0.0 drivers_injured, 0.0 drivers_killed, 0.0 passengers_injured, 0.0 passengers_killed, 0.0 pedestrian_injured, 0.0 pedestrian_killed, Fair (Day), EDSA Ermin Garcia St. Quezon City",MMDA Road Safety Unit,,3f3118a9-e204-4281-b007-10809cfa511f,2016-06-14,06:15:00,EDSA Main Ave. (SB) Quezon City,0,0,0,0,0,0,0,0,0,0,2016-06-14 14:15,Property,14.62758814,121.047487,Side Swipe
None,EDSA,None,None,"No Accident Factor, Side Swipe, 0.0 drivers_injured, 0.0 drivers_killed, 0.0 passengers_injured, 0.0 passengers_killed, 0.0 pedestrian_injured, 0.0 pedestrian_killed, Fair (Day), EDSA B. Serrano Ave., Socorro Quezon City",MMDA Road Safety Unit,,2911f121-293b-47c6-bf82-24b0291d51ff,2016-06-14,03:00:00,EDSA Camp Aguinaldo Gate 3 Quezon City,0,0,0,0,0,0,0,0,0,0,2016-06-14 11:00,Property,14.61096685,121.0551991,Side Swipe
None,EDSA,None,None,"No Accident Factor, Rear-end, 1.0 drivers_injured, 0.0 drivers_killed, 0.0 passengers_injured, 0.0 passengers_killed, 0.0 pedestrian_injured, 0.0 pedestrian_killed, Fair (Day), EDSA Timog Ave.  Quezon City",MMDA Road Safety Unit,,c48b9d38-6933-405a-b4fd-47caf6fb6fe7,2016-06-14,02:30:00,EDSA Annapolis (SB) Quezon City,0,0,0,1,0,0,0,0,0,1,2016-06-14 10:30,Injury,14.63293559,121.0446304,Rear-End
None,EDSA,None,None,"No Accident Factor, Other (Hit Veh. + Hit Obj.), 0.0 drivers_injured, 0.0 drivers_killed, 0.0 passengers_injured, 0.0 passengers_killed, 0.0 pedestrian_injured, 0.0 pedestrian_killed, Fair (Night), EDSA North Ave. Quezon City",MMDA Road Safety Unit,,a1365a51-ce10-4340-b0a4-16aee2fe73c6,2016-06-13,18:40:00,"EDSA Kamias Road, Pinyahan Quezon City",0,0,0,0,0,0,0,0,0,0,2016-06-14 2:40,Property,14.65553839,121.0299647,Hit Object
None,EDSA,None,None,"No Accident Factor, Rear-end, 0.0 drivers_injured, 0.0 drivers_killed, 0.0 passengers_injured, 0.0 passengers_killed, 0.0 pedestrian_injured, 0.0 pedestrian_killed, Fair (Night), EDSA ""U"" turn slot, Bansalangin St. Quezon City",MMDA Road Safety Unit,,d12ffbbe-480b-4e9b-a26d-924f3483af97,2016-06-13,14:30:00,EDSA Main Ave. (SB) Quezon City,0,0,0,0,0,0,0,0,0,0,2016-06-13 22:30,Property,14.65690523,121.0241855,Rear-End
None,EDSA,None,None,"No Accident Factor, Side Swipe, 0.0 drivers_injured, 0.0 drivers_killed, 0.0 passengers_injured, 0.0 passengers_killed, 0.0 pedestrian_injured, 0.0 pedestrian_killed, Fair (Night), EDSA Aurora Blvd., Socorro Quezon City",MMDA Road Safety Unit,,c08bf972-ac98-4ae3-8866-ce3fbf5d03c2,2016-06-13,11:30:00,EDSA Santolan (SB) Quezon City,0,0,0,0,0,0,0,0,0,0,2016-06-13 19:30,Property,14.6218043,121.0502049,Side Swipe
None,EDSA,None,None,"No Accident Factor, Side Swipe, 0.0 drivers_injured, 0.0 drivers_killed, 0.0 passengers_injured, 0.0 passengers_killed, 0.0 pedestrian_injured, 0.0 pedestrian_killed, Fair (Day), EDSA GMA-7 Network    Quezon City",MMDA Road Safety Unit,,b3857132-8cde-47a9-9414-573024cd6181,2016-06-13,07:30:00,EDSA Main Ave. Quezon City,0,0,0,0,0,0,0,0,0,0,2016-06-13 15:30,Property,14.63467214,121.0435714,Side Swipe
None,EDSA,None,None,"No Accident Factor, Side Swipe, 0.0 drivers_injured, 0.0 drivers_killed, 0.0 passengers_injured, 0.0 passengers_killed, 0.0 pedestrian_injured, 0.0 pedestrian_killed, Fair (Day), EDSA Liberty Ave. Quezon City",MMDA Road Safety Unit,,93b7ead4-43d2-4a66-88ec-01eaaf70cdd4,2016-06-13,07:00:00,"EDSA K-10th St., West Kamias Quezon City",0,0,0,0,0,0,0,0,0,0,2016-06-13 15:00,Property,14.61201463,121.0547211,Side Swipe
None,EDSA,None,None,"No Accident Factor, Rear-end, 0.0 drivers_injured, 0.0 drivers_killed, 0.0 passengers_injured, 0.0 passengers_killed, 0.0 pedestrian_injured, 0.0 pedestrian_killed, Fair (Day), EDSA GMA-7 Quezon City",MMDA Road Safety Unit,,a2fee158-3828-4fe9-bdfc-e4bca3158c00,2016-06-13,04:05:00,"EDSA MMDA Emergency Stn., Pinyahan Quezon City",0,0,0,0,0,0,0,0,0,0,2016-06-13 12:05,Property,14.63467214,121.0435714,Rear-End
None,EDSA,None,None,"No Accident Factor, Side Swipe, 0.0 drivers_injured, 0.0 drivers_killed, 0.0 passengers_injured, 0.0 passengers_killed, 0.0 pedestrian_injured, 0.0 pedestrian_killed, Fair (Night), EDSA Aurora Blvd., Superlines Bus Terminal, Cubao E. Rod. Quezon City",MMDA Road Safety Unit,,de22b122-2a1b-4865-aebb-1640a6d78147,2016-06-12,19:45:00,EDSA Roosevelt Ave.  Quezon City,0,0,0,0,0,0,0,0,0,0,2016-06-13 3:45,Property,14.62469825,121.0485881,Side Swipe
None,EDSA,None,None,"No Accident Factor, Hit Object (Barrier-Concrete), 0.0 drivers_injured, 0.0 drivers_killed, 0.0 passengers_injured, 0.0 passengers_killed, 0.0 pedestrian_injured, 0.0 pedestrian_killed, Fair (Night), EDSA Aurora Blvd., E. Rod. Quezon City",MMDA Road Safety Unit,,b5774aa6-0228-43da-be61-fea4799ff4e3,2016-06-12,18:00:00,EDSA Camp Aguinaldo Quezon City,0,0,0,0,0,0,0,0,0,0,2016-06-13 2:00,Property,14.6218043,121.0502049,Hit Object
None,EDSA,None,None,"No Accident Factor, Side Swipe, 0.0 drivers_injured, 0.0 drivers_killed, 0.0 passengers_injured, 0.0 passengers_killed, 0.0 pedestrian_injured, 0.0 pedestrian_killed, Fair (Day), EDSA GMA-7 ""U"" turn slot Quezon City",MMDA Road Safety Unit,,62560b7d-5973-44ae-9f98-fa38b5106682,2016-06-12,06:40:00,EDSA E. Garcia St. Quezon City,0,0,0,0,0,0,0,0,0,0,2016-06-12 14:40,Property,14.63545103,121.0432182,Side Swipe
None,EDSA,None,None,"No Accident Factor, Side Swipe, 0.0 drivers_injured, 0.0 drivers_killed, 0.0 passengers_injured, 0.0 passengers_killed, 0.0 pedestrian_injured, 0.0 pedestrian_killed, Fair (Day), EDSA Baliwag Bus Terminal, E. Rod. Quezon City",MMDA Road Safety Unit,,904750b4-c627-46f4-a017-ea8a5cdb3d12,2016-06-12,04:20:00,EDSA P. Tuazon Blvd. Quezon City,0,0,0,0,0,0,0,0,0,0,2016-06-12 12:20,Property,14.6244766,121.0489584,Side Swipe
None,EDSA,None,None,"No Accident Factor, Rear-end, 0.0 drivers_injured, 0.0 drivers_killed, 0.0 passengers_injured, 0.0 passengers_killed, 0.0 pedestrian_injured, 0.0 pedestrian_killed, Fair (Day), EDSA Baliwag Transit Quezon City",MMDA Road Safety Unit,,4866e4e2-d7fa-40de-aace-fe7929f1011b,2016-06-12,02:00:00,EDSA Cloverleaf Road Quezon City,0,0,0,0,0,0,0,0,0,0,2016-06-12 10:00,Property,14.6244766,121.0489584,Rear-End
None,EDSA,None,None,"No Accident Factor, Hit Object (Barrier), 0.0 drivers_injured, 0.0 drivers_killed, 0.0 passengers_injured, 0.0 passengers_killed, 0.0 pedestrian_injured, 0.0 pedestrian_killed, Fair (Night), EDSA MRT North Station Quezon City",MMDA Road Safety Unit,,d1462d16-3c86-473d-b783-a418d63f0b9e,2016-06-11,20:45:00,EDSA Quezon Ave. Quezon City,0,0,0,0,0,0,0,0,0,0,2016-06-12 4:45,Property,14.65224665,121.0323026,Hit Object
None,EDSA,None,None,"No Accident Factor, Side Swipe, 0.0 drivers_injured, 0.0 drivers_killed, 0.0 passengers_injured, 0.0 passengers_killed, 0.0 pedestrian_injured, 0.0 pedestrian_killed, Fair (Night), EDSA Toyota Motors, SM North Quezon City",MMDA Road Safety Unit,,1accfb2c-e97e-4e2b-8830-0adeb980d905,2016-06-11,18:35:00,EDSA Cloverleaf Road Quezon City,0,0,0,0,0,0,0,0,0,0,2016-06-12 2:35,Property,14.65684068,121.0250616,Side Swipe
None,EDSA,None,None,"No Accident Factor, No Collision Stated (based on Police Blotter Book), 0.0 drivers_injured, 0.0 drivers_killed, 0.0 passengers_injured, 0.0 passengers_killed, 0.0 pedestrian_injured, 0.0 pedestrian_killed, Fair (Night), EDSA Five Star Bus Terminal, E. Rod.  Quezon City",MMDA Road Safety Unit,,d649d6cb-0c60-4d33-9485-4b6832110731,2016-06-11,12:00:00,EDSA Quezon City Academy (NB) Quezon City,0,0,0,0,0,0,0,0,0,0,2016-06-11 20:00,Property,14.62375691,121.0492447,No Collision Stated
None,EDSA,None,None,"No Accident Factor, No Collision Stated (based on Police Blotter Book), 0.0 drivers_injured, 0.0 drivers_killed, 0.0 passengers_injured, 0.0 passengers_killed, 0.0 pedestrian_injured, 0.0 pedestrian_killed, Fair (Night), EDSA GMA-7 Drive Quezon City",MMDA Road Safety Unit,,dd84f6c2-64d6-4da5-99a3-6d23976a4c56,2016-06-11,10:30:00,"EDSA East Ave., Pinyahan Quezon City",0,0,0,0,0,0,0,0,0,0,2016-06-11 18:30,Property,14.63467214,121.0435714,No Collision Stated
None,EDSA,None,None,"No Accident Factor, Side Swipe, 0.0 drivers_injured, 0.0 drivers_killed, 0.0 passengers_injured, 0.0 passengers_killed, 0.0 pedestrian_injured, 0.0 pedestrian_killed, Fair (Day), EDSA Monte De Piedad St.  Quezon City",MMDA Road Safety Unit,,2d00733e-3b27-46f0-b491-26cb4557a5d8,2016-06-11,09:55:00,EDSA Main Ave. Quezon City,0,0,0,0,0,0,0,0,0,0,2016-06-11 17:55,Property,14.62346937,121.0491711,Side Swipe
None,EDSA,None,None,"No Accident Factor, No Collision Stated (based on Police Blotter Book), 0.0 drivers_injured, 0.0 drivers_killed, 0.0 passengers_injured, 0.0 passengers_killed, 0.0 pedestrian_injured, 0.0 pedestrian_killed, Fair (Day), EDSA Quezon Ave., Bagong Pag-asa Quezon City",MMDA Road Safety Unit,,f65f1ce0-2272-4e29-86a3-d867a30e9b30,2016-06-11,06:30:00,"EDSA Kamias Road, West Kamias Quezon City",0,0,0,0,0,0,0,0,0,0,2016-06-11 14:30,Property,14.6442444,121.0375839,No Collision Stated
None,EDSA,None,None,"No Accident Factor, No Collision Stated (based on Police Blotter Book), 0.0 drivers_injured, 0.0 drivers_killed, 0.0 passengers_injured, 0.0 passengers_killed, 0.0 pedestrian_injured, 0.0 pedestrian_killed, Fair (Day), EDSA Oliveros Drive Quezon City",MMDA Road Safety Unit,,37d7df4d-f6ea-4a55-a66b-7b668121c5df,2016-06-11,00:15:00,EDSA Ermin Garcia (SB) Quezon City,0,0,0,0,0,0,0,0,0,0,2016-06-11 8:15,Property,14.65762799,121.0065288,No Collision Stated
None,EDSA,None,None,"No Accident Factor, Side Swipe, 0.0 drivers_injured, 0.0 drivers_killed, 0.0 passengers_injured, 0.0 passengers_killed, 0.0 pedestrian_injured, 0.0 pedestrian_killed, Fair (Night), EDSA White Plains Quezon City",MMDA Road Safety Unit,,2a21f3db-465b-4ea4-b023-54af89fb969f,2016-06-10,16:25:00,EDSA Main Ave. Quezon City,0,0,0,0,0,0,0,0,0,0,2016-06-11 0:25,Property,14.59961782,121.0596522,Side Swipe
None,EDSA,None,None,"No Accident Factor, Rear-end, 0.0 drivers_injured, 0.0 drivers_killed, 0.0 passengers_injured, 0.0 passengers_killed, 0.0 pedestrian_injured, 0.0 pedestrian_killed, Fair (Night), EDSA Gate 3, Camp Aguinaldo Quezon City",MMDA Road Safety Unit,,d4ea7d20-9fc0-46de-91e3-9cdcdfd2e57c,2016-06-10,15:45:00,EDSA GMA MRT Station  Quezon City,0,0,0,0,0,0,0,0,0,0,2016-06-10 23:45,Property,14.6047252,121.0579426,Rear-End
None,EDSA,None,None,"No Accident Factor, No Collision Stated (based on Police Blotter Book), 0.0 drivers_injured, 0.0 drivers_killed, 0.0 passengers_injured, 0.0 passengers_killed, 0.0 pedestrian_injured, 0.0 pedestrian_killed, Fair (Day), EDSA Nueva Ecija St., Ramon Magsaysay Quezon City",MMDA Road Safety Unit,,05851c98-fa0e-4c06-8316-60940a9879e1,2016-06-10,07:30:00,EDSA Mrt Balintawak (SB) Quezon City,0,0,0,0,0,0,0,0,0,0,2016-06-10 15:30,Property,14.65665894,121.026062,No Collision Stated
None,EDSA,None,None,"No Accident Factor, Side Swipe, 0.0 drivers_injured, 0.0 drivers_killed, 0.0 passengers_injured, 0.0 passengers_killed, 0.0 pedestrian_injured, 0.0 pedestrian_killed, Fair (Day), EDSA P. Tuazon Blvd., Socorro Quezon City",MMDA Road Safety Unit,,f75c4c62-bdd3-40d5-ad3f-14e7cf91c323,2016-06-10,06:30:00,EDSA Balintawak MRT Station Quezon City,0,0,0,0,0,0,0,0,0,0,2016-06-10 14:30,Property,14.61656342,121.0525225,Side Swipe
None,EDSA,None,None,"No Accident Factor, Side Swipe, 0.0 drivers_injured, 0.0 drivers_killed, 0.0 passengers_injured, 0.0 passengers_killed, 0.0 pedestrian_injured, 0.0 pedestrian_killed, Fair (Day), EDSA Five Star Bus Terminal, E. Rod. Cubao Quezon City",MMDA Road Safety Unit,,3ba077cb-b876-41d0-b2db-b0f85cc1d498,2016-06-10,04:00:00,EDSA Timog Ave. (WB) Quezon City,0,0,0,0,0,0,0,0,0,0,2016-06-10 12:00,Property,14.62375691,121.0492447,Side Swipe
None,EDSA,None,None,"No Accident Factor, No Collision Stated (based on Police Blotter Book), 0.0 drivers_injured, 0.0 drivers_killed, 0.0 passengers_injured, 0.0 passengers_killed, 0.0 pedestrian_injured, 0.0 pedestrian_killed, Fair (Day), EDSA Scout Borromeo St.  Quezon City",MMDA Road Safety Unit,,e1af59fd-ccc8-4e49-bbf8-660c896f4d8b,2016-06-10,03:40:00,EDSA E. Lopez St.  Quezon City,0,0,0,0,0,0,0,0,0,0,2016-06-10 11:40,Property,14.63715712,121.0419507,No Collision Stated
None,EDSA,None,None,"No Accident Factor, Side Swipe, 0.0 drivers_injured, 0.0 drivers_killed, 0.0 passengers_injured, 0.0 passengers_killed, 0.0 pedestrian_injured, 0.0 pedestrian_killed, Fair (Day), EDSA East Ave. Quezon City",MMDA Road Safety Unit,,a1e6c317-e1a3-4c34-91e4-cb3a543fefc0,2016-06-09,22:55:00,EDSA Quezon Ave. (SB) Quezon City,0,0,0,0,0,0,0,0,0,0,2016-06-10 6:55,Property,14.6328297,121.0451176,Side Swipe
None,EDSA,None,None,"No Accident Factor, Head-on, 0.0 drivers_injured, 0.0 drivers_killed, 0.0 passengers_injured, 0.0 passengers_killed, 0.0 pedestrian_injured, 0.0 pedestrian_killed, Fair (Day), EDSA Corinthian Gate 1, Ugong Norte Quezon City",MMDA Road Safety Unit,,0826508c-c423-4b84-98ef-0a688263ecb1,2016-06-09,22:20:00,"EDSA Superlines Bus Terminal, E. Rod. Quezon City",0,0,0,0,0,0,0,0,0,0,2016-06-10 6:20,Property,14.59580783,121.0595248,Head-On
None,EDSA,None,None,"No Accident Factor, Rear-end, 0.0 drivers_injured, 0.0 drivers_killed, 0.0 passengers_injured, 0.0 passengers_killed, 0.0 pedestrian_injured, 0.0 pedestrian_killed, Fair (Night), EDSA East Ave., Pinyahan Quezon City",MMDA Road Safety Unit,,47d49f88-3f09-444c-af82-32ed2ab3435f,2016-06-09,21:45:00,"EDSA East Ave., Pinyahan Quezon City",0,0,0,0,0,0,0,0,0,0,2016-06-10 5:45,Property,14.6328297,121.0451176,Rear-End
None,EDSA,None,None,"No Accident Factor, Hit Object (Barrier), 0.0 drivers_injured, 0.0 drivers_killed, 0.0 passengers_injured, 0.0 passengers_killed, 0.0 pedestrian_injured, 0.0 pedestrian_killed, Fair (Night), EDSA Dario Bridge ""U"" turn slot Quezon City",MMDA Road Safety Unit,,ac8c1170-29c8-4420-9cd9-5af83442abbc,2016-06-09,15:30:00,EDSA Cloverleaf Road Quezon City,0,0,0,0,0,0,0,0,0,0,2016-06-09 23:30,Property,14.65756963,121.0160851,Hit Object
None,EDSA,None,None,"No Accident Factor, No Collision Stated (based on Police Blotter Book), 0.0 drivers_injured, 0.0 drivers_killed, 0.0 passengers_injured, 0.0 passengers_killed, 0.0 pedestrian_injured, 0.0 pedestrian_killed, Fair (Night), EDSA Misamis St., Sto. Cristo Quezon City",MMDA Road Safety Unit,,2a266718-3bed-42f2-9f5b-65f863233668,2016-06-09,11:25:00,EDSA DLTB Bus Terminal Quezon City,0,0,0,0,0,0,0,0,0,0,2016-06-09 19:25,Property,14.65602348,121.0285212,No Collision Stated
None,EDSA,None,None,"No Accident Factor, Side Swipe, 0.0 drivers_injured, 0.0 drivers_killed, 0.0 passengers_injured, 0.0 passengers_killed, 0.0 pedestrian_injured, 0.0 pedestrian_killed, Fair (Night), EDSA White Plains Ave., Ugong Norte Quezon City",MMDA Road Safety Unit,,28fed1ce-f545-4765-bf38-7f9d9908f451,2016-06-09,10:30:00,EDSA Cloverleaf Quezon City,0,0,0,0,0,0,0,0,0,0,2016-06-09 18:30,Property,14.59961782,121.0596522,Side Swipe
None,EDSA,None,None,"No Accident Factor, No Collision Stated (based on Police Blotter Book), 0.0 drivers_injured, 0.0 drivers_killed, 0.0 passengers_injured, 0.0 passengers_killed, 0.0 pedestrian_injured, 0.0 pedestrian_killed, Fair (Night), EDSA Bansalangin Quezon City",MMDA Road Safety Unit,,67f05605-e643-4867-b420-71be43383a3e,2016-06-09,10:10:00,EDSA Home Depot Quezon City,0,0,0,0,0,0,0,0,0,0,2016-06-09 18:10,Property,14.6567996,121.0241845,No Collision Stated
None,EDSA,None,None,"No Accident Factor, Rear-end, 0.0 drivers_injured, 0.0 drivers_killed, 0.0 passengers_injured, 0.0 passengers_killed, 0.0 pedestrian_injured, 0.0 pedestrian_killed, Fair (Day), EDSA K-10th St., West Kamias Quezon City",MMDA Road Safety Unit,,a2a52d04-7ad5-4013-a003-4f9cf0603efc,2016-06-09,08:20:00,"EDSA Five Star Bus Terminal, Cubao Quezon City",0,0,0,0,0,0,0,0,0,0,2016-06-09 16:20,Property,14.62879439,121.046914,Rear-End
None,EDSA,None,None,"No Accident Factor, Side Swipe, 0.0 drivers_injured, 0.0 drivers_killed, 0.0 passengers_injured, 0.0 passengers_killed, 0.0 pedestrian_injured, 0.0 pedestrian_killed, Fair (Day), EDSA Cloverleaf Quezon City",MMDA Road Safety Unit,,108b1df2-238f-4cc3-abde-ebe5a7314594,2016-06-09,06:10:00,"EDSA Florida Bus Terminal, West Kamias Quezon City",0,0,0,0,0,0,0,0,0,0,2016-06-09 14:10,Property,14.65747901,121.0011914,Side Swipe
None,EDSA,None,None,"No Accident Factor, Rear-end, 0.0 drivers_injured, 0.0 drivers_killed, 0.0 passengers_injured, 0.0 passengers_killed, 0.0 pedestrian_injured, 0.0 pedestrian_killed, Fair (Day), EDSA Monte De Piedad St.  Quezon City",MMDA Road Safety Unit,,607c9be1-0804-482e-94ab-a4c93b8c6ffc,2016-06-09,05:50:00,EDSA MRT North Station  Quezon City,0,0,0,0,0,0,0,0,0,0,2016-06-09 13:50,Property,14.62346937,121.0491711,Rear-End
None,EDSA,None,None,"No Accident Factor, Side Swipe, 0.0 drivers_injured, 0.0 drivers_killed, 0.0 passengers_injured, 0.0 passengers_killed, 0.0 pedestrian_injured, 0.0 pedestrian_killed, Fair (Day), EDSA North Road Quezon City",MMDA Road Safety Unit,,93adf3da-bfd6-4422-827a-9efdd94c9037,2016-06-09,05:00:00,"EDSA East Ave., Pinyahan Quezon City",0,0,0,0,0,0,0,0,0,0,2016-06-09 13:00,Property,14.61444188,121.0532975,Side Swipe
None,EDSA,None,None,"No Accident Factor, Rear-end, 1.0 drivers_injured, 0.0 drivers_killed, 0.0 passengers_injured, 0.0 passengers_killed, 0.0 pedestrian_injured, 0.0 pedestrian_killed, Fair (Day), EDSA Oliveros Drive Quezon City",MMDA Road Safety Unit,,3cdc7ec0-e843-417d-87ac-39d4d992d989,2016-06-09,04:20:00,EDSA P. Tuazon St. (NB) Quezon City,0,0,0,1,0,0,0,0,0,1,2016-06-09 12:20,Injury,14.65762799,121.0065288,Rear-End
None,EDSA,None,None,"No Accident Factor, Angle Impact, 0.0 drivers_injured, 0.0 drivers_killed, 0.0 passengers_injured, 0.0 passengers_killed, 0.0 pedestrian_injured, 0.0 pedestrian_killed, Fair (Day), EDSA Gen. Mc Arthur Ave., Socorro Quezon City",MMDA Road Safety Unit,,417af64a-0960-46c4-8d05-4d2410806019,2016-06-09,03:15:00,EDSA Main Ave. (NB) Quezon City,0,0,0,0,0,0,0,0,0,0,2016-06-09 11:15,Property,14.61805145,121.0517604,Angle Impact
None,EDSA,None,None,"No Accident Factor, No Collision Stated (based on Police Blotter Book), 0.0 drivers_injured, 0.0 drivers_killed, 0.0 passengers_injured, 0.0 passengers_killed, 0.0 pedestrian_injured, 0.0 pedestrian_killed, Fair (Day), EDSA Kamuning Road Quezon City",MMDA Road Safety Unit,,d7e48492-8b6b-40d2-9d8a-b1880a26f6ff,2016-06-09,00:10:00,"EDSA ""U"" turn slot, Nueva Ecija Street, Ramon Magsaysay Quezon City",0,0,0,0,0,0,0,0,0,0,2016-06-09 8:10,Property,14.63075725,121.0457548,No Collision Stated