LOCATION_TEXT,ROAD,WEATHER,LIGHT,DESC,REPORTING_AGENCY,MAIN_CAUSE,INCIDENTDETAILS_ID,DATE_UTC,TIME_UTC,ADDRESS,killed_driver,killed_passenger,killed_pedestrian,injured_driver,injured_passenger,injured_pedestrian,killed_uncategorized,injured_uncategorized,killed_total,injured_total,DATETIME_PST,SEVERITY,Y,X,COLLISION_TYPE
None,EDSA,None,None,"No Accident Factor, Rear-end, 0.0 drivers_injured, 0.0 drivers_killed, 0.0 passengers_injured, 0.0 passengers_killed, 0.0 pedestrian_injured, 0.0 pedestrian_killed, Fair (Day), EDSA Nepa Q-Mart, E. Rod. Quezon City",MMDA Road Safety Unit,,cde1ff2e-3e98-4e17-9c3c-4e6485378c4b,2016-06-08,23:30:00,EDSA Kamuning (SB) Quezon City,0,0,0,0,0,0,0,0,0,0,2016-06-09 7:30,Property,14.62805361,121.0472521,Rear-End
None,EDSA,None,None,"No Accident Factor, Rear-end, 0.0 drivers_injured, 0.0 drivers_killed, 0.0 passengers_injured, 0.0 passengers_killed, 0.0 pedestrian_injured, 0.0 pedestrian_killed, Fair (Night), EDSA ""U"" turn slot, Col. Bonny Serrano Ave. Quezon City",MMDA Road Safety Unit,,ad3e88ed-d874-456c-9b5a-1d965155ab45,2016-06-08,14:05:00,EDSA Aurora Blvd. (NB) Quezon City,0,0,0,0,0,0,0,0,0,0,2016-06-08 22:05,Property,14.61044174,121.0551657,Rear-End
None,EDSA,None,None,"No Accident Factor, Rear-end, 0.0 drivers_injured, 0.0 drivers_killed, 0.0 passengers_injured, 0.0 passengers_killed, 0.0 pedestrian_injured, 0.0 pedestrian_killed, Fair (Night), EDSA Kamias Road, East Kamias Quezon City",MMDA Road Safety Unit,,c3730321-0ef8-408b-89bc-648ff80ba46e,2016-06-08,13:30:00,EDSA Ermin Garcia (NB) Quezon City,0,0,0,0,0,0,0,0,0,0,2016-06-08 21:30,Property,14.6309142,121.0459376,Rear-End
None,EDSA,None,None,"No Accident Factor, Side Swipe, 0.0 drivers_injured, 0.0 drivers_killed, 0.0 passengers_injured, 0.0 passengers_killed, 0.0 pedestrian_injured, 0.0 pedestrian_killed, Fair (Night), EDSA Gen. Roxas Ave., Socorro Quezon City",MMDA Road Safety Unit,,67a3f7be-171a-40c2-883f-f403a0061cf1,2016-06-08,13:30:00,EDSA Five Star (NB) Quezon City,0,0,0,0,0,0,0,0,0,0,2016-06-08 21:30,Property,14.62042254,121.0508064,Side Swipe
None,EDSA,None,None,"No Accident Factor, Rear-end, 1.0 drivers_injured, 0.0 drivers_killed, 0.0 passengers_injured, 0.0 passengers_killed, 0.0 pedestrian_injured, 0.0 pedestrian_killed, Fair (Night), EDSA Royal Quezon City",MMDA Road Safety Unit,,2f85a236-35e7-41c6-b784-6f594f98d6d3,2016-06-08,11:30:00,EDSA Santolan Mrt (NB) Quezon City,0,0,0,1,0,0,0,0,0,1,2016-06-08 19:30,Injury,14.65767141,121.0107008,Rear-End
None,EDSA,None,None,"No Accident Factor, No Collision Stated (based on Police Blotter Book), 1.0 drivers_injured, 0.0 drivers_killed, 0.0 passengers_injured, 0.0 passengers_killed, 0.0 pedestrian_injured, 0.0 pedestrian_killed, Fair (Night), EDSA Landmark Quezon City",MMDA Road Safety Unit,,7fcb7e46-cee2-4c0b-ae05-c59841f78d7b,2016-06-08,10:15:00,"EDSA DPWH Office, Pinyahan Quezon City",0,0,0,1,0,0,0,0,0,1,2016-06-08 18:15,Injury,14.6509773,121.0331821,No Collision Stated
None,EDSA,None,None,"No Accident Factor, Side Swipe, 0.0 drivers_injured, 0.0 drivers_killed, 0.0 passengers_injured, 0.0 passengers_killed, 0.0 pedestrian_injured, 0.0 pedestrian_killed, Fair (Day), EDSA Baliwag Bus Terminal, E. Rod. Quezon City",MMDA Road Safety Unit,,8d92e3cf-db72-4a90-95b6-556438feb1c8,2016-06-08,04:15:00,"EDSA Main Ave., Socorro Quezon City",0,0,0,0,0,0,0,0,0,0,2016-06-08 12:15,Property,14.6244766,121.0489584,Side Swipe
None,EDSA,None,None,"No Accident Factor, Side Swipe, 1.0 drivers_injured, 0.0 drivers_killed, 0.0 passengers_injured, 0.0 passengers_killed, 0.0 pedestrian_injured, 0.0 pedestrian_killed, Fair (Day), EDSA Ramon Magsaysay High School (WB) Quezon City",MMDA Road Safety Unit,,a134b7d0-5f80-4fe2-b55f-4943c5320ea1,2016-06-08,01:25:00,EDSA Santolan (SB) Quezon City,0,0,0,1,0,0,0,0,0,1,2016-06-08 9:25,Injury,14.62774693,121.0471762,Side Swipe
None,EDSA,None,None,"No Accident Factor, Side Swipe, 0.0 drivers_injured, 0.0 drivers_killed, 0.0 passengers_injured, 0.0 passengers_killed, 0.0 pedestrian_injured, 0.0 pedestrian_killed, Fair (Day), EDSA Col. Bonny Serrano Ave. (WB) Quezon City",MMDA Road Safety Unit,,06490a2f-c70e-4d14-8c10-48adeeb9e24c,2016-06-08,01:05:00,"EDSA Aurora Blvd., E. Rod., Cubao Quezon City",0,0,0,0,0,0,0,0,0,0,2016-06-08 9:05,Property,14.61107337,121.0550705,Side Swipe
None,EDSA,None,None,"No Accident Factor, No Collision Stated (based on Police Blotter Book), 0.0 drivers_injured, 0.0 drivers_killed, 0.0 passengers_injured, 0.0 passengers_killed, 0.0 pedestrian_injured, 0.0 pedestrian_killed, Fair (Night), EDSA Cloverleaf Quezon City",MMDA Road Safety Unit,,fc101ca4-857d-4b2b-b1e4-a82c73ea389b,2016-06-07,15:30:00,EDSA Aguinaldo Gate 3 (NB) Quezon City,0,0,0,0,0,0,0,0,0,0,2016-06-07 23:30,Property,14.65747901,121.0011914,No Collision Stated
None,EDSA,None,None,"No Accident Factor, Side Swipe, 0.0 drivers_injured, 0.0 drivers_killed, 0.0 passengers_injured, 0.0 passengers_killed, 0.0 pedestrian_injured, 0.0 pedestrian_killed, Fair (Night), EDSA P. Tuazon Blvd., Socorro Quezon City",MMDA Road Safety Unit,,503ce3e0-a93a-48fa-a15c-13b6490fff82,2016-06-07,15:30:00,"EDSA GMA-7 ""U"" turn slot Quezon City",0,0,0,0,0,0,0,0,0,0,2016-06-07 23:30,Property,14.61656342,121.0525225,Side Swipe
None,EDSA,None,None,"No Accident Factor, Side Swipe, 0.0 drivers_injured, 0.0 drivers_killed, 0.0 passengers_injured, 0.0 passengers_killed, 0.0 pedestrian_injured, 0.0 pedestrian_killed, Fair (Night), EDSA ""U"" turn slot, P. Tuazon Blvd.  Quezon City",MMDA Road Safety Unit,,13dac2f2-0d0d-40c4-8d61-c4b870c198fc,2016-06-07,15:00:00,"EDSA ""U"" turn slot, Quezon City Academy (NB) Quezon City",0,0,0,0,0,0,0,0,0,0,2016-06-07 23:00,Property,14.61624525,121.0526456,Side Swipe
None,EDSA,None,None,"No Accident Factor, Side Swipe, 0.0 drivers_injured, 0.0 drivers_killed, 0.0 passengers_injured, 0.0 passengers_killed, 0.0 pedestrian_injured, 0.0 pedestrian_killed, Fair (Night), EDSA Cloverleaf Quezon City",MMDA Road Safety Unit,,064886b6-4661-432e-ab49-deb5527f997e,2016-06-07,14:00:00,EDSA Monte De Piedad St. Quezon City,0,0,0,0,0,0,0,0,0,0,2016-06-07 22:00,Property,14.65747901,121.0011914,Side Swipe
None,EDSA,None,None,"No Accident Factor, Side Swipe, 0.0 drivers_injured, 0.0 drivers_killed, 0.0 passengers_injured, 0.0 passengers_killed, 0.0 pedestrian_injured, 0.0 pedestrian_killed, Fair (Day), EDSA Robinsons Galleria, Ugong Norte Quezon City",MMDA Road Safety Unit,,24a2752b-dc28-4fdb-8a90-6be0dd14a770,2016-06-07,09:45:00,"EDSA East Ave., Timog Ave., Pinyahan Quezon City",0,0,0,0,0,0,0,0,0,0,2016-06-07 17:45,Property,14.59206941,121.058228,Side Swipe
None,EDSA,None,None,"No Accident Factor, Rear-end, 0.0 drivers_injured, 0.0 drivers_killed, 0.0 passengers_injured, 0.0 passengers_killed, 0.0 pedestrian_injured, 0.0 pedestrian_killed, Fair (Day), EDSA New York St. (Ramon Magsaysay High School, Pinagkaisahan)  Quezon City",MMDA Road Safety Unit,,2c6e12ce-2053-41cf-9756-7164e4b48486,2016-06-07,09:30:00,EDSA Gate 2 Camp Aguinaldo Quezon City,0,0,0,0,0,0,0,0,0,0,2016-06-07 17:30,Property,14.62568514,121.0482307,Rear-End
None,EDSA,None,None,"No Accident Factor, Rear-end, 0.0 drivers_injured, 0.0 drivers_killed, 0.0 passengers_injured, 0.0 passengers_killed, 0.0 pedestrian_injured, 0.0 pedestrian_killed, Fair (Day), EDSA MRT North Station Quezon City",MMDA Road Safety Unit,,7bc37bec-bf67-4aab-b5a1-eb7fcdc9c984,2016-06-07,09:00:00,EDSA Quezon Ave. (NB) Quezon City,0,0,0,0,0,0,0,0,0,0,2016-06-07 17:00,Property,14.65224665,121.0323026,Rear-End
None,EDSA,None,None,"No Accident Factor, No Collision Stated (based on Police Blotter Book), 0.0 drivers_injured, 0.0 drivers_killed, 0.0 passengers_injured, 0.0 passengers_killed, 0.0 pedestrian_injured, 0.0 pedestrian_killed, Fair (Day), EDSA Quezon Ave., Bagong Pag-asa Quezon City",MMDA Road Safety Unit,,af1380f1-38c9-4629-88ce-e97b1dfc1c93,2016-06-07,06:35:00,EDSA Trinoma Quezon City,0,0,0,0,0,0,0,0,0,0,2016-06-07 14:35,Property,14.6442444,121.0375839,No Collision Stated
None,EDSA,None,None,"No Accident Factor, Side Swipe, 0.0 drivers_injured, 0.0 drivers_killed, 0.0 passengers_injured, 0.0 passengers_killed, 0.0 pedestrian_injured, 0.0 pedestrian_killed, Fair (Day), EDSA P. Bernardo St.  Quezon City",MMDA Road Safety Unit,,96c7755a-e119-4d91-9cbc-c525c677175d,2016-06-07,06:30:00,EDSA Trinoma Quezon City,0,0,0,0,0,0,0,0,0,0,2016-06-07 14:30,Property,14.61660092,121.0524313,Side Swipe
None,EDSA,None,None,"No Accident Factor, Rear-end, 0.0 drivers_injured, 0.0 drivers_killed, 0.0 passengers_injured, 0.0 passengers_killed, 0.0 pedestrian_injured, 0.0 pedestrian_killed, Fair (Day), EDSA Monte De Piedad St.  Quezon City",MMDA Road Safety Unit,,e7441836-d90e-4842-8d5f-300688a00d0c,2016-06-07,04:30:00,EDSA Trinoma Quezon City,0,0,0,0,0,0,0,0,0,0,2016-06-07 12:30,Property,14.62346937,121.0491711,Rear-End
None,EDSA,None,None,"No Accident Factor, Rear-end, 1.0 drivers_injured, 0.0 drivers_killed, 3.0 passengers_injured, 0.0 passengers_killed, 0.0 pedestrian_injured, 0.0 pedestrian_killed, Fair (Day), EDSA E. Rodriguez Sr. Ave.  Quezon City",MMDA Road Safety Unit,,1782d739-97e9-4ce2-894a-90649abcacdb,2016-06-07,01:30:00,EDSA P. Tuazon Blvd. Quezon City,0,0,0,1,3,0,0,0,0,4,2016-06-07 9:30,Injury,14.62161086,121.0499463,Rear-End
None,EDSA,None,None,"No Accident Factor, Rear-end, 0.0 drivers_injured, 0.0 drivers_killed, 0.0 passengers_injured, 0.0 passengers_killed, 0.0 pedestrian_injured, 0.0 pedestrian_killed, Fair (Day), EDSA East Ave. Quezon City",MMDA Road Safety Unit,,c66b7211-d32a-4648-9e2d-303bebc9ba36,2016-06-07,01:00:00,EDSA Main Ave. Quezon City,0,0,0,0,0,0,0,0,0,0,2016-06-07 9:00,Property,14.6328297,121.0451176,Rear-End
None,EDSA,None,None,"No Accident Factor, Rear-end, 0.0 drivers_injured, 0.0 drivers_killed, 0.0 passengers_injured, 0.0 passengers_killed, 0.0 pedestrian_injured, 0.0 pedestrian_killed, Fair (Day), EDSA Kamuning Road Quezon City",MMDA Road Safety Unit,,f1c3e3e9-94b5-421b-bd91-8eceaacf314a,2016-06-06,22:35:00,EDSA SM North Quezon City,0,0,0,0,0,0,0,0,0,0,2016-06-07 6:35,Property,14.63075725,121.0457548,Rear-End
None,EDSA,None,None,"No Accident Factor, Rear-end, 0.0 drivers_injured, 0.0 drivers_killed, 0.0 passengers_injured, 0.0 passengers_killed, 0.0 pedestrian_injured, 0.0 pedestrian_killed, Fair (Night), EDSA Q-Mart, E. Rodriguez Quezon City",MMDA Road Safety Unit,,e0b8ba18-1a02-4637-a344-cb1e0665a640,2016-06-06,18:30:00,"EDSA East Ave., Pinyahan Quezon City",0,0,0,0,0,0,0,0,0,0,2016-06-07 2:30,Property,14.62811603,121.0472822,Rear-End
None,EDSA,None,None,"No Accident Factor, Rear-end, 0.0 drivers_injured, 0.0 drivers_killed, 0.0 passengers_injured, 0.0 passengers_killed, 0.0 pedestrian_injured, 0.0 pedestrian_killed, Fair (Night), EDSA MRT North Station Quezon City",MMDA Road Safety Unit,,104bea5a-ecd8-42ac-8862-535f424b8897,2016-06-06,17:00:00,"EDSA Ortigas Ave., Ugong Norte Quezon City",0,0,0,0,0,0,0,0,0,0,2016-06-07 1:00,Property,14.65224665,121.0323026,Rear-End
None,EDSA,None,None,"No Accident Factor, Rear-end, 0.0 drivers_injured, 0.0 drivers_killed, 0.0 passengers_injured, 0.0 passengers_killed, 0.0 pedestrian_injured, 0.0 pedestrian_killed, Fair (Night), EDSA Victory Liner Bus Terminal Quezon City",MMDA Road Safety Unit,,843675e3-d1ff-4dea-9241-3bbe055e4a0e,2016-06-06,13:30:00,EDSA SM Annex (NB) Quezon City,0,0,0,0,0,0,0,0,0,0,2016-06-06 21:30,Property,14.63209398,121.0454876,Rear-End
None,EDSA,None,None,"No Accident Factor, Side Swipe, 0.0 drivers_injured, 0.0 drivers_killed, 0.0 passengers_injured, 0.0 passengers_killed, 0.0 pedestrian_injured, 0.0 pedestrian_killed, Fair (Night), EDSA ""U"" turn slot, GMA-7 Station Quezon City",MMDA Road Safety Unit,,858991cb-48f8-4990-9040-b6f44a8ac7f3,2016-06-06,11:50:00,EDSA Crame Gate (SB) Quezon City,0,0,0,0,0,0,0,0,0,0,2016-06-06 19:50,Property,14.63376993,121.0443308,Side Swipe
None,EDSA,None,None,"No Accident Factor, Side Swipe, 0.0 drivers_injured, 0.0 drivers_killed, 0.0 passengers_injured, 0.0 passengers_killed, 0.0 pedestrian_injured, 0.0 pedestrian_killed, Fair (Day), EDSA Aurora Blvd. Quezon City",MMDA Road Safety Unit,,89141cfd-43d2-4014-9943-f73194fc6f81,2016-06-06,08:55:00,"EDSA Aurora Blvd., Socorro Quezon City",0,0,0,0,0,0,0,0,0,0,2016-06-06 16:55,Property,14.62163653,121.0501573,Side Swipe
None,EDSA,None,None,"No Accident Factor, Rear-end, 0.0 drivers_injured, 0.0 drivers_killed, 0.0 passengers_injured, 0.0 passengers_killed, 0.0 pedestrian_injured, 0.0 pedestrian_killed, Fair (Day), EDSA Roosevelt Ave.  Quezon City",MMDA Road Safety Unit,,4794fb88-6dee-4da1-b022-3736b1a895f1,2016-06-06,08:45:00,EDSA Quezon Ave. (NB) Quezon City,0,0,0,0,0,0,0,0,0,0,2016-06-06 16:45,Property,14.65762047,121.0196373,Rear-End
None,EDSA,None,None,"No Accident Factor, Rear-end, 0.0 drivers_injured, 0.0 drivers_killed, 0.0 passengers_injured, 0.0 passengers_killed, 0.0 pedestrian_injured, 0.0 pedestrian_killed, Fair (Day), EDSA Camp Aguinaldo Gate 3 Quezon City",MMDA Road Safety Unit,,72d8e6c4-6099-4457-b918-a21b881269e3,2016-06-06,07:55:00,EDSA Kaingin Road Quezon City,0,0,0,0,0,0,0,0,0,0,2016-06-06 15:55,Property,14.60836048,121.0563667,Rear-End
None,EDSA,None,None,"No Accident Factor, Multiple Collision, 0.0 drivers_injured, 0.0 drivers_killed, 0.0 passengers_injured, 0.0 passengers_killed, 0.0 pedestrian_injured, 0.0 pedestrian_killed, Fair (Day), EDSA Santolan MRT Station, Camp Aguinaldo Quezon City",MMDA Road Safety Unit,,a8f954d7-eb11-4e19-acf8-17363bafdbf8,2016-06-06,00:50:00,EDSA Trinoma (NB) Quezon City,0,0,0,0,0,0,0,0,0,0,2016-06-06 8:50,Property,14.60773988,121.0564577,Multiple
None,EDSA,None,None,"No Accident Factor, Rear-end, 0.0 drivers_injured, 0.0 drivers_killed, 0.0 passengers_injured, 0.0 passengers_killed, 0.0 pedestrian_injured, 0.0 pedestrian_killed, Fair (Day), EDSA P. Bernardo St. Quezon City",MMDA Road Safety Unit,,16d9db48-5f9f-4196-892e-58701f167ce6,2016-06-05,23:30:00,"EDSA P. Tuazon Blvd., Socorro Quezon City",0,0,0,0,0,0,0,0,0,0,2016-06-06 7:30,Property,14.61660092,121.0524313,Rear-End
None,EDSA,None,None,"No Accident Factor, Rear-end, 0.0 drivers_injured, 0.0 drivers_killed, 0.0 passengers_injured, 0.0 passengers_killed, 0.0 pedestrian_injured, 0.0 pedestrian_killed, Fair (Day), EDSA Puregold, Balintawak Quezon City",MMDA Road Safety Unit,,5737d209-1b9f-463b-b581-90e907d2e38d,2016-06-05,22:30:00,EDSA East Ave. Quezon City,0,0,0,0,0,0,0,0,0,0,2016-06-06 6:30,Property,14.65739538,121.0046638,Rear-End
None,EDSA,None,None,"No Accident Factor, Rear-end, 0.0 drivers_injured, 0.0 drivers_killed, 0.0 passengers_injured, 0.0 passengers_killed, 0.0 pedestrian_injured, 0.0 pedestrian_killed, Fair (Night), EDSA QCPD Station 10 Quezon City",MMDA Road Safety Unit,,49e37c17-6980-4f4c-9859-12deb078aa87,2016-06-05,20:00:00,EDSA East Ave. (WB) Quezon City,0,0,0,0,0,0,0,0,0,0,2016-06-06 4:00,Property,14.62991873,121.0461256,Rear-End
None,EDSA,None,None,"No Accident Factor, No Collision Stated (based on Police Blotter Book), 0.0 drivers_injured, 0.0 drivers_killed, 0.0 passengers_injured, 0.0 passengers_killed, 0.0 pedestrian_injured, 0.0 pedestrian_killed, Fair (Day), EDSA A. Bonifacio Ave.  Quezon City",MMDA Road Safety Unit,,796c4422-463e-48e3-9118-5f11a5333be0,2016-06-05,09:00:00,"EDSA Gen. Mc Arthur Avenue, Socorro Cubao Quezon City",0,0,0,0,0,0,0,0,0,0,2016-06-05 17:00,Property,14.6573471,121.0009663,No Collision Stated
None,EDSA,None,None,"No Accident Factor, Rear-end, 0.0 drivers_injured, 0.0 drivers_killed, 0.0 passengers_injured, 0.0 passengers_killed, 0.0 pedestrian_injured, 0.0 pedestrian_killed, Fair (Day), EDSA East Ave., Pinyahan Quezon City",MMDA Road Safety Unit,,5bfad671-f64a-4e47-b322-fcd98669a8f5,2016-06-05,03:15:00,"EDSA Main Ave., Socorro Quezon City",0,0,0,0,0,0,0,0,0,0,2016-06-05 11:15,Property,14.6328297,121.0451176,Rear-End
None,EDSA,None,None,"No Accident Factor, No Collision Stated (based on Police Blotter Book), 0.0 drivers_injured, 0.0 drivers_killed, 0.0 passengers_injured, 0.0 passengers_killed, 0.0 pedestrian_injured, 0.0 pedestrian_killed, Fair (Night), EDSA Timog Ave. Quezon City",MMDA Road Safety Unit,,c62e7a18-fe74-408f-8d9f-38529b58f2bf,2016-06-04,15:00:00,EDSA Monte De Piedad St. Quezon City,0,0,0,0,0,0,0,0,0,0,2016-06-04 23:00,Property,14.63293559,121.0446304,No Collision Stated
None,EDSA,None,None,"No Accident Factor, Side Swipe, 0.0 drivers_injured, 0.0 drivers_killed, 0.0 passengers_injured, 0.0 passengers_killed, 0.0 pedestrian_injured, 0.0 pedestrian_killed, Fair (Night), EDSA P. Tuazon Blvd., Socorro Cubao Quezon City",MMDA Road Safety Unit,,a8b2174a-ab17-49d2-b3c6-a7e24cb624e9,2016-06-04,12:30:00,"EDSA Timog Ave., (NB) Quezon City",0,0,0,0,0,0,0,0,0,0,2016-06-04 20:30,Property,14.61656342,121.0525225,Side Swipe
None,EDSA,None,None,"No Accident Factor, Side Swipe, 0.0 drivers_injured, 0.0 drivers_killed, 0.0 passengers_injured, 0.0 passengers_killed, 0.0 pedestrian_injured, 0.0 pedestrian_killed, Fair (Night), EDSA Aurora Blvd., Socorro Quezon City",MMDA Road Safety Unit,,7f7a6dda-55d8-4610-94a0-a18c5460a751,2016-06-04,11:45:00,"EDSA East Ave., Pinyahan Quezon City",0,0,0,0,0,0,0,0,0,0,2016-06-04 19:45,Property,14.6218043,121.0502049,Side Swipe
None,EDSA,None,None,"No Accident Factor, Hit and Run (Side Swipe), 0.0 drivers_injured, 0.0 drivers_killed, 0.0 passengers_injured, 0.0 passengers_killed, 0.0 pedestrian_injured, 0.0 pedestrian_killed, Fair (Night), EDSA East Ave., Pinyahan Quezon City",MMDA Road Safety Unit,,a7f2f092-30f8-4096-b4bb-bba4486bf989,2016-06-04,10:00:00,EDSA Landmark  Quezon City,0,0,0,0,0,0,0,0,0,0,2016-06-04 18:00,Property,14.6328297,121.0451176,Side Swipe
None,EDSA,None,None,"No Accident Factor, Rear-end, 0.0 drivers_injured, 0.0 drivers_killed, 0.0 passengers_injured, 0.0 passengers_killed, 0.0 pedestrian_injured, 0.0 pedestrian_killed, Fair (Day), EDSA Santolan MRT Station, Camp Aguinaldo Quezon City",MMDA Road Safety Unit,,1cd99032-4fc1-4e81-a22d-3cc28d050b0f,2016-06-04,07:30:00,EDSA Kamuning (NB) Quezon City,0,0,0,0,0,0,0,0,0,0,2016-06-04 15:30,Property,14.60773988,121.0564577,Rear-End
None,EDSA,None,None,"No Accident Factor, Side Swipe, 0.0 drivers_injured, 0.0 drivers_killed, 0.0 passengers_injured, 0.0 passengers_killed, 0.0 pedestrian_injured, 0.0 pedestrian_killed, Fair (Day), EDSA Waltermart Quezon City",MMDA Road Safety Unit,,883b7ddc-1264-4a89-8ccd-f55cc7093e33,2016-06-04,07:10:00,"EDSA Kamias Road, Pinyahan Quezon City",0,0,0,0,0,0,0,0,0,0,2016-06-04 15:10,Property,14.6574558,121.0213579,Side Swipe
None,EDSA,None,None,"No Accident Factor, Side Swipe, 0.0 drivers_injured, 0.0 drivers_killed, 0.0 passengers_injured, 0.0 passengers_killed, 0.0 pedestrian_injured, 0.0 pedestrian_killed, Fair (Day), EDSA Timog Ave. (WB) Quezon City",MMDA Road Safety Unit,,10c7e2bd-e9ac-4879-8477-644ae16f090b,2016-06-04,01:15:00,"EDSA Congressional Avenue, Ramon Magsaysay Quezon City",0,0,0,0,0,0,0,0,0,0,2016-06-04 9:15,Property,14.63293559,121.0446304,Side Swipe
None,EDSA,None,None,"No Accident Factor, No Collision Stated (based on Police Blotter Book), 0.0 drivers_injured, 0.0 drivers_killed, 0.0 passengers_injured, 0.0 passengers_killed, 0.0 pedestrian_injured, 0.0 pedestrian_killed, Fair (Night), EDSA E. Garcia St. Quezon City",MMDA Road Safety Unit,,8fb2364f-31ed-4f85-bf3b-448b790cd91c,2016-06-03,21:35:00,"EDSA Baliwag Bus Terminal, E. Rodriguez Quezon City",0,0,0,0,0,0,0,0,0,0,2016-06-04 5:35,Property,14.62742033,121.0475769,No Collision Stated
None,EDSA,None,None,"No Accident Factor, Hit and Run (No Collision Stated), 0.0 drivers_injured, 0.0 drivers_killed, 0.0 passengers_injured, 0.0 passengers_killed, 0.0 pedestrian_injured, 0.0 pedestrian_killed, Fair (Night), EDSA Farmers Mall / Market Cubao, Socorro Quezon City",MMDA Road Safety Unit,,c431cd9d-162a-4633-b75c-b378dcb44ac7,2016-06-03,21:25:00,EDSA P. Tuazon (NB) Quezon City,0,0,0,0,0,0,0,0,0,0,2016-06-04 5:25,Property,14.61920525,121.0513476,No Collision Stated
None,EDSA,None,None,"No Accident Factor, Rear-end, 0.0 drivers_injured, 0.0 drivers_killed, 0.0 passengers_injured, 0.0 passengers_killed, 0.0 pedestrian_injured, 0.0 pedestrian_killed, Fair (Night), EDSA Bansalangin  Quezon City",MMDA Road Safety Unit,,ea9c9294-0566-4b5c-a5f4-cee564b0abd4,2016-06-03,20:45:00,"EDSA Fema Road, Bahay Toro Quezon City",0,0,0,0,0,0,0,0,0,0,2016-06-04 4:45,Property,14.6567996,121.0241845,Rear-End
None,EDSA,None,None,"No Accident Factor, Rear-end, 0.0 drivers_injured, 0.0 drivers_killed, 0.0 passengers_injured, 0.0 passengers_killed, 0.0 pedestrian_injured, 0.0 pedestrian_killed, Fair (Night), EDSA SM Mall North Quezon City",MMDA Road Safety Unit,,a23b48c6-4b99-4807-89ec-35cac93da804,2016-06-03,17:20:00,EDSA Santolan (NB) Quezon City,0,0,0,0,0,0,0,0,0,0,2016-06-04 1:20,Property,14.65580781,121.0293115,Rear-End
None,EDSA,None,None,"No Accident Factor, Side Swipe, 0.0 drivers_injured, 0.0 drivers_killed, 0.0 passengers_injured, 0.0 passengers_killed, 0.0 pedestrian_injured, 0.0 pedestrian_killed, Fair (Night), EDSA Five Star Bus Terminal Cubao, E. Rodriguez Quezon City",MMDA Road Safety Unit,,3babb9e9-ea61-4215-8409-f2727de6e676,2016-06-03,17:00:00,EDSA F. Lopez St. Quezon City,0,0,0,0,0,0,0,0,0,0,2016-06-04 1:00,Property,14.62375691,121.0492447,Side Swipe
None,EDSA,None,None,"No Accident Factor, Side Swipe, 0.0 drivers_injured, 0.0 drivers_killed, 0.0 passengers_injured, 0.0 passengers_killed, 0.0 pedestrian_injured, 0.0 pedestrian_killed, Fair (Night), EDSA Aurora Blvd. (EB) Quezon City",MMDA Road Safety Unit,,5de4f6f8-d4f3-467d-bfd3-85a2cd920e44,2016-06-03,15:40:00,EDSA MRT North Station  Quezon City,0,0,0,0,0,0,0,0,0,0,2016-06-03 23:40,Property,14.62151658,121.0501092,Side Swipe
None,EDSA,None,None,"No Accident Factor, Side Swipe, 0.0 drivers_injured, 0.0 drivers_killed, 0.0 passengers_injured, 0.0 passengers_killed, 0.0 pedestrian_injured, 0.0 pedestrian_killed, Fair (Night), EDSA North MRT Station Quezon City",MMDA Road Safety Unit,,da2bcb2c-d03c-41a8-b89e-360886606070,2016-06-03,13:40:00,EDSA P. Tuazon Blvd. Quezon City,0,0,0,0,0,0,0,0,0,0,2016-06-03 21:40,Property,14.65221162,121.0324012,Side Swipe
None,EDSA,None,None,"No Accident Factor, Hit and Run (No Collision Stated), 0.0 drivers_injured, 0.0 drivers_killed, 0.0 passengers_injured, 0.0 passengers_killed, 0.0 pedestrian_injured, 0.0 pedestrian_killed, Fair (Night), EDSA E. Garcia St., E. Rodriguez Quezon City",MMDA Road Safety Unit,,742e31ae-6381-4282-9eb7-a5f088ab6f1c,2016-06-03,12:30:00,"EDSA People Power Monument, Camp Aguinaldo White Plains Quezon City",0,0,0,0,0,0,0,0,0,0,2016-06-03 20:30,Property,14.62742033,121.0475769,No Collision Stated
None,EDSA,None,None,"No Accident Factor, No Collision Stated (based on Police Blotter Book), 0.0 drivers_injured, 0.0 drivers_killed, 0.0 passengers_injured, 0.0 passengers_killed, 0.0 pedestrian_injured, 0.0 pedestrian_killed, Fair (Night), EDSA Congressional Ave., Ramon Magsaysay  Quezon City",MMDA Road Safety Unit,,8474e58b-fad1-47cb-9b54-3c02e79aa73a,2016-06-03,11:30:00,EDSA Banahaw St.  Quezon City,0,0,0,0,0,0,0,0,0,0,2016-06-03 19:30,Property,14.6571804,120.9927185,No Collision Stated
None,EDSA,None,None,"No Accident Factor, No Collision Stated (based on Police Blotter Book), 0.0 drivers_injured, 0.0 drivers_killed, 0.0 passengers_injured, 0.0 passengers_killed, 0.0 pedestrian_injured, 0.0 pedestrian_killed, Fair (Night), EDSA Gen. Roxas Ave., Socorro Quezon City",MMDA Road Safety Unit,,126cabb0-7b1d-4aa3-bf61-85b87835ff95,2016-06-03,11:20:00,"EDSA QCPD-10, Kamuning  Quezon City",0,0,0,0,0,0,0,0,0,0,2016-06-03 19:20,Property,14.62042254,121.0508064,No Collision Stated