LOCATION_TEXT,ROAD,WEATHER,LIGHT,DESC,REPORTING_AGENCY,MAIN_CAUSE,INCIDENTDETAILS_ID,DATE_UTC,TIME_UTC,ADDRESS,killed_driver,killed_passenger,killed_pedestrian,injured_driver,injured_passenger,injured_pedestrian,killed_uncategorized,injured_uncategorized,killed_total,injured_total,DATETIME_PST,SEVERITY,Y,X,COLLISION_TYPE
None,EDSA,None,None,"No Accident Factor, No Collision Stated (based on Police Blotter Book), 0.0 drivers_injured, 0.0 drivers_killed, 0.0 passengers_injured, 0.0 passengers_killed, 0.0 pedestrian_injured, 0.0 pedestrian_killed, Fair (Day), EDSA ""U"" turn slot, Trinoma, Bagong Pag-asa Quezon City",MMDA Road Safety Unit,,218d49c2-e938-4f80-a0cf-545ea5e56deb,2016-06-03,09:30:00,EDSA Royal Quezon City,0,0,0,0,0,0,0,0,0,0,2016-06-03 17:30,Property,14.65360193,121.0314064,No Collision Stated
None,EDSA,None,None,"No Accident Factor, Side Swipe, 0.0 drivers_injured, 0.0 drivers_killed, 0.0 passengers_injured, 0.0 passengers_killed, 0.0 pedestrian_injured, 0.0 pedestrian_killed, Fair (Day), EDSA Main Ave. Quezon City",MMDA Road Safety Unit,,56f93c74-818e-419a-aa77-18b579fb0637,2016-06-03,08:30:00,EDSA Timog Ave.  Quezon City,0,0,0,0,0,0,0,0,0,0,2016-06-03 16:30,Property,14.61376458,121.0537933,Side Swipe
None,EDSA,None,None,"No Accident Factor, Side Swipe, 0.0 drivers_injured, 0.0 drivers_killed, 0.0 passengers_injured, 0.0 passengers_killed, 0.0 pedestrian_injured, 0.0 pedestrian_killed, Fair (Day), EDSA Cloverleaf Road Quezon City",MMDA Road Safety Unit,,fc393ffe-6708-49a6-9070-01e70223239c,2016-06-03,07:30:00,EDSA E. Lopez St.  Quezon City,0,0,0,0,0,0,0,0,0,0,2016-06-03 15:30,Property,14.65747901,121.0011914,Side Swipe
None,EDSA,None,None,"No Accident Factor, No Collision Stated (based on Police Blotter Book), 0.0 drivers_injured, 0.0 drivers_killed, 0.0 passengers_injured, 0.0 passengers_killed, 0.0 pedestrian_injured, 0.0 pedestrian_killed, Fair (Day), EDSA Congressional Ave., Ramon Magsaysay  Quezon City",MMDA Road Safety Unit,,e6146aa3-dfd5-4882-90cd-c67efc76cfc9,2016-06-03,07:30:00,EDSA Quezon Ave. Quezon City,0,0,0,0,0,0,0,0,0,0,2016-06-03 15:30,Property,14.6571804,120.9927185,No Collision Stated
None,EDSA,None,None,"No Accident Factor, Side Swipe, 0.0 drivers_injured, 0.0 drivers_killed, 0.0 passengers_injured, 0.0 passengers_killed, 0.0 pedestrian_injured, 0.0 pedestrian_killed, Fair (Day), EDSA West Ave. Quezon City",MMDA Road Safety Unit,,933be9ad-4a93-42e5-9dac-e3cd0540aafa,2016-06-03,07:00:00,EDSA West Ave. Quezon City,0,0,0,0,0,0,0,0,0,0,2016-06-03 15:00,Property,14.65548924,121.0298079,Side Swipe
None,EDSA,None,None,"No Accident Factor, Side Swipe, 0.0 drivers_injured, 0.0 drivers_killed, 0.0 passengers_injured, 0.0 passengers_killed, 0.0 pedestrian_injured, 0.0 pedestrian_killed, Fair (Day), EDSA Robinsons Galleria, Ugong Norte Quezon City",MMDA Road Safety Unit,,369d4f7a-f9ab-4c1f-b7d0-095457fc25ab,2016-06-03,06:30:00,EDSA Scout Borromeo (SB) Quezon City,0,0,0,0,0,0,0,0,0,0,2016-06-03 14:30,Property,14.59206941,121.058228,Side Swipe
None,EDSA,None,None,"No Accident Factor, Rear-end, 0.0 drivers_injured, 0.0 drivers_killed, 0.0 passengers_injured, 0.0 passengers_killed, 0.0 pedestrian_injured, 0.0 pedestrian_killed, Fair (Day), EDSA Timog Ave. Quezon City",MMDA Road Safety Unit,,f10ec26f-489d-4c25-be32-da2ab0ac464f,2016-06-03,05:30:00,"EDSA Five Star Bus Terminal Compound, Cubao, E. Rod. Quezon City",0,0,0,0,0,0,0,0,0,0,2016-06-03 13:30,Property,14.63293559,121.0446304,Rear-End
None,EDSA,None,None,"No Accident Factor, Side Swipe, 0.0 drivers_injured, 0.0 drivers_killed, 0.0 passengers_injured, 0.0 passengers_killed, 0.0 pedestrian_injured, 0.0 pedestrian_killed, Fair (Day), EDSA Dagupan Bus Terminal Quezon City",MMDA Road Safety Unit,,3a38cefc-d98b-4d99-a0b5-6f352e805f0e,2016-06-03,05:25:00,EDSA East Ave. Quezon City,0,0,0,0,0,0,0,0,0,0,2016-06-03 13:25,Property,14.62601791,121.0479945,Side Swipe
None,EDSA,None,None,"No Accident Factor, Side Swipe, 0.0 drivers_injured, 0.0 drivers_killed, 0.0 passengers_injured, 0.0 passengers_killed, 0.0 pedestrian_injured, 0.0 pedestrian_killed, Fair (Day), EDSA MMDA Emergency Station, Pinyahan Quezon City",MMDA Road Safety Unit,,eb8f729e-c6cb-4c30-8e75-c31a85981e42,2016-06-03,00:10:00,"EDSA ""U"" turn slot, Quezon City Academy (SB) Quezon City",0,0,0,0,0,0,0,0,0,0,2016-06-03 8:10,Property,14.6284636,121.0471011,Side Swipe
None,EDSA,None,None,"No Accident Factor, Side Swipe, 0.0 drivers_injured, 0.0 drivers_killed, 0.0 passengers_injured, 0.0 passengers_killed, 0.0 pedestrian_injured, 0.0 pedestrian_killed, Fair (Night), EDSA ""U"" turn slot, Panay Ave. Quezon City",MMDA Road Safety Unit,,173952cf-8855-4580-a3a9-d013caa6b407,2016-06-02,18:45:00,EDSA Aurora Blvd. Quezon City,0,0,0,0,0,0,0,0,0,0,2016-06-03 2:45,Property,14.64349337,121.0379848,Side Swipe
None,EDSA,None,None,"No Accident Factor, Side Swipe, 0.0 drivers_injured, 0.0 drivers_killed, 0.0 passengers_injured, 0.0 passengers_killed, 0.0 pedestrian_injured, 0.0 pedestrian_killed, Fair (Night), EDSA Mapagmahal St. (DILG Bldg.), Pinyahan Quezon City",MMDA Road Safety Unit,,42e4688f-b560-4383-bf14-c79144497dcd,2016-06-02,18:00:00,EDSA New York (NB) Quezon City,0,0,0,0,0,0,0,0,0,0,2016-06-03 2:00,Property,14.63185046,121.0455315,Side Swipe
None,EDSA,None,None,"No Accident Factor, No Collision Stated (based on Police Blotter Book), 0.0 drivers_injured, 0.0 drivers_killed, 0.0 passengers_injured, 0.0 passengers_killed, 0.0 pedestrian_injured, 0.0 pedestrian_killed, Fair (Night), EDSA Roosevelt Ave., Katipu Quezon City",MMDA Road Safety Unit,,c9e78f83-1321-43e2-8579-b87ad60c4344,2016-06-02,13:45:00,EDSA West Ave. Quezon City,0,0,0,0,0,0,0,0,0,0,2016-06-02 21:45,Property,14.65762047,121.0196373,No Collision Stated
None,EDSA,None,None,"No Accident Factor, Side Swipe, 0.0 drivers_injured, 0.0 drivers_killed, 0.0 passengers_injured, 0.0 passengers_killed, 0.0 pedestrian_injured, 0.0 pedestrian_killed, Fair (Day), EDSA ""U"" turn slot GMA 7, Pinyahan Quezon City",MMDA Road Safety Unit,,8c8964c3-2a06-4c2a-a9e2-a9290834cc2c,2016-06-02,09:05:00,EDSA New York (NB) Quezon City,0,0,0,0,0,0,0,0,0,0,2016-06-02 17:05,Property,14.63376981,121.0443161,Side Swipe
None,EDSA,None,None,"No Accident Factor, Side Swipe, 0.0 drivers_injured, 0.0 drivers_killed, 0.0 passengers_injured, 0.0 passengers_killed, 0.0 pedestrian_injured, 0.0 pedestrian_killed, Fair (Day), EDSA Col. Bonny Serrano Ave. (EB) Quezon City",MMDA Road Safety Unit,,cad92e0d-c840-44a7-9978-809cea8c29f5,2016-06-02,06:45:00,EDSA Scout Borromeo St. Quezon City,0,0,0,0,0,0,0,0,0,0,2016-06-02 14:45,Property,14.61107337,121.0550705,Side Swipe
None,EDSA,None,None,"No Accident Factor, Side Swipe, 0.0 drivers_injured, 0.0 drivers_killed, 0.0 passengers_injured, 0.0 passengers_killed, 0.0 pedestrian_injured, 0.0 pedestrian_killed, Fair (Day), EDSA Col. Bonny Serrano Ave. (EB) Quezon City",MMDA Road Safety Unit,,9c1df77a-2990-4cfe-9a6c-041068d1e630,2016-06-02,06:45:00,EDSA Ortigas Ave. Quezon City,0,0,0,0,0,0,0,0,0,0,2016-06-02 14:45,Property,14.61107337,121.0550705,Side Swipe
None,EDSA,None,None,"No Accident Factor, Rear-end, 0.0 drivers_injured, 0.0 drivers_killed, 0.0 passengers_injured, 0.0 passengers_killed, 0.0 pedestrian_injured, 0.0 pedestrian_killed, Fair (Day), EDSA Quezon Ave. Quezon City",MMDA Road Safety Unit,,9c404cec-064f-4ef8-9b4e-097bc78c320c,2016-06-02,05:20:00,"EDSA Kamias, Kamuning Quezon City",0,0,0,0,0,0,0,0,0,0,2016-06-02 13:20,Property,14.6442444,121.0375839,Rear-End
None,EDSA,None,None,"No Accident Factor, Rear-end, 0.0 drivers_injured, 0.0 drivers_killed, 0.0 passengers_injured, 0.0 passengers_killed, 0.0 pedestrian_injured, 0.0 pedestrian_killed, Fair (Day), EDSA P. Tuazon St. Quezon City",MMDA Road Safety Unit,,f31b7762-deea-474d-8118-77f4e5d5f607,2016-06-02,04:05:00,EDSA Gen. Roxas Ave. Quezon City,0,0,0,0,0,0,0,0,0,0,2016-06-02 12:05,Property,14.61656342,121.0525225,Rear-End
None,EDSA,None,None,"No Accident Factor, Side Swipe, 0.0 drivers_injured, 0.0 drivers_killed, 0.0 passengers_injured, 0.0 passengers_killed, 0.0 pedestrian_injured, 0.0 pedestrian_killed, Fair (Day), EDSA Bansalangin St.  Quezon City",MMDA Road Safety Unit,,fc118f94-6fc3-406c-9e49-6b4f11db46f4,2016-06-02,01:30:00,EDSA P. Tuazon Blvd. Quezon City,0,0,0,0,0,0,0,0,0,0,2016-06-02 9:30,Property,14.6567996,121.0241845,Side Swipe
None,EDSA,None,None,"No Accident Factor, Side Swipe, 0.0 drivers_injured, 0.0 drivers_killed, 0.0 passengers_injured, 0.0 passengers_killed, 0.0 pedestrian_injured, 0.0 pedestrian_killed, Fair (Day), EDSA South Road Quezon City",MMDA Road Safety Unit,,34700662-3a16-4b7e-b8e0-d8832fa94646,2016-06-02,00:00:00,EDSA P. Tuazon Blvd. Quezon City,0,0,0,0,0,0,0,0,0,0,2016-06-02 8:00,Property,14.61321318,121.053905,Side Swipe
None,EDSA,None,None,"No Accident Factor, Hit and Run (No Collision Stated), 0.0 drivers_injured, 0.0 drivers_killed, 0.0 passengers_injured, 0.0 passengers_killed, 0.0 pedestrian_injured, 0.0 pedestrian_killed, Fair (Night), EDSA P. Tuazon Blvd., Socorro Quezon City",MMDA Road Safety Unit,,6e8a63c2-cab3-45e9-8683-202045c3d242,2016-06-01,11:40:00,EDSA Santolan Service Road (NB) Quezon City,0,0,0,0,0,0,0,0,0,0,2016-06-01 19:40,Property,14.61656342,121.0525225,No Collision Stated
None,EDSA,None,None,"No Accident Factor, Rear-end, 0.0 drivers_injured, 0.0 drivers_killed, 1.0 passengers_injured, 0.0 passengers_killed, 0.0 pedestrian_injured, 0.0 pedestrian_killed, Fair (Day), EDSA Puregold Supermarket, Balintawak Quezon City",MMDA Road Safety Unit,,202f1925-f152-456e-9118-bfdcf41efbc8,2016-06-01,06:00:00,EDSA Superlines Bus Terminal Quezon City,0,0,0,0,1,0,0,0,0,1,2016-06-01 14:00,Injury,14.65739538,121.0046638,Rear-End
None,EDSA,None,None,"No Accident Factor, Rear-end, 0.0 drivers_injured, 0.0 drivers_killed, 0.0 passengers_injured, 0.0 passengers_killed, 0.0 pedestrian_injured, 0.0 pedestrian_killed, Fair (Day), EDSA K-3rd St. Extn. Quezon City",MMDA Road Safety Unit,,0ff100f0-82f6-419a-af1b-a785a8882901,2016-06-01,04:30:00,EDSA Col. Bonny Serrano Ave. Quezon City,0,0,0,0,0,0,0,0,0,0,2016-06-01 12:30,Property,14.62942357,121.0463854,Rear-End
None,EDSA,None,None,"No Accident Factor, No Collision Stated (based on Police Blotter Book), 0.0 drivers_injured, 0.0 drivers_killed, 0.0 passengers_injured, 0.0 passengers_killed, 0.0 pedestrian_injured, 0.0 pedestrian_killed, Fair (Day), EDSA Corregidor St., R. Magsaysay Quezon City",MMDA Road Safety Unit,,fb3239d6-e46c-49e6-bcaf-0b811656fcf8,2016-06-01,02:00:00,EDSA Timog Ave. Quezon City,0,0,0,0,0,0,0,0,0,0,2016-06-01 10:00,Property,14.65707679,121.0241648,No Collision Stated
None,EDSA,None,None,"No Accident Factor, Side Swipe, 0.0 drivers_injured, 0.0 drivers_killed, 0.0 passengers_injured, 0.0 passengers_killed, 0.0 pedestrian_injured, 0.0 pedestrian_killed, Fair (Night), EDSA Cloverleaf Road Quezon City",MMDA Road Safety Unit,,6c384dba-9fa4-4295-a997-ade6e318dda7,2016-05-31,11:50:00,EDSA Timog (SB) Quezon City,0,0,0,0,0,0,0,0,0,0,2016-05-31 19:50,Property,14.65747901,121.0011914,Side Swipe
None,EDSA,None,None,"No Accident Factor, Rear-end, 0.0 drivers_injured, 0.0 drivers_killed, 0.0 passengers_injured, 0.0 passengers_killed, 0.0 pedestrian_injured, 0.0 pedestrian_killed, Fair (Day), EDSA Cloverleaf Road Quezon City",MMDA Road Safety Unit,,a90e936f-7340-4983-8971-92b4903d8822,2016-05-31,07:30:00,EDSA Camp Aguinaldo Quezon City,0,0,0,0,0,0,0,0,0,0,2016-05-31 15:30,Property,14.65747901,121.0011914,Rear-End
None,EDSA,None,None,"No Accident Factor, Side Swipe, 0.0 drivers_injured, 0.0 drivers_killed, 0.0 passengers_injured, 0.0 passengers_killed, 0.0 pedestrian_injured, 0.0 pedestrian_killed, Fair (Day), EDSA West Ave. Quezon City",MMDA Road Safety Unit,,4e29a052-0d5a-497b-b5fb-40c1b9c49db7,2016-05-31,06:00:00,EDSA East Ave. Quezon City,0,0,0,0,0,0,0,0,0,0,2016-05-31 14:00,Property,14.65548924,121.0298079,Side Swipe
None,EDSA,None,None,"No Accident Factor, Rear-end, 0.0 drivers_injured, 0.0 drivers_killed, 0.0 passengers_injured, 0.0 passengers_killed, 0.0 pedestrian_injured, 0.0 pedestrian_killed, Fair (Day), EDSA Timog Ave. Quezon City",MMDA Road Safety Unit,,a675a1bd-fc69-449b-a6ac-4671cb0d1534,2016-05-30,22:30:00,EDSA Corinthian (NB) Quezon City,0,0,0,0,0,0,0,0,0,0,2016-05-31 6:30,Property,14.63293559,121.0446304,Rear-End
None,EDSA,None,None,"No Accident Factor, Rear-end, 0.0 drivers_injured, 0.0 drivers_killed, 0.0 passengers_injured, 0.0 passengers_killed, 0.0 pedestrian_injured, 0.0 pedestrian_killed, Fair (Night), EDSA Aurora Blvd., E. Rodriguez Quezon City",MMDA Road Safety Unit,,17be6481-e291-4a5b-8de8-23c188498b59,2016-05-30,21:40:00,EDSA Scout Borromeo (SB) Quezon City,0,0,0,0,0,0,0,0,0,0,2016-05-31 5:40,Property,14.6218043,121.0502049,Rear-End
None,EDSA,None,None,"No Accident Factor, Rear-end, 0.0 drivers_injured, 0.0 drivers_killed, 0.0 passengers_injured, 0.0 passengers_killed, 0.0 pedestrian_injured, 0.0 pedestrian_killed, Fair (Night), EDSA Gen. Mc Arthur Ave., Socorro Quezon City",MMDA Road Safety Unit,,f3af605a-f2d6-4a13-a2e3-db5fad4d856b,2016-05-30,15:40:00,EDSA Ermin Garcia St. Quezon City,0,0,0,0,0,0,0,0,0,0,2016-05-30 23:40,Property,14.61805145,121.0517604,Rear-End
None,EDSA,None,None,"No Accident Factor, Side Swipe, 0.0 drivers_injured, 0.0 drivers_killed, 0.0 passengers_injured, 0.0 passengers_killed, 0.0 pedestrian_injured, 0.0 pedestrian_killed, Fair (Day), EDSA Balintawak Market Quezon City",MMDA Road Safety Unit,,4b9c14f5-2f81-4606-ac0b-12fe7a58148d,2016-05-30,09:50:00,EDSA Camp Aguinaldo Quezon City,0,0,0,0,0,0,0,0,0,0,2016-05-30 17:50,Property,14.65740947,121.0025737,Side Swipe
None,EDSA,None,None,"No Accident Factor, Side Swipe, 0.0 drivers_injured, 0.0 drivers_killed, 0.0 passengers_injured, 0.0 passengers_killed, 0.0 pedestrian_injured, 0.0 pedestrian_killed, Fair (Day), EDSA North MRT Station Quezon City",MMDA Road Safety Unit,,513fc41f-42c5-4f7f-9947-d0b0b15806bf,2016-05-30,09:00:00,"EDSA Gate 3, Camp Aguinaldo Quezon City",0,0,0,0,0,0,0,0,0,0,2016-05-30 17:00,Property,14.65221162,121.0324012,Side Swipe
None,EDSA,None,None,"No Accident Factor, Multiple Collision, 0.0 drivers_injured, 0.0 drivers_killed, 0.0 passengers_injured, 0.0 passengers_killed, 0.0 pedestrian_injured, 0.0 pedestrian_killed, Fair (Day), EDSA Quezon Ave. Quezon City",MMDA Road Safety Unit,,85283ea8-2be4-4c7a-b4e8-1bcd1c31e4bf,2016-05-30,06:30:00,EDSA Col. Bonny Serrano St. Quezon City,0,0,0,0,0,0,0,0,0,0,2016-05-30 14:30,Property,14.6442444,121.0375839,Multiple
None,EDSA,None,None,"No Accident Factor, No Collision Stated (based on Police Blotter Book), 0.0 drivers_injured, 0.0 drivers_killed, 0.0 passengers_injured, 0.0 passengers_killed, 0.0 pedestrian_injured, 0.0 pedestrian_killed, Fair (Day), EDSA Camp Aguinaldo Gate 3 Quezon City",MMDA Road Safety Unit,,6ae79aa6-fd59-4196-ba49-6eb190054353,2016-05-30,05:00:00,EDSA Trinoma (SB) Quezon City,0,0,0,0,0,0,0,0,0,0,2016-05-30 13:00,Property,14.60836048,121.0563667,No Collision Stated
None,EDSA,None,None,"No Accident Factor, Hit and Run (No Collision Stated), 0.0 drivers_injured, 0.0 drivers_killed, 0.0 passengers_injured, 0.0 passengers_killed, 0.0 pedestrian_injured, 0.0 pedestrian_killed, Fair (Day), EDSA E. Garcia St., E. Rodriguez Quezon City",MMDA Road Safety Unit,,7022e24e-9232-425f-928f-2fcfb149682d,2016-05-29,23:45:00,EDSA New York St. Quezon City,0,0,0,0,0,0,0,0,0,0,2016-05-30 7:45,Property,14.62742033,121.0475769,No Collision Stated
None,EDSA,None,None,"No Accident Factor, Rear-end, 0.0 drivers_injured, 0.0 drivers_killed, 0.0 passengers_injured, 0.0 passengers_killed, 0.0 pedestrian_injured, 0.0 pedestrian_killed, Fair (Day), EDSA Quezon Ave. Quezon City",MMDA Road Safety Unit,,a23a57d9-a8ef-489c-b62c-514c1c71b881,2016-05-29,22:45:00,EDSA Farmers Plaza Cubao Quezon City,0,0,0,0,0,0,0,0,0,0,2016-05-30 6:45,Property,14.6442444,121.0375839,Rear-End
None,EDSA,None,None,"No Accident Factor, No Collision Stated (based on Police Blotter Book), 0.0 drivers_injured, 0.0 drivers_killed, 0.0 passengers_injured, 0.0 passengers_killed, 0.0 pedestrian_injured, 0.0 pedestrian_killed, Fair (Day), EDSA DLTB Bus Terminal  Quezon City",MMDA Road Safety Unit,,df417672-8850-4b7f-928c-423d1d0d4a85,2016-05-29,22:30:00,EDSA Camp Aguinaldo Quezon City,0,0,0,0,0,0,0,0,0,0,2016-05-30 6:30,Property,14.62725353,121.0473748,No Collision Stated
None,EDSA,None,None,"No Accident Factor, Rear-end, 0.0 drivers_injured, 0.0 drivers_killed, 0.0 passengers_injured, 0.0 passengers_killed, 0.0 pedestrian_injured, 0.0 pedestrian_killed, Fair (Day), EDSA GMA Drive Quezon City",MMDA Road Safety Unit,,46c59fb2-b5d4-42f1-920d-02d16ec71cfb,2016-05-29,22:10:00,EDSA New York (NB) Quezon City,0,0,0,0,0,0,0,0,0,0,2016-05-30 6:10,Property,14.63467214,121.0435714,Rear-End
None,EDSA,None,None,"No Accident Factor, Rear-end, 0.0 drivers_injured, 0.0 drivers_killed, 0.0 passengers_injured, 0.0 passengers_killed, 0.0 pedestrian_injured, 0.0 pedestrian_killed, Fair (Day), EDSA P. Tuazon Blvd. Quezon City",MMDA Road Safety Unit,,058d8a41-945a-4dbe-a947-c98b88598f92,2016-05-29,04:30:00,EDSA Timog Ave. Quezon City,0,0,0,0,0,0,0,0,0,0,2016-05-29 12:30,Property,14.61656342,121.0525225,Rear-End
None,EDSA,None,None,"No Accident Factor, Side Swipe, 0.0 drivers_injured, 0.0 drivers_killed, 0.0 passengers_injured, 0.0 passengers_killed, 0.0 pedestrian_injured, 0.0 pedestrian_killed, Fair (Night), EDSA Kamias Road (Jollibee, Pinyahan) Quezon City",MMDA Road Safety Unit,,38a86d8c-bc3d-414b-9951-439c2f715d18,2016-05-28,12:15:00,"EDSA ""U"" turn slot, Quezon City Academy, Sto. Cristo Quezon City",0,0,0,0,0,0,0,0,0,0,2016-05-28 20:15,Property,14.6309142,121.0459376,Side Swipe
None,EDSA,None,None,"No Accident Factor, Side Swipe, 0.0 drivers_injured, 0.0 drivers_killed, 0.0 passengers_injured, 0.0 passengers_killed, 0.0 pedestrian_injured, 0.0 pedestrian_killed, Fair (Day), EDSA Kamuning Road Quezon City",MMDA Road Safety Unit,,d500caa8-c2c6-4e70-86b5-70c19d770cce,2016-05-28,09:25:00,EDSA Timog Ave. Quezon City,0,0,0,0,0,0,0,0,0,0,2016-05-28 17:25,Property,14.63075725,121.0457548,Side Swipe
None,EDSA,None,None,"No Accident Factor, Side Swipe, 0.0 drivers_injured, 0.0 drivers_killed, 0.0 passengers_injured, 0.0 passengers_killed, 0.0 pedestrian_injured, 0.0 pedestrian_killed, Fair (Day), EDSA Cloverleaf Road Quezon City",MMDA Road Safety Unit,,3dffca4f-4f5d-4794-884c-4bcfa694cc66,2016-05-28,08:40:00,"EDSA Puregold, A. Samson Quezon City",0,0,0,0,0,0,0,0,0,0,2016-05-28 16:40,Property,14.65747901,121.0011914,Side Swipe
None,EDSA,None,None,"No Accident Factor, Rear-end, 0.0 drivers_injured, 0.0 drivers_killed, 0.0 passengers_injured, 0.0 passengers_killed, 0.0 pedestrian_injured, 0.0 pedestrian_killed, Fair (Day), EDSA Cloverleaf Road Quezon City",MMDA Road Safety Unit,,ddd84882-3170-448d-bf67-dcbc7e5985c1,2016-05-28,08:00:00,EDSA Santolan Mrt (SB) Quezon City,0,0,0,0,0,0,0,0,0,0,2016-05-28 16:00,Property,14.65747901,121.0011914,Rear-End
None,EDSA,None,None,"No Accident Factor, Rear-end, 0.0 drivers_injured, 0.0 drivers_killed, 0.0 passengers_injured, 0.0 passengers_killed, 0.0 pedestrian_injured, 0.0 pedestrian_killed, Fair (Day), EDSA P. Tuazon Blvd., Socorro Quezon City",MMDA Road Safety Unit,,e3b65d49-2ffa-4268-85d8-11e1be242a82,2016-05-28,07:45:00,"EDSA Bansalangin ""U"" turn slot  Quezon City",0,0,0,0,0,0,0,0,0,0,2016-05-28 15:45,Property,14.61656342,121.0525225,Rear-End
None,EDSA,None,None,"No Accident Factor, Side Swipe, 0.0 drivers_injured, 0.0 drivers_killed, 0.0 passengers_injured, 0.0 passengers_killed, 0.0 pedestrian_injured, 0.0 pedestrian_killed, Fair (Day), EDSA Aurora Blvd., Socorro Quezon City",MMDA Road Safety Unit,,6a48b7c5-3738-4c58-bf0a-ac0476acb3c7,2016-05-28,03:00:00,EDSA SM Hypermarket Quezon City,0,0,0,0,0,0,0,0,0,0,2016-05-28 11:00,Property,14.6218043,121.0502049,Side Swipe
None,EDSA,None,None,"No Accident Factor, Side Swipe, 0.0 drivers_injured, 0.0 drivers_killed, 0.0 passengers_injured, 0.0 passengers_killed, 0.0 pedestrian_injured, 0.0 pedestrian_killed, Fair (Day), EDSA Camp Aguinaldo, Col. Bonny Serrano Ave.  Quezon City",MMDA Road Safety Unit,,f0978c5e-740f-48b7-bd90-2dcf73c14825,2016-05-28,02:00:00,EDSA Quezon City Academy (NB) Quezon City,0,0,0,0,0,0,0,0,0,0,2016-05-28 10:00,Property,14.61089236,121.0551556,Side Swipe
None,EDSA,None,None,"No Accident Factor, Side Swipe, 0.0 drivers_injured, 0.0 drivers_killed, 0.0 passengers_injured, 0.0 passengers_killed, 0.0 pedestrian_injured, 0.0 pedestrian_killed, Fair (Day), EDSA Kamuning Road Quezon City",MMDA Road Safety Unit,,4b406fc4-36f5-45ce-aa53-ce8d6d2a5f37,2016-05-28,01:00:00,EDSA Main Ave. (NB) Quezon City,0,0,0,0,0,0,0,0,0,0,2016-05-28 9:00,Property,14.63075725,121.0457548,Side Swipe
None,EDSA,None,None,"No Accident Factor, Side Swipe, 0.0 drivers_injured, 0.0 drivers_killed, 0.0 passengers_injured, 0.0 passengers_killed, 0.0 pedestrian_injured, 0.0 pedestrian_killed, Fair (Night), EDSA Main Ave., Socorro Quezon City",MMDA Road Safety Unit,,5dd66fa3-16f6-4337-bf81-491ee0ce84f9,2016-05-27,14:30:00,"EDSA ES Bus Terminal, E. Rodriguez Quezon City",0,0,0,0,0,0,0,0,0,0,2016-05-27 22:30,Property,14.61376458,121.0537933,Side Swipe
None,EDSA,None,None,"No Accident Factor, Side Swipe, 0.0 drivers_injured, 0.0 drivers_killed, 0.0 passengers_injured, 0.0 passengers_killed, 0.0 pedestrian_injured, 0.0 pedestrian_killed, Fair (Night), EDSA P. Tuazon Blvd., Socorro Quezon City",MMDA Road Safety Unit,,657417ee-a648-41be-b510-14d10f0cc00c,2016-05-27,11:20:00,EDSA Kamuning Road -Kamias Road Quezon City,0,0,0,0,0,0,0,0,0,0,2016-05-27 19:20,Property,14.61656342,121.0525225,Side Swipe
None,EDSA,None,None,"No Accident Factor, Rear-end, 0.0 drivers_injured, 0.0 drivers_killed, 0.0 passengers_injured, 0.0 passengers_killed, 0.0 pedestrian_injured, 0.0 pedestrian_killed, Fair (Day), EDSA Kaingin Road Quezon City",MMDA Road Safety Unit,,c0cf72ca-6c78-4dab-8787-d7e6cd92f12c,2016-05-27,09:30:00,EDSA Timog Ave. Quezon City,0,0,0,0,0,0,0,0,0,0,2016-05-27 17:30,Property,14.65746493,121.0109963,Rear-End
None,EDSA,None,None,"No Accident Factor, Rear-end, 0.0 drivers_injured, 0.0 drivers_killed, 0.0 passengers_injured, 0.0 passengers_killed, 0.0 pedestrian_injured, 0.0 pedestrian_killed, Fair (Day), EDSA Aurora Blvd. Quezon City",MMDA Road Safety Unit,,e4d53ad9-726a-479d-97e3-f137a4f618f7,2016-05-27,08:40:00,EDSA Timog (SB) Quezon City,0,0,0,0,0,0,0,0,0,0,2016-05-27 16:40,Property,14.62163653,121.0501573,Rear-End
None,EDSA,None,None,"No Accident Factor, Side Swipe, 1.0 drivers_injured, 0.0 drivers_killed, 0.0 passengers_injured, 0.0 passengers_killed, 0.0 pedestrian_injured, 0.0 pedestrian_killed, Fair (Day), EDSA Kamias Road, West Kamias Quezon City",MMDA Road Safety Unit,,7d40e455-0fb4-4238-8bbf-9c34ec66fca1,2016-05-27,08:00:00,EDSA SM Pag asa Quezon City,0,0,0,1,0,0,0,0,0,1,2016-05-27 16:00,Injury,14.6309142,121.0459376,Side Swipe
None,EDSA,None,None,"No Accident Factor, Rear-end, 0.0 drivers_injured, 0.0 drivers_killed, 0.0 passengers_injured, 0.0 passengers_killed, 0.0 pedestrian_injured, 0.0 pedestrian_killed, Fair (Day), EDSA Camp Aguinaldo Gate 4, Camp Aguinaldo Quezon City",MMDA Road Safety Unit,,d53f6db7-95d8-4d00-a5cb-3c934a3765c5,2016-05-27,07:15:00,EDSA Monte de Piedad St. Quezon City,0,0,0,0,0,0,0,0,0,0,2016-05-27 15:15,Property,14.6064061,121.0572944,Rear-End
None,EDSA,None,None,"No Accident Factor, Side Swipe, 0.0 drivers_injured, 0.0 drivers_killed, 0.0 passengers_injured, 0.0 passengers_killed, 0.0 pedestrian_injured, 0.0 pedestrian_killed, Fair (Night), EDSA Whiteplains Ave. (People Power Monument) Quezon City",MMDA Road Safety Unit,,8b3793b6-9f8b-4f56-829e-9bc23e7b3c5d,2016-05-26,11:10:00,"EDSA Robinson Galleria driveway, Ugong Norte Quezon City",0,0,0,0,0,0,0,0,0,0,2016-05-26 19:10,Property,14.59961782,121.0596522,Side Swipe