LOCATION_TEXT,ROAD,WEATHER,LIGHT,DESC,REPORTING_AGENCY,MAIN_CAUSE,INCIDENTDETAILS_ID,DATE_UTC,TIME_UTC,ADDRESS,killed_driver,killed_passenger,killed_pedestrian,injured_driver,injured_passenger,injured_pedestrian,killed_uncategorized,injured_uncategorized,killed_total,injured_total,DATETIME_PST,SEVERITY,Y,X,COLLISION_TYPE
None,EDSA,None,None,"No Accident Factor, Rear-end, 0.0 drivers_injured, 0.0 drivers_killed, 0.0 passengers_injured, 0.0 passengers_killed, 0.0 pedestrian_injured, 0.0 pedestrian_killed, Fair (Night), EDSA East Ave., Pinyahan Quezon City",MMDA Road Safety Unit,,3d153b77-69af-40ca-853b-e83adb562b51,2016-05-26,10:30:00,"EDSA Puregold, A. Samson Quezon City",0,0,0,0,0,0,0,0,0,0,2016-05-26 18:30,Property,14.6328297,121.0451176,Rear-End
None,EDSA,None,None,"No Accident Factor, Side Swipe, 0.0 drivers_injured, 0.0 drivers_killed, 0.0 passengers_injured, 0.0 passengers_killed, 0.0 pedestrian_injured, 0.0 pedestrian_killed, Fair (Day), EDSA Liberty Ave., Socorro Quezon City",MMDA Road Safety Unit,,e8b462bb-6fc0-4190-ad6f-06b79b70a121,2016-05-26,09:55:00,EDSA E. Rodriguez (NB) Quezon City,0,0,0,0,0,0,0,0,0,0,2016-05-26 17:55,Property,14.61201463,121.0547211,Side Swipe
None,EDSA,None,None,"No Accident Factor, Side Swipe, 0.0 drivers_injured, 0.0 drivers_killed, 0.0 passengers_injured, 0.0 passengers_killed, 0.0 pedestrian_injured, 0.0 pedestrian_killed, Fair (Day), EDSA Congressional Ave.  Quezon City",MMDA Road Safety Unit,,52aaa653-f3ad-4bb5-9ce6-b5251d91a94c,2016-05-26,08:30:00,EDSA Main Ave. Quezon City,0,0,0,0,0,0,0,0,0,0,2016-05-26 16:30,Property,14.6571804,120.9927185,Side Swipe
None,EDSA,None,None,"No Accident Factor, Rear-end, 0.0 drivers_injured, 0.0 drivers_killed, 0.0 passengers_injured, 0.0 passengers_killed, 0.0 pedestrian_injured, 0.0 pedestrian_killed, Fair (Day), EDSA Kamuning Road Quezon City",MMDA Road Safety Unit,,94e90aaf-8836-452a-afe7-079bd00ff6e4,2016-05-26,00:35:00,EDSA Scout Borromeo St. Quezon City,0,0,0,0,0,0,0,0,0,0,2016-05-26 8:35,Property,14.63075725,121.0457548,Rear-End
None,EDSA,None,None,"No Accident Factor, No Collision Stated (based on Police Blotter Book), 0.0 drivers_injured, 0.0 drivers_killed, 0.0 passengers_injured, 0.0 passengers_killed, 0.0 pedestrian_injured, 0.0 pedestrian_killed, Fair (Day), EDSA Trinoma, U Turn Slot Quezon City",MMDA Road Safety Unit,,4a0ebff0-3367-48f6-8991-09be61ee2c5a,2016-05-26,00:00:00,EDSA Victory Liner Bus Terminal Quezon City,0,0,0,0,0,0,0,0,0,0,2016-05-26 8:00,Property,14.65356597,121.0313945,No Collision Stated
None,EDSA,None,None,"No Accident Factor, Side Swipe, 0.0 drivers_injured, 0.0 drivers_killed, 0.0 passengers_injured, 0.0 passengers_killed, 0.0 pedestrian_injured, 0.0 pedestrian_killed, Fair (Day), EDSA Kamias Road, Pinyahan Quezon City",MMDA Road Safety Unit,,72edd6aa-ce96-47f5-8e7a-a767801ba98c,2016-05-25,22:30:00,EDSA Gen. Roxas Ave. Quezon City,0,0,0,0,0,0,0,0,0,0,2016-05-26 6:30,Property,14.6309142,121.0459376,Side Swipe
None,EDSA,None,None,"No Accident Factor, Rear-end, 0.0 drivers_injured, 0.0 drivers_killed, 0.0 passengers_injured, 0.0 passengers_killed, 0.0 pedestrian_injured, 0.0 pedestrian_killed, Fair (Night), EDSA Q-Mart Market, E. Rodriguez Quezon City",MMDA Road Safety Unit,,28270c99-30ef-4abe-922f-83062c37ae65,2016-05-25,12:00:00,EDSA Aurora Blvd. Quezon City,0,0,0,0,0,0,0,0,0,0,2016-05-25 20:00,Property,14.62811603,121.0472822,Rear-End
None,EDSA,None,None,"No Accident Factor, No Collision Stated (based on Police Blotter Book), 1.0 drivers_injured, 0.0 drivers_killed, 0.0 passengers_injured, 0.0 passengers_killed, 0.0 pedestrian_injured, 0.0 pedestrian_killed, Fair (Day), EDSA Toyota, North EDSA, ramon Magsaysay Quezon City",MMDA Road Safety Unit,,c85f8392-4db3-467e-8413-f6c4b2357017,2016-05-25,02:15:00,"EDSA Genesis Bus Terminal, E. Rodriguez Quezon City",0,0,0,1,0,0,0,0,0,1,2016-05-25 10:15,Injury,14.65684068,121.0250616,No Collision Stated
None,EDSA,None,None,"No Accident Factor, Side Swipe, 0.0 drivers_injured, 0.0 drivers_killed, 0.0 passengers_injured, 0.0 passengers_killed, 0.0 pedestrian_injured, 0.0 pedestrian_killed, Fair (Day), EDSA P. Tuazon Blvd., Socorro Quezon City",MMDA Road Safety Unit,,194c51eb-2981-44e6-879e-95eda257a12b,2016-05-24,22:30:00,"EDSA Aurora Blvd., Q. Mart, E. Rodriguez Quezon City",0,0,0,0,0,0,0,0,0,0,2016-05-25 6:30,Property,14.61656342,121.0525225,Side Swipe
None,EDSA,None,None,"No Accident Factor, Side Swipe, 0.0 drivers_injured, 0.0 drivers_killed, 0.0 passengers_injured, 0.0 passengers_killed, 0.0 pedestrian_injured, 0.0 pedestrian_killed, Fair (Day), EDSA Monte De Piedad St. Quezon City",MMDA Road Safety Unit,,47ce04df-d6cb-4254-b7d9-d0e56570bc35,2016-05-24,22:05:00,EDSA Mapagmahal St. Quezon City,0,0,0,0,0,0,0,0,0,0,2016-05-25 6:05,Property,14.62346937,121.0491711,Side Swipe
None,EDSA,None,None,"No Accident Factor, Hit and Run (No Collision Stated), 0.0 drivers_injured, 0.0 drivers_killed, 0.0 passengers_injured, 0.0 passengers_killed, 0.0 pedestrian_injured, 0.0 pedestrian_killed, Fair (Night), EDSA Cloverleaf Road Quezon City",MMDA Road Safety Unit,,dc549246-420b-4da8-b91b-3c01be2cf696,2016-05-24,10:50:00,EDSA Robinson Galleria Exit (NB) Quezon City,0,0,0,0,0,0,0,0,0,0,2016-05-24 18:50,Property,14.65747901,121.0011914,No Collision Stated
None,EDSA,None,None,"No Accident Factor, Side Swipe, 0.0 drivers_injured, 0.0 drivers_killed, 0.0 passengers_injured, 0.0 passengers_killed, 0.0 pedestrian_injured, 0.0 pedestrian_killed, Fair (Day), EDSA Balingasa MRT Station Quezon City",MMDA Road Safety Unit,,55bf810d-36f7-4119-9b51-9a31df270ad0,2016-05-24,04:30:00,EDSA Camp Aguinaldo Quezon City,0,0,0,0,0,0,0,0,0,0,2016-05-24 12:30,Property,14.65742083,121.0020306,Side Swipe
None,EDSA,None,None,"No Accident Factor, No Collision Stated (based on Police Blotter Book), 0.0 drivers_injured, 0.0 drivers_killed, 0.0 passengers_injured, 0.0 passengers_killed, 0.0 pedestrian_injured, 0.0 pedestrian_killed, Fair (Day), EDSA Monte De Piedad St. Quezon City",MMDA Road Safety Unit,,fd688224-f555-4948-bf06-0ddc450160f0,2016-05-24,00:45:00,EDSA Crame gate 1 Quezon City,0,0,0,0,0,0,0,0,0,0,2016-05-24 8:45,Property,14.62346937,121.0491711,No Collision Stated
None,EDSA,None,None,"No Accident Factor, Side Swipe, 0.0 drivers_injured, 0.0 drivers_killed, 0.0 passengers_injured, 0.0 passengers_killed, 0.0 pedestrian_injured, 0.0 pedestrian_killed, Fair (Day), EDSA Kamuning Road Quezon City",MMDA Road Safety Unit,,e2f635a8-f458-47cf-b548-2beeb1f76fb7,2016-05-23,23:35:00,EDSA Whiteplains Ave. Quezon City,0,0,0,0,0,0,0,0,0,0,2016-05-24 7:35,Property,14.63075725,121.0457548,Side Swipe
None,EDSA,None,None,"No Accident Factor, No Collision Stated (based on Police Blotter Book), 0.0 drivers_injured, 0.0 drivers_killed, 0.0 passengers_injured, 0.0 passengers_killed, 0.0 pedestrian_injured, 0.0 pedestrian_killed, Fair (Day), EDSA Ermin Garcia St.  Quezon City",MMDA Road Safety Unit,,357d7232-0a4e-46a6-a5cb-8e53ebb54e2b,2016-05-23,22:55:00,EDSA MRT North Station  Quezon City,0,0,0,0,0,0,0,0,0,0,2016-05-24 6:55,Property,14.62758814,121.047487,No Collision Stated
None,EDSA,None,None,"No Accident Factor, No Collision Stated (based on Police Blotter Book), 0.0 drivers_injured, 0.0 drivers_killed, 0.0 passengers_injured, 0.0 passengers_killed, 0.0 pedestrian_injured, 0.0 pedestrian_killed, Fair (Night), EDSA Aurrora Blvd.  Quezon City",MMDA Road Safety Unit,,32a80458-d09e-4949-b38b-d15bb380915f,2016-05-23,20:30:00,EDSA P. Tuazon Blvd. Quezon City,0,0,0,0,0,0,0,0,0,0,2016-05-24 4:30,Property,14.62067163,121.0505709,No Collision Stated
None,EDSA,None,None,"No Accident Factor, Rear-end, 0.0 drivers_injured, 0.0 drivers_killed, 0.0 passengers_injured, 0.0 passengers_killed, 0.0 pedestrian_injured, 0.0 pedestrian_killed, Fair (Day), EDSA Toyota Motors, Balintawak Quezon City",MMDA Road Safety Unit,,e3b4be05-94c4-4cd4-a946-4b2a8fe97643,2016-05-23,08:45:00,EDSA Farmers Plaza Cubao Quezon City,0,0,0,0,0,0,0,0,0,0,2016-05-23 16:45,Property,14.65736137,120.9959586,Rear-End
None,EDSA,None,None,"No Accident Factor, No Collision Stated (based on Police Blotter Book), 0.0 drivers_injured, 0.0 drivers_killed, 0.0 passengers_injured, 0.0 passengers_killed, 0.0 pedestrian_injured, 0.0 pedestrian_killed, Fair (Day), EDSA QCPD Station 10, Kamuning  Quezon City",MMDA Road Safety Unit,,d14f03cf-a904-4f94-b79b-1539cc39c847,2016-05-23,08:35:00,EDSA Kamias Road Quezon City,0,0,0,0,0,0,0,0,0,0,2016-05-23 16:35,Property,14.62991873,121.0461256,No Collision Stated
None,EDSA,None,None,"No Accident Factor, Hit and Run (No Collision Stated), 0.0 drivers_injured, 0.0 drivers_killed, 0.0 passengers_injured, 0.0 passengers_killed, 0.0 pedestrian_injured, 0.0 pedestrian_killed, Fair (Night), EDSA Victory Liner Bus Terminal  Quezon City",MMDA Road Safety Unit,,13e4e47b-42fc-4186-ae85-4063919469f3,2016-05-22,13:00:00,"EDSA ""U"" turn slot, Bansalangin Quezon City",0,0,0,0,0,0,0,0,0,0,2016-05-22 21:00,Property,14.63209398,121.0454876,No Collision Stated
None,EDSA,None,None,"No Accident Factor, Angle Impact, 0.0 drivers_injured, 0.0 drivers_killed, 0.0 passengers_injured, 0.0 passengers_killed, 0.0 pedestrian_injured, 0.0 pedestrian_killed, Fair (Day), EDSA Q-Mart Market, E. Rodriguez Quezon City",MMDA Road Safety Unit,,5ca398f8-ce95-42c4-96e6-19ec15b16dd6,2016-05-22,07:25:00,"EDSA ""U"" turn slot, Mrt North Ave. (SB) Quezon City",0,0,0,0,0,0,0,0,0,0,2016-05-22 15:25,Property,14.62811603,121.0472822,Angle Impact
None,EDSA,None,None,"No Accident Factor, Side Swipe, 0.0 drivers_injured, 0.0 drivers_killed, 0.0 passengers_injured, 0.0 passengers_killed, 0.0 pedestrian_injured, 0.0 pedestrian_killed, Fair (Day), EDSA Quezon Ave. Quezon City",MMDA Road Safety Unit,,6bb865dd-0e89-4c3b-978e-37aa1f3ceddd,2016-05-22,05:30:00,EDSA Monte de Piedad (NB) Quezon City,0,0,0,0,0,0,0,0,0,0,2016-05-22 13:30,Property,14.6442444,121.0375839,Side Swipe
None,EDSA,None,None,"No Accident Factor, Rear-end, 0.0 drivers_injured, 0.0 drivers_killed, 0.0 passengers_injured, 0.0 passengers_killed, 0.0 pedestrian_injured, 0.0 pedestrian_killed, Fair (Day), EDSA Aurora Blvd. (EB) Quezon City",MMDA Road Safety Unit,,6400877e-dda6-4f96-829d-7fc1a2807ec2,2016-05-22,04:05:00,EDSA Quezon Ave. (WB) Quezon City,0,0,0,0,0,0,0,0,0,0,2016-05-22 12:05,Property,14.62151658,121.0501092,Rear-End
None,EDSA,None,None,"No Accident Factor, Side Swipe, 0.0 drivers_injured, 0.0 drivers_killed, 0.0 passengers_injured, 0.0 passengers_killed, 0.0 pedestrian_injured, 0.0 pedestrian_killed, Fair (Night), EDSA Mapagmahal St., Pinyahan Quezon City",MMDA Road Safety Unit,,f41dd3b7-da14-4b06-8b88-6d5580694b29,2016-05-21,20:05:00,EDSA Trinoma (NB) Quezon City,0,0,0,0,0,0,0,0,0,0,2016-05-22 4:05,Property,14.63185046,121.0455315,Side Swipe
None,EDSA,None,None,"No Accident Factor, Side Swipe, 0.0 drivers_injured, 0.0 drivers_killed, 0.0 passengers_injured, 0.0 passengers_killed, 0.0 pedestrian_injured, 0.0 pedestrian_killed, Fair (Night), EDSA ""U"" turn slot, Nissan Motors Quezon City",MMDA Road Safety Unit,,729555f0-9d8a-4265-85d4-4ed3c938f988,2016-05-21,19:15:00,EDSA Gen. Aguinaldo Gate 4 Quezon City,0,0,0,0,0,0,0,0,0,0,2016-05-22 3:15,Property,14.65755635,121.0141083,Side Swipe
None,EDSA,None,None,"No Accident Factor, Side Swipe, 0.0 drivers_injured, 0.0 drivers_killed, 0.0 passengers_injured, 0.0 passengers_killed, 0.0 pedestrian_injured, 0.0 pedestrian_killed, Fair (Day), EDSA New York St., E. Rodriguez Quezon City",MMDA Road Safety Unit,,3a315224-83b9-4c81-a586-309ec02e1268,2016-05-21,09:25:00,EDSA Kamias Road Quezon City,0,0,0,0,0,0,0,0,0,0,2016-05-21 17:25,Property,14.62568514,121.0482307,Side Swipe
None,EDSA,None,None,"No Accident Factor, Side Swipe, 0.0 drivers_injured, 0.0 drivers_killed, 0.0 passengers_injured, 0.0 passengers_killed, 0.0 pedestrian_injured, 0.0 pedestrian_killed, Fair (Day), EDSA Main Ave. (SM Hypermart Driveway, Socorro) Quezon City",MMDA Road Safety Unit,,e3aabd8b-1c8b-44ac-b1ef-f01e5800d8ad,2016-05-21,08:15:00,EDSA Kamuning Road Quezon City,0,0,0,0,0,0,0,0,0,0,2016-05-21 16:15,Property,14.61376458,121.0537933,Side Swipe
None,EDSA,None,None,"No Accident Factor, Rear-end, 0.0 drivers_injured, 0.0 drivers_killed, 0.0 passengers_injured, 0.0 passengers_killed, 0.0 pedestrian_injured, 0.0 pedestrian_killed, Fair (Day), EDSA Congressional Avenue, Ramon Magsaysay Quezon City",MMDA Road Safety Unit,,7416c928-1366-4b88-8ef9-26502dd3cf1d,2016-05-21,06:30:00,EDSA Camp Aguinaldo gate 3 - Santolan Station Quezon City,0,0,0,0,0,0,0,0,0,0,2016-05-21 14:30,Property,14.6571804,120.9927185,Rear-End
None,EDSA,None,None,"No Accident Factor, Side Swipe, 0.0 drivers_injured, 0.0 drivers_killed, 0.0 passengers_injured, 0.0 passengers_killed, 0.0 pedestrian_injured, 0.0 pedestrian_killed, Fair (Day), EDSA Aurora Blvd. Quezon City",MMDA Road Safety Unit,,ee74d395-bc68-4b46-a11e-a99db0141ea2,2016-05-21,04:50:00,EDSA Quezon Ave. Quezon City,0,0,0,0,0,0,0,0,0,0,2016-05-21 12:50,Property,14.62163653,121.0501573,Side Swipe
None,EDSA,None,None,"No Accident Factor, Side Swipe, 0.0 drivers_injured, 0.0 drivers_killed, 0.0 passengers_injured, 0.0 passengers_killed, 0.0 pedestrian_injured, 0.0 pedestrian_killed, Fair (Day), EDSA Chowking Fastfood Chain, A. Samson Quezon City",MMDA Road Safety Unit,,acdc3b6d-dacc-4ef2-bc06-ed213a77dfab,2016-05-21,04:10:00,EDSA Camp Aguinaldo gate 3 Quezon City,0,0,0,0,0,0,0,0,0,0,2016-05-21 12:10,Property,14.65758155,121.0029328,Side Swipe
None,EDSA,None,None,"No Accident Factor, Angle Impact, 0.0 drivers_injured, 0.0 drivers_killed, 0.0 passengers_injured, 0.0 passengers_killed, 0.0 pedestrian_injured, 0.0 pedestrian_killed, Fair (Day), EDSA Aurora Blvd., Socorro Quezon City",MMDA Road Safety Unit,,a2178093-78db-4f68-8a3b-0cc0b370ec61,2016-05-21,03:30:00,EDSA Quezon City Academy Quezon City,0,0,0,0,0,0,0,0,0,0,2016-05-21 11:30,Property,14.6218043,121.0502049,Angle Impact
None,EDSA,None,None,"No Accident Factor, Rear-end, 0.0 drivers_injured, 0.0 drivers_killed, 0.0 passengers_injured, 0.0 passengers_killed, 0.0 pedestrian_injured, 0.0 pedestrian_killed, Fair (Day), EDSA Nepa Q-Mart, E. Rodriguez Quezon City",MMDA Road Safety Unit,,8afc52ac-70c0-49f9-9808-d5e9978c2e0a,2016-05-20,23:00:00,"EDSA Baliwag Bus Terminal, E. Rodriguez Quezon City",0,0,0,0,0,0,0,0,0,0,2016-05-21 7:00,Property,14.62805361,121.0472521,Rear-End
None,EDSA,None,None,"No Accident Factor, Hit and Run (No Collision Stated), 0.0 drivers_injured, 0.0 drivers_killed, 0.0 passengers_injured, 0.0 passengers_killed, 0.0 pedestrian_injured, 0.0 pedestrian_killed, Fair (Night), EDSA East Ave., Pinyahan Quezon City",MMDA Road Safety Unit,,048d466a-552f-4ff3-a216-676f7ac3052d,2016-05-20,21:45:00,"EDSA Corregidor Street, Magsaysay Quezon City",0,0,0,0,0,0,0,0,0,0,2016-05-21 5:45,Property,14.6328297,121.0451176,No Collision Stated
None,EDSA,None,None,"No Accident Factor, Angle Impact, 0.0 drivers_injured, 0.0 drivers_killed, 0.0 passengers_injured, 0.0 passengers_killed, 0.0 pedestrian_injured, 0.0 pedestrian_killed, Fair (Night), EDSA Baliwag Bus Terminal Cubao, E. Rodriguez  Quezon City",MMDA Road Safety Unit,,dd73b169-30df-4855-bfb5-cbb9d708f7b3,2016-05-20,20:50:00,"EDSA Five Star Bus Terminal, E. Rodriguez Quezon City",0,0,0,0,0,0,0,0,0,0,2016-05-21 4:50,Property,14.6244766,121.0489584,Angle Impact
None,EDSA,None,None,"No Accident Factor, No Collision Stated (based on Police Blotter Book), 0.0 drivers_injured, 0.0 drivers_killed, 0.0 passengers_injured, 0.0 passengers_killed, 0.0 pedestrian_injured, 0.0 pedestrian_killed, Fair (Night), EDSA Baliwag Bus Terminal Cubao, E. Rodriguez  Quezon City",MMDA Road Safety Unit,,550feccc-9591-4b97-b01b-45c8e3d15c4f,2016-05-20,17:35:00,"EDSA Five Star Bus Terminal, E. Rodriguez Quezon City",0,0,0,0,0,0,0,0,0,0,2016-05-21 1:35,Property,14.6244766,121.0489584,No Collision Stated
None,EDSA,None,None,"No Accident Factor, Hit and Run (No Collision Stated), 0.0 drivers_injured, 0.0 drivers_killed, 0.0 passengers_injured, 0.0 passengers_killed, 0.0 pedestrian_injured, 0.0 pedestrian_killed, Fair (Night), EDSA E. Garcia St.  Quezon City",MMDA Road Safety Unit,,88c64e6e-c5b9-4e3d-bc7a-8dbb4c90573b,2016-05-20,17:10:00,EDSA Monte de Piedad St. Quezon City,0,0,0,0,0,0,0,0,0,0,2016-05-21 1:10,Property,14.62742033,121.0475769,No Collision Stated
None,EDSA,None,None,"No Accident Factor, Hit and Run (No Collision Stated), 0.0 drivers_injured, 0.0 drivers_killed, 0.0 passengers_injured, 0.0 passengers_killed, 0.0 pedestrian_injured, 0.0 pedestrian_killed, Fair (Night), EDSA Col. Bonny Serrano Ave.  Quezon City",MMDA Road Safety Unit,,82e7a34a-540c-4c2f-864f-ac06489b5c34,2016-05-20,16:05:00,"EDSA ""U"" turn slot, SM Annex, Sto. Cristo Quezon City",0,0,0,0,0,0,0,0,0,0,2016-05-21 0:05,Property,14.61107337,121.0550705,No Collision Stated
None,EDSA,None,None,"No Accident Factor, No Collision Stated (based on Police Blotter Book), 0.0 drivers_injured, 0.0 drivers_killed, 0.0 passengers_injured, 0.0 passengers_killed, 0.0 pedestrian_injured, 0.0 pedestrian_killed, Fair (Night), EDSA Camp Aguinaldo Gate 3, Camp Aguinaldo Quezon City",MMDA Road Safety Unit,,2e21956c-df74-4061-a645-f0429f15ae6a,2016-05-20,15:35:00,EDSA Aurora Blvd. Quezon City,0,0,0,0,0,0,0,0,0,0,2016-05-20 23:35,Property,14.60836048,121.0563667,No Collision Stated
None,EDSA,None,None,"No Accident Factor, Hit and Run (No Collision Stated), 0.0 drivers_injured, 0.0 drivers_killed, 0.0 passengers_injured, 0.0 passengers_killed, 0.0 pedestrian_injured, 0.0 pedestrian_killed, Fair (Night), EDSA Farmers Plaza Quezon City",MMDA Road Safety Unit,,58747f93-f64c-4b65-812c-d4509a9a4e29,2016-05-20,14:30:00,EDSA New York St. Quezon City,0,0,0,0,0,0,0,0,0,0,2016-05-20 22:30,Property,14.61920525,121.0513476,No Collision Stated
None,EDSA,None,None,"No Accident Factor, No Collision Stated (based on Police Blotter Book), 0.0 drivers_injured, 0.0 drivers_killed, 0.0 passengers_injured, 0.0 passengers_killed, 0.0 pedestrian_injured, 0.0 pedestrian_killed, Fair (Night), EDSA Corregidor Street, Ramon Magsaysay Quezon City",MMDA Road Safety Unit,,010f72e1-2bbc-48db-acc6-96260659dd8a,2016-05-20,14:25:00,EDSA Kamuning Police Station 10 Quezon City,0,0,0,0,0,0,0,0,0,0,2016-05-20 22:25,Property,14.65707679,121.0241648,No Collision Stated
None,EDSA,None,None,"No Accident Factor, Rear-end, 0.0 drivers_injured, 0.0 drivers_killed, 0.0 passengers_injured, 0.0 passengers_killed, 0.0 pedestrian_injured, 0.0 pedestrian_killed, Fair (Night), EDSA Aurora Blvd. Quezon City",MMDA Road Safety Unit,,1bf220bf-7a47-41b8-b0e2-977f95c6e67d,2016-05-20,13:45:00,EDSA Kaingin Road Quezon City,0,0,0,0,0,0,0,0,0,0,2016-05-20 21:45,Property,14.62163653,121.0501573,Rear-End
None,EDSA,None,None,"No Accident Factor, No Collision Stated (based on Police Blotter Book), 0.0 drivers_injured, 0.0 drivers_killed, 0.0 passengers_injured, 0.0 passengers_killed, 0.0 pedestrian_injured, 0.0 pedestrian_killed, Fair (Night), EDSA Misamis Street, Sto. Cristo Quezon City",MMDA Road Safety Unit,,dec1b324-07f8-4b48-9293-b001fb6c9969,2016-05-20,11:15:00,EDSA Col. Bonny Serrano Ave. Quezon City,0,0,0,0,0,0,0,0,0,0,2016-05-20 19:15,Property,14.65602348,121.0285212,No Collision Stated
None,EDSA,None,None,"No Accident Factor, Side Swipe, 1.0 drivers_injured, 0.0 drivers_killed, 0.0 passengers_injured, 0.0 passengers_killed, 0.0 pedestrian_injured, 0.0 pedestrian_killed, Fair (Day), EDSA Whiteplains Ave., Ugong Norte Quezon City",MMDA Road Safety Unit,,03b85976-5d6d-4531-a46f-fb416cd96d70,2016-05-20,08:30:00,"EDSA Misamis St., Sto. Cristo Quezon City",0,0,0,1,0,0,0,0,0,1,2016-05-20 16:30,Injury,14.59961782,121.0596522,Side Swipe
None,EDSA,None,None,"No Accident Factor, Rear-end, 0.0 drivers_injured, 0.0 drivers_killed, 0.0 passengers_injured, 0.0 passengers_killed, 0.0 pedestrian_injured, 0.0 pedestrian_killed, Fair (Day), EDSA Puregold Supermarket, Balintawak Quezon City",MMDA Road Safety Unit,,a212ee01-502a-40ea-9928-0715457c1ac6,2016-05-20,05:00:00,EDSA Scout Borromeo St. Quezon City,0,0,0,0,0,0,0,0,0,0,2016-05-20 13:00,Property,14.65739538,121.0046638,Rear-End
None,EDSA,None,None,"No Accident Factor, Rear-end, 0.0 drivers_injured, 0.0 drivers_killed, 0.0 passengers_injured, 0.0 passengers_killed, 0.0 pedestrian_injured, 0.0 pedestrian_killed, Fair (Day), EDSA Kamias Road, West Kamias Quezon City",MMDA Road Safety Unit,,35fbe1f6-49ca-4007-91a5-b61047e6cc3c,2016-05-20,03:45:00,EDSA Whiteplains Ave. Quezon City,0,0,0,0,0,0,0,0,0,0,2016-05-20 11:45,Property,14.6309142,121.0459376,Rear-End
None,EDSA,None,None,"No Accident Factor, Rear-end, 0.0 drivers_injured, 0.0 drivers_killed, 0.0 passengers_injured, 0.0 passengers_killed, 0.0 pedestrian_injured, 0.0 pedestrian_killed, Fair (Day), EDSA Nepa Q-Mart (SB) Quezon City",MMDA Road Safety Unit,,fd6f929d-f83d-47c8-9527-030b1781d9d0,2016-05-20,01:55:00,"EDSA SSS Bldg., Socorro Quezon City",0,0,0,0,0,0,0,0,0,0,2016-05-20 9:55,Property,14.62805361,121.0472521,Rear-End
None,EDSA,None,None,"No Accident Factor, No Collision Stated (based on Police Blotter Book), 0.0 drivers_injured, 0.0 drivers_killed, 0.0 passengers_injured, 0.0 passengers_killed, 0.0 pedestrian_injured, 0.0 pedestrian_killed, Fair (Day), EDSA Seminary Road Quezon City",MMDA Road Safety Unit,,f63a94ab-aac8-482a-9be1-67070b16880a,2016-05-20,01:00:00,EDSA ETON Central Mall Quezon City,0,0,0,0,0,0,0,0,0,0,2016-05-20 9:00,Property,14.65776066,121.0173978,No Collision Stated
None,EDSA,None,None,"No Accident Factor, Rear-end, 0.0 drivers_injured, 0.0 drivers_killed, 0.0 passengers_injured, 0.0 passengers_killed, 0.0 pedestrian_injured, 0.0 pedestrian_killed, Fair (Day), EDSA Seminary Road Quezon City",MMDA Road Safety Unit,,d0d7bb13-0e3c-4e63-865f-7d064083e0dd,2016-05-20,01:00:00,EDSA K-3rd St.  Quezon City,0,0,0,0,0,0,0,0,0,0,2016-05-20 9:00,Property,14.65776066,121.0173978,Rear-End
None,EDSA,None,None,"No Accident Factor, Side Swipe, 0.0 drivers_injured, 0.0 drivers_killed, 0.0 passengers_injured, 0.0 passengers_killed, 0.0 pedestrian_injured, 0.0 pedestrian_killed, Fair (Day), EDSA Whiteplains Ave. (Camp Aguinaldo) Quezon City",MMDA Road Safety Unit,,f4abe841-c878-4f51-98d9-ec0f77ba7d5e,2016-05-20,01:00:00,EDSA Kamuning Road Quezon City,0,0,0,0,0,0,0,0,0,0,2016-05-20 9:00,Property,14.59961782,121.0596522,Side Swipe
None,EDSA,None,None,"No Accident Factor, No Collision Stated (based on Police Blotter Book), 0.0 drivers_injured, 0.0 drivers_killed, 0.0 passengers_injured, 0.0 passengers_killed, 0.0 pedestrian_injured, 0.0 pedestrian_killed, Fair (Day), EDSA Bansalangin Street Quezon City",MMDA Road Safety Unit,,f444808f-c951-4d48-92d5-bc6c9f224a33,2016-05-19,23:45:00,"EDSA Monte De Piedad St,  Quezon City",0,0,0,0,0,0,0,0,0,0,2016-05-20 7:45,Property,14.6567996,121.0241845,No Collision Stated
None,EDSA,None,None,"No Accident Factor, Side Swipe, 0.0 drivers_injured, 0.0 drivers_killed, 0.0 passengers_injured, 0.0 passengers_killed, 0.0 pedestrian_injured, 0.0 pedestrian_killed, Fair (Night), EDSA SM Annex (SB) Quezon City",MMDA Road Safety Unit,,01427732-2521-4c9a-9ba3-e66f884a48d4,2016-05-19,21:45:00,EDSA Timog Ave.  Quezon City,0,0,0,0,0,0,0,0,0,0,2016-05-20 5:45,Property,14.65628012,121.0272074,Side Swipe
None,EDSA,None,None,"No Accident Factor, No Collision Stated (based on Police Blotter Book), 0.0 drivers_injured, 0.0 drivers_killed, 0.0 passengers_injured, 0.0 passengers_killed, 0.0 pedestrian_injured, 0.0 pedestrian_killed, Fair (Night), EDSA Aurora Blvd. Quezon City",MMDA Road Safety Unit,,f713cc1c-5c0a-4084-b5a8-42c0ee8a89bf,2016-05-19,18:30:00,EDSA Quezon Ave. Quezon City,0,0,0,0,0,0,0,0,0,0,2016-05-20 2:30,Property,14.62163653,121.0501573,No Collision Stated