LOCATION_TEXT,ROAD,WEATHER,LIGHT,DESC,REPORTING_AGENCY,MAIN_CAUSE,INCIDENTDETAILS_ID,DATE_UTC,TIME_UTC,ADDRESS,killed_driver,killed_passenger,killed_pedestrian,injured_driver,injured_passenger,injured_pedestrian,killed_uncategorized,injured_uncategorized,killed_total,injured_total,DATETIME_PST,SEVERITY,Y,X,COLLISION_TYPE
None,EDSA,None,None,"No Accident Factor, Side Swipe, 0.0 drivers_injured, 0.0 drivers_killed, 0.0 passengers_injured, 0.0 passengers_killed, 0.0 pedestrian_injured, 0.0 pedestrian_killed, Fair (Night), EDSA Main Ave. Quezon City",MMDA Road Safety Unit,,5acc020b-026e-463c-85b7-ac1702932e6b,2016-05-19,12:15:00,EDSA DLTB Bus Terminal Quezon City,0,0,0,0,0,0,0,0,0,0,2016-05-19 20:15,Property,14.61376458,121.0537933,Side Swipe
None,EDSA,None,None,"No Accident Factor, Side Swipe, 0.0 drivers_injured, 0.0 drivers_killed, 0.0 passengers_injured, 0.0 passengers_killed, 0.0 pedestrian_injured, 0.0 pedestrian_killed, Fair (Night), EDSA Cloverleaf Road Quezon City",MMDA Road Safety Unit,,5afa0eed-17fc-4f81-9331-44cb8062b2a1,2016-05-19,10:30:00,EDSA East Ave. Quezon City,0,0,0,0,0,0,0,0,0,0,2016-05-19 18:30,Property,14.65747901,121.0011914,Side Swipe
None,EDSA,None,None,"No Accident Factor, Side Swipe, 0.0 drivers_injured, 0.0 drivers_killed, 0.0 passengers_injured, 0.0 passengers_killed, 0.0 pedestrian_injured, 0.0 pedestrian_killed, Fair (Day), EDSA Quezon Ave., Philam (NB) Quezon City",MMDA Road Safety Unit,,71445e5a-4fde-40aa-9f5b-cbf65ddeb669,2016-05-19,07:55:00,"EDSA Santolan, Socorro Quezon City",0,0,0,0,0,0,0,0,0,0,2016-05-19 15:55,Property,14.6442444,121.0375839,Side Swipe
None,EDSA,None,None,"No Accident Factor, Rear-end, 0.0 drivers_injured, 0.0 drivers_killed, 0.0 passengers_injured, 0.0 passengers_killed, 0.0 pedestrian_injured, 0.0 pedestrian_killed, Fair (Day), EDSA Quezon City Academy (SB) Quezon City",MMDA Road Safety Unit,,c951b653-c858-4ba0-9f96-f9f08e66f5a5,2016-05-19,03:45:00,EDSA Gen. Roxas Ave.  Quezon City,0,0,0,0,0,0,0,0,0,0,2016-05-19 11:45,Property,14.65676422,121.0256485,Rear-End
None,EDSA,None,None,"No Accident Factor, Rear-end, 0.0 drivers_injured, 0.0 drivers_killed, 0.0 passengers_injured, 0.0 passengers_killed, 0.0 pedestrian_injured, 0.0 pedestrian_killed, Fair (Day), EDSA Cloverleaf Road Quezon City",MMDA Road Safety Unit,,07f0c0ea-c076-4166-83e6-4115ff4d795b,2016-05-19,03:35:00,"EDSA Monte De Piedad St,  Quezon City",0,0,0,0,0,0,0,0,0,0,2016-05-19 11:35,Property,14.65747901,121.0011914,Rear-End
None,EDSA,None,None,"No Accident Factor, No Collision Stated (based on Police Blotter Book), 0.0 drivers_injured, 0.0 drivers_killed, 0.0 passengers_injured, 0.0 passengers_killed, 0.0 pedestrian_injured, 0.0 pedestrian_killed, Fair (Day), EDSA P. Tuazon Blvd. Quezon City",MMDA Road Safety Unit,,6a860f72-684c-49dc-b67c-f50fb0b57d6d,2016-05-19,01:00:00,EDSA Ermin Garcia St.  Quezon City,0,0,0,0,0,0,0,0,0,0,2016-05-19 9:00,Property,14.61656342,121.0525225,No Collision Stated
None,EDSA,None,None,"No Accident Factor, Side Swipe, 1.0 drivers_injured, 0.0 drivers_killed, 0.0 passengers_injured, 0.0 passengers_killed, 0.0 pedestrian_injured, 0.0 pedestrian_killed, Fair (Day), EDSA Eugenio Lopez (SB) Quezon City",MMDA Road Safety Unit,,9b18bed2-b0c0-4d5c-abb5-c37553940eee,2016-05-19,00:35:00,EDSA Aurora Blvd. Quezon City,0,0,0,1,0,0,0,0,0,1,2016-05-19 8:35,Injury,14.63973568,121.0403709,Side Swipe
None,EDSA,None,None,"No Accident Factor, No Collision Stated (based on Police Blotter Book), 0.0 drivers_injured, 0.0 drivers_killed, 0.0 passengers_injured, 0.0 passengers_killed, 0.0 pedestrian_injured, 0.0 pedestrian_killed, Fair (Night), EDSA West Ave. Quezon City",MMDA Road Safety Unit,,afccc273-da5d-4dd4-96a5-c80e4ac0c4c8,2016-05-18,14:00:00,"EDSA ""U"" turn slot, SM Annex Quezon City",0,0,0,0,0,0,0,0,0,0,2016-05-18 22:00,Property,14.65548924,121.0298079,No Collision Stated
None,EDSA,None,None,"No Accident Factor, No Collision Stated (based on Police Blotter Book), 0.0 drivers_injured, 0.0 drivers_killed, 0.0 passengers_injured, 0.0 passengers_killed, 0.0 pedestrian_injured, 0.0 pedestrian_killed, Fair (Night), EDSA Roosevelt Ave.  Quezon City",MMDA Road Safety Unit,,c8aaeca7-4acf-4cf4-b2a1-7a613311a087,2016-05-18,14:00:00,EDSA East Ave. Quezon City,0,0,0,0,0,0,0,0,0,0,2016-05-18 22:00,Property,14.65762047,121.0196373,No Collision Stated
None,EDSA,None,None,"No Accident Factor, Rear-end, 0.0 drivers_injured, 0.0 drivers_killed, 0.0 passengers_injured, 0.0 passengers_killed, 0.0 pedestrian_injured, 0.0 pedestrian_killed, Fair (Night), EDSA Royale, A. Samson Quezon City",MMDA Road Safety Unit,,05389246-a5a3-46f3-ae3a-8393d6fa50dc,2016-05-18,11:40:00,"EDSA Dario Bridge, Katipu Quezon City",0,0,0,0,0,0,0,0,0,0,2016-05-18 19:40,Property,14.65767141,121.0107008,Rear-End
None,EDSA,None,None,"No Accident Factor, Side Swipe, 0.0 drivers_injured, 0.0 drivers_killed, 0.0 passengers_injured, 0.0 passengers_killed, 0.0 pedestrian_injured, 0.0 pedestrian_killed, Fair (Day), EDSA SM North (WB) Quezon City",MMDA Road Safety Unit,,317de814-8dd0-4336-922f-dd3d12bf112f,2016-05-18,02:50:00,EDSA Kamuning Road (EB) Quezon City,0,0,0,0,0,0,0,0,0,0,2016-05-18 10:50,Property,14.65645143,121.0271077,Side Swipe
None,EDSA,None,None,"No Accident Factor, Rear-end, 0.0 drivers_injured, 0.0 drivers_killed, 0.0 passengers_injured, 0.0 passengers_killed, 0.0 pedestrian_injured, 0.0 pedestrian_killed, Fair (Day), EDSA New York (NB) Quezon City",MMDA Road Safety Unit,,4f325de2-6eeb-45ad-a08b-cec4427fa465,2016-05-18,01:15:00,"EDSA ""U"" turn slot, Toyota Car Center Quezon City",0,0,0,0,0,0,0,0,0,0,2016-05-18 9:15,Property,14.62568514,121.0482307,Rear-End
None,EDSA,None,None,"No Accident Factor, Rear-end, 0.0 drivers_injured, 0.0 drivers_killed, 0.0 passengers_injured, 0.0 passengers_killed, 0.0 pedestrian_injured, 0.0 pedestrian_killed, Fair (Day), EDSA Quezon Ave., Panay (SB) Quezon City",MMDA Road Safety Unit,,c8a149b7-5818-4d22-af51-827475cfb215,2016-05-18,00:45:00,EDSA Kaingin Road (Home Depot)  Quezon City,0,0,0,0,0,0,0,0,0,0,2016-05-18 8:45,Property,14.64313046,121.0381832,Rear-End
None,EDSA,None,None,"No Accident Factor, Hit Object (No Object Stated), 0.0 drivers_injured, 0.0 drivers_killed, 0.0 passengers_injured, 0.0 passengers_killed, 0.0 pedestrian_injured, 0.0 pedestrian_killed, Fair (Day), EDSA Kaingin Road Quezon City",MMDA Road Safety Unit,,49be169c-d936-4961-9217-2c74994533af,2016-05-18,00:00:00,EDSA Quezon Ave. Quezon City,0,0,0,0,0,0,0,0,0,0,2016-05-18 8:00,Property,14.65746493,121.0109963,Hit Object
None,EDSA,None,None,"No Accident Factor, Side Swipe, 0.0 drivers_injured, 0.0 drivers_killed, 0.0 passengers_injured, 0.0 passengers_killed, 0.0 pedestrian_injured, 0.0 pedestrian_killed, Fair (Day), EDSA P. Bernardo St.  Quezon City",MMDA Road Safety Unit,,226798cd-6549-4891-84a7-53bd7d514ee3,2016-05-17,23:15:00,EDSA Aurora Blvd. Quezon City,0,0,0,0,0,0,0,0,0,0,2016-05-18 7:15,Property,14.61660092,121.0524313,Side Swipe
None,EDSA,None,None,"No Accident Factor, Side Swipe, 0.0 drivers_injured, 0.0 drivers_killed, 0.0 passengers_injured, 0.0 passengers_killed, 0.0 pedestrian_injured, 0.0 pedestrian_killed, Fair (Night), EDSA A. Samson  Quezon City",MMDA Road Safety Unit,,324dbcd7-e3b2-4291-9897-e2243a8cca2c,2016-05-17,20:30:00,EDSA GMA-7 Quezon City,0,0,0,0,0,0,0,0,0,0,2016-05-18 4:30,Property,14.65731173,121.0011071,Side Swipe
None,EDSA,None,None,"No Accident Factor, Hit Object (Barrier), 0.0 drivers_injured, 0.0 drivers_killed, 0.0 passengers_injured, 0.0 passengers_killed, 0.0 pedestrian_injured, 0.0 pedestrian_killed, Fair (Night), EDSA Royale, A. Samson Quezon City",MMDA Road Safety Unit,,6dcca5eb-a09b-4096-86d6-9094da5031d2,2016-05-17,19:30:00,EDSA Camp Aguinaldo Gate 4 Quezon City,0,0,0,0,0,0,0,0,0,0,2016-05-18 3:30,Property,14.65767141,121.0107008,Hit Object
None,EDSA,None,None,"No Accident Factor, Side Swipe, 0.0 drivers_injured, 0.0 drivers_killed, 0.0 passengers_injured, 0.0 passengers_killed, 0.0 pedestrian_injured, 0.0 pedestrian_killed, Fair (Night), EDSA Cloverleaf Road Quezon City",MMDA Road Safety Unit,,fd6ab8e8-7bcd-4a78-b2c9-121b4cbf3b86,2016-05-17,12:20:00,EDSA Whiteplains Ave.  Quezon City,0,0,0,0,0,0,0,0,0,0,2016-05-17 20:20,Property,14.65747901,121.0011914,Side Swipe
None,EDSA,None,None,"No Accident Factor, Angle Impact, 0.0 drivers_injured, 0.0 drivers_killed, 0.0 passengers_injured, 0.0 passengers_killed, 0.0 pedestrian_injured, 0.0 pedestrian_killed, Fair (Day), EDSA Farmers Loading Bay, Cubao Quezon City",MMDA Road Safety Unit,,63aac8b9-8420-4537-a9ca-eaa1d04bf498,2016-05-17,06:45:00,EDSA Kamuning Road Quezon City,0,0,0,0,0,0,0,0,0,0,2016-05-17 14:45,Property,14.62031715,121.0504979,Angle Impact
None,EDSA,None,None,"No Accident Factor, Side Swipe, 0.0 drivers_injured, 0.0 drivers_killed, 0.0 passengers_injured, 0.0 passengers_killed, 0.0 pedestrian_injured, 0.0 pedestrian_killed, Fair (Day), EDSA P. Tuazon (SB) Quezon City",MMDA Road Safety Unit,,fb190d32-2db0-46de-8d14-141ea56119df,2016-05-17,06:15:00,EDSA P. Tuazon Blvd. Quezon City,0,0,0,0,0,0,0,0,0,0,2016-05-17 14:15,Property,14.61656342,121.0525225,Side Swipe
None,EDSA,None,None,"No Accident Factor, Hit Object (Barrier), 0.0 drivers_injured, 0.0 drivers_killed, 0.0 passengers_injured, 0.0 passengers_killed, 0.0 pedestrian_injured, 0.0 pedestrian_killed, Fair (Day), EDSA Kaingin Road Quezon City",MMDA Road Safety Unit,,f33c3c2d-a628-440b-a6a2-fdbb1e86e6b9,2016-05-17,05:40:00,"EDSA Santolan MRT Station, Camp Aguinaldo Quezon City",0,0,0,0,0,0,0,0,0,0,2016-05-17 13:40,Property,14.65746493,121.0109963,Hit Object
None,EDSA,None,None,"No Accident Factor, Rear-end, 0.0 drivers_injured, 0.0 drivers_killed, 0.0 passengers_injured, 0.0 passengers_killed, 0.0 pedestrian_injured, 0.0 pedestrian_killed, Fair (Day), EDSA Camp Aguinaldo Gate 4 Quezon City",MMDA Road Safety Unit,,192da762-0c5b-4327-9b2b-781188fc72f5,2016-05-17,04:45:00,EDSA Mayor Ignacio Diaz Quezon City,0,0,0,0,0,0,0,0,0,0,2016-05-17 12:45,Property,14.6064061,121.0572944,Rear-End
None,EDSA,None,None,"No Accident Factor, No Collision Stated (based on Police Blotter Book), 0.0 drivers_injured, 0.0 drivers_killed, 0.0 passengers_injured, 0.0 passengers_killed, 0.0 pedestrian_injured, 0.0 pedestrian_killed, Fair (Day), EDSA Quezon Ave., Pagasa Quezon City",MMDA Road Safety Unit,,f71cd086-6c25-4f95-89c9-ca6d614c6043,2016-05-17,04:30:00,"EDSA SM Bus Bay, Sto. Cristo Quezon City",0,0,0,0,0,0,0,0,0,0,2016-05-17 12:30,Property,14.6442444,121.0375839,No Collision Stated
None,EDSA,None,None,"No Accident Factor, Rear-end, 0.0 drivers_injured, 0.0 drivers_killed, 0.0 passengers_injured, 0.0 passengers_killed, 0.0 pedestrian_injured, 0.0 pedestrian_killed, Fair (Day), EDSA MRT Santolan Stn., Camp Aguinaldo Quezon City",MMDA Road Safety Unit,,03686bc2-8aca-454f-890b-80bca1e434ea,2016-05-17,03:45:00,EDSA Banahaw St.  Quezon City,0,0,0,0,0,0,0,0,0,0,2016-05-17 11:45,Property,14.60758562,121.0564529,Rear-End
None,EDSA,None,None,"No Accident Factor, Rear-end, 0.0 drivers_injured, 0.0 drivers_killed, 0.0 passengers_injured, 0.0 passengers_killed, 0.0 pedestrian_injured, 0.0 pedestrian_killed, Fair (Day), EDSA New York (NB) Quezon City",MMDA Road Safety Unit,,7bace5ab-8010-4633-ab6d-a2d4cf461493,2016-05-17,02:55:00,EDSA Aurora Blvd. Quezon City,0,0,0,0,0,0,0,0,0,0,2016-05-17 10:55,Property,14.62568514,121.0482307,Rear-End
None,EDSA,None,None,"No Accident Factor, Side Swipe, 0.0 drivers_injured, 0.0 drivers_killed, 0.0 passengers_injured, 0.0 passengers_killed, 0.0 pedestrian_injured, 0.0 pedestrian_killed, Fair (Day), EDSA Bonny Serrano (EB) Quezon City",MMDA Road Safety Unit,,581bb774-ad25-4d4d-9cad-00f3e8f1de14,2016-05-17,02:55:00,EDSA DILG Bldg.  Quezon City,0,0,0,0,0,0,0,0,0,0,2016-05-17 10:55,Property,14.61101231,121.0549163,Side Swipe
None,EDSA,None,None,"No Accident Factor, Rear-end, 0.0 drivers_injured, 0.0 drivers_killed, 0.0 passengers_injured, 0.0 passengers_killed, 0.0 pedestrian_injured, 0.0 pedestrian_killed, Fair (Day), EDSA P. Tuazon Blvd. Quezon City",MMDA Road Safety Unit,,93b85b5c-8b60-45ce-a656-801c3c96442b,2016-05-17,02:30:00,EDSA Quezon Ave. Quezon City,0,0,0,0,0,0,0,0,0,0,2016-05-17 10:30,Property,14.61656342,121.0525225,Rear-End
None,EDSA,None,None,"Vehicle Defect, Multiple Collision, 0.0 drivers_injured, 0.0 drivers_killed, 0.0 passengers_injured, 0.0 passengers_killed, 0.0 pedestrian_injured, 0.0 pedestrian_killed, Fair (Day), EDSA Main Ave. (SB) Quezon City",MMDA Road Safety Unit,,6909cb59-f6dc-4086-815a-afd21cc6247e,2016-05-17,02:15:00,EDSA Waltermart Quezon City,0,0,0,0,0,0,0,0,0,0,2016-05-17 10:15,Property,14.61376458,121.0537933,Multiple
None,EDSA,None,None,"No Accident Factor, Rear-end, 0.0 drivers_injured, 0.0 drivers_killed, 0.0 passengers_injured, 0.0 passengers_killed, 0.0 pedestrian_injured, 0.0 pedestrian_killed, Fair (Day), EDSA Camp Aguinaldo Gate 3 Quezon City",MMDA Road Safety Unit,,858ffde2-c8d7-4c42-8387-9c46c263fe1a,2016-05-17,01:00:00,EDSA Monte de Piedad St.  Quezon City,0,0,0,0,0,0,0,0,0,0,2016-05-17 9:00,Property,14.60836048,121.0563667,Rear-End
None,EDSA,None,None,"No Accident Factor, Rear-end, 0.0 drivers_injured, 0.0 drivers_killed, 0.0 passengers_injured, 0.0 passengers_killed, 0.0 pedestrian_injured, 0.0 pedestrian_killed, Fair (Day), EDSA Annapolis (SB) Quezon City",MMDA Road Safety Unit,,432a5ab1-a1ec-4382-9ae9-9e51f0ef1c0d,2016-05-17,00:55:00,EDSA Aurora Blvd. Quezon City,0,0,0,0,0,0,0,0,0,0,2016-05-17 8:55,Property,14.60612947,121.0571691,Rear-End
None,EDSA,None,None,"No Accident Factor, No Collision Stated (based on Police Blotter Book), 0.0 drivers_injured, 0.0 drivers_killed, 0.0 passengers_injured, 0.0 passengers_killed, 0.0 pedestrian_injured, 0.0 pedestrian_killed, Fair (Day), EDSA Kamias Road, Pinyahan Quezon City",MMDA Road Safety Unit,,fb2284e5-9e74-4a87-a3b9-1ddb1323f960,2016-05-17,00:45:00,EDSA P. Tuazon Blvd. Quezon City,0,0,0,0,0,0,0,0,0,0,2016-05-17 8:45,Property,14.6309142,121.0459376,No Collision Stated
None,EDSA,None,None,"No Accident Factor, Rear-end, 0.0 drivers_injured, 0.0 drivers_killed, 0.0 passengers_injured, 0.0 passengers_killed, 0.0 pedestrian_injured, 0.0 pedestrian_killed, Fair (Day), EDSA Main Ave. (SB) Quezon City",MMDA Road Safety Unit,,76aa09e3-1238-4816-aa10-e535ae15de33,2016-05-16,23:35:00,EDSA New York St. (NB) Quezon City,0,0,0,0,0,0,0,0,0,0,2016-05-17 7:35,Property,14.61376458,121.0537933,Rear-End
None,EDSA,None,None,"No Accident Factor, Side Swipe, 0.0 drivers_injured, 0.0 drivers_killed, 0.0 passengers_injured, 0.0 passengers_killed, 0.0 pedestrian_injured, 0.0 pedestrian_killed, Fair (Day), EDSA Santolan (SB) Quezon City",MMDA Road Safety Unit,,bf5b2974-c621-45b4-afa3-d1fa1280fff1,2016-05-16,23:35:00,EDSA Kamuning Road (EB)  Quezon City,0,0,0,0,0,0,0,0,0,0,2016-05-17 7:35,Property,14.61090554,121.0550155,Side Swipe
None,EDSA,None,None,"No Accident Factor, Side Swipe, 0.0 drivers_injured, 0.0 drivers_killed, 0.0 passengers_injured, 0.0 passengers_killed, 0.0 pedestrian_injured, 0.0 pedestrian_killed, Fair (Day), EDSA Main Ave. Quezon City",MMDA Road Safety Unit,,1a3f042d-c2d3-4364-92f0-2ed14d6f2052,2016-05-16,23:20:00,EDSA New York St. Quezon City,0,0,0,0,0,0,0,0,0,0,2016-05-17 7:20,Property,14.61376458,121.0537933,Side Swipe
None,EDSA,None,None,"No Accident Factor, Side Swipe, 0.0 drivers_injured, 0.0 drivers_killed, 0.0 passengers_injured, 0.0 passengers_killed, 0.0 pedestrian_injured, 0.0 pedestrian_killed, Fair (Night), EDSA K-10th St., West Kamias Quezon City",MMDA Road Safety Unit,,7ce25b61-3c8f-4906-bad5-e7d189bcf619,2016-05-16,21:55:00,EDSA Camp Aguinaldo Quezon City,0,0,0,0,0,0,0,0,0,0,2016-05-17 5:55,Property,14.62879439,121.046914,Side Swipe
None,EDSA,None,None,"No Accident Factor, Rear-end, 1.0 drivers_injured, 0.0 drivers_killed, 0.0 passengers_injured, 0.0 passengers_killed, 0.0 pedestrian_injured, 0.0 pedestrian_killed, Fair (Night), EDSA MMDA Emergency Stn., Pinyahan Quezon City",MMDA Road Safety Unit,,33c61b95-f6ba-47fa-93c0-73101d0e1c02,2016-05-16,21:30:00,EDSA West Ave. Quezon City,0,0,0,1,0,0,0,0,0,1,2016-05-17 5:30,Injury,14.6284636,121.0471011,Rear-End
None,EDSA,None,None,"No Accident Factor, Rear-end, 0.0 drivers_injured, 0.0 drivers_killed, 0.0 passengers_injured, 0.0 passengers_killed, 0.0 pedestrian_injured, 0.0 pedestrian_killed, Fair (Night), EDSA Roosevelt Ave.  Quezon City",MMDA Road Safety Unit,,d4d11041-b8c6-43a1-a3f7-f486353c39a9,2016-05-16,12:45:00,EDSA National Printing Office (NPO) St.  Quezon City,0,0,0,0,0,0,0,0,0,0,2016-05-16 20:45,Property,14.65762047,121.0196373,Rear-End
None,EDSA,None,None,"No Accident Factor, No Collision Stated (based on Police Blotter Book), 0.0 drivers_injured, 0.0 drivers_killed, 0.0 passengers_injured, 0.0 passengers_killed, 0.0 pedestrian_injured, 0.0 pedestrian_killed, Fair (Night), EDSA Camp Aguinaldo Quezon City",MMDA Road Safety Unit,,3eb965f2-9b3c-400d-bf27-29dbc4c439da,2016-05-16,12:30:00,EDSA Roosevelt Ave. Quezon City,0,0,0,0,0,0,0,0,0,0,2016-05-16 20:30,Property,14.60818699,121.0564562,No Collision Stated
None,EDSA,None,None,"No Accident Factor, Rear-end, 0.0 drivers_injured, 0.0 drivers_killed, 0.0 passengers_injured, 0.0 passengers_killed, 0.0 pedestrian_injured, 0.0 pedestrian_killed, Fair (Night), EDSA E. Garcia St. Quezon City",MMDA Road Safety Unit,,b7d86993-8f32-47da-8332-8a5cecef5dbb,2016-05-16,12:20:00,EDSA SM Hypermarket Quezon City,0,0,0,0,0,0,0,0,0,0,2016-05-16 20:20,Property,14.62742033,121.0475769,Rear-End
None,EDSA,None,None,"No Accident Factor, Rear-end, 0.0 drivers_injured, 0.0 drivers_killed, 0.0 passengers_injured, 0.0 passengers_killed, 0.0 pedestrian_injured, 0.0 pedestrian_killed, Fair (Night), EDSA P. Tuazon Blvd. Quezon City",MMDA Road Safety Unit,,ba92a3ea-c42e-4563-b937-b539e3f4d27c,2016-05-16,12:00:00,EDSA South Road Quezon City,0,0,0,0,0,0,0,0,0,0,2016-05-16 20:00,Property,14.61656342,121.0525225,Rear-End
None,EDSA,None,None,"No Accident Factor, Side Swipe, 0.0 drivers_injured, 0.0 drivers_killed, 0.0 passengers_injured, 0.0 passengers_killed, 0.0 pedestrian_injured, 0.0 pedestrian_killed, Fair (Night), EDSA Cloverleaf Road Quezon City",MMDA Road Safety Unit,,bb62df40-72a7-48c2-bfba-27b37360bb07,2016-05-16,10:00:00,EDSA Ermin Garcia St.  Quezon City,0,0,0,0,0,0,0,0,0,0,2016-05-16 18:00,Property,14.65747901,121.0011914,Side Swipe
None,EDSA,None,None,"No Accident Factor, Rear-end, 0.0 drivers_injured, 0.0 drivers_killed, 0.0 passengers_injured, 0.0 passengers_killed, 0.0 pedestrian_injured, 0.0 pedestrian_killed, Fair (Night), EDSA Quezon Ave. Quezon City",MMDA Road Safety Unit,,c1f17b77-441a-45f9-978f-01e10f7f440e,2016-05-16,10:00:00,EDSA Arayat St.  Quezon City,0,0,0,0,0,0,0,0,0,0,2016-05-16 18:00,Property,14.6442444,121.0375839,Rear-End
None,EDSA,None,None,"No Accident Factor, Rear-end, 0.0 drivers_injured, 0.0 drivers_killed, 0.0 passengers_injured, 0.0 passengers_killed, 0.0 pedestrian_injured, 0.0 pedestrian_killed, Fair (Day), EDSA Cloverleaf Road Quezon City",MMDA Road Safety Unit,,07a326b8-9c46-47d0-b102-c9f029c3ee42,2016-05-16,09:50:00,EDSA Kamias Road Quezon City,0,0,0,0,0,0,0,0,0,0,2016-05-16 17:50,Property,14.65747901,121.0011914,Rear-End
None,EDSA,None,None,"No Accident Factor, Side Swipe, 0.0 drivers_injured, 0.0 drivers_killed, 0.0 passengers_injured, 0.0 passengers_killed, 0.0 pedestrian_injured, 0.0 pedestrian_killed, Fair (Day), EDSA Quezon City Academy (NB) Quezon City",MMDA Road Safety Unit,,0b57878e-73f0-429f-8a1f-af30191c90c1,2016-05-16,09:45:00,EDSA New York St. (NB) Quezon City,0,0,0,0,0,0,0,0,0,0,2016-05-16 17:45,Property,14.65676422,121.0256485,Side Swipe
None,EDSA,None,None,"No Accident Factor, Side Swipe, 1.0 drivers_injured, 0.0 drivers_killed, 1.0 passengers_injured, 0.0 passengers_killed, 0.0 pedestrian_injured, 0.0 pedestrian_killed, Fair (Day), EDSA East Ave., Pinyahan Quezon City",MMDA Road Safety Unit,,1af9d681-bf66-476c-a219-d7928fe18b0b,2016-05-16,08:00:00,EDSA Scout Borromeo St. Quezon City,0,0,0,1,1,0,0,0,0,2,2016-05-16 16:00,Injury,14.6328297,121.0451176,Side Swipe
None,EDSA,None,None,"No Accident Factor, Rear-end, 0.0 drivers_injured, 0.0 drivers_killed, 0.0 passengers_injured, 0.0 passengers_killed, 0.0 pedestrian_injured, 0.0 pedestrian_killed, Fair (Day), EDSA Main Ave. Quezon City",MMDA Road Safety Unit,,e5ab5c2b-0738-488c-8452-0c270259e721,2016-05-16,06:30:00,EDSA South Road Quezon City,0,0,0,0,0,0,0,0,0,0,2016-05-16 14:30,Property,14.61376458,121.0537933,Rear-End
None,EDSA,None,None,"No Accident Factor, Side Swipe, 1.0 drivers_injured, 0.0 drivers_killed, 0.0 passengers_injured, 0.0 passengers_killed, 0.0 pedestrian_injured, 0.0 pedestrian_killed, Fair (Day), EDSA Kamias Road, West Kamias Quezon City",MMDA Road Safety Unit,,847dae50-2889-4780-a012-7fbe21f8a70e,2016-05-16,05:15:00,EDSA Kaingin Road Quezon City,0,0,0,1,0,0,0,0,0,1,2016-05-16 13:15,Injury,14.6309142,121.0459376,Side Swipe
None,EDSA,None,None,"No Accident Factor, Rear-end, 0.0 drivers_injured, 0.0 drivers_killed, 0.0 passengers_injured, 0.0 passengers_killed, 0.0 pedestrian_injured, 0.0 pedestrian_killed, Fair (Day), EDSA Ermin Garcia (SB) Quezon City",MMDA Road Safety Unit,,42e1772f-009a-4a0a-9e4d-a12dfb5b31f2,2016-05-16,03:15:00,EDSA Camp Aguinaldo Quezon City,0,0,0,0,0,0,0,0,0,0,2016-05-16 11:15,Property,14.62758814,121.047487,Rear-End
None,EDSA,None,None,"No Accident Factor, Rear-end, 0.0 drivers_injured, 0.0 drivers_killed, 0.0 passengers_injured, 0.0 passengers_killed, 0.0 pedestrian_injured, 0.0 pedestrian_killed, Fair (Day), EDSA Main Ave. Quezon City",MMDA Road Safety Unit,,3e48f87b-ee3c-4975-91d0-0a467ba1e877,2016-05-16,01:30:00,EDSA Dario Bridge  Quezon City,0,0,0,0,0,0,0,0,0,0,2016-05-16 9:30,Property,14.61376458,121.0537933,Rear-End
None,EDSA,None,None,"No Accident Factor, Rear-end, 0.0 drivers_injured, 0.0 drivers_killed, 0.0 passengers_injured, 0.0 passengers_killed, 0.0 pedestrian_injured, 0.0 pedestrian_killed, Fair (Day), EDSA GMA MRT Station  Quezon City",MMDA Road Safety Unit,,f04c4c1d-8484-427f-9077-6d4126184815,2016-05-16,00:00:00,EDSA Col. Bonny Serrano Ave. (EB) Quezon City,0,0,0,0,0,0,0,0,0,0,2016-05-16 8:00,Property,14.63467214,121.0435714,Rear-End
None,EDSA,None,None,"No Accident Factor, Multiple Collision, 0.0 drivers_injured, 0.0 drivers_killed, 0.0 passengers_injured, 0.0 passengers_killed, 0.0 pedestrian_injured, 0.0 pedestrian_killed, Fair (Day), EDSA Mrt Balintawak (SB) Quezon City",MMDA Road Safety Unit,,6468a2f0-7a80-44cb-a699-0e3efa2bc708,2016-05-15,23:45:00,"EDSA ""U"" turn slot, Shell Gas Station, A. Samson  Quezon City",0,0,0,0,0,0,0,0,0,0,2016-05-16 7:45,Property,14.65739001,121.003878,Multiple
None,EDSA,None,None,"No Accident Factor, Multiple Collision, 0.0 drivers_injured, 0.0 drivers_killed, 0.0 passengers_injured, 0.0 passengers_killed, 0.0 pedestrian_injured, 0.0 pedestrian_killed, Fair (Day), EDSA Balintawak MRT Station Quezon City",MMDA Road Safety Unit,,4d8a2c48-67eb-493c-91f7-21490f607e1f,2016-05-15,23:30:00,EDSA Kamuning Road Quezon City,0,0,0,0,0,0,0,0,0,0,2016-05-16 7:30,Property,14.65748519,121.0020629,Multiple
None,EDSA,None,None,"No Accident Factor, Rear-end, 0.0 drivers_injured, 0.0 drivers_killed, 0.0 passengers_injured, 0.0 passengers_killed, 0.0 pedestrian_injured, 0.0 pedestrian_killed, Fair (Day), EDSA Timog Ave. (WB) Quezon City",MMDA Road Safety Unit,,b6a73889-42e6-4964-a3b2-d8318d2cf8f1,2016-05-15,23:15:00,"EDSA ""U"" turn slot, West Triangle Quezon City",0,0,0,0,0,0,0,0,0,0,2016-05-16 7:15,Property,14.63293559,121.0446304,Rear-End
None,EDSA,None,None,"No Accident Factor, Side Swipe, 0.0 drivers_injured, 0.0 drivers_killed, 0.0 passengers_injured, 0.0 passengers_killed, 0.0 pedestrian_injured, 0.0 pedestrian_killed, Fair (Day), EDSA E. Lopez St.  Quezon City",MMDA Road Safety Unit,,ba1cb710-82c3-4641-80a1-a4f864814a79,2016-05-15,22:45:00,"EDSA Monte De Piedad St,  Quezon City",0,0,0,0,0,0,0,0,0,0,2016-05-16 6:45,Property,14.6396904,121.0403884,Side Swipe