LOCATION_TEXT,ROAD,WEATHER,LIGHT,DESC,REPORTING_AGENCY,MAIN_CAUSE,INCIDENTDETAILS_ID,DATE_UTC,TIME_UTC,ADDRESS,killed_driver,killed_passenger,killed_pedestrian,injured_driver,injured_passenger,injured_pedestrian,killed_uncategorized,injured_uncategorized,killed_total,injured_total,DATETIME_PST,SEVERITY,Y,X,COLLISION_TYPE
None,EDSA,None,None,"No Accident Factor, Rear-end, 0.0 drivers_injured, 0.0 drivers_killed, 0.0 passengers_injured, 0.0 passengers_killed, 0.0 pedestrian_injured, 0.0 pedestrian_killed, Fair (Day), EDSA Quezon Ave. (SB) Quezon City",MMDA Road Safety Unit,,69882947-dcb0-477f-b526-b566b8e42083,2016-05-15,22:25:00,"EDSA ""U"" turn slot, Nueva Vizcaya Street, Ramon Magsaysay Quezon City",0,0,0,0,0,0,0,0,0,0,2016-05-16 6:25,Property,14.6442444,121.0375839,Rear-End
None,EDSA,None,None,"No Accident Factor, Side Swipe, 0.0 drivers_injured, 0.0 drivers_killed, 0.0 passengers_injured, 0.0 passengers_killed, 0.0 pedestrian_injured, 0.0 pedestrian_killed, Fair (Day), EDSA Superlines Bus Terminal, E. Rod. Quezon City",MMDA Road Safety Unit,,a16785e9-3389-4fe6-a7a9-accd60292171,2016-05-15,22:00:00,EDSA E. Garcia St.  Quezon City,0,0,0,0,0,0,0,0,0,0,2016-05-16 6:00,Property,14.62512241,121.0484162,Side Swipe
None,EDSA,None,None,"No Accident Factor, Side Swipe, 0.0 drivers_injured, 0.0 drivers_killed, 0.0 passengers_injured, 0.0 passengers_killed, 0.0 pedestrian_injured, 0.0 pedestrian_killed, Fair (Night), EDSA East Ave., Pinyahan Quezon City",MMDA Road Safety Unit,,2ecbc3a0-9103-41da-9bd1-7b0611978e94,2016-05-15,13:50:00,EDSA Quezon Ave. Quezon City,0,0,0,0,0,0,0,0,0,0,2016-05-15 21:50,Property,14.6328297,121.0451176,Side Swipe
None,EDSA,None,None,"No Accident Factor, Rear-end, 0.0 drivers_injured, 0.0 drivers_killed, 0.0 passengers_injured, 0.0 passengers_killed, 0.0 pedestrian_injured, 0.0 pedestrian_killed, Fair (Night), EDSA Cloverleaf Road Quezon City",MMDA Road Safety Unit,,3e6c6f32-da4a-4eaa-ab36-b1501a35ee0e,2016-05-15,13:00:00,EDSA Oliveros Drive Quezon City,0,0,0,0,0,0,0,0,0,0,2016-05-15 21:00,Property,14.65747901,121.0011914,Rear-End
None,EDSA,None,None,"No Accident Factor, Rear-end, 0.0 drivers_injured, 0.0 drivers_killed, 1.0 passengers_injured, 0.0 passengers_killed, 0.0 pedestrian_injured, 0.0 pedestrian_killed, Fair (Night), EDSA DLTB Bus Terminal Quezon City",MMDA Road Safety Unit,,60393efb-5162-45e9-80aa-d3173927ad3d,2016-05-15,11:55:00,EDSA Kamias Road Quezon City,0,0,0,0,1,0,0,0,0,1,2016-05-15 19:55,Injury,14.62725353,121.0473748,Rear-End
None,EDSA,None,None,"No Accident Factor, Side Swipe, 0.0 drivers_injured, 0.0 drivers_killed, 0.0 passengers_injured, 0.0 passengers_killed, 0.0 pedestrian_injured, 0.0 pedestrian_killed, Fair (Night), EDSA Cloverleaf Quezon City",MMDA Road Safety Unit,,c82c7880-0996-4add-96e0-69651e73ef4b,2016-05-15,10:15:00,"EDSA Robinsons Galleria Ortigas, Ugong Norte Quezon City",0,0,0,0,0,0,0,0,0,0,2016-05-15 18:15,Property,14.65747901,121.0011914,Side Swipe
None,EDSA,None,None,"No Accident Factor, Rear-end, 0.0 drivers_injured, 0.0 drivers_killed, 0.0 passengers_injured, 0.0 passengers_killed, 0.0 pedestrian_injured, 0.0 pedestrian_killed, Fair (Day), EDSA Home Depot Quezon City",MMDA Road Safety Unit,,7bbeb8f4-217a-42c7-affc-697b7d54329d,2016-05-15,08:30:00,"EDSA Robinsons Galleria Ortigas, Ugong Norte Quezon City",0,0,0,0,0,0,0,0,0,0,2016-05-15 16:30,Property,14.65776197,121.0132202,Rear-End
None,EDSA,None,None,"No Accident Factor, Side Swipe, 0.0 drivers_injured, 0.0 drivers_killed, 0.0 passengers_injured, 0.0 passengers_killed, 0.0 pedestrian_injured, 0.0 pedestrian_killed, Fair (Day), EDSA Five Star Bus Terminal, Cubao Quezon City",MMDA Road Safety Unit,,85fde70f-9ac6-41e0-a3fe-6d6a60811f53,2016-05-15,07:30:00,"EDSA Five Star Bus Terminal, E. Rodriguez Quezon City",0,0,0,0,0,0,0,0,0,0,2016-05-15 15:30,Property,14.62375691,121.0492447,Side Swipe
None,EDSA,None,None,"No Accident Factor, Angle Impact, 0.0 drivers_injured, 0.0 drivers_killed, 0.0 passengers_injured, 0.0 passengers_killed, 0.0 pedestrian_injured, 0.0 pedestrian_killed, Fair (Day), EDSA Florida Bus Terminal, West Kamias Quezon City",MMDA Road Safety Unit,,138cf356-3865-4828-b30c-e3eaed3fea91,2016-05-14,23:30:00,EDSA Arayat Quezon City,0,0,0,0,0,0,0,0,0,0,2016-05-15 7:30,Property,14.63035534,121.0462986,Angle Impact
None,EDSA,None,None,"No Accident Factor, Hit Object (No Object Stated), 0.0 drivers_injured, 0.0 drivers_killed, 0.0 passengers_injured, 0.0 passengers_killed, 0.0 pedestrian_injured, 0.0 pedestrian_killed, Fair (Night), EDSA MRT North Station  Quezon City",MMDA Road Safety Unit,,ff557568-83ed-4e11-b1f0-95412e83fa2c,2016-05-14,15:30:00,"EDSA Superlines Bus Terminal, E. Rodriguez Quezon City",0,0,0,0,0,0,0,0,0,0,2016-05-14 23:30,Property,14.65224665,121.0323026,Hit Object
None,EDSA,None,None,"No Accident Factor, Rear-end, 0.0 drivers_injured, 0.0 drivers_killed, 0.0 passengers_injured, 0.0 passengers_killed, 0.0 pedestrian_injured, 0.0 pedestrian_killed, Fair (Night), EDSA East Ave., Pinyahan Quezon City",MMDA Road Safety Unit,,0d1a1e1a-6aeb-4a34-b486-cc59a4687227,2016-05-14,11:15:00,EDSA Timog Ave.  Quezon City,0,0,0,0,0,0,0,0,0,0,2016-05-14 19:15,Property,14.6328297,121.0451176,Rear-End
None,EDSA,None,None,"No Accident Factor, Side Swipe, 0.0 drivers_injured, 0.0 drivers_killed, 0.0 passengers_injured, 0.0 passengers_killed, 0.0 pedestrian_injured, 0.0 pedestrian_killed, Fair (Night), EDSA P. Tuazon St. (NB) Quezon City",MMDA Road Safety Unit,,5e6f02a3-9f67-4c4d-9db0-ea6d32874796,2016-05-14,10:35:00,"EDSA Nepa Q-Mart Market, E. Rodriguez Quezon City",0,0,0,0,0,0,0,0,0,0,2016-05-14 18:35,Property,14.61656342,121.0525225,Side Swipe
None,EDSA,None,None,"No Accident Factor, Side Swipe, 0.0 drivers_injured, 0.0 drivers_killed, 0.0 passengers_injured, 0.0 passengers_killed, 0.0 pedestrian_injured, 0.0 pedestrian_killed, Fair (Day), EDSA Main Ave. (NB) Quezon City",MMDA Road Safety Unit,,d72ddfb2-e4ea-4b37-8948-f47f785723d1,2016-05-14,08:55:00,"EDSA Trinoma, Pagasa Quezon City",0,0,0,0,0,0,0,0,0,0,2016-05-14 16:55,Property,14.61376458,121.0537933,Side Swipe
None,EDSA,None,None,"No Accident Factor, No Collision Stated (based on Police Blotter Book), 0.0 drivers_injured, 0.0 drivers_killed, 0.0 passengers_injured, 0.0 passengers_killed, 0.0 pedestrian_injured, 0.0 pedestrian_killed, Fair (Day), EDSA ""U"" turn slot, Nueva Ecija Street, Ramon Magsaysay Quezon City",MMDA Road Safety Unit,,340e1d21-a9e6-44e7-b0f3-8b2735550eb5,2016-05-14,08:00:00,EDSA Col. Bonny Serrano Ave. (EB) Quezon City,0,0,0,0,0,0,0,0,0,0,2016-05-14 16:00,Property,14.656457,121.0261149,No Collision Stated
None,EDSA,None,None,"No Accident Factor, Side Swipe, 0.0 drivers_injured, 0.0 drivers_killed, 0.0 passengers_injured, 0.0 passengers_killed, 0.0 pedestrian_injured, 0.0 pedestrian_killed, Fair (Day), EDSA Kamuning (SB) Quezon City",MMDA Road Safety Unit,,fa8542be-60db-456c-8f51-0b37f2cc3420,2016-05-14,06:15:00,"EDSA Corregidor Street, Rmaon Magsaysay Quezon City",0,0,0,0,0,0,0,0,0,0,2016-05-14 14:15,Property,14.63085066,121.0458344,Side Swipe
None,EDSA,None,None,"No Accident Factor, Rear-end, 0.0 drivers_injured, 0.0 drivers_killed, 0.0 passengers_injured, 0.0 passengers_killed, 0.0 pedestrian_injured, 0.0 pedestrian_killed, Fair (Day), EDSA Aurora Blvd. (NB) Quezon City",MMDA Road Safety Unit,,c5dfe6ad-4cbe-439c-b1f1-2367e649c789,2016-05-14,05:45:00,EDSA Ermin Garcia St. Quezon City,0,0,0,0,0,0,0,0,0,0,2016-05-14 13:45,Property,14.62151658,121.0501092,Rear-End
None,EDSA,None,None,"No Accident Factor, Rear-end, 0.0 drivers_injured, 0.0 drivers_killed, 0.0 passengers_injured, 0.0 passengers_killed, 0.0 pedestrian_injured, 0.0 pedestrian_killed, Fair (Day), EDSA Ermin Garcia (NB) Quezon City",MMDA Road Safety Unit,,58df1abd-c461-4a02-8689-78376089046e,2016-05-14,00:25:00,EDSA Congressional Avenue Quezon City,0,0,0,0,0,0,0,0,0,0,2016-05-14 8:25,Property,14.62758814,121.047487,Rear-End
None,EDSA,None,None,"No Accident Factor, Rear-end, 0.0 drivers_injured, 0.0 drivers_killed, 0.0 passengers_injured, 0.0 passengers_killed, 0.0 pedestrian_injured, 0.0 pedestrian_killed, Fair (Day), EDSA Five Star (NB) Quezon City",MMDA Road Safety Unit,,fe2e8ee3-797d-43d8-8895-eaccc5e27cc5,2016-05-13,23:45:00,EDSA Camp Aguinaldo Gate 4 Quezon City,0,0,0,0,0,0,0,0,0,0,2016-05-14 7:45,Property,14.62375691,121.0492447,Rear-End
None,EDSA,None,None,"No Accident Factor, Multiple Collision, 0.0 drivers_injured, 0.0 drivers_killed, 0.0 passengers_injured, 0.0 passengers_killed, 0.0 pedestrian_injured, 0.0 pedestrian_killed, Fair (Day), EDSA Santolan Mrt (NB) Quezon City",MMDA Road Safety Unit,,7cf85285-cf7c-4c89-96b2-e05680a38924,2016-05-13,22:15:00,"EDSA Nepa Q-Mart Market, E. Rodriguez Quezon City",0,0,0,0,0,0,0,0,0,0,2016-05-14 6:15,Property,14.60773988,121.0564577,Multiple
None,EDSA,None,None,"No Accident Factor, Rear-end, 0.0 drivers_injured, 0.0 drivers_killed, 0.0 passengers_injured, 0.0 passengers_killed, 0.0 pedestrian_injured, 0.0 pedestrian_killed, Fair (Night), EDSA DPWH Office, Pinyahan Quezon City",MMDA Road Safety Unit,,8f4b6666-20f5-4a69-95b2-406a05d013ab,2016-05-13,18:35:00,EDSA Main Ave. Quezon City,0,0,0,0,0,0,0,0,0,0,2016-05-14 2:35,Property,14.63477638,121.0438836,Rear-End
None,EDSA,None,None,"No Accident Factor, Rear-end, 0.0 drivers_injured, 0.0 drivers_killed, 0.0 passengers_injured, 0.0 passengers_killed, 0.0 pedestrian_injured, 0.0 pedestrian_killed, Fair (Night), EDSA Main Ave., Socorro Quezon City",MMDA Road Safety Unit,,a7493565-4e1a-4631-b8b6-55dc060d0bb3,2016-05-13,16:45:00,EDSA Main Ave. Quezon City,0,0,0,0,0,0,0,0,0,0,2016-05-14 0:45,Property,14.61376458,121.0537933,Rear-End
None,EDSA,None,None,"No Accident Factor, Side Swipe, 0.0 drivers_injured, 0.0 drivers_killed, 0.0 passengers_injured, 0.0 passengers_killed, 0.0 pedestrian_injured, 0.0 pedestrian_killed, Fair (Night), EDSA Santolan (SB) Quezon City",MMDA Road Safety Unit,,6a03eb96-050f-4b30-8e00-d6e5185aca45,2016-05-13,15:10:00,"EDSA Superlines Bus Terminal, E. Rodriguez Quezon City",0,0,0,0,0,0,0,0,0,0,2016-05-13 23:10,Property,14.61090554,121.0550155,Side Swipe
None,EDSA,None,None,"No Accident Factor, Side Swipe, 0.0 drivers_injured, 0.0 drivers_killed, 0.0 passengers_injured, 0.0 passengers_killed, 0.0 pedestrian_injured, 0.0 pedestrian_killed, Fair (Night), EDSA Aurora Blvd., E. Rod., Cubao Quezon City",MMDA Road Safety Unit,,021894de-4653-4392-a48b-9a1cc4b615f4,2016-05-13,15:10:00,"EDSA Misamis Street, Pagasa Quezon City",0,0,0,0,0,0,0,0,0,0,2016-05-13 23:10,Property,14.6218043,121.0502049,Side Swipe
None,EDSA,None,None,"No Accident Factor, Side Swipe, 0.0 drivers_injured, 0.0 drivers_killed, 0.0 passengers_injured, 0.0 passengers_killed, 0.0 pedestrian_injured, 0.0 pedestrian_killed, Fair (Day), EDSA Aguinaldo Gate 3 (NB) Quezon City",MMDA Road Safety Unit,,9cc93426-154d-4572-9cae-3b7b72a89d31,2016-05-13,09:45:00,EDSA Mapagmahal St.  Quezon City,0,0,0,0,0,0,0,0,0,0,2016-05-13 17:45,Property,14.60843108,121.0563374,Side Swipe
None,EDSA,None,None,"No Accident Factor, Side Swipe, 0.0 drivers_injured, 0.0 drivers_killed, 0.0 passengers_injured, 0.0 passengers_killed, 0.0 pedestrian_injured, 0.0 pedestrian_killed, Fair (Day), EDSA GMA-7 ""U"" turn slot Quezon City",MMDA Road Safety Unit,,4527e644-f826-435d-aad7-4bbb6015c3f4,2016-05-13,09:40:00,EDSA Timog Ave.  Quezon City,0,0,0,0,0,0,0,0,0,0,2016-05-13 17:40,Property,14.63545103,121.0432182,Side Swipe
None,EDSA,None,None,"No Accident Factor, Side Swipe, 0.0 drivers_injured, 0.0 drivers_killed, 0.0 passengers_injured, 0.0 passengers_killed, 0.0 pedestrian_injured, 0.0 pedestrian_killed, Fair (Day), EDSA ""U"" turn slot, Quezon City Academy (NB) Quezon City",MMDA Road Safety Unit,,f50c9d78-08e6-4f35-a1ff-8485e85abb94,2016-05-13,07:55:00,EDSA Royal Quezon City,0,0,0,0,0,0,0,0,0,0,2016-05-13 15:55,Property,14.65655357,121.0260701,Side Swipe
None,EDSA,None,None,"No Accident Factor, No Collision Stated (based on Police Blotter Book), 0.0 drivers_injured, 0.0 drivers_killed, 0.0 passengers_injured, 0.0 passengers_killed, 0.0 pedestrian_injured, 0.0 pedestrian_killed, Fair (Day), EDSA Monte De Piedad St. Quezon City",MMDA Road Safety Unit,,bb8b35ee-f5e9-4d94-a435-946f020312d9,2016-05-13,06:35:00,EDSA Aurora Blvd. Quezon City,0,0,0,0,0,0,0,0,0,0,2016-05-13 14:35,Property,14.62346937,121.0491711,No Collision Stated
None,EDSA,None,None,"No Accident Factor, Angle Impact, 0.0 drivers_injured, 0.0 drivers_killed, 0.0 passengers_injured, 0.0 passengers_killed, 0.0 pedestrian_injured, 0.0 pedestrian_killed, Fair (Day), EDSA East Ave., Timog Ave., Pinyahan Quezon City",MMDA Road Safety Unit,,bbd1344d-1bc0-4eab-82ee-83679b621d33,2016-05-13,06:25:00,EDSA Santolan MRT Station  Quezon City,0,0,0,0,0,0,0,0,0,0,2016-05-13 14:25,Property,14.6328297,121.0451176,Angle Impact
None,EDSA,None,None,"No Accident Factor, Side Swipe, 0.0 drivers_injured, 0.0 drivers_killed, 0.0 passengers_injured, 0.0 passengers_killed, 0.0 pedestrian_injured, 0.0 pedestrian_killed, Fair (Day), EDSA Gate 2 Camp Aguinaldo Quezon City",MMDA Road Safety Unit,,84ea43f1-9b0f-431f-9a8c-ace12545ee73,2016-05-13,04:50:00,EDSA Aurora Blvd. Quezon City,0,0,0,0,0,0,0,0,0,0,2016-05-13 12:50,Property,14.60837033,121.0563637,Side Swipe
None,EDSA,None,None,"No Accident Factor, Side Swipe, 0.0 drivers_injured, 0.0 drivers_killed, 0.0 passengers_injured, 0.0 passengers_killed, 0.0 pedestrian_injured, 0.0 pedestrian_killed, Fair (Day), EDSA Quezon Ave. (NB) Quezon City",MMDA Road Safety Unit,,022567d1-7454-4aa8-bb60-56cb3117769d,2016-05-13,04:20:00,"EDSA Superlines Bus Terminal, E. Rodriguez Quezon City",0,0,0,0,0,0,0,0,0,0,2016-05-13 12:20,Property,14.6442444,121.0375839,Side Swipe
None,EDSA,None,None,"No Accident Factor, Side Swipe, 0.0 drivers_injured, 0.0 drivers_killed, 0.0 passengers_injured, 0.0 passengers_killed, 0.0 pedestrian_injured, 0.0 pedestrian_killed, Fair (Day), EDSA Trinoma Quezon City",MMDA Road Safety Unit,,ca62a482-03cc-4f4a-8e4e-f0039f24c78c,2016-05-13,04:15:00,EDSA P. Tuazon Blvd. Quezon City,0,0,0,0,0,0,0,0,0,0,2016-05-13 12:15,Property,14.65242607,121.0323133,Side Swipe
None,EDSA,None,None,"No Accident Factor, Side Swipe, 0.0 drivers_injured, 0.0 drivers_killed, 0.0 passengers_injured, 0.0 passengers_killed, 0.0 pedestrian_injured, 0.0 pedestrian_killed, Fair (Day), EDSA Trinoma Quezon City",MMDA Road Safety Unit,,4e611c55-25e7-44f6-8c1f-d577168ea826,2016-05-13,04:15:00,EDSA Nepa Q-Mart  Quezon City,0,0,0,0,0,0,0,0,0,0,2016-05-13 12:15,Property,14.65242607,121.0323133,Side Swipe
None,EDSA,None,None,"No Accident Factor, Side Swipe, 0.0 drivers_injured, 0.0 drivers_killed, 0.0 passengers_injured, 0.0 passengers_killed, 0.0 pedestrian_injured, 0.0 pedestrian_killed, Fair (Day), EDSA Trinoma Quezon City",MMDA Road Safety Unit,,59658534-382a-41e0-962d-66ed02c1cfb9,2016-05-13,00:45:00,EDSA Scout Borromeo St. Quezon City,0,0,0,0,0,0,0,0,0,0,2016-05-13 8:45,Property,14.65242607,121.0323133,Side Swipe
None,EDSA,None,None,"No Accident Factor, Multiple Collision, 0.0 drivers_injured, 0.0 drivers_killed, 0.0 passengers_injured, 0.0 passengers_killed, 0.0 pedestrian_injured, 0.0 pedestrian_killed, Fair (Day), EDSA P. Tuazon Blvd. Quezon City",MMDA Road Safety Unit,,7c51242e-b54e-4a7e-98dc-60f8ac9aa559,2016-05-12,23:30:00,EDSA K-10 St.  Quezon City,0,0,0,0,0,0,0,0,0,0,2016-05-13 7:30,Property,14.61656342,121.0525225,Multiple
None,EDSA,None,None,"No Accident Factor, Side Swipe, 0.0 drivers_injured, 0.0 drivers_killed, 0.0 passengers_injured, 0.0 passengers_killed, 0.0 pedestrian_injured, 0.0 pedestrian_killed, Fair (Day), EDSA Main Ave. Quezon City",MMDA Road Safety Unit,,c872a8a8-17ec-4524-acac-d5539de1cf91,2016-05-12,23:15:00,"EDSA ""U"" turn slot, Boni Serrano Ave.  Quezon City",0,0,0,0,0,0,0,0,0,0,2016-05-13 7:15,Property,14.61376458,121.0537933,Side Swipe
None,EDSA,None,None,"No Accident Factor, Side Swipe, 0.0 drivers_injured, 0.0 drivers_killed, 0.0 passengers_injured, 0.0 passengers_killed, 0.0 pedestrian_injured, 0.0 pedestrian_killed, Fair (Day), EDSA SM North Quezon City",MMDA Road Safety Unit,,2e1fc7ea-a9e1-4915-9205-c02be2ed88d3,2016-05-12,23:15:00,EDSA East Ave. Quezon City,0,0,0,0,0,0,0,0,0,0,2016-05-13 7:15,Property,14.65645143,121.0271077,Side Swipe
None,EDSA,None,None,"No Accident Factor, Side Swipe, 0.0 drivers_injured, 0.0 drivers_killed, 0.0 passengers_injured, 0.0 passengers_killed, 0.0 pedestrian_injured, 0.0 pedestrian_killed, Fair (Day), EDSA East Ave., Pinyahan Quezon City",MMDA Road Safety Unit,,f8b77424-7be8-48a8-95b1-bc069ff51623,2016-05-12,23:00:00,"EDSA Ortigas Ave. (Robinsons Galleria Ortigas, Ugong Norte) Quezon City",0,0,0,0,0,0,0,0,0,0,2016-05-13 7:00,Property,14.6328297,121.0451176,Side Swipe
None,EDSA,None,None,"No Accident Factor, Hit and Run (No Collision Stated), 0.0 drivers_injured, 0.0 drivers_killed, 0.0 passengers_injured, 0.0 passengers_killed, 0.0 pedestrian_injured, 0.0 pedestrian_killed, Fair (Night), EDSA Ortigas Ave., Ugong Norte Quezon City",MMDA Road Safety Unit,,36c0eba5-71ee-4624-a66e-49417bf071bd,2016-05-12,12:30:00,EDSA Santolan Service Road (SB) Quezon City,0,0,0,0,0,0,0,0,0,0,2016-05-12 20:30,Property,14.59335253,121.0584107,No Collision Stated
None,EDSA,None,None,"No Accident Factor, Side Swipe, 0.0 drivers_injured, 0.0 drivers_killed, 0.0 passengers_injured, 0.0 passengers_killed, 0.0 pedestrian_injured, 0.0 pedestrian_killed, Fair (Day), EDSA SM Annex (NB) Quezon City",MMDA Road Safety Unit,,51081f7a-0def-4781-9b00-e627ef6fa6ac,2016-05-12,09:35:00,EDSA Trinoma Mall Quezon City,0,0,0,0,0,0,0,0,0,0,2016-05-12 17:35,Property,14.65628012,121.0272074,Side Swipe
None,EDSA,None,None,"No Accident Factor, Side Swipe, 0.0 drivers_injured, 0.0 drivers_killed, 0.0 passengers_injured, 0.0 passengers_killed, 0.0 pedestrian_injured, 0.0 pedestrian_killed, Fair (Day), EDSA Crame Gate (SB) Quezon City",MMDA Road Safety Unit,,6d961484-5fb8-4538-9647-14ffae4c42fa,2016-05-12,07:55:00,EDSA Aurora Blvd. Quezon City,0,0,0,0,0,0,0,0,0,0,2016-05-12 15:55,Property,14.60933464,121.0558764,Side Swipe
None,EDSA,None,None,"No Accident Factor, Rear-end, 0.0 drivers_injured, 0.0 drivers_killed, 0.0 passengers_injured, 0.0 passengers_killed, 0.0 pedestrian_injured, 0.0 pedestrian_killed, Fair (Day), EDSA Aurora Blvd., Socorro Quezon City",MMDA Road Safety Unit,,6d0afbb1-d720-41a4-99b6-b7f8951c509f,2016-05-12,02:30:00,EDSA Bulacan St. Quezon City,0,0,0,0,0,0,0,0,0,0,2016-05-12 10:30,Property,14.6218043,121.0502049,Rear-End
None,EDSA,None,None,"No Accident Factor, Rear-end, 0.0 drivers_injured, 0.0 drivers_killed, 0.0 passengers_injured, 0.0 passengers_killed, 0.0 pedestrian_injured, 0.0 pedestrian_killed, Fair (Day), EDSA Quezon Ave. (NB) Quezon City",MMDA Road Safety Unit,,f4222f14-da4c-40ce-9ec7-6be518654151,2016-05-12,02:15:00,EDSA East Ave. Quezon City,0,0,0,0,0,0,0,0,0,0,2016-05-12 10:15,Property,14.6442444,121.0375839,Rear-End
None,EDSA,None,None,"No Accident Factor, Rear-end, 0.0 drivers_injured, 0.0 drivers_killed, 0.0 passengers_injured, 0.0 passengers_killed, 0.0 pedestrian_injured, 0.0 pedestrian_killed, Fair (Day), EDSA Kaingin Road Quezon City",MMDA Road Safety Unit,,51d28243-efdf-4548-810d-a7d8720666d3,2016-05-12,00:45:00,EDSA East Ave. Quezon City,0,0,0,0,0,0,0,0,0,0,2016-05-12 8:45,Property,14.65746493,121.0109963,Rear-End
None,EDSA,None,None,"No Accident Factor, Rear-end, 0.0 drivers_injured, 0.0 drivers_killed, 0.0 passengers_injured, 0.0 passengers_killed, 0.0 pedestrian_injured, 0.0 pedestrian_killed, Fair (Day), EDSA Trinoma (NB) Quezon City",MMDA Road Safety Unit,,b29aaea6-81a1-4073-9b45-d8a1b4031637,2016-05-12,00:35:00,EDSA Solid North Terminal  Quezon City,0,0,0,0,0,0,0,0,0,0,2016-05-12 8:35,Property,14.65242607,121.0323133,Rear-End
None,EDSA,None,None,"No Accident Factor, Hit and Run (No Collision Stated), 0.0 drivers_injured, 0.0 drivers_killed, 0.0 passengers_injured, 0.0 passengers_killed, 0.0 pedestrian_injured, 0.0 pedestrian_killed, Fair (Day), EDSA P. Tuazon Blvd., Socorro Quezon City",MMDA Road Safety Unit,,bd6b0cbc-7c20-404b-b6b3-e09a5ccac47a,2016-05-11,23:30:00,EDSA East Ave. (East Avenue Medical Center) Quezon City,0,0,0,0,0,0,0,0,0,0,2016-05-12 7:30,Property,14.61656342,121.0525225,No Collision Stated
None,EDSA,None,None,"No Accident Factor, Rear-end, 0.0 drivers_injured, 0.0 drivers_killed, 0.0 passengers_injured, 0.0 passengers_killed, 0.0 pedestrian_injured, 0.0 pedestrian_killed, Fair (Night), EDSA East Ave. Quezon City",MMDA Road Safety Unit,,0c5a60dd-cb72-4882-b548-00458f9002f7,2016-05-11,10:00:00,EDSA Kamias Road Quezon City,0,0,0,0,0,0,0,0,0,0,2016-05-11 18:00,Property,14.6328297,121.0451176,Rear-End
None,EDSA,None,None,"No Accident Factor, Side Swipe, 0.0 drivers_injured, 0.0 drivers_killed, 0.0 passengers_injured, 0.0 passengers_killed, 0.0 pedestrian_injured, 0.0 pedestrian_killed, Fair (Day), EDSA East Ave. (WB) Quezon City",MMDA Road Safety Unit,,6d6871bb-3a1b-4e89-b1e9-7d15e261054c,2016-05-11,08:35:00,EDSA Misamis St. Quezon City,0,0,0,0,0,0,0,0,0,0,2016-05-11 16:35,Property,14.6328297,121.0451176,Side Swipe
None,EDSA,None,None,"No Accident Factor, Angle Impact, 0.0 drivers_injured, 0.0 drivers_killed, 0.0 passengers_injured, 0.0 passengers_killed, 0.0 pedestrian_injured, 0.0 pedestrian_killed, Fair (Day), EDSA Gen. Mc Arthur Avenue, Socorro Cubao Quezon City",MMDA Road Safety Unit,,d749a4ed-d87b-492a-a2a2-c0f1ca3a1c30,2016-05-11,07:40:00,"EDSA Pooveda St. (Robinsons Galleria Ortigas, Loyola Heights) Quezon City",0,0,0,0,0,0,0,0,0,0,2016-05-11 15:40,Property,14.61805145,121.0517604,Angle Impact
None,EDSA,None,None,"No Accident Factor, Rear-end, 0.0 drivers_injured, 0.0 drivers_killed, 0.0 passengers_injured, 0.0 passengers_killed, 0.0 pedestrian_injured, 0.0 pedestrian_killed, Fair (Day), EDSA Main Ave., Socorro Quezon City",MMDA Road Safety Unit,,083214e4-5e71-4ff2-93e7-b369bbe27a83,2016-05-11,07:00:00,EDSA GMA-7 Quezon City,0,0,0,0,0,0,0,0,0,0,2016-05-11 15:00,Property,14.61376458,121.0537933,Rear-End
None,EDSA,None,None,"No Accident Factor, Rear-end, 0.0 drivers_injured, 0.0 drivers_killed, 0.0 passengers_injured, 0.0 passengers_killed, 0.0 pedestrian_injured, 0.0 pedestrian_killed, Fair (Day), EDSA Monte De Piedad St. Quezon City",MMDA Road Safety Unit,,fc3c58ce-25ee-4a5a-a3cd-4c2dfd29285b,2016-05-11,03:35:00,EDSA New York St. (NB) Quezon City,0,0,0,0,0,0,0,0,0,0,2016-05-11 11:35,Property,14.62346937,121.0491711,Rear-End
None,EDSA,None,None,"No Accident Factor, Side Swipe, 0.0 drivers_injured, 0.0 drivers_killed, 0.0 passengers_injured, 0.0 passengers_killed, 0.0 pedestrian_injured, 0.0 pedestrian_killed, Fair (Day), EDSA Timog Ave., (NB) Quezon City",MMDA Road Safety Unit,,d99cf284-38c1-4092-9a53-8a0ba7269e37,2016-05-11,03:05:00,EDSA Dario Bridge (NB) Quezon City,0,0,0,0,0,0,0,0,0,0,2016-05-11 11:05,Property,14.63293559,121.0446304,Side Swipe
None,EDSA,None,None,"No Accident Factor, Rear-end, 1.0 drivers_injured, 0.0 drivers_killed, 0.0 passengers_injured, 0.0 passengers_killed, 0.0 pedestrian_injured, 0.0 pedestrian_killed, Fair (Day), EDSA East Ave., Pinyahan Quezon City",MMDA Road Safety Unit,,d545b884-0872-4a36-9280-35d47fde5f62,2016-05-11,02:30:00,EDSA Timog Ave. (WB) Quezon City,0,0,0,1,0,0,0,0,0,1,2016-05-11 10:30,Injury,14.6328297,121.0451176,Rear-End
None,EDSA,None,None,"No Accident Factor, Rear-end, 0.0 drivers_injured, 0.0 drivers_killed, 0.0 passengers_injured, 0.0 passengers_killed, 0.0 pedestrian_injured, 0.0 pedestrian_killed, Fair (Day), EDSA Landmark  Quezon City",MMDA Road Safety Unit,,fa3bc6d6-f5dd-44b6-a106-5a7890559c62,2016-05-11,02:00:00,EDSA Santolan Service Road (NB) Quezon City,0,0,0,0,0,0,0,0,0,0,2016-05-11 10:00,Property,14.6509773,121.0331821,Rear-End