LOCATION_TEXT,ROAD,WEATHER,LIGHT,DESC,REPORTING_AGENCY,MAIN_CAUSE,INCIDENTDETAILS_ID,DATE_UTC,TIME_UTC,ADDRESS,killed_driver,killed_passenger,killed_pedestrian,injured_driver,injured_passenger,injured_pedestrian,killed_uncategorized,injured_uncategorized,killed_total,injured_total,DATETIME_PST,SEVERITY,Y,X,COLLISION_TYPE
None,EDSA,None,None,"No Accident Factor, Side Swipe, 1.0 drivers_injured, 0.0 drivers_killed, 0.0 passengers_injured, 0.0 passengers_killed, 0.0 pedestrian_injured, 0.0 pedestrian_killed, Fair (Day), EDSA Kamuning (NB) Quezon City",MMDA Road Safety Unit,,2688d1fd-3126-453b-a777-6c6dc1fe4602,2016-05-10,23:55:00,"EDSA Trinoma, Pagasa Quezon City",0,0,0,1,0,0,0,0,0,1,2016-05-11 7:55,Injury,14.63085066,121.0458344,Side Swipe
None,EDSA,None,None,"No Accident Factor, Side Swipe, 0.0 drivers_injured, 0.0 drivers_killed, 0.0 passengers_injured, 0.0 passengers_killed, 0.0 pedestrian_injured, 0.0 pedestrian_killed, Fair (Day), EDSA Kamias Road, Pinyahan Quezon City",MMDA Road Safety Unit,,f064582f-fee0-4378-afc5-eaab453e0795,2016-05-10,22:45:00,EDSA Cloverleaf Road Quezon City,0,0,0,0,0,0,0,0,0,0,2016-05-11 6:45,Property,14.6309142,121.0459376,Side Swipe
None,EDSA,None,None,"No Accident Factor, No Collision Stated (based on Police Blotter Book), 0.0 drivers_injured, 0.0 drivers_killed, 0.0 passengers_injured, 0.0 passengers_killed, 0.0 pedestrian_injured, 0.0 pedestrian_killed, Fair (Night), EDSA Congressional Avenue, Ramon Magsaysay Quezon City",MMDA Road Safety Unit,,0b53cfca-dfad-4b28-9b41-12e4bfed568d,2016-05-10,21:30:00,EDSA P. Tuazon Blvd. Quezon City,0,0,0,0,0,0,0,0,0,0,2016-05-11 5:30,Property,14.6571804,120.9927185,No Collision Stated
None,EDSA,None,None,"No Accident Factor, No Collision Stated (based on Police Blotter Book), 0.0 drivers_injured, 0.0 drivers_killed, 0.0 passengers_injured, 0.0 passengers_killed, 0.0 pedestrian_injured, 0.0 pedestrian_killed, Fair (Night), EDSA Baliwag Bus Terminal, E. Rodriguez Quezon City",MMDA Road Safety Unit,,002b53ba-8f7c-4ebc-a4e5-b55251c9ceb7,2016-05-10,11:00:00,EDSA Timog Ave.  Quezon City,0,0,0,0,0,0,0,0,0,0,2016-05-10 19:00,Property,14.6244766,121.0489584,No Collision Stated
None,EDSA,None,None,"No Accident Factor, Side Swipe, 0.0 drivers_injured, 0.0 drivers_killed, 0.0 passengers_injured, 0.0 passengers_killed, 0.0 pedestrian_injured, 0.0 pedestrian_killed, Fair (Day), EDSA P. Tuazon (NB) Quezon City",MMDA Road Safety Unit,,9474ff2f-2c94-4800-a2e0-1928d4533a6d,2016-05-10,08:00:00,EDSA Ortigas Ave. (EB) Quezon City,0,0,0,0,0,0,0,0,0,0,2016-05-10 16:00,Property,14.61656342,121.0525225,Side Swipe
None,EDSA,None,None,"No Accident Factor, No Collision Stated (based on Police Blotter Book), 0.0 drivers_injured, 0.0 drivers_killed, 0.0 passengers_injured, 0.0 passengers_killed, 0.0 pedestrian_injured, 0.0 pedestrian_killed, Fair (Day), EDSA Fema Road, Bahay Toro Quezon City",MMDA Road Safety Unit,,020a3f18-f825-44f3-b241-fdc143a9f5fb,2016-05-10,04:00:00,EDSA Bansalangin Footbridge (NB) Quezon City,0,0,0,0,0,0,0,0,0,0,2016-05-10 12:00,Property,14.65776837,121.0159521,No Collision Stated
None,EDSA,None,None,"No Accident Factor, Multiple Collision, 0.0 drivers_injured, 0.0 drivers_killed, 0.0 passengers_injured, 0.0 passengers_killed, 0.0 pedestrian_injured, 0.0 pedestrian_killed, Fair (Day), EDSA Santolan (NB) Quezon City",MMDA Road Safety Unit,,c894f5f6-7b04-400e-a52d-f035afc14ed3,2016-05-10,02:50:00,"EDSA Congressional Ave., Ramon Magsaysay Quezon City",0,0,0,0,0,0,0,0,0,0,2016-05-10 10:50,Property,14.61090554,121.0550155,Multiple
None,EDSA,None,None,"No Accident Factor, Hit and Run (No Collision Stated), 0.0 drivers_injured, 0.0 drivers_killed, 0.0 passengers_injured, 0.0 passengers_killed, 0.0 pedestrian_injured, 0.0 pedestrian_killed, Fair (Day), EDSA F. Lopez St. Quezon City",MMDA Road Safety Unit,,6714fd38-a101-4cc0-9121-2c8a56f615ec,2016-05-10,02:15:00,EDSA Kamuning Road (SB) (Mercury Drugstore) Quezon City,0,0,0,0,0,0,0,0,0,0,2016-05-10 10:15,Property,14.63978617,121.0402676,No Collision Stated
None,EDSA,None,None,"No Accident Factor, Side Swipe, 0.0 drivers_injured, 0.0 drivers_killed, 0.0 passengers_injured, 0.0 passengers_killed, 0.0 pedestrian_injured, 0.0 pedestrian_killed, Fair (Day), EDSA MRT North Station  Quezon City",MMDA Road Safety Unit,,5d549381-f1c9-423e-8476-583d2cf679f8,2016-05-10,00:45:00,EDSA Superlines Service Road (SB) Quezon City,0,0,0,0,0,0,0,0,0,0,2016-05-10 8:45,Property,14.65224665,121.0323026,Side Swipe
None,EDSA,None,None,"No Accident Factor, Multiple Collision, 0.0 drivers_injured, 0.0 drivers_killed, 0.0 passengers_injured, 0.0 passengers_killed, 0.0 pedestrian_injured, 0.0 pedestrian_killed, Fair (Day), EDSA P. Tuazon Blvd. Quezon City",MMDA Road Safety Unit,,639c8dda-6319-4bcf-9778-e1642ed7d025,2016-05-09,23:45:00,EDSA Col. Bonny Serrano Ave.  Quezon City,0,0,0,0,0,0,0,0,0,0,2016-05-10 7:45,Property,14.61656342,121.0525225,Multiple
None,EDSA,None,None,"No Accident Factor, Multiple Collision, 0.0 drivers_injured, 0.0 drivers_killed, 0.0 passengers_injured, 0.0 passengers_killed, 0.0 pedestrian_injured, 0.0 pedestrian_killed, Fair (Day), EDSA People Power Monument, Camp Aguinaldo White Plains Quezon City",MMDA Road Safety Unit,,e8493c29-d8cb-4c67-a30b-d42b8478ff9b,2016-05-09,23:00:00,"EDSA ""U"" turn slot, GMA-7 Bldg.  Quezon City",0,0,0,0,0,0,0,0,0,0,2016-05-10 7:00,Property,14.59994643,121.059777,Multiple
None,EDSA,None,None,"No Accident Factor, No Collision Stated (based on Police Blotter Book), 0.0 drivers_injured, 0.0 drivers_killed, 0.0 passengers_injured, 0.0 passengers_killed, 0.0 pedestrian_injured, 0.0 pedestrian_killed, Fair (Day), EDSA Banahaw St.  Quezon City",MMDA Road Safety Unit,,4c7b751f-255a-4c71-996f-d561635e8468,2016-05-09,22:40:00,EDSA Camp Aguinaldo Gate 4 Quezon City,0,0,0,0,0,0,0,0,0,0,2016-05-10 6:40,Property,14.61797303,121.0516572,No Collision Stated
None,EDSA,None,None,"No Accident Factor, Rear-end, 0.0 drivers_injured, 0.0 drivers_killed, 0.0 passengers_injured, 0.0 passengers_killed, 0.0 pedestrian_injured, 0.0 pedestrian_killed, Fair (Day), EDSA QCPD-10, Kamuning  Quezon City",MMDA Road Safety Unit,,882f17de-f2d9-41a6-a775-18a20482e3f5,2016-05-09,22:05:00,EDSA Whiteplains Ave.  Quezon City,0,0,0,0,0,0,0,0,0,0,2016-05-10 6:05,Property,14.62991873,121.0461256,Rear-End
None,EDSA,None,None,"No Accident Factor, Rear-end, 0.0 drivers_injured, 0.0 drivers_killed, 0.0 passengers_injured, 0.0 passengers_killed, 0.0 pedestrian_injured, 0.0 pedestrian_killed, Fair (Night), EDSA Royal Quezon City",MMDA Road Safety Unit,,bbf7d50d-2eac-4ac8-9af7-a97066e1d190,2016-05-09,19:30:00,EDSA Cloverleaf Road Quezon City,0,0,0,0,0,0,0,0,0,0,2016-05-10 3:30,Property,14.65767141,121.0107008,Rear-End
None,EDSA,None,None,"No Accident Factor, Hit and Run (No Collision Stated), 1.0 drivers_injured, 0.0 drivers_killed, 0.0 passengers_injured, 0.0 passengers_killed, 0.0 pedestrian_injured, 0.0 pedestrian_killed, Fair (Night), EDSA Timog Ave.  Quezon City",MMDA Road Safety Unit,,ff15ca37-b180-4d7c-a22b-ef0b9aebf188,2016-05-09,15:35:00,EDSA Aurora Blvd. Quezon City,0,0,0,1,0,0,0,0,0,1,2016-05-09 23:35,Injury,14.63293559,121.0446304,No Collision Stated
None,EDSA,None,None,"No Accident Factor, Hit and Run (No Collision Stated), 0.0 drivers_injured, 0.0 drivers_killed, 0.0 passengers_injured, 0.0 passengers_killed, 0.0 pedestrian_injured, 0.0 pedestrian_killed, Fair (Day), EDSA E. Lopez St.  Quezon City",MMDA Road Safety Unit,,55c48f55-e15b-45d0-a0de-0f5b6794e454,2016-05-09,08:30:00,EDSA MRT-GMA Station Quezon City,0,0,0,0,0,0,0,0,0,0,2016-05-09 16:30,Property,14.6396904,121.0403884,No Collision Stated
None,EDSA,None,None,"No Accident Factor, Rear-end, 0.0 drivers_injured, 0.0 drivers_killed, 0.0 passengers_injured, 0.0 passengers_killed, 0.0 pedestrian_injured, 0.0 pedestrian_killed, Fair (Day), EDSA Quezon Ave. Quezon City",MMDA Road Safety Unit,,4e0e477b-5191-404b-8ccd-41fa4a17bf6c,2016-05-09,05:30:00,EDSA Gate 1 Camp Crame Quezon City,0,0,0,0,0,0,0,0,0,0,2016-05-09 13:30,Property,14.6442444,121.0375839,Rear-End
None,EDSA,None,None,"No Accident Factor, Side Swipe, 0.0 drivers_injured, 0.0 drivers_killed, 0.0 passengers_injured, 0.0 passengers_killed, 0.0 pedestrian_injured, 0.0 pedestrian_killed, Fair (Day), EDSA West Ave. Quezon City",MMDA Road Safety Unit,,887fd02d-e78d-4ba9-a214-c46f0274a4f4,2016-05-09,03:00:00,EDSA P. Tuazon Blvd. Quezon City,0,0,0,0,0,0,0,0,0,0,2016-05-09 11:00,Property,14.65548924,121.0298079,Side Swipe
None,EDSA,None,None,"No Accident Factor, Side Swipe, 0.0 drivers_injured, 0.0 drivers_killed, 0.0 passengers_injured, 0.0 passengers_killed, 0.0 pedestrian_injured, 0.0 pedestrian_killed, Fair (Night), EDSA Scout Borromeo (SB) Quezon City",MMDA Road Safety Unit,,be41bb04-bd85-47e1-9b38-fe1c0b579f31,2016-05-08,12:55:00,EDSA E. Lopez St.  Quezon City,0,0,0,0,0,0,0,0,0,0,2016-05-08 20:55,Property,14.63715712,121.0419507,Side Swipe
None,EDSA,None,None,"No Accident Factor, Side Swipe, 0.0 drivers_injured, 0.0 drivers_killed, 0.0 passengers_injured, 0.0 passengers_killed, 0.0 pedestrian_injured, 0.0 pedestrian_killed, Fair (Day), EDSA Five Star Bus Terminal Compound, Cubao, E. Rod. Quezon City",MMDA Road Safety Unit,,57b434ae-958f-45e1-83bb-271e153781b4,2016-05-08,08:30:00,EDSA Camp Aguinaldo Quezon City,0,0,0,0,0,0,0,0,0,0,2016-05-08 16:30,Property,14.62375691,121.0492447,Side Swipe
None,EDSA,None,None,"No Accident Factor, Hit and Run (Angle Impact), 0.0 drivers_injured, 0.0 drivers_killed, 0.0 passengers_injured, 0.0 passengers_killed, 0.0 pedestrian_injured, 0.0 pedestrian_killed, Fair (Day), EDSA East Ave. Quezon City",MMDA Road Safety Unit,,67de3a02-1851-4393-8fbb-3ff41ad7e0d6,2016-05-08,07:00:00,EDSA Quezon Ave. (SB) SPLIT Quezon City,0,0,0,0,0,0,0,0,0,0,2016-05-08 15:00,Property,14.6328297,121.0451176,Angle Impact
None,EDSA,None,None,"No Accident Factor, Side Swipe, 0.0 drivers_injured, 0.0 drivers_killed, 0.0 passengers_injured, 0.0 passengers_killed, 0.0 pedestrian_injured, 0.0 pedestrian_killed, Fair (Day), EDSA ""U"" turn slot, Quezon City Academy (SB) Quezon City",MMDA Road Safety Unit,,3b722907-fd97-4129-9ea5-7b75024bb010,2016-05-08,06:30:00,EDSA Roosevelt Ave. Quezon City,0,0,0,0,0,0,0,0,0,0,2016-05-08 14:30,Property,14.65655357,121.0260701,Side Swipe
None,EDSA,None,None,"No Accident Factor, Side Swipe, 0.0 drivers_injured, 0.0 drivers_killed, 0.0 passengers_injured, 0.0 passengers_killed, 0.0 pedestrian_injured, 0.0 pedestrian_killed, Fair (Day), EDSA Aurora Blvd. Quezon City",MMDA Road Safety Unit,,51842fd6-fcba-4936-84df-7f320f1c09bf,2016-05-08,02:00:00,EDSA Quezon Ave. Quezon City,0,0,0,0,0,0,0,0,0,0,2016-05-08 10:00,Property,14.62163653,121.0501573,Side Swipe
None,EDSA,None,None,"No Accident Factor, Side Swipe, 0.0 drivers_injured, 0.0 drivers_killed, 0.0 passengers_injured, 0.0 passengers_killed, 0.0 pedestrian_injured, 0.0 pedestrian_killed, Fair (Day), EDSA New York (NB) Quezon City",MMDA Road Safety Unit,,2e949387-7b23-4361-b965-0556e08443f6,2016-05-08,01:55:00,EDSA Timog Ave.  Quezon City,0,0,0,0,0,0,0,0,0,0,2016-05-08 9:55,Property,14.62568514,121.0482307,Side Swipe
None,EDSA,None,None,"No Accident Factor, No Collision Stated (based on Police Blotter Book), 0.0 drivers_injured, 0.0 drivers_killed, 0.0 passengers_injured, 0.0 passengers_killed, 0.0 pedestrian_injured, 0.0 pedestrian_killed, Fair (Day), EDSA West Ave. Quezon City",MMDA Road Safety Unit,,4280c5a3-97c6-47c5-9898-de0eb002de60,2016-05-08,00:00:00,EDSA Ermin Garcia St. Quezon City,0,0,0,0,0,0,0,0,0,0,2016-05-08 8:00,Property,14.65548924,121.0298079,No Collision Stated
None,EDSA,None,None,"No Accident Factor, Rear-end, 0.0 drivers_injured, 0.0 drivers_killed, 0.0 passengers_injured, 0.0 passengers_killed, 0.0 pedestrian_injured, 0.0 pedestrian_killed, Fair (Day), EDSA New York (NB) Quezon City",MMDA Road Safety Unit,,a99836c2-ef9f-4006-bd0f-a19fdcac0eed,2016-05-07,22:35:00,EDSA Whiteplains Ave.  Quezon City,0,0,0,0,0,0,0,0,0,0,2016-05-08 6:35,Property,14.62568514,121.0482307,Rear-End
None,EDSA,None,None,"No Accident Factor, Side Swipe, 0.0 drivers_injured, 0.0 drivers_killed, 0.0 passengers_injured, 0.0 passengers_killed, 0.0 pedestrian_injured, 0.0 pedestrian_killed, Fair (Night), EDSA Scout Borromeo St. Quezon City",MMDA Road Safety Unit,,dd6edebb-5b9f-4338-a7e5-3e511789c578,2016-05-07,13:45:00,EDSA Mrt Santolan Station Quezon City,0,0,0,0,0,0,0,0,0,0,2016-05-07 21:45,Property,14.63715712,121.0419507,Side Swipe
None,EDSA,None,None,"No Accident Factor, Rear-end, 0.0 drivers_injured, 0.0 drivers_killed, 0.0 passengers_injured, 0.0 passengers_killed, 0.0 pedestrian_injured, 0.0 pedestrian_killed, Fair (Night), EDSA Ortigas Ave. Quezon City",MMDA Road Safety Unit,,a47f2086-bae3-49bd-98d7-a9e834ed7cd2,2016-05-07,13:00:00,EDSA Quezon Ave. (WB) Quezon City,0,0,0,0,0,0,0,0,0,0,2016-05-07 21:00,Property,14.59335253,121.0584107,Rear-End
None,EDSA,None,None,"No Accident Factor, Side Swipe, 0.0 drivers_injured, 0.0 drivers_killed, 0.0 passengers_injured, 0.0 passengers_killed, 0.0 pedestrian_injured, 0.0 pedestrian_killed, Fair (Night), EDSA Kamias, Kamuning Quezon City",MMDA Road Safety Unit,,73ef4cae-861a-4232-b7e7-e5f91fc7b706,2016-05-07,12:25:00,EDSA Timog Ave. Quezon City,0,0,0,0,0,0,0,0,0,0,2016-05-07 20:25,Property,14.6309142,121.0459376,Side Swipe
None,EDSA,None,None,"No Accident Factor, Side Swipe, 0.0 drivers_injured, 0.0 drivers_killed, 0.0 passengers_injured, 0.0 passengers_killed, 0.0 pedestrian_injured, 0.0 pedestrian_killed, Fair (Night), EDSA Gen. Roxas Ave. Quezon City",MMDA Road Safety Unit,,6dbd3c66-746d-4c77-b55e-6abee9594435,2016-05-07,11:30:00,EDSA Mapagmahal St.  Quezon City,0,0,0,0,0,0,0,0,0,0,2016-05-07 19:30,Property,14.62042254,121.0508064,Side Swipe
None,EDSA,None,None,"No Accident Factor, Rear-end, 0.0 drivers_injured, 0.0 drivers_killed, 0.0 passengers_injured, 0.0 passengers_killed, 0.0 pedestrian_injured, 0.0 pedestrian_killed, Fair (Night), EDSA P. Tuazon Blvd. Quezon City",MMDA Road Safety Unit,,93e84899-6ba9-4f31-827b-b32b02478ad9,2016-05-07,11:00:00,"EDSA Baliwag Bus Terminal, E. Rodriguez Quezon City",0,0,0,0,0,0,0,0,0,0,2016-05-07 19:00,Property,14.61656342,121.0525225,Rear-End
None,EDSA,None,None,"No Accident Factor, Multiple Collision, 0.0 drivers_injured, 0.0 drivers_killed, 0.0 passengers_injured, 0.0 passengers_killed, 0.0 pedestrian_injured, 0.0 pedestrian_killed, Fair (Night), EDSA P. Tuazon Blvd. Quezon City",MMDA Road Safety Unit,,c14968a0-a261-4112-a7f4-0a7c3a20e4e5,2016-05-07,10:45:00,EDSA P. Tuazon Blvd. Quezon City,0,0,0,0,0,0,0,0,0,0,2016-05-07 18:45,Property,14.61656342,121.0525225,Multiple
None,EDSA,None,None,"No Accident Factor, No Collision Stated (based on Police Blotter Book), 1.0 drivers_injured, 0.0 drivers_killed, 0.0 passengers_injured, 0.0 passengers_killed, 0.0 pedestrian_injured, 0.0 pedestrian_killed, Fair (Day), EDSA Santolan Service Road (NB) Quezon City",MMDA Road Safety Unit,,f31da091-7c53-4f10-948c-f1e329e226b4,2016-05-07,09:45:00,EDSA P. Tuazon Blvd. Quezon City,0,0,0,1,0,0,0,0,0,1,2016-05-07 17:45,Injury,14.6102736,121.0552175,No Collision Stated
None,EDSA,None,None,"No Accident Factor, Rear-end, 0.0 drivers_injured, 0.0 drivers_killed, 0.0 passengers_injured, 0.0 passengers_killed, 0.0 pedestrian_injured, 0.0 pedestrian_killed, Fair (Day), EDSA Superlines Bus Terminal Quezon City",MMDA Road Safety Unit,,6bb059a7-55bf-4091-901a-4e4130a6f03a,2016-05-07,09:30:00,"EDSA Farmers Plaza, Socorro Quezon City",0,0,0,0,0,0,0,0,0,0,2016-05-07 17:30,Property,14.62512241,121.0484162,Rear-End
None,EDSA,None,None,"No Accident Factor, No Collision Stated (based on Police Blotter Book), 1.0 drivers_injured, 0.0 drivers_killed, 0.0 passengers_injured, 0.0 passengers_killed, 0.0 pedestrian_injured, 0.0 pedestrian_killed, Fair (Day), EDSA Col. Bonny Serrano Ave. Quezon City",MMDA Road Safety Unit,,82536794-ec70-440e-974b-5de625cffb56,2016-05-07,07:45:00,EDSA North Ave. Quezon City,0,0,0,1,0,0,0,0,0,1,2016-05-07 15:45,Injury,14.61107337,121.0550705,No Collision Stated
None,EDSA,None,None,"No Accident Factor, Side Swipe, 0.0 drivers_injured, 0.0 drivers_killed, 0.0 passengers_injured, 0.0 passengers_killed, 0.0 pedestrian_injured, 0.0 pedestrian_killed, Fair (Day), EDSA Timog Ave. Quezon City",MMDA Road Safety Unit,,831bf81c-4b0b-43fc-ad12-b3d7d93b7508,2016-05-07,06:30:00,EDSA Camp Aguinaldo Quezon City,0,0,0,0,0,0,0,0,0,0,2016-05-07 14:30,Property,14.63293559,121.0446304,Side Swipe
None,EDSA,None,None,"No Accident Factor, Rear-end, 0.0 drivers_injured, 0.0 drivers_killed, 0.0 passengers_injured, 0.0 passengers_killed, 0.0 pedestrian_injured, 0.0 pedestrian_killed, Fair (Day), EDSA Timog (SB) Quezon City",MMDA Road Safety Unit,,32bc5e6e-e3ea-4c2c-bae9-d2ca50fc71fc,2016-05-07,05:05:00,"EDSA Santolan MRT Stn., Camp Aguinaldo Quezon City",0,0,0,0,0,0,0,0,0,0,2016-05-07 13:05,Property,14.63293559,121.0446304,Rear-End
None,EDSA,None,None,"No Accident Factor, Multiple Collision, 0.0 drivers_injured, 0.0 drivers_killed, 0.0 passengers_injured, 0.0 passengers_killed, 0.0 pedestrian_injured, 0.0 pedestrian_killed, Fair (Day), EDSA Camp Aguinaldo Quezon City",MMDA Road Safety Unit,,90cb17f8-4e14-44b2-b0fa-e199a1e8158b,2016-05-07,03:00:00,EDSA Mayor Ignacio Diaz Quezon City,0,0,0,0,0,0,0,0,0,0,2016-05-07 11:00,Property,14.60818699,121.0564562,Multiple
None,EDSA,None,None,"No Accident Factor, Rear-end, 0.0 drivers_injured, 0.0 drivers_killed, 0.0 passengers_injured, 0.0 passengers_killed, 0.0 pedestrian_injured, 0.0 pedestrian_killed, Fair (Day), EDSA East Ave. Quezon City",MMDA Road Safety Unit,,60e6bf6e-1d70-486e-9332-31da4d31c057,2016-05-07,01:20:00,EDSA Timog Ave. Quezon City,0,0,0,0,0,0,0,0,0,0,2016-05-07 9:20,Property,14.6328297,121.0451176,Rear-End
None,EDSA,None,None,"No Accident Factor, Rear-end, 0.0 drivers_injured, 0.0 drivers_killed, 0.0 passengers_injured, 0.0 passengers_killed, 0.0 pedestrian_injured, 0.0 pedestrian_killed, Fair (Day), EDSA Corinthian (NB) Quezon City",MMDA Road Safety Unit,,8f69aeb8-50d6-438c-a975-95b8484432ad,2016-05-07,00:40:00,EDSA Whiteplains Ave.  Quezon City,0,0,0,0,0,0,0,0,0,0,2016-05-07 8:40,Property,14.59580783,121.0595248,Rear-End
None,EDSA,None,None,"No Accident Factor, Rear-end, 0.0 drivers_injured, 0.0 drivers_killed, 0.0 passengers_injured, 0.0 passengers_killed, 0.0 pedestrian_injured, 0.0 pedestrian_killed, Fair (Day), EDSA Scout Borromeo (SB) Quezon City",MMDA Road Safety Unit,,57d55617-7f0d-4599-9b0b-55b7f8be8430,2016-05-06,23:50:00,"EDSA Ford, Balintawak Quezon City",0,0,0,0,0,0,0,0,0,0,2016-05-07 7:50,Property,14.63715712,121.0419507,Rear-End
None,EDSA,None,None,"No Accident Factor, Side Swipe, 0.0 drivers_injured, 0.0 drivers_killed, 0.0 passengers_injured, 0.0 passengers_killed, 0.0 pedestrian_injured, 0.0 pedestrian_killed, Fair (Night), EDSA Ermin Garcia St. Quezon City",MMDA Road Safety Unit,,bef01e6c-7fef-48b0-9ab7-176d7c212243,2016-05-06,18:00:00,EDSA Magallanes Quezon City,0,0,0,0,0,0,0,0,0,0,2016-05-07 2:00,Property,14.62758814,121.047487,Side Swipe
None,EDSA,None,None,"No Accident Factor, Side Swipe, 0.0 drivers_injured, 0.0 drivers_killed, 0.0 passengers_injured, 0.0 passengers_killed, 0.0 pedestrian_injured, 0.0 pedestrian_killed, Fair (Night), EDSA Camp Aguinaldo Quezon City",MMDA Road Safety Unit,,276aa1ad-2843-410f-bff3-6466363bd524,2016-05-06,16:40:00,EDSA Col. Bonny Serrano Ave.  Quezon City,0,0,0,0,0,0,0,0,0,0,2016-05-07 0:40,Property,14.60818699,121.0564562,Side Swipe
None,EDSA,None,None,"No Accident Factor, Hit and Run (No Collision Stated), 0.0 drivers_injured, 0.0 drivers_killed, 0.0 passengers_injured, 0.0 passengers_killed, 0.0 pedestrian_injured, 0.0 pedestrian_killed, Fair (Night), EDSA Gate 3, Camp Aguinaldo Quezon City",MMDA Road Safety Unit,,309e3d5e-5471-435e-ba72-36528e2cddfa,2016-05-06,16:15:00,"EDSA Gen. Roxas Ave., Araneta Ctr., Cubao Quezon City",0,0,0,0,0,0,0,0,0,0,2016-05-07 0:15,Property,14.6047252,121.0579426,No Collision Stated
None,EDSA,None,None,"No Accident Factor, Side Swipe, 0.0 drivers_injured, 0.0 drivers_killed, 0.0 passengers_injured, 0.0 passengers_killed, 0.0 pedestrian_injured, 0.0 pedestrian_killed, Fair (Night), EDSA Col. Bonny Serrano St. Quezon City",MMDA Road Safety Unit,,120a72da-fdf6-497c-95a8-fac8adfcd8bd,2016-05-06,15:30:00,EDSA Trinoma Mall Quezon City,0,0,0,0,0,0,0,0,0,0,2016-05-06 23:30,Property,14.61107337,121.0550705,Side Swipe
None,EDSA,None,None,"No Accident Factor, Self-Accident, 0.0 drivers_injured, 0.0 drivers_killed, 0.0 passengers_injured, 0.0 passengers_killed, 0.0 pedestrian_injured, 0.0 pedestrian_killed, Fair (Night), EDSA Trinoma (SB) Quezon City",MMDA Road Safety Unit,,3d39bd31-ba77-4991-976d-977cd35a8387,2016-05-06,15:15:00,EDSA Roosevelt Ave.  Quezon City,0,0,0,0,0,0,0,0,0,0,2016-05-06 23:15,Property,14.65242607,121.0323133,Self-Accident
None,EDSA,None,None,"No Accident Factor, Hit and Run (No Collision Stated), 0.0 drivers_injured, 0.0 drivers_killed, 0.0 passengers_injured, 0.0 passengers_killed, 0.0 pedestrian_injured, 0.0 pedestrian_killed, Fair (Night), EDSA New York St. Quezon City",MMDA Road Safety Unit,,b148841e-3ac8-4bcf-9c0b-1f41c804b25e,2016-05-06,13:30:00,EDSA P. Tuazon Blvd. Quezon City,0,0,0,0,0,0,0,0,0,0,2016-05-06 21:30,Property,14.62568514,121.0482307,No Collision Stated
None,EDSA,None,None,"No Accident Factor, No Collision Stated (based on Police Blotter Book), 0.0 drivers_injured, 0.0 drivers_killed, 0.0 passengers_injured, 0.0 passengers_killed, 0.0 pedestrian_injured, 0.0 pedestrian_killed, Fair (Night), EDSA Farmers Plaza Cubao Quezon City",MMDA Road Safety Unit,,4f68df35-d9a8-453b-982b-36da2a9be8a0,2016-05-06,12:30:00,EDSA New York St. Quezon City,0,0,0,0,0,0,0,0,0,0,2016-05-06 20:30,Property,14.61920525,121.0513476,No Collision Stated
None,EDSA,None,None,"No Accident Factor, Hit and Run (No Collision Stated), 0.0 drivers_injured, 0.0 drivers_killed, 0.0 passengers_injured, 0.0 passengers_killed, 0.0 pedestrian_injured, 0.0 pedestrian_killed, Fair (Night), EDSA Camp Aguinaldo Quezon City",MMDA Road Safety Unit,,a094c2d3-6459-4afc-ace9-9bb58b6911c8,2016-05-06,12:05:00,"EDSA Benitez St., West Triangle Quezon City",0,0,0,0,0,0,0,0,0,0,2016-05-06 20:05,Property,14.60818699,121.0564562,No Collision Stated
None,EDSA,None,None,"No Accident Factor, Side Swipe, 0.0 drivers_injured, 0.0 drivers_killed, 0.0 passengers_injured, 0.0 passengers_killed, 0.0 pedestrian_injured, 0.0 pedestrian_killed, Fair (Night), EDSA New York (NB) Quezon City",MMDA Road Safety Unit,,2bf729e6-b644-4018-a53a-54f6772f28e9,2016-05-06,11:25:00,EDSA Balintawak Market Quezon City,0,0,0,0,0,0,0,0,0,0,2016-05-06 19:25,Property,14.62568514,121.0482307,Side Swipe
None,EDSA,None,None,"No Accident Factor, No Collision Stated (based on Police Blotter Book), 0.0 drivers_injured, 0.0 drivers_killed, 0.0 passengers_injured, 0.0 passengers_killed, 0.0 pedestrian_injured, 0.0 pedestrian_killed, Fair (Day), EDSA Timog Ave. Quezon City",MMDA Road Safety Unit,,0e7f0c22-0343-4205-873c-d1abf1671e03,2016-05-06,09:30:00,"EDSA P. Tuazon Blvd., Socorro Quezon City",0,0,0,0,0,0,0,0,0,0,2016-05-06 17:30,Property,14.63293559,121.0446304,No Collision Stated
None,EDSA,None,None,"No Accident Factor, No Collision Stated (based on Police Blotter Book), 0.0 drivers_injured, 0.0 drivers_killed, 0.0 passengers_injured, 0.0 passengers_killed, 0.0 pedestrian_injured, 0.0 pedestrian_killed, Fair (Day), EDSA ""U"" turn slot, Quezon City Academy, Sto. Cristo Quezon City",MMDA Road Safety Unit,,f66417e6-8bc5-48ee-94a9-53817a103628,2016-05-06,09:00:00,EDSA Farmers Quezon City,0,0,0,0,0,0,0,0,0,0,2016-05-06 17:00,Property,14.65655357,121.0260701,No Collision Stated
None,EDSA,None,None,"No Accident Factor, Side Swipe, 0.0 drivers_injured, 0.0 drivers_killed, 0.0 passengers_injured, 0.0 passengers_killed, 0.0 pedestrian_injured, 0.0 pedestrian_killed, Fair (Day), EDSA Timog Ave. Quezon City",MMDA Road Safety Unit,,d6179730-60d3-4d99-a6ca-a65dc9312386,2016-05-06,08:35:00,EDSA Corregidor St.  Quezon City,0,0,0,0,0,0,0,0,0,0,2016-05-06 16:35,Property,14.63293559,121.0446304,Side Swipe