LOCATION_TEXT,ROAD,WEATHER,LIGHT,DESC,REPORTING_AGENCY,MAIN_CAUSE,INCIDENTDETAILS_ID,DATE_UTC,TIME_UTC,ADDRESS,killed_driver,killed_passenger,killed_pedestrian,injured_driver,injured_passenger,injured_pedestrian,killed_uncategorized,injured_uncategorized,killed_total,injured_total,DATETIME_PST,SEVERITY,Y,X,COLLISION_TYPE
None,EDSA,None,None,"No Accident Factor, Rear-end, 0.0 drivers_injured, 0.0 drivers_killed, 0.0 passengers_injured, 0.0 passengers_killed, 0.0 pedestrian_injured, 0.0 pedestrian_killed, Fair (Day), EDSA Puregold, A. Samson Quezon City",MMDA Road Safety Unit,,b6b8cdea-51fa-403c-9049-f6cf295b7a59,2016-05-06,05:15:00,EDSA Cloverleaf Quezon City,0,0,0,0,0,0,0,0,0,0,2016-05-06 13:15,Property,14.65739538,121.0046638,Rear-End
None,EDSA,None,None,"No Accident Factor, Rear-end, 0.0 drivers_injured, 0.0 drivers_killed, 0.0 passengers_injured, 0.0 passengers_killed, 0.0 pedestrian_injured, 0.0 pedestrian_killed, Fair (Day), EDSA Santolan Mrt (SB) Quezon City",MMDA Road Safety Unit,,85738b93-e9aa-4cb8-bd59-c7f5155e70b3,2016-05-06,05:00:00,"EDSA MRT Santolan, Gen. Aguinaldo Quezon City",0,0,0,0,0,0,0,0,0,0,2016-05-06 13:00,Property,14.60773988,121.0564577,Rear-End
None,EDSA,None,None,"No Accident Factor, Side Swipe, 0.0 drivers_injured, 0.0 drivers_killed, 0.0 passengers_injured, 0.0 passengers_killed, 0.0 pedestrian_injured, 0.0 pedestrian_killed, Fair (Day), EDSA Bansalangin ""U"" turn slot  Quezon City",MMDA Road Safety Unit,,8f213d2b-d4fe-453a-947d-21d7a496fd68,2016-05-06,03:45:00,"EDSA Gen. Aguinaldo, Gate 5 Quezon City",0,0,0,0,0,0,0,0,0,0,2016-05-06 11:45,Property,14.6567996,121.0241845,Side Swipe
None,EDSA,None,None,"No Accident Factor, Side Swipe, 0.0 drivers_injured, 0.0 drivers_killed, 0.0 passengers_injured, 0.0 passengers_killed, 0.0 pedestrian_injured, 0.0 pedestrian_killed, Fair (Day), EDSA SM Hypermarket Quezon City",MMDA Road Safety Unit,,f211aeaf-4ea4-475b-a558-28e666db3078,2016-05-06,03:45:00,EDSA Aurora Blvd. Quezon City,0,0,0,0,0,0,0,0,0,0,2016-05-06 11:45,Property,14.6142289,121.0535621,Side Swipe
None,EDSA,None,None,"No Accident Factor, Rear-end, 0.0 drivers_injured, 0.0 drivers_killed, 0.0 passengers_injured, 0.0 passengers_killed, 0.0 pedestrian_injured, 0.0 pedestrian_killed, Fair (Day), EDSA Quezon City Academy (NB) Quezon City",MMDA Road Safety Unit,,fc20be4a-192a-4cfa-a854-e4a89d1a2a99,2016-05-06,00:35:00,"EDSA Aurora Blvd., Socorro, Cubao Quezon City",0,0,0,0,0,0,0,0,0,0,2016-05-06 8:35,Property,14.65676422,121.0256485,Rear-End
None,EDSA,None,None,"No Accident Factor, Rear-end, 0.0 drivers_injured, 0.0 drivers_killed, 0.0 passengers_injured, 0.0 passengers_killed, 0.0 pedestrian_injured, 0.0 pedestrian_killed, Fair (Day), EDSA Main Ave. (NB) Quezon City",MMDA Road Safety Unit,,0e5785a0-8cd1-4736-a06d-fb49ff5d215a,2016-05-05,23:55:00,EDSA Whiteplains (NB) Quezon City,0,0,0,0,0,0,0,0,0,0,2016-05-06 7:55,Property,14.61376458,121.0537933,Rear-End
None,EDSA,None,None,"No Accident Factor, Side Swipe, 0.0 drivers_injured, 0.0 drivers_killed, 0.0 passengers_injured, 0.0 passengers_killed, 0.0 pedestrian_injured, 0.0 pedestrian_killed, Fair (Day), EDSA ES Bus Terminal, E. Rodriguez Quezon City",MMDA Road Safety Unit,,06145717-c76a-4e90-bcd9-12bcc15a84f0,2016-05-05,22:00:00,"EDSA Baliwag Bus Terminal, E. Rod., Cubao Quezon City",0,0,0,0,0,0,0,0,0,0,2016-05-06 6:00,Property,14.62515746,121.0486037,Side Swipe
None,EDSA,None,None,"No Accident Factor, Rear-end, 1.0 drivers_injured, 0.0 drivers_killed, 1.0 passengers_injured, 0.0 passengers_killed, 0.0 pedestrian_injured, 0.0 pedestrian_killed, Fair (Night), EDSA Kamuning Road -Kamias Road Quezon City",MMDA Road Safety Unit,,d869a0f8-fef0-4292-b0bd-e29ea353ef87,2016-05-05,21:45:00,EDSA West Ave. Quezon City,0,0,0,1,1,0,0,0,0,2,2016-05-06 5:45,Injury,14.63079118,121.0458085,Rear-End
None,EDSA,None,None,"No Accident Factor, No Collision Stated (based on Police Blotter Book), 0.0 drivers_injured, 0.0 drivers_killed, 0.0 passengers_injured, 0.0 passengers_killed, 0.0 pedestrian_injured, 0.0 pedestrian_killed, Fair (Night), EDSA Timog Ave. Quezon City",MMDA Road Safety Unit,,4938e449-5954-46b7-a423-b225412a513e,2016-05-05,14:20:00,EDSA Kaingin Road Quezon City,0,0,0,0,0,0,0,0,0,0,2016-05-05 22:20,Property,14.63293559,121.0446304,No Collision Stated
None,EDSA,None,None,"No Accident Factor, Side Swipe, 0.0 drivers_injured, 0.0 drivers_killed, 0.0 passengers_injured, 0.0 passengers_killed, 0.0 pedestrian_injured, 0.0 pedestrian_killed, Fair (Night), EDSA Timog (SB) Quezon City",MMDA Road Safety Unit,,19a04610-1255-48cb-8ab0-9724ffaec5d2,2016-05-05,12:15:00,"EDSA Royal, A. Samson Quezon City",0,0,0,0,0,0,0,0,0,0,2016-05-05 20:15,Property,14.63293559,121.0446304,Side Swipe
None,EDSA,None,None,"No Accident Factor, No Collision Stated (based on Police Blotter Book), 0.0 drivers_injured, 0.0 drivers_killed, 0.0 passengers_injured, 0.0 passengers_killed, 0.0 pedestrian_injured, 0.0 pedestrian_killed, Fair (Day), EDSA SM Pag asa Quezon City",MMDA Road Safety Unit,,828bc13d-cda4-4e87-8ffa-d41afac37315,2016-05-05,07:00:00,"EDSA Santolan MRT Stn., Camp Aguinaldo Quezon City",0,0,0,0,0,0,0,0,0,0,2016-05-05 15:00,Property,14.65645143,121.0271077,No Collision Stated
None,EDSA,None,None,"No Accident Factor, Rear-end, 0.0 drivers_injured, 0.0 drivers_killed, 0.0 passengers_injured, 0.0 passengers_killed, 0.0 pedestrian_injured, 0.0 pedestrian_killed, Fair (Day), EDSA Monte de Piedad St. Quezon City",MMDA Road Safety Unit,,a3b639e5-0985-4111-859f-54d529f2d37f,2016-05-05,06:45:00,EDSA Cloverleaf Quezon City,0,0,0,0,0,0,0,0,0,0,2016-05-05 14:45,Property,14.62346937,121.0491711,Rear-End
None,EDSA,None,None,"No Accident Factor, Side Swipe, 0.0 drivers_injured, 0.0 drivers_killed, 0.0 passengers_injured, 0.0 passengers_killed, 0.0 pedestrian_injured, 0.0 pedestrian_killed, Fair (Day), EDSA Robinson Galleria driveway, Ugong Norte Quezon City",MMDA Road Safety Unit,,3e2312cd-a7fc-4d12-8203-d96d1281c323,2016-05-05,06:30:00,EDSA Congressional Ave.  Quezon City,0,0,0,0,0,0,0,0,0,0,2016-05-05 14:30,Property,14.59226131,121.0583025,Side Swipe
None,EDSA,None,None,"No Accident Factor, Rear-end, 0.0 drivers_injured, 0.0 drivers_killed, 0.0 passengers_injured, 0.0 passengers_killed, 0.0 pedestrian_injured, 0.0 pedestrian_killed, Fair (Day), EDSA Puregold, A. Samson Quezon City",MMDA Road Safety Unit,,3fd9e90b-6f79-4264-b052-21b3f8dffd69,2016-05-05,04:35:00,EDSA East Ave. Quezon City,0,0,0,0,0,0,0,0,0,0,2016-05-05 12:35,Property,14.65739538,121.0046638,Rear-End
None,EDSA,None,None,"No Accident Factor, Side Swipe, 0.0 drivers_injured, 0.0 drivers_killed, 0.0 passengers_injured, 0.0 passengers_killed, 0.0 pedestrian_injured, 0.0 pedestrian_killed, Fair (Day), EDSA E. Rodriguez (NB) Quezon City",MMDA Road Safety Unit,,7efe287d-d69b-44e4-adc7-e29d6a634543,2016-05-04,23:55:00,"EDSA White Plains Ave., Camp Aguinaldo Quezon City",0,0,0,0,0,0,0,0,0,0,2016-05-05 7:55,Property,14.62161086,121.0499463,Side Swipe
None,EDSA,None,None,"No Accident Factor, Side Swipe, 0.0 drivers_injured, 0.0 drivers_killed, 0.0 passengers_injured, 0.0 passengers_killed, 0.0 pedestrian_injured, 0.0 pedestrian_killed, Fair (Day), EDSA Main Ave. Quezon City",MMDA Road Safety Unit,,8612c036-347a-457d-8423-1d40751df5a2,2016-05-04,22:05:00,"EDSA Nepa Q-Mart, E. Rod. Quezon City",0,0,0,0,0,0,0,0,0,0,2016-05-05 6:05,Property,14.61376458,121.0537933,Side Swipe
None,EDSA,None,None,"No Accident Factor, No Collision Stated (based on Police Blotter Book), 0.0 drivers_injured, 0.0 drivers_killed, 0.0 passengers_injured, 0.0 passengers_killed, 0.0 pedestrian_injured, 0.0 pedestrian_killed, Fair (Night), EDSA Scout Borromeo St. Quezon City",MMDA Road Safety Unit,,a00398a0-72fa-4713-9761-2d3db2590fdc,2016-05-04,20:25:00,EDSA Cloverleaf Quezon City,0,0,0,0,0,0,0,0,0,0,2016-05-05 4:25,Property,14.63715712,121.0419507,No Collision Stated
None,EDSA,None,None,"No Accident Factor, No Collision Stated (based on Police Blotter Book), 0.0 drivers_injured, 0.0 drivers_killed, 0.0 passengers_injured, 0.0 passengers_killed, 0.0 pedestrian_injured, 0.0 pedestrian_killed, Fair (Night), EDSA Victory Liner Bus Terminal Quezon City",MMDA Road Safety Unit,,16aefa02-34da-4ce4-ace2-ba3493593d77,2016-05-04,17:50:00,EDSA Cloverleaf Quezon City,0,0,0,0,0,0,0,0,0,0,2016-05-05 1:50,Property,14.63209398,121.0454876,No Collision Stated
None,EDSA,None,None,"No Accident Factor, No Collision Stated (based on Police Blotter Book), 0.0 drivers_injured, 0.0 drivers_killed, 0.0 passengers_injured, 0.0 passengers_killed, 0.0 pedestrian_injured, 0.0 pedestrian_killed, Fair (Night), EDSA Gen. Roxas Ave. Quezon City",MMDA Road Safety Unit,,effd4803-869e-4bc1-80dc-cd6bdeec783c,2016-05-04,16:15:00,"EDSA Main Ave. (Shell Gas Station, Socorro) Quezon City",0,0,0,0,0,0,0,0,0,0,2016-05-05 0:15,Property,14.62042254,121.0508064,No Collision Stated
None,EDSA,None,None,"No Accident Factor, Hit and Run (Side Swipe), 0.0 drivers_injured, 0.0 drivers_killed, 0.0 passengers_injured, 0.0 passengers_killed, 0.0 pedestrian_injured, 0.0 pedestrian_killed, Fair (Night), EDSA Aurora Blvd. Quezon City",MMDA Road Safety Unit,,e58c1a14-4ea9-421b-bb4b-277745ffdb97,2016-05-04,15:00:00,"EDSA P. Tuazon Blvd., Socorro Quezon City",0,0,0,0,0,0,0,0,0,0,2016-05-04 23:00,Property,14.62163653,121.0501573,Side Swipe
None,EDSA,None,None,"No Accident Factor, No Collision Stated (based on Police Blotter Book), 0.0 drivers_injured, 0.0 drivers_killed, 0.0 passengers_injured, 0.0 passengers_killed, 0.0 pedestrian_injured, 0.0 pedestrian_killed, Fair (Night), EDSA Genesis Bus Terminal, E. Rodriguez Quezon City",MMDA Road Safety Unit,,da242326-9250-4e3a-a72d-128b1580f0b9,2016-05-04,14:50:00,"EDSA Aurora Blvd., E. Rod. Quezon City",0,0,0,0,0,0,0,0,0,0,2016-05-04 22:50,Property,14.6256048,121.0483444,No Collision Stated
None,EDSA,None,None,"No Accident Factor, Side Swipe, 0.0 drivers_injured, 0.0 drivers_killed, 0.0 passengers_injured, 0.0 passengers_killed, 0.0 pedestrian_injured, 0.0 pedestrian_killed, Fair (Night), EDSA Aurora Blvd., Q. Mart, E. Rodriguez Quezon City",MMDA Road Safety Unit,,da66d983-bd3f-44ca-b9c7-a525ae5c65a6,2016-05-04,13:30:00,"EDSA New York St., E. Rod. Quezon City",0,0,0,0,0,0,0,0,0,0,2016-05-04 21:30,Property,14.62810757,121.0471874,Side Swipe
None,EDSA,None,None,"No Accident Factor, No Collision Stated (based on Police Blotter Book), 0.0 drivers_injured, 0.0 drivers_killed, 0.0 passengers_injured, 0.0 passengers_killed, 0.0 pedestrian_injured, 0.0 pedestrian_killed, Fair (Night), EDSA Mapagmahal St. Quezon City",MMDA Road Safety Unit,,a52a000b-4e1f-48a2-b708-29c38919263a,2016-05-04,13:30:00,"EDSA Ford Motors, A. Samson  Quezon City",0,0,0,0,0,0,0,0,0,0,2016-05-04 21:30,Property,14.63185046,121.0455315,No Collision Stated
None,EDSA,None,None,"No Accident Factor, Side Swipe, 0.0 drivers_injured, 0.0 drivers_killed, 0.0 passengers_injured, 0.0 passengers_killed, 0.0 pedestrian_injured, 0.0 pedestrian_killed, Fair (Night), EDSA Robinson Galleria Exit (NB) Quezon City",MMDA Road Safety Unit,,2bdfc6c4-af80-431e-a32c-d4fd75df7be9,2016-05-04,12:10:00,EDSA Kamias Road Quezon City,0,0,0,0,0,0,0,0,0,0,2016-05-04 20:10,Property,14.59226131,121.0583025,Side Swipe
None,EDSA,None,None,"No Accident Factor, No Collision Stated (based on Police Blotter Book), 0.0 drivers_injured, 0.0 drivers_killed, 0.0 passengers_injured, 0.0 passengers_killed, 0.0 pedestrian_injured, 0.0 pedestrian_killed, Fair (Night), EDSA Camp Aguinaldo Quezon City",MMDA Road Safety Unit,,2a51487d-ed3e-4a8f-8a4c-54d29596a224,2016-05-04,11:20:00,"EDSA Puregold, Balintawak Quezon City",0,0,0,0,0,0,0,0,0,0,2016-05-04 19:20,Property,14.60818699,121.0564562,No Collision Stated
None,EDSA,None,None,"No Accident Factor, Rear-end, 0.0 drivers_injured, 0.0 drivers_killed, 0.0 passengers_injured, 0.0 passengers_killed, 0.0 pedestrian_injured, 0.0 pedestrian_killed, Fair (Day), EDSA Crame gate 1 Quezon City",MMDA Road Safety Unit,,e07929bd-278c-4b15-afbc-f0381516f0c3,2016-05-04,07:55:00,EDSA E. Garcia St.  Quezon City,0,0,0,0,0,0,0,0,0,0,2016-05-04 15:55,Property,14.60933464,121.0558764,Rear-End
None,EDSA,None,None,"No Accident Factor, No Collision Stated (based on Police Blotter Book), 0.0 drivers_injured, 0.0 drivers_killed, 0.0 passengers_injured, 0.0 passengers_killed, 0.0 pedestrian_injured, 0.0 pedestrian_killed, Fair (Day), EDSA Whiteplains Ave. Quezon City",MMDA Road Safety Unit,,530611f2-4bfc-439f-b7c9-b8763d52e941,2016-05-04,06:50:00,EDSA P. Tuazon Blvd. Quezon City,0,0,0,0,0,0,0,0,0,0,2016-05-04 14:50,Property,14.59961782,121.0596522,No Collision Stated
None,EDSA,None,None,"No Accident Factor, Side Swipe, 0.0 drivers_injured, 0.0 drivers_killed, 0.0 passengers_injured, 0.0 passengers_killed, 0.0 pedestrian_injured, 0.0 pedestrian_killed, Fair (Day), EDSA MRT North Station  Quezon City",MMDA Road Safety Unit,,64d86dc7-58c2-44bd-82c2-e95d2a0ecb35,2016-05-04,06:30:00,EDSA Oliveros Quezon City,0,0,0,0,0,0,0,0,0,0,2016-05-04 14:30,Property,14.65224665,121.0323026,Side Swipe
None,EDSA,None,None,"No Accident Factor, No Collision Stated (based on Police Blotter Book), 0.0 drivers_injured, 0.0 drivers_killed, 0.0 passengers_injured, 0.0 passengers_killed, 0.0 pedestrian_injured, 0.0 pedestrian_killed, Fair (Day), EDSA P. Tuazon Blvd. Quezon City",MMDA Road Safety Unit,,70af7055-b495-48ae-8e08-3db461474df5,2016-05-04,06:10:00,EDSA North Ave. Quezon City,0,0,0,0,0,0,0,0,0,0,2016-05-04 14:10,Property,14.61656342,121.0525225,No Collision Stated
None,EDSA,None,None,"No Accident Factor, Hit and Run (No Collision Stated), 0.0 drivers_injured, 0.0 drivers_killed, 0.0 passengers_injured, 0.0 passengers_killed, 0.0 pedestrian_injured, 0.0 pedestrian_killed, Fair (Day), EDSA Farmers Plaza Cubao Quezon City",MMDA Road Safety Unit,,9e4c73a2-f22f-4ed3-b5d5-c19b4b111b76,2016-05-04,05:30:00,"EDSA Aurora Blvd., Socorro Quezon City",0,0,0,0,0,0,0,0,0,0,2016-05-04 13:30,Property,14.61920525,121.0513476,No Collision Stated
None,EDSA,None,None,"No Accident Factor, No Collision Stated (based on Police Blotter Book), 0.0 drivers_injured, 0.0 drivers_killed, 0.0 passengers_injured, 0.0 passengers_killed, 0.0 pedestrian_injured, 0.0 pedestrian_killed, Fair (Day), EDSA Kamias Road Quezon City",MMDA Road Safety Unit,,4377a5de-71bd-4a15-8151-98bb6ca9d506,2016-05-04,03:55:00,EDSA Roosevelt Ave.  Quezon City,0,0,0,0,0,0,0,0,0,0,2016-05-04 11:55,Property,14.6309142,121.0459376,No Collision Stated
None,EDSA,None,None,"No Accident Factor, Rear-end, 0.0 drivers_injured, 0.0 drivers_killed, 0.0 passengers_injured, 0.0 passengers_killed, 0.0 pedestrian_injured, 0.0 pedestrian_killed, Fair (Day), EDSA ""U"" turn slot, Bansalangin Quezon City",MMDA Road Safety Unit,,3a2abb8c-d999-46cd-b458-38e0cca4b3c6,2016-05-04,03:55:00,EDSA Kamuning QCPD Station 10 Quezon City,0,0,0,0,0,0,0,0,0,0,2016-05-04 11:55,Property,14.65690523,121.0241855,Rear-End
None,EDSA,None,None,"No Accident Factor, Rear-end, 0.0 drivers_injured, 0.0 drivers_killed, 0.0 passengers_injured, 0.0 passengers_killed, 0.0 pedestrian_injured, 0.0 pedestrian_killed, Fair (Day), EDSA ""U"" turn slot, Mrt North Ave. (SB) Quezon City",MMDA Road Safety Unit,,019014cb-39b1-496e-ad00-5a0639b4fb76,2016-05-04,03:35:00,EDSA Roosevelt Ave.  Quezon City,0,0,0,0,0,0,0,0,0,0,2016-05-04 11:35,Property,14.65358965,121.0313672,Rear-End
None,EDSA,None,None,"No Accident Factor, Rear-end, 0.0 drivers_injured, 0.0 drivers_killed, 0.0 passengers_injured, 0.0 passengers_killed, 0.0 pedestrian_injured, 0.0 pedestrian_killed, Fair (Day), EDSA Monte de Piedad (NB) Quezon City",MMDA Road Safety Unit,,2ff7ff45-12c5-483d-9e94-ef34388ba360,2016-05-04,03:15:00,EDSA Roosevelt Ave.  Quezon City,0,0,0,0,0,0,0,0,0,0,2016-05-04 11:15,Property,14.62346937,121.0491711,Rear-End
None,EDSA,None,None,"No Accident Factor, Rear-end, 0.0 drivers_injured, 0.0 drivers_killed, 0.0 passengers_injured, 0.0 passengers_killed, 0.0 pedestrian_injured, 0.0 pedestrian_killed, Fair (Day), EDSA Quezon Ave. (WB) Quezon City",MMDA Road Safety Unit,,cc45d122-c63c-416f-a7a0-0240425c16ea,2016-05-04,01:05:00,EDSA Mindanao Ave. Extn.  Quezon City,0,0,0,0,0,0,0,0,0,0,2016-05-04 9:05,Property,14.6442444,121.0375839,Rear-End
None,EDSA,None,None,"No Accident Factor, Rear-end, 0.0 drivers_injured, 0.0 drivers_killed, 0.0 passengers_injured, 0.0 passengers_killed, 0.0 pedestrian_injured, 0.0 pedestrian_killed, Fair (Day), EDSA Trinoma (NB) Quezon City",MMDA Road Safety Unit,,483daa1b-2fd1-45fe-aa38-b63556fe1ad9,2016-05-03,22:15:00,EDSA DLTB Bus Terminal Quezon City,0,0,0,0,0,0,0,0,0,0,2016-05-04 6:15,Property,14.65242607,121.0323133,Rear-End
None,EDSA,None,None,"No Accident Factor, Multiple Collision, 0.0 drivers_injured, 0.0 drivers_killed, 0.0 passengers_injured, 0.0 passengers_killed, 0.0 pedestrian_injured, 0.0 pedestrian_killed, Fair (Day), EDSA Gen. Aguinaldo Gate 4 Quezon City",MMDA Road Safety Unit,,900061bd-1e38-4ea1-8f29-d6e39a41fc1f,2016-05-03,22:00:00,EDSA Timog Ave.  Quezon City,0,0,0,0,0,0,0,0,0,0,2016-05-04 6:00,Property,14.6012582,121.05938,Multiple
None,EDSA,None,None,"No Accident Factor, Side Swipe, 0.0 drivers_injured, 0.0 drivers_killed, 0.0 passengers_injured, 0.0 passengers_killed, 0.0 pedestrian_injured, 0.0 pedestrian_killed, Fair (Day), EDSA Kamias Road Quezon City",MMDA Road Safety Unit,,bbb3938e-e9bf-4f0b-a11c-a995991bff82,2016-05-03,22:00:00,"EDSA ""U"" turn slot, Ramon Magsaysay Quezon City",0,0,0,0,0,0,0,0,0,0,2016-05-04 6:00,Property,14.6309142,121.0459376,Side Swipe
None,EDSA,None,None,"No Accident Factor, Hit and Run (No Collision Stated), 0.0 drivers_injured, 0.0 drivers_killed, 0.0 passengers_injured, 0.0 passengers_killed, 0.0 pedestrian_injured, 0.0 pedestrian_killed, Fair (Night), EDSA Kamuning Road Quezon City",MMDA Road Safety Unit,,6c7f36ae-4df6-427d-82ba-338408ac0330,2016-05-03,19:10:00,"EDSA SM Mall North, Pag-Asa Quezon City",0,0,0,0,0,0,0,0,0,0,2016-05-04 3:10,Property,14.63075725,121.0457548,No Collision Stated
None,EDSA,None,None,"No Accident Factor, Rear-end, 0.0 drivers_injured, 0.0 drivers_killed, 0.0 passengers_injured, 0.0 passengers_killed, 0.0 pedestrian_injured, 0.0 pedestrian_killed, Fair (Night), EDSA Camp Aguinaldo gate 3 - Santolan Station Quezon City",MMDA Road Safety Unit,,963669ec-79b9-451e-a9d9-e72f1f857da4,2016-05-03,13:40:00,EDSA Oliveros Quezon City,0,0,0,0,0,0,0,0,0,0,2016-05-03 21:40,Property,14.6098829,121.0556752,Rear-End
None,EDSA,None,None,"No Accident Factor, Rear-end, 0.0 drivers_injured, 0.0 drivers_killed, 0.0 passengers_injured, 0.0 passengers_killed, 0.0 pedestrian_injured, 0.0 pedestrian_killed, Fair (Night), EDSA Quezon Ave. Quezon City",MMDA Road Safety Unit,,4e8a24c9-b533-4144-af33-693d337604f0,2016-05-03,13:25:00,EDSA Bansalangin    Quezon City,0,0,0,0,0,0,0,0,0,0,2016-05-03 21:25,Property,14.6442444,121.0375839,Rear-End
None,EDSA,None,None,"No Accident Factor, Rear-end, 0.0 drivers_injured, 0.0 drivers_killed, 0.0 passengers_injured, 0.0 passengers_killed, 0.0 pedestrian_injured, 0.0 pedestrian_killed, Fair (Night), EDSA Camp Aguinaldo gate 3 Quezon City",MMDA Road Safety Unit,,f6a9a689-85b2-4f84-9379-968ed643b210,2016-05-03,10:30:00,EDSA Roosevelt Ave.  Quezon City,0,0,0,0,0,0,0,0,0,0,2016-05-03 18:30,Property,14.60836048,121.0563667,Rear-End
None,EDSA,None,None,"No Accident Factor, Side Swipe, 0.0 drivers_injured, 0.0 drivers_killed, 0.0 passengers_injured, 0.0 passengers_killed, 0.0 pedestrian_injured, 0.0 pedestrian_killed, Fair (Day), EDSA Quezon City Academy Quezon City",MMDA Road Safety Unit,,9ca74f15-7173-4d57-a6a0-531e526458b0,2016-05-03,09:15:00,EDSA Camp Aguinaldo Gate 4 Quezon City,0,0,0,0,0,0,0,0,0,0,2016-05-03 17:15,Property,14.65676422,121.0256485,Side Swipe
None,EDSA,None,None,"No Accident Factor, Rear-end, 0.0 drivers_injured, 0.0 drivers_killed, 0.0 passengers_injured, 0.0 passengers_killed, 0.0 pedestrian_injured, 0.0 pedestrian_killed, Fair (Day), EDSA Baliwag Bus Terminal, E. Rodriguez Quezon City",MMDA Road Safety Unit,,6a7e932e-bc3e-4989-9e1e-3bb5b2d3be67,2016-05-03,08:10:00,"EDSA Ortigas Ave., Ugong Norte Quezon City",0,0,0,0,0,0,0,0,0,0,2016-05-03 16:10,Property,14.6244766,121.0489584,Rear-End
None,EDSA,None,None,"No Accident Factor, No Collision Stated (based on Police Blotter Book), 0.0 drivers_injured, 0.0 drivers_killed, 0.0 passengers_injured, 0.0 passengers_killed, 0.0 pedestrian_injured, 0.0 pedestrian_killed, Fair (Day), EDSA Corregidor Street, Magsaysay Quezon City",MMDA Road Safety Unit,,4c0909b4-2310-43f8-b200-5781775e294f,2016-05-03,07:30:00,"EDSA SM Annex, Bungad Quezon City",0,0,0,0,0,0,0,0,0,0,2016-05-03 15:30,Property,14.65707679,121.0241648,No Collision Stated
None,EDSA,None,None,"No Accident Factor, Side Swipe, 0.0 drivers_injured, 0.0 drivers_killed, 0.0 passengers_injured, 0.0 passengers_killed, 0.0 pedestrian_injured, 0.0 pedestrian_killed, Fair (Day), EDSA Five Star Bus Terminal, E. Rodriguez Quezon City",MMDA Road Safety Unit,,2da0e752-2466-4ce5-96e3-dc0c8732fc74,2016-05-03,07:10:00,"EDSA ""U"" turn slot, GMA 7 Quezon City",0,0,0,0,0,0,0,0,0,0,2016-05-03 15:10,Property,14.62375691,121.0492447,Side Swipe
None,EDSA,None,None,"No Accident Factor, Side Swipe, 0.0 drivers_injured, 0.0 drivers_killed, 0.0 passengers_injured, 0.0 passengers_killed, 0.0 pedestrian_injured, 0.0 pedestrian_killed, Fair (Day), EDSA Five Star Bus Terminal, E. Rodriguez Quezon City",MMDA Road Safety Unit,,0b2ae8ae-8731-4ed3-a351-693bbd67fe7a,2016-05-03,07:10:00,EDSA A. Samson Quezon City,0,0,0,0,0,0,0,0,0,0,2016-05-03 15:10,Property,14.62375691,121.0492447,Side Swipe
None,EDSA,None,None,"No Accident Factor, Rear-end, 0.0 drivers_injured, 0.0 drivers_killed, 0.0 passengers_injured, 0.0 passengers_killed, 0.0 pedestrian_injured, 0.0 pedestrian_killed, Fair (Day), EDSA Monte de Piedad St. Quezon City",MMDA Road Safety Unit,,8353ed97-49b4-4af7-aa8c-065a10b14208,2016-05-03,06:30:00,"EDSA B. Serrano Ave., Camp Aguinaldo Quezon City",0,0,0,0,0,0,0,0,0,0,2016-05-03 14:30,Property,14.62346937,121.0491711,Rear-End
None,EDSA,None,None,"No Accident Factor, No Collision Stated (based on Police Blotter Book), 0.0 drivers_injured, 0.0 drivers_killed, 0.0 passengers_injured, 0.0 passengers_killed, 0.0 pedestrian_injured, 0.0 pedestrian_killed, Fair (Day), EDSA ""U"" turn slot, SM Annex, Sto. Cristo Quezon City",MMDA Road Safety Unit,,24a10eb9-e305-4092-8e03-9b75d0986ada,2016-05-03,05:00:00,EDSA Camp Aguinaldo Gate 5 Quezon City,0,0,0,0,0,0,0,0,0,0,2016-05-03 13:00,Property,14.65632137,121.0266327,No Collision Stated
None,EDSA,None,None,"No Accident Factor, No Collision Stated (based on Police Blotter Book), 0.0 drivers_injured, 0.0 drivers_killed, 0.0 passengers_injured, 0.0 passengers_killed, 0.0 pedestrian_injured, 0.0 pedestrian_killed, Fair (Day), EDSA Aurora Blvd. Quezon City",MMDA Road Safety Unit,,1731a37f-95fc-4387-b8ac-f0010b8e154b,2016-05-03,02:30:00,EDSA Scout Borromeo St. Quezon City,0,0,0,0,0,0,0,0,0,0,2016-05-03 10:30,Property,14.62163653,121.0501573,No Collision Stated
None,EDSA,None,None,"No Accident Factor, Side Swipe, 0.0 drivers_injured, 0.0 drivers_killed, 0.0 passengers_injured, 0.0 passengers_killed, 0.0 pedestrian_injured, 0.0 pedestrian_killed, Fair (Day), EDSA New York St. Quezon City",MMDA Road Safety Unit,,6282c982-08db-4fa9-9c84-6f0c2e47b6e7,2016-05-02,23:45:00,EDSA Kamuning Road Quezon City,0,0,0,0,0,0,0,0,0,0,2016-05-03 7:45,Property,14.62568514,121.0482307,Side Swipe
None,EDSA,None,None,"No Accident Factor, Side Swipe, 0.0 drivers_injured, 0.0 drivers_killed, 0.0 passengers_injured, 0.0 passengers_killed, 0.0 pedestrian_injured, 0.0 pedestrian_killed, Fair (Day), EDSA Kamuning Police Station 10 Quezon City",MMDA Road Safety Unit,,546e01d3-313f-4094-897c-018887949e9a,2016-05-02,23:30:00,EDSA Quezon Ave. (EB) Quezon City,0,0,0,0,0,0,0,0,0,0,2016-05-03 7:30,Property,14.62986347,121.0460942,Side Swipe