LOCATION_TEXT,ROAD,WEATHER,LIGHT,DESC,REPORTING_AGENCY,MAIN_CAUSE,INCIDENTDETAILS_ID,DATE_UTC,TIME_UTC,ADDRESS,killed_driver,killed_passenger,killed_pedestrian,injured_driver,injured_passenger,injured_pedestrian,killed_uncategorized,injured_uncategorized,killed_total,injured_total,DATETIME_PST,SEVERITY,Y,X,COLLISION_TYPE
None,EDSA,None,None,"No Accident Factor, Rear-end, 0.0 drivers_injured, 0.0 drivers_killed, 0.0 passengers_injured, 0.0 passengers_killed, 0.0 pedestrian_injured, 0.0 pedestrian_killed, Fair (Day), EDSA Kaingin Road Quezon City",MMDA Road Safety Unit,,4c7f1600-edb2-47f4-b808-71c85be0f624,2016-05-02,23:30:00,EDSA Col. Bonny Serrano Ave.  Quezon City,0,0,0,0,0,0,0,0,0,0,2016-05-03 7:30,Property,14.65746493,121.0109963,Rear-End
None,EDSA,None,None,"No Accident Factor, Side Swipe, 0.0 drivers_injured, 0.0 drivers_killed, 0.0 passengers_injured, 0.0 passengers_killed, 0.0 pedestrian_injured, 0.0 pedestrian_killed, Fair (Night), EDSA Col. Bonny Serrano Ave. Quezon City",MMDA Road Safety Unit,,41a57375-5f04-4f48-a03e-876b5f1ffff5,2016-05-02,12:05:00,EDSA Timog Ave. Quezon City,0,0,0,0,0,0,0,0,0,0,2016-05-02 20:05,Property,14.61107337,121.0550705,Side Swipe
None,EDSA,None,None,"No Accident Factor, No Collision Stated (based on Police Blotter Book), 0.0 drivers_injured, 0.0 drivers_killed, 0.0 passengers_injured, 0.0 passengers_killed, 0.0 pedestrian_injured, 0.0 pedestrian_killed, Fair (Day), EDSA Misamis St., Sto. Cristo Quezon City",MMDA Road Safety Unit,,83927173-b804-4812-b057-dbef36c78f06,2016-05-02,09:30:00,EDSA Aurora Blvd. Quezon City,0,0,0,0,0,0,0,0,0,0,2016-05-02 17:30,Property,14.65602348,121.0285212,No Collision Stated
None,EDSA,None,None,"No Accident Factor, Hit and Run (No Collision Stated), 0.0 drivers_injured, 0.0 drivers_killed, 0.0 passengers_injured, 0.0 passengers_killed, 0.0 pedestrian_injured, 0.0 pedestrian_killed, Fair (Day), EDSA Scout Borromeo St. Quezon City",MMDA Road Safety Unit,,faa14bec-bb16-4e38-8ba9-291e4fa6ab7d,2016-05-02,05:00:00,EDSA Kaingin Road Quezon City,0,0,0,0,0,0,0,0,0,0,2016-05-02 13:00,Property,14.63715712,121.0419507,No Collision Stated
None,EDSA,None,None,"No Accident Factor, Rear-end, 0.0 drivers_injured, 0.0 drivers_killed, 0.0 passengers_injured, 0.0 passengers_killed, 0.0 pedestrian_injured, 0.0 pedestrian_killed, Fair (Day), EDSA Whiteplains Ave. Quezon City",MMDA Road Safety Unit,,5be3bb30-9442-4936-bd7b-c8eb50f253dd,2016-05-02,02:45:00,"EDSA Five Star Bus Terminal, E. Rod. Quezon City",0,0,0,0,0,0,0,0,0,0,2016-05-02 10:45,Property,14.59961782,121.0596522,Rear-End
None,EDSA,None,None,"No Accident Factor, Multiple Collision, 0.0 drivers_injured, 0.0 drivers_killed, 0.0 passengers_injured, 0.0 passengers_killed, 0.0 pedestrian_injured, 0.0 pedestrian_killed, Fair (Day), EDSA SSS Bldg., Socorro Quezon City",MMDA Road Safety Unit,,e2809d89-841c-4e8e-9c43-c7a60cb05cf4,2016-05-02,00:00:00,"EDSA Quezon Ave., Vasra Quezon City",0,0,0,0,0,0,0,0,0,0,2016-05-02 8:00,Property,14.65734549,120.9927317,Multiple
None,EDSA,None,None,"No Accident Factor, Hit and Run (Side Swipe), 0.0 drivers_injured, 0.0 drivers_killed, 0.0 passengers_injured, 0.0 passengers_killed, 0.0 pedestrian_injured, 0.0 pedestrian_killed, Fair (Day), EDSA ETON Central Mall Quezon City",MMDA Road Safety Unit,,7bafdea4-c89a-4eb6-b557-a26bfa7f6043,2016-05-01,22:40:00,EDSA Royal Quezon City,0,0,0,0,0,0,0,0,0,0,2016-05-02 6:40,Property,14.64266722,121.0386872,Side Swipe
None,EDSA,None,None,"No Accident Factor, No Collision Stated (based on Police Blotter Book), 0.0 drivers_injured, 0.0 drivers_killed, 0.0 passengers_injured, 0.0 passengers_killed, 0.0 pedestrian_injured, 0.0 pedestrian_killed, Fair (Day), EDSA K-3rd St.  Quezon City",MMDA Road Safety Unit,,7272684d-5334-445c-b353-2f4bebdbe88c,2016-05-01,06:15:00,"EDSA ""U"" turn slot, GMA 7 Quezon City",0,0,0,0,0,0,0,0,0,0,2016-05-01 14:15,Property,14.62942357,121.0463854,No Collision Stated
None,EDSA,None,None,"No Accident Factor, Rear-end, 0.0 drivers_injured, 0.0 drivers_killed, 0.0 passengers_injured, 0.0 passengers_killed, 0.0 pedestrian_injured, 0.0 pedestrian_killed, Fair (Day), EDSA Kamuning Road Quezon City",MMDA Road Safety Unit,,f4a23d51-c413-49ef-8956-a4ee20fc9bc5,2016-05-01,06:10:00,EDSA Santolan MRT Station Quezon City,0,0,0,0,0,0,0,0,0,0,2016-05-01 14:10,Property,14.63075725,121.0457548,Rear-End
None,EDSA,None,None,"No Accident Factor, No Collision Stated (based on Police Blotter Book), 0.0 drivers_injured, 0.0 drivers_killed, 0.0 passengers_injured, 0.0 passengers_killed, 0.0 pedestrian_injured, 0.0 pedestrian_killed, Fair (Day), EDSA Monte De Piedad St,  Quezon City",MMDA Road Safety Unit,,a267ff04-85b8-4427-91cb-bc164cbb4fbc,2016-05-01,04:05:00,"EDSA Jackman Emporium, Ramon. Magsaysay Quezon City",0,0,0,0,0,0,0,0,0,0,2016-05-01 12:05,Property,14.62346937,121.0491711,No Collision Stated
None,EDSA,None,None,"No Accident Factor, No Collision Stated (based on Police Blotter Book), 0.0 drivers_injured, 0.0 drivers_killed, 0.0 passengers_injured, 0.0 passengers_killed, 0.0 pedestrian_injured, 0.0 pedestrian_killed, Fair (Day), EDSA Timog Ave.  Quezon City",MMDA Road Safety Unit,,c5ad458d-0cb0-47bc-97dc-d63851e97de0,2016-05-01,03:50:00,"EDSA Camp Crame, Camp Aguinaldo Quezon City",0,0,0,0,0,0,0,0,0,0,2016-05-01 11:50,Property,14.63293559,121.0446304,No Collision Stated
None,EDSA,None,None,"No Accident Factor, Rear-end, 0.0 drivers_injured, 0.0 drivers_killed, 0.0 passengers_injured, 0.0 passengers_killed, 0.0 pedestrian_injured, 0.0 pedestrian_killed, Fair (Day), EDSA Quezon Ave. Quezon City",MMDA Road Safety Unit,,4ea27a8b-9761-4781-937a-1dc55abb737a,2016-05-01,02:55:00,"EDSA Landmark, Pag-Asa Quezon City",0,0,0,0,0,0,0,0,0,0,2016-05-01 10:55,Property,14.6442444,121.0375839,Rear-End
None,EDSA,None,None,"No Accident Factor, No Collision Stated (based on Police Blotter Book), 0.0 drivers_injured, 0.0 drivers_killed, 0.0 passengers_injured, 0.0 passengers_killed, 0.0 pedestrian_injured, 0.0 pedestrian_killed, Fair (Day), EDSA DLTB Bus Terminal Quezon City",MMDA Road Safety Unit,,ae5383b6-daf4-4b39-a80a-1515e16747a7,2016-05-01,01:55:00,EDSA (NIA Road) Shell Gas Station Quezon City,0,0,0,0,0,0,0,0,0,0,2016-05-01 9:55,Property,14.62725353,121.0473748,No Collision Stated
None,EDSA,None,None,"No Accident Factor, Hit and Run (Side Swipe), 0.0 drivers_injured, 0.0 drivers_killed, 0.0 passengers_injured, 0.0 passengers_killed, 0.0 pedestrian_injured, 0.0 pedestrian_killed, Fair (Night), EDSA East Ave. Quezon City",MMDA Road Safety Unit,,0656025c-53d8-4d5e-948e-1fb405e82f34,2016-04-30,13:00:00,"EDSA Eton Centris, Pinyahan Quezon City",0,0,0,0,0,0,0,0,0,0,2016-04-30 21:00,Property,14.6328297,121.0451176,Side Swipe
None,EDSA,None,None,"No Accident Factor, Hit and Run (No Collision Stated), 0.0 drivers_injured, 0.0 drivers_killed, 0.0 passengers_injured, 0.0 passengers_killed, 0.0 pedestrian_injured, 0.0 pedestrian_killed, Fair (Night), EDSA Santolan, Socorro Quezon City",MMDA Road Safety Unit,,8717c6f2-98c0-40f3-a371-33b8bf81274a,2016-04-30,11:20:00,EDSA Kamuning Road Quezon City,0,0,0,0,0,0,0,0,0,0,2016-04-30 19:20,Property,14.6102736,121.0552175,No Collision Stated
None,EDSA,None,None,"No Accident Factor, Rear-end, 0.0 drivers_injured, 0.0 drivers_killed, 0.0 passengers_injured, 0.0 passengers_killed, 0.0 pedestrian_injured, 0.0 pedestrian_killed, Fair (Night), EDSA Gen. Roxas Ave.  Quezon City",MMDA Road Safety Unit,,844f0bbd-f152-4f2f-baed-ea83b74a0bbc,2016-04-30,10:50:00,EDSA Quezon Ave. Service Road (NB) Quezon City,0,0,0,0,0,0,0,0,0,0,2016-04-30 18:50,Property,14.62042254,121.0508064,Rear-End
None,EDSA,None,None,"No Accident Factor, Side Swipe, 0.0 drivers_injured, 0.0 drivers_killed, 0.0 passengers_injured, 0.0 passengers_killed, 0.0 pedestrian_injured, 0.0 pedestrian_killed, Fair (Night), EDSA Monte De Piedad St,  Quezon City",MMDA Road Safety Unit,,697ed702-61f8-4720-9046-8a254cd3c38f,2016-04-30,10:40:00,EDSA Kamuning Road Quezon City,0,0,0,0,0,0,0,0,0,0,2016-04-30 18:40,Property,14.62346937,121.0491711,Side Swipe
None,EDSA,None,None,"No Accident Factor, Rear-end, 0.0 drivers_injured, 0.0 drivers_killed, 0.0 passengers_injured, 0.0 passengers_killed, 0.0 pedestrian_injured, 0.0 pedestrian_killed, Fair (Night), EDSA Ermin Garcia St.  Quezon City",MMDA Road Safety Unit,,fe58e3aa-1dc3-4249-b2f2-6973f824fc8c,2016-04-30,10:30:00,"EDSA Kamias Road, West Kamias Quezon City",0,0,0,0,0,0,0,0,0,0,2016-04-30 18:30,Property,14.62758814,121.047487,Rear-End
None,EDSA,None,None,"No Accident Factor, Hit and Run (No Collision Stated), 0.0 drivers_injured, 0.0 drivers_killed, 0.0 passengers_injured, 0.0 passengers_killed, 0.0 pedestrian_injured, 0.0 pedestrian_killed, Fair (Day), EDSA Aurora Blvd. Quezon City",MMDA Road Safety Unit,,78a5be8d-6419-4366-bcb8-549d0053d73a,2016-04-30,09:55:00,EDSA Kamuning Police Station 10 Quezon City,0,0,0,0,0,0,0,0,0,0,2016-04-30 17:55,Property,14.62163653,121.0501573,No Collision Stated
None,EDSA,None,None,"No Accident Factor, No Collision Stated (based on Police Blotter Book), 0.0 drivers_injured, 0.0 drivers_killed, 0.0 passengers_injured, 0.0 passengers_killed, 0.0 pedestrian_injured, 0.0 pedestrian_killed, Fair (Day), EDSA ""U"" turn slot, SM Annex Quezon City",MMDA Road Safety Unit,,b8b666aa-0139-4c34-a3c1-bd4196e5e4fc,2016-04-30,07:30:00,EDSA E. Garcia St.  Quezon City,0,0,0,0,0,0,0,0,0,0,2016-04-30 15:30,Property,14.65632137,121.0266327,No Collision Stated
None,EDSA,None,None,"No Accident Factor, Side Swipe, 0.0 drivers_injured, 0.0 drivers_killed, 0.0 passengers_injured, 0.0 passengers_killed, 0.0 pedestrian_injured, 0.0 pedestrian_killed, Fair (Day), EDSA East Ave. Quezon City",MMDA Road Safety Unit,,afb53524-c3c2-43a1-bf96-4a47402cb445,2016-04-30,05:30:00,"EDSA Baliwag Bus Terminal,Cubao, E. Rod. Quezon City",0,0,0,0,0,0,0,0,0,0,2016-04-30 13:30,Property,14.6328297,121.0451176,Side Swipe
None,EDSA,None,None,"No Accident Factor, Rear-end, 0.0 drivers_injured, 0.0 drivers_killed, 0.0 passengers_injured, 0.0 passengers_killed, 0.0 pedestrian_injured, 0.0 pedestrian_killed, Fair (Day), EDSA Dario Bridge, Katipu Quezon City",MMDA Road Safety Unit,,4ad1b842-2509-40da-8ec9-b6377b3bdbfe,2016-04-30,02:00:00,EDSA Sct. Borromeo St. (Shell Gas Station) Quezon City,0,0,0,0,0,0,0,0,0,0,2016-04-30 10:00,Property,14.65750874,121.0155818,Rear-End
None,EDSA,None,None,"No Accident Factor, Rear-end, 0.0 drivers_injured, 0.0 drivers_killed, 0.0 passengers_injured, 0.0 passengers_killed, 0.0 pedestrian_injured, 0.0 pedestrian_killed, Fair (Day), EDSA Kamuning Road (EB) Quezon City",MMDA Road Safety Unit,,749c88ef-c956-41d8-b82e-04d69f4cb323,2016-04-30,00:35:00,"EDSA Kamias Road, Jollibee, Pinyahan Quezon City",0,0,0,0,0,0,0,0,0,0,2016-04-30 8:35,Property,14.63079118,121.0458085,Rear-End
None,EDSA,None,None,"No Accident Factor, Rear-end, 0.0 drivers_injured, 0.0 drivers_killed, 0.0 passengers_injured, 0.0 passengers_killed, 0.0 pedestrian_injured, 0.0 pedestrian_killed, Fair (Day), EDSA ""U"" turn slot, Toyota Car Center Quezon City",MMDA Road Safety Unit,,8ff1e0aa-5475-460b-a2bb-e502c9f51ec8,2016-04-30,00:30:00,EDSA Timog Ave. Quezon City,0,0,0,0,0,0,0,0,0,0,2016-04-30 8:30,Property,14.65650506,121.0261145,Rear-End
None,EDSA,None,None,"No Accident Factor, Self-Accident, 0.0 drivers_injured, 0.0 drivers_killed, 0.0 passengers_injured, 0.0 passengers_killed, 0.0 pedestrian_injured, 0.0 pedestrian_killed, Fair (Night), EDSA Kaingin Road (Home Depot)  Quezon City",MMDA Road Safety Unit,,7bb1048a-96bf-4500-b6c6-0a1afa897185,2016-04-29,15:25:00,"EDSA East Ave., Pinyahan Quezon City",0,0,0,0,0,0,0,0,0,0,2016-04-29 23:25,Property,14.65746493,121.0109963,Self-Accident
None,EDSA,None,None,"No Accident Factor, Rear-end, 0.0 drivers_injured, 0.0 drivers_killed, 0.0 passengers_injured, 0.0 passengers_killed, 0.0 pedestrian_injured, 0.0 pedestrian_killed, Fair (Night), EDSA Quezon Ave. Quezon City",MMDA Road Safety Unit,,ce940977-b1da-4c07-9c1a-78296c0c9fbb,2016-04-29,12:45:00,"EDSA Gen. Mc Arthur Avenue, Socorro Cubao Quezon City",0,0,0,0,0,0,0,0,0,0,2016-04-29 20:45,Property,14.6442444,121.0375839,Rear-End
None,EDSA,None,None,"No Accident Factor, No Collision Stated (based on Police Blotter Book), 0.0 drivers_injured, 0.0 drivers_killed, 0.0 passengers_injured, 0.0 passengers_killed, 0.0 pedestrian_injured, 0.0 pedestrian_killed, Fair (Night), EDSA Aurora Blvd. Quezon City",MMDA Road Safety Unit,,9006fbd2-ef6b-4311-9cfc-af8020af6d55,2016-04-29,12:25:00,"EDSA New York St., E. Rod. Quezon City",0,0,0,0,0,0,0,0,0,0,2016-04-29 20:25,Property,14.62163653,121.0501573,No Collision Stated
None,EDSA,None,None,"No Accident Factor, Rear-end, 0.0 drivers_injured, 0.0 drivers_killed, 0.0 passengers_injured, 0.0 passengers_killed, 0.0 pedestrian_injured, 0.0 pedestrian_killed, Fair (Night), EDSA GMA-7 Quezon City",MMDA Road Safety Unit,,f2de4a6a-a2cf-4a5f-9948-2b8046dd2a0a,2016-04-29,11:30:00,EDSA E-3rd St.  Quezon City,0,0,0,0,0,0,0,0,0,0,2016-04-29 19:30,Property,14.63467214,121.0435714,Rear-End
None,EDSA,None,None,"No Accident Factor, Side Swipe, 0.0 drivers_injured, 0.0 drivers_killed, 0.0 passengers_injured, 0.0 passengers_killed, 0.0 pedestrian_injured, 0.0 pedestrian_killed, Fair (Night), EDSA Camp Aguinaldo Gate 4 Quezon City",MMDA Road Safety Unit,,7b32c826-4b4e-4f9a-b9e4-b3f5ecbcabbb,2016-04-29,11:30:00,"EDSA Baliwag Bus Terminal, E. Rod. Quezon City",0,0,0,0,0,0,0,0,0,0,2016-04-29 19:30,Property,14.6064061,121.0572944,Side Swipe
None,EDSA,None,None,"No Accident Factor, Side Swipe, 0.0 drivers_injured, 0.0 drivers_killed, 0.0 passengers_injured, 0.0 passengers_killed, 0.0 pedestrian_injured, 0.0 pedestrian_killed, Fair (Night), EDSA Whiteplains Ave.  Quezon City",MMDA Road Safety Unit,,5c94703b-d8b5-4d45-b5c8-131d2a28d629,2016-04-29,10:50:00,EDSA Santolan MRT Station Quezon City,0,0,0,0,0,0,0,0,0,0,2016-04-29 18:50,Property,14.59961782,121.0596522,Side Swipe
None,EDSA,None,None,"No Accident Factor, Rear-end, 0.0 drivers_injured, 0.0 drivers_killed, 0.0 passengers_injured, 0.0 passengers_killed, 0.0 pedestrian_injured, 0.0 pedestrian_killed, Fair (Day), EDSA Kamuning Road Quezon City",MMDA Road Safety Unit,,3dde4ab9-c4ad-4f48-9ec6-d95276a1426a,2016-04-29,09:30:00,"EDSA Farmers Plaza, Cubao Socorro Quezon City",0,0,0,0,0,0,0,0,0,0,2016-04-29 17:30,Property,14.63075725,121.0457548,Rear-End
None,EDSA,None,None,"No Accident Factor, Rear-end, 0.0 drivers_injured, 0.0 drivers_killed, 0.0 passengers_injured, 0.0 passengers_killed, 0.0 pedestrian_injured, 0.0 pedestrian_killed, Fair (Day), EDSA P. Tuazon Blvd. Quezon City",MMDA Road Safety Unit,,11d682ef-8170-4647-a2e4-9f5fd6ccedc9,2016-04-29,09:15:00,"EDSA Ortigas Ave., Ugong Norte Quezon City",0,0,0,0,0,0,0,0,0,0,2016-04-29 17:15,Property,14.61656342,121.0525225,Rear-End
None,EDSA,None,None,"No Accident Factor, Rear-end, 0.0 drivers_injured, 0.0 drivers_killed, 0.0 passengers_injured, 0.0 passengers_killed, 0.0 pedestrian_injured, 0.0 pedestrian_killed, Fair (Day), EDSA Santolan MRT Station, Camp Aguinaldo Quezon City",MMDA Road Safety Unit,,8675a6a6-9d1d-456e-a3d5-3903a82787d7,2016-04-29,08:30:00,"EDSA Station 10, Kamuning  Quezon City",0,0,0,0,0,0,0,0,0,0,2016-04-29 16:30,Property,14.60773988,121.0564577,Rear-End
None,EDSA,None,None,"No Accident Factor, Rear-end, 0.0 drivers_injured, 0.0 drivers_killed, 0.0 passengers_injured, 0.0 passengers_killed, 0.0 pedestrian_injured, 0.0 pedestrian_killed, Fair (Day), EDSA Mayor Ignacio Diaz Quezon City",MMDA Road Safety Unit,,4c3eb557-b9a7-4753-9639-286d9f763ff6,2016-04-29,08:15:00,"EDSA Gen. Roxas Ave., Socorro Quezon City",0,0,0,0,0,0,0,0,0,0,2016-04-29 16:15,Property,14.61785258,121.0515682,Rear-End
None,EDSA,None,None,"No Accident Factor, No Collision Stated (based on Police Blotter Book), 0.0 drivers_injured, 0.0 drivers_killed, 0.0 passengers_injured, 0.0 passengers_killed, 0.0 pedestrian_injured, 0.0 pedestrian_killed, Fair (Day), EDSA SM Bus Bay, Sto. Cristo Quezon City",MMDA Road Safety Unit,,05be2bca-f4b2-4be4-895d-2b100f29ccc1,2016-04-29,06:00:00,EDSA Gen. Roxas Ave. Quezon City,0,0,0,0,0,0,0,0,0,0,2016-04-29 14:00,Property,14.6563096,121.02741,No Collision Stated
None,EDSA,None,None,"No Accident Factor, No Collision Stated (based on Police Blotter Book), 0.0 drivers_injured, 0.0 drivers_killed, 0.0 passengers_injured, 0.0 passengers_killed, 0.0 pedestrian_injured, 0.0 pedestrian_killed, Fair (Day), EDSA Banahaw St.  Quezon City",MMDA Road Safety Unit,,fde1f4e6-8a83-4caa-8b9a-30e32fb13eef,2016-04-28,23:00:00,EDSA Main Ave. Quezon City,0,0,0,0,0,0,0,0,0,0,2016-04-29 7:00,Property,14.61797303,121.0516572,No Collision Stated
None,EDSA,None,None,"No Accident Factor, Side Swipe, 0.0 drivers_injured, 0.0 drivers_killed, 0.0 passengers_injured, 0.0 passengers_killed, 0.0 pedestrian_injured, 0.0 pedestrian_killed, Fair (Night), EDSA Aurora Blvd. Quezon City",MMDA Road Safety Unit,,4c1b982f-082e-48ba-ae5b-5cbdcedf1744,2016-04-28,18:00:00,"EDSA Ortigas Ave., Ugong Norte Quezon City",0,0,0,0,0,0,0,0,0,0,2016-04-29 2:00,Property,14.62163653,121.0501573,Side Swipe
None,EDSA,None,None,"No Accident Factor, Side Swipe, 0.0 drivers_injured, 0.0 drivers_killed, 0.0 passengers_injured, 0.0 passengers_killed, 0.0 pedestrian_injured, 0.0 pedestrian_killed, Fair (Night), EDSA DILG Bldg.  Quezon City",MMDA Road Safety Unit,,f206e973-5dc0-4033-9976-72aaee3b4df6,2016-04-28,15:30:00,EDSA Cloverleaf Drive  Quezon City,0,0,0,0,0,0,0,0,0,0,2016-04-28 23:30,Property,14.63178721,121.0454019,Side Swipe
None,EDSA,None,None,"No Accident Factor, Rear-end, 1.0 drivers_injured, 0.0 drivers_killed, 0.0 passengers_injured, 0.0 passengers_killed, 0.0 pedestrian_injured, 0.0 pedestrian_killed, Fair (Day), EDSA Quezon Ave. Quezon City",MMDA Road Safety Unit,,60e59e6e-d44c-47ba-9481-98eb2d0b23a1,2016-04-28,09:30:00,EDSA E. Garcia St.  Quezon City,0,0,0,1,0,0,0,0,0,1,2016-04-28 17:30,Injury,14.6442444,121.0375839,Rear-End
None,EDSA,None,None,"No Accident Factor, Rear-end, 0.0 drivers_injured, 0.0 drivers_killed, 0.0 passengers_injured, 0.0 passengers_killed, 0.0 pedestrian_injured, 0.0 pedestrian_killed, Fair (Day), EDSA Waltermart Quezon City",MMDA Road Safety Unit,,ae1fd904-e98c-475f-a2d9-0d5cc827355d,2016-04-28,08:00:00,EDSA Aurora Blvd. Quezon City,0,0,0,0,0,0,0,0,0,0,2016-04-28 16:00,Property,14.6574558,121.0213579,Rear-End
None,EDSA,None,None,"No Accident Factor, Side Swipe, 0.0 drivers_injured, 0.0 drivers_killed, 0.0 passengers_injured, 0.0 passengers_killed, 0.0 pedestrian_injured, 0.0 pedestrian_killed, Fair (Day), EDSA Monte de Piedad St.  Quezon City",MMDA Road Safety Unit,,53ca32b1-591d-4e9c-a106-916e3850eccd,2016-04-28,07:55:00,EDSA South Road Quezon City,0,0,0,0,0,0,0,0,0,0,2016-04-28 15:55,Property,14.62346937,121.0491711,Side Swipe
None,EDSA,None,None,"No Accident Factor, Side Swipe, 0.0 drivers_injured, 0.0 drivers_killed, 0.0 passengers_injured, 0.0 passengers_killed, 0.0 pedestrian_injured, 0.0 pedestrian_killed, Fair (Day), EDSA Aurora Blvd. Quezon City",MMDA Road Safety Unit,,6cb27712-9420-4510-8b64-cdfc1fdbe2aa,2016-04-28,05:00:00,"EDSA Aurora Blvd., Socorro Quezon City",0,0,0,0,0,0,0,0,0,0,2016-04-28 13:00,Property,14.62163653,121.0501573,Side Swipe
None,EDSA,None,None,"No Accident Factor, Rear-end, 0.0 drivers_injured, 0.0 drivers_killed, 0.0 passengers_injured, 0.0 passengers_killed, 0.0 pedestrian_injured, 0.0 pedestrian_killed, Fair (Day), EDSA P. Tuazon Blvd. Quezon City",MMDA Road Safety Unit,,887a6eb7-e75b-4770-830b-9d91edda4b02,2016-04-27,22:55:00,"EDSA Station 10, Kamuning  Quezon City",0,0,0,0,0,0,0,0,0,0,2016-04-28 6:55,Property,14.61656342,121.0525225,Rear-End
None,EDSA,None,None,"No Accident Factor, Side Swipe, 0.0 drivers_injured, 0.0 drivers_killed, 0.0 passengers_injured, 0.0 passengers_killed, 0.0 pedestrian_injured, 0.0 pedestrian_killed, Fair (Day), EDSA New York St. (NB) Quezon City",MMDA Road Safety Unit,,3997e03b-acd5-46d3-a40d-cb8f04cbc664,2016-04-27,22:55:00,EDSA Camp Aguinaldo Quezon City,0,0,0,0,0,0,0,0,0,0,2016-04-28 6:55,Property,14.62568514,121.0482307,Side Swipe
None,EDSA,None,None,"No Accident Factor, Rear-end, 0.0 drivers_injured, 0.0 drivers_killed, 0.0 passengers_injured, 0.0 passengers_killed, 0.0 pedestrian_injured, 0.0 pedestrian_killed, Fair (Day), EDSA Kamuning Road (EB)  Quezon City",MMDA Road Safety Unit,,86ac032c-7a18-4bf9-b453-f42b8b1b8466,2016-04-27,22:05:00,EDSA Timog Ave.  Quezon City,0,0,0,0,0,0,0,0,0,0,2016-04-28 6:05,Property,14.63079118,121.0458085,Rear-End
None,EDSA,None,None,"No Accident Factor, Side Swipe, 0.0 drivers_injured, 0.0 drivers_killed, 0.0 passengers_injured, 0.0 passengers_killed, 0.0 pedestrian_injured, 0.0 pedestrian_killed, Fair (Day), EDSA New York St. Quezon City",MMDA Road Safety Unit,,6644bd65-56fc-4395-ae0b-c4ab9384d45a,2016-04-27,22:00:00,"EDSA Nepa Q-Mart, E. Rodriguez Quezon City",0,0,0,0,0,0,0,0,0,0,2016-04-28 6:00,Property,14.62568514,121.0482307,Side Swipe
None,EDSA,None,None,"No Accident Factor, Hit Object (Barrier-Concrete), 0.0 drivers_injured, 0.0 drivers_killed, 0.0 passengers_injured, 0.0 passengers_killed, 0.0 pedestrian_injured, 0.0 pedestrian_killed, Fair (Night), EDSA Camp Aguinaldo Quezon City",MMDA Road Safety Unit,,be3b90a1-c24a-4163-a057-8b61717faf14,2016-04-27,21:00:00,EDSA Oliveros Drive  Quezon City,0,0,0,0,0,0,0,0,0,0,2016-04-28 5:00,Property,14.60818699,121.0564562,Hit Object
None,EDSA,None,None,"No Accident Factor, Hit and Run (No Collision Stated), 0.0 drivers_injured, 0.0 drivers_killed, 0.0 passengers_injured, 0.0 passengers_killed, 0.0 pedestrian_injured, 0.0 pedestrian_killed, Fair (Night), EDSA West Ave. Quezon City",MMDA Road Safety Unit,,f1a5f6c8-d456-49fd-8b97-327b15797c62,2016-04-27,17:15:00,EDSA Cloverleaf Drive  Quezon City,0,0,0,0,0,0,0,0,0,0,2016-04-28 1:15,Property,14.65548924,121.0298079,No Collision Stated
None,EDSA,None,None,"No Accident Factor, Rear-end, 0.0 drivers_injured, 0.0 drivers_killed, 0.0 passengers_injured, 0.0 passengers_killed, 0.0 pedestrian_injured, 0.0 pedestrian_killed, Fair (Night), EDSA National Printing Office (NPO) St.  Quezon City",MMDA Road Safety Unit,,13bdfeaa-8782-477c-b10f-e3c16b3b4fc0,2016-04-27,16:40:00,"EDSA Nepa Q-Mart, E. Rodriguez Quezon City",0,0,0,0,0,0,0,0,0,0,2016-04-28 0:40,Property,14.63891902,121.0410657,Rear-End
None,EDSA,None,None,"No Accident Factor, Side Swipe, 0.0 drivers_injured, 0.0 drivers_killed, 0.0 passengers_injured, 0.0 passengers_killed, 0.0 pedestrian_injured, 0.0 pedestrian_killed, Fair (Night), EDSA Roosevelt Ave. Quezon City",MMDA Road Safety Unit,,94b2a46a-35f9-422a-9a6d-ea36f949ca85,2016-04-27,14:00:00,EDSA Cloverleaf Drive  Quezon City,0,0,0,0,0,0,0,0,0,0,2016-04-27 22:00,Property,14.65762047,121.0196373,Side Swipe
None,EDSA,None,None,"No Accident Factor, Rear-end, 0.0 drivers_injured, 0.0 drivers_killed, 0.0 passengers_injured, 0.0 passengers_killed, 0.0 pedestrian_injured, 0.0 pedestrian_killed, Fair (Night), EDSA SM Hypermarket Quezon City",MMDA Road Safety Unit,,392797d4-bcbb-4fe5-8c80-518d733bfe5a,2016-04-27,14:00:00,"EDSA Guzent, A. Samson  Quezon City",0,0,0,0,0,0,0,0,0,0,2016-04-27 22:00,Property,14.6142289,121.0535621,Rear-End
None,EDSA,None,None,"No Accident Factor, Side Swipe, 0.0 drivers_injured, 0.0 drivers_killed, 0.0 passengers_injured, 0.0 passengers_killed, 0.0 pedestrian_injured, 0.0 pedestrian_killed, Fair (Night), EDSA South Road Quezon City",MMDA Road Safety Unit,,495d7153-e463-423b-9352-ecf33f324b72,2016-04-27,10:30:00,EDSA New York St. Quezon City,0,0,0,0,0,0,0,0,0,0,2016-04-27 18:30,Property,14.61321318,121.053905,Side Swipe