LOCATION_TEXT,ROAD,WEATHER,LIGHT,DESC,REPORTING_AGENCY,MAIN_CAUSE,INCIDENTDETAILS_ID,DATE_UTC,TIME_UTC,ADDRESS,killed_driver,killed_passenger,killed_pedestrian,injured_driver,injured_passenger,injured_pedestrian,killed_uncategorized,injured_uncategorized,killed_total,injured_total,DATETIME_PST,SEVERITY,Y,X,COLLISION_TYPE
None,EDSA,None,None,"No Accident Factor, Rear-end, 0.0 drivers_injured, 0.0 drivers_killed, 0.0 passengers_injured, 0.0 passengers_killed, 0.0 pedestrian_injured, 0.0 pedestrian_killed, Fair (Day), EDSA Ermin Garcia St.  Quezon City",MMDA Road Safety Unit,,d48bc205-f510-4f0a-bffe-afb82df8d86f,2016-04-27,08:25:00,"EDSA Misamis Street, Pagasa Quezon City",0,0,0,0,0,0,0,0,0,0,2016-04-27 16:25,Property,14.62758814,121.047487,Rear-End
None,EDSA,None,None,"No Accident Factor, Rear-end, 0.0 drivers_injured, 0.0 drivers_killed, 0.0 passengers_injured, 0.0 passengers_killed, 0.0 pedestrian_injured, 0.0 pedestrian_killed, Fair (Day), EDSA Arayat St.  Quezon City",MMDA Road Safety Unit,,6d1c8ce0-6831-4607-9729-170656dbfbf2,2016-04-27,07:45:00,EDSA Cloverleaf Drive  Quezon City,0,0,0,0,0,0,0,0,0,0,2016-04-27 15:45,Property,14.61961124,121.0508602,Rear-End
None,EDSA,None,None,"No Accident Factor, No Collision Stated (based on Police Blotter Book), 0.0 drivers_injured, 0.0 drivers_killed, 0.0 passengers_injured, 0.0 passengers_killed, 0.0 pedestrian_injured, 0.0 pedestrian_killed, Fair (Day), EDSA Kamias Road Quezon City",MMDA Road Safety Unit,,6f5bb772-8431-4eed-b5c3-5985d93b5af7,2016-04-27,07:30:00,EDSA Kamuning Road Quezon City,0,0,0,0,0,0,0,0,0,0,2016-04-27 15:30,Property,14.6309142,121.0459376,No Collision Stated
None,EDSA,None,None,"No Accident Factor, Side Swipe, 0.0 drivers_injured, 0.0 drivers_killed, 0.0 passengers_injured, 0.0 passengers_killed, 0.0 pedestrian_injured, 0.0 pedestrian_killed, Fair (Day), EDSA New York St. (NB) Quezon City",MMDA Road Safety Unit,,d1bc6eea-17e6-49b7-8561-d5b84b3fa5ca,2016-04-27,07:05:00,"EDSA Genesis Bus Terminal, E. Rodriguez Quezon City",0,0,0,0,0,0,0,0,0,0,2016-04-27 15:05,Property,14.62568514,121.0482307,Side Swipe
None,EDSA,None,None,"No Accident Factor, No Collision Stated (based on Police Blotter Book), 0.0 drivers_injured, 0.0 drivers_killed, 0.0 passengers_injured, 0.0 passengers_killed, 0.0 pedestrian_injured, 0.0 pedestrian_killed, Fair (Day), EDSA Scout Borromeo St. Quezon City",MMDA Road Safety Unit,,0e5ba10f-a612-48a5-8c35-5c184a6b7f02,2016-04-27,05:40:00,EDSA K-10th St.  Quezon City,0,0,0,0,0,0,0,0,0,0,2016-04-27 13:40,Property,14.63715712,121.0419507,No Collision Stated
None,EDSA,None,None,"No Accident Factor, Hit and Run (No Collision Stated), 0.0 drivers_injured, 0.0 drivers_killed, 0.0 passengers_injured, 0.0 passengers_killed, 0.0 pedestrian_injured, 0.0 pedestrian_killed, Fair (Day), EDSA South Road Quezon City",MMDA Road Safety Unit,,0179b5b7-e332-44d5-83a8-1834dabd5522,2016-04-27,02:00:00,"EDSA ""U"" turn slot, Quezon City Academy Quezon City",0,0,0,0,0,0,0,0,0,0,2016-04-27 10:00,Property,14.61321318,121.053905,No Collision Stated
None,EDSA,None,None,"No Accident Factor, No Collision Stated (based on Police Blotter Book), 0.0 drivers_injured, 0.0 drivers_killed, 0.0 passengers_injured, 0.0 passengers_killed, 0.0 pedestrian_injured, 0.0 pedestrian_killed, Fair (Night), EDSA Kaingin Road Quezon City",MMDA Road Safety Unit,,6928e1bd-f270-4463-bb2f-cb0e68f37c2b,2016-04-26,12:50:00,EDSA Aurora Blvd. Quezon City,0,0,0,0,0,0,0,0,0,0,2016-04-26 20:50,Property,14.65746493,121.0109963,No Collision Stated
None,EDSA,None,None,"No Accident Factor, Side Swipe, 0.0 drivers_injured, 0.0 drivers_killed, 0.0 passengers_injured, 0.0 passengers_killed, 0.0 pedestrian_injured, 0.0 pedestrian_killed, Fair (Night), EDSA Camp Aguinaldo Quezon City",MMDA Road Safety Unit,,d917af4e-adda-436c-b517-ef69b19162b5,2016-04-26,10:30:00,EDSA Cloverleaf Road Quezon City,0,0,0,0,0,0,0,0,0,0,2016-04-26 18:30,Property,14.60818699,121.0564562,Side Swipe
None,EDSA,None,None,"No Accident Factor, Rear-end, 0.0 drivers_injured, 0.0 drivers_killed, 0.0 passengers_injured, 0.0 passengers_killed, 0.0 pedestrian_injured, 0.0 pedestrian_killed, Fair (Day), EDSA Dario Bridge  Quezon City",MMDA Road Safety Unit,,b9731de5-0206-408b-9a7c-bc6c47bbe8ff,2016-04-26,08:30:00,EDSA B. Serrano (WB) Quezon City,0,0,0,0,0,0,0,0,0,0,2016-04-26 16:30,Property,14.65750874,121.0155818,Rear-End
None,EDSA,None,None,"No Accident Factor, Side Swipe, 0.0 drivers_injured, 0.0 drivers_killed, 0.0 passengers_injured, 0.0 passengers_killed, 0.0 pedestrian_injured, 0.0 pedestrian_killed, Fair (Day), EDSA Col. Bonny Serrano Ave. (EB) Quezon City",MMDA Road Safety Unit,,bb530ac2-3720-43d8-b451-2dc535250d51,2016-04-26,07:35:00,"EDSA Kamias Road (Mercury Drug, West Kamias) Quezon City",0,0,0,0,0,0,0,0,0,0,2016-04-26 15:35,Property,14.61107337,121.0550705,Side Swipe
None,EDSA,None,None,"No Accident Factor, Hit Object (Barrier), 0.0 drivers_injured, 0.0 drivers_killed, 0.0 passengers_injured, 0.0 passengers_killed, 0.0 pedestrian_injured, 0.0 pedestrian_killed, Fair (Day), EDSA ""U"" turn slot, Shell Gas Station, A. Samson  Quezon City",MMDA Road Safety Unit,,03309806-9b7a-4d4c-95fc-f7398503b82b,2016-04-26,07:00:00,EDSA Main Ave. Quezon City,0,0,0,0,0,0,0,0,0,0,2016-04-26 15:00,Property,14.6576372,121.0076032,Hit Object
None,EDSA,None,None,"No Accident Factor, Rear-end, 0.0 drivers_injured, 0.0 drivers_killed, 0.0 passengers_injured, 0.0 passengers_killed, 0.0 pedestrian_injured, 0.0 pedestrian_killed, Fair (Day), EDSA Kamuning Road Quezon City",MMDA Road Safety Unit,,383173ae-e9e0-4125-a8d4-10a5a7853157,2016-04-26,05:35:00,EDSA Whiteplains Ave.  Quezon City,0,0,0,0,0,0,0,0,0,0,2016-04-26 13:35,Property,14.63075725,121.0457548,Rear-End
None,EDSA,None,None,"No Accident Factor, No Collision Stated (based on Police Blotter Book), 0.0 drivers_injured, 0.0 drivers_killed, 0.0 passengers_injured, 0.0 passengers_killed, 0.0 pedestrian_injured, 0.0 pedestrian_killed, Fair (Day), EDSA ""U"" turn slot, West Triangle Quezon City",MMDA Road Safety Unit,,8f5ab29e-4f73-4f1c-a2a6-7a38783cfb38,2016-04-26,05:30:00,"EDSA Jacman Bldg., Ramon Magsaysay Quezon City",0,0,0,0,0,0,0,0,0,0,2016-04-26 13:30,Property,14.6535656,121.0313502,Angle Impact
None,EDSA,None,None,"No Accident Factor, Side Swipe, 0.0 drivers_injured, 0.0 drivers_killed, 0.0 passengers_injured, 0.0 passengers_killed, 0.0 pedestrian_injured, 0.0 pedestrian_killed, Fair (Day), EDSA Monte De Piedad St,  Quezon City",MMDA Road Safety Unit,,89b81ba2-d700-46f0-ac9a-eb5f13c8af14,2016-04-26,03:50:00,EDSA NIA Road Quezon City,0,0,0,0,0,0,0,0,0,0,2016-04-26 11:50,Property,14.62346937,121.0491711,Side Swipe
None,EDSA,None,None,"No Accident Factor, No Collision Stated (based on Police Blotter Book), 0.0 drivers_injured, 0.0 drivers_killed, 0.0 passengers_injured, 0.0 passengers_killed, 0.0 pedestrian_injured, 0.0 pedestrian_killed, Fair (Day), EDSA ""U"" turn slot, Nueva Vizcaya Street, Ramon Magsaysay Quezon City",MMDA Road Safety Unit,,6f99a570-baee-4515-9c95-539914bc6cd2,2016-04-26,03:20:00,EDSA Timog Ave.  Quezon City,0,0,0,0,0,0,0,0,0,0,2016-04-26 11:20,Property,14.656457,121.0261149,No Collision Stated
None,EDSA,None,None,"No Accident Factor, Side Swipe, 0.0 drivers_injured, 0.0 drivers_killed, 0.0 passengers_injured, 0.0 passengers_killed, 0.0 pedestrian_injured, 0.0 pedestrian_killed, Fair (Day), EDSA E. Garcia St.  Quezon City",MMDA Road Safety Unit,,80dbb358-72f8-4190-b7ff-f17e0ef71b35,2016-04-26,01:00:00,EDSA Aurora Blvd. Quezon City,0,0,0,0,0,0,0,0,0,0,2016-04-26 9:00,Property,14.62742033,121.0475769,Side Swipe
None,EDSA,None,None,"No Accident Factor, Side Swipe, 0.0 drivers_injured, 0.0 drivers_killed, 0.0 passengers_injured, 0.0 passengers_killed, 0.0 pedestrian_injured, 0.0 pedestrian_killed, Fair (Day), EDSA Quezon Ave. Quezon City",MMDA Road Safety Unit,,414435e4-74a0-4d49-9d97-5d4bfce77a69,2016-04-26,00:45:00,"EDSA Corregidor Street, Ramon Magsaysay Quezon City",0,0,0,0,0,0,0,0,0,0,2016-04-26 8:45,Property,14.6442444,121.0375839,Side Swipe
None,EDSA,None,None,"No Accident Factor, Side Swipe, 0.0 drivers_injured, 0.0 drivers_killed, 0.0 passengers_injured, 0.0 passengers_killed, 0.0 pedestrian_injured, 0.0 pedestrian_killed, Fair (Day), EDSA Oliveros Drive Quezon City",MMDA Road Safety Unit,,fb221200-0c5f-4e06-8d60-55a77c76f78f,2016-04-26,00:30:00,EDSA Quezon Ave. (EB) Quezon City,0,0,0,0,0,0,0,0,0,0,2016-04-26 8:30,Property,14.65762799,121.0065288,Side Swipe
None,EDSA,None,None,"No Accident Factor, Angle Impact, 0.0 drivers_injured, 0.0 drivers_killed, 0.0 passengers_injured, 0.0 passengers_killed, 0.0 pedestrian_injured, 0.0 pedestrian_killed, Fair (Night), EDSA Kamias Road Quezon City",MMDA Road Safety Unit,,4bc9ba03-4b01-489d-bd80-9a4a37a5cb8a,2016-04-25,11:45:00,EDSA Col. Bonny Serrano Ave.  Quezon City,0,0,0,0,0,0,0,0,0,0,2016-04-25 19:45,Property,14.6309142,121.0459376,Angle Impact
None,EDSA,None,None,"No Accident Factor, Side Swipe, 0.0 drivers_injured, 0.0 drivers_killed, 0.0 passengers_injured, 0.0 passengers_killed, 0.0 pedestrian_injured, 0.0 pedestrian_killed, Fair (Night), EDSA Robinsons Galleria Ortigas, Ugong Norte Quezon City",MMDA Road Safety Unit,,cd53d5b1-3dab-4aa2-9e32-b6e652325352,2016-04-25,11:45:00,EDSA East Ave. Quezon City,0,0,0,0,0,0,0,0,0,0,2016-04-25 19:45,Property,14.59206941,121.058228,Side Swipe
None,EDSA,None,None,"No Accident Factor, Angle Impact, 0.0 drivers_injured, 0.0 drivers_killed, 0.0 passengers_injured, 0.0 passengers_killed, 0.0 pedestrian_injured, 0.0 pedestrian_killed, Fair (Night), EDSA Robinsons Galleria Ortigas, Ugong Norte Quezon City",MMDA Road Safety Unit,,43669337-1804-4862-80ca-e170429b0c0d,2016-04-25,11:00:00,EDSA East Ave. Quezon City,0,0,0,0,0,0,0,0,0,0,2016-04-25 19:00,Property,14.59206941,121.058228,Angle Impact
None,EDSA,None,None,"No Accident Factor, Rear-end, 0.0 drivers_injured, 0.0 drivers_killed, 0.0 passengers_injured, 0.0 passengers_killed, 0.0 pedestrian_injured, 0.0 pedestrian_killed, Fair (Day), EDSA Five Star Bus Terminal, E. Rodriguez Quezon City",MMDA Road Safety Unit,,8673bb7d-eefa-4419-b403-4d521c4848f5,2016-04-25,02:20:00,EDSA Mapagmahal St.  Quezon City,0,0,0,0,0,0,0,0,0,0,2016-04-25 10:20,Property,14.62375691,121.0492447,Rear-End
None,EDSA,None,None,"No Accident Factor, Rear-end, 0.0 drivers_injured, 0.0 drivers_killed, 0.0 passengers_injured, 0.0 passengers_killed, 0.0 pedestrian_injured, 0.0 pedestrian_killed, Fair (Day), EDSA Arayat Quezon City",MMDA Road Safety Unit,,b3d4e81e-5ce6-40dc-bd52-a5ac4b851a50,2016-04-25,02:15:00,EDSA Aurora Blvd. Quezon City,0,0,0,0,0,0,0,0,0,0,2016-04-25 10:15,Property,14.61961124,121.0508602,Rear-End
None,EDSA,None,None,"No Accident Factor, Side Swipe, 0.0 drivers_injured, 0.0 drivers_killed, 0.0 passengers_injured, 0.0 passengers_killed, 0.0 pedestrian_injured, 0.0 pedestrian_killed, Fair (Day), EDSA Superlines Bus Terminal, E. Rodriguez Quezon City",MMDA Road Safety Unit,,266fd5b8-4c43-430a-ad34-0eb76911a9d1,2016-04-25,01:25:00,EDSA P. Tuazon Blvd. Quezon City,0,0,0,0,0,0,0,0,0,0,2016-04-25 9:25,Property,14.62512241,121.0484162,Side Swipe
None,EDSA,None,None,"No Accident Factor, No Collision Stated (based on Police Blotter Book), 0.0 drivers_injured, 0.0 drivers_killed, 0.0 passengers_injured, 0.0 passengers_killed, 0.0 pedestrian_injured, 0.0 pedestrian_killed, Fair (Day), EDSA Timog Ave.  Quezon City",MMDA Road Safety Unit,,d9d2db1e-f80b-4164-9b28-c4201f133470,2016-04-24,22:45:00,EDSA Col. Bonny Serrano Ave.  Quezon City,0,0,0,0,0,0,0,0,0,0,2016-04-25 6:45,Property,14.63293559,121.0446304,No Collision Stated
None,EDSA,None,None,"No Accident Factor, Side Swipe, 0.0 drivers_injured, 0.0 drivers_killed, 0.0 passengers_injured, 0.0 passengers_killed, 0.0 pedestrian_injured, 0.0 pedestrian_killed, Fair (Night), EDSA Nepa Q-Mart Market, E. Rodriguez Quezon City",MMDA Road Safety Unit,,7c1a4760-f29a-46b0-a826-fdef83c17d95,2016-04-24,21:30:00,EDSA Mother Ignacia St.  Quezon City,0,0,0,0,0,0,0,0,0,0,2016-04-25 5:30,Property,14.62805361,121.0472521,Side Swipe
None,EDSA,None,None,"No Accident Factor, No Collision Stated (based on Police Blotter Book), 0.0 drivers_injured, 0.0 drivers_killed, 0.0 passengers_injured, 0.0 passengers_killed, 0.0 pedestrian_injured, 0.0 pedestrian_killed, Fair (Day), EDSA Trinoma, Pagasa Quezon City",MMDA Road Safety Unit,,7d4b098b-8d19-4596-aa44-eddd939a7910,2016-04-24,07:15:00,EDSA Quezon Ave. (WB) Quezon City,0,0,0,0,0,0,0,0,0,0,2016-04-24 15:15,Property,14.65242607,121.0323133,No Collision Stated
None,EDSA,None,None,"No Accident Factor, Side Swipe, 0.0 drivers_injured, 0.0 drivers_killed, 0.0 passengers_injured, 0.0 passengers_killed, 0.0 pedestrian_injured, 0.0 pedestrian_killed, Fair (Day), EDSA Col. Bonny Serrano Ave. (EB) Quezon City",MMDA Road Safety Unit,,2eb405f9-b4f2-46bd-84d5-92e70a426067,2016-04-24,05:45:00,EDSA P. Tuazon Blvd. Quezon City,0,0,0,0,0,0,0,0,0,0,2016-04-24 13:45,Property,14.61107337,121.0550705,Side Swipe
None,EDSA,None,None,"No Accident Factor, No Collision Stated (based on Police Blotter Book), 0.0 drivers_injured, 0.0 drivers_killed, 0.0 passengers_injured, 0.0 passengers_killed, 0.0 pedestrian_injured, 0.0 pedestrian_killed, Fair (Day), EDSA Corregidor Street, Rmaon Magsaysay Quezon City",MMDA Road Safety Unit,,f7bd3670-5ada-42dd-bb5e-88f693063ea9,2016-04-24,02:00:00,EDSA Congressional Ave.  Quezon City,0,0,0,0,0,0,0,0,0,0,2016-04-24 10:00,Property,14.65707679,121.0241648,No Collision Stated
None,EDSA,None,None,"No Accident Factor, Hit and Run (Rear-end), 0.0 drivers_injured, 0.0 drivers_killed, 0.0 passengers_injured, 0.0 passengers_killed, 0.0 pedestrian_injured, 0.0 pedestrian_killed, Fair (Day), EDSA Ermin Garcia St. Quezon City",MMDA Road Safety Unit,,88dac234-a0ad-432a-a079-075ae213df86,2016-04-24,01:30:00,EDSA Bansalangin  Quezon City,0,0,0,0,0,0,0,0,0,0,2016-04-24 9:30,Property,14.62758814,121.047487,Rear-End
None,EDSA,None,None,"No Accident Factor, Rear-end, 0.0 drivers_injured, 0.0 drivers_killed, 0.0 passengers_injured, 0.0 passengers_killed, 0.0 pedestrian_injured, 0.0 pedestrian_killed, Fair (Night), EDSA Congressional Avenue Quezon City",MMDA Road Safety Unit,,580b6534-08c8-4bfb-9d81-a7231411fc20,2016-04-23,17:35:00,EDSA Main Ave. Quezon City,0,0,0,0,0,0,0,0,0,0,2016-04-24 1:35,Property,14.6571804,120.9927185,Rear-End
None,EDSA,None,None,"No Accident Factor, Rear-end, 0.0 drivers_injured, 0.0 drivers_killed, 0.0 passengers_injured, 0.0 passengers_killed, 0.0 pedestrian_injured, 0.0 pedestrian_killed, Fair (Night), EDSA Camp Aguinaldo Gate 4 Quezon City",MMDA Road Safety Unit,,a1132a72-8f94-452b-865f-fb117d10b03c,2016-04-23,13:50:00,EDSA Kamuning Road Quezon City,0,0,0,0,0,0,0,0,0,0,2016-04-23 21:50,Property,14.6064061,121.0572944,Rear-End
None,EDSA,None,None,"No Accident Factor, Hit and Run (No Collision Stated), 0.0 drivers_injured, 0.0 drivers_killed, 0.0 passengers_injured, 0.0 passengers_killed, 0.0 pedestrian_injured, 0.0 pedestrian_killed, Fair (Night), EDSA Nepa Q-Mart Market, E. Rodriguez Quezon City",MMDA Road Safety Unit,,819794df-f337-4823-97a0-41ec9bbd6e11,2016-04-23,13:20:00,EDSA Aurora Blvd. Quezon City,0,0,0,0,0,0,0,0,0,0,2016-04-23 21:20,Property,14.62805361,121.0472521,No Collision Stated
None,EDSA,None,None,"No Accident Factor, Angle Impact, 0.0 drivers_injured, 0.0 drivers_killed, 0.0 passengers_injured, 0.0 passengers_killed, 0.0 pedestrian_injured, 0.0 pedestrian_killed, Fair (Night), EDSA Main Ave. Quezon City",MMDA Road Safety Unit,,2caf0319-84f4-4ff0-9e39-d44393381cac,2016-04-23,13:00:00,EDSA Aurora Blvd. Quezon City,0,0,0,0,0,0,0,0,0,0,2016-04-23 21:00,Property,14.61376458,121.0537933,Angle Impact
None,EDSA,None,None,"No Accident Factor, Side Swipe, 0.0 drivers_injured, 0.0 drivers_killed, 0.0 passengers_injured, 0.0 passengers_killed, 0.0 pedestrian_injured, 0.0 pedestrian_killed, Fair (Night), EDSA Main Ave. Quezon City",MMDA Road Safety Unit,,9c4473ff-3b83-4f7d-86ed-1b79252942ef,2016-04-23,11:25:00,"EDSA Baliwag Bus Terminal, E. Rodriguez Quezon City",0,0,0,0,0,0,0,0,0,0,2016-04-23 19:25,Property,14.61376458,121.0537933,Side Swipe
None,EDSA,None,None,"No Accident Factor, Side Swipe, 0.0 drivers_injured, 0.0 drivers_killed, 0.0 passengers_injured, 0.0 passengers_killed, 0.0 pedestrian_injured, 0.0 pedestrian_killed, Fair (Day), EDSA Superlines Bus Terminal, E. Rodriguez Quezon City",MMDA Road Safety Unit,,7aca9088-0baa-425f-b5d9-7293e1d834f8,2016-04-23,09:30:00,EDSA Kamias Road Quezon City,0,0,0,0,0,0,0,0,0,0,2016-04-23 17:30,Property,14.62512241,121.0484162,Side Swipe
None,EDSA,None,None,"No Accident Factor, No Collision Stated (based on Police Blotter Book), 0.0 drivers_injured, 0.0 drivers_killed, 0.0 passengers_injured, 0.0 passengers_killed, 0.0 pedestrian_injured, 0.0 pedestrian_killed, Fair (Day), EDSA Misamis Street, Pagasa Quezon City",MMDA Road Safety Unit,,166fecb5-6623-4273-95bb-ba7e8e83622b,2016-04-23,08:30:00,EDSA SM Annex Quezon City,0,0,0,0,0,0,0,0,0,0,2016-04-23 16:30,Property,14.65602348,121.0285212,No Collision Stated
None,EDSA,None,None,"No Accident Factor, Side Swipe, 0.0 drivers_injured, 0.0 drivers_killed, 0.0 passengers_injured, 0.0 passengers_killed, 0.0 pedestrian_injured, 0.0 pedestrian_killed, Fair (Day), EDSA Mapagmahal St.  Quezon City",MMDA Road Safety Unit,,94d662cc-8470-48f9-b4e3-50c96b04105a,2016-04-23,08:00:00,EDSA Scout Borromeo St. Quezon City,0,0,0,0,0,0,0,0,0,0,2016-04-23 16:00,Property,14.63185046,121.0455315,Side Swipe
None,EDSA,None,None,"No Accident Factor, Rear-end, 0.0 drivers_injured, 0.0 drivers_killed, 0.0 passengers_injured, 0.0 passengers_killed, 0.0 pedestrian_injured, 0.0 pedestrian_killed, Fair (Day), EDSA Timog Ave.  Quezon City",MMDA Road Safety Unit,,223791f9-e3f7-473f-8429-29f84af89327,2016-04-23,06:45:00,EDSA Ramon Magsaysay High School Quezon City,0,0,0,0,0,0,0,0,0,0,2016-04-23 14:45,Property,14.63293559,121.0446304,Rear-End
None,EDSA,None,None,"No Accident Factor, Side Swipe, 0.0 drivers_injured, 0.0 drivers_killed, 0.0 passengers_injured, 0.0 passengers_killed, 0.0 pedestrian_injured, 0.0 pedestrian_killed, Fair (Day), EDSA Royal Quezon City",MMDA Road Safety Unit,,c7aa02d6-a349-47f4-b83f-d3a7bb5c2cac,2016-04-23,06:00:00,"EDSA Caltex Gas Station, A. Samson  Quezon City",0,0,0,0,0,0,0,0,0,0,2016-04-23 14:00,Property,14.65767141,121.0107008,Side Swipe
None,EDSA,None,None,"No Accident Factor, Side Swipe, 0.0 drivers_injured, 0.0 drivers_killed, 0.0 passengers_injured, 0.0 passengers_killed, 0.0 pedestrian_injured, 0.0 pedestrian_killed, Fair (Day), EDSA Aurora Blvd. Quezon City",MMDA Road Safety Unit,,606dedd3-15f1-49a0-a532-eddcdc30e3bb,2016-04-23,04:30:00,EDSA Cloverleaf Drive Quezon City,0,0,0,0,0,0,0,0,0,0,2016-04-23 12:30,Property,14.62163653,121.0501573,Side Swipe
None,EDSA,None,None,"No Accident Factor, Rear-end, 0.0 drivers_injured, 0.0 drivers_killed, 0.0 passengers_injured, 0.0 passengers_killed, 0.0 pedestrian_injured, 0.0 pedestrian_killed, Fair (Day), EDSA Santolan MRT Station  Quezon City",MMDA Road Safety Unit,,ff5ab42e-696c-4bb1-a8b0-e1ca2aa532ac,2016-04-23,04:00:00,EDSA Roosevelt Ave.  Quezon City,0,0,0,0,0,0,0,0,0,0,2016-04-23 12:00,Property,14.60773988,121.0564577,Rear-End
None,EDSA,None,None,"No Accident Factor, No Collision Stated (based on Police Blotter Book), 0.0 drivers_injured, 0.0 drivers_killed, 0.0 passengers_injured, 0.0 passengers_killed, 0.0 pedestrian_injured, 0.0 pedestrian_killed, Fair (Day), EDSA Aurora Blvd. Quezon City",MMDA Road Safety Unit,,6e5e4d9a-4d39-41fe-91fc-6cf7e609db0b,2016-04-23,03:30:00,EDSA Oliveros Quezon City,0,0,0,0,0,0,0,0,0,0,2016-04-23 11:30,Property,14.62163653,121.0501573,No Collision Stated
None,EDSA,None,None,"No Accident Factor, Rear-end, 0.0 drivers_injured, 0.0 drivers_killed, 0.0 passengers_injured, 0.0 passengers_killed, 0.0 pedestrian_injured, 0.0 pedestrian_killed, Fair (Day), EDSA Superlines Bus Terminal, E. Rodriguez Quezon City",MMDA Road Safety Unit,,b844e92d-72d2-4f68-9c2a-fe0adf08e1eb,2016-04-23,02:25:00,"EDSA Puregold, Balingasa Quezon City",0,0,0,0,0,0,0,0,0,0,2016-04-23 10:25,Property,14.62512241,121.0484162,Rear-End
None,EDSA,None,None,"No Accident Factor, Rear-end, 0.0 drivers_injured, 0.0 drivers_killed, 0.0 passengers_injured, 0.0 passengers_killed, 0.0 pedestrian_injured, 0.0 pedestrian_killed, Fair (Day), EDSA P. Tuazon Blvd. Quezon City",MMDA Road Safety Unit,,c802857a-8ec7-400c-9286-a17631edf988,2016-04-23,00:30:00,EDSA Kaingin Road Quezon City,0,0,0,0,0,0,0,0,0,0,2016-04-23 8:30,Property,14.61656342,121.0525225,Rear-End
None,EDSA,None,None,"No Accident Factor, Rear-end, 0.0 drivers_injured, 0.0 drivers_killed, 0.0 passengers_injured, 0.0 passengers_killed, 0.0 pedestrian_injured, 0.0 pedestrian_killed, Fair (Night), EDSA Nepa Q-Mart  Quezon City",MMDA Road Safety Unit,,dba35bd9-a8c9-4fd7-aba8-3907ffd2785b,2016-04-22,19:55:00,EDSA Kaingin Road Quezon City,0,0,0,0,0,0,0,0,0,0,2016-04-23 3:55,Property,14.62805361,121.0472521,Rear-End
None,EDSA,None,None,"No Accident Factor, Rear-end, 0.0 drivers_injured, 0.0 drivers_killed, 0.0 passengers_injured, 0.0 passengers_killed, 0.0 pedestrian_injured, 0.0 pedestrian_killed, Fair (Night), EDSA Scout Borromeo St. Quezon City",MMDA Road Safety Unit,,cecb233d-fa61-4218-85a9-a15b1ac91ef1,2016-04-22,19:10:00,EDSA Quezon Ave. Quezon City,0,0,0,0,0,0,0,0,0,0,2016-04-23 3:10,Property,14.63715712,121.0419507,Rear-End
None,EDSA,None,None,"No Accident Factor, Hit and Run (No Collision Stated), 1.0 drivers_injured, 0.0 drivers_killed, 0.0 passengers_injured, 0.0 passengers_killed, 0.0 pedestrian_injured, 0.0 pedestrian_killed, Fair (Night), EDSA K-10 St.  Quezon City",MMDA Road Safety Unit,,4ec9df6f-497c-403c-bfb5-1f05f65fb4ae,2016-04-22,17:00:00,EDSA North Road Quezon City,0,0,0,1,0,0,0,0,0,1,2016-04-23 1:00,Injury,14.62879439,121.046914,No Collision Stated
None,EDSA,None,None,"No Accident Factor, Side Swipe, 0.0 drivers_injured, 0.0 drivers_killed, 0.0 passengers_injured, 0.0 passengers_killed, 0.0 pedestrian_injured, 0.0 pedestrian_killed, Fair (Night), EDSA ""U"" turn slot, Boni Serrano Ave.  Quezon City",MMDA Road Safety Unit,,ad33de3b-2e9a-41a9-924d-a91ffb92eeb5,2016-04-22,15:45:00,"EDSA SM North, Pagasa Quezon City",0,0,0,0,0,0,0,0,0,0,2016-04-22 23:45,Property,14.61041705,121.0552162,Side Swipe
None,EDSA,None,None,"No Accident Factor, Side Swipe, 0.0 drivers_injured, 0.0 drivers_killed, 0.0 passengers_injured, 0.0 passengers_killed, 0.0 pedestrian_injured, 0.0 pedestrian_killed, Fair (Night), EDSA East Ave. Quezon City",MMDA Road Safety Unit,,2a09ba7b-34c5-4a38-b85c-c68e6066dc79,2016-04-22,13:00:00,EDSA Kamuning Road Quezon City,0,0,0,0,0,0,0,0,0,0,2016-04-22 21:00,Property,14.6328297,121.0451176,Side Swipe
None,EDSA,None,None,"No Accident Factor, Side Swipe, 0.0 drivers_injured, 0.0 drivers_killed, 0.0 passengers_injured, 0.0 passengers_killed, 0.0 pedestrian_injured, 0.0 pedestrian_killed, Fair (Night), EDSA Ortigas Ave. (Robinsons Galleria Ortigas, Ugong Norte) Quezon City",MMDA Road Safety Unit,,ba2b2264-b2d3-431c-865e-a4a8f67048bb,2016-04-22,10:30:00,EDSA North Road Quezon City,0,0,0,0,0,0,0,0,0,0,2016-04-22 18:30,Property,14.59275486,121.0584221,Side Swipe
None,EDSA,None,None,"No Accident Factor, No Collision Stated (based on Police Blotter Book), 1.0 drivers_injured, 0.0 drivers_killed, 0.0 passengers_injured, 0.0 passengers_killed, 0.0 pedestrian_injured, 0.0 pedestrian_killed, Fair (Day), EDSA Santolan Service Road (SB) Quezon City",MMDA Road Safety Unit,,58d03bdf-f5fe-4dc0-a5a1-52039055904c,2016-04-22,07:55:00,EDSA North Road Quezon City,0,0,0,1,0,0,0,0,0,1,2016-04-22 15:55,Injury,14.6102736,121.0552175,No Collision Stated
None,EDSA,None,None,"No Accident Factor, Side Swipe, 0.0 drivers_injured, 0.0 drivers_killed, 0.0 passengers_injured, 0.0 passengers_killed, 0.0 pedestrian_injured, 0.0 pedestrian_killed, Fair (Day), EDSA Trinoma Mall Quezon City",MMDA Road Safety Unit,,ed41f883-9760-4cac-88fb-9f4d7a101794,2016-04-22,06:25:00,"EDSA Ortigas Ave. (Robinsons Galleria, Ugong Norte) Quezon City",0,0,0,0,0,0,0,0,0,0,2016-04-22 14:25,Property,14.65242607,121.0323133,Side Swipe