LOCATION_TEXT,ROAD,WEATHER,LIGHT,DESC,REPORTING_AGENCY,MAIN_CAUSE,INCIDENTDETAILS_ID,DATE_UTC,TIME_UTC,ADDRESS,killed_driver,killed_passenger,killed_pedestrian,injured_driver,injured_passenger,injured_pedestrian,killed_uncategorized,injured_uncategorized,killed_total,injured_total,DATETIME_PST,SEVERITY,Y,X,COLLISION_TYPE
None,EDSA,None,None,"No Accident Factor, Side Swipe, 0.0 drivers_injured, 0.0 drivers_killed, 0.0 passengers_injured, 0.0 passengers_killed, 0.0 pedestrian_injured, 0.0 pedestrian_killed, Fair (Day), EDSA Aurora Blvd. Quezon City",MMDA Road Safety Unit,,d6f3a997-7313-4702-bbc9-ccf6f9bc99c6,2016-04-22,04:30:00,EDSA Cloverleaf Quezon City,0,0,0,0,0,0,0,0,0,0,2016-04-22 12:30,Property,14.62163653,121.0501573,Side Swipe
None,EDSA,None,None,"No Accident Factor, Side Swipe, 0.0 drivers_injured, 0.0 drivers_killed, 0.0 passengers_injured, 0.0 passengers_killed, 0.0 pedestrian_injured, 0.0 pedestrian_killed, Fair (Day), EDSA Bulacan St. Quezon City",MMDA Road Safety Unit,,b0f0f6a4-4600-4369-b5aa-77a7d708c9b0,2016-04-22,03:30:00,EDSA West Ave. Quezon City,0,0,0,0,0,0,0,0,0,0,2016-04-22 11:30,Property,14.65577077,121.0291718,Side Swipe
None,EDSA,None,None,"No Accident Factor, Side Swipe, 0.0 drivers_injured, 0.0 drivers_killed, 0.0 passengers_injured, 0.0 passengers_killed, 0.0 pedestrian_injured, 0.0 pedestrian_killed, Fair (Day), EDSA East Ave. Quezon City",MMDA Road Safety Unit,,3c5a0991-2fab-4b7a-b86a-6d0ad0730aff,2016-04-22,00:45:00,EDSA East Ave. Quezon City,0,0,0,0,0,0,0,0,0,0,2016-04-22 8:45,Property,14.6328297,121.0451176,Side Swipe
None,EDSA,None,None,"No Accident Factor, No Collision Stated (based on Police Blotter Book), 0.0 drivers_injured, 0.0 drivers_killed, 0.0 passengers_injured, 0.0 passengers_killed, 0.0 pedestrian_injured, 0.0 pedestrian_killed, Fair (Day), EDSA East Ave. Quezon City",MMDA Road Safety Unit,,47156bad-e937-4d64-b0a9-dbf97d0963f6,2016-04-22,00:10:00,EDSA Mapagmahal St.  Quezon City,0,0,0,0,0,0,0,0,0,0,2016-04-22 8:10,Property,14.6328297,121.0451176,No Collision Stated
None,EDSA,None,None,"No Accident Factor, No Collision Stated (based on Police Blotter Book), 0.0 drivers_injured, 0.0 drivers_killed, 0.0 passengers_injured, 0.0 passengers_killed, 0.0 pedestrian_injured, 0.0 pedestrian_killed, Fair (Night), EDSA Solid North Terminal  Quezon City",MMDA Road Safety Unit,,240a1be0-8703-4845-b07c-045f2e2ccb03,2016-04-21,21:30:00,EDSA Kaingin Road Quezon City,0,0,0,0,0,0,0,0,0,0,2016-04-22 5:30,Property,14.62420023,121.0487914,No Collision Stated
None,EDSA,None,None,"No Accident Factor, No Collision Stated (based on Police Blotter Book), 1.0 drivers_injured, 0.0 drivers_killed, 0.0 passengers_injured, 0.0 passengers_killed, 0.0 pedestrian_injured, 0.0 pedestrian_killed, Fair (Night), EDSA East Ave. (East Avenue Medical Center) Quezon City",MMDA Road Safety Unit,,1642d80f-0120-42e7-b16f-ec2dc45d844b,2016-04-21,19:30:00,EDSA Timog Ave. (WB) Quezon City,0,0,0,1,0,0,0,0,0,1,2016-04-22 3:30,Injury,14.6328297,121.0451176,No Collision Stated
None,EDSA,None,None,"No Accident Factor, No Collision Stated (based on Police Blotter Book), 1.0 drivers_injured, 0.0 drivers_killed, 0.0 passengers_injured, 0.0 passengers_killed, 0.0 pedestrian_injured, 0.0 pedestrian_killed, Fair (Night), EDSA Kamias Road Quezon City",MMDA Road Safety Unit,,b8f51b4e-0d6a-482e-8b19-bce3e39a3ed0,2016-04-21,19:10:00,"EDSA Shell Gas Station, Pinyahan Quezon City",0,0,0,1,0,0,0,0,0,1,2016-04-22 3:10,Injury,14.6309142,121.0459376,No Collision Stated
None,EDSA,None,None,"No Accident Factor, No Collision Stated (based on Police Blotter Book), 0.0 drivers_injured, 0.0 drivers_killed, 0.0 passengers_injured, 0.0 passengers_killed, 0.0 pedestrian_injured, 0.0 pedestrian_killed, Fair (Night), EDSA Misamis St. Quezon City",MMDA Road Safety Unit,,5d3b0e70-a438-40d8-ad24-52449c63a8d4,2016-04-21,18:00:00,"EDSA SM Hypermarket, Main Ave. Quezon City",0,0,0,0,0,0,0,0,0,0,2016-04-22 2:00,Property,14.65602348,121.0285212,No Collision Stated
None,EDSA,None,None,"No Accident Factor, Angle Impact, 0.0 drivers_injured, 0.0 drivers_killed, 0.0 passengers_injured, 0.0 passengers_killed, 0.0 pedestrian_injured, 0.0 pedestrian_killed, Fair (Day), EDSA Pooveda St. (Robinsons Galleria Ortigas, Loyola Heights)  Quezon City",MMDA Road Safety Unit,,f74d36c3-c032-455f-bcaa-ff9449370360,2016-04-21,09:40:00,EDSA Santolan Service Road Quezon City,0,0,0,0,0,0,0,0,0,0,2016-04-21 17:40,Property,14.59331273,121.058664,Angle Impact
None,EDSA,None,None,"No Accident Factor, No Collision Stated (based on Police Blotter Book), 0.0 drivers_injured, 0.0 drivers_killed, 0.0 passengers_injured, 0.0 passengers_killed, 0.0 pedestrian_injured, 0.0 pedestrian_killed, Fair (Day), EDSA GMA-7 Quezon City",MMDA Road Safety Unit,,2a2a2800-2931-45d0-953f-165763dc5244,2016-04-21,09:05:00,"EDSA Robinsons Galleria Exit Lobby, Ugong Norte  Quezon City",0,0,0,0,0,0,0,0,0,0,2016-04-21 17:05,Property,14.63467214,121.0435714,No Collision Stated
None,EDSA,None,None,"No Accident Factor, Side Swipe, 0.0 drivers_injured, 0.0 drivers_killed, 0.0 passengers_injured, 0.0 passengers_killed, 0.0 pedestrian_injured, 0.0 pedestrian_killed, Fair (Day), EDSA New York St. (NB) Quezon City",MMDA Road Safety Unit,,aea55c37-5001-4f66-81e1-964b7402e821,2016-04-21,08:30:00,EDSA Monte de Piedad Quezon City,0,0,0,0,0,0,0,0,0,0,2016-04-21 16:30,Property,14.62568514,121.0482307,Side Swipe
None,EDSA,None,None,"No Accident Factor, Self-Accident, 0.0 drivers_injured, 0.0 drivers_killed, 0.0 passengers_injured, 0.0 passengers_killed, 0.0 pedestrian_injured, 0.0 pedestrian_killed, Fair (Day), EDSA Dario Bridge (NB) Quezon City",MMDA Road Safety Unit,,f8294829-6fc8-4e31-8739-8775a0fc93c7,2016-04-21,05:25:00,EDSA Panay Ave. Quezon City,0,0,0,0,0,0,0,0,0,0,2016-04-21 13:25,Property,14.65750874,121.0155818,Self-Accident
None,EDSA,None,None,"No Accident Factor, Rear-end, 0.0 drivers_injured, 0.0 drivers_killed, 0.0 passengers_injured, 0.0 passengers_killed, 0.0 pedestrian_injured, 0.0 pedestrian_killed, Fair (Day), EDSA Timog Ave. (WB) Quezon City",MMDA Road Safety Unit,,819b85af-8c94-43e0-b219-834848ffaa22,2016-04-21,03:05:00,EDSA Congressional Ave.  Quezon City,0,0,0,0,0,0,0,0,0,0,2016-04-21 11:05,Property,14.63293559,121.0446304,Rear-End
None,EDSA,None,None,"No Accident Factor, Rear-end, 0.0 drivers_injured, 0.0 drivers_killed, 0.0 passengers_injured, 0.0 passengers_killed, 0.0 pedestrian_injured, 0.0 pedestrian_killed, Fair (Day), EDSA Santolan Service Road (NB) Quezon City",MMDA Road Safety Unit,,3c27a679-ebbc-4109-a2b4-269ee0faae8b,2016-04-20,23:35:00,EDSA Misamis St.  Quezon City,0,0,0,0,0,0,0,0,0,0,2016-04-21 7:35,Property,14.6102736,121.0552175,Rear-End
None,EDSA,None,None,"No Accident Factor, No Collision Stated (based on Police Blotter Book), 0.0 drivers_injured, 0.0 drivers_killed, 0.0 passengers_injured, 0.0 passengers_killed, 0.0 pedestrian_injured, 0.0 pedestrian_killed, Fair (Day), EDSA Trinoma, Pagasa Quezon City",MMDA Road Safety Unit,,73ef4a25-f5d6-4d5f-bd8e-673ebd49e878,2016-04-20,22:00:00,"EDSA Five Star Bus Terminal, E. Rodriguez  Quezon City",0,0,0,0,0,0,0,0,0,0,2016-04-21 6:00,Property,14.65242607,121.0323133,No Collision Stated
None,EDSA,None,None,"No Accident Factor, Side Swipe, 0.0 drivers_injured, 0.0 drivers_killed, 0.0 passengers_injured, 0.0 passengers_killed, 0.0 pedestrian_injured, 0.0 pedestrian_killed, Fair (Night), EDSA Cloverleaf Road Quezon City",MMDA Road Safety Unit,,6a07caf0-c9a8-4525-a552-c6a03f1257c4,2016-04-20,19:40:00,EDSA Panay Ave. Quezon City,0,0,0,0,0,0,0,0,0,0,2016-04-21 3:40,Property,14.65747901,121.0011914,Side Swipe
None,EDSA,None,None,"No Accident Factor, No Collision Stated (based on Police Blotter Book), 0.0 drivers_injured, 0.0 drivers_killed, 0.0 passengers_injured, 0.0 passengers_killed, 0.0 pedestrian_injured, 0.0 pedestrian_killed, Fair (Night), EDSA P. Tuazon Blvd. Quezon City",MMDA Road Safety Unit,,fdf23ffb-e9f3-42bf-b92b-9655ccfac2d0,2016-04-20,13:20:00,EDSA Timog Ave. Quezon City,0,0,0,0,0,0,0,0,0,0,2016-04-20 21:20,Property,14.61656342,121.0525225,No Collision Stated
None,EDSA,None,None,"No Accident Factor, Side Swipe, 0.0 drivers_injured, 0.0 drivers_killed, 0.0 passengers_injured, 0.0 passengers_killed, 0.0 pedestrian_injured, 0.0 pedestrian_killed, Fair (Day), EDSA Timog Ave.  Quezon City",MMDA Road Safety Unit,,727c7a3e-01a4-447b-9dbc-fe797156b12d,2016-04-20,07:40:00,"EDSA P. Tuazon, Socorro  Quezon City",0,0,0,0,0,0,0,0,0,0,2016-04-20 15:40,Property,14.63293559,121.0446304,Side Swipe
None,EDSA,None,None,"No Accident Factor, Self-Accident, 1.0 drivers_injured, 0.0 drivers_killed, 0.0 passengers_injured, 0.0 passengers_killed, 0.0 pedestrian_injured, 0.0 pedestrian_killed, Fair (Day), EDSA Ortigas Ave. (EB) Quezon City",MMDA Road Safety Unit,,dcbe7112-5571-4745-82a7-a6312295d4e1,2016-04-20,07:25:00,EDSA Kamuning Intersection Quezon City,0,0,0,1,0,0,0,0,0,1,2016-04-20 15:25,Injury,14.59275486,121.0584221,Self-Accident
None,EDSA,None,None,"No Accident Factor, Side Swipe, 0.0 drivers_injured, 0.0 drivers_killed, 0.0 passengers_injured, 0.0 passengers_killed, 0.0 pedestrian_injured, 0.0 pedestrian_killed, Fair (Day), EDSA Bansalangin Footbridge (NB) Quezon City",MMDA Road Safety Unit,,670ce7cf-a263-4b16-afaa-4413b78054af,2016-04-20,07:15:00,EDSA East Ave. Quezon City,0,0,0,0,0,0,0,0,0,0,2016-04-20 15:15,Property,14.6567996,121.0241845,Side Swipe
None,EDSA,None,None,"No Accident Factor, No Collision Stated (based on Police Blotter Book), 0.0 drivers_injured, 0.0 drivers_killed, 0.0 passengers_injured, 0.0 passengers_killed, 0.0 pedestrian_injured, 0.0 pedestrian_killed, Fair (Day), EDSA Congressional Ave., Ramon Magsaysay Quezon City",MMDA Road Safety Unit,,58276264-55bf-44c9-a782-70cbd2ed4308,2016-04-20,06:30:00,EDSA General Roxas Ave.  Quezon City,0,0,0,0,0,0,0,0,0,0,2016-04-20 14:30,Property,14.6571804,120.9927185,No Collision Stated
None,EDSA,None,None,"No Accident Factor, Side Swipe, 0.0 drivers_injured, 0.0 drivers_killed, 0.0 passengers_injured, 0.0 passengers_killed, 0.0 pedestrian_injured, 0.0 pedestrian_killed, Fair (Day), EDSA Kamuning Road (SB) (Mercury Drugstore) Quezon City",MMDA Road Safety Unit,,e3064bb0-909a-4705-954e-74ba97d86219,2016-04-20,06:05:00,EDSA P. Tuazon Blvd. Quezon City,0,0,0,0,0,0,0,0,0,0,2016-04-20 14:05,Property,14.63079118,121.0458085,Side Swipe
None,EDSA,None,None,"No Accident Factor, Side Swipe, 0.0 drivers_injured, 0.0 drivers_killed, 0.0 passengers_injured, 0.0 passengers_killed, 0.0 pedestrian_injured, 0.0 pedestrian_killed, Fair (Day), EDSA Superlines Service Road (SB) Quezon City",MMDA Road Safety Unit,,2f1d8d94-e6bf-46e3-8943-af80ba6b81d2,2016-04-20,05:05:00,EDSA General Mc Arthur Ave.  Quezon City,0,0,0,0,0,0,0,0,0,0,2016-04-20 13:05,Property,14.62512241,121.0484162,Side Swipe
None,EDSA,None,None,"No Accident Factor, Rear-end, 0.0 drivers_injured, 0.0 drivers_killed, 0.0 passengers_injured, 0.0 passengers_killed, 0.0 pedestrian_injured, 0.0 pedestrian_killed, Fair (Day), EDSA Col. Bonny Serrano Ave.  Quezon City",MMDA Road Safety Unit,,58024b87-8d81-44b5-8dbe-38470dce9285,2016-04-20,00:55:00,EDSA Main Ave. Quezon City,0,0,0,0,0,0,0,0,0,0,2016-04-20 8:55,Property,14.61107337,121.0550705,Rear-End
None,EDSA,None,None,"No Accident Factor, Side Swipe, 1.0 drivers_injured, 0.0 drivers_killed, 1.0 passengers_injured, 0.0 passengers_killed, 0.0 pedestrian_injured, 0.0 pedestrian_killed, Fair (Day), EDSA ""U"" turn slot, GMA-7 Bldg.  Quezon City",MMDA Road Safety Unit,,2d78281a-9c2d-4afe-a366-5208a08a29a6,2016-04-19,22:20:00,"EDSA Nissan Motors, A. Samson Quezon City",0,0,0,1,1,0,0,0,0,2,2016-04-20 6:20,Injury,14.63376993,121.0443308,Side Swipe
None,EDSA,None,None,"No Accident Factor, Hit and Run (No Collision Stated), 0.0 drivers_injured, 0.0 drivers_killed, 0.0 passengers_injured, 0.0 passengers_killed, 0.0 pedestrian_injured, 0.0 pedestrian_killed, Fair (Night), EDSA Camp Aguinaldo Gate 4 Quezon City",MMDA Road Safety Unit,,e36616b7-0982-4cca-b0ee-94b4010e168e,2016-04-19,13:30:00,"EDSA Q Mart, E. Rodriguez  Quezon City",0,0,0,0,0,0,0,0,0,0,2016-04-19 21:30,Property,14.6064061,121.0572944,No Collision Stated
None,EDSA,None,None,"No Accident Factor, Side Swipe, 0.0 drivers_injured, 0.0 drivers_killed, 0.0 passengers_injured, 0.0 passengers_killed, 0.0 pedestrian_injured, 0.0 pedestrian_killed, Fair (Day), EDSA Whiteplains Ave.  Quezon City",MMDA Road Safety Unit,,800fd7e6-de2a-4b8b-a00c-b1ad8a2b12b3,2016-04-19,09:15:00,EDSA Balintawak Market Quezon City,0,0,0,0,0,0,0,0,0,0,2016-04-19 17:15,Property,14.59961782,121.0596522,Side Swipe
None,EDSA,None,None,"No Accident Factor, Rear-end, 0.0 drivers_injured, 0.0 drivers_killed, 0.0 passengers_injured, 0.0 passengers_killed, 0.0 pedestrian_injured, 0.0 pedestrian_killed, Fair (Day), EDSA Cloverleaf Road Quezon City",MMDA Road Safety Unit,,b5a80ace-cef7-4556-87cb-0cb1af78d359,2016-04-19,09:15:00,EDSA P. Tuazon Intersection Quezon City,0,0,0,0,0,0,0,0,0,0,2016-04-19 17:15,Property,14.65747901,121.0011914,Rear-End
None,EDSA,None,None,"No Accident Factor, Rear-end, 0.0 drivers_injured, 0.0 drivers_killed, 0.0 passengers_injured, 0.0 passengers_killed, 0.0 pedestrian_injured, 0.0 pedestrian_killed, Fair (Day), EDSA Aurora Blvd. Quezon City",MMDA Road Safety Unit,,1c6466f0-4631-4654-9b1e-468c9b0474cd,2016-04-19,07:00:00,EDSA Mayon Ignacio Diaz St.  Quezon City,0,0,0,0,0,0,0,0,0,0,2016-04-19 15:00,Property,14.62163653,121.0501573,Rear-End
None,EDSA,None,None,"No Accident Factor, Rear-end, 0.0 drivers_injured, 0.0 drivers_killed, 0.0 passengers_injured, 0.0 passengers_killed, 0.0 pedestrian_injured, 0.0 pedestrian_killed, Fair (Day), EDSA MRT-GMA Station Quezon City",MMDA Road Safety Unit,,016adb99-4476-419b-a568-6a9fde56d3a3,2016-04-19,03:30:00,EDSA E. Garcia St.  Quezon City,0,0,0,0,0,0,0,0,0,0,2016-04-19 11:30,Property,14.63506067,121.043428,Rear-End
None,EDSA,None,None,"No Accident Factor, Rear-end, 0.0 drivers_injured, 0.0 drivers_killed, 0.0 passengers_injured, 0.0 passengers_killed, 0.0 pedestrian_injured, 0.0 pedestrian_killed, Fair (Day), EDSA Gate 1 Camp Crame Quezon City",MMDA Road Safety Unit,,5409d335-a89a-470d-bb48-a5505e4f5fc3,2016-04-19,03:00:00,EDSA K-10th St.  Quezon City,0,0,0,0,0,0,0,0,0,0,2016-04-19 11:00,Property,14.60999038,121.055662,Rear-End
None,EDSA,None,None,"No Accident Factor, Side Swipe, 0.0 drivers_injured, 0.0 drivers_killed, 0.0 passengers_injured, 0.0 passengers_killed, 0.0 pedestrian_injured, 0.0 pedestrian_killed, Fair (Day), EDSA P. Tuazon Blvd. Quezon City",MMDA Road Safety Unit,,0277c4c3-85ab-443f-a63b-18133ab8d043,2016-04-19,02:30:00,EDSA Kamuning Road Quezon City,0,0,0,0,0,0,0,0,0,0,2016-04-19 10:30,Property,14.61656342,121.0525225,Side Swipe
None,EDSA,None,None,"No Accident Factor, Rear-end, 0.0 drivers_injured, 0.0 drivers_killed, 0.0 passengers_injured, 0.0 passengers_killed, 0.0 pedestrian_injured, 0.0 pedestrian_killed, Fair (Day), EDSA E. Lopez St.  Quezon City",MMDA Road Safety Unit,,83831806-43b7-460e-8fbf-cf941c1efe97,2016-04-19,01:25:00,EDSA Roosevelt Ave. Quezon City,0,0,0,0,0,0,0,0,0,0,2016-04-19 9:25,Property,14.6396904,121.0403884,Rear-End
None,EDSA,None,None,"No Accident Factor, Hit and Run (No Collision Stated), 0.0 drivers_injured, 0.0 drivers_killed, 0.0 passengers_injured, 0.0 passengers_killed, 0.0 pedestrian_injured, 0.0 pedestrian_killed, Fair (Day), EDSA Camp Aguinaldo Quezon City",MMDA Road Safety Unit,,8b5462cb-161b-43d6-b79d-0fea7b484368,2016-04-19,01:00:00,EDSA Whiteplains Ave. Quezon City,0,0,0,0,0,0,0,0,0,0,2016-04-19 9:00,Property,14.60818699,121.0564562,No Collision Stated
None,EDSA,None,None,"No Accident Factor, Rear-end, 0.0 drivers_injured, 0.0 drivers_killed, 0.0 passengers_injured, 0.0 passengers_killed, 0.0 pedestrian_injured, 0.0 pedestrian_killed, Fair (Day), EDSA Quezon Ave. (SB) SPLIT Quezon City",MMDA Road Safety Unit,,30ab892f-cef2-4151-8314-c79de40c1910,2016-04-18,23:55:00,EDSA East Ave. Quezon City,0,0,0,0,0,0,0,0,0,0,2016-04-19 7:55,Property,14.6442444,121.0375839,Rear-End
None,EDSA,None,None,"No Accident Factor, Rear-end, 0.0 drivers_injured, 0.0 drivers_killed, 0.0 passengers_injured, 0.0 passengers_killed, 0.0 pedestrian_injured, 0.0 pedestrian_killed, Fair (Night), EDSA Roosevelt Ave. Quezon City",MMDA Road Safety Unit,,f230a7b9-e1b9-4f82-b423-dd9c3455e42f,2016-04-18,12:30:00,EDSA North Road     Quezon City,0,0,0,0,0,0,0,0,0,0,2016-04-18 20:30,Property,14.65762047,121.0196373,Rear-End
None,EDSA,None,None,"No Accident Factor, Side Swipe, 0.0 drivers_injured, 0.0 drivers_killed, 0.0 passengers_injured, 0.0 passengers_killed, 0.0 pedestrian_injured, 0.0 pedestrian_killed, Fair (Day), EDSA Quezon Ave. Quezon City",MMDA Road Safety Unit,,9484a1f9-a421-45f2-9f24-49b5a68ca79f,2016-04-18,09:00:00,EDSA Gen. Roxas Ave.  Quezon City,0,0,0,0,0,0,0,0,0,0,2016-04-18 17:00,Property,14.6442444,121.0375839,Side Swipe
None,EDSA,None,None,"No Accident Factor, Angle Impact, 0.0 drivers_injured, 0.0 drivers_killed, 0.0 passengers_injured, 0.0 passengers_killed, 0.0 pedestrian_injured, 0.0 pedestrian_killed, Fair (Day), EDSA Timog Ave.  Quezon City",MMDA Road Safety Unit,,b37b2818-75f2-4977-af11-6af16f531492,2016-04-18,08:45:00,EDSA Arayat St.  Quezon City,0,0,0,0,0,0,0,0,0,0,2016-04-18 16:45,Property,14.63293559,121.0446304,Angle Impact
None,EDSA,None,None,"No Accident Factor, Side Swipe, 0.0 drivers_injured, 0.0 drivers_killed, 0.0 passengers_injured, 0.0 passengers_killed, 0.0 pedestrian_injured, 0.0 pedestrian_killed, Fair (Day), EDSA Ermin Garcia St. Quezon City",MMDA Road Safety Unit,,be4f1d69-704e-4193-9836-4928202cadd4,2016-04-18,02:15:00,"EDSA Farmers Plaza Cubao, Socorro Quezon City",0,0,0,0,0,0,0,0,0,0,2016-04-18 10:15,Property,14.62758814,121.047487,Side Swipe
None,EDSA,None,None,"No Accident Factor, Rear-end, 0.0 drivers_injured, 0.0 drivers_killed, 0.0 passengers_injured, 0.0 passengers_killed, 0.0 pedestrian_injured, 0.0 pedestrian_killed, Fair (Day), EDSA Whiteplains Ave.  Quezon City",MMDA Road Safety Unit,,facc992b-ca74-4cc8-9bd0-f1a5429c9c9a,2016-04-18,02:00:00,EDSA Aurora Blvd. Quezon City,0,0,0,0,0,0,0,0,0,0,2016-04-18 10:00,Property,14.59961782,121.0596522,Rear-End
None,EDSA,None,None,"No Accident Factor, Rear-end, 0.0 drivers_injured, 0.0 drivers_killed, 0.0 passengers_injured, 0.0 passengers_killed, 0.0 pedestrian_injured, 0.0 pedestrian_killed, Fair (Day), EDSA Mrt Santolan Station Quezon City",MMDA Road Safety Unit,,580de804-436c-4b00-ab54-45c8f9b3aaa9,2016-04-18,01:30:00,EDSA East Ave. Quezon City,0,0,0,0,0,0,0,0,0,0,2016-04-18 9:30,Property,14.60758562,121.0564529,Rear-End
None,EDSA,None,None,"No Accident Factor, Rear-end, 0.0 drivers_injured, 0.0 drivers_killed, 0.0 passengers_injured, 0.0 passengers_killed, 0.0 pedestrian_injured, 0.0 pedestrian_killed, Fair (Day), EDSA Quezon Ave. (WB) Quezon City",MMDA Road Safety Unit,,5232d3d7-25dd-4970-ad26-c96f1cf1ae83,2016-04-17,23:05:00,EDSA Col. Bonny Serrano Ave. (WB) Quezon City,0,0,0,0,0,0,0,0,0,0,2016-04-18 7:05,Property,14.6442444,121.0375839,Rear-End
None,EDSA,None,None,"No Accident Factor, Side Swipe, 0.0 drivers_injured, 0.0 drivers_killed, 0.0 passengers_injured, 0.0 passengers_killed, 0.0 pedestrian_injured, 0.0 pedestrian_killed, Fair (Day), EDSA Timog Ave. Quezon City",MMDA Road Safety Unit,,7e4f47ab-063f-4532-b27e-7845ddaccdaf,2016-04-17,23:05:00,EDSA GMA Network Drive  Quezon City,0,0,0,0,0,0,0,0,0,0,2016-04-18 7:05,Property,14.63293559,121.0446304,Side Swipe
None,EDSA,None,None,"No Accident Factor, No Collision Stated (based on Police Blotter Book), 0.0 drivers_injured, 0.0 drivers_killed, 0.0 passengers_injured, 0.0 passengers_killed, 0.0 pedestrian_injured, 0.0 pedestrian_killed, Fair (Night), EDSA Mapagmahal St.  Quezon City",MMDA Road Safety Unit,,44c9e967-a599-4a87-b5d2-7233d4d4e0d1,2016-04-17,14:30:00,EDSA Congressional Ave.  Quezon City,0,0,0,0,0,0,0,0,0,0,2016-04-17 22:30,Property,14.63185046,121.0455315,No Collision Stated
None,EDSA,None,None,"No Accident Factor, Rear-end, 0.0 drivers_injured, 0.0 drivers_killed, 0.0 passengers_injured, 0.0 passengers_killed, 0.0 pedestrian_injured, 0.0 pedestrian_killed, Fair (Day), EDSA Baliwag Bus Terminal, E. Rodriguez Quezon City",MMDA Road Safety Unit,,ffce8d95-4984-480b-b37e-a72afa7c5473,2016-04-17,07:00:00,EDSA Misamis St.  Quezon City,0,0,0,0,0,0,0,0,0,0,2016-04-17 15:00,Property,14.6244766,121.0489584,Rear-End
None,EDSA,None,None,"No Accident Factor, Side Swipe, 0.0 drivers_injured, 0.0 drivers_killed, 0.0 passengers_injured, 0.0 passengers_killed, 0.0 pedestrian_injured, 0.0 pedestrian_killed, Fair (Day), EDSA P. Tuazon Blvd. Quezon City",MMDA Road Safety Unit,,7c6e5235-4a4a-4cd5-afad-0834b7bcc4ed,2016-04-17,03:15:00,EDSA Roosevelt Ave. Quezon City,0,0,0,0,0,0,0,0,0,0,2016-04-17 11:15,Property,14.61656342,121.0525225,Side Swipe
None,EDSA,None,None,"No Accident Factor, Rear-end, 0.0 drivers_injured, 0.0 drivers_killed, 0.0 passengers_injured, 0.0 passengers_killed, 0.0 pedestrian_injured, 0.0 pedestrian_killed, Fair (Day), EDSA P. Tuazon Blvd. Quezon City",MMDA Road Safety Unit,,90941623-887c-4de2-aa3e-5dcf3e411fd6,2016-04-17,02:45:00,"EDSA Chowking, Balingasa Quezon City",0,0,0,0,0,0,0,0,0,0,2016-04-17 10:45,Property,14.61656342,121.0525225,Rear-End
None,EDSA,None,None,"No Accident Factor, No Collision Stated (based on Police Blotter Book), 0.0 drivers_injured, 0.0 drivers_killed, 0.0 passengers_injured, 0.0 passengers_killed, 0.0 pedestrian_injured, 0.0 pedestrian_killed, Fair (Night), EDSA Farmers Plaza, Socorro Quezon City",MMDA Road Safety Unit,,1c955527-9b38-4611-8c55-fa22a815a022,2016-04-16,17:15:00,EDSA Cloverleaf Drive Quezon City,0,0,0,0,0,0,0,0,0,0,2016-04-17 1:15,Property,14.61920525,121.0513476,No Collision Stated
None,EDSA,None,None,"No Accident Factor, Side Swipe, 0.0 drivers_injured, 0.0 drivers_killed, 0.0 passengers_injured, 0.0 passengers_killed, 0.0 pedestrian_injured, 0.0 pedestrian_killed, Fair (Day), EDSA North Ave. Quezon City",MMDA Road Safety Unit,,840b65f7-df77-40d9-9aaf-269c2569f482,2016-04-16,06:30:00,"EDSA Farmers Plaza Cubao, Socorro Quezon City",0,0,0,0,0,0,0,0,0,0,2016-04-16 14:30,Property,14.65553839,121.0299647,Side Swipe
None,EDSA,None,None,"No Accident Factor, Hit and Run (No Collision Stated), 0.0 drivers_injured, 0.0 drivers_killed, 0.0 passengers_injured, 0.0 passengers_killed, 0.0 pedestrian_injured, 0.0 pedestrian_killed, Fair (Day), EDSA Camp Aguinaldo Quezon City",MMDA Road Safety Unit,,c81f5834-0180-45b1-9926-0d1acb5d3ec4,2016-04-16,04:20:00,"EDSA Quezon Ave., Bagong Pag-asa Quezon City",0,0,0,0,0,0,0,0,0,0,2016-04-16 12:20,Property,14.60818699,121.0564562,No Collision Stated
None,EDSA,None,None,"No Accident Factor, Angle Impact, 0.0 drivers_injured, 0.0 drivers_killed, 0.0 passengers_injured, 0.0 passengers_killed, 0.0 pedestrian_injured, 0.0 pedestrian_killed, Fair (Day), EDSA Santolan MRT Stn., Camp Aguinaldo Quezon City",MMDA Road Safety Unit,,c21fb7ae-f259-4cdc-b041-2abd409872cc,2016-04-15,23:30:00,EDSA Nissan Motors North Quezon City,0,0,0,0,0,0,0,0,0,0,2016-04-16 7:30,Property,14.60773988,121.0564577,Angle Impact
None,EDSA,None,None,"No Accident Factor, Side Swipe, 0.0 drivers_injured, 0.0 drivers_killed, 0.0 passengers_injured, 0.0 passengers_killed, 0.0 pedestrian_injured, 0.0 pedestrian_killed, Fair (Day), EDSA Mayor Ignacio Diaz Quezon City",MMDA Road Safety Unit,,f9d5892d-2200-4d53-8c2f-c2ab7bd94cac,2016-04-15,23:00:00,EDSA Aurora Blvd. Quezon City,0,0,0,0,0,0,0,0,0,0,2016-04-16 7:00,Property,14.61785258,121.0515682,Side Swipe