LOCATION_TEXT,ROAD,WEATHER,LIGHT,DESC,REPORTING_AGENCY,MAIN_CAUSE,INCIDENTDETAILS_ID,DATE_UTC,TIME_UTC,ADDRESS,killed_driver,killed_passenger,killed_pedestrian,injured_driver,injured_passenger,injured_pedestrian,killed_uncategorized,injured_uncategorized,killed_total,injured_total,DATETIME_PST,SEVERITY,Y,X,COLLISION_TYPE
None,EDSA,None,None,"No Accident Factor, Self-Accident, 0.0 drivers_injured, 0.0 drivers_killed, 0.0 passengers_injured, 0.0 passengers_killed, 0.0 pedestrian_injured, 0.0 pedestrian_killed, Fair (Night), EDSA Timog Ave. Quezon City",MMDA Road Safety Unit,,556a8043-1fe1-4ace-ba62-109f7c667e32,2016-04-15,19:35:00,EDSA Mapagmahal St.  Quezon City,0,0,0,0,0,0,0,0,0,0,2016-04-16 3:35,Property,14.63293559,121.0446304,Self-Accident
None,EDSA,None,None,"No Accident Factor, Side Swipe, 0.0 drivers_injured, 0.0 drivers_killed, 0.0 passengers_injured, 0.0 passengers_killed, 0.0 pedestrian_injured, 0.0 pedestrian_killed, Fair (Night), EDSA Whiteplains Ave.  Quezon City",MMDA Road Safety Unit,,45e81c3b-ac70-4049-b7f3-1849f2042e3e,2016-04-15,15:25:00,EDSA Mayor Ignacio St.  Quezon City,0,0,0,0,0,0,0,0,0,0,2016-04-15 23:25,Property,14.59961782,121.0596522,Side Swipe
None,EDSA,None,None,"No Accident Factor, Side Swipe, 0.0 drivers_injured, 0.0 drivers_killed, 0.0 passengers_injured, 0.0 passengers_killed, 0.0 pedestrian_injured, 0.0 pedestrian_killed, Fair (Night), EDSA Ford, Balintawak Quezon City",MMDA Road Safety Unit,,939068fc-36b3-4c8f-b173-d2fe528e61b4,2016-04-15,14:30:00,EDSA Kamuning Road Quezon City,0,0,0,0,0,0,0,0,0,0,2016-04-15 22:30,Property,14.65740416,121.0131717,Side Swipe
None,EDSA,None,None,"No Accident Factor, Side Swipe, 0.0 drivers_injured, 0.0 drivers_killed, 0.0 passengers_injured, 0.0 passengers_killed, 0.0 pedestrian_injured, 0.0 pedestrian_killed, Fair (Night), EDSA Magallanes Quezon City",MMDA Road Safety Unit,,fd1b803f-07db-405f-95ec-72daadd9229f,2016-04-15,14:05:00,EDSA GMA Network Drive Quezon City,0,0,0,0,0,0,0,0,0,0,2016-04-15 22:05,Property,14.6571804,120.9927185,Side Swipe
None,EDSA,None,None,"No Accident Factor, Side Swipe, 0.0 drivers_injured, 0.0 drivers_killed, 0.0 passengers_injured, 0.0 passengers_killed, 0.0 pedestrian_injured, 0.0 pedestrian_killed, Fair (Night), EDSA Col. Bonny Serrano Ave.  Quezon City",MMDA Road Safety Unit,,6a440f6a-8889-45aa-b310-296042d356ea,2016-04-15,12:05:00,"EDSA Waltermart, Veterans Quezon City",0,0,0,0,0,0,0,0,0,0,2016-04-15 20:05,Property,14.61107337,121.0550705,Side Swipe
None,EDSA,None,None,"No Accident Factor, Rear-end, 0.0 drivers_injured, 0.0 drivers_killed, 0.0 passengers_injured, 0.0 passengers_killed, 0.0 pedestrian_injured, 0.0 pedestrian_killed, Fair (Night), EDSA Gen. Roxas Ave., Araneta Ctr., Cubao Quezon City",MMDA Road Safety Unit,,546c786a-b87d-4827-a354-321c3f1b204a,2016-04-15,11:10:00,EDSA Oliveros Drive Quezon City,0,0,0,0,0,0,0,0,0,0,2016-04-15 19:10,Property,14.62042254,121.0508064,Rear-End
None,EDSA,None,None,"No Accident Factor, No Collision Stated (based on Police Blotter Book), 0.0 drivers_injured, 0.0 drivers_killed, 0.0 passengers_injured, 0.0 passengers_killed, 0.0 pedestrian_injured, 0.0 pedestrian_killed, Fair (Day), EDSA Trinoma Mall Quezon City",MMDA Road Safety Unit,,53a094c2-bd11-4b5d-bf5b-cf8fa4a93a70,2016-04-15,03:30:00,"EDSA New York St. (Genesis Bus Station, E Rodriguez) Quezon City",0,0,0,0,0,0,0,0,0,0,2016-04-15 11:30,Property,14.65242607,121.0323133,No Collision Stated
None,EDSA,None,None,"No Accident Factor, No Collision Stated (based on Police Blotter Book), 0.0 drivers_injured, 0.0 drivers_killed, 0.0 passengers_injured, 0.0 passengers_killed, 0.0 pedestrian_injured, 0.0 pedestrian_killed, Fair (Day), EDSA Roosevelt Ave.  Quezon City",MMDA Road Safety Unit,,d3232966-4a87-4cbf-9e1a-39cbf504833e,2016-04-15,03:00:00,EDSA Royal Quezon City,0,0,0,0,0,0,0,0,0,0,2016-04-15 11:00,Property,14.65762047,121.0196373,No Collision Stated
None,EDSA,None,None,"No Accident Factor, No Collision Stated (based on Police Blotter Book), 0.0 drivers_injured, 0.0 drivers_killed, 0.0 passengers_injured, 0.0 passengers_killed, 0.0 pedestrian_injured, 0.0 pedestrian_killed, Fair (Day), EDSA P. Tuazon Blvd. Quezon City",MMDA Road Safety Unit,,5c2d37b0-b1df-46ee-833a-222f74645521,2016-04-14,23:40:00,EDSA Kamias Road Quezon City,0,0,0,0,0,0,0,0,0,0,2016-04-15 7:40,Property,14.61656342,121.0525225,No Collision Stated
None,EDSA,None,None,"No Accident Factor, No Collision Stated (based on Police Blotter Book), 0.0 drivers_injured, 0.0 drivers_killed, 0.0 passengers_injured, 0.0 passengers_killed, 0.0 pedestrian_injured, 0.0 pedestrian_killed, Fair (Day), EDSA New York St. Quezon City",MMDA Road Safety Unit,,870e9680-1a67-4f3d-9fdd-e645084e5474,2016-04-14,22:45:00,EDSA Timog Ave.  Quezon City,0,0,0,0,0,0,0,0,0,0,2016-04-15 6:45,Property,14.62568514,121.0482307,No Collision Stated
None,EDSA,None,None,"No Accident Factor, No Collision Stated (based on Police Blotter Book), 0.0 drivers_injured, 0.0 drivers_killed, 0.0 passengers_injured, 0.0 passengers_killed, 0.0 pedestrian_injured, 0.0 pedestrian_killed, Fair (Night), EDSA Benitez St., West Triangle Quezon City",MMDA Road Safety Unit,,9380d902-6345-4665-9014-76ad1ced77f5,2016-04-14,11:45:00,EDSA Balintawak LRT Station Quezon City,0,0,0,0,0,0,0,0,0,0,2016-04-14 19:45,Property,14.64722757,121.0353693,Angle Impact
None,EDSA,None,None,"No Accident Factor, Rear-end, 0.0 drivers_injured, 0.0 drivers_killed, 0.0 passengers_injured, 0.0 passengers_killed, 0.0 pedestrian_injured, 0.0 pedestrian_killed, Fair (Day), EDSA Balintawak Market Quezon City",MMDA Road Safety Unit,,cb5bc1f7-3bb4-4be2-9353-130046b7dd16,2016-04-14,07:30:00,EDSA A. Bonifacio Ave. Quezon City,0,0,0,0,0,0,0,0,0,0,2016-04-14 15:30,Property,14.65740947,121.0025737,Rear-End
None,EDSA,None,None,"No Accident Factor, Side Swipe, 0.0 drivers_injured, 0.0 drivers_killed, 0.0 passengers_injured, 0.0 passengers_killed, 0.0 pedestrian_injured, 0.0 pedestrian_killed, Fair (Day), EDSA P. Tuazon Blvd., Socorro Quezon City",MMDA Road Safety Unit,,1090547a-841d-4d04-8648-b32c07919ed8,2016-04-14,07:00:00,EDSA P. Tuazon Blvd. Quezon City,0,0,0,0,0,0,0,0,0,0,2016-04-14 15:00,Property,14.61656342,121.0525225,Side Swipe
None,EDSA,None,None,"No Accident Factor, Side Swipe, 0.0 drivers_injured, 0.0 drivers_killed, 0.0 passengers_injured, 0.0 passengers_killed, 0.0 pedestrian_injured, 0.0 pedestrian_killed, Fair (Day), EDSA Farmers Quezon City",MMDA Road Safety Unit,,fd8276c5-7de7-47da-ba90-2887cebd3a19,2016-04-14,04:00:00,EDSA Timog Ave.  Quezon City,0,0,0,0,0,0,0,0,0,0,2016-04-14 12:00,Property,14.61920525,121.0513476,Side Swipe
None,EDSA,None,None,"No Accident Factor, No Collision Stated (based on Police Blotter Book), 0.0 drivers_injured, 0.0 drivers_killed, 0.0 passengers_injured, 0.0 passengers_killed, 0.0 pedestrian_injured, 0.0 pedestrian_killed, Fair (Day), EDSA Corregidor St.  Quezon City",MMDA Road Safety Unit,,25972883-c921-4e8f-88e9-ebb9109075f5,2016-04-14,01:30:00,EDSA Camp Crame Quezon City,0,0,0,0,0,0,0,0,0,0,2016-04-14 9:30,Property,14.65707679,121.0241648,No Collision Stated
None,EDSA,None,None,"No Accident Factor, Side Swipe, 0.0 drivers_injured, 0.0 drivers_killed, 0.0 passengers_injured, 0.0 passengers_killed, 0.0 pedestrian_injured, 0.0 pedestrian_killed, Fair (Day), EDSA Cloverleaf Quezon City",MMDA Road Safety Unit,,a33c178a-dfee-41ab-9c8e-1c203104583d,2016-04-13,22:30:00,EDSA Kamias Road Quezon City,0,0,0,0,0,0,0,0,0,0,2016-04-14 6:30,Property,14.65747901,121.0011914,Side Swipe
None,EDSA,None,None,"No Accident Factor, Side Swipe, 0.0 drivers_injured, 0.0 drivers_killed, 0.0 passengers_injured, 0.0 passengers_killed, 0.0 pedestrian_injured, 0.0 pedestrian_killed, Fair (Night), EDSA MRT Santolan, Gen. Aguinaldo Quezon City",MMDA Road Safety Unit,,0fa0cab3-b26a-4799-aa97-492985707c66,2016-04-13,15:45:00,EDSA Nepa Q-Mart Quezon City,0,0,0,0,0,0,0,0,0,0,2016-04-13 23:45,Property,14.60758562,121.0564529,Side Swipe
None,EDSA,None,None,"No Accident Factor, Side Swipe, 0.0 drivers_injured, 0.0 drivers_killed, 0.0 passengers_injured, 0.0 passengers_killed, 0.0 pedestrian_injured, 0.0 pedestrian_killed, Fair (Night), EDSA Gen. Aguinaldo, Gate 5 Quezon City",MMDA Road Safety Unit,,614ffd7b-38dd-474a-b542-f4142bfd6c30,2016-04-13,14:00:00,EDSA Aurora Blvd. Quezon City,0,0,0,0,0,0,0,0,0,0,2016-04-13 22:00,Property,14.6012582,121.05938,Side Swipe
None,EDSA,None,None,"No Accident Factor, Side Swipe, 0.0 drivers_injured, 0.0 drivers_killed, 0.0 passengers_injured, 0.0 passengers_killed, 0.0 pedestrian_injured, 0.0 pedestrian_killed, Fair (Night), EDSA Aurora Blvd. Quezon City",MMDA Road Safety Unit,,3954a7fb-7e8e-4239-9c7e-01d3c3fa1250,2016-04-13,12:50:00,EDSA Kaingin Road Quezon City,0,0,0,0,0,0,0,0,0,0,2016-04-13 20:50,Property,14.62163653,121.0501573,Side Swipe
None,EDSA,None,None,"No Accident Factor, Hit and Run (Rear-end), 0.0 drivers_injured, 0.0 drivers_killed, 0.0 passengers_injured, 0.0 passengers_killed, 0.0 pedestrian_injured, 0.0 pedestrian_killed, Fair (Night), EDSA Aurora Blvd., Socorro, Cubao Quezon City",MMDA Road Safety Unit,,3c3dea84-7e03-4f4a-b6d8-a3822cfba416,2016-04-13,12:00:00,EDSA Bansalangin Quezon City,0,0,0,0,0,0,0,0,0,0,2016-04-13 20:00,Property,14.6218043,121.0502049,Rear-End
None,EDSA,None,None,"No Accident Factor, Side Swipe, 0.0 drivers_injured, 0.0 drivers_killed, 0.0 passengers_injured, 0.0 passengers_killed, 0.0 pedestrian_injured, 0.0 pedestrian_killed, Fair (Night), EDSA Whiteplains (NB) Quezon City",MMDA Road Safety Unit,,ead20328-b36b-4fa1-8c39-a9a96f450956,2016-04-13,11:15:00,"EDSA Farmers Plaza Cubao, Socorro Quezon City",0,0,0,0,0,0,0,0,0,0,2016-04-13 19:15,Property,14.59961782,121.0596522,Side Swipe
None,EDSA,None,None,"No Accident Factor, Side Swipe, 0.0 drivers_injured, 0.0 drivers_killed, 0.0 passengers_injured, 0.0 passengers_killed, 0.0 pedestrian_injured, 0.0 pedestrian_killed, Fair (Day), EDSA Baliwag Bus Terminal, E. Rod., Cubao Quezon City",MMDA Road Safety Unit,,eeadeea0-51b0-45e5-b2c0-5b5690297a04,2016-04-13,09:30:00,EDSA Ermin Garcia St. Quezon City,0,0,0,0,0,0,0,0,0,0,2016-04-13 17:30,Property,14.6244766,121.0489584,Side Swipe
None,EDSA,None,None,"No Accident Factor, No Collision Stated (based on Police Blotter Book), 0.0 drivers_injured, 0.0 drivers_killed, 0.0 passengers_injured, 0.0 passengers_killed, 0.0 pedestrian_injured, 0.0 pedestrian_killed, Fair (Day), EDSA West Ave. Quezon City",MMDA Road Safety Unit,,c40f9d47-bf76-425a-9c37-cbac6c0f95b7,2016-04-13,06:00:00,"EDSA Corregidor, Ramon Magsaysay Quezon City",0,0,0,0,0,0,0,0,0,0,2016-04-13 14:00,Property,14.65548924,121.0298079,No Collision Stated
None,EDSA,None,None,"No Accident Factor, Side Swipe, 0.0 drivers_injured, 0.0 drivers_killed, 0.0 passengers_injured, 0.0 passengers_killed, 0.0 pedestrian_injured, 0.0 pedestrian_killed, Fair (Day), EDSA Kaingin Road Quezon City",MMDA Road Safety Unit,,2fe0ceae-77d2-422b-a445-cc1b35b38ed1,2016-04-13,05:35:00,EDSA Santolan Road Quezon City,0,0,0,0,0,0,0,0,0,0,2016-04-13 13:35,Property,14.65746493,121.0109963,Side Swipe
None,EDSA,None,None,"No Accident Factor, Side Swipe, 1.0 drivers_injured, 0.0 drivers_killed, 0.0 passengers_injured, 0.0 passengers_killed, 0.0 pedestrian_injured, 0.0 pedestrian_killed, Fair (Day), EDSA Royal, A. Samson Quezon City",MMDA Road Safety Unit,,ac588e5a-69c3-4073-8acb-0cf8274e7b4b,2016-04-13,05:30:00,EDSA Kamuning Road Quezon City,0,0,0,1,0,0,0,0,0,1,2016-04-13 13:30,Injury,14.65767141,121.0107008,Side Swipe
None,EDSA,None,None,"No Accident Factor, No Collision Stated (based on Police Blotter Book), 0.0 drivers_injured, 0.0 drivers_killed, 0.0 passengers_injured, 0.0 passengers_killed, 0.0 pedestrian_injured, 0.0 pedestrian_killed, Fair (Day), EDSA Santolan MRT Stn., Camp Aguinaldo Quezon City",MMDA Road Safety Unit,,14af22c9-f823-442a-8a1e-7fade258e447,2016-04-13,03:15:00,EDSA Quezon Ave. Quezon City,0,0,0,0,0,0,0,0,0,0,2016-04-13 11:15,Property,14.60773988,121.0564577,No Collision Stated
None,EDSA,None,None,"No Accident Factor, Multiple Collision, 0.0 drivers_injured, 0.0 drivers_killed, 0.0 passengers_injured, 0.0 passengers_killed, 0.0 pedestrian_injured, 0.0 pedestrian_killed, Fair (Day), EDSA Cloverleaf Quezon City",MMDA Road Safety Unit,,ade7e0c4-2623-430d-b05a-d458aa6534f5,2016-04-13,01:15:00,EDSA Kamuning Road Quezon City,0,0,0,0,0,0,0,0,0,0,2016-04-13 9:15,Property,14.65747901,121.0011914,Multiple
None,EDSA,None,None,"No Accident Factor, No Collision Stated (based on Police Blotter Book), 0.0 drivers_injured, 0.0 drivers_killed, 0.0 passengers_injured, 0.0 passengers_killed, 0.0 pedestrian_injured, 0.0 pedestrian_killed, Fair (Day), EDSA Congressional Ave.  Quezon City",MMDA Road Safety Unit,,b21b1fc9-2e13-4940-9c51-0e87d1c290b1,2016-04-12,22:10:00,EDSA P. Tuazon Blvd. Quezon City,0,0,0,0,0,0,0,0,0,0,2016-04-13 6:10,Property,14.6571804,120.9927185,No Collision Stated
None,EDSA,None,None,"No Accident Factor, Hit and Run (No Collision Stated), 0.0 drivers_injured, 0.0 drivers_killed, 0.0 passengers_injured, 0.0 passengers_killed, 0.0 pedestrian_injured, 0.0 pedestrian_killed, Fair (Night), EDSA East Ave. Quezon City",MMDA Road Safety Unit,,5f256ff3-0d79-459d-9ecb-1e5e8140f690,2016-04-12,12:30:00,EDSA Kamuning Road Quezon City,0,0,0,0,0,0,0,0,0,0,2016-04-12 20:30,Property,14.6328297,121.0451176,No Collision Stated
None,EDSA,None,None,"No Accident Factor, No Collision Stated (based on Police Blotter Book), 0.0 drivers_injured, 0.0 drivers_killed, 0.0 passengers_injured, 0.0 passengers_killed, 0.0 pedestrian_injured, 0.0 pedestrian_killed, Fair (Night), EDSA White Plains Ave., Camp Aguinaldo Quezon City",MMDA Road Safety Unit,,975ec4d5-8d2e-4838-aa75-0cabc52b4103,2016-04-12,11:00:00,"EDSA ACT Theater, Socorro Quezon City",0,0,0,0,0,0,0,0,0,0,2016-04-12 19:00,Property,14.59961782,121.0596522,No Collision Stated
None,EDSA,None,None,"No Accident Factor, No Collision Stated (based on Police Blotter Book), 0.0 drivers_injured, 0.0 drivers_killed, 0.0 passengers_injured, 0.0 passengers_killed, 0.0 pedestrian_injured, 0.0 pedestrian_killed, Fair (Day), EDSA Nepa Q-Mart, E. Rod. Quezon City",MMDA Road Safety Unit,,00d06a11-ead6-4bf5-90cf-59b18155efef,2016-04-12,05:30:00,EDSA Bansalangin Quezon City,0,0,0,0,0,0,0,0,0,0,2016-04-12 13:30,Property,14.62805361,121.0472521,No Collision Stated
None,EDSA,None,None,"No Accident Factor, Side Swipe, 0.0 drivers_injured, 0.0 drivers_killed, 0.0 passengers_injured, 0.0 passengers_killed, 0.0 pedestrian_injured, 0.0 pedestrian_killed, Fair (Day), EDSA Cloverleaf Quezon City",MMDA Road Safety Unit,,264e812e-baa1-4032-a688-711224bc4509,2016-04-12,05:30:00,EDSA Scout Borromeo St. Quezon City,0,0,0,0,0,0,0,0,0,0,2016-04-12 13:30,Property,14.65747901,121.0011914,Side Swipe
None,EDSA,None,None,"No Accident Factor, Rear-end, 0.0 drivers_injured, 0.0 drivers_killed, 0.0 passengers_injured, 0.0 passengers_killed, 0.0 pedestrian_injured, 0.0 pedestrian_killed, Fair (Day), EDSA Cloverleaf Quezon City",MMDA Road Safety Unit,,b37eba3b-716c-468c-825b-295c44df41cc,2016-04-12,04:30:00,EDSA Kaingin Road Quezon City,0,0,0,0,0,0,0,0,0,0,2016-04-12 12:30,Property,14.65747901,121.0011914,Rear-End
None,EDSA,None,None,"No Accident Factor, Rear-end, 0.0 drivers_injured, 0.0 drivers_killed, 0.0 passengers_injured, 0.0 passengers_killed, 0.0 pedestrian_injured, 0.0 pedestrian_killed, Fair (Day), EDSA Main Ave. (Shell Gas Station, Socorro) Quezon City",MMDA Road Safety Unit,,ec78309f-a05e-4993-a35e-b1c6080d8e52,2016-04-12,02:45:00,EDSA Scout Borromeo St. Quezon City,0,0,0,0,0,0,0,0,0,0,2016-04-12 10:45,Property,14.61376458,121.0537933,Rear-End
None,EDSA,None,None,"No Accident Factor, Side Swipe, 0.0 drivers_injured, 0.0 drivers_killed, 0.0 passengers_injured, 0.0 passengers_killed, 0.0 pedestrian_injured, 0.0 pedestrian_killed, Fair (Day), EDSA P. Tuazon Blvd., Socorro Quezon City",MMDA Road Safety Unit,,b7341738-41e1-46ef-8550-d23d78861a24,2016-04-12,02:30:00,"EDSA ""U"" turn slot, Timog Ave.  Quezon City",0,0,0,0,0,0,0,0,0,0,2016-04-12 10:30,Property,14.61656342,121.0525225,Side Swipe
None,EDSA,None,None,"No Accident Factor, Rear-end, 0.0 drivers_injured, 0.0 drivers_killed, 0.0 passengers_injured, 0.0 passengers_killed, 0.0 pedestrian_injured, 0.0 pedestrian_killed, Fair (Day), EDSA Aurora Blvd., E. Rod. Quezon City",MMDA Road Safety Unit,,05dd3eec-9ba1-4ddf-8e8b-5cfe32b18f04,2016-04-12,02:30:00,EDSA Arayat St.  Quezon City,0,0,0,0,0,0,0,0,0,0,2016-04-12 10:30,Property,14.6218043,121.0502049,Rear-End
None,EDSA,None,None,"No Accident Factor, No Collision Stated (based on Police Blotter Book), 0.0 drivers_injured, 0.0 drivers_killed, 0.0 passengers_injured, 0.0 passengers_killed, 0.0 pedestrian_injured, 0.0 pedestrian_killed, Fair (Day), EDSA New York St., E. Rod. Quezon City",MMDA Road Safety Unit,,cbc08eb6-e64d-4896-bafd-fe48079022d3,2016-04-12,02:05:00,EDSA Camp Aguinaldo Gate 3 Quezon City,0,0,0,0,0,0,0,0,0,0,2016-04-12 10:05,Property,14.62568514,121.0482307,No Collision Stated
None,EDSA,None,None,"No Accident Factor, Rear-end, 1.0 drivers_injured, 0.0 drivers_killed, 0.0 passengers_injured, 0.0 passengers_killed, 0.0 pedestrian_injured, 0.0 pedestrian_killed, Fair (Day), EDSA Ford Motors, A. Samson  Quezon City",MMDA Road Safety Unit,,be7504a2-9c39-43e4-abee-f10860f6feb0,2016-04-11,23:30:00,"EDSA Genesis Bus Terminal, E. Rodriguez Quezon City",0,0,0,1,0,0,0,0,0,1,2016-04-12 7:30,Injury,14.6574206,121.0132209,Rear-End
None,EDSA,None,None,"No Accident Factor, Hit and Run (No Collision Stated), 1.0 drivers_injured, 0.0 drivers_killed, 0.0 passengers_injured, 0.0 passengers_killed, 0.0 pedestrian_injured, 0.0 pedestrian_killed, Fair (Day), EDSA Kamias Road Quezon City",MMDA Road Safety Unit,,973d6f87-f4c3-42e7-bb83-039e54a0f68c,2016-04-11,23:00:00,"EDSA MRT Station, Philam Quezon City",0,0,0,1,0,0,0,0,0,1,2016-04-12 7:00,Injury,14.6309142,121.0459376,No Collision Stated
None,EDSA,None,None,"No Accident Factor, Side Swipe, 0.0 drivers_injured, 0.0 drivers_killed, 0.0 passengers_injured, 0.0 passengers_killed, 0.0 pedestrian_injured, 0.0 pedestrian_killed, Fair (Night), EDSA Puregold, Balintawak Quezon City",MMDA Road Safety Unit,,da471b72-b29a-4849-94b0-6694fe0f0c40,2016-04-11,21:00:00,"EDSA Florida Bus Terminal, West Kamias Quezon City",0,0,0,0,0,0,0,0,0,0,2016-04-12 5:00,Property,14.65739538,121.0046638,Side Swipe
None,EDSA,None,None,"No Accident Factor, No Collision Stated (based on Police Blotter Book), 0.0 drivers_injured, 0.0 drivers_killed, 0.0 passengers_injured, 0.0 passengers_killed, 0.0 pedestrian_injured, 0.0 pedestrian_killed, Fair (Night), EDSA E. Garcia St.  Quezon City",MMDA Road Safety Unit,,2f0b793c-d565-4ec6-9797-d4f7cc913da1,2016-04-11,19:15:00,"EDSA Landmark, Pagasa Quezon City",0,0,0,0,0,0,0,0,0,0,2016-04-12 3:15,Property,14.62742033,121.0475769,No Collision Stated
None,EDSA,None,None,"No Accident Factor, Rear-end, 0.0 drivers_injured, 0.0 drivers_killed, 0.0 passengers_injured, 0.0 passengers_killed, 0.0 pedestrian_injured, 0.0 pedestrian_killed, Fair (Night), EDSA P. Tuazon Blvd. Quezon City",MMDA Road Safety Unit,,2a3aa19d-c159-4241-8f53-3ff53baba676,2016-04-11,12:30:00,EDSA Kamuning Road Quezon City,0,0,0,0,0,0,0,0,0,0,2016-04-11 20:30,Property,14.61656342,121.0525225,Rear-End
None,EDSA,None,None,"No Accident Factor, Side Swipe, 0.0 drivers_injured, 0.0 drivers_killed, 0.0 passengers_injured, 0.0 passengers_killed, 0.0 pedestrian_injured, 0.0 pedestrian_killed, Fair (Day), EDSA Oliveros Quezon City",MMDA Road Safety Unit,,6ea9dbae-c8c5-4802-971f-c41cf27694ce,2016-04-11,07:40:00,EDSA GMA Network Drive  Quezon City,0,0,0,0,0,0,0,0,0,0,2016-04-11 15:40,Property,14.65762799,121.0065288,Side Swipe
None,EDSA,None,None,"No Accident Factor, No Collision Stated (based on Police Blotter Book), 0.0 drivers_injured, 0.0 drivers_killed, 0.0 passengers_injured, 0.0 passengers_killed, 0.0 pedestrian_injured, 0.0 pedestrian_killed, Fair (Day), EDSA North Ave. Quezon City",MMDA Road Safety Unit,,b7dc666f-f9de-4474-b6db-260ba6e01178,2016-04-11,05:25:00,EDSA Oliveros Drive Quezon City,0,0,0,0,0,0,0,0,0,0,2016-04-11 13:25,Property,14.65553839,121.0299647,No Collision Stated
None,EDSA,None,None,"No Accident Factor, Rear-end, 0.0 drivers_injured, 0.0 drivers_killed, 0.0 passengers_injured, 0.0 passengers_killed, 0.0 pedestrian_injured, 0.0 pedestrian_killed, Fair (Day), EDSA Aurora Blvd., Socorro Quezon City",MMDA Road Safety Unit,,10ca2cb4-ec30-4d4f-a54d-c502329b1873,2016-04-11,03:30:00,EDSA Timog Ave. (WB) Quezon City,0,0,0,0,0,0,0,0,0,0,2016-04-11 11:30,Property,14.6218043,121.0502049,Rear-End
None,EDSA,None,None,"No Accident Factor, Angle Impact, 0.0 drivers_injured, 0.0 drivers_killed, 0.0 passengers_injured, 0.0 passengers_killed, 0.0 pedestrian_injured, 0.0 pedestrian_killed, Fair (Day), EDSA Roosevelt Ave.  Quezon City",MMDA Road Safety Unit,,08101cb7-7495-4326-8fd6-adad574feff8,2016-04-11,03:30:00,EDSA Jam Bus Liner Terminal   Quezon City,0,0,0,0,0,0,0,0,0,0,2016-04-11 11:30,Property,14.65762047,121.0196373,Angle Impact
None,EDSA,None,None,"No Accident Factor, Side Swipe, 0.0 drivers_injured, 0.0 drivers_killed, 0.0 passengers_injured, 0.0 passengers_killed, 0.0 pedestrian_injured, 0.0 pedestrian_killed, Fair (Day), EDSA Kamuning QCPD Station 10 Quezon City",MMDA Road Safety Unit,,2b66dcd9-754b-4fed-b420-6222114445af,2016-04-11,01:40:00,EDSA Oliveros Drive Quezon City,0,0,0,0,0,0,0,0,0,0,2016-04-11 9:40,Property,14.62986347,121.0460942,Side Swipe
None,EDSA,None,None,"No Accident Factor, No Collision Stated (based on Police Blotter Book), 0.0 drivers_injured, 0.0 drivers_killed, 0.0 passengers_injured, 0.0 passengers_killed, 0.0 pedestrian_injured, 0.0 pedestrian_killed, Fair (Day), EDSA Roosevelt Ave.  Quezon City",MMDA Road Safety Unit,,b9423145-da42-42a9-84e1-ba83bf2f7de3,2016-04-10,23:00:00,EDSA Main Ave. Quezon City,0,0,0,0,0,0,0,0,0,0,2016-04-11 7:00,Property,14.65762047,121.0196373,No Collision Stated
None,EDSA,None,None,"No Accident Factor, No Collision Stated (based on Police Blotter Book), 0.0 drivers_injured, 0.0 drivers_killed, 0.0 passengers_injured, 0.0 passengers_killed, 0.0 pedestrian_injured, 0.0 pedestrian_killed, Fair (Day), EDSA Roosevelt Ave.  Quezon City",MMDA Road Safety Unit,,a9dba851-59e2-41bd-923b-2c638f4187c6,2016-04-10,22:30:00,EDSA Aurora Blvd. (EB) Quezon City,0,0,0,0,0,0,0,0,0,0,2016-04-11 6:30,Property,14.65762047,121.0196373,No Collision Stated
None,EDSA,None,None,"No Accident Factor, No Collision Stated (based on Police Blotter Book), 0.0 drivers_injured, 0.0 drivers_killed, 0.0 passengers_injured, 0.0 passengers_killed, 0.0 pedestrian_injured, 0.0 pedestrian_killed, Fair (Day), EDSA Mindanao Ave. Extn.  Quezon City",MMDA Road Safety Unit,,8021a00a-714c-44bd-9373-61cc1943c2e5,2016-04-10,08:50:00,EDSA Kamuning Road Quezon City,0,0,0,0,0,0,0,0,0,0,2016-04-10 16:50,Property,14.65052386,121.0335656,No Collision Stated
None,EDSA,None,None,"No Accident Factor, Rear-end, 0.0 drivers_injured, 0.0 drivers_killed, 0.0 passengers_injured, 0.0 passengers_killed, 0.0 pedestrian_injured, 0.0 pedestrian_killed, Fair (Day), EDSA DLTB Bus Terminal Quezon City",MMDA Road Safety Unit,,d774192b-3af5-4926-895a-38ae2a1dd617,2016-04-10,05:30:00,"EDSA Superlines Bus Terminal , E. Rodriguez Quezon City",0,0,0,0,0,0,0,0,0,0,2016-04-10 13:30,Property,14.62725353,121.0473748,Rear-End
None,EDSA,None,None,"No Accident Factor, Side Swipe, 0.0 drivers_injured, 0.0 drivers_killed, 0.0 passengers_injured, 0.0 passengers_killed, 0.0 pedestrian_injured, 0.0 pedestrian_killed, Fair (Day), EDSA Timog Ave.  Quezon City",MMDA Road Safety Unit,,9072758d-54f0-4e63-9050-3654aae43b47,2016-04-10,05:30:00,EDSA Trinoma Quezon City,0,0,0,0,0,0,0,0,0,0,2016-04-10 13:30,Property,14.63293559,121.0446304,Side Swipe