LOCATION_TEXT,ROAD,WEATHER,LIGHT,DESC,REPORTING_AGENCY,MAIN_CAUSE,INCIDENTDETAILS_ID,DATE_UTC,TIME_UTC,ADDRESS,killed_driver,killed_passenger,killed_pedestrian,injured_driver,injured_passenger,injured_pedestrian,killed_uncategorized,injured_uncategorized,killed_total,injured_total,DATETIME_PST,SEVERITY,Y,X,COLLISION_TYPE
None,EDSA,None,None,"No Accident Factor, No Collision Stated (based on Police Blotter Book), 0.0 drivers_injured, 0.0 drivers_killed, 0.0 passengers_injured, 0.0 passengers_killed, 0.0 pedestrian_injured, 0.0 pedestrian_killed, Fair (Day), EDSA ""U"" turn slot, Ramon Magsaysay Quezon City",MMDA Road Safety Unit,,ab85e989-b97f-46b3-baac-c5cb008b6bd7,2016-04-10,03:00:00,EDSA Camp Aguinaldo  Quezon City,0,0,0,0,0,0,0,0,0,0,2016-04-10 11:00,Property,14.65655357,121.0260701,No Collision Stated
None,EDSA,None,None,"No Accident Factor, No Collision Stated (based on Police Blotter Book), 0.0 drivers_injured, 0.0 drivers_killed, 0.0 passengers_injured, 0.0 passengers_killed, 0.0 pedestrian_injured, 0.0 pedestrian_killed, Fair (Day), EDSA SM Mall North, Pag-Asa Quezon City",MMDA Road Safety Unit,,4a9b4d32-f64a-4919-95bf-f55463218e07,2016-04-09,23:30:00,"EDSA P. Tuazon Blvd., Socorro Quezon City",0,0,0,0,0,0,0,0,0,0,2016-04-10 7:30,Property,14.65580781,121.0293115,No Collision Stated
None,EDSA,None,None,"No Accident Factor, Rear-end, 0.0 drivers_injured, 0.0 drivers_killed, 0.0 passengers_injured, 0.0 passengers_killed, 0.0 pedestrian_injured, 0.0 pedestrian_killed, Fair (Night), EDSA Oliveros Quezon City",MMDA Road Safety Unit,,14c0f9b0-b5b9-4672-ba59-162e8d372d74,2016-04-09,15:00:00,EDSA Cloverleaf  Drive Quezon City,0,0,0,0,0,0,0,0,0,0,2016-04-09 23:00,Property,14.65762799,121.0065288,Rear-End
None,EDSA,None,None,"No Accident Factor, Rear-end, 1.0 drivers_injured, 0.0 drivers_killed, 0.0 passengers_injured, 0.0 passengers_killed, 0.0 pedestrian_injured, 0.0 pedestrian_killed, Fair (Night), EDSA Bansalangin    Quezon City",MMDA Road Safety Unit,,599efd68-6d97-4128-b8ea-bbfed76e4884,2016-04-09,13:00:00,EDSA Kaingin Road Quezon City,0,0,0,1,0,0,0,0,0,1,2016-04-09 21:00,Injury,14.6567996,121.0241845,Rear-End
None,EDSA,None,None,"No Accident Factor, Rear-end, 0.0 drivers_injured, 0.0 drivers_killed, 0.0 passengers_injured, 0.0 passengers_killed, 0.0 pedestrian_injured, 0.0 pedestrian_killed, Fair (Night), EDSA Roosevelt Ave.  Quezon City",MMDA Road Safety Unit,,d38a7f1d-f8cd-4d15-be12-2976f2881510,2016-04-09,12:15:00,"EDSA Sogo Hotel, Philam Quezon City",0,0,0,0,0,0,0,0,0,0,2016-04-09 20:15,Property,14.65762047,121.0196373,Rear-End
None,EDSA,None,None,"No Accident Factor, Multiple Collision, 0.0 drivers_injured, 0.0 drivers_killed, 0.0 passengers_injured, 0.0 passengers_killed, 0.0 pedestrian_injured, 0.0 pedestrian_killed, Fair (Day), EDSA Camp Aguinaldo Gate 4 Quezon City",MMDA Road Safety Unit,,c73d43bf-23ab-4a73-8714-c89dbc31ed7e,2016-04-09,09:15:00,EDSA Kamias Road Quezon City,0,0,0,0,0,0,0,0,0,0,2016-04-09 17:15,Property,14.6064061,121.0572944,Multiple
None,EDSA,None,None,"No Accident Factor, Side Swipe, 0.0 drivers_injured, 0.0 drivers_killed, 0.0 passengers_injured, 0.0 passengers_killed, 0.0 pedestrian_injured, 0.0 pedestrian_killed, Fair (Day), EDSA Ortigas Ave., Ugong Norte Quezon City",MMDA Road Safety Unit,,64167095-1bcb-4684-b2a6-206342767c81,2016-04-09,08:00:00,"EDSA NEPA Q-Mart, E. Rodriguez Quezon City",0,0,0,0,0,0,0,0,0,0,2016-04-09 16:00,Property,14.59335253,121.0584107,Side Swipe
None,EDSA,None,None,"No Accident Factor, Side Swipe, 0.0 drivers_injured, 0.0 drivers_killed, 0.0 passengers_injured, 0.0 passengers_killed, 0.0 pedestrian_injured, 0.0 pedestrian_killed, Fair (Day), EDSA SM Annex, Bungad Quezon City",MMDA Road Safety Unit,,28c0ffb5-673b-41bd-aaed-a99d3b101308,2016-04-09,07:25:00,"EDSA B. Serrano Ave., Socorro Quezon City",0,0,0,0,0,0,0,0,0,0,2016-04-09 15:25,Property,14.65628012,121.0272074,Side Swipe
None,EDSA,None,None,"No Accident Factor, Side Swipe, 0.0 drivers_injured, 0.0 drivers_killed, 0.0 passengers_injured, 0.0 passengers_killed, 0.0 pedestrian_injured, 0.0 pedestrian_killed, Fair (Day), EDSA ""U"" turn slot, GMA 7 Quezon City",MMDA Road Safety Unit,,5c3d4d70-9518-4a3c-b5be-4267e21958fd,2016-04-09,07:20:00,EDSA Roosevelt Ave. Quezon City,0,0,0,0,0,0,0,0,0,0,2016-04-09 15:20,Property,14.63376993,121.0443308,Side Swipe
None,EDSA,None,None,"No Accident Factor, Side Swipe, 0.0 drivers_injured, 0.0 drivers_killed, 0.0 passengers_injured, 0.0 passengers_killed, 0.0 pedestrian_injured, 0.0 pedestrian_killed, Fair (Day), EDSA A. Samson Quezon City",MMDA Road Safety Unit,,cdf520e2-34f0-473d-a5b0-2ff2dddee6b2,2016-04-09,06:20:00,EDSA South Road Quezon City,0,0,0,0,0,0,0,0,0,0,2016-04-09 14:20,Property,14.65731173,121.0011071,Side Swipe
None,EDSA,None,None,"No Accident Factor, Self-Accident, 0.0 drivers_injured, 0.0 drivers_killed, 0.0 passengers_injured, 0.0 passengers_killed, 0.0 pedestrian_injured, 0.0 pedestrian_killed, Fair (Night), EDSA B. Serrano Ave., Camp Aguinaldo Quezon City",MMDA Road Safety Unit,,0c2249b5-d02a-4324-a98a-ef4d7c2189db,2016-04-08,20:30:00,"EDSA Shell Gas Station, Main Ave. Quezon City",0,0,0,0,0,0,0,0,0,0,2016-04-09 4:30,Property,14.61096685,121.0551991,Self-Accident
None,EDSA,None,None,"No Accident Factor, Side Swipe, 0.0 drivers_injured, 0.0 drivers_killed, 0.0 passengers_injured, 0.0 passengers_killed, 0.0 pedestrian_injured, 0.0 pedestrian_killed, Fair (Night), EDSA Camp Aguinaldo Gate 5 Quezon City",MMDA Road Safety Unit,,7169cc4a-4fe8-4f2b-81d1-4aceb76c640e,2016-04-08,11:00:00,EDSA GMA Drive Quezon City,0,0,0,0,0,0,0,0,0,0,2016-04-08 19:00,Property,14.60477522,121.0579201,Side Swipe
None,EDSA,None,None,"No Accident Factor, Rear-end, 1.0 drivers_injured, 0.0 drivers_killed, 0.0 passengers_injured, 0.0 passengers_killed, 0.0 pedestrian_injured, 0.0 pedestrian_killed, Fair (Night), EDSA Scout Borromeo St. Quezon City",MMDA Road Safety Unit,,064dbc42-b07a-4d9a-92f6-f7d0e3eff407,2016-04-08,10:20:00,EDSA Cloverleaf Quezon City,0,0,0,1,0,0,0,0,0,1,2016-04-08 18:20,Injury,14.63715712,121.0419507,Rear-End
None,EDSA,None,None,"No Accident Factor, No Collision Stated (based on Police Blotter Book), 0.0 drivers_injured, 0.0 drivers_killed, 0.0 passengers_injured, 0.0 passengers_killed, 0.0 pedestrian_injured, 0.0 pedestrian_killed, Fair (Day), EDSA Kamuning Road Quezon City",MMDA Road Safety Unit,,7080fd38-3cf1-4e86-ac9e-e79a52c001ed,2016-04-08,07:10:00,EDSA GMA Drive Quezon City,0,0,0,0,0,0,0,0,0,0,2016-04-08 15:10,Property,14.63075725,121.0457548,No Collision Stated
None,EDSA,None,None,"No Accident Factor, Rear-end, 0.0 drivers_injured, 0.0 drivers_killed, 0.0 passengers_injured, 0.0 passengers_killed, 0.0 pedestrian_injured, 0.0 pedestrian_killed, Fair (Day), EDSA Quezon Ave. (EB) Quezon City",MMDA Road Safety Unit,,e055e913-1f29-4b9c-9b60-dc7dc854168e,2016-04-08,07:00:00,EDSA Ermin Garcia St. Quezon City,0,0,0,0,0,0,0,0,0,0,2016-04-08 15:00,Property,14.6442444,121.0375839,Rear-End
None,EDSA,None,None,"No Accident Factor, Side Swipe, 0.0 drivers_injured, 0.0 drivers_killed, 0.0 passengers_injured, 0.0 passengers_killed, 0.0 pedestrian_injured, 0.0 pedestrian_killed, Fair (Day), EDSA Col. Bonny Serrano Ave.  Quezon City",MMDA Road Safety Unit,,5bee3b89-2a21-4d69-93d3-1000977b3be7,2016-04-08,06:55:00,"EDSA Caltex Gas Station, A. Samson Quezon City",0,0,0,0,0,0,0,0,0,0,2016-04-08 14:55,Property,14.61107337,121.0550705,Side Swipe
None,EDSA,None,None,"No Accident Factor, Self-Accident, 1.0 drivers_injured, 0.0 drivers_killed, 0.0 passengers_injured, 0.0 passengers_killed, 0.0 pedestrian_injured, 0.0 pedestrian_killed, Fair (Day), EDSA Timog Ave. Quezon City",MMDA Road Safety Unit,,ee82a380-2a02-4f44-8bd0-e4e292e9fa35,2016-04-08,06:35:00,EDSA Congressional Road Quezon City,0,0,0,1,0,0,0,0,0,1,2016-04-08 14:35,Injury,14.63293559,121.0446304,Self-Accident
None,EDSA,None,None,"No Accident Factor, No Collision Stated (based on Police Blotter Book), 0.0 drivers_injured, 0.0 drivers_killed, 0.0 passengers_injured, 0.0 passengers_killed, 0.0 pedestrian_injured, 0.0 pedestrian_killed, Fair (Day), EDSA Aurora Blvd. Quezon City",MMDA Road Safety Unit,,7c5c41c7-f67d-4888-9f10-a866e2c8db2c,2016-04-08,06:00:00,"EDSA Toyota Motors, Ramon Magsaysay Quezon City",0,0,0,0,0,0,0,0,0,0,2016-04-08 14:00,Property,14.62163653,121.0501573,No Collision Stated
None,EDSA,None,None,"No Accident Factor, Side Swipe, 1.0 drivers_injured, 0.0 drivers_killed, 0.0 passengers_injured, 0.0 passengers_killed, 0.0 pedestrian_injured, 0.0 pedestrian_killed, Fair (Night), EDSA Kaingin Road Quezon City",MMDA Road Safety Unit,,830485e6-2978-4be7-8850-ebed2134dd24,2016-04-07,21:30:00,EDSA Kaingin Road Quezon City,0,0,0,1,0,0,0,0,0,1,2016-04-08 5:30,Injury,14.65746493,121.0109963,Side Swipe
None,EDSA,None,None,"No Accident Factor, Side Swipe, 0.0 drivers_injured, 0.0 drivers_killed, 0.0 passengers_injured, 0.0 passengers_killed, 0.0 pedestrian_injured, 0.0 pedestrian_killed, Fair (Night), EDSA Five Star Bus Terminal, E. Rod. Quezon City",MMDA Road Safety Unit,,4f1b1b3f-7b97-4894-8c59-37319e145cd6,2016-04-07,15:00:00,EDSA Camp Aguinaldo  Quezon City,0,0,0,0,0,0,0,0,0,0,2016-04-07 23:00,Property,14.62375691,121.0492447,Side Swipe
None,EDSA,None,None,"No Accident Factor, Hit and Run (No Collision Stated), 0.0 drivers_injured, 0.0 drivers_killed, 0.0 passengers_injured, 0.0 passengers_killed, 0.0 pedestrian_injured, 0.0 pedestrian_killed, Fair (Night), EDSA Quezon Ave., Vasra Quezon City",MMDA Road Safety Unit,,76925ffc-09a5-4b08-8aee-d470be6203aa,2016-04-07,14:00:00,EDSA Scout Borromeo St. Quezon City,0,0,0,0,0,0,0,0,0,0,2016-04-07 22:00,Property,14.6442444,121.0375839,No Collision Stated
None,EDSA,None,None,"No Accident Factor, No Collision Stated (based on Police Blotter Book), 0.0 drivers_injured, 0.0 drivers_killed, 0.0 passengers_injured, 0.0 passengers_killed, 0.0 pedestrian_injured, 0.0 pedestrian_killed, Fair (Night), EDSA Royal Quezon City",MMDA Road Safety Unit,,6038dec6-18b1-4514-b4a0-d77cabb79a13,2016-04-07,13:30:00,EDSA Eat Ave.  Quezon City,0,0,0,0,0,0,0,0,0,0,2016-04-07 21:30,Property,14.65767141,121.0107008,No Collision Stated
None,EDSA,None,None,"No Accident Factor, No Collision Stated (based on Police Blotter Book), 0.0 drivers_injured, 0.0 drivers_killed, 0.0 passengers_injured, 0.0 passengers_killed, 0.0 pedestrian_injured, 0.0 pedestrian_killed, Fair (Night), EDSA ""U"" turn slot, GMA 7 Quezon City",MMDA Road Safety Unit,,a0b3cff3-612e-4ba1-bedc-796b382f850e,2016-04-07,10:15:00,EDSA Corregidor St.  Quezon City,0,0,0,0,0,0,0,0,0,0,2016-04-07 18:15,Property,14.63376993,121.0443308,No Collision Stated
None,EDSA,None,None,"No Accident Factor, Side Swipe, 0.0 drivers_injured, 0.0 drivers_killed, 0.0 passengers_injured, 0.0 passengers_killed, 0.0 pedestrian_injured, 0.0 pedestrian_killed, Fair (Day), EDSA Santolan MRT Station Quezon City",MMDA Road Safety Unit,,d8ed0296-1e11-4129-bc50-fee3fc48f518,2016-04-07,09:30:00,"EDSA Gate 4, General Aguinaldo  Quezon City",0,0,0,0,0,0,0,0,0,0,2016-04-07 17:30,Property,14.60773988,121.0564577,Side Swipe
None,EDSA,None,None,"No Accident Factor, No Collision Stated (based on Police Blotter Book), 0.0 drivers_injured, 0.0 drivers_killed, 0.0 passengers_injured, 0.0 passengers_killed, 0.0 pedestrian_injured, 0.0 pedestrian_killed, Fair (Day), EDSA Jackman Emporium, Ramon. Magsaysay Quezon City",MMDA Road Safety Unit,,637bef6f-2002-464d-be0b-5592740c723c,2016-04-07,09:00:00,EDSA Banahaw St.  Quezon City,0,0,0,0,0,0,0,0,0,0,2016-04-07 17:00,Property,14.65777839,121.0208499,No Collision Stated
None,EDSA,None,None,"No Accident Factor, Rear-end, 0.0 drivers_injured, 0.0 drivers_killed, 0.0 passengers_injured, 0.0 passengers_killed, 0.0 pedestrian_injured, 0.0 pedestrian_killed, Fair (Day), EDSA Camp Crame, Camp Aguinaldo Quezon City",MMDA Road Safety Unit,,b03d933d-cbcc-4da3-9505-93c89ea19e96,2016-04-07,07:30:00,EDSA Cloverleaf Quezon City,0,0,0,0,0,0,0,0,0,0,2016-04-07 15:30,Property,14.6084772,121.0562768,Rear-End
None,EDSA,None,None,"No Accident Factor, No Collision Stated (based on Police Blotter Book), 0.0 drivers_injured, 0.0 drivers_killed, 0.0 passengers_injured, 0.0 passengers_killed, 0.0 pedestrian_injured, 0.0 pedestrian_killed, Fair (Day), EDSA Landmark, Pag-Asa Quezon City",MMDA Road Safety Unit,,0a3fcebf-6838-4cc6-830f-56144fdeb6b4,2016-04-07,06:20:00,"EDSA ""U"" turn slot (SB), Quezon Ave.  Quezon City",0,0,0,0,0,0,0,0,0,0,2016-04-07 14:20,Property,14.6509773,121.0331821,No Collision Stated
None,EDSA,None,None,"No Accident Factor, Rear-end, 0.0 drivers_injured, 0.0 drivers_killed, 0.0 passengers_injured, 0.0 passengers_killed, 0.0 pedestrian_injured, 0.0 pedestrian_killed, Fair (Day), EDSA (NIA Road) Shell Gas Station Quezon City",MMDA Road Safety Unit,,e9e18480-858e-4170-b86c-2059cdf9da92,2016-04-07,03:00:00,"EDSA Corinthian Garden Subd., Ugong Norte  Quezon City",0,0,0,0,0,0,0,0,0,0,2016-04-07 11:00,Property,14.63814658,121.0416165,Rear-End
None,EDSA,None,None,"No Accident Factor, No Collision Stated (based on Police Blotter Book), 1.0 drivers_injured, 0.0 drivers_killed, 0.0 passengers_injured, 0.0 passengers_killed, 0.0 pedestrian_injured, 0.0 pedestrian_killed, Fair (Day), EDSA Eton Centris, Pinyahan Quezon City",MMDA Road Safety Unit,,e760c278-b272-4e5e-a43f-e3d3f837045f,2016-04-07,01:45:00,EDSA Trinoma Mall Quezon City,0,0,0,1,0,0,0,0,0,1,2016-04-07 9:45,Injury,14.64266722,121.0386872,No Collision Stated
None,EDSA,None,None,"No Accident Factor, Rear-end, 0.0 drivers_injured, 0.0 drivers_killed, 0.0 passengers_injured, 0.0 passengers_killed, 0.0 pedestrian_injured, 0.0 pedestrian_killed, Fair (Day), EDSA Kamuning Road Quezon City",MMDA Road Safety Unit,,dcd97373-1ebe-4ceb-be2f-9986f906ec99,2016-04-06,23:35:00,EDSA West Ave. Quezon City,0,0,0,0,0,0,0,0,0,0,2016-04-07 7:35,Property,14.63075725,121.0457548,Rear-End
None,EDSA,None,None,"No Accident Factor, Hit Object (Signage), 0.0 drivers_injured, 0.0 drivers_killed, 0.0 passengers_injured, 0.0 passengers_killed, 0.0 pedestrian_injured, 0.0 pedestrian_killed, Fair (Day), EDSA Quezon Ave. Service Road (NB) Quezon City",MMDA Road Safety Unit,,17efa3e8-7ea4-4909-a218-0c1f9868c8bd,2016-04-06,22:30:00,EDSA Timog Ave. SPLIT (WB) Quezon City,0,0,0,0,0,0,0,0,0,0,2016-04-07 6:30,Property,14.6442444,121.0375839,Hit Object
None,EDSA,None,None,"No Accident Factor, Rear-end, 0.0 drivers_injured, 0.0 drivers_killed, 0.0 passengers_injured, 0.0 passengers_killed, 0.0 pedestrian_injured, 0.0 pedestrian_killed, Fair (Night), EDSA Kamuning Road Quezon City",MMDA Road Safety Unit,,416407bd-7239-4d1a-9c29-91e05d1246c4,2016-04-06,21:20:00,EDSA New York St. Quezon City,0,0,0,0,0,0,0,0,0,0,2016-04-07 5:20,Property,14.63075725,121.0457548,Rear-End
None,EDSA,None,None,"No Accident Factor, No Collision Stated (based on Police Blotter Book), 0.0 drivers_injured, 0.0 drivers_killed, 0.0 passengers_injured, 0.0 passengers_killed, 0.0 pedestrian_injured, 0.0 pedestrian_killed, Fair (Night), EDSA Kamias Road, West Kamias Quezon City",MMDA Road Safety Unit,,5fcea9fa-4d1c-42d2-97cb-789a3ed0b5d4,2016-04-06,18:50:00,"EDSA East Ave., Pinyahan Quezon City",0,0,0,0,0,0,0,0,0,0,2016-04-07 2:50,Property,14.6309142,121.0459376,No Collision Stated
None,EDSA,None,None,"No Accident Factor, Rear-end, 0.0 drivers_injured, 0.0 drivers_killed, 0.0 passengers_injured, 0.0 passengers_killed, 0.0 pedestrian_injured, 0.0 pedestrian_killed, Fair (Night), EDSA Kamuning Police Station 10 Quezon City",MMDA Road Safety Unit,,4e2ac63c-e761-4d12-916b-6932079d4aae,2016-04-06,12:30:00,EDSA Bus Station Project 7 Quezon City,0,0,0,0,0,0,0,0,0,0,2016-04-06 20:30,Property,14.62986347,121.0460942,Rear-End
None,EDSA,None,None,"No Accident Factor, Hit and Run (No Collision Stated), 0.0 drivers_injured, 0.0 drivers_killed, 0.0 passengers_injured, 0.0 passengers_killed, 0.0 pedestrian_injured, 0.0 pedestrian_killed, Fair (Night), EDSA E. Garcia St.  Quezon City",MMDA Road Safety Unit,,66b42618-063e-4a9c-85bf-cbe0d3ff4673,2016-04-06,11:45:00,"EDSA East Ave., Pinyahan Quezon City",0,0,0,0,0,0,0,0,0,0,2016-04-06 19:45,Property,14.62742033,121.0475769,No Collision Stated
None,EDSA,None,None,"No Accident Factor, Hit and Run (No Collision Stated), 0.0 drivers_injured, 0.0 drivers_killed, 0.0 passengers_injured, 0.0 passengers_killed, 0.0 pedestrian_injured, 0.0 pedestrian_killed, Fair (Day), EDSA Baliwag Bus Terminal,Cubao, E. Rod. Quezon City",MMDA Road Safety Unit,,3f6ed999-c27f-4615-b3f5-c34287980cb3,2016-04-06,07:30:00,EDSA Kamuning Road Quezon City,0,0,0,0,0,0,0,0,0,0,2016-04-06 15:30,Property,14.6244766,121.0489584,No Collision Stated
None,EDSA,None,None,"No Accident Factor, Side Swipe, 0.0 drivers_injured, 0.0 drivers_killed, 0.0 passengers_injured, 0.0 passengers_killed, 0.0 pedestrian_injured, 0.0 pedestrian_killed, Fair (Day), EDSA Sct. Borromeo St. (Shell Gas Station) Quezon City",MMDA Road Safety Unit,,2455d3cf-0e0e-4467-ab6c-3d3193a6648e,2016-04-05,23:30:00,EDSA Kamuning Road Quezon City,0,0,0,0,0,0,0,0,0,0,2016-04-06 7:30,Property,14.63715712,121.0419507,Side Swipe
None,EDSA,None,None,"No Accident Factor, Side Swipe, 0.0 drivers_injured, 0.0 drivers_killed, 0.0 passengers_injured, 0.0 passengers_killed, 0.0 pedestrian_injured, 0.0 pedestrian_killed, Fair (Night), EDSA Kamias Road, Jollibee, Pinyahan Quezon City",MMDA Road Safety Unit,,46528252-5d1a-4ee7-9090-aa9192c308ef,2016-04-05,18:30:00,EDSA Roosevelt Ave. Quezon City,0,0,0,0,0,0,0,0,0,0,2016-04-06 2:30,Property,14.6309142,121.0459376,Side Swipe
None,EDSA,None,None,"No Accident Factor, Side Swipe, 0.0 drivers_injured, 0.0 drivers_killed, 0.0 passengers_injured, 0.0 passengers_killed, 0.0 pedestrian_injured, 0.0 pedestrian_killed, Fair (Night), EDSA Timog Ave. Quezon City",MMDA Road Safety Unit,,7ad44146-71a0-4200-9fa9-0ed25dab9be0,2016-04-05,16:55:00,EDSA Aurora Blvd. Quezon City,0,0,0,0,0,0,0,0,0,0,2016-04-06 0:55,Property,14.63293559,121.0446304,Side Swipe
None,EDSA,None,None,"No Accident Factor, Angle Impact, 0.0 drivers_injured, 0.0 drivers_killed, 0.0 passengers_injured, 0.0 passengers_killed, 0.0 pedestrian_injured, 0.0 pedestrian_killed, Fair (Night), EDSA East Ave., Pinyahan Quezon City",MMDA Road Safety Unit,,01078f6a-47ef-4347-a95d-a5958d5f7632,2016-04-05,13:45:00,EDSA Monte de Piedad St.  Quezon City,0,0,0,0,0,0,0,0,0,0,2016-04-05 21:45,Property,14.6328297,121.0451176,Angle Impact
None,EDSA,None,None,"No Accident Factor, Side Swipe, 0.0 drivers_injured, 0.0 drivers_killed, 0.0 passengers_injured, 0.0 passengers_killed, 0.0 pedestrian_injured, 0.0 pedestrian_killed, Fair (Night), EDSA Gen. Mc Arthur Avenue, Socorro Cubao Quezon City",MMDA Road Safety Unit,,7a62a8b0-ac1f-4c18-aa45-b1c5f0d905c9,2016-04-05,12:35:00,EDSA Timog Ave. (GMA Network) SB  Quezon City,0,0,0,0,0,0,0,0,0,0,2016-04-05 20:35,Property,14.61805145,121.0517604,Side Swipe
None,EDSA,None,None,"No Accident Factor, Side Swipe, 0.0 drivers_injured, 0.0 drivers_killed, 0.0 passengers_injured, 0.0 passengers_killed, 0.0 pedestrian_injured, 0.0 pedestrian_killed, Fair (Night), EDSA New York St., E. Rod. Quezon City",MMDA Road Safety Unit,,f3646d06-dd1e-47f1-bc97-1de792f9ab49,2016-04-05,12:25:00,EDSA East Ave. Quezon City,0,0,0,0,0,0,0,0,0,0,2016-04-05 20:25,Property,14.62568514,121.0482307,Side Swipe
None,EDSA,None,None,"No Accident Factor, No Collision Stated (based on Police Blotter Book), 0.0 drivers_injured, 0.0 drivers_killed, 0.0 passengers_injured, 0.0 passengers_killed, 0.0 pedestrian_injured, 0.0 pedestrian_killed, Fair (Day), EDSA E-3rd St.  Quezon City",MMDA Road Safety Unit,,54e1a1a3-4beb-4001-9378-99915332eaf4,2016-04-05,04:55:00,EDSA Whiteplains Ave. Quezon City,0,0,0,0,0,0,0,0,0,0,2016-04-05 12:55,Property,14.62928969,121.0463866,No Collision Stated
None,EDSA,None,None,"No Accident Factor, Side Swipe, 0.0 drivers_injured, 0.0 drivers_killed, 0.0 passengers_injured, 0.0 passengers_killed, 0.0 pedestrian_injured, 0.0 pedestrian_killed, Fair (Day), EDSA Baliwag Bus Terminal, E. Rod. Quezon City",MMDA Road Safety Unit,,a8fad4b8-d454-4839-90b9-4d06e84206a6,2016-04-05,04:30:00,"EDSA Corregidor St., Ramon Magsaysay Quezon City",0,0,0,0,0,0,0,0,0,0,2016-04-05 12:30,Property,14.6244766,121.0489584,Side Swipe
None,EDSA,None,None,"No Accident Factor, No Collision Stated (based on Police Blotter Book), 0.0 drivers_injured, 0.0 drivers_killed, 0.0 passengers_injured, 0.0 passengers_killed, 0.0 pedestrian_injured, 0.0 pedestrian_killed, Fair (Day), EDSA Santolan MRT Station Quezon City",MMDA Road Safety Unit,,da124b69-ae5c-44d0-b604-585db9be9126,2016-04-05,01:00:00,EDSA A. Samson St. (MARIWASA) Quezon City,0,0,0,0,0,0,0,0,0,0,2016-04-05 9:00,Property,14.60773988,121.0564577,No Collision Stated
None,EDSA,None,None,"No Accident Factor, No Collision Stated (based on Police Blotter Book), 0.0 drivers_injured, 0.0 drivers_killed, 0.0 passengers_injured, 0.0 passengers_killed, 0.0 pedestrian_injured, 0.0 pedestrian_killed, Fair (Day), EDSA Farmers Plaza, Cubao Socorro Quezon City",MMDA Road Safety Unit,,4fa66f42-e5f6-4122-aa77-f462e52804e9,2016-04-05,00:00:00,EDSA P. Tuazon Blvd. Quezon City,0,0,0,0,0,0,0,0,0,0,2016-04-05 8:00,Property,14.61920525,121.0513476,No Collision Stated
None,EDSA,None,None,"No Accident Factor, Side Swipe, 0.0 drivers_injured, 0.0 drivers_killed, 1.0 passengers_injured, 0.0 passengers_killed, 0.0 pedestrian_injured, 0.0 pedestrian_killed, Fair (Night), EDSA Ortigas Ave., Ugong Norte Quezon City",MMDA Road Safety Unit,,42fbca6c-fbc4-41b9-b89d-65f67846c8c3,2016-04-04,14:45:00,EDSA Cloverleaf Road Quezon City,0,0,0,0,1,0,0,0,0,1,2016-04-04 22:45,Injury,14.59335253,121.0584107,Side Swipe
None,EDSA,None,None,"No Accident Factor, Hit and Run (No Collision Stated), 0.0 drivers_injured, 0.0 drivers_killed, 0.0 passengers_injured, 0.0 passengers_killed, 0.0 pedestrian_injured, 0.0 pedestrian_killed, Fair (Night), EDSA Station 10, Kamuning  Quezon City",MMDA Road Safety Unit,,60248b8c-aeaa-4872-b5b5-12aab72ec879,2016-04-04,14:00:00,"EDSA Aurora Blvd., E. Rodriguez Cubao Quezon City",0,0,0,0,0,0,0,0,0,0,2016-04-04 22:00,Property,14.62991165,121.0461367,No Collision Stated
None,EDSA,None,None,"No Accident Factor, Side Swipe, 0.0 drivers_injured, 0.0 drivers_killed, 0.0 passengers_injured, 0.0 passengers_killed, 0.0 pedestrian_injured, 0.0 pedestrian_killed, Fair (Night), EDSA Gen. Roxas Ave., Socorro Quezon City",MMDA Road Safety Unit,,ce1dfe34-8f65-458f-b53f-f0934ae02641,2016-04-04,13:30:00,EDSA Misamis St.  Quezon City,0,0,0,0,0,0,0,0,0,0,2016-04-04 21:30,Property,14.62042254,121.0508064,Side Swipe
None,EDSA,None,None,"No Accident Factor, Side Swipe, 0.0 drivers_injured, 0.0 drivers_killed, 0.0 passengers_injured, 0.0 passengers_killed, 0.0 pedestrian_injured, 0.0 pedestrian_killed, Fair (Night), EDSA Gen. Roxas Ave. Quezon City",MMDA Road Safety Unit,,17a9e916-3ad2-4bd0-9552-f04e9b9afd5b,2016-04-04,11:05:00,EDSA Aurora Blvd. Quezon City,0,0,0,0,0,0,0,0,0,0,2016-04-04 19:05,Property,14.62042254,121.0508064,Side Swipe
None,EDSA,None,None,"No Accident Factor, Side Swipe, 0.0 drivers_injured, 0.0 drivers_killed, 0.0 passengers_injured, 0.0 passengers_killed, 0.0 pedestrian_injured, 0.0 pedestrian_killed, Fair (Day), EDSA Main Ave. Quezon City",MMDA Road Safety Unit,,eea62211-bdd0-4fc1-b352-030f8b88a9b3,2016-04-04,08:45:00,"EDSA GMA-7 ""U"" turn slot  Quezon City",0,0,0,0,0,0,0,0,0,0,2016-04-04 16:45,Property,14.61376458,121.0537933,Side Swipe
None,EDSA,None,None,"No Accident Factor, Side Swipe, 0.0 drivers_injured, 0.0 drivers_killed, 0.0 passengers_injured, 0.0 passengers_killed, 0.0 pedestrian_injured, 0.0 pedestrian_killed, Fair (Day), EDSA Ortigas Ave., Ugong Norte Quezon City",MMDA Road Safety Unit,,fa3402e7-9b61-4657-87d6-b7b14ecf3bbf,2016-04-04,08:00:00,EDSA Balintawak Market Quezon City,0,0,0,0,0,0,0,0,0,0,2016-04-04 16:00,Property,14.59335253,121.0584107,Side Swipe