LOCATION_TEXT,ROAD,WEATHER,LIGHT,DESC,REPORTING_AGENCY,MAIN_CAUSE,INCIDENTDETAILS_ID,DATE_UTC,TIME_UTC,ADDRESS,killed_driver,killed_passenger,killed_pedestrian,injured_driver,injured_passenger,injured_pedestrian,killed_uncategorized,injured_uncategorized,killed_total,injured_total,DATETIME_PST,SEVERITY,Y,X,COLLISION_TYPE
None,EDSA,None,None,"No Accident Factor, No Collision Stated (based on Police Blotter Book), 0.0 drivers_injured, 0.0 drivers_killed, 0.0 passengers_injured, 0.0 passengers_killed, 0.0 pedestrian_injured, 0.0 pedestrian_killed, Fair (Day), EDSA Cloverleaf Drive  Quezon City",MMDA Road Safety Unit,,22d68154-35ff-4c43-ace9-b669afe76e7d,2016-04-04,07:30:00,"EDSA Shell Gas Station, Katipu Quezon City",0,0,0,0,0,0,0,0,0,0,2016-04-04 15:30,Property,14.65740144,121.0008553,No Collision Stated
None,EDSA,None,None,"No Accident Factor, Rear-end, 0.0 drivers_injured, 0.0 drivers_killed, 0.0 passengers_injured, 0.0 passengers_killed, 0.0 pedestrian_injured, 0.0 pedestrian_killed, Fair (Day), EDSA E. Garcia St.  Quezon City",MMDA Road Safety Unit,,0b245a90-2711-44c9-8fd9-d7e3d19f2444,2016-04-04,05:30:00,EDSA Timog Ave.  Quezon City,0,0,0,0,0,0,0,0,0,0,2016-04-04 13:30,Property,14.62742033,121.0475769,Rear-End
None,EDSA,None,None,"No Accident Factor, No Collision Stated (based on Police Blotter Book), 0.0 drivers_injured, 0.0 drivers_killed, 0.0 passengers_injured, 0.0 passengers_killed, 0.0 pedestrian_injured, 0.0 pedestrian_killed, Fair (Day), EDSA Aurora Blvd. Quezon City",MMDA Road Safety Unit,,ba3d0fc5-a2a0-4d91-9037-44084c0d801f,2016-04-04,00:35:00,"EDSA Shell Gas Station, A. Samson Quezon City",0,0,0,0,0,0,0,0,0,0,2016-04-04 8:35,Property,14.62163653,121.0501573,No Collision Stated
None,EDSA,None,None,"No Accident Factor, Rear-end, 0.0 drivers_injured, 0.0 drivers_killed, 0.0 passengers_injured, 0.0 passengers_killed, 0.0 pedestrian_injured, 0.0 pedestrian_killed, Fair (Day), EDSA South Road Quezon City",MMDA Road Safety Unit,,93e88150-4071-4eae-aed9-23fc421811f5,2016-04-04,00:30:00,EDSA Balintawak Market Quezon City,0,0,0,0,0,0,0,0,0,0,2016-04-04 8:30,Property,14.61321318,121.053905,Rear-End
None,EDSA,None,None,"No Accident Factor, Angle Impact, 0.0 drivers_injured, 0.0 drivers_killed, 0.0 passengers_injured, 0.0 passengers_killed, 0.0 pedestrian_injured, 0.0 pedestrian_killed, Fair (Day), EDSA Aurora Blvd., Socorro Quezon City",MMDA Road Safety Unit,,d009e100-8e02-4bcd-8e55-07de591446e0,2016-04-04,00:30:00,EDSA East Ave. Quezon City,0,0,0,0,0,0,0,0,0,0,2016-04-04 8:30,Property,14.6218043,121.0502049,Angle Impact
None,EDSA,None,None,"No Accident Factor, Rear-end, 0.0 drivers_injured, 0.0 drivers_killed, 0.0 passengers_injured, 0.0 passengers_killed, 0.0 pedestrian_injured, 0.0 pedestrian_killed, Fair (Night), EDSA Station 10, Kamuning  Quezon City",MMDA Road Safety Unit,,ae5c1e1d-40d2-4190-935f-807fe61b63f7,2016-04-03,18:25:00,"EDSA Santolan, Socorro Quezon City",0,0,0,0,0,0,0,0,0,0,2016-04-04 2:25,Property,14.62991165,121.0461367,Rear-End
None,EDSA,None,None,"No Accident Factor, Rear-end, 0.0 drivers_injured, 0.0 drivers_killed, 0.0 passengers_injured, 0.0 passengers_killed, 0.0 pedestrian_injured, 0.0 pedestrian_killed, Fair (Night), EDSA Camp Aguinaldo Quezon City",MMDA Road Safety Unit,,daf9f97a-8a8d-4722-81eb-f143ad905b03,2016-04-03,17:30:00,EDSA Congressional Ave.  Quezon City,0,0,0,0,0,0,0,0,0,0,2016-04-04 1:30,Property,14.60818699,121.0564562,Rear-End
None,EDSA,None,None,"No Accident Factor, Rear-end, 0.0 drivers_injured, 0.0 drivers_killed, 0.0 passengers_injured, 0.0 passengers_killed, 0.0 pedestrian_injured, 0.0 pedestrian_killed, Fair (Night), EDSA Timog Ave.  Quezon City",MMDA Road Safety Unit,,17bc55ea-11ca-44ff-80d1-89596916cfd6,2016-04-02,19:25:00,"EDSA Farmers Plaza, Cubao Quezon City",0,0,0,0,0,0,0,0,0,0,2016-04-03 3:25,Property,14.63293559,121.0446304,Rear-End
None,EDSA,None,None,"No Accident Factor, Hit and Run (No Collision Stated), 0.0 drivers_injured, 0.0 drivers_killed, 0.0 passengers_injured, 0.0 passengers_killed, 0.0 pedestrian_injured, 0.0 pedestrian_killed, Fair (Night), EDSA Nepa Q-Mart, E. Rodriguez Quezon City",MMDA Road Safety Unit,,ce4e7554-3ca4-42e2-9d0f-7974efec5cf9,2016-04-02,19:15:00,EDSA P. Tuazon Blvd. Quezon City,0,0,0,0,0,0,0,0,0,0,2016-04-03 3:15,Property,14.62805361,121.0472521,No Collision Stated
None,EDSA,None,None,"No Accident Factor, Rear-end, 0.0 drivers_injured, 0.0 drivers_killed, 0.0 passengers_injured, 0.0 passengers_killed, 0.0 pedestrian_injured, 0.0 pedestrian_killed, Fair (Night), EDSA Oliveros Drive  Quezon City",MMDA Road Safety Unit,,ede88c83-5a57-458a-b813-166f3fa609f0,2016-04-02,17:30:00,"EDSA Chowking, Kamuning  Quezon City",0,0,0,0,0,0,0,0,0,0,2016-04-03 1:30,Property,14.65762799,121.0065288,Rear-End
None,EDSA,None,None,"No Accident Factor, Rear-end, 0.0 drivers_injured, 0.0 drivers_killed, 0.0 passengers_injured, 0.0 passengers_killed, 0.0 pedestrian_injured, 0.0 pedestrian_killed, Fair (Night), EDSA Cloverleaf Drive  Quezon City",MMDA Road Safety Unit,,fadcca00-40d4-4394-a502-a0b4d46160d0,2016-04-02,13:20:00,"EDSA Five Star Bus Terminal, Cubao Quezon City",0,0,0,0,0,0,0,0,0,0,2016-04-02 21:20,Property,14.65740144,121.0008553,Rear-End
None,EDSA,None,None,"No Accident Factor, No Collision Stated (based on Police Blotter Book), 0.0 drivers_injured, 0.0 drivers_killed, 0.0 passengers_injured, 0.0 passengers_killed, 0.0 pedestrian_injured, 0.0 pedestrian_killed, Fair (Night), EDSA Nepa Q-Mart, E. Rodriguez Quezon City",MMDA Road Safety Unit,,6a6d02b3-3837-4e07-829d-9ea871aaaa73,2016-04-02,13:15:00,"EDSA Five Star Bus Terminal, Cubao Quezon City",0,0,0,0,0,0,0,0,0,0,2016-04-02 21:15,Property,14.62805361,121.0472521,No Collision Stated
None,EDSA,None,None,"No Accident Factor, Side Swipe, 0.0 drivers_injured, 0.0 drivers_killed, 0.0 passengers_injured, 0.0 passengers_killed, 0.0 pedestrian_injured, 0.0 pedestrian_killed, Fair (Night), EDSA Cloverleaf Drive  Quezon City",MMDA Road Safety Unit,,69ad96e5-20fa-4200-8245-885a53c5e3da,2016-04-02,12:30:00,"EDSA Whiteplains Avenue, Ugong Norte Quezon City",0,0,0,0,0,0,0,0,0,0,2016-04-02 20:30,Property,14.65740144,121.0008553,Side Swipe
None,EDSA,None,None,"No Accident Factor, Side Swipe, 0.0 drivers_injured, 0.0 drivers_killed, 0.0 passengers_injured, 0.0 passengers_killed, 0.0 pedestrian_injured, 0.0 pedestrian_killed, Fair (Night), EDSA Guzent, A. Samson  Quezon City",MMDA Road Safety Unit,,73d1b96a-7606-4ffd-8711-33256916c5c2,2016-04-02,10:20:00,"EDSA Whiteplains Avenue, Ugong Norte Quezon City",0,0,0,0,0,0,0,0,0,0,2016-04-02 18:20,Property,14.65744346,121.0139061,Side Swipe
None,EDSA,None,None,"No Accident Factor, Side Swipe, 1.0 drivers_injured, 0.0 drivers_killed, 0.0 passengers_injured, 0.0 passengers_killed, 0.0 pedestrian_injured, 0.0 pedestrian_killed, Fair (Night), EDSA New York St. Quezon City",MMDA Road Safety Unit,,6c92f762-768b-4396-9fd6-fe4af67927b9,2016-04-02,10:10:00,EDSA Quezon Ave. Quezon City,0,0,0,1,0,0,0,0,0,1,2016-04-02 18:10,Injury,14.62568514,121.0482307,Side Swipe
None,EDSA,None,None,"No Accident Factor, No Collision Stated (based on Police Blotter Book), 0.0 drivers_injured, 0.0 drivers_killed, 0.0 passengers_injured, 0.0 passengers_killed, 0.0 pedestrian_injured, 0.0 pedestrian_killed, Fair (Day), EDSA Misamis Street, Pagasa Quezon City",MMDA Road Safety Unit,,1f72e088-20bd-427e-8ff9-bfadaceca9b5,2016-04-02,03:00:00,EDSA Quezon Ave. Quezon City,0,0,0,0,0,0,0,0,0,0,2016-04-02 11:00,Property,14.65602348,121.0285212,No Collision Stated
None,EDSA,None,None,"No Accident Factor, Side Swipe, 0.0 drivers_injured, 0.0 drivers_killed, 0.0 passengers_injured, 0.0 passengers_killed, 0.0 pedestrian_injured, 0.0 pedestrian_killed, Fair (Day), EDSA Cloverleaf Drive  Quezon City",MMDA Road Safety Unit,,57066c12-ca2e-4713-90f9-40c9a21ebbdd,2016-04-02,00:05:00,"EDSA East Avenue, Pinyahan Quezon City",0,0,0,0,0,0,0,0,0,0,2016-04-02 8:05,Property,14.65740144,121.0008553,Side Swipe
None,EDSA,None,None,"No Accident Factor, Side Swipe, 0.0 drivers_injured, 0.0 drivers_killed, 0.0 passengers_injured, 0.0 passengers_killed, 0.0 pedestrian_injured, 0.0 pedestrian_killed, Fair (Day), EDSA Kamuning Road Quezon City",MMDA Road Safety Unit,,72573e23-6a9a-493c-8536-4fdc1475ea3c,2016-04-01,06:00:00,"EDSA People Power Monument, Camp Aguinaldo Quezon City",0,0,0,0,0,0,0,0,0,0,2016-04-01 14:00,Property,14.63075725,121.0457548,Side Swipe
None,EDSA,None,None,"No Accident Factor, Hit and Run (Side Swipe), 0.0 drivers_injured, 0.0 drivers_killed, 0.0 passengers_injured, 0.0 passengers_killed, 0.0 pedestrian_injured, 0.0 pedestrian_killed, Fair (Day), EDSA Genesis Bus Terminal, E. Rodriguez Quezon City",MMDA Road Safety Unit,,a4dcec51-ec46-4646-aaaa-db652b6d7a1d,2016-03-31,23:45:00,EDSA Ortigas Ave. Quezon City,0,0,0,0,0,0,0,0,0,0,2016-04-01 7:45,Property,14.6256048,121.0483444,Side Swipe
None,EDSA,None,None,"No Accident Factor, Multiple Collision, 0.0 drivers_injured, 0.0 drivers_killed, 0.0 passengers_injured, 0.0 passengers_killed, 0.0 pedestrian_injured, 0.0 pedestrian_killed, Fair (Night), EDSA K-10th St.  Quezon City",MMDA Road Safety Unit,,fb789cfd-23c5-491a-acab-f833bf80323f,2016-03-31,15:40:00,EDSA Quezon Ave. (WB) Quezon City,0,0,0,0,0,0,0,0,0,0,2016-03-31 23:40,Property,14.62879439,121.046914,Multiple
None,EDSA,None,None,"No Accident Factor, Side Swipe, 0.0 drivers_injured, 0.0 drivers_killed, 0.0 passengers_injured, 0.0 passengers_killed, 0.0 pedestrian_injured, 0.0 pedestrian_killed, Fair (Night), EDSA ""U"" turn slot, Quezon City Academy Quezon City",MMDA Road Safety Unit,,47676256-65d3-40d1-8019-0bbe59d5a64c,2016-03-31,11:25:00,EDSA Santolan (SB) Quezon City,0,0,0,0,0,0,0,0,0,0,2016-03-31 19:25,Property,14.65655357,121.0260701,Side Swipe
None,EDSA,None,None,"No Accident Factor, Rear-end, 0.0 drivers_injured, 0.0 drivers_killed, 0.0 passengers_injured, 0.0 passengers_killed, 0.0 pedestrian_injured, 0.0 pedestrian_killed, Fair (Day), EDSA Aurora Blvd. Quezon City",MMDA Road Safety Unit,,756cb628-5c00-4c14-9632-fa0f2830c693,2016-03-31,09:30:00,"EDSA Chowking, A. Samson  Quezon City",0,0,0,0,0,0,0,0,0,0,2016-03-31 17:30,Property,14.62163653,121.0501573,Rear-End
None,EDSA,None,None,"No Accident Factor, Side Swipe, 0.0 drivers_injured, 0.0 drivers_killed, 0.0 passengers_injured, 0.0 passengers_killed, 0.0 pedestrian_injured, 0.0 pedestrian_killed, Fair (Day), EDSA Cloverleaf Road Quezon City",MMDA Road Safety Unit,,03d1db26-ad62-4b98-9f01-89993cfae3d8,2016-03-31,04:30:00,"EDSA People Power Monument-Whiteplains Avenue, Aguinaldo Quezon City",0,0,0,0,0,0,0,0,0,0,2016-03-31 12:30,Property,14.65747901,121.0011914,Side Swipe
None,EDSA,None,None,"No Accident Factor, Rear-end, 0.0 drivers_injured, 0.0 drivers_killed, 0.0 passengers_injured, 0.0 passengers_killed, 0.0 pedestrian_injured, 0.0 pedestrian_killed, Fair (Day), EDSA B. Serrano (WB) Quezon City",MMDA Road Safety Unit,,a53b9137-1509-4978-a7f6-fa1e2d7aec91,2016-03-31,02:15:00,EDSA Boni Serrano Ave.  Quezon City,0,0,0,0,0,0,0,0,0,0,2016-03-31 10:15,Property,14.61096685,121.0551991,Rear-End
None,EDSA,None,None,"No Accident Factor, Side Swipe, 0.0 drivers_injured, 0.0 drivers_killed, 0.0 passengers_injured, 0.0 passengers_killed, 0.0 pedestrian_injured, 0.0 pedestrian_killed, Fair (Day), EDSA Kamias Road (Mercury Drug, West Kamias) Quezon City",MMDA Road Safety Unit,,ee5ae27c-7cb7-45ee-8030-d89ad795fccc,2016-03-30,22:00:00,EDSA East Ave. (NB) Quezon City,0,0,0,0,0,0,0,0,0,0,2016-03-31 6:00,Property,14.6309142,121.0459376,Side Swipe
None,EDSA,None,None,"No Accident Factor, Hit and Run (No Collision Stated), 0.0 drivers_injured, 0.0 drivers_killed, 0.0 passengers_injured, 0.0 passengers_killed, 0.0 pedestrian_injured, 0.0 pedestrian_killed, Fair (Night), EDSA Main Ave. Quezon City",MMDA Road Safety Unit,,556a50ed-8ac7-4f14-a2c7-7c85d8d81e95,2016-03-30,15:35:00,"EDSA ""U"" turn slot, Quezon City Academy (SB) Quezon City",0,0,0,0,0,0,0,0,0,0,2016-03-30 23:35,Property,14.61376458,121.0537933,No Collision Stated
None,EDSA,None,None,"No Accident Factor, Rear-end, 0.0 drivers_injured, 0.0 drivers_killed, 0.0 passengers_injured, 0.0 passengers_killed, 0.0 pedestrian_injured, 0.0 pedestrian_killed, Fair (Day), EDSA Whiteplains Ave.  Quezon City",MMDA Road Safety Unit,,eafa67f6-c52f-40b9-9686-cb6d43534280,2016-03-30,02:00:00,EDSA Kamias Road Quezon City,0,0,0,0,0,0,0,0,0,0,2016-03-30 10:00,Property,14.59961782,121.0596522,Rear-End
None,EDSA,None,None,"No Accident Factor, No Collision Stated (based on Police Blotter Book), 0.0 drivers_injured, 0.0 drivers_killed, 0.0 passengers_injured, 0.0 passengers_killed, 0.0 pedestrian_injured, 0.0 pedestrian_killed, Fair (Night), EDSA Jacman Bldg., Ramon Magsaysay Quezon City",MMDA Road Safety Unit,,e24a9227-f47e-4f81-a3d0-57021ca8030a,2016-03-29,15:35:00,"EDSA Quezon Ave., Bagong Pag-asa Quezon City",0,0,0,0,0,0,0,0,0,0,2016-03-29 23:35,Property,14.65777839,121.0208499,No Collision Stated
None,EDSA,None,None,"No Accident Factor, Rear-end, 1.0 drivers_injured, 0.0 drivers_killed, 0.0 passengers_injured, 0.0 passengers_killed, 0.0 pedestrian_injured, 0.0 pedestrian_killed, Fair (Night), EDSA NIA Road Quezon City",MMDA Road Safety Unit,,c6f803dc-d805-4942-ac5f-2d1b35dea001,2016-03-29,13:00:00,EDSA Quezon Ave. (SB) Quezon City,0,0,0,1,0,0,0,0,0,1,2016-03-29 21:00,Injury,14.63727823,121.0421362,Rear-End
None,EDSA,None,None,"No Accident Factor, Rear-end, 0.0 drivers_injured, 0.0 drivers_killed, 1.0 passengers_injured, 0.0 passengers_killed, 0.0 pedestrian_injured, 0.0 pedestrian_killed, Fair (Day), EDSA Timog Ave.  Quezon City",MMDA Road Safety Unit,,695d3261-5a72-42d3-90c3-fe1ad84d0a0c,2016-03-29,09:00:00,EDSA ES Transport Terminal Quezon City,0,0,0,0,1,0,0,0,0,1,2016-03-29 17:00,Injury,14.63293559,121.0446304,Rear-End
None,EDSA,None,None,"No Accident Factor, Side Swipe, 0.0 drivers_injured, 0.0 drivers_killed, 0.0 passengers_injured, 0.0 passengers_killed, 0.0 pedestrian_injured, 0.0 pedestrian_killed, Fair (Day), EDSA Aurora Blvd. Quezon City",MMDA Road Safety Unit,,4da545b6-148b-48cb-9f0e-560698dc28a7,2016-03-29,04:15:00,EDSA SM Annex (NB) Quezon City,0,0,0,0,0,0,0,0,0,0,2016-03-29 12:15,Property,14.62163653,121.0501573,Side Swipe
None,EDSA,None,None,"No Accident Factor, No Collision Stated (based on Police Blotter Book), 0.0 drivers_injured, 0.0 drivers_killed, 0.0 passengers_injured, 0.0 passengers_killed, 0.0 pedestrian_injured, 0.0 pedestrian_killed, Fair (Day), EDSA Corregidor Street, Ramon Magsaysay Quezon City",MMDA Road Safety Unit,,fbb7264f-64cd-4e09-9f2c-aba2041b1912,2016-03-29,03:00:00,EDSA P. Tuazon Blvd. Quezon City,0,0,0,0,0,0,0,0,0,0,2016-03-29 11:00,Property,14.65707679,121.0241648,No Collision Stated
None,EDSA,None,None,"No Accident Factor, Rear-end, 0.0 drivers_injured, 0.0 drivers_killed, 0.0 passengers_injured, 0.0 passengers_killed, 0.0 pedestrian_injured, 0.0 pedestrian_killed, Fair (Day), EDSA Quezon Ave. (EB) Quezon City",MMDA Road Safety Unit,,572cd40b-41cf-42ff-be99-77fe302b2210,2016-03-29,01:35:00,EDSA New York St. (NB) Quezon City,0,0,0,0,0,0,0,0,0,0,2016-03-29 9:35,Property,14.6442444,121.0375839,Rear-End
None,EDSA,None,None,"No Accident Factor, Hit Object (Post-Concrete, MRT), 0.0 drivers_injured, 0.0 drivers_killed, 0.0 passengers_injured, 0.0 passengers_killed, 0.0 pedestrian_injured, 0.0 pedestrian_killed, Fair (Day), EDSA Col. Bonny Serrano Ave.  Quezon City",MMDA Road Safety Unit,,225af00a-a997-4c42-b4c2-c57d93fb8a95,2016-03-29,00:00:00,EDSA Kamias (NB) Quezon City,0,0,0,0,0,0,0,0,0,0,2016-03-29 8:00,Property,14.61107337,121.0550705,Hit Object
None,EDSA,None,None,"No Accident Factor, Hit and Run (No Collision Stated), 0.0 drivers_injured, 0.0 drivers_killed, 0.0 passengers_injured, 0.0 passengers_killed, 0.0 pedestrian_injured, 0.0 pedestrian_killed, Fair (Night), EDSA East Ave. Quezon City",MMDA Road Safety Unit,,0acdba31-f6c8-4a61-97d3-72dcf8f56668,2016-03-28,15:05:00,"EDSA East Avenue, Pinyahan Quezon City",0,0,0,0,0,0,0,0,0,0,2016-03-28 23:05,Property,14.6328297,121.0451176,No Collision Stated
None,EDSA,None,None,"No Accident Factor, Rear-end, 0.0 drivers_injured, 0.0 drivers_killed, 0.0 passengers_injured, 0.0 passengers_killed, 0.0 pedestrian_injured, 0.0 pedestrian_killed, Fair (Night), EDSA East Ave. Quezon City",MMDA Road Safety Unit,,3b32ba3d-982c-412c-9a3e-0a6ba02c4f04,2016-03-28,11:30:00,EDSA Ortigas Ave. Quezon City,0,0,0,0,0,0,0,0,0,0,2016-03-28 19:30,Property,14.6328297,121.0451176,Rear-End
None,EDSA,None,None,"No Accident Factor, Side Swipe, 0.0 drivers_injured, 0.0 drivers_killed, 0.0 passengers_injured, 0.0 passengers_killed, 0.0 pedestrian_injured, 0.0 pedestrian_killed, Fair (Day), EDSA Mapagmahal St.  Quezon City",MMDA Road Safety Unit,,eafb2cda-5c40-49ed-85cc-7ff254eb6d80,2016-03-28,07:55:00,EDSA Balintawak Market  Quezon City,0,0,0,0,0,0,0,0,0,0,2016-03-28 15:55,Property,14.63185046,121.0455315,Side Swipe
None,EDSA,None,None,"No Accident Factor, Side Swipe, 0.0 drivers_injured, 0.0 drivers_killed, 0.0 passengers_injured, 0.0 passengers_killed, 0.0 pedestrian_injured, 0.0 pedestrian_killed, Fair (Day), EDSA Aurora Blvd. Quezon City",MMDA Road Safety Unit,,a91f70a1-8bff-4ce7-9bee-bffdf19efa74,2016-03-28,07:35:00,"EDSA ""U"" turn slot, Quezon City Academy (SB) Quezon City",0,0,0,0,0,0,0,0,0,0,2016-03-28 15:35,Property,14.62163653,121.0501573,Side Swipe
None,EDSA,None,None,"No Accident Factor, No Collision Stated (based on Police Blotter Book), 0.0 drivers_injured, 0.0 drivers_killed, 0.0 passengers_injured, 0.0 passengers_killed, 0.0 pedestrian_injured, 0.0 pedestrian_killed, Fair (Day), EDSA P. Tuazon Blvd. Quezon City",MMDA Road Safety Unit,,7641a55c-c53a-417c-b481-9f6afc50bce5,2016-03-28,03:00:00,EDSA SM North (NB) Quezon City,0,0,0,0,0,0,0,0,0,0,2016-03-28 11:00,Property,14.61656342,121.0525225,No Collision Stated
None,EDSA,None,None,"No Accident Factor, Hit and Run (Side Swipe), 0.0 drivers_injured, 0.0 drivers_killed, 0.0 passengers_injured, 0.0 passengers_killed, 0.0 pedestrian_injured, 0.0 pedestrian_killed, Fair (Day), EDSA Col. Bonny Serrano Ave.  Quezon City",MMDA Road Safety Unit,,4457cbee-0f50-447d-b5d7-b96b72b20dad,2016-03-28,02:30:00,EDSA Bansalangin  Quezon City,0,0,0,0,0,0,0,0,0,0,2016-03-28 10:30,Property,14.61107337,121.0550705,Side Swipe
None,EDSA,None,None,"No Accident Factor, Rear-end, 0.0 drivers_injured, 0.0 drivers_killed, 0.0 passengers_injured, 0.0 passengers_killed, 0.0 pedestrian_injured, 0.0 pedestrian_killed, Fair (Day), EDSA Mother Ignacia St.  Quezon City",MMDA Road Safety Unit,,ae7e46ad-8dfc-4732-9567-650e94972abe,2016-03-28,01:45:00,EDSA Oliveros (NB) Quezon City,0,0,0,0,0,0,0,0,0,0,2016-03-28 9:45,Property,14.64220321,121.0386692,Rear-End
None,EDSA,None,None,"No Accident Factor, Rear-end, 0.0 drivers_injured, 0.0 drivers_killed, 0.0 passengers_injured, 0.0 passengers_killed, 0.0 pedestrian_injured, 0.0 pedestrian_killed, Fair (Day), EDSA Quezon Ave. (WB) Quezon City",MMDA Road Safety Unit,,7c6b1ff2-3fb1-4b67-ad03-ae48286d8409,2016-03-28,00:55:00,EDSA Trinoma Mall (NB) Quezon City,0,0,0,0,0,0,0,0,0,0,2016-03-28 8:55,Property,14.6442444,121.0375839,Rear-End
None,EDSA,None,None,"No Accident Factor, Angle Impact, 0.0 drivers_injured, 0.0 drivers_killed, 0.0 passengers_injured, 0.0 passengers_killed, 0.0 pedestrian_injured, 0.0 pedestrian_killed, Fair (Day), EDSA P. Tuazon Blvd. Quezon City",MMDA Road Safety Unit,,5185222c-acc0-4208-b1b8-3d7e89bf680a,2016-03-27,23:00:00,EDSA Corregidor St. Quezon City,0,0,0,0,0,0,0,0,0,0,2016-03-28 7:00,Property,14.61656342,121.0525225,Angle Impact
None,EDSA,None,None,"No Accident Factor, No Collision Stated (based on Police Blotter Book), 0.0 drivers_injured, 0.0 drivers_killed, 0.0 passengers_injured, 0.0 passengers_killed, 0.0 pedestrian_injured, 0.0 pedestrian_killed, Fair (Night), EDSA Congressional Ave.  Quezon City",MMDA Road Safety Unit,,641d798d-cac9-4db7-b27d-4f754854192c,2016-03-27,19:45:00,EDSA Super Lines Bus Terminal Quezon City,0,0,0,0,0,0,0,0,0,0,2016-03-28 3:45,Property,14.6571804,120.9927185,No Collision Stated
None,EDSA,None,None,"No Accident Factor, Side Swipe, 0.0 drivers_injured, 0.0 drivers_killed, 2.0 passengers_injured, 0.0 passengers_killed, 0.0 pedestrian_injured, 0.0 pedestrian_killed, Fair (Night), EDSA Bansalangin  Quezon City",MMDA Road Safety Unit,,f420151a-67df-455b-9ab5-76650de455a5,2016-03-27,13:30:00,EDSA B. Serrano Ave. Quezon City,0,0,0,0,2,0,0,0,0,2,2016-03-27 21:30,Injury,14.6567996,121.0241845,Side Swipe
None,EDSA,None,None,"No Accident Factor, Rear-end, 1.0 drivers_injured, 0.0 drivers_killed, 1.0 passengers_injured, 0.0 passengers_killed, 0.0 pedestrian_injured, 0.0 pedestrian_killed, Fair (Night), EDSA Main Ave. Quezon City",MMDA Road Safety Unit,,6b5daa6a-af21-45cb-b6ef-927e53fb0e5a,2016-03-27,12:00:00,"EDSA ""U"" turn slot, Santolan (NB) Quezon City",0,0,0,1,1,0,0,0,0,2,2016-03-27 20:00,Injury,14.61376458,121.0537933,Rear-End
None,EDSA,None,None,"No Accident Factor, Rear-end, 0.0 drivers_injured, 0.0 drivers_killed, 0.0 passengers_injured, 0.0 passengers_killed, 0.0 pedestrian_injured, 0.0 pedestrian_killed, Fair (Day), EDSA Kamuning Road Quezon City",MMDA Road Safety Unit,,d154471a-fc52-407f-bcee-b06ca31204ac,2016-03-26,08:30:00,"EDSA ""U"" turn slot, Quezon City Academy (SB) Quezon City",0,0,0,0,0,0,0,0,0,0,2016-03-26 16:30,Property,14.63075725,121.0457548,Rear-End
None,EDSA,None,None,"No Accident Factor, Hit Object (Center Island), 0.0 drivers_injured, 0.0 drivers_killed, 4.0 passengers_injured, 0.0 passengers_killed, 0.0 pedestrian_injured, 0.0 pedestrian_killed, Fair (Night), EDSA Aurora Blvd. Quezon City",MMDA Road Safety Unit,,934ad129-f9f5-49c4-b966-d6a72aab4996,2016-03-25,15:30:00,"EDSA SM North, Sto. Cristo Quezon City",0,0,0,0,4,0,0,0,0,4,2016-03-25 23:30,Injury,14.62163653,121.0501573,Hit Object
None,EDSA,None,None,"No Accident Factor, Side Swipe, 0.0 drivers_injured, 0.0 drivers_killed, 0.0 passengers_injured, 0.0 passengers_killed, 0.0 pedestrian_injured, 0.0 pedestrian_killed, Fair (Day), EDSA Aurora Blvd. Quezon City",MMDA Road Safety Unit,,72aec53e-5bad-4530-bd62-e9f923813a1e,2016-03-25,06:30:00,EDSA Kaingin Road Quezon City,0,0,0,0,0,0,0,0,0,0,2016-03-25 14:30,Property,14.62163653,121.0501573,Side Swipe
None,EDSA,None,None,"No Accident Factor, Rear-end, 0.0 drivers_injured, 0.0 drivers_killed, 0.0 passengers_injured, 0.0 passengers_killed, 0.0 pedestrian_injured, 0.0 pedestrian_killed, Fair (Day), EDSA Baliwag Bus Terminal, E. Rodriguez Quezon City",MMDA Road Safety Unit,,063bb398-4a01-41c1-a16d-bed05f539344,2016-03-24,09:40:00,EDSA K-3rd St.  Quezon City,0,0,0,0,0,0,0,0,0,0,2016-03-24 17:40,Property,14.6244766,121.0489584,Rear-End
None,EDSA,None,None,"No Accident Factor, Hit and Run (No Collision Stated), 0.0 drivers_injured, 0.0 drivers_killed, 0.0 passengers_injured, 0.0 passengers_killed, 0.0 pedestrian_injured, 0.0 pedestrian_killed, Fair (Day), EDSA Kamias Road Quezon City",MMDA Road Safety Unit,,84e20516-f99c-42f1-99f4-a029631e4908,2016-03-24,04:00:00,"EDSA ""U"" turn slot, Santolan (NB) Quezon City",0,0,0,0,0,0,0,0,0,0,2016-03-24 12:00,Property,14.6309142,121.0459376,No Collision Stated
None,EDSA,None,None,"No Accident Factor, Rear-end, 0.0 drivers_injured, 0.0 drivers_killed, 0.0 passengers_injured, 0.0 passengers_killed, 0.0 pedestrian_injured, 0.0 pedestrian_killed, Fair (Night), EDSA SM Annex Quezon City",MMDA Road Safety Unit,,b8d7cc35-14bf-4b9a-9763-ced0b34e946a,2016-03-23,19:05:00,EDSA Mapagmahal St. Quezon City,0,0,0,0,0,0,0,0,0,0,2016-03-24 3:05,Property,14.65628012,121.0272074,Rear-End
None,EDSA,None,None,"No Accident Factor, Rear-end, 0.0 drivers_injured, 0.0 drivers_killed, 0.0 passengers_injured, 0.0 passengers_killed, 0.0 pedestrian_injured, 0.0 pedestrian_killed, Fair (Night), EDSA Scout Borromeo St. Quezon City",MMDA Road Safety Unit,,1c15eeb6-2eaf-4a30-b67b-5af65aeca5bf,2016-03-23,15:00:00,EDSA New York St. Quezon City,0,0,0,0,0,0,0,0,0,0,2016-03-23 23:00,Property,14.63715712,121.0419507,Rear-End