LOCATION_TEXT,ROAD,WEATHER,LIGHT,DESC,REPORTING_AGENCY,MAIN_CAUSE,INCIDENTDETAILS_ID,DATE_UTC,TIME_UTC,ADDRESS,killed_driver,killed_passenger,killed_pedestrian,injured_driver,injured_passenger,injured_pedestrian,killed_uncategorized,injured_uncategorized,killed_total,injured_total,DATETIME_PST,SEVERITY,Y,X,COLLISION_TYPE
None,EDSA,None,None,"No Accident Factor, Side Swipe, 0.0 drivers_injured, 0.0 drivers_killed, 0.0 passengers_injured, 0.0 passengers_killed, 0.0 pedestrian_injured, 0.0 pedestrian_killed, Fair (Night), EDSA Ramon Magsaysay High School Quezon City",MMDA Road Safety Unit,,c7796215-e256-491b-9242-363899079716,2016-03-23,14:40:00,EDSA Boni Serrano Ave.  Quezon City,0,0,0,0,0,0,0,0,0,0,2016-03-23 22:40,Property,14.62774693,121.0471762,Side Swipe
None,EDSA,None,None,"No Accident Factor, Side Swipe, 0.0 drivers_injured, 0.0 drivers_killed, 0.0 passengers_injured, 0.0 passengers_killed, 0.0 pedestrian_injured, 0.0 pedestrian_killed, Fair (Night), EDSA Caltex Gas Station, A. Samson  Quezon City",MMDA Road Safety Unit,,bea8370d-ab27-40fe-900d-34ddc65dc1b1,2016-03-23,14:00:00,EDSA Aurora Blvd. (NB)  Quezon City,0,0,0,0,0,0,0,0,0,0,2016-03-23 22:00,Property,14.65756562,121.0045938,Side Swipe
None,EDSA,None,None,"No Accident Factor, Rear-end, 0.0 drivers_injured, 0.0 drivers_killed, 0.0 passengers_injured, 0.0 passengers_killed, 0.0 pedestrian_injured, 0.0 pedestrian_killed, Fair (Day), EDSA Cloverleaf Drive Quezon City",MMDA Road Safety Unit,,98fad169-7e25-4535-8564-4c72b6194e5f,2016-03-23,08:50:00,EDSA SM Annex (NB) Quezon City,0,0,0,0,0,0,0,0,0,0,2016-03-23 16:50,Property,14.65740144,121.0008553,Rear-End
None,EDSA,None,None,"No Accident Factor, Side Swipe, 0.0 drivers_injured, 0.0 drivers_killed, 0.0 passengers_injured, 0.0 passengers_killed, 0.0 pedestrian_injured, 0.0 pedestrian_killed, Fair (Day), EDSA Roosevelt Ave.  Quezon City",MMDA Road Safety Unit,,277c2135-8087-48cb-bb6a-5af75629a43b,2016-03-23,07:20:00,EDSA Santolan MRT Station Quezon City,0,0,0,0,0,0,0,0,0,0,2016-03-23 15:20,Property,14.65762047,121.0196373,Side Swipe
None,EDSA,None,None,"No Accident Factor, Side Swipe, 0.0 drivers_injured, 0.0 drivers_killed, 0.0 passengers_injured, 0.0 passengers_killed, 0.0 pedestrian_injured, 0.0 pedestrian_killed, Fair (Day), EDSA Oliveros Quezon City",MMDA Road Safety Unit,,ccb3a61f-4a3d-4c46-b776-e91860038bb2,2016-03-23,07:00:00,EDSA Santolan (WB) Quezon City,0,0,0,0,0,0,0,0,0,0,2016-03-23 15:00,Property,14.65762799,121.0065288,Side Swipe
None,EDSA,None,None,"No Accident Factor, Rear-end, 0.0 drivers_injured, 0.0 drivers_killed, 0.0 passengers_injured, 0.0 passengers_killed, 0.0 pedestrian_injured, 0.0 pedestrian_killed, Fair (Day), EDSA Puregold, Balingasa Quezon City",MMDA Road Safety Unit,,3a65bd11-8806-4b15-8126-324a053ec771,2016-03-23,04:30:00,EDSA Scout Borromeo St. Quezon City,0,0,0,0,0,0,0,0,0,0,2016-03-23 12:30,Property,14.65739538,121.0046638,Rear-End
None,EDSA,None,None,"No Accident Factor, Angle Impact, 0.0 drivers_injured, 0.0 drivers_killed, 0.0 passengers_injured, 0.0 passengers_killed, 0.0 pedestrian_injured, 0.0 pedestrian_killed, Fair (Day), EDSA Kaingin Road Quezon City",MMDA Road Safety Unit,,7db3cfab-80cd-4cd2-bed9-bc0a610b4f70,2016-03-23,03:45:00,EDSA Ermin Garcia St.  Quezon City,0,0,0,0,0,0,0,0,0,0,2016-03-23 11:45,Property,14.65746493,121.0109963,Angle Impact
None,EDSA,None,None,"No Accident Factor, Rear-end, 0.0 drivers_injured, 0.0 drivers_killed, 0.0 passengers_injured, 0.0 passengers_killed, 0.0 pedestrian_injured, 0.0 pedestrian_killed, Fair (Day), EDSA Kaingin Road Quezon City",MMDA Road Safety Unit,,cbe28835-1f50-4a72-88ce-e49ea62913b9,2016-03-23,03:00:00,EDSA Boni Serrano Ave.  Quezon City,0,0,0,0,0,0,0,0,0,0,2016-03-23 11:00,Property,14.65746493,121.0109963,Rear-End
None,EDSA,None,None,"No Accident Factor, No Collision Stated (based on Police Blotter Book), 0.0 drivers_injured, 0.0 drivers_killed, 0.0 passengers_injured, 0.0 passengers_killed, 0.0 pedestrian_injured, 0.0 pedestrian_killed, Fair (Night), EDSA Quezon Ave. Quezon City",MMDA Road Safety Unit,,8fb8256e-a762-4d70-8d0a-5ffe895136d3,2016-03-22,15:00:00,EDSA Quezon Ave. Quezon City,0,0,0,0,0,0,0,0,0,0,2016-03-22 23:00,Property,14.6442444,121.0375839,No Collision Stated
None,EDSA,None,None,"No Accident Factor, Side Swipe, 0.0 drivers_injured, 0.0 drivers_killed, 0.0 passengers_injured, 0.0 passengers_killed, 0.0 pedestrian_injured, 0.0 pedestrian_killed, Fair (Night), EDSA North Road Quezon City",MMDA Road Safety Unit,,d1bc7c64-a5c4-4d89-a1eb-b37e0bef2869,2016-03-22,10:20:00,EDSA Quezon Ave. (SB) Quezon City,0,0,0,0,0,0,0,0,0,0,2016-03-22 18:20,Property,14.61444188,121.0532975,Side Swipe
None,EDSA,None,None,"No Accident Factor, No Collision Stated (based on Police Blotter Book), 0.0 drivers_injured, 0.0 drivers_killed, 0.0 passengers_injured, 0.0 passengers_killed, 0.0 pedestrian_injured, 0.0 pedestrian_killed, Fair (Day), EDSA SM North, Pagasa Quezon City",MMDA Road Safety Unit,,62c11022-7229-4e74-a795-21a67b57ffe8,2016-03-22,06:00:00,EDSA Timog Ave. (WB) Quezon City,0,0,0,0,0,0,0,0,0,0,2016-03-22 14:00,Property,14.65645143,121.0271077,No Collision Stated
None,EDSA,None,None,"No Accident Factor, Side Swipe, 0.0 drivers_injured, 0.0 drivers_killed, 0.0 passengers_injured, 0.0 passengers_killed, 0.0 pedestrian_injured, 0.0 pedestrian_killed, Fair (Day), EDSA Kamuning Road Quezon City",MMDA Road Safety Unit,,c52f330f-9553-4f0d-a86e-08e2306d8b61,2016-03-22,04:00:00,EDSA Bernardo Park (SB) Quezon City,0,0,0,0,0,0,0,0,0,0,2016-03-22 12:00,Property,14.63075725,121.0457548,Side Swipe
None,EDSA,None,None,"No Accident Factor, No Collision Stated (based on Police Blotter Book), 0.0 drivers_injured, 0.0 drivers_killed, 0.0 passengers_injured, 0.0 passengers_killed, 0.0 pedestrian_injured, 0.0 pedestrian_killed, Fair (Day), EDSA North Road Quezon City",MMDA Road Safety Unit,,8c351dc0-1bab-48e3-9d53-d7b4a0a5ed25,2016-03-22,02:35:00,EDSA Kamuning Road Quezon City,0,0,0,0,0,0,0,0,0,0,2016-03-22 10:35,Property,14.61444188,121.0532975,No Collision Stated
None,EDSA,None,None,"No Accident Factor, Rear-end, 0.0 drivers_injured, 0.0 drivers_killed, 0.0 passengers_injured, 0.0 passengers_killed, 0.0 pedestrian_injured, 0.0 pedestrian_killed, Fair (Night), EDSA North Road Quezon City",MMDA Road Safety Unit,,8c273e1d-ce94-4012-a4f9-06533cb1047d,2016-03-21,14:00:00,EDSA Quezon Ave. (WB) Quezon City,0,0,0,0,0,0,0,0,0,0,2016-03-21 22:00,Property,14.61444188,121.0532975,Rear-End
None,EDSA,None,None,"No Accident Factor, Side Swipe, 0.0 drivers_injured, 0.0 drivers_killed, 0.0 passengers_injured, 0.0 passengers_killed, 0.0 pedestrian_injured, 0.0 pedestrian_killed, Fair (Night), EDSA Ortigas Ave. (Robinsons Galleria, Ugong Norte) Quezon City",MMDA Road Safety Unit,,65c1cdfb-a63e-4acd-ab71-6cf1a1809d14,2016-03-21,12:10:00,"EDSA DILG, Quezon Ave. (SB) Quezon City",0,0,0,0,0,0,0,0,0,0,2016-03-21 20:10,Property,14.59275486,121.0584221,Side Swipe
None,EDSA,None,None,"No Accident Factor, Rear-end, 0.0 drivers_injured, 0.0 drivers_killed, 0.0 passengers_injured, 0.0 passengers_killed, 0.0 pedestrian_injured, 0.0 pedestrian_killed, Fair (Day), EDSA Cloverleaf Quezon City",MMDA Road Safety Unit,,1cd2dad5-7585-43dc-9129-f7f704e1e7ea,2016-03-21,07:10:00,"EDSA ""U"" turn slot, P. Tuazon (NB) Quezon City",0,0,0,0,0,0,0,0,0,0,2016-03-21 15:10,Property,14.65747901,121.0011914,Rear-End
None,EDSA,None,None,"No Accident Factor, Rear-end, 0.0 drivers_injured, 0.0 drivers_killed, 0.0 passengers_injured, 0.0 passengers_killed, 0.0 pedestrian_injured, 0.0 pedestrian_killed, Fair (Day), EDSA West Ave. Quezon City",MMDA Road Safety Unit,,265a8eb1-dd08-4504-a8ca-a05190c1c89a,2016-03-21,04:30:00,EDSA Centris (NB) Quezon City,0,0,0,0,0,0,0,0,0,0,2016-03-21 12:30,Property,14.65548924,121.0298079,Rear-End
None,EDSA,None,None,"No Accident Factor, Hit and Run (No Collision Stated), 0.0 drivers_injured, 0.0 drivers_killed, 0.0 passengers_injured, 0.0 passengers_killed, 0.0 pedestrian_injured, 0.0 pedestrian_killed, Fair (Day), EDSA East Ave. Quezon City",MMDA Road Safety Unit,,28c3c971-3fcb-4d09-9263-4ee5eebd3b2f,2016-03-21,00:40:00,EDSA West Ave. Quezon City,0,0,0,0,0,0,0,0,0,0,2016-03-21 8:40,Property,14.6328297,121.0451176,No Collision Stated
None,EDSA,None,None,"No Accident Factor, No Collision Stated (based on Police Blotter Book), 0.0 drivers_injured, 0.0 drivers_killed, 0.0 passengers_injured, 0.0 passengers_killed, 0.0 pedestrian_injured, 0.0 pedestrian_killed, Fair (Day), EDSA Mapagmahal St.  Quezon City",MMDA Road Safety Unit,,0a9c6dfa-8bee-43cd-bbf0-4094eab0506e,2016-03-21,00:00:00,EDSA Kaingin Road Quezon City,0,0,0,0,0,0,0,0,0,0,2016-03-21 8:00,Property,14.63185046,121.0455315,No Collision Stated
None,EDSA,None,None,"No Accident Factor, Side Swipe, 0.0 drivers_injured, 0.0 drivers_killed, 0.0 passengers_injured, 0.0 passengers_killed, 0.0 pedestrian_injured, 0.0 pedestrian_killed, Fair (Day), EDSA Kaingin Road Quezon City",MMDA Road Safety Unit,,7dc14304-d18a-4871-9955-a6b56fbfb394,2016-03-20,22:45:00,"EDSA ""U"" turn slot, Kamuning (NB) Quezon City",0,0,0,0,0,0,0,0,0,0,2016-03-21 6:45,Property,14.65746493,121.0109963,Side Swipe
None,EDSA,None,None,"No Accident Factor, Rear-end, 0.0 drivers_injured, 0.0 drivers_killed, 0.0 passengers_injured, 0.0 passengers_killed, 0.0 pedestrian_injured, 0.0 pedestrian_killed, Fair (Day), EDSA Timog Ave. (WB) Quezon City",MMDA Road Safety Unit,,0a5fddd4-c93a-4609-9ed6-067e49b8a48b,2016-03-20,22:05:00,EDSA Arayat Main Artery (SB) Quezon City,0,0,0,0,0,0,0,0,0,0,2016-03-21 6:05,Property,14.63293559,121.0446304,Rear-End
None,EDSA,None,None,"No Accident Factor, Side Swipe, 0.0 drivers_injured, 0.0 drivers_killed, 0.0 passengers_injured, 0.0 passengers_killed, 0.0 pedestrian_injured, 0.0 pedestrian_killed, Fair (Night), EDSA Shell Gas Station, Pinyahan  Quezon City",MMDA Road Safety Unit,,c6be2d37-5e52-4062-a50a-a033366bafc1,2016-03-20,13:45:00,EDSA Balintawak Market  Quezon City,0,0,0,0,0,0,0,0,0,0,2016-03-20 21:45,Property,14.63806749,121.0415939,Side Swipe
None,EDSA,None,None,"No Accident Factor, Side Swipe, 0.0 drivers_injured, 0.0 drivers_killed, 0.0 passengers_injured, 0.0 passengers_killed, 0.0 pedestrian_injured, 0.0 pedestrian_killed, Fair (Night), EDSA SM Hypermarket, Main Ave.  Quezon City",MMDA Road Safety Unit,,dd955db9-43bb-41bf-82aa-72620c5ee3ce,2016-03-20,13:00:00,"EDSA Gen. Mc Arthur Avenue, Socorro Quezon City",0,0,0,0,0,0,0,0,0,0,2016-03-20 21:00,Property,14.6142289,121.0535621,Side Swipe
None,EDSA,None,None,"No Accident Factor, No Collision Stated (based on Police Blotter Book), 1.0 drivers_injured, 0.0 drivers_killed, 0.0 passengers_injured, 0.0 passengers_killed, 0.0 pedestrian_injured, 0.0 pedestrian_killed, Fair (Day), EDSA Santolan Service Road Quezon City",MMDA Road Safety Unit,,4f9d95f6-1e46-4af9-81c3-66276305d129,2016-03-20,07:55:00,EDSA GMA Network Drive  Quezon City,0,0,0,1,0,0,0,0,0,1,2016-03-20 15:55,Injury,14.6102736,121.0552175,No Collision Stated
None,EDSA,None,None,"No Accident Factor, Side Swipe, 0.0 drivers_injured, 0.0 drivers_killed, 0.0 passengers_injured, 0.0 passengers_killed, 0.0 pedestrian_injured, 0.0 pedestrian_killed, Fair (Day), EDSA Robinsons Galleria Exit Lobby, Ugong Norte  Quezon City",MMDA Road Safety Unit,,e1c25dbb-d85d-4ccd-b58e-43a5f6f5726f,2016-03-20,05:45:00,EDSA Timog Ave. Quezon City,0,0,0,0,0,0,0,0,0,0,2016-03-20 13:45,Property,14.59206941,121.058228,Side Swipe
None,EDSA,None,None,"No Accident Factor, Side Swipe, 0.0 drivers_injured, 0.0 drivers_killed, 0.0 passengers_injured, 0.0 passengers_killed, 0.0 pedestrian_injured, 0.0 pedestrian_killed, Fair (Day), EDSA Monte de Piedad Quezon City",MMDA Road Safety Unit,,bc4711d3-a319-4542-9515-9e49c422dc67,2016-03-20,05:35:00,EDSA Kamuning Road Quezon City,0,0,0,0,0,0,0,0,0,0,2016-03-20 13:35,Property,14.62346937,121.0491711,Side Swipe
None,EDSA,None,None,"No Accident Factor, No Collision Stated (based on Police Blotter Book), 0.0 drivers_injured, 0.0 drivers_killed, 0.0 passengers_injured, 0.0 passengers_killed, 0.0 pedestrian_injured, 0.0 pedestrian_killed, Fair (Day), EDSA Panay Ave. Quezon City",MMDA Road Safety Unit,,75453573-6a8c-4e26-91ab-99433b9ecdde,2016-03-20,04:35:00,EDSA Balintawak Market  Quezon City,0,0,0,0,0,0,0,0,0,0,2016-03-20 12:35,Property,14.64294686,121.0381076,No Collision Stated
None,EDSA,None,None,"No Accident Factor, No Collision Stated (based on Police Blotter Book), 0.0 drivers_injured, 0.0 drivers_killed, 0.0 passengers_injured, 0.0 passengers_killed, 0.0 pedestrian_injured, 0.0 pedestrian_killed, Fair (Night), EDSA Congressional Ave.  Quezon City",MMDA Road Safety Unit,,83a331e8-35f9-4f1f-8b0d-404e8b3d489e,2016-03-19,14:15:00,EDSA Arayat St.  Quezon City,0,0,0,0,0,0,0,0,0,0,2016-03-19 22:15,Property,14.6571804,120.9927185,No Collision Stated
None,EDSA,None,None,"No Accident Factor, No Collision Stated (based on Police Blotter Book), 0.0 drivers_injured, 0.0 drivers_killed, 0.0 passengers_injured, 0.0 passengers_killed, 0.0 pedestrian_injured, 0.0 pedestrian_killed, Fair (Day), EDSA Misamis St.  Quezon City",MMDA Road Safety Unit,,5fac9b4a-6463-4dab-adb3-4433ac622af8,2016-03-19,07:30:00,EDSA Baliwag Bus Terminal Quezon City,0,0,0,0,0,0,0,0,0,0,2016-03-19 15:30,Property,14.65602348,121.0285212,No Collision Stated
None,EDSA,None,None,"No Accident Factor, No Collision Stated (based on Police Blotter Book), 0.0 drivers_injured, 0.0 drivers_killed, 0.0 passengers_injured, 0.0 passengers_killed, 0.0 pedestrian_injured, 0.0 pedestrian_killed, Fair (Day), EDSA Five Star Bus Terminal, E. Rodriguez  Quezon City",MMDA Road Safety Unit,,bfbab7b2-d4c6-4307-a848-809992efd1b9,2016-03-19,07:10:00,EDSA Cloveleaf Quezon City,0,0,0,0,0,0,0,0,0,0,2016-03-19 15:10,Property,14.62375691,121.0492447,No Collision Stated
None,EDSA,None,None,"No Accident Factor, Side Swipe, 0.0 drivers_injured, 0.0 drivers_killed, 0.0 passengers_injured, 0.0 passengers_killed, 0.0 pedestrian_injured, 0.0 pedestrian_killed, Fair (Day), EDSA Panay Ave. Quezon City",MMDA Road Safety Unit,,13d4440e-0efd-4df2-b508-1c7f209f2f57,2016-03-19,06:30:00,EDSA Santolan MRT Station Quezon City,0,0,0,0,0,0,0,0,0,0,2016-03-19 14:30,Property,14.64294686,121.0381076,Side Swipe
None,EDSA,None,None,"No Accident Factor, Rear-end, 0.0 drivers_injured, 0.0 drivers_killed, 0.0 passengers_injured, 0.0 passengers_killed, 0.0 pedestrian_injured, 0.0 pedestrian_killed, Fair (Day), EDSA Timog Ave. Quezon City",MMDA Road Safety Unit,,9dadd374-29a8-4e71-8638-479e2c92c694,2016-03-19,02:20:00,EDSA Main Ave. (SB) Quezon City,0,0,0,0,0,0,0,0,0,0,2016-03-19 10:20,Property,14.63293559,121.0446304,Rear-End
None,EDSA,None,None,"No Accident Factor, Side Swipe, 0.0 drivers_injured, 0.0 drivers_killed, 0.0 passengers_injured, 0.0 passengers_killed, 0.0 pedestrian_injured, 0.0 pedestrian_killed, Fair (Day), EDSA P. Tuazon, Socorro  Quezon City",MMDA Road Safety Unit,,82b33895-d756-4c0d-91c1-0539a2d76d8c,2016-03-19,01:00:00,"EDSA ""U"" turn slot, Balintawak Quezon City",0,0,0,0,0,0,0,0,0,0,2016-03-19 9:00,Property,14.61656342,121.0525225,Side Swipe
None,EDSA,None,None,"No Accident Factor, Side Swipe, 0.0 drivers_injured, 0.0 drivers_killed, 0.0 passengers_injured, 0.0 passengers_killed, 0.0 pedestrian_injured, 0.0 pedestrian_killed, Fair (Day), EDSA Kamuning Intersection Quezon City",MMDA Road Safety Unit,,70291e45-2af0-4264-8fee-9414f85cafac,2016-03-19,00:15:00,EDSA Paramount (NB) Quezon City,0,0,0,0,0,0,0,0,0,0,2016-03-19 8:15,Property,14.63085237,121.0456925,Side Swipe
None,EDSA,None,None,"No Accident Factor, No Collision Stated (based on Police Blotter Book), 0.0 drivers_injured, 0.0 drivers_killed, 0.0 passengers_injured, 0.0 passengers_killed, 0.0 pedestrian_injured, 0.0 pedestrian_killed, Fair (Day), EDSA East Ave. Quezon City",MMDA Road Safety Unit,,e6f25c2e-e8b0-4197-9bc7-a54ad54bd86c,2016-03-18,23:45:00,EDSA Main Ave. (NB) Quezon City,0,0,0,0,0,0,0,0,0,0,2016-03-19 7:45,Property,14.6328297,121.0451176,No Collision Stated
None,EDSA,None,None,"No Accident Factor, Side Swipe, 0.0 drivers_injured, 0.0 drivers_killed, 0.0 passengers_injured, 0.0 passengers_killed, 0.0 pedestrian_injured, 0.0 pedestrian_killed, Fair (Day), EDSA General Roxas Ave.  Quezon City",MMDA Road Safety Unit,,16e434d6-b20f-41b8-8591-354f479acee6,2016-03-18,23:10:00,EDSA Main Ave. Quezon City,0,0,0,0,0,0,0,0,0,0,2016-03-19 7:10,Property,14.62042172,121.0507082,Side Swipe
None,EDSA,None,None,"No Accident Factor, Side Swipe, 0.0 drivers_injured, 0.0 drivers_killed, 0.0 passengers_injured, 0.0 passengers_killed, 0.0 pedestrian_injured, 0.0 pedestrian_killed, Fair (Night), EDSA P. Tuazon Blvd. Quezon City",MMDA Road Safety Unit,,de627fea-4ba1-4e48-ac43-1480bb809d73,2016-03-18,14:15:00,EDSA Cubao Farmers (SB) Quezon City,0,0,0,0,0,0,0,0,0,0,2016-03-18 22:15,Property,14.61656342,121.0525225,Side Swipe
None,EDSA,None,None,"No Accident Factor, Side Swipe, 0.0 drivers_injured, 0.0 drivers_killed, 0.0 passengers_injured, 0.0 passengers_killed, 0.0 pedestrian_injured, 0.0 pedestrian_killed, Fair (Night), EDSA General Mc Arthur Ave.  Quezon City",MMDA Road Safety Unit,,25c403d9-159e-4ec4-bf7c-7858eb337922,2016-03-18,13:50:00,EDSA Quezon City Academy (NB) Quezon City,0,0,0,0,0,0,0,0,0,0,2016-03-18 21:50,Property,14.61818171,121.051612,Side Swipe
None,EDSA,None,None,"No Accident Factor, Side Swipe, 0.0 drivers_injured, 0.0 drivers_killed, 0.0 passengers_injured, 0.0 passengers_killed, 0.0 pedestrian_injured, 0.0 pedestrian_killed, Fair (Night), EDSA Main Ave. Quezon City",MMDA Road Safety Unit,,278069b7-6108-4cc4-890a-fb1f874fa609,2016-03-18,13:45:00,EDSA Santolan (EB) Quezon City,0,0,0,0,0,0,0,0,0,0,2016-03-18 21:45,Property,14.61376458,121.0537933,Side Swipe
None,EDSA,None,None,"No Accident Factor, Side Swipe, 0.0 drivers_injured, 0.0 drivers_killed, 0.0 passengers_injured, 0.0 passengers_killed, 0.0 pedestrian_injured, 0.0 pedestrian_killed, Fair (Night), EDSA Nissan Motors, A. Samson Quezon City",MMDA Road Safety Unit,,bb24e765-b48e-4a93-8fa2-6f42c304f9e5,2016-03-18,11:50:00,EDSA Santolan MRT Station Quezon City,0,0,0,0,0,0,0,0,0,0,2016-03-18 19:50,Property,14.65769025,121.0138039,Side Swipe
None,EDSA,None,None,"No Accident Factor, Side Swipe, 0.0 drivers_injured, 0.0 drivers_killed, 0.0 passengers_injured, 0.0 passengers_killed, 0.0 pedestrian_injured, 0.0 pedestrian_killed, Fair (Night), EDSA Q Mart, E. Rodriguez  Quezon City",MMDA Road Safety Unit,,3b62b80c-78b8-43cf-b05c-18dfb2123da6,2016-03-18,11:00:00,EDSA Liberty Ave. Quezon City,0,0,0,0,0,0,0,0,0,0,2016-03-18 19:00,Property,14.62811603,121.0472822,Side Swipe
None,EDSA,None,None,"No Accident Factor, Rear-end, 0.0 drivers_injured, 0.0 drivers_killed, 0.0 passengers_injured, 0.0 passengers_killed, 0.0 pedestrian_injured, 0.0 pedestrian_killed, Fair (Night), EDSA Balintawak Market Quezon City",MMDA Road Safety Unit,,c6059b61-a776-4631-a2e1-58a10e511e6a,2016-03-18,10:30:00,EDSA Roosevelt Ave. Quezon City,0,0,0,0,0,0,0,0,0,0,2016-03-18 18:30,Property,14.65740947,121.0025737,Rear-End
None,EDSA,None,None,"No Accident Factor, Side Swipe, 0.0 drivers_injured, 0.0 drivers_killed, 0.0 passengers_injured, 0.0 passengers_killed, 0.0 pedestrian_injured, 0.0 pedestrian_killed, Fair (Day), EDSA P. Tuazon Intersection Quezon City",MMDA Road Safety Unit,,2230988e-55ee-4e45-afc0-e211638b99ce,2016-03-18,06:25:00,EDSA Ortigas Ave. Quezon City,0,0,0,0,0,0,0,0,0,0,2016-03-18 14:25,Property,14.61656342,121.0525225,Side Swipe
None,EDSA,None,None,"No Accident Factor, Rear-end, 0.0 drivers_injured, 0.0 drivers_killed, 0.0 passengers_injured, 0.0 passengers_killed, 0.0 pedestrian_injured, 0.0 pedestrian_killed, Fair (Day), EDSA Mayon Ignacio Diaz St.  Quezon City",MMDA Road Safety Unit,,bd47260b-a5f4-45ce-a85d-60daf8a4afeb,2016-03-18,04:00:00,EDSA B. Serrano Ave. Quezon City,0,0,0,0,0,0,0,0,0,0,2016-03-18 12:00,Property,14.61785258,121.0515682,Rear-End
None,EDSA,None,None,"No Accident Factor, Side Swipe, 0.0 drivers_injured, 0.0 drivers_killed, 0.0 passengers_injured, 0.0 passengers_killed, 0.0 pedestrian_injured, 0.0 pedestrian_killed, Fair (Day), EDSA E. Garcia St.  Quezon City",MMDA Road Safety Unit,,1951979d-ae49-4595-aea9-6ee23f3138db,2016-03-18,02:00:00,EDSA P. Tuazon Blvd. Quezon City,0,0,0,0,0,0,0,0,0,0,2016-03-18 10:00,Property,14.62742033,121.0475769,Side Swipe
None,EDSA,None,None,"No Accident Factor, No Collision Stated (based on Police Blotter Book), 0.0 drivers_injured, 0.0 drivers_killed, 0.0 passengers_injured, 0.0 passengers_killed, 0.0 pedestrian_injured, 0.0 pedestrian_killed, Fair (Day), EDSA K-10th St.  Quezon City",MMDA Road Safety Unit,,f66a139b-b5df-4da9-b5aa-5aca2e8c1b7b,2016-03-17,23:00:00,EDSA Camp Aguinaldo Gate 3 Quezon City,0,0,0,0,0,0,0,0,0,0,2016-03-18 7:00,Property,14.62879439,121.046914,No Collision Stated
None,EDSA,None,None,"No Accident Factor, Side Swipe, 0.0 drivers_injured, 0.0 drivers_killed, 0.0 passengers_injured, 0.0 passengers_killed, 0.0 pedestrian_injured, 0.0 pedestrian_killed, Fair (Night), EDSA Kamuning Road Quezon City",MMDA Road Safety Unit,,c70ec6d4-f768-4e6c-9212-05657c2d0300,2016-03-17,21:25:00,EDSA P. Tuazon Blvd. Quezon City,0,0,0,0,0,0,0,0,0,0,2016-03-18 5:25,Property,14.63075725,121.0457548,Side Swipe
None,EDSA,None,None,"No Accident Factor, Rear-end, 0.0 drivers_injured, 0.0 drivers_killed, 0.0 passengers_injured, 0.0 passengers_killed, 0.0 pedestrian_injured, 0.0 pedestrian_killed, Fair (Night), EDSA Roosevelt Ave. Quezon City",MMDA Road Safety Unit,,a555331f-5c4d-43a4-b7d8-edff3c4c146b,2016-03-17,10:25:00,EDSA Whiteplains Ave. Quezon City,0,0,0,0,0,0,0,0,0,0,2016-03-17 18:25,Property,14.65762047,121.0196373,Rear-End
None,EDSA,None,None,"No Accident Factor, Rear-end, 0.0 drivers_injured, 0.0 drivers_killed, 0.0 passengers_injured, 0.0 passengers_killed, 0.0 pedestrian_injured, 0.0 pedestrian_killed, Fair (Day), EDSA Whiteplains Ave. Quezon City",MMDA Road Safety Unit,,6e94e8c2-3fd9-42fe-a14d-97e5f5cefee9,2016-03-17,07:15:00,"EDSA Nepa Q-Mart, E. Rodriguez Quezon City",0,0,0,0,0,0,0,0,0,0,2016-03-17 15:15,Property,14.59961782,121.0596522,Rear-End
None,EDSA,None,None,"No Accident Factor, No Collision Stated (based on Police Blotter Book), 0.0 drivers_injured, 0.0 drivers_killed, 0.0 passengers_injured, 0.0 passengers_killed, 0.0 pedestrian_injured, 0.0 pedestrian_killed, Fair (Day), EDSA East Ave. Quezon City",MMDA Road Safety Unit,,a10420ff-f0b6-4194-8f1b-0ba55c22ea46,2016-03-17,06:30:00,"EDSA Quezon Avenue, Bagong Pagasa Quezon City",0,0,0,0,0,0,0,0,0,0,2016-03-17 14:30,Property,14.6328297,121.0451176,No Collision Stated
None,EDSA,None,None,"No Accident Factor, Side Swipe, 1.0 drivers_injured, 0.0 drivers_killed, 0.0 passengers_injured, 0.0 passengers_killed, 0.0 pedestrian_injured, 0.0 pedestrian_killed, Fair (Day), EDSA North Road     Quezon City",MMDA Road Safety Unit,,38e7accc-c767-406c-b8f7-45c003a73333,2016-03-17,06:00:00,EDSA Baliwag Bus Terminal Quezon City,0,0,0,1,0,0,0,0,0,1,2016-03-17 14:00,Injury,14.61444188,121.0532975,Side Swipe
None,EDSA,None,None,"No Accident Factor, No Collision Stated (based on Police Blotter Book), 0.0 drivers_injured, 0.0 drivers_killed, 0.0 passengers_injured, 0.0 passengers_killed, 0.0 pedestrian_injured, 0.0 pedestrian_killed, Fair (Day), EDSA Gen. Roxas Ave.  Quezon City",MMDA Road Safety Unit,,f6b8a286-8967-4867-bcc7-d66864a60c2a,2016-03-17,01:45:00,EDSA Kamias Road Quezon City,0,0,0,0,0,0,0,0,0,0,2016-03-17 9:45,Property,14.62042254,121.0508064,No Collision Stated
None,EDSA,None,None,"No Accident Factor, Rear-end, 0.0 drivers_injured, 0.0 drivers_killed, 0.0 passengers_injured, 0.0 passengers_killed, 0.0 pedestrian_injured, 0.0 pedestrian_killed, Fair (Night), EDSA Arayat St.  Quezon City",MMDA Road Safety Unit,,e055fe89-37ad-4ff1-9285-89ed17d278e2,2016-03-16,19:00:00,EDSA GMA Drive Quezon City,0,0,0,0,0,0,0,0,0,0,2016-03-17 3:00,Property,14.61961124,121.0508602,Rear-End