LOCATION_TEXT,ROAD,WEATHER,LIGHT,DESC,REPORTING_AGENCY,MAIN_CAUSE,INCIDENTDETAILS_ID,DATE_UTC,TIME_UTC,ADDRESS,killed_driver,killed_passenger,killed_pedestrian,injured_driver,injured_passenger,injured_pedestrian,killed_uncategorized,injured_uncategorized,killed_total,injured_total,DATETIME_PST,SEVERITY,Y,X,COLLISION_TYPE
None,EDSA,None,None,"No Accident Factor, Rear-end, 0.0 drivers_injured, 0.0 drivers_killed, 0.0 passengers_injured, 0.0 passengers_killed, 0.0 pedestrian_injured, 0.0 pedestrian_killed, Fair (Day), EDSA Farmers Plaza Cubao, Socorro Quezon City",MMDA Road Safety Unit,,2b2b4c17-9458-4dec-9cb4-f93c943f4e30,2016-03-16,07:30:00,EDSA Aurora Blvd. Quezon City,0,0,0,0,0,0,0,0,0,0,2016-03-16 15:30,Property,14.61920525,121.0513476,Rear-End
None,EDSA,None,None,"No Accident Factor, Rear-end, 0.0 drivers_injured, 0.0 drivers_killed, 0.0 passengers_injured, 0.0 passengers_killed, 0.0 pedestrian_injured, 0.0 pedestrian_killed, Fair (Day), EDSA Aurora Blvd. Quezon City",MMDA Road Safety Unit,,efa7f663-5fd4-47e3-8fb8-d8fd8288dbed,2016-03-16,02:30:00,EDSA East Ave. Quezon City,0,0,0,0,0,0,0,0,0,0,2016-03-16 10:30,Property,14.62163653,121.0501573,Rear-End
None,EDSA,None,None,"No Accident Factor, Side Swipe, 0.0 drivers_injured, 0.0 drivers_killed, 0.0 passengers_injured, 0.0 passengers_killed, 0.0 pedestrian_injured, 0.0 pedestrian_killed, Fair (Day), EDSA East Ave. Quezon City",MMDA Road Safety Unit,,74f71991-0d14-422e-b1a6-c6587a4f6577,2016-03-16,00:30:00,EDSA Aurora Blvd. Quezon City,0,0,0,0,0,0,0,0,0,0,2016-03-16 8:30,Property,14.6328297,121.0451176,Side Swipe
None,EDSA,None,None,"No Accident Factor, Side Swipe, 0.0 drivers_injured, 0.0 drivers_killed, 0.0 passengers_injured, 0.0 passengers_killed, 0.0 pedestrian_injured, 0.0 pedestrian_killed, Fair (Day), EDSA Col. Bonny Serrano Ave. (WB) Quezon City",MMDA Road Safety Unit,,196a8147-b0c8-427e-826e-d4e31b62ccff,2016-03-15,22:55:00,EDSA B. Serrano Ave. Quezon City,0,0,0,0,0,0,0,0,0,0,2016-03-16 6:55,Property,14.61107337,121.0550705,Side Swipe
None,EDSA,None,None,"No Accident Factor, Side Swipe, 0.0 drivers_injured, 0.0 drivers_killed, 0.0 passengers_injured, 0.0 passengers_killed, 0.0 pedestrian_injured, 0.0 pedestrian_killed, Fair (Day), EDSA GMA Network Drive  Quezon City",MMDA Road Safety Unit,,873d46b1-3bbc-4228-9a96-2cc54ca806f9,2016-03-15,08:00:00,EDSA Aurora Blvd. Quezon City,0,0,0,0,0,0,0,0,0,0,2016-03-15 16:00,Property,14.63467214,121.0435714,Side Swipe
None,EDSA,None,None,"No Accident Factor, No Collision Stated (based on Police Blotter Book), 0.0 drivers_injured, 0.0 drivers_killed, 0.0 passengers_injured, 0.0 passengers_killed, 0.0 pedestrian_injured, 0.0 pedestrian_killed, Fair (Day), EDSA Congressional Ave.  Quezon City",MMDA Road Safety Unit,,65edc2cb-d9c5-4d00-8c1f-ae51b0acbe8a,2016-03-15,06:00:00,EDSA Baliwag Bus Terminal Quezon City,0,0,0,0,0,0,0,0,0,0,2016-03-15 14:00,Property,14.6571804,120.9927185,No Collision Stated
None,EDSA,None,None,"No Accident Factor, No Collision Stated (based on Police Blotter Book), 0.0 drivers_injured, 0.0 drivers_killed, 0.0 passengers_injured, 0.0 passengers_killed, 0.0 pedestrian_injured, 0.0 pedestrian_killed, Fair (Day), EDSA Misamis St.  Quezon City",MMDA Road Safety Unit,,8fd1da1a-055f-4686-9b7d-9d5ece040f46,2016-03-15,05:45:00,EDSA Aurora Blvd. Quezon City,0,0,0,0,0,0,0,0,0,0,2016-03-15 13:45,Property,14.65602348,121.0285212,No Collision Stated
None,EDSA,None,None,"No Accident Factor, Side Swipe, 0.0 drivers_injured, 0.0 drivers_killed, 0.0 passengers_injured, 0.0 passengers_killed, 0.0 pedestrian_injured, 0.0 pedestrian_killed, Fair (Night), EDSA Roosevelt Ave. Quezon City",MMDA Road Safety Unit,,ac4ac5c2-626a-4323-b846-fa0df5a19fe0,2016-03-14,12:40:00,EDSA East Ave. Quezon City,0,0,0,0,0,0,0,0,0,0,2016-03-14 20:40,Property,14.65762047,121.0196373,Side Swipe
None,EDSA,None,None,"No Accident Factor, Side Swipe, 0.0 drivers_injured, 0.0 drivers_killed, 0.0 passengers_injured, 0.0 passengers_killed, 0.0 pedestrian_injured, 0.0 pedestrian_killed, Fair (Night), EDSA Chowking, Balingasa Quezon City",MMDA Road Safety Unit,,c6eab93e-0442-4ca9-a406-5375940e213c,2016-03-14,11:45:00,"EDSA Santolan ""U"" turn slot Quezon City",0,0,0,0,0,0,0,0,0,0,2016-03-14 19:45,Property,14.65759716,121.0029374,Side Swipe
None,EDSA,None,None,"No Accident Factor, Side Swipe, 0.0 drivers_injured, 0.0 drivers_killed, 0.0 passengers_injured, 0.0 passengers_killed, 0.0 pedestrian_injured, 0.0 pedestrian_killed, Fair (Day), EDSA Cloverleaf Drive Quezon City",MMDA Road Safety Unit,,2fa0c1ce-af3c-4e35-befa-8b5e402470c5,2016-03-14,09:30:00,EDSA Santolan  Quezon City,0,0,0,0,0,0,0,0,0,0,2016-03-14 17:30,Property,14.65740144,121.0008553,Side Swipe
None,EDSA,None,None,"No Accident Factor, Side Swipe, 0.0 drivers_injured, 0.0 drivers_killed, 0.0 passengers_injured, 0.0 passengers_killed, 0.0 pedestrian_injured, 0.0 pedestrian_killed, Fair (Day), EDSA Farmers Plaza Cubao, Socorro Quezon City",MMDA Road Safety Unit,,5f65eaae-88e3-4dc9-b78f-15a4988983f6,2016-03-14,09:00:00,EDSA North MRT Station Quezon City,0,0,0,0,0,0,0,0,0,0,2016-03-14 17:00,Property,14.61920525,121.0513476,Side Swipe
None,EDSA,None,None,"No Accident Factor, No Collision Stated (based on Police Blotter Book), 0.0 drivers_injured, 0.0 drivers_killed, 0.0 passengers_injured, 0.0 passengers_killed, 0.0 pedestrian_injured, 0.0 pedestrian_killed, Fair (Day), EDSA Quezon Ave., Bagong Pag-asa Quezon City",MMDA Road Safety Unit,,ebb98a1f-3a90-4610-90f6-e0a7093d0ff7,2016-03-14,04:30:00,EDSA Quezon Ave. Quezon City,0,0,0,0,0,0,0,0,0,0,2016-03-14 12:30,Property,14.6442444,121.0375839,No Collision Stated
None,EDSA,None,None,"No Accident Factor, Rear-end, 0.0 drivers_injured, 0.0 drivers_killed, 0.0 passengers_injured, 0.0 passengers_killed, 0.0 pedestrian_injured, 0.0 pedestrian_killed, Fair (Day), EDSA Nissan Motors North Quezon City",MMDA Road Safety Unit,,bb29ab95-80f0-4c24-9c6f-5571936fb3a7,2016-03-14,00:30:00,EDSA Timog Ave. (SB)  Quezon City,0,0,0,0,0,0,0,0,0,0,2016-03-14 8:30,Property,14.65769025,121.0138039,Rear-End
None,EDSA,None,None,"No Accident Factor, Hit and Run (Side Swipe), 0.0 drivers_injured, 0.0 drivers_killed, 0.0 passengers_injured, 0.0 passengers_killed, 0.0 pedestrian_injured, 0.0 pedestrian_killed, Fair (Day), EDSA Aurora Blvd. Quezon City",MMDA Road Safety Unit,,a4914e8f-3cf0-428e-8e43-54c52b63693b,2016-03-13,22:00:00,EDSA Ortigas Ave. Quezon City,0,0,0,0,0,0,0,0,0,0,2016-03-14 6:00,Property,14.62163653,121.0501573,Side Swipe
None,EDSA,None,None,"No Accident Factor, Hit and Run (No Collision Stated), 1.0 drivers_injured, 0.0 drivers_killed, 0.0 passengers_injured, 0.0 passengers_killed, 0.0 pedestrian_injured, 0.0 pedestrian_killed, Fair (Night), EDSA Mapagmahal St.  Quezon City",MMDA Road Safety Unit,,dfc1eb48-a3ea-492c-9bde-f4ca50148db3,2016-03-13,11:50:00,EDSA Gen. Roxas Ave. Quezon City,0,0,0,1,0,0,0,0,0,1,2016-03-13 19:50,Injury,14.63185046,121.0455315,No Collision Stated
None,EDSA,None,None,"No Accident Factor, Side Swipe, 0.0 drivers_injured, 0.0 drivers_killed, 0.0 passengers_injured, 0.0 passengers_killed, 0.0 pedestrian_injured, 0.0 pedestrian_killed, Fair (Day), EDSA Mayor Ignacio St.  Quezon City",MMDA Road Safety Unit,,cf968979-f182-46ce-86b3-3ccfa5cd00ac,2016-03-13,07:15:00,EDSA Bansalangin St.  Quezon City,0,0,0,0,0,0,0,0,0,0,2016-03-13 15:15,Property,14.61785258,121.0515682,Side Swipe
None,EDSA,None,None,"No Accident Factor, Rear-end, 0.0 drivers_injured, 0.0 drivers_killed, 0.0 passengers_injured, 0.0 passengers_killed, 0.0 pedestrian_injured, 0.0 pedestrian_killed, Fair (Day), EDSA Kamuning Road Quezon City",MMDA Road Safety Unit,,6200d135-e7ed-44d1-89c3-9b90b750e017,2016-03-13,04:35:00,"EDSA Nepa Q-Mart, E. Rodriguez Quezon City",0,0,0,0,0,0,0,0,0,0,2016-03-13 12:35,Property,14.63075725,121.0457548,Rear-End
None,EDSA,None,None,"No Accident Factor, Rear-end, 0.0 drivers_injured, 0.0 drivers_killed, 0.0 passengers_injured, 0.0 passengers_killed, 0.0 pedestrian_injured, 0.0 pedestrian_killed, Fair (Day), EDSA GMA Network Drive Quezon City",MMDA Road Safety Unit,,341f0553-7b77-46f4-be51-630348e0ead5,2016-03-13,04:20:00,EDSA Dominion Bus Terminal  Quezon City,0,0,0,0,0,0,0,0,0,0,2016-03-13 12:20,Property,14.63467214,121.0435714,Rear-End
None,EDSA,None,None,"No Accident Factor, No Collision Stated (based on Police Blotter Book), 0.0 drivers_injured, 0.0 drivers_killed, 0.0 passengers_injured, 0.0 passengers_killed, 0.0 pedestrian_injured, 0.0 pedestrian_killed, Fair (Day), EDSA Waltermart, Veterans Quezon City",MMDA Road Safety Unit,,7c559a3f-130e-4ab8-9193-c7f56b5f4f06,2016-03-13,03:10:00,EDSA Main Ave. Quezon City,0,0,0,0,0,0,0,0,0,0,2016-03-13 11:10,Property,14.6574558,121.0213579,No Collision Stated
None,EDSA,None,None,"No Accident Factor, Side Swipe, 0.0 drivers_injured, 0.0 drivers_killed, 0.0 passengers_injured, 0.0 passengers_killed, 0.0 pedestrian_injured, 0.0 pedestrian_killed, Fair (Day), EDSA Oliveros Drive Quezon City",MMDA Road Safety Unit,,58870a5d-6490-46b5-be03-a671e812aff1,2016-03-12,22:05:00,EDSA Quezon Ave. (EB) Quezon City,0,0,0,0,0,0,0,0,0,0,2016-03-13 6:05,Property,14.65762799,121.0065288,Side Swipe
None,EDSA,None,None,"No Accident Factor, Rear-end, 0.0 drivers_injured, 0.0 drivers_killed, 0.0 passengers_injured, 0.0 passengers_killed, 0.0 pedestrian_injured, 0.0 pedestrian_killed, Fair (Night), EDSA New York St. (Genesis Bus Station, E Rodriguez) Quezon City",MMDA Road Safety Unit,,9f65c39a-19eb-4523-b1f8-82a3fe0ceb37,2016-03-12,19:00:00,EDSA A. Bonifacio Ave. Quezon City,0,0,0,0,0,0,0,0,0,0,2016-03-13 3:00,Property,14.62568514,121.0482307,Rear-End
None,EDSA,None,None,"No Accident Factor, Side Swipe, 0.0 drivers_injured, 0.0 drivers_killed, 0.0 passengers_injured, 0.0 passengers_killed, 0.0 pedestrian_injured, 0.0 pedestrian_killed, Fair (Night), EDSA Royal Quezon City",MMDA Road Safety Unit,,e323ab29-2c73-4fab-b923-928d2acf6a9f,2016-03-12,14:00:00,EDSA Nepa Q Mart  Quezon City,0,0,0,0,0,0,0,0,0,0,2016-03-12 22:00,Property,14.65767141,121.0107008,Side Swipe
None,EDSA,None,None,"No Accident Factor, Side Swipe, 0.0 drivers_injured, 0.0 drivers_killed, 0.0 passengers_injured, 0.0 passengers_killed, 0.0 pedestrian_injured, 0.0 pedestrian_killed, Fair (Night), EDSA Kamias Road Quezon City",MMDA Road Safety Unit,,3ac33871-5927-4bed-a002-59e6a51396a9,2016-03-12,14:00:00,EDSA Aurora Blvd. Quezon City,0,0,0,0,0,0,0,0,0,0,2016-03-12 22:00,Property,14.6309142,121.0459376,Side Swipe
None,EDSA,None,None,"No Accident Factor, Rear-end, 0.0 drivers_injured, 0.0 drivers_killed, 0.0 passengers_injured, 0.0 passengers_killed, 0.0 pedestrian_injured, 0.0 pedestrian_killed, Fair (Night), EDSA Timog Ave.  Quezon City",MMDA Road Safety Unit,,8b47ba6e-319b-46cf-9ecb-703a74c1afda,2016-03-12,13:00:00,EDSA Quezon City Academy (SB) Quezon City,0,0,0,0,0,0,0,0,0,0,2016-03-12 21:00,Property,14.63293559,121.0446304,Rear-End
None,EDSA,None,None,"No Accident Factor, No Collision Stated (based on Police Blotter Book), 0.0 drivers_injured, 0.0 drivers_killed, 0.0 passengers_injured, 0.0 passengers_killed, 0.0 pedestrian_injured, 0.0 pedestrian_killed, Fair (Night), EDSA Balintawak LRT Station Quezon City",MMDA Road Safety Unit,,b9e6dd6b-9739-402c-bbf7-63551dfb080a,2016-03-12,11:25:00,EDSA Quezon City Academy (NB) Quezon City,0,0,0,0,0,0,0,0,0,0,2016-03-12 19:25,Property,14.65730869,121.0020316,No Collision Stated
None,EDSA,None,None,"No Accident Factor, Side Swipe, 0.0 drivers_injured, 0.0 drivers_killed, 0.0 passengers_injured, 0.0 passengers_killed, 0.0 pedestrian_injured, 0.0 pedestrian_killed, Fair (Night), EDSA A. Bonifacio Ave. Quezon City",MMDA Road Safety Unit,,8359eb3a-0009-4dc6-9f31-d5e7bd53ea46,2016-03-12,11:00:00,EDSA Santolan Mrt (NB) Quezon City,0,0,0,0,0,0,0,0,0,0,2016-03-12 19:00,Property,14.6573471,121.0009663,Side Swipe
None,EDSA,None,None,"No Accident Factor, No Collision Stated (based on Police Blotter Book), 0.0 drivers_injured, 0.0 drivers_killed, 0.0 passengers_injured, 0.0 passengers_killed, 0.0 pedestrian_injured, 0.0 pedestrian_killed, Fair (Day), EDSA P. Tuazon Blvd. Quezon City",MMDA Road Safety Unit,,2794218c-fe10-4cc9-a0c2-e5f10eb94932,2016-03-12,05:30:00,EDSA Quezon City Academy (NB) Quezon City,0,0,0,0,0,0,0,0,0,0,2016-03-12 13:30,Property,14.61656342,121.0525225,No Collision Stated
None,EDSA,None,None,"No Accident Factor, No Collision Stated (based on Police Blotter Book), 0.0 drivers_injured, 0.0 drivers_killed, 0.0 passengers_injured, 0.0 passengers_killed, 0.0 pedestrian_injured, 0.0 pedestrian_killed, Fair (Day), EDSA Timog Ave.  Quezon City",MMDA Road Safety Unit,,9b51a946-3520-4315-bd9c-9da24ef0bbb1,2016-03-12,04:40:00,EDSA Aurora Blvd. Service Road (SB) Quezon City,0,0,0,0,0,0,0,0,0,0,2016-03-12 12:40,Property,14.63293559,121.0446304,No Collision Stated
None,EDSA,None,None,"No Accident Factor, Side Swipe, 0.0 drivers_injured, 0.0 drivers_killed, 0.0 passengers_injured, 0.0 passengers_killed, 0.0 pedestrian_injured, 0.0 pedestrian_killed, Fair (Day), EDSA Camp Crame Quezon City",MMDA Road Safety Unit,,01ff304b-abcb-4aaf-ba52-24fdcf4b6614,2016-03-12,00:15:00,EDSA East Ave. Quezon City,0,0,0,0,0,0,0,0,0,0,2016-03-12 8:15,Property,14.60923788,121.0557422,Side Swipe
None,EDSA,None,None,"No Accident Factor, Side Swipe, 1.0 drivers_injured, 0.0 drivers_killed, 0.0 passengers_injured, 0.0 passengers_killed, 0.0 pedestrian_injured, 0.0 pedestrian_killed, Fair (Day), EDSA Kamias Road Quezon City",MMDA Road Safety Unit,,78a1d258-dbc6-480f-911b-61b9dc80dd19,2016-03-11,22:30:00,EDSA Quezon City Academy (NB) Quezon City,0,0,0,1,0,0,0,0,0,1,2016-03-12 6:30,Injury,14.6309142,121.0459376,Side Swipe
None,EDSA,None,None,"No Accident Factor, Rear-end, 0.0 drivers_injured, 0.0 drivers_killed, 0.0 passengers_injured, 0.0 passengers_killed, 0.0 pedestrian_injured, 0.0 pedestrian_killed, Fair (Night), EDSA Nepa Q-Mart Quezon City",MMDA Road Safety Unit,,d1d499df-1948-45e0-af81-086f5e1024eb,2016-03-11,20:25:00,EDSA P. Tuazon (EB) Quezon City,0,0,0,0,0,0,0,0,0,0,2016-03-12 4:25,Property,14.62805361,121.0472521,Rear-End
None,EDSA,None,None,"No Accident Factor, Rear-end, 0.0 drivers_injured, 0.0 drivers_killed, 0.0 passengers_injured, 0.0 passengers_killed, 0.0 pedestrian_injured, 0.0 pedestrian_killed, Fair (Night), EDSA Aurora Blvd. Quezon City",MMDA Road Safety Unit,,8aa532b8-a253-41ab-b571-033582430190,2016-03-11,20:00:00,EDSA Kamias Road Quezon City,0,0,0,0,0,0,0,0,0,0,2016-03-12 4:00,Property,14.62163653,121.0501573,Rear-End
None,EDSA,None,None,"No Accident Factor, Hit Object (Center Island), 0.0 drivers_injured, 0.0 drivers_killed, 0.0 passengers_injured, 0.0 passengers_killed, 0.0 pedestrian_injured, 0.0 pedestrian_killed, Fair (Night), EDSA Kaingin Road Quezon City",MMDA Road Safety Unit,,fbc9c9a9-12c7-4731-a622-5f0684439915,2016-03-11,17:00:00,EDSA Cloverleaf Road Quezon City,0,0,0,0,0,0,0,0,0,0,2016-03-12 1:00,Property,14.65746493,121.0109963,Hit Object
None,EDSA,None,None,"No Accident Factor, Side Swipe, 0.0 drivers_injured, 0.0 drivers_killed, 0.0 passengers_injured, 0.0 passengers_killed, 0.0 pedestrian_injured, 0.0 pedestrian_killed, Fair (Night), EDSA Bansalangin Quezon City",MMDA Road Safety Unit,,3d30bf6b-905d-449e-b2ea-f4c03a783af0,2016-03-11,15:30:00,EDSA Cloverleaf Road Quezon City,0,0,0,0,0,0,0,0,0,0,2016-03-11 23:30,Property,14.6567996,121.0241845,Side Swipe
None,EDSA,None,None,"No Accident Factor, Hit and Run (No Collision Stated), 0.0 drivers_injured, 0.0 drivers_killed, 0.0 passengers_injured, 0.0 passengers_killed, 0.0 pedestrian_injured, 0.0 pedestrian_killed, Fair (Night), EDSA Farmers Plaza Cubao, Socorro Quezon City",MMDA Road Safety Unit,,3b825e0c-cdfe-4d22-8a3c-e4662e7d2fb6,2016-03-11,15:30:00,"EDSA Baliwag Bus Terminal, Cubao Quezon City",0,0,0,0,0,0,0,0,0,0,2016-03-11 23:30,Property,14.61920525,121.0513476,No Collision Stated
None,EDSA,None,None,"No Accident Factor, Side Swipe, 0.0 drivers_injured, 0.0 drivers_killed, 0.0 passengers_injured, 0.0 passengers_killed, 0.0 pedestrian_injured, 0.0 pedestrian_killed, Fair (Night), EDSA Ermin Garcia St. Quezon City",MMDA Road Safety Unit,,ef721dba-ee1c-436b-ae62-6872945ab1fe,2016-03-11,14:35:00,EDSA Santolan (NB) Quezon City,0,0,0,0,0,0,0,0,0,0,2016-03-11 22:35,Property,14.62758814,121.047487,Side Swipe
None,EDSA,None,None,"No Accident Factor, No Collision Stated (based on Police Blotter Book), 0.0 drivers_injured, 0.0 drivers_killed, 0.0 passengers_injured, 0.0 passengers_killed, 0.0 pedestrian_injured, 0.0 pedestrian_killed, Fair (Day), EDSA Corregidor, Ramon Magsaysay Quezon City",MMDA Road Safety Unit,,712c9592-ad2b-4c31-82f2-721706858966,2016-03-11,06:25:00,EDSA SM Annex (NB) Quezon City,0,0,0,0,0,0,0,0,0,0,2016-03-11 14:25,Property,14.65707679,121.0241648,No Collision Stated
None,EDSA,None,None,"No Accident Factor, Hit and Run (No Collision Stated), 0.0 drivers_injured, 0.0 drivers_killed, 0.0 passengers_injured, 0.0 passengers_killed, 0.0 pedestrian_injured, 0.0 pedestrian_killed, Fair (Day), EDSA Santolan Road Quezon City",MMDA Road Safety Unit,,f7c3a524-575e-4511-ac21-83d492449abc,2016-03-11,05:25:00,EDSA SM Annex (NB) Quezon City,0,0,0,0,0,0,0,0,0,0,2016-03-11 13:25,Property,14.6102736,121.0552175,No Collision Stated
None,EDSA,None,None,"No Accident Factor, Side Swipe, 0.0 drivers_injured, 0.0 drivers_killed, 0.0 passengers_injured, 0.0 passengers_killed, 0.0 pedestrian_injured, 0.0 pedestrian_killed, Fair (Day), EDSA Kamuning Road Quezon City",MMDA Road Safety Unit,,ea6a774d-5084-4901-9dd6-946319fbc687,2016-03-11,00:40:00,EDSA Aurora Blvd. Quezon City,0,0,0,0,0,0,0,0,0,0,2016-03-11 8:40,Property,14.63075725,121.0457548,Side Swipe
None,EDSA,None,None,"No Accident Factor, Side Swipe, 0.0 drivers_injured, 0.0 drivers_killed, 0.0 passengers_injured, 0.0 passengers_killed, 0.0 pedestrian_injured, 0.0 pedestrian_killed, Fair (Day), EDSA Quezon Ave. Quezon City",MMDA Road Safety Unit,,bb13a06d-8e24-42d3-b15b-40ed1ad02aa0,2016-03-11,00:30:00,EDSA P. Tuazon (SB) Quezon City,0,0,0,0,0,0,0,0,0,0,2016-03-11 8:30,Property,14.6442444,121.0375839,Side Swipe
None,EDSA,None,None,"No Accident Factor, Side Swipe, 0.0 drivers_injured, 0.0 drivers_killed, 0.0 passengers_injured, 0.0 passengers_killed, 0.0 pedestrian_injured, 0.0 pedestrian_killed, Fair (Day), EDSA Kamuning Road Quezon City",MMDA Road Safety Unit,,e3848975-3afc-44db-8725-9e1fb4c6f1a2,2016-03-11,00:30:00,EDSA Ermin Garcia (SB) Quezon City,0,0,0,0,0,0,0,0,0,0,2016-03-11 8:30,Property,14.63075725,121.0457548,Side Swipe
None,EDSA,None,None,"No Accident Factor, Side Swipe, 0.0 drivers_injured, 0.0 drivers_killed, 0.0 passengers_injured, 0.0 passengers_killed, 0.0 pedestrian_injured, 0.0 pedestrian_killed, Fair (Day), EDSA P. Tuazon Blvd. Quezon City",MMDA Road Safety Unit,,c2754bac-63a8-4470-9559-7c5bf5e1d9b3,2016-03-10,23:15:00,EDSA Quezon City Academy (NB) Quezon City,0,0,0,0,0,0,0,0,0,0,2016-03-11 7:15,Property,14.61656342,121.0525225,Side Swipe
None,EDSA,None,None,"No Accident Factor, Rear-end, 0.0 drivers_injured, 0.0 drivers_killed, 0.0 passengers_injured, 0.0 passengers_killed, 0.0 pedestrian_injured, 0.0 pedestrian_killed, Fair (Day), EDSA Kamuning Road Quezon City",MMDA Road Safety Unit,,7ddf8a11-1fbd-4796-8a38-eeef5a4305db,2016-03-10,23:05:00,EDSA Main Ave. Quezon City,0,0,0,0,0,0,0,0,0,0,2016-03-11 7:05,Property,14.63075725,121.0457548,Rear-End
None,EDSA,None,None,"No Accident Factor, Side Swipe, 0.0 drivers_injured, 0.0 drivers_killed, 0.0 passengers_injured, 0.0 passengers_killed, 0.0 pedestrian_injured, 0.0 pedestrian_killed, Fair (Night), EDSA ACT Theater, Socorro Quezon City",MMDA Road Safety Unit,,dbb15abc-3f3e-441f-ae2f-33d644476598,2016-03-10,16:00:00,EDSA B. Serrano Ave. Quezon City,0,0,0,0,0,0,0,0,0,0,2016-03-11,Property,14.62137601,121.0504542,Side Swipe
None,EDSA,None,None,"No Accident Factor, Side Swipe, 0.0 drivers_injured, 0.0 drivers_killed, 0.0 passengers_injured, 0.0 passengers_killed, 0.0 pedestrian_injured, 0.0 pedestrian_killed, Fair (Night), EDSA Bansalangin Quezon City",MMDA Road Safety Unit,,a957629a-3047-4920-9dce-5872c8fccf37,2016-03-10,10:30:00,EDSA Baliwag Service Road (NB) Quezon City,0,0,0,0,0,0,0,0,0,0,2016-03-10 18:30,Property,14.6567996,121.0241845,Side Swipe
None,EDSA,None,None,"No Accident Factor, No Collision Stated (based on Police Blotter Book), 0.0 drivers_injured, 0.0 drivers_killed, 0.0 passengers_injured, 0.0 passengers_killed, 0.0 pedestrian_injured, 0.0 pedestrian_killed, Fair (Day), EDSA Scout Borromeo St. Quezon City",MMDA Road Safety Unit,,c8eccdf7-a928-4b2e-bae7-7b9462494d1c,2016-03-10,08:30:00,"EDSA Jam Liner, Kamuning (SB) Quezon City",0,0,0,0,0,0,0,0,0,0,2016-03-10 16:30,Property,14.63715712,121.0419507,No Collision Stated
None,EDSA,None,None,"No Accident Factor, Rear-end, 0.0 drivers_injured, 0.0 drivers_killed, 0.0 passengers_injured, 0.0 passengers_killed, 0.0 pedestrian_injured, 0.0 pedestrian_killed, Fair (Day), EDSA Kaingin Road Quezon City",MMDA Road Safety Unit,,4a402975-eaf6-4695-a5cd-9460ba3362e1,2016-03-10,06:40:00,EDSA Aurora Blvd. Quezon City,0,0,0,0,0,0,0,0,0,0,2016-03-10 14:40,Property,14.65746493,121.0109963,Rear-End
None,EDSA,None,None,"No Accident Factor, No Collision Stated (based on Police Blotter Book), 0.0 drivers_injured, 0.0 drivers_killed, 0.0 passengers_injured, 0.0 passengers_killed, 0.0 pedestrian_injured, 0.0 pedestrian_killed, Fair (Day), EDSA Scout Borromeo St. Quezon City",MMDA Road Safety Unit,,df9bab99-7eb2-43fe-abfe-c2a3f2016305,2016-03-10,05:10:00,EDSA Cloverleaf Road Quezon City,0,0,0,0,0,0,0,0,0,0,2016-03-10 13:10,Property,14.63715712,121.0419507,No Collision Stated
None,EDSA,None,None,"No Accident Factor, Rear-end, 0.0 drivers_injured, 0.0 drivers_killed, 0.0 passengers_injured, 0.0 passengers_killed, 0.0 pedestrian_injured, 0.0 pedestrian_killed, Fair (Day), EDSA ""U"" turn slot, Timog Ave.  Quezon City",MMDA Road Safety Unit,,95048909-9102-4fd4-a4ad-4efc8d885a7b,2016-03-10,04:10:00,EDSA Santolan MRT Station Quezon City,0,0,0,0,0,0,0,0,0,0,2016-03-10 12:10,Property,14.63183035,121.0454138,Rear-End
None,EDSA,None,None,"No Accident Factor, Rear-end, 0.0 drivers_injured, 0.0 drivers_killed, 0.0 passengers_injured, 0.0 passengers_killed, 0.0 pedestrian_injured, 0.0 pedestrian_killed, Fair (Day), EDSA Arayat St.  Quezon City",MMDA Road Safety Unit,,f481eb3f-6c9d-48f1-8d0e-cfd0592fccef,2016-03-10,04:00:00,EDSA Quezon Ave. (WB) Quezon City,0,0,0,0,0,0,0,0,0,0,2016-03-10 12:00,Property,14.61961124,121.0508602,Rear-End
None,EDSA,None,None,"No Accident Factor, Rear-end, 0.0 drivers_injured, 0.0 drivers_killed, 0.0 passengers_injured, 0.0 passengers_killed, 0.0 pedestrian_injured, 0.0 pedestrian_killed, Fair (Day), EDSA Camp Aguinaldo Gate 3 Quezon City",MMDA Road Safety Unit,,c1487396-1225-4540-9309-56b2e692d613,2016-03-10,01:30:00,EDSA Gen. Roxas Ave. Quezon City,0,0,0,0,0,0,0,0,0,0,2016-03-10 9:30,Property,14.60836048,121.0563667,Rear-End
None,EDSA,None,None,"No Accident Factor, No Collision Stated (based on Police Blotter Book), 0.0 drivers_injured, 0.0 drivers_killed, 0.0 passengers_injured, 0.0 passengers_killed, 0.0 pedestrian_injured, 0.0 pedestrian_killed, Fair (Night), EDSA Genesis Bus Terminal, E. Rodriguez Quezon City",MMDA Road Safety Unit,,ee5020ca-d757-42f0-9503-24ac245c6465,2016-03-09,15:10:00,EDSA P. Tuazon (WB) Quezon City,0,0,0,0,0,0,0,0,0,0,2016-03-09 23:10,Property,14.6256048,121.0483444,No Collision Stated
None,EDSA,None,None,"No Accident Factor, Side Swipe, 0.0 drivers_injured, 0.0 drivers_killed, 0.0 passengers_injured, 0.0 passengers_killed, 0.0 pedestrian_injured, 0.0 pedestrian_killed, Fair (Day), EDSA MRT Station, Philam Quezon City",MMDA Road Safety Unit,,9f0deac2-a7cf-437b-a04b-295fcbb6f52c,2016-03-09,07:40:00,EDSA Santolan (NB) Quezon City,0,0,0,0,0,0,0,0,0,0,2016-03-09 15:40,Property,14.65218268,121.032372,Side Swipe