LOCATION_TEXT,ROAD,WEATHER,LIGHT,DESC,REPORTING_AGENCY,MAIN_CAUSE,INCIDENTDETAILS_ID,DATE_UTC,TIME_UTC,ADDRESS,killed_driver,killed_passenger,killed_pedestrian,injured_driver,injured_passenger,injured_pedestrian,killed_uncategorized,injured_uncategorized,killed_total,injured_total,DATETIME_PST,SEVERITY,Y,X,COLLISION_TYPE
None,EDSA,None,None,"No Accident Factor, Self-Accident, 1.0 drivers_injured, 0.0 drivers_killed, 0.0 passengers_injured, 0.0 passengers_killed, 0.0 pedestrian_injured, 0.0 pedestrian_killed, Fair (Day), EDSA Florida Bus Terminal, West Kamias Quezon City",MMDA Road Safety Unit,,917dba60-7a56-472a-979b-4d8848f8fd44,2016-03-09,06:30:00,EDSA Monte De Piedad St.  Quezon City,0,0,0,1,0,0,0,0,0,1,2016-03-09 14:30,Injury,14.63035534,121.0462986,Self-Accident
None,EDSA,None,None,"No Accident Factor, Rear-end, 0.0 drivers_injured, 0.0 drivers_killed, 0.0 passengers_injured, 0.0 passengers_killed, 0.0 pedestrian_injured, 0.0 pedestrian_killed, Fair (Day), EDSA Landmark, Pagasa Quezon City",MMDA Road Safety Unit,,76194055-514c-46f3-9d71-27aea50c848c,2016-03-09,06:00:00,EDSA NIA Road Quezon City,0,0,0,0,0,0,0,0,0,0,2016-03-09 14:00,Property,14.6509773,121.0331821,Rear-End
None,EDSA,None,None,"No Accident Factor, Side Swipe, 0.0 drivers_injured, 0.0 drivers_killed, 0.0 passengers_injured, 0.0 passengers_killed, 0.0 pedestrian_injured, 0.0 pedestrian_killed, Fair (Day), EDSA Kamuning Road Quezon City",MMDA Road Safety Unit,,4450f7e4-7da1-4129-a5dd-df072a77a596,2016-03-09,05:25:00,EDSA Aurora Blvd. (EB) Quezon City,0,0,0,0,0,0,0,0,0,0,2016-03-09 13:25,Property,14.63075725,121.0457548,Side Swipe
None,EDSA,None,None,"No Accident Factor, Rear-end, 0.0 drivers_injured, 0.0 drivers_killed, 0.0 passengers_injured, 0.0 passengers_killed, 0.0 pedestrian_injured, 0.0 pedestrian_killed, Fair (Day), EDSA GMA Network Drive  Quezon City",MMDA Road Safety Unit,,007f9e88-a796-45a1-b241-387c73655011,2016-03-09,04:30:00,EDSA Main Ave. (SB) Quezon City,0,0,0,0,0,0,0,0,0,0,2016-03-09 12:30,Property,14.63467214,121.0435714,Rear-End
None,EDSA,None,None,"No Accident Factor, Side Swipe, 0.0 drivers_injured, 0.0 drivers_killed, 0.0 passengers_injured, 0.0 passengers_killed, 0.0 pedestrian_injured, 0.0 pedestrian_killed, Fair (Day), EDSA Oliveros Drive Quezon City",MMDA Road Safety Unit,,a3a6d6c2-ad6f-4ea5-9813-89c66eb80f60,2016-03-09,01:00:00,EDSA Aurora Blvd. Quezon City,0,0,0,0,0,0,0,0,0,0,2016-03-09 9:00,Property,14.65762799,121.0065288,Side Swipe
None,EDSA,None,None,"No Accident Factor, Rear-end, 0.0 drivers_injured, 0.0 drivers_killed, 0.0 passengers_injured, 0.0 passengers_killed, 0.0 pedestrian_injured, 0.0 pedestrian_killed, Fair (Day), EDSA Timog Ave. (WB) Quezon City",MMDA Road Safety Unit,,b4c2d818-16b0-4871-8e8e-ef847a33b49d,2016-03-08,23:15:00,"EDSA Puregold Supermarket, Balintawak Quezon City",0,0,0,0,0,0,0,0,0,0,2016-03-09 7:15,Property,14.63293559,121.0446304,Rear-End
None,EDSA,None,None,"No Accident Factor, Side Swipe, 0.0 drivers_injured, 0.0 drivers_killed, 0.0 passengers_injured, 0.0 passengers_killed, 0.0 pedestrian_injured, 0.0 pedestrian_killed, Fair (Day), EDSA Jam Bus Liner Terminal   Quezon City",MMDA Road Safety Unit,,345d01ae-e804-46a9-8d2c-40e5ffe96715,2016-03-08,23:00:00,EDSA Quezon Ave. Quezon City,0,0,0,0,0,0,0,0,0,0,2016-03-09 7:00,Property,14.63113373,121.0455992,Side Swipe
None,EDSA,None,None,"No Accident Factor, Rear-end, 1.0 drivers_injured, 0.0 drivers_killed, 0.0 passengers_injured, 0.0 passengers_killed, 0.0 pedestrian_injured, 0.0 pedestrian_killed, Fair (Day), EDSA Oliveros Drive Quezon City",MMDA Road Safety Unit,,d5ac206b-eed3-42e1-aea4-800fa3c4c547,2016-03-08,22:30:00,EDSA Main Ave. (NB) Quezon City,0,0,0,1,0,0,0,0,0,1,2016-03-09 6:30,Injury,14.65762799,121.0065288,Rear-End
None,EDSA,None,None,"No Accident Factor, Hit and Run (No Collision Stated), 0.0 drivers_injured, 0.0 drivers_killed, 0.0 passengers_injured, 0.0 passengers_killed, 0.0 pedestrian_injured, 0.0 pedestrian_killed, Fair (Night), EDSA Main Ave. Quezon City",MMDA Road Safety Unit,,ecf957d6-a634-48c1-84c8-13db6d82cc99,2016-03-08,17:45:00,EDSA Santolan (WB) Quezon City,0,0,0,0,0,0,0,0,0,0,2016-03-09 1:45,Property,14.61376458,121.0537933,No Collision Stated
None,EDSA,None,None,"No Accident Factor, No Collision Stated (based on Police Blotter Book), 0.0 drivers_injured, 0.0 drivers_killed, 0.0 passengers_injured, 0.0 passengers_killed, 0.0 pedestrian_injured, 0.0 pedestrian_killed, Fair (Day), EDSA Aurora Blvd. (EB) Quezon City",MMDA Road Safety Unit,,c6405b58-6819-4ee2-bb12-2d4b293f10c0,2016-03-08,06:00:00,"EDSA ""U"" turn slot, GMA (SB) Quezon City",0,0,0,0,0,0,0,0,0,0,2016-03-08 14:00,Property,14.62151658,121.0501092,No Collision Stated
None,EDSA,None,None,"No Accident Factor, Hit and Run (No Collision Stated), 0.0 drivers_injured, 0.0 drivers_killed, 0.0 passengers_injured, 0.0 passengers_killed, 0.0 pedestrian_injured, 0.0 pedestrian_killed, Fair (Day), EDSA Kamuning Road Quezon City",MMDA Road Safety Unit,,64b52b75-2812-42c4-a9bb-2cbbd89229ba,2016-03-08,05:20:00,EDSA Kamuning Police Station 10 Quezon City,0,0,0,0,0,0,0,0,0,0,2016-03-08 13:20,Property,14.63075725,121.0457548,No Collision Stated
None,EDSA,None,None,"No Accident Factor, Side Swipe, 0.0 drivers_injured, 0.0 drivers_killed, 0.0 passengers_injured, 0.0 passengers_killed, 0.0 pedestrian_injured, 0.0 pedestrian_killed, Fair (Day), EDSA Superlines Bus Terminal , E. Rodriguez Quezon City",MMDA Road Safety Unit,,4b8fca39-9a43-4a57-aa8c-f19ca6baa8f3,2016-03-08,01:40:00,EDSA Whiteplains Quezon City,0,0,0,0,0,0,0,0,0,0,2016-03-08 9:40,Property,14.62512241,121.0484162,Side Swipe
None,EDSA,None,None,"No Accident Factor, Hit and Run (No Collision Stated), 0.0 drivers_injured, 0.0 drivers_killed, 0.0 passengers_injured, 0.0 passengers_killed, 0.0 pedestrian_injured, 0.0 pedestrian_killed, Fair (Day), EDSA Trinoma Quezon City",MMDA Road Safety Unit,,cdd74a31-beff-4399-a1d3-be0a0be67eda,2016-03-07,22:45:00,EDSA Roosevelt Ave. Quezon City,0,0,0,0,0,0,0,0,0,0,2016-03-08 6:45,Property,14.65242607,121.0323133,No Collision Stated
None,EDSA,None,None,"No Accident Factor, Self-Accident, 0.0 drivers_injured, 0.0 drivers_killed, 3.0 passengers_injured, 0.0 passengers_killed, 0.0 pedestrian_injured, 0.0 pedestrian_killed, Fair (Night), EDSA Camp Aguinaldo  Quezon City",MMDA Road Safety Unit,,7dd655d7-454f-48a6-ba92-2becaba26a8c,2016-03-07,15:15:00,EDSA Aurora Blvd. Quezon City,0,0,0,0,3,0,0,0,0,3,2016-03-07 23:15,Injury,14.60740524,121.0567577,Self-Accident
None,EDSA,None,None,"No Accident Factor, No Collision Stated (based on Police Blotter Book), 0.0 drivers_injured, 0.0 drivers_killed, 0.0 passengers_injured, 0.0 passengers_killed, 0.0 pedestrian_injured, 0.0 pedestrian_killed, Fair (Night), EDSA P. Tuazon Blvd., Socorro Quezon City",MMDA Road Safety Unit,,90ef23d0-bdb3-4e43-a606-103f7e604b3b,2016-03-07,14:05:00,EDSA Quezon Ave. Quezon City,0,0,0,0,0,0,0,0,0,0,2016-03-07 22:05,Property,14.61656342,121.0525225,No Collision Stated
None,EDSA,None,None,"No Accident Factor, Side Swipe, 0.0 drivers_injured, 0.0 drivers_killed, 0.0 passengers_injured, 0.0 passengers_killed, 0.0 pedestrian_injured, 0.0 pedestrian_killed, Fair (Night), EDSA Cloverleaf  Drive Quezon City",MMDA Road Safety Unit,,d045505f-e7ac-4120-9aa9-a030428ecd7b,2016-03-07,11:10:00,EDSA Quezon Ave. Intersection Quezon City,0,0,0,0,0,0,0,0,0,0,2016-03-07 19:10,Property,14.65732513,121.000635,Side Swipe
None,EDSA,None,None,"No Accident Factor, Rear-end, 0.0 drivers_injured, 0.0 drivers_killed, 0.0 passengers_injured, 0.0 passengers_killed, 0.0 pedestrian_injured, 0.0 pedestrian_killed, Fair (Day), EDSA Kaingin Road Quezon City",MMDA Road Safety Unit,,682337f4-e06b-4f25-a5b4-c54cf8106dc9,2016-03-07,00:15:00,EDSA Quezon Ave. (EB) Quezon City,0,0,0,0,0,0,0,0,0,0,2016-03-07 8:15,Property,14.65746493,121.0109963,Rear-End
None,EDSA,None,None,"No Accident Factor, Side Swipe, 0.0 drivers_injured, 0.0 drivers_killed, 0.0 passengers_injured, 0.0 passengers_killed, 0.0 pedestrian_injured, 0.0 pedestrian_killed, Fair (Night), EDSA Sogo Hotel, Philam Quezon City",MMDA Road Safety Unit,,ee74dd0d-19cf-4e7c-bb2f-fbe9f4b58042,2016-03-06,19:30:00,"EDSA ""U"" turn slot, North Ave. Quezon City",0,0,0,0,0,0,0,0,0,0,2016-03-07 3:30,Property,14.65196411,121.0323219,Side Swipe
None,EDSA,None,None,"No Accident Factor, Side Swipe, 0.0 drivers_injured, 0.0 drivers_killed, 0.0 passengers_injured, 0.0 passengers_killed, 0.0 pedestrian_injured, 0.0 pedestrian_killed, Fair (Night), EDSA Kamias Road Quezon City",MMDA Road Safety Unit,,039d76f3-7710-4d8a-9db3-bc966c8321c6,2016-03-06,14:45:00,EDSA Corinthians (NB) Quezon City,0,0,0,0,0,0,0,0,0,0,2016-03-06 22:45,Property,14.6309142,121.0459376,Side Swipe
None,EDSA,None,None,"No Accident Factor, Side Swipe, 0.0 drivers_injured, 0.0 drivers_killed, 0.0 passengers_injured, 0.0 passengers_killed, 0.0 pedestrian_injured, 0.0 pedestrian_killed, Fair (Day), EDSA NEPA Q-Mart, E. Rodriguez Quezon City",MMDA Road Safety Unit,,33ee7819-2b2f-46cb-830b-02a0262018ab,2016-03-06,09:45:00,"EDSA People Power Monument, Camp Aguinaldo Quezon City",0,0,0,0,0,0,0,0,0,0,2016-03-06 17:45,Property,14.62805361,121.0472521,Side Swipe
None,EDSA,None,None,"No Accident Factor, Rear-end, 0.0 drivers_injured, 0.0 drivers_killed, 0.0 passengers_injured, 0.0 passengers_killed, 0.0 pedestrian_injured, 0.0 pedestrian_killed, Fair (Day), EDSA B. Serrano Ave., Socorro Quezon City",MMDA Road Safety Unit,,9864c14f-4596-4f50-b1dd-6734e2f8b9b5,2016-03-06,08:40:00,EDSA NIA Road Quezon City,0,0,0,0,0,0,0,0,0,0,2016-03-06 16:40,Property,14.61096685,121.0551991,Rear-End
None,EDSA,None,None,"No Accident Factor, Side Swipe, 0.0 drivers_injured, 0.0 drivers_killed, 0.0 passengers_injured, 0.0 passengers_killed, 0.0 pedestrian_injured, 0.0 pedestrian_killed, Fair (Day), EDSA Roosevelt Ave. Quezon City",MMDA Road Safety Unit,,232e894c-c98a-491a-bf3c-5437e9b2e5e4,2016-03-06,06:30:00,EDSA Landmark (NB) Quezon City,0,0,0,0,0,0,0,0,0,0,2016-03-06 14:30,Property,14.65762047,121.0196373,Side Swipe
None,EDSA,None,None,"No Accident Factor, Side Swipe, 0.0 drivers_injured, 0.0 drivers_killed, 0.0 passengers_injured, 0.0 passengers_killed, 0.0 pedestrian_injured, 0.0 pedestrian_killed, Fair (Day), EDSA South Road Quezon City",MMDA Road Safety Unit,,c673c9a6-50ae-4430-85df-31309541d2a6,2016-03-06,03:00:00,EDSA Santolan MRT Station Quezon City,0,0,0,0,0,0,0,0,0,0,2016-03-06 11:00,Property,14.61321318,121.053905,Side Swipe
None,EDSA,None,None,"No Accident Factor, Multiple Collision, 0.0 drivers_injured, 0.0 drivers_killed, 0.0 passengers_injured, 0.0 passengers_killed, 0.0 pedestrian_injured, 0.0 pedestrian_killed, Fair (Day), EDSA Shell Gas Station, Main Ave.  Quezon City",MMDA Road Safety Unit,,bb18c297-088b-41dd-baff-942a88ff5d1a,2016-03-06,02:00:00,EDSA E. Garcia St.  Quezon City,0,0,0,0,0,0,0,0,0,0,2016-03-06 10:00,Property,14.61353822,121.0538874,Multiple
None,EDSA,None,None,"No Accident Factor, Side Swipe, 0.0 drivers_injured, 0.0 drivers_killed, 0.0 passengers_injured, 0.0 passengers_killed, 0.0 pedestrian_injured, 0.0 pedestrian_killed, Fair (Night), EDSA GMA Drive Quezon City",MMDA Road Safety Unit,,b4e6b0b3-af49-4a77-8ebc-cfb5361cb684,2016-03-05,11:00:00,EDSA New York St. Quezon City,0,0,0,0,0,0,0,0,0,0,2016-03-05 19:00,Property,14.63467214,121.0435714,Side Swipe
None,EDSA,None,None,"No Accident Factor, Side Swipe, 0.0 drivers_injured, 0.0 drivers_killed, 0.0 passengers_injured, 0.0 passengers_killed, 0.0 pedestrian_injured, 0.0 pedestrian_killed, Fair (Day), EDSA Cloverleaf Quezon City",MMDA Road Safety Unit,,c1ca96b0-a08f-4ff7-8f82-4aaeac36442e,2016-03-05,08:50:00,EDSA North Ave. (NB) Quezon City,0,0,0,0,0,0,0,0,0,0,2016-03-05 16:50,Property,14.65747901,121.0011914,Side Swipe
None,EDSA,None,None,"No Accident Factor, Side Swipe, 0.0 drivers_injured, 0.0 drivers_killed, 0.0 passengers_injured, 0.0 passengers_killed, 0.0 pedestrian_injured, 0.0 pedestrian_killed, Fair (Day), EDSA GMA Drive Quezon City",MMDA Road Safety Unit,,99c679bf-eea1-4440-b612-71de0d6f9548,2016-03-05,08:00:00,EDSA Trinoma Mall (NB) Quezon City,0,0,0,0,0,0,0,0,0,0,2016-03-05 16:00,Property,14.63467214,121.0435714,Side Swipe
None,EDSA,None,None,"No Accident Factor, Hit and Run (No Collision Stated), 0.0 drivers_injured, 0.0 drivers_killed, 0.0 passengers_injured, 0.0 passengers_killed, 0.0 pedestrian_injured, 0.0 pedestrian_killed, Fair (Day), EDSA Ermin Garcia St. Quezon City",MMDA Road Safety Unit,,d670be30-cff4-4da3-ac32-c8da7f795617,2016-03-05,07:00:00,EDSA Camp Aguinaldo gate 3 (NB) Quezon City,0,0,0,0,0,0,0,0,0,0,2016-03-05 15:00,Property,14.62758814,121.047487,No Collision Stated
None,EDSA,None,None,"No Accident Factor, Rear-end, 0.0 drivers_injured, 0.0 drivers_killed, 0.0 passengers_injured, 0.0 passengers_killed, 0.0 pedestrian_injured, 0.0 pedestrian_killed, Fair (Day), EDSA Caltex Gas Station, A. Samson Quezon City",MMDA Road Safety Unit,,683b14df-b386-453d-ba0b-83a858bdff0b,2016-03-05,06:45:00,EDSA Oliveros (NB) Quezon City,0,0,0,0,0,0,0,0,0,0,2016-03-05 14:45,Property,14.65756562,121.0045938,Rear-End
None,EDSA,None,None,"No Accident Factor, Side Swipe, 0.0 drivers_injured, 0.0 drivers_killed, 0.0 passengers_injured, 0.0 passengers_killed, 0.0 pedestrian_injured, 0.0 pedestrian_killed, Fair (Day), EDSA Congressional Road Quezon City",MMDA Road Safety Unit,,112b187c-af65-4bb1-90f6-5ccfbe8b7df0,2016-03-05,02:40:00,EDSA P. Tuazon Quezon City,0,0,0,0,0,0,0,0,0,0,2016-03-05 10:40,Property,14.6571804,120.9927185,Side Swipe
None,EDSA,None,None,"No Accident Factor, Side Swipe, 0.0 drivers_injured, 0.0 drivers_killed, 0.0 passengers_injured, 0.0 passengers_killed, 0.0 pedestrian_injured, 0.0 pedestrian_killed, Fair (Day), EDSA Toyota Motors, Ramon Magsaysay Quezon City",MMDA Road Safety Unit,,1540ddd0-d098-4fcf-be34-5bea7a06444c,2016-03-05,02:15:00,EDSA North Ave. Quezon City,0,0,0,0,0,0,0,0,0,0,2016-03-05 10:15,Property,14.65684068,121.0250616,Side Swipe
None,EDSA,None,None,"No Accident Factor, Rear-end, 0.0 drivers_injured, 0.0 drivers_killed, 0.0 passengers_injured, 0.0 passengers_killed, 0.0 pedestrian_injured, 0.0 pedestrian_killed, Fair (Night), EDSA Kaingin Road Quezon City",MMDA Road Safety Unit,,b7814417-248b-40c0-88b9-a9485de7b0b8,2016-03-04,10:00:00,EDSA P. Tuazon Blvd. Quezon City,0,0,0,0,0,0,0,0,0,0,2016-03-04 18:00,Property,14.65746493,121.0109963,Rear-End
None,EDSA,None,None,"No Accident Factor, Rear-end, 0.0 drivers_injured, 0.0 drivers_killed, 0.0 passengers_injured, 0.0 passengers_killed, 0.0 pedestrian_injured, 0.0 pedestrian_killed, Fair (Day), EDSA Camp Aguinaldo  Quezon City",MMDA Road Safety Unit,,4d1979ae-c650-4489-a71a-0b2291535843,2016-03-04,08:30:00,EDSA Quezon City Academy (NB) Quezon City,0,0,0,0,0,0,0,0,0,0,2016-03-04 16:30,Property,14.60740524,121.0567577,Rear-End
None,EDSA,None,None,"No Accident Factor, No Collision Stated (based on Police Blotter Book), 0.0 drivers_injured, 0.0 drivers_killed, 0.0 passengers_injured, 0.0 passengers_killed, 0.0 pedestrian_injured, 0.0 pedestrian_killed, Fair (Day), EDSA Scout Borromeo St. Quezon City",MMDA Road Safety Unit,,1cb94eaa-3c46-463d-841e-3fe51f95f2c8,2016-03-04,08:00:00,"EDSA ""U"" turn slot, Quezon City Academy (SB) Quezon City",0,0,0,0,0,0,0,0,0,0,2016-03-04 16:00,Property,14.63715712,121.0419507,No Collision Stated
None,EDSA,None,None,"No Accident Factor, Side Swipe, 0.0 drivers_injured, 0.0 drivers_killed, 0.0 passengers_injured, 0.0 passengers_killed, 0.0 pedestrian_injured, 0.0 pedestrian_killed, Fair (Day), EDSA Eat Ave.  Quezon City",MMDA Road Safety Unit,,d32a7fac-d169-45fc-910e-103f0718f134,2016-03-04,07:15:00,EDSA Main Ave. Quezon City,0,0,0,0,0,0,0,0,0,0,2016-03-04 15:15,Property,14.63314191,121.044997,Side Swipe
None,EDSA,None,None,"No Accident Factor, No Collision Stated (based on Police Blotter Book), 0.0 drivers_injured, 0.0 drivers_killed, 0.0 passengers_injured, 0.0 passengers_killed, 0.0 pedestrian_injured, 0.0 pedestrian_killed, Fair (Day), EDSA Corregidor St.  Quezon City",MMDA Road Safety Unit,,83efc567-624b-49b9-aee0-9980fca3818e,2016-03-04,05:00:00,EDSA SM Annex (NB) Quezon City,0,0,0,0,0,0,0,0,0,0,2016-03-04 13:00,Property,14.65707679,121.0241648,No Collision Stated
None,EDSA,None,None,"No Accident Factor, Rear-end, 0.0 drivers_injured, 0.0 drivers_killed, 0.0 passengers_injured, 0.0 passengers_killed, 0.0 pedestrian_injured, 0.0 pedestrian_killed, Fair (Day), EDSA Gate 4, General Aguinaldo  Quezon City",MMDA Road Safety Unit,,6a24497c-a8bd-47a9-9e8b-00766b4d207e,2016-03-04,01:40:00,EDSA SM Annex (NB) Quezon City,0,0,0,0,0,0,0,0,0,0,2016-03-04 9:40,Property,14.60124659,121.0594218,Rear-End
None,EDSA,None,None,"No Accident Factor, No Collision Stated (based on Police Blotter Book), 0.0 drivers_injured, 0.0 drivers_killed, 0.0 passengers_injured, 0.0 passengers_killed, 0.0 pedestrian_injured, 0.0 pedestrian_killed, Fair (Day), EDSA Banahaw St.  Quezon City",MMDA Road Safety Unit,,9730ba95-8241-429d-80a0-2471be6689b3,2016-03-04,00:30:00,EDSA Cloverleaf Drive Quezon City,0,0,0,0,0,0,0,0,0,0,2016-03-04 8:30,Property,14.61797303,121.0516572,No Collision Stated
None,EDSA,None,None,"No Accident Factor, Side Swipe, 0.0 drivers_injured, 0.0 drivers_killed, 0.0 passengers_injured, 0.0 passengers_killed, 0.0 pedestrian_injured, 0.0 pedestrian_killed, Fair (Day), EDSA Cloverleaf Quezon City",MMDA Road Safety Unit,,ccce4622-87f4-4b5b-a521-feb03954ad3a,2016-03-04,00:30:00,"EDSA Q-Mart, E. Rodriguez Quezon City",0,0,0,0,0,0,0,0,0,0,2016-03-04 8:30,Property,14.65747901,121.0011914,Side Swipe
None,EDSA,None,None,"No Accident Factor, Rear-end, 0.0 drivers_injured, 0.0 drivers_killed, 0.0 passengers_injured, 0.0 passengers_killed, 0.0 pedestrian_injured, 0.0 pedestrian_killed, Fair (Day), EDSA ""U"" turn slot (SB), Quezon Ave.  Quezon City",MMDA Road Safety Unit,,5a64dd2a-588e-4c1a-a54b-52e54f8db95b,2016-03-03,23:35:00,EDSA Monte De Piedad St.  Quezon City,0,0,0,0,0,0,0,0,0,0,2016-03-04 7:35,Property,14.64519102,121.0368548,Rear-End
None,EDSA,None,None,"No Accident Factor, Side Swipe, 0.0 drivers_injured, 0.0 drivers_killed, 0.0 passengers_injured, 0.0 passengers_killed, 0.0 pedestrian_injured, 0.0 pedestrian_killed, Fair (Night), EDSA Corinthian Garden Subd., Ugong Norte  Quezon City",MMDA Road Safety Unit,,3c81afda-f975-41f0-bbc9-5ff7162d4f41,2016-03-03,20:15:00,EDSA Kamuning Road Quezon City,0,0,0,0,0,0,0,0,0,0,2016-03-04 4:15,Property,14.59580783,121.0595248,Side Swipe
None,EDSA,None,None,"No Accident Factor, Rear-end, 0.0 drivers_injured, 0.0 drivers_killed, 0.0 passengers_injured, 0.0 passengers_killed, 0.0 pedestrian_injured, 0.0 pedestrian_killed, Fair (Day), EDSA Trinoma Mall Quezon City",MMDA Road Safety Unit,,33ac37fb-28ec-4df0-b05e-a6299d301c0f,2016-03-03,07:00:00,EDSA Main Ave. (NB) Quezon City,0,0,0,0,0,0,0,0,0,0,2016-03-03 15:00,Property,14.65242607,121.0323133,Rear-End
None,EDSA,None,None,"No Accident Factor, Side Swipe, 0.0 drivers_injured, 0.0 drivers_killed, 0.0 passengers_injured, 0.0 passengers_killed, 0.0 pedestrian_injured, 0.0 pedestrian_killed, Fair (Day), EDSA West Ave. Quezon City",MMDA Road Safety Unit,,7728a960-ee6b-4096-8a5f-589368b91126,2016-03-03,06:00:00,EDSA Quezon City Academy (NB) Quezon City,0,0,0,0,0,0,0,0,0,0,2016-03-03 14:00,Property,14.65548924,121.0298079,Side Swipe
None,EDSA,None,None,"No Accident Factor, Rear-end, 0.0 drivers_injured, 0.0 drivers_killed, 0.0 passengers_injured, 0.0 passengers_killed, 0.0 pedestrian_injured, 0.0 pedestrian_killed, Fair (Day), EDSA Timog Ave. SPLIT (WB) Quezon City",MMDA Road Safety Unit,,81336b8d-61b9-411b-95e0-b193c0224460,2016-03-03,02:55:00,EDSA Main Ave. (SB) Quezon City,0,0,0,0,0,0,0,0,0,0,2016-03-03 10:55,Property,14.63293559,121.0446304,Rear-End
None,EDSA,None,None,"No Accident Factor, Rear-end, 0.0 drivers_injured, 0.0 drivers_killed, 0.0 passengers_injured, 0.0 passengers_killed, 0.0 pedestrian_injured, 0.0 pedestrian_killed, Fair (Day), EDSA New York St. Quezon City",MMDA Road Safety Unit,,b9231a9f-f585-4bd5-830f-0502428c7685,2016-03-02,23:25:00,EDSA San Martin De Porres Quezon City,0,0,0,0,0,0,0,0,0,0,2016-03-03 7:25,Property,14.62568514,121.0482307,Rear-End
None,EDSA,None,None,"No Accident Factor, Side Swipe, 1.0 drivers_injured, 0.0 drivers_killed, 0.0 passengers_injured, 0.0 passengers_killed, 0.0 pedestrian_injured, 0.0 pedestrian_killed, Fair (Night), EDSA East Ave., Pinyahan Quezon City",MMDA Road Safety Unit,,3cd09fe3-08d0-4ead-89e9-8e63b8118a7c,2016-03-02,15:30:00,EDSA Quezon Ave. (SB) Quezon City,0,0,0,1,0,0,0,0,0,1,2016-03-02 23:30,Injury,14.6328297,121.0451176,Side Swipe
None,EDSA,None,None,"No Accident Factor, No Collision Stated (based on Police Blotter Book), 0.0 drivers_injured, 0.0 drivers_killed, 0.0 passengers_injured, 0.0 passengers_killed, 0.0 pedestrian_injured, 0.0 pedestrian_killed, Fair (Night), EDSA Bus Station Project 7 Quezon City",MMDA Road Safety Unit,,174631f4-0e9c-4323-a765-4984f65e2060,2016-03-02,13:30:00,EDSA SM Mall Annex (NB) Quezon City,0,0,0,0,0,0,0,0,0,0,2016-03-02 21:30,Property,14.65632308,121.0274796,No Collision Stated
None,EDSA,None,None,"No Accident Factor, Angle Impact, 1.0 drivers_injured, 0.0 drivers_killed, 0.0 passengers_injured, 0.0 passengers_killed, 0.0 pedestrian_injured, 0.0 pedestrian_killed, Fair (Day), EDSA East Ave., Pinyahan Quezon City",MMDA Road Safety Unit,,020e685a-a1fd-4ad1-8d68-490f49cc3c89,2016-03-02,01:00:00,EDSA Monte De Piedad St.  Quezon City,0,0,0,1,0,0,0,0,0,1,2016-03-02 9:00,Injury,14.6328297,121.0451176,Angle Impact
None,EDSA,None,None,"No Accident Factor, Rear-end, 0.0 drivers_injured, 0.0 drivers_killed, 0.0 passengers_injured, 0.0 passengers_killed, 0.0 pedestrian_injured, 0.0 pedestrian_killed, Fair (Day), EDSA Kamuning Road Quezon City",MMDA Road Safety Unit,,5d4dbfb1-d029-476f-aa0a-2f086e194b5e,2016-03-02,00:30:00,EDSA Aurora Blvd. Quezon City,0,0,0,0,0,0,0,0,0,0,2016-03-02 8:30,Property,14.63075725,121.0457548,Rear-End
None,EDSA,None,None,"No Accident Factor, Side Swipe, 0.0 drivers_injured, 0.0 drivers_killed, 0.0 passengers_injured, 0.0 passengers_killed, 0.0 pedestrian_injured, 0.0 pedestrian_killed, Fair (Day), EDSA Kamuning Road Quezon City",MMDA Road Safety Unit,,cde75e9f-a992-4298-8f26-918b2fb449c1,2016-03-01,23:20:00,EDSA Station10 QCPD Quezon City,0,0,0,0,0,0,0,0,0,0,2016-03-02 7:20,Property,14.63075725,121.0457548,Side Swipe
None,EDSA,None,None,"No Accident Factor, Rear-end, 0.0 drivers_injured, 0.0 drivers_killed, 0.0 passengers_injured, 0.0 passengers_killed, 0.0 pedestrian_injured, 0.0 pedestrian_killed, Fair (Night), EDSA Roosevelt Ave. Quezon City",MMDA Road Safety Unit,,c67f67fc-e51f-4bda-a62f-866fe0a74379,2016-03-01,12:00:00,EDSA Timog Ave.  Quezon City,0,0,0,0,0,0,0,0,0,0,2016-03-01 20:00,Property,14.65762047,121.0196373,Rear-End
None,EDSA,None,None,"No Accident Factor, No Collision Stated (based on Police Blotter Book), 0.0 drivers_injured, 0.0 drivers_killed, 0.0 passengers_injured, 0.0 passengers_killed, 0.0 pedestrian_injured, 0.0 pedestrian_killed, Fair (Day), EDSA Aurora Blvd. Quezon City",MMDA Road Safety Unit,,7239da9a-296f-4a7a-8465-a1072a052053,2016-03-01,06:15:00,EDSA Gen. Mc Arthur Ave.  Quezon City,0,0,0,0,0,0,0,0,0,0,2016-03-01 14:15,Property,14.62163653,121.0501573,No Collision Stated
None,EDSA,None,None,"No Accident Factor, Rear-end, 0.0 drivers_injured, 0.0 drivers_killed, 0.0 passengers_injured, 0.0 passengers_killed, 0.0 pedestrian_injured, 0.0 pedestrian_killed, Fair (Day), EDSA Monte de Piedad St.  Quezon City",MMDA Road Safety Unit,,9b3a787e-d13e-4e63-9db5-bf6f00641cdb,2016-03-01,04:50:00,EDSA Whiteplains  Quezon City,0,0,0,0,0,0,0,0,0,0,2016-03-01 12:50,Property,14.62346937,121.0491711,Rear-End