LOCATION_TEXT,ROAD,WEATHER,LIGHT,DESC,REPORTING_AGENCY,MAIN_CAUSE,INCIDENTDETAILS_ID,DATE_UTC,TIME_UTC,ADDRESS,killed_driver,killed_passenger,killed_pedestrian,injured_driver,injured_passenger,injured_pedestrian,killed_uncategorized,injured_uncategorized,killed_total,injured_total,DATETIME_PST,SEVERITY,Y,X,COLLISION_TYPE
None,EDSA,None,None,"No Accident Factor, Rear-end, 0.0 drivers_injured, 0.0 drivers_killed, 0.0 passengers_injured, 0.0 passengers_killed, 0.0 pedestrian_injured, 0.0 pedestrian_killed, Fair (Day), EDSA Timog Ave. (GMA Network) SB  Quezon City",MMDA Road Safety Unit,,2f52f8ee-422d-4206-b189-93fcfd574279,2016-03-01,02:30:00,EDSA Quezon Ave. (WB) Quezon City,0,0,0,0,0,0,0,0,0,0,2016-03-01 10:30,Property,14.63293559,121.0446304,Rear-End
None,EDSA,None,None,"No Accident Factor, Rear-end, 0.0 drivers_injured, 0.0 drivers_killed, 0.0 passengers_injured, 0.0 passengers_killed, 0.0 pedestrian_injured, 0.0 pedestrian_killed, Fair (Day), EDSA East Ave. Quezon City",MMDA Road Safety Unit,,845dd882-e99a-45f4-9a4f-379f20699853,2016-03-01,00:45:00,EDSA Mayor Ignacio Diaz St.  Quezon City,0,0,0,0,0,0,0,0,0,0,2016-03-01 8:45,Property,14.6328297,121.0451176,Rear-End
None,EDSA,None,None,"No Accident Factor, Rear-end, 0.0 drivers_injured, 0.0 drivers_killed, 0.0 passengers_injured, 0.0 passengers_killed, 0.0 pedestrian_injured, 0.0 pedestrian_killed, Fair (Day), EDSA Whiteplains Ave. Quezon City",MMDA Road Safety Unit,,1d7f3034-bc82-4c5c-89fb-3cddd5784a27,2016-02-29,05:20:00,EDSA West Ave. Quezon City,0,0,0,0,0,0,0,0,0,0,2016-02-29 13:20,Property,14.59961782,121.0596522,Rear-End
None,EDSA,None,None,"No Accident Factor, Rear-end, 0.0 drivers_injured, 0.0 drivers_killed, 0.0 passengers_injured, 0.0 passengers_killed, 0.0 pedestrian_injured, 0.0 pedestrian_killed, Fair (Day), EDSA Corregidor St., Ramon Magsaysay Quezon City",MMDA Road Safety Unit,,42bf0f50-4fd9-40f5-a038-96dd239be4c7,2016-02-29,03:00:00,"EDSA GMA Drive ""U"" turn slot Quezon City",0,0,0,0,0,0,0,0,0,0,2016-02-29 11:00,Property,14.65707679,121.0241648,Rear-End
None,EDSA,None,None,"No Accident Factor, Hit Object (Steel Guard), 0.0 drivers_injured, 0.0 drivers_killed, 0.0 passengers_injured, 0.0 passengers_killed, 0.0 pedestrian_injured, 0.0 pedestrian_killed, Fair (Day), EDSA A. Samson St. (MARIWASA) Quezon City",MMDA Road Safety Unit,,65b79b6a-ee3c-4906-9370-f813a0557fb6,2016-02-29,01:45:00,EDSA Timog Ave. (SB) Quezon City,0,0,0,0,0,0,0,0,0,0,2016-02-29 9:45,Property,14.65731173,121.0011071,Hit Object
None,EDSA,None,None,"No Accident Factor, Rear-end, 0.0 drivers_injured, 0.0 drivers_killed, 0.0 passengers_injured, 0.0 passengers_killed, 0.0 pedestrian_injured, 0.0 pedestrian_killed, Fair (Day), EDSA P. Tuazon Blvd. Quezon City",MMDA Road Safety Unit,,e36d0326-89f9-4779-b7e5-cd0cfe5073c0,2016-02-28,22:50:00,EDSA Timog Ave. Service Road (SB) Quezon City,0,0,0,0,0,0,0,0,0,0,2016-02-29 6:50,Property,14.61656342,121.0525225,Rear-End
None,EDSA,None,None,"No Accident Factor, No Collision Stated (based on Police Blotter Book), 0.0 drivers_injured, 0.0 drivers_killed, 0.0 passengers_injured, 0.0 passengers_killed, 0.0 pedestrian_injured, 0.0 pedestrian_killed, Fair (Day), EDSA Cloverleaf Road Quezon City",MMDA Road Safety Unit,,36896467-2837-45d7-b783-52588a0ac290,2016-02-28,03:15:00,EDSA Waltermart Quezon City,0,0,0,0,0,0,0,0,0,0,2016-02-28 11:15,Property,14.65747901,121.0011914,No Collision Stated
None,EDSA,None,None,"No Accident Factor, Side Swipe, 0.0 drivers_injured, 0.0 drivers_killed, 0.0 passengers_injured, 0.0 passengers_killed, 0.0 pedestrian_injured, 0.0 pedestrian_killed, Fair (Night), EDSA Aurora Blvd., E. Rodriguez Cubao Quezon City",MMDA Road Safety Unit,,633ba613-fec3-453f-85fb-f0a1e15d97a3,2016-02-27,12:25:00,EDSA SM Annex (NB) Quezon City,0,0,0,0,0,0,0,0,0,0,2016-02-27 20:25,Property,14.6218043,121.0502049,Side Swipe
None,EDSA,None,None,"No Accident Factor, Rear-end, 0.0 drivers_injured, 0.0 drivers_killed, 0.0 passengers_injured, 0.0 passengers_killed, 0.0 pedestrian_injured, 0.0 pedestrian_killed, Fair (Night), EDSA Misamis St.  Quezon City",MMDA Road Safety Unit,,a8f58a4b-bb13-422e-b6eb-61b744365a3f,2016-02-27,10:45:00,"EDSA Toyota Motors, North Ave. Quezon City",0,0,0,0,0,0,0,0,0,0,2016-02-27 18:45,Property,14.65602348,121.0285212,Rear-End
None,EDSA,None,None,"No Accident Factor, Side Swipe, 0.0 drivers_injured, 0.0 drivers_killed, 0.0 passengers_injured, 0.0 passengers_killed, 0.0 pedestrian_injured, 0.0 pedestrian_killed, Fair (Night), EDSA Aurora Blvd. Quezon City",MMDA Road Safety Unit,,6a561ca0-2809-450c-ac05-f9c34f71915c,2016-02-27,10:35:00,EDSA Timog Ave.  Quezon City,0,0,0,0,0,0,0,0,0,0,2016-02-27 18:35,Property,14.62163653,121.0501573,Side Swipe
None,EDSA,None,None,"No Accident Factor, No Collision Stated (based on Police Blotter Book), 0.0 drivers_injured, 0.0 drivers_killed, 0.0 passengers_injured, 0.0 passengers_killed, 0.0 pedestrian_injured, 0.0 pedestrian_killed, Fair (Night), EDSA GMA-7 ""U"" turn slot  Quezon City",MMDA Road Safety Unit,,b1d35880-b042-4e5b-b224-93518300d39a,2016-02-27,10:00:00,EDSA Quezon Ave. (SB) Quezon City,0,0,0,0,0,0,0,0,0,0,2016-02-27 18:00,Property,14.63545103,121.0432182,No Collision Stated
None,EDSA,None,None,"No Accident Factor, Side Swipe, 0.0 drivers_injured, 0.0 drivers_killed, 0.0 passengers_injured, 0.0 passengers_killed, 0.0 pedestrian_injured, 0.0 pedestrian_killed, Fair (Day), EDSA Balintawak Market Quezon City",MMDA Road Safety Unit,,426f583a-bdee-4e37-8cbf-26957e735657,2016-02-27,08:30:00,EDSA P. Tuazon Blvd. (SB) Quezon City,0,0,0,0,0,0,0,0,0,0,2016-02-27 16:30,Property,14.65740947,121.0025737,Side Swipe
None,EDSA,None,None,"No Accident Factor, Rear-end, 0.0 drivers_injured, 0.0 drivers_killed, 0.0 passengers_injured, 0.0 passengers_killed, 0.0 pedestrian_injured, 0.0 pedestrian_killed, Fair (Day), EDSA Shell Gas Station, Katipu Quezon City",MMDA Road Safety Unit,,9af09c01-0d67-4b70-8b82-17ed96f1ff22,2016-02-27,07:40:00,EDSA Royal (SB) Quezon City,0,0,0,0,0,0,0,0,0,0,2016-02-27 15:40,Property,14.65744481,121.0162804,Rear-End
None,EDSA,None,None,"No Accident Factor, Rear-end, 0.0 drivers_injured, 0.0 drivers_killed, 0.0 passengers_injured, 0.0 passengers_killed, 0.0 pedestrian_injured, 0.0 pedestrian_killed, Fair (Day), EDSA Timog Ave.  Quezon City",MMDA Road Safety Unit,,bbf615c1-8ed7-4aae-8f81-405826c9c68b,2016-02-27,03:30:00,EDSA MRT Santolan (NB) Quezon City,0,0,0,0,0,0,0,0,0,0,2016-02-27 11:30,Property,14.63293559,121.0446304,Rear-End
None,EDSA,None,None,"No Accident Factor, Rear-end, 0.0 drivers_injured, 0.0 drivers_killed, 0.0 passengers_injured, 0.0 passengers_killed, 0.0 pedestrian_injured, 0.0 pedestrian_killed, Fair (Day), EDSA Shell Gas Station, A. Samson  Quezon City",MMDA Road Safety Unit,,431699d6-375f-49c0-83fc-fb1b1f67e08d,2016-02-27,01:10:00,EDSA MRT Santolan (NB) Quezon City,0,0,0,0,0,0,0,0,0,0,2016-02-27 9:10,Property,14.65761329,121.0076049,Rear-End
None,EDSA,None,None,"No Accident Factor, Multiple Collision, 0.0 drivers_injured, 0.0 drivers_killed, 0.0 passengers_injured, 0.0 passengers_killed, 0.0 pedestrian_injured, 0.0 pedestrian_killed, Fair (Night), EDSA Balintawak Market Quezon City",MMDA Road Safety Unit,,190eff19-7496-4f6b-963e-d81da34b88e9,2016-02-26,18:20:00,EDSA SM North (NB) Quezon City,0,0,0,0,0,0,0,0,0,0,2016-02-27 2:20,Property,14.65740947,121.0025737,Multiple
None,EDSA,None,None,"No Accident Factor, Side Swipe, 0.0 drivers_injured, 0.0 drivers_killed, 0.0 passengers_injured, 0.0 passengers_killed, 0.0 pedestrian_injured, 0.0 pedestrian_killed, Fair (Night), EDSA East Ave. Quezon City",MMDA Road Safety Unit,,7d28445b-18ac-4471-b85d-6346d1e5f7ee,2016-02-26,15:15:00,EDSA Timog Ave. (SB) Quezon City,0,0,0,0,0,0,0,0,0,0,2016-02-26 23:15,Property,14.6328297,121.0451176,Side Swipe
None,EDSA,None,None,"No Accident Factor, Self-Accident, 0.0 drivers_injured, 0.0 drivers_killed, 2.0 passengers_injured, 0.0 passengers_killed, 0.0 pedestrian_injured, 0.0 pedestrian_killed, Fair (Night), EDSA Santolan, Socorro Quezon City",MMDA Road Safety Unit,,c5a63fe5-b359-4b29-b74c-6e1f6d069297,2016-02-26,13:30:00,EDSA Aurora Blvd. (SB) Quezon City,0,0,0,0,2,0,0,0,0,2,2016-02-26 21:30,Injury,14.6102736,121.0552175,Self-Accident
None,EDSA,None,None,"No Accident Factor, No Collision Stated (based on Police Blotter Book), 0.0 drivers_injured, 0.0 drivers_killed, 0.0 passengers_injured, 0.0 passengers_killed, 0.0 pedestrian_injured, 0.0 pedestrian_killed, Fair (Night), EDSA Congressional Ave.  Quezon City",MMDA Road Safety Unit,,f6855cc3-84fe-49dc-919a-5c29bcf25c77,2016-02-26,13:00:00,EDSA Santolan (SB) Quezon City,0,0,0,0,0,0,0,0,0,0,2016-02-26 21:00,Property,14.6571804,120.9927185,No Collision Stated
None,EDSA,None,None,"No Accident Factor, Rear-end, 0.0 drivers_injured, 0.0 drivers_killed, 0.0 passengers_injured, 0.0 passengers_killed, 0.0 pedestrian_injured, 0.0 pedestrian_killed, Fair (Day), EDSA Farmers Plaza, Cubao Quezon City",MMDA Road Safety Unit,,21c921ef-0d18-4410-bb89-6c19a06beab1,2016-02-26,02:20:00,EDSA SM North (NB) Quezon City,0,0,0,0,0,0,0,0,0,0,2016-02-26 10:20,Property,14.61920525,121.0513476,Rear-End
None,EDSA,None,None,"No Accident Factor, Side Swipe, 0.0 drivers_injured, 0.0 drivers_killed, 0.0 passengers_injured, 0.0 passengers_killed, 0.0 pedestrian_injured, 0.0 pedestrian_killed, Fair (Day), EDSA P. Tuazon Blvd. Quezon City",MMDA Road Safety Unit,,2d7414c7-900b-410f-82ca-d28a506d7aad,2016-02-26,01:30:00,EDSA Timog Ave.  Quezon City,0,0,0,0,0,0,0,0,0,0,2016-02-26 9:30,Property,14.61656342,121.0525225,Side Swipe
None,EDSA,None,None,"No Accident Factor, Side Swipe, 0.0 drivers_injured, 0.0 drivers_killed, 0.0 passengers_injured, 0.0 passengers_killed, 0.0 pedestrian_injured, 0.0 pedestrian_killed, Fair (Day), EDSA Chowking, Kamuning  Quezon City",MMDA Road Safety Unit,,200f7edb-04be-4785-a6c6-6a2007feb2f6,2016-02-25,23:00:00,EDSA Whiteplains (NB) Quezon City,0,0,0,0,0,0,0,0,0,0,2016-02-26 7:00,Property,14.63059072,121.0458545,Side Swipe
None,EDSA,None,None,"No Accident Factor, Angle Impact, 0.0 drivers_injured, 0.0 drivers_killed, 0.0 passengers_injured, 0.0 passengers_killed, 0.0 pedestrian_injured, 0.0 pedestrian_killed, Fair (Day), EDSA Five Star Bus Terminal, Cubao Quezon City",MMDA Road Safety Unit,,95e249c5-0ae8-4c99-a655-e54c231b44ab,2016-02-25,06:30:00,"EDSA GMA-7 ""U"" turn slot  Quezon City",0,0,0,0,0,0,0,0,0,0,2016-02-25 14:30,Property,14.62375691,121.0492447,Angle Impact
None,EDSA,None,None,"No Accident Factor, Hit Object (Fence/Wall-Steel, MMDA), 0.0 drivers_injured, 0.0 drivers_killed, 0.0 passengers_injured, 0.0 passengers_killed, 0.0 pedestrian_injured, 0.0 pedestrian_killed, Fair (Day), EDSA Five Star Bus Terminal, Cubao Quezon City",MMDA Road Safety Unit,,34a8ca26-058c-4ac8-a706-1dc94bd69cae,2016-02-25,03:30:00,EDSA Aurora Blvd. Quezon City,0,0,0,0,0,0,0,0,0,0,2016-02-25 11:30,Property,14.62375691,121.0492447,Hit Object
None,EDSA,None,None,"No Accident Factor, Side Swipe, 0.0 drivers_injured, 0.0 drivers_killed, 0.0 passengers_injured, 0.0 passengers_killed, 0.0 pedestrian_injured, 0.0 pedestrian_killed, Fair (Night), EDSA Whiteplains Avenue, Ugong Norte Quezon City",MMDA Road Safety Unit,,fdd1bfed-9c56-40ff-a269-631f8a03ee90,2016-02-24,15:00:00,EDSA Monte De Piedad St.  Quezon City,0,0,0,0,0,0,0,0,0,0,2016-02-24 23:00,Property,14.59961782,121.0596522,Side Swipe
None,EDSA,None,None,"No Accident Factor, No Collision Stated (based on Police Blotter Book), 0.0 drivers_injured, 0.0 drivers_killed, 0.0 passengers_injured, 0.0 passengers_killed, 0.0 pedestrian_injured, 0.0 pedestrian_killed, Fair (Night), EDSA Whiteplains Avenue, Ugong Norte Quezon City",MMDA Road Safety Unit,,10f83f20-4cc0-4593-8b72-8799a2ad829f,2016-02-24,14:00:00,EDSA Solid North Terminal  Quezon City,0,0,0,0,0,0,0,0,0,0,2016-02-24 22:00,Property,14.59961782,121.0596522,No Collision Stated
None,EDSA,None,None,"No Accident Factor, Side Swipe, 0.0 drivers_injured, 0.0 drivers_killed, 0.0 passengers_injured, 0.0 passengers_killed, 0.0 pedestrian_injured, 0.0 pedestrian_killed, Fair (Night), EDSA Quezon Ave. Quezon City",MMDA Road Safety Unit,,25b95314-cea6-4f13-ba7b-377a67f599c1,2016-02-24,11:15:00,EDSA Quezon City Academy (SB) Quezon City,0,0,0,0,0,0,0,0,0,0,2016-02-24 19:15,Property,14.6442444,121.0375839,Side Swipe
None,EDSA,None,None,"No Accident Factor, Side Swipe, 0.0 drivers_injured, 0.0 drivers_killed, 0.0 passengers_injured, 0.0 passengers_killed, 0.0 pedestrian_injured, 0.0 pedestrian_killed, Fair (Night), EDSA Quezon Ave. Quezon City",MMDA Road Safety Unit,,425d750c-ce0a-4ff0-811d-aec387a81685,2016-02-24,11:00:00,EDSA GMA Drive  Quezon City,0,0,0,0,0,0,0,0,0,0,2016-02-24 19:00,Property,14.6442444,121.0375839,Side Swipe
None,EDSA,None,None,"No Accident Factor, No Collision Stated (based on Police Blotter Book), 0.0 drivers_injured, 0.0 drivers_killed, 0.0 passengers_injured, 0.0 passengers_killed, 0.0 pedestrian_injured, 0.0 pedestrian_killed, Fair (Day), EDSA East Avenue, Pinyahan Quezon City",MMDA Road Safety Unit,,70a00eb8-7d84-491f-8cc2-6dd2450d0fb8,2016-02-24,09:30:00,"EDSA Shell Gas Station, Katipu Quezon City",0,0,0,0,0,0,0,0,0,0,2016-02-24 17:30,Property,14.6328297,121.0451176,No Collision Stated
None,EDSA,None,None,"No Accident Factor, Hit and Run (No Collision Stated), 0.0 drivers_injured, 0.0 drivers_killed, 0.0 passengers_injured, 0.0 passengers_killed, 0.0 pedestrian_injured, 0.0 pedestrian_killed, Fair (Day), EDSA People Power Monument, Camp Aguinaldo Quezon City",MMDA Road Safety Unit,,267c3b53-0bb2-4367-b8ed-6f29997bb79c,2016-02-24,04:20:00,EDSA Santolan (NB) Quezon City,0,0,0,0,0,0,0,0,0,0,2016-02-24 12:20,Property,14.59994643,121.059777,No Collision Stated
None,EDSA,None,None,"No Accident Factor, Rear-end, 0.0 drivers_injured, 0.0 drivers_killed, 0.0 passengers_injured, 0.0 passengers_killed, 0.0 pedestrian_injured, 0.0 pedestrian_killed, Fair (Day), EDSA Ortigas Ave. Quezon City",MMDA Road Safety Unit,,1ef98ee3-7f97-4b4a-a6f9-18127adeab25,2016-02-24,01:45:00,EDSA Farmers Plaza Quezon City,0,0,0,0,0,0,0,0,0,0,2016-02-24 9:45,Property,14.59335253,121.0584107,Rear-End
None,EDSA,None,None,"No Accident Factor, Rear-end, 0.0 drivers_injured, 0.0 drivers_killed, 0.0 passengers_injured, 0.0 passengers_killed, 0.0 pedestrian_injured, 0.0 pedestrian_killed, Fair (Day), EDSA Quezon Ave. (WB) Quezon City",MMDA Road Safety Unit,,51a65c35-e740-4184-817a-13e076ba0bc3,2016-02-24,01:15:00,EDSA East Ave. Quezon City,0,0,0,0,0,0,0,0,0,0,2016-02-24 9:15,Property,14.6442444,121.0375839,Rear-End
None,EDSA,None,None,"No Accident Factor, Rear-end, 0.0 drivers_injured, 0.0 drivers_killed, 0.0 passengers_injured, 0.0 passengers_killed, 0.0 pedestrian_injured, 0.0 pedestrian_killed, Fair (Day), EDSA Santolan (SB) Quezon City",MMDA Road Safety Unit,,caf19449-40ad-4488-9a46-1916e1a53766,2016-02-24,00:05:00,EDSA Arayat (SB) Quezon City,0,0,0,0,0,0,0,0,0,0,2016-02-24 8:05,Property,14.61090554,121.0550155,Rear-End
None,EDSA,None,None,"No Accident Factor, No Collision Stated (based on Police Blotter Book), 0.0 drivers_injured, 0.0 drivers_killed, 1.0 passengers_injured, 0.0 passengers_killed, 0.0 pedestrian_injured, 0.0 pedestrian_killed, Fair (Day), EDSA Chowking, A. Samson  Quezon City",MMDA Road Safety Unit,,4973e5a3-7d31-4219-a1c3-69730e1c8441,2016-02-24,00:00:00,EDSA Quezon Ave. Quezon City,0,0,0,0,1,0,0,0,0,1,2016-02-24 8:00,Injury,14.65751384,121.0031186,No Collision Stated
None,EDSA,None,None,"No Accident Factor, Hit and Run (Rear-end), 0.0 drivers_injured, 0.0 drivers_killed, 0.0 passengers_injured, 0.0 passengers_killed, 0.0 pedestrian_injured, 0.0 pedestrian_killed, Fair (Night), EDSA People Power Monument-Whiteplains Avenue, Aguinaldo Quezon City",MMDA Road Safety Unit,,1bf530aa-3afb-4166-be37-f972afd2330e,2016-02-23,17:30:00,EDSA Kamuning Road Quezon City,0,0,0,0,0,0,0,0,0,0,2016-02-24 1:30,Property,14.59994643,121.059777,Rear-End
None,EDSA,None,None,"No Accident Factor, Hit and Run (No Collision Stated), 0.0 drivers_injured, 0.0 drivers_killed, 0.0 passengers_injured, 0.0 passengers_killed, 0.0 pedestrian_injured, 0.0 pedestrian_killed, Fair (Night), EDSA Boni Serrano Ave.  Quezon City",MMDA Road Safety Unit,,b5b902e2-8a96-4b54-8986-367f719ea2cc,2016-02-23,15:15:00,EDSA East Ave. / Agham Road Quezon City,0,0,0,0,0,0,0,0,0,0,2016-02-23 23:15,Property,14.61098097,121.055172,No Collision Stated
None,EDSA,None,None,"No Accident Factor, Rear-end, 0.0 drivers_injured, 0.0 drivers_killed, 0.0 passengers_injured, 0.0 passengers_killed, 0.0 pedestrian_injured, 0.0 pedestrian_killed, Fair (Day), EDSA East Ave. (NB) Quezon City",MMDA Road Safety Unit,,c7139e95-0989-4eac-ada3-78dd231edac3,2016-02-23,09:40:00,EDSA North Ave. Quezon City,0,0,0,0,0,0,0,0,0,0,2016-02-23 17:40,Property,14.6328297,121.0451176,Rear-End
None,EDSA,None,None,"No Accident Factor, Side Swipe, 0.0 drivers_injured, 0.0 drivers_killed, 0.0 passengers_injured, 0.0 passengers_killed, 0.0 pedestrian_injured, 0.0 pedestrian_killed, Fair (Day), EDSA ""U"" turn slot, Quezon City Academy (SB) Quezon City",MMDA Road Safety Unit,,c336dace-eecb-4ca9-8f59-ea2469e784f7,2016-02-23,09:00:00,EDSA SM North (NB) Quezon City,0,0,0,0,0,0,0,0,0,0,2016-02-23 17:00,Property,14.65655357,121.0260701,Side Swipe
None,EDSA,None,None,"No Accident Factor, Angle Impact, 0.0 drivers_injured, 0.0 drivers_killed, 0.0 passengers_injured, 0.0 passengers_killed, 0.0 pedestrian_injured, 0.0 pedestrian_killed, Fair (Day), EDSA Kamias Road Quezon City",MMDA Road Safety Unit,,f1dc89db-256b-4cd9-bd72-42dfd51757f1,2016-02-23,07:50:00,EDSA SM North (NB) Quezon City,0,0,0,0,0,0,0,0,0,0,2016-02-23 15:50,Property,14.6309142,121.0459376,Angle Impact
None,EDSA,None,None,"No Accident Factor, Rear-end, 0.0 drivers_injured, 0.0 drivers_killed, 0.0 passengers_injured, 0.0 passengers_killed, 0.0 pedestrian_injured, 0.0 pedestrian_killed, Fair (Day), EDSA Quezon Ave., Bagong Pag-asa Quezon City",MMDA Road Safety Unit,,992c88f0-616d-4b0a-978d-1340c0a40f5e,2016-02-23,04:30:00,"EDSA ""U"" turn slot, Toyota Bansalangin Quezon City",0,0,0,0,0,0,0,0,0,0,2016-02-23 12:30,Property,14.6442444,121.0375839,Rear-End
None,EDSA,None,None,"No Accident Factor, Rear-end, 0.0 drivers_injured, 0.0 drivers_killed, 0.0 passengers_injured, 0.0 passengers_killed, 0.0 pedestrian_injured, 0.0 pedestrian_killed, Fair (Day), EDSA Quezon Ave. (SB) Quezon City",MMDA Road Safety Unit,,0e83a493-e795-4e34-900e-ce128bf363f4,2016-02-23,00:25:00,EDSA Whiteplains Ave.  Quezon City,0,0,0,0,0,0,0,0,0,0,2016-02-23 8:25,Property,14.6442444,121.0375839,Rear-End
None,EDSA,None,None,"No Accident Factor, No Collision Stated (based on Police Blotter Book), 0.0 drivers_injured, 0.0 drivers_killed, 0.0 passengers_injured, 0.0 passengers_killed, 0.0 pedestrian_injured, 0.0 pedestrian_killed, Fair (Night), EDSA ES Transport Terminal Quezon City",MMDA Road Safety Unit,,d672f04b-afe1-4408-9831-c12b9995f75a,2016-02-22,13:30:00,EDSA Whiteplains Ave.  Quezon City,0,0,0,0,0,0,0,0,0,0,2016-02-22 21:30,Property,14.62515746,121.0486037,No Collision Stated
None,EDSA,None,None,"No Accident Factor, Rear-end, 0.0 drivers_injured, 0.0 drivers_killed, 0.0 passengers_injured, 0.0 passengers_killed, 0.0 pedestrian_injured, 0.0 pedestrian_killed, Fair (Day), EDSA SM Annex (NB) Quezon City",MMDA Road Safety Unit,,1a084a79-64f6-4e39-8af1-53384646f782,2016-02-22,06:55:00,EDSA New York St. Quezon City,0,0,0,0,0,0,0,0,0,0,2016-02-22 14:55,Property,14.65628012,121.0272074,Rear-End
None,EDSA,None,None,"No Accident Factor, Side Swipe, 0.0 drivers_injured, 0.0 drivers_killed, 0.0 passengers_injured, 0.0 passengers_killed, 0.0 pedestrian_injured, 0.0 pedestrian_killed, Fair (Day), EDSA P. Tuazon Blvd. Quezon City",MMDA Road Safety Unit,,fb7f4ded-016c-4389-af48-25a72c75fa54,2016-02-22,05:00:00,EDSA Farmers (NB) Quezon City,0,0,0,0,0,0,0,0,0,0,2016-02-22 13:00,Property,14.61656342,121.0525225,Side Swipe
None,EDSA,None,None,"No Accident Factor, Side Swipe, 0.0 drivers_injured, 0.0 drivers_killed, 0.0 passengers_injured, 0.0 passengers_killed, 0.0 pedestrian_injured, 0.0 pedestrian_killed, Fair (Day), EDSA New York St. (NB) Quezon City",MMDA Road Safety Unit,,1acc7596-0e8c-4814-80d7-3c3c504880c8,2016-02-22,02:25:00,EDSA Whiteplains Ave.  Quezon City,0,0,0,0,0,0,0,0,0,0,2016-02-22 10:25,Property,14.62568514,121.0482307,Side Swipe
None,EDSA,None,None,"No Accident Factor, Rear-end, 0.0 drivers_injured, 0.0 drivers_killed, 0.0 passengers_injured, 0.0 passengers_killed, 0.0 pedestrian_injured, 0.0 pedestrian_killed, Fair (Day), EDSA Kamias (NB) Quezon City",MMDA Road Safety Unit,,9513cc1f-80d0-4f43-bead-5e50050e86b5,2016-02-22,02:10:00,EDSA GMA Network Drive  Quezon City,0,0,0,0,0,0,0,0,0,0,2016-02-22 10:10,Property,14.63198493,121.0453142,Rear-End
None,EDSA,None,None,"No Accident Factor, Rear-end, 0.0 drivers_injured, 0.0 drivers_killed, 0.0 passengers_injured, 0.0 passengers_killed, 0.0 pedestrian_injured, 0.0 pedestrian_killed, Fair (Day), EDSA East Avenue, Pinyahan Quezon City",MMDA Road Safety Unit,,aaecf218-a50e-4ae8-b51b-0e1815871e78,2016-02-21,23:00:00,EDSA Monte De Piedad St.  Quezon City,0,0,0,0,0,0,0,0,0,0,2016-02-22 7:00,Property,14.6328297,121.0451176,Rear-End
None,EDSA,None,None,"No Accident Factor, Side Swipe, 0.0 drivers_injured, 0.0 drivers_killed, 0.0 passengers_injured, 0.0 passengers_killed, 0.0 pedestrian_injured, 0.0 pedestrian_killed, Fair (Day), EDSA Ortigas Ave. Quezon City",MMDA Road Safety Unit,,bae1e6f0-8cbf-4878-a416-94c27314992a,2016-02-21,22:30:00,EDSA P. Tuazon Blvd. Quezon City,0,0,0,0,0,0,0,0,0,0,2016-02-22 6:30,Property,14.59335253,121.0584107,Side Swipe
None,EDSA,None,None,"No Accident Factor, Side Swipe, 0.0 drivers_injured, 0.0 drivers_killed, 0.0 passengers_injured, 0.0 passengers_killed, 0.0 pedestrian_injured, 0.0 pedestrian_killed, Fair (Night), EDSA Balintawak Market  Quezon City",MMDA Road Safety Unit,,42313427-727b-416b-abf6-ac56182ddabe,2016-02-21,21:50:00,"EDSA Cloverleaf Road, Balintawak Quezon City",0,0,0,0,0,0,0,0,0,0,2016-02-22 5:50,Property,14.65740947,121.0025737,Side Swipe
None,EDSA,None,None,"No Accident Factor, Side Swipe, 0.0 drivers_injured, 0.0 drivers_killed, 0.0 passengers_injured, 0.0 passengers_killed, 0.0 pedestrian_injured, 0.0 pedestrian_killed, Fair (Night), EDSA ""U"" turn slot, Quezon City Academy (SB) Quezon City",MMDA Road Safety Unit,,4e161b09-90a0-4b12-a63b-3ab10f45be55,2016-02-21,11:25:00,"EDSA Five Star Bus Terminal, E. Rodriguez Quezon City",0,0,0,0,0,0,0,0,0,0,2016-02-21 19:25,Property,14.65655357,121.0260701,Side Swipe
None,EDSA,None,None,"No Accident Factor, Hit and Run (No Collision Stated), 0.0 drivers_injured, 0.0 drivers_killed, 0.0 passengers_injured, 0.0 passengers_killed, 0.0 pedestrian_injured, 0.0 pedestrian_killed, Fair (Day), EDSA SM North (NB) Quezon City",MMDA Road Safety Unit,,338153de-8ab0-47e5-a7d3-4cb64be35539,2016-02-21,06:35:00,EDSA A. De Jesus St. (NB) Quezon City,0,0,0,0,0,0,0,0,0,0,2016-02-21 14:35,Property,14.65645143,121.0271077,No Collision Stated
None,EDSA,None,None,"No Accident Factor, Rear-end, 0.0 drivers_injured, 0.0 drivers_killed, 0.0 passengers_injured, 0.0 passengers_killed, 0.0 pedestrian_injured, 0.0 pedestrian_killed, Fair (Day), EDSA Bansalangin  Quezon City",MMDA Road Safety Unit,,f0ba0150-58bc-4171-9e93-543dca946037,2016-02-21,05:00:00,"EDSA ""U"" turn slot (SB), Quezon Ave.  Quezon City",0,0,0,0,0,0,0,0,0,0,2016-02-21 13:00,Property,14.6567996,121.0241845,Rear-End
None,EDSA,None,None,"No Accident Factor, Rear-end, 0.0 drivers_injured, 0.0 drivers_killed, 0.0 passengers_injured, 0.0 passengers_killed, 0.0 pedestrian_injured, 0.0 pedestrian_killed, Fair (Day), EDSA Oliveros (NB) Quezon City",MMDA Road Safety Unit,,a12dd5c8-2d59-47c5-a24e-1d01bf4416c2,2016-02-21,01:15:00,EDSA Quezon Ave. (NB) Quezon City,0,0,0,0,0,0,0,0,0,0,2016-02-21 9:15,Property,14.65762799,121.0065288,Rear-End