LOCATION_TEXT,ROAD,WEATHER,LIGHT,DESC,REPORTING_AGENCY,MAIN_CAUSE,INCIDENTDETAILS_ID,DATE_UTC,TIME_UTC,ADDRESS,killed_driver,killed_passenger,killed_pedestrian,injured_driver,injured_passenger,injured_pedestrian,killed_uncategorized,injured_uncategorized,killed_total,injured_total,DATETIME_PST,SEVERITY,Y,X,COLLISION_TYPE
None,EDSA,None,None,"No Accident Factor, Side Swipe, 0.0 drivers_injured, 0.0 drivers_killed, 0.0 passengers_injured, 0.0 passengers_killed, 0.0 pedestrian_injured, 0.0 pedestrian_killed, Fair (Day), EDSA Trinoma Mall (NB) Quezon City",MMDA Road Safety Unit,,064f7b45-d67c-43f5-9b22-466626f9f4ab,2016-02-20,23:25:00,EDSA Cloverleaf Road Quezon City,0,0,0,0,0,0,0,0,0,0,2016-02-21 7:25,Property,14.65242607,121.0323133,Side Swipe
None,EDSA,None,None,"No Accident Factor, Hit Object (Barrier-Concrete), 0.0 drivers_injured, 0.0 drivers_killed, 0.0 passengers_injured, 0.0 passengers_killed, 0.0 pedestrian_injured, 0.0 pedestrian_killed, Fair (Night), EDSA Corregidor St. Quezon City",MMDA Road Safety Unit,,1c458e95-1ba8-4a82-ae90-de5f059f519c,2016-02-20,19:35:00,"EDSA Baliwag Transit Bus Station, E. Rodriguez Quezon City",0,0,0,0,0,0,0,0,0,0,2016-02-21 3:35,Property,14.65707679,121.0241648,Hit Object
None,EDSA,None,None,"No Accident Factor, Angle Impact, 1.0 drivers_injured, 0.0 drivers_killed, 0.0 passengers_injured, 0.0 passengers_killed, 0.0 pedestrian_injured, 0.0 pedestrian_killed, Fair (Night), EDSA Super Lines Bus Terminal Quezon City",MMDA Road Safety Unit,,992ee12e-5783-47ff-ae70-986d13af03dc,2016-02-20,17:30:00,EDSA Col. Bonny Serrano Ave. Intesection Quezon City,0,0,0,1,0,0,0,0,0,1,2016-02-21 1:30,Injury,14.62512241,121.0484162,Angle Impact
None,EDSA,None,None,"No Accident Factor, Angle Impact, 0.0 drivers_injured, 0.0 drivers_killed, 0.0 passengers_injured, 0.0 passengers_killed, 0.0 pedestrian_injured, 0.0 pedestrian_killed, Fair (Day), EDSA B. Serrano Ave. Quezon City",MMDA Road Safety Unit,,7bf221d0-03f6-4898-a8a3-5fa62a3f6387,2016-02-20,07:35:00,EDSA Col. Bonny Serrano Ave. Intersection Quezon City,0,0,0,0,0,0,0,0,0,0,2016-02-20 15:35,Property,14.61096685,121.0551991,Angle Impact
None,EDSA,None,None,"No Accident Factor, Side Swipe, 0.0 drivers_injured, 0.0 drivers_killed, 0.0 passengers_injured, 0.0 passengers_killed, 0.0 pedestrian_injured, 0.0 pedestrian_killed, Fair (Day), EDSA ""U"" turn slot, Santolan (NB) Quezon City",MMDA Road Safety Unit,,6c01dec0-51dc-4176-a733-c3d42a9c1ba0,2016-02-20,07:35:00,"EDSA Baliwag Transit Bus Station, E. Rodriguez Quezon City",0,0,0,0,0,0,0,0,0,0,2016-02-20 15:35,Property,14.61042385,121.0553144,Side Swipe
None,EDSA,None,None,"No Accident Factor, Side Swipe, 0.0 drivers_injured, 0.0 drivers_killed, 0.0 passengers_injured, 0.0 passengers_killed, 0.0 pedestrian_injured, 0.0 pedestrian_killed, Fair (Day), EDSA ""U"" turn slot, Quezon City Academy (SB) Quezon City",MMDA Road Safety Unit,,9391bd76-f023-48c1-a62e-f8367c080e03,2016-02-20,07:35:00,EDSA East Ave. Quezon City,0,0,0,0,0,0,0,0,0,0,2016-02-20 15:35,Property,14.65655357,121.0260701,Side Swipe
None,EDSA,None,None,"No Accident Factor, No Collision Stated (based on Police Blotter Book), 0.0 drivers_injured, 0.0 drivers_killed, 0.0 passengers_injured, 0.0 passengers_killed, 0.0 pedestrian_injured, 0.0 pedestrian_killed, Fair (Day), EDSA SM North, Sto. Cristo Quezon City",MMDA Road Safety Unit,,5d4e67a2-fb38-4436-9176-0360233291b3,2016-02-20,04:45:00,EDSA K-3rd St.  Quezon City,0,0,0,0,0,0,0,0,0,0,2016-02-20 12:45,Property,14.65645143,121.0271077,No Collision Stated
None,EDSA,None,None,"No Accident Factor, Side Swipe, 0.0 drivers_injured, 0.0 drivers_killed, 0.0 passengers_injured, 0.0 passengers_killed, 0.0 pedestrian_injured, 0.0 pedestrian_killed, Fair (Day), EDSA Kaingin Road Quezon City",MMDA Road Safety Unit,,9b934cf2-a34c-4d1d-b433-0664a557f614,2016-02-20,03:30:00,EDSA East Ave. Quezon City,0,0,0,0,0,0,0,0,0,0,2016-02-20 11:30,Property,14.65746493,121.0109963,Side Swipe
None,EDSA,None,None,"No Accident Factor, Side Swipe, 0.0 drivers_injured, 0.0 drivers_killed, 0.0 passengers_injured, 0.0 passengers_killed, 0.0 pedestrian_injured, 0.0 pedestrian_killed, Fair (Day), EDSA K-3rd St.  Quezon City",MMDA Road Safety Unit,,074dff0a-75fc-4ca6-b1b6-9eb44e5dfce5,2016-02-19,23:30:00,EDSA New York St. Quezon City,0,0,0,0,0,0,0,0,0,0,2016-02-20 7:30,Property,14.62942357,121.0463854,Side Swipe
None,EDSA,None,None,"No Accident Factor, No Collision Stated (based on Police Blotter Book), 0.0 drivers_injured, 0.0 drivers_killed, 1.0 passengers_injured, 0.0 passengers_killed, 0.0 pedestrian_injured, 0.0 pedestrian_killed, Fair (Day), EDSA ""U"" turn slot, Santolan (NB) Quezon City",MMDA Road Safety Unit,,b28f6d8b-7973-45e7-8bbd-d597c39c29c3,2016-02-19,09:45:00,EDSA Cloverleaf Quezon City,0,0,0,0,1,0,0,0,0,1,2016-02-19 17:45,Injury,14.61042385,121.0553144,No Collision Stated
None,EDSA,None,None,"No Accident Factor, Side Swipe, 0.0 drivers_injured, 0.0 drivers_killed, 0.0 passengers_injured, 0.0 passengers_killed, 0.0 pedestrian_injured, 0.0 pedestrian_killed, Fair (Day), EDSA Mapagmahal St. Quezon City",MMDA Road Safety Unit,,e4328ea6-914d-4092-8b03-f17c01073cc5,2016-02-19,08:00:00,"EDSA ""U"" turn slot, Bagong Pag-asa Quezon City",0,0,0,0,0,0,0,0,0,0,2016-02-19 16:00,Property,14.63185046,121.0455315,Side Swipe
None,EDSA,None,None,"No Accident Factor, Rear-end, 0.0 drivers_injured, 0.0 drivers_killed, 0.0 passengers_injured, 0.0 passengers_killed, 0.0 pedestrian_injured, 0.0 pedestrian_killed, Fair (Day), EDSA New York St. Quezon City",MMDA Road Safety Unit,,91cd6e28-e0da-4015-92e0-012e998f5a02,2016-02-19,07:45:00,EDSA Timog Ave. (EB) Quezon City,0,0,0,0,0,0,0,0,0,0,2016-02-19 15:45,Property,14.62568514,121.0482307,Rear-End
None,EDSA,None,None,"No Accident Factor, Side Swipe, 0.0 drivers_injured, 0.0 drivers_killed, 0.0 passengers_injured, 0.0 passengers_killed, 0.0 pedestrian_injured, 0.0 pedestrian_killed, Fair (Day), EDSA Boni Serrano Ave.  Quezon City",MMDA Road Safety Unit,,e66e7a86-5f5b-4879-bbf9-bce3c781673b,2016-02-19,06:00:00,EDSA Aurora Blvd. (EB) Quezon City,0,0,0,0,0,0,0,0,0,0,2016-02-19 14:00,Property,14.61098097,121.055172,Side Swipe
None,EDSA,None,None,"No Accident Factor, No Collision Stated (based on Police Blotter Book), 0.0 drivers_injured, 0.0 drivers_killed, 0.0 passengers_injured, 0.0 passengers_killed, 0.0 pedestrian_injured, 0.0 pedestrian_killed, Fair (Day), EDSA Aurora Blvd. (NB)  Quezon City",MMDA Road Safety Unit,,0bfdd517-cc26-49b6-9ca4-456e67498e2d,2016-02-19,05:30:00,EDSA East Ave. Quezon City,0,0,0,0,0,0,0,0,0,0,2016-02-19 13:30,Property,14.62151658,121.0501092,No Collision Stated
None,EDSA,None,None,"No Accident Factor, Rear-end, 0.0 drivers_injured, 0.0 drivers_killed, 0.0 passengers_injured, 0.0 passengers_killed, 0.0 pedestrian_injured, 0.0 pedestrian_killed, Fair (Day), EDSA SM Annex (NB) Quezon City",MMDA Road Safety Unit,,f04d1249-f54a-476c-a672-911d1db68060,2016-02-19,05:15:00,EDSA Monte de Piedad St. (SB) Quezon City,0,0,0,0,0,0,0,0,0,0,2016-02-19 13:15,Property,14.65628012,121.0272074,Rear-End
None,EDSA,None,None,"No Accident Factor, Rear-end, 0.0 drivers_injured, 0.0 drivers_killed, 0.0 passengers_injured, 0.0 passengers_killed, 0.0 pedestrian_injured, 0.0 pedestrian_killed, Fair (Day), EDSA Santolan MRT Station Quezon City",MMDA Road Safety Unit,,6ea54c44-45ae-4b97-8ae9-d3cdf16cab75,2016-02-19,03:30:00,EDSA Quezon Ave. (NB) Quezon City,0,0,0,0,0,0,0,0,0,0,2016-02-19 11:30,Property,14.60773988,121.0564577,Rear-End
None,EDSA,None,None,"No Accident Factor, Rear-end, 0.0 drivers_injured, 0.0 drivers_killed, 0.0 passengers_injured, 0.0 passengers_killed, 0.0 pedestrian_injured, 0.0 pedestrian_killed, Fair (Day), EDSA Santolan (WB) Quezon City",MMDA Road Safety Unit,,8e1565ff-93b6-471b-9be6-b4a294776ff1,2016-02-19,02:25:00,"EDSA ""U"" turn slot (SB), Santolan  Quezon City",0,0,0,0,0,0,0,0,0,0,2016-02-19 10:25,Property,14.61090554,121.0550155,Rear-End
None,EDSA,None,None,"No Accident Factor, Multiple Collision, 1.0 drivers_injured, 0.0 drivers_killed, 0.0 passengers_injured, 0.0 passengers_killed, 0.0 pedestrian_injured, 0.0 pedestrian_killed, Fair (Day), EDSA Scout Borromeo St. Quezon City",MMDA Road Safety Unit,,15072348-60bf-42a6-9235-db7ee4fa5416,2016-02-19,01:20:00,"EDSA Whiteplains Ave. (People Power Shrine, Camp Aguinaldo) Quezon City",0,0,0,1,0,0,0,0,0,1,2016-02-19 9:20,Injury,14.63715712,121.0419507,Multiple
None,EDSA,None,None,"No Accident Factor, No Collision Stated (based on Police Blotter Book), 0.0 drivers_injured, 0.0 drivers_killed, 0.0 passengers_injured, 0.0 passengers_killed, 0.0 pedestrian_injured, 0.0 pedestrian_killed, Fair (Day), EDSA Ermin Garcia St.  Quezon City",MMDA Road Safety Unit,,b7928237-8aa1-4c41-9560-24081d6eb7b9,2016-02-19,00:30:00,EDSA Aurora Blvd. Quezon City,0,0,0,0,0,0,0,0,0,0,2016-02-19 8:30,Property,14.62758814,121.047487,No Collision Stated
None,EDSA,None,None,"No Accident Factor, Rear-end, 1.0 drivers_injured, 0.0 drivers_killed, 0.0 passengers_injured, 0.0 passengers_killed, 0.0 pedestrian_injured, 0.0 pedestrian_killed, Fair (Night), EDSA Boni Serrano Ave.  Quezon City",MMDA Road Safety Unit,,6a48882d-215d-43af-b12b-26b839e8e1e5,2016-02-18,21:00:00,EDSA Aurora Blvd. Quezon City,0,0,0,1,0,0,0,0,0,1,2016-02-19 5:00,Injury,14.61098097,121.055172,Rear-End
None,EDSA,None,None,"No Accident Factor, Side Swipe, 0.0 drivers_injured, 0.0 drivers_killed, 0.0 passengers_injured, 0.0 passengers_killed, 0.0 pedestrian_injured, 0.0 pedestrian_killed, Fair (Day), EDSA Quezon Ave. Quezon City",MMDA Road Safety Unit,,680453cb-1115-44b0-b126-d268c040fd34,2016-02-18,03:00:00,EDSA Kaingin Road Quezon City,0,0,0,0,0,0,0,0,0,0,2016-02-18 11:00,Property,14.6442444,121.0375839,Side Swipe
None,EDSA,None,None,"No Accident Factor, Rear-end, 0.0 drivers_injured, 0.0 drivers_killed, 0.0 passengers_injured, 0.0 passengers_killed, 0.0 pedestrian_injured, 0.0 pedestrian_killed, Fair (Day), EDSA Quezon Ave. (SB) Quezon City",MMDA Road Safety Unit,,bbcdf23c-5a33-4658-952c-7ca1ba2c3d0b,2016-02-18,02:55:00,EDSA JAM Liner Quezon City,0,0,0,0,0,0,0,0,0,0,2016-02-18 10:55,Property,14.6442444,121.0375839,Rear-End
None,EDSA,None,None,"No Accident Factor, Rear-end, 0.0 drivers_injured, 0.0 drivers_killed, 0.0 passengers_injured, 0.0 passengers_killed, 0.0 pedestrian_injured, 0.0 pedestrian_killed, Fair (Day), EDSA Timog Ave. (WB) Quezon City",MMDA Road Safety Unit,,20af1236-a60f-4aa9-bfe8-89977ceb0c87,2016-02-18,02:25:00,EDSA West Ave. Quezon City,0,0,0,0,0,0,0,0,0,0,2016-02-18 10:25,Property,14.63293559,121.0446304,Rear-End
None,EDSA,None,None,"No Accident Factor, Rear-end, 0.0 drivers_injured, 0.0 drivers_killed, 0.0 passengers_injured, 0.0 passengers_killed, 0.0 pedestrian_injured, 0.0 pedestrian_killed, Fair (Day), EDSA Bernardo Park (SB) Quezon City",MMDA Road Safety Unit,,ed561e68-a455-4b9f-9ec5-d0956301710c,2016-02-18,01:00:00,"EDSA ""U"" turn slot, MRT Station  Quezon City",0,0,0,0,0,0,0,0,0,0,2016-02-18 9:00,Property,14.62896149,121.046597,Rear-End
None,EDSA,None,None,"No Accident Factor, No Collision Stated (based on Police Blotter Book), 0.0 drivers_injured, 0.0 drivers_killed, 0.0 passengers_injured, 0.0 passengers_killed, 0.0 pedestrian_injured, 0.0 pedestrian_killed, Fair (Day), EDSA Kamuning Road Quezon City",MMDA Road Safety Unit,,7783293d-1f7a-4851-b7df-d497cb997e12,2016-02-18,00:50:00,"EDSA OP/UP, A. Bonifacio Ave.  Quezon City",0,0,0,0,0,0,0,0,0,0,2016-02-18 8:50,Property,14.63075725,121.0457548,No Collision Stated
None,EDSA,None,None,"No Accident Factor, Rear-end, 0.0 drivers_injured, 0.0 drivers_killed, 0.0 passengers_injured, 0.0 passengers_killed, 0.0 pedestrian_injured, 0.0 pedestrian_killed, Fair (Day), EDSA Quezon Ave. (WB) Quezon City",MMDA Road Safety Unit,,8578534a-1704-4ba0-80b7-6c95a505e31b,2016-02-17,23:45:00,EDSA E. Garcia St. (NB) Quezon City,0,0,0,0,0,0,0,0,0,0,2016-02-18 7:45,Property,14.6442444,121.0375839,Rear-End
None,EDSA,None,None,"No Accident Factor, Rear-end, 0.0 drivers_injured, 0.0 drivers_killed, 0.0 passengers_injured, 0.0 passengers_killed, 0.0 pedestrian_injured, 0.0 pedestrian_killed, Fair (Day), EDSA DILG, Quezon Ave. (SB) Quezon City",MMDA Road Safety Unit,,18ba56de-c03d-4741-8b60-13b255e39057,2016-02-17,22:55:00,"EDSA ""U"" turn slot (SB), Quezon Ave. (DILG)  Quezon City",0,0,0,0,0,0,0,0,0,0,2016-02-18 6:55,Property,14.63178721,121.0454019,Rear-End
None,EDSA,None,None,"No Accident Factor, No Collision Stated (based on Police Blotter Book), 1.0 drivers_injured, 0.0 drivers_killed, 0.0 passengers_injured, 0.0 passengers_killed, 0.0 pedestrian_injured, 0.0 pedestrian_killed, Fair (Night), EDSA ""U"" turn slot, P. Tuazon (NB) Quezon City",MMDA Road Safety Unit,,94b2aa01-7d48-4c3f-956e-67171d2188fd,2016-02-17,10:35:00,EDSA Kamias Road (NB) Intersection Quezon City,0,0,0,1,0,0,0,0,0,1,2016-02-17 18:35,Injury,14.61624525,121.0526456,No Collision Stated
None,EDSA,None,None,"No Accident Factor, Rear-end, 0.0 drivers_injured, 0.0 drivers_killed, 0.0 passengers_injured, 0.0 passengers_killed, 0.0 pedestrian_injured, 0.0 pedestrian_killed, Fair (Day), EDSA Centris (NB) Quezon City",MMDA Road Safety Unit,,2bb62747-da9d-4de5-b688-75abadb86c36,2016-02-17,05:55:00,EDSA E. Garcia St.  Quezon City,0,0,0,0,0,0,0,0,0,0,2016-02-17 13:55,Property,14.64255755,121.038725,Rear-End
None,EDSA,None,None,"No Accident Factor, Side Swipe, 0.0 drivers_injured, 0.0 drivers_killed, 0.0 passengers_injured, 0.0 passengers_killed, 0.0 pedestrian_injured, 0.0 pedestrian_killed, Fair (Day), EDSA West Ave. Quezon City",MMDA Road Safety Unit,,9ae0e744-b052-49c0-bd7f-41750b95802a,2016-02-17,04:30:00,EDSA Oliveros St.  Quezon City,0,0,0,0,0,0,0,0,0,0,2016-02-17 12:30,Property,14.65548924,121.0298079,Side Swipe
None,EDSA,None,None,"No Accident Factor, Rear-end, 0.0 drivers_injured, 0.0 drivers_killed, 0.0 passengers_injured, 0.0 passengers_killed, 0.0 pedestrian_injured, 0.0 pedestrian_killed, Fair (Day), EDSA Kaingin Road Quezon City",MMDA Road Safety Unit,,0b2bd1dc-0614-4629-8429-41ec511dd9ab,2016-02-17,04:30:00,EDSA Quezon Ave. (EB) Intersection Quezon City,0,0,0,0,0,0,0,0,0,0,2016-02-17 12:30,Property,14.65746493,121.0109963,Rear-End
None,EDSA,None,None,"No Accident Factor, Rear-end, 0.0 drivers_injured, 0.0 drivers_killed, 0.0 passengers_injured, 0.0 passengers_killed, 0.0 pedestrian_injured, 0.0 pedestrian_killed, Fair (Day), EDSA ""U"" turn slot, Kamuning (NB) Quezon City",MMDA Road Safety Unit,,ce0cc20d-d5ad-4006-837b-ccf305c334af,2016-02-17,04:15:00,EDSA Ortigas Ave. Quezon City,0,0,0,0,0,0,0,0,0,0,2016-02-17 12:15,Property,14.63181767,121.0453279,Rear-End
None,EDSA,None,None,"No Accident Factor, Multiple Collision, 0.0 drivers_injured, 0.0 drivers_killed, 0.0 passengers_injured, 0.0 passengers_killed, 0.0 pedestrian_injured, 0.0 pedestrian_killed, Fair (Day), EDSA Arayat Main Artery (SB) Quezon City",MMDA Road Safety Unit,,db7c6c7c-7741-49f4-b10f-ea14d7f7b8a9,2016-02-17,00:00:00,EDSA New York St. (NB) Quezon City,0,0,0,0,0,0,0,0,0,0,2016-02-17 8:00,Property,14.61961124,121.0508602,Multiple
None,EDSA,None,None,"No Accident Factor, Rear-end, 0.0 drivers_injured, 0.0 drivers_killed, 0.0 passengers_injured, 0.0 passengers_killed, 0.0 pedestrian_injured, 0.0 pedestrian_killed, Fair (Night), EDSA Balintawak Market  Quezon City",MMDA Road Safety Unit,,64948795-3d31-4970-bfbf-a503575d4e0e,2016-02-16,12:20:00,EDSA Timog Ave.  Quezon City,0,0,0,0,0,0,0,0,0,0,2016-02-16 20:20,Property,14.65740947,121.0025737,Rear-End
None,EDSA,None,None,"No Accident Factor, Self-Accident, 0.0 drivers_injured, 0.0 drivers_killed, 1.0 passengers_injured, 0.0 passengers_killed, 0.0 pedestrian_injured, 0.0 pedestrian_killed, Fair (Night), EDSA Gen. Mc Arthur Avenue, Socorro Quezon City",MMDA Road Safety Unit,,994cb628-f464-4cd0-bcea-732a253048ea,2016-02-16,10:00:00,"EDSA Quezon Ave., Pagasa Quezon City",0,0,0,0,1,0,0,0,0,1,2016-02-16 18:00,Injury,14.61805145,121.0517604,Self-Accident
None,EDSA,None,None,"No Accident Factor, Side Swipe, 0.0 drivers_injured, 0.0 drivers_killed, 0.0 passengers_injured, 0.0 passengers_killed, 0.0 pedestrian_injured, 0.0 pedestrian_killed, Fair (Day), EDSA GMA Network Drive  Quezon City",MMDA Road Safety Unit,,b908da99-6340-48a2-a652-44442737ef35,2016-02-16,08:30:00,EDSA Ortigas Ave. Quezon City,0,0,0,0,0,0,0,0,0,0,2016-02-16 16:30,Property,14.63467214,121.0435714,Side Swipe
None,EDSA,None,None,"No Accident Factor, No Collision Stated (based on Police Blotter Book), 0.0 drivers_injured, 0.0 drivers_killed, 0.0 passengers_injured, 0.0 passengers_killed, 0.0 pedestrian_injured, 0.0 pedestrian_killed, Fair (Day), EDSA Timog Ave. Quezon City",MMDA Road Safety Unit,,b89c8893-8ab5-4ef4-903c-31dcc5fa7c61,2016-02-16,08:20:00,"EDSA Roosevelt, Katipu Quezon City",0,0,0,0,0,0,0,0,0,0,2016-02-16 16:20,Property,14.63293559,121.0446304,No Collision Stated
None,EDSA,None,None,"No Accident Factor, Side Swipe, 0.0 drivers_injured, 0.0 drivers_killed, 0.0 passengers_injured, 0.0 passengers_killed, 0.0 pedestrian_injured, 0.0 pedestrian_killed, Fair (Day), EDSA Kamuning Road Quezon City",MMDA Road Safety Unit,,776a4b27-b6cc-40cb-83a2-61508a7af321,2016-02-16,07:55:00,EDSA P. Tuazon Blvd. Quezon City,0,0,0,0,0,0,0,0,0,0,2016-02-16 15:55,Property,14.63075725,121.0457548,Side Swipe
None,EDSA,None,None,"No Accident Factor, Hit Parked Vehicle, 0.0 drivers_injured, 0.0 drivers_killed, 0.0 passengers_injured, 0.0 passengers_killed, 0.0 pedestrian_injured, 0.0 pedestrian_killed, Fair (Day), EDSA Balintawak Market  Quezon City",MMDA Road Safety Unit,,f20fcb1e-2bb5-4c6a-85da-3d8e68fd0ec1,2016-02-16,05:00:00,EDSA Kamias Road Quezon City,0,0,0,0,0,0,0,0,0,0,2016-02-16 13:00,Property,14.65740947,121.0025737,Hit Object
None,EDSA,None,None,"No Accident Factor, Side Swipe, 0.0 drivers_injured, 0.0 drivers_killed, 0.0 passengers_injured, 0.0 passengers_killed, 0.0 pedestrian_injured, 0.0 pedestrian_killed, Fair (Day), EDSA Arayat St.  Quezon City",MMDA Road Safety Unit,,25299680-e844-4cce-be96-ef26a9776bc2,2016-02-16,04:05:00,EDSA Santolan MRT Station (Camp Panopio) Quezon City,0,0,0,0,0,0,0,0,0,0,2016-02-16 12:05,Property,14.61961124,121.0508602,Side Swipe
None,EDSA,None,None,"No Accident Factor, No Collision Stated (based on Police Blotter Book), 0.0 drivers_injured, 0.0 drivers_killed, 0.0 passengers_injured, 0.0 passengers_killed, 0.0 pedestrian_injured, 0.0 pedestrian_killed, Fair (Day), EDSA Baliwag Bus Terminal Quezon City",MMDA Road Safety Unit,,a833e0c2-a528-4ce6-9fd7-93d4485f42f8,2016-02-16,03:45:00,EDSA Aurora Blvd. Quezon City,0,0,0,0,0,0,0,0,0,0,2016-02-16 11:45,Property,14.6244766,121.0489584,No Collision Stated
None,EDSA,None,None,"No Accident Factor, No Collision Stated (based on Police Blotter Book), 0.0 drivers_injured, 0.0 drivers_killed, 0.0 passengers_injured, 0.0 passengers_killed, 0.0 pedestrian_injured, 0.0 pedestrian_killed, Fair (Day), EDSA Cloveleaf Quezon City",MMDA Road Safety Unit,,acb1f0a8-1d14-4a17-918c-90f32dad192a,2016-02-16,03:40:00,"EDSA GMA 7, Pinyahan Quezon City",0,0,0,0,0,0,0,0,0,0,2016-02-16 11:40,Property,14.65732513,121.000635,No Collision Stated
None,EDSA,None,None,"No Accident Factor, No Collision Stated (based on Police Blotter Book), 0.0 drivers_injured, 0.0 drivers_killed, 0.0 passengers_injured, 0.0 passengers_killed, 0.0 pedestrian_injured, 0.0 pedestrian_killed, Fair (Day), EDSA Santolan MRT Station Quezon City",MMDA Road Safety Unit,,6e9e4b4b-99bc-4d07-a138-110f3c3c994c,2016-02-16,01:00:00,EDSA Philam Quezon City,0,0,0,0,0,0,0,0,0,0,2016-02-16 9:00,Property,14.60773988,121.0564577,No Collision Stated
None,EDSA,None,None,"No Accident Factor, Rear-end, 0.0 drivers_injured, 0.0 drivers_killed, 0.0 passengers_injured, 0.0 passengers_killed, 0.0 pedestrian_injured, 0.0 pedestrian_killed, Fair (Day), EDSA Main Ave. (SB) Quezon City",MMDA Road Safety Unit,,43f5ebe2-7a34-4448-8f4b-714313dcc701,2016-02-15,23:35:00,"EDSA Congressional Ave., Katipu Quezon City",0,0,0,0,0,0,0,0,0,0,2016-02-16 7:35,Property,14.61376458,121.0537933,Rear-End
None,EDSA,None,None,"No Accident Factor, Multiple Collision, 1.0 drivers_injured, 0.0 drivers_killed, 0.0 passengers_injured, 0.0 passengers_killed, 0.0 pedestrian_injured, 0.0 pedestrian_killed, Fair (Night), EDSA ""U"" turn slot, Balintawak Quezon City",MMDA Road Safety Unit,,1fb3646c-98ea-490e-9a30-30a7d19c01df,2016-02-15,14:00:00,EDSA Aurora Blvd. Quezon City,0,0,0,1,0,0,0,0,0,1,2016-02-15 22:00,Injury,14.65748444,121.0075758,Multiple
None,EDSA,None,None,"No Accident Factor, Hit and Run (Side Swipe), 0.0 drivers_injured, 0.0 drivers_killed, 0.0 passengers_injured, 0.0 passengers_killed, 0.0 pedestrian_injured, 0.0 pedestrian_killed, Fair (Day), EDSA Paramount (NB) Quezon City",MMDA Road Safety Unit,,64123c47-f084-4ae5-8331-3e9a427327e3,2016-02-15,01:55:00,EDSA Aurora Blvd. Quezon City,0,0,0,0,0,0,0,0,0,0,2016-02-15 9:55,Property,14.6555967,121.0297922,Side Swipe
None,EDSA,None,None,"No Accident Factor, Rear-end, 0.0 drivers_injured, 0.0 drivers_killed, 0.0 passengers_injured, 0.0 passengers_killed, 0.0 pedestrian_injured, 0.0 pedestrian_killed, Fair (Day), EDSA Main Ave. (NB) Quezon City",MMDA Road Safety Unit,,7efd424b-28d6-468f-85f3-752ac6f1da99,2016-02-15,01:25:00,EDSA Kamuning-Kamias Road  Quezon City,0,0,0,0,0,0,0,0,0,0,2016-02-15 9:25,Property,14.61376458,121.0537933,Rear-End
None,EDSA,None,None,"No Accident Factor, No Collision Stated (based on Police Blotter Book), 0.0 drivers_injured, 0.0 drivers_killed, 0.0 passengers_injured, 0.0 passengers_killed, 0.0 pedestrian_injured, 0.0 pedestrian_killed, Fair (Day), EDSA Main Ave. Quezon City",MMDA Road Safety Unit,,41299470-53c4-4e86-beb0-9fbb2c239a90,2016-02-15,01:00:00,EDSA East Ave. Quezon City,0,0,0,0,0,0,0,0,0,0,2016-02-15 9:00,Property,14.61376458,121.0537933,No Collision Stated
None,EDSA,None,None,"No Accident Factor, Side Swipe, 0.0 drivers_injured, 0.0 drivers_killed, 0.0 passengers_injured, 0.0 passengers_killed, 0.0 pedestrian_injured, 0.0 pedestrian_killed, Fair (Day), EDSA Cubao Farmers (SB) Quezon City",MMDA Road Safety Unit,,2ea346d0-707d-441a-aa03-a2f36a683eb1,2016-02-15,00:55:00,"EDSA SM Hypermart, Bagong Lipu Quezon City",0,0,0,0,0,0,0,0,0,0,2016-02-15 8:55,Property,14.61956389,121.0510595,Side Swipe
None,EDSA,None,None,"No Accident Factor, Side Swipe, 0.0 drivers_injured, 0.0 drivers_killed, 0.0 passengers_injured, 0.0 passengers_killed, 0.0 pedestrian_injured, 0.0 pedestrian_killed, Fair (Day), EDSA Quezon City Academy (NB) Quezon City",MMDA Road Safety Unit,,24c12475-9b1c-4d94-bf46-b0e8a5b3b3cf,2016-02-14,22:55:00,EDSA Kamuning Traffic Light Quezon City,0,0,0,0,0,0,0,0,0,0,2016-02-15 6:55,Property,14.65676422,121.0256485,Side Swipe
None,EDSA,None,None,"No Accident Factor, Side Swipe, 0.0 drivers_injured, 0.0 drivers_killed, 0.0 passengers_injured, 0.0 passengers_killed, 0.0 pedestrian_injured, 0.0 pedestrian_killed, Fair (Night), EDSA Santolan (EB) Quezon City",MMDA Road Safety Unit,,09ea154e-d3af-439a-b673-2d9dbd242c1c,2016-02-14,20:35:00,EDSA Col. Bonny Serrano Ave.  Quezon City,0,0,0,0,0,0,0,0,0,0,2016-02-15 4:35,Property,14.61090554,121.0550155,Side Swipe
None,EDSA,None,None,"No Accident Factor, No Collision Stated (based on Police Blotter Book), 0.0 drivers_injured, 0.0 drivers_killed, 0.0 passengers_injured, 0.0 passengers_killed, 0.0 pedestrian_injured, 0.0 pedestrian_killed, Fair (Night), EDSA Santolan MRT Station Quezon City",MMDA Road Safety Unit,,335b7440-c371-486f-be89-f7bc17c240fa,2016-02-14,13:30:00,"EDSA DPWH Compound, Pinyahan  Quezon City",0,0,0,0,0,0,0,0,0,0,2016-02-14 21:30,Property,14.60773988,121.0564577,No Collision Stated