LOCATION_TEXT,ROAD,WEATHER,LIGHT,DESC,REPORTING_AGENCY,MAIN_CAUSE,INCIDENTDETAILS_ID,DATE_UTC,TIME_UTC,ADDRESS,killed_driver,killed_passenger,killed_pedestrian,injured_driver,injured_passenger,injured_pedestrian,killed_uncategorized,injured_uncategorized,killed_total,injured_total,DATETIME_PST,SEVERITY,Y,X,COLLISION_TYPE
None,EDSA,None,None,"No Accident Factor, Side Swipe, 0.0 drivers_injured, 0.0 drivers_killed, 0.0 passengers_injured, 0.0 passengers_killed, 0.0 pedestrian_injured, 0.0 pedestrian_killed, Fair (Day), EDSA Liberty Ave. Quezon City",MMDA Road Safety Unit,,abc0bb75-5b13-46ca-a2fa-cdc38d77490a,2016-02-14,04:10:00,EDSA Whiteplains Ave. (Camp Aguinaldo) Quezon City,0,0,0,0,0,0,0,0,0,0,2016-02-14 12:10,Property,14.61201463,121.0547211,Side Swipe
None,EDSA,None,None,"No Accident Factor, Rear-end, 0.0 drivers_injured, 0.0 drivers_killed, 0.0 passengers_injured, 0.0 passengers_killed, 0.0 pedestrian_injured, 0.0 pedestrian_killed, Fair (Day), EDSA Roosevelt Ave. Quezon City",MMDA Road Safety Unit,,e046a92a-e522-4d9a-a366-92baff7c7706,2016-02-13,09:30:00,EDSA Kaingin Road Quezon City,0,0,0,0,0,0,0,0,0,0,2016-02-13 17:30,Property,14.65762047,121.0196373,Rear-End
None,EDSA,None,None,"No Accident Factor, Side Swipe, 0.0 drivers_injured, 0.0 drivers_killed, 0.0 passengers_injured, 0.0 passengers_killed, 0.0 pedestrian_injured, 0.0 pedestrian_killed, Fair (Day), EDSA Ortigas Ave. Quezon City",MMDA Road Safety Unit,,b532f843-76dc-4a13-b33a-1f1f0e7d95e8,2016-02-13,05:45:00,EDSA SM North (SB) Quezon City,0,0,0,0,0,0,0,0,0,0,2016-02-13 13:45,Property,14.59335253,121.0584107,Side Swipe
None,EDSA,None,None,"No Accident Factor, Rear-end, 0.0 drivers_injured, 0.0 drivers_killed, 0.0 passengers_injured, 0.0 passengers_killed, 0.0 pedestrian_injured, 0.0 pedestrian_killed, Fair (Day), EDSA B. Serrano Ave. Quezon City",MMDA Road Safety Unit,,b6245a7d-523f-40ae-b0ac-756dddf19d54,2016-02-13,04:35:00,EDSA Ortigas Ave. (SB)  Quezon City,0,0,0,0,0,0,0,0,0,0,2016-02-13 12:35,Property,14.61096685,121.0551991,Rear-End
None,EDSA,None,None,"No Accident Factor, Rear-end, 0.0 drivers_injured, 0.0 drivers_killed, 0.0 passengers_injured, 0.0 passengers_killed, 0.0 pedestrian_injured, 0.0 pedestrian_killed, Fair (Day), EDSA P. Tuazon Blvd. Quezon City",MMDA Road Safety Unit,,58993ade-f1e0-4ffe-a44f-761f9429a56d,2016-02-13,02:40:00,EDSA New York St. Quezon City,0,0,0,0,0,0,0,0,0,0,2016-02-13 10:40,Property,14.61656342,121.0525225,Rear-End
None,EDSA,None,None,"No Accident Factor, Rear-end, 0.0 drivers_injured, 0.0 drivers_killed, 0.0 passengers_injured, 0.0 passengers_killed, 0.0 pedestrian_injured, 0.0 pedestrian_killed, Fair (Night), EDSA Camp Aguinaldo Gate 3 Quezon City",MMDA Road Safety Unit,,e0ebac53-6bf9-40c0-ab94-4d7e2db6d7c9,2016-02-12,20:15:00,EDSA P. Tuazon Blvd. Quezon City,0,0,0,0,0,0,0,0,0,0,2016-02-13 4:15,Property,14.60836048,121.0563667,Rear-End
None,EDSA,None,None,"No Accident Factor, Side Swipe, 0.0 drivers_injured, 0.0 drivers_killed, 0.0 passengers_injured, 0.0 passengers_killed, 0.0 pedestrian_injured, 0.0 pedestrian_killed, Fair (Night), EDSA P. Tuazon Blvd. Quezon City",MMDA Road Safety Unit,,96adc5df-58b4-4939-95d7-e004105ec1d6,2016-02-12,15:10:00,EDSA New York St. (SB) Quezon City,0,0,0,0,0,0,0,0,0,0,2016-02-12 23:10,Property,14.61656342,121.0525225,Side Swipe
None,EDSA,None,None,"No Accident Factor, Rear-end, 0.0 drivers_injured, 0.0 drivers_killed, 0.0 passengers_injured, 0.0 passengers_killed, 0.0 pedestrian_injured, 0.0 pedestrian_killed, Fair (Day), EDSA Whiteplains Ave. Quezon City",MMDA Road Safety Unit,,02203e4c-71a1-4c18-a1b8-233d7b0c98fe,2016-02-12,03:30:00,EDSA Quezon Ave. (NB) Quezon City,0,0,0,0,0,0,0,0,0,0,2016-02-12 11:30,Property,14.59961782,121.0596522,Rear-End
None,EDSA,None,None,"No Accident Factor, Multiple Collision, 0.0 drivers_injured, 0.0 drivers_killed, 0.0 passengers_injured, 0.0 passengers_killed, 0.0 pedestrian_injured, 0.0 pedestrian_killed, Fair (Day), EDSA Nepa Q-Mart, E. Rodriguez Quezon City",MMDA Road Safety Unit,,54a37df8-7211-44ab-8da1-4d7b5a025984,2016-02-12,01:30:00,EDSA Aurora Blvd. Quezon City,0,0,0,0,0,0,0,0,0,0,2016-02-12 9:30,Property,14.62805361,121.0472521,Multiple
None,EDSA,None,None,"No Accident Factor, No Collision Stated (based on Police Blotter Book), 0.0 drivers_injured, 0.0 drivers_killed, 0.0 passengers_injured, 0.0 passengers_killed, 0.0 pedestrian_injured, 0.0 pedestrian_killed, Fair (Day), EDSA Quezon Avenue, Bagong Pagasa Quezon City",MMDA Road Safety Unit,,9624e208-98e7-4d2d-a9b6-9ddcddd8ed37,2016-02-11,09:00:00,EDSA Whiteplains Ave.  Quezon City,0,0,0,0,0,0,0,0,0,0,2016-02-11 17:00,Property,14.6442444,121.0375839,No Collision Stated
None,EDSA,None,None,"No Accident Factor, Side Swipe, 0.0 drivers_injured, 0.0 drivers_killed, 0.0 passengers_injured, 0.0 passengers_killed, 0.0 pedestrian_injured, 0.0 pedestrian_killed, Fair (Day), EDSA Baliwag Bus Terminal Quezon City",MMDA Road Safety Unit,,55e1e5d1-4fea-4919-acfc-26b0018e5ca4,2016-02-11,07:00:00,"EDSA ""U"" turn slot, Santolan (NB) Quezon City",0,0,0,0,0,0,0,0,0,0,2016-02-11 15:00,Property,14.6244766,121.0489584,Side Swipe
None,EDSA,None,None,"No Accident Factor, Side Swipe, 0.0 drivers_injured, 0.0 drivers_killed, 0.0 passengers_injured, 0.0 passengers_killed, 0.0 pedestrian_injured, 0.0 pedestrian_killed, Fair (Day), EDSA Kamias Road Quezon City",MMDA Road Safety Unit,,5f883303-1914-445c-bc13-8da0ef5c1af8,2016-02-11,06:00:00,"EDSA ""U"" turn slot, Ramon Magsaysay Quezon City",0,0,0,0,0,0,0,0,0,0,2016-02-11 14:00,Property,14.6309142,121.0459376,Side Swipe
None,EDSA,None,None,"No Accident Factor, Side Swipe, 0.0 drivers_injured, 0.0 drivers_killed, 0.0 passengers_injured, 0.0 passengers_killed, 0.0 pedestrian_injured, 0.0 pedestrian_killed, Fair (Day), EDSA GMA Drive Quezon City",MMDA Road Safety Unit,,8f451c28-d27d-4e5b-93ae-21235b6144a3,2016-02-11,04:50:00,EDSA Quezon Ave. Quezon City,0,0,0,0,0,0,0,0,0,0,2016-02-11 12:50,Property,14.63467214,121.0435714,Side Swipe
None,EDSA,None,None,"No Accident Factor, Side Swipe, 0.0 drivers_injured, 0.0 drivers_killed, 0.0 passengers_injured, 0.0 passengers_killed, 0.0 pedestrian_injured, 0.0 pedestrian_killed, Fair (Day), EDSA Aurora Blvd. Quezon City",MMDA Road Safety Unit,,a50f0dd7-97d4-47f4-b343-6d59ef54c6e4,2016-02-11,04:30:00,EDSA Aurora Blvd. Quezon City,0,0,0,0,0,0,0,0,0,0,2016-02-11 12:30,Property,14.62163653,121.0501573,Side Swipe
None,EDSA,None,None,"No Accident Factor, Hit and Run (Side Swipe), 0.0 drivers_injured, 0.0 drivers_killed, 0.0 passengers_injured, 0.0 passengers_killed, 0.0 pedestrian_injured, 0.0 pedestrian_killed, Fair (Night), EDSA East Ave. Quezon City",MMDA Road Safety Unit,,a765f661-b328-4446-92ca-6e6475151b9c,2016-02-10,17:20:00,EDSA North Road Quezon City,0,0,0,0,0,0,0,0,0,0,2016-02-11 1:20,Property,14.6328297,121.0451176,Side Swipe
None,EDSA,None,None,"No Accident Factor, Hit Object (Hollow Blocks), 0.0 drivers_injured, 0.0 drivers_killed, 0.0 passengers_injured, 0.0 passengers_killed, 0.0 pedestrian_injured, 0.0 pedestrian_killed, Fair (Night), EDSA Aurora Blvd. Quezon City",MMDA Road Safety Unit,,174ca245-0ba5-4817-aca8-3d77cea5efa3,2016-02-10,14:00:00,EDSA Kamuning Road Quezon City,0,0,0,0,0,0,0,0,0,0,2016-02-10 22:00,Property,14.62163653,121.0501573,Hit Object
None,EDSA,None,None,"No Accident Factor, Side Swipe, 0.0 drivers_injured, 0.0 drivers_killed, 0.0 passengers_injured, 0.0 passengers_killed, 0.0 pedestrian_injured, 0.0 pedestrian_killed, Fair (Day), EDSA B. Serrano Ave. Quezon City",MMDA Road Safety Unit,,da270a50-0aa0-44a9-b67c-1a6ad3829922,2016-02-10,09:45:00,EDSA Kamias Road Quezon City,0,0,0,0,0,0,0,0,0,0,2016-02-10 17:45,Property,14.61096685,121.0551991,Side Swipe
None,EDSA,None,None,"No Accident Factor, Side Swipe, 0.0 drivers_injured, 0.0 drivers_killed, 0.0 passengers_injured, 0.0 passengers_killed, 0.0 pedestrian_injured, 0.0 pedestrian_killed, Fair (Day), EDSA Aurora Blvd. Quezon City",MMDA Road Safety Unit,,8f19fc82-ee8b-419f-a71c-25fdd2284c15,2016-02-10,09:30:00,EDSA Aurora Blvd. Quezon City,0,0,0,0,0,0,0,0,0,0,2016-02-10 17:30,Property,14.62163653,121.0501573,Side Swipe
None,EDSA,None,None,"No Accident Factor, No Collision Stated (based on Police Blotter Book), 0.0 drivers_injured, 0.0 drivers_killed, 0.0 passengers_injured, 0.0 passengers_killed, 0.0 pedestrian_injured, 0.0 pedestrian_killed, Fair (Day), EDSA Baliwag Bus Terminal Quezon City",MMDA Road Safety Unit,,9340cacd-bdc9-4d02-a3bd-ffbb3f4cb800,2016-02-10,03:30:00,"EDSA North Ave., Pagasa Quezon City",0,0,0,0,0,0,0,0,0,0,2016-02-10 11:30,Property,14.6244766,121.0489584,No Collision Stated
None,EDSA,None,None,"No Accident Factor, Rear-end, 0.0 drivers_injured, 0.0 drivers_killed, 0.0 passengers_injured, 0.0 passengers_killed, 0.0 pedestrian_injured, 0.0 pedestrian_killed, Fair (Night), EDSA Aurora Blvd. Quezon City",MMDA Road Safety Unit,,4c82731b-6a49-43aa-8e63-831a5148ae4e,2016-02-09,11:20:00,EDSA Aurora Blvd. Quezon City,0,0,0,0,0,0,0,0,0,0,2016-02-09 19:20,Property,14.62163653,121.0501573,Rear-End
None,EDSA,None,None,"No Accident Factor, Hit and Run (No Collision Stated), 0.0 drivers_injured, 0.0 drivers_killed, 0.0 passengers_injured, 0.0 passengers_killed, 0.0 pedestrian_injured, 0.0 pedestrian_killed, Fair (Day), EDSA East Ave. Quezon City",MMDA Road Safety Unit,,e317d8e0-04ce-4838-9fb3-d3c9386652de,2016-02-09,01:30:00,EDSA Kamias Road Quezon City,0,0,0,0,0,0,0,0,0,0,2016-02-09 9:30,Property,14.6328297,121.0451176,No Collision Stated
None,EDSA,None,None,"No Accident Factor, Rear-end, 0.0 drivers_injured, 0.0 drivers_killed, 0.0 passengers_injured, 0.0 passengers_killed, 0.0 pedestrian_injured, 0.0 pedestrian_killed, Fair (Day), EDSA Santolan ""U"" turn slot Quezon City",MMDA Road Safety Unit,,3e40c93c-6382-4352-9fe2-d20f60d5c47c,2016-02-09,00:30:00,EDSA Aurora Blvd. Quezon City,0,0,0,0,0,0,0,0,0,0,2016-02-09 8:30,Property,14.61090554,121.0550155,Rear-End
None,EDSA,None,None,"No Accident Factor, No Collision Stated (based on Police Blotter Book), 0.0 drivers_injured, 0.0 drivers_killed, 0.0 passengers_injured, 0.0 passengers_killed, 0.0 pedestrian_injured, 0.0 pedestrian_killed, Fair (Night), EDSA Santolan  Quezon City",MMDA Road Safety Unit,,4d0a6828-9238-45ca-98bd-6b15037140bd,2016-02-08,21:40:00,EDSA Cloverleaf Quezon City,0,0,0,0,0,0,0,0,0,0,2016-02-09 5:40,Property,14.61090554,121.0550155,No Collision Stated
None,EDSA,None,None,"No Accident Factor, Rear-end, 0.0 drivers_injured, 0.0 drivers_killed, 0.0 passengers_injured, 0.0 passengers_killed, 0.0 pedestrian_injured, 0.0 pedestrian_killed, Fair (Night), EDSA North MRT Station Quezon City",MMDA Road Safety Unit,,8a86058d-c7fa-41dc-8a01-9157556fefa2,2016-02-08,14:30:00,EDSA GMA Drive  Quezon City,0,0,0,0,0,0,0,0,0,0,2016-02-08 22:30,Property,14.65221162,121.0324012,Rear-End
None,EDSA,None,None,"No Accident Factor, Side Swipe, 0.0 drivers_injured, 0.0 drivers_killed, 0.0 passengers_injured, 0.0 passengers_killed, 0.0 pedestrian_injured, 0.0 pedestrian_killed, Fair (Night), EDSA Quezon Ave. Quezon City",MMDA Road Safety Unit,,d8c8205a-16fd-47df-9553-f52beef6ec99,2016-02-08,10:30:00,"EDSA SM North, Bagong Pagasa Quezon City",0,0,0,0,0,0,0,0,0,0,2016-02-08 18:30,Property,14.6442444,121.0375839,Side Swipe
None,EDSA,None,None,"No Accident Factor, Rear-end, 0.0 drivers_injured, 0.0 drivers_killed, 0.0 passengers_injured, 0.0 passengers_killed, 0.0 pedestrian_injured, 0.0 pedestrian_killed, Fair (Night), EDSA Timog Ave. (SB)  Quezon City",MMDA Road Safety Unit,,39fca9b1-6565-4d56-a08b-332ee45b3000,2016-02-07,13:30:00,EDSA DLTB Bus Terminal  Quezon City,0,0,0,0,0,0,0,0,0,0,2016-02-07 21:30,Property,14.63293559,121.0446304,Rear-End
None,EDSA,None,None,"No Accident Factor, Side Swipe, 1.0 drivers_injured, 0.0 drivers_killed, 0.0 passengers_injured, 0.0 passengers_killed, 0.0 pedestrian_injured, 0.0 pedestrian_killed, Fair (Day), EDSA Ortigas Ave. Quezon City",MMDA Road Safety Unit,,af76b146-a3f0-4bfc-a5bd-042ad07e0379,2016-02-07,02:05:00,EDSA Oliveros Foot Bridge  Quezon City,0,0,0,1,0,0,0,0,0,1,2016-02-07 10:05,Injury,14.59335253,121.0584107,Side Swipe
None,EDSA,None,None,"No Accident Factor, Side Swipe, 0.0 drivers_injured, 0.0 drivers_killed, 0.0 passengers_injured, 0.0 passengers_killed, 0.0 pedestrian_injured, 0.0 pedestrian_killed, Fair (Day), EDSA Gen. Roxas Ave. Quezon City",MMDA Road Safety Unit,,38521a46-f2cd-485d-ad1e-750f0e8ec192,2016-02-07,00:00:00,"EDSA Five Star Bus Terminal, E. Rodriguez Quezon City",0,0,0,0,0,0,0,0,0,0,2016-02-07 8:00,Property,14.62042254,121.0508064,Side Swipe
None,EDSA,None,None,"No Accident Factor, Side Swipe, 0.0 drivers_injured, 0.0 drivers_killed, 0.0 passengers_injured, 0.0 passengers_killed, 0.0 pedestrian_injured, 0.0 pedestrian_killed, Fair (Night), EDSA Bansalangin St.  Quezon City",MMDA Road Safety Unit,,9f6905dc-b039-42c3-bdc5-d3b9ed94fac0,2016-02-06,13:05:00,EDSA Philam  Quezon City,0,0,0,0,0,0,0,0,0,0,2016-02-06 21:05,Property,14.6567996,121.0241845,Side Swipe
None,EDSA,None,None,"No Accident Factor, Side Swipe, 0.0 drivers_injured, 0.0 drivers_killed, 0.0 passengers_injured, 0.0 passengers_killed, 0.0 pedestrian_injured, 0.0 pedestrian_killed, Fair (Day), EDSA Nepa Q-Mart, E. Rodriguez Quezon City",MMDA Road Safety Unit,,3b60909b-50af-4c1f-9862-6b8cd2c404e7,2016-02-06,08:00:00,EDSA P. Tuazon Blvd. Quezon City,0,0,0,0,0,0,0,0,0,0,2016-02-06 16:00,Property,14.62805361,121.0472521,Side Swipe
None,EDSA,None,None,"No Accident Factor, Multiple Collision, 0.0 drivers_injured, 0.0 drivers_killed, 0.0 passengers_injured, 0.0 passengers_killed, 0.0 pedestrian_injured, 0.0 pedestrian_killed, Fair (Day), EDSA Dominion Bus Terminal  Quezon City",MMDA Road Safety Unit,,b0f2749e-b0af-4d79-a69f-485672e3ffa5,2016-02-06,07:15:00,EDSA Kamuning Road Quezon City,0,0,0,0,0,0,0,0,0,0,2016-02-06 15:15,Property,14.62539824,121.0482332,Multiple
None,EDSA,None,None,"No Accident Factor, Rear-end, 0.0 drivers_injured, 0.0 drivers_killed, 0.0 passengers_injured, 0.0 passengers_killed, 0.0 pedestrian_injured, 0.0 pedestrian_killed, Fair (Day), EDSA Main Ave. Quezon City",MMDA Road Safety Unit,,9c30a7fd-e04f-4016-b0b3-2b7cc2761496,2016-02-06,03:20:00,EDSA Mindanao Ave. Ext. Quezon City,0,0,0,0,0,0,0,0,0,0,2016-02-06 11:20,Property,14.61376458,121.0537933,Rear-End
None,EDSA,None,None,"No Accident Factor, Side Swipe, 0.0 drivers_injured, 0.0 drivers_killed, 0.0 passengers_injured, 0.0 passengers_killed, 0.0 pedestrian_injured, 0.0 pedestrian_killed, Fair (Day), EDSA Quezon Ave. (EB) Quezon City",MMDA Road Safety Unit,,e6b7bab1-1cd2-49d1-9644-20d71e7738e6,2016-02-06,02:45:00,EDSA Aurora Blvd. Quezon City,0,0,0,0,0,0,0,0,0,0,2016-02-06 10:45,Property,14.6442444,121.0375839,Side Swipe
None,EDSA,None,None,"No Accident Factor, Side Swipe, 0.0 drivers_injured, 0.0 drivers_killed, 0.0 passengers_injured, 0.0 passengers_killed, 0.0 pedestrian_injured, 0.0 pedestrian_killed, Fair (Day), EDSA A. Bonifacio Ave. Quezon City",MMDA Road Safety Unit,,60803350-868d-436f-9aba-2e77133a31e2,2016-02-06,00:05:00,EDSA Scout Borromeo St.  Quezon City,0,0,0,0,0,0,0,0,0,0,2016-02-06 8:05,Property,14.6573471,121.0009663,Side Swipe
None,EDSA,None,None,"No Accident Factor, Multiple Collision, 0.0 drivers_injured, 0.0 drivers_killed, 0.0 passengers_injured, 0.0 passengers_killed, 0.0 pedestrian_injured, 0.0 pedestrian_killed, Fair (Day), EDSA Nepa Q Mart  Quezon City",MMDA Road Safety Unit,,6919aa76-d4f5-450f-b98c-e36b98788790,2016-02-05,23:00:00,EDSA Baliwag Liner Bus Terminal Quezon City,0,0,0,0,0,0,0,0,0,0,2016-02-06 7:00,Property,14.62805361,121.0472521,Multiple
None,EDSA,None,None,"No Accident Factor, Rear-end, 0.0 drivers_injured, 0.0 drivers_killed, 0.0 passengers_injured, 0.0 passengers_killed, 0.0 pedestrian_injured, 0.0 pedestrian_killed, Fair (Night), EDSA Aurora Blvd. Quezon City",MMDA Road Safety Unit,,41067c03-338c-4d8b-84ec-63b18422eb4d,2016-02-05,15:10:00,EDSA Aurora Blvd. Quezon City,0,0,0,0,0,0,0,0,0,0,2016-02-05 23:10,Property,14.62163653,121.0501573,Rear-End
None,EDSA,None,None,"No Accident Factor, Side Swipe, 0.0 drivers_injured, 0.0 drivers_killed, 0.0 passengers_injured, 0.0 passengers_killed, 0.0 pedestrian_injured, 0.0 pedestrian_killed, Fair (Night), EDSA Quezon City Academy (SB) Quezon City",MMDA Road Safety Unit,,8b13e64c-c686-4ba5-a96d-036d427ad887,2016-02-05,11:25:00,EDSA Timog Ave.  Quezon City,0,0,0,0,0,0,0,0,0,0,2016-02-05 19:25,Property,14.65676422,121.0256485,Side Swipe
None,EDSA,None,None,"No Accident Factor, Side Swipe, 0.0 drivers_injured, 0.0 drivers_killed, 0.0 passengers_injured, 0.0 passengers_killed, 0.0 pedestrian_injured, 0.0 pedestrian_killed, Fair (Night), EDSA Quezon City Academy (NB) Quezon City",MMDA Road Safety Unit,,e3ecb675-caa6-4d81-b3cb-3dfef538774c,2016-02-05,11:20:00,EDSA East Ave. Quezon City,0,0,0,0,0,0,0,0,0,0,2016-02-05 19:20,Property,14.65676422,121.0256485,Side Swipe
None,EDSA,None,None,"No Accident Factor, Side Swipe, 0.0 drivers_injured, 0.0 drivers_killed, 0.0 passengers_injured, 0.0 passengers_killed, 0.0 pedestrian_injured, 0.0 pedestrian_killed, Fair (Day), EDSA Santolan Mrt (NB) Quezon City",MMDA Road Safety Unit,,6bfb8a94-70bf-47ff-9734-949d8a99c22f,2016-02-05,09:05:00,EDSA Jam Liner Bus Terminal Quezon City,0,0,0,0,0,0,0,0,0,0,2016-02-05 17:05,Property,14.60773988,121.0564577,Side Swipe
None,EDSA,None,None,"No Accident Factor, Side Swipe, 0.0 drivers_injured, 0.0 drivers_killed, 0.0 passengers_injured, 0.0 passengers_killed, 0.0 pedestrian_injured, 0.0 pedestrian_killed, Fair (Day), EDSA Quezon City Academy (NB) Quezon City",MMDA Road Safety Unit,,1348dd51-4a48-4607-9b91-ca9fce89f47a,2016-02-05,07:20:00,EDSA Timog Ave.  Quezon City,0,0,0,0,0,0,0,0,0,0,2016-02-05 15:20,Property,14.65676422,121.0256485,Side Swipe
None,EDSA,None,None,"No Accident Factor, Rear-end, 0.0 drivers_injured, 0.0 drivers_killed, 0.0 passengers_injured, 0.0 passengers_killed, 0.0 pedestrian_injured, 0.0 pedestrian_killed, Fair (Day), EDSA Aurora Blvd. Service Road (SB) Quezon City",MMDA Road Safety Unit,,45c0fec2-f83b-4923-adbc-3c449d9f5f64,2016-02-05,05:25:00,EDSA Aurora Blvd. Quezon City,0,0,0,0,0,0,0,0,0,0,2016-02-05 13:25,Property,14.62163653,121.0501573,Rear-End
None,EDSA,None,None,"No Accident Factor, Rear-end, 0.0 drivers_injured, 0.0 drivers_killed, 0.0 passengers_injured, 0.0 passengers_killed, 0.0 pedestrian_injured, 0.0 pedestrian_killed, Fair (Day), EDSA East Ave. Quezon City",MMDA Road Safety Unit,,d914841b-934f-4347-89bf-915627cf0160,2016-02-05,03:00:00,EDSA Mapagmahal St.  Quezon City,0,0,0,0,0,0,0,0,0,0,2016-02-05 11:00,Property,14.6328297,121.0451176,Rear-End
None,EDSA,None,None,"No Accident Factor, Rear-end, 0.0 drivers_injured, 0.0 drivers_killed, 0.0 passengers_injured, 0.0 passengers_killed, 0.0 pedestrian_injured, 0.0 pedestrian_killed, Fair (Day), EDSA Quezon City Academy (NB) Quezon City",MMDA Road Safety Unit,,a0734b84-1890-493a-a15c-1ab95a24747f,2016-02-05,00:05:00,EDSA Kamuning Road Quezon City,0,0,0,0,0,0,0,0,0,0,2016-02-05 8:05,Property,14.65676422,121.0256485,Rear-End
None,EDSA,None,None,"No Accident Factor, Rear-end, 0.0 drivers_injured, 0.0 drivers_killed, 0.0 passengers_injured, 0.0 passengers_killed, 0.0 pedestrian_injured, 0.0 pedestrian_killed, Fair (Day), EDSA P. Tuazon (EB) Quezon City",MMDA Road Safety Unit,,f1d74a06-3d4e-4100-9e02-63c17c98ef27,2016-02-04,23:15:00,EDSA Farmers Plaza  Quezon City,0,0,0,0,0,0,0,0,0,0,2016-02-05 7:15,Property,14.61656342,121.0525225,Rear-End
None,EDSA,None,None,"No Accident Factor, Side Swipe, 0.0 drivers_injured, 0.0 drivers_killed, 0.0 passengers_injured, 0.0 passengers_killed, 0.0 pedestrian_injured, 0.0 pedestrian_killed, Fair (Day), EDSA Kamias Road Quezon City",MMDA Road Safety Unit,,bc350f29-2ac5-457f-b349-d1d38fa23ea7,2016-02-04,22:20:00,EDSA PS 10 Kamuning Quezon City,0,0,0,0,0,0,0,0,0,0,2016-02-05 6:20,Property,14.6309142,121.0459376,Side Swipe
None,EDSA,None,None,"No Accident Factor, Rear-end, 0.0 drivers_injured, 0.0 drivers_killed, 0.0 passengers_injured, 0.0 passengers_killed, 0.0 pedestrian_injured, 0.0 pedestrian_killed, Fair (Night), EDSA Cloverleaf Road Quezon City",MMDA Road Safety Unit,,a940d436-94a5-46e5-9cab-ec02e4f85dd8,2016-02-04,14:45:00,EDSA Quezon Ave.  Quezon City,0,0,0,0,0,0,0,0,0,0,2016-02-04 22:45,Property,14.65747901,121.0011914,Rear-End
None,EDSA,None,None,"No Accident Factor, Side Swipe, 1.0 drivers_injured, 0.0 drivers_killed, 0.0 passengers_injured, 0.0 passengers_killed, 0.0 pedestrian_injured, 0.0 pedestrian_killed, Fair (Night), EDSA Cloverleaf Road Quezon City",MMDA Road Safety Unit,,abb60397-9dba-4ddb-9474-e91b95424dc7,2016-02-04,10:40:00,EDSA PS 10 Kamuning Quezon City,0,0,0,1,0,0,0,0,0,1,2016-02-04 18:40,Injury,14.65747901,121.0011914,Side Swipe
None,EDSA,None,None,"No Accident Factor, Side Swipe, 1.0 drivers_injured, 0.0 drivers_killed, 0.0 passengers_injured, 0.0 passengers_killed, 0.0 pedestrian_injured, 0.0 pedestrian_killed, Fair (Day), EDSA Baliwag Bus Terminal, Cubao Quezon City",MMDA Road Safety Unit,,c344ce78-f847-4b34-83c1-677e0e861868,2016-02-04,09:15:00,EDSA Mapagmahal St.  Quezon City,0,0,0,1,0,0,0,0,0,1,2016-02-04 17:15,Injury,14.6244766,121.0489584,Side Swipe
None,EDSA,None,None,"No Accident Factor, Side Swipe, 0.0 drivers_injured, 0.0 drivers_killed, 0.0 passengers_injured, 0.0 passengers_killed, 0.0 pedestrian_injured, 0.0 pedestrian_killed, Fair (Day), EDSA Santolan (NB) Quezon City",MMDA Road Safety Unit,,bae58c13-853b-45ca-b9d1-3621df060685,2016-02-04,08:20:00,EDSA Puregold  Quezon City,0,0,0,0,0,0,0,0,0,0,2016-02-04 16:20,Property,14.61090554,121.0550155,Side Swipe
None,EDSA,None,None,"No Accident Factor, Rear-end, 0.0 drivers_injured, 0.0 drivers_killed, 0.0 passengers_injured, 0.0 passengers_killed, 0.0 pedestrian_injured, 0.0 pedestrian_killed, Fair (Day), EDSA SM Annex (NB) Quezon City",MMDA Road Safety Unit,,b3d419b2-1324-4e43-b3be-007c11a25536,2016-02-04,04:30:00,EDSA Cloverleaf Quezon City,0,0,0,0,0,0,0,0,0,0,2016-02-04 12:30,Property,14.65628012,121.0272074,Rear-End
None,EDSA,None,None,"No Accident Factor, Rear-end, 0.0 drivers_injured, 0.0 drivers_killed, 0.0 passengers_injured, 0.0 passengers_killed, 0.0 pedestrian_injured, 0.0 pedestrian_killed, Fair (Day), EDSA SM Annex (NB) Quezon City",MMDA Road Safety Unit,,c14c81d4-4406-419e-ada3-51dd5168d6fa,2016-02-04,04:20:00,"EDSA Jac Liner Bus Terminal, Pinyahan Quezon City",0,0,0,0,0,0,0,0,0,0,2016-02-04 12:20,Property,14.65628012,121.0272074,Rear-End
None,EDSA,None,None,"No Accident Factor, No Collision Stated (based on Police Blotter Book), 0.0 drivers_injured, 0.0 drivers_killed, 0.0 passengers_injured, 0.0 passengers_killed, 0.0 pedestrian_injured, 0.0 pedestrian_killed, Fair (Day), EDSA Aurora Blvd. Quezon City",MMDA Road Safety Unit,,3edc3048-9d03-4893-8dd6-b36a20d1cb4c,2016-02-04,04:20:00,"EDSA ""U"" turn slot, GMA-7 Quezon City",0,0,0,0,0,0,0,0,0,0,2016-02-04 12:20,Property,14.62163653,121.0501573,No Collision Stated
None,EDSA,None,None,"No Accident Factor, Side Swipe, 0.0 drivers_injured, 0.0 drivers_killed, 0.0 passengers_injured, 0.0 passengers_killed, 0.0 pedestrian_injured, 0.0 pedestrian_killed, Fair (Day), EDSA P. Tuazon (SB) Quezon City",MMDA Road Safety Unit,,d64765a7-9b84-49c3-9ab4-96c88178626b,2016-02-04,00:55:00,EDSA New York St. Quezon City,0,0,0,0,0,0,0,0,0,0,2016-02-04 8:55,Property,14.61656342,121.0525225,Side Swipe
None,EDSA,None,None,"No Accident Factor, Side Swipe, 0.0 drivers_injured, 0.0 drivers_killed, 0.0 passengers_injured, 0.0 passengers_killed, 0.0 pedestrian_injured, 0.0 pedestrian_killed, Fair (Day), EDSA Ermin Garcia (SB) Quezon City",MMDA Road Safety Unit,,b1c25cad-4e92-411a-8fb2-d69fa44043f4,2016-02-03,23:30:00,EDSA Aurora Blvd. Quezon City,0,0,0,0,0,0,0,0,0,0,2016-02-04 7:30,Property,14.62758814,121.047487,Side Swipe