LOCATION_TEXT,ROAD,WEATHER,LIGHT,DESC,REPORTING_AGENCY,MAIN_CAUSE,INCIDENTDETAILS_ID,DATE_UTC,TIME_UTC,ADDRESS,killed_driver,killed_passenger,killed_pedestrian,injured_driver,injured_passenger,injured_pedestrian,killed_uncategorized,injured_uncategorized,killed_total,injured_total,DATETIME_PST,SEVERITY,Y,X,COLLISION_TYPE
None,EDSA,None,None,"No Accident Factor, Rear-end, 0.0 drivers_injured, 0.0 drivers_killed, 0.0 passengers_injured, 0.0 passengers_killed, 0.0 pedestrian_injured, 0.0 pedestrian_killed, Fair (Day), EDSA Quezon City Academy (NB) Quezon City",MMDA Road Safety Unit,,3a5b6553-eb5b-493a-91a3-6f061b3dca12,2016-02-03,23:10:00,EDSA Dario Bridge  Quezon City,0,0,0,0,0,0,0,0,0,0,2016-02-04 7:10,Property,14.65676422,121.0256485,Rear-End
None,EDSA,None,None,"No Accident Factor, Side Swipe, 0.0 drivers_injured, 0.0 drivers_killed, 0.0 passengers_injured, 0.0 passengers_killed, 0.0 pedestrian_injured, 0.0 pedestrian_killed, Fair (Day), EDSA Main Ave. Quezon City",MMDA Road Safety Unit,,3c28964f-9fd5-4f52-9a26-07b53b7524f0,2016-02-03,23:00:00,EDSA PS 10 Kamuning  Quezon City,0,0,0,0,0,0,0,0,0,0,2016-02-04 7:00,Property,14.61376458,121.0537933,Side Swipe
None,EDSA,None,None,"No Accident Factor, Rear-end, 0.0 drivers_injured, 0.0 drivers_killed, 0.0 passengers_injured, 0.0 passengers_killed, 0.0 pedestrian_injured, 0.0 pedestrian_killed, Fair (Day), EDSA B. Serrano Ave. Quezon City",MMDA Road Safety Unit,,2130dbf1-8ee7-4dda-8944-00affd6e2aa2,2016-02-03,22:45:00,EDSA GMA Network Drive  Quezon City,0,0,0,0,0,0,0,0,0,0,2016-02-04 6:45,Property,14.61096685,121.0551991,Rear-End
None,EDSA,None,None,"No Accident Factor, No Collision Stated (based on Police Blotter Book), 0.0 drivers_injured, 0.0 drivers_killed, 0.0 passengers_injured, 0.0 passengers_killed, 0.0 pedestrian_injured, 0.0 pedestrian_killed, Fair (Day), EDSA Baliwag Service Road (NB) Quezon City",MMDA Road Safety Unit,,0dfc2062-86d1-4809-abce-d5c4403a7fe0,2016-02-03,06:30:00,EDSA Bansalangin St. Quezon City,0,0,0,0,0,0,0,0,0,0,2016-02-03 14:30,Property,14.6244766,121.0489584,No Collision Stated
None,EDSA,None,None,"No Accident Factor, Rear-end, 0.0 drivers_injured, 0.0 drivers_killed, 0.0 passengers_injured, 0.0 passengers_killed, 0.0 pedestrian_injured, 0.0 pedestrian_killed, Fair (Day), EDSA Jam Liner, Kamuning (SB) Quezon City",MMDA Road Safety Unit,,6bab8087-7ed3-4314-9657-b0498a7fa29d,2016-02-03,02:55:00,EDSA Ermin Garcia St. Quezon City,0,0,0,0,0,0,0,0,0,0,2016-02-03 10:55,Property,14.63113373,121.0455992,Rear-End
None,EDSA,None,None,"No Accident Factor, Self-Accident, 0.0 drivers_injured, 0.0 drivers_killed, 0.0 passengers_injured, 0.0 passengers_killed, 0.0 pedestrian_injured, 0.0 pedestrian_killed, Fair (Day), EDSA Aurora Blvd. Quezon City",MMDA Road Safety Unit,,ebb8c401-c45f-4339-933b-baf5b9dda0f3,2016-02-03,01:55:00,EDSA Ermin Garcia St. Quezon City,0,0,0,0,0,0,0,0,0,0,2016-02-03 9:55,Property,14.62163653,121.0501573,Self-Accident
None,EDSA,None,None,"No Accident Factor, Rear-end, 0.0 drivers_injured, 0.0 drivers_killed, 0.0 passengers_injured, 0.0 passengers_killed, 0.0 pedestrian_injured, 0.0 pedestrian_killed, Fair (Day), EDSA Cloverleaf Road Quezon City",MMDA Road Safety Unit,,2fd48209-da72-4f31-bc54-f3b42b9a12a6,2016-02-03,00:00:00,EDSA NIA Road Quezon City,0,0,0,0,0,0,0,0,0,0,2016-02-03 8:00,Property,14.65747901,121.0011914,Rear-End
None,EDSA,None,None,"No Accident Factor, Side Swipe, 0.0 drivers_injured, 0.0 drivers_killed, 0.0 passengers_injured, 0.0 passengers_killed, 0.0 pedestrian_injured, 0.0 pedestrian_killed, Fair (Day), EDSA Santolan MRT Station Quezon City",MMDA Road Safety Unit,,4aa1ee15-475f-47f9-ba94-e8ce0238fccc,2016-02-02,23:40:00,EDSA NIA Road Quezon City,0,0,0,0,0,0,0,0,0,0,2016-02-03 7:40,Property,14.60773988,121.0564577,Side Swipe
None,EDSA,None,None,"No Accident Factor, Rear-end, 0.0 drivers_injured, 0.0 drivers_killed, 0.0 passengers_injured, 0.0 passengers_killed, 0.0 pedestrian_injured, 0.0 pedestrian_killed, Fair (Day), EDSA Quezon Ave. (WB) Quezon City",MMDA Road Safety Unit,,18ccedfe-a97a-40e8-be42-e6bb16e1feb6,2016-02-02,23:25:00,EDSA Bansalangin St. Quezon City,0,0,0,0,0,0,0,0,0,0,2016-02-03 7:25,Property,14.6442444,121.0375839,Rear-End
None,EDSA,None,None,"No Accident Factor, No Collision Stated (based on Police Blotter Book), 0.0 drivers_injured, 0.0 drivers_killed, 0.0 passengers_injured, 0.0 passengers_killed, 0.0 pedestrian_injured, 0.0 pedestrian_killed, Fair (Night), EDSA Gen. Roxas Ave. Quezon City",MMDA Road Safety Unit,,27e87826-ed2c-4f92-b99d-39e666c963cc,2016-02-02,12:35:00,EDSA PS 10 Kamuning Quezon City,0,0,0,0,0,0,0,0,0,0,2016-02-02 20:35,Property,14.62042254,121.0508064,No Collision Stated
None,EDSA,None,None,"No Accident Factor, Side Swipe, 0.0 drivers_injured, 0.0 drivers_killed, 0.0 passengers_injured, 0.0 passengers_killed, 0.0 pedestrian_injured, 0.0 pedestrian_killed, Fair (Night), EDSA P. Tuazon (WB) Quezon City",MMDA Road Safety Unit,,c3d15772-a584-4496-ab9c-f2817a21eacd,2016-02-02,10:45:00,EDSA Poveda St.  Quezon City,0,0,0,0,0,0,0,0,0,0,2016-02-02 18:45,Property,14.61656342,121.0525225,Side Swipe
None,EDSA,None,None,"No Accident Factor, Side Swipe, 0.0 drivers_injured, 0.0 drivers_killed, 0.0 passengers_injured, 0.0 passengers_killed, 0.0 pedestrian_injured, 0.0 pedestrian_killed, Fair (Day), EDSA Santolan (NB) Quezon City",MMDA Road Safety Unit,,2d4b80b2-36af-4f53-85db-0a0e40308b61,2016-02-02,08:50:00,EDSA P. Tuazon Blvd. Quezon City,0,0,0,0,0,0,0,0,0,0,2016-02-02 16:50,Property,14.61090554,121.0550155,Side Swipe
None,EDSA,None,None,"No Accident Factor, Side Swipe, 0.0 drivers_injured, 0.0 drivers_killed, 0.0 passengers_injured, 0.0 passengers_killed, 0.0 pedestrian_injured, 0.0 pedestrian_killed, Fair (Day), EDSA Monte De Piedad St.  Quezon City",MMDA Road Safety Unit,,beed6567-bec5-445e-a14a-fddf491eb391,2016-02-02,08:45:00,EDSA Roosevelt Ave.  Quezon City,0,0,0,0,0,0,0,0,0,0,2016-02-02 16:45,Property,14.62346937,121.0491711,Side Swipe
None,EDSA,None,None,"No Accident Factor, Hit and Run (No Collision Stated), 0.0 drivers_injured, 0.0 drivers_killed, 0.0 passengers_injured, 0.0 passengers_killed, 0.0 pedestrian_injured, 0.0 pedestrian_killed, Fair (Day), EDSA NIA Road Quezon City",MMDA Road Safety Unit,,199a475c-9438-4fbd-9dc1-02669b6db840,2016-02-02,04:30:00,EDSA Ortigas Ave. Quezon City,0,0,0,0,0,0,0,0,0,0,2016-02-02 12:30,Property,14.63727823,121.0421362,No Collision Stated
None,EDSA,None,None,"No Accident Factor, Rear-end, 0.0 drivers_injured, 0.0 drivers_killed, 0.0 passengers_injured, 0.0 passengers_killed, 0.0 pedestrian_injured, 0.0 pedestrian_killed, Fair (Day), EDSA Aurora Blvd. (EB) Quezon City",MMDA Road Safety Unit,,2d963043-cafe-4e7b-a82b-b104764b02d7,2016-02-02,03:05:00,EDSA Ortigas Ave. Quezon City,0,0,0,0,0,0,0,0,0,0,2016-02-02 11:05,Property,14.62151658,121.0501092,Rear-End
None,EDSA,None,None,"No Accident Factor, Side Swipe, 0.0 drivers_injured, 0.0 drivers_killed, 0.0 passengers_injured, 0.0 passengers_killed, 0.0 pedestrian_injured, 0.0 pedestrian_killed, Fair (Day), EDSA Main Ave. (SB) Quezon City",MMDA Road Safety Unit,,b98568c1-0ecb-4bc7-ae51-0d4762ee7740,2016-02-02,02:25:00,EDSA Kamias Road Quezon City,0,0,0,0,0,0,0,0,0,0,2016-02-02 10:25,Property,14.61376458,121.0537933,Side Swipe
None,EDSA,None,None,"No Accident Factor, No Collision Stated (based on Police Blotter Book), 0.0 drivers_injured, 0.0 drivers_killed, 0.0 passengers_injured, 0.0 passengers_killed, 0.0 pedestrian_injured, 0.0 pedestrian_killed, Fair (Day), EDSA Aurora Blvd. Quezon City",MMDA Road Safety Unit,,b1aae90d-3f42-4292-af99-db9e92d398a7,2016-02-02,01:00:00,EDSA Ortigas Ave. Quezon City,0,0,0,0,0,0,0,0,0,0,2016-02-02 9:00,Property,14.62163653,121.0501573,No Collision Stated
None,EDSA,None,None,"No Accident Factor, Side Swipe, 0.0 drivers_injured, 0.0 drivers_killed, 0.0 passengers_injured, 0.0 passengers_killed, 0.0 pedestrian_injured, 0.0 pedestrian_killed, Fair (Night), EDSA Puregold Supermarket, Balintawak Quezon City",MMDA Road Safety Unit,,4f2678b0-a78a-496d-b2aa-a9bdb042b91a,2016-02-01,17:00:00,EDSA Kaingin Road Quezon City,0,0,0,0,0,0,0,0,0,0,2016-02-02 1:00,Property,14.65739538,121.0046638,Side Swipe
None,EDSA,None,None,"No Accident Factor, Side Swipe, 0.0 drivers_injured, 0.0 drivers_killed, 0.0 passengers_injured, 0.0 passengers_killed, 0.0 pedestrian_injured, 0.0 pedestrian_killed, Fair (Night), EDSA Quezon Ave. Quezon City",MMDA Road Safety Unit,,96c21e3e-d796-44fc-a3cd-f8abfc1e2e2f,2016-02-01,12:25:00,EDSA Bansalangin St. Quezon City,0,0,0,0,0,0,0,0,0,0,2016-02-01 20:25,Property,14.6442444,121.0375839,Side Swipe
None,EDSA,None,None,"No Accident Factor, Side Swipe, 0.0 drivers_injured, 0.0 drivers_killed, 0.0 passengers_injured, 0.0 passengers_killed, 0.0 pedestrian_injured, 0.0 pedestrian_killed, Fair (Night), EDSA Main Ave. (NB) Quezon City",MMDA Road Safety Unit,,8f262133-683d-4ad3-b96a-bf5e32a7352b,2016-02-01,10:15:00,EDSA Balintawak Cloverleaf Quezon City,0,0,0,0,0,0,0,0,0,0,2016-02-01 18:15,Property,14.61376458,121.0537933,Side Swipe
None,EDSA,None,None,"No Accident Factor, Side Swipe, 0.0 drivers_injured, 0.0 drivers_killed, 0.0 passengers_injured, 0.0 passengers_killed, 0.0 pedestrian_injured, 0.0 pedestrian_killed, Fair (Day), EDSA Santolan (WB) Quezon City",MMDA Road Safety Unit,,a8e023ea-9d8e-4203-8295-14e9f7a745e3,2016-02-01,03:30:00,EDSA DLTB Bus Terminal  Quezon City,0,0,0,0,0,0,0,0,0,0,2016-02-01 11:30,Property,14.61090554,121.0550155,Side Swipe
None,EDSA,None,None,"No Accident Factor, Rear-end, 0.0 drivers_injured, 0.0 drivers_killed, 0.0 passengers_injured, 0.0 passengers_killed, 0.0 pedestrian_injured, 0.0 pedestrian_killed, Fair (Day), EDSA ""U"" turn slot, GMA (SB) Quezon City",MMDA Road Safety Unit,,2e85aba1-cecf-4bb7-8ab4-5b746cb5a6ad,2016-02-01,02:55:00,EDSA Santolan Road Quezon City,0,0,0,0,0,0,0,0,0,0,2016-02-01 10:55,Property,14.63376993,121.0443308,Rear-End
None,EDSA,None,None,"No Accident Factor, Side Swipe, 0.0 drivers_injured, 0.0 drivers_killed, 0.0 passengers_injured, 0.0 passengers_killed, 0.0 pedestrian_injured, 0.0 pedestrian_killed, Fair (Day), EDSA Kamuning Police Station 10 Quezon City",MMDA Road Safety Unit,,10a68257-b7be-41e9-ac5f-303fe15918fb,2016-02-01,02:30:00,EDSA Main Road Quezon City,0,0,0,0,0,0,0,0,0,0,2016-02-01 10:30,Property,14.62986347,121.0460942,Side Swipe
None,EDSA,None,None,"No Accident Factor, Rear-end, 0.0 drivers_injured, 0.0 drivers_killed, 0.0 passengers_injured, 0.0 passengers_killed, 0.0 pedestrian_injured, 0.0 pedestrian_killed, Fair (Day), EDSA Whiteplains Quezon City",MMDA Road Safety Unit,,26d22264-5b1b-41a8-ac44-afa4bcc202a0,2016-02-01,01:15:00,"EDSA Five Star Bus Terminal, E. Rodriguez Quezon City",0,0,0,0,0,0,0,0,0,0,2016-02-01 9:15,Property,14.59961782,121.0596522,Rear-End
None,EDSA,None,None,"No Accident Factor, Side Swipe, 0.0 drivers_injured, 0.0 drivers_killed, 0.0 passengers_injured, 0.0 passengers_killed, 0.0 pedestrian_injured, 0.0 pedestrian_killed, Fair (Day), EDSA Roosevelt Ave. Quezon City",MMDA Road Safety Unit,,f8dfcaa8-5770-4a53-910f-10d4aa445aa7,2016-02-01,00:50:00,EDSA Kamuning Road Quezon City,0,0,0,0,0,0,0,0,0,0,2016-02-01 8:50,Property,14.65762047,121.0196373,Side Swipe
None,EDSA,None,None,"No Accident Factor, Rear-end, 0.0 drivers_injured, 0.0 drivers_killed, 0.0 passengers_injured, 0.0 passengers_killed, 0.0 pedestrian_injured, 0.0 pedestrian_killed, Fair (Day), EDSA Aurora Blvd. Quezon City",MMDA Road Safety Unit,,c0e0fdad-ff69-4a33-9fe0-806d001b62e2,2016-01-31,07:00:00,EDSA MRT North Station  Quezon City,0,0,0,0,0,0,0,0,0,0,2016-01-31 15:00,Property,14.62163653,121.0501573,Rear-End
None,EDSA,None,None,"No Accident Factor, Rear-end, 0.0 drivers_injured, 0.0 drivers_killed, 0.0 passengers_injured, 0.0 passengers_killed, 0.0 pedestrian_injured, 0.0 pedestrian_killed, Fair (Day), EDSA Quezon Ave. Quezon City",MMDA Road Safety Unit,,19c92945-d2df-405d-bc53-3fdfc2a14e24,2016-01-30,22:15:00,EDSA PS 10 Kamuning Quezon City,0,0,0,0,0,0,0,0,0,0,2016-01-31 6:15,Property,14.6442444,121.0375839,Rear-End
None,EDSA,None,None,"No Accident Factor, Rear-end, 0.0 drivers_injured, 0.0 drivers_killed, 0.0 passengers_injured, 0.0 passengers_killed, 0.0 pedestrian_injured, 0.0 pedestrian_killed, Fair (Day), EDSA Quezon Ave. Intersection Quezon City",MMDA Road Safety Unit,,5e99d028-e3fa-4c86-bd4d-104348951e9c,2016-01-30,03:55:00,"EDSA Oliveros ""U"" turn slot  Quezon City",0,0,0,0,0,0,0,0,0,0,2016-01-30 11:55,Property,14.6442444,121.0375839,Rear-End
None,EDSA,None,None,"No Accident Factor, Side Swipe, 0.0 drivers_injured, 0.0 drivers_killed, 0.0 passengers_injured, 0.0 passengers_killed, 0.0 pedestrian_injured, 0.0 pedestrian_killed, Fair (Night), EDSA Quezon Ave. (EB) Quezon City",MMDA Road Safety Unit,,f92fdb18-436f-4bc4-b8b9-c4875d1c2105,2016-01-29,15:40:00,EDSA Camp Aguinaldo Quezon City,0,0,0,0,0,0,0,0,0,0,2016-01-29 23:40,Property,14.6442444,121.0375839,Side Swipe
None,EDSA,None,None,"No Accident Factor, Side Swipe, 0.0 drivers_injured, 0.0 drivers_killed, 0.0 passengers_injured, 0.0 passengers_killed, 0.0 pedestrian_injured, 0.0 pedestrian_killed, Fair (Night), EDSA ""U"" turn slot, North Ave. Quezon City",MMDA Road Safety Unit,,bf2414e7-7d23-4136-a6de-85bbda5ef976,2016-01-29,12:05:00,EDSA Waltermart Quezon City,0,0,0,0,0,0,0,0,0,0,2016-01-29 20:05,Property,14.65358965,121.0313672,Side Swipe
None,EDSA,None,None,"No Accident Factor, Side Swipe, 1.0 drivers_injured, 0.0 drivers_killed, 1.0 passengers_injured, 0.0 passengers_killed, 0.0 pedestrian_injured, 0.0 pedestrian_killed, Fair (Night), EDSA Corinthians (NB) Quezon City",MMDA Road Safety Unit,,66afd1ef-a323-441b-bf44-b8c788427e06,2016-01-29,12:05:00,EDSA Quezon Ave.  Quezon City,0,0,0,1,1,0,0,0,0,2,2016-01-29 20:05,Injury,14.59580783,121.0595248,Side Swipe
None,EDSA,None,None,"No Accident Factor, Hit and Run (Rear-end), 0.0 drivers_injured, 0.0 drivers_killed, 0.0 passengers_injured, 0.0 passengers_killed, 0.0 pedestrian_injured, 0.0 pedestrian_killed, Fair (Night), EDSA People Power Monument, Camp Aguinaldo Quezon City",MMDA Road Safety Unit,,bcddf549-633c-4bd2-b59e-6e7c2f892337,2016-01-29,10:30:00,EDSA Ermin Garcia St. Quezon City,0,0,0,0,0,0,0,0,0,0,2016-01-29 18:30,Property,14.59994643,121.059777,Rear-End
None,EDSA,None,None,"No Accident Factor, Side Swipe, 0.0 drivers_injured, 0.0 drivers_killed, 0.0 passengers_injured, 0.0 passengers_killed, 0.0 pedestrian_injured, 0.0 pedestrian_killed, Fair (Day), EDSA NIA Road Quezon City",MMDA Road Safety Unit,,8bd1348c-4ffa-4bc2-9916-b1328251d04e,2016-01-29,08:25:00,EDSA Aurora Blvd. (WB) Quezon City,0,0,0,0,0,0,0,0,0,0,2016-01-29 16:25,Property,14.63727823,121.0421362,Side Swipe
None,EDSA,None,None,"No Accident Factor, Rear-end, 0.0 drivers_injured, 0.0 drivers_killed, 0.0 passengers_injured, 0.0 passengers_killed, 0.0 pedestrian_injured, 0.0 pedestrian_killed, Fair (Day), EDSA Landmark (NB) Quezon City",MMDA Road Safety Unit,,553a47ec-aacd-4379-930d-e2361a830e8f,2016-01-29,05:15:00,EDSA Arayat St. Quezon City,0,0,0,0,0,0,0,0,0,0,2016-01-29 13:15,Property,14.6509773,121.0331821,Rear-End
None,EDSA,None,None,"No Accident Factor, Rear-end, 0.0 drivers_injured, 0.0 drivers_killed, 0.0 passengers_injured, 0.0 passengers_killed, 0.0 pedestrian_injured, 0.0 pedestrian_killed, Fair (Day), EDSA Santolan MRT Station Quezon City",MMDA Road Safety Unit,,18e4ec5e-5a28-46bd-9c9d-4dc80cde049c,2016-01-29,05:00:00,EDSA Bansalangin St. Quezon City,0,0,0,0,0,0,0,0,0,0,2016-01-29 13:00,Property,14.60773988,121.0564577,Rear-End
None,EDSA,None,None,"No Accident Factor, Side Swipe, 1.0 drivers_injured, 0.0 drivers_killed, 0.0 passengers_injured, 0.0 passengers_killed, 0.0 pedestrian_injured, 0.0 pedestrian_killed, Fair (Day), EDSA E. Garcia St.  Quezon City",MMDA Road Safety Unit,,06a1ab9c-0fbc-4cf3-b1be-34df69a5a3b3,2016-01-29,04:50:00,EDSA Monte De Piedad St. Quezon City,0,0,0,1,0,0,0,0,0,1,2016-01-29 12:50,Injury,14.62742033,121.0475769,Side Swipe
None,EDSA,None,None,"No Accident Factor, Side Swipe, 0.0 drivers_injured, 0.0 drivers_killed, 0.0 passengers_injured, 0.0 passengers_killed, 0.0 pedestrian_injured, 0.0 pedestrian_killed, Fair (Day), EDSA New York St. Quezon City",MMDA Road Safety Unit,,6e688bcf-640b-44b7-abe5-85c5fd55b0eb,2016-01-28,09:00:00,EDSA East Ave. Quezon City,0,0,0,0,0,0,0,0,0,0,2016-01-28 17:00,Property,14.62568514,121.0482307,Side Swipe
None,EDSA,None,None,"No Accident Factor, Rear-end, 0.0 drivers_injured, 0.0 drivers_killed, 0.0 passengers_injured, 0.0 passengers_killed, 0.0 pedestrian_injured, 0.0 pedestrian_killed, Fair (Day), EDSA North Ave. (NB) Quezon City",MMDA Road Safety Unit,,ddd26684-ce04-42c2-a922-c796ac1024f4,2016-01-28,08:45:00,EDSA Ermin Garcia St. Quezon City,0,0,0,0,0,0,0,0,0,0,2016-01-28 16:45,Property,14.65553839,121.0299647,Rear-End
None,EDSA,None,None,"No Accident Factor, Hit and Run (No Collision Stated), 1.0 drivers_injured, 0.0 drivers_killed, 0.0 passengers_injured, 0.0 passengers_killed, 0.0 pedestrian_injured, 0.0 pedestrian_killed, Fair (Day), EDSA Trinoma Mall (NB) Quezon City",MMDA Road Safety Unit,,479c380e-d7e0-48c6-a096-5617123425de,2016-01-28,03:25:00,EDSA Kamuning Road Quezon City,0,0,0,1,0,0,0,0,0,1,2016-01-28 11:25,Injury,14.65242607,121.0323133,No Collision Stated
None,EDSA,None,None,"No Accident Factor, Side Swipe, 0.0 drivers_injured, 0.0 drivers_killed, 0.0 passengers_injured, 0.0 passengers_killed, 0.0 pedestrian_injured, 0.0 pedestrian_killed, Fair (Day), EDSA Camp Aguinaldo gate 3 (NB) Quezon City",MMDA Road Safety Unit,,74fd1451-1d60-4c1a-819d-2981f45e7c42,2016-01-27,23:50:00,EDSA Ortigas Ave. Quezon City,0,0,0,0,0,0,0,0,0,0,2016-01-28 7:50,Property,14.60836048,121.0563667,Side Swipe
None,EDSA,None,None,"No Accident Factor, Rear-end, 0.0 drivers_injured, 0.0 drivers_killed, 0.0 passengers_injured, 0.0 passengers_killed, 0.0 pedestrian_injured, 0.0 pedestrian_killed, Fair (Day), EDSA Oliveros (NB) Quezon City",MMDA Road Safety Unit,,b3edd781-9e1d-470b-9e26-3d54e723b41c,2016-01-27,23:25:00,EDSA Oliveros Drive  Quezon City,0,0,0,0,0,0,0,0,0,0,2016-01-28 7:25,Property,14.65762799,121.0065288,Rear-End
None,EDSA,None,None,"No Accident Factor, Rear-end, 0.0 drivers_injured, 0.0 drivers_killed, 0.0 passengers_injured, 0.0 passengers_killed, 0.0 pedestrian_injured, 0.0 pedestrian_killed, Fair (Day), EDSA P. Tuazon Quezon City",MMDA Road Safety Unit,,9242f174-aad2-48a3-835b-300dfb0effd3,2016-01-27,22:55:00,EDSA Balintawak Market Quezon City,0,0,0,0,0,0,0,0,0,0,2016-01-28 6:55,Property,14.61656342,121.0525225,Rear-End
None,EDSA,None,None,"No Accident Factor, No Collision Stated (based on Police Blotter Book), 0.0 drivers_injured, 0.0 drivers_killed, 0.0 passengers_injured, 0.0 passengers_killed, 0.0 pedestrian_injured, 0.0 pedestrian_killed, Fair (Day), EDSA North Ave. Quezon City",MMDA Road Safety Unit,,4c26f676-f448-47d6-b03b-386bab0164d5,2016-01-27,22:45:00,EDSA K-3rd St.  Quezon City,0,0,0,0,0,0,0,0,0,0,2016-01-28 6:45,Property,14.65553839,121.0299647,No Collision Stated
None,EDSA,None,None,"No Accident Factor, Head-on, 0.0 drivers_injured, 0.0 drivers_killed, 0.0 passengers_injured, 0.0 passengers_killed, 0.0 pedestrian_injured, 0.0 pedestrian_killed, Fair (Night), EDSA P. Tuazon Blvd. Quezon City",MMDA Road Safety Unit,,920b4fec-5e97-4727-bdca-a40a937a9dd0,2016-01-27,16:45:00,EDSA Jam Liner Bus Terminal Quezon City,0,0,0,0,0,0,0,0,0,0,2016-01-28 0:45,Property,14.61656342,121.0525225,Head-On
None,EDSA,None,None,"No Accident Factor, Side Swipe, 0.0 drivers_injured, 0.0 drivers_killed, 0.0 passengers_injured, 0.0 passengers_killed, 0.0 pedestrian_injured, 0.0 pedestrian_killed, Fair (Night), EDSA Quezon City Academy (NB) Quezon City",MMDA Road Safety Unit,,c0841c9b-08cf-4e2a-a47a-2b286457653e,2016-01-27,12:45:00,EDSA Timog Ave.  Quezon City,0,0,0,0,0,0,0,0,0,0,2016-01-27 20:45,Property,14.65676422,121.0256485,Side Swipe
None,EDSA,None,None,"No Accident Factor, Side Swipe, 0.0 drivers_injured, 0.0 drivers_killed, 0.0 passengers_injured, 0.0 passengers_killed, 0.0 pedestrian_injured, 0.0 pedestrian_killed, Fair (Day), EDSA ""U"" turn slot, Quezon City Academy (SB) Quezon City",MMDA Road Safety Unit,,4d43e4e8-d76c-424f-9170-1653c09979e7,2016-01-27,07:15:00,EDSA Quezon Ave.  Quezon City,0,0,0,0,0,0,0,0,0,0,2016-01-27 15:15,Property,14.65655357,121.0260701,Side Swipe
None,EDSA,None,None,"No Accident Factor, Rear-end, 0.0 drivers_injured, 0.0 drivers_killed, 0.0 passengers_injured, 0.0 passengers_killed, 0.0 pedestrian_injured, 0.0 pedestrian_killed, Fair (Day), EDSA Main Ave. Quezon City",MMDA Road Safety Unit,,f953760a-cdc9-487c-8394-74ea29ac8aec,2016-01-27,06:30:00,EDSA West Ave.  Quezon City,0,0,0,0,0,0,0,0,0,0,2016-01-27 14:30,Property,14.61376458,121.0537933,Rear-End
None,EDSA,None,None,"No Accident Factor, No Collision Stated (based on Police Blotter Book), 0.0 drivers_injured, 0.0 drivers_killed, 0.0 passengers_injured, 0.0 passengers_killed, 0.0 pedestrian_injured, 0.0 pedestrian_killed, Fair (Day), EDSA SM Annex (NB) Quezon City",MMDA Road Safety Unit,,f512c65a-9277-4b2b-9176-c6427af86e9c,2016-01-27,06:15:00,EDSA Kaingin Road Quezon City,0,0,0,0,0,0,0,0,0,0,2016-01-27 14:15,Property,14.65628012,121.0272074,No Collision Stated
None,EDSA,None,None,"No Accident Factor, Rear-end, 0.0 drivers_injured, 0.0 drivers_killed, 0.0 passengers_injured, 0.0 passengers_killed, 0.0 pedestrian_injured, 0.0 pedestrian_killed, Fair (Day), EDSA SM Annex (NB) Quezon City",MMDA Road Safety Unit,,b3ff5a2f-8887-4dba-9120-f9e812dfd29e,2016-01-27,05:45:00,EDSA North Road Quezon City,0,0,0,0,0,0,0,0,0,0,2016-01-27 13:45,Property,14.65628012,121.0272074,Rear-End
None,EDSA,None,None,"No Accident Factor, No Collision Stated (based on Police Blotter Book), 0.0 drivers_injured, 0.0 drivers_killed, 0.0 passengers_injured, 0.0 passengers_killed, 0.0 pedestrian_injured, 0.0 pedestrian_killed, Fair (Day), EDSA Cloverleaf Drive Quezon City",MMDA Road Safety Unit,,3c929400-2922-411e-847c-37563fdd097f,2016-01-27,05:15:00,EDSA Santolan Road Quezon City,0,0,0,0,0,0,0,0,0,0,2016-01-27 13:15,Property,14.65740144,121.0008553,No Collision Stated
None,EDSA,None,None,"No Accident Factor, Rear-end, 0.0 drivers_injured, 0.0 drivers_killed, 0.0 passengers_injured, 0.0 passengers_killed, 0.0 pedestrian_injured, 0.0 pedestrian_killed, Fair (Day), EDSA Q-Mart, E. Rodriguez Quezon City",MMDA Road Safety Unit,,2ec03a4b-0b97-4bda-8125-ebb776d012bb,2016-01-27,04:00:00,EDSA Quezon Ave. (United Church) Quezon City,0,0,0,0,0,0,0,0,0,0,2016-01-27 12:00,Property,14.62811603,121.0472822,Rear-End
None,EDSA,None,None,"No Accident Factor, Rear-end, 0.0 drivers_injured, 0.0 drivers_killed, 0.0 passengers_injured, 0.0 passengers_killed, 0.0 pedestrian_injured, 0.0 pedestrian_killed, Fair (Day), EDSA Monte De Piedad St.  Quezon City",MMDA Road Safety Unit,,22f4d062-1b31-48bf-a077-9de3d69f27f5,2016-01-27,03:30:00,EDSA New York St. Quezon City,0,0,0,0,0,0,0,0,0,0,2016-01-27 11:30,Property,14.62346937,121.0491711,Rear-End
None,EDSA,None,None,"No Accident Factor, Side Swipe, 0.0 drivers_injured, 0.0 drivers_killed, 0.0 passengers_injured, 0.0 passengers_killed, 0.0 pedestrian_injured, 0.0 pedestrian_killed, Fair (Night), EDSA Kamuning Road Quezon City",MMDA Road Safety Unit,,9899974a-8ed7-425c-9a13-19a82792f861,2016-01-26,12:45:00,EDSA Ermin Garcia St. Quezon City,0,0,0,0,0,0,0,0,0,0,2016-01-26 20:45,Property,14.63075725,121.0457548,Side Swipe
None,EDSA,None,None,"No Accident Factor, No Collision Stated (based on Police Blotter Book), 0.0 drivers_injured, 0.0 drivers_killed, 0.0 passengers_injured, 0.0 passengers_killed, 0.0 pedestrian_injured, 0.0 pedestrian_killed, Fair (Night), EDSA Main Ave. (NB) Quezon City",MMDA Road Safety Unit,,bbf23716-52e3-48d9-9945-ad43f6683cb0,2016-01-26,11:55:00,EDSA Cloverleaf Road Quezon City,0,0,0,0,0,0,0,0,0,0,2016-01-26 19:55,Property,14.61376458,121.0537933,No Collision Stated