LOCATION_TEXT,ROAD,WEATHER,LIGHT,DESC,REPORTING_AGENCY,MAIN_CAUSE,INCIDENTDETAILS_ID,DATE_UTC,TIME_UTC,ADDRESS,killed_driver,killed_passenger,killed_pedestrian,injured_driver,injured_passenger,injured_pedestrian,killed_uncategorized,injured_uncategorized,killed_total,injured_total,DATETIME_PST,SEVERITY,Y,X,COLLISION_TYPE
None,EDSA,None,None,"No Accident Factor, Side Swipe, 0.0 drivers_injured, 0.0 drivers_killed, 0.0 passengers_injured, 0.0 passengers_killed, 0.0 pedestrian_injured, 0.0 pedestrian_killed, Fair (Night), EDSA Quezon City Academy (NB) Quezon City",MMDA Road Safety Unit,,904935bd-f7c3-45ba-8a8e-fc566ed125a4,2016-01-26,10:25:00,EDSA Cloverleaf Road Quezon City,0,0,0,0,0,0,0,0,0,0,2016-01-26 18:25,Property,14.65676422,121.0256485,Side Swipe
None,EDSA,None,None,"No Accident Factor, Rear-end, 0.0 drivers_injured, 0.0 drivers_killed, 0.0 passengers_injured, 0.0 passengers_killed, 0.0 pedestrian_injured, 0.0 pedestrian_killed, Fair (Day), EDSA Main Ave. (SB) Quezon City",MMDA Road Safety Unit,,6a50d48f-40bd-4010-81c5-c6f9c27ca8ae,2016-01-26,04:25:00,EDSA Timog Ave.  Quezon City,0,0,0,0,0,0,0,0,0,0,2016-01-26 12:25,Property,14.61376458,121.0537933,Rear-End
None,EDSA,None,None,"No Accident Factor, Side Swipe, 0.0 drivers_injured, 0.0 drivers_killed, 0.0 passengers_injured, 0.0 passengers_killed, 0.0 pedestrian_injured, 0.0 pedestrian_killed, Fair (Day), EDSA San Martin De Porres Quezon City",MMDA Road Safety Unit,,425a7c8f-b104-493b-864b-8b6b239cfa3d,2016-01-26,03:25:00,EDSA E. Lopez St.  Quezon City,0,0,0,0,0,0,0,0,0,0,2016-01-26 11:25,Property,14.61806207,121.0516007,Side Swipe
None,EDSA,None,None,"No Accident Factor, Rear-end, 0.0 drivers_injured, 0.0 drivers_killed, 0.0 passengers_injured, 0.0 passengers_killed, 0.0 pedestrian_injured, 0.0 pedestrian_killed, Fair (Day), EDSA Quezon Ave. (SB) Quezon City",MMDA Road Safety Unit,,5c609245-827f-464d-af39-a015e79ae219,2016-01-26,02:55:00,EDSA Cloverleaf Road Quezon City,0,0,0,0,0,0,0,0,0,0,2016-01-26 10:55,Property,14.6442444,121.0375839,Rear-End
None,EDSA,None,None,"No Accident Factor, Rear-end, 0.0 drivers_injured, 0.0 drivers_killed, 0.0 passengers_injured, 0.0 passengers_killed, 0.0 pedestrian_injured, 0.0 pedestrian_killed, Fair (Day), EDSA SM Mall Annex (NB) Quezon City",MMDA Road Safety Unit,,4d4043e8-9623-4c12-a026-6a7bd8e8f491,2016-01-26,02:35:00,EDSA Monte De Piedad St. Quezon City,0,0,0,0,0,0,0,0,0,0,2016-01-26 10:35,Property,14.65748566,121.0224094,Rear-End
None,EDSA,None,None,"No Accident Factor, Side Swipe, 0.0 drivers_injured, 0.0 drivers_killed, 0.0 passengers_injured, 0.0 passengers_killed, 0.0 pedestrian_injured, 0.0 pedestrian_killed, Fair (Day), EDSA Monte De Piedad St.  Quezon City",MMDA Road Safety Unit,,5783af8d-ff75-4b1b-ad03-de6f351bf772,2016-01-25,23:15:00,EDSA Aurora Blvd. Quezon City,0,0,0,0,0,0,0,0,0,0,2016-01-26 7:15,Property,14.62346937,121.0491711,Side Swipe
None,EDSA,None,None,"No Accident Factor, Rear-end, 0.0 drivers_injured, 0.0 drivers_killed, 0.0 passengers_injured, 0.0 passengers_killed, 0.0 pedestrian_injured, 0.0 pedestrian_killed, Fair (Night), EDSA Aurora Blvd. Quezon City",MMDA Road Safety Unit,,98e15d9e-7adc-4776-b4ba-6afcf6c40813,2016-01-25,15:30:00,EDSA GMA-7  Quezon City,0,0,0,0,0,0,0,0,0,0,2016-01-25 23:30,Property,14.62163653,121.0501573,Rear-End
None,EDSA,None,None,"No Accident Factor, No Collision Stated (based on Police Blotter Book), 0.0 drivers_injured, 0.0 drivers_killed, 0.0 passengers_injured, 0.0 passengers_killed, 0.0 pedestrian_injured, 0.0 pedestrian_killed, Fair (Night), EDSA Station10 QCPD Quezon City",MMDA Road Safety Unit,,30963dfa-d89a-41a1-8eeb-78608dbaf4aa,2016-01-25,13:05:00,EDSA Ermin Garcia St. Quezon City,0,0,0,0,0,0,0,0,0,0,2016-01-25 21:05,Property,14.62991165,121.0461367,No Collision Stated
None,EDSA,None,None,"No Accident Factor, Rear-end, 0.0 drivers_injured, 0.0 drivers_killed, 0.0 passengers_injured, 0.0 passengers_killed, 0.0 pedestrian_injured, 0.0 pedestrian_killed, Fair (Night), EDSA Timog Ave.  Quezon City",MMDA Road Safety Unit,,39b757fb-f8f9-4375-8afb-e2b58163309c,2016-01-25,12:45:00,EDSA Mayor Ignacia Diaz St.  Quezon City,0,0,0,0,0,0,0,0,0,0,2016-01-25 20:45,Property,14.63293559,121.0446304,Rear-End
None,EDSA,None,None,"No Accident Factor, Side Swipe, 0.0 drivers_injured, 0.0 drivers_killed, 0.0 passengers_injured, 0.0 passengers_killed, 0.0 pedestrian_injured, 0.0 pedestrian_killed, Fair (Day), EDSA Gen. Mc Arthur Ave.  Quezon City",MMDA Road Safety Unit,,43943c85-f78f-420f-a76d-db0cf5330f18,2016-01-25,08:45:00,EDSA Kaingin Road Quezon City,0,0,0,0,0,0,0,0,0,0,2016-01-25 16:45,Property,14.61805145,121.0517604,Side Swipe
None,EDSA,None,None,"No Accident Factor, Hit and Run (Rear-end), 0.0 drivers_injured, 0.0 drivers_killed, 0.0 passengers_injured, 0.0 passengers_killed, 0.0 pedestrian_injured, 0.0 pedestrian_killed, Fair (Day), EDSA Whiteplains  Quezon City",MMDA Road Safety Unit,,d46d23c3-9090-45eb-82fb-ce3ef9cda3aa,2016-01-25,03:25:00,EDSA Aurora Blvd. Quezon City,0,0,0,0,0,0,0,0,0,0,2016-01-25 11:25,Property,14.59961782,121.0596522,Rear-End
None,EDSA,None,None,"No Accident Factor, Rear-end, 0.0 drivers_injured, 0.0 drivers_killed, 0.0 passengers_injured, 0.0 passengers_killed, 0.0 pedestrian_injured, 0.0 pedestrian_killed, Fair (Day), EDSA Quezon Ave. (WB) Quezon City",MMDA Road Safety Unit,,4dec08ed-ca5c-4afe-93dc-905e29059197,2016-01-25,02:05:00,EDSA Aurora Blvd. Quezon City,0,0,0,0,0,0,0,0,0,0,2016-01-25 10:05,Property,14.6442444,121.0375839,Rear-End
None,EDSA,None,None,"No Accident Factor, Side Swipe, 0.0 drivers_injured, 0.0 drivers_killed, 0.0 passengers_injured, 0.0 passengers_killed, 0.0 pedestrian_injured, 0.0 pedestrian_killed, Fair (Day), EDSA Mayor Ignacio Diaz St.  Quezon City",MMDA Road Safety Unit,,1000157a-ee96-4861-add9-394d6ec06f9a,2016-01-25,00:30:00,EDSA Kaingin Road Quezon City,0,0,0,0,0,0,0,0,0,0,2016-01-25 8:30,Property,14.61785258,121.0515682,Side Swipe
None,EDSA,None,None,"No Accident Factor, Side Swipe, 0.0 drivers_injured, 0.0 drivers_killed, 0.0 passengers_injured, 0.0 passengers_killed, 0.0 pedestrian_injured, 0.0 pedestrian_killed, Fair (Day), EDSA West Ave. Quezon City",MMDA Road Safety Unit,,32896871-66ff-4a32-8d23-086111647aff,2016-01-24,23:45:00,EDSA Nissan Motors Quezon City,0,0,0,0,0,0,0,0,0,0,2016-01-25 7:45,Property,14.65548924,121.0298079,Side Swipe
None,EDSA,None,None,"No Accident Factor, Rear-end, 0.0 drivers_injured, 0.0 drivers_killed, 0.0 passengers_injured, 0.0 passengers_killed, 0.0 pedestrian_injured, 0.0 pedestrian_killed, Fair (Night), EDSA GMA Drive ""U"" turn slot Quezon City",MMDA Road Safety Unit,,b3b7fe03-8035-43ba-b584-98f89bbbe7a9,2016-01-24,11:00:00,EDSA QCPD Station 10 Quezon City,0,0,0,0,0,0,0,0,0,0,2016-01-24 19:00,Property,14.63545103,121.0432182,Rear-End
None,EDSA,None,None,"No Accident Factor, Side Swipe, 0.0 drivers_injured, 0.0 drivers_killed, 0.0 passengers_injured, 0.0 passengers_killed, 0.0 pedestrian_injured, 0.0 pedestrian_killed, Fair (Day), EDSA Timog Ave. (SB) Quezon City",MMDA Road Safety Unit,,1559c39d-63cf-430c-8f72-39b685b05e6c,2016-01-24,08:05:00,EDSA Ermin Garcia St. Quezon City,0,0,0,0,0,0,0,0,0,0,2016-01-24 16:05,Property,14.63293559,121.0446304,Side Swipe
None,EDSA,None,None,"No Accident Factor, Side Swipe, 0.0 drivers_injured, 0.0 drivers_killed, 0.0 passengers_injured, 0.0 passengers_killed, 0.0 pedestrian_injured, 0.0 pedestrian_killed, Fair (Day), EDSA Timog Ave. Service Road (SB) Quezon City",MMDA Road Safety Unit,,b2f28539-179c-41bc-b604-abe100b6a81c,2016-01-24,07:05:00,EDSA Balintawak Market Quezon City,0,0,0,0,0,0,0,0,0,0,2016-01-24 15:05,Property,14.63293559,121.0446304,Side Swipe
None,EDSA,None,None,"No Accident Factor, Rear-end, 0.0 drivers_injured, 0.0 drivers_killed, 0.0 passengers_injured, 0.0 passengers_killed, 0.0 pedestrian_injured, 0.0 pedestrian_killed, Fair (Day), EDSA Waltermart Quezon City",MMDA Road Safety Unit,,61b63231-c848-490d-82f7-e98d864aee43,2016-01-24,02:20:00,EDSA Timog Ave.  Quezon City,0,0,0,0,0,0,0,0,0,0,2016-01-24 10:20,Property,14.6574558,121.0213579,Rear-End
None,EDSA,None,None,"No Accident Factor, Side Swipe, 0.0 drivers_injured, 0.0 drivers_killed, 0.0 passengers_injured, 0.0 passengers_killed, 0.0 pedestrian_injured, 0.0 pedestrian_killed, Fair (Day), EDSA SM Annex (NB) Quezon City",MMDA Road Safety Unit,,4a8ae624-a816-4a8b-8f21-e07b4c853b76,2016-01-23,22:35:00,EDSA Main Ave. Quezon City,0,0,0,0,0,0,0,0,0,0,2016-01-24 6:35,Property,14.65628012,121.0272074,Side Swipe
None,EDSA,None,None,"No Accident Factor, Side Swipe, 0.0 drivers_injured, 0.0 drivers_killed, 0.0 passengers_injured, 0.0 passengers_killed, 0.0 pedestrian_injured, 0.0 pedestrian_killed, Fair (Night), EDSA Toyota Motors, North Ave. Quezon City",MMDA Road Safety Unit,,c3f68d4b-c3a2-4e57-a490-b6b6b9c653fc,2016-01-23,11:05:00,EDSA Roosevelt Ave.  Quezon City,0,0,0,0,0,0,0,0,0,0,2016-01-23 19:05,Property,14.65674025,121.0250789,Side Swipe
None,EDSA,None,None,"No Accident Factor, Side Swipe, 0.0 drivers_injured, 0.0 drivers_killed, 0.0 passengers_injured, 0.0 passengers_killed, 0.0 pedestrian_injured, 0.0 pedestrian_killed, Fair (Day), EDSA Timog Ave.  Quezon City",MMDA Road Safety Unit,,61d80a57-0b0e-4f2c-a06a-36aa867bf150,2016-01-23,08:10:00,EDSA Timog Ave.  Quezon City,0,0,0,0,0,0,0,0,0,0,2016-01-23 16:10,Property,14.63293559,121.0446304,Side Swipe
None,EDSA,None,None,"No Accident Factor, Side Swipe, 0.0 drivers_injured, 0.0 drivers_killed, 0.0 passengers_injured, 0.0 passengers_killed, 0.0 pedestrian_injured, 0.0 pedestrian_killed, Fair (Day), EDSA Quezon Ave. (SB) Quezon City",MMDA Road Safety Unit,,b1337bcd-4924-445b-b7e0-51dad02d3925,2016-01-23,06:15:00,EDSA Cloverleaf Road Quezon City,0,0,0,0,0,0,0,0,0,0,2016-01-23 14:15,Property,14.6442444,121.0375839,Side Swipe
None,EDSA,None,None,"No Accident Factor, Rear-end, 0.0 drivers_injured, 0.0 drivers_killed, 0.0 passengers_injured, 0.0 passengers_killed, 0.0 pedestrian_injured, 0.0 pedestrian_killed, Fair (Day), EDSA P. Tuazon Blvd. (SB) Quezon City",MMDA Road Safety Unit,,e54b763f-5737-4cd4-ab88-67eb094f1911,2016-01-23,05:55:00,EDSA GMA-7  Quezon City,0,0,0,0,0,0,0,0,0,0,2016-01-23 13:55,Property,14.61656342,121.0525225,Rear-End
None,EDSA,None,None,"No Accident Factor, Side Swipe, 0.0 drivers_injured, 0.0 drivers_killed, 0.0 passengers_injured, 0.0 passengers_killed, 0.0 pedestrian_injured, 0.0 pedestrian_killed, Fair (Day), EDSA Royal (SB) Quezon City",MMDA Road Safety Unit,,d3a17c03-54de-48be-a761-688c6eb3f1cb,2016-01-23,05:45:00,EDSA Misamis St. Quezon City,0,0,0,0,0,0,0,0,0,0,2016-01-23 13:45,Property,14.65767141,121.0107008,Side Swipe
None,EDSA,None,None,"No Accident Factor, Side Swipe, 0.0 drivers_injured, 0.0 drivers_killed, 0.0 passengers_injured, 0.0 passengers_killed, 0.0 pedestrian_injured, 0.0 pedestrian_killed, Fair (Night), EDSA MRT Santolan (NB) Quezon City",MMDA Road Safety Unit,,7d5be37c-2f4c-4b35-bb04-43c6cb1bb681,2016-01-22,12:05:00,"EDSA Col. Bonny Serrano Ave. (Caltex Gas Station, Socorro) Quezon City",0,0,0,0,0,0,0,0,0,0,2016-01-22 20:05,Property,14.60758562,121.0564529,Side Swipe
None,EDSA,None,None,"No Accident Factor, Side Swipe, 0.0 drivers_injured, 0.0 drivers_killed, 0.0 passengers_injured, 0.0 passengers_killed, 0.0 pedestrian_injured, 0.0 pedestrian_killed, Fair (Night), EDSA MRT Santolan (NB) Quezon City",MMDA Road Safety Unit,,fe307243-16c1-4fe4-96f8-5ab0e7194797,2016-01-22,11:35:00,EDSA SM City Hall loading bay Quezon City,0,0,0,0,0,0,0,0,0,0,2016-01-22 19:35,Property,14.60758562,121.0564529,Side Swipe
None,EDSA,None,None,"No Accident Factor, Side Swipe, 0.0 drivers_injured, 0.0 drivers_killed, 0.0 passengers_injured, 0.0 passengers_killed, 0.0 pedestrian_injured, 0.0 pedestrian_killed, Fair (Night), EDSA SM North (NB) Quezon City",MMDA Road Safety Unit,,88c060d9-df59-43d9-9ce4-954eeb1b6d64,2016-01-22,11:15:00,EDSA Roosevelt Ave.  Quezon City,0,0,0,0,0,0,0,0,0,0,2016-01-22 19:15,Property,14.65645143,121.0271077,Side Swipe
None,EDSA,None,None,"No Accident Factor, No Collision Stated (based on Police Blotter Book), 1.0 drivers_injured, 0.0 drivers_killed, 0.0 passengers_injured, 0.0 passengers_killed, 0.0 pedestrian_injured, 0.0 pedestrian_killed, Fair (Day), EDSA Timog Ave. (SB) Quezon City",MMDA Road Safety Unit,,06e5eccf-cd48-4dc3-a384-33596ef6aa12,2016-01-22,09:10:00,EDSA Quezon Ave. Quezon City,0,0,0,1,0,0,0,0,0,1,2016-01-22 17:10,Injury,14.63293559,121.0446304,No Collision Stated
None,EDSA,None,None,"No Accident Factor, Side Swipe, 0.0 drivers_injured, 0.0 drivers_killed, 0.0 passengers_injured, 0.0 passengers_killed, 0.0 pedestrian_injured, 0.0 pedestrian_killed, Fair (Day), EDSA Aurora Blvd. (SB) Quezon City",MMDA Road Safety Unit,,36f21b5a-946f-4ac6-8213-e4b75fb345ea,2016-01-22,09:05:00,EDSA A. Samson  Quezon City,0,0,0,0,0,0,0,0,0,0,2016-01-22 17:05,Property,14.62151658,121.0501092,Side Swipe
None,EDSA,None,None,"No Accident Factor, Side Swipe, 0.0 drivers_injured, 0.0 drivers_killed, 0.0 passengers_injured, 0.0 passengers_killed, 0.0 pedestrian_injured, 0.0 pedestrian_killed, Fair (Day), EDSA Santolan (SB) Quezon City",MMDA Road Safety Unit,,26ca3722-a108-42fc-8fa7-c8a662e1f91e,2016-01-22,07:15:00,EDSA New York St. Quezon City,0,0,0,0,0,0,0,0,0,0,2016-01-22 15:15,Property,14.61090554,121.0550155,Side Swipe
None,EDSA,None,None,"No Accident Factor, Side Swipe, 0.0 drivers_injured, 0.0 drivers_killed, 0.0 passengers_injured, 0.0 passengers_killed, 0.0 pedestrian_injured, 0.0 pedestrian_killed, Fair (Day), EDSA SM North (NB) Quezon City",MMDA Road Safety Unit,,2a702e1d-124c-4b64-9606-3f731a04fd7d,2016-01-22,06:25:00,EDSA SM North Quezon City,0,0,0,0,0,0,0,0,0,0,2016-01-22 14:25,Property,14.65645143,121.0271077,Side Swipe
None,EDSA,None,None,"No Accident Factor, Rear-end, 0.0 drivers_injured, 0.0 drivers_killed, 0.0 passengers_injured, 0.0 passengers_killed, 0.0 pedestrian_injured, 0.0 pedestrian_killed, Fair (Day), EDSA Timog Ave.  Quezon City",MMDA Road Safety Unit,,fdb96482-4ead-49a5-8976-bc739cb94230,2016-01-22,04:30:00,"EDSA Santolan MRT Station, Camp Aguinaldo Quezon City",0,0,0,0,0,0,0,0,0,0,2016-01-22 12:30,Property,14.63293559,121.0446304,Rear-End
None,EDSA,None,None,"No Accident Factor, Rear-end, 0.0 drivers_injured, 0.0 drivers_killed, 0.0 passengers_injured, 0.0 passengers_killed, 0.0 pedestrian_injured, 0.0 pedestrian_killed, Fair (Day), EDSA Whiteplains (NB) Quezon City",MMDA Road Safety Unit,,ce1e04a3-56c2-4795-a281-d8b3200a51e6,2016-01-22,04:05:00,"EDSA Kamias Road, Pinyahan Quezon City",0,0,0,0,0,0,0,0,0,0,2016-01-22 12:05,Property,14.59961782,121.0596522,Rear-End
None,EDSA,None,None,"No Accident Factor, Rear-end, 0.0 drivers_injured, 0.0 drivers_killed, 0.0 passengers_injured, 0.0 passengers_killed, 0.0 pedestrian_injured, 0.0 pedestrian_killed, Fair (Day), EDSA GMA-7 ""U"" turn slot  Quezon City",MMDA Road Safety Unit,,87e40f72-ca21-4721-8a4d-7b6a7add52b2,2016-01-22,04:05:00,"EDSA ""U"" turn slot, R. Magsaysay Quezon City",0,0,0,0,0,0,0,0,0,0,2016-01-22 12:05,Property,14.63545103,121.0432182,Rear-End
None,EDSA,None,None,"No Accident Factor, Side Swipe, 0.0 drivers_injured, 0.0 drivers_killed, 0.0 passengers_injured, 0.0 passengers_killed, 0.0 pedestrian_injured, 0.0 pedestrian_killed, Fair (Day), EDSA Aurora Blvd. Quezon City",MMDA Road Safety Unit,,b1db76bc-d585-4ee3-9b16-9d5e316efe80,2016-01-22,03:05:00,EDSA West Ave.  Quezon City,0,0,0,0,0,0,0,0,0,0,2016-01-22 11:05,Property,14.62163653,121.0501573,Side Swipe
None,EDSA,None,None,"No Accident Factor, Rear-end, 0.0 drivers_injured, 0.0 drivers_killed, 0.0 passengers_injured, 0.0 passengers_killed, 0.0 pedestrian_injured, 0.0 pedestrian_killed, Fair (Day), EDSA Monte De Piedad St.  Quezon City",MMDA Road Safety Unit,,8c02a79d-fc27-475d-851c-4eb05bee8b1e,2016-01-22,02:30:00,EDSA Kaingin Road Quezon City,0,0,0,0,0,0,0,0,0,0,2016-01-22 10:30,Property,14.62346937,121.0491711,Rear-End
None,EDSA,None,None,"No Accident Factor, No Collision Stated (based on Police Blotter Book), 0.0 drivers_injured, 0.0 drivers_killed, 0.0 passengers_injured, 0.0 passengers_killed, 0.0 pedestrian_injured, 0.0 pedestrian_killed, Fair (Day), EDSA Solid North Terminal  Quezon City",MMDA Road Safety Unit,,03ed3d63-6449-4bd0-be75-be684975e0d3,2016-01-21,23:00:00,EDSA Santolan  Quezon City,0,0,0,0,0,0,0,0,0,0,2016-01-22 7:00,Property,14.62420023,121.0487914,No Collision Stated
None,EDSA,None,None,"No Accident Factor, Side Swipe, 0.0 drivers_injured, 0.0 drivers_killed, 0.0 passengers_injured, 0.0 passengers_killed, 0.0 pedestrian_injured, 0.0 pedestrian_killed, Fair (Night), EDSA Quezon City Academy (SB) Quezon City",MMDA Road Safety Unit,,56a10e91-f228-456b-b8f8-051670afe11a,2016-01-21,10:35:00,EDSA West Ave.  Quezon City,0,0,0,0,0,0,0,0,0,0,2016-01-21 18:35,Property,14.65676422,121.0256485,Side Swipe
None,EDSA,None,None,"No Accident Factor, No Collision Stated (based on Police Blotter Book), 0.0 drivers_injured, 0.0 drivers_killed, 0.0 passengers_injured, 0.0 passengers_killed, 0.0 pedestrian_injured, 0.0 pedestrian_killed, Fair (Day), EDSA GMA Drive  Quezon City",MMDA Road Safety Unit,,3411b16e-d364-4d35-8395-c18a1ba65209,2016-01-21,06:10:00,EDSA Corregidor St. Quezon City,0,0,0,0,0,0,0,0,0,0,2016-01-21 14:10,Property,14.63467214,121.0435714,No Collision Stated
None,EDSA,None,None,"No Accident Factor, Rear-end, 0.0 drivers_injured, 0.0 drivers_killed, 0.0 passengers_injured, 0.0 passengers_killed, 0.0 pedestrian_injured, 0.0 pedestrian_killed, Fair (Day), EDSA Shell Gas Station, Katipu Quezon City",MMDA Road Safety Unit,,05547a3e-d043-4dcf-8f00-ebfa1c7c02fb,2016-01-21,05:30:00,EDSA Shell Gas Station A. Samson Quezon City,0,0,0,0,0,0,0,0,0,0,2016-01-21 13:30,Property,14.65744481,121.0162804,Rear-End
None,EDSA,None,None,"No Accident Factor, Rear-end, 0.0 drivers_injured, 0.0 drivers_killed, 0.0 passengers_injured, 0.0 passengers_killed, 0.0 pedestrian_injured, 0.0 pedestrian_killed, Fair (Day), EDSA Santolan (NB) Quezon City",MMDA Road Safety Unit,,38cc3791-4166-42e4-b47a-d1b980003bee,2016-01-21,03:45:00,EDSA East Ave. Quezon City,0,0,0,0,0,0,0,0,0,0,2016-01-21 11:45,Property,14.61090554,121.0550155,Rear-End
None,EDSA,None,None,"No Accident Factor, Rear-end, 0.0 drivers_injured, 0.0 drivers_killed, 0.0 passengers_injured, 0.0 passengers_killed, 0.0 pedestrian_injured, 0.0 pedestrian_killed, Fair (Day), EDSA Farmers Plaza Quezon City",MMDA Road Safety Unit,,ab96f3f3-71ab-4ceb-96d1-eb3539827eaf,2016-01-21,02:00:00,"EDSA Jac Liner Bus Terminal, Pinyahan Quezon City",0,0,0,0,0,0,0,0,0,0,2016-01-21 10:00,Property,14.61920525,121.0513476,Rear-End
None,EDSA,None,None,"No Accident Factor, Side Swipe, 0.0 drivers_injured, 0.0 drivers_killed, 0.0 passengers_injured, 0.0 passengers_killed, 0.0 pedestrian_injured, 0.0 pedestrian_killed, Fair (Day), EDSA East Ave. Quezon City",MMDA Road Safety Unit,,bbfea978-ff9c-4717-a7e3-71ce75352f50,2016-01-21,00:45:00,EDSA QCPD Station 10 Quezon City,0,0,0,0,0,0,0,0,0,0,2016-01-21 8:45,Property,14.6328297,121.0451176,Side Swipe
None,EDSA,None,None,"No Accident Factor, Rear-end, 0.0 drivers_injured, 0.0 drivers_killed, 0.0 passengers_injured, 0.0 passengers_killed, 0.0 pedestrian_injured, 0.0 pedestrian_killed, Fair (Day), EDSA Arayat (SB) Quezon City",MMDA Road Safety Unit,,008cf71d-a7ed-4e0a-8236-a236b80be1f7,2016-01-20,23:05:00,"EDSA Corinthian Garden, Ugong Norte Quezon City",0,0,0,0,0,0,0,0,0,0,2016-01-21 7:05,Property,14.61961124,121.0508602,Rear-End
None,EDSA,None,None,"No Accident Factor, Rear-end, 0.0 drivers_injured, 0.0 drivers_killed, 0.0 passengers_injured, 0.0 passengers_killed, 0.0 pedestrian_injured, 0.0 pedestrian_killed, Fair (Day), EDSA Quezon Ave. Quezon City",MMDA Road Safety Unit,,eb2071b2-e019-42ef-b595-ee3bc3ff2197,2016-01-20,22:55:00,EDSA Aurora Blvd. Quezon City,0,0,0,0,0,0,0,0,0,0,2016-01-21 6:55,Property,14.6442444,121.0375839,Rear-End
None,EDSA,None,None,"No Accident Factor, Rear-end, 0.0 drivers_injured, 0.0 drivers_killed, 0.0 passengers_injured, 0.0 passengers_killed, 0.0 pedestrian_injured, 0.0 pedestrian_killed, Fair (Night), EDSA Kamuning Road Quezon City",MMDA Road Safety Unit,,31081150-7b25-4eb4-b490-69b43cad47b6,2016-01-20,17:30:00,EDSA Corinthian Garden 5 Quezon City,0,0,0,0,0,0,0,0,0,0,2016-01-21 1:30,Property,14.63075725,121.0457548,Rear-End
None,EDSA,None,None,"No Accident Factor, Hit and Run (Side Swipe), 0.0 drivers_injured, 0.0 drivers_killed, 0.0 passengers_injured, 0.0 passengers_killed, 0.0 pedestrian_injured, 0.0 pedestrian_killed, Fair (Night), EDSA East Ave. / Agham Road Quezon City",MMDA Road Safety Unit,,5addcb83-29f8-4db8-8a07-aecc0c06c2cb,2016-01-20,13:30:00,EDSA QCPD Station 10 Quezon City,0,0,0,0,0,0,0,0,0,0,2016-01-20 21:30,Property,14.6328297,121.0451176,Side Swipe
None,EDSA,None,None,"No Accident Factor, No Collision Stated (based on Police Blotter Book), 0.0 drivers_injured, 0.0 drivers_killed, 0.0 passengers_injured, 0.0 passengers_killed, 0.0 pedestrian_injured, 0.0 pedestrian_killed, Fair (Day), EDSA North Ave. Quezon City",MMDA Road Safety Unit,,c0b067d1-385d-4c1c-b8dc-7f3deee94fad,2016-01-20,07:45:00,"EDSA ""U"" turn slot, GMA-7 Quezon City",0,0,0,0,0,0,0,0,0,0,2016-01-20 15:45,Property,14.65553839,121.0299647,No Collision Stated
None,EDSA,None,None,"No Accident Factor, Side Swipe, 0.0 drivers_injured, 0.0 drivers_killed, 0.0 passengers_injured, 0.0 passengers_killed, 0.0 pedestrian_injured, 0.0 pedestrian_killed, Fair (Day), EDSA SM North (NB) Quezon City",MMDA Road Safety Unit,,8ed596e5-0ace-4b08-b35f-165ea4dd5efa,2016-01-20,07:05:00,EDSA Timog Ave.  Quezon City,0,0,0,0,0,0,0,0,0,0,2016-01-20 15:05,Property,14.65645143,121.0271077,Side Swipe
None,EDSA,None,None,"No Accident Factor, Rear-end, 0.0 drivers_injured, 0.0 drivers_killed, 0.0 passengers_injured, 0.0 passengers_killed, 0.0 pedestrian_injured, 0.0 pedestrian_killed, Fair (Day), EDSA SM North (NB) Quezon City",MMDA Road Safety Unit,,57f1f727-128f-49dd-8537-ab14b9c9aef3,2016-01-20,05:35:00,"EDSA Mercury Drugstore, West Kamias Quezon City",0,0,0,0,0,0,0,0,0,0,2016-01-20 13:35,Property,14.65645143,121.0271077,Rear-End
None,EDSA,None,None,"No Accident Factor, Side Swipe, 0.0 drivers_injured, 0.0 drivers_killed, 0.0 passengers_injured, 0.0 passengers_killed, 0.0 pedestrian_injured, 0.0 pedestrian_killed, Fair (Day), EDSA ""U"" turn slot, Toyota Bansalangin Quezon City",MMDA Road Safety Unit,,34f1b529-2950-4d41-8df4-dc987102964d,2016-01-20,05:00:00,EDSA Aurora Blvd. Quezon City,0,0,0,0,0,0,0,0,0,0,2016-01-20 13:00,Property,14.65650506,121.0261145,Side Swipe
None,EDSA,None,None,"No Accident Factor, Side Swipe, 0.0 drivers_injured, 0.0 drivers_killed, 0.0 passengers_injured, 0.0 passengers_killed, 0.0 pedestrian_injured, 0.0 pedestrian_killed, Fair (Day), EDSA Whiteplains Ave.  Quezon City",MMDA Road Safety Unit,,77625e3e-2122-406a-9ceb-3b59e1046dbe,2016-01-20,04:00:00,EDSA Ermin Garcia St. Quezon City,0,0,0,0,0,0,0,0,0,0,2016-01-20 12:00,Property,14.59961782,121.0596522,Side Swipe
None,EDSA,None,None,"No Accident Factor, Side Swipe, 0.0 drivers_injured, 0.0 drivers_killed, 0.0 passengers_injured, 0.0 passengers_killed, 0.0 pedestrian_injured, 0.0 pedestrian_killed, Fair (Day), EDSA Whiteplains Ave.  Quezon City",MMDA Road Safety Unit,,cf806e23-591c-45b6-a539-fc675e5053af,2016-01-20,04:00:00,"EDSA Trinoma ""U"" turn slot  Quezon City",0,0,0,0,0,0,0,0,0,0,2016-01-20 12:00,Property,14.59961782,121.0596522,Side Swipe
None,EDSA,None,None,"No Accident Factor, Side Swipe, 0.0 drivers_injured, 0.0 drivers_killed, 0.0 passengers_injured, 0.0 passengers_killed, 0.0 pedestrian_injured, 0.0 pedestrian_killed, Fair (Day), EDSA New York St. Quezon City",MMDA Road Safety Unit,,22e9d8c9-4009-41bc-8935-19fc4de9a63b,2016-01-20,01:40:00,EDSA Emerson Bldg.  Quezon City,0,0,0,0,0,0,0,0,0,0,2016-01-20 9:40,Property,14.62568514,121.0482307,Side Swipe