LOCATION_TEXT,ROAD,WEATHER,LIGHT,DESC,REPORTING_AGENCY,MAIN_CAUSE,INCIDENTDETAILS_ID,DATE_UTC,TIME_UTC,ADDRESS,killed_driver,killed_passenger,killed_pedestrian,injured_driver,injured_passenger,injured_pedestrian,killed_uncategorized,injured_uncategorized,killed_total,injured_total,DATETIME_PST,SEVERITY,Y,X,COLLISION_TYPE
None,EDSA,None,None,"No Accident Factor, Rear-end, 0.0 drivers_injured, 0.0 drivers_killed, 0.0 passengers_injured, 0.0 passengers_killed, 0.0 pedestrian_injured, 0.0 pedestrian_killed, Fair (Day), EDSA Farmers (NB) Quezon City",MMDA Road Safety Unit,,937bb270-da3e-46ab-b7df-1adc33902287,2016-01-20,01:35:00,EDSA Aurora Blvd. Quezon City,0,0,0,0,0,0,0,0,0,0,2016-01-20 9:35,Property,14.61920525,121.0513476,Rear-End
None,EDSA,None,None,"No Accident Factor, Side Swipe, 0.0 drivers_injured, 0.0 drivers_killed, 0.0 passengers_injured, 0.0 passengers_killed, 0.0 pedestrian_injured, 0.0 pedestrian_killed, Fair (Day), EDSA Whiteplains Ave.  Quezon City",MMDA Road Safety Unit,,8547ba42-03c4-4fd1-ae8e-2b25ec437e5d,2016-01-19,07:00:00,EDSA E. Lopez St.  Quezon City,0,0,0,0,0,0,0,0,0,0,2016-01-19 15:00,Property,14.59961782,121.0596522,Side Swipe
None,EDSA,None,None,"No Accident Factor, Side Swipe, 0.0 drivers_injured, 0.0 drivers_killed, 0.0 passengers_injured, 0.0 passengers_killed, 0.0 pedestrian_injured, 0.0 pedestrian_killed, Fair (Day), EDSA GMA Network Drive  Quezon City",MMDA Road Safety Unit,,3df61e7c-aeb4-4460-b86f-85e84478749f,2016-01-19,06:55:00,EDSA Ortigas Ave. Quezon City,0,0,0,0,0,0,0,0,0,0,2016-01-19 14:55,Property,14.63467214,121.0435714,Side Swipe
None,EDSA,None,None,"No Accident Factor, No Collision Stated (based on Police Blotter Book), 0.0 drivers_injured, 0.0 drivers_killed, 0.0 passengers_injured, 0.0 passengers_killed, 0.0 pedestrian_injured, 0.0 pedestrian_killed, Fair (Day), EDSA Monte De Piedad St.  Quezon City",MMDA Road Safety Unit,,ed3d54cf-2014-4be3-bcaa-6d7e1fef7de6,2016-01-19,03:25:00,EDSA Aurora Blvd. Quezon City,0,0,0,0,0,0,0,0,0,0,2016-01-19 11:25,Property,14.62346937,121.0491711,No Collision Stated
None,EDSA,None,None,"No Accident Factor, Angle Impact, 0.0 drivers_injured, 0.0 drivers_killed, 0.0 passengers_injured, 0.0 passengers_killed, 0.0 pedestrian_injured, 0.0 pedestrian_killed, Fair (Day), EDSA P. Tuazon Blvd. Quezon City",MMDA Road Safety Unit,,98ec82d9-0d0d-4213-9526-a628a85acacf,2016-01-19,02:40:00,EDSA Mindanao Ave. Ext. Quezon City,0,0,0,0,0,0,0,0,0,0,2016-01-19 10:40,Property,14.61656342,121.0525225,Angle Impact
None,EDSA,None,None,"No Accident Factor, Rear-end, 0.0 drivers_injured, 0.0 drivers_killed, 0.0 passengers_injured, 0.0 passengers_killed, 0.0 pedestrian_injured, 0.0 pedestrian_killed, Fair (Night), EDSA Cloverleaf Road, Balintawak Quezon City",MMDA Road Safety Unit,,f3d1ef74-4ee4-4020-ab78-0187cbd6335d,2016-01-18,11:15:00,EDSA QCPD Station 10 Quezon City,0,0,0,0,0,0,0,0,0,0,2016-01-18 19:15,Property,14.65747901,121.0011914,Rear-End
None,EDSA,None,None,"No Accident Factor, Side Swipe, 0.0 drivers_injured, 0.0 drivers_killed, 0.0 passengers_injured, 0.0 passengers_killed, 0.0 pedestrian_injured, 0.0 pedestrian_killed, Fair (Day), EDSA Five Star Bus Terminal, E. Rodriguez Quezon City",MMDA Road Safety Unit,,8bd5b91c-5c6b-4195-b7cf-d0fa545771f3,2016-01-18,06:00:00,"EDSA Ermin Garcia St. (Nepa Q-Mart, E. Rodriguez) Quezon City",0,0,0,0,0,0,0,0,0,0,2016-01-18 14:00,Property,14.62375691,121.0492447,Side Swipe
None,EDSA,None,None,"No Accident Factor, Side Swipe, 1.0 drivers_injured, 0.0 drivers_killed, 0.0 passengers_injured, 0.0 passengers_killed, 0.0 pedestrian_injured, 0.0 pedestrian_killed, Fair (Day), EDSA A. De Jesus St. (NB) Quezon City",MMDA Road Safety Unit,,e23462c0-2e79-4864-8b3f-1a2a36744412,2016-01-18,04:35:00,EDSA Timog Ave.  Quezon City,0,0,0,1,0,0,0,0,0,1,2016-01-18 12:35,Injury,14.65722486,120.9904471,Side Swipe
None,EDSA,None,None,"No Accident Factor, Rear-end, 0.0 drivers_injured, 0.0 drivers_killed, 0.0 passengers_injured, 0.0 passengers_killed, 0.0 pedestrian_injured, 0.0 pedestrian_killed, Fair (Day), EDSA ""U"" turn slot (SB), Quezon Ave.  Quezon City",MMDA Road Safety Unit,,512df702-a804-47c5-a03c-30a4ff62b5f2,2016-01-18,03:45:00,EDSA K-3rd St.  Quezon City,0,0,0,0,0,0,0,0,0,0,2016-01-18 11:45,Property,14.64519102,121.0368548,Rear-End
None,EDSA,None,None,"No Accident Factor, Rear-end, 0.0 drivers_injured, 0.0 drivers_killed, 0.0 passengers_injured, 0.0 passengers_killed, 0.0 pedestrian_injured, 0.0 pedestrian_killed, Fair (Day), EDSA Quezon Ave. (NB) Quezon City",MMDA Road Safety Unit,,73ebd209-2747-4d65-9a17-8ab29a6fa236,2016-01-18,02:05:00,EDSA Camp Aguinaldo Quezon City,0,0,0,0,0,0,0,0,0,0,2016-01-18 10:05,Property,14.6442444,121.0375839,Rear-End
None,EDSA,None,None,"No Accident Factor, Side Swipe, 0.0 drivers_injured, 0.0 drivers_killed, 0.0 passengers_injured, 0.0 passengers_killed, 0.0 pedestrian_injured, 0.0 pedestrian_killed, Fair (Day), EDSA Cloverleaf Road Quezon City",MMDA Road Safety Unit,,fdceb958-03f4-4826-8c13-eb8c652bc560,2016-01-18,01:35:00,EDSA White Plains Ave.  Quezon City,0,0,0,0,0,0,0,0,0,0,2016-01-18 9:35,Property,14.65747901,121.0011914,Side Swipe
None,EDSA,None,None,"No Accident Factor, Side Swipe, 0.0 drivers_injured, 0.0 drivers_killed, 0.0 passengers_injured, 0.0 passengers_killed, 0.0 pedestrian_injured, 0.0 pedestrian_killed, Fair (Day), EDSA Baliwag Transit Bus Station, E. Rodriguez Quezon City",MMDA Road Safety Unit,,20014d29-d0c3-487f-b379-06f6f6b4f03c,2016-01-17,08:00:00,EDSA SM North Bus Bay Quezon City,0,0,0,0,0,0,0,0,0,0,2016-01-17 16:00,Property,14.6244766,121.0489584,Side Swipe
None,EDSA,None,None,"No Accident Factor, No Collision Stated (based on Police Blotter Book), 1.0 drivers_injured, 0.0 drivers_killed, 0.0 passengers_injured, 0.0 passengers_killed, 0.0 pedestrian_injured, 0.0 pedestrian_killed, Fair (Day), EDSA Col. Bonny Serrano Ave. Intesection Quezon City",MMDA Road Safety Unit,,0a811f59-0cc3-4e7e-bb11-862fe237788a,2016-01-17,07:05:00,EDSA Panay Ave. Quezon City,0,0,0,1,0,0,0,0,0,1,2016-01-17 15:05,Injury,14.61107337,121.0550705,No Collision Stated
None,EDSA,None,None,"No Accident Factor, No Collision Stated (based on Police Blotter Book), 1.0 drivers_injured, 0.0 drivers_killed, 0.0 passengers_injured, 0.0 passengers_killed, 0.0 pedestrian_injured, 0.0 pedestrian_killed, Fair (Day), EDSA Col. Bonny Serrano Ave. Intersection Quezon City",MMDA Road Safety Unit,,b2f62003-7254-4a8d-8110-fa8abc2d81d6,2016-01-17,07:05:00,"EDSA Whiteplains, Camp Aguinaldo Quezon City",0,0,0,1,0,0,0,0,0,1,2016-01-17 15:05,Injury,14.61107337,121.0550705,No Collision Stated
None,EDSA,None,None,"No Accident Factor, Side Swipe, 0.0 drivers_injured, 0.0 drivers_killed, 0.0 passengers_injured, 0.0 passengers_killed, 0.0 pedestrian_injured, 0.0 pedestrian_killed, Fair (Day), EDSA Baliwag Transit Bus Station, E. Rodriguez Quezon City",MMDA Road Safety Unit,,3a690fd8-bc2b-4e76-a284-ca20b0097e20,2016-01-17,06:40:00,"EDSA NIA Road (Shell Gas Station, Central) Quezon City",0,0,0,0,0,0,0,0,0,0,2016-01-17 14:40,Property,14.6244766,121.0489584,Side Swipe
None,EDSA,None,None,"No Accident Factor, Angle Impact, 0.0 drivers_injured, 0.0 drivers_killed, 0.0 passengers_injured, 0.0 passengers_killed, 0.0 pedestrian_injured, 0.0 pedestrian_killed, Fair (Day), EDSA East Ave. Quezon City",MMDA Road Safety Unit,,804193b3-ecc5-4388-ba01-b3acea066b78,2016-01-17,04:30:00,EDSA Camp Aguinaldo Quezon City,0,0,0,0,0,0,0,0,0,0,2016-01-17 12:30,Property,14.6328297,121.0451176,Angle Impact
None,EDSA,None,None,"No Accident Factor, Side Swipe, 0.0 drivers_injured, 0.0 drivers_killed, 0.0 passengers_injured, 0.0 passengers_killed, 0.0 pedestrian_injured, 0.0 pedestrian_killed, Fair (Day), EDSA K-3rd St.  Quezon City",MMDA Road Safety Unit,,ec77603f-a412-4612-9acc-65f11c3bc7e3,2016-01-16,04:00:00,EDSA Aurora Blvd. Quezon City,0,0,0,0,0,0,0,0,0,0,2016-01-16 12:00,Property,14.62942357,121.0463854,Side Swipe
None,EDSA,None,None,"No Accident Factor, Hit and Run (Side Swipe), 0.0 drivers_injured, 0.0 drivers_killed, 0.0 passengers_injured, 0.0 passengers_killed, 0.0 pedestrian_injured, 0.0 pedestrian_killed, Fair (Day), EDSA East Ave. Quezon City",MMDA Road Safety Unit,,7ea428d6-531f-4a5a-b259-e681a6635545,2016-01-15,22:10:00,EDSA SM Annex Mall Quezon City,0,0,0,0,0,0,0,0,0,0,2016-01-16 6:10,Property,14.6328297,121.0451176,Side Swipe
None,EDSA,None,None,"No Accident Factor, Rear-end, 0.0 drivers_injured, 0.0 drivers_killed, 0.0 passengers_injured, 0.0 passengers_killed, 0.0 pedestrian_injured, 0.0 pedestrian_killed, Fair (Night), EDSA New York St. Quezon City",MMDA Road Safety Unit,,b266fcb9-4258-41b9-a284-a6c0b53c044e,2016-01-15,20:20:00,"EDSA Ortigas Ave. (Robinsons Galleria, Ugong Norte) Quezon City",0,0,0,0,0,0,0,0,0,0,2016-01-16 4:20,Property,14.62568514,121.0482307,Rear-End
None,EDSA,None,None,"No Accident Factor, Side Swipe, 0.0 drivers_injured, 0.0 drivers_killed, 0.0 passengers_injured, 0.0 passengers_killed, 0.0 pedestrian_injured, 0.0 pedestrian_killed, Fair (Night), EDSA Cloverleaf Quezon City",MMDA Road Safety Unit,,ee2df87c-97d0-4993-8d3c-849db43c33c8,2016-01-15,15:25:00,"EDSA ""U"" turn slot, Quezon Ave. Quezon City",0,0,0,0,0,0,0,0,0,0,2016-01-15 23:25,Property,14.65747901,121.0011914,Side Swipe
None,EDSA,None,None,"No Accident Factor, No Collision Stated (based on Police Blotter Book), 0.0 drivers_injured, 0.0 drivers_killed, 0.0 passengers_injured, 0.0 passengers_killed, 0.0 pedestrian_injured, 0.0 pedestrian_killed, Fair (Night), EDSA ""U"" turn slot, Bagong Pag-asa Quezon City",MMDA Road Safety Unit,,4f74a5ec-1d24-4316-9a93-ca091c460872,2016-01-15,10:15:00,EDSA Roosevelt Ave.  Quezon City,0,0,0,0,0,0,0,0,0,0,2016-01-15 18:15,Property,14.65652754,121.0260743,No Collision Stated
None,EDSA,None,None,"No Accident Factor, Side Swipe, 0.0 drivers_injured, 0.0 drivers_killed, 0.0 passengers_injured, 0.0 passengers_killed, 0.0 pedestrian_injured, 0.0 pedestrian_killed, Fair (Day), EDSA Timog Ave. (EB) Quezon City",MMDA Road Safety Unit,,f937f13a-9ad1-44bc-b81f-393aa7ca9495,2016-01-15,09:05:00,EDSA Ermin Garcia St. Quezon City,0,0,0,0,0,0,0,0,0,0,2016-01-15 17:05,Property,14.63293559,121.0446304,Side Swipe
None,EDSA,None,None,"No Accident Factor, Side Swipe, 0.0 drivers_injured, 0.0 drivers_killed, 0.0 passengers_injured, 0.0 passengers_killed, 0.0 pedestrian_injured, 0.0 pedestrian_killed, Fair (Day), EDSA Aurora Blvd. (EB) Quezon City",MMDA Road Safety Unit,,85986112-5c76-447d-85c4-921169179e7c,2016-01-15,08:50:00,EDSA Misamis St. Quezon City,0,0,0,0,0,0,0,0,0,0,2016-01-15 16:50,Property,14.62151658,121.0501092,Side Swipe
None,EDSA,None,None,"No Accident Factor, Side Swipe, 0.0 drivers_injured, 0.0 drivers_killed, 0.0 passengers_injured, 0.0 passengers_killed, 0.0 pedestrian_injured, 0.0 pedestrian_killed, Fair (Day), EDSA East Ave. Quezon City",MMDA Road Safety Unit,,7ff2cd9b-505b-4962-aefa-39e04b5df0e0,2016-01-15,06:00:00,EDSA Arayat St. Quezon City,0,0,0,0,0,0,0,0,0,0,2016-01-15 14:00,Property,14.6328297,121.0451176,Side Swipe
None,EDSA,None,None,"No Accident Factor, Rear-end, 0.0 drivers_injured, 0.0 drivers_killed, 0.0 passengers_injured, 0.0 passengers_killed, 0.0 pedestrian_injured, 0.0 pedestrian_killed, Fair (Day), EDSA Monte de Piedad St. (SB) Quezon City",MMDA Road Safety Unit,,efaf25bc-a9de-421f-8d20-a5a77ab8ad9a,2016-01-15,00:15:00,"EDSA Whiteplains Ave., Ugong Norte Quezon City",0,0,0,0,0,0,0,0,0,0,2016-01-15 8:15,Property,14.62346937,121.0491711,Rear-End
None,EDSA,None,None,"No Accident Factor, Rear-end, 0.0 drivers_injured, 0.0 drivers_killed, 0.0 passengers_injured, 0.0 passengers_killed, 0.0 pedestrian_injured, 0.0 pedestrian_killed, Fair (Day), EDSA Quezon Ave. (NB) Quezon City",MMDA Road Safety Unit,,bafb84b3-704e-440a-acf1-401aa8526392,2016-01-14,23:05:00,EDSA Cloverleaf Road Quezon City,0,0,0,0,0,0,0,0,0,0,2016-01-15 7:05,Property,14.6442444,121.0375839,Rear-End
None,EDSA,None,None,"No Accident Factor, No Collision Stated (based on Police Blotter Book), 0.0 drivers_injured, 0.0 drivers_killed, 1.0 passengers_injured, 0.0 passengers_killed, 0.0 pedestrian_injured, 0.0 pedestrian_killed, Fair (Day), EDSA ""U"" turn slot (SB), Santolan  Quezon City",MMDA Road Safety Unit,,caa06adf-3e06-449f-bdfb-1086666e0633,2016-01-14,07:30:00,EDSA Royale Bus Stop  Quezon City,0,0,0,0,1,0,0,0,0,1,2016-01-14 15:30,Injury,14.61047739,121.0552832,No Collision Stated
None,EDSA,None,None,"No Accident Factor, Side Swipe, 0.0 drivers_injured, 0.0 drivers_killed, 0.0 passengers_injured, 0.0 passengers_killed, 0.0 pedestrian_injured, 0.0 pedestrian_killed, Fair (Day), EDSA Whiteplains Ave. (People Power Shrine, Camp Aguinaldo) Quezon City",MMDA Road Safety Unit,,40f98221-088b-434d-8728-8e7c6664e04b,2016-01-14,07:30:00,EDSA Balintawak Market Quezon City,0,0,0,0,0,0,0,0,0,0,2016-01-14 15:30,Property,14.59961782,121.0596522,Side Swipe
None,EDSA,None,None,"No Accident Factor, Rear-end, 0.0 drivers_injured, 0.0 drivers_killed, 0.0 passengers_injured, 0.0 passengers_killed, 0.0 pedestrian_injured, 0.0 pedestrian_killed, Fair (Day), EDSA Aurora Blvd. Quezon City",MMDA Road Safety Unit,,6a8b5a58-4276-4de7-8c7b-1037737cccff,2016-01-14,05:35:00,EDSA Kamuning Road Quezon City,0,0,0,0,0,0,0,0,0,0,2016-01-14 13:35,Property,14.62163653,121.0501573,Rear-End
None,EDSA,None,None,"No Accident Factor, Rear-end, 0.0 drivers_injured, 0.0 drivers_killed, 0.0 passengers_injured, 0.0 passengers_killed, 0.0 pedestrian_injured, 0.0 pedestrian_killed, Fair (Day), EDSA Aurora Blvd. Quezon City",MMDA Road Safety Unit,,04046e4d-16c2-4d59-a78d-8434b377cc74,2016-01-14,04:30:00,"EDSA ""U"" turn slot, Bagong Pag-asa Quezon City",0,0,0,0,0,0,0,0,0,0,2016-01-14 12:30,Property,14.62163653,121.0501573,Rear-End
None,EDSA,None,None,"No Accident Factor, Rear-end, 0.0 drivers_injured, 0.0 drivers_killed, 0.0 passengers_injured, 0.0 passengers_killed, 0.0 pedestrian_injured, 0.0 pedestrian_killed, Fair (Day), EDSA Kaingin Road Quezon City",MMDA Road Safety Unit,,7a0b10f7-020b-4041-aef3-25319eae508e,2016-01-14,03:40:00,EDSA Kaingin Road Quezon City,0,0,0,0,0,0,0,0,0,0,2016-01-14 11:40,Property,14.65746493,121.0109963,Rear-End
None,EDSA,None,None,"No Accident Factor, Side Swipe, 0.0 drivers_injured, 0.0 drivers_killed, 0.0 passengers_injured, 0.0 passengers_killed, 0.0 pedestrian_injured, 0.0 pedestrian_killed, Fair (Day), EDSA JAM Liner Quezon City",MMDA Road Safety Unit,,2be83e40-c497-4dbc-8386-30b8946425f9,2016-01-14,00:15:00,EDSA Quezon Ave.  Quezon City,0,0,0,0,0,0,0,0,0,0,2016-01-14 8:15,Property,14.63113373,121.0455992,Side Swipe
None,EDSA,None,None,"No Accident Factor, Self-Accident (Slided), 0.0 drivers_injured, 0.0 drivers_killed, 0.0 passengers_injured, 0.0 passengers_killed, 0.0 pedestrian_injured, 0.0 pedestrian_killed, Fair (Day), EDSA West Ave. Quezon City",MMDA Road Safety Unit,,405979db-5d0b-49e1-9314-37a0f08e4642,2016-01-13,22:25:00,EDSA South Road Quezon City,0,0,0,0,0,0,0,0,0,0,2016-01-14 6:25,Property,14.65548924,121.0298079,Self-Accident
None,EDSA,None,None,"No Accident Factor, Side Swipe, 0.0 drivers_injured, 0.0 drivers_killed, 0.0 passengers_injured, 0.0 passengers_killed, 0.0 pedestrian_injured, 0.0 pedestrian_killed, Fair (Night), EDSA ""U"" turn slot, MRT Station  Quezon City",MMDA Road Safety Unit,,81702efa-68b6-484c-9762-231993a4a7ba,2016-01-13,21:30:00,EDSA North Road Quezon City,0,0,0,0,0,0,0,0,0,0,2016-01-14 5:30,Property,14.65358965,121.0313672,Side Swipe
None,EDSA,None,None,"No Accident Factor, Side Swipe, 0.0 drivers_injured, 0.0 drivers_killed, 0.0 passengers_injured, 0.0 passengers_killed, 0.0 pedestrian_injured, 0.0 pedestrian_killed, Fair (Night), EDSA OP/UP, A. Bonifacio Ave.  Quezon City",MMDA Road Safety Unit,,debc0541-4046-467e-8d7a-45449962e856,2016-01-13,12:30:00,"EDSA Aurora Blvd., Socorro Quezon City",0,0,0,0,0,0,0,0,0,0,2016-01-13 20:30,Property,14.65736015,121.002298,Side Swipe
None,EDSA,None,None,"No Accident Factor, Rear-end, 0.0 drivers_injured, 0.0 drivers_killed, 0.0 passengers_injured, 0.0 passengers_killed, 0.0 pedestrian_injured, 0.0 pedestrian_killed, Fair (Day), EDSA E. Garcia St. (NB) Quezon City",MMDA Road Safety Unit,,0f387b45-a154-462c-be3e-6854687c2da0,2016-01-12,23:05:00,EDSA Camp Aguinaldo Quezon City,0,0,0,0,0,0,0,0,0,0,2016-01-13 7:05,Property,14.62742033,121.0475769,Rear-End
None,EDSA,None,None,"No Accident Factor, Rear-end, 0.0 drivers_injured, 0.0 drivers_killed, 0.0 passengers_injured, 0.0 passengers_killed, 0.0 pedestrian_injured, 0.0 pedestrian_killed, Fair (Day), EDSA ""U"" turn slot (SB), Quezon Ave. (DILG)  Quezon City",MMDA Road Safety Unit,,31abc65b-e9be-4d63-9502-2d92f0f59e81,2016-01-12,22:35:00,"EDSA Jac Liner Bus Terminal, Pinyahan Quezon City",0,0,0,0,0,0,0,0,0,0,2016-01-13 6:35,Property,14.64519102,121.0368548,Rear-End
None,EDSA,None,None,"No Accident Factor, No Collision Stated (based on Police Blotter Book), 1.0 drivers_injured, 0.0 drivers_killed, 0.0 passengers_injured, 0.0 passengers_killed, 0.0 pedestrian_injured, 0.0 pedestrian_killed, Fair (Night), EDSA Kamias Road (NB) Intersection Quezon City",MMDA Road Safety Unit,,5ecf1c72-cd26-4fe0-84d3-1399d13e7c9e,2016-01-12,13:15:00,"EDSA SM Mall North, Pag-Asa Quezon City",0,0,0,1,0,0,0,0,0,1,2016-01-12 21:15,Injury,14.6309142,121.0459376,No Collision Stated
None,EDSA,None,None,"No Accident Factor, No Collision Stated (based on Police Blotter Book), 0.0 drivers_injured, 0.0 drivers_killed, 0.0 passengers_injured, 0.0 passengers_killed, 0.0 pedestrian_injured, 0.0 pedestrian_killed, Fair (Night), EDSA E. Garcia St.  Quezon City",MMDA Road Safety Unit,,fd3c96e4-8f32-4922-a6e2-ce624c5612f2,2016-01-12,10:20:00,EDSA Kaingin Road Quezon City,0,0,0,0,0,0,0,0,0,0,2016-01-12 18:20,Property,14.62742033,121.0475769,No Collision Stated
None,EDSA,None,None,"No Accident Factor, Rear-end, 0.0 drivers_injured, 0.0 drivers_killed, 0.0 passengers_injured, 0.0 passengers_killed, 0.0 pedestrian_injured, 0.0 pedestrian_killed, Fair (Day), EDSA Oliveros St.  Quezon City",MMDA Road Safety Unit,,a11bec5a-ae0e-495f-b2de-f51eb4551f2c,2016-01-12,08:30:00,EDSA Kaingin Road Quezon City,0,0,0,0,0,0,0,0,0,0,2016-01-12 16:30,Property,14.65762799,121.0065288,Rear-End
None,EDSA,None,None,"No Accident Factor, Multiple Collision, 0.0 drivers_injured, 0.0 drivers_killed, 0.0 passengers_injured, 0.0 passengers_killed, 0.0 pedestrian_injured, 0.0 pedestrian_killed, Fair (Night), EDSA Quezon Ave. (EB) Intersection Quezon City",MMDA Road Safety Unit,,c67219f6-b468-4fa1-b0c2-9224fe34096f,2016-01-11,12:25:00,EDSA Kaingin Road Quezon City,0,0,0,0,0,0,0,0,0,0,2016-01-11 20:25,Property,14.6442444,121.0375839,Multiple
None,EDSA,None,None,"No Accident Factor, No Collision Stated (based on Police Blotter Book), 0.0 drivers_injured, 0.0 drivers_killed, 0.0 passengers_injured, 0.0 passengers_killed, 0.0 pedestrian_injured, 0.0 pedestrian_killed, Fair (Night), EDSA Ortigas Ave. Quezon City",MMDA Road Safety Unit,,3e521494-6908-49a5-905b-068231465cc6,2016-01-11,10:30:00,"EDSA ""U"" turn slot, R. Magsaysay Quezon City",0,0,0,0,0,0,0,0,0,0,2016-01-11 18:30,Property,14.59335253,121.0584107,No Collision Stated
None,EDSA,None,None,"No Accident Factor, Rear-end, 0.0 drivers_injured, 0.0 drivers_killed, 0.0 passengers_injured, 0.0 passengers_killed, 0.0 pedestrian_injured, 0.0 pedestrian_killed, Fair (Night), EDSA New York St. (NB) Quezon City",MMDA Road Safety Unit,,613cc27a-c1be-4275-8665-eac1095683f6,2016-01-10,15:05:00,EDSA Cloverleaf Road Quezon City,0,0,0,0,0,0,0,0,0,0,2016-01-10 23:05,Property,14.62568514,121.0482307,Rear-End
None,EDSA,None,None,"No Accident Factor, Rear-end, 0.0 drivers_injured, 0.0 drivers_killed, 0.0 passengers_injured, 0.0 passengers_killed, 0.0 pedestrian_injured, 0.0 pedestrian_killed, Fair (Day), EDSA Timog Ave.  Quezon City",MMDA Road Safety Unit,,0fa5d593-5b51-42fa-8c08-905a5c910da1,2016-01-10,07:15:00,EDSA Quezon Ave.  Quezon City,0,0,0,0,0,0,0,0,0,0,2016-01-10 15:15,Property,14.63293559,121.0446304,Rear-End
None,EDSA,None,None,"No Accident Factor, No Collision Stated (based on Police Blotter Book), 0.0 drivers_injured, 0.0 drivers_killed, 0.0 passengers_injured, 0.0 passengers_killed, 0.0 pedestrian_injured, 0.0 pedestrian_killed, Fair (Night), EDSA Quezon Ave., Pagasa Quezon City",MMDA Road Safety Unit,,494f10e1-dda7-44dc-aced-fd5c25bd414d,2016-01-09,21:00:00,"EDSA Baliwag Liner Bus Terminal, Cubao Quezon City",0,0,0,0,0,0,0,0,0,0,2016-01-10 5:00,Property,14.6442444,121.0375839,No Collision Stated
None,EDSA,None,None,"No Accident Factor, Rear-end, 0.0 drivers_injured, 0.0 drivers_killed, 0.0 passengers_injured, 0.0 passengers_killed, 0.0 pedestrian_injured, 0.0 pedestrian_killed, Fair (Night), EDSA Ortigas Ave. Quezon City",MMDA Road Safety Unit,,54fac83e-4652-4fc0-9397-04767be2bdee,2016-01-09,15:40:00,EDSA West Ave.  Quezon City,0,0,0,0,0,0,0,0,0,0,2016-01-09 23:40,Property,14.59335253,121.0584107,Rear-End
None,EDSA,None,None,"No Accident Factor, No Collision Stated (based on Police Blotter Book), 0.0 drivers_injured, 0.0 drivers_killed, 0.0 passengers_injured, 0.0 passengers_killed, 0.0 pedestrian_injured, 0.0 pedestrian_killed, Fair (Night), EDSA Roosevelt, Katipu Quezon City",MMDA Road Safety Unit,,7f8a0d89-6385-4190-b09c-be34678c05b9,2016-01-09,10:30:00,"EDSA Mapagmahal St., Pinyahan Quezon City",0,0,0,0,0,0,0,0,0,0,2016-01-09 18:30,Property,14.65762047,121.0196373,No Collision Stated
None,EDSA,None,None,"No Accident Factor, No Collision Stated (based on Police Blotter Book), 0.0 drivers_injured, 0.0 drivers_killed, 0.0 passengers_injured, 0.0 passengers_killed, 0.0 pedestrian_injured, 0.0 pedestrian_killed, Fair (Day), EDSA P. Tuazon Blvd. Quezon City",MMDA Road Safety Unit,,6cdf848b-6b9a-45f0-9fc7-d9df5f36a9e3,2016-01-09,09:15:00,EDSA East Ave. Quezon City,0,0,0,0,0,0,0,0,0,0,2016-01-09 17:15,Property,14.61656342,121.0525225,No Collision Stated
None,EDSA,None,None,"No Accident Factor, Rear-end, 0.0 drivers_injured, 0.0 drivers_killed, 0.0 passengers_injured, 0.0 passengers_killed, 0.0 pedestrian_injured, 0.0 pedestrian_killed, Fair (Day), EDSA Kamias Road Quezon City",MMDA Road Safety Unit,,a8334028-a021-4a61-9084-c894202ea0c6,2016-01-09,04:30:00,EDSA A. Samson Road Quezon City,0,0,0,0,0,0,0,0,0,0,2016-01-09 12:30,Property,14.6309142,121.0459376,Rear-End
None,EDSA,None,None,"No Accident Factor, Rear-end, 0.0 drivers_injured, 0.0 drivers_killed, 0.0 passengers_injured, 0.0 passengers_killed, 0.0 pedestrian_injured, 0.0 pedestrian_killed, Fair (Day), EDSA Santolan MRT Station (Camp Panopio) Quezon City",MMDA Road Safety Unit,,bde7e4f1-a48d-4dfc-8304-5cd082e6fe27,2016-01-09,03:00:00,EDSA Cloverleaf Road Quezon City,0,0,0,0,0,0,0,0,0,0,2016-01-09 11:00,Property,14.60773988,121.0564577,Rear-End
None,EDSA,None,None,"No Accident Factor, Rear-end, 0.0 drivers_injured, 0.0 drivers_killed, 0.0 passengers_injured, 0.0 passengers_killed, 0.0 pedestrian_injured, 0.0 pedestrian_killed, Fair (Day), EDSA Aurora Blvd. Quezon City",MMDA Road Safety Unit,,02ab7f81-f377-4f15-83de-85b30b16bea6,2016-01-08,23:20:00,EDSA Scout Borromeo St.  Quezon City,0,0,0,0,0,0,0,0,0,0,2016-01-09 7:20,Property,14.62163653,121.0501573,Rear-End
None,EDSA,None,None,"No Accident Factor, Hit and Run (No Collision Stated), 0.0 drivers_injured, 0.0 drivers_killed, 0.0 passengers_injured, 0.0 passengers_killed, 0.0 pedestrian_injured, 0.0 pedestrian_killed, Fair (Day), EDSA GMA 7, Pinyahan Quezon City",MMDA Road Safety Unit,,67447a16-0e23-4b2f-aa9d-3941c7062b35,2016-01-08,07:45:00,"EDSA SM Mall North, Bagong Pag-Asa Quezon City",0,0,0,0,0,0,0,0,0,0,2016-01-08 15:45,Property,14.63467214,121.0435714,No Collision Stated