LOCATION_TEXT,ROAD,WEATHER,LIGHT,DESC,REPORTING_AGENCY,MAIN_CAUSE,INCIDENTDETAILS_ID,DATE_UTC,TIME_UTC,ADDRESS,killed_driver,killed_passenger,killed_pedestrian,injured_driver,injured_passenger,injured_pedestrian,killed_uncategorized,injured_uncategorized,killed_total,injured_total,DATETIME_PST,SEVERITY,Y,X,COLLISION_TYPE
None,EDSA,None,None,"No Accident Factor, No Collision Stated (based on Police Blotter Book), 0.0 drivers_injured, 0.0 drivers_killed, 0.0 passengers_injured, 0.0 passengers_killed, 0.0 pedestrian_injured, 0.0 pedestrian_killed, Fair (Day), EDSA Philam Quezon City",MMDA Road Safety Unit,,0289640c-76e9-48d2-a257-af676daf914b,2016-01-08,02:30:00,EDSA Arayat St. Quezon City,0,0,0,0,0,0,0,0,0,0,2016-01-08 10:30,Property,14.65280875,121.0317622,No Collision Stated
None,EDSA,None,None,"No Accident Factor, No Collision Stated (based on Police Blotter Book), 0.0 drivers_injured, 0.0 drivers_killed, 0.0 passengers_injured, 0.0 passengers_killed, 0.0 pedestrian_injured, 0.0 pedestrian_killed, Fair (Day), EDSA Congressional Ave., Katipu Quezon City",MMDA Road Safety Unit,,910f889c-6da6-4cd5-97ba-e56c226d1fc9,2016-01-08,01:10:00,"EDSA Timog ""U"" turn slot  Quezon City",0,0,0,0,0,0,0,0,0,0,2016-01-08 9:10,Property,14.6571804,120.9927185,No Collision Stated
None,EDSA,None,None,"No Accident Factor, Rear-end, 0.0 drivers_injured, 0.0 drivers_killed, 0.0 passengers_injured, 0.0 passengers_killed, 0.0 pedestrian_injured, 0.0 pedestrian_killed, Fair (Night), EDSA Aurora Blvd. Quezon City",MMDA Road Safety Unit,,b7ae74e2-9523-4bf8-8156-9d46bdedd282,2016-01-07,20:00:00,EDSA Col. Bonny Serrano Ave. Quezon City,0,0,0,0,0,0,0,0,0,0,2016-01-08 4:00,Property,14.62163653,121.0501573,Rear-End
None,EDSA,None,None,"No Accident Factor, Multiple Collision, 0.0 drivers_injured, 0.0 drivers_killed, 0.0 passengers_injured, 0.0 passengers_killed, 0.0 pedestrian_injured, 0.0 pedestrian_killed, Fair (Night), EDSA Aurora Blvd. Quezon City",MMDA Road Safety Unit,,0282c477-065f-4302-b734-499e853202b6,2016-01-07,15:15:00,"EDSA Centris Mall, Pinyahan Quezon City",0,0,0,0,0,0,0,0,0,0,2016-01-07 23:15,Property,14.62163653,121.0501573,Multiple
None,EDSA,None,None,"No Accident Factor, Side Swipe, 0.0 drivers_injured, 0.0 drivers_killed, 0.0 passengers_injured, 0.0 passengers_killed, 0.0 pedestrian_injured, 0.0 pedestrian_killed, Fair (Night), EDSA Kamuning-Kamias Road  Quezon City",MMDA Road Safety Unit,,d5f0f757-59d6-4255-9bf6-0fad958c0c02,2016-01-07,13:10:00,EDSA ALPS Liner Bus Terminal Quezon City,0,0,0,0,0,0,0,0,0,0,2016-01-07 21:10,Property,14.63198493,121.0453142,Side Swipe
None,EDSA,None,None,"No Accident Factor, Side Swipe, 0.0 drivers_injured, 0.0 drivers_killed, 0.0 passengers_injured, 0.0 passengers_killed, 0.0 pedestrian_injured, 0.0 pedestrian_killed, Fair (Night), EDSA East Ave. Quezon City",MMDA Road Safety Unit,,2d41af20-89dc-4501-a7da-289223035098,2016-01-07,11:00:00,EDSA P. Bernardo St. Quezon City,0,0,0,0,0,0,0,0,0,0,2016-01-07 19:00,Property,14.6328297,121.0451176,Side Swipe
None,EDSA,None,None,"No Accident Factor, Rear-end, 0.0 drivers_injured, 0.0 drivers_killed, 0.0 passengers_injured, 0.0 passengers_killed, 0.0 pedestrian_injured, 0.0 pedestrian_killed, Fair (Day), EDSA SM Hypermart, Bagong Lipu Quezon City",MMDA Road Safety Unit,,2faa6d30-55c7-4618-8a2a-fe3843836864,2016-01-07,05:25:00,EDSA Quezon Ave.  Quezon City,0,0,0,0,0,0,0,0,0,0,2016-01-07 13:25,Property,14.6142289,121.0535621,Rear-End
None,EDSA,None,None,"Vehicle Defect, Self-Accident, 0.0 drivers_injured, 0.0 drivers_killed, 0.0 passengers_injured, 0.0 passengers_killed, 0.0 pedestrian_injured, 0.0 pedestrian_killed, Fair (Day), EDSA Kamuning Traffic Light Quezon City",MMDA Road Safety Unit,,2f9c8e51-986b-4f9d-bc44-8d153ba4ae61,2016-01-07,00:55:00,"EDSA East Ave., Pinyahan Quezon City",0,0,0,0,0,0,0,0,0,0,2016-01-07 8:55,Property,14.63079118,121.0458085,Self-Accident
None,EDSA,None,None,"No Accident Factor, Rear-end, 0.0 drivers_injured, 0.0 drivers_killed, 0.0 passengers_injured, 0.0 passengers_killed, 0.0 pedestrian_injured, 0.0 pedestrian_killed, Fair (Day), EDSA Col. Bonny Serrano Ave.  Quezon City",MMDA Road Safety Unit,,4563540f-aa39-46b2-9a98-8f7433b05d21,2016-01-06,02:30:00,EDSA E. Lopez St.  Quezon City,0,0,0,0,0,0,0,0,0,0,2016-01-06 10:30,Property,14.61107337,121.0550705,Rear-End
None,EDSA,None,None,"No Accident Factor, Angle Impact, 1.0 drivers_injured, 0.0 drivers_killed, 0.0 passengers_injured, 0.0 passengers_killed, 0.0 pedestrian_injured, 0.0 pedestrian_killed, Fair (Day), EDSA DPWH Compound, Pinyahan  Quezon City",MMDA Road Safety Unit,,486ad7c2-a6ca-496d-9409-a94ab217c0c0,2016-01-06,01:45:00,EDSA West Ave.  Quezon City,0,0,0,1,0,0,0,0,0,1,2016-01-06 9:45,Injury,14.63477638,121.0438836,Angle Impact
None,EDSA,None,None,"No Accident Factor, Rear-end, 0.0 drivers_injured, 0.0 drivers_killed, 0.0 passengers_injured, 0.0 passengers_killed, 0.0 pedestrian_injured, 0.0 pedestrian_killed, Fair (Day), EDSA Whiteplains Ave. (Camp Aguinaldo) Quezon City",MMDA Road Safety Unit,,32c09ef7-e2b0-47a4-af97-b8ce7f606c20,2016-01-06,01:30:00,"EDSA Superlines Bus Terminal, E. Rodriguez Quezon City",0,0,0,0,0,0,0,0,0,0,2016-01-06 9:30,Property,14.59961782,121.0596522,Rear-End
None,EDSA,None,None,"No Accident Factor, Side Swipe, 0.0 drivers_injured, 0.0 drivers_killed, 0.0 passengers_injured, 0.0 passengers_killed, 0.0 pedestrian_injured, 0.0 pedestrian_killed, Fair (Day), EDSA Kaingin Road Quezon City",MMDA Road Safety Unit,,229dfc15-d234-454c-9bca-e37157dc1cc5,2016-01-05,07:30:00,"EDSA SM Mall North, Bagong Pag-Asa Quezon City",0,0,0,0,0,0,0,0,0,0,2016-01-05 15:30,Property,14.65746493,121.0109963,Side Swipe
None,EDSA,None,None,"No Accident Factor, Side Swipe, 0.0 drivers_injured, 0.0 drivers_killed, 0.0 passengers_injured, 0.0 passengers_killed, 0.0 pedestrian_injured, 0.0 pedestrian_killed, Fair (Day), EDSA SM North (SB) Quezon City",MMDA Road Safety Unit,,dfee3f4c-81e9-4850-be25-52e2008cc009,2016-01-05,06:35:00,"EDSA Nepa Q-Mart, E. Rodriguez Cubao Quezon City",0,0,0,0,0,0,0,0,0,0,2016-01-05 14:35,Property,14.65645143,121.0271077,Side Swipe
None,EDSA,None,None,"No Accident Factor, Side Swipe, 0.0 drivers_injured, 0.0 drivers_killed, 0.0 passengers_injured, 0.0 passengers_killed, 0.0 pedestrian_injured, 0.0 pedestrian_killed, Fair (Day), EDSA Ortigas Ave. (SB)  Quezon City",MMDA Road Safety Unit,,a8f567fa-d2c6-44f4-ad27-dc8a82314d82,2016-01-05,06:25:00,EDSA Kaingin Road Quezon City,0,0,0,0,0,0,0,0,0,0,2016-01-05 14:25,Property,14.59275486,121.0584221,Side Swipe
None,EDSA,None,None,"No Accident Factor, Rear-end, 0.0 drivers_injured, 0.0 drivers_killed, 0.0 passengers_injured, 0.0 passengers_killed, 0.0 pedestrian_injured, 0.0 pedestrian_killed, Fair (Day), EDSA New York St. Quezon City",MMDA Road Safety Unit,,4f13ea4e-cd3c-4bd0-ad9b-534a6c2d9345,2016-01-05,04:15:00,EDSA Ramon Magsaysay Quezon City,0,0,0,0,0,0,0,0,0,0,2016-01-05 12:15,Property,14.62568514,121.0482307,Rear-End
None,EDSA,None,None,"No Accident Factor, Side Swipe, 0.0 drivers_injured, 0.0 drivers_killed, 0.0 passengers_injured, 0.0 passengers_killed, 0.0 pedestrian_injured, 0.0 pedestrian_killed, Fair (Day), EDSA P. Tuazon Blvd. Quezon City",MMDA Road Safety Unit,,ad39369d-48c8-4168-bf39-e09affdbd42e,2016-01-05,03:30:00,EDSA Balintawak Market Quezon City,0,0,0,0,0,0,0,0,0,0,2016-01-05 11:30,Property,14.61656342,121.0525225,Side Swipe
None,EDSA,None,None,"No Accident Factor, Rear-end, 0.0 drivers_injured, 0.0 drivers_killed, 0.0 passengers_injured, 0.0 passengers_killed, 0.0 pedestrian_injured, 0.0 pedestrian_killed, Fair (Day), EDSA New York St. (SB) Quezon City",MMDA Road Safety Unit,,0601c547-6fac-4e3b-8736-64eb44a19082,2016-01-05,00:55:00,EDSA Kamuning Road Quezon City,0,0,0,0,0,0,0,0,0,0,2016-01-05 8:55,Property,14.62568514,121.0482307,Rear-End
None,EDSA,None,None,"No Accident Factor, Rear-end, 0.0 drivers_injured, 0.0 drivers_killed, 0.0 passengers_injured, 0.0 passengers_killed, 0.0 pedestrian_injured, 0.0 pedestrian_killed, Fair (Day), EDSA Quezon Ave. (NB) Quezon City",MMDA Road Safety Unit,,53c31e65-719b-4e93-a2db-03f1b62b2e94,2016-01-04,23:25:00,EDSA Misamis St. Quezon City,0,0,0,0,0,0,0,0,0,0,2016-01-05 7:25,Property,14.6442444,121.0375839,Rear-End
None,EDSA,None,None,"No Accident Factor, Side Swipe, 0.0 drivers_injured, 0.0 drivers_killed, 0.0 passengers_injured, 0.0 passengers_killed, 0.0 pedestrian_injured, 0.0 pedestrian_killed, Fair (Night), EDSA Aurora Blvd. Quezon City",MMDA Road Safety Unit,,0ef8595c-9050-4d84-84c2-0d6f312f29c3,2016-01-04,10:30:00,EDSA North Ave. Quezon City,0,0,0,0,0,0,0,0,0,0,2016-01-04 18:30,Property,14.62163653,121.0501573,Side Swipe
None,EDSA,None,None,"No Accident Factor, Side Swipe, 0.0 drivers_injured, 0.0 drivers_killed, 0.0 passengers_injured, 0.0 passengers_killed, 0.0 pedestrian_injured, 0.0 pedestrian_killed, Fair (Night), EDSA Whiteplains Ave.  Quezon City",MMDA Road Safety Unit,,b12b2fd0-8dcf-4574-8f8c-ec1b831f6cf5,2016-01-04,10:05:00,"EDSA SM Mall North, Pag-Asa Quezon City",0,0,0,0,0,0,0,0,0,0,2016-01-04 18:05,Property,14.59961782,121.0596522,Side Swipe
None,EDSA,None,None,"No Accident Factor, Side Swipe, 0.0 drivers_injured, 0.0 drivers_killed, 0.0 passengers_injured, 0.0 passengers_killed, 0.0 pedestrian_injured, 0.0 pedestrian_killed, Fair (Day), EDSA ""U"" turn slot, Santolan (NB) Quezon City",MMDA Road Safety Unit,,03dc7e87-e348-49e3-9a53-bf12ec3f6783,2016-01-04,09:50:00,EDSA P. Tuazon Blvd. Quezon City,0,0,0,0,0,0,0,0,0,0,2016-01-04 17:50,Property,14.61042385,121.0553144,Side Swipe
None,EDSA,None,None,"No Accident Factor, No Collision Stated (based on Police Blotter Book), 0.0 drivers_injured, 0.0 drivers_killed, 0.0 passengers_injured, 0.0 passengers_killed, 0.0 pedestrian_injured, 0.0 pedestrian_killed, Fair (Day), EDSA ""U"" turn slot, Ramon Magsaysay Quezon City",MMDA Road Safety Unit,,d79bfd8e-23e3-4743-9da4-c5aa751128e3,2016-01-04,06:20:00,EDSA Santolan (SB)  Quezon City,0,0,0,0,0,0,0,0,0,0,2016-01-04 14:20,Property,14.65655357,121.0260701,No Collision Stated
None,EDSA,None,None,"No Accident Factor, No Collision Stated (based on Police Blotter Book), 1.0 drivers_injured, 0.0 drivers_killed, 0.0 passengers_injured, 0.0 passengers_killed, 0.0 pedestrian_injured, 0.0 pedestrian_killed, Fair (Day), EDSA Quezon Ave. Quezon City",MMDA Road Safety Unit,,c038fff8-241e-405e-84c0-25b96b2a7c08,2016-01-04,06:05:00,EDSA Arayat St. Quezon City,0,0,0,1,0,0,0,0,0,1,2016-01-04 14:05,Injury,14.6442444,121.0375839,No Collision Stated
None,EDSA,None,None,"No Accident Factor, Rear-end, 0.0 drivers_injured, 0.0 drivers_killed, 0.0 passengers_injured, 0.0 passengers_killed, 0.0 pedestrian_injured, 0.0 pedestrian_killed, Fair (Night), EDSA Aurora Blvd. Quezon City",MMDA Road Safety Unit,,c6a8f977-1553-411a-8637-df0a833c4d4c,2016-01-04,03:00:00,"EDSA Francisco Bldg., Pinyahan Quezon City",0,0,0,0,0,0,0,0,0,0,2016-01-04 11:00,Property,14.62163653,121.0501573,Rear-End
None,EDSA,None,None,"No Accident Factor, Rear-end, 0.0 drivers_injured, 0.0 drivers_killed, 0.0 passengers_injured, 0.0 passengers_killed, 0.0 pedestrian_injured, 0.0 pedestrian_killed, Fair (Day), EDSA North Road Quezon City",MMDA Road Safety Unit,,d703e6f2-e935-44aa-850f-11a87014be4f,2016-01-04,01:00:00,"EDSA Corinthian Garden, Ugong Norte Quezon City",0,0,0,0,0,0,0,0,0,0,2016-01-04 9:00,Property,14.61444188,121.0532975,Rear-End
None,EDSA,None,None,"No Accident Factor, Side Swipe, 0.0 drivers_injured, 0.0 drivers_killed, 0.0 passengers_injured, 0.0 passengers_killed, 0.0 pedestrian_injured, 0.0 pedestrian_killed, Fair (Night), EDSA Kamuning Road Quezon City",MMDA Road Safety Unit,,f89b4d23-9716-4230-b4c5-ded932d48e2b,2016-01-03,21:00:00,EDSA Ortigas Ave. Quezon City,0,0,0,0,0,0,0,0,0,0,2016-01-04 5:00,Property,14.63075725,121.0457548,Side Swipe
None,EDSA,None,None,"No Accident Factor, Rear-end, 0.0 drivers_injured, 0.0 drivers_killed, 0.0 passengers_injured, 0.0 passengers_killed, 0.0 pedestrian_injured, 0.0 pedestrian_killed, Fair (Day), EDSA Kamias Road Quezon City",MMDA Road Safety Unit,,f2bbf683-22ca-4d92-b97e-5ed6add78095,2016-01-03,06:20:00,EDSA Quezon Ave.  Quezon City,0,0,0,0,0,0,0,0,0,0,2016-01-03 14:20,Property,14.6309142,121.0459376,Rear-End
None,EDSA,None,None,"No Accident Factor, Side Swipe, 0.0 drivers_injured, 0.0 drivers_killed, 0.0 passengers_injured, 0.0 passengers_killed, 0.0 pedestrian_injured, 0.0 pedestrian_killed, Fair (Day), EDSA Aurora Blvd. Quezon City",MMDA Road Safety Unit,,8ba28ea2-8b9f-4b22-9c9d-096dd1f13250,2016-01-03,02:30:00,EDSA Main Ave. Quezon City,0,0,0,0,0,0,0,0,0,0,2016-01-03 10:30,Property,14.62163653,121.0501573,Side Swipe
None,EDSA,None,None,"No Accident Factor, No Collision Stated (based on Police Blotter Book), 0.0 drivers_injured, 0.0 drivers_killed, 0.0 passengers_injured, 0.0 passengers_killed, 0.0 pedestrian_injured, 0.0 pedestrian_killed, Fair (Day), EDSA North Ave., Pagasa Quezon City",MMDA Road Safety Unit,,4229617a-03f2-469b-91e0-ee96b4bc1b89,2016-01-03,02:30:00,EDSA Camp Aguinaldo (Gate 2) Quezon City,0,0,0,0,0,0,0,0,0,0,2016-01-03 10:30,Property,14.65553839,121.0299647,No Collision Stated
None,EDSA,None,None,"No Accident Factor, Side Swipe, 0.0 drivers_injured, 0.0 drivers_killed, 0.0 passengers_injured, 0.0 passengers_killed, 0.0 pedestrian_injured, 0.0 pedestrian_killed, Fair (Night), EDSA Aurora Blvd. Quezon City",MMDA Road Safety Unit,,0b1a617c-e367-4c8f-ab5f-afba64d3accd,2016-01-02,21:30:00,EDSA Quezon Ave.  Quezon City,0,0,0,0,0,0,0,0,0,0,2016-01-03 5:30,Property,14.62163653,121.0501573,Side Swipe
None,EDSA,None,None,"No Accident Factor, Rear-end, 0.0 drivers_injured, 0.0 drivers_killed, 0.0 passengers_injured, 0.0 passengers_killed, 0.0 pedestrian_injured, 0.0 pedestrian_killed, Fair (Day), EDSA Kamias Road Quezon City",MMDA Road Safety Unit,,0afeaa04-20de-4223-90c6-547b600ec31f,2016-01-02,07:30:00,EDSA Col. Bonny Serrano Ave. Quezon City,0,0,0,0,0,0,0,0,0,0,2016-01-02 15:30,Property,14.6309142,121.0459376,Rear-End
None,EDSA,None,None,"No Accident Factor, Side Swipe, 0.0 drivers_injured, 0.0 drivers_killed, 0.0 passengers_injured, 0.0 passengers_killed, 0.0 pedestrian_injured, 0.0 pedestrian_killed, Fair (Day), EDSA Aurora Blvd. Quezon City",MMDA Road Safety Unit,,c91ba31b-1cc2-4def-a6bb-e8b57adcec0d,2016-01-02,07:30:00,EDSA East Ave. Quezon City,0,0,0,0,0,0,0,0,0,0,2016-01-02 15:30,Property,14.62163653,121.0501573,Side Swipe
None,EDSA,None,None,"No Accident Factor, Side Swipe, 0.0 drivers_injured, 0.0 drivers_killed, 0.0 passengers_injured, 0.0 passengers_killed, 0.0 pedestrian_injured, 0.0 pedestrian_killed, Fair (Day), EDSA Cloverleaf Quezon City",MMDA Road Safety Unit,,af028645-72b5-4399-a9b6-c245030162eb,2016-01-02,06:10:00,"EDSA ""U"" turn slot, Bagong Pag-asa Quezon City",0,0,0,0,0,0,0,0,0,0,2016-01-02 14:10,Property,14.65747901,121.0011914,Side Swipe
None,EDSA,None,None,"No Accident Factor, Rear-end, 0.0 drivers_injured, 0.0 drivers_killed, 0.0 passengers_injured, 0.0 passengers_killed, 0.0 pedestrian_injured, 0.0 pedestrian_killed, Fair (Day), EDSA GMA Drive  Quezon City",MMDA Road Safety Unit,,7d9fcaf5-73d1-4a8f-97f1-5578a9fda3de,2016-01-02,05:35:00,EDSA Cloverleaf Quezon City,0,0,0,0,0,0,0,0,0,0,2016-01-02 13:35,Property,14.63467214,121.0435714,Rear-End
None,EDSA,None,None,"No Accident Factor, Rear-end, 0.0 drivers_injured, 0.0 drivers_killed, 0.0 passengers_injured, 0.0 passengers_killed, 0.0 pedestrian_injured, 0.0 pedestrian_killed, Fair (Day), EDSA SM North, Bagong Pagasa Quezon City",MMDA Road Safety Unit,,ac35e896-d569-4f99-92e9-71859c5f4f6c,2016-01-02,02:00:00,EDSA Jam Liner Bus Terminal Quezon City,0,0,0,0,0,0,0,0,0,0,2016-01-02 10:00,Property,14.65645143,121.0271077,Rear-End
None,EDSA,None,None,"No Accident Factor, Side Swipe, 1.0 drivers_injured, 0.0 drivers_killed, 0.0 passengers_injured, 0.0 passengers_killed, 0.0 pedestrian_injured, 0.0 pedestrian_killed, Fair (Day), EDSA DLTB Bus Terminal  Quezon City",MMDA Road Safety Unit,,c201e674-cf23-4de3-8f2f-ad8a2645e060,2016-01-02,01:10:00,EDSA Main Ave. Quezon City,0,0,0,1,0,0,0,0,0,1,2016-01-02 9:10,Injury,14.62725353,121.0473748,Side Swipe
None,EDSA,None,None,"No Accident Factor, Hit Object (Center Island), 0.0 drivers_injured, 0.0 drivers_killed, 0.0 passengers_injured, 0.0 passengers_killed, 0.0 pedestrian_injured, 0.0 pedestrian_killed, Fair (Night), EDSA Oliveros Foot Bridge  Quezon City",MMDA Road Safety Unit,,c3b44413-b0d9-4ada-94fe-26710aa24974,2016-01-01,19:00:00,EDSA Ortigas Ave. Quezon City,0,0,0,0,0,0,0,0,0,0,2016-01-02 3:00,Property,14.65762799,121.0065288,Hit Object
None,EDSA,None,None,"No Accident Factor, Rear-end, 0.0 drivers_injured, 0.0 drivers_killed, 0.0 passengers_injured, 0.0 passengers_killed, 0.0 pedestrian_injured, 0.0 pedestrian_killed, Fair (Day), EDSA Five Star Bus Terminal, E. Rodriguez Quezon City",MMDA Road Safety Unit,,7b3c84ad-0008-4ed2-a973-fdf98fd71191,2016-01-01,05:00:00,EDSA Timog Ave.  Quezon City,0,0,0,0,0,0,0,0,0,0,2016-01-01 13:00,Property,14.62375691,121.0492447,Rear-End
None,EDSA,None,None,"No Accident Factor, Side Swipe, 0.0 drivers_injured, 0.0 drivers_killed, 0.0 passengers_injured, 0.0 passengers_killed, 0.0 pedestrian_injured, 0.0 pedestrian_killed, Fair (Day), EDSA Philam  Quezon City",MMDA Road Safety Unit,,3c83284f-d2c3-4124-9831-0b2f245a38db,2016-01-01,03:30:00,EDSA Aurora Blvd. Quezon City,0,0,0,0,0,0,0,0,0,0,2016-01-01 11:30,Property,14.65280875,121.0317622,Side Swipe
None,EDSA,None,None,"No Accident Factor, Multiple Collision, 0.0 drivers_injured, 0.0 drivers_killed, 4.0 passengers_injured, 0.0 passengers_killed, 0.0 pedestrian_injured, 0.0 pedestrian_killed, Fair (Night), EDSA P. Tuazon Blvd. Quezon City",MMDA Road Safety Unit,,59cbfc33-c78f-479a-8b6c-94ca31a99214,2015-12-31,19:05:00,EDSA P. Tuazon Blvd. Quezon City,0,0,0,0,4,0,0,0,0,4,2016-01-01 3:05,Injury,14.61656342,121.0525225,Multiple
None,EDSA,None,None,"No Accident Factor, Side Swipe, 0.0 drivers_injured, 0.0 drivers_killed, 0.0 passengers_injured, 0.0 passengers_killed, 0.0 pedestrian_injured, 0.0 pedestrian_killed, Fair (Night), EDSA Kamuning Road Quezon City",MMDA Road Safety Unit,,6aadd9e6-54f9-42d9-a49e-baf11a7e084d,2015-12-31,18:00:00,EDSA Roosevelt Ave.  Quezon City,0,0,0,0,0,0,0,0,0,0,2016-01-01 2:00,Property,14.63075725,121.0457548,Side Swipe
None,EDSA,None,None,"No Accident Factor, Hit and Run (No Collision Stated), 0.0 drivers_injured, 0.0 drivers_killed, 0.0 passengers_injured, 0.0 passengers_killed, 0.0 pedestrian_injured, 0.0 pedestrian_killed, Fair (Day), EDSA Mindanao Ave. Ext. Quezon City",MMDA Road Safety Unit,,34167045-f79a-44de-a799-465b6830db19,2015-12-30,06:45:00,EDSA Victory Liner Bus Terminal Quezon City,0,0,0,0,0,0,0,0,0,0,2015-12-30 14:45,Property,14.65052386,121.0335656,No Collision Stated
None,EDSA,None,None,"No Accident Factor, Side Swipe, 0.0 drivers_injured, 0.0 drivers_killed, 0.0 passengers_injured, 0.0 passengers_killed, 0.0 pedestrian_injured, 0.0 pedestrian_killed, Fair (Night), EDSA Aurora Blvd. Quezon City",MMDA Road Safety Unit,,6da48b8c-052e-478c-9f44-aa6dc9deac0d,2015-12-26,19:30:00,"EDSA Santolan, Socorro Quezon City",0,0,0,0,0,0,0,0,0,0,2015-12-27 3:30,Property,14.62163653,121.0501573,Side Swipe
None,EDSA,None,None,"No Accident Factor, Rear-end, 0.0 drivers_injured, 0.0 drivers_killed, 0.0 passengers_injured, 0.0 passengers_killed, 0.0 pedestrian_injured, 0.0 pedestrian_killed, Fair (Day), EDSA Scout Borromeo St.  Quezon City",MMDA Road Safety Unit,,08b117a5-ee4e-4780-9ad6-8b9503251524,2015-12-26,00:35:00,EDSA NIA Road Quezon City,0,0,0,0,0,0,0,0,0,0,2015-12-26 8:35,Property,14.63715712,121.0419507,Rear-End
None,EDSA,None,None,"No Accident Factor, Side Swipe, 1.0 drivers_injured, 0.0 drivers_killed, 0.0 passengers_injured, 0.0 passengers_killed, 0.0 pedestrian_injured, 0.0 pedestrian_killed, Fair (Night), EDSA Baliwag Liner Bus Terminal Quezon City",MMDA Road Safety Unit,,763b1f5b-f536-4eed-94f2-25aaaa77138c,2015-12-25,11:00:00,"EDSA Santolan ""U"" turn slot  Quezon City",0,0,0,1,0,0,0,0,0,1,2015-12-25 19:00,Injury,14.6244766,121.0489584,Side Swipe
None,EDSA,None,None,"No Accident Factor, No Collision Stated (based on Police Blotter Book), 0.0 drivers_injured, 0.0 drivers_killed, 2.0 passengers_injured, 0.0 passengers_killed, 0.0 pedestrian_injured, 0.0 pedestrian_killed, Fair (Day), EDSA Aurora Blvd. Quezon City",MMDA Road Safety Unit,,0f95510a-0c03-46d9-aa6b-70f015fa96ea,2015-12-24,03:45:00,EDSA Cloverleaf Drive Quezon City,0,0,0,0,2,0,0,0,0,2,2015-12-24 11:45,Injury,14.62163653,121.0501573,No Collision Stated
None,EDSA,None,None,"No Accident Factor, Rear-end, 0.0 drivers_injured, 0.0 drivers_killed, 0.0 passengers_injured, 0.0 passengers_killed, 0.0 pedestrian_injured, 0.0 pedestrian_killed, Fair (Night), EDSA Timog Ave.  Quezon City",MMDA Road Safety Unit,,e935a21f-c278-4ea2-b7ad-b217fcb0b5c5,2015-12-23,18:30:00,EDSA GMA Network Drive  Quezon City,0,0,0,0,0,0,0,0,0,0,2015-12-24 2:30,Property,14.63293559,121.0446304,Rear-End
None,EDSA,None,None,"No Accident Factor, Rear-end, 0.0 drivers_injured, 0.0 drivers_killed, 0.0 passengers_injured, 0.0 passengers_killed, 0.0 pedestrian_injured, 0.0 pedestrian_killed, Fair (Night), EDSA East Ave. Quezon City",MMDA Road Safety Unit,,c3a25d9a-433c-4198-a06b-620406307453,2015-12-23,17:30:00,EDSA Gen. Roxas Ave. Quezon City,0,0,0,0,0,0,0,0,0,0,2015-12-24 1:30,Property,14.6328297,121.0451176,Rear-End
None,EDSA,None,None,"No Accident Factor, Rear-end, 0.0 drivers_injured, 0.0 drivers_killed, 0.0 passengers_injured, 0.0 passengers_killed, 0.0 pedestrian_injured, 0.0 pedestrian_killed, Fair (Night), EDSA Jam Liner Bus Terminal Quezon City",MMDA Road Safety Unit,,86868a57-47c8-4fbb-bd33-7052ef0be151,2015-12-23,15:45:00,EDSA Monte De Piedad St. Quezon City,0,0,0,0,0,0,0,0,0,0,2015-12-23 23:45,Property,14.63113373,121.0455992,Rear-End
None,EDSA,None,None,"No Accident Factor, Side Swipe, 0.0 drivers_injured, 0.0 drivers_killed, 0.0 passengers_injured, 0.0 passengers_killed, 0.0 pedestrian_injured, 0.0 pedestrian_killed, Fair (Night), EDSA Timog Ave.  Quezon City",MMDA Road Safety Unit,,32d16a27-7e18-4cfa-bf16-f9686e3aa709,2015-12-23,15:45:00,EDSA QCPD PS 10 Kamuning  Quezon City,0,0,0,0,0,0,0,0,0,0,2015-12-23 23:45,Property,14.63293559,121.0446304,Side Swipe
None,EDSA,None,None,"No Accident Factor, Side Swipe, 0.0 drivers_injured, 0.0 drivers_killed, 0.0 passengers_injured, 0.0 passengers_killed, 0.0 pedestrian_injured, 0.0 pedestrian_killed, Fair (Night), EDSA Aurora Blvd. Quezon City",MMDA Road Safety Unit,,02008bb7-38c5-4da6-9cfa-629a3ced07dc,2015-12-23,12:15:00,EDSA P. Tuazon Blvd. Quezon City,0,0,0,0,0,0,0,0,0,0,2015-12-23 20:15,Property,14.62163653,121.0501573,Side Swipe
None,EDSA,None,None,"No Accident Factor, Hit Object (Barrier-Concrete), 0.0 drivers_injured, 0.0 drivers_killed, 0.0 passengers_injured, 0.0 passengers_killed, 0.0 pedestrian_injured, 0.0 pedestrian_killed, Fair (Night), EDSA Mapagmahal St.  Quezon City",MMDA Road Safety Unit,,02201794-b9b3-436c-8637-44dfd4b8cdf1,2015-12-22,19:00:00,EDSA Banahaw St. Quezon City,0,0,0,0,0,0,0,0,0,0,2015-12-23 3:00,Property,14.63185046,121.0455315,Hit Object
None,EDSA,None,None,"No Accident Factor, Side Swipe, 0.0 drivers_injured, 0.0 drivers_killed, 0.0 passengers_injured, 0.0 passengers_killed, 0.0 pedestrian_injured, 0.0 pedestrian_killed, Fair (Day), EDSA Kamuning Road Quezon City",MMDA Road Safety Unit,,ae61ca95-bee0-47e5-bf14-ee43b3bdb226,2015-12-22,05:00:00,"EDSA Sogo Hotel, Philam Quezon City",0,0,0,0,0,0,0,0,0,0,2015-12-22 13:00,Property,14.63075725,121.0457548,Side Swipe
None,EDSA,None,None,"No Accident Factor, Side Swipe, 0.0 drivers_injured, 0.0 drivers_killed, 0.0 passengers_injured, 0.0 passengers_killed, 0.0 pedestrian_injured, 0.0 pedestrian_killed, Fair (Night), EDSA Farmers Plaza  Quezon City",MMDA Road Safety Unit,,41072737-8991-4630-8788-4083279d66a0,2015-12-21,15:00:00,EDSA Ortigas Ave. (WB)  Quezon City,0,0,0,0,0,0,0,0,0,0,2015-12-21 23:00,Property,14.61920525,121.0513476,Side Swipe