LOCATION_TEXT,ROAD,WEATHER,LIGHT,DESC,REPORTING_AGENCY,MAIN_CAUSE,INCIDENTDETAILS_ID,DATE_UTC,TIME_UTC,ADDRESS,killed_driver,killed_passenger,killed_pedestrian,injured_driver,injured_passenger,injured_pedestrian,killed_uncategorized,injured_uncategorized,killed_total,injured_total,DATETIME_PST,SEVERITY,Y,X,COLLISION_TYPE
None,EDSA,None,None,"No Accident Factor, No Collision Stated (based on Police Blotter Book), 0.0 drivers_injured, 0.0 drivers_killed, 0.0 passengers_injured, 0.0 passengers_killed, 0.0 pedestrian_injured, 0.0 pedestrian_killed, Fair (Night), EDSA PS 10 Kamuning Quezon City",MMDA Road Safety Unit,,246c66ac-d38f-406d-b915-c27f0bee97d5,2015-12-21,10:30:00,EDSA Five Star Bus Terminal Quezon City,0,0,0,0,0,0,0,0,0,0,2015-12-21 18:30,Property,14.62987095,121.046131,No Collision Stated
None,EDSA,None,None,"No Accident Factor, Rear-end, 0.0 drivers_injured, 0.0 drivers_killed, 0.0 passengers_injured, 0.0 passengers_killed, 0.0 pedestrian_injured, 0.0 pedestrian_killed, Fair (Night), EDSA Quezon Ave.  Quezon City",MMDA Road Safety Unit,,2f4b881a-d951-44e1-af3d-9fa4754eb436,2015-12-21,10:00:00,"EDSA Shell Gas station, Pinyahan Quezon City",0,0,0,0,0,0,0,0,0,0,2015-12-21 18:00,Property,14.6442444,121.0375839,Rear-End
None,EDSA,None,None,"No Accident Factor, No Collision Stated (based on Police Blotter Book), 0.0 drivers_injured, 0.0 drivers_killed, 0.0 passengers_injured, 0.0 passengers_killed, 0.0 pedestrian_injured, 0.0 pedestrian_killed, Fair (Night), EDSA PS 10 Kamuning Quezon City",MMDA Road Safety Unit,,c05968ef-c595-46bb-b546-f96aba00d695,2015-12-20,11:30:00,EDSA Col. Bonny Serrano Ave. Quezon City,0,0,0,0,0,0,0,0,0,0,2015-12-20 19:30,Property,14.62987095,121.046131,No Collision Stated
None,EDSA,None,None,"No Accident Factor, No Collision Stated (based on Police Blotter Book), 0.0 drivers_injured, 0.0 drivers_killed, 0.0 passengers_injured, 0.0 passengers_killed, 0.0 pedestrian_injured, 0.0 pedestrian_killed, Fair (Day), EDSA Mapagmahal St.  Quezon City",MMDA Road Safety Unit,,5e73bc07-7d17-4750-a241-751f6e7d3a6c,2015-12-20,01:00:00,EDSA Quezon Ave.  Quezon City,0,0,0,0,0,0,0,0,0,0,2015-12-20 9:00,Property,14.63185046,121.0455315,No Collision Stated
None,EDSA,None,None,"No Accident Factor, No Collision Stated (based on Police Blotter Book), 0.0 drivers_injured, 0.0 drivers_killed, 0.0 passengers_injured, 0.0 passengers_killed, 0.0 pedestrian_injured, 0.0 pedestrian_killed, Fair (Night), EDSA Puregold  Quezon City",MMDA Road Safety Unit,,7c0cdc0a-205f-4cc5-8068-a2d0ab0db47e,2015-12-19,11:00:00,EDSA Station 10 Kamuning  Quezon City,0,0,0,0,0,0,0,0,0,0,2015-12-19 19:00,Property,14.65739538,121.0046638,No Collision Stated
None,EDSA,None,None,"No Accident Factor, Side Swipe, 0.0 drivers_injured, 0.0 drivers_killed, 0.0 passengers_injured, 0.0 passengers_killed, 0.0 pedestrian_injured, 0.0 pedestrian_killed, Fair (Day), EDSA Cloverleaf Quezon City",MMDA Road Safety Unit,,8ab116b2-95d5-4d35-9c59-3362c627c557,2015-12-19,05:00:00,EDSA NIA Road Quezon City,0,0,0,0,0,0,0,0,0,0,2015-12-19 13:00,Property,14.65747901,121.0011914,Side Swipe
None,EDSA,None,None,"No Accident Factor, No Collision Stated (based on Police Blotter Book), 0.0 drivers_injured, 0.0 drivers_killed, 0.0 passengers_injured, 0.0 passengers_killed, 0.0 pedestrian_injured, 0.0 pedestrian_killed, Fair (Night), EDSA Jac Liner Bus Terminal, Pinyahan Quezon City",MMDA Road Safety Unit,,889712f4-7435-4dbe-aba6-b1db3958fcbd,2015-12-18,15:30:00,EDSA New York St. Quezon City,0,0,0,0,0,0,0,0,0,0,2015-12-18 23:30,Property,14.63162939,121.0456857,No Collision Stated
None,EDSA,None,None,"No Accident Factor, Side Swipe, 0.0 drivers_injured, 0.0 drivers_killed, 0.0 passengers_injured, 0.0 passengers_killed, 0.0 pedestrian_injured, 0.0 pedestrian_killed, Fair (Night), EDSA ""U"" turn slot, GMA-7 Quezon City",MMDA Road Safety Unit,,78b8cc66-2ebc-408e-9b64-ed52f24c948e,2015-12-18,14:15:00,EDSA Five Star Bus Terminal Quezon City,0,0,0,0,0,0,0,0,0,0,2015-12-18 22:15,Property,14.63376993,121.0443308,Side Swipe
None,EDSA,None,None,"No Accident Factor, No Collision Stated (based on Police Blotter Book), 0.0 drivers_injured, 0.0 drivers_killed, 0.0 passengers_injured, 0.0 passengers_killed, 0.0 pedestrian_injured, 0.0 pedestrian_killed, Fair (Night), EDSA New York St. Quezon City",MMDA Road Safety Unit,,927a18a5-03a0-494d-92cc-2d3d047db77a,2015-12-18,11:30:00,EDSA East Ave. Quezon City,0,0,0,0,0,0,0,0,0,0,2015-12-18 19:30,Property,14.62568514,121.0482307,No Collision Stated
None,EDSA,None,None,"No Accident Factor, No Collision Stated (based on Police Blotter Book), 0.0 drivers_injured, 0.0 drivers_killed, 0.0 passengers_injured, 0.0 passengers_killed, 0.0 pedestrian_injured, 0.0 pedestrian_killed, Fair (Night), EDSA Aurora Blvd. Quezon City",MMDA Road Safety Unit,,79f32ed6-2660-4beb-8023-0829c55aaa77,2015-12-18,10:20:00,EDSA Quezon Ave. Quezon City,0,0,0,0,0,0,0,0,0,0,2015-12-18 18:20,Property,14.62163653,121.0501573,No Collision Stated
None,EDSA,None,None,"No Accident Factor, Side Swipe, 0.0 drivers_injured, 0.0 drivers_killed, 0.0 passengers_injured, 0.0 passengers_killed, 0.0 pedestrian_injured, 0.0 pedestrian_killed, Fair (Day), EDSA Dario Bridge  Quezon City",MMDA Road Safety Unit,,24515ace-93c5-4afb-b23b-1d8664b2648a,2015-12-18,01:10:00,EDSA MRT-GMA Kamuning Station Quezon City,0,0,0,0,0,0,0,0,0,0,2015-12-18 9:10,Property,14.65750874,121.0155818,Side Swipe
None,EDSA,None,None,"No Accident Factor, No Collision Stated (based on Police Blotter Book), 0.0 drivers_injured, 0.0 drivers_killed, 0.0 passengers_injured, 0.0 passengers_killed, 0.0 pedestrian_injured, 0.0 pedestrian_killed, Fair (Day), EDSA PS 10 Kamuning  Quezon City",MMDA Road Safety Unit,,f9d1c4d4-4810-4ae1-9bf8-bfb7caf115de,2015-12-18,00:15:00,"EDSA Quezon Ave., Philam Quezon City",0,0,0,0,0,0,0,0,0,0,2015-12-18 8:15,Property,14.62987095,121.046131,No Collision Stated
None,EDSA,None,None,"No Accident Factor, Side Swipe, 0.0 drivers_injured, 0.0 drivers_killed, 0.0 passengers_injured, 0.0 passengers_killed, 0.0 pedestrian_injured, 0.0 pedestrian_killed, Fair (Night), EDSA GMA Network Drive  Quezon City",MMDA Road Safety Unit,,44fcf4e6-b24f-4f41-9fe2-d59b1276583a,2015-12-17,10:00:00,EDSA Santolan (SB)  Quezon City,0,0,0,0,0,0,0,0,0,0,2015-12-17 18:00,Property,14.63467214,121.0435714,Side Swipe
None,EDSA,None,None,"No Accident Factor, Rear-end, 0.0 drivers_injured, 0.0 drivers_killed, 0.0 passengers_injured, 0.0 passengers_killed, 0.0 pedestrian_injured, 0.0 pedestrian_killed, Fair (Day), EDSA Bansalangin St. Quezon City",MMDA Road Safety Unit,,3ec31f05-d5e6-4543-94c4-8621e63303a5,2015-12-17,06:30:00,EDSA P. Tuazon Blvd. Quezon City,0,0,0,0,0,0,0,0,0,0,2015-12-17 14:30,Property,14.6567996,121.0241845,Rear-End
None,EDSA,None,None,"No Accident Factor, Side Swipe, 0.0 drivers_injured, 0.0 drivers_killed, 0.0 passengers_injured, 0.0 passengers_killed, 0.0 pedestrian_injured, 0.0 pedestrian_killed, Fair (Day), EDSA Ermin Garcia St. Quezon City",MMDA Road Safety Unit,,16e2efdc-2ccb-4a5b-bc54-f7f3baaeaeb1,2015-12-17,02:00:00,"EDSA Shell Gas Station, Katipu Quezon City",0,0,0,0,0,0,0,0,0,0,2015-12-17 10:00,Property,14.62758814,121.047487,Side Swipe
None,EDSA,None,None,"No Accident Factor, Rear-end, 0.0 drivers_injured, 0.0 drivers_killed, 0.0 passengers_injured, 0.0 passengers_killed, 0.0 pedestrian_injured, 0.0 pedestrian_killed, Fair (Day), EDSA Ermin Garcia St. Quezon City",MMDA Road Safety Unit,,b470cc28-1681-48d3-b74c-d5f3f7844458,2015-12-16,22:35:00,EDSA Baliwag Liner Bus Terminal Quezon City,0,0,0,0,0,0,0,0,0,0,2015-12-17 6:35,Property,14.62758814,121.047487,Rear-End
None,EDSA,None,None,"No Accident Factor, Rear-end, 0.0 drivers_injured, 0.0 drivers_killed, 0.0 passengers_injured, 0.0 passengers_killed, 0.0 pedestrian_injured, 0.0 pedestrian_killed, Fair (Night), EDSA NIA Road Quezon City",MMDA Road Safety Unit,,ac23b386-fdfa-46ff-b38b-7cc07ba2fdee,2015-12-16,21:30:00,EDSA Five Star Bus Terminal Quezon City,0,0,0,0,0,0,0,0,0,0,2015-12-17 5:30,Property,14.63727823,121.0421362,Rear-End
None,EDSA,None,None,"No Accident Factor, Rear-end, 0.0 drivers_injured, 0.0 drivers_killed, 0.0 passengers_injured, 0.0 passengers_killed, 0.0 pedestrian_injured, 0.0 pedestrian_killed, Fair (Night), EDSA NIA Road Quezon City",MMDA Road Safety Unit,,4115317c-e711-4780-8fd8-cb3b14443f69,2015-12-16,20:45:00,EDSA Timog Ave.  Quezon City,0,0,0,0,0,0,0,0,0,0,2015-12-17 4:45,Property,14.63727823,121.0421362,Rear-End
None,EDSA,None,None,"No Accident Factor, Rear-end, 0.0 drivers_injured, 0.0 drivers_killed, 0.0 passengers_injured, 0.0 passengers_killed, 0.0 pedestrian_injured, 0.0 pedestrian_killed, Fair (Day), EDSA Bansalangin St. Quezon City",MMDA Road Safety Unit,,ef791c27-07b8-4a80-96f8-c7ae1e838a73,2015-12-16,07:00:00,EDSA Col. Bonny Serrano Ave. Quezon City,0,0,0,0,0,0,0,0,0,0,2015-12-16 15:00,Property,14.6567996,121.0241845,Rear-End
None,EDSA,None,None,"No Accident Factor, No Collision Stated (based on Police Blotter Book), 0.0 drivers_injured, 0.0 drivers_killed, 0.0 passengers_injured, 0.0 passengers_killed, 0.0 pedestrian_injured, 0.0 pedestrian_killed, Fair (Day), EDSA PS 10 Kamuning Quezon City",MMDA Road Safety Unit,,88c6eba4-8978-4958-a781-c646db2a3ac9,2015-12-16,05:45:00,EDSA Kaingin Road Quezon City,0,0,0,0,0,0,0,0,0,0,2015-12-16 13:45,Property,14.62987095,121.046131,No Collision Stated
None,EDSA,None,None,"No Accident Factor, No Collision Stated (based on Police Blotter Book), 0.0 drivers_injured, 0.0 drivers_killed, 0.0 passengers_injured, 0.0 passengers_killed, 0.0 pedestrian_injured, 0.0 pedestrian_killed, Fair (Day), EDSA Poveda St.  Quezon City",MMDA Road Safety Unit,,5fd4330c-6c65-4335-bf13-5c367c6f5fb7,2015-12-16,05:30:00,EDSA Aurora Blvd. Quezon City,0,0,0,0,0,0,0,0,0,0,2015-12-16 13:30,Property,14.59047645,121.0577338,No Collision Stated
None,EDSA,None,None,"No Accident Factor, Rear-end, 0.0 drivers_injured, 0.0 drivers_killed, 0.0 passengers_injured, 0.0 passengers_killed, 0.0 pedestrian_injured, 0.0 pedestrian_killed, Fair (Day), EDSA P. Tuazon Blvd. Quezon City",MMDA Road Safety Unit,,3b5ae889-b680-4c47-8d84-154640cee9bc,2015-12-16,04:30:00,EDSA Waltermart Quezon City,0,0,0,0,0,0,0,0,0,0,2015-12-16 12:30,Property,14.61656342,121.0525225,Rear-End
None,EDSA,None,None,"No Accident Factor, Side Swipe, 0.0 drivers_injured, 0.0 drivers_killed, 0.0 passengers_injured, 0.0 passengers_killed, 0.0 pedestrian_injured, 0.0 pedestrian_killed, Fair (Day), EDSA Roosevelt Ave.  Quezon City",MMDA Road Safety Unit,,77c38cc0-85ff-4416-9148-072dfa672e62,2015-12-16,04:15:00,EDSA Main Ave. Quezon City,0,0,0,0,0,0,0,0,0,0,2015-12-16 12:15,Property,14.65762047,121.0196373,Side Swipe
None,EDSA,None,None,"No Accident Factor, Rear-end, 0.0 drivers_injured, 0.0 drivers_killed, 0.0 passengers_injured, 0.0 passengers_killed, 0.0 pedestrian_injured, 0.0 pedestrian_killed, Fair (Night), EDSA Ortigas Ave. Quezon City",MMDA Road Safety Unit,,2187e7c4-f5f6-4154-9b3c-efeaa8b51771,2015-12-15,19:30:00,EDSA Santolan (SB)  Quezon City,0,0,0,0,0,0,0,0,0,0,2015-12-16 3:30,Property,14.59335253,121.0584107,Rear-End
None,EDSA,None,None,"No Accident Factor, Side Swipe, 1.0 drivers_injured, 0.0 drivers_killed, 0.0 passengers_injured, 0.0 passengers_killed, 0.0 pedestrian_injured, 0.0 pedestrian_killed, Fair (Night), EDSA Ortigas Ave. Quezon City",MMDA Road Safety Unit,,f826cf17-3c49-4eb1-b38d-53a4b7c4c712,2015-12-15,14:40:00,"EDSA MRT, Balintawak Quezon City",0,0,0,1,0,0,0,0,0,1,2015-12-15 22:40,Injury,14.59335253,121.0584107,Side Swipe
None,EDSA,None,None,"No Accident Factor, Head-on, 1.0 drivers_injured, 0.0 drivers_killed, 0.0 passengers_injured, 0.0 passengers_killed, 0.0 pedestrian_injured, 0.0 pedestrian_killed, Fair (Night), EDSA Kamias Road Quezon City",MMDA Road Safety Unit,,9521990e-e4fb-45d3-8039-97ef2b10fe22,2015-12-15,14:30:00,EDSA Kamuning St.  Quezon City,0,0,0,1,0,0,0,0,0,1,2015-12-15 22:30,Injury,14.6309142,121.0459376,Head-On
None,EDSA,None,None,"No Accident Factor, Angle Impact, 0.0 drivers_injured, 0.0 drivers_killed, 0.0 passengers_injured, 0.0 passengers_killed, 0.0 pedestrian_injured, 0.0 pedestrian_killed, Fair (Night), EDSA Ortigas Ave. Quezon City",MMDA Road Safety Unit,,f760b6c5-3370-48d2-a307-4d23a7a17dda,2015-12-15,13:45:00,"EDSA Jac Liner Bus Terminal, Pinyahan Quezon City",0,0,0,0,0,0,0,0,0,0,2015-12-15 21:45,Property,14.59335253,121.0584107,Angle Impact
None,EDSA,None,None,"No Accident Factor, No Collision Stated (based on Police Blotter Book), 0.0 drivers_injured, 0.0 drivers_killed, 0.0 passengers_injured, 0.0 passengers_killed, 0.0 pedestrian_injured, 0.0 pedestrian_killed, Fair (Night), EDSA Kaingin Road Quezon City",MMDA Road Safety Unit,,fb667ede-203c-4fe0-b08f-d24d42046485,2015-12-15,12:30:00,EDSA Camp Aguinaldo Quezon City,0,0,0,0,0,0,0,0,0,0,2015-12-15 20:30,Property,14.65746493,121.0109963,No Collision Stated
None,EDSA,None,None,"No Accident Factor, Side Swipe, 0.0 drivers_injured, 0.0 drivers_killed, 0.0 passengers_injured, 0.0 passengers_killed, 0.0 pedestrian_injured, 0.0 pedestrian_killed, Fair (Day), EDSA Bansalangin St. Quezon City",MMDA Road Safety Unit,,38b00d24-0cb3-45bf-b176-e440ebb76dde,2015-12-15,09:45:00,EDSA Aurora Blvd. Quezon City,0,0,0,0,0,0,0,0,0,0,2015-12-15 17:45,Property,14.6567996,121.0241845,Side Swipe
None,EDSA,None,None,"No Accident Factor, Rear-end, 0.0 drivers_injured, 0.0 drivers_killed, 0.0 passengers_injured, 0.0 passengers_killed, 0.0 pedestrian_injured, 0.0 pedestrian_killed, Fair (Day), EDSA Balintawak Cloverleaf Quezon City",MMDA Road Safety Unit,,7bcf89b5-54ee-4a99-b2cf-cdbe7d944045,2015-12-15,08:30:00,"EDSA Home Depot, Katipu Quezon City",0,0,0,0,0,0,0,0,0,0,2015-12-15 16:30,Property,14.65721982,121.0008093,Rear-End
None,EDSA,None,None,"No Accident Factor, Rear-end, 0.0 drivers_injured, 0.0 drivers_killed, 0.0 passengers_injured, 0.0 passengers_killed, 0.0 pedestrian_injured, 0.0 pedestrian_killed, Fair (Day), EDSA DLTB Bus Terminal  Quezon City",MMDA Road Safety Unit,,c20b23ba-17fc-493f-87f9-0e26f5dd400a,2015-12-15,01:30:00,EDSA Ortigas Ave. Quezon City,0,0,0,0,0,0,0,0,0,0,2015-12-15 9:30,Property,14.62725353,121.0473748,Rear-End
None,EDSA,None,None,"No Accident Factor, Side Swipe, 0.0 drivers_injured, 0.0 drivers_killed, 0.0 passengers_injured, 0.0 passengers_killed, 0.0 pedestrian_injured, 0.0 pedestrian_killed, Fair (Day), EDSA Santolan Road Quezon City",MMDA Road Safety Unit,,bdd7575b-9c97-4ac3-95b2-e664a8e7df49,2015-12-14,23:45:00,EDSA Col. Bonny Serrano Ave. Quezon City,0,0,0,0,0,0,0,0,0,0,2015-12-15 7:45,Property,14.6102736,121.0552175,Side Swipe
None,EDSA,None,None,"No Accident Factor, Angle Impact, 0.0 drivers_injured, 0.0 drivers_killed, 0.0 passengers_injured, 0.0 passengers_killed, 0.0 pedestrian_injured, 0.0 pedestrian_killed, Fair (Day), EDSA Main Road Quezon City",MMDA Road Safety Unit,,b5f23b67-8f18-430b-82cd-a857eb88c079,2015-12-14,23:30:00,"EDSA SM Hypermarket, Main Ave. Quezon City",0,0,0,0,0,0,0,0,0,0,2015-12-15 7:30,Property,14.61376458,121.0537933,Angle Impact
None,EDSA,None,None,"No Accident Factor, Rear-end, 0.0 drivers_injured, 0.0 drivers_killed, 0.0 passengers_injured, 0.0 passengers_killed, 0.0 pedestrian_injured, 0.0 pedestrian_killed, Fair (Day), EDSA Five Star Bus Terminal, E. Rodriguez Quezon City",MMDA Road Safety Unit,,906dcf9f-e306-4b0a-b969-076abd5b1340,2015-12-14,23:20:00,"EDSA Mrt, Santolan Station, Camp Aguinaldo Quezon City",0,0,0,0,0,0,0,0,0,0,2015-12-15 7:20,Property,14.62375691,121.0492447,Rear-End
None,EDSA,None,None,"No Accident Factor, Hit and Run (No Collision Stated), 0.0 drivers_injured, 0.0 drivers_killed, 0.0 passengers_injured, 0.0 passengers_killed, 0.0 pedestrian_injured, 0.0 pedestrian_killed, Fair (Night), EDSA Kamuning Road Quezon City",MMDA Road Safety Unit,,1cbbc4aa-42c4-4a9d-bd97-ded065de3ce8,2015-12-14,21:45:00,EDSA Cloverleaf Drive Quezon City,0,0,0,0,0,0,0,0,0,0,2015-12-15 5:45,Property,14.63075725,121.0457548,No Collision Stated
None,EDSA,None,None,"No Accident Factor, No Collision Stated (based on Police Blotter Book), 1.0 drivers_injured, 0.0 drivers_killed, 1.0 passengers_injured, 0.0 passengers_killed, 0.0 pedestrian_injured, 0.0 pedestrian_killed, Fair (Night), EDSA MRT North Station  Quezon City",MMDA Road Safety Unit,,47525128-835d-442b-a5b8-c578efe89a75,2015-12-14,21:00:00,EDSA GMA Network Drive  Quezon City,0,0,0,1,1,0,0,0,0,2,2015-12-15 5:00,Injury,14.65224665,121.0323026,No Collision Stated
None,EDSA,None,None,"No Accident Factor, No Collision Stated (based on Police Blotter Book), 0.0 drivers_injured, 0.0 drivers_killed, 0.0 passengers_injured, 0.0 passengers_killed, 0.0 pedestrian_injured, 0.0 pedestrian_killed, Fair (Night), EDSA PS 10 Kamuning Quezon City",MMDA Road Safety Unit,,c7919b02-eb1c-4d7b-8066-604bbbc2555d,2015-12-14,20:40:00,"EDSA Whiteplains, Camp Aguinaldo Quezon City",0,0,0,0,0,0,0,0,0,0,2015-12-15 4:40,Property,14.62987095,121.046131,No Collision Stated
None,EDSA,None,None,"No Accident Factor, Side Swipe, 0.0 drivers_injured, 0.0 drivers_killed, 0.0 passengers_injured, 0.0 passengers_killed, 0.0 pedestrian_injured, 0.0 pedestrian_killed, Fair (Night), EDSA Oliveros ""U"" turn slot  Quezon City",MMDA Road Safety Unit,,892d6948-18af-4fcd-b234-af474fe9b122,2015-12-14,11:40:00,EDSA Aurora Blvd. Quezon City,0,0,0,0,0,0,0,0,0,0,2015-12-14 19:40,Property,14.65762799,121.0065288,Side Swipe
None,EDSA,None,None,"No Accident Factor, No Collision Stated (based on Police Blotter Book), 0.0 drivers_injured, 0.0 drivers_killed, 0.0 passengers_injured, 0.0 passengers_killed, 0.0 pedestrian_injured, 0.0 pedestrian_killed, Fair (Night), EDSA Camp Aguinaldo Quezon City",MMDA Road Safety Unit,,e3521bdf-9db3-4381-b1d8-5c8f7f038daf,2015-12-14,11:00:00,EDSA Kaingin Road Quezon City,0,0,0,0,0,0,0,0,0,0,2015-12-14 19:00,Property,14.60818699,121.0564562,No Collision Stated
None,EDSA,None,None,"No Accident Factor, Side Swipe, 0.0 drivers_injured, 0.0 drivers_killed, 0.0 passengers_injured, 0.0 passengers_killed, 0.0 pedestrian_injured, 0.0 pedestrian_killed, Fair (Night), EDSA Waltermart Quezon City",MMDA Road Safety Unit,,39231e53-88db-44f4-b8e1-68605932082e,2015-12-14,10:30:00,EDSA East Ave. Quezon City,0,0,0,0,0,0,0,0,0,0,2015-12-14 18:30,Property,14.6574558,121.0213579,Side Swipe
None,EDSA,None,None,"No Accident Factor, Hit and Run (No Collision Stated), 0.0 drivers_injured, 0.0 drivers_killed, 0.0 passengers_injured, 0.0 passengers_killed, 0.0 pedestrian_injured, 0.0 pedestrian_killed, Fair (Night), EDSA Quezon Ave.  Quezon City",MMDA Road Safety Unit,,66875d2c-a98a-4c58-9eb7-438397435f31,2015-12-14,10:15:00,EDSA Aurora Blvd. Quezon City,0,0,0,0,0,0,0,0,0,0,2015-12-14 18:15,Property,14.6442444,121.0375839,No Collision Stated
None,EDSA,None,None,"No Accident Factor, No Collision Stated (based on Police Blotter Book), 0.0 drivers_injured, 0.0 drivers_killed, 0.0 passengers_injured, 0.0 passengers_killed, 0.0 pedestrian_injured, 0.0 pedestrian_killed, Fair (Day), EDSA Ermin Garcia St. Quezon City",MMDA Road Safety Unit,,3f4ce109-ad78-4e26-9182-a610bb84c6a8,2015-12-14,07:15:00,EDSA Jam Liner Bus Terminal Quezon City,0,0,0,0,0,0,0,0,0,0,2015-12-14 15:15,Property,14.62758814,121.047487,No Collision Stated
None,EDSA,None,None,"No Accident Factor, Rear-end, 0.0 drivers_injured, 0.0 drivers_killed, 0.0 passengers_injured, 0.0 passengers_killed, 0.0 pedestrian_injured, 0.0 pedestrian_killed, Fair (Day), EDSA Aurora Blvd. (WB) Quezon City",MMDA Road Safety Unit,,3324776c-7039-4630-9ce8-7204422c9fdf,2015-12-14,04:10:00,EDSA North Road Quezon City,0,0,0,0,0,0,0,0,0,0,2015-12-14 12:10,Property,14.62151658,121.0501092,Rear-End
None,EDSA,None,None,"No Accident Factor, No Collision Stated (based on Police Blotter Book), 0.0 drivers_injured, 0.0 drivers_killed, 0.0 passengers_injured, 0.0 passengers_killed, 0.0 pedestrian_injured, 0.0 pedestrian_killed, Fair (Day), EDSA Arayat St. Quezon City",MMDA Road Safety Unit,,6cb8bfe3-d4dd-4bec-b486-58a78d28b235,2015-12-14,03:55:00,EDSA Royale BLvd. Quezon City,0,0,0,0,0,0,0,0,0,0,2015-12-14 11:55,Property,14.61961124,121.0508602,No Collision Stated
None,EDSA,None,None,"No Accident Factor, No Collision Stated (based on Police Blotter Book), 1.0 drivers_injured, 0.0 drivers_killed, 0.0 passengers_injured, 0.0 passengers_killed, 0.0 pedestrian_injured, 0.0 pedestrian_killed, Fair (Day), EDSA Bansalangin St. Quezon City",MMDA Road Safety Unit,,eda31b33-e94c-4f1f-9352-c6d473daa7b4,2015-12-14,00:25:00,EDSA Main Ave. (SB)  Quezon City,0,0,0,1,0,0,0,0,0,1,2015-12-14 8:25,Injury,14.6567996,121.0241845,No Collision Stated
None,EDSA,None,None,"No Accident Factor, No Collision Stated (based on Police Blotter Book), 0.0 drivers_injured, 0.0 drivers_killed, 0.0 passengers_injured, 0.0 passengers_killed, 0.0 pedestrian_injured, 0.0 pedestrian_killed, Fair (Day), EDSA Monte De Piedad St. Quezon City",MMDA Road Safety Unit,,fe398b08-64d7-44e3-859d-f8615495b48a,2015-12-13,22:50:00,EDSA Main Ave. Quezon City,0,0,0,0,0,0,0,0,0,0,2015-12-14 6:50,Property,14.62346937,121.0491711,No Collision Stated
None,EDSA,None,None,"No Accident Factor, No Collision Stated (based on Police Blotter Book), 0.0 drivers_injured, 0.0 drivers_killed, 0.0 passengers_injured, 0.0 passengers_killed, 0.0 pedestrian_injured, 0.0 pedestrian_killed, Fair (Night), EDSA East Ave. Quezon City",MMDA Road Safety Unit,,4a98b446-cf9f-410f-88fd-b0f6658c9e2c,2015-12-13,21:30:00,"EDSA Shell Gas Station, Pinyahan Quezon City",0,0,0,0,0,0,0,0,0,0,2015-12-14 5:30,Property,14.6328297,121.0451176,No Collision Stated
None,EDSA,None,None,"No Accident Factor, No Collision Stated (based on Police Blotter Book), 0.0 drivers_injured, 0.0 drivers_killed, 0.0 passengers_injured, 0.0 passengers_killed, 0.0 pedestrian_injured, 0.0 pedestrian_killed, Fair (Night), EDSA Ermin Garcia St. Quezon City",MMDA Road Safety Unit,,0830a6be-fa86-4b46-a675-659bd3598bcc,2015-12-13,20:45:00,EDSA Ermin Garcia St. Quezon City,0,0,0,0,0,0,0,0,0,0,2015-12-14 4:45,Property,14.62758814,121.047487,No Collision Stated
None,EDSA,None,None,"No Accident Factor, Side Swipe, 0.0 drivers_injured, 0.0 drivers_killed, 0.0 passengers_injured, 1.0 passengers_killed, 0.0 pedestrian_injured, 0.0 pedestrian_killed, Fair (Night), EDSA Kamuning Road Quezon City",MMDA Road Safety Unit,,8c4f378b-c078-49b7-9e3f-3e8cc55b643f,2015-12-13,11:00:00,EDSA Kamuning Road Quezon City,0,1,0,0,0,0,0,0,1,0,2015-12-13 19:00,Fatal,14.63075725,121.0457548,Side Swipe
None,EDSA,None,None,"No Accident Factor, Rear-end, 0.0 drivers_injured, 0.0 drivers_killed, 0.0 passengers_injured, 0.0 passengers_killed, 0.0 pedestrian_injured, 0.0 pedestrian_killed, Fair (Day), EDSA Ortigas Ave. Quezon City",MMDA Road Safety Unit,,4b68fee7-6b5e-49a7-ab31-a0faeb5b9123,2015-12-13,02:45:00,EDSA Camp Crame Quezon City,0,0,0,0,0,0,0,0,0,0,2015-12-13 10:45,Property,14.59335253,121.0584107,Rear-End
None,EDSA,None,None,"No Accident Factor, Side Swipe, 0.0 drivers_injured, 0.0 drivers_killed, 0.0 passengers_injured, 0.0 passengers_killed, 0.0 pedestrian_injured, 0.0 pedestrian_killed, Fair (Day), EDSA Oliveros Drive  Quezon City",MMDA Road Safety Unit,,acc54c48-26e3-4fcc-8dea-b36f54e0ba5e,2015-12-13,00:45:00,EDSA Dario Bridge Quezon City,0,0,0,0,0,0,0,0,0,0,2015-12-13 8:45,Property,14.65762799,121.0065288,Side Swipe
None,EDSA,None,None,"No Accident Factor, No Collision Stated (based on Police Blotter Book), 0.0 drivers_injured, 0.0 drivers_killed, 0.0 passengers_injured, 0.0 passengers_killed, 0.0 pedestrian_injured, 0.0 pedestrian_killed, Fair (Night), EDSA Balintawak Market Quezon City",MMDA Road Safety Unit,,1f6ebd63-e7b8-45dd-ae50-9939d12319b1,2015-12-11,21:15:00,"EDSA Kamias Road, West Kamias Quezon City",0,0,0,0,0,0,0,0,0,0,2015-12-12 5:15,Property,14.65740947,121.0025737,No Collision Stated