LOCATION_TEXT,ROAD,WEATHER,LIGHT,DESC,REPORTING_AGENCY,MAIN_CAUSE,INCIDENTDETAILS_ID,DATE_UTC,TIME_UTC,ADDRESS,killed_driver,killed_passenger,killed_pedestrian,injured_driver,injured_passenger,injured_pedestrian,killed_uncategorized,injured_uncategorized,killed_total,injured_total,DATETIME_PST,SEVERITY,Y,X,COLLISION_TYPE
None,EDSA,None,None,"No Accident Factor, Side Swipe, 0.0 drivers_injured, 0.0 drivers_killed, 0.0 passengers_injured, 0.0 passengers_killed, 0.0 pedestrian_injured, 0.0 pedestrian_killed, Fair (Day), EDSA K-3rd St.  Quezon City",MMDA Road Safety Unit,,39e9c978-846c-458e-ac38-bcf3deeae9be,2015-12-11,04:30:00,EDSA Cloverleaf Drive Quezon City,0,0,0,0,0,0,0,0,0,0,2015-12-11 12:30,Property,14.62942357,121.0463854,Side Swipe
None,EDSA,None,None,"No Accident Factor, Side Swipe, 0.0 drivers_injured, 0.0 drivers_killed, 0.0 passengers_injured, 0.0 passengers_killed, 0.0 pedestrian_injured, 0.0 pedestrian_killed, Fair (Day), EDSA Jam Liner Bus Terminal Quezon City",MMDA Road Safety Unit,,14fb27bf-018d-4e81-893c-865230828108,2015-12-11,04:05:00,"EDSA Puregold, A. Samson Quezon City",0,0,0,0,0,0,0,0,0,0,2015-12-11 12:05,Property,14.63113373,121.0455992,Side Swipe
None,EDSA,None,None,"No Accident Factor, Rear-end, 0.0 drivers_injured, 0.0 drivers_killed, 0.0 passengers_injured, 0.0 passengers_killed, 0.0 pedestrian_injured, 0.0 pedestrian_killed, Fair (Day), EDSA Timog Ave.  Quezon City",MMDA Road Safety Unit,,c7394075-50c3-404b-9686-8b9476e45d19,2015-12-11,03:30:00,EDSA Kaingin Road Quezon City,0,0,0,0,0,0,0,0,0,0,2015-12-11 11:30,Property,14.63293559,121.0446304,Rear-End
None,EDSA,None,None,"No Accident Factor, Rear-end, 0.0 drivers_injured, 0.0 drivers_killed, 0.0 passengers_injured, 0.0 passengers_killed, 0.0 pedestrian_injured, 0.0 pedestrian_killed, Fair (Night), EDSA Quezon Ave.  Quezon City",MMDA Road Safety Unit,,f0d78f19-9403-4348-a3d7-5f6a04632fd8,2015-12-10,12:40:00,EDSA Waltermart Quezon City,0,0,0,0,0,0,0,0,0,0,2015-12-10 20:40,Property,14.6442444,121.0375839,Rear-End
None,EDSA,None,None,"No Accident Factor, Side Swipe, 0.0 drivers_injured, 0.0 drivers_killed, 0.0 passengers_injured, 0.0 passengers_killed, 0.0 pedestrian_injured, 0.0 pedestrian_killed, Fair (Day), EDSA West Ave.  Quezon City",MMDA Road Safety Unit,,1e38a0f3-df4a-4923-bab3-5fb5648fe92d,2015-12-10,03:20:00,EDSA Timog Ave. Quezon City,0,0,0,0,0,0,0,0,0,0,2015-12-10 11:20,Property,14.65548924,121.0298079,Side Swipe
None,EDSA,None,None,"No Accident Factor, Side Swipe, 0.0 drivers_injured, 0.0 drivers_killed, 0.0 passengers_injured, 0.0 passengers_killed, 0.0 pedestrian_injured, 0.0 pedestrian_killed, Fair (Day), EDSA Kaingin Road Quezon City",MMDA Road Safety Unit,,f765ac36-fdc4-4ae6-8630-be7f1408254d,2015-12-10,02:00:00,"EDSA Shell Gas Station, A. Samson Quezon City",0,0,0,0,0,0,0,0,0,0,2015-12-10 10:00,Property,14.65746493,121.0109963,Side Swipe
None,EDSA,None,None,"No Accident Factor, Rear-end, 0.0 drivers_injured, 0.0 drivers_killed, 0.0 passengers_injured, 0.0 passengers_killed, 0.0 pedestrian_injured, 0.0 pedestrian_killed, Fair (Day), EDSA North Road Quezon City",MMDA Road Safety Unit,,7ffb4fce-7e67-4cb6-8d80-ff338bd682b8,2015-12-10,01:30:00,EDSA Ermin Garcia St. Quezon City,0,0,0,0,0,0,0,0,0,0,2015-12-10 9:30,Property,14.61444188,121.0532975,Rear-End
None,EDSA,None,None,"No Accident Factor, Side Swipe, 0.0 drivers_injured, 0.0 drivers_killed, 0.0 passengers_injured, 0.0 passengers_killed, 0.0 pedestrian_injured, 0.0 pedestrian_killed, Fair (Night), EDSA Santolan Road Quezon City",MMDA Road Safety Unit,,c97637ac-dfa2-435c-934b-088eaae686ea,2015-12-09,14:30:00,EDSA Santolan (SB)  Quezon City,0,0,0,0,0,0,0,0,0,0,2015-12-09 22:30,Property,14.6102736,121.0552175,Side Swipe
None,EDSA,None,None,"No Accident Factor, Side Swipe, 0.0 drivers_injured, 0.0 drivers_killed, 0.0 passengers_injured, 0.0 passengers_killed, 0.0 pedestrian_injured, 0.0 pedestrian_killed, Fair (Day), EDSA Quezon Ave. (United Church) Quezon City",MMDA Road Safety Unit,,e60ac027-73f9-4cc2-993f-b4d3f33977eb,2015-12-09,09:30:00,"EDSA Kamias Road, Pinyahan Quezon City",0,0,0,0,0,0,0,0,0,0,2015-12-09 17:30,Property,14.6442444,121.0375839,Side Swipe
None,EDSA,None,None,"No Accident Factor, Rear-end, 0.0 drivers_injured, 0.0 drivers_killed, 0.0 passengers_injured, 0.0 passengers_killed, 0.0 pedestrian_injured, 0.0 pedestrian_killed, Fair (Day), EDSA New York St. Quezon City",MMDA Road Safety Unit,,fa82d06b-f346-4d87-9f63-07d056955584,2015-12-09,07:30:00,EDSA Quezon Ave. Quezon City,0,0,0,0,0,0,0,0,0,0,2015-12-09 15:30,Property,14.62568514,121.0482307,Rear-End
None,EDSA,None,None,"No Accident Factor, Rear-end, 0.0 drivers_injured, 0.0 drivers_killed, 0.0 passengers_injured, 0.0 passengers_killed, 0.0 pedestrian_injured, 0.0 pedestrian_killed, Fair (Day), EDSA Ermin Garcia St. Quezon City",MMDA Road Safety Unit,,a5d898bf-960f-431d-a0ed-1468da731d93,2015-12-09,02:30:00,EDSA Cloverleaf Road Quezon City,0,0,0,0,0,0,0,0,0,0,2015-12-09 10:30,Property,14.62758814,121.047487,Rear-End
None,EDSA,None,None,"No Accident Factor, Side Swipe, 0.0 drivers_injured, 0.0 drivers_killed, 0.0 passengers_injured, 0.0 passengers_killed, 0.0 pedestrian_injured, 0.0 pedestrian_killed, Fair (Night), EDSA Cloverleaf Road Quezon City",MMDA Road Safety Unit,,7fce7b2c-7d0d-420e-9998-144ea6392a5d,2015-12-08,11:30:00,"EDSA Kamias Road, West Kamias Quezon City",0,0,0,0,0,0,0,0,0,0,2015-12-08 19:30,Property,14.65747901,121.0011914,Side Swipe
None,EDSA,None,None,"No Accident Factor, Side Swipe, 0.0 drivers_injured, 0.0 drivers_killed, 0.0 passengers_injured, 0.0 passengers_killed, 0.0 pedestrian_injured, 0.0 pedestrian_killed, Fair (Night), EDSA Cloverleaf Road Quezon City",MMDA Road Safety Unit,,d2abf066-f5a7-49aa-8dca-525e5e6e5219,2015-12-08,11:30:00,"EDSA Mercury Drug, Kamuning Quezon City",0,0,0,0,0,0,0,0,0,0,2015-12-08 19:30,Property,14.65747901,121.0011914,Side Swipe
None,EDSA,None,None,"No Accident Factor, Rear-end, 0.0 drivers_injured, 0.0 drivers_killed, 0.0 passengers_injured, 0.0 passengers_killed, 0.0 pedestrian_injured, 0.0 pedestrian_killed, Fair (Day), EDSA Timog Ave.  Quezon City",MMDA Road Safety Unit,,db8c90b8-828a-4323-9091-5eda2199079c,2015-12-08,01:50:00,EDSA Cloverleaf Road Quezon City,0,0,0,0,0,0,0,0,0,0,2015-12-08 9:50,Property,14.63293559,121.0446304,Rear-End
None,EDSA,None,None,"No Accident Factor, Side Swipe, 0.0 drivers_injured, 0.0 drivers_killed, 0.0 passengers_injured, 0.0 passengers_killed, 0.0 pedestrian_injured, 0.0 pedestrian_killed, Fair (Day), EDSA E. Lopez St.  Quezon City",MMDA Road Safety Unit,,0917f5e9-70b6-47f6-b944-ae227aa611bf,2015-12-08,00:15:00,EDSA Camp Aguinaldo (Gate 3) Quezon City,0,0,0,0,0,0,0,0,0,0,2015-12-08 8:15,Property,14.6396904,121.0403884,Side Swipe
None,EDSA,None,None,"No Accident Factor, Side Swipe, 0.0 drivers_injured, 0.0 drivers_killed, 0.0 passengers_injured, 0.0 passengers_killed, 0.0 pedestrian_injured, 0.0 pedestrian_killed, Fair (Night), EDSA Cloverleaf Road Quezon City",MMDA Road Safety Unit,,7f1e42cd-5f06-43f3-a845-ffb094a814c6,2015-12-07,17:30:00,"EDSA Robinsons Mall Galleria, Ugong Norte Quezon City",0,0,0,0,0,0,0,0,0,0,2015-12-08 1:30,Property,14.65747901,121.0011914,Side Swipe
None,EDSA,None,None,"No Accident Factor, Rear-end, 0.0 drivers_injured, 0.0 drivers_killed, 0.0 passengers_injured, 0.0 passengers_killed, 0.0 pedestrian_injured, 0.0 pedestrian_killed, Fair (Day), EDSA Monte De Piedad St. Quezon City",MMDA Road Safety Unit,,c5175b27-35e2-46d6-b728-c9c64e5176b1,2015-12-07,08:00:00,"EDSA MRT, Balintawak Quezon City",0,0,0,0,0,0,0,0,0,0,2015-12-07 16:00,Property,14.62346937,121.0491711,Rear-End
None,EDSA,None,None,"No Accident Factor, Rear-end, 0.0 drivers_injured, 0.0 drivers_killed, 0.0 passengers_injured, 0.0 passengers_killed, 0.0 pedestrian_injured, 0.0 pedestrian_killed, Fair (Day), EDSA Aurora Blvd. Quezon City",MMDA Road Safety Unit,,2b2595d8-50c0-4b74-a181-48546396ff12,2015-12-07,03:55:00,EDSA Quezon Ave. Quezon City,0,0,0,0,0,0,0,0,0,0,2015-12-07 11:55,Property,14.62163653,121.0501573,Rear-End
None,EDSA,None,None,"No Accident Factor, Side Swipe, 0.0 drivers_injured, 0.0 drivers_killed, 0.0 passengers_injured, 0.0 passengers_killed, 0.0 pedestrian_injured, 0.0 pedestrian_killed, Fair (Day), EDSA GMA-7  Quezon City",MMDA Road Safety Unit,,76e27e20-968f-4ab2-86f4-2552acd4f09e,2015-12-07,03:20:00,EDSA Kaingin Quezon City,0,0,0,0,0,0,0,0,0,0,2015-12-07 11:20,Property,14.63467214,121.0435714,Side Swipe
None,EDSA,None,None,"No Accident Factor, Rear-end, 0.0 drivers_injured, 0.0 drivers_killed, 0.0 passengers_injured, 0.0 passengers_killed, 0.0 pedestrian_injured, 0.0 pedestrian_killed, Fair (Day), EDSA Ermin Garcia St. Quezon City",MMDA Road Safety Unit,,5c9a9a2a-5a62-4956-a8d3-b4ede7df3392,2015-12-07,02:00:00,"EDSA SM Mall North, Pag-Asa Quezon City",0,0,0,0,0,0,0,0,0,0,2015-12-07 10:00,Property,14.62758814,121.047487,Rear-End
None,EDSA,None,None,"No Accident Factor, No Collision Stated (based on Police Blotter Book), 0.0 drivers_injured, 0.0 drivers_killed, 0.0 passengers_injured, 0.0 passengers_killed, 0.0 pedestrian_injured, 0.0 pedestrian_killed, Fair (Day), EDSA Mayor Ignacia Diaz St.  Quezon City",MMDA Road Safety Unit,,dc05a48d-8a97-4f16-a34f-6c36ea5d986b,2015-12-07,01:00:00,EDSA A. Samson Quezon City,0,0,0,0,0,0,0,0,0,0,2015-12-07 9:00,Property,14.61785258,121.0515682,No Collision Stated
None,EDSA,None,None,"No Accident Factor, Side Swipe, 0.0 drivers_injured, 0.0 drivers_killed, 0.0 passengers_injured, 0.0 passengers_killed, 0.0 pedestrian_injured, 0.0 pedestrian_killed, Fair (Day), EDSA Kaingin Road Quezon City",MMDA Road Safety Unit,,cc53aabc-5dd8-4f0d-b33a-5be7fd0d79b6,2015-12-06,23:30:00,EDSA Aurora Blvd. Quezon City,0,0,0,0,0,0,0,0,0,0,2015-12-07 7:30,Property,14.65746493,121.0109963,Side Swipe
None,EDSA,None,None,"No Accident Factor, Side Swipe, 0.0 drivers_injured, 0.0 drivers_killed, 0.0 passengers_injured, 0.0 passengers_killed, 0.0 pedestrian_injured, 0.0 pedestrian_killed, Fair (Night), EDSA Aurora Blvd. Quezon City",MMDA Road Safety Unit,,9470e1d7-8066-43d0-9b15-f8f198808369,2015-12-05,14:50:00,"EDSA Jac Liner Bus Terminal, Pinyahan Quezon City",0,0,0,0,0,0,0,0,0,0,2015-12-05 22:50,Property,14.62163653,121.0501573,Side Swipe
None,EDSA,None,None,"No Accident Factor, Side Swipe, 0.0 drivers_injured, 0.0 drivers_killed, 0.0 passengers_injured, 0.0 passengers_killed, 0.0 pedestrian_injured, 0.0 pedestrian_killed, Fair (Night), EDSA Aurora Blvd. Quezon City",MMDA Road Safety Unit,,a1249227-3671-4077-852a-fa355b41608d,2015-12-05,11:00:00,EDSA Kamias Road Quezon City,0,0,0,0,0,0,0,0,0,0,2015-12-05 19:00,Property,14.62163653,121.0501573,Side Swipe
None,EDSA,None,None,"No Accident Factor, Side Swipe, 0.0 drivers_injured, 0.0 drivers_killed, 0.0 passengers_injured, 0.0 passengers_killed, 0.0 pedestrian_injured, 0.0 pedestrian_killed, Fair (Day), EDSA Kaingin Road Quezon City",MMDA Road Safety Unit,,0effae57-00e9-4633-88dd-c361a599f053,2015-12-05,08:10:00,EDSA Cloverleaf Drive Quezon City,0,0,0,0,0,0,0,0,0,0,2015-12-05 16:10,Property,14.65746493,121.0109963,Side Swipe
None,EDSA,None,None,"No Accident Factor, Rear-end, 0.0 drivers_injured, 0.0 drivers_killed, 0.0 passengers_injured, 0.0 passengers_killed, 0.0 pedestrian_injured, 0.0 pedestrian_killed, Fair (Day), EDSA Nissan Motors Quezon City",MMDA Road Safety Unit,,f8f9dd0d-de32-490e-96a1-6cca8306c53b,2015-12-05,03:45:00,"EDSA Camp Aguinaldo (Gate 4), Camp Aguinaldo Quezon City",0,0,0,0,0,0,0,0,0,0,2015-12-05 11:45,Property,14.65769025,121.0138039,Rear-End
None,EDSA,None,None,"No Accident Factor, Side Swipe, 0.0 drivers_injured, 0.0 drivers_killed, 0.0 passengers_injured, 0.0 passengers_killed, 0.0 pedestrian_injured, 0.0 pedestrian_killed, Fair (Day), EDSA QCPD Station 10 Quezon City",MMDA Road Safety Unit,,4786c9b3-0fce-48e5-a03b-7020d427c3ae,2015-12-05,03:15:00,"EDSA Corinthian Garden, Ugong Norte Quezon City",0,0,0,0,0,0,0,0,0,0,2015-12-05 11:15,Property,14.62991873,121.0461256,Side Swipe
None,EDSA,None,None,"No Accident Factor, Rear-end, 0.0 drivers_injured, 0.0 drivers_killed, 0.0 passengers_injured, 0.0 passengers_killed, 0.0 pedestrian_injured, 0.0 pedestrian_killed, Fair (Day), EDSA Ermin Garcia St. Quezon City",MMDA Road Safety Unit,,aeb41adf-f1df-419d-b5b0-fc2b74e35ea0,2015-12-05,02:05:00,"EDSA Corinthian Garden, Ugong Norte Quezon City",0,0,0,0,0,0,0,0,0,0,2015-12-05 10:05,Property,14.62758814,121.047487,Rear-End
None,EDSA,None,None,"No Accident Factor, No Collision Stated (based on Police Blotter Book), 0.0 drivers_injured, 0.0 drivers_killed, 1.0 passengers_injured, 0.0 passengers_killed, 0.0 pedestrian_injured, 0.0 pedestrian_killed, Fair (Night), EDSA Balintawak Market Quezon City",MMDA Road Safety Unit,,a467dc0b-5e04-45bd-8491-d1313f425ebf,2015-12-04,14:30:00,EDSA New York St. Quezon City,0,0,0,0,1,0,0,0,0,1,2015-12-04 22:30,Injury,14.65740947,121.0025737,No Collision Stated
None,EDSA,None,None,"No Accident Factor, No Collision Stated (based on Police Blotter Book), 0.0 drivers_injured, 0.0 drivers_killed, 0.0 passengers_injured, 0.0 passengers_killed, 0.0 pedestrian_injured, 0.0 pedestrian_killed, Fair (Night), EDSA Timog Ave.  Quezon City",MMDA Road Safety Unit,,c62f13da-a8c7-42c7-ac08-7ece5a7b18cc,2015-12-04,14:15:00,EDSA Whiteplains Ave.  Quezon City,0,0,0,0,0,0,0,0,0,0,2015-12-04 22:15,Property,14.63293559,121.0446304,No Collision Stated
None,EDSA,None,None,"No Accident Factor, Rear-end, 0.0 drivers_injured, 0.0 drivers_killed, 0.0 passengers_injured, 0.0 passengers_killed, 0.0 pedestrian_injured, 0.0 pedestrian_killed, Fair (Night), EDSA Main Ave. Quezon City",MMDA Road Safety Unit,,dc66c50f-1085-4369-8057-daabc94ac3ed,2015-12-04,11:40:00,EDSA Kamuning Road Quezon City,0,0,0,0,0,0,0,0,0,0,2015-12-04 19:40,Property,14.61376458,121.0537933,Rear-End
None,EDSA,None,None,"No Accident Factor, Side Swipe, 0.0 drivers_injured, 0.0 drivers_killed, 0.0 passengers_injured, 0.0 passengers_killed, 0.0 pedestrian_injured, 0.0 pedestrian_killed, Fair (Day), EDSA Roosevelt Ave.  Quezon City",MMDA Road Safety Unit,,33dd4e6d-c493-43cd-aa7c-90663f9bc647,2015-12-04,08:30:00,"EDSA Superlines Bus Terminal, E. Rodriguez  Quezon City",0,0,0,0,0,0,0,0,0,0,2015-12-04 16:30,Property,14.65762047,121.0196373,Side Swipe
None,EDSA,None,None,"No Accident Factor, Side Swipe, 0.0 drivers_injured, 0.0 drivers_killed, 0.0 passengers_injured, 0.0 passengers_killed, 0.0 pedestrian_injured, 0.0 pedestrian_killed, Fair (Day), EDSA Timog Ave.  Quezon City",MMDA Road Safety Unit,,5a4ba9b7-8ba5-4d9d-b460-8cbe58a48072,2015-12-03,23:00:00,EDSA Santolan MRT Station Quezon City,0,0,0,0,0,0,0,0,0,0,2015-12-04 7:00,Property,14.63293559,121.0446304,Side Swipe
None,EDSA,None,None,"No Accident Factor, No Collision Stated (based on Police Blotter Book), 0.0 drivers_injured, 0.0 drivers_killed, 0.0 passengers_injured, 0.0 passengers_killed, 0.0 pedestrian_injured, 0.0 pedestrian_killed, Fair (Night), EDSA Cloverleaf Road Quezon City",MMDA Road Safety Unit,,511d973a-644a-4b92-9db5-84ee6f0b7b49,2015-12-03,11:30:00,EDSA Main Ave. Quezon City,0,0,0,0,0,0,0,0,0,0,2015-12-03 19:30,Property,14.65747901,121.0011914,No Collision Stated
None,EDSA,None,None,"No Accident Factor, Rear-end, 0.0 drivers_injured, 0.0 drivers_killed, 0.0 passengers_injured, 0.0 passengers_killed, 0.0 pedestrian_injured, 0.0 pedestrian_killed, Fair (Night), EDSA GMA-7  Quezon City",MMDA Road Safety Unit,,d6182e37-117a-4ac1-a762-95c646451a1f,2015-12-03,10:15:00,EDSA Kamias Road Quezon City,0,0,0,0,0,0,0,0,0,0,2015-12-03 18:15,Property,14.63467214,121.0435714,Rear-End
None,EDSA,None,None,"No Accident Factor, No Collision Stated (based on Police Blotter Book), 0.0 drivers_injured, 0.0 drivers_killed, 0.0 passengers_injured, 0.0 passengers_killed, 0.0 pedestrian_injured, 0.0 pedestrian_killed, Fair (Day), EDSA Misamis St. Quezon City",MMDA Road Safety Unit,,5bf1b85f-97d2-4aeb-ba58-6024bcfec9af,2015-12-03,07:10:00,EDSA Camp Aguinaldo (Gate 3) Quezon City,0,0,0,0,0,0,0,0,0,0,2015-12-03 15:10,Property,14.65602348,121.0285212,No Collision Stated
None,EDSA,None,None,"No Accident Factor, Side Swipe, 0.0 drivers_injured, 0.0 drivers_killed, 0.0 passengers_injured, 0.0 passengers_killed, 0.0 pedestrian_injured, 0.0 pedestrian_killed, Fair (Day), EDSA Col. Bonny Serrano Ave. (Caltex Gas Station, Socorro) Quezon City",MMDA Road Safety Unit,,8c1c9804-fda3-46ee-9251-e43d7c0d74d9,2015-12-03,05:45:00,EDSA Cloverleaf Road Quezon City,0,0,0,0,0,0,0,0,0,0,2015-12-03 13:45,Property,14.61107337,121.0550705,Side Swipe
None,EDSA,None,None,"No Accident Factor, No Collision Stated (based on Police Blotter Book), 0.0 drivers_injured, 0.0 drivers_killed, 0.0 passengers_injured, 0.0 passengers_killed, 0.0 pedestrian_injured, 0.0 pedestrian_killed, Fair (Night), EDSA SM City Hall loading bay Quezon City",MMDA Road Safety Unit,,f81c4bbe-e52f-42f5-badb-1de4197c597b,2015-12-02,15:30:00,EDSA Quezon Ave. Quezon City,0,0,0,0,0,0,0,0,0,0,2015-12-02 23:30,Property,14.6563096,121.02741,No Collision Stated
None,EDSA,None,None,"No Accident Factor, Rear-end, 0.0 drivers_injured, 0.0 drivers_killed, 0.0 passengers_injured, 0.0 passengers_killed, 0.0 pedestrian_injured, 0.0 pedestrian_killed, Fair (Night), EDSA Roosevelt Ave.  Quezon City",MMDA Road Safety Unit,,c35babb6-0571-42fa-9b8c-673f88c28343,2015-12-02,12:40:00,EDSA Kamias Road (Jollibee) Quezon City,0,0,0,0,0,0,0,0,0,0,2015-12-02 20:40,Property,14.65762047,121.0196373,Rear-End
None,EDSA,None,None,"No Accident Factor, No Collision Stated (based on Police Blotter Book), 0.0 drivers_injured, 0.0 drivers_killed, 0.0 passengers_injured, 0.0 passengers_killed, 0.0 pedestrian_injured, 0.0 pedestrian_killed, Fair (Night), EDSA Quezon Ave. Quezon City",MMDA Road Safety Unit,,36c7f829-535f-415a-8a43-48436cfdbb3d,2015-12-02,12:00:00,EDSA Main Ave. (Petron Gas Station) Quezon City,0,0,0,0,0,0,0,0,0,0,2015-12-02 20:00,Property,14.6442444,121.0375839,No Collision Stated
None,EDSA,None,None,"No Accident Factor, Side Swipe, 0.0 drivers_injured, 0.0 drivers_killed, 0.0 passengers_injured, 0.0 passengers_killed, 0.0 pedestrian_injured, 0.0 pedestrian_killed, Fair (Night), EDSA A. Samson  Quezon City",MMDA Road Safety Unit,,11161d54-8111-4905-bb88-4b9405d91d94,2015-12-02,11:30:00,"EDSA SM North, Pag-Asa Quezon City",0,0,0,0,0,0,0,0,0,0,2015-12-02 19:30,Property,14.65731173,121.0011071,Side Swipe
None,EDSA,None,None,"No Accident Factor, Side Swipe, 0.0 drivers_injured, 0.0 drivers_killed, 0.0 passengers_injured, 0.0 passengers_killed, 0.0 pedestrian_injured, 0.0 pedestrian_killed, Fair (Day), EDSA New York St. Quezon City",MMDA Road Safety Unit,,5c5d0614-3b17-4bba-8390-f39fc7e273e4,2015-12-02,09:30:00,"EDSA Araneta Footbridge, Socorro Quezon City",0,0,0,0,0,0,0,0,0,0,2015-12-02 17:30,Property,14.62568514,121.0482307,Side Swipe
None,EDSA,None,None,"No Accident Factor, No Collision Stated (based on Police Blotter Book), 0.0 drivers_injured, 0.0 drivers_killed, 0.0 passengers_injured, 0.0 passengers_killed, 0.0 pedestrian_injured, 0.0 pedestrian_killed, Fair (Day), EDSA SM North Quezon City",MMDA Road Safety Unit,,08203030-7028-49df-a347-2713ecdb040f,2015-12-02,06:30:00,"EDSA Whiteplains, Camp Aguinaldo Quezon City",0,0,0,0,0,0,0,0,0,0,2015-12-02 14:30,Property,14.65645143,121.0271077,No Collision Stated
None,EDSA,None,None,"No Accident Factor, Side Swipe, 0.0 drivers_injured, 0.0 drivers_killed, 0.0 passengers_injured, 0.0 passengers_killed, 0.0 pedestrian_injured, 0.0 pedestrian_killed, Fair (Night), EDSA Santolan MRT Station, Camp Aguinaldo Quezon City",MMDA Road Safety Unit,,8a0fecc6-5526-473b-b0db-57adf9c3b2bb,2015-12-01,17:30:00,EDSA Cloverleaf Road Quezon City,0,0,0,0,0,0,0,0,0,0,2015-12-02 1:30,Property,14.60773988,121.0564577,Side Swipe
None,EDSA,None,None,"No Accident Factor, Hit Parked Vehicle, 0.0 drivers_injured, 0.0 drivers_killed, 0.0 passengers_injured, 0.0 passengers_killed, 0.0 pedestrian_injured, 0.0 pedestrian_killed, Fair (Night), EDSA Kamias Road, Pinyahan Quezon City",MMDA Road Safety Unit,,d0c13d66-3234-4340-89da-c44daca5c4f4,2015-12-01,12:20:00,EDSA Cloverleaf Road Quezon City,0,0,0,0,0,0,0,0,0,0,2015-12-01 20:20,Property,14.6309142,121.0459376,Hit Object
None,EDSA,None,None,"No Accident Factor, No Collision Stated (based on Police Blotter Book), 0.0 drivers_injured, 0.0 drivers_killed, 0.0 passengers_injured, 0.0 passengers_killed, 0.0 pedestrian_injured, 0.0 pedestrian_killed, Fair (Night), EDSA ""U"" turn slot, R. Magsaysay Quezon City",MMDA Road Safety Unit,,95e07b7d-2c2e-4086-a4c3-5afc4203c00f,2015-12-01,10:00:00,"EDSA Kamuning Police Station 10, West Kamias Quezon City",0,0,0,0,0,0,0,0,0,0,2015-12-01 18:00,Property,14.65655357,121.0260701,No Collision Stated
None,EDSA,None,None,"No Accident Factor, Rear-end, 0.0 drivers_injured, 0.0 drivers_killed, 0.0 passengers_injured, 0.0 passengers_killed, 0.0 pedestrian_injured, 0.0 pedestrian_killed, Fair (Night), EDSA West Ave.  Quezon City",MMDA Road Safety Unit,,4b7c2a1f-247c-4508-b5a1-ce4150364a7c,2015-12-01,10:00:00,"EDSA SM Mall North, Pag-Asa Quezon City",0,0,0,0,0,0,0,0,0,0,2015-12-01 18:00,Property,14.65548924,121.0298079,Rear-End
None,EDSA,None,None,"No Accident Factor, Side Swipe, 0.0 drivers_injured, 0.0 drivers_killed, 0.0 passengers_injured, 0.0 passengers_killed, 0.0 pedestrian_injured, 0.0 pedestrian_killed, Fair (Day), EDSA Kaingin Road Quezon City",MMDA Road Safety Unit,,c288adce-9670-4d7a-8b2a-6ec296eb0626,2015-12-01,08:30:00,"EDSA Nepa Q-Mart, E. Rodriguez Quezon City",0,0,0,0,0,0,0,0,0,0,2015-12-01 16:30,Property,14.65746493,121.0109963,Side Swipe
None,EDSA,None,None,"No Accident Factor, Rear-end, 0.0 drivers_injured, 0.0 drivers_killed, 0.0 passengers_injured, 0.0 passengers_killed, 0.0 pedestrian_injured, 0.0 pedestrian_killed, Fair (Day), EDSA Santolan  Quezon City",MMDA Road Safety Unit,,0c515d5e-f633-44e1-83e7-bd725dbb289d,2015-12-01,02:30:00,EDSA Kamuning Road Quezon City,0,0,0,0,0,0,0,0,0,0,2015-12-01 10:30,Property,14.61090554,121.0550155,Rear-End
None,EDSA,None,None,"No Accident Factor, Rear-end, 0.0 drivers_injured, 0.0 drivers_killed, 0.0 passengers_injured, 0.0 passengers_killed, 0.0 pedestrian_injured, 0.0 pedestrian_killed, Fair (Day), EDSA West Ave.  Quezon City",MMDA Road Safety Unit,,447e696a-b6cd-4dd3-8faf-d2bb0ec8cc30,2015-12-01,02:00:00,EDSA Main Ave. Quezon City,0,0,0,0,0,0,0,0,0,0,2015-12-01 10:00,Property,14.65548924,121.0298079,Rear-End
None,EDSA,None,None,"No Accident Factor, Rear-end, 0.0 drivers_injured, 0.0 drivers_killed, 0.0 passengers_injured, 0.0 passengers_killed, 0.0 pedestrian_injured, 0.0 pedestrian_killed, Fair (Night), EDSA Corregidor St. Quezon City",MMDA Road Safety Unit,,42ff8b6d-882d-4446-9c44-ae94de77873a,2015-11-30,13:25:00,"EDSA Baliwag Liner Bus Terminal, Cubao, E. Rodriguez Quezon City",0,0,0,0,0,0,0,0,0,0,2015-11-30 21:25,Property,14.65707679,121.0241648,Rear-End
None,EDSA,None,None,"No Accident Factor, Side Swipe, 0.0 drivers_injured, 0.0 drivers_killed, 0.0 passengers_injured, 0.0 passengers_killed, 0.0 pedestrian_injured, 0.0 pedestrian_killed, Fair (Day), EDSA Shell Gas Station A. Samson  Quezon City",MMDA Road Safety Unit,,c3f5d5dc-9343-481b-8b33-e7857d42c4f0,2015-11-30,08:30:00,EDSA New York St. Quezon City,0,0,0,0,0,0,0,0,0,0,2015-11-30 16:30,Property,14.65761329,121.0076049,Side Swipe
None,EDSA,None,None,"No Accident Factor, Hit Object (Fence/Wall-See-thru, MMDA), 0.0 drivers_injured, 0.0 drivers_killed, 0.0 passengers_injured, 0.0 passengers_killed, 0.0 pedestrian_injured, 0.0 pedestrian_killed, Fair (Day), EDSA East Ave. Quezon City",MMDA Road Safety Unit,,425e801b-7dc8-43fc-b80c-97f992a19a16,2015-11-30,03:15:00,EDSA Roosevelt Ave.  Quezon City,0,0,0,0,0,0,0,0,0,0,2015-11-30 11:15,Property,14.6328297,121.0451176,Hit Object