LOCATION_TEXT,ROAD,WEATHER,LIGHT,DESC,REPORTING_AGENCY,MAIN_CAUSE,INCIDENTDETAILS_ID,DATE_UTC,TIME_UTC,ADDRESS,killed_driver,killed_passenger,killed_pedestrian,injured_driver,injured_passenger,injured_pedestrian,killed_uncategorized,injured_uncategorized,killed_total,injured_total,DATETIME_PST,SEVERITY,Y,X,COLLISION_TYPE
None,EDSA,None,None,"No Accident Factor, Side Swipe, 0.0 drivers_injured, 0.0 drivers_killed, 0.0 passengers_injured, 0.0 passengers_killed, 0.0 pedestrian_injured, 0.0 pedestrian_killed, Fair (Day), EDSA Jac Liner Bus Terminal, Pinyahan Quezon City",MMDA Road Safety Unit,,b40a5713-1e9a-44c8-a0d5-6aeed420dd66,2015-11-30,00:00:00,EDSA Aurora Blvd. Quezon City,0,0,0,0,0,0,0,0,0,0,2015-11-30 8:00,Property,14.63162939,121.0456857,Side Swipe
None,EDSA,None,None,"No Accident Factor, Rear-end, 0.0 drivers_injured, 0.0 drivers_killed, 0.0 passengers_injured, 0.0 passengers_killed, 0.0 pedestrian_injured, 0.0 pedestrian_killed, Fair (Day), EDSA QCPD Station 10 Quezon City",MMDA Road Safety Unit,,d0c03520-0481-4bc1-a690-95cf9ed70062,2015-11-29,23:20:00,"EDSA ""U"" turn slot, Quezon City Academy Quezon City",0,0,0,0,0,0,0,0,0,0,2015-11-30 7:20,Property,14.62991873,121.0461256,Rear-End
None,EDSA,None,None,"No Accident Factor, Hit and Run (No Collision Stated), 0.0 drivers_injured, 1.0 drivers_killed, 0.0 passengers_injured, 0.0 passengers_killed, 0.0 pedestrian_injured, 0.0 pedestrian_killed, Fair (Night), EDSA Corinthian Garden, Ugong Norte Quezon City",MMDA Road Safety Unit,,207a52e9-225e-4707-8d6d-d194666095b7,2015-11-29,19:25:00,EDSA Scout Borromeo St.  Quezon City,1,0,0,0,0,0,0,0,1,0,2015-11-30 3:25,Fatal,14.59580783,121.0595248,No Collision Stated
None,EDSA,None,None,"No Accident Factor, No Collision Stated (based on Police Blotter Book), 0.0 drivers_injured, 0.0 drivers_killed, 0.0 passengers_injured, 0.0 passengers_killed, 0.0 pedestrian_injured, 0.0 pedestrian_killed, Fair (Night), EDSA Aurora Blvd. Quezon City",MMDA Road Safety Unit,,9508f58c-df52-4f9e-afec-a41cee19c1cb,2015-11-29,19:25:00,EDSA Misamis St. Quezon City,0,0,0,0,0,0,0,0,0,0,2015-11-30 3:25,Property,14.62163653,121.0501573,No Collision Stated
None,EDSA,None,None,"No Accident Factor, Rear-end, 0.0 drivers_injured, 0.0 drivers_killed, 0.0 passengers_injured, 0.0 passengers_killed, 0.0 pedestrian_injured, 0.0 pedestrian_killed, Fair (Night), EDSA Corinthian Garden 5 Quezon City",MMDA Road Safety Unit,,dc0309df-14ae-4408-a480-26af9be4b775,2015-11-29,17:30:00,EDSA Aurora Blvd. Quezon City,0,0,0,0,0,0,0,0,0,0,2015-11-30 1:30,Property,14.59580783,121.0595248,Rear-End
None,EDSA,None,None,"No Accident Factor, No Collision Stated (based on Police Blotter Book), 0.0 drivers_injured, 0.0 drivers_killed, 0.0 passengers_injured, 0.0 passengers_killed, 0.0 pedestrian_injured, 0.0 pedestrian_killed, Fair (Night), EDSA QCPD Station 10 Quezon City",MMDA Road Safety Unit,,159e8f0e-e7b4-4de7-a4cb-164134f033e2,2015-11-29,11:30:00,EDSA Misamis St. Quezon City,0,0,0,0,0,0,0,0,0,0,2015-11-29 19:30,Property,14.62991873,121.0461256,No Collision Stated
None,EDSA,None,None,"No Accident Factor, No Collision Stated (based on Police Blotter Book), 0.0 drivers_injured, 0.0 drivers_killed, 0.0 passengers_injured, 0.0 passengers_killed, 0.0 pedestrian_injured, 0.0 pedestrian_killed, Fair (Day), EDSA ""U"" turn slot, GMA-7 Quezon City",MMDA Road Safety Unit,,0151e4e4-3c97-4294-ad66-a0182936b37a,2015-11-29,08:30:00,EDSA Gen. Roxas Ave. Quezon City,0,0,0,0,0,0,0,0,0,0,2015-11-29 16:30,Property,14.63376993,121.0443308,No Collision Stated
None,EDSA,None,None,"No Accident Factor, No Collision Stated (based on Police Blotter Book), 0.0 drivers_injured, 0.0 drivers_killed, 0.0 passengers_injured, 0.0 passengers_killed, 0.0 pedestrian_injured, 0.0 pedestrian_killed, Fair (Day), EDSA Timog Ave.  Quezon City",MMDA Road Safety Unit,,9976139e-b1bd-4e8b-b1af-5fcc39d2c208,2015-11-29,06:35:00,EDSA East Ave. Quezon City,0,0,0,0,0,0,0,0,0,0,2015-11-29 14:35,Property,14.63293559,121.0446304,No Collision Stated
None,EDSA,None,None,"No Accident Factor, Side Swipe, 0.0 drivers_injured, 0.0 drivers_killed, 0.0 passengers_injured, 0.0 passengers_killed, 0.0 pedestrian_injured, 0.0 pedestrian_killed, Fair (Day), EDSA Mercury Drugstore, West Kamias Quezon City",MMDA Road Safety Unit,,cc290192-865b-44ba-9804-740e2101928a,2015-11-29,05:30:00,EDSA Aurora Blvd. Quezon City,0,0,0,0,0,0,0,0,0,0,2015-11-29 13:30,Property,14.63053361,121.0461718,Side Swipe
None,EDSA,None,None,"No Accident Factor, Side Swipe, 0.0 drivers_injured, 0.0 drivers_killed, 0.0 passengers_injured, 0.0 passengers_killed, 0.0 pedestrian_injured, 0.0 pedestrian_killed, Fair (Day), EDSA Aurora Blvd. Quezon City",MMDA Road Safety Unit,,0ae58196-3f74-4a43-afba-765151c95863,2015-11-29,00:55:00,"EDSA GMA-7, Pinyahan Quezon City",0,0,0,0,0,0,0,0,0,0,2015-11-29 8:55,Property,14.62163653,121.0501573,Side Swipe
None,EDSA,None,None,"No Accident Factor, Rear-end, 0.0 drivers_injured, 0.0 drivers_killed, 0.0 passengers_injured, 0.0 passengers_killed, 0.0 pedestrian_injured, 0.0 pedestrian_killed, Fair (Night), EDSA Ermin Garcia St. Quezon City",MMDA Road Safety Unit,,b0e038dd-d9f2-4e8b-804b-ed7cdded3004,2015-11-28,15:00:00,EDSA Kaingin Road Quezon City,0,0,0,0,0,0,0,0,0,0,2015-11-28 23:00,Property,14.62758814,121.047487,Rear-End
None,EDSA,None,None,"No Accident Factor, Rear-end, 0.0 drivers_injured, 0.0 drivers_killed, 0.0 passengers_injured, 0.0 passengers_killed, 0.0 pedestrian_injured, 0.0 pedestrian_killed, Fair (Day), EDSA Trinoma ""U"" turn slot  Quezon City",MMDA Road Safety Unit,,7cffd906-fe79-4334-a674-53de88d54cb2,2015-11-28,08:30:00,EDSA Kamias Road Quezon City,0,0,0,0,0,0,0,0,0,0,2015-11-28 16:30,Property,14.65356597,121.0313945,Rear-End
None,EDSA,None,None,"No Accident Factor, Side Swipe, 0.0 drivers_injured, 0.0 drivers_killed, 0.0 passengers_injured, 0.0 passengers_killed, 0.0 pedestrian_injured, 0.0 pedestrian_killed, Fair (Day), EDSA Emerson Bldg.  Quezon City",MMDA Road Safety Unit,,029aac72-f8af-4937-b225-b4cb09c33582,2015-11-28,05:30:00,EDSA Col. Bonny Serrano Ave. Service Road Quezon City,0,0,0,0,0,0,0,0,0,0,2015-11-28 13:30,Property,14.65567149,121.0294478,Side Swipe
None,EDSA,None,None,"No Accident Factor, Rear-end, 0.0 drivers_injured, 0.0 drivers_killed, 0.0 passengers_injured, 0.0 passengers_killed, 0.0 pedestrian_injured, 0.0 pedestrian_killed, Fair (Day), EDSA Aurora Blvd. Quezon City",MMDA Road Safety Unit,,f77d0d70-1d18-4233-ba76-fca75686c7be,2015-11-28,05:00:00,EDSA Arayat St. Quezon City,0,0,0,0,0,0,0,0,0,0,2015-11-28 13:00,Property,14.62163653,121.0501573,Rear-End
None,EDSA,None,None,"No Accident Factor, Hit and Run (No Collision Stated), 0.0 drivers_injured, 0.0 drivers_killed, 0.0 passengers_injured, 0.0 passengers_killed, 0.0 pedestrian_injured, 0.0 pedestrian_killed, Fair (Day), EDSA E. Lopez St.  Quezon City",MMDA Road Safety Unit,,73228672-ec0d-434a-a466-a0c7a8b0b438,2015-11-28,03:45:00,"EDSA Camp Aguinaldo (Gate 4), Camp Aguinaldo Quezon City",0,0,0,0,0,0,0,0,0,0,2015-11-28 11:45,Property,14.6396904,121.0403884,No Collision Stated
None,EDSA,None,None,"No Accident Factor, Side Swipe, 0.0 drivers_injured, 0.0 drivers_killed, 0.0 passengers_injured, 0.0 passengers_killed, 0.0 pedestrian_injured, 0.0 pedestrian_killed, Fair (Day), EDSA Ortigas Ave. Quezon City",MMDA Road Safety Unit,,be2bf7f9-cf0a-49a9-9bd9-daf62282db16,2015-11-27,22:30:00,EDSA Congressional Ave. Quezon City,0,0,0,0,0,0,0,0,0,0,2015-11-28 6:30,Property,14.59335253,121.0584107,Side Swipe
None,EDSA,None,None,"No Accident Factor, Side Swipe, 0.0 drivers_injured, 0.0 drivers_killed, 0.0 passengers_injured, 0.0 passengers_killed, 0.0 pedestrian_injured, 0.0 pedestrian_killed, Fair (Night), EDSA Aurora Blvd. Quezon City",MMDA Road Safety Unit,,342c5bf0-4c36-44d1-838b-b911c5dac40c,2015-11-27,14:30:00,EDSA Nepa Q-Mart Quezon City,0,0,0,0,0,0,0,0,0,0,2015-11-27 22:30,Property,14.62163653,121.0501573,Side Swipe
None,EDSA,None,None,"No Accident Factor, Rear-end, 0.0 drivers_injured, 0.0 drivers_killed, 0.0 passengers_injured, 0.0 passengers_killed, 0.0 pedestrian_injured, 0.0 pedestrian_killed, Fair (Night), EDSA Mindanao Ave. Ext. Quezon City",MMDA Road Safety Unit,,d148eeee-6924-4792-81ee-974436661990,2015-11-27,14:00:00,EDSA Oliveros  Quezon City,0,0,0,0,0,0,0,0,0,0,2015-11-27 22:00,Property,14.65052386,121.0335656,Rear-End
None,EDSA,None,None,"No Accident Factor, Rear-end, 0.0 drivers_injured, 0.0 drivers_killed, 0.0 passengers_injured, 0.0 passengers_killed, 0.0 pedestrian_injured, 0.0 pedestrian_killed, Fair (Night), EDSA QCPD Station 10 Quezon City",MMDA Road Safety Unit,,9ad34e01-4231-48b0-aaf1-1dde011cc7af,2015-11-27,12:00:00,EDSA Scout Borromeo St. Quezon City,0,0,0,0,0,0,0,0,0,0,2015-11-27 20:00,Property,14.62991873,121.0461256,Rear-End
None,EDSA,None,None,"No Accident Factor, Side Swipe, 0.0 drivers_injured, 0.0 drivers_killed, 0.0 passengers_injured, 0.0 passengers_killed, 0.0 pedestrian_injured, 0.0 pedestrian_killed, Fair (Night), EDSA Ermin Garcia St. (Nepa Q-Mart, E. Rodriguez) Quezon City",MMDA Road Safety Unit,,d343e0a0-3a74-4255-827d-1eb97f0aee80,2015-11-27,10:45:00,EDSA Arayat St. Quezon City,0,0,0,0,0,0,0,0,0,0,2015-11-27 18:45,Property,14.6280525,121.0472619,Side Swipe
None,EDSA,None,None,"No Accident Factor, No Collision Stated (based on Police Blotter Book), 0.0 drivers_injured, 0.0 drivers_killed, 0.0 passengers_injured, 0.0 passengers_killed, 0.0 pedestrian_injured, 0.0 pedestrian_killed, Fair (Night), EDSA Timog Ave.  Quezon City",MMDA Road Safety Unit,,c080cc85-3056-4556-a207-c4acfc6fa461,2015-11-27,10:10:00,EDSA Nepa Q-Mart Quezon City,0,0,0,0,0,0,0,0,0,0,2015-11-27 18:10,Property,14.63293559,121.0446304,No Collision Stated
None,EDSA,None,None,"No Accident Factor, No Collision Stated (based on Police Blotter Book), 0.0 drivers_injured, 0.0 drivers_killed, 0.0 passengers_injured, 0.0 passengers_killed, 0.0 pedestrian_injured, 0.0 pedestrian_killed, Fair (Day), EDSA K-3rd St.  Quezon City",MMDA Road Safety Unit,,20f42146-60b3-48ad-8dcd-5a470959f929,2015-11-27,09:00:00,"EDSA Corinthian Garden (Gate 2), Ugong Norte Quezon City",0,0,0,0,0,0,0,0,0,0,2015-11-27 17:00,Property,14.62942357,121.0463854,No Collision Stated
None,EDSA,None,None,"No Accident Factor, Rear-end, 0.0 drivers_injured, 0.0 drivers_killed, 0.0 passengers_injured, 0.0 passengers_killed, 0.0 pedestrian_injured, 0.0 pedestrian_killed, Fair (Day), EDSA Camp Aguinaldo Quezon City",MMDA Road Safety Unit,,19877a05-53a4-40e7-b252-ae95c1495ca1,2015-11-27,09:00:00,"EDSA ""U"" turn slot, Timog Ave. Quezon City",0,0,0,0,0,0,0,0,0,0,2015-11-27 17:00,Property,14.60818699,121.0564562,Rear-End
None,EDSA,None,None,"No Accident Factor, Rear-end, 0.0 drivers_injured, 0.0 drivers_killed, 0.0 passengers_injured, 0.0 passengers_killed, 0.0 pedestrian_injured, 0.0 pedestrian_killed, Fair (Day), EDSA White Plains Ave.  Quezon City",MMDA Road Safety Unit,,d8366b05-958e-4be7-9d9e-9649b98436b7,2015-11-27,08:30:00,EDSA Kamias Road Quezon City,0,0,0,0,0,0,0,0,0,0,2015-11-27 16:30,Property,14.59961782,121.0596522,Rear-End
None,EDSA,None,None,"No Accident Factor, Side Swipe, 0.0 drivers_injured, 0.0 drivers_killed, 0.0 passengers_injured, 0.0 passengers_killed, 0.0 pedestrian_injured, 0.0 pedestrian_killed, Fair (Night), EDSA SM North Bus Bay Quezon City",MMDA Road Safety Unit,,253ef86e-2278-44d6-a407-8fef1adec330,2015-11-26,10:00:00,"EDSA North Ave., MRT North station Quezon City",0,0,0,0,0,0,0,0,0,0,2015-11-26 18:00,Property,14.65645143,121.0271077,Side Swipe
None,EDSA,None,None,"No Accident Factor, No Collision Stated (based on Police Blotter Book), 0.0 drivers_injured, 0.0 drivers_killed, 0.0 passengers_injured, 0.0 passengers_killed, 0.0 pedestrian_injured, 0.0 pedestrian_killed, Fair (Day), EDSA Panay Ave. Quezon City",MMDA Road Safety Unit,,bbde2598-fed1-4658-9757-d7171b243100,2015-11-26,06:30:00,EDSA Bansalangin St. Quezon City,0,0,0,0,0,0,0,0,0,0,2015-11-26 14:30,Property,14.64294686,121.0381076,No Collision Stated
None,EDSA,None,None,"No Accident Factor, Rear-end, 0.0 drivers_injured, 0.0 drivers_killed, 0.0 passengers_injured, 0.0 passengers_killed, 0.0 pedestrian_injured, 0.0 pedestrian_killed, Fair (Day), EDSA Whiteplains, Camp Aguinaldo Quezon City",MMDA Road Safety Unit,,6ee32be0-87c0-4997-88f6-fd3e3481b019,2015-11-26,02:30:00,EDSA Aurora Blvd. Quezon City,0,0,0,0,0,0,0,0,0,0,2015-11-26 10:30,Property,14.59961782,121.0596522,Rear-End
None,EDSA,None,None,"No Accident Factor, No Collision Stated (based on Police Blotter Book), 0.0 drivers_injured, 0.0 drivers_killed, 0.0 passengers_injured, 0.0 passengers_killed, 0.0 pedestrian_injured, 0.0 pedestrian_killed, Fair (Day), EDSA NIA Road (Shell Gas Station, Central) Quezon City",MMDA Road Safety Unit,,83eee849-c9c8-4f5a-b1d8-c7955bbcfabc,2015-11-26,01:20:00,EDSA Aurora Blvd. Quezon City,0,0,0,0,0,0,0,0,0,0,2015-11-26 9:20,Property,14.63727823,121.0421362,No Collision Stated
None,EDSA,None,None,"No Accident Factor, Side Swipe, 0.0 drivers_injured, 0.0 drivers_killed, 0.0 passengers_injured, 0.0 passengers_killed, 0.0 pedestrian_injured, 0.0 pedestrian_killed, Fair (Day), EDSA Camp Aguinaldo Quezon City",MMDA Road Safety Unit,,7aef389c-79a1-46a2-8e09-0451e0a08d5c,2015-11-25,23:05:00,EDSA Roosevelt Ave. Quezon City,0,0,0,0,0,0,0,0,0,0,2015-11-26 7:05,Property,14.60818699,121.0564562,Side Swipe
None,EDSA,None,None,"No Accident Factor, Side Swipe, 0.0 drivers_injured, 0.0 drivers_killed, 0.0 passengers_injured, 0.0 passengers_killed, 0.0 pedestrian_injured, 0.0 pedestrian_killed, Fair (Night), EDSA Aurora Blvd. Quezon City",MMDA Road Safety Unit,,9a4d59a1-5561-46b7-b9f4-b1ef0c4ea73a,2015-11-25,17:30:00,"EDSA MRT-GMA Kamuning Station, Pinyahan Quezon City",0,0,0,0,0,0,0,0,0,0,2015-11-26 1:30,Property,14.62163653,121.0501573,Side Swipe
None,EDSA,None,None,"No Accident Factor, No Collision Stated (based on Police Blotter Book), 0.0 drivers_injured, 0.0 drivers_killed, 0.0 passengers_injured, 0.0 passengers_killed, 0.0 pedestrian_injured, 0.0 pedestrian_killed, Fair (Night), EDSA SM Annex Mall Quezon City",MMDA Road Safety Unit,,56c9c45e-c4dc-4ff5-973c-bbb5c7972762,2015-11-25,13:15:00,EDSA Gen. McArthur Ave. Quezon City,0,0,0,0,0,0,0,0,0,0,2015-11-25 21:15,Property,14.65628012,121.0272074,No Collision Stated
None,EDSA,None,None,"No Accident Factor, Side Swipe, 0.0 drivers_injured, 0.0 drivers_killed, 0.0 passengers_injured, 0.0 passengers_killed, 0.0 pedestrian_injured, 0.0 pedestrian_killed, Fair (Night), EDSA Ortigas Ave. (Robinsons Galleria, Ugong Norte) Quezon City",MMDA Road Safety Unit,,fed23ba1-d327-4e14-9235-5b44531f8c92,2015-11-25,10:20:00,"EDSA Whiteplains, Ugong Norte Quezon City",0,0,0,0,0,0,0,0,0,0,2015-11-25 18:20,Property,14.59275486,121.0584221,Side Swipe
None,EDSA,None,None,"No Accident Factor, No Collision Stated (based on Police Blotter Book), 0.0 drivers_injured, 0.0 drivers_killed, 0.0 passengers_injured, 0.0 passengers_killed, 0.0 pedestrian_injured, 0.0 pedestrian_killed, Fair (Day), EDSA ""U"" turn slot, Quezon Ave. Quezon City",MMDA Road Safety Unit,,2af4ea63-86f1-471d-a552-5cb169da9133,2015-11-25,08:00:00,EDSA South Road Quezon City,0,0,0,0,0,0,0,0,0,0,2015-11-25 16:00,Property,14.64518409,121.0368843,No Collision Stated
None,EDSA,None,None,"No Accident Factor, Rear-end, 0.0 drivers_injured, 0.0 drivers_killed, 0.0 passengers_injured, 0.0 passengers_killed, 0.0 pedestrian_injured, 0.0 pedestrian_killed, Fair (Day), EDSA Roosevelt Ave.  Quezon City",MMDA Road Safety Unit,,8452b2b1-ea33-44f5-8ad9-6818499d3f72,2015-11-25,06:45:00,EDSA Bernardo Park Quezon City,0,0,0,0,0,0,0,0,0,0,2015-11-25 14:45,Property,14.65762047,121.0196373,Rear-End
None,EDSA,None,None,"No Accident Factor, Side Swipe, 0.0 drivers_injured, 0.0 drivers_killed, 0.0 passengers_injured, 0.0 passengers_killed, 0.0 pedestrian_injured, 0.0 pedestrian_killed, Fair (Day), EDSA Ermin Garcia St. Quezon City",MMDA Road Safety Unit,,a304b6bc-4479-4946-948f-cb29d657e56d,2015-11-25,02:30:00,"EDSA MRT-GMA Kamuning Station, Pinyahan Quezon City",0,0,0,0,0,0,0,0,0,0,2015-11-25 10:30,Property,14.62758814,121.047487,Side Swipe
None,EDSA,None,None,"No Accident Factor, No Collision Stated (based on Police Blotter Book), 0.0 drivers_injured, 0.0 drivers_killed, 0.0 passengers_injured, 0.0 passengers_killed, 0.0 pedestrian_injured, 0.0 pedestrian_killed, Fair (Day), EDSA Misamis St. Quezon City",MMDA Road Safety Unit,,8bbc0cad-21a8-4b58-bb4e-e2adf72a55a1,2015-11-25,02:15:00,EDSA Kamias Road Quezon City,0,0,0,0,0,0,0,0,0,0,2015-11-25 10:15,Property,14.65602348,121.0285212,No Collision Stated
None,EDSA,None,None,"No Accident Factor, No Collision Stated (based on Police Blotter Book), 0.0 drivers_injured, 0.0 drivers_killed, 0.0 passengers_injured, 0.0 passengers_killed, 0.0 pedestrian_injured, 0.0 pedestrian_killed, Fair (Day), EDSA Arayat St. Quezon City",MMDA Road Safety Unit,,05376b1e-e2bb-487c-9384-27bbdb276cda,2015-11-25,00:30:00,EDSA Kamias Road Quezon City,0,0,0,0,0,0,0,0,0,0,2015-11-25 8:30,Property,14.61961124,121.0508602,No Collision Stated
None,EDSA,None,None,"No Accident Factor, Side Swipe, 0.0 drivers_injured, 0.0 drivers_killed, 0.0 passengers_injured, 0.0 passengers_killed, 0.0 pedestrian_injured, 0.0 pedestrian_killed, Fair (Night), EDSA Whiteplains Ave., Ugong Norte Quezon City",MMDA Road Safety Unit,,02967ea4-53f3-41b9-aba5-bc8094ba780e,2015-11-24,10:55:00,"EDSA Baliwag Liner Bus Terminal, Cubao, E. Rodriguez Quezon City",0,0,0,0,0,0,0,0,0,0,2015-11-24 18:55,Property,14.59961782,121.0596522,Side Swipe
None,EDSA,None,None,"No Accident Factor, Rear-end, 0.0 drivers_injured, 0.0 drivers_killed, 0.0 passengers_injured, 0.0 passengers_killed, 0.0 pedestrian_injured, 0.0 pedestrian_killed, Fair (Day), EDSA Cloverleaf Road Quezon City",MMDA Road Safety Unit,,0f9b23f9-cba0-497b-bebe-93a46278f13b,2015-11-24,08:30:00,EDSA Cloverleaf Road Quezon City,0,0,0,0,0,0,0,0,0,0,2015-11-24 16:30,Property,14.65747901,121.0011914,Rear-End
None,EDSA,None,None,"No Accident Factor, Side Swipe, 0.0 drivers_injured, 0.0 drivers_killed, 0.0 passengers_injured, 0.0 passengers_killed, 0.0 pedestrian_injured, 0.0 pedestrian_killed, Fair (Day), EDSA Royale Bus Stop  Quezon City",MMDA Road Safety Unit,,981ac942-42c3-4dfd-ba40-e611879382de,2015-11-24,01:30:00,EDSA Balintawak Market Quezon City,0,0,0,0,0,0,0,0,0,0,2015-11-24 9:30,Property,14.65767141,121.0107008,Side Swipe
None,EDSA,None,None,"No Accident Factor, Rear-end, 0.0 drivers_injured, 0.0 drivers_killed, 0.0 passengers_injured, 0.0 passengers_killed, 0.0 pedestrian_injured, 0.0 pedestrian_killed, Fair (Day), EDSA Balintawak Market Quezon City",MMDA Road Safety Unit,,aaa0c599-b197-4854-a3e2-47dd353d1751,2015-11-23,23:45:00,EDSA Aurora Blvd. Quezon City,0,0,0,0,0,0,0,0,0,0,2015-11-24 7:45,Property,14.65740947,121.0025737,Rear-End
None,EDSA,None,None,"No Accident Factor, Side Swipe, 0.0 drivers_injured, 0.0 drivers_killed, 0.0 passengers_injured, 0.0 passengers_killed, 0.0 pedestrian_injured, 0.0 pedestrian_killed, Fair (Day), EDSA Kamuning Road Quezon City",MMDA Road Safety Unit,,c68e1d54-2373-49ca-b9d6-1e44dea2a423,2015-11-23,23:30:00,"EDSA ""U"" turn slot, Iglesia ni Cristo Quezon City",0,0,0,0,0,0,0,0,0,0,2015-11-24 7:30,Property,14.63075725,121.0457548,Side Swipe
None,EDSA,None,None,"No Accident Factor, No Collision Stated (based on Police Blotter Book), 0.0 drivers_injured, 0.0 drivers_killed, 0.0 passengers_injured, 0.0 passengers_killed, 0.0 pedestrian_injured, 0.0 pedestrian_killed, Fair (Day), EDSA ""U"" turn slot, Bagong Pag-asa Quezon City",MMDA Road Safety Unit,,5048f56c-0466-42cf-9f8a-8063216e58f5,2015-11-23,04:10:00,EDSA East Ave. Quezon City,0,0,0,0,0,0,0,0,0,0,2015-11-23 12:10,Property,14.65652754,121.0260743,No Collision Stated
None,EDSA,None,None,"No Accident Factor, Rear-end, 0.0 drivers_injured, 0.0 drivers_killed, 0.0 passengers_injured, 0.0 passengers_killed, 0.0 pedestrian_injured, 0.0 pedestrian_killed, Fair (Day), EDSA Kaingin Road Quezon City",MMDA Road Safety Unit,,5dbce6d9-2c2d-445b-8c1f-ea63e4eec350,2015-11-23,03:45:00,EDSA Jac Liner Bus Terminal Quezon City,0,0,0,0,0,0,0,0,0,0,2015-11-23 11:45,Property,14.65746493,121.0109963,Rear-End
None,EDSA,None,None,"No Accident Factor, No Collision Stated (based on Police Blotter Book), 0.0 drivers_injured, 0.0 drivers_killed, 0.0 passengers_injured, 0.0 passengers_killed, 0.0 pedestrian_injured, 0.0 pedestrian_killed, Fair (Day), EDSA Quezon Ave.  Quezon City",MMDA Road Safety Unit,,e949079d-fe4d-4db3-99ad-a2e2bb77086c,2015-11-23,00:30:00,"EDSA MRT, Pinyahan Quezon City",0,0,0,0,0,0,0,0,0,0,2015-11-23 8:30,Property,14.6442444,121.0375839,No Collision Stated
None,EDSA,None,None,"No Accident Factor, Rear-end, 0.0 drivers_injured, 0.0 drivers_killed, 0.0 passengers_injured, 0.0 passengers_killed, 0.0 pedestrian_injured, 0.0 pedestrian_killed, Fair (Day), EDSA South Road Quezon City",MMDA Road Safety Unit,,38852a7f-1a1d-4562-a225-2f2b92243e02,2015-11-22,23:50:00,EDSA P. Tuazon Blvd. Quezon City,0,0,0,0,0,0,0,0,0,0,2015-11-23 7:50,Property,14.61321318,121.053905,Rear-End
None,EDSA,None,None,"No Accident Factor, Rear-end, 0.0 drivers_injured, 0.0 drivers_killed, 0.0 passengers_injured, 0.0 passengers_killed, 0.0 pedestrian_injured, 0.0 pedestrian_killed, Fair (Day), EDSA North Road Quezon City",MMDA Road Safety Unit,,cd253a31-3365-40d7-871b-fae0d71376bc,2015-11-22,23:30:00,EDSA Ermin Garcia St. Quezon City,0,0,0,0,0,0,0,0,0,0,2015-11-23 7:30,Property,14.61444188,121.0532975,Rear-End
None,EDSA,None,None,"No Accident Factor, Side Swipe, 0.0 drivers_injured, 0.0 drivers_killed, 0.0 passengers_injured, 0.0 passengers_killed, 0.0 pedestrian_injured, 0.0 pedestrian_killed, Fair (Day), EDSA Aurora Blvd., Socorro Quezon City",MMDA Road Safety Unit,,c1dbe138-9f89-4d78-9cad-9eb5f9963451,2015-11-22,23:00:00,EDSA New York St. Quezon City,0,0,0,0,0,0,0,0,0,0,2015-11-23 7:00,Property,14.6218043,121.0502049,Side Swipe
None,EDSA,None,None,"No Accident Factor, No Collision Stated (based on Police Blotter Book), 0.0 drivers_injured, 0.0 drivers_killed, 1.0 passengers_injured, 0.0 passengers_killed, 0.0 pedestrian_injured, 0.0 pedestrian_killed, Fair (Day), EDSA Camp Aguinaldo Quezon City",MMDA Road Safety Unit,,a95526e7-f137-454c-8c4c-d10b4c7310a4,2015-11-22,02:45:00,EDSA Bulacan St. Quezon City,0,0,0,0,1,0,0,0,0,1,2015-11-22 10:45,Injury,14.60818699,121.0564562,No Collision Stated
None,EDSA,None,None,"No Accident Factor, Self-Accident, 1.0 drivers_injured, 0.0 drivers_killed, 0.0 passengers_injured, 0.0 passengers_killed, 0.0 pedestrian_injured, 0.0 pedestrian_killed, Fair (Night), EDSA Jac Liner Bus Terminal, Pinyahan Quezon City",MMDA Road Safety Unit,,2da8c29a-a185-4c50-bc13-27e751a10dad,2015-11-21,17:00:00,EDSA BMC St. Quezon City,0,0,0,1,0,0,0,0,0,1,2015-11-22 1:00,Injury,14.63162939,121.0456857,Self-Accident
None,EDSA,None,None,"No Accident Factor, No Collision Stated (based on Police Blotter Book), 0.0 drivers_injured, 0.0 drivers_killed, 0.0 passengers_injured, 0.0 passengers_killed, 0.0 pedestrian_injured, 0.0 pedestrian_killed, Fair (Night), EDSA SM Mall North, Pag-Asa Quezon City",MMDA Road Safety Unit,,ededfbd3-44a0-41b5-9d3b-3e8f4d0d24aa,2015-11-21,10:40:00,EDSA Cloverleaf Quezon City,0,0,0,0,0,0,0,0,0,0,2015-11-21 18:40,Property,14.65580781,121.0293115,No Collision Stated
None,EDSA,None,None,"No Accident Factor, Rear-end, 0.0 drivers_injured, 0.0 drivers_killed, 0.0 passengers_injured, 0.0 passengers_killed, 0.0 pedestrian_injured, 0.0 pedestrian_killed, Fair (Day), EDSA Kaingin Road Quezon City",MMDA Road Safety Unit,,8819597a-c7f3-4ddb-9315-0b64e8912809,2015-11-21,06:45:00,"EDSA Corinthian Garden, Ugong Norte Quezon City",0,0,0,0,0,0,0,0,0,0,2015-11-21 14:45,Property,14.65746493,121.0109963,Rear-End