LOCATION_TEXT,ROAD,WEATHER,LIGHT,DESC,REPORTING_AGENCY,MAIN_CAUSE,INCIDENTDETAILS_ID,DATE_UTC,TIME_UTC,ADDRESS,killed_driver,killed_passenger,killed_pedestrian,injured_driver,injured_passenger,injured_pedestrian,killed_uncategorized,injured_uncategorized,killed_total,injured_total,DATETIME_PST,SEVERITY,Y,X,COLLISION_TYPE
None,EDSA,None,None,"No Accident Factor, Side Swipe, 0.0 drivers_injured, 0.0 drivers_killed, 0.0 passengers_injured, 0.0 passengers_killed, 0.0 pedestrian_injured, 0.0 pedestrian_killed, Fair (Day), EDSA Kaingin Road Quezon City",MMDA Road Safety Unit,,a3ce108d-1073-4471-8ef4-252964646cd3,2015-11-21,06:10:00,EDSA Kamuning Road Quezon City,0,0,0,0,0,0,0,0,0,0,2015-11-21 14:10,Property,14.65746493,121.0109963,Side Swipe
None,EDSA,None,None,"No Accident Factor, No Collision Stated (based on Police Blotter Book), 0.0 drivers_injured, 0.0 drivers_killed, 0.0 passengers_injured, 0.0 passengers_killed, 0.0 pedestrian_injured, 0.0 pedestrian_killed, Fair (Day), EDSA Kaingin Road Quezon City",MMDA Road Safety Unit,,89b2e5fa-d78e-44fc-a5cb-989b59198bb0,2015-11-21,03:00:00,EDSA Panay Ave. Quezon City,0,0,0,0,0,0,0,0,0,0,2015-11-21 11:00,Property,14.65746493,121.0109963,No Collision Stated
None,EDSA,None,None,"No Accident Factor, No Collision Stated (based on Police Blotter Book), 0.0 drivers_injured, 0.0 drivers_killed, 0.0 passengers_injured, 0.0 passengers_killed, 0.0 pedestrian_injured, 0.0 pedestrian_killed, Fair (Day), EDSA ""U"" turn slot, R. Magsaysay Quezon City",MMDA Road Safety Unit,,7110c604-4ccf-4269-b2c9-41011977bb5a,2015-11-21,02:50:00,EDSA New York St. Quezon City,0,0,0,0,0,0,0,0,0,0,2015-11-21 10:50,Property,14.65655357,121.0260701,No Collision Stated
None,EDSA,None,None,"No Accident Factor, Rear-end, 0.0 drivers_injured, 0.0 drivers_killed, 0.0 passengers_injured, 0.0 passengers_killed, 0.0 pedestrian_injured, 0.0 pedestrian_killed, Fair (Night), EDSA Cloverleaf Road Quezon City",MMDA Road Safety Unit,,c92ac008-dd9c-4a59-9ede-885dbd7fb297,2015-11-20,11:40:00,EDSA East Ave. Quezon City,0,0,0,0,0,0,0,0,0,0,2015-11-20 19:40,Property,14.65747901,121.0011914,Rear-End
None,EDSA,None,None,"No Accident Factor, Rear-end, 0.0 drivers_injured, 0.0 drivers_killed, 0.0 passengers_injured, 0.0 passengers_killed, 0.0 pedestrian_injured, 0.0 pedestrian_killed, Fair (Day), EDSA Quezon Ave.  Quezon City",MMDA Road Safety Unit,,50c15649-a4e7-4bd7-b609-8df00af5cac1,2015-11-19,23:40:00,"EDSA South Road, Bagong Lipu Quezon City",0,0,0,0,0,0,0,0,0,0,2015-11-20 7:40,Property,14.6442444,121.0375839,Rear-End
None,EDSA,None,None,"No Accident Factor, Side Swipe, 0.0 drivers_injured, 0.0 drivers_killed, 0.0 passengers_injured, 0.0 passengers_killed, 0.0 pedestrian_injured, 0.0 pedestrian_killed, Fair (Day), EDSA Baliwag Liner Bus Terminal, Cubao Quezon City",MMDA Road Safety Unit,,d08c0582-7307-42a9-8b69-034727eff48e,2015-11-19,23:30:00,"EDSA Ermin Garcia St. (Bus Loading / Unloading Bay, E Rodriguez Cubao) Quezon City",0,0,0,0,0,0,0,0,0,0,2015-11-20 7:30,Property,14.6244766,121.0489584,Side Swipe
None,EDSA,None,None,"No Accident Factor, Side Swipe, 0.0 drivers_injured, 0.0 drivers_killed, 0.0 passengers_injured, 0.0 passengers_killed, 0.0 pedestrian_injured, 0.0 pedestrian_killed, Fair (Day), EDSA West Ave.  Quezon City",MMDA Road Safety Unit,,c28c90c5-3172-4da6-ac5f-55a05ab3c0a9,2015-11-19,05:30:00,"EDSA Robinsons Galleria Mall, Ugong Norte Quezon City",0,0,0,0,0,0,0,0,0,0,2015-11-19 13:30,Property,14.65548924,121.0298079,Side Swipe
None,EDSA,None,None,"No Accident Factor, Side Swipe, 0.0 drivers_injured, 0.0 drivers_killed, 0.0 passengers_injured, 0.0 passengers_killed, 0.0 pedestrian_injured, 0.0 pedestrian_killed, Fair (Night), EDSA Mapagmahal St., Pinyahan Quezon City",MMDA Road Safety Unit,,192861d7-369c-4b87-85a3-008577266e33,2015-11-18,17:10:00,"EDSA SM North, Sto. Cristo Quezon City",0,0,0,0,0,0,0,0,0,0,2015-11-19 1:10,Property,14.63185046,121.0455315,Side Swipe
None,EDSA,None,None,"No Accident Factor, Rear-end, 0.0 drivers_injured, 0.0 drivers_killed, 0.0 passengers_injured, 0.0 passengers_killed, 0.0 pedestrian_injured, 0.0 pedestrian_killed, Fair (Day), EDSA East Ave. Quezon City",MMDA Road Safety Unit,,7d5e998e-7110-4701-a5a5-c12935bcdf2c,2015-11-18,04:00:00,EDSA Kamuning Road Quezon City,0,0,0,0,0,0,0,0,0,0,2015-11-18 12:00,Property,14.6328297,121.0451176,Rear-End
None,EDSA,None,None,"No Accident Factor, Rear-end, 0.0 drivers_injured, 0.0 drivers_killed, 0.0 passengers_injured, 0.0 passengers_killed, 0.0 pedestrian_injured, 0.0 pedestrian_killed, Fair (Day), EDSA A. Samson Road Quezon City",MMDA Road Safety Unit,,847f849e-a7c7-4f2b-955e-aab72196815a,2015-11-18,01:45:00,EDSA Kamuning Road Quezon City,0,0,0,0,0,0,0,0,0,0,2015-11-18 9:45,Property,14.65731173,121.0011071,Rear-End
None,EDSA,None,None,"No Accident Factor, No Collision Stated (based on Police Blotter Book), 0.0 drivers_injured, 0.0 drivers_killed, 0.0 passengers_injured, 0.0 passengers_killed, 0.0 pedestrian_injured, 0.0 pedestrian_killed, Fair (Day), EDSA Cloverleaf Road Quezon City",MMDA Road Safety Unit,,fb4bf86d-6485-4b6a-bb66-281690345388,2015-11-18,01:30:00,EDSA Timog Ave. Quezon City,0,0,0,0,0,0,0,0,0,0,2015-11-18 9:30,Property,14.65747901,121.0011914,No Collision Stated
None,EDSA,None,None,"No Accident Factor, Side Swipe, 0.0 drivers_injured, 0.0 drivers_killed, 0.0 passengers_injured, 0.0 passengers_killed, 0.0 pedestrian_injured, 0.0 pedestrian_killed, Fair (Night), EDSA Scout Borromeo St.  Quezon City",MMDA Road Safety Unit,,1c67d331-9b40-49c7-a247-6fc83273c344,2015-11-17,14:30:00,EDSA New York St. Quezon City,0,0,0,0,0,0,0,0,0,0,2015-11-17 22:30,Property,14.63715712,121.0419507,Side Swipe
None,EDSA,None,None,"No Accident Factor, No Collision Stated (based on Police Blotter Book), 0.0 drivers_injured, 0.0 drivers_killed, 0.0 passengers_injured, 0.0 passengers_killed, 0.0 pedestrian_injured, 0.0 pedestrian_killed, Fair (Night), EDSA SM Mall North, Bagong Pag-Asa Quezon City",MMDA Road Safety Unit,,e01ad513-544c-4d4d-ab30-596515db0e46,2015-11-17,12:15:00,EDSA Ermin Garcia St. Quezon City,0,0,0,0,0,0,0,0,0,0,2015-11-17 20:15,Property,14.65580781,121.0293115,No Collision Stated
None,EDSA,None,None,"No Accident Factor, No Collision Stated (based on Police Blotter Book), 0.0 drivers_injured, 0.0 drivers_killed, 0.0 passengers_injured, 0.0 passengers_killed, 0.0 pedestrian_injured, 0.0 pedestrian_killed, Fair (Day), EDSA Arayat St. Quezon City",MMDA Road Safety Unit,,6c19f6c6-5291-40f4-b911-82d9c873db08,2015-11-17,05:00:00,EDSA Aurora Blvd. Quezon City,0,0,0,0,0,0,0,0,0,0,2015-11-17 13:00,Property,14.61961124,121.0508602,No Collision Stated
None,EDSA,None,None,"No Accident Factor, Rear-end, 0.0 drivers_injured, 0.0 drivers_killed, 0.0 passengers_injured, 0.0 passengers_killed, 0.0 pedestrian_injured, 0.0 pedestrian_killed, Fair (Day), EDSA Timog ""U"" turn slot  Quezon City",MMDA Road Safety Unit,,ae02b714-30dc-4f91-81f6-c6e5961e7213,2015-11-17,00:40:00,EDSA East Ave. Quezon City,0,0,0,0,0,0,0,0,0,0,2015-11-17 8:40,Property,14.63293559,121.0446304,Rear-End
None,EDSA,None,None,"No Accident Factor, No Collision Stated (based on Police Blotter Book), 0.0 drivers_injured, 0.0 drivers_killed, 0.0 passengers_injured, 0.0 passengers_killed, 0.0 pedestrian_injured, 0.0 pedestrian_killed, Fair (Night), EDSA Col. Bonny Serrano Ave. Quezon City",MMDA Road Safety Unit,,f802bd14-bb5c-48e6-856d-f39a1a1db31b,2015-11-16,11:50:00,EDSA Aurora Blvd. Quezon City,0,0,0,0,0,0,0,0,0,0,2015-11-16 19:50,Property,14.61107337,121.0550705,No Collision Stated
None,EDSA,None,None,"No Accident Factor, Rear-end, 0.0 drivers_injured, 0.0 drivers_killed, 0.0 passengers_injured, 0.0 passengers_killed, 0.0 pedestrian_injured, 0.0 pedestrian_killed, Fair (Night), EDSA Centris Mall, Pinyahan Quezon City",MMDA Road Safety Unit,,081b2db0-ffa0-4313-bd48-97feb12c8c65,2015-11-16,11:30:00,EDSA Oliveros Quezon City,0,0,0,0,0,0,0,0,0,0,2015-11-16 19:30,Property,14.64255755,121.038725,Rear-End
None,EDSA,None,None,"No Accident Factor, Rear-end, 0.0 drivers_injured, 0.0 drivers_killed, 0.0 passengers_injured, 0.0 passengers_killed, 0.0 pedestrian_injured, 0.0 pedestrian_killed, Fair (Night), EDSA ALPS Liner Bus Terminal Quezon City",MMDA Road Safety Unit,,8996d3aa-6239-4279-8903-7962cb1f7560,2015-11-16,10:00:00,EDSA Waltermart Quezon City,0,0,0,0,0,0,0,0,0,0,2015-11-16 18:00,Property,14.62733952,121.0473505,Rear-End
None,EDSA,None,None,"No Accident Factor, Rear-end, 0.0 drivers_injured, 0.0 drivers_killed, 0.0 passengers_injured, 0.0 passengers_killed, 0.0 pedestrian_injured, 0.0 pedestrian_killed, Fair (Day), EDSA P. Bernardo St. Quezon City",MMDA Road Safety Unit,,ec4f06b3-bdbf-43c8-945b-094262d7bd34,2015-11-16,07:20:00,"EDSA ""U"" turn slot, R. Magsaysay Quezon City",0,0,0,0,0,0,0,0,0,0,2015-11-16 15:20,Property,14.61660092,121.0524313,Rear-End
None,EDSA,None,None,"No Accident Factor, Rear-end, 0.0 drivers_injured, 0.0 drivers_killed, 0.0 passengers_injured, 0.0 passengers_killed, 0.0 pedestrian_injured, 0.0 pedestrian_killed, Fair (Day), EDSA Quezon Ave.  Quezon City",MMDA Road Safety Unit,,68bad79f-8822-47c7-8760-4f6e7b3f3710,2015-11-16,06:40:00,EDSA GMA Network Quezon City,0,0,0,0,0,0,0,0,0,0,2015-11-16 14:40,Property,14.6442444,121.0375839,Rear-End
None,EDSA,None,None,"No Accident Factor, Side Swipe, 0.0 drivers_injured, 0.0 drivers_killed, 0.0 passengers_injured, 0.0 passengers_killed, 0.0 pedestrian_injured, 0.0 pedestrian_killed, Fair (Day), EDSA East Ave., Pinyahan Quezon City",MMDA Road Safety Unit,,4e694859-e31b-4b4d-8d12-b074242f3bd3,2015-11-16,02:15:00,EDSA Waltermart Quezon City,0,0,0,0,0,0,0,0,0,0,2015-11-16 10:15,Property,14.6328297,121.0451176,Side Swipe
None,EDSA,None,None,"No Accident Factor, Rear-end, 0.0 drivers_injured, 0.0 drivers_killed, 0.0 passengers_injured, 0.0 passengers_killed, 0.0 pedestrian_injured, 0.0 pedestrian_killed, Fair (Day), EDSA E. Lopez St.  Quezon City",MMDA Road Safety Unit,,595f047d-e0d5-43e1-b038-f962f1526eb6,2015-11-15,23:55:00,EDSA New York St. (E. Rodriguez) Quezon City,0,0,0,0,0,0,0,0,0,0,2015-11-16 7:55,Property,14.6396904,121.0403884,Rear-End
None,EDSA,None,None,"No Accident Factor, No Collision Stated (based on Police Blotter Book), 0.0 drivers_injured, 0.0 drivers_killed, 0.0 passengers_injured, 0.0 passengers_killed, 0.0 pedestrian_injured, 0.0 pedestrian_killed, Fair (Day), EDSA West Ave.  Quezon City",MMDA Road Safety Unit,,8316e63c-cbcc-46c8-bdb7-bf61f53608a8,2015-11-15,22:15:00,"EDSA Nepa Q-Mart, E. Rodriguez Quezon City",0,0,0,0,0,0,0,0,0,0,2015-11-16 6:15,Property,14.65548924,121.0298079,No Collision Stated
None,EDSA,None,None,"No Accident Factor, Hit and Run (Side Swipe), 0.0 drivers_injured, 0.0 drivers_killed, 0.0 passengers_injured, 0.0 passengers_killed, 0.0 pedestrian_injured, 0.0 pedestrian_killed, Fair (Night), EDSA Superlines Bus Terminal, E. Rodriguez Quezon City",MMDA Road Safety Unit,,e349bac5-c6ba-4795-9d7d-990aa73e6560,2015-11-15,14:30:00,EDSA P. Tuazon Blvd. Quezon City,0,0,0,0,0,0,0,0,0,0,2015-11-15 22:30,Property,14.62512241,121.0484162,Side Swipe
None,EDSA,None,None,"No Accident Factor, Side Swipe, 0.0 drivers_injured, 0.0 drivers_killed, 0.0 passengers_injured, 0.0 passengers_killed, 0.0 pedestrian_injured, 0.0 pedestrian_killed, Fair (Night), EDSA SM Mall North, Bagong Pag-Asa Quezon City",MMDA Road Safety Unit,,38639801-c00d-45b3-af4b-dcbb7aef956a,2015-11-15,14:30:00,EDSA Whiteplains Ave. Quezon City,0,0,0,0,0,0,0,0,0,0,2015-11-15 22:30,Property,14.65580781,121.0293115,Side Swipe
None,EDSA,None,None,"No Accident Factor, Side Swipe, 0.0 drivers_injured, 0.0 drivers_killed, 0.0 passengers_injured, 0.0 passengers_killed, 0.0 pedestrian_injured, 0.0 pedestrian_killed, Fair (Day), EDSA Nepa Q-Mart, E. Rodriguez Cubao Quezon City",MMDA Road Safety Unit,,a946b809-05c5-4627-a7eb-f3a759dfded5,2015-11-15,03:20:00,"EDSA ""U"" turn slot, R. Magsaysay Quezon City",0,0,0,0,0,0,0,0,0,0,2015-11-15 11:20,Property,14.62805361,121.0472521,Side Swipe
None,EDSA,None,None,"No Accident Factor, Multiple Collision, 0.0 drivers_injured, 0.0 drivers_killed, 0.0 passengers_injured, 0.0 passengers_killed, 0.0 pedestrian_injured, 0.0 pedestrian_killed, Fair (Day), EDSA Kaingin Road Quezon City",MMDA Road Safety Unit,,aee79e2b-a896-499a-88e8-514784951307,2015-11-15,03:00:00,EDSA Royale A. Samson  Quezon City,0,0,0,0,0,0,0,0,0,0,2015-11-15 11:00,Property,14.65746493,121.0109963,Multiple
None,EDSA,None,None,"No Accident Factor, No Collision Stated (based on Police Blotter Book), 0.0 drivers_injured, 0.0 drivers_killed, 0.0 passengers_injured, 0.0 passengers_killed, 0.0 pedestrian_injured, 0.0 pedestrian_killed, Fair (Day), EDSA Ramon Magsaysay Quezon City",MMDA Road Safety Unit,,c2b4555a-5e3a-4767-ab09-23231b965669,2015-11-14,23:30:00,EDSA GMA Network Drive (Victoria Tower) Quezon City,0,0,0,0,0,0,0,0,0,0,2015-11-15 7:30,Property,14.62774693,121.0471762,No Collision Stated
None,EDSA,None,None,"No Accident Factor, No Collision Stated (based on Police Blotter Book), 0.0 drivers_injured, 0.0 drivers_killed, 0.0 passengers_injured, 0.0 passengers_killed, 1.0 pedestrian_injured, 0.0 pedestrian_killed, Fair (Night), EDSA Balintawak Market Quezon City",MMDA Road Safety Unit,,d5b9f89a-ed3e-4823-a7b0-a419bbe426ce,2015-11-14,21:30:00,"EDSA Caltex Gas Station, A. Samson Quezon City",0,0,0,0,0,1,0,0,0,1,2015-11-15 5:30,Injury,14.65740947,121.0025737,No Collision Stated
None,EDSA,None,None,"No Accident Factor, Rear-end, 0.0 drivers_injured, 0.0 drivers_killed, 0.0 passengers_injured, 0.0 passengers_killed, 0.0 pedestrian_injured, 0.0 pedestrian_killed, Fair (Night), EDSA Kamuning Road Quezon City",MMDA Road Safety Unit,,4b083c8f-1ad5-4247-bf78-7a151f579b97,2015-11-14,19:00:00,EDSA Cloverleaf Road Quezon City,0,0,0,0,0,0,0,0,0,0,2015-11-15 3:00,Property,14.63075725,121.0457548,Rear-End
None,EDSA,None,None,"No Accident Factor, No Collision Stated (based on Police Blotter Book), 0.0 drivers_injured, 0.0 drivers_killed, 0.0 passengers_injured, 0.0 passengers_killed, 0.0 pedestrian_injured, 0.0 pedestrian_killed, Fair (Night), EDSA Misamis St. Quezon City",MMDA Road Safety Unit,,f3b778a4-8932-4b5b-b60d-52c53bd1f6af,2015-11-14,12:00:00,EDSA NIA Road Quezon City,0,0,0,0,0,0,0,0,0,0,2015-11-14 20:00,Property,14.65602348,121.0285212,No Collision Stated
None,EDSA,None,None,"No Accident Factor, No Collision Stated (based on Police Blotter Book), 0.0 drivers_injured, 0.0 drivers_killed, 0.0 passengers_injured, 0.0 passengers_killed, 0.0 pedestrian_injured, 0.0 pedestrian_killed, Fair (Night), EDSA North Ave. Quezon City",MMDA Road Safety Unit,,1c35ee76-a2a8-4879-8d85-26210475a5fc,2015-11-14,12:00:00,"EDSA ETON Centris, Pinyahan Quezon City",0,0,0,0,0,0,0,0,0,0,2015-11-14 20:00,Property,14.65553839,121.0299647,No Collision Stated
None,EDSA,None,None,"No Accident Factor, Rear-end, 0.0 drivers_injured, 0.0 drivers_killed, 0.0 passengers_injured, 0.0 passengers_killed, 0.0 pedestrian_injured, 0.0 pedestrian_killed, Fair (Day), EDSA SM Mall North, Pag-Asa Quezon City",MMDA Road Safety Unit,,b3266670-e615-4e03-bbc8-0f71e8fb861b,2015-11-14,09:00:00,EDSA North Ave. Quezon City,0,0,0,0,0,0,0,0,0,0,2015-11-14 17:00,Property,14.65580781,121.0293115,Rear-End
None,EDSA,None,None,"No Accident Factor, Side Swipe, 0.0 drivers_injured, 0.0 drivers_killed, 0.0 passengers_injured, 0.0 passengers_killed, 0.0 pedestrian_injured, 0.0 pedestrian_killed, Fair (Night), EDSA P. Tuazon Blvd. Quezon City",MMDA Road Safety Unit,,aae30115-cbca-400a-a34a-eac6714107cd,2015-11-13,19:30:00,EDSA Roosevelt Ave.  Quezon City,0,0,0,0,0,0,0,0,0,0,2015-11-14 3:30,Property,14.61656342,121.0525225,Side Swipe
None,EDSA,None,None,"No Accident Factor, Hit Object (Barrier), 0.0 drivers_injured, 0.0 drivers_killed, 0.0 passengers_injured, 0.0 passengers_killed, 0.0 pedestrian_injured, 0.0 pedestrian_killed, Fair (Night), EDSA Santolan (SB)  Quezon City",MMDA Road Safety Unit,,d1201cba-8348-45a3-be2c-c41cf314dfb0,2015-11-13,18:35:00,EDSA Cloverleaf Road Quezon City,0,0,0,0,0,0,0,0,0,0,2015-11-14 2:35,Property,14.61090554,121.0550155,Hit Object
None,EDSA,None,None,"No Accident Factor, No Collision Stated (based on Police Blotter Book), 0.0 drivers_injured, 0.0 drivers_killed, 0.0 passengers_injured, 0.0 passengers_killed, 0.0 pedestrian_injured, 0.0 pedestrian_killed, Fair (Night), EDSA Arayat St. Quezon City",MMDA Road Safety Unit,,c5d09be2-e2aa-4c77-aa28-0add58d926e2,2015-11-13,15:00:00,EDSA Gen. Roxas Ave. Quezon City,0,0,0,0,0,0,0,0,0,0,2015-11-13 23:00,Property,14.61961124,121.0508602,No Collision Stated
None,EDSA,None,None,"No Accident Factor, Angle Impact, 0.0 drivers_injured, 0.0 drivers_killed, 0.0 passengers_injured, 0.0 passengers_killed, 0.0 pedestrian_injured, 0.0 pedestrian_killed, Fair (Day), EDSA Francisco Bldg., Pinyahan Quezon City",MMDA Road Safety Unit,,a616a135-bf03-4f88-ac43-f0931c74345d,2015-11-13,09:45:00,EDSA Cloverleaf Road Quezon City,0,0,0,0,0,0,0,0,0,0,2015-11-13 17:45,Property,14.62988344,121.0464796,Angle Impact
None,EDSA,None,None,"No Accident Factor, Side Swipe, 0.0 drivers_injured, 0.0 drivers_killed, 0.0 passengers_injured, 0.0 passengers_killed, 0.0 pedestrian_injured, 0.0 pedestrian_killed, Fair (Day), EDSA Corinthian Garden, Ugong Norte Quezon City",MMDA Road Safety Unit,,b6536cce-3161-4e04-b045-da0b107dad5a,2015-11-13,09:30:00,EDSA Whiteplains Ave. Quezon City,0,0,0,0,0,0,0,0,0,0,2015-11-13 17:30,Property,14.59580783,121.0595248,Side Swipe
None,EDSA,None,None,"No Accident Factor, Hit and Run (No Collision Stated), 0.0 drivers_injured, 0.0 drivers_killed, 0.0 passengers_injured, 0.0 passengers_killed, 0.0 pedestrian_injured, 0.0 pedestrian_killed, Fair (Night), EDSA Ortigas Ave. Quezon City",MMDA Road Safety Unit,,0646a0b4-abab-40fa-bcfd-8e82e30e9a09,2015-11-12,15:45:00,EDSA Ortigas Ave. Quezon City,0,0,0,0,0,0,0,0,0,0,2015-11-12 23:45,Property,14.59335253,121.0584107,No Collision Stated
None,EDSA,None,None,"No Accident Factor, Rear-end, 0.0 drivers_injured, 0.0 drivers_killed, 0.0 passengers_injured, 0.0 passengers_killed, 0.0 pedestrian_injured, 0.0 pedestrian_killed, Fair (Night), EDSA Quezon Ave.  Quezon City",MMDA Road Safety Unit,,2981f80d-51d7-48fc-b37c-3028a1e07880,2015-11-12,13:20:00,EDSA Quezon Ave. Quezon City,0,0,0,0,0,0,0,0,0,0,2015-11-12 21:20,Property,14.6442444,121.0375839,Rear-End
None,EDSA,None,None,"No Accident Factor, No Collision Stated (based on Police Blotter Book), 0.0 drivers_injured, 0.0 drivers_killed, 0.0 passengers_injured, 0.0 passengers_killed, 0.0 pedestrian_injured, 0.0 pedestrian_killed, Fair (Day), EDSA Main Ave. Quezon City",MMDA Road Safety Unit,,3cc34616-6419-4363-a67e-6605b366dfbb,2015-11-12,09:45:00,EDSA Mapagmahal St.  Quezon City,0,0,0,0,0,0,0,0,0,0,2015-11-12 17:45,Property,14.61376458,121.0537933,No Collision Stated
None,EDSA,None,None,"No Accident Factor, Rear-end, 0.0 drivers_injured, 0.0 drivers_killed, 0.0 passengers_injured, 0.0 passengers_killed, 0.0 pedestrian_injured, 0.0 pedestrian_killed, Fair (Day), EDSA Camp Aguinaldo (Gate 2) Quezon City",MMDA Road Safety Unit,,8bf68960-b161-4c1a-aea8-c6832f6654dc,2015-11-12,03:30:00,EDSA SM North Pag asa Quezon City,0,0,0,0,0,0,0,0,0,0,2015-11-12 11:30,Property,14.6098829,121.0556752,Rear-End
None,EDSA,None,None,"No Accident Factor, Side Swipe, 0.0 drivers_injured, 0.0 drivers_killed, 0.0 passengers_injured, 0.0 passengers_killed, 0.0 pedestrian_injured, 0.0 pedestrian_killed, Fair (Day), EDSA Quezon Ave.  Quezon City",MMDA Road Safety Unit,,ddc4faa5-ab97-4296-a781-1be942e17e5e,2015-11-12,00:20:00,EDSA Kamuning Road Quezon City,0,0,0,0,0,0,0,0,0,0,2015-11-12 8:20,Property,14.6442444,121.0375839,Side Swipe
None,EDSA,None,None,"No Accident Factor, Hit and Run (No Collision Stated), 0.0 drivers_injured, 0.0 drivers_killed, 0.0 passengers_injured, 0.0 passengers_killed, 0.0 pedestrian_injured, 0.0 pedestrian_killed, Fair (Day), EDSA Col. Bonny Serrano Ave. Quezon City",MMDA Road Safety Unit,,14eb3ba7-0331-461b-8b70-e2858f19b428,2015-11-12,00:00:00,EDSA P. Tuazon Blvd. Quezon City,0,0,0,0,0,0,0,0,0,0,2015-11-12 8:00,Property,14.61107337,121.0550705,No Collision Stated
None,EDSA,None,None,"No Accident Factor, Side Swipe, 0.0 drivers_injured, 0.0 drivers_killed, 0.0 passengers_injured, 0.0 passengers_killed, 0.0 pedestrian_injured, 0.0 pedestrian_killed, Fair (Day), EDSA East Ave. Quezon City",MMDA Road Safety Unit,,8da5a760-20cd-4d58-8eb5-d0792bebfcbb,2015-11-11,23:15:00,EDSA Camp Aguinaldo Quezon City,0,0,0,0,0,0,0,0,0,0,2015-11-12 7:15,Property,14.6328297,121.0451176,Side Swipe
None,EDSA,None,None,"No Accident Factor, No Collision Stated (based on Police Blotter Book), 0.0 drivers_injured, 0.0 drivers_killed, 0.0 passengers_injured, 0.0 passengers_killed, 0.0 pedestrian_injured, 0.0 pedestrian_killed, Fair (Day), EDSA ""U"" turn slot, Bagong Pag-asa Quezon City",MMDA Road Safety Unit,,e9b3a6d3-cd7b-48f1-8f9a-8f0ebd9692ae,2015-11-11,22:40:00,EDSA Aurora Blvd. Quezon City,0,0,0,0,0,0,0,0,0,0,2015-11-12 6:40,Property,14.65652754,121.0260743,No Collision Stated
None,EDSA,None,None,"No Accident Factor, No Collision Stated (based on Police Blotter Book), 0.0 drivers_injured, 0.0 drivers_killed, 0.0 passengers_injured, 0.0 passengers_killed, 0.0 pedestrian_injured, 0.0 pedestrian_killed, Fair (Night), EDSA Cloverleaf Quezon City",MMDA Road Safety Unit,,ed7df8f7-b355-4786-984f-07dec0cdbaa2,2015-11-11,12:00:00,EDSA Kamuning Road Quezon City,0,0,0,0,0,0,0,0,0,0,2015-11-11 20:00,Property,14.65747901,121.0011914,No Collision Stated
None,EDSA,None,None,"No Accident Factor, Rear-end, 0.0 drivers_injured, 0.0 drivers_killed, 0.0 passengers_injured, 0.0 passengers_killed, 0.0 pedestrian_injured, 0.0 pedestrian_killed, Fair (Day), EDSA Jam Liner Bus Terminal Quezon City",MMDA Road Safety Unit,,5d94e833-0711-4b90-be28-171253c09d82,2015-11-11,09:30:00,"EDSA ""U"" turn slot, R. Magsaysay Quezon City",0,0,0,0,0,0,0,0,0,0,2015-11-11 17:30,Property,14.63113373,121.0455992,Rear-End
None,EDSA,None,None,"No Accident Factor, Side Swipe, 0.0 drivers_injured, 0.0 drivers_killed, 0.0 passengers_injured, 0.0 passengers_killed, 0.0 pedestrian_injured, 0.0 pedestrian_killed, Fair (Day), EDSA Main Ave. Quezon City",MMDA Road Safety Unit,,f4e5336d-a761-49da-88e2-a3ab92c4dd15,2015-11-11,06:45:00,"EDSA New York St. (Baliwag Bus Terminal, Cubao) Quezon City",0,0,0,0,0,0,0,0,0,0,2015-11-11 14:45,Property,14.61376458,121.0537933,Side Swipe
None,EDSA,None,None,"No Accident Factor, Side Swipe, 0.0 drivers_injured, 0.0 drivers_killed, 0.0 passengers_injured, 0.0 passengers_killed, 0.0 pedestrian_injured, 0.0 pedestrian_killed, Fair (Day), EDSA Ortigas Ave. Quezon City",MMDA Road Safety Unit,,5827d9dd-611d-41b7-91c2-fb3efe7198f7,2015-11-11,03:40:00,EDSA Oliveros     Quezon City,0,0,0,0,0,0,0,0,0,0,2015-11-11 11:40,Property,14.59335253,121.0584107,Side Swipe
None,EDSA,None,None,"No Accident Factor, No Collision Stated (based on Police Blotter Book), 0.0 drivers_injured, 0.0 drivers_killed, 0.0 passengers_injured, 0.0 passengers_killed, 0.0 pedestrian_injured, 0.0 pedestrian_killed, Fair (Day), EDSA Timog Ave.  Quezon City",MMDA Road Safety Unit,,93b94e25-ffe2-4a4b-98d2-1a3cb7e3ed32,2015-11-11,02:15:00,EDSA Panay Ave. Quezon City,0,0,0,0,0,0,0,0,0,0,2015-11-11 10:15,Property,14.63293559,121.0446304,No Collision Stated
None,EDSA,None,None,"No Accident Factor, Rear-end, 0.0 drivers_injured, 0.0 drivers_killed, 0.0 passengers_injured, 0.0 passengers_killed, 0.0 pedestrian_injured, 0.0 pedestrian_killed, Fair (Night), EDSA Aurora Blvd. Quezon City",MMDA Road Safety Unit,,32bef0d6-5149-4cd5-b47e-5736059a6aac,2015-11-10,18:00:00,EDSA Roosevelt Ave.  Quezon City,0,0,0,0,0,0,0,0,0,0,2015-11-11 2:00,Property,14.62163653,121.0501573,Rear-End
None,EDSA,None,None,"No Accident Factor, Angle Impact, 0.0 drivers_injured, 0.0 drivers_killed, 0.0 passengers_injured, 0.0 passengers_killed, 0.0 pedestrian_injured, 0.0 pedestrian_killed, Fair (Night), EDSA P. Tuazon Blvd. Quezon City",MMDA Road Safety Unit,,2fae857d-3a5c-4048-bc7b-92f9676025e7,2015-11-10,16:05:00,EDSA Kamias Road Quezon City,0,0,0,0,0,0,0,0,0,0,2015-11-11 0:05,Property,14.61656342,121.0525225,Angle Impact