LOCATION_TEXT,ROAD,WEATHER,LIGHT,DESC,REPORTING_AGENCY,MAIN_CAUSE,INCIDENTDETAILS_ID,DATE_UTC,TIME_UTC,ADDRESS,killed_driver,killed_passenger,killed_pedestrian,injured_driver,injured_passenger,injured_pedestrian,killed_uncategorized,injured_uncategorized,killed_total,injured_total,DATETIME_PST,SEVERITY,Y,X,COLLISION_TYPE
None,EDSA,None,None,"No Accident Factor, Rear-end, 0.0 drivers_injured, 0.0 drivers_killed, 0.0 passengers_injured, 0.0 passengers_killed, 0.0 pedestrian_injured, 0.0 pedestrian_killed, Fair (Day), EDSA Roosevelt Ave.  Quezon City",MMDA Road Safety Unit,,bee3f1d8-9397-4936-b680-6f7542853a27,2015-11-10,03:45:00,EDSA Banahaw St. Quezon City,0,0,0,0,0,0,0,0,0,0,2015-11-10 11:45,Property,14.65762047,121.0196373,Rear-End
None,EDSA,None,None,"No Accident Factor, Side Swipe, 0.0 drivers_injured, 0.0 drivers_killed, 0.0 passengers_injured, 0.0 passengers_killed, 0.0 pedestrian_injured, 0.0 pedestrian_killed, Fair (Day), EDSA Victory Liner Bus Terminal Quezon City",MMDA Road Safety Unit,,fa026248-3ade-4546-9541-296bad089427,2015-11-10,03:00:00,EDSA Misamis St. Quezon City,0,0,0,0,0,0,0,0,0,0,2015-11-10 11:00,Property,14.63209398,121.0454876,Side Swipe
None,EDSA,None,None,"No Accident Factor, No Collision Stated (based on Police Blotter Book), 0.0 drivers_injured, 0.0 drivers_killed, 0.0 passengers_injured, 0.0 passengers_killed, 0.0 pedestrian_injured, 0.0 pedestrian_killed, Fair (Day), EDSA Santolan, Socorro Quezon City",MMDA Road Safety Unit,,af66a7a8-03a0-46d0-9990-de0907a63859,2015-11-10,00:50:00,EDSA Monte De Piedad St. Quezon City,0,0,0,0,0,0,0,0,0,0,2015-11-10 8:50,Property,14.6102736,121.0552175,No Collision Stated
None,EDSA,None,None,"No Accident Factor, No Collision Stated (based on Police Blotter Book), 2.0 drivers_injured, 0.0 drivers_killed, 0.0 passengers_injured, 0.0 passengers_killed, 0.0 pedestrian_injured, 0.0 pedestrian_killed, Fair (Night), EDSA NIA Road Quezon City",MMDA Road Safety Unit,,5ce645bc-c97a-4312-ab3f-36c9a3e29485,2015-11-09,21:45:00,EDSA P. Tuazon St.  Quezon City,0,0,0,2,0,0,0,0,0,2,2015-11-10 5:45,Injury,14.63727823,121.0421362,No Collision Stated
None,EDSA,None,None,"No Accident Factor, Side Swipe, 0.0 drivers_injured, 0.0 drivers_killed, 0.0 passengers_injured, 0.0 passengers_killed, 0.0 pedestrian_injured, 0.0 pedestrian_killed, Fair (Night), EDSA Santolan ""U"" turn slot  Quezon City",MMDA Road Safety Unit,,01996f60-5528-437c-a6e1-8cac01fa4be1,2015-11-09,13:00:00,"EDSA Camp Aguinaldo (Gate 3), Camp Aguinaldo Quezon City",0,0,0,0,0,0,0,0,0,0,2015-11-09 21:00,Property,14.61090554,121.0550155,Side Swipe
None,EDSA,None,None,"No Accident Factor, No Collision Stated (based on Police Blotter Book), 0.0 drivers_injured, 0.0 drivers_killed, 0.0 passengers_injured, 0.0 passengers_killed, 0.0 pedestrian_injured, 0.0 pedestrian_killed, Fair (Night), EDSA Cloverleaf Drive Quezon City",MMDA Road Safety Unit,,a2a54584-0c51-47dd-8df5-510831395c81,2015-11-09,11:30:00,EDSA North Road Quezon City,0,0,0,0,0,0,0,0,0,0,2015-11-09 19:30,Property,14.65740144,121.0008553,No Collision Stated
None,EDSA,None,None,"No Accident Factor, No Collision Stated (based on Police Blotter Book), 0.0 drivers_injured, 0.0 drivers_killed, 0.0 passengers_injured, 0.0 passengers_killed, 0.0 pedestrian_injured, 0.0 pedestrian_killed, Fair (Night), EDSA GMA Network Drive  Quezon City",MMDA Road Safety Unit,,5b8089f9-5400-4f97-b8aa-86b1e52747bc,2015-11-09,10:30:00,EDSA Ortigas Ave. Quezon City,0,0,0,0,0,0,0,0,0,0,2015-11-09 18:30,Property,14.63467214,121.0435714,No Collision Stated
None,EDSA,None,None,"No Accident Factor, Angle Impact, 0.0 drivers_injured, 0.0 drivers_killed, 0.0 passengers_injured, 0.0 passengers_killed, 0.0 pedestrian_injured, 0.0 pedestrian_killed, Fair (Day), EDSA Gen. Roxas Ave. Quezon City",MMDA Road Safety Unit,,6425389b-d385-4bd5-8f83-d0a8d62e05b2,2015-11-09,09:30:00,EDSA Whiteplains Ave. Quezon City,0,0,0,0,0,0,0,0,0,0,2015-11-09 17:30,Property,14.62042254,121.0508064,Angle Impact
None,EDSA,None,None,"No Accident Factor, No Collision Stated (based on Police Blotter Book), 0.0 drivers_injured, 0.0 drivers_killed, 0.0 passengers_injured, 0.0 passengers_killed, 0.0 pedestrian_injured, 0.0 pedestrian_killed, Fair (Day), EDSA Monte De Piedad St. Quezon City",MMDA Road Safety Unit,,97ccb8a0-807d-4faa-a7f8-f5fc38cbd3a0,2015-11-09,09:00:00,EDSA New York St. Quezon City,0,0,0,0,0,0,0,0,0,0,2015-11-09 17:00,Property,14.62346937,121.0491711,No Collision Stated
None,EDSA,None,None,"No Accident Factor, No Collision Stated (based on Police Blotter Book), 0.0 drivers_injured, 0.0 drivers_killed, 0.0 passengers_injured, 0.0 passengers_killed, 0.0 pedestrian_injured, 0.0 pedestrian_killed, Fair (Day), EDSA QCPD PS 10 Kamuning  Quezon City",MMDA Road Safety Unit,,b7042de8-9157-4e9c-8c8b-a30653dc4f10,2015-11-09,02:40:00,EDSA Santolan MRT Station Quezon City,0,0,0,0,0,0,0,0,0,0,2015-11-09 10:40,Property,14.62991873,121.0461256,No Collision Stated
None,EDSA,None,None,"No Accident Factor, Side Swipe, 0.0 drivers_injured, 0.0 drivers_killed, 2.0 passengers_injured, 0.0 passengers_killed, 0.0 pedestrian_injured, 0.0 pedestrian_killed, Fair (Day), EDSA P. Tuazon Blvd. Quezon City",MMDA Road Safety Unit,,7d7b06d5-5af8-48c7-8a2b-a209afdb64f3,2015-11-09,02:10:00,EDSA Aurora Blvd. Quezon City,0,0,0,0,2,0,0,0,0,2,2015-11-09 10:10,Injury,14.61656342,121.0525225,Side Swipe
None,EDSA,None,None,"No Accident Factor, Rear-end, 0.0 drivers_injured, 0.0 drivers_killed, 0.0 passengers_injured, 0.0 passengers_killed, 0.0 pedestrian_injured, 0.0 pedestrian_killed, Fair (Day), EDSA Banahaw St. Quezon City",MMDA Road Safety Unit,,f6abb671-76cc-451a-9eb8-7d893c05047b,2015-11-09,01:50:00,EDSA P. Tuazon Blvd. Quezon City,0,0,0,0,0,0,0,0,0,0,2015-11-09 9:50,Property,14.61797303,121.0516572,Rear-End
None,EDSA,None,None,"No Accident Factor, Rear-end, 0.0 drivers_injured, 0.0 drivers_killed, 0.0 passengers_injured, 0.0 passengers_killed, 0.0 pedestrian_injured, 0.0 pedestrian_killed, Fair (Day), EDSA Sogo Hotel, Philam Quezon City",MMDA Road Safety Unit,,5c551e33-c385-4604-8230-dd95e45a33f9,2015-11-09,00:05:00,EDSA Dario Bridge Quezon City,0,0,0,0,0,0,0,0,0,0,2015-11-09 8:05,Property,14.65196411,121.0323219,Rear-End
None,EDSA,None,None,"No Accident Factor, Rear-end, 0.0 drivers_injured, 0.0 drivers_killed, 0.0 passengers_injured, 0.0 passengers_killed, 0.0 pedestrian_injured, 0.0 pedestrian_killed, Fair (Day), EDSA Ortigas Ave. (WB)  Quezon City",MMDA Road Safety Unit,,cbbcd1d2-678c-43d1-ad17-4373573450a2,2015-11-08,23:50:00,"EDSA Timog Ave. ""U"" turn slot  Quezon City",0,0,0,0,0,0,0,0,0,0,2015-11-09 7:50,Property,14.59275486,121.0584221,Rear-End
None,EDSA,None,None,"No Accident Factor, No Collision Stated (based on Police Blotter Book), 0.0 drivers_injured, 0.0 drivers_killed, 1.0 passengers_injured, 0.0 passengers_killed, 0.0 pedestrian_injured, 0.0 pedestrian_killed, Fair (Day), EDSA Five Star Bus Terminal Quezon City",MMDA Road Safety Unit,,3d3f5398-f40f-4c7d-b6fd-abd3c8a3d325,2015-11-08,22:30:00,EDSA Ramon Magsaysay  Quezon City,0,0,0,0,1,0,0,0,0,1,2015-11-09 6:30,Injury,14.62375691,121.0492447,No Collision Stated
None,EDSA,None,None,"No Accident Factor, No Collision Stated (based on Police Blotter Book), 0.0 drivers_injured, 0.0 drivers_killed, 0.0 passengers_injured, 0.0 passengers_killed, 0.0 pedestrian_injured, 0.0 pedestrian_killed, Fair (Night), EDSA Shell Gas station, Pinyahan Quezon City",MMDA Road Safety Unit,,6ec86630-0708-4edf-b6ee-57e74430aab8,2015-11-08,14:30:00,EDSA Camp Aguinaldo (Gate 3) Quezon City,0,0,0,0,0,0,0,0,0,0,2015-11-08 22:30,Property,14.63806749,121.0415939,No Collision Stated
None,EDSA,None,None,"No Accident Factor, No Collision Stated (based on Police Blotter Book), 0.0 drivers_injured, 0.0 drivers_killed, 0.0 passengers_injured, 0.0 passengers_killed, 0.0 pedestrian_injured, 0.0 pedestrian_killed, Fair (Night), EDSA Col. Bonny Serrano Ave. Quezon City",MMDA Road Safety Unit,,8d514d28-dcf9-4806-8c5b-b84fecdaa7d2,2015-11-08,13:40:00,"EDSA Five Star Bus Terminal, E. Rodriguez Quezon City",0,0,0,0,0,0,0,0,0,0,2015-11-08 21:40,Property,14.61107337,121.0550705,No Collision Stated
None,EDSA,None,None,"No Accident Factor, Side Swipe, 1.0 drivers_injured, 0.0 drivers_killed, 0.0 passengers_injured, 0.0 passengers_killed, 0.0 pedestrian_injured, 0.0 pedestrian_killed, Fair (Night), EDSA Quezon Ave.  Quezon City",MMDA Road Safety Unit,,508f3c66-755f-4969-b912-5aa2d6c527b1,2015-11-07,19:30:00,EDSA Quezon Ave. Quezon City,0,0,0,1,0,0,0,0,0,1,2015-11-08 3:30,Injury,14.6442444,121.0375839,Side Swipe
None,EDSA,None,None,"No Accident Factor, No Collision Stated (based on Police Blotter Book), 0.0 drivers_injured, 0.0 drivers_killed, 0.0 passengers_injured, 0.0 passengers_killed, 0.0 pedestrian_injured, 0.0 pedestrian_killed, Fair (Night), EDSA Station 10 Kamuning  Quezon City",MMDA Road Safety Unit,,bcf492b4-601c-4161-b142-d1e37b5b7f3b,2015-11-07,15:30:00,EDSA New York St. Quezon City,0,0,0,0,0,0,0,0,0,0,2015-11-07 23:30,Property,14.62991165,121.0461367,No Collision Stated
None,EDSA,None,None,"No Accident Factor, Hit and Run (No Collision Stated), 0.0 drivers_injured, 0.0 drivers_killed, 0.0 passengers_injured, 0.0 passengers_killed, 0.0 pedestrian_injured, 0.0 pedestrian_killed, Fair (Night), EDSA NIA Road Quezon City",MMDA Road Safety Unit,,40c1f622-d7dc-40df-9244-088e6c7f1aef,2015-11-07,15:00:00,"EDSA Timog Ave. ""U"" turn slot  Quezon City",0,0,0,0,0,0,0,0,0,0,2015-11-07 23:00,Property,14.63727823,121.0421362,No Collision Stated
None,EDSA,None,None,"No Accident Factor, No Collision Stated (based on Police Blotter Book), 0.0 drivers_injured, 0.0 drivers_killed, 0.0 passengers_injured, 0.0 passengers_killed, 0.0 pedestrian_injured, 0.0 pedestrian_killed, Fair (Night), EDSA New York St. Quezon City",MMDA Road Safety Unit,,79d280ca-3f93-437c-9714-a947d91242e4,2015-11-07,11:30:00,EDSA Roosevelt Ave. Quezon City,0,0,0,0,0,0,0,0,0,0,2015-11-07 19:30,Property,14.62568514,121.0482307,No Collision Stated
None,EDSA,None,None,"No Accident Factor, Side Swipe, 0.0 drivers_injured, 0.0 drivers_killed, 0.0 passengers_injured, 0.0 passengers_killed, 0.0 pedestrian_injured, 0.0 pedestrian_killed, Fair (Day), EDSA Five Star Bus Terminal Quezon City",MMDA Road Safety Unit,,259d5587-baf0-49de-986b-c5bc912a6710,2015-11-07,04:25:00,EDSA Quezon Ave.  Quezon City,0,0,0,0,0,0,0,0,0,0,2015-11-07 12:25,Property,14.62375691,121.0492447,Side Swipe
None,EDSA,None,None,"No Accident Factor, Rear-end, 0.0 drivers_injured, 0.0 drivers_killed, 1.0 passengers_injured, 0.0 passengers_killed, 0.0 pedestrian_injured, 0.0 pedestrian_killed, Fair (Day), EDSA East Ave. Quezon City",MMDA Road Safety Unit,,0299b4a6-bf30-4edf-9985-4c41ef6b7db8,2015-11-07,00:45:00,"EDSA Howmart, A. Samson Quezon City",0,0,0,0,1,0,0,0,0,1,2015-11-07 8:45,Injury,14.6328297,121.0451176,Rear-End
None,EDSA,None,None,"No Accident Factor, No Collision Stated (based on Police Blotter Book), 0.0 drivers_injured, 0.0 drivers_killed, 0.0 passengers_injured, 0.0 passengers_killed, 0.0 pedestrian_injured, 0.0 pedestrian_killed, Fair (Night), EDSA Quezon Ave. Quezon City",MMDA Road Safety Unit,,e43a8806-e7db-4073-b417-db7fed6979d0,2015-11-06,21:30:00,EDSA Ermin Garcia St. Quezon City,0,0,0,0,0,0,0,0,0,0,2015-11-07 5:30,Property,14.6442444,121.0375839,No Collision Stated
None,EDSA,None,None,"No Accident Factor, Rear-end, 0.0 drivers_injured, 0.0 drivers_killed, 0.0 passengers_injured, 0.0 passengers_killed, 0.0 pedestrian_injured, 0.0 pedestrian_killed, Fair (Night), EDSA MRT-GMA Kamuning Station Quezon City",MMDA Road Safety Unit,,fe81d6f3-042c-487d-92d0-3cd7d589b18b,2015-11-06,16:15:00,"EDSA Corinthian Garden, Ugong Norte Quezon City",0,0,0,0,0,0,0,0,0,0,2015-11-07 0:15,Property,14.63506067,121.043428,Rear-End
None,EDSA,None,None,"No Accident Factor, No Collision Stated (based on Police Blotter Book), 1.0 drivers_injured, 0.0 drivers_killed, 0.0 passengers_injured, 0.0 passengers_killed, 0.0 pedestrian_injured, 0.0 pedestrian_killed, Fair (Night), EDSA Quezon Ave., Philam Quezon City",MMDA Road Safety Unit,,97f36cc5-bae9-4a8b-9877-8108170e9162,2015-11-06,13:30:00,EDSA Balintawak Market Quezon City,0,0,0,1,0,0,0,0,0,1,2015-11-06 21:30,Injury,14.6442444,121.0375839,No Collision Stated
None,EDSA,None,None,"No Accident Factor, Hit and Run (No Collision Stated), 0.0 drivers_injured, 0.0 drivers_killed, 0.0 passengers_injured, 0.0 passengers_killed, 0.0 pedestrian_injured, 0.0 pedestrian_killed, Fair (Day), EDSA Santolan (SB)  Quezon City",MMDA Road Safety Unit,,0ccffb97-428b-4c0d-af3c-d565bc3bb416,2015-11-06,06:10:00,"EDSA Baliwag Liner Bus Terminal / 711 Convenience Store, E. Rodriguez Quezon City",0,0,0,0,0,0,0,0,0,0,2015-11-06 14:10,Property,14.61090554,121.0550155,No Collision Stated
None,EDSA,None,None,"No Accident Factor, Side Swipe, 0.0 drivers_injured, 0.0 drivers_killed, 0.0 passengers_injured, 0.0 passengers_killed, 0.0 pedestrian_injured, 0.0 pedestrian_killed, Fair (Day), EDSA P. Tuazon Blvd. Quezon City",MMDA Road Safety Unit,,c70973b6-7bd2-4daf-9d36-fd924b821817,2015-11-06,03:30:00,EDSA Balintawak Market Quezon City,0,0,0,0,0,0,0,0,0,0,2015-11-06 11:30,Property,14.61656342,121.0525225,Side Swipe
None,EDSA,None,None,"No Accident Factor, Side Swipe, 0.0 drivers_injured, 0.0 drivers_killed, 0.0 passengers_injured, 0.0 passengers_killed, 0.0 pedestrian_injured, 0.0 pedestrian_killed, Fair (Day), EDSA Shell Gas Station, Katipu Quezon City",MMDA Road Safety Unit,,a67aed81-4cc6-4148-a3fe-d2f91b103ce1,2015-11-06,03:30:00,EDSA Philam Homes (Gate 1) Quezon City,0,0,0,0,0,0,0,0,0,0,2015-11-06 11:30,Property,14.65744481,121.0162804,Side Swipe
None,EDSA,None,None,"No Accident Factor, Side Swipe, 0.0 drivers_injured, 0.0 drivers_killed, 0.0 passengers_injured, 0.0 passengers_killed, 0.0 pedestrian_injured, 0.0 pedestrian_killed, Fair (Day), EDSA Baliwag Liner Bus Terminal Quezon City",MMDA Road Safety Unit,,8591d850-8ef1-4c02-8357-5777d7499b1c,2015-11-06,03:20:00,EDSA Timog Ave. Quezon City,0,0,0,0,0,0,0,0,0,0,2015-11-06 11:20,Property,14.6244766,121.0489584,Side Swipe
None,EDSA,None,None,"No Accident Factor, Side Swipe, 0.0 drivers_injured, 0.0 drivers_killed, 0.0 passengers_injured, 0.0 passengers_killed, 0.0 pedestrian_injured, 0.0 pedestrian_killed, Fair (Day), EDSA Five Star Bus Terminal Quezon City",MMDA Road Safety Unit,,8537854f-764c-4c8e-8273-ae2fef3588bd,2015-11-06,02:30:00,"EDSA ""U"" turn slot, R. Magsaysay Quezon City",0,0,0,0,0,0,0,0,0,0,2015-11-06 10:30,Property,14.62375691,121.0492447,Side Swipe
None,EDSA,None,None,"No Accident Factor, Rear-end, 0.0 drivers_injured, 0.0 drivers_killed, 0.0 passengers_injured, 0.0 passengers_killed, 0.0 pedestrian_injured, 0.0 pedestrian_killed, Fair (Day), EDSA Timog Ave.  Quezon City",MMDA Road Safety Unit,,d55ecff4-a475-4167-8a26-26e7629cc5ee,2015-11-06,00:00:00,EDSA West Ave. Quezon City,0,0,0,0,0,0,0,0,0,0,2015-11-06 8:00,Property,14.63293559,121.0446304,Rear-End
None,EDSA,None,None,"No Accident Factor, Rear-end, 0.0 drivers_injured, 0.0 drivers_killed, 0.0 passengers_injured, 0.0 passengers_killed, 0.0 pedestrian_injured, 0.0 pedestrian_killed, Fair (Night), EDSA Col. Bonny Serrano Ave. Quezon City",MMDA Road Safety Unit,,165e40bf-dc12-4199-ad98-e47cb9e2c6e9,2015-11-05,17:00:00,EDSA Lucena Lines Bus Terminal  Quezon City,0,0,0,0,0,0,0,0,0,0,2015-11-06 1:00,Property,14.61107337,121.0550705,Rear-End
None,EDSA,None,None,"No Accident Factor, Side Swipe, 0.0 drivers_injured, 0.0 drivers_killed, 0.0 passengers_injured, 0.0 passengers_killed, 0.0 pedestrian_injured, 0.0 pedestrian_killed, Fair (Night), EDSA Kaingin Road Quezon City",MMDA Road Safety Unit,,883f0851-4f39-482e-836f-5f82aecd8f9a,2015-11-05,10:30:00,EDSA PCP 10 Kamuning Quezon City,0,0,0,0,0,0,0,0,0,0,2015-11-05 18:30,Property,14.65746493,121.0109963,Side Swipe
None,EDSA,None,None,"No Accident Factor, Side Swipe, 0.0 drivers_injured, 0.0 drivers_killed, 0.0 passengers_injured, 0.0 passengers_killed, 0.0 pedestrian_injured, 0.0 pedestrian_killed, Fair (Night), EDSA Aurora Blvd. Quezon City",MMDA Road Safety Unit,,b1c419e6-64b1-4143-afd8-9b56f2df4c9a,2015-11-05,10:30:00,EDSA Bernardo Park  Quezon City,0,0,0,0,0,0,0,0,0,0,2015-11-05 18:30,Property,14.62163653,121.0501573,Side Swipe
None,EDSA,None,None,"No Accident Factor, Rear-end, 0.0 drivers_injured, 0.0 drivers_killed, 0.0 passengers_injured, 0.0 passengers_killed, 0.0 pedestrian_injured, 0.0 pedestrian_killed, Fair (Day), EDSA Waltermart Quezon City",MMDA Road Safety Unit,,057323ca-acb1-4eff-9c3a-e9106e4637fd,2015-11-05,07:05:00,"EDSA Five Star Bus Terminal, E. Rodriguez Quezon City",0,0,0,0,0,0,0,0,0,0,2015-11-05 15:05,Property,14.6574558,121.0213579,Rear-End
None,EDSA,None,None,"No Accident Factor, Rear-end, 0.0 drivers_injured, 0.0 drivers_killed, 0.0 passengers_injured, 0.0 passengers_killed, 0.0 pedestrian_injured, 0.0 pedestrian_killed, Fair (Day), EDSA Main Ave. Quezon City",MMDA Road Safety Unit,,7678e2fb-2d20-4031-a638-6223f32844d9,2015-11-04,22:40:00,EDSA DLTB Bus Terminal  Quezon City,0,0,0,0,0,0,0,0,0,0,2015-11-05 6:40,Property,14.61376458,121.0537933,Rear-End
None,EDSA,None,None,"No Accident Factor, No Collision Stated (based on Police Blotter Book), 0.0 drivers_injured, 0.0 drivers_killed, 0.0 passengers_injured, 0.0 passengers_killed, 0.0 pedestrian_injured, 0.0 pedestrian_killed, Fair (Day), EDSA Santolan (SB)  Quezon City",MMDA Road Safety Unit,,9d73fd7c-4bde-424e-aaf1-7a7c9583154f,2015-11-04,22:30:00,"EDSA Victory Liner Bus Terminal, Pinyahan Quezon City",0,0,0,0,0,0,0,0,0,0,2015-11-05 6:30,Property,14.61090554,121.0550155,No Collision Stated
None,EDSA,None,None,"No Accident Factor, Side Swipe, 0.0 drivers_injured, 0.0 drivers_killed, 0.0 passengers_injured, 0.0 passengers_killed, 0.0 pedestrian_injured, 0.0 pedestrian_killed, Fair (Night), EDSA MRT, Balintawak Quezon City",MMDA Road Safety Unit,,24d370d3-a2a2-49ad-a605-d7689bd16f06,2015-11-04,11:20:00,EDSA Quezon Ave. Quezon City,0,0,0,0,0,0,0,0,0,0,2015-11-04 19:20,Property,14.6574368,121.003629,Side Swipe
None,EDSA,None,None,"No Accident Factor, Multiple Collision, 0.0 drivers_injured, 0.0 drivers_killed, 0.0 passengers_injured, 0.0 passengers_killed, 0.0 pedestrian_injured, 0.0 pedestrian_killed, Fair (Night), EDSA Kamuning St.  Quezon City",MMDA Road Safety Unit,,08e8a30e-0971-47d8-8279-c30509bc099a,2015-11-04,10:45:00,"EDSA ""U"" turn slot, Bagong Pag-asa Quezon City",0,0,0,0,0,0,0,0,0,0,2015-11-04 18:45,Property,14.63079118,121.0458085,Multiple
None,EDSA,None,None,"No Accident Factor, Side Swipe, 0.0 drivers_injured, 0.0 drivers_killed, 0.0 passengers_injured, 0.0 passengers_killed, 0.0 pedestrian_injured, 0.0 pedestrian_killed, Fair (Day), EDSA Jac Liner Bus Terminal, Pinyahan Quezon City",MMDA Road Safety Unit,,a271c529-cc2f-4dbe-99a4-f77ade114c32,2015-11-04,08:00:00,EDSA Timog Ave. & Kamuning Quezon City,0,0,0,0,0,0,0,0,0,0,2015-11-04 16:00,Property,14.63162939,121.0456857,Side Swipe
None,EDSA,None,None,"No Accident Factor, Rear-end, 0.0 drivers_injured, 0.0 drivers_killed, 0.0 passengers_injured, 0.0 passengers_killed, 0.0 pedestrian_injured, 0.0 pedestrian_killed, Fair (Day), EDSA Camp Aguinaldo Quezon City",MMDA Road Safety Unit,,985e0d8f-ab6e-4adf-a935-be6bb7b8bb7a,2015-11-04,07:25:00,"EDSA Home Depot, Katipu Quezon City",0,0,0,0,0,0,0,0,0,0,2015-11-04 15:25,Property,14.60818699,121.0564562,Rear-End
None,EDSA,None,None,"No Accident Factor, No Collision Stated (based on Police Blotter Book), 0.0 drivers_injured, 0.0 drivers_killed, 0.0 passengers_injured, 0.0 passengers_killed, 0.0 pedestrian_injured, 0.0 pedestrian_killed, Fair (Day), EDSA Aurora Blvd. Quezon City",MMDA Road Safety Unit,,2a5f1ec6-aafb-4d62-80f7-4ccb11c83b3d,2015-11-04,06:40:00,EDSA Kaingin Road Quezon City,0,0,0,0,0,0,0,0,0,0,2015-11-04 14:40,Property,14.62163653,121.0501573,No Collision Stated
None,EDSA,None,None,"No Accident Factor, Side Swipe, 0.0 drivers_injured, 0.0 drivers_killed, 0.0 passengers_injured, 0.0 passengers_killed, 0.0 pedestrian_injured, 0.0 pedestrian_killed, Fair (Day), EDSA Home Depot, Katipu Quezon City",MMDA Road Safety Unit,,f6f1d87a-6f9b-4abe-88d9-8ab1d7328412,2015-11-04,03:15:00,EDSA East Ave. Quezon City,0,0,0,0,0,0,0,0,0,0,2015-11-04 11:15,Property,14.65776197,121.0132202,Side Swipe
None,EDSA,None,None,"No Accident Factor, Side Swipe, 0.0 drivers_injured, 0.0 drivers_killed, 0.0 passengers_injured, 0.0 passengers_killed, 0.0 pedestrian_injured, 0.0 pedestrian_killed, Fair (Day), EDSA Ortigas Ave. Quezon City",MMDA Road Safety Unit,,d0d4e129-8673-4062-9f83-480eeba0bf00,2015-11-04,03:00:00,"EDSA ""U"" turn slot, Santolan Road Quezon City",0,0,0,0,0,0,0,0,0,0,2015-11-04 11:00,Property,14.59335253,121.0584107,Side Swipe
None,EDSA,None,None,"No Accident Factor, Rear-end, 0.0 drivers_injured, 0.0 drivers_killed, 0.0 passengers_injured, 0.0 passengers_killed, 0.0 pedestrian_injured, 0.0 pedestrian_killed, Fair (Day), EDSA Col. Bonny Serrano Ave. Quezon City",MMDA Road Safety Unit,,4bc3ff0d-9318-4cd5-b437-03741039bfeb,2015-11-04,00:10:00,EDSA Aurora Blvd. Quezon City,0,0,0,0,0,0,0,0,0,0,2015-11-04 8:10,Property,14.61107337,121.0550705,Rear-End
None,EDSA,None,None,"No Accident Factor, Side Swipe, 0.0 drivers_injured, 0.0 drivers_killed, 0.0 passengers_injured, 0.0 passengers_killed, 0.0 pedestrian_injured, 0.0 pedestrian_killed, Fair (Night), EDSA SM Hypermarket, Main Ave. Quezon City",MMDA Road Safety Unit,,4ee09972-5949-4d4f-afb5-ad6c4523daa6,2015-11-03,12:40:00,"EDSA ""U"" turn slot, Kamuning Road Quezon City",0,0,0,0,0,0,0,0,0,0,2015-11-03 20:40,Property,14.6142289,121.0535621,Side Swipe
None,EDSA,None,None,"No Accident Factor, Rear-end, 0.0 drivers_injured, 0.0 drivers_killed, 0.0 passengers_injured, 0.0 passengers_killed, 0.0 pedestrian_injured, 0.0 pedestrian_killed, Fair (Night), EDSA Mrt, Santolan Station, Camp Aguinaldo Quezon City",MMDA Road Safety Unit,,509dc237-0111-4db8-b095-d7161379da92,2015-11-03,12:10:00,EDSA NIA Road Quezon City,0,0,0,0,0,0,0,0,0,0,2015-11-03 20:10,Property,14.60774043,121.0565239,Rear-End
None,EDSA,None,None,"No Accident Factor, Side Swipe, 0.0 drivers_injured, 0.0 drivers_killed, 0.0 passengers_injured, 0.0 passengers_killed, 0.0 pedestrian_injured, 0.0 pedestrian_killed, Fair (Day), EDSA Cloverleaf Drive Quezon City",MMDA Road Safety Unit,,886bac9f-92f5-4fee-91e8-afb0d15b6956,2015-11-03,08:50:00,"EDSA ""U"" turn slot, SM North (Annex) Quezon City",0,0,0,0,0,0,0,0,0,0,2015-11-03 16:50,Property,14.65740144,121.0008553,Side Swipe
None,EDSA,None,None,"No Accident Factor, No Collision Stated (based on Police Blotter Book), 1.0 drivers_injured, 0.0 drivers_killed, 0.0 passengers_injured, 0.0 passengers_killed, 0.0 pedestrian_injured, 0.0 pedestrian_killed, Fair (Day), EDSA GMA Network Drive  Quezon City",MMDA Road Safety Unit,,77fb781c-f55b-4aeb-b57c-69e2a544f246,2015-11-03,07:00:00,EDSA Cloverleaf Road Quezon City,0,0,0,1,0,0,0,0,0,1,2015-11-03 15:00,Injury,14.63467214,121.0435714,No Collision Stated
None,EDSA,None,None,"No Accident Factor, Rear-end, 0.0 drivers_injured, 0.0 drivers_killed, 0.0 passengers_injured, 0.0 passengers_killed, 0.0 pedestrian_injured, 0.0 pedestrian_killed, Fair (Day), EDSA Whiteplains, Camp Aguinaldo Quezon City",MMDA Road Safety Unit,,3b88d534-c57c-4b09-a30a-ec41afddc7fb,2015-11-03,04:00:00,"EDSA ""U"" turn slot, Quezon Ave. Quezon City",0,0,0,0,0,0,0,0,0,0,2015-11-03 12:00,Property,14.59961782,121.0596522,Rear-End