LOCATION_TEXT,ROAD,WEATHER,LIGHT,DESC,REPORTING_AGENCY,MAIN_CAUSE,INCIDENTDETAILS_ID,DATE_UTC,TIME_UTC,ADDRESS,killed_driver,killed_passenger,killed_pedestrian,injured_driver,injured_passenger,injured_pedestrian,killed_uncategorized,injured_uncategorized,killed_total,injured_total,DATETIME_PST,SEVERITY,Y,X,COLLISION_TYPE
None,EDSA,None,None,"No Accident Factor, Multiple Collision, 1.0 drivers_injured, 0.0 drivers_killed, 0.0 passengers_injured, 0.0 passengers_killed, 0.0 pedestrian_injured, 0.0 pedestrian_killed, Fair (Day), EDSA Aurora Blvd. Quezon City",MMDA Road Safety Unit,,dea85e02-bac1-4dac-bd33-12fe4057d6dd,2015-11-03,02:00:00,"EDSA Dario Bridge, Bahay Toro Quezon City",0,0,0,1,0,0,0,0,0,1,2015-11-03 10:00,Injury,14.62163653,121.0501573,Multiple
None,EDSA,None,None,"No Accident Factor, Side Swipe, 0.0 drivers_injured, 0.0 drivers_killed, 0.0 passengers_injured, 0.0 passengers_killed, 0.0 pedestrian_injured, 0.0 pedestrian_killed, Fair (Day), EDSA Kaingin Road Quezon City",MMDA Road Safety Unit,,e7b635af-6cce-4744-b906-099a510bb6eb,2015-11-03,01:00:00,EDSA Monte De Piedad St. Quezon City,0,0,0,0,0,0,0,0,0,0,2015-11-03 9:00,Property,14.65746493,121.0109963,Side Swipe
None,EDSA,None,None,"No Accident Factor, No Collision Stated (based on Police Blotter Book), 0.0 drivers_injured, 0.0 drivers_killed, 0.0 passengers_injured, 0.0 passengers_killed, 0.0 pedestrian_injured, 0.0 pedestrian_killed, Fair (Day), EDSA East Ave. Quezon City",MMDA Road Safety Unit,,88ec8d2f-6462-42ca-b957-831d5a286e1b,2015-11-03,00:45:00,EDSA Aurora Blvd. Quezon City,0,0,0,0,0,0,0,0,0,0,2015-11-03 8:45,Property,14.6328297,121.0451176,No Collision Stated
None,EDSA,None,None,"No Accident Factor, No Collision Stated (based on Police Blotter Book), 0.0 drivers_injured, 0.0 drivers_killed, 0.0 passengers_injured, 0.0 passengers_killed, 0.0 pedestrian_injured, 0.0 pedestrian_killed, Fair (Day), EDSA Aurora Blvd. Quezon City",MMDA Road Safety Unit,,db561016-7fa6-4552-b81f-728553d95e4c,2015-11-03,00:40:00,"EDSA Trinoma, Bagong Pag asa Quezon City",0,0,0,0,0,0,0,0,0,0,2015-11-03 8:40,Property,14.62163653,121.0501573,No Collision Stated
None,EDSA,None,None,"No Accident Factor, No Collision Stated (based on Police Blotter Book), 0.0 drivers_injured, 0.0 drivers_killed, 0.0 passengers_injured, 0.0 passengers_killed, 0.0 pedestrian_injured, 0.0 pedestrian_killed, Fair (Day), EDSA Jam Liner Bus Terminal Quezon City",MMDA Road Safety Unit,,7f5b8f3a-0db0-469a-adbc-a4db2e42726d,2015-11-02,22:00:00,"EDSA Five Star Bus Terminal, E. Rodriguez Quezon City",0,0,0,0,0,0,0,0,0,0,2015-11-03 6:00,Property,14.63113373,121.0455992,No Collision Stated
None,EDSA,None,None,"No Accident Factor, Hit and Run (No Collision Stated), 0.0 drivers_injured, 0.0 drivers_killed, 0.0 passengers_injured, 0.0 passengers_killed, 0.0 pedestrian_injured, 0.0 pedestrian_killed, Fair (Night), EDSA North Road Quezon City",MMDA Road Safety Unit,,a9f473c3-f431-4589-9de7-7c044e8d62fc,2015-11-02,21:45:00,"EDSA Five Star Bus Terminal, E. Rodriguez Quezon City",0,0,0,0,0,0,0,0,0,0,2015-11-03 5:45,Property,14.61444188,121.0532975,No Collision Stated
None,EDSA,None,None,"No Accident Factor, Side Swipe, 0.0 drivers_injured, 0.0 drivers_killed, 0.0 passengers_injured, 0.0 passengers_killed, 0.0 pedestrian_injured, 0.0 pedestrian_killed, Fair (Night), EDSA Royale BLvd. Quezon City",MMDA Road Safety Unit,,5216a1a9-004d-4759-a0d3-4155567777d2,2015-11-02,21:10:00,EDSA Kaingin Road Quezon City,0,0,0,0,0,0,0,0,0,0,2015-11-03 5:10,Property,14.65767141,121.0107008,Side Swipe
None,EDSA,None,None,"No Accident Factor, Rear-end, 0.0 drivers_injured, 0.0 drivers_killed, 0.0 passengers_injured, 0.0 passengers_killed, 0.0 pedestrian_injured, 0.0 pedestrian_killed, Fair (Night), EDSA Main Ave. (SB)  Quezon City",MMDA Road Safety Unit,,fec7b159-17b7-4583-b330-365bafd6ef6e,2015-11-02,20:30:00,EDSA Nepa Q-Mart Quezon City,0,0,0,0,0,0,0,0,0,0,2015-11-03 4:30,Property,14.61376458,121.0537933,Rear-End
None,EDSA,None,None,"No Accident Factor, No Collision Stated (based on Police Blotter Book), 1.0 drivers_injured, 0.0 drivers_killed, 1.0 passengers_injured, 0.0 passengers_killed, 0.0 pedestrian_injured, 0.0 pedestrian_killed, Fair (Night), EDSA Main Ave. Quezon City",MMDA Road Safety Unit,,2c9ab33a-cbf6-4863-8c27-84f222d9bea5,2015-11-02,17:30:00,"EDSA ""U"" turn slot, Kamuning Road Quezon City",0,0,0,1,1,0,0,0,0,2,2015-11-03 1:30,Injury,14.61376458,121.0537933,No Collision Stated
None,EDSA,None,None,"No Accident Factor, Side Swipe, 0.0 drivers_injured, 0.0 drivers_killed, 0.0 passengers_injured, 0.0 passengers_killed, 0.0 pedestrian_injured, 0.0 pedestrian_killed, Fair (Night), EDSA Shell Gas Station, Pinyahan Quezon City",MMDA Road Safety Unit,,5ce81044-ddab-44e6-b941-545dacec5a23,2015-11-02,17:30:00,EDSA Baliwag Liner Bus Terminal Quezon City,0,0,0,0,0,0,0,0,0,0,2015-11-03 1:30,Property,14.63806749,121.0415939,Side Swipe
None,EDSA,None,None,"No Accident Factor, No Collision Stated (based on Police Blotter Book), 0.0 drivers_injured, 0.0 drivers_killed, 0.0 passengers_injured, 0.0 passengers_killed, 0.0 pedestrian_injured, 0.0 pedestrian_killed, Fair (Night), EDSA Ermin Garcia St. Quezon City",MMDA Road Safety Unit,,7dc59548-1210-4dd3-a4b1-4242ab640f6d,2015-11-02,13:10:00,EDSA Timog Ave. Quezon City,0,0,0,0,0,0,0,0,0,0,2015-11-02 21:10,Property,14.62758814,121.047487,No Collision Stated
None,EDSA,None,None,"No Accident Factor, Multiple Collision, 0.0 drivers_injured, 0.0 drivers_killed, 0.0 passengers_injured, 0.0 passengers_killed, 0.0 pedestrian_injured, 0.0 pedestrian_killed, Fair (Night), EDSA Kamuning Road Quezon City",MMDA Road Safety Unit,,5e924889-861d-4172-b532-0643cbddf888,2015-11-02,13:00:00,EDSA P. Tuazon Blvd. Quezon City,0,0,0,0,0,0,0,0,0,0,2015-11-02 21:00,Property,14.63075725,121.0457548,Multiple
None,EDSA,None,None,"No Accident Factor, Rear-end, 0.0 drivers_injured, 0.0 drivers_killed, 0.0 passengers_injured, 0.0 passengers_killed, 0.0 pedestrian_injured, 0.0 pedestrian_killed, Fair (Night), EDSA Camp Crame Quezon City",MMDA Road Safety Unit,,79d6d206-58d8-41e4-9934-3da79cab72e0,2015-11-02,12:30:00,EDSA East Ave. Quezon City,0,0,0,0,0,0,0,0,0,0,2015-11-02 20:30,Property,14.60923788,121.0557422,Rear-End
None,EDSA,None,None,"No Accident Factor, Rear-end, 0.0 drivers_injured, 0.0 drivers_killed, 0.0 passengers_injured, 0.0 passengers_killed, 0.0 pedestrian_injured, 0.0 pedestrian_killed, Fair (Night), EDSA Dario Bridge Quezon City",MMDA Road Safety Unit,,acfe227d-8df0-4e95-9e3a-033ca326e639,2015-11-02,11:10:00,EDSA Roosevelt Ave.  Quezon City,0,0,0,0,0,0,0,0,0,0,2015-11-02 19:10,Property,14.65750874,121.0155818,Rear-End
None,EDSA,None,None,"No Accident Factor, Side Swipe, 0.0 drivers_injured, 0.0 drivers_killed, 0.0 passengers_injured, 0.0 passengers_killed, 0.0 pedestrian_injured, 0.0 pedestrian_killed, Fair (Day), EDSA Kamias Road, West Kamias Quezon City",MMDA Road Safety Unit,,d5973b3c-9cbd-4b6c-915d-2de3ed59f9f7,2015-11-02,07:45:00,"EDSA MRT-GMA Kamuning Station, Pinyahan Quezon City",0,0,0,0,0,0,0,0,0,0,2015-11-02 15:45,Property,14.6309142,121.0459376,Side Swipe
None,EDSA,None,None,"No Accident Factor, Rear-end, 0.0 drivers_injured, 0.0 drivers_killed, 0.0 passengers_injured, 0.0 passengers_killed, 0.0 pedestrian_injured, 0.0 pedestrian_killed, Fair (Day), EDSA Cloverleaf Drive Quezon City",MMDA Road Safety Unit,,61b673de-0ff8-43ae-aa5d-ff85bec0c446,2015-11-02,07:20:00,EDSA NIA Road Quezon City,0,0,0,0,0,0,0,0,0,0,2015-11-02 15:20,Property,14.65740144,121.0008553,Rear-End
None,EDSA,None,None,"No Accident Factor, Rear-end, 0.0 drivers_injured, 0.0 drivers_killed, 0.0 passengers_injured, 0.0 passengers_killed, 0.0 pedestrian_injured, 0.0 pedestrian_killed, Fair (Day), EDSA Puregold, A. Samson Quezon City",MMDA Road Safety Unit,,675eeecd-85dd-4a95-b3ab-da8c45dc9cac,2015-11-02,06:35:00,EDSA West Ave. Quezon City,0,0,0,0,0,0,0,0,0,0,2015-11-02 14:35,Property,14.65739538,121.0046638,Rear-End
None,EDSA,None,None,"No Accident Factor, Rear-end, 0.0 drivers_injured, 0.0 drivers_killed, 0.0 passengers_injured, 0.0 passengers_killed, 0.0 pedestrian_injured, 0.0 pedestrian_killed, Fair (Day), EDSA Kaingin Road Quezon City",MMDA Road Safety Unit,,a81b797c-4a98-4c4d-b58c-62dff5deb2d1,2015-11-02,06:10:00,EDSA P. Tuazon Blvd. Quezon City,0,0,0,0,0,0,0,0,0,0,2015-11-02 14:10,Property,14.65746493,121.0109963,Rear-End
None,EDSA,None,None,"No Accident Factor, Rear-end, 0.0 drivers_injured, 0.0 drivers_killed, 0.0 passengers_injured, 0.0 passengers_killed, 0.0 pedestrian_injured, 0.0 pedestrian_killed, Fair (Day), EDSA Waltermart Quezon City",MMDA Road Safety Unit,,b6900cf9-654a-4cc7-aad4-2f4f17dd7bb6,2015-11-02,05:20:00,"EDSA ""U"" turn slot, R. Magsaysay Quezon City",0,0,0,0,0,0,0,0,0,0,2015-11-02 13:20,Property,14.6574558,121.0213579,Rear-End
None,EDSA,None,None,"No Accident Factor, Rear-end, 0.0 drivers_injured, 0.0 drivers_killed, 0.0 passengers_injured, 0.0 passengers_killed, 0.0 pedestrian_injured, 0.0 pedestrian_killed, Fair (Day), EDSA Timog Ave. Quezon City",MMDA Road Safety Unit,,c48bd3db-1468-451f-828c-f962c14fd53b,2015-11-02,01:55:00,EDSA Ortigas Ave. Quezon City,0,0,0,0,0,0,0,0,0,0,2015-11-02 9:55,Property,14.63293559,121.0446304,Rear-End
None,EDSA,None,None,"No Accident Factor, No Collision Stated (based on Police Blotter Book), 0.0 drivers_injured, 0.0 drivers_killed, 0.0 passengers_injured, 0.0 passengers_killed, 0.0 pedestrian_injured, 0.0 pedestrian_killed, Fair (Day), EDSA Shell Gas Station, A. Samson Quezon City",MMDA Road Safety Unit,,e0820419-dbb6-4095-9deb-2189b24ae76a,2015-11-01,22:15:00,EDSA Cloverleaf Road Quezon City,0,0,0,0,0,0,0,0,0,0,2015-11-02 6:15,Property,14.65761329,121.0076049,No Collision Stated
None,EDSA,None,None,"No Accident Factor, No Collision Stated (based on Police Blotter Book), 0.0 drivers_injured, 0.0 drivers_killed, 0.0 passengers_injured, 0.0 passengers_killed, 0.0 pedestrian_injured, 0.0 pedestrian_killed, Fair (Night), EDSA Ermin Garcia St. Quezon City",MMDA Road Safety Unit,,1f81b711-8dbc-42c4-9b9d-805c9ec7f744,2015-11-01,21:40:00,"EDSA ""U"" turn slot, Santolan Road Quezon City",0,0,0,0,0,0,0,0,0,0,2015-11-02 5:40,Property,14.62758814,121.047487,No Collision Stated
None,EDSA,None,None,"No Accident Factor, Rear-end, 1.0 drivers_injured, 0.0 drivers_killed, 0.0 passengers_injured, 0.0 passengers_killed, 0.0 pedestrian_injured, 0.0 pedestrian_killed, Fair (Night), EDSA Santolan (SB)  Quezon City",MMDA Road Safety Unit,,b9b63411-d83f-49b5-86d7-f89b8a1fadaf,2015-11-01,10:30:00,"EDSA ""U"" turn slot, Bagong Pag-asa Quezon City",0,0,0,1,0,0,0,0,0,1,2015-11-01 18:30,Injury,14.61090554,121.0550155,Rear-End
None,EDSA,None,None,"No Accident Factor, Angle Impact, 0.0 drivers_injured, 0.0 drivers_killed, 0.0 passengers_injured, 0.0 passengers_killed, 0.0 pedestrian_injured, 0.0 pedestrian_killed, Fair (Day), EDSA Kamias Road, Pinyahan Quezon City",MMDA Road Safety Unit,,3b8ce8fc-3eaf-47fe-af45-f983d21e5936,2015-11-01,04:15:00,EDSA Central Quezon City,0,0,0,0,0,0,0,0,0,0,2015-11-01 12:15,Property,14.6309142,121.0459376,Angle Impact
None,EDSA,None,None,"No Accident Factor, Side Swipe, 0.0 drivers_injured, 0.0 drivers_killed, 0.0 passengers_injured, 0.0 passengers_killed, 0.0 pedestrian_injured, 0.0 pedestrian_killed, Fair (Night), EDSA Quezon Ave. Quezon City",MMDA Road Safety Unit,,0c7b82f7-85fe-4122-99f4-52f9169c18f9,2015-10-31,19:30:00,EDSA Corregidor St. Quezon City,0,0,0,0,0,0,0,0,0,0,2015-11-01 3:30,Property,14.6442444,121.0375839,Side Swipe
None,EDSA,None,None,"No Accident Factor, Side Swipe, 0.0 drivers_injured, 0.0 drivers_killed, 0.0 passengers_injured, 0.0 passengers_killed, 0.0 pedestrian_injured, 0.0 pedestrian_killed, Fair (Day), EDSA Cloverleaf Road Quezon City",MMDA Road Safety Unit,,90b9a9df-c9d2-487f-bd29-9ef47c855df4,2015-10-31,08:30:00,EDSA Kamuning Road Quezon City,0,0,0,0,0,0,0,0,0,0,2015-10-31 16:30,Property,14.65747901,121.0011914,Side Swipe
None,EDSA,None,None,"No Accident Factor, Side Swipe, 1.0 drivers_injured, 0.0 drivers_killed, 1.0 passengers_injured, 0.0 passengers_killed, 0.0 pedestrian_injured, 0.0 pedestrian_killed, Fair (Day), EDSA Kamias Road, West Kamias Quezon City",MMDA Road Safety Unit,,31dcd97e-0cfd-4d88-804f-1d3d01192244,2015-10-31,08:00:00,"EDSA ""U"" turn slot, Timog Quezon City",0,0,0,1,1,0,0,0,0,2,2015-10-31 16:00,Injury,14.6309142,121.0459376,Side Swipe
None,EDSA,None,None,"No Accident Factor, No Collision Stated (based on Police Blotter Book), 0.0 drivers_injured, 0.0 drivers_killed, 0.0 passengers_injured, 0.0 passengers_killed, 0.0 pedestrian_injured, 0.0 pedestrian_killed, Fair (Day), EDSA Mercury Drug, Kamuning Quezon City",MMDA Road Safety Unit,,17e93218-2a61-4e1b-829d-05186dc8b5c6,2015-10-31,01:00:00,EDSA Aurora Blvd. Quezon City,0,0,0,0,0,0,0,0,0,0,2015-10-31 9:00,Property,14.63053361,121.0461718,No Collision Stated
None,EDSA,None,None,"No Accident Factor, Side Swipe, 0.0 drivers_injured, 0.0 drivers_killed, 0.0 passengers_injured, 0.0 passengers_killed, 0.0 pedestrian_injured, 0.0 pedestrian_killed, Fair (Day), EDSA Cloverleaf Road Quezon City",MMDA Road Safety Unit,,ab5ca48b-26b5-4692-9e0c-fe8c8e68c924,2015-10-31,01:00:00,"EDSA Genesis Bus Terminal, E. Rodriguez Quezon City",0,0,0,0,0,0,0,0,0,0,2015-10-31 9:00,Property,14.65747901,121.0011914,Side Swipe
None,EDSA,None,None,"No Accident Factor, Angle Impact, 0.0 drivers_injured, 0.0 drivers_killed, 0.0 passengers_injured, 0.0 passengers_killed, 0.0 pedestrian_injured, 0.0 pedestrian_killed, Fair (Day), EDSA Camp Aguinaldo (Gate 3) Quezon City",MMDA Road Safety Unit,,152e0c7c-c699-40cb-aaa8-d33d5eb3a909,2015-10-30,23:00:00,EDSA Ortigas Ave. Quezon City,0,0,0,0,0,0,0,0,0,0,2015-10-31 7:00,Property,14.6098829,121.0556752,Angle Impact
None,EDSA,None,None,"No Accident Factor, Side Swipe, 0.0 drivers_injured, 0.0 drivers_killed, 0.0 passengers_injured, 0.0 passengers_killed, 0.0 pedestrian_injured, 0.0 pedestrian_killed, Fair (Night), EDSA Robinsons Mall Galleria, Ugong Norte Quezon City",MMDA Road Safety Unit,,1adedc3d-a7ec-403b-b0ca-b3bbd2da88af,2015-10-30,12:00:00,EDSA East Ave. Quezon City,0,0,0,0,0,0,0,0,0,0,2015-10-30 20:00,Property,14.59206941,121.058228,Side Swipe
None,EDSA,None,None,"No Accident Factor, No Collision Stated (based on Police Blotter Book), 0.0 drivers_injured, 0.0 drivers_killed, 0.0 passengers_injured, 0.0 passengers_killed, 0.0 pedestrian_injured, 0.0 pedestrian_killed, Fair (Night), EDSA MRT, Balintawak Quezon City",MMDA Road Safety Unit,,75f63039-3e46-4db0-9c3f-08e431e8df42,2015-10-30,11:30:00,EDSA Kamias Road Quezon City,0,0,0,0,0,0,0,0,0,0,2015-10-30 19:30,Property,14.6574368,121.003629,No Collision Stated
None,EDSA,None,None,"No Accident Factor, Rear-end, 0.0 drivers_injured, 0.0 drivers_killed, 0.0 passengers_injured, 0.0 passengers_killed, 0.0 pedestrian_injured, 0.0 pedestrian_killed, Fair (Day), EDSA Quezon Ave. Quezon City",MMDA Road Safety Unit,,d63be5a4-518c-48db-8868-aa7073706a9d,2015-10-30,07:05:00,EDSA Bansalangin St. Quezon City,0,0,0,0,0,0,0,0,0,0,2015-10-30 15:05,Property,14.6442444,121.0375839,Rear-End
None,EDSA,None,None,"No Accident Factor, Rear-end, 0.0 drivers_injured, 0.0 drivers_killed, 0.0 passengers_injured, 0.0 passengers_killed, 0.0 pedestrian_injured, 0.0 pedestrian_killed, Fair (Day), EDSA Kaingin Quezon City",MMDA Road Safety Unit,,3be41c5c-fad8-4711-85a3-e6383e695c3d,2015-10-30,07:00:00,EDSA Col. Bonny Serrano Ave. Quezon City,0,0,0,0,0,0,0,0,0,0,2015-10-30 15:00,Property,14.65746493,121.0109963,Rear-End
None,EDSA,None,None,"No Accident Factor, No Collision Stated (based on Police Blotter Book), 0.0 drivers_injured, 0.0 drivers_killed, 0.0 passengers_injured, 0.0 passengers_killed, 0.0 pedestrian_injured, 0.0 pedestrian_killed, Fair (Day), EDSA SM Mall North, Pag-Asa Quezon City",MMDA Road Safety Unit,,af781605-5011-4266-9b4d-58853558f944,2015-10-30,06:15:00,EDSA Whiteplains Ave. Quezon City,0,0,0,0,0,0,0,0,0,0,2015-10-30 14:15,Property,14.65580781,121.0293115,No Collision Stated
None,EDSA,None,None,"No Accident Factor, Rear-end, 0.0 drivers_injured, 0.0 drivers_killed, 0.0 passengers_injured, 0.0 passengers_killed, 0.0 pedestrian_injured, 0.0 pedestrian_killed, Fair (Day), EDSA A. Samson Quezon City",MMDA Road Safety Unit,,bef579f0-5e81-4b9f-94a4-99303d9a5594,2015-10-30,06:05:00,EDSA Balintawak Market Quezon City,0,0,0,0,0,0,0,0,0,0,2015-10-30 14:05,Property,14.65731173,121.0011071,Rear-End
None,EDSA,None,None,"No Accident Factor, Side Swipe, 0.0 drivers_injured, 0.0 drivers_killed, 0.0 passengers_injured, 0.0 passengers_killed, 0.0 pedestrian_injured, 0.0 pedestrian_killed, Fair (Day), EDSA Aurora Blvd. Quezon City",MMDA Road Safety Unit,,6f6f3cfa-7ea0-43b4-8633-5a41a720ec96,2015-10-30,03:15:00,EDSA A. Samson  Quezon City,0,0,0,0,0,0,0,0,0,0,2015-10-30 11:15,Property,14.62163653,121.0501573,Side Swipe
None,EDSA,None,None,"No Accident Factor, Self-Accident, 1.0 drivers_injured, 0.0 drivers_killed, 1.0 passengers_injured, 0.0 passengers_killed, 0.0 pedestrian_injured, 0.0 pedestrian_killed, Fair (Night), EDSA Jac Liner Bus Terminal, Pinyahan Quezon City",MMDA Road Safety Unit,,6d569f4d-8f28-4ce6-b691-262322ea15eb,2015-10-29,16:30:00,EDSA Ermin Garcia St. Quezon City,0,0,0,1,1,0,0,0,0,2,2015-10-30 0:30,Injury,14.63162939,121.0456857,Self-Accident
None,EDSA,None,None,"No Accident Factor, Rear-end, 0.0 drivers_injured, 0.0 drivers_killed, 0.0 passengers_injured, 0.0 passengers_killed, 0.0 pedestrian_injured, 0.0 pedestrian_killed, Fair (Night), EDSA Kamias Road Quezon City",MMDA Road Safety Unit,,1530404f-d0d8-4d44-a2ab-f856e36764b3,2015-10-29,16:15:00,EDSA Whiteplains Ave. Quezon City,0,0,0,0,0,0,0,0,0,0,2015-10-30 0:15,Property,14.6309142,121.0459376,Rear-End
None,EDSA,None,None,"No Accident Factor, Side Swipe, 0.0 drivers_injured, 0.0 drivers_killed, 0.0 passengers_injured, 0.0 passengers_killed, 0.0 pedestrian_injured, 0.0 pedestrian_killed, Fair (Night), EDSA Cloverleaf Drive Quezon City",MMDA Road Safety Unit,,b973dcd0-cafc-4e82-ab09-eaab5d2d2af6,2015-10-29,12:10:00,EDSA East Ave. Quezon City,0,0,0,0,0,0,0,0,0,0,2015-10-29 20:10,Property,14.65740144,121.0008553,Side Swipe
None,EDSA,None,None,"No Accident Factor, Side Swipe, 0.0 drivers_injured, 0.0 drivers_killed, 0.0 passengers_injured, 0.0 passengers_killed, 0.0 pedestrian_injured, 0.0 pedestrian_killed, Fair (Night), EDSA Camp Aguinaldo (Gate 4), Camp Aguinaldo Quezon City",MMDA Road Safety Unit,,060fe16a-9936-4449-a1ce-c9ebd99f7ef7,2015-10-29,11:00:00,EDSA DLTB Bus Terminal Quezon City,0,0,0,0,0,0,0,0,0,0,2015-10-29 19:00,Property,14.60625964,121.0572945,Side Swipe
None,EDSA,None,None,"No Accident Factor, Side Swipe, 0.0 drivers_injured, 0.0 drivers_killed, 0.0 passengers_injured, 0.0 passengers_killed, 0.0 pedestrian_injured, 0.0 pedestrian_killed, Fair (Night), EDSA Corinthian Garden, Ugong Norte Quezon City",MMDA Road Safety Unit,,75eb6d05-cacb-40ff-ac2a-33be588baa86,2015-10-29,10:30:00,EDSA Waltermart Quezon City,0,0,0,0,0,0,0,0,0,0,2015-10-29 18:30,Property,14.59580783,121.0595248,Side Swipe
None,EDSA,None,None,"No Accident Factor, Side Swipe, 0.0 drivers_injured, 0.0 drivers_killed, 0.0 passengers_injured, 0.0 passengers_killed, 0.0 pedestrian_injured, 0.0 pedestrian_killed, Fair (Day), EDSA Corinthian Garden, Ugong Norte Quezon City",MMDA Road Safety Unit,,e313cecc-98d8-48ad-b056-1b6958b98ec5,2015-10-29,09:30:00,EDSA Philam Homes Quezon City,0,0,0,0,0,0,0,0,0,0,2015-10-29 17:30,Property,14.59580783,121.0595248,Side Swipe
None,EDSA,None,None,"No Accident Factor, No Collision Stated (based on Police Blotter Book), 0.0 drivers_injured, 0.0 drivers_killed, 0.0 passengers_injured, 0.0 passengers_killed, 0.0 pedestrian_injured, 0.0 pedestrian_killed, Fair (Day), EDSA New York St. Quezon City",MMDA Road Safety Unit,,2849295d-dd8c-49d0-a9ad-3ea2c274090b,2015-10-29,09:00:00,EDSA Cloverleaf Road Quezon City,0,0,0,0,0,0,0,0,0,0,2015-10-29 17:00,Property,14.62568514,121.0482307,No Collision Stated
None,EDSA,None,None,"No Accident Factor, Side Swipe, 0.0 drivers_injured, 0.0 drivers_killed, 0.0 passengers_injured, 0.0 passengers_killed, 0.0 pedestrian_injured, 0.0 pedestrian_killed, Fair (Day), EDSA Whiteplains Ave.  Quezon City",MMDA Road Safety Unit,,117d5811-291f-4df8-afba-55e17f3e03a7,2015-10-29,07:30:00,EDSA Wilcon Depot Quezon City,0,0,0,0,0,0,0,0,0,0,2015-10-29 15:30,Property,14.59961782,121.0596522,Side Swipe
None,EDSA,None,None,"No Accident Factor, Hit and Run (No Collision Stated), 0.0 drivers_injured, 0.0 drivers_killed, 0.0 passengers_injured, 0.0 passengers_killed, 0.0 pedestrian_injured, 0.0 pedestrian_killed, Fair (Day), EDSA Kamuning Road Quezon City",MMDA Road Safety Unit,,479391e0-f70c-41aa-8c53-a07bfe585ca9,2015-10-29,04:45:00,EDSA Col. Bonny Serrano Ave. Quezon City,0,0,0,0,0,0,0,0,0,0,2015-10-29 12:45,Property,14.63075725,121.0457548,No Collision Stated
None,EDSA,None,None,"No Accident Factor, Side Swipe, 0.0 drivers_injured, 0.0 drivers_killed, 0.0 passengers_injured, 0.0 passengers_killed, 0.0 pedestrian_injured, 0.0 pedestrian_killed, Fair (Day), EDSA Superlines Bus Terminal, E. Rodriguez  Quezon City",MMDA Road Safety Unit,,cd0170ec-8788-4ae6-99fa-62569cd12d7a,2015-10-28,22:25:00,EDSA Aurora Blvd. Quezon City,0,0,0,0,0,0,0,0,0,0,2015-10-29 6:25,Property,14.62512241,121.0484162,Side Swipe
None,EDSA,None,None,"No Accident Factor, Side Swipe, 1.0 drivers_injured, 0.0 drivers_killed, 0.0 passengers_injured, 0.0 passengers_killed, 0.0 pedestrian_injured, 0.0 pedestrian_killed, Fair (Day), EDSA Santolan MRT Station Quezon City",MMDA Road Safety Unit,,cf2136f0-b248-49b0-93cc-2044fc5244ca,2015-10-28,09:20:00,"EDSA Santolan MRT Station, Camp Aguinaldo  Quezon City",0,0,0,1,0,0,0,0,0,1,2015-10-28 17:20,Injury,14.60773988,121.0564577,Side Swipe
None,EDSA,None,None,"No Accident Factor, Side Swipe, 0.0 drivers_injured, 0.0 drivers_killed, 0.0 passengers_injured, 0.0 passengers_killed, 0.0 pedestrian_injured, 0.0 pedestrian_killed, Fair (Day), EDSA Main Ave. Quezon City",MMDA Road Safety Unit,,fd7a113b-b465-4f94-ae16-5cf4e71e1cee,2015-10-28,06:00:00,EDSA P. Tuazon Blvd. Quezon City,0,0,0,0,0,0,0,0,0,0,2015-10-28 14:00,Property,14.61376458,121.0537933,Side Swipe
None,EDSA,None,None,"No Accident Factor, Side Swipe, 0.0 drivers_injured, 0.0 drivers_killed, 0.0 passengers_injured, 0.0 passengers_killed, 0.0 pedestrian_injured, 0.0 pedestrian_killed, Fair (Day), EDSA Kamias Road Quezon City",MMDA Road Safety Unit,,8178d296-d5ed-44d5-8091-aa198471bbef,2015-10-28,02:35:00,EDSA East Ave. Quezon City,0,0,0,0,0,0,0,0,0,0,2015-10-28 10:35,Property,14.6309142,121.0459376,Side Swipe
None,EDSA,None,None,"No Accident Factor, Rear-end, 0.0 drivers_injured, 0.0 drivers_killed, 0.0 passengers_injured, 0.0 passengers_killed, 0.0 pedestrian_injured, 0.0 pedestrian_killed, Fair (Day), EDSA Camp Aguinaldo (Gate 3) Quezon City",MMDA Road Safety Unit,,e7feba0c-c5d2-4438-a11e-6f1307001b44,2015-10-28,00:45:00,EDSA Five Star Bus Terminal Quezon City,0,0,0,0,0,0,0,0,0,0,2015-10-28 8:45,Property,14.60832492,121.0563666,Rear-End
None,EDSA,None,None,"No Accident Factor, No Collision Stated (based on Police Blotter Book), 0.0 drivers_injured, 0.0 drivers_killed, 0.0 passengers_injured, 0.0 passengers_killed, 0.0 pedestrian_injured, 0.0 pedestrian_killed, Fair (Night), EDSA Cloverleaf Road Quezon City",MMDA Road Safety Unit,,01dc707d-174e-41f9-9314-55e388f42db5,2015-10-27,11:10:00,"EDSA Centris Mall, Pinyahan Quezon City",0,0,0,0,0,0,0,0,0,0,2015-10-27 19:10,Property,14.65747901,121.0011914,No Collision Stated
None,EDSA,None,None,"No Accident Factor, Rear-end, 0.0 drivers_injured, 0.0 drivers_killed, 0.0 passengers_injured, 0.0 passengers_killed, 0.0 pedestrian_injured, 0.0 pedestrian_killed, Fair (Day), EDSA Quezon Ave. Quezon City",MMDA Road Safety Unit,,d5bba35e-e31d-43d8-916f-14be802638da,2015-10-27,07:00:00,EDSA Philam Homes Quezon City,0,0,0,0,0,0,0,0,0,0,2015-10-27 15:00,Property,14.6442444,121.0375839,Rear-End