LOCATION_TEXT,ROAD,WEATHER,LIGHT,DESC,REPORTING_AGENCY,MAIN_CAUSE,INCIDENTDETAILS_ID,DATE_UTC,TIME_UTC,ADDRESS,killed_driver,killed_passenger,killed_pedestrian,injured_driver,injured_passenger,injured_pedestrian,killed_uncategorized,injured_uncategorized,killed_total,injured_total,DATETIME_PST,SEVERITY,Y,X,COLLISION_TYPE
None,EDSA,None,None,"No Accident Factor, Side Swipe, 0.0 drivers_injured, 0.0 drivers_killed, 0.0 passengers_injured, 0.0 passengers_killed, 0.0 pedestrian_injured, 0.0 pedestrian_killed, Fair (Night), EDSA Kamias Road (Jollibee) Quezon City",MMDA Road Safety Unit,,60006edf-6fad-4472-9d71-776c52f124a6,2015-10-26,15:30:00,EDSA Aurora Blvd. Quezon City,0,0,0,0,0,0,0,0,0,0,2015-10-26 23:30,Property,14.6309142,121.0459376,Side Swipe
None,EDSA,None,None,"No Accident Factor, Side Swipe, 0.0 drivers_injured, 0.0 drivers_killed, 0.0 passengers_injured, 0.0 passengers_killed, 0.0 pedestrian_injured, 0.0 pedestrian_killed, Fair (Night), EDSA Main Ave. (Petron Gas Station) Quezon City",MMDA Road Safety Unit,,deb1d370-fa3e-4a1f-afdf-8f6b9ca9c1db,2015-10-26,11:25:00,EDSA Quezon Ave. Quezon City,0,0,0,0,0,0,0,0,0,0,2015-10-26 19:25,Property,14.61376458,121.0537933,Side Swipe
None,EDSA,None,None,"No Accident Factor, No Collision Stated (based on Police Blotter Book), 0.0 drivers_injured, 0.0 drivers_killed, 0.0 passengers_injured, 0.0 passengers_killed, 0.0 pedestrian_injured, 0.0 pedestrian_killed, Fair (Night), EDSA SM North, Pag-Asa Quezon City",MMDA Road Safety Unit,,434bf034-1408-490d-a4a1-7916a2a768bc,2015-10-26,10:00:00,"EDSA Santolan MRT Station, Socorro Quezon City",0,0,0,0,0,0,0,0,0,0,2015-10-26 18:00,Property,14.65645143,121.0271077,No Collision Stated
None,EDSA,None,None,"No Accident Factor, Rear-end, 0.0 drivers_injured, 0.0 drivers_killed, 0.0 passengers_injured, 0.0 passengers_killed, 0.0 pedestrian_injured, 0.0 pedestrian_killed, Fair (Day), EDSA Araneta Footbridge, Socorro Quezon City",MMDA Road Safety Unit,,07c003f1-753a-4829-b4d7-539305756d83,2015-10-26,05:50:00,EDSA P. Tuazon Blvd. Quezon City,0,0,0,0,0,0,0,0,0,0,2015-10-26 13:50,Property,14.61760928,121.0520664,Rear-End
None,EDSA,None,None,"No Accident Factor, Side Swipe, 0.0 drivers_injured, 0.0 drivers_killed, 0.0 passengers_injured, 0.0 passengers_killed, 0.0 pedestrian_injured, 0.0 pedestrian_killed, Fair (Day), EDSA Whiteplains, Camp Aguinaldo Quezon City",MMDA Road Safety Unit,,f8704896-8e46-4961-9e6e-496d230a2216,2015-10-26,03:15:00,EDSA Quezon Ave. Quezon City,0,0,0,0,0,0,0,0,0,0,2015-10-26 11:15,Property,14.59961782,121.0596522,Side Swipe
None,EDSA,None,None,"No Accident Factor, Hit and Run (No Collision Stated), 0.0 drivers_injured, 0.0 drivers_killed, 0.0 passengers_injured, 0.0 passengers_killed, 0.0 pedestrian_injured, 0.0 pedestrian_killed, Fair (Day), EDSA Cloverleaf Road Quezon City",MMDA Road Safety Unit,,16dabb2b-c80e-4715-b6c8-1bc1519a34f1,2015-10-25,23:00:00,"EDSA Santolan MRT Station, Camp Aguinaldo  Quezon City",0,0,0,0,0,0,0,0,0,0,2015-10-26 7:00,Property,14.65747901,121.0011914,No Collision Stated
None,EDSA,None,None,"No Accident Factor, Side Swipe, 0.0 drivers_injured, 0.0 drivers_killed, 0.0 passengers_injured, 0.0 passengers_killed, 0.0 pedestrian_injured, 0.0 pedestrian_killed, Fair (Day), EDSA Cloverleaf Road Quezon City",MMDA Road Safety Unit,,87a14b6f-96a8-4ab8-856a-96bb964fa138,2015-10-25,22:30:00,"EDSA Quezon Ave. ""U"" turn slot  Quezon City",0,0,0,0,0,0,0,0,0,0,2015-10-26 6:30,Property,14.65747901,121.0011914,Side Swipe
None,EDSA,None,None,"No Accident Factor, Rear-end, 0.0 drivers_injured, 0.0 drivers_killed, 0.0 passengers_injured, 0.0 passengers_killed, 0.0 pedestrian_injured, 0.0 pedestrian_killed, Fair (Day), EDSA Kamuning Police Station 10, West Kamias Quezon City",MMDA Road Safety Unit,,e4f1ef9c-9069-456a-ba98-dec5df8ec5e8,2015-10-25,07:25:00,EDSA Mayor Ignacio St.  Quezon City,0,0,0,0,0,0,0,0,0,0,2015-10-25 15:25,Property,14.62986347,121.0460942,Rear-End
None,EDSA,None,None,"No Accident Factor, No Collision Stated (based on Police Blotter Book), 0.0 drivers_injured, 0.0 drivers_killed, 0.0 passengers_injured, 0.0 passengers_killed, 0.0 pedestrian_injured, 0.0 pedestrian_killed, Fair (Day), EDSA SM Mall North, Pag-Asa Quezon City",MMDA Road Safety Unit,,45aa046b-8d94-4596-8e5a-91ec61a27aed,2015-10-25,07:10:00,EDSA Scout Borromeo St.  Quezon City,0,0,0,0,0,0,0,0,0,0,2015-10-25 15:10,Property,14.65580781,121.0293115,No Collision Stated
None,EDSA,None,None,"No Accident Factor, Hit and Run (No Collision Stated), 0.0 drivers_injured, 0.0 drivers_killed, 0.0 passengers_injured, 0.0 passengers_killed, 0.0 pedestrian_injured, 0.0 pedestrian_killed, Fair (Day), EDSA Nepa Q-Mart, E. Rodriguez Quezon City",MMDA Road Safety Unit,,a0aa400c-8c5c-41f7-860f-5c13326a131c,2015-10-25,02:00:00,EDSA North Road Quezon City,0,0,0,0,0,0,0,0,0,0,2015-10-25 10:00,Property,14.62805361,121.0472521,No Collision Stated
None,EDSA,None,None,"No Accident Factor, No Collision Stated (based on Police Blotter Book), 0.0 drivers_injured, 0.0 drivers_killed, 0.0 passengers_injured, 0.0 passengers_killed, 0.0 pedestrian_injured, 0.0 pedestrian_killed, Fair (Night), EDSA Kamuning Road Quezon City",MMDA Road Safety Unit,,5ef6ceac-cff8-4d00-87a3-66907e6bc461,2015-10-24,11:20:00,EDSA Scout Borromeo St.  Quezon City,0,0,0,0,0,0,0,0,0,0,2015-10-24 19:20,Property,14.63075725,121.0457548,No Collision Stated
None,EDSA,None,None,"No Accident Factor, Side Swipe, 0.0 drivers_injured, 0.0 drivers_killed, 0.0 passengers_injured, 0.0 passengers_killed, 0.0 pedestrian_injured, 0.0 pedestrian_killed, Fair (Night), EDSA Main Ave. Quezon City",MMDA Road Safety Unit,,3e4b42d0-c631-4039-8ec7-83b3587f0d78,2015-10-24,10:30:00,EDSA Quezon Ave. Quezon City,0,0,0,0,0,0,0,0,0,0,2015-10-24 18:30,Property,14.61376458,121.0537933,Side Swipe
None,EDSA,None,None,"No Accident Factor, Side Swipe, 0.0 drivers_injured, 0.0 drivers_killed, 0.0 passengers_injured, 0.0 passengers_killed, 0.0 pedestrian_injured, 0.0 pedestrian_killed, Fair (Night), EDSA Baliwag Liner Bus Terminal, Cubao, E. Rodriguez Quezon City",MMDA Road Safety Unit,,292dcff4-4300-45a8-bd77-793010d69c68,2015-10-24,10:00:00,"EDSA ""U"" turn slot, Bagong Pag-asa Quezon City",0,0,0,0,0,0,0,0,0,0,2015-10-24 18:00,Property,14.6244766,121.0489584,Side Swipe
None,EDSA,None,None,"No Accident Factor, Hit and Run (Side Swipe), 1.0 drivers_injured, 0.0 drivers_killed, 0.0 passengers_injured, 0.0 passengers_killed, 0.0 pedestrian_injured, 0.0 pedestrian_killed, Fair (Day), EDSA New York St. Quezon City",MMDA Road Safety Unit,,778788eb-d10f-4415-bdd3-233e210ddae1,2015-10-24,08:00:00,EDSA West Ave. Quezon City,0,0,0,1,0,0,0,0,0,1,2015-10-24 16:00,Injury,14.62568514,121.0482307,Side Swipe
None,EDSA,None,None,"No Accident Factor, Side Swipe, 0.0 drivers_injured, 0.0 drivers_killed, 0.0 passengers_injured, 0.0 passengers_killed, 0.0 pedestrian_injured, 0.0 pedestrian_killed, Fair (Day), EDSA Roosevelt Ave.  Quezon City",MMDA Road Safety Unit,,6edfb738-f2d9-496e-b7d6-2bdfcb53beb8,2015-10-24,06:25:00,EDSA P. Tuazon Blvd. Quezon City,0,0,0,0,0,0,0,0,0,0,2015-10-24 14:25,Property,14.65762047,121.0196373,Side Swipe
None,EDSA,None,None,"No Accident Factor, Side Swipe, 0.0 drivers_injured, 0.0 drivers_killed, 0.0 passengers_injured, 0.0 passengers_killed, 0.0 pedestrian_injured, 0.0 pedestrian_killed, Fair (Day), EDSA Aurora Blvd. Quezon City",MMDA Road Safety Unit,,7a30d77d-a7db-4d23-8443-54abd4315a98,2015-10-24,04:00:00,EDSA West Ave. Quezon City,0,0,0,0,0,0,0,0,0,0,2015-10-24 12:00,Property,14.62163653,121.0501573,Side Swipe
None,EDSA,None,None,"No Accident Factor, No Collision Stated (based on Police Blotter Book), 0.0 drivers_injured, 0.0 drivers_killed, 0.0 passengers_injured, 0.0 passengers_killed, 0.0 pedestrian_injured, 0.0 pedestrian_killed, Fair (Day), EDSA ""U"" turn slot, Quezon City Academy Quezon City",MMDA Road Safety Unit,,a0ee47ec-41bd-4ba6-b0f1-60e124ffcc6d,2015-10-24,03:35:00,EDSA Dario Bridge  Quezon City,0,0,0,0,0,0,0,0,0,0,2015-10-24 11:35,Property,14.65655357,121.0260701,No Collision Stated
None,EDSA,None,None,"No Accident Factor, Rear-end, 0.0 drivers_injured, 0.0 drivers_killed, 0.0 passengers_injured, 0.0 passengers_killed, 0.0 pedestrian_injured, 0.0 pedestrian_killed, Fair (Day), EDSA Scout Borromeo St.  Quezon City",MMDA Road Safety Unit,,6cfda1d8-7ed7-4944-83a7-7c540549e364,2015-10-24,02:35:00,EDSA Ramon Magsaysay Quezon City,0,0,0,0,0,0,0,0,0,0,2015-10-24 10:35,Property,14.63715712,121.0419507,Rear-End
None,EDSA,None,None,"No Accident Factor, No Collision Stated (based on Police Blotter Book), 0.0 drivers_injured, 0.0 drivers_killed, 0.0 passengers_injured, 0.0 passengers_killed, 0.0 pedestrian_injured, 0.0 pedestrian_killed, Fair (Night), EDSA Misamis St. Quezon City",MMDA Road Safety Unit,,7a2e56c6-b7ee-4dde-a26e-1100e3d79e70,2015-10-23,13:30:00,EDSA P. Tuazon Blvd. Quezon City,0,0,0,0,0,0,0,0,0,0,2015-10-23 21:30,Property,14.65602348,121.0285212,No Collision Stated
None,EDSA,None,None,"No Accident Factor, Hit and Run (No Collision Stated), 0.0 drivers_injured, 0.0 drivers_killed, 0.0 passengers_injured, 0.0 passengers_killed, 0.0 pedestrian_injured, 0.0 pedestrian_killed, Fair (Night), EDSA Aurora Blvd. Quezon City",MMDA Road Safety Unit,,433a275c-1cd7-4036-96a2-3cd3d3921b44,2015-10-23,12:45:00,EDSA Santolan MRT Station  Quezon City,0,0,0,0,0,0,0,0,0,0,2015-10-23 20:45,Property,14.62163653,121.0501573,No Collision Stated
None,EDSA,None,None,"No Accident Factor, No Collision Stated (based on Police Blotter Book), 0.0 drivers_injured, 0.0 drivers_killed, 0.0 passengers_injured, 0.0 passengers_killed, 0.0 pedestrian_injured, 0.0 pedestrian_killed, Fair (Day), EDSA Misamis St. Quezon City",MMDA Road Safety Unit,,53ba8c80-bcff-411c-a855-a44d944fdefe,2015-10-23,07:00:00,EDSA Ortigas Ave. Quezon City,0,0,0,0,0,0,0,0,0,0,2015-10-23 15:00,Property,14.65602348,121.0285212,No Collision Stated
None,EDSA,None,None,"No Accident Factor, Angle Impact, 0.0 drivers_injured, 0.0 drivers_killed, 0.0 passengers_injured, 0.0 passengers_killed, 0.0 pedestrian_injured, 0.0 pedestrian_killed, Fair (Day), EDSA Gen. Roxas Ave. Quezon City",MMDA Road Safety Unit,,e430ce88-4548-48ec-b2c7-5ea8cdf62d62,2015-10-23,06:55:00,EDSA Roosevelt Ave. Quezon City,0,0,0,0,0,0,0,0,0,0,2015-10-23 14:55,Property,14.62042254,121.0508064,Angle Impact
None,EDSA,None,None,"No Accident Factor, Rear-end, 0.0 drivers_injured, 0.0 drivers_killed, 0.0 passengers_injured, 0.0 passengers_killed, 0.0 pedestrian_injured, 0.0 pedestrian_killed, Fair (Day), EDSA East Ave. Quezon City",MMDA Road Safety Unit,,9025a9a2-cd70-4e08-ac6a-1a6cb3794ff6,2015-10-23,03:55:00,EDSA East Ave. Quezon City,0,0,0,0,0,0,0,0,0,0,2015-10-23 11:55,Property,14.6328297,121.0451176,Rear-End
None,EDSA,None,None,"No Accident Factor, Side Swipe, 0.0 drivers_injured, 0.0 drivers_killed, 0.0 passengers_injured, 0.0 passengers_killed, 0.0 pedestrian_injured, 0.0 pedestrian_killed, Fair (Day), EDSA Aurora Blvd. Quezon City",MMDA Road Safety Unit,,c7c7149d-cd33-4d91-a251-daa5575d196f,2015-10-23,03:05:00,EDSA P. Tuazon Blvd. Quezon City,0,0,0,0,0,0,0,0,0,0,2015-10-23 11:05,Property,14.62163653,121.0501573,Side Swipe
None,EDSA,None,None,"No Accident Factor, Side Swipe, 1.0 drivers_injured, 0.0 drivers_killed, 0.0 passengers_injured, 0.0 passengers_killed, 0.0 pedestrian_injured, 0.0 pedestrian_killed, Fair (Night), EDSA GMA-7, Pinyahan Quezon City",MMDA Road Safety Unit,,168dbbb4-188b-4ca4-99b3-e3ef7aa41039,2015-10-22,16:30:00,EDSA Cloverleaf Road Quezon City,0,0,0,1,0,0,0,0,0,1,2015-10-23 0:30,Injury,14.63467214,121.0435714,Side Swipe
None,EDSA,None,None,"No Accident Factor, Rear-end, 0.0 drivers_injured, 0.0 drivers_killed, 0.0 passengers_injured, 0.0 passengers_killed, 0.0 pedestrian_injured, 0.0 pedestrian_killed, Fair (Day), EDSA Kaingin Road Quezon City",MMDA Road Safety Unit,,9ad42301-6e19-4dcc-a3ce-fed9a7681ab9,2015-10-22,00:00:00,EDSA Col. Bonny Serrano Ave. Quezon City,0,0,0,0,0,0,0,0,0,0,2015-10-22 8:00,Property,14.65746493,121.0109963,Rear-End
None,EDSA,None,None,"No Accident Factor, Rear-end, 0.0 drivers_injured, 0.0 drivers_killed, 0.0 passengers_injured, 0.0 passengers_killed, 0.0 pedestrian_injured, 0.0 pedestrian_killed, Fair (Night), EDSA Kamias Road Quezon City",MMDA Road Safety Unit,,3c8e5f82-c55a-4b55-bdb8-39be59ec7408,2015-10-21,21:25:00,EDSA West Ave. Quezon City,0,0,0,0,0,0,0,0,0,0,2015-10-22 5:25,Property,14.6309142,121.0459376,Rear-End
None,EDSA,None,None,"No Accident Factor, Hit Object (Beam), 0.0 drivers_injured, 0.0 drivers_killed, 5.0 passengers_injured, 0.0 passengers_killed, 0.0 pedestrian_injured, 0.0 pedestrian_killed, Fair (Night), EDSA Col. Bonny Serrano Ave. Service Road Quezon City",MMDA Road Safety Unit,,c5f42aea-9cf8-4363-b612-a1a8916be136,2015-10-21,12:00:00,"EDSA Guzent, Katipu Quezon City",0,0,0,0,5,0,0,0,0,5,2015-10-21 20:00,Injury,14.61107337,121.0550705,Hit Object
None,EDSA,None,None,"No Accident Factor, Side Swipe, 0.0 drivers_injured, 0.0 drivers_killed, 0.0 passengers_injured, 0.0 passengers_killed, 0.0 pedestrian_injured, 0.0 pedestrian_killed, Fair (Day), EDSA Arayat St. Quezon City",MMDA Road Safety Unit,,72172d75-dedd-480c-8c3c-632f9f758bf1,2015-10-21,09:00:00,"EDSA Farmers Plaza, Cubao Quezon City",0,0,0,0,0,0,0,0,0,0,2015-10-21 17:00,Property,14.61961124,121.0508602,Side Swipe
None,EDSA,None,None,"No Accident Factor, Side Swipe, 0.0 drivers_injured, 0.0 drivers_killed, 0.0 passengers_injured, 0.0 passengers_killed, 0.0 pedestrian_injured, 0.0 pedestrian_killed, Fair (Day), EDSA Camp Aguinaldo (Gate 4), Camp Aguinaldo Quezon City",MMDA Road Safety Unit,,8bd062b4-362b-45c1-8bb0-56246f4e2146,2015-10-21,08:15:00,EDSA Timog Ave. Quezon City,0,0,0,0,0,0,0,0,0,0,2015-10-21 16:15,Property,14.60625964,121.0572945,Side Swipe
None,EDSA,None,None,"No Accident Factor, Rear-end, 0.0 drivers_injured, 0.0 drivers_killed, 0.0 passengers_injured, 0.0 passengers_killed, 0.0 pedestrian_injured, 0.0 pedestrian_killed, Fair (Day), EDSA Congressional Ave. Quezon City",MMDA Road Safety Unit,,8fa90ea8-7353-4b0e-a51e-736c6b46bee0,2015-10-21,08:00:00,EDSA Balintawak Market Quezon City,0,0,0,0,0,0,0,0,0,0,2015-10-21 16:00,Property,14.6571804,120.9927185,Rear-End
None,EDSA,None,None,"No Accident Factor, Hit and Run (Angle Impact), 0.0 drivers_injured, 0.0 drivers_killed, 0.0 passengers_injured, 0.0 passengers_killed, 0.0 pedestrian_injured, 0.0 pedestrian_killed, Fair (Day), EDSA Nepa Q-Mart Quezon City",MMDA Road Safety Unit,,ba998083-3af0-467a-94ae-b03142f89fd4,2015-10-21,01:00:00,EDSA Puregold Balingasa Quezon City,0,0,0,0,0,0,0,0,0,0,2015-10-21 9:00,Property,14.62805361,121.0472521,Angle Impact
None,EDSA,None,None,"No Accident Factor, Rear-end, 0.0 drivers_injured, 0.0 drivers_killed, 0.0 passengers_injured, 0.0 passengers_killed, 0.0 pedestrian_injured, 0.0 pedestrian_killed, Fair (Day), EDSA Oliveros  Quezon City",MMDA Road Safety Unit,,6177eda5-cd20-428f-bf15-9b5288399013,2015-10-20,23:50:00,"EDSA Main Ave. (Shell Gas Station, Socorro) Quezon City",0,0,0,0,0,0,0,0,0,0,2015-10-21 7:50,Property,14.65762799,121.0065288,Rear-End
None,EDSA,None,None,"No Accident Factor, Side Swipe, 0.0 drivers_injured, 0.0 drivers_killed, 0.0 passengers_injured, 0.0 passengers_killed, 0.0 pedestrian_injured, 0.0 pedestrian_killed, Fair (Night), EDSA Scout Borromeo St. Quezon City",MMDA Road Safety Unit,,7f018c36-f4d1-4578-aba2-f008c2f50355,2015-10-20,14:30:00,"EDSA Nepa Q-Mart, West Kamias Quezon City",0,0,0,0,0,0,0,0,0,0,2015-10-20 22:30,Property,14.63715712,121.0419507,Side Swipe
None,EDSA,None,None,"No Accident Factor, Side Swipe, 0.0 drivers_injured, 0.0 drivers_killed, 0.0 passengers_injured, 0.0 passengers_killed, 0.0 pedestrian_injured, 0.0 pedestrian_killed, Fair (Day), EDSA Arayat St. Quezon City",MMDA Road Safety Unit,,f28fd807-db82-49d0-be7b-6e793880f95a,2015-10-20,07:20:00,EDSA West Ave. Quezon City,0,0,0,0,0,0,0,0,0,0,2015-10-20 15:20,Property,14.61961124,121.0508602,Side Swipe
None,EDSA,None,None,"No Accident Factor, Rear-end, 1.0 drivers_injured, 0.0 drivers_killed, 0.0 passengers_injured, 0.0 passengers_killed, 0.0 pedestrian_injured, 0.0 pedestrian_killed, Fair (Day), EDSA Nepa Q-Mart Quezon City",MMDA Road Safety Unit,,e04d1bd9-b1f6-4bd4-8714-cd0430e55cf5,2015-10-20,06:15:00,EDSA Ortigas Ave. Quezon City,0,0,0,1,0,0,0,0,0,1,2015-10-20 14:15,Injury,14.62805361,121.0472521,Rear-End
None,EDSA,None,None,"No Accident Factor, Rear-end, 0.0 drivers_injured, 0.0 drivers_killed, 0.0 passengers_injured, 0.0 passengers_killed, 0.0 pedestrian_injured, 0.0 pedestrian_killed, Fair (Day), EDSA Corinthian Garden (Gate 2), Ugong Norte Quezon City",MMDA Road Safety Unit,,6d45a95d-cfde-4178-9944-4cf65aeed64c,2015-10-20,00:00:00,EDSA Camp Aguinaldo (Gate 2) Quezon City,0,0,0,0,0,0,0,0,0,0,2015-10-20 8:00,Property,14.59580783,121.0595248,Rear-End
None,EDSA,None,None,"No Accident Factor, Rear-end, 0.0 drivers_injured, 0.0 drivers_killed, 0.0 passengers_injured, 0.0 passengers_killed, 0.0 pedestrian_injured, 0.0 pedestrian_killed, Fair (Day), EDSA ""U"" turn slot, Timog Ave. Quezon City",MMDA Road Safety Unit,,1b33c083-7f62-4b48-b715-b807b1aaf514,2015-10-19,22:15:00,EDSA Quezon Ave. Quezon City,0,0,0,0,0,0,0,0,0,0,2015-10-20 6:15,Property,14.63183035,121.0454138,Rear-End
None,EDSA,None,None,"No Accident Factor, Angle Impact, 0.0 drivers_injured, 0.0 drivers_killed, 0.0 passengers_injured, 0.0 passengers_killed, 0.0 pedestrian_injured, 0.0 pedestrian_killed, Fair (Night), EDSA Kamias Road Quezon City",MMDA Road Safety Unit,,5001e2dd-93c8-4eb1-8dc5-fb195667117a,2015-10-19,20:00:00,EDSA Liberty Ave. Quezon City,0,0,0,0,0,0,0,0,0,0,2015-10-20 4:00,Property,14.6309142,121.0459376,Angle Impact
None,EDSA,None,None,"No Accident Factor, No Collision Stated (based on Police Blotter Book), 0.0 drivers_injured, 0.0 drivers_killed, 0.0 passengers_injured, 0.0 passengers_killed, 0.0 pedestrian_injured, 0.0 pedestrian_killed, Fair (Night), EDSA North Ave., MRT North station Quezon City",MMDA Road Safety Unit,,472aa961-9784-45e4-ae7e-7b4ab741a15f,2015-10-19,14:30:00,EDSA Ortigas Ave. Quezon City,0,0,0,0,0,0,0,0,0,0,2015-10-19 22:30,Property,14.65553839,121.0299647,No Collision Stated
None,EDSA,None,None,"No Accident Factor, No Collision Stated (based on Police Blotter Book), 0.0 drivers_injured, 0.0 drivers_killed, 0.0 passengers_injured, 0.0 passengers_killed, 0.0 pedestrian_injured, 0.0 pedestrian_killed, Fair (Night), EDSA Bansalangin St. Quezon City",MMDA Road Safety Unit,,a68265f9-1202-4484-bde5-55de035ae681,2015-10-19,14:00:00,EDSA MRT Santolan Quezon City,0,0,0,0,0,0,0,0,0,0,2015-10-19 22:00,Property,14.6567996,121.0241845,No Collision Stated
None,EDSA,None,None,"No Accident Factor, Side Swipe, 0.0 drivers_injured, 0.0 drivers_killed, 0.0 passengers_injured, 0.0 passengers_killed, 0.0 pedestrian_injured, 0.0 pedestrian_killed, Fair (Night), EDSA Aurora Blvd. Quezon City",MMDA Road Safety Unit,,0b99082a-6e42-4ff3-90b1-acb2e429553a,2015-10-19,12:45:00,"EDSA ""U"" turn slot, Bahay Toro Quezon City",0,0,0,0,0,0,0,0,0,0,2015-10-19 20:45,Property,14.62163653,121.0501573,Side Swipe
None,EDSA,None,None,"No Accident Factor, No Collision Stated (based on Police Blotter Book), 0.0 drivers_injured, 0.0 drivers_killed, 0.0 passengers_injured, 0.0 passengers_killed, 0.0 pedestrian_injured, 0.0 pedestrian_killed, Fair (Night), EDSA Aurora Blvd. Quezon City",MMDA Road Safety Unit,,6fcca2fb-5295-4fdc-bbdb-4ec5ffc3c94e,2015-10-19,11:55:00,EDSA Scout Borromeo St.  Quezon City,0,0,0,0,0,0,0,0,0,0,2015-10-19 19:55,Property,14.62163653,121.0501573,No Collision Stated
None,EDSA,None,None,"No Accident Factor, Rear-end, 0.0 drivers_injured, 0.0 drivers_killed, 0.0 passengers_injured, 0.0 passengers_killed, 0.0 pedestrian_injured, 0.0 pedestrian_killed, Fair (Night), EDSA Roosevelt Ave. Quezon City",MMDA Road Safety Unit,,24cd4596-f291-4dd8-9a6b-c6cb54a93f34,2015-10-19,11:30:00,"EDSA Five Star Bus Terminal, Cubao Quezon City",0,0,0,0,0,0,0,0,0,0,2015-10-19 19:30,Property,14.65762047,121.0196373,Rear-End
None,EDSA,None,None,"No Accident Factor, Hit and Run (Side Swipe), 0.0 drivers_injured, 0.0 drivers_killed, 0.0 passengers_injured, 0.0 passengers_killed, 0.0 pedestrian_injured, 0.0 pedestrian_killed, Fair (Night), EDSA MRT-GMA Kamuning Station, Pinyahan Quezon City",MMDA Road Safety Unit,,a09f77ee-6d36-4d96-9b4e-a8e0e43549d8,2015-10-19,11:00:00,EDSA Col. Bonny Serrano Ave. Quezon City,0,0,0,0,0,0,0,0,0,0,2015-10-19 19:00,Property,14.63506067,121.043428,Side Swipe
None,EDSA,None,None,"No Accident Factor, Rear-end, 0.0 drivers_injured, 0.0 drivers_killed, 0.0 passengers_injured, 0.0 passengers_killed, 0.0 pedestrian_injured, 0.0 pedestrian_killed, Fair (Day), EDSA Gen. McArthur Ave. Quezon City",MMDA Road Safety Unit,,3dee283a-455f-4c09-8d85-02063f20df00,2015-10-19,03:30:00,"EDSA ""U"" turn slot, Bagong Lipu  Quezon City",0,0,0,0,0,0,0,0,0,0,2015-10-19 11:30,Property,14.61805145,121.0517604,Rear-End
None,EDSA,None,None,"No Accident Factor, Side Swipe, 0.0 drivers_injured, 0.0 drivers_killed, 0.0 passengers_injured, 0.0 passengers_killed, 0.0 pedestrian_injured, 0.0 pedestrian_killed, Fair (Day), EDSA Whiteplains, Ugong Norte Quezon City",MMDA Road Safety Unit,,c035ae9d-14d4-4384-9077-ba23d0f2c101,2015-10-18,22:45:00,EDSA P. Tuazon Blvd. Quezon City,0,0,0,0,0,0,0,0,0,0,2015-10-19 6:45,Property,14.59961782,121.0596522,Side Swipe
None,EDSA,None,None,"No Accident Factor, Multiple Collision, 0.0 drivers_injured, 0.0 drivers_killed, 0.0 passengers_injured, 0.0 passengers_killed, 0.0 pedestrian_injured, 0.0 pedestrian_killed, Fair (Night), EDSA South Road Quezon City",MMDA Road Safety Unit,,ff6695e2-ddcb-4347-9413-159b34dad6bc,2015-10-17,21:30:00,EDSA Col. Bonny Serrano Ave. Quezon City,0,0,0,0,0,0,0,0,0,0,2015-10-18 5:30,Property,14.61321318,121.053905,Multiple
None,EDSA,None,None,"No Accident Factor, Side Swipe, 0.0 drivers_injured, 0.0 drivers_killed, 0.0 passengers_injured, 0.0 passengers_killed, 0.0 pedestrian_injured, 0.0 pedestrian_killed, Fair (Night), EDSA Bernardo Park Quezon City",MMDA Road Safety Unit,,66964642-606c-4622-9e6c-a0c782847b4c,2015-10-17,14:20:00,"EDSA ""U"" turn slot, Bahay Toro Quezon City",0,0,0,0,0,0,0,0,0,0,2015-10-17 22:20,Property,14.62896149,121.046597,Side Swipe
None,EDSA,None,None,"No Accident Factor, Side Swipe, 0.0 drivers_injured, 0.0 drivers_killed, 0.0 passengers_injured, 0.0 passengers_killed, 0.0 pedestrian_injured, 0.0 pedestrian_killed, Fair (Night), EDSA MRT-GMA Kamuning Station, Pinyahan Quezon City",MMDA Road Safety Unit,,86100c27-57f2-48ff-a17e-319b710ce8b7,2015-10-17,10:45:00,"EDSA Farmers Plaza, Cubao Quezon City",0,0,0,0,0,0,0,0,0,0,2015-10-17 18:45,Property,14.63506067,121.043428,Side Swipe
None,EDSA,None,None,"No Accident Factor, Side Swipe, 0.0 drivers_injured, 0.0 drivers_killed, 0.0 passengers_injured, 0.0 passengers_killed, 0.0 pedestrian_injured, 0.0 pedestrian_killed, Fair (Day), EDSA Kamias Road Quezon City",MMDA Road Safety Unit,,caf38b88-6c34-41d8-ba98-5592ada183d3,2015-10-17,09:45:00,"EDSA ""U"" turn slot, Quezon Ave. Quezon City",0,0,0,0,0,0,0,0,0,0,2015-10-17 17:45,Property,14.6309142,121.0459376,Side Swipe
None,EDSA,None,None,"No Accident Factor, Angle Impact, 0.0 drivers_injured, 0.0 drivers_killed, 0.0 passengers_injured, 0.0 passengers_killed, 0.0 pedestrian_injured, 0.0 pedestrian_killed, Fair (Day), EDSA Kamias Road Quezon City",MMDA Road Safety Unit,,bacb1408-7ad2-4f0d-aff5-dcd0f73a684c,2015-10-17,09:00:00,EDSA West Ave. Quezon City,0,0,0,0,0,0,0,0,0,0,2015-10-17 17:00,Property,14.6309142,121.0459376,Angle Impact
None,EDSA,None,None,"No Accident Factor, Rear-end, 0.0 drivers_injured, 0.0 drivers_killed, 0.0 passengers_injured, 0.0 passengers_killed, 0.0 pedestrian_injured, 0.0 pedestrian_killed, Fair (Day), EDSA Baliwag Liner Bus Terminal, Cubao, E. Rodriguez Quezon City",MMDA Road Safety Unit,,47fbdb6f-7807-42d1-9593-322421c1d9f7,2015-10-17,05:00:00,EDSA K-10th St.  Quezon City,0,0,0,0,0,0,0,0,0,0,2015-10-17 13:00,Property,14.6244766,121.0489584,Rear-End