LOCATION_TEXT,ROAD,WEATHER,LIGHT,DESC,REPORTING_AGENCY,MAIN_CAUSE,INCIDENTDETAILS_ID,DATE_UTC,TIME_UTC,ADDRESS,killed_driver,killed_passenger,killed_pedestrian,injured_driver,injured_passenger,injured_pedestrian,killed_uncategorized,injured_uncategorized,killed_total,injured_total,DATETIME_PST,SEVERITY,Y,X,COLLISION_TYPE
None,EDSA,None,None,"No Accident Factor, Side Swipe, 0.0 drivers_injured, 0.0 drivers_killed, 0.0 passengers_injured, 0.0 passengers_killed, 0.0 pedestrian_injured, 0.0 pedestrian_killed, Fair (Day), EDSA Cloverleaf Road Quezon City",MMDA Road Safety Unit,,8a54a821-42e3-4c6c-936b-dae00f05e057,2015-10-17,02:45:00,EDSA New York St. Quezon City,0,0,0,0,0,0,0,0,0,0,2015-10-17 10:45,Property,14.65747901,121.0011914,Side Swipe
None,EDSA,None,None,"No Accident Factor, Rear-end, 0.0 drivers_injured, 0.0 drivers_killed, 0.0 passengers_injured, 0.0 passengers_killed, 0.0 pedestrian_injured, 0.0 pedestrian_killed, Fair (Day), EDSA Balintawak Market Quezon City",MMDA Road Safety Unit,,00c23aa6-ad7c-437d-8736-d15cfce6e558,2015-10-16,23:30:00,EDSA Kaingin Road Quezon City,0,0,0,0,0,0,0,0,0,0,2015-10-17 7:30,Property,14.65740947,121.0025737,Rear-End
None,EDSA,None,None,"No Accident Factor, Side Swipe, 0.0 drivers_injured, 0.0 drivers_killed, 0.0 passengers_injured, 0.0 passengers_killed, 0.0 pedestrian_injured, 0.0 pedestrian_killed, Fair (Day), EDSA Aurora Blvd. Quezon City",MMDA Road Safety Unit,,16f869a7-2c08-4c74-8d57-9f2dc671a09b,2015-10-16,22:25:00,EDSA Royal St.  Quezon City,0,0,0,0,0,0,0,0,0,0,2015-10-17 6:25,Property,14.62163653,121.0501573,Side Swipe
None,EDSA,None,None,"No Accident Factor, No Collision Stated (based on Police Blotter Book), 0.0 drivers_injured, 0.0 drivers_killed, 0.0 passengers_injured, 0.0 passengers_killed, 0.0 pedestrian_injured, 0.0 pedestrian_killed, Fair (Night), EDSA ""U"" turn slot, Iglesia ni Cristo Quezon City",MMDA Road Safety Unit,,fa3eae31-0e46-4282-99ad-61552b938228,2015-10-16,15:30:00,EDSA A. Bonifacio Ave. Quezon City,0,0,0,0,0,0,0,0,0,0,2015-10-16 23:30,Property,14.65726475,121.0226547,No Collision Stated
None,EDSA,None,None,"No Accident Factor, Side Swipe, 0.0 drivers_injured, 0.0 drivers_killed, 0.0 passengers_injured, 0.0 passengers_killed, 0.0 pedestrian_injured, 0.0 pedestrian_killed, Fair (Night), EDSA East Ave. Quezon City",MMDA Road Safety Unit,,75555e05-8595-41ea-b6d3-edf716a70f18,2015-10-16,12:25:00,EDSA Timog Ave. Quezon City,0,0,0,0,0,0,0,0,0,0,2015-10-16 20:25,Property,14.6328297,121.0451176,Side Swipe
None,EDSA,None,None,"No Accident Factor, Hit and Run (No Collision Stated), 0.0 drivers_injured, 0.0 drivers_killed, 0.0 passengers_injured, 0.0 passengers_killed, 0.0 pedestrian_injured, 0.0 pedestrian_killed, Fair (Night), EDSA Jac Liner Bus Terminal Quezon City",MMDA Road Safety Unit,,153920bc-93fb-4e42-bbf8-eee0d1a54f7a,2015-10-16,11:45:00,EDSA PCP 10 Kamuning Quezon City,0,0,0,0,0,0,0,0,0,0,2015-10-16 19:45,Property,14.63162939,121.0456857,No Collision Stated
None,EDSA,None,None,"No Accident Factor, No Collision Stated (based on Police Blotter Book), 0.0 drivers_injured, 0.0 drivers_killed, 0.0 passengers_injured, 0.0 passengers_killed, 0.0 pedestrian_injured, 0.0 pedestrian_killed, Fair (Night), EDSA MRT, Pinyahan Quezon City",MMDA Road Safety Unit,,43857659-c963-4bf3-9689-919d2950dd37,2015-10-16,11:30:00,EDSA East Ave. Quezon City,0,0,0,0,0,0,0,0,0,0,2015-10-16 19:30,Property,14.63513784,121.0435059,No Collision Stated
None,EDSA,None,None,"No Accident Factor, Rear-end, 0.0 drivers_injured, 0.0 drivers_killed, 0.0 passengers_injured, 0.0 passengers_killed, 0.0 pedestrian_injured, 0.0 pedestrian_killed, Fair (Night), EDSA P. Tuazon Blvd. Quezon City",MMDA Road Safety Unit,,39047f85-545c-424e-bf91-e5550c621e2d,2015-10-16,10:30:00,"EDSA Corinthian Garden, Ugong Norte Quezon City",0,0,0,0,0,0,0,0,0,0,2015-10-16 18:30,Property,14.61656342,121.0525225,Rear-End
None,EDSA,None,None,"No Accident Factor, Side Swipe, 0.0 drivers_injured, 0.0 drivers_killed, 0.0 passengers_injured, 0.0 passengers_killed, 0.0 pedestrian_injured, 0.0 pedestrian_killed, Fair (Day), EDSA Ermin Garcia St. Quezon City",MMDA Road Safety Unit,,8bc5d815-833a-4ad1-b396-d578d387a4ab,2015-10-16,06:45:00,EDSA Philam Homes Subd.  Quezon City,0,0,0,0,0,0,0,0,0,0,2015-10-16 14:45,Property,14.62758814,121.047487,Side Swipe
None,EDSA,None,None,"No Accident Factor, Rear-end, 0.0 drivers_injured, 0.0 drivers_killed, 0.0 passengers_injured, 0.0 passengers_killed, 0.0 pedestrian_injured, 0.0 pedestrian_killed, Fair (Day), EDSA New York St. Quezon City",MMDA Road Safety Unit,,164925c5-d55b-4cbe-97d7-e55ca3c34576,2015-10-16,05:00:00,EDSA Paramount Bldg.  Quezon City,0,0,0,0,0,0,0,0,0,0,2015-10-16 13:00,Property,14.62568514,121.0482307,Rear-End
None,EDSA,None,None,"No Accident Factor, Rear-end, 0.0 drivers_injured, 0.0 drivers_killed, 1.0 passengers_injured, 0.0 passengers_killed, 0.0 pedestrian_injured, 0.0 pedestrian_killed, Fair (Day), EDSA Bulacan St. Quezon City",MMDA Road Safety Unit,,0c0647a5-eaf0-4c9c-878e-ec7754107eba,2015-10-16,02:30:00,EDSA Philam Homes Quezon City,0,0,0,0,1,0,0,0,0,1,2015-10-16 10:30,Injury,14.65577077,121.0291718,Rear-End
None,EDSA,None,None,"No Accident Factor, No Collision Stated (based on Police Blotter Book), 0.0 drivers_injured, 0.0 drivers_killed, 0.0 passengers_injured, 0.0 passengers_killed, 0.0 pedestrian_injured, 0.0 pedestrian_killed, Fair (Day), EDSA BMC St. Quezon City",MMDA Road Safety Unit,,23b6186e-e86e-4015-ad57-bbbeb1409fa9,2015-10-15,22:35:00,EDSA P. Tuazon Blvd. Quezon City,0,0,0,0,0,0,0,0,0,0,2015-10-16 6:35,Property,14.65727876,120.9844626,No Collision Stated
None,EDSA,None,None,"No Accident Factor, Rear-end, 0.0 drivers_injured, 0.0 drivers_killed, 0.0 passengers_injured, 0.0 passengers_killed, 0.0 pedestrian_injured, 0.0 pedestrian_killed, Fair (Day), EDSA Cloverleaf Quezon City",MMDA Road Safety Unit,,8d4871c5-e4e5-4f4b-bb32-c5d92af70243,2015-10-15,00:00:00,EDSA P. Tuazon Blvd. Quezon City,0,0,0,0,0,0,0,0,0,0,2015-10-15 8:00,Property,14.65747901,121.0011914,Rear-End
None,EDSA,None,None,"No Accident Factor, Rear-end, 0.0 drivers_injured, 0.0 drivers_killed, 0.0 passengers_injured, 0.0 passengers_killed, 0.0 pedestrian_injured, 0.0 pedestrian_killed, Fair (Night), EDSA Corinthian Garden, Ugong Norte Quezon City",MMDA Road Safety Unit,,b29e1186-6bca-408f-a919-6c6461230e64,2015-10-14,11:30:00,EDSA Mapagmahal St.  Quezon City,0,0,0,0,0,0,0,0,0,0,2015-10-14 19:30,Property,14.59580783,121.0595248,Rear-End
None,EDSA,None,None,"No Accident Factor, Multiple Collision, 0.0 drivers_injured, 0.0 drivers_killed, 0.0 passengers_injured, 0.0 passengers_killed, 0.0 pedestrian_injured, 0.0 pedestrian_killed, Fair (Day), EDSA Kamuning Road Quezon City",MMDA Road Safety Unit,,1a030a87-4a4e-49b2-9c50-b5963fc56885,2015-10-14,09:00:00,EDSA Aurora Blvd. (SB)  Quezon City,0,0,0,0,0,0,0,0,0,0,2015-10-14 17:00,Property,14.63075725,121.0457548,Multiple
None,EDSA,None,None,"No Accident Factor, Side Swipe, 0.0 drivers_injured, 0.0 drivers_killed, 0.0 passengers_injured, 0.0 passengers_killed, 0.0 pedestrian_injured, 0.0 pedestrian_killed, Fair (Day), EDSA Panay Ave. Quezon City",MMDA Road Safety Unit,,b66094b7-d2ea-4e74-8cf1-5789de6fc04c,2015-10-14,06:45:00,EDSA Trinoma Mall Quezon City,0,0,0,0,0,0,0,0,0,0,2015-10-14 14:45,Property,14.64294686,121.0381076,Side Swipe
None,EDSA,None,None,"No Accident Factor, Rear-end, 0.0 drivers_injured, 0.0 drivers_killed, 0.0 passengers_injured, 0.0 passengers_killed, 0.0 pedestrian_injured, 0.0 pedestrian_killed, Fair (Day), EDSA New York St. Quezon City",MMDA Road Safety Unit,,de2f95fc-24c3-4315-b5f7-1f94ad400cff,2015-10-14,06:45:00,"EDSA Total Gas Station, A. Samson Quezon City",0,0,0,0,0,0,0,0,0,0,2015-10-14 14:45,Property,14.62568514,121.0482307,Rear-End
None,EDSA,None,None,"No Accident Factor, Side Swipe, 0.0 drivers_injured, 0.0 drivers_killed, 0.0 passengers_injured, 0.0 passengers_killed, 0.0 pedestrian_injured, 0.0 pedestrian_killed, Fair (Day), EDSA East Ave. Quezon City",MMDA Road Safety Unit,,6079b535-8dca-47bb-bf34-cf4ca8567379,2015-10-14,06:00:00,EDSA Waltermart Quezon City,0,0,0,0,0,0,0,0,0,0,2015-10-14 14:00,Property,14.6328297,121.0451176,Side Swipe
None,EDSA,None,None,"No Accident Factor, Rear-end, 0.0 drivers_injured, 0.0 drivers_killed, 0.0 passengers_injured, 0.0 passengers_killed, 0.0 pedestrian_injured, 0.0 pedestrian_killed, Fair (Day), EDSA South Road, Bagong Lipu Quezon City",MMDA Road Safety Unit,,2ffc9c6c-f593-460d-994c-fb48afaf5570,2015-10-14,02:30:00,EDSA Camp Aguinaldo (Gate ?) Quezon City,0,0,0,0,0,0,0,0,0,0,2015-10-14 10:30,Property,14.61321318,121.053905,Rear-End
None,EDSA,None,None,"No Accident Factor, Multiple Collision, 0.0 drivers_injured, 0.0 drivers_killed, 0.0 passengers_injured, 0.0 passengers_killed, 0.0 pedestrian_injured, 0.0 pedestrian_killed, Fair (Day), EDSA Ermin Garcia St. (Bus Loading / Unloading Bay, E Rodriguez Cubao) Quezon City",MMDA Road Safety Unit,,5d95b7dd-23b7-4f24-855b-09399ead5857,2015-10-14,01:55:00,"EDSA ""U"" turn slot, Shell Gas Station, Katipu Quezon City",0,0,0,0,0,0,0,0,0,0,2015-10-14 9:55,Property,14.62763951,121.047198,Multiple
None,EDSA,None,None,"No Accident Factor, Side Swipe, 0.0 drivers_injured, 0.0 drivers_killed, 0.0 passengers_injured, 0.0 passengers_killed, 0.0 pedestrian_injured, 0.0 pedestrian_killed, Fair (Night), EDSA Robinsons Galleria Mall, Ugong Norte Quezon City",MMDA Road Safety Unit,,2c6bcc9a-3210-45c1-9904-7ffc90a8c56a,2015-10-13,15:10:00,EDSA East Ave. Quezon City,0,0,0,0,0,0,0,0,0,0,2015-10-13 23:10,Property,14.59206941,121.058228,Side Swipe
None,EDSA,None,None,"No Accident Factor, No Collision Stated (based on Police Blotter Book), 0.0 drivers_injured, 0.0 drivers_killed, 0.0 passengers_injured, 0.0 passengers_killed, 0.0 pedestrian_injured, 0.0 pedestrian_killed, Fair (Night), EDSA SM North, Sto. Cristo Quezon City",MMDA Road Safety Unit,,ca883008-814f-4895-b042-0fd25c3489e7,2015-10-13,12:00:00,"EDSA Royale, A. Samson Quezon City",0,0,0,0,0,0,0,0,0,0,2015-10-13 20:00,Property,14.65645143,121.0271077,No Collision Stated
None,EDSA,None,None,"No Accident Factor, Rear-end, 0.0 drivers_injured, 0.0 drivers_killed, 0.0 passengers_injured, 0.0 passengers_killed, 0.0 pedestrian_injured, 0.0 pedestrian_killed, Fair (Night), EDSA Kamuning Road Quezon City",MMDA Road Safety Unit,,57b9abc0-5664-4cdb-b483-1bda770373dc,2015-10-13,11:00:00,EDSA Col. Bonny Serrano Ave. Quezon City,0,0,0,0,0,0,0,0,0,0,2015-10-13 19:00,Property,14.63075725,121.0457548,Rear-End
None,EDSA,None,None,"No Accident Factor, No Collision Stated (based on Police Blotter Book), 0.0 drivers_injured, 0.0 drivers_killed, 0.0 passengers_injured, 0.0 passengers_killed, 0.0 pedestrian_injured, 0.0 pedestrian_killed, Fair (Day), EDSA Kamuning Road Quezon City",MMDA Road Safety Unit,,1e511258-bf0f-4163-b0a6-5e57b212f551,2015-10-12,23:30:00,EDSA Aurora Blvd. (EB) Quezon City,0,0,0,0,0,0,0,0,0,0,2015-10-13 7:30,Property,14.63075725,121.0457548,No Collision Stated
None,EDSA,None,None,"No Accident Factor, No Collision Stated (based on Police Blotter Book), 0.0 drivers_injured, 0.0 drivers_killed, 0.0 passengers_injured, 0.0 passengers_killed, 0.0 pedestrian_injured, 0.0 pedestrian_killed, Fair (Day), EDSA Timog Ave. Quezon City",MMDA Road Safety Unit,,f69fc1cd-7505-49af-af6a-b0b226676c1a,2015-10-12,22:45:00,EDSA Kamias Road Quezon City,0,0,0,0,0,0,0,0,0,0,2015-10-13 6:45,Property,14.63293559,121.0446304,No Collision Stated
None,EDSA,None,None,"No Accident Factor, Side Swipe, 0.0 drivers_injured, 0.0 drivers_killed, 0.0 passengers_injured, 0.0 passengers_killed, 0.0 pedestrian_injured, 0.0 pedestrian_killed, Fair (Night), EDSA New York St. Quezon City",MMDA Road Safety Unit,,1bb36a4d-cb3b-4808-85b0-1ba55f47e71e,2015-10-12,10:15:00,EDSA P. Tuazon Blvd. Quezon City,0,0,0,0,0,0,0,0,0,0,2015-10-12 18:15,Property,14.62568514,121.0482307,Side Swipe
None,EDSA,None,None,"No Accident Factor, Rear-end, 0.0 drivers_injured, 0.0 drivers_killed, 0.0 passengers_injured, 0.0 passengers_killed, 0.0 pedestrian_injured, 0.0 pedestrian_killed, Fair (Night), EDSA Ermin Garcia St. Quezon City",MMDA Road Safety Unit,,12964e84-ae86-46e4-9887-27e60071afed,2015-10-12,10:00:00,EDSA NIA Road Quezon City,0,0,0,0,0,0,0,0,0,0,2015-10-12 18:00,Property,14.62758814,121.047487,Rear-End
None,EDSA,None,None,"No Accident Factor, No Collision Stated (based on Police Blotter Book), 0.0 drivers_injured, 0.0 drivers_killed, 0.0 passengers_injured, 0.0 passengers_killed, 0.0 pedestrian_injured, 0.0 pedestrian_killed, Fair (Day), EDSA Aurora Blvd. Quezon City",MMDA Road Safety Unit,,acf8938c-d052-4559-bb44-3ab1016416ec,2015-10-12,07:00:00,EDSA Whiteplains PPM Camp Aguinaldo Quezon City,0,0,0,0,0,0,0,0,0,0,2015-10-12 15:00,Property,14.62163653,121.0501573,No Collision Stated
None,EDSA,None,None,"No Accident Factor, Rear-end, 0.0 drivers_injured, 0.0 drivers_killed, 0.0 passengers_injured, 0.0 passengers_killed, 0.0 pedestrian_injured, 0.0 pedestrian_killed, Fair (Day), EDSA East Ave. Quezon City",MMDA Road Safety Unit,,ef27d6af-7c52-4df7-8c2d-1d194c26f03c,2015-10-12,04:20:00,EDSA Roosevelt Ave. Quezon City,0,0,0,0,0,0,0,0,0,0,2015-10-12 12:20,Property,14.6328297,121.0451176,Rear-End
None,EDSA,None,None,"No Accident Factor, Rear-end, 0.0 drivers_injured, 0.0 drivers_killed, 0.0 passengers_injured, 0.0 passengers_killed, 0.0 pedestrian_injured, 0.0 pedestrian_killed, Fair (Day), EDSA Aurora Blvd. Quezon City",MMDA Road Safety Unit,,979844a6-492c-41e2-9fb4-de71b4e474c9,2015-10-12,04:15:00,EDSA New York St. Quezon City,0,0,0,0,0,0,0,0,0,0,2015-10-12 12:15,Property,14.62163653,121.0501573,Rear-End
None,EDSA,None,None,"No Accident Factor, Hit Object (Cones, MMDA), 0.0 drivers_injured, 0.0 drivers_killed, 0.0 passengers_injured, 0.0 passengers_killed, 0.0 pedestrian_injured, 0.0 pedestrian_killed, Fair (Day), EDSA Oliveros Quezon City",MMDA Road Safety Unit,,2dab01ce-c969-4263-9d3f-4fed798429ce,2015-10-12,01:30:00,"EDSA ""U"" turn slot, Veterans Quezon City",0,0,0,0,0,0,0,0,0,0,2015-10-12 9:30,Property,14.65762799,121.0065288,Hit Object
None,EDSA,None,None,"No Accident Factor, No Collision Stated (based on Police Blotter Book), 0.0 drivers_injured, 0.0 drivers_killed, 0.0 passengers_injured, 0.0 passengers_killed, 0.0 pedestrian_injured, 0.0 pedestrian_killed, Fair (Day), EDSA Waltermart Quezon City",MMDA Road Safety Unit,,7110d509-8b5a-4d7d-a3a1-3d09483bc8cd,2015-10-12,00:30:00,"EDSA ""U"" turn slot, Bagong Pag-asa Quezon City",0,0,0,0,0,0,0,0,0,0,2015-10-12 8:30,Property,14.6574558,121.0213579,No Collision Stated
None,EDSA,None,None,"No Accident Factor, No Collision Stated (based on Police Blotter Book), 0.0 drivers_injured, 0.0 drivers_killed, 0.0 passengers_injured, 0.0 passengers_killed, 0.0 pedestrian_injured, 0.0 pedestrian_killed, Fair (Day), EDSA ""U"" turn slot, R. Magsaysay Quezon City",MMDA Road Safety Unit,,1147baf9-9904-4895-9530-7e107ce61293,2015-10-11,23:10:00,"EDSA Genesis Bus Terminal, E. Rodriguez Quezon City",0,0,0,0,0,0,0,0,0,0,2015-10-12 7:10,Property,14.65655357,121.0260701,No Collision Stated
None,EDSA,None,None,"No Accident Factor, No Collision Stated (based on Police Blotter Book), 0.0 drivers_injured, 0.0 drivers_killed, 0.0 passengers_injured, 0.0 passengers_killed, 0.0 pedestrian_injured, 0.0 pedestrian_killed, Fair (Night), EDSA GMA Network Quezon City",MMDA Road Safety Unit,,68b3f87d-df59-4f22-9c1e-82ac97df3b68,2015-10-11,21:45:00,"EDSA ""U"" turn slot, West Ave. Quezon City",0,0,0,0,0,0,0,0,0,0,2015-10-12 5:45,Property,14.63467214,121.0435714,No Collision Stated
None,EDSA,None,None,"No Accident Factor, Side Swipe, 0.0 drivers_injured, 0.0 drivers_killed, 0.0 passengers_injured, 0.0 passengers_killed, 0.0 pedestrian_injured, 0.0 pedestrian_killed, Fair (Night), EDSA Waltermart Quezon City",MMDA Road Safety Unit,,ef1eac18-906d-449f-a6e7-44b32a525a11,2015-10-11,19:45:00,EDSA Nueva Ecija St. Quezon City,0,0,0,0,0,0,0,0,0,0,2015-10-12 3:45,Property,14.6574558,121.0213579,Side Swipe
None,EDSA,None,None,"No Accident Factor, Rear-end, 0.0 drivers_injured, 0.0 drivers_killed, 0.0 passengers_injured, 0.0 passengers_killed, 0.0 pedestrian_injured, 0.0 pedestrian_killed, Fair (Day), EDSA New York St. (E. Rodriguez) Quezon City",MMDA Road Safety Unit,,2e829531-1df1-4a43-bdc0-16463268719f,2015-10-11,05:00:00,EDSA Kamias Road Quezon City,0,0,0,0,0,0,0,0,0,0,2015-10-11 13:00,Property,14.62568514,121.0482307,Rear-End
None,EDSA,None,None,"No Accident Factor, Multiple Collision, 0.0 drivers_injured, 0.0 drivers_killed, 0.0 passengers_injured, 0.0 passengers_killed, 0.0 pedestrian_injured, 0.0 pedestrian_killed, Fair (Day), EDSA Nepa Q-Mart, E. Rodriguez Quezon City",MMDA Road Safety Unit,,172c02b3-bcb0-4a9b-a52b-8900e8a190d3,2015-10-11,04:40:00,EDSA Philam Quezon City,0,0,0,0,0,0,0,0,0,0,2015-10-11 12:40,Property,14.62805361,121.0472521,Multiple
None,EDSA,None,None,"No Accident Factor, Side Swipe, 0.0 drivers_injured, 0.0 drivers_killed, 0.0 passengers_injured, 0.0 passengers_killed, 0.0 pedestrian_injured, 0.0 pedestrian_killed, Fair (Night), EDSA P. Tuazon Blvd. Quezon City",MMDA Road Safety Unit,,acdcf513-9e56-4304-b968-264505a9e290,2015-10-10,12:30:00,"EDSA Baliwag Liner Bus Terminal, Cubao Quezon City",0,0,0,0,0,0,0,0,0,0,2015-10-10 20:30,Property,14.61656342,121.0525225,Side Swipe
None,EDSA,None,None,"No Accident Factor, Side Swipe, 0.0 drivers_injured, 0.0 drivers_killed, 0.0 passengers_injured, 0.0 passengers_killed, 0.0 pedestrian_injured, 0.0 pedestrian_killed, Fair (Night), EDSA Whiteplains Ave. Quezon City",MMDA Road Safety Unit,,d676efbc-0ab1-477b-8fd3-5efcf6e2dd2f,2015-10-10,10:20:00,EDSA Ortigas Ave. Quezon City,0,0,0,0,0,0,0,0,0,0,2015-10-10 18:20,Property,14.59961782,121.0596522,Side Swipe
None,EDSA,None,None,"No Accident Factor, No Collision Stated (based on Police Blotter Book), 0.0 drivers_injured, 0.0 drivers_killed, 0.0 passengers_injured, 0.0 passengers_killed, 0.0 pedestrian_injured, 0.0 pedestrian_killed, Fair (Day), EDSA ""U"" turn slot, R. Magsaysay Quezon City",MMDA Road Safety Unit,,4bd06097-ee2e-46db-a96f-bd0b23bb8aa8,2015-10-10,09:45:00,EDSA Royal St.  Quezon City,0,0,0,0,0,0,0,0,0,0,2015-10-10 17:45,Property,14.65655357,121.0260701,No Collision Stated
None,EDSA,None,None,"No Accident Factor, Side Swipe, 0.0 drivers_injured, 0.0 drivers_killed, 0.0 passengers_injured, 0.0 passengers_killed, 0.0 pedestrian_injured, 0.0 pedestrian_killed, Fair (Day), EDSA Royale A. Samson  Quezon City",MMDA Road Safety Unit,,fde0d9aa-dbb5-449e-a8a4-ee053588a619,2015-10-10,08:30:00,EDSA Aurora Blvd. Quezon City,0,0,0,0,0,0,0,0,0,0,2015-10-10 16:30,Property,14.65767141,121.0107008,Side Swipe
None,EDSA,None,None,"No Accident Factor, Hit Parked Vehicle, 0.0 drivers_injured, 0.0 drivers_killed, 0.0 passengers_injured, 0.0 passengers_killed, 0.0 pedestrian_injured, 0.0 pedestrian_killed, Fair (Day), EDSA GMA Network Drive (Victoria Tower) Quezon City",MMDA Road Safety Unit,,9e941f44-ca41-4c03-905c-b0a4ace612f0,2015-10-10,07:30:00,EDSA East Ave. Quezon City,0,0,0,0,0,0,0,0,0,0,2015-10-10 15:30,Property,14.63492194,121.0434218,Hit Object
None,EDSA,None,None,"No Accident Factor, Rear-end, 0.0 drivers_injured, 0.0 drivers_killed, 0.0 passengers_injured, 0.0 passengers_killed, 0.0 pedestrian_injured, 0.0 pedestrian_killed, Fair (Day), EDSA Caltex Gas Station, A. Samson Quezon City",MMDA Road Safety Unit,,031fd842-df9e-4f11-bd9f-d6f4f5d29568,2015-10-10,07:30:00,"EDSA ""U"" turn slot, Timog Ave. Quezon City",0,0,0,0,0,0,0,0,0,0,2015-10-10 15:30,Property,14.65756562,121.0045938,Rear-End
None,EDSA,None,None,"No Accident Factor, Rear-end, 0.0 drivers_injured, 0.0 drivers_killed, 0.0 passengers_injured, 0.0 passengers_killed, 0.0 pedestrian_injured, 0.0 pedestrian_killed, Fair (Day), EDSA Cloverleaf Road Quezon City",MMDA Road Safety Unit,,56e03320-5139-497d-9781-895aae90e8a6,2015-10-10,05:35:00,"EDSA Nepa Q-Mart, E. Rodriguez Quezon City",0,0,0,0,0,0,0,0,0,0,2015-10-10 13:35,Property,14.65747901,121.0011914,Rear-End
None,EDSA,None,None,"No Accident Factor, Rear-end, 0.0 drivers_injured, 0.0 drivers_killed, 0.0 passengers_injured, 0.0 passengers_killed, 0.0 pedestrian_injured, 0.0 pedestrian_killed, Fair (Day), EDSA NIA Road Quezon City",MMDA Road Safety Unit,,38170454-5a49-4ba4-905c-d4ce3a481b61,2015-10-10,02:45:00,"EDSA SM North, Pag asa Quezon City",0,0,0,0,0,0,0,0,0,0,2015-10-10 10:45,Property,14.63727823,121.0421362,Rear-End
None,EDSA,None,None,"No Accident Factor, Side Swipe, 0.0 drivers_injured, 0.0 drivers_killed, 0.0 passengers_injured, 0.0 passengers_killed, 0.0 pedestrian_injured, 0.0 pedestrian_killed, Fair (Day), EDSA ETON Centris, Pinyahan Quezon City",MMDA Road Safety Unit,,0cc6d3d3-a23e-4f64-ad3d-8afc80725334,2015-10-10,01:50:00,"EDSA ""U"" turn slot, Ortigas Ave. Quezon City",0,0,0,0,0,0,0,0,0,0,2015-10-10 9:50,Property,14.64266722,121.0386872,Side Swipe
None,EDSA,None,None,"No Accident Factor, No Collision Stated (based on Police Blotter Book), 0.0 drivers_injured, 0.0 drivers_killed, 0.0 passengers_injured, 0.0 passengers_killed, 0.0 pedestrian_injured, 0.0 pedestrian_killed, Fair (Night), EDSA North Ave. Quezon City",MMDA Road Safety Unit,,ae67e896-43a3-4614-a488-2cacdbb98f1c,2015-10-09,17:30:00,EDSA MRT-Balintawak Station Quezon City,0,0,0,0,0,0,0,0,0,0,2015-10-10 1:30,Property,14.65553839,121.0299647,No Collision Stated
None,EDSA,None,None,"No Accident Factor, Side Swipe, 0.0 drivers_injured, 0.0 drivers_killed, 0.0 passengers_injured, 0.0 passengers_killed, 0.0 pedestrian_injured, 0.0 pedestrian_killed, Fair (Night), EDSA Roosevelt Ave.  Quezon City",MMDA Road Safety Unit,,d4f6733f-0d24-4d6e-a986-4055654a332a,2015-10-09,14:20:00,EDSA Cloverleaf Road Quezon City,0,0,0,0,0,0,0,0,0,0,2015-10-09 22:20,Property,14.65762047,121.0196373,Side Swipe
None,EDSA,None,None,"No Accident Factor, No Collision Stated (based on Police Blotter Book), 0.0 drivers_injured, 0.0 drivers_killed, 0.0 passengers_injured, 0.0 passengers_killed, 0.0 pedestrian_injured, 0.0 pedestrian_killed, Fair (Night), EDSA Cloverleaf Road Quezon City",MMDA Road Safety Unit,,43d87e4e-c121-4c10-9f54-23e75fa79df6,2015-10-09,11:20:00,"EDSA Q-Mart, E. Rodriguez Quezon City",0,0,0,0,0,0,0,0,0,0,2015-10-09 19:20,Property,14.65747901,121.0011914,No Collision Stated
None,EDSA,None,None,"No Accident Factor, Side Swipe, 0.0 drivers_injured, 0.0 drivers_killed, 0.0 passengers_injured, 0.0 passengers_killed, 0.0 pedestrian_injured, 0.0 pedestrian_killed, Fair (Night), EDSA Gen. Roxas Ave. Quezon City",MMDA Road Safety Unit,,3d0cc3f1-0255-41dd-85d1-340b45fa1643,2015-10-09,10:30:00,"EDSA Baliwag Liner Bus Terminal, Cubao Quezon City",0,0,0,0,0,0,0,0,0,0,2015-10-09 18:30,Property,14.62042254,121.0508064,Side Swipe
None,EDSA,None,None,"No Accident Factor, No Collision Stated (based on Police Blotter Book), 0.0 drivers_injured, 0.0 drivers_killed, 0.0 passengers_injured, 0.0 passengers_killed, 0.0 pedestrian_injured, 0.0 pedestrian_killed, Fair (Night), EDSA Cloverleaf Road Quezon City",MMDA Road Safety Unit,,d276fbe5-26c4-412e-b135-42694152c1da,2015-10-09,10:30:00,EDSA GMA Network Quezon City,0,0,0,0,0,0,0,0,0,0,2015-10-09 18:30,Property,14.65747901,121.0011914,No Collision Stated
None,EDSA,None,None,"No Accident Factor, Side Swipe, 0.0 drivers_injured, 0.0 drivers_killed, 0.0 passengers_injured, 0.0 passengers_killed, 0.0 pedestrian_injured, 0.0 pedestrian_killed, Fair (Night), EDSA Whiteplains Ave. Quezon City",MMDA Road Safety Unit,,7acb9850-2fc4-467f-8390-c24a84893e91,2015-10-09,10:30:00,"EDSA Five Star Bus Terminal, E. Rodriguez Quezon City",0,0,0,0,0,0,0,0,0,0,2015-10-09 18:30,Property,14.59961782,121.0596522,Side Swipe