LOCATION_TEXT,ROAD,WEATHER,LIGHT,DESC,REPORTING_AGENCY,MAIN_CAUSE,INCIDENTDETAILS_ID,DATE_UTC,TIME_UTC,ADDRESS,killed_driver,killed_passenger,killed_pedestrian,injured_driver,injured_passenger,injured_pedestrian,killed_uncategorized,injured_uncategorized,killed_total,injured_total,DATETIME_PST,SEVERITY,Y,X,COLLISION_TYPE
None,EDSA,None,None,"No Accident Factor, Side Swipe, 0.0 drivers_injured, 0.0 drivers_killed, 0.0 passengers_injured, 0.0 passengers_killed, 0.0 pedestrian_injured, 0.0 pedestrian_killed, Fair (Day), EDSA Ortigas Ave. Quezon City",MMDA Road Safety Unit,,cfef23ef-2130-47fd-bfa5-227bc5698042,2015-10-09,06:45:00,EDSA Quezon Ave.  Quezon City,0,0,0,0,0,0,0,0,0,0,2015-10-09 14:45,Property,14.59335253,121.0584107,Side Swipe
None,EDSA,None,None,"No Accident Factor, No Collision Stated (based on Police Blotter Book), 0.0 drivers_injured, 0.0 drivers_killed, 0.0 passengers_injured, 0.0 passengers_killed, 0.0 pedestrian_injured, 0.0 pedestrian_killed, Fair (Day), EDSA Quezon Ave. Quezon City",MMDA Road Safety Unit,,9ad21e73-c1c4-4bbf-a700-5e43292343de,2015-10-09,05:50:00,EDSA Kamuning Road Quezon City,0,0,0,0,0,0,0,0,0,0,2015-10-09 13:50,Property,14.6442444,121.0375839,No Collision Stated
None,EDSA,None,None,"No Accident Factor, No Collision Stated (based on Police Blotter Book), 0.0 drivers_injured, 0.0 drivers_killed, 0.0 passengers_injured, 0.0 passengers_killed, 0.0 pedestrian_injured, 0.0 pedestrian_killed, Fair (Day), EDSA Mapagmahal St.  Quezon City",MMDA Road Safety Unit,,95f1372d-5a6e-48a2-9a83-fc4e1e3527fb,2015-10-09,03:10:00,EDSA Cloverleaf Drive  Quezon City,0,0,0,0,0,0,0,0,0,0,2015-10-09 11:10,Property,14.63185046,121.0455315,No Collision Stated
None,EDSA,None,None,"No Accident Factor, No Collision Stated (based on Police Blotter Book), 0.0 drivers_injured, 0.0 drivers_killed, 0.0 passengers_injured, 0.0 passengers_killed, 0.0 pedestrian_injured, 0.0 pedestrian_killed, Fair (Day), EDSA SM North Pag asa Quezon City",MMDA Road Safety Unit,,20b2105c-0d6b-4203-912e-569ef1f412d3,2015-10-09,00:30:00,EDSA Balintawak Market Quezon City,0,0,0,0,0,0,0,0,0,0,2015-10-09 8:30,Property,14.65645143,121.0271077,No Collision Stated
None,EDSA,None,None,"No Accident Factor, Rear-end, 0.0 drivers_injured, 0.0 drivers_killed, 0.0 passengers_injured, 0.0 passengers_killed, 0.0 pedestrian_injured, 0.0 pedestrian_killed, Fair (Day), EDSA Kamuning Road Quezon City",MMDA Road Safety Unit,,c804d715-3a70-4906-a1fb-7fb9e742233c,2015-10-09,00:15:00,EDSA P. Tuazon Blvd. Quezon City,0,0,0,0,0,0,0,0,0,0,2015-10-09 8:15,Property,14.63075725,121.0457548,Rear-End
None,EDSA,None,None,"No Accident Factor, Rear-end, 0.0 drivers_injured, 0.0 drivers_killed, 0.0 passengers_injured, 0.0 passengers_killed, 0.0 pedestrian_injured, 0.0 pedestrian_killed, Fair (Day), EDSA P. Tuazon Blvd. Quezon City",MMDA Road Safety Unit,,6f30429c-f2ae-42be-83f7-4d67ed626c59,2015-10-09,00:15:00,"EDSA ""U"" turn slot, East Ave.  Quezon City",0,0,0,0,0,0,0,0,0,0,2015-10-09 8:15,Property,14.61656342,121.0525225,Rear-End
None,EDSA,None,None,"No Accident Factor, Rear-end, 0.0 drivers_injured, 0.0 drivers_killed, 0.0 passengers_injured, 0.0 passengers_killed, 0.0 pedestrian_injured, 0.0 pedestrian_killed, Fair (Day), EDSA Camp Aguinaldo Quezon City",MMDA Road Safety Unit,,d85887e0-463c-4667-b03e-886cf7534b8f,2015-10-09,00:00:00,EDSA SM Annex Quezon City,0,0,0,0,0,0,0,0,0,0,2015-10-09 8:00,Property,14.60818699,121.0564562,Rear-End
None,EDSA,None,None,"No Accident Factor, Rear-end, 0.0 drivers_injured, 0.0 drivers_killed, 0.0 passengers_injured, 0.0 passengers_killed, 0.0 pedestrian_injured, 0.0 pedestrian_killed, Fair (Day), EDSA Aurora Blvd. Quezon City",MMDA Road Safety Unit,,e2102d79-0e1b-47eb-b519-42acec708c43,2015-10-08,22:35:00,"EDSA P. Tuazon Blvd. (Sea Oil Gas Station, Soccoro) Quezon City",0,0,0,0,0,0,0,0,0,0,2015-10-09 6:35,Property,14.62163653,121.0501573,Rear-End
None,EDSA,None,None,"No Accident Factor, Rear-end, 0.0 drivers_injured, 0.0 drivers_killed, 0.0 passengers_injured, 0.0 passengers_killed, 0.0 pedestrian_injured, 0.0 pedestrian_killed, Fair (Day), EDSA Kamuning Road Quezon City",MMDA Road Safety Unit,,873547cc-3d17-4191-893a-9a7bf3f89f9c,2015-10-08,22:20:00,EDSA Cloverleaf Road Quezon City,0,0,0,0,0,0,0,0,0,0,2015-10-09 6:20,Property,14.63075725,121.0457548,Rear-End
None,EDSA,None,None,"No Accident Factor, Rear-end, 0.0 drivers_injured, 0.0 drivers_killed, 0.0 passengers_injured, 0.0 passengers_killed, 0.0 pedestrian_injured, 0.0 pedestrian_killed, Fair (Night), EDSA ""U"" turn slot, R. Magsaysay Quezon City",MMDA Road Safety Unit,,fd978d78-7c2e-4deb-b7a2-38637917814f,2015-10-08,11:30:00,EDSA Kamuning Road Quezon City,0,0,0,0,0,0,0,0,0,0,2015-10-08 19:30,Property,14.65655357,121.0260701,Rear-End
None,EDSA,None,None,"No Accident Factor, Rear-end, 0.0 drivers_injured, 0.0 drivers_killed, 0.0 passengers_injured, 0.0 passengers_killed, 0.0 pedestrian_injured, 0.0 pedestrian_killed, Fair (Night), EDSA New York St. (Baliwag Bus Terminal, Cubao) Quezon City",MMDA Road Safety Unit,,24b182f1-8715-4fd2-864e-8b8d8857a165,2015-10-08,11:25:00,EDSA Kamuning Road Quezon City,0,0,0,0,0,0,0,0,0,0,2015-10-08 19:25,Property,14.62568514,121.0482307,Rear-End
None,EDSA,None,None,"No Accident Factor, Rear-end, 0.0 drivers_injured, 0.0 drivers_killed, 0.0 passengers_injured, 0.0 passengers_killed, 0.0 pedestrian_injured, 0.0 pedestrian_killed, Fair (Night), EDSA Oliveros     Quezon City",MMDA Road Safety Unit,,c5ef0055-d0b7-44ac-80e8-ce678da0bb9f,2015-10-08,10:05:00,"EDSA Baliwag Liner Bus Terminal, Cubao Quezon City",0,0,0,0,0,0,0,0,0,0,2015-10-08 18:05,Property,14.65762799,121.0065288,Rear-End
None,EDSA,None,None,"No Accident Factor, Rear-end, 0.0 drivers_injured, 0.0 drivers_killed, 0.0 passengers_injured, 0.0 passengers_killed, 0.0 pedestrian_injured, 0.0 pedestrian_killed, Fair (Day), EDSA Panay Ave. Quezon City",MMDA Road Safety Unit,,901be0ec-ac2f-491b-8eab-466bafbab35a,2015-10-08,09:10:00,"EDSA SM North, Pag asa Quezon City",0,0,0,0,0,0,0,0,0,0,2015-10-08 17:10,Property,14.64294686,121.0381076,Rear-End
None,EDSA,None,None,"No Accident Factor, No Collision Stated (based on Police Blotter Book), 0.0 drivers_injured, 0.0 drivers_killed, 0.0 passengers_injured, 0.0 passengers_killed, 0.0 pedestrian_injured, 0.0 pedestrian_killed, Fair (Day), EDSA Roosevelt Ave.  Quezon City",MMDA Road Safety Unit,,7cbeae4b-1689-4f1b-adda-3f96e1b98f23,2015-10-08,03:00:00,"EDSA SM North, Pag asa Quezon City",0,0,0,0,0,0,0,0,0,0,2015-10-08 11:00,Property,14.65762047,121.0196373,No Collision Stated
None,EDSA,None,None,"No Accident Factor, Side Swipe, 0.0 drivers_injured, 0.0 drivers_killed, 0.0 passengers_injured, 0.0 passengers_killed, 0.0 pedestrian_injured, 0.0 pedestrian_killed, Fair (Day), EDSA Kamias Road Quezon City",MMDA Road Safety Unit,,b4d9dcbc-efab-4c82-b352-28009c76547e,2015-10-08,01:45:00,EDSA GMA Network Drive Quezon City,0,0,0,0,0,0,0,0,0,0,2015-10-08 9:45,Property,14.6309142,121.0459376,Side Swipe
None,EDSA,None,None,"No Accident Factor, Hit and Run (No Collision Stated), 0.0 drivers_injured, 0.0 drivers_killed, 0.0 passengers_injured, 0.0 passengers_killed, 0.0 pedestrian_injured, 0.0 pedestrian_killed, Fair (Day), EDSA Banahaw St. Quezon City",MMDA Road Safety Unit,,4001ade1-9f9d-4fe1-8d45-e18dda5e049d,2015-10-07,22:00:00,EDSA A. Samson  Quezon City,0,0,0,0,0,0,0,0,0,0,2015-10-08 6:00,Property,14.61797303,121.0516572,No Collision Stated
None,EDSA,None,None,"No Accident Factor, Side Swipe, 0.0 drivers_injured, 0.0 drivers_killed, 0.0 passengers_injured, 0.0 passengers_killed, 0.0 pedestrian_injured, 0.0 pedestrian_killed, Fair (Night), EDSA Misamis St. Quezon City",MMDA Road Safety Unit,,0019f7c1-79c4-4817-8017-f2a8e01a6dd8,2015-10-07,11:30:00,EDSA Fema Road Quezon City,0,0,0,0,0,0,0,0,0,0,2015-10-07 19:30,Property,14.65602348,121.0285212,Side Swipe
None,EDSA,None,None,"No Accident Factor, No Collision Stated (based on Police Blotter Book), 0.0 drivers_injured, 0.0 drivers_killed, 0.0 passengers_injured, 0.0 passengers_killed, 0.0 pedestrian_injured, 0.0 pedestrian_killed, Fair (Day), EDSA Monte De Piedad St. Quezon City",MMDA Road Safety Unit,,7d03b65f-e301-483f-ac82-b9104f08be82,2015-10-07,07:30:00,EDSA Misamis St. Quezon City,0,0,0,0,0,0,0,0,0,0,2015-10-07 15:30,Property,14.62346937,121.0491711,No Collision Stated
None,EDSA,None,None,"No Accident Factor, Rear-end, 0.0 drivers_injured, 0.0 drivers_killed, 0.0 passengers_injured, 0.0 passengers_killed, 0.0 pedestrian_injured, 0.0 pedestrian_killed, Fair (Day), EDSA P. Tuazon St.  Quezon City",MMDA Road Safety Unit,,aeed7783-99e8-40fd-82c8-fc441f6b5230,2015-10-07,03:55:00,EDSA Monte De Piedad St. Quezon City,0,0,0,0,0,0,0,0,0,0,2015-10-07 11:55,Property,14.61656342,121.0525225,Rear-End
None,EDSA,None,None,"No Accident Factor, Side Swipe, 0.0 drivers_injured, 0.0 drivers_killed, 0.0 passengers_injured, 0.0 passengers_killed, 0.0 pedestrian_injured, 0.0 pedestrian_killed, Fair (Day), EDSA Camp Aguinaldo (Gate 3), Camp Aguinaldo Quezon City",MMDA Road Safety Unit,,ced8533f-270c-417d-a4b5-0b7177cd2adb,2015-10-07,01:00:00,EDSA West Ave. Quezon City,0,0,0,0,0,0,0,0,0,0,2015-10-07 9:00,Property,14.60832492,121.0563666,Side Swipe
None,EDSA,None,None,"No Accident Factor, No Collision Stated (based on Police Blotter Book), 0.0 drivers_injured, 0.0 drivers_killed, 0.0 passengers_injured, 0.0 passengers_killed, 0.0 pedestrian_injured, 0.0 pedestrian_killed, Fair (Night), EDSA North Road Quezon City",MMDA Road Safety Unit,,7c78b01a-6804-4862-893b-1079686be2ec,2015-10-06,12:30:00,EDSA New York St. Quezon City,0,0,0,0,0,0,0,0,0,0,2015-10-06 20:30,Property,14.61444188,121.0532975,No Collision Stated
None,EDSA,None,None,"No Accident Factor, Hit and Run (No Collision Stated), 0.0 drivers_injured, 0.0 drivers_killed, 0.0 passengers_injured, 0.0 passengers_killed, 0.0 pedestrian_injured, 0.0 pedestrian_killed, Fair (Night), EDSA Ortigas Ave. Quezon City",MMDA Road Safety Unit,,c2060308-4151-4376-b423-39847cba72ce,2015-10-06,10:30:00,EDSA Kamias Road Quezon City,0,0,0,0,0,0,0,0,0,0,2015-10-06 18:30,Property,14.59335253,121.0584107,No Collision Stated
None,EDSA,None,None,"No Accident Factor, Rear-end, 0.0 drivers_injured, 0.0 drivers_killed, 0.0 passengers_injured, 0.0 passengers_killed, 0.0 pedestrian_injured, 0.0 pedestrian_killed, Fair (Day), EDSA Whiteplains Ave. Quezon City",MMDA Road Safety Unit,,c1d33631-b168-485a-8f2c-ef309fcdc904,2015-10-06,09:25:00,EDSA Whiteplains Ave. (Camp Aguinaldo) Quezon City,0,0,0,0,0,0,0,0,0,0,2015-10-06 17:25,Property,14.59961782,121.0596522,Rear-End
None,EDSA,None,None,"No Accident Factor, Side Swipe, 0.0 drivers_injured, 0.0 drivers_killed, 0.0 passengers_injured, 0.0 passengers_killed, 0.0 pedestrian_injured, 0.0 pedestrian_killed, Fair (Day), EDSA New York St. Quezon City",MMDA Road Safety Unit,,4461be41-c9d1-496e-b699-a13c1f065e5f,2015-10-06,04:20:00,EDSA Col. Bonny Serrano Ave. (Camp Aguinaldo) Quezon City,0,0,0,0,0,0,0,0,0,0,2015-10-06 12:20,Property,14.62568514,121.0482307,Side Swipe
None,EDSA,None,None,"No Accident Factor, Rear-end, 0.0 drivers_injured, 0.0 drivers_killed, 0.0 passengers_injured, 0.0 passengers_killed, 0.0 pedestrian_injured, 0.0 pedestrian_killed, Fair (Night), EDSA Santolan MRT Station Quezon City",MMDA Road Safety Unit,,4d52bd50-98ca-47eb-a9dd-9e44646ce913,2015-10-05,11:25:00,"EDSA Landmark, Pag asa Quezon City",0,0,0,0,0,0,0,0,0,0,2015-10-05 19:25,Property,14.60773988,121.0564577,Rear-End
None,EDSA,None,None,"No Accident Factor, No Collision Stated (based on Police Blotter Book), 0.0 drivers_injured, 0.0 drivers_killed, 0.0 passengers_injured, 0.0 passengers_killed, 0.0 pedestrian_injured, 0.0 pedestrian_killed, Fair (Night), EDSA Aurora Blvd. Quezon City",MMDA Road Safety Unit,,e82cf89a-7a18-46da-a03d-99356a47683f,2015-10-05,10:00:00,"EDSA ""U"" turn slot, Katipu Quezon City",0,0,0,0,0,0,0,0,0,0,2015-10-05 18:00,Property,14.62163653,121.0501573,No Collision Stated
None,EDSA,None,None,"No Accident Factor, Angle Impact, 0.0 drivers_injured, 0.0 drivers_killed, 0.0 passengers_injured, 0.0 passengers_killed, 0.0 pedestrian_injured, 0.0 pedestrian_killed, Fair (Day), EDSA P. Tuazon Blvd. Quezon City",MMDA Road Safety Unit,,cb423ea2-6b78-40b4-999d-79368c072315,2015-10-05,07:30:00,"EDSA Corinthian Garden, Ugong Norte Quezon City",0,0,0,0,0,0,0,0,0,0,2015-10-05 15:30,Property,14.61656342,121.0525225,Angle Impact
None,EDSA,None,None,"No Accident Factor, No Collision Stated (based on Police Blotter Book), 0.0 drivers_injured, 0.0 drivers_killed, 0.0 passengers_injured, 0.0 passengers_killed, 0.0 pedestrian_injured, 0.0 pedestrian_killed, Fair (Day), EDSA Dario Bridge Quezon City",MMDA Road Safety Unit,,0d601269-5872-4327-a20f-11e0aeabc469,2015-10-05,03:30:00,EDSA P. Tuazon Blvd. Quezon City,0,0,0,0,0,0,0,0,0,0,2015-10-05 11:30,Property,14.65750874,121.0155818,No Collision Stated
None,EDSA,None,None,"No Accident Factor, No Collision Stated (based on Police Blotter Book), 0.0 drivers_injured, 0.0 drivers_killed, 0.0 passengers_injured, 0.0 passengers_killed, 0.0 pedestrian_injured, 0.0 pedestrian_killed, Fair (Night), EDSA Timog Ave. ""U"" turn slot  Quezon City",MMDA Road Safety Unit,,d3ae0589-aa71-45f7-a3c7-9fc90d154777,2015-10-04,21:30:00,"EDSA Farmers Plaza, Cubao Quezon City",0,0,0,0,0,0,0,0,0,0,2015-10-05 5:30,Property,14.63293559,121.0446304,No Collision Stated
None,EDSA,None,None,"No Accident Factor, No Collision Stated (based on Police Blotter Book), 0.0 drivers_injured, 0.0 drivers_killed, 0.0 passengers_injured, 0.0 passengers_killed, 0.0 pedestrian_injured, 0.0 pedestrian_killed, Fair (Night), EDSA Ramon Magsaysay  Quezon City",MMDA Road Safety Unit,,f4d2d342-1de5-4b42-942a-5a63a853d5fb,2015-10-04,11:30:00,"EDSA Baliwag Liner Bus Terminal, Cubao Quezon City",0,0,0,0,0,0,0,0,0,0,2015-10-04 19:30,Property,14.62774693,121.0471762,No Collision Stated
None,EDSA,None,None,"No Accident Factor, Hit and Run (No Collision Stated), 1.0 drivers_injured, 0.0 drivers_killed, 0.0 passengers_injured, 0.0 passengers_killed, 0.0 pedestrian_injured, 0.0 pedestrian_killed, Fair (Day), EDSA Camp Aguinaldo (Gate 3) Quezon City",MMDA Road Safety Unit,,58bc273e-c573-41d3-8204-7999ff6ec1b4,2015-10-03,22:30:00,EDSA Camp Aguinaldo (Gate 3) Quezon City,0,0,0,1,0,0,0,0,0,1,2015-10-04 6:30,Injury,14.60832492,121.0563666,No Collision Stated
None,EDSA,None,None,"No Accident Factor, Angle Impact, 0.0 drivers_injured, 0.0 drivers_killed, 0.0 passengers_injured, 0.0 passengers_killed, 0.0 pedestrian_injured, 0.0 pedestrian_killed, Fair (Day), EDSA Five Star Bus Terminal, E. Rodriguez Quezon City",MMDA Road Safety Unit,,3c35702a-d8a5-431b-9172-28584debe19f,2015-10-03,09:30:00,EDSA Roosevelt Ave. Quezon City,0,0,0,0,0,0,0,0,0,0,2015-10-03 17:30,Property,14.62375691,121.0492447,Angle Impact
None,EDSA,None,None,"No Accident Factor, Rear-end, 0.0 drivers_injured, 0.0 drivers_killed, 0.0 passengers_injured, 0.0 passengers_killed, 0.0 pedestrian_injured, 0.0 pedestrian_killed, Fair (Day), EDSA Quezon Ave. Quezon City",MMDA Road Safety Unit,,2d3224c7-e6a3-4343-93d5-a65b85844909,2015-10-03,04:05:00,EDSA Gen. McArthur Ave. Quezon City,0,0,0,0,0,0,0,0,0,0,2015-10-03 12:05,Property,14.6442444,121.0375839,Rear-End
None,EDSA,None,None,"No Accident Factor, Rear-end, 0.0 drivers_injured, 0.0 drivers_killed, 0.0 passengers_injured, 0.0 passengers_killed, 0.0 pedestrian_injured, 0.0 pedestrian_killed, Fair (Night), EDSA New York St. Quezon City",MMDA Road Safety Unit,,3e919f09-61fe-4350-a6b5-e0ed51795f08,2015-10-02,13:15:00,EDSA PS-10 Kamuning  Quezon City,0,0,0,0,0,0,0,0,0,0,2015-10-02 21:15,Property,14.62568514,121.0482307,Rear-End
None,EDSA,None,None,"No Accident Factor, No Collision Stated (based on Police Blotter Book), 0.0 drivers_injured, 0.0 drivers_killed, 0.0 passengers_injured, 0.0 passengers_killed, 0.0 pedestrian_injured, 0.0 pedestrian_killed, Fair (Day), EDSA Timog Ave. ""U"" turn slot  Quezon City",MMDA Road Safety Unit,,49c0825d-72a4-4ade-91f4-71956165d6f5,2015-10-02,08:20:00,EDSA Oliveros A. Samson  Quezon City,0,0,0,0,0,0,0,0,0,0,2015-10-02 16:20,Property,14.63293559,121.0446304,No Collision Stated
None,EDSA,None,None,"No Accident Factor, Hit and Run (No Collision Stated), 0.0 drivers_injured, 0.0 drivers_killed, 0.0 passengers_injured, 0.0 passengers_killed, 0.0 pedestrian_injured, 0.0 pedestrian_killed, Fair (Day), EDSA Roosevelt Ave. Quezon City",MMDA Road Safety Unit,,b8bf98ef-172b-479c-9726-94c511ba18b7,2015-10-02,07:00:00,EDSA Timog Ave. Quezon City,0,0,0,0,0,0,0,0,0,0,2015-10-02 15:00,Property,14.65762047,121.0196373,No Collision Stated
None,EDSA,None,None,"No Accident Factor, Side Swipe, 0.0 drivers_injured, 0.0 drivers_killed, 0.0 passengers_injured, 0.0 passengers_killed, 0.0 pedestrian_injured, 0.0 pedestrian_killed, Fair (Day), EDSA Quezon Ave.  Quezon City",MMDA Road Safety Unit,,dd51883e-db37-42e4-a5b4-c964d4ab5f09,2015-10-02,04:45:00,EDSA Quezon Ave.  Quezon City,0,0,0,0,0,0,0,0,0,0,2015-10-02 12:45,Property,14.6442444,121.0375839,Side Swipe
None,EDSA,None,None,"No Accident Factor, No Collision Stated (based on Police Blotter Book), 0.0 drivers_injured, 0.0 drivers_killed, 0.0 passengers_injured, 0.0 passengers_killed, 0.0 pedestrian_injured, 0.0 pedestrian_killed, Fair (Night), EDSA Howmart, A. Samson Quezon City",MMDA Road Safety Unit,,36a7dc9d-4d7e-4b0a-9dde-5cba864d9c58,2015-10-01,21:30:00,EDSA Quezon Ave.  Quezon City,0,0,0,0,0,0,0,0,0,0,2015-10-02 5:30,Property,14.65764415,121.0108224,No Collision Stated
None,EDSA,None,None,"No Accident Factor, No Collision Stated (based on Police Blotter Book), 0.0 drivers_injured, 0.0 drivers_killed, 0.0 passengers_injured, 0.0 passengers_killed, 0.0 pedestrian_injured, 0.0 pedestrian_killed, Fair (Night), EDSA Ermin Garcia St. Quezon City",MMDA Road Safety Unit,,ff57d349-84ed-4852-bf54-6cd79fac7ed8,2015-10-01,21:00:00,EDSA Aurora Blvd. Quezon City,0,0,0,0,0,0,0,0,0,0,2015-10-02 5:00,Property,14.62758814,121.047487,No Collision Stated
None,EDSA,None,None,"No Accident Factor, Rear-end, 0.0 drivers_injured, 0.0 drivers_killed, 0.0 passengers_injured, 0.0 passengers_killed, 0.0 pedestrian_injured, 0.0 pedestrian_killed, Fair (Night), EDSA Corinthian Garden, Ugong Norte Quezon City",MMDA Road Safety Unit,,6345660e-24f1-4881-bc79-3805f4c00c04,2015-10-01,17:05:00,"EDSA ""U"" turn slot, R. Magsaysay Quezon City",0,0,0,0,0,0,0,0,0,0,2015-10-02 1:05,Property,14.59580783,121.0595248,Rear-End
None,EDSA,None,None,"No Accident Factor, Rear-end, 0.0 drivers_injured, 0.0 drivers_killed, 0.0 passengers_injured, 0.0 passengers_killed, 0.0 pedestrian_injured, 0.0 pedestrian_killed, Fair (Night), EDSA Balintawak Market Quezon City",MMDA Road Safety Unit,,77840da9-c789-4b89-9e29-ae516464cc3e,2015-10-01,13:00:00,EDSA Monte De Piedad St. Quezon City,0,0,0,0,0,0,0,0,0,0,2015-10-01 21:00,Property,14.65740947,121.0025737,Rear-End
None,EDSA,None,None,"No Accident Factor, Side Swipe, 0.0 drivers_injured, 0.0 drivers_killed, 0.0 passengers_injured, 0.0 passengers_killed, 0.0 pedestrian_injured, 0.0 pedestrian_killed, Fair (Night), EDSA Baliwag Liner Bus Terminal / 711 Convenience Store, E. Rodriguez Quezon City",MMDA Road Safety Unit,,4869dcfe-aa3e-43bc-8f3c-8d1e733306ac,2015-10-01,12:15:00,EDSA Quezon Ave. Quezon City,0,0,0,0,0,0,0,0,0,0,2015-10-01 20:15,Property,14.6244766,121.0489584,Side Swipe
None,EDSA,None,None,"No Accident Factor, Side Swipe, 0.0 drivers_injured, 0.0 drivers_killed, 0.0 passengers_injured, 0.0 passengers_killed, 0.0 pedestrian_injured, 0.0 pedestrian_killed, Fair (Night), EDSA Balintawak Market Quezon City",MMDA Road Safety Unit,,51413a5a-3bab-446b-be83-43f41c7ca42f,2015-10-01,11:10:00,"EDSA ""U"" turn slot, Bahay Toro Quezon City",0,0,0,0,0,0,0,0,0,0,2015-10-01 19:10,Property,14.65740947,121.0025737,Side Swipe
None,EDSA,None,None,"No Accident Factor, Rear-end, 0.0 drivers_injured, 0.0 drivers_killed, 0.0 passengers_injured, 0.0 passengers_killed, 0.0 pedestrian_injured, 0.0 pedestrian_killed, Fair (Day), EDSA Philam Homes (Gate 1) Quezon City",MMDA Road Safety Unit,,2112fe64-b807-4f34-997c-27efb7ca73c6,2015-10-01,09:25:00,EDSA Trinoma Quezon City,0,0,0,0,0,0,0,0,0,0,2015-10-01 17:25,Property,14.65280875,121.0317622,Rear-End
None,EDSA,None,None,"No Accident Factor, Side Swipe, 0.0 drivers_injured, 0.0 drivers_killed, 0.0 passengers_injured, 0.0 passengers_killed, 0.0 pedestrian_injured, 0.0 pedestrian_killed, Fair (Day), EDSA Timog Ave. Quezon City",MMDA Road Safety Unit,,5b80816e-e337-4ea5-a031-596492323eab,2015-10-01,07:45:00,EDSA New York St. Quezon City,0,0,0,0,0,0,0,0,0,0,2015-10-01 15:45,Property,14.63293559,121.0446304,Side Swipe
None,EDSA,None,None,"No Accident Factor, No Collision Stated (based on Police Blotter Book), 0.0 drivers_injured, 0.0 drivers_killed, 0.0 passengers_injured, 0.0 passengers_killed, 0.0 pedestrian_injured, 0.0 pedestrian_killed, Fair (Day), EDSA ""U"" turn slot, R. Magsaysay Quezon City",MMDA Road Safety Unit,,9623b748-9144-498f-bd9d-e6051efaabf9,2015-10-01,06:30:00,EDSA Scout Borromeo St.  Quezon City,0,0,0,0,0,0,0,0,0,0,2015-10-01 14:30,Property,14.65655357,121.0260701,No Collision Stated
None,EDSA,None,None,"No Accident Factor, Side Swipe, 0.0 drivers_injured, 0.0 drivers_killed, 0.0 passengers_injured, 0.0 passengers_killed, 0.0 pedestrian_injured, 0.0 pedestrian_killed, Fair (Day), EDSA West Ave. Quezon City",MMDA Road Safety Unit,,85ce6eb1-430c-4e29-abe4-9bf3cb2c57ad,2015-10-01,04:15:00,EDSA Congressional Ave. Quezon City,0,0,0,0,0,0,0,0,0,0,2015-10-01 12:15,Property,14.65548924,121.0298079,Side Swipe
None,EDSA,None,None,"No Accident Factor, No Collision Stated (based on Police Blotter Book), 0.0 drivers_injured, 0.0 drivers_killed, 0.0 passengers_injured, 0.0 passengers_killed, 0.0 pedestrian_injured, 0.0 pedestrian_killed, Fair (Day), EDSA Lucena Lines Bus Terminal  Quezon City",MMDA Road Safety Unit,,010466a6-f62e-4f7c-be17-c3775bcd3d91,2015-10-01,03:00:00,EDSA Cloverleaf Road Quezon City,0,0,0,0,0,0,0,0,0,0,2015-10-01 11:00,Property,14.63163168,121.0456734,No Collision Stated
None,EDSA,None,None,"No Accident Factor, Rear-end, 0.0 drivers_injured, 0.0 drivers_killed, 0.0 passengers_injured, 0.0 passengers_killed, 0.0 pedestrian_injured, 0.0 pedestrian_killed, Fair (Day), EDSA PCP 10 Kamuning  Quezon City",MMDA Road Safety Unit,,0dc2d799-deb1-4f75-a8a6-43a529e79179,2015-10-01,02:45:00,"EDSA Santolan MRT Station, Camp Aguinaldo Quezon City",0,0,0,0,0,0,0,0,0,0,2015-10-01 10:45,Property,14.62977614,121.04623,Rear-End
None,EDSA,None,None,"No Accident Factor, Rear-end, 0.0 drivers_injured, 0.0 drivers_killed, 0.0 passengers_injured, 0.0 passengers_killed, 0.0 pedestrian_injured, 0.0 pedestrian_killed, Fair (Day), EDSA Bernardo Park  Quezon City",MMDA Road Safety Unit,,8eee47cc-ff10-46e3-bb72-bbb7a326ed24,2015-10-01,01:30:00,EDSA Aurora Blvd. Quezon City,0,0,0,0,0,0,0,0,0,0,2015-10-01 9:30,Property,14.62896149,121.046597,Rear-End
None,EDSA,None,None,"No Accident Factor, Rear-end, 1.0 drivers_injured, 0.0 drivers_killed, 0.0 passengers_injured, 0.0 passengers_killed, 0.0 pedestrian_injured, 0.0 pedestrian_killed, Fair (Day), EDSA Five Star Bus Terminal, E. Rodriguez Quezon City",MMDA Road Safety Unit,,e5495e16-6b07-4e0d-8656-1f3b48a5636a,2015-10-01,00:30:00,EDSA West Ave. Quezon City,0,0,0,1,0,0,0,0,0,1,2015-10-01 8:30,Injury,14.62375691,121.0492447,Rear-End
None,EDSA,None,None,"No Accident Factor, Rear-end, 0.0 drivers_injured, 0.0 drivers_killed, 0.0 passengers_injured, 0.0 passengers_killed, 0.0 pedestrian_injured, 0.0 pedestrian_killed, Fair (Day), EDSA DLTB Bus Terminal  Quezon City",MMDA Road Safety Unit,,3381573c-4b53-484f-af6d-7ab3545a7ee8,2015-09-30,23:30:00,EDSA Main Ave. Quezon City,0,0,0,0,0,0,0,0,0,0,2015-10-01 7:30,Property,14.62725353,121.0473748,Rear-End