LOCATION_TEXT,ROAD,WEATHER,LIGHT,DESC,REPORTING_AGENCY,MAIN_CAUSE,INCIDENTDETAILS_ID,DATE_UTC,TIME_UTC,ADDRESS,killed_driver,killed_passenger,killed_pedestrian,injured_driver,injured_passenger,injured_pedestrian,killed_uncategorized,injured_uncategorized,killed_total,injured_total,DATETIME_PST,SEVERITY,Y,X,COLLISION_TYPE
None,EDSA,None,None,"No Accident Factor, Side Swipe, 1.0 drivers_injured, 0.0 drivers_killed, 0.0 passengers_injured, 0.0 passengers_killed, 0.0 pedestrian_injured, 0.0 pedestrian_killed, Fair (Night), EDSA Victory Liner Bus Terminal, Pinyahan Quezon City",MMDA Road Safety Unit,,ee404311-8ff2-479c-b5ed-a58c72bcbd42,2015-09-30,19:00:00,EDSA Cloverleaf Road Quezon City,0,0,0,1,0,0,0,0,0,1,2015-10-01 3:00,Injury,14.63209398,121.0454876,Side Swipe
None,EDSA,None,None,"No Accident Factor, No Collision Stated (based on Police Blotter Book), 0.0 drivers_injured, 0.0 drivers_killed, 0.0 passengers_injured, 0.0 passengers_killed, 0.0 pedestrian_injured, 0.0 pedestrian_killed, Fair (Day), EDSA Quezon Ave. Quezon City",MMDA Road Safety Unit,,a74e1879-ed40-4f4a-9199-5a9851a4fa07,2015-09-30,08:00:00,EDSA Balintawak Market Quezon City,0,0,0,0,0,0,0,0,0,0,2015-09-30 16:00,Property,14.6442444,121.0375839,No Collision Stated
None,EDSA,None,None,"No Accident Factor, No Collision Stated (based on Police Blotter Book), 0.0 drivers_injured, 0.0 drivers_killed, 0.0 passengers_injured, 0.0 passengers_killed, 0.0 pedestrian_injured, 0.0 pedestrian_killed, Fair (Day), EDSA ""U"" turn slot, Bagong Pag-asa Quezon City",MMDA Road Safety Unit,,b33fee78-6282-45b7-a1ce-2f29d21bee12,2015-09-30,07:00:00,EDSA Arayat St. Quezon City,0,0,0,0,0,0,0,0,0,0,2015-09-30 15:00,Property,14.65652754,121.0260743,No Collision Stated
None,EDSA,None,None,"No Accident Factor, Rear-end, 0.0 drivers_injured, 0.0 drivers_killed, 0.0 passengers_injured, 0.0 passengers_killed, 0.0 pedestrian_injured, 0.0 pedestrian_killed, Fair (Day), EDSA Timog Ave. & Kamuning Quezon City",MMDA Road Safety Unit,,e4c10b2b-f4a0-4b2d-b918-a5cf0453d721,2015-09-30,07:00:00,EDSA Arayat St. Quezon City,0,0,0,0,0,0,0,0,0,0,2015-09-30 15:00,Property,14.63293559,121.0446304,Rear-End
None,EDSA,None,None,"No Accident Factor, Rear-end, 0.0 drivers_injured, 0.0 drivers_killed, 0.0 passengers_injured, 0.0 passengers_killed, 0.0 pedestrian_injured, 0.0 pedestrian_killed, Fair (Day), EDSA Home Depot, Katipu Quezon City",MMDA Road Safety Unit,,873241d4-5c81-47a5-b2af-2b99048dfad4,2015-09-30,06:45:00,"EDSA SM North, Pag asa Quezon City",0,0,0,0,0,0,0,0,0,0,2015-09-30 14:45,Property,14.65776197,121.0132202,Rear-End
None,EDSA,None,None,"No Accident Factor, Side Swipe, 0.0 drivers_injured, 0.0 drivers_killed, 0.0 passengers_injured, 0.0 passengers_killed, 0.0 pedestrian_injured, 0.0 pedestrian_killed, Fair (Day), EDSA Kaingin Road Quezon City",MMDA Road Safety Unit,,0f0e74a0-def6-4690-b100-00cdd72f34cd,2015-09-30,05:00:00,EDSA Main Ave. Quezon City,0,0,0,0,0,0,0,0,0,0,2015-09-30 13:00,Property,14.65746493,121.0109963,Side Swipe
None,EDSA,None,None,"No Accident Factor, Rear-end, 0.0 drivers_injured, 0.0 drivers_killed, 0.0 passengers_injured, 0.0 passengers_killed, 0.0 pedestrian_injured, 0.0 pedestrian_killed, Fair (Day), EDSA East Ave. Quezon City",MMDA Road Safety Unit,,162599da-1f74-49a3-90f8-d4c10d57ce22,2015-09-30,04:50:00,"EDSA Superlines Bus Terminal, E. Rodriguez Quezon City",0,0,0,0,0,0,0,0,0,0,2015-09-30 12:50,Property,14.6328297,121.0451176,Rear-End
None,EDSA,None,None,"No Accident Factor, Side Swipe, 0.0 drivers_injured, 0.0 drivers_killed, 0.0 passengers_injured, 0.0 passengers_killed, 0.0 pedestrian_injured, 0.0 pedestrian_killed, Fair (Day), EDSA ""U"" turn slot, Santolan Road Quezon City",MMDA Road Safety Unit,,f4d63777-d88e-4221-a609-356533e9b0cd,2015-09-30,01:50:00,EDSA Aurora Blvd. Quezon City,0,0,0,0,0,0,0,0,0,0,2015-09-30 9:50,Property,14.61042385,121.0553144,Side Swipe
None,EDSA,None,None,"No Accident Factor, Side Swipe, 0.0 drivers_injured, 0.0 drivers_killed, 0.0 passengers_injured, 0.0 passengers_killed, 0.0 pedestrian_injured, 0.0 pedestrian_killed, Fair (Day), EDSA Aurora Blvd. Quezon City",MMDA Road Safety Unit,,08c01283-8232-40d0-8301-d64a01b38166,2015-09-29,23:00:00,"EDSA Corinthian Garden, Whiteplains Quezon City",0,0,0,0,0,0,0,0,0,0,2015-09-30 7:00,Property,14.62163653,121.0501573,Side Swipe
None,EDSA,None,None,"No Accident Factor, No Collision Stated (based on Police Blotter Book), 0.0 drivers_injured, 0.0 drivers_killed, 0.0 passengers_injured, 0.0 passengers_killed, 0.0 pedestrian_injured, 0.0 pedestrian_killed, Fair (Night), EDSA ""U"" turn slot, Kamuning Road Quezon City",MMDA Road Safety Unit,,080a1921-e057-459c-8fa3-167307222dd3,2015-09-29,14:30:00,EDSA East Ave. Quezon City,0,0,0,0,0,0,0,0,0,0,2015-09-29 22:30,Property,14.63181767,121.0453279,No Collision Stated
None,EDSA,None,None,"No Accident Factor, Side Swipe, 0.0 drivers_injured, 0.0 drivers_killed, 0.0 passengers_injured, 0.0 passengers_killed, 0.0 pedestrian_injured, 0.0 pedestrian_killed, Fair (Night), EDSA NIA Road Quezon City",MMDA Road Safety Unit,,275448c8-5e92-4f71-8843-ccfd42572b77,2015-09-29,12:00:00,EDSA Puregold Balintawak  Quezon City,0,0,0,0,0,0,0,0,0,0,2015-09-29 20:00,Property,14.63727823,121.0421362,Side Swipe
None,EDSA,None,None,"No Accident Factor, No Collision Stated (based on Police Blotter Book), 0.0 drivers_injured, 0.0 drivers_killed, 0.0 passengers_injured, 0.0 passengers_killed, 0.0 pedestrian_injured, 0.0 pedestrian_killed, Fair (Night), EDSA ""U"" turn slot, SM North (Annex) Quezon City",MMDA Road Safety Unit,,9fd30a66-02f4-4b9b-a80c-15ae2d73c3b6,2015-09-29,11:25:00,EDSA Roosevelt Ave. Quezon City,0,0,0,0,0,0,0,0,0,0,2015-09-29 19:25,Property,14.65632137,121.0266327,No Collision Stated
None,EDSA,None,None,"No Accident Factor, No Collision Stated (based on Police Blotter Book), 0.0 drivers_injured, 0.0 drivers_killed, 0.0 passengers_injured, 0.0 passengers_killed, 0.0 pedestrian_injured, 0.0 pedestrian_killed, Fair (Day), EDSA Cloverleaf Road Quezon City",MMDA Road Safety Unit,,61354dbf-427a-4ca8-8d06-70eaf0fa1f5b,2015-09-29,07:20:00,"EDSA Corinthian Garden, Ugong Norte Quezon City",0,0,0,0,0,0,0,0,0,0,2015-09-29 15:20,Property,14.65747901,121.0011914,No Collision Stated
None,EDSA,None,None,"No Accident Factor, Hit and Run (No Collision Stated), 0.0 drivers_injured, 0.0 drivers_killed, 0.0 passengers_injured, 0.0 passengers_killed, 0.0 pedestrian_injured, 0.0 pedestrian_killed, Fair (Day), EDSA ""U"" turn slot, Quezon Ave. Quezon City",MMDA Road Safety Unit,,b2fd763e-41db-4578-b606-375dfa991a4f,2015-09-29,06:00:00,EDSA Congressional Ave. Quezon City,0,0,0,0,0,0,0,0,0,0,2015-09-29 14:00,Property,14.64518409,121.0368843,No Collision Stated
None,EDSA,None,None,"No Accident Factor, No Collision Stated (based on Police Blotter Book), 0.0 drivers_injured, 0.0 drivers_killed, 0.0 passengers_injured, 0.0 passengers_killed, 0.0 pedestrian_injured, 0.0 pedestrian_killed, Fair (Day), EDSA Dario Bridge, Bahay Toro Quezon City",MMDA Road Safety Unit,,404817a6-551a-4d13-ae21-a9f8584b99d9,2015-09-29,01:25:00,EDSA P. Tuazon Blvd. Quezon City,0,0,0,0,0,0,0,0,0,0,2015-09-29 9:25,Property,14.65750874,121.0155818,No Collision Stated
None,EDSA,None,None,"No Accident Factor, Rear-end, 0.0 drivers_injured, 0.0 drivers_killed, 0.0 passengers_injured, 0.0 passengers_killed, 0.0 pedestrian_injured, 0.0 pedestrian_killed, Fair (Night), EDSA Monte De Piedad St. Quezon City",MMDA Road Safety Unit,,71b7a7f8-6732-43f0-b68b-2e02ba0058cd,2015-09-28,21:50:00,EDSA Timog Ave. Quezon City,0,0,0,0,0,0,0,0,0,0,2015-09-29 5:50,Property,14.62346937,121.0491711,Rear-End
None,EDSA,None,None,"No Accident Factor, Side Swipe, 0.0 drivers_injured, 0.0 drivers_killed, 0.0 passengers_injured, 0.0 passengers_killed, 0.0 pedestrian_injured, 0.0 pedestrian_killed, Fair (Night), EDSA Aurora Blvd. Quezon City",MMDA Road Safety Unit,,5e4dee9b-ed9c-4538-935d-01333b925179,2015-09-28,15:55:00,EDSA Quezon Ave. Quezon City,0,0,0,0,0,0,0,0,0,0,2015-09-28 23:55,Property,14.62163653,121.0501573,Side Swipe
None,EDSA,None,None,"No Accident Factor, No Collision Stated (based on Police Blotter Book), 0.0 drivers_injured, 0.0 drivers_killed, 0.0 passengers_injured, 0.0 passengers_killed, 0.0 pedestrian_injured, 0.0 pedestrian_killed, Fair (Night), EDSA Trinoma, Bagong Pag asa Quezon City",MMDA Road Safety Unit,,90e411d6-353b-449d-9b69-b61d5abf2179,2015-09-28,11:00:00,"EDSA Kamias Road (Jolllibee), West Kamias Quezon City",0,0,0,0,0,0,0,0,0,0,2015-09-28 19:00,Property,14.65242607,121.0323133,No Collision Stated
None,EDSA,None,None,"No Accident Factor, Side Swipe, 0.0 drivers_injured, 0.0 drivers_killed, 0.0 passengers_injured, 0.0 passengers_killed, 0.0 pedestrian_injured, 0.0 pedestrian_killed, Fair (Night), EDSA Five Star Bus Terminal, E. Rodriguez Quezon City",MMDA Road Safety Unit,,564e3c4c-82d0-42bb-8ba2-b2f1076bbab7,2015-09-27,15:20:00,EDSA East Ave. Quezon City,0,0,0,0,0,0,0,0,0,0,2015-09-27 23:20,Property,14.62375691,121.0492447,Side Swipe
None,EDSA,None,None,"No Accident Factor, Angle Impact, 0.0 drivers_injured, 0.0 drivers_killed, 0.0 passengers_injured, 0.0 passengers_killed, 0.0 pedestrian_injured, 0.0 pedestrian_killed, Fair (Day), EDSA Five Star Bus Terminal, E. Rodriguez Quezon City",MMDA Road Safety Unit,,ae33d2d2-5637-4195-a28c-b4e694f2f3b7,2015-09-27,07:30:00,EDSA Ortigas Ave. Quezon City,0,0,0,0,0,0,0,0,0,0,2015-09-27 15:30,Property,14.62375691,121.0492447,Angle Impact
None,EDSA,None,None,"No Accident Factor, Rear-end, 0.0 drivers_injured, 0.0 drivers_killed, 0.0 passengers_injured, 0.0 passengers_killed, 0.0 pedestrian_injured, 0.0 pedestrian_killed, Fair (Day), EDSA Kaingin Road Quezon City",MMDA Road Safety Unit,,f2e7c670-2f75-4464-ab71-5395ab50ee42,2015-09-27,07:00:00,EDSA New York St. Quezon City,0,0,0,0,0,0,0,0,0,0,2015-09-27 15:00,Property,14.65746493,121.0109963,Rear-End
None,EDSA,None,None,"No Accident Factor, Hit and Run (No Collision Stated), 0.0 drivers_injured, 0.0 drivers_killed, 0.0 passengers_injured, 0.0 passengers_killed, 0.0 pedestrian_injured, 0.0 pedestrian_killed, Fair (Night), EDSA Nepa Q-Mart Quezon City",MMDA Road Safety Unit,,687bccd6-3ccc-429f-b47b-3c5106f59dd2,2015-09-26,16:30:00,EDSA Cloverleaf Quezon City,0,0,0,0,0,0,0,0,0,0,2015-09-27 0:30,Property,14.62805361,121.0472521,No Collision Stated
None,EDSA,None,None,"No Accident Factor, No Collision Stated (based on Police Blotter Book), 0.0 drivers_injured, 0.0 drivers_killed, 0.0 passengers_injured, 0.0 passengers_killed, 0.0 pedestrian_injured, 0.0 pedestrian_killed, Fair (Night), EDSA ""U"" turn slot, Kamuning Road Quezon City",MMDA Road Safety Unit,,5b9588b4-aa33-4216-85b2-9c58a1dd4c1e,2015-09-26,12:55:00,"EDSA SM North, Pag asa Quezon City",0,0,0,0,0,0,0,0,0,0,2015-09-26 20:55,Property,14.63181767,121.0453279,No Collision Stated
None,EDSA,None,None,"No Accident Factor, No Collision Stated (based on Police Blotter Book), 0.0 drivers_injured, 0.0 drivers_killed, 0.0 passengers_injured, 0.0 passengers_killed, 0.0 pedestrian_injured, 0.0 pedestrian_killed, Fair (Night), EDSA Baliwag Liner Bus Terminal Quezon City",MMDA Road Safety Unit,,65dcc021-1df2-4410-8d99-26bcfe7eb413,2015-09-26,10:30:00,EDSA P. Bernardo St. Quezon City,0,0,0,0,0,0,0,0,0,0,2015-09-26 18:30,Property,14.6244766,121.0489584,No Collision Stated
None,EDSA,None,None,"No Accident Factor, No Collision Stated (based on Police Blotter Book), 0.0 drivers_injured, 0.0 drivers_killed, 0.0 passengers_injured, 0.0 passengers_killed, 0.0 pedestrian_injured, 0.0 pedestrian_killed, Fair (Day), EDSA Timog Ave. Quezon City",MMDA Road Safety Unit,,790dd6f3-6537-4714-bb17-447efcb37e75,2015-09-26,05:30:00,EDSA Waltermart Exit  Quezon City,0,0,0,0,0,0,0,0,0,0,2015-09-26 13:30,Property,14.63293559,121.0446304,No Collision Stated
None,EDSA,None,None,"No Accident Factor, No Collision Stated (based on Police Blotter Book), 0.0 drivers_injured, 0.0 drivers_killed, 0.0 passengers_injured, 0.0 passengers_killed, 0.0 pedestrian_injured, 0.0 pedestrian_killed, Fair (Day), EDSA P. Tuazon Blvd. Quezon City",MMDA Road Safety Unit,,be3200c9-73c9-42f0-9dee-6adc167b6407,2015-09-26,03:55:00,EDSA Waltermart Quezon City,0,0,0,0,0,0,0,0,0,0,2015-09-26 11:55,Property,14.61656342,121.0525225,No Collision Stated
None,EDSA,None,None,"No Accident Factor, No Collision Stated (based on Police Blotter Book), 0.0 drivers_injured, 0.0 drivers_killed, 0.0 passengers_injured, 0.0 passengers_killed, 0.0 pedestrian_injured, 0.0 pedestrian_killed, Fair (Day), EDSA East Ave. Quezon City",MMDA Road Safety Unit,,5dc2bc3f-6b11-4484-817b-b05d7c61e7ec,2015-09-26,02:00:00,EDSA Monte De Piedad St. Quezon City,0,0,0,0,0,0,0,0,0,0,2015-09-26 10:00,Property,14.6328297,121.0451176,No Collision Stated
None,EDSA,None,None,"No Accident Factor, Rear-end, 0.0 drivers_injured, 0.0 drivers_killed, 0.0 passengers_injured, 0.0 passengers_killed, 0.0 pedestrian_injured, 0.0 pedestrian_killed, Fair (Day), EDSA Roosevelt Ave.  Quezon City",MMDA Road Safety Unit,,f170e562-4583-4246-af38-567316a940b6,2015-09-25,02:45:00,EDSA Jam Liner Bus Terminal Quezon City,0,0,0,0,0,0,0,0,0,0,2015-09-25 10:45,Property,14.65762047,121.0196373,Rear-End
None,EDSA,None,None,"No Accident Factor, No Collision Stated (based on Police Blotter Book), 1.0 drivers_injured, 0.0 drivers_killed, 0.0 passengers_injured, 0.0 passengers_killed, 0.0 pedestrian_injured, 0.0 pedestrian_killed, Fair (Day), EDSA MRT-GMA Kamuning Station, Pinyahan Quezon City",MMDA Road Safety Unit,,a23834be-ec2e-419a-94af-cf2d8163ac44,2015-09-25,01:20:00,EDSA Ermin Garcia St. Quezon City,0,0,0,1,0,0,0,0,0,1,2015-09-25 9:20,Injury,14.63506067,121.043428,No Collision Stated
None,EDSA,None,None,"No Accident Factor, Rear-end, 0.0 drivers_injured, 0.0 drivers_killed, 0.0 passengers_injured, 0.0 passengers_killed, 0.0 pedestrian_injured, 0.0 pedestrian_killed, Fair (Night), EDSA NIA Road Quezon City",MMDA Road Safety Unit,,dc2a05c2-5d5a-4d59-85a0-9659d6cc6922,2015-09-24,14:00:00,EDSA Arayat St. Quezon City,0,0,0,0,0,0,0,0,0,0,2015-09-24 22:00,Property,14.63727823,121.0421362,Rear-End
None,EDSA,None,None,"No Accident Factor, Rear-end, 0.0 drivers_injured, 0.0 drivers_killed, 0.0 passengers_injured, 0.0 passengers_killed, 0.0 pedestrian_injured, 0.0 pedestrian_killed, Fair (Day), EDSA West Ave. Quezon City",MMDA Road Safety Unit,,c83205fd-56d5-41cc-8d96-888d9685bbff,2015-09-24,06:40:00,EDSA Timog Ave. Quezon City,0,0,0,0,0,0,0,0,0,0,2015-09-24 14:40,Property,14.65548924,121.0298079,Rear-End
None,EDSA,None,None,"No Accident Factor, Side Swipe, 0.0 drivers_injured, 0.0 drivers_killed, 0.0 passengers_injured, 0.0 passengers_killed, 0.0 pedestrian_injured, 0.0 pedestrian_killed, Fair (Night), EDSA P. Tuazon Blvd. Quezon City",MMDA Road Safety Unit,,5b07efdd-bb48-4634-9cef-dc009422fb9f,2015-09-23,12:45:00,EDSA P. Tuazon Blvd. Quezon City,0,0,0,0,0,0,0,0,0,0,2015-09-23 20:45,Property,14.61656342,121.0525225,Side Swipe
None,EDSA,None,None,"No Accident Factor, No Collision Stated (based on Police Blotter Book), 0.0 drivers_injured, 0.0 drivers_killed, 0.0 passengers_injured, 0.0 passengers_killed, 0.0 pedestrian_injured, 0.0 pedestrian_killed, Fair (Day), EDSA ""U"" turn slot, R. Magsaysay Quezon City",MMDA Road Safety Unit,,5c6b4e32-425f-4689-86fa-ed5b0c76ca69,2015-09-23,08:30:00,EDSA Quezon Ave.    Quezon City,0,0,0,0,0,0,0,0,0,0,2015-09-23 16:30,Property,14.65655357,121.0260701,No Collision Stated
None,EDSA,None,None,"No Accident Factor, Angle Impact, 0.0 drivers_injured, 0.0 drivers_killed, 0.0 passengers_injured, 0.0 passengers_killed, 0.0 pedestrian_injured, 0.0 pedestrian_killed, Fair (Day), EDSA Ortigas Ave. Quezon City",MMDA Road Safety Unit,,44aecdb2-265f-4b99-b341-90b1cabc94a4,2015-09-23,07:20:00,EDSA Cloverleaf Quezon City,0,0,0,0,0,0,0,0,0,0,2015-09-23 15:20,Property,14.59335253,121.0584107,Angle Impact
None,EDSA,None,None,"No Accident Factor, Side Swipe, 0.0 drivers_injured, 0.0 drivers_killed, 0.0 passengers_injured, 0.0 passengers_killed, 0.0 pedestrian_injured, 0.0 pedestrian_killed, Fair (Day), EDSA Cloverleaf Road Quezon City",MMDA Road Safety Unit,,984c4b96-258b-41c9-a316-0138e8eee471,2015-09-23,03:25:00,EDSA New York St. Quezon City,0,0,0,0,0,0,0,0,0,0,2015-09-23 11:25,Property,14.65747901,121.0011914,Side Swipe
None,EDSA,None,None,"No Accident Factor, Rear-end, 0.0 drivers_injured, 0.0 drivers_killed, 0.0 passengers_injured, 0.0 passengers_killed, 0.0 pedestrian_injured, 0.0 pedestrian_killed, Fair (Day), EDSA ""U"" turn slot, Santolan Road Quezon City",MMDA Road Safety Unit,,6f894330-f813-4b0c-91f2-d0521cf13851,2015-09-23,00:45:00,EDSA Cloverleaf Quezon City,0,0,0,0,0,0,0,0,0,0,2015-09-23 8:45,Property,14.61042385,121.0553144,Rear-End
None,EDSA,None,None,"No Accident Factor, No Collision Stated (based on Police Blotter Book), 0.0 drivers_injured, 0.0 drivers_killed, 0.0 passengers_injured, 0.0 passengers_killed, 0.0 pedestrian_injured, 0.0 pedestrian_killed, Fair (Day), EDSA ""U"" turn slot, Bagong Pag-asa Quezon City",MMDA Road Safety Unit,,19ca433c-5fb4-4edb-8506-5b66f64455dd,2015-09-22,23:05:00,EDSA Congressional Ave. Quezon City,0,0,0,0,0,0,0,0,0,0,2015-09-23 7:05,Property,14.65652754,121.0260743,No Collision Stated
None,EDSA,None,None,"No Accident Factor, No Collision Stated (based on Police Blotter Book), 0.0 drivers_injured, 0.0 drivers_killed, 0.0 passengers_injured, 0.0 passengers_killed, 0.0 pedestrian_injured, 0.0 pedestrian_killed, Fair (Night), EDSA Central Quezon City",MMDA Road Safety Unit,,03fff277-6786-4275-b906-e8c1606c5fe4,2015-09-22,21:45:00,EDSA K-3rd St.  Quezon City,0,0,0,0,0,0,0,0,0,0,2015-09-23 5:45,Property,14.64319461,121.0382822,No Collision Stated
None,EDSA,None,None,"No Accident Factor, No Collision Stated (based on Police Blotter Book), 0.0 drivers_injured, 0.0 drivers_killed, 0.0 passengers_injured, 0.0 passengers_killed, 0.0 pedestrian_injured, 0.0 pedestrian_killed, Fair (Night), EDSA Corregidor St. Quezon City",MMDA Road Safety Unit,,f87bd141-1137-4cf1-835d-833febe2906f,2015-09-22,14:45:00,EDSA Main Ave. Quezon City,0,0,0,0,0,0,0,0,0,0,2015-09-22 22:45,Property,14.65707679,121.0241648,No Collision Stated
None,EDSA,None,None,"No Accident Factor, Rear-end, 0.0 drivers_injured, 0.0 drivers_killed, 0.0 passengers_injured, 0.0 passengers_killed, 0.0 pedestrian_injured, 0.0 pedestrian_killed, Fair (Night), EDSA Kamuning Road Quezon City",MMDA Road Safety Unit,,feddd714-54e5-47ae-8b00-f953227bcb00,2015-09-22,14:00:00,EDSA Roosevelt Ave. Quezon City,0,0,0,0,0,0,0,0,0,0,2015-09-22 22:00,Property,14.63075725,121.0457548,Rear-End
None,EDSA,None,None,"No Accident Factor, Rear-end, 0.0 drivers_injured, 0.0 drivers_killed, 0.0 passengers_injured, 0.0 passengers_killed, 0.0 pedestrian_injured, 0.0 pedestrian_killed, Fair (Night), EDSA ""U"" turn slot, Timog Quezon City",MMDA Road Safety Unit,,3b64fa5d-fdc6-4f31-860a-3942db6800e3,2015-09-22,12:00:00,EDSA Puregold Balingasa Quezon City,0,0,0,0,0,0,0,0,0,0,2015-09-22 20:00,Property,14.63183035,121.0454138,Rear-End
None,EDSA,None,None,"No Accident Factor, No Collision Stated (based on Police Blotter Book), 0.0 drivers_injured, 0.0 drivers_killed, 0.0 passengers_injured, 0.0 passengers_killed, 0.0 pedestrian_injured, 0.0 pedestrian_killed, Fair (Day), EDSA Aurora Blvd. Quezon City",MMDA Road Safety Unit,,127e53ba-15bd-4bdc-9d73-3ec4e06b1f83,2015-09-22,07:30:00,EDSA Roosevelt Ave. Quezon City,0,0,0,0,0,0,0,0,0,0,2015-09-22 15:30,Property,14.62163653,121.0501573,No Collision Stated
None,EDSA,None,None,"No Accident Factor, Side Swipe, 0.0 drivers_injured, 0.0 drivers_killed, 0.0 passengers_injured, 0.0 passengers_killed, 0.0 pedestrian_injured, 0.0 pedestrian_killed, Fair (Night), EDSA Genesis Bus Terminal, E. Rodriguez Quezon City",MMDA Road Safety Unit,,566f2723-6f96-4377-881d-2ca1d3b8b9ab,2015-09-21,11:50:00,EDSA Quezon Ave.  Quezon City,0,0,0,0,0,0,0,0,0,0,2015-09-21 19:50,Property,14.6256048,121.0483444,Side Swipe
None,EDSA,None,None,"No Accident Factor, Rear-end, 0.0 drivers_injured, 0.0 drivers_killed, 0.0 passengers_injured, 0.0 passengers_killed, 0.0 pedestrian_injured, 0.0 pedestrian_killed, Fair (Day), EDSA Ortigas Ave. Quezon City",MMDA Road Safety Unit,,38cf6aba-2ee2-4d72-869a-b825d4adcb1d,2015-09-21,09:50:00,EDSA Balintawak Market Quezon City,0,0,0,0,0,0,0,0,0,0,2015-09-21 17:50,Property,14.59335253,121.0584107,Rear-End
None,EDSA,None,None,"No Accident Factor, Angle Impact, 0.0 drivers_injured, 0.0 drivers_killed, 0.0 passengers_injured, 0.0 passengers_killed, 0.0 pedestrian_injured, 0.0 pedestrian_killed, Fair (Day), EDSA East Ave. Quezon City",MMDA Road Safety Unit,,972f567c-7fc4-4a3a-89e9-8868960c056a,2015-09-21,05:45:00,"EDSA P. Tuazon Blvd., Socorro Quezon City",0,0,0,0,0,0,0,0,0,0,2015-09-21 13:45,Property,14.6328297,121.0451176,Angle Impact
None,EDSA,None,None,"No Accident Factor, No Collision Stated (based on Police Blotter Book), 0.0 drivers_injured, 0.0 drivers_killed, 0.0 passengers_injured, 0.0 passengers_killed, 0.0 pedestrian_injured, 0.0 pedestrian_killed, Fair (Day), EDSA Kamias Road Quezon City",MMDA Road Safety Unit,,dd88064d-f623-46b6-8386-9ccdb2af714d,2015-09-21,04:45:00,EDSA Ermin Garcia St. Quezon City,0,0,0,0,0,0,0,0,0,0,2015-09-21 12:45,Property,14.6309142,121.0459376,No Collision Stated
None,EDSA,None,None,"No Accident Factor, Rear-end, 0.0 drivers_injured, 0.0 drivers_killed, 0.0 passengers_injured, 0.0 passengers_killed, 0.0 pedestrian_injured, 0.0 pedestrian_killed, Fair (Day), EDSA Bansalangin St. Quezon City",MMDA Road Safety Unit,,8e118b7d-8e73-42dd-9c56-8848aa55820a,2015-09-21,00:55:00,EDSA Timog Ave. (SB)  Quezon City,0,0,0,0,0,0,0,0,0,0,2015-09-21 8:55,Property,14.6567996,121.0241845,Rear-End
None,EDSA,None,None,"No Accident Factor, No Collision Stated (based on Police Blotter Book), 0.0 drivers_injured, 0.0 drivers_killed, 0.0 passengers_injured, 0.0 passengers_killed, 0.0 pedestrian_injured, 0.0 pedestrian_killed, Fair (Day), EDSA Col. Bonny Serrano Ave. Quezon City",MMDA Road Safety Unit,,36b54182-80b8-4341-b0f8-6509a8aac160,2015-09-21,00:20:00,EDSA Waltermart Veterans Quezon City,0,0,0,0,0,0,0,0,0,0,2015-09-21 8:20,Property,14.61107337,121.0550705,No Collision Stated
None,EDSA,None,None,"No Accident Factor, No Collision Stated (based on Police Blotter Book), 0.0 drivers_injured, 0.0 drivers_killed, 0.0 passengers_injured, 0.0 passengers_killed, 0.0 pedestrian_injured, 0.0 pedestrian_killed, Fair (Day), EDSA Whiteplains Ave. Quezon City",MMDA Road Safety Unit,,f4d13c8e-d373-4140-95b8-611c0ca6326d,2015-09-20,23:45:00,EDSA Scout Borromeo St.  Quezon City,0,0,0,0,0,0,0,0,0,0,2015-09-21 7:45,Property,14.59961782,121.0596522,No Collision Stated
None,EDSA,None,None,"No Accident Factor, Hit Object (No Object Stated), 0.0 drivers_injured, 0.0 drivers_killed, 0.0 passengers_injured, 0.0 passengers_killed, 0.0 pedestrian_injured, 0.0 pedestrian_killed, Fair (Night), EDSA Balintawak Market Quezon City",MMDA Road Safety Unit,,e8b50bc3-3155-48ed-a540-47f6fa725ca8,2015-09-20,20:45:00,"EDSA Centris Mall, Pinyahan Quezon City",0,0,0,0,0,0,0,0,0,0,2015-09-21 4:45,Property,14.65740947,121.0025737,Hit Object
None,EDSA,None,None,"No Accident Factor, No Collision Stated (based on Police Blotter Book), 1.0 drivers_injured, 0.0 drivers_killed, 0.0 passengers_injured, 0.0 passengers_killed, 0.0 pedestrian_injured, 0.0 pedestrian_killed, Fair (Night), EDSA A. Samson  Quezon City",MMDA Road Safety Unit,,9bfd3f92-ef3e-47d9-a5f2-8f1bc3f42274,2015-09-20,20:30:00,"EDSA Corinthian Garden, Ugong Norte Quezon City",0,0,0,1,0,0,0,0,0,1,2015-09-21 4:30,Injury,14.65731173,121.0011071,No Collision Stated
None,EDSA,None,None,"No Accident Factor, No Collision Stated (based on Police Blotter Book), 0.0 drivers_injured, 0.0 drivers_killed, 0.0 passengers_injured, 0.0 passengers_killed, 0.0 pedestrian_injured, 0.0 pedestrian_killed, Fair (Night), EDSA Ermin Garcia St. Quezon City",MMDA Road Safety Unit,,bec7c12e-d53f-4597-b1e6-ed8679ea39a8,2015-09-20,19:30:00,EDSA Whiteplains Ave. Quezon City,0,0,0,0,0,0,0,0,0,0,2015-09-21 3:30,Property,14.62758814,121.047487,No Collision Stated