LOCATION_TEXT,ROAD,WEATHER,LIGHT,DESC,REPORTING_AGENCY,MAIN_CAUSE,INCIDENTDETAILS_ID,DATE_UTC,TIME_UTC,ADDRESS,killed_driver,killed_passenger,killed_pedestrian,injured_driver,injured_passenger,injured_pedestrian,killed_uncategorized,injured_uncategorized,killed_total,injured_total,DATETIME_PST,SEVERITY,Y,X,COLLISION_TYPE
None,EDSA,None,None,"No Accident Factor, No Collision Stated (based on Police Blotter Book), 0.0 drivers_injured, 0.0 drivers_killed, 0.0 passengers_injured, 0.0 passengers_killed, 0.0 pedestrian_injured, 0.0 pedestrian_killed, Fair (Night), EDSA Whiteplains Ave. Quezon City",MMDA Road Safety Unit,,a6c410dd-c21f-4525-9405-f1f9606aed19,2015-09-20,11:30:00,EDSA Bansalangin St. Quezon City,0,0,0,0,0,0,0,0,0,0,2015-09-20 19:30,Property,14.59961782,121.0596522,No Collision Stated
None,EDSA,None,None,"No Accident Factor, Angle Impact, 0.0 drivers_injured, 0.0 drivers_killed, 3.0 passengers_injured, 0.0 passengers_killed, 0.0 pedestrian_injured, 0.0 pedestrian_killed, Fair (Night), EDSA East Ave. Quezon City",MMDA Road Safety Unit,,4516033d-aa9e-454e-b584-9fd2f7d5eb4e,2015-09-20,10:30:00,EDSA Panay Ave. Quezon City,0,0,0,0,3,0,0,0,0,3,2015-09-20 18:30,Injury,14.6328297,121.0451176,Angle Impact
None,EDSA,None,None,"No Accident Factor, Rear-end, 0.0 drivers_injured, 0.0 drivers_killed, 0.0 passengers_injured, 0.0 passengers_killed, 0.0 pedestrian_injured, 0.0 pedestrian_killed, Fair (Day), EDSA DLTB Bus Terminal Quezon City",MMDA Road Safety Unit,,1edb03b9-23b3-4f94-8828-eb4605a1fd40,2015-09-20,05:25:00,EDSA P. Tuazon Blvd. Quezon City,0,0,0,0,0,0,0,0,0,0,2015-09-20 13:25,Property,14.62725353,121.0473748,Rear-End
None,EDSA,None,None,"No Accident Factor, No Collision Stated (based on Police Blotter Book), 0.0 drivers_injured, 0.0 drivers_killed, 0.0 passengers_injured, 0.0 passengers_killed, 0.0 pedestrian_injured, 0.0 pedestrian_killed, Fair (Day), EDSA Waltermart Quezon City",MMDA Road Safety Unit,,d8935633-29fe-4246-82af-c021816222df,2015-09-20,04:45:00,EDSA Panay Ave. Quezon City,0,0,0,0,0,0,0,0,0,0,2015-09-20 12:45,Property,14.6574558,121.0213579,No Collision Stated
None,EDSA,None,None,"No Accident Factor, Side Swipe, 0.0 drivers_injured, 0.0 drivers_killed, 0.0 passengers_injured, 0.0 passengers_killed, 0.0 pedestrian_injured, 0.0 pedestrian_killed, Fair (Night), EDSA Philam Homes Quezon City",MMDA Road Safety Unit,,84c8a294-438e-4c85-866b-db03d8fa61d6,2015-09-19,11:30:00,"EDSA Corinthian Garden, Ugong Norte Quezon City",0,0,0,0,0,0,0,0,0,0,2015-09-19 19:30,Property,14.65280875,121.0317622,Side Swipe
None,EDSA,None,None,"No Accident Factor, Rear-end, 0.0 drivers_injured, 0.0 drivers_killed, 0.0 passengers_injured, 0.0 passengers_killed, 0.0 pedestrian_injured, 0.0 pedestrian_killed, Fair (Day), EDSA Cloverleaf Road Quezon City",MMDA Road Safety Unit,,ebd6ea0b-2877-4586-bb6f-9c5b4c8b1c4e,2015-09-19,08:05:00,EDSA Kamias Road Quezon City,0,0,0,0,0,0,0,0,0,0,2015-09-19 16:05,Property,14.65747901,121.0011914,Rear-End
None,EDSA,None,None,"No Accident Factor, Side Swipe, 0.0 drivers_injured, 0.0 drivers_killed, 0.0 passengers_injured, 0.0 passengers_killed, 0.0 pedestrian_injured, 0.0 pedestrian_killed, Fair (Day), EDSA Wilcon Depot  Quezon City",MMDA Road Safety Unit,,ffe69e62-e884-4493-889c-b9b70078c292,2015-09-19,07:00:00,EDSA Mapagmahal St.  Quezon City,0,0,0,0,0,0,0,0,0,0,2015-09-19 15:00,Property,14.65756689,121.0097372,Side Swipe
None,EDSA,None,None,"No Accident Factor, Side Swipe, 0.0 drivers_injured, 0.0 drivers_killed, 0.0 passengers_injured, 0.0 passengers_killed, 0.0 pedestrian_injured, 0.0 pedestrian_killed, Fair (Day), EDSA Col. Bonny Serrano Ave. Quezon City",MMDA Road Safety Unit,,fbc7439b-fa8c-487c-95c6-3897ca39fcec,2015-09-19,05:00:00,EDSA Roosevelt Ave. Quezon City,0,0,0,0,0,0,0,0,0,0,2015-09-19 13:00,Property,14.61107337,121.0550705,Side Swipe
None,EDSA,None,None,"No Accident Factor, Side Swipe, 0.0 drivers_injured, 0.0 drivers_killed, 0.0 passengers_injured, 0.0 passengers_killed, 0.0 pedestrian_injured, 0.0 pedestrian_killed, Fair (Night), EDSA Aurora Blvd. Quezon City",MMDA Road Safety Unit,,776871f7-25bc-44c0-9c82-abbab786f044,2015-09-18,14:30:00,EDSA Cloverleaf Road Quezon City,0,0,0,0,0,0,0,0,0,0,2015-09-18 22:30,Property,14.62163653,121.0501573,Side Swipe
None,EDSA,None,None,"No Accident Factor, Rear-end, 0.0 drivers_injured, 0.0 drivers_killed, 0.0 passengers_injured, 0.0 passengers_killed, 0.0 pedestrian_injured, 0.0 pedestrian_killed, Fair (Day), EDSA Santolan MRT Station, Camp Aguinaldo  Quezon City",MMDA Road Safety Unit,,8bcc54d0-0396-4438-ac70-afca21697fbb,2015-09-18,06:30:00,EDSA Kamias Road Quezon City,0,0,0,0,0,0,0,0,0,0,2015-09-18 14:30,Property,14.60773988,121.0564577,Rear-End
None,EDSA,None,None,"No Accident Factor, No Collision Stated (based on Police Blotter Book), 0.0 drivers_injured, 0.0 drivers_killed, 0.0 passengers_injured, 0.0 passengers_killed, 0.0 pedestrian_injured, 0.0 pedestrian_killed, Fair (Day), EDSA P. Tuazon Blvd. Quezon City",MMDA Road Safety Unit,,a387dcc3-6efd-4a84-86e0-7a54ce714aaa,2015-09-18,06:00:00,EDSA Timog Ave. Quezon City,0,0,0,0,0,0,0,0,0,0,2015-09-18 14:00,Property,14.61656342,121.0525225,No Collision Stated
None,EDSA,None,None,"No Accident Factor, Side Swipe, 0.0 drivers_injured, 0.0 drivers_killed, 0.0 passengers_injured, 0.0 passengers_killed, 0.0 pedestrian_injured, 0.0 pedestrian_killed, Fair (Day), EDSA East Ave. Quezon City",MMDA Road Safety Unit,,f7d649b4-b042-4352-80f4-d8e9544ceff9,2015-09-18,01:30:00,EDSA Bansalangin St. Quezon City,0,0,0,0,0,0,0,0,0,0,2015-09-18 9:30,Property,14.6328297,121.0451176,Side Swipe
None,EDSA,None,None,"No Accident Factor, No Collision Stated (based on Police Blotter Book), 0.0 drivers_injured, 0.0 drivers_killed, 0.0 passengers_injured, 0.0 passengers_killed, 0.0 pedestrian_injured, 0.0 pedestrian_killed, Fair (Day), EDSA Five Star Bus Terminal Quezon City",MMDA Road Safety Unit,,da938cae-80a4-4c49-9429-84ce0eb71471,2015-09-18,00:00:00,"EDSA Robinsons Galleria, Ugong Norte Quezon City",0,0,0,0,0,0,0,0,0,0,2015-09-18 8:00,Property,14.62375691,121.0492447,No Collision Stated
None,EDSA,None,None,"No Accident Factor, No Collision Stated (based on Police Blotter Book), 0.0 drivers_injured, 0.0 drivers_killed, 0.0 passengers_injured, 0.0 passengers_killed, 0.0 pedestrian_injured, 0.0 pedestrian_killed, Fair (Day), EDSA Centris Mall, Pinyahan Quezon City",MMDA Road Safety Unit,,116b5870-5b3c-42f9-af7b-93a9d4157544,2015-09-17,09:50:00,EDSA Aurora Blvd. Quezon City,0,0,0,0,0,0,0,0,0,0,2015-09-17 17:50,Property,14.64255755,121.038725,No Collision Stated
None,EDSA,None,None,"No Accident Factor, Rear-end, 0.0 drivers_injured, 0.0 drivers_killed, 0.0 passengers_injured, 0.0 passengers_killed, 0.0 pedestrian_injured, 0.0 pedestrian_killed, Fair (Day), EDSA Philam Homes Quezon City",MMDA Road Safety Unit,,59077468-03fe-4308-bc1c-6d8d51867902,2015-09-17,04:15:00,EDSA Kamuning Road Quezon City,0,0,0,0,0,0,0,0,0,0,2015-09-17 12:15,Property,14.65280875,121.0317622,Rear-End
None,EDSA,None,None,"No Accident Factor, Side Swipe, 0.0 drivers_injured, 0.0 drivers_killed, 0.0 passengers_injured, 0.0 passengers_killed, 0.0 pedestrian_injured, 0.0 pedestrian_killed, Fair (Day), EDSA Aurora Blvd. Quezon City",MMDA Road Safety Unit,,3530930b-f0df-47b5-b043-164ceeeab4f3,2015-09-16,08:15:00,"EDSA East Ave., Pinyahan Quezon City",0,0,0,0,0,0,0,0,0,0,2015-09-16 16:15,Property,14.62163653,121.0501573,Side Swipe
None,EDSA,None,None,"No Accident Factor, No Collision Stated (based on Police Blotter Book), 0.0 drivers_injured, 0.0 drivers_killed, 0.0 passengers_injured, 0.0 passengers_killed, 0.0 pedestrian_injured, 0.0 pedestrian_killed, Fair (Day), EDSA Quezon Ave. Quezon City",MMDA Road Safety Unit,,001a826b-3035-42b3-a4d1-f8389d6369de,2015-09-16,01:20:00,EDSA Waltermart Quezon City,0,0,0,0,0,0,0,0,0,0,2015-09-16 9:20,Property,14.6442444,121.0375839,No Collision Stated
None,EDSA,None,None,"No Accident Factor, Rear-end, 0.0 drivers_injured, 0.0 drivers_killed, 0.0 passengers_injured, 0.0 passengers_killed, 0.0 pedestrian_injured, 0.0 pedestrian_killed, Fair (Day), EDSA Santolan MRT Station, Socorro Quezon City",MMDA Road Safety Unit,,99caf0a2-faeb-4b6a-a723-f344851cd9a6,2015-09-16,00:30:00,EDSA Whiteplains Ave. Quezon City,0,0,0,0,0,0,0,0,0,0,2015-09-16 8:30,Property,14.60773988,121.0564577,Rear-End
None,EDSA,None,None,"No Accident Factor, Hit and Run (No Collision Stated), 0.0 drivers_injured, 0.0 drivers_killed, 0.0 passengers_injured, 0.0 passengers_killed, 0.0 pedestrian_injured, 0.0 pedestrian_killed, Fair (Day), EDSA P. Tuazon Blvd. Quezon City",MMDA Road Safety Unit,,b0a78b61-2aeb-4ccb-aad8-3abd07c467c5,2015-09-15,23:45:00,EDSA P. Tuazon Blvd. Quezon City,0,0,0,0,0,0,0,0,0,0,2015-09-16 7:45,Property,14.61656342,121.0525225,No Collision Stated
None,EDSA,None,None,"No Accident Factor, No Collision Stated (based on Police Blotter Book), 0.0 drivers_injured, 0.0 drivers_killed, 0.0 passengers_injured, 0.0 passengers_killed, 0.0 pedestrian_injured, 0.0 pedestrian_killed, Fair (Night), EDSA Quezon Ave. Quezon City",MMDA Road Safety Unit,,fabeb0fb-80ce-4c25-954f-733d67de1d7b,2015-09-15,12:30:00,EDSA P. Tuazon Blvd. Quezon City,0,0,0,0,0,0,0,0,0,0,2015-09-15 20:30,Property,14.6442444,121.0375839,No Collision Stated
None,EDSA,None,None,"No Accident Factor, Side Swipe, 0.0 drivers_injured, 0.0 drivers_killed, 0.0 passengers_injured, 0.0 passengers_killed, 0.0 pedestrian_injured, 0.0 pedestrian_killed, Fair (Night), EDSA Santolan MRT Station, Camp Aguinaldo  Quezon City",MMDA Road Safety Unit,,aca43c57-7ee0-4dd3-8e7f-8f52681bcda0,2015-09-15,10:30:00,EDSA Quezon Ave.  Quezon City,0,0,0,0,0,0,0,0,0,0,2015-09-15 18:30,Property,14.60773988,121.0564577,Side Swipe
None,EDSA,None,None,"No Accident Factor, Side Swipe, 0.0 drivers_injured, 0.0 drivers_killed, 0.0 passengers_injured, 0.0 passengers_killed, 0.0 pedestrian_injured, 0.0 pedestrian_killed, Fair (Day), EDSA Quezon Ave. ""U"" turn slot  Quezon City",MMDA Road Safety Unit,,9f051904-84c9-49ee-aebf-2211ddcdace9,2015-09-15,09:00:00,EDSA Cloverleaf Road Quezon City,0,0,0,0,0,0,0,0,0,0,2015-09-15 17:00,Property,14.64518998,121.0368683,Side Swipe
None,EDSA,None,None,"No Accident Factor, Side Swipe, 0.0 drivers_injured, 0.0 drivers_killed, 0.0 passengers_injured, 0.0 passengers_killed, 0.0 pedestrian_injured, 0.0 pedestrian_killed, Fair (Day), EDSA Mayor Ignacio St.  Quezon City",MMDA Road Safety Unit,,b8563ae2-dd59-439b-ae7c-7089ac091bb3,2015-09-15,06:00:00,"EDSA White Plains, Ugong Norte Quezon City",0,0,0,0,0,0,0,0,0,0,2015-09-15 14:00,Property,14.61785258,121.0515682,Side Swipe
None,EDSA,None,None,"No Accident Factor, Side Swipe, 0.0 drivers_injured, 0.0 drivers_killed, 0.0 passengers_injured, 0.0 passengers_killed, 0.0 pedestrian_injured, 0.0 pedestrian_killed, Fair (Day), EDSA Scout Borromeo St.  Quezon City",MMDA Road Safety Unit,,f7b2a3a1-cfa2-4b7b-82c3-da72bb1b31a7,2015-09-15,02:15:00,EDSA Camp Aguinaldo (Gate 3) Quezon City,0,0,0,0,0,0,0,0,0,0,2015-09-15 10:15,Property,14.63715712,121.0419507,Side Swipe
None,EDSA,None,None,"No Accident Factor, Rear-end, 0.0 drivers_injured, 0.0 drivers_killed, 0.0 passengers_injured, 0.0 passengers_killed, 0.0 pedestrian_injured, 0.0 pedestrian_killed, Fair (Day), EDSA North Road Quezon City",MMDA Road Safety Unit,,45104280-922c-4a30-8c9f-6ade0e3fc96b,2015-09-15,01:00:00,EDSA Monte De Piedad St. Quezon City,0,0,0,0,0,0,0,0,0,0,2015-09-15 9:00,Property,14.61444188,121.0532975,Rear-End
None,EDSA,None,None,"No Accident Factor, No Collision Stated (based on Police Blotter Book), 0.0 drivers_injured, 0.0 drivers_killed, 0.0 passengers_injured, 0.0 passengers_killed, 0.0 pedestrian_injured, 0.0 pedestrian_killed, Fair (Night), EDSA Scout Borromeo St.  Quezon City",MMDA Road Safety Unit,,ee10ba8e-cf7c-4f06-8b5e-dc3cfa5e5406,2015-09-14,20:50:00,EDSA Philam Quezon City,0,0,0,0,0,0,0,0,0,0,2015-09-15 4:50,Property,14.63715712,121.0419507,No Collision Stated
None,EDSA,None,None,"No Accident Factor, No Collision Stated (based on Police Blotter Book), 0.0 drivers_injured, 0.0 drivers_killed, 0.0 passengers_injured, 0.0 passengers_killed, 0.0 pedestrian_injured, 0.0 pedestrian_killed, Fair (Night), EDSA Quezon Ave. Quezon City",MMDA Road Safety Unit,,ff82913d-a375-430e-93b4-851c937176ba,2015-09-14,13:20:00,EDSA Balintawak Market Quezon City,0,0,0,0,0,0,0,0,0,0,2015-09-14 21:20,Property,14.6442444,121.0375839,No Collision Stated
None,EDSA,None,None,"No Accident Factor, No Collision Stated (based on Police Blotter Book), 0.0 drivers_injured, 0.0 drivers_killed, 0.0 passengers_injured, 0.0 passengers_killed, 0.0 pedestrian_injured, 0.0 pedestrian_killed, Fair (Night), EDSA ""U"" turn slot, Bagong Pag-asa Quezon City",MMDA Road Safety Unit,,73c0575a-d507-4438-8100-77476d86ab26,2015-09-14,12:00:00,EDSA Balintawak Market Quezon City,0,0,0,0,0,0,0,0,0,0,2015-09-14 20:00,Property,14.65652754,121.0260743,No Collision Stated
None,EDSA,None,None,"No Accident Factor, Rear-end, 0.0 drivers_injured, 0.0 drivers_killed, 0.0 passengers_injured, 0.0 passengers_killed, 0.0 pedestrian_injured, 0.0 pedestrian_killed, Fair (Night), EDSA West Ave. Quezon City",MMDA Road Safety Unit,,6bcfb9f6-4098-462c-b3b4-f4c5950b849a,2015-09-14,11:35:00,EDSA Mindanao Ave. Exit Quezon City,0,0,0,0,0,0,0,0,0,0,2015-09-14 19:35,Property,14.65548924,121.0298079,Rear-End
None,EDSA,None,None,"No Accident Factor, No Collision Stated (based on Police Blotter Book), 0.0 drivers_injured, 0.0 drivers_killed, 0.0 passengers_injured, 0.0 passengers_killed, 0.0 pedestrian_injured, 0.0 pedestrian_killed, Fair (Day), EDSA P. Tuazon Blvd. Quezon City",MMDA Road Safety Unit,,bbd0cbcb-58c7-4e97-b66e-f4efae2de4f5,2015-09-14,09:45:00,EDSA Cloverleaf Road Quezon City,0,0,0,0,0,0,0,0,0,0,2015-09-14 17:45,Property,14.61656342,121.0525225,No Collision Stated
None,EDSA,None,None,"No Accident Factor, No Collision Stated (based on Police Blotter Book), 0.0 drivers_injured, 0.0 drivers_killed, 0.0 passengers_injured, 0.0 passengers_killed, 0.0 pedestrian_injured, 0.0 pedestrian_killed, Fair (Day), EDSA West Ave. Quezon City",MMDA Road Safety Unit,,cb311ac6-cdb0-451c-aeb7-be3e65d74cf3,2015-09-14,09:45:00,EDSA East Ave. Quezon City,0,0,0,0,0,0,0,0,0,0,2015-09-14 17:45,Property,14.65548924,121.0298079,No Collision Stated
None,EDSA,None,None,"No Accident Factor, Side Swipe, 0.0 drivers_injured, 0.0 drivers_killed, 0.0 passengers_injured, 0.0 passengers_killed, 0.0 pedestrian_injured, 0.0 pedestrian_killed, Fair (Day), EDSA Dario Bridge  Quezon City",MMDA Road Safety Unit,,9a848ce7-46a3-43bb-8426-8d13ba0ec8c4,2015-09-14,08:45:00,EDSA Balintawak Market Quezon City,0,0,0,0,0,0,0,0,0,0,2015-09-14 16:45,Property,14.65750874,121.0155818,Side Swipe
None,EDSA,None,None,"No Accident Factor, No Collision Stated (based on Police Blotter Book), 0.0 drivers_injured, 0.0 drivers_killed, 0.0 passengers_injured, 0.0 passengers_killed, 0.0 pedestrian_injured, 0.0 pedestrian_killed, Fair (Day), EDSA Ramon Magsaysay Quezon City",MMDA Road Safety Unit,,ca78bcf6-3ac5-4df4-b668-03defa0049f3,2015-09-14,06:15:00,EDSA Quezon Ave. Quezon City,0,0,0,0,0,0,0,0,0,0,2015-09-14 14:15,Property,14.62774693,121.0471762,No Collision Stated
None,EDSA,None,None,"No Accident Factor, Side Swipe, 0.0 drivers_injured, 0.0 drivers_killed, 0.0 passengers_injured, 0.0 passengers_killed, 0.0 pedestrian_injured, 0.0 pedestrian_killed, Fair (Day), EDSA P. Tuazon Blvd. Quezon City",MMDA Road Safety Unit,,e068d098-b466-4b81-91c2-e07df2c55aa9,2015-09-14,01:00:00,"EDSA EDSA Shrine Church, Ugong Norte Quezon City",0,0,0,0,0,0,0,0,0,0,2015-09-14 9:00,Property,14.61656342,121.0525225,Side Swipe
None,EDSA,None,None,"No Accident Factor, No Collision Stated (based on Police Blotter Book), 0.0 drivers_injured, 0.0 drivers_killed, 0.0 passengers_injured, 0.0 passengers_killed, 0.0 pedestrian_injured, 0.0 pedestrian_killed, Fair (Day), EDSA Santolan MRT Station  Quezon City",MMDA Road Safety Unit,,a7c702e1-0945-4569-801b-0f2cb4c31956,2015-09-13,23:35:00,"EDSA Gen. McArthur Ave., Socorro Quezon City",0,0,0,0,0,0,0,0,0,0,2015-09-14 7:35,Property,14.60773988,121.0564577,No Collision Stated
None,EDSA,None,None,"No Accident Factor, No Collision Stated (based on Police Blotter Book), 0.0 drivers_injured, 0.0 drivers_killed, 0.0 passengers_injured, 0.0 passengers_killed, 0.0 pedestrian_injured, 0.0 pedestrian_killed, Fair (Day), EDSA Ortigas Ave. Quezon City",MMDA Road Safety Unit,,6f4467a2-922a-45ed-bd01-dd7ac6dbc07a,2015-09-13,23:30:00,"EDSA Corinthian Garden, Ugong Norte Quezon City",0,0,0,0,0,0,0,0,0,0,2015-09-14 7:30,Property,14.59335253,121.0584107,No Collision Stated
None,EDSA,None,None,"No Accident Factor, Side Swipe, 0.0 drivers_injured, 0.0 drivers_killed, 0.0 passengers_injured, 0.0 passengers_killed, 0.0 pedestrian_injured, 0.0 pedestrian_killed, Fair (Night), EDSA Roosevelt Ave. Quezon City",MMDA Road Safety Unit,,a5d92fbd-2127-411a-abff-51255dba1f98,2015-09-13,21:30:00,EDSA Monte De Piedad St. Quezon City,0,0,0,0,0,0,0,0,0,0,2015-09-14 5:30,Property,14.65762047,121.0196373,Side Swipe
None,EDSA,None,None,"No Accident Factor, Side Swipe, 0.0 drivers_injured, 0.0 drivers_killed, 0.0 passengers_injured, 0.0 passengers_killed, 0.0 pedestrian_injured, 0.0 pedestrian_killed, Fair (Night), EDSA East Ave. Quezon City",MMDA Road Safety Unit,,e6ce1967-337e-4cfe-aa89-e8c2ce81ef59,2015-09-13,12:25:00,"EDSA MRT Santolan, Camp Aguinaldo Quezon City",0,0,0,0,0,0,0,0,0,0,2015-09-13 20:25,Property,14.6328297,121.0451176,Side Swipe
None,EDSA,None,None,"No Accident Factor, Side Swipe, 0.0 drivers_injured, 0.0 drivers_killed, 0.0 passengers_injured, 0.0 passengers_killed, 0.0 pedestrian_injured, 0.0 pedestrian_killed, Fair (Day), EDSA P. Tuazon Blvd. Quezon City",MMDA Road Safety Unit,,2e58b422-28c2-4978-a9bc-2ca1ddc7ba89,2015-09-13,09:25:00,EDSA Balintawak Market Quezon City,0,0,0,0,0,0,0,0,0,0,2015-09-13 17:25,Property,14.61656342,121.0525225,Side Swipe
None,EDSA,None,None,"No Accident Factor, Rear-end, 0.0 drivers_injured, 0.0 drivers_killed, 0.0 passengers_injured, 0.0 passengers_killed, 0.0 pedestrian_injured, 0.0 pedestrian_killed, Fair (Day), EDSA Cloverleaf Road Quezon City",MMDA Road Safety Unit,,f0fc96b7-bd97-4548-bf2a-495c1dc25e1f,2015-09-13,02:25:00,"EDSA Robinson Galleria exit Gate, Ugong Norte Quezon City",0,0,0,0,0,0,0,0,0,0,2015-09-13 10:25,Property,14.65747901,121.0011914,Rear-End
None,EDSA,None,None,"No Accident Factor, Hit and Run (No Collision Stated), 0.0 drivers_injured, 0.0 drivers_killed, 0.0 passengers_injured, 0.0 passengers_killed, 0.0 pedestrian_injured, 0.0 pedestrian_killed, Fair (Day), EDSA Col. Bonny Serrano Ave. Quezon City",MMDA Road Safety Unit,,248c6cf4-c690-48ab-a755-763732ca4411,2015-09-13,00:50:00,EDSA Aurora Blvd. Quezon City,0,0,0,0,0,0,0,0,0,0,2015-09-13 8:50,Property,14.61107337,121.0550705,No Collision Stated
None,EDSA,None,None,"No Accident Factor, Side Swipe, 0.0 drivers_injured, 0.0 drivers_killed, 0.0 passengers_injured, 0.0 passengers_killed, 0.0 pedestrian_injured, 0.0 pedestrian_killed, Fair (Night), EDSA West Ave. Quezon City",MMDA Road Safety Unit,,e09c2cb0-84c5-45ac-9b77-e569d540da9e,2015-09-12,11:30:00,EDSA Dagupan Liner Bus Terminal  Quezon City,0,0,0,0,0,0,0,0,0,0,2015-09-12 19:30,Property,14.65548924,121.0298079,Side Swipe
None,EDSA,None,None,"No Accident Factor, Rear-end, 0.0 drivers_injured, 0.0 drivers_killed, 0.0 passengers_injured, 0.0 passengers_killed, 0.0 pedestrian_injured, 0.0 pedestrian_killed, Fair (Day), EDSA Guzent, Katipu Quezon City",MMDA Road Safety Unit,,94f7f957-0710-4b0e-9cfc-98293effe121,2015-09-12,08:00:00,EDSA Santolan     Quezon City,0,0,0,0,0,0,0,0,0,0,2015-09-12 16:00,Property,14.65744346,121.0139061,Rear-End
None,EDSA,None,None,"No Accident Factor, Multiple Collision, 0.0 drivers_injured, 0.0 drivers_killed, 1.0 passengers_injured, 0.0 passengers_killed, 0.0 pedestrian_injured, 0.0 pedestrian_killed, Fair (Day), EDSA Farmers Plaza, Cubao Quezon City",MMDA Road Safety Unit,,ec7b8c75-a838-4f45-b272-50ea63599ce7,2015-09-12,06:15:00,EDSA Quezon Ave. Quezon City,0,0,0,0,1,0,0,0,0,1,2015-09-12 14:15,Injury,14.61920525,121.0513476,Multiple
None,EDSA,None,None,"No Accident Factor, No Collision Stated (based on Police Blotter Book), 0.0 drivers_injured, 0.0 drivers_killed, 0.0 passengers_injured, 0.0 passengers_killed, 0.0 pedestrian_injured, 0.0 pedestrian_killed, Fair (Day), EDSA Timog Ave. Quezon City",MMDA Road Safety Unit,,f33c9ee8-2125-49b0-81d0-2a128ddd9236,2015-09-12,04:00:00,EDSA Misamis St. Quezon City,0,0,0,0,0,0,0,0,0,0,2015-09-12 12:00,Property,14.63293559,121.0446304,No Collision Stated
None,EDSA,None,None,"No Accident Factor, Side Swipe, 0.0 drivers_injured, 0.0 drivers_killed, 0.0 passengers_injured, 0.0 passengers_killed, 0.0 pedestrian_injured, 0.0 pedestrian_killed, Fair (Day), EDSA Balintawak Market Quezon City",MMDA Road Safety Unit,,db64d800-1bc9-4a2b-a319-4d45e6667876,2015-09-12,03:55:00,EDSA P. Tuazon Blvd. Quezon City,0,0,0,0,0,0,0,0,0,0,2015-09-12 11:55,Property,14.65740947,121.0025737,Side Swipe
None,EDSA,None,None,"No Accident Factor, No Collision Stated (based on Police Blotter Book), 0.0 drivers_injured, 0.0 drivers_killed, 0.0 passengers_injured, 0.0 passengers_killed, 0.0 pedestrian_injured, 0.0 pedestrian_killed, Fair (Day), EDSA Puregold Balingasa Quezon City",MMDA Road Safety Unit,,84e091a1-adc8-408a-8e1f-b11409908713,2015-09-12,03:00:00,EDSA Ermin Garcia St. Quezon City,0,0,0,0,0,0,0,0,0,0,2015-09-12 11:00,Property,14.65739538,121.0046638,No Collision Stated
None,EDSA,None,None,"No Accident Factor, Side Swipe, 0.0 drivers_injured, 0.0 drivers_killed, 0.0 passengers_injured, 0.0 passengers_killed, 0.0 pedestrian_injured, 0.0 pedestrian_killed, Fair (Day), EDSA Main Ave. (Shell Gas Station, Socorro) Quezon City",MMDA Road Safety Unit,,55657a5c-6568-44b1-bb20-f3ffac491f72,2015-09-12,00:30:00,EDSA Kamias Road Quezon City,0,0,0,0,0,0,0,0,0,0,2015-09-12 8:30,Property,14.61376458,121.0537933,Side Swipe
None,EDSA,None,None,"No Accident Factor, Rear-end, 0.0 drivers_injured, 0.0 drivers_killed, 0.0 passengers_injured, 0.0 passengers_killed, 0.0 pedestrian_injured, 0.0 pedestrian_killed, Fair (Day), EDSA Nepa Q-Mart, West Kamias Quezon City",MMDA Road Safety Unit,,06aca328-db09-4b32-a06a-939ef8f17f93,2015-09-12,00:10:00,EDSA Ortigas Ave. Quezon City,0,0,0,0,0,0,0,0,0,0,2015-09-12 8:10,Property,14.62805361,121.0472521,Rear-End
None,EDSA,None,None,"No Accident Factor, Side Swipe, 0.0 drivers_injured, 0.0 drivers_killed, 0.0 passengers_injured, 0.0 passengers_killed, 0.0 pedestrian_injured, 0.0 pedestrian_killed, Fair (Night), EDSA West Ave. Quezon City",MMDA Road Safety Unit,,bb5d9578-c8e3-4a3e-b7fc-5e0e35ff9534,2015-09-11,12:00:00,EDSA SM North Quezon City,0,0,0,0,0,0,0,0,0,0,2015-09-11 20:00,Property,14.65548924,121.0298079,Side Swipe
None,EDSA,None,None,"No Accident Factor, Head-on, 0.0 drivers_injured, 0.0 drivers_killed, 0.0 passengers_injured, 0.0 passengers_killed, 0.0 pedestrian_injured, 0.0 pedestrian_killed, Fair (Night), EDSA Ortigas Ave. Quezon City",MMDA Road Safety Unit,,29521a6c-8175-42d0-b70f-754d42bb9064,2015-09-11,10:25:00,EDSA K-3rd St. Quezon City,0,0,0,0,0,0,0,0,0,0,2015-09-11 18:25,Property,14.59335253,121.0584107,Head-On
None,EDSA,None,None,"No Accident Factor, No Collision Stated (based on Police Blotter Book), 0.0 drivers_injured, 0.0 drivers_killed, 0.0 passengers_injured, 0.0 passengers_killed, 0.0 pedestrian_injured, 0.0 pedestrian_killed, Fair (Day), EDSA Camp Aguinaldo (Gate 2) Quezon City",MMDA Road Safety Unit,,dac2ab83-9ed8-47af-b239-fadda3bd7efe,2015-09-11,05:30:00,EDSA Quezon Ave. Quezon City,0,0,0,0,0,0,0,0,0,0,2015-09-11 13:30,Property,14.6098829,121.0556752,No Collision Stated