LOCATION_TEXT,ROAD,WEATHER,LIGHT,DESC,REPORTING_AGENCY,MAIN_CAUSE,INCIDENTDETAILS_ID,DATE_UTC,TIME_UTC,ADDRESS,killed_driver,killed_passenger,killed_pedestrian,injured_driver,injured_passenger,injured_pedestrian,killed_uncategorized,injured_uncategorized,killed_total,injured_total,DATETIME_PST,SEVERITY,Y,X,COLLISION_TYPE
None,EDSA,None,None,"No Accident Factor, Rear-end, 0.0 drivers_injured, 0.0 drivers_killed, 0.0 passengers_injured, 0.0 passengers_killed, 0.0 pedestrian_injured, 0.0 pedestrian_killed, Fair (Day), EDSA Quezon Ave. Quezon City",MMDA Road Safety Unit,,b3045132-76f9-4e18-98fc-27e3523da0bc,2015-09-11,04:50:00,EDSA P. Bernardo St. Quezon City,0,0,0,0,0,0,0,0,0,0,2015-09-11 12:50,Property,14.6442444,121.0375839,Rear-End
None,EDSA,None,None,"No Accident Factor, Rear-end, 0.0 drivers_injured, 0.0 drivers_killed, 0.0 passengers_injured, 0.0 passengers_killed, 0.0 pedestrian_injured, 0.0 pedestrian_killed, Fair (Day), EDSA Liberty Ave. Quezon City",MMDA Road Safety Unit,,cd506910-ddb4-44e8-8c01-49d424290c3c,2015-09-11,04:00:00,"EDSA Corinthian Garden, Ugong Norte Quezon City",0,0,0,0,0,0,0,0,0,0,2015-09-11 12:00,Property,14.61201463,121.0547211,Rear-End
None,EDSA,None,None,"No Accident Factor, No Collision Stated (based on Police Blotter Book), 0.0 drivers_injured, 0.0 drivers_killed, 0.0 passengers_injured, 0.0 passengers_killed, 0.0 pedestrian_injured, 0.0 pedestrian_killed, Fair (Day), EDSA Ortigas Ave. Quezon City",MMDA Road Safety Unit,,e81771e2-1b93-47ec-9c98-b55ead5b587d,2015-09-11,03:40:00,"EDSA Santolan MRT Station, Camp Aguinaldo Quezon City",0,0,0,0,0,0,0,0,0,0,2015-09-11 11:40,Property,14.59335253,121.0584107,No Collision Stated
None,EDSA,None,None,"No Accident Factor, Side Swipe, 0.0 drivers_injured, 0.0 drivers_killed, 0.0 passengers_injured, 0.0 passengers_killed, 0.0 pedestrian_injured, 0.0 pedestrian_killed, Fair (Day), EDSA MRT Santolan      Quezon City",MMDA Road Safety Unit,,5c162726-2ef1-4cd8-9b08-1f8020dea8dc,2015-09-10,23:30:00,EDSA Quezon Ave. Quezon City,0,0,0,0,0,0,0,0,0,0,2015-09-11 7:30,Property,14.60758562,121.0564529,Side Swipe
None,EDSA,None,None,"No Accident Factor, No Collision Stated (based on Police Blotter Book), 0.0 drivers_injured, 0.0 drivers_killed, 0.0 passengers_injured, 0.0 passengers_killed, 0.0 pedestrian_injured, 0.0 pedestrian_killed, Fair (Day), EDSA ""U"" turn slot, Bahay Toro Quezon City",MMDA Road Safety Unit,,77a7bedf-c942-4fcc-b276-a9b93bc0781e,2015-09-10,22:50:00,EDSA Aurora Blvd. Quezon City,0,0,0,0,0,0,0,0,0,0,2015-09-11 6:50,Property,14.65767102,121.0162795,No Collision Stated
None,EDSA,None,None,"No Accident Factor, No Collision Stated (based on Police Blotter Book), 1.0 drivers_injured, 0.0 drivers_killed, 1.0 passengers_injured, 0.0 passengers_killed, 0.0 pedestrian_injured, 0.0 pedestrian_killed, Fair (Night), EDSA Scout Borromeo St.  Quezon City",MMDA Road Safety Unit,,7b7b61c1-20fa-4e8f-a35d-712867ae3e66,2015-09-10,21:00:00,EDSA Balintawak Market Quezon City,0,0,0,1,1,0,0,0,0,2,2015-09-11 5:00,Injury,14.63715712,121.0419507,No Collision Stated
None,EDSA,None,None,"No Accident Factor, Multiple Collision, 0.0 drivers_injured, 0.0 drivers_killed, 11.0 passengers_injured, 0.0 passengers_killed, 0.0 pedestrian_injured, 0.0 pedestrian_killed, Fair (Night), EDSA Five Star Bus Terminal, Cubao Quezon City",MMDA Road Safety Unit,,764d519b-977e-4db3-b903-1eaa991a613a,2015-09-10,14:05:00,EDSA Camp Aguinaldo Quezon City,0,0,0,0,11,0,0,0,0,11,2015-09-10 22:05,Injury,14.62375691,121.0492447,Multiple
None,EDSA,None,None,"No Accident Factor, Side Swipe, 0.0 drivers_injured, 0.0 drivers_killed, 0.0 passengers_injured, 0.0 passengers_killed, 0.0 pedestrian_injured, 0.0 pedestrian_killed, Fair (Night), EDSA Col. Bonny Serrano Ave. Quezon City",MMDA Road Safety Unit,,45acfb50-1815-4848-8258-de2186302b67,2015-09-10,11:40:00,EDSA Balintawak Market Quezon City,0,0,0,0,0,0,0,0,0,0,2015-09-10 19:40,Property,14.61107337,121.0550705,Side Swipe
None,EDSA,None,None,"No Accident Factor, No Collision Stated (based on Police Blotter Book), 0.0 drivers_injured, 0.0 drivers_killed, 0.0 passengers_injured, 0.0 passengers_killed, 0.0 pedestrian_injured, 0.0 pedestrian_killed, Fair (Night), EDSA ""U"" turn slot, Bagong Lipu  Quezon City",MMDA Road Safety Unit,,1b95ab28-d6a7-4062-906d-0191fe656e58,2015-09-10,11:00:00,EDSA P. Tuazon Blvd. Quezon City,0,0,0,0,0,0,0,0,0,0,2015-09-10 19:00,Property,14.61048868,121.0552033,No Collision Stated
None,EDSA,None,None,"No Accident Factor, Side Swipe, 0.0 drivers_injured, 0.0 drivers_killed, 0.0 passengers_injured, 0.0 passengers_killed, 0.0 pedestrian_injured, 0.0 pedestrian_killed, Fair (Night), EDSA P. Tuazon Blvd. Quezon City",MMDA Road Safety Unit,,3f643172-08e9-4a59-b475-4efd832f85bf,2015-09-10,10:15:00,"EDSA SM Mall Loading / Unloading Bay, Santo Cristo Quezon City",0,0,0,0,0,0,0,0,0,0,2015-09-10 18:15,Property,14.61656342,121.0525225,Side Swipe
None,EDSA,None,None,"No Accident Factor, Rear-end, 0.0 drivers_injured, 0.0 drivers_killed, 0.0 passengers_injured, 0.0 passengers_killed, 0.0 pedestrian_injured, 0.0 pedestrian_killed, Fair (Day), EDSA Col. Bonny Serrano Ave. Quezon City",MMDA Road Safety Unit,,62e44b42-23a0-4f55-8b29-59d4c0197eb7,2015-09-10,00:20:00,EDSA Kamuning Road Quezon City,0,0,0,0,0,0,0,0,0,0,2015-09-10 8:20,Property,14.61107337,121.0550705,Rear-End
None,EDSA,None,None,"No Accident Factor, Rear-end, 0.0 drivers_injured, 0.0 drivers_killed, 1.0 passengers_injured, 0.0 passengers_killed, 0.0 pedestrian_injured, 0.0 pedestrian_killed, Fair (Night), EDSA ""U"" turn slot, Bahay Toro Quezon City",MMDA Road Safety Unit,,6963aaf5-ad98-4a89-90e6-34b579f92249,2015-09-09,20:15:00,"EDSA SM Mall Annex, Santo Cristo Quezon City",0,0,0,0,1,0,0,0,0,1,2015-09-10 4:15,Injury,14.65767102,121.0162795,Rear-End
None,EDSA,None,None,"No Accident Factor, No Collision Stated (based on Police Blotter Book), 0.0 drivers_injured, 0.0 drivers_killed, 0.0 passengers_injured, 0.0 passengers_killed, 0.0 pedestrian_injured, 0.0 pedestrian_killed, Fair (Day), EDSA Farmers Plaza, Cubao Quezon City",MMDA Road Safety Unit,,c87a519d-78f2-4e08-93f0-2eec2ca9d37d,2015-09-09,09:30:00,EDSA East Ave. Quezon City,0,0,0,0,0,0,0,0,0,0,2015-09-09 17:30,Property,14.61920525,121.0513476,No Collision Stated
None,EDSA,None,None,"No Accident Factor, No Collision Stated (based on Police Blotter Book), 0.0 drivers_injured, 0.0 drivers_killed, 0.0 passengers_injured, 0.0 passengers_killed, 0.0 pedestrian_injured, 0.0 pedestrian_killed, Fair (Day), EDSA ""U"" turn slot, Quezon Ave. Quezon City",MMDA Road Safety Unit,,2d9d5c78-f82a-4d1b-b6f4-5c200c90571a,2015-09-09,08:30:00,EDSA Cloverleaf Road Quezon City,0,0,0,0,0,0,0,0,0,0,2015-09-09 16:30,Property,14.64518409,121.0368843,No Collision Stated
None,EDSA,None,None,"No Accident Factor, Side Swipe, 0.0 drivers_injured, 0.0 drivers_killed, 0.0 passengers_injured, 0.0 passengers_killed, 0.0 pedestrian_injured, 0.0 pedestrian_killed, Fair (Day), EDSA West Ave. Quezon City",MMDA Road Safety Unit,,e3dea5ff-792c-4a8e-9331-cd77c5580308,2015-09-08,22:30:00,EDSA Balintawak Market Quezon City,0,0,0,0,0,0,0,0,0,0,2015-09-09 6:30,Property,14.65548924,121.0298079,Side Swipe
None,EDSA,None,None,"No Accident Factor, Side Swipe, 0.0 drivers_injured, 0.0 drivers_killed, 0.0 passengers_injured, 0.0 passengers_killed, 0.0 pedestrian_injured, 0.0 pedestrian_killed, Fair (Night), EDSA K-10th St.  Quezon City",MMDA Road Safety Unit,,4af772b4-9a6a-408c-bec9-2ba506a86ef1,2015-09-08,16:20:00,EDSA Cloverleaf Road Quezon City,0,0,0,0,0,0,0,0,0,0,2015-09-09 0:20,Property,14.62879439,121.046914,Side Swipe
None,EDSA,None,None,"No Accident Factor, Hit and Run (No Collision Stated), 0.0 drivers_injured, 0.0 drivers_killed, 0.0 passengers_injured, 0.0 passengers_killed, 0.0 pedestrian_injured, 0.0 pedestrian_killed, Fair (Night), EDSA New York St. Quezon City",MMDA Road Safety Unit,,da48d4f3-1829-4012-a18b-d53458e61c38,2015-09-08,12:45:00,EDSA Main Ave. Quezon City,0,0,0,0,0,0,0,0,0,0,2015-09-08 20:45,Property,14.62568514,121.0482307,No Collision Stated
None,EDSA,None,None,"No Accident Factor, Rear-end, 0.0 drivers_injured, 0.0 drivers_killed, 0.0 passengers_injured, 0.0 passengers_killed, 0.0 pedestrian_injured, 0.0 pedestrian_killed, Fair (Day), EDSA Kaingin Road Quezon City",MMDA Road Safety Unit,,2e3f7263-d070-44f4-9d71-4eb6f1d5058f,2015-09-08,09:30:00,"EDSA Petron Gas Station, Socorro Quezon City",0,0,0,0,0,0,0,0,0,0,2015-09-08 17:30,Property,14.65746493,121.0109963,Rear-End
None,EDSA,None,None,"No Accident Factor, No Collision Stated (based on Police Blotter Book), 0.0 drivers_injured, 0.0 drivers_killed, 0.0 passengers_injured, 0.0 passengers_killed, 0.0 pedestrian_injured, 0.0 pedestrian_killed, Fair (Day), EDSA Royal St.  Quezon City",MMDA Road Safety Unit,,6590d4bd-cb5e-4669-8695-3e08f4fb2380,2015-09-08,08:20:00,EDSA Mother Ignacia St. Quezon City,0,0,0,0,0,0,0,0,0,0,2015-09-08 16:20,Property,14.65767141,121.0107008,No Collision Stated
None,EDSA,None,None,"No Accident Factor, Side Swipe, 0.0 drivers_injured, 0.0 drivers_killed, 0.0 passengers_injured, 0.0 passengers_killed, 0.0 pedestrian_injured, 0.0 pedestrian_killed, Fair (Day), EDSA A. Bonifacio Ave. Quezon City",MMDA Road Safety Unit,,68c781e1-138b-4c24-b0a0-334e9d757051,2015-09-08,07:40:00,EDSA Ramon Magsaysay Quezon City,0,0,0,0,0,0,0,0,0,0,2015-09-08 15:40,Property,14.6573471,121.0009663,Side Swipe
None,EDSA,None,None,"No Accident Factor, No Collision Stated (based on Police Blotter Book), 0.0 drivers_injured, 0.0 drivers_killed, 0.0 passengers_injured, 0.0 passengers_killed, 0.0 pedestrian_injured, 0.0 pedestrian_killed, Fair (Day), EDSA Timog Ave. Quezon City",MMDA Road Safety Unit,,2338167a-e334-43ea-98e0-7d1928904d18,2015-09-08,01:35:00,EDSA Aurora Blvd. Quezon City,0,0,0,0,0,0,0,0,0,0,2015-09-08 9:35,Property,14.63293559,121.0446304,No Collision Stated
None,EDSA,None,None,"No Accident Factor, No Collision Stated (based on Police Blotter Book), 0.0 drivers_injured, 0.0 drivers_killed, 0.0 passengers_injured, 0.0 passengers_killed, 0.0 pedestrian_injured, 0.0 pedestrian_killed, Fair (Day), EDSA PCP 10 Kamuning  Quezon City",MMDA Road Safety Unit,,69bd9035-6df0-4397-82f5-fede62d00f25,2015-09-08,00:20:00,"EDSA Victory Liner Terminal, Pinyahan Quezon City",0,0,0,0,0,0,0,0,0,0,2015-09-08 8:20,Property,14.62977614,121.04623,No Collision Stated
None,EDSA,None,None,"No Accident Factor, Side Swipe, 0.0 drivers_injured, 0.0 drivers_killed, 0.0 passengers_injured, 0.0 passengers_killed, 0.0 pedestrian_injured, 0.0 pedestrian_killed, Fair (Night), EDSA East Ave. Quezon City",MMDA Road Safety Unit,,a197a8ce-a2e2-4a39-8c51-e9731af30912,2015-09-07,14:40:00,EDSA Misamis St. Quezon City,0,0,0,0,0,0,0,0,0,0,2015-09-07 22:40,Property,14.6328297,121.0451176,Side Swipe
None,EDSA,None,None,"No Accident Factor, Hit and Run (No Collision Stated), 0.0 drivers_injured, 0.0 drivers_killed, 0.0 passengers_injured, 0.0 passengers_killed, 0.0 pedestrian_injured, 0.0 pedestrian_killed, Fair (Night), EDSA Corinthian Garden, Ugong Norte Quezon City",MMDA Road Safety Unit,,88e8e02f-c4f3-4c31-a4d0-95ac12a27977,2015-09-07,12:25:00,EDSA South Road Quezon City,0,0,0,0,0,0,0,0,0,0,2015-09-07 20:25,Property,14.59580783,121.0595248,No Collision Stated
None,EDSA,None,None,"No Accident Factor, Rear-end, 0.0 drivers_injured, 0.0 drivers_killed, 0.0 passengers_injured, 0.0 passengers_killed, 0.0 pedestrian_injured, 0.0 pedestrian_killed, Fair (Day), EDSA Philam Homes Subd.  Quezon City",MMDA Road Safety Unit,,9af6bf98-f999-45cc-b321-5f0ff1c50517,2015-09-07,06:30:00,EDSA E. Garcia St.  Quezon City,0,0,0,0,0,0,0,0,0,0,2015-09-07 14:30,Property,14.65280875,121.0317622,Rear-End
None,EDSA,None,None,"No Accident Factor, Rear-end, 0.0 drivers_injured, 0.0 drivers_killed, 0.0 passengers_injured, 0.0 passengers_killed, 0.0 pedestrian_injured, 0.0 pedestrian_killed, Fair (Day), EDSA Paramount Bldg.  Quezon City",MMDA Road Safety Unit,,ae6fd240-575c-4c96-a5e9-bae2e9022391,2015-09-07,05:30:00,EDSA Scout Borromeo St.  Quezon City,0,0,0,0,0,0,0,0,0,0,2015-09-07 13:30,Property,14.6555967,121.0297922,Rear-End
None,EDSA,None,None,"No Accident Factor, Side Swipe, 0.0 drivers_injured, 0.0 drivers_killed, 0.0 passengers_injured, 0.0 passengers_killed, 0.0 pedestrian_injured, 0.0 pedestrian_killed, Fair (Day), EDSA Philam Homes Quezon City",MMDA Road Safety Unit,,a676e088-46da-4734-89ee-5b2afe00f482,2015-09-07,03:00:00,EDSA North Road Quezon City,0,0,0,0,0,0,0,0,0,0,2015-09-07 11:00,Property,14.65280875,121.0317622,Side Swipe
None,EDSA,None,None,"No Accident Factor, Hit and Run (No Collision Stated), 0.0 drivers_injured, 0.0 drivers_killed, 0.0 passengers_injured, 0.0 passengers_killed, 0.0 pedestrian_injured, 0.0 pedestrian_killed, Fair (Day), EDSA P. Tuazon Blvd. Quezon City",MMDA Road Safety Unit,,27be63a8-1977-40b8-8068-20cfbc7a8879,2015-09-07,01:40:00,"EDSA Five Star Bus Terminal, Cubao  Quezon City",0,0,0,0,0,0,0,0,0,0,2015-09-07 9:40,Property,14.61656342,121.0525225,No Collision Stated
None,EDSA,None,None,"No Accident Factor, Side Swipe, 0.0 drivers_injured, 0.0 drivers_killed, 0.0 passengers_injured, 0.0 passengers_killed, 0.0 pedestrian_injured, 0.0 pedestrian_killed, Fair (Day), EDSA P. Tuazon Blvd. Quezon City",MMDA Road Safety Unit,,49b70d12-8896-400d-9abb-458459ea27e2,2015-09-06,23:55:00,EDSA Col. Bonny Serrano Ave. Quezon City,0,0,0,0,0,0,0,0,0,0,2015-09-07 7:55,Property,14.61656342,121.0525225,Side Swipe
None,EDSA,None,None,"No Accident Factor, Self-Accident, 0.0 drivers_injured, 0.0 drivers_killed, 0.0 passengers_injured, 0.0 passengers_killed, 0.0 pedestrian_injured, 0.0 pedestrian_killed, Fair (Night), EDSA Mapagmahal St.  Quezon City",MMDA Road Safety Unit,,070a2287-4b4f-475a-bea5-f4117cfcd87b,2015-09-06,20:30:00,EDSA Roosevelt Ave. Quezon City,0,0,0,0,0,0,0,0,0,0,2015-09-07 4:30,Property,14.63185046,121.0455315,Self-Accident
None,EDSA,None,None,"No Accident Factor, No Collision Stated (based on Police Blotter Book), 0.0 drivers_injured, 0.0 drivers_killed, 0.0 passengers_injured, 0.0 passengers_killed, 0.0 pedestrian_injured, 0.0 pedestrian_killed, Fair (Night), EDSA Aurora Blvd. (SB)  Quezon City",MMDA Road Safety Unit,,b15df615-231b-43c7-b447-5ef1ba50b0ca,2015-09-06,12:20:00,EDSA Kamias Road Quezon City,0,0,0,0,0,0,0,0,0,0,2015-09-06 20:20,Property,14.62151658,121.0501092,No Collision Stated
None,EDSA,None,None,"No Accident Factor, Side Swipe, 0.0 drivers_injured, 0.0 drivers_killed, 0.0 passengers_injured, 0.0 passengers_killed, 0.0 pedestrian_injured, 0.0 pedestrian_killed, Fair (Day), EDSA Trinoma Mall Quezon City",MMDA Road Safety Unit,,d9fee713-1682-43d2-981d-4ce56bf35aac,2015-09-06,04:05:00,EDSA Kamias Road Quezon City,0,0,0,0,0,0,0,0,0,0,2015-09-06 12:05,Property,14.65242607,121.0323133,Side Swipe
None,EDSA,None,None,"No Accident Factor, Rear-end, 0.0 drivers_injured, 0.0 drivers_killed, 0.0 passengers_injured, 0.0 passengers_killed, 0.0 pedestrian_injured, 0.0 pedestrian_killed, Fair (Day), EDSA Total Gas Station, A. Samson Quezon City",MMDA Road Safety Unit,,e3549e48-d514-41fa-89fa-40139a6c837b,2015-09-05,23:00:00,EDSA Ortigas Ave. Quezon City,0,0,0,0,0,0,0,0,0,0,2015-09-06 7:00,Property,14.65757988,121.0033003,Rear-End
None,EDSA,None,None,"No Accident Factor, Side Swipe, 0.0 drivers_injured, 0.0 drivers_killed, 0.0 passengers_injured, 0.0 passengers_killed, 0.0 pedestrian_injured, 0.0 pedestrian_killed, Fair (Night), EDSA Waltermart Quezon City",MMDA Road Safety Unit,,136d912e-1a64-4bfc-95f7-4cef5bfec842,2015-09-05,12:00:00,EDSA West Ave. Quezon City,0,0,0,0,0,0,0,0,0,0,2015-09-05 20:00,Property,14.6574558,121.0213579,Side Swipe
None,EDSA,None,None,"No Accident Factor, Rear-end, 0.0 drivers_injured, 0.0 drivers_killed, 0.0 passengers_injured, 0.0 passengers_killed, 0.0 pedestrian_injured, 0.0 pedestrian_killed, Fair (Day), EDSA Camp Aguinaldo (Gate ?) Quezon City",MMDA Road Safety Unit,,441e0084-e8b9-4adc-a9d3-eb8a740748d1,2015-09-05,06:30:00,EDSA East Ave. Quezon City,0,0,0,0,0,0,0,0,0,0,2015-09-05 14:30,Property,14.6098829,121.0556752,Rear-End
None,EDSA,None,None,"No Accident Factor, No Collision Stated (based on Police Blotter Book), 0.0 drivers_injured, 0.0 drivers_killed, 0.0 passengers_injured, 0.0 passengers_killed, 0.0 pedestrian_injured, 0.0 pedestrian_killed, Fair (Day), EDSA ""U"" turn slot, Shell Gas Station, Katipu Quezon City",MMDA Road Safety Unit,,9eba2e8a-671c-4bd8-84f8-fd58d18c7a29,2015-09-05,06:30:00,EDSA Mapagmahal St.  Quezon City,0,0,0,0,0,0,0,0,0,0,2015-09-05 14:30,Property,14.6575653,121.0162511,No Collision Stated
None,EDSA,None,None,"No Accident Factor, Angle Impact, 2.0 drivers_injured, 0.0 drivers_killed, 1.0 passengers_injured, 0.0 passengers_killed, 0.0 pedestrian_injured, 0.0 pedestrian_killed, Fair (Night), EDSA East Ave. Quezon City",MMDA Road Safety Unit,,12d1feb1-a22b-45f2-a33a-ab9dd1611aac,2015-09-04,17:55:00,EDSA Wilcon Home Depot Quezon City,0,0,0,2,1,0,0,0,0,3,2015-09-05 1:55,Injury,14.6328297,121.0451176,Angle Impact
None,EDSA,None,None,"No Accident Factor, Rear-end, 0.0 drivers_injured, 0.0 drivers_killed, 0.0 passengers_injured, 0.0 passengers_killed, 0.0 pedestrian_injured, 0.0 pedestrian_killed, Fair (Night), EDSA Royale, A. Samson Quezon City",MMDA Road Safety Unit,,0b533425-447a-46f8-845a-8d6311b83a3d,2015-09-04,15:40:00,EDSA Aurora Blvd. Quezon City,0,0,0,0,0,0,0,0,0,0,2015-09-04 23:40,Property,14.65767141,121.0107008,Rear-End
None,EDSA,None,None,"No Accident Factor, No Collision Stated (based on Police Blotter Book), 0.0 drivers_injured, 0.0 drivers_killed, 0.0 passengers_injured, 0.0 passengers_killed, 0.0 pedestrian_injured, 0.0 pedestrian_killed, Fair (Night), EDSA Col. Bonny Serrano Ave. Quezon City",MMDA Road Safety Unit,,f1b937f0-ef5b-4c91-b2a9-4a5b7a3a2622,2015-09-04,14:30:00,EDSA North Ave. Quezon City,0,0,0,0,0,0,0,0,0,0,2015-09-04 22:30,Property,14.61107337,121.0550705,No Collision Stated
None,EDSA,None,None,"No Accident Factor, Side Swipe, 0.0 drivers_injured, 0.0 drivers_killed, 0.0 passengers_injured, 0.0 passengers_killed, 0.0 pedestrian_injured, 0.0 pedestrian_killed, Fair (Night), EDSA Aurora Blvd. (EB) Quezon City",MMDA Road Safety Unit,,220b115c-ba20-4445-977a-dccc56e10d9c,2015-09-04,12:00:00,EDSA New York St. Quezon City,0,0,0,0,0,0,0,0,0,0,2015-09-04 20:00,Property,14.62151658,121.0501092,Side Swipe
None,EDSA,None,None,"No Accident Factor, No Collision Stated (based on Police Blotter Book), 0.0 drivers_injured, 0.0 drivers_killed, 0.0 passengers_injured, 0.0 passengers_killed, 0.0 pedestrian_injured, 0.0 pedestrian_killed, Fair (Day), EDSA Kamias Road Quezon City",MMDA Road Safety Unit,,1b7923f2-d9f6-46a1-91fb-b16b402e0efa,2015-09-04,09:00:00,EDSA Ermin Garcia St. Quezon City,0,0,0,0,0,0,0,0,0,0,2015-09-04 17:00,Property,14.6309142,121.0459376,No Collision Stated
None,EDSA,None,None,"No Accident Factor, No Collision Stated (based on Police Blotter Book), 0.0 drivers_injured, 0.0 drivers_killed, 0.0 passengers_injured, 0.0 passengers_killed, 0.0 pedestrian_injured, 0.0 pedestrian_killed, Fair (Day), EDSA P. Tuazon Blvd. Quezon City",MMDA Road Safety Unit,,39a89986-3231-4103-9230-462dec61d2aa,2015-09-04,07:45:00,EDSA East Ave. Quezon City,0,0,0,0,0,0,0,0,0,0,2015-09-04 15:45,Property,14.61656342,121.0525225,No Collision Stated
None,EDSA,None,None,"No Accident Factor, Rear-end, 1.0 drivers_injured, 0.0 drivers_killed, 0.0 passengers_injured, 0.0 passengers_killed, 0.0 pedestrian_injured, 0.0 pedestrian_killed, Fair (Night), EDSA NIA Road Quezon City",MMDA Road Safety Unit,,3aa83681-9319-4d36-b3b1-e5399622cce4,2015-09-03,19:15:00,EDSA Kaingin Road Quezon City,0,0,0,1,0,0,0,0,0,1,2015-09-04 3:15,Injury,14.63727823,121.0421362,Rear-End
None,EDSA,None,None,"No Accident Factor, Angle Impact, 0.0 drivers_injured, 0.0 drivers_killed, 0.0 passengers_injured, 0.0 passengers_killed, 0.0 pedestrian_injured, 0.0 pedestrian_killed, Fair (Night), EDSA Whiteplains PPM Camp Aguinaldo Quezon City",MMDA Road Safety Unit,,a3cc1d67-fcc0-47f5-b1a0-48460f6fb523,2015-09-03,15:25:00,"EDSA Superlines Bus Terminal Cubao, E. Rodriguez  Quezon City",0,0,0,0,0,0,0,0,0,0,2015-09-03 23:25,Property,14.59961782,121.0596522,Angle Impact
None,EDSA,None,None,"No Accident Factor, No Collision Stated (based on Police Blotter Book), 0.0 drivers_injured, 0.0 drivers_killed, 0.0 passengers_injured, 0.0 passengers_killed, 0.0 pedestrian_injured, 0.0 pedestrian_killed, Fair (Night), EDSA Roosevelt Ave. Quezon City",MMDA Road Safety Unit,,779bfd1f-dbb3-4524-9e2e-52899235793a,2015-09-03,11:20:00,EDSA P. Tuazon Blvd. Quezon City,0,0,0,0,0,0,0,0,0,0,2015-09-03 19:20,Property,14.65762047,121.0196373,No Collision Stated
None,EDSA,None,None,"No Accident Factor, Angle Impact, 0.0 drivers_injured, 0.0 drivers_killed, 0.0 passengers_injured, 0.0 passengers_killed, 0.0 pedestrian_injured, 0.0 pedestrian_killed, Fair (Night), EDSA New York St. Quezon City",MMDA Road Safety Unit,,cd89fe31-3288-4c03-8ae4-95cddebf2fa4,2015-09-03,10:10:00,EDSA North Ave. Quezon City,0,0,0,0,0,0,0,0,0,0,2015-09-03 18:10,Property,14.62568514,121.0482307,Angle Impact
None,EDSA,None,None,"No Accident Factor, No Collision Stated (based on Police Blotter Book), 0.0 drivers_injured, 0.0 drivers_killed, 0.0 passengers_injured, 0.0 passengers_killed, 0.0 pedestrian_injured, 0.0 pedestrian_killed, Fair (Day), EDSA ""U"" turn slot, Veterans Quezon City",MMDA Road Safety Unit,,ab30fec5-5c08-4c1b-937c-60f99d574736,2015-09-03,09:30:00,EDSA Kamuning Road Quezon City,0,0,0,0,0,0,0,0,0,0,2015-09-03 17:30,Property,14.64995042,121.0336124,No Collision Stated
None,EDSA,None,None,"No Accident Factor, No Collision Stated (based on Police Blotter Book), 0.0 drivers_injured, 0.0 drivers_killed, 0.0 passengers_injured, 0.0 passengers_killed, 0.0 pedestrian_injured, 0.0 pedestrian_killed, Fair (Day), EDSA ""U"" turn slot, Bagong Pag-asa Quezon City",MMDA Road Safety Unit,,76dfb73c-68b1-4b4d-9689-853bad71f677,2015-09-03,07:45:00,EDSA Quezon Ave. Quezon City,0,0,0,0,0,0,0,0,0,0,2015-09-03 15:45,Property,14.65652754,121.0260743,No Collision Stated
None,EDSA,None,None,"No Accident Factor, No Collision Stated (based on Police Blotter Book), 0.0 drivers_injured, 0.0 drivers_killed, 0.0 passengers_injured, 0.0 passengers_killed, 0.0 pedestrian_injured, 0.0 pedestrian_killed, Fair (Day), EDSA Genesis Bus Terminal, E. Rodriguez Quezon City",MMDA Road Safety Unit,,2c648b84-ae96-4f57-98ef-0c59a23b14cc,2015-09-03,05:30:00,"EDSA Robinsons Mall Galeria, Ugong Norte Quezon City",0,0,0,0,0,0,0,0,0,0,2015-09-03 13:30,Property,14.6256048,121.0483444,No Collision Stated
None,EDSA,None,None,"No Accident Factor, Side Swipe, 0.0 drivers_injured, 0.0 drivers_killed, 0.0 passengers_injured, 0.0 passengers_killed, 0.0 pedestrian_injured, 0.0 pedestrian_killed, Fair (Night), EDSA ""U"" turn slot, West Ave. Quezon City",MMDA Road Safety Unit,,47540520-2eab-4726-9fae-ccb4227c6620,2015-09-02,13:00:00,EDSA GMA Network Drive  Quezon City,0,0,0,0,0,0,0,0,0,0,2015-09-02 21:00,Property,14.65572501,121.0294153,Side Swipe
None,EDSA,None,None,"No Accident Factor, No Collision Stated (based on Police Blotter Book), 0.0 drivers_injured, 0.0 drivers_killed, 0.0 passengers_injured, 0.0 passengers_killed, 0.0 pedestrian_injured, 0.0 pedestrian_killed, Fair (Night), EDSA Nueva Ecija St. Quezon City",MMDA Road Safety Unit,,05892604-f3c9-4c75-85d5-e35edcfb45aa,2015-09-02,10:00:00,EDSA Robinsons Mall Galleria Driveway Exit Quezon City,0,0,0,0,0,0,0,0,0,0,2015-09-02 18:00,Property,14.65665894,121.026062,No Collision Stated