LOCATION_TEXT,ROAD,WEATHER,LIGHT,DESC,REPORTING_AGENCY,MAIN_CAUSE,INCIDENTDETAILS_ID,DATE_UTC,TIME_UTC,ADDRESS,killed_driver,killed_passenger,killed_pedestrian,injured_driver,injured_passenger,injured_pedestrian,killed_uncategorized,injured_uncategorized,killed_total,injured_total,DATETIME_PST,SEVERITY,Y,X,COLLISION_TYPE
None,EDSA,None,None,"No Accident Factor, Side Swipe, 1.0 drivers_injured, 0.0 drivers_killed, 0.0 passengers_injured, 0.0 passengers_killed, 0.0 pedestrian_injured, 0.0 pedestrian_killed, Fair (Day), EDSA Kamias Road Quezon City",MMDA Road Safety Unit,,d2006ead-7b5b-4ad7-a3ba-29363dede0c3,2015-09-02,08:30:00,"EDSA ""U"" turn slot, Veterans Quezon City",0,0,0,1,0,0,0,0,0,1,2015-09-02 16:30,Injury,14.6309142,121.0459376,Side Swipe
None,EDSA,None,None,"No Accident Factor, Rear-end, 0.0 drivers_injured, 0.0 drivers_killed, 0.0 passengers_injured, 0.0 passengers_killed, 0.0 pedestrian_injured, 0.0 pedestrian_killed, Fair (Day), EDSA Philam Quezon City",MMDA Road Safety Unit,,a487ffa2-656d-4a61-8b24-0a5a39544509,2015-09-02,04:20:00,EDSA Quezon Ave.  Quezon City,0,0,0,0,0,0,0,0,0,0,2015-09-02 12:20,Property,14.65280875,121.0317622,Rear-End
None,EDSA,None,None,"No Accident Factor, Angle Impact, 0.0 drivers_injured, 0.0 drivers_killed, 0.0 passengers_injured, 0.0 passengers_killed, 0.0 pedestrian_injured, 0.0 pedestrian_killed, Fair (Day), EDSA Baliwag Liner Bus Terminal, Cubao Quezon City",MMDA Road Safety Unit,,7b5011b9-ccaf-4768-ac3e-9921646571ae,2015-09-02,02:30:00,EDSA Aurora Blvd. Quezon City,0,0,0,0,0,0,0,0,0,0,2015-09-02 10:30,Property,14.6244766,121.0489584,Angle Impact
None,EDSA,None,None,"No Accident Factor, Side Swipe, 0.0 drivers_injured, 0.0 drivers_killed, 0.0 passengers_injured, 0.0 passengers_killed, 0.0 pedestrian_injured, 0.0 pedestrian_killed, Fair (Day), EDSA Ortigas Ave. Quezon City",MMDA Road Safety Unit,,391b5a74-1009-4dc9-a96d-a10526095441,2015-09-02,01:15:00,EDSA P. Tuazon Blvd. Quezon City,0,0,0,0,0,0,0,0,0,0,2015-09-02 9:15,Property,14.59335253,121.0584107,Side Swipe
None,EDSA,None,None,"No Accident Factor, No Collision Stated (based on Police Blotter Book), 1.0 drivers_injured, 0.0 drivers_killed, 0.0 passengers_injured, 0.0 passengers_killed, 0.0 pedestrian_injured, 0.0 pedestrian_killed, Fair (Night), EDSA Royal St.  Quezon City",MMDA Road Safety Unit,,08e46402-b44f-4d40-afa1-af1bdd25f5ce,2015-09-01,14:20:00,EDSA Quezon Ave.  Quezon City,0,0,0,1,0,0,0,0,0,1,2015-09-01 22:20,Injury,14.65767141,121.0107008,No Collision Stated
None,EDSA,None,None,"No Accident Factor, No Collision Stated (based on Police Blotter Book), 0.0 drivers_injured, 0.0 drivers_killed, 0.0 passengers_injured, 0.0 passengers_killed, 0.0 pedestrian_injured, 0.0 pedestrian_killed, Fair (Night), EDSA Aurora Blvd. Quezon City",MMDA Road Safety Unit,,3f1a6924-3e54-4a46-81be-92914fda9f68,2015-09-01,14:00:00,EDSA Whiteplains Quezon City,0,0,0,0,0,0,0,0,0,0,2015-09-01 22:00,Property,14.62163653,121.0501573,No Collision Stated
None,EDSA,None,None,"No Accident Factor, Side Swipe, 0.0 drivers_injured, 0.0 drivers_killed, 0.0 passengers_injured, 0.0 passengers_killed, 0.0 pedestrian_injured, 0.0 pedestrian_killed, Fair (Night), EDSA East Ave. Quezon City",MMDA Road Safety Unit,,0e29f1f4-bb6d-46f8-bdf1-e450222e70f0,2015-09-01,11:15:00,EDSA Cloverleaf Road Quezon City,0,0,0,0,0,0,0,0,0,0,2015-09-01 19:15,Property,14.6328297,121.0451176,Side Swipe
None,EDSA,None,None,"No Accident Factor, Side Swipe, 0.0 drivers_injured, 0.0 drivers_killed, 0.0 passengers_injured, 0.0 passengers_killed, 0.0 pedestrian_injured, 0.0 pedestrian_killed, Fair (Day), EDSA ""U"" turn slot, Timog Ave. Quezon City",MMDA Road Safety Unit,,261b9952-0439-4306-9113-3c96231e5ac2,2015-09-01,08:40:00,EDSA Monte De Piedad St. Quezon City,0,0,0,0,0,0,0,0,0,0,2015-09-01 16:40,Property,14.63183035,121.0454138,Side Swipe
None,EDSA,None,None,"No Accident Factor, No Collision Stated (based on Police Blotter Book), 0.0 drivers_injured, 0.0 drivers_killed, 0.0 passengers_injured, 0.0 passengers_killed, 0.0 pedestrian_injured, 0.0 pedestrian_killed, Fair (Day), EDSA Nepa Q-Mart, E. Rodriguez Quezon City",MMDA Road Safety Unit,,e6c5e371-b2eb-4775-b4c9-bcbe605cd000,2015-09-01,01:30:00,EDSA Philam Quezon City,0,0,0,0,0,0,0,0,0,0,2015-09-01 9:30,Property,14.62805361,121.0472521,No Collision Stated
None,EDSA,None,None,"No Accident Factor, No Collision Stated (based on Police Blotter Book), 0.0 drivers_injured, 0.0 drivers_killed, 0.0 passengers_injured, 0.0 passengers_killed, 0.0 pedestrian_injured, 0.0 pedestrian_killed, Fair (Night), EDSA SM North, Pag asa Quezon City",MMDA Road Safety Unit,,56529613-feee-4f75-8dd6-1f4c8b996a69,2015-08-31,16:10:00,EDSA Camp Aguinaldo Quezon City,0,0,0,0,0,0,0,0,0,0,2015-09-01 0:10,Property,14.65645143,121.0271077,No Collision Stated
None,EDSA,None,None,"No Accident Factor, Rear-end, 0.0 drivers_injured, 0.0 drivers_killed, 0.0 passengers_injured, 0.0 passengers_killed, 0.0 pedestrian_injured, 0.0 pedestrian_killed, Fair (Day), EDSA ""U"" turn slot, Ortigas Ave. Quezon City",MMDA Road Safety Unit,,7149c347-e316-4880-9459-24896bf78b55,2015-08-31,04:15:00,EDSA Mother Ignacia St. Quezon City,0,0,0,0,0,0,0,0,0,0,2015-08-31 12:15,Property,14.59252096,121.0581848,Rear-End
None,EDSA,None,None,"No Accident Factor, Side Swipe, 0.0 drivers_injured, 0.0 drivers_killed, 0.0 passengers_injured, 0.0 passengers_killed, 0.0 pedestrian_injured, 0.0 pedestrian_killed, Fair (Day), EDSA MRT-Balintawak Station Quezon City",MMDA Road Safety Unit,,f66a3823-0558-4d9f-b6f9-c31e022772a2,2015-08-31,01:15:00,"EDSA Chowking, Kamuning  Quezon City",0,0,0,0,0,0,0,0,0,0,2015-08-31 9:15,Property,14.65739001,121.003878,Side Swipe
None,EDSA,None,None,"No Accident Factor, Side Swipe, 0.0 drivers_injured, 0.0 drivers_killed, 0.0 passengers_injured, 0.0 passengers_killed, 0.0 pedestrian_injured, 0.0 pedestrian_killed, Fair (Night), EDSA Cloverleaf Road Quezon City",MMDA Road Safety Unit,,ba9684b1-67cd-4eb7-87ed-b9f5e3a5956b,2015-08-30,21:00:00,EDSA Philtranco Bus Terminal Quezon City,0,0,0,0,0,0,0,0,0,0,2015-08-31 5:00,Property,14.65747901,121.0011914,Side Swipe
None,EDSA,None,None,"No Accident Factor, No Collision Stated (based on Police Blotter Book), 0.0 drivers_injured, 0.0 drivers_killed, 0.0 passengers_injured, 0.0 passengers_killed, 0.0 pedestrian_injured, 0.0 pedestrian_killed, Fair (Night), EDSA Q-Mart, E. Rodriguez Quezon City",MMDA Road Safety Unit,,9ea611da-5843-47aa-b5eb-cd8b29a67853,2015-08-30,12:00:00,EDSA Quezon Ave.  Quezon City,0,0,0,0,0,0,0,0,0,0,2015-08-30 20:00,Property,14.62811603,121.0472822,No Collision Stated
None,EDSA,None,None,"No Accident Factor, Side Swipe, 0.0 drivers_injured, 0.0 drivers_killed, 0.0 passengers_injured, 0.0 passengers_killed, 0.0 pedestrian_injured, 0.0 pedestrian_killed, Fair (Day), EDSA Baliwag Liner Bus Terminal, Cubao Quezon City",MMDA Road Safety Unit,,631a4902-7f7a-4eb8-a2d2-6b72d7858c7a,2015-08-30,09:00:00,EDSA Mindanao Ave. Ext. Quezon City,0,0,0,0,0,0,0,0,0,0,2015-08-30 17:00,Property,14.6244766,121.0489584,Side Swipe
None,EDSA,None,None,"No Accident Factor, No Collision Stated (based on Police Blotter Book), 0.0 drivers_injured, 0.0 drivers_killed, 0.0 passengers_injured, 0.0 passengers_killed, 0.0 pedestrian_injured, 0.0 pedestrian_killed, Fair (Day), EDSA GMA Network Quezon City",MMDA Road Safety Unit,,75c4c236-352f-41e7-b9eb-7d959d674ce3,2015-08-30,03:30:00,"EDSA ""U"" turn slot, Bagong Pag-asa Quezon City",0,0,0,0,0,0,0,0,0,0,2015-08-30 11:30,Property,14.63467214,121.0435714,No Collision Stated
None,EDSA,None,None,"No Accident Factor, Angle Impact, 0.0 drivers_injured, 0.0 drivers_killed, 0.0 passengers_injured, 0.0 passengers_killed, 0.0 pedestrian_injured, 0.0 pedestrian_killed, Fair (Night), EDSA Five Star Bus Terminal, E. Rodriguez Quezon City",MMDA Road Safety Unit,,b80edfac-076f-415f-b8cd-3314db7de0c9,2015-08-29,11:00:00,EDSA Aurora Blvd. Quezon City,0,0,0,0,0,0,0,0,0,0,2015-08-29 19:00,Property,14.62375691,121.0492447,Angle Impact
None,EDSA,None,None,"No Accident Factor, Side Swipe, 0.0 drivers_injured, 0.0 drivers_killed, 0.0 passengers_injured, 0.0 passengers_killed, 0.0 pedestrian_injured, 0.0 pedestrian_killed, Fair (Day), EDSA Quezon Ave.  Quezon City",MMDA Road Safety Unit,,45d7fd74-9700-467c-96a9-02f61ec3021c,2015-08-29,03:45:00,EDSA Trinoma Bagong Pag Asa Quezon City,0,0,0,0,0,0,0,0,0,0,2015-08-29 11:45,Property,14.6442444,121.0375839,Side Swipe
None,EDSA,None,None,"No Accident Factor, No Collision Stated (based on Police Blotter Book), 1.0 drivers_injured, 0.0 drivers_killed, 0.0 passengers_injured, 0.0 passengers_killed, 0.0 pedestrian_injured, 0.0 pedestrian_killed, Fair (Day), EDSA Kamuning Road Quezon City",MMDA Road Safety Unit,,2891ea2e-4d58-46e5-b848-1b51b5f3f695,2015-08-29,01:25:00,EDSA Main Ave. Quezon City,0,0,0,1,0,0,0,0,0,1,2015-08-29 9:25,Injury,14.63075725,121.0457548,No Collision Stated
None,EDSA,None,None,"No Accident Factor, No Collision Stated (based on Police Blotter Book), 0.0 drivers_injured, 0.0 drivers_killed, 0.0 passengers_injured, 0.0 passengers_killed, 0.0 pedestrian_injured, 0.0 pedestrian_killed, Fair (Night), EDSA Cloverleaf Drive  Quezon City",MMDA Road Safety Unit,,d6f1900a-9a0d-412b-a631-9e749c4f32d8,2015-08-28,21:15:00,EDSA Aurora Blvd. (Immaculate Concepcion) Quezon City,0,0,0,0,0,0,0,0,0,0,2015-08-29 5:15,Property,14.65740144,121.0008553,No Collision Stated
None,EDSA,None,None,"No Accident Factor, Side Swipe, 0.0 drivers_injured, 0.0 drivers_killed, 0.0 passengers_injured, 0.0 passengers_killed, 0.0 pedestrian_injured, 0.0 pedestrian_killed, Fair (Night), EDSA Balintawak Market Quezon City",MMDA Road Safety Unit,,861fee70-c2c1-4f37-accf-92b9d1316ebb,2015-08-28,20:10:00,EDSA East Ave. Quezon City,0,0,0,0,0,0,0,0,0,0,2015-08-29 4:10,Property,14.65740947,121.0025737,Side Swipe
None,EDSA,None,None,"No Accident Factor, Rear-end, 0.0 drivers_injured, 0.0 drivers_killed, 0.0 passengers_injured, 0.0 passengers_killed, 0.0 pedestrian_injured, 0.0 pedestrian_killed, Fair (Night), EDSA P. Tuazon Blvd. Quezon City",MMDA Road Safety Unit,,62f34485-9620-44a5-8691-d7c80dd964e9,2015-08-28,17:50:00,EDSA P. Tuazon Blvd. Quezon City,0,0,0,0,0,0,0,0,0,0,2015-08-29 1:50,Property,14.61656342,121.0525225,Rear-End
None,EDSA,None,None,"No Accident Factor, No Collision Stated (based on Police Blotter Book), 0.0 drivers_injured, 0.0 drivers_killed, 0.0 passengers_injured, 0.0 passengers_killed, 0.0 pedestrian_injured, 0.0 pedestrian_killed, Fair (Night), EDSA ""U"" turn slot, East Ave.  Quezon City",MMDA Road Safety Unit,,e090cccd-18f0-46b5-94f2-fc009b562b96,2015-08-28,12:45:00,EDSA Col. Bonny Serrano Ave. Quezon City,0,0,0,0,0,0,0,0,0,0,2015-08-28 20:45,Property,14.63179677,121.0454018,No Collision Stated
None,EDSA,None,None,"No Accident Factor, No Collision Stated (based on Police Blotter Book), 0.0 drivers_injured, 0.0 drivers_killed, 0.0 passengers_injured, 0.0 passengers_killed, 0.0 pedestrian_injured, 0.0 pedestrian_killed, Fair (Night), EDSA SM Annex Quezon City",MMDA Road Safety Unit,,58631645-3aea-44cc-8e64-5e2cd7ca8463,2015-08-28,12:00:00,EDSA Kaingin Road Quezon City,0,0,0,0,0,0,0,0,0,0,2015-08-28 20:00,Property,14.65628012,121.0272074,No Collision Stated
None,EDSA,None,None,"No Accident Factor, No Collision Stated (based on Police Blotter Book), 0.0 drivers_injured, 0.0 drivers_killed, 0.0 passengers_injured, 0.0 passengers_killed, 0.0 pedestrian_injured, 0.0 pedestrian_killed, Fair (Day), EDSA P. Tuazon Blvd. (Sea Oil Gas Station, Soccoro) Quezon City",MMDA Road Safety Unit,,a189d3de-2266-4664-9456-d14555743b23,2015-08-28,08:00:00,EDSA Kaingin Road Quezon City,0,0,0,0,0,0,0,0,0,0,2015-08-28 16:00,Property,14.61656342,121.0525225,No Collision Stated
None,EDSA,None,None,"No Accident Factor, Rear-end, 0.0 drivers_injured, 0.0 drivers_killed, 0.0 passengers_injured, 0.0 passengers_killed, 0.0 pedestrian_injured, 0.0 pedestrian_killed, Fair (Day), EDSA Cloverleaf Road Quezon City",MMDA Road Safety Unit,,8df3236e-73a0-408b-bd15-e12a3a558cfd,2015-08-28,07:00:00,EDSA North Ave. Quezon City,0,0,0,0,0,0,0,0,0,0,2015-08-28 15:00,Property,14.65747901,121.0011914,Rear-End
None,EDSA,None,None,"No Accident Factor, Rear-end, 0.0 drivers_injured, 0.0 drivers_killed, 0.0 passengers_injured, 0.0 passengers_killed, 0.0 pedestrian_injured, 0.0 pedestrian_killed, Fair (Day), EDSA Kamuning Road Quezon City",MMDA Road Safety Unit,,dd9e8252-31f1-402c-95b5-287b22e2fac6,2015-08-28,05:00:00,EDSA Cloverleaf Road Quezon City,0,0,0,0,0,0,0,0,0,0,2015-08-28 13:00,Property,14.63075725,121.0457548,Rear-End
None,EDSA,None,None,"No Accident Factor, Rear-end, 0.0 drivers_injured, 0.0 drivers_killed, 0.0 passengers_injured, 0.0 passengers_killed, 0.0 pedestrian_injured, 0.0 pedestrian_killed, Fair (Day), EDSA Kamuning Road Quezon City",MMDA Road Safety Unit,,9a5dc4ce-693e-4ac8-8974-3bc84da76a6d,2015-08-28,02:30:00,EDSA Balintawak Market Quezon City,0,0,0,0,0,0,0,0,0,0,2015-08-28 10:30,Property,14.63075725,121.0457548,Rear-End
None,EDSA,None,None,"No Accident Factor, No Collision Stated (based on Police Blotter Book), 0.0 drivers_injured, 0.0 drivers_killed, 0.0 passengers_injured, 0.0 passengers_killed, 0.0 pedestrian_injured, 0.0 pedestrian_killed, Fair (Day), EDSA Baliwag Liner Bus Terminal, Cubao Quezon City",MMDA Road Safety Unit,,804e7172-93f0-4232-916e-7cff292d49f3,2015-08-28,02:30:00,EDSA Col. Bonny Serrano Ave. Quezon City,0,0,0,0,0,0,0,0,0,0,2015-08-28 10:30,Property,14.6244766,121.0489584,No Collision Stated
None,EDSA,None,None,"No Accident Factor, No Collision Stated (based on Police Blotter Book), 0.0 drivers_injured, 0.0 drivers_killed, 0.0 passengers_injured, 0.0 passengers_killed, 0.0 pedestrian_injured, 0.0 pedestrian_killed, Fair (Night), EDSA SM North, Pag asa Quezon City",MMDA Road Safety Unit,,b7abae59-6214-4964-8ca5-3053b2ad75e4,2015-08-27,11:00:00,EDSA Timog Ave. Quezon City,0,0,0,0,0,0,0,0,0,0,2015-08-27 19:00,Property,14.65645143,121.0271077,No Collision Stated
None,EDSA,None,None,"No Accident Factor, No Collision Stated (based on Police Blotter Book), 0.0 drivers_injured, 0.0 drivers_killed, 0.0 passengers_injured, 0.0 passengers_killed, 0.0 pedestrian_injured, 0.0 pedestrian_killed, Fair (Day), EDSA SM North, Pag asa Quezon City",MMDA Road Safety Unit,,2a8e6bbd-aac3-438e-924c-9812525df0bd,2015-08-27,09:30:00,"EDSA ""U"" turn slot, Waltermart, San Antonio Quezon City",0,0,0,0,0,0,0,0,0,0,2015-08-27 17:30,Property,14.65645143,121.0271077,No Collision Stated
None,EDSA,None,None,"No Accident Factor, No Collision Stated (based on Police Blotter Book), 0.0 drivers_injured, 0.0 drivers_killed, 0.0 passengers_injured, 0.0 passengers_killed, 0.0 pedestrian_injured, 0.0 pedestrian_killed, Fair (Day), EDSA GMA Network Drive Quezon City",MMDA Road Safety Unit,,3571cfa7-98c9-47f2-b5db-137c47dbd85d,2015-08-27,09:05:00,"EDSA ""U"" turn slot, Bansalangin St.  Quezon City",0,0,0,0,0,0,0,0,0,0,2015-08-27 17:05,Property,14.63467214,121.0435714,No Collision Stated
None,EDSA,None,None,"No Accident Factor, Side Swipe, 0.0 drivers_injured, 0.0 drivers_killed, 0.0 passengers_injured, 0.0 passengers_killed, 0.0 pedestrian_injured, 0.0 pedestrian_killed, Fair (Day), EDSA A. Samson  Quezon City",MMDA Road Safety Unit,,167cd100-c273-4f0a-985d-0e41d6a8e33a,2015-08-27,08:45:00,EDSA Dario Bridge Quezon City,0,0,0,0,0,0,0,0,0,0,2015-08-27 16:45,Property,14.65731173,121.0011071,Side Swipe
None,EDSA,None,None,"No Accident Factor, No Collision Stated (based on Police Blotter Book), 0.0 drivers_injured, 0.0 drivers_killed, 0.0 passengers_injured, 0.0 passengers_killed, 0.0 pedestrian_injured, 0.0 pedestrian_killed, Fair (Day), EDSA Fema Road Quezon City",MMDA Road Safety Unit,,c7c6b9fa-0e12-4140-8951-7387726d95a6,2015-08-27,06:30:00,EDSA Aurora Blvd. Quezon City,0,0,0,0,0,0,0,0,0,0,2015-08-27 14:30,Property,14.65776837,121.0159521,No Collision Stated
None,EDSA,None,None,"No Accident Factor, No Collision Stated (based on Police Blotter Book), 0.0 drivers_injured, 0.0 drivers_killed, 0.0 passengers_injured, 0.0 passengers_killed, 0.0 pedestrian_injured, 0.0 pedestrian_killed, Fair (Day), EDSA Misamis St. Quezon City",MMDA Road Safety Unit,,5808d717-e11a-4365-9bbc-f1423baa9c8e,2015-08-27,05:00:00,EDSA P. Tuazon Blvd. Quezon City,0,0,0,0,0,0,0,0,0,0,2015-08-27 13:00,Property,14.65602348,121.0285212,No Collision Stated
None,EDSA,None,None,"No Accident Factor, No Collision Stated (based on Police Blotter Book), 0.0 drivers_injured, 0.0 drivers_killed, 0.0 passengers_injured, 0.0 passengers_killed, 0.0 pedestrian_injured, 0.0 pedestrian_killed, Fair (Day), EDSA Monte De Piedad St. Quezon City",MMDA Road Safety Unit,,5fd28f68-42fe-4852-b490-a197524462c9,2015-08-27,04:20:00,EDSA Banahaw St. Quezon City,0,0,0,0,0,0,0,0,0,0,2015-08-27 12:20,Property,14.62346937,121.0491711,No Collision Stated
None,EDSA,None,None,"No Accident Factor, No Collision Stated (based on Police Blotter Book), 0.0 drivers_injured, 0.0 drivers_killed, 0.0 passengers_injured, 0.0 passengers_killed, 0.0 pedestrian_injured, 0.0 pedestrian_killed, Fair (Day), EDSA West Ave. Quezon City",MMDA Road Safety Unit,,4508024c-f34d-49c1-b999-f665a4bcf22b,2015-08-27,04:00:00,EDSA MRT North Philam Quezon City,0,0,0,0,0,0,0,0,0,0,2015-08-27 12:00,Property,14.65548924,121.0298079,No Collision Stated
None,EDSA,None,None,"No Accident Factor, Rear-end, 0.0 drivers_injured, 0.0 drivers_killed, 0.0 passengers_injured, 0.0 passengers_killed, 0.0 pedestrian_injured, 0.0 pedestrian_killed, Fair (Day), EDSA New York St. Quezon City",MMDA Road Safety Unit,,a8749c36-08b1-4ddf-b5e4-58450775bbf8,2015-08-27,00:50:00,EDSA Philam Quezon City,0,0,0,0,0,0,0,0,0,0,2015-08-27 8:50,Property,14.62568514,121.0482307,Rear-End
None,EDSA,None,None,"No Accident Factor, Side Swipe, 1.0 drivers_injured, 0.0 drivers_killed, 0.0 passengers_injured, 0.0 passengers_killed, 0.0 pedestrian_injured, 0.0 pedestrian_killed, Fair (Day), EDSA Kamias Road Quezon City",MMDA Road Safety Unit,,3ad4703a-a709-46cd-8e62-b0bde4638fc5,2015-08-26,23:35:00,EDSA GMA-7  Quezon City,0,0,0,1,0,0,0,0,0,1,2015-08-27 7:35,Injury,14.6309142,121.0459376,Side Swipe
None,EDSA,None,None,"No Accident Factor, Hit and Run (No Collision Stated), 0.0 drivers_injured, 0.0 drivers_killed, 0.0 passengers_injured, 0.0 passengers_killed, 0.0 pedestrian_injured, 0.0 pedestrian_killed, Fair (Night), EDSA Whiteplains Ave. (Camp Aguinaldo) Quezon City",MMDA Road Safety Unit,,34938450-b6ac-4c87-a28f-a162542ebf8d,2015-08-26,13:00:00,EDSA Quezon Ave.  Quezon City,0,0,0,0,0,0,0,0,0,0,2015-08-26 21:00,Property,14.59961782,121.0596522,No Collision Stated
None,EDSA,None,None,"No Accident Factor, Side Swipe, 0.0 drivers_injured, 0.0 drivers_killed, 0.0 passengers_injured, 0.0 passengers_killed, 0.0 pedestrian_injured, 0.0 pedestrian_killed, Fair (Night), EDSA Col. Bonny Serrano Ave. (Camp Aguinaldo) Quezon City",MMDA Road Safety Unit,,0c642e57-2ed1-42ac-a021-da3c243f7992,2015-08-26,12:30:00,EDSA Col. Bonny Serrano Ave. Quezon City,0,0,0,0,0,0,0,0,0,0,2015-08-26 20:30,Property,14.61107337,121.0550705,Side Swipe
None,EDSA,None,None,"No Accident Factor, No Collision Stated (based on Police Blotter Book), 0.0 drivers_injured, 0.0 drivers_killed, 0.0 passengers_injured, 0.0 passengers_killed, 0.0 pedestrian_injured, 0.0 pedestrian_killed, Fair (Night), EDSA Landmark, Pag asa Quezon City",MMDA Road Safety Unit,,d56897ef-e92d-41f5-9e8e-98affaf322b3,2015-08-26,10:00:00,EDSA NIA Road Quezon City,0,0,0,0,0,0,0,0,0,0,2015-08-26 18:00,Property,14.6509773,121.0331821,No Collision Stated
None,EDSA,None,None,"No Accident Factor, No Collision Stated (based on Police Blotter Book), 0.0 drivers_injured, 0.0 drivers_killed, 0.0 passengers_injured, 0.0 passengers_killed, 0.0 pedestrian_injured, 0.0 pedestrian_killed, Fair (Day), EDSA ""U"" turn slot, Katipu Quezon City",MMDA Road Safety Unit,,f4b6e424-9021-4cbd-a32c-3231df52af1c,2015-08-26,05:00:00,EDSA Panay Ave. Quezon City,0,0,0,0,0,0,0,0,0,0,2015-08-26 13:00,Property,14.6575618,121.016261,No Collision Stated
None,EDSA,None,None,"No Accident Factor, Hit and Run (Side Swipe), 0.0 drivers_injured, 0.0 drivers_killed, 0.0 passengers_injured, 0.0 passengers_killed, 0.0 pedestrian_injured, 0.0 pedestrian_killed, Fair (Day), EDSA Corinthian Garden, Ugong Norte Quezon City",MMDA Road Safety Unit,,62c76cc3-5593-4cd2-9c59-161046512eae,2015-08-26,04:45:00,EDSA Corregidor St. Quezon City,0,0,0,0,0,0,0,0,0,0,2015-08-26 12:45,Property,14.59580783,121.0595248,Side Swipe
None,EDSA,None,None,"No Accident Factor, Rear-end, 0.0 drivers_injured, 0.0 drivers_killed, 0.0 passengers_injured, 0.0 passengers_killed, 0.0 pedestrian_injured, 0.0 pedestrian_killed, Fair (Day), EDSA P. Tuazon Blvd. Quezon City",MMDA Road Safety Unit,,c96b86ef-8571-4e89-a326-b18f799e2927,2015-08-26,04:30:00,"EDSA ""U"" turn slot, Iglesia ni Cristo Quezon City",0,0,0,0,0,0,0,0,0,0,2015-08-26 12:30,Property,14.61656342,121.0525225,Rear-End
None,EDSA,None,None,"No Accident Factor, No Collision Stated (based on Police Blotter Book), 0.0 drivers_injured, 0.0 drivers_killed, 0.0 passengers_injured, 0.0 passengers_killed, 0.0 pedestrian_injured, 0.0 pedestrian_killed, Fair (Day), EDSA Farmers Plaza, Cubao Quezon City",MMDA Road Safety Unit,,b2ce253a-9ee0-455d-a182-d4c81a3e9d18,2015-08-26,00:50:00,EDSA Aurora Blvd. Quezon City,0,0,0,0,0,0,0,0,0,0,2015-08-26 8:50,Property,14.61920525,121.0513476,No Collision Stated
None,EDSA,None,None,"No Accident Factor, Rear-end, 0.0 drivers_injured, 0.0 drivers_killed, 0.0 passengers_injured, 0.0 passengers_killed, 0.0 pedestrian_injured, 0.0 pedestrian_killed, Fair (Day), EDSA Baliwag Liner Bus Terminal, Cubao Quezon City",MMDA Road Safety Unit,,bb785ee2-4131-453a-aaf6-01d914e422e8,2015-08-25,23:35:00,EDSA P. Tuazon Blvd. Quezon City,0,0,0,0,0,0,0,0,0,0,2015-08-26 7:35,Property,14.6244766,121.0489584,Rear-End
None,EDSA,None,None,"No Accident Factor, No Collision Stated (based on Police Blotter Book), 1.0 drivers_injured, 0.0 drivers_killed, 0.0 passengers_injured, 0.0 passengers_killed, 0.0 pedestrian_injured, 0.0 pedestrian_killed, Fair (Day), EDSA Camp Aguinaldo (Gate 3) Quezon City",MMDA Road Safety Unit,,5f3ad2f4-b0ff-4baa-993e-a6bc683361e5,2015-08-25,23:00:00,EDSA Santolan MRT station (NB) Quezon City,0,0,0,1,0,0,0,0,0,1,2015-08-26 7:00,Injury,14.60832492,121.0563666,No Collision Stated
None,EDSA,None,None,"No Accident Factor, Side Swipe, 0.0 drivers_injured, 0.0 drivers_killed, 0.0 passengers_injured, 0.0 passengers_killed, 0.0 pedestrian_injured, 0.0 pedestrian_killed, Fair (Day), EDSA Roosevelt Ave. Quezon City",MMDA Road Safety Unit,,cadefdfc-7e81-4763-9e6a-dcfd6be9f298,2015-08-25,22:30:00,EDSA Aurora Blvd. Quezon City,0,0,0,0,0,0,0,0,0,0,2015-08-26 6:30,Property,14.65762047,121.0196373,Side Swipe
None,EDSA,None,None,"No Accident Factor, Rear-end, 0.0 drivers_injured, 0.0 drivers_killed, 0.0 passengers_injured, 0.0 passengers_killed, 0.0 pedestrian_injured, 0.0 pedestrian_killed, Fair (Day), EDSA Gen. McArthur Ave. Quezon City",MMDA Road Safety Unit,,e97f3e0b-d3d4-416d-9b73-8dfcae797125,2015-08-25,07:20:00,"EDSA Nepa Q-Mart, E. Rodriguez  Quezon City",0,0,0,0,0,0,0,0,0,0,2015-08-25 15:20,Property,14.61805145,121.0517604,Rear-End
None,EDSA,None,None,"No Accident Factor, Rear-end, 0.0 drivers_injured, 0.0 drivers_killed, 0.0 passengers_injured, 0.0 passengers_killed, 0.0 pedestrian_injured, 0.0 pedestrian_killed, Fair (Day), EDSA PS-10 Kamuning  Quezon City",MMDA Road Safety Unit,,c19e3a1c-3c70-4f7a-84e6-4f871c259047,2015-08-25,07:00:00,EDSA Station 10 Kamuning Quezon City,0,0,0,0,0,0,0,0,0,0,2015-08-25 15:00,Property,14.62987095,121.046131,Rear-End
None,EDSA,None,None,"No Accident Factor, Hit and Run (No Collision Stated), 0.0 drivers_injured, 0.0 drivers_killed, 0.0 passengers_injured, 0.0 passengers_killed, 0.0 pedestrian_injured, 0.0 pedestrian_killed, Fair (Day), EDSA Oliveros A. Samson  Quezon City",MMDA Road Safety Unit,,58a85913-1b60-4b95-b847-f841e67e6238,2015-08-25,04:50:00,EDSA Ermin Garcia St. Quezon City,0,0,0,0,0,0,0,0,0,0,2015-08-25 12:50,Property,14.65762799,121.0065288,No Collision Stated