LOCATION_TEXT,ROAD,WEATHER,LIGHT,DESC,REPORTING_AGENCY,MAIN_CAUSE,INCIDENTDETAILS_ID,DATE_UTC,TIME_UTC,ADDRESS,killed_driver,killed_passenger,killed_pedestrian,injured_driver,injured_passenger,injured_pedestrian,killed_uncategorized,injured_uncategorized,killed_total,injured_total,DATETIME_PST,SEVERITY,Y,X,COLLISION_TYPE
None,EDSA,None,None,"No Accident Factor, Rear-end, 0.0 drivers_injured, 0.0 drivers_killed, 0.0 passengers_injured, 0.0 passengers_killed, 0.0 pedestrian_injured, 0.0 pedestrian_killed, Fair (Day), EDSA Timog Ave. Quezon City",MMDA Road Safety Unit,,60ff43ae-9ebe-4893-af3b-f73ec3cac40d,2015-08-25,04:30:00,EDSA Aurora Blvd. Quezon City,0,0,0,0,0,0,0,0,0,0,2015-08-25 12:30,Property,14.63293559,121.0446304,Rear-End
None,EDSA,None,None,"No Accident Factor, Side Swipe, 0.0 drivers_injured, 0.0 drivers_killed, 0.0 passengers_injured, 0.0 passengers_killed, 0.0 pedestrian_injured, 0.0 pedestrian_killed, Fair (Day), EDSA Quezon Ave.  Quezon City",MMDA Road Safety Unit,,653f3e5a-fb91-44d6-9736-6a896a9d0cb4,2015-08-25,00:10:00,EDSA Monte De Piedad St. Quezon City,0,0,0,0,0,0,0,0,0,0,2015-08-25 8:10,Property,14.6442444,121.0375839,Side Swipe
None,EDSA,None,None,"No Accident Factor, Rear-end, 0.0 drivers_injured, 0.0 drivers_killed, 0.0 passengers_injured, 0.0 passengers_killed, 0.0 pedestrian_injured, 0.0 pedestrian_killed, Fair (Day), EDSA Quezon Ave.  Quezon City",MMDA Road Safety Unit,,4369270e-3483-4808-9fd2-d5be2e8d2805,2015-08-24,23:30:00,"EDSA SM Mall North, Bagong Pag-Asa Quezon City",0,0,0,0,0,0,0,0,0,0,2015-08-25 7:30,Property,14.6442444,121.0375839,Rear-End
None,EDSA,None,None,"No Accident Factor, Side Swipe, 0.0 drivers_injured, 0.0 drivers_killed, 0.0 passengers_injured, 0.0 passengers_killed, 0.0 pedestrian_injured, 0.0 pedestrian_killed, Fair (Night), EDSA Aurora Blvd. Quezon City",MMDA Road Safety Unit,,4e724f0b-13f9-4629-93b3-c49d683d24f6,2015-08-24,11:15:00,"EDSA Mercury Drugstore, West Kamias Quezon City",0,0,0,0,0,0,0,0,0,0,2015-08-24 19:15,Property,14.62163653,121.0501573,Side Swipe
None,EDSA,None,None,"No Accident Factor, No Collision Stated (based on Police Blotter Book), 0.0 drivers_injured, 0.0 drivers_killed, 0.0 passengers_injured, 0.0 passengers_killed, 0.0 pedestrian_injured, 0.0 pedestrian_killed, Fair (Day), EDSA ""U"" turn slot, R. Magsaysay Quezon City",MMDA Road Safety Unit,,478560ba-e46d-438d-b1a6-0bfbe10c6747,2015-08-24,04:45:00,EDSA Misamis St. Quezon City,0,0,0,0,0,0,0,0,0,0,2015-08-24 12:45,Property,14.65655357,121.0260701,No Collision Stated
None,EDSA,None,None,"No Accident Factor, Side Swipe, 0.0 drivers_injured, 0.0 drivers_killed, 0.0 passengers_injured, 0.0 passengers_killed, 0.0 pedestrian_injured, 0.0 pedestrian_killed, Fair (Day), EDSA Monte De Piedad St. Quezon City",MMDA Road Safety Unit,,56ec117e-894c-4b02-89e3-b734f159471b,2015-08-24,02:20:00,EDSA P. Tuazon Blvd. Quezon City,0,0,0,0,0,0,0,0,0,0,2015-08-24 10:20,Property,14.62346937,121.0491711,Side Swipe
None,EDSA,None,None,"No Accident Factor, No Collision Stated (based on Police Blotter Book), 0.0 drivers_injured, 0.0 drivers_killed, 0.0 passengers_injured, 0.0 passengers_killed, 0.0 pedestrian_injured, 0.0 pedestrian_killed, Fair (Day), EDSA Quezon Ave. Quezon City",MMDA Road Safety Unit,,6cec6460-31ea-42b4-956f-2397cbfdeb43,2015-08-23,23:40:00,EDSA Mayor Ignacio Diaz St. Quezon City,0,0,0,0,0,0,0,0,0,0,2015-08-24 7:40,Property,14.6442444,121.0375839,No Collision Stated
None,EDSA,None,None,"No Accident Factor, No Collision Stated (based on Police Blotter Book), 0.0 drivers_injured, 0.0 drivers_killed, 0.0 passengers_injured, 0.0 passengers_killed, 0.0 pedestrian_injured, 0.0 pedestrian_killed, Fair (Day), EDSA ""U"" turn slot, Bahay Toro Quezon City",MMDA Road Safety Unit,,76406b7a-a709-45f2-8c04-f192c24f530e,2015-08-23,23:00:00,EDSA Cloverleaf Road Quezon City,0,0,0,0,0,0,0,0,0,0,2015-08-24 7:00,Property,14.65767102,121.0162795,No Collision Stated
None,EDSA,None,None,"No Accident Factor, No Collision Stated (based on Police Blotter Book), 0.0 drivers_injured, 0.0 drivers_killed, 0.0 passengers_injured, 0.0 passengers_killed, 0.0 pedestrian_injured, 0.0 pedestrian_killed, Fair (Day), EDSA Trinoma Quezon City",MMDA Road Safety Unit,,e53912ae-3a9d-466c-9b49-3e6845492fc8,2015-08-23,07:30:00,EDSA Philam Quezon City,0,0,0,0,0,0,0,0,0,0,2015-08-23 15:30,Property,14.65242607,121.0323133,No Collision Stated
None,EDSA,None,None,"No Accident Factor, Rear-end, 0.0 drivers_injured, 0.0 drivers_killed, 0.0 passengers_injured, 0.0 passengers_killed, 0.0 pedestrian_injured, 0.0 pedestrian_killed, Fair (Day), EDSA New York St. Quezon City",MMDA Road Safety Unit,,3cdb749c-9cfc-41d2-8647-21089d6ed58f,2015-08-23,06:30:00,EDSA Aurora Blvd. Quezon City,0,0,0,0,0,0,0,0,0,0,2015-08-23 14:30,Property,14.62568514,121.0482307,Rear-End
None,EDSA,None,None,"No Accident Factor, Hit and Run (No Collision Stated), 0.0 drivers_injured, 0.0 drivers_killed, 0.0 passengers_injured, 0.0 passengers_killed, 0.0 pedestrian_injured, 0.0 pedestrian_killed, Fair (Day), EDSA Scout Borromeo St.  Quezon City",MMDA Road Safety Unit,,36a0133f-b01e-480c-a3e7-bb99ef3d50d6,2015-08-23,04:40:00,EDSA Camp Aguinaldo Quezon City,0,0,0,0,0,0,0,0,0,0,2015-08-23 12:40,Property,14.63715712,121.0419507,No Collision Stated
None,EDSA,None,None,"No Accident Factor, No Collision Stated (based on Police Blotter Book), 0.0 drivers_injured, 0.0 drivers_killed, 0.0 passengers_injured, 0.0 passengers_killed, 0.0 pedestrian_injured, 0.0 pedestrian_killed, Fair (Day), EDSA Congressional Ave. Quezon City",MMDA Road Safety Unit,,e71749e2-0a34-4f37-aed1-dad83cccdc38,2015-08-22,23:30:00,EDSA Ramon Magsaysay Quezon City,0,0,0,0,0,0,0,0,0,0,2015-08-23 7:30,Property,14.6571804,120.9927185,No Collision Stated
None,EDSA,None,None,"No Accident Factor, Side Swipe, 0.0 drivers_injured, 0.0 drivers_killed, 0.0 passengers_injured, 0.0 passengers_killed, 0.0 pedestrian_injured, 0.0 pedestrian_killed, Fair (Day), EDSA Cloverleaf Road Quezon City",MMDA Road Safety Unit,,8cb2e79d-8460-4bd3-b8e6-48eb7a6e1111,2015-08-22,08:15:00,"EDSA ""U"" turn slot, DILG Quezon City",0,0,0,0,0,0,0,0,0,0,2015-08-22 16:15,Property,14.65747901,121.0011914,Side Swipe
None,EDSA,None,None,"No Accident Factor, No Collision Stated (based on Police Blotter Book), 2.0 drivers_injured, 0.0 drivers_killed, 1.0 passengers_injured, 0.0 passengers_killed, 0.0 pedestrian_injured, 0.0 pedestrian_killed, Fair (Day), EDSA Santolan MRT Station, Camp Aguinaldo Quezon City",MMDA Road Safety Unit,,f970dc40-3fdd-4f1b-85e3-94915a75930b,2015-08-22,06:30:00,EDSA Camp Aguinaldo Quezon City,0,0,0,2,1,0,0,0,0,3,2015-08-22 14:30,Injury,14.60773988,121.0564577,No Collision Stated
None,EDSA,None,None,"No Accident Factor, Side Swipe, 0.0 drivers_injured, 0.0 drivers_killed, 0.0 passengers_injured, 0.0 passengers_killed, 0.0 pedestrian_injured, 0.0 pedestrian_killed, Fair (Day), EDSA Aurora Blvd. Quezon City",MMDA Road Safety Unit,,5441564f-1cf1-4ae3-b41e-510560676a3f,2015-08-22,06:30:00,EDSA West Ave. Quezon City,0,0,0,0,0,0,0,0,0,0,2015-08-22 14:30,Property,14.62163653,121.0501573,Side Swipe
None,EDSA,None,None,"No Accident Factor, Hit and Run (No Collision Stated), 0.0 drivers_injured, 0.0 drivers_killed, 0.0 passengers_injured, 0.0 passengers_killed, 0.0 pedestrian_injured, 0.0 pedestrian_killed, Fair (Day), EDSA West Ave. Quezon City",MMDA Road Safety Unit,,3651ff0b-4e99-43f6-850c-32a179c24abe,2015-08-22,06:00:00,EDSA Ramon Magsaysay Quezon City,0,0,0,0,0,0,0,0,0,0,2015-08-22 14:00,Property,14.65548924,121.0298079,No Collision Stated
None,EDSA,None,None,"No Accident Factor, Rear-end, 0.0 drivers_injured, 0.0 drivers_killed, 0.0 passengers_injured, 0.0 passengers_killed, 0.0 pedestrian_injured, 0.0 pedestrian_killed, Fair (Day), EDSA Main Ave. Quezon City",MMDA Road Safety Unit,,c516231e-d71e-4a80-88b1-f61fd0a8776d,2015-08-22,05:30:00,"EDSA Corinthian Garden, Ugong Norte Quezon City",0,0,0,0,0,0,0,0,0,0,2015-08-22 13:30,Property,14.61376458,121.0537933,Rear-End
None,EDSA,None,None,"No Accident Factor, Rear-end, 0.0 drivers_injured, 0.0 drivers_killed, 0.0 passengers_injured, 0.0 passengers_killed, 0.0 pedestrian_injured, 0.0 pedestrian_killed, Fair (Day), EDSA Cloverleaf Road Quezon City",MMDA Road Safety Unit,,bc68710f-a5bd-41bb-b29f-5f36fb159505,2015-08-22,03:40:00,"EDSA Jac Liner Bus Terminal, Pinyahan Quezon City",0,0,0,0,0,0,0,0,0,0,2015-08-22 11:40,Property,14.65747901,121.0011914,Rear-End
None,EDSA,None,None,"No Accident Factor, Side Swipe, 0.0 drivers_injured, 0.0 drivers_killed, 0.0 passengers_injured, 0.0 passengers_killed, 0.0 pedestrian_injured, 0.0 pedestrian_killed, Fair (Day), EDSA Balintawak Market Quezon City",MMDA Road Safety Unit,,a09b182e-b05d-46f5-9be9-2839420336e8,2015-08-21,22:00:00,EDSA DLTB Bus Terminal Quezon City,0,0,0,0,0,0,0,0,0,0,2015-08-22 6:00,Property,14.65740947,121.0025737,Side Swipe
None,EDSA,None,None,"No Accident Factor, No Collision Stated (based on Police Blotter Book), 0.0 drivers_injured, 0.0 drivers_killed, 0.0 passengers_injured, 0.0 passengers_killed, 0.0 pedestrian_injured, 0.0 pedestrian_killed, Fair (Night), EDSA Arayat St. Quezon City",MMDA Road Safety Unit,,f2c71a21-b755-4dba-930f-1e16f89610d3,2015-08-21,20:50:00,EDSA North Ave. Quezon City,0,0,0,0,0,0,0,0,0,0,2015-08-22 4:50,Property,14.61961124,121.0508602,No Collision Stated
None,EDSA,None,None,"No Accident Factor, No Collision Stated (based on Police Blotter Book), 0.0 drivers_injured, 0.0 drivers_killed, 0.0 passengers_injured, 0.0 passengers_killed, 0.0 pedestrian_injured, 0.0 pedestrian_killed, Fair (Night), EDSA Arayat St. Quezon City",MMDA Road Safety Unit,,6ef3d72b-9150-493b-a332-b52b707e9c24,2015-08-21,20:30:00,EDSA Balintawak Market Quezon City,0,0,0,0,0,0,0,0,0,0,2015-08-22 4:30,Property,14.61961124,121.0508602,No Collision Stated
None,EDSA,None,None,"No Accident Factor, Side Swipe, 0.0 drivers_injured, 0.0 drivers_killed, 0.0 passengers_injured, 0.0 passengers_killed, 0.0 pedestrian_injured, 0.0 pedestrian_killed, Fair (Night), EDSA SM North, Pag asa Quezon City",MMDA Road Safety Unit,,d0a03f65-9c73-4834-8228-53ec6a3ca86a,2015-08-21,14:50:00,EDSA Cloverleaf Road Quezon City,0,0,0,0,0,0,0,0,0,0,2015-08-21 22:50,Property,14.65645143,121.0271077,Side Swipe
None,EDSA,None,None,"No Accident Factor, Rear-end, 0.0 drivers_injured, 0.0 drivers_killed, 0.0 passengers_injured, 0.0 passengers_killed, 0.0 pedestrian_injured, 0.0 pedestrian_killed, Fair (Night), EDSA Main Ave. Quezon City",MMDA Road Safety Unit,,b645b73c-562e-4df3-b79e-fd5eabdde0de,2015-08-20,20:00:00,EDSA Kamias Road Quezon City,0,0,0,0,0,0,0,0,0,0,2015-08-21 4:00,Property,14.61376458,121.0537933,Rear-End
None,EDSA,None,None,"No Accident Factor, Hit and Run (No Collision Stated), 0.0 drivers_injured, 0.0 drivers_killed, 0.0 passengers_injured, 0.0 passengers_killed, 0.0 pedestrian_injured, 0.0 pedestrian_killed, Fair (Night), EDSA Superlines Bus Terminal, E. Rodriguez Quezon City",MMDA Road Safety Unit,,ed34dacd-e54d-4d53-ad79-9110ca9eafab,2015-08-20,16:05:00,EDSA Ortigas Ave. Quezon City,0,0,0,0,0,0,0,0,0,0,2015-08-21 0:05,Property,14.62512241,121.0484162,No Collision Stated
None,EDSA,None,None,"No Accident Factor, Side Swipe, 0.0 drivers_injured, 0.0 drivers_killed, 0.0 passengers_injured, 0.0 passengers_killed, 0.0 pedestrian_injured, 0.0 pedestrian_killed, Fair (Day), EDSA Aurora Blvd. Quezon City",MMDA Road Safety Unit,,7cf6e094-033f-465a-8ce9-f05f0d278862,2015-08-20,09:50:00,"EDSA Santolan MRT Station, Camp Aguinaldo  Quezon City",0,0,0,0,0,0,0,0,0,0,2015-08-20 17:50,Property,14.62163653,121.0501573,Side Swipe
None,EDSA,None,None,"No Accident Factor, Side Swipe, 0.0 drivers_injured, 0.0 drivers_killed, 0.0 passengers_injured, 0.0 passengers_killed, 0.0 pedestrian_injured, 0.0 pedestrian_killed, Fair (Day), EDSA Corinthian Garden, Whiteplains Quezon City",MMDA Road Safety Unit,,1276c712-9714-4296-b2e4-17fe0fe6b127,2015-08-20,08:40:00,EDSA Kamias Road Quezon City,0,0,0,0,0,0,0,0,0,0,2015-08-20 16:40,Property,14.59580783,121.0595248,Side Swipe
None,EDSA,None,None,"No Accident Factor, Rear-end, 0.0 drivers_injured, 0.0 drivers_killed, 0.0 passengers_injured, 0.0 passengers_killed, 0.0 pedestrian_injured, 0.0 pedestrian_killed, Fair (Day), EDSA East Ave. Quezon City",MMDA Road Safety Unit,,8ee552b2-feb5-4d92-9010-984b81999fd7,2015-08-20,08:30:00,"EDSA Main Ave. (Petron Gas Station, Socorro) Quezon City",0,0,0,0,0,0,0,0,0,0,2015-08-20 16:30,Property,14.6328297,121.0451176,Rear-End
None,EDSA,None,None,"No Accident Factor, Side Swipe, 0.0 drivers_injured, 0.0 drivers_killed, 0.0 passengers_injured, 0.0 passengers_killed, 0.0 pedestrian_injured, 0.0 pedestrian_killed, Fair (Day), EDSA Puregold Balintawak  Quezon City",MMDA Road Safety Unit,,72de7c6d-be1f-42fd-bbcb-f55f2559c745,2015-08-20,04:45:00,EDSA Nueva Ecija St. Quezon City,0,0,0,0,0,0,0,0,0,0,2015-08-20 12:45,Property,14.65739538,121.0046638,Side Swipe
None,EDSA,None,None,"No Accident Factor, Rear-end, 0.0 drivers_injured, 0.0 drivers_killed, 0.0 passengers_injured, 0.0 passengers_killed, 0.0 pedestrian_injured, 0.0 pedestrian_killed, Fair (Day), EDSA Roosevelt Ave. Quezon City",MMDA Road Safety Unit,,36539117-e0c2-466a-b696-002fb2ab3e86,2015-08-19,23:45:00,"EDSA Corinthian Garden, Ugong Norte Quezon City",0,0,0,0,0,0,0,0,0,0,2015-08-20 7:45,Property,14.65762047,121.0196373,Rear-End
None,EDSA,None,None,"No Accident Factor, No Collision Stated (based on Police Blotter Book), 0.0 drivers_injured, 0.0 drivers_killed, 0.0 passengers_injured, 0.0 passengers_killed, 0.0 pedestrian_injured, 0.0 pedestrian_killed, Fair (Day), EDSA Corinthian Garden, Ugong Norte Quezon City",MMDA Road Safety Unit,,5df6e826-6b82-4189-ac66-3f1d41e6f7d2,2015-08-19,09:00:00,EDSA Ramon Magsaysay Quezon City,0,0,0,0,0,0,0,0,0,0,2015-08-19 17:00,Property,14.59580783,121.0595248,No Collision Stated
None,EDSA,None,None,"No Accident Factor, Hit and Run (No Collision Stated), 0.0 drivers_injured, 0.0 drivers_killed, 0.0 passengers_injured, 0.0 passengers_killed, 0.0 pedestrian_injured, 0.0 pedestrian_killed, Fair (Day), EDSA Congressional Ave. Quezon City",MMDA Road Safety Unit,,aef01484-3a58-45f5-b98e-04cdf6b58969,2015-08-19,07:30:00,EDSA P. Tuazon Blvd. Quezon City,0,0,0,0,0,0,0,0,0,0,2015-08-19 15:30,Property,14.6571804,120.9927185,No Collision Stated
None,EDSA,None,None,"No Accident Factor, Side Swipe, 0.0 drivers_injured, 0.0 drivers_killed, 0.0 passengers_injured, 0.0 passengers_killed, 0.0 pedestrian_injured, 0.0 pedestrian_killed, Fair (Day), EDSA P. Tuazon Blvd. Quezon City",MMDA Road Safety Unit,,e2dd358b-623a-432f-88bf-7443a1a07499,2015-08-18,22:15:00,EDSA New York St. Quezon City,0,0,0,0,0,0,0,0,0,0,2015-08-19 6:15,Property,14.61656342,121.0525225,Side Swipe
None,EDSA,None,None,"No Accident Factor, Rear-end, 0.0 drivers_injured, 0.0 drivers_killed, 0.0 passengers_injured, 0.0 passengers_killed, 0.0 pedestrian_injured, 0.0 pedestrian_killed, Fair (Day), EDSA Timog Ave. Quezon City",MMDA Road Safety Unit,,1d3c5f3d-1033-49cc-89e6-2259d86a6cb2,2015-08-18,08:00:00,"EDSA ""U"" turn slot, Bagong Pag-asa Quezon City",0,0,0,0,0,0,0,0,0,0,2015-08-18 16:00,Property,14.63293559,121.0446304,Rear-End
None,EDSA,None,None,"No Accident Factor, No Collision Stated (based on Police Blotter Book), 0.0 drivers_injured, 0.0 drivers_killed, 0.0 passengers_injured, 0.0 passengers_killed, 0.0 pedestrian_injured, 0.0 pedestrian_killed, Fair (Day), EDSA Quezon Ave. Quezon City",MMDA Road Safety Unit,,95bb2eb0-54ec-4c31-82f5-8170f2d50aec,2015-08-18,07:20:00,"EDSA Corinthian Garden, Ugong Norte Quezon City",0,0,0,0,0,0,0,0,0,0,2015-08-18 15:20,Property,14.6442444,121.0375839,No Collision Stated
None,EDSA,None,None,"No Accident Factor, No Collision Stated (based on Police Blotter Book), 0.0 drivers_injured, 0.0 drivers_killed, 0.0 passengers_injured, 0.0 passengers_killed, 0.0 pedestrian_injured, 0.0 pedestrian_killed, Fair (Day), EDSA Kamias Road (Jolllibee), West Kamias Quezon City",MMDA Road Safety Unit,,8434a16b-ee86-4138-a3a4-ebf849dcdae5,2015-08-18,07:00:00,EDSA Cloverleaf Road Quezon City,0,0,0,0,0,0,0,0,0,0,2015-08-18 15:00,Property,14.6309142,121.0459376,No Collision Stated
None,EDSA,None,None,"No Accident Factor, No Collision Stated (based on Police Blotter Book), 0.0 drivers_injured, 0.0 drivers_killed, 0.0 passengers_injured, 0.0 passengers_killed, 0.0 pedestrian_injured, 0.0 pedestrian_killed, Fair (Day), EDSA East Ave. Quezon City",MMDA Road Safety Unit,,43eb173d-c191-4d41-b953-626a7d12a53b,2015-08-18,04:55:00,EDSA Aurora Blvd. Quezon City,0,0,0,0,0,0,0,0,0,0,2015-08-18 12:55,Property,14.6328297,121.0451176,No Collision Stated
None,EDSA,None,None,"No Accident Factor, Hit and Run (No Collision Stated), 0.0 drivers_injured, 0.0 drivers_killed, 0.0 passengers_injured, 0.0 passengers_killed, 0.0 pedestrian_injured, 0.0 pedestrian_killed, Fair (Day), EDSA Ortigas Ave. Quezon City",MMDA Road Safety Unit,,6730b5c4-fcb5-4cd8-9749-8ff4e31b9ec5,2015-08-18,04:15:00,EDSA Cloverleaf Road Quezon City,0,0,0,0,0,0,0,0,0,0,2015-08-18 12:15,Property,14.59335253,121.0584107,No Collision Stated
None,EDSA,None,None,"No Accident Factor, No Collision Stated (based on Police Blotter Book), 0.0 drivers_injured, 0.0 drivers_killed, 0.0 passengers_injured, 0.0 passengers_killed, 0.0 pedestrian_injured, 0.0 pedestrian_killed, Fair (Day), EDSA New York St. Quezon City",MMDA Road Safety Unit,,18cbf588-319a-4c2c-b63b-299dad447cc0,2015-08-18,01:35:00,EDSA Quezon Ave.  Quezon City,0,0,0,0,0,0,0,0,0,0,2015-08-18 9:35,Property,14.62568514,121.0482307,No Collision Stated
None,EDSA,None,None,"No Accident Factor, Rear-end, 0.0 drivers_injured, 0.0 drivers_killed, 0.0 passengers_injured, 0.0 passengers_killed, 0.0 pedestrian_injured, 0.0 pedestrian_killed, Fair (Day), EDSA Cloverleaf Quezon City",MMDA Road Safety Unit,,6c828376-9175-4ac1-9c30-b96229101303,2015-08-18,01:10:00,EDSA Col. Bonny Serrano Ave. Quezon City,0,0,0,0,0,0,0,0,0,0,2015-08-18 9:10,Property,14.65747901,121.0011914,Rear-End
None,EDSA,None,None,"No Accident Factor, No Collision Stated (based on Police Blotter Book), 0.0 drivers_injured, 0.0 drivers_killed, 0.0 passengers_injured, 0.0 passengers_killed, 0.0 pedestrian_injured, 0.0 pedestrian_killed, Fair (Day), EDSA SM North, Pag asa Quezon City",MMDA Road Safety Unit,,e59baf38-4187-4144-8a7e-bf71f930a38b,2015-08-18,00:10:00,EDSA Ortigas Ave. Quezon City,0,0,0,0,0,0,0,0,0,0,2015-08-18 8:10,Property,14.65645143,121.0271077,No Collision Stated
None,EDSA,None,None,"No Accident Factor, Rear-end, 0.0 drivers_injured, 0.0 drivers_killed, 0.0 passengers_injured, 0.0 passengers_killed, 0.0 pedestrian_injured, 0.0 pedestrian_killed, Fair (Day), EDSA P. Bernardo St. Quezon City",MMDA Road Safety Unit,,edba0794-4084-425d-a077-fccac02b8313,2015-08-18,00:00:00,"EDSA Seminary Road, Bahay Toro Quezon City",0,0,0,0,0,0,0,0,0,0,2015-08-18 8:00,Property,14.61660092,121.0524313,Rear-End
None,EDSA,None,None,"No Accident Factor, Side Swipe, 0.0 drivers_injured, 0.0 drivers_killed, 0.0 passengers_injured, 0.0 passengers_killed, 0.0 pedestrian_injured, 0.0 pedestrian_killed, Fair (Night), EDSA Waltermart Exit  Quezon City",MMDA Road Safety Unit,,e1e97f23-3794-4d1e-8187-922dc7132a3a,2015-08-17,11:30:00,EDSA Misamis St. Quezon City,0,0,0,0,0,0,0,0,0,0,2015-08-17 19:30,Property,14.6574558,121.0213579,Side Swipe
None,EDSA,None,None,"No Accident Factor, Side Swipe, 0.0 drivers_injured, 0.0 drivers_killed, 0.0 passengers_injured, 0.0 passengers_killed, 0.0 pedestrian_injured, 0.0 pedestrian_killed, Fair (Night), EDSA Waltermart Quezon City",MMDA Road Safety Unit,,ab57a96c-a8ec-47ce-893b-a47b06ac633b,2015-08-17,11:30:00,EDSA Balintawak Market Quezon City,0,0,0,0,0,0,0,0,0,0,2015-08-17 19:30,Property,14.6574558,121.0213579,Side Swipe
None,EDSA,None,None,"No Accident Factor, Rear-end, 0.0 drivers_injured, 0.0 drivers_killed, 0.0 passengers_injured, 0.0 passengers_killed, 0.0 pedestrian_injured, 0.0 pedestrian_killed, Fair (Day), EDSA Monte De Piedad St. Quezon City",MMDA Road Safety Unit,,fb432fa5-9a26-4056-a42b-ad62498271b0,2015-08-17,06:15:00,"EDSA ""U"" turn slot, Trinoma Mall, Pag-Asa Quezon City",0,0,0,0,0,0,0,0,0,0,2015-08-17 14:15,Property,14.62346937,121.0491711,Rear-End
None,EDSA,None,None,"No Accident Factor, Side Swipe, 0.0 drivers_injured, 0.0 drivers_killed, 0.0 passengers_injured, 0.0 passengers_killed, 0.0 pedestrian_injured, 0.0 pedestrian_killed, Fair (Day), EDSA Jam Liner Bus Terminal Quezon City",MMDA Road Safety Unit,,a8354c84-e2df-4a01-8531-9e1ec34f217a,2015-08-17,03:30:00,"EDSA Trinoma Mall, Pag-Asa Quezon City",0,0,0,0,0,0,0,0,0,0,2015-08-17 11:30,Property,14.63113373,121.0455992,Side Swipe
None,EDSA,None,None,"No Accident Factor, Rear-end, 0.0 drivers_injured, 0.0 drivers_killed, 0.0 passengers_injured, 0.0 passengers_killed, 0.0 pedestrian_injured, 0.0 pedestrian_killed, Fair (Day), EDSA Ermin Garcia St. Quezon City",MMDA Road Safety Unit,,0172aff8-d63a-4758-bb1c-9ac0d7ac24ad,2015-08-17,02:15:00,EDSA Philam Quezon City,0,0,0,0,0,0,0,0,0,0,2015-08-17 10:15,Property,14.62758814,121.047487,Rear-End
None,EDSA,None,None,"No Accident Factor, Rear-end, 0.0 drivers_injured, 0.0 drivers_killed, 0.0 passengers_injured, 0.0 passengers_killed, 0.0 pedestrian_injured, 0.0 pedestrian_killed, Fair (Day), EDSA Arayat St. Quezon City",MMDA Road Safety Unit,,6dbf58c9-ce1a-4ec0-ac0d-b1e96c7b5120,2015-08-17,01:05:00,"EDSA SM Mall Bus Loading Bay, Pag-Asa Quezon City",0,0,0,0,0,0,0,0,0,0,2015-08-17 9:05,Property,14.61961124,121.0508602,Rear-End
None,EDSA,None,None,"No Accident Factor, Rear-end, 0.0 drivers_injured, 0.0 drivers_killed, 0.0 passengers_injured, 0.0 passengers_killed, 0.0 pedestrian_injured, 0.0 pedestrian_killed, Fair (Day), EDSA Timog Ave. Quezon City",MMDA Road Safety Unit,,e4e9a8ab-3dca-417b-852a-7ff3add9c3ed,2015-08-17,00:20:00,EDSA Balintawak Market Quezon City,0,0,0,0,0,0,0,0,0,0,2015-08-17 8:20,Property,14.63293559,121.0446304,Rear-End
None,EDSA,None,None,"No Accident Factor, Rear-end, 0.0 drivers_injured, 0.0 drivers_killed, 0.0 passengers_injured, 0.0 passengers_killed, 0.0 pedestrian_injured, 0.0 pedestrian_killed, Fair (Day), EDSA P. Tuazon Blvd. Quezon City",MMDA Road Safety Unit,,67df6724-67a4-43e1-b3bf-41b1d5f49cc3,2015-08-17,00:10:00,"EDSA ""U"" turn slot, Bagong Pag-asa Quezon City",0,0,0,0,0,0,0,0,0,0,2015-08-17 8:10,Property,14.61656342,121.0525225,Rear-End
None,EDSA,None,None,"No Accident Factor, No Collision Stated (based on Police Blotter Book), 0.0 drivers_injured, 0.0 drivers_killed, 0.0 passengers_injured, 0.0 passengers_killed, 0.0 pedestrian_injured, 0.0 pedestrian_killed, Fair (Day), EDSA Quezon Ave.    Quezon City",MMDA Road Safety Unit,,100e3750-ccf4-46e3-934e-cf4ee84c18da,2015-08-17,00:05:00,"EDSA Centris Complex, Pinyahan Quezon City",0,0,0,0,0,0,0,0,0,0,2015-08-17 8:05,Property,14.6442444,121.0375839,No Collision Stated
None,EDSA,None,None,"No Accident Factor, Rear-end, 0.0 drivers_injured, 0.0 drivers_killed, 0.0 passengers_injured, 0.0 passengers_killed, 0.0 pedestrian_injured, 0.0 pedestrian_killed, Fair (Day), EDSA Cloverleaf Quezon City",MMDA Road Safety Unit,,afefa7a3-c68d-4ced-823d-ad87023181d8,2015-08-17,00:00:00,EDSA Cloverleaf Road Quezon City,0,0,0,0,0,0,0,0,0,0,2015-08-17 8:00,Property,14.65747901,121.0011914,Rear-End
None,EDSA,None,None,"No Accident Factor, Rear-end, 0.0 drivers_injured, 0.0 drivers_killed, 0.0 passengers_injured, 0.0 passengers_killed, 0.0 pedestrian_injured, 0.0 pedestrian_killed, Fair (Day), EDSA New York St. Quezon City",MMDA Road Safety Unit,,59a7166f-2e38-4561-8120-d0a7c3be9a2c,2015-08-16,23:45:00,EDSA New York St. Quezon City,0,0,0,0,0,0,0,0,0,0,2015-08-17 7:45,Property,14.62568514,121.0482307,Rear-End