LOCATION_TEXT,ROAD,WEATHER,LIGHT,DESC,REPORTING_AGENCY,MAIN_CAUSE,INCIDENTDETAILS_ID,DATE_UTC,TIME_UTC,ADDRESS,killed_driver,killed_passenger,killed_pedestrian,injured_driver,injured_passenger,injured_pedestrian,killed_uncategorized,injured_uncategorized,killed_total,injured_total,DATETIME_PST,SEVERITY,Y,X,COLLISION_TYPE
None,EDSA,None,None,"No Accident Factor, No Collision Stated (based on Police Blotter Book), 0.0 drivers_injured, 0.0 drivers_killed, 0.0 passengers_injured, 0.0 passengers_killed, 0.0 pedestrian_injured, 0.0 pedestrian_killed, Fair (Night), EDSA Cloverleaf Quezon City",MMDA Road Safety Unit,,2a6849f5-0696-4153-b68c-a497471cc953,2015-08-16,20:10:00,EDSA Ermin Garcia St. Quezon City,0,0,0,0,0,0,0,0,0,0,2015-08-17 4:10,Property,14.65747901,121.0011914,No Collision Stated
None,EDSA,None,None,"No Accident Factor, No Collision Stated (based on Police Blotter Book), 0.0 drivers_injured, 0.0 drivers_killed, 0.0 passengers_injured, 0.0 passengers_killed, 0.0 pedestrian_injured, 0.0 pedestrian_killed, Fair (Day), EDSA Congressional Ave. Quezon City",MMDA Road Safety Unit,,40eec739-aae6-4260-8a95-77c6fa278d7a,2015-08-16,02:10:00,EDSA North Ave. Quezon City,0,0,0,0,0,0,0,0,0,0,2015-08-16 10:10,Property,14.6571804,120.9927185,No Collision Stated
None,EDSA,None,None,"No Accident Factor, No Collision Stated (based on Police Blotter Book), 0.0 drivers_injured, 0.0 drivers_killed, 0.0 passengers_injured, 0.0 passengers_killed, 0.0 pedestrian_injured, 0.0 pedestrian_killed, Fair (Day), EDSA K-3rd St.  Quezon City",MMDA Road Safety Unit,,efbe4b99-963f-47fa-96a3-3932a483e156,2015-08-15,22:00:00,EDSA Corregidor St. Quezon City,0,0,0,0,0,0,0,0,0,0,2015-08-16 6:00,Property,14.62942357,121.0463854,No Collision Stated
None,EDSA,None,None,"No Accident Factor, Angle Impact, 0.0 drivers_injured, 0.0 drivers_killed, 0.0 passengers_injured, 0.0 passengers_killed, 0.0 pedestrian_injured, 0.0 pedestrian_killed, Fair (Night), EDSA Main Ave. Quezon City",MMDA Road Safety Unit,,076a80c4-4fb6-470f-881a-53ea8fc400a2,2015-08-15,13:50:00,"EDSA Farmers Plaza, Cubao Quezon City",0,0,0,0,0,0,0,0,0,0,2015-08-15 21:50,Property,14.61376458,121.0537933,Angle Impact
None,EDSA,None,None,"No Accident Factor, No Collision Stated (based on Police Blotter Book), 0.0 drivers_injured, 0.0 drivers_killed, 0.0 passengers_injured, 0.0 passengers_killed, 0.0 pedestrian_injured, 0.0 pedestrian_killed, Fair (Night), EDSA Roosevelt Ave. Quezon City",MMDA Road Safety Unit,,81a4ce9c-ed10-41ee-bb85-067a9a899c7d,2015-08-15,10:10:00,EDSA Corinthian Garden Quezon City,0,0,0,0,0,0,0,0,0,0,2015-08-15 18:10,Property,14.65762047,121.0196373,No Collision Stated
None,EDSA,None,None,"No Accident Factor, Rear-end, 0.0 drivers_injured, 0.0 drivers_killed, 0.0 passengers_injured, 0.0 passengers_killed, 0.0 pedestrian_injured, 0.0 pedestrian_killed, Fair (Day), EDSA Puregold Balingasa Quezon City",MMDA Road Safety Unit,,e2b8ba7d-41a4-4ddc-8029-e3cc6b7709fc,2015-08-15,07:05:00,"EDSA ""U"" turn slot, P. Tuazon Blvd. Quezon City",0,0,0,0,0,0,0,0,0,0,2015-08-15 15:05,Property,14.65739538,121.0046638,Rear-End
None,EDSA,None,None,"No Accident Factor, Side Swipe, 0.0 drivers_injured, 0.0 drivers_killed, 0.0 passengers_injured, 0.0 passengers_killed, 0.0 pedestrian_injured, 0.0 pedestrian_killed, Fair (Day), EDSA Roosevelt Ave. Quezon City",MMDA Road Safety Unit,,5cd92c1c-9ef4-4ef7-89e9-eda6bd3cd8a1,2015-08-15,01:30:00,EDSA Misamis St. Quezon City,0,0,0,0,0,0,0,0,0,0,2015-08-15 9:30,Property,14.65762047,121.0196373,Side Swipe
None,EDSA,None,None,"No Accident Factor, Side Swipe, 0.0 drivers_injured, 0.0 drivers_killed, 0.0 passengers_injured, 0.0 passengers_killed, 0.0 pedestrian_injured, 0.0 pedestrian_killed, Fair (Day), EDSA Quezon Ave.  Quezon City",MMDA Road Safety Unit,,8cf687b0-70e1-4e80-bdf8-71889448e35b,2015-08-14,22:30:00,"EDSA Mindanao Ave. Ext., Bagong Pag-asa Quezon City",0,0,0,0,0,0,0,0,0,0,2015-08-15 6:30,Property,14.6442444,121.0375839,Side Swipe
None,EDSA,None,None,"No Accident Factor, No Collision Stated (based on Police Blotter Book), 0.0 drivers_injured, 0.0 drivers_killed, 0.0 passengers_injured, 0.0 passengers_killed, 0.0 pedestrian_injured, 0.0 pedestrian_killed, Fair (Night), EDSA Balintawak Market Quezon City",MMDA Road Safety Unit,,2246e824-c9eb-43e6-8f55-679bc585e02b,2015-08-14,21:20:00,EDSA West Ave. Quezon City,0,0,0,0,0,0,0,0,0,0,2015-08-15 5:20,Property,14.65740947,121.0025737,No Collision Stated
None,EDSA,None,None,"No Accident Factor, Rear-end, 0.0 drivers_injured, 0.0 drivers_killed, 0.0 passengers_injured, 0.0 passengers_killed, 0.0 pedestrian_injured, 0.0 pedestrian_killed, Fair (Day), EDSA P. Tuazon Blvd., Socorro Quezon City",MMDA Road Safety Unit,,f0e5f0e0-f23a-435d-9cd0-b5461a41ba02,2015-08-14,09:45:00,"EDSA ""U"" turn slot, Dario Bridge, Bagong Pag-asa Quezon City",0,0,0,0,0,0,0,0,0,0,2015-08-14 17:45,Property,14.61656342,121.0525225,Rear-End
None,EDSA,None,None,"No Accident Factor, Side Swipe, 0.0 drivers_injured, 0.0 drivers_killed, 0.0 passengers_injured, 0.0 passengers_killed, 0.0 pedestrian_injured, 0.0 pedestrian_killed, Fair (Day), EDSA Ermin Garcia St. Quezon City",MMDA Road Safety Unit,,e4113e45-7076-4874-8566-da28e4c75d69,2015-08-14,08:00:00,"EDSA Shell Gas station, Katipu Quezon City",0,0,0,0,0,0,0,0,0,0,2015-08-14 16:00,Property,14.62758814,121.047487,Side Swipe
None,EDSA,None,None,"No Accident Factor, Side Swipe, 0.0 drivers_injured, 0.0 drivers_killed, 0.0 passengers_injured, 0.0 passengers_killed, 0.0 pedestrian_injured, 0.0 pedestrian_killed, Fair (Day), EDSA Timog Ave. (SB)  Quezon City",MMDA Road Safety Unit,,ee48ec6b-6120-45cb-a40f-8f3c73c97e0a,2015-08-14,06:50:00,"EDSA ""U"" turn slot, Waltermart Quezon City",0,0,0,0,0,0,0,0,0,0,2015-08-14 14:50,Property,14.63293559,121.0446304,Side Swipe
None,EDSA,None,None,"No Accident Factor, Side Swipe, 0.0 drivers_injured, 0.0 drivers_killed, 0.0 passengers_injured, 0.0 passengers_killed, 0.0 pedestrian_injured, 0.0 pedestrian_killed, Fair (Day), EDSA Waltermart Veterans Quezon City",MMDA Road Safety Unit,,2dac0685-7c97-420f-b500-d74411331c4c,2015-08-14,06:30:00,EDSA New York St. Quezon City,0,0,0,0,0,0,0,0,0,0,2015-08-14 14:30,Property,14.6574558,121.0213579,Side Swipe
None,EDSA,None,None,"No Accident Factor, Rear-end, 0.0 drivers_injured, 0.0 drivers_killed, 0.0 passengers_injured, 0.0 passengers_killed, 0.0 pedestrian_injured, 0.0 pedestrian_killed, Fair (Day), EDSA Scout Borromeo St.  Quezon City",MMDA Road Safety Unit,,ea694f23-3c5b-4546-951a-048a6876698d,2015-08-14,05:30:00,"EDSA Santolan MRT Station, Camp Aguinaldo  Quezon City",0,0,0,0,0,0,0,0,0,0,2015-08-14 13:30,Property,14.63715712,121.0419507,Rear-End
None,EDSA,None,None,"No Accident Factor, Multiple Collision, 0.0 drivers_injured, 0.0 drivers_killed, 0.0 passengers_injured, 0.0 passengers_killed, 0.0 pedestrian_injured, 0.0 pedestrian_killed, Fair (Day), EDSA Centris Mall, Pinyahan Quezon City",MMDA Road Safety Unit,,fd8bd07b-cbb8-4552-ae01-e098769b3d06,2015-08-14,04:45:00,"EDSA Farmers Plaza, Cubao Quezon City",0,0,0,0,0,0,0,0,0,0,2015-08-14 12:45,Property,14.64255755,121.038725,Multiple
None,EDSA,None,None,"No Accident Factor, Rear-end, 0.0 drivers_injured, 0.0 drivers_killed, 0.0 passengers_injured, 0.0 passengers_killed, 0.0 pedestrian_injured, 0.0 pedestrian_killed, Fair (Day), EDSA Corinthian Garden, Ugong Norte Quezon City",MMDA Road Safety Unit,,a44c1595-0dc2-439c-a395-e159c3a6300e,2015-08-14,04:30:00,EDSA Kamias Road Quezon City,0,0,0,0,0,0,0,0,0,0,2015-08-14 12:30,Property,14.59580783,121.0595248,Rear-End
None,EDSA,None,None,"No Accident Factor, Side Swipe, 0.0 drivers_injured, 0.0 drivers_killed, 0.0 passengers_injured, 0.0 passengers_killed, 0.0 pedestrian_injured, 0.0 pedestrian_killed, Fair (Day), EDSA Whiteplains Ave. Quezon City",MMDA Road Safety Unit,,b4197e1f-2577-428d-8212-987991f4f4a4,2015-08-14,01:40:00,EDSA Ramon Magsaysay Quezon City,0,0,0,0,0,0,0,0,0,0,2015-08-14 9:40,Property,14.59961782,121.0596522,Side Swipe
None,EDSA,None,None,"No Accident Factor, Side Swipe, 0.0 drivers_injured, 0.0 drivers_killed, 0.0 passengers_injured, 0.0 passengers_killed, 0.0 pedestrian_injured, 0.0 pedestrian_killed, Fair (Day), EDSA Bansalangin St. Quezon City",MMDA Road Safety Unit,,83afbc58-a5ec-4d2e-9579-8a79b09635ec,2015-08-13,22:30:00,EDSA Quezon Ave.  Quezon City,0,0,0,0,0,0,0,0,0,0,2015-08-14 6:30,Property,14.6567996,121.0241845,Side Swipe
None,EDSA,None,None,"No Accident Factor, Side Swipe, 0.0 drivers_injured, 0.0 drivers_killed, 0.0 passengers_injured, 0.0 passengers_killed, 0.0 pedestrian_injured, 0.0 pedestrian_killed, Fair (Night), EDSA Panay Ave. Quezon City",MMDA Road Safety Unit,,cf74660a-0662-4a5c-aae7-79dcd6e2ee29,2015-08-13,18:05:00,EDSA Ortigas Ave. Quezon City,0,0,0,0,0,0,0,0,0,0,2015-08-14 2:05,Property,14.64294686,121.0381076,Side Swipe
None,EDSA,None,None,"No Accident Factor, Hit and Run (No Collision Stated), 0.0 drivers_injured, 0.0 drivers_killed, 0.0 passengers_injured, 0.0 passengers_killed, 0.0 pedestrian_injured, 0.0 pedestrian_killed, Fair (Night), EDSA P. Tuazon Blvd. Quezon City",MMDA Road Safety Unit,,f267781e-78a6-4f78-8f4e-110ca6f9ac29,2015-08-13,11:30:00,EDSA Main Ave. Quezon City,0,0,0,0,0,0,0,0,0,0,2015-08-13 19:30,Property,14.61656342,121.0525225,No Collision Stated
None,EDSA,None,None,"No Accident Factor, No Collision Stated (based on Police Blotter Book), 0.0 drivers_injured, 0.0 drivers_killed, 0.0 passengers_injured, 0.0 passengers_killed, 0.0 pedestrian_injured, 0.0 pedestrian_killed, Fair (Night), EDSA Panay Ave. Quezon City",MMDA Road Safety Unit,,d89ba642-4b3c-4622-8da2-715dadbf14b5,2015-08-13,11:30:00,EDSA Congressional Ave. Quezon City,0,0,0,0,0,0,0,0,0,0,2015-08-13 19:30,Property,14.64294686,121.0381076,No Collision Stated
None,EDSA,None,None,"No Accident Factor, Side Swipe, 0.0 drivers_injured, 0.0 drivers_killed, 0.0 passengers_injured, 0.0 passengers_killed, 0.0 pedestrian_injured, 0.0 pedestrian_killed, Fair (Day), EDSA Corinthian Garden, Ugong Norte Quezon City",MMDA Road Safety Unit,,26414769-1876-484e-ac27-4be40b893869,2015-08-13,02:30:00,EDSA Timog Ave. Quezon City,0,0,0,0,0,0,0,0,0,0,2015-08-13 10:30,Property,14.59580783,121.0595248,Side Swipe
None,EDSA,None,None,"No Accident Factor, No Collision Stated (based on Police Blotter Book), 0.0 drivers_injured, 0.0 drivers_killed, 0.0 passengers_injured, 0.0 passengers_killed, 0.0 pedestrian_injured, 0.0 pedestrian_killed, Fair (Day), EDSA Kamias Road Quezon City",MMDA Road Safety Unit,,c34b7547-26ce-4c5b-b74f-b96295b67a3e,2015-08-13,00:30:00,EDSA North Ave. Quezon City,0,0,0,0,0,0,0,0,0,0,2015-08-13 8:30,Property,14.6309142,121.0459376,No Collision Stated
None,EDSA,None,None,"No Accident Factor, Hit Object (Separator-Concrete), 0.0 drivers_injured, 0.0 drivers_killed, 0.0 passengers_injured, 0.0 passengers_killed, 0.0 pedestrian_injured, 0.0 pedestrian_killed, Fair (Night), EDSA Mapagmahal St.  Quezon City",MMDA Road Safety Unit,,6d2f11db-e32e-4021-a3ed-b1b8da562d4a,2015-08-12,15:00:00,"EDSA ""U"" turn slot, Bagong Pag-asa Quezon City",0,0,0,0,0,0,0,0,0,0,2015-08-12 23:00,Property,14.63185046,121.0455315,Hit Object
None,EDSA,None,None,"No Accident Factor, No Collision Stated (based on Police Blotter Book), 0.0 drivers_injured, 0.0 drivers_killed, 0.0 passengers_injured, 0.0 passengers_killed, 0.0 pedestrian_injured, 0.0 pedestrian_killed, Fair (Night), EDSA Roosevelt Ave. Quezon City",MMDA Road Safety Unit,,9486d5c9-58d5-4dff-86a3-cb3045dafd87,2015-08-12,12:30:00,EDSA Panay Ave. Quezon City,0,0,0,0,0,0,0,0,0,0,2015-08-12 20:30,Property,14.65762047,121.0196373,No Collision Stated
None,EDSA,None,None,"No Accident Factor, Hit Object (Fence/Wall-See-thru), 0.0 drivers_injured, 0.0 drivers_killed, 0.0 passengers_injured, 0.0 passengers_killed, 0.0 pedestrian_injured, 0.0 pedestrian_killed, Fair (Day), EDSA Cloverleaf Road Quezon City",MMDA Road Safety Unit,,89441497-03be-483f-ae52-5ac582ca5f9e,2015-08-12,07:55:00,EDSA Main Ave. Quezon City,0,0,0,0,0,0,0,0,0,0,2015-08-12 15:55,Property,14.65747901,121.0011914,Hit Object
None,EDSA,None,None,"No Accident Factor, Rear-end, 0.0 drivers_injured, 0.0 drivers_killed, 0.0 passengers_injured, 0.0 passengers_killed, 0.0 pedestrian_injured, 0.0 pedestrian_killed, Fair (Day), EDSA Kamias Road Quezon City",MMDA Road Safety Unit,,d6194f5d-d7d6-4c84-9e93-851cd9b12fc0,2015-08-12,06:45:00,EDSA P. Tuazon Blvd. Quezon City,0,0,0,0,0,0,0,0,0,0,2015-08-12 14:45,Property,14.6309142,121.0459376,Rear-End
None,EDSA,None,None,"No Accident Factor, Rear-end, 0.0 drivers_injured, 0.0 drivers_killed, 0.0 passengers_injured, 0.0 passengers_killed, 0.0 pedestrian_injured, 0.0 pedestrian_killed, Fair (Day), EDSA Timog Ave. Quezon City",MMDA Road Safety Unit,,646aa722-7feb-4a66-a3b8-e926e6ddae7d,2015-08-12,03:25:00,"EDSA Roosevelt Ave., Katipu Quezon City",0,0,0,0,0,0,0,0,0,0,2015-08-12 11:25,Property,14.63293559,121.0446304,Rear-End
None,EDSA,None,None,"No Accident Factor, Side Swipe, 0.0 drivers_injured, 0.0 drivers_killed, 0.0 passengers_injured, 0.0 passengers_killed, 0.0 pedestrian_injured, 0.0 pedestrian_killed, Fair (Day), EDSA Bansalangin St. Quezon City",MMDA Road Safety Unit,,757b523b-3b8a-4518-a019-7adb3a8c3d40,2015-08-12,03:00:00,EDSA New York St. Quezon City,0,0,0,0,0,0,0,0,0,0,2015-08-12 11:00,Property,14.6567996,121.0241845,Side Swipe
None,EDSA,None,None,"No Accident Factor, Side Swipe, 0.0 drivers_injured, 0.0 drivers_killed, 0.0 passengers_injured, 0.0 passengers_killed, 0.0 pedestrian_injured, 0.0 pedestrian_killed, Fair (Day), EDSA Robinsons Galleria, Ugong Norte Quezon City",MMDA Road Safety Unit,,2520d231-7b9a-43f2-a913-aaed721ca94e,2015-08-12,00:15:00,"EDSA ""U"" turn slot, Quezon Ave., Bagong Pag-Asa Quezon City",0,0,0,0,0,0,0,0,0,0,2015-08-12 8:15,Property,14.59206941,121.058228,Side Swipe
None,EDSA,None,None,"No Accident Factor, No Collision Stated (based on Police Blotter Book), 0.0 drivers_injured, 0.0 drivers_killed, 0.0 passengers_injured, 0.0 passengers_killed, 0.0 pedestrian_injured, 0.0 pedestrian_killed, Fair (Night), EDSA Aurora Blvd. Quezon City",MMDA Road Safety Unit,,275f76bc-2cfe-4c39-86d4-27f79dd6be23,2015-08-11,15:25:00,EDSA Dominion Liner Bus Terminal Quezon City,0,0,0,0,0,0,0,0,0,0,2015-08-11 23:25,Property,14.62163653,121.0501573,No Collision Stated
None,EDSA,None,None,"No Accident Factor, No Collision Stated (based on Police Blotter Book), 1.0 drivers_injured, 0.0 drivers_killed, 0.0 passengers_injured, 0.0 passengers_killed, 0.0 pedestrian_injured, 0.0 pedestrian_killed, Fair (Night), EDSA Kamuning Road Quezon City",MMDA Road Safety Unit,,0d56da93-bd6e-4102-b950-20a9f1130e1a,2015-08-11,10:45:00,EDSA Kamias Road Quezon City,0,0,0,1,0,0,0,0,0,1,2015-08-11 18:45,Injury,14.63075725,121.0457548,No Collision Stated
None,EDSA,None,None,"No Accident Factor, Rear-end, 0.0 drivers_injured, 0.0 drivers_killed, 0.0 passengers_injured, 0.0 passengers_killed, 0.0 pedestrian_injured, 0.0 pedestrian_killed, Fair (Day), EDSA East Ave., Pinyahan Quezon City",MMDA Road Safety Unit,,fcbd5b31-77f9-486c-8ee3-ec05e58b4c3f,2015-08-11,09:05:00,"EDSA ""U"" turn slot, Katipu Quezon City",0,0,0,0,0,0,0,0,0,0,2015-08-11 17:05,Property,14.6328297,121.0451176,Rear-End
None,EDSA,None,None,"No Accident Factor, Side Swipe, 0.0 drivers_injured, 0.0 drivers_killed, 0.0 passengers_injured, 0.0 passengers_killed, 0.0 pedestrian_injured, 0.0 pedestrian_killed, Fair (Day), EDSA Waltermart Quezon City",MMDA Road Safety Unit,,23d7af83-e5cd-4636-860a-5550dee1ef28,2015-08-11,08:30:00,EDSA A. Samson Quezon City,0,0,0,0,0,0,0,0,0,0,2015-08-11 16:30,Property,14.6574558,121.0213579,Side Swipe
None,EDSA,None,None,"No Accident Factor, Side Swipe, 0.0 drivers_injured, 0.0 drivers_killed, 0.0 passengers_injured, 0.0 passengers_killed, 0.0 pedestrian_injured, 0.0 pedestrian_killed, Fair (Day), EDSA Whiteplains Ave. Quezon City",MMDA Road Safety Unit,,8a1c4d18-571e-4b4f-986d-1c03e27dd880,2015-08-11,08:05:00,EDSA P. Tuazon Blvd. Quezon City,0,0,0,0,0,0,0,0,0,0,2015-08-11 16:05,Property,14.59961782,121.0596522,Side Swipe
None,EDSA,None,None,"No Accident Factor, Angle Impact, 0.0 drivers_injured, 0.0 drivers_killed, 0.0 passengers_injured, 0.0 passengers_killed, 0.0 pedestrian_injured, 0.0 pedestrian_killed, Fair (Day), EDSA P. Tuazon Blvd. Quezon City",MMDA Road Safety Unit,,cc6037ca-af67-4467-9cb4-246e245516f1,2015-08-11,06:30:00,EDSA Jam Liner Bus Terminal Quezon City,0,0,0,0,0,0,0,0,0,0,2015-08-11 14:30,Property,14.61656342,121.0525225,Angle Impact
None,EDSA,None,None,"No Accident Factor, No Collision Stated (based on Police Blotter Book), 0.0 drivers_injured, 0.0 drivers_killed, 0.0 passengers_injured, 0.0 passengers_killed, 0.0 pedestrian_injured, 0.0 pedestrian_killed, Fair (Day), EDSA P. Tuazon Blvd. Quezon City",MMDA Road Safety Unit,,a3c52733-5913-4221-8b29-18753b2c298e,2015-08-11,02:55:00,EDSA Monte De Piedad St. Quezon City,0,0,0,0,0,0,0,0,0,0,2015-08-11 10:55,Property,14.61656342,121.0525225,No Collision Stated
None,EDSA,None,None,"No Accident Factor, Rear-end, 0.0 drivers_injured, 0.0 drivers_killed, 0.0 passengers_injured, 0.0 passengers_killed, 0.0 pedestrian_injured, 0.0 pedestrian_killed, Fair (Day), EDSA Quezon Ave.  Quezon City",MMDA Road Safety Unit,,ba9f4b05-0100-4fc9-82ee-6e51c4c4ce17,2015-08-11,00:30:00,EDSA Camp Crame (Gate 1) Quezon City,0,0,0,0,0,0,0,0,0,0,2015-08-11 8:30,Property,14.6442444,121.0375839,Rear-End
None,EDSA,None,None,"No Accident Factor, No Collision Stated (based on Police Blotter Book), 0.0 drivers_injured, 0.0 drivers_killed, 0.0 passengers_injured, 0.0 passengers_killed, 0.0 pedestrian_injured, 0.0 pedestrian_killed, Fair (Night), EDSA Cloverleaf Road Quezon City",MMDA Road Safety Unit,,b6cd6d09-6656-400c-8eff-ad9ad1e463f1,2015-08-10,10:30:00,EDSA Quezon Ave.  Quezon City,0,0,0,0,0,0,0,0,0,0,2015-08-10 18:30,Property,14.65747901,121.0011914,No Collision Stated
None,EDSA,None,None,"No Accident Factor, Rear-end, 0.0 drivers_injured, 0.0 drivers_killed, 0.0 passengers_injured, 0.0 passengers_killed, 0.0 pedestrian_injured, 0.0 pedestrian_killed, Fair (Night), EDSA White Plains, Ugong Norte Quezon City",MMDA Road Safety Unit,,e5985df2-842e-4fb4-a1c0-18ad5ec42da5,2015-08-10,10:00:00,"EDSA Centris Mall, Pinyahan Quezon City",0,0,0,0,0,0,0,0,0,0,2015-08-10 18:00,Property,14.59961782,121.0596522,Rear-End
None,EDSA,None,None,"No Accident Factor, Side Swipe, 0.0 drivers_injured, 0.0 drivers_killed, 0.0 passengers_injured, 0.0 passengers_killed, 0.0 pedestrian_injured, 0.0 pedestrian_killed, Fair (Day), EDSA Camp Aguinaldo (Gate 3) Quezon City",MMDA Road Safety Unit,,76e42d12-2779-4500-a964-5d9ad337f849,2015-08-10,06:00:00,"EDSA Landmark, Bagong Pag-asa Quezon City",0,0,0,0,0,0,0,0,0,0,2015-08-10 14:00,Property,14.60832492,121.0563666,Side Swipe
None,EDSA,None,None,"No Accident Factor, Side Swipe, 0.0 drivers_injured, 0.0 drivers_killed, 0.0 passengers_injured, 0.0 passengers_killed, 0.0 pedestrian_injured, 0.0 pedestrian_killed, Fair (Day), EDSA Monte De Piedad St. Quezon City",MMDA Road Safety Unit,,fa1f1bb5-28e9-4cec-a2cf-25b89380abf9,2015-08-10,05:15:00,EDSA SM Annex Quezon City,0,0,0,0,0,0,0,0,0,0,2015-08-10 13:15,Property,14.62346937,121.0491711,Side Swipe
None,EDSA,None,None,"No Accident Factor, No Collision Stated (based on Police Blotter Book), 0.0 drivers_injured, 0.0 drivers_killed, 0.0 passengers_injured, 0.0 passengers_killed, 0.0 pedestrian_injured, 0.0 pedestrian_killed, Fair (Night), EDSA Philam Quezon City",MMDA Road Safety Unit,,4dcc69de-5be1-4cfc-a766-b17a5a521310,2015-08-09,11:15:00,"EDSA ""U"" turn slot, Camp Aguinaldo Quezon City",0,0,0,0,0,0,0,0,0,0,2015-08-09 19:15,Property,14.65280875,121.0317622,No Collision Stated
None,EDSA,None,None,"No Accident Factor, Rear-end, 0.0 drivers_injured, 0.0 drivers_killed, 0.0 passengers_injured, 0.0 passengers_killed, 0.0 pedestrian_injured, 0.0 pedestrian_killed, Fair (Day), EDSA Balintawak Market Quezon City",MMDA Road Safety Unit,,834124e8-9305-4e09-87a9-69e5398150d4,2015-08-09,06:10:00,EDSA Col. Bonny Serrano Ave. Quezon City,0,0,0,0,0,0,0,0,0,0,2015-08-09 14:10,Property,14.65740947,121.0025737,Rear-End
None,EDSA,None,None,"No Accident Factor, Hit Object (Fence/Wall-Steel), 0.0 drivers_injured, 0.0 drivers_killed, 0.0 passengers_injured, 0.0 passengers_killed, 0.0 pedestrian_injured, 0.0 pedestrian_killed, Fair (Day), EDSA Balintawak Market Quezon City",MMDA Road Safety Unit,,9a763d7a-8f60-4039-b7d5-791530f91ccf,2015-08-09,06:10:00,EDSA Quezon Ave. (Centrix Complex-Mc Donalds) Quezon City,0,0,0,0,0,0,0,0,0,0,2015-08-09 14:10,Property,14.65740947,121.0025737,Hit Object
None,EDSA,None,None,"No Accident Factor, No Collision Stated (based on Police Blotter Book), 0.0 drivers_injured, 0.0 drivers_killed, 0.0 passengers_injured, 0.0 passengers_killed, 0.0 pedestrian_injured, 0.0 pedestrian_killed, Fair (Day), EDSA Mindanao Ave. Exit Quezon City",MMDA Road Safety Unit,,50ccf604-d30d-4334-991b-9f2e4a648cdc,2015-08-09,03:45:00,EDSA West Ave. Quezon City,0,0,0,0,0,0,0,0,0,0,2015-08-09 11:45,Property,14.65052386,121.0335656,No Collision Stated
None,EDSA,None,None,"No Accident Factor, Side Swipe, 0.0 drivers_injured, 0.0 drivers_killed, 0.0 passengers_injured, 0.0 passengers_killed, 0.0 pedestrian_injured, 0.0 pedestrian_killed, Fair (Day), EDSA Cloverleaf Road Quezon City",MMDA Road Safety Unit,,708e4019-8636-4baa-9d26-f9f59a294aad,2015-08-09,03:15:00,"EDSA ""U"" turn slot, Bagong Pag-asa Quezon City",0,0,0,0,0,0,0,0,0,0,2015-08-09 11:15,Property,14.65747901,121.0011914,Side Swipe
None,EDSA,None,None,"No Accident Factor, Multiple Collision, 0.0 drivers_injured, 0.0 drivers_killed, 23.0 passengers_injured, 0.0 passengers_killed, 0.0 pedestrian_injured, 0.0 pedestrian_killed, Fair (Day), EDSA East Ave. Quezon City",MMDA Road Safety Unit,,205c2b6d-e337-4deb-964f-fe8b5fe78c4d,2015-08-09,03:00:00,"EDSA SM North, Pag-Asa Quezon City",0,0,0,0,23,0,0,0,0,23,2015-08-09 11:00,Injury,14.6328297,121.0451176,Multiple
None,EDSA,None,None,"No Accident Factor, Side Swipe, 0.0 drivers_injured, 0.0 drivers_killed, 0.0 passengers_injured, 0.0 passengers_killed, 0.0 pedestrian_injured, 0.0 pedestrian_killed, Fair (Day), EDSA Balintawak Market Quezon City",MMDA Road Safety Unit,,4aa8fcb0-8907-4937-9577-a756218fb521,2015-08-09,02:00:00,"EDSA ""U"" turn slot, R. Magsaysay Quezon City",0,0,0,0,0,0,0,0,0,0,2015-08-09 10:00,Property,14.65740947,121.0025737,Side Swipe
None,EDSA,None,None,"No Accident Factor, Hit and Run (No Collision Stated), 0.0 drivers_injured, 0.0 drivers_killed, 0.0 passengers_injured, 0.0 passengers_killed, 0.0 pedestrian_injured, 0.0 pedestrian_killed, Fair (Night), EDSA Quezon Ave. Quezon City",MMDA Road Safety Unit,,ca94ebf0-81e2-4511-8624-3c37271957e3,2015-08-08,14:30:00,EDSA New York St. Quezon City,0,0,0,0,0,0,0,0,0,0,2015-08-08 22:30,Property,14.6442444,121.0375839,No Collision Stated
None,EDSA,None,None,"No Accident Factor, Side Swipe, 0.0 drivers_injured, 0.0 drivers_killed, 0.0 passengers_injured, 0.0 passengers_killed, 0.0 pedestrian_injured, 0.0 pedestrian_killed, Fair (Night), EDSA EDSA Shrine Church, Ugong Norte Quezon City",MMDA Road Safety Unit,,486d96cc-4a7a-4748-8d38-f4eeab2011ee,2015-08-08,10:50:00,EDSA Ermin Garcia St. Quezon City,0,0,0,0,0,0,0,0,0,0,2015-08-08 18:50,Property,14.59266288,121.0584303,Side Swipe
None,EDSA,None,None,"No Accident Factor, Angle Impact, 0.0 drivers_injured, 0.0 drivers_killed, 0.0 passengers_injured, 0.0 passengers_killed, 0.0 pedestrian_injured, 0.0 pedestrian_killed, Fair (Day), EDSA Gen. McArthur Ave., Socorro Quezon City",MMDA Road Safety Unit,,f4362610-0f48-4b47-b095-c421a043dfae,2015-08-08,08:20:00,EDSA West Ave. Quezon City,0,0,0,0,0,0,0,0,0,0,2015-08-08 16:20,Property,14.61805145,121.0517604,Angle Impact