LOCATION_TEXT,ROAD,WEATHER,LIGHT,DESC,REPORTING_AGENCY,MAIN_CAUSE,INCIDENTDETAILS_ID,DATE_UTC,TIME_UTC,ADDRESS,killed_driver,killed_passenger,killed_pedestrian,injured_driver,injured_passenger,injured_pedestrian,killed_uncategorized,injured_uncategorized,killed_total,injured_total,DATETIME_PST,SEVERITY,Y,X,COLLISION_TYPE
None,EDSA,None,None,"No Accident Factor, Rear-end, 0.0 drivers_injured, 0.0 drivers_killed, 0.0 passengers_injured, 0.0 passengers_killed, 0.0 pedestrian_injured, 0.0 pedestrian_killed, Fair (Day), EDSA Corinthian Garden, Ugong Norte Quezon City",MMDA Road Safety Unit,,0b2b0c2c-2073-4e94-81d0-e7a8ae0d24cc,2015-08-08,06:35:00,EDSA Cloverleaf Road Quezon City,0,0,0,0,0,0,0,0,0,0,2015-08-08 14:35,Property,14.59580783,121.0595248,Rear-End
None,EDSA,None,None,"No Accident Factor, Rear-end, 0.0 drivers_injured, 0.0 drivers_killed, 0.0 passengers_injured, 0.0 passengers_killed, 0.0 pedestrian_injured, 0.0 pedestrian_killed, Fair (Day), EDSA Monte De Piedad St. Quezon City",MMDA Road Safety Unit,,51645b10-1780-4c86-b7c5-bade268a0797,2015-08-08,00:30:00,"EDSA National Printing Office (NPO) Bldg., Pinyahan Quezon City",0,0,0,0,0,0,0,0,0,0,2015-08-08 8:30,Property,14.62346937,121.0491711,Rear-End
None,EDSA,None,None,"No Accident Factor, Head-on, 1.0 drivers_injured, 0.0 drivers_killed, 1.0 passengers_injured, 0.0 passengers_killed, 0.0 pedestrian_injured, 0.0 pedestrian_killed, Fair (Night), EDSA MRT Santolan, Camp Aguinaldo Quezon City",MMDA Road Safety Unit,,65498c4c-b4e9-446a-9181-679f0d18c048,2015-08-07,21:00:00,"EDSA Santolan MRT Station, Camp Aguinaldo  Quezon City",0,0,0,1,1,0,0,0,0,2,2015-08-08 5:00,Injury,14.60758562,121.0564529,Head-On
None,EDSA,None,None,"No Accident Factor, Rear-end, 0.0 drivers_injured, 0.0 drivers_killed, 0.0 passengers_injured, 0.0 passengers_killed, 0.0 pedestrian_injured, 0.0 pedestrian_killed, Fair (Night), EDSA Balintawak Market Quezon City",MMDA Road Safety Unit,,1e67495c-77e7-4e04-b64c-4f113aa1c7ea,2015-08-07,18:00:00,"EDSA ""U"" turn slot, Santolan, Socorro Quezon City",0,0,0,0,0,0,0,0,0,0,2015-08-08 2:00,Property,14.65740947,121.0025737,Rear-End
None,EDSA,None,None,"No Accident Factor, Side Swipe, 0.0 drivers_injured, 0.0 drivers_killed, 0.0 passengers_injured, 0.0 passengers_killed, 0.0 pedestrian_injured, 0.0 pedestrian_killed, Fair (Night), EDSA Robinson Galleria exit Gate, Ugong Norte Quezon City",MMDA Road Safety Unit,,0c9c736e-4885-4f7e-a95f-5c8d7b1b77c0,2015-08-07,10:25:00,"EDSA Camp Aguinaldo, Santolan Quezon City",0,0,0,0,0,0,0,0,0,0,2015-08-07 18:25,Property,14.59226131,121.0583025,Side Swipe
None,EDSA,None,None,"No Accident Factor, Side Swipe, 1.0 drivers_injured, 0.0 drivers_killed, 0.0 passengers_injured, 0.0 passengers_killed, 0.0 pedestrian_injured, 0.0 pedestrian_killed, Fair (Day), EDSA Aurora Blvd. Quezon City",MMDA Road Safety Unit,,e093f627-ad4e-4de5-8ccf-adda3276ef5c,2015-08-07,09:50:00,EDSA UNTV Philam Quezon City,0,0,0,1,0,0,0,0,0,1,2015-08-07 17:50,Injury,14.62163653,121.0501573,Side Swipe
None,EDSA,None,None,"No Accident Factor, No Collision Stated (based on Police Blotter Book), 0.0 drivers_injured, 0.0 drivers_killed, 0.0 passengers_injured, 0.0 passengers_killed, 0.0 pedestrian_injured, 0.0 pedestrian_killed, Fair (Day), EDSA Dagupan Liner Bus Terminal  Quezon City",MMDA Road Safety Unit,,7a006d5c-0736-4e0c-9665-cce00e5bb1eb,2015-08-07,08:25:00,"EDSA National Printing Office (NPO), Pinyahan Quezon City",0,0,0,0,0,0,0,0,0,0,2015-08-07 16:25,Property,14.62601791,121.0479945,No Collision Stated
None,EDSA,None,None,"No Accident Factor, No Collision Stated (based on Police Blotter Book), 0.0 drivers_injured, 0.0 drivers_killed, 0.0 passengers_injured, 0.0 passengers_killed, 0.0 pedestrian_injured, 0.0 pedestrian_killed, Fair (Day), EDSA Santolan     Quezon City",MMDA Road Safety Unit,,de306e96-ae96-4852-8bd8-58ccfed1441e,2015-08-07,01:45:00,EDSA Balintawak Market Quezon City,0,0,0,0,0,0,0,0,0,0,2015-08-07 9:45,Property,14.61090554,121.0550155,No Collision Stated
None,EDSA,None,None,"No Accident Factor, Side Swipe, 0.0 drivers_injured, 0.0 drivers_killed, 0.0 passengers_injured, 0.0 passengers_killed, 0.0 pedestrian_injured, 0.0 pedestrian_killed, Fair (Night), EDSA Quezon Ave. Quezon City",MMDA Road Safety Unit,,eb81c687-1871-414b-b856-11348b544ce3,2015-08-06,20:25:00,"EDSA ES Transport Bus Terminal, E. Rodriguez Quezon City",0,0,0,0,0,0,0,0,0,0,2015-08-07 4:25,Property,14.6442444,121.0375839,Side Swipe
None,EDSA,None,None,"No Accident Factor, No Collision Stated (based on Police Blotter Book), 0.0 drivers_injured, 0.0 drivers_killed, 0.0 passengers_injured, 0.0 passengers_killed, 0.0 pedestrian_injured, 0.0 pedestrian_killed, Fair (Day), EDSA Misamis St. Quezon City",MMDA Road Safety Unit,,e1c8fa3e-4227-4b41-b6a9-ad7f2ccda282,2015-08-06,06:30:00,EDSA Trinoma Mall Quezon City,0,0,0,0,0,0,0,0,0,0,2015-08-06 14:30,Property,14.65602348,121.0285212,No Collision Stated
None,EDSA,None,None,"No Accident Factor, Rear-end, 0.0 drivers_injured, 0.0 drivers_killed, 0.0 passengers_injured, 0.0 passengers_killed, 0.0 pedestrian_injured, 0.0 pedestrian_killed, Fair (Day), EDSA P. Tuazon Blvd. Quezon City",MMDA Road Safety Unit,,b8dfffe9-9b87-4d2e-a833-7b716c6203a6,2015-08-06,04:30:00,EDSA Cloverleaf Road Quezon City,0,0,0,0,0,0,0,0,0,0,2015-08-06 12:30,Property,14.61656342,121.0525225,Rear-End
None,EDSA,None,None,"No Accident Factor, Rear-end, 0.0 drivers_injured, 0.0 drivers_killed, 0.0 passengers_injured, 0.0 passengers_killed, 0.0 pedestrian_injured, 0.0 pedestrian_killed, Fair (Day), EDSA Ermin Garcia St. Quezon City",MMDA Road Safety Unit,,78183a2f-ef7a-400e-bb6b-bcfe48443562,2015-08-06,03:45:00,EDSA Aurora Blvd. Quezon City,0,0,0,0,0,0,0,0,0,0,2015-08-06 11:45,Property,14.62758814,121.047487,Rear-End
None,EDSA,None,None,"No Accident Factor, Side Swipe, 0.0 drivers_injured, 0.0 drivers_killed, 0.0 passengers_injured, 0.0 passengers_killed, 0.0 pedestrian_injured, 0.0 pedestrian_killed, Fair (Day), EDSA Kamias Road Quezon City",MMDA Road Safety Unit,,aa97f77b-0b34-44f8-9633-e8956d75f6ef,2015-08-05,23:00:00,EDSA Main Ave. Quezon City,0,0,0,0,0,0,0,0,0,0,2015-08-06 7:00,Property,14.6309142,121.0459376,Side Swipe
None,EDSA,None,None,"No Accident Factor, Side Swipe, 1.0 drivers_injured, 0.0 drivers_killed, 0.0 passengers_injured, 0.0 passengers_killed, 0.0 pedestrian_injured, 0.0 pedestrian_killed, Fair (Night), EDSA Ortigas Ave. Quezon City",MMDA Road Safety Unit,,de71a5e1-663a-451f-b1c7-e52aca80cfe0,2015-08-05,21:30:00,EDSA Main Ave. Quezon City,0,0,0,1,0,0,0,0,0,1,2015-08-06 5:30,Injury,14.59335253,121.0584107,Side Swipe
None,EDSA,None,None,"No Accident Factor, No Collision Stated (based on Police Blotter Book), 0.0 drivers_injured, 0.0 drivers_killed, 0.0 passengers_injured, 0.0 passengers_killed, 0.0 pedestrian_injured, 0.0 pedestrian_killed, Fair (Night), EDSA SM North Quezon City",MMDA Road Safety Unit,,d94f7b6c-8036-432d-b45d-25991ccba118,2015-08-05,11:30:00,EDSA P. Tuazon Blvd. Quezon City,0,0,0,0,0,0,0,0,0,0,2015-08-05 19:30,Property,14.65645143,121.0271077,No Collision Stated
None,EDSA,None,None,"No Accident Factor, Rear-end, 0.0 drivers_injured, 0.0 drivers_killed, 0.0 passengers_injured, 0.0 passengers_killed, 0.0 pedestrian_injured, 0.0 pedestrian_killed, Fair (Night), EDSA K-3rd St. Quezon City",MMDA Road Safety Unit,,6c88acbd-4754-4fea-856e-19a13a8c574f,2015-08-05,10:30:00,"EDSA Five Star Bus Terminal, E. Rodriguez Quezon City",0,0,0,0,0,0,0,0,0,0,2015-08-05 18:30,Property,14.62942357,121.0463854,Rear-End
None,EDSA,None,None,"No Accident Factor, No Collision Stated (based on Police Blotter Book), 0.0 drivers_injured, 0.0 drivers_killed, 0.0 passengers_injured, 0.0 passengers_killed, 0.0 pedestrian_injured, 0.0 pedestrian_killed, Fair (Day), EDSA Quezon Ave. Quezon City",MMDA Road Safety Unit,,7d5ac185-5d2e-4072-b518-1806c05cec0c,2015-08-05,09:30:00,EDSA Quezon Ave.     Quezon City,0,0,0,0,0,0,0,0,0,0,2015-08-05 17:30,Property,14.6442444,121.0375839,No Collision Stated
None,EDSA,None,None,"No Accident Factor, Rear-end, 0.0 drivers_injured, 0.0 drivers_killed, 0.0 passengers_injured, 0.0 passengers_killed, 0.0 pedestrian_injured, 0.0 pedestrian_killed, Fair (Day), EDSA P. Bernardo St. Quezon City",MMDA Road Safety Unit,,11102105-fbfc-4654-852c-eb7654fdd5b4,2015-08-05,01:30:00,EDSA Waltermart Katipu  Quezon City,0,0,0,0,0,0,0,0,0,0,2015-08-05 9:30,Property,14.61660092,121.0524313,Rear-End
None,EDSA,None,None,"No Accident Factor, Hit and Run (Side Swipe), 0.0 drivers_injured, 0.0 drivers_killed, 0.0 passengers_injured, 0.0 passengers_killed, 0.0 pedestrian_injured, 0.0 pedestrian_killed, Fair (Day), EDSA Corinthian Garden, Ugong Norte Quezon City",MMDA Road Safety Unit,,d770e4a4-7908-4c8c-b8bc-beaf6f550df8,2015-08-04,22:30:00,"EDSA Camp Aguinaldo, Santolan Quezon City",0,0,0,0,0,0,0,0,0,0,2015-08-05 6:30,Property,14.59580783,121.0595248,Side Swipe
None,EDSA,None,None,"No Accident Factor, Rear-end, 0.0 drivers_injured, 0.0 drivers_killed, 0.0 passengers_injured, 0.0 passengers_killed, 0.0 pedestrian_injured, 0.0 pedestrian_killed, Fair (Night), EDSA Santolan MRT Station, Camp Aguinaldo Quezon City",MMDA Road Safety Unit,,7cf79a49-9abf-4554-b8f8-580e5e2d2ca2,2015-08-04,16:00:00,EDSA Camp Aguinaldo Quezon City,0,0,0,0,0,0,0,0,0,0,2015-08-05,Property,14.60773988,121.0564577,Rear-End
None,EDSA,None,None,"No Accident Factor, No Collision Stated (based on Police Blotter Book), 0.0 drivers_injured, 0.0 drivers_killed, 0.0 passengers_injured, 0.0 passengers_killed, 0.0 pedestrian_injured, 0.0 pedestrian_killed, Fair (Night), EDSA Quezon Ave. Quezon City",MMDA Road Safety Unit,,9d35e3c3-6427-4490-acd5-7902484d694d,2015-08-04,15:30:00,EDSA A. Samson  Quezon City,0,0,0,0,0,0,0,0,0,0,2015-08-04 23:30,Property,14.6442444,121.0375839,No Collision Stated
None,EDSA,None,None,"No Accident Factor, Rear-end, 0.0 drivers_injured, 0.0 drivers_killed, 0.0 passengers_injured, 0.0 passengers_killed, 0.0 pedestrian_injured, 0.0 pedestrian_killed, Fair (Night), EDSA Aurora Blvd. Quezon City",MMDA Road Safety Unit,,42c4d9dc-3f83-4e26-9b10-c3752a7d2608,2015-08-04,15:00:00,EDSA West Ave. Quezon City,0,0,0,0,0,0,0,0,0,0,2015-08-04 23:00,Property,14.62163653,121.0501573,Rear-End
None,EDSA,None,None,"No Accident Factor, No Collision Stated (based on Police Blotter Book), 0.0 drivers_injured, 0.0 drivers_killed, 0.0 passengers_injured, 0.0 passengers_killed, 0.0 pedestrian_injured, 0.0 pedestrian_killed, Fair (Night), EDSA Balintawak Market Quezon City",MMDA Road Safety Unit,,d5daa503-2011-400b-a97e-dc4a5c6cba7d,2015-08-04,10:30:00,EDSA Ermin Garcia St. Quezon City,0,0,0,0,0,0,0,0,0,0,2015-08-04 18:30,Property,14.65740947,121.0025737,No Collision Stated
None,EDSA,None,None,"No Accident Factor, Side Swipe, 0.0 drivers_injured, 0.0 drivers_killed, 0.0 passengers_injured, 0.0 passengers_killed, 0.0 pedestrian_injured, 0.0 pedestrian_killed, Fair (Day), EDSA Camp Aguinaldo Quezon City",MMDA Road Safety Unit,,e5fc4b18-b6f7-4473-a6d9-65cf95e1b175,2015-08-04,06:50:00,EDSA Camp Aguinaldo Quezon City,0,0,0,0,0,0,0,0,0,0,2015-08-04 14:50,Property,14.60818699,121.0564562,Side Swipe
None,EDSA,None,None,"No Accident Factor, Side Swipe, 0.0 drivers_injured, 0.0 drivers_killed, 0.0 passengers_injured, 0.0 passengers_killed, 0.0 pedestrian_injured, 0.0 pedestrian_killed, Fair (Day), EDSA Balintawak Market Quezon City",MMDA Road Safety Unit,,2d042c98-e360-4624-a436-561f562673e6,2015-08-04,06:30:00,EDSA Camp Aguinaldo (Gate 2) Quezon City,0,0,0,0,0,0,0,0,0,0,2015-08-04 14:30,Property,14.65740947,121.0025737,Side Swipe
None,EDSA,None,None,"No Accident Factor, Side Swipe, 0.0 drivers_injured, 0.0 drivers_killed, 0.0 passengers_injured, 0.0 passengers_killed, 0.0 pedestrian_injured, 0.0 pedestrian_killed, Fair (Day), EDSA P. Tuazon Blvd. Quezon City",MMDA Road Safety Unit,,9384cd1d-091c-4566-9934-79d8b4d98f47,2015-08-04,02:40:00,EDSA Corregidor St. Quezon City,0,0,0,0,0,0,0,0,0,0,2015-08-04 10:40,Property,14.61656342,121.0525225,Side Swipe
None,EDSA,None,None,"No Accident Factor, No Collision Stated (based on Police Blotter Book), 0.0 drivers_injured, 0.0 drivers_killed, 1.0 passengers_injured, 0.0 passengers_killed, 0.0 pedestrian_injured, 0.0 pedestrian_killed, Fair (Day), EDSA SM Mall Loading / Unloading Bay, Santo Cristo Quezon City",MMDA Road Safety Unit,,9f4398eb-71f8-4a19-a222-3adb484cae25,2015-08-04,01:00:00,EDSA Misamis St. Quezon City,0,0,0,0,1,0,0,0,0,1,2015-08-04 9:00,Injury,14.65748566,121.0224094,No Collision Stated
None,EDSA,None,None,"No Accident Factor, Rear-end, 0.0 drivers_injured, 0.0 drivers_killed, 0.0 passengers_injured, 0.0 passengers_killed, 0.0 pedestrian_injured, 0.0 pedestrian_killed, Fair (Day), EDSA Kamuning Road Quezon City",MMDA Road Safety Unit,,920d84d5-5963-4c38-b116-d3c92213d4cf,2015-08-03,23:30:00,EDSA Kamuning Road Quezon City,0,0,0,0,0,0,0,0,0,0,2015-08-04 7:30,Property,14.63075725,121.0457548,Rear-End
None,EDSA,None,None,"No Accident Factor, No Collision Stated (based on Police Blotter Book), 0.0 drivers_injured, 0.0 drivers_killed, 0.0 passengers_injured, 0.0 passengers_killed, 0.0 pedestrian_injured, 0.0 pedestrian_killed, Fair (Night), EDSA SM Mall Annex, Santo Cristo Quezon City",MMDA Road Safety Unit,,4c9e8e46-b149-4a62-89b3-7ff5b4825a24,2015-08-03,13:30:00,EDSA Olivares Quezon City,0,0,0,0,0,0,0,0,0,0,2015-08-03 21:30,Property,14.65748566,121.0224094,No Collision Stated
None,EDSA,None,None,"No Accident Factor, Angle Impact, 0.0 drivers_injured, 0.0 drivers_killed, 0.0 passengers_injured, 0.0 passengers_killed, 0.0 pedestrian_injured, 0.0 pedestrian_killed, Fair (Night), EDSA East Ave. Quezon City",MMDA Road Safety Unit,,802ea317-473a-4319-9def-c60ec4cbe76d,2015-08-03,12:30:00,EDSA Quezon Ave. Quezon City,0,0,0,0,0,0,0,0,0,0,2015-08-03 20:30,Property,14.6328297,121.0451176,Angle Impact
None,EDSA,None,None,"No Accident Factor, Side Swipe, 0.0 drivers_injured, 0.0 drivers_killed, 0.0 passengers_injured, 0.0 passengers_killed, 0.0 pedestrian_injured, 0.0 pedestrian_killed, Fair (Night), EDSA Cloverleaf Road Quezon City",MMDA Road Safety Unit,,856a9762-f5de-43d8-95b6-0c98cbab7060,2015-08-03,11:00:00,"EDSA Genesis Bus Terminal, E. Rodriguez  Quezon City",0,0,0,0,0,0,0,0,0,0,2015-08-03 19:00,Property,14.65747901,121.0011914,Side Swipe
None,EDSA,None,None,"No Accident Factor, Rear-end, 0.0 drivers_injured, 0.0 drivers_killed, 0.0 passengers_injured, 0.0 passengers_killed, 0.0 pedestrian_injured, 0.0 pedestrian_killed, Fair (Day), EDSA Balintawak Market Quezon City",MMDA Road Safety Unit,,dd0836b0-fef5-48a2-a206-710015b90035,2015-08-03,08:00:00,"EDSA Corinthian Garden, Ugong Norte Quezon City",0,0,0,0,0,0,0,0,0,0,2015-08-03 16:00,Property,14.65740947,121.0025737,Rear-End
None,EDSA,None,None,"No Accident Factor, Rear-end, 0.0 drivers_injured, 0.0 drivers_killed, 0.0 passengers_injured, 0.0 passengers_killed, 0.0 pedestrian_injured, 0.0 pedestrian_killed, Fair (Day), EDSA Cloverleaf Road Quezon City",MMDA Road Safety Unit,,e4343c3d-1e3d-4517-9a1e-afb1ec771710,2015-08-03,07:50:00,EDSA New York St. Quezon City,0,0,0,0,0,0,0,0,0,0,2015-08-03 15:50,Property,14.65747901,121.0011914,Rear-End
None,EDSA,None,None,"No Accident Factor, No Collision Stated (based on Police Blotter Book), 0.0 drivers_injured, 0.0 drivers_killed, 0.0 passengers_injured, 0.0 passengers_killed, 0.0 pedestrian_injured, 0.0 pedestrian_killed, Fair (Day), EDSA Main Ave. Quezon City",MMDA Road Safety Unit,,4e4b965e-d5f4-42d1-bf43-13e24a94e17e,2015-08-03,07:50:00,EDSA New York St. Quezon City,0,0,0,0,0,0,0,0,0,0,2015-08-03 15:50,Property,14.61376458,121.0537933,No Collision Stated
None,EDSA,None,None,"No Accident Factor, Hit and Run (No Collision Stated), 0.0 drivers_injured, 0.0 drivers_killed, 0.0 passengers_injured, 0.0 passengers_killed, 0.0 pedestrian_injured, 0.0 pedestrian_killed, Fair (Day), EDSA Petron Gas Station, Socorro Quezon City",MMDA Road Safety Unit,,becab056-5d1b-4fd5-a43c-920b55acc2ca,2015-08-03,06:50:00,EDSA Cloverleaf Road Quezon City,0,0,0,0,0,0,0,0,0,0,2015-08-03 14:50,Property,14.61359717,121.0537886,No Collision Stated
None,EDSA,None,None,"No Accident Factor, No Collision Stated (based on Police Blotter Book), 0.0 drivers_injured, 0.0 drivers_killed, 0.0 passengers_injured, 0.0 passengers_killed, 0.0 pedestrian_injured, 0.0 pedestrian_killed, Fair (Day), EDSA Mother Ignacia St. Quezon City",MMDA Road Safety Unit,,323b8a78-ebf2-45f3-b868-6754be48b583,2015-08-02,02:10:00,EDSA K-3rd St.  Quezon City,0,0,0,0,0,0,0,0,0,0,2015-08-02 10:10,Property,14.64220321,121.0386692,No Collision Stated
None,EDSA,None,None,"No Accident Factor, No Collision Stated (based on Police Blotter Book), 0.0 drivers_injured, 0.0 drivers_killed, 0.0 passengers_injured, 0.0 passengers_killed, 0.0 pedestrian_injured, 0.0 pedestrian_killed, Fair (Night), EDSA Ramon Magsaysay Quezon City",MMDA Road Safety Unit,,46b8f61b-63c6-4c0c-8822-44de7d547671,2015-08-01,11:20:00,EDSA P. Tuazon Blvd. Quezon City,0,0,0,0,0,0,0,0,0,0,2015-08-01 19:20,Property,14.62774693,121.0471762,No Collision Stated
None,EDSA,None,None,"No Accident Factor, No Collision Stated (based on Police Blotter Book), 0.0 drivers_injured, 0.0 drivers_killed, 0.0 passengers_injured, 0.0 passengers_killed, 0.0 pedestrian_injured, 0.0 pedestrian_killed, Fair (Night), EDSA Aurora Blvd. Quezon City",MMDA Road Safety Unit,,cef229cd-a3d9-48a5-a41c-abdfaf076131,2015-08-01,10:30:00,EDSA North Ave. Quezon City,0,0,0,0,0,0,0,0,0,0,2015-08-01 18:30,Property,14.62163653,121.0501573,No Collision Stated
None,EDSA,None,None,"No Accident Factor, Side Swipe, 0.0 drivers_injured, 0.0 drivers_killed, 0.0 passengers_injured, 0.0 passengers_killed, 0.0 pedestrian_injured, 0.0 pedestrian_killed, Fair (Night), EDSA Victory Liner Terminal, Pinyahan Quezon City",MMDA Road Safety Unit,,1233751e-f560-4fc4-93c1-afbd0f9bd8d1,2015-08-01,10:15:00,EDSA Balintawak Market Quezon City,0,0,0,0,0,0,0,0,0,0,2015-08-01 18:15,Property,14.63209398,121.0454876,Side Swipe
None,EDSA,None,None,"No Accident Factor, No Collision Stated (based on Police Blotter Book), 0.0 drivers_injured, 0.0 drivers_killed, 0.0 passengers_injured, 0.0 passengers_killed, 0.0 pedestrian_injured, 0.0 pedestrian_killed, Fair (Day), EDSA Misamis St. Quezon City",MMDA Road Safety Unit,,45661607-6362-4f93-8820-552ae0c21d21,2015-08-01,03:00:00,EDSA Oriental Market  Quezon City,0,0,0,0,0,0,0,0,0,0,2015-08-01 11:00,Property,14.65602348,121.0285212,No Collision Stated
None,EDSA,None,None,"No Accident Factor, Rear-end, 0.0 drivers_injured, 0.0 drivers_killed, 0.0 passengers_injured, 0.0 passengers_killed, 0.0 pedestrian_injured, 0.0 pedestrian_killed, Fair (Day), EDSA South Road Quezon City",MMDA Road Safety Unit,,6a203d9e-7984-4ed8-ba90-1d1f8b692189,2015-08-01,01:40:00,EDSA Camp Aguinaldo Quezon City,0,0,0,0,0,0,0,0,0,0,2015-08-01 9:40,Property,14.61321318,121.053905,Rear-End
None,EDSA,None,None,"No Accident Factor, No Collision Stated (based on Police Blotter Book), 0.0 drivers_injured, 0.0 drivers_killed, 0.0 passengers_injured, 0.0 passengers_killed, 0.0 pedestrian_injured, 0.0 pedestrian_killed, Fair (Day), EDSA E. Garcia St.  Quezon City",MMDA Road Safety Unit,,336b0ac0-a9e8-4cc0-83d8-edbf407bd112,2015-08-01,01:30:00,EDSA Jam Liner Bus Terminal Quezon City,0,0,0,0,0,0,0,0,0,0,2015-08-01 9:30,Property,14.62742033,121.0475769,No Collision Stated
None,EDSA,None,None,"No Accident Factor, Side Swipe, 0.0 drivers_injured, 0.0 drivers_killed, 0.0 passengers_injured, 0.0 passengers_killed, 0.0 pedestrian_injured, 0.0 pedestrian_killed, Fair (Day), EDSA Scout Borromeo St.  Quezon City",MMDA Road Safety Unit,,c530dc5e-72ca-4800-a587-659c0bde583a,2015-08-01,00:30:00,"EDSA Baliwag Liner Bus Terminal, Cubao, E. Rodriguez Quezon City",0,0,0,0,0,0,0,0,0,0,2015-08-01 8:30,Property,14.63715712,121.0419507,Side Swipe
None,EDSA,None,None,"No Accident Factor, Rear-end, 0.0 drivers_injured, 0.0 drivers_killed, 0.0 passengers_injured, 0.0 passengers_killed, 0.0 pedestrian_injured, 0.0 pedestrian_killed, Fair (Day), EDSA North Road Quezon City",MMDA Road Safety Unit,,b51142f7-ebc8-4e70-861e-fd94064961ce,2015-07-31,23:20:00,EDSA GMA-7  Quezon City,0,0,0,0,0,0,0,0,0,0,2015-08-01 7:20,Property,14.61444188,121.0532975,Rear-End
None,EDSA,None,None,"No Accident Factor, Angle Impact, 1.0 drivers_injured, 0.0 drivers_killed, 0.0 passengers_injured, 0.0 passengers_killed, 0.0 pedestrian_injured, 0.0 pedestrian_killed, Fair (Night), EDSA Five Star Bus Terminal, Cubao  Quezon City",MMDA Road Safety Unit,,0ce21a04-c4a6-4f7a-bb4e-06d116d7b80f,2015-07-31,20:20:00,EDSA P. Tuazon Blvd. Quezon City,0,0,0,1,0,0,0,0,0,1,2015-08-01 4:20,Injury,14.62375691,121.0492447,Angle Impact
None,EDSA,None,None,"No Accident Factor, Rear-end, 0.0 drivers_injured, 0.0 drivers_killed, 0.0 passengers_injured, 0.0 passengers_killed, 0.0 pedestrian_injured, 0.0 pedestrian_killed, Fair (Night), EDSA Col. Bonny Serrano Ave. Quezon City",MMDA Road Safety Unit,,b984bf78-e88c-436d-9654-87f3fecd5b21,2015-07-31,13:40:00,EDSA Philam Quezon City,0,0,0,0,0,0,0,0,0,0,2015-07-31 21:40,Property,14.61107337,121.0550705,Rear-End
None,EDSA,None,None,"No Accident Factor, No Collision Stated (based on Police Blotter Book), 0.0 drivers_injured, 0.0 drivers_killed, 0.0 passengers_injured, 0.0 passengers_killed, 0.0 pedestrian_injured, 0.0 pedestrian_killed, Fair (Night), EDSA Roosevelt Ave. Quezon City",MMDA Road Safety Unit,,fa6c435d-bfad-48cf-80ed-7b53f167e2f7,2015-07-31,12:35:00,EDSA North Ave. Quezon City,0,0,0,0,0,0,0,0,0,0,2015-07-31 20:35,Property,14.65762047,121.0196373,No Collision Stated
None,EDSA,None,None,"No Accident Factor, Side Swipe, 0.0 drivers_injured, 0.0 drivers_killed, 0.0 passengers_injured, 0.0 passengers_killed, 0.0 pedestrian_injured, 0.0 pedestrian_killed, Fair (Night), EDSA Kamias Road Quezon City",MMDA Road Safety Unit,,fe4f4a30-ff1e-4805-af12-c896244f9b0f,2015-07-31,11:30:00,EDSA Main Ave. Quezon City,0,0,0,0,0,0,0,0,0,0,2015-07-31 19:30,Property,14.6309142,121.0459376,Side Swipe
None,EDSA,None,None,"No Accident Factor, No Collision Stated (based on Police Blotter Book), 0.0 drivers_injured, 0.0 drivers_killed, 0.0 passengers_injured, 0.0 passengers_killed, 0.0 pedestrian_injured, 0.0 pedestrian_killed, Fair (Night), EDSA Kamias Road Quezon City",MMDA Road Safety Unit,,b1b17ea3-5791-419d-972d-25df3925b1ee,2015-07-31,11:30:00,EDSA Timog Ave. Quezon City,0,0,0,0,0,0,0,0,0,0,2015-07-31 19:30,Property,14.6309142,121.0459376,No Collision Stated
None,EDSA,None,None,"No Accident Factor, Side Swipe, 0.0 drivers_injured, 0.0 drivers_killed, 0.0 passengers_injured, 0.0 passengers_killed, 0.0 pedestrian_injured, 0.0 pedestrian_killed, Fair (Day), EDSA Ortigas Ave. Quezon City",MMDA Road Safety Unit,,e16a5253-87b5-4cf5-b3ff-86eda40af83e,2015-07-31,06:55:00,"EDSA Corinthian Garden, Ugong Norte Quezon City",0,0,0,0,0,0,0,0,0,0,2015-07-31 14:55,Property,14.59335253,121.0584107,Side Swipe
None,EDSA,None,None,"No Accident Factor, No Collision Stated (based on Police Blotter Book), 0.0 drivers_injured, 0.0 drivers_killed, 0.0 passengers_injured, 0.0 passengers_killed, 0.0 pedestrian_injured, 0.0 pedestrian_killed, Fair (Day), EDSA West Ave. Quezon City",MMDA Road Safety Unit,,c774c38d-4711-4ced-b0de-b1f953967d55,2015-07-31,06:45:00,"EDSA Corinthian Garden, Ugong Norte Quezon City",0,0,0,0,0,0,0,0,0,0,2015-07-31 14:45,Property,14.65548924,121.0298079,No Collision Stated
None,EDSA,None,None,"No Accident Factor, Rear-end, 0.0 drivers_injured, 0.0 drivers_killed, 0.0 passengers_injured, 0.0 passengers_killed, 0.0 pedestrian_injured, 0.0 pedestrian_killed, Fair (Day), EDSA East Ave. Quezon City",MMDA Road Safety Unit,,99f9a308-f4dd-4256-a877-44ac44bb7d80,2015-07-31,04:45:00,EDSA Ortigas Ave. Quezon City,0,0,0,0,0,0,0,0,0,0,2015-07-31 12:45,Property,14.6328297,121.0451176,Rear-End