LOCATION_TEXT,ROAD,WEATHER,LIGHT,DESC,REPORTING_AGENCY,MAIN_CAUSE,INCIDENTDETAILS_ID,DATE_UTC,TIME_UTC,ADDRESS,killed_driver,killed_passenger,killed_pedestrian,injured_driver,injured_passenger,injured_pedestrian,killed_uncategorized,injured_uncategorized,killed_total,injured_total,DATETIME_PST,SEVERITY,Y,X,COLLISION_TYPE
None,EDSA,None,None,"No Accident Factor, Hit and Run (No Collision Stated), 0.0 drivers_injured, 0.0 drivers_killed, 0.0 passengers_injured, 0.0 passengers_killed, 0.0 pedestrian_injured, 0.0 pedestrian_killed, Fair (Day), EDSA Mapagmahal St.  Quezon City",MMDA Road Safety Unit,,199b591d-5890-4ec5-ad5b-cdb7a48aa5b7,2015-07-31,04:15:00,EDSA Main Ave. Quezon City,0,0,0,0,0,0,0,0,0,0,2015-07-31 12:15,Property,14.63185046,121.0455315,No Collision Stated
None,EDSA,None,None,"No Accident Factor, No Collision Stated (based on Police Blotter Book), 0.0 drivers_injured, 0.0 drivers_killed, 0.0 passengers_injured, 0.0 passengers_killed, 0.0 pedestrian_injured, 0.0 pedestrian_killed, Fair (Day), EDSA Wilcon Home Depot Quezon City",MMDA Road Safety Unit,,cb71f9ee-b335-4e37-b961-f817d36b155e,2015-07-31,02:30:00,EDSA P. Tuazon Blvd. Quezon City,0,0,0,0,0,0,0,0,0,0,2015-07-31 10:30,Property,14.65756689,121.0097372,No Collision Stated
None,EDSA,None,None,"No Accident Factor, Side Swipe, 0.0 drivers_injured, 0.0 drivers_killed, 0.0 passengers_injured, 0.0 passengers_killed, 0.0 pedestrian_injured, 0.0 pedestrian_killed, Fair (Day), EDSA Aurora Blvd. Quezon City",MMDA Road Safety Unit,,1b8268d3-2982-499a-b25f-61c5023a47c1,2015-07-31,01:30:00,"EDSA ""U"" turn slot, P. Tuazon Blvd., Socorro Quezon City",0,0,0,0,0,0,0,0,0,0,2015-07-31 9:30,Property,14.62163653,121.0501573,Side Swipe
None,EDSA,None,None,"No Accident Factor, Side Swipe, 0.0 drivers_injured, 0.0 drivers_killed, 0.0 passengers_injured, 0.0 passengers_killed, 0.0 pedestrian_injured, 0.0 pedestrian_killed, Fair (Night), EDSA North Ave. Quezon City",MMDA Road Safety Unit,,25fdd5ca-a97b-400a-8226-28ae0b9297b9,2015-07-30,12:10:00,EDSA MRT-Balintawak Station  Quezon City,0,0,0,0,0,0,0,0,0,0,2015-07-30 20:10,Property,14.65553839,121.0299647,Side Swipe
None,EDSA,None,None,"No Accident Factor, Multiple Collision, 0.0 drivers_injured, 0.0 drivers_killed, 0.0 passengers_injured, 0.0 passengers_killed, 0.0 pedestrian_injured, 0.0 pedestrian_killed, Fair (Night), EDSA New York St. Quezon City",MMDA Road Safety Unit,,3503eb80-6227-4ec1-b0d3-202146585b97,2015-07-30,10:00:00,"EDSA Baliwag Liner Bus Terminal, Cubao Quezon City",0,0,0,0,0,0,0,0,0,0,2015-07-30 18:00,Property,14.62568514,121.0482307,Multiple
None,EDSA,None,None,"No Accident Factor, Rear-end, 0.0 drivers_injured, 0.0 drivers_killed, 0.0 passengers_injured, 0.0 passengers_killed, 0.0 pedestrian_injured, 0.0 pedestrian_killed, Fair (Night), EDSA Ermin Garcia St. Quezon City",MMDA Road Safety Unit,,3229e43d-8e6f-4371-8353-f4253e948ce0,2015-07-30,10:00:00,EDSA Bansalangin St. Quezon City,0,0,0,0,0,0,0,0,0,0,2015-07-30 18:00,Property,14.62758814,121.047487,Rear-End
None,EDSA,None,None,"No Accident Factor, Side Swipe, 0.0 drivers_injured, 0.0 drivers_killed, 0.0 passengers_injured, 0.0 passengers_killed, 0.0 pedestrian_injured, 0.0 pedestrian_killed, Fair (Day), EDSA East Ave. Quezon City",MMDA Road Safety Unit,,c2761c62-ac4b-4e98-b8be-69f631d6d7e1,2015-07-30,09:20:00,"EDSA Robinsons Galleria, Ugong Norte Quezon City",0,0,0,0,0,0,0,0,0,0,2015-07-30 17:20,Property,14.6328297,121.0451176,Side Swipe
None,EDSA,None,None,"No Accident Factor, Side Swipe, 0.0 drivers_injured, 0.0 drivers_killed, 0.0 passengers_injured, 0.0 passengers_killed, 0.0 pedestrian_injured, 0.0 pedestrian_killed, Fair (Day), EDSA Kaingin Road Quezon City",MMDA Road Safety Unit,,fe8cd24e-3c8b-4f3d-bc75-02632ceb5a43,2015-07-30,08:45:00,EDSA Ermin Garcia St. Quezon City,0,0,0,0,0,0,0,0,0,0,2015-07-30 16:45,Property,14.65746493,121.0109963,Side Swipe
None,EDSA,None,None,"No Accident Factor, Side Swipe, 0.0 drivers_injured, 0.0 drivers_killed, 0.0 passengers_injured, 0.0 passengers_killed, 0.0 pedestrian_injured, 0.0 pedestrian_killed, Fair (Day), EDSA Superlines Bus Terminal Cubao, E. Rodriguez  Quezon City",MMDA Road Safety Unit,,96f53bca-7869-4092-bbc5-9b1dc1fdde98,2015-07-30,06:00:00,EDSA Jam Liner Bus Terminal Quezon City,0,0,0,0,0,0,0,0,0,0,2015-07-30 14:00,Property,14.62512241,121.0484162,Side Swipe
None,EDSA,None,None,"No Accident Factor, Side Swipe, 0.0 drivers_injured, 0.0 drivers_killed, 0.0 passengers_injured, 0.0 passengers_killed, 0.0 pedestrian_injured, 0.0 pedestrian_killed, Fair (Day), EDSA P. Tuazon Blvd. Quezon City",MMDA Road Safety Unit,,aa318a04-3794-40f4-8031-82fe822d9d16,2015-07-30,05:55:00,"EDSA ""U"" turn slot, Quezon Ave. Quezon City",0,0,0,0,0,0,0,0,0,0,2015-07-30 13:55,Property,14.61656342,121.0525225,Side Swipe
None,EDSA,None,None,"No Accident Factor, No Collision Stated (based on Police Blotter Book), 0.0 drivers_injured, 0.0 drivers_killed, 0.0 passengers_injured, 0.0 passengers_killed, 0.0 pedestrian_injured, 0.0 pedestrian_killed, Fair (Day), EDSA North Ave. Quezon City",MMDA Road Safety Unit,,62f5b014-6158-4fb5-81c4-983de17dacb0,2015-07-30,04:30:00,EDSA East Ave. Quezon City,0,0,0,0,0,0,0,0,0,0,2015-07-30 12:30,Property,14.65553839,121.0299647,No Collision Stated
None,EDSA,None,None,"No Accident Factor, Side Swipe, 0.0 drivers_injured, 0.0 drivers_killed, 0.0 passengers_injured, 0.0 passengers_killed, 0.0 pedestrian_injured, 0.0 pedestrian_killed, Fair (Day), EDSA Kamuning Road Quezon City",MMDA Road Safety Unit,,246feb85-1cae-4528-8180-483b8cd942ef,2015-07-30,02:15:00,EDSA East Ave. Quezon City,0,0,0,0,0,0,0,0,0,0,2015-07-30 10:15,Property,14.63075725,121.0457548,Side Swipe
None,EDSA,None,None,"No Accident Factor, No Collision Stated (based on Police Blotter Book), 0.0 drivers_injured, 0.0 drivers_killed, 0.0 passengers_injured, 0.0 passengers_killed, 0.0 pedestrian_injured, 0.0 pedestrian_killed, Fair (Day), EDSA Quezon Ave. Quezon City",MMDA Road Safety Unit,,f4d0a83a-d985-4133-93e2-be83b4691d0c,2015-07-29,23:20:00,EDSA Ortigas Ave. (Robinsons Galleria Entrance Parking Area) Quezon City,0,0,0,0,0,0,0,0,0,0,2015-07-30 7:20,Property,14.6442444,121.0375839,No Collision Stated
None,EDSA,None,None,"No Accident Factor, Rear-end, 0.0 drivers_injured, 0.0 drivers_killed, 0.0 passengers_injured, 0.0 passengers_killed, 0.0 pedestrian_injured, 0.0 pedestrian_killed, Fair (Day), EDSA Robinsons Mall Galeria, Ugong Norte Quezon City",MMDA Road Safety Unit,,12cfab9a-1dd2-4df2-862e-7b4d7dbda64d,2015-07-29,22:50:00,"EDSA Nepa Q-Mart, E. Rodriguez Sr.  Quezon City",0,0,0,0,0,0,0,0,0,0,2015-07-30 6:50,Property,14.59206941,121.058228,Rear-End
None,EDSA,None,None,"No Accident Factor, No Collision Stated (based on Police Blotter Book), 0.0 drivers_injured, 0.0 drivers_killed, 0.0 passengers_injured, 0.0 passengers_killed, 0.0 pedestrian_injured, 0.0 pedestrian_killed, Fair (Night), EDSA GMA Network Drive  Quezon City",MMDA Road Safety Unit,,9b4f3653-5ddb-44a0-9bac-e868fdecfbcc,2015-07-29,13:00:00,EDSA Oriental Market  Quezon City,0,0,0,0,0,0,0,0,0,0,2015-07-29 21:00,Property,14.63467214,121.0435714,No Collision Stated
None,EDSA,None,None,"No Accident Factor, Side Swipe, 0.0 drivers_injured, 0.0 drivers_killed, 0.0 passengers_injured, 0.0 passengers_killed, 0.0 pedestrian_injured, 0.0 pedestrian_killed, Fair (Night), EDSA Robinsons Mall Galleria Driveway Exit Quezon City",MMDA Road Safety Unit,,9041f921-74ad-419e-a9ec-db482c4a3c92,2015-07-29,12:55:00,EDSA Waltermart Quezon City,0,0,0,0,0,0,0,0,0,0,2015-07-29 20:55,Property,14.59206941,121.058228,Side Swipe
None,EDSA,None,None,"No Accident Factor, No Collision Stated (based on Police Blotter Book), 0.0 drivers_injured, 0.0 drivers_killed, 0.0 passengers_injured, 0.0 passengers_killed, 0.0 pedestrian_injured, 0.0 pedestrian_killed, Fair (Night), EDSA ""U"" turn slot, Veterans Quezon City",MMDA Road Safety Unit,,2ee1748e-69d0-4c05-bb10-d8b80c7a3103,2015-07-29,11:45:00,"EDSA ""U"" turn slot, Santolan, Socorro Quezon City",0,0,0,0,0,0,0,0,0,0,2015-07-29 19:45,Property,14.64995042,121.0336124,No Collision Stated
None,EDSA,None,None,"No Accident Factor, Side Swipe, 0.0 drivers_injured, 0.0 drivers_killed, 0.0 passengers_injured, 0.0 passengers_killed, 0.0 pedestrian_injured, 0.0 pedestrian_killed, Fair (Day), EDSA Quezon Ave.  Quezon City",MMDA Road Safety Unit,,4bd6b535-7a16-4ecd-b7a8-7690aea876af,2015-07-29,04:00:00,"EDSA Robinsons Galleria, Ugong Norte Quezon City",0,0,0,0,0,0,0,0,0,0,2015-07-29 12:00,Property,14.6442444,121.0375839,Side Swipe
None,EDSA,None,None,"No Accident Factor, Rear-end, 0.0 drivers_injured, 0.0 drivers_killed, 0.0 passengers_injured, 0.0 passengers_killed, 0.0 pedestrian_injured, 0.0 pedestrian_killed, Fair (Day), EDSA Aurora Blvd. Quezon City",MMDA Road Safety Unit,,8ebbd825-d130-4865-854c-ba131a78f857,2015-07-29,03:25:00,EDSA Main Ave. Quezon City,0,0,0,0,0,0,0,0,0,0,2015-07-29 11:25,Property,14.62163653,121.0501573,Rear-End
None,EDSA,None,None,"No Accident Factor, No Collision Stated (based on Police Blotter Book), 0.0 drivers_injured, 0.0 drivers_killed, 0.0 passengers_injured, 0.0 passengers_killed, 0.0 pedestrian_injured, 0.0 pedestrian_killed, Fair (Day), EDSA P. Tuazon Blvd. Quezon City",MMDA Road Safety Unit,,beb5bf23-447e-442d-b6d3-706d6fe6a48e,2015-07-28,23:55:00,EDSA Balintawak Market Quezon City,0,0,0,0,0,0,0,0,0,0,2015-07-29 7:55,Property,14.61656342,121.0525225,No Collision Stated
None,EDSA,None,None,"No Accident Factor, Side Swipe, 0.0 drivers_injured, 0.0 drivers_killed, 0.0 passengers_injured, 0.0 passengers_killed, 0.0 pedestrian_injured, 0.0 pedestrian_killed, Fair (Day), EDSA Quezon Ave.  Quezon City",MMDA Road Safety Unit,,22f636f1-cc3e-4292-a305-11b5d2460ed4,2015-07-28,23:30:00,EDSA Kamias Road Quezon City,0,0,0,0,0,0,0,0,0,0,2015-07-29 7:30,Property,14.6442444,121.0375839,Side Swipe
None,EDSA,None,None,"No Accident Factor, Angle Impact, 0.0 drivers_injured, 0.0 drivers_killed, 0.0 passengers_injured, 0.0 passengers_killed, 0.0 pedestrian_injured, 0.0 pedestrian_killed, Fair (Day), EDSA Whiteplains Quezon City",MMDA Road Safety Unit,,f9968495-6373-46b1-b225-b58b2d573178,2015-07-28,23:25:00,"EDSA Santolan MRT Station, Camp Aguinaldo Quezon City",0,0,0,0,0,0,0,0,0,0,2015-07-29 7:25,Property,14.59961782,121.0596522,Angle Impact
None,EDSA,None,None,"No Accident Factor, Hit Object (Barrier), 0.0 drivers_injured, 0.0 drivers_killed, 0.0 passengers_injured, 0.0 passengers_killed, 0.0 pedestrian_injured, 0.0 pedestrian_killed, Fair (Day), EDSA Cloverleaf Road Quezon City",MMDA Road Safety Unit,,0e1adc9f-8622-4f4a-ad50-224e60dace81,2015-07-28,22:00:00,EDSA Shell Gas Station A. Samson Quezon City,0,0,0,0,0,0,0,0,0,0,2015-07-29 6:00,Property,14.65747901,121.0011914,Hit Object
None,EDSA,None,None,"No Accident Factor, Multiple Collision, 0.0 drivers_injured, 0.0 drivers_killed, 0.0 passengers_injured, 0.0 passengers_killed, 0.0 pedestrian_injured, 0.0 pedestrian_killed, Fair (Night), EDSA Monte De Piedad St. Quezon City",MMDA Road Safety Unit,,f9f59e5a-6afe-4c6f-8302-d871aeca36a0,2015-07-28,13:10:00,EDSA Misamis St. Quezon City,0,0,0,0,0,0,0,0,0,0,2015-07-28 21:10,Property,14.62346937,121.0491711,Multiple
None,EDSA,None,None,"No Accident Factor, No Collision Stated (based on Police Blotter Book), 0.0 drivers_injured, 0.0 drivers_killed, 0.0 passengers_injured, 0.0 passengers_killed, 0.0 pedestrian_injured, 0.0 pedestrian_killed, Fair (Night), EDSA Philam Quezon City",MMDA Road Safety Unit,,47eb3eb5-a5cf-4b7d-941c-8a3c5d828ab6,2015-07-28,11:10:00,EDSA Balintawak Market Quezon City,0,0,0,0,0,0,0,0,0,0,2015-07-28 19:10,Property,14.65280875,121.0317622,No Collision Stated
None,EDSA,None,None,"No Accident Factor, No Collision Stated (based on Police Blotter Book), 0.0 drivers_injured, 0.0 drivers_killed, 0.0 passengers_injured, 0.0 passengers_killed, 0.0 pedestrian_injured, 0.0 pedestrian_killed, Fair (Day), EDSA Camp Aguinaldo Quezon City",MMDA Road Safety Unit,,179730f9-74dc-411f-a644-392591fa3e71,2015-07-28,08:25:00,EDSA Congressional Ave. Quezon City,0,0,0,0,0,0,0,0,0,0,2015-07-28 16:25,Property,14.60818699,121.0564562,No Collision Stated
None,EDSA,None,None,"No Accident Factor, Side Swipe, 0.0 drivers_injured, 0.0 drivers_killed, 0.0 passengers_injured, 0.0 passengers_killed, 0.0 pedestrian_injured, 0.0 pedestrian_killed, Fair (Day), EDSA Mother Ignacia St. Quezon City",MMDA Road Safety Unit,,535f1bad-df6a-44c3-986a-c06c27a929c2,2015-07-28,04:20:00,EDSA Mindanao Ave. Exit Quezon City,0,0,0,0,0,0,0,0,0,0,2015-07-28 12:20,Property,14.64220321,121.0386692,Side Swipe
None,EDSA,None,None,"No Accident Factor, Rear-end, 0.0 drivers_injured, 0.0 drivers_killed, 0.0 passengers_injured, 0.0 passengers_killed, 0.0 pedestrian_injured, 0.0 pedestrian_killed, Fair (Day), EDSA Chowking, Kamuning  Quezon City",MMDA Road Safety Unit,,ccee1b19-8da9-457e-a455-a6c015ba9935,2015-07-28,04:05:00,EDSA North Ave. Quezon City,0,0,0,0,0,0,0,0,0,0,2015-07-28 12:05,Property,14.63059072,121.0458545,Rear-End
None,EDSA,None,None,"No Accident Factor, Rear-end, 0.0 drivers_injured, 0.0 drivers_killed, 0.0 passengers_injured, 0.0 passengers_killed, 0.0 pedestrian_injured, 0.0 pedestrian_killed, Fair (Day), EDSA Philtranco Bus Terminal  Quezon City",MMDA Road Safety Unit,,54186de6-4c79-4427-ba27-d9c5a321159a,2015-07-28,01:30:00,EDSA Ortigas Ave. (EDSA Shrine) Quezon City,0,0,0,0,0,0,0,0,0,0,2015-07-28 9:30,Property,14.61856801,121.0513433,Rear-End
None,EDSA,None,None,"No Accident Factor, Rear-end, 0.0 drivers_injured, 0.0 drivers_killed, 0.0 passengers_injured, 0.0 passengers_killed, 0.0 pedestrian_injured, 0.0 pedestrian_killed, Fair (Day), EDSA Quezon Ave.  Quezon City",MMDA Road Safety Unit,,3d795363-4f7e-431d-b2c0-395fa215ba92,2015-07-27,09:00:00,EDSA Gen. Roxas Ave. Quezon City,0,0,0,0,0,0,0,0,0,0,2015-07-27 17:00,Property,14.6442444,121.0375839,Rear-End
None,EDSA,None,None,"No Accident Factor, No Collision Stated (based on Police Blotter Book), 0.0 drivers_injured, 0.0 drivers_killed, 0.0 passengers_injured, 0.0 passengers_killed, 0.0 pedestrian_injured, 0.0 pedestrian_killed, Fair (Day), EDSA Mindanao Ave. Ext. Quezon City",MMDA Road Safety Unit,,c60bdddb-fb20-4729-9a72-1911f6683e10,2015-07-27,06:05:00,EDSA P. Tuazon Blvd. Quezon City,0,0,0,0,0,0,0,0,0,0,2015-07-27 14:05,Property,14.65052386,121.0335656,No Collision Stated
None,EDSA,None,None,"No Accident Factor, No Collision Stated (based on Police Blotter Book), 0.0 drivers_injured, 0.0 drivers_killed, 0.0 passengers_injured, 0.0 passengers_killed, 0.0 pedestrian_injured, 0.0 pedestrian_killed, Fair (Day), EDSA ""U"" turn slot, Bagong Pag-asa Quezon City",MMDA Road Safety Unit,,f9a61ca4-6d7f-4cae-896e-4c1ac322ccfc,2015-07-27,04:15:00,EDSA Col. Bonny Serrano Ave. Quezon City,0,0,0,0,0,0,0,0,0,0,2015-07-27 12:15,Property,14.65652754,121.0260743,No Collision Stated
None,EDSA,None,None,"No Accident Factor, Rear-end, 0.0 drivers_injured, 0.0 drivers_killed, 0.0 passengers_injured, 0.0 passengers_killed, 0.0 pedestrian_injured, 0.0 pedestrian_killed, Fair (Day), EDSA Aurora Blvd. Quezon City",MMDA Road Safety Unit,,705dfdfb-063b-41d3-a4e8-8a861670cce9,2015-07-27,01:00:00,"EDSA ""U"" turn slot, Mapagmahal St. Quezon City",0,0,0,0,0,0,0,0,0,0,2015-07-27 9:00,Property,14.62163653,121.0501573,Rear-End
None,EDSA,None,None,"No Accident Factor, Side Swipe, 0.0 drivers_injured, 0.0 drivers_killed, 0.0 passengers_injured, 0.0 passengers_killed, 0.0 pedestrian_injured, 0.0 pedestrian_killed, Fair (Night), EDSA Trinoma Bagong Pag Asa Quezon City",MMDA Road Safety Unit,,15d708d5-efee-4c51-8712-ffe6d6755fc2,2015-07-26,14:40:00,EDSA Kamuning Road Quezon City,0,0,0,0,0,0,0,0,0,0,2015-07-26 22:40,Property,14.65242607,121.0323133,Side Swipe
None,EDSA,None,None,"No Accident Factor, Side Swipe, 0.0 drivers_injured, 0.0 drivers_killed, 0.0 passengers_injured, 0.0 passengers_killed, 0.0 pedestrian_injured, 0.0 pedestrian_killed, Fair (Night), EDSA Main Ave. Quezon City",MMDA Road Safety Unit,,0dd4dda1-3ca2-44eb-973a-b7b868d72358,2015-07-26,11:50:00,EDSA Whiteplains Ave. Quezon City,0,0,0,0,0,0,0,0,0,0,2015-07-26 19:50,Property,14.61376458,121.0537933,Side Swipe
None,EDSA,None,None,"No Accident Factor, No Collision Stated (based on Police Blotter Book), 0.0 drivers_injured, 0.0 drivers_killed, 0.0 passengers_injured, 0.0 passengers_killed, 0.0 pedestrian_injured, 0.0 pedestrian_killed, Fair (Night), EDSA Aurora Blvd. (Immaculate Concepcion) Quezon City",MMDA Road Safety Unit,,2ee86172-091d-4ddf-82eb-eb037b40b3d7,2015-07-26,11:30:00,EDSA Farmers Plaza Quezon City,0,0,0,0,0,0,0,0,0,0,2015-07-26 19:30,Property,14.62151658,121.0501092,No Collision Stated
None,EDSA,None,None,"No Accident Factor, Side Swipe, 0.0 drivers_injured, 0.0 drivers_killed, 0.0 passengers_injured, 0.0 passengers_killed, 0.0 pedestrian_injured, 0.0 pedestrian_killed, Fair (Day), EDSA East Ave. Quezon City",MMDA Road Safety Unit,,7a54f1a3-37c7-41a4-8505-7b6d792b9f0d,2015-07-26,04:40:00,EDSA Col. Bonny Serrano Ave. Quezon City,0,0,0,0,0,0,0,0,0,0,2015-07-26 12:40,Property,14.6328297,121.0451176,Side Swipe
None,EDSA,None,None,"No Accident Factor, No Collision Stated (based on Police Blotter Book), 0.0 drivers_injured, 0.0 drivers_killed, 0.0 passengers_injured, 0.0 passengers_killed, 0.0 pedestrian_injured, 0.0 pedestrian_killed, Fair (Day), EDSA P. Tuazon Blvd. Quezon City",MMDA Road Safety Unit,,651fb220-e60d-4280-9cb0-0657f5a85441,2015-07-26,01:45:00,"EDSA ""U"" turn slot, R. Magsaysay Quezon City",0,0,0,0,0,0,0,0,0,0,2015-07-26 9:45,Property,14.61656342,121.0525225,No Collision Stated
None,EDSA,None,None,"No Accident Factor, Rear-end, 0.0 drivers_injured, 0.0 drivers_killed, 0.0 passengers_injured, 0.0 passengers_killed, 0.0 pedestrian_injured, 0.0 pedestrian_killed, Fair (Night), EDSA Col. Bonny Serrano Ave. Quezon City",MMDA Road Safety Unit,,90bf9768-8beb-4dd9-ab72-ea8e498337e9,2015-07-25,13:20:00,EDSA Timog Ave. Quezon City,0,0,0,0,0,0,0,0,0,0,2015-07-25 21:20,Property,14.61107337,121.0550705,Rear-End
None,EDSA,None,None,"No Accident Factor, Rear-end, 0.0 drivers_injured, 0.0 drivers_killed, 1.0 passengers_injured, 0.0 passengers_killed, 0.0 pedestrian_injured, 0.0 pedestrian_killed, Fair (Night), EDSA Kaingin Road Quezon City",MMDA Road Safety Unit,,a85c12f6-322b-4d23-b19b-998529c3909a,2015-07-25,12:40:00,EDSA Cloverleaf Road Quezon City,0,0,0,0,1,0,0,0,0,1,2015-07-25 20:40,Injury,14.65746493,121.0109963,Rear-End
None,EDSA,None,None,"No Accident Factor, Rear-end, 0.0 drivers_injured, 0.0 drivers_killed, 0.0 passengers_injured, 0.0 passengers_killed, 0.0 pedestrian_injured, 0.0 pedestrian_killed, Fair (Night), EDSA Kaingin Road Quezon City",MMDA Road Safety Unit,,282aff5b-66ee-46af-8765-7703c9e23dfe,2015-07-25,12:40:00,EDSA Cloverleaf Road Quezon City,0,0,0,0,0,0,0,0,0,0,2015-07-25 20:40,Property,14.65746493,121.0109963,Rear-End
None,EDSA,None,None,"No Accident Factor, No Collision Stated (based on Police Blotter Book), 0.0 drivers_injured, 0.0 drivers_killed, 0.0 passengers_injured, 0.0 passengers_killed, 0.0 pedestrian_injured, 0.0 pedestrian_killed, Fair (Day), EDSA North Ave. Quezon City",MMDA Road Safety Unit,,dbcd6f0e-76ae-4938-b7f6-0ede5f212672,2015-07-25,08:40:00,EDSA A. Samson Quezon City,0,0,0,0,0,0,0,0,0,0,2015-07-25 16:40,Property,14.65553839,121.0299647,No Collision Stated
None,EDSA,None,None,"No Accident Factor, Rear-end, 0.0 drivers_injured, 0.0 drivers_killed, 0.0 passengers_injured, 0.0 passengers_killed, 0.0 pedestrian_injured, 0.0 pedestrian_killed, Fair (Day), EDSA Cloverleaf Road Quezon City",MMDA Road Safety Unit,,f689ac68-f10b-4261-83e7-0c58e0a8d389,2015-07-25,05:30:00,"EDSA Five Star Bus Terminal, Cubao  Quezon City",0,0,0,0,0,0,0,0,0,0,2015-07-25 13:30,Property,14.65747901,121.0011914,Rear-End
None,EDSA,None,None,"No Accident Factor, Hit Object (Pushcart), 0.0 drivers_injured, 0.0 drivers_killed, 0.0 passengers_injured, 0.0 passengers_killed, 0.0 pedestrian_injured, 0.0 pedestrian_killed, Fair (Day), EDSA Balintawak Market Quezon City",MMDA Road Safety Unit,,3197dcc4-565c-475d-8bf8-dea3d43275d7,2015-07-24,23:30:00,"EDSA Trinoma Mall, Pag-Asa Quezon City",0,0,0,0,0,0,0,0,0,0,2015-07-25 7:30,Property,14.65740947,121.0025737,Hit Object
None,EDSA,None,None,"No Accident Factor, Side Swipe, 0.0 drivers_injured, 0.0 drivers_killed, 0.0 passengers_injured, 0.0 passengers_killed, 0.0 pedestrian_injured, 0.0 pedestrian_killed, Fair (Night), EDSA Col. Bonny Serrano Ave. Quezon City",MMDA Road Safety Unit,,3ee8cf24-ad1a-4891-aa0b-592ddcebb56b,2015-07-24,15:30:00,EDSA Col. Bonny Serrano Ave. Quezon City,0,0,0,0,0,0,0,0,0,0,2015-07-24 23:30,Property,14.61107337,121.0550705,Side Swipe
None,EDSA,None,None,"No Accident Factor, No Collision Stated (based on Police Blotter Book), 0.0 drivers_injured, 0.0 drivers_killed, 0.0 passengers_injured, 0.0 passengers_killed, 0.0 pedestrian_injured, 0.0 pedestrian_killed, Fair (Night), EDSA Timog Ave. Quezon City",MMDA Road Safety Unit,,61bd3292-d404-4a03-bb59-f2fa9b8053c1,2015-07-24,10:45:00,EDSA Main Ave. Quezon City,0,0,0,0,0,0,0,0,0,0,2015-07-24 18:45,Property,14.63293559,121.0446304,No Collision Stated
None,EDSA,None,None,"No Accident Factor, No Collision Stated (based on Police Blotter Book), 0.0 drivers_injured, 0.0 drivers_killed, 0.0 passengers_injured, 0.0 passengers_killed, 0.0 pedestrian_injured, 0.0 pedestrian_killed, Fair (Day), EDSA ""U"" turn slot, Waltermart, San Antonio Quezon City",MMDA Road Safety Unit,,cfd68fd2-28aa-49dd-8d51-ab5dc26181b0,2015-07-24,09:30:00,"EDSA ""U"" turn slot, South Triangle Quezon City",0,0,0,0,0,0,0,0,0,0,2015-07-24 17:30,Property,14.65729258,121.0226351,No Collision Stated
None,EDSA,None,None,"No Accident Factor, No Collision Stated (based on Police Blotter Book), 0.0 drivers_injured, 0.0 drivers_killed, 0.0 passengers_injured, 0.0 passengers_killed, 0.0 pedestrian_injured, 0.0 pedestrian_killed, Fair (Day), EDSA ""U"" turn slot, Bansalangin St.  Quezon City",MMDA Road Safety Unit,,59bdf360-e0ce-4602-bb68-d9f335a176f1,2015-07-24,08:30:00,"EDSA Five Star Bus Terminal, Cubao  Quezon City",0,0,0,0,0,0,0,0,0,0,2015-07-24 16:30,Property,14.65690523,121.0241855,No Collision Stated
None,EDSA,None,None,"No Accident Factor, Side Swipe, 0.0 drivers_injured, 0.0 drivers_killed, 0.0 passengers_injured, 0.0 passengers_killed, 0.0 pedestrian_injured, 0.0 pedestrian_killed, Fair (Day), EDSA Dario Bridge Quezon City",MMDA Road Safety Unit,,ec2233be-40b8-4080-83d1-365a1886e255,2015-07-24,07:25:00,EDSA Aurora Blvd. Quezon City,0,0,0,0,0,0,0,0,0,0,2015-07-24 15:25,Property,14.65750874,121.0155818,Side Swipe
None,EDSA,None,None,"No Accident Factor, Side Swipe, 0.0 drivers_injured, 0.0 drivers_killed, 0.0 passengers_injured, 0.0 passengers_killed, 0.0 pedestrian_injured, 0.0 pedestrian_killed, Fair (Day), EDSA Aurora Blvd. Quezon City",MMDA Road Safety Unit,,cc193830-deff-40de-ad48-4e9cf7d297d2,2015-07-24,05:50:00,EDSA Kamuning Road Quezon City,0,0,0,0,0,0,0,0,0,0,2015-07-24 13:50,Property,14.62163653,121.0501573,Side Swipe
None,EDSA,None,None,"No Accident Factor, Side Swipe, 0.0 drivers_injured, 0.0 drivers_killed, 0.0 passengers_injured, 0.0 passengers_killed, 0.0 pedestrian_injured, 0.0 pedestrian_killed, Fair (Day), EDSA P. Tuazon Blvd. Quezon City",MMDA Road Safety Unit,,7457f14d-eae0-406b-bf78-72ebe3256118,2015-07-24,02:45:00,EDSA Bansalangin St. Quezon City,0,0,0,0,0,0,0,0,0,0,2015-07-24 10:45,Property,14.61656342,121.0525225,Side Swipe
None,EDSA,None,None,"No Accident Factor, Rear-end, 0.0 drivers_injured, 0.0 drivers_killed, 0.0 passengers_injured, 0.0 passengers_killed, 0.0 pedestrian_injured, 0.0 pedestrian_killed, Fair (Day), EDSA Banahaw St. Quezon City",MMDA Road Safety Unit,,8fda3f55-cc37-4e3a-9b11-8ba488160ad7,2015-07-24,01:15:00,EDSA Cloverleaf Road Quezon City,0,0,0,0,0,0,0,0,0,0,2015-07-24 9:15,Property,14.61797303,121.0516572,Rear-End