LOCATION_TEXT,ROAD,WEATHER,LIGHT,DESC,REPORTING_AGENCY,MAIN_CAUSE,INCIDENTDETAILS_ID,DATE_UTC,TIME_UTC,ADDRESS,killed_driver,killed_passenger,killed_pedestrian,injured_driver,injured_passenger,injured_pedestrian,killed_uncategorized,injured_uncategorized,killed_total,injured_total,DATETIME_PST,SEVERITY,Y,X,COLLISION_TYPE
None,EDSA,None,None,"No Accident Factor, Side Swipe, 0.0 drivers_injured, 0.0 drivers_killed, 0.0 passengers_injured, 0.0 passengers_killed, 0.0 pedestrian_injured, 0.0 pedestrian_killed, Fair (Day), EDSA MRT North Philam Quezon City",MMDA Road Safety Unit,,58b87e7f-e746-46a6-bd85-d8e2e1fd5317,2015-07-24,00:30:00,"EDSA Quezon Ave., West Triangle Quezon City",0,0,0,0,0,0,0,0,0,0,2015-07-24 8:30,Property,14.65224665,121.0323026,Side Swipe
None,EDSA,None,None,"No Accident Factor, Side Swipe, 0.0 drivers_injured, 0.0 drivers_killed, 0.0 passengers_injured, 0.0 passengers_killed, 0.0 pedestrian_injured, 0.0 pedestrian_killed, Fair (Night), EDSA Philam Quezon City",MMDA Road Safety Unit,,cfc9aa43-a17d-4d90-ab7a-ecbd5c85c6fb,2015-07-23,12:30:00,EDSA Balintawak Market Quezon City,0,0,0,0,0,0,0,0,0,0,2015-07-23 20:30,Property,14.65280875,121.0317622,Side Swipe
None,EDSA,None,None,"No Accident Factor, Rear-end, 0.0 drivers_injured, 0.0 drivers_killed, 0.0 passengers_injured, 0.0 passengers_killed, 0.0 pedestrian_injured, 0.0 pedestrian_killed, Fair (Day), EDSA GMA-7  Quezon City",MMDA Road Safety Unit,,528d38cf-6fd5-41be-b4df-75245b652fcd,2015-07-23,06:05:00,EDSA Mindanao Ave. Ext. Quezon City,0,0,0,0,0,0,0,0,0,0,2015-07-23 14:05,Property,14.63467214,121.0435714,Rear-End
None,EDSA,None,None,"No Accident Factor, No Collision Stated (based on Police Blotter Book), 0.0 drivers_injured, 0.0 drivers_killed, 0.0 passengers_injured, 0.0 passengers_killed, 0.0 pedestrian_injured, 0.0 pedestrian_killed, Fair (Day), EDSA Quezon Ave.  Quezon City",MMDA Road Safety Unit,,62e120c3-093f-4525-a0f2-51c216b601f1,2015-07-23,05:10:00,EDSA Bansalangin St. Quezon City,0,0,0,0,0,0,0,0,0,0,2015-07-23 13:10,Property,14.6442444,121.0375839,No Collision Stated
None,EDSA,None,None,"No Accident Factor, Hit Object (Barrier), 0.0 drivers_injured, 0.0 drivers_killed, 0.0 passengers_injured, 0.0 passengers_killed, 0.0 pedestrian_injured, 0.0 pedestrian_killed, Fair (Day), EDSA Col. Bonny Serrano Ave. Quezon City",MMDA Road Safety Unit,,4ffccaee-70bb-47b5-a7ff-1d0b7f7602a6,2015-07-23,04:55:00,EDSA East Ave. Quezon City,0,0,0,0,0,0,0,0,0,0,2015-07-23 12:55,Property,14.61107337,121.0550705,Hit Object
None,EDSA,None,None,"No Accident Factor, Side Swipe, 1.0 drivers_injured, 0.0 drivers_killed, 0.0 passengers_injured, 0.0 passengers_killed, 0.0 pedestrian_injured, 0.0 pedestrian_killed, Fair (Day), EDSA NIA Road Quezon City",MMDA Road Safety Unit,,9544ce78-05e3-4294-83c9-d3cb41ec31d9,2015-07-23,01:50:00,"EDSA Whiteplains Drive, Ugong Norte Quezon City",0,0,0,1,0,0,0,0,0,1,2015-07-23 9:50,Injury,14.63727823,121.0421362,Side Swipe
None,EDSA,None,None,"No Accident Factor, Rear-end, 0.0 drivers_injured, 0.0 drivers_killed, 1.0 passengers_injured, 0.0 passengers_killed, 0.0 pedestrian_injured, 0.0 pedestrian_killed, Fair (Day), EDSA Panay Ave. Quezon City",MMDA Road Safety Unit,,433c9831-d6f9-4046-b956-d0f05c5d55ce,2015-07-23,00:30:00,EDSA Oriental Market Quezon City,0,0,0,0,1,0,0,0,0,1,2015-07-23 8:30,Injury,14.64294686,121.0381076,Rear-End
None,EDSA,None,None,"No Accident Factor, No Collision Stated (based on Police Blotter Book), 0.0 drivers_injured, 0.0 drivers_killed, 0.0 passengers_injured, 0.0 passengers_killed, 0.0 pedestrian_injured, 0.0 pedestrian_killed, Fair (Day), EDSA Corregidor St. Quezon City",MMDA Road Safety Unit,,0efaaeb5-ef00-46f8-bab6-782e194c9c45,2015-07-22,22:45:00,EDSA Kamuning Road Quezon City,0,0,0,0,0,0,0,0,0,0,2015-07-23 6:45,Property,14.65707679,121.0241648,No Collision Stated
None,EDSA,None,None,"No Accident Factor, Rear-end, 1.0 drivers_injured, 0.0 drivers_killed, 0.0 passengers_injured, 0.0 passengers_killed, 0.0 pedestrian_injured, 0.0 pedestrian_killed, Fair (Night), EDSA ""U"" turn slot, Iglesia ni Cristo Quezon City",MMDA Road Safety Unit,,ad1a07c8-af9a-49bb-b2a9-63f7872dbcdf,2015-07-22,15:20:00,EDSA P. Tuazon Blvd. Quezon City,0,0,0,1,0,0,0,0,0,1,2015-07-22 23:20,Injury,14.65726475,121.0226547,Rear-End
None,EDSA,None,None,"No Accident Factor, No Collision Stated (based on Police Blotter Book), 0.0 drivers_injured, 0.0 drivers_killed, 0.0 passengers_injured, 0.0 passengers_killed, 0.0 pedestrian_injured, 0.0 pedestrian_killed, Fair (Night), EDSA Aurora Blvd. Quezon City",MMDA Road Safety Unit,,2b2f1ee8-97c8-44ea-99b5-1bf833cff653,2015-07-22,14:35:00,EDSA Royal Quezon City,0,0,0,0,0,0,0,0,0,0,2015-07-22 22:35,Property,14.62163653,121.0501573,No Collision Stated
None,EDSA,None,None,"No Accident Factor, Side Swipe, 0.0 drivers_injured, 0.0 drivers_killed, 0.0 passengers_injured, 0.0 passengers_killed, 0.0 pedestrian_injured, 0.0 pedestrian_killed, Fair (Night), EDSA P. Tuazon Blvd. Quezon City",MMDA Road Safety Unit,,ced3c7a8-f04f-4cbd-8967-666084c1b0e7,2015-07-22,14:30:00,EDSA West Ave. Quezon City,0,0,0,0,0,0,0,0,0,0,2015-07-22 22:30,Property,14.61656342,121.0525225,Side Swipe
None,EDSA,None,None,"No Accident Factor, Rear-end, 0.0 drivers_injured, 0.0 drivers_killed, 0.0 passengers_injured, 0.0 passengers_killed, 0.0 pedestrian_injured, 0.0 pedestrian_killed, Fair (Day), EDSA Santolan MRT station (NB) Quezon City",MMDA Road Safety Unit,,8aa72e73-4b15-48b0-a5bb-f4c1bafe9c7c,2015-07-22,09:10:00,EDSA Camp Crame Quezon City,0,0,0,0,0,0,0,0,0,0,2015-07-22 17:10,Property,14.60773988,121.0564577,Rear-End
None,EDSA,None,None,"No Accident Factor, Rear-end, 0.0 drivers_injured, 0.0 drivers_killed, 0.0 passengers_injured, 0.0 passengers_killed, 0.0 pedestrian_injured, 0.0 pedestrian_killed, Fair (Day), EDSA Aurora Blvd. Quezon City",MMDA Road Safety Unit,,ccc75634-0d5f-4090-b85a-10137d5c59a6,2015-07-22,06:00:00,EDSA Aurora Blvd. Quezon City,0,0,0,0,0,0,0,0,0,0,2015-07-22 14:00,Property,14.62163653,121.0501573,Rear-End
None,EDSA,None,None,"No Accident Factor, Multiple Collision, 1.0 drivers_injured, 0.0 drivers_killed, 0.0 passengers_injured, 0.0 passengers_killed, 0.0 pedestrian_injured, 0.0 pedestrian_killed, Fair (Day), EDSA Nepa Q-Mart, E. Rodriguez  Quezon City",MMDA Road Safety Unit,,c881d630-f4ea-449f-b878-0af73e905678,2015-07-22,01:30:00,EDSA Camp Aguinaldo Quezon City,0,0,0,1,0,0,0,0,0,1,2015-07-22 9:30,Injury,14.62805361,121.0472521,Multiple
None,EDSA,None,None,"No Accident Factor, No Collision Stated (based on Police Blotter Book), 0.0 drivers_injured, 0.0 drivers_killed, 0.0 passengers_injured, 0.0 passengers_killed, 0.0 pedestrian_injured, 0.0 pedestrian_killed, Fair (Day), EDSA Station 10 Kamuning Quezon City",MMDA Road Safety Unit,,32859172-574e-4f27-989b-bb55ab835dc9,2015-07-22,00:00:00,EDSA Ermin Garcia St. Quezon City,0,0,0,0,0,0,0,0,0,0,2015-07-22 8:00,Property,14.62991165,121.0461367,No Collision Stated
None,EDSA,None,None,"No Accident Factor, Rear-end, 0.0 drivers_injured, 0.0 drivers_killed, 0.0 passengers_injured, 0.0 passengers_killed, 0.0 pedestrian_injured, 0.0 pedestrian_killed, Fair (Day), EDSA Ermin Garcia St. Quezon City",MMDA Road Safety Unit,,1c64c2ad-1df0-4c1e-9e55-f40a9b1b94e4,2015-07-21,22:00:00,EDSA Banahaw St. Quezon City,0,0,0,0,0,0,0,0,0,0,2015-07-22 6:00,Property,14.62758814,121.047487,Rear-End
None,EDSA,None,None,"No Accident Factor, Rear-end, 0.0 drivers_injured, 0.0 drivers_killed, 0.0 passengers_injured, 0.0 passengers_killed, 0.0 pedestrian_injured, 0.0 pedestrian_killed, Fair (Night), EDSA Aurora Blvd. Quezon City",MMDA Road Safety Unit,,7d626e8b-e8c0-4d1d-8bd8-082ce33669da,2015-07-21,13:00:00,EDSA East Ave. Quezon City,0,0,0,0,0,0,0,0,0,0,2015-07-21 21:00,Property,14.62163653,121.0501573,Rear-End
None,EDSA,None,None,"No Accident Factor, No Collision Stated (based on Police Blotter Book), 0.0 drivers_injured, 0.0 drivers_killed, 0.0 passengers_injured, 0.0 passengers_killed, 0.0 pedestrian_injured, 0.0 pedestrian_killed, Fair (Night), EDSA Monte De Piedad St. Quezon City",MMDA Road Safety Unit,,37ad3d72-f58b-42da-8d1b-85d746625da4,2015-07-21,12:00:00,"EDSA Robinson's Galleria Exit Driveway Exit, Ugong Norte Quezon City",0,0,0,0,0,0,0,0,0,0,2015-07-21 20:00,Property,14.62346937,121.0491711,No Collision Stated
None,EDSA,None,None,"No Accident Factor, No Collision Stated (based on Police Blotter Book), 0.0 drivers_injured, 0.0 drivers_killed, 0.0 passengers_injured, 0.0 passengers_killed, 0.0 pedestrian_injured, 0.0 pedestrian_killed, Fair (Night), EDSA SM Mall North, Bagong Pag-Asa Quezon City",MMDA Road Safety Unit,,6bf757e0-aced-477a-ba61-be4aa0a6b836,2015-07-21,11:35:00,"EDSA MRT-Santolan Station, Camp Aguinaldo Quezon City",0,0,0,0,0,0,0,0,0,0,2015-07-21 19:35,Property,14.65580781,121.0293115,No Collision Stated
None,EDSA,None,None,"No Accident Factor, Hit and Run (No Collision Stated), 0.0 drivers_injured, 0.0 drivers_killed, 0.0 passengers_injured, 0.0 passengers_killed, 0.0 pedestrian_injured, 0.0 pedestrian_killed, Fair (Day), EDSA Mercury Drugstore, West Kamias Quezon City",MMDA Road Safety Unit,,b2b568b9-07bb-4164-b30b-f1107c3462a2,2015-07-21,06:30:00,EDSA Main Ave. Quezon City,0,0,0,0,0,0,0,0,0,0,2015-07-21 14:30,Property,14.63053361,121.0461718,No Collision Stated
None,EDSA,None,None,"No Accident Factor, No Collision Stated (based on Police Blotter Book), 0.0 drivers_injured, 0.0 drivers_killed, 0.0 passengers_injured, 0.0 passengers_killed, 0.0 pedestrian_injured, 0.0 pedestrian_killed, Fair (Day), EDSA Misamis St. Quezon City",MMDA Road Safety Unit,,66df66d1-dead-45f9-9db3-620ba83b9a27,2015-07-21,02:00:00,EDSA SM Mall North Quezon City,0,0,0,0,0,0,0,0,0,0,2015-07-21 10:00,Property,14.65602348,121.0285212,No Collision Stated
None,EDSA,None,None,"No Accident Factor, Side Swipe, 0.0 drivers_injured, 0.0 drivers_killed, 0.0 passengers_injured, 0.0 passengers_killed, 0.0 pedestrian_injured, 0.0 pedestrian_killed, Fair (Day), EDSA P. Tuazon Blvd. Quezon City",MMDA Road Safety Unit,,d7f343f2-33ca-4fdb-a383-88e0466f4819,2015-07-20,09:00:00,EDSA Kamuning Road Quezon City,0,0,0,0,0,0,0,0,0,0,2015-07-20 17:00,Property,14.61656342,121.0525225,Side Swipe
None,EDSA,None,None,"No Accident Factor, Side Swipe, 0.0 drivers_injured, 0.0 drivers_killed, 0.0 passengers_injured, 0.0 passengers_killed, 0.0 pedestrian_injured, 0.0 pedestrian_killed, Fair (Day), EDSA Mayor Ignacio Diaz St. Quezon City",MMDA Road Safety Unit,,24b53bc3-9eef-440a-ba72-dae519e220c2,2015-07-20,08:15:00,"EDSA ""U"" turn slot, Oliveros Drive Quezon City",0,0,0,0,0,0,0,0,0,0,2015-07-20 16:15,Property,14.61785258,121.0515682,Side Swipe
None,EDSA,None,None,"No Accident Factor, No Collision Stated (based on Police Blotter Book), 0.0 drivers_injured, 0.0 drivers_killed, 0.0 passengers_injured, 0.0 passengers_killed, 0.0 pedestrian_injured, 0.0 pedestrian_killed, Fair (Day), EDSA Cloverleaf Road Quezon City",MMDA Road Safety Unit,,3a817b75-0ffe-4927-a233-0f8537f5d462,2015-07-20,07:15:00,EDSA Main Ave. Quezon City,0,0,0,0,0,0,0,0,0,0,2015-07-20 15:15,Property,14.65747901,121.0011914,No Collision Stated
None,EDSA,None,None,"No Accident Factor, No Collision Stated (based on Police Blotter Book), 0.0 drivers_injured, 0.0 drivers_killed, 0.0 passengers_injured, 0.0 passengers_killed, 0.0 pedestrian_injured, 0.0 pedestrian_killed, Fair (Day), EDSA Philam Quezon City",MMDA Road Safety Unit,,4ed1da02-3c97-4bd7-a1f6-70c101d16e14,2015-07-20,03:45:00,EDSA Cloverleaf Road Quezon City,0,0,0,0,0,0,0,0,0,0,2015-07-20 11:45,Property,14.65280875,121.0317622,No Collision Stated
None,EDSA,None,None,"No Accident Factor, Rear-end, 0.0 drivers_injured, 0.0 drivers_killed, 0.0 passengers_injured, 0.0 passengers_killed, 0.0 pedestrian_injured, 0.0 pedestrian_killed, Fair (Day), EDSA Aurora Blvd. Quezon City",MMDA Road Safety Unit,,84318842-b6cd-4d3f-a3f1-99e1d3eed60e,2015-07-20,01:00:00,EDSA Cloverleaf Road Quezon City,0,0,0,0,0,0,0,0,0,0,2015-07-20 9:00,Property,14.62163653,121.0501573,Rear-End
None,EDSA,None,None,"No Accident Factor, Side Swipe, 0.0 drivers_injured, 0.0 drivers_killed, 0.0 passengers_injured, 0.0 passengers_killed, 0.0 pedestrian_injured, 0.0 pedestrian_killed, Fair (Day), EDSA Camp Aguinaldo Quezon City",MMDA Road Safety Unit,,f548be36-40bd-4be8-b442-051a859b5e94,2015-07-19,23:45:00,EDSA Mindanao Ave. Ext. Quezon City,0,0,0,0,0,0,0,0,0,0,2015-07-20 7:45,Property,14.60818699,121.0564562,Side Swipe
None,EDSA,None,None,"No Accident Factor, No Collision Stated (based on Police Blotter Book), 0.0 drivers_injured, 0.0 drivers_killed, 0.0 passengers_injured, 0.0 passengers_killed, 0.0 pedestrian_injured, 0.0 pedestrian_killed, Fair (Day), EDSA Ramon Magsaysay Quezon City",MMDA Road Safety Unit,,669b31e6-86e8-4b0e-88d8-c128ab9608aa,2015-07-19,22:30:00,"EDSA ""U"" turn slot, Quezon Ave. Quezon City",0,0,0,0,0,0,0,0,0,0,2015-07-20 6:30,Property,14.62774693,121.0471762,No Collision Stated
None,EDSA,None,None,"No Accident Factor, No Collision Stated (based on Police Blotter Book), 0.0 drivers_injured, 0.0 drivers_killed, 0.0 passengers_injured, 0.0 passengers_killed, 0.0 pedestrian_injured, 0.0 pedestrian_killed, Fair (Night), EDSA ""U"" turn slot, DILG Quezon City",MMDA Road Safety Unit,,82107031-4dcc-47f4-a8be-cb16c8d20495,2015-07-19,12:30:00,"EDSA Robinson's Galleria, Ugong Norte Quezon City",0,0,0,0,0,0,0,0,0,0,2015-07-19 20:30,Property,14.64520083,121.0368842,No Collision Stated
None,EDSA,None,None,"No Accident Factor, Hit and Run (No Collision Stated), 0.0 drivers_injured, 0.0 drivers_killed, 0.0 passengers_injured, 0.0 passengers_killed, 0.0 pedestrian_injured, 0.0 pedestrian_killed, Fair (Night), EDSA Camp Aguinaldo Quezon City",MMDA Road Safety Unit,,72df467b-b603-4547-a9e9-91ed7cefd0ae,2015-07-19,11:30:00,EDSA Col. Bonny Serrano Ave. Quezon City,0,0,0,0,0,0,0,0,0,0,2015-07-19 19:30,Property,14.60818699,121.0564562,No Collision Stated
None,EDSA,None,None,"No Accident Factor, No Collision Stated (based on Police Blotter Book), 0.0 drivers_injured, 0.0 drivers_killed, 0.0 passengers_injured, 0.0 passengers_killed, 0.0 pedestrian_injured, 0.0 pedestrian_killed, Fair (Night), EDSA West Ave. Quezon City",MMDA Road Safety Unit,,48eae35c-8266-44bf-a790-11a36cc276ef,2015-07-19,11:30:00,EDSA Monte De Piedad St. Quezon City,0,0,0,0,0,0,0,0,0,0,2015-07-19 19:30,Property,14.65548924,121.0298079,No Collision Stated
None,EDSA,None,None,"No Accident Factor, No Collision Stated (based on Police Blotter Book), 0.0 drivers_injured, 0.0 drivers_killed, 0.0 passengers_injured, 0.0 passengers_killed, 0.0 pedestrian_injured, 0.0 pedestrian_killed, Fair (Day), EDSA Ramon Magsaysay Quezon City",MMDA Road Safety Unit,,06a7d194-eeff-448b-bb39-985bab7d0c26,2015-07-19,06:00:00,EDSA Quezon Ave. Quezon City,0,0,0,0,0,0,0,0,0,0,2015-07-19 14:00,Property,14.62774693,121.0471762,No Collision Stated
None,EDSA,None,None,"No Accident Factor, Angle Impact, 0.0 drivers_injured, 0.0 drivers_killed, 0.0 passengers_injured, 0.0 passengers_killed, 0.0 pedestrian_injured, 0.0 pedestrian_killed, Fair (Day), EDSA Corinthian Garden, Ugong Norte Quezon City",MMDA Road Safety Unit,,dc3756a8-b7eb-42de-b287-51cd334ef8b1,2015-07-19,01:15:00,EDSA Monte De Piedad St. Quezon City,0,0,0,0,0,0,0,0,0,0,2015-07-19 9:15,Property,14.59580783,121.0595248,Angle Impact
None,EDSA,None,None,"No Accident Factor, Side Swipe, 0.0 drivers_injured, 0.0 drivers_killed, 0.0 passengers_injured, 0.0 passengers_killed, 0.0 pedestrian_injured, 0.0 pedestrian_killed, Fair (Night), EDSA Jac Liner Bus Terminal, Pinyahan Quezon City",MMDA Road Safety Unit,,6d0c58c1-25f3-4e97-a519-333aee9468e4,2015-07-18,14:45:00,EDSA Roosevelt Ave. Quezon City,0,0,0,0,0,0,0,0,0,0,2015-07-18 22:45,Property,14.63162939,121.0456857,Side Swipe
None,EDSA,None,None,"No Accident Factor, Side Swipe, 0.0 drivers_injured, 0.0 drivers_killed, 0.0 passengers_injured, 0.0 passengers_killed, 0.0 pedestrian_injured, 0.0 pedestrian_killed, Fair (Night), EDSA DLTB Bus Terminal Quezon City",MMDA Road Safety Unit,,bde92602-efd8-41c3-ad49-115846dc9fd6,2015-07-18,12:45:00,EDSA NIA Road Quezon City,0,0,0,0,0,0,0,0,0,0,2015-07-18 20:45,Property,14.62725353,121.0473748,Side Swipe
None,EDSA,None,None,"No Accident Factor, No Collision Stated (based on Police Blotter Book), 0.0 drivers_injured, 0.0 drivers_killed, 0.0 passengers_injured, 0.0 passengers_killed, 0.0 pedestrian_injured, 0.0 pedestrian_killed, Fair (Day), EDSA North Ave. Quezon City",MMDA Road Safety Unit,,b49042e5-aeb8-44fc-9c14-72454b79566e,2015-07-18,07:30:00,"EDSA Five Star Bus Terminal, Pinyahan Quezon City",0,0,0,0,0,0,0,0,0,0,2015-07-18 15:30,Property,14.65553839,121.0299647,No Collision Stated
None,EDSA,None,None,"No Accident Factor, Side Swipe, 0.0 drivers_injured, 0.0 drivers_killed, 0.0 passengers_injured, 0.0 passengers_killed, 0.0 pedestrian_injured, 0.0 pedestrian_killed, Fair (Day), EDSA Balintawak Market Quezon City",MMDA Road Safety Unit,,ef826f43-ffd2-438d-b012-c465d27b17f0,2015-07-18,07:00:00,EDSA Gen. Roxas Ave. Quezon City,0,0,0,0,0,0,0,0,0,0,2015-07-18 15:00,Property,14.65740947,121.0025737,Side Swipe
None,EDSA,None,None,"No Accident Factor, Side Swipe, 0.0 drivers_injured, 0.0 drivers_killed, 0.0 passengers_injured, 0.0 passengers_killed, 0.0 pedestrian_injured, 0.0 pedestrian_killed, Fair (Day), EDSA Cloverleaf Road Quezon City",MMDA Road Safety Unit,,3b904ae0-6be5-457c-8510-2baeff09f490,2015-07-18,05:45:00,"EDSA Shell Gas Station, Main Ave., Socorro Quezon City",0,0,0,0,0,0,0,0,0,0,2015-07-18 13:45,Property,14.65747901,121.0011914,Side Swipe
None,EDSA,None,None,"No Accident Factor, Hit and Run (Side Swipe), 0.0 drivers_injured, 0.0 drivers_killed, 0.0 passengers_injured, 0.0 passengers_killed, 0.0 pedestrian_injured, 0.0 pedestrian_killed, Fair (Day), EDSA Kamias Road Quezon City",MMDA Road Safety Unit,,051e297a-529e-45e1-892e-80ba7fbf188d,2015-07-18,03:20:00,"EDSA Corinthian Garden, Ugong Norte Quezon City",0,0,0,0,0,0,0,0,0,0,2015-07-18 11:20,Property,14.6309142,121.0459376,Side Swipe
None,EDSA,None,None,"No Accident Factor, Rear-end, 0.0 drivers_injured, 0.0 drivers_killed, 0.0 passengers_injured, 0.0 passengers_killed, 0.0 pedestrian_injured, 0.0 pedestrian_killed, Fair (Day), EDSA Ortigas Ave. Quezon City",MMDA Road Safety Unit,,2a358599-c4f7-4b80-9b4a-8641b768772b,2015-07-18,02:20:00,"EDSA Shell Gas Station, Katipu Quezon City",0,0,0,0,0,0,0,0,0,0,2015-07-18 10:20,Property,14.59335253,121.0584107,Rear-End
None,EDSA,None,None,"No Accident Factor, No Collision Stated (based on Police Blotter Book), 0.0 drivers_injured, 0.0 drivers_killed, 0.0 passengers_injured, 0.0 passengers_killed, 0.0 pedestrian_injured, 0.0 pedestrian_killed, Fair (Day), EDSA Santolan MRT Station, Camp Aguinaldo  Quezon City",MMDA Road Safety Unit,,50f9e354-05cb-46a9-967c-bce4710c7150,2015-07-17,23:45:00,EDSA Camp Aguinaldo Quezon City,0,0,0,0,0,0,0,0,0,0,2015-07-18 7:45,Property,14.60773988,121.0564577,No Collision Stated
None,EDSA,None,None,"No Accident Factor, Side Swipe, 0.0 drivers_injured, 0.0 drivers_killed, 0.0 passengers_injured, 0.0 passengers_killed, 0.0 pedestrian_injured, 0.0 pedestrian_killed, Fair (Day), EDSA Kamias Road Quezon City",MMDA Road Safety Unit,,05f74044-71d7-4c1e-b3ea-371e88c449bd,2015-07-17,09:30:00,EDSA Whiteplains Ave. Quezon City,0,0,0,0,0,0,0,0,0,0,2015-07-17 17:30,Property,14.6309142,121.0459376,Side Swipe
None,EDSA,None,None,"No Accident Factor, Rear-end, 0.0 drivers_injured, 0.0 drivers_killed, 0.0 passengers_injured, 0.0 passengers_killed, 0.0 pedestrian_injured, 0.0 pedestrian_killed, Fair (Day), EDSA Main Ave. (Petron Gas Station, Socorro) Quezon City",MMDA Road Safety Unit,,724059cb-09b6-4ee2-9f53-42fd15747c91,2015-07-17,01:30:00,EDSA Five Star Bus Terminal Quezon City,0,0,0,0,0,0,0,0,0,0,2015-07-17 9:30,Property,14.61376458,121.0537933,Rear-End
None,EDSA,None,None,"No Accident Factor, No Collision Stated (based on Police Blotter Book), 0.0 drivers_injured, 0.0 drivers_killed, 0.0 passengers_injured, 0.0 passengers_killed, 0.0 pedestrian_injured, 0.0 pedestrian_killed, Fair (Day), EDSA Nueva Ecija St. Quezon City",MMDA Road Safety Unit,,0d172270-dbbb-4713-9eed-1e5a4e7d43fa,2015-07-17,01:00:00,"EDSA Baliwag Liner Bus Terminal, E. Rodriguez Quezon City",0,0,0,0,0,0,0,0,0,0,2015-07-17 9:00,Property,14.65665894,121.026062,No Collision Stated
None,EDSA,None,None,"No Accident Factor, Hit and Run (No Collision Stated), 1.0 drivers_injured, 0.0 drivers_killed, 1.0 passengers_injured, 0.0 passengers_killed, 0.0 pedestrian_injured, 0.0 pedestrian_killed, Fair (Day), EDSA Corinthian Garden, Ugong Norte Quezon City",MMDA Road Safety Unit,,14c4e4c7-b109-4715-abfa-6c46f791cb59,2015-07-16,22:30:00,EDSA Royal Overpass Quezon City,0,0,0,1,1,0,0,0,0,2,2015-07-17 6:30,Injury,14.59580783,121.0595248,No Collision Stated
None,EDSA,None,None,"No Accident Factor, No Collision Stated (based on Police Blotter Book), 0.0 drivers_injured, 0.0 drivers_killed, 0.0 passengers_injured, 0.0 passengers_killed, 0.0 pedestrian_injured, 0.0 pedestrian_killed, Fair (Night), EDSA Ramon Magsaysay Quezon City",MMDA Road Safety Unit,,03b1b080-965a-4f19-8c72-350202234f65,2015-07-16,14:45:00,EDSA Balintawak Market Quezon City,0,0,0,0,0,0,0,0,0,0,2015-07-16 22:45,Property,14.62774693,121.0471762,No Collision Stated
None,EDSA,None,None,"No Accident Factor, Side Swipe, 0.0 drivers_injured, 0.0 drivers_killed, 0.0 passengers_injured, 0.0 passengers_killed, 0.0 pedestrian_injured, 0.0 pedestrian_killed, Fair (Night), EDSA P. Tuazon Blvd. Quezon City",MMDA Road Safety Unit,,dc9722a3-db34-48b9-ba4a-fe53ed85a869,2015-07-16,12:00:00,EDSA R. Magsaysay Quezon City,0,0,0,0,0,0,0,0,0,0,2015-07-16 20:00,Property,14.61656342,121.0525225,Side Swipe
None,EDSA,None,None,"No Accident Factor, Side Swipe, 0.0 drivers_injured, 0.0 drivers_killed, 0.0 passengers_injured, 0.0 passengers_killed, 0.0 pedestrian_injured, 0.0 pedestrian_killed, Fair (Night), EDSA New York St. Quezon City",MMDA Road Safety Unit,,bb4bd245-1d32-4280-ba13-bae64366e6aa,2015-07-16,11:00:00,EDSA Whiteplains Ave. Quezon City,0,0,0,0,0,0,0,0,0,0,2015-07-16 19:00,Property,14.62568514,121.0482307,Side Swipe
None,EDSA,None,None,"No Accident Factor, No Collision Stated (based on Police Blotter Book), 0.0 drivers_injured, 0.0 drivers_killed, 0.0 passengers_injured, 0.0 passengers_killed, 0.0 pedestrian_injured, 0.0 pedestrian_killed, Fair (Day), EDSA ""U"" turn slot, Bagong Pag-asa Quezon City",MMDA Road Safety Unit,,caadf80f-b113-4abc-9969-b435082e5fac,2015-07-16,07:55:00,EDSA P. Tuazon Blvd. Quezon City,0,0,0,0,0,0,0,0,0,0,2015-07-16 15:55,Property,14.65652754,121.0260743,No Collision Stated
None,EDSA,None,None,"No Accident Factor, Side Swipe, 0.0 drivers_injured, 0.0 drivers_killed, 0.0 passengers_injured, 0.0 passengers_killed, 0.0 pedestrian_injured, 0.0 pedestrian_killed, Fair (Day), EDSA Corinthian Garden, Ugong Norte Quezon City",MMDA Road Safety Unit,,4befdddb-bc8f-499f-a0cf-72edc4cc1271,2015-07-16,06:20:00,EDSA Bansalangin St. Quezon City,0,0,0,0,0,0,0,0,0,0,2015-07-16 14:20,Property,14.59580783,121.0595248,Side Swipe
None,EDSA,None,None,"No Accident Factor, Rear-end, 0.0 drivers_injured, 0.0 drivers_killed, 0.0 passengers_injured, 0.0 passengers_killed, 0.0 pedestrian_injured, 0.0 pedestrian_killed, Fair (Day), EDSA Cloverleaf Road Quezon City",MMDA Road Safety Unit,,0fb223da-693c-41bd-9645-f66c929b4d8e,2015-07-16,05:40:00,EDSA Bansalangin St. Quezon City,0,0,0,0,0,0,0,0,0,0,2015-07-16 13:40,Property,14.65747901,121.0011914,Rear-End
None,EDSA,None,None,"No Accident Factor, No Collision Stated (based on Police Blotter Book), 0.0 drivers_injured, 0.0 drivers_killed, 0.0 passengers_injured, 0.0 passengers_killed, 0.0 pedestrian_injured, 0.0 pedestrian_killed, Fair (Day), EDSA Aurora Blvd. Quezon City",MMDA Road Safety Unit,,8b9fae20-a36d-4b1f-bb6e-43f83e0fa991,2015-07-16,02:55:00,EDSA Timog Ave. Quezon City,0,0,0,0,0,0,0,0,0,0,2015-07-16 10:55,Property,14.62163653,121.0501573,No Collision Stated