LOCATION_TEXT,ROAD,WEATHER,LIGHT,DESC,REPORTING_AGENCY,MAIN_CAUSE,INCIDENTDETAILS_ID,DATE_UTC,TIME_UTC,ADDRESS,killed_driver,killed_passenger,killed_pedestrian,injured_driver,injured_passenger,injured_pedestrian,killed_uncategorized,injured_uncategorized,killed_total,injured_total,DATETIME_PST,SEVERITY,Y,X,COLLISION_TYPE
None,EDSA,None,None,"No Accident Factor, Side Swipe, 0.0 drivers_injured, 0.0 drivers_killed, 0.0 passengers_injured, 0.0 passengers_killed, 0.0 pedestrian_injured, 0.0 pedestrian_killed, Fair (Day), EDSA Cloverleaf Road Quezon City",MMDA Road Safety Unit,,6ef02ed2-d18c-462a-b447-5af9f8f873d1,2015-07-15,22:50:00,EDSA Main Ave. Quezon City,0,0,0,0,0,0,0,0,0,0,2015-07-16 6:50,Property,14.65747901,121.0011914,Side Swipe
None,EDSA,None,None,"No Accident Factor, No Collision Stated (based on Police Blotter Book), 0.0 drivers_injured, 0.0 drivers_killed, 0.0 passengers_injured, 0.0 passengers_killed, 0.0 pedestrian_injured, 0.0 pedestrian_killed, Fair (Day), EDSA Quezon Ave.  Quezon City",MMDA Road Safety Unit,,33c1de23-40bb-41b3-bdc8-375b3bb2b391,2015-07-15,22:30:00,EDSA Timog Ave. Quezon City,0,0,0,0,0,0,0,0,0,0,2015-07-16 6:30,Property,14.6442444,121.0375839,No Collision Stated
None,EDSA,None,None,"No Accident Factor, Angle Impact, 1.0 drivers_injured, 0.0 drivers_killed, 0.0 passengers_injured, 0.0 passengers_killed, 0.0 pedestrian_injured, 0.0 pedestrian_killed, Fair (Day), EDSA Col. Bonny Serrano Ave. Quezon City",MMDA Road Safety Unit,,c714262e-568f-4379-9b9c-e2cd522ea248,2015-07-15,22:30:00,EDSA Kamuning Road Quezon City,0,0,0,1,0,0,0,0,0,1,2015-07-16 6:30,Injury,14.61107337,121.0550705,Angle Impact
None,EDSA,None,None,"Human Error, Self-Accident, 0.0 drivers_injured, 0.0 drivers_killed, 0.0 passengers_injured, 0.0 passengers_killed, 0.0 pedestrian_injured, 0.0 pedestrian_killed, Fair (Night), EDSA Ortigas Ave. Quezon City",MMDA Road Safety Unit,,47e41800-460f-455b-8e33-d90757478c03,2015-07-15,15:50:00,EDSA DLTB Bus Terminal  Quezon City,0,0,0,0,0,0,0,0,0,0,2015-07-15 23:50,Property,14.59335253,121.0584107,Self-Accident
None,EDSA,None,None,"No Accident Factor, No Collision Stated (based on Police Blotter Book), 0.0 drivers_injured, 0.0 drivers_killed, 1.0 passengers_injured, 0.0 passengers_killed, 0.0 pedestrian_injured, 0.0 pedestrian_killed, Fair (Day), EDSA Seminary Road, Bahay Toro Quezon City",MMDA Road Safety Unit,,e76043cb-2cc9-4f1e-ba11-07e09edea89d,2015-07-15,08:40:00,EDSA Aurora Blvd. Quezon City,0,0,0,0,1,0,0,0,0,1,2015-07-15 16:40,Injury,14.65776066,121.0173978,No Collision Stated
None,EDSA,None,None,"No Accident Factor, No Collision Stated (based on Police Blotter Book), 0.0 drivers_injured, 0.0 drivers_killed, 0.0 passengers_injured, 0.0 passengers_killed, 0.0 pedestrian_injured, 0.0 pedestrian_killed, Fair (Day), EDSA Misamis St. Quezon City",MMDA Road Safety Unit,,a18f7b49-72b5-4a9a-99d5-be11d6512a87,2015-07-15,05:00:00,EDSA Cloverleaf Road Quezon City,0,0,0,0,0,0,0,0,0,0,2015-07-15 13:00,Property,14.65602348,121.0285212,No Collision Stated
None,EDSA,None,None,"No Accident Factor, Rear-end, 0.0 drivers_injured, 0.0 drivers_killed, 0.0 passengers_injured, 0.0 passengers_killed, 0.0 pedestrian_injured, 0.0 pedestrian_killed, Fair (Night), EDSA Balintawak Market Quezon City",MMDA Road Safety Unit,,ec617c3d-6921-4117-a49f-b7357e0d1fab,2015-07-14,15:45:00,EDSA Balintawak Cloverleaf Quezon City,0,0,0,0,0,0,0,0,0,0,2015-07-14 23:45,Property,14.65740947,121.0025737,Rear-End
None,EDSA,None,None,"No Accident Factor, No Collision Stated (based on Police Blotter Book), 0.0 drivers_injured, 0.0 drivers_killed, 0.0 passengers_injured, 0.0 passengers_killed, 0.0 pedestrian_injured, 0.0 pedestrian_killed, Fair (Night), EDSA ""U"" turn slot, Trinoma Mall, Pag-Asa Quezon City",MMDA Road Safety Unit,,d733c204-0201-4a7f-86e3-1d454da9332a,2015-07-14,14:00:00,EDSA Balintawak Market Quezon City,0,0,0,0,0,0,0,0,0,0,2015-07-14 22:00,Property,14.65360193,121.0314064,No Collision Stated
None,EDSA,None,None,"No Accident Factor, No Collision Stated (based on Police Blotter Book), 0.0 drivers_injured, 0.0 drivers_killed, 0.0 passengers_injured, 0.0 passengers_killed, 0.0 pedestrian_injured, 0.0 pedestrian_killed, Fair (Night), EDSA Trinoma Mall, Pag-Asa Quezon City",MMDA Road Safety Unit,,c9deba28-31d1-4317-bee4-c8a56d415702,2015-07-14,12:45:00,"EDSA Trinoma Mall, Bagong Pag-asa Quezon City",0,0,0,0,0,0,0,0,0,0,2015-07-14 20:45,Property,14.65242607,121.0323133,No Collision Stated
None,EDSA,None,None,"No Accident Factor, No Collision Stated (based on Police Blotter Book), 0.0 drivers_injured, 0.0 drivers_killed, 0.0 passengers_injured, 0.0 passengers_killed, 0.0 pedestrian_injured, 0.0 pedestrian_killed, Fair (Day), EDSA Philam Quezon City",MMDA Road Safety Unit,,be5cabb6-314e-4fb9-b62b-22a5eb315be2,2015-07-14,01:15:00,EDSA P. Tuazon Blvd. Quezon City,0,0,0,0,0,0,0,0,0,0,2015-07-14 9:15,Property,14.65280875,121.0317622,No Collision Stated
None,EDSA,None,None,"No Accident Factor, No Collision Stated (based on Police Blotter Book), 0.0 drivers_injured, 0.0 drivers_killed, 0.0 passengers_injured, 0.0 passengers_killed, 0.0 pedestrian_injured, 0.0 pedestrian_killed, Fair (Day), EDSA SM Mall Bus Loading Bay, Pag-Asa Quezon City",MMDA Road Safety Unit,,821626c2-b712-4126-b320-0e1b1dee275e,2015-07-14,00:05:00,"EDSA Nepa Q-Mart, West Kamias Quezon City",0,0,0,0,0,0,0,0,0,0,2015-07-14 8:05,Property,14.65748566,121.0224094,No Collision Stated
None,EDSA,None,None,"No Accident Factor, No Collision Stated (based on Police Blotter Book), 0.0 drivers_injured, 0.0 drivers_killed, 0.0 passengers_injured, 0.0 passengers_killed, 0.0 pedestrian_injured, 0.0 pedestrian_killed, Fair (Night), EDSA Balintawak Market Quezon City",MMDA Road Safety Unit,,c3e71d62-db04-4469-8392-3eb0d18b0a68,2015-07-13,14:30:00,EDSA Cloverleaf Road Quezon City,0,0,0,0,0,0,0,0,0,0,2015-07-13 22:30,Property,14.65740947,121.0025737,No Collision Stated
None,EDSA,None,None,"No Accident Factor, No Collision Stated (based on Police Blotter Book), 0.0 drivers_injured, 0.0 drivers_killed, 0.0 passengers_injured, 0.0 passengers_killed, 0.0 pedestrian_injured, 0.0 pedestrian_killed, Fair (Night), EDSA ""U"" turn slot, Bagong Pag-asa Quezon City",MMDA Road Safety Unit,,e62d3d5b-e733-4fec-a88b-720846c22b1c,2015-07-13,10:30:00,"EDSA ""U"" turn slot, Bagong Pag-asa Quezon City",0,0,0,0,0,0,0,0,0,0,2015-07-13 18:30,Property,14.65652754,121.0260743,No Collision Stated
None,EDSA,None,None,"No Accident Factor, Side Swipe, 0.0 drivers_injured, 0.0 drivers_killed, 0.0 passengers_injured, 0.0 passengers_killed, 0.0 pedestrian_injured, 0.0 pedestrian_killed, Fair (Day), EDSA Centris Complex, Pinyahan Quezon City",MMDA Road Safety Unit,,e0d745ec-ab89-448a-93ef-92cef7259f9c,2015-07-13,08:00:00,EDSA Whiteplains Ave. Quezon City,0,0,0,0,0,0,0,0,0,0,2015-07-13 16:00,Property,14.64255755,121.038725,Side Swipe
None,EDSA,None,None,"No Accident Factor, Side Swipe, 0.0 drivers_injured, 0.0 drivers_killed, 0.0 passengers_injured, 0.0 passengers_killed, 0.0 pedestrian_injured, 0.0 pedestrian_killed, Fair (Day), EDSA Cloverleaf Road Quezon City",MMDA Road Safety Unit,,5662b460-490b-4baa-a543-e2b966bbf9d3,2015-07-13,06:30:00,"EDSA SM North, Bagong Pag-asa Quezon City",0,0,0,0,0,0,0,0,0,0,2015-07-13 14:30,Property,14.65747901,121.0011914,Side Swipe
None,EDSA,None,None,"No Accident Factor, Side Swipe, 0.0 drivers_injured, 0.0 drivers_killed, 0.0 passengers_injured, 0.0 passengers_killed, 0.0 pedestrian_injured, 0.0 pedestrian_killed, Fair (Day), EDSA New York St. Quezon City",MMDA Road Safety Unit,,306d2925-f42e-4b9e-9b56-0d101ea6edbf,2015-07-13,05:45:00,EDSA Whiteplains Ave. Quezon City,0,0,0,0,0,0,0,0,0,0,2015-07-13 13:45,Property,14.62568514,121.0482307,Side Swipe
None,EDSA,None,None,"No Accident Factor, Hit and Run (No Collision Stated), 0.0 drivers_injured, 0.0 drivers_killed, 0.0 passengers_injured, 0.0 passengers_killed, 0.0 pedestrian_injured, 0.0 pedestrian_killed, Fair (Day), EDSA Ermin Garcia St. Quezon City",MMDA Road Safety Unit,,5e9d6bf6-5868-4988-a9ab-b05764fc1a93,2015-07-13,05:20:00,EDSA Nepa Q-Mart Quezon City,0,0,0,0,0,0,0,0,0,0,2015-07-13 13:20,Property,14.62758814,121.047487,No Collision Stated
None,EDSA,None,None,"No Accident Factor, Multiple Collision, 0.0 drivers_injured, 0.0 drivers_killed, 0.0 passengers_injured, 0.0 passengers_killed, 0.0 pedestrian_injured, 0.0 pedestrian_killed, Fair (Day), EDSA North Ave. Quezon City",MMDA Road Safety Unit,,d16659c1-ac48-43a9-9763-f5234f344d30,2015-07-13,03:45:00,EDSA Main Ave. Quezon City,0,0,0,0,0,0,0,0,0,0,2015-07-13 11:45,Property,14.65553839,121.0299647,Multiple
None,EDSA,None,None,"No Accident Factor, No Collision Stated (based on Police Blotter Book), 0.0 drivers_injured, 0.0 drivers_killed, 0.0 passengers_injured, 0.0 passengers_killed, 0.0 pedestrian_injured, 0.0 pedestrian_killed, Fair (Day), EDSA Corregidor St. Quezon City",MMDA Road Safety Unit,,60a6d283-25db-4a9c-a038-af9ab118bcbb,2015-07-13,01:35:00,EDSA Corinthian Garden Quezon City,0,0,0,0,0,0,0,0,0,0,2015-07-13 9:35,Property,14.65707679,121.0241648,No Collision Stated
None,EDSA,None,None,"No Accident Factor, No Collision Stated (based on Police Blotter Book), 0.0 drivers_injured, 0.0 drivers_killed, 1.0 passengers_injured, 0.0 passengers_killed, 0.0 pedestrian_injured, 0.0 pedestrian_killed, Fair (Night), EDSA Farmers Plaza, Cubao Quezon City",MMDA Road Safety Unit,,2c4a7f76-d31d-466a-8717-b2f640947052,2015-07-12,15:30:00,EDSA Timog Ave. Quezon City,0,0,0,0,1,0,0,0,0,1,2015-07-12 23:30,Injury,14.61920525,121.0513476,No Collision Stated
None,EDSA,None,None,"No Accident Factor, Multiple Collision, 0.0 drivers_injured, 0.0 drivers_killed, 0.0 passengers_injured, 0.0 passengers_killed, 0.0 pedestrian_injured, 0.0 pedestrian_killed, Fair (Night), EDSA Corinthian Garden Quezon City",MMDA Road Safety Unit,,9651d6bb-8ed5-4994-9cc7-624d2fda2bfa,2015-07-12,13:30:00,EDSA Mapagmahal St. Quezon City,0,0,0,0,0,0,0,0,0,0,2015-07-12 21:30,Property,14.59580783,121.0595248,Multiple
None,EDSA,None,None,"No Accident Factor, Angle Impact, 0.0 drivers_injured, 0.0 drivers_killed, 0.0 passengers_injured, 0.0 passengers_killed, 0.0 pedestrian_injured, 0.0 pedestrian_killed, Fair (Night), EDSA ""U"" turn slot, P. Tuazon Blvd. Quezon City",MMDA Road Safety Unit,,a2dc51c8-186f-4f06-9afb-5993fdc18233,2015-07-11,21:10:00,"EDSA Royal, A. Samson Quezon City",0,0,0,0,0,0,0,0,0,0,2015-07-12 5:10,Property,14.61624525,121.0526456,Angle Impact
None,EDSA,None,None,"No Accident Factor, No Collision Stated (based on Police Blotter Book), 0.0 drivers_injured, 0.0 drivers_killed, 0.0 passengers_injured, 0.0 passengers_killed, 0.0 pedestrian_injured, 0.0 pedestrian_killed, Fair (Night), EDSA Misamis St. Quezon City",MMDA Road Safety Unit,,e1bcd0dd-010d-4265-a699-92cd585a7b4a,2015-07-11,12:25:00,"EDSA Paramount, West Ave. Quezon City",0,0,0,0,0,0,0,0,0,0,2015-07-11 20:25,Property,14.65602348,121.0285212,No Collision Stated
None,EDSA,None,None,"No Accident Factor, No Collision Stated (based on Police Blotter Book), 0.0 drivers_injured, 0.0 drivers_killed, 0.0 passengers_injured, 0.0 passengers_killed, 0.0 pedestrian_injured, 0.0 pedestrian_killed, Fair (Night), EDSA Mindanao Ave. Ext., Bagong Pag-asa Quezon City",MMDA Road Safety Unit,,e0f926fa-30f3-4c74-b5d2-f9bfc14ac46c,2015-07-11,11:00:00,EDSA Aurora Blvd. Quezon City,0,0,0,0,0,0,0,0,0,0,2015-07-11 19:00,Property,14.65052386,121.0335656,No Collision Stated
None,EDSA,None,None,"No Accident Factor, Rear-end, 0.0 drivers_injured, 0.0 drivers_killed, 0.0 passengers_injured, 0.0 passengers_killed, 0.0 pedestrian_injured, 0.0 pedestrian_killed, Fair (Day), EDSA West Ave. Quezon City",MMDA Road Safety Unit,,04544873-86cb-40d4-a6c3-a39a55a8fcf4,2015-07-11,08:00:00,"EDSA Alley 1, R. Magsaysay Quezon City",0,0,0,0,0,0,0,0,0,0,2015-07-11 16:00,Property,14.65548924,121.0298079,Rear-End
None,EDSA,None,None,"No Accident Factor, No Collision Stated (based on Police Blotter Book), 0.0 drivers_injured, 0.0 drivers_killed, 0.0 passengers_injured, 0.0 passengers_killed, 0.0 pedestrian_injured, 0.0 pedestrian_killed, Fair (Day), EDSA ""U"" turn slot, Dario Bridge, Bagong Pag-asa Quezon City",MMDA Road Safety Unit,,46b9a8e7-b38e-414d-86c4-48a85d26adb7,2015-07-11,07:50:00,EDSA Roosevelt Ave. Quezon City,0,0,0,0,0,0,0,0,0,0,2015-07-11 15:50,Property,14.65768675,121.0162465,No Collision Stated
None,EDSA,None,None,"No Accident Factor, No Collision Stated (based on Police Blotter Book), 0.0 drivers_injured, 0.0 drivers_killed, 0.0 passengers_injured, 0.0 passengers_killed, 0.0 pedestrian_injured, 0.0 pedestrian_killed, Fair (Day), EDSA Shell Gas station, Katipu Quezon City",MMDA Road Safety Unit,,662f08cf-790b-4d4d-954d-57490e9c72d7,2015-07-11,06:05:00,EDSA Camp Crame Quezon City,0,0,0,0,0,0,0,0,0,0,2015-07-11 14:05,Property,14.65744481,121.0162804,No Collision Stated
None,EDSA,None,None,"No Accident Factor, Side Swipe, 0.0 drivers_injured, 0.0 drivers_killed, 0.0 passengers_injured, 0.0 passengers_killed, 0.0 pedestrian_injured, 0.0 pedestrian_killed, Fair (Day), EDSA ""U"" turn slot, Waltermart Quezon City",MMDA Road Safety Unit,,22652ec4-1f95-43c0-87de-817f02ab6d7e,2015-07-11,03:30:00,EDSA NIA Road Quezon City,0,0,0,0,0,0,0,0,0,0,2015-07-11 11:30,Property,14.65729258,121.0226351,Side Swipe
None,EDSA,None,None,"No Accident Factor, Side Swipe, 0.0 drivers_injured, 0.0 drivers_killed, 0.0 passengers_injured, 0.0 passengers_killed, 0.0 pedestrian_injured, 0.0 pedestrian_killed, Fair (Day), EDSA New York St. Quezon City",MMDA Road Safety Unit,,0ff072a3-ea01-4db0-9028-329ece1528de,2015-07-11,01:35:00,EDSA Cloverleaf Road Quezon City,0,0,0,0,0,0,0,0,0,0,2015-07-11 9:35,Property,14.62568514,121.0482307,Side Swipe
None,EDSA,None,None,"No Accident Factor, Multiple Collision, 0.0 drivers_injured, 0.0 drivers_killed, 0.0 passengers_injured, 0.0 passengers_killed, 0.0 pedestrian_injured, 0.0 pedestrian_killed, Fair (Night), EDSA Santolan MRT Station, Camp Aguinaldo  Quezon City",MMDA Road Safety Unit,,b2d500da-3bf6-45ec-aed0-57b6aafed47f,2015-07-10,18:45:00,EDSA Camp Aguinaldo Quezon City,0,0,0,0,0,0,0,0,0,0,2015-07-11 2:45,Property,14.60773988,121.0564577,Multiple
None,EDSA,None,None,"No Accident Factor, Side Swipe, 0.0 drivers_injured, 0.0 drivers_killed, 0.0 passengers_injured, 0.0 passengers_killed, 0.0 pedestrian_injured, 0.0 pedestrian_killed, Fair (Night), EDSA Farmers Plaza, Cubao Quezon City",MMDA Road Safety Unit,,b6cd314d-ee9f-4291-bbfb-74ef0816a639,2015-07-10,16:45:00,"EDSA Bansalangin St., Project 7 Quezon City",0,0,0,0,0,0,0,0,0,0,2015-07-11 0:45,Property,14.61920525,121.0513476,Side Swipe
None,EDSA,None,None,"No Accident Factor, Hit and Run (No Collision Stated), 0.0 drivers_injured, 0.0 drivers_killed, 0.0 passengers_injured, 0.0 passengers_killed, 0.0 pedestrian_injured, 0.0 pedestrian_killed, Fair (Night), EDSA Kamias Road Quezon City",MMDA Road Safety Unit,,c35d8b46-ea3a-465e-b23d-f4d280e74543,2015-07-10,14:40:00,"EDSA MRT-GMA Station, Central  Quezon City",0,0,0,0,0,0,0,0,0,0,2015-07-10 22:40,Property,14.6309142,121.0459376,No Collision Stated
None,EDSA,None,None,"No Accident Factor, No Collision Stated (based on Police Blotter Book), 0.0 drivers_injured, 0.0 drivers_killed, 0.0 passengers_injured, 0.0 passengers_killed, 0.0 pedestrian_injured, 0.0 pedestrian_killed, Fair (Night), EDSA Ramon Magsaysay Quezon City",MMDA Road Safety Unit,,f882f355-40d5-4207-a2c9-f1efd75e84ad,2015-07-10,11:40:00,"EDSA MRT-GMA Station, Pinyahan Quezon City",0,0,0,0,0,0,0,0,0,0,2015-07-10 19:40,Property,14.62774693,121.0471762,No Collision Stated
None,EDSA,None,None,"No Accident Factor, No Collision Stated (based on Police Blotter Book), 0.0 drivers_injured, 0.0 drivers_killed, 0.0 passengers_injured, 0.0 passengers_killed, 0.0 pedestrian_injured, 0.0 pedestrian_killed, Fair (Night), EDSA Quezon Ave.  Quezon City",MMDA Road Safety Unit,,580e8e7c-8249-41b4-9142-39584bbef149,2015-07-10,10:15:00,"EDSA MRT-GMA Station, Pinyahan Quezon City",0,0,0,0,0,0,0,0,0,0,2015-07-10 18:15,Property,14.6442444,121.0375839,No Collision Stated
None,EDSA,None,None,"No Accident Factor, Hit and Run (No Collision Stated), 0.0 drivers_injured, 0.0 drivers_killed, 0.0 passengers_injured, 0.0 passengers_killed, 0.0 pedestrian_injured, 0.0 pedestrian_killed, Fair (Day), EDSA Ortigas Ave. Quezon City",MMDA Road Safety Unit,,dd93b429-9cfb-4092-9085-cfece6bdda77,2015-07-10,07:00:00,EDSA Balintawak Market Quezon City,0,0,0,0,0,0,0,0,0,0,2015-07-10 15:00,Property,14.59335253,121.0584107,No Collision Stated
None,EDSA,None,None,"No Accident Factor, Rear-end, 0.0 drivers_injured, 0.0 drivers_killed, 0.0 passengers_injured, 0.0 passengers_killed, 0.0 pedestrian_injured, 0.0 pedestrian_killed, Fair (Day), EDSA Main Ave. Quezon City",MMDA Road Safety Unit,,58d87ede-8e9d-44d6-9ee1-76e9b2e5dbbf,2015-07-10,05:20:00,EDSA NIA Road Quezon City,0,0,0,0,0,0,0,0,0,0,2015-07-10 13:20,Property,14.61376458,121.0537933,Rear-End
None,EDSA,None,None,"No Accident Factor, No Collision Stated (based on Police Blotter Book), 0.0 drivers_injured, 0.0 drivers_killed, 0.0 passengers_injured, 0.0 passengers_killed, 0.0 pedestrian_injured, 0.0 pedestrian_killed, Fair (Day), EDSA Congressional Ave. Quezon City",MMDA Road Safety Unit,,262f31d6-b30c-4a27-962a-5ec99bdf8ad6,2015-07-10,05:00:00,EDSA Main Ave. Quezon City,0,0,0,0,0,0,0,0,0,0,2015-07-10 13:00,Property,14.6571804,120.9927185,No Collision Stated
None,EDSA,None,None,"No Accident Factor, No Collision Stated (based on Police Blotter Book), 0.0 drivers_injured, 0.0 drivers_killed, 0.0 passengers_injured, 0.0 passengers_killed, 0.0 pedestrian_injured, 0.0 pedestrian_killed, Fair (Day), EDSA Timog Ave. Quezon City",MMDA Road Safety Unit,,00ca8923-c51d-4bb8-ba5a-56f3fb8f9b29,2015-07-10,03:00:00,EDSA Cloverleaf Road Quezon City,0,0,0,0,0,0,0,0,0,0,2015-07-10 11:00,Property,14.63293559,121.0446304,No Collision Stated
None,EDSA,None,None,"No Accident Factor, No Collision Stated (based on Police Blotter Book), 0.0 drivers_injured, 0.0 drivers_killed, 0.0 passengers_injured, 0.0 passengers_killed, 0.0 pedestrian_injured, 0.0 pedestrian_killed, Fair (Day), EDSA North Ave. Quezon City",MMDA Road Safety Unit,,76165f86-02f6-48a2-a50e-5173a5278fc9,2015-07-10,01:30:00,EDSA Cloverleaf Road Quezon City,0,0,0,0,0,0,0,0,0,0,2015-07-10 9:30,Property,14.65553839,121.0299647,No Collision Stated
None,EDSA,None,None,"No Accident Factor, Hit and Run (No Collision Stated), 0.0 drivers_injured, 0.0 drivers_killed, 0.0 passengers_injured, 0.0 passengers_killed, 0.0 pedestrian_injured, 0.0 pedestrian_killed, Fair (Night), EDSA ""U"" turn slot, Bagong Pag-asa Quezon City",MMDA Road Safety Unit,,38803b67-204c-411c-be4b-29599ccddea8,2015-07-09,17:50:00,EDSA Camp Aguinaldo (Gate 3) Quezon City,0,0,0,0,0,0,0,0,0,0,2015-07-10 1:50,Property,14.65652754,121.0260743,No Collision Stated
None,EDSA,None,None,"No Accident Factor, No Collision Stated (based on Police Blotter Book), 0.0 drivers_injured, 0.0 drivers_killed, 0.0 passengers_injured, 0.0 passengers_killed, 0.0 pedestrian_injured, 0.0 pedestrian_killed, Fair (Night), EDSA Panay Ave. Quezon City",MMDA Road Safety Unit,,defc4a23-f5d3-4a9d-b7fa-4a49d01f3bd2,2015-07-09,15:30:00,EDSA Aurora Blvd. Quezon City,0,0,0,0,0,0,0,0,0,0,2015-07-09 23:30,Property,14.64294686,121.0381076,No Collision Stated
None,EDSA,None,None,"No Accident Factor, Side Swipe, 0.0 drivers_injured, 0.0 drivers_killed, 0.0 passengers_injured, 0.0 passengers_killed, 0.0 pedestrian_injured, 0.0 pedestrian_killed, Fair (Night), EDSA Main Ave. Quezon City",MMDA Road Safety Unit,,2d9f36cd-2593-4a67-9fb2-6f2b5ecf625c,2015-07-09,13:15:00,EDSA Cloverleaf Road Quezon City,0,0,0,0,0,0,0,0,0,0,2015-07-09 21:15,Property,14.61376458,121.0537933,Side Swipe
None,EDSA,None,None,"No Accident Factor, Side Swipe, 0.0 drivers_injured, 0.0 drivers_killed, 0.0 passengers_injured, 0.0 passengers_killed, 0.0 pedestrian_injured, 0.0 pedestrian_killed, Fair (Night), EDSA P. Tuazon Blvd. Quezon City",MMDA Road Safety Unit,,f8a0c8c9-0373-4b7f-a1d8-2f64744f3e65,2015-07-09,12:30:00,"EDSA ""U"" turn slot, Timog Ave. Quezon City",0,0,0,0,0,0,0,0,0,0,2015-07-09 20:30,Property,14.61656342,121.0525225,Side Swipe
None,EDSA,None,None,"No Accident Factor, No Collision Stated (based on Police Blotter Book), 0.0 drivers_injured, 0.0 drivers_killed, 0.0 passengers_injured, 0.0 passengers_killed, 0.0 pedestrian_injured, 0.0 pedestrian_killed, Fair (Day), EDSA Roosevelt Ave., Katipu Quezon City",MMDA Road Safety Unit,,bc258b3a-67bf-4de4-bf4e-83e96834ef72,2015-07-09,09:45:00,EDSA Kamuning Road Quezon City,0,0,0,0,0,0,0,0,0,0,2015-07-09 17:45,Property,14.65762047,121.0196373,No Collision Stated
None,EDSA,None,None,"No Accident Factor, Rear-end, 0.0 drivers_injured, 0.0 drivers_killed, 0.0 passengers_injured, 0.0 passengers_killed, 0.0 pedestrian_injured, 0.0 pedestrian_killed, Fair (Day), EDSA New York St. Quezon City",MMDA Road Safety Unit,,cf5e1225-6ffc-4a28-aefd-b161caa0ec0b,2015-07-09,04:00:00,"EDSA Camp Panopio, Col. Bonny Serrano Ave. Quezon City",0,0,0,0,0,0,0,0,0,0,2015-07-09 12:00,Property,14.62568514,121.0482307,Rear-End
None,EDSA,None,None,"No Accident Factor, No Collision Stated (based on Police Blotter Book), 0.0 drivers_injured, 0.0 drivers_killed, 0.0 passengers_injured, 0.0 passengers_killed, 0.0 pedestrian_injured, 0.0 pedestrian_killed, Fair (Day), EDSA ""U"" turn slot, Quezon Ave., Bagong Pag-Asa Quezon City",MMDA Road Safety Unit,,115aef3e-ba3c-4e75-8bdf-012b4501e638,2015-07-09,00:40:00,EDSA Corregidor St. Quezon City,0,0,0,0,0,0,0,0,0,0,2015-07-09 8:40,Property,14.64518409,121.0368843,No Collision Stated
None,EDSA,None,None,"No Accident Factor, Side Swipe, 0.0 drivers_injured, 0.0 drivers_killed, 0.0 passengers_injured, 0.0 passengers_killed, 0.0 pedestrian_injured, 0.0 pedestrian_killed, Fair (Night), EDSA Dominion Liner Bus Terminal Quezon City",MMDA Road Safety Unit,,e48bccd5-32f6-4f7e-a97e-19cfe9c4bf24,2015-07-08,13:10:00,"EDSA Nepa Q-Mart, E. Rodriguez Quezon City",0,0,0,0,0,0,0,0,0,0,2015-07-08 21:10,Property,14.62539824,121.0482332,Side Swipe
None,EDSA,None,None,"No Accident Factor, Hit and Run (Side Swipe), 0.0 drivers_injured, 0.0 drivers_killed, 0.0 passengers_injured, 0.0 passengers_killed, 0.0 pedestrian_injured, 0.0 pedestrian_killed, Fair (Night), EDSA Kamias Road Quezon City",MMDA Road Safety Unit,,f03c806e-0455-4358-b673-2a84a38d9b43,2015-07-08,12:15:00,EDSA Aurora Blvd. Quezon City,0,0,0,0,0,0,0,0,0,0,2015-07-08 20:15,Property,14.6309142,121.0459376,Side Swipe
None,EDSA,None,None,"No Accident Factor, No Collision Stated (based on Police Blotter Book), 0.0 drivers_injured, 0.0 drivers_killed, 0.0 passengers_injured, 0.0 passengers_killed, 0.0 pedestrian_injured, 0.0 pedestrian_killed, Fair (Day), EDSA ""U"" turn slot, Katipu Quezon City",MMDA Road Safety Unit,,b0daa793-fce1-4345-aaf2-dfbb54696556,2015-07-08,08:00:00,EDSA West Ave. Quezon City,0,0,0,0,0,0,0,0,0,0,2015-07-08 16:00,Property,14.6575618,121.016261,No Collision Stated
None,EDSA,None,None,"No Accident Factor, Side Swipe, 0.0 drivers_injured, 0.0 drivers_killed, 0.0 passengers_injured, 0.0 passengers_killed, 0.0 pedestrian_injured, 0.0 pedestrian_killed, Fair (Day), EDSA A. Samson Quezon City",MMDA Road Safety Unit,,6ecdbb8f-2850-450f-8eba-d4aa571febed,2015-07-08,07:00:00,EDSA West Ave. Quezon City,0,0,0,0,0,0,0,0,0,0,2015-07-08 15:00,Property,14.65731173,121.0011071,Side Swipe
None,EDSA,None,None,"No Accident Factor, Side Swipe, 0.0 drivers_injured, 0.0 drivers_killed, 0.0 passengers_injured, 0.0 passengers_killed, 0.0 pedestrian_injured, 0.0 pedestrian_killed, Fair (Day), EDSA P. Tuazon Blvd. Quezon City",MMDA Road Safety Unit,,a3d08547-3343-4d61-ba4a-63286a98154b,2015-07-08,06:30:00,"EDSA Farmers, Socorro Quezon City",0,0,0,0,0,0,0,0,0,0,2015-07-08 14:30,Property,14.61656342,121.0525225,Side Swipe