LOCATION_TEXT,ROAD,WEATHER,LIGHT,DESC,REPORTING_AGENCY,MAIN_CAUSE,INCIDENTDETAILS_ID,DATE_UTC,TIME_UTC,ADDRESS,killed_driver,killed_passenger,killed_pedestrian,injured_driver,injured_passenger,injured_pedestrian,killed_uncategorized,injured_uncategorized,killed_total,injured_total,DATETIME_PST,SEVERITY,Y,X,COLLISION_TYPE
None,EDSA,None,None,"No Accident Factor, Side Swipe, 0.0 drivers_injured, 0.0 drivers_killed, 0.0 passengers_injured, 0.0 passengers_killed, 0.0 pedestrian_injured, 0.0 pedestrian_killed, Fair (Day), EDSA Jam Liner Bus Terminal Quezon City",MMDA Road Safety Unit,,51b5e08b-2305-4604-9737-3764964f9953,2015-07-08,03:00:00,EDSA R. Magsaysay Quezon City,0,0,0,0,0,0,0,0,0,0,2015-07-08 11:00,Property,14.63113373,121.0455992,Side Swipe
None,EDSA,None,None,"No Accident Factor, No Collision Stated (based on Police Blotter Book), 0.0 drivers_injured, 0.0 drivers_killed, 0.0 passengers_injured, 0.0 passengers_killed, 0.0 pedestrian_injured, 0.0 pedestrian_killed, Fair (Day), EDSA Monte De Piedad St. Quezon City",MMDA Road Safety Unit,,ff5eccce-5ef2-437d-b3cc-23b93be93d8c,2015-07-08,02:55:00,"EDSA ""U"" turn slot, Bagong Pag-asa Quezon City",0,0,0,0,0,0,0,0,0,0,2015-07-08 10:55,Property,14.62346937,121.0491711,No Collision Stated
None,EDSA,None,None,"No Accident Factor, Rear-end, 0.0 drivers_injured, 0.0 drivers_killed, 0.0 passengers_injured, 0.0 passengers_killed, 0.0 pedestrian_injured, 0.0 pedestrian_killed, Fair (Day), EDSA Camp Crame (Gate 1) Quezon City",MMDA Road Safety Unit,,d459acbf-384b-4ae6-b1d2-b32d6cd42bf7,2015-07-08,02:30:00,EDSA Balintawak Market Quezon City,0,0,0,0,0,0,0,0,0,0,2015-07-08 10:30,Property,14.60923788,121.0557422,Rear-End
None,EDSA,None,None,"No Accident Factor, Side Swipe, 0.0 drivers_injured, 0.0 drivers_killed, 0.0 passengers_injured, 0.0 passengers_killed, 0.0 pedestrian_injured, 0.0 pedestrian_killed, Fair (Day), EDSA Quezon Ave.  Quezon City",MMDA Road Safety Unit,,c205c401-c273-4916-ab81-04768268619e,2015-07-08,01:10:00,"EDSA SM Hypermarket, Socorro Quezon City",0,0,0,0,0,0,0,0,0,0,2015-07-08 9:10,Property,14.6442444,121.0375839,Side Swipe
None,EDSA,None,None,"No Accident Factor, Rear-end, 0.0 drivers_injured, 0.0 drivers_killed, 8.0 passengers_injured, 0.0 passengers_killed, 0.0 pedestrian_injured, 0.0 pedestrian_killed, Fair (Night), EDSA Centris Mall, Pinyahan Quezon City",MMDA Road Safety Unit,,9e9ddf1d-7ee4-4868-8867-6bde17a98e01,2015-07-07,21:50:00,"EDSA Jac Liner Bus Terminal, Pinyahan Quezon City",0,0,0,0,8,0,0,0,0,8,2015-07-08 5:50,Injury,14.64255755,121.038725,Rear-End
None,EDSA,None,None,"No Accident Factor, No Collision Stated (based on Police Blotter Book), 0.0 drivers_injured, 0.0 drivers_killed, 0.0 passengers_injured, 0.0 passengers_killed, 0.0 pedestrian_injured, 0.0 pedestrian_killed, Fair (Night), EDSA Landmark, Bagong Pag-asa Quezon City",MMDA Road Safety Unit,,3c0f3031-d76c-4e7a-a1a7-57b8cfec03e6,2015-07-07,15:00:00,"EDSA SM North (Annex), Phil-Am Quezon City",0,0,0,0,0,0,0,0,0,0,2015-07-07 23:00,Property,14.6509773,121.0331821,No Collision Stated
None,EDSA,None,None,"No Accident Factor, No Collision Stated (based on Police Blotter Book), 0.0 drivers_injured, 0.0 drivers_killed, 0.0 passengers_injured, 0.0 passengers_killed, 0.0 pedestrian_injured, 0.0 pedestrian_killed, Fair (Night), EDSA SM Annex Quezon City",MMDA Road Safety Unit,,2fe3ba66-26f1-4bdb-8097-2c2625edb448,2015-07-07,13:15:00,"EDSA Footbridge (beneath), McArthur Ave., Socorro Quezon City",0,0,0,0,0,0,0,0,0,0,2015-07-07 21:15,Property,14.65628012,121.0272074,No Collision Stated
None,EDSA,None,None,"No Accident Factor, Side Swipe, 0.0 drivers_injured, 0.0 drivers_killed, 0.0 passengers_injured, 0.0 passengers_killed, 0.0 pedestrian_injured, 0.0 pedestrian_killed, Fair (Day), EDSA ""U"" turn slot, Camp Aguinaldo Quezon City",MMDA Road Safety Unit,,17de5eff-c1b2-4ef7-8f0d-48ec9e215081,2015-07-07,07:20:00,EDSA Col. Bonny Serrano Ave. Quezon City,0,0,0,0,0,0,0,0,0,0,2015-07-07 15:20,Property,14.61039335,121.055241,Side Swipe
None,EDSA,None,None,"No Accident Factor, No Collision Stated (based on Police Blotter Book), 0.0 drivers_injured, 0.0 drivers_killed, 0.0 passengers_injured, 0.0 passengers_killed, 0.0 pedestrian_injured, 0.0 pedestrian_killed, Fair (Day), EDSA Col. Bonny Serrano Ave. Quezon City",MMDA Road Safety Unit,,71044d81-b161-4fa5-944a-1a3cb855ba28,2015-07-07,05:20:00,EDSA Bansalangin St. Quezon City,0,0,0,0,0,0,0,0,0,0,2015-07-07 13:20,Property,14.61107337,121.0550705,No Collision Stated
None,EDSA,None,None,"No Accident Factor, Angle Impact, 0.0 drivers_injured, 0.0 drivers_killed, 0.0 passengers_injured, 0.0 passengers_killed, 0.0 pedestrian_injured, 0.0 pedestrian_killed, Fair (Day), EDSA Quezon Ave. (Centrix Complex-Mc Donalds) Quezon City",MMDA Road Safety Unit,,daaa9a5f-06c1-4e7f-81cc-4f12388f84ff,2015-07-07,04:45:00,EDSA Iglesia ni Cristo Quezon City,0,0,0,0,0,0,0,0,0,0,2015-07-07 12:45,Property,14.6442444,121.0375839,Angle Impact
None,EDSA,None,None,"No Accident Factor, Rear-end, 0.0 drivers_injured, 0.0 drivers_killed, 0.0 passengers_injured, 0.0 passengers_killed, 0.0 pedestrian_injured, 0.0 pedestrian_killed, Fair (Night), EDSA West Ave. Quezon City",MMDA Road Safety Unit,,b915cd7b-4ab8-43d0-911d-cca0e9478fee,2015-07-06,21:00:00,EDSA Corregidor St. Quezon City,0,0,0,0,0,0,0,0,0,0,2015-07-07 5:00,Property,14.65548924,121.0298079,Rear-End
None,EDSA,None,None,"No Accident Factor, No Collision Stated (based on Police Blotter Book), 0.0 drivers_injured, 0.0 drivers_killed, 0.0 passengers_injured, 0.0 passengers_killed, 0.0 pedestrian_injured, 0.0 pedestrian_killed, Fair (Night), EDSA ""U"" turn slot, Bagong Pag-asa Quezon City",MMDA Road Safety Unit,,e7c52092-1d12-416d-a0ca-729c093e11de,2015-07-06,12:45:00,EDSA Corregidor St. Quezon City,0,0,0,0,0,0,0,0,0,0,2015-07-06 20:45,Property,14.65652754,121.0260743,No Collision Stated
None,EDSA,None,None,"No Accident Factor, Multiple Collision, 0.0 drivers_injured, 0.0 drivers_killed, 0.0 passengers_injured, 0.0 passengers_killed, 0.0 pedestrian_injured, 0.0 pedestrian_killed, Fair (Day), EDSA SM North, Pag-Asa Quezon City",MMDA Road Safety Unit,,f08eb3df-a929-4b75-984a-fcfaea1885df,2015-07-06,07:00:00,EDSA Lucena Lines Bus Terminal Quezon City,0,0,0,0,0,0,0,0,0,0,2015-07-06 15:00,Property,14.65645143,121.0271077,Multiple
None,EDSA,None,None,"No Accident Factor, Side Swipe, 0.0 drivers_injured, 0.0 drivers_killed, 0.0 passengers_injured, 0.0 passengers_killed, 0.0 pedestrian_injured, 0.0 pedestrian_killed, Fair (Day), EDSA ""U"" turn slot, R. Magsaysay Quezon City",MMDA Road Safety Unit,,fb634b34-565f-45a6-9986-96b3a318ad6f,2015-07-06,05:00:00,"EDSA SM North, Bagong Pag-asa Quezon City",0,0,0,0,0,0,0,0,0,0,2015-07-06 13:00,Property,14.65655357,121.0260701,Side Swipe
None,EDSA,None,None,"No Accident Factor, Side Swipe, 0.0 drivers_injured, 0.0 drivers_killed, 0.0 passengers_injured, 0.0 passengers_killed, 0.0 pedestrian_injured, 0.0 pedestrian_killed, Fair (Day), EDSA New York St. Quezon City",MMDA Road Safety Unit,,cdbeaee4-986b-4010-8fab-8e8908c25b04,2015-07-06,04:30:00,EDSA New York St. Quezon City,0,0,0,0,0,0,0,0,0,0,2015-07-06 12:30,Property,14.62568514,121.0482307,Side Swipe
None,EDSA,None,None,"No Accident Factor, No Collision Stated (based on Police Blotter Book), 0.0 drivers_injured, 0.0 drivers_killed, 0.0 passengers_injured, 0.0 passengers_killed, 0.0 pedestrian_injured, 0.0 pedestrian_killed, Fair (Day), EDSA Ermin Garcia St. Quezon City",MMDA Road Safety Unit,,73eaec76-6cb8-4280-b60e-07bcfb88b68f,2015-07-06,00:30:00,EDSA Quezon Ave. Quezon City,0,0,0,0,0,0,0,0,0,0,2015-07-06 8:30,Property,14.62758814,121.047487,No Collision Stated
None,EDSA,None,None,"No Accident Factor, No Collision Stated (based on Police Blotter Book), 0.0 drivers_injured, 0.0 drivers_killed, 0.0 passengers_injured, 0.0 passengers_killed, 0.0 pedestrian_injured, 0.0 pedestrian_killed, Fair (Night), EDSA West Ave. Quezon City",MMDA Road Safety Unit,,97e06a30-ee64-4333-9334-b35ad66aaaff,2015-07-05,19:00:00,"EDSA ""U"" turn slot, Centris Quezon City",0,0,0,0,0,0,0,0,0,0,2015-07-06 3:00,Property,14.65548924,121.0298079,No Collision Stated
None,EDSA,None,None,"No Accident Factor, Rear-end, 0.0 drivers_injured, 0.0 drivers_killed, 0.0 passengers_injured, 0.0 passengers_killed, 0.0 pedestrian_injured, 0.0 pedestrian_killed, Fair (Night), EDSA Cloverleaf Road Quezon City",MMDA Road Safety Unit,,b6a775be-727d-40e2-9690-9c1055488517,2015-07-05,17:00:00,EDSA North Ave. Quezon City,0,0,0,0,0,0,0,0,0,0,2015-07-06 1:00,Property,14.65747901,121.0011914,Rear-End
None,EDSA,None,None,"No Accident Factor, Multiple Collision, 1.0 drivers_injured, 0.0 drivers_killed, 0.0 passengers_injured, 0.0 passengers_killed, 0.0 pedestrian_injured, 0.0 pedestrian_killed, Fair (Night), EDSA National Printing Office (NPO) Bldg., Pinyahan Quezon City",MMDA Road Safety Unit,,e8dce4d1-b7d8-408a-91e7-a91fb5cf2010,2015-07-05,12:30:00,EDSA Mindanao Ave. Ext. Quezon City,0,0,0,1,0,0,0,0,0,1,2015-07-05 20:30,Injury,14.63891902,121.0410657,Multiple
None,EDSA,None,None,"No Accident Factor, Hit and Run (No Collision Stated), 0.0 drivers_injured, 0.0 drivers_killed, 0.0 passengers_injured, 0.0 passengers_killed, 0.0 pedestrian_injured, 0.0 pedestrian_killed, Fair (Night), EDSA Santolan MRT Station, Camp Aguinaldo  Quezon City",MMDA Road Safety Unit,,16387c65-a4ad-4f0d-be0c-714c941c7917,2015-07-05,12:20:00,EDSA DILG Quezon City,0,0,0,0,0,0,0,0,0,0,2015-07-05 20:20,Property,14.60773988,121.0564577,No Collision Stated
None,EDSA,None,None,"No Accident Factor, Hit and Run (No Collision Stated), 0.0 drivers_injured, 0.0 drivers_killed, 0.0 passengers_injured, 0.0 passengers_killed, 0.0 pedestrian_injured, 0.0 pedestrian_killed, Fair (Day), EDSA ""U"" turn slot, Santolan, Socorro Quezon City",MMDA Road Safety Unit,,7ea1bebb-ec8c-499d-94c3-0e72cb5caa7d,2015-07-05,08:00:00,EDSA Home Depot Quezon City,0,0,0,0,0,0,0,0,0,0,2015-07-05 16:00,Property,14.61042385,121.0553144,No Collision Stated
None,EDSA,None,None,"No Accident Factor, Side Swipe, 0.0 drivers_injured, 0.0 drivers_killed, 0.0 passengers_injured, 0.0 passengers_killed, 0.0 pedestrian_injured, 0.0 pedestrian_killed, Fair (Day), EDSA Camp Aguinaldo, Santolan Quezon City",MMDA Road Safety Unit,,68c40b19-374e-4a08-9b73-24fa14627e58,2015-07-05,06:45:00,"EDSA ES Transport Bus Terminal, New York St., E. Rodriguez Quezon City",0,0,0,0,0,0,0,0,0,0,2015-07-05 14:45,Property,14.6098829,121.0556752,Side Swipe
None,EDSA,None,None,"No Accident Factor, Side Swipe, 0.0 drivers_injured, 0.0 drivers_killed, 0.0 passengers_injured, 0.0 passengers_killed, 0.0 pedestrian_injured, 0.0 pedestrian_killed, Fair (Day), EDSA UNTV Philam  Quezon City",MMDA Road Safety Unit,,827b9f42-2d4d-4e3b-b801-2a9058c83508,2015-07-05,03:00:00,EDSA Waltermart Quezon City,0,0,0,0,0,0,0,0,0,0,2015-07-05 11:00,Property,14.64959397,121.0338735,Side Swipe
None,EDSA,None,None,"No Accident Factor, Rear-end, 0.0 drivers_injured, 0.0 drivers_killed, 0.0 passengers_injured, 0.0 passengers_killed, 0.0 pedestrian_injured, 0.0 pedestrian_killed, Fair (Day), EDSA National Printing Office (NPO), Pinyahan Quezon City",MMDA Road Safety Unit,,cf4c593e-9adb-4bc6-a5da-01e9a475d424,2015-07-05,02:30:00,EDSA Aurora Blvd. Quezon City,0,0,0,0,0,0,0,0,0,0,2015-07-05 10:30,Property,14.63891902,121.0410657,Rear-End
None,EDSA,None,None,"No Accident Factor, Side Swipe, 0.0 drivers_injured, 0.0 drivers_killed, 0.0 passengers_injured, 0.0 passengers_killed, 0.0 pedestrian_injured, 0.0 pedestrian_killed, Fair (Day), EDSA Balintawak Market Quezon City",MMDA Road Safety Unit,,7a0cb371-8cc9-488d-a376-4485065d2fc6,2015-07-04,07:00:00,EDSA Robinson's Galleria Exit Quezon City,0,0,0,0,0,0,0,0,0,0,2015-07-04 15:00,Property,14.65740947,121.0025737,Side Swipe
None,EDSA,None,None,"No Accident Factor, No Collision Stated (based on Police Blotter Book), 0.0 drivers_injured, 0.0 drivers_killed, 0.0 passengers_injured, 0.0 passengers_killed, 0.0 pedestrian_injured, 0.0 pedestrian_killed, Fair (Night), EDSA ES Transport Bus Terminal, E. Rodriguez Quezon City",MMDA Road Safety Unit,,ee2dbdde-c7ed-4b9f-bb0e-e10f03b4a677,2015-07-03,21:30:00,EDSA P. Tuazon Blvd. Quezon City,0,0,0,0,0,0,0,0,0,0,2015-07-04 5:30,Property,14.62515746,121.0486037,No Collision Stated
None,EDSA,None,None,"No Accident Factor, No Collision Stated (based on Police Blotter Book), 0.0 drivers_injured, 0.0 drivers_killed, 0.0 passengers_injured, 0.0 passengers_killed, 0.0 pedestrian_injured, 0.0 pedestrian_killed, Fair (Night), EDSA Trinoma Mall Quezon City",MMDA Road Safety Unit,,73400cfb-9804-4e0b-8610-c680820ce37e,2015-07-03,14:50:00,EDSA MRT-Santolan Station Quezon City,0,0,0,0,0,0,0,0,0,0,2015-07-03 22:50,Property,14.65242607,121.0323133,No Collision Stated
None,EDSA,None,None,"No Accident Factor, Side Swipe, 0.0 drivers_injured, 0.0 drivers_killed, 0.0 passengers_injured, 0.0 passengers_killed, 0.0 pedestrian_injured, 0.0 pedestrian_killed, Fair (Day), EDSA Cloverleaf Road Quezon City",MMDA Road Safety Unit,,0321bc2c-1ee5-4f4f-a2c4-0d3b020d86cf,2015-07-03,07:55:00,EDSA Col. Bonny Serrano Ave. Quezon City,0,0,0,0,0,0,0,0,0,0,2015-07-03 15:55,Property,14.65747901,121.0011914,Side Swipe
None,EDSA,None,None,"No Accident Factor, No Collision Stated (based on Police Blotter Book), 0.0 drivers_injured, 0.0 drivers_killed, 0.0 passengers_injured, 0.0 passengers_killed, 0.0 pedestrian_injured, 0.0 pedestrian_killed, Fair (Day), EDSA Aurora Blvd. Quezon City",MMDA Road Safety Unit,,f9573eaf-caa2-4144-b9ff-a36420ddb7a7,2015-07-03,04:05:00,EDSA Main Ave. Quezon City,0,0,0,0,0,0,0,0,0,0,2015-07-03 12:05,Property,14.62163653,121.0501573,No Collision Stated
None,EDSA,None,None,"No Accident Factor, No Collision Stated (based on Police Blotter Book), 0.0 drivers_injured, 0.0 drivers_killed, 0.0 passengers_injured, 0.0 passengers_killed, 0.0 pedestrian_injured, 0.0 pedestrian_killed, Fair (Day), EDSA Main Ave. Quezon City",MMDA Road Safety Unit,,3519f053-5d2a-43a9-8505-0dae5904ca6e,2015-07-03,01:15:00,EDSA Roosevelt Ave. Quezon City,0,0,0,0,0,0,0,0,0,0,2015-07-03 9:15,Property,14.61376458,121.0537933,No Collision Stated
None,EDSA,None,None,"No Accident Factor, Rear-end, 0.0 drivers_injured, 0.0 drivers_killed, 0.0 passengers_injured, 0.0 passengers_killed, 0.0 pedestrian_injured, 0.0 pedestrian_killed, Fair (Night), EDSA Main Ave. Quezon City",MMDA Road Safety Unit,,3a21f77f-20fc-4c76-8484-08d34680edc6,2015-07-02,14:45:00,EDSA Oliveros St. Quezon City,0,0,0,0,0,0,0,0,0,0,2015-07-02 22:45,Property,14.61376458,121.0537933,Rear-End
None,EDSA,None,None,"No Accident Factor, No Collision Stated (based on Police Blotter Book), 0.0 drivers_injured, 0.0 drivers_killed, 1.0 passengers_injured, 0.0 passengers_killed, 0.0 pedestrian_injured, 0.0 pedestrian_killed, Fair (Night), EDSA P. Tuazon Blvd. Quezon City",MMDA Road Safety Unit,,c2e5a0c0-a020-490e-b348-8b3609d5b603,2015-07-02,14:20:00,EDSA East Ave. Quezon City,0,0,0,0,1,0,0,0,0,1,2015-07-02 22:20,Injury,14.61656342,121.0525225,No Collision Stated
None,EDSA,None,None,"No Accident Factor, Side Swipe, 0.0 drivers_injured, 0.0 drivers_killed, 0.0 passengers_injured, 0.0 passengers_killed, 0.0 pedestrian_injured, 0.0 pedestrian_killed, Fair (Night), EDSA Five Star Bus Terminal, E. Rodriguez Quezon City",MMDA Road Safety Unit,,1d9ca855-bb9c-489f-8d81-4acf96b76232,2015-07-02,13:00:00,EDSA Ortigas Ave. Quezon City,0,0,0,0,0,0,0,0,0,0,2015-07-02 21:00,Property,14.62375691,121.0492447,Side Swipe
None,EDSA,None,None,"No Accident Factor, Side Swipe, 0.0 drivers_injured, 0.0 drivers_killed, 0.0 passengers_injured, 0.0 passengers_killed, 0.0 pedestrian_injured, 0.0 pedestrian_killed, Fair (Day), EDSA Quezon Ave.     Quezon City",MMDA Road Safety Unit,,251056dd-621f-49c0-8994-e786ebdb3366,2015-07-02,07:20:00,EDSA R. Magsaysay Quezon City,0,0,0,0,0,0,0,0,0,0,2015-07-02 15:20,Property,14.6442444,121.0375839,Side Swipe
None,EDSA,None,None,"No Accident Factor, Rear-end, 0.0 drivers_injured, 0.0 drivers_killed, 0.0 passengers_injured, 0.0 passengers_killed, 0.0 pedestrian_injured, 0.0 pedestrian_killed, Fair (Day), EDSA Waltermart Katipu  Quezon City",MMDA Road Safety Unit,,0c7a5a4c-fac8-4887-9d01-cbf70c3f5a19,2015-07-02,05:30:00,EDSA Aurora Blvd. Quezon City,0,0,0,0,0,0,0,0,0,0,2015-07-02 13:30,Property,14.6574558,121.0213579,Rear-End
None,EDSA,None,None,"No Accident Factor, Rear-end, 0.0 drivers_injured, 0.0 drivers_killed, 0.0 passengers_injured, 0.0 passengers_killed, 0.0 pedestrian_injured, 0.0 pedestrian_killed, Fair (Day), EDSA Camp Aguinaldo, Santolan Quezon City",MMDA Road Safety Unit,,41df7bbe-75b0-44ab-b462-c2a2acfffd0f,2015-07-02,05:10:00,EDSA Kamias Road Quezon City,0,0,0,0,0,0,0,0,0,0,2015-07-02 13:10,Property,14.6098829,121.0556752,Rear-End
None,EDSA,None,None,"No Accident Factor, Rear-end, 0.0 drivers_injured, 0.0 drivers_killed, 0.0 passengers_injured, 0.0 passengers_killed, 0.0 pedestrian_injured, 0.0 pedestrian_killed, Fair (Day), EDSA Camp Aguinaldo Quezon City",MMDA Road Safety Unit,,f1c2c827-4ff0-43fb-b8bb-9e4b35982206,2015-07-02,03:10:00,"EDSA Puregold, A. Samson Quezon City",0,0,0,0,0,0,0,0,0,0,2015-07-02 11:10,Property,14.60818699,121.0564562,Rear-End
None,EDSA,None,None,"No Accident Factor, Side Swipe, 0.0 drivers_injured, 0.0 drivers_killed, 0.0 passengers_injured, 0.0 passengers_killed, 0.0 pedestrian_injured, 0.0 pedestrian_killed, Fair (Day), EDSA A. Samson  Quezon City",MMDA Road Safety Unit,,667cf513-a8c7-43e4-8f1a-3951f55bf64d,2015-07-02,01:30:00,"EDSA Chowking, Ug Sigaw Quezon City",0,0,0,0,0,0,0,0,0,0,2015-07-02 9:30,Property,14.65731173,121.0011071,Side Swipe
None,EDSA,None,None,"No Accident Factor, No Collision Stated (based on Police Blotter Book), 0.0 drivers_injured, 0.0 drivers_killed, 0.0 passengers_injured, 0.0 passengers_killed, 0.0 pedestrian_injured, 0.0 pedestrian_killed, Fair (Night), EDSA West Ave. Quezon City",MMDA Road Safety Unit,,a153d0ac-1525-4458-8e6f-312b3f5ff807,2015-07-01,12:55:00,EDSA Gen. McArthur Ave. Quezon City,0,0,0,0,0,0,0,0,0,0,2015-07-01 20:55,Property,14.65548924,121.0298079,No Collision Stated
None,EDSA,None,None,"No Accident Factor, Side Swipe, 0.0 drivers_injured, 0.0 drivers_killed, 0.0 passengers_injured, 0.0 passengers_killed, 0.0 pedestrian_injured, 0.0 pedestrian_killed, Fair (Night), EDSA Ermin Garcia St. Quezon City",MMDA Road Safety Unit,,0f3994ae-e025-45db-b642-572bfa4cbd3d,2015-07-01,12:05:00,EDSA Roosevelt Ave. Quezon City,0,0,0,0,0,0,0,0,0,0,2015-07-01 20:05,Property,14.62758814,121.047487,Side Swipe
None,EDSA,None,None,"No Accident Factor, Rear-end, 0.0 drivers_injured, 0.0 drivers_killed, 0.0 passengers_injured, 0.0 passengers_killed, 0.0 pedestrian_injured, 0.0 pedestrian_killed, Fair (Day), EDSA Camp Aguinaldo Quezon City",MMDA Road Safety Unit,,26a03385-640f-47a3-9fec-7580b201586c,2015-07-01,05:20:00,EDSA Balintawak Market Quezon City,0,0,0,0,0,0,0,0,0,0,2015-07-01 13:20,Property,14.60818699,121.0564562,Rear-End
None,EDSA,None,None,"No Accident Factor, Rear-end, 0.0 drivers_injured, 0.0 drivers_killed, 0.0 passengers_injured, 0.0 passengers_killed, 0.0 pedestrian_injured, 0.0 pedestrian_killed, Fair (Day), EDSA Camp Aguinaldo (Gate 2) Quezon City",MMDA Road Safety Unit,,8063c833-db07-40a3-a382-13a13903617f,2015-07-01,05:00:00,EDSA Camp Aguinaldo Quezon City,0,0,0,0,0,0,0,0,0,0,2015-07-01 13:00,Property,14.6098829,121.0556752,Rear-End
None,EDSA,None,None,"No Accident Factor, No Collision Stated (based on Police Blotter Book), 0.0 drivers_injured, 0.0 drivers_killed, 0.0 passengers_injured, 0.0 passengers_killed, 0.0 pedestrian_injured, 0.0 pedestrian_killed, Fair (Night), EDSA Corregidor St. Quezon City",MMDA Road Safety Unit,,60fedda5-e050-4863-a17e-f6ce721349a8,2015-06-30,13:30:00,EDSA Main Ave. Quezon City,0,0,0,0,0,0,0,0,0,0,2015-06-30 21:30,Property,14.65707679,121.0241648,No Collision Stated
None,EDSA,None,None,"No Accident Factor, No Collision Stated (based on Police Blotter Book), 0.0 drivers_injured, 0.0 drivers_killed, 0.0 passengers_injured, 0.0 passengers_killed, 0.0 pedestrian_injured, 0.0 pedestrian_killed, Fair (Night), EDSA Misamis St. Quezon City",MMDA Road Safety Unit,,f393de57-f169-4c0a-a28d-9f511b3f8171,2015-06-30,10:30:00,EDSA Banahaw St. Quezon City,0,0,0,0,0,0,0,0,0,0,2015-06-30 18:30,Property,14.65602348,121.0285212,No Collision Stated
None,EDSA,None,None,"No Accident Factor, No Collision Stated (based on Police Blotter Book), 0.0 drivers_injured, 0.0 drivers_killed, 0.0 passengers_injured, 0.0 passengers_killed, 0.0 pedestrian_injured, 0.0 pedestrian_killed, Fair (Day), EDSA Kamuning Road Quezon City",MMDA Road Safety Unit,,19d64170-ab2b-4233-be08-71cf457e8ede,2015-06-30,09:40:00,EDSA Quezon Ave. Quezon City,0,0,0,0,0,0,0,0,0,0,2015-06-30 17:40,Property,14.63075725,121.0457548,No Collision Stated
None,EDSA,None,None,"No Accident Factor, Rear-end, 0.0 drivers_injured, 0.0 drivers_killed, 0.0 passengers_injured, 0.0 passengers_killed, 0.0 pedestrian_injured, 0.0 pedestrian_killed, Fair (Day), EDSA Olivares Quezon City",MMDA Road Safety Unit,,2f71096a-17c6-44a3-8267-dc4859e7066c,2015-06-30,06:50:00,"EDSA ""U"" turn slot, P. Tuazon Blvd. Quezon City",0,0,0,0,0,0,0,0,0,0,2015-06-30 14:50,Property,14.65762799,121.0065288,Rear-End
None,EDSA,None,None,"No Accident Factor, No Collision Stated (based on Police Blotter Book), 0.0 drivers_injured, 0.0 drivers_killed, 0.0 passengers_injured, 0.0 passengers_killed, 0.0 pedestrian_injured, 0.0 pedestrian_killed, Fair (Day), EDSA Quezon Ave. Quezon City",MMDA Road Safety Unit,,621b7a8e-9405-4290-925c-57ec24289535,2015-06-30,06:35:00,"EDSA Shell Gas Station, Pinyahan Quezon City",0,0,0,0,0,0,0,0,0,0,2015-06-30 14:35,Property,14.6442444,121.0375839,No Collision Stated
None,EDSA,None,None,"No Accident Factor, Rear-end, 0.0 drivers_injured, 0.0 drivers_killed, 0.0 passengers_injured, 0.0 passengers_killed, 0.0 pedestrian_injured, 0.0 pedestrian_killed, Fair (Day), EDSA Genesis Bus Terminal, E. Rodriguez  Quezon City",MMDA Road Safety Unit,,ec2f6dab-6d33-4414-98d5-d7e79d1562f6,2015-06-30,05:15:00,"EDSA Farmers, Cubao Quezon City",0,0,0,0,0,0,0,0,0,0,2015-06-30 13:15,Property,14.6256048,121.0483444,Rear-End
None,EDSA,None,None,"No Accident Factor, Rear-end, 0.0 drivers_injured, 0.0 drivers_killed, 0.0 passengers_injured, 0.0 passengers_killed, 0.0 pedestrian_injured, 0.0 pedestrian_killed, Fair (Night), EDSA Corinthian Garden, Ugong Norte Quezon City",MMDA Road Safety Unit,,e70a3da9-bca0-421b-a504-ed371e2f26db,2015-06-29,14:20:00,EDSA Victory Liner Bus Terminal Quezon City,0,0,0,0,0,0,0,0,0,0,2015-06-29 22:20,Property,14.59580783,121.0595248,Rear-End
None,EDSA,None,None,"No Accident Factor, Rear-end, 0.0 drivers_injured, 0.0 drivers_killed, 0.0 passengers_injured, 0.0 passengers_killed, 0.0 pedestrian_injured, 0.0 pedestrian_killed, Fair (Night), EDSA New York St. Quezon City",MMDA Road Safety Unit,,ed790f5d-e3a7-4b04-ba14-80f5ff438d18,2015-06-29,11:45:00,EDSA Cloverleaf Road Quezon City,0,0,0,0,0,0,0,0,0,0,2015-06-29 19:45,Property,14.62568514,121.0482307,Rear-End
None,EDSA,None,None,"No Accident Factor, Side Swipe, 0.0 drivers_injured, 0.0 drivers_killed, 0.0 passengers_injured, 0.0 passengers_killed, 0.0 pedestrian_injured, 0.0 pedestrian_killed, Fair (Night), EDSA New York St. Quezon City",MMDA Road Safety Unit,,e101ecb8-6d7f-4c53-9416-973284ea3a40,2015-06-29,11:35:00,EDSA Baliwag Liner Bus Terminal Quezon City,0,0,0,0,0,0,0,0,0,0,2015-06-29 19:35,Property,14.62568514,121.0482307,Side Swipe