LOCATION_TEXT,ROAD,WEATHER,LIGHT,DESC,REPORTING_AGENCY,MAIN_CAUSE,INCIDENTDETAILS_ID,DATE_UTC,TIME_UTC,ADDRESS,killed_driver,killed_passenger,killed_pedestrian,injured_driver,injured_passenger,injured_pedestrian,killed_uncategorized,injured_uncategorized,killed_total,injured_total,DATETIME_PST,SEVERITY,Y,X,COLLISION_TYPE
None,EDSA,None,None,"No Accident Factor, Side Swipe, 0.0 drivers_injured, 0.0 drivers_killed, 0.0 passengers_injured, 0.0 passengers_killed, 0.0 pedestrian_injured, 0.0 pedestrian_killed, Fair (Night), EDSA Cloverleaf Road Quezon City",MMDA Road Safety Unit,,0e005287-b064-42ce-bed5-9d6cc51914c4,2015-06-29,10:45:00,EDSA P. Tuazon Blvd. Quezon City,0,0,0,0,0,0,0,0,0,0,2015-06-29 18:45,Property,14.65747901,121.0011914,Side Swipe
None,EDSA,None,None,"No Accident Factor, Side Swipe, 0.0 drivers_injured, 0.0 drivers_killed, 0.0 passengers_injured, 0.0 passengers_killed, 0.0 pedestrian_injured, 0.0 pedestrian_killed, Fair (Day), EDSA K-3rd St.  Quezon City",MMDA Road Safety Unit,,082b7a92-5ce8-4cb5-8e27-4f3036b96a55,2015-06-29,09:30:00,"EDSA Shell Gas Station, Katipu Quezon City",0,0,0,0,0,0,0,0,0,0,2015-06-29 17:30,Property,14.62942357,121.0463854,Side Swipe
None,EDSA,None,None,"No Accident Factor, No Collision Stated (based on Police Blotter Book), 0.0 drivers_injured, 0.0 drivers_killed, 0.0 passengers_injured, 0.0 passengers_killed, 0.0 pedestrian_injured, 0.0 pedestrian_killed, Fair (Day), EDSA P. Tuazon Blvd. Quezon City",MMDA Road Safety Unit,,c0209364-52fc-44b9-b788-462a34cb5962,2015-06-29,08:25:00,"EDSA People Power Monument, Ugong Norte Quezon City",0,0,0,0,0,0,0,0,0,0,2015-06-29 16:25,Property,14.61656342,121.0525225,No Collision Stated
None,EDSA,None,None,"No Accident Factor, Rear-end, 0.0 drivers_injured, 0.0 drivers_killed, 0.0 passengers_injured, 0.0 passengers_killed, 0.0 pedestrian_injured, 0.0 pedestrian_killed, Fair (Day), EDSA North Ave. Quezon City",MMDA Road Safety Unit,,bbc43ca3-f3fe-485c-a780-888f76698a21,2015-06-29,06:55:00,EDSA Aurora Blvd. Quezon City,0,0,0,0,0,0,0,0,0,0,2015-06-29 14:55,Property,14.65553839,121.0299647,Rear-End
None,EDSA,None,None,"No Accident Factor, Side Swipe, 0.0 drivers_injured, 0.0 drivers_killed, 0.0 passengers_injured, 0.0 passengers_killed, 0.0 pedestrian_injured, 0.0 pedestrian_killed, Fair (Day), EDSA Balintawak Market Quezon City",MMDA Road Safety Unit,,fd2bd877-503d-4721-a7eb-9731d8e11f93,2015-06-29,06:55:00,EDSA Main Ave. Quezon City,0,0,0,0,0,0,0,0,0,0,2015-06-29 14:55,Property,14.65740947,121.0025737,Side Swipe
None,EDSA,None,None,"No Accident Factor, Rear-end, 0.0 drivers_injured, 0.0 drivers_killed, 0.0 passengers_injured, 0.0 passengers_killed, 0.0 pedestrian_injured, 0.0 pedestrian_killed, Fair (Day), EDSA Oriental Market  Quezon City",MMDA Road Safety Unit,,a86c9b30-68e2-4edf-9c11-18d85a5d7efd,2015-06-29,05:15:00,EDSA Kamuning Road Quezon City,0,0,0,0,0,0,0,0,0,0,2015-06-29 13:15,Property,14.65737026,121.0035995,Rear-End
None,EDSA,None,None,"No Accident Factor, Side Swipe, 0.0 drivers_injured, 0.0 drivers_killed, 0.0 passengers_injured, 0.0 passengers_killed, 0.0 pedestrian_injured, 0.0 pedestrian_killed, Fair (Day), EDSA Camp Aguinaldo Quezon City",MMDA Road Safety Unit,,6c0741a0-c0f8-47d1-896d-a7c572bb6ae2,2015-06-29,02:15:00,EDSA Ortigas Ave. Quezon City,0,0,0,0,0,0,0,0,0,0,2015-06-29 10:15,Property,14.60818699,121.0564562,Side Swipe
None,EDSA,None,None,"No Accident Factor, No Collision Stated (based on Police Blotter Book), 0.0 drivers_injured, 0.0 drivers_killed, 2.0 passengers_injured, 0.0 passengers_killed, 0.0 pedestrian_injured, 0.0 pedestrian_killed, Fair (Day), EDSA Jam Liner Bus Terminal Quezon City",MMDA Road Safety Unit,,b9c50ba3-4094-45c5-be3e-deb9dd78ee3f,2015-06-28,23:30:00,EDSA Quezon Ave. Quezon City,0,0,0,0,2,0,0,0,0,2,2015-06-29 7:30,Injury,14.63113373,121.0455992,No Collision Stated
None,EDSA,None,None,"No Accident Factor, Multiple Collision, 0.0 drivers_injured, 0.0 drivers_killed, 0.0 passengers_injured, 0.0 passengers_killed, 0.0 pedestrian_injured, 0.0 pedestrian_killed, Fair (Day), EDSA Baliwag Liner Bus Terminal, Cubao, E. Rodriguez Quezon City",MMDA Road Safety Unit,,26d4e37c-5376-49a4-bc86-eed6c9d48e2b,2015-06-28,23:10:00,EDSA Kamuning Road Quezon City,0,0,0,0,0,0,0,0,0,0,2015-06-29 7:10,Property,14.6244766,121.0489584,Multiple
None,EDSA,None,None,"No Accident Factor, Side Swipe, 0.0 drivers_injured, 0.0 drivers_killed, 0.0 passengers_injured, 0.0 passengers_killed, 0.0 pedestrian_injured, 0.0 pedestrian_killed, Fair (Day), EDSA GMA-7  Quezon City",MMDA Road Safety Unit,,eb81c308-ce31-41c0-a191-0e062f3fe95c,2015-06-28,22:25:00,"EDSA ""U"" turn slot, MRT-North Ave. Station Quezon City",0,0,0,0,0,0,0,0,0,0,2015-06-29 6:25,Property,14.63467214,121.0435714,Side Swipe
None,EDSA,None,None,"No Accident Factor, Rear-end, 0.0 drivers_injured, 0.0 drivers_killed, 0.0 passengers_injured, 0.0 passengers_killed, 0.0 pedestrian_injured, 0.0 pedestrian_killed, Fair (Night), EDSA P. Tuazon Blvd. Quezon City",MMDA Road Safety Unit,,dccd9e57-1d67-464f-880b-0fe7d2bae76f,2015-06-28,17:30:00,EDSA East Ave. Quezon City,0,0,0,0,0,0,0,0,0,0,2015-06-29 1:30,Property,14.61656342,121.0525225,Rear-End
None,EDSA,None,None,"No Accident Factor, No Collision Stated (based on Police Blotter Book), 0.0 drivers_injured, 0.0 drivers_killed, 0.0 passengers_injured, 0.0 passengers_killed, 0.0 pedestrian_injured, 0.0 pedestrian_killed, Fair (Day), EDSA Philam Quezon City",MMDA Road Safety Unit,,afee4ce6-37d5-46a5-bd37-a280e7087f7f,2015-06-28,07:00:00,EDSA Congressional Ave. Quezon City,0,0,0,0,0,0,0,0,0,0,2015-06-28 15:00,Property,14.65280875,121.0317622,No Collision Stated
None,EDSA,None,None,"No Accident Factor, No Collision Stated (based on Police Blotter Book), 0.0 drivers_injured, 0.0 drivers_killed, 0.0 passengers_injured, 0.0 passengers_killed, 0.0 pedestrian_injured, 0.0 pedestrian_killed, Fair (Night), EDSA North Ave. Quezon City",MMDA Road Safety Unit,,4f258785-3706-4e46-aedb-44e5fa39f140,2015-06-27,15:45:00,EDSA East Ave. Quezon City,0,0,0,0,0,0,0,0,0,0,2015-06-27 23:45,Property,14.65553839,121.0299647,No Collision Stated
None,EDSA,None,None,"No Accident Factor, Rear-end, 0.0 drivers_injured, 0.0 drivers_killed, 0.0 passengers_injured, 0.0 passengers_killed, 0.0 pedestrian_injured, 0.0 pedestrian_killed, Fair (Night), EDSA Main Ave. Quezon City",MMDA Road Safety Unit,,923e09e2-9342-45c8-b21c-0bafafcde073,2015-06-27,15:05:00,EDSA Kamias Road Quezon City,0,0,0,0,0,0,0,0,0,0,2015-06-27 23:05,Property,14.61376458,121.0537933,Rear-End
None,EDSA,None,None,"No Accident Factor, No Collision Stated (based on Police Blotter Book), 0.0 drivers_injured, 0.0 drivers_killed, 0.0 passengers_injured, 0.0 passengers_killed, 0.0 pedestrian_injured, 0.0 pedestrian_killed, Fair (Night), EDSA Timog Ave. Quezon City",MMDA Road Safety Unit,,8f337eb7-1396-4bdd-908f-784583d16df5,2015-06-27,10:20:00,EDSA East Ave. Quezon City,0,0,0,0,0,0,0,0,0,0,2015-06-27 18:20,Property,14.63293559,121.0446304,No Collision Stated
None,EDSA,None,None,"No Accident Factor, Side Swipe, 0.0 drivers_injured, 0.0 drivers_killed, 0.0 passengers_injured, 0.0 passengers_killed, 0.0 pedestrian_injured, 0.0 pedestrian_killed, Fair (Night), EDSA Corinthian Garden, Ugong Norte Quezon City",MMDA Road Safety Unit,,d4368de9-29c2-464e-ad10-fb23cfc87169,2015-06-27,10:15:00,"EDSA ""U"" turn slot, Mercury Drugstore, A. Samson Quezon City",0,0,0,0,0,0,0,0,0,0,2015-06-27 18:15,Property,14.59580783,121.0595248,Side Swipe
None,EDSA,None,None,"No Accident Factor, Side Swipe, 0.0 drivers_injured, 0.0 drivers_killed, 0.0 passengers_injured, 0.0 passengers_killed, 0.0 pedestrian_injured, 0.0 pedestrian_killed, Fair (Day), EDSA Corinthian Garden, Ugong Norte Quezon City",MMDA Road Safety Unit,,dc767767-b111-4a79-9aa4-dc5ce55c60ff,2015-06-27,08:30:00,EDSA Quezon Ave. Quezon City,0,0,0,0,0,0,0,0,0,0,2015-06-27 16:30,Property,14.59580783,121.0595248,Side Swipe
None,EDSA,None,None,"No Accident Factor, Rear-end, 0.0 drivers_injured, 0.0 drivers_killed, 0.0 passengers_injured, 0.0 passengers_killed, 0.0 pedestrian_injured, 0.0 pedestrian_killed, Fair (Day), EDSA Ortigas Ave. Quezon City",MMDA Road Safety Unit,,9dc7cf15-b7dc-4c42-921c-685887d6f2bf,2015-06-27,08:00:00,EDSA Corregidor St. Quezon City,0,0,0,0,0,0,0,0,0,0,2015-06-27 16:00,Property,14.59335253,121.0584107,Rear-End
None,EDSA,None,None,"No Accident Factor, Rear-end, 0.0 drivers_injured, 0.0 drivers_killed, 0.0 passengers_injured, 0.0 passengers_killed, 0.0 pedestrian_injured, 0.0 pedestrian_killed, Fair (Day), EDSA Main Ave. Quezon City",MMDA Road Safety Unit,,ea1273cf-7474-4e26-b92b-5aa87076c2ea,2015-06-27,06:50:00,EDSA West Ave. MRT Station Quezon City,0,0,0,0,0,0,0,0,0,0,2015-06-27 14:50,Property,14.61376458,121.0537933,Rear-End
None,EDSA,None,None,"No Accident Factor, Hit and Run (No Collision Stated), 0.0 drivers_injured, 0.0 drivers_killed, 0.0 passengers_injured, 0.0 passengers_killed, 0.0 pedestrian_injured, 0.0 pedestrian_killed, Fair (Day), EDSA P. Tuazon Blvd. Quezon City",MMDA Road Safety Unit,,f00b029c-b0cd-4c27-ba56-09a3ffdf494e,2015-06-27,02:30:00,"EDSA ""U"" turn slot, PWU, Philam Quezon City",0,0,0,0,0,0,0,0,0,0,2015-06-27 10:30,Property,14.61656342,121.0525225,No Collision Stated
None,EDSA,None,None,"No Accident Factor, Side Swipe, 0.0 drivers_injured, 0.0 drivers_killed, 0.0 passengers_injured, 0.0 passengers_killed, 0.0 pedestrian_injured, 0.0 pedestrian_killed, Fair (Day), EDSA ""U"" turn slot, P. Tuazon Blvd., Socorro Quezon City",MMDA Road Safety Unit,,fd4c4018-74c6-452b-9d34-b6e58d43826d,2015-06-27,02:05:00,EDSA Mindanao Ave. Ext. Quezon City,0,0,0,0,0,0,0,0,0,0,2015-06-27 10:05,Property,14.61624525,121.0526456,Side Swipe
None,EDSA,None,None,"No Accident Factor, Side Swipe, 0.0 drivers_injured, 0.0 drivers_killed, 0.0 passengers_injured, 0.0 passengers_killed, 0.0 pedestrian_injured, 0.0 pedestrian_killed, Fair (Day), EDSA MRT-Balintawak Station  Quezon City",MMDA Road Safety Unit,,4a689951-34b4-4e46-9b92-17ed484f4b79,2015-06-26,22:00:00,EDSA Balintawak Market Quezon City,0,0,0,0,0,0,0,0,0,0,2015-06-27 6:00,Property,14.65739001,121.003878,Side Swipe
None,EDSA,None,None,"No Accident Factor, Side Swipe, 0.0 drivers_injured, 0.0 drivers_killed, 0.0 passengers_injured, 0.0 passengers_killed, 0.0 pedestrian_injured, 0.0 pedestrian_killed, Fair (Night), EDSA Baliwag Liner Bus Terminal, Cubao Quezon City",MMDA Road Safety Unit,,fc06fcb2-1c90-4779-ac11-3710c5cc7dde,2015-06-26,20:00:00,EDSA Main Ave. Quezon City,0,0,0,0,0,0,0,0,0,0,2015-06-27 4:00,Property,14.6244766,121.0489584,Side Swipe
None,EDSA,None,None,"No Accident Factor, Side Swipe, 0.0 drivers_injured, 0.0 drivers_killed, 0.0 passengers_injured, 0.0 passengers_killed, 0.0 pedestrian_injured, 0.0 pedestrian_killed, Fair (Night), EDSA Bansalangin St. Quezon City",MMDA Road Safety Unit,,1de7ae78-122e-4167-bf96-a4ee6202aa9e,2015-06-26,15:50:00,EDSA Corinthian Garden (Gate 3) Quezon City,0,0,0,0,0,0,0,0,0,0,2015-06-26 23:50,Property,14.6567996,121.0241845,Side Swipe
None,EDSA,None,None,"No Accident Factor, Rear-end, 0.0 drivers_injured, 0.0 drivers_killed, 0.0 passengers_injured, 0.0 passengers_killed, 0.0 pedestrian_injured, 0.0 pedestrian_killed, Fair (Night), EDSA Robinsons Galleria, Ugong Norte Quezon City",MMDA Road Safety Unit,,d011862c-fc67-438a-843d-588ea8b0290a,2015-06-26,10:10:00,EDSA Nepa Q-Mart Quezon City,0,0,0,0,0,0,0,0,0,0,2015-06-26 18:10,Property,14.59206941,121.058228,Rear-End
None,EDSA,None,None,"No Accident Factor, Side Swipe, 0.0 drivers_injured, 0.0 drivers_killed, 0.0 passengers_injured, 0.0 passengers_killed, 0.0 pedestrian_injured, 0.0 pedestrian_killed, Fair (Night), EDSA Ermin Garcia St. Quezon City",MMDA Road Safety Unit,,2721d2bf-fea7-4555-90c3-5fc4e6b5f5a4,2015-06-26,10:00:00,EDSA Cloverleaf Road Quezon City,0,0,0,0,0,0,0,0,0,0,2015-06-26 18:00,Property,14.62758814,121.047487,Side Swipe
None,EDSA,None,None,"No Accident Factor, Hit and Run (No Collision Stated), 0.0 drivers_injured, 0.0 drivers_killed, 0.0 passengers_injured, 0.0 passengers_killed, 0.0 pedestrian_injured, 0.0 pedestrian_killed, Fair (Day), EDSA Jam Liner Bus Terminal Quezon City",MMDA Road Safety Unit,,78bd58df-888f-439f-90a9-6ef886af3d3d,2015-06-26,08:45:00,"EDSA MRT-Santolan Station, Camp Aguinaldo Quezon City",0,0,0,0,0,0,0,0,0,0,2015-06-26 16:45,Property,14.63113373,121.0455992,No Collision Stated
None,EDSA,None,None,"No Accident Factor, No Collision Stated (based on Police Blotter Book), 0.0 drivers_injured, 0.0 drivers_killed, 0.0 passengers_injured, 0.0 passengers_killed, 0.0 pedestrian_injured, 0.0 pedestrian_killed, Fair (Day), EDSA ""U"" turn slot, Quezon Ave. Quezon City",MMDA Road Safety Unit,,3f41f53b-c378-48a9-b039-fc8b5f158c61,2015-06-26,06:30:00,EDSA P. Tuazon Blvd. Quezon City,0,0,0,0,0,0,0,0,0,0,2015-06-26 14:30,Property,14.64518409,121.0368843,No Collision Stated
None,EDSA,None,None,"No Accident Factor, Side Swipe, 0.0 drivers_injured, 0.0 drivers_killed, 0.0 passengers_injured, 0.0 passengers_killed, 0.0 pedestrian_injured, 0.0 pedestrian_killed, Fair (Day), EDSA East Ave. Quezon City",MMDA Road Safety Unit,,4f93be67-0116-46f3-b7dc-b5acb47914ba,2015-06-26,01:20:00,"EDSA Roosevelt Ave., Katipu Quezon City",0,0,0,0,0,0,0,0,0,0,2015-06-26 9:20,Property,14.6328297,121.0451176,Side Swipe
None,EDSA,None,None,"No Accident Factor, Side Swipe, 0.0 drivers_injured, 0.0 drivers_killed, 0.0 passengers_injured, 0.0 passengers_killed, 0.0 pedestrian_injured, 0.0 pedestrian_killed, Fair (Night), EDSA East Ave. Quezon City",MMDA Road Safety Unit,,ff05b276-ca69-4876-93b4-706610c66234,2015-06-25,13:35:00,EDSA Kamuning Road Quezon City,0,0,0,0,0,0,0,0,0,0,2015-06-25 21:35,Property,14.6328297,121.0451176,Side Swipe
None,EDSA,None,None,"No Accident Factor, Side Swipe, 0.0 drivers_injured, 0.0 drivers_killed, 0.0 passengers_injured, 0.0 passengers_killed, 0.0 pedestrian_injured, 0.0 pedestrian_killed, Fair (Day), EDSA Ortigas Ave. (Robinsons Galleria Entrance Parking Area) Quezon City",MMDA Road Safety Unit,,5ae0c24a-2d41-4a8c-9a17-7610dc7ae7d4,2015-06-25,09:30:00,"EDSA SM North (Annex), R. Magsaysay Quezon City",0,0,0,0,0,0,0,0,0,0,2015-06-25 17:30,Property,14.59275486,121.0584221,Side Swipe
None,EDSA,None,None,"No Accident Factor, Angle Impact, 1.0 drivers_injured, 0.0 drivers_killed, 0.0 passengers_injured, 0.0 passengers_killed, 0.0 pedestrian_injured, 0.0 pedestrian_killed, Fair (Day), EDSA Nepa Q-Mart, E. Rodriguez Sr.  Quezon City",MMDA Road Safety Unit,,c05afa3f-1060-419d-86bf-b0e20c89962f,2015-06-25,07:25:00,"EDSA Shell Gas Station, Pinyahan Quezon City",0,0,0,1,0,0,0,0,0,1,2015-06-25 15:25,Injury,14.62805361,121.0472521,Angle Impact
None,EDSA,None,None,"No Accident Factor, No Collision Stated (based on Police Blotter Book), 0.0 drivers_injured, 0.0 drivers_killed, 0.0 passengers_injured, 0.0 passengers_killed, 0.0 pedestrian_injured, 0.0 pedestrian_killed, Fair (Day), EDSA Oriental Market  Quezon City",MMDA Road Safety Unit,,dad0d069-47fd-458d-b031-56f552dd5151,2015-06-25,06:45:00,EDSA Cloverleaf Road Quezon City,0,0,0,0,0,0,0,0,0,0,2015-06-25 14:45,Property,14.65737026,121.0035995,No Collision Stated
None,EDSA,None,None,"No Accident Factor, Rear-end, 0.0 drivers_injured, 0.0 drivers_killed, 0.0 passengers_injured, 0.0 passengers_killed, 0.0 pedestrian_injured, 0.0 pedestrian_killed, Fair (Day), EDSA Waltermart Quezon City",MMDA Road Safety Unit,,b9398dc8-d875-4021-85bf-f4c1bbcfcfb4,2015-06-25,05:45:00,EDSA P. Bernardo St. Quezon City,0,0,0,0,0,0,0,0,0,0,2015-06-25 13:45,Property,14.6574558,121.0213579,Rear-End
None,EDSA,None,None,"No Accident Factor, Side Swipe, 1.0 drivers_injured, 0.0 drivers_killed, 0.0 passengers_injured, 0.0 passengers_killed, 0.0 pedestrian_injured, 0.0 pedestrian_killed, Fair (Day), EDSA ""U"" turn slot, Santolan, Socorro Quezon City",MMDA Road Safety Unit,,e4b6b6ff-f704-4a36-8d08-69f60c298d13,2015-06-25,03:45:00,EDSA Main Ave. Quezon City,0,0,0,1,0,0,0,0,0,1,2015-06-25 11:45,Injury,14.61042385,121.0553144,Side Swipe
None,EDSA,None,None,"No Accident Factor, Rear-end, 0.0 drivers_injured, 0.0 drivers_killed, 0.0 passengers_injured, 0.0 passengers_killed, 0.0 pedestrian_injured, 0.0 pedestrian_killed, Fair (Day), EDSA Robinsons Galleria, Ugong Norte Quezon City",MMDA Road Safety Unit,,97940b30-750c-4864-b6d0-bac54b06bd02,2015-06-25,03:20:00,EDSA Kamias Road Quezon City,0,0,0,0,0,0,0,0,0,0,2015-06-25 11:20,Property,14.59206941,121.058228,Rear-End
None,EDSA,None,None,"No Accident Factor, Side Swipe, 0.0 drivers_injured, 0.0 drivers_killed, 0.0 passengers_injured, 0.0 passengers_killed, 0.0 pedestrian_injured, 0.0 pedestrian_killed, Fair (Day), EDSA Main Ave. Quezon City",MMDA Road Safety Unit,,6947480c-17aa-4127-b92e-5a9b9f96694a,2015-06-25,03:00:00,EDSA P. Tuazon Blvd. Quezon City,0,0,0,0,0,0,0,0,0,0,2015-06-25 11:00,Property,14.61376458,121.0537933,Side Swipe
None,EDSA,None,None,"No Accident Factor, Side Swipe, 0.0 drivers_injured, 0.0 drivers_killed, 0.0 passengers_injured, 0.0 passengers_killed, 0.0 pedestrian_injured, 0.0 pedestrian_killed, Fair (Day), EDSA Balintawak Market Quezon City",MMDA Road Safety Unit,,4697af87-4a23-4fa8-b30c-ea325bc15c2a,2015-06-24,22:20:00,EDSA West Ave. Quezon City,0,0,0,0,0,0,0,0,0,0,2015-06-25 6:20,Property,14.65740947,121.0025737,Side Swipe
None,EDSA,None,None,"No Accident Factor, No Collision Stated (based on Police Blotter Book), 0.0 drivers_injured, 0.0 drivers_killed, 0.0 passengers_injured, 0.0 passengers_killed, 0.0 pedestrian_injured, 0.0 pedestrian_killed, Fair (Day), EDSA Kamias Road Quezon City",MMDA Road Safety Unit,,c978ec49-bcf1-4d6f-927a-8bde0b7b87c9,2015-06-24,09:25:00,EDSA Camp Aguinaldo (Gate 4) Quezon City,0,0,0,0,0,0,0,0,0,0,2015-06-24 17:25,Property,14.6309142,121.0459376,No Collision Stated
None,EDSA,None,None,"No Accident Factor, Rear-end, 0.0 drivers_injured, 0.0 drivers_killed, 0.0 passengers_injured, 0.0 passengers_killed, 0.0 pedestrian_injured, 0.0 pedestrian_killed, Fair (Day), EDSA Santolan MRT Station, Camp Aguinaldo Quezon City",MMDA Road Safety Unit,,9cc1d5dc-3f95-419a-a11b-1ab8364e9fe6,2015-06-24,08:40:00,"EDSA ""U"" turn slot, Bagong Pag-asa Quezon City",0,0,0,0,0,0,0,0,0,0,2015-06-24 16:40,Property,14.60773988,121.0564577,Rear-End
None,EDSA,None,None,"No Accident Factor, Rear-end, 0.0 drivers_injured, 0.0 drivers_killed, 0.0 passengers_injured, 0.0 passengers_killed, 0.0 pedestrian_injured, 0.0 pedestrian_killed, Fair (Day), EDSA Shell Gas Station A. Samson  Quezon City",MMDA Road Safety Unit,,cf12f7f5-5f16-4853-9794-4355bc9dcb4b,2015-06-24,07:55:00,EDSA Mapagmahal St. Quezon City,0,0,0,0,0,0,0,0,0,0,2015-06-24 15:55,Property,14.65761329,121.0076049,Rear-End
None,EDSA,None,None,"No Accident Factor, No Collision Stated (based on Police Blotter Book), 0.0 drivers_injured, 0.0 drivers_killed, 0.0 passengers_injured, 0.0 passengers_killed, 0.0 pedestrian_injured, 0.0 pedestrian_killed, Fair (Day), EDSA Misamis St. Quezon City",MMDA Road Safety Unit,,2d37faec-80ee-4b4f-bed7-bd547db18bda,2015-06-24,06:30:00,EDSA Timog Ave. Quezon City,0,0,0,0,0,0,0,0,0,0,2015-06-24 14:30,Property,14.65602348,121.0285212,No Collision Stated
None,EDSA,None,None,"No Accident Factor, Rear-end, 0.0 drivers_injured, 0.0 drivers_killed, 0.0 passengers_injured, 0.0 passengers_killed, 0.0 pedestrian_injured, 0.0 pedestrian_killed, Fair (Day), EDSA Balintawak Market Quezon City",MMDA Road Safety Unit,,c375691c-bd94-491b-b622-b50b7424b753,2015-06-24,02:30:00,EDSA R. Magsaysay Quezon City,0,0,0,0,0,0,0,0,0,0,2015-06-24 10:30,Property,14.65740947,121.0025737,Rear-End
None,EDSA,None,None,"No Accident Factor, No Collision Stated (based on Police Blotter Book), 1.0 drivers_injured, 0.0 drivers_killed, 0.0 passengers_injured, 0.0 passengers_killed, 0.0 pedestrian_injured, 0.0 pedestrian_killed, Fair (Night), EDSA Congressional Ave. Quezon City",MMDA Road Safety Unit,,d3d73740-d0c5-41a9-94ee-8061c9f51177,2015-06-23,13:10:00,EDSA NIA Road Quezon City,0,0,0,1,0,0,0,0,0,1,2015-06-23 21:10,Injury,14.6571804,120.9927185,No Collision Stated
None,EDSA,None,None,"No Accident Factor, No Collision Stated (based on Police Blotter Book), 0.0 drivers_injured, 0.0 drivers_killed, 0.0 passengers_injured, 0.0 passengers_killed, 0.0 pedestrian_injured, 0.0 pedestrian_killed, Fair (Night), EDSA Mindanao Ave. Exit Quezon City",MMDA Road Safety Unit,,7062c6ba-e753-4fea-af11-3216c042c103,2015-06-23,11:30:00,EDSA MRT-Santolan Station Quezon City,0,0,0,0,0,0,0,0,0,0,2015-06-23 19:30,Property,14.65052386,121.0335656,No Collision Stated
None,EDSA,None,None,"No Accident Factor, Side Swipe, 0.0 drivers_injured, 0.0 drivers_killed, 0.0 passengers_injured, 0.0 passengers_killed, 0.0 pedestrian_injured, 0.0 pedestrian_killed, Fair (Night), EDSA North Ave. Quezon City",MMDA Road Safety Unit,,dae30b6e-d3e9-4afa-8654-b9eea2042ad3,2015-06-23,10:30:00,EDSA Roosevelt Ave. Quezon City,0,0,0,0,0,0,0,0,0,0,2015-06-23 18:30,Property,14.65553839,121.0299647,Side Swipe
None,EDSA,None,None,"No Accident Factor, Side Swipe, 0.0 drivers_injured, 0.0 drivers_killed, 0.0 passengers_injured, 0.0 passengers_killed, 0.0 pedestrian_injured, 0.0 pedestrian_killed, Fair (Day), EDSA Ortigas Ave. (EDSA Shrine) Quezon City",MMDA Road Safety Unit,,606ed6a8-2774-448e-ae4e-72e1b79517b3,2015-06-23,05:45:00,EDSA Quezon Ave. Quezon City,0,0,0,0,0,0,0,0,0,0,2015-06-23 13:45,Property,14.59275486,121.0584221,Side Swipe
None,EDSA,None,None,"No Accident Factor, Side Swipe, 1.0 drivers_injured, 0.0 drivers_killed, 0.0 passengers_injured, 0.0 passengers_killed, 0.0 pedestrian_injured, 0.0 pedestrian_killed, Fair (Day), EDSA Gen. Roxas Ave. Quezon City",MMDA Road Safety Unit,,e2cdb0f7-769d-40bc-be12-34a0d22953b3,2015-06-23,01:45:00,EDSA North Road Quezon City,0,0,0,1,0,0,0,0,0,1,2015-06-23 9:45,Injury,14.62042254,121.0508064,Side Swipe
None,EDSA,None,None,"No Accident Factor, Rear-end, 0.0 drivers_injured, 0.0 drivers_killed, 0.0 passengers_injured, 0.0 passengers_killed, 0.0 pedestrian_injured, 0.0 pedestrian_killed, Fair (Day), EDSA P. Tuazon Blvd. Quezon City",MMDA Road Safety Unit,,2f8293e3-1452-4263-aaab-d88de8373784,2015-06-23,00:45:00,EDSA Mindanao Ave. Ext. Quezon City,0,0,0,0,0,0,0,0,0,0,2015-06-23 8:45,Property,14.61656342,121.0525225,Rear-End
None,EDSA,None,None,"No Accident Factor, Rear-end, 0.0 drivers_injured, 0.0 drivers_killed, 0.0 passengers_injured, 0.0 passengers_killed, 0.0 pedestrian_injured, 0.0 pedestrian_killed, Fair (Night), EDSA Col. Bonny Serrano Ave. Quezon City",MMDA Road Safety Unit,,76cd4dfe-7fde-4ff5-bacd-3143cbef73b1,2015-06-22,14:00:00,EDSA Roosevelt Ave. Quezon City,0,0,0,0,0,0,0,0,0,0,2015-06-22 22:00,Property,14.61107337,121.0550705,Rear-End
None,EDSA,None,None,"No Accident Factor, No Collision Stated (based on Police Blotter Book), 0.0 drivers_injured, 0.0 drivers_killed, 0.0 passengers_injured, 0.0 passengers_killed, 0.0 pedestrian_injured, 0.0 pedestrian_killed, Fair (Night), EDSA ""U"" turn slot, Mapagmahal St. Quezon City",MMDA Road Safety Unit,,87b30261-3841-495a-8b79-154f90c8dcab,2015-06-22,12:05:00,EDSA Oliveros St.  Quezon City,0,0,0,0,0,0,0,0,0,0,2015-06-22 20:05,Property,14.63181406,121.0454504,No Collision Stated
None,EDSA,None,None,"No Accident Factor, No Collision Stated (based on Police Blotter Book), 0.0 drivers_injured, 0.0 drivers_killed, 0.0 passengers_injured, 0.0 passengers_killed, 0.0 pedestrian_injured, 0.0 pedestrian_killed, Fair (Night), EDSA Kamuning Road Quezon City",MMDA Road Safety Unit,,b788d752-1b7d-499f-91f6-996addefaf24,2015-06-22,10:20:00,EDSA P. Tuazon Blvd. Quezon City,0,0,0,0,0,0,0,0,0,0,2015-06-22 18:20,Property,14.63075725,121.0457548,No Collision Stated
None,EDSA,None,None,"No Accident Factor, Rear-end, 0.0 drivers_injured, 0.0 drivers_killed, 0.0 passengers_injured, 0.0 passengers_killed, 0.0 pedestrian_injured, 0.0 pedestrian_killed, Fair (Day), EDSA Whiteplains Ave. Quezon City",MMDA Road Safety Unit,,a61fa2fa-c42a-4cd9-a7ee-5c49fbcea430,2015-06-22,09:00:00,EDSA Kamuning Road Quezon City,0,0,0,0,0,0,0,0,0,0,2015-06-22 17:00,Property,14.59961782,121.0596522,Rear-End