LOCATION_TEXT,ROAD,WEATHER,LIGHT,DESC,REPORTING_AGENCY,MAIN_CAUSE,INCIDENTDETAILS_ID,DATE_UTC,TIME_UTC,ADDRESS,killed_driver,killed_passenger,killed_pedestrian,injured_driver,injured_passenger,injured_pedestrian,killed_uncategorized,injured_uncategorized,killed_total,injured_total,DATETIME_PST,SEVERITY,Y,X,COLLISION_TYPE
None,EDSA,None,None,"No Accident Factor, Side Swipe, 0.0 drivers_injured, 0.0 drivers_killed, 0.0 passengers_injured, 0.0 passengers_killed, 0.0 pedestrian_injured, 0.0 pedestrian_killed, Fair (Day), EDSA Farmers Plaza Quezon City",MMDA Road Safety Unit,,c2e4bf8a-deef-4811-b5c8-85ad727882de,2015-06-22,08:45:00,"EDSA Oliveros St., A. Samson Quezon City",0,0,0,0,0,0,0,0,0,0,2015-06-22 16:45,Property,14.61920525,121.0513476,Side Swipe
None,EDSA,None,None,"No Accident Factor, No Collision Stated (based on Police Blotter Book), 0.0 drivers_injured, 0.0 drivers_killed, 0.0 passengers_injured, 0.0 passengers_killed, 0.0 pedestrian_injured, 0.0 pedestrian_killed, Fair (Day), EDSA Col. Bonny Serrano Ave. Quezon City",MMDA Road Safety Unit,,11676300-b35e-4375-98a7-f4aa1c87b690,2015-06-22,06:15:00,"EDSA Robinson's Galleria, Ugong Norte Quezon City",0,0,0,0,0,0,0,0,0,0,2015-06-22 14:15,Property,14.61107337,121.0550705,No Collision Stated
None,EDSA,None,None,"No Accident Factor, No Collision Stated (based on Police Blotter Book), 0.0 drivers_injured, 0.0 drivers_killed, 0.0 passengers_injured, 0.0 passengers_killed, 0.0 pedestrian_injured, 0.0 pedestrian_killed, Fair (Day), EDSA ""U"" turn slot, R. Magsaysay Quezon City",MMDA Road Safety Unit,,8bdb1d70-7d4d-4970-9148-5056335408bc,2015-06-22,03:00:00,EDSA Oriental Market  Quezon City,0,0,0,0,0,0,0,0,0,0,2015-06-22 11:00,Property,14.65655357,121.0260701,No Collision Stated
None,EDSA,None,None,"No Accident Factor, Rear-end, 0.0 drivers_injured, 0.0 drivers_killed, 0.0 passengers_injured, 0.0 passengers_killed, 0.0 pedestrian_injured, 0.0 pedestrian_killed, Fair (Day), EDSA Timog Ave. Quezon City",MMDA Road Safety Unit,,797b666d-2f24-4a57-9939-9c1c79f57a7d,2015-06-22,01:50:00,EDSA Gen. McArthur Ave. Quezon City,0,0,0,0,0,0,0,0,0,0,2015-06-22 9:50,Property,14.63293559,121.0446304,Rear-End
None,EDSA,None,None,"No Accident Factor, No Collision Stated (based on Police Blotter Book), 0.0 drivers_injured, 0.0 drivers_killed, 0.0 passengers_injured, 0.0 passengers_killed, 0.0 pedestrian_injured, 0.0 pedestrian_killed, Fair (Day), EDSA Cloverleaf Road Quezon City",MMDA Road Safety Unit,,1b205d0c-7cd3-40b6-afdf-a4c4b7623af9,2015-06-22,00:00:00,EDSA Quezon Ave. Quezon City,0,0,0,0,0,0,0,0,0,0,2015-06-22 8:00,Property,14.65747901,121.0011914,No Collision Stated
None,EDSA,None,None,"No Accident Factor, No Collision Stated (based on Police Blotter Book), 0.0 drivers_injured, 0.0 drivers_killed, 0.0 passengers_injured, 0.0 passengers_killed, 0.0 pedestrian_injured, 0.0 pedestrian_killed, Fair (Day), EDSA Cloverleaf Road Quezon City",MMDA Road Safety Unit,,bbc1d289-bc0b-419e-abe9-87afdf6f2bed,2015-06-21,22:10:00,"EDSA Waltermart, Katipu Quezon City",0,0,0,0,0,0,0,0,0,0,2015-06-22 6:10,Property,14.65747901,121.0011914,No Collision Stated
None,EDSA,None,None,"No Accident Factor, Side Swipe, 0.0 drivers_injured, 0.0 drivers_killed, 0.0 passengers_injured, 0.0 passengers_killed, 0.0 pedestrian_injured, 0.0 pedestrian_killed, Fair (Day), EDSA A. Samson Quezon City",MMDA Road Safety Unit,,19136c7b-fb45-46b9-8760-41c49a7ffa04,2015-06-21,09:00:00,EDSA Cloverleaf Road Quezon City,0,0,0,0,0,0,0,0,0,0,2015-06-21 17:00,Property,14.65731173,121.0011071,Side Swipe
None,EDSA,None,None,"No Accident Factor, Hit and Run (No Collision Stated), 0.0 drivers_injured, 0.0 drivers_killed, 0.0 passengers_injured, 0.0 passengers_killed, 0.0 pedestrian_injured, 0.0 pedestrian_killed, Fair (Day), EDSA Five Star Bus Terminal, Cubao  Quezon City",MMDA Road Safety Unit,,7e2983f2-c071-4915-8f78-9b94696631df,2015-06-21,09:00:00,EDSA P. Tuazon Blvd. Quezon City,0,0,0,0,0,0,0,0,0,0,2015-06-21 17:00,Property,14.62375691,121.0492447,No Collision Stated
None,EDSA,None,None,"No Accident Factor, No Collision Stated (based on Police Blotter Book), 0.0 drivers_injured, 0.0 drivers_killed, 0.0 passengers_injured, 0.0 passengers_killed, 0.0 pedestrian_injured, 0.0 pedestrian_killed, Fair (Night), EDSA Trinoma Mall, Pag-Asa Quezon City",MMDA Road Safety Unit,,cc5812a2-307d-4a5e-a9fe-a8d913c4be05,2015-06-20,16:00:00,EDSA Banahaw St. Quezon City,0,0,0,0,0,0,0,0,0,0,2015-06-21,Property,14.65242607,121.0323133,No Collision Stated
None,EDSA,None,None,"No Accident Factor, Side Swipe, 0.0 drivers_injured, 0.0 drivers_killed, 0.0 passengers_injured, 0.0 passengers_killed, 0.0 pedestrian_injured, 0.0 pedestrian_killed, Fair (Night), EDSA Col. Bonny Serrano Ave. Quezon City",MMDA Road Safety Unit,,bb079a62-5112-45db-8008-2587e09bc422,2015-06-20,12:45:00,EDSA Camp Aguinaldo (Gate 3) Quezon City,0,0,0,0,0,0,0,0,0,0,2015-06-20 20:45,Property,14.61107337,121.0550705,Side Swipe
None,EDSA,None,None,"No Accident Factor, Rear-end, 0.0 drivers_injured, 0.0 drivers_killed, 0.0 passengers_injured, 0.0 passengers_killed, 0.0 pedestrian_injured, 0.0 pedestrian_killed, Fair (Day), EDSA Main Ave. Quezon City",MMDA Road Safety Unit,,29156c9e-ae91-4377-9c6d-67787cc53305,2015-06-20,09:30:00,"EDSA Argo Bldg. Driveway, P. Tuazon Blvd. Quezon City",0,0,0,0,0,0,0,0,0,0,2015-06-20 17:30,Property,14.61376458,121.0537933,Rear-End
None,EDSA,None,None,"No Accident Factor, No Collision Stated (based on Police Blotter Book), 0.0 drivers_injured, 0.0 drivers_killed, 0.0 passengers_injured, 0.0 passengers_killed, 0.0 pedestrian_injured, 0.0 pedestrian_killed, Fair (Day), EDSA ""U"" turn slot, South Triangle Quezon City",MMDA Road Safety Unit,,b691e757-fa97-4a3d-9d93-7df73ff6ac56,2015-06-20,09:10:00,EDSA Col. Bonny Serrano Ave. Quezon City,0,0,0,0,0,0,0,0,0,0,2015-06-20 17:10,Property,14.64343861,121.0380123,Angle Impact
None,EDSA,None,None,"No Accident Factor, Rear-end, 0.0 drivers_injured, 0.0 drivers_killed, 0.0 passengers_injured, 0.0 passengers_killed, 0.0 pedestrian_injured, 0.0 pedestrian_killed, Fair (Day), EDSA Five Star Bus Terminal, Cubao  Quezon City",MMDA Road Safety Unit,,ac9ac023-df90-4be3-a1b2-6a9a8b86e9c8,2015-06-20,07:40:00,EDSA Gen. Roxas Ave. Quezon City,0,0,0,0,0,0,0,0,0,0,2015-06-20 15:40,Property,14.62375691,121.0492447,Rear-End
None,EDSA,None,None,"No Accident Factor, Side Swipe, 0.0 drivers_injured, 0.0 drivers_killed, 0.0 passengers_injured, 0.0 passengers_killed, 0.0 pedestrian_injured, 0.0 pedestrian_killed, Fair (Day), EDSA Aurora Blvd. Quezon City",MMDA Road Safety Unit,,5df3f55c-4b81-4401-86ab-f301e26108b0,2015-06-20,07:30:00,EDSA Gen. Roxas Ave. Quezon City,0,0,0,0,0,0,0,0,0,0,2015-06-20 15:30,Property,14.62163653,121.0501573,Side Swipe
None,EDSA,None,None,"No Accident Factor, No Collision Stated (based on Police Blotter Book), 0.0 drivers_injured, 0.0 drivers_killed, 0.0 passengers_injured, 0.0 passengers_killed, 0.0 pedestrian_injured, 0.0 pedestrian_killed, Fair (Day), EDSA Kamuning Road Quezon City",MMDA Road Safety Unit,,7ad04d27-aa52-4f5a-91ca-9e436237216e,2015-06-20,06:15:00,"EDSA ""U"" turn slot, Bungad Quezon City",0,0,0,0,0,0,0,0,0,0,2015-06-20 14:15,Property,14.63075725,121.0457548,No Collision Stated
None,EDSA,None,None,"No Accident Factor, Rear-end, 0.0 drivers_injured, 0.0 drivers_killed, 0.0 passengers_injured, 0.0 passengers_killed, 0.0 pedestrian_injured, 0.0 pedestrian_killed, Fair (Day), EDSA Bansalangin St. Quezon City",MMDA Road Safety Unit,,b2d9933e-5e40-41b8-985b-775ee3e5d04a,2015-06-20,06:00:00,EDSA Congressional Ave. Quezon City,0,0,0,0,0,0,0,0,0,0,2015-06-20 14:00,Property,14.6567996,121.0241845,Rear-End
None,EDSA,None,None,"No Accident Factor, No Collision Stated (based on Police Blotter Book), 0.0 drivers_injured, 0.0 drivers_killed, 0.0 passengers_injured, 0.0 passengers_killed, 0.0 pedestrian_injured, 0.0 pedestrian_killed, Fair (Day), EDSA Cloverleaf Road Quezon City",MMDA Road Safety Unit,,6816b540-6f7a-4055-8534-735858857eba,2015-06-20,01:40:00,"EDSA ""U"" turn slot, Santolan, Socorro Quezon City",0,0,0,0,0,0,0,0,0,0,2015-06-20 9:40,Property,14.65747901,121.0011914,No Collision Stated
None,EDSA,None,None,"No Accident Factor, No Collision Stated (based on Police Blotter Book), 0.0 drivers_injured, 0.0 drivers_killed, 0.0 passengers_injured, 0.0 passengers_killed, 0.0 pedestrian_injured, 0.0 pedestrian_killed, Fair (Day), EDSA Quezon Ave., West Triangle Quezon City",MMDA Road Safety Unit,,604e8879-9e5a-40bd-9944-a661d53dc507,2015-06-19,23:00:00,EDSA West Ave. Quezon City,0,0,0,0,0,0,0,0,0,0,2015-06-20 7:00,Property,14.6442444,121.0375839,Angle Impact
None,EDSA,None,None,"No Accident Factor, Rear-end, 0.0 drivers_injured, 0.0 drivers_killed, 0.0 passengers_injured, 0.0 passengers_killed, 0.0 pedestrian_injured, 0.0 pedestrian_killed, Fair (Night), EDSA Balintawak Market Quezon City",MMDA Road Safety Unit,,3819b37f-eab0-4574-917c-2ac406d17c10,2015-06-19,21:30:00,EDSA Main Ave. Quezon City,0,0,0,0,0,0,0,0,0,0,2015-06-20 5:30,Property,14.65740947,121.0025737,Rear-End
None,EDSA,None,None,"No Accident Factor, No Collision Stated (based on Police Blotter Book), 0.0 drivers_injured, 0.0 drivers_killed, 0.0 passengers_injured, 0.0 passengers_killed, 0.0 pedestrian_injured, 0.0 pedestrian_killed, Fair (Night), EDSA Mindanao Ave. Ext. Quezon City",MMDA Road Safety Unit,,6a619dd0-7527-4f32-ac17-ceeb8282b9b7,2015-06-19,19:30:00,EDSA Timog Ave. Quezon City,0,0,0,0,0,0,0,0,0,0,2015-06-20 3:30,Property,14.65052386,121.0335656,No Collision Stated
None,EDSA,None,None,"No Accident Factor, Side Swipe, 0.0 drivers_injured, 0.0 drivers_killed, 0.0 passengers_injured, 0.0 passengers_killed, 0.0 pedestrian_injured, 0.0 pedestrian_killed, Fair (Night), EDSA Bansalangin St. Quezon City",MMDA Road Safety Unit,,fafef594-d684-4f3b-95d7-da68c0e718de,2015-06-19,18:00:00,EDSA East Ave. Quezon City,0,0,0,0,0,0,0,0,0,0,2015-06-20 2:00,Property,14.6567996,121.0241845,Side Swipe
None,EDSA,None,None,"No Accident Factor, Side Swipe, 0.0 drivers_injured, 0.0 drivers_killed, 0.0 passengers_injured, 0.0 passengers_killed, 0.0 pedestrian_injured, 0.0 pedestrian_killed, Fair (Day), EDSA East Ave. Quezon City",MMDA Road Safety Unit,,02a26a78-de28-4b2d-a9d7-5ad79a1676aa,2015-06-19,09:50:00,EDSA P. Tuazon Blvd. Quezon City,0,0,0,0,0,0,0,0,0,0,2015-06-19 17:50,Property,14.6328297,121.0451176,Side Swipe
None,EDSA,None,None,"No Accident Factor, Multiple Collision, 0.0 drivers_injured, 0.0 drivers_killed, 0.0 passengers_injured, 0.0 passengers_killed, 0.0 pedestrian_injured, 0.0 pedestrian_killed, Fair (Day), EDSA Whiteplains Drive, Ugong Norte Quezon City",MMDA Road Safety Unit,,8f316590-4bdf-4c64-9df4-41195e749b27,2015-06-19,06:20:00,EDSA Bulacan St. Quezon City,0,0,0,0,0,0,0,0,0,0,2015-06-19 14:20,Property,14.59961782,121.0596522,Multiple
None,EDSA,None,None,"No Accident Factor, Side Swipe, 1.0 drivers_injured, 0.0 drivers_killed, 0.0 passengers_injured, 0.0 passengers_killed, 0.0 pedestrian_injured, 0.0 pedestrian_killed, Fair (Day), EDSA Oriental Market Quezon City",MMDA Road Safety Unit,,30e03d67-9b66-4eed-b76a-537436bd9965,2015-06-19,04:20:00,"EDSA Robinson's Galleria, Ortigas Ave., Ugong Norte Quezon City",0,0,0,1,0,0,0,0,0,1,2015-06-19 12:20,Injury,14.65737026,121.0035995,Side Swipe
None,EDSA,None,None,"No Accident Factor, No Collision Stated (based on Police Blotter Book), 0.0 drivers_injured, 0.0 drivers_killed, 0.0 passengers_injured, 0.0 passengers_killed, 0.0 pedestrian_injured, 0.0 pedestrian_killed, Fair (Day), EDSA Kamuning Road Quezon City",MMDA Road Safety Unit,,422a14dc-e548-4058-a03e-830c55a8b955,2015-06-19,04:00:00,"EDSA Trinoma Mall, Bagong Pag-asa Quezon City",0,0,0,0,0,0,0,0,0,0,2015-06-19 12:00,Property,14.63075725,121.0457548,No Collision Stated
None,EDSA,None,None,"No Accident Factor, Rear-end, 1.0 drivers_injured, 0.0 drivers_killed, 0.0 passengers_injured, 0.0 passengers_killed, 0.0 pedestrian_injured, 0.0 pedestrian_killed, Fair (Day), EDSA P. Tuazon Blvd. Quezon City",MMDA Road Safety Unit,,8ffb33c3-f1fd-4c0c-9320-ff0f70fcae73,2015-06-19,03:40:00,EDSA Kamuning Road Quezon City,0,0,0,1,0,0,0,0,0,1,2015-06-19 11:40,Injury,14.61656342,121.0525225,Rear-End
None,EDSA,None,None,"No Accident Factor, Side Swipe, 0.0 drivers_injured, 0.0 drivers_killed, 0.0 passengers_injured, 0.0 passengers_killed, 0.0 pedestrian_injured, 0.0 pedestrian_killed, Fair (Day), EDSA Royal Quezon City",MMDA Road Safety Unit,,99a1e143-9616-4729-a158-fb59860e0dd3,2015-06-19,03:30:00,EDSA Aurora Blvd. Quezon City,0,0,0,0,0,0,0,0,0,0,2015-06-19 11:30,Property,14.65767141,121.0107008,Side Swipe
None,EDSA,None,None,"No Accident Factor, Side Swipe, 0.0 drivers_injured, 0.0 drivers_killed, 0.0 passengers_injured, 0.0 passengers_killed, 0.0 pedestrian_injured, 0.0 pedestrian_killed, Fair (Night), EDSA West Ave. Quezon City",MMDA Road Safety Unit,,eb46a9f4-88e9-4118-8563-abbcf98232e3,2015-06-18,10:30:00,EDSA Baliwag Liner Bus Terminal Quezon City,0,0,0,0,0,0,0,0,0,0,2015-06-18 18:30,Property,14.65548924,121.0298079,Side Swipe
None,EDSA,None,None,"No Accident Factor, No Collision Stated (based on Police Blotter Book), 0.0 drivers_injured, 0.0 drivers_killed, 0.0 passengers_injured, 0.0 passengers_killed, 0.0 pedestrian_injured, 0.0 pedestrian_killed, Fair (Day), EDSA Camp Crame Quezon City",MMDA Road Safety Unit,,ef5d1255-9fc3-4408-8189-86423dcf9de5,2015-06-18,01:50:00,EDSA Kamuning Road Quezon City,0,0,0,0,0,0,0,0,0,0,2015-06-18 9:50,Property,14.60923788,121.0557422,No Collision Stated
None,EDSA,None,None,"No Accident Factor, No Collision Stated (based on Police Blotter Book), 0.0 drivers_injured, 0.0 drivers_killed, 0.0 passengers_injured, 0.0 passengers_killed, 0.0 pedestrian_injured, 0.0 pedestrian_killed, Fair (Day), EDSA Aurora Blvd. Quezon City",MMDA Road Safety Unit,,6e661411-3e06-4739-a11a-d2ebfb54bdee,2015-06-17,22:40:00,EDSA Cloverleaf Road Quezon City,0,0,0,0,0,0,0,0,0,0,2015-06-18 6:40,Property,14.62163653,121.0501573,No Collision Stated
None,EDSA,None,None,"No Accident Factor, Side Swipe, 0.0 drivers_injured, 0.0 drivers_killed, 0.0 passengers_injured, 0.0 passengers_killed, 0.0 pedestrian_injured, 0.0 pedestrian_killed, Fair (Day), EDSA Camp Aguinaldo Quezon City",MMDA Road Safety Unit,,fe751748-c6ff-4402-bc49-b705010efbbb,2015-06-17,22:40:00,EDSA MRT-Santolan Station Quezon City,0,0,0,0,0,0,0,0,0,0,2015-06-18 6:40,Property,14.60818699,121.0564562,Side Swipe
None,EDSA,None,None,"No Accident Factor, No Collision Stated (based on Police Blotter Book), 0.0 drivers_injured, 0.0 drivers_killed, 2.0 passengers_injured, 0.0 passengers_killed, 0.0 pedestrian_injured, 0.0 pedestrian_killed, Fair (Day), EDSA Ermin Garcia St. Quezon City",MMDA Road Safety Unit,,8e8fbff4-e2e7-4baa-ac92-d1dab5f28fe1,2015-06-17,04:30:00,"EDSA Five Star Bus Terminal, E. Rodriguez Quezon City",0,0,0,0,2,0,0,0,0,2,2015-06-17 12:30,Injury,14.62758814,121.047487,No Collision Stated
None,EDSA,None,None,"No Accident Factor, No Collision Stated (based on Police Blotter Book), 0.0 drivers_injured, 0.0 drivers_killed, 0.0 passengers_injured, 0.0 passengers_killed, 0.0 pedestrian_injured, 0.0 pedestrian_killed, Fair (Day), EDSA Banahaw St. Quezon City",MMDA Road Safety Unit,,9c9cfbc0-b0ee-44c8-a0d5-3a268352e8ef,2015-06-17,00:30:00,EDSA Roosevelt Ave. Quezon City,0,0,0,0,0,0,0,0,0,0,2015-06-17 8:30,Property,14.61797303,121.0516572,No Collision Stated
None,EDSA,None,None,"No Accident Factor, Side Swipe, 0.0 drivers_injured, 0.0 drivers_killed, 0.0 passengers_injured, 0.0 passengers_killed, 0.0 pedestrian_injured, 0.0 pedestrian_killed, Fair (Night), EDSA East Ave. Quezon City",MMDA Road Safety Unit,,017dadce-3a72-4497-acf1-637c13c9ebfa,2015-06-16,16:45:00,EDSA Oliveros St. Quezon City,0,0,0,0,0,0,0,0,0,0,2015-06-17 0:45,Property,14.6328297,121.0451176,Side Swipe
None,EDSA,None,None,"No Accident Factor, Angle Impact, 0.0 drivers_injured, 0.0 drivers_killed, 0.0 passengers_injured, 0.0 passengers_killed, 0.0 pedestrian_injured, 0.0 pedestrian_killed, Fair (Day), EDSA Robinson's Galleria Exit Driveway Exit, Ugong Norte Quezon City",MMDA Road Safety Unit,,741d20dd-7ed0-4a02-a2ec-cc6bacfbce9d,2015-06-15,22:30:00,EDSA Panay Ave. Quezon City,0,0,0,0,0,0,0,0,0,0,2015-06-16 6:30,Property,14.59226131,121.0583025,Angle Impact
None,EDSA,None,None,"No Accident Factor, Side Swipe, 0.0 drivers_injured, 0.0 drivers_killed, 0.0 passengers_injured, 0.0 passengers_killed, 0.0 pedestrian_injured, 0.0 pedestrian_killed, Fair (Night), EDSA MRT-Santolan Station, Camp Aguinaldo Quezon City",MMDA Road Safety Unit,,febc38a6-02f5-45ed-8c17-d4d1a3793b05,2015-06-15,12:15:00,EDSA Aurora Blvd. Quezon City,0,0,0,0,0,0,0,0,0,0,2015-06-15 20:15,Property,14.60772541,121.056443,Side Swipe
None,EDSA,None,None,"No Accident Factor, Rear-end, 0.0 drivers_injured, 0.0 drivers_killed, 0.0 passengers_injured, 0.0 passengers_killed, 0.0 pedestrian_injured, 0.0 pedestrian_killed, Fair (Night), EDSA Main Ave. Quezon City",MMDA Road Safety Unit,,4beb6871-a82e-4212-84d8-fc2fb1eec8de,2015-06-15,11:35:00,"EDSA MRT-GMA Station, Pinyahan Quezon City",0,0,0,0,0,0,0,0,0,0,2015-06-15 19:35,Property,14.61376458,121.0537933,Rear-End
None,EDSA,None,None,"No Accident Factor, No Collision Stated (based on Police Blotter Book), 0.0 drivers_injured, 0.0 drivers_killed, 0.0 passengers_injured, 0.0 passengers_killed, 0.0 pedestrian_injured, 0.0 pedestrian_killed, Fair (Night), EDSA SM Mall North Quezon City",MMDA Road Safety Unit,,ef25aaca-3400-4e05-a497-deb12c2d6ae9,2015-06-15,10:30:00,EDSA Monte De Piedad St. Quezon City,0,0,0,0,0,0,0,0,0,0,2015-06-15 18:30,Property,14.65580781,121.0293115,No Collision Stated
None,EDSA,None,None,"No Accident Factor, No Collision Stated (based on Police Blotter Book), 0.0 drivers_injured, 0.0 drivers_killed, 0.0 passengers_injured, 0.0 passengers_killed, 0.0 pedestrian_injured, 0.0 pedestrian_killed, Fair (Night), EDSA Kamuning Road Quezon City",MMDA Road Safety Unit,,8fb86ccb-8622-489f-9769-a96c5da74ae8,2015-06-15,10:05:00,"EDSA Genesis Bus Terminal, New York St., E. Rodriguez Quezon City",0,0,0,0,0,0,0,0,0,0,2015-06-15 18:05,Property,14.63075725,121.0457548,No Collision Stated
None,EDSA,None,None,"No Accident Factor, Rear-end, 0.0 drivers_injured, 0.0 drivers_killed, 0.0 passengers_injured, 0.0 passengers_killed, 0.0 pedestrian_injured, 0.0 pedestrian_killed, Fair (Day), EDSA ""U"" turn slot, Oliveros Drive Quezon City",MMDA Road Safety Unit,,2d3926e4-419a-4663-b065-1c9258160a38,2015-06-15,08:10:00,"EDSA ""U"" turn slot, Katipu Quezon City",0,0,0,0,0,0,0,0,0,0,2015-06-15 16:10,Property,14.6575006,121.0075921,Rear-End
None,EDSA,None,None,"No Accident Factor, Rear-end, 0.0 drivers_injured, 0.0 drivers_killed, 0.0 passengers_injured, 0.0 passengers_killed, 0.0 pedestrian_injured, 0.0 pedestrian_killed, Fair (Day), EDSA Main Ave. Quezon City",MMDA Road Safety Unit,,372a4601-d180-4344-9435-f2925bbb6448,2015-06-15,00:50:00,EDSA Camp Aguinaldo (Gate 4) Quezon City,0,0,0,0,0,0,0,0,0,0,2015-06-15 8:50,Property,14.61376458,121.0537933,Rear-End
None,EDSA,None,None,"No Accident Factor, Side Swipe, 0.0 drivers_injured, 0.0 drivers_killed, 0.0 passengers_injured, 0.0 passengers_killed, 0.0 pedestrian_injured, 0.0 pedestrian_killed, Fair (Day), EDSA Cloverleaf Road Quezon City",MMDA Road Safety Unit,,dff32647-5bed-4a62-9898-a695de9df026,2015-06-15,00:30:00,EDSA Ortigas Ave. Quezon City,0,0,0,0,0,0,0,0,0,0,2015-06-15 8:30,Property,14.65747901,121.0011914,Side Swipe
None,EDSA,None,None,"No Accident Factor, Side Swipe, 0.0 drivers_injured, 0.0 drivers_killed, 0.0 passengers_injured, 0.0 passengers_killed, 0.0 pedestrian_injured, 0.0 pedestrian_killed, Fair (Day), EDSA Cloverleaf Road Quezon City",MMDA Road Safety Unit,,b707ea06-fc94-4ef2-837e-65de76b9345b,2015-06-15,00:30:00,EDSA Roosevelt Ave. Quezon City,0,0,0,0,0,0,0,0,0,0,2015-06-15 8:30,Property,14.65747901,121.0011914,Side Swipe
None,EDSA,None,None,"No Accident Factor, No Collision Stated (based on Police Blotter Book), 0.0 drivers_injured, 0.0 drivers_killed, 0.0 passengers_injured, 0.0 passengers_killed, 0.0 pedestrian_injured, 0.0 pedestrian_killed, Fair (Night), EDSA Mindanao Ave. Ext. Quezon City",MMDA Road Safety Unit,,767a951c-373e-4081-9052-09840305075b,2015-06-13,06:45:00,"EDSA ""U"" turn slot, R. Magsaysay Quezon City",0,0,0,0,0,0,0,0,0,0,2015-06-13 14:45,Property,14.65052386,121.0335656,No Collision Stated
None,EDSA,None,None,"No Accident Factor, No Collision Stated (based on Police Blotter Book), 0.0 drivers_injured, 0.0 drivers_killed, 0.0 passengers_injured, 0.0 passengers_killed, 0.0 pedestrian_injured, 0.0 pedestrian_killed, Fair (Night), EDSA ""U"" turn slot, Quezon Ave. Quezon City",MMDA Road Safety Unit,,669b9a8f-1328-4534-9a9a-9b5858dee732,2015-06-13,06:30:00,EDSA Olivares St. Quezon City,0,0,0,0,0,0,0,0,0,0,2015-06-13 14:30,Property,14.64518409,121.0368843,No Collision Stated
None,EDSA,None,None,"No Accident Factor, Side Swipe, 0.0 drivers_injured, 0.0 drivers_killed, 0.0 passengers_injured, 0.0 passengers_killed, 0.0 pedestrian_injured, 0.0 pedestrian_killed, Fair (Day), EDSA Robinson's Galleria, Ugong Norte Quezon City",MMDA Road Safety Unit,,770bdc1a-dfb3-4dfc-8437-36c17887ccac,2015-06-13,06:30:00,EDSA Kamuning Road Quezon City,0,0,0,0,0,0,0,0,0,0,2015-06-13 14:30,Property,14.59226131,121.0583025,Side Swipe
None,EDSA,None,None,"No Accident Factor, Side Swipe, 0.0 drivers_injured, 0.0 drivers_killed, 0.0 passengers_injured, 0.0 passengers_killed, 0.0 pedestrian_injured, 0.0 pedestrian_killed, Fair (Day), EDSA Col. Bonny Serrano Ave. Quezon City",MMDA Road Safety Unit,,f8dbbff2-ee6b-48a6-a3c3-f38b8bef8e9e,2015-06-13,01:15:00,EDSA West Ave. Quezon City,0,0,0,0,0,0,0,0,0,0,2015-06-13 9:15,Property,14.61107337,121.0550705,Side Swipe
None,EDSA,None,None,"No Accident Factor, No Collision Stated (based on Police Blotter Book), 0.0 drivers_injured, 0.0 drivers_killed, 0.0 passengers_injured, 0.0 passengers_killed, 0.0 pedestrian_injured, 0.0 pedestrian_killed, Fair (Night), EDSA Monte De Piedad St. Quezon City",MMDA Road Safety Unit,,c2af4934-77da-44a1-a931-ca06bf6f12cf,2015-06-12,17:00:00,EDSA Col. Bonny Serrano Ave. Quezon City,0,0,0,0,0,0,0,0,0,0,2015-06-13 1:00,Property,14.62346937,121.0491711,No Collision Stated
None,EDSA,None,None,"No Accident Factor, No Collision Stated (based on Police Blotter Book), 0.0 drivers_injured, 0.0 drivers_killed, 0.0 passengers_injured, 0.0 passengers_killed, 0.0 pedestrian_injured, 0.0 pedestrian_killed, Fair (Night), EDSA Quezon Ave. Quezon City",MMDA Road Safety Unit,,e4d88809-36e3-47ba-9912-29aeb9e4fd54,2015-06-12,13:45:00,"EDSA Farmers Market, Socorro Quezon City",0,0,0,0,0,0,0,0,0,0,2015-06-12 21:45,Property,14.6442444,121.0375839,No Collision Stated
None,EDSA,None,None,"No Accident Factor, Side Swipe, 0.0 drivers_injured, 0.0 drivers_killed, 0.0 passengers_injured, 0.0 passengers_killed, 0.0 pedestrian_injured, 0.0 pedestrian_killed, Fair (Night), EDSA Monte De Piedad St. Quezon City",MMDA Road Safety Unit,,216cdec0-6ae6-4b20-9e92-32825bd76881,2015-06-12,11:15:00,EDSA New York St. Quezon City,0,0,0,0,0,0,0,0,0,0,2015-06-12 19:15,Property,14.62346937,121.0491711,Side Swipe
None,EDSA,None,None,"No Accident Factor, Side Swipe, 0.0 drivers_injured, 0.0 drivers_killed, 0.0 passengers_injured, 0.0 passengers_killed, 0.0 pedestrian_injured, 0.0 pedestrian_killed, Fair (Night), EDSA Roosevelt Ave. Quezon City",MMDA Road Safety Unit,,dc1cd65c-b7e9-41fc-b4de-41f2df040450,2015-06-12,11:10:00,"EDSA ""U"" turn slot, R. Magsaysay Quezon City",0,0,0,0,0,0,0,0,0,0,2015-06-12 19:10,Property,14.65762047,121.0196373,Side Swipe