LOCATION_TEXT,ROAD,WEATHER,LIGHT,DESC,REPORTING_AGENCY,MAIN_CAUSE,INCIDENTDETAILS_ID,DATE_UTC,TIME_UTC,ADDRESS,killed_driver,killed_passenger,killed_pedestrian,injured_driver,injured_passenger,injured_pedestrian,killed_uncategorized,injured_uncategorized,killed_total,injured_total,DATETIME_PST,SEVERITY,Y,X,COLLISION_TYPE
None,EDSA,None,None,"No Accident Factor, Side Swipe, 0.0 drivers_injured, 0.0 drivers_killed, 1.0 passengers_injured, 0.0 passengers_killed, 0.0 pedestrian_injured, 0.0 pedestrian_killed, Fair (Day), EDSA NIA Road Quezon City",MMDA Road Safety Unit,,9ea9b50f-98f2-4110-b8e4-4d257728fd49,2015-06-12,00:00:00,"EDSA MRT-North Ave. Station, Phil-Am Quezon City",0,0,0,0,1,0,0,0,0,1,2015-06-12 8:00,Injury,14.63727823,121.0421362,Side Swipe
None,EDSA,None,None,"No Accident Factor, Side Swipe, 0.0 drivers_injured, 0.0 drivers_killed, 0.0 passengers_injured, 0.0 passengers_killed, 0.0 pedestrian_injured, 0.0 pedestrian_killed, Fair (Day), EDSA Five Star Bus Terminal, Pinyahan Quezon City",MMDA Road Safety Unit,,987ede23-8d0b-40ef-9e09-1a8ed2388adf,2015-06-11,22:30:00,EDSA Mapagmahal St. Quezon City,0,0,0,0,0,0,0,0,0,0,2015-06-12 6:30,Property,14.62375691,121.0492447,Side Swipe
None,EDSA,None,None,"No Accident Factor, Side Swipe, 0.0 drivers_injured, 0.0 drivers_killed, 0.0 passengers_injured, 0.0 passengers_killed, 0.0 pedestrian_injured, 0.0 pedestrian_killed, Fair (Night), EDSA Gen. Roxas Ave. Quezon City",MMDA Road Safety Unit,,a0ea20ec-b445-453d-8cb8-c3d5beb74ca0,2015-06-11,15:35:00,EDSA Aurora Blvd. Quezon City,0,0,0,0,0,0,0,0,0,0,2015-06-11 23:35,Property,14.62042254,121.0508064,Side Swipe
None,EDSA,None,None,"No Accident Factor, Angle Impact, 0.0 drivers_injured, 0.0 drivers_killed, 0.0 passengers_injured, 0.0 passengers_killed, 0.0 pedestrian_injured, 0.0 pedestrian_killed, Fair (Night), EDSA Shell Gas Station, Main Ave., Socorro Quezon City",MMDA Road Safety Unit,,3ad08c3c-c51e-4ffb-ab20-b5ba4665d9d8,2015-06-11,11:05:00,"EDSA Genesis Bus Terminal, New York St., E. Rodriguez Quezon City",0,0,0,0,0,0,0,0,0,0,2015-06-11 19:05,Property,14.61353822,121.0538874,Angle Impact
None,EDSA,None,None,"No Accident Factor, Rear-end, 0.0 drivers_injured, 0.0 drivers_killed, 0.0 passengers_injured, 0.0 passengers_killed, 0.0 pedestrian_injured, 0.0 pedestrian_killed, Fair (Day), EDSA Corinthian Garden, Ugong Norte Quezon City",MMDA Road Safety Unit,,060547ad-1e40-4d84-a1a8-38990866a4f0,2015-06-11,09:30:00,"EDSA ""U"" turn slot, Corregidor St. Quezon City",0,0,0,0,0,0,0,0,0,0,2015-06-11 17:30,Property,14.59580783,121.0595248,Rear-End
None,EDSA,None,None,"No Accident Factor, Hit Object (Barrier), 0.0 drivers_injured, 0.0 drivers_killed, 0.0 passengers_injured, 0.0 passengers_killed, 0.0 pedestrian_injured, 0.0 pedestrian_killed, Fair (Night), EDSA Shell Gas Station, Katipu Quezon City",MMDA Road Safety Unit,,4fe5b83e-9379-44fa-96af-e4708c88ca75,2015-06-09,21:00:00,EDSA New York St. Quezon City,0,0,0,0,0,0,0,0,0,0,2015-06-10 5:00,Property,14.65744481,121.0162804,Hit Object
None,EDSA,None,None,"No Accident Factor, Rear-end, 1.0 drivers_injured, 0.0 drivers_killed, 1.0 passengers_injured, 0.0 passengers_killed, 0.0 pedestrian_injured, 0.0 pedestrian_killed, Fair (Night), EDSA Camp Aguinaldo Quezon City",MMDA Road Safety Unit,,667bd2e5-8f62-4475-891e-da1c19542de7,2015-06-09,16:30:00,EDSA Baliwag Liner Bus Terminal Quezon City,0,0,0,1,1,0,0,0,0,2,2015-06-10 0:30,Injury,14.60818699,121.0564562,Rear-End
None,EDSA,None,None,"No Accident Factor, Side Swipe, 0.0 drivers_injured, 0.0 drivers_killed, 0.0 passengers_injured, 0.0 passengers_killed, 0.0 pedestrian_injured, 0.0 pedestrian_killed, Fair (Night), EDSA Whiteplains Ave. Quezon City",MMDA Road Safety Unit,,6a9bf3e9-b464-4ad9-b7c3-1f9a477d728e,2015-06-09,11:45:00,EDSA Cloverleaf Road Quezon City,0,0,0,0,0,0,0,0,0,0,2015-06-09 19:45,Property,14.59961782,121.0596522,Side Swipe
None,EDSA,None,None,"No Accident Factor, Hit and Run (No Collision Stated), 0.0 drivers_injured, 0.0 drivers_killed, 0.0 passengers_injured, 0.0 passengers_killed, 0.0 pedestrian_injured, 0.0 pedestrian_killed, Fair (Day), EDSA Five Star Bus Terminal Quezon City",MMDA Road Safety Unit,,58b419f1-0bb4-4246-be39-8c4e73781368,2015-06-09,05:20:00,EDSA Mindanao Ave. Ext. Quezon City,0,0,0,0,0,0,0,0,0,0,2015-06-09 13:20,Property,14.62375691,121.0492447,No Collision Stated
None,EDSA,None,None,"No Accident Factor, Side Swipe, 0.0 drivers_injured, 0.0 drivers_killed, 0.0 passengers_injured, 0.0 passengers_killed, 0.0 pedestrian_injured, 0.0 pedestrian_killed, Fair (Day), EDSA Baliwag Liner Bus Terminal, E. Rodriguez Quezon City",MMDA Road Safety Unit,,ff919115-43aa-4958-b987-36bf8bc4e7d4,2015-06-09,04:45:00,"EDSA ""U"" turn slot, Veterans Quezon City",0,0,0,0,0,0,0,0,0,0,2015-06-09 12:45,Property,14.6244766,121.0489584,Side Swipe
None,EDSA,None,None,"No Accident Factor, Side Swipe, 0.0 drivers_injured, 0.0 drivers_killed, 0.0 passengers_injured, 0.0 passengers_killed, 0.0 pedestrian_injured, 0.0 pedestrian_killed, Fair (Day), EDSA Royal Overpass Quezon City",MMDA Road Safety Unit,,62c00dfa-db87-40d5-80f2-5f5cb499e5c7,2015-06-09,00:30:00,EDSA P. Tuazon Blvd. Quezon City,0,0,0,0,0,0,0,0,0,0,2015-06-09 8:30,Property,14.65767141,121.0107008,Side Swipe
None,EDSA,None,None,"No Accident Factor, Multiple Collision, 0.0 drivers_injured, 0.0 drivers_killed, 0.0 passengers_injured, 0.0 passengers_killed, 0.0 pedestrian_injured, 0.0 pedestrian_killed, Fair (Day), EDSA Balintawak Market Quezon City",MMDA Road Safety Unit,,272255fe-0157-4861-aa23-78606266cab0,2015-06-09,00:30:00,EDSA Misamis St. Quezon City,0,0,0,0,0,0,0,0,0,0,2015-06-09 8:30,Property,14.65740947,121.0025737,Multiple
None,EDSA,None,None,"No Accident Factor, No Collision Stated (based on Police Blotter Book), 0.0 drivers_injured, 0.0 drivers_killed, 0.0 passengers_injured, 0.0 passengers_killed, 0.0 pedestrian_injured, 0.0 pedestrian_killed, Fair (Night), EDSA R. Magsaysay Quezon City",MMDA Road Safety Unit,,faa8a9bd-7cd8-4b20-b5b3-037bdf160a84,2015-06-08,11:30:00,"EDSA MRT-North Ave. Station, Bagong Pag-asa Quezon City",0,0,0,0,0,0,0,0,0,0,2015-06-08 19:30,Property,14.62774693,121.0471762,No Collision Stated
None,EDSA,None,None,"No Accident Factor, Angle Impact, 1.0 drivers_injured, 0.0 drivers_killed, 1.0 passengers_injured, 0.0 passengers_killed, 0.0 pedestrian_injured, 0.0 pedestrian_killed, Fair (Night), EDSA Whiteplains Ave. Quezon City",MMDA Road Safety Unit,,cc482f5d-d787-4823-b467-a3911b7096c4,2015-06-08,10:00:00,EDSA West Ave. Quezon City,0,0,0,1,1,0,0,0,0,2,2015-06-08 18:00,Injury,14.59961782,121.0596522,Angle Impact
None,EDSA,None,None,"No Accident Factor, Side Swipe, 0.0 drivers_injured, 0.0 drivers_killed, 0.0 passengers_injured, 0.0 passengers_killed, 0.0 pedestrian_injured, 0.0 pedestrian_killed, Fair (Day), EDSA P. Tuazon Blvd. Quezon City",MMDA Road Safety Unit,,f9127dcd-6887-4805-a2f8-09ebf3765359,2015-06-08,07:30:00,"EDSA ""U"" turn slot, Sto. Cristo Quezon City",0,0,0,0,0,0,0,0,0,0,2015-06-08 15:30,Property,14.61656342,121.0525225,Side Swipe
None,EDSA,None,None,"No Accident Factor, No Collision Stated (based on Police Blotter Book), 0.0 drivers_injured, 0.0 drivers_killed, 0.0 passengers_injured, 0.0 passengers_killed, 0.0 pedestrian_injured, 0.0 pedestrian_killed, Fair (Day), EDSA Bansalangin St. Quezon City",MMDA Road Safety Unit,,dce7662d-ea5a-4272-a0f8-77a2994dd1ce,2015-06-08,04:10:00,EDSA Aurora Blvd. Quezon City,0,0,0,0,0,0,0,0,0,0,2015-06-08 12:10,Property,14.6567996,121.0241845,No Collision Stated
None,EDSA,None,None,"No Accident Factor, Side Swipe, 0.0 drivers_injured, 0.0 drivers_killed, 0.0 passengers_injured, 0.0 passengers_killed, 0.0 pedestrian_injured, 0.0 pedestrian_killed, Fair (Day), EDSA Bansalangin St. Quezon City",MMDA Road Safety Unit,,ab4ba028-a9ba-4286-a5f2-a3b963253379,2015-06-08,03:50:00,EDSA West Ave. Quezon City,0,0,0,0,0,0,0,0,0,0,2015-06-08 11:50,Property,14.6567996,121.0241845,Side Swipe
None,EDSA,None,None,"No Accident Factor, Side Swipe, 0.0 drivers_injured, 0.0 drivers_killed, 0.0 passengers_injured, 0.0 passengers_killed, 0.0 pedestrian_injured, 0.0 pedestrian_killed, Fair (Day), EDSA Timog Ave. Quezon City",MMDA Road Safety Unit,,f5ea171a-5dc9-4e60-b915-bbc5dd302dd0,2015-06-08,01:15:00,EDSA Balintawak Market Quezon City,0,0,0,0,0,0,0,0,0,0,2015-06-08 9:15,Property,14.63293559,121.0446304,Side Swipe
None,EDSA,None,None,"No Accident Factor, No Collision Stated (based on Police Blotter Book), 0.0 drivers_injured, 0.0 drivers_killed, 0.0 passengers_injured, 0.0 passengers_killed, 0.0 pedestrian_injured, 0.0 pedestrian_killed, Fair (Day), EDSA Main Ave. Quezon City",MMDA Road Safety Unit,,5efc09d5-ebf6-4165-9b7b-71ca18b9cf37,2015-06-08,00:30:00,"EDSA ""U"" turn slot, R. Magsaysay Quezon City",0,0,0,0,0,0,0,0,0,0,2015-06-08 8:30,Property,14.61376458,121.0537933,No Collision Stated
None,EDSA,None,None,"No Accident Factor, No Collision Stated (based on Police Blotter Book), 0.0 drivers_injured, 0.0 drivers_killed, 0.0 passengers_injured, 0.0 passengers_killed, 0.0 pedestrian_injured, 0.0 pedestrian_killed, Fair (Day), EDSA Timog Ave. Quezon City",MMDA Road Safety Unit,,765c7ad6-2ff0-4208-9ee6-0d5f2ce08049,2015-06-07,23:00:00,EDSA Aurora Blvd. Quezon City,0,0,0,0,0,0,0,0,0,0,2015-06-08 7:00,Property,14.63293559,121.0446304,No Collision Stated
None,EDSA,None,None,"No Accident Factor, No Collision Stated (based on Police Blotter Book), 0.0 drivers_injured, 0.0 drivers_killed, 0.0 passengers_injured, 0.0 passengers_killed, 0.0 pedestrian_injured, 0.0 pedestrian_killed, Fair (Night), EDSA Kamuning Road Quezon City",MMDA Road Safety Unit,,3cf8b6ab-13f5-4e3e-ae18-dbfe479b920e,2015-06-07,12:50:00,"EDSA Five Star Bus Terminal, E. Rodriguez Quezon City",0,0,0,0,0,0,0,0,0,0,2015-06-07 20:50,Property,14.63075725,121.0457548,No Collision Stated
None,EDSA,None,None,"No Accident Factor, No Collision Stated (based on Police Blotter Book), 0.0 drivers_injured, 0.0 drivers_killed, 0.0 passengers_injured, 0.0 passengers_killed, 0.0 pedestrian_injured, 0.0 pedestrian_killed, Fair (Night), EDSA DLTB Bus Terminal  Quezon City",MMDA Road Safety Unit,,e1ad12d7-c18a-4706-ba97-3647b77ed428,2015-06-07,12:00:00,EDSA MRT-Santolan Station Quezon City,0,0,0,0,0,0,0,0,0,0,2015-06-07 20:00,Property,14.62725353,121.0473748,No Collision Stated
None,EDSA,None,None,"No Accident Factor, Side Swipe, 0.0 drivers_injured, 0.0 drivers_killed, 0.0 passengers_injured, 0.0 passengers_killed, 0.0 pedestrian_injured, 0.0 pedestrian_killed, Fair (Day), EDSA Aurora Blvd. Quezon City",MMDA Road Safety Unit,,2b2c67f6-7326-4b4f-bf81-5d7a1f8cb66a,2015-06-07,08:00:00,EDSA Kamias Road Quezon City,0,0,0,0,0,0,0,0,0,0,2015-06-07 16:00,Property,14.62163653,121.0501573,Side Swipe
None,EDSA,None,None,"No Accident Factor, Rear-end, 0.0 drivers_injured, 0.0 drivers_killed, 0.0 passengers_injured, 0.0 passengers_killed, 0.0 pedestrian_injured, 0.0 pedestrian_killed, Fair (Day), EDSA Cloverleaf Road Quezon City",MMDA Road Safety Unit,,ce0f7761-96fe-4f96-b7d5-beb5d905d53f,2015-06-07,07:30:00,EDSA Camp Aguinaldo Quezon City,0,0,0,0,0,0,0,0,0,0,2015-06-07 15:30,Property,14.65747901,121.0011914,Rear-End
None,EDSA,None,None,"No Accident Factor, Rear-end, 0.0 drivers_injured, 0.0 drivers_killed, 0.0 passengers_injured, 0.0 passengers_killed, 0.0 pedestrian_injured, 0.0 pedestrian_killed, Fair (Day), EDSA Balintawak Cloverleaf Quezon City",MMDA Road Safety Unit,,c8b575df-22aa-4876-ab77-49cc899e6cb0,2015-06-07,01:30:00,"EDSA Puregold, Balingasa Quezon City",0,0,0,0,0,0,0,0,0,0,2015-06-07 9:30,Property,14.65721982,121.0008093,Rear-End
None,EDSA,None,None,"No Accident Factor, Side Swipe, 1.0 drivers_injured, 0.0 drivers_killed, 0.0 passengers_injured, 0.0 passengers_killed, 0.0 pedestrian_injured, 0.0 pedestrian_killed, Fair (Day), EDSA Balintawak Market Quezon City",MMDA Road Safety Unit,,6bc44963-8adf-4ce2-900f-34c6ff1241c3,2015-06-07,00:45:00,"EDSA ""U"" turn slot, Bungad Quezon City",0,0,0,1,0,0,0,0,0,1,2015-06-07 8:45,Injury,14.65740947,121.0025737,Side Swipe
None,EDSA,None,None,"No Accident Factor, No Collision Stated (based on Police Blotter Book), 0.0 drivers_injured, 0.0 drivers_killed, 0.0 passengers_injured, 0.0 passengers_killed, 0.0 pedestrian_injured, 0.0 pedestrian_killed, Fair (Night), EDSA Trinoma Mall, Bagong Pag-asa Quezon City",MMDA Road Safety Unit,,a3654c52-7e18-4506-9f13-b86c7c726d31,2015-06-06,13:15:00,EDSA Waltermart Quezon City,0,0,0,0,0,0,0,0,0,0,2015-06-06 21:15,Property,14.65242607,121.0323133,No Collision Stated
None,EDSA,None,None,"No Accident Factor, Angle Impact, 0.0 drivers_injured, 0.0 drivers_killed, 0.0 passengers_injured, 0.0 passengers_killed, 0.0 pedestrian_injured, 0.0 pedestrian_killed, Fair (Day), EDSA P. Tuazon Blvd. Quezon City",MMDA Road Safety Unit,,3d4ebdfc-fcf9-408a-bbf0-d5ec2a71c3d2,2015-06-06,08:30:00,EDSA Misamis St. Quezon City,0,0,0,0,0,0,0,0,0,0,2015-06-06 16:30,Property,14.61656342,121.0525225,Angle Impact
None,EDSA,None,None,"No Accident Factor, Side Swipe, 0.0 drivers_injured, 0.0 drivers_killed, 0.0 passengers_injured, 0.0 passengers_killed, 0.0 pedestrian_injured, 0.0 pedestrian_killed, Fair (Day), EDSA Nepa Q-Mart, West Kamias Quezon City",MMDA Road Safety Unit,,ac150b93-85fa-4c13-be82-8663cae16b5b,2015-06-06,07:30:00,EDSA Oliveros St. Quezon City,0,0,0,0,0,0,0,0,0,0,2015-06-06 15:30,Property,14.62805361,121.0472521,Side Swipe
None,EDSA,None,None,"No Accident Factor, Rear-end, 0.0 drivers_injured, 0.0 drivers_killed, 0.0 passengers_injured, 0.0 passengers_killed, 0.0 pedestrian_injured, 0.0 pedestrian_killed, Fair (Day), EDSA Cloverleaf Road Quezon City",MMDA Road Safety Unit,,6f8bbcb3-5e0a-4392-9ff8-3c3cb5bee647,2015-06-06,06:30:00,"EDSA Farmers, Gen. Roxas Ave., Socorro Quezon City",0,0,0,0,0,0,0,0,0,0,2015-06-06 14:30,Property,14.65747901,121.0011914,Rear-End
None,EDSA,None,None,"No Accident Factor, No Collision Stated (based on Police Blotter Book), 0.0 drivers_injured, 0.0 drivers_killed, 0.0 passengers_injured, 0.0 passengers_killed, 0.0 pedestrian_injured, 0.0 pedestrian_killed, Fair (Night), EDSA ""U"" turn slot, Bagong Pag-asa Quezon City",MMDA Road Safety Unit,,4941f5c3-c34c-49eb-88a5-42ed858e3d3e,2015-06-06,03:30:00,EDSA Quezon Ave. Quezon City,0,0,0,0,0,0,0,0,0,0,2015-06-06 11:30,Property,14.65652754,121.0260743,No Collision Stated
None,EDSA,None,None,"No Accident Factor, Rear-end, 2.0 drivers_injured, 0.0 drivers_killed, 0.0 passengers_injured, 0.0 passengers_killed, 0.0 pedestrian_injured, 0.0 pedestrian_killed, Fair (Day), EDSA Whiteplains Ave. Quezon City",MMDA Road Safety Unit,,48213fa3-8cce-4d8d-ad15-a6c5700707fc,2015-06-06,00:30:00,EDSA Quezon Ave. Quezon City,0,0,0,2,0,0,0,0,0,2,2015-06-06 8:30,Injury,14.59961782,121.0596522,Rear-End
None,EDSA,None,None,"No Accident Factor, No Collision Stated (based on Police Blotter Book), 0.0 drivers_injured, 0.0 drivers_killed, 0.0 passengers_injured, 0.0 passengers_killed, 0.0 pedestrian_injured, 0.0 pedestrian_killed, Fair (Night), EDSA SM North, Bagong Pag-asa Quezon City",MMDA Road Safety Unit,,c1a2469c-c5c8-4262-b43b-da10550b52e1,2015-06-05,15:00:00,"EDSA SM North, Bagong Pag-asa Quezon City",0,0,0,0,0,0,0,0,0,0,2015-06-05 23:00,Property,14.65645143,121.0271077,No Collision Stated
None,EDSA,None,None,"No Accident Factor, Side Swipe, 0.0 drivers_injured, 0.0 drivers_killed, 0.0 passengers_injured, 0.0 passengers_killed, 0.0 pedestrian_injured, 0.0 pedestrian_killed, Fair (Night), EDSA Whiteplains Ave. Quezon City",MMDA Road Safety Unit,,d30c3f97-a304-4d69-a261-a96a83a9e7fa,2015-06-05,13:10:00,"EDSA Five Star Bus Terminal, E. Rodriguez Quezon City",0,0,0,0,0,0,0,0,0,0,2015-06-05 21:10,Property,14.59961782,121.0596522,Side Swipe
None,EDSA,None,None,"No Accident Factor, Multiple Collision, 0.0 drivers_injured, 0.0 drivers_killed, 0.0 passengers_injured, 0.0 passengers_killed, 0.0 pedestrian_injured, 0.0 pedestrian_killed, Fair (Night), EDSA Nepa Q-Mart Quezon City",MMDA Road Safety Unit,,c2df29f0-4bea-4d99-8738-c0a22573de12,2015-06-05,12:25:00,EDSA Kamias Road Quezon City,0,0,0,0,0,0,0,0,0,0,2015-06-05 20:25,Property,14.62805361,121.0472521,Multiple
None,EDSA,None,None,"No Accident Factor, Side Swipe, 0.0 drivers_injured, 0.0 drivers_killed, 0.0 passengers_injured, 0.0 passengers_killed, 0.0 pedestrian_injured, 0.0 pedestrian_killed, Fair (Night), EDSA Main Ave. Quezon City",MMDA Road Safety Unit,,a65c0411-d2c3-4734-b18f-ee16b9d1cc49,2015-06-05,11:50:00,EDSA Robinsons Galleria Quezon City,0,0,0,0,0,0,0,0,0,0,2015-06-05 19:50,Property,14.61376458,121.0537933,Side Swipe
None,EDSA,None,None,"No Accident Factor, Rear-end, 0.0 drivers_injured, 0.0 drivers_killed, 0.0 passengers_injured, 0.0 passengers_killed, 0.0 pedestrian_injured, 0.0 pedestrian_killed, Fair (Day), EDSA Corinthian Garden Quezon City",MMDA Road Safety Unit,,02df200c-c7e7-4734-b2b1-857cd568b3a3,2015-06-05,06:25:00,EDSA Cloverleaf Road Quezon City,0,0,0,0,0,0,0,0,0,0,2015-06-05 14:25,Property,14.59580783,121.0595248,Rear-End
None,EDSA,None,None,"No Accident Factor, Side Swipe, 0.0 drivers_injured, 0.0 drivers_killed, 0.0 passengers_injured, 0.0 passengers_killed, 0.0 pedestrian_injured, 0.0 pedestrian_killed, Fair (Day), EDSA Timog Ave. Quezon City",MMDA Road Safety Unit,,f3787488-64e4-4265-9882-2862f7507fc4,2015-06-05,01:35:00,EDSA West Ave. Quezon City,0,0,0,0,0,0,0,0,0,0,2015-06-05 9:35,Property,14.63293559,121.0446304,Side Swipe
None,EDSA,None,None,"No Accident Factor, Angle Impact, 0.0 drivers_injured, 0.0 drivers_killed, 0.0 passengers_injured, 0.0 passengers_killed, 0.0 pedestrian_injured, 0.0 pedestrian_killed, Fair (Night), EDSA Mapagmahal St. Quezon City",MMDA Road Safety Unit,,eb66c018-383c-44c8-9615-4d5f095a70c6,2015-06-04,13:30:00,EDSA Kamuning Road Quezon City,0,0,0,0,0,0,0,0,0,0,2015-06-04 21:30,Property,14.63185046,121.0455315,Angle Impact
None,EDSA,None,None,"No Accident Factor, Side Swipe, 0.0 drivers_injured, 0.0 drivers_killed, 0.0 passengers_injured, 0.0 passengers_killed, 0.0 pedestrian_injured, 0.0 pedestrian_killed, Fair (Day), EDSA Royal, A. Samson Quezon City",MMDA Road Safety Unit,,40254501-f496-43b2-b996-cd96949895ab,2015-06-04,05:45:00,"EDSA Genesis Bus Terminal, New York St., E. Rodriguez Quezon City",0,0,0,0,0,0,0,0,0,0,2015-06-04 13:45,Property,14.65767141,121.0107008,Side Swipe
None,EDSA,None,None,"No Accident Factor, Rear-end, 0.0 drivers_injured, 0.0 drivers_killed, 0.0 passengers_injured, 0.0 passengers_killed, 0.0 pedestrian_injured, 0.0 pedestrian_killed, Fair (Day), EDSA Paramount, West Ave. Quezon City",MMDA Road Safety Unit,,29e4e197-e43a-453a-9b22-78371c65db4b,2015-06-04,03:00:00,"EDSA ""U"" turn slot, Bungad Quezon City",0,0,0,0,0,0,0,0,0,0,2015-06-04 11:00,Property,14.6555967,121.0297922,Rear-End
None,EDSA,None,None,"No Accident Factor, No Collision Stated (based on Police Blotter Book), 0.0 drivers_injured, 0.0 drivers_killed, 0.0 passengers_injured, 0.0 passengers_killed, 0.0 pedestrian_injured, 0.0 pedestrian_killed, Fair (Day), EDSA Aurora Blvd. Quezon City",MMDA Road Safety Unit,,731974d2-4384-42a1-bc17-c66dcf4567ee,2015-06-04,02:40:00,EDSA Aurora Blvd. Quezon City,0,0,0,0,0,0,0,0,0,0,2015-06-04 10:40,Property,14.62163653,121.0501573,No Collision Stated
None,EDSA,None,None,"No Accident Factor, No Collision Stated (based on Police Blotter Book), 0.0 drivers_injured, 0.0 drivers_killed, 0.0 passengers_injured, 0.0 passengers_killed, 0.0 pedestrian_injured, 0.0 pedestrian_killed, Fair (Night), EDSA Alley 1, R. Magsaysay Quezon City",MMDA Road Safety Unit,,20b14345-8f00-4779-8f2f-b46e2e6527df,2015-06-03,13:20:00,"EDSA ""U"" turn slot, R. Magsaysay Quezon City",0,0,0,0,0,0,0,0,0,0,2015-06-03 21:20,Property,14.65759574,121.0218606,No Collision Stated
None,EDSA,None,None,"No Accident Factor, Side Swipe, 0.0 drivers_injured, 0.0 drivers_killed, 0.0 passengers_injured, 0.0 passengers_killed, 0.0 pedestrian_injured, 0.0 pedestrian_killed, Fair (Night), EDSA Roosevelt Ave. Quezon City",MMDA Road Safety Unit,,09b8fa10-ee3f-4216-9668-714e05f638f5,2015-06-03,11:50:00,EDSA Aurora Blvd. Quezon City,0,0,0,0,0,0,0,0,0,0,2015-06-03 19:50,Property,14.65762047,121.0196373,Side Swipe
None,EDSA,None,None,"No Accident Factor, Hit and Run (Rear-end), 0.0 drivers_injured, 0.0 drivers_killed, 0.0 passengers_injured, 0.0 passengers_killed, 0.0 pedestrian_injured, 0.0 pedestrian_killed, Fair (Day), EDSA Camp Crame Quezon City",MMDA Road Safety Unit,,08b5b403-af36-4027-8921-41014edd9680,2015-06-03,08:15:00,"EDSA ""U"" turn slot, Nissan Quezon City",0,0,0,0,0,0,0,0,0,0,2015-06-03 16:15,Property,14.60923788,121.0557422,Rear-End
None,EDSA,None,None,"No Accident Factor, Rear-end, 0.0 drivers_injured, 0.0 drivers_killed, 0.0 passengers_injured, 0.0 passengers_killed, 0.0 pedestrian_injured, 0.0 pedestrian_killed, Fair (Day), EDSA NIA Road Quezon City",MMDA Road Safety Unit,,73545f64-2e76-4be9-ab74-33d178eb50e6,2015-06-03,06:00:00,EDSA R. Magsaysay Quezon City,0,0,0,0,0,0,0,0,0,0,2015-06-03 14:00,Property,14.63727823,121.0421362,Rear-End
None,EDSA,None,None,"No Accident Factor, Side Swipe, 0.0 drivers_injured, 0.0 drivers_killed, 0.0 passengers_injured, 0.0 passengers_killed, 0.0 pedestrian_injured, 0.0 pedestrian_killed, Fair (Day), EDSA Cloverleaf Road Quezon City",MMDA Road Safety Unit,,d02c3dd9-6093-4852-af8c-95192ecfb909,2015-06-03,05:40:00,EDSA North Ave. Quezon City,0,0,0,0,0,0,0,0,0,0,2015-06-03 13:40,Property,14.65747901,121.0011914,Side Swipe
None,EDSA,None,None,"No Accident Factor, Side Swipe, 0.0 drivers_injured, 0.0 drivers_killed, 0.0 passengers_injured, 0.0 passengers_killed, 0.0 pedestrian_injured, 0.0 pedestrian_killed, Fair (Day), EDSA Camp Aguinaldo Quezon City",MMDA Road Safety Unit,,0e4385c0-7684-4d9f-a2e6-ac749739d23d,2015-06-03,04:10:00,"EDSA Robinson's Galleria, Ortigas Ave., Ugong Norte Quezon City",0,0,0,0,0,0,0,0,0,0,2015-06-03 12:10,Property,14.60818699,121.0564562,Side Swipe
None,EDSA,None,None,"No Accident Factor, No Collision Stated (based on Police Blotter Book), 0.0 drivers_injured, 0.0 drivers_killed, 0.0 passengers_injured, 0.0 passengers_killed, 0.0 pedestrian_injured, 0.0 pedestrian_killed, Fair (Night), EDSA Bansalangin St., Project 7 Quezon City",MMDA Road Safety Unit,,4acc056f-0741-41ee-98a3-7ff3d79d45c1,2015-06-03,00:30:00,EDSA Mindanao Ave. Ext. Quezon City,0,0,0,0,0,0,0,0,0,0,2015-06-03 8:30,Property,14.6567996,121.0241845,No Collision Stated
None,EDSA,None,None,"No Accident Factor, Side Swipe, 0.0 drivers_injured, 0.0 drivers_killed, 0.0 passengers_injured, 0.0 passengers_killed, 0.0 pedestrian_injured, 0.0 pedestrian_killed, Fair (Night), EDSA MRT-GMA Station, Central  Quezon City",MMDA Road Safety Unit,,2975af0a-8512-43f2-8713-0d3baf892cea,2015-06-02,11:10:00,EDSA Bulacan St. Quezon City,0,0,0,0,0,0,0,0,0,0,2015-06-02 19:10,Property,14.63506067,121.043428,Side Swipe
None,EDSA,None,None,"No Accident Factor, Rear-end, 0.0 drivers_injured, 0.0 drivers_killed, 0.0 passengers_injured, 0.0 passengers_killed, 0.0 pedestrian_injured, 0.0 pedestrian_killed, Fair (Night), EDSA MRT-GMA Station, Pinyahan Quezon City",MMDA Road Safety Unit,,5d8efeab-63e5-469b-845b-19a511c6c92e,2015-06-01,15:10:00,EDSA Main Ave. Quezon City,0,0,0,0,0,0,0,0,0,0,2015-06-01 23:10,Property,14.63506067,121.043428,Rear-End
None,EDSA,None,None,"No Accident Factor, Side Swipe, 0.0 drivers_injured, 0.0 drivers_killed, 0.0 passengers_injured, 0.0 passengers_killed, 0.0 pedestrian_injured, 0.0 pedestrian_killed, Fair (Night), EDSA MRT-GMA Station, Pinyahan Quezon City",MMDA Road Safety Unit,,80d2b020-05a0-4fcc-99c3-6022293a6de6,2015-06-01,15:10:00,"EDSA ""U"" turn slot, Ortigas Ave. Quezon City",0,0,0,0,0,0,0,0,0,0,2015-06-01 23:10,Property,14.63506067,121.043428,Side Swipe