LOCATION_TEXT,ROAD,WEATHER,LIGHT,DESC,REPORTING_AGENCY,MAIN_CAUSE,INCIDENTDETAILS_ID,DATE_UTC,TIME_UTC,ADDRESS,killed_driver,killed_passenger,killed_pedestrian,injured_driver,injured_passenger,injured_pedestrian,killed_uncategorized,injured_uncategorized,killed_total,injured_total,DATETIME_PST,SEVERITY,Y,X,COLLISION_TYPE
None,EDSA,None,None,"No Accident Factor, No Collision Stated (based on Police Blotter Book), 0.0 drivers_injured, 0.0 drivers_killed, 0.0 passengers_injured, 0.0 passengers_killed, 0.0 pedestrian_injured, 0.0 pedestrian_killed, Fair (Night), EDSA Balintawak Market Quezon City",MMDA Road Safety Unit,,8c97f4cb-22ba-4b33-a46a-4a4f896be843,2015-06-01,11:25:00,EDSA Aurora Blvd. Quezon City,0,0,0,0,0,0,0,0,0,0,2015-06-01 19:25,Property,14.65740947,121.0025737,No Collision Stated
None,EDSA,None,None,"No Accident Factor, Rear-end, 0.0 drivers_injured, 0.0 drivers_killed, 0.0 passengers_injured, 0.0 passengers_killed, 0.0 pedestrian_injured, 0.0 pedestrian_killed, Fair (Day), EDSA NIA Road Quezon City",MMDA Road Safety Unit,,193b3959-29b6-441d-b17d-1014276b3310,2015-06-01,08:25:00,EDSA Main Ave. Quezon City,0,0,0,0,0,0,0,0,0,0,2015-06-01 16:25,Property,14.63727823,121.0421362,Rear-End
None,EDSA,None,None,"No Accident Factor, Rear-end, 0.0 drivers_injured, 0.0 drivers_killed, 0.0 passengers_injured, 0.0 passengers_killed, 0.0 pedestrian_injured, 0.0 pedestrian_killed, Fair (Day), EDSA Main Ave. Quezon City",MMDA Road Safety Unit,,3809be70-568d-4ae4-9c1b-7a210f75aa0d,2015-06-01,07:30:00,"EDSA ""U"" turn slot, Jam Liner Bus Terminal Quezon City",0,0,0,0,0,0,0,0,0,0,2015-06-01 15:30,Property,14.61376458,121.0537933,Rear-End
None,EDSA,None,None,"No Accident Factor, Rear-end, 1.0 drivers_injured, 0.0 drivers_killed, 0.0 passengers_injured, 0.0 passengers_killed, 0.0 pedestrian_injured, 0.0 pedestrian_killed, Fair (Day), EDSA Cloverleaf Road Quezon City",MMDA Road Safety Unit,,cda7d928-813f-4f56-9cf7-a318780e6413,2015-06-01,07:00:00,EDSA Aurora Blvd. Quezon City,0,0,0,1,0,0,0,0,0,1,2015-06-01 15:00,Injury,14.65747901,121.0011914,Rear-End
None,EDSA,None,None,"No Accident Factor, Side Swipe, 0.0 drivers_injured, 0.0 drivers_killed, 0.0 passengers_injured, 0.0 passengers_killed, 0.0 pedestrian_injured, 0.0 pedestrian_killed, Fair (Day), EDSA Cloverleaf Road Quezon City",MMDA Road Safety Unit,,4ebb618a-1ebf-417c-b4b2-437094f426c0,2015-06-01,04:45:00,EDSA Oliveros St. Quezon City,0,0,0,0,0,0,0,0,0,0,2015-06-01 12:45,Property,14.65747901,121.0011914,Side Swipe
None,EDSA,None,None,"No Accident Factor, Rear-end, 0.0 drivers_injured, 0.0 drivers_killed, 0.0 passengers_injured, 0.0 passengers_killed, 0.0 pedestrian_injured, 0.0 pedestrian_killed, Fair (Day), EDSA Camp Aguinaldo (Gate 3) Quezon City",MMDA Road Safety Unit,,05cde80a-438e-4f2d-8f28-b7e663891e87,2015-06-01,04:30:00,EDSA P. Tuazon Blvd. Quezon City,0,0,0,0,0,0,0,0,0,0,2015-06-01 12:30,Property,14.60832492,121.0563666,Rear-End
None,EDSA,None,None,"No Accident Factor, No Collision Stated (based on Police Blotter Book), 0.0 drivers_injured, 0.0 drivers_killed, 0.0 passengers_injured, 0.0 passengers_killed, 0.0 pedestrian_injured, 0.0 pedestrian_killed, Fair (Day), EDSA Aurora Blvd. Quezon City",MMDA Road Safety Unit,,cedc5d46-e324-4e31-9897-50888171a6ce,2015-06-01,00:00:00,EDSA Bansalangin St. Quezon City,0,0,0,0,0,0,0,0,0,0,2015-06-01 8:00,Property,14.62163653,121.0501573,No Collision Stated
None,EDSA,None,None,"No Accident Factor, Side Swipe, 0.0 drivers_injured, 0.0 drivers_killed, 0.0 passengers_injured, 0.0 passengers_killed, 0.0 pedestrian_injured, 0.0 pedestrian_killed, Fair (Day), EDSA Cloverleaf Road Quezon City",MMDA Road Safety Unit,,8c8f21a1-f14f-4eff-91da-6521fae95dfc,2015-05-31,23:20:00,"EDSA ""U"" turn slot, R. Magsaysay Quezon City",0,0,0,0,0,0,0,0,0,0,2015-06-01 7:20,Property,14.65747901,121.0011914,Side Swipe
None,EDSA,None,None,"No Accident Factor, Rear-end, 0.0 drivers_injured, 0.0 drivers_killed, 0.0 passengers_injured, 0.0 passengers_killed, 0.0 pedestrian_injured, 0.0 pedestrian_killed, Fair (Day), EDSA ""U"" turn slot, Timog Ave. Quezon City",MMDA Road Safety Unit,,7129010d-6b0e-44cf-a731-e7cab105b673,2015-05-31,22:55:00,EDSA Roosevelt Ave. Quezon City,0,0,0,0,0,0,0,0,0,0,2015-06-01 6:55,Property,14.63183035,121.0454138,Rear-End
None,EDSA,None,None,"No Accident Factor, No Collision Stated (based on Police Blotter Book), 0.0 drivers_injured, 0.0 drivers_killed, 0.0 passengers_injured, 0.0 passengers_killed, 0.0 pedestrian_injured, 0.0 pedestrian_killed, Fair (Day), EDSA Kamuning Road Quezon City",MMDA Road Safety Unit,,a404183f-22e4-434e-9215-8236a09b8fdd,2015-05-31,04:15:00,EDSA R. Magsaysay Quezon City,0,0,0,0,0,0,0,0,0,0,2015-05-31 12:15,Property,14.63075725,121.0457548,No Collision Stated
None,EDSA,None,None,"No Accident Factor, Rear-end, 0.0 drivers_injured, 0.0 drivers_killed, 0.0 passengers_injured, 0.0 passengers_killed, 0.0 pedestrian_injured, 0.0 pedestrian_killed, Fair (Day), EDSA Camp Panopio, Col. Bonny Serrano Ave. Quezon City",MMDA Road Safety Unit,,93de906a-0728-4915-9136-562325c0055c,2015-05-31,01:05:00,EDSA Aurora Blvd. Quezon City,0,0,0,0,0,0,0,0,0,0,2015-05-31 9:05,Property,14.61088061,121.0548929,Rear-End
None,EDSA,None,None,"No Accident Factor, No Collision Stated (based on Police Blotter Book), 0.0 drivers_injured, 0.0 drivers_killed, 0.0 passengers_injured, 0.0 passengers_killed, 0.0 pedestrian_injured, 0.0 pedestrian_killed, Fair (Night), EDSA Corregidor St. Quezon City",MMDA Road Safety Unit,,2b5b3d45-bd4b-4cc5-8849-0c734cb74f95,2015-05-30,12:30:00,EDSA Aurora Blvd. Quezon City,0,0,0,0,0,0,0,0,0,0,2015-05-30 20:30,Property,14.65707679,121.0241648,No Collision Stated
None,EDSA,None,None,"No Accident Factor, Rear-end, 0.0 drivers_injured, 0.0 drivers_killed, 0.0 passengers_injured, 0.0 passengers_killed, 0.0 pedestrian_injured, 0.0 pedestrian_killed, Fair (Night), EDSA Nepa Q-Mart, E. Rodriguez Quezon City",MMDA Road Safety Unit,,ad2063fb-9a2d-46a1-a04d-3306101aca5a,2015-05-30,11:45:00,"EDSA ETON Centris Station, Pinyahan Quezon City",0,0,0,0,0,0,0,0,0,0,2015-05-30 19:45,Property,14.62805361,121.0472521,Rear-End
None,EDSA,None,None,"No Accident Factor, No Collision Stated (based on Police Blotter Book), 0.0 drivers_injured, 0.0 drivers_killed, 0.0 passengers_injured, 0.0 passengers_killed, 0.0 pedestrian_injured, 0.0 pedestrian_killed, Fair (Night), EDSA Aurora Blvd. Quezon City",MMDA Road Safety Unit,,56c44e81-8b5a-4647-ac36-faf28b9b5973,2015-05-30,10:25:00,EDSA Bansalangin St. Quezon City,0,0,0,0,0,0,0,0,0,0,2015-05-30 18:25,Property,14.62163653,121.0501573,No Collision Stated
None,EDSA,None,None,"No Accident Factor, Side Swipe, 0.0 drivers_injured, 0.0 drivers_killed, 0.0 passengers_injured, 0.0 passengers_killed, 0.0 pedestrian_injured, 0.0 pedestrian_killed, Fair (Day), EDSA West Ave. Quezon City",MMDA Road Safety Unit,,629ba096-3eb1-45aa-a3f9-db6f2bd8b024,2015-05-30,09:00:00,EDSA Col. Bonny Serrano Ave. Quezon City,0,0,0,0,0,0,0,0,0,0,2015-05-30 17:00,Property,14.65548924,121.0298079,Side Swipe
None,EDSA,None,None,"No Accident Factor, Side Swipe, 0.0 drivers_injured, 0.0 drivers_killed, 0.0 passengers_injured, 0.0 passengers_killed, 0.0 pedestrian_injured, 0.0 pedestrian_killed, Fair (Day), EDSA West Ave. Quezon City",MMDA Road Safety Unit,,5fbdfb6c-aa58-48d1-9dc2-07fed7ee5de2,2015-05-30,08:20:00,"EDSA Ford, Bagong Lipu ng Crame Quezon City",0,0,0,0,0,0,0,0,0,0,2015-05-30 16:20,Property,14.65548924,121.0298079,Side Swipe
None,EDSA,None,None,"No Accident Factor, Side Swipe, 1.0 drivers_injured, 0.0 drivers_killed, 0.0 passengers_injured, 0.0 passengers_killed, 0.0 pedestrian_injured, 0.0 pedestrian_killed, Fair (Day), EDSA Farmers, Socorro Quezon City",MMDA Road Safety Unit,,584db7bd-de9c-446a-804d-3b609c5220b5,2015-05-30,07:40:00,"EDSA Nepa Q-Mart, E. Rodriguez Quezon City",0,0,0,1,0,0,0,0,0,1,2015-05-30 15:40,Injury,14.61920525,121.0513476,Side Swipe
None,EDSA,None,None,"No Accident Factor, No Collision Stated (based on Police Blotter Book), 0.0 drivers_injured, 0.0 drivers_killed, 0.0 passengers_injured, 0.0 passengers_killed, 0.0 pedestrian_injured, 0.0 pedestrian_killed, Fair (Day), EDSA R. Magsaysay Quezon City",MMDA Road Safety Unit,,cbb959a3-9a0a-4621-9771-5e84ce17c3da,2015-05-30,07:20:00,"EDSA Trinoma Mall, Bagong Pag-asa Quezon City",0,0,0,0,0,0,0,0,0,0,2015-05-30 15:20,Property,14.62774693,121.0471762,No Collision Stated
None,EDSA,None,None,"No Accident Factor, No Collision Stated (based on Police Blotter Book), 0.0 drivers_injured, 0.0 drivers_killed, 0.0 passengers_injured, 0.0 passengers_killed, 0.0 pedestrian_injured, 0.0 pedestrian_killed, Fair (Day), EDSA ""U"" turn slot, Bagong Pag-asa Quezon City",MMDA Road Safety Unit,,4ab1070b-e032-4884-90aa-5770e937fa41,2015-05-30,05:40:00,EDSA Camp Crame (Gate 1) Quezon City,0,0,0,0,0,0,0,0,0,0,2015-05-30 13:40,Property,14.65652754,121.0260743,No Collision Stated
None,EDSA,None,None,"No Accident Factor, Side Swipe, 0.0 drivers_injured, 0.0 drivers_killed, 0.0 passengers_injured, 0.0 passengers_killed, 0.0 pedestrian_injured, 0.0 pedestrian_killed, Fair (Day), EDSA Balintawak Market Quezon City",MMDA Road Safety Unit,,ffd3ba14-9d48-4dfb-8062-feb7c03e7502,2015-05-30,01:00:00,"EDSA Waltermart, Katipu Quezon City",0,0,0,0,0,0,0,0,0,0,2015-05-30 9:00,Property,14.65740947,121.0025737,Side Swipe
None,EDSA,None,None,"No Accident Factor, Hit and Run (No Collision Stated), 0.0 drivers_injured, 0.0 drivers_killed, 0.0 passengers_injured, 0.0 passengers_killed, 0.0 pedestrian_injured, 0.0 pedestrian_killed, Fair (Night), EDSA SM Hypermarket, Socorro Quezon City",MMDA Road Safety Unit,,0e71488d-c40e-4aeb-9d4e-aa8d44f13c3c,2015-05-29,12:40:00,"EDSA ""U"" turn slot, Bagong Pag-asa Quezon City",0,0,0,0,0,0,0,0,0,0,2015-05-29 20:40,Property,14.6142289,121.0535621,No Collision Stated
None,EDSA,None,None,"No Accident Factor, Side Swipe, 0.0 drivers_injured, 0.0 drivers_killed, 0.0 passengers_injured, 0.0 passengers_killed, 0.0 pedestrian_injured, 0.0 pedestrian_killed, Fair (Night), EDSA Jac Liner Bus Terminal, Pinyahan Quezon City",MMDA Road Safety Unit,,2a5cef22-200f-4e01-b5a7-d569f4cd4938,2015-05-29,12:20:00,EDSA Kamuning Road Quezon City,0,0,0,0,0,0,0,0,0,0,2015-05-29 20:20,Property,14.63162939,121.0456857,Side Swipe
None,EDSA,None,None,"No Accident Factor, Side Swipe, 0.0 drivers_injured, 0.0 drivers_killed, 0.0 passengers_injured, 0.0 passengers_killed, 0.0 pedestrian_injured, 0.0 pedestrian_killed, Fair (Night), EDSA SM North (Annex), Phil-Am Quezon City",MMDA Road Safety Unit,,e485c579-1d44-45b9-985e-63cb8a4ecd51,2015-05-29,11:30:00,EDSA Mayor Ignacia Diaz St. Quezon City,0,0,0,0,0,0,0,0,0,0,2015-05-29 19:30,Property,14.65645143,121.0271077,Side Swipe
None,EDSA,None,None,"No Accident Factor, Multiple Collision, 0.0 drivers_injured, 0.0 drivers_killed, 0.0 passengers_injured, 0.0 passengers_killed, 0.0 pedestrian_injured, 0.0 pedestrian_killed, Fair (Day), EDSA Footbridge (beneath), McArthur Ave., Socorro Quezon City",MMDA Road Safety Unit,,3ac242e4-5e8f-42c7-8405-595d82188426,2015-05-29,08:15:00,EDSA Ramon Magsaysay High School Quezon City,0,0,0,0,0,0,0,0,0,0,2015-05-29 16:15,Property,14.6176033,121.0520664,Multiple
None,EDSA,None,None,"No Accident Factor, No Collision Stated (based on Police Blotter Book), 0.0 drivers_injured, 0.0 drivers_killed, 0.0 passengers_injured, 0.0 passengers_killed, 0.0 pedestrian_injured, 0.0 pedestrian_killed, Fair (Day), EDSA Col. Bonny Serrano Ave. Quezon City",MMDA Road Safety Unit,,658912ec-c457-4171-8362-a01bfb64df40,2015-05-29,03:30:00,"EDSA Five Star Bus Terminal, E. Rodriguez Quezon City",0,0,0,0,0,0,0,0,0,0,2015-05-29 11:30,Property,14.61107337,121.0550705,No Collision Stated
None,EDSA,None,None,"No Accident Factor, Rear-end, 0.0 drivers_injured, 0.0 drivers_killed, 0.0 passengers_injured, 0.0 passengers_killed, 0.0 pedestrian_injured, 0.0 pedestrian_killed, Fair (Day), EDSA Bansalangin St. Quezon City",MMDA Road Safety Unit,,67baa1a5-88b2-4fd8-9cbd-ac8a8918ac50,2015-05-29,03:00:00,"EDSA Robinson's Galleria, Ugong Norte Quezon City",0,0,0,0,0,0,0,0,0,0,2015-05-29 11:00,Property,14.6567996,121.0241845,Rear-End
None,EDSA,None,None,"No Accident Factor, No Collision Stated (based on Police Blotter Book), 0.0 drivers_injured, 0.0 drivers_killed, 0.0 passengers_injured, 0.0 passengers_killed, 0.0 pedestrian_injured, 0.0 pedestrian_killed, Fair (Night), EDSA Iglesia ni Cristo Quezon City",MMDA Road Safety Unit,,a3b5f4aa-3718-4117-87b4-9e987eb9c1c2,2015-05-28,13:55:00,EDSA Misamis St. Quezon City,0,0,0,0,0,0,0,0,0,0,2015-05-28 21:55,Property,14.65752241,121.02219,No Collision Stated
None,EDSA,None,None,"No Accident Factor, No Collision Stated (based on Police Blotter Book), 0.0 drivers_injured, 0.0 drivers_killed, 0.0 passengers_injured, 0.0 passengers_killed, 0.0 pedestrian_injured, 0.0 pedestrian_killed, Fair (Night), EDSA Corregidor St. Quezon City",MMDA Road Safety Unit,,4ae0a5fe-71ad-4431-840a-a5e0779d7ca9,2015-05-28,11:40:00,EDSA Roosevelt Ave. Quezon City,0,0,0,0,0,0,0,0,0,0,2015-05-28 19:40,Property,14.65707679,121.0241648,No Collision Stated
None,EDSA,None,None,"No Accident Factor, No Collision Stated (based on Police Blotter Book), 0.0 drivers_injured, 0.0 drivers_killed, 0.0 passengers_injured, 0.0 passengers_killed, 0.0 pedestrian_injured, 0.0 pedestrian_killed, Fair (Night), EDSA Corregidor St. Quezon City",MMDA Road Safety Unit,,301d06e6-941e-4158-a703-d2b99718f1dc,2015-05-28,10:30:00,"EDSA ""U"" turn slot, R. Magsaysay Quezon City",0,0,0,0,0,0,0,0,0,0,2015-05-28 18:30,Property,14.65707679,121.0241648,No Collision Stated
None,EDSA,None,None,"No Accident Factor, No Collision Stated (based on Police Blotter Book), 0.0 drivers_injured, 0.0 drivers_killed, 0.0 passengers_injured, 0.0 passengers_killed, 0.0 pedestrian_injured, 0.0 pedestrian_killed, Fair (Day), EDSA Lucena Lines Bus Terminal Quezon City",MMDA Road Safety Unit,,2dc92e73-4aff-4e0b-bb63-cbb185140cd6,2015-05-27,22:20:00,EDSA Cloverleaf Road Quezon City,0,0,0,0,0,0,0,0,0,0,2015-05-28 6:20,Property,14.63163168,121.0456734,No Collision Stated
None,EDSA,None,None,"No Accident Factor, No Collision Stated (based on Police Blotter Book), 0.0 drivers_injured, 0.0 drivers_killed, 0.0 passengers_injured, 0.0 passengers_killed, 0.0 pedestrian_injured, 0.0 pedestrian_killed, Fair (Night), EDSA SM North, Bagong Pag-asa Quezon City",MMDA Road Safety Unit,,f969f1da-cf3c-4b36-9a40-3d4e8acdf773,2015-05-27,11:15:00,EDSA Panay Ave. Quezon City,0,0,0,0,0,0,0,0,0,0,2015-05-27 19:15,Property,14.65645143,121.0271077,No Collision Stated
None,EDSA,None,None,"No Accident Factor, Side Swipe, 0.0 drivers_injured, 0.0 drivers_killed, 0.0 passengers_injured, 0.0 passengers_killed, 0.0 pedestrian_injured, 0.0 pedestrian_killed, Fair (Day), EDSA New York St. Quezon City",MMDA Road Safety Unit,,c52c1189-bb57-42cd-8b27-0dee8f3c210c,2015-05-27,01:40:00,"EDSA Farmers, Socorro Quezon City",0,0,0,0,0,0,0,0,0,0,2015-05-27 9:40,Property,14.62568514,121.0482307,Side Swipe
None,EDSA,None,None,"No Accident Factor, Multiple Collision, 0.0 drivers_injured, 0.0 drivers_killed, 0.0 passengers_injured, 0.0 passengers_killed, 0.0 pedestrian_injured, 0.0 pedestrian_killed, Fair (Day), EDSA Quezon Ave. Quezon City",MMDA Road Safety Unit,,57b0e8bb-aad5-4b5f-b147-c6d1713d165d,2015-05-26,22:25:00,"EDSA ""U"" turn slot, Timog Ave. Quezon City",0,0,0,0,0,0,0,0,0,0,2015-05-27 6:25,Property,14.6442444,121.0375839,Multiple
None,EDSA,None,None,"No Accident Factor, Side Swipe, 0.0 drivers_injured, 0.0 drivers_killed, 0.0 passengers_injured, 0.0 passengers_killed, 0.0 pedestrian_injured, 0.0 pedestrian_killed, Fair (Night), EDSA ""U"" turn slot, Centris Quezon City",MMDA Road Safety Unit,,6126f6ad-78c0-4a91-87f2-2aa1aee0650b,2015-05-26,13:00:00,EDSA Bansalangin St. Quezon City,0,0,0,0,0,0,0,0,0,0,2015-05-26 21:00,Property,14.64347171,121.0379678,Side Swipe
None,EDSA,None,None,"No Accident Factor, No Collision Stated (based on Police Blotter Book), 0.0 drivers_injured, 0.0 drivers_killed, 0.0 passengers_injured, 0.0 passengers_killed, 0.0 pedestrian_injured, 0.0 pedestrian_killed, Fair (Day), EDSA North Ave. Quezon City",MMDA Road Safety Unit,,4f62eda2-8c67-4877-a895-c41b2e825001,2015-05-26,07:30:00,EDSA Aurora Blvd. Quezon City,0,0,0,0,0,0,0,0,0,0,2015-05-26 15:30,Property,14.65553839,121.0299647,No Collision Stated
None,EDSA,None,None,"No Accident Factor, No Collision Stated (based on Police Blotter Book), 0.0 drivers_injured, 0.0 drivers_killed, 0.0 passengers_injured, 0.0 passengers_killed, 0.0 pedestrian_injured, 0.0 pedestrian_killed, Fair (Day), EDSA Mindanao Ave. Ext. Quezon City",MMDA Road Safety Unit,,81b10b42-dadb-4eb0-ba22-9735d97aa558,2015-05-26,03:30:00,EDSA Ortigas Ave. Quezon City,0,0,0,0,0,0,0,0,0,0,2015-05-26 11:30,Property,14.65052386,121.0335656,No Collision Stated
None,EDSA,None,None,"No Accident Factor, Side Swipe, 0.0 drivers_injured, 0.0 drivers_killed, 0.0 passengers_injured, 0.0 passengers_killed, 0.0 pedestrian_injured, 0.0 pedestrian_killed, Fair (Day), EDSA DILG Quezon City",MMDA Road Safety Unit,,1042aa30-e32b-4898-9524-bec9927e332f,2015-05-25,23:30:00,EDSA Ortigas Ave. Quezon City,0,0,0,0,0,0,0,0,0,0,2015-05-26 7:30,Property,14.63178721,121.0454019,Side Swipe
None,EDSA,None,None,"No Accident Factor, Rear-end, 0.0 drivers_injured, 0.0 drivers_killed, 0.0 passengers_injured, 0.0 passengers_killed, 0.0 pedestrian_injured, 0.0 pedestrian_killed, Fair (Night), EDSA Home Depot Quezon City",MMDA Road Safety Unit,,bb0feb2a-39d8-45d4-93cf-10390eaa24be,2015-05-25,12:30:00,"EDSA Oliveros St., A. Samson  Quezon City",0,0,0,0,0,0,0,0,0,0,2015-05-25 20:30,Property,14.65776197,121.0132202,Rear-End
None,EDSA,None,None,"No Accident Factor, Rear-end, 0.0 drivers_injured, 0.0 drivers_killed, 0.0 passengers_injured, 0.0 passengers_killed, 0.0 pedestrian_injured, 0.0 pedestrian_killed, Fair (Night), EDSA ES Transport Bus Terminal, New York St., E. Rodriguez Quezon City",MMDA Road Safety Unit,,efd76817-7393-4151-a0c0-f735d8a37a49,2015-05-25,12:30:00,EDSA Kamias Road Quezon City,0,0,0,0,0,0,0,0,0,0,2015-05-25 20:30,Property,14.62515746,121.0486037,Rear-End
None,EDSA,None,None,"No Accident Factor, Side Swipe, 0.0 drivers_injured, 0.0 drivers_killed, 0.0 passengers_injured, 0.0 passengers_killed, 0.0 pedestrian_injured, 0.0 pedestrian_killed, Fair (Night), EDSA Waltermart Quezon City",MMDA Road Safety Unit,,2143cf5b-7633-4827-8c4b-6b340745566c,2015-05-25,11:00:00,EDSA Kamuning Road Quezon City,0,0,0,0,0,0,0,0,0,0,2015-05-25 19:00,Property,14.6574558,121.0213579,Side Swipe
None,EDSA,None,None,"No Accident Factor, No Collision Stated (based on Police Blotter Book), 0.0 drivers_injured, 0.0 drivers_killed, 0.0 passengers_injured, 0.0 passengers_killed, 0.0 pedestrian_injured, 0.0 pedestrian_killed, Fair (Night), EDSA Aurora Blvd. Quezon City",MMDA Road Safety Unit,,f46a522d-12da-4014-a1c2-b75e6e7b3f75,2015-05-25,10:30:00,EDSA Monte De Piedad St. Quezon City,0,0,0,0,0,0,0,0,0,0,2015-05-25 18:30,Property,14.62163653,121.0501573,No Collision Stated
None,EDSA,None,None,"No Accident Factor, Side Swipe, 0.0 drivers_injured, 0.0 drivers_killed, 0.0 passengers_injured, 0.0 passengers_killed, 0.0 pedestrian_injured, 0.0 pedestrian_killed, Fair (Day), EDSA Robinson's Galleria Exit Quezon City",MMDA Road Safety Unit,,102417f2-9ff9-4aed-b865-6f59164aa5fc,2015-05-25,05:10:00,EDSA P. Tuazon Blvd. Quezon City,0,0,0,0,0,0,0,0,0,0,2015-05-25 13:10,Property,14.59226131,121.0583025,Side Swipe
None,EDSA,None,None,"No Accident Factor, Side Swipe, 0.0 drivers_injured, 0.0 drivers_killed, 0.0 passengers_injured, 0.0 passengers_killed, 0.0 pedestrian_injured, 0.0 pedestrian_killed, Fair (Day), EDSA P. Tuazon Blvd. Quezon City",MMDA Road Safety Unit,,bad85927-1c9a-4d13-88ed-8f19093e37ab,2015-05-25,03:30:00,"EDSA Corinthian Garden, Ugong Norte Quezon City",0,0,0,0,0,0,0,0,0,0,2015-05-25 11:30,Property,14.61656342,121.0525225,Side Swipe
None,EDSA,None,None,"No Accident Factor, Rear-end, 0.0 drivers_injured, 0.0 drivers_killed, 0.0 passengers_injured, 0.0 passengers_killed, 0.0 pedestrian_injured, 0.0 pedestrian_killed, Fair (Day), EDSA MRT-Santolan Station Quezon City",MMDA Road Safety Unit,,075c9ead-d040-49a9-a8fd-5e21ba0ec325,2015-05-24,22:15:00,EDSA Ermin Garcia St. Quezon City,0,0,0,0,0,0,0,0,0,0,2015-05-25 6:15,Property,14.60772541,121.056443,Rear-End
None,EDSA,None,None,"No Accident Factor, Side Swipe, 0.0 drivers_injured, 0.0 drivers_killed, 0.0 passengers_injured, 0.0 passengers_killed, 0.0 pedestrian_injured, 0.0 pedestrian_killed, Fair (Night), EDSA Col. Bonny Serrano Ave. Quezon City",MMDA Road Safety Unit,,723b03f2-7718-47aa-a0e3-142215c45040,2015-05-24,20:10:00,"EDSA Quezon City Academy, R. Magsaysay Quezon City",0,0,0,0,0,0,0,0,0,0,2015-05-25 4:10,Property,14.61107337,121.0550705,Side Swipe
None,EDSA,None,None,"No Accident Factor, Rear-end, 0.0 drivers_injured, 0.0 drivers_killed, 0.0 passengers_injured, 0.0 passengers_killed, 0.0 pedestrian_injured, 0.0 pedestrian_killed, Fair (Night), EDSA Main Ave. Quezon City",MMDA Road Safety Unit,,d71108c5-5ac6-426d-acd2-27c5afbab755,2015-05-24,13:30:00,EDSA Corregidor St. Quezon City,0,0,0,0,0,0,0,0,0,0,2015-05-24 21:30,Property,14.61376458,121.0537933,Rear-End
None,EDSA,None,None,"No Accident Factor, Side Swipe, 0.0 drivers_injured, 0.0 drivers_killed, 0.0 passengers_injured, 0.0 passengers_killed, 0.0 pedestrian_injured, 0.0 pedestrian_killed, Fair (Day), EDSA Roosevelt Ave. Quezon City",MMDA Road Safety Unit,,b7fee4d5-82ee-4ced-bfbd-b1750addfad2,2015-05-24,07:30:00,EDSA Quezon Ave. Quezon City,0,0,0,0,0,0,0,0,0,0,2015-05-24 15:30,Property,14.65762047,121.0196373,Side Swipe
None,EDSA,None,None,"No Accident Factor, Side Swipe, 0.0 drivers_injured, 0.0 drivers_killed, 0.0 passengers_injured, 0.0 passengers_killed, 0.0 pedestrian_injured, 0.0 pedestrian_killed, Fair (Day), EDSA Oliveros St. Quezon City",MMDA Road Safety Unit,,54a065fb-ba67-47a9-971b-354f1fee7032,2015-05-24,06:00:00,"EDSA ""U"" turn slot, Quezon Ave. Quezon City",0,0,0,0,0,0,0,0,0,0,2015-05-24 14:00,Property,14.65762799,121.0065288,Side Swipe
None,EDSA,None,None,"No Accident Factor, Side Swipe, 0.0 drivers_injured, 0.0 drivers_killed, 0.0 passengers_injured, 0.0 passengers_killed, 0.0 pedestrian_injured, 0.0 pedestrian_killed, Fair (Day), EDSA East Ave. Quezon City",MMDA Road Safety Unit,,844aff56-f05c-46db-878a-117601dd23d8,2015-05-24,03:50:00,EDSA Aurora Blvd. Quezon City,0,0,0,0,0,0,0,0,0,0,2015-05-24 11:50,Property,14.6328297,121.0451176,Side Swipe
None,EDSA,None,None,"No Accident Factor, No Collision Stated (based on Police Blotter Book), 0.0 drivers_injured, 0.0 drivers_killed, 0.0 passengers_injured, 0.0 passengers_killed, 0.0 pedestrian_injured, 0.0 pedestrian_killed, Fair (Day), EDSA Ortigas Ave. Quezon City",MMDA Road Safety Unit,,490b3216-2b1c-43c0-9ef6-ed1a9a3bf7da,2015-05-23,09:30:00,"EDSA Waltermart, San Antonio Quezon City",0,0,0,0,0,0,0,0,0,0,2015-05-23 17:30,Property,14.59335253,121.0584107,No Collision Stated
None,EDSA,None,None,"No Accident Factor, No Collision Stated (based on Police Blotter Book), 0.0 drivers_injured, 0.0 drivers_killed, 0.0 passengers_injured, 0.0 passengers_killed, 0.0 pedestrian_injured, 0.0 pedestrian_killed, Fair (Day), EDSA R. Magsaysay Quezon City",MMDA Road Safety Unit,,19bcde4d-e0ed-4f91-910e-2b361a00d962,2015-05-23,08:30:00,EDSA Aurora Blvd. Quezon City,0,0,0,0,0,0,0,0,0,0,2015-05-23 16:30,Property,14.62774693,121.0471762,No Collision Stated
None,EDSA,None,None,"No Accident Factor, No Collision Stated (based on Police Blotter Book), 0.0 drivers_injured, 0.0 drivers_killed, 0.0 passengers_injured, 0.0 passengers_killed, 0.0 pedestrian_injured, 0.0 pedestrian_killed, Fair (Day), EDSA Aurora Blvd. Quezon City",MMDA Road Safety Unit,,e043260e-bf61-488f-87e4-6f212956892c,2015-05-23,04:50:00,"EDSA MRT-Santolan Station, Camp Aguinaldo Quezon City",0,0,0,0,0,0,0,0,0,0,2015-05-23 12:50,Property,14.62163653,121.0501573,No Collision Stated