LOCATION_TEXT,ROAD,WEATHER,LIGHT,DESC,REPORTING_AGENCY,MAIN_CAUSE,INCIDENTDETAILS_ID,DATE_UTC,TIME_UTC,ADDRESS,killed_driver,killed_passenger,killed_pedestrian,injured_driver,injured_passenger,injured_pedestrian,killed_uncategorized,injured_uncategorized,killed_total,injured_total,DATETIME_PST,SEVERITY,Y,X,COLLISION_TYPE
None,EDSA,None,None,"No Accident Factor, Rear-end, 0.0 drivers_injured, 0.0 drivers_killed, 0.0 passengers_injured, 0.0 passengers_killed, 0.0 pedestrian_injured, 0.0 pedestrian_killed, Fair (Day), EDSA Kamias Road Quezon City",MMDA Road Safety Unit,,95a86dc8-2239-489f-8d2c-32fac323b215,2015-05-23,04:30:00,EDSA Timog Ave. Quezon City,0,0,0,0,0,0,0,0,0,0,2015-05-23 12:30,Property,14.6309142,121.0459376,Rear-End
None,EDSA,None,None,"No Accident Factor, Side Swipe, 0.0 drivers_injured, 0.0 drivers_killed, 0.0 passengers_injured, 0.0 passengers_killed, 0.0 pedestrian_injured, 0.0 pedestrian_killed, Fair (Day), EDSA Puregold, A. Samson Quezon City",MMDA Road Safety Unit,,82a912e5-c790-436a-9035-13ed88e748e1,2015-05-23,03:15:00,EDSA Cloverleaf Road Quezon City,0,0,0,0,0,0,0,0,0,0,2015-05-23 11:15,Property,14.65739538,121.0046638,Side Swipe
None,EDSA,None,None,"No Accident Factor, Side Swipe, 0.0 drivers_injured, 0.0 drivers_killed, 0.0 passengers_injured, 0.0 passengers_killed, 0.0 pedestrian_injured, 0.0 pedestrian_killed, Fair (Day), EDSA Chowking, Ug Sigaw Quezon City",MMDA Road Safety Unit,,8ec6c3f3-cf2e-4292-ae3e-108bf00f213e,2015-05-22,23:50:00,EDSA Cloverleaf Road Quezon City,0,0,0,0,0,0,0,0,0,0,2015-05-23 7:50,Property,14.65695289,120.9836952,Side Swipe
None,EDSA,None,None,"No Accident Factor, Hit Object (Fence/Wall-Steel), 0.0 drivers_injured, 0.0 drivers_killed, 0.0 passengers_injured, 0.0 passengers_killed, 0.0 pedestrian_injured, 0.0 pedestrian_killed, Fair (Night), EDSA Gen. McArthur Ave. Quezon City",MMDA Road Safety Unit,,47f32d46-1d9d-46ff-b930-23d7dbdf87ed,2015-05-22,19:50:00,EDSA Cloverleaf Road Quezon City,0,0,0,0,0,0,0,0,0,0,2015-05-23 3:50,Property,14.61805145,121.0517604,Hit Object
None,EDSA,None,None,"No Accident Factor, Side Swipe, 0.0 drivers_injured, 0.0 drivers_killed, 0.0 passengers_injured, 0.0 passengers_killed, 0.0 pedestrian_injured, 0.0 pedestrian_killed, Fair (Night), EDSA Roosevelt Ave. Quezon City",MMDA Road Safety Unit,,111bf24a-8860-472d-8a78-6c5746f55f56,2015-05-22,11:00:00,EDSA P. Tuazon Blvd. Quezon City,0,0,0,0,0,0,0,0,0,0,2015-05-22 19:00,Property,14.65762047,121.0196373,Side Swipe
None,EDSA,None,None,"No Accident Factor, Side Swipe, 0.0 drivers_injured, 0.0 drivers_killed, 0.0 passengers_injured, 0.0 passengers_killed, 0.0 pedestrian_injured, 0.0 pedestrian_killed, Fair (Day), EDSA Balintawak Market Quezon City",MMDA Road Safety Unit,,bc2e4cdc-14c5-4ff6-9b99-8249950764fa,2015-05-22,08:40:00,"EDSA SM North, Bagong Pag-asa Quezon City",0,0,0,0,0,0,0,0,0,0,2015-05-22 16:40,Property,14.65740947,121.0025737,Side Swipe
None,EDSA,None,None,"No Accident Factor, Side Swipe, 0.0 drivers_injured, 0.0 drivers_killed, 0.0 passengers_injured, 0.0 passengers_killed, 0.0 pedestrian_injured, 0.0 pedestrian_killed, Fair (Day), EDSA Camp Aguinaldo Quezon City",MMDA Road Safety Unit,,74ae407a-3e7c-4ed7-9eab-26392937b771,2015-05-22,02:40:00,"EDSA ES Transport Bus Terminal, E. Rodriguez Quezon City",0,0,0,0,0,0,0,0,0,0,2015-05-22 10:40,Property,14.60818699,121.0564562,Side Swipe
None,EDSA,None,None,"No Accident Factor, Rear-end, 0.0 drivers_injured, 0.0 drivers_killed, 0.0 passengers_injured, 0.0 passengers_killed, 0.0 pedestrian_injured, 0.0 pedestrian_killed, Fair (Day), EDSA Main Ave. Quezon City",MMDA Road Safety Unit,,43994d1b-12fc-471c-b917-478572660f5b,2015-05-21,05:30:00,EDSA North Road Quezon City,0,0,0,0,0,0,0,0,0,0,2015-05-21 13:30,Property,14.61376458,121.0537933,Rear-End
None,EDSA,None,None,"No Accident Factor, Rear-end, 1.0 drivers_injured, 0.0 drivers_killed, 0.0 passengers_injured, 0.0 passengers_killed, 0.0 pedestrian_injured, 0.0 pedestrian_killed, Fair (Day), EDSA Banahaw St. Quezon City",MMDA Road Safety Unit,,24d2d7aa-05f2-4bf3-982c-fe25a5a9c29c,2015-05-21,02:15:00,EDSA Ortigas Ave. Quezon City,0,0,0,1,0,0,0,0,0,1,2015-05-21 10:15,Injury,14.61797303,121.0516572,Rear-End
None,EDSA,None,None,"No Accident Factor, Rear-end, 0.0 drivers_injured, 0.0 drivers_killed, 0.0 passengers_injured, 0.0 passengers_killed, 0.0 pedestrian_injured, 0.0 pedestrian_killed, Fair (Day), EDSA Quezon Ave. Quezon City",MMDA Road Safety Unit,,6b98710a-8453-4f36-8f20-6a2dc57fd7c4,2015-05-21,01:45:00,EDSA Main Ave. Quezon City,0,0,0,0,0,0,0,0,0,0,2015-05-21 9:45,Property,14.6442444,121.0375839,Rear-End
None,EDSA,None,None,"No Accident Factor, Side Swipe, 0.0 drivers_injured, 0.0 drivers_killed, 0.0 passengers_injured, 0.0 passengers_killed, 0.0 pedestrian_injured, 0.0 pedestrian_killed, Fair (Day), EDSA ""U"" turn slot, P. Tuazon Blvd. Quezon City",MMDA Road Safety Unit,,8b7d5c1b-9c2e-4094-a8fe-2c45314a1481,2015-05-21,00:30:00,"EDSA SM North, Bagong Pag-asa Quezon City",0,0,0,0,0,0,0,0,0,0,2015-05-21 8:30,Property,14.61624525,121.0526456,Side Swipe
None,EDSA,None,None,"No Accident Factor, Rear-end, 0.0 drivers_injured, 0.0 drivers_killed, 0.0 passengers_injured, 0.0 passengers_killed, 0.0 pedestrian_injured, 0.0 pedestrian_killed, Fair (Day), EDSA Shell Gas Station, Pinyahan Quezon City",MMDA Road Safety Unit,,e335a4b8-afd2-49df-b945-28085c357efd,2015-05-20,22:00:00,EDSA Col. Bonny Serrano Ave. Quezon City,0,0,0,0,0,0,0,0,0,0,2015-05-21 6:00,Property,14.63806749,121.0415939,Rear-End
None,EDSA,None,None,"No Accident Factor, Self-Accident, 0.0 drivers_injured, 0.0 drivers_killed, 0.0 passengers_injured, 0.0 passengers_killed, 0.0 pedestrian_injured, 0.0 pedestrian_killed, Fair (Night), EDSA Farmers, Cubao Quezon City",MMDA Road Safety Unit,,183d691a-0120-4048-8fd0-e3f834bc00e3,2015-05-20,19:30:00,EDSA Col. Bonny Serrano Ave. Quezon City,0,0,0,0,0,0,0,0,0,0,2015-05-21 3:30,Property,14.61920525,121.0513476,Self-Accident
None,EDSA,None,None,"No Accident Factor, Side Swipe, 0.0 drivers_injured, 0.0 drivers_killed, 0.0 passengers_injured, 0.0 passengers_killed, 0.0 pedestrian_injured, 0.0 pedestrian_killed, Fair (Night), EDSA Victory Liner Bus Terminal Quezon City",MMDA Road Safety Unit,,aeb93409-8b16-4898-a8ca-f76cb3def807,2015-05-20,13:15:00,"EDSA SM North (Annex), Phil-Am Quezon City",0,0,0,0,0,0,0,0,0,0,2015-05-20 21:15,Property,14.63209398,121.0454876,Side Swipe
None,EDSA,None,None,"No Accident Factor, Side Swipe, 0.0 drivers_injured, 0.0 drivers_killed, 0.0 passengers_injured, 0.0 passengers_killed, 0.0 pedestrian_injured, 0.0 pedestrian_killed, Fair (Day), EDSA Cloverleaf Road Quezon City",MMDA Road Safety Unit,,db404c31-74af-4bfb-9baa-f6dff702a73d,2015-05-20,05:35:00,EDSA North Ave. Quezon City,0,0,0,0,0,0,0,0,0,0,2015-05-20 13:35,Property,14.65747901,121.0011914,Side Swipe
None,EDSA,None,None,"No Accident Factor, Side Swipe, 0.0 drivers_injured, 0.0 drivers_killed, 0.0 passengers_injured, 0.0 passengers_killed, 0.0 pedestrian_injured, 0.0 pedestrian_killed, Fair (Day), EDSA Baliwag Liner Bus Terminal Quezon City",MMDA Road Safety Unit,,0902b8ae-60dc-44fb-9377-7691042de1e5,2015-05-20,04:00:00,EDSA Panay Ave. Quezon City,0,0,0,0,0,0,0,0,0,0,2015-05-20 12:00,Property,14.6244766,121.0489584,Side Swipe
None,EDSA,None,None,"No Accident Factor, Side Swipe, 0.0 drivers_injured, 0.0 drivers_killed, 0.0 passengers_injured, 0.0 passengers_killed, 0.0 pedestrian_injured, 0.0 pedestrian_killed, Fair (Day), EDSA P. Tuazon Blvd. Quezon City",MMDA Road Safety Unit,,f25ae71b-3226-4f35-aad6-7363a07725b6,2015-05-20,01:45:00,EDSA P. Tuazon Blvd. Quezon City,0,0,0,0,0,0,0,0,0,0,2015-05-20 9:45,Property,14.61656342,121.0525225,Side Swipe
None,EDSA,None,None,"No Accident Factor, Hit Object (Barrier-Concrete), 0.0 drivers_injured, 0.0 drivers_killed, 0.0 passengers_injured, 0.0 passengers_killed, 0.0 pedestrian_injured, 0.0 pedestrian_killed, Fair (Day), EDSA Shell Gas Station, Katipu Quezon City",MMDA Road Safety Unit,,681da2ec-d3d2-4668-9cc0-c47eb5ca1c4a,2015-05-19,22:15:00,EDSA P. Tuazon Blvd. Quezon City,0,0,0,0,0,0,0,0,0,0,2015-05-20 6:15,Property,14.65744481,121.0162804,Hit Object
None,EDSA,None,None,"No Accident Factor, Angle Impact, 0.0 drivers_injured, 0.0 drivers_killed, 0.0 passengers_injured, 0.0 passengers_killed, 0.0 pedestrian_injured, 0.0 pedestrian_killed, Fair (Night), EDSA People Power Monument, Ugong Norte Quezon City",MMDA Road Safety Unit,,c741a156-1254-4bb0-b6a9-640ace14ea27,2015-05-19,21:30:00,"EDSA ""U"" turn slot, Philam Quezon City",0,0,0,0,0,0,0,0,0,0,2015-05-20 5:30,Property,14.59994643,121.059777,Angle Impact
None,EDSA,None,None,"No Accident Factor, Rear-end, 0.0 drivers_injured, 0.0 drivers_killed, 0.0 passengers_injured, 0.0 passengers_killed, 0.0 pedestrian_injured, 0.0 pedestrian_killed, Fair (Night), EDSA Aurora Blvd. Quezon City",MMDA Road Safety Unit,,0aaca225-d730-4750-b41a-04f142006b96,2015-05-19,11:00:00,"EDSA Robinson's Galleria Exit Driveway Exit, Ugong Norte Quezon City",0,0,0,0,0,0,0,0,0,0,2015-05-19 19:00,Property,14.62163653,121.0501573,Rear-End
None,EDSA,None,None,"No Accident Factor, Rear-end, 0.0 drivers_injured, 0.0 drivers_killed, 0.0 passengers_injured, 0.0 passengers_killed, 0.0 pedestrian_injured, 0.0 pedestrian_killed, Fair (Day), EDSA Main Ave. Quezon City",MMDA Road Safety Unit,,53ef1885-716b-4027-b32a-293f5969bace,2015-05-19,09:00:00,EDSA Camp Aguinaldo (Gate 3) Quezon City,0,0,0,0,0,0,0,0,0,0,2015-05-19 17:00,Property,14.61376458,121.0537933,Rear-End
None,EDSA,None,None,"No Accident Factor, No Collision Stated (based on Police Blotter Book), 0.0 drivers_injured, 0.0 drivers_killed, 0.0 passengers_injured, 0.0 passengers_killed, 0.0 pedestrian_injured, 0.0 pedestrian_killed, Fair (Day), EDSA Kamuning Road Quezon City",MMDA Road Safety Unit,,d2b64920-2a9f-44d0-8fd6-329e81ccf84a,2015-05-19,08:45:00,EDSA Mapagmahal St. Quezon City,0,0,0,0,0,0,0,0,0,0,2015-05-19 16:45,Property,14.63075725,121.0457548,No Collision Stated
None,EDSA,None,None,"No Accident Factor, Side Swipe, 0.0 drivers_injured, 0.0 drivers_killed, 0.0 passengers_injured, 0.0 passengers_killed, 0.0 pedestrian_injured, 0.0 pedestrian_killed, Fair (Day), EDSA Ortigas Ave. Quezon City",MMDA Road Safety Unit,,3482b629-f418-482d-9883-9413cf43fd85,2015-05-19,08:30:00,EDSA West Ave. Quezon City,0,0,0,0,0,0,0,0,0,0,2015-05-19 16:30,Property,14.59335253,121.0584107,Side Swipe
None,EDSA,None,None,"No Accident Factor, No Collision Stated (based on Police Blotter Book), 0.0 drivers_injured, 0.0 drivers_killed, 0.0 passengers_injured, 0.0 passengers_killed, 0.0 pedestrian_injured, 0.0 pedestrian_killed, Fair (Day), EDSA Quezon Ave. Quezon City",MMDA Road Safety Unit,,3b2bcd3a-01c7-41b5-942a-ae9f2f93d017,2015-05-19,07:00:00,EDSA Timog Ave. Quezon City,0,0,0,0,0,0,0,0,0,0,2015-05-19 15:00,Property,14.6442444,121.0375839,No Collision Stated
None,EDSA,None,None,"No Accident Factor, Hit and Run (Side Swipe), 0.0 drivers_injured, 0.0 drivers_killed, 0.0 passengers_injured, 0.0 passengers_killed, 0.0 pedestrian_injured, 0.0 pedestrian_killed, Fair (Day), EDSA Kamuning Road Quezon City",MMDA Road Safety Unit,,2a48c0a9-e0ae-4be0-aeb5-3ab1473ebf55,2015-05-19,03:55:00,"EDSA SM North, Bagong Pag-asa Quezon City",0,0,0,0,0,0,0,0,0,0,2015-05-19 11:55,Property,14.63075725,121.0457548,Side Swipe
None,EDSA,None,None,"No Accident Factor, Rear-end, 0.0 drivers_injured, 0.0 drivers_killed, 0.0 passengers_injured, 0.0 passengers_killed, 0.0 pedestrian_injured, 0.0 pedestrian_killed, Fair (Day), EDSA ""U"" turn slot, MRT-North Ave. Station Quezon City",MMDA Road Safety Unit,,d13210fd-ffb7-4505-9dc9-9e79fe2b2edf,2015-05-19,01:00:00,EDSA Col. Bonny Serrano Ave. Quezon City,0,0,0,0,0,0,0,0,0,0,2015-05-19 9:00,Property,14.65358965,121.0313672,Rear-End
None,EDSA,None,None,"No Accident Factor, No Collision Stated (based on Police Blotter Book), 0.0 drivers_injured, 0.0 drivers_killed, 0.0 passengers_injured, 0.0 passengers_killed, 0.0 pedestrian_injured, 0.0 pedestrian_killed, Fair (Night), EDSA East Ave. Quezon City",MMDA Road Safety Unit,,ee4fa3a3-276b-4ae9-9508-c93fdbc8af07,2015-05-18,15:30:00,EDSA West Ave. Quezon City,0,0,0,0,0,0,0,0,0,0,2015-05-18 23:30,Property,14.6328297,121.0451176,No Collision Stated
None,EDSA,None,None,"No Accident Factor, Rear-end, 0.0 drivers_injured, 0.0 drivers_killed, 0.0 passengers_injured, 0.0 passengers_killed, 0.0 pedestrian_injured, 0.0 pedestrian_killed, Fair (Night), EDSA Congressional Ave. Quezon City",MMDA Road Safety Unit,,02d3bc93-2446-44db-ad9b-42786c36250b,2015-05-18,12:15:00,EDSA Quezon Ave. Quezon City,0,0,0,0,0,0,0,0,0,0,2015-05-18 20:15,Property,14.6571804,120.9927185,Rear-End
None,EDSA,None,None,"No Accident Factor, Side Swipe, 0.0 drivers_injured, 0.0 drivers_killed, 0.0 passengers_injured, 0.0 passengers_killed, 0.0 pedestrian_injured, 0.0 pedestrian_killed, Fair (Day), EDSA East Ave. Quezon City",MMDA Road Safety Unit,,56c81444-c67d-4ce9-800b-81da60eef257,2015-05-18,04:30:00,"EDSA Nepa Q-Mart, West Kamias Quezon City",0,0,0,0,0,0,0,0,0,0,2015-05-18 12:30,Property,14.6328297,121.0451176,Side Swipe
None,EDSA,None,None,"No Accident Factor, Self-Accident, 0.0 drivers_injured, 0.0 drivers_killed, 1.0 passengers_injured, 0.0 passengers_killed, 0.0 pedestrian_injured, 0.0 pedestrian_killed, Fair (Day), EDSA Kamias Road Quezon City",MMDA Road Safety Unit,,e664f2b2-713d-41bf-84b4-f970e9955e71,2015-05-18,03:50:00,"EDSA Jac Liner Bus Terminal, Pinyahan Quezon City",0,0,0,0,1,0,0,0,0,1,2015-05-18 11:50,Injury,14.6309142,121.0459376,Self-Accident
None,EDSA,None,None,"No Accident Factor, No Collision Stated (based on Police Blotter Book), 0.0 drivers_injured, 0.0 drivers_killed, 0.0 passengers_injured, 0.0 passengers_killed, 0.0 pedestrian_injured, 0.0 pedestrian_killed, Fair (Day), EDSA East Ave. Quezon City",MMDA Road Safety Unit,,07064fdb-ec64-43c0-947a-c0827f798dfc,2015-05-18,00:40:00,EDSA Gen. Roxas Ave. Quezon City,0,0,0,0,0,0,0,0,0,0,2015-05-18 8:40,Property,14.6328297,121.0451176,No Collision Stated
None,EDSA,None,None,"No Accident Factor, Rear-end, 0.0 drivers_injured, 0.0 drivers_killed, 0.0 passengers_injured, 0.0 passengers_killed, 0.0 pedestrian_injured, 0.0 pedestrian_killed, Fair (Night), EDSA ""U"" turn slot, Mercury Drugstore, A. Samson Quezon City",MMDA Road Safety Unit,,0727fe8d-4e51-487f-b0b4-8ff52b242bf0,2015-05-17,21:30:00,EDSA Quezon Ave. Quezon City,0,0,0,0,0,0,0,0,0,0,2015-05-18 5:30,Property,14.65750017,121.0075427,Rear-End
None,EDSA,None,None,"No Accident Factor, No Collision Stated (based on Police Blotter Book), 0.0 drivers_injured, 0.0 drivers_killed, 0.0 passengers_injured, 0.0 passengers_killed, 0.0 pedestrian_injured, 0.0 pedestrian_killed, Fair (Night), EDSA Quezon Ave. Quezon City",MMDA Road Safety Unit,,f00d31bd-0998-4aa6-be68-269a59b05273,2015-05-17,20:30:00,EDSA Balintawak Market Quezon City,0,0,0,0,0,0,0,0,0,0,2015-05-18 4:30,Property,14.6442444,121.0375839,No Collision Stated
None,EDSA,None,None,"No Accident Factor, No Collision Stated (based on Police Blotter Book), 0.0 drivers_injured, 0.0 drivers_killed, 0.0 passengers_injured, 0.0 passengers_killed, 0.0 pedestrian_injured, 0.0 pedestrian_killed, Fair (Day), EDSA Corregidor St. Quezon City",MMDA Road Safety Unit,,08600f80-b2f9-4cc1-af3a-9a7b78588678,2015-05-17,05:40:00,"EDSA ""U"" turn slot, Bagong Pag-asa Quezon City",0,0,0,0,0,0,0,0,0,0,2015-05-17 13:40,Property,14.65707679,121.0241648,No Collision Stated
None,EDSA,None,None,"No Accident Factor, Rear-end, 0.0 drivers_injured, 0.0 drivers_killed, 0.0 passengers_injured, 0.0 passengers_killed, 0.0 pedestrian_injured, 0.0 pedestrian_killed, Fair (Day), EDSA West Ave. MRT Station Quezon City",MMDA Road Safety Unit,,756b2365-233d-40df-ab27-6bb7ee2316be,2015-05-17,05:30:00,EDSA Cloverleaf Road Quezon City,0,0,0,0,0,0,0,0,0,0,2015-05-17 13:30,Property,14.65548924,121.0298079,Rear-End
None,EDSA,None,None,"No Accident Factor, Side Swipe, 0.0 drivers_injured, 0.0 drivers_killed, 0.0 passengers_injured, 0.0 passengers_killed, 0.0 pedestrian_injured, 0.0 pedestrian_killed, Fair (Day), EDSA ""U"" turn slot, PWU, Philam Quezon City",MMDA Road Safety Unit,,9a363f0c-75cf-47a6-b401-1dc1794253bb,2015-05-17,02:00:00,"EDSA ""U"" turn slot, Oliveros Quezon City",0,0,0,0,0,0,0,0,0,0,2015-05-17 10:00,Property,14.65001076,121.0336794,Side Swipe
None,EDSA,None,None,"No Accident Factor, No Collision Stated (based on Police Blotter Book), 0.0 drivers_injured, 0.0 drivers_killed, 0.0 passengers_injured, 0.0 passengers_killed, 0.0 pedestrian_injured, 0.0 pedestrian_killed, Fair (Day), EDSA Mindanao Ave. Ext. Quezon City",MMDA Road Safety Unit,,c96721c9-ce95-40dc-b06f-ecc9b4543432,2015-05-17,02:00:00,"EDSA ""U"" turn slot, Bagong Pag-asa Quezon City",0,0,0,0,0,0,0,0,0,0,2015-05-17 10:00,Property,14.65052386,121.0335656,No Collision Stated
None,EDSA,None,None,"No Accident Factor, Side Swipe, 0.0 drivers_injured, 0.0 drivers_killed, 0.0 passengers_injured, 0.0 passengers_killed, 0.0 pedestrian_injured, 0.0 pedestrian_killed, Fair (Night), EDSA Balintawak Market Quezon City",MMDA Road Safety Unit,,da917271-9039-4c76-becd-552da991d4cc,2015-05-16,12:30:00,EDSA Kamias Road Quezon City,0,0,0,0,0,0,0,0,0,0,2015-05-16 20:30,Property,14.65740947,121.0025737,Side Swipe
None,EDSA,None,None,"No Accident Factor, Rear-end, 0.0 drivers_injured, 0.0 drivers_killed, 0.0 passengers_injured, 0.0 passengers_killed, 0.0 pedestrian_injured, 0.0 pedestrian_killed, Fair (Day), EDSA Main Ave. Quezon City",MMDA Road Safety Unit,,b68e0255-8d7c-41a6-8ecf-139bda10f56f,2015-05-16,09:45:00,"EDSA ""U"" turn slot, Santolan, Socorro Quezon City",0,0,0,0,0,0,0,0,0,0,2015-05-16 17:45,Property,14.61376458,121.0537933,Rear-End
None,EDSA,None,None,"No Accident Factor, Rear-end, 1.0 drivers_injured, 0.0 drivers_killed, 0.0 passengers_injured, 0.0 passengers_killed, 0.0 pedestrian_injured, 0.0 pedestrian_killed, Fair (Day), EDSA Corinthian Garden (Gate 3) Quezon City",MMDA Road Safety Unit,,3398c092-43df-4a0e-ba99-cd457bc3a778,2015-05-16,06:30:00,EDSA Camp Aguinaldo (Gate 3) Quezon City,0,0,0,1,0,0,0,0,0,1,2015-05-16 14:30,Injury,14.59580783,121.0595248,Rear-End
None,EDSA,None,None,"No Accident Factor, Multiple Collision, 0.0 drivers_injured, 0.0 drivers_killed, 0.0 passengers_injured, 0.0 passengers_killed, 0.0 pedestrian_injured, 0.0 pedestrian_killed, Fair (Day), EDSA Nepa Q-Mart Quezon City",MMDA Road Safety Unit,,3551f9ca-287c-4acb-89ec-4ad35323997b,2015-05-16,05:40:00,EDSA Quezon Ave. Quezon City,0,0,0,0,0,0,0,0,0,0,2015-05-16 13:40,Property,14.62805361,121.0472521,Multiple
None,EDSA,None,None,"No Accident Factor, Rear-end, 0.0 drivers_injured, 0.0 drivers_killed, 0.0 passengers_injured, 0.0 passengers_killed, 0.0 pedestrian_injured, 0.0 pedestrian_killed, Fair (Day), EDSA Cloverleaf Road Quezon City",MMDA Road Safety Unit,,498311f1-d7b8-4428-ac05-ac38bbe8b9b6,2015-05-16,05:00:00,EDSA Cloverleaf Road Quezon City,0,0,0,0,0,0,0,0,0,0,2015-05-16 13:00,Property,14.65747901,121.0011914,Rear-End
None,EDSA,None,None,"No Accident Factor, Rear-end, 0.0 drivers_injured, 0.0 drivers_killed, 0.0 passengers_injured, 0.0 passengers_killed, 0.0 pedestrian_injured, 0.0 pedestrian_killed, Fair (Day), EDSA MRT-Santolan Station, Camp Aguinaldo Quezon City",MMDA Road Safety Unit,,d8d2a480-7dc4-4344-9939-9176eb0e7dde,2015-05-16,03:45:00,"EDSA Robinson's Galleria, Ugong Norte Quezon City",0,0,0,0,0,0,0,0,0,0,2015-05-16 11:45,Property,14.60772541,121.056443,Rear-End
None,EDSA,None,None,"No Accident Factor, Side Swipe, 0.0 drivers_injured, 0.0 drivers_killed, 0.0 passengers_injured, 0.0 passengers_killed, 0.0 pedestrian_injured, 0.0 pedestrian_killed, Fair (Day), EDSA P. Tuazon Blvd. Quezon City",MMDA Road Safety Unit,,38241c40-e10c-4b87-9614-f468c3e00b37,2015-05-16,03:30:00,EDSA R. Magsaysay Quezon City,0,0,0,0,0,0,0,0,0,0,2015-05-16 11:30,Property,14.61656342,121.0525225,Side Swipe
None,EDSA,None,None,"No Accident Factor, No Collision Stated (based on Police Blotter Book), 0.0 drivers_injured, 0.0 drivers_killed, 0.0 passengers_injured, 0.0 passengers_killed, 0.0 pedestrian_injured, 0.0 pedestrian_killed, Fair (Day), EDSA Roosevelt Ave., Katipu Quezon City",MMDA Road Safety Unit,,d87c09b2-a30a-4e15-8f14-8212fc51b634,2015-05-16,00:30:00,EDSA Cloverleaf Road Quezon City,0,0,0,0,0,0,0,0,0,0,2015-05-16 8:30,Property,14.65762047,121.0196373,No Collision Stated
None,EDSA,None,None,"No Accident Factor, Rear-end, 0.0 drivers_injured, 0.0 drivers_killed, 0.0 passengers_injured, 0.0 passengers_killed, 0.0 pedestrian_injured, 0.0 pedestrian_killed, Fair (Day), EDSA Kamuning Road Quezon City",MMDA Road Safety Unit,,5eed9836-c19f-4b80-91a3-a73fb35dabf6,2015-05-16,00:00:00,EDSA Waltermart Quezon City,0,0,0,0,0,0,0,0,0,0,2015-05-16 8:00,Property,14.63075725,121.0457548,Rear-End
None,EDSA,None,None,"No Accident Factor, No Collision Stated (based on Police Blotter Book), 0.0 drivers_injured, 0.0 drivers_killed, 1.0 passengers_injured, 0.0 passengers_killed, 0.0 pedestrian_injured, 0.0 pedestrian_killed, Fair (Night), EDSA SM North (Annex), R. Magsaysay Quezon City",MMDA Road Safety Unit,,4e0f165f-fb1d-4df8-a9b9-c822c527fb42,2015-05-15,17:00:00,"EDSA Col. Bonny Serrano Ave. (Traffic Light, Socorro) Quezon City",0,0,0,0,1,0,0,0,0,1,2015-05-16 1:00,Injury,14.65645143,121.0271077,No Collision Stated
None,EDSA,None,None,"No Accident Factor, Hit Parked Vehicle, 0.0 drivers_injured, 0.0 drivers_killed, 0.0 passengers_injured, 0.0 passengers_killed, 0.0 pedestrian_injured, 0.0 pedestrian_killed, Fair (Day), EDSA Shell Gas Station, Pinyahan Quezon City",MMDA Road Safety Unit,,e3d34e8b-0384-49c6-b1f7-55af14e44439,2015-05-15,07:45:00,EDSA Aurora Blvd. Quezon City,0,0,0,0,0,0,0,0,0,0,2015-05-15 15:45,Property,14.63806749,121.0415939,Hit Object
None,EDSA,None,None,"No Accident Factor, Rear-end, 0.0 drivers_injured, 0.0 drivers_killed, 0.0 passengers_injured, 0.0 passengers_killed, 0.0 pedestrian_injured, 0.0 pedestrian_killed, Fair (Day), EDSA Cloverleaf Road Quezon City",MMDA Road Safety Unit,,45aa62de-958d-463c-bb69-01fb1da0246a,2015-05-15,01:00:00,EDSA SM North (Annex) Quezon City,0,0,0,0,0,0,0,0,0,0,2015-05-15 9:00,Property,14.65747901,121.0011914,Rear-End
None,EDSA,None,None,"No Accident Factor, Side Swipe, 0.0 drivers_injured, 0.0 drivers_killed, 0.0 passengers_injured, 0.0 passengers_killed, 0.0 pedestrian_injured, 0.0 pedestrian_killed, Fair (Day), EDSA P. Bernardo St. Quezon City",MMDA Road Safety Unit,,e8cb7f07-faaf-49ee-b071-4f5d868d7a28,2015-05-15,00:40:00,EDSA Whiteplains Drive Quezon City,0,0,0,0,0,0,0,0,0,0,2015-05-15 8:40,Property,14.61660092,121.0524313,Side Swipe
None,EDSA,None,None,"No Accident Factor, Rear-end, 0.0 drivers_injured, 0.0 drivers_killed, 0.0 passengers_injured, 0.0 passengers_killed, 0.0 pedestrian_injured, 0.0 pedestrian_killed, Fair (Night), EDSA Main Ave. Quezon City",MMDA Road Safety Unit,,18a83d92-9b21-43e2-b99a-ebd160dffd28,2015-05-14,20:35:00,"EDSA MRT-GMA Station, Pinyahan Quezon City",0,0,0,0,0,0,0,0,0,0,2015-05-15 4:35,Property,14.61376458,121.0537933,Rear-End
None,EDSA,None,None,"No Accident Factor, Side Swipe, 0.0 drivers_injured, 0.0 drivers_killed, 0.0 passengers_injured, 0.0 passengers_killed, 0.0 pedestrian_injured, 0.0 pedestrian_killed, Fair (Night), EDSA Kamias Road Quezon City",MMDA Road Safety Unit,,ff6c7bb9-8e00-404a-bf07-7522282fc261,2015-05-14,13:40:00,EDSA Main Ave. Quezon City,0,0,0,0,0,0,0,0,0,0,2015-05-14 21:40,Property,14.6309142,121.0459376,Side Swipe
None,EDSA,None,None,"No Accident Factor, Side Swipe, 0.0 drivers_injured, 0.0 drivers_killed, 0.0 passengers_injured, 0.0 passengers_killed, 0.0 pedestrian_injured, 0.0 pedestrian_killed, Fair (Day), EDSA P. Tuazon Blvd. Quezon City",MMDA Road Safety Unit,,67b78592-eaf3-47ea-9c85-0ad94485801d,2015-05-14,04:40:00,EDSA Cloverleaf Road Quezon City,0,0,0,0,0,0,0,0,0,0,2015-05-14 12:40,Property,14.61656342,121.0525225,Side Swipe