LOCATION_TEXT,ROAD,WEATHER,LIGHT,DESC,REPORTING_AGENCY,MAIN_CAUSE,INCIDENTDETAILS_ID,DATE_UTC,TIME_UTC,ADDRESS,killed_driver,killed_passenger,killed_pedestrian,injured_driver,injured_passenger,injured_pedestrian,killed_uncategorized,injured_uncategorized,killed_total,injured_total,DATETIME_PST,SEVERITY,Y,X,COLLISION_TYPE
None,EDSA,None,None,"No Accident Factor, No Collision Stated (based on Police Blotter Book), 0.0 drivers_injured, 0.0 drivers_killed, 0.0 passengers_injured, 0.0 passengers_killed, 0.0 pedestrian_injured, 0.0 pedestrian_killed, Fair (Day), EDSA West Ave. Quezon City",MMDA Road Safety Unit,,2249d059-0a02-4e94-b5f6-eecee2166f04,2015-05-13,23:15:00,"EDSA SM North, Bagong Pag-asa Quezon City",0,0,0,0,0,0,0,0,0,0,2015-05-14 7:15,Property,14.65548924,121.0298079,No Collision Stated
None,EDSA,None,None,"No Accident Factor, Hit and Run (No Collision Stated), 1.0 drivers_injured, 0.0 drivers_killed, 1.0 passengers_injured, 0.0 passengers_killed, 0.0 pedestrian_injured, 0.0 pedestrian_killed, Fair (Night), EDSA Camp Aguinaldo (Gate 4) Quezon City",MMDA Road Safety Unit,,d4c6380e-11f4-4cbc-bbab-63019f747d63,2015-05-13,20:45:00,EDSA Camp Aguinaldo Quezon City,0,0,0,1,1,0,0,0,0,2,2015-05-14 4:45,Injury,14.60625964,121.0572945,No Collision Stated
None,EDSA,None,None,"No Accident Factor, Rear-end, 0.0 drivers_injured, 0.0 drivers_killed, 0.0 passengers_injured, 0.0 passengers_killed, 0.0 pedestrian_injured, 0.0 pedestrian_killed, Fair (Night), EDSA ""U"" turn slot, Bagong Pag-asa Quezon City",MMDA Road Safety Unit,,2d7888f7-24f6-4bbc-b32f-a0567539705e,2015-05-13,11:45:00,EDSA Monte De Piedad St. Quezon City,0,0,0,0,0,0,0,0,0,0,2015-05-13 19:45,Property,14.65652754,121.0260743,Rear-End
None,EDSA,None,None,"No Accident Factor, No Collision Stated (based on Police Blotter Book), 0.0 drivers_injured, 0.0 drivers_killed, 0.0 passengers_injured, 0.0 passengers_killed, 0.0 pedestrian_injured, 0.0 pedestrian_killed, Fair (Day), EDSA Mapagmahal St. Quezon City",MMDA Road Safety Unit,,d1648c53-1672-460f-a867-5fc628c67af5,2015-05-13,08:25:00,"EDSA 711 Convenience Store, South Triangle Quezon City",0,0,0,0,0,0,0,0,0,0,2015-05-13 16:25,Property,14.63185046,121.0455315,No Collision Stated
None,EDSA,None,None,"No Accident Factor, No Collision Stated (based on Police Blotter Book), 0.0 drivers_injured, 0.0 drivers_killed, 0.0 passengers_injured, 0.0 passengers_killed, 0.0 pedestrian_injured, 0.0 pedestrian_killed, Fair (Day), EDSA Timog Ave. Quezon City",MMDA Road Safety Unit,,b47ca484-4aab-46a4-97fb-73c8af681d55,2015-05-13,05:30:00,EDSA Trinoma Mall Quezon City,0,0,0,0,0,0,0,0,0,0,2015-05-13 13:30,Property,14.63293559,121.0446304,No Collision Stated
None,EDSA,None,None,"No Accident Factor, No Collision Stated (based on Police Blotter Book), 0.0 drivers_injured, 0.0 drivers_killed, 0.0 passengers_injured, 0.0 passengers_killed, 0.0 pedestrian_injured, 0.0 pedestrian_killed, Fair (Day), EDSA R. Magsaysay Quezon City",MMDA Road Safety Unit,,3ed4394b-207c-43db-ada7-0c5a9e4b1ff9,2015-05-13,03:00:00,EDSA Ortigas Ave. Quezon City,0,0,0,0,0,0,0,0,0,0,2015-05-13 11:00,Property,14.62774693,121.0471762,No Collision Stated
None,EDSA,None,None,"No Accident Factor, Angle Impact, 1.0 drivers_injured, 0.0 drivers_killed, 0.0 passengers_injured, 0.0 passengers_killed, 0.0 pedestrian_injured, 0.0 pedestrian_killed, Fair (Day), EDSA NIA Road Quezon City",MMDA Road Safety Unit,,5b58f8e9-2a0b-4629-9546-12995dedafdd,2015-05-12,07:45:00,EDSA R. Magsaysay Quezon City,0,0,0,1,0,0,0,0,0,1,2015-05-12 15:45,Injury,14.63727823,121.0421362,Angle Impact
None,EDSA,None,None,"No Accident Factor, Rear-end, 0.0 drivers_injured, 0.0 drivers_killed, 0.0 passengers_injured, 0.0 passengers_killed, 0.0 pedestrian_injured, 0.0 pedestrian_killed, Fair (Night), EDSA MRT-Santolan Station Quezon City",MMDA Road Safety Unit,,8d848eb3-7f42-49a4-b1c3-a97e720c3418,2015-05-11,10:30:00,"EDSA Farmers, Socorro Quezon City",0,0,0,0,0,0,0,0,0,0,2015-05-11 18:30,Property,14.60772541,121.056443,Rear-End
None,EDSA,None,None,"No Accident Factor, Side Swipe, 0.0 drivers_injured, 0.0 drivers_killed, 0.0 passengers_injured, 0.0 passengers_killed, 0.0 pedestrian_injured, 0.0 pedestrian_killed, Fair (Day), EDSA Roosevelt Ave. Quezon City",MMDA Road Safety Unit,,7f11b6e5-320b-42a5-beae-c14ad98f6b7a,2015-05-11,09:15:00,EDSA Kamuning Road Quezon City,0,0,0,0,0,0,0,0,0,0,2015-05-11 17:15,Property,14.65762047,121.0196373,Side Swipe
None,EDSA,None,None,"No Accident Factor, No Collision Stated (based on Police Blotter Book), 0.0 drivers_injured, 0.0 drivers_killed, 0.0 passengers_injured, 0.0 passengers_killed, 0.0 pedestrian_injured, 0.0 pedestrian_killed, Fair (Day), EDSA Quezon Ave. Quezon City",MMDA Road Safety Unit,,c174d932-30b5-4eec-be5f-9b2074804762,2015-05-11,07:45:00,EDSA Cloverleaf Road Quezon City,0,0,0,0,0,0,0,0,0,0,2015-05-11 15:45,Property,14.6442444,121.0375839,No Collision Stated
None,EDSA,None,None,"No Accident Factor, Rear-end, 0.0 drivers_injured, 0.0 drivers_killed, 0.0 passengers_injured, 0.0 passengers_killed, 0.0 pedestrian_injured, 0.0 pedestrian_killed, Fair (Day), EDSA North Road Quezon City",MMDA Road Safety Unit,,2c9dac5c-bd5e-4534-a8b6-bb3838729e72,2015-05-11,05:35:00,EDSA Farmers  Quezon City,0,0,0,0,0,0,0,0,0,0,2015-05-11 13:35,Property,14.61444188,121.0532975,Rear-End
None,EDSA,None,None,"No Accident Factor, No Collision Stated (based on Police Blotter Book), 0.0 drivers_injured, 0.0 drivers_killed, 0.0 passengers_injured, 0.0 passengers_killed, 0.0 pedestrian_injured, 0.0 pedestrian_killed, Fair (Day), EDSA Mindanao Ave. Ext. Quezon City",MMDA Road Safety Unit,,65f1d875-8899-4e14-af7c-525a6ceac6fa,2015-05-11,05:30:00,EDSA New York St. Quezon City,0,0,0,0,0,0,0,0,0,0,2015-05-11 13:30,Property,14.65052386,121.0335656,No Collision Stated
None,EDSA,None,None,"No Accident Factor, Rear-end, 0.0 drivers_injured, 0.0 drivers_killed, 0.0 passengers_injured, 0.0 passengers_killed, 0.0 pedestrian_injured, 0.0 pedestrian_killed, Fair (Day), EDSA Roosevelt Ave. Quezon City",MMDA Road Safety Unit,,51152ec1-d02a-43d9-85f5-7ffef7443dfd,2015-05-11,04:15:00,EDSA Camp Aguinaldo (Gate 5) Quezon City,0,0,0,0,0,0,0,0,0,0,2015-05-11 12:15,Property,14.65762047,121.0196373,Rear-End
None,EDSA,None,None,"No Accident Factor, No Collision Stated (based on Police Blotter Book), 0.0 drivers_injured, 0.0 drivers_killed, 0.0 passengers_injured, 0.0 passengers_killed, 0.0 pedestrian_injured, 0.0 pedestrian_killed, Fair (Day), EDSA Oliveros St.  Quezon City",MMDA Road Safety Unit,,3a130177-35b0-451b-ae29-3c66e9fc7c8c,2015-05-11,02:30:00,EDSA Aurora Blvd. Quezon City,0,0,0,0,0,0,0,0,0,0,2015-05-11 10:30,Property,14.65762799,121.0065288,No Collision Stated
None,EDSA,None,None,"No Accident Factor, Side Swipe, 0.0 drivers_injured, 0.0 drivers_killed, 0.0 passengers_injured, 0.0 passengers_killed, 0.0 pedestrian_injured, 0.0 pedestrian_killed, Fair (Day), EDSA P. Tuazon Blvd. Quezon City",MMDA Road Safety Unit,,6471cc1c-ff7f-4ad7-af76-aedbc0880b4a,2015-05-11,01:30:00,"EDSA Lemon Square, Mayon Kaunlaran  Quezon City",0,0,0,0,0,0,0,0,0,0,2015-05-11 9:30,Property,14.61656342,121.0525225,Side Swipe
None,EDSA,None,None,"No Accident Factor, Rear-end, 0.0 drivers_injured, 0.0 drivers_killed, 0.0 passengers_injured, 0.0 passengers_killed, 0.0 pedestrian_injured, 0.0 pedestrian_killed, Fair (Day), EDSA Kamuning Road Quezon City",MMDA Road Safety Unit,,4dcf316d-29eb-420c-95a8-a726b146507c,2015-05-11,00:00:00,"EDSA Nepa Q-Mart, West Kamias Quezon City",0,0,0,0,0,0,0,0,0,0,2015-05-11 8:00,Property,14.63075725,121.0457548,Rear-End
None,EDSA,None,None,"No Accident Factor, Rear-end, 0.0 drivers_injured, 0.0 drivers_killed, 0.0 passengers_injured, 0.0 passengers_killed, 0.0 pedestrian_injured, 0.0 pedestrian_killed, Fair (Day), EDSA Oliveros St., A. Samson Quezon City",MMDA Road Safety Unit,,91ff05be-c381-40d0-9b2d-3415373a268a,2015-05-10,23:00:00,"EDSA Five Star Bus Terminal, E. Rodriguez Quezon City",0,0,0,0,0,0,0,0,0,0,2015-05-11 7:00,Property,14.65762799,121.0065288,Rear-End
None,EDSA,None,None,"No Accident Factor, Side Swipe, 0.0 drivers_injured, 0.0 drivers_killed, 0.0 passengers_injured, 0.0 passengers_killed, 0.0 pedestrian_injured, 0.0 pedestrian_killed, Fair (Day), EDSA Robinson's Galleria, Ugong Norte Quezon City",MMDA Road Safety Unit,,bf6ff735-6498-42e5-9f56-7e3033b98f56,2015-05-10,07:30:00,EDSA Balintawak Market Quezon City,0,0,0,0,0,0,0,0,0,0,2015-05-10 15:30,Property,14.59226131,121.0583025,Side Swipe
None,EDSA,None,None,"No Accident Factor, No Collision Stated (based on Police Blotter Book), 0.0 drivers_injured, 0.0 drivers_killed, 0.0 passengers_injured, 0.0 passengers_killed, 0.0 pedestrian_injured, 0.0 pedestrian_killed, Fair (Day), EDSA Oriental Market  Quezon City",MMDA Road Safety Unit,,13b3c08c-7a7f-4ca7-8bf0-c88eb840a2e5,2015-05-10,07:00:00,EDSA Whiteplains Ave. (Corinthtian) Quezon City,0,0,0,0,0,0,0,0,0,0,2015-05-10 15:00,Property,14.65737026,121.0035995,No Collision Stated
None,EDSA,None,None,"No Accident Factor, No Collision Stated (based on Police Blotter Book), 0.0 drivers_injured, 0.0 drivers_killed, 0.0 passengers_injured, 0.0 passengers_killed, 0.0 pedestrian_injured, 0.0 pedestrian_killed, Fair (Night), EDSA Gen. McArthur Ave. Quezon City",MMDA Road Safety Unit,,f170fb99-3871-4edd-88aa-2bb98195393f,2015-05-09,13:10:00,EDSA Kamuning Road Quezon City,0,0,0,0,0,0,0,0,0,0,2015-05-09 21:10,Property,14.61805145,121.0517604,No Collision Stated
None,EDSA,None,None,"No Accident Factor, Side Swipe, 0.0 drivers_injured, 0.0 drivers_killed, 0.0 passengers_injured, 0.0 passengers_killed, 0.0 pedestrian_injured, 0.0 pedestrian_killed, Fair (Night), EDSA Quezon Ave. Quezon City",MMDA Road Safety Unit,,0e471d2b-59ee-43ad-aba8-67434bf91285,2015-05-09,13:00:00,"EDSA ""U"" turn slot, A. Samson Quezon City",0,0,0,0,0,0,0,0,0,0,2015-05-09 21:00,Property,14.6442444,121.0375839,Side Swipe
None,EDSA,None,None,"No Accident Factor, No Collision Stated (based on Police Blotter Book), 0.0 drivers_injured, 0.0 drivers_killed, 0.0 passengers_injured, 0.0 passengers_killed, 0.0 pedestrian_injured, 0.0 pedestrian_killed, Fair (Night), EDSA Waltermart, Katipu Quezon City",MMDA Road Safety Unit,,e85b77ad-cb98-41d5-9837-ace6ab319f4f,2015-05-09,11:00:00,EDSA Cloverleaf Road Quezon City,0,0,0,0,0,0,0,0,0,0,2015-05-09 19:00,Property,14.6574558,121.0213579,No Collision Stated
None,EDSA,None,None,"No Accident Factor, Rear-end, 0.0 drivers_injured, 0.0 drivers_killed, 0.0 passengers_injured, 0.0 passengers_killed, 0.0 pedestrian_injured, 0.0 pedestrian_killed, Fair (Day), EDSA Cloverleaf Road Quezon City",MMDA Road Safety Unit,,e4d4d0c0-48d2-464a-aa27-292b39bdbeaa,2015-05-09,09:20:00,"EDSA Superlines Bus Terminal, E. Rodriguez Quezon City",0,0,0,0,0,0,0,0,0,0,2015-05-09 17:20,Property,14.65747901,121.0011914,Rear-End
None,EDSA,None,None,"No Accident Factor, No Collision Stated (based on Police Blotter Book), 0.0 drivers_injured, 0.0 drivers_killed, 0.0 passengers_injured, 0.0 passengers_killed, 0.0 pedestrian_injured, 0.0 pedestrian_killed, Fair (Day), EDSA P. Tuazon Blvd. Quezon City",MMDA Road Safety Unit,,45abf492-9eaa-4559-bd32-3b2e11d56363,2015-05-09,08:15:00,EDSA Aurora Blvd. Quezon City,0,0,0,0,0,0,0,0,0,0,2015-05-09 16:15,Property,14.61656342,121.0525225,No Collision Stated
None,EDSA,None,None,"No Accident Factor, No Collision Stated (based on Police Blotter Book), 0.0 drivers_injured, 0.0 drivers_killed, 0.0 passengers_injured, 0.0 passengers_killed, 0.0 pedestrian_injured, 0.0 pedestrian_killed, Fair (Day), EDSA Banahaw St. Quezon City",MMDA Road Safety Unit,,ec98b286-905d-4947-b765-ad8cd0bdb3da,2015-05-09,07:15:00,"EDSA Caltex Gas Station, Balintawak  Quezon City",0,0,0,0,0,0,0,0,0,0,2015-05-09 15:15,Property,14.61797303,121.0516572,No Collision Stated
None,EDSA,None,None,"No Accident Factor, Side Swipe, 0.0 drivers_injured, 0.0 drivers_killed, 0.0 passengers_injured, 0.0 passengers_killed, 0.0 pedestrian_injured, 0.0 pedestrian_killed, Fair (Day), EDSA Camp Aguinaldo (Gate 3) Quezon City",MMDA Road Safety Unit,,2c8eec2a-ce6e-4a3b-8360-b8c10028ee13,2015-05-09,07:10:00,"EDSA SM North, Bagong Pag-asa Quezon City",0,0,0,0,0,0,0,0,0,0,2015-05-09 15:10,Property,14.60832492,121.0563666,Side Swipe
None,EDSA,None,None,"No Accident Factor, Hit Parked Vehicle, 0.0 drivers_injured, 0.0 drivers_killed, 0.0 passengers_injured, 0.0 passengers_killed, 0.0 pedestrian_injured, 0.0 pedestrian_killed, Fair (Day), EDSA Argo Bldg. Driveway, P. Tuazon Blvd. Quezon City",MMDA Road Safety Unit,,591abf36-2ba3-4d3d-90b0-a63246560411,2015-05-09,07:00:00,EDSA Cloverleaf Road Quezon City,0,0,0,0,0,0,0,0,0,0,2015-05-09 15:00,Property,14.61624185,121.0526677,Hit Object
None,EDSA,None,None,"No Accident Factor, No Collision Stated (based on Police Blotter Book), 0.0 drivers_injured, 0.0 drivers_killed, 0.0 passengers_injured, 0.0 passengers_killed, 0.0 pedestrian_injured, 0.0 pedestrian_killed, Fair (Day), EDSA Col. Bonny Serrano Ave. Quezon City",MMDA Road Safety Unit,,80d8482f-97d7-442c-bafa-4d351a875cac,2015-05-09,02:00:00,EDSA Kamias Road Quezon City,0,0,0,0,0,0,0,0,0,0,2015-05-09 10:00,Property,14.61107337,121.0550705,No Collision Stated
None,EDSA,None,None,"No Accident Factor, Side Swipe, 0.0 drivers_injured, 0.0 drivers_killed, 0.0 passengers_injured, 0.0 passengers_killed, 0.0 pedestrian_injured, 0.0 pedestrian_killed, Fair (Night), EDSA Gen. Roxas Ave. Quezon City",MMDA Road Safety Unit,,7ca3a69b-fde5-43a9-97dc-26e4c438acd4,2015-05-08,14:25:00,EDSA Whiteplains Ave. (Camp Aguinaldo) Quezon City,0,0,0,0,0,0,0,0,0,0,2015-05-08 22:25,Property,14.62042254,121.0508064,Side Swipe
None,EDSA,None,None,"No Accident Factor, Side Swipe, 0.0 drivers_injured, 0.0 drivers_killed, 0.0 passengers_injured, 0.0 passengers_killed, 0.0 pedestrian_injured, 0.0 pedestrian_killed, Fair (Night), EDSA Gen. Roxas Ave. Quezon City",MMDA Road Safety Unit,,a8320dfe-0690-4e8b-9cd9-6d5ea40781b1,2015-05-08,14:10:00,EDSA North Ave. Quezon City,0,0,0,0,0,0,0,0,0,0,2015-05-08 22:10,Property,14.62042254,121.0508064,Side Swipe
None,EDSA,None,None,"No Accident Factor, No Collision Stated (based on Police Blotter Book), 0.0 drivers_injured, 0.0 drivers_killed, 0.0 passengers_injured, 0.0 passengers_killed, 0.0 pedestrian_injured, 0.0 pedestrian_killed, Fair (Night), EDSA ""U"" turn slot, Bungad Quezon City",MMDA Road Safety Unit,,b8ed3fd9-05ff-4b05-a6d9-c9681c108b42,2015-05-08,11:30:00,EDSA Kamias Road Quezon City,0,0,0,0,0,0,0,0,0,0,2015-05-08 19:30,Property,14.65570403,121.0294794,No Collision Stated
None,EDSA,None,None,"No Accident Factor, No Collision Stated (based on Police Blotter Book), 0.0 drivers_injured, 0.0 drivers_killed, 0.0 passengers_injured, 0.0 passengers_killed, 0.0 pedestrian_injured, 0.0 pedestrian_killed, Fair (Night), EDSA Congressional Ave. Quezon City",MMDA Road Safety Unit,,b661e3ee-9f93-43c2-8561-c33b68d96db1,2015-05-08,11:20:00,EDSA Camp Aguinaldo Quezon City,0,0,0,0,0,0,0,0,0,0,2015-05-08 19:20,Property,14.6571804,120.9927185,No Collision Stated
None,EDSA,None,None,"No Accident Factor, Rear-end, 0.0 drivers_injured, 0.0 drivers_killed, 0.0 passengers_injured, 0.0 passengers_killed, 0.0 pedestrian_injured, 0.0 pedestrian_killed, Fair (Night), EDSA ""U"" turn slot, Santolan, Socorro Quezon City",MMDA Road Safety Unit,,b0cd9e32-fe0e-42b8-b21d-0fcc5e33a0e7,2015-05-08,11:00:00,EDSA Camp Aguinaldo Quezon City,0,0,0,0,0,0,0,0,0,0,2015-05-08 19:00,Property,14.61042385,121.0553144,Rear-End
None,EDSA,None,None,"No Accident Factor, No Collision Stated (based on Police Blotter Book), 0.0 drivers_injured, 0.0 drivers_killed, 0.0 passengers_injured, 0.0 passengers_killed, 0.0 pedestrian_injured, 0.0 pedestrian_killed, Fair (Day), EDSA West Ave. Quezon City",MMDA Road Safety Unit,,ea45700a-077f-47e6-bb39-50e1d3f4e2be,2015-05-08,06:30:00,EDSA Main Ave. Quezon City,0,0,0,0,0,0,0,0,0,0,2015-05-08 14:30,Property,14.65548924,121.0298079,No Collision Stated
None,EDSA,None,None,"No Accident Factor, Side Swipe, 1.0 drivers_injured, 0.0 drivers_killed, 0.0 passengers_injured, 0.0 passengers_killed, 0.0 pedestrian_injured, 0.0 pedestrian_killed, Fair (Day), EDSA Main Ave. Quezon City",MMDA Road Safety Unit,,9d8e33f6-b663-42bc-8f66-2431d5f10bba,2015-05-08,05:00:00,EDSA Baliwag Liner Bus Terminal Quezon City,0,0,0,1,0,0,0,0,0,1,2015-05-08 13:00,Injury,14.61376458,121.0537933,Side Swipe
None,EDSA,None,None,"No Accident Factor, Side Swipe, 0.0 drivers_injured, 0.0 drivers_killed, 0.0 passengers_injured, 0.0 passengers_killed, 0.0 pedestrian_injured, 0.0 pedestrian_killed, Fair (Day), EDSA Timog Ave. Quezon City",MMDA Road Safety Unit,,9580d8d9-ebbf-4935-a4c3-735490180ce5,2015-05-08,02:50:00,EDSA Main Ave. Quezon City,0,0,0,0,0,0,0,0,0,0,2015-05-08 10:50,Property,14.63293559,121.0446304,Side Swipe
None,EDSA,None,None,"No Accident Factor, Hit and Run (Rear-end), 0.0 drivers_injured, 0.0 drivers_killed, 0.0 passengers_injured, 0.0 passengers_killed, 0.0 pedestrian_injured, 0.0 pedestrian_killed, Fair (Day), EDSA East Ave. Quezon City",MMDA Road Safety Unit,,4bad795c-30cb-4aac-aec7-0c1e23f2b4c5,2015-05-07,23:10:00,EDSA Main Ave. Quezon City,0,0,0,0,0,0,0,0,0,0,2015-05-08 7:10,Property,14.6328297,121.0451176,Rear-End
None,EDSA,None,None,"No Accident Factor, Hit and Run (No Collision Stated), 0.0 drivers_injured, 0.0 drivers_killed, 0.0 passengers_injured, 0.0 passengers_killed, 0.0 pedestrian_injured, 0.0 pedestrian_killed, Fair (Night), EDSA P. Tuazon Blvd. Quezon City",MMDA Road Safety Unit,,70d47a77-401c-431e-981b-4f4d28eb2d20,2015-05-07,13:20:00,EDSA Balintawak Market Quezon City,0,0,0,0,0,0,0,0,0,0,2015-05-07 21:20,Property,14.61656342,121.0525225,No Collision Stated
None,EDSA,None,None,"No Accident Factor, Rear-end, 0.0 drivers_injured, 0.0 drivers_killed, 0.0 passengers_injured, 0.0 passengers_killed, 0.0 pedestrian_injured, 0.0 pedestrian_killed, Fair (Day), EDSA Bulacan St. Quezon City",MMDA Road Safety Unit,,95eb4f30-3e3d-4a78-90ba-eeb2b5068f74,2015-05-07,07:30:00,"EDSA Lucena Lines Bus Terminal, E. Rodriguez  Quezon City",0,0,0,0,0,0,0,0,0,0,2015-05-07 15:30,Property,14.65577077,121.0291718,Rear-End
None,EDSA,None,None,"No Accident Factor, No Collision Stated (based on Police Blotter Book), 0.0 drivers_injured, 0.0 drivers_killed, 0.0 passengers_injured, 0.0 passengers_killed, 0.0 pedestrian_injured, 0.0 pedestrian_killed, Fair (Day), EDSA Robinson's Galleria, Ortigas Ave., Ugong Norte Quezon City",MMDA Road Safety Unit,,c74ac5cd-726a-4ea9-8e62-0ab3b467efa4,2015-05-07,06:00:00,EDSA Aurora Blvd. Quezon City,0,0,0,0,0,0,0,0,0,0,2015-05-07 14:00,Property,14.59226131,121.0583025,No Collision Stated
None,EDSA,None,None,"No Accident Factor, No Collision Stated (based on Police Blotter Book), 0.0 drivers_injured, 0.0 drivers_killed, 0.0 passengers_injured, 0.0 passengers_killed, 0.0 pedestrian_injured, 0.0 pedestrian_killed, Fair (Day), EDSA Trinoma Mall, Bagong Pag-asa Quezon City",MMDA Road Safety Unit,,76f283f6-6cdd-48db-bab3-39372bb5fc60,2015-05-07,05:00:00,EDSA MRT-GMA Station Quezon City,0,0,0,0,0,0,0,0,0,0,2015-05-07 13:00,Property,14.65242607,121.0323133,No Collision Stated
None,EDSA,None,None,"No Accident Factor, No Collision Stated (based on Police Blotter Book), 0.0 drivers_injured, 0.0 drivers_killed, 0.0 passengers_injured, 0.0 passengers_killed, 0.0 pedestrian_injured, 0.0 pedestrian_killed, Fair (Day), EDSA Kamuning Road Quezon City",MMDA Road Safety Unit,,8f013f8c-bf5f-4cc8-ac45-ca1bd66d9481,2015-05-06,08:50:00,EDSA Baliwag Liner Bus Terminal Quezon City,0,0,0,0,0,0,0,0,0,0,2015-05-06 16:50,Property,14.63075725,121.0457548,No Collision Stated
None,EDSA,None,None,"No Accident Factor, No Collision Stated (based on Police Blotter Book), 0.0 drivers_injured, 0.0 drivers_killed, 0.0 passengers_injured, 0.0 passengers_killed, 0.0 pedestrian_injured, 0.0 pedestrian_killed, Fair (Day), EDSA Aurora Blvd. Quezon City",MMDA Road Safety Unit,,3379d371-a2c8-481c-b269-4187e71e5fc1,2015-05-06,07:50:00,"EDSA Petron Gas Station, Socorro Quezon City",0,0,0,0,0,0,0,0,0,0,2015-05-06 15:50,Property,14.62163653,121.0501573,No Collision Stated
None,EDSA,None,None,"No Accident Factor, Side Swipe, 0.0 drivers_injured, 0.0 drivers_killed, 0.0 passengers_injured, 0.0 passengers_killed, 0.0 pedestrian_injured, 0.0 pedestrian_killed, Fair (Day), EDSA Baliwag Liner Bus Terminal Quezon City",MMDA Road Safety Unit,,7da2aeab-2eeb-4961-977b-9b098adcc450,2015-05-06,07:00:00,"EDSA Robinson's Galleria, Ortigas Ave. Quezon City",0,0,0,0,0,0,0,0,0,0,2015-05-06 15:00,Property,14.6244766,121.0489584,Side Swipe
None,EDSA,None,None,"No Accident Factor, Rear-end, 0.0 drivers_injured, 0.0 drivers_killed, 0.0 passengers_injured, 0.0 passengers_killed, 0.0 pedestrian_injured, 0.0 pedestrian_killed, Fair (Day), EDSA Kamuning Road Quezon City",MMDA Road Safety Unit,,365d2dfb-ec77-48ee-9711-2c9e30959576,2015-05-06,06:20:00,"EDSA Florida Bus Terminal, West Kamias Quezon City",0,0,0,0,0,0,0,0,0,0,2015-05-06 14:20,Property,14.63075725,121.0457548,Rear-End
None,EDSA,None,None,"No Accident Factor, Rear-end, 0.0 drivers_injured, 0.0 drivers_killed, 0.0 passengers_injured, 0.0 passengers_killed, 0.0 pedestrian_injured, 0.0 pedestrian_killed, Fair (Day), EDSA Cloverleaf Road Quezon City",MMDA Road Safety Unit,,c932a955-18f8-4e57-8190-dc69f79518fc,2015-05-06,06:15:00,EDSA Aurora Blvd. Quezon City,0,0,0,0,0,0,0,0,0,0,2015-05-06 14:15,Property,14.65747901,121.0011914,Rear-End
None,EDSA,None,None,"No Accident Factor, Rear-end, 0.0 drivers_injured, 0.0 drivers_killed, 0.0 passengers_injured, 0.0 passengers_killed, 0.0 pedestrian_injured, 0.0 pedestrian_killed, Fair (Day), EDSA MRT-Santolan Station Quezon City",MMDA Road Safety Unit,,3841ea59-31e6-4f5c-865c-7d8b0f1bb78e,2015-05-06,00:30:00,"EDSA ""U"" turn slot, Bagong Pag-asa Quezon City",0,0,0,0,0,0,0,0,0,0,2015-05-06 8:30,Property,14.60772541,121.056443,Rear-End
None,EDSA,None,None,"No Accident Factor, Side Swipe, 0.0 drivers_injured, 0.0 drivers_killed, 0.0 passengers_injured, 0.0 passengers_killed, 0.0 pedestrian_injured, 0.0 pedestrian_killed, Fair (Day), EDSA Five Star Bus Terminal, E. Rodriguez Quezon City",MMDA Road Safety Unit,,a513095d-fa64-4710-ae15-db4222af5c9c,2015-05-06,00:15:00,"EDSA SM North, Bagong Pag-asa Quezon City",0,0,0,0,0,0,0,0,0,0,2015-05-06 8:15,Property,14.62375691,121.0492447,Side Swipe
None,EDSA,None,None,"No Accident Factor, No Collision Stated (based on Police Blotter Book), 0.0 drivers_injured, 0.0 drivers_killed, 0.0 passengers_injured, 0.0 passengers_killed, 0.0 pedestrian_injured, 0.0 pedestrian_killed, Fair (Day), EDSA Roosevelt Ave. Quezon City",MMDA Road Safety Unit,,fa2aa785-c064-4aad-8750-0152a3433626,2015-05-05,23:00:00,EDSA Kamias Road Quezon City,0,0,0,0,0,0,0,0,0,0,2015-05-06 7:00,Property,14.65762047,121.0196373,No Collision Stated
None,EDSA,None,None,"No Accident Factor, No Collision Stated (based on Police Blotter Book), 0.0 drivers_injured, 0.0 drivers_killed, 0.0 passengers_injured, 0.0 passengers_killed, 0.0 pedestrian_injured, 0.0 pedestrian_killed, Fair (Day), EDSA Oliveros St. Quezon City",MMDA Road Safety Unit,,cdc0ef17-513b-4e13-8249-2b9e72f10679,2015-05-05,08:45:00,EDSA P. Tuazon Blvd. Quezon City,0,0,0,0,0,0,0,0,0,0,2015-05-05 16:45,Property,14.65762799,121.0065288,No Collision Stated
None,EDSA,None,None,"No Accident Factor, Rear-end, 0.0 drivers_injured, 0.0 drivers_killed, 0.0 passengers_injured, 0.0 passengers_killed, 0.0 pedestrian_injured, 0.0 pedestrian_killed, Fair (Day), EDSA Panay Ave. Quezon City",MMDA Road Safety Unit,,8c192755-57d3-4be7-a1a4-8b8cac0ab103,2015-05-05,07:15:00,"EDSA ""U"" turn slot, Camp Aguinaldo Quezon City",0,0,0,0,0,0,0,0,0,0,2015-05-05 15:15,Property,14.64294686,121.0381076,Rear-End