LOCATION_TEXT,ROAD,WEATHER,LIGHT,DESC,REPORTING_AGENCY,MAIN_CAUSE,INCIDENTDETAILS_ID,DATE_UTC,TIME_UTC,ADDRESS,killed_driver,killed_passenger,killed_pedestrian,injured_driver,injured_passenger,injured_pedestrian,killed_uncategorized,injured_uncategorized,killed_total,injured_total,DATETIME_PST,SEVERITY,Y,X,COLLISION_TYPE
None,EDSA,None,None,"No Accident Factor, Rear-end, 0.0 drivers_injured, 0.0 drivers_killed, 0.0 passengers_injured, 0.0 passengers_killed, 0.0 pedestrian_injured, 0.0 pedestrian_killed, Fair (Day), EDSA Aurora Blvd. Quezon City",MMDA Road Safety Unit,,e2c84c36-0dec-439d-834e-14b1f18f9fce,2015-05-05,07:00:00,"EDSA ""U"" turn slot, Philam Quezon City",0,0,0,0,0,0,0,0,0,0,2015-05-05 15:00,Property,14.62163653,121.0501573,Rear-End
None,EDSA,None,None,"No Accident Factor, Side Swipe, 0.0 drivers_injured, 0.0 drivers_killed, 0.0 passengers_injured, 0.0 passengers_killed, 0.0 pedestrian_injured, 0.0 pedestrian_killed, Fair (Day), EDSA MRT-GMA Station, Pinyahan Quezon City",MMDA Road Safety Unit,,c5328603-4b98-4c61-ac6d-753ab54c91b8,2015-05-05,05:45:00,EDSA New York St. Quezon City,0,0,0,0,0,0,0,0,0,0,2015-05-05 13:45,Property,14.63506067,121.043428,Side Swipe
None,EDSA,None,None,"No Accident Factor, Side Swipe, 0.0 drivers_injured, 0.0 drivers_killed, 0.0 passengers_injured, 0.0 passengers_killed, 0.0 pedestrian_injured, 0.0 pedestrian_killed, Fair (Day), EDSA Monte De Piedad St. Quezon City",MMDA Road Safety Unit,,268bd07e-02b7-4247-b012-73eac5e32312,2015-05-05,04:30:00,EDSA Cloverleaf Quezon City,0,0,0,0,0,0,0,0,0,0,2015-05-05 12:30,Property,14.62346937,121.0491711,Side Swipe
None,EDSA,None,None,"No Accident Factor, Hit Object (Fence/Wall-Concrete), 1.0 drivers_injured, 0.0 drivers_killed, 0.0 passengers_injured, 0.0 passengers_killed, 0.0 pedestrian_injured, 0.0 pedestrian_killed, Fair (Day), EDSA Genesis Bus Terminal, New York St., E. Rodriguez Quezon City",MMDA Road Safety Unit,,f0eab07b-5873-4861-a56c-9de3edb789b1,2015-05-05,01:20:00,EDSA Cloverleaf Road Quezon City,0,0,0,1,0,0,0,0,0,1,2015-05-05 9:20,Injury,14.6256048,121.0483444,Hit Object
None,EDSA,None,None,"No Accident Factor, Rear-end, 0.0 drivers_injured, 0.0 drivers_killed, 0.0 passengers_injured, 0.0 passengers_killed, 0.0 pedestrian_injured, 0.0 pedestrian_killed, Fair (Night), EDSA ""U"" turn slot, Katipu Quezon City",MMDA Road Safety Unit,,85717d6e-6ccf-4622-938c-c8319d27769d,2015-05-04,21:10:00,EDSA R. Magsaysay Quezon City,0,0,0,0,0,0,0,0,0,0,2015-05-05 5:10,Property,14.6575618,121.016261,Rear-End
None,EDSA,None,None,"No Accident Factor, Side Swipe, 0.0 drivers_injured, 0.0 drivers_killed, 0.0 passengers_injured, 0.0 passengers_killed, 0.0 pedestrian_injured, 0.0 pedestrian_killed, Fair (Night), EDSA Camp Aguinaldo (Gate 4) Quezon City",MMDA Road Safety Unit,,33b34b56-3cae-49ac-8a4b-be3e306d3996,2015-05-04,14:15:00,EDSA Quezon Ave. Quezon City,0,0,0,0,0,0,0,0,0,0,2015-05-04 22:15,Property,14.60625964,121.0572945,Side Swipe
None,EDSA,None,None,"No Accident Factor, Angle Impact, 1.0 drivers_injured, 0.0 drivers_killed, 1.0 passengers_injured, 0.0 passengers_killed, 0.0 pedestrian_injured, 0.0 pedestrian_killed, Fair (Night), EDSA Ortigas Ave. Quezon City",MMDA Road Safety Unit,,7e31eb82-8fd4-4f48-8ed7-a7095267335e,2015-05-04,14:05:00,EDSA Waltermart Loading Bay Quezon City,0,0,0,1,1,0,0,0,0,2,2015-05-04 22:05,Injury,14.59335253,121.0584107,Angle Impact
None,EDSA,None,None,"No Accident Factor, Side Swipe, 0.0 drivers_injured, 0.0 drivers_killed, 0.0 passengers_injured, 0.0 passengers_killed, 0.0 pedestrian_injured, 0.0 pedestrian_killed, Fair (Day), EDSA Roosevelt Ave. Quezon City",MMDA Road Safety Unit,,6341159d-d2fc-4e77-9175-b40e4bef964c,2015-05-04,04:00:00,EDSA West Ave. Quezon City,0,0,0,0,0,0,0,0,0,0,2015-05-04 12:00,Property,14.65762047,121.0196373,Side Swipe
None,EDSA,None,None,"No Accident Factor, No Collision Stated (based on Police Blotter Book), 0.0 drivers_injured, 0.0 drivers_killed, 0.0 passengers_injured, 0.0 passengers_killed, 0.0 pedestrian_injured, 0.0 pedestrian_killed, Fair (Day), EDSA ""U"" turn slot, R. Magsaysay Quezon City",MMDA Road Safety Unit,,ee96988b-fecf-4676-b0fd-2669fd29ebf0,2015-05-04,02:45:00,EDSA Quezon Ave. Quezon City,0,0,0,0,0,0,0,0,0,0,2015-05-04 10:45,Property,14.65655357,121.0260701,No Collision Stated
None,EDSA,None,None,"No Accident Factor, Side Swipe, 0.0 drivers_injured, 0.0 drivers_killed, 0.0 passengers_injured, 0.0 passengers_killed, 0.0 pedestrian_injured, 0.0 pedestrian_killed, Fair (Day), EDSA Olivares St. Quezon City",MMDA Road Safety Unit,,9f74fbcc-5a3a-4751-adc2-f55f4db3465c,2015-05-04,02:15:00,EDSA Whiteplains Ave. (P. P. M. Camp Aguinaldo) Quezon City,0,0,0,0,0,0,0,0,0,0,2015-05-04 10:15,Property,14.65762799,121.0065288,Side Swipe
None,EDSA,None,None,"No Accident Factor, No Collision Stated (based on Police Blotter Book), 0.0 drivers_injured, 0.0 drivers_killed, 0.0 passengers_injured, 0.0 passengers_killed, 0.0 pedestrian_injured, 0.0 pedestrian_killed, Fair (Day), EDSA Kamuning Road Quezon City",MMDA Road Safety Unit,,0853c038-0005-44ea-8e1c-f33c1be3e458,2015-05-03,23:15:00,EDSA Cloverleaf Quezon City,0,0,0,0,0,0,0,0,0,0,2015-05-04 7:15,Property,14.63075725,121.0457548,No Collision Stated
None,EDSA,None,None,"No Accident Factor, Side Swipe, 0.0 drivers_injured, 0.0 drivers_killed, 0.0 passengers_injured, 0.0 passengers_killed, 0.0 pedestrian_injured, 0.0 pedestrian_killed, Fair (Night), EDSA West Ave. Quezon City",MMDA Road Safety Unit,,dae1b800-6ab6-4b58-952c-5f29d10f96ab,2015-05-03,21:50:00,EDSA P. Tuazon Blvd. Quezon City,0,0,0,0,0,0,0,0,0,0,2015-05-04 5:50,Property,14.65548924,121.0298079,Side Swipe
None,EDSA,None,None,"No Accident Factor, No Collision Stated (based on Police Blotter Book), 0.0 drivers_injured, 0.0 drivers_killed, 0.0 passengers_injured, 0.0 passengers_killed, 0.0 pedestrian_injured, 0.0 pedestrian_killed, Fair (Night), EDSA Col. Bonny Serrano Ave. Quezon City",MMDA Road Safety Unit,,df4b75ce-ff31-4337-9c3f-90984444a3a5,2015-05-03,21:00:00,"EDSA SM North (Annex), Bagong Pag-asa Quezon City",0,0,0,0,0,0,0,0,0,0,2015-05-04 5:00,Property,14.61107337,121.0550705,No Collision Stated
None,EDSA,None,None,"No Accident Factor, Multiple Collision, 0.0 drivers_injured, 0.0 drivers_killed, 0.0 passengers_injured, 0.0 passengers_killed, 0.0 pedestrian_injured, 0.0 pedestrian_killed, Fair (Day), EDSA Farmers Market, Socorro Quezon City",MMDA Road Safety Unit,,4a3418a6-abdb-4f0e-b968-e0ce0358dfd2,2015-05-03,05:30:00,EDSA P. Tuazon Blvd. Quezon City,0,0,0,0,0,0,0,0,0,0,2015-05-03 13:30,Property,14.61920525,121.0513476,Multiple
None,EDSA,None,None,"No Accident Factor, Multiple Collision, 0.0 drivers_injured, 0.0 drivers_killed, 0.0 passengers_injured, 0.0 passengers_killed, 0.0 pedestrian_injured, 0.0 pedestrian_killed, Fair (Night), EDSA New York St. Quezon City",MMDA Road Safety Unit,,46ddf5c0-0841-4490-b987-93afa0fc8c4c,2015-05-02,16:00:00,EDSA Cloverleaf Quezon City,0,0,0,0,0,0,0,0,0,0,2015-05-03,Property,14.62568514,121.0482307,Multiple
None,EDSA,None,None,"No Accident Factor, No Collision Stated (based on Police Blotter Book), 0.0 drivers_injured, 0.0 drivers_killed, 0.0 passengers_injured, 0.0 passengers_killed, 0.0 pedestrian_injured, 0.0 pedestrian_killed, Fair (Night), EDSA ""U"" turn slot, R. Magsaysay Quezon City",MMDA Road Safety Unit,,0b20563d-6832-47f2-928e-ac6e0abfd774,2015-05-02,10:30:00,"EDSA Puregold, A. Samson  Quezon City",0,0,0,0,0,0,0,0,0,0,2015-05-02 18:30,Property,14.65655357,121.0260701,No Collision Stated
None,EDSA,None,None,"No Accident Factor, Side Swipe, 0.0 drivers_injured, 0.0 drivers_killed, 0.0 passengers_injured, 0.0 passengers_killed, 0.0 pedestrian_injured, 0.0 pedestrian_killed, Fair (Day), EDSA MRT-North Ave. Station, Phil-Am Quezon City",MMDA Road Safety Unit,,7b7dde6a-4564-4dee-bf9d-9148ea7b283f,2015-05-02,09:00:00,EDSA MRT-Balintawak Station Quezon City,0,0,0,0,0,0,0,0,0,0,2015-05-02 17:00,Property,14.65223956,121.0323125,Side Swipe
None,EDSA,None,None,"No Accident Factor, No Collision Stated (based on Police Blotter Book), 0.0 drivers_injured, 0.0 drivers_killed, 0.0 passengers_injured, 0.0 passengers_killed, 0.0 pedestrian_injured, 0.0 pedestrian_killed, Fair (Day), EDSA Mapagmahal St. Quezon City",MMDA Road Safety Unit,,d62d7a4a-b7d4-4b17-8569-36c70539c5f3,2015-05-02,08:35:00,EDSA R. Magsaysay Quezon City,0,0,0,0,0,0,0,0,0,0,2015-05-02 16:35,Property,14.63185046,121.0455315,No Collision Stated
None,EDSA,None,None,"No Accident Factor, No Collision Stated (based on Police Blotter Book), 0.0 drivers_injured, 0.0 drivers_killed, 0.0 passengers_injured, 0.0 passengers_killed, 0.0 pedestrian_injured, 0.0 pedestrian_killed, Fair (Day), EDSA Aurora Blvd. Quezon City",MMDA Road Safety Unit,,4c7dbc5e-c3b0-4930-b4d8-a82b47675069,2015-05-02,08:30:00,EDSA Aurora Blvd. Quezon City,0,0,0,0,0,0,0,0,0,0,2015-05-02 16:30,Property,14.62163653,121.0501573,No Collision Stated
None,EDSA,None,None,"No Accident Factor, Side Swipe, 0.0 drivers_injured, 0.0 drivers_killed, 0.0 passengers_injured, 0.0 passengers_killed, 0.0 pedestrian_injured, 0.0 pedestrian_killed, Fair (Day), EDSA Genesis Bus Terminal, New York St., E. Rodriguez Quezon City",MMDA Road Safety Unit,,c415a15f-64ef-43d0-95c7-b8317f9f9b55,2015-05-02,07:15:00,EDSA Corregidor St. Quezon City,0,0,0,0,0,0,0,0,0,0,2015-05-02 15:15,Property,14.6256048,121.0483444,Side Swipe
None,EDSA,None,None,"No Accident Factor, No Collision Stated (based on Police Blotter Book), 0.0 drivers_injured, 0.0 drivers_killed, 0.0 passengers_injured, 0.0 passengers_killed, 0.0 pedestrian_injured, 0.0 pedestrian_killed, Fair (Day), EDSA ""U"" turn slot, Corregidor St. Quezon City",MMDA Road Safety Unit,,ef71117c-480d-451a-a85d-5f29f038371d,2015-05-02,06:25:00,EDSA Aurora Blvd. (EB) Quezon City,0,0,0,0,0,0,0,0,0,0,2015-05-02 14:25,Property,14.65693502,121.0240825,No Collision Stated
None,EDSA,None,None,"No Accident Factor, Side Swipe, 1.0 drivers_injured, 0.0 drivers_killed, 0.0 passengers_injured, 0.0 passengers_killed, 0.0 pedestrian_injured, 0.0 pedestrian_killed, Fair (Day), EDSA New York St. Quezon City",MMDA Road Safety Unit,,fe9608f2-073c-40dd-8785-a2cf2c1df841,2015-05-02,05:10:00,"EDSA ""U"" turn slot, Sto. Cristo  Quezon City",0,0,0,1,0,0,0,0,0,1,2015-05-02 13:10,Injury,14.62568514,121.0482307,Side Swipe
None,EDSA,None,None,"No Accident Factor, Side Swipe, 0.0 drivers_injured, 0.0 drivers_killed, 0.0 passengers_injured, 0.0 passengers_killed, 0.0 pedestrian_injured, 0.0 pedestrian_killed, Fair (Day), EDSA Baliwag Liner Bus Terminal Quezon City",MMDA Road Safety Unit,,0433e62b-a938-40d0-a480-97561b762c89,2015-05-02,04:05:00,EDSA Waltermart Quezon City,0,0,0,0,0,0,0,0,0,0,2015-05-02 12:05,Property,14.6244766,121.0489584,Side Swipe
None,EDSA,None,None,"No Accident Factor, Rear-end, 0.0 drivers_injured, 0.0 drivers_killed, 0.0 passengers_injured, 0.0 passengers_killed, 0.0 pedestrian_injured, 0.0 pedestrian_killed, Fair (Day), EDSA Cloverleaf Road Quezon City",MMDA Road Safety Unit,,2f34c78b-dd42-4936-bb44-ce6d86e5a307,2015-05-02,01:00:00,EDSA Banahaw St. Quezon City,0,0,0,0,0,0,0,0,0,0,2015-05-02 9:00,Property,14.65747901,121.0011914,Rear-End
None,EDSA,None,None,"No Accident Factor, No Collision Stated (based on Police Blotter Book), 0.0 drivers_injured, 0.0 drivers_killed, 0.0 passengers_injured, 0.0 passengers_killed, 0.0 pedestrian_injured, 0.0 pedestrian_killed, Fair (Night), EDSA Mindanao Ave. Ext. Quezon City",MMDA Road Safety Unit,,0effb09c-e160-430d-a3da-c716742d09c2,2015-05-01,12:30:00,"EDSA SM North, Bagong Pag-asa Quezon City",0,0,0,0,0,0,0,0,0,0,2015-05-01 20:30,Property,14.65052386,121.0335656,No Collision Stated
None,EDSA,None,None,"No Accident Factor, Hit and Run (No Collision Stated), 0.0 drivers_injured, 0.0 drivers_killed, 0.0 passengers_injured, 0.0 passengers_killed, 0.0 pedestrian_injured, 0.0 pedestrian_killed, Fair (Day), EDSA ""U"" turn slot, Veterans Quezon City",MMDA Road Safety Unit,,03eaa926-f88e-4c67-bf2f-6edf6b4d81e0,2015-04-30,23:30:00,EDSA Corregidor St. Quezon City,0,0,0,0,0,0,0,0,0,0,2015-05-01 7:30,Property,14.64995042,121.0336124,No Collision Stated
None,EDSA,None,None,"No Accident Factor, Angle Impact, 0.0 drivers_injured, 0.0 drivers_killed, 0.0 passengers_injured, 0.0 passengers_killed, 0.0 pedestrian_injured, 0.0 pedestrian_killed, Fair (Night), EDSA P. Tuazon Blvd. Quezon City",MMDA Road Safety Unit,,a15ec310-f281-4d96-88d0-db1475144ea2,2015-04-30,20:30:00,"EDSA ""U"" turn slot, Quezon Ave. Quezon City",0,0,0,0,0,0,0,0,0,0,2015-05-01 4:30,Property,14.61656342,121.0525225,Angle Impact
None,EDSA,None,None,"No Accident Factor, No Collision Stated (based on Police Blotter Book), 0.0 drivers_injured, 0.0 drivers_killed, 0.0 passengers_injured, 0.0 passengers_killed, 0.0 pedestrian_injured, 0.0 pedestrian_killed, Fair (Night), EDSA Misamis St. Quezon City",MMDA Road Safety Unit,,e5d3138c-64f8-495c-b6d1-138289b99e5e,2015-04-30,13:45:00,EDSA Col. Bonny Serrano Ave. Quezon City,0,0,0,0,0,0,0,0,0,0,2015-04-30 21:45,Property,14.65602348,121.0285212,No Collision Stated
None,EDSA,None,None,"No Accident Factor, No Collision Stated (based on Police Blotter Book), 0.0 drivers_injured, 0.0 drivers_killed, 0.0 passengers_injured, 0.0 passengers_killed, 0.0 pedestrian_injured, 0.0 pedestrian_killed, Fair (Night), EDSA MRT-North Ave. Station, Bagong Pag-asa Quezon City",MMDA Road Safety Unit,,e9f1404b-57a8-43be-85b6-1869148ccee8,2015-04-30,11:00:00,"EDSA MRT-Santolan Station, Socorro Quezon City",0,0,0,0,0,0,0,0,0,0,2015-04-30 19:00,Property,14.65223956,121.0323125,No Collision Stated
None,EDSA,None,None,"No Accident Factor, Side Swipe, 0.0 drivers_injured, 0.0 drivers_killed, 0.0 passengers_injured, 0.0 passengers_killed, 0.0 pedestrian_injured, 0.0 pedestrian_killed, Fair (Day), EDSA West Ave. Quezon City",MMDA Road Safety Unit,,ff2b72e9-9825-4998-8d29-30aeb5bef161,2015-04-30,07:20:00,EDSA Timog Ave. Quezon City,0,0,0,0,0,0,0,0,0,0,2015-04-30 15:20,Property,14.65548924,121.0298079,Side Swipe
None,EDSA,None,None,"No Accident Factor, No Collision Stated (based on Police Blotter Book), 0.0 drivers_injured, 0.0 drivers_killed, 0.0 passengers_injured, 0.0 passengers_killed, 0.0 pedestrian_injured, 0.0 pedestrian_killed, Fair (Day), EDSA ""U"" turn slot, Sto. Cristo Quezon City",MMDA Road Safety Unit,,f433f118-6759-4f4f-a7f0-78fa26b29cdf,2015-04-30,05:00:00,EDSA Whiteplains Drive (Corinthian Garden) Quezon City,0,0,0,0,0,0,0,0,0,0,2015-04-30 13:00,Property,14.65635369,121.0266372,No Collision Stated
None,EDSA,None,None,"No Accident Factor, Hit and Run (No Collision Stated), 0.0 drivers_injured, 0.0 drivers_killed, 0.0 passengers_injured, 0.0 passengers_killed, 0.0 pedestrian_injured, 0.0 pedestrian_killed, Fair (Day), EDSA Aurora Blvd. Quezon City",MMDA Road Safety Unit,,fdd89ab2-baa9-434e-918a-26539234daea,2015-04-30,04:45:00,EDSA Quezon Ave. Quezon City,0,0,0,0,0,0,0,0,0,0,2015-04-30 12:45,Property,14.62163653,121.0501573,No Collision Stated
None,EDSA,None,None,"No Accident Factor, Rear-end, 0.0 drivers_injured, 0.0 drivers_killed, 0.0 passengers_injured, 0.0 passengers_killed, 0.0 pedestrian_injured, 0.0 pedestrian_killed, Fair (Day), EDSA West Ave. Quezon City",MMDA Road Safety Unit,,fafa430a-770f-4f93-9cee-7e701457f907,2015-04-30,03:15:00,EDSA West Ave. Quezon City,0,0,0,0,0,0,0,0,0,0,2015-04-30 11:15,Property,14.65548924,121.0298079,Rear-End
None,EDSA,None,None,"No Accident Factor, Side Swipe, 0.0 drivers_injured, 0.0 drivers_killed, 0.0 passengers_injured, 0.0 passengers_killed, 0.0 pedestrian_injured, 0.0 pedestrian_killed, Fair (Day), EDSA Balintawak Market Quezon City",MMDA Road Safety Unit,,0c30ee4f-29a0-4e66-a99a-70fcf64fd6cb,2015-04-30,00:30:00,"EDSA ""U"" turn slot, Quezon Ave. Quezon City",0,0,0,0,0,0,0,0,0,0,2015-04-30 8:30,Property,14.65740947,121.0025737,Side Swipe
None,EDSA,None,None,"No Accident Factor, No Collision Stated (based on Police Blotter Book), 0.0 drivers_injured, 0.0 drivers_killed, 0.0 passengers_injured, 0.0 passengers_killed, 0.0 pedestrian_injured, 0.0 pedestrian_killed, Fair (Night), EDSA ""U"" turn slot, R. Magsaysay Quezon City",MMDA Road Safety Unit,,00fb5e95-64ff-47a0-87c6-c8db512d5444,2015-04-29,19:30:00,EDSA Timog Ave. Quezon City,0,0,0,0,0,0,0,0,0,0,2015-04-30 3:30,Property,14.65655357,121.0260701,No Collision Stated
None,EDSA,None,None,"No Accident Factor, Side Swipe, 0.0 drivers_injured, 0.0 drivers_killed, 0.0 passengers_injured, 0.0 passengers_killed, 0.0 pedestrian_injured, 0.0 pedestrian_killed, Fair (Night), EDSA Aurora Blvd. Quezon City",MMDA Road Safety Unit,,0345daf7-e80f-4bca-a95c-37f05d73ff22,2015-04-29,13:30:00,"EDSA Allied Concrete Product, R. Magsaysay Quezon City",0,0,0,0,0,0,0,0,0,0,2015-04-29 21:30,Property,14.62163653,121.0501573,Side Swipe
None,EDSA,None,None,"No Accident Factor, Rear-end, 0.0 drivers_injured, 0.0 drivers_killed, 0.0 passengers_injured, 0.0 passengers_killed, 0.0 pedestrian_injured, 0.0 pedestrian_killed, Fair (Night), EDSA Five Star Bus Terminal, E. Rodriguez Quezon City",MMDA Road Safety Unit,,cb97fea6-4dce-4dab-bb8d-d80675477f60,2015-04-29,13:30:00,EDSA West Ave. Quezon City,0,0,0,0,0,0,0,0,0,0,2015-04-29 21:30,Property,14.62375691,121.0492447,Rear-End
None,EDSA,None,None,"No Accident Factor, Side Swipe, 1.0 drivers_injured, 0.0 drivers_killed, 0.0 passengers_injured, 0.0 passengers_killed, 0.0 pedestrian_injured, 0.0 pedestrian_killed, Fair (Day), EDSA MRT-Santolan Station Quezon City",MMDA Road Safety Unit,,c12383e7-d178-486e-b1fc-b61f967217a2,2015-04-29,04:40:00,EDSA West Ave. Quezon City,0,0,0,1,0,0,0,0,0,1,2015-04-29 12:40,Injury,14.60772541,121.056443,Side Swipe
None,EDSA,None,None,"No Accident Factor, No Collision Stated (based on Police Blotter Book), 0.0 drivers_injured, 0.0 drivers_killed, 0.0 passengers_injured, 0.0 passengers_killed, 0.0 pedestrian_injured, 0.0 pedestrian_killed, Fair (Day), EDSA Kamias Road Quezon City",MMDA Road Safety Unit,,df46d7af-15fa-472d-ba10-0f40c6daefbf,2015-04-28,09:05:00,EDSA West Ave. Quezon City,0,0,0,0,0,0,0,0,0,0,2015-04-28 17:05,Property,14.6309142,121.0459376,No Collision Stated
None,EDSA,None,None,"No Accident Factor, Rear-end, 0.0 drivers_injured, 0.0 drivers_killed, 0.0 passengers_injured, 0.0 passengers_killed, 0.0 pedestrian_injured, 0.0 pedestrian_killed, Fair (Day), EDSA Camp Aguinaldo Quezon City",MMDA Road Safety Unit,,1ed45f39-6844-4113-9aa3-e1c258d539d6,2015-04-28,09:00:00,EDSA Timog Ave. Quezon City,0,0,0,0,0,0,0,0,0,0,2015-04-28 17:00,Property,14.60818699,121.0564562,Rear-End
None,EDSA,None,None,"No Accident Factor, Multiple Collision, 0.0 drivers_injured, 0.0 drivers_killed, 0.0 passengers_injured, 0.0 passengers_killed, 0.0 pedestrian_injured, 0.0 pedestrian_killed, Fair (Day), EDSA Puregold, Balingasa Quezon City",MMDA Road Safety Unit,,e980cb90-9a7d-4c98-81f2-f36399deee83,2015-04-28,08:30:00,EDSA Cloverleaf Road Quezon City,0,0,0,0,0,0,0,0,0,0,2015-04-28 16:30,Property,14.65739538,121.0046638,Multiple
None,EDSA,None,None,"No Accident Factor, No Collision Stated (based on Police Blotter Book), 0.0 drivers_injured, 0.0 drivers_killed, 0.0 passengers_injured, 0.0 passengers_killed, 0.0 pedestrian_injured, 0.0 pedestrian_killed, Fair (Day), EDSA ""U"" turn slot, Bungad Quezon City",MMDA Road Safety Unit,,6cc1e9fe-cbff-4871-8bcc-af44d9e38753,2015-04-28,07:30:00,EDSA Gen. McArthur Ave. Quezon City,0,0,0,0,0,0,0,0,0,0,2015-04-28 15:30,Property,14.65570403,121.0294794,No Collision Stated
None,EDSA,None,None,"No Accident Factor, Side Swipe, 0.0 drivers_injured, 0.0 drivers_killed, 0.0 passengers_injured, 0.0 passengers_killed, 0.0 pedestrian_injured, 0.0 pedestrian_killed, Fair (Day), EDSA Waltermart Quezon City",MMDA Road Safety Unit,,60f1a4ec-453f-4945-860c-ebaf1b9600f6,2015-04-28,06:15:00,EDSA Camp Aguinaldo Quezon City,0,0,0,0,0,0,0,0,0,0,2015-04-28 14:15,Property,14.6574558,121.0213579,Side Swipe
None,EDSA,None,None,"No Accident Factor, No Collision Stated (based on Police Blotter Book), 0.0 drivers_injured, 0.0 drivers_killed, 0.0 passengers_injured, 0.0 passengers_killed, 0.0 pedestrian_injured, 0.0 pedestrian_killed, Fair (Day), EDSA Misamis St. Quezon City",MMDA Road Safety Unit,,d43dbfa8-967c-4e85-9bb2-3670826493b1,2015-04-28,03:30:00,EDSA Mindanao Ave. Ext. Quezon City,0,0,0,0,0,0,0,0,0,0,2015-04-28 11:30,Property,14.65602348,121.0285212,No Collision Stated
None,EDSA,None,None,"No Accident Factor, No Collision Stated (based on Police Blotter Book), 0.0 drivers_injured, 0.0 drivers_killed, 0.0 passengers_injured, 0.0 passengers_killed, 0.0 pedestrian_injured, 0.0 pedestrian_killed, Fair (Night), EDSA Oliveros St. Quezon City",MMDA Road Safety Unit,,7c3b2b2d-f033-4755-b6f6-c170f4c67375,2015-04-27,14:30:00,EDSA Nepa Q-Mart Quezon City,0,0,0,0,0,0,0,0,0,0,2015-04-27 22:30,Property,14.65762799,121.0065288,No Collision Stated
None,EDSA,None,None,"No Accident Factor, Side Swipe, 0.0 drivers_injured, 0.0 drivers_killed, 0.0 passengers_injured, 0.0 passengers_killed, 0.0 pedestrian_injured, 0.0 pedestrian_killed, Fair (Day), EDSA Farmers, Gen. Roxas Ave., Socorro Quezon City",MMDA Road Safety Unit,,1ef726d5-63f2-4200-a55f-b75272bdb7f9,2015-04-27,09:40:00,EDSA SM North (Annex) Quezon City,0,0,0,0,0,0,0,0,0,0,2015-04-27 17:40,Property,14.61920525,121.0513476,Side Swipe
None,EDSA,None,None,"No Accident Factor, Rear-end, 0.0 drivers_injured, 0.0 drivers_killed, 0.0 passengers_injured, 0.0 passengers_killed, 0.0 pedestrian_injured, 0.0 pedestrian_killed, Fair (Day), EDSA Quezon Ave. Quezon City",MMDA Road Safety Unit,,2f80a54d-b243-4783-bac9-0a5715955405,2015-04-27,08:00:00,EDSA ETON Centris Quezon City,0,0,0,0,0,0,0,0,0,0,2015-04-27 16:00,Property,14.6442444,121.0375839,Rear-End
None,EDSA,None,None,"No Accident Factor, Rear-end, 0.0 drivers_injured, 0.0 drivers_killed, 0.0 passengers_injured, 0.0 passengers_killed, 0.0 pedestrian_injured, 0.0 pedestrian_killed, Fair (Day), EDSA Quezon Ave. Quezon City",MMDA Road Safety Unit,,eb3dc1dc-62b3-4f4f-9e8b-8adb0a081422,2015-04-27,03:50:00,EDSA Cloverleaf Balintawak Quezon City,0,0,0,0,0,0,0,0,0,0,2015-04-27 11:50,Property,14.6442444,121.0375839,Rear-End
None,EDSA,None,None,"No Accident Factor, Side Swipe, 0.0 drivers_injured, 0.0 drivers_killed, 0.0 passengers_injured, 0.0 passengers_killed, 0.0 pedestrian_injured, 0.0 pedestrian_killed, Fair (Day), EDSA SM North, Bagong Pag-asa Quezon City",MMDA Road Safety Unit,,7b7f61a8-5285-499c-8fda-5c3e3fe0b9b1,2015-04-27,02:30:00,EDSA P. Tuazon Blvd. Quezon City,0,0,0,0,0,0,0,0,0,0,2015-04-27 10:30,Property,14.65645143,121.0271077,Side Swipe
None,EDSA,None,None,"No Accident Factor, Side Swipe, 0.0 drivers_injured, 0.0 drivers_killed, 0.0 passengers_injured, 0.0 passengers_killed, 0.0 pedestrian_injured, 0.0 pedestrian_killed, Fair (Day), EDSA Five Star Bus Terminal, E. Rodriguez Quezon City",MMDA Road Safety Unit,,576b74ec-7b51-4a06-ab13-6b69d856a0db,2015-04-27,02:00:00,EDSA Corregidor St. Quezon City,0,0,0,0,0,0,0,0,0,0,2015-04-27 10:00,Property,14.62375691,121.0492447,Side Swipe
None,EDSA,None,None,"No Accident Factor, Angle Impact, 1.0 drivers_injured, 0.0 drivers_killed, 0.0 passengers_injured, 0.0 passengers_killed, 0.0 pedestrian_injured, 0.0 pedestrian_killed, Fair (Night), EDSA Kamias Road Quezon City",MMDA Road Safety Unit,,5ca1d5b1-33ac-4f5a-9a7e-bdcf5d579d85,2015-04-26,13:20:00,EDSA Camp Aguinaldo Quezon City,0,0,0,1,0,0,0,0,0,1,2015-04-26 21:20,Injury,14.6309142,121.0459376,Angle Impact
None,EDSA,None,None,"No Accident Factor, Self-Accident, 0.0 drivers_injured, 0.0 drivers_killed, 0.0 passengers_injured, 0.0 passengers_killed, 0.0 pedestrian_injured, 0.0 pedestrian_killed, Fair (Day), EDSA Robinsons Galleria Quezon City",MMDA Road Safety Unit,,ebc7c5ef-4caf-4495-a383-b076cf765dca,2015-04-26,07:00:00,EDSA Ortigas Ave. Quezon City,0,0,0,0,0,0,0,0,0,0,2015-04-26 15:00,Property,14.59206941,121.058228,Self-Accident