LOCATION_TEXT,ROAD,WEATHER,LIGHT,DESC,REPORTING_AGENCY,MAIN_CAUSE,INCIDENTDETAILS_ID,DATE_UTC,TIME_UTC,ADDRESS,killed_driver,killed_passenger,killed_pedestrian,injured_driver,injured_passenger,injured_pedestrian,killed_uncategorized,injured_uncategorized,killed_total,injured_total,DATETIME_PST,SEVERITY,Y,X,COLLISION_TYPE
None,EDSA,None,None,"No Accident Factor, Rear-end, 0.0 drivers_injured, 0.0 drivers_killed, 0.0 passengers_injured, 0.0 passengers_killed, 0.0 pedestrian_injured, 0.0 pedestrian_killed, Fair (Day), EDSA Cloverleaf Road Quezon City",MMDA Road Safety Unit,,3518f708-c298-435d-b1b6-b594f447352b,2015-04-26,01:30:00,"EDSA UNTV, Phil-Am Quezon City",0,0,0,0,0,0,0,0,0,0,2015-04-26 9:30,Property,14.65747901,121.0011914,Rear-End
None,EDSA,None,None,"No Accident Factor, Side Swipe, 0.0 drivers_injured, 0.0 drivers_killed, 0.0 passengers_injured, 0.0 passengers_killed, 0.0 pedestrian_injured, 0.0 pedestrian_killed, Fair (Day), EDSA West Ave. Quezon City",MMDA Road Safety Unit,,e508c798-fddf-4e39-9013-38303d31275c,2015-04-26,01:30:00,EDSA Cloverleaf Balintawak Quezon City,0,0,0,0,0,0,0,0,0,0,2015-04-26 9:30,Property,14.65548924,121.0298079,Side Swipe
None,EDSA,None,None,"No Accident Factor, No Collision Stated (based on Police Blotter Book), 0.0 drivers_injured, 0.0 drivers_killed, 0.0 passengers_injured, 0.0 passengers_killed, 0.0 pedestrian_injured, 0.0 pedestrian_killed, Fair (Night), EDSA Kamuning Road Quezon City",MMDA Road Safety Unit,,ea569beb-5f10-4bca-8ef7-1278e38c7e99,2015-04-25,19:15:00,EDSA Congressional Ave. Quezon City,0,0,0,0,0,0,0,0,0,0,2015-04-26 3:15,Property,14.63075725,121.0457548,No Collision Stated
None,EDSA,None,None,"No Accident Factor, Side Swipe, 0.0 drivers_injured, 0.0 drivers_killed, 0.0 passengers_injured, 0.0 passengers_killed, 0.0 pedestrian_injured, 0.0 pedestrian_killed, Fair (Night), EDSA Genesis Bus Terminal, New York St., E. Rodriguez Quezon City",MMDA Road Safety Unit,,c6ca0434-dec0-4b21-a787-662eb81cad19,2015-04-25,12:50:00,EDSA North Ave. Quezon City,0,0,0,0,0,0,0,0,0,0,2015-04-25 20:50,Property,14.6256048,121.0483444,Side Swipe
None,EDSA,None,None,"No Accident Factor, No Collision Stated (based on Police Blotter Book), 0.0 drivers_injured, 0.0 drivers_killed, 0.0 passengers_injured, 0.0 passengers_killed, 0.0 pedestrian_injured, 0.0 pedestrian_killed, Fair (Day), EDSA ""U"" turn slot, Bungad Quezon City",MMDA Road Safety Unit,,8c8046e4-b62a-4fdd-b9ea-c4303a416c31,2015-04-25,08:00:00,EDSA Timong Ave. Quezon City,0,0,0,0,0,0,0,0,0,0,2015-04-25 16:00,Property,14.65570403,121.0294794,No Collision Stated
None,EDSA,None,None,"No Accident Factor, Side Swipe, 0.0 drivers_injured, 0.0 drivers_killed, 0.0 passengers_injured, 0.0 passengers_killed, 0.0 pedestrian_injured, 0.0 pedestrian_killed, Fair (Day), EDSA Aurora Blvd. Quezon City",MMDA Road Safety Unit,,340694f2-5372-4898-8a29-7a006c4862d4,2015-04-25,07:30:00,EDSA E. Lopez St. Quezon City,0,0,0,0,0,0,0,0,0,0,2015-04-25 15:30,Property,14.62163653,121.0501573,Side Swipe
None,EDSA,None,None,"No Accident Factor, Hit and Run (No Collision Stated), 0.0 drivers_injured, 0.0 drivers_killed, 0.0 passengers_injured, 0.0 passengers_killed, 0.0 pedestrian_injured, 0.0 pedestrian_killed, Fair (Day), EDSA ""U"" turn slot, R. Magsaysay Quezon City",MMDA Road Safety Unit,,1712c40c-530a-4296-ba4f-12bfa3794dd4,2015-04-25,06:00:00,"EDSA SM North, Bagong Pag-asa Quezon City",0,0,0,0,0,0,0,0,0,0,2015-04-25 14:00,Property,14.65655357,121.0260701,No Collision Stated
None,EDSA,None,None,"No Accident Factor, Side Swipe, 0.0 drivers_injured, 0.0 drivers_killed, 0.0 passengers_injured, 0.0 passengers_killed, 0.0 pedestrian_injured, 0.0 pedestrian_killed, Fair (Day), EDSA Aurora Blvd. Quezon City",MMDA Road Safety Unit,,2e59d280-d6e6-4c87-82ce-ae070e6e4235,2015-04-25,04:15:00,EDSA Cloverleaf Road Quezon City,0,0,0,0,0,0,0,0,0,0,2015-04-25 12:15,Property,14.62163653,121.0501573,Side Swipe
None,EDSA,None,None,"No Accident Factor, Side Swipe, 0.0 drivers_injured, 0.0 drivers_killed, 0.0 passengers_injured, 0.0 passengers_killed, 0.0 pedestrian_injured, 0.0 pedestrian_killed, Fair (Day), EDSA ""U"" turn slot, Nissan Quezon City",MMDA Road Safety Unit,,e5a5d376-9f70-48c4-bafc-8217533193c6,2015-04-25,02:15:00,"EDSA ""U"" turn slot, UNTV, Philam Quezon City",0,0,0,0,0,0,0,0,0,0,2015-04-25 10:15,Property,14.65755635,121.0141083,Side Swipe
None,EDSA,None,None,"No Accident Factor, No Collision Stated (based on Police Blotter Book), 0.0 drivers_injured, 0.0 drivers_killed, 1.0 passengers_injured, 0.0 passengers_killed, 0.0 pedestrian_injured, 0.0 pedestrian_killed, Fair (Night), EDSA R. Magsaysay Quezon City",MMDA Road Safety Unit,,f95edf6a-d032-4039-85ab-0e00efd8eea0,2015-04-24,13:45:00,"EDSA ""U"" turn slot, Timog Ave. Quezon City",0,0,0,0,1,0,0,0,0,1,2015-04-24 21:45,Injury,14.62774693,121.0471762,No Collision Stated
None,EDSA,None,None,"No Accident Factor, No Collision Stated (based on Police Blotter Book), 0.0 drivers_injured, 0.0 drivers_killed, 0.0 passengers_injured, 0.0 passengers_killed, 0.0 pedestrian_injured, 0.0 pedestrian_killed, Fair (Night), EDSA North Ave. Quezon City",MMDA Road Safety Unit,,2f7556da-7005-41fa-903c-e1a62924d49e,2015-04-24,11:10:00,"EDSA MRT-GMA Station, Pinyahan Quezon City",0,0,0,0,0,0,0,0,0,0,2015-04-24 19:10,Property,14.65553839,121.0299647,No Collision Stated
None,EDSA,None,None,"No Accident Factor, Side Swipe, 0.0 drivers_injured, 0.0 drivers_killed, 0.0 passengers_injured, 0.0 passengers_killed, 0.0 pedestrian_injured, 0.0 pedestrian_killed, Fair (Night), EDSA Robinson's Galleria, Ortigas Ave., Ugong Norte Quezon City",MMDA Road Safety Unit,,6bd076f3-4c81-4158-acb0-c2a06b629246,2015-04-24,10:05:00,EDSA Corregidor St. Quezon City,0,0,0,0,0,0,0,0,0,0,2015-04-24 18:05,Property,14.59226131,121.0583025,Side Swipe
None,EDSA,None,None,"No Accident Factor, No Collision Stated (based on Police Blotter Book), 0.0 drivers_injured, 0.0 drivers_killed, 0.0 passengers_injured, 0.0 passengers_killed, 0.0 pedestrian_injured, 0.0 pedestrian_killed, Fair (Day), EDSA Mindanao Ave. Ext. Quezon City",MMDA Road Safety Unit,,992475c4-7ff4-45f6-82c7-a63f3aa34346,2015-04-24,09:20:00,EDSA Col. Bonny Serrano Ave. Quezon City,0,0,0,0,0,0,0,0,0,0,2015-04-24 17:20,Property,14.65052386,121.0335656,No Collision Stated
None,EDSA,None,None,"No Accident Factor, Rear-end, 0.0 drivers_injured, 0.0 drivers_killed, 0.0 passengers_injured, 0.0 passengers_killed, 0.0 pedestrian_injured, 0.0 pedestrian_killed, Fair (Day), EDSA Bulacan St. Quezon City",MMDA Road Safety Unit,,1500d0d6-6fcf-43d2-89ab-f0403a9c7577,2015-04-24,07:40:00,EDSA Liberty Ave. Quezon City,0,0,0,0,0,0,0,0,0,0,2015-04-24 15:40,Property,14.65577077,121.0291718,Rear-End
None,EDSA,None,None,"No Accident Factor, No Collision Stated (based on Police Blotter Book), 0.0 drivers_injured, 0.0 drivers_killed, 0.0 passengers_injured, 0.0 passengers_killed, 0.0 pedestrian_injured, 0.0 pedestrian_killed, Fair (Day), EDSA Main Ave. Quezon City",MMDA Road Safety Unit,,c54d3b8c-3361-4a9f-806f-33babd7753dc,2015-04-24,07:15:00,EDSA Quezon Ave. Quezon City,0,0,0,0,0,0,0,0,0,0,2015-04-24 15:15,Property,14.61376458,121.0537933,No Collision Stated
None,EDSA,None,None,"No Accident Factor, Side Swipe, 0.0 drivers_injured, 0.0 drivers_killed, 0.0 passengers_injured, 0.0 passengers_killed, 0.0 pedestrian_injured, 0.0 pedestrian_killed, Fair (Day), EDSA ""U"" turn slot, Ortigas Ave. Quezon City",MMDA Road Safety Unit,,8e6653a3-2645-4104-ab41-1a23c57af9ca,2015-04-24,06:45:00,"EDSA ""U"" turn slot, Quezon Ave. Quezon City",0,0,0,0,0,0,0,0,0,0,2015-04-24 14:45,Property,14.59252096,121.0581848,Side Swipe
None,EDSA,None,None,"No Accident Factor, Side Swipe, 0.0 drivers_injured, 0.0 drivers_killed, 0.0 passengers_injured, 0.0 passengers_killed, 0.0 pedestrian_injured, 0.0 pedestrian_killed, Fair (Day), EDSA Aurora Blvd. Quezon City",MMDA Road Safety Unit,,7166fad9-de16-4098-9553-46eb4967ceac,2015-04-24,03:55:00,EDSA Dominion Liner Bus Terminal Quezon City,0,0,0,0,0,0,0,0,0,0,2015-04-24 11:55,Property,14.62163653,121.0501573,Side Swipe
None,EDSA,None,None,"No Accident Factor, Rear-end, 0.0 drivers_injured, 0.0 drivers_killed, 0.0 passengers_injured, 0.0 passengers_killed, 0.0 pedestrian_injured, 0.0 pedestrian_killed, Fair (Day), EDSA Main Ave. Quezon City",MMDA Road Safety Unit,,e7cda536-e773-4edf-8f5a-7cabfe8645a8,2015-04-24,03:30:00,"EDSA ""U"" turn slot, A. Samson Quezon City",0,0,0,0,0,0,0,0,0,0,2015-04-24 11:30,Property,14.61376458,121.0537933,Rear-End
None,EDSA,None,None,"No Accident Factor, No Collision Stated (based on Police Blotter Book), 0.0 drivers_injured, 0.0 drivers_killed, 0.0 passengers_injured, 0.0 passengers_killed, 0.0 pedestrian_injured, 0.0 pedestrian_killed, Fair (Day), EDSA ""U"" turn slot, Jam Liner Bus Terminal Quezon City",MMDA Road Safety Unit,,013e8feb-10e4-4c19-8dea-82bae51c4e08,2015-04-24,01:20:00,"EDSA Corinthian Garden, Ugong Norte Quezon City",0,0,0,0,0,0,0,0,0,0,2015-04-24 9:20,Property,14.63181767,121.0453279,No Collision Stated
None,EDSA,None,None,"No Accident Factor, No Collision Stated (based on Police Blotter Book), 0.0 drivers_injured, 0.0 drivers_killed, 0.0 passengers_injured, 0.0 passengers_killed, 0.0 pedestrian_injured, 0.0 pedestrian_killed, Fair (Day), EDSA Aurora Blvd. Quezon City",MMDA Road Safety Unit,,0294063a-26d9-41f3-b946-aeaec238845e,2015-04-23,05:25:00,"EDSA ""U"" turn slot, Red Central Terminal Quezon City",0,0,0,0,0,0,0,0,0,0,2015-04-23 13:25,Property,14.62163653,121.0501573,No Collision Stated
None,EDSA,None,None,"No Accident Factor, Rear-end, 0.0 drivers_injured, 0.0 drivers_killed, 0.0 passengers_injured, 0.0 passengers_killed, 0.0 pedestrian_injured, 0.0 pedestrian_killed, Fair (Day), EDSA Oliveros St. Quezon City",MMDA Road Safety Unit,,53818fa0-54e9-408a-ac39-16d7af36cd42,2015-04-23,04:00:00,EDSA Aurora Blvd. Quezon City,0,0,0,0,0,0,0,0,0,0,2015-04-23 12:00,Property,14.65762799,121.0065288,Rear-End
None,EDSA,None,None,"No Accident Factor, Side Swipe, 0.0 drivers_injured, 0.0 drivers_killed, 0.0 passengers_injured, 0.0 passengers_killed, 0.0 pedestrian_injured, 0.0 pedestrian_killed, Fair (Day), EDSA P. Tuazon Blvd. Quezon City",MMDA Road Safety Unit,,64204528-569e-4ffd-a9d7-a759431feb18,2015-04-23,03:30:00,EDSA Timog Ave. Quezon City,0,0,0,0,0,0,0,0,0,0,2015-04-23 11:30,Property,14.61656342,121.0525225,Side Swipe
None,EDSA,None,None,"No Accident Factor, No Collision Stated (based on Police Blotter Book), 0.0 drivers_injured, 0.0 drivers_killed, 0.0 passengers_injured, 0.0 passengers_killed, 0.0 pedestrian_injured, 0.0 pedestrian_killed, Fair (Day), EDSA Bansalangin St. Quezon City",MMDA Road Safety Unit,,70f4362d-8a31-4ac2-8e89-e537ef8a4412,2015-04-23,00:05:00,EDSA Quezon Ave. Quezon City,0,0,0,0,0,0,0,0,0,0,2015-04-23 8:05,Property,14.6567996,121.0241845,No Collision Stated
None,EDSA,None,None,"No Accident Factor, No Collision Stated (based on Police Blotter Book), 0.0 drivers_injured, 0.0 drivers_killed, 0.0 passengers_injured, 0.0 passengers_killed, 0.0 pedestrian_injured, 0.0 pedestrian_killed, Fair (Night), EDSA ""U"" turn slot, R. Magsaysay Quezon City",MMDA Road Safety Unit,,e64784ef-ef5e-40ef-a7ac-7e953e6ec23d,2015-04-22,13:45:00,"EDSA Robinson's Galleria, Ortigas Ave. Quezon City",0,0,0,0,0,0,0,0,0,0,2015-04-22 21:45,Property,14.65655357,121.0260701,No Collision Stated
None,EDSA,None,None,"No Accident Factor, Hit and Run (No Collision Stated), 0.0 drivers_injured, 0.0 drivers_killed, 0.0 passengers_injured, 0.0 passengers_killed, 0.0 pedestrian_injured, 0.0 pedestrian_killed, Fair (Night), EDSA Roosevelt Ave. Quezon City",MMDA Road Safety Unit,,f53267f0-1689-41b5-881f-cd80d91a08b6,2015-04-22,12:30:00,EDSA K-3rd St. Quezon City,0,0,0,0,0,0,0,0,0,0,2015-04-22 20:30,Property,14.65762047,121.0196373,No Collision Stated
None,EDSA,None,None,"No Accident Factor, No Collision Stated (based on Police Blotter Book), 0.0 drivers_injured, 0.0 drivers_killed, 0.0 passengers_injured, 0.0 passengers_killed, 0.0 pedestrian_injured, 0.0 pedestrian_killed, Fair (Night), EDSA R. Magsaysay Quezon City",MMDA Road Safety Unit,,13536f4d-8cdc-41e7-ad78-41f5d552a6bf,2015-04-22,12:00:00,EDSA Col. Bonny Serrano Ave. Quezon City,0,0,0,0,0,0,0,0,0,0,2015-04-22 20:00,Property,14.62774693,121.0471762,No Collision Stated
None,EDSA,None,None,"No Accident Factor, No Collision Stated (based on Police Blotter Book), 0.0 drivers_injured, 0.0 drivers_killed, 0.0 passengers_injured, 0.0 passengers_killed, 0.0 pedestrian_injured, 0.0 pedestrian_killed, Fair (Night), EDSA Aurora Blvd. Quezon City",MMDA Road Safety Unit,,0ba76001-210a-44ce-98ca-b3851ea5a39c,2015-04-22,11:35:00,EDSA Waltermart Quezon City,0,0,0,0,0,0,0,0,0,0,2015-04-22 19:35,Property,14.62163653,121.0501573,No Collision Stated
None,EDSA,None,None,"No Accident Factor, Side Swipe, 0.0 drivers_injured, 0.0 drivers_killed, 0.0 passengers_injured, 0.0 passengers_killed, 0.0 pedestrian_injured, 0.0 pedestrian_killed, Fair (Day), EDSA Aurora Blvd. Quezon City",MMDA Road Safety Unit,,28214ac0-6879-4d72-92c0-bafca54e7b34,2015-04-22,08:55:00,EDSA Fema Road Quezon City,0,0,0,0,0,0,0,0,0,0,2015-04-22 16:55,Property,14.62163653,121.0501573,Side Swipe
None,EDSA,None,None,"No Accident Factor, No Collision Stated (based on Police Blotter Book), 0.0 drivers_injured, 0.0 drivers_killed, 0.0 passengers_injured, 0.0 passengers_killed, 0.0 pedestrian_injured, 0.0 pedestrian_killed, Fair (Day), EDSA ETON Centris Station, Pinyahan Quezon City",MMDA Road Safety Unit,,36c58244-9feb-4360-8452-731464b04cf4,2015-04-22,07:00:00,EDSA Aurora Blvd. Quezon City,0,0,0,0,0,0,0,0,0,0,2015-04-22 15:00,Property,14.64266722,121.0386872,No Collision Stated
None,EDSA,None,None,"No Accident Factor, No Collision Stated (based on Police Blotter Book), 0.0 drivers_injured, 0.0 drivers_killed, 0.0 passengers_injured, 0.0 passengers_killed, 0.0 pedestrian_injured, 0.0 pedestrian_killed, Fair (Day), EDSA Bansalangin St. Quezon City",MMDA Road Safety Unit,,3c877577-720b-4d2f-bbc3-f111838f9742,2015-04-22,04:30:00,"EDSA ""U"" turn slot, SM North (Annex) Quezon City",0,0,0,0,0,0,0,0,0,0,2015-04-22 12:30,Property,14.6567996,121.0241845,No Collision Stated
None,EDSA,None,None,"No Accident Factor, Hit and Run (No Collision Stated), 0.0 drivers_injured, 0.0 drivers_killed, 0.0 passengers_injured, 0.0 passengers_killed, 0.0 pedestrian_injured, 0.0 pedestrian_killed, Fair (Day), EDSA Col. Bonny Serrano Ave. Quezon City",MMDA Road Safety Unit,,bb3704e5-8fb7-4651-95f8-ba678a501b7c,2015-04-21,22:50:00,EDSA Kamuning Road Quezon City,0,0,0,0,0,0,0,0,0,0,2015-04-22 6:50,Property,14.61107337,121.0550705,No Collision Stated
None,EDSA,None,None,"No Accident Factor, Rear-end, 0.0 drivers_injured, 0.0 drivers_killed, 0.0 passengers_injured, 0.0 passengers_killed, 0.0 pedestrian_injured, 0.0 pedestrian_killed, Fair (Night), EDSA Ford, Bagong Lipu ng Crame Quezon City",MMDA Road Safety Unit,,4e50e904-212f-4cdf-828f-d1ba745882dc,2015-04-21,16:00:00,EDSA Col. Bonny Serrano Ave. Quezon City,0,0,0,0,0,0,0,0,0,0,2015-04-22,Property,14.60284218,121.0586516,Rear-End
None,EDSA,None,None,"No Accident Factor, Rear-end, 0.0 drivers_injured, 0.0 drivers_killed, 0.0 passengers_injured, 0.0 passengers_killed, 0.0 pedestrian_injured, 0.0 pedestrian_killed, Fair (Night), EDSA Nepa Q-Mart, E. Rodriguez Quezon City",MMDA Road Safety Unit,,13391fbb-bd95-4e8f-8fb9-f1ba980d3919,2015-04-21,15:00:00,"EDSA ""U"" turn slot, Panay Ave. Quezon City",0,0,0,0,0,0,0,0,0,0,2015-04-21 23:00,Property,14.62805361,121.0472521,Rear-End
None,EDSA,None,None,"No Accident Factor, Side Swipe, 0.0 drivers_injured, 0.0 drivers_killed, 0.0 passengers_injured, 0.0 passengers_killed, 0.0 pedestrian_injured, 0.0 pedestrian_killed, Fair (Night), EDSA Trinoma Mall, Bagong Pag-asa Quezon City",MMDA Road Safety Unit,,416fa91c-be45-4e5d-9b57-28cb96103c57,2015-04-21,12:00:00,EDSA GMA-7 Quezon City,0,0,0,0,0,0,0,0,0,0,2015-04-21 20:00,Property,14.65242607,121.0323133,Side Swipe
None,EDSA,None,None,"No Accident Factor, Rear-end, 0.0 drivers_injured, 0.0 drivers_killed, 0.0 passengers_injured, 0.0 passengers_killed, 0.0 pedestrian_injured, 0.0 pedestrian_killed, Fair (Day), EDSA Camp Crame (Gate 1) Quezon City",MMDA Road Safety Unit,,43f1fe39-6236-40dd-ba6f-6161c5e20252,2015-04-21,07:10:00,EDSA Cloverleaf Balintawak Quezon City,0,0,0,0,0,0,0,0,0,0,2015-04-21 15:10,Property,14.60923788,121.0557422,Rear-End
None,EDSA,None,None,"No Accident Factor, No Collision Stated (based on Police Blotter Book), 0.0 drivers_injured, 0.0 drivers_killed, 0.0 passengers_injured, 0.0 passengers_killed, 0.0 pedestrian_injured, 0.0 pedestrian_killed, Fair (Day), EDSA Waltermart, Katipu Quezon City",MMDA Road Safety Unit,,3930744d-b75b-444a-b055-9ae58b788828,2015-04-21,05:50:00,EDSA Aurora Blvd. Quezon City,0,0,0,0,0,0,0,0,0,0,2015-04-21 13:50,Property,14.6574558,121.0213579,No Collision Stated
None,EDSA,None,None,"No Accident Factor, Hit and Run (No Collision Stated), 0.0 drivers_injured, 0.0 drivers_killed, 0.0 passengers_injured, 0.0 passengers_killed, 0.0 pedestrian_injured, 0.0 pedestrian_killed, Fair (Day), EDSA ""U"" turn slot, Bagong Pag-asa Quezon City",MMDA Road Safety Unit,,d893b737-e435-428b-9bf4-32ccf925ba7e,2015-04-21,03:55:00,EDSA Aurora Blvd. Quezon City,0,0,0,0,0,0,0,0,0,0,2015-04-21 11:55,Property,14.65652754,121.0260743,No Collision Stated
None,EDSA,None,None,"No Accident Factor, Rear-end, 0.0 drivers_injured, 0.0 drivers_killed, 0.0 passengers_injured, 0.0 passengers_killed, 0.0 pedestrian_injured, 0.0 pedestrian_killed, Fair (Day), EDSA Kamuning Road Quezon City",MMDA Road Safety Unit,,2a23ccf5-4934-466a-b656-a27b483f3e8f,2015-04-21,02:30:00,EDSA Cloverleaf Quezon City,0,0,0,0,0,0,0,0,0,0,2015-04-21 10:30,Property,14.63075725,121.0457548,Rear-End
None,EDSA,None,None,"No Accident Factor, Rear-end, 0.0 drivers_injured, 0.0 drivers_killed, 0.0 passengers_injured, 0.0 passengers_killed, 0.0 pedestrian_injured, 0.0 pedestrian_killed, Fair (Day), EDSA Mayor Ignacia Diaz St. Quezon City",MMDA Road Safety Unit,,b5e57e23-2d96-4be7-aaeb-b05121f48e77,2015-04-21,02:10:00,EDSA Corregidor St. Quezon City,0,0,0,0,0,0,0,0,0,0,2015-04-21 10:10,Property,14.61785258,121.0515682,Rear-End
None,EDSA,None,None,"No Accident Factor, Side Swipe, 0.0 drivers_injured, 0.0 drivers_killed, 0.0 passengers_injured, 0.0 passengers_killed, 0.0 pedestrian_injured, 0.0 pedestrian_killed, Fair (Day), EDSA Ramon Magsaysay High School Quezon City",MMDA Road Safety Unit,,ca3c653e-d570-43e0-aedc-7dcd22bfc2a6,2015-04-21,01:30:00,EDSA Aurora Blvd. Quezon City,0,0,0,0,0,0,0,0,0,0,2015-04-21 9:30,Property,14.62774693,121.0471762,Side Swipe
None,EDSA,None,None,"No Accident Factor, Side Swipe, 0.0 drivers_injured, 0.0 drivers_killed, 0.0 passengers_injured, 0.0 passengers_killed, 0.0 pedestrian_injured, 0.0 pedestrian_killed, Fair (Night), EDSA Five Star Bus Terminal, E. Rodriguez Quezon City",MMDA Road Safety Unit,,c6c21309-4260-4ed3-b400-2f8c9a5da5d5,2015-04-20,13:30:00,"EDSA Iglesia ni Cristo, San Antonio Quezon City",0,0,0,0,0,0,0,0,0,0,2015-04-20 21:30,Property,14.62375691,121.0492447,Side Swipe
None,EDSA,None,None,"No Accident Factor, Angle Impact, 0.0 drivers_injured, 0.0 drivers_killed, 0.0 passengers_injured, 0.0 passengers_killed, 0.0 pedestrian_injured, 0.0 pedestrian_killed, Fair (Night), EDSA Robinson's Galleria, Ugong Norte Quezon City",MMDA Road Safety Unit,,e2af9c84-5014-48e2-802e-5f7635f5d5a2,2015-04-20,11:30:00,EDSA Corregidor St. Quezon City,0,0,0,0,0,0,0,0,0,0,2015-04-20 19:30,Property,14.59226131,121.0583025,Angle Impact
None,EDSA,None,None,"No Accident Factor, No Collision Stated (based on Police Blotter Book), 0.0 drivers_injured, 0.0 drivers_killed, 0.0 passengers_injured, 0.0 passengers_killed, 0.0 pedestrian_injured, 0.0 pedestrian_killed, Fair (Night), EDSA Misamis St. Quezon City",MMDA Road Safety Unit,,efa58a4e-c2e5-4251-92ba-d9d936d6ba13,2015-04-20,11:15:00,EDSA New York St. Quezon City,0,0,0,0,0,0,0,0,0,0,2015-04-20 19:15,Property,14.65602348,121.0285212,No Collision Stated
None,EDSA,None,None,"No Accident Factor, Side Swipe, 0.0 drivers_injured, 0.0 drivers_killed, 0.0 passengers_injured, 0.0 passengers_killed, 0.0 pedestrian_injured, 0.0 pedestrian_killed, Fair (Night), EDSA Roosevelt Ave. Quezon City",MMDA Road Safety Unit,,76d06dc8-b564-45c0-95bc-e86285aa82df,2015-04-20,10:30:00,"EDSA ""U"" turn slot, Kamias Road Quezon City",0,0,0,0,0,0,0,0,0,0,2015-04-20 18:30,Property,14.65762047,121.0196373,Side Swipe
None,EDSA,None,None,"No Accident Factor, No Collision Stated (based on Police Blotter Book), 0.0 drivers_injured, 0.0 drivers_killed, 0.0 passengers_injured, 0.0 passengers_killed, 0.0 pedestrian_injured, 0.0 pedestrian_killed, Fair (Day), EDSA ""U"" turn slot, R. Magsaysay Quezon City",MMDA Road Safety Unit,,48be5e0c-93e0-4baa-b89d-7b57077876f0,2015-04-20,09:10:00,EDSA P. Tuazon Blvd. Quezon City,0,0,0,0,0,0,0,0,0,0,2015-04-20 17:10,Property,14.65655357,121.0260701,No Collision Stated
None,EDSA,None,None,"No Accident Factor, Rear-end, 0.0 drivers_injured, 0.0 drivers_killed, 0.0 passengers_injured, 0.0 passengers_killed, 0.0 pedestrian_injured, 0.0 pedestrian_killed, Fair (Day), EDSA Cloverleaf Road Quezon City",MMDA Road Safety Unit,,8b462cd2-8a61-407b-a75e-67a0c1cb8d05,2015-04-20,07:00:00,EDSA Corregidor St. Quezon City,0,0,0,0,0,0,0,0,0,0,2015-04-20 15:00,Property,14.65747901,121.0011914,Rear-End
None,EDSA,None,None,"No Accident Factor, Hit and Run (No Collision Stated), 0.0 drivers_injured, 0.0 drivers_killed, 0.0 passengers_injured, 0.0 passengers_killed, 0.0 pedestrian_injured, 0.0 pedestrian_killed, Fair (Day), EDSA Panay Ave. Quezon City",MMDA Road Safety Unit,,98da1e61-4853-4ebb-8704-83531fcddbe1,2015-04-20,05:20:00,"EDSA Cloverleaf, Balingasa Quezon City",0,0,0,0,0,0,0,0,0,0,2015-04-20 13:20,Property,14.64294686,121.0381076,No Collision Stated
None,EDSA,None,None,"No Accident Factor, Rear-end, 0.0 drivers_injured, 0.0 drivers_killed, 0.0 passengers_injured, 0.0 passengers_killed, 0.0 pedestrian_injured, 0.0 pedestrian_killed, Fair (Day), EDSA Farmers, Socorro Quezon City",MMDA Road Safety Unit,,8ad53c73-7534-4fd1-80eb-0be697e4bfa8,2015-04-20,03:45:00,EDSA Aurora Blvd. Quezon City,0,0,0,0,0,0,0,0,0,0,2015-04-20 11:45,Property,14.61920525,121.0513476,Rear-End
None,EDSA,None,None,"No Accident Factor, Rear-end, 0.0 drivers_injured, 0.0 drivers_killed, 0.0 passengers_injured, 0.0 passengers_killed, 0.0 pedestrian_injured, 0.0 pedestrian_killed, Fair (Day), EDSA ""U"" turn slot, Timog Ave. Quezon City",MMDA Road Safety Unit,,fb6a6a1e-5587-447c-bdc5-767683ebae4d,2015-04-19,05:40:00,EDSA Farmers Quezon City,0,0,0,0,0,0,0,0,0,0,2015-04-19 13:40,Property,14.63183035,121.0454138,Rear-End
None,EDSA,None,None,"No Accident Factor, Side Swipe, 0.0 drivers_injured, 0.0 drivers_killed, 0.0 passengers_injured, 0.0 passengers_killed, 0.0 pedestrian_injured, 0.0 pedestrian_killed, Fair (Day), EDSA Bansalangin St. Quezon City",MMDA Road Safety Unit,,f7e4c8fb-f8c4-45e3-9861-bb5d38638acd,2015-04-19,05:00:00,EDSA New York St. Quezon City,0,0,0,0,0,0,0,0,0,0,2015-04-19 13:00,Property,14.6567996,121.0241845,Side Swipe
None,EDSA,None,None,"No Accident Factor, Angle Impact, 1.0 drivers_injured, 0.0 drivers_killed, 0.0 passengers_injured, 0.0 passengers_killed, 0.0 pedestrian_injured, 0.0 pedestrian_killed, Fair (Night), EDSA Aurora Blvd. Quezon City",MMDA Road Safety Unit,,e5d21f25-d133-489f-942d-ca2ab1975310,2015-04-18,18:00:00,EDSA Trinoma Mall Quezon City,0,0,0,1,0,0,0,0,0,1,2015-04-19 2:00,Injury,14.62163653,121.0501573,Angle Impact
None,EDSA,None,None,"No Accident Factor, Side Swipe, 0.0 drivers_injured, 0.0 drivers_killed, 0.0 passengers_injured, 0.0 passengers_killed, 0.0 pedestrian_injured, 0.0 pedestrian_killed, Fair (Night), EDSA Ortigas Ave. Quezon City",MMDA Road Safety Unit,,d167a998-b22b-4297-a86c-fdd1283ed85e,2015-04-18,14:30:00,EDSA Kamuning Road Quezon City,0,0,0,0,0,0,0,0,0,0,2015-04-18 22:30,Property,14.59335253,121.0584107,Side Swipe