LOCATION_TEXT,ROAD,WEATHER,LIGHT,DESC,REPORTING_AGENCY,MAIN_CAUSE,INCIDENTDETAILS_ID,DATE_UTC,TIME_UTC,ADDRESS,killed_driver,killed_passenger,killed_pedestrian,injured_driver,injured_passenger,injured_pedestrian,killed_uncategorized,injured_uncategorized,killed_total,injured_total,DATETIME_PST,SEVERITY,Y,X,COLLISION_TYPE
None,EDSA,None,None,"No Accident Factor, Side Swipe, 0.0 drivers_injured, 0.0 drivers_killed, 0.0 passengers_injured, 0.0 passengers_killed, 0.0 pedestrian_injured, 0.0 pedestrian_killed, Fair (Night), EDSA Ortigas Ave. Quezon City",MMDA Road Safety Unit,,6999c41d-2a3b-4613-98c3-64a1672e885d,2015-04-18,11:30:00,EDSA Misamis St. Quezon City,0,0,0,0,0,0,0,0,0,0,2015-04-18 19:30,Property,14.59335253,121.0584107,Side Swipe
None,EDSA,None,None,"No Accident Factor, No Collision Stated (based on Police Blotter Book), 0.0 drivers_injured, 0.0 drivers_killed, 0.0 passengers_injured, 0.0 passengers_killed, 0.0 pedestrian_injured, 0.0 pedestrian_killed, Fair (Day), EDSA Oliveros St., A. Samson  Quezon City",MMDA Road Safety Unit,,8fe0d930-1d59-4160-a59b-45503c6b3a07,2015-04-18,07:30:00,EDSA Mindanao Ave. Ext. Quezon City,0,0,0,0,0,0,0,0,0,0,2015-04-18 15:30,Property,14.65762799,121.0065288,No Collision Stated
None,EDSA,None,None,"No Accident Factor, No Collision Stated (based on Police Blotter Book), 0.0 drivers_injured, 0.0 drivers_killed, 0.0 passengers_injured, 0.0 passengers_killed, 0.0 pedestrian_injured, 0.0 pedestrian_killed, Fair (Day), EDSA Kamias Road Quezon City",MMDA Road Safety Unit,,2caa0751-a165-4400-a943-5f4b26c1d101,2015-04-18,05:20:00,"EDSA ""U"" turn slot, Trinoma Mall Quezon City",0,0,0,0,0,0,0,0,0,0,2015-04-18 13:20,Property,14.6309142,121.0459376,No Collision Stated
None,EDSA,None,None,"No Accident Factor, Hit and Run (No Collision Stated), 0.0 drivers_injured, 0.0 drivers_killed, 0.0 passengers_injured, 0.0 passengers_killed, 0.0 pedestrian_injured, 0.0 pedestrian_killed, Fair (Day), EDSA Kamuning Road Quezon City",MMDA Road Safety Unit,,634a230d-39ba-41ce-ae4d-0ace5eba4af0,2015-04-18,04:55:00,"EDSA Home Depot, A. Samson Quezon City",0,0,0,0,0,0,0,0,0,0,2015-04-18 12:55,Property,14.63075725,121.0457548,No Collision Stated
None,EDSA,None,None,"No Accident Factor, No Collision Stated (based on Police Blotter Book), 0.0 drivers_injured, 0.0 drivers_killed, 0.0 passengers_injured, 0.0 passengers_killed, 0.0 pedestrian_injured, 0.0 pedestrian_killed, Fair (Day), EDSA Monte De Piedad St. Quezon City",MMDA Road Safety Unit,,88a3a6f9-af48-4790-a729-da6a29cdc3b0,2015-04-18,01:15:00,EDSA Seminary Road Quezon City,0,0,0,0,0,0,0,0,0,0,2015-04-18 9:15,Property,14.62346937,121.0491711,No Collision Stated
None,EDSA,None,None,"No Accident Factor, No Collision Stated (based on Police Blotter Book), 0.0 drivers_injured, 0.0 drivers_killed, 0.0 passengers_injured, 0.0 passengers_killed, 0.0 pedestrian_injured, 0.0 pedestrian_killed, Fair (Night), EDSA P. Tuazon Blvd. Quezon City",MMDA Road Safety Unit,,fe9011dc-3149-40ea-9aa2-5e94a6e8f9fe,2015-04-17,12:30:00,EDSA West Ave. Quezon City,0,0,0,0,0,0,0,0,0,0,2015-04-17 20:30,Property,14.61656342,121.0525225,No Collision Stated
None,EDSA,None,None,"No Accident Factor, Side Swipe, 0.0 drivers_injured, 0.0 drivers_killed, 0.0 passengers_injured, 0.0 passengers_killed, 0.0 pedestrian_injured, 0.0 pedestrian_killed, Fair (Night), EDSA Corinthian Garden, Ugong Norte Quezon City",MMDA Road Safety Unit,,1b1bbb35-d0de-4b5c-9794-22f3db567327,2015-04-17,10:00:00,EDSA New York St. Quezon City,0,0,0,0,0,0,0,0,0,0,2015-04-17 18:00,Property,14.59580783,121.0595248,Side Swipe
None,EDSA,None,None,"No Accident Factor, No Collision Stated (based on Police Blotter Book), 0.0 drivers_injured, 0.0 drivers_killed, 0.0 passengers_injured, 0.0 passengers_killed, 0.0 pedestrian_injured, 0.0 pedestrian_killed, Fair (Day), EDSA Ermin Garcia St. Quezon City",MMDA Road Safety Unit,,3d7e867f-6d1b-48b9-93fd-565c9bc8d5ff,2015-04-17,07:00:00,EDSA Misamis St. Quezon City,0,0,0,0,0,0,0,0,0,0,2015-04-17 15:00,Property,14.62758814,121.047487,No Collision Stated
None,EDSA,None,None,"No Accident Factor, No Collision Stated (based on Police Blotter Book), 0.0 drivers_injured, 0.0 drivers_killed, 0.0 passengers_injured, 0.0 passengers_killed, 0.0 pedestrian_injured, 0.0 pedestrian_killed, Fair (Day), EDSA Quezon City Academy, R. Magsaysay Quezon City",MMDA Road Safety Unit,,fe6fae0f-71be-4098-88eb-495dcd1d5c4e,2015-04-17,04:15:00,"EDSA ""U"" turn slot, Philam Quezon City",0,0,0,0,0,0,0,0,0,0,2015-04-17 12:15,Property,14.65676422,121.0256485,No Collision Stated
None,EDSA,None,None,"No Accident Factor, No Collision Stated (based on Police Blotter Book), 0.0 drivers_injured, 0.0 drivers_killed, 0.0 passengers_injured, 0.0 passengers_killed, 0.0 pedestrian_injured, 0.0 pedestrian_killed, Fair (Day), EDSA Corregidor St. Quezon City",MMDA Road Safety Unit,,da6f6d27-5613-4ff4-b7e2-f405a69b0687,2015-04-17,02:00:00,EDSA Bansalangin St. Quezon City,0,0,0,0,0,0,0,0,0,0,2015-04-17 10:00,Property,14.65707679,121.0241648,No Collision Stated
None,EDSA,None,None,"No Accident Factor, No Collision Stated (based on Police Blotter Book), 0.0 drivers_injured, 0.0 drivers_killed, 0.0 passengers_injured, 0.0 passengers_killed, 0.0 pedestrian_injured, 0.0 pedestrian_killed, Fair (Night), EDSA Quezon Ave. Quezon City",MMDA Road Safety Unit,,3bb34a6b-aa19-4434-947b-f4d70bca068b,2015-04-16,14:30:00,EDSA Camp Crame Quezon City,0,0,0,0,0,0,0,0,0,0,2015-04-16 22:30,Property,14.6442444,121.0375839,No Collision Stated
None,EDSA,None,None,"No Accident Factor, No Collision Stated (based on Police Blotter Book), 0.0 drivers_injured, 0.0 drivers_killed, 0.0 passengers_injured, 0.0 passengers_killed, 0.0 pedestrian_injured, 0.0 pedestrian_killed, Fair (Night), EDSA ""U"" turn slot, Quezon Ave. Quezon City",MMDA Road Safety Unit,,38b7806f-e3db-4329-b027-8f73ea27067b,2015-04-16,13:20:00,EDSA P. Tuazon Blvd. Quezon City,0,0,0,0,0,0,0,0,0,0,2015-04-16 21:20,Property,14.64518409,121.0368843,No Collision Stated
None,EDSA,None,None,"No Accident Factor, Rear-end, 0.0 drivers_injured, 0.0 drivers_killed, 0.0 passengers_injured, 0.0 passengers_killed, 0.0 pedestrian_injured, 0.0 pedestrian_killed, Fair (Night), EDSA Aurora Blvd. Quezon City",MMDA Road Safety Unit,,d7a59b84-1483-4bdd-b957-6227734e5860,2015-04-16,10:20:00,"EDSA ""U"" turn slot, PTT, Bagong Pag-asa Quezon City",0,0,0,0,0,0,0,0,0,0,2015-04-16 18:20,Property,14.62163653,121.0501573,Rear-End
None,EDSA,None,None,"No Accident Factor, No Collision Stated (based on Police Blotter Book), 0.0 drivers_injured, 0.0 drivers_killed, 0.0 passengers_injured, 0.0 passengers_killed, 0.0 pedestrian_injured, 0.0 pedestrian_killed, Fair (Night), EDSA Waltermart, San Antonio Quezon City",MMDA Road Safety Unit,,7c802896-4bc6-428c-a05f-b7210f9d06e1,2015-04-16,10:00:00,EDSA North Ave. Quezon City,0,0,0,0,0,0,0,0,0,0,2015-04-16 18:00,Property,14.6574558,121.0213579,No Collision Stated
None,EDSA,None,None,"No Accident Factor, No Collision Stated (based on Police Blotter Book), 0.0 drivers_injured, 0.0 drivers_killed, 0.0 passengers_injured, 0.0 passengers_killed, 0.0 pedestrian_injured, 0.0 pedestrian_killed, Fair (Day), EDSA Aurora Blvd. Quezon City",MMDA Road Safety Unit,,6455730c-e943-442d-b056-41c44f5bbaf5,2015-04-16,08:35:00,EDSA Ermin Garcia St. Quezon City,0,0,0,0,0,0,0,0,0,0,2015-04-16 16:35,Property,14.62163653,121.0501573,No Collision Stated
None,EDSA,None,None,"No Accident Factor, Multiple Collision, 0.0 drivers_injured, 0.0 drivers_killed, 3.0 passengers_injured, 0.0 passengers_killed, 0.0 pedestrian_injured, 0.0 pedestrian_killed, Fair (Day), EDSA MRT-Santolan Station, Camp Aguinaldo Quezon City",MMDA Road Safety Unit,,7897ab97-7d1a-47c2-86ba-05da904fb473,2015-04-16,04:35:00,EDSA North Ave. Quezon City,0,0,0,0,3,0,0,0,0,3,2015-04-16 12:35,Injury,14.60772541,121.056443,Multiple
None,EDSA,None,None,"No Accident Factor, Side Swipe, 0.0 drivers_injured, 0.0 drivers_killed, 0.0 passengers_injured, 0.0 passengers_killed, 0.0 pedestrian_injured, 0.0 pedestrian_killed, Fair (Day), EDSA Timog Ave. Quezon City",MMDA Road Safety Unit,,c310afa2-d708-466c-8c57-f337a01d458b,2015-04-16,04:30:00,"EDSA MRT-Santolan Station, Bagong Lipu ng Crame Quezon City",0,0,0,0,0,0,0,0,0,0,2015-04-16 12:30,Property,14.63293559,121.0446304,Side Swipe
None,EDSA,None,None,"No Accident Factor, Side Swipe, 0.0 drivers_injured, 0.0 drivers_killed, 0.0 passengers_injured, 0.0 passengers_killed, 0.0 pedestrian_injured, 0.0 pedestrian_killed, Fair (Day), EDSA Cloverleaf Road Quezon City",MMDA Road Safety Unit,,85b413ae-00b9-4c1a-8b1c-43c6980ce2a8,2015-04-16,03:30:00,EDSA Timog Ave. Quezon City,0,0,0,0,0,0,0,0,0,0,2015-04-16 11:30,Property,14.65747901,121.0011914,Side Swipe
None,EDSA,None,None,"No Accident Factor, Side Swipe, 0.0 drivers_injured, 0.0 drivers_killed, 0.0 passengers_injured, 0.0 passengers_killed, 0.0 pedestrian_injured, 0.0 pedestrian_killed, Fair (Day), EDSA Cloverleaf Road Quezon City",MMDA Road Safety Unit,,434f4024-cbc8-4278-99cf-5437689003e7,2015-04-16,03:00:00,EDSA Kamuning Road Quezon City,0,0,0,0,0,0,0,0,0,0,2015-04-16 11:00,Property,14.65747901,121.0011914,Side Swipe
None,EDSA,None,None,"No Accident Factor, Side Swipe, 0.0 drivers_injured, 0.0 drivers_killed, 0.0 passengers_injured, 0.0 passengers_killed, 0.0 pedestrian_injured, 0.0 pedestrian_killed, Fair (Day), EDSA Cloverleaf Road Quezon City",MMDA Road Safety Unit,,f60a6892-3856-4913-b71f-ab1a9307696d,2015-04-15,23:55:00,EDSA Baliwag Liner Bus Terminal Quezon City,0,0,0,0,0,0,0,0,0,0,2015-04-16 7:55,Property,14.65747901,121.0011914,Side Swipe
None,EDSA,None,None,"No Accident Factor, Rear-end, 0.0 drivers_injured, 0.0 drivers_killed, 0.0 passengers_injured, 0.0 passengers_killed, 0.0 pedestrian_injured, 0.0 pedestrian_killed, Fair (Day), EDSA P. Tuazon Blvd. Quezon City",MMDA Road Safety Unit,,19e1045f-96df-4a55-b001-05f26a70fc4f,2015-04-15,23:40:00,EDSA Kamuning Road Quezon City,0,0,0,0,0,0,0,0,0,0,2015-04-16 7:40,Property,14.61656342,121.0525225,Rear-End
None,EDSA,None,None,"No Accident Factor, Side Swipe, 0.0 drivers_injured, 0.0 drivers_killed, 0.0 passengers_injured, 0.0 passengers_killed, 0.0 pedestrian_injured, 0.0 pedestrian_killed, Fair (Night), EDSA SM North, Bagong Pag-asa Quezon City",MMDA Road Safety Unit,,67c57269-edac-472b-b837-d6a37c993eff,2015-04-15,17:30:00,EDSA Genesis Bus Terminal Quezon City,0,0,0,0,0,0,0,0,0,0,2015-04-16 1:30,Property,14.65645143,121.0271077,Side Swipe
None,EDSA,None,None,"No Accident Factor, Multiple Collision, 0.0 drivers_injured, 0.0 drivers_killed, 0.0 passengers_injured, 0.0 passengers_killed, 0.0 pedestrian_injured, 0.0 pedestrian_killed, Fair (Night), EDSA ES Transport Bus Terminal, E. Rodriguez Quezon City",MMDA Road Safety Unit,,743ec4e3-bdf1-483e-9400-80d1c1f94a4c,2015-04-15,14:30:00,EDSA Victory Liner Bus Terminal Quezon City,0,0,0,0,0,0,0,0,0,0,2015-04-15 22:30,Property,14.62515746,121.0486037,Multiple
None,EDSA,None,None,"No Accident Factor, Side Swipe, 0.0 drivers_injured, 0.0 drivers_killed, 0.0 passengers_injured, 0.0 passengers_killed, 0.0 pedestrian_injured, 0.0 pedestrian_killed, Fair (Night), EDSA North Road Quezon City",MMDA Road Safety Unit,,5b44e9ee-a685-4945-af48-c3408c8a86e0,2015-04-15,10:00:00,EDSA West Ave. Quezon City,0,0,0,0,0,0,0,0,0,0,2015-04-15 18:00,Property,14.61444188,121.0532975,Side Swipe
None,EDSA,None,None,"No Accident Factor, Side Swipe, 0.0 drivers_injured, 0.0 drivers_killed, 0.0 passengers_injured, 0.0 passengers_killed, 0.0 pedestrian_injured, 0.0 pedestrian_killed, Fair (Day), EDSA Ortigas Ave. Quezon City",MMDA Road Safety Unit,,6f2421ad-16bd-4a09-9472-44a6053c7db7,2015-04-15,04:15:00,EDSA Gen. Roxas Ave. Quezon City,0,0,0,0,0,0,0,0,0,0,2015-04-15 12:15,Property,14.59335253,121.0584107,Side Swipe
None,EDSA,None,None,"No Accident Factor, Side Swipe, 0.0 drivers_injured, 0.0 drivers_killed, 0.0 passengers_injured, 0.0 passengers_killed, 0.0 pedestrian_injured, 0.0 pedestrian_killed, Fair (Day), EDSA Main Ave. Quezon City",MMDA Road Safety Unit,,120a2033-827c-4a3d-84f3-cbd6a24e37fc,2015-04-15,02:10:00,EDSA Cloverleaf Quezon City,0,0,0,0,0,0,0,0,0,0,2015-04-15 10:10,Property,14.61376458,121.0537933,Side Swipe
None,EDSA,None,None,"No Accident Factor, No Collision Stated (based on Police Blotter Book), 0.0 drivers_injured, 0.0 drivers_killed, 0.0 passengers_injured, 0.0 passengers_killed, 0.0 pedestrian_injured, 0.0 pedestrian_killed, Fair (Day), EDSA SM North, Bagong Pag-asa Quezon City",MMDA Road Safety Unit,,4a0f4e5a-ece3-4776-9bee-7ffb89d704ba,2015-04-15,02:00:00,EDSA Cloverleaf Quezon City,0,0,0,0,0,0,0,0,0,0,2015-04-15 10:00,Property,14.65645143,121.0271077,No Collision Stated
None,EDSA,None,None,"No Accident Factor, Rear-end, 0.0 drivers_injured, 0.0 drivers_killed, 0.0 passengers_injured, 0.0 passengers_killed, 0.0 pedestrian_injured, 0.0 pedestrian_killed, Fair (Day), EDSA Col. Bonny Serrano Ave. Quezon City",MMDA Road Safety Unit,,8aaaba83-5396-47ec-9b4c-046b7d9a198b,2015-04-15,02:00:00,"EDSA ""U"" turn slot, GMA-7 Quezon City",0,0,0,0,0,0,0,0,0,0,2015-04-15 10:00,Property,14.61107337,121.0550705,Rear-End
None,EDSA,None,None,"No Accident Factor, Side Swipe, 0.0 drivers_injured, 0.0 drivers_killed, 0.0 passengers_injured, 0.0 passengers_killed, 0.0 pedestrian_injured, 0.0 pedestrian_killed, Fair (Night), EDSA Col. Bonny Serrano Ave. Quezon City",MMDA Road Safety Unit,,5c349be9-15ef-4614-a3d9-d6f8ce147665,2015-04-14,21:30:00,EDSA West Ave. Quezon City,0,0,0,0,0,0,0,0,0,0,2015-04-15 5:30,Property,14.61107337,121.0550705,Side Swipe
None,EDSA,None,None,"No Accident Factor, Side Swipe, 0.0 drivers_injured, 0.0 drivers_killed, 0.0 passengers_injured, 0.0 passengers_killed, 0.0 pedestrian_injured, 0.0 pedestrian_killed, Fair (Night), EDSA SM North (Annex), Phil-Am Quezon City",MMDA Road Safety Unit,,b125810a-7f10-4313-bd38-24d5ed3c47d2,2015-04-14,14:45:00,"EDSA Waltermart, San Antonio Quezon City",0,0,0,0,0,0,0,0,0,0,2015-04-14 22:45,Property,14.65645143,121.0271077,Side Swipe
None,EDSA,None,None,"No Accident Factor, No Collision Stated (based on Police Blotter Book), 0.0 drivers_injured, 0.0 drivers_killed, 0.0 passengers_injured, 0.0 passengers_killed, 0.0 pedestrian_injured, 0.0 pedestrian_killed, Fair (Night), EDSA North Ave. Quezon City",MMDA Road Safety Unit,,d620714b-d3bc-4246-bfd4-58bc78182a21,2015-04-14,10:40:00,"EDSA ""U"" turn slot, SM North Quezon City",0,0,0,0,0,0,0,0,0,0,2015-04-14 18:40,Property,14.65553839,121.0299647,No Collision Stated
None,EDSA,None,None,"No Accident Factor, Side Swipe, 0.0 drivers_injured, 0.0 drivers_killed, 0.0 passengers_injured, 0.0 passengers_killed, 0.0 pedestrian_injured, 0.0 pedestrian_killed, Fair (Day), EDSA Panay Ave. Quezon City",MMDA Road Safety Unit,,6e038118-3daa-44cb-878c-862dda513c94,2015-04-14,08:00:00,"EDSA Nepa Q-Mart, E. Rodriguez Quezon City",0,0,0,0,0,0,0,0,0,0,2015-04-14 16:00,Property,14.64294686,121.0381076,Side Swipe
None,EDSA,None,None,"No Accident Factor, No Collision Stated (based on Police Blotter Book), 0.0 drivers_injured, 0.0 drivers_killed, 0.0 passengers_injured, 0.0 passengers_killed, 0.0 pedestrian_injured, 0.0 pedestrian_killed, Fair (Day), EDSA P. Tuazon Blvd. Quezon City",MMDA Road Safety Unit,,0ae4580c-fa14-4b2e-90a2-17907892e886,2015-04-14,03:25:00,"EDSA Paramount, Phil-Am Quezon City",0,0,0,0,0,0,0,0,0,0,2015-04-14 11:25,Property,14.61656342,121.0525225,No Collision Stated
None,EDSA,None,None,"No Accident Factor, Rear-end, 0.0 drivers_injured, 0.0 drivers_killed, 0.0 passengers_injured, 0.0 passengers_killed, 0.0 pedestrian_injured, 0.0 pedestrian_killed, Fair (Day), EDSA P. Tuazon Blvd. Quezon City",MMDA Road Safety Unit,,b925bb4a-8709-4bf1-8615-df6bf34280a0,2015-04-14,00:30:00,"EDSA MRT-North Ave. Station, Phil-Am Quezon City",0,0,0,0,0,0,0,0,0,0,2015-04-14 8:30,Property,14.61656342,121.0525225,Rear-End
None,EDSA,None,None,"No Accident Factor, Rear-end, 0.0 drivers_injured, 0.0 drivers_killed, 0.0 passengers_injured, 0.0 passengers_killed, 0.0 pedestrian_injured, 0.0 pedestrian_killed, Fair (Night), EDSA ""U"" turn slot, Philam Quezon City",MMDA Road Safety Unit,,054ac968-1648-49d9-bd1e-484236fa5f0e,2015-04-13,17:00:00,EDSA Aurora Blvd. Quezon City,0,0,0,0,0,0,0,0,0,0,2015-04-14 1:00,Property,14.65001076,121.0336794,Rear-End
None,EDSA,None,None,"No Accident Factor, Side Swipe, 0.0 drivers_injured, 0.0 drivers_killed, 0.0 passengers_injured, 0.0 passengers_killed, 0.0 pedestrian_injured, 0.0 pedestrian_killed, Fair (Day), EDSA Robinson's Galleria Exit Driveway Exit, Ugong Norte Quezon City",MMDA Road Safety Unit,,b43b5fbb-5c42-43b0-bef2-84abc64033e9,2015-04-13,08:55:00,EDSA Kamuning Road Quezon City,0,0,0,0,0,0,0,0,0,0,2015-04-13 16:55,Property,14.59226131,121.0583025,Side Swipe
None,EDSA,None,None,"No Accident Factor, Rear-end, 0.0 drivers_injured, 0.0 drivers_killed, 0.0 passengers_injured, 0.0 passengers_killed, 0.0 pedestrian_injured, 0.0 pedestrian_killed, Fair (Day), EDSA Camp Aguinaldo (Gate 3) Quezon City",MMDA Road Safety Unit,,8ac96490-2a31-4a53-ac6f-4a3d3034c92b,2015-04-13,07:20:00,"EDSA ""U"" turn slot, Quezon Ave. Quezon City",0,0,0,0,0,0,0,0,0,0,2015-04-13 15:20,Property,14.60832492,121.0563666,Rear-End
None,EDSA,None,None,"No Accident Factor, Side Swipe, 0.0 drivers_injured, 0.0 drivers_killed, 0.0 passengers_injured, 0.0 passengers_killed, 0.0 pedestrian_injured, 0.0 pedestrian_killed, Fair (Day), EDSA Mapagmahal St. Quezon City",MMDA Road Safety Unit,,1367d578-7fa4-44fc-b346-68fe915e2698,2015-04-13,02:45:00,EDSA Ortigas Ave. Quezon City,0,0,0,0,0,0,0,0,0,0,2015-04-13 10:45,Property,14.63185046,121.0455315,Side Swipe
None,EDSA,None,None,"No Accident Factor, Side Swipe, 0.0 drivers_injured, 0.0 drivers_killed, 0.0 passengers_injured, 0.0 passengers_killed, 0.0 pedestrian_injured, 0.0 pedestrian_killed, Fair (Day), EDSA West Ave. Quezon City",MMDA Road Safety Unit,,3deaf8ac-ffff-40e6-a982-283960866366,2015-04-13,00:30:00,EDSA Aurora Blvd. Quezon City,0,0,0,0,0,0,0,0,0,0,2015-04-13 8:30,Property,14.65548924,121.0298079,Side Swipe
None,EDSA,None,None,"No Accident Factor, Side Swipe, 0.0 drivers_injured, 0.0 drivers_killed, 0.0 passengers_injured, 0.0 passengers_killed, 0.0 pedestrian_injured, 0.0 pedestrian_killed, Fair (Night), EDSA Timog Ave. Quezon City",MMDA Road Safety Unit,,f1e82cf7-7897-481b-869a-b55c1f220191,2015-04-12,13:30:00,EDSA Kamias Road Quezon City,0,0,0,0,0,0,0,0,0,0,2015-04-12 21:30,Property,14.63293559,121.0446304,Side Swipe
None,EDSA,None,None,"No Accident Factor, No Collision Stated (based on Police Blotter Book), 1.0 drivers_injured, 0.0 drivers_killed, 0.0 passengers_injured, 0.0 passengers_killed, 0.0 pedestrian_injured, 0.0 pedestrian_killed, Fair (Day), EDSA SM North, Bagong Pag-asa Quezon City",MMDA Road Safety Unit,,b7f12f01-2453-4748-83d6-7feb3966a515,2015-04-12,08:00:00,"EDSA SM North, Bagong Pag-asa Quezon City",0,0,0,1,0,0,0,0,0,1,2015-04-12 16:00,Injury,14.65645143,121.0271077,No Collision Stated
None,EDSA,None,None,"No Accident Factor, No Collision Stated (based on Police Blotter Book), 0.0 drivers_injured, 0.0 drivers_killed, 0.0 passengers_injured, 0.0 passengers_killed, 0.0 pedestrian_injured, 0.0 pedestrian_killed, Fair (Day), EDSA Col. Bonny Serrano Ave. Quezon City",MMDA Road Safety Unit,,f66c8752-7a5f-4887-9713-aa8f457dfd18,2015-04-12,04:35:00,EDSA Balintawak Market Quezon City,0,0,0,0,0,0,0,0,0,0,2015-04-12 12:35,Property,14.61107337,121.0550705,No Collision Stated
None,EDSA,None,None,"No Accident Factor, No Collision Stated (based on Police Blotter Book), 0.0 drivers_injured, 0.0 drivers_killed, 0.0 passengers_injured, 0.0 passengers_killed, 0.0 pedestrian_injured, 0.0 pedestrian_killed, Fair (Day), EDSA West Ave. Quezon City",MMDA Road Safety Unit,,bc958a1a-12a8-4854-bb90-c2b7747bbde4,2015-04-12,03:00:00,EDSA Baliwag Liner Bus Terminal Quezon City,0,0,0,0,0,0,0,0,0,0,2015-04-12 11:00,Property,14.65548924,121.0298079,No Collision Stated
None,EDSA,None,None,"No Accident Factor, Hit Object (Fence/Wall-Steel), 0.0 drivers_injured, 0.0 drivers_killed, 0.0 passengers_injured, 0.0 passengers_killed, 0.0 pedestrian_injured, 0.0 pedestrian_killed, Fair (Day), EDSA Quezon Ave. Quezon City",MMDA Road Safety Unit,,4251e577-8386-417d-83d3-4e9ff821f262,2015-04-11,23:00:00,"EDSA Robinson's Galleria, Ugong Norte Quezon City",0,0,0,0,0,0,0,0,0,0,2015-04-12 7:00,Property,14.6442444,121.0375839,Hit Object
None,EDSA,None,None,"No Accident Factor, Rear-end, 0.0 drivers_injured, 0.0 drivers_killed, 0.0 passengers_injured, 0.0 passengers_killed, 0.0 pedestrian_injured, 0.0 pedestrian_killed, Fair (Night), EDSA Nepa Q-Mart, West Kamias Quezon City",MMDA Road Safety Unit,,4a1464f8-721a-4b2f-bae1-2f580af6c10f,2015-04-11,13:15:00,"EDSA North Road, Bagong Lipu ng Crame Quezon City",0,0,0,0,0,0,0,0,0,0,2015-04-11 21:15,Property,14.62805361,121.0472521,Rear-End
None,EDSA,None,None,"No Accident Factor, Rear-end, 0.0 drivers_injured, 0.0 drivers_killed, 0.0 passengers_injured, 0.0 passengers_killed, 0.0 pedestrian_injured, 0.0 pedestrian_killed, Fair (Night), EDSA Jac Liner Bus Terminal, Pinyahan Quezon City",MMDA Road Safety Unit,,df568f84-6dda-4a58-862c-2adfb29ace54,2015-04-11,12:50:00,"EDSA ""U"" turn slot, Oliveros Quezon City",0,0,0,0,0,0,0,0,0,0,2015-04-11 20:50,Property,14.63162939,121.0456857,Rear-End
None,EDSA,None,None,"No Accident Factor, Hit and Run (No Collision Stated), 0.0 drivers_injured, 0.0 drivers_killed, 0.0 passengers_injured, 0.0 passengers_killed, 0.0 pedestrian_injured, 0.0 pedestrian_killed, Fair (Night), EDSA Gen. Roxas Ave. Quezon City",MMDA Road Safety Unit,,7cf178dc-4601-4e65-b55d-5017df0f19e9,2015-04-11,11:15:00,EDSA Camp Aguinaldo (Gate 3) Quezon City,0,0,0,0,0,0,0,0,0,0,2015-04-11 19:15,Property,14.62042254,121.0508064,No Collision Stated
None,EDSA,None,None,"No Accident Factor, Rear-end, 0.0 drivers_injured, 0.0 drivers_killed, 0.0 passengers_injured, 0.0 passengers_killed, 0.0 pedestrian_injured, 0.0 pedestrian_killed, Fair (Day), EDSA Quezon Ave. Quezon City",MMDA Road Safety Unit,,2d7b31e3-6488-4d35-96dc-5ec3b2485d5b,2015-04-11,08:45:00,EDSA Victory Liner Bus Terminal Quezon City,0,0,0,0,0,0,0,0,0,0,2015-04-11 16:45,Property,14.6442444,121.0375839,Rear-End
None,EDSA,None,None,"No Accident Factor, Side Swipe, 0.0 drivers_injured, 0.0 drivers_killed, 0.0 passengers_injured, 0.0 passengers_killed, 0.0 pedestrian_injured, 0.0 pedestrian_killed, Fair (Day), EDSA Balintawak Market Quezon City",MMDA Road Safety Unit,,0b11659c-f351-4850-9815-ff4b758ba2ed,2015-04-11,06:50:00,EDSA Quezon Ave. Quezon City,0,0,0,0,0,0,0,0,0,0,2015-04-11 14:50,Property,14.65740947,121.0025737,Side Swipe
None,EDSA,None,None,"No Accident Factor, No Collision Stated (based on Police Blotter Book), 0.0 drivers_injured, 0.0 drivers_killed, 0.0 passengers_injured, 0.0 passengers_killed, 0.0 pedestrian_injured, 0.0 pedestrian_killed, Fair (Day), EDSA ""U"" turn slot, Bagong Pag-asa Quezon City",MMDA Road Safety Unit,,2ab1546c-4b72-4827-b1a7-ae1ad726a0e2,2015-04-11,06:10:00,EDSA Aurora Blvd. Quezon City,0,0,0,0,0,0,0,0,0,0,2015-04-11 14:10,Property,14.65652754,121.0260743,No Collision Stated
None,EDSA,None,None,"No Accident Factor, Rear-end, 0.0 drivers_injured, 0.0 drivers_killed, 0.0 passengers_injured, 0.0 passengers_killed, 0.0 pedestrian_injured, 0.0 pedestrian_killed, Fair (Day), EDSA Cloverleaf Road Quezon City",MMDA Road Safety Unit,,078e285d-7d91-4f26-a638-4578a079318b,2015-04-11,04:30:00,EDSA ETON Centris Quezon City,0,0,0,0,0,0,0,0,0,0,2015-04-11 12:30,Property,14.65747901,121.0011914,Rear-End