LOCATION_TEXT,ROAD,WEATHER,LIGHT,DESC,REPORTING_AGENCY,MAIN_CAUSE,INCIDENTDETAILS_ID,DATE_UTC,TIME_UTC,ADDRESS,killed_driver,killed_passenger,killed_pedestrian,injured_driver,injured_passenger,injured_pedestrian,killed_uncategorized,injured_uncategorized,killed_total,injured_total,DATETIME_PST,SEVERITY,Y,X,COLLISION_TYPE
None,EDSA,None,None,"No Accident Factor, Side Swipe, 0.0 drivers_injured, 0.0 drivers_killed, 0.0 passengers_injured, 0.0 passengers_killed, 0.0 pedestrian_injured, 0.0 pedestrian_killed, Fair (Day), EDSA ""U"" turn slot, Oliveros Quezon City",MMDA Road Safety Unit,,75941d4b-9f96-4517-98ce-a0666bb87e93,2015-04-11,04:00:00,"EDSA Nepa Q-Mart, E. Rodriguez Quezon City",0,0,0,0,0,0,0,0,0,0,2015-04-11 12:00,Property,14.6575006,121.0075921,Side Swipe
None,EDSA,None,None,"No Accident Factor, No Collision Stated (based on Police Blotter Book), 0.0 drivers_injured, 0.0 drivers_killed, 0.0 passengers_injured, 0.0 passengers_killed, 0.0 pedestrian_injured, 0.0 pedestrian_killed, Fair (Night), EDSA ""U"" turn slot, Bagong Pag-asa Quezon City",MMDA Road Safety Unit,,0c0112cb-bd7e-4789-88d1-a1bba2476b79,2015-04-10,13:45:00,EDSA Ortigas Ave. Quezon City,0,0,0,0,0,0,0,0,0,0,2015-04-10 21:45,Property,14.65652754,121.0260743,No Collision Stated
None,EDSA,None,None,"No Accident Factor, Side Swipe, 0.0 drivers_injured, 0.0 drivers_killed, 0.0 passengers_injured, 0.0 passengers_killed, 0.0 pedestrian_injured, 0.0 pedestrian_killed, Fair (Night), EDSA Kamias Road Quezon City",MMDA Road Safety Unit,,9a13bd52-9e54-4bd4-8207-18faf2ebb2a1,2015-04-10,13:20:00,EDSA Victory Liner Bus Terminal Quezon City,0,0,0,0,0,0,0,0,0,0,2015-04-10 21:20,Property,14.6309142,121.0459376,Side Swipe
None,EDSA,None,None,"No Accident Factor, Side Swipe, 0.0 drivers_injured, 0.0 drivers_killed, 0.0 passengers_injured, 0.0 passengers_killed, 0.0 pedestrian_injured, 0.0 pedestrian_killed, Fair (Night), EDSA ""U"" turn slot, Santolan, Socorro Quezon City",MMDA Road Safety Unit,,28bea03f-6d46-466e-8abf-e15e36c08a54,2015-04-10,11:30:00,EDSA Quezon Ave. Quezon City,0,0,0,0,0,0,0,0,0,0,2015-04-10 19:30,Property,14.61042385,121.0553144,Side Swipe
None,EDSA,None,None,"No Accident Factor, Side Swipe, 0.0 drivers_injured, 0.0 drivers_killed, 0.0 passengers_injured, 0.0 passengers_killed, 0.0 pedestrian_injured, 0.0 pedestrian_killed, Fair (Day), EDSA Camp Aguinaldo (Gate 3) Quezon City",MMDA Road Safety Unit,,164c5e65-8e65-4831-9602-6cbdc44faa3f,2015-04-10,09:45:00,"EDSA Puregold, Balintawak  Quezon City",0,0,0,0,0,0,0,0,0,0,2015-04-10 17:45,Property,14.60832492,121.0563666,Side Swipe
None,EDSA,None,None,"No Accident Factor, Side Swipe, 0.0 drivers_injured, 0.0 drivers_killed, 0.0 passengers_injured, 0.0 passengers_killed, 0.0 pedestrian_injured, 0.0 pedestrian_killed, Fair (Day), EDSA Quezon Ave. Quezon City",MMDA Road Safety Unit,,95abf942-9426-47cd-a183-f9fd52699278,2015-04-10,09:30:00,EDSA K-3rd St. Quezon City,0,0,0,0,0,0,0,0,0,0,2015-04-10 17:30,Property,14.6442444,121.0375839,Side Swipe
None,EDSA,None,None,"No Accident Factor, Rear-end, 0.0 drivers_injured, 0.0 drivers_killed, 0.0 passengers_injured, 0.0 passengers_killed, 0.0 pedestrian_injured, 0.0 pedestrian_killed, Fair (Day), EDSA Cloverleaf Road Quezon City",MMDA Road Safety Unit,,d78a12b0-b00b-427b-af00-445129bfc6cf,2015-04-10,09:30:00,EDSA Cloverleaf Road Quezon City,0,0,0,0,0,0,0,0,0,0,2015-04-10 17:30,Property,14.65747901,121.0011914,Rear-End
None,EDSA,None,None,"No Accident Factor, Hit and Run (No Collision Stated), 0.0 drivers_injured, 0.0 drivers_killed, 0.0 passengers_injured, 0.0 passengers_killed, 0.0 pedestrian_injured, 0.0 pedestrian_killed, Fair (Day), EDSA Robinson's Galleria, Ugong Norte Quezon City",MMDA Road Safety Unit,,9f345f19-bc74-47e8-9fc4-b1ebf3ac64e2,2015-04-10,00:20:00,EDSA Kamias Road Quezon City,0,0,0,0,0,0,0,0,0,0,2015-04-10 8:20,Property,14.59226131,121.0583025,No Collision Stated
None,EDSA,None,None,"No Accident Factor, No Collision Stated (based on Police Blotter Book), 0.0 drivers_injured, 0.0 drivers_killed, 0.0 passengers_injured, 0.0 passengers_killed, 0.0 pedestrian_injured, 0.0 pedestrian_killed, Fair (Day), EDSA R. Magsaysay Quezon City",MMDA Road Safety Unit,,f6546d20-d08d-46c6-acf6-ffd285d492a5,2015-04-10,00:20:00,EDSA Kamias Road Quezon City,0,0,0,0,0,0,0,0,0,0,2015-04-10 8:20,Property,14.62774693,121.0471762,No Collision Stated
None,EDSA,None,None,"No Accident Factor, No Collision Stated (based on Police Blotter Book), 1.0 drivers_injured, 0.0 drivers_killed, 0.0 passengers_injured, 0.0 passengers_killed, 0.0 pedestrian_injured, 0.0 pedestrian_killed, Fair (Day), EDSA Cloverleaf Road Quezon City",MMDA Road Safety Unit,,0713b742-db1f-4871-88b1-64fa6d59d58b,2015-04-10,00:00:00,EDSA Quezon Ave. Quezon City,0,0,0,1,0,0,0,0,0,1,2015-04-10 8:00,Injury,14.65747901,121.0011914,No Collision Stated
None,EDSA,None,None,"No Accident Factor, No Collision Stated (based on Police Blotter Book), 0.0 drivers_injured, 0.0 drivers_killed, 0.0 passengers_injured, 0.0 passengers_killed, 0.0 pedestrian_injured, 0.0 pedestrian_killed, Fair (Day), EDSA Waltermart Quezon City",MMDA Road Safety Unit,,a7c3a98d-4513-4f9f-bd4f-090362c6b462,2015-04-09,04:50:00,EDSA Corregidor St. Quezon City,0,0,0,0,0,0,0,0,0,0,2015-04-09 12:50,Property,14.6574558,121.0213579,No Collision Stated
None,EDSA,None,None,"No Accident Factor, Side Swipe, 0.0 drivers_injured, 0.0 drivers_killed, 0.0 passengers_injured, 0.0 passengers_killed, 0.0 pedestrian_injured, 0.0 pedestrian_killed, Fair (Day), EDSA Col. Bonny Serrano Ave. (Traffic Light, Socorro) Quezon City",MMDA Road Safety Unit,,a1703adf-2056-410c-ae49-a83da23458b2,2015-04-09,00:45:00,"EDSA ""U"" turn slot, Quezon Ave. Quezon City",0,0,0,0,0,0,0,0,0,0,2015-04-09 8:45,Property,14.61107337,121.0550705,Side Swipe
None,EDSA,None,None,"No Accident Factor, Hit and Run (No Collision Stated), 1.0 drivers_injured, 0.0 drivers_killed, 0.0 passengers_injured, 0.0 passengers_killed, 0.0 pedestrian_injured, 0.0 pedestrian_killed, Fair (Night), EDSA Aurora Blvd. Quezon City",MMDA Road Safety Unit,,66e20885-1141-4e5f-afd8-bcfd0bf31673,2015-04-08,16:30:00,EDSA Mapagmahal St. Quezon City,0,0,0,1,0,0,0,0,0,1,2015-04-09 0:30,Injury,14.62163653,121.0501573,No Collision Stated
None,EDSA,None,None,"No Accident Factor, Side Swipe, 0.0 drivers_injured, 0.0 drivers_killed, 0.0 passengers_injured, 0.0 passengers_killed, 0.0 pedestrian_injured, 0.0 pedestrian_killed, Fair (Night), EDSA SM North (Annex) Quezon City",MMDA Road Safety Unit,,ab597761-28e4-4c10-9a01-744a32e3de28,2015-04-08,11:00:00,EDSA Aurora Blvd. Quezon City,0,0,0,0,0,0,0,0,0,0,2015-04-08 19:00,Property,14.65645143,121.0271077,Side Swipe
None,EDSA,None,None,"No Accident Factor, Side Swipe, 0.0 drivers_injured, 0.0 drivers_killed, 0.0 passengers_injured, 0.0 passengers_killed, 0.0 pedestrian_injured, 0.0 pedestrian_killed, Fair (Night), EDSA Whiteplains Drive Quezon City",MMDA Road Safety Unit,,3af98e91-c673-477f-8e93-348a3369a74a,2015-04-08,10:35:00,EDSA West Ave. Quezon City,0,0,0,0,0,0,0,0,0,0,2015-04-08 18:35,Property,14.59961782,121.0596522,Side Swipe
None,EDSA,None,None,"No Accident Factor, Rear-end, 1.0 drivers_injured, 0.0 drivers_killed, 1.0 passengers_injured, 0.0 passengers_killed, 0.0 pedestrian_injured, 0.0 pedestrian_killed, Fair (Night), EDSA MRT-GMA Station, Pinyahan Quezon City",MMDA Road Safety Unit,,a3fc1f10-df6f-441e-94b8-3d066008a209,2015-04-08,10:30:00,EDSA Bansalangin St. Quezon City,0,0,0,1,1,0,0,0,0,2,2015-04-08 18:30,Injury,14.63506067,121.043428,Rear-End
None,EDSA,None,None,"No Accident Factor, Rear-end, 0.0 drivers_injured, 0.0 drivers_killed, 0.0 passengers_injured, 0.0 passengers_killed, 0.0 pedestrian_injured, 0.0 pedestrian_killed, Fair (Day), EDSA Main Ave. Quezon City",MMDA Road Safety Unit,,dbd86538-f840-4fc2-82b0-40157dbfa8cc,2015-04-08,08:30:00,"EDSA ""U"" turn slot, Quezon Ave. Quezon City",0,0,0,0,0,0,0,0,0,0,2015-04-08 16:30,Property,14.61376458,121.0537933,Rear-End
None,EDSA,None,None,"No Accident Factor, Side Swipe, 0.0 drivers_injured, 0.0 drivers_killed, 0.0 passengers_injured, 0.0 passengers_killed, 0.0 pedestrian_injured, 0.0 pedestrian_killed, Fair (Day), EDSA Cloverleaf Road Quezon City",MMDA Road Safety Unit,,5fdc1616-e559-494d-9a37-254db2dd21b4,2015-04-08,06:20:00,EDSA Roosevelt Ave. Quezon City,0,0,0,0,0,0,0,0,0,0,2015-04-08 14:20,Property,14.65747901,121.0011914,Side Swipe
None,EDSA,None,None,"No Accident Factor, No Collision Stated (based on Police Blotter Book), 0.0 drivers_injured, 0.0 drivers_killed, 1.0 passengers_injured, 0.0 passengers_killed, 0.0 pedestrian_injured, 0.0 pedestrian_killed, Fair (Day), EDSA SM North, Bagong Pag-asa Quezon City",MMDA Road Safety Unit,,573f5424-317d-45e0-986f-e1e6462aa190,2015-04-08,06:00:00,EDSA NIA Road Quezon City,0,0,0,0,1,0,0,0,0,1,2015-04-08 14:00,Injury,14.65645143,121.0271077,No Collision Stated
None,EDSA,None,None,"No Accident Factor, Rear-end, 0.0 drivers_injured, 0.0 drivers_killed, 0.0 passengers_injured, 0.0 passengers_killed, 0.0 pedestrian_injured, 0.0 pedestrian_killed, Fair (Day), EDSA Camp Aguinaldo Quezon City",MMDA Road Safety Unit,,fec282ac-ebd5-494b-a759-aee4ec3b10e3,2015-04-07,08:00:00,EDSA Aurora Blvd. Quezon City,0,0,0,0,0,0,0,0,0,0,2015-04-07 16:00,Property,14.60818699,121.0564562,Rear-End
None,EDSA,None,None,"No Accident Factor, Hit Object (Barrier-Concrete), 0.0 drivers_injured, 0.0 drivers_killed, 0.0 passengers_injured, 0.0 passengers_killed, 0.0 pedestrian_injured, 0.0 pedestrian_killed, Fair (Night), EDSA Monte De Piedad St. Quezon City",MMDA Road Safety Unit,,5b298627-71e6-44c7-9d13-95c8755bfb4b,2015-04-06,20:30:00,EDSA Quezon Ave. Quezon City,0,0,0,0,0,0,0,0,0,0,2015-04-07 4:30,Property,14.62346937,121.0491711,Hit Object
None,EDSA,None,None,"No Accident Factor, No Collision Stated (based on Police Blotter Book), 0.0 drivers_injured, 0.0 drivers_killed, 0.0 passengers_injured, 0.0 passengers_killed, 0.0 pedestrian_injured, 0.0 pedestrian_killed, Fair (Night), EDSA 711 Convenience Store, South Triangle Quezon City",MMDA Road Safety Unit,,cbb2a8ad-f891-490f-be7b-6a1e831c332f,2015-04-06,11:45:00,EDSA Solid North Bus Terminal  Quezon City,0,0,0,0,0,0,0,0,0,0,2015-04-06 19:45,Property,14.64349448,121.0378326,Angle Impact
None,EDSA,None,None,"No Accident Factor, No Collision Stated (based on Police Blotter Book), 0.0 drivers_injured, 0.0 drivers_killed, 0.0 passengers_injured, 0.0 passengers_killed, 0.0 pedestrian_injured, 0.0 pedestrian_killed, Fair (Night), EDSA Trinoma Mall Quezon City",MMDA Road Safety Unit,,9564b3aa-e0f4-4acc-bfca-96e5c52adf06,2015-04-06,11:00:00,EDSA Col. Bonny Serrano Ave. Quezon City,0,0,0,0,0,0,0,0,0,0,2015-04-06 19:00,Property,14.65242607,121.0323133,No Collision Stated
None,EDSA,None,None,"No Accident Factor, Side Swipe, 0.0 drivers_injured, 0.0 drivers_killed, 0.0 passengers_injured, 0.0 passengers_killed, 0.0 pedestrian_injured, 0.0 pedestrian_killed, Fair (Day), EDSA Ortigas Ave. Quezon City",MMDA Road Safety Unit,,68dfc179-2cc2-477f-b1c4-d2b756090702,2015-04-06,06:35:00,EDSA Banahaw St. Quezon City,0,0,0,0,0,0,0,0,0,0,2015-04-06 14:35,Property,14.59335253,121.0584107,Side Swipe
None,EDSA,None,None,"No Accident Factor, No Collision Stated (based on Police Blotter Book), 0.0 drivers_injured, 0.0 drivers_killed, 0.0 passengers_injured, 0.0 passengers_killed, 0.0 pedestrian_injured, 0.0 pedestrian_killed, Fair (Day), EDSA R. Magsaysay Quezon City",MMDA Road Safety Unit,,3432b55c-ace9-487e-a2f6-8475857f8461,2015-04-06,03:40:00,EDSA Aurora Blvd. Quezon City,0,0,0,0,0,0,0,0,0,0,2015-04-06 11:40,Property,14.62774693,121.0471762,No Collision Stated
None,EDSA,None,None,"No Accident Factor, Rear-end, 0.0 drivers_injured, 0.0 drivers_killed, 0.0 passengers_injured, 0.0 passengers_killed, 0.0 pedestrian_injured, 0.0 pedestrian_killed, Fair (Day), EDSA Farmers, Socorro Quezon City",MMDA Road Safety Unit,,c2aafc7b-8651-4919-a70c-92ae83801df2,2015-04-06,01:30:00,EDSA Balintawak Market Quezon City,0,0,0,0,0,0,0,0,0,0,2015-04-06 9:30,Property,14.61920525,121.0513476,Rear-End
None,EDSA,None,None,"No Accident Factor, Rear-end, 0.0 drivers_injured, 0.0 drivers_killed, 0.0 passengers_injured, 0.0 passengers_killed, 0.0 pedestrian_injured, 0.0 pedestrian_killed, Fair (Day), EDSA Kamuning Road Quezon City",MMDA Road Safety Unit,,85adcc94-30ea-45fe-9375-4b4f544157d7,2015-04-06,01:05:00,EDSA SM North (Annex) Quezon City,0,0,0,0,0,0,0,0,0,0,2015-04-06 9:05,Property,14.63075725,121.0457548,Rear-End
None,EDSA,None,None,"No Accident Factor, Rear-end, 0.0 drivers_injured, 0.0 drivers_killed, 0.0 passengers_injured, 0.0 passengers_killed, 0.0 pedestrian_injured, 0.0 pedestrian_killed, Fair (Night), EDSA Cloverleaf Road Quezon City",MMDA Road Safety Unit,,4719c38c-5f3c-4222-bfc3-21d3c431e687,2015-04-05,21:30:00,EDSA West Ave. Quezon City,0,0,0,0,0,0,0,0,0,0,2015-04-06 5:30,Property,14.65747901,121.0011914,Rear-End
None,EDSA,None,None,"No Accident Factor, No Collision Stated (based on Police Blotter Book), 0.0 drivers_injured, 0.0 drivers_killed, 0.0 passengers_injured, 0.0 passengers_killed, 0.0 pedestrian_injured, 0.0 pedestrian_killed, Fair (Night), EDSA Farmers  Quezon City",MMDA Road Safety Unit,,f93bb8a1-e4aa-4ef8-81a8-2341a024f1e2,2015-04-05,17:00:00,EDSA Nueva Ecija St. Quezon City,0,0,0,0,0,0,0,0,0,0,2015-04-06 1:00,Property,14.61920525,121.0513476,No Collision Stated
None,EDSA,None,None,"No Accident Factor, Rear-end, 0.0 drivers_injured, 0.0 drivers_killed, 0.0 passengers_injured, 0.0 passengers_killed, 0.0 pedestrian_injured, 0.0 pedestrian_killed, Fair (Day), EDSA New York St. Quezon City",MMDA Road Safety Unit,,c3431b93-b02f-489a-90f0-adb865b4db30,2015-04-04,09:10:00,EDSA Camp Crame Quezon City,0,0,0,0,0,0,0,0,0,0,2015-04-04 17:10,Property,14.62568514,121.0482307,Rear-End
None,EDSA,None,None,"No Accident Factor, Rear-end, 0.0 drivers_injured, 0.0 drivers_killed, 0.0 passengers_injured, 0.0 passengers_killed, 0.0 pedestrian_injured, 0.0 pedestrian_killed, Fair (Day), EDSA Camp Aguinaldo (Gate 5) Quezon City",MMDA Road Safety Unit,,3791c47b-d6c4-4e2f-b9a4-d9742378b0c7,2015-04-04,07:00:00,EDSA Royal Quezon City,0,0,0,0,0,0,0,0,0,0,2015-04-04 15:00,Property,14.60625964,121.0572945,Rear-End
None,EDSA,None,None,"No Accident Factor, Rear-end, 0.0 drivers_injured, 0.0 drivers_killed, 0.0 passengers_injured, 0.0 passengers_killed, 0.0 pedestrian_injured, 0.0 pedestrian_killed, Fair (Day), EDSA Aurora Blvd. Quezon City",MMDA Road Safety Unit,,082e5317-1313-4971-ba25-7da4996d5796,2015-04-03,07:30:00,EDSA North Ave. Quezon City,0,0,0,0,0,0,0,0,0,0,2015-04-03 15:30,Property,14.62163653,121.0501573,Rear-End
None,EDSA,None,None,"No Accident Factor, Side Swipe, 1.0 drivers_injured, 0.0 drivers_killed, 0.0 passengers_injured, 0.0 passengers_killed, 0.0 pedestrian_injured, 0.0 pedestrian_killed, Fair (Day), EDSA Lemon Square, Mayon Kaunlaran  Quezon City",MMDA Road Safety Unit,,9b42ad55-9772-4160-add5-c1b771a3b5cb,2015-04-03,01:30:00,"EDSA ""U"" turn slot, Trinoma Mall Quezon City",0,0,0,1,0,0,0,0,0,1,2015-04-03 9:30,Injury,14.6571804,120.9927185,Side Swipe
None,EDSA,None,None,"No Accident Factor, Rear-end, 0.0 drivers_injured, 0.0 drivers_killed, 0.0 passengers_injured, 0.0 passengers_killed, 0.0 pedestrian_injured, 0.0 pedestrian_killed, Fair (Day), EDSA Nepa Q-Mart, West Kamias Quezon City",MMDA Road Safety Unit,,31f630b2-7af4-4438-bc68-42203b006297,2015-04-03,01:25:00,EDSA P. Tuazon Blvd. Quezon City,0,0,0,0,0,0,0,0,0,0,2015-04-03 9:25,Property,14.62805361,121.0472521,Rear-End
None,EDSA,None,None,"No Accident Factor, Side Swipe, 0.0 drivers_injured, 0.0 drivers_killed, 0.0 passengers_injured, 0.0 passengers_killed, 0.0 pedestrian_injured, 0.0 pedestrian_killed, Fair (Day), EDSA Five Star Bus Terminal, E. Rodriguez Quezon City",MMDA Road Safety Unit,,40d1dd7b-931e-4f4a-b2b7-0fc62adb207c,2015-04-02,22:45:00,EDSA Mindanao Ave. Ext. Quezon City,0,0,0,0,0,0,0,0,0,0,2015-04-03 6:45,Property,14.62375691,121.0492447,Side Swipe
None,EDSA,None,None,"No Accident Factor, Hit and Run (No Collision Stated), 0.0 drivers_injured, 0.0 drivers_killed, 0.0 passengers_injured, 0.0 passengers_killed, 0.0 pedestrian_injured, 0.0 pedestrian_killed, Fair (Night), EDSA Balintawak Market Quezon City",MMDA Road Safety Unit,,b5776357-ecae-4e8e-9306-d975aa57bfec,2015-04-02,19:55:00,"EDSA Banco De Oro, East Ave. Quezon City",0,0,0,0,0,0,0,0,0,0,2015-04-03 3:55,Property,14.65740947,121.0025737,No Collision Stated
None,EDSA,None,None,"No Accident Factor, Hit and Run (Side Swipe), 0.0 drivers_injured, 0.0 drivers_killed, 0.0 passengers_injured, 0.0 passengers_killed, 0.0 pedestrian_injured, 0.0 pedestrian_killed, Fair (Day), EDSA Whiteplains Ave. (Corinthtian) Quezon City",MMDA Road Safety Unit,,cd7b7165-d5f1-4e83-8ea0-9e4f6a98e3fa,2015-04-02,06:40:00,EDSA North Ave. Quezon City,0,0,0,0,0,0,0,0,0,0,2015-04-02 14:40,Property,14.59961782,121.0596522,Side Swipe
None,EDSA,None,None,"No Accident Factor, Side Swipe, 0.0 drivers_injured, 0.0 drivers_killed, 0.0 passengers_injured, 0.0 passengers_killed, 0.0 pedestrian_injured, 0.0 pedestrian_killed, Fair (Day), EDSA Kamuning Road Quezon City",MMDA Road Safety Unit,,f4c1981c-b2c0-4a01-922d-3e841d55f39e,2015-04-02,02:00:00,"EDSA ""U"" turn slot, Balintawak Quezon City",0,0,0,0,0,0,0,0,0,0,2015-04-02 10:00,Property,14.63075725,121.0457548,Side Swipe
None,EDSA,None,None,"No Accident Factor, Rear-end, 0.0 drivers_injured, 0.0 drivers_killed, 0.0 passengers_injured, 0.0 passengers_killed, 0.0 pedestrian_injured, 0.0 pedestrian_killed, Fair (Night), EDSA ""U"" turn slot, A. Samson Quezon City",MMDA Road Safety Unit,,540cf07b-704b-43fb-865b-eeca341740b9,2015-04-01,19:30:00,EDSA ALPS Liner Bus Terminal Quezon City,0,0,0,0,0,0,0,0,0,0,2015-04-02 3:30,Property,14.65751461,121.0075535,Rear-End
None,EDSA,None,None,"No Accident Factor, Rear-end, 0.0 drivers_injured, 0.0 drivers_killed, 0.0 passengers_injured, 0.0 passengers_killed, 0.0 pedestrian_injured, 0.0 pedestrian_killed, Fair (Night), EDSA Cloverleaf Road Quezon City",MMDA Road Safety Unit,,306d9a1d-6f88-43b1-89f3-322da040c9b8,2015-04-01,18:00:00,EDSA Misamis St. Quezon City,0,0,0,0,0,0,0,0,0,0,2015-04-02 2:00,Property,14.65747901,121.0011914,Rear-End
None,EDSA,None,None,"No Accident Factor, Side Swipe, 0.0 drivers_injured, 0.0 drivers_killed, 0.0 passengers_injured, 0.0 passengers_killed, 0.0 pedestrian_injured, 0.0 pedestrian_killed, Fair (Night), EDSA Superlines Bus Terminal, E. Rodriguez Quezon City",MMDA Road Safety Unit,,85cebbf5-d9e2-45ae-8e44-3c934d85bb9a,2015-04-01,13:10:00,"EDSA ""U"" turn slot, Quezon Ave. Quezon City",0,0,0,0,0,0,0,0,0,0,2015-04-01 21:10,Property,14.62512241,121.0484162,Side Swipe
None,EDSA,None,None,"No Accident Factor, Side Swipe, 0.0 drivers_injured, 0.0 drivers_killed, 0.0 passengers_injured, 0.0 passengers_killed, 0.0 pedestrian_injured, 0.0 pedestrian_killed, Fair (Night), EDSA Aurora Blvd. Quezon City",MMDA Road Safety Unit,,f5062b34-896b-45c1-9011-c6da46faa46a,2015-04-01,12:35:00,EDSA P. Tuazon Blvd. Quezon City,0,0,0,0,0,0,0,0,0,0,2015-04-01 20:35,Property,14.62163653,121.0501573,Side Swipe
None,EDSA,None,None,"No Accident Factor, Rear-end, 0.0 drivers_injured, 0.0 drivers_killed, 0.0 passengers_injured, 0.0 passengers_killed, 0.0 pedestrian_injured, 0.0 pedestrian_killed, Fair (Day), EDSA Caltex Gas Station, Balintawak  Quezon City",MMDA Road Safety Unit,,813d0d78-b600-48e6-ba4e-761ee9b69788,2015-04-01,07:30:00,"EDSA Corinthian Garden (Gate 2), Ugong Norte Quezon City",0,0,0,0,0,0,0,0,0,0,2015-04-01 15:30,Property,14.65756562,121.0045938,Rear-End
None,EDSA,None,None,"No Accident Factor, No Collision Stated (based on Police Blotter Book), 0.0 drivers_injured, 0.0 drivers_killed, 0.0 passengers_injured, 0.0 passengers_killed, 0.0 pedestrian_injured, 0.0 pedestrian_killed, Fair (Day), EDSA SM North, Bagong Pag-asa Quezon City",MMDA Road Safety Unit,,cd278634-c9d3-497a-b029-f4d89bf66c14,2015-04-01,06:50:00,EDSA SM North (Annex) Quezon City,0,0,0,0,0,0,0,0,0,0,2015-04-01 14:50,Property,14.65645143,121.0271077,No Collision Stated
None,EDSA,None,None,"No Accident Factor, Rear-end, 0.0 drivers_injured, 0.0 drivers_killed, 0.0 passengers_injured, 0.0 passengers_killed, 0.0 pedestrian_injured, 0.0 pedestrian_killed, Fair (Day), EDSA Cloverleaf Road Quezon City",MMDA Road Safety Unit,,42d53a38-787b-4810-9734-b72dd7d8b310,2015-04-01,06:15:00,EDSA Baliwag Liner Bus Terminal Quezon City,0,0,0,0,0,0,0,0,0,0,2015-04-01 14:15,Property,14.65747901,121.0011914,Rear-End
None,EDSA,None,None,"No Accident Factor, Angle Impact, 0.0 drivers_injured, 0.0 drivers_killed, 0.0 passengers_injured, 0.0 passengers_killed, 0.0 pedestrian_injured, 0.0 pedestrian_killed, Fair (Day), EDSA Kamias Road Quezon City",MMDA Road Safety Unit,,d2456cfb-ea2b-434c-8a2d-7351dd6176db,2015-04-01,03:25:00,EDSA Kamias Road Quezon City,0,0,0,0,0,0,0,0,0,0,2015-04-01 11:25,Property,14.6309142,121.0459376,Angle Impact
None,EDSA,None,None,"No Accident Factor, Side Swipe, 0.0 drivers_injured, 0.0 drivers_killed, 0.0 passengers_injured, 0.0 passengers_killed, 0.0 pedestrian_injured, 0.0 pedestrian_killed, Fair (Day), EDSA Whiteplains Ave. (Camp Aguinaldo) Quezon City",MMDA Road Safety Unit,,d19037da-9599-40e3-979c-e72f0b74685d,2015-04-01,01:45:00,EDSA Kamias Road Quezon City,0,0,0,0,0,0,0,0,0,0,2015-04-01 9:45,Property,14.59961782,121.0596522,Side Swipe
None,EDSA,None,None,"No Accident Factor, No Collision Stated (based on Police Blotter Book), 0.0 drivers_injured, 0.0 drivers_killed, 0.0 passengers_injured, 0.0 passengers_killed, 0.0 pedestrian_injured, 0.0 pedestrian_killed, Fair (Night), EDSA North Ave. Quezon City",MMDA Road Safety Unit,,86950842-cf99-4136-b950-b2c5300f97b7,2015-03-31,19:00:00,"EDSA Cloverleaf, North Luzon Expressway Quezon City",0,0,0,0,0,0,0,0,0,0,2015-04-01 3:00,Property,14.65553839,121.0299647,No Collision Stated
None,EDSA,None,None,"No Accident Factor, Side Swipe, 0.0 drivers_injured, 0.0 drivers_killed, 0.0 passengers_injured, 0.0 passengers_killed, 0.0 pedestrian_injured, 0.0 pedestrian_killed, Fair (Night), EDSA Kamias Road Quezon City",MMDA Road Safety Unit,,bf8a8111-d552-4c08-a5a2-70898fb576b3,2015-03-31,15:45:00,EDSA Col. Bonny Serrano Ave. (EB) Quezon City,0,0,0,0,0,0,0,0,0,0,2015-03-31 23:45,Property,14.6309142,121.0459376,Side Swipe
None,EDSA,None,None,"Human Error, Self-Accident, 0.0 drivers_injured, 0.0 drivers_killed, 26.0 passengers_injured, 0.0 passengers_killed, 0.0 pedestrian_injured, 0.0 pedestrian_killed, Fair (Night), EDSA Camp Aguinaldo Quezon City",MMDA Road Safety Unit,,3e0dcddc-adf1-421d-8ed2-48a4f9f3c82d,2015-03-31,13:40:00,EDSA Main Ave. Quezon City,0,0,0,0,26,0,0,0,0,26,2015-03-31 21:40,Injury,14.60818699,121.0564562,Self-Accident
None,EDSA,None,None,"No Accident Factor, Rear-end, 0.0 drivers_injured, 0.0 drivers_killed, 0.0 passengers_injured, 0.0 passengers_killed, 0.0 pedestrian_injured, 0.0 pedestrian_killed, Fair (Night), EDSA Camp Aguinaldo Quezon City",MMDA Road Safety Unit,,2f989bc4-292c-4d27-a3a3-309bdfdfaf9c,2015-03-31,10:30:00,EDSA Col. Bonny Serrano Ave. Quezon City,0,0,0,0,0,0,0,0,0,0,2015-03-31 18:30,Property,14.60818699,121.0564562,Rear-End
None,EDSA,None,None,"No Accident Factor, Rear-end, 0.0 drivers_injured, 0.0 drivers_killed, 0.0 passengers_injured, 0.0 passengers_killed, 0.0 pedestrian_injured, 0.0 pedestrian_killed, Fair (Day), EDSA Main Ave. Quezon City",MMDA Road Safety Unit,,df8c307c-a489-4b4a-8cad-93070b947dd5,2015-03-31,09:50:00,EDSA Cloverleaf Road Quezon City,0,0,0,0,0,0,0,0,0,0,2015-03-31 17:50,Property,14.61376458,121.0537933,Rear-End
None,EDSA,None,None,"No Accident Factor, Rear-end, 1.0 drivers_injured, 0.0 drivers_killed, 0.0 passengers_injured, 0.0 passengers_killed, 0.0 pedestrian_injured, 0.0 pedestrian_killed, Fair (Day), EDSA Baliwag Liner Bus Terminal Quezon City",MMDA Road Safety Unit,,a03b89f6-3edb-4dab-adfe-2225415a07ef,2015-03-31,08:30:00,EDSA Kamias Road Quezon City,0,0,0,1,0,0,0,0,0,1,2015-03-31 16:30,Injury,14.6244766,121.0489584,Rear-End