LOCATION_TEXT,ROAD,WEATHER,LIGHT,DESC,REPORTING_AGENCY,MAIN_CAUSE,INCIDENTDETAILS_ID,DATE_UTC,TIME_UTC,ADDRESS,killed_driver,killed_passenger,killed_pedestrian,injured_driver,injured_passenger,injured_pedestrian,killed_uncategorized,injured_uncategorized,killed_total,injured_total,DATETIME_PST,SEVERITY,Y,X,COLLISION_TYPE
None,EDSA,None,None,"No Accident Factor, Side Swipe, 0.0 drivers_injured, 0.0 drivers_killed, 0.0 passengers_injured, 0.0 passengers_killed, 0.0 pedestrian_injured, 0.0 pedestrian_killed, Fair (Day), EDSA Main Ave. Quezon City",MMDA Road Safety Unit,,92db14f8-c04c-410d-ba7d-05826925b393,2015-03-31,07:00:00,EDSA Aurora Blvd. Quezon City,0,0,0,0,0,0,0,0,0,0,2015-03-31 15:00,Property,14.61376458,121.0537933,Side Swipe
None,EDSA,None,None,"No Accident Factor, Rear-end, 0.0 drivers_injured, 0.0 drivers_killed, 0.0 passengers_injured, 0.0 passengers_killed, 0.0 pedestrian_injured, 0.0 pedestrian_killed, Fair (Day), EDSA Main Ave. Quezon City",MMDA Road Safety Unit,,dca20d75-7373-4bc0-9b10-aab3554476a7,2015-03-31,05:00:00,EDSA East Ave. Quezon City,0,0,0,0,0,0,0,0,0,0,2015-03-31 13:00,Property,14.61376458,121.0537933,Rear-End
None,EDSA,None,None,"No Accident Factor, Rear-end, 0.0 drivers_injured, 0.0 drivers_killed, 0.0 passengers_injured, 0.0 passengers_killed, 0.0 pedestrian_injured, 0.0 pedestrian_killed, Fair (Day), EDSA Balintawak Market Quezon City",MMDA Road Safety Unit,,a60246c2-8a20-4729-b1d1-1215c5415fdf,2015-03-31,02:15:00,EDSA Col. Bonny Serrano Ave. Quezon City,0,0,0,0,0,0,0,0,0,0,2015-03-31 10:15,Property,14.65740947,121.0025737,Rear-End
None,EDSA,None,None,"No Accident Factor, Rear-end, 0.0 drivers_injured, 0.0 drivers_killed, 0.0 passengers_injured, 0.0 passengers_killed, 0.0 pedestrian_injured, 0.0 pedestrian_killed, Fair (Night), EDSA Lucena Lines Bus Terminal, E. Rodriguez  Quezon City",MMDA Road Safety Unit,,fa0e5fea-9050-46b6-a97d-b12a80bcb159,2015-03-30,10:50:00,EDSA East Ave. Quezon City,0,0,0,0,0,0,0,0,0,0,2015-03-30 18:50,Property,14.63163168,121.0456734,Rear-End
None,EDSA,None,None,"No Accident Factor, No Collision Stated (based on Police Blotter Book), 0.0 drivers_injured, 0.0 drivers_killed, 0.0 passengers_injured, 0.0 passengers_killed, 0.0 pedestrian_injured, 0.0 pedestrian_killed, Fair (Day), EDSA Aurora Blvd. Quezon City",MMDA Road Safety Unit,,58628eae-6e80-458f-965c-45e0246e4bf4,2015-03-30,05:10:00,"EDSA MRT-Santolan Station, Socorro Quezon City",0,0,0,0,0,0,0,0,0,0,2015-03-30 13:10,Property,14.62163653,121.0501573,No Collision Stated
None,EDSA,None,None,"No Accident Factor, No Collision Stated (based on Police Blotter Book), 0.0 drivers_injured, 0.0 drivers_killed, 0.0 passengers_injured, 0.0 passengers_killed, 0.0 pedestrian_injured, 0.0 pedestrian_killed, Fair (Day), EDSA MRT-GMA Station Quezon City",MMDA Road Safety Unit,,164abecc-0621-4473-b95c-40438c90492f,2015-03-30,04:20:00,EDSA Timog Ave. Quezon City,0,0,0,0,0,0,0,0,0,0,2015-03-30 12:20,Property,14.63506067,121.043428,No Collision Stated
None,EDSA,None,None,"No Accident Factor, Side Swipe, 0.0 drivers_injured, 0.0 drivers_killed, 0.0 passengers_injured, 0.0 passengers_killed, 0.0 pedestrian_injured, 0.0 pedestrian_killed, Fair (Day), EDSA Baliwag Liner Bus Terminal Quezon City",MMDA Road Safety Unit,,2e80164c-33ac-4b49-a65b-fdb35e8bc0f4,2015-03-30,03:45:00,EDSA Col. Bonny Serrano Ave. Quezon City,0,0,0,0,0,0,0,0,0,0,2015-03-30 11:45,Property,14.6244766,121.0489584,Side Swipe
None,EDSA,None,None,"No Accident Factor, Rear-end, 0.0 drivers_injured, 0.0 drivers_killed, 0.0 passengers_injured, 0.0 passengers_killed, 0.0 pedestrian_injured, 0.0 pedestrian_killed, Fair (Day), EDSA Petron Gas Station, Socorro Quezon City",MMDA Road Safety Unit,,88f7fb64-cf9f-4fcb-a277-3098cc0787d2,2015-03-30,03:35:00,EDSA Corregidor St. Quezon City,0,0,0,0,0,0,0,0,0,0,2015-03-30 11:35,Property,14.61359717,121.0537886,Rear-End
None,EDSA,None,None,"No Accident Factor, Rear-end, 0.0 drivers_injured, 0.0 drivers_killed, 0.0 passengers_injured, 0.0 passengers_killed, 0.0 pedestrian_injured, 0.0 pedestrian_killed, Fair (Day), EDSA Robinson's Galleria, Ortigas Ave. Quezon City",MMDA Road Safety Unit,,0267f9d5-4f53-40a2-8d69-b85d03aab64d,2015-03-30,02:30:00,"EDSA Jac Liner Bus Terminal, Mapagmahal St. Quezon City",0,0,0,0,0,0,0,0,0,0,2015-03-30 10:30,Property,14.59226131,121.0583025,Rear-End
None,EDSA,None,None,"No Accident Factor, Angle Impact, 0.0 drivers_injured, 0.0 drivers_killed, 0.0 passengers_injured, 0.0 passengers_killed, 0.0 pedestrian_injured, 0.0 pedestrian_killed, Fair (Day), EDSA Florida Bus Terminal, West Kamias Quezon City",MMDA Road Safety Unit,,f390f41c-521f-48bb-ad24-bb027198ffd5,2015-03-30,02:20:00,EDSA Baliwag Liner Bus Terminal Quezon City,0,0,0,0,0,0,0,0,0,0,2015-03-30 10:20,Property,14.63035534,121.0462986,Angle Impact
None,EDSA,None,None,"No Accident Factor, Multiple Collision, 0.0 drivers_injured, 0.0 drivers_killed, 0.0 passengers_injured, 0.0 passengers_killed, 0.0 pedestrian_injured, 0.0 pedestrian_killed, Fair (Day), EDSA Aurora Blvd. Quezon City",MMDA Road Safety Unit,,a9eca956-fc5c-472e-a187-649d0f423fef,2015-03-30,01:45:00,EDSA New York St. Quezon City,0,0,0,0,0,0,0,0,0,0,2015-03-30 9:45,Property,14.62163653,121.0501573,Multiple
None,EDSA,None,None,"No Accident Factor, No Collision Stated (based on Police Blotter Book), 0.0 drivers_injured, 0.0 drivers_killed, 0.0 passengers_injured, 0.0 passengers_killed, 0.0 pedestrian_injured, 0.0 pedestrian_killed, Fair (Day), EDSA ""U"" turn slot, Bagong Pag-asa Quezon City",MMDA Road Safety Unit,,b382d8e7-9180-4bce-92ab-a67b3d2e8e40,2015-03-29,23:45:00,EDSA East Ave. Quezon City,0,0,0,0,0,0,0,0,0,0,2015-03-30 7:45,Property,14.65652754,121.0260743,No Collision Stated
None,EDSA,None,None,"No Accident Factor, No Collision Stated (based on Police Blotter Book), 0.0 drivers_injured, 0.0 drivers_killed, 0.0 passengers_injured, 0.0 passengers_killed, 0.0 pedestrian_injured, 0.0 pedestrian_killed, Fair (Night), EDSA SM North, Bagong Pag-asa Quezon City",MMDA Road Safety Unit,,78488efe-a6a2-4818-b23c-a0b935dad4ae,2015-03-29,14:00:00,EDSA North Ave. Quezon City,0,0,0,0,0,0,0,0,0,0,2015-03-29 22:00,Property,14.65645143,121.0271077,No Collision Stated
None,EDSA,None,None,"No Accident Factor, Rear-end, 0.0 drivers_injured, 0.0 drivers_killed, 0.0 passengers_injured, 0.0 passengers_killed, 0.0 pedestrian_injured, 0.0 pedestrian_killed, Fair (Day), EDSA Kamias Road Quezon City",MMDA Road Safety Unit,,f24b51dc-0546-44e8-8be0-53854c27ccd6,2015-03-29,06:30:00,EDSA Congressional Ave. Quezon City,0,0,0,0,0,0,0,0,0,0,2015-03-29 14:30,Property,14.6309142,121.0459376,Rear-End
None,EDSA,None,None,"No Accident Factor, Side Swipe, 0.0 drivers_injured, 0.0 drivers_killed, 0.0 passengers_injured, 0.0 passengers_killed, 0.0 pedestrian_injured, 0.0 pedestrian_killed, Fair (Day), EDSA P. Tuazon Blvd. Quezon City",MMDA Road Safety Unit,,a6564e60-a12e-493d-846e-e56f11a55c9e,2015-03-29,05:45:00,EDSA Ortigas Ave. Quezon City,0,0,0,0,0,0,0,0,0,0,2015-03-29 13:45,Property,14.61656342,121.0525225,Side Swipe
None,EDSA,None,None,"No Accident Factor, Side Swipe, 0.0 drivers_injured, 0.0 drivers_killed, 0.0 passengers_injured, 0.0 passengers_killed, 0.0 pedestrian_injured, 0.0 pedestrian_killed, Fair (Night), EDSA ""U"" turn slot, Camp Aguinaldo Quezon City",MMDA Road Safety Unit,,81fe1ad3-bc94-4d53-849e-eeb4820140e7,2015-03-28,15:45:00,"EDSA ""U"" turn slot, Puregold Quezon City",0,0,0,0,0,0,0,0,0,0,2015-03-28 23:45,Property,14.61039335,121.055241,Side Swipe
None,EDSA,None,None,"No Accident Factor, No Collision Stated (based on Police Blotter Book), 0.0 drivers_injured, 0.0 drivers_killed, 0.0 passengers_injured, 0.0 passengers_killed, 0.0 pedestrian_injured, 0.0 pedestrian_killed, Fair (Day), EDSA ""U"" turn slot, Philam Quezon City",MMDA Road Safety Unit,,e253b193-b576-4f03-b967-6943dfb5c115,2015-03-28,07:30:00,EDSA North Ave. Quezon City,0,0,0,0,0,0,0,0,0,0,2015-03-28 15:30,Property,14.65001076,121.0336794,No Collision Stated
None,EDSA,None,None,"No Accident Factor, No Collision Stated (based on Police Blotter Book), 0.0 drivers_injured, 0.0 drivers_killed, 0.0 passengers_injured, 0.0 passengers_killed, 0.0 pedestrian_injured, 0.0 pedestrian_killed, Fair (Day), EDSA New York St. Quezon City",MMDA Road Safety Unit,,e0eeb948-404a-4f58-afe6-7b62ae0bbc1c,2015-03-28,05:55:00,EDSA Col. Bonny Serrano Ave. Quezon City,0,0,0,0,0,0,0,0,0,0,2015-03-28 13:55,Property,14.62568514,121.0482307,No Collision Stated
None,EDSA,None,None,"No Accident Factor, Side Swipe, 0.0 drivers_injured, 0.0 drivers_killed, 0.0 passengers_injured, 0.0 passengers_killed, 0.0 pedestrian_injured, 0.0 pedestrian_killed, Fair (Day), EDSA Cloverleaf Quezon City",MMDA Road Safety Unit,,eb3b45ae-8fbf-4181-8fda-d3b33b43b156,2015-03-28,05:45:00,"EDSA ""U"" turn slot, MRT-North Ave. Station Quezon City",0,0,0,0,0,0,0,0,0,0,2015-03-28 13:45,Property,14.65747901,121.0011914,Side Swipe
None,EDSA,None,None,"No Accident Factor, Side Swipe, 0.0 drivers_injured, 0.0 drivers_killed, 0.0 passengers_injured, 0.0 passengers_killed, 0.0 pedestrian_injured, 0.0 pedestrian_killed, Fair (Day), EDSA Cloverleaf Road Quezon City",MMDA Road Safety Unit,,7b304179-0646-4370-82ef-f58cb954befc,2015-03-28,02:35:00,"EDSA MRT-North Ave. Station, Phil-Am Quezon City",0,0,0,0,0,0,0,0,0,0,2015-03-28 10:35,Property,14.65747901,121.0011914,Side Swipe
None,EDSA,None,None,"No Accident Factor, No Collision Stated (based on Police Blotter Book), 0.0 drivers_injured, 0.0 drivers_killed, 0.0 passengers_injured, 0.0 passengers_killed, 0.0 pedestrian_injured, 0.0 pedestrian_killed, Fair (Day), EDSA R. Magsaysay Quezon City",MMDA Road Safety Unit,,700b4a8d-00f2-480a-a9df-b7f1fad0e5d4,2015-03-28,02:10:00,"EDSA ""U"" turn slot, West Ave. Quezon City",0,0,0,0,0,0,0,0,0,0,2015-03-28 10:10,Property,14.62774693,121.0471762,No Collision Stated
None,EDSA,None,None,"No Accident Factor, No Collision Stated (based on Police Blotter Book), 0.0 drivers_injured, 0.0 drivers_killed, 0.0 passengers_injured, 0.0 passengers_killed, 0.0 pedestrian_injured, 0.0 pedestrian_killed, Fair (Day), EDSA Quezon Ave. Quezon City",MMDA Road Safety Unit,,1eb4b688-a511-4227-b828-12b325e78207,2015-03-28,02:00:00,"EDSA ""U"" turn slot, West Ave. Quezon City",0,0,0,0,0,0,0,0,0,0,2015-03-28 10:00,Property,14.6442444,121.0375839,No Collision Stated
None,EDSA,None,None,"No Accident Factor, Hit and Run (No Collision Stated), 0.0 drivers_injured, 0.0 drivers_killed, 0.0 passengers_injured, 0.0 passengers_killed, 0.0 pedestrian_injured, 0.0 pedestrian_killed, Fair (Day), EDSA Waltermart Loading Bay Quezon City",MMDA Road Safety Unit,,c290fec0-cdc2-453b-abe0-d61ed25e8cb7,2015-03-27,23:40:00,EDSA Timog Ave. Quezon City,0,0,0,0,0,0,0,0,0,0,2015-03-28 7:40,Property,14.6574558,121.0213579,No Collision Stated
None,EDSA,None,None,"No Accident Factor, Rear-end, 0.0 drivers_injured, 0.0 drivers_killed, 0.0 passengers_injured, 0.0 passengers_killed, 0.0 pedestrian_injured, 0.0 pedestrian_killed, Fair (Day), EDSA West Ave. Quezon City",MMDA Road Safety Unit,,6a6d38dd-6dcb-4139-8165-f7fd1e4b982b,2015-03-27,22:05:00,EDSA Timog Ave. Quezon City,0,0,0,0,0,0,0,0,0,0,2015-03-28 6:05,Property,14.65548924,121.0298079,Rear-End
None,EDSA,None,None,"No Accident Factor, No Collision Stated (based on Police Blotter Book), 0.0 drivers_injured, 0.0 drivers_killed, 0.0 passengers_injured, 0.0 passengers_killed, 0.0 pedestrian_injured, 0.0 pedestrian_killed, Fair (Night), EDSA Quezon Ave. Quezon City",MMDA Road Safety Unit,,7cbaf366-52f0-4c3d-b40a-3ac24de6c2b5,2015-03-27,16:05:00,"EDSA Jac Liner Bus Terminal, Mapagmahal St. Quezon City",0,0,0,0,0,0,0,0,0,0,2015-03-28 0:05,Property,14.6442444,121.0375839,No Collision Stated
None,EDSA,None,None,"No Accident Factor, Rear-end, 0.0 drivers_injured, 0.0 drivers_killed, 0.0 passengers_injured, 0.0 passengers_killed, 0.0 pedestrian_injured, 0.0 pedestrian_killed, Fair (Night), EDSA Whiteplains Ave. (P. P. M. Camp Aguinaldo) Quezon City",MMDA Road Safety Unit,,bff7f796-ac19-42a6-be00-e2eb28d06d8d,2015-03-27,15:10:00,EDSA Kamias Road Quezon City,0,0,0,0,0,0,0,0,0,0,2015-03-27 23:10,Property,14.59961782,121.0596522,Rear-End
None,EDSA,None,None,"No Accident Factor, Rear-end, 0.0 drivers_injured, 0.0 drivers_killed, 0.0 passengers_injured, 0.0 passengers_killed, 0.0 pedestrian_injured, 0.0 pedestrian_killed, Fair (Night), EDSA Cloverleaf Quezon City",MMDA Road Safety Unit,,19b08492-99fb-4627-89eb-d284966ccb5f,2015-03-27,14:05:00,EDSA Aurora Blvd. Quezon City,0,0,0,0,0,0,0,0,0,0,2015-03-27 22:05,Property,14.65747901,121.0011914,Rear-End
None,EDSA,None,None,"No Accident Factor, No Collision Stated (based on Police Blotter Book), 0.0 drivers_injured, 0.0 drivers_killed, 0.0 passengers_injured, 0.0 passengers_killed, 0.0 pedestrian_injured, 0.0 pedestrian_killed, Fair (Day), EDSA P. Tuazon Blvd. Quezon City",MMDA Road Safety Unit,,46472922-6d7a-43f8-8d11-604d6787c18c,2015-03-27,09:45:00,EDSA Corregidor St. Quezon City,0,0,0,0,0,0,0,0,0,0,2015-03-27 17:45,Property,14.61656342,121.0525225,No Collision Stated
None,EDSA,None,None,"No Accident Factor, Rear-end, 0.0 drivers_injured, 0.0 drivers_killed, 1.0 passengers_injured, 0.0 passengers_killed, 0.0 pedestrian_injured, 0.0 pedestrian_killed, Fair (Day), EDSA SM North (Annex), Bagong Pag-asa Quezon City",MMDA Road Safety Unit,,cd08407f-2421-41f3-9685-383bbbda7907,2015-03-27,09:25:00,EDSA Quezon Ave. Quezon City,0,0,0,0,1,0,0,0,0,1,2015-03-27 17:25,Injury,14.65645143,121.0271077,Rear-End
None,EDSA,None,None,"No Accident Factor, Hit and Run (No Collision Stated), 0.0 drivers_injured, 0.0 drivers_killed, 0.0 passengers_injured, 0.0 passengers_killed, 0.0 pedestrian_injured, 0.0 pedestrian_killed, Fair (Day), EDSA P. Tuazon Blvd. Quezon City",MMDA Road Safety Unit,,9c5d55c2-3978-4519-bec3-c033d12c5cd0,2015-03-27,02:30:00,EDSA Quezon Ave. Quezon City,0,0,0,0,0,0,0,0,0,0,2015-03-27 10:30,Property,14.61656342,121.0525225,No Collision Stated
None,EDSA,None,None,"No Accident Factor, Side Swipe, 0.0 drivers_injured, 0.0 drivers_killed, 0.0 passengers_injured, 0.0 passengers_killed, 0.0 pedestrian_injured, 0.0 pedestrian_killed, Fair (Day), EDSA Cloverleaf Quezon City",MMDA Road Safety Unit,,91c85678-c6c9-4660-a032-4b88b34137db,2015-03-27,02:20:00,"EDSA ""U"" turn slot, Congressional Ave. Quezon City",0,0,0,0,0,0,0,0,0,0,2015-03-27 10:20,Property,14.65747901,121.0011914,Side Swipe
None,EDSA,None,None,"No Accident Factor, Side Swipe, 0.0 drivers_injured, 0.0 drivers_killed, 0.0 passengers_injured, 0.0 passengers_killed, 0.0 pedestrian_injured, 0.0 pedestrian_killed, Fair (Day), EDSA Puregold, A. Samson  Quezon City",MMDA Road Safety Unit,,d82aeba0-5f52-4918-a234-4bc4b1bb3353,2015-03-27,01:00:00,EDSA Corinthian Garden Quezon City,0,0,0,0,0,0,0,0,0,0,2015-03-27 9:00,Property,14.65739538,121.0046638,Side Swipe
None,EDSA,None,None,"No Accident Factor, Side Swipe, 1.0 drivers_injured, 0.0 drivers_killed, 0.0 passengers_injured, 0.0 passengers_killed, 0.0 pedestrian_injured, 0.0 pedestrian_killed, Fair (Night), EDSA MRT-Balintawak Station Quezon City",MMDA Road Safety Unit,,8d7ac626-d90a-43c8-b979-1cebc48e5847,2015-03-26,21:20:00,EDSA P. Tuazon Blvd. Quezon City,0,0,0,1,0,0,0,0,0,1,2015-03-27 5:20,Injury,14.65739001,121.003878,Side Swipe
None,EDSA,None,None,"No Accident Factor, No Collision Stated (based on Police Blotter Book), 0.0 drivers_injured, 0.0 drivers_killed, 0.0 passengers_injured, 0.0 passengers_killed, 0.0 pedestrian_injured, 0.0 pedestrian_killed, Fair (Night), EDSA R. Magsaysay Quezon City",MMDA Road Safety Unit,,cb5f896a-dc43-4765-9e92-4ce44ee54a4a,2015-03-26,12:35:00,EDSA South Road Quezon City,0,0,0,0,0,0,0,0,0,0,2015-03-26 20:35,Property,14.62774693,121.0471762,No Collision Stated
None,EDSA,None,None,"No Accident Factor, No Collision Stated (based on Police Blotter Book), 0.0 drivers_injured, 0.0 drivers_killed, 0.0 passengers_injured, 0.0 passengers_killed, 0.0 pedestrian_injured, 0.0 pedestrian_killed, Fair (Night), EDSA Aurora Blvd. Quezon City",MMDA Road Safety Unit,,868baf55-d933-4440-8e67-8f83efc826e0,2015-03-25,15:00:00,EDSA Aurora Blvd. Quezon City,0,0,0,0,0,0,0,0,0,0,2015-03-25 23:00,Property,14.62163653,121.0501573,No Collision Stated
None,EDSA,None,None,"No Accident Factor, Multiple Collision, 0.0 drivers_injured, 0.0 drivers_killed, 0.0 passengers_injured, 0.0 passengers_killed, 0.0 pedestrian_injured, 0.0 pedestrian_killed, Fair (Night), EDSA Corregidor St. Quezon City",MMDA Road Safety Unit,,7863fd20-758b-42e7-b99b-1a23df1fda5d,2015-03-25,12:30:00,EDSA Quezon Ave. Quezon City,0,0,0,0,0,0,0,0,0,0,2015-03-25 20:30,Property,14.65707679,121.0241648,Multiple
None,EDSA,None,None,"No Accident Factor, Rear-end, 0.0 drivers_injured, 0.0 drivers_killed, 0.0 passengers_injured, 0.0 passengers_killed, 0.0 pedestrian_injured, 0.0 pedestrian_killed, Fair (Night), EDSA Aurora Blvd. (EB) Quezon City",MMDA Road Safety Unit,,4b7ddf30-1da6-4741-abd5-3175e0868ffe,2015-03-25,11:25:00,EDSA South Road Quezon City,0,0,0,0,0,0,0,0,0,0,2015-03-25 19:25,Property,14.62151658,121.0501092,Rear-End
None,EDSA,None,None,"No Accident Factor, No Collision Stated (based on Police Blotter Book), 1.0 drivers_injured, 0.0 drivers_killed, 0.0 passengers_injured, 0.0 passengers_killed, 0.0 pedestrian_injured, 0.0 pedestrian_killed, Fair (Night), EDSA ""U"" turn slot, Sto. Cristo  Quezon City",MMDA Road Safety Unit,,e8ab44b5-df13-41f5-88d7-55a87df0d090,2015-03-25,10:30:00,EDSA Fema Road Quezon City,0,0,0,1,0,0,0,0,0,1,2015-03-25 18:30,Injury,14.65635369,121.0266372,No Collision Stated
None,EDSA,None,None,"No Accident Factor, Side Swipe, 1.0 drivers_injured, 0.0 drivers_killed, 0.0 passengers_injured, 0.0 passengers_killed, 0.0 pedestrian_injured, 0.0 pedestrian_killed, Fair (Day), EDSA Waltermart Quezon City",MMDA Road Safety Unit,,ec2624a2-f8b6-4cd4-b211-b3da51b73f6e,2015-03-25,06:30:00,EDSA P. Tuazon Blvd. Quezon City,0,0,0,1,0,0,0,0,0,1,2015-03-25 14:30,Injury,14.6574558,121.0213579,Side Swipe
None,EDSA,None,None,"No Accident Factor, No Collision Stated (based on Police Blotter Book), 0.0 drivers_injured, 0.0 drivers_killed, 0.0 passengers_injured, 0.0 passengers_killed, 0.0 pedestrian_injured, 0.0 pedestrian_killed, Fair (Day), EDSA Banahaw St. Quezon City",MMDA Road Safety Unit,,bc93ad61-614d-4060-a38e-130616204f9c,2015-03-25,01:20:00,EDSA Kamias Road Quezon City,0,0,0,0,0,0,0,0,0,0,2015-03-25 9:20,Property,14.61797303,121.0516572,No Collision Stated
None,EDSA,None,None,"No Accident Factor, No Collision Stated (based on Police Blotter Book), 0.0 drivers_injured, 0.0 drivers_killed, 0.0 passengers_injured, 0.0 passengers_killed, 0.0 pedestrian_injured, 0.0 pedestrian_killed, Fair (Day), EDSA SM North, Bagong Pag-asa Quezon City",MMDA Road Safety Unit,,acd756ca-2827-41b5-84b4-58a7ad68eba2,2015-03-24,23:25:00,EDSA Col. Bonny Serrano Ave. Quezon City,0,0,0,0,0,0,0,0,0,0,2015-03-25 7:25,Property,14.65645143,121.0271077,No Collision Stated
None,EDSA,None,None,"No Accident Factor, Side Swipe, 0.0 drivers_injured, 0.0 drivers_killed, 0.0 passengers_injured, 0.0 passengers_killed, 0.0 pedestrian_injured, 0.0 pedestrian_killed, Fair (Night), EDSA Corregidor St. Quezon City",MMDA Road Safety Unit,,19537f6c-6941-4ad6-a3c2-0653012ea8f4,2015-03-24,13:05:00,EDSA Seminary Road Quezon City,0,0,0,0,0,0,0,0,0,0,2015-03-24 21:05,Property,14.65707679,121.0241648,Side Swipe
None,EDSA,None,None,"No Accident Factor, Rear-end, 0.0 drivers_injured, 0.0 drivers_killed, 0.0 passengers_injured, 0.0 passengers_killed, 0.0 pedestrian_injured, 0.0 pedestrian_killed, Fair (Day), EDSA ""U"" turn slot, Quezon Ave. Quezon City",MMDA Road Safety Unit,,41483c6d-3763-4b82-b6d3-4ad74157885c,2015-03-24,03:00:00,EDSA E. Rodriguez Quezon City,0,0,0,0,0,0,0,0,0,0,2015-03-24 11:00,Property,14.64518409,121.0368843,Rear-End
None,EDSA,None,None,"No Accident Factor, Side Swipe, 0.0 drivers_injured, 0.0 drivers_killed, 0.0 passengers_injured, 0.0 passengers_killed, 0.0 pedestrian_injured, 0.0 pedestrian_killed, Fair (Day), EDSA Col. Bonny Serrano Ave. Quezon City",MMDA Road Safety Unit,,4281d819-2879-4321-ba4e-149284cbd2c6,2015-03-23,22:00:00,EDSA Camp Aguinaldo Quezon City,0,0,0,0,0,0,0,0,0,0,2015-03-24 6:00,Property,14.61107337,121.0550705,Side Swipe
None,EDSA,None,None,"No Accident Factor, Hit and Run (No Collision Stated), 0.0 drivers_injured, 0.0 drivers_killed, 0.0 passengers_injured, 0.0 passengers_killed, 0.0 pedestrian_injured, 0.0 pedestrian_killed, Fair (Night), EDSA MRT-Santolan Station, Socorro Quezon City",MMDA Road Safety Unit,,75deab75-f36d-43ae-b4a4-c93e68b000c3,2015-03-23,11:00:00,EDSA SM North (Annex) Quezon City,0,0,0,0,0,0,0,0,0,0,2015-03-23 19:00,Property,14.60772541,121.056443,No Collision Stated
None,EDSA,None,None,"No Accident Factor, Side Swipe, 0.0 drivers_injured, 0.0 drivers_killed, 0.0 passengers_injured, 0.0 passengers_killed, 0.0 pedestrian_injured, 0.0 pedestrian_killed, Fair (Night), EDSA Timog Ave. Quezon City",MMDA Road Safety Unit,,86526745-c83c-40b2-b0ee-8f55fb398a5c,2015-03-23,10:50:00,EDSA Liberty Ave. Quezon City,0,0,0,0,0,0,0,0,0,0,2015-03-23 18:50,Property,14.63293559,121.0446304,Side Swipe
None,EDSA,None,None,"No Accident Factor, Side Swipe, 0.0 drivers_injured, 0.0 drivers_killed, 0.0 passengers_injured, 0.0 passengers_killed, 0.0 pedestrian_injured, 0.0 pedestrian_killed, Fair (Day), EDSA Whiteplains Drive (Corinthian Garden) Quezon City",MMDA Road Safety Unit,,a1dc6058-7995-41de-9410-d119ea0a1788,2015-03-23,09:30:00,EDSA Kamuning Road Quezon City,0,0,0,0,0,0,0,0,0,0,2015-03-23 17:30,Property,14.59961782,121.0596522,Side Swipe
None,EDSA,None,None,"No Accident Factor, Side Swipe, 0.0 drivers_injured, 0.0 drivers_killed, 0.0 passengers_injured, 0.0 passengers_killed, 0.0 pedestrian_injured, 0.0 pedestrian_killed, Fair (Day), EDSA Quezon Ave. Quezon City",MMDA Road Safety Unit,,92fb5924-fe54-467b-be4e-13f99d775c07,2015-03-23,06:10:00,EDSA Banahaw St. Quezon City,0,0,0,0,0,0,0,0,0,0,2015-03-23 14:10,Property,14.6442444,121.0375839,Side Swipe
None,EDSA,None,None,"No Accident Factor, No Collision Stated (based on Police Blotter Book), 0.0 drivers_injured, 0.0 drivers_killed, 0.0 passengers_injured, 0.0 passengers_killed, 0.0 pedestrian_injured, 0.0 pedestrian_killed, Fair (Day), EDSA West Ave. Quezon City",MMDA Road Safety Unit,,50817246-4b08-43f1-8a8b-07e4e2981e9d,2015-03-23,05:30:00,EDSA Quezon Ave. Quezon City,0,0,0,0,0,0,0,0,0,0,2015-03-23 13:30,Property,14.65548924,121.0298079,No Collision Stated
None,EDSA,None,None,"No Accident Factor, No Collision Stated (based on Police Blotter Book), 0.0 drivers_injured, 0.0 drivers_killed, 0.0 passengers_injured, 0.0 passengers_killed, 0.0 pedestrian_injured, 0.0 pedestrian_killed, Fair (Day), EDSA ""U"" turn slot, Quezon Ave. Quezon City",MMDA Road Safety Unit,,3695adbc-4f07-4cd4-bb6d-d6ed48328fec,2015-03-23,05:25:00,EDSA North Ave. Quezon City,0,0,0,0,0,0,0,0,0,0,2015-03-23 13:25,Property,14.64518409,121.0368843,No Collision Stated
None,EDSA,None,None,"No Accident Factor, No Collision Stated (based on Police Blotter Book), 0.0 drivers_injured, 0.0 drivers_killed, 0.0 passengers_injured, 0.0 passengers_killed, 0.0 pedestrian_injured, 0.0 pedestrian_killed, Fair (Day), EDSA Timog Ave. Quezon City",MMDA Road Safety Unit,,c3350460-b6ff-4b27-a6e7-fa22f22754dd,2015-03-23,04:25:00,EDSA Gen. Roxas Ave. Quezon City,0,0,0,0,0,0,0,0,0,0,2015-03-23 12:25,Property,14.63293559,121.0446304,No Collision Stated
None,EDSA,None,None,"No Accident Factor, Multiple Collision, 0.0 drivers_injured, 0.0 drivers_killed, 0.0 passengers_injured, 0.0 passengers_killed, 0.0 pedestrian_injured, 0.0 pedestrian_killed, Fair (Day), EDSA Allied Concrete Product, R. Magsaysay Quezon City",MMDA Road Safety Unit,,81b3edd9-0847-43b1-a28b-8f1fdd7dea05,2015-03-23,02:30:00,EDSA New York St. Quezon City,0,0,0,0,0,0,0,0,0,0,2015-03-23 10:30,Property,14.65711958,121.0230152,Multiple