LOCATION_TEXT,ROAD,WEATHER,LIGHT,DESC,REPORTING_AGENCY,MAIN_CAUSE,INCIDENTDETAILS_ID,DATE_UTC,TIME_UTC,ADDRESS,killed_driver,killed_passenger,killed_pedestrian,injured_driver,injured_passenger,injured_pedestrian,killed_uncategorized,injured_uncategorized,killed_total,injured_total,DATETIME_PST,SEVERITY,Y,X,COLLISION_TYPE
None,EDSA,None,None,"No Accident Factor, Rear-end, 0.0 drivers_injured, 0.0 drivers_killed, 0.0 passengers_injured, 0.0 passengers_killed, 0.0 pedestrian_injured, 0.0 pedestrian_killed, Fair (Day), EDSA West Ave. Quezon City",MMDA Road Safety Unit,,543cd49f-85cc-4576-84e6-9cff95925a0c,2015-03-23,02:30:00,EDSA Col. Bonny Serrano Ave. Quezon City,0,0,0,0,0,0,0,0,0,0,2015-03-23 10:30,Property,14.65548924,121.0298079,Rear-End
None,EDSA,None,None,"No Accident Factor, Rear-end, 0.0 drivers_injured, 0.0 drivers_killed, 0.0 passengers_injured, 0.0 passengers_killed, 0.0 pedestrian_injured, 0.0 pedestrian_killed, Fair (Day), EDSA West Ave. Quezon City",MMDA Road Safety Unit,,edc6623b-2712-46c4-a71e-e2ea1aaea438,2015-03-22,23:30:00,"EDSA Bernardo Park, Kamuning Quezon City",0,0,0,0,0,0,0,0,0,0,2015-03-23 7:30,Property,14.65548924,121.0298079,Rear-End
None,EDSA,None,None,"No Accident Factor, Rear-end, 0.0 drivers_injured, 0.0 drivers_killed, 0.0 passengers_injured, 0.0 passengers_killed, 0.0 pedestrian_injured, 0.0 pedestrian_killed, Fair (Day), EDSA West Ave. Quezon City",MMDA Road Safety Unit,,ace29f3e-d2fd-4316-83b0-8d0cd09e61b0,2015-03-22,22:50:00,EDSA Quezon Ave. Quezon City,0,0,0,0,0,0,0,0,0,0,2015-03-23 6:50,Property,14.65548924,121.0298079,Rear-End
None,EDSA,None,None,"No Accident Factor, Rear-end, 0.0 drivers_injured, 0.0 drivers_killed, 0.0 passengers_injured, 0.0 passengers_killed, 0.0 pedestrian_injured, 0.0 pedestrian_killed, Fair (Night), EDSA Timog Ave. Quezon City",MMDA Road Safety Unit,,ace3033c-1d7d-4a93-b908-8daf8c3e4679,2015-03-22,13:25:00,EDSA Cloverleaf Road Quezon City,0,0,0,0,0,0,0,0,0,0,2015-03-22 21:25,Property,14.63293559,121.0446304,Rear-End
None,EDSA,None,None,"No Accident Factor, Side Swipe, 0.0 drivers_injured, 0.0 drivers_killed, 0.0 passengers_injured, 0.0 passengers_killed, 0.0 pedestrian_injured, 0.0 pedestrian_killed, Fair (Day), EDSA Cloverleaf Road Quezon City",MMDA Road Safety Unit,,438992a8-1e48-4efc-888e-687216d486b3,2015-03-22,06:00:00,EDSA North Ave. Quezon City,0,0,0,0,0,0,0,0,0,0,2015-03-22 14:00,Property,14.65747901,121.0011914,Side Swipe
None,EDSA,None,None,"No Accident Factor, Rear-end, 0.0 drivers_injured, 0.0 drivers_killed, 0.0 passengers_injured, 0.0 passengers_killed, 0.0 pedestrian_injured, 0.0 pedestrian_killed, Fair (Night), EDSA Gen. McArthur Ave. Quezon City",MMDA Road Safety Unit,,26931446-2da7-4d6a-8374-ea35cfee02cc,2015-03-21,13:25:00,EDSA Balintawak Market Quezon City,0,0,0,0,0,0,0,0,0,0,2015-03-21 21:25,Property,14.61805145,121.0517604,Rear-End
None,EDSA,None,None,"No Accident Factor, Side Swipe, 0.0 drivers_injured, 0.0 drivers_killed, 0.0 passengers_injured, 0.0 passengers_killed, 0.0 pedestrian_injured, 0.0 pedestrian_killed, Fair (Day), EDSA Camp Aguinaldo Quezon City",MMDA Road Safety Unit,,9ed95f3a-4faf-49d1-9949-c9f944725e41,2015-03-21,07:45:00,"EDSA Banco De Oro, East Ave. Quezon City",0,0,0,0,0,0,0,0,0,0,2015-03-21 15:45,Property,14.60818699,121.0564562,Side Swipe
None,EDSA,None,None,"No Accident Factor, No Collision Stated (based on Police Blotter Book), 0.0 drivers_injured, 0.0 drivers_killed, 0.0 passengers_injured, 0.0 passengers_killed, 0.0 pedestrian_injured, 0.0 pedestrian_killed, Fair (Day), EDSA Mindanao Ave. Ext. Quezon City",MMDA Road Safety Unit,,aa33d944-ee3b-45d1-9b6e-9d38ed61dbc7,2015-03-21,06:00:00,"EDSA Robinson's Galleria, Ortigas Ave. Quezon City",0,0,0,0,0,0,0,0,0,0,2015-03-21 14:00,Property,14.65052386,121.0335656,No Collision Stated
None,EDSA,None,None,"No Accident Factor, Multiple Collision, 0.0 drivers_injured, 0.0 drivers_killed, 0.0 passengers_injured, 0.0 passengers_killed, 0.0 pedestrian_injured, 0.0 pedestrian_killed, Fair (Night), EDSA Nepa Q-Mart Quezon City",MMDA Road Safety Unit,,fed85fa9-4365-44ff-950b-d3b29ff27039,2015-03-20,15:00:00,EDSA Bansalangin St. Quezon City,0,0,0,0,0,0,0,0,0,0,2015-03-20 23:00,Property,14.62805361,121.0472521,Multiple
None,EDSA,None,None,"No Accident Factor, No Collision Stated (based on Police Blotter Book), 0.0 drivers_injured, 0.0 drivers_killed, 0.0 passengers_injured, 0.0 passengers_killed, 0.0 pedestrian_injured, 0.0 pedestrian_killed, Fair (Night), EDSA SM North (Annex) Quezon City",MMDA Road Safety Unit,,3b4195a7-ccf9-432d-bf3d-593316e8eeb7,2015-03-20,14:40:00,"EDSA Shell Gas Station, NIA Road Quezon City",0,0,0,0,0,0,0,0,0,0,2015-03-20 22:40,Property,14.65645143,121.0271077,No Collision Stated
None,EDSA,None,None,"No Accident Factor, No Collision Stated (based on Police Blotter Book), 0.0 drivers_injured, 0.0 drivers_killed, 0.0 passengers_injured, 0.0 passengers_killed, 0.0 pedestrian_injured, 0.0 pedestrian_killed, Fair (Day), EDSA ETON Centris Quezon City",MMDA Road Safety Unit,,ecd1b0b3-ebf7-4ab8-a5a2-c1904e33ad85,2015-03-20,06:50:00,EDSA Mindanao Ave. Ext. Quezon City,0,0,0,0,0,0,0,0,0,0,2015-03-20 14:50,Property,14.64266722,121.0386872,No Collision Stated
None,EDSA,None,None,"No Accident Factor, Rear-end, 0.0 drivers_injured, 0.0 drivers_killed, 0.0 passengers_injured, 0.0 passengers_killed, 0.0 pedestrian_injured, 0.0 pedestrian_killed, Fair (Day), EDSA Cloverleaf Balintawak Quezon City",MMDA Road Safety Unit,,c5e1ce66-ef32-4606-bde9-42ec4b1c5b48,2015-03-20,05:25:00,EDSA Nueva Ecija St. Quezon City,0,0,0,0,0,0,0,0,0,0,2015-03-20 13:25,Property,14.65740144,121.0008553,Rear-End
None,EDSA,None,None,"No Accident Factor, No Collision Stated (based on Police Blotter Book), 0.0 drivers_injured, 0.0 drivers_killed, 0.0 passengers_injured, 0.0 passengers_killed, 0.0 pedestrian_injured, 0.0 pedestrian_killed, Fair (Day), EDSA P. Tuazon Blvd. Quezon City",MMDA Road Safety Unit,,282a022a-ea5a-4c7d-84ec-c3dea9f31138,2015-03-20,04:30:00,"EDSA Jac Liner Bus Terminal, Kamias Road Quezon City",0,0,0,0,0,0,0,0,0,0,2015-03-20 12:30,Property,14.61656342,121.0525225,No Collision Stated
None,EDSA,None,None,"No Accident Factor, No Collision Stated (based on Police Blotter Book), 0.0 drivers_injured, 0.0 drivers_killed, 0.0 passengers_injured, 0.0 passengers_killed, 0.0 pedestrian_injured, 0.0 pedestrian_killed, Fair (Day), EDSA Corregidor St. Quezon City",MMDA Road Safety Unit,,45c49146-697c-4af3-96ae-af5a88ad7363,2015-03-20,04:00:00,EDSA New York St. Quezon City,0,0,0,0,0,0,0,0,0,0,2015-03-20 12:00,Property,14.65707679,121.0241648,No Collision Stated
None,EDSA,None,None,"No Accident Factor, Rear-end, 0.0 drivers_injured, 0.0 drivers_killed, 0.0 passengers_injured, 0.0 passengers_killed, 0.0 pedestrian_injured, 0.0 pedestrian_killed, Fair (Day), EDSA Camp Aguinaldo Quezon City",MMDA Road Safety Unit,,e827ddd0-575e-4bf1-b56d-c0d67a753101,2015-03-20,02:45:00,EDSA Main Ave. Quezon City,0,0,0,0,0,0,0,0,0,0,2015-03-20 10:45,Property,14.60818699,121.0564562,Rear-End
None,EDSA,None,None,"No Accident Factor, Side Swipe, 0.0 drivers_injured, 0.0 drivers_killed, 0.0 passengers_injured, 0.0 passengers_killed, 0.0 pedestrian_injured, 0.0 pedestrian_killed, Fair (Day), EDSA Ortigas Ave. Quezon City",MMDA Road Safety Unit,,4be80ea3-bc0a-4eca-9d7c-c63d91a14e55,2015-03-20,01:20:00,EDSA Misamis St. Quezon City,0,0,0,0,0,0,0,0,0,0,2015-03-20 9:20,Property,14.59335253,121.0584107,Side Swipe
None,EDSA,None,None,"No Accident Factor, No Collision Stated (based on Police Blotter Book), 0.0 drivers_injured, 0.0 drivers_killed, 0.0 passengers_injured, 0.0 passengers_killed, 0.0 pedestrian_injured, 0.0 pedestrian_killed, Fair (Day), EDSA UNTV, Phil-Am Quezon City",MMDA Road Safety Unit,,0ab868bd-08dd-48ba-beb1-a63442873910,2015-03-19,08:30:00,EDSA New York St. Quezon City,0,0,0,0,0,0,0,0,0,0,2015-03-19 16:30,Property,14.64959397,121.0338735,No Collision Stated
None,EDSA,None,None,"No Accident Factor, No Collision Stated (based on Police Blotter Book), 0.0 drivers_injured, 0.0 drivers_killed, 0.0 passengers_injured, 0.0 passengers_killed, 0.0 pedestrian_injured, 0.0 pedestrian_killed, Fair (Day), EDSA Cloverleaf Balintawak Quezon City",MMDA Road Safety Unit,,8830bb3f-1f7e-46ad-944f-085e787f5efa,2015-03-19,03:55:00,EDSA North Ave. Quezon City,0,0,0,0,0,0,0,0,0,0,2015-03-19 11:55,Property,14.65740144,121.0008553,No Collision Stated
None,EDSA,None,None,"No Accident Factor, No Collision Stated (based on Police Blotter Book), 0.0 drivers_injured, 0.0 drivers_killed, 0.0 passengers_injured, 0.0 passengers_killed, 0.0 pedestrian_injured, 0.0 pedestrian_killed, Fair (Day), EDSA Congressional Ave. Quezon City",MMDA Road Safety Unit,,7558d8fd-00f5-442b-b95b-977d9ab44470,2015-03-19,03:30:00,EDSA Main Ave. Quezon City,0,0,0,0,0,0,0,0,0,0,2015-03-19 11:30,Property,14.6571804,120.9927185,No Collision Stated
None,EDSA,None,None,"No Accident Factor, No Collision Stated (based on Police Blotter Book), 0.0 drivers_injured, 0.0 drivers_killed, 0.0 passengers_injured, 0.0 passengers_killed, 0.0 pedestrian_injured, 0.0 pedestrian_killed, Fair (Day), EDSA North Ave. Quezon City",MMDA Road Safety Unit,,3d3abecf-50d6-4d75-b9a5-c1cdbe3bd6d8,2015-03-18,23:40:00,EDSA Baliwag Liner Bus Terminal Quezon City,0,0,0,0,0,0,0,0,0,0,2015-03-19 7:40,Property,14.65553839,121.0299647,No Collision Stated
None,EDSA,None,None,"No Accident Factor, Rear-end, 0.0 drivers_injured, 0.0 drivers_killed, 0.0 passengers_injured, 0.0 passengers_killed, 0.0 pedestrian_injured, 0.0 pedestrian_killed, Fair (Night), EDSA Timong Ave. Quezon City",MMDA Road Safety Unit,,bbee5dfe-2c1b-4e5f-b4e6-d28b0aec425f,2015-03-18,12:15:00,EDSA Kamuning Road Quezon City,0,0,0,0,0,0,0,0,0,0,2015-03-18 20:15,Property,14.63293559,121.0446304,Rear-End
None,EDSA,None,None,"No Accident Factor, No Collision Stated (based on Police Blotter Book), 0.0 drivers_injured, 0.0 drivers_killed, 0.0 passengers_injured, 0.0 passengers_killed, 0.0 pedestrian_injured, 0.0 pedestrian_killed, Fair (Day), EDSA E. Lopez St. Quezon City",MMDA Road Safety Unit,,74a70b6c-0504-43b3-b672-ab4fb1ceec1d,2015-03-18,05:30:00,"EDSA ""U"" turn slot, Iglesia ni Cristo Quezon City",0,0,0,0,0,0,0,0,0,0,2015-03-18 13:30,Property,14.6396904,121.0403884,No Collision Stated
None,EDSA,None,None,"No Accident Factor, No Collision Stated (based on Police Blotter Book), 0.0 drivers_injured, 0.0 drivers_killed, 0.0 passengers_injured, 0.0 passengers_killed, 0.0 pedestrian_injured, 0.0 pedestrian_killed, Fair (Day), EDSA SM North, Bagong Pag-asa Quezon City",MMDA Road Safety Unit,,c8ccfeff-a334-4475-9711-eb352086d266,2015-03-18,04:10:00,EDSA R. Magsaysay Quezon City,0,0,0,0,0,0,0,0,0,0,2015-03-18 12:10,Property,14.65645143,121.0271077,No Collision Stated
None,EDSA,None,None,"No Accident Factor, Side Swipe, 0.0 drivers_injured, 0.0 drivers_killed, 0.0 passengers_injured, 0.0 passengers_killed, 0.0 pedestrian_injured, 0.0 pedestrian_killed, Fair (Day), EDSA Cloverleaf Road Quezon City",MMDA Road Safety Unit,,05ff9e26-04d2-4c90-81c0-f7bfe4022833,2015-03-18,04:00:00,EDSA New York St. Quezon City,0,0,0,0,0,0,0,0,0,0,2015-03-18 12:00,Property,14.65747901,121.0011914,Side Swipe
None,EDSA,None,None,"No Accident Factor, No Collision Stated (based on Police Blotter Book), 0.0 drivers_injured, 0.0 drivers_killed, 0.0 passengers_injured, 0.0 passengers_killed, 0.0 pedestrian_injured, 0.0 pedestrian_killed, Fair (Day), EDSA ""U"" turn slot, UNTV, Philam Quezon City",MMDA Road Safety Unit,,47cb6db5-6c26-4fba-b4c8-bb03723e7e97,2015-03-18,04:00:00,EDSA West Ave. Quezon City,0,0,0,0,0,0,0,0,0,0,2015-03-18 12:00,Property,14.64995042,121.0336124,No Collision Stated
None,EDSA,None,None,"No Accident Factor, No Collision Stated (based on Police Blotter Book), 0.0 drivers_injured, 0.0 drivers_killed, 0.0 passengers_injured, 0.0 passengers_killed, 0.0 pedestrian_injured, 0.0 pedestrian_killed, Fair (Day), EDSA ""U"" turn slot, Timog Ave. Quezon City",MMDA Road Safety Unit,,e326921b-8615-44c6-94d0-415f58ebd0ce,2015-03-18,02:50:00,"EDSA ""U"" turn slot, Quezon Ave. Quezon City",0,0,0,0,0,0,0,0,0,0,2015-03-18 10:50,Property,14.63183035,121.0454138,No Collision Stated
None,EDSA,None,None,"No Accident Factor, Self-Accident, 0.0 drivers_injured, 0.0 drivers_killed, 0.0 passengers_injured, 0.0 passengers_killed, 0.0 pedestrian_injured, 0.0 pedestrian_killed, Fair (Day), EDSA MRT-GMA Station, Pinyahan Quezon City",MMDA Road Safety Unit,,2f5d0278-622a-4aa7-bee7-7b582a680485,2015-03-18,01:00:00,EDSA Balintawak Market Quezon City,0,0,0,0,0,0,0,0,0,0,2015-03-18 9:00,Property,14.63506067,121.043428,Self-Accident
None,EDSA,None,None,"No Accident Factor, No Collision Stated (based on Police Blotter Book), 0.0 drivers_injured, 0.0 drivers_killed, 0.0 passengers_injured, 0.0 passengers_killed, 0.0 pedestrian_injured, 0.0 pedestrian_killed, Fair (Night), EDSA Corregidor St. Quezon City",MMDA Road Safety Unit,,8e0074e9-202f-43e5-a004-2565353934e3,2015-03-17,12:30:00,"EDSA Waltermart, Katipu Quezon City",0,0,0,0,0,0,0,0,0,0,2015-03-17 20:30,Property,14.65707679,121.0241648,No Collision Stated
None,EDSA,None,None,"No Accident Factor, Hit and Run (Angle Impact), 1.0 drivers_injured, 0.0 drivers_killed, 0.0 passengers_injured, 0.0 passengers_killed, 0.0 pedestrian_injured, 0.0 pedestrian_killed, Fair (Day), EDSA Col. Bonny Serrano Ave. Quezon City",MMDA Road Safety Unit,,3d4b3c97-4fae-4638-a179-fec851af5195,2015-03-17,08:30:00,EDSA Seminary Road Quezon City,0,0,0,1,0,0,0,0,0,1,2015-03-17 16:30,Injury,14.61107337,121.0550705,Angle Impact
None,EDSA,None,None,"No Accident Factor, Hit Parked Vehicle, 0.0 drivers_injured, 0.0 drivers_killed, 0.0 passengers_injured, 0.0 passengers_killed, 0.0 pedestrian_injured, 0.0 pedestrian_killed, Fair (Day), EDSA Liberty Ave. Quezon City",MMDA Road Safety Unit,,5e99ac43-1963-43de-bb3b-744c145efe2f,2015-03-17,08:20:00,"EDSA ""U"" turn slot, Quezon Ave. Quezon City",0,0,0,0,0,0,0,0,0,0,2015-03-17 16:20,Property,14.61201463,121.0547211,Hit Object
None,EDSA,None,None,"No Accident Factor, No Collision Stated (based on Police Blotter Book), 0.0 drivers_injured, 0.0 drivers_killed, 0.0 passengers_injured, 0.0 passengers_killed, 0.0 pedestrian_injured, 0.0 pedestrian_killed, Fair (Day), EDSA Quezon Ave. Quezon City",MMDA Road Safety Unit,,566fc445-bc7c-44ae-a297-24e3010eacd7,2015-03-17,07:30:00,EDSA North Ave. Quezon City,0,0,0,0,0,0,0,0,0,0,2015-03-17 15:30,Property,14.6442444,121.0375839,No Collision Stated
None,EDSA,None,None,"No Accident Factor, No Collision Stated (based on Police Blotter Book), 0.0 drivers_injured, 0.0 drivers_killed, 0.0 passengers_injured, 0.0 passengers_killed, 0.0 pedestrian_injured, 0.0 pedestrian_killed, Fair (Day), EDSA ""U"" turn slot, Quezon Ave. Quezon City",MMDA Road Safety Unit,,fec054f1-8fd8-46ea-bd7b-1cc60d57fdcb,2015-03-17,07:30:00,EDSA Balintawak Market Quezon City,0,0,0,0,0,0,0,0,0,0,2015-03-17 15:30,Property,14.64518409,121.0368843,No Collision Stated
None,EDSA,None,None,"No Accident Factor, Side Swipe, 0.0 drivers_injured, 0.0 drivers_killed, 0.0 passengers_injured, 0.0 passengers_killed, 0.0 pedestrian_injured, 0.0 pedestrian_killed, Fair (Day), EDSA Dominion Liner Bus Terminal Quezon City",MMDA Road Safety Unit,,6be4e8bf-9c0d-4dec-9571-7c64baa7d3b3,2015-03-17,04:10:00,EDSA Cloverleaf Road Quezon City,0,0,0,0,0,0,0,0,0,0,2015-03-17 12:10,Property,14.62539824,121.0482332,Side Swipe
None,EDSA,None,None,"No Accident Factor, Side Swipe, 0.0 drivers_injured, 0.0 drivers_killed, 0.0 passengers_injured, 0.0 passengers_killed, 0.0 pedestrian_injured, 0.0 pedestrian_killed, Fair (Night), EDSA ""U"" turn slot, A. Samson Quezon City",MMDA Road Safety Unit,,fed2c214-e23d-4b72-9dbf-98f94c1f55f8,2015-03-16,21:00:00,EDSA Quezon Ave. Quezon City,0,0,0,0,0,0,0,0,0,0,2015-03-17 5:00,Property,14.65751461,121.0075535,Side Swipe
None,EDSA,None,None,"No Accident Factor, Hit and Run (No Collision Stated), 0.0 drivers_injured, 0.0 drivers_killed, 0.0 passengers_injured, 0.0 passengers_killed, 0.0 pedestrian_injured, 0.0 pedestrian_killed, Fair (Night), EDSA Corinthian Garden, Ugong Norte Quezon City",MMDA Road Safety Unit,,9fb3ecfb-f8f9-4ec0-9157-854912aec7f3,2015-03-16,15:30:00,EDSA Kamuning Road Quezon City,0,0,0,0,0,0,0,0,0,0,2015-03-16 23:30,Property,14.59580783,121.0595248,No Collision Stated
None,EDSA,None,None,"No Accident Factor, No Collision Stated (based on Police Blotter Book), 0.0 drivers_injured, 0.0 drivers_killed, 0.0 passengers_injured, 0.0 passengers_killed, 0.0 pedestrian_injured, 0.0 pedestrian_killed, Fair (Night), EDSA ""U"" turn slot, Red Central Terminal Quezon City",MMDA Road Safety Unit,,a00f4490-27cd-4612-9c23-4e28db5725ef,2015-03-16,11:05:00,EDSA Balintawak Market Quezon City,0,0,0,0,0,0,0,0,0,0,2015-03-16 19:05,Property,14.65729352,121.0226598,No Collision Stated
None,EDSA,None,None,"No Accident Factor, Rear-end, 0.0 drivers_injured, 0.0 drivers_killed, 0.0 passengers_injured, 0.0 passengers_killed, 0.0 pedestrian_injured, 0.0 pedestrian_killed, Fair (Day), EDSA Aurora Blvd. Quezon City",MMDA Road Safety Unit,,784c5f69-d37d-4852-8fd3-10600d0a8d42,2015-03-16,09:30:00,"EDSA SM North, Misamis St. Quezon City",0,0,0,0,0,0,0,0,0,0,2015-03-16 17:30,Property,14.62163653,121.0501573,Rear-End
None,EDSA,None,None,"No Accident Factor, No Collision Stated (based on Police Blotter Book), 0.0 drivers_injured, 0.0 drivers_killed, 0.0 passengers_injured, 0.0 passengers_killed, 0.0 pedestrian_injured, 0.0 pedestrian_killed, Fair (Day), EDSA Timog Ave. Quezon City",MMDA Road Safety Unit,,5c7305f4-d853-40cf-b842-019a38681db0,2015-03-16,07:30:00,EDSA ETON Centris Exit Quezon City,0,0,0,0,0,0,0,0,0,0,2015-03-16 15:30,Property,14.63293559,121.0446304,No Collision Stated
None,EDSA,None,None,"No Accident Factor, No Collision Stated (based on Police Blotter Book), 0.0 drivers_injured, 0.0 drivers_killed, 0.0 passengers_injured, 0.0 passengers_killed, 0.0 pedestrian_injured, 0.0 pedestrian_killed, Fair (Day), EDSA Quezon Ave. Quezon City",MMDA Road Safety Unit,,46de0547-daab-424c-a94e-d55a1623a838,2015-03-16,06:00:00,"EDSA ""U"" turn slot, Trinoma Mall Quezon City",0,0,0,0,0,0,0,0,0,0,2015-03-16 14:00,Property,14.6442444,121.0375839,No Collision Stated
None,EDSA,None,None,"No Accident Factor, No Collision Stated (based on Police Blotter Book), 0.0 drivers_injured, 0.0 drivers_killed, 0.0 passengers_injured, 0.0 passengers_killed, 0.0 pedestrian_injured, 0.0 pedestrian_killed, Fair (Day), EDSA Robinson's Galleria, Ortigas Ave. Quezon City",MMDA Road Safety Unit,,466696ca-dbdb-4749-95dd-1c3f88957b21,2015-03-16,04:45:00,"EDSA ""U"" turn slot, North Ave. Quezon City",0,0,0,0,0,0,0,0,0,0,2015-03-16 12:45,Property,14.59226131,121.0583025,No Collision Stated
None,EDSA,None,None,"No Accident Factor, Side Swipe, 0.0 drivers_injured, 0.0 drivers_killed, 0.0 passengers_injured, 0.0 passengers_killed, 0.0 pedestrian_injured, 0.0 pedestrian_killed, Fair (Day), EDSA K-3rd St. Quezon City",MMDA Road Safety Unit,,4fced96d-466f-4da6-b754-b22b2706836c,2015-03-16,03:00:00,EDSA Cloverleaf Road Quezon City,0,0,0,0,0,0,0,0,0,0,2015-03-16 11:00,Property,14.62942357,121.0463854,Side Swipe
None,EDSA,None,None,"No Accident Factor, Side Swipe, 0.0 drivers_injured, 0.0 drivers_killed, 0.0 passengers_injured, 0.0 passengers_killed, 0.0 pedestrian_injured, 0.0 pedestrian_killed, Fair (Day), EDSA Col. Bonny Serrano Ave. Quezon City",MMDA Road Safety Unit,,19db25fd-cd00-4eaf-ab35-4f915802bc02,2015-03-16,01:25:00,EDSA Congressional Ave. Quezon City,0,0,0,0,0,0,0,0,0,0,2015-03-16 9:25,Property,14.61107337,121.0550705,Side Swipe
None,EDSA,None,None,"No Accident Factor, No Collision Stated (based on Police Blotter Book), 0.0 drivers_injured, 0.0 drivers_killed, 0.0 passengers_injured, 0.0 passengers_killed, 0.0 pedestrian_injured, 0.0 pedestrian_killed, Fair (Day), EDSA Waltermart Quezon City",MMDA Road Safety Unit,,090a8d85-2c00-4c9e-bbd8-476bf8c1297f,2015-03-15,23:45:00,EDSA Balintawak Market Quezon City,0,0,0,0,0,0,0,0,0,0,2015-03-16 7:45,Property,14.6574558,121.0213579,No Collision Stated
None,EDSA,None,None,"No Accident Factor, No Collision Stated (based on Police Blotter Book), 0.0 drivers_injured, 0.0 drivers_killed, 0.0 passengers_injured, 0.0 passengers_killed, 0.0 pedestrian_injured, 0.0 pedestrian_killed, Fair (Night), EDSA Fema Road Quezon City",MMDA Road Safety Unit,,e6fa87d2-f31a-4bf5-8248-375bb7592e22,2015-03-15,15:30:00,EDSA P. Tuazon Blvd. Quezon City,0,0,0,0,0,0,0,0,0,0,2015-03-15 23:30,Property,14.65776837,121.0159521,No Collision Stated
None,EDSA,None,None,"No Accident Factor, No Collision Stated (based on Police Blotter Book), 0.0 drivers_injured, 0.0 drivers_killed, 0.0 passengers_injured, 0.0 passengers_killed, 0.0 pedestrian_injured, 0.0 pedestrian_killed, Fair (Day), EDSA Aurora Blvd. Quezon City",MMDA Road Safety Unit,,c987da6d-3293-482e-8ae8-c11a94936cfb,2015-03-15,04:30:00,"EDSA ""U"" turn slot, SM North (Annex) Quezon City",0,0,0,0,0,0,0,0,0,0,2015-03-15 12:30,Property,14.62163653,121.0501573,No Collision Stated
None,EDSA,None,None,"No Accident Factor, No Collision Stated (based on Police Blotter Book), 0.0 drivers_injured, 0.0 drivers_killed, 0.0 passengers_injured, 0.0 passengers_killed, 0.0 pedestrian_injured, 0.0 pedestrian_killed, Fair (Day), EDSA ""U"" turn slot, SM North (Annex) Quezon City",MMDA Road Safety Unit,,2de1bb97-6bb8-44c5-8bcb-2d3174494c5d,2015-03-14,22:20:00,"EDSA QCPD Station 10, Kamuning  Quezon City",0,0,0,0,0,0,0,0,0,0,2015-03-15 6:20,Property,14.65632137,121.0266327,No Collision Stated
None,EDSA,None,None,"No Accident Factor, Hit Object (Post-Concrete), 0.0 drivers_injured, 0.0 drivers_killed, 0.0 passengers_injured, 0.0 passengers_killed, 0.0 pedestrian_injured, 0.0 pedestrian_killed, Fair (Night), EDSA Kamuning Road Quezon City",MMDA Road Safety Unit,,4aa93047-32d3-41ca-aab4-9ed075c31d76,2015-03-14,19:00:00,"EDSA ""U"" turn slot, SM North Quezon City",0,0,0,0,0,0,0,0,0,0,2015-03-15 3:00,Property,14.63075725,121.0457548,Hit Object
None,EDSA,None,None,"No Accident Factor, Side Swipe, 0.0 drivers_injured, 0.0 drivers_killed, 0.0 passengers_injured, 0.0 passengers_killed, 0.0 pedestrian_injured, 0.0 pedestrian_killed, Fair (Day), EDSA Col. Bonny Serrano Ave. Quezon City",MMDA Road Safety Unit,,cf5514dd-5e11-4141-9387-ae6a176e64fd,2015-03-14,09:00:00,"EDSA SM North, Bagong Pag-asa Quezon City",0,0,0,0,0,0,0,0,0,0,2015-03-14 17:00,Property,14.61107337,121.0550705,Side Swipe
None,EDSA,None,None,"No Accident Factor, No Collision Stated (based on Police Blotter Book), 0.0 drivers_injured, 0.0 drivers_killed, 0.0 passengers_injured, 0.0 passengers_killed, 0.0 pedestrian_injured, 0.0 pedestrian_killed, Fair (Day), EDSA ""U"" turn slot, Panay Ave. Quezon City",MMDA Road Safety Unit,,b699212e-e9ae-4798-ad6e-b1f340883a34,2015-03-14,09:00:00,"EDSA ""U"" turn slot, Timog Ave. Quezon City",0,0,0,0,0,0,0,0,0,0,2015-03-14 17:00,Property,14.64349337,121.0379848,No Collision Stated
None,EDSA,None,None,"No Accident Factor, No Collision Stated (based on Police Blotter Book), 0.0 drivers_injured, 0.0 drivers_killed, 0.0 passengers_injured, 0.0 passengers_killed, 0.0 pedestrian_injured, 0.0 pedestrian_killed, Fair (Day), EDSA GMA-7 Quezon City",MMDA Road Safety Unit,,e136cf16-e62d-4bba-af95-94006fa8059a,2015-03-14,05:50:00,EDSA Congressional Ave. Quezon City,0,0,0,0,0,0,0,0,0,0,2015-03-14 13:50,Property,14.63467214,121.0435714,No Collision Stated
None,EDSA,None,None,"No Accident Factor, Rear-end, 0.0 drivers_injured, 0.0 drivers_killed, 0.0 passengers_injured, 0.0 passengers_killed, 0.0 pedestrian_injured, 0.0 pedestrian_killed, Fair (Day), EDSA Cloverleaf Balintawak Quezon City",MMDA Road Safety Unit,,c901c4f0-ef82-4e62-a23f-b06b8b497e19,2015-03-14,05:45:00,EDSA Quezon Ave. Quezon City,0,0,0,0,0,0,0,0,0,0,2015-03-14 13:45,Property,14.65740144,121.0008553,Rear-End