LOCATION_TEXT,ROAD,WEATHER,LIGHT,DESC,REPORTING_AGENCY,MAIN_CAUSE,INCIDENTDETAILS_ID,DATE_UTC,TIME_UTC,ADDRESS,killed_driver,killed_passenger,killed_pedestrian,injured_driver,injured_passenger,injured_pedestrian,killed_uncategorized,injured_uncategorized,killed_total,injured_total,DATETIME_PST,SEVERITY,Y,X,COLLISION_TYPE
None,EDSA,None,None,"No Accident Factor, Angle Impact, 0.0 drivers_injured, 0.0 drivers_killed, 0.0 passengers_injured, 0.0 passengers_killed, 0.0 pedestrian_injured, 0.0 pedestrian_killed, Fair (Night), EDSA Aurora Blvd. Quezon City",MMDA Road Safety Unit,,58f46621-a76e-45c2-b06f-7f1feb15190a,2015-03-13,21:45:00,EDSA Balintawak Market Quezon City,0,0,0,0,0,0,0,0,0,0,2015-03-14 5:45,Property,14.62163653,121.0501573,Angle Impact
None,EDSA,None,None,"No Accident Factor, Side Swipe, 0.0 drivers_injured, 0.0 drivers_killed, 0.0 passengers_injured, 0.0 passengers_killed, 0.0 pedestrian_injured, 0.0 pedestrian_killed, Fair (Night), EDSA Aurora Blvd. Quezon City",MMDA Road Safety Unit,,239c9b3c-7ffb-41f8-8ebb-4eb25641149d,2015-03-13,13:45:00,EDSA Congressional Ave. Quezon City,0,0,0,0,0,0,0,0,0,0,2015-03-13 21:45,Property,14.62163653,121.0501573,Side Swipe
None,EDSA,None,None,"No Accident Factor, Rear-end, 0.0 drivers_injured, 0.0 drivers_killed, 0.0 passengers_injured, 0.0 passengers_killed, 0.0 pedestrian_injured, 0.0 pedestrian_killed, Fair (Night), EDSA Cloverleaf Quezon City",MMDA Road Safety Unit,,0b75b6e1-c950-4802-b273-a8c7cb7fdb43,2015-03-13,13:45:00,EDSA West Ave. Quezon City,0,0,0,0,0,0,0,0,0,0,2015-03-13 21:45,Property,14.65747901,121.0011914,Rear-End
None,EDSA,None,None,"No Accident Factor, No Collision Stated (based on Police Blotter Book), 0.0 drivers_injured, 0.0 drivers_killed, 0.0 passengers_injured, 0.0 passengers_killed, 0.0 pedestrian_injured, 0.0 pedestrian_killed, Fair (Night), EDSA Corregidor St. Quezon City",MMDA Road Safety Unit,,0a050c9a-7bae-4ba0-bfe2-26d3057798e3,2015-03-13,13:05:00,EDSA Balintawak Market Quezon City,0,0,0,0,0,0,0,0,0,0,2015-03-13 21:05,Property,14.65707679,121.0241648,No Collision Stated
None,EDSA,None,None,"No Accident Factor, Hit and Run (No Collision Stated), 0.0 drivers_injured, 0.0 drivers_killed, 0.0 passengers_injured, 0.0 passengers_killed, 0.0 pedestrian_injured, 0.0 pedestrian_killed, Fair (Night), EDSA Aurora Blvd. Quezon City",MMDA Road Safety Unit,,2c08370e-8d36-4ef6-913c-ddcd382ec8d4,2015-03-13,11:35:00,EDSA Bansalangin St. Quezon City,0,0,0,0,0,0,0,0,0,0,2015-03-13 19:35,Property,14.62163653,121.0501573,No Collision Stated
None,EDSA,None,None,"No Accident Factor, No Collision Stated (based on Police Blotter Book), 0.0 drivers_injured, 0.0 drivers_killed, 0.0 passengers_injured, 0.0 passengers_killed, 0.0 pedestrian_injured, 0.0 pedestrian_killed, Fair (Night), EDSA Iglesia ni Cristo, San Antonio Quezon City",MMDA Road Safety Unit,,0c0f8ad8-c58d-42fb-a111-77fa60686eed,2015-03-13,11:30:00,EDSA Balintawak Market Quezon City,0,0,0,0,0,0,0,0,0,0,2015-03-13 19:30,Property,14.65752241,121.02219,No Collision Stated
None,EDSA,None,None,"No Accident Factor, No Collision Stated (based on Police Blotter Book), 0.0 drivers_injured, 0.0 drivers_killed, 0.0 passengers_injured, 0.0 passengers_killed, 0.0 pedestrian_injured, 0.0 pedestrian_killed, Fair (Night), EDSA Corregidor St. Quezon City",MMDA Road Safety Unit,,755b7841-c571-442d-a302-19bca23f7bbe,2015-03-13,10:50:00,EDSA Corregidor St. Quezon City,0,0,0,0,0,0,0,0,0,0,2015-03-13 18:50,Property,14.65707679,121.0241648,No Collision Stated
None,EDSA,None,None,"No Accident Factor, Rear-end, 0.0 drivers_injured, 0.0 drivers_killed, 0.0 passengers_injured, 0.0 passengers_killed, 0.0 pedestrian_injured, 0.0 pedestrian_killed, Fair (Day), EDSA New York St. Quezon City",MMDA Road Safety Unit,,0ad4d288-ed8a-4411-a321-8a841dcf4bb8,2015-03-13,07:20:00,EDSA Fema Road Quezon City,0,0,0,0,0,0,0,0,0,0,2015-03-13 15:20,Property,14.62568514,121.0482307,Rear-End
None,EDSA,None,None,"No Accident Factor, Side Swipe, 0.0 drivers_injured, 0.0 drivers_killed, 0.0 passengers_injured, 0.0 passengers_killed, 0.0 pedestrian_injured, 0.0 pedestrian_killed, Fair (Day), EDSA ""U"" turn slot, Kamias Road Quezon City",MMDA Road Safety Unit,,ab7ddd67-db1e-4b7e-a8e1-0ece0e808f93,2015-03-13,07:15:00,EDSA Monte De Piedad St. Quezon City,0,0,0,0,0,0,0,0,0,0,2015-03-13 15:15,Property,14.63181767,121.0453279,Side Swipe
None,EDSA,None,None,"No Accident Factor, Rear-end, 0.0 drivers_injured, 0.0 drivers_killed, 0.0 passengers_injured, 0.0 passengers_killed, 0.0 pedestrian_injured, 0.0 pedestrian_killed, Fair (Day), EDSA P. Tuazon Blvd. Quezon City",MMDA Road Safety Unit,,aa294bc5-b292-44aa-bb18-c89e9f49b9f3,2015-03-12,23:30:00,EDSA West Ave. Quezon City,0,0,0,0,0,0,0,0,0,0,2015-03-13 7:30,Property,14.61656342,121.0525225,Rear-End
None,EDSA,None,None,"No Accident Factor, No Collision Stated (based on Police Blotter Book), 0.0 drivers_injured, 0.0 drivers_killed, 0.0 passengers_injured, 0.0 passengers_killed, 0.0 pedestrian_injured, 0.0 pedestrian_killed, Fair (Night), EDSA Corregidor St. Quezon City",MMDA Road Safety Unit,,1f4abdd0-ae71-45b0-8456-39de170d0e82,2015-03-12,12:00:00,EDSA North Ave. Quezon City,0,0,0,0,0,0,0,0,0,0,2015-03-12 20:00,Property,14.65707679,121.0241648,No Collision Stated
None,EDSA,None,None,"No Accident Factor, Rear-end, 0.0 drivers_injured, 0.0 drivers_killed, 0.0 passengers_injured, 0.0 passengers_killed, 0.0 pedestrian_injured, 0.0 pedestrian_killed, Fair (Night), EDSA Cloverleaf, Balingasa Quezon City",MMDA Road Safety Unit,,9a66ff4e-4c29-40ea-b464-1757b756fcb9,2015-03-12,10:40:00,EDSA Col. Bonny Serrano Ave. Quezon City,0,0,0,0,0,0,0,0,0,0,2015-03-12 18:40,Property,14.65747901,121.0011914,Rear-End
None,EDSA,None,None,"No Accident Factor, Side Swipe, 0.0 drivers_injured, 0.0 drivers_killed, 0.0 passengers_injured, 0.0 passengers_killed, 0.0 pedestrian_injured, 0.0 pedestrian_killed, Fair (Day), EDSA Aurora Blvd. Quezon City",MMDA Road Safety Unit,,34453936-72ce-4224-9218-67e980a00c3b,2015-03-12,09:15:00,EDSA North Ave. Quezon City,0,0,0,0,0,0,0,0,0,0,2015-03-12 17:15,Property,14.62163653,121.0501573,Side Swipe
None,EDSA,None,None,"No Accident Factor, Hit Object (Post / Fence/Wall-Steel / Signage), 0.0 drivers_injured, 0.0 drivers_killed, 0.0 passengers_injured, 0.0 passengers_killed, 0.0 pedestrian_injured, 0.0 pedestrian_killed, Fair (Day), EDSA Farmers Quezon City",MMDA Road Safety Unit,,9cf50437-54e2-443e-a6b8-413df76aaf2e,2015-03-12,03:00:00,EDSA Corregidor St. Quezon City,0,0,0,0,0,0,0,0,0,0,2015-03-12 11:00,Property,14.61920525,121.0513476,Hit Object
None,EDSA,None,None,"No Accident Factor, Rear-end, 0.0 drivers_injured, 0.0 drivers_killed, 0.0 passengers_injured, 0.0 passengers_killed, 0.0 pedestrian_injured, 0.0 pedestrian_killed, Fair (Day), EDSA New York St. Quezon City",MMDA Road Safety Unit,,e09ff911-9d09-45fa-89ba-422834f91400,2015-03-12,02:15:00,EDSA MRT-Roosevelt Station Quezon City,0,0,0,0,0,0,0,0,0,0,2015-03-12 10:15,Property,14.62568514,121.0482307,Rear-End
None,EDSA,None,None,"No Accident Factor, No Collision Stated (based on Police Blotter Book), 1.0 drivers_injured, 0.0 drivers_killed, 0.0 passengers_injured, 0.0 passengers_killed, 0.0 pedestrian_injured, 0.0 pedestrian_killed, Fair (Day), EDSA Trinoma Mall Quezon City",MMDA Road Safety Unit,,13b66a03-7ff1-4544-818c-444f26ff4f72,2015-03-11,23:50:00,EDSA Mindanao Ave. Ext. Quezon City,0,0,0,1,0,0,0,0,0,1,2015-03-12 7:50,Injury,14.65242607,121.0323133,No Collision Stated
None,EDSA,None,None,"No Accident Factor, Rear-end, 0.0 drivers_injured, 0.0 drivers_killed, 0.0 passengers_injured, 0.0 passengers_killed, 0.0 pedestrian_injured, 0.0 pedestrian_killed, Fair (Night), EDSA Kamuning Road Quezon City",MMDA Road Safety Unit,,8eef1ebc-524b-4146-a6cb-74961b67fc67,2015-03-11,13:00:00,"EDSA Waltermart, Roosevelt Quezon City",0,0,0,0,0,0,0,0,0,0,2015-03-11 21:00,Property,14.63075725,121.0457548,Rear-End
None,EDSA,None,None,"No Accident Factor, No Collision Stated (based on Police Blotter Book), 0.0 drivers_injured, 0.0 drivers_killed, 0.0 passengers_injured, 0.0 passengers_killed, 0.0 pedestrian_injured, 0.0 pedestrian_killed, Fair (Night), EDSA Misamis St. Quezon City",MMDA Road Safety Unit,,1c17ef91-efc9-4592-968c-8df3bfeffa78,2015-03-11,13:00:00,EDSA Baliwag Liner Bus Terminal Quezon City,0,0,0,0,0,0,0,0,0,0,2015-03-11 21:00,Property,14.65602348,121.0285212,No Collision Stated
None,EDSA,None,None,"No Accident Factor, No Collision Stated (based on Police Blotter Book), 0.0 drivers_injured, 0.0 drivers_killed, 0.0 passengers_injured, 0.0 passengers_killed, 0.0 pedestrian_injured, 0.0 pedestrian_killed, Fair (Night), EDSA Mindanao Ave. Ext. Quezon City",MMDA Road Safety Unit,,4c177215-14ce-44a2-abf2-0a3cc621ee57,2015-03-11,10:50:00,EDSA Col. Bonny Serrano Ave. Quezon City,0,0,0,0,0,0,0,0,0,0,2015-03-11 18:50,Property,14.65052386,121.0335656,No Collision Stated
None,EDSA,None,None,"No Accident Factor, No Collision Stated (based on Police Blotter Book), 0.0 drivers_injured, 0.0 drivers_killed, 0.0 passengers_injured, 0.0 passengers_killed, 0.0 pedestrian_injured, 0.0 pedestrian_killed, Fair (Day), EDSA ""U"" turn slot, Trinoma Mall Quezon City",MMDA Road Safety Unit,,17bc8075-33b7-4dc0-b166-d6e83345a7e0,2015-03-11,09:30:00,EDSA Mayor Ignacia Diaz St. Quezon City,0,0,0,0,0,0,0,0,0,0,2015-03-11 17:30,Property,14.65360193,121.0314064,No Collision Stated
None,EDSA,None,None,"No Accident Factor, Rear-end, 0.0 drivers_injured, 0.0 drivers_killed, 0.0 passengers_injured, 0.0 passengers_killed, 0.0 pedestrian_injured, 0.0 pedestrian_killed, Fair (Day), EDSA Home Depot, A. Samson Quezon City",MMDA Road Safety Unit,,6b7eadb1-59a4-4cb2-a074-927b6d0ad70f,2015-03-11,04:30:00,EDSA Kamuning Road Quezon City,0,0,0,0,0,0,0,0,0,0,2015-03-11 12:30,Property,14.65776197,121.0132202,Rear-End
None,EDSA,None,None,"No Accident Factor, No Collision Stated (based on Police Blotter Book), 0.0 drivers_injured, 0.0 drivers_killed, 3.0 passengers_injured, 0.0 passengers_killed, 0.0 pedestrian_injured, 0.0 pedestrian_killed, Fair (Day), EDSA Seminary Road Quezon City",MMDA Road Safety Unit,,a2c4060f-6854-4c1a-846e-90982164bf1b,2015-03-11,04:30:00,EDSA P. Tuazon Blvd. Quezon City,0,0,0,0,3,0,0,0,0,3,2015-03-11 12:30,Injury,14.65776066,121.0173978,No Collision Stated
None,EDSA,None,None,"No Accident Factor, Rear-end, 0.0 drivers_injured, 0.0 drivers_killed, 0.0 passengers_injured, 0.0 passengers_killed, 0.0 pedestrian_injured, 0.0 pedestrian_killed, Fair (Day), EDSA West Ave. Quezon City",MMDA Road Safety Unit,,5ff6269c-7115-4916-b696-f511cff1af0f,2015-03-10,22:30:00,EDSA Quezon Ave. Quezon City,0,0,0,0,0,0,0,0,0,0,2015-03-11 6:30,Property,14.65548924,121.0298079,Rear-End
None,EDSA,None,None,"No Accident Factor, Multiple Collision, 0.0 drivers_injured, 0.0 drivers_killed, 0.0 passengers_injured, 0.0 passengers_killed, 0.0 pedestrian_injured, 0.0 pedestrian_killed, Fair (Night), EDSA New York St. Quezon City",MMDA Road Safety Unit,,32ebdca4-1deb-4dc3-9d28-186e42956a23,2015-03-10,13:00:00,EDSA North Ave. Quezon City,0,0,0,0,0,0,0,0,0,0,2015-03-10 21:00,Property,14.62568514,121.0482307,Multiple
None,EDSA,None,None,"No Accident Factor, No Collision Stated (based on Police Blotter Book), 0.0 drivers_injured, 0.0 drivers_killed, 0.0 passengers_injured, 0.0 passengers_killed, 0.0 pedestrian_injured, 0.0 pedestrian_killed, Fair (Night), EDSA Misamis St. Quezon City",MMDA Road Safety Unit,,0a907546-1e50-4949-af96-28f8c81c9b32,2015-03-10,12:00:00,EDSA Col. Bonny Serrano Ave. Quezon City,0,0,0,0,0,0,0,0,0,0,2015-03-10 20:00,Property,14.65602348,121.0285212,No Collision Stated
None,EDSA,None,None,"No Accident Factor, No Collision Stated (based on Police Blotter Book), 0.0 drivers_injured, 0.0 drivers_killed, 0.0 passengers_injured, 0.0 passengers_killed, 0.0 pedestrian_injured, 0.0 pedestrian_killed, Fair (Day), EDSA ""U"" turn slot, Philam Quezon City",MMDA Road Safety Unit,,6864bae6-fe97-4e55-8328-d67ca118d60a,2015-03-10,09:30:00,EDSA Aurora Immaculate Quezon City,0,0,0,0,0,0,0,0,0,0,2015-03-10 17:30,Property,14.65001076,121.0336794,No Collision Stated
None,EDSA,None,None,"No Accident Factor, No Collision Stated (based on Police Blotter Book), 0.0 drivers_injured, 0.0 drivers_killed, 0.0 passengers_injured, 0.0 passengers_killed, 0.0 pedestrian_injured, 0.0 pedestrian_killed, Fair (Day), EDSA Bansalangin St. Quezon City",MMDA Road Safety Unit,,69c1e6d0-e29f-49e6-aae2-b8cca8eaff06,2015-03-10,07:50:00,"EDSA QCPD Station 10, Kamuning  Quezon City",0,0,0,0,0,0,0,0,0,0,2015-03-10 15:50,Property,14.6567996,121.0241845,No Collision Stated
None,EDSA,None,None,"No Accident Factor, Rear-end, 0.0 drivers_injured, 0.0 drivers_killed, 0.0 passengers_injured, 0.0 passengers_killed, 0.0 pedestrian_injured, 0.0 pedestrian_killed, Fair (Day), EDSA Camp Crame Quezon City",MMDA Road Safety Unit,,d16ba9af-929e-482e-b0b8-5717de014129,2015-03-10,05:30:00,"EDSA Panay Ave., South Triangle Quezon City",0,0,0,0,0,0,0,0,0,0,2015-03-10 13:30,Property,14.60923788,121.0557422,Rear-End
None,EDSA,None,None,"No Accident Factor, Side Swipe, 0.0 drivers_injured, 0.0 drivers_killed, 0.0 passengers_injured, 0.0 passengers_killed, 0.0 pedestrian_injured, 0.0 pedestrian_killed, Fair (Day), EDSA P. Tuazon Blvd. Quezon City",MMDA Road Safety Unit,,2b38ed1e-9cca-4598-b189-06ef3abdb728,2015-03-10,01:00:00,EDSA Ermin Garcia St. Quezon City,0,0,0,0,0,0,0,0,0,0,2015-03-10 9:00,Property,14.61656342,121.0525225,Side Swipe
None,EDSA,None,None,"No Accident Factor, No Collision Stated (based on Police Blotter Book), 0.0 drivers_injured, 0.0 drivers_killed, 0.0 passengers_injured, 0.0 passengers_killed, 0.0 pedestrian_injured, 0.0 pedestrian_killed, Fair (Day), EDSA ""U"" turn slot, PTT, Bagong Pag-asa Quezon City",MMDA Road Safety Unit,,a7be5447-2277-4a51-8320-55ce2023d0fd,2015-03-10,00:30:00,EDSA Mother Ignacia St. Quezon City,0,0,0,0,0,0,0,0,0,0,2015-03-10 8:30,Property,14.65722836,121.0226192,No Collision Stated
None,EDSA,None,None,"No Accident Factor, No Collision Stated (based on Police Blotter Book), 0.0 drivers_injured, 0.0 drivers_killed, 0.0 passengers_injured, 0.0 passengers_killed, 0.0 pedestrian_injured, 0.0 pedestrian_killed, Fair (Night), EDSA North Ave. Quezon City",MMDA Road Safety Unit,,fb713008-86a2-4bd8-beb5-5a8a377ccf68,2015-03-09,21:30:00,EDSA Howmart Road Quezon City,0,0,0,0,0,0,0,0,0,0,2015-03-10 5:30,Property,14.65553839,121.0299647,No Collision Stated
None,EDSA,None,None,"No Accident Factor, No Collision Stated (based on Police Blotter Book), 0.0 drivers_injured, 0.0 drivers_killed, 0.0 passengers_injured, 0.0 passengers_killed, 0.0 pedestrian_injured, 0.0 pedestrian_killed, Fair (Day), EDSA Ermin Garcia St. Quezon City",MMDA Road Safety Unit,,1fb6e2b9-388f-475e-a206-c0d1475f84cb,2015-03-09,06:50:00,EDSA Main Ave. Quezon City,0,0,0,0,0,0,0,0,0,0,2015-03-09 14:50,Property,14.62758814,121.047487,No Collision Stated
None,EDSA,None,None,"No Accident Factor, No Collision Stated (based on Police Blotter Book), 0.0 drivers_injured, 0.0 drivers_killed, 0.0 passengers_injured, 0.0 passengers_killed, 0.0 pedestrian_injured, 0.0 pedestrian_killed, Fair (Day), EDSA North Ave. Quezon City",MMDA Road Safety Unit,,778483f1-5628-43e1-bc73-7e52eb99101d,2015-03-09,06:45:00,EDSA Ermin Garcia St. Quezon City,0,0,0,0,0,0,0,0,0,0,2015-03-09 14:45,Property,14.65553839,121.0299647,No Collision Stated
None,EDSA,None,None,"No Accident Factor, No Collision Stated (based on Police Blotter Book), 0.0 drivers_injured, 0.0 drivers_killed, 0.0 passengers_injured, 0.0 passengers_killed, 0.0 pedestrian_injured, 0.0 pedestrian_killed, Fair (Day), EDSA MRT-Santolan Station, Bagong Lipu ng Crame Quezon City",MMDA Road Safety Unit,,a2e13c02-8a40-4e2a-aef8-3913eae91ca3,2015-03-09,02:30:00,EDSA Timog Ave. Quezon City,0,0,0,0,0,0,0,0,0,0,2015-03-09 10:30,Property,14.60772541,121.056443,No Collision Stated
None,EDSA,None,None,"No Accident Factor, Rear-end, 0.0 drivers_injured, 0.0 drivers_killed, 0.0 passengers_injured, 0.0 passengers_killed, 0.0 pedestrian_injured, 0.0 pedestrian_killed, Fair (Day), EDSA Timog Ave. Quezon City",MMDA Road Safety Unit,,a7dea463-8610-4398-af6b-98c8a9c12e3a,2015-03-09,02:15:00,EDSA Balintawak Market Quezon City,0,0,0,0,0,0,0,0,0,0,2015-03-09 10:15,Property,14.63293559,121.0446304,Rear-End
None,EDSA,None,None,"No Accident Factor, No Collision Stated (based on Police Blotter Book), 1.0 drivers_injured, 0.0 drivers_killed, 0.0 passengers_injured, 0.0 passengers_killed, 0.0 pedestrian_injured, 0.0 pedestrian_killed, Fair (Day), EDSA Kamuning Road Quezon City",MMDA Road Safety Unit,,47349c66-243e-4025-97b4-c3a47a8e2088,2015-03-09,00:45:00,"EDSA ""U"" turn slot, Centris Quezon City",0,0,0,1,0,0,0,0,0,1,2015-03-09 8:45,Injury,14.63075725,121.0457548,No Collision Stated
None,EDSA,None,None,"No Accident Factor, Hit and Run (No Collision Stated), 1.0 drivers_injured, 0.0 drivers_killed, 0.0 passengers_injured, 0.0 passengers_killed, 0.0 pedestrian_injured, 0.0 pedestrian_killed, Fair (Night), EDSA Baliwag Liner Bus Terminal Quezon City",MMDA Road Safety Unit,,ad4dd67d-e262-4464-bbe4-8fdbfc9cb374,2015-03-08,21:45:00,"EDSA ""U"" turn slot, Timog Ave. Quezon City",0,0,0,1,0,0,0,0,0,1,2015-03-09 5:45,Injury,14.6244766,121.0489584,No Collision Stated
None,EDSA,None,None,"No Accident Factor, Side Swipe, 0.0 drivers_injured, 0.0 drivers_killed, 0.0 passengers_injured, 0.0 passengers_killed, 0.0 pedestrian_injured, 0.0 pedestrian_killed, Fair (Night), EDSA Kamuning Road Quezon City",MMDA Road Safety Unit,,4bab62ab-a9ca-49d5-9e49-eb2fea378a26,2015-03-08,13:15:00,"EDSA ""U"" turn slot, Dario Bridge Quezon City",0,0,0,0,0,0,0,0,0,0,2015-03-08 21:15,Property,14.63075725,121.0457548,Side Swipe
None,EDSA,None,None,"No Accident Factor, Rear-end, 0.0 drivers_injured, 0.0 drivers_killed, 0.0 passengers_injured, 0.0 passengers_killed, 0.0 pedestrian_injured, 0.0 pedestrian_killed, Fair (Day), EDSA Genesis Bus Terminal Quezon City",MMDA Road Safety Unit,,13f7c6ad-1f7b-4610-82ba-b0c5a36ba58a,2015-03-08,07:45:00,EDSA MRT-Roosevelt Station Quezon City,0,0,0,0,0,0,0,0,0,0,2015-03-08 15:45,Property,14.6256048,121.0483444,Rear-End
None,EDSA,None,None,"No Accident Factor, Rear-end, 0.0 drivers_injured, 0.0 drivers_killed, 0.0 passengers_injured, 0.0 passengers_killed, 0.0 pedestrian_injured, 0.0 pedestrian_killed, Fair (Day), EDSA Victory Liner Bus Terminal Quezon City",MMDA Road Safety Unit,,885470d0-da99-4d65-a352-8dc9029b7ba3,2015-03-08,06:35:00,EDSA Mindanao Ave. Ext. Quezon City,0,0,0,0,0,0,0,0,0,0,2015-03-08 14:35,Property,14.63209398,121.0454876,Rear-End
None,EDSA,None,None,"No Accident Factor, Rear-end, 0.0 drivers_injured, 0.0 drivers_killed, 0.0 passengers_injured, 0.0 passengers_killed, 0.0 pedestrian_injured, 0.0 pedestrian_killed, Fair (Day), EDSA West Ave. Quezon City",MMDA Road Safety Unit,,7fc5d599-04c6-435f-876e-b63549278cce,2015-03-08,06:00:00,EDSA Misamis St. Quezon City,0,0,0,0,0,0,0,0,0,0,2015-03-08 14:00,Property,14.65548924,121.0298079,Rear-End
None,EDSA,None,None,"No Accident Factor, Side Swipe, 0.0 drivers_injured, 0.0 drivers_killed, 0.0 passengers_injured, 0.0 passengers_killed, 0.0 pedestrian_injured, 0.0 pedestrian_killed, Fair (Day), EDSA Gen. Roxas Ave. Quezon City",MMDA Road Safety Unit,,41362496-07cb-4010-b641-cf28a2809b20,2015-03-07,09:10:00,EDSA MRT-North Ave. Station Quezon City,0,0,0,0,0,0,0,0,0,0,2015-03-07 17:10,Property,14.62042254,121.0508064,Side Swipe
None,EDSA,None,None,"No Accident Factor, Side Swipe, 0.0 drivers_injured, 0.0 drivers_killed, 0.0 passengers_injured, 0.0 passengers_killed, 0.0 pedestrian_injured, 0.0 pedestrian_killed, Fair (Day), EDSA Cloverleaf Quezon City",MMDA Road Safety Unit,,f12959dc-f216-4330-90ac-ab39bab36a5f,2015-03-07,07:45:00,EDSA Kamias Road Quezon City,0,0,0,0,0,0,0,0,0,0,2015-03-07 15:45,Property,14.65747901,121.0011914,Side Swipe
None,EDSA,None,None,"No Accident Factor, Rear-end, 0.0 drivers_injured, 0.0 drivers_killed, 0.0 passengers_injured, 0.0 passengers_killed, 0.0 pedestrian_injured, 0.0 pedestrian_killed, Fair (Day), EDSA Cloverleaf Quezon City",MMDA Road Safety Unit,,3245ef3a-46c6-4530-90db-571922fd259c,2015-03-07,07:00:00,EDSA Ortigas Ave. Quezon City,0,0,0,0,0,0,0,0,0,0,2015-03-07 15:00,Property,14.65747901,121.0011914,Rear-End
None,EDSA,None,None,"No Accident Factor, No Collision Stated (based on Police Blotter Book), 0.0 drivers_injured, 0.0 drivers_killed, 0.0 passengers_injured, 0.0 passengers_killed, 0.0 pedestrian_injured, 0.0 pedestrian_killed, Fair (Day), EDSA ""U"" turn slot, GMA-7 Quezon City",MMDA Road Safety Unit,,49b05c36-3680-428a-8d0a-ed7db4ca6994,2015-03-07,04:15:00,EDSA Trinoma Mall Quezon City,0,0,0,0,0,0,0,0,0,0,2015-03-07 12:15,Property,14.63376993,121.0443308,No Collision Stated
None,EDSA,None,None,"No Accident Factor, No Collision Stated (based on Police Blotter Book), 0.0 drivers_injured, 0.0 drivers_killed, 0.0 passengers_injured, 0.0 passengers_killed, 0.0 pedestrian_injured, 0.0 pedestrian_killed, Fair (Day), EDSA West Ave. Quezon City",MMDA Road Safety Unit,,b5686e28-d6b6-4b9a-997e-3b8f13243ba9,2015-03-07,03:45:00,EDSA Congressional Ave. Quezon City,0,0,0,0,0,0,0,0,0,0,2015-03-07 11:45,Property,14.65548924,121.0298079,No Collision Stated
None,EDSA,None,None,"No Accident Factor, No Collision Stated (based on Police Blotter Book), 0.0 drivers_injured, 0.0 drivers_killed, 0.0 passengers_injured, 0.0 passengers_killed, 0.0 pedestrian_injured, 0.0 pedestrian_killed, Fair (Day), EDSA Waltermart, San Antonio Quezon City",MMDA Road Safety Unit,,c95f8350-c3d7-422c-9885-72622dd64118,2015-03-07,02:30:00,EDSA Mindanao Ave. Ext. Quezon City,0,0,0,0,0,0,0,0,0,0,2015-03-07 10:30,Property,14.6574558,121.0213579,No Collision Stated
None,EDSA,None,None,"No Accident Factor, Rear-end, 0.0 drivers_injured, 0.0 drivers_killed, 0.0 passengers_injured, 0.0 passengers_killed, 0.0 pedestrian_injured, 0.0 pedestrian_killed, Fair (Day), EDSA ""U"" turn slot, SM North Quezon City",MMDA Road Safety Unit,,8e7128b2-7383-4a65-a82c-e317ad63c19b,2015-03-07,01:40:00,EDSA Nueva Ecija St. Quezon City,0,0,0,0,0,0,0,0,0,0,2015-03-07 9:40,Property,14.65632137,121.0266327,Rear-End
None,EDSA,None,None,"No Accident Factor, Rear-end, 0.0 drivers_injured, 0.0 drivers_killed, 0.0 passengers_injured, 0.0 passengers_killed, 0.0 pedestrian_injured, 0.0 pedestrian_killed, Fair (Day), EDSA Nepa Q-Mart, E. Rodriguez Quezon City",MMDA Road Safety Unit,,6e8d5d86-e419-4c91-a5e2-25883b3742d4,2015-03-06,23:30:00,"EDSA ""U"" turn slot, MRT-North Ave. Station Quezon City",0,0,0,0,0,0,0,0,0,0,2015-03-07 7:30,Property,14.62805361,121.0472521,Rear-End
None,EDSA,None,None,"No Accident Factor, Side Swipe, 0.0 drivers_injured, 0.0 drivers_killed, 0.0 passengers_injured, 0.0 passengers_killed, 0.0 pedestrian_injured, 0.0 pedestrian_killed, Fair (Night), EDSA Paramount, Phil-Am Quezon City",MMDA Road Safety Unit,,4ce5023c-86be-4ed5-a746-a1701fded82c,2015-03-06,15:50:00,"EDSA ""U"" turn slot, Guzent Quezon City",0,0,0,0,0,0,0,0,0,0,2015-03-06 23:50,Property,14.6555967,121.0297922,Side Swipe
None,EDSA,None,None,"No Accident Factor, No Collision Stated (based on Police Blotter Book), 0.0 drivers_injured, 0.0 drivers_killed, 0.0 passengers_injured, 0.0 passengers_killed, 0.0 pedestrian_injured, 0.0 pedestrian_killed, Fair (Night), EDSA MRT-North Ave. Station, Phil-Am Quezon City",MMDA Road Safety Unit,,d556fe27-6258-445e-9814-1b5155a7bd85,2015-03-06,12:00:00,EDSA Fema Road Quezon City,0,0,0,0,0,0,0,0,0,0,2015-03-06 20:00,Property,14.65223956,121.0323125,No Collision Stated