LOCATION_TEXT,ROAD,WEATHER,LIGHT,DESC,REPORTING_AGENCY,MAIN_CAUSE,INCIDENTDETAILS_ID,DATE_UTC,TIME_UTC,ADDRESS,killed_driver,killed_passenger,killed_pedestrian,injured_driver,injured_passenger,injured_pedestrian,killed_uncategorized,injured_uncategorized,killed_total,injured_total,DATETIME_PST,SEVERITY,Y,X,COLLISION_TYPE
None,EDSA,None,None,"No Accident Factor, Side Swipe, 0.0 drivers_injured, 0.0 drivers_killed, 0.0 passengers_injured, 0.0 passengers_killed, 0.0 pedestrian_injured, 0.0 pedestrian_killed, Fair (Night), EDSA Aurora Blvd. Quezon City",MMDA Road Safety Unit,,5f5e929e-d4d3-4772-83f9-91cc938651a5,2015-03-06,11:55:00,"EDSA ""U"" turn slot, UNTV, Philam Quezon City",0,0,0,0,0,0,0,0,0,0,2015-03-06 19:55,Property,14.62163653,121.0501573,Side Swipe
None,EDSA,None,None,"No Accident Factor, No Collision Stated (based on Police Blotter Book), 0.0 drivers_injured, 0.0 drivers_killed, 0.0 passengers_injured, 0.0 passengers_killed, 0.0 pedestrian_injured, 0.0 pedestrian_killed, Fair (Night), EDSA Kamuning Road Quezon City",MMDA Road Safety Unit,,19f9173e-1e39-4261-86f2-954367b405ab,2015-03-05,21:50:00,EDSA Farmers  Quezon City,0,0,0,0,0,0,0,0,0,0,2015-03-06 5:50,Property,14.63075725,121.0457548,No Collision Stated
None,EDSA,None,None,"No Accident Factor, No Collision Stated (based on Police Blotter Book), 0.0 drivers_injured, 0.0 drivers_killed, 0.0 passengers_injured, 0.0 passengers_killed, 0.0 pedestrian_injured, 0.0 pedestrian_killed, Fair (Night), EDSA ""U"" turn slot, Quezon Ave. Quezon City",MMDA Road Safety Unit,,90523bab-5b16-467d-a500-359b7d50bd74,2015-03-05,15:30:00,EDSA Col. Bonny Serrano Ave. Quezon City,0,0,0,0,0,0,0,0,0,0,2015-03-05 23:30,Property,14.64518409,121.0368843,No Collision Stated
None,EDSA,None,None,"No Accident Factor, Side Swipe, 0.0 drivers_injured, 0.0 drivers_killed, 0.0 passengers_injured, 0.0 passengers_killed, 0.0 pedestrian_injured, 0.0 pedestrian_killed, Fair (Night), EDSA Ortigas Ave. Quezon City",MMDA Road Safety Unit,,91431d38-0b43-49ce-86c7-13683ddc9955,2015-03-05,15:30:00,EDSA Banahaw St. Quezon City,0,0,0,0,0,0,0,0,0,0,2015-03-05 23:30,Property,14.59335253,121.0584107,Side Swipe
None,EDSA,None,None,"No Accident Factor, Hit and Run (No Collision Stated), 0.0 drivers_injured, 0.0 drivers_killed, 0.0 passengers_injured, 0.0 passengers_killed, 0.0 pedestrian_injured, 0.0 pedestrian_killed, Fair (Night), EDSA Aurora Blvd. Quezon City",MMDA Road Safety Unit,,e4785b60-5077-412d-9a67-be3babd4dca3,2015-03-05,13:20:00,EDSA Balintawak Market Quezon City,0,0,0,0,0,0,0,0,0,0,2015-03-05 21:20,Property,14.62163653,121.0501573,No Collision Stated
None,EDSA,None,None,"No Accident Factor, No Collision Stated (based on Police Blotter Book), 0.0 drivers_injured, 0.0 drivers_killed, 1.0 passengers_injured, 0.0 passengers_killed, 0.0 pedestrian_injured, 0.0 pedestrian_killed, Fair (Night), EDSA Kamias Road Quezon City",MMDA Road Safety Unit,,192214ca-f97f-40b3-86ca-b61d34ef9661,2015-03-05,10:05:00,EDSA Aurora Blvd. Quezon City,0,0,0,0,1,0,0,0,0,1,2015-03-05 18:05,Injury,14.6309142,121.0459376,No Collision Stated
None,EDSA,None,None,"No Accident Factor, No Collision Stated (based on Police Blotter Book), 1.0 drivers_injured, 0.0 drivers_killed, 0.0 passengers_injured, 0.0 passengers_killed, 0.0 pedestrian_injured, 0.0 pedestrian_killed, Fair (Day), EDSA SM North, Bagong Pag-asa Quezon City",MMDA Road Safety Unit,,a3cd427f-a61b-4453-8444-01e16a5f43e9,2015-03-05,06:45:00,EDSA Aurora Blvd. Quezon City,0,0,0,1,0,0,0,0,0,1,2015-03-05 14:45,Injury,14.65645143,121.0271077,No Collision Stated
None,EDSA,None,None,"No Accident Factor, Side Swipe, 0.0 drivers_injured, 0.0 drivers_killed, 0.0 passengers_injured, 0.0 passengers_killed, 0.0 pedestrian_injured, 0.0 pedestrian_killed, Fair (Day), EDSA Balintawak Market Quezon City",MMDA Road Safety Unit,,e579dcf2-0aad-4640-aac1-8e842172cb61,2015-03-05,05:30:00,"EDSA Farmers, Cubao Quezon City",0,0,0,0,0,0,0,0,0,0,2015-03-05 13:30,Property,14.65740947,121.0025737,Side Swipe
None,EDSA,None,None,"No Accident Factor, Side Swipe, 0.0 drivers_injured, 0.0 drivers_killed, 0.0 passengers_injured, 0.0 passengers_killed, 0.0 pedestrian_injured, 0.0 pedestrian_killed, Fair (Day), EDSA Baliwag Liner Bus Terminal Quezon City",MMDA Road Safety Unit,,a6f41db7-0012-4a96-a76f-13e20221667f,2015-03-05,04:35:00,EDSA Mother Ignacia St. Quezon City,0,0,0,0,0,0,0,0,0,0,2015-03-05 12:35,Property,14.6244766,121.0489584,Side Swipe
None,EDSA,None,None,"No Accident Factor, Self-Accident, 1.0 drivers_injured, 0.0 drivers_killed, 0.0 passengers_injured, 0.0 passengers_killed, 0.0 pedestrian_injured, 0.0 pedestrian_killed, Fair (Day), EDSA Robinson's Galleria, Ugong Norte Quezon City",MMDA Road Safety Unit,,aa76f4e3-c8bc-4f4d-a66a-3acfda09d361,2015-03-05,04:00:00,EDSA Corinthian Garden (Gate 2) Quezon City,0,0,0,1,0,0,0,0,0,1,2015-03-05 12:00,Injury,14.59226131,121.0583025,Self-Accident
None,EDSA,None,None,"No Accident Factor, No Collision Stated (based on Police Blotter Book), 0.0 drivers_injured, 0.0 drivers_killed, 0.0 passengers_injured, 0.0 passengers_killed, 0.0 pedestrian_injured, 0.0 pedestrian_killed, Fair (Day), EDSA North Road, Bagong Lipu ng Crame Quezon City",MMDA Road Safety Unit,,0bdd1f06-37be-490f-9a53-8c36bde5a625,2015-03-05,02:30:00,EDSA Misamis St. Quezon City,0,0,0,0,0,0,0,0,0,0,2015-03-05 10:30,Property,14.61444188,121.0532975,No Collision Stated
None,EDSA,None,None,"No Accident Factor, Side Swipe, 1.0 drivers_injured, 0.0 drivers_killed, 0.0 passengers_injured, 0.0 passengers_killed, 0.0 pedestrian_injured, 0.0 pedestrian_killed, Fair (Day), EDSA ""U"" turn slot, Oliveros Quezon City",MMDA Road Safety Unit,,889a3741-fe3c-4620-8f57-5d6dfd3ab89d,2015-03-05,01:55:00,EDSA Col. Bonny Serrano Ave. Quezon City,0,0,0,1,0,0,0,0,0,1,2015-03-05 9:55,Injury,14.6575006,121.0075921,Side Swipe
None,EDSA,None,None,"No Accident Factor, Rear-end, 0.0 drivers_injured, 0.0 drivers_killed, 0.0 passengers_injured, 0.0 passengers_killed, 0.0 pedestrian_injured, 0.0 pedestrian_killed, Fair (Day), EDSA Camp Aguinaldo (Gate 3) Quezon City",MMDA Road Safety Unit,,e8513073-7690-4faf-91db-b44d94915132,2015-03-05,00:00:00,EDSA Congressional Ave. Quezon City,0,0,0,0,0,0,0,0,0,0,2015-03-05 8:00,Property,14.60832492,121.0563666,Rear-End
None,EDSA,None,None,"No Accident Factor, Side Swipe, 0.0 drivers_injured, 0.0 drivers_killed, 0.0 passengers_injured, 0.0 passengers_killed, 0.0 pedestrian_injured, 0.0 pedestrian_killed, Fair (Night), EDSA Victory Liner Bus Terminal Quezon City",MMDA Road Safety Unit,,85ce8420-3b30-4033-bf18-b23ddbc547a4,2015-03-04,13:35:00,"EDSA Waltermart, Veterans Quezon City",0,0,0,0,0,0,0,0,0,0,2015-03-04 21:35,Property,14.63209398,121.0454876,Side Swipe
None,EDSA,None,None,"No Accident Factor, No Collision Stated (based on Police Blotter Book), 0.0 drivers_injured, 0.0 drivers_killed, 0.0 passengers_injured, 0.0 passengers_killed, 0.0 pedestrian_injured, 0.0 pedestrian_killed, Fair (Night), EDSA Quezon Ave. Quezon City",MMDA Road Safety Unit,,9ba3a80a-34f5-4330-a9a5-ecdea1480648,2015-03-04,11:00:00,EDSA Balintawak Market Quezon City,0,0,0,0,0,0,0,0,0,0,2015-03-04 19:00,Property,14.6442444,121.0375839,No Collision Stated
None,EDSA,None,None,"No Accident Factor, Rear-end, 0.0 drivers_injured, 0.0 drivers_killed, 0.0 passengers_injured, 0.0 passengers_killed, 0.0 pedestrian_injured, 0.0 pedestrian_killed, Fair (Night), EDSA Aurora Blvd. Quezon City",MMDA Road Safety Unit,,6e86cebf-6527-4195-bacb-d9e4150bb38c,2015-03-04,10:00:00,EDSA New York St. Quezon City,0,0,0,0,0,0,0,0,0,0,2015-03-04 18:00,Property,14.62163653,121.0501573,Rear-End
None,EDSA,None,None,"No Accident Factor, No Collision Stated (based on Police Blotter Book), 0.0 drivers_injured, 0.0 drivers_killed, 0.0 passengers_injured, 0.0 passengers_killed, 0.0 pedestrian_injured, 0.0 pedestrian_killed, Fair (Night), EDSA ETON Centris Quezon City",MMDA Road Safety Unit,,ab12e692-78f6-400a-a6d8-7c132fbdfb19,2015-03-04,10:00:00,EDSA Ortigas Ave. Quezon City,0,0,0,0,0,0,0,0,0,0,2015-03-04 18:00,Property,14.64266722,121.0386872,No Collision Stated
None,EDSA,None,None,"No Accident Factor, Hit and Run (No Collision Stated), 0.0 drivers_injured, 0.0 drivers_killed, 0.0 passengers_injured, 0.0 passengers_killed, 0.0 pedestrian_injured, 0.0 pedestrian_killed, Fair (Day), EDSA Nepa Q-Mart, E. Rodriguez Quezon City",MMDA Road Safety Unit,,c33bbdae-505f-4c05-9da4-ba0804026498,2015-03-04,08:45:00,EDSA Bansalangin St. Quezon City,0,0,0,0,0,0,0,0,0,0,2015-03-04 16:45,Property,14.62805361,121.0472521,No Collision Stated
None,EDSA,None,None,"No Accident Factor, Side Swipe, 0.0 drivers_injured, 0.0 drivers_killed, 0.0 passengers_injured, 0.0 passengers_killed, 0.0 pedestrian_injured, 0.0 pedestrian_killed, Fair (Day), EDSA Ortigas Ave. Quezon City",MMDA Road Safety Unit,,e57c7b18-3fc5-406c-ab64-e14cd24d3317,2015-03-04,08:30:00,EDSA Family Market Quezon City,0,0,0,0,0,0,0,0,0,0,2015-03-04 16:30,Property,14.59335253,121.0584107,Side Swipe
None,EDSA,None,None,"No Accident Factor, No Collision Stated (based on Police Blotter Book), 0.0 drivers_injured, 0.0 drivers_killed, 0.0 passengers_injured, 0.0 passengers_killed, 0.0 pedestrian_injured, 0.0 pedestrian_killed, Fair (Day), EDSA Victory Liner Bus Terminal Quezon City",MMDA Road Safety Unit,,af9211d7-aa70-4ae3-ada5-687a55921069,2015-03-04,08:00:00,EDSA Corinthian Garden (Gate 2) Quezon City,0,0,0,0,0,0,0,0,0,0,2015-03-04 16:00,Property,14.63209398,121.0454876,No Collision Stated
None,EDSA,None,None,"No Accident Factor, No Collision Stated (based on Police Blotter Book), 0.0 drivers_injured, 0.0 drivers_killed, 0.0 passengers_injured, 0.0 passengers_killed, 0.0 pedestrian_injured, 0.0 pedestrian_killed, Fair (Day), EDSA Quezon Ave. Quezon City",MMDA Road Safety Unit,,86a79c22-dbc8-45a7-9315-6a4786c5bff7,2015-03-04,08:00:00,EDSA P. Tuazon Blvd. Quezon City,0,0,0,0,0,0,0,0,0,0,2015-03-04 16:00,Property,14.6442444,121.0375839,No Collision Stated
None,EDSA,None,None,"No Accident Factor, Side Swipe, 0.0 drivers_injured, 0.0 drivers_killed, 0.0 passengers_injured, 0.0 passengers_killed, 0.0 pedestrian_injured, 0.0 pedestrian_killed, Fair (Day), EDSA Puregold, Balintawak  Quezon City",MMDA Road Safety Unit,,ee46ae41-d92a-401e-aca5-3aec3dc63d9f,2015-03-03,08:00:00,EDSA East Ave. Quezon City,0,0,0,0,0,0,0,0,0,0,2015-03-03 16:00,Property,14.65739538,121.0046638,Side Swipe
None,EDSA,None,None,"No Accident Factor, Rear-end, 0.0 drivers_injured, 0.0 drivers_killed, 0.0 passengers_injured, 0.0 passengers_killed, 0.0 pedestrian_injured, 0.0 pedestrian_killed, Fair (Day), EDSA K-3rd St. Quezon City",MMDA Road Safety Unit,,fb6e3b35-71ed-40db-999a-50412562e974,2015-03-03,07:45:00,EDSA Kamuning Road Quezon City,0,0,0,0,0,0,0,0,0,0,2015-03-03 15:45,Property,14.62942357,121.0463854,Rear-End
None,EDSA,None,None,"No Accident Factor, Rear-end, 0.0 drivers_injured, 0.0 drivers_killed, 0.0 passengers_injured, 0.0 passengers_killed, 0.0 pedestrian_injured, 0.0 pedestrian_killed, Fair (Day), EDSA Cloverleaf Road Quezon City",MMDA Road Safety Unit,,00f98e51-a2b1-48bb-bc08-1ec7b0cff563,2015-03-03,07:40:00,EDSA West Ave. Quezon City,0,0,0,0,0,0,0,0,0,0,2015-03-03 15:40,Property,14.65747901,121.0011914,Rear-End
None,EDSA,None,None,"No Accident Factor, Rear-end, 0.0 drivers_injured, 0.0 drivers_killed, 0.0 passengers_injured, 0.0 passengers_killed, 0.0 pedestrian_injured, 0.0 pedestrian_killed, Fair (Day), EDSA Kamias Road Quezon City",MMDA Road Safety Unit,,fa612c76-8841-4bad-a529-c1527ef15809,2015-03-03,07:30:00,"EDSA SM North, Bagong Pag-asa Quezon City",0,0,0,0,0,0,0,0,0,0,2015-03-03 15:30,Property,14.6309142,121.0459376,Rear-End
None,EDSA,None,None,"No Accident Factor, Hit and Run (Side Swipe), 0.0 drivers_injured, 0.0 drivers_killed, 0.0 passengers_injured, 0.0 passengers_killed, 0.0 pedestrian_injured, 0.0 pedestrian_killed, Fair (Day), EDSA Kamias Road Quezon City",MMDA Road Safety Unit,,cd905e76-a5d0-4e1d-aa71-296bb84d1dee,2015-03-03,05:30:00,EDSA Quezon Ave. Quezon City,0,0,0,0,0,0,0,0,0,0,2015-03-03 13:30,Property,14.6309142,121.0459376,Side Swipe
None,EDSA,None,None,"No Accident Factor, No Collision Stated (based on Police Blotter Book), 0.0 drivers_injured, 0.0 drivers_killed, 0.0 passengers_injured, 0.0 passengers_killed, 0.0 pedestrian_injured, 0.0 pedestrian_killed, Fair (Day), EDSA Quezon Ave. Quezon City",MMDA Road Safety Unit,,2905837c-fd51-45fd-9d1e-6142abedd604,2015-03-03,00:00:00,EDSA Gen. Roxas Ave. Quezon City,0,0,0,0,0,0,0,0,0,0,2015-03-03 8:00,Property,14.6442444,121.0375839,No Collision Stated
None,EDSA,None,None,"No Accident Factor, No Collision Stated (based on Police Blotter Book), 0.0 drivers_injured, 0.0 drivers_killed, 0.0 passengers_injured, 0.0 passengers_killed, 0.0 pedestrian_injured, 0.0 pedestrian_killed, Fair (Night), EDSA Corregidor St. Quezon City",MMDA Road Safety Unit,,4f0d2449-3570-44a5-b52d-ffdce86b56af,2015-03-02,10:00:00,EDSA Ermin Garcia St. Quezon City,0,0,0,0,0,0,0,0,0,0,2015-03-02 18:00,Property,14.65707679,121.0241648,No Collision Stated
None,EDSA,None,None,"No Accident Factor, No Collision Stated (based on Police Blotter Book), 0.0 drivers_injured, 0.0 drivers_killed, 0.0 passengers_injured, 0.0 passengers_killed, 0.0 pedestrian_injured, 0.0 pedestrian_killed, Fair (Day), EDSA ""U"" turn slot, Quezon Ave. Quezon City",MMDA Road Safety Unit,,73735309-baf4-4696-b536-48ed7832f51d,2015-03-02,08:20:00,EDSA Balintawak Cloverleaf Quezon City,0,0,0,0,0,0,0,0,0,0,2015-03-02 16:20,Property,14.64518409,121.0368843,No Collision Stated
None,EDSA,None,None,"No Accident Factor, Side Swipe, 0.0 drivers_injured, 0.0 drivers_killed, 0.0 passengers_injured, 0.0 passengers_killed, 0.0 pedestrian_injured, 0.0 pedestrian_killed, Fair (Day), EDSA Mapagmahal St. Quezon City",MMDA Road Safety Unit,,7f66be23-80e4-4fad-80bd-5802049c2b2b,2015-03-02,08:00:00,EDSA Quezon Ave. Quezon City,0,0,0,0,0,0,0,0,0,0,2015-03-02 16:00,Property,14.63185046,121.0455315,Side Swipe
None,EDSA,None,None,"No Accident Factor, No Collision Stated (based on Police Blotter Book), 0.0 drivers_injured, 0.0 drivers_killed, 0.0 passengers_injured, 0.0 passengers_killed, 0.0 pedestrian_injured, 0.0 pedestrian_killed, Fair (Day), EDSA Aurora Blvd. Quezon City",MMDA Road Safety Unit,,7f50faf6-e86c-412a-89d3-ec0e19d991eb,2015-03-02,04:45:00,"EDSA SM North, Bagong Pag-asa Quezon City",0,0,0,0,0,0,0,0,0,0,2015-03-02 12:45,Property,14.62163653,121.0501573,No Collision Stated
None,EDSA,None,None,"No Accident Factor, No Collision Stated (based on Police Blotter Book), 0.0 drivers_injured, 0.0 drivers_killed, 0.0 passengers_injured, 0.0 passengers_killed, 0.0 pedestrian_injured, 0.0 pedestrian_killed, Fair (Day), EDSA West Ave. Quezon City",MMDA Road Safety Unit,,ccd872c5-6619-49b9-8e15-5050b5ce50a8,2015-03-02,03:00:00,EDSA Kamias Road Quezon City,0,0,0,0,0,0,0,0,0,0,2015-03-02 11:00,Property,14.65548924,121.0298079,No Collision Stated
None,EDSA,None,None,"No Accident Factor, No Collision Stated (based on Police Blotter Book), 0.0 drivers_injured, 0.0 drivers_killed, 0.0 passengers_injured, 0.0 passengers_killed, 0.0 pedestrian_injured, 0.0 pedestrian_killed, Fair (Day), EDSA Bansalangin St. Quezon City",MMDA Road Safety Unit,,b266d18f-dedd-42ae-b2bc-ed1b48101069,2015-03-02,00:30:00,EDSA West Ave. Quezon City,0,0,0,0,0,0,0,0,0,0,2015-03-02 8:30,Property,14.6567996,121.0241845,No Collision Stated
None,EDSA,None,None,"No Accident Factor, No Collision Stated (based on Police Blotter Book), 0.0 drivers_injured, 0.0 drivers_killed, 0.0 passengers_injured, 0.0 passengers_killed, 0.0 pedestrian_injured, 0.0 pedestrian_killed, Fair (Day), EDSA ""U"" turn slot, Quezon Ave. Quezon City",MMDA Road Safety Unit,,0ae21d97-3e1e-4fe8-921e-68ab079e8985,2015-03-02,00:30:00,"EDSA SM North, Bagong Pag-asa Quezon City",0,0,0,0,0,0,0,0,0,0,2015-03-02 8:30,Property,14.64518409,121.0368843,No Collision Stated
None,EDSA,None,None,"No Accident Factor, Side Swipe, 0.0 drivers_injured, 0.0 drivers_killed, 0.0 passengers_injured, 0.0 passengers_killed, 0.0 pedestrian_injured, 0.0 pedestrian_killed, Fair (Day), EDSA Roosevelt Ave. Quezon City",MMDA Road Safety Unit,,cce8920d-47d0-4b91-adc4-0bab9258533d,2015-03-02,00:30:00,EDSA West Ave. Quezon City,0,0,0,0,0,0,0,0,0,0,2015-03-02 8:30,Property,14.65762047,121.0196373,Side Swipe
None,EDSA,None,None,"No Accident Factor, Rear-end, 0.0 drivers_injured, 0.0 drivers_killed, 0.0 passengers_injured, 0.0 passengers_killed, 0.0 pedestrian_injured, 0.0 pedestrian_killed, Fair (Day), EDSA NIA Road Quezon City",MMDA Road Safety Unit,,a5c4e079-f086-4984-8451-b1e1427f5d43,2015-03-01,08:00:00,EDSA Misamis St. Quezon City,0,0,0,0,0,0,0,0,0,0,2015-03-01 16:00,Property,14.63727823,121.0421362,Rear-End
None,EDSA,None,None,"No Accident Factor, Hit and Run (No Collision Stated), 0.0 drivers_injured, 0.0 drivers_killed, 0.0 passengers_injured, 0.0 passengers_killed, 0.0 pedestrian_injured, 0.0 pedestrian_killed, Fair (Day), EDSA Aurora Blvd. Quezon City",MMDA Road Safety Unit,,0d8060eb-dc3b-4838-bdfc-a47f8312e7eb,2015-03-01,01:00:00,EDSA Misamis St. Quezon City,0,0,0,0,0,0,0,0,0,0,2015-03-01 9:00,Property,14.62163653,121.0501573,No Collision Stated
None,EDSA,None,None,"No Accident Factor, No Collision Stated (based on Police Blotter Book), 0.0 drivers_injured, 0.0 drivers_killed, 0.0 passengers_injured, 0.0 passengers_killed, 0.0 pedestrian_injured, 0.0 pedestrian_killed, Fair (Day), EDSA Quezon Ave. Quezon City",MMDA Road Safety Unit,,4da7d56c-9af0-475c-813f-57768df2f1c2,2015-02-28,23:30:00,EDSA P. Tuazon Blvd. Quezon City,0,0,0,0,0,0,0,0,0,0,2015-03-01 7:30,Property,14.6442444,121.0375839,No Collision Stated
None,EDSA,None,None,"No Accident Factor, No Collision Stated (based on Police Blotter Book), 1.0 drivers_injured, 0.0 drivers_killed, 0.0 passengers_injured, 0.0 passengers_killed, 0.0 pedestrian_injured, 0.0 pedestrian_killed, Fair (Night), EDSA Solid North Bus Terminal  Quezon City",MMDA Road Safety Unit,,265776a8-61f6-421b-b8b4-ee9dddcaa78d,2015-02-28,19:45:00,EDSA Aurora Blvd. Quezon City,0,0,0,1,0,0,0,0,0,1,2015-03-01 3:45,Injury,14.62420023,121.0487914,No Collision Stated
None,EDSA,None,None,"No Accident Factor, Rear-end, 0.0 drivers_injured, 0.0 drivers_killed, 0.0 passengers_injured, 0.0 passengers_killed, 0.0 pedestrian_injured, 0.0 pedestrian_killed, Fair (Night), EDSA Col. Bonny Serrano Ave. Quezon City",MMDA Road Safety Unit,,75daccab-3d53-421a-96fe-34b386e714d7,2015-02-28,19:20:00,EDSA Balintawak Market Quezon City,0,0,0,0,0,0,0,0,0,0,2015-03-01 3:20,Property,14.61107337,121.0550705,Rear-End
None,EDSA,None,None,"No Accident Factor, Hit Object (No Object Stated), 0.0 drivers_injured, 0.0 drivers_killed, 0.0 passengers_injured, 0.0 passengers_killed, 0.0 pedestrian_injured, 0.0 pedestrian_killed, Fair (Night), EDSA Banahaw St. Quezon City",MMDA Road Safety Unit,,e5973060-84a5-4fd0-918c-aad184dcc524,2015-02-28,15:00:00,EDSA Balintawak Cloverleaf Quezon City,0,0,0,0,0,0,0,0,0,0,2015-02-28 23:00,Property,14.61797303,121.0516572,Hit Object
None,EDSA,None,None,"No Accident Factor, Side Swipe, 0.0 drivers_injured, 0.0 drivers_killed, 0.0 passengers_injured, 0.0 passengers_killed, 0.0 pedestrian_injured, 0.0 pedestrian_killed, Fair (Night), EDSA Aurora Blvd. Quezon City",MMDA Road Safety Unit,,1045b557-9f54-40cc-ae3b-21583af9262a,2015-02-28,13:10:00,EDSA Mindanao Ave. Ext. Quezon City,0,0,0,0,0,0,0,0,0,0,2015-02-28 21:10,Property,14.62163653,121.0501573,Side Swipe
None,EDSA,None,None,"No Accident Factor, Rear-end, 0.0 drivers_injured, 0.0 drivers_killed, 0.0 passengers_injured, 0.0 passengers_killed, 0.0 pedestrian_injured, 0.0 pedestrian_killed, Fair (Night), EDSA Balintawak Market Quezon City",MMDA Road Safety Unit,,ea2a3ec7-8221-4a37-90a2-3c96f52762b1,2015-02-28,12:00:00,EDSA San Martin De Porres St. Quezon City,0,0,0,0,0,0,0,0,0,0,2015-02-28 20:00,Property,14.65740947,121.0025737,Rear-End
None,EDSA,None,None,"No Accident Factor, No Collision Stated (based on Police Blotter Book), 0.0 drivers_injured, 0.0 drivers_killed, 0.0 passengers_injured, 0.0 passengers_killed, 0.0 pedestrian_injured, 0.0 pedestrian_killed, Fair (Night), EDSA SM North (Annex) Quezon City",MMDA Road Safety Unit,,1a6a5fc4-0377-46b8-8400-71408392a14b,2015-02-28,10:00:00,EDSA Gen. Malvar Ave. Quezon City,0,0,0,0,0,0,0,0,0,0,2015-02-28 18:00,Property,14.65645143,121.0271077,No Collision Stated
None,EDSA,None,None,"No Accident Factor, No Collision Stated (based on Police Blotter Book), 0.0 drivers_injured, 0.0 drivers_killed, 0.0 passengers_injured, 0.0 passengers_killed, 0.0 pedestrian_injured, 0.0 pedestrian_killed, Fair (Day), EDSA West Ave. Quezon City",MMDA Road Safety Unit,,28f45f57-430c-4cac-b85b-b0971270c51b,2015-02-28,08:10:00,"EDSA ""U"" turn slot, Trinoma Mall Quezon City",0,0,0,0,0,0,0,0,0,0,2015-02-28 16:10,Property,14.65548924,121.0298079,No Collision Stated
None,EDSA,None,None,"No Accident Factor, No Collision Stated (based on Police Blotter Book), 0.0 drivers_injured, 0.0 drivers_killed, 0.0 passengers_injured, 0.0 passengers_killed, 0.0 pedestrian_injured, 0.0 pedestrian_killed, Fair (Day), EDSA Nueva Ecija St. Quezon City",MMDA Road Safety Unit,,668ae475-9eea-4216-99b9-7d61e28919b6,2015-02-28,08:00:00,EDSA MRT-Timog Station Quezon City,0,0,0,0,0,0,0,0,0,0,2015-02-28 16:00,Property,14.65665894,121.026062,No Collision Stated
None,EDSA,None,None,"No Accident Factor, Rear-end, 0.0 drivers_injured, 0.0 drivers_killed, 0.0 passengers_injured, 0.0 passengers_killed, 0.0 pedestrian_injured, 0.0 pedestrian_killed, Fair (Night), EDSA Camp Crame Quezon City",MMDA Road Safety Unit,,fa55eae7-4a96-4c48-b176-65fce54d1720,2015-02-27,13:55:00,EDSA Congressional Ave. Quezon City,0,0,0,0,0,0,0,0,0,0,2015-02-27 21:55,Property,14.60923788,121.0557422,Rear-End
None,EDSA,None,None,"No Accident Factor, Rear-end, 0.0 drivers_injured, 0.0 drivers_killed, 0.0 passengers_injured, 0.0 passengers_killed, 0.0 pedestrian_injured, 0.0 pedestrian_killed, Fair (Night), EDSA Royal Quezon City",MMDA Road Safety Unit,,806555a5-816a-4596-b477-9a6dfd20ef7e,2015-02-27,11:50:00,EDSA Ermin Garcia St. Quezon City,0,0,0,0,0,0,0,0,0,0,2015-02-27 19:50,Property,14.65767141,121.0107008,Rear-End
None,EDSA,None,None,"No Accident Factor, No Collision Stated (based on Police Blotter Book), 0.0 drivers_injured, 0.0 drivers_killed, 0.0 passengers_injured, 0.0 passengers_killed, 0.0 pedestrian_injured, 0.0 pedestrian_killed, Fair (Night), EDSA North Ave. Quezon City",MMDA Road Safety Unit,,92e9c531-fc3b-4aaa-9616-d5b1886ab3b8,2015-02-27,11:25:00,EDSA North Ave. Quezon City,0,0,0,0,0,0,0,0,0,0,2015-02-27 19:25,Property,14.65553839,121.0299647,No Collision Stated
None,EDSA,None,None,"No Accident Factor, No Collision Stated (based on Police Blotter Book), 0.0 drivers_injured, 0.0 drivers_killed, 0.0 passengers_injured, 0.0 passengers_killed, 0.0 pedestrian_injured, 0.0 pedestrian_killed, Fair (Night), EDSA ""U"" turn slot, Trinoma Mall Quezon City",MMDA Road Safety Unit,,9843fa32-6561-4062-82fa-a110b1f684cc,2015-02-27,11:20:00,EDSA Corregidor St. Quezon City,0,0,0,0,0,0,0,0,0,0,2015-02-27 19:20,Property,14.65360193,121.0314064,No Collision Stated
None,EDSA,None,None,"No Accident Factor, No Collision Stated (based on Police Blotter Book), 0.0 drivers_injured, 0.0 drivers_killed, 0.0 passengers_injured, 0.0 passengers_killed, 0.0 pedestrian_injured, 0.0 pedestrian_killed, Fair (Night), EDSA P. Tuazon Blvd. Quezon City",MMDA Road Safety Unit,,f44316f5-546b-4744-aec8-613f2fb40295,2015-02-27,10:00:00,EDSA Col. Bonny Serrano Ave. Quezon City,0,0,0,0,0,0,0,0,0,0,2015-02-27 18:00,Property,14.61656342,121.0525225,No Collision Stated