LOCATION_TEXT,ROAD,WEATHER,LIGHT,DESC,REPORTING_AGENCY,MAIN_CAUSE,INCIDENTDETAILS_ID,DATE_UTC,TIME_UTC,ADDRESS,killed_driver,killed_passenger,killed_pedestrian,injured_driver,injured_passenger,injured_pedestrian,killed_uncategorized,injured_uncategorized,killed_total,injured_total,DATETIME_PST,SEVERITY,Y,X,COLLISION_TYPE
None,EDSA,None,None,"No Accident Factor, No Collision Stated (based on Police Blotter Book), 0.0 drivers_injured, 0.0 drivers_killed, 0.0 passengers_injured, 0.0 passengers_killed, 0.0 pedestrian_injured, 0.0 pedestrian_killed, Fair (Day), EDSA Mindanao Ave. Ext. Quezon City",MMDA Road Safety Unit,,c0bb707d-7621-4f49-8fb8-e28ce5c6a28e,2015-02-27,05:20:00,EDSA North Ave. Quezon City,0,0,0,0,0,0,0,0,0,0,2015-02-27 13:20,Property,14.65052386,121.0335656,No Collision Stated
None,EDSA,None,None,"No Accident Factor, Rear-end, 0.0 drivers_injured, 0.0 drivers_killed, 0.0 passengers_injured, 0.0 passengers_killed, 0.0 pedestrian_injured, 0.0 pedestrian_killed, Fair (Day), EDSA Banco De Oro, East Ave. Quezon City",MMDA Road Safety Unit,,aa8aff32-9d60-440c-872c-536f9a2fef76,2015-02-27,03:40:00,"EDSA ETON Centris, Pinyahan Quezon City",0,0,0,0,0,0,0,0,0,0,2015-02-27 11:40,Property,14.63285624,121.0451468,Rear-End
None,EDSA,None,None,"No Accident Factor, No Collision Stated (based on Police Blotter Book), 0.0 drivers_injured, 0.0 drivers_killed, 0.0 passengers_injured, 0.0 passengers_killed, 0.0 pedestrian_injured, 0.0 pedestrian_killed, Fair (Day), EDSA North Ave. Quezon City",MMDA Road Safety Unit,,b59b1149-603e-472d-8ca3-2bb59a24eb2f,2015-02-27,03:00:00,"EDSA ""U"" turn slot, Quezon Ave. Quezon City",0,0,0,0,0,0,0,0,0,0,2015-02-27 11:00,Property,14.65553839,121.0299647,No Collision Stated
None,EDSA,None,None,"No Accident Factor, Side Swipe, 0.0 drivers_injured, 0.0 drivers_killed, 0.0 passengers_injured, 0.0 passengers_killed, 0.0 pedestrian_injured, 0.0 pedestrian_killed, Fair (Day), EDSA ""U"" turn slot, Balintawak Quezon City",MMDA Road Safety Unit,,7b5c40f4-4691-4bba-9265-ee322077ef89,2015-02-27,02:30:00,EDSA North Ave. Quezon City,0,0,0,0,0,0,0,0,0,0,2015-02-27 10:30,Property,14.65748444,121.0075758,Side Swipe
None,EDSA,None,None,"No Accident Factor, No Collision Stated (based on Police Blotter Book), 0.0 drivers_injured, 0.0 drivers_killed, 0.0 passengers_injured, 0.0 passengers_killed, 0.0 pedestrian_injured, 0.0 pedestrian_killed, Fair (Night), EDSA ALPS Liner Bus Terminal Quezon City",MMDA Road Safety Unit,,22edc142-56e0-4117-b1b5-a24c3283dc29,2015-02-26,21:45:00,EDSA MRT-Santolan Station Quezon City,0,0,0,0,0,0,0,0,0,0,2015-02-27 5:45,Property,14.62733952,121.0473505,No Collision Stated
None,EDSA,None,None,"No Accident Factor, No Collision Stated (based on Police Blotter Book), 0.0 drivers_injured, 0.0 drivers_killed, 0.0 passengers_injured, 0.0 passengers_killed, 0.0 pedestrian_injured, 0.0 pedestrian_killed, Fair (Night), EDSA Misamis St. Quezon City",MMDA Road Safety Unit,,2d020853-91dd-4b58-97c4-136339536369,2015-02-26,11:30:00,EDSA Misamis St. Quezon City,0,0,0,0,0,0,0,0,0,0,2015-02-26 19:30,Property,14.65602348,121.0285212,No Collision Stated
None,EDSA,None,None,"No Accident Factor, No Collision Stated (based on Police Blotter Book), 0.0 drivers_injured, 0.0 drivers_killed, 0.0 passengers_injured, 0.0 passengers_killed, 0.0 pedestrian_injured, 0.0 pedestrian_killed, Fair (Day), EDSA ""U"" turn slot, Quezon Ave. Quezon City",MMDA Road Safety Unit,,a5aecc9f-1731-4889-8ad2-034154cb9644,2015-02-26,08:40:00,"EDSA ""U"" turn slot, Trinoma Mall Quezon City",0,0,0,0,0,0,0,0,0,0,2015-02-26 16:40,Property,14.64518409,121.0368843,No Collision Stated
None,EDSA,None,None,"No Accident Factor, Rear-end, 0.0 drivers_injured, 0.0 drivers_killed, 0.0 passengers_injured, 0.0 passengers_killed, 0.0 pedestrian_injured, 0.0 pedestrian_killed, Fair (Day), EDSA P. Tuazon Blvd. Quezon City",MMDA Road Safety Unit,,5fbf39a4-5a4f-4541-b581-b85cb9652396,2015-02-26,05:30:00,EDSA Balintawak Cloverleaf Quezon City,0,0,0,0,0,0,0,0,0,0,2015-02-26 13:30,Property,14.61656342,121.0525225,Rear-End
None,EDSA,None,None,"No Accident Factor, Side Swipe, 1.0 drivers_injured, 0.0 drivers_killed, 0.0 passengers_injured, 0.0 passengers_killed, 0.0 pedestrian_injured, 0.0 pedestrian_killed, Fair (Night), EDSA Corinthian Garden (Gate 2), Ugong Norte Quezon City",MMDA Road Safety Unit,,f9feb947-b322-4039-b12f-d176e7364b3f,2015-02-25,15:00:00,EDSA North Ave. Quezon City,0,0,0,1,0,0,0,0,0,1,2015-02-25 23:00,Injury,14.59580783,121.0595248,Side Swipe
None,EDSA,None,None,"No Accident Factor, No Collision Stated (based on Police Blotter Book), 0.0 drivers_injured, 0.0 drivers_killed, 0.0 passengers_injured, 0.0 passengers_killed, 0.0 pedestrian_injured, 0.0 pedestrian_killed, Fair (Night), EDSA SM North (Annex) Quezon City",MMDA Road Safety Unit,,eee9ec63-ddd8-4b36-8763-609b41edbf67,2015-02-25,11:45:00,EDSA East Ave. (EB) Quezon City,0,0,0,0,0,0,0,0,0,0,2015-02-25 19:45,Property,14.65645143,121.0271077,No Collision Stated
None,EDSA,None,None,"No Accident Factor, Rear-end, 0.0 drivers_injured, 0.0 drivers_killed, 0.0 passengers_injured, 0.0 passengers_killed, 0.0 pedestrian_injured, 0.0 pedestrian_killed, Fair (Night), EDSA Baliwag Liner Bus Terminal Quezon City",MMDA Road Safety Unit,,9886f34b-e2ab-49cc-95c3-2e98dcc9c039,2015-02-25,10:45:00,"EDSA Waltermart, Veterans Quezon City",0,0,0,0,0,0,0,0,0,0,2015-02-25 18:45,Property,14.6244766,121.0489584,Rear-End
None,EDSA,None,None,"No Accident Factor, Angle Impact, 1.0 drivers_injured, 0.0 drivers_killed, 1.0 passengers_injured, 0.0 passengers_killed, 0.0 pedestrian_injured, 0.0 pedestrian_killed, Fair (Day), EDSA Kamias Road Quezon City",MMDA Road Safety Unit,,1cc6cfe5-d3f2-49a5-bc0a-4534899a94ef,2015-02-24,23:55:00,EDSA Monte De Piedad St. Quezon City,0,0,0,1,1,0,0,0,0,2,2015-02-25 7:55,Injury,14.6309142,121.0459376,Angle Impact
None,EDSA,None,None,"No Accident Factor, No Collision Stated (based on Police Blotter Book), 0.0 drivers_injured, 0.0 drivers_killed, 0.0 passengers_injured, 0.0 passengers_killed, 0.0 pedestrian_injured, 0.0 pedestrian_killed, Fair (Day), EDSA Kamias Road Quezon City",MMDA Road Safety Unit,,f4517fbb-4272-4a53-a360-0358a63ce96a,2015-02-24,22:00:00,EDSA North Ave. Quezon City,0,0,0,0,0,0,0,0,0,0,2015-02-25 6:00,Property,14.6309142,121.0459376,No Collision Stated
None,EDSA,None,None,"No Accident Factor, Side Swipe, 0.0 drivers_injured, 0.0 drivers_killed, 0.0 passengers_injured, 0.0 passengers_killed, 0.0 pedestrian_injured, 0.0 pedestrian_killed, Fair (Night), EDSA Cloverleaf, North Luzon Expressway Quezon City",MMDA Road Safety Unit,,19111417-08a9-4e69-9a8a-9b67e9a6780a,2015-02-24,21:00:00,EDSA K-3rd St. Ext. Quezon City,0,0,0,0,0,0,0,0,0,0,2015-02-25 5:00,Property,14.65746606,120.9995951,Side Swipe
None,EDSA,None,None,"No Accident Factor, Rear-end, 0.0 drivers_injured, 0.0 drivers_killed, 0.0 passengers_injured, 0.0 passengers_killed, 0.0 pedestrian_injured, 0.0 pedestrian_killed, Fair (Night), EDSA Col. Bonny Serrano Ave. (EB) Quezon City",MMDA Road Safety Unit,,df59154f-473f-4225-aedb-6c10e12d3fa8,2015-02-24,11:25:00,EDSA P. Tuazon Blvd. Quezon City,0,0,0,0,0,0,0,0,0,0,2015-02-24 19:25,Property,14.61107337,121.0550705,Rear-End
None,EDSA,None,None,"No Accident Factor, Rear-end, 0.0 drivers_injured, 0.0 drivers_killed, 0.0 passengers_injured, 0.0 passengers_killed, 0.0 pedestrian_injured, 0.0 pedestrian_killed, Fair (Day), EDSA Main Ave. Quezon City",MMDA Road Safety Unit,,c51f47da-c867-4c36-ade2-ae9973a7d7a8,2015-02-24,07:05:00,EDSA Ermin Garcia St. Quezon City,0,0,0,0,0,0,0,0,0,0,2015-02-24 15:05,Property,14.61376458,121.0537933,Rear-End
None,EDSA,None,None,"No Accident Factor, Side Swipe, 0.0 drivers_injured, 0.0 drivers_killed, 0.0 passengers_injured, 0.0 passengers_killed, 0.0 pedestrian_injured, 0.0 pedestrian_killed, Fair (Day), EDSA Col. Bonny Serrano Ave. Quezon City",MMDA Road Safety Unit,,d91f5813-69bd-4f6e-b6d2-6dced3268b14,2015-02-23,23:00:00,EDSA Congressional Ave. Quezon City,0,0,0,0,0,0,0,0,0,0,2015-02-24 7:00,Property,14.61107337,121.0550705,Side Swipe
None,EDSA,None,None,"No Accident Factor, Side Swipe, 0.0 drivers_injured, 0.0 drivers_killed, 0.0 passengers_injured, 0.0 passengers_killed, 0.0 pedestrian_injured, 0.0 pedestrian_killed, Fair (Day), EDSA Cloverleaf Road Quezon City",MMDA Road Safety Unit,,1d214043-c68c-4118-b3f3-5f00b22aa199,2015-02-23,22:30:00,EDSA P. Tuazon Blvd. Quezon City,0,0,0,0,0,0,0,0,0,0,2015-02-24 6:30,Property,14.65747901,121.0011914,Side Swipe
None,EDSA,None,None,"No Accident Factor, Rear-end, 0.0 drivers_injured, 0.0 drivers_killed, 0.0 passengers_injured, 0.0 passengers_killed, 0.0 pedestrian_injured, 0.0 pedestrian_killed, Fair (Day), EDSA Kamias Road Quezon City",MMDA Road Safety Unit,,064e9a51-6245-42a5-a11a-329f4bff45f7,2015-02-23,22:00:00,EDSA P. Tuazon Blvd. Quezon City,0,0,0,0,0,0,0,0,0,0,2015-02-24 6:00,Property,14.6309142,121.0459376,Rear-End
None,EDSA,None,None,"No Accident Factor, No Collision Stated (based on Police Blotter Book), 0.0 drivers_injured, 0.0 drivers_killed, 0.0 passengers_injured, 0.0 passengers_killed, 0.0 pedestrian_injured, 0.0 pedestrian_killed, Fair (Night), EDSA Aurora Blvd. Quezon City",MMDA Road Safety Unit,,8af2c582-37fb-4621-9bda-01623962a779,2015-02-23,15:15:00,"EDSA ""U"" turn slot, Fema Road Quezon City",0,0,0,0,0,0,0,0,0,0,2015-02-23 23:15,Property,14.62163653,121.0501573,No Collision Stated
None,EDSA,None,None,"No Accident Factor, Side Swipe, 0.0 drivers_injured, 0.0 drivers_killed, 0.0 passengers_injured, 0.0 passengers_killed, 0.0 pedestrian_injured, 0.0 pedestrian_killed, Fair (Night), EDSA East Ave. Quezon City",MMDA Road Safety Unit,,b1f1acc4-2dc3-46d3-87d6-6e259d54a203,2015-02-23,14:05:00,EDSA Balintawak Market Quezon City,0,0,0,0,0,0,0,0,0,0,2015-02-23 22:05,Property,14.6328297,121.0451176,Side Swipe
None,EDSA,None,None,"No Accident Factor, Side Swipe, 0.0 drivers_injured, 0.0 drivers_killed, 0.0 passengers_injured, 0.0 passengers_killed, 0.0 pedestrian_injured, 0.0 pedestrian_killed, Fair (Day), EDSA Col. Bonny Serrano Ave. Quezon City",MMDA Road Safety Unit,,b3c53d84-57c3-49a5-87ff-f23cb73bc704,2015-02-23,08:30:00,EDSA P. Bernardo St. Quezon City,0,0,0,0,0,0,0,0,0,0,2015-02-23 16:30,Property,14.61107337,121.0550705,Side Swipe
None,EDSA,None,None,"No Accident Factor, Side Swipe, 1.0 drivers_injured, 0.0 drivers_killed, 0.0 passengers_injured, 0.0 passengers_killed, 0.0 pedestrian_injured, 0.0 pedestrian_killed, Fair (Day), EDSA East Ave. Quezon City",MMDA Road Safety Unit,,a91d6ca9-117b-4b89-8cd3-fefa6ce64d0a,2015-02-23,08:25:00,EDSA West Ave. Quezon City,0,0,0,1,0,0,0,0,0,1,2015-02-23 16:25,Injury,14.6328297,121.0451176,Side Swipe
None,EDSA,None,None,"No Accident Factor, Rear-end, 0.0 drivers_injured, 0.0 drivers_killed, 0.0 passengers_injured, 0.0 passengers_killed, 0.0 pedestrian_injured, 0.0 pedestrian_killed, Fair (Day), EDSA MRT-Santolan Station, Socorro Quezon City",MMDA Road Safety Unit,,f8375429-b1ae-4645-a509-2659ebbedc3f,2015-02-23,08:05:00,EDSA Col. Bonny Serrano Ave. Quezon City,0,0,0,0,0,0,0,0,0,0,2015-02-23 16:05,Property,14.60772541,121.056443,Rear-End
None,EDSA,None,None,"No Accident Factor, No Collision Stated (based on Police Blotter Book), 0.0 drivers_injured, 0.0 drivers_killed, 0.0 passengers_injured, 0.0 passengers_killed, 0.0 pedestrian_injured, 0.0 pedestrian_killed, Fair (Day), EDSA Timog Ave. Quezon City",MMDA Road Safety Unit,,8949bec5-904c-41d6-80d8-f0ed786797ab,2015-02-22,23:30:00,EDSA Waltermart Loading Bay Quezon City,0,0,0,0,0,0,0,0,0,0,2015-02-23 7:30,Property,14.63293559,121.0446304,No Collision Stated
None,EDSA,None,None,"No Accident Factor, Rear-end, 0.0 drivers_injured, 0.0 drivers_killed, 0.0 passengers_injured, 0.0 passengers_killed, 0.0 pedestrian_injured, 0.0 pedestrian_killed, Fair (Night), EDSA Col. Bonny Serrano Ave. Quezon City",MMDA Road Safety Unit,,9fe1dbc6-a055-41bb-9e4b-5a3d4fa9ecc7,2015-02-22,15:30:00,"EDSA Shell Gas Station, Katipu Quezon City",0,0,0,0,0,0,0,0,0,0,2015-02-22 23:30,Property,14.61107337,121.0550705,Rear-End
None,EDSA,None,None,"No Accident Factor, No Collision Stated (based on Police Blotter Book), 0.0 drivers_injured, 0.0 drivers_killed, 0.0 passengers_injured, 0.0 passengers_killed, 0.0 pedestrian_injured, 0.0 pedestrian_killed, Fair (Day), EDSA Corregidor St. Quezon City",MMDA Road Safety Unit,,a5bb2077-06ba-4c1c-97ec-1099c129bb71,2015-02-22,01:15:00,"EDSA UNTV, Phil-Am Quezon City",0,0,0,0,0,0,0,0,0,0,2015-02-22 9:15,Property,14.65707679,121.0241648,No Collision Stated
None,EDSA,None,None,"No Accident Factor, Side Swipe, 0.0 drivers_injured, 0.0 drivers_killed, 0.0 passengers_injured, 0.0 passengers_killed, 0.0 pedestrian_injured, 0.0 pedestrian_killed, Fair (Night), EDSA Jac Liner Bus Terminal, Mapagmahal St. Quezon City",MMDA Road Safety Unit,,084f89d7-3c10-4e90-8305-2eef1b5df05e,2015-02-21,16:00:00,"EDSA ""U"" turn slot, MRT-? Station Quezon City",0,0,0,0,0,0,0,0,0,0,2015-02-22,Property,14.63162939,121.0456857,Side Swipe
None,EDSA,None,None,"No Accident Factor, Side Swipe, 0.0 drivers_injured, 0.0 drivers_killed, 0.0 passengers_injured, 0.0 passengers_killed, 0.0 pedestrian_injured, 0.0 pedestrian_killed, Fair (Night), EDSA Baliwag Liner Bus Terminal Quezon City",MMDA Road Safety Unit,,96c83d24-9445-48b2-b549-d393dfc17839,2015-02-21,13:25:00,EDSA Balintawak Cloverleaf Quezon City,0,0,0,0,0,0,0,0,0,0,2015-02-21 21:25,Property,14.6244766,121.0489584,Side Swipe
None,EDSA,None,None,"No Accident Factor, Side Swipe, 0.0 drivers_injured, 0.0 drivers_killed, 0.0 passengers_injured, 0.0 passengers_killed, 0.0 pedestrian_injured, 0.0 pedestrian_killed, Fair (Night), EDSA New York St. Quezon City",MMDA Road Safety Unit,,ef263673-b8b4-480e-81f6-384efaa7dd21,2015-02-21,12:50:00,EDSA Main Ave. Quezon City,0,0,0,0,0,0,0,0,0,0,2015-02-21 20:50,Property,14.62568514,121.0482307,Side Swipe
None,EDSA,None,None,"No Accident Factor, Side Swipe, 0.0 drivers_injured, 0.0 drivers_killed, 0.0 passengers_injured, 0.0 passengers_killed, 0.0 pedestrian_injured, 0.0 pedestrian_killed, Fair (Day), EDSA East Ave. Quezon City",MMDA Road Safety Unit,,f5877fba-9d01-4346-a6c8-4f05eb4898a8,2015-02-21,08:15:00,EDSA K-3rd St. Ext. Quezon City,0,0,0,0,0,0,0,0,0,0,2015-02-21 16:15,Property,14.6328297,121.0451176,Side Swipe
None,EDSA,None,None,"No Accident Factor, Multiple Collision, 0.0 drivers_injured, 0.0 drivers_killed, 0.0 passengers_injured, 0.0 passengers_killed, 0.0 pedestrian_injured, 0.0 pedestrian_killed, Fair (Day), EDSA North Ave. Quezon City",MMDA Road Safety Unit,,e34ed592-73be-458b-afab-17e99ef1c2da,2015-02-21,07:30:00,"EDSA SM North, Bagong Pag-asa Quezon City",0,0,0,0,0,0,0,0,0,0,2015-02-21 15:30,Property,14.65553839,121.0299647,Multiple
None,EDSA,None,None,"No Accident Factor, No Collision Stated (based on Police Blotter Book), 0.0 drivers_injured, 0.0 drivers_killed, 0.0 passengers_injured, 0.0 passengers_killed, 0.0 pedestrian_injured, 0.0 pedestrian_killed, Fair (Day), EDSA Congressional Ave. Quezon City",MMDA Road Safety Unit,,2b85bc01-935d-4832-a826-bae5ee0f05f4,2015-02-21,06:15:00,"EDSA ""U"" turn slot, SM North Quezon City",0,0,0,0,0,0,0,0,0,0,2015-02-21 14:15,Property,14.6571804,120.9927185,No Collision Stated
None,EDSA,None,None,"No Accident Factor, Multiple Collision, 0.0 drivers_injured, 0.0 drivers_killed, 0.0 passengers_injured, 0.0 passengers_killed, 0.0 pedestrian_injured, 0.0 pedestrian_killed, Fair (Day), EDSA Ortigas Ave. Quezon City",MMDA Road Safety Unit,,e59f4d0c-a8e1-4002-98a4-aeb0506cc637,2015-02-21,05:00:00,EDSA MRT-Balintawak Station Quezon City,0,0,0,0,0,0,0,0,0,0,2015-02-21 13:00,Property,14.59335253,121.0584107,Multiple
None,EDSA,None,None,"No Accident Factor, Side Swipe, 0.0 drivers_injured, 0.0 drivers_killed, 0.0 passengers_injured, 0.0 passengers_killed, 0.0 pedestrian_injured, 0.0 pedestrian_killed, Fair (Day), EDSA ""U"" turn slot, Puregold Quezon City",MMDA Road Safety Unit,,e3c9c0ed-97fd-4721-9e35-fe9f1e0dfaca,2015-02-21,02:30:00,EDSA Camp Crame Quezon City,0,0,0,0,0,0,0,0,0,0,2015-02-21 10:30,Property,14.65752928,121.0074869,Side Swipe
None,EDSA,None,None,"No Accident Factor, Side Swipe, 0.0 drivers_injured, 0.0 drivers_killed, 0.0 passengers_injured, 0.0 passengers_killed, 0.0 pedestrian_injured, 0.0 pedestrian_killed, Fair (Day), EDSA North Ave. Quezon City",MMDA Road Safety Unit,,01ec64e1-416f-4b8c-9cb0-cd41bec12641,2015-02-20,05:20:00,EDSA Mindanao Ave. Ext. Quezon City,0,0,0,0,0,0,0,0,0,0,2015-02-20 13:20,Property,14.65553839,121.0299647,Side Swipe
None,EDSA,None,None,"No Accident Factor, Side Swipe, 0.0 drivers_injured, 0.0 drivers_killed, 0.0 passengers_injured, 0.0 passengers_killed, 0.0 pedestrian_injured, 0.0 pedestrian_killed, Fair (Night), EDSA Col. Bonny Serrano Ave. Quezon City",MMDA Road Safety Unit,,006e5706-78b7-4037-b06a-51f306f9f35b,2015-02-19,20:30:00,"EDSA SM North, Bagong Pag-asa Quezon City",0,0,0,0,0,0,0,0,0,0,2015-02-20 4:30,Property,14.61107337,121.0550705,Side Swipe
None,EDSA,None,None,"No Accident Factor, No Collision Stated (based on Police Blotter Book), 0.0 drivers_injured, 0.0 drivers_killed, 0.0 passengers_injured, 0.0 passengers_killed, 0.0 pedestrian_injured, 0.0 pedestrian_killed, Fair (Night), EDSA ""U"" turn slot, MRT-North Ave. Station Quezon City",MMDA Road Safety Unit,,461fff77-6613-4735-8a1f-89d17962ad8c,2015-02-19,11:00:00,"EDSA SM North, Bagong Pag-asa Quezon City",0,0,0,0,0,0,0,0,0,0,2015-02-19 19:00,Property,14.65358965,121.0313672,No Collision Stated
None,EDSA,None,None,"No Accident Factor, Rear-end, 0.0 drivers_injured, 0.0 drivers_killed, 0.0 passengers_injured, 0.0 passengers_killed, 0.0 pedestrian_injured, 0.0 pedestrian_killed, Fair (Day), EDSA MRT-North Ave. Station, Phil-Am Quezon City",MMDA Road Safety Unit,,f76292cf-3c05-4760-8cc9-c7669dd1c842,2015-02-19,07:30:00,EDSA West Ave. Quezon City,0,0,0,0,0,0,0,0,0,0,2015-02-19 15:30,Property,14.65223956,121.0323125,Rear-End
None,EDSA,None,None,"No Accident Factor, Side Swipe, 0.0 drivers_injured, 0.0 drivers_killed, 0.0 passengers_injured, 0.0 passengers_killed, 0.0 pedestrian_injured, 0.0 pedestrian_killed, Fair (Day), EDSA ""U"" turn slot, West Ave. Quezon City",MMDA Road Safety Unit,,e8040a99-bb18-45ff-94a6-73728d6522f0,2015-02-19,05:40:00,EDSA Timog Ave. Quezon City,0,0,0,0,0,0,0,0,0,0,2015-02-19 13:40,Property,14.65572501,121.0294153,Side Swipe
None,EDSA,None,None,"No Accident Factor, Side Swipe, 0.0 drivers_injured, 0.0 drivers_killed, 0.0 passengers_injured, 0.0 passengers_killed, 0.0 pedestrian_injured, 0.0 pedestrian_killed, Fair (Day), EDSA ""U"" turn slot, West Ave. Quezon City",MMDA Road Safety Unit,,04a0be0c-4bd0-47cb-b23e-c9dd4e21f2a5,2015-02-19,04:15:00,EDSA Congressional Ave. Quezon City,0,0,0,0,0,0,0,0,0,0,2015-02-19 12:15,Property,14.65572501,121.0294153,Side Swipe
None,EDSA,None,None,"No Accident Factor, Rear-end, 0.0 drivers_injured, 0.0 drivers_killed, 0.0 passengers_injured, 0.0 passengers_killed, 0.0 pedestrian_injured, 0.0 pedestrian_killed, Fair (Day), EDSA Timog Ave. Quezon City",MMDA Road Safety Unit,,7bb30908-58e3-4a2e-8b18-e215a33eb030,2015-02-19,02:00:00,EDSA East Ave. Quezon City,0,0,0,0,0,0,0,0,0,0,2015-02-19 10:00,Property,14.63293559,121.0446304,Rear-End
None,EDSA,None,None,"No Accident Factor, No Collision Stated (based on Police Blotter Book), 0.0 drivers_injured, 0.0 drivers_killed, 0.0 passengers_injured, 0.0 passengers_killed, 0.0 pedestrian_injured, 0.0 pedestrian_killed, Fair (Night), EDSA Timog Ave. Quezon City",MMDA Road Safety Unit,,c0dde537-d286-4694-9126-de8f359c7363,2015-02-18,19:30:00,EDSA West Ave. Quezon City,0,0,0,0,0,0,0,0,0,0,2015-02-19 3:30,Property,14.63293559,121.0446304,No Collision Stated
None,EDSA,None,None,"Human Error, Hit Object (Barrier-Concrete), 0.0 drivers_injured, 0.0 drivers_killed, 0.0 passengers_injured, 0.0 passengers_killed, 0.0 pedestrian_injured, 0.0 pedestrian_killed, Fair (Night), EDSA Jac Liner Bus Terminal, Mapagmahal St. Quezon City",MMDA Road Safety Unit,,227feba9-0d94-4cf5-b2c9-36b6f34d2b94,2015-02-18,17:45:00,EDSA Quezon Ave. Quezon City,0,0,0,0,0,0,0,0,0,0,2015-02-19 1:45,Property,14.63185311,121.04548,Hit Object
None,EDSA,None,None,"No Accident Factor, Side Swipe, 0.0 drivers_injured, 0.0 drivers_killed, 0.0 passengers_injured, 0.0 passengers_killed, 0.0 pedestrian_injured, 0.0 pedestrian_killed, Fair (Night), EDSA Kamias Road Quezon City",MMDA Road Safety Unit,,c81fe848-3d95-40f4-aba8-35890d853485,2015-02-18,17:40:00,EDSA Panay Ave. Quezon City,0,0,0,0,0,0,0,0,0,0,2015-02-19 1:40,Property,14.6309142,121.0459376,Side Swipe
None,EDSA,None,None,"No Accident Factor, No Collision Stated (based on Police Blotter Book), 0.0 drivers_injured, 0.0 drivers_killed, 0.0 passengers_injured, 0.0 passengers_killed, 0.0 pedestrian_injured, 0.0 pedestrian_killed, Fair (Night), EDSA Aurora Blvd. Quezon City",MMDA Road Safety Unit,,3d480fd8-3f3b-4cfc-be91-ef6ba3c436bf,2015-02-18,14:30:00,"EDSA ""U"" turn slot, Philam Quezon City",0,0,0,0,0,0,0,0,0,0,2015-02-18 22:30,Property,14.62163653,121.0501573,No Collision Stated
None,EDSA,None,None,"No Accident Factor, No Collision Stated (based on Police Blotter Book), 0.0 drivers_injured, 0.0 drivers_killed, 0.0 passengers_injured, 0.0 passengers_killed, 0.0 pedestrian_injured, 0.0 pedestrian_killed, Fair (Night), EDSA Corregidor St. Quezon City",MMDA Road Safety Unit,,94e97e33-be5a-4631-86d0-5c4cc08808a7,2015-02-18,11:50:00,EDSA Misamis St. Quezon City,0,0,0,0,0,0,0,0,0,0,2015-02-18 19:50,Property,14.65707679,121.0241648,No Collision Stated
None,EDSA,None,None,"No Accident Factor, No Collision Stated (based on Police Blotter Book), 0.0 drivers_injured, 0.0 drivers_killed, 0.0 passengers_injured, 0.0 passengers_killed, 0.0 pedestrian_injured, 0.0 pedestrian_killed, Fair (Day), EDSA Quezon Ave. Quezon City",MMDA Road Safety Unit,,929a6a5c-21e9-48a8-8fee-3f845dd0402a,2015-02-18,05:50:00,"EDSA Mercury Drugstore, Kamias Road Quezon City",0,0,0,0,0,0,0,0,0,0,2015-02-18 13:50,Property,14.6442444,121.0375839,No Collision Stated
None,EDSA,None,None,"No Accident Factor, No Collision Stated (based on Police Blotter Book), 0.0 drivers_injured, 0.0 drivers_killed, 0.0 passengers_injured, 0.0 passengers_killed, 0.0 pedestrian_injured, 0.0 pedestrian_killed, Fair (Day), EDSA Quezon Ave. Quezon City",MMDA Road Safety Unit,,beb80ce3-b70e-4381-b64c-cc435f59002c,2015-02-18,03:25:00,EDSA Kamias Quezon City,0,0,0,0,0,0,0,0,0,0,2015-02-18 11:25,Property,14.6442444,121.0375839,No Collision Stated
None,EDSA,None,None,"No Accident Factor, No Collision Stated (based on Police Blotter Book), 0.0 drivers_injured, 0.0 drivers_killed, 0.0 passengers_injured, 0.0 passengers_killed, 0.0 pedestrian_injured, 0.0 pedestrian_killed, Fair (Night), EDSA ""U"" turn slot, Congressional Ave. Quezon City",MMDA Road Safety Unit,,e1079d5e-cbf0-4197-b989-e9fe1202e44f,2015-02-17,11:30:00,EDSA Balintawak Market Quezon City,0,0,0,0,0,0,0,0,0,0,2015-02-17 19:30,Property,14.65765157,121.0196368,No Collision Stated
None,EDSA,None,None,"No Accident Factor, Angle Impact, 1.0 drivers_injured, 0.0 drivers_killed, 0.0 passengers_injured, 0.0 passengers_killed, 0.0 pedestrian_injured, 0.0 pedestrian_killed, Fair (Day), EDSA Corinthian Garden Quezon City",MMDA Road Safety Unit,,19814b6a-55f0-4aa2-abd8-f1b1883f5ff9,2015-02-17,08:30:00,EDSA East Ave. Quezon City,0,0,0,1,0,0,0,0,0,1,2015-02-17 16:30,Injury,14.59580783,121.0595248,Angle Impact
None,EDSA,None,None,"No Accident Factor, Side Swipe, 0.0 drivers_injured, 0.0 drivers_killed, 0.0 passengers_injured, 0.0 passengers_killed, 0.0 pedestrian_injured, 0.0 pedestrian_killed, Fair (Day), EDSA P. Tuazon Blvd. Quezon City",MMDA Road Safety Unit,,fcb88a3c-1432-4b86-a415-3f32151226be,2015-02-17,03:15:00,EDSA Misamis St. Quezon City,0,0,0,0,0,0,0,0,0,0,2015-02-17 11:15,Property,14.61656342,121.0525225,Side Swipe