LOCATION_TEXT,ROAD,WEATHER,LIGHT,DESC,REPORTING_AGENCY,MAIN_CAUSE,INCIDENTDETAILS_ID,DATE_UTC,TIME_UTC,ADDRESS,killed_driver,killed_passenger,killed_pedestrian,injured_driver,injured_passenger,injured_pedestrian,killed_uncategorized,injured_uncategorized,killed_total,injured_total,DATETIME_PST,SEVERITY,Y,X,COLLISION_TYPE
None,EDSA,None,None,"No Accident Factor, No Collision Stated (based on Police Blotter Book), 0.0 drivers_injured, 0.0 drivers_killed, 0.0 passengers_injured, 0.0 passengers_killed, 0.0 pedestrian_injured, 0.0 pedestrian_killed, Fair (Day), EDSA South Road Quezon City",MMDA Road Safety Unit,,55150b79-2542-4e88-891b-965bca95eea8,2015-02-16,22:35:00,EDSA Aurora Blvd. Quezon City,0,0,0,0,0,0,0,0,0,0,2015-02-17 6:35,Property,14.61321318,121.053905,No Collision Stated
None,EDSA,None,None,"No Accident Factor, No Collision Stated (based on Police Blotter Book), 0.0 drivers_injured, 0.0 drivers_killed, 0.0 passengers_injured, 0.0 passengers_killed, 0.0 pedestrian_injured, 0.0 pedestrian_killed, Fair (Night), EDSA Aurora Blvd. Quezon City",MMDA Road Safety Unit,,885022d7-2324-43e8-ac26-d599fb943d35,2015-02-16,10:30:00,EDSA P. Tuazon Blvd. Quezon City,0,0,0,0,0,0,0,0,0,0,2015-02-16 18:30,Property,14.62163653,121.0501573,No Collision Stated
None,EDSA,None,None,"No Accident Factor, No Collision Stated (based on Police Blotter Book), 0.0 drivers_injured, 0.0 drivers_killed, 0.0 passengers_injured, 0.0 passengers_killed, 0.0 pedestrian_injured, 0.0 pedestrian_killed, Fair (Day), EDSA Quezon Ave. Quezon City",MMDA Road Safety Unit,,9267b96e-6c40-42d7-be57-12456b2bd8d1,2015-02-16,05:15:00,"EDSA Wilcon Depot, Apolonio Quezon City",0,0,0,0,0,0,0,0,0,0,2015-02-16 13:15,Property,14.6442444,121.0375839,No Collision Stated
None,EDSA,None,None,"No Accident Factor, Rear-end, 0.0 drivers_injured, 0.0 drivers_killed, 0.0 passengers_injured, 0.0 passengers_killed, 0.0 pedestrian_injured, 0.0 pedestrian_killed, Fair (Day), EDSA South Road Quezon City",MMDA Road Safety Unit,,13957cce-e588-4a88-a0e2-b8657fa950e7,2015-02-16,04:15:00,EDSA New York St. Quezon City,0,0,0,0,0,0,0,0,0,0,2015-02-16 12:15,Property,14.61321318,121.053905,Rear-End
None,EDSA,None,None,"No Accident Factor, Self-Accident, 0.0 drivers_injured, 0.0 drivers_killed, 0.0 passengers_injured, 0.0 passengers_killed, 0.0 pedestrian_injured, 0.0 pedestrian_killed, Fair (Night), EDSA Fema Road Quezon City",MMDA Road Safety Unit,,7e050d05-b337-4602-8bd1-25ca3beffda8,2015-02-15,15:30:00,EDSA Trinoma Mall Quezon City,0,0,0,0,0,0,0,0,0,0,2015-02-15 23:30,Property,14.65776837,121.0159521,Self-Accident
None,EDSA,None,None,"No Accident Factor, Rear-end, 0.0 drivers_injured, 0.0 drivers_killed, 0.0 passengers_injured, 0.0 passengers_killed, 0.0 pedestrian_injured, 0.0 pedestrian_killed, Fair (Night), EDSA P. Tuazon Blvd. Quezon City",MMDA Road Safety Unit,,921dd2db-fa6c-47a5-84b7-454c9553cdee,2015-02-15,11:30:00,EDSA Ermin Garcia St. Quezon City,0,0,0,0,0,0,0,0,0,0,2015-02-15 19:30,Property,14.61656342,121.0525225,Rear-End
None,EDSA,None,None,"No Accident Factor, Head-on, 0.0 drivers_injured, 0.0 drivers_killed, 0.0 passengers_injured, 0.0 passengers_killed, 0.0 pedestrian_injured, 0.0 pedestrian_killed, Fair (Day), EDSA Kamias Road Quezon City",MMDA Road Safety Unit,,d3ef73a5-b0ac-4073-b3c3-48f1338667d6,2015-02-15,03:30:00,EDSA Corregidor St. Quezon City,0,0,0,0,0,0,0,0,0,0,2015-02-15 11:30,Property,14.6309142,121.0459376,Head-On
None,EDSA,None,None,"No Accident Factor, Angle Impact, 0.0 drivers_injured, 0.0 drivers_killed, 0.0 passengers_injured, 0.0 passengers_killed, 0.0 pedestrian_injured, 0.0 pedestrian_killed, Fair (Day), EDSA Col. Bonny Serrano Ave. Quezon City",MMDA Road Safety Unit,,347cd504-565d-4e12-9f01-0a40c7f64c8c,2015-02-15,02:10:00,EDSA SM North (Annex) Quezon City,0,0,0,0,0,0,0,0,0,0,2015-02-15 10:10,Property,14.61107337,121.0550705,Angle Impact
None,EDSA,None,None,"No Accident Factor, No Collision Stated (based on Police Blotter Book), 1.0 drivers_injured, 0.0 drivers_killed, 0.0 passengers_injured, 0.0 passengers_killed, 0.0 pedestrian_injured, 0.0 pedestrian_killed, Fair (Day), EDSA Seminary Road Quezon City",MMDA Road Safety Unit,,443bd63e-9f2a-450b-9952-7d1b800bed5d,2015-02-14,23:20:00,EDSA Ermin Garcia St. Quezon City,0,0,0,1,0,0,0,0,0,1,2015-02-15 7:20,Injury,14.65776066,121.0173978,No Collision Stated
None,EDSA,None,None,"No Accident Factor, Rear-end, 0.0 drivers_injured, 0.0 drivers_killed, 0.0 passengers_injured, 0.0 passengers_killed, 0.0 pedestrian_injured, 0.0 pedestrian_killed, Fair (Day), EDSA E. Rodriguez Quezon City",MMDA Road Safety Unit,,fcb9474a-c5e9-4955-aa50-20294f79d67d,2015-02-14,23:15:00,EDSA Main Ave. Quezon City,0,0,0,0,0,0,0,0,0,0,2015-02-15 7:15,Property,14.62161086,121.0499463,Rear-End
None,EDSA,None,None,"No Accident Factor, No Collision Stated (based on Police Blotter Book), 0.0 drivers_injured, 0.0 drivers_killed, 0.0 passengers_injured, 0.0 passengers_killed, 0.0 pedestrian_injured, 0.0 pedestrian_killed, Fair (Day), EDSA Camp Aguinaldo Quezon City",MMDA Road Safety Unit,,6de3e51b-a5d0-4a93-a06d-a2e0b540a7a8,2015-02-14,23:10:00,EDSA Mindanao Ave. Ext. Quezon City,0,0,0,0,0,0,0,0,0,0,2015-02-15 7:10,Property,14.60818699,121.0564562,No Collision Stated
None,EDSA,None,None,"No Accident Factor, No Collision Stated (based on Police Blotter Book), 0.0 drivers_injured, 0.0 drivers_killed, 0.0 passengers_injured, 0.0 passengers_killed, 0.0 pedestrian_injured, 0.0 pedestrian_killed, Fair (Night), EDSA SM North (Annex) Quezon City",MMDA Road Safety Unit,,0e999bbd-4427-4031-b485-d597bca39c79,2015-02-14,15:00:00,EDSA North Ave. Quezon City,0,0,0,0,0,0,0,0,0,0,2015-02-14 23:00,Property,14.65645143,121.0271077,No Collision Stated
None,EDSA,None,None,"No Accident Factor, Angle Impact, 0.0 drivers_injured, 0.0 drivers_killed, 0.0 passengers_injured, 0.0 passengers_killed, 0.0 pedestrian_injured, 0.0 pedestrian_killed, Fair (Night), EDSA Liberty Ave. Quezon City",MMDA Road Safety Unit,,2851f96f-6c25-4e94-a71f-8a7fca96764d,2015-02-14,14:10:00,EDSA Aurora Blvd. Quezon City,0,0,0,0,0,0,0,0,0,0,2015-02-14 22:10,Property,14.61201463,121.0547211,Angle Impact
None,EDSA,None,None,"No Accident Factor, No Collision Stated (based on Police Blotter Book), 0.0 drivers_injured, 0.0 drivers_killed, 0.0 passengers_injured, 0.0 passengers_killed, 0.0 pedestrian_injured, 0.0 pedestrian_killed, Fair (Day), EDSA Kamuning Road Quezon City",MMDA Road Safety Unit,,7bf90a54-25b5-4640-84ff-b7b9a273526f,2015-02-14,09:50:00,EDSA Monte De Piedad St. Quezon City,0,0,0,0,0,0,0,0,0,0,2015-02-14 17:50,Property,14.63075725,121.0457548,No Collision Stated
None,EDSA,None,None,"No Accident Factor, No Collision Stated (based on Police Blotter Book), 0.0 drivers_injured, 0.0 drivers_killed, 0.0 passengers_injured, 0.0 passengers_killed, 0.0 pedestrian_injured, 0.0 pedestrian_killed, Fair (Day), EDSA Banahaw St. Quezon City",MMDA Road Safety Unit,,8b8e5c6e-ad82-40e9-91a2-d2dee1de5b8c,2015-02-14,07:00:00,EDSA Trinoma Mall Quezon City,0,0,0,0,0,0,0,0,0,0,2015-02-14 15:00,Property,14.61797303,121.0516572,No Collision Stated
None,EDSA,None,None,"No Accident Factor, Rear-end, 0.0 drivers_injured, 0.0 drivers_killed, 0.0 passengers_injured, 0.0 passengers_killed, 0.0 pedestrian_injured, 0.0 pedestrian_killed, Fair (Night), EDSA Quezon Ave. Quezon City",MMDA Road Safety Unit,,ea6bbef1-7bc3-4e40-8fdf-8a681af1e19f,2015-02-13,15:00:00,EDSA Aurora Blvd. Quezon City,0,0,0,0,0,0,0,0,0,0,2015-02-13 23:00,Property,14.6442444,121.0375839,Rear-End
None,EDSA,None,None,"No Accident Factor, No Collision Stated (based on Police Blotter Book), 0.0 drivers_injured, 0.0 drivers_killed, 0.0 passengers_injured, 0.0 passengers_killed, 0.0 pedestrian_injured, 0.0 pedestrian_killed, Fair (Night), EDSA North Ave. Quezon City",MMDA Road Safety Unit,,3c1d02f1-4e6b-472d-8901-f166f1b34b2a,2015-02-13,13:10:00,EDSA Timog Ave. Quezon City,0,0,0,0,0,0,0,0,0,0,2015-02-13 21:10,Property,14.65553839,121.0299647,No Collision Stated
None,EDSA,None,None,"No Accident Factor, Angle Impact, 0.0 drivers_injured, 0.0 drivers_killed, 0.0 passengers_injured, 0.0 passengers_killed, 0.0 pedestrian_injured, 0.0 pedestrian_killed, Fair (Night), EDSA Gen. Roxas Ave. Quezon City",MMDA Road Safety Unit,,2f985202-1e4a-4238-a04f-cf33683cdfbb,2015-02-13,12:55:00,EDSA East Ave. Quezon City,0,0,0,0,0,0,0,0,0,0,2015-02-13 20:55,Property,14.62042254,121.0508064,Angle Impact
None,EDSA,None,None,"No Accident Factor, Rear-end, 0.0 drivers_injured, 0.0 drivers_killed, 0.0 passengers_injured, 0.0 passengers_killed, 0.0 pedestrian_injured, 0.0 pedestrian_killed, Fair (Night), EDSA New York St. Quezon City",MMDA Road Safety Unit,,6ce90c05-818d-4945-afa4-8f3c30cd9fe2,2015-02-13,12:35:00,EDSA Aurora Blvd. Quezon City,0,0,0,0,0,0,0,0,0,0,2015-02-13 20:35,Property,14.62568514,121.0482307,Rear-End
None,EDSA,None,None,"No Accident Factor, Rear-end, 0.0 drivers_injured, 0.0 drivers_killed, 0.0 passengers_injured, 0.0 passengers_killed, 0.0 pedestrian_injured, 0.0 pedestrian_killed, Fair (Night), EDSA Col. Bonny Serrano Ave. Quezon City",MMDA Road Safety Unit,,5f79f637-0a59-4d52-9df4-80b4b3f3a7ba,2015-02-13,11:20:00,"EDSA East Ave., Pinyahan Quezon City",0,0,0,0,0,0,0,0,0,0,2015-02-13 19:20,Property,14.61107337,121.0550705,Rear-End
None,EDSA,None,None,"No Accident Factor, Side Swipe, 0.0 drivers_injured, 0.0 drivers_killed, 0.0 passengers_injured, 0.0 passengers_killed, 0.0 pedestrian_injured, 0.0 pedestrian_killed, Fair (Night), EDSA Bernardo Park, Kamuning Quezon City",MMDA Road Safety Unit,,369b841d-da2e-48a6-8e77-9db81fed96fd,2015-02-13,10:50:00,"EDSA Main Ave., Bagong Lipu ng Crame Quezon City",0,0,0,0,0,0,0,0,0,0,2015-02-13 18:50,Property,14.62896149,121.046597,Side Swipe
None,EDSA,None,None,"No Accident Factor, No Collision Stated (based on Police Blotter Book), 0.0 drivers_injured, 0.0 drivers_killed, 0.0 passengers_injured, 0.0 passengers_killed, 0.0 pedestrian_injured, 0.0 pedestrian_killed, Fair (Day), EDSA Quezon Ave. Quezon City",MMDA Road Safety Unit,,ac788f50-e64a-4957-8204-cc39e757829b,2015-02-13,08:00:00,EDSA Scout Borromeo St. Quezon City,0,0,0,0,0,0,0,0,0,0,2015-02-13 16:00,Property,14.6442444,121.0375839,No Collision Stated
None,EDSA,None,None,"No Accident Factor, Rear-end, 0.0 drivers_injured, 0.0 drivers_killed, 0.0 passengers_injured, 0.0 passengers_killed, 0.0 pedestrian_injured, 0.0 pedestrian_killed, Fair (Day), EDSA Cloverleaf Road Quezon City",MMDA Road Safety Unit,,7e03ab8e-9976-4479-b6fc-23662e1ea7ff,2015-02-13,07:45:00,EDSA Balintawak Market Quezon City,0,0,0,0,0,0,0,0,0,0,2015-02-13 15:45,Property,14.65747901,121.0011914,Rear-End
None,EDSA,None,None,"No Accident Factor, No Collision Stated (based on Police Blotter Book), 0.0 drivers_injured, 0.0 drivers_killed, 0.0 passengers_injured, 0.0 passengers_killed, 0.0 pedestrian_injured, 0.0 pedestrian_killed, Fair (Day), EDSA North Ave. Quezon City",MMDA Road Safety Unit,,ee9bee51-b51f-442f-976e-47c8b260d369,2015-02-13,06:25:00,EDSA Quezon Ave. Quezon City,0,0,0,0,0,0,0,0,0,0,2015-02-13 14:25,Property,14.65553839,121.0299647,No Collision Stated
None,EDSA,None,None,"No Accident Factor, No Collision Stated (based on Police Blotter Book), 0.0 drivers_injured, 0.0 drivers_killed, 1.0 passengers_injured, 0.0 passengers_killed, 0.0 pedestrian_injured, 0.0 pedestrian_killed, Fair (Day), EDSA Balintawak Market Quezon City",MMDA Road Safety Unit,,d9c9846d-51ef-4e9f-9e4e-2ca5b2a0ba93,2015-02-13,06:00:00,EDSA Camp Aguinaldo Quezon City,0,0,0,0,1,0,0,0,0,1,2015-02-13 14:00,Injury,14.65740947,121.0025737,No Collision Stated
None,EDSA,None,None,"No Accident Factor, Angle Impact, 0.0 drivers_injured, 0.0 drivers_killed, 0.0 passengers_injured, 0.0 passengers_killed, 0.0 pedestrian_injured, 0.0 pedestrian_killed, Fair (Day), EDSA Banco De Oro, East Ave. Quezon City",MMDA Road Safety Unit,,3f08c497-8a00-432d-aabd-e04acd2c2430,2015-02-13,04:30:00,EDSA Misamis St. Quezon City,0,0,0,0,0,0,0,0,0,0,2015-02-13 12:30,Property,14.63285624,121.0451468,Angle Impact
None,EDSA,None,None,"No Accident Factor, Rear-end, 0.0 drivers_injured, 0.0 drivers_killed, 0.0 passengers_injured, 0.0 passengers_killed, 0.0 pedestrian_injured, 0.0 pedestrian_killed, Fair (Day), EDSA Robinson's Galleria, Ortigas Ave. Quezon City",MMDA Road Safety Unit,,058b28e3-b89c-4ca0-bf78-5db364e99e3c,2015-02-13,03:30:00,EDSA Quezon Ave. Quezon City,0,0,0,0,0,0,0,0,0,0,2015-02-13 11:30,Property,14.59226131,121.0583025,Rear-End
None,EDSA,None,None,"No Accident Factor, Side Swipe, 0.0 drivers_injured, 0.0 drivers_killed, 0.0 passengers_injured, 0.0 passengers_killed, 0.0 pedestrian_injured, 0.0 pedestrian_killed, Fair (Day), EDSA Bansalangin St. Quezon City",MMDA Road Safety Unit,,ece30be8-507b-4185-84af-2fd9f88de96f,2015-02-13,01:55:00,EDSA Roosevelt Ave. Quezon City,0,0,0,0,0,0,0,0,0,0,2015-02-13 9:55,Property,14.6567996,121.0241845,Side Swipe
None,EDSA,None,None,"No Accident Factor, No Collision Stated (based on Police Blotter Book), 0.0 drivers_injured, 0.0 drivers_killed, 0.0 passengers_injured, 0.0 passengers_killed, 0.0 pedestrian_injured, 0.0 pedestrian_killed, Fair (Day), EDSA Shell Gas Station, NIA Road Quezon City",MMDA Road Safety Unit,,9e251abe-cd61-490a-9d50-b06840c64270,2015-02-12,22:00:00,EDSA Timog Ave. Quezon City,0,0,0,0,0,0,0,0,0,0,2015-02-13 6:00,Property,14.63806749,121.0415939,No Collision Stated
None,EDSA,None,None,"No Accident Factor, No Collision Stated (based on Police Blotter Book), 0.0 drivers_injured, 0.0 drivers_killed, 0.0 passengers_injured, 0.0 passengers_killed, 0.0 pedestrian_injured, 0.0 pedestrian_killed, Fair (Night), EDSA Mindanao Ave. Ext. Quezon City",MMDA Road Safety Unit,,83e1f7f8-4ca9-430e-9e7f-c194731add36,2015-02-12,19:30:00,EDSA Congressional Ave. Quezon City,0,0,0,0,0,0,0,0,0,0,2015-02-13 3:30,Property,14.65052386,121.0335656,No Collision Stated
None,EDSA,None,None,"No Accident Factor, No Collision Stated (based on Police Blotter Book), 0.0 drivers_injured, 0.0 drivers_killed, 0.0 passengers_injured, 0.0 passengers_killed, 0.0 pedestrian_injured, 0.0 pedestrian_killed, Fair (Night), EDSA Nueva Ecija St. Quezon City",MMDA Road Safety Unit,,32ab68e2-aee1-4caf-a371-64f94ce92dd4,2015-02-12,13:45:00,"EDSA UNTV, Phil-Am Quezon City",0,0,0,0,0,0,0,0,0,0,2015-02-12 21:45,Property,14.65665894,121.026062,No Collision Stated
None,EDSA,None,None,"No Accident Factor, Side Swipe, 0.0 drivers_injured, 0.0 drivers_killed, 0.0 passengers_injured, 0.0 passengers_killed, 0.0 pedestrian_injured, 0.0 pedestrian_killed, Fair (Night), EDSA Jac Liner Bus Terminal, Kamias Road Quezon City",MMDA Road Safety Unit,,13170a6f-4c83-4267-9d4a-3cbb561752b5,2015-02-12,12:30:00,"EDSA ""U"" turn slot, Guzent Quezon City",0,0,0,0,0,0,0,0,0,0,2015-02-12 20:30,Property,14.63162939,121.0456857,Side Swipe
None,EDSA,None,None,"No Accident Factor, No Collision Stated (based on Police Blotter Book), 0.0 drivers_injured, 0.0 drivers_killed, 0.0 passengers_injured, 0.0 passengers_killed, 0.0 pedestrian_injured, 0.0 pedestrian_killed, Fair (Night), EDSA New York St. Quezon City",MMDA Road Safety Unit,,5f012e83-f49c-488c-8088-9990cb4584ed,2015-02-12,12:20:00,EDSA Main Ave. Quezon City,0,0,0,0,0,0,0,0,0,0,2015-02-12 20:20,Property,14.62568514,121.0482307,No Collision Stated
None,EDSA,None,None,"No Accident Factor, No Collision Stated (based on Police Blotter Book), 0.0 drivers_injured, 0.0 drivers_killed, 0.0 passengers_injured, 0.0 passengers_killed, 0.0 pedestrian_injured, 0.0 pedestrian_killed, Fair (Day), EDSA Main Ave. Quezon City",MMDA Road Safety Unit,,d31c18c1-ee7e-4a0f-8402-b9c71b4c7657,2015-02-12,05:00:00,"EDSA SM Hypermarket, Cubao Quezon City",0,0,0,0,0,0,0,0,0,0,2015-02-12 13:00,Property,14.61376458,121.0537933,No Collision Stated
None,EDSA,None,None,"No Accident Factor, No Collision Stated (based on Police Blotter Book), 0.0 drivers_injured, 0.0 drivers_killed, 0.0 passengers_injured, 0.0 passengers_killed, 0.0 pedestrian_injured, 0.0 pedestrian_killed, Fair (Day), EDSA Misamis St. Quezon City",MMDA Road Safety Unit,,c38e67fb-1705-43bf-a870-30612c8c8de7,2015-02-12,02:00:00,EDSA West Ave. Quezon City,0,0,0,0,0,0,0,0,0,0,2015-02-12 10:00,Property,14.65602348,121.0285212,No Collision Stated
None,EDSA,None,None,"No Accident Factor, No Collision Stated (based on Police Blotter Book), 0.0 drivers_injured, 0.0 drivers_killed, 0.0 passengers_injured, 0.0 passengers_killed, 0.0 pedestrian_injured, 0.0 pedestrian_killed, Fair (Day), EDSA New York St. Quezon City",MMDA Road Safety Unit,,2f54f4d8-c224-4aa5-9b0f-495a10cad438,2015-02-12,01:00:00,EDSA Roosevelt Ave. Quezon City,0,0,0,0,0,0,0,0,0,0,2015-02-12 9:00,Property,14.62568514,121.0482307,No Collision Stated
None,EDSA,None,None,"No Accident Factor, No Collision Stated (based on Police Blotter Book), 0.0 drivers_injured, 0.0 drivers_killed, 0.0 passengers_injured, 0.0 passengers_killed, 0.0 pedestrian_injured, 0.0 pedestrian_killed, Fair (Day), EDSA North Ave. Quezon City",MMDA Road Safety Unit,,b0ab1bc0-183b-47fc-a573-dc12790e3fae,2015-02-11,09:50:00,EDSA Roosevelt Ave. Quezon City,0,0,0,0,0,0,0,0,0,0,2015-02-11 17:50,Property,14.65553839,121.0299647,No Collision Stated
None,EDSA,None,None,"No Accident Factor, Rear-end, 0.0 drivers_injured, 0.0 drivers_killed, 0.0 passengers_injured, 0.0 passengers_killed, 0.0 pedestrian_injured, 0.0 pedestrian_killed, Fair (Day), EDSA Main Ave. Quezon City",MMDA Road Safety Unit,,f80632ca-147d-4dd2-a81c-812eb59863f5,2015-02-11,08:30:00,EDSA Main Ave. Quezon City,0,0,0,0,0,0,0,0,0,0,2015-02-11 16:30,Property,14.61376458,121.0537933,Rear-End
None,EDSA,None,None,"No Accident Factor, Side Swipe, 0.0 drivers_injured, 0.0 drivers_killed, 0.0 passengers_injured, 0.0 passengers_killed, 0.0 pedestrian_injured, 0.0 pedestrian_killed, Fair (Day), EDSA Baliwag Liner Bus Terminal Quezon City",MMDA Road Safety Unit,,3db29c9a-8881-49d2-b04c-e3268e86812e,2015-02-11,03:55:00,EDSA Panay Ave. Quezon City,0,0,0,0,0,0,0,0,0,0,2015-02-11 11:55,Property,14.6244766,121.0489584,Side Swipe
None,EDSA,None,None,"No Accident Factor, No Collision Stated (based on Police Blotter Book), 0.0 drivers_injured, 0.0 drivers_killed, 0.0 passengers_injured, 0.0 passengers_killed, 0.0 pedestrian_injured, 0.0 pedestrian_killed, Fair (Day), EDSA Kamuning Road Quezon City",MMDA Road Safety Unit,,924111bc-080f-4337-a28e-ea8700651bdb,2015-02-11,03:45:00,"EDSA MMDA Emergency Station, Pinyahan  Quezon City",0,0,0,0,0,0,0,0,0,0,2015-02-11 11:45,Property,14.63075725,121.0457548,No Collision Stated
None,EDSA,None,None,"No Accident Factor, No Collision Stated (based on Police Blotter Book), 0.0 drivers_injured, 0.0 drivers_killed, 0.0 passengers_injured, 0.0 passengers_killed, 0.0 pedestrian_injured, 0.0 pedestrian_killed, Fair (Day), EDSA ""U"" turn slot, Iglesia ni Cristo Quezon City",MMDA Road Safety Unit,,0b2c9928-fe7f-4071-a032-8125a78a9afd,2015-02-11,01:30:00,"EDSA Superlines Bus Terminal, E. Rodriguez Quezon City",0,0,0,0,0,0,0,0,0,0,2015-02-11 9:30,Property,14.65726475,121.0226547,No Collision Stated
None,EDSA,None,None,"No Accident Factor, No Collision Stated (based on Police Blotter Book), 1.0 drivers_injured, 0.0 drivers_killed, 0.0 passengers_injured, 0.0 passengers_killed, 0.0 pedestrian_injured, 0.0 pedestrian_killed, Fair (Day), EDSA R. Magsaysay Quezon City",MMDA Road Safety Unit,,049cc73e-bec8-4e0e-8982-0f4b63867766,2015-02-11,01:05:00,EDSA Roosevelt Ave. Quezon City,0,0,0,1,0,0,0,0,0,1,2015-02-11 9:05,Injury,14.62774693,121.0471762,No Collision Stated
None,EDSA,None,None,"No Accident Factor, Hit and Run (No Collision Stated), 0.0 drivers_injured, 0.0 drivers_killed, 0.0 passengers_injured, 0.0 passengers_killed, 0.0 pedestrian_injured, 0.0 pedestrian_killed, Fair (Night), EDSA New York St. Quezon City",MMDA Road Safety Unit,,c5cca15c-4925-4f3e-921d-6f06387f2290,2015-02-10,14:30:00,EDSA West Ave. Quezon City,0,0,0,0,0,0,0,0,0,0,2015-02-10 22:30,Property,14.62568514,121.0482307,No Collision Stated
None,EDSA,None,None,"No Accident Factor, Rear-end, 0.0 drivers_injured, 0.0 drivers_killed, 0.0 passengers_injured, 0.0 passengers_killed, 0.0 pedestrian_injured, 0.0 pedestrian_killed, Fair (Night), EDSA West Ave. Quezon City",MMDA Road Safety Unit,,fc2bed5f-5db3-412e-bb80-ac9732e2234f,2015-02-10,11:00:00,EDSA NIA Road Quezon City,0,0,0,0,0,0,0,0,0,0,2015-02-10 19:00,Property,14.65548924,121.0298079,Rear-End
None,EDSA,None,None,"No Accident Factor, No Collision Stated (based on Police Blotter Book), 0.0 drivers_injured, 0.0 drivers_killed, 0.0 passengers_injured, 0.0 passengers_killed, 0.0 pedestrian_injured, 0.0 pedestrian_killed, Fair (Day), EDSA ""U"" turn slot, Quezon Ave. Quezon City",MMDA Road Safety Unit,,832752bb-166a-4fbf-ab33-f6b050df7ad2,2015-02-10,06:00:00,EDSA P. Tuazon Blvd. Quezon City,0,0,0,0,0,0,0,0,0,0,2015-02-10 14:00,Property,14.64518409,121.0368843,No Collision Stated
None,EDSA,None,None,"No Accident Factor, Rear-end, 0.0 drivers_injured, 0.0 drivers_killed, 0.0 passengers_injured, 0.0 passengers_killed, 0.0 pedestrian_injured, 0.0 pedestrian_killed, Fair (Day), EDSA Balintawak Market Quezon City",MMDA Road Safety Unit,,46a050bc-97a9-42c3-a421-7754b13ad5df,2015-02-10,03:00:00,"EDSA ES Transport Bus Terminal, E. Rodriguez Quezon City",0,0,0,0,0,0,0,0,0,0,2015-02-10 11:00,Property,14.65740947,121.0025737,Rear-End
None,EDSA,None,None,"No Accident Factor, No Collision Stated (based on Police Blotter Book), 0.0 drivers_injured, 0.0 drivers_killed, 0.0 passengers_injured, 0.0 passengers_killed, 0.0 pedestrian_injured, 0.0 pedestrian_killed, Fair (Day), EDSA Waltermart, Katipu Quezon City",MMDA Road Safety Unit,,c39db471-7d84-4a00-bf31-f0c8d9f5de49,2015-02-09,23:40:00,EDSA Balintawak Cloverleaf Quezon City,0,0,0,0,0,0,0,0,0,0,2015-02-10 7:40,Property,14.6574558,121.0213579,No Collision Stated
None,EDSA,None,None,"No Accident Factor, No Collision Stated (based on Police Blotter Book), 1.0 drivers_injured, 0.0 drivers_killed, 0.0 passengers_injured, 0.0 passengers_killed, 0.0 pedestrian_injured, 0.0 pedestrian_killed, Fair (Day), EDSA Seminary Road Quezon City",MMDA Road Safety Unit,,c204acae-8cd3-4be0-87a2-8b6742166741,2015-02-09,08:35:00,EDSA Roosevelt Ave. Quezon City,0,0,0,1,0,0,0,0,0,1,2015-02-09 16:35,Injury,14.65776066,121.0173978,No Collision Stated
None,EDSA,None,None,"No Accident Factor, No Collision Stated (based on Police Blotter Book), 0.0 drivers_injured, 0.0 drivers_killed, 0.0 passengers_injured, 0.0 passengers_killed, 0.0 pedestrian_injured, 0.0 pedestrian_killed, Fair (Day), EDSA ""U"" turn slot, Quezon Ave. Quezon City",MMDA Road Safety Unit,,18bb7a48-a938-4fd7-be34-ff68dba62152,2015-02-09,08:00:00,EDSA North Ave. Quezon City,0,0,0,0,0,0,0,0,0,0,2015-02-09 16:00,Property,14.64518409,121.0368843,No Collision Stated
None,EDSA,None,None,"No Accident Factor, No Collision Stated (based on Police Blotter Book), 0.0 drivers_injured, 0.0 drivers_killed, 0.0 passengers_injured, 0.0 passengers_killed, 0.0 pedestrian_injured, 0.0 pedestrian_killed, Fair (Day), EDSA North Ave. Quezon City",MMDA Road Safety Unit,,7b35499f-135c-4201-a68b-e371b57f2dc5,2015-02-09,07:00:00,"EDSA Superlines Bus Terminal, E. Rodriguez Quezon City",0,0,0,0,0,0,0,0,0,0,2015-02-09 15:00,Property,14.65553839,121.0299647,No Collision Stated
None,EDSA,None,None,"No Accident Factor, Side Swipe, 0.0 drivers_injured, 0.0 drivers_killed, 0.0 passengers_injured, 0.0 passengers_killed, 0.0 pedestrian_injured, 0.0 pedestrian_killed, Fair (Day), EDSA Balintawak Market Quezon City",MMDA Road Safety Unit,,cf55d2d5-47e4-4fcb-bae2-07e71bcaa9b2,2015-02-09,06:45:00,EDSA Camp Aguinaldo (Gate 3) Quezon City,0,0,0,0,0,0,0,0,0,0,2015-02-09 14:45,Property,14.65740947,121.0025737,Side Swipe
None,EDSA,None,None,"No Accident Factor, Side Swipe, 0.0 drivers_injured, 0.0 drivers_killed, 0.0 passengers_injured, 0.0 passengers_killed, 0.0 pedestrian_injured, 0.0 pedestrian_killed, Fair (Day), EDSA Cloverleaf Road Quezon City",MMDA Road Safety Unit,,2177bc58-5b0b-4241-ba7c-b426e2503248,2015-02-08,22:00:00,"EDSA New York St., E. Rodriguez, Cubao Quezon City",0,0,0,0,0,0,0,0,0,0,2015-02-09 6:00,Property,14.65747901,121.0011914,Side Swipe