LOCATION_TEXT,ROAD,WEATHER,LIGHT,DESC,REPORTING_AGENCY,MAIN_CAUSE,INCIDENTDETAILS_ID,DATE_UTC,TIME_UTC,ADDRESS,killed_driver,killed_passenger,killed_pedestrian,injured_driver,injured_passenger,injured_pedestrian,killed_uncategorized,injured_uncategorized,killed_total,injured_total,DATETIME_PST,SEVERITY,Y,X,COLLISION_TYPE
None,EDSA,None,None,"No Accident Factor, Side Swipe, 0.0 drivers_injured, 0.0 drivers_killed, 0.0 passengers_injured, 0.0 passengers_killed, 0.0 pedestrian_injured, 0.0 pedestrian_killed, Fair (Night), EDSA Quezon Ave. Quezon City",MMDA Road Safety Unit,,974fbec1-9d6e-4681-8fdd-7cae64720587,2015-02-08,20:00:00,EDSA New York St.  Quezon City,0,0,0,0,0,0,0,0,0,0,2015-02-09 4:00,Property,14.6442444,121.0375839,Side Swipe
None,EDSA,None,None,"No Accident Factor, Hit and Run (No Collision Stated), 0.0 drivers_injured, 0.0 drivers_killed, 0.0 passengers_injured, 0.0 passengers_killed, 0.0 pedestrian_injured, 0.0 pedestrian_killed, Fair (Night), EDSA Kamuning Road Quezon City",MMDA Road Safety Unit,,b35f5382-dc3b-4166-b9f7-896dba17bdb1,2015-02-08,14:25:00,EDSA Gen. McArthur Ave. Quezon City,0,0,0,0,0,0,0,0,0,0,2015-02-08 22:25,Property,14.63075725,121.0457548,No Collision Stated
None,EDSA,None,None,"No Accident Factor, Side Swipe, 0.0 drivers_injured, 0.0 drivers_killed, 0.0 passengers_injured, 0.0 passengers_killed, 0.0 pedestrian_injured, 0.0 pedestrian_killed, Fair (Night), EDSA Balintawak Market Quezon City",MMDA Road Safety Unit,,e7f080e9-7231-45ff-8fa3-659106f42131,2015-02-08,12:40:00,EDSA Superlines Bus Terminal Quezon City,0,0,0,0,0,0,0,0,0,0,2015-02-08 20:40,Property,14.65740947,121.0025737,Side Swipe
None,EDSA,None,None,"No Accident Factor, Side Swipe, 0.0 drivers_injured, 0.0 drivers_killed, 0.0 passengers_injured, 0.0 passengers_killed, 0.0 pedestrian_injured, 0.0 pedestrian_killed, Fair (Night), EDSA SM North, Misamis St. Quezon City",MMDA Road Safety Unit,,5a3a7cd4-6eca-44b7-94f6-41feb6dd894d,2015-02-08,11:00:00,EDSA Cloverleaf Road Quezon City,0,0,0,0,0,0,0,0,0,0,2015-02-08 19:00,Property,14.65645143,121.0271077,Side Swipe
None,EDSA,None,None,"No Accident Factor, No Collision Stated (based on Police Blotter Book), 0.0 drivers_injured, 0.0 drivers_killed, 0.0 passengers_injured, 0.0 passengers_killed, 0.0 pedestrian_injured, 0.0 pedestrian_killed, Fair (Night), EDSA ETON Centris Exit Quezon City",MMDA Road Safety Unit,,d993077e-c8ab-4c4d-9473-5f4f3b56cb0e,2015-02-07,13:15:00,EDSA Robinson's-Galleria Quezon City,0,0,0,0,0,0,0,0,0,0,2015-02-07 21:15,Property,14.64266722,121.0386872,No Collision Stated
None,EDSA,None,None,"No Accident Factor, No Collision Stated (based on Police Blotter Book), 0.0 drivers_injured, 0.0 drivers_killed, 0.0 passengers_injured, 0.0 passengers_killed, 0.0 pedestrian_injured, 0.0 pedestrian_killed, Fair (Night), EDSA ""U"" turn slot, Trinoma Mall Quezon City",MMDA Road Safety Unit,,41c09f3d-56a3-4170-bdcd-b042da1b2b46,2015-02-07,10:20:00,EDSA Camp Aguinaldo Quezon City,0,0,0,0,0,0,0,0,0,0,2015-02-07 18:20,Property,14.65360193,121.0314064,No Collision Stated
None,EDSA,None,None,"No Accident Factor, No Collision Stated (based on Police Blotter Book), 0.0 drivers_injured, 0.0 drivers_killed, 0.0 passengers_injured, 0.0 passengers_killed, 0.0 pedestrian_injured, 0.0 pedestrian_killed, Fair (Day), EDSA ""U"" turn slot, North Ave. Quezon City",MMDA Road Safety Unit,,49df537a-cd9f-49d5-bfb9-6933936fc103,2015-02-07,05:05:00,EDSA Roosevelt Ave. Quezon City,0,0,0,0,0,0,0,0,0,0,2015-02-07 13:05,Property,14.65358965,121.0313672,No Collision Stated
None,EDSA,None,None,"No Accident Factor, Side Swipe, 0.0 drivers_injured, 0.0 drivers_killed, 0.0 passengers_injured, 0.0 passengers_killed, 0.0 pedestrian_injured, 0.0 pedestrian_killed, Fair (Day), EDSA Cloverleaf Road Quezon City",MMDA Road Safety Unit,,870fbdae-902f-4299-b933-521d0f664179,2015-02-07,04:35:00,EDSA Corregidor St. Quezon City,0,0,0,0,0,0,0,0,0,0,2015-02-07 12:35,Property,14.65747901,121.0011914,Side Swipe
None,EDSA,None,None,"No Accident Factor, No Collision Stated (based on Police Blotter Book), 0.0 drivers_injured, 0.0 drivers_killed, 0.0 passengers_injured, 0.0 passengers_killed, 0.0 pedestrian_injured, 0.0 pedestrian_killed, Fair (Day), EDSA Congressional Ave. Quezon City",MMDA Road Safety Unit,,e3add395-e692-4e94-b93c-96798e925dba,2015-02-07,00:30:00,EDSA Five Star Bus Terminal Quezon City,0,0,0,0,0,0,0,0,0,0,2015-02-07 8:30,Property,14.6571804,120.9927185,No Collision Stated
None,EDSA,None,None,"No Accident Factor, Side Swipe, 0.0 drivers_injured, 0.0 drivers_killed, 0.0 passengers_injured, 0.0 passengers_killed, 0.0 pedestrian_injured, 0.0 pedestrian_killed, Fair (Night), EDSA Balintawak Market Quezon City",MMDA Road Safety Unit,,f91ac721-2b25-4526-84ae-b542b571180a,2015-02-06,15:35:00,EDSA Timog Ave.  Quezon City,0,0,0,0,0,0,0,0,0,0,2015-02-06 23:35,Property,14.65740947,121.0025737,Side Swipe
None,EDSA,None,None,"No Accident Factor, No Collision Stated (based on Police Blotter Book), 0.0 drivers_injured, 0.0 drivers_killed, 0.0 passengers_injured, 0.0 passengers_killed, 0.0 pedestrian_injured, 0.0 pedestrian_killed, Fair (Night), EDSA P. Tuazon Blvd. Quezon City",MMDA Road Safety Unit,,eb7ec743-e43c-443d-9bce-82c3033f201e,2015-02-06,15:05:00,EDSA Cloverleaf Quezon City,0,0,0,0,0,0,0,0,0,0,2015-02-06 23:05,Property,14.61656342,121.0525225,No Collision Stated
None,EDSA,None,None,"No Accident Factor, No Collision Stated (based on Police Blotter Book), 0.0 drivers_injured, 0.0 drivers_killed, 0.0 passengers_injured, 0.0 passengers_killed, 0.0 pedestrian_injured, 0.0 pedestrian_killed, Fair (Night), EDSA ""U"" turn slot, SM North (Annex) Quezon City",MMDA Road Safety Unit,,730f2fe6-08d0-431c-816c-1d56bc280b28,2015-02-06,10:40:00,EDSA Cloverleaf Quezon City,0,0,0,0,0,0,0,0,0,0,2015-02-06 18:40,Property,14.65632137,121.0266327,No Collision Stated
None,EDSA,None,None,"No Accident Factor, No Collision Stated (based on Police Blotter Book), 0.0 drivers_injured, 0.0 drivers_killed, 0.0 passengers_injured, 0.0 passengers_killed, 0.0 pedestrian_injured, 0.0 pedestrian_killed, Fair (Day), EDSA QCPD Station 10, Kamuning  Quezon City",MMDA Road Safety Unit,,5e480f60-8c82-4ef7-898d-eee078bd9877,2015-02-06,07:05:00,EDSA Monte De Piedad St.  Quezon City,0,0,0,0,0,0,0,0,0,0,2015-02-06 15:05,Property,14.62991873,121.0461256,No Collision Stated
None,EDSA,None,None,"No Accident Factor, Rear-end, 0.0 drivers_injured, 0.0 drivers_killed, 0.0 passengers_injured, 0.0 passengers_killed, 0.0 pedestrian_injured, 0.0 pedestrian_killed, Fair (Day), EDSA ""U"" turn slot, SM North Quezon City",MMDA Road Safety Unit,,441d9c8e-6970-459a-bb36-cbea8211e076,2015-02-06,06:35:00,EDSA Cloverleaf Quezon City,0,0,0,0,0,0,0,0,0,0,2015-02-06 14:35,Property,14.65632137,121.0266327,Rear-End
None,EDSA,None,None,"No Accident Factor, Side Swipe, 0.0 drivers_injured, 0.0 drivers_killed, 0.0 passengers_injured, 0.0 passengers_killed, 0.0 pedestrian_injured, 0.0 pedestrian_killed, Fair (Day), EDSA SM North, Bagong Pag-asa Quezon City",MMDA Road Safety Unit,,2ee8410c-3309-4b74-8435-ec05bc5965ac,2015-02-06,06:30:00,EDSA Cloverleaf Quezon City,0,0,0,0,0,0,0,0,0,0,2015-02-06 14:30,Property,14.65645143,121.0271077,Side Swipe
None,EDSA,None,None,"No Accident Factor, No Collision Stated (based on Police Blotter Book), 0.0 drivers_injured, 0.0 drivers_killed, 0.0 passengers_injured, 0.0 passengers_killed, 0.0 pedestrian_injured, 0.0 pedestrian_killed, Fair (Day), EDSA ""U"" turn slot, Timog Ave. Quezon City",MMDA Road Safety Unit,,4380b646-a100-4261-9b83-df02cb8faa5f,2015-02-06,02:30:00,EDSA Ermin Garcia St.  Quezon City,0,0,0,0,0,0,0,0,0,0,2015-02-06 10:30,Property,14.63183035,121.0454138,No Collision Stated
None,EDSA,None,None,"No Accident Factor, Rear-end, 0.0 drivers_injured, 0.0 drivers_killed, 0.0 passengers_injured, 0.0 passengers_killed, 0.0 pedestrian_injured, 0.0 pedestrian_killed, Fair (Day), EDSA Congressional Ave. Quezon City",MMDA Road Safety Unit,,9a2eec23-e1b1-420a-ab04-bea4d54fd522,2015-02-06,00:55:00,EDSA Anapolis St.  Quezon City,0,0,0,0,0,0,0,0,0,0,2015-02-06 8:55,Property,14.6571804,120.9927185,Rear-End
None,EDSA,None,None,"No Accident Factor, No Collision Stated (based on Police Blotter Book), 0.0 drivers_injured, 0.0 drivers_killed, 0.0 passengers_injured, 0.0 passengers_killed, 0.0 pedestrian_injured, 0.0 pedestrian_killed, Fair (Night), EDSA Quezon Ave. Quezon City",MMDA Road Safety Unit,,24aa8bd7-6291-4a7f-9882-364e162a289e,2015-02-05,15:30:00,EDSA Timog Ave.  Quezon City,0,0,0,0,0,0,0,0,0,0,2015-02-05 23:30,Property,14.6442444,121.0375839,No Collision Stated
None,EDSA,None,None,"No Accident Factor, Rear-end, 0.0 drivers_injured, 0.0 drivers_killed, 0.0 passengers_injured, 0.0 passengers_killed, 0.0 pedestrian_injured, 0.0 pedestrian_killed, Fair (Night), EDSA Balintawak Market Quezon City",MMDA Road Safety Unit,,b3bce6cb-5115-4bf0-aae5-579ad33fe0e2,2015-02-05,15:00:00,EDSA Victory Liner Terminal Quezon City,0,0,0,0,0,0,0,0,0,0,2015-02-05 23:00,Property,14.65740947,121.0025737,Rear-End
None,EDSA,None,None,"No Accident Factor, No Collision Stated (based on Police Blotter Book), 0.0 drivers_injured, 0.0 drivers_killed, 0.0 passengers_injured, 0.0 passengers_killed, 0.0 pedestrian_injured, 0.0 pedestrian_killed, Fair (Night), EDSA Congressional Ave. Quezon City",MMDA Road Safety Unit,,fddd0479-3682-4ba3-9560-a0c58fa44541,2015-02-05,12:45:00,EDSA Balintawak Market Quezon City,0,0,0,0,0,0,0,0,0,0,2015-02-05 20:45,Property,14.6571804,120.9927185,No Collision Stated
None,EDSA,None,None,"No Accident Factor, Side Swipe, 0.0 drivers_injured, 0.0 drivers_killed, 0.0 passengers_injured, 0.0 passengers_killed, 0.0 pedestrian_injured, 0.0 pedestrian_killed, Fair (Night), EDSA West Ave. Quezon City",MMDA Road Safety Unit,,2385f5cf-2c1b-46b5-8305-527267421ce0,2015-02-05,10:30:00,EDSA Balintawak Market Quezon City,0,0,0,0,0,0,0,0,0,0,2015-02-05 18:30,Property,14.65548924,121.0298079,Side Swipe
None,EDSA,None,None,"No Accident Factor, Side Swipe, 0.0 drivers_injured, 0.0 drivers_killed, 0.0 passengers_injured, 0.0 passengers_killed, 0.0 pedestrian_injured, 0.0 pedestrian_killed, Fair (Day), EDSA Balintawak Market Quezon City",MMDA Road Safety Unit,,a767b203-3152-4cc8-beea-50b480bc6089,2015-02-05,07:15:00,EDSA Cloverleaf Quezon City,0,0,0,0,0,0,0,0,0,0,2015-02-05 15:15,Property,14.65740947,121.0025737,Side Swipe
None,EDSA,None,None,"No Accident Factor, No Collision Stated (based on Police Blotter Book), 0.0 drivers_injured, 0.0 drivers_killed, 0.0 passengers_injured, 0.0 passengers_killed, 0.0 pedestrian_injured, 0.0 pedestrian_killed, Fair (Day), EDSA Bansalangin St. Quezon City",MMDA Road Safety Unit,,5c24389d-c114-4430-8cbb-90653eb24da2,2015-02-05,04:45:00,"EDSA Shell Gas Station, Katipu Quezon City",0,0,0,0,0,0,0,0,0,0,2015-02-05 12:45,Property,14.6567996,121.0241845,No Collision Stated
None,EDSA,None,None,"No Accident Factor, Rear-end, 0.0 drivers_injured, 0.0 drivers_killed, 0.0 passengers_injured, 0.0 passengers_killed, 0.0 pedestrian_injured, 0.0 pedestrian_killed, Fair (Night), EDSA Balintawak Market Quezon City",MMDA Road Safety Unit,,be34e332-4992-43a3-9fed-08c927904a2c,2015-02-04,15:00:00,"EDSA Robinsons Galleria, Ugong Norte Quezon City",0,0,0,0,0,0,0,0,0,0,2015-02-04 23:00,Property,14.65740947,121.0025737,Rear-End
None,EDSA,None,None,"No Accident Factor, No Collision Stated (based on Police Blotter Book), 0.0 drivers_injured, 0.0 drivers_killed, 0.0 passengers_injured, 0.0 passengers_killed, 0.0 pedestrian_injured, 0.0 pedestrian_killed, Fair (Night), EDSA Corregidor St. Quezon City",MMDA Road Safety Unit,,e0711832-e9ac-4e0f-95ca-eedd134cd38a,2015-02-04,14:00:00,EDSA K-10th St. Quezon City,0,0,0,0,0,0,0,0,0,0,2015-02-04 22:00,Property,14.65707679,121.0241648,No Collision Stated
None,EDSA,None,None,"No Accident Factor, No Collision Stated (based on Police Blotter Book), 1.0 drivers_injured, 0.0 drivers_killed, 1.0 passengers_injured, 0.0 passengers_killed, 0.0 pedestrian_injured, 0.0 pedestrian_killed, Fair (Night), EDSA Fema Road Quezon City",MMDA Road Safety Unit,,c9118f6f-b51a-4265-a280-d41a68315c26,2015-02-04,10:00:00,EDSA Gen. Mc Arthur Ave. Quezon City,0,0,0,1,1,0,0,0,0,2,2015-02-04 18:00,Injury,14.65776837,121.0159521,No Collision Stated
None,EDSA,None,None,"No Accident Factor, Side Swipe, 0.0 drivers_injured, 0.0 drivers_killed, 0.0 passengers_injured, 0.0 passengers_killed, 0.0 pedestrian_injured, 0.0 pedestrian_killed, Fair (Day), EDSA Monte De Piedad St. Quezon City",MMDA Road Safety Unit,,9932f7ef-4e40-4290-b320-1ac300b48da8,2015-02-04,02:00:00,EDSA East Ave. Quezon City,0,0,0,0,0,0,0,0,0,0,2015-02-04 10:00,Property,14.62346937,121.0491711,Side Swipe
None,EDSA,None,None,"No Accident Factor, No Collision Stated (based on Police Blotter Book), 0.0 drivers_injured, 0.0 drivers_killed, 0.0 passengers_injured, 0.0 passengers_killed, 0.0 pedestrian_injured, 0.0 pedestrian_killed, Fair (Day), EDSA West Ave. Quezon City",MMDA Road Safety Unit,,b4c71a63-645f-49b4-ad85-36d5323100da,2015-02-04,01:00:00,EDSA Cloverleaf Road Quezon City,0,0,0,0,0,0,0,0,0,0,2015-02-04 9:00,Property,14.65548924,121.0298079,No Collision Stated
None,EDSA,None,None,"No Accident Factor, No Collision Stated (based on Police Blotter Book), 0.0 drivers_injured, 0.0 drivers_killed, 0.0 passengers_injured, 0.0 passengers_killed, 0.0 pedestrian_injured, 0.0 pedestrian_killed, Fair (Day), EDSA North Ave. Quezon City",MMDA Road Safety Unit,,2913d0b4-98f7-4ef9-b06f-e6495190586d,2015-02-03,23:30:00,EDSA Misamis St. Quezon City,0,0,0,0,0,0,0,0,0,0,2015-02-04 7:30,Property,14.65553839,121.0299647,No Collision Stated
None,EDSA,None,None,"No Accident Factor, Hit and Run (No Collision Stated), 0.0 drivers_injured, 0.0 drivers_killed, 0.0 passengers_injured, 0.0 passengers_killed, 0.0 pedestrian_injured, 0.0 pedestrian_killed, Fair (Day), EDSA Col. Bonny Serrano Ave. Quezon City",MMDA Road Safety Unit,,98063e9a-c67d-469e-822a-df8d340188c5,2015-02-03,23:20:00,EDSA Cloverleaf Road (SB)  Quezon City,0,0,0,0,0,0,0,0,0,0,2015-02-04 7:20,Property,14.61107337,121.0550705,No Collision Stated
None,EDSA,None,None,"No Accident Factor, No Collision Stated (based on Police Blotter Book), 0.0 drivers_injured, 0.0 drivers_killed, 0.0 passengers_injured, 0.0 passengers_killed, 0.0 pedestrian_injured, 0.0 pedestrian_killed, Fair (Night), EDSA North Ave. Quezon City",MMDA Road Safety Unit,,37eb484d-e318-497e-b756-4ca3fc6aa54b,2015-02-03,14:30:00,EDSA Cloverleaf Road Quezon City,0,0,0,0,0,0,0,0,0,0,2015-02-03 22:30,Property,14.65553839,121.0299647,No Collision Stated
None,EDSA,None,None,"No Accident Factor, No Collision Stated (based on Police Blotter Book), 0.0 drivers_injured, 0.0 drivers_killed, 0.0 passengers_injured, 0.0 passengers_killed, 0.0 pedestrian_injured, 0.0 pedestrian_killed, Fair (Night), EDSA Corregidor St. Quezon City",MMDA Road Safety Unit,,840ec5bc-a8ed-4877-a241-a7e15f52607f,2015-02-03,13:00:00,EDSA Solid North Terminal  Quezon City,0,0,0,0,0,0,0,0,0,0,2015-02-03 21:00,Property,14.65707679,121.0241648,No Collision Stated
None,EDSA,None,None,"No Accident Factor, No Collision Stated (based on Police Blotter Book), 0.0 drivers_injured, 0.0 drivers_killed, 0.0 passengers_injured, 0.0 passengers_killed, 0.0 pedestrian_injured, 0.0 pedestrian_killed, Fair (Night), EDSA MRT-Roosevelt Station Quezon City",MMDA Road Safety Unit,,040b8a17-c265-4c66-94fd-f14cec0d923f,2015-02-03,11:30:00,EDSA Waltermart Veterans Quezon City,0,0,0,0,0,0,0,0,0,0,2015-02-03 19:30,Property,14.65763871,121.0212766,No Collision Stated
None,EDSA,None,None,"No Accident Factor, No Collision Stated (based on Police Blotter Book), 0.0 drivers_injured, 0.0 drivers_killed, 0.0 passengers_injured, 0.0 passengers_killed, 0.0 pedestrian_injured, 0.0 pedestrian_killed, Fair (Day), EDSA Mindanao Ave. Ext. Quezon City",MMDA Road Safety Unit,,6db22049-4789-4c0b-8a9f-478f8bd7df84,2015-02-03,07:45:00,EDSA Kaingin St.  Quezon City,0,0,0,0,0,0,0,0,0,0,2015-02-03 15:45,Property,14.65052386,121.0335656,No Collision Stated
None,EDSA,None,None,"No Accident Factor, Side Swipe, 0.0 drivers_injured, 0.0 drivers_killed, 0.0 passengers_injured, 0.0 passengers_killed, 0.0 pedestrian_injured, 0.0 pedestrian_killed, Fair (Day), EDSA Waltermart, Roosevelt Quezon City",MMDA Road Safety Unit,,af4623fa-7ed7-4ce6-aeb9-9de3b01cb676,2015-02-03,06:15:00,EDSA Timog Ave.  Quezon City,0,0,0,0,0,0,0,0,0,0,2015-02-03 14:15,Property,14.6574558,121.0213579,Side Swipe
None,EDSA,None,None,"No Accident Factor, Side Swipe, 0.0 drivers_injured, 0.0 drivers_killed, 0.0 passengers_injured, 0.0 passengers_killed, 0.0 pedestrian_injured, 0.0 pedestrian_killed, Fair (Day), EDSA Baliwag Liner Bus Terminal Quezon City",MMDA Road Safety Unit,,02de7aaa-6142-41e9-8d8a-8b87dbb9b604,2015-02-03,05:00:00,EDSA Aurora Blvd. Quezon City,0,0,0,0,0,0,0,0,0,0,2015-02-03 13:00,Property,14.6244766,121.0489584,Side Swipe
None,EDSA,None,None,"No Accident Factor, No Collision Stated (based on Police Blotter Book), 0.0 drivers_injured, 0.0 drivers_killed, 0.0 passengers_injured, 0.0 passengers_killed, 0.0 pedestrian_injured, 0.0 pedestrian_killed, Fair (Day), EDSA Col. Bonny Serrano Ave. Quezon City",MMDA Road Safety Unit,,ab163443-63fd-438f-9d6a-af6fe66834b3,2015-02-03,01:00:00,EDSA Feria Road Quezon City,0,0,0,0,0,0,0,0,0,0,2015-02-03 9:00,Property,14.61107337,121.0550705,No Collision Stated
None,EDSA,None,None,"No Accident Factor, No Collision Stated (based on Police Blotter Book), 0.0 drivers_injured, 0.0 drivers_killed, 0.0 passengers_injured, 0.0 passengers_killed, 0.0 pedestrian_injured, 0.0 pedestrian_killed, Fair (Day), EDSA Mayor Ignacia Diaz St. Quezon City",MMDA Road Safety Unit,,7e44f3b6-4c86-4059-8bef-31ece057108a,2015-02-03,01:00:00,EDSA K-10th St. Quezon City,0,0,0,0,0,0,0,0,0,0,2015-02-03 9:00,Property,14.61785258,121.0515682,No Collision Stated
None,EDSA,None,None,"No Accident Factor, Side Swipe, 0.0 drivers_injured, 0.0 drivers_killed, 0.0 passengers_injured, 0.0 passengers_killed, 0.0 pedestrian_injured, 0.0 pedestrian_killed, Fair (Day), EDSA Kamuning Road Quezon City",MMDA Road Safety Unit,,7e2edf6c-f2ee-4c43-839f-cb2409708014,2015-02-03,00:45:00,EDSA Ermin Garcia St.  Quezon City,0,0,0,0,0,0,0,0,0,0,2015-02-03 8:45,Property,14.63075725,121.0457548,Side Swipe
None,EDSA,None,None,"No Accident Factor, Rear-end, 0.0 drivers_injured, 0.0 drivers_killed, 0.0 passengers_injured, 0.0 passengers_killed, 0.0 pedestrian_injured, 0.0 pedestrian_killed, Fair (Day), EDSA P. Tuazon Blvd. Quezon City",MMDA Road Safety Unit,,53c07bfd-506e-4580-a763-0d460d01ddfd,2015-02-02,23:05:00,EDSA Ermin Garcia St.  Quezon City,0,0,0,0,0,0,0,0,0,0,2015-02-03 7:05,Property,14.61656342,121.0525225,Rear-End
None,EDSA,None,None,"No Accident Factor, No Collision Stated (based on Police Blotter Book), 0.0 drivers_injured, 0.0 drivers_killed, 0.0 passengers_injured, 0.0 passengers_killed, 0.0 pedestrian_injured, 0.0 pedestrian_killed, Fair (Night), EDSA Quezon Ave. Quezon City",MMDA Road Safety Unit,,7d185a6f-a439-4821-8ae9-180c4fe6aa95,2015-02-02,10:20:00,"EDSA Five Star Bus Terminal, Cubao Quezon City",0,0,0,0,0,0,0,0,0,0,2015-02-02 18:20,Property,14.6442444,121.0375839,No Collision Stated
None,EDSA,None,None,"No Accident Factor, Side Swipe, 0.0 drivers_injured, 0.0 drivers_killed, 0.0 passengers_injured, 0.0 passengers_killed, 0.0 pedestrian_injured, 0.0 pedestrian_killed, Fair (Day), EDSA North Ave. Quezon City",MMDA Road Safety Unit,,e7c283c0-20d4-4da1-81d5-cd2b1a5ec0fe,2015-02-02,05:50:00,EDSA White Plains Ave. Quezon City,0,0,0,0,0,0,0,0,0,0,2015-02-02 13:50,Property,14.65553839,121.0299647,Side Swipe
None,EDSA,None,None,"No Accident Factor, No Collision Stated (based on Police Blotter Book), 0.0 drivers_injured, 0.0 drivers_killed, 0.0 passengers_injured, 0.0 passengers_killed, 0.0 pedestrian_injured, 0.0 pedestrian_killed, Fair (Day), EDSA Col. Bonny Serrano Ave. Quezon City",MMDA Road Safety Unit,,b23d0307-2780-4827-86ea-c23d18e55ad5,2015-02-02,03:05:00,EDSA Santolan MRT Station Quezon City,0,0,0,0,0,0,0,0,0,0,2015-02-02 11:05,Property,14.61107337,121.0550705,No Collision Stated
None,EDSA,None,None,"No Accident Factor, Hit and Run (No Collision Stated), 0.0 drivers_injured, 0.0 drivers_killed, 0.0 passengers_injured, 0.0 passengers_killed, 0.0 pedestrian_injured, 0.0 pedestrian_killed, Fair (Day), EDSA Aurora Immaculate Quezon City",MMDA Road Safety Unit,,3a6a5885-02c0-4970-9817-07ebb02bf264,2015-02-02,02:00:00,EDSA Main Ave. Quezon City,0,0,0,0,0,0,0,0,0,0,2015-02-02 10:00,Property,14.62168905,121.050147,No Collision Stated
None,EDSA,None,None,"No Accident Factor, Side Swipe, 0.0 drivers_injured, 0.0 drivers_killed, 0.0 passengers_injured, 0.0 passengers_killed, 0.0 pedestrian_injured, 0.0 pedestrian_killed, Fair (Day), EDSA QCPD Station 10, Kamuning  Quezon City",MMDA Road Safety Unit,,8b61576d-5de1-48fd-b2bc-f56fc533235b,2015-02-01,23:45:00,EDSA SM North Quezon City,0,0,0,0,0,0,0,0,0,0,2015-02-02 7:45,Property,14.62991873,121.0461256,Side Swipe
None,EDSA,None,None,"No Accident Factor, No Collision Stated (based on Police Blotter Book), 0.0 drivers_injured, 0.0 drivers_killed, 0.0 passengers_injured, 0.0 passengers_killed, 0.0 pedestrian_injured, 0.0 pedestrian_killed, Fair (Day), EDSA Panay Ave., South Triangle Quezon City",MMDA Road Safety Unit,,a2e882b2-f0e3-4bc0-8622-5d4e8d046040,2015-02-01,22:50:00,EDSA Monte De Piedad St.  Quezon City,0,0,0,0,0,0,0,0,0,0,2015-02-02 6:50,Property,14.64294686,121.0381076,Angle Impact
None,EDSA,None,None,"No Accident Factor, Hit and Run (No Collision Stated), 0.0 drivers_injured, 0.0 drivers_killed, 0.0 passengers_injured, 0.0 passengers_killed, 0.0 pedestrian_injured, 0.0 pedestrian_killed, Fair (Night), EDSA Ermin Garcia St. Quezon City",MMDA Road Safety Unit,,c0aefb30-cb2c-4db8-b3ef-32fe19f048f9,2015-02-01,20:30:00,EDSA Gen. Mc Arthur Ave. Quezon City,0,0,0,0,0,0,0,0,0,0,2015-02-02 4:30,Property,14.62758814,121.047487,No Collision Stated
None,EDSA,None,None,"No Accident Factor, Rear-end, 0.0 drivers_injured, 0.0 drivers_killed, 0.0 passengers_injured, 0.0 passengers_killed, 0.0 pedestrian_injured, 0.0 pedestrian_killed, Fair (Night), EDSA Mother Ignacia St. Quezon City",MMDA Road Safety Unit,,4fd271f9-0248-4564-869f-9be569fa8a01,2015-02-01,11:00:00,EDSA Kamuning Road   Quezon City,0,0,0,0,0,0,0,0,0,0,2015-02-01 19:00,Property,14.64220321,121.0386692,Rear-End
None,EDSA,None,None,"No Accident Factor, Rear-end, 0.0 drivers_injured, 0.0 drivers_killed, 0.0 passengers_injured, 0.0 passengers_killed, 0.0 pedestrian_injured, 0.0 pedestrian_killed, Fair (Day), EDSA Howmart Road Quezon City",MMDA Road Safety Unit,,b6d11b99-5dfd-4e8e-8400-f6aaf35226a7,2015-02-01,09:30:00,EDSA P. Tuazon Blvd.  Quezon City,0,0,0,0,0,0,0,0,0,0,2015-02-01 17:30,Property,14.65764415,121.0108224,Rear-End
None,EDSA,None,None,"No Accident Factor, Rear-end, 0.0 drivers_injured, 0.0 drivers_killed, 0.0 passengers_injured, 0.0 passengers_killed, 0.0 pedestrian_injured, 0.0 pedestrian_killed, Fair (Day), EDSA Main Ave. Quezon City",MMDA Road Safety Unit,,bfabc077-e9d2-454d-809e-6210a57cefc1,2015-02-01,04:55:00,EDSA East Ave.  Quezon City,0,0,0,0,0,0,0,0,0,0,2015-02-01 12:55,Property,14.61376458,121.0537933,Rear-End
None,EDSA,None,None,"No Accident Factor, No Collision Stated (based on Police Blotter Book), 0.0 drivers_injured, 0.0 drivers_killed, 0.0 passengers_injured, 0.0 passengers_killed, 0.0 pedestrian_injured, 0.0 pedestrian_killed, Fair (Day), EDSA Ermin Garcia St. Quezon City",MMDA Road Safety Unit,,6ac2f9b1-95c6-47bc-af91-01009229bd81,2015-01-31,04:25:00,EDSA Waltermart Quezon City,0,0,0,0,0,0,0,0,0,0,2015-01-31 12:25,Property,14.62758814,121.047487,No Collision Stated