LOCATION_TEXT,ROAD,WEATHER,LIGHT,DESC,REPORTING_AGENCY,MAIN_CAUSE,INCIDENTDETAILS_ID,DATE_UTC,TIME_UTC,ADDRESS,killed_driver,killed_passenger,killed_pedestrian,injured_driver,injured_passenger,injured_pedestrian,killed_uncategorized,injured_uncategorized,killed_total,injured_total,DATETIME_PST,SEVERITY,Y,X,COLLISION_TYPE
None,EDSA,None,None,"No Accident Factor, Side Swipe, 0.0 drivers_injured, 0.0 drivers_killed, 0.0 passengers_injured, 0.0 passengers_killed, 0.0 pedestrian_injured, 0.0 pedestrian_killed, Fair (Day), EDSA Timog Ave. Quezon City",MMDA Road Safety Unit,,6b44c5f1-f03a-4809-91cd-08d12a050e56,2015-01-31,00:15:00,EDSA Camp Aguinaldo Quezon City,0,0,0,0,0,0,0,0,0,0,2015-01-31 8:15,Property,14.63293559,121.0446304,Side Swipe
None,EDSA,None,None,"No Accident Factor, Side Swipe, 0.0 drivers_injured, 0.0 drivers_killed, 0.0 passengers_injured, 0.0 passengers_killed, 0.0 pedestrian_injured, 0.0 pedestrian_killed, Fair (Day), EDSA Balintawak Market Quezon City",MMDA Road Safety Unit,,29147dd2-9f4b-4de6-a05b-8eff4d576a59,2015-01-30,22:30:00,EDSA Misamis St. Quezon City,0,0,0,0,0,0,0,0,0,0,2015-01-31 6:30,Property,14.65740947,121.0025737,Side Swipe
None,EDSA,None,None,"No Accident Factor, No Collision Stated (based on Police Blotter Book), 0.0 drivers_injured, 0.0 drivers_killed, 0.0 passengers_injured, 0.0 passengers_killed, 0.0 pedestrian_injured, 0.0 pedestrian_killed, Fair (Day), EDSA ""U"" turn slot, Centris Quezon City",MMDA Road Safety Unit,,18959c9f-3a96-4d4c-8e57-2196e8f0b037,2015-01-30,09:00:00,EDSA P. Tuazon Blvd. Quezon City,0,0,0,0,0,0,0,0,0,0,2015-01-30 17:00,Property,14.64347171,121.0379678,No Collision Stated
None,EDSA,None,None,"No Accident Factor, No Collision Stated (based on Police Blotter Book), 0.0 drivers_injured, 0.0 drivers_killed, 0.0 passengers_injured, 0.0 passengers_killed, 0.0 pedestrian_injured, 0.0 pedestrian_killed, Fair (Day), EDSA ""U"" turn slot, Timog Ave. Quezon City",MMDA Road Safety Unit,,ea4fcdf3-cc50-4342-8cb8-aefd2cdd0f2a,2015-01-30,06:20:00,EDSA Monte De Piedad St.  Quezon City,0,0,0,0,0,0,0,0,0,0,2015-01-30 14:20,Property,14.63183035,121.0454138,No Collision Stated
None,EDSA,None,None,"No Accident Factor, No Collision Stated (based on Police Blotter Book), 0.0 drivers_injured, 0.0 drivers_killed, 0.0 passengers_injured, 0.0 passengers_killed, 0.0 pedestrian_injured, 0.0 pedestrian_killed, Fair (Day), EDSA ""U"" turn slot, Dario Bridge Quezon City",MMDA Road Safety Unit,,994919fa-648d-4220-927f-1d3b8594391b,2015-01-30,05:10:00,EDSA Cloverleaf Road Quezon City,0,0,0,0,0,0,0,0,0,0,2015-01-30 13:10,Property,14.65768675,121.0162465,No Collision Stated
None,EDSA,None,None,"No Accident Factor, No Collision Stated (based on Police Blotter Book), 0.0 drivers_injured, 0.0 drivers_killed, 0.0 passengers_injured, 0.0 passengers_killed, 0.0 pedestrian_injured, 0.0 pedestrian_killed, Fair (Day), EDSA MRT-Roosevelt Station Quezon City",MMDA Road Safety Unit,,e2b857cf-7b93-4817-b2ba-02ed2aa93a88,2015-01-30,05:10:00,EDSA SM North Quezon City,0,0,0,0,0,0,0,0,0,0,2015-01-30 13:10,Property,14.65763871,121.0212766,No Collision Stated
None,EDSA,None,None,"No Accident Factor, No Collision Stated (based on Police Blotter Book), 0.0 drivers_injured, 0.0 drivers_killed, 0.0 passengers_injured, 0.0 passengers_killed, 0.0 pedestrian_injured, 0.0 pedestrian_killed, Fair (Day), EDSA Mindanao Ave. Ext. Quezon City",MMDA Road Safety Unit,,77afa2ca-1e9d-4ab0-94d6-1c134ace7060,2015-01-29,23:15:00,EDSA Main Ave.  Quezon City,0,0,0,0,0,0,0,0,0,0,2015-01-30 7:15,Property,14.65052386,121.0335656,No Collision Stated
None,EDSA,None,None,"No Accident Factor, No Collision Stated (based on Police Blotter Book), 0.0 drivers_injured, 0.0 drivers_killed, 0.0 passengers_injured, 0.0 passengers_killed, 0.0 pedestrian_injured, 0.0 pedestrian_killed, Fair (Day), EDSA Misamis St. Quezon City",MMDA Road Safety Unit,,ccd4be6c-9d90-4f59-8424-6a11ae46f3a6,2015-01-29,23:15:00,EDSA Boni Ave.       Quezon City,0,0,0,0,0,0,0,0,0,0,2015-01-30 7:15,Property,14.65602348,121.0285212,No Collision Stated
None,EDSA,None,None,"No Accident Factor, No Collision Stated (based on Police Blotter Book), 0.0 drivers_injured, 0.0 drivers_killed, 0.0 passengers_injured, 0.0 passengers_killed, 0.0 pedestrian_injured, 0.0 pedestrian_killed, Fair (Night), EDSA MRT-North Ave. Station Quezon City",MMDA Road Safety Unit,,68547d59-8063-4d9c-b427-d69ae32d7398,2015-01-29,12:35:00,EDSA SM Annex Quezon City,0,0,0,0,0,0,0,0,0,0,2015-01-29 20:35,Property,14.65223956,121.0323125,No Collision Stated
None,EDSA,None,None,"No Accident Factor, Angle Impact, 0.0 drivers_injured, 0.0 drivers_killed, 0.0 passengers_injured, 0.0 passengers_killed, 0.0 pedestrian_injured, 0.0 pedestrian_killed, Fair (Night), EDSA Kamias Road Quezon City",MMDA Road Safety Unit,,292e0755-27bb-42a8-b14e-3c6951dd2c47,2015-01-29,12:15:00,EDSA Feria Road Quezon City,0,0,0,0,0,0,0,0,0,0,2015-01-29 20:15,Property,14.6309142,121.0459376,Angle Impact
None,EDSA,None,None,"No Accident Factor, Rear-end, 0.0 drivers_injured, 0.0 drivers_killed, 0.0 passengers_injured, 0.0 passengers_killed, 0.0 pedestrian_injured, 0.0 pedestrian_killed, Fair (Night), EDSA Ortigas Ave. Quezon City",MMDA Road Safety Unit,,c1666786-b2df-4c3f-aa9d-7dc08981d466,2015-01-29,10:55:00,EDSA Camp Aguinaldo Quezon City,0,0,0,0,0,0,0,0,0,0,2015-01-29 18:55,Property,14.59335253,121.0584107,Rear-End
None,EDSA,None,None,"No Accident Factor, No Collision Stated (based on Police Blotter Book), 0.0 drivers_injured, 0.0 drivers_killed, 0.0 passengers_injured, 0.0 passengers_killed, 0.0 pedestrian_injured, 0.0 pedestrian_killed, Fair (Night), EDSA Trinoma Mall Quezon City",MMDA Road Safety Unit,,1dff1740-2f55-4842-afb9-2a87a2e1d889,2015-01-29,10:00:00,"EDSA ""U"" turn slot,  Quirino Ave. Quezon City",0,0,0,0,0,0,0,0,0,0,2015-01-29 18:00,Property,14.65242607,121.0323133,No Collision Stated
None,EDSA,None,None,"No Accident Factor, Side Swipe, 0.0 drivers_injured, 0.0 drivers_killed, 0.0 passengers_injured, 0.0 passengers_killed, 0.0 pedestrian_injured, 0.0 pedestrian_killed, Fair (Day), EDSA Congressional Ave. Quezon City",MMDA Road Safety Unit,,f1076a5b-3720-4d42-8ae5-13d05e05088c,2015-01-29,09:20:00,"EDSA Farmers Market, Socorro Quezon City",0,0,0,0,0,0,0,0,0,0,2015-01-29 17:20,Property,14.6571804,120.9927185,Side Swipe
None,EDSA,None,None,"No Accident Factor, No Collision Stated (based on Police Blotter Book), 0.0 drivers_injured, 0.0 drivers_killed, 0.0 passengers_injured, 0.0 passengers_killed, 0.0 pedestrian_injured, 0.0 pedestrian_killed, Fair (Day), EDSA Mindanao Ave. Ext. Quezon City",MMDA Road Safety Unit,,b9d0b89f-f252-407f-b3f1-70afaea1b248,2015-01-29,05:00:00,EDSA P. Tuazon Blvd. Quezon City,0,0,0,0,0,0,0,0,0,0,2015-01-29 13:00,Property,14.65052386,121.0335656,No Collision Stated
None,EDSA,None,None,"No Accident Factor, Other (Hit Veh. + Hit Obj.), 0.0 drivers_injured, 0.0 drivers_killed, 0.0 passengers_injured, 0.0 passengers_killed, 0.0 pedestrian_injured, 0.0 pedestrian_killed, Fair (Day), EDSA Nueva Ecija St. Quezon City",MMDA Road Safety Unit,,413ace78-8efe-4bde-ac95-0ceb5e414f4f,2015-01-29,04:30:00,EDSA West Ave.  Quezon City,0,0,0,0,0,0,0,0,0,0,2015-01-29 12:30,Property,14.65665894,121.026062,Hit Object
None,EDSA,None,None,"No Accident Factor, Rear-end, 0.0 drivers_injured, 0.0 drivers_killed, 0.0 passengers_injured, 0.0 passengers_killed, 0.0 pedestrian_injured, 0.0 pedestrian_killed, Fair (Day), EDSA ""U"" turn slot, MRT-North Ave. Station Quezon City",MMDA Road Safety Unit,,089f69df-f72f-43d8-961c-0b581887eba0,2015-01-29,02:00:00,EDSA Trinoma Quezon City,0,0,0,0,0,0,0,0,0,0,2015-01-29 10:00,Property,14.65358965,121.0313672,Rear-End
None,EDSA,None,None,"No Accident Factor, Rear-end, 0.0 drivers_injured, 0.0 drivers_killed, 0.0 passengers_injured, 0.0 passengers_killed, 0.0 pedestrian_injured, 0.0 pedestrian_killed, Fair (Day), EDSA ""U"" turn slot, Guzent Quezon City",MMDA Road Safety Unit,,22f4cf60-ff77-48f7-abb0-cbeb11887077,2015-01-29,00:30:00,EDSA UNTV Philam Quezon City,0,0,0,0,0,0,0,0,0,0,2015-01-29 8:30,Property,14.65756257,121.0141085,Rear-End
None,EDSA,None,None,"No Accident Factor, No Collision Stated (based on Police Blotter Book), 0.0 drivers_injured, 0.0 drivers_killed, 0.0 passengers_injured, 0.0 passengers_killed, 0.0 pedestrian_injured, 0.0 pedestrian_killed, Fair (Day), EDSA Fema Road Quezon City",MMDA Road Safety Unit,,cf0515f3-1c42-4110-b229-334e08793598,2015-01-28,23:30:00,EDSA Bansalangin St. Quezon City,0,0,0,0,0,0,0,0,0,0,2015-01-29 7:30,Property,14.65776837,121.0159521,No Collision Stated
None,EDSA,None,None,"No Accident Factor, Rear-end, 0.0 drivers_injured, 0.0 drivers_killed, 0.0 passengers_injured, 0.0 passengers_killed, 0.0 pedestrian_injured, 0.0 pedestrian_killed, Fair (Night), EDSA ""U"" turn slot, UNTV, Philam Quezon City",MMDA Road Safety Unit,,1d27b2ee-db74-46ed-bb66-581b0dce1db9,2015-01-28,21:45:00,EDSA West Ave. Quezon City,0,0,0,0,0,0,0,0,0,0,2015-01-29 5:45,Property,14.64995042,121.0336124,Rear-End
None,EDSA,None,None,"No Accident Factor, No Collision Stated (based on Police Blotter Book), 0.0 drivers_injured, 0.0 drivers_killed, 0.0 passengers_injured, 0.0 passengers_killed, 0.0 pedestrian_injured, 0.0 pedestrian_killed, Fair (Night), EDSA Farmers  Quezon City",MMDA Road Safety Unit,,22db2050-4f3e-43bc-b928-824c1712956a,2015-01-28,15:45:00,EDSA Kamuning Road   Quezon City,0,0,0,0,0,0,0,0,0,0,2015-01-28 23:45,Property,14.61920525,121.0513476,No Collision Stated
None,EDSA,None,None,"No Accident Factor, Rear-end, 0.0 drivers_injured, 0.0 drivers_killed, 0.0 passengers_injured, 0.0 passengers_killed, 0.0 pedestrian_injured, 0.0 pedestrian_killed, Fair (Day), EDSA Col. Bonny Serrano Ave. Quezon City",MMDA Road Safety Unit,,e3d65c28-3ba0-4c36-b1ce-7824692288c6,2015-01-28,01:40:00,EDSA Santolan MRT Station (SB)  Quezon City,0,0,0,0,0,0,0,0,0,0,2015-01-28 9:40,Property,14.61107337,121.0550705,Rear-End
None,EDSA,None,None,"No Accident Factor, Rear-end, 0.0 drivers_injured, 0.0 drivers_killed, 0.0 passengers_injured, 0.0 passengers_killed, 0.0 pedestrian_injured, 0.0 pedestrian_killed, Fair (Day), EDSA Banahaw St. Quezon City",MMDA Road Safety Unit,,4b1c5794-47fc-42ce-90fe-464988ff3c30,2015-01-27,23:00:00,EDSA Wilcon Depot Quezon City,0,0,0,0,0,0,0,0,0,0,2015-01-28 7:00,Property,14.61797303,121.0516572,Rear-End
None,EDSA,None,None,"No Accident Factor, Side Swipe, 0.0 drivers_injured, 0.0 drivers_killed, 0.0 passengers_injured, 0.0 passengers_killed, 0.0 pedestrian_injured, 0.0 pedestrian_killed, Fair (Night), EDSA Balintawak Market Quezon City",MMDA Road Safety Unit,,7fa34fd4-2c6c-4c26-bca2-da53cf7a8cf4,2015-01-27,15:30:00,EDSA Main Ave. Quezon City,0,0,0,0,0,0,0,0,0,0,2015-01-27 23:30,Property,14.65740947,121.0025737,Side Swipe
None,EDSA,None,None,"No Accident Factor, Side Swipe, 0.0 drivers_injured, 0.0 drivers_killed, 0.0 passengers_injured, 0.0 passengers_killed, 0.0 pedestrian_injured, 0.0 pedestrian_killed, Fair (Night), EDSA Aurora Blvd. Quezon City",MMDA Road Safety Unit,,69783a7a-561a-4fd9-b1a3-5bf8a0e7729a,2015-01-27,14:15:00,EDSA  Ortigas (NB)  Quezon City,0,0,0,0,0,0,0,0,0,0,2015-01-27 22:15,Property,14.62163653,121.0501573,Side Swipe
None,EDSA,None,None,"No Accident Factor, Side Swipe, 0.0 drivers_injured, 0.0 drivers_killed, 0.0 passengers_injured, 0.0 passengers_killed, 0.0 pedestrian_injured, 0.0 pedestrian_killed, Fair (Night), EDSA Aurora Blvd. Quezon City",MMDA Road Safety Unit,,15164557-d1b2-4a91-816f-d8ff1d3b2930,2015-01-27,12:30:00,EDSA Boni Ave. (SB)  Quezon City,0,0,0,0,0,0,0,0,0,0,2015-01-27 20:30,Property,14.62163653,121.0501573,Side Swipe
None,EDSA,None,None,"No Accident Factor, No Collision Stated (based on Police Blotter Book), 0.0 drivers_injured, 0.0 drivers_killed, 0.0 passengers_injured, 0.0 passengers_killed, 0.0 pedestrian_injured, 0.0 pedestrian_killed, Fair (Night), EDSA Farmers, Cubao Quezon City",MMDA Road Safety Unit,,959aa8bc-3cf6-40d7-b574-88257ba1a083,2015-01-27,12:15:00,EDSA Cloverleaf Quezon City,0,0,0,0,0,0,0,0,0,0,2015-01-27 20:15,Property,14.61920525,121.0513476,No Collision Stated
None,EDSA,None,None,"No Accident Factor, Side Swipe, 0.0 drivers_injured, 0.0 drivers_killed, 0.0 passengers_injured, 0.0 passengers_killed, 0.0 pedestrian_injured, 0.0 pedestrian_killed, Fair (Night), EDSA Mother Ignacia St. Quezon City",MMDA Road Safety Unit,,daf08b67-9f8e-498c-9127-4c57e1055904,2015-01-27,11:40:00,EDSA Eugenio Lopez Sr. St.  Quezon City,0,0,0,0,0,0,0,0,0,0,2015-01-27 19:40,Property,14.64220321,121.0386692,Side Swipe
None,EDSA,None,None,"No Accident Factor, Side Swipe, 1.0 drivers_injured, 0.0 drivers_killed, 0.0 passengers_injured, 0.0 passengers_killed, 0.0 pedestrian_injured, 0.0 pedestrian_killed, Fair (Day), EDSA Corinthian Garden (Gate 2) Quezon City",MMDA Road Safety Unit,,af489629-87de-4801-912d-6e24f18780c5,2015-01-27,04:00:00,"EDSA ""U"" turn slot, Quirino Ave. Quezon City",0,0,0,1,0,0,0,0,0,1,2015-01-27 12:00,Injury,14.59580783,121.0595248,Side Swipe
None,EDSA,None,None,"No Accident Factor, No Collision Stated (based on Police Blotter Book), 0.0 drivers_injured, 0.0 drivers_killed, 0.0 passengers_injured, 0.0 passengers_killed, 0.0 pedestrian_injured, 0.0 pedestrian_killed, Fair (Day), EDSA Misamis St. Quezon City",MMDA Road Safety Unit,,26bca18c-1f79-45b9-97ae-f16b01d205ad,2015-01-27,00:00:00,"EDSA FF Cruz Office, Kamias Quezon City",0,0,0,0,0,0,0,0,0,0,2015-01-27 8:00,Property,14.65602348,121.0285212,No Collision Stated
None,EDSA,None,None,"No Accident Factor, Side Swipe, 0.0 drivers_injured, 0.0 drivers_killed, 0.0 passengers_injured, 0.0 passengers_killed, 0.0 pedestrian_injured, 0.0 pedestrian_killed, Fair (Day), EDSA Col. Bonny Serrano Ave. Quezon City",MMDA Road Safety Unit,,0889d85d-4578-4e3f-815c-da6e4e58bcd0,2015-01-26,22:15:00,EDSA Monte De Piedad St.  Quezon City,0,0,0,0,0,0,0,0,0,0,2015-01-27 6:15,Property,14.61107337,121.0550705,Side Swipe
None,EDSA,None,None,"No Accident Factor, Side Swipe, 0.0 drivers_injured, 0.0 drivers_killed, 0.0 passengers_injured, 0.0 passengers_killed, 0.0 pedestrian_injured, 0.0 pedestrian_killed, Fair (Night), EDSA Congressional Ave. Quezon City",MMDA Road Safety Unit,,995cba8c-1108-4ca4-9257-4f9629bd63e7,2015-01-26,14:00:00,EDSA Col. Bonny Serrano Ave. Quezon City,0,0,0,0,0,0,0,0,0,0,2015-01-26 22:00,Property,14.6571804,120.9927185,Side Swipe
None,EDSA,None,None,"No Accident Factor, Rear-end, 0.0 drivers_injured, 0.0 drivers_killed, 0.0 passengers_injured, 0.0 passengers_killed, 0.0 pedestrian_injured, 0.0 pedestrian_killed, Fair (Day), EDSA Waltermart, Veterans Quezon City",MMDA Road Safety Unit,,6870852e-9511-40ac-8ee5-98e68751295a,2015-01-26,09:30:00,EDSA Roosevelt Ave.  Quezon City,0,0,0,0,0,0,0,0,0,0,2015-01-26 17:30,Property,14.6574558,121.0213579,Rear-End
None,EDSA,None,None,"No Accident Factor, Rear-end, 0.0 drivers_injured, 0.0 drivers_killed, 0.0 passengers_injured, 0.0 passengers_killed, 0.0 pedestrian_injured, 0.0 pedestrian_killed, Fair (Day), EDSA Balintawak Market Quezon City",MMDA Road Safety Unit,,e35b189e-8c0b-4a11-b194-d77b5f57a2a0,2015-01-26,08:30:00,EDSA East Ave. Quezon City,0,0,0,0,0,0,0,0,0,0,2015-01-26 16:30,Property,14.65740947,121.0025737,Rear-End
None,EDSA,None,None,"No Accident Factor, Rear-end, 0.0 drivers_injured, 0.0 drivers_killed, 0.0 passengers_injured, 0.0 passengers_killed, 0.0 pedestrian_injured, 0.0 pedestrian_killed, Fair (Day), EDSA New York St. Quezon City",MMDA Road Safety Unit,,0fa69e80-d53b-4523-b37f-bc587723eec1,2015-01-26,03:20:00,EDSA Farmers Plaza Quezon City,0,0,0,0,0,0,0,0,0,0,2015-01-26 11:20,Property,14.62568514,121.0482307,Rear-End
None,EDSA,None,None,"No Accident Factor, Hit Parked Vehicle, 0.0 drivers_injured, 0.0 drivers_killed, 0.0 passengers_injured, 0.0 passengers_killed, 0.0 pedestrian_injured, 0.0 pedestrian_killed, Fair (Day), EDSA Ortigas Ave. Quezon City",MMDA Road Safety Unit,,dc8a0147-a2f7-46bb-a038-895aa2e8738b,2015-01-26,00:30:00,EDSA West Ave.  Quezon City,0,0,0,0,0,0,0,0,0,0,2015-01-26 8:30,Property,14.59335253,121.0584107,Hit Object
None,EDSA,None,None,"No Accident Factor, No Collision Stated (based on Police Blotter Book), 0.0 drivers_injured, 0.0 drivers_killed, 0.0 passengers_injured, 0.0 passengers_killed, 0.0 pedestrian_injured, 0.0 pedestrian_killed, Fair (Day), EDSA Bansalangin St. Quezon City",MMDA Road Safety Unit,,48861ff3-59fd-426e-9274-64abc608f93d,2015-01-26,00:25:00,EDSA Dagupan Bus Terminal  Quezon City,0,0,0,0,0,0,0,0,0,0,2015-01-26 8:25,Property,14.6567996,121.0241845,No Collision Stated
None,EDSA,None,None,"No Accident Factor, No Collision Stated (based on Police Blotter Book), 1.0 drivers_injured, 0.0 drivers_killed, 0.0 passengers_injured, 0.0 passengers_killed, 0.0 pedestrian_injured, 0.0 pedestrian_killed, Fair (Day), EDSA Family Market Quezon City",MMDA Road Safety Unit,,c5c47d85-b145-4406-acdc-096dd9241adb,2015-01-26,00:10:00,EDSA Kamuning Road   Quezon City,0,0,0,1,0,0,0,0,0,1,2015-01-26 8:10,Injury,14.61920525,121.0513476,No Collision Stated
None,EDSA,None,None,"No Accident Factor, Rear-end, 0.0 drivers_injured, 0.0 drivers_killed, 0.0 passengers_injured, 0.0 passengers_killed, 0.0 pedestrian_injured, 0.0 pedestrian_killed, Fair (Day), EDSA Corinthian Garden (Gate 2) Quezon City",MMDA Road Safety Unit,,e9ee82d4-3f72-467d-87b4-7aec761dda93,2015-01-25,23:45:00,EDSA Cloverleaf Quezon City,0,0,0,0,0,0,0,0,0,0,2015-01-26 7:45,Property,14.59580783,121.0595248,Rear-End
None,EDSA,None,None,"No Accident Factor, Angle Impact, 0.0 drivers_injured, 0.0 drivers_killed, 0.0 passengers_injured, 0.0 passengers_killed, 0.0 pedestrian_injured, 0.0 pedestrian_killed, Fair (Night), EDSA P. Tuazon Blvd. Quezon City",MMDA Road Safety Unit,,7b44c6bf-9a45-468f-b187-a8f60fae5fc7,2015-01-25,18:30:00,EDSA Cloverleaf Quezon City,0,0,0,0,0,0,0,0,0,0,2015-01-26 2:30,Property,14.61656342,121.0525225,Angle Impact
None,EDSA,None,None,"No Accident Factor, Angle Impact, 0.0 drivers_injured, 0.0 drivers_killed, 0.0 passengers_injured, 0.0 passengers_killed, 0.0 pedestrian_injured, 0.0 pedestrian_killed, Fair (Day), EDSA East Ave. Quezon City",MMDA Road Safety Unit,,c43b94f4-39a1-4154-b572-69dd0d21e5af,2015-01-25,08:10:00,EDSA North Ave. Quezon City,0,0,0,0,0,0,0,0,0,0,2015-01-25 16:10,Property,14.6328297,121.0451176,Angle Impact
None,EDSA,None,None,"No Accident Factor, No Collision Stated (based on Police Blotter Book), 0.0 drivers_injured, 0.0 drivers_killed, 0.0 passengers_injured, 0.0 passengers_killed, 0.0 pedestrian_injured, 0.0 pedestrian_killed, Fair (Day), EDSA Kamuning Road Quezon City",MMDA Road Safety Unit,,d7772140-d77c-4217-8e19-b81c324ae49b,2015-01-25,05:10:00,EDSA Roosevelt Ave. Quezon City,0,0,0,0,0,0,0,0,0,0,2015-01-25 13:10,Property,14.63075725,121.0457548,No Collision Stated
None,EDSA,None,None,"No Accident Factor, Rear-end, 0.0 drivers_injured, 0.0 drivers_killed, 0.0 passengers_injured, 0.0 passengers_killed, 0.0 pedestrian_injured, 0.0 pedestrian_killed, Fair (Night), EDSA West Ave. Quezon City",MMDA Road Safety Unit,,0a381896-2976-4d57-8cd6-c51773004bff,2015-01-24,14:30:00,EDSA P. Tuazon Blvd. Quezon City,0,0,0,0,0,0,0,0,0,0,2015-01-24 22:30,Property,14.65548924,121.0298079,Rear-End
None,EDSA,None,None,"No Accident Factor, No Collision Stated (based on Police Blotter Book), 0.0 drivers_injured, 0.0 drivers_killed, 0.0 passengers_injured, 0.0 passengers_killed, 0.0 pedestrian_injured, 0.0 pedestrian_killed, Fair (Night), EDSA SM North, Bagong Pag-asa Quezon City",MMDA Road Safety Unit,,54add548-d8c8-46bf-8eeb-0726b7ccdb3d,2015-01-24,12:50:00,EDSA Kamuning Road   Quezon City,0,0,0,0,0,0,0,0,0,0,2015-01-24 20:50,Property,14.65645143,121.0271077,No Collision Stated
None,EDSA,None,None,"No Accident Factor, No Collision Stated (based on Police Blotter Book), 0.0 drivers_injured, 0.0 drivers_killed, 0.0 passengers_injured, 0.0 passengers_killed, 0.0 pedestrian_injured, 0.0 pedestrian_killed, Fair (Night), EDSA Quezon Ave. Quezon City",MMDA Road Safety Unit,,cfb2b0f2-cfd6-4206-93e9-40af049d9f28,2015-01-24,12:30:00,EDSA Nepa Q-Mart Quezon City,0,0,0,0,0,0,0,0,0,0,2015-01-24 20:30,Property,14.6442444,121.0375839,No Collision Stated
None,EDSA,None,None,"No Accident Factor, No Collision Stated (based on Police Blotter Book), 0.0 drivers_injured, 0.0 drivers_killed, 0.0 passengers_injured, 0.0 passengers_killed, 0.0 pedestrian_injured, 0.0 pedestrian_killed, Fair (Day), EDSA Gen. Roxas Ave. Quezon City",MMDA Road Safety Unit,,84f5eff2-ff1c-448f-bf21-5d664cb0a1d2,2015-01-24,08:00:00,EDSA Corregidor St. Quezon City,0,0,0,0,0,0,0,0,0,0,2015-01-24 16:00,Property,14.62042254,121.0508064,No Collision Stated
None,EDSA,None,None,"No Accident Factor, Rear-end, 0.0 drivers_injured, 0.0 drivers_killed, 0.0 passengers_injured, 0.0 passengers_killed, 0.0 pedestrian_injured, 0.0 pedestrian_killed, Fair (Day), EDSA Ermin Garcia St. Quezon City",MMDA Road Safety Unit,,9681279d-cbe9-4a77-8bf0-30e2fab985bc,2015-01-24,00:55:00,EDSA Main Ave. Quezon City,0,0,0,0,0,0,0,0,0,0,2015-01-24 8:55,Property,14.62758814,121.047487,Rear-End
None,EDSA,None,None,"No Accident Factor, Side Swipe, 0.0 drivers_injured, 0.0 drivers_killed, 0.0 passengers_injured, 0.0 passengers_killed, 0.0 pedestrian_injured, 0.0 pedestrian_killed, Fair (Day), EDSA Balintawak Cloverleaf Quezon City",MMDA Road Safety Unit,,f41c4642-39ea-4d54-9dc7-dec40e1eed63,2015-01-23,22:45:00,EDSA Waltermart Quezon City,0,0,0,0,0,0,0,0,0,0,2015-01-24 6:45,Property,14.65721982,121.0008093,Side Swipe
None,EDSA,None,None,"No Accident Factor, Side Swipe, 0.0 drivers_injured, 0.0 drivers_killed, 0.0 passengers_injured, 0.0 passengers_killed, 0.0 pedestrian_injured, 0.0 pedestrian_killed, Fair (Night), EDSA Quezon Ave. Quezon City",MMDA Road Safety Unit,,671b7a72-edb1-4fa0-8a10-f3cd40168b7f,2015-01-23,15:00:00,EDSA Cloverleaf    Quezon City,0,0,0,0,0,0,0,0,0,0,2015-01-23 23:00,Property,14.6442444,121.0375839,Side Swipe
None,EDSA,None,None,"No Accident Factor, No Collision Stated (based on Police Blotter Book), 0.0 drivers_injured, 0.0 drivers_killed, 0.0 passengers_injured, 0.0 passengers_killed, 0.0 pedestrian_injured, 0.0 pedestrian_killed, Fair (Night), EDSA SM North, Bagong Pag-asa Quezon City",MMDA Road Safety Unit,,2388ae7c-d345-45bd-8092-d60c5cb467ba,2015-01-23,14:30:00,EDSA Trinoma Quezon City,0,0,0,0,0,0,0,0,0,0,2015-01-23 22:30,Property,14.65645143,121.0271077,No Collision Stated
None,EDSA,None,None,"No Accident Factor, Side Swipe, 0.0 drivers_injured, 0.0 drivers_killed, 0.0 passengers_injured, 0.0 passengers_killed, 0.0 pedestrian_injured, 0.0 pedestrian_killed, Fair (Night), EDSA Kamias Road Quezon City",MMDA Road Safety Unit,,79d76f16-456b-4394-b2fb-ce4b2dc89f76,2015-01-23,14:15:00,"EDSA Jackman, R. Magsaysay Quezon City",0,0,0,0,0,0,0,0,0,0,2015-01-23 22:15,Property,14.6309142,121.0459376,Side Swipe
None,EDSA,None,None,"No Accident Factor, Side Swipe, 0.0 drivers_injured, 0.0 drivers_killed, 0.0 passengers_injured, 0.0 passengers_killed, 0.0 pedestrian_injured, 0.0 pedestrian_killed, Fair (Night), EDSA West Ave. Quezon City",MMDA Road Safety Unit,,b87a3b99-978e-41aa-880e-954e4ba4a81a,2015-01-23,12:30:00,EDSA Toyota North R. Magsaysay Quezon City,0,0,0,0,0,0,0,0,0,0,2015-01-23 20:30,Property,14.65548924,121.0298079,Side Swipe
None,EDSA,None,None,"No Accident Factor, Side Swipe, 0.0 drivers_injured, 0.0 drivers_killed, 0.0 passengers_injured, 0.0 passengers_killed, 0.0 pedestrian_injured, 0.0 pedestrian_killed, Fair (Night), EDSA SM North, Bagong Pag-asa Quezon City",MMDA Road Safety Unit,,40834aff-7e76-48f2-9a6d-5dc194c530d3,2015-01-23,12:30:00,EDSA Ortigas Ave. Quezon City,0,0,0,0,0,0,0,0,0,0,2015-01-23 20:30,Property,14.65645143,121.0271077,Side Swipe