LOCATION_TEXT,ROAD,WEATHER,LIGHT,DESC,REPORTING_AGENCY,MAIN_CAUSE,INCIDENTDETAILS_ID,DATE_UTC,TIME_UTC,ADDRESS,killed_driver,killed_passenger,killed_pedestrian,injured_driver,injured_passenger,injured_pedestrian,killed_uncategorized,injured_uncategorized,killed_total,injured_total,DATETIME_PST,SEVERITY,Y,X,COLLISION_TYPE
None,EDSA,None,None,"No Accident Factor, No Collision Stated (based on Police Blotter Book), 0.0 drivers_injured, 0.0 drivers_killed, 0.0 passengers_injured, 0.0 passengers_killed, 0.0 pedestrian_injured, 0.0 pedestrian_killed, Fair (Night), EDSA West Ave. Quezon City",MMDA Road Safety Unit,,2f70a976-c7a0-4c2e-88ab-7b5fa4525a9d,2015-01-23,11:30:00,EDSA Cloverleaf (SB)  Quezon City,0,0,0,0,0,0,0,0,0,0,2015-01-23 19:30,Property,14.65548924,121.0298079,No Collision Stated
None,EDSA,None,None,"No Accident Factor, No Collision Stated (based on Police Blotter Book), 0.0 drivers_injured, 0.0 drivers_killed, 0.0 passengers_injured, 0.0 passengers_killed, 0.0 pedestrian_injured, 0.0 pedestrian_killed, Fair (Day), EDSA Misamis St. Quezon City",MMDA Road Safety Unit,,3b6ed6cb-45af-425d-bf89-e04f4662c7d4,2015-01-23,08:45:00,EDSA Puregold Super Market  Quezon City,0,0,0,0,0,0,0,0,0,0,2015-01-23 16:45,Property,14.65602348,121.0285212,No Collision Stated
None,EDSA,None,None,"No Accident Factor, No Collision Stated (based on Police Blotter Book), 0.0 drivers_injured, 0.0 drivers_killed, 0.0 passengers_injured, 0.0 passengers_killed, 0.0 pedestrian_injured, 0.0 pedestrian_killed, Fair (Day), EDSA Misamis St. Quezon City",MMDA Road Safety Unit,,4231b846-0eed-472b-8df0-70a6a518394d,2015-01-23,06:20:00,EDSA White Plains Ave. Quezon City,0,0,0,0,0,0,0,0,0,0,2015-01-23 14:20,Property,14.65602348,121.0285212,No Collision Stated
None,EDSA,None,None,"No Accident Factor, No Collision Stated (based on Police Blotter Book), 0.0 drivers_injured, 0.0 drivers_killed, 0.0 passengers_injured, 0.0 passengers_killed, 0.0 pedestrian_injured, 0.0 pedestrian_killed, Fair (Day), EDSA P. Tuazon Blvd. Quezon City",MMDA Road Safety Unit,,3dd8f2e8-0358-4dfd-a48f-1fe43abf4bbc,2015-01-23,05:45:00,EDSA Banahaw St.  Quezon City,0,0,0,0,0,0,0,0,0,0,2015-01-23 13:45,Property,14.61656342,121.0525225,No Collision Stated
None,EDSA,None,None,"No Accident Factor, Rear-end, 0.0 drivers_injured, 0.0 drivers_killed, 0.0 passengers_injured, 0.0 passengers_killed, 0.0 pedestrian_injured, 0.0 pedestrian_killed, Fair (Day), EDSA Aurora Blvd. Quezon City",MMDA Road Safety Unit,,078a3596-5463-4385-8484-5c1462921e8e,2015-01-23,03:50:00,EDSA West Ave.  Quezon City,0,0,0,0,0,0,0,0,0,0,2015-01-23 11:50,Property,14.62163653,121.0501573,Rear-End
None,EDSA,None,None,"No Accident Factor, Hit Parked Vehicle, 0.0 drivers_injured, 0.0 drivers_killed, 0.0 passengers_injured, 0.0 passengers_killed, 0.0 pedestrian_injured, 0.0 pedestrian_killed, Fair (Night), EDSA Balintawak Market Quezon City",MMDA Road Safety Unit,,9c969e3c-85df-42f5-bd50-4d727e70f418,2015-01-22,21:30:00,EDSA  Waltermart San Antonio  Quezon City,0,0,0,0,0,0,0,0,0,0,2015-01-23 5:30,Property,14.65740947,121.0025737,Hit Object
None,EDSA,None,None,"No Accident Factor, Rear-end, 0.0 drivers_injured, 0.0 drivers_killed, 0.0 passengers_injured, 0.0 passengers_killed, 0.0 pedestrian_injured, 0.0 pedestrian_killed, Fair (Night), EDSA Balintawak Cloverleaf Quezon City",MMDA Road Safety Unit,,57458850-a32c-4c88-80a0-ddee72518335,2015-01-22,14:15:00,EDSA Col. Bonny Serrano Ave. Quezon City,0,0,0,0,0,0,0,0,0,0,2015-01-22 22:15,Property,14.65721982,121.0008093,Rear-End
None,EDSA,None,None,"No Accident Factor, No Collision Stated (based on Police Blotter Book), 0.0 drivers_injured, 0.0 drivers_killed, 0.0 passengers_injured, 0.0 passengers_killed, 0.0 pedestrian_injured, 0.0 pedestrian_killed, Fair (Night), EDSA Mindanao Ave. Ext. Quezon City",MMDA Road Safety Unit,,50c6d606-7b83-4c3f-ba05-70713e8edc26,2015-01-22,13:30:00,EDSA DILG Bldg. Philam  Quezon City,0,0,0,0,0,0,0,0,0,0,2015-01-22 21:30,Property,14.65052386,121.0335656,No Collision Stated
None,EDSA,None,None,"No Accident Factor, No Collision Stated (based on Police Blotter Book), 0.0 drivers_injured, 0.0 drivers_killed, 0.0 passengers_injured, 0.0 passengers_killed, 0.0 pedestrian_injured, 0.0 pedestrian_killed, Fair (Night), EDSA San Martin De Porres St. Quezon City",MMDA Road Safety Unit,,0a1110a0-ad35-4a2b-8986-4bdb3e57a090,2015-01-22,13:30:00,EDSA Timog Ave.  Quezon City,0,0,0,0,0,0,0,0,0,0,2015-01-22 21:30,Property,14.61806207,121.0516007,No Collision Stated
None,EDSA,None,None,"No Accident Factor, Rear-end, 0.0 drivers_injured, 0.0 drivers_killed, 0.0 passengers_injured, 0.0 passengers_killed, 0.0 pedestrian_injured, 0.0 pedestrian_killed, Fair (Night), EDSA Gen. Malvar Ave. Quezon City",MMDA Road Safety Unit,,b96b927f-f673-4ef0-a473-70147c2203e7,2015-01-22,10:00:00,EDSA Aurora Blvd. (EB)  Quezon City,0,0,0,0,0,0,0,0,0,0,2015-01-22 18:00,Property,14.65736608,120.9931785,Rear-End
None,EDSA,None,None,"No Accident Factor, Rear-end, 0.0 drivers_injured, 0.0 drivers_killed, 0.0 passengers_injured, 0.0 passengers_killed, 0.0 pedestrian_injured, 0.0 pedestrian_killed, Fair (Day), EDSA ""U"" turn slot, Trinoma Mall Quezon City",MMDA Road Safety Unit,,3abfa3ab-7b71-4df9-a953-ef4dab6b726f,2015-01-22,08:45:00,EDSA Nueva Ecija St.  Quezon City,0,0,0,0,0,0,0,0,0,0,2015-01-22 16:45,Property,14.65360193,121.0314064,Rear-End
None,EDSA,None,None,"No Accident Factor, No Collision Stated (based on Police Blotter Book), 0.0 drivers_injured, 0.0 drivers_killed, 0.0 passengers_injured, 0.0 passengers_killed, 0.0 pedestrian_injured, 0.0 pedestrian_killed, Fair (Day), EDSA MRT-Timog Station Quezon City",MMDA Road Safety Unit,,6d803200-344c-461b-9910-bfb62acd4085,2015-01-22,00:30:00,"EDSA ""U"" turn slot, Col. Bonny Serrano Ave. Quezon City",0,0,0,0,0,0,0,0,0,0,2015-01-22 8:30,Property,14.63513784,121.0435059,No Collision Stated
None,EDSA,None,None,"No Accident Factor, No Collision Stated (based on Police Blotter Book), 0.0 drivers_injured, 0.0 drivers_killed, 0.0 passengers_injured, 0.0 passengers_killed, 0.0 pedestrian_injured, 0.0 pedestrian_killed, Fair (Day), EDSA Congressional Ave. Quezon City",MMDA Road Safety Unit,,f29b0acd-5c88-436e-a93f-af40eb61212b,2015-01-21,22:30:00,EDSA Misamis St.  Quezon City,0,0,0,0,0,0,0,0,0,0,2015-01-22 6:30,Property,14.6571804,120.9927185,No Collision Stated
None,EDSA,None,None,"No Accident Factor, Rear-end, 0.0 drivers_injured, 0.0 drivers_killed, 0.0 passengers_injured, 0.0 passengers_killed, 0.0 pedestrian_injured, 0.0 pedestrian_killed, Fair (Day), EDSA Ermin Garcia St. Quezon City",MMDA Road Safety Unit,,e03eb9fd-2300-48d5-9b38-a68bac72f6b8,2015-01-21,22:00:00,EDSA Station 10 Kamuning  Quezon City,0,0,0,0,0,0,0,0,0,0,2015-01-22 6:00,Property,14.62758814,121.047487,Rear-End
None,EDSA,None,None,"No Accident Factor, No Collision Stated (based on Police Blotter Book), 0.0 drivers_injured, 0.0 drivers_killed, 0.0 passengers_injured, 0.0 passengers_killed, 0.0 pedestrian_injured, 0.0 pedestrian_killed, Fair (Night), EDSA North Ave. Quezon City",MMDA Road Safety Unit,,89d05852-af43-4b4f-b1d7-918cdb9c5224,2015-01-21,11:35:00,EDSA Misamis St.  Quezon City,0,0,0,0,0,0,0,0,0,0,2015-01-21 19:35,Property,14.65553839,121.0299647,No Collision Stated
None,EDSA,None,None,"No Accident Factor, No Collision Stated (based on Police Blotter Book), 0.0 drivers_injured, 0.0 drivers_killed, 0.0 passengers_injured, 0.0 passengers_killed, 0.0 pedestrian_injured, 0.0 pedestrian_killed, Fair (Night), EDSA Corregidor St. Quezon City",MMDA Road Safety Unit,,adc48d25-a995-47c2-8530-18388828940d,2015-01-21,11:00:00,EDSA P. Tuazon Blvd.  Quezon City,0,0,0,0,0,0,0,0,0,0,2015-01-21 19:00,Property,14.65707679,121.0241648,No Collision Stated
None,EDSA,None,None,"No Accident Factor, No Collision Stated (based on Police Blotter Book), 1.0 drivers_injured, 0.0 drivers_killed, 0.0 passengers_injured, 0.0 passengers_killed, 0.0 pedestrian_injured, 0.0 pedestrian_killed, Fair (Night), EDSA Col. Bonny Serrano Ave. Quezon City",MMDA Road Safety Unit,,cc0effc6-49ed-4c0a-8163-0859623ef099,2015-01-21,10:00:00,EDSA Mindanao Ave.  Quezon City,0,0,0,1,0,0,0,0,0,1,2015-01-21 18:00,Injury,14.61107337,121.0550705,No Collision Stated
None,EDSA,None,None,"No Accident Factor, No Collision Stated (based on Police Blotter Book), 0.0 drivers_injured, 0.0 drivers_killed, 0.0 passengers_injured, 0.0 passengers_killed, 0.0 pedestrian_injured, 0.0 pedestrian_killed, Fair (Night), EDSA North Ave. Quezon City",MMDA Road Safety Unit,,7ee44a32-7664-4e56-a72b-b14caf6d2ae0,2015-01-20,15:00:00,EDSA Aurora Blvd. (EB)  Quezon City,0,0,0,0,0,0,0,0,0,0,2015-01-20 23:00,Property,14.65553839,121.0299647,No Collision Stated
None,EDSA,None,None,"No Accident Factor, No Collision Stated (based on Police Blotter Book), 0.0 drivers_injured, 0.0 drivers_killed, 0.0 passengers_injured, 0.0 passengers_killed, 0.0 pedestrian_injured, 0.0 pedestrian_killed, Fair (Night), EDSA ETON Centris, Pinyahan Quezon City",MMDA Road Safety Unit,,bb741ef7-9f7d-4217-861e-c2dc023d619c,2015-01-20,14:00:00,EDSA GMA-7 MRT Station  Quezon City,0,0,0,0,0,0,0,0,0,0,2015-01-20 22:00,Property,14.64266722,121.0386872,No Collision Stated
None,EDSA,None,None,"No Accident Factor, No Collision Stated (based on Police Blotter Book), 0.0 drivers_injured, 0.0 drivers_killed, 0.0 passengers_injured, 0.0 passengers_killed, 0.0 pedestrian_injured, 0.0 pedestrian_killed, Fair (Night), EDSA ""U"" turn slot, Quezon Ave. Quezon City",MMDA Road Safety Unit,,42a2fa49-91a8-4640-8f2d-6c10edde01f8,2015-01-20,13:20:00,EDSA Cloverleaf Road Quezon City,0,0,0,0,0,0,0,0,0,0,2015-01-20 21:20,Property,14.64518409,121.0368843,No Collision Stated
None,EDSA,None,None,"No Accident Factor, No Collision Stated (based on Police Blotter Book), 0.0 drivers_injured, 0.0 drivers_killed, 0.0 passengers_injured, 0.0 passengers_killed, 0.0 pedestrian_injured, 0.0 pedestrian_killed, Fair (Night), EDSA North Ave. Quezon City",MMDA Road Safety Unit,,fbd1e4ce-4539-41c8-8eb6-aa4f84a6c8f6,2015-01-20,11:45:00,EDSA Kaingin Road Quezon City,0,0,0,0,0,0,0,0,0,0,2015-01-20 19:45,Property,14.65553839,121.0299647,No Collision Stated
None,EDSA,None,None,"No Accident Factor, No Collision Stated (based on Police Blotter Book), 0.0 drivers_injured, 0.0 drivers_killed, 0.0 passengers_injured, 0.0 passengers_killed, 0.0 pedestrian_injured, 0.0 pedestrian_killed, Fair (Day), EDSA MRT-Santolan Station Quezon City",MMDA Road Safety Unit,,16241156-102b-4c00-b0b1-dd77f2ff9a34,2015-01-20,09:30:00,EDSA Toyota North R. Magsaysay Quezon City,0,0,0,0,0,0,0,0,0,0,2015-01-20 17:30,Property,14.60772541,121.056443,No Collision Stated
None,EDSA,None,None,"No Accident Factor, Side Swipe, 0.0 drivers_injured, 0.0 drivers_killed, 0.0 passengers_injured, 0.0 passengers_killed, 0.0 pedestrian_injured, 0.0 pedestrian_killed, Fair (Day), EDSA Misamis St. Quezon City",MMDA Road Safety Unit,,b92885af-ba53-4352-b34a-6da61cf397a1,2015-01-20,08:20:00,EDSA Aurora Blvd.  Quezon City,0,0,0,0,0,0,0,0,0,0,2015-01-20 16:20,Property,14.65602348,121.0285212,Side Swipe
None,EDSA,None,None,"No Accident Factor, No Collision Stated (based on Police Blotter Book), 0.0 drivers_injured, 0.0 drivers_killed, 0.0 passengers_injured, 0.0 passengers_killed, 0.0 pedestrian_injured, 0.0 pedestrian_killed, Fair (Day), EDSA ""U"" turn slot, Trinoma Mall Quezon City",MMDA Road Safety Unit,,e22a69d4-4fff-4bda-bddf-d12248811d1e,2015-01-20,07:00:00,EDSA  Col. Bonny Serrano Ave.  Quezon City,0,0,0,0,0,0,0,0,0,0,2015-01-20 15:00,Property,14.65360193,121.0314064,No Collision Stated
None,EDSA,None,None,"No Accident Factor, Side Swipe, 0.0 drivers_injured, 0.0 drivers_killed, 0.0 passengers_injured, 0.0 passengers_killed, 0.0 pedestrian_injured, 0.0 pedestrian_killed, Fair (Day), EDSA Balintawak Cloverleaf Quezon City",MMDA Road Safety Unit,,0826b3bd-5703-401e-8ad7-6b2077d39697,2015-01-20,04:15:00,EDSA Aurora Blvd.  Quezon City,0,0,0,0,0,0,0,0,0,0,2015-01-20 12:15,Property,14.65721982,121.0008093,Side Swipe
None,EDSA,None,None,"No Accident Factor, No Collision Stated (based on Police Blotter Book), 0.0 drivers_injured, 0.0 drivers_killed, 0.0 passengers_injured, 0.0 passengers_killed, 0.0 pedestrian_injured, 0.0 pedestrian_killed, Fair (Day), EDSA North Ave. Quezon City",MMDA Road Safety Unit,,f462b324-4418-4e4b-a490-bb2b5ebebd0d,2015-01-20,03:00:00,EDSA  Col. Bonny Serrano Ave.  Quezon City,0,0,0,0,0,0,0,0,0,0,2015-01-20 11:00,Property,14.65553839,121.0299647,No Collision Stated
None,EDSA,None,None,"No Accident Factor, Side Swipe, 0.0 drivers_injured, 0.0 drivers_killed, 0.0 passengers_injured, 0.0 passengers_killed, 0.0 pedestrian_injured, 0.0 pedestrian_killed, Fair (Day), EDSA East Ave. (EB) Quezon City",MMDA Road Safety Unit,,724c1da9-2cea-4c7d-9f41-d15b9e294bc0,2015-01-20,01:40:00,EDSA Cloverleaf Road Quezon City,0,0,0,0,0,0,0,0,0,0,2015-01-20 9:40,Property,14.6328297,121.0451176,Side Swipe
None,EDSA,None,None,"No Accident Factor, Side Swipe, 0.0 drivers_injured, 0.0 drivers_killed, 0.0 passengers_injured, 0.0 passengers_killed, 0.0 pedestrian_injured, 0.0 pedestrian_killed, Fair (Day), EDSA Waltermart, Veterans Quezon City",MMDA Road Safety Unit,,5a31edde-24aa-456e-83ac-a723ffe132cc,2015-01-20,01:15:00,EDSA Misamis St.  Quezon City,0,0,0,0,0,0,0,0,0,0,2015-01-20 9:15,Property,14.6574558,121.0213579,Side Swipe
None,EDSA,None,None,"No Accident Factor, Rear-end, 0.0 drivers_injured, 0.0 drivers_killed, 0.0 passengers_injured, 0.0 passengers_killed, 0.0 pedestrian_injured, 0.0 pedestrian_killed, Fair (Day), EDSA Monte De Piedad St. Quezon City",MMDA Road Safety Unit,,c45e75f0-8849-4d94-ad9d-0519e6533d89,2015-01-20,00:15:00,EDSA Col. Bonny Serrano Ave. (WB) Quezon City,0,0,0,0,0,0,0,0,0,0,2015-01-20 8:15,Property,14.62346937,121.0491711,Rear-End
None,EDSA,None,None,"No Accident Factor, No Collision Stated (based on Police Blotter Book), 0.0 drivers_injured, 0.0 drivers_killed, 0.0 passengers_injured, 0.0 passengers_killed, 0.0 pedestrian_injured, 0.0 pedestrian_killed, Fair (Day), EDSA North Ave. Quezon City",MMDA Road Safety Unit,,b316f07c-3002-4ad2-8321-58a4d4bd2e8a,2015-01-20,00:00:00,EDSA North Ave. MRT Station  Quezon City,0,0,0,0,0,0,0,0,0,0,2015-01-20 8:00,Property,14.65553839,121.0299647,No Collision Stated
None,EDSA,None,None,"No Accident Factor, Side Swipe, 0.0 drivers_injured, 0.0 drivers_killed, 0.0 passengers_injured, 0.0 passengers_killed, 0.0 pedestrian_injured, 0.0 pedestrian_killed, Fair (Day), EDSA K-3rd St. Ext. Quezon City",MMDA Road Safety Unit,,24d0ea43-21bc-448c-9d1a-3620aaddfbfd,2015-01-19,23:10:00,"EDSA Quezon Ave. ""U"" turn slot Quezon City",0,0,0,0,0,0,0,0,0,0,2015-01-20 7:10,Property,14.62942357,121.0463854,Side Swipe
None,EDSA,None,None,"No Accident Factor, Rear-end, 0.0 drivers_injured, 0.0 drivers_killed, 0.0 passengers_injured, 0.0 passengers_killed, 0.0 pedestrian_injured, 0.0 pedestrian_killed, Fair (Day), EDSA P. Tuazon Blvd. Quezon City",MMDA Road Safety Unit,,ba61962c-c40c-4274-8d41-551f660411b8,2015-01-19,22:45:00,EDSA Cloverleaf Road Quezon City,0,0,0,0,0,0,0,0,0,0,2015-01-20 6:45,Property,14.61656342,121.0525225,Rear-End
None,EDSA,None,None,"No Accident Factor, Side Swipe, 0.0 drivers_injured, 0.0 drivers_killed, 0.0 passengers_injured, 0.0 passengers_killed, 0.0 pedestrian_injured, 0.0 pedestrian_killed, Fair (Day), EDSA Ermin Garcia St. Quezon City",MMDA Road Safety Unit,,583b4e3e-b78e-4809-b9d7-45747218873a,2015-01-19,07:00:00,EDSA West Ave.  Quezon City,0,0,0,0,0,0,0,0,0,0,2015-01-19 15:00,Property,14.62758814,121.047487,Side Swipe
None,EDSA,None,None,"No Accident Factor, Hit and Run (Side Swipe), 0.0 drivers_injured, 0.0 drivers_killed, 0.0 passengers_injured, 0.0 passengers_killed, 0.0 pedestrian_injured, 0.0 pedestrian_killed, Fair (Day), EDSA Congressional Ave. Quezon City",MMDA Road Safety Unit,,b3f30c2c-6071-48f1-af42-8210f005cd22,2015-01-19,06:40:00,EDSA Roosevelt Ave.  Quezon City,0,0,0,0,0,0,0,0,0,0,2015-01-19 14:40,Property,14.6571804,120.9927185,Side Swipe
None,EDSA,None,None,"No Accident Factor, No Collision Stated (based on Police Blotter Book), 0.0 drivers_injured, 0.0 drivers_killed, 0.0 passengers_injured, 0.0 passengers_killed, 0.0 pedestrian_injured, 0.0 pedestrian_killed, Fair (Day), EDSA P. Tuazon Blvd. Quezon City",MMDA Road Safety Unit,,28266a1d-1ee2-43d3-abc4-a9adf5b88413,2015-01-19,02:40:00,EDSA Waltermart Quezon City,0,0,0,0,0,0,0,0,0,0,2015-01-19 10:40,Property,14.61656342,121.0525225,No Collision Stated
None,EDSA,None,None,"No Accident Factor, Hit Object (No Object Stated), 0.0 drivers_injured, 0.0 drivers_killed, 0.0 passengers_injured, 0.0 passengers_killed, 0.0 pedestrian_injured, 0.0 pedestrian_killed, Fair (Night), EDSA P. Tuazon Blvd. Quezon City",MMDA Road Safety Unit,,d73eebc8-f172-4799-be25-a3904cd33e72,2015-01-18,21:30:00,"EDSA  ""U"" turn slot, Guzent Building Quezon City",0,0,0,0,0,0,0,0,0,0,2015-01-19 5:30,Property,14.61656342,121.0525225,Hit Object
None,EDSA,None,None,"No Accident Factor, No Collision Stated (based on Police Blotter Book), 0.0 drivers_injured, 0.0 drivers_killed, 0.0 passengers_injured, 0.0 passengers_killed, 0.0 pedestrian_injured, 0.0 pedestrian_killed, Fair (Day), EDSA ""U"" turn slot, Fema Road Quezon City",MMDA Road Safety Unit,,21988ff4-73b2-425b-bca2-e1c2321cb9bf,2015-01-18,02:50:00,EDSA P. Tuazon Blvd.  Quezon City,0,0,0,0,0,0,0,0,0,0,2015-01-18 10:50,Property,14.65760595,121.0161649,No Collision Stated
None,EDSA,None,None,"No Accident Factor, Rear-end, 0.0 drivers_injured, 0.0 drivers_killed, 0.0 passengers_injured, 0.0 passengers_killed, 0.0 pedestrian_injured, 0.0 pedestrian_killed, Fair (Day), EDSA Balintawak Market Quezon City",MMDA Road Safety Unit,,3f119367-0f8a-467d-a58b-34075b9fd042,2015-01-18,02:45:00,EDSA Basalangin St.  Quezon City,0,0,0,0,0,0,0,0,0,0,2015-01-18 10:45,Property,14.65740947,121.0025737,Rear-End
None,EDSA,None,None,"No Accident Factor, Hit Object (No Object Stated), 0.0 drivers_injured, 0.0 drivers_killed, 0.0 passengers_injured, 0.0 passengers_killed, 0.0 pedestrian_injured, 0.0 pedestrian_killed, Fair (Night), EDSA P. Bernardo St. Quezon City",MMDA Road Safety Unit,,c05795c1-e597-479e-a2af-d4eb2c21a06f,2015-01-17,18:00:00,EDSA Balintawak Market Quezon City,0,0,0,0,0,0,0,0,0,0,2015-01-18 2:00,Property,14.61660092,121.0524313,Hit Object
None,EDSA,None,None,"No Accident Factor, Rear-end, 1.0 drivers_injured, 0.0 drivers_killed, 0.0 passengers_injured, 0.0 passengers_killed, 0.0 pedestrian_injured, 0.0 pedestrian_killed, Fair (Night), EDSA West Ave. Quezon City",MMDA Road Safety Unit,,357064f7-97a8-4595-ae14-8ef5f2dd723b,2015-01-17,12:35:00,EDSA Paramount Philam  Quezon City,0,0,0,1,0,0,0,0,0,1,2015-01-17 20:35,Injury,14.65548924,121.0298079,Rear-End
None,EDSA,None,None,"No Accident Factor, Rear-end, 0.0 drivers_injured, 0.0 drivers_killed, 0.0 passengers_injured, 0.0 passengers_killed, 0.0 pedestrian_injured, 0.0 pedestrian_killed, Fair (Day), EDSA Col. Bonny Serrano Ave. Quezon City",MMDA Road Safety Unit,,52dccb34-810e-4671-90bf-2c0e7b8cd06b,2015-01-17,02:35:00,EDSA Aurora Blvd.  Quezon City,0,0,0,0,0,0,0,0,0,0,2015-01-17 10:35,Property,14.61107337,121.0550705,Rear-End
None,EDSA,None,None,"No Accident Factor, No Collision Stated (based on Police Blotter Book), 0.0 drivers_injured, 0.0 drivers_killed, 0.0 passengers_injured, 0.0 passengers_killed, 0.0 pedestrian_injured, 0.0 pedestrian_killed, Fair (Day), EDSA Waltermart Loading Bay Quezon City",MMDA Road Safety Unit,,ae4c9ca4-44f2-474d-b28a-220dab9c2e09,2015-01-16,09:55:00,EDSA Roosevelt Ave.  Quezon City,0,0,0,0,0,0,0,0,0,0,2015-01-16 17:55,Property,14.6574558,121.0213579,No Collision Stated
None,EDSA,None,None,"No Accident Factor, No Collision Stated (based on Police Blotter Book), 0.0 drivers_injured, 0.0 drivers_killed, 0.0 passengers_injured, 0.0 passengers_killed, 0.0 pedestrian_injured, 0.0 pedestrian_killed, Fair (Day), EDSA Shell Gas Station, Katipu Quezon City",MMDA Road Safety Unit,,cb466cdc-3909-46cb-8d04-8750f4490369,2015-01-16,09:40:00,EDSA  P. Tuazon Blvd.  Quezon City,0,0,0,0,0,0,0,0,0,0,2015-01-16 17:40,Property,14.65744481,121.0162804,No Collision Stated
None,EDSA,None,None,"No Accident Factor, No Collision Stated (based on Police Blotter Book), 0.0 drivers_injured, 0.0 drivers_killed, 0.0 passengers_injured, 0.0 passengers_killed, 0.0 pedestrian_injured, 0.0 pedestrian_killed, Fair (Day), EDSA UNTV, Phil-Am Quezon City",MMDA Road Safety Unit,,a2c0ba72-ae4d-49a6-a423-fb58fa42d952,2015-01-16,09:30:00,EDSA Quezon Ave.  Quezon City,0,0,0,0,0,0,0,0,0,0,2015-01-16 17:30,Property,14.64959397,121.0338735,No Collision Stated
None,EDSA,None,None,"No Accident Factor, No Collision Stated (based on Police Blotter Book), 0.0 drivers_injured, 0.0 drivers_killed, 0.0 passengers_injured, 0.0 passengers_killed, 0.0 pedestrian_injured, 0.0 pedestrian_killed, Fair (Day), EDSA ""U"" turn slot, MRT-? Station Quezon City",MMDA Road Safety Unit,,83dfbc51-be1a-4ae6-859d-0f5718627d30,2015-01-16,07:15:00,EDSA Mindanao Ave. Extn .  Quezon City,0,0,0,0,0,0,0,0,0,0,2015-01-16 15:15,Property,14.65358965,121.0313672,No Collision Stated
None,EDSA,None,None,"No Accident Factor, Side Swipe, 0.0 drivers_injured, 0.0 drivers_killed, 0.0 passengers_injured, 0.0 passengers_killed, 0.0 pedestrian_injured, 0.0 pedestrian_killed, Fair (Day), EDSA Balintawak Cloverleaf Quezon City",MMDA Road Safety Unit,,2cf827a7-2bed-49e1-ae5c-bd1aa32a5594,2015-01-16,06:00:00,EDSA  Ortigas Ave.  Quezon City,0,0,0,0,0,0,0,0,0,0,2015-01-16 14:00,Property,14.65721982,121.0008093,Side Swipe
None,EDSA,None,None,"No Accident Factor, Hit and Run (Side Swipe), 0.0 drivers_injured, 0.0 drivers_killed, 0.0 passengers_injured, 0.0 passengers_killed, 0.0 pedestrian_injured, 0.0 pedestrian_killed, Fair (Night), EDSA Main Ave. Quezon City",MMDA Road Safety Unit,,f7dc5326-2f1f-45e1-b3a9-8874cbde67e4,2015-01-15,14:00:00,EDSA Camp Crame  Quezon City,0,0,0,0,0,0,0,0,0,0,2015-01-15 22:00,Property,14.61376458,121.0537933,Side Swipe
None,EDSA,None,None,"No Accident Factor, No Collision Stated (based on Police Blotter Book), 0.0 drivers_injured, 0.0 drivers_killed, 0.0 passengers_injured, 0.0 passengers_killed, 0.0 pedestrian_injured, 0.0 pedestrian_killed, Fair (Night), EDSA K-3rd St. Ext. Quezon City",MMDA Road Safety Unit,,f2ef8d16-8d7f-4b0b-aa5d-1be4e332b8a5,2015-01-15,12:00:00,EDSA Misamis St.  Quezon City,0,0,0,0,0,0,0,0,0,0,2015-01-15 20:00,Property,14.62942357,121.0463854,No Collision Stated
None,EDSA,None,None,"No Accident Factor, No Collision Stated (based on Police Blotter Book), 1.0 drivers_injured, 0.0 drivers_killed, 0.0 passengers_injured, 0.0 passengers_killed, 0.0 pedestrian_injured, 0.0 pedestrian_killed, Fair (Day), EDSA SM North, Bagong Pag-asa Quezon City",MMDA Road Safety Unit,,7ec5b078-056f-44be-933d-aa6d506c4018,2015-01-15,09:50:00,EDSA Balintawak Market Quezon City,0,0,0,1,0,0,0,0,0,1,2015-01-15 17:50,Injury,14.65645143,121.0271077,No Collision Stated
None,EDSA,None,None,"No Accident Factor, No Collision Stated (based on Police Blotter Book), 0.0 drivers_injured, 0.0 drivers_killed, 0.0 passengers_injured, 0.0 passengers_killed, 0.0 pedestrian_injured, 0.0 pedestrian_killed, Fair (Day), EDSA ""U"" turn slot, SM North Quezon City",MMDA Road Safety Unit,,26eb56cf-f7f4-48a0-8eba-19c7305a8dfd,2015-01-15,03:00:00,EDSA Timog Ave.  Quezon City,0,0,0,0,0,0,0,0,0,0,2015-01-15 11:00,Property,14.65632137,121.0266327,No Collision Stated
None,EDSA,None,None,"No Accident Factor, Side Swipe, 0.0 drivers_injured, 0.0 drivers_killed, 0.0 passengers_injured, 0.0 passengers_killed, 0.0 pedestrian_injured, 0.0 pedestrian_killed, Fair (Night), EDSA MRT-Balintawak Station Quezon City",MMDA Road Safety Unit,,df33c839-875b-46c0-9000-1b272528a90b,2015-01-14,21:10:00,EDSA Main Ave.  Quezon City,0,0,0,0,0,0,0,0,0,0,2015-01-15 5:10,Property,14.65739001,121.003878,Side Swipe