LOCATION_TEXT,ROAD,WEATHER,LIGHT,DESC,REPORTING_AGENCY,MAIN_CAUSE,INCIDENTDETAILS_ID,DATE_UTC,TIME_UTC,ADDRESS,killed_driver,killed_passenger,killed_pedestrian,injured_driver,injured_passenger,injured_pedestrian,killed_uncategorized,injured_uncategorized,killed_total,injured_total,DATETIME_PST,SEVERITY,Y,X,COLLISION_TYPE
None,EDSA,None,None,"No Accident Factor, Rear-end, 0.0 drivers_injured, 0.0 drivers_killed, 0.0 passengers_injured, 0.0 passengers_killed, 0.0 pedestrian_injured, 0.0 pedestrian_killed, Fair (Night), EDSA Camp Crame Quezon City",MMDA Road Safety Unit,,a6720d77-7a06-411b-95da-892b222b8265,2015-01-14,17:40:00,"EDSA  Santolan MRT Station, Socorro Quezon City",0,0,0,0,0,0,0,0,0,0,2015-01-15 1:40,Property,14.60923788,121.0557422,Rear-End
None,EDSA,None,None,"No Accident Factor, No Collision Stated (based on Police Blotter Book), 0.0 drivers_injured, 0.0 drivers_killed, 0.0 passengers_injured, 0.0 passengers_killed, 0.0 pedestrian_injured, 0.0 pedestrian_killed, Fair (Night), EDSA Mindanao Ave. Ext. Quezon City",MMDA Road Safety Unit,,8322f2cf-2e9f-4640-b4e6-e7f813493812,2015-01-14,13:55:00,EDSA  Col. Bonny Serrano Ave.  Quezon City,0,0,0,0,0,0,0,0,0,0,2015-01-14 21:55,Property,14.65052386,121.0335656,No Collision Stated
None,EDSA,None,None,"No Accident Factor, No Collision Stated (based on Police Blotter Book), 0.0 drivers_injured, 0.0 drivers_killed, 0.0 passengers_injured, 0.0 passengers_killed, 0.0 pedestrian_injured, 0.0 pedestrian_killed, Fair (Night), EDSA SM North, Bagong Pag-asa Quezon City",MMDA Road Safety Unit,,db784aa4-c4b5-4744-8b45-bcbd803af4df,2015-01-14,12:45:00,EDSA  Mapagmahal St. (JAC Liner Bus Terminal) Quezon City,0,0,0,0,0,0,0,0,0,0,2015-01-14 20:45,Property,14.65645143,121.0271077,No Collision Stated
None,EDSA,None,None,"No Accident Factor, Side Swipe, 0.0 drivers_injured, 0.0 drivers_killed, 0.0 passengers_injured, 0.0 passengers_killed, 0.0 pedestrian_injured, 0.0 pedestrian_killed, Fair (Day), EDSA SM North, Bagong Pag-asa Quezon City",MMDA Road Safety Unit,,06bd2bb7-cca4-4a58-89e2-7c318255a8f5,2015-01-14,08:45:00,EDSA  New York St. (ES Bus Terminal) Quezon City,0,0,0,0,0,0,0,0,0,0,2015-01-14 16:45,Property,14.65645143,121.0271077,Side Swipe
None,EDSA,None,None,"No Accident Factor, Side Swipe, 0.0 drivers_injured, 0.0 drivers_killed, 0.0 passengers_injured, 0.0 passengers_killed, 0.0 pedestrian_injured, 0.0 pedestrian_killed, Fair (Day), EDSA West Ave. Quezon City",MMDA Road Safety Unit,,61ad126c-355c-4a5e-98d7-a0e0c9a86e82,2015-01-14,07:00:00,EDSA Corregidor St.  Quezon City,0,0,0,0,0,0,0,0,0,0,2015-01-14 15:00,Property,14.65548924,121.0298079,Side Swipe
None,EDSA,None,None,"No Accident Factor, Rear-end, 0.0 drivers_injured, 0.0 drivers_killed, 0.0 passengers_injured, 0.0 passengers_killed, 0.0 pedestrian_injured, 0.0 pedestrian_killed, Fair (Day), EDSA Timog Ave. Quezon City",MMDA Road Safety Unit,,ffb530bc-662b-41f1-8fba-dba89cb5435c,2015-01-14,04:15:00,"EDSA  ""U"" turn slot, Quezon Ave.  Quezon City",0,0,0,0,0,0,0,0,0,0,2015-01-14 12:15,Property,14.63293559,121.0446304,Rear-End
None,EDSA,None,None,"No Accident Factor, No Collision Stated (based on Police Blotter Book), 0.0 drivers_injured, 0.0 drivers_killed, 0.0 passengers_injured, 0.0 passengers_killed, 0.0 pedestrian_injured, 0.0 pedestrian_killed, Fair (Day), EDSA Congressional Ave. Quezon City",MMDA Road Safety Unit,,ee6a91fc-8bf5-4779-861d-8fc5c3de2b24,2015-01-14,03:15:00,EDSA Camp Gen. Aguinaldo Quezon City,0,0,0,0,0,0,0,0,0,0,2015-01-14 11:15,Property,14.6571804,120.9927185,No Collision Stated
None,EDSA,None,None,"No Accident Factor, Hit Object (Taho Container), 0.0 drivers_injured, 0.0 drivers_killed, 0.0 passengers_injured, 0.0 passengers_killed, 0.0 pedestrian_injured, 0.0 pedestrian_killed, Fair (Night), EDSA East Ave. Quezon City",MMDA Road Safety Unit,,cdd28d99-0e4a-4408-a713-5a213b8394fd,2015-01-13,20:00:00,EDSA Santolan MRT Station  Quezon City,0,0,0,0,0,0,0,0,0,0,2015-01-14 4:00,Property,14.6328297,121.0451176,Hit Object
None,EDSA,None,None,"No Accident Factor, No Collision Stated (based on Police Blotter Book), 0.0 drivers_injured, 0.0 drivers_killed, 0.0 passengers_injured, 0.0 passengers_killed, 0.0 pedestrian_injured, 0.0 pedestrian_killed, Fair (Night), EDSA West Ave. Quezon City",MMDA Road Safety Unit,,c6cd7316-5b70-4fbb-b8f1-c13083379cae,2015-01-13,11:30:00,EDSA  Whiteplains Ave. Quezon City,0,0,0,0,0,0,0,0,0,0,2015-01-13 19:30,Property,14.65548924,121.0298079,No Collision Stated
None,EDSA,None,None,"No Accident Factor, No Collision Stated (based on Police Blotter Book), 0.0 drivers_injured, 0.0 drivers_killed, 0.0 passengers_injured, 0.0 passengers_killed, 0.0 pedestrian_injured, 0.0 pedestrian_killed, Fair (Day), EDSA Quezon Ave. Quezon City",MMDA Road Safety Unit,,003bf0ac-39fb-4cb0-b632-43d5cc237e15,2015-01-13,04:55:00,EDSA Col. Bonny Serrano Ave. Quezon City,0,0,0,0,0,0,0,0,0,0,2015-01-13 12:55,Property,14.6442444,121.0375839,No Collision Stated
None,EDSA,None,None,"No Accident Factor, No Collision Stated (based on Police Blotter Book), 0.0 drivers_injured, 0.0 drivers_killed, 0.0 passengers_injured, 0.0 passengers_killed, 0.0 pedestrian_injured, 0.0 pedestrian_killed, Fair (Night), EDSA Panay Ave. Quezon City",MMDA Road Safety Unit,,8e7f4260-8122-4bff-844e-6b25ca83d573,2015-01-12,18:35:00,EDSA Bansalangin  Quezon City,0,0,0,0,0,0,0,0,0,0,2015-01-13 2:35,Property,14.64294686,121.0381076,No Collision Stated
None,EDSA,None,None,"No Accident Factor, Rear-end, 0.0 drivers_injured, 0.0 drivers_killed, 0.0 passengers_injured, 0.0 passengers_killed, 0.0 pedestrian_injured, 0.0 pedestrian_killed, Fair (Night), EDSA ""U"" turn slot, Philam Quezon City",MMDA Road Safety Unit,,339c9ec5-f83c-4856-882b-23dcf87b193d,2015-01-12,16:00:00,EDSA SM Annex Exit Gate  Quezon City,0,0,0,0,0,0,0,0,0,0,2015-01-13,Property,14.65001076,121.0336794,Rear-End
None,EDSA,None,None,"No Accident Factor, No Collision Stated (based on Police Blotter Book), 0.0 drivers_injured, 0.0 drivers_killed, 0.0 passengers_injured, 0.0 passengers_killed, 0.0 pedestrian_injured, 0.0 pedestrian_killed, Fair (Night), EDSA Misamis St. Quezon City",MMDA Road Safety Unit,,c8d727fe-8c97-4db0-875b-c8e43827b2ec,2015-01-12,11:30:00,EDSA Dominion Bus Terminal  Quezon City,0,0,0,0,0,0,0,0,0,0,2015-01-12 19:30,Property,14.65602348,121.0285212,No Collision Stated
None,EDSA,None,None,"No Accident Factor, No Collision Stated (based on Police Blotter Book), 1.0 drivers_injured, 0.0 drivers_killed, 0.0 passengers_injured, 0.0 passengers_killed, 0.0 pedestrian_injured, 0.0 pedestrian_killed, Fair (Day), EDSA Mercury Drugstore, Kamias Road Quezon City",MMDA Road Safety Unit,,6def9483-4851-4563-9887-8aad685bcf16,2015-01-12,07:00:00,EDSA Oliveros A. Samson  Quezon City,0,0,0,1,0,0,0,0,0,1,2015-01-12 15:00,Injury,14.63053361,121.0461718,No Collision Stated
None,EDSA,None,None,"No Accident Factor, Angle Impact, 1.0 drivers_injured, 0.0 drivers_killed, 0.0 passengers_injured, 0.0 passengers_killed, 0.0 pedestrian_injured, 0.0 pedestrian_killed, Fair (Day), EDSA Kamias Quezon City",MMDA Road Safety Unit,,9e6c4d3f-04be-407d-aa7b-71712920c13c,2015-01-12,06:45:00,EDSA Kamuning Road Quezon City,0,0,0,1,0,0,0,0,0,1,2015-01-12 14:45,Injury,14.6309142,121.0459376,Angle Impact
None,EDSA,None,None,"No Accident Factor, Side Swipe, 0.0 drivers_injured, 0.0 drivers_killed, 0.0 passengers_injured, 0.0 passengers_killed, 0.0 pedestrian_injured, 0.0 pedestrian_killed, Fair (Day), EDSA Balintawak Market Quezon City",MMDA Road Safety Unit,,ad664bba-8a45-41ea-ba53-9fc3cba3cbe5,2015-01-12,05:05:00,EDSA  National Printing Office St.  Quezon City,0,0,0,0,0,0,0,0,0,0,2015-01-12 13:05,Property,14.65740947,121.0025737,Side Swipe
None,EDSA,None,None,"No Accident Factor, No Collision Stated (based on Police Blotter Book), 0.0 drivers_injured, 0.0 drivers_killed, 0.0 passengers_injured, 0.0 passengers_killed, 0.0 pedestrian_injured, 0.0 pedestrian_killed, Fair (Day), EDSA East Ave. Quezon City",MMDA Road Safety Unit,,ced4c4b3-b102-4c37-8418-5de434f9bbcc,2015-01-12,05:00:00,EDSA  P. Tuazon Blvd.  Quezon City,0,0,0,0,0,0,0,0,0,0,2015-01-12 13:00,Property,14.6328297,121.0451176,No Collision Stated
None,EDSA,None,None,"No Accident Factor, Hit and Run (Side Swipe), 0.0 drivers_injured, 0.0 drivers_killed, 0.0 passengers_injured, 0.0 passengers_killed, 0.0 pedestrian_injured, 0.0 pedestrian_killed, Fair (Day), EDSA Misamis St. Quezon City",MMDA Road Safety Unit,,34459cde-d445-4bbf-8251-904501c3b2c9,2015-01-12,01:20:00,EDSA Misamis St.  Quezon City,0,0,0,0,0,0,0,0,0,0,2015-01-12 9:20,Property,14.65602348,121.0285212,Side Swipe
None,EDSA,None,None,"No Accident Factor, Rear-end, 0.0 drivers_injured, 0.0 drivers_killed, 0.0 passengers_injured, 0.0 passengers_killed, 0.0 pedestrian_injured, 0.0 pedestrian_killed, Fair (Day), EDSA Aurora Blvd. Quezon City",MMDA Road Safety Unit,,cbb13f27-7ca1-4073-9a91-4cb81f9a6be4,2015-01-11,02:00:00,EDSA Timog Ave.  Quezon City,0,0,0,0,0,0,0,0,0,0,2015-01-11 10:00,Property,14.62163653,121.0501573,Rear-End
None,EDSA,None,None,"No Accident Factor, No Collision Stated (based on Police Blotter Book), 0.0 drivers_injured, 0.0 drivers_killed, 0.0 passengers_injured, 0.0 passengers_killed, 0.0 pedestrian_injured, 0.0 pedestrian_killed, Fair (Day), EDSA P. Tuazon Blvd. Quezon City",MMDA Road Safety Unit,,8ee9653a-a3b2-4e72-8908-ae0b1c4be3b4,2015-01-11,01:55:00,EDSA Scout Borromeo St.  Quezon City,0,0,0,0,0,0,0,0,0,0,2015-01-11 9:55,Property,14.61656342,121.0525225,No Collision Stated
None,EDSA,None,None,"No Accident Factor, No Collision Stated (based on Police Blotter Book), 0.0 drivers_injured, 0.0 drivers_killed, 0.0 passengers_injured, 0.0 passengers_killed, 0.0 pedestrian_injured, 0.0 pedestrian_killed, Fair (Day), EDSA Wilcon Depot, Apolonio Quezon City",MMDA Road Safety Unit,,316db5c6-df62-4257-9c9f-b79b8475d980,2015-01-11,00:00:00,EDSA Corregidor St.  Quezon City,0,0,0,0,0,0,0,0,0,0,2015-01-11 8:00,Property,14.65756689,121.0097372,No Collision Stated
None,EDSA,None,None,"No Accident Factor, Side Swipe, 0.0 drivers_injured, 0.0 drivers_killed, 0.0 passengers_injured, 0.0 passengers_killed, 0.0 pedestrian_injured, 0.0 pedestrian_killed, Fair (Night), EDSA New York St. Quezon City",MMDA Road Safety Unit,,84c3b58e-e6ef-4230-a3c6-a5b68f917325,2015-01-10,18:15:00,"EDSA  ""U"" turn slot, Quezon City Academy  Quezon City",0,0,0,0,0,0,0,0,0,0,2015-01-11 2:15,Property,14.62568514,121.0482307,Side Swipe
None,EDSA,None,None,"No Accident Factor, No Collision Stated (based on Police Blotter Book), 0.0 drivers_injured, 0.0 drivers_killed, 1.0 passengers_injured, 0.0 passengers_killed, 0.0 pedestrian_injured, 0.0 pedestrian_killed, Fair (Night), EDSA Trinoma Mall Quezon City",MMDA Road Safety Unit,,920c86f7-78e4-4d45-8a4b-5fec5343bbb0,2015-01-10,17:00:00,EDSA Timog Ave.  Quezon City,0,0,0,0,1,0,0,0,0,1,2015-01-11 1:00,Injury,14.65242607,121.0323133,No Collision Stated
None,EDSA,None,None,"No Accident Factor, Side Swipe, 0.0 drivers_injured, 0.0 drivers_killed, 0.0 passengers_injured, 0.0 passengers_killed, 0.0 pedestrian_injured, 0.0 pedestrian_killed, Fair (Night), EDSA Ermin Garcia St. Quezon City",MMDA Road Safety Unit,,d23e30d2-5f53-46c7-a9a4-e177836f81c8,2015-01-10,12:55:00,EDSA New York St. (SB)  Quezon City,0,0,0,0,0,0,0,0,0,0,2015-01-10 20:55,Property,14.62758814,121.047487,Side Swipe
None,EDSA,None,None,"No Accident Factor, No Collision Stated (based on Police Blotter Book), 0.0 drivers_injured, 0.0 drivers_killed, 0.0 passengers_injured, 0.0 passengers_killed, 0.0 pedestrian_injured, 0.0 pedestrian_killed, Fair (Night), EDSA Corregidor St. Quezon City",MMDA Road Safety Unit,,03797205-c1dc-4a48-a685-2da101576b86,2015-01-10,10:45:00,"EDSA  ""U"" turn slot, Sm North Annex Quezon City",0,0,0,0,0,0,0,0,0,0,2015-01-10 18:45,Property,14.65707679,121.0241648,No Collision Stated
None,EDSA,None,None,"No Accident Factor, No Collision Stated (based on Police Blotter Book), 0.0 drivers_injured, 0.0 drivers_killed, 0.0 passengers_injured, 0.0 passengers_killed, 0.0 pedestrian_injured, 0.0 pedestrian_killed, Fair (Day), EDSA SM North (Annex) Quezon City",MMDA Road Safety Unit,,90cd99dc-a986-406d-86f7-90813af5fac7,2015-01-09,05:45:00,EDSA  Main Ave.  Quezon City,0,0,0,0,0,0,0,0,0,0,2015-01-09 13:45,Property,14.65645143,121.0271077,No Collision Stated
None,EDSA,None,None,"No Accident Factor, Multiple Collision, 0.0 drivers_injured, 0.0 drivers_killed, 0.0 passengers_injured, 0.0 passengers_killed, 0.0 pedestrian_injured, 0.0 pedestrian_killed, Fair (Day), EDSA Ermin Garcia St. Quezon City",MMDA Road Safety Unit,,2f6e3909-2192-4713-a4ea-6371f36d5570,2015-01-09,05:40:00,EDSA  Mapagmahal St. (JAC Liner Bus Terminal) Quezon City,0,0,0,0,0,0,0,0,0,0,2015-01-09 13:40,Property,14.62758814,121.047487,Multiple
None,EDSA,None,None,"No Accident Factor, Side Swipe, 0.0 drivers_injured, 0.0 drivers_killed, 0.0 passengers_injured, 0.0 passengers_killed, 0.0 pedestrian_injured, 0.0 pedestrian_killed, Fair (Day), EDSA Main Ave. Quezon City",MMDA Road Safety Unit,,9582e065-f841-423f-b1d2-961d3498d15b,2015-01-09,03:00:00,EDSA Santolan Road Quezon City,0,0,0,0,0,0,0,0,0,0,2015-01-09 11:00,Property,14.61376458,121.0537933,Side Swipe
None,EDSA,None,None,"No Accident Factor, No Collision Stated (based on Police Blotter Book), 0.0 drivers_injured, 0.0 drivers_killed, 0.0 passengers_injured, 0.0 passengers_killed, 0.0 pedestrian_injured, 0.0 pedestrian_killed, Fair (Day), EDSA Mindanao Ave. Ext. Quezon City",MMDA Road Safety Unit,,191ee311-6072-4a3b-b840-a17a1d474465,2015-01-09,00:00:00,EDSA QCPD Station 10 Quezon City,0,0,0,0,0,0,0,0,0,0,2015-01-09 8:00,Property,14.65052386,121.0335656,No Collision Stated
None,EDSA,None,None,"No Accident Factor, No Collision Stated (based on Police Blotter Book), 0.0 drivers_injured, 0.0 drivers_killed, 0.0 passengers_injured, 0.0 passengers_killed, 0.0 pedestrian_injured, 0.0 pedestrian_killed, Fair (Night), EDSA North Ave. Quezon City",MMDA Road Safety Unit,,d92889d6-e85c-4e7b-9ff1-cd7ac461e8d2,2015-01-08,15:30:00,EDSA West Ave.  Quezon City,0,0,0,0,0,0,0,0,0,0,2015-01-08 23:30,Property,14.65553839,121.0299647,No Collision Stated
None,EDSA,None,None,"No Accident Factor, Side Swipe, 0.0 drivers_injured, 0.0 drivers_killed, 0.0 passengers_injured, 0.0 passengers_killed, 0.0 pedestrian_injured, 0.0 pedestrian_killed, Fair (Day), EDSA Aurora Blvd. Quezon City",MMDA Road Safety Unit,,fd9899cb-0e2c-469d-b363-a96053cb239b,2015-01-08,09:35:00,EDSA SM North loading bay Quezon City,0,0,0,0,0,0,0,0,0,0,2015-01-08 17:35,Property,14.62163653,121.0501573,Side Swipe
None,EDSA,None,None,"No Accident Factor, Side Swipe, 0.0 drivers_injured, 0.0 drivers_killed, 0.0 passengers_injured, 0.0 passengers_killed, 0.0 pedestrian_injured, 0.0 pedestrian_killed, Fair (Day), EDSA Monte De Piedad St. Quezon City",MMDA Road Safety Unit,,41508b23-677f-481e-8807-96e1ecc06d74,2015-01-08,01:00:00,"EDSA Trinoma, Bagong Pag Asa Quezon City",0,0,0,0,0,0,0,0,0,0,2015-01-08 9:00,Property,14.62346937,121.0491711,Side Swipe
None,EDSA,None,None,"No Accident Factor, No Collision Stated (based on Police Blotter Book), 0.0 drivers_injured, 0.0 drivers_killed, 0.0 passengers_injured, 0.0 passengers_killed, 0.0 pedestrian_injured, 0.0 pedestrian_killed, Fair (Day), EDSA Trinoma Mall Quezon City",MMDA Road Safety Unit,,e7153fce-8a76-44a5-b6da-20967cf530a5,2015-01-08,00:30:00,EDSA Corregidor St. Quezon City,0,0,0,0,0,0,0,0,0,0,2015-01-08 8:30,Property,14.65242607,121.0323133,No Collision Stated
None,EDSA,None,None,"No Accident Factor, Side Swipe, 0.0 drivers_injured, 0.0 drivers_killed, 0.0 passengers_injured, 0.0 passengers_killed, 0.0 pedestrian_injured, 0.0 pedestrian_killed, Fair (Day), EDSA Aurora Blvd. Quezon City",MMDA Road Safety Unit,,d16420ed-0432-4a17-95ec-d93528344e0a,2015-01-07,22:45:00,EDSA Bansalangin Quezon City,0,0,0,0,0,0,0,0,0,0,2015-01-08 6:45,Property,14.62163653,121.0501573,Side Swipe
None,EDSA,None,None,"No Accident Factor, No Collision Stated (based on Police Blotter Book), 0.0 drivers_injured, 0.0 drivers_killed, 1.0 passengers_injured, 0.0 passengers_killed, 0.0 pedestrian_injured, 0.0 pedestrian_killed, Fair (Night), EDSA Timog Ave. Quezon City",MMDA Road Safety Unit,,4fa4913f-7043-4999-a63b-292b7788c3a7,2015-01-07,12:30:00,"EDSA ""U"" turn slot, West Ave. Quezon City",0,0,0,0,1,0,0,0,0,1,2015-01-07 20:30,Injury,14.63293559,121.0446304,No Collision Stated
None,EDSA,None,None,"No Accident Factor, Side Swipe, 0.0 drivers_injured, 0.0 drivers_killed, 0.0 passengers_injured, 0.0 passengers_killed, 0.0 pedestrian_injured, 0.0 pedestrian_killed, Fair (Day), EDSA East Ave. Quezon City",MMDA Road Safety Unit,,f3326267-573a-4ef6-b03f-9224b191621c,2015-01-07,06:20:00,EDSA Quezon Ave. (Centris) Quezon City,0,0,0,0,0,0,0,0,0,0,2015-01-07 14:20,Property,14.6328297,121.0451176,Side Swipe
None,EDSA,None,None,"No Accident Factor, No Collision Stated (based on Police Blotter Book), 1.0 drivers_injured, 0.0 drivers_killed, 0.0 passengers_injured, 0.0 passengers_killed, 0.0 pedestrian_injured, 0.0 pedestrian_killed, Fair (Day), EDSA Aurora Blvd. Quezon City",MMDA Road Safety Unit,,d1335af2-0594-4ae4-ad50-bd5ee489a57e,2015-01-07,03:30:00,EDSA Paramount Quezon City,0,0,0,1,0,0,0,0,0,1,2015-01-07 11:30,Injury,14.62163653,121.0501573,No Collision Stated
None,EDSA,None,None,"No Accident Factor, No Collision Stated (based on Police Blotter Book), 0.0 drivers_injured, 0.0 drivers_killed, 0.0 passengers_injured, 0.0 passengers_killed, 0.0 pedestrian_injured, 0.0 pedestrian_killed, Fair (Day), EDSA East Ave., Pinyahan Quezon City",MMDA Road Safety Unit,,a96ed86c-4a22-4d8a-9f93-57fe29aa4afc,2015-01-07,03:20:00,EDSA Trinoma Mall  Quezon City,0,0,0,0,0,0,0,0,0,0,2015-01-07 11:20,Property,14.6328297,121.0451176,No Collision Stated
None,EDSA,None,None,"No Accident Factor, Side Swipe, 0.0 drivers_injured, 0.0 drivers_killed, 0.0 passengers_injured, 0.0 passengers_killed, 0.0 pedestrian_injured, 0.0 pedestrian_killed, Fair (Day), EDSA Main Ave., Bagong Lipu ng Crame Quezon City",MMDA Road Safety Unit,,9ee9ebe6-7e13-4dcd-99d0-2c58abfab71e,2015-01-06,23:35:00,EDSA Main Ave.  Quezon City,0,0,0,0,0,0,0,0,0,0,2015-01-07 7:35,Property,14.61376458,121.0537933,Side Swipe
None,EDSA,None,None,"No Accident Factor, Rear-end, 1.0 drivers_injured, 0.0 drivers_killed, 1.0 passengers_injured, 0.0 passengers_killed, 0.0 pedestrian_injured, 0.0 pedestrian_killed, Fair (Night), EDSA Scout Borromeo St. Quezon City",MMDA Road Safety Unit,,e216350c-9d7c-46c4-bc66-3d1a2db7e38f,2015-01-06,21:55:00,EDSA Roosevelt Ave.  Quezon City,0,0,0,1,1,0,0,0,0,2,2015-01-07 5:55,Injury,14.63715712,121.0419507,Rear-End
None,EDSA,None,None,"No Accident Factor, Side Swipe, 0.0 drivers_injured, 0.0 drivers_killed, 0.0 passengers_injured, 0.0 passengers_killed, 0.0 pedestrian_injured, 0.0 pedestrian_killed, Fair (Night), EDSA Balintawak Market Quezon City",MMDA Road Safety Unit,,26fa801c-07b1-4944-b924-2b5f06caefca,2015-01-06,12:50:00,EDSA East Ave.  Quezon City,0,0,0,0,0,0,0,0,0,0,2015-01-06 20:50,Property,14.65740947,121.0025737,Side Swipe
None,EDSA,None,None,"No Accident Factor, No Collision Stated (based on Police Blotter Book), 0.0 drivers_injured, 0.0 drivers_killed, 0.0 passengers_injured, 0.0 passengers_killed, 0.0 pedestrian_injured, 0.0 pedestrian_killed, Fair (Night), EDSA Quezon Ave. Quezon City",MMDA Road Safety Unit,,62816837-7327-4db5-ade3-43150448c188,2015-01-06,12:30:00,"EDSA Nepa Q-Mart, E. Rodriguez Quezon City",0,0,0,0,0,0,0,0,0,0,2015-01-06 20:30,Property,14.6442444,121.0375839,No Collision Stated
None,EDSA,None,None,"No Accident Factor, Rear-end, 0.0 drivers_injured, 0.0 drivers_killed, 0.0 passengers_injured, 0.0 passengers_killed, 0.0 pedestrian_injured, 0.0 pedestrian_killed, Fair (Night), EDSA Camp Aguinaldo Quezon City",MMDA Road Safety Unit,,6dd873f5-0c19-40bd-a972-b9b7a21ebc0c,2015-01-06,11:20:00,"EDSA Trinoma, Bagong Pag Asa Quezon City",0,0,0,0,0,0,0,0,0,0,2015-01-06 19:20,Property,14.60818699,121.0564562,Rear-End
None,EDSA,None,None,"No Accident Factor, No Collision Stated (based on Police Blotter Book), 0.0 drivers_injured, 0.0 drivers_killed, 0.0 passengers_injured, 0.0 passengers_killed, 0.0 pedestrian_injured, 0.0 pedestrian_killed, Fair (Night), EDSA Misamis St. Quezon City",MMDA Road Safety Unit,,08de95a5-6b30-4580-870a-1d64ab1129b7,2015-01-06,11:10:00,EDSA Central Quezon City,0,0,0,0,0,0,0,0,0,0,2015-01-06 19:10,Property,14.65602348,121.0285212,No Collision Stated
None,EDSA,None,None,"No Accident Factor, Side Swipe, 0.0 drivers_injured, 0.0 drivers_killed, 0.0 passengers_injured, 0.0 passengers_killed, 0.0 pedestrian_injured, 0.0 pedestrian_killed, Fair (Night), EDSA Quezon Ave. Quezon City",MMDA Road Safety Unit,,607a36d2-0ab1-45c8-866d-58f4a74eea91,2015-01-06,10:25:00,"EDSA Q-Mart Market Parking Area, Kamuning Quezon City",0,0,0,0,0,0,0,0,0,0,2015-01-06 18:25,Property,14.6442444,121.0375839,Side Swipe
None,EDSA,None,None,"No Accident Factor, No Collision Stated (based on Police Blotter Book), 0.0 drivers_injured, 0.0 drivers_killed, 0.0 passengers_injured, 0.0 passengers_killed, 0.0 pedestrian_injured, 0.0 pedestrian_killed, Fair (Day), EDSA Roosevelt Ave. Quezon City",MMDA Road Safety Unit,,c655305c-29f1-4cd4-9fec-dffe21089f2e,2015-01-06,09:55:00,"EDSA  ""U"" turn slot, Ramon Magsaysay Quezon City",0,0,0,0,0,0,0,0,0,0,2015-01-06 17:55,Property,14.65762047,121.0196373,No Collision Stated
None,EDSA,None,None,"No Accident Factor, Side Swipe, 0.0 drivers_injured, 0.0 drivers_killed, 0.0 passengers_injured, 0.0 passengers_killed, 0.0 pedestrian_injured, 0.0 pedestrian_killed, Fair (Day), EDSA Timog Ave. Quezon City",MMDA Road Safety Unit,,96083aca-1919-434b-8679-7d3dd0a3488f,2015-01-06,06:30:00,EDSA Aurora Blvd.  Quezon City,0,0,0,0,0,0,0,0,0,0,2015-01-06 14:30,Property,14.63293559,121.0446304,Side Swipe
None,EDSA,None,None,"No Accident Factor, Side Swipe, 0.0 drivers_injured, 0.0 drivers_killed, 0.0 passengers_injured, 0.0 passengers_killed, 0.0 pedestrian_injured, 0.0 pedestrian_killed, Fair (Day), EDSA Congressional Ave. Quezon City",MMDA Road Safety Unit,,c78ef49b-910c-4d58-938b-0b827438e1db,2015-01-06,02:00:00,EDSA Cloverleaf Road Quezon City,0,0,0,0,0,0,0,0,0,0,2015-01-06 10:00,Property,14.6571804,120.9927185,Side Swipe
None,EDSA,None,None,"No Accident Factor, Multiple Collision, 0.0 drivers_injured, 0.0 drivers_killed, 0.0 passengers_injured, 0.0 passengers_killed, 0.0 pedestrian_injured, 0.0 pedestrian_killed, Fair (Night), EDSA UNTV, Phil-Am Quezon City",MMDA Road Safety Unit,,3f6c163e-1502-4dc6-bb10-d85945a928f9,2015-01-05,21:30:00,EDSA Santolan  Quezon City,0,0,0,0,0,0,0,0,0,0,2015-01-06 5:30,Property,14.64959397,121.0338735,Multiple
None,EDSA,None,None,"No Accident Factor, No Collision Stated (based on Police Blotter Book), 0.0 drivers_injured, 0.0 drivers_killed, 0.0 passengers_injured, 0.0 passengers_killed, 0.0 pedestrian_injured, 0.0 pedestrian_killed, Fair (Night), EDSA ""U"" turn slot, Guzent Quezon City",MMDA Road Safety Unit,,c4057803-1b0a-46a4-a4c7-c1d9a630c077,2015-01-05,20:00:00,EDSA Roosevelt Ave.  Quezon City,0,0,0,0,0,0,0,0,0,0,2015-01-06 4:00,Property,14.65756257,121.0141085,No Collision Stated
None,EDSA,None,None,"No Accident Factor, Rear-end, 0.0 drivers_injured, 0.0 drivers_killed, 0.0 passengers_injured, 0.0 passengers_killed, 0.0 pedestrian_injured, 0.0 pedestrian_killed, Fair (Night), EDSA Main Ave. Quezon City",MMDA Road Safety Unit,,f27b093c-c9b1-40ab-a389-7ce2d66472a8,2015-01-05,18:15:00,"EDSA ""U"" turn slot, DILG Bldg. Quezon City",0,0,0,0,0,0,0,0,0,0,2015-01-06 2:15,Property,14.61376458,121.0537933,Rear-End
None,EDSA,None,None,"No Accident Factor, Self-Accident, 1.0 drivers_injured, 0.0 drivers_killed, 1.0 passengers_injured, 0.0 passengers_killed, 0.0 pedestrian_injured, 0.0 pedestrian_killed, Fair (Night), EDSA SM Hypermarket, Cubao Quezon City",MMDA Road Safety Unit,,f717cdb5-59c2-4cab-b3a0-0060670acb0b,2015-01-05,17:00:00,EDSA Mother Ignacia St.  Quezon City,0,0,0,1,1,0,0,0,0,2,2015-01-06 1:00,Injury,14.6142289,121.0535621,Self-Accident