LOCATION_TEXT,ROAD,WEATHER,LIGHT,DESC,REPORTING_AGENCY,MAIN_CAUSE,INCIDENTDETAILS_ID,DATE_UTC,TIME_UTC,ADDRESS,killed_driver,killed_passenger,killed_pedestrian,injured_driver,injured_passenger,injured_pedestrian,killed_uncategorized,injured_uncategorized,killed_total,injured_total,DATETIME_PST,SEVERITY,Y,X,COLLISION_TYPE
None,EDSA,None,None,"No Accident Factor, Rear-end, 0.0 drivers_injured, 0.0 drivers_killed, 0.0 passengers_injured, 0.0 passengers_killed, 0.0 pedestrian_injured, 0.0 pedestrian_killed, Fair (Day), EDSA West Ave. Quezon City",MMDA Road Safety Unit,,a923abec-d59c-4838-acb9-418ba6a40691,2015-01-05,06:45:00,EDSA Aurora Blvd.  Quezon City,0,0,0,0,0,0,0,0,0,0,2015-01-05 14:45,Property,14.65548924,121.0298079,Rear-End
None,EDSA,None,None,"No Accident Factor, Side Swipe, 0.0 drivers_injured, 0.0 drivers_killed, 0.0 passengers_injured, 0.0 passengers_killed, 0.0 pedestrian_injured, 0.0 pedestrian_killed, Fair (Day), EDSA Roosevelt Ave. Quezon City",MMDA Road Safety Unit,,c7485d8f-db0e-43bd-af87-f1628e47bf02,2015-01-05,06:30:00,EDSA Aurora Blvd. Quezon City,0,0,0,0,0,0,0,0,0,0,2015-01-05 14:30,Property,14.65762047,121.0196373,Side Swipe
None,EDSA,None,None,"No Accident Factor, Hit and Run (No Collision Stated), 0.0 drivers_injured, 0.0 drivers_killed, 0.0 passengers_injured, 0.0 passengers_killed, 0.0 pedestrian_injured, 0.0 pedestrian_killed, Fair (Day), EDSA Roosevelt Ave. Quezon City",MMDA Road Safety Unit,,c7e39926-4465-4b99-8a2f-9bf76ec6d9fc,2015-01-05,03:40:00,EDSA Quezon Ave.  Quezon City,0,0,0,0,0,0,0,0,0,0,2015-01-05 11:40,Property,14.65762047,121.0196373,No Collision Stated
None,EDSA,None,None,"No Accident Factor, Rear-end, 0.0 drivers_injured, 0.0 drivers_killed, 0.0 passengers_injured, 0.0 passengers_killed, 0.0 pedestrian_injured, 0.0 pedestrian_killed, Fair (Day), EDSA Main Ave. Quezon City",MMDA Road Safety Unit,,6e49ba6c-afe9-451e-817e-3f367dfa44e8,2015-01-05,00:05:00,EDSA Col. Bonny Serrano Ave.  Quezon City,0,0,0,0,0,0,0,0,0,0,2015-01-05 8:05,Property,14.61376458,121.0537933,Rear-End
None,EDSA,None,None,"No Accident Factor, Side Swipe, 0.0 drivers_injured, 0.0 drivers_killed, 0.0 passengers_injured, 0.0 passengers_killed, 0.0 pedestrian_injured, 0.0 pedestrian_killed, Fair (Day), EDSA Panay Ave. Quezon City",MMDA Road Safety Unit,,8f796570-2c0b-4ce7-81dd-952cb8a2993e,2015-01-04,22:25:00,EDSA Cloverleaf Road Quezon City,0,0,0,0,0,0,0,0,0,0,2015-01-05 6:25,Property,14.64294686,121.0381076,Side Swipe
None,EDSA,None,None,"No Accident Factor, Side Swipe, 1.0 drivers_injured, 0.0 drivers_killed, 0.0 passengers_injured, 0.0 passengers_killed, 0.0 pedestrian_injured, 0.0 pedestrian_killed, Fair (Night), EDSA MMDA Emergency Station, Pinyahan  Quezon City",MMDA Road Safety Unit,,4a9d6bbf-4360-4252-8635-c8406f2d8a06,2015-01-04,20:45:00,EDSA New York St.  Quezon City,0,0,0,1,0,0,0,0,0,1,2015-01-05 4:45,Injury,14.6284636,121.0471011,Side Swipe
None,EDSA,None,None,"No Accident Factor, Side Swipe, 0.0 drivers_injured, 0.0 drivers_killed, 0.0 passengers_injured, 0.0 passengers_killed, 0.0 pedestrian_injured, 0.0 pedestrian_killed, Fair (Night), EDSA Superlines Bus Terminal, E. Rodriguez Quezon City",MMDA Road Safety Unit,,d58ff95b-f2ec-46b4-9e37-543b49a9fcdd,2015-01-04,19:15:00,EDSA Bansalangin Quezon City,0,0,0,0,0,0,0,0,0,0,2015-01-05 3:15,Property,14.62512241,121.0484162,Side Swipe
None,EDSA,None,None,"No Accident Factor, No Collision Stated (based on Police Blotter Book), 0.0 drivers_injured, 0.0 drivers_killed, 0.0 passengers_injured, 0.0 passengers_killed, 0.0 pedestrian_injured, 0.0 pedestrian_killed, Fair (Day), EDSA Roosevelt Ave. Quezon City",MMDA Road Safety Unit,,d664733d-a5d6-4d4e-af92-a74861cdeb69,2015-01-04,08:30:00,EDSA GMA Network Drive  Quezon City,0,0,0,0,0,0,0,0,0,0,2015-01-04 16:30,Property,14.65762047,121.0196373,No Collision Stated
None,EDSA,None,None,"No Accident Factor, Side Swipe, 0.0 drivers_injured, 0.0 drivers_killed, 0.0 passengers_injured, 0.0 passengers_killed, 0.0 pedestrian_injured, 0.0 pedestrian_killed, Fair (Day), EDSA West Ave. Quezon City",MMDA Road Safety Unit,,a2f95b8e-1145-4332-8ba6-34ebfd2582fc,2015-01-04,06:05:00,EDSA Congressional Ave. Quezon City,0,0,0,0,0,0,0,0,0,0,2015-01-04 14:05,Property,14.65548924,121.0298079,Side Swipe
None,EDSA,None,None,"No Accident Factor, No Collision Stated (based on Police Blotter Book), 0.0 drivers_injured, 0.0 drivers_killed, 0.0 passengers_injured, 0.0 passengers_killed, 0.0 pedestrian_injured, 0.0 pedestrian_killed, Fair (Night), EDSA NIA Road Quezon City",MMDA Road Safety Unit,,e0a62b04-af1b-441e-be90-c7aca192da6a,2015-01-03,21:30:00,EDSA East Ave. Quezon City,0,0,0,0,0,0,0,0,0,0,2015-01-04 5:30,Property,14.63727823,121.0421362,No Collision Stated
None,EDSA,None,None,"No Accident Factor, No Collision Stated (based on Police Blotter Book), 0.0 drivers_injured, 0.0 drivers_killed, 0.0 passengers_injured, 0.0 passengers_killed, 0.0 pedestrian_injured, 0.0 pedestrian_killed, Fair (Night), EDSA P. Tuazon Blvd. Quezon City",MMDA Road Safety Unit,,bf17b4a5-25c3-4798-899e-682d6449bbe1,2015-01-03,13:20:00,EDSA Station 10 QCPD Kamuning Quezon City,0,0,0,0,0,0,0,0,0,0,2015-01-03 21:20,Property,14.61656342,121.0525225,No Collision Stated
None,EDSA,None,None,"No Accident Factor, Rear-end, 0.0 drivers_injured, 0.0 drivers_killed, 0.0 passengers_injured, 0.0 passengers_killed, 0.0 pedestrian_injured, 0.0 pedestrian_killed, Fair (Night), EDSA ES Transport Bus Terminal, E. Rodriguez Quezon City",MMDA Road Safety Unit,,e104e38e-eb0a-4578-8995-492cf9449db9,2015-01-03,11:40:00,EDSA Corregidor St. Quezon City,0,0,0,0,0,0,0,0,0,0,2015-01-03 19:40,Property,14.62515746,121.0486037,Rear-End
None,EDSA,None,None,"No Accident Factor, Side Swipe, 0.0 drivers_injured, 0.0 drivers_killed, 0.0 passengers_injured, 0.0 passengers_killed, 0.0 pedestrian_injured, 0.0 pedestrian_killed, Fair (Day), EDSA Balintawak Cloverleaf Quezon City",MMDA Road Safety Unit,,6cbb4941-5535-4ccd-a36f-40682991ec6f,2015-01-02,22:00:00,EDSA Balintawak Market  Quezon City,0,0,0,0,0,0,0,0,0,0,2015-01-03 6:00,Property,14.65721982,121.0008093,Side Swipe
None,EDSA,None,None,"No Accident Factor, Side Swipe, 0.0 drivers_injured, 0.0 drivers_killed, 0.0 passengers_injured, 0.0 passengers_killed, 0.0 pedestrian_injured, 0.0 pedestrian_killed, Fair (Night), EDSA Roosevelt Ave. Quezon City",MMDA Road Safety Unit,,5b1183c8-a858-4429-bc03-3cc44c423cee,2015-01-02,10:35:00,EDSA Balintawak Market  Quezon City,0,0,0,0,0,0,0,0,0,0,2015-01-02 18:35,Property,14.65762047,121.0196373,Side Swipe
None,EDSA,None,None,"No Accident Factor, No Collision Stated (based on Police Blotter Book), 0.0 drivers_injured, 0.0 drivers_killed, 0.0 passengers_injured, 0.0 passengers_killed, 0.0 pedestrian_injured, 0.0 pedestrian_killed, Fair (Day), EDSA North Ave. Quezon City",MMDA Road Safety Unit,,354f7e28-bc9e-4836-96ee-6f74ec9adcb5,2015-01-02,05:00:00,EDSA Roosevelt Ave.  Quezon City,0,0,0,0,0,0,0,0,0,0,2015-01-02 13:00,Property,14.65553839,121.0299647,No Collision Stated
None,EDSA,None,None,"No Accident Factor, Side Swipe, 0.0 drivers_injured, 0.0 drivers_killed, 0.0 passengers_injured, 0.0 passengers_killed, 0.0 pedestrian_injured, 0.0 pedestrian_killed, Fair (Day), EDSA Superlines Bus Terminal, E. Rodriguez Quezon City",MMDA Road Safety Unit,,e59f012c-bd49-4a36-8538-e99b078cb63b,2015-01-02,03:55:00,EDSA Kamuning Road Quezon City,0,0,0,0,0,0,0,0,0,0,2015-01-02 11:55,Property,14.62512241,121.0484162,Side Swipe
None,EDSA,None,None,"No Accident Factor, Rear-end, 0.0 drivers_injured, 0.0 drivers_killed, 0.0 passengers_injured, 0.0 passengers_killed, 0.0 pedestrian_injured, 0.0 pedestrian_killed, Fair (Day), EDSA Camp Aguinaldo (Gate 3) Quezon City",MMDA Road Safety Unit,,9b675c18-348f-49cd-9ba1-7c88e5bc00a8,2015-01-02,03:15:00,EDSA Mindanao Ave. Exit Quezon City,0,0,0,0,0,0,0,0,0,0,2015-01-02 11:15,Property,14.60832492,121.0563666,Rear-End
None,EDSA,None,None,"No Accident Factor, Rear-end, 0.0 drivers_injured, 0.0 drivers_killed, 0.0 passengers_injured, 0.0 passengers_killed, 0.0 pedestrian_injured, 0.0 pedestrian_killed, Fair (Night), EDSA New York St., E. Rodriguez, Cubao Quezon City",MMDA Road Safety Unit,,dff57021-4249-4d68-9cf3-e131a6087077,2015-01-01,12:15:00,EDSA Congressional Ave. Quezon City,0,0,0,0,0,0,0,0,0,0,2015-01-01 20:15,Property,14.62568514,121.0482307,Rear-End
None,EDSA,None,None,"No Accident Factor, Hit and Run (No Collision Stated), 0.0 drivers_injured, 0.0 drivers_killed, 0.0 passengers_injured, 0.0 passengers_killed, 0.0 pedestrian_injured, 0.0 pedestrian_killed, Fair (Night), EDSA New York St.  Quezon City",MMDA Road Safety Unit,,ceb0adbb-5665-4c7f-a915-a1045e050764,2014-12-30,15:00:00,EDSA Mother Ignacia St.  Quezon City,0,0,0,0,0,0,0,0,0,0,2014-12-30 23:00,Property,14.62568514,121.0482307,No Collision Stated
None,EDSA,None,None,"No Accident Factor, Side Swipe, 0.0 drivers_injured, 0.0 drivers_killed, 0.0 passengers_injured, 0.0 passengers_killed, 0.0 pedestrian_injured, 0.0 pedestrian_killed, Fair (Night), EDSA Gen. McArthur Ave. Quezon City",MMDA Road Safety Unit,,32d9ef29-0980-4842-85aa-15d14fc6f010,2014-12-30,12:45:00,EDSA Timog Ave.  Quezon City,0,0,0,0,0,0,0,0,0,0,2014-12-30 20:45,Property,14.61805145,121.0517604,Side Swipe
None,EDSA,None,None,"No Accident Factor, Side Swipe, 0.0 drivers_injured, 0.0 drivers_killed, 0.0 passengers_injured, 0.0 passengers_killed, 0.0 pedestrian_injured, 0.0 pedestrian_killed, Fair (Night), EDSA Superlines Bus Terminal Quezon City",MMDA Road Safety Unit,,9bc692d7-6da2-42ce-8683-244010583ca2,2014-12-29,16:40:00,EDSA Scout Borromeo St.  Quezon City,0,0,0,0,0,0,0,0,0,0,2014-12-30 0:40,Property,14.62512241,121.0484162,Side Swipe
None,EDSA,None,None,"No Accident Factor, No Collision Stated (based on Police Blotter Book), 0.0 drivers_injured, 0.0 drivers_killed, 0.0 passengers_injured, 0.0 passengers_killed, 0.0 pedestrian_injured, 0.0 pedestrian_killed, Fair (Night), EDSA Cloverleaf Road Quezon City",MMDA Road Safety Unit,,099ab64c-2db4-4b14-bad1-d7f71e5b8b7c,2014-12-29,15:45:00,EDSA Congressional Ave. Quezon City,0,0,0,0,0,0,0,0,0,0,2014-12-29 23:45,Property,14.65747901,121.0011914,No Collision Stated
None,EDSA,None,None,"No Accident Factor, Rear-end, 0.0 drivers_injured, 0.0 drivers_killed, 0.0 passengers_injured, 0.0 passengers_killed, 0.0 pedestrian_injured, 0.0 pedestrian_killed, Fair (Night), EDSA Robinson's-Galleria Quezon City",MMDA Road Safety Unit,,933e30ab-f313-4b09-8ed6-77c655e11b00,2014-12-29,15:05:00,EDSA North Ave. Quezon City,0,0,0,0,0,0,0,0,0,0,2014-12-29 23:05,Property,14.59226131,121.0583025,Rear-End
None,EDSA,None,None,"No Accident Factor, Side Swipe, 0.0 drivers_injured, 0.0 drivers_killed, 0.0 passengers_injured, 0.0 passengers_killed, 0.0 pedestrian_injured, 0.0 pedestrian_killed, Fair (Night), EDSA Camp Aguinaldo Quezon City",MMDA Road Safety Unit,,b998b14e-e722-436b-a06e-dce31d89bc59,2014-12-29,14:30:00,EDSA Mindanao Ave. Exit Quezon City,0,0,0,0,0,0,0,0,0,0,2014-12-29 22:30,Property,14.60818699,121.0564562,Side Swipe
None,EDSA,None,None,"No Accident Factor, No Collision Stated (based on Police Blotter Book), 0.0 drivers_injured, 0.0 drivers_killed, 0.0 passengers_injured, 0.0 passengers_killed, 0.0 pedestrian_injured, 0.0 pedestrian_killed, Fair (Night), EDSA Roosevelt Ave. Quezon City",MMDA Road Safety Unit,,fbcd048c-330f-45cb-996a-ce9ff19f1735,2014-12-29,12:05:00,EDSA Roosevelt Ave.  Quezon City,0,0,0,0,0,0,0,0,0,0,2014-12-29 20:05,Property,14.65762047,121.0196373,No Collision Stated
None,EDSA,None,None,"No Accident Factor, No Collision Stated (based on Police Blotter Book), 0.0 drivers_injured, 0.0 drivers_killed, 0.0 passengers_injured, 0.0 passengers_killed, 0.0 pedestrian_injured, 0.0 pedestrian_killed, Fair (Day), EDSA Corregidor St. Quezon City",MMDA Road Safety Unit,,d8695234-4239-4813-b505-98f7362e25a4,2014-12-29,06:30:00,EDSA Col. Bonny Serano Ave. Quezon City,0,0,0,0,0,0,0,0,0,0,2014-12-29 14:30,Property,14.65707679,121.0241648,No Collision Stated
None,EDSA,None,None,"No Accident Factor, Side Swipe, 0.0 drivers_injured, 0.0 drivers_killed, 0.0 passengers_injured, 0.0 passengers_killed, 0.0 pedestrian_injured, 0.0 pedestrian_killed, Fair (Night), EDSA Five Star Bus Terminal Quezon City",MMDA Road Safety Unit,,245e2d03-d695-4c46-9cfd-0ea2ed46b594,2014-12-29,01:55:00,EDSA Camp Aguinaldo Gate 6 Quezon City,0,0,0,0,0,0,0,0,0,0,2014-12-29 9:55,Property,14.62375691,121.0492447,Side Swipe
None,EDSA,None,None,"No Accident Factor, Side Swipe, 0.0 drivers_injured, 0.0 drivers_killed, 0.0 passengers_injured, 0.0 passengers_killed, 0.0 pedestrian_injured, 0.0 pedestrian_killed, Fair (Night), EDSA Timog Ave.  Quezon City",MMDA Road Safety Unit,,37d396ac-963d-4623-91fa-c420ad983674,2014-12-29,01:25:00,EDSA Banahaw St.  Quezon City,0,0,0,0,0,0,0,0,0,0,2014-12-29 9:25,Property,14.63293559,121.0446304,Side Swipe
None,EDSA,None,None,"No Accident Factor, Side Swipe, 0.0 drivers_injured, 0.0 drivers_killed, 0.0 passengers_injured, 0.0 passengers_killed, 0.0 pedestrian_injured, 0.0 pedestrian_killed, Fair (Night), EDSA Cloverleaf Quezon City",MMDA Road Safety Unit,,0792c4c5-48a3-44b2-aea2-5d4b865c2340,2014-12-28,22:30:00,"EDSA Jackman Bldg., Ramon Magsaysay Quezon City",0,0,0,0,0,0,0,0,0,0,2014-12-29 6:30,Property,14.65747901,121.0011914,Side Swipe
None,EDSA,None,None,"No Accident Factor, Side Swipe, 0.0 drivers_injured, 0.0 drivers_killed, 0.0 passengers_injured, 0.0 passengers_killed, 0.0 pedestrian_injured, 0.0 pedestrian_killed, Fair (Night), EDSA Cloverleaf Quezon City",MMDA Road Safety Unit,,81391b26-bbd2-4964-adc7-e11729704f41,2014-12-28,18:30:00,EDSA Aurora Blvd. Quezon City,0,0,0,0,0,0,0,0,0,0,2014-12-29 2:30,Property,14.65747901,121.0011914,Side Swipe
None,EDSA,None,None,"No Accident Factor, Side Swipe, 0.0 drivers_injured, 0.0 drivers_killed, 0.0 passengers_injured, 0.0 passengers_killed, 0.0 pedestrian_injured, 0.0 pedestrian_killed, Fair (Night), EDSA Monte De Piedad St.  Quezon City",MMDA Road Safety Unit,,09b4c487-9264-4274-8d86-518956de4405,2014-12-28,07:30:00,EDSA Robinsons Galleria Quezon City,0,0,0,0,0,0,0,0,0,0,2014-12-28 15:30,Property,14.62346937,121.0491711,Side Swipe
None,EDSA,None,None,"No Accident Factor, Rear-end, 0.0 drivers_injured, 0.0 drivers_killed, 0.0 passengers_injured, 0.0 passengers_killed, 0.0 pedestrian_injured, 0.0 pedestrian_killed, Fair (Night), EDSA Cloverleaf Quezon City",MMDA Road Safety Unit,,b72bef8c-ad78-4576-ab36-198249303555,2014-12-28,01:30:00,EDSA SM North loading bay Quezon City,0,0,0,0,0,0,0,0,0,0,2014-12-28 9:30,Property,14.65747901,121.0011914,Rear-End
None,EDSA,None,None,"No Accident Factor, Side Swipe, 0.0 drivers_injured, 0.0 drivers_killed, 0.0 passengers_injured, 0.0 passengers_killed, 0.0 pedestrian_injured, 0.0 pedestrian_killed, Fair (Night), EDSA Cloverleaf Quezon City",MMDA Road Safety Unit,,fb74acff-6fac-4b77-aed8-1c8bb1fc4339,2014-12-27,15:40:00,EDSA Nepa Q Mart Quezon City,0,0,0,0,0,0,0,0,0,0,2014-12-27 23:40,Property,14.65747901,121.0011914,Side Swipe
None,EDSA,None,None,"No Accident Factor, Rear-end, 0.0 drivers_injured, 0.0 drivers_killed, 0.0 passengers_injured, 0.0 passengers_killed, 0.0 pedestrian_injured, 0.0 pedestrian_killed, Fair (Night), EDSA Ermin Garcia St.  Quezon City",MMDA Road Safety Unit,,6b4b3e38-b92b-4825-8bbd-c186e5b4fc18,2014-12-27,11:40:00,EDSA Kaingin Road Quezon City,0,0,0,0,0,0,0,0,0,0,2014-12-27 19:40,Property,14.62758814,121.047487,Rear-End
None,EDSA,None,None,"No Accident Factor, No Collision Stated (based on Police Blotter Book), 0.0 drivers_injured, 0.0 drivers_killed, 0.0 passengers_injured, 0.0 passengers_killed, 0.0 pedestrian_injured, 0.0 pedestrian_killed, Fair (Night), EDSA Anapolis St.  Quezon City",MMDA Road Safety Unit,,896201bc-3bf1-44cd-a8aa-9fb2191c89d7,2014-12-27,07:15:00,EDSA West Ave.  Quezon City,0,0,0,0,0,0,0,0,0,0,2014-12-27 15:15,Property,14.60630786,121.0570571,No Collision Stated
None,EDSA,None,None,"No Accident Factor, No Collision Stated (based on Police Blotter Book), 0.0 drivers_injured, 0.0 drivers_killed, 0.0 passengers_injured, 0.0 passengers_killed, 0.0 pedestrian_injured, 0.0 pedestrian_killed, Fair (Night), EDSA Timog Ave.  Quezon City",MMDA Road Safety Unit,,3deef548-9584-4a58-98c1-8e52a0ff428a,2014-12-27,04:35:00,EDSA Cloverleaf Road Quezon City,0,0,0,0,0,0,0,0,0,0,2014-12-27 12:35,Property,14.63293559,121.0446304,No Collision Stated
None,EDSA,None,None,"No Accident Factor, No Collision Stated (based on Police Blotter Book), 0.0 drivers_injured, 0.0 drivers_killed, 0.0 passengers_injured, 0.0 passengers_killed, 0.0 pedestrian_injured, 0.0 pedestrian_killed, Fair (Night), EDSA Victory Liner Terminal  Quezon City",MMDA Road Safety Unit,,b73dd275-94d5-42c4-81ca-23bed379b9c1,2014-12-27,00:30:00,EDSA Congressional Ave. Quezon City,0,0,0,0,0,0,0,0,0,0,2014-12-27 8:30,Property,14.62439943,121.0488805,No Collision Stated
None,EDSA,None,None,"No Accident Factor, No Collision Stated (based on Police Blotter Book), 0.0 drivers_injured, 0.0 drivers_killed, 0.0 passengers_injured, 0.0 passengers_killed, 0.0 pedestrian_injured, 0.0 pedestrian_killed, Fair (Night), EDSA Balintawak Market Quezon City",MMDA Road Safety Unit,,6beeab6c-6b24-49fd-973b-a4923647c23e,2014-12-26,17:30:00,EDSA Ramon Magsaysay Quezon City,0,0,0,0,0,0,0,0,0,0,2014-12-27 1:30,Property,14.65740947,121.0025737,No Collision Stated
None,EDSA,None,None,"No Accident Factor, Side Swipe, 0.0 drivers_injured, 0.0 drivers_killed, 0.0 passengers_injured, 0.0 passengers_killed, 0.0 pedestrian_injured, 0.0 pedestrian_killed, Fair (Night), EDSA Balintawak Market Quezon City",MMDA Road Safety Unit,,cbb5e2ec-a07b-45b8-8220-c2467dbfe083,2014-12-26,15:40:00,EDSA Landmark Philam  Quezon City,0,0,0,0,0,0,0,0,0,0,2014-12-26 23:40,Property,14.65740947,121.0025737,Side Swipe
None,EDSA,None,None,"No Accident Factor, Side Swipe, 0.0 drivers_injured, 0.0 drivers_killed, 0.0 passengers_injured, 0.0 passengers_killed, 0.0 pedestrian_injured, 0.0 pedestrian_killed, Fair (Night), EDSA Cloverleaf Quezon City",MMDA Road Safety Unit,,7cf21bb6-330a-4e82-8f27-9a494a0a7763,2014-12-26,14:00:00,EDSA Misamis St. Quezon City,0,0,0,0,0,0,0,0,0,0,2014-12-26 22:00,Property,14.65747901,121.0011914,Side Swipe
None,EDSA,None,None,"No Accident Factor, No Collision Stated (based on Police Blotter Book), 0.0 drivers_injured, 0.0 drivers_killed, 0.0 passengers_injured, 0.0 passengers_killed, 0.0 pedestrian_injured, 0.0 pedestrian_killed, Fair (Day), EDSA Shell Gas Station, Katipu Quezon City",MMDA Road Safety Unit,,779373ca-70b4-470a-a2bf-c0668405d895,2014-12-26,08:00:00,EDSA North Ave. Quezon City,0,0,0,0,0,0,0,0,0,0,2014-12-26 16:00,Property,14.65744481,121.0162804,No Collision Stated
None,EDSA,None,None,"No Accident Factor, Multiple Collision, 0.0 drivers_injured, 0.0 drivers_killed, 0.0 passengers_injured, 0.0 passengers_killed, 0.0 pedestrian_injured, 0.0 pedestrian_killed, Fair (Day), EDSA Robinsons Galleria, Ugong Norte Quezon City",MMDA Road Safety Unit,,e98599c2-a691-42a7-83ad-4eafcca0942a,2014-12-26,01:00:00,EDSA Cloverleaf (SB)  Quezon City,0,0,0,0,0,0,0,0,0,0,2014-12-26 9:00,Property,14.59206941,121.058228,Multiple
None,EDSA,None,None,"No Accident Factor, Rear-end, 0.0 drivers_injured, 0.0 drivers_killed, 0.0 passengers_injured, 0.0 passengers_killed, 0.0 pedestrian_injured, 0.0 pedestrian_killed, Fair (Night), EDSA K-10th St. Quezon City",MMDA Road Safety Unit,,e9669240-344a-403f-9a21-96a1947549f0,2014-12-25,12:00:00,EDSA Five Star Bus Terminal Quezon City,0,0,0,0,0,0,0,0,0,0,2014-12-25 20:00,Property,14.62879439,121.046914,Rear-End
None,EDSA,None,None,"No Accident Factor, Multiple Collision, 1.0 drivers_injured, 0.0 drivers_killed, 0.0 passengers_injured, 0.0 passengers_killed, 0.0 pedestrian_injured, 0.0 pedestrian_killed, Fair (Night), EDSA Gen. Mc Arthur Ave. Quezon City",MMDA Road Safety Unit,,36a64b2d-6bba-4920-83c5-dacc80d6d75e,2014-12-25,10:35:00,EDSA Aurora Blvd. Quezon City,0,0,0,1,0,0,0,0,0,1,2014-12-25 18:35,Injury,14.61805145,121.0517604,Multiple
None,EDSA,None,None,"No Accident Factor, Hit and Run (Side Swipe), 0.0 drivers_injured, 0.0 drivers_killed, 0.0 passengers_injured, 0.0 passengers_killed, 0.0 pedestrian_injured, 0.0 pedestrian_killed, Fair (Day), EDSA East Ave. Quezon City",MMDA Road Safety Unit,,26d5cf9d-c3d9-4991-93e9-e15b624d0762,2014-12-25,00:30:00,EDSA Timog Ave.  Quezon City,0,0,0,0,0,0,0,0,0,0,2014-12-25 8:30,Property,14.6328297,121.0451176,Side Swipe
None,EDSA,None,None,"No Accident Factor, Multiple Collision, 0.0 drivers_injured, 0.0 drivers_killed, 0.0 passengers_injured, 0.0 passengers_killed, 0.0 pedestrian_injured, 0.0 pedestrian_killed, Fair (Night), EDSA Cloverleaf Road Quezon City",MMDA Road Safety Unit,,ec547047-265d-4406-ba3f-4c1fe61dfe63,2014-12-24,12:50:00,EDSA UNTV Philam Quezon City,0,0,0,0,0,0,0,0,0,0,2014-12-24 20:50,Property,14.65747901,121.0011914,Multiple
None,EDSA,None,None,"No Accident Factor, No Collision Stated (based on Police Blotter Book), 0.0 drivers_injured, 0.0 drivers_killed, 0.0 passengers_injured, 0.0 passengers_killed, 0.0 pedestrian_injured, 0.0 pedestrian_killed, Fair (Night), EDSA Misamis St. Quezon City",MMDA Road Safety Unit,,478b0a37-f9b9-4fc5-b7ef-8b8e46de4289,2014-12-24,10:15:00,EDSA Col. Bonny Serano Ave. Quezon City,0,0,0,0,0,0,0,0,0,0,2014-12-24 18:15,Property,14.65602348,121.0285212,No Collision Stated
None,EDSA,None,None,"No Accident Factor, Rear-end, 0.0 drivers_injured, 0.0 drivers_killed, 0.0 passengers_injured, 0.0 passengers_killed, 0.0 pedestrian_injured, 0.0 pedestrian_killed, Fair (Night), EDSA Cloverleaf Road (SB)  Quezon City",MMDA Road Safety Unit,,eccc7548-34bb-4a07-99fd-bec4562843df,2014-12-24,08:00:00,EDSA Camp Aguinaldo Gate 3 Quezon City,0,0,0,0,0,0,0,0,0,0,2014-12-24 16:00,Property,14.65747901,121.0011914,Rear-End
None,EDSA,None,None,"No Accident Factor, No Collision Stated (based on Police Blotter Book), 0.0 drivers_injured, 0.0 drivers_killed, 0.0 passengers_injured, 0.0 passengers_killed, 0.0 pedestrian_injured, 0.0 pedestrian_killed, Fair (Night), EDSA Cloverleaf Road Quezon City",MMDA Road Safety Unit,,a39b10fc-a6c9-4d98-b2f4-8509deb44134,2014-12-24,04:05:00,EDSA Balintawak Market Quezon City,0,0,0,0,0,0,0,0,0,0,2014-12-24 12:05,Property,14.65747901,121.0011914,No Collision Stated
None,EDSA,None,None,"No Accident Factor, Rear-end, 0.0 drivers_injured, 0.0 drivers_killed, 0.0 passengers_injured, 0.0 passengers_killed, 0.0 pedestrian_injured, 0.0 pedestrian_killed, Fair (Night), EDSA Solid North Terminal  Quezon City",MMDA Road Safety Unit,,ce9670af-7d2e-476b-94d7-133fc99d71f8,2014-12-24,03:30:00,EDSA East Ave. Quezon City,0,0,0,0,0,0,0,0,0,0,2014-12-24 11:30,Property,14.62420023,121.0487914,Rear-End
None,EDSA,None,None,"No Accident Factor, Side Swipe, 0.0 drivers_injured, 0.0 drivers_killed, 0.0 passengers_injured, 0.0 passengers_killed, 0.0 pedestrian_injured, 0.0 pedestrian_killed, Fair (Night), EDSA Waltermart Veterans Quezon City",MMDA Road Safety Unit,,1b3d590a-c39e-474e-ba64-dafd1d655040,2014-12-24,03:30:00,EDSA A. Samson  Quezon City,0,0,0,0,0,0,0,0,0,0,2014-12-24 11:30,Property,14.6574558,121.0213579,Side Swipe
None,EDSA,None,None,"No Accident Factor, Rear-end, 0.0 drivers_injured, 0.0 drivers_killed, 0.0 passengers_injured, 0.0 passengers_killed, 0.0 pedestrian_injured, 0.0 pedestrian_killed, Fair (Night), EDSA Kaingin St.  Quezon City",MMDA Road Safety Unit,,174e7b31-a76a-45a8-9910-49a8466a5a9b,2014-12-24,01:30:00,EDSA Monte De Piedad St.  Quezon City,0,0,0,0,0,0,0,0,0,0,2014-12-24 9:30,Property,14.65746493,121.0109963,Rear-End