LOCATION_TEXT,ROAD,WEATHER,LIGHT,DESC,REPORTING_AGENCY,MAIN_CAUSE,INCIDENTDETAILS_ID,DATE_UTC,TIME_UTC,ADDRESS,killed_driver,killed_passenger,killed_pedestrian,injured_driver,injured_passenger,injured_pedestrian,killed_uncategorized,injured_uncategorized,killed_total,injured_total,DATETIME_PST,SEVERITY,Y,X,COLLISION_TYPE
None,EDSA,None,None,"No Accident Factor, Rear-end, 0.0 drivers_injured, 0.0 drivers_killed, 0.0 passengers_injured, 0.0 passengers_killed, 0.0 pedestrian_injured, 0.0 pedestrian_killed, Fair (Night), EDSA Timog Ave.  Quezon City",MMDA Road Safety Unit,,657caacc-9506-475c-8afc-d21b630ee090,2014-12-23,23:35:00,EDSA  Santolan MRT Station  Quezon City,0,0,0,0,0,0,0,0,0,0,2014-12-24 7:35,Property,14.63293559,121.0446304,Rear-End
None,EDSA,None,None,"No Accident Factor, Rear-end, 0.0 drivers_injured, 0.0 drivers_killed, 0.0 passengers_injured, 0.0 passengers_killed, 0.0 pedestrian_injured, 0.0 pedestrian_killed, Fair (Day), EDSA Aurora Blvd. Quezon City",MMDA Road Safety Unit,,bbd906a9-8016-473f-bc23-de3d9ebd6f70,2014-12-23,22:30:00,EDSA GMA Drive Quezon City,0,0,0,0,0,0,0,0,0,0,2014-12-24 6:30,Property,14.62163653,121.0501573,Rear-End
None,EDSA,None,None,"No Accident Factor, Side Swipe, 0.0 drivers_injured, 0.0 drivers_killed, 0.0 passengers_injured, 0.0 passengers_killed, 0.0 pedestrian_injured, 0.0 pedestrian_killed, Fair (Day), EDSA Feria Road Quezon City",MMDA Road Safety Unit,,ece11265-a328-418d-872c-c1826f632a9a,2014-12-23,22:30:00,EDSA Camp Aguinaldo  Quezon City,0,0,0,0,0,0,0,0,0,0,2014-12-24 6:30,Property,14.65776837,121.0159521,Side Swipe
None,EDSA,None,None,"No Accident Factor, Hit and Run (No Collision Stated), 0.0 drivers_injured, 0.0 drivers_killed, 0.0 passengers_injured, 0.0 passengers_killed, 0.0 pedestrian_injured, 0.0 pedestrian_killed, Fair (Day), EDSA K-10th St. Quezon City",MMDA Road Safety Unit,,244361a6-a060-4f2d-be41-ca31f04794db,2014-12-23,22:20:00,EDSA Santolan MRT Station  Quezon City,0,0,0,0,0,0,0,0,0,0,2014-12-24 6:20,Property,14.62879439,121.046914,No Collision Stated
None,EDSA,None,None,"No Accident Factor, No Collision Stated (based on Police Blotter Book), 0.0 drivers_injured, 0.0 drivers_killed, 0.0 passengers_injured, 0.0 passengers_killed, 0.0 pedestrian_injured, 0.0 pedestrian_killed, Fair (Night), EDSA Ermin Garcia St.  Quezon City",MMDA Road Safety Unit,,66cf805b-b9de-456c-a1f8-817bb4f4a1c8,2014-12-23,21:30:00,EDSA Timog Ave.  Quezon City,0,0,0,0,0,0,0,0,0,0,2014-12-24 5:30,Property,14.62758814,121.047487,No Collision Stated
None,EDSA,None,None,"No Accident Factor, No Collision Stated (based on Police Blotter Book), 0.0 drivers_injured, 0.0 drivers_killed, 0.0 passengers_injured, 0.0 passengers_killed, 0.0 pedestrian_injured, 0.0 pedestrian_killed, Fair (Night), EDSA Ermin Garcia St.  Quezon City",MMDA Road Safety Unit,,47fe9518-a074-4631-8d7b-ad1ee7584699,2014-12-23,15:20:00,EDSA Col. Bonny Serrano Ave.  Quezon City,0,0,0,0,0,0,0,0,0,0,2014-12-23 23:20,Property,14.62758814,121.047487,No Collision Stated
None,EDSA,None,None,"No Accident Factor, Angle Impact, 0.0 drivers_injured, 0.0 drivers_killed, 0.0 passengers_injured, 0.0 passengers_killed, 0.0 pedestrian_injured, 0.0 pedestrian_killed, Fair (Night), EDSA Five Star Bus Terminal, Cubao Quezon City",MMDA Road Safety Unit,,a4b7bbd9-b1c4-4ede-b309-4f8af1ae7660,2014-12-23,13:45:00,EDSA Whiteplains  Quezon City,0,0,0,0,0,0,0,0,0,0,2014-12-23 21:45,Property,14.62375691,121.0492447,Angle Impact
None,EDSA,None,None,"No Accident Factor, Angle Impact, 0.0 drivers_injured, 0.0 drivers_killed, 0.0 passengers_injured, 0.0 passengers_killed, 0.0 pedestrian_injured, 0.0 pedestrian_killed, Fair (Night), EDSA White Plains Ave. Quezon City",MMDA Road Safety Unit,,4970e968-281a-41a4-a3b2-62eacc49c38d,2014-12-23,13:00:00,EDSA Roosevelt Ave. Quezon City,0,0,0,0,0,0,0,0,0,0,2014-12-23 21:00,Property,14.59961782,121.0596522,Angle Impact
None,EDSA,None,None,"No Accident Factor, Side Swipe, 0.0 drivers_injured, 0.0 drivers_killed, 0.0 passengers_injured, 0.0 passengers_killed, 0.0 pedestrian_injured, 0.0 pedestrian_killed, Fair (Night), EDSA Santolan MRT Station Quezon City",MMDA Road Safety Unit,,cce57f8f-82c3-415b-85bf-b90a3f7c2267,2014-12-23,11:20:00,EDSA Main Ave.  Quezon City,0,0,0,0,0,0,0,0,0,0,2014-12-23 19:20,Property,14.60773988,121.0564577,Side Swipe
None,EDSA,None,None,"No Accident Factor, Side Swipe, 0.0 drivers_injured, 0.0 drivers_killed, 0.0 passengers_injured, 0.0 passengers_killed, 0.0 pedestrian_injured, 0.0 pedestrian_killed, Fair (Night), EDSA Main Ave. Quezon City",MMDA Road Safety Unit,,66754e13-935c-4dae-8bdb-5b3a5fb3417e,2014-12-23,11:00:00,EDSA Col. Bonny Serrano Ave. Quezon City,0,0,0,0,0,0,0,0,0,0,2014-12-23 19:00,Property,14.61376458,121.0537933,Side Swipe
None,EDSA,None,None,"No Accident Factor, No Collision Stated (based on Police Blotter Book), 0.0 drivers_injured, 0.0 drivers_killed, 0.0 passengers_injured, 0.0 passengers_killed, 0.0 pedestrian_injured, 0.0 pedestrian_killed, Fair (Day), EDSA SM North Quezon City",MMDA Road Safety Unit,,fb515d99-5d15-43cf-9b40-3e992bfd87c8,2014-12-23,10:45:00,EDSA Ortigas Ave.  Quezon City,0,0,0,0,0,0,0,0,0,0,2014-12-23 18:45,Property,14.65645143,121.0271077,No Collision Stated
None,EDSA,None,None,"No Accident Factor, Rear-end, 0.0 drivers_injured, 0.0 drivers_killed, 0.0 passengers_injured, 0.0 passengers_killed, 0.0 pedestrian_injured, 0.0 pedestrian_killed, Fair (Night), EDSA Monte De Piedad St.  Quezon City",MMDA Road Safety Unit,,9c272ac5-69ac-403a-a8e1-9cd46d20a25d,2014-12-23,09:25:00,"EDSA Five Star Bus Terminal, Cubao  Quezon City",0,0,0,0,0,0,0,0,0,0,2014-12-23 17:25,Property,14.62346937,121.0491711,Rear-End
None,EDSA,None,None,"No Accident Factor, Side Swipe, 0.0 drivers_injured, 0.0 drivers_killed, 0.0 passengers_injured, 0.0 passengers_killed, 0.0 pedestrian_injured, 0.0 pedestrian_killed, Fair (Day), EDSA Gen. Mc Arthur Ave. Quezon City",MMDA Road Safety Unit,,22b38058-e4da-4d92-a907-38ab5b76627d,2014-12-23,09:00:00,EDSA Victory Liner Bus Terminal Quezon City,0,0,0,0,0,0,0,0,0,0,2014-12-23 17:00,Property,14.61805145,121.0517604,Side Swipe
None,EDSA,None,None,"No Accident Factor, No Collision Stated (based on Police Blotter Book), 0.0 drivers_injured, 0.0 drivers_killed, 0.0 passengers_injured, 0.0 passengers_killed, 0.0 pedestrian_injured, 0.0 pedestrian_killed, Fair (Night), EDSA Kamuning Road   Quezon City",MMDA Road Safety Unit,,8c405d31-5b4e-4678-9f41-b1393b0f6aad,2014-12-23,08:50:00,"EDSA Camp Aguinaldo, Socorro Quezon City",0,0,0,0,0,0,0,0,0,0,2014-12-23 16:50,Property,14.63075725,121.0457548,No Collision Stated
None,EDSA,None,None,"No Accident Factor, No Collision Stated (based on Police Blotter Book), 0.0 drivers_injured, 0.0 drivers_killed, 1.0 passengers_injured, 0.0 passengers_killed, 0.0 pedestrian_injured, 0.0 pedestrian_killed, Fair (Night), EDSA P. Tuazon Blvd.  Quezon City",MMDA Road Safety Unit,,401717ef-4389-47c4-976e-d62995da44e6,2014-12-23,08:25:00,EDSA Banahaw St.  Quezon City,0,0,0,0,1,0,0,0,0,1,2014-12-23 16:25,Injury,14.61656342,121.0525225,No Collision Stated
None,EDSA,None,None,"No Accident Factor, No Collision Stated (based on Police Blotter Book), 0.0 drivers_injured, 0.0 drivers_killed, 0.0 passengers_injured, 0.0 passengers_killed, 0.0 pedestrian_injured, 0.0 pedestrian_killed, Fair (Night), EDSA East Ave.  Quezon City",MMDA Road Safety Unit,,25e41be6-07e5-49b2-8ac5-fb126b694122,2014-12-23,08:20:00,EDSA Aurora Blvd.  Quezon City,0,0,0,0,0,0,0,0,0,0,2014-12-23 16:20,Property,14.6328297,121.0451176,No Collision Stated
None,EDSA,None,None,"No Accident Factor, Rear-end, 0.0 drivers_injured, 0.0 drivers_killed, 0.0 passengers_injured, 0.0 passengers_killed, 0.0 pedestrian_injured, 0.0 pedestrian_killed, Fair (Day), EDSA Waltermart Quezon City",MMDA Road Safety Unit,,a51b17ef-0a05-4565-9e8c-8df1be15958a,2014-12-23,08:00:00,EDSA Panay Ave.   Quezon City,0,0,0,0,0,0,0,0,0,0,2014-12-23 16:00,Property,14.6574558,121.0213579,Rear-End
None,EDSA,None,None,"No Accident Factor, Multiple Collision, 0.0 drivers_injured, 0.0 drivers_killed, 0.0 passengers_injured, 0.0 passengers_killed, 0.0 pedestrian_injured, 0.0 pedestrian_killed, Fair (Day), EDSA Camp Aguinaldo Quezon City",MMDA Road Safety Unit,,88e01504-8e6d-467e-a581-6da805f8725e,2014-12-23,07:00:00,EDSA Victory Liner Terminal Quezon City,0,0,0,0,0,0,0,0,0,0,2014-12-23 15:00,Property,14.60818699,121.0564562,Multiple
None,EDSA,None,None,"No Accident Factor, No Collision Stated (based on Police Blotter Book), 0.0 drivers_injured, 0.0 drivers_killed, 0.0 passengers_injured, 0.0 passengers_killed, 0.0 pedestrian_injured, 0.0 pedestrian_killed, Fair (Day), EDSA Misamis St. Quezon City",MMDA Road Safety Unit,,62c11562-b732-49d5-9b7d-e3992e837821,2014-12-23,06:30:00,"EDSA Col. Bonny Serrano Ave. Extn., Libis Quezon City",0,0,0,0,0,0,0,0,0,0,2014-12-23 14:30,Property,14.65602348,121.0285212,No Collision Stated
None,EDSA,None,None,"No Accident Factor, Side Swipe, 0.0 drivers_injured, 0.0 drivers_killed, 0.0 passengers_injured, 0.0 passengers_killed, 0.0 pedestrian_injured, 0.0 pedestrian_killed, Fair (Day), EDSA P. Tuazon Blvd. Quezon City",MMDA Road Safety Unit,,a70f5be1-cb9e-46e3-8367-daba2b4ed08a,2014-12-23,06:20:00,EDSA E. Garcia St.  Quezon City,0,0,0,0,0,0,0,0,0,0,2014-12-23 14:20,Property,14.61656342,121.0525225,Side Swipe
None,EDSA,None,None,"No Accident Factor, No Collision Stated (based on Police Blotter Book), 0.0 drivers_injured, 0.0 drivers_killed, 0.0 passengers_injured, 0.0 passengers_killed, 0.0 pedestrian_injured, 0.0 pedestrian_killed, Fair (Night), EDSA Monte De Piedad St.  Quezon City",MMDA Road Safety Unit,,bb5aa316-a481-416b-b23a-8c89617c1e87,2014-12-23,05:35:00,EDSA Balintawak Market Quezon City,0,0,0,0,0,0,0,0,0,0,2014-12-23 13:35,Property,14.62346937,121.0491711,No Collision Stated
None,EDSA,None,None,"No Accident Factor, Side Swipe, 0.0 drivers_injured, 0.0 drivers_killed, 0.0 passengers_injured, 0.0 passengers_killed, 0.0 pedestrian_injured, 0.0 pedestrian_killed, Fair (Night), EDSA Cloverleaf Road Quezon City",MMDA Road Safety Unit,,02bda08a-a946-4ef2-bc8e-65c83038690a,2014-12-23,04:45:00,EDSA E. Garcia St.  Quezon City,0,0,0,0,0,0,0,0,0,0,2014-12-23 12:45,Property,14.65747901,121.0011914,Side Swipe
None,EDSA,None,None,"No Accident Factor, No Collision Stated (based on Police Blotter Book), 0.0 drivers_injured, 0.0 drivers_killed, 0.0 passengers_injured, 0.0 passengers_killed, 0.0 pedestrian_injured, 0.0 pedestrian_killed, Fair (Day), EDSA SM North Quezon City",MMDA Road Safety Unit,,ae451ebb-70dd-4f70-9eec-5402db0dad94,2014-12-23,04:30:00,EDSA East Ave. Quezon City,0,0,0,0,0,0,0,0,0,0,2014-12-23 12:30,Property,14.65645143,121.0271077,No Collision Stated
None,EDSA,None,None,"No Accident Factor, Rear-end, 0.0 drivers_injured, 0.0 drivers_killed, 0.0 passengers_injured, 0.0 passengers_killed, 0.0 pedestrian_injured, 0.0 pedestrian_killed, Fair (Night), EDSA Main Ave.  Quezon City",MMDA Road Safety Unit,,7702ad43-5440-4c0a-9e51-ac05cdb9c12c,2014-12-23,03:45:00,EDSA East Ave. Quezon City,0,0,0,0,0,0,0,0,0,0,2014-12-23 11:45,Property,14.61376458,121.0537933,Rear-End
None,EDSA,None,None,"No Accident Factor, No Collision Stated (based on Police Blotter Book), 0.0 drivers_injured, 0.0 drivers_killed, 0.0 passengers_injured, 0.0 passengers_killed, 0.0 pedestrian_injured, 0.0 pedestrian_killed, Fair (Night), EDSA Boni Ave.       Quezon City",MMDA Road Safety Unit,,e22aa0b6-2a88-4e84-b4eb-043700369098,2014-12-23,02:30:00,"EDSA MRT Santolan Station, Socorro Quezon City",0,0,0,0,0,0,0,0,0,0,2014-12-23 10:30,Property,14.57236945,121.0470168,No Collision Stated
None,EDSA,None,None,"No Accident Factor, No Collision Stated (based on Police Blotter Book), 0.0 drivers_injured, 0.0 drivers_killed, 0.0 passengers_injured, 0.0 passengers_killed, 0.0 pedestrian_injured, 0.0 pedestrian_killed, Fair (Day), EDSA SM Annex Quezon City",MMDA Road Safety Unit,,e9399dc9-1141-45a3-a71e-d6908d36ac17,2014-12-23,01:00:00,EDSA New York St.  Quezon City,0,0,0,0,0,0,0,0,0,0,2014-12-23 9:00,Property,14.65628012,121.0272074,No Collision Stated
None,EDSA,None,None,"No Accident Factor, Multiple Collision, 1.0 drivers_injured, 0.0 drivers_killed, 0.0 passengers_injured, 0.0 passengers_killed, 0.0 pedestrian_injured, 0.0 pedestrian_killed, Fair (Day), EDSA Feria Road Quezon City",MMDA Road Safety Unit,,5f7353df-94a4-47b0-a6d6-fd1212d5d6ab,2014-12-23,00:15:00,"EDSA Quezon City Academy, Sto. Cristo Quezon City",0,0,0,1,0,0,0,0,0,1,2014-12-23 8:15,Injury,14.65776837,121.0159521,Multiple
None,EDSA,None,None,"No Accident Factor, Hit and Run (Side Swipe), 0.0 drivers_injured, 0.0 drivers_killed, 0.0 passengers_injured, 0.0 passengers_killed, 0.0 pedestrian_injured, 0.0 pedestrian_killed, Fair (Day), EDSA Camp Aguinaldo Quezon City",MMDA Road Safety Unit,,a7ee36ef-299a-4e1e-9902-beedcb156e4d,2014-12-23,00:00:00,EDSA Scout Borromeo St.  Quezon City,0,0,0,0,0,0,0,0,0,0,2014-12-23 8:00,Property,14.60818699,121.0564562,Side Swipe
None,EDSA,None,None,"No Accident Factor, No Collision Stated (based on Police Blotter Book), 0.0 drivers_injured, 0.0 drivers_killed, 0.0 passengers_injured, 0.0 passengers_killed, 0.0 pedestrian_injured, 0.0 pedestrian_killed, Fair (Day), EDSA ""U"" turn slot,  Quirino Ave. Quezon City",MMDA Road Safety Unit,,2b2079ca-78cd-4cfa-9d57-c14a31ba6d77,2014-12-23,00:00:00,"EDSA Royal St., A. Samson  Quezon City",0,0,0,0,0,0,0,0,0,0,2014-12-23 8:00,Property,14.65733135,121.0002469,No Collision Stated
None,EDSA,None,None,"No Accident Factor, Rear-end, 0.0 drivers_injured, 0.0 drivers_killed, 0.0 passengers_injured, 0.0 passengers_killed, 0.0 pedestrian_injured, 0.0 pedestrian_killed, Fair (Day), EDSA Farmers Market, Socorro Quezon City",MMDA Road Safety Unit,,49899ae4-083c-4805-b9ba-e1ab733ceee9,2014-12-22,23:55:00,EDSA Aurora Blvd.  Quezon City,0,0,0,0,0,0,0,0,0,0,2014-12-23 7:55,Property,14.61920525,121.0513476,Rear-End
None,EDSA,None,None,"No Accident Factor, Angle Impact, 0.0 drivers_injured, 0.0 drivers_killed, 0.0 passengers_injured, 0.0 passengers_killed, 0.0 pedestrian_injured, 0.0 pedestrian_killed, Fair (Night), EDSA P. Tuazon Blvd. Quezon City",MMDA Road Safety Unit,,bbb5f3f7-9f26-439b-a8bb-150916f23526,2014-12-22,18:00:00,EDSA Quezon Ave.  Quezon City,0,0,0,0,0,0,0,0,0,0,2014-12-23 2:00,Property,14.61656342,121.0525225,Angle Impact
None,EDSA,None,None,"No Accident Factor, No Collision Stated (based on Police Blotter Book), 0.0 drivers_injured, 0.0 drivers_killed, 0.0 passengers_injured, 0.0 passengers_killed, 0.0 pedestrian_injured, 0.0 pedestrian_killed, Fair (Night), EDSA West Ave.  Quezon City",MMDA Road Safety Unit,,0d137531-0186-4f8f-aeae-a3b446f60856,2014-12-22,14:30:00,EDSA Timog Ave.  Quezon City,0,0,0,0,0,0,0,0,0,0,2014-12-22 22:30,Property,14.65548924,121.0298079,No Collision Stated
None,EDSA,None,None,"No Accident Factor, No Collision Stated (based on Police Blotter Book), 0.0 drivers_injured, 0.0 drivers_killed, 0.0 passengers_injured, 0.0 passengers_killed, 0.0 pedestrian_injured, 0.0 pedestrian_killed, Fair (Night), EDSA Trinoma Quezon City",MMDA Road Safety Unit,,1b0e6295-5e8f-4675-be2b-b152bd50cada,2014-12-22,14:00:00,EDSA Misamis St. Quezon City,0,0,0,0,0,0,0,0,0,0,2014-12-22 22:00,Property,14.65242607,121.0323133,No Collision Stated
None,EDSA,None,None,"No Accident Factor, Side Swipe, 0.0 drivers_injured, 0.0 drivers_killed, 0.0 passengers_injured, 0.0 passengers_killed, 0.0 pedestrian_injured, 0.0 pedestrian_killed, Fair (Night), EDSA UNTV Philam Quezon City",MMDA Road Safety Unit,,1ed21b29-ffe2-47b4-819a-6cd909e723ff,2014-12-22,13:25:00,EDSA Kaingin Road Quezon City,0,0,0,0,0,0,0,0,0,0,2014-12-22 21:25,Property,14.64959397,121.0338735,Side Swipe
None,EDSA,None,None,"No Accident Factor, No Collision Stated (based on Police Blotter Book), 0.0 drivers_injured, 0.0 drivers_killed, 0.0 passengers_injured, 0.0 passengers_killed, 0.0 pedestrian_injured, 0.0 pedestrian_killed, Fair (Night), EDSA Bansalangin St. Quezon City",MMDA Road Safety Unit,,7195cb86-307e-4a76-95f4-7cb6522f5c18,2014-12-22,12:35:00,EDSA Cubao  Quezon City,0,0,0,0,0,0,0,0,0,0,2014-12-22 20:35,Property,14.6567996,121.0241845,No Collision Stated
None,EDSA,None,None,"No Accident Factor, No Collision Stated (based on Police Blotter Book), 0.0 drivers_injured, 0.0 drivers_killed, 0.0 passengers_injured, 0.0 passengers_killed, 0.0 pedestrian_injured, 0.0 pedestrian_killed, Fair (Night), EDSA West Ave. Quezon City",MMDA Road Safety Unit,,ef1d18f3-457e-4b10-ad91-e7a26a661c67,2014-12-22,12:35:00,EDSA Main Ave.  Quezon City,0,0,0,0,0,0,0,0,0,0,2014-12-22 20:35,Property,14.65548924,121.0298079,No Collision Stated
None,EDSA,None,None,"No Accident Factor, Side Swipe, 0.0 drivers_injured, 0.0 drivers_killed, 0.0 passengers_injured, 0.0 passengers_killed, 0.0 pedestrian_injured, 0.0 pedestrian_killed, Fair (Night), EDSA Kamuning Road   Quezon City",MMDA Road Safety Unit,,53ecf00f-b927-403b-b332-0ec3620cab98,2014-12-22,11:40:00,EDSA GMA-7  Quezon City,0,0,0,0,0,0,0,0,0,0,2014-12-22 19:40,Property,14.63075725,121.0457548,Side Swipe
None,EDSA,None,None,"No Accident Factor, No Collision Stated (based on Police Blotter Book), 0.0 drivers_injured, 0.0 drivers_killed, 0.0 passengers_injured, 0.0 passengers_killed, 0.0 pedestrian_injured, 0.0 pedestrian_killed, Fair (Night), EDSA Santolan MRT Station (SB)  Quezon City",MMDA Road Safety Unit,,a349a104-f0d5-40a4-9e09-21315607e544,2014-12-22,08:30:00,EDSA Camp Aguinaldo Quezon City,0,0,0,0,0,0,0,0,0,0,2014-12-22 16:30,Property,14.60773988,121.0564577,No Collision Stated
None,EDSA,None,None,"No Accident Factor, No Collision Stated (based on Police Blotter Book), 0.0 drivers_injured, 0.0 drivers_killed, 0.0 passengers_injured, 0.0 passengers_killed, 0.0 pedestrian_injured, 0.0 pedestrian_killed, Fair (Night), EDSA Wilcon Depot  Quezon City",MMDA Road Safety Unit,,19763169-37d8-47cb-99f6-6be05510fa92,2014-12-22,07:10:00,EDSA Congressional Ave.  Quezon City,0,0,0,0,0,0,0,0,0,0,2014-12-22 15:10,Property,14.65756689,121.0097372,No Collision Stated
None,EDSA,None,None,"No Accident Factor, Rear-end, 0.0 drivers_injured, 0.0 drivers_killed, 0.0 passengers_injured, 0.0 passengers_killed, 0.0 pedestrian_injured, 0.0 pedestrian_killed, Fair (Day), EDSA Main Ave. Quezon City",MMDA Road Safety Unit,,b9267b5f-280e-4598-ae9e-d869a32c4991,2014-12-22,06:30:00,EDSA Mindanao Ave. Extn.  Quezon City,0,0,0,0,0,0,0,0,0,0,2014-12-22 14:30,Property,14.61376458,121.0537933,Rear-End
None,EDSA,None,None,"No Accident Factor, Rear-end, 0.0 drivers_injured, 0.0 drivers_killed, 0.0 passengers_injured, 0.0 passengers_killed, 0.0 pedestrian_injured, 0.0 pedestrian_killed, Fair (Night), EDSA  Ortigas (NB)  Quezon City",MMDA Road Safety Unit,,0b27df78-b8c3-48d5-8269-160ce522802d,2014-12-22,06:30:00,EDSA Col. Bonny Serrano Ave.  Quezon City,0,0,0,0,0,0,0,0,0,0,2014-12-22 14:30,Property,14.59345609,121.0587636,Rear-End
None,EDSA,None,None,"No Accident Factor, No Collision Stated (based on Police Blotter Book), 0.0 drivers_injured, 0.0 drivers_killed, 0.0 passengers_injured, 0.0 passengers_killed, 0.0 pedestrian_injured, 0.0 pedestrian_killed, Fair (Night), EDSA Boni Ave. (SB)  Quezon City",MMDA Road Safety Unit,,36183c75-04fd-4dd6-ad32-29bd1fcb9753,2014-12-22,05:25:00,EDSA East Ave.  Quezon City,0,0,0,0,0,0,0,0,0,0,2014-12-22 13:25,Property,14.57236945,121.0470168,No Collision Stated
None,EDSA,None,None,"No Accident Factor, Side Swipe, 0.0 drivers_injured, 0.0 drivers_killed, 0.0 passengers_injured, 0.0 passengers_killed, 0.0 pedestrian_injured, 0.0 pedestrian_killed, Fair (Night), EDSA Cloverleaf Quezon City",MMDA Road Safety Unit,,1dfc99dc-d6dc-4fea-9e31-8c33aa1afee7,2014-12-22,03:00:00,EDSA Bansalangin St.  Quezon City,0,0,0,0,0,0,0,0,0,0,2014-12-22 11:00,Property,14.65747901,121.0011914,Side Swipe
None,EDSA,None,None,"No Accident Factor, Rear-end, 0.0 drivers_injured, 0.0 drivers_killed, 0.0 passengers_injured, 0.0 passengers_killed, 0.0 pedestrian_injured, 0.0 pedestrian_killed, Fair (Night), EDSA Eugenio Lopez Sr. St.  Quezon City",MMDA Road Safety Unit,,beeb8d9b-9122-4762-80bc-db8651a50649,2014-12-22,02:45:00,EDSA Balintawak Market    Quezon City,0,0,0,0,0,0,0,0,0,0,2014-12-22 10:45,Property,14.63973568,121.0403709,Rear-End
None,EDSA,None,None,"No Accident Factor, No Collision Stated (based on Police Blotter Book), 0.0 drivers_injured, 0.0 drivers_killed, 0.0 passengers_injured, 0.0 passengers_killed, 0.0 pedestrian_injured, 0.0 pedestrian_killed, Fair (Day), EDSA ""U"" turn slot, Quirino Ave. Quezon City",MMDA Road Safety Unit,,74f2dfb9-d25a-4ea3-a48e-bdbbb97b4fb9,2014-12-22,02:25:00,EDSA Roosevelt Ave.  Quezon City,0,0,0,0,0,0,0,0,0,0,2014-12-22 10:25,Property,14.65731446,121.0002859,No Collision Stated
None,EDSA,None,None,"No Accident Factor, Angle Impact, 0.0 drivers_injured, 0.0 drivers_killed, 0.0 passengers_injured, 0.0 passengers_killed, 0.0 pedestrian_injured, 0.0 pedestrian_killed, Fair (Day), EDSA FF Cruz Office, Kamias Quezon City",MMDA Road Safety Unit,,57a8ece3-4595-4c38-8f2f-14985799f045,2014-12-22,02:10:00,EDSA Balintawak Market (SB)  Quezon City,0,0,0,0,0,0,0,0,0,0,2014-12-22 10:10,Property,14.63002623,121.0463997,Angle Impact
None,EDSA,None,None,"No Accident Factor, No Collision Stated (based on Police Blotter Book), 0.0 drivers_injured, 0.0 drivers_killed, 0.0 passengers_injured, 0.0 passengers_killed, 0.0 pedestrian_injured, 0.0 pedestrian_killed, Fair (Night), EDSA Monte De Piedad St.  Quezon City",MMDA Road Safety Unit,,f83316c3-24a4-4d72-b86a-dc723db12b1d,2014-12-22,00:25:00,EDSA Aurora Blvd.    Quezon City,0,0,0,0,0,0,0,0,0,0,2014-12-22 8:25,Property,14.62346937,121.0491711,No Collision Stated
None,EDSA,None,None,"No Accident Factor, Side Swipe, 0.0 drivers_injured, 0.0 drivers_killed, 0.0 passengers_injured, 0.0 passengers_killed, 0.0 pedestrian_injured, 0.0 pedestrian_killed, Fair (Day), EDSA Col. Bonny Serrano Ave. Quezon City",MMDA Road Safety Unit,,39926c08-6ba9-4f1b-a7c9-82bce06fbdc0,2014-12-21,22:45:00,EDSA Aurora Blvd. Intersection  Quezon City,0,0,0,0,0,0,0,0,0,0,2014-12-22 6:45,Property,14.61107337,121.0550705,Side Swipe
None,EDSA,None,None,"No Accident Factor, No Collision Stated (based on Police Blotter Book), 1.0 drivers_injured, 0.0 drivers_killed, 0.0 passengers_injured, 0.0 passengers_killed, 0.0 pedestrian_injured, 0.0 pedestrian_killed, Fair (Night), EDSA Roosevelt Ave.  Quezon City",MMDA Road Safety Unit,,977d10e3-83ed-4806-a879-d00dd8082628,2014-12-21,13:00:00,EDSA Col. Bonny Serrano Ave.  Quezon City,0,0,0,1,0,0,0,0,0,1,2014-12-21 21:00,Injury,14.65762047,121.0196373,No Collision Stated
None,EDSA,None,None,"No Accident Factor, Rear-end, 0.0 drivers_injured, 0.0 drivers_killed, 0.0 passengers_injured, 0.0 passengers_killed, 0.0 pedestrian_injured, 0.0 pedestrian_killed, Fair (Night), EDSA East Ave. Quezon City",MMDA Road Safety Unit,,e5583966-75fe-41f0-8baa-accb2baa8dae,2014-12-21,10:55:00,"EDSA Camp Aguinaldo Gate 5, Socorro Quezon City",0,0,0,0,0,0,0,0,0,0,2014-12-21 18:55,Property,14.6328297,121.0451176,Rear-End
None,EDSA,None,None,"No Accident Factor, Side Swipe, 0.0 drivers_injured, 0.0 drivers_killed, 0.0 passengers_injured, 0.0 passengers_killed, 0.0 pedestrian_injured, 0.0 pedestrian_killed, Fair (Day), EDSA Farmers Plaza Quezon City",MMDA Road Safety Unit,,849732c4-1035-4cba-9162-f221a441c068,2014-12-21,04:00:00,"EDSA DPWH, Pinyahan  Quezon City",0,0,0,0,0,0,0,0,0,0,2014-12-21 12:00,Property,14.61920525,121.0513476,Side Swipe
None,EDSA,None,None,"No Accident Factor, No Collision Stated (based on Police Blotter Book), 0.0 drivers_injured, 0.0 drivers_killed, 0.0 passengers_injured, 0.0 passengers_killed, 0.0 pedestrian_injured, 0.0 pedestrian_killed, Fair (Night), EDSA West Ave.  Quezon City",MMDA Road Safety Unit,,e99f4c90-9c9b-4a31-950f-1cc08d8994db,2014-12-20,12:00:00,EDSA East Ave. (7-11 Store) Quezon City,0,0,0,0,0,0,0,0,0,0,2014-12-20 20:00,Property,14.65548924,121.0298079,No Collision Stated