LOCATION_TEXT,ROAD,WEATHER,LIGHT,DESC,REPORTING_AGENCY,MAIN_CAUSE,INCIDENTDETAILS_ID,DATE_UTC,TIME_UTC,ADDRESS,killed_driver,killed_passenger,killed_pedestrian,injured_driver,injured_passenger,injured_pedestrian,killed_uncategorized,injured_uncategorized,killed_total,injured_total,DATETIME_PST,SEVERITY,Y,X,COLLISION_TYPE
None,EDSA,None,None,"No Accident Factor, No Collision Stated (based on Police Blotter Book), 0.0 drivers_injured, 0.0 drivers_killed, 0.0 passengers_injured, 0.0 passengers_killed, 0.0 pedestrian_injured, 0.0 pedestrian_killed, Fair (Night), EDSA Dagupan Bus Terminal  Quezon City",MMDA Road Safety Unit,,62e1791e-aea7-4e75-910f-4de8147f3949,2014-12-20,11:45:00,EDSA E. Garcia St.  Quezon City,0,0,0,0,0,0,0,0,0,0,2014-12-20 19:45,Property,14.62601791,121.0479945,No Collision Stated
None,EDSA,None,None,"No Accident Factor, Rear-end, 0.0 drivers_injured, 0.0 drivers_killed, 0.0 passengers_injured, 0.0 passengers_killed, 0.0 pedestrian_injured, 0.0 pedestrian_killed, Fair (Night), EDSA Kamuning Road   Quezon City",MMDA Road Safety Unit,,30d5640d-2da7-46ec-8e9f-e0cded20c50d,2014-12-20,11:15:00,EDSA Fema Road Quezon City,0,0,0,0,0,0,0,0,0,0,2014-12-20 19:15,Property,14.63075725,121.0457548,Rear-End
None,EDSA,None,None,"No Accident Factor, Rear-end, 0.0 drivers_injured, 0.0 drivers_killed, 0.0 passengers_injured, 0.0 passengers_killed, 0.0 pedestrian_injured, 0.0 pedestrian_killed, Fair (Night), EDSA Cloverleaf Quezon City",MMDA Road Safety Unit,,c53f3d58-169a-457b-a393-1b7d793edbe3,2014-12-20,10:10:00,EDSA Mindanao Ave. Extn. Quezon City,0,0,0,0,0,0,0,0,0,0,2014-12-20 18:10,Property,14.65747901,121.0011914,Rear-End
None,EDSA,None,None,"No Accident Factor, No Collision Stated (based on Police Blotter Book), 0.0 drivers_injured, 0.0 drivers_killed, 0.0 passengers_injured, 0.0 passengers_killed, 0.0 pedestrian_injured, 0.0 pedestrian_killed, Fair (Night), EDSA Cloverleaf Quezon City",MMDA Road Safety Unit,,5c517c86-99d5-4b66-bb73-d6ebd827f007,2014-12-20,09:15:00,"EDSA  ""U"" turn slot, Camp Crame  Quezon City",0,0,0,0,0,0,0,0,0,0,2014-12-20 17:15,Property,14.65747901,121.0011914,No Collision Stated
None,EDSA,None,None,"No Accident Factor, Side Swipe, 0.0 drivers_injured, 0.0 drivers_killed, 0.0 passengers_injured, 0.0 passengers_killed, 0.0 pedestrian_injured, 0.0 pedestrian_killed, Fair (Day), EDSA North Ave. Quezon City",MMDA Road Safety Unit,,7068320b-50e1-4baf-a338-ad4be1420228,2014-12-20,06:15:00,EDSA E. Garcia St.  Quezon City,0,0,0,0,0,0,0,0,0,0,2014-12-20 14:15,Property,14.65553839,121.0299647,Side Swipe
None,EDSA,None,None,"No Accident Factor, No Collision Stated (based on Police Blotter Book), 0.0 drivers_injured, 0.0 drivers_killed, 0.0 passengers_injured, 0.0 passengers_killed, 0.0 pedestrian_injured, 0.0 pedestrian_killed, Fair (Day), EDSA Roosevelt Ave. Quezon City",MMDA Road Safety Unit,,b45f9033-f15c-4024-a38d-f2d09c41e0c8,2014-12-20,04:30:00,EDSA K-3rd St.  Quezon City,0,0,0,0,0,0,0,0,0,0,2014-12-20 12:30,Property,14.65762047,121.0196373,No Collision Stated
None,EDSA,None,None,"No Accident Factor, Hit and Run (No Collision Stated), 0.0 drivers_injured, 0.0 drivers_killed, 0.0 passengers_injured, 0.0 passengers_killed, 0.0 pedestrian_injured, 0.0 pedestrian_killed, Fair (Day), EDSA P. Tuazon Blvd. Quezon City",MMDA Road Safety Unit,,f8c99967-5564-45f8-92c8-91220da0cf5d,2014-12-20,04:30:00,"EDSA  ""U"" turn slot, GMA-7 Quezon City",0,0,0,0,0,0,0,0,0,0,2014-12-20 12:30,Property,14.61656342,121.0525225,No Collision Stated
None,EDSA,None,None,"No Accident Factor, Side Swipe, 0.0 drivers_injured, 0.0 drivers_killed, 0.0 passengers_injured, 0.0 passengers_killed, 0.0 pedestrian_injured, 0.0 pedestrian_killed, Fair (Night), EDSA Kamuning Road   Quezon City",MMDA Road Safety Unit,,6e105d6a-aa7e-40ea-b67e-03f56d8a9dab,2014-12-19,22:55:00,EDSA Congressional Ave.  Quezon City,0,0,0,0,0,0,0,0,0,0,2014-12-20 6:55,Property,14.63075725,121.0457548,Side Swipe
None,EDSA,None,None,"No Accident Factor, Rear-end, 0.0 drivers_injured, 0.0 drivers_killed, 0.0 passengers_injured, 0.0 passengers_killed, 0.0 pedestrian_injured, 0.0 pedestrian_killed, Fair (Night), EDSA Nepa Q-Mart Quezon City",MMDA Road Safety Unit,,0ef6ff18-dbb8-4b0b-a583-91a02582b025,2014-12-19,19:15:00,EDSA Col. Bonny Serrano Ave. (Camp Aguinaldo) Quezon City,0,0,0,0,0,0,0,0,0,0,2014-12-20 3:15,Property,14.62805361,121.0472521,Rear-End
None,EDSA,None,None,"No Accident Factor, No Collision Stated (based on Police Blotter Book), 0.0 drivers_injured, 0.0 drivers_killed, 0.0 passengers_injured, 0.0 passengers_killed, 0.0 pedestrian_injured, 0.0 pedestrian_killed, Fair (Night), EDSA Corregidor St. Quezon City",MMDA Road Safety Unit,,7411d59a-8e8f-4025-bccb-e658786f8162,2014-12-19,12:45:00,"EDSA Five Star Bus Terminal, Cubao  Quezon City",0,0,0,0,0,0,0,0,0,0,2014-12-19 20:45,Property,14.65707679,121.0241648,No Collision Stated
None,EDSA,None,None,"No Accident Factor, Side Swipe, 0.0 drivers_injured, 0.0 drivers_killed, 0.0 passengers_injured, 0.0 passengers_killed, 0.0 pedestrian_injured, 0.0 pedestrian_killed, Fair (Day), EDSA Main Ave. Quezon City",MMDA Road Safety Unit,,4426e7fb-f41b-46ce-a1ca-5d71908e75bb,2014-12-19,09:00:00,EDSA Col. Bonny Serrano Ave.  Quezon City,0,0,0,0,0,0,0,0,0,0,2014-12-19 17:00,Property,14.61376458,121.0537933,Side Swipe
None,EDSA,None,None,"No Accident Factor, No Collision Stated (based on Police Blotter Book), 0.0 drivers_injured, 0.0 drivers_killed, 0.0 passengers_injured, 0.0 passengers_killed, 0.0 pedestrian_injured, 0.0 pedestrian_killed, Fair (Day), EDSA Waltermart Quezon City",MMDA Road Safety Unit,,b06ee05b-ea82-40f3-b343-61a471729d60,2014-12-19,03:45:00,EDSA Roosevelt Ave.  Quezon City,0,0,0,0,0,0,0,0,0,0,2014-12-19 11:45,Property,14.6574558,121.0213579,No Collision Stated
None,EDSA,None,None,"No Accident Factor, No Collision Stated (based on Police Blotter Book), 0.0 drivers_injured, 0.0 drivers_killed, 0.0 passengers_injured, 0.0 passengers_killed, 0.0 pedestrian_injured, 0.0 pedestrian_killed, Fair (Night), EDSA Cloverleaf    Quezon City",MMDA Road Safety Unit,,602ce8f6-97cd-48b2-b6eb-d0776b7f9e69,2014-12-18,15:45:00,EDSA Victory Liner Bus Terminal Quezon City,0,0,0,0,0,0,0,0,0,0,2014-12-18 23:45,Property,14.65732513,121.000635,No Collision Stated
None,EDSA,None,None,"No Accident Factor, No Collision Stated (based on Police Blotter Book), 0.0 drivers_injured, 0.0 drivers_killed, 0.0 passengers_injured, 0.0 passengers_killed, 0.0 pedestrian_injured, 0.0 pedestrian_killed, Fair (Night), EDSA Trinoma Quezon City",MMDA Road Safety Unit,,1b0c1305-7b29-4bb3-920c-8716a8194a9b,2014-12-18,13:30:00,EDSA P. Tuazon St. Quezon City,0,0,0,0,0,0,0,0,0,0,2014-12-18 21:30,Property,14.65242607,121.0323133,No Collision Stated
None,EDSA,None,None,"No Accident Factor, Rear-end, 0.0 drivers_injured, 0.0 drivers_killed, 0.0 passengers_injured, 0.0 passengers_killed, 0.0 pedestrian_injured, 0.0 pedestrian_killed, Fair (Night), EDSA Jackman, R. Magsaysay Quezon City",MMDA Road Safety Unit,,23a07876-a72e-4b59-9838-c827e1e99bb3,2014-12-18,12:00:00,"EDSA ""U"" turn slot, Ramon Magsaysay Quezon City",0,0,0,0,0,0,0,0,0,0,2014-12-18 20:00,Property,14.65777839,121.0208499,Rear-End
None,EDSA,None,None,"No Accident Factor, Side Swipe, 0.0 drivers_injured, 0.0 drivers_killed, 0.0 passengers_injured, 0.0 passengers_killed, 0.0 pedestrian_injured, 0.0 pedestrian_killed, Fair (Night), EDSA Toyota North R. Magsaysay  Quezon City",MMDA Road Safety Unit,,0dbbf68f-cff6-4ebb-a788-8b582226bf77,2014-12-18,10:30:00,EDSA East Ave. Quezon City,0,0,0,0,0,0,0,0,0,0,2014-12-18 18:30,Property,14.65684068,121.0250616,Side Swipe
None,EDSA,None,None,"No Accident Factor, Rear-end, 0.0 drivers_injured, 0.0 drivers_killed, 0.0 passengers_injured, 0.0 passengers_killed, 0.0 pedestrian_injured, 0.0 pedestrian_killed, Fair (Day), EDSA Ortigas Ave. Quezon City",MMDA Road Safety Unit,,b47bbbaf-f50d-4e5f-aad1-a7f7720160e3,2014-12-18,07:55:00,"EDSA Corinthian Garden Subdivision, Ugong Norte Quezon City",0,0,0,0,0,0,0,0,0,0,2014-12-18 15:55,Property,14.59335253,121.0584107,Rear-End
None,EDSA,None,None,"No Accident Factor, Multiple Collision, 0.0 drivers_injured, 0.0 drivers_killed, 0.0 passengers_injured, 0.0 passengers_killed, 0.0 pedestrian_injured, 0.0 pedestrian_killed, Fair (Night), EDSA Cloverleaf (SB)  Quezon City",MMDA Road Safety Unit,,effd962d-82df-429c-b400-85746c34e2c7,2014-12-18,04:40:00,EDSA K-3rd St.  Quezon City,0,0,0,0,0,0,0,0,0,0,2014-12-18 12:40,Property,14.65742064,121.0008939,Multiple
None,EDSA,None,None,"No Accident Factor, Hit and Run (No Collision Stated), 0.0 drivers_injured, 0.0 drivers_killed, 0.0 passengers_injured, 0.0 passengers_killed, 0.0 pedestrian_injured, 0.0 pedestrian_killed, Fair (Night), EDSA Puregold Super Market  Quezon City",MMDA Road Safety Unit,,a54aece2-3190-47a2-a00e-797b7c6eada0,2014-12-18,04:30:00,EDSA  West Ave.  Quezon City,0,0,0,0,0,0,0,0,0,0,2014-12-18 12:30,Property,14.65739538,121.0046638,No Collision Stated
None,EDSA,None,None,"No Accident Factor, Rear-end, 0.0 drivers_injured, 0.0 drivers_killed, 0.0 passengers_injured, 0.0 passengers_killed, 0.0 pedestrian_injured, 0.0 pedestrian_killed, Fair (Night), EDSA White Plains Ave. Quezon City",MMDA Road Safety Unit,,b59df322-7e3f-4128-96fa-6c40bb104e32,2014-12-17,11:15:00,EDSA Camp Crame  Quezon City,0,0,0,0,0,0,0,0,0,0,2014-12-17 19:15,Property,14.59961782,121.0596522,Rear-End
None,EDSA,None,None,"No Accident Factor, No Collision Stated (based on Police Blotter Book), 0.0 drivers_injured, 0.0 drivers_killed, 0.0 passengers_injured, 0.0 passengers_killed, 0.0 pedestrian_injured, 0.0 pedestrian_killed, Fair (Night), EDSA Banahaw St.  Quezon City",MMDA Road Safety Unit,,dad5768f-0bbd-4152-acd1-1adda26da2bb,2014-12-17,06:45:00,EDSA P. Tuason Blvd.  Quezon City,0,0,0,0,0,0,0,0,0,0,2014-12-17 14:45,Property,14.61797303,121.0516572,No Collision Stated
None,EDSA,None,None,"No Accident Factor, No Collision Stated (based on Police Blotter Book), 0.0 drivers_injured, 0.0 drivers_killed, 0.0 passengers_injured, 0.0 passengers_killed, 0.0 pedestrian_injured, 0.0 pedestrian_killed, Fair (Night), EDSA West Ave.  Quezon City",MMDA Road Safety Unit,,94cbe124-05ac-4305-922f-8ce730924c86,2014-12-17,04:00:00,"EDSA ""U"" turn slot, Quezon Ave. Quezon City",0,0,0,0,0,0,0,0,0,0,2014-12-17 12:00,Property,14.65548924,121.0298079,No Collision Stated
None,EDSA,None,None,"No Accident Factor, No Collision Stated (based on Police Blotter Book), 0.0 drivers_injured, 0.0 drivers_killed, 0.0 passengers_injured, 0.0 passengers_killed, 0.0 pedestrian_injured, 0.0 pedestrian_killed, Fair (Night), EDSA  Waltermart San Antonio  Quezon City",MMDA Road Safety Unit,,6dcf0d13-6bce-4d94-9fb0-f61b2a3fe415,2014-12-17,01:40:00,EDSA E. Garcia St.  Quezon City,0,0,0,0,0,0,0,0,0,0,2014-12-17 9:40,Property,14.65749466,121.0210076,No Collision Stated
None,EDSA,None,None,"No Accident Factor, No Collision Stated (based on Police Blotter Book), 0.0 drivers_injured, 0.0 drivers_killed, 0.0 passengers_injured, 0.0 passengers_killed, 0.0 pedestrian_injured, 0.0 pedestrian_killed, Fair (Day), EDSA Col. Bonny Serrano Ave. Quezon City",MMDA Road Safety Unit,,b974ca94-0147-44cd-9d2f-d962ced5a2df,2014-12-17,01:30:00,"EDSA Ortigas Ave., Robinson Galleria Quezon City",0,0,0,0,0,0,0,0,0,0,2014-12-17 9:30,Property,14.61107337,121.0550705,No Collision Stated
None,EDSA,None,None,"No Accident Factor, Hit and Run (No Collision Stated), 0.0 drivers_injured, 0.0 drivers_killed, 0.0 passengers_injured, 0.0 passengers_killed, 0.0 pedestrian_injured, 0.0 pedestrian_killed, Fair (Night), EDSA DILG Bldg. Philam  Quezon City",MMDA Road Safety Unit,,1322fd73-0c97-4f85-8b9d-9469c763930b,2014-12-17,01:00:00,EDSA Col. Bonny Serrano Ave. Quezon City,0,0,0,0,0,0,0,0,0,0,2014-12-17 9:00,Property,14.6451244,121.0368947,No Collision Stated
None,EDSA,None,None,"No Accident Factor, No Collision Stated (based on Police Blotter Book), 0.0 drivers_injured, 0.0 drivers_killed, 0.0 passengers_injured, 0.0 passengers_killed, 0.0 pedestrian_injured, 0.0 pedestrian_killed, Fair (Night), EDSA Timog Ave.  Quezon City",MMDA Road Safety Unit,,4723628e-689c-4110-a61f-d30d24fd6d6f,2014-12-17,00:15:00,EDSA Aurora Blvd.  Quezon City,0,0,0,0,0,0,0,0,0,0,2014-12-17 8:15,Property,14.63293559,121.0446304,No Collision Stated
None,EDSA,None,None,"No Accident Factor, Rear-end, 0.0 drivers_injured, 0.0 drivers_killed, 0.0 passengers_injured, 0.0 passengers_killed, 0.0 pedestrian_injured, 0.0 pedestrian_killed, Fair (Night), EDSA Aurora Blvd. (EB)  Quezon City",MMDA Road Safety Unit,,dd25f2bd-8713-4196-bf66-cbf1c73bdb55,2014-12-16,18:30:00,"EDSA ""U"" turn slot, West Triangle  Quezon City",0,0,0,0,0,0,0,0,0,0,2014-12-17 2:30,Property,14.62151658,121.0501092,Rear-End
None,EDSA,None,None,"No Accident Factor, No Collision Stated (based on Police Blotter Book), 1.0 drivers_injured, 0.0 drivers_killed, 0.0 passengers_injured, 0.0 passengers_killed, 0.0 pedestrian_injured, 0.0 pedestrian_killed, Fair (Night), EDSA Nueva Ecija St.  Quezon City",MMDA Road Safety Unit,,d2b7100b-5d4a-4bc8-8f42-9b8564223583,2014-12-16,16:15:00,EDSA Roosevelt Ave.  Quezon City,0,0,0,1,0,0,0,0,0,1,2014-12-17 0:15,Injury,14.65665894,121.026062,No Collision Stated
None,EDSA,None,None,"No Accident Factor, Side Swipe, 0.0 drivers_injured, 0.0 drivers_killed, 0.0 passengers_injured, 0.0 passengers_killed, 0.0 pedestrian_injured, 0.0 pedestrian_killed, Fair (Night), EDSA ""U"" turn slot, Col. Bonny Serrano Ave. Quezon City",MMDA Road Safety Unit,,228808a4-3c82-4b60-9ea1-a39f5ab08a5a,2014-12-16,13:30:00,EDSA P. Tuazon Blvd. (SB)  Quezon City,0,0,0,0,0,0,0,0,0,0,2014-12-16 21:30,Property,14.61044174,121.0551657,Side Swipe
None,EDSA,None,None,"No Accident Factor, No Collision Stated (based on Police Blotter Book), 0.0 drivers_injured, 0.0 drivers_killed, 0.0 passengers_injured, 0.0 passengers_killed, 0.0 pedestrian_injured, 0.0 pedestrian_killed, Fair (Night), EDSA Misamis St.  Quezon City",MMDA Road Safety Unit,,7bff49e8-37f1-469b-a5bb-c7a34ae6ac9f,2014-12-16,12:00:00,EDSA Misamis St. Quezon City,0,0,0,0,0,0,0,0,0,0,2014-12-16 20:00,Property,14.65602348,121.0285212,No Collision Stated
None,EDSA,None,None,"No Accident Factor, No Collision Stated (based on Police Blotter Book), 0.0 drivers_injured, 0.0 drivers_killed, 0.0 passengers_injured, 0.0 passengers_killed, 0.0 pedestrian_injured, 0.0 pedestrian_killed, Fair (Night), EDSA Station 10 Kamuning  Quezon City",MMDA Road Safety Unit,,c73d1e0c-8807-4774-9834-1bce3b2b2d75,2014-12-16,11:15:00,"EDSA DPWH, Pinyahan Quezon City",0,0,0,0,0,0,0,0,0,0,2014-12-16 19:15,Property,14.62991165,121.0461367,No Collision Stated
None,EDSA,None,None,"No Accident Factor, No Collision Stated (based on Police Blotter Book), 0.0 drivers_injured, 0.0 drivers_killed, 0.0 passengers_injured, 0.0 passengers_killed, 0.0 pedestrian_injured, 0.0 pedestrian_killed, Fair (Night), EDSA Misamis St.  Quezon City",MMDA Road Safety Unit,,f1fa2787-1285-4101-a200-7f1ec6248bd7,2014-12-16,10:30:00,"EDSA ""U"" turn slot, GMA- 7  Quezon City",0,0,0,0,0,0,0,0,0,0,2014-12-16 18:30,Property,14.65602348,121.0285212,No Collision Stated
None,EDSA,None,None,"No Accident Factor, Rear-end, 0.0 drivers_injured, 0.0 drivers_killed, 0.0 passengers_injured, 0.0 passengers_killed, 0.0 pedestrian_injured, 0.0 pedestrian_killed, Fair (Night), EDSA P. Tuazon Blvd.  Quezon City",MMDA Road Safety Unit,,389ff806-8c4a-4aae-806c-93a740133892,2014-12-16,09:20:00,EDSA Col. Bonny Serrano Ave. Quezon City,0,0,0,0,0,0,0,0,0,0,2014-12-16 17:20,Property,14.61656342,121.0525225,Rear-End
None,EDSA,None,None,"No Accident Factor, No Collision Stated (based on Police Blotter Book), 0.0 drivers_injured, 0.0 drivers_killed, 0.0 passengers_injured, 0.0 passengers_killed, 0.0 pedestrian_injured, 0.0 pedestrian_killed, Fair (Night), EDSA Mindanao Ave.  Quezon City",MMDA Road Safety Unit,,26faa760-6bba-4fe4-a4e4-ccb40a15e009,2014-12-16,08:00:00,EDSA White Plains Ave. Quezon City,0,0,0,0,0,0,0,0,0,0,2014-12-16 16:00,Property,14.65052386,121.0335656,No Collision Stated
None,EDSA,None,None,"No Accident Factor, Rear-end, 0.0 drivers_injured, 0.0 drivers_killed, 0.0 passengers_injured, 0.0 passengers_killed, 0.0 pedestrian_injured, 0.0 pedestrian_killed, Fair (Night), EDSA Aurora Blvd. (EB)  Quezon City",MMDA Road Safety Unit,,bd5dcf0a-e739-4bee-9cd9-79b8e0ab6a12,2014-12-16,06:15:00,EDSA Mapagmahal St. Quezon City,0,0,0,0,0,0,0,0,0,0,2014-12-16 14:15,Property,14.62151658,121.0501092,Rear-End
None,EDSA,None,None,"No Accident Factor, Side Swipe, 0.0 drivers_injured, 0.0 drivers_killed, 0.0 passengers_injured, 0.0 passengers_killed, 0.0 pedestrian_injured, 0.0 pedestrian_killed, Fair (Night), EDSA GMA-7 MRT Station  Quezon City",MMDA Road Safety Unit,,747ed3e9-ba4a-4f73-ad27-740ef1baf509,2014-12-16,01:15:00,EDSA North Ave. Quezon City,0,0,0,0,0,0,0,0,0,0,2014-12-16 9:15,Property,14.63467214,121.0435714,Side Swipe
None,EDSA,None,None,"No Accident Factor, Side Swipe, 0.0 drivers_injured, 0.0 drivers_killed, 0.0 passengers_injured, 0.0 passengers_killed, 0.0 pedestrian_injured, 0.0 pedestrian_killed, Fair (Night), EDSA Cloverleaf Road Quezon City",MMDA Road Safety Unit,,def062b0-7a9a-4e40-8e29-74cb87af9a44,2014-12-15,11:35:00,EDSA White Plains Ave. Quezon City,0,0,0,0,0,0,0,0,0,0,2014-12-15 19:35,Property,14.65747901,121.0011914,Side Swipe
None,EDSA,None,None,"No Accident Factor, Side Swipe, 0.0 drivers_injured, 0.0 drivers_killed, 0.0 passengers_injured, 0.0 passengers_killed, 0.0 pedestrian_injured, 0.0 pedestrian_killed, Fair (Night), EDSA Kaingin Road Quezon City",MMDA Road Safety Unit,,7ff3575a-3663-40a9-8097-2e50f367c822,2014-12-15,11:25:00,EDSA E. Garcia St.  Quezon City,0,0,0,0,0,0,0,0,0,0,2014-12-15 19:25,Property,14.65746493,121.0109963,Side Swipe
None,EDSA,None,None,"No Accident Factor, No Collision Stated (based on Police Blotter Book), 0.0 drivers_injured, 0.0 drivers_killed, 0.0 passengers_injured, 0.0 passengers_killed, 0.0 pedestrian_injured, 0.0 pedestrian_killed, Fair (Night), EDSA Toyota North R. Magsaysay  Quezon City",MMDA Road Safety Unit,,ab609040-82f3-4133-9701-eb82c4499634,2014-12-15,10:15:00,"EDSA Farmers Plaza, Socorro Quezon City",0,0,0,0,0,0,0,0,0,0,2014-12-15 18:15,Property,14.65684068,121.0250616,No Collision Stated
None,EDSA,None,None,"No Accident Factor, No Collision Stated (based on Police Blotter Book), 1.0 drivers_injured, 0.0 drivers_killed, 0.0 passengers_injured, 0.0 passengers_killed, 0.0 pedestrian_injured, 0.0 pedestrian_killed, Fair (Night), EDSA Aurora Blvd.  Quezon City",MMDA Road Safety Unit,,e05c1168-f57b-4798-b56e-e300c5d58d04,2014-12-15,10:05:00,EDSA Main Ave. (Hypermarket Parking Lot) Quezon City,0,0,0,1,0,0,0,0,0,1,2014-12-15 18:05,Injury,14.6217569,121.0502544,No Collision Stated
None,EDSA,None,None,"No Accident Factor, Rear-end, 0.0 drivers_injured, 0.0 drivers_killed, 0.0 passengers_injured, 0.0 passengers_killed, 0.0 pedestrian_injured, 0.0 pedestrian_killed, Fair (Day), EDSA  Col. Bonny Serrano Ave.  Quezon City",MMDA Road Safety Unit,,473224fc-b135-4723-9587-7e5262b7c201,2014-12-15,06:00:00,EDSA SM Entrance Gate Quezon City,0,0,0,0,0,0,0,0,0,0,2014-12-15 14:00,Property,14.61099648,121.0551682,Rear-End
None,EDSA,None,None,"No Accident Factor, Side Swipe, 0.0 drivers_injured, 0.0 drivers_killed, 0.0 passengers_injured, 0.0 passengers_killed, 0.0 pedestrian_injured, 0.0 pedestrian_killed, Fair (Night), EDSA Aurora Blvd.  Quezon City",MMDA Road Safety Unit,,011515ef-4923-486a-b218-811efb2d2f45,2014-12-15,04:15:00,EDSA East Ave. Quezon City,0,0,0,0,0,0,0,0,0,0,2014-12-15 12:15,Property,14.6217569,121.0502544,Side Swipe
None,EDSA,None,None,"No Accident Factor, Rear-end, 0.0 drivers_injured, 0.0 drivers_killed, 0.0 passengers_injured, 0.0 passengers_killed, 0.0 pedestrian_injured, 0.0 pedestrian_killed, Fair (Day), EDSA  Col. Bonny Serrano Ave.  Quezon City",MMDA Road Safety Unit,,155282aa-a565-4619-ac71-66234df4b554,2014-12-15,03:25:00,EDSA Alps Bus Terminal  Quezon City,0,0,0,0,0,0,0,0,0,0,2014-12-15 11:25,Property,14.61099648,121.0551682,Rear-End
None,EDSA,None,None,"No Accident Factor, No Collision Stated (based on Police Blotter Book), 0.0 drivers_injured, 0.0 drivers_killed, 0.0 passengers_injured, 0.0 passengers_killed, 0.0 pedestrian_injured, 0.0 pedestrian_killed, Fair (Night), EDSA Cloverleaf Road Quezon City",MMDA Road Safety Unit,,e4a13e67-f401-4bce-87da-7f1d3d5924d8,2014-12-14,20:45:00,EDSA Oliveros St.  Quezon City,0,0,0,0,0,0,0,0,0,0,2014-12-15 4:45,Property,14.65747901,121.0011914,No Collision Stated
None,EDSA,None,None,"No Accident Factor, No Collision Stated (based on Police Blotter Book), 0.0 drivers_injured, 0.0 drivers_killed, 0.0 passengers_injured, 0.0 passengers_killed, 0.0 pedestrian_injured, 0.0 pedestrian_killed, Fair (Night), EDSA Misamis St.  Quezon City",MMDA Road Safety Unit,,acada7f6-a8f3-42e4-9cbb-9c6466ffa14e,2014-12-14,13:30:00,EDSA East Ave. Quezon City,0,0,0,0,0,0,0,0,0,0,2014-12-14 21:30,Property,14.65602348,121.0285212,No Collision Stated
None,EDSA,None,None,"No Accident Factor, Hit and Run (No Collision Stated), 1.0 drivers_injured, 0.0 drivers_killed, 0.0 passengers_injured, 0.0 passengers_killed, 0.0 pedestrian_injured, 0.0 pedestrian_killed, Fair (Day), EDSA Col. Bonny Serrano Ave. (WB) Quezon City",MMDA Road Safety Unit,,34537d2a-d280-4d96-8dd5-d49478f99608,2014-12-14,09:30:00,"EDSA ""U"" turn slot, GMA-7 Bldg.  Quezon City",0,0,0,1,0,0,0,0,0,1,2014-12-14 17:30,Injury,14.61107337,121.0550705,No Collision Stated
None,EDSA,None,None,"No Accident Factor, No Collision Stated (based on Police Blotter Book), 0.0 drivers_injured, 0.0 drivers_killed, 0.0 passengers_injured, 0.0 passengers_killed, 0.0 pedestrian_injured, 0.0 pedestrian_killed, Fair (Night), EDSA North Ave. MRT Station  Quezon City",MMDA Road Safety Unit,,f4804737-d0ec-4e49-80c9-36084641c690,2014-12-14,09:00:00,"EDSA SM North, Sto. Cristo Quezon City",0,0,0,0,0,0,0,0,0,0,2014-12-14 17:00,Property,14.65553839,121.0299647,No Collision Stated
None,EDSA,None,None,"No Accident Factor, No Collision Stated (based on Police Blotter Book), 0.0 drivers_injured, 0.0 drivers_killed, 0.0 passengers_injured, 0.0 passengers_killed, 0.0 pedestrian_injured, 0.0 pedestrian_killed, Fair (Day), EDSA Quezon Ave. ""U"" turn slot Quezon City",MMDA Road Safety Unit,,91a5b1a3-23b4-407a-b27f-59f1ad783cd0,2014-12-14,08:50:00,EDSA Royal St.  Quezon City,0,0,0,0,0,0,0,0,0,0,2014-12-14 16:50,Property,14.64518998,121.0368683,No Collision Stated
None,EDSA,None,None,"No Accident Factor, No Collision Stated (based on Police Blotter Book), 0.0 drivers_injured, 0.0 drivers_killed, 0.0 passengers_injured, 0.0 passengers_killed, 0.0 pedestrian_injured, 0.0 pedestrian_killed, Fair (Day), EDSA Cloverleaf Road Quezon City",MMDA Road Safety Unit,,2efaa4ef-67cd-44bd-a70f-047b82476063,2014-12-14,08:15:00,EDSA Timog Ave.  Quezon City,0,0,0,0,0,0,0,0,0,0,2014-12-14 16:15,Property,14.65747901,121.0011914,No Collision Stated
None,EDSA,None,None,"No Accident Factor, Side Swipe, 0.0 drivers_injured, 0.0 drivers_killed, 0.0 passengers_injured, 0.0 passengers_killed, 0.0 pedestrian_injured, 0.0 pedestrian_killed, Fair (Day), EDSA West Ave.  Quezon City",MMDA Road Safety Unit,,19f113a4-a5d7-4b25-9baa-b4890e9f7869,2014-12-14,07:00:00,EDSA Cubao Quezon City,0,0,0,0,0,0,0,0,0,0,2014-12-14 15:00,Property,14.65548924,121.0298079,Side Swipe
None,EDSA,None,None,"No Accident Factor, No Collision Stated (based on Police Blotter Book), 0.0 drivers_injured, 0.0 drivers_killed, 0.0 passengers_injured, 0.0 passengers_killed, 0.0 pedestrian_injured, 0.0 pedestrian_killed, Fair (Day), EDSA Roosevelt Ave.  Quezon City",MMDA Road Safety Unit,,29cead60-b8c3-4bb8-9b4c-02ecb6061660,2014-12-14,06:00:00,EDSA Quezon Ave. Quezon City,0,0,0,0,0,0,0,0,0,0,2014-12-14 14:00,Property,14.65762047,121.0196373,No Collision Stated