LOCATION_TEXT,ROAD,WEATHER,LIGHT,DESC,REPORTING_AGENCY,MAIN_CAUSE,INCIDENTDETAILS_ID,DATE_UTC,TIME_UTC,ADDRESS,killed_driver,killed_passenger,killed_pedestrian,injured_driver,injured_passenger,injured_pedestrian,killed_uncategorized,injured_uncategorized,killed_total,injured_total,DATETIME_PST,SEVERITY,Y,X,COLLISION_TYPE
None,EDSA,None,None,"No Accident Factor, No Collision Stated (based on Police Blotter Book), 0.0 drivers_injured, 0.0 drivers_killed, 0.0 passengers_injured, 0.0 passengers_killed, 0.0 pedestrian_injured, 0.0 pedestrian_killed, Fair (Day), EDSA Waltermart Quezon City",MMDA Road Safety Unit,,e6025bd7-8305-44ab-b9bc-049931424304,2014-12-14,04:15:00,EDSA White Plains Ave. Quezon City,0,0,0,0,0,0,0,0,0,0,2014-12-14 12:15,Property,14.6574558,121.0213579,No Collision Stated
None,EDSA,None,None,"No Accident Factor, No Collision Stated (based on Police Blotter Book), 1.0 drivers_injured, 0.0 drivers_killed, 1.0 passengers_injured, 0.0 passengers_killed, 0.0 pedestrian_injured, 0.0 pedestrian_killed, Fair (Night), EDSA  ""U"" turn slot, Guzent Building Quezon City",MMDA Road Safety Unit,,c3db91a7-3a89-4ca9-82bf-29e5262fc21b,2014-12-13,21:20:00,"EDSA ""U"" turn slot, GMA-7 (SB)  Quezon City",0,0,0,1,1,0,0,0,0,2,2014-12-14 5:20,Injury,14.65755649,121.0141248,No Collision Stated
None,EDSA,None,None,"No Accident Factor, No Collision Stated (based on Police Blotter Book), 0.0 drivers_injured, 0.0 drivers_killed, 0.0 passengers_injured, 0.0 passengers_killed, 0.0 pedestrian_injured, 0.0 pedestrian_killed, Fair (Night), EDSA P. Tuazon Blvd.  Quezon City",MMDA Road Safety Unit,,b2ea29b8-4e2e-4e64-a5a9-635fe4d38e35,2014-12-13,17:40:00,EDSA East Ave.  Quezon City,0,0,0,0,0,0,0,0,0,0,2014-12-14 1:40,Property,14.61656342,121.0525225,No Collision Stated
None,EDSA,None,None,"No Accident Factor, No Collision Stated (based on Police Blotter Book), 0.0 drivers_injured, 0.0 drivers_killed, 0.0 passengers_injured, 0.0 passengers_killed, 0.0 pedestrian_injured, 0.0 pedestrian_killed, Fair (Night), EDSA Basalangin St.  Quezon City",MMDA Road Safety Unit,,47559f8a-c714-48db-9131-8e58652ce802,2014-12-13,13:30:00,EDSA Corregidor St. Quezon City,0,0,0,0,0,0,0,0,0,0,2014-12-13 21:30,Property,14.65683626,121.0241375,No Collision Stated
None,EDSA,None,None,"No Accident Factor, No Collision Stated (based on Police Blotter Book), 0.0 drivers_injured, 0.0 drivers_killed, 0.0 passengers_injured, 0.0 passengers_killed, 0.0 pedestrian_injured, 0.0 pedestrian_killed, Fair (Night), EDSA Balintawak Market Quezon City",MMDA Road Safety Unit,,1a4b5891-8c59-4b46-a3d9-7085cb924e81,2014-12-13,13:00:00,EDSA Wilcon Depot Apolonio Quezon City,0,0,0,0,0,0,0,0,0,0,2014-12-13 21:00,Property,14.65740947,121.0025737,No Collision Stated
None,EDSA,None,None,"No Accident Factor, Rear-end, 0.0 drivers_injured, 0.0 drivers_killed, 0.0 passengers_injured, 0.0 passengers_killed, 0.0 pedestrian_injured, 0.0 pedestrian_killed, Fair (Night), EDSA Paramount Philam  Quezon City",MMDA Road Safety Unit,,389a3191-c6a4-44a0-b79c-76c9f5205e45,2014-12-13,10:10:00,EDSA Ramon Magsaysay High School  Quezon City,0,0,0,0,0,0,0,0,0,0,2014-12-13 18:10,Property,14.6555967,121.0297922,Rear-End
None,EDSA,None,None,"No Accident Factor, Rear-end, 0.0 drivers_injured, 0.0 drivers_killed, 0.0 passengers_injured, 0.0 passengers_killed, 0.0 pedestrian_injured, 0.0 pedestrian_killed, Fair (Night), EDSA Aurora Blvd.  Quezon City",MMDA Road Safety Unit,,808e8a55-311e-4b19-9068-d78b2b21123e,2014-12-13,10:00:00,"EDSA ""U"" turn slot, A. Samson  Quezon City",0,0,0,0,0,0,0,0,0,0,2014-12-13 18:00,Property,14.6217569,121.0502544,Rear-End
None,EDSA,None,None,"No Accident Factor, No Collision Stated (based on Police Blotter Book), 0.0 drivers_injured, 0.0 drivers_killed, 0.0 passengers_injured, 0.0 passengers_killed, 0.0 pedestrian_injured, 0.0 pedestrian_killed, Fair (Night), EDSA Roosevelt Ave.  Quezon City",MMDA Road Safety Unit,,091010cb-0cf1-4091-9ad8-ffe22605b9e0,2014-12-13,09:45:00,"EDSA ""U"" turn slot, Victory Liner Bus Terminal, Pinyahan Quezon City",0,0,0,0,0,0,0,0,0,0,2014-12-13 17:45,Property,14.65762047,121.0196373,No Collision Stated
None,EDSA,None,None,"No Accident Factor, Rear-end, 0.0 drivers_injured, 0.0 drivers_killed, 0.0 passengers_injured, 0.0 passengers_killed, 0.0 pedestrian_injured, 0.0 pedestrian_killed, Fair (Night), EDSA  P. Tuazon Blvd.  Quezon City",MMDA Road Safety Unit,,af4b97d4-1ee5-4b75-aa8a-81b8b7f754a5,2014-12-13,08:45:00,EDSA Col. Bonny Serrano Ave. Quezon City,0,0,0,0,0,0,0,0,0,0,2014-12-13 16:45,Property,14.61637,121.0522664,Rear-End
None,EDSA,None,None,"No Accident Factor, No Collision Stated (based on Police Blotter Book), 0.0 drivers_injured, 0.0 drivers_killed, 0.0 passengers_injured, 0.0 passengers_killed, 0.0 pedestrian_injured, 0.0 pedestrian_killed, Fair (Night), EDSA Quezon Ave.  Quezon City",MMDA Road Safety Unit,,813b1f95-d6a7-437f-a3f1-abc48ef5a069,2014-12-13,08:45:00,EDSA Shell Gas Station A. Samson Quezon City,0,0,0,0,0,0,0,0,0,0,2014-12-13 16:45,Property,14.6442444,121.0375839,No Collision Stated
None,EDSA,None,None,"No Accident Factor, No Collision Stated (based on Police Blotter Book), 0.0 drivers_injured, 0.0 drivers_killed, 0.0 passengers_injured, 0.0 passengers_killed, 0.0 pedestrian_injured, 0.0 pedestrian_killed, Fair (Night), EDSA Mindanao Ave. Extn .  Quezon City",MMDA Road Safety Unit,,7cad80eb-ebd6-4d00-a388-dfb708be7cf6,2014-12-13,08:00:00,EDSA Lucena Lines Terminal  Quezon City,0,0,0,0,0,0,0,0,0,0,2014-12-13 16:00,Property,14.65052386,121.0335656,No Collision Stated
None,EDSA,None,None,"No Accident Factor, Rear-end, 0.0 drivers_injured, 0.0 drivers_killed, 0.0 passengers_injured, 0.0 passengers_killed, 0.0 pedestrian_injured, 0.0 pedestrian_killed, Fair (Day), EDSA  Ortigas Ave.  Quezon City",MMDA Road Safety Unit,,73588fc8-fda1-4408-9fbb-76d43f0db45b,2014-12-13,07:30:00,"EDSA Puregold, A. Samson  Quezon City",0,0,0,0,0,0,0,0,0,0,2014-12-13 15:30,Property,14.59335155,121.0582929,Rear-End
None,EDSA,None,None,"No Accident Factor, No Collision Stated (based on Police Blotter Book), 0.0 drivers_injured, 0.0 drivers_killed, 0.0 passengers_injured, 0.0 passengers_killed, 0.0 pedestrian_injured, 0.0 pedestrian_killed, Fair (Night), EDSA Camp Crame  Quezon City",MMDA Road Safety Unit,,895f5c68-2fc9-49ad-a513-7272c44e9fa9,2014-12-13,07:05:00,EDSA SM Loading Bay Quezon City,0,0,0,0,0,0,0,0,0,0,2014-12-13 15:05,Property,14.6571804,120.9927185,No Collision Stated
None,EDSA,None,None,"No Accident Factor, No Collision Stated (based on Police Blotter Book), 0.0 drivers_injured, 0.0 drivers_killed, 0.0 passengers_injured, 0.0 passengers_killed, 0.0 pedestrian_injured, 0.0 pedestrian_killed, Fair (Night), EDSA Misamis St.  Quezon City",MMDA Road Safety Unit,,58dd3121-45f4-4dcc-add4-9b28c0aca2e9,2014-12-13,04:30:00,EDSA Roosevelt Ave.  Quezon City,0,0,0,0,0,0,0,0,0,0,2014-12-13 12:30,Property,14.65602348,121.0285212,No Collision Stated
None,EDSA,None,None,"No Accident Factor, Side Swipe, 0.0 drivers_injured, 0.0 drivers_killed, 0.0 passengers_injured, 0.0 passengers_killed, 0.0 pedestrian_injured, 0.0 pedestrian_killed, Fair (Day), EDSA Balintawak Market Quezon City",MMDA Road Safety Unit,,9d952c76-6bd7-4456-a999-0d8b6f5885ca,2014-12-13,04:30:00,EDSA Balintawak Market  Quezon City,0,0,0,0,0,0,0,0,0,0,2014-12-13 12:30,Property,14.65740947,121.0025737,Side Swipe
None,EDSA,None,None,"No Accident Factor, Rear-end, 0.0 drivers_injured, 0.0 drivers_killed, 0.0 passengers_injured, 0.0 passengers_killed, 0.0 pedestrian_injured, 0.0 pedestrian_killed, Fair (Night), EDSA Timog Ave.  Quezon City",MMDA Road Safety Unit,,cc801630-fbd9-4c11-bf3b-144ca816e8ae,2014-12-13,03:15:00,EDSA New York St. Quezon City,0,0,0,0,0,0,0,0,0,0,2014-12-13 11:15,Property,14.63293559,121.0446304,Rear-End
None,EDSA,None,None,"No Accident Factor, No Collision Stated (based on Police Blotter Book), 0.0 drivers_injured, 0.0 drivers_killed, 0.0 passengers_injured, 0.0 passengers_killed, 0.0 pedestrian_injured, 0.0 pedestrian_killed, Fair (Night), EDSA Main Ave.  Quezon City",MMDA Road Safety Unit,,9c12eed2-270f-452f-b2f8-ac5454041574,2014-12-13,02:45:00,EDSA Ermin Garcia St.  Quezon City,0,0,0,0,0,0,0,0,0,0,2014-12-13 10:45,Property,14.61376458,121.0537933,No Collision Stated
None,EDSA,None,None,"No Accident Factor, Rear-end, 0.0 drivers_injured, 0.0 drivers_killed, 0.0 passengers_injured, 0.0 passengers_killed, 0.0 pedestrian_injured, 0.0 pedestrian_killed, Fair (Day), EDSA  Santolan MRT Station, Socorro Quezon City",MMDA Road Safety Unit,,c015637f-4590-4911-8f51-fd81fcaa7816,2014-12-13,02:15:00,EDSA New York St.  Quezon City,0,0,0,0,0,0,0,0,0,0,2014-12-13 10:15,Property,14.60769067,121.0565784,Rear-End
None,EDSA,None,None,"No Accident Factor, Side Swipe, 0.0 drivers_injured, 0.0 drivers_killed, 0.0 passengers_injured, 0.0 passengers_killed, 0.0 pedestrian_injured, 0.0 pedestrian_killed, Fair (Day), EDSA  Col. Bonny Serrano Ave.  Quezon City",MMDA Road Safety Unit,,cfb8da31-6441-47be-82d4-90aba3e2edd6,2014-12-13,00:00:00,"EDSA SM North, Bagong Pagasa Quezon City",0,0,0,0,0,0,0,0,0,0,2014-12-13 8:00,Property,14.61099648,121.0551682,Side Swipe
None,EDSA,None,None,"No Accident Factor, Hit Object (Barrier-Concrete), 1.0 drivers_injured, 0.0 drivers_killed, 0.0 passengers_injured, 0.0 passengers_killed, 0.0 pedestrian_injured, 0.0 pedestrian_killed, Fair (Night), EDSA  Mapagmahal St. (JAC Liner Bus Terminal) Quezon City",MMDA Road Safety Unit,,ff5ea1c0-32a9-4c4b-b3fa-fa7c350d9855,2014-12-12,21:30:00,EDSA Nueva Ecija St. Quezon City,0,0,0,1,0,0,0,0,0,1,2014-12-13 5:30,Injury,14.63197447,121.0454923,Hit Object
None,EDSA,None,None,"No Accident Factor, Side Swipe, 0.0 drivers_injured, 0.0 drivers_killed, 0.0 passengers_injured, 0.0 passengers_killed, 0.0 pedestrian_injured, 0.0 pedestrian_killed, Fair (Night), EDSA  New York St. (ES Bus Terminal) Quezon City",MMDA Road Safety Unit,,a6f688f4-12ee-4dcb-aa54-3ff353978c56,2014-12-12,13:30:00,EDSA Nissan Motor Quezon City,0,0,0,0,0,0,0,0,0,0,2014-12-12 21:30,Property,14.62561337,121.0482252,Side Swipe
None,EDSA,None,None,"No Accident Factor, Side Swipe, 0.0 drivers_injured, 0.0 drivers_killed, 0.0 passengers_injured, 0.0 passengers_killed, 0.0 pedestrian_injured, 0.0 pedestrian_killed, Fair (Night), EDSA Corregidor St.  Quezon City",MMDA Road Safety Unit,,37956839-d531-4e90-a494-aba7abd9f4c3,2014-12-12,11:15:00,EDSA Roosevelt Ave.  Quezon City,0,0,0,0,0,0,0,0,0,0,2014-12-12 19:15,Property,14.65707679,121.0241648,Side Swipe
None,EDSA,None,None,"No Accident Factor, No Collision Stated (based on Police Blotter Book), 0.0 drivers_injured, 0.0 drivers_killed, 0.0 passengers_injured, 0.0 passengers_killed, 0.0 pedestrian_injured, 0.0 pedestrian_killed, Fair (Night), EDSA  ""U"" turn slot, Quezon Ave.  Quezon City",MMDA Road Safety Unit,,a81a4612-9318-4670-899c-e2c2ced858ba,2014-12-12,08:45:00,EDSA White Plains Ave. Quezon City,0,0,0,0,0,0,0,0,0,0,2014-12-12 16:45,Property,14.64513628,121.0368848,No Collision Stated
None,EDSA,None,None,"No Accident Factor, Rear-end, 0.0 drivers_injured, 0.0 drivers_killed, 0.0 passengers_injured, 0.0 passengers_killed, 0.0 pedestrian_injured, 0.0 pedestrian_killed, Fair (Day), EDSA Camp Gen. Aguinaldo Quezon City",MMDA Road Safety Unit,,bf834d28-11ab-4a4d-b8fd-8d830cf24952,2014-12-12,08:00:00,EDSA West Ave.  Quezon City,0,0,0,0,0,0,0,0,0,0,2014-12-12 16:00,Property,14.6084772,121.0562768,Rear-End
None,EDSA,None,None,"No Accident Factor, No Collision Stated (based on Police Blotter Book), 0.0 drivers_injured, 0.0 drivers_killed, 0.0 passengers_injured, 0.0 passengers_killed, 0.0 pedestrian_injured, 0.0 pedestrian_killed, Fair (Night), EDSA Santolan MRT Station  Quezon City",MMDA Road Safety Unit,,942f7618-1f61-437e-9672-e9ef3676c1cd,2014-12-12,04:30:00,EDSA Quezon Ave. Quezon City,0,0,0,0,0,0,0,0,0,0,2014-12-12 12:30,Property,14.60773988,121.0564577,No Collision Stated
None,EDSA,None,None,"No Accident Factor, Side Swipe, 0.0 drivers_injured, 0.0 drivers_killed, 0.0 passengers_injured, 0.0 passengers_killed, 0.0 pedestrian_injured, 0.0 pedestrian_killed, Fair (Night), EDSA  Whiteplains Ave. Quezon City",MMDA Road Safety Unit,,63b21193-d198-4991-85f3-dfebc7bf439a,2014-12-11,10:40:00,"EDSA Five Star Bus Terminal, E. Rodriguez  Quezon City",0,0,0,0,0,0,0,0,0,0,2014-12-11 18:40,Property,14.59957564,121.0597557,Side Swipe
None,EDSA,None,None,"No Accident Factor, No Collision Stated (based on Police Blotter Book), 0.0 drivers_injured, 0.0 drivers_killed, 0.0 passengers_injured, 0.0 passengers_killed, 0.0 pedestrian_injured, 0.0 pedestrian_killed, Fair (Day), EDSA Col. Bonny Serrano Ave. Quezon City",MMDA Road Safety Unit,,3d2f4705-fcc1-4380-b947-78120a07bd68,2014-12-11,09:00:00,"EDSA ""U"" turn slot, Trinoma Quezon City",0,0,0,0,0,0,0,0,0,0,2014-12-11 17:00,Property,14.61107337,121.0550705,No Collision Stated
None,EDSA,None,None,"No Accident Factor, No Collision Stated (based on Police Blotter Book), 0.0 drivers_injured, 0.0 drivers_killed, 0.0 passengers_injured, 0.0 passengers_killed, 0.0 pedestrian_injured, 0.0 pedestrian_killed, Fair (Day), EDSA Bansalangin  Quezon City",MMDA Road Safety Unit,,cf47278b-2cc0-4ddb-9108-f88eae2b3315,2014-12-11,07:45:00,"EDSA ""U"" turn slot, Centris Mall, Bagong Pagasa Quezon City",0,0,0,0,0,0,0,0,0,0,2014-12-11 15:45,Property,14.6567996,121.0241845,No Collision Stated
None,EDSA,None,None,"No Accident Factor, Side Swipe, 0.0 drivers_injured, 0.0 drivers_killed, 0.0 passengers_injured, 0.0 passengers_killed, 0.0 pedestrian_injured, 0.0 pedestrian_killed, Fair (Night), EDSA SM Annex Exit Gate  Quezon City",MMDA Road Safety Unit,,32234506-f3dc-4c9d-915a-d45dd8ee5f8d,2014-12-11,07:15:00,"EDSA ""U"" turn slot, JAM Liner Terminal  Quezon City",0,0,0,0,0,0,0,0,0,0,2014-12-11 15:15,Property,14.65628012,121.0272074,Side Swipe
None,EDSA,None,None,"No Accident Factor, No Collision Stated (based on Police Blotter Book), 0.0 drivers_injured, 0.0 drivers_killed, 0.0 passengers_injured, 0.0 passengers_killed, 0.0 pedestrian_injured, 0.0 pedestrian_killed, Fair (Night), EDSA Dominion Bus Terminal  Quezon City",MMDA Road Safety Unit,,ea1e9f98-b6ba-4e71-bb13-53c4b8a060d0,2014-12-11,07:05:00,EDSA Kamias Road Quezon City,0,0,0,0,0,0,0,0,0,0,2014-12-11 15:05,Property,14.62539824,121.0482332,No Collision Stated
None,EDSA,None,None,"No Accident Factor, Rear-end, 0.0 drivers_injured, 0.0 drivers_killed, 0.0 passengers_injured, 0.0 passengers_killed, 0.0 pedestrian_injured, 0.0 pedestrian_killed, Fair (Day), EDSA Oliveros A. Samson  Quezon City",MMDA Road Safety Unit,,dfe34587-51b0-452c-8f91-fe5467af3d05,2014-12-11,06:30:00,"EDSA ""U"" turn slot, Col. Boni Serrano Ave. Quezon City",0,0,0,0,0,0,0,0,0,0,2014-12-11 14:30,Property,14.65762799,121.0065288,Rear-End
None,EDSA,None,None,"No Accident Factor, No Collision Stated (based on Police Blotter Book), 0.0 drivers_injured, 0.0 drivers_killed, 0.0 passengers_injured, 0.0 passengers_killed, 0.0 pedestrian_injured, 0.0 pedestrian_killed, Fair (Night), EDSA Kamuning Road Quezon City",MMDA Road Safety Unit,,d0ca4187-4857-4928-ab1e-23e1ee1db25f,2014-12-11,05:00:00,EDSA Aurora Blvd.  Quezon City,0,0,0,0,0,0,0,0,0,0,2014-12-11 13:00,Property,14.63075725,121.0457548,No Collision Stated
None,EDSA,None,None,"No Accident Factor, Rear-end, 0.0 drivers_injured, 0.0 drivers_killed, 0.0 passengers_injured, 0.0 passengers_killed, 0.0 pedestrian_injured, 0.0 pedestrian_killed, Fair (Night), EDSA  National Printing Office St.  Quezon City",MMDA Road Safety Unit,,53385983-d891-42b5-86c1-4aea4b171a1e,2014-12-10,20:45:00,"EDSA ""U"" turn slot, Ramon Magsaysay Quezon City",0,0,0,0,0,0,0,0,0,0,2014-12-11 4:45,Property,14.63885967,121.0411154,Rear-End
None,EDSA,None,None,"No Accident Factor, Side Swipe, 0.0 drivers_injured, 0.0 drivers_killed, 0.0 passengers_injured, 0.0 passengers_killed, 0.0 pedestrian_injured, 0.0 pedestrian_killed, Fair (Night), EDSA  P. Tuazon Blvd.  Quezon City",MMDA Road Safety Unit,,85c1d3e7-0629-473f-a496-b869b263ca5a,2014-12-10,13:00:00,EDSA Timog Ave.  Quezon City,0,0,0,0,0,0,0,0,0,0,2014-12-10 21:00,Property,14.61637,121.0522664,Side Swipe
None,EDSA,None,None,"No Accident Factor, Rear-end, 0.0 drivers_injured, 0.0 drivers_killed, 0.0 passengers_injured, 0.0 passengers_killed, 0.0 pedestrian_injured, 0.0 pedestrian_killed, Fair (Night), EDSA Misamis St.  Quezon City",MMDA Road Safety Unit,,40ad72ed-d9c0-439b-bd34-49b4ac3a4afb,2014-12-10,12:45:00,EDSA JAM Liner Terminal  Quezon City,0,0,0,0,0,0,0,0,0,0,2014-12-10 20:45,Property,14.65602348,121.0285212,Rear-End
None,EDSA,None,None,"No Accident Factor, Side Swipe, 0.0 drivers_injured, 0.0 drivers_killed, 0.0 passengers_injured, 0.0 passengers_killed, 0.0 pedestrian_injured, 0.0 pedestrian_killed, Fair (Night), EDSA Timog Ave.  Quezon City",MMDA Road Safety Unit,,9189e3aa-78a2-4b1c-8995-442246a21f90,2014-12-10,12:05:00,"EDSA Trinoma, Pagasa Quezon City",0,0,0,0,0,0,0,0,0,0,2014-12-10 20:05,Property,14.63293559,121.0446304,Side Swipe
None,EDSA,None,None,"No Accident Factor, No Collision Stated (based on Police Blotter Book), 0.0 drivers_injured, 0.0 drivers_killed, 0.0 passengers_injured, 0.0 passengers_killed, 0.0 pedestrian_injured, 0.0 pedestrian_killed, Fair (Night), EDSA Scout Borromeo St.  Quezon City",MMDA Road Safety Unit,,39506603-f271-4087-b3f9-985eb83cce87,2014-12-10,12:00:00,"EDSA SM North Entrance, Bagong Pagasa Quezon City",0,0,0,0,0,0,0,0,0,0,2014-12-10 20:00,Property,14.63715712,121.0419507,No Collision Stated
None,EDSA,None,None,"No Accident Factor, No Collision Stated (based on Police Blotter Book), 0.0 drivers_injured, 0.0 drivers_killed, 0.0 passengers_injured, 0.0 passengers_killed, 0.0 pedestrian_injured, 0.0 pedestrian_killed, Fair (Night), EDSA Corregidor St.  Quezon City",MMDA Road Safety Unit,,a7871db9-e9cc-4452-8a0b-8335b672d9e8,2014-12-10,12:00:00,EDSA Col. Bonny Serrano Ave. Quezon City,0,0,0,0,0,0,0,0,0,0,2014-12-10 20:00,Property,14.65707679,121.0241648,No Collision Stated
None,EDSA,None,None,"No Accident Factor, No Collision Stated (based on Police Blotter Book), 0.0 drivers_injured, 0.0 drivers_killed, 0.0 passengers_injured, 0.0 passengers_killed, 0.0 pedestrian_injured, 0.0 pedestrian_killed, Fair (Night), EDSA  ""U"" turn slot, Quezon City Academy  Quezon City",MMDA Road Safety Unit,,8fd3174e-b33d-4d10-a611-1358d7c5e98d,2014-12-10,10:30:00,"EDSA Baliwag Transit Bus Terminal, E. Rodriguez Quezon City",0,0,0,0,0,0,0,0,0,0,2014-12-10 18:30,Property,14.65672739,121.0258821,No Collision Stated
None,EDSA,None,None,"No Accident Factor, Side Swipe, 0.0 drivers_injured, 0.0 drivers_killed, 0.0 passengers_injured, 0.0 passengers_killed, 0.0 pedestrian_injured, 0.0 pedestrian_killed, Fair (Night), EDSA Timog Ave.  Quezon City",MMDA Road Safety Unit,,3e861b21-1aad-48e3-a747-10567b570fdd,2014-12-10,03:30:00,"EDSA ""U"" turn slot, SM Annex Quezon City",0,0,0,0,0,0,0,0,0,0,2014-12-10 11:30,Property,14.63293559,121.0446304,Side Swipe
None,EDSA,None,None,"No Accident Factor, Side Swipe, 0.0 drivers_injured, 0.0 drivers_killed, 0.0 passengers_injured, 0.0 passengers_killed, 0.0 pedestrian_injured, 0.0 pedestrian_killed, Fair (Night), EDSA New York St. (SB)  Quezon City",MMDA Road Safety Unit,,7d468913-6afe-4b6e-9d9d-4dce636329c7,2014-12-10,02:30:00,EDSA Trinoma Quezon City,0,0,0,0,0,0,0,0,0,0,2014-12-10 10:30,Property,14.62568514,121.0482307,Side Swipe
None,EDSA,None,None,"No Accident Factor, No Collision Stated (based on Police Blotter Book), 1.0 drivers_injured, 0.0 drivers_killed, 0.0 passengers_injured, 0.0 passengers_killed, 0.0 pedestrian_injured, 0.0 pedestrian_killed, Fair (Night), EDSA  ""U"" turn slot, Sm North Annex Quezon City",MMDA Road Safety Unit,,63d5f753-df77-46e4-8b81-cca872184223,2014-12-09,17:35:00,EDSA  Aurora Blvd.  Quezon City,0,0,0,1,0,0,0,0,0,1,2014-12-10 1:35,Injury,14.6565364,121.0260319,No Collision Stated
None,EDSA,None,None,"No Accident Factor, Side Swipe, 0.0 drivers_injured, 0.0 drivers_killed, 0.0 passengers_injured, 0.0 passengers_killed, 0.0 pedestrian_injured, 0.0 pedestrian_killed, Fair (Night), EDSA  Main Ave.  Quezon City",MMDA Road Safety Unit,,0236118a-144f-45fc-80ec-9b61b72b065d,2014-12-09,11:40:00,EDSA Cloverleaf  Quezon City,0,0,0,0,0,0,0,0,0,0,2014-12-09 19:40,Property,14.61366838,121.0537266,Side Swipe
None,EDSA,None,None,"No Accident Factor, Side Swipe, 0.0 drivers_injured, 0.0 drivers_killed, 0.0 passengers_injured, 0.0 passengers_killed, 0.0 pedestrian_injured, 0.0 pedestrian_killed, Fair (Day), EDSA  Mapagmahal St. (JAC Liner Bus Terminal) Quezon City",MMDA Road Safety Unit,,994e0a2e-eb80-4661-a699-1ec482a98db9,2014-12-09,09:30:00,EDSA Col. Bonny Serrano Ave. Quezon City,0,0,0,0,0,0,0,0,0,0,2014-12-09 17:30,Property,14.63197447,121.0454923,Side Swipe
None,EDSA,None,None,"No Accident Factor, No Collision Stated (based on Police Blotter Book), 0.0 drivers_injured, 0.0 drivers_killed, 0.0 passengers_injured, 0.0 passengers_killed, 0.0 pedestrian_injured, 0.0 pedestrian_killed, Fair (Day), EDSA Santolan Road Quezon City",MMDA Road Safety Unit,,66097b2f-de46-4190-a370-443cd7a9afff,2014-12-09,07:35:00,"EDSA Camp Aguinaldo gate 3, Socorro Quezon City",0,0,0,0,0,0,0,0,0,0,2014-12-09 15:35,Property,14.6102736,121.0552175,No Collision Stated
None,EDSA,None,None,"No Accident Factor, No Collision Stated (based on Police Blotter Book), 0.0 drivers_injured, 0.0 drivers_killed, 0.0 passengers_injured, 0.0 passengers_killed, 0.0 pedestrian_injured, 0.0 pedestrian_killed, Fair (Day), EDSA QCPD Station 10 Quezon City",MMDA Road Safety Unit,,beabc825-b86e-4736-a048-b09a2bfada2d,2014-12-08,23:35:00,"EDSA ""U"" turn slot, Kamuning Road Quezon City",0,0,0,0,0,0,0,0,0,0,2014-12-09 7:35,Property,14.62991873,121.0461256,No Collision Stated
None,EDSA,None,None,"No Accident Factor, No Collision Stated (based on Police Blotter Book), 0.0 drivers_injured, 0.0 drivers_killed, 0.0 passengers_injured, 0.0 passengers_killed, 0.0 pedestrian_injured, 0.0 pedestrian_killed, Fair (Day), EDSA West Ave.  Quezon City",MMDA Road Safety Unit,,4d4c9682-0834-4033-b95c-b3738cd78ed0,2014-12-08,22:10:00,EDSA Monte De Piedad St.  Quezon City,0,0,0,0,0,0,0,0,0,0,2014-12-09 6:10,Property,14.65548924,121.0298079,No Collision Stated
None,EDSA,None,None,"No Accident Factor, No Collision Stated (based on Police Blotter Book), 0.0 drivers_injured, 0.0 drivers_killed, 0.0 passengers_injured, 0.0 passengers_killed, 0.0 pedestrian_injured, 0.0 pedestrian_killed, Fair (Day), EDSA SM North loading bay Quezon City",MMDA Road Safety Unit,,9e94acb4-a356-4f70-b4b1-e12e1b77a46c,2014-12-08,09:30:00,EDSA Main Ave.  Quezon City,0,0,0,0,0,0,0,0,0,0,2014-12-08 17:30,Property,14.65645143,121.0271077,No Collision Stated
None,EDSA,None,None,"No Accident Factor, No Collision Stated (based on Police Blotter Book), 1.0 drivers_injured, 0.0 drivers_killed, 0.0 passengers_injured, 0.0 passengers_killed, 0.0 pedestrian_injured, 0.0 pedestrian_killed, Fair (Day), EDSA Trinoma, Bagong Pag Asa Quezon City",MMDA Road Safety Unit,,3a8857ff-b336-4d51-9288-36be5b818952,2014-12-08,06:00:00,EDSA Main Ave.  Quezon City,0,0,0,1,0,0,0,0,0,1,2014-12-08 14:00,Injury,14.65242607,121.0323133,No Collision Stated
None,EDSA,None,None,"No Accident Factor, No Collision Stated (based on Police Blotter Book), 0.0 drivers_injured, 0.0 drivers_killed, 0.0 passengers_injured, 0.0 passengers_killed, 0.0 pedestrian_injured, 0.0 pedestrian_killed, Fair (Day), EDSA Corregidor St. Quezon City",MMDA Road Safety Unit,,8041bc7a-89b8-417c-ae95-805ae6cafa28,2014-12-08,04:30:00,EDSA Kaingin Road Quezon City,0,0,0,0,0,0,0,0,0,0,2014-12-08 12:30,Property,14.65707679,121.0241648,No Collision Stated