LOCATION_TEXT,ROAD,WEATHER,LIGHT,DESC,REPORTING_AGENCY,MAIN_CAUSE,INCIDENTDETAILS_ID,DATE_UTC,TIME_UTC,ADDRESS,killed_driver,killed_passenger,killed_pedestrian,injured_driver,injured_passenger,injured_pedestrian,killed_uncategorized,injured_uncategorized,killed_total,injured_total,DATETIME_PST,SEVERITY,Y,X,COLLISION_TYPE
None,EDSA,None,None,"No Accident Factor, No Collision Stated (based on Police Blotter Book), 0.0 drivers_injured, 0.0 drivers_killed, 1.0 passengers_injured, 0.0 passengers_killed, 0.0 pedestrian_injured, 0.0 pedestrian_killed, Fair (Day), EDSA Bansalangin Quezon City",MMDA Road Safety Unit,,99ad754d-4cda-4296-878f-ed42753eb412,2014-12-07,06:30:00,EDSA Kaingin Road Quezon City,0,0,0,0,1,0,0,0,0,1,2014-12-07 14:30,Injury,14.6567996,121.0241845,No Collision Stated
None,EDSA,None,None,"No Accident Factor, No Collision Stated (based on Police Blotter Book), 0.0 drivers_injured, 0.0 drivers_killed, 0.0 passengers_injured, 0.0 passengers_killed, 0.0 pedestrian_injured, 0.0 pedestrian_killed, Fair (Day), EDSA ""U"" turn slot, West Ave. Quezon City",MMDA Road Safety Unit,,0008aa4e-fbdf-45d1-aaa0-e20923a4ebf0,2014-12-07,06:00:00,EDSA  Balintawak MRT Station  Quezon City,0,0,0,0,0,0,0,0,0,0,2014-12-07 14:00,Property,14.65572501,121.0294153,No Collision Stated
None,EDSA,None,None,"No Accident Factor, Hit and Run (No Collision Stated), 0.0 drivers_injured, 0.0 drivers_killed, 0.0 passengers_injured, 0.0 passengers_killed, 0.0 pedestrian_injured, 0.0 pedestrian_killed, Fair (Day), EDSA Quezon Ave. (Centris) Quezon City",MMDA Road Safety Unit,,e6b39fee-0b7c-40b8-b430-5a10e8ba6059,2014-12-06,22:30:00,EDSA  Main Ave.  Quezon City,0,0,0,0,0,0,0,0,0,0,2014-12-07 6:30,Property,14.6442444,121.0375839,No Collision Stated
None,EDSA,None,None,"No Accident Factor, No Collision Stated (based on Police Blotter Book), 1.0 drivers_injured, 0.0 drivers_killed, 0.0 passengers_injured, 0.0 passengers_killed, 0.0 pedestrian_injured, 0.0 pedestrian_killed, Fair (Night), EDSA Paramount Quezon City",MMDA Road Safety Unit,,ab386fce-d652-4642-921a-c835fd556d82,2014-12-06,19:30:00,EDSA New York St.  Quezon City,0,0,0,1,0,0,0,0,0,1,2014-12-07 3:30,Injury,14.6555967,121.0297922,No Collision Stated
None,EDSA,None,None,"No Accident Factor, No Collision Stated (based on Police Blotter Book), 0.0 drivers_injured, 0.0 drivers_killed, 0.0 passengers_injured, 0.0 passengers_killed, 0.0 pedestrian_injured, 0.0 pedestrian_killed, Fair (Night), EDSA Trinoma Mall  Quezon City",MMDA Road Safety Unit,,64fd08a0-42a7-44d0-bb02-a3217f0a881a,2014-12-06,14:30:00,EDSA K-3rd St.  Quezon City,0,0,0,0,0,0,0,0,0,0,2014-12-06 22:30,Property,14.65242607,121.0323133,No Collision Stated
None,EDSA,None,None,"No Accident Factor, Side Swipe, 0.0 drivers_injured, 0.0 drivers_killed, 0.0 passengers_injured, 0.0 passengers_killed, 0.0 pedestrian_injured, 0.0 pedestrian_killed, Fair (Night), EDSA Main Ave.  Quezon City",MMDA Road Safety Unit,,7198bd65-4742-4a85-a176-1473222115f9,2014-12-06,11:00:00,EDSA  East Ave.  Quezon City,0,0,0,0,0,0,0,0,0,0,2014-12-06 19:00,Property,14.61376458,121.0537933,Side Swipe
None,EDSA,None,None,"No Accident Factor, No Collision Stated (based on Police Blotter Book), 0.0 drivers_injured, 0.0 drivers_killed, 0.0 passengers_injured, 0.0 passengers_killed, 0.0 pedestrian_injured, 0.0 pedestrian_killed, Fair (Night), EDSA Roosevelt Ave.  Quezon City",MMDA Road Safety Unit,,c2aac6c5-3475-4253-b1ea-2fe1a8139edc,2014-12-06,10:45:00,EDSA Misamis St. Quezon City,0,0,0,0,0,0,0,0,0,0,2014-12-06 18:45,Property,14.65762047,121.0196373,No Collision Stated
None,EDSA,None,None,"No Accident Factor, No Collision Stated (based on Police Blotter Book), 0.0 drivers_injured, 0.0 drivers_killed, 0.0 passengers_injured, 0.0 passengers_killed, 0.0 pedestrian_injured, 0.0 pedestrian_killed, Fair (Night), EDSA East Ave.  Quezon City",MMDA Road Safety Unit,,cf4ad721-25f3-498a-9b23-4544bd45de85,2014-12-06,10:30:00,EDSA GMA Drive  Quezon City,0,0,0,0,0,0,0,0,0,0,2014-12-06 18:30,Property,14.6328297,121.0451176,No Collision Stated
None,EDSA,None,None,"No Accident Factor, Side Swipe, 0.0 drivers_injured, 0.0 drivers_killed, 0.0 passengers_injured, 0.0 passengers_killed, 0.0 pedestrian_injured, 0.0 pedestrian_killed, Fair (Night), EDSA Nepa Q-Mart, E. Rodriguez Quezon City",MMDA Road Safety Unit,,07204da5-09f3-44b8-9426-fdd20b04b8fd,2014-12-06,10:25:00,EDSA DPWH Quezon City,0,0,0,0,0,0,0,0,0,0,2014-12-06 18:25,Property,14.62805361,121.0472521,Side Swipe
None,EDSA,None,None,"No Accident Factor, No Collision Stated (based on Police Blotter Book), 0.0 drivers_injured, 0.0 drivers_killed, 0.0 passengers_injured, 0.0 passengers_killed, 0.0 pedestrian_injured, 0.0 pedestrian_killed, Fair (Day), EDSA Trinoma, Bagong Pag Asa Quezon City",MMDA Road Safety Unit,,4d9b84bb-d80b-4ad7-af0e-ea18f54c8225,2014-12-06,08:45:00,"EDSA ""U Turn Slot"", Quezon Ave. Quezon City",0,0,0,0,0,0,0,0,0,0,2014-12-06 16:45,Property,14.65242607,121.0323133,No Collision Stated
None,EDSA,None,None,"No Accident Factor, No Collision Stated (based on Police Blotter Book), 0.0 drivers_injured, 0.0 drivers_killed, 0.0 passengers_injured, 0.0 passengers_killed, 0.0 pedestrian_injured, 0.0 pedestrian_killed, Fair (Day), EDSA Central Quezon City",MMDA Road Safety Unit,,83803cf8-3b15-4d17-bf98-c8ab7dca08ac,2014-12-06,06:30:00,EDSA Timog Ave.  Quezon City,0,0,0,0,0,0,0,0,0,0,2014-12-06 14:30,Property,14.64319461,121.0382822,No Collision Stated
None,EDSA,None,None,"No Accident Factor, Hit Parked Vehicle, 0.0 drivers_injured, 0.0 drivers_killed, 0.0 passengers_injured, 0.0 passengers_killed, 0.0 pedestrian_injured, 0.0 pedestrian_killed, Fair (Day), EDSA Q-Mart Market Parking Area, Kamuning Quezon City",MMDA Road Safety Unit,,50c3b1d9-47eb-45c7-a60b-1c2aee972e8a,2014-12-05,23:30:00,EDSA Quezon Ave.  Quezon City,0,0,0,0,0,0,0,0,0,0,2014-12-06 7:30,Property,14.62811603,121.0472822,Hit Object
None,EDSA,None,None,"No Accident Factor, No Collision Stated (based on Police Blotter Book), 0.0 drivers_injured, 0.0 drivers_killed, 0.0 passengers_injured, 0.0 passengers_killed, 0.0 pedestrian_injured, 0.0 pedestrian_killed, Fair (Night), EDSA  ""U"" turn slot, Ramon Magsaysay Quezon City",MMDA Road Safety Unit,,c2ab4462-fad3-46a7-a480-541f4f12a866,2014-12-05,15:30:00,EDSA Quezon Ave.  Quezon City,0,0,0,0,0,0,0,0,0,0,2014-12-05 23:30,Property,14.62801216,121.047013,No Collision Stated
None,EDSA,None,None,"No Accident Factor, Side Swipe, 0.0 drivers_injured, 0.0 drivers_killed, 0.0 passengers_injured, 0.0 passengers_killed, 0.0 pedestrian_injured, 0.0 pedestrian_killed, Fair (Night), EDSA Aurora Blvd.  Quezon City",MMDA Road Safety Unit,,d93149b9-47e4-4c4c-9f9e-09563fbe720b,2014-12-05,13:00:00,"EDSA ""U Turn Slot"", Fema road Quezon City",0,0,0,0,0,0,0,0,0,0,2014-12-05 21:00,Property,14.6217569,121.0502544,Side Swipe
None,EDSA,None,None,"No Accident Factor, No Collision Stated (based on Police Blotter Book), 0.0 drivers_injured, 0.0 drivers_killed, 0.0 passengers_injured, 0.0 passengers_killed, 0.0 pedestrian_injured, 0.0 pedestrian_killed, Fair (Day), EDSA Cloverleaf Road Quezon City",MMDA Road Safety Unit,,9f35c11d-69ea-41de-9030-fe603a9beccb,2014-12-05,09:40:00,"EDSA North Ave., Pagasa Quezon City",0,0,0,0,0,0,0,0,0,0,2014-12-05 17:40,Property,14.65747901,121.0011914,No Collision Stated
None,EDSA,None,None,"No Accident Factor, Rear-end, 0.0 drivers_injured, 0.0 drivers_killed, 0.0 passengers_injured, 0.0 passengers_killed, 0.0 pedestrian_injured, 0.0 pedestrian_killed, Fair (Day), EDSA Santolan  Quezon City",MMDA Road Safety Unit,,2ae39735-803e-4f78-b1d7-1782e603bdaf,2014-12-05,08:30:00,"EDSA Wilcon Depot, A. Samson Quezon City",0,0,0,0,0,0,0,0,0,0,2014-12-05 16:30,Property,14.61090554,121.0550155,Rear-End
None,EDSA,None,None,"No Accident Factor, Rear-end, 0.0 drivers_injured, 0.0 drivers_killed, 0.0 passengers_injured, 0.0 passengers_killed, 0.0 pedestrian_injured, 0.0 pedestrian_killed, Fair (Day), EDSA Roosevelt Ave.  Quezon City",MMDA Road Safety Unit,,4a0ec95a-55e1-4510-891a-1202021c44d3,2014-12-05,07:25:00,EDSA P. Tuazon Blvd.  Quezon City,0,0,0,0,0,0,0,0,0,0,2014-12-05 15:25,Property,14.65762047,121.0196373,Rear-End
None,EDSA,None,None,"No Accident Factor, No Collision Stated (based on Police Blotter Book), 0.0 drivers_injured, 0.0 drivers_killed, 0.0 passengers_injured, 0.0 passengers_killed, 0.0 pedestrian_injured, 0.0 pedestrian_killed, Fair (Day), EDSA ""U"" turn slot, DILG Bldg. Quezon City",MMDA Road Safety Unit,,06dae205-fa7a-4d33-a80b-1f1b93f61154,2014-12-05,03:55:00,EDSA Trinoma Quezon City,0,0,0,0,0,0,0,0,0,0,2014-12-05 11:55,Property,14.64520083,121.0368842,No Collision Stated
None,EDSA,None,None,"No Accident Factor, Side Swipe, 0.0 drivers_injured, 0.0 drivers_killed, 0.0 passengers_injured, 0.0 passengers_killed, 0.0 pedestrian_injured, 0.0 pedestrian_killed, Fair (Day), EDSA Mother Ignacia St.  Quezon City",MMDA Road Safety Unit,,93921f02-938d-4e12-8bc9-9158a5c1c0ca,2014-12-04,23:45:00,EDSA Monte De Piedad St.  Quezon City,0,0,0,0,0,0,0,0,0,0,2014-12-05 7:45,Property,14.64220321,121.0386692,Side Swipe
None,EDSA,None,None,"No Accident Factor, No Collision Stated (based on Police Blotter Book), 0.0 drivers_injured, 0.0 drivers_killed, 0.0 passengers_injured, 0.0 passengers_killed, 0.0 pedestrian_injured, 0.0 pedestrian_killed, Fair (Night), EDSA Aurora Blvd.  Quezon City",MMDA Road Safety Unit,,0153f699-9a70-4d91-bfb0-b0c4e81a1c86,2014-12-04,19:00:00,EDSA Roosevelt Ave.  Quezon City,0,0,0,0,0,0,0,0,0,0,2014-12-05 3:00,Property,14.6217569,121.0502544,No Collision Stated
None,EDSA,None,None,"No Accident Factor, Side Swipe, 0.0 drivers_injured, 0.0 drivers_killed, 0.0 passengers_injured, 0.0 passengers_killed, 0.0 pedestrian_injured, 0.0 pedestrian_killed, Fair (Night), EDSA Aurora Blvd. Quezon City",MMDA Road Safety Unit,,75027817-9fd1-4d0f-84bf-cf906910aff7,2014-12-04,17:05:00,EDSA Congressional Ave.  Quezon City,0,0,0,0,0,0,0,0,0,0,2014-12-05 1:05,Property,14.62163653,121.0501573,Side Swipe
None,EDSA,None,None,"No Accident Factor, No Collision Stated (based on Police Blotter Book), 0.0 drivers_injured, 0.0 drivers_killed, 0.0 passengers_injured, 0.0 passengers_killed, 0.0 pedestrian_injured, 0.0 pedestrian_killed, Fair (Night), EDSA Quezon Ave.  Quezon City",MMDA Road Safety Unit,,2dd58211-b882-49ac-a811-ca07467adf07,2014-12-04,12:45:00,EDSA North Ave. Pagasa Quezon City,0,0,0,0,0,0,0,0,0,0,2014-12-04 20:45,Property,14.6442444,121.0375839,No Collision Stated
None,EDSA,None,None,"No Accident Factor, Hit and Run (Side Swipe), 0.0 drivers_injured, 0.0 drivers_killed, 0.0 passengers_injured, 0.0 passengers_killed, 0.0 pedestrian_injured, 0.0 pedestrian_killed, Fair (Night), EDSA Col. Bonny Serrano Ave.  Quezon City",MMDA Road Safety Unit,,b1386829-72f7-46d0-a93c-ae7ef7009cea,2014-12-04,12:00:00,EDSA Corregidor St. Quezon City,0,0,0,0,0,0,0,0,0,0,2014-12-04 20:00,Property,14.61107337,121.0550705,Side Swipe
None,EDSA,None,None,"No Accident Factor, Rear-end, 0.0 drivers_injured, 0.0 drivers_killed, 0.0 passengers_injured, 0.0 passengers_killed, 0.0 pedestrian_injured, 0.0 pedestrian_killed, Fair (Day), EDSA Cloverleaf Road Quezon City",MMDA Road Safety Unit,,ccd772f7-41a7-4794-a431-e846b6225657,2014-12-04,04:00:00,EDSA North Ave. Quezon City,0,0,0,0,0,0,0,0,0,0,2014-12-04 12:00,Property,14.65747901,121.0011914,Rear-End
None,EDSA,None,None,"No Accident Factor, Side Swipe, 0.0 drivers_injured, 0.0 drivers_killed, 0.0 passengers_injured, 0.0 passengers_killed, 0.0 pedestrian_injured, 0.0 pedestrian_killed, Fair (Day), EDSA New York St.  Quezon City",MMDA Road Safety Unit,,49ce6189-7468-44ed-934b-f07d2014955e,2014-12-04,00:30:00,EDSA Col. Bonny Serrano Ave. Quezon City,0,0,0,0,0,0,0,0,0,0,2014-12-04 8:30,Property,14.62568514,121.0482307,Side Swipe
None,EDSA,None,None,"No Accident Factor, No Collision Stated (based on Police Blotter Book), 1.0 drivers_injured, 0.0 drivers_killed, 0.0 passengers_injured, 0.0 passengers_killed, 0.0 pedestrian_injured, 0.0 pedestrian_killed, Fair (Night), EDSA Bansalangin Quezon City",MMDA Road Safety Unit,,b82c097f-6190-4a21-9b95-51249b8b4e70,2014-12-03,13:00:00,EDSA Congressional Ave. Quezon City,0,0,0,1,0,0,0,0,0,1,2014-12-03 21:00,Injury,14.6567996,121.0241845,No Collision Stated
None,EDSA,None,None,"No Accident Factor, Rear-end, 0.0 drivers_injured, 0.0 drivers_killed, 0.0 passengers_injured, 0.0 passengers_killed, 0.0 pedestrian_injured, 0.0 pedestrian_killed, Fair (Night), EDSA GMA Network Drive  Quezon City",MMDA Road Safety Unit,,c26e43a8-eab2-4820-b5c5-746c2fc7f913,2014-12-03,11:55:00,EDSA Misamis St. Quezon City,0,0,0,0,0,0,0,0,0,0,2014-12-03 19:55,Property,14.63467214,121.0435714,Rear-End
None,EDSA,None,None,"No Accident Factor, No Collision Stated (based on Police Blotter Book), 0.0 drivers_injured, 0.0 drivers_killed, 0.0 passengers_injured, 0.0 passengers_killed, 0.0 pedestrian_injured, 0.0 pedestrian_killed, Fair (Day), EDSA Congressional Ave. Quezon City",MMDA Road Safety Unit,,e8008fb2-b245-4ac5-b587-6fcc34e51008,2014-12-03,08:20:00,EDSA Aurora Blvd. Quezon City,0,0,0,0,0,0,0,0,0,0,2014-12-03 16:20,Property,14.6571804,120.9927185,No Collision Stated
None,EDSA,None,None,"No Accident Factor, Side Swipe, 0.0 drivers_injured, 0.0 drivers_killed, 0.0 passengers_injured, 0.0 passengers_killed, 0.0 pedestrian_injured, 0.0 pedestrian_killed, Fair (Day), EDSA East Ave. Quezon City",MMDA Road Safety Unit,,96c11c83-7501-431d-9099-aa082354535f,2014-12-03,08:15:00,"EDSA ""U"" turn slot, Trinoma Mall Quezon City",0,0,0,0,0,0,0,0,0,0,2014-12-03 16:15,Property,14.6328297,121.0451176,Side Swipe
None,EDSA,None,None,"No Accident Factor, No Collision Stated (based on Police Blotter Book), 0.0 drivers_injured, 0.0 drivers_killed, 0.0 passengers_injured, 0.0 passengers_killed, 0.0 pedestrian_injured, 0.0 pedestrian_killed, Fair (Day), EDSA Station 10 QCPD Kamuning Quezon City",MMDA Road Safety Unit,,01e83900-0537-4cd9-be38-378f45af1664,2014-12-03,04:15:00,EDSA Kaingin Footbridge  Quezon City,0,0,0,0,0,0,0,0,0,0,2014-12-03 12:15,Property,14.62991165,121.0461367,No Collision Stated
None,EDSA,None,None,"No Accident Factor, No Collision Stated (based on Police Blotter Book), 0.0 drivers_injured, 0.0 drivers_killed, 0.0 passengers_injured, 0.0 passengers_killed, 0.0 pedestrian_injured, 0.0 pedestrian_killed, Fair (Day), EDSA Corregidor St. Quezon City",MMDA Road Safety Unit,,213a2b72-b366-4b0c-b662-7a9669a299c4,2014-12-02,22:30:00,"EDSA Nepa Q-Mart, E. Rodriguez Quezon City",0,0,0,0,0,0,0,0,0,0,2014-12-03 6:30,Property,14.65707679,121.0241648,No Collision Stated
None,EDSA,None,None,"No Accident Factor, Hit and Run (Side Swipe), 0.0 drivers_injured, 0.0 drivers_killed, 0.0 passengers_injured, 0.0 passengers_killed, 0.0 pedestrian_injured, 0.0 pedestrian_killed, Fair (Day), EDSA Balintawak Market  Quezon City",MMDA Road Safety Unit,,5634db65-70b8-4814-a241-921976383287,2014-12-02,22:00:00,EDSA Kamias Road Quezon City,0,0,0,0,0,0,0,0,0,0,2014-12-03 6:00,Property,14.65740947,121.0025737,Side Swipe
None,EDSA,None,None,"No Accident Factor, No Collision Stated (based on Police Blotter Book), 0.0 drivers_injured, 0.0 drivers_killed, 0.0 passengers_injured, 0.0 passengers_killed, 0.0 pedestrian_injured, 0.0 pedestrian_killed, Fair (Night), EDSA Balintawak Market  Quezon City",MMDA Road Safety Unit,,92363fbf-5169-4e89-8212-2f0796ef8192,2014-12-02,21:00:00,EDSA Main Ave.  Quezon City,0,0,0,0,0,0,0,0,0,0,2014-12-03 5:00,Property,14.65740947,121.0025737,No Collision Stated
None,EDSA,None,None,"No Accident Factor, Rear-end, 0.0 drivers_injured, 0.0 drivers_killed, 0.0 passengers_injured, 0.0 passengers_killed, 0.0 pedestrian_injured, 0.0 pedestrian_killed, Fair (Night), EDSA Roosevelt Ave.  Quezon City",MMDA Road Safety Unit,,8b86d5e2-4c29-4a30-a6b2-963bbf2e6dda,2014-12-02,15:55:00,EDSA Quezon Ave. Quezon City,0,0,0,0,0,0,0,0,0,0,2014-12-02 23:55,Property,14.65762047,121.0196373,Rear-End
None,EDSA,None,None,"No Accident Factor, No Collision Stated (based on Police Blotter Book), 0.0 drivers_injured, 0.0 drivers_killed, 0.0 passengers_injured, 0.0 passengers_killed, 0.0 pedestrian_injured, 0.0 pedestrian_killed, Fair (Night), EDSA Kamuning Road Quezon City",MMDA Road Safety Unit,,b7cb8bbe-1134-4290-83f1-2aac40640222,2014-12-02,13:00:00,EDSA Col. Bonny Serrano Ave. Quezon City,0,0,0,0,0,0,0,0,0,0,2014-12-02 21:00,Property,14.63075725,121.0457548,No Collision Stated
None,EDSA,None,None,"No Accident Factor, No Collision Stated (based on Police Blotter Book), 0.0 drivers_injured, 0.0 drivers_killed, 0.0 passengers_injured, 0.0 passengers_killed, 0.0 pedestrian_injured, 0.0 pedestrian_killed, Fair (Night), EDSA Mindanao Ave. Exit Quezon City",MMDA Road Safety Unit,,e9b57355-ae9b-4f0f-bbc2-f53801b2f33f,2014-12-02,12:25:00,EDSA Quezon Ave. Quezon City,0,0,0,0,0,0,0,0,0,0,2014-12-02 20:25,Property,14.65052386,121.0335656,No Collision Stated
None,EDSA,None,None,"No Accident Factor, No Collision Stated (based on Police Blotter Book), 0.0 drivers_injured, 0.0 drivers_killed, 0.0 passengers_injured, 0.0 passengers_killed, 0.0 pedestrian_injured, 0.0 pedestrian_killed, Fair (Night), EDSA Congressional Ave. Quezon City",MMDA Road Safety Unit,,c136c569-ae67-4ab8-9084-89874482522c,2014-12-02,11:45:00,EDSA Main Ave.  Quezon City,0,0,0,0,0,0,0,0,0,0,2014-12-02 19:45,Property,14.6571804,120.9927185,No Collision Stated
None,EDSA,None,None,"No Accident Factor, Side Swipe, 0.0 drivers_injured, 0.0 drivers_killed, 0.0 passengers_injured, 0.0 passengers_killed, 0.0 pedestrian_injured, 0.0 pedestrian_killed, Fair (Day), EDSA Mother Ignacia St.  Quezon City",MMDA Road Safety Unit,,313bb74e-3682-4809-8327-7b569c94f9b6,2014-12-02,05:00:00,"EDSA SM Annex, Pagasa Quezon City",0,0,0,0,0,0,0,0,0,0,2014-12-02 13:00,Property,14.64220321,121.0386692,Side Swipe
None,EDSA,None,None,"No Accident Factor, No Collision Stated (based on Police Blotter Book), 0.0 drivers_injured, 0.0 drivers_killed, 0.0 passengers_injured, 0.0 passengers_killed, 0.0 pedestrian_injured, 0.0 pedestrian_killed, Fair (Day), EDSA Timog Ave.  Quezon City",MMDA Road Safety Unit,,1b1f3271-797f-4a7e-890f-c4f53faabd78,2014-12-02,04:15:00,EDSA Kamias Road Quezon City,0,0,0,0,0,0,0,0,0,0,2014-12-02 12:15,Property,14.63293559,121.0446304,No Collision Stated
None,EDSA,None,None,"No Accident Factor, No Collision Stated (based on Police Blotter Book), 0.0 drivers_injured, 0.0 drivers_killed, 0.0 passengers_injured, 0.0 passengers_killed, 0.0 pedestrian_injured, 0.0 pedestrian_killed, Fair (Day), EDSA Scout Borromeo St.  Quezon City",MMDA Road Safety Unit,,3be08418-6c79-4dd5-acc1-9ced91d7dd27,2014-12-01,23:25:00,EDSA  Sct. Borromeo St. Quezon City,0,0,0,0,0,0,0,0,0,0,2014-12-02 7:25,Property,14.63715712,121.0419507,No Collision Stated
None,EDSA,None,None,"No Accident Factor, No Collision Stated (based on Police Blotter Book), 0.0 drivers_injured, 0.0 drivers_killed, 0.0 passengers_injured, 0.0 passengers_killed, 0.0 pedestrian_injured, 0.0 pedestrian_killed, Fair (Night), EDSA Congressional Ave. Quezon City",MMDA Road Safety Unit,,730890c7-7a82-44c3-8f33-b4ed26cc60f9,2014-12-01,12:45:00,"EDSA Farmers Plaza Mall, Cubao Quezon City",0,0,0,0,0,0,0,0,0,0,2014-12-01 20:45,Property,14.6571804,120.9927185,No Collision Stated
None,EDSA,None,None,"No Accident Factor, No Collision Stated (based on Police Blotter Book), 0.0 drivers_injured, 0.0 drivers_killed, 0.0 passengers_injured, 0.0 passengers_killed, 0.0 pedestrian_injured, 0.0 pedestrian_killed, Fair (Night), EDSA North Ave. Quezon City",MMDA Road Safety Unit,,feffabba-3514-41ee-8a0e-10d8811cf5d5,2014-12-01,10:30:00,EDSA  P. Tuazon Blvd.  Quezon City,0,0,0,0,0,0,0,0,0,0,2014-12-01 18:30,Property,14.65553839,121.0299647,No Collision Stated
None,EDSA,None,None,"No Accident Factor, No Collision Stated (based on Police Blotter Book), 0.0 drivers_injured, 0.0 drivers_killed, 0.0 passengers_injured, 0.0 passengers_killed, 0.0 pedestrian_injured, 0.0 pedestrian_killed, Fair (Day), EDSA Mindanao Ave. Exit Quezon City",MMDA Road Safety Unit,,22b5df87-88a4-4e0a-8b86-b0d2b7529176,2014-12-01,08:45:00,EDSA Cloverleaf  Quezon City,0,0,0,0,0,0,0,0,0,0,2014-12-01 16:45,Property,14.65052386,121.0335656,No Collision Stated
None,EDSA,None,None,"No Accident Factor, Side Swipe, 0.0 drivers_injured, 0.0 drivers_killed, 0.0 passengers_injured, 0.0 passengers_killed, 0.0 pedestrian_injured, 0.0 pedestrian_killed, Fair (Day), EDSA Roosevelt Ave.  Quezon City",MMDA Road Safety Unit,,65e93921-f90c-4d62-a69a-b4ec31b0a7bf,2014-12-01,06:30:00,"EDSA ""U Turn Slot"", Quezon Ave. Quezon City",0,0,0,0,0,0,0,0,0,0,2014-12-01 14:30,Property,14.65762047,121.0196373,Side Swipe
None,EDSA,None,None,"No Accident Factor, Angle Impact, 0.0 drivers_injured, 0.0 drivers_killed, 0.0 passengers_injured, 0.0 passengers_killed, 0.0 pedestrian_injured, 0.0 pedestrian_killed, Fair (Day), EDSA Col. Bonny Serano Ave. Quezon City",MMDA Road Safety Unit,,29124810-706b-4b69-9fc6-ffdaad9c42d4,2014-12-01,04:00:00,EDSA P. Tuazon Blvd. Quezon City,0,0,0,0,0,0,0,0,0,0,2014-12-01 12:00,Property,14.61107337,121.0550705,Angle Impact
None,EDSA,None,None,"No Accident Factor, Rear-end, 0.0 drivers_injured, 0.0 drivers_killed, 0.0 passengers_injured, 0.0 passengers_killed, 0.0 pedestrian_injured, 0.0 pedestrian_killed, Fair (Day), EDSA Camp Aguinaldo Gate 6 Quezon City",MMDA Road Safety Unit,,4f4dc749-4570-4a9b-bc35-38e75bca358b,2014-12-01,03:00:00,"EDSA ""U Turn Slot"", Trinoma Quezon City",0,0,0,0,0,0,0,0,0,0,2014-12-01 11:00,Property,14.60477522,121.0579201,Rear-End
None,EDSA,None,None,"No Accident Factor, No Collision Stated (based on Police Blotter Book), 0.0 drivers_injured, 0.0 drivers_killed, 0.0 passengers_injured, 0.0 passengers_killed, 0.0 pedestrian_injured, 0.0 pedestrian_killed, Fair (Day), EDSA Banahaw St.  Quezon City",MMDA Road Safety Unit,,d1a5564b-52a6-4068-a78d-93cf7760e54f,2014-12-01,00:15:00,EDSA Kamuning Road Quezon City,0,0,0,0,0,0,0,0,0,0,2014-12-01 8:15,Property,14.61797303,121.0516572,No Collision Stated
None,EDSA,None,None,"No Accident Factor, Hit and Run (No Collision Stated), 0.0 drivers_injured, 0.0 drivers_killed, 0.0 passengers_injured, 0.0 passengers_killed, 0.0 pedestrian_injured, 0.0 pedestrian_killed, Fair (Night), EDSA Jackman Bldg., Ramon Magsaysay Quezon City",MMDA Road Safety Unit,,34bc3842-5358-48cd-8be6-fbe0a1bb542e,2014-11-30,13:25:00,"EDSA SM Loading Bay, Pagasa Quezon City",0,0,0,0,0,0,0,0,0,0,2014-11-30 21:25,Property,14.65777839,121.0208499,No Collision Stated
None,EDSA,None,None,"No Accident Factor, Side Swipe, 0.0 drivers_injured, 0.0 drivers_killed, 0.0 passengers_injured, 0.0 passengers_killed, 0.0 pedestrian_injured, 0.0 pedestrian_killed, Fair (Night), EDSA Aurora Blvd. Quezon City",MMDA Road Safety Unit,,b9ec5d66-84fe-425e-9301-36b32c464071,2014-11-30,11:30:00,EDSA Cloverleaf Drive  Quezon City,0,0,0,0,0,0,0,0,0,0,2014-11-30 19:30,Property,14.62163653,121.0501573,Side Swipe
None,EDSA,None,None,"No Accident Factor, Side Swipe, 0.0 drivers_injured, 0.0 drivers_killed, 0.0 passengers_injured, 0.0 passengers_killed, 0.0 pedestrian_injured, 0.0 pedestrian_killed, Fair (Day), EDSA Robinsons Galleria Quezon City",MMDA Road Safety Unit,,f09cfda1-0402-4dc5-9e11-7bb3ba99ac30,2014-11-30,09:30:00,EDSA P. Tuazon Blvd.  Quezon City,0,0,0,0,0,0,0,0,0,0,2014-11-30 17:30,Property,14.59206941,121.058228,Side Swipe
None,EDSA,None,None,"No Accident Factor, No Collision Stated (based on Police Blotter Book), 0.0 drivers_injured, 0.0 drivers_killed, 0.0 passengers_injured, 0.0 passengers_killed, 0.0 pedestrian_injured, 0.0 pedestrian_killed, Fair (Day), EDSA SM North loading bay Quezon City",MMDA Road Safety Unit,,ff1cd618-268c-4383-8abd-f5977284e45e,2014-11-30,06:30:00,EDSA Ortigas Ave.  Quezon City,0,0,0,0,0,0,0,0,0,0,2014-11-30 14:30,Property,14.65645143,121.0271077,No Collision Stated