LOCATION_TEXT,ROAD,WEATHER,LIGHT,DESC,REPORTING_AGENCY,MAIN_CAUSE,INCIDENTDETAILS_ID,DATE_UTC,TIME_UTC,ADDRESS,killed_driver,killed_passenger,killed_pedestrian,injured_driver,injured_passenger,injured_pedestrian,killed_uncategorized,injured_uncategorized,killed_total,injured_total,DATETIME_PST,SEVERITY,Y,X,COLLISION_TYPE
None,EDSA,None,None,"No Accident Factor, Rear-end, 0.0 drivers_injured, 0.0 drivers_killed, 0.0 passengers_injured, 0.0 passengers_killed, 0.0 pedestrian_injured, 0.0 pedestrian_killed, Fair (Day), EDSA Nepa Q Mart Quezon City",MMDA Road Safety Unit,,c6a2b212-4532-415d-903f-a3a96e426515,2014-11-30,02:30:00,"EDSA Shell Gas Sn., A. Samson Quezon City",0,0,0,0,0,0,0,0,0,0,2014-11-30 10:30,Property,14.62805361,121.0472521,Rear-End
None,EDSA,None,None,"No Accident Factor, Self-Accident, 0.0 drivers_injured, 0.0 drivers_killed, 0.0 passengers_injured, 0.0 passengers_killed, 0.0 pedestrian_injured, 0.0 pedestrian_killed, Fair (Night), EDSA Kaingin Road Quezon City",MMDA Road Safety Unit,,f8b8c6f7-9430-4144-9b37-8f550c464e29,2014-11-29,12:45:00,EDSA Kaingin Road Quezon City,0,0,0,0,0,0,0,0,0,0,2014-11-29 20:45,Property,14.65746493,121.0109963,Self-Accident
None,EDSA,None,None,"No Accident Factor, No Collision Stated (based on Police Blotter Book), 1.0 drivers_injured, 0.0 drivers_killed, 1.0 passengers_injured, 0.0 passengers_killed, 0.0 pedestrian_injured, 0.0 pedestrian_killed, Fair (Day), EDSA West Ave.  Quezon City",MMDA Road Safety Unit,,2d2c80be-93bc-4b18-9229-f3e1638e2488,2014-11-28,22:00:00,EDSA Balintawak LRT Station  Quezon City,0,0,0,1,1,0,0,0,0,2,2014-11-29 6:00,Injury,14.65548924,121.0298079,No Collision Stated
None,EDSA,None,None,"No Accident Factor, Side Swipe, 0.0 drivers_injured, 0.0 drivers_killed, 0.0 passengers_injured, 0.0 passengers_killed, 0.0 pedestrian_injured, 0.0 pedestrian_killed, Fair (Night), EDSA Cloverleaf Road Quezon City",MMDA Road Safety Unit,,8d40bd97-bcf1-46b2-a125-9dc1767c6979,2014-11-28,21:30:00,"EDSA ""U Turn Slot"", Fema Rd. Quezon City",0,0,0,0,0,0,0,0,0,0,2014-11-29 5:30,Property,14.65747901,121.0011914,Side Swipe
None,EDSA,None,None,"No Accident Factor, No Collision Stated (based on Police Blotter Book), 0.0 drivers_injured, 0.0 drivers_killed, 1.0 passengers_injured, 0.0 passengers_killed, 0.0 pedestrian_injured, 0.0 pedestrian_killed, Fair (Night), EDSA Congressional Ave. Quezon City",MMDA Road Safety Unit,,ed7be457-1b1e-4534-a69f-8313c395d883,2014-11-28,14:15:00,EDSA Timog Ave. Quezon City,0,0,0,0,1,0,0,0,0,1,2014-11-28 22:15,Injury,14.6571804,120.9927185,No Collision Stated
None,EDSA,None,None,"No Accident Factor, No Collision Stated (based on Police Blotter Book), 0.0 drivers_injured, 0.0 drivers_killed, 0.0 passengers_injured, 0.0 passengers_killed, 0.0 pedestrian_injured, 0.0 pedestrian_killed, Fair (Night), EDSA Ramon Magsaysay Quezon City",MMDA Road Safety Unit,,c6532860-d031-494c-8b01-147db0f37be1,2014-11-28,14:15:00,EDSA Kamuning Road Quezon City,0,0,0,0,0,0,0,0,0,0,2014-11-28 22:15,Property,14.62774693,121.0471762,No Collision Stated
None,EDSA,None,None,"No Accident Factor, Side Swipe, 0.0 drivers_injured, 0.0 drivers_killed, 0.0 passengers_injured, 0.0 passengers_killed, 0.0 pedestrian_injured, 0.0 pedestrian_killed, Fair (Day), EDSA Landmark Philam  Quezon City",MMDA Road Safety Unit,,df63b1d7-155c-46b2-b5cd-2dd1fb79b6c0,2014-11-28,08:00:00,EDSA P. Tuazon Blvd.  Quezon City,0,0,0,0,0,0,0,0,0,0,2014-11-28 16:00,Property,14.6509773,121.0331821,Side Swipe
None,EDSA,None,None,"No Accident Factor, No Collision Stated (based on Police Blotter Book), 0.0 drivers_injured, 0.0 drivers_killed, 0.0 passengers_injured, 0.0 passengers_killed, 0.0 pedestrian_injured, 0.0 pedestrian_killed, Fair (Day), EDSA Misamis St. Quezon City",MMDA Road Safety Unit,,95e237d8-d17d-4635-9a0f-4d11073fea21,2014-11-28,07:30:00,EDSA P. Tuazon Blvd.  Quezon City,0,0,0,0,0,0,0,0,0,0,2014-11-28 15:30,Property,14.65602348,121.0285212,No Collision Stated
None,EDSA,None,None,"No Accident Factor, No Collision Stated (based on Police Blotter Book), 0.0 drivers_injured, 0.0 drivers_killed, 0.0 passengers_injured, 0.0 passengers_killed, 0.0 pedestrian_injured, 0.0 pedestrian_killed, Fair (Day), EDSA North Ave. Quezon City",MMDA Road Safety Unit,,86f8dd8a-7af1-4292-81e6-4146e7f2f8c4,2014-11-28,06:30:00,EDSA Aurora Blvd. Quezon City,0,0,0,0,0,0,0,0,0,0,2014-11-28 14:30,Property,14.65553839,121.0299647,No Collision Stated
None,EDSA,None,None,"No Accident Factor, Side Swipe, 0.0 drivers_injured, 0.0 drivers_killed, 0.0 passengers_injured, 0.0 passengers_killed, 0.0 pedestrian_injured, 0.0 pedestrian_killed, Fair (Day), EDSA Cloverleaf (SB)  Quezon City",MMDA Road Safety Unit,,640778a6-3629-4c93-a149-266f9470c4d9,2014-11-28,05:00:00,EDSA  Kamias Road Quezon City,0,0,0,0,0,0,0,0,0,0,2014-11-28 13:00,Property,14.65742064,121.0008939,Side Swipe
None,EDSA,None,None,"No Accident Factor, Hit and Run (No Collision Stated), 0.0 drivers_injured, 0.0 drivers_killed, 0.0 passengers_injured, 0.0 passengers_killed, 0.0 pedestrian_injured, 0.0 pedestrian_killed, Fair (Night), EDSA Five Star Bus Terminal Quezon City",MMDA Road Safety Unit,,f77f16dc-6e7f-44bf-a537-e7b6b6a52ef2,2014-11-27,16:00:00,EDSA Roosevelt Ave.  Quezon City,0,0,0,0,0,0,0,0,0,0,2014-11-28,Property,14.62375691,121.0492447,No Collision Stated
None,EDSA,None,None,"No Accident Factor, Hit and Run (No Collision Stated), 1.0 drivers_injured, 0.0 drivers_killed, 0.0 passengers_injured, 0.0 passengers_killed, 0.0 pedestrian_injured, 0.0 pedestrian_killed, Fair (Night), EDSA Aurora Blvd. Quezon City",MMDA Road Safety Unit,,472e2727-d0d9-44cb-bce3-4c984b5438ca,2014-11-27,15:00:00,EDSA P. Tuazon Blvd. Quezon City,0,0,0,1,0,0,0,0,0,1,2014-11-27 23:00,Injury,14.62163653,121.0501573,No Collision Stated
None,EDSA,None,None,"No Accident Factor, Rear-end, 0.0 drivers_injured, 0.0 drivers_killed, 0.0 passengers_injured, 0.0 passengers_killed, 0.0 pedestrian_injured, 0.0 pedestrian_killed, Fair (Night), EDSA Timog Ave.  Quezon City",MMDA Road Safety Unit,,49b89df4-5752-4bcc-9e92-8dee693d3fdd,2014-11-27,13:30:00,"EDSA ""U Turn Slot"", Roosevelt Ave. Quezon City",0,0,0,0,0,0,0,0,0,0,2014-11-27 21:30,Property,14.63293559,121.0446304,Rear-End
None,EDSA,None,None,"No Accident Factor, No Collision Stated (based on Police Blotter Book), 0.0 drivers_injured, 0.0 drivers_killed, 0.0 passengers_injured, 0.0 passengers_killed, 0.0 pedestrian_injured, 0.0 pedestrian_killed, Fair (Day), EDSA UNTV Philam  Quezon City",MMDA Road Safety Unit,,97cb4b53-52fe-4ff7-9933-8c3e0448f2dd,2014-11-27,02:00:00,EDSA Royal St. Quezon City,0,0,0,0,0,0,0,0,0,0,2014-11-27 10:00,Property,14.64959397,121.0338735,No Collision Stated
None,EDSA,None,None,"No Accident Factor, Rear-end, 0.0 drivers_injured, 0.0 drivers_killed, 0.0 passengers_injured, 0.0 passengers_killed, 0.0 pedestrian_injured, 0.0 pedestrian_killed, Fair (Day), EDSA Col. Bonny Serano Ave. Quezon City",MMDA Road Safety Unit,,57e94339-83f7-4caa-8d7f-477c1fcea115,2014-11-27,01:25:00,EDSA Main Ave. Quezon City,0,0,0,0,0,0,0,0,0,0,2014-11-27 9:25,Property,14.61107337,121.0550705,Rear-End
None,EDSA,None,None,"No Accident Factor, Side Swipe, 0.0 drivers_injured, 0.0 drivers_killed, 0.0 passengers_injured, 0.0 passengers_killed, 0.0 pedestrian_injured, 0.0 pedestrian_killed, Fair (Day), EDSA Camp Aguinaldo Gate 3 Quezon City",MMDA Road Safety Unit,,016ad421-c3f8-4bb4-bd83-2f0e59766518,2014-11-26,23:00:00,EDSA Kaingin Road Quezon City,0,0,0,0,0,0,0,0,0,0,2014-11-27 7:00,Property,14.60836048,121.0563667,Side Swipe
None,EDSA,None,None,"No Accident Factor, Rear-end, 0.0 drivers_injured, 0.0 drivers_killed, 0.0 passengers_injured, 0.0 passengers_killed, 0.0 pedestrian_injured, 0.0 pedestrian_killed, Fair (Night), EDSA Balintawak Market Quezon City",MMDA Road Safety Unit,,ee40a82f-bc22-4d3d-8075-b894314b9bbd,2014-11-26,15:30:00,EDSA Misamis St. Quezon City,0,0,0,0,0,0,0,0,0,0,2014-11-26 23:30,Property,14.65740947,121.0025737,Rear-End
None,EDSA,None,None,"No Accident Factor, Side Swipe, 0.0 drivers_injured, 0.0 drivers_killed, 0.0 passengers_injured, 0.0 passengers_killed, 0.0 pedestrian_injured, 0.0 pedestrian_killed, Fair (Night), EDSA East Ave. Quezon City",MMDA Road Safety Unit,,60ff0cd5-6013-4bde-8377-e59666aa16d4,2014-11-26,15:30:00,"EDSA ""U Turn Slot"", Quezon Ave. Quezon City",0,0,0,0,0,0,0,0,0,0,2014-11-26 23:30,Property,14.6328297,121.0451176,Side Swipe
None,EDSA,None,None,"No Accident Factor, Rear-end, 0.0 drivers_injured, 0.0 drivers_killed, 0.0 passengers_injured, 0.0 passengers_killed, 0.0 pedestrian_injured, 0.0 pedestrian_killed, Fair (Night), EDSA A. Samson  Quezon City",MMDA Road Safety Unit,,7be7800b-bde8-4e6d-a934-fb9c8bb85453,2014-11-26,10:00:00,"EDSA ""U"" turn slot, Ortigas Ave. Quezon City",0,0,0,0,0,0,0,0,0,0,2014-11-26 18:00,Property,14.65731173,121.0011071,Rear-End
None,EDSA,None,None,"No Accident Factor, No Collision Stated (based on Police Blotter Book), 0.0 drivers_injured, 0.0 drivers_killed, 0.0 passengers_injured, 0.0 passengers_killed, 0.0 pedestrian_injured, 0.0 pedestrian_killed, Fair (Day), EDSA Monte De Piedad St.  Quezon City",MMDA Road Safety Unit,,797c08f6-a065-4066-bb7c-2ad3e8a1f98a,2014-11-26,01:45:00,EDSA GMA Drive Quezon City,0,0,0,0,0,0,0,0,0,0,2014-11-26 9:45,Property,14.62346937,121.0491711,No Collision Stated
None,EDSA,None,None,"No Accident Factor, No Collision Stated (based on Police Blotter Book), 0.0 drivers_injured, 0.0 drivers_killed, 0.0 passengers_injured, 0.0 passengers_killed, 0.0 pedestrian_injured, 0.0 pedestrian_killed, Fair (Night), EDSA  Santolan MRT Station  Quezon City",MMDA Road Safety Unit,,3314ca63-dedd-44ec-836c-6423ad19c9f6,2014-11-25,21:30:00,EDSA Roosevelt Ave. Quezon City,0,0,0,0,0,0,0,0,0,0,2014-11-26 5:30,Property,14.60769067,121.0565784,No Collision Stated
None,EDSA,None,None,"No Accident Factor, Side Swipe, 0.0 drivers_injured, 0.0 drivers_killed, 0.0 passengers_injured, 0.0 passengers_killed, 0.0 pedestrian_injured, 0.0 pedestrian_killed, Fair (Day), EDSA GMA Drive Quezon City",MMDA Road Safety Unit,,243a120a-b6b4-461a-a792-b3b691bc8e29,2014-11-25,04:55:00,"EDSA Camp Aguinaldo, Socorro Quezon City",0,0,0,0,0,0,0,0,0,0,2014-11-25 12:55,Property,14.63467214,121.0435714,Side Swipe
None,EDSA,None,None,"No Accident Factor, Side Swipe, 0.0 drivers_injured, 0.0 drivers_killed, 0.0 passengers_injured, 0.0 passengers_killed, 0.0 pedestrian_injured, 0.0 pedestrian_killed, Fair (Day), EDSA Camp Aguinaldo  Quezon City",MMDA Road Safety Unit,,09ddf42e-d480-4796-ba34-5cc6411f3d94,2014-11-25,03:25:00,EDSA Balintawak Market Quezon City,0,0,0,0,0,0,0,0,0,0,2014-11-25 11:25,Property,14.60740524,121.0567577,Side Swipe
None,EDSA,None,None,"No Accident Factor, Side Swipe, 0.0 drivers_injured, 0.0 drivers_killed, 0.0 passengers_injured, 0.0 passengers_killed, 0.0 pedestrian_injured, 0.0 pedestrian_killed, Fair (Day), EDSA Santolan MRT Station  Quezon City",MMDA Road Safety Unit,,6ae681df-9c52-42df-bb02-b2c374f72902,2014-11-25,02:25:00,EDSA Kamuning Road Quezon City,0,0,0,0,0,0,0,0,0,0,2014-11-25 10:25,Property,14.60773988,121.0564577,Side Swipe
None,EDSA,None,None,"No Accident Factor, No Collision Stated (based on Police Blotter Book), 0.0 drivers_injured, 0.0 drivers_killed, 0.0 passengers_injured, 0.0 passengers_killed, 0.0 pedestrian_injured, 0.0 pedestrian_killed, Fair (Day), EDSA Timog Ave.  Quezon City",MMDA Road Safety Unit,,06a7d8a5-553d-4105-b860-66c8183f8a3a,2014-11-25,00:10:00,EDSA Santolan MRT Station  Quezon City,0,0,0,0,0,0,0,0,0,0,2014-11-25 8:10,Property,14.63293559,121.0446304,No Collision Stated
None,EDSA,None,None,"No Accident Factor, Self-Accident, 0.0 drivers_injured, 0.0 drivers_killed, 1.0 passengers_injured, 0.0 passengers_killed, 0.0 pedestrian_injured, 0.0 pedestrian_killed, Fair (Night), EDSA Col. Bonny Serrano Ave.  Quezon City",MMDA Road Safety Unit,,d3e04432-132b-4677-8c59-4f7f4438e5e7,2014-11-24,17:40:00,EDSA North Ave. Quezon City,0,0,0,0,1,0,0,0,0,1,2014-11-25 1:40,Injury,14.61107337,121.0550705,Self-Accident
None,EDSA,None,None,"No Accident Factor, Angle Impact, 0.0 drivers_injured, 0.0 drivers_killed, 0.0 passengers_injured, 0.0 passengers_killed, 0.0 pedestrian_injured, 0.0 pedestrian_killed, Fair (Night), EDSA Whiteplains  Quezon City",MMDA Road Safety Unit,,f4432d61-9a7f-42f6-87d2-a1f13b879e8e,2014-11-24,11:30:00,EDSA SM City North Quezon City,0,0,0,0,0,0,0,0,0,0,2014-11-24 19:30,Property,14.59961782,121.0596522,Angle Impact
None,EDSA,None,None,"No Accident Factor, No Collision Stated (based on Police Blotter Book), 0.0 drivers_injured, 0.0 drivers_killed, 0.0 passengers_injured, 0.0 passengers_killed, 0.0 pedestrian_injured, 0.0 pedestrian_killed, Fair (Night), EDSA Roosevelt Ave. Quezon City",MMDA Road Safety Unit,,2004b413-fa8c-49da-ad6a-eb133f1928a0,2014-11-24,11:30:00,EDSA Liberty St.  Quezon City,0,0,0,0,0,0,0,0,0,0,2014-11-24 19:30,Property,14.65762047,121.0196373,No Collision Stated
None,EDSA,None,None,"No Accident Factor, Side Swipe, 0.0 drivers_injured, 0.0 drivers_killed, 0.0 passengers_injured, 0.0 passengers_killed, 0.0 pedestrian_injured, 0.0 pedestrian_killed, Fair (Day), EDSA Main Ave.  Quezon City",MMDA Road Safety Unit,,8f7b1b25-5842-4ca9-81d2-96bed21d5012,2014-11-24,00:45:00,EDSA Congressional Ave. Quezon City,0,0,0,0,0,0,0,0,0,0,2014-11-24 8:45,Property,14.61376458,121.0537933,Side Swipe
None,EDSA,None,None,"No Accident Factor, Rear-end, 0.0 drivers_injured, 0.0 drivers_killed, 0.0 passengers_injured, 0.0 passengers_killed, 0.0 pedestrian_injured, 0.0 pedestrian_killed, Fair (Day), EDSA Col. Bonny Serrano Ave. Quezon City",MMDA Road Safety Unit,,56c9be15-b976-4636-8058-0ae25c227fa8,2014-11-22,23:00:00,"EDSA Robinsons Galleria, Ugong Norte Quezon City",0,0,0,0,0,0,0,0,0,0,2014-11-23 7:00,Property,14.61107337,121.0550705,Rear-End
None,EDSA,None,None,"No Accident Factor, Hit and Run (Side Swipe), 0.0 drivers_injured, 0.0 drivers_killed, 0.0 passengers_injured, 0.0 passengers_killed, 0.0 pedestrian_injured, 0.0 pedestrian_killed, Fair (Night), EDSA Ortigas Ave.  Quezon City",MMDA Road Safety Unit,,732581ba-92c3-4843-b534-f8d092b0615c,2014-11-22,14:25:00,EDSA Timog Ave.  Quezon City,0,0,0,0,0,0,0,0,0,0,2014-11-22 22:25,Property,14.59275486,121.0584221,Side Swipe
None,EDSA,None,None,"No Accident Factor, Side Swipe, 0.0 drivers_injured, 0.0 drivers_killed, 0.0 passengers_injured, 0.0 passengers_killed, 0.0 pedestrian_injured, 0.0 pedestrian_killed, Fair (Night), EDSA Five Star Bus Terminal, Cubao  Quezon City",MMDA Road Safety Unit,,af33d1de-cb8b-45be-ba94-07aa52b7e7ad,2014-11-22,14:00:00,EDSA Monte De Piedad St.  Quezon City,0,0,0,0,0,0,0,0,0,0,2014-11-22 22:00,Property,14.62375691,121.0492447,Side Swipe
None,EDSA,None,None,"No Accident Factor, Hit and Run (No Collision Stated), 0.0 drivers_injured, 0.0 drivers_killed, 0.0 passengers_injured, 0.0 passengers_killed, 0.0 pedestrian_injured, 0.0 pedestrian_killed, Fair (Day), EDSA Victory Liner Bus Terminal Quezon City",MMDA Road Safety Unit,,064a6437-6c25-42f1-be51-8f5a36473ca0,2014-11-22,04:30:00,EDSA Mapagmahal St.  Quezon City,0,0,0,0,0,0,0,0,0,0,2014-11-22 12:30,Property,14.63209398,121.0454876,No Collision Stated
None,EDSA,None,None,"No Accident Factor, Multiple Collision, 0.0 drivers_injured, 0.0 drivers_killed, 0.0 passengers_injured, 0.0 passengers_killed, 0.0 pedestrian_injured, 0.0 pedestrian_killed, Fair (Day), EDSA Camp Aguinaldo, Socorro Quezon City",MMDA Road Safety Unit,,4f024e02-8d3c-4351-bdcd-9bfd38302641,2014-11-22,04:20:00,EDSA Quezon Ave. Quezon City,0,0,0,0,0,0,0,0,0,0,2014-11-22 12:20,Property,14.6098829,121.0556752,Multiple
None,EDSA,None,None,"No Accident Factor, No Collision Stated (based on Police Blotter Book), 0.0 drivers_injured, 0.0 drivers_killed, 0.0 passengers_injured, 0.0 passengers_killed, 0.0 pedestrian_injured, 0.0 pedestrian_killed, Fair (Day), EDSA Banahaw St.  Quezon City",MMDA Road Safety Unit,,1f426fb2-054c-432d-863b-69fd9d31b7c0,2014-11-22,01:25:00,EDSA Aurora Blvd. Quezon City,0,0,0,0,0,0,0,0,0,0,2014-11-22 9:25,Property,14.61797303,121.0516572,No Collision Stated
None,EDSA,None,None,"No Accident Factor, No Collision Stated (based on Police Blotter Book), 0.0 drivers_injured, 0.0 drivers_killed, 0.0 passengers_injured, 0.0 passengers_killed, 0.0 pedestrian_injured, 0.0 pedestrian_killed, Fair (Day), EDSA Aurora Blvd.  Quezon City",MMDA Road Safety Unit,,af05ecf2-c7ba-4836-b204-102a3f26ca7f,2014-11-22,01:00:00,EDSA Whiteplains Ave.  Quezon City,0,0,0,0,0,0,0,0,0,0,2014-11-22 9:00,Property,14.6217569,121.0502544,No Collision Stated
None,EDSA,None,None,"No Accident Factor, Side Swipe, 1.0 drivers_injured, 0.0 drivers_killed, 0.0 passengers_injured, 0.0 passengers_killed, 0.0 pedestrian_injured, 0.0 pedestrian_killed, Fair (Night), EDSA Panay Ave.   Quezon City",MMDA Road Safety Unit,,8a09e8dd-a979-4d7c-ad62-a0b1540522bd,2014-11-21,19:00:00,EDSA New York St.  Quezon City,0,0,0,1,0,0,0,0,0,1,2014-11-22 3:00,Injury,14.64294686,121.0381076,Side Swipe
None,EDSA,None,None,"No Accident Factor, Rear-end, 0.0 drivers_injured, 0.0 drivers_killed, 0.0 passengers_injured, 0.0 passengers_killed, 0.0 pedestrian_injured, 0.0 pedestrian_killed, Fair (Night), EDSA Victory Liner Terminal  Quezon City",MMDA Road Safety Unit,,f0dbd196-aea7-4f81-b3a5-73d741039f0d,2014-11-21,18:35:00,EDSA Main Ave.  Quezon City,0,0,0,0,0,0,0,0,0,0,2014-11-22 2:35,Property,14.62439943,121.0488805,Rear-End
None,EDSA,None,None,"No Accident Factor, Side Swipe, 0.0 drivers_injured, 0.0 drivers_killed, 0.0 passengers_injured, 0.0 passengers_killed, 0.0 pedestrian_injured, 0.0 pedestrian_killed, Fair (Night), EDSA Col. Bonny Serrano Ave. Extn., Libis Quezon City",MMDA Road Safety Unit,,fe1b379f-08ac-4cc6-8e3a-def86d431b36,2014-11-21,11:30:00,EDSA Congressional Ave. Quezon City,0,0,0,0,0,0,0,0,0,0,2014-11-21 19:30,Property,14.61107337,121.0550705,Side Swipe
None,EDSA,None,None,"No Accident Factor, No Collision Stated (based on Police Blotter Book), 0.0 drivers_injured, 0.0 drivers_killed, 0.0 passengers_injured, 0.0 passengers_killed, 0.0 pedestrian_injured, 0.0 pedestrian_killed, Fair (Night), EDSA E. Garcia St.  Quezon City",MMDA Road Safety Unit,,77682b9f-fddf-4dc8-bb62-0ac8c70dbd16,2014-11-21,11:05:00,EDSA North Ave. Quezon City,0,0,0,0,0,0,0,0,0,0,2014-11-21 19:05,Property,14.62742033,121.0475769,No Collision Stated
None,EDSA,None,None,"No Accident Factor, Rear-end, 0.0 drivers_injured, 0.0 drivers_killed, 0.0 passengers_injured, 0.0 passengers_killed, 0.0 pedestrian_injured, 0.0 pedestrian_killed, Fair (Night), EDSA Balintawak Market Quezon City",MMDA Road Safety Unit,,c2422dd2-b01b-4299-9bf3-4b72d2bcef3d,2014-11-21,10:45:00,"EDSA ""U Turn Slot"", Roosevelt Ave. Quezon City",0,0,0,0,0,0,0,0,0,0,2014-11-21 18:45,Property,14.65740947,121.0025737,Rear-End
None,EDSA,None,None,"No Accident Factor, No Collision Stated (based on Police Blotter Book), 0.0 drivers_injured, 0.0 drivers_killed, 0.0 passengers_injured, 0.0 passengers_killed, 0.0 pedestrian_injured, 0.0 pedestrian_killed, Fair (Day), EDSA E. Garcia St.  Quezon City",MMDA Road Safety Unit,,eb7af609-02ff-42f0-9d84-be7478e86370,2014-11-21,07:50:00,EDSA Panay Ave. Quezon City,0,0,0,0,0,0,0,0,0,0,2014-11-21 15:50,Property,14.62742033,121.0475769,No Collision Stated
None,EDSA,None,None,"No Accident Factor, Rear-end, 0.0 drivers_injured, 0.0 drivers_killed, 0.0 passengers_injured, 0.0 passengers_killed, 0.0 pedestrian_injured, 0.0 pedestrian_killed, Fair (Day), EDSA East Ave. Quezon City",MMDA Road Safety Unit,,3156d695-3826-42b0-ac09-033ef200863d,2014-11-21,02:25:00,EDSA Ortigas Ave.  Quezon City,0,0,0,0,0,0,0,0,0,0,2014-11-21 10:25,Property,14.6328297,121.0451176,Rear-End
None,EDSA,None,None,"No Accident Factor, Rear-end, 0.0 drivers_injured, 0.0 drivers_killed, 0.0 passengers_injured, 0.0 passengers_killed, 0.0 pedestrian_injured, 0.0 pedestrian_killed, Fair (Day), EDSA East Ave. Quezon City",MMDA Road Safety Unit,,63c7cca9-0690-4015-a84b-fc9f3cd29c8e,2014-11-21,01:45:00,EDSA  Whiteplains Ave.  Quezon City,0,0,0,0,0,0,0,0,0,0,2014-11-21 9:45,Property,14.6328297,121.0451176,Rear-End
None,EDSA,None,None,"No Accident Factor, Rear-end, 0.0 drivers_injured, 0.0 drivers_killed, 0.0 passengers_injured, 0.0 passengers_killed, 0.0 pedestrian_injured, 0.0 pedestrian_killed, Fair (Day), EDSA MRT Santolan Station, Socorro Quezon City",MMDA Road Safety Unit,,afcff592-3bc1-4c6a-adb8-de0d2374ba8c,2014-11-20,23:40:00,EDSA Whiteplains Ave.  Quezon City,0,0,0,0,0,0,0,0,0,0,2014-11-21 7:40,Property,14.60758562,121.0564529,Rear-End
None,EDSA,None,None,"No Accident Factor, Side Swipe, 0.0 drivers_injured, 0.0 drivers_killed, 0.0 passengers_injured, 0.0 passengers_killed, 0.0 pedestrian_injured, 0.0 pedestrian_killed, Fair (Day), EDSA New York St.  Quezon City",MMDA Road Safety Unit,,922e6bfa-9a9f-448b-95b3-3a223d67c339,2014-11-20,23:25:00,EDSA Kamuning Road Intersection  Quezon City,0,0,0,0,0,0,0,0,0,0,2014-11-21 7:25,Property,14.62568514,121.0482307,Side Swipe
None,EDSA,None,None,"No Accident Factor, No Collision Stated (based on Police Blotter Book), 0.0 drivers_injured, 0.0 drivers_killed, 0.0 passengers_injured, 0.0 passengers_killed, 0.0 pedestrian_injured, 0.0 pedestrian_killed, Fair (Night), EDSA Quezon City Academy, Sto. Cristo Quezon City",MMDA Road Safety Unit,,3f25f156-728a-4ee7-a927-b0c3d5f335f7,2014-11-20,10:30:00,EDSA North Ave. MRT Station Quezon City,0,0,0,0,0,0,0,0,0,0,2014-11-20 18:30,Property,14.65676422,121.0256485,No Collision Stated
None,EDSA,None,None,"No Accident Factor, Rear-end, 0.0 drivers_injured, 0.0 drivers_killed, 0.0 passengers_injured, 0.0 passengers_killed, 0.0 pedestrian_injured, 0.0 pedestrian_killed, Fair (Day), EDSA Scout Borromeo St.  Quezon City",MMDA Road Safety Unit,,8f1912b1-a1f0-4462-afbf-8cc82b166683,2014-11-20,03:15:00,EDSA Aurora Blvd.  Quezon City,0,0,0,0,0,0,0,0,0,0,2014-11-20 11:15,Property,14.63715712,121.0419507,Rear-End
None,EDSA,None,None,"No Accident Factor, Side Swipe, 0.0 drivers_injured, 0.0 drivers_killed, 0.0 passengers_injured, 0.0 passengers_killed, 0.0 pedestrian_injured, 0.0 pedestrian_killed, Fair (Night), EDSA Royal St., A. Samson  Quezon City",MMDA Road Safety Unit,,f857eadf-aa01-438a-baa2-d631625251da,2014-11-19,10:30:00,EDSA Banahaw St.  Quezon City,0,0,0,0,0,0,0,0,0,0,2014-11-19 18:30,Property,14.65767141,121.0107008,Side Swipe
None,EDSA,None,None,"No Accident Factor, No Collision Stated (based on Police Blotter Book), 0.0 drivers_injured, 0.0 drivers_killed, 0.0 passengers_injured, 0.0 passengers_killed, 0.0 pedestrian_injured, 0.0 pedestrian_killed, Fair (Day), EDSA Aurora Blvd.  Quezon City",MMDA Road Safety Unit,,4b11ada5-a054-4b33-bf30-b37ed88d1821,2014-11-19,02:05:00,EDSA  Aurora Blvd.  Quezon City,0,0,0,0,0,0,0,0,0,0,2014-11-19 10:05,Property,14.6217569,121.0502544,No Collision Stated
None,EDSA,None,None,"No Accident Factor, No Collision Stated (based on Police Blotter Book), 0.0 drivers_injured, 0.0 drivers_killed, 0.0 passengers_injured, 0.0 passengers_killed, 0.0 pedestrian_injured, 0.0 pedestrian_killed, Fair (Day), EDSA Quezon Ave.  Quezon City",MMDA Road Safety Unit,,93c7910d-eb37-455b-a064-12673b45f3ea,2014-11-19,00:15:00,"EDSA ""U Turn Slot"", Quezon Ave. Quezon City",0,0,0,0,0,0,0,0,0,0,2014-11-19 8:15,Property,14.6442444,121.0375839,No Collision Stated
None,EDSA,None,None,"No Accident Factor, Rear-end, 0.0 drivers_injured, 0.0 drivers_killed, 0.0 passengers_injured, 0.0 passengers_killed, 0.0 pedestrian_injured, 0.0 pedestrian_killed, Fair (Night), EDSA Timog Ave.  Quezon City",MMDA Road Safety Unit,,7de56f2a-0d4f-43a1-9a24-61fe40cbc305,2014-11-18,15:45:00,EDSA North Ave. Quezon City,0,0,0,0,0,0,0,0,0,0,2014-11-18 23:45,Property,14.63293559,121.0446304,Rear-End