LOCATION_TEXT,ROAD,WEATHER,LIGHT,DESC,REPORTING_AGENCY,MAIN_CAUSE,INCIDENTDETAILS_ID,DATE_UTC,TIME_UTC,ADDRESS,killed_driver,killed_passenger,killed_pedestrian,injured_driver,injured_passenger,injured_pedestrian,killed_uncategorized,injured_uncategorized,killed_total,injured_total,DATETIME_PST,SEVERITY,Y,X,COLLISION_TYPE
None,EDSA,None,None,"No Accident Factor, No Collision Stated (based on Police Blotter Book), 0.0 drivers_injured, 0.0 drivers_killed, 0.0 passengers_injured, 0.0 passengers_killed, 0.0 pedestrian_injured, 0.0 pedestrian_killed, Fair (Night), EDSA Misamis St. Quezon City",MMDA Road Safety Unit,,165d9cd5-7680-4014-b8ec-46005a853031,2014-11-18,15:20:00,EDSA Quezon Ave. Quezon City,0,0,0,0,0,0,0,0,0,0,2014-11-18 23:20,Property,14.65602348,121.0285212,No Collision Stated
None,EDSA,None,None,"No Accident Factor, No Collision Stated (based on Police Blotter Book), 0.0 drivers_injured, 0.0 drivers_killed, 0.0 passengers_injured, 0.0 passengers_killed, 0.0 pedestrian_injured, 0.0 pedestrian_killed, Fair (Night), EDSA Kaingin Road Quezon City",MMDA Road Safety Unit,,8decbe3c-46c4-4d11-9c33-14bd1303c2f3,2014-11-18,12:10:00,EDSA North Ave. MRT Station Quezon City,0,0,0,0,0,0,0,0,0,0,2014-11-18 20:10,Property,14.65746493,121.0109963,No Collision Stated
None,EDSA,None,None,"No Accident Factor, Side Swipe, 0.0 drivers_injured, 0.0 drivers_killed, 0.0 passengers_injured, 0.0 passengers_killed, 0.0 pedestrian_injured, 0.0 pedestrian_killed, Fair (Day), EDSA Cubao  Quezon City",MMDA Road Safety Unit,,0c938432-8093-4464-8957-f62f18deea83,2014-11-18,06:15:00,EDSA SM Loading Bay Quezon City,0,0,0,0,0,0,0,0,0,0,2014-11-18 14:15,Property,14.61956389,121.0510595,Side Swipe
None,EDSA,None,None,"No Accident Factor, Side Swipe, 0.0 drivers_injured, 0.0 drivers_killed, 0.0 passengers_injured, 0.0 passengers_killed, 0.0 pedestrian_injured, 0.0 pedestrian_killed, Fair (Day), EDSA Main Ave.  Quezon City",MMDA Road Safety Unit,,7c502d4b-85ea-4d01-a2f7-3c0d0347178d,2014-11-18,01:15:00,EDSA San Martin De Porres Quezon City,0,0,0,0,0,0,0,0,0,0,2014-11-18 9:15,Property,14.61376458,121.0537933,Side Swipe
None,EDSA,None,None,"No Accident Factor, No Collision Stated (based on Police Blotter Book), 0.0 drivers_injured, 0.0 drivers_killed, 0.0 passengers_injured, 0.0 passengers_killed, 0.0 pedestrian_injured, 0.0 pedestrian_killed, Fair (Day), EDSA GMA-7  Quezon City",MMDA Road Safety Unit,,347c7b64-54b7-41dd-8dd3-d94dbc40c4eb,2014-11-18,00:20:00,EDSA Kamuning Road  Quezon City,0,0,0,0,0,0,0,0,0,0,2014-11-18 8:20,Property,14.63467214,121.0435714,No Collision Stated
None,EDSA,None,None,"No Accident Factor, No Collision Stated (based on Police Blotter Book), 0.0 drivers_injured, 0.0 drivers_killed, 0.0 passengers_injured, 0.0 passengers_killed, 0.0 pedestrian_injured, 0.0 pedestrian_killed, Fair (Day), EDSA Camp Aguinaldo Quezon City",MMDA Road Safety Unit,,aed02a1e-f78b-4b8d-9026-5417d8c006d1,2014-11-17,23:00:00,EDSA West Ave.  Quezon City,0,0,0,0,0,0,0,0,0,0,2014-11-18 7:00,Property,14.60818699,121.0564562,No Collision Stated
None,EDSA,None,None,"No Accident Factor, Hit and Run (No Collision Stated), 0.0 drivers_injured, 0.0 drivers_killed, 0.0 passengers_injured, 0.0 passengers_killed, 0.0 pedestrian_injured, 0.0 pedestrian_killed, Fair (Night), EDSA Congressional Ave.  Quezon City",MMDA Road Safety Unit,,f710cdbe-138f-4707-8beb-7c4ac43777e3,2014-11-17,12:00:00,EDSA Timog Ave.  Quezon City,0,0,0,0,0,0,0,0,0,0,2014-11-17 20:00,Property,14.6571804,120.9927185,No Collision Stated
None,EDSA,None,None,"No Accident Factor, Side Swipe, 0.0 drivers_injured, 0.0 drivers_killed, 0.0 passengers_injured, 0.0 passengers_killed, 0.0 pedestrian_injured, 0.0 pedestrian_killed, Fair (Night), EDSA Mindanao Ave. Extn.  Quezon City",MMDA Road Safety Unit,,a8ea3ec5-306a-42dd-bc31-e985fe407298,2014-11-17,10:35:00,"EDSA U Turn Slot, Quezon Ave. Quezon City",0,0,0,0,0,0,0,0,0,0,2014-11-17 18:35,Property,14.65052386,121.0335656,Side Swipe
None,EDSA,None,None,"No Accident Factor, Multiple Collision, 0.0 drivers_injured, 0.0 drivers_killed, 0.0 passengers_injured, 0.0 passengers_killed, 0.0 pedestrian_injured, 0.0 pedestrian_killed, Fair (Day), EDSA Col. Bonny Serrano Ave.  Quezon City",MMDA Road Safety Unit,,5e4de151-6b4d-45dc-a5d5-0fe020497386,2014-11-17,05:00:00,EDSA Main Ave.  Quezon City,0,0,0,0,0,0,0,0,0,0,2014-11-17 13:00,Property,14.61107337,121.0550705,Multiple
None,EDSA,None,None,"No Accident Factor, Angle Impact, 0.0 drivers_injured, 0.0 drivers_killed, 0.0 passengers_injured, 0.0 passengers_killed, 0.0 pedestrian_injured, 0.0 pedestrian_killed, Fair (Day), EDSA East Ave.  Quezon City",MMDA Road Safety Unit,,343d38e8-fcb5-4935-8278-fa3688cfecbb,2014-11-17,02:50:00,EDSA K-3rd St.  Quezon City,0,0,0,0,0,0,0,0,0,0,2014-11-17 10:50,Property,14.6328297,121.0451176,Angle Impact
None,EDSA,None,None,"No Accident Factor, No Collision Stated (based on Police Blotter Book), 0.0 drivers_injured, 0.0 drivers_killed, 0.0 passengers_injured, 0.0 passengers_killed, 0.0 pedestrian_injured, 0.0 pedestrian_killed, Fair (Day), EDSA Bansalangin St.  Quezon City",MMDA Road Safety Unit,,ab4831e4-fea2-4abb-a6de-de3023bb602c,2014-11-16,22:45:00,EDSA Timog Ave.  Quezon City,0,0,0,0,0,0,0,0,0,0,2014-11-17 6:45,Property,14.6567996,121.0241845,No Collision Stated
None,EDSA,None,None,"No Accident Factor, Rear-end, 0.0 drivers_injured, 0.0 drivers_killed, 0.0 passengers_injured, 0.0 passengers_killed, 0.0 pedestrian_injured, 0.0 pedestrian_killed, Fair (Day), EDSA Balintawak Market    Quezon City",MMDA Road Safety Unit,,ac183736-37a9-4149-b200-bb3adaf893be,2014-11-16,09:45:00,EDSA Corregidor St. Quezon City,0,0,0,0,0,0,0,0,0,0,2014-11-16 17:45,Property,14.65740947,121.0025737,Rear-End
None,EDSA,None,None,"No Accident Factor, Rear-end, 0.0 drivers_injured, 0.0 drivers_killed, 0.0 passengers_injured, 0.0 passengers_killed, 0.0 pedestrian_injured, 0.0 pedestrian_killed, Fair (Day), EDSA Roosevelt Ave.  Quezon City",MMDA Road Safety Unit,,e993a8f8-b513-49cf-a75b-aaded0860c74,2014-11-16,01:25:00,EDSA East Ave. Quezon City,0,0,0,0,0,0,0,0,0,0,2014-11-16 9:25,Property,14.65762047,121.0196373,Rear-End
None,EDSA,None,None,"No Accident Factor, Rear-end, 0.0 drivers_injured, 0.0 drivers_killed, 0.0 passengers_injured, 0.0 passengers_killed, 0.0 pedestrian_injured, 0.0 pedestrian_killed, Fair (Day), EDSA Balintawak Market (SB)  Quezon City",MMDA Road Safety Unit,,c33cae69-5296-4b27-af8a-0817884acac0,2014-11-16,00:25:00,EDSA Timog Ave.  Quezon City,0,0,0,0,0,0,0,0,0,0,2014-11-16 8:25,Property,14.65740947,121.0025737,Rear-End
None,EDSA,None,None,"No Accident Factor, No Collision Stated (based on Police Blotter Book), 0.0 drivers_injured, 0.0 drivers_killed, 0.0 passengers_injured, 0.0 passengers_killed, 0.0 pedestrian_injured, 0.0 pedestrian_killed, Fair (Day), EDSA Aurora Blvd.    Quezon City",MMDA Road Safety Unit,,057505dd-94b3-4f4e-9a5c-15f9151c17bf,2014-11-15,07:25:00,EDSA Ermin Garcia St.  Quezon City,0,0,0,0,0,0,0,0,0,0,2014-11-15 15:25,Property,14.6217569,121.0502544,No Collision Stated
None,EDSA,None,None,"No Accident Factor, No Collision Stated (based on Police Blotter Book), 0.0 drivers_injured, 0.0 drivers_killed, 0.0 passengers_injured, 0.0 passengers_killed, 0.0 pedestrian_injured, 0.0 pedestrian_killed, Fair (Day), EDSA Aurora Blvd. Intersection  Quezon City",MMDA Road Safety Unit,,4774be2a-7f39-4c88-b522-658ae7aa516c,2014-11-15,04:55:00,EDSA Mapagmahal St.  Quezon City,0,0,0,0,0,0,0,0,0,0,2014-11-15 12:55,Property,14.62151658,121.0501092,No Collision Stated
None,EDSA,None,None,"No Accident Factor, Rear-end, 0.0 drivers_injured, 0.0 drivers_killed, 0.0 passengers_injured, 0.0 passengers_killed, 0.0 pedestrian_injured, 0.0 pedestrian_killed, Fair (Day), EDSA Col. Bonny Serrano Ave.  Quezon City",MMDA Road Safety Unit,,aace2b13-0b76-4a9f-bb45-a67df82416e9,2014-11-15,03:55:00,EDSA  Roosevelt Ave.  Quezon City,0,0,0,0,0,0,0,0,0,0,2014-11-15 11:55,Property,14.61107337,121.0550705,Rear-End
None,EDSA,None,None,"No Accident Factor, Rear-end, 0.0 drivers_injured, 0.0 drivers_killed, 0.0 passengers_injured, 0.0 passengers_killed, 0.0 pedestrian_injured, 0.0 pedestrian_killed, Fair (Day), EDSA Camp Aguinaldo Gate 5, Socorro Quezon City",MMDA Road Safety Unit,,8d08e62f-af66-42c6-86cd-6b81855992f5,2014-11-15,02:30:00,EDSA North Ave. Quezon City,0,0,0,0,0,0,0,0,0,0,2014-11-15 10:30,Property,14.60477522,121.0579201,Rear-End
None,EDSA,None,None,"No Accident Factor, Hit Object (Fence/Wall-See-thru, MMDA), 0.0 drivers_injured, 0.0 drivers_killed, 0.0 passengers_injured, 0.0 passengers_killed, 0.0 pedestrian_injured, 0.0 pedestrian_killed, Fair (Day), EDSA DPWH, Pinyahan  Quezon City",MMDA Road Safety Unit,,45283712-60e9-463c-a4f5-28a20963d80b,2014-11-14,23:35:00,EDSA Corregidor St. Quezon City,0,0,0,0,0,0,0,0,0,0,2014-11-15 7:35,Property,14.63477638,121.0438836,Hit Object
None,EDSA,None,None,"No Accident Factor, Side Swipe, 1.0 drivers_injured, 0.0 drivers_killed, 1.0 passengers_injured, 0.0 passengers_killed, 0.0 pedestrian_injured, 0.0 pedestrian_killed, Fair (Day), EDSA East Ave. (7-11 Store) Quezon City",MMDA Road Safety Unit,,1371097e-62dd-4a44-b3b5-046b5ebc97b4,2014-11-14,22:00:00,EDSA  New York St.  Quezon City,0,0,0,1,1,0,0,0,0,2,2014-11-15 6:00,Injury,14.6328297,121.0451176,Side Swipe
None,EDSA,None,None,"No Accident Factor, No Collision Stated (based on Police Blotter Book), 0.0 drivers_injured, 0.0 drivers_killed, 0.0 passengers_injured, 0.0 passengers_killed, 0.0 pedestrian_injured, 0.0 pedestrian_killed, Fair (Night), EDSA E. Garcia St.  Quezon City",MMDA Road Safety Unit,,45fc97dd-345f-4f81-9875-3e3cea1898b8,2014-11-14,12:45:00,EDSA SM North Bus Bay Quezon City,0,0,0,0,0,0,0,0,0,0,2014-11-14 20:45,Property,14.62742033,121.0475769,No Collision Stated
None,EDSA,None,None,"No Accident Factor, Side Swipe, 0.0 drivers_injured, 0.0 drivers_killed, 0.0 passengers_injured, 0.0 passengers_killed, 0.0 pedestrian_injured, 0.0 pedestrian_killed, Fair (Day), EDSA Fema Road Quezon City",MMDA Road Safety Unit,,dcd8440a-f524-4d5e-b498-4be08cba5801,2014-11-14,09:55:00,EDSA P. Tuazon Blvd.  Quezon City,0,0,0,0,0,0,0,0,0,0,2014-11-14 17:55,Property,14.65776837,121.0159521,Side Swipe
None,EDSA,None,None,"No Accident Factor, No Collision Stated (based on Police Blotter Book), 0.0 drivers_injured, 0.0 drivers_killed, 0.0 passengers_injured, 0.0 passengers_killed, 0.0 pedestrian_injured, 0.0 pedestrian_killed, Fair (Day), EDSA Mindanao Ave. Extn. Quezon City",MMDA Road Safety Unit,,225b92ee-d576-4238-b521-3533f8a7e88c,2014-11-14,09:30:00,EDSA NIA Road Quezon City,0,0,0,0,0,0,0,0,0,0,2014-11-14 17:30,Property,14.65052386,121.0335656,No Collision Stated
None,EDSA,None,None,"No Accident Factor, Angle Impact, 0.0 drivers_injured, 0.0 drivers_killed, 0.0 passengers_injured, 0.0 passengers_killed, 0.0 pedestrian_injured, 0.0 pedestrian_killed, Fair (Day), EDSA  ""U"" turn slot, Camp Crame  Quezon City",MMDA Road Safety Unit,,342b40f8-e477-41d7-85a8-0bd2f3300196,2014-11-14,08:15:00,EDSA West Ave. Quezon City,0,0,0,0,0,0,0,0,0,0,2014-11-14 16:15,Property,14.61044178,121.0553142,Angle Impact
None,EDSA,None,None,"No Accident Factor, No Collision Stated (based on Police Blotter Book), 0.0 drivers_injured, 0.0 drivers_killed, 0.0 passengers_injured, 0.0 passengers_killed, 0.0 pedestrian_injured, 0.0 pedestrian_killed, Fair (Day), EDSA E. Garcia St.  Quezon City",MMDA Road Safety Unit,,997657df-45c3-431c-8a27-0d45281108a5,2014-11-14,04:15:00,EDSA Quezon Ave. Quezon City,0,0,0,0,0,0,0,0,0,0,2014-11-14 12:15,Property,14.62742033,121.0475769,No Collision Stated
None,EDSA,None,None,"No Accident Factor, No Collision Stated (based on Police Blotter Book), 0.0 drivers_injured, 0.0 drivers_killed, 0.0 passengers_injured, 0.0 passengers_killed, 0.0 pedestrian_injured, 0.0 pedestrian_killed, Fair (Day), EDSA K-3rd St.  Quezon City",MMDA Road Safety Unit,,f8adfac6-0938-4eb5-a05c-64c192dad3d6,2014-11-14,03:45:00,EDSA Main Ave. Quezon City,0,0,0,0,0,0,0,0,0,0,2014-11-14 11:45,Property,14.62942357,121.0463854,No Collision Stated
None,EDSA,None,None,"No Accident Factor, Rear-end, 0.0 drivers_injured, 0.0 drivers_killed, 0.0 passengers_injured, 0.0 passengers_killed, 0.0 pedestrian_injured, 0.0 pedestrian_killed, Fair (Day), EDSA  ""U"" turn slot, GMA-7 Quezon City",MMDA Road Safety Unit,,a1c2b747-705f-4909-b2ab-93e03579e80e,2014-11-14,02:15:00,"EDSA Nepa Q-Mart, E. Rodriguez  Quezon City",0,0,0,0,0,0,0,0,0,0,2014-11-14 10:15,Property,14.63382989,121.0443524,Rear-End
None,EDSA,None,None,"No Accident Factor, No Collision Stated (based on Police Blotter Book), 0.0 drivers_injured, 0.0 drivers_killed, 0.0 passengers_injured, 0.0 passengers_killed, 0.0 pedestrian_injured, 0.0 pedestrian_killed, Fair (Night), EDSA Congressional Ave.  Quezon City",MMDA Road Safety Unit,,4a087e09-76d2-47c7-b3b0-dbbb04f8efa7,2014-11-13,12:00:00,EDSA  7-11 Store South Triangle  Quezon City,0,0,0,0,0,0,0,0,0,0,2014-11-13 20:00,Property,14.6571804,120.9927185,No Collision Stated
None,EDSA,None,None,"No Accident Factor, Hit and Run (Side Swipe), 0.0 drivers_injured, 0.0 drivers_killed, 0.0 passengers_injured, 0.0 passengers_killed, 0.0 pedestrian_injured, 0.0 pedestrian_killed, Fair (Day), EDSA Col. Bonny Serrano Ave. (Camp Aguinaldo) Quezon City",MMDA Road Safety Unit,,3623de1b-cb24-4f60-b01c-9f68c73341eb,2014-11-13,05:45:00,EDSA Congressional Ave. Quezon City,0,0,0,0,0,0,0,0,0,0,2014-11-13 13:45,Property,14.61107337,121.0550705,Side Swipe
None,EDSA,None,None,"No Accident Factor, Hit and Run (Rear-end), 0.0 drivers_injured, 0.0 drivers_killed, 0.0 passengers_injured, 0.0 passengers_killed, 0.0 pedestrian_injured, 0.0 pedestrian_killed, Fair (Day), EDSA Five Star Bus Terminal, Cubao  Quezon City",MMDA Road Safety Unit,,6433b070-3bb6-4cab-8163-0d6e2d4c6c6e,2014-11-13,05:40:00,EDSA Monte De Piedad St.  Quezon City,0,0,0,0,0,0,0,0,0,0,2014-11-13 13:40,Property,14.62375691,121.0492447,Rear-End
None,EDSA,None,None,"No Accident Factor, Rear-end, 0.0 drivers_injured, 0.0 drivers_killed, 0.0 passengers_injured, 0.0 passengers_killed, 0.0 pedestrian_injured, 0.0 pedestrian_killed, Fair (Night), EDSA Col. Bonny Serrano Ave.  Quezon City",MMDA Road Safety Unit,,094326ab-869a-43e8-aa3e-4ab63578f1fc,2014-11-12,11:00:00,EDSA  New York St.  Quezon City,0,0,0,0,0,0,0,0,0,0,2014-11-12 19:00,Property,14.61107337,121.0550705,Rear-End
None,EDSA,None,None,"No Accident Factor, No Collision Stated (based on Police Blotter Book), 0.0 drivers_injured, 0.0 drivers_killed, 0.0 passengers_injured, 0.0 passengers_killed, 0.0 pedestrian_injured, 0.0 pedestrian_killed, Fair (Day), EDSA Roosevelt Ave.  Quezon City",MMDA Road Safety Unit,,76eb099b-2a8f-4f2f-a061-4fabaa23c1b6,2014-11-12,09:00:00,EDSA P. Tuazon  Quezon City,0,0,0,0,0,0,0,0,0,0,2014-11-12 17:00,Property,14.65762047,121.0196373,No Collision Stated
None,EDSA,None,None,"No Accident Factor, Side Swipe, 0.0 drivers_injured, 0.0 drivers_killed, 0.0 passengers_injured, 0.0 passengers_killed, 0.0 pedestrian_injured, 0.0 pedestrian_killed, Fair (Day), EDSA Victory Liner Bus Terminal Quezon City",MMDA Road Safety Unit,,155bcf8a-a5ae-451c-a721-37c93c0f6fe8,2014-11-12,06:15:00,EDSA Col. Bonny Serrano Ave.  Quezon City,0,0,0,0,0,0,0,0,0,0,2014-11-12 14:15,Property,14.63209398,121.0454876,Side Swipe
None,EDSA,None,None,"No Accident Factor, Rear-end, 0.0 drivers_injured, 0.0 drivers_killed, 0.0 passengers_injured, 0.0 passengers_killed, 0.0 pedestrian_injured, 0.0 pedestrian_killed, Fair (Day), EDSA P. Tuazon St. Quezon City",MMDA Road Safety Unit,,405d0be2-181c-4604-bcb2-4135d3743091,2014-11-12,04:00:00,EDSA East Ave. Quezon City,0,0,0,0,0,0,0,0,0,0,2014-11-12 12:00,Property,14.61656342,121.0525225,Rear-End
None,EDSA,None,None,"No Accident Factor, Hit and Run (No Collision Stated), 0.0 drivers_injured, 0.0 drivers_killed, 0.0 passengers_injured, 0.0 passengers_killed, 0.0 pedestrian_injured, 0.0 pedestrian_killed, Fair (Night), EDSA ""U"" turn slot, Ramon Magsaysay Quezon City",MMDA Road Safety Unit,,5ea5a225-cf5d-47ba-9500-cafe8c72f2f3,2014-11-11,14:40:00,EDSA Cloverleaf Road Quezon City,0,0,0,0,0,0,0,0,0,0,2014-11-11 22:40,Property,14.65655357,121.0260701,No Collision Stated
None,EDSA,None,None,"No Accident Factor, Side Swipe, 1.0 drivers_injured, 0.0 drivers_killed, 0.0 passengers_injured, 0.0 passengers_killed, 0.0 pedestrian_injured, 0.0 pedestrian_killed, Fair (Day), EDSA East Ave. Quezon City",MMDA Road Safety Unit,,c3a618b6-50bc-4462-8f97-3fe099b01bc4,2014-11-11,03:30:00,EDSA Panay Ave.  Quezon City,0,0,0,1,0,0,0,0,0,1,2014-11-11 11:30,Injury,14.6328297,121.0451176,Side Swipe
None,EDSA,None,None,"No Accident Factor, Rear-end, 0.0 drivers_injured, 0.0 drivers_killed, 0.0 passengers_injured, 0.0 passengers_killed, 0.0 pedestrian_injured, 0.0 pedestrian_killed, Fair (Day), EDSA Corinthian Garden Subdivision, Ugong Norte Quezon City",MMDA Road Safety Unit,,8c441778-a3b4-4b37-ba09-acdf468de6f4,2014-11-11,03:00:00,EDSA North Ave. Quezon City,0,0,0,0,0,0,0,0,0,0,2014-11-11 11:00,Property,14.59580783,121.0595248,Rear-End
None,EDSA,None,None,"No Accident Factor, No Collision Stated (based on Police Blotter Book), 0.0 drivers_injured, 0.0 drivers_killed, 0.0 passengers_injured, 0.0 passengers_killed, 0.0 pedestrian_injured, 0.0 pedestrian_killed, Fair (Night), EDSA K-3rd St.  Quezon City",MMDA Road Safety Unit,,e667d314-0515-45b5-9bb4-ae2c2a99ad52,2014-11-10,10:30:00,EDSA North Ave. Quezon City,0,0,0,0,0,0,0,0,0,0,2014-11-10 18:30,Property,14.62942357,121.0463854,No Collision Stated
None,EDSA,None,None,"No Accident Factor, Side Swipe, 0.0 drivers_injured, 0.0 drivers_killed, 0.0 passengers_injured, 0.0 passengers_killed, 0.0 pedestrian_injured, 0.0 pedestrian_killed, Fair (Day), EDSA  West Ave.  Quezon City",MMDA Road Safety Unit,,dcaf9617-25b0-4808-a15e-f5a40f5a42cd,2014-11-10,05:45:00,EDSA Kamuning Road  Quezon City,0,0,0,0,0,0,0,0,0,0,2014-11-10 13:45,Property,14.65563162,121.0296814,Side Swipe
None,EDSA,None,None,"No Accident Factor, No Collision Stated (based on Police Blotter Book), 0.0 drivers_injured, 0.0 drivers_killed, 0.0 passengers_injured, 0.0 passengers_killed, 0.0 pedestrian_injured, 0.0 pedestrian_killed, Fair (Day), EDSA Camp Crame  Quezon City",MMDA Road Safety Unit,,3da5ef9f-1036-4059-ac9b-58fe7f737963,2014-11-10,01:25:00,EDSA North Ave. Quezon City,0,0,0,0,0,0,0,0,0,0,2014-11-10 9:25,Property,14.6571804,120.9927185,No Collision Stated
None,EDSA,None,None,"No Accident Factor, Rear-end, 0.0 drivers_injured, 0.0 drivers_killed, 0.0 passengers_injured, 0.0 passengers_killed, 0.0 pedestrian_injured, 0.0 pedestrian_killed, Fair (Day), EDSA P. Tuason Blvd.  Quezon City",MMDA Road Safety Unit,,af325c16-36de-4ac3-bf59-36054647aa1a,2014-11-09,23:45:00,"EDSA ""U"" turn slot, Col. Bonny Serrano Ave.  Quezon City",0,0,0,0,0,0,0,0,0,0,2014-11-10 7:45,Property,14.61656342,121.0525225,Rear-End
None,EDSA,None,None,"No Accident Factor, No Collision Stated (based on Police Blotter Book), 0.0 drivers_injured, 0.0 drivers_killed, 0.0 passengers_injured, 0.0 passengers_killed, 0.0 pedestrian_injured, 0.0 pedestrian_killed, Fair (Day), EDSA ""U"" turn slot, Quezon Ave. Quezon City",MMDA Road Safety Unit,,857e422f-994a-4fad-bcb4-bb7e58ea0699,2014-11-08,23:40:00,EDSA Royal  Quezon City,0,0,0,0,0,0,0,0,0,0,2014-11-09 7:40,Property,14.64518409,121.0368843,No Collision Stated
None,EDSA,None,None,"No Accident Factor, Rear-end, 0.0 drivers_injured, 0.0 drivers_killed, 0.0 passengers_injured, 0.0 passengers_killed, 0.0 pedestrian_injured, 0.0 pedestrian_killed, Fair (Day), EDSA E. Garcia St.  Quezon City",MMDA Road Safety Unit,,334cb589-8ae0-4fed-858e-d7c7acb9f39a,2014-11-08,08:30:00,EDSA Roosevelt Ave. Quezon City,0,0,0,0,0,0,0,0,0,0,2014-11-08 16:30,Property,14.62742033,121.0475769,Rear-End
None,EDSA,None,None,"No Accident Factor, Side Swipe, 0.0 drivers_injured, 0.0 drivers_killed, 0.0 passengers_injured, 0.0 passengers_killed, 0.0 pedestrian_injured, 0.0 pedestrian_killed, Fair (Day), EDSA Ortigas Ave., Robinson Galleria Quezon City",MMDA Road Safety Unit,,6371478e-0103-46bf-9564-cddfbecb43fd,2014-11-08,08:30:00,EDSA Monte De Piedad St.  Quezon City,0,0,0,0,0,0,0,0,0,0,2014-11-08 16:30,Property,14.59275486,121.0584221,Side Swipe
None,EDSA,None,None,"No Accident Factor, Rear-end, 0.0 drivers_injured, 0.0 drivers_killed, 0.0 passengers_injured, 0.0 passengers_killed, 0.0 pedestrian_injured, 0.0 pedestrian_killed, Fair (Day), EDSA Col. Bonny Serrano Ave. Quezon City",MMDA Road Safety Unit,,081f6a4a-5db5-48cb-b694-a621ce115d42,2014-11-08,03:30:00,EDSA Scout Borromeo St. Quezon City,0,0,0,0,0,0,0,0,0,0,2014-11-08 11:30,Property,14.61107337,121.0550705,Rear-End
None,EDSA,None,None,"No Accident Factor, Multiple Collision, 0.0 drivers_injured, 0.0 drivers_killed, 0.0 passengers_injured, 0.0 passengers_killed, 0.0 pedestrian_injured, 0.0 pedestrian_killed, Fair (Day), EDSA Aurora Blvd.  Quezon City",MMDA Road Safety Unit,,cc0dcdc3-8dfd-48d1-a6b5-1722593f0959,2014-11-07,23:45:00,EDSA Eton Centris Exit Quezon City,0,0,0,0,0,0,0,0,0,0,2014-11-08 7:45,Property,14.6217569,121.0502544,Multiple
None,EDSA,None,None,"No Accident Factor, Hit Object (No Object Stated), 0.0 drivers_injured, 0.0 drivers_killed, 0.0 passengers_injured, 0.0 passengers_killed, 0.0 pedestrian_injured, 0.0 pedestrian_killed, Fair (Day), EDSA ""U"" turn slot, West Triangle  Quezon City",MMDA Road Safety Unit,,a80a02f9-6a25-4400-98a9-64c8d9930e4e,2014-11-07,22:00:00,EDSA Quezon Ave. Quezon City,0,0,0,0,0,0,0,0,0,0,2014-11-08 6:00,Property,14.6535656,121.0313502,Angle Impact
None,EDSA,None,None,"No Accident Factor, Side Swipe, 0.0 drivers_injured, 0.0 drivers_killed, 0.0 passengers_injured, 0.0 passengers_killed, 0.0 pedestrian_injured, 0.0 pedestrian_killed, Fair (Night), EDSA Roosevelt Ave.  Quezon City",MMDA Road Safety Unit,,be252616-abe8-4147-82e7-6de672f49123,2014-11-07,12:00:00,EDSA Boni Serrano St.  Quezon City,0,0,0,0,0,0,0,0,0,0,2014-11-07 20:00,Property,14.65762047,121.0196373,Side Swipe
None,EDSA,None,None,"No Accident Factor, No Collision Stated (based on Police Blotter Book), 1.0 drivers_injured, 0.0 drivers_killed, 0.0 passengers_injured, 0.0 passengers_killed, 0.0 pedestrian_injured, 0.0 pedestrian_killed, Fair (Night), EDSA P. Tuazon Blvd. (SB)  Quezon City",MMDA Road Safety Unit,,27aee96f-321e-4f54-8ad9-4ac273ed70bf,2014-11-07,10:55:00,EDSA Col. Bonny Serrano Ave. Service Road Quezon City,0,0,0,1,0,0,0,0,0,1,2014-11-07 18:55,Injury,14.61656342,121.0525225,No Collision Stated
None,EDSA,None,None,"No Accident Factor, No Collision Stated (based on Police Blotter Book), 0.0 drivers_injured, 0.0 drivers_killed, 0.0 passengers_injured, 0.0 passengers_killed, 0.0 pedestrian_injured, 0.0 pedestrian_killed, Fair (Day), EDSA Misamis St. Quezon City",MMDA Road Safety Unit,,3f57520f-3aed-4e3c-8d7a-2a3be951d084,2014-11-07,07:30:00,EDSA Quezon Ave. Mc Donalds Quezon City,0,0,0,0,0,0,0,0,0,0,2014-11-07 15:30,Property,14.65602348,121.0285212,No Collision Stated
None,EDSA,None,None,"No Accident Factor, Rear-end, 0.0 drivers_injured, 0.0 drivers_killed, 0.0 passengers_injured, 0.0 passengers_killed, 0.0 pedestrian_injured, 0.0 pedestrian_killed, Fair (Day), EDSA DPWH, Pinyahan Quezon City",MMDA Road Safety Unit,,512f80ec-6e94-4de8-b745-a2aba45e990f,2014-11-07,07:00:00,EDSA West Ave.  Quezon City,0,0,0,0,0,0,0,0,0,0,2014-11-07 15:00,Property,14.63477638,121.0438836,Rear-End
None,EDSA,None,None,"No Accident Factor, Side Swipe, 0.0 drivers_injured, 0.0 drivers_killed, 0.0 passengers_injured, 0.0 passengers_killed, 0.0 pedestrian_injured, 0.0 pedestrian_killed, Fair (Day), EDSA ""U"" turn slot, GMA- 7  Quezon City",MMDA Road Safety Unit,,a7455c87-b9f9-43c6-8e40-531bc244a38a,2014-11-07,03:00:00,EDSA Kamias Road Quezon City,0,0,0,0,0,0,0,0,0,0,2014-11-07 11:00,Property,14.63376993,121.0443308,Side Swipe