LOCATION_TEXT,ROAD,WEATHER,LIGHT,DESC,REPORTING_AGENCY,MAIN_CAUSE,INCIDENTDETAILS_ID,DATE_UTC,TIME_UTC,ADDRESS,killed_driver,killed_passenger,killed_pedestrian,injured_driver,injured_passenger,injured_pedestrian,killed_uncategorized,injured_uncategorized,killed_total,injured_total,DATETIME_PST,SEVERITY,Y,X,COLLISION_TYPE
None,EDSA,None,None,"No Accident Factor, Side Swipe, 0.0 drivers_injured, 0.0 drivers_killed, 0.0 passengers_injured, 0.0 passengers_killed, 0.0 pedestrian_injured, 0.0 pedestrian_killed, Fair (Day), EDSA Col. Bonny Serrano Ave. Quezon City",MMDA Road Safety Unit,,aa896b22-70f0-4b94-8710-aa47c0d70736,2014-11-07,00:50:00,"EDSA Five Star Bus Terminal, E. Rodriguez Quezon City",0,0,0,0,0,0,0,0,0,0,2014-11-07 8:50,Property,14.61107337,121.0550705,Side Swipe
None,EDSA,None,None,"No Accident Factor, Rear-end, 0.0 drivers_injured, 0.0 drivers_killed, 0.0 passengers_injured, 0.0 passengers_killed, 0.0 pedestrian_injured, 0.0 pedestrian_killed, Fair (Night), EDSA White Plains Ave. Quezon City",MMDA Road Safety Unit,,9659c891-b66f-4fd2-bbdb-c03d1105580b,2014-11-06,16:20:00,EDSA Misamis St. Quezon City,0,0,0,0,0,0,0,0,0,0,2014-11-07 0:20,Property,14.59961782,121.0596522,Rear-End
None,EDSA,None,None,"No Accident Factor, Rear-end, 0.0 drivers_injured, 0.0 drivers_killed, 0.0 passengers_injured, 0.0 passengers_killed, 0.0 pedestrian_injured, 0.0 pedestrian_killed, Fair (Night), EDSA Mapagmahal St. Quezon City",MMDA Road Safety Unit,,e5881995-c6d4-47d3-af95-09e4c543189b,2014-11-06,14:05:00,EDSA Misamis St. Quezon City,0,0,0,0,0,0,0,0,0,0,2014-11-06 22:05,Property,14.63185046,121.0455315,Rear-End
None,EDSA,None,None,"No Accident Factor, Side Swipe, 0.0 drivers_injured, 0.0 drivers_killed, 0.0 passengers_injured, 0.0 passengers_killed, 0.0 pedestrian_injured, 0.0 pedestrian_killed, Fair (Night), EDSA North Ave. Quezon City",MMDA Road Safety Unit,,a5a55e82-6671-46d6-93e7-ca92a5165172,2014-11-06,13:00:00,EDSA Quezon Ave. Quezon City,0,0,0,0,0,0,0,0,0,0,2014-11-06 21:00,Property,14.65553839,121.0299647,Side Swipe
None,EDSA,None,None,"No Accident Factor, Rear-end, 0.0 drivers_injured, 0.0 drivers_killed, 0.0 passengers_injured, 0.0 passengers_killed, 0.0 pedestrian_injured, 0.0 pedestrian_killed, Fair (Day), EDSA White Plains Ave. Quezon City",MMDA Road Safety Unit,,97d4c7d1-6c40-4d05-a48a-70a6dc59f0b0,2014-11-06,06:40:00,EDSA North Ave. Quezon City,0,0,0,0,0,0,0,0,0,0,2014-11-06 14:40,Property,14.59961782,121.0596522,Rear-End
None,EDSA,None,None,"No Accident Factor, Rear-end, 0.0 drivers_injured, 0.0 drivers_killed, 0.0 passengers_injured, 0.0 passengers_killed, 0.0 pedestrian_injured, 0.0 pedestrian_killed, Fair (Day), EDSA E. Garcia St.  Quezon City",MMDA Road Safety Unit,,5b36d7c8-a491-4004-a36d-faa42b2da3ca,2014-11-06,05:05:00,EDSA Paramount Loading Bay Philam  Quezon City,0,0,0,0,0,0,0,0,0,0,2014-11-06 13:05,Property,14.62742033,121.0475769,Rear-End
None,EDSA,None,None,"No Accident Factor, Rear-end, 0.0 drivers_injured, 0.0 drivers_killed, 0.0 passengers_injured, 0.0 passengers_killed, 0.0 pedestrian_injured, 0.0 pedestrian_killed, Fair (Day), EDSA Farmers Plaza, Socorro Quezon City",MMDA Road Safety Unit,,85fb6181-3c6f-46f5-8b74-70280d09da48,2014-11-05,07:45:00,EDSA Monte De Piedad St.  Quezon City,0,0,0,0,0,0,0,0,0,0,2014-11-05 15:45,Property,14.61920525,121.0513476,Rear-End
None,EDSA,None,None,"No Accident Factor, Hit Parked Vehicle, 0.0 drivers_injured, 0.0 drivers_killed, 0.0 passengers_injured, 0.0 passengers_killed, 0.0 pedestrian_injured, 0.0 pedestrian_killed, Fair (Day), EDSA Main Ave. (Hypermarket Parking Lot) Quezon City",MMDA Road Safety Unit,,2c35f755-04f8-4d2a-95a8-db2bcf2ee9d7,2014-11-05,05:00:00,EDSA Cloverleaf Drive  Quezon City,0,0,0,0,0,0,0,0,0,0,2014-11-05 13:00,Property,14.61376458,121.0537933,Hit Object
None,EDSA,None,None,"No Accident Factor, No Collision Stated (based on Police Blotter Book), 0.0 drivers_injured, 0.0 drivers_killed, 0.0 passengers_injured, 0.0 passengers_killed, 0.0 pedestrian_injured, 0.0 pedestrian_killed, Fair (Day), EDSA SM Entrance Gate Quezon City",MMDA Road Safety Unit,,290eaab0-d77e-47f9-b883-80f61a6e36a2,2014-11-05,04:35:00,EDSA P. Tuazon Blvd. Quezon City,0,0,0,0,0,0,0,0,0,0,2014-11-05 12:35,Property,14.6142289,121.0535621,No Collision Stated
None,EDSA,None,None,"No Accident Factor, Side Swipe, 0.0 drivers_injured, 0.0 drivers_killed, 0.0 passengers_injured, 0.0 passengers_killed, 0.0 pedestrian_injured, 0.0 pedestrian_killed, Fair (Day), EDSA East Ave. Quezon City",MMDA Road Safety Unit,,a6aa9594-866b-4089-8c6a-136d1b053931,2014-11-05,03:30:00,EDSA Ermin Garcia St.  Quezon City,0,0,0,0,0,0,0,0,0,0,2014-11-05 11:30,Property,14.6328297,121.0451176,Side Swipe
None,EDSA,None,None,"No Accident Factor, No Collision Stated (based on Police Blotter Book), 0.0 drivers_injured, 0.0 drivers_killed, 0.0 passengers_injured, 0.0 passengers_killed, 0.0 pedestrian_injured, 0.0 pedestrian_killed, Fair (Day), EDSA Alps Bus Terminal  Quezon City",MMDA Road Safety Unit,,c13bf4f3-26be-4c5f-bd67-344ed9016191,2014-11-05,03:05:00,EDSA P. Tuazon Blvd.  Quezon City,0,0,0,0,0,0,0,0,0,0,2014-11-05 11:05,Property,14.62733952,121.0473505,No Collision Stated
None,EDSA,None,None,"No Accident Factor, Rear-end, 0.0 drivers_injured, 0.0 drivers_killed, 0.0 passengers_injured, 0.0 passengers_killed, 0.0 pedestrian_injured, 0.0 pedestrian_killed, Fair (Day), EDSA Oliveros St.  Quezon City",MMDA Road Safety Unit,,8fc3edec-ce3a-4185-941a-e3210411c9fe,2014-11-05,02:00:00,EDSA South Road St.  Quezon City,0,0,0,0,0,0,0,0,0,0,2014-11-05 10:00,Property,14.65762799,121.0065288,Rear-End
None,EDSA,None,None,"No Accident Factor, Rear-end, 0.0 drivers_injured, 0.0 drivers_killed, 0.0 passengers_injured, 0.0 passengers_killed, 0.0 pedestrian_injured, 0.0 pedestrian_killed, Fair (Night), EDSA East Ave. Quezon City",MMDA Road Safety Unit,,99171573-e455-44df-a21b-ce589c3bb8ac,2014-11-04,12:00:00,EDSA K-3rd St. Quezon City,0,0,0,0,0,0,0,0,0,0,2014-11-04 20:00,Property,14.6328297,121.0451176,Rear-End
None,EDSA,None,None,"No Accident Factor, No Collision Stated (based on Police Blotter Book), 0.0 drivers_injured, 0.0 drivers_killed, 0.0 passengers_injured, 0.0 passengers_killed, 0.0 pedestrian_injured, 0.0 pedestrian_killed, Fair (Night), EDSA ""U"" turn slot, GMA-7 Bldg.  Quezon City",MMDA Road Safety Unit,,319cbfb0-af04-4a1d-8cd8-e26a90469a57,2014-11-04,11:15:00,"EDSA ""U"" turn slot, MRT North Ave Station. Quezon City",0,0,0,0,0,0,0,0,0,0,2014-11-04 19:15,Property,14.63376993,121.0443308,No Collision Stated
None,EDSA,None,None,"No Accident Factor, No Collision Stated (based on Police Blotter Book), 0.0 drivers_injured, 0.0 drivers_killed, 0.0 passengers_injured, 0.0 passengers_killed, 0.0 pedestrian_injured, 0.0 pedestrian_killed, Fair (Night), EDSA SM North, Sto. Cristo Quezon City",MMDA Road Safety Unit,,0bbb01d9-d0c6-4289-98d3-32b71b0a40d2,2014-11-04,10:20:00,"EDSA Baliwag Bus Terminal, E. Rodriguez Quezon City",0,0,0,0,0,0,0,0,0,0,2014-11-04 18:20,Property,14.65645143,121.0271077,No Collision Stated
None,EDSA,None,None,"No Accident Factor, No Collision Stated (based on Police Blotter Book), 0.0 drivers_injured, 0.0 drivers_killed, 0.0 passengers_injured, 0.0 passengers_killed, 0.0 pedestrian_injured, 0.0 pedestrian_killed, Fair (Day), EDSA Royal St.  Quezon City",MMDA Road Safety Unit,,7d1f949e-e2ff-4e55-a992-03bb80852ab7,2014-11-04,09:50:00,EDSA Whiteplains Ave.  Quezon City,0,0,0,0,0,0,0,0,0,0,2014-11-04 17:50,Property,14.65767141,121.0107008,No Collision Stated
None,EDSA,None,None,"No Accident Factor, No Collision Stated (based on Police Blotter Book), 0.0 drivers_injured, 0.0 drivers_killed, 0.0 passengers_injured, 0.0 passengers_killed, 0.0 pedestrian_injured, 0.0 pedestrian_killed, Fair (Day), EDSA Timog Ave.  Quezon City",MMDA Road Safety Unit,,d0b615ff-be53-4f13-a7c9-7ff563b96541,2014-11-04,08:45:00,EDSA Aurora Blvd. Quezon City,0,0,0,0,0,0,0,0,0,0,2014-11-04 16:45,Property,14.63293559,121.0446304,No Collision Stated
None,EDSA,None,None,"No Accident Factor, Side Swipe, 0.0 drivers_injured, 0.0 drivers_killed, 0.0 passengers_injured, 0.0 passengers_killed, 0.0 pedestrian_injured, 0.0 pedestrian_killed, Fair (Day), EDSA Cubao Quezon City",MMDA Road Safety Unit,,bdf2d85b-a8f5-437c-84d2-6510c0bbc0e8,2014-11-04,07:20:00,EDSA Misamis St. Quezon City,0,0,0,0,0,0,0,0,0,0,2014-11-04 15:20,Property,14.61956389,121.0510595,Side Swipe
None,EDSA,None,None,"No Accident Factor, No Collision Stated (based on Police Blotter Book), 0.0 drivers_injured, 0.0 drivers_killed, 0.0 passengers_injured, 0.0 passengers_killed, 0.0 pedestrian_injured, 0.0 pedestrian_killed, Fair (Day), EDSA Quezon Ave. Quezon City",MMDA Road Safety Unit,,d3841f53-8c73-4772-be89-3bd719192088,2014-11-04,02:25:00,EDSA Congressional Ave. Quezon City,0,0,0,0,0,0,0,0,0,0,2014-11-04 10:25,Property,14.6442444,121.0375839,No Collision Stated
None,EDSA,None,None,"No Accident Factor, Side Swipe, 0.0 drivers_injured, 0.0 drivers_killed, 0.0 passengers_injured, 0.0 passengers_killed, 0.0 pedestrian_injured, 0.0 pedestrian_killed, Fair (Day), EDSA White Plains Ave. Quezon City",MMDA Road Safety Unit,,cf176fe8-9b83-46c6-a404-df1416428cdf,2014-11-04,01:40:00,EDSA Ermin Garcia St.  Quezon City,0,0,0,0,0,0,0,0,0,0,2014-11-04 9:40,Property,14.59961782,121.0596522,Side Swipe
None,EDSA,None,None,"No Accident Factor, No Collision Stated (based on Police Blotter Book), 0.0 drivers_injured, 0.0 drivers_killed, 0.0 passengers_injured, 0.0 passengers_killed, 0.0 pedestrian_injured, 0.0 pedestrian_killed, Fair (Night), EDSA ""U"" turn slot, GMA-7 (SB)  Quezon City",MMDA Road Safety Unit,,b3c9f42f-4e4a-4ae4-89ed-5e5f67dc51a0,2014-11-03,10:15:00,EDSA Timog Ave.  Quezon City,0,0,0,0,0,0,0,0,0,0,2014-11-03 18:15,Property,14.63376993,121.0443308,No Collision Stated
None,EDSA,None,None,"No Accident Factor, Rear-end, 0.0 drivers_injured, 0.0 drivers_killed, 0.0 passengers_injured, 0.0 passengers_killed, 0.0 pedestrian_injured, 0.0 pedestrian_killed, Fair (Day), EDSA East Ave.  Quezon City",MMDA Road Safety Unit,,d6ad28ae-b1d6-4f3c-8657-b6a9a275f960,2014-11-03,09:30:00,EDSA Ortigas Ave.  Quezon City,0,0,0,0,0,0,0,0,0,0,2014-11-03 17:30,Property,14.6328297,121.0451176,Rear-End
None,EDSA,None,None,"No Accident Factor, No Collision Stated (based on Police Blotter Book), 0.0 drivers_injured, 0.0 drivers_killed, 0.0 passengers_injured, 0.0 passengers_killed, 0.0 pedestrian_injured, 0.0 pedestrian_killed, Fair (Day), EDSA Corregidor St. Quezon City",MMDA Road Safety Unit,,8f4dac9c-c1cf-48e1-9044-d0a338e943fa,2014-11-03,07:15:00,"EDSA 7-11 Store, Panay Ave. Quezon City",0,0,0,0,0,0,0,0,0,0,2014-11-03 15:15,Property,14.65707679,121.0241648,No Collision Stated
None,EDSA,None,None,"No Accident Factor, No Collision Stated (based on Police Blotter Book), 0.0 drivers_injured, 0.0 drivers_killed, 0.0 passengers_injured, 0.0 passengers_killed, 0.0 pedestrian_injured, 0.0 pedestrian_killed, Fair (Day), EDSA Wilcon Depot Apolonio  Quezon City",MMDA Road Safety Unit,,2027d0ef-c874-4d78-8527-bb018dd3af3e,2014-11-03,06:00:00,"EDSA ""U"" turn slot, Panay Ave.  Quezon City",0,0,0,0,0,0,0,0,0,0,2014-11-03 14:00,Property,14.65756689,121.0097372,No Collision Stated
None,EDSA,None,None,"No Accident Factor, No Collision Stated (based on Police Blotter Book), 0.0 drivers_injured, 0.0 drivers_killed, 0.0 passengers_injured, 0.0 passengers_killed, 0.0 pedestrian_injured, 0.0 pedestrian_killed, Fair (Day), EDSA Ramon Magsaysay High School  Quezon City",MMDA Road Safety Unit,,2a17b7d8-dd49-404b-a0a4-a207a5536a46,2014-11-03,04:30:00,EDSA Cloverleaf Service  Quezon City,0,0,0,0,0,0,0,0,0,0,2014-11-03 12:30,Property,14.62774693,121.0471762,No Collision Stated
None,EDSA,None,None,"No Accident Factor, Side Swipe, 0.0 drivers_injured, 0.0 drivers_killed, 0.0 passengers_injured, 0.0 passengers_killed, 0.0 pedestrian_injured, 0.0 pedestrian_killed, Fair (Day), EDSA ""U"" turn slot, A. Samson  Quezon City",MMDA Road Safety Unit,,14cc2da4-f2ec-4732-bc33-cebd34f5c16c,2014-11-03,04:30:00,EDSA Cloverleaf Road Quezon City,0,0,0,0,0,0,0,0,0,0,2014-11-03 12:30,Property,14.65751461,121.0075535,Side Swipe
None,EDSA,None,None,"No Accident Factor, Angle Impact, 0.0 drivers_injured, 0.0 drivers_killed, 0.0 passengers_injured, 0.0 passengers_killed, 0.0 pedestrian_injured, 0.0 pedestrian_killed, Fair (Day), EDSA ""U"" turn slot, Victory Liner Bus Terminal, Pinyahan Quezon City",MMDA Road Safety Unit,,02de5914-a5fc-4002-b1d1-12dd1a28c554,2014-11-03,00:15:00,EDSA Balintawak Market Quezon City,0,0,0,0,0,0,0,0,0,0,2014-11-03 8:15,Property,14.6242909,121.0487685,Angle Impact
None,EDSA,None,None,"No Accident Factor, No Collision Stated (based on Police Blotter Book), 0.0 drivers_injured, 0.0 drivers_killed, 0.0 passengers_injured, 0.0 passengers_killed, 0.0 pedestrian_injured, 0.0 pedestrian_killed, Fair (Day), EDSA Col. Bonny Serrano Ave. Quezon City",MMDA Road Safety Unit,,5040386b-a0ac-4d09-a59f-44a41b20c785,2014-11-02,23:00:00,EDSA Balintawak Market Quezon City,0,0,0,0,0,0,0,0,0,0,2014-11-03 7:00,Property,14.61107337,121.0550705,No Collision Stated
None,EDSA,None,None,"No Accident Factor, Side Swipe, 0.0 drivers_injured, 0.0 drivers_killed, 0.0 passengers_injured, 0.0 passengers_killed, 0.0 pedestrian_injured, 0.0 pedestrian_killed, Fair (Night), EDSA Shell Gas Station A. Samson  Quezon City",MMDA Road Safety Unit,,749cb355-accd-4869-9c1f-56e4ac0fffc3,2014-11-02,17:30:00,EDSA JAC Liner Terminal Quezon City,0,0,0,0,0,0,0,0,0,0,2014-11-03 1:30,Property,14.65761329,121.0076049,Side Swipe
None,EDSA,None,None,"No Accident Factor, No Collision Stated (based on Police Blotter Book), 0.0 drivers_injured, 0.0 drivers_killed, 0.0 passengers_injured, 0.0 passengers_killed, 0.0 pedestrian_injured, 0.0 pedestrian_killed, Fair (Night), EDSA Lucena Lines Terminal  Quezon City",MMDA Road Safety Unit,,0b504bbc-0515-464b-b8ea-b507ea0e5309,2014-11-02,11:10:00,EDSA Ermin Garcia St.  Quezon City,0,0,0,0,0,0,0,0,0,0,2014-11-02 19:10,Property,14.63163168,121.0456734,No Collision Stated
None,EDSA,None,None,"No Accident Factor, Rear-end, 0.0 drivers_injured, 0.0 drivers_killed, 0.0 passengers_injured, 0.0 passengers_killed, 0.0 pedestrian_injured, 0.0 pedestrian_killed, Fair (Night), EDSA Puregold, A. Samson  Quezon City",MMDA Road Safety Unit,,7a13ad1b-5250-4b66-a027-0fa036c433c6,2014-11-02,11:05:00,EDSA North Ave. (NB)  Quezon City,0,0,0,0,0,0,0,0,0,0,2014-11-02 19:05,Property,14.65739538,121.0046638,Rear-End
None,EDSA,None,None,"No Accident Factor, No Collision Stated (based on Police Blotter Book), 0.0 drivers_injured, 0.0 drivers_killed, 0.0 passengers_injured, 0.0 passengers_killed, 0.0 pedestrian_injured, 0.0 pedestrian_killed, Fair (Day), EDSA SM Loading Bay Quezon City",MMDA Road Safety Unit,,2dd072b9-23b7-4f22-bb6e-76cc241c1fac,2014-11-02,09:30:00,EDSA Ermin Garcia St.  Quezon City,0,0,0,0,0,0,0,0,0,0,2014-11-02 17:30,Property,14.65748566,121.0224094,No Collision Stated
None,EDSA,None,None,"No Accident Factor, Rear-end, 0.0 drivers_injured, 0.0 drivers_killed, 0.0 passengers_injured, 0.0 passengers_killed, 0.0 pedestrian_injured, 0.0 pedestrian_killed, Fair (Day), EDSA Roosevelt Ave.  Quezon City",MMDA Road Safety Unit,,256107d0-afbf-43fd-9aa6-c245151bf5d8,2014-11-02,08:05:00,EDSA Monte De Piedad St.  Quezon City,0,0,0,0,0,0,0,0,0,0,2014-11-02 16:05,Property,14.65762047,121.0196373,Rear-End
None,EDSA,None,None,"No Accident Factor, Rear-end, 0.0 drivers_injured, 0.0 drivers_killed, 0.0 passengers_injured, 0.0 passengers_killed, 0.0 pedestrian_injured, 0.0 pedestrian_killed, Fair (Day), EDSA Balintawak Market  Quezon City",MMDA Road Safety Unit,,332481d5-f76e-4d41-8c88-8bece8482439,2014-11-02,06:40:00,"EDSA ""U"" turn slot, Quezon Ave. Quezon City",0,0,0,0,0,0,0,0,0,0,2014-11-02 14:40,Property,14.65740947,121.0025737,Rear-End
None,EDSA,None,None,"No Accident Factor, Side Swipe, 0.0 drivers_injured, 0.0 drivers_killed, 0.0 passengers_injured, 0.0 passengers_killed, 0.0 pedestrian_injured, 0.0 pedestrian_killed, Fair (Day), EDSA New York St. Quezon City",MMDA Road Safety Unit,,b1e90cea-9be3-45f0-a9a9-4b3117e9205e,2014-11-02,02:50:00,EDSA Ortigas Ave.  Quezon City,0,0,0,0,0,0,0,0,0,0,2014-11-02 10:50,Property,14.62568514,121.0482307,Side Swipe
None,EDSA,None,None,"No Accident Factor, No Collision Stated (based on Police Blotter Book), 0.0 drivers_injured, 0.0 drivers_killed, 0.0 passengers_injured, 0.0 passengers_killed, 0.0 pedestrian_injured, 0.0 pedestrian_killed, Fair (Day), EDSA Ermin Garcia St.  Quezon City",MMDA Road Safety Unit,,0e3a9b2f-d4b4-450f-b898-abc98371b058,2014-11-01,08:55:00,EDSA SM City Bus Bay Quezon City,0,0,0,0,0,0,0,0,0,0,2014-11-01 16:55,Property,14.62758814,121.047487,No Collision Stated
None,EDSA,None,None,"No Accident Factor, No Collision Stated (based on Police Blotter Book), 0.0 drivers_injured, 0.0 drivers_killed, 0.0 passengers_injured, 0.0 passengers_killed, 0.0 pedestrian_injured, 0.0 pedestrian_killed, Fair (Day), EDSA New York St.  Quezon City",MMDA Road Safety Unit,,8f73cdfe-eafc-49d3-9b82-f2b8c84244b3,2014-11-01,04:30:00,"EDSA Victory Liner Bus Terminal, Pinyahan Quezon City",0,0,0,0,0,0,0,0,0,0,2014-11-01 12:30,Property,14.62568514,121.0482307,No Collision Stated
None,EDSA,None,None,"No Accident Factor, No Collision Stated (based on Police Blotter Book), 0.0 drivers_injured, 0.0 drivers_killed, 0.0 passengers_injured, 0.0 passengers_killed, 0.0 pedestrian_injured, 0.0 pedestrian_killed, Fair (Night), EDSA SM North, Bagong Pagasa Quezon City",MMDA Road Safety Unit,,441c01c6-8b32-49f3-8803-09e1fb18c78e,2014-10-31,12:30:00,EDSA Col. Bonny Serrano Ave.  Quezon City,0,0,0,0,0,0,0,0,0,0,2014-10-31 20:30,Property,14.65645143,121.0271077,No Collision Stated
None,EDSA,None,None,"No Accident Factor, No Collision Stated (based on Police Blotter Book), 0.0 drivers_injured, 0.0 drivers_killed, 0.0 passengers_injured, 0.0 passengers_killed, 0.0 pedestrian_injured, 0.0 pedestrian_killed, Fair (Night), EDSA Nueva Ecija St. Quezon City",MMDA Road Safety Unit,,af263b9b-4a50-4a95-8579-8f151dbcd1e0,2014-10-31,11:00:00,"EDSA ""U"" turn slot, Mercury Drug, Apolonio  Quezon City",0,0,0,0,0,0,0,0,0,0,2014-10-31 19:00,Property,14.65665894,121.026062,No Collision Stated
None,EDSA,None,None,"No Accident Factor, Hit and Run (No Collision Stated), 0.0 drivers_injured, 0.0 drivers_killed, 0.0 passengers_injured, 0.0 passengers_killed, 0.0 pedestrian_injured, 0.0 pedestrian_killed, Fair (Night), EDSA Nissan Motor  Quezon City",MMDA Road Safety Unit,,20c88dba-e9e7-4f22-9597-40ea023d11ad,2014-10-31,11:00:00,EDSA East Ave.  Quezon City,0,0,0,0,0,0,0,0,0,0,2014-10-31 19:00,Property,14.65769025,121.0138039,No Collision Stated
None,EDSA,None,None,"No Accident Factor, Side Swipe, 0.0 drivers_injured, 0.0 drivers_killed, 0.0 passengers_injured, 0.0 passengers_killed, 0.0 pedestrian_injured, 0.0 pedestrian_killed, Fair (Day), EDSA Roosevelt Ave.  Quezon City",MMDA Road Safety Unit,,57257b3f-0f02-4a11-a47f-529e2fbf79e2,2014-10-31,07:55:00,EDSA South Road St.  Quezon City,0,0,0,0,0,0,0,0,0,0,2014-10-31 15:55,Property,14.65762047,121.0196373,Side Swipe
None,EDSA,None,None,"No Accident Factor, Rear-end, 0.0 drivers_injured, 0.0 drivers_killed, 0.0 passengers_injured, 0.0 passengers_killed, 0.0 pedestrian_injured, 0.0 pedestrian_killed, Fair (Day), EDSA White Plains Ave. Quezon City",MMDA Road Safety Unit,,03025c14-6fa2-487b-864f-0205a9f740bf,2014-10-31,07:00:00,"EDSA Robinson Galleria, Ugong Norte Quezon City",0,0,0,0,0,0,0,0,0,0,2014-10-31 15:00,Property,14.59961782,121.0596522,Rear-End
None,EDSA,None,None,"No Accident Factor, Side Swipe, 0.0 drivers_injured, 0.0 drivers_killed, 0.0 passengers_injured, 0.0 passengers_killed, 0.0 pedestrian_injured, 0.0 pedestrian_killed, Fair (Day), EDSA West Ave.  Quezon City",MMDA Road Safety Unit,,b589358e-cc54-40e9-9d7b-6790fd492eb4,2014-10-31,06:00:00,"EDSA ""U"" turn slot, GMA 7, Timog Ave. Quezon City",0,0,0,0,0,0,0,0,0,0,2014-10-31 14:00,Property,14.65548924,121.0298079,Side Swipe
None,EDSA,None,None,"No Accident Factor, No Collision Stated (based on Police Blotter Book), 0.0 drivers_injured, 0.0 drivers_killed, 0.0 passengers_injured, 0.0 passengers_killed, 0.0 pedestrian_injured, 0.0 pedestrian_killed, Fair (Day), EDSA Quezon Ave. Quezon City",MMDA Road Safety Unit,,06243896-7c44-4002-a5e0-4b3884b8bcb8,2014-10-31,04:45:00,"EDSA ""U"" turn slot, Corregidor St Quezon City",0,0,0,0,0,0,0,0,0,0,2014-10-31 12:45,Property,14.6442444,121.0375839,No Collision Stated
None,EDSA,None,None,"No Accident Factor, Rear-end, 0.0 drivers_injured, 0.0 drivers_killed, 0.0 passengers_injured, 0.0 passengers_killed, 0.0 pedestrian_injured, 0.0 pedestrian_killed, Fair (Day), EDSA Five Star Bus Terminal, E. Rodriguez  Quezon City",MMDA Road Safety Unit,,a099ed52-d3c2-48af-af3d-d77661d0c085,2014-10-31,01:00:00,EDSA Cloverleaf Road Quezon City,0,0,0,0,0,0,0,0,0,0,2014-10-31 9:00,Property,14.62375691,121.0492447,Rear-End
None,EDSA,None,None,"No Accident Factor, No Collision Stated (based on Police Blotter Book), 0.0 drivers_injured, 0.0 drivers_killed, 0.0 passengers_injured, 0.0 passengers_killed, 0.0 pedestrian_injured, 0.0 pedestrian_killed, Fair (Day), EDSA ""U"" turn slot, Trinoma Quezon City",MMDA Road Safety Unit,,3270d20a-a89b-4ac9-b4f4-b46d1fb0593b,2014-10-30,23:00:00,EDSA Everest Hardware Quezon City,0,0,0,0,0,0,0,0,0,0,2014-10-31 7:00,Property,14.65360193,121.0314064,No Collision Stated
None,EDSA,None,None,"No Accident Factor, No Collision Stated (based on Police Blotter Book), 0.0 drivers_injured, 0.0 drivers_killed, 0.0 passengers_injured, 0.0 passengers_killed, 0.0 pedestrian_injured, 0.0 pedestrian_killed, Fair (Night), EDSA ""U"" turn slot, Centris Mall, Bagong Pagasa Quezon City",MMDA Road Safety Unit,,d2eb0245-f67e-4d1f-ab24-05e949a4986d,2014-10-30,12:30:00,EDSA Kamias Road Quezon City,0,0,0,0,0,0,0,0,0,0,2014-10-30 20:30,Property,14.64347171,121.0379678,No Collision Stated
None,EDSA,None,None,"No Accident Factor, Side Swipe, 0.0 drivers_injured, 0.0 drivers_killed, 0.0 passengers_injured, 0.0 passengers_killed, 0.0 pedestrian_injured, 0.0 pedestrian_killed, Fair (Day), EDSA ""U"" turn slot, JAM Liner Terminal  Quezon City",MMDA Road Safety Unit,,2fa75c39-a769-4054-a44c-9e853ce52fb5,2014-10-30,07:45:00,EDSA Ortigas Ave.  Quezon City,0,0,0,0,0,0,0,0,0,0,2014-10-30 15:45,Property,14.63181767,121.0453279,Side Swipe
None,EDSA,None,None,"No Accident Factor, Rear-end, 0.0 drivers_injured, 0.0 drivers_killed, 0.0 passengers_injured, 0.0 passengers_killed, 0.0 pedestrian_injured, 0.0 pedestrian_killed, Fair (Day), EDSA Kamias Road Quezon City",MMDA Road Safety Unit,,02c90363-7275-4145-9487-1832ea450c39,2014-10-30,06:30:00,EDSA Aurora Blvd. Quezon City,0,0,0,0,0,0,0,0,0,0,2014-10-30 14:30,Property,14.6309142,121.0459376,Rear-End
None,EDSA,None,None,"No Accident Factor, Side Swipe, 0.0 drivers_injured, 0.0 drivers_killed, 0.0 passengers_injured, 0.0 passengers_killed, 0.0 pedestrian_injured, 0.0 pedestrian_killed, Fair (Day), EDSA ""U"" turn slot, Col. Boni Serrano Ave. Quezon City",MMDA Road Safety Unit,,5ee58cdd-113e-460e-b934-a1f4b1d0e603,2014-10-30,04:30:00,EDSA Robinsons Galleria Driveway (Ortigas Ave.) Quezon City,0,0,0,0,0,0,0,0,0,0,2014-10-30 12:30,Property,14.61044174,121.0551657,Side Swipe
None,EDSA,None,None,"No Accident Factor, No Collision Stated (based on Police Blotter Book), 0.0 drivers_injured, 0.0 drivers_killed, 0.0 passengers_injured, 0.0 passengers_killed, 0.0 pedestrian_injured, 0.0 pedestrian_killed, Fair (Day), EDSA Aurora Blvd.  Quezon City",MMDA Road Safety Unit,,7cc776d4-6ef5-4052-a029-2a980121a840,2014-10-30,04:25:00,EDSA Timog Ave.  Quezon City,0,0,0,0,0,0,0,0,0,0,2014-10-30 12:25,Property,14.6217569,121.0502544,No Collision Stated