LOCATION_TEXT,ROAD,WEATHER,LIGHT,DESC,REPORTING_AGENCY,MAIN_CAUSE,INCIDENTDETAILS_ID,DATE_UTC,TIME_UTC,ADDRESS,killed_driver,killed_passenger,killed_pedestrian,injured_driver,injured_passenger,injured_pedestrian,killed_uncategorized,injured_uncategorized,killed_total,injured_total,DATETIME_PST,SEVERITY,Y,X,COLLISION_TYPE
None,EDSA,None,None,"No Accident Factor, No Collision Stated (based on Police Blotter Book), 0.0 drivers_injured, 0.0 drivers_killed, 0.0 passengers_injured, 0.0 passengers_killed, 0.0 pedestrian_injured, 0.0 pedestrian_killed, Fair (Night), EDSA ""U"" turn slot, Ramon Magsaysay Quezon City",MMDA Road Safety Unit,,167b8f8d-f3ac-4e82-8431-777a9b115ae9,2014-10-29,10:20:00,"EDSA Five Star Bus Terminal, Cubao Quezon City",0,0,0,0,0,0,0,0,0,0,2014-10-29 18:20,Property,14.65655357,121.0260701,No Collision Stated
None,EDSA,None,None,"No Accident Factor, No Collision Stated (based on Police Blotter Book), 0.0 drivers_injured, 0.0 drivers_killed, 0.0 passengers_injured, 0.0 passengers_killed, 0.0 pedestrian_injured, 0.0 pedestrian_killed, Fair (Day), EDSA Timog Ave.  Quezon City",MMDA Road Safety Unit,,5e955c4f-63d0-498c-94c1-c0b215a8a06e,2014-10-29,07:30:00,EDSA Timog Ave.  Quezon City,0,0,0,0,0,0,0,0,0,0,2014-10-29 15:30,Property,14.63293559,121.0446304,No Collision Stated
None,EDSA,None,None,"No Accident Factor, No Collision Stated (based on Police Blotter Book), 0.0 drivers_injured, 0.0 drivers_killed, 0.0 passengers_injured, 0.0 passengers_killed, 0.0 pedestrian_injured, 0.0 pedestrian_killed, Fair (Day), EDSA JAM Liner Terminal  Quezon City",MMDA Road Safety Unit,,ad805699-2729-47cd-9280-0c7a31190520,2014-10-29,06:50:00,EDSA West Ave Quezon City,0,0,0,0,0,0,0,0,0,0,2014-10-29 14:50,Property,14.63113373,121.0455992,No Collision Stated
None,EDSA,None,None,"No Accident Factor, Multiple Collision, 0.0 drivers_injured, 0.0 drivers_killed, 0.0 passengers_injured, 0.0 passengers_killed, 0.0 pedestrian_injured, 0.0 pedestrian_killed, Fair (Day), EDSA Trinoma, Pagasa Quezon City",MMDA Road Safety Unit,,70f40423-5250-4967-a828-36721ba4865e,2014-10-29,05:30:00,EDSA SM Annex Quezon City,0,0,0,0,0,0,0,0,0,0,2014-10-29 13:30,Property,14.65242607,121.0323133,Multiple
None,EDSA,None,None,"No Accident Factor, No Collision Stated (based on Police Blotter Book), 0.0 drivers_injured, 0.0 drivers_killed, 0.0 passengers_injured, 0.0 passengers_killed, 0.0 pedestrian_injured, 0.0 pedestrian_killed, Fair (Day), EDSA SM North Entrance, Bagong Pagasa Quezon City",MMDA Road Safety Unit,,c878e5e8-d729-476d-bccc-40da968cd533,2014-10-29,04:45:00,EDSA Quezon Ave. Quezon City,0,0,0,0,0,0,0,0,0,0,2014-10-29 12:45,Property,14.65645143,121.0271077,No Collision Stated
None,EDSA,None,None,"No Accident Factor, Rear-end, 0.0 drivers_injured, 0.0 drivers_killed, 0.0 passengers_injured, 0.0 passengers_killed, 0.0 pedestrian_injured, 0.0 pedestrian_killed, Fair (Day), EDSA Col. Bonny Serrano Ave. Quezon City",MMDA Road Safety Unit,,084ef75b-8f1a-4779-9d6d-326e4dfe426e,2014-10-29,03:30:00,"EDSA SM Annex ""U Turn Slot"" Quezon City",0,0,0,0,0,0,0,0,0,0,2014-10-29 11:30,Property,14.61107337,121.0550705,Rear-End
None,EDSA,None,None,"No Accident Factor, Rear-end, 0.0 drivers_injured, 0.0 drivers_killed, 0.0 passengers_injured, 0.0 passengers_killed, 0.0 pedestrian_injured, 0.0 pedestrian_killed, Fair (Night), EDSA Baliwag Transit Bus Terminal, E. Rodriguez Quezon City",MMDA Road Safety Unit,,35250813-d756-4582-8d85-cced691cc5bd,2014-10-28,18:30:00,EDSA Waltermart Quezon City,0,0,0,0,0,0,0,0,0,0,2014-10-29 2:30,Property,14.6244766,121.0489584,Rear-End
None,EDSA,None,None,"No Accident Factor, No Collision Stated (based on Police Blotter Book), 0.0 drivers_injured, 0.0 drivers_killed, 0.0 passengers_injured, 0.0 passengers_killed, 0.0 pedestrian_injured, 0.0 pedestrian_killed, Fair (Night), EDSA ""U"" turn slot, SM Annex Quezon City",MMDA Road Safety Unit,,93509b2b-829f-4cc8-a207-f4a063a8f67b,2014-10-28,16:00:00,EDSA Roosevelt Ave.  Quezon City,0,0,0,0,0,0,0,0,0,0,2014-10-29,Property,14.65632137,121.0266327,No Collision Stated
None,EDSA,None,None,"No Accident Factor, No Collision Stated (based on Police Blotter Book), 0.0 drivers_injured, 0.0 drivers_killed, 0.0 passengers_injured, 0.0 passengers_killed, 0.0 pedestrian_injured, 0.0 pedestrian_killed, Fair (Night), EDSA Trinoma Quezon City",MMDA Road Safety Unit,,9ab8547c-e170-4268-8ffb-4dfbadc7f6f6,2014-10-28,15:50:00,"EDSA Camp Aguinaldo, Socorro Quezon City",0,0,0,0,0,0,0,0,0,0,2014-10-28 23:50,Property,14.65242607,121.0323133,No Collision Stated
None,EDSA,None,None,"No Accident Factor, No Collision Stated (based on Police Blotter Book), 0.0 drivers_injured, 0.0 drivers_killed, 0.0 passengers_injured, 0.0 passengers_killed, 0.0 pedestrian_injured, 0.0 pedestrian_killed, Fair (Day), EDSA  Aurora Blvd.  Quezon City",MMDA Road Safety Unit,,cccfb5ab-4f33-4337-93a9-e7598b1d763d,2014-10-28,08:35:00,EDSA Philam  Quezon City,0,0,0,0,0,0,0,0,0,0,2014-10-28 16:35,Property,14.62163216,121.0502064,No Collision Stated
None,EDSA,None,None,"No Accident Factor, Side Swipe, 0.0 drivers_injured, 0.0 drivers_killed, 0.0 passengers_injured, 0.0 passengers_killed, 0.0 pedestrian_injured, 0.0 pedestrian_killed, Fair (Day), EDSA Cloverleaf  Quezon City",MMDA Road Safety Unit,,dfcbccba-3d34-4822-99fa-55ea3f68973f,2014-10-28,08:30:00,EDSA Roosevelt Ave.  Quezon City,0,0,0,0,0,0,0,0,0,0,2014-10-28 16:30,Property,14.65742064,121.0008939,Side Swipe
None,EDSA,None,None,"No Accident Factor, Side Swipe, 0.0 drivers_injured, 0.0 drivers_killed, 0.0 passengers_injured, 0.0 passengers_killed, 0.0 pedestrian_injured, 0.0 pedestrian_killed, Fair (Day), EDSA Col. Bonny Serrano Ave. Quezon City",MMDA Road Safety Unit,,32155bde-50cc-4a07-9e4d-9739b6bddb4d,2014-10-28,04:30:00,EDSA Roosevelt Ave.  Quezon City,0,0,0,0,0,0,0,0,0,0,2014-10-28 12:30,Property,14.61107337,121.0550705,Side Swipe
None,EDSA,None,None,"No Accident Factor, Side Swipe, 0.0 drivers_injured, 0.0 drivers_killed, 0.0 passengers_injured, 0.0 passengers_killed, 0.0 pedestrian_injured, 0.0 pedestrian_killed, Fair (Day), EDSA Camp Aguinaldo gate 3, Socorro Quezon City",MMDA Road Safety Unit,,7a806be1-61fe-416d-8b4e-8c4a4339e590,2014-10-28,03:00:00,EDSA New York St.  Quezon City,0,0,0,0,0,0,0,0,0,0,2014-10-28 11:00,Property,14.60836048,121.0563667,Side Swipe
None,EDSA,None,None,"No Accident Factor, Side Swipe, 0.0 drivers_injured, 0.0 drivers_killed, 0.0 passengers_injured, 0.0 passengers_killed, 0.0 pedestrian_injured, 0.0 pedestrian_killed, Fair (Night), EDSA ""U"" turn slot, Kamuning Road Quezon City",MMDA Road Safety Unit,,367ebbdb-bcfa-4d05-bb8a-2ccd7961a75e,2014-10-27,13:30:00,EDSA Quezon Ave. Quezon City,0,0,0,0,0,0,0,0,0,0,2014-10-27 21:30,Property,14.63181767,121.0453279,Side Swipe
None,EDSA,None,None,"No Accident Factor, No Collision Stated (based on Police Blotter Book), 0.0 drivers_injured, 0.0 drivers_killed, 0.0 passengers_injured, 0.0 passengers_killed, 0.0 pedestrian_injured, 0.0 pedestrian_killed, Fair (Night), EDSA Monte De Piedad St.  Quezon City",MMDA Road Safety Unit,,0e1194ed-4274-441d-929f-a45f9ee7ebd8,2014-10-27,13:20:00,EDSA GMA-MRT Station Quezon City,0,0,0,0,0,0,0,0,0,0,2014-10-27 21:20,Property,14.62346937,121.0491711,No Collision Stated
None,EDSA,None,None,"No Accident Factor, Rear-end, 0.0 drivers_injured, 0.0 drivers_killed, 0.0 passengers_injured, 0.0 passengers_killed, 0.0 pedestrian_injured, 0.0 pedestrian_killed, Fair (Day), EDSA Main Ave.  Quezon City",MMDA Road Safety Unit,,d3d45852-e221-47ba-9705-a74d5072c607,2014-10-27,05:25:00,EDSA Roosevelt Ave.  Quezon City,0,0,0,0,0,0,0,0,0,0,2014-10-27 13:25,Property,14.61376458,121.0537933,Rear-End
None,EDSA,None,None,"No Accident Factor, Rear-end, 0.0 drivers_injured, 0.0 drivers_killed, 0.0 passengers_injured, 0.0 passengers_killed, 0.0 pedestrian_injured, 0.0 pedestrian_killed, Fair (Day), EDSA Main Ave.  Quezon City",MMDA Road Safety Unit,,b55e6456-9197-48f2-9f35-0ef9c758b55f,2014-10-27,02:45:00,EDSA K-3rd St. Quezon City,0,0,0,0,0,0,0,0,0,0,2014-10-27 10:45,Property,14.61376458,121.0537933,Rear-End
None,EDSA,None,None,"No Accident Factor, No Collision Stated (based on Police Blotter Book), 0.0 drivers_injured, 0.0 drivers_killed, 0.0 passengers_injured, 0.0 passengers_killed, 0.0 pedestrian_injured, 0.0 pedestrian_killed, Fair (Day), EDSA Kaingin Road Quezon City",MMDA Road Safety Unit,,0a6574f8-af62-4e24-80bb-3630433c69d5,2014-10-27,02:00:00,EDSA Mapagmahal St.  Quezon City,0,0,0,0,0,0,0,0,0,0,2014-10-27 10:00,Property,14.65746493,121.0109963,No Collision Stated
None,EDSA,None,None,"No Accident Factor, Rear-end, 1.0 drivers_injured, 0.0 drivers_killed, 0.0 passengers_injured, 0.0 passengers_killed, 0.0 pedestrian_injured, 0.0 pedestrian_killed, Fair (Day), EDSA Kaingin Road Quezon City",MMDA Road Safety Unit,,1c5cc8d5-28ff-404a-89e4-39c75b0bc3fb,2014-10-27,01:40:00,EDSA P. Tuazon Blvd.  Quezon City,0,0,0,1,0,0,0,0,0,1,2014-10-27 9:40,Injury,14.65746493,121.0109963,Rear-End
None,EDSA,None,None,"No Accident Factor, No Collision Stated (based on Police Blotter Book), 0.0 drivers_injured, 0.0 drivers_killed, 0.0 passengers_injured, 0.0 passengers_killed, 0.0 pedestrian_injured, 0.0 pedestrian_killed, Fair (Day), EDSA  Balintawak MRT Station  Quezon City",MMDA Road Safety Unit,,698a7090-aff3-4a30-838b-cb30383dd6fc,2014-10-27,00:50:00,EDSA Main Ave.  Quezon City,0,0,0,0,0,0,0,0,0,0,2014-10-27 8:50,Property,14.65738557,121.004052,No Collision Stated
None,EDSA,None,None,"No Accident Factor, Hit Object (No Object Stated), 0.0 drivers_injured, 0.0 drivers_killed, 0.0 passengers_injured, 0.0 passengers_killed, 0.0 pedestrian_injured, 0.0 pedestrian_killed, Fair (Day), EDSA  Main Ave.  Quezon City",MMDA Road Safety Unit,,1973257b-4fc9-49f8-b837-62432e3f108f,2014-10-26,23:55:00,EDSA Camp Aguinaldo Gate 4 Quezon City,0,0,0,0,0,0,0,0,0,0,2014-10-27 7:55,Property,14.61366838,121.0537266,Hit Object
None,EDSA,None,None,"No Accident Factor, No Collision Stated (based on Police Blotter Book), 0.0 drivers_injured, 0.0 drivers_killed, 0.0 passengers_injured, 0.0 passengers_killed, 0.0 pedestrian_injured, 0.0 pedestrian_killed, Fair (Day), EDSA New York St.  Quezon City",MMDA Road Safety Unit,,50ec1fd8-a6e7-4410-9217-34a950f01d33,2014-10-26,22:55:00,EDSA DLTB Bus Terminal New York St. Quezon City,0,0,0,0,0,0,0,0,0,0,2014-10-27 6:55,Property,14.62568514,121.0482307,No Collision Stated
None,EDSA,None,None,"No Accident Factor, Angle Impact, 0.0 drivers_injured, 0.0 drivers_killed, 0.0 passengers_injured, 0.0 passengers_killed, 0.0 pedestrian_injured, 0.0 pedestrian_killed, Fair (Day), EDSA K-3rd St.  Quezon City",MMDA Road Safety Unit,,9b7e638e-ce8c-44bd-93de-ed612b39fb2b,2014-10-26,22:45:00,"EDSA Camp Aguinaldo, Socorro Quezon City",0,0,0,0,0,0,0,0,0,0,2014-10-27 6:45,Property,14.62942357,121.0463854,Angle Impact
None,EDSA,None,None,"No Accident Factor, Side Swipe, 0.0 drivers_injured, 0.0 drivers_killed, 0.0 passengers_injured, 0.0 passengers_killed, 0.0 pedestrian_injured, 0.0 pedestrian_killed, Fair (Night), EDSA  East Ave.  Quezon City",MMDA Road Safety Unit,,dbf33f51-e710-472a-b20d-082302d98347,2014-10-26,19:00:00,EDSA Aurora Blvd. Quezon City,0,0,0,0,0,0,0,0,0,0,2014-10-27 3:00,Property,14.63327083,121.0446889,Side Swipe
None,EDSA,None,None,"No Accident Factor, No Collision Stated (based on Police Blotter Book), 0.0 drivers_injured, 0.0 drivers_killed, 0.0 passengers_injured, 0.0 passengers_killed, 0.0 pedestrian_injured, 0.0 pedestrian_killed, Fair (Day), EDSA Misamis St. Quezon City",MMDA Road Safety Unit,,5c293dc5-20ed-4cba-b290-044c23d51b56,2014-10-26,06:45:00,"EDSA Nepa Q-Mart, E. Rodriguez  Quezon City",0,0,0,0,0,0,0,0,0,0,2014-10-26 14:45,Property,14.65602348,121.0285212,No Collision Stated
None,EDSA,None,None,"No Accident Factor, No Collision Stated (based on Police Blotter Book), 0.0 drivers_injured, 0.0 drivers_killed, 0.0 passengers_injured, 0.0 passengers_killed, 0.0 pedestrian_injured, 0.0 pedestrian_killed, Fair (Day), EDSA GMA Drive  Quezon City",MMDA Road Safety Unit,,97a3471a-35e4-456d-8637-0fcceb5e05a6,2014-10-26,06:40:00,EDSA Kaingin Road Quezon City,0,0,0,0,0,0,0,0,0,0,2014-10-26 14:40,Property,14.63467214,121.0435714,No Collision Stated
None,EDSA,None,None,"No Accident Factor, No Collision Stated (based on Police Blotter Book), 0.0 drivers_injured, 0.0 drivers_killed, 0.0 passengers_injured, 0.0 passengers_killed, 0.0 pedestrian_injured, 0.0 pedestrian_killed, Fair (Day), EDSA DPWH Quezon City",MMDA Road Safety Unit,,bb5a1d0c-31f1-4984-a99d-235c8139fb4e,2014-10-26,00:30:00,EDSA East Ave.  Quezon City,0,0,0,0,0,0,0,0,0,0,2014-10-26 8:30,Property,14.63477638,121.0438836,No Collision Stated
None,EDSA,None,None,"No Accident Factor, No Collision Stated (based on Police Blotter Book), 0.0 drivers_injured, 0.0 drivers_killed, 0.0 passengers_injured, 0.0 passengers_killed, 0.0 pedestrian_injured, 0.0 pedestrian_killed, Fair (Night), EDSA ""U Turn Slot"", Quezon Ave. Quezon City",MMDA Road Safety Unit,,4419d499-1fe7-49cf-8c25-6d7bc5eeb4c0,2014-10-25,12:20:00,EDSA West Ave Quezon City,0,0,0,0,0,0,0,0,0,0,2014-10-25 20:20,Property,14.64514084,121.0368795,No Collision Stated
None,EDSA,None,None,"No Accident Factor, Rear-end, 0.0 drivers_injured, 0.0 drivers_killed, 0.0 passengers_injured, 0.0 passengers_killed, 0.0 pedestrian_injured, 0.0 pedestrian_killed, Fair (Night), EDSA Timog Ave.  Quezon City",MMDA Road Safety Unit,,34b929bb-56ab-4ad7-ae18-98239d1544c8,2014-10-25,11:45:00,EDSA Timog Ave.  Quezon City,0,0,0,0,0,0,0,0,0,0,2014-10-25 19:45,Property,14.63293559,121.0446304,Rear-End
None,EDSA,None,None,"No Accident Factor, Rear-end, 0.0 drivers_injured, 0.0 drivers_killed, 0.0 passengers_injured, 0.0 passengers_killed, 0.0 pedestrian_injured, 0.0 pedestrian_killed, Fair (Night), EDSA Quezon Ave.  Quezon City",MMDA Road Safety Unit,,512fb88e-37c7-476a-9c49-d1029747cc6c,2014-10-25,11:30:00,EDSA Whiteplains Ave.  Quezon City,0,0,0,0,0,0,0,0,0,0,2014-10-25 19:30,Property,14.6442444,121.0375839,Rear-End
None,EDSA,None,None,"No Accident Factor, Side Swipe, 0.0 drivers_injured, 0.0 drivers_killed, 0.0 passengers_injured, 0.0 passengers_killed, 0.0 pedestrian_injured, 0.0 pedestrian_killed, Fair (Night), EDSA Quezon Ave.  Quezon City",MMDA Road Safety Unit,,95ba9b15-cba4-4833-97bb-b455fcd46c2d,2014-10-25,11:30:00,"EDSA ""U"" turn slot, Kamuning  Quezon City",0,0,0,0,0,0,0,0,0,0,2014-10-25 19:30,Property,14.6442444,121.0375839,Side Swipe
None,EDSA,None,None,"No Accident Factor, No Collision Stated (based on Police Blotter Book), 1.0 drivers_injured, 0.0 drivers_killed, 0.0 passengers_injured, 0.0 passengers_killed, 0.0 pedestrian_injured, 0.0 pedestrian_killed, Fair (Day), EDSA ""U Turn Slot"", Fema road Quezon City",MMDA Road Safety Unit,,f5853e5b-99d0-4b81-81de-89dc8f78a4ab,2014-10-25,09:15:00,EDSA West Ave Quezon City,0,0,0,1,0,0,0,0,0,1,2014-10-25 17:15,Injury,14.65756571,121.0160995,No Collision Stated
None,EDSA,None,None,"No Accident Factor, Side Swipe, 0.0 drivers_injured, 0.0 drivers_killed, 0.0 passengers_injured, 0.0 passengers_killed, 0.0 pedestrian_injured, 0.0 pedestrian_killed, Fair (Day), EDSA North Ave., Pagasa Quezon City",MMDA Road Safety Unit,,368c80e2-a17a-4d7f-9c5b-fa5e9bdc375c,2014-10-25,05:15:00,EDSA Quezon Ave. Quezon City,0,0,0,0,0,0,0,0,0,0,2014-10-25 13:15,Property,14.65553839,121.0299647,Side Swipe
None,EDSA,None,None,"No Accident Factor, Side Swipe, 0.0 drivers_injured, 0.0 drivers_killed, 0.0 passengers_injured, 0.0 passengers_killed, 0.0 pedestrian_injured, 0.0 pedestrian_killed, Fair (Day), EDSA Wilcon Depot, A. Samson Quezon City",MMDA Road Safety Unit,,8ed2a8fc-18a7-43a7-9adb-ea9bfd10d637,2014-10-25,02:00:00,EDSA Monte De Piedad Quezon City,0,0,0,0,0,0,0,0,0,0,2014-10-25 10:00,Property,14.65756689,121.0097372,Side Swipe
None,EDSA,None,None,"No Accident Factor, Rear-end, 0.0 drivers_injured, 0.0 drivers_killed, 0.0 passengers_injured, 0.0 passengers_killed, 0.0 pedestrian_injured, 0.0 pedestrian_killed, Fair (Day), EDSA P. Tuazon Blvd.  Quezon City",MMDA Road Safety Unit,,521422ac-217d-4aad-a8b7-f0efe4eda93e,2014-10-25,01:40:00,"EDSA Corinthian Garden Subd. Gate, Ugong Norte  Quezon City",0,0,0,0,0,0,0,0,0,0,2014-10-25 9:40,Property,14.61656342,121.0525225,Rear-End
None,EDSA,None,None,"No Accident Factor, No Collision Stated (based on Police Blotter Book), 0.0 drivers_injured, 0.0 drivers_killed, 0.0 passengers_injured, 0.0 passengers_killed, 0.0 pedestrian_injured, 0.0 pedestrian_killed, Fair (Night), EDSA Trinoma Quezon City",MMDA Road Safety Unit,,620c79ad-dbb3-417f-8b06-bf735c8f87d3,2014-10-24,21:10:00,EDSA Balintawak Market Quezon City,0,0,0,0,0,0,0,0,0,0,2014-10-25 5:10,Property,14.65242607,121.0323133,No Collision Stated
None,EDSA,None,None,"No Accident Factor, Multiple Collision, 0.0 drivers_injured, 0.0 drivers_killed, 0.0 passengers_injured, 0.0 passengers_killed, 0.0 pedestrian_injured, 0.0 pedestrian_killed, Fair (Night), EDSA Monte De Piedad St.  Quezon City",MMDA Road Safety Unit,,3572732c-ee2a-4d83-a2c1-4267603fc543,2014-10-24,12:45:00,EDSA Kaingin Road Quezon City,0,0,0,0,0,0,0,0,0,0,2014-10-24 20:45,Property,14.62346937,121.0491711,Multiple
None,EDSA,None,None,"No Accident Factor, Rear-end, 0.0 drivers_injured, 0.0 drivers_killed, 0.0 passengers_injured, 0.0 passengers_killed, 0.0 pedestrian_injured, 0.0 pedestrian_killed, Fair (Night), EDSA Roosevelt Ave.  Quezon City",MMDA Road Safety Unit,,0725c123-cbe7-4658-9f4f-2b6a926f1418,2014-10-24,12:30:00,"EDSA Five Star Bus Terminal, Pinyahan Quezon City",0,0,0,0,0,0,0,0,0,0,2014-10-24 20:30,Property,14.65762047,121.0196373,Rear-End
None,EDSA,None,None,"No Accident Factor, No Collision Stated (based on Police Blotter Book), 0.0 drivers_injured, 0.0 drivers_killed, 0.0 passengers_injured, 0.0 passengers_killed, 0.0 pedestrian_injured, 0.0 pedestrian_killed, Fair (Night), EDSA Congressional Ave.  Quezon City",MMDA Road Safety Unit,,34107d8f-a5b0-4aaa-8e19-56ed71cf8433,2014-10-24,12:00:00,EDSA Kamuning (SB)  Quezon City,0,0,0,0,0,0,0,0,0,0,2014-10-24 20:00,Property,14.6571804,120.9927185,No Collision Stated
None,EDSA,None,None,"No Accident Factor, No Collision Stated (based on Police Blotter Book), 0.0 drivers_injured, 0.0 drivers_killed, 0.0 passengers_injured, 0.0 passengers_killed, 0.0 pedestrian_injured, 0.0 pedestrian_killed, Fair (Night), EDSA North Ave. Pagasa Quezon City",MMDA Road Safety Unit,,9ba2803e-aec3-43ab-b08b-4b90e8f38feb,2014-10-24,12:00:00,EDSA San Martin De Porres Quezon City,0,0,0,0,0,0,0,0,0,0,2014-10-24 20:00,Property,14.65553839,121.0299647,No Collision Stated
None,EDSA,None,None,"No Accident Factor, No Collision Stated (based on Police Blotter Book), 0.0 drivers_injured, 0.0 drivers_killed, 0.0 passengers_injured, 0.0 passengers_killed, 0.0 pedestrian_injured, 0.0 pedestrian_killed, Fair (Night), EDSA Corregidor St. Quezon City",MMDA Road Safety Unit,,d0cb6c1a-e2c0-4ac0-933a-1692b950614c,2014-10-24,10:05:00,EDSA GMA-7   Quezon City,0,0,0,0,0,0,0,0,0,0,2014-10-24 18:05,Property,14.65707679,121.0241648,No Collision Stated
None,EDSA,None,None,"No Accident Factor, No Collision Stated (based on Police Blotter Book), 0.0 drivers_injured, 0.0 drivers_killed, 0.0 passengers_injured, 0.0 passengers_killed, 0.0 pedestrian_injured, 0.0 pedestrian_killed, Fair (Day), EDSA North Ave. Quezon City",MMDA Road Safety Unit,,8f48f88c-d9cd-4d42-b265-80db000db2a0,2014-10-24,07:45:00,EDSA West Ave.  Quezon City,0,0,0,0,0,0,0,0,0,0,2014-10-24 15:45,Property,14.65553839,121.0299647,No Collision Stated
None,EDSA,None,None,"No Accident Factor, No Collision Stated (based on Police Blotter Book), 0.0 drivers_injured, 0.0 drivers_killed, 0.0 passengers_injured, 0.0 passengers_killed, 0.0 pedestrian_injured, 0.0 pedestrian_killed, Fair (Day), EDSA Col. Bonny Serrano Ave. Quezon City",MMDA Road Safety Unit,,8647c53b-b3e4-4969-ab8f-d78798183371,2014-10-24,07:30:00,EDSA Gen. Roxas Ave. Quezon City,0,0,0,0,0,0,0,0,0,0,2014-10-24 15:30,Property,14.61107337,121.0550705,No Collision Stated
None,EDSA,None,None,"No Accident Factor, No Collision Stated (based on Police Blotter Book), 0.0 drivers_injured, 0.0 drivers_killed, 0.0 passengers_injured, 0.0 passengers_killed, 0.0 pedestrian_injured, 0.0 pedestrian_killed, Fair (Day), EDSA Congressional Ave. Quezon City",MMDA Road Safety Unit,,2969bca4-9a3a-4adb-ba76-c687f36e1db9,2014-10-24,06:00:00,EDSA Walter Mart Quezon City,0,0,0,0,0,0,0,0,0,0,2014-10-24 14:00,Property,14.6571804,120.9927185,No Collision Stated
None,EDSA,None,None,"No Accident Factor, No Collision Stated (based on Police Blotter Book), 0.0 drivers_injured, 0.0 drivers_killed, 0.0 passengers_injured, 0.0 passengers_killed, 0.0 pedestrian_injured, 0.0 pedestrian_killed, Fair (Day), EDSA Misamis St. Quezon City",MMDA Road Safety Unit,,f32160b8-8524-415a-ad8c-15de27cd3706,2014-10-24,04:30:00,EDSA Roosevelt Ave.  Quezon City,0,0,0,0,0,0,0,0,0,0,2014-10-24 12:30,Property,14.65602348,121.0285212,No Collision Stated
None,EDSA,None,None,"No Accident Factor, Side Swipe, 0.0 drivers_injured, 0.0 drivers_killed, 0.0 passengers_injured, 0.0 passengers_killed, 0.0 pedestrian_injured, 0.0 pedestrian_killed, Fair (Night), EDSA Aurora Blvd. Quezon City",MMDA Road Safety Unit,,84b7ed2a-aa67-4c2d-971e-74b358a42061,2014-10-23,14:00:00,EDSA Mapagmahal St.  Quezon City,0,0,0,0,0,0,0,0,0,0,2014-10-23 22:00,Property,14.62163653,121.0501573,Side Swipe
None,EDSA,None,None,"No Accident Factor, Side Swipe, 0.0 drivers_injured, 0.0 drivers_killed, 0.0 passengers_injured, 0.0 passengers_killed, 0.0 pedestrian_injured, 0.0 pedestrian_killed, Fair (Day), EDSA ""U"" turn slot, Trinoma Mall Quezon City",MMDA Road Safety Unit,,7fbc36fb-48b1-4689-93ff-ae815f9995fd,2014-10-23,09:50:00,EDSA P. Tuazon Blvd.  Quezon City,0,0,0,0,0,0,0,0,0,0,2014-10-23 17:50,Property,14.65360193,121.0314064,Side Swipe
None,EDSA,None,None,"No Accident Factor, Rear-end, 0.0 drivers_injured, 0.0 drivers_killed, 0.0 passengers_injured, 0.0 passengers_killed, 0.0 pedestrian_injured, 0.0 pedestrian_killed, Fair (Day), EDSA Kaingin Footbridge  Quezon City",MMDA Road Safety Unit,,3f6693ef-1d49-41b5-baf0-59bfdf3cbf1b,2014-10-23,07:15:00,"EDSA ""U"" turn slot, Quezon Ave Quezon City",0,0,0,0,0,0,0,0,0,0,2014-10-23 15:15,Property,14.65746493,121.0109963,Rear-End
None,EDSA,None,None,"No Accident Factor, Hit Object (Planters Box), 0.0 drivers_injured, 0.0 drivers_killed, 0.0 passengers_injured, 0.0 passengers_killed, 0.0 pedestrian_injured, 0.0 pedestrian_killed, Fair (Day), EDSA Nepa Q-Mart, E. Rodriguez Quezon City",MMDA Road Safety Unit,,efe9daa5-bd36-41af-bb31-3781cc071493,2014-10-23,03:45:00,EDSA Banahaw St. Quezon City,0,0,0,0,0,0,0,0,0,0,2014-10-23 11:45,Property,14.62805361,121.0472521,Hit Object
None,EDSA,None,None,"No Accident Factor, Side Swipe, 0.0 drivers_injured, 0.0 drivers_killed, 0.0 passengers_injured, 0.0 passengers_killed, 0.0 pedestrian_injured, 0.0 pedestrian_killed, Fair (Day), EDSA Kamias Road Quezon City",MMDA Road Safety Unit,,7f0dfcc1-7b64-4559-aaff-06c4ee714090,2014-10-23,03:30:00,EDSA Walter Mart Quezon City,0,0,0,0,0,0,0,0,0,0,2014-10-23 11:30,Property,14.6309142,121.0459376,Side Swipe
None,EDSA,None,None,"No Accident Factor, No Collision Stated (based on Police Blotter Book), 0.0 drivers_injured, 0.0 drivers_killed, 0.0 passengers_injured, 0.0 passengers_killed, 0.0 pedestrian_injured, 0.0 pedestrian_killed, Fair (Day), EDSA Main Ave.  Quezon City",MMDA Road Safety Unit,,deed5159-b42b-4da9-ba65-d1e524972d04,2014-10-23,02:15:00,"EDSA ""U"" turn slot, Quezon City Academy Quezon City",0,0,0,0,0,0,0,0,0,0,2014-10-23 10:15,Property,14.61376458,121.0537933,No Collision Stated
None,EDSA,None,None,"No Accident Factor, No Collision Stated (based on Police Blotter Book), 0.0 drivers_injured, 0.0 drivers_killed, 0.0 passengers_injured, 0.0 passengers_killed, 0.0 pedestrian_injured, 0.0 pedestrian_killed, Fair (Night), EDSA Quezon Ave. Quezon City",MMDA Road Safety Unit,,1f68206f-a600-483f-a9bd-f25059306cdd,2014-10-22,14:00:00,EDSA Balintawak Market Quezon City,0,0,0,0,0,0,0,0,0,0,2014-10-22 22:00,Property,14.6442444,121.0375839,No Collision Stated