LOCATION_TEXT,ROAD,WEATHER,LIGHT,DESC,REPORTING_AGENCY,MAIN_CAUSE,INCIDENTDETAILS_ID,DATE_UTC,TIME_UTC,ADDRESS,killed_driver,killed_passenger,killed_pedestrian,injured_driver,injured_passenger,injured_pedestrian,killed_uncategorized,injured_uncategorized,killed_total,injured_total,DATETIME_PST,SEVERITY,Y,X,COLLISION_TYPE
None,EDSA,None,None,"No Accident Factor, Rear-end, 0.0 drivers_injured, 0.0 drivers_killed, 0.0 passengers_injured, 0.0 passengers_killed, 0.0 pedestrian_injured, 0.0 pedestrian_killed, Fair (Day), EDSA Col. Bonny Serrano Ave. Quezon City",MMDA Road Safety Unit,,228feee1-bf2a-42ac-ab42-a6dcf1eb16e2,2014-10-22,07:10:00,EDSA North Ave. Quezon City,0,0,0,0,0,0,0,0,0,0,2014-10-22 15:10,Property,14.61107337,121.0550705,Rear-End
None,EDSA,None,None,"No Accident Factor, No Collision Stated (based on Police Blotter Book), 0.0 drivers_injured, 0.0 drivers_killed, 0.0 passengers_injured, 0.0 passengers_killed, 0.0 pedestrian_injured, 0.0 pedestrian_killed, Fair (Day), EDSA Quezon Ave. Quezon City",MMDA Road Safety Unit,,1b9baaa0-7f2f-437f-b938-3148e9030cb2,2014-10-22,00:00:00,"EDSA ""U"" turn slot, QC Academy, Ramon Magsaysay Quezon City",0,0,0,0,0,0,0,0,0,0,2014-10-22 8:00,Property,14.6442444,121.0375839,No Collision Stated
None,EDSA,None,None,"No Accident Factor, No Collision Stated (based on Police Blotter Book), 0.0 drivers_injured, 0.0 drivers_killed, 0.0 passengers_injured, 0.0 passengers_killed, 0.0 pedestrian_injured, 0.0 pedestrian_killed, Fair (Day), EDSA Main Ave.  Quezon City",MMDA Road Safety Unit,,0e117c70-4086-401d-8112-906952eb79e4,2014-10-21,23:45:00,EDSA Kaingin Road Quezon City,0,0,0,0,0,0,0,0,0,0,2014-10-22 7:45,Property,14.61376458,121.0537933,No Collision Stated
None,EDSA,None,None,"No Accident Factor, Hit and Run (No Collision Stated), 0.0 drivers_injured, 0.0 drivers_killed, 0.0 passengers_injured, 0.0 passengers_killed, 0.0 pedestrian_injured, 0.0 pedestrian_killed, Fair (Night), EDSA SM Annex, Pagasa Quezon City",MMDA Road Safety Unit,,99fa10a4-d57b-489a-a6e8-fb3ff6bbc03e,2014-10-21,15:00:00,EDSA Ramon Magsaysay Quezon City,0,0,0,0,0,0,0,0,0,0,2014-10-21 23:00,Property,14.65628012,121.0272074,No Collision Stated
None,EDSA,None,None,"No Accident Factor, Side Swipe, 0.0 drivers_injured, 0.0 drivers_killed, 0.0 passengers_injured, 0.0 passengers_killed, 0.0 pedestrian_injured, 0.0 pedestrian_killed, Fair (Day), EDSA Kamias Road Quezon City",MMDA Road Safety Unit,,46adc3bc-fb46-46b0-a407-5a681171bbd8,2014-10-21,07:40:00,"EDSA ""U"" turn slot, Ramon Magsaysay Quezon City",0,0,0,0,0,0,0,0,0,0,2014-10-21 15:40,Property,14.6309142,121.0459376,Side Swipe
None,EDSA,None,None,"No Accident Factor, No Collision Stated (based on Police Blotter Book), 1.0 drivers_injured, 0.0 drivers_killed, 0.0 passengers_injured, 0.0 passengers_killed, 0.0 pedestrian_injured, 0.0 pedestrian_killed, Fair (Day), EDSA  Sct. Borromeo St. Quezon City",MMDA Road Safety Unit,,b33488ad-9a4b-4d9b-bd59-037e742e755b,2014-10-21,06:30:00,EDSA Wilcon Depot Quezon City,0,0,0,1,0,0,0,0,0,1,2014-10-21 14:30,Injury,14.63718884,121.0420265,No Collision Stated
None,EDSA,None,None,"No Accident Factor, Multiple Collision, 1.0 drivers_injured, 0.0 drivers_killed, 0.0 passengers_injured, 0.0 passengers_killed, 0.0 pedestrian_injured, 0.0 pedestrian_killed, Fair (Day), EDSA Farmers Plaza Mall, Cubao Quezon City",MMDA Road Safety Unit,,52ad04e8-7f9a-430a-a49c-aa73e4ff6da0,2014-10-20,08:20:00,EDSA Santolan  Quezon City,0,0,0,1,0,0,0,0,0,1,2014-10-20 16:20,Injury,14.61920525,121.0513476,Multiple
None,EDSA,None,None,"No Accident Factor, Angle Impact, 0.0 drivers_injured, 0.0 drivers_killed, 0.0 passengers_injured, 0.0 passengers_killed, 0.0 pedestrian_injured, 0.0 pedestrian_killed, Fair (Day), EDSA  P. Tuazon Blvd.  Quezon City",MMDA Road Safety Unit,,81b1df63-c6b8-4ed4-9339-b71cf80df22f,2014-10-20,04:20:00,EDSA Jam Bus Terminal  Quezon City,0,0,0,0,0,0,0,0,0,0,2014-10-20 12:20,Property,14.61637,121.0522664,Angle Impact
None,EDSA,None,None,"No Accident Factor, No Collision Stated (based on Police Blotter Book), 0.0 drivers_injured, 0.0 drivers_killed, 0.0 passengers_injured, 0.0 passengers_killed, 0.0 pedestrian_injured, 0.0 pedestrian_killed, Fair (Day), EDSA Cloverleaf  Quezon City",MMDA Road Safety Unit,,c5b63c7f-d52d-4554-a3dc-bee8405da866,2014-10-20,00:05:00,EDSA Cloverleaf Quezon City,0,0,0,0,0,0,0,0,0,0,2014-10-20 8:05,Property,14.65742064,121.0008939,No Collision Stated
None,EDSA,None,None,"No Accident Factor, No Collision Stated (based on Police Blotter Book), 0.0 drivers_injured, 0.0 drivers_killed, 0.0 passengers_injured, 0.0 passengers_killed, 0.0 pedestrian_injured, 0.0 pedestrian_killed, Fair (Day), EDSA ""U Turn Slot"", Quezon Ave. Quezon City",MMDA Road Safety Unit,,25e880fe-6dfd-444b-a1f8-97dbd171bc40,2014-10-19,01:30:00,EDSA North Ave. MRT Station Quezon City,0,0,0,0,0,0,0,0,0,0,2014-10-19 9:30,Property,14.64514084,121.0368795,No Collision Stated
None,EDSA,None,None,"No Accident Factor, No Collision Stated (based on Police Blotter Book), 1.0 drivers_injured, 0.0 drivers_killed, 1.0 passengers_injured, 0.0 passengers_killed, 0.0 pedestrian_injured, 0.0 pedestrian_killed, Fair (Night), EDSA P. Tuazon Blvd. Quezon City",MMDA Road Safety Unit,,bfec13ad-74e2-4fdc-85d5-e0d54f0262ae,2014-10-18,18:05:00,EDSA Corregidor St. Quezon City,0,0,0,1,1,0,0,0,0,2,2014-10-19 2:05,Injury,14.61656342,121.0525225,No Collision Stated
None,EDSA,None,None,"No Accident Factor, No Collision Stated (based on Police Blotter Book), 0.0 drivers_injured, 0.0 drivers_killed, 0.0 passengers_injured, 0.0 passengers_killed, 0.0 pedestrian_injured, 0.0 pedestrian_killed, Fair (Night), EDSA ""U Turn Slot"", Trinoma Quezon City",MMDA Road Safety Unit,,0c62358c-dc1b-448f-b733-1ec02355fde8,2014-10-18,11:30:00,EDSA West Ave.  Quezon City,0,0,0,0,0,0,0,0,0,0,2014-10-18 19:30,Property,14.65363484,121.0314324,No Collision Stated
None,EDSA,None,None,"No Accident Factor, No Collision Stated (based on Police Blotter Book), 1.0 drivers_injured, 0.0 drivers_killed, 0.0 passengers_injured, 0.0 passengers_killed, 0.0 pedestrian_injured, 0.0 pedestrian_killed, Fair (Night), EDSA Kamuning Road Quezon City",MMDA Road Safety Unit,,87346782-b2fc-43f4-8bcd-e2be51d07a80,2014-10-18,11:10:00,EDSA Main Ave.  Quezon City,0,0,0,1,0,0,0,0,0,1,2014-10-18 19:10,Injury,14.63075725,121.0457548,No Collision Stated
None,EDSA,None,None,"No Accident Factor, No Collision Stated (based on Police Blotter Book), 0.0 drivers_injured, 0.0 drivers_killed, 0.0 passengers_injured, 0.0 passengers_killed, 0.0 pedestrian_injured, 0.0 pedestrian_killed, Fair (Day), EDSA SM Loading Bay, Pagasa Quezon City",MMDA Road Safety Unit,,11a84209-315a-41ad-aec5-fd4d311d62e6,2014-10-18,04:55:00,"EDSA Five Star Bus Terminal, E. Rodriguez  Quezon City",0,0,0,0,0,0,0,0,0,0,2014-10-18 12:55,Property,14.65748566,121.0224094,No Collision Stated
None,EDSA,None,None,"No Accident Factor, Side Swipe, 0.0 drivers_injured, 0.0 drivers_killed, 0.0 passengers_injured, 0.0 passengers_killed, 0.0 pedestrian_injured, 0.0 pedestrian_killed, Fair (Day), EDSA Cloverleaf Drive  Quezon City",MMDA Road Safety Unit,,68cfbb88-fb98-4a01-a927-6dbfc7aca134,2014-10-18,04:30:00,EDSA Quezon Ave. Quezon City,0,0,0,0,0,0,0,0,0,0,2014-10-18 12:30,Property,14.65740144,121.0008553,Side Swipe
None,EDSA,None,None,"No Accident Factor, Side Swipe, 0.0 drivers_injured, 0.0 drivers_killed, 0.0 passengers_injured, 0.0 passengers_killed, 0.0 pedestrian_injured, 0.0 pedestrian_killed, Fair (Day), EDSA P. Tuazon Blvd.  Quezon City",MMDA Road Safety Unit,,df775be5-d28c-421d-ba2f-7fa811529f65,2014-10-18,04:30:00,EDSA Mindanao Ave. Quezon City,0,0,0,0,0,0,0,0,0,0,2014-10-18 12:30,Property,14.61656342,121.0525225,Side Swipe
None,EDSA,None,None,"No Accident Factor, Side Swipe, 0.0 drivers_injured, 0.0 drivers_killed, 0.0 passengers_injured, 0.0 passengers_killed, 0.0 pedestrian_injured, 0.0 pedestrian_killed, Fair (Day), EDSA Ortigas Ave.  Quezon City",MMDA Road Safety Unit,,8dc0d6fa-0cff-4916-82a7-af9a64cc9cf8,2014-10-18,00:15:00,EDSA Trinoma Quezon City,0,0,0,0,0,0,0,0,0,0,2014-10-18 8:15,Property,14.59275486,121.0584221,Side Swipe
None,EDSA,None,None,"No Accident Factor, Side Swipe, 0.0 drivers_injured, 0.0 drivers_killed, 0.0 passengers_injured, 0.0 passengers_killed, 0.0 pedestrian_injured, 0.0 pedestrian_killed, Fair (Day), EDSA Shell Gas Sn., A. Samson Quezon City",MMDA Road Safety Unit,,f8224820-2dac-4786-831b-661ce01d0a4d,2014-10-17,23:00:00,EDSA Quezon Ave. Quezon City,0,0,0,0,0,0,0,0,0,0,2014-10-18 7:00,Property,14.65761329,121.0076049,Side Swipe
None,EDSA,None,None,"No Accident Factor, Side Swipe, 0.0 drivers_injured, 0.0 drivers_killed, 0.0 passengers_injured, 0.0 passengers_killed, 0.0 pedestrian_injured, 0.0 pedestrian_killed, Fair (Night), EDSA Kaingin Road Quezon City",MMDA Road Safety Unit,,ebb6f1c7-cc2a-4b5b-b32b-5167e77f0d75,2014-10-17,12:10:00,EDSA Quezon Ave. Quezon City,0,0,0,0,0,0,0,0,0,0,2014-10-17 20:10,Property,14.65746493,121.0109963,Side Swipe
None,EDSA,None,None,"No Accident Factor, No Collision Stated (based on Police Blotter Book), 0.0 drivers_injured, 0.0 drivers_killed, 0.0 passengers_injured, 0.0 passengers_killed, 0.0 pedestrian_injured, 0.0 pedestrian_killed, Fair (Day), EDSA Balintawak LRT Station  Quezon City",MMDA Road Safety Unit,,9e6cd7c6-998d-4052-b57d-90bf40fb384c,2014-10-17,04:40:00,"EDSA Jackman Emporium, R. Magsaysay Quezon City",0,0,0,0,0,0,0,0,0,0,2014-10-17 12:40,Property,14.65730869,121.0020316,No Collision Stated
None,EDSA,None,None,"No Accident Factor, No Collision Stated (based on Police Blotter Book), 0.0 drivers_injured, 0.0 drivers_killed, 0.0 passengers_injured, 0.0 passengers_killed, 0.0 pedestrian_injured, 0.0 pedestrian_killed, Fair (Day), EDSA ""U Turn Slot"", Fema Rd. Quezon City",MMDA Road Safety Unit,,22dbeaf7-e92d-4e2b-9b44-b946a8229199,2014-10-17,01:25:00,EDSA Ramon Magsaysay Quezon City,0,0,0,0,0,0,0,0,0,0,2014-10-17 9:25,Property,14.65756571,121.0160995,No Collision Stated
None,EDSA,None,None,"No Accident Factor, Rear-end, 0.0 drivers_injured, 0.0 drivers_killed, 0.0 passengers_injured, 0.0 passengers_killed, 0.0 pedestrian_injured, 0.0 pedestrian_killed, Fair (Day), EDSA Timog Ave. Quezon City",MMDA Road Safety Unit,,a6046a27-f21e-4dfc-b445-b9dfd1d31a08,2014-10-17,00:00:00,EDSA West Ave.  Quezon City,0,0,0,0,0,0,0,0,0,0,2014-10-17 8:00,Property,14.63293559,121.0446304,Rear-End
None,EDSA,None,None,"No Accident Factor, Angle Impact, 0.0 drivers_injured, 0.0 drivers_killed, 0.0 passengers_injured, 0.0 passengers_killed, 0.0 pedestrian_injured, 0.0 pedestrian_killed, Fair (Day), EDSA Kamuning Road Quezon City",MMDA Road Safety Unit,,d8089e7e-6dfc-4bd5-b418-a0def155b199,2014-10-16,23:55:00,EDSA E. Garcia St.  Quezon City,0,0,0,0,0,0,0,0,0,0,2014-10-17 7:55,Property,14.63075725,121.0457548,Angle Impact
None,EDSA,None,None,"No Accident Factor, No Collision Stated (based on Police Blotter Book), 0.0 drivers_injured, 0.0 drivers_killed, 0.0 passengers_injured, 0.0 passengers_killed, 0.0 pedestrian_injured, 0.0 pedestrian_killed, Fair (Day), EDSA P. Tuazon Blvd.  Quezon City",MMDA Road Safety Unit,,6632fc92-74a0-4d36-8e6e-6e90ad6f10d1,2014-10-16,06:35:00,EDSA Kaingin Road Quezon City,0,0,0,0,0,0,0,0,0,0,2014-10-16 14:35,Property,14.61656342,121.0525225,No Collision Stated
None,EDSA,None,None,"No Accident Factor, No Collision Stated (based on Police Blotter Book), 0.0 drivers_injured, 0.0 drivers_killed, 0.0 passengers_injured, 0.0 passengers_killed, 0.0 pedestrian_injured, 0.0 pedestrian_killed, Fair (Day), EDSA P. Tuazon Blvd.  Quezon City",MMDA Road Safety Unit,,474f7b5f-9fe6-45c4-a6f3-168130ccce18,2014-10-16,02:25:00,EDSA North Ave Quezon City,0,0,0,0,0,0,0,0,0,0,2014-10-16 10:25,Property,14.61656342,121.0525225,No Collision Stated
None,EDSA,None,None,"No Accident Factor, No Collision Stated (based on Police Blotter Book), 0.0 drivers_injured, 0.0 drivers_killed, 0.0 passengers_injured, 0.0 passengers_killed, 0.0 pedestrian_injured, 0.0 pedestrian_killed, Fair (Night), EDSA Aurora Blvd. Quezon City",MMDA Road Safety Unit,,7a04a441-e0b4-436d-ac36-e1c738bbe6df,2014-10-15,13:40:00,EDSA Ortigas Ave.  Quezon City,0,0,0,0,0,0,0,0,0,0,2014-10-15 21:40,Property,14.62163653,121.0501573,No Collision Stated
None,EDSA,None,None,"No Accident Factor, Rear-end, 0.0 drivers_injured, 0.0 drivers_killed, 2.0 passengers_injured, 0.0 passengers_killed, 0.0 pedestrian_injured, 0.0 pedestrian_killed, Fair (Day), EDSA  Kamias Road Quezon City",MMDA Road Safety Unit,,0d221d22-b6e7-46dc-b682-99bbd483847d,2014-10-15,09:45:00,EDSA Camp Aguinaldo Quezon City,0,0,0,0,2,0,0,0,0,2,2014-10-15 17:45,Injury,14.63094996,121.045925,Rear-End
None,EDSA,None,None,"No Accident Factor, Side Swipe, 0.0 drivers_injured, 0.0 drivers_killed, 0.0 passengers_injured, 0.0 passengers_killed, 0.0 pedestrian_injured, 0.0 pedestrian_killed, Fair (Day), EDSA Roosevelt Ave.  Quezon City",MMDA Road Safety Unit,,ae58a30f-e5d6-4ca3-8b5c-c3f16d3d1812,2014-10-15,07:50:00,EDSA Timog Ave.  Quezon City,0,0,0,0,0,0,0,0,0,0,2014-10-15 15:50,Property,14.65762047,121.0196373,Side Swipe
None,EDSA,None,None,"No Accident Factor, Side Swipe, 0.0 drivers_injured, 0.0 drivers_killed, 0.0 passengers_injured, 0.0 passengers_killed, 0.0 pedestrian_injured, 0.0 pedestrian_killed, Fair (Day), EDSA P. Tuazon Blvd. Quezon City",MMDA Road Safety Unit,,3e3cc594-6be1-495e-959e-0d97286428e3,2014-10-15,02:10:00,"EDSA ""U"" turn slot, Bagong Pagasa Quezon City",0,0,0,0,0,0,0,0,0,0,2014-10-15 10:10,Property,14.61656342,121.0525225,Side Swipe
None,EDSA,None,None,"No Accident Factor, No Collision Stated (based on Police Blotter Book), 1.0 drivers_injured, 0.0 drivers_killed, 0.0 passengers_injured, 0.0 passengers_killed, 0.0 pedestrian_injured, 0.0 pedestrian_killed, Fair (Day), EDSA ""U Turn Slot"", Roosevelt Ave. Quezon City",MMDA Road Safety Unit,,48533bfc-3cf1-4d2b-8982-c4fb780cf747,2014-10-15,01:45:00,EDSA Scout Borromeo  Quezon City,0,0,0,1,0,0,0,0,0,1,2014-10-15 9:45,Injury,14.65770639,121.0197573,No Collision Stated
None,EDSA,None,None,"No Accident Factor, No Collision Stated (based on Police Blotter Book), 0.0 drivers_injured, 0.0 drivers_killed, 1.0 passengers_injured, 0.0 passengers_killed, 0.0 pedestrian_injured, 0.0 pedestrian_killed, Fair (Day), EDSA Royal St. Quezon City",MMDA Road Safety Unit,,d3ead8c2-fb04-49f0-a6e5-819aabbcf684,2014-10-14,23:20:00,EDSA Kamias Road Quezon City,0,0,0,0,1,0,0,0,0,1,2014-10-15 7:20,Injury,14.65767141,121.0107008,No Collision Stated
None,EDSA,None,None,"No Accident Factor, Hit and Run (No Collision Stated), 1.0 drivers_injured, 0.0 drivers_killed, 0.0 passengers_injured, 0.0 passengers_killed, 0.0 pedestrian_injured, 0.0 pedestrian_killed, Fair (Night), EDSA Main Ave. Quezon City",MMDA Road Safety Unit,,5f18a93f-fbe6-4614-bdc5-b92078f13793,2014-10-14,18:00:00,"EDSA ""U"" turn slot, Bagong Pagasa Quezon City",0,0,0,1,0,0,0,0,0,1,2014-10-15 2:00,Injury,14.61376458,121.0537933,No Collision Stated
None,EDSA,None,None,"No Accident Factor, No Collision Stated (based on Police Blotter Book), 1.0 drivers_injured, 0.0 drivers_killed, 0.0 passengers_injured, 0.0 passengers_killed, 0.0 pedestrian_injured, 0.0 pedestrian_killed, Fair (Night), EDSA Kaingin Road Quezon City",MMDA Road Safety Unit,,edc4076c-ed39-4d1f-860f-3b47da834173,2014-10-14,12:20:00,EDSA Roosevelt Ave.  Quezon City,0,0,0,1,0,0,0,0,0,1,2014-10-14 20:20,Injury,14.65746493,121.0109963,No Collision Stated
None,EDSA,None,None,"No Accident Factor, Side Swipe, 0.0 drivers_injured, 0.0 drivers_killed, 0.0 passengers_injured, 0.0 passengers_killed, 0.0 pedestrian_injured, 0.0 pedestrian_killed, Fair (Night), EDSA Misamis St. Quezon City",MMDA Road Safety Unit,,d798f196-47da-4c87-b201-a9bd6b72e275,2014-10-14,10:50:00,EDSA Roosevelt Ave.  Quezon City,0,0,0,0,0,0,0,0,0,0,2014-10-14 18:50,Property,14.65602348,121.0285212,Side Swipe
None,EDSA,None,None,"No Accident Factor, No Collision Stated (based on Police Blotter Book), 0.0 drivers_injured, 0.0 drivers_killed, 0.0 passengers_injured, 0.0 passengers_killed, 0.0 pedestrian_injured, 0.0 pedestrian_killed, Fair (Night), EDSA ""U Turn Slot"", Quezon Ave. Quezon City",MMDA Road Safety Unit,,2c79405e-0ece-4e49-8f39-2df949cd70b3,2014-10-14,10:00:00,EDSA How Mart Road Quezon City,0,0,0,0,0,0,0,0,0,0,2014-10-14 18:00,Property,14.64514084,121.0368795,No Collision Stated
None,EDSA,None,None,"No Accident Factor, Rear-end, 0.0 drivers_injured, 0.0 drivers_killed, 0.0 passengers_injured, 0.0 passengers_killed, 0.0 pedestrian_injured, 0.0 pedestrian_killed, Fair (Day), EDSA ""U"" turn slot, Ortigas Ave. Quezon City",MMDA Road Safety Unit,,e3f7087f-cf5f-470e-a956-5bcce00cd4d0,2014-10-14,08:30:00,EDSA Balintawak Market  Quezon City,0,0,0,0,0,0,0,0,0,0,2014-10-14 16:30,Property,14.59252096,121.0581848,Rear-End
None,EDSA,None,None,"No Accident Factor, Hit Parked Vehicle, 0.0 drivers_injured, 0.0 drivers_killed, 0.0 passengers_injured, 0.0 passengers_killed, 0.0 pedestrian_injured, 0.0 pedestrian_killed, Fair (Night), EDSA GMA Drive Quezon City",MMDA Road Safety Unit,,33e429e0-faf7-4036-8403-0e8313447b59,2014-10-14,03:35:00,EDSA Main Ave.  Quezon City,0,0,0,0,0,0,0,0,0,0,2014-10-14 11:35,Property,14.63467214,121.0435714,Hit Object
None,EDSA,None,None,"No Accident Factor, No Collision Stated (based on Police Blotter Book), 0.0 drivers_injured, 0.0 drivers_killed, 0.0 passengers_injured, 0.0 passengers_killed, 0.0 pedestrian_injured, 0.0 pedestrian_killed, Fair (Day), EDSA Roosevelt Ave. Quezon City",MMDA Road Safety Unit,,e6d04fa9-a47c-4042-afea-2e91bb6ce28f,2014-10-14,01:30:00,EDSA Ortigas Ave. Quezon City,0,0,0,0,0,0,0,0,0,0,2014-10-14 9:30,Property,14.65762047,121.0196373,No Collision Stated
None,EDSA,None,None,"No Accident Factor, Hit and Run (No Collision Stated), 0.0 drivers_injured, 0.0 drivers_killed, 0.0 passengers_injured, 0.0 passengers_killed, 0.0 pedestrian_injured, 0.0 pedestrian_killed, Fair (Day), EDSA Camp Aguinaldo, Socorro Quezon City",MMDA Road Safety Unit,,52d31eca-eaa4-4888-992e-1791116c63e6,2014-10-14,00:55:00,EDSA Col. Bonny Serrano Ave. Quezon City,0,0,0,0,0,0,0,0,0,0,2014-10-14 8:55,Property,14.6098829,121.0556752,No Collision Stated
None,EDSA,None,None,"No Accident Factor, Side Swipe, 0.0 drivers_injured, 0.0 drivers_killed, 0.0 passengers_injured, 0.0 passengers_killed, 0.0 pedestrian_injured, 0.0 pedestrian_killed, Fair (Night), EDSA Balintawak Market Quezon City",MMDA Road Safety Unit,,471ca52a-5818-43ea-acd6-17eeeb44bb6e,2014-10-13,11:20:00,EDSA P. Tuazon Blvd. Quezon City,0,0,0,0,0,0,0,0,0,0,2014-10-13 19:20,Property,14.65740947,121.0025737,Side Swipe
None,EDSA,None,None,"No Accident Factor, No Collision Stated (based on Police Blotter Book), 0.0 drivers_injured, 0.0 drivers_killed, 0.0 passengers_injured, 0.0 passengers_killed, 0.0 pedestrian_injured, 0.0 pedestrian_killed, Fair (Night), EDSA Kamuning Road Quezon City",MMDA Road Safety Unit,,28c1cf2e-85b6-49de-a609-908c3272fc1c,2014-10-13,08:25:00,EDSA East Ave. Quezon City,0,0,0,0,0,0,0,0,0,0,2014-10-13 16:25,Property,14.63075725,121.0457548,No Collision Stated
None,EDSA,None,None,"No Accident Factor, No Collision Stated (based on Police Blotter Book), 0.0 drivers_injured, 0.0 drivers_killed, 0.0 passengers_injured, 0.0 passengers_killed, 0.0 pedestrian_injured, 0.0 pedestrian_killed, Fair (Night), EDSA Santolan MRT Station  Quezon City",MMDA Road Safety Unit,,a373293d-64e2-48be-ba53-5faa7c5fdd59,2014-10-13,07:15:00,EDSA Monte De Piedad Quezon City,0,0,0,0,0,0,0,0,0,0,2014-10-13 15:15,Property,14.60773988,121.0564577,No Collision Stated
None,EDSA,None,None,"No Accident Factor, No Collision Stated (based on Police Blotter Book), 0.0 drivers_injured, 0.0 drivers_killed, 0.0 passengers_injured, 0.0 passengers_killed, 0.0 pedestrian_injured, 0.0 pedestrian_killed, Fair (Day), EDSA North Ave. Quezon City",MMDA Road Safety Unit,,9bb56602-8540-4d37-971e-e55772f119c8,2014-10-13,06:00:00,"EDSA ""U"" turn slot, Ramon Magsaysay Quezon City",0,0,0,0,0,0,0,0,0,0,2014-10-13 14:00,Property,14.65553839,121.0299647,No Collision Stated
None,EDSA,None,None,"No Accident Factor, No Collision Stated (based on Police Blotter Book), 0.0 drivers_injured, 0.0 drivers_killed, 0.0 passengers_injured, 0.0 passengers_killed, 0.0 pedestrian_injured, 0.0 pedestrian_killed, Fair (Day), EDSA SM City North Quezon City",MMDA Road Safety Unit,,749097ac-7762-434f-8155-c7ce023b4869,2014-10-13,04:40:00,"EDSA ""U"" turn slot, Bungad Quezon City",0,0,0,0,0,0,0,0,0,0,2014-10-13 12:40,Property,14.6563096,121.02741,No Collision Stated
None,EDSA,None,None,"No Accident Factor, Side Swipe, 1.0 drivers_injured, 0.0 drivers_killed, 0.0 passengers_injured, 0.0 passengers_killed, 0.0 pedestrian_injured, 0.0 pedestrian_killed, Fair (Night), EDSA Liberty St.  Quezon City",MMDA Road Safety Unit,,c3d07d12-17d5-4c96-b503-e5b23918a108,2014-10-13,00:45:00,"EDSA ""U"" turn slot, Quezon City Academy Quezon City",0,0,0,1,0,0,0,0,0,1,2014-10-13 8:45,Injury,14.61201463,121.0547211,Side Swipe
None,EDSA,None,None,"No Accident Factor, No Collision Stated (based on Police Blotter Book), 0.0 drivers_injured, 0.0 drivers_killed, 0.0 passengers_injured, 0.0 passengers_killed, 0.0 pedestrian_injured, 0.0 pedestrian_killed, Fair (Night), EDSA Congressional Ave. Quezon City",MMDA Road Safety Unit,,b36bf36e-b82e-4fea-8953-3484cc2b5dc7,2014-10-12,10:40:00,EDSA Robinsons Galleria basement parking Quezon City,0,0,0,0,0,0,0,0,0,0,2014-10-12 18:40,Property,14.6571804,120.9927185,No Collision Stated
None,EDSA,None,None,"No Accident Factor, Side Swipe, 0.0 drivers_injured, 0.0 drivers_killed, 0.0 passengers_injured, 0.0 passengers_killed, 0.0 pedestrian_injured, 0.0 pedestrian_killed, Fair (Day), EDSA Robinsons Galleria, Ugong Norte Quezon City",MMDA Road Safety Unit,,cebb1f45-cb39-43a8-8a22-bf51d6b7fd87,2014-10-12,07:00:00,EDSA Monte De Piedad St.  Quezon City,0,0,0,0,0,0,0,0,0,0,2014-10-12 15:00,Property,14.59206941,121.058228,Side Swipe
None,EDSA,None,None,"No Accident Factor, Rear-end, 0.0 drivers_injured, 0.0 drivers_killed, 0.0 passengers_injured, 0.0 passengers_killed, 0.0 pedestrian_injured, 0.0 pedestrian_killed, Fair (Night), EDSA Timog Ave.  Quezon City",MMDA Road Safety Unit,,8c5848e0-40b2-402b-92c0-d1ce2d31e1b6,2014-10-12,06:35:00,"EDSA ""U"" turn slot, Bungad Quezon City",0,0,0,0,0,0,0,0,0,0,2014-10-12 14:35,Property,14.63293559,121.0446304,Rear-End
None,EDSA,None,None,"No Accident Factor, No Collision Stated (based on Police Blotter Book), 0.0 drivers_injured, 0.0 drivers_killed, 0.0 passengers_injured, 0.0 passengers_killed, 0.0 pedestrian_injured, 0.0 pedestrian_killed, Fair (Night), EDSA Monte De Piedad St.  Quezon City",MMDA Road Safety Unit,,f50b09ed-417c-4e1c-a971-5975726ec7cd,2014-10-11,20:00:00,EDSA Timog Ave.  Quezon City,0,0,0,0,0,0,0,0,0,0,2014-10-12 4:00,Property,14.62346937,121.0491711,No Collision Stated
None,EDSA,None,None,"No Accident Factor, Hit Object (Barrier-Concrete), 0.0 drivers_injured, 0.0 drivers_killed, 0.0 passengers_injured, 0.0 passengers_killed, 0.0 pedestrian_injured, 0.0 pedestrian_killed, Fair (Night), EDSA Mapagmahal St.  Quezon City",MMDA Road Safety Unit,,bf10bfaf-5e90-481a-a30c-81a82cc66eb9,2014-10-11,19:00:00,EDSA P. Tuazon St. Quezon City,0,0,0,0,0,0,0,0,0,0,2014-10-12 3:00,Property,14.63185046,121.0455315,Hit Object
None,EDSA,None,None,"No Accident Factor, No Collision Stated (based on Police Blotter Book), 0.0 drivers_injured, 0.0 drivers_killed, 0.0 passengers_injured, 0.0 passengers_killed, 0.0 pedestrian_injured, 0.0 pedestrian_killed, Fair (Night), EDSA Quezon Ave. Quezon City",MMDA Road Safety Unit,,2cf5376f-171b-4dab-a748-102efc2c2704,2014-10-11,14:10:00,EDSA San Martin de Porres Quezon City,0,0,0,0,0,0,0,0,0,0,2014-10-11 22:10,Property,14.6442444,121.0375839,No Collision Stated