LOCATION_TEXT,ROAD,WEATHER,LIGHT,DESC,REPORTING_AGENCY,MAIN_CAUSE,INCIDENTDETAILS_ID,DATE_UTC,TIME_UTC,ADDRESS,killed_driver,killed_passenger,killed_pedestrian,injured_driver,injured_passenger,injured_pedestrian,killed_uncategorized,injured_uncategorized,killed_total,injured_total,DATETIME_PST,SEVERITY,Y,X,COLLISION_TYPE
None,EDSA,None,None,"No Accident Factor, Rear-end, 0.0 drivers_injured, 0.0 drivers_killed, 0.0 passengers_injured, 0.0 passengers_killed, 0.0 pedestrian_injured, 0.0 pedestrian_killed, Fair (Night), EDSA Cloverleaf Road Quezon City",MMDA Road Safety Unit,,9c09dfe4-4df9-4642-ba8c-f8b559ce5d15,2014-10-01,11:40:00,EDSA P. Tuazon Blvd. Quezon City,0,0,0,0,0,0,0,0,0,0,2014-10-01 19:40,Property,14.65747901,121.0011914,Rear-End
None,EDSA,None,None,"No Accident Factor, Side Swipe, 0.0 drivers_injured, 0.0 drivers_killed, 0.0 passengers_injured, 0.0 passengers_killed, 0.0 pedestrian_injured, 0.0 pedestrian_killed, Fair (Night), EDSA Panay Ave.  Quezon City",MMDA Road Safety Unit,,27864fd9-364c-4c66-af39-2608efc69494,2014-10-01,02:15:00,"EDSA ""U"" Turn Slot, Ramon Magsaysay Quezon City",0,0,0,0,0,0,0,0,0,0,2014-10-01 10:15,Property,14.64294686,121.0381076,Side Swipe
None,EDSA,None,None,"No Accident Factor, No Collision Stated (based on Police Blotter Book), 0.0 drivers_injured, 0.0 drivers_killed, 0.0 passengers_injured, 0.0 passengers_killed, 0.0 pedestrian_injured, 0.0 pedestrian_killed, Fair (Day), EDSA North Ave. Quezon City",MMDA Road Safety Unit,,cbd4f1a5-5c07-407e-bc26-a1d8f3c54178,2014-09-30,23:25:00,EDSA SM North Edsa Quezon City,0,0,0,0,0,0,0,0,0,0,2014-10-01 7:25,Property,14.65553839,121.0299647,No Collision Stated
None,EDSA,None,None,"No Accident Factor, No Collision Stated (based on Police Blotter Book), 0.0 drivers_injured, 0.0 drivers_killed, 0.0 passengers_injured, 0.0 passengers_killed, 0.0 pedestrian_injured, 0.0 pedestrian_killed, Fair (Night), EDSA North Ave. Quezon City",MMDA Road Safety Unit,,b18dda52-6098-4fb8-a8cd-03441e88b85f,2014-09-30,15:15:00,EDSA MRT North Station Quezon City,0,0,0,0,0,0,0,0,0,0,2014-09-30 23:15,Property,14.65553839,121.0299647,No Collision Stated
None,EDSA,None,None,"No Accident Factor, Rear-end, 0.0 drivers_injured, 0.0 drivers_killed, 0.0 passengers_injured, 0.0 passengers_killed, 0.0 pedestrian_injured, 0.0 pedestrian_killed, Fair (Night), EDSA Kamuning Road  Quezon City",MMDA Road Safety Unit,,9b380a99-ba88-4416-b919-a432c752eb58,2014-09-30,13:30:00,EDSA Aurora Blvd.  Quezon City,0,0,0,0,0,0,0,0,0,0,2014-09-30 21:30,Property,14.63075725,121.0457548,Rear-End
None,EDSA,None,None,"No Accident Factor, No Collision Stated (based on Police Blotter Book), 0.0 drivers_injured, 0.0 drivers_killed, 0.0 passengers_injured, 0.0 passengers_killed, 0.0 pedestrian_injured, 0.0 pedestrian_killed, Fair (Day), EDSA North Ave. Quezon City",MMDA Road Safety Unit,,66c0349d-30cf-403a-9c9c-2992b83d449e,2014-09-30,09:00:00,EDSA Quezon Ave.  Quezon City,0,0,0,0,0,0,0,0,0,0,2014-09-30 17:00,Property,14.65553839,121.0299647,No Collision Stated
None,EDSA,None,None,"No Accident Factor, Angle Impact, 0.0 drivers_injured, 0.0 drivers_killed, 0.0 passengers_injured, 0.0 passengers_killed, 0.0 pedestrian_injured, 0.0 pedestrian_killed, Fair (Day), EDSA ""U"" turn slot, Col. Bonny Serrano Ave.  Quezon City",MMDA Road Safety Unit,,86ef2b35-471f-46ea-8723-a26c4348ae84,2014-09-30,01:55:00,EDSA Jam Liner Bus Terminal  Quezon City,0,0,0,0,0,0,0,0,0,0,2014-09-30 9:55,Property,14.61044174,121.0551657,Angle Impact
None,EDSA,None,None,"No Accident Factor, Rear-end, 0.0 drivers_injured, 0.0 drivers_killed, 0.0 passengers_injured, 0.0 passengers_killed, 0.0 pedestrian_injured, 0.0 pedestrian_killed, Fair (Night), EDSA Royal  Quezon City",MMDA Road Safety Unit,,e2301a9e-a646-49e8-ae40-75455849a86b,2014-09-29,14:45:00,EDSA Farmers Quezon City,0,0,0,0,0,0,0,0,0,0,2014-09-29 22:45,Property,14.65767141,121.0107008,Rear-End
None,EDSA,None,None,"No Accident Factor, No Collision Stated (based on Police Blotter Book), 0.0 drivers_injured, 0.0 drivers_killed, 0.0 passengers_injured, 0.0 passengers_killed, 0.0 pedestrian_injured, 0.0 pedestrian_killed, Fair (Night), EDSA Roosevelt Ave. Quezon City",MMDA Road Safety Unit,,e6e00970-a2bf-4bd2-a391-a70402c1d93f,2014-09-29,11:15:00,EDSA Ramon Magsaysay Quezon City,0,0,0,0,0,0,0,0,0,0,2014-09-29 19:15,Property,14.65762047,121.0196373,No Collision Stated
None,EDSA,None,None,"No Accident Factor, No Collision Stated (based on Police Blotter Book), 0.0 drivers_injured, 0.0 drivers_killed, 0.0 passengers_injured, 0.0 passengers_killed, 0.0 pedestrian_injured, 0.0 pedestrian_killed, Fair (Day), EDSA Monte De Piedad St.  Quezon City",MMDA Road Safety Unit,,7117bb0f-e8e4-4b4b-ad11-1d53d0616810,2014-09-29,09:40:00,EDSA Jam Liner Terminal Cubao  Quezon City,0,0,0,0,0,0,0,0,0,0,2014-09-29 17:40,Property,14.62346937,121.0491711,No Collision Stated
None,EDSA,None,None,"No Accident Factor, Angle Impact, 0.0 drivers_injured, 0.0 drivers_killed, 0.0 passengers_injured, 0.0 passengers_killed, 0.0 pedestrian_injured, 0.0 pedestrian_killed, Fair (Day), EDSA Scout Borromeo St. Quezon City",MMDA Road Safety Unit,,70085c20-a271-4d7c-8f72-22f90d8faa9b,2014-09-29,07:30:00,EDSA Oliveros St. Quezon City,0,0,0,0,0,0,0,0,0,0,2014-09-29 15:30,Property,14.63715712,121.0419507,Angle Impact
None,EDSA,None,None,"No Accident Factor, No Collision Stated (based on Police Blotter Book), 0.0 drivers_injured, 0.0 drivers_killed, 0.0 passengers_injured, 0.0 passengers_killed, 0.0 pedestrian_injured, 0.0 pedestrian_killed, Fair (Day), EDSA Eton Centris Exit Quezon City",MMDA Road Safety Unit,,89d041ae-2f4c-4b1e-ba11-1511053dccca,2014-09-29,07:30:00,EDSA North Ave Quezon City,0,0,0,0,0,0,0,0,0,0,2014-09-29 15:30,Property,14.64266722,121.0386872,No Collision Stated
None,EDSA,None,None,"No Accident Factor, No Collision Stated (based on Police Blotter Book), 0.0 drivers_injured, 0.0 drivers_killed, 0.0 passengers_injured, 0.0 passengers_killed, 0.0 pedestrian_injured, 0.0 pedestrian_killed, Fair (Day), EDSA Quezon Ave. Quezon City",MMDA Road Safety Unit,,30fe655d-e5e7-48c2-87d3-eeb7abf75015,2014-09-29,04:50:00,EDSA Roosevelt Ave.     Quezon City,0,0,0,0,0,0,0,0,0,0,2014-09-29 12:50,Property,14.6442444,121.0375839,No Collision Stated
None,EDSA,None,None,"No Accident Factor, Side Swipe, 0.0 drivers_injured, 0.0 drivers_killed, 0.0 passengers_injured, 0.0 passengers_killed, 0.0 pedestrian_injured, 0.0 pedestrian_killed, Fair (Day), EDSA Boni Serrano St.  Quezon City",MMDA Road Safety Unit,,134089f0-dd17-4f44-bd11-c16a2fb38867,2014-09-29,00:45:00,EDSA E. Garcia St.  Quezon City,0,0,0,0,0,0,0,0,0,0,2014-09-29 8:45,Property,14.61098097,121.055172,Side Swipe
None,EDSA,None,None,"No Accident Factor, Rear-end, 0.0 drivers_injured, 0.0 drivers_killed, 0.0 passengers_injured, 0.0 passengers_killed, 0.0 pedestrian_injured, 0.0 pedestrian_killed, Fair (Day), EDSA Col. Bonny Serrano Ave. Service Road Quezon City",MMDA Road Safety Unit,,aa494d41-1e8c-4e16-a5f3-6cbba241854a,2014-09-29,00:45:00,EDSA Timog Ave.  Quezon City,0,0,0,0,0,0,0,0,0,0,2014-09-29 8:45,Property,14.61107337,121.0550705,Rear-End
None,EDSA,None,None,"No Accident Factor, Side Swipe, 0.0 drivers_injured, 0.0 drivers_killed, 0.0 passengers_injured, 0.0 passengers_killed, 0.0 pedestrian_injured, 0.0 pedestrian_killed, Fair (Day), EDSA Quezon Ave. Mc Donalds Quezon City",MMDA Road Safety Unit,,92655dd2-9235-41a4-8646-04236e906fa5,2014-09-28,04:15:00,EDSA Monte de Piedad St. Quezon City,0,0,0,0,0,0,0,0,0,0,2014-09-28 12:15,Property,14.6442444,121.0375839,Side Swipe
None,EDSA,None,None,"No Accident Factor, Rear-end, 0.0 drivers_injured, 0.0 drivers_killed, 0.0 passengers_injured, 0.0 passengers_killed, 0.0 pedestrian_injured, 0.0 pedestrian_killed, Fair (Night), EDSA West Ave.  Quezon City",MMDA Road Safety Unit,,feef06db-1f15-4278-8203-4c8b8926d3ec,2014-09-27,11:00:00,EDSA Kamuning Road Quezon City,0,0,0,0,0,0,0,0,0,0,2014-09-27 19:00,Property,14.65548924,121.0298079,Rear-End
None,EDSA,None,None,"No Accident Factor, Hit and Run (No Collision Stated), 0.0 drivers_injured, 0.0 drivers_killed, 0.0 passengers_injured, 0.0 passengers_killed, 0.0 pedestrian_injured, 0.0 pedestrian_killed, Fair (Night), EDSA Kamias Road Quezon City",MMDA Road Safety Unit,,1956cf66-8ca9-4650-9010-2df41de3eae9,2014-09-27,10:45:00,EDSA SM City North Quezon City,0,0,0,0,0,0,0,0,0,0,2014-09-27 18:45,Property,14.6309142,121.0459376,No Collision Stated
None,EDSA,None,None,"No Accident Factor, Side Swipe, 0.0 drivers_injured, 0.0 drivers_killed, 0.0 passengers_injured, 0.0 passengers_killed, 0.0 pedestrian_injured, 0.0 pedestrian_killed, Fair (Day), EDSA Five Star Bus Terminal, E. Rodriguez Quezon City",MMDA Road Safety Unit,,7fad3f79-8674-4f4b-baad-2fb824f50f4a,2014-09-27,06:15:00,"EDSA ""U"" turn slot, Boni Serrano St. Quezon City",0,0,0,0,0,0,0,0,0,0,2014-09-27 14:15,Property,14.62375691,121.0492447,Side Swipe
None,EDSA,None,None,"No Accident Factor, No Collision Stated (based on Police Blotter Book), 0.0 drivers_injured, 0.0 drivers_killed, 0.0 passengers_injured, 0.0 passengers_killed, 0.0 pedestrian_injured, 0.0 pedestrian_killed, Fair (Day), EDSA Misamis St. Quezon City",MMDA Road Safety Unit,,518d384d-b091-49f2-badf-983776d67414,2014-09-27,05:10:00,EDSA Col. Boni Serrano Ave. Quezon City,0,0,0,0,0,0,0,0,0,0,2014-09-27 13:10,Property,14.65602348,121.0285212,No Collision Stated
None,EDSA,None,None,"No Accident Factor, Side Swipe, 0.0 drivers_injured, 0.0 drivers_killed, 0.0 passengers_injured, 0.0 passengers_killed, 0.0 pedestrian_injured, 0.0 pedestrian_killed, Fair (Day), EDSA Misamis St. Quezon City",MMDA Road Safety Unit,,14bd09f2-df5b-4989-a072-f9aa411f0b7f,2014-09-27,04:45:00,EDSA Main Ave. Quezon City,0,0,0,0,0,0,0,0,0,0,2014-09-27 12:45,Property,14.65602348,121.0285212,Side Swipe
None,EDSA,None,None,"No Accident Factor, No Collision Stated (based on Police Blotter Book), 0.0 drivers_injured, 0.0 drivers_killed, 0.0 passengers_injured, 0.0 passengers_killed, 0.0 pedestrian_injured, 0.0 pedestrian_killed, Fair (Day), EDSA Quezon Ave. Quezon City",MMDA Road Safety Unit,,e265ffa7-4454-4cf4-b213-cdd0cd117c57,2014-09-27,02:30:00,EDSA Seminary Road Quezon City,0,0,0,0,0,0,0,0,0,0,2014-09-27 10:30,Property,14.6442444,121.0375839,No Collision Stated
None,EDSA,None,None,"No Accident Factor, Side Swipe, 0.0 drivers_injured, 0.0 drivers_killed, 0.0 passengers_injured, 0.0 passengers_killed, 0.0 pedestrian_injured, 0.0 pedestrian_killed, Fair (Night), EDSA North Ave. Quezon City",MMDA Road Safety Unit,,a2911769-7c3a-457a-8ea3-62c9016e0472,2014-09-26,15:15:00,EDSA East Ave. Quezon City,0,0,0,0,0,0,0,0,0,0,2014-09-26 23:15,Property,14.65553839,121.0299647,Side Swipe
None,EDSA,None,None,"No Accident Factor, Rear-end, 0.0 drivers_injured, 0.0 drivers_killed, 0.0 passengers_injured, 0.0 passengers_killed, 0.0 pedestrian_injured, 0.0 pedestrian_killed, Fair (Night), EDSA Paramount Loading Bay Philam  Quezon City",MMDA Road Safety Unit,,2c2ed390-0425-4fe7-b634-7d8916e4477a,2014-09-26,14:00:00,EDSA Femia Road Quezon City,0,0,0,0,0,0,0,0,0,0,2014-09-26 22:00,Property,14.6555967,121.0297922,Rear-End
None,EDSA,None,None,"No Accident Factor, Side Swipe, 0.0 drivers_injured, 0.0 drivers_killed, 0.0 passengers_injured, 0.0 passengers_killed, 0.0 pedestrian_injured, 0.0 pedestrian_killed, Fair (Night), EDSA Monte De Piedad St.  Quezon City",MMDA Road Safety Unit,,780329ce-2c1f-4b74-95b1-c54da8b6572d,2014-09-26,13:30:00,EDSA Main Ave.  Quezon City,0,0,0,0,0,0,0,0,0,0,2014-09-26 21:30,Property,14.62346937,121.0491711,Side Swipe
None,EDSA,None,None,"No Accident Factor, Rear-end, 0.0 drivers_injured, 0.0 drivers_killed, 0.0 passengers_injured, 0.0 passengers_killed, 0.0 pedestrian_injured, 0.0 pedestrian_killed, Fair (Night), EDSA Cloverleaf Drive  Quezon City",MMDA Road Safety Unit,,6969bb56-2f77-4a63-8ded-ed72f166b44a,2014-09-26,12:00:00,EDSA K-3rd St.  Quezon City,0,0,0,0,0,0,0,0,0,0,2014-09-26 20:00,Property,14.65740144,121.0008553,Rear-End
None,EDSA,None,None,"No Accident Factor, Rear-end, 0.0 drivers_injured, 0.0 drivers_killed, 0.0 passengers_injured, 0.0 passengers_killed, 0.0 pedestrian_injured, 0.0 pedestrian_killed, Fair (Day), EDSA P. Tuazon Blvd. Quezon City",MMDA Road Safety Unit,,06eaf125-d347-449d-9208-728e15f08d2b,2014-09-26,09:25:00,EDSA Congressional Ave Quezon City,0,0,0,0,0,0,0,0,0,0,2014-09-26 17:25,Property,14.61656342,121.0525225,Rear-End
None,EDSA,None,None,"No Accident Factor, Rear-end, 0.0 drivers_injured, 0.0 drivers_killed, 0.0 passengers_injured, 0.0 passengers_killed, 0.0 pedestrian_injured, 0.0 pedestrian_killed, Fair (Day), EDSA Ermin Garcia St.  Quezon City",MMDA Road Safety Unit,,240064c3-651c-4235-b343-05c42e20c684,2014-09-26,07:50:00,EDSA Monte de Piedad St. Quezon City,0,0,0,0,0,0,0,0,0,0,2014-09-26 15:50,Property,14.62758814,121.047487,Rear-End
None,EDSA,None,None,"No Accident Factor, Rear-end, 0.0 drivers_injured, 0.0 drivers_killed, 0.0 passengers_injured, 0.0 passengers_killed, 0.0 pedestrian_injured, 0.0 pedestrian_killed, Fair (Day), EDSA P. Tuazon Blvd.  Quezon City",MMDA Road Safety Unit,,51b29afa-ddf4-4e0c-86d7-6b236ffd12b0,2014-09-26,04:30:00,EDSA Quezon Ave.  Quezon City,0,0,0,0,0,0,0,0,0,0,2014-09-26 12:30,Property,14.61656342,121.0525225,Rear-End
None,EDSA,None,None,"No Accident Factor, Side Swipe, 0.0 drivers_injured, 0.0 drivers_killed, 0.0 passengers_injured, 0.0 passengers_killed, 0.0 pedestrian_injured, 0.0 pedestrian_killed, Fair (Day), EDSA South Road St.  Quezon City",MMDA Road Safety Unit,,9e5e48e4-73ae-41bd-997c-d3eb4661f8ed,2014-09-25,07:45:00,EDSA Quezon Ave. Quezon City,0,0,0,0,0,0,0,0,0,0,2014-09-25 15:45,Property,14.61321318,121.053905,Side Swipe
None,EDSA,None,None,"No Accident Factor, Side Swipe, 0.0 drivers_injured, 0.0 drivers_killed, 0.0 passengers_injured, 0.0 passengers_killed, 0.0 pedestrian_injured, 0.0 pedestrian_killed, Fair (Day), EDSA K-3rd St. Quezon City",MMDA Road Safety Unit,,e9edadba-842e-48a9-a72f-adfca83db684,2014-09-24,23:45:00,EDSA Farmer's Cubao Quezon City,0,0,0,0,0,0,0,0,0,0,2014-09-25 7:45,Property,14.62942357,121.0463854,Side Swipe
None,EDSA,None,None,"No Accident Factor, No Collision Stated (based on Police Blotter Book), 0.0 drivers_injured, 0.0 drivers_killed, 0.0 passengers_injured, 0.0 passengers_killed, 0.0 pedestrian_injured, 0.0 pedestrian_killed, Fair (Day), EDSA ""U"" turn slot, MRT North Ave Station. Quezon City",MMDA Road Safety Unit,,5f9a7b47-0b84-4797-8af8-59d5c187d611,2014-09-24,23:45:00,EDSA West Ave Quezon City,0,0,0,0,0,0,0,0,0,0,2014-09-25 7:45,Property,14.65358965,121.0313672,No Collision Stated
None,EDSA,None,None,"No Accident Factor, Side Swipe, 0.0 drivers_injured, 0.0 drivers_killed, 0.0 passengers_injured, 0.0 passengers_killed, 0.0 pedestrian_injured, 0.0 pedestrian_killed, Fair (Night), EDSA Baliwag Bus Terminal, E. Rodriguez Quezon City",MMDA Road Safety Unit,,5cc1c298-7cc9-4ae5-b2d4-6159ae10cd5d,2014-09-24,11:30:00,EDSA Oliveros Quezon City,0,0,0,0,0,0,0,0,0,0,2014-09-24 19:30,Property,14.6244766,121.0489584,Side Swipe
None,EDSA,None,None,"No Accident Factor, Angle Impact, 1.0 drivers_injured, 0.0 drivers_killed, 0.0 passengers_injured, 0.0 passengers_killed, 0.0 pedestrian_injured, 0.0 pedestrian_killed, Fair (Night), EDSA Whiteplains Ave.  Quezon City",MMDA Road Safety Unit,,a099c9ba-f4b8-4e51-a18b-2fed4752f548,2014-09-24,10:30:00,EDSA Banahaw St. Quezon City,0,0,0,1,0,0,0,0,0,1,2014-09-24 18:30,Injury,14.59961782,121.0596522,Angle Impact
None,EDSA,None,None,"No Accident Factor, Rear-end, 0.0 drivers_injured, 0.0 drivers_killed, 0.0 passengers_injured, 0.0 passengers_killed, 0.0 pedestrian_injured, 0.0 pedestrian_killed, Fair (Day), EDSA Aurora Blvd. Quezon City",MMDA Road Safety Unit,,cb4c2bae-3d31-4b13-9df8-618213a433b5,2014-09-24,04:15:00,EDSA Ortigas Ave. Quezon City,0,0,0,0,0,0,0,0,0,0,2014-09-24 12:15,Property,14.62163653,121.0501573,Rear-End
None,EDSA,None,None,"No Accident Factor, No Collision Stated (based on Police Blotter Book), 0.0 drivers_injured, 0.0 drivers_killed, 0.0 passengers_injured, 0.0 passengers_killed, 0.0 pedestrian_injured, 0.0 pedestrian_killed, Fair (Night), EDSA Misamis St. Quezon City",MMDA Road Safety Unit,,16efc292-cc55-4343-9f18-1458e716798d,2014-09-23,12:50:00,EDSA Quezon Ave Quezon City,0,0,0,0,0,0,0,0,0,0,2014-09-23 20:50,Property,14.65602348,121.0285212,No Collision Stated
None,EDSA,None,None,"No Accident Factor, No Collision Stated (based on Police Blotter Book), 0.0 drivers_injured, 0.0 drivers_killed, 0.0 passengers_injured, 0.0 passengers_killed, 0.0 pedestrian_injured, 0.0 pedestrian_killed, Fair (Day), EDSA Congressional Ave. Quezon City",MMDA Road Safety Unit,,800e5494-2730-45dc-b1ba-14905bf97803,2014-09-23,06:00:00,EDSA Timog Ave. Quezon City,0,0,0,0,0,0,0,0,0,0,2014-09-23 14:00,Property,14.6571804,120.9927185,No Collision Stated
None,EDSA,None,None,"No Accident Factor, No Collision Stated (based on Police Blotter Book), 0.0 drivers_injured, 0.0 drivers_killed, 0.0 passengers_injured, 0.0 passengers_killed, 0.0 pedestrian_injured, 0.0 pedestrian_killed, Fair (Day), EDSA Ermin Garcia St.  Quezon City",MMDA Road Safety Unit,,b317cdee-6ff9-43e3-a01c-e3794b731de6,2014-09-23,01:10:00,EDSA Timog Ave. Quezon City,0,0,0,0,0,0,0,0,0,0,2014-09-23 9:10,Property,14.62758814,121.047487,No Collision Stated
None,EDSA,None,None,"No Accident Factor, Angle Impact, 0.0 drivers_injured, 0.0 drivers_killed, 0.0 passengers_injured, 0.0 passengers_killed, 0.0 pedestrian_injured, 0.0 pedestrian_killed, Fair (Day), EDSA Timog Ave.  Quezon City",MMDA Road Safety Unit,,1ee50929-6c74-4037-bc6f-1e40de042448,2014-09-22,22:55:00,EDSA Aurora Blvd.  Quezon City,0,0,0,0,0,0,0,0,0,0,2014-09-23 6:55,Property,14.63293559,121.0446304,Angle Impact
None,EDSA,None,None,"Human Error, Hit Object (No Object Stated), 1.0 drivers_injured, 0.0 drivers_killed, 0.0 passengers_injured, 0.0 passengers_killed, 0.0 pedestrian_injured, 0.0 pedestrian_killed, Fair (Night), EDSA Ortigas Ave.  Quezon City",MMDA Road Safety Unit,,73daf7a8-0020-4b60-a353-bafbd4c9c8ff,2014-09-22,21:40:00,EDSA Victory Liner Terminal Quezon City,0,0,0,1,0,0,0,0,0,1,2014-09-23 5:40,Injury,14.59330189,121.0583496,Hit Object
None,EDSA,None,None,"No Accident Factor, Side Swipe, 0.0 drivers_injured, 0.0 drivers_killed, 0.0 passengers_injured, 0.0 passengers_killed, 0.0 pedestrian_injured, 0.0 pedestrian_killed, Fair (Night), EDSA 7-11 Store, Panay Ave. Quezon City",MMDA Road Safety Unit,,c089711e-0306-4992-afd7-2bb1d081b513,2014-09-22,10:35:00,"EDSA ""U"" Turn Slot, Iglesia Ni Cristo Church Quezon City",0,0,0,0,0,0,0,0,0,0,2014-09-22 18:35,Property,14.64349448,121.0378326,Side Swipe
None,EDSA,None,None,"No Accident Factor, Angle Impact, 0.0 drivers_injured, 0.0 drivers_killed, 0.0 passengers_injured, 0.0 passengers_killed, 0.0 pedestrian_injured, 0.0 pedestrian_killed, Fair (Night), EDSA ""U"" turn slot, Panay Ave.  Quezon City",MMDA Road Safety Unit,,9bad1894-a52f-487c-84d7-9ba4c7e47770,2014-09-22,10:05:00,EDSA Kamias Road  Quezon City,0,0,0,0,0,0,0,0,0,0,2014-09-22 18:05,Property,14.64349337,121.0379848,Angle Impact
None,EDSA,None,None,"No Accident Factor, Rear-end, 0.0 drivers_injured, 0.0 drivers_killed, 0.0 passengers_injured, 0.0 passengers_killed, 0.0 pedestrian_injured, 0.0 pedestrian_killed, Fair (Day), EDSA Cloverleaf Service  Quezon City",MMDA Road Safety Unit,,e57471c1-bf85-49e0-ba32-3fdbeea653cc,2014-09-22,07:10:00,EDSA Timog Ave. Quezon City,0,0,0,0,0,0,0,0,0,0,2014-09-22 15:10,Property,14.65747901,121.0011914,Rear-End
None,EDSA,None,None,"No Accident Factor, Rear-end, 0.0 drivers_injured, 0.0 drivers_killed, 0.0 passengers_injured, 0.0 passengers_killed, 0.0 pedestrian_injured, 0.0 pedestrian_killed, Fair (Day), EDSA Cloverleaf Road Quezon City",MMDA Road Safety Unit,,05180a40-0ca8-42d4-9af3-29abb51b2518,2014-09-22,05:45:00,EDSA Fema Road Quezon City,0,0,0,0,0,0,0,0,0,0,2014-09-22 13:45,Property,14.65747901,121.0011914,Rear-End
None,EDSA,None,None,"No Accident Factor, No Collision Stated (based on Police Blotter Book), 0.0 drivers_injured, 0.0 drivers_killed, 0.0 passengers_injured, 0.0 passengers_killed, 0.0 pedestrian_injured, 0.0 pedestrian_killed, Fair (Night), EDSA Balintawak Market Quezon City",MMDA Road Safety Unit,,70e2a658-1f7e-4387-8ea0-7637eceeb567,2014-09-21,21:40:00,EDSA Jam Liner Terminal Quezon City,0,0,0,0,0,0,0,0,0,0,2014-09-22 5:40,Property,14.65740947,121.0025737,No Collision Stated
None,EDSA,None,None,"No Accident Factor, Hit and Run (No Collision Stated), 0.0 drivers_injured, 0.0 drivers_killed, 0.0 passengers_injured, 0.0 passengers_killed, 0.0 pedestrian_injured, 0.0 pedestrian_killed, Fair (Night), EDSA Balintawak Market Quezon City",MMDA Road Safety Unit,,d7946234-a445-4b4c-a381-67b9cef67fd2,2014-09-21,12:00:00,EDSA E. Garcia St. Quezon City,0,0,0,0,0,0,0,0,0,0,2014-09-21 20:00,Property,14.65740947,121.0025737,No Collision Stated
None,EDSA,None,None,"No Accident Factor, No Collision Stated (based on Police Blotter Book), 0.0 drivers_injured, 0.0 drivers_killed, 0.0 passengers_injured, 0.0 passengers_killed, 0.0 pedestrian_injured, 0.0 pedestrian_killed, Fair (Day), EDSA JAC Liner Terminal Quezon City",MMDA Road Safety Unit,,98657ae7-7f9b-46a3-ae45-b63ed2543a0f,2014-09-21,00:50:00,EDSA P. Tuazon Blvd.  Quezon City,0,0,0,0,0,0,0,0,0,0,2014-09-21 8:50,Property,14.63162939,121.0456857,No Collision Stated
None,EDSA,None,None,"No Accident Factor, Rear-end, 0.0 drivers_injured, 0.0 drivers_killed, 0.0 passengers_injured, 0.0 passengers_killed, 0.0 pedestrian_injured, 0.0 pedestrian_killed, Fair (Day), EDSA Ermin Garcia St.  Quezon City",MMDA Road Safety Unit,,21716f43-cd85-40fe-9013-3152af7bd462,2014-09-20,22:55:00,EDSA Gen. Roxas Ave.  Quezon City,0,0,0,0,0,0,0,0,0,0,2014-09-21 6:55,Property,14.62758814,121.047487,Rear-End
None,EDSA,None,None,"No Accident Factor, No Collision Stated (based on Police Blotter Book), 0.0 drivers_injured, 0.0 drivers_killed, 0.0 passengers_injured, 0.0 passengers_killed, 0.0 pedestrian_injured, 0.0 pedestrian_killed, Fair (Night), EDSA North Ave. (NB)  Quezon City",MMDA Road Safety Unit,,a9218782-8d41-4ef5-8498-cd98bbe2a149,2014-09-20,10:15:00,EDSA Mapagmahal St.  Quezon City,0,0,0,0,0,0,0,0,0,0,2014-09-20 18:15,Property,14.65553839,121.0299647,No Collision Stated
None,EDSA,None,None,"No Accident Factor, Angle Impact, 0.0 drivers_injured, 0.0 drivers_killed, 0.0 passengers_injured, 0.0 passengers_killed, 0.0 pedestrian_injured, 0.0 pedestrian_killed, Fair (Day), EDSA Ermin Garcia St.  Quezon City",MMDA Road Safety Unit,,61b2440f-fadc-4171-89fd-984d2320217d,2014-09-20,05:25:00,EDSA Main Ave.  Quezon City,0,0,0,0,0,0,0,0,0,0,2014-09-20 13:25,Property,14.62758814,121.047487,Angle Impact
None,EDSA,None,None,"No Accident Factor, Hit Object (No Object Stated), 0.0 drivers_injured, 0.0 drivers_killed, 0.0 passengers_injured, 0.0 passengers_killed, 0.0 pedestrian_injured, 0.0 pedestrian_killed, Fair (Day), EDSA Monte De Piedad St.  Quezon City",MMDA Road Safety Unit,,485bc76e-5948-4b6c-9077-3404c63dd58e,2014-09-20,03:35:00,EDSA Monte de Piedad St.St. Quezon City,0,0,0,0,0,0,0,0,0,0,2014-09-20 11:35,Property,14.62346937,121.0491711,Hit Object
None,EDSA,None,None,"No Accident Factor, No Collision Stated (based on Police Blotter Book), 0.0 drivers_injured, 0.0 drivers_killed, 0.0 passengers_injured, 0.0 passengers_killed, 0.0 pedestrian_injured, 0.0 pedestrian_killed, Fair (Day), EDSA ""U"" turn slot, Quezon Ave. Quezon City",MMDA Road Safety Unit,,12573d2e-818d-4b70-a885-1be5f965a551,2014-09-20,03:25:00,EDSA P. Tuazon Blvd. Quezon City,0,0,0,0,0,0,0,0,0,0,2014-09-20 11:25,Property,14.64518409,121.0368843,No Collision Stated