LOCATION_TEXT,ROAD,WEATHER,LIGHT,DESC,REPORTING_AGENCY,MAIN_CAUSE,INCIDENTDETAILS_ID,DATE_UTC,TIME_UTC,ADDRESS,killed_driver,killed_passenger,killed_pedestrian,injured_driver,injured_passenger,injured_pedestrian,killed_uncategorized,injured_uncategorized,killed_total,injured_total,DATETIME_PST,SEVERITY,Y,X,COLLISION_TYPE
None,EDSA,None,None,"No Accident Factor, Side Swipe, 0.0 drivers_injured, 0.0 drivers_killed, 0.0 passengers_injured, 0.0 passengers_killed, 0.0 pedestrian_injured, 0.0 pedestrian_killed, Fair (Day), EDSA Ortigas Ave.  Quezon City",MMDA Road Safety Unit,,558ddd43-98a1-41f7-ab32-95d3b5063cb2,2014-09-17,23:35:00,EDSA Kamuning Road Quezon City,0,0,0,0,0,0,0,0,0,0,2014-09-18 7:35,Property,14.59275486,121.0584221,Side Swipe
None,EDSA,None,None,"No Accident Factor, No Collision Stated (based on Police Blotter Book), 0.0 drivers_injured, 0.0 drivers_killed, 0.0 passengers_injured, 0.0 passengers_killed, 0.0 pedestrian_injured, 0.0 pedestrian_killed, Fair (Night), EDSA SM City Bus Bay Quezon City",MMDA Road Safety Unit,,cb71ba7d-0766-489b-bfd7-8c8119fd7fdd,2014-09-17,13:50:00,EDSA Kamias Road Quezon City,0,0,0,0,0,0,0,0,0,0,2014-09-17 21:50,Property,14.6563096,121.02741,No Collision Stated
None,EDSA,None,None,"No Accident Factor, Angle Impact, 0.0 drivers_injured, 0.0 drivers_killed, 0.0 passengers_injured, 0.0 passengers_killed, 0.0 pedestrian_injured, 0.0 pedestrian_killed, Fair (Day), EDSA Victory Liner Bus Terminal, Pinyahan Quezon City",MMDA Road Safety Unit,,19779d8a-42a9-4735-896c-7fef922b5197,2014-09-17,09:45:00,"EDSA ""U"" Turn Slot, Ramon Magsaysay Quezon City",0,0,0,0,0,0,0,0,0,0,2014-09-17 17:45,Property,14.63209398,121.0454876,Angle Impact
None,EDSA,None,None,"No Accident Factor, Side Swipe, 0.0 drivers_injured, 0.0 drivers_killed, 0.0 passengers_injured, 0.0 passengers_killed, 0.0 pedestrian_injured, 0.0 pedestrian_killed, Fair (Day), EDSA Col. Bonny Serrano Ave.  Quezon City",MMDA Road Safety Unit,,c4bd57a4-15d8-4d43-8f62-ac337f1d4704,2014-09-17,09:30:00,"EDSA ""U"" Turn Slot, Ramon Magsaysay Quezon City",0,0,0,0,0,0,0,0,0,0,2014-09-17 17:30,Property,14.61107337,121.0550705,Side Swipe
None,EDSA,None,None,"No Accident Factor, Side Swipe, 0.0 drivers_injured, 0.0 drivers_killed, 0.0 passengers_injured, 0.0 passengers_killed, 0.0 pedestrian_injured, 0.0 pedestrian_killed, Fair (Day), EDSA ""U"" turn slot, Mercury Drug, Apolonio  Quezon City",MMDA Road Safety Unit,,a40dc021-25bc-43ff-845d-13cc33f16d55,2014-09-17,07:15:00,EDSA Mapagmahal St.  Quezon City,0,0,0,0,0,0,0,0,0,0,2014-09-17 15:15,Property,14.65750017,121.0075427,Side Swipe
None,EDSA,None,None,"No Accident Factor, Side Swipe, 0.0 drivers_injured, 0.0 drivers_killed, 0.0 passengers_injured, 0.0 passengers_killed, 0.0 pedestrian_injured, 0.0 pedestrian_killed, Fair (Day), EDSA East Ave.  Quezon City",MMDA Road Safety Unit,,36153486-e899-4306-93ca-6eb7e309f24c,2014-09-17,04:30:00,EDSA Col. Bonny Serrano Ave. (NB) Quezon City,0,0,0,0,0,0,0,0,0,0,2014-09-17 12:30,Property,14.6328297,121.0451176,Side Swipe
None,EDSA,None,None,"No Accident Factor, Rear-end, 0.0 drivers_injured, 0.0 drivers_killed, 0.0 passengers_injured, 0.0 passengers_killed, 0.0 pedestrian_injured, 0.0 pedestrian_killed, Fair (Day), EDSA South Road St.  Quezon City",MMDA Road Safety Unit,,76012147-f8c3-45bd-ad48-727c89a0cec2,2014-09-17,00:05:00,EDSA Cloverleaf Drive Quezon City,0,0,0,0,0,0,0,0,0,0,2014-09-17 8:05,Property,14.61321318,121.053905,Rear-End
None,EDSA,None,None,"No Accident Factor, Side Swipe, 0.0 drivers_injured, 0.0 drivers_killed, 0.0 passengers_injured, 0.0 passengers_killed, 0.0 pedestrian_injured, 0.0 pedestrian_killed, Fair (Day), EDSA Robinson Galleria, Ugong Norte Quezon City",MMDA Road Safety Unit,,7c8025dd-5c66-4933-b5be-f8c47fadc982,2014-09-16,03:15:00,EDSA Kamias Service Road (NB0 Quezon City,0,0,0,0,0,0,0,0,0,0,2014-09-16 11:15,Property,14.59226131,121.0583025,Side Swipe
None,EDSA,None,None,"No Accident Factor, Side Swipe, 0.0 drivers_injured, 0.0 drivers_killed, 0.0 passengers_injured, 0.0 passengers_killed, 0.0 pedestrian_injured, 0.0 pedestrian_killed, Fair (Day), EDSA ""U"" turn slot, GMA 7, Timog Ave. Quezon City",MMDA Road Safety Unit,,f7e7ed74-b247-4232-bdde-fbd238126e95,2014-09-16,01:35:00,EDSA Timog Ave. Quezon City,0,0,0,0,0,0,0,0,0,0,2014-09-16 9:35,Property,14.63376993,121.0443308,Side Swipe
None,EDSA,None,None,"No Accident Factor, No Collision Stated (based on Police Blotter Book), 0.0 drivers_injured, 0.0 drivers_killed, 0.0 passengers_injured, 0.0 passengers_killed, 0.0 pedestrian_injured, 0.0 pedestrian_killed, Fair (Day), EDSA ""U"" turn slot, Corregidor St Quezon City",MMDA Road Safety Unit,,350c55cb-168c-4b7a-a1a1-2a13ba950f6e,2014-09-15,23:50:00,EDSA K-3rd St. Quezon City,0,0,0,0,0,0,0,0,0,0,2014-09-16 7:50,Property,14.65693502,121.0240825,No Collision Stated
None,EDSA,None,None,"No Accident Factor, Rear-end, 0.0 drivers_injured, 0.0 drivers_killed, 0.0 passengers_injured, 0.0 passengers_killed, 0.0 pedestrian_injured, 0.0 pedestrian_killed, Fair (Day), EDSA Cloverleaf Road Quezon City",MMDA Road Safety Unit,,e3e8d77d-d0ab-481c-a675-335efec902c3,2014-09-15,22:30:00,"EDSA Gen, Mc Arthur St. (Farmers, Cubao) Quezon City",0,0,0,0,0,0,0,0,0,0,2014-09-16 6:30,Property,14.65747901,121.0011914,Rear-End
None,EDSA,None,None,"No Accident Factor, Hit Parked Vehicle, 0.0 drivers_injured, 0.0 drivers_killed, 0.0 passengers_injured, 0.0 passengers_killed, 0.0 pedestrian_injured, 0.0 pedestrian_killed, Fair (Day), EDSA Everest Hardware Quezon City",MMDA Road Safety Unit,,46ca4de6-37f6-4347-a43f-aa847de3fee7,2014-09-15,07:45:00,EDSA Eermin Garcia St.  Quezon City,0,0,0,0,0,0,0,0,0,0,2014-09-15 15:45,Property,14.62209196,121.0497211,Hit Object
None,EDSA,None,None,"No Accident Factor, Side Swipe, 0.0 drivers_injured, 0.0 drivers_killed, 0.0 passengers_injured, 0.0 passengers_killed, 0.0 pedestrian_injured, 0.0 pedestrian_killed, Fair (Day), EDSA Kamias Road Quezon City",MMDA Road Safety Unit,,67011b4a-50b6-4dd6-8ed4-09713d2ff7d1,2014-09-15,05:45:00,EDSA Kamuning Road Quezon City,0,0,0,0,0,0,0,0,0,0,2014-09-15 13:45,Property,14.6309142,121.0459376,Side Swipe
None,EDSA,None,None,"No Accident Factor, Side Swipe, 0.0 drivers_injured, 0.0 drivers_killed, 0.0 passengers_injured, 0.0 passengers_killed, 0.0 pedestrian_injured, 0.0 pedestrian_killed, Fair (Day), EDSA Ortigas Ave.  Quezon City",MMDA Road Safety Unit,,6736cc49-107a-4816-94f2-259685849066,2014-09-15,04:45:00,EDSA Ortigas Ave. Quezon City,0,0,0,0,0,0,0,0,0,0,2014-09-15 12:45,Property,14.59275486,121.0584221,Side Swipe
None,EDSA,None,None,"No Accident Factor, Side Swipe, 0.0 drivers_injured, 0.0 drivers_killed, 0.0 passengers_injured, 0.0 passengers_killed, 0.0 pedestrian_injured, 0.0 pedestrian_killed, Fair (Day), EDSA Aurora Blvd. Quezon City",MMDA Road Safety Unit,,983d129b-5a15-484a-871a-9f23dd6d6f61,2014-09-15,00:40:00,EDSA Congressional Ave Quezon City,0,0,0,0,0,0,0,0,0,0,2014-09-15 8:40,Property,14.62163653,121.0501573,Side Swipe
None,EDSA,None,None,"No Accident Factor, Side Swipe, 0.0 drivers_injured, 0.0 drivers_killed, 0.0 passengers_injured, 0.0 passengers_killed, 0.0 pedestrian_injured, 0.0 pedestrian_killed, Fair (Day), EDSA Robinsons Galleria Driveway (Ortigas Ave.) Quezon City",MMDA Road Safety Unit,,8fc4d735-ea30-428e-9530-7b29daeb15f9,2014-09-14,07:45:00,EDSA K-3rd St. Quezon City,0,0,0,0,0,0,0,0,0,0,2014-09-14 15:45,Property,14.59206941,121.058228,Side Swipe
None,EDSA,None,None,"No Accident Factor, No Collision Stated (based on Police Blotter Book), 0.0 drivers_injured, 0.0 drivers_killed, 0.0 passengers_injured, 0.0 passengers_killed, 0.0 pedestrian_injured, 0.0 pedestrian_killed, Fair (Day), EDSA Timog Ave.  Quezon City",MMDA Road Safety Unit,,8572cae3-90f1-43c0-a82d-187a474a9fd7,2014-09-14,07:30:00,EDSA Ortigas Ave. - Robinson Galleria Quezon City,0,0,0,0,0,0,0,0,0,0,2014-09-14 15:30,Property,14.63293559,121.0446304,No Collision Stated
None,EDSA,None,None,"No Accident Factor, Side Swipe, 0.0 drivers_injured, 0.0 drivers_killed, 0.0 passengers_injured, 0.0 passengers_killed, 0.0 pedestrian_injured, 0.0 pedestrian_killed, Fair (Day), EDSA Five Star Bus Terminal, Cubao Quezon City",MMDA Road Safety Unit,,d8717260-7da1-4627-b898-70e43e293ceb,2014-09-14,00:00:00,EDSA Aurora Blvd.  Quezon City,0,0,0,0,0,0,0,0,0,0,2014-09-14 8:00,Property,14.62375691,121.0492447,Side Swipe
None,EDSA,None,None,"No Accident Factor, Angle Impact, 0.0 drivers_injured, 0.0 drivers_killed, 0.0 passengers_injured, 0.0 passengers_killed, 0.0 pedestrian_injured, 0.0 pedestrian_killed, Fair (Night), EDSA Timog Ave.  Quezon City",MMDA Road Safety Unit,,5d62c8b0-f7cb-40e0-842c-aef973709783,2014-09-13,21:00:00,EDSA Aurora Blvd.  Quezon City,0,0,0,0,0,0,0,0,0,0,2014-09-14 5:00,Property,14.63293559,121.0446304,Angle Impact
None,EDSA,None,None,"No Accident Factor, No Collision Stated (based on Police Blotter Book), 0.0 drivers_injured, 0.0 drivers_killed, 0.0 passengers_injured, 0.0 passengers_killed, 0.0 pedestrian_injured, 0.0 pedestrian_killed, Fair (Night), EDSA West Ave Quezon City",MMDA Road Safety Unit,,ff09830c-6deb-4f39-8b7e-45a37c867e38,2014-09-13,10:00:00,EDSA Kaingin Road Quezon City,0,0,0,0,0,0,0,0,0,0,2014-09-13 18:00,Property,14.65548924,121.0298079,No Collision Stated
None,EDSA,None,None,"No Accident Factor, No Collision Stated (based on Police Blotter Book), 0.0 drivers_injured, 0.0 drivers_killed, 0.0 passengers_injured, 0.0 passengers_killed, 0.0 pedestrian_injured, 0.0 pedestrian_killed, Fair (Day), EDSA SM Annex Quezon City",MMDA Road Safety Unit,,22c94ff8-616b-483c-b44a-2fc8c8e3d65a,2014-09-13,09:30:00,EDSA Monte de Piedad St.  Quezon City,0,0,0,0,0,0,0,0,0,0,2014-09-13 17:30,Property,14.65628012,121.0272074,No Collision Stated
None,EDSA,None,None,"No Accident Factor, Rear-end, 0.0 drivers_injured, 0.0 drivers_killed, 0.0 passengers_injured, 0.0 passengers_killed, 0.0 pedestrian_injured, 0.0 pedestrian_killed, Fair (Day), EDSA Quezon Ave. Quezon City",MMDA Road Safety Unit,,0a4197b4-66ab-48b5-b38b-3ecbeb33f134,2014-09-13,09:05:00,EDSA Congressional Ave.  Quezon City,0,0,0,0,0,0,0,0,0,0,2014-09-13 17:05,Property,14.6442444,121.0375839,Rear-End
None,EDSA,None,None,"No Accident Factor, Rear-end, 0.0 drivers_injured, 0.0 drivers_killed, 0.0 passengers_injured, 0.0 passengers_killed, 0.0 pedestrian_injured, 0.0 pedestrian_killed, Fair (Day), EDSA SM Annex ""U Turn Slot"" Quezon City",MMDA Road Safety Unit,,3369e154-95c5-4114-88be-78d2bead50e9,2014-09-13,09:00:00,"EDSA SM Hypermarket, Socorro Quezon City",0,0,0,0,0,0,0,0,0,0,2014-09-13 17:00,Property,14.65628012,121.0272074,Rear-End
None,EDSA,None,None,"No Accident Factor, Angle Impact, 0.0 drivers_injured, 0.0 drivers_killed, 0.0 passengers_injured, 0.0 passengers_killed, 0.0 pedestrian_injured, 0.0 pedestrian_killed, Fair (Day), EDSA Waltermart Quezon City",MMDA Road Safety Unit,,0f6d5bbf-8315-430c-95c1-18654626936d,2014-09-13,08:30:00,EDSA Seminary Road Quezon City,0,0,0,0,0,0,0,0,0,0,2014-09-13 16:30,Property,14.6574558,121.0213579,Angle Impact
None,EDSA,None,None,"No Accident Factor, No Collision Stated (based on Police Blotter Book), 0.0 drivers_injured, 0.0 drivers_killed, 0.0 passengers_injured, 0.0 passengers_killed, 0.0 pedestrian_injured, 0.0 pedestrian_killed, Fair (Day), EDSA Roosevelt Ave.  Quezon City",MMDA Road Safety Unit,,39b8685e-5506-40fd-98ec-6867ae0e870c,2014-09-13,05:50:00,EDSA Main Ave. Quezon City,0,0,0,0,0,0,0,0,0,0,2014-09-13 13:50,Property,14.65762047,121.0196373,No Collision Stated
None,EDSA,None,None,"No Accident Factor, Hit and Run (Side Swipe), 0.0 drivers_injured, 0.0 drivers_killed, 0.0 passengers_injured, 0.0 passengers_killed, 0.0 pedestrian_injured, 0.0 pedestrian_killed, Fair (Day), EDSA Camp Aguinaldo, Socorro Quezon City",MMDA Road Safety Unit,,054a0cc1-271a-47e5-9e42-1c80f82bf5a1,2014-09-13,03:30:00,EDSA Timog Ave.  Quezon City,0,0,0,0,0,0,0,0,0,0,2014-09-13 11:30,Property,14.6098829,121.0556752,Side Swipe
None,EDSA,None,None,"No Accident Factor, Angle Impact, 0.0 drivers_injured, 0.0 drivers_killed, 0.0 passengers_injured, 0.0 passengers_killed, 0.0 pedestrian_injured, 0.0 pedestrian_killed, Fair (Night), EDSA Philam  Quezon City",MMDA Road Safety Unit,,e8ffef7b-c7c8-4951-a26f-a2c1e6521e28,2014-09-12,18:05:00,"EDSA ""U"" turn slot, Talipapa Quezon City",0,0,0,0,0,0,0,0,0,0,2014-09-13 2:05,Property,14.65280875,121.0317622,Angle Impact
None,EDSA,None,None,"No Accident Factor, Rear-end, 0.0 drivers_injured, 0.0 drivers_killed, 0.0 passengers_injured, 0.0 passengers_killed, 0.0 pedestrian_injured, 0.0 pedestrian_killed, Fair (Night), EDSA Roosevelt Ave.  Quezon City",MMDA Road Safety Unit,,460139df-2b04-46e2-9893-b4c9da4cfb21,2014-09-12,15:45:00,EDSA Ortigas Ave. Quezon City,0,0,0,0,0,0,0,0,0,0,2014-09-12 23:45,Property,14.65762047,121.0196373,Rear-End
None,EDSA,None,None,"No Accident Factor, Rear-end, 0.0 drivers_injured, 0.0 drivers_killed, 0.0 passengers_injured, 0.0 passengers_killed, 0.0 pedestrian_injured, 0.0 pedestrian_killed, Fair (Day), EDSA Roosevelt Ave.  Quezon City",MMDA Road Safety Unit,,79515bac-e7fb-4473-8c7c-de71ab40080d,2014-09-12,03:45:00,"EDSA ""U"" turn slot, Santolan Road Quezon City",0,0,0,0,0,0,0,0,0,0,2014-09-12 11:45,Property,14.65762047,121.0196373,Rear-End
None,EDSA,None,None,"No Accident Factor, Side Swipe, 0.0 drivers_injured, 0.0 drivers_killed, 0.0 passengers_injured, 0.0 passengers_killed, 0.0 pedestrian_injured, 0.0 pedestrian_killed, Fair (Day), EDSA New York St.  Quezon City",MMDA Road Safety Unit,,903df901-9d70-4216-a9fb-0920b37c7176,2014-09-11,23:30:00,"EDSA Q-Mart, E. Rodriguez Quezon City",0,0,0,0,0,0,0,0,0,0,2014-09-12 7:30,Property,14.62568514,121.0482307,Side Swipe
None,EDSA,None,None,"No Accident Factor, Rear-end, 0.0 drivers_injured, 0.0 drivers_killed, 0.0 passengers_injured, 0.0 passengers_killed, 0.0 pedestrian_injured, 0.0 pedestrian_killed, Fair (Night), EDSA Quezon Ave. Quezon City",MMDA Road Safety Unit,,ff6b8926-6983-4932-b614-2a952d86838d,2014-09-11,15:00:00,EDSA West Ave.  Quezon City,0,0,0,0,0,0,0,0,0,0,2014-09-11 23:00,Property,14.6442444,121.0375839,Rear-End
None,EDSA,None,None,"No Accident Factor, Side Swipe, 0.0 drivers_injured, 0.0 drivers_killed, 0.0 passengers_injured, 0.0 passengers_killed, 0.0 pedestrian_injured, 0.0 pedestrian_killed, Fair (Night), EDSA GMA-MRT Station Quezon City",MMDA Road Safety Unit,,bc126b13-7efe-417f-9943-04ae830ec199,2014-09-11,14:15:00,EDSA NIA Road Quezon City,0,0,0,0,0,0,0,0,0,0,2014-09-11 22:15,Property,14.63545103,121.0432182,Side Swipe
None,EDSA,None,None,"No Accident Factor, Rear-end, 0.0 drivers_injured, 0.0 drivers_killed, 0.0 passengers_injured, 0.0 passengers_killed, 0.0 pedestrian_injured, 0.0 pedestrian_killed, Fair (Day), EDSA Roosevelt Ave.  Quezon City",MMDA Road Safety Unit,,d4f6ec0e-930a-4e1b-bdd6-5d262d75835f,2014-09-11,07:50:00,"EDSA ""U"" turn slot  - Timog Ave. Quezon City",0,0,0,0,0,0,0,0,0,0,2014-09-11 15:50,Property,14.65762047,121.0196373,Rear-End
None,EDSA,None,None,"No Accident Factor, Rear-end, 0.0 drivers_injured, 0.0 drivers_killed, 0.0 passengers_injured, 0.0 passengers_killed, 0.0 pedestrian_injured, 0.0 pedestrian_killed, Fair (Day), EDSA K-3rd St. Quezon City",MMDA Road Safety Unit,,190a0258-8ae4-48b8-ad70-9bbc37001c84,2014-09-11,04:30:00,EDSA Kamias Road Quezon City,0,0,0,0,0,0,0,0,0,0,2014-09-11 12:30,Property,14.62942357,121.0463854,Rear-End
None,EDSA,None,None,"No Accident Factor, Multiple Collision, 0.0 drivers_injured, 0.0 drivers_killed, 1.0 passengers_injured, 0.0 passengers_killed, 0.0 pedestrian_injured, 0.0 pedestrian_killed, Fair (Night), EDSA Mapagmahal St.  Quezon City",MMDA Road Safety Unit,,6fa0bfbf-e66a-45eb-a663-4c4f47a36cd4,2014-09-10,17:15:00,EDSA Kamias Road  Quezon City,0,0,0,0,1,0,0,0,0,1,2014-09-11 1:15,Injury,14.63185046,121.0455315,Multiple
None,EDSA,None,None,"No Accident Factor, Rear-end, 0.0 drivers_injured, 0.0 drivers_killed, 0.0 passengers_injured, 0.0 passengers_killed, 0.0 pedestrian_injured, 0.0 pedestrian_killed, Fair (Day), EDSA P. Tuazon Blvd.  Quezon City",MMDA Road Safety Unit,,1cfb4579-8fac-4b24-8cee-77b3b9c4fee7,2014-09-10,06:35:00,EDSA Mapagmahal St.  Quezon City,0,0,0,0,0,0,0,0,0,0,2014-09-10 14:35,Property,14.61656342,121.0525225,Rear-End
None,EDSA,None,None,"No Accident Factor, No Collision Stated (based on Police Blotter Book), 0.0 drivers_injured, 0.0 drivers_killed, 0.0 passengers_injured, 0.0 passengers_killed, 0.0 pedestrian_injured, 0.0 pedestrian_killed, Fair (Day), EDSA Main Ave.  Quezon City",MMDA Road Safety Unit,,6b3d3b73-3766-4b84-baa6-2aaf4b60e9c4,2014-09-10,06:30:00,EDSA P. Tuazon Blvd.  Quezon City,0,0,0,0,0,0,0,0,0,0,2014-09-10 14:30,Property,14.61376458,121.0537933,No Collision Stated
None,EDSA,None,None,"No Accident Factor, Hit and Run (No Collision Stated), 1.0 drivers_injured, 0.0 drivers_killed, 0.0 passengers_injured, 0.0 passengers_killed, 0.0 pedestrian_injured, 0.0 pedestrian_killed, Fair (Day), EDSA Camp Aguinaldo Gate 4 Quezon City",MMDA Road Safety Unit,,158fa551-4478-4863-b42a-958eb2f75bfa,2014-09-10,06:10:00,EDSA Kamuning Road Quezon City,0,0,0,1,0,0,0,0,0,1,2014-09-10 14:10,Injury,14.6064061,121.0572944,No Collision Stated
None,EDSA,None,None,"No Accident Factor, Rear-end, 0.0 drivers_injured, 0.0 drivers_killed, 0.0 passengers_injured, 0.0 passengers_killed, 0.0 pedestrian_injured, 0.0 pedestrian_killed, Fair (Day), EDSA DLTB Bus Terminal New York St. Quezon City",MMDA Road Safety Unit,,675c9eaf-9f88-40b3-bdf3-4f1c309bc3d5,2014-09-10,02:40:00,EDSA P. Tuazon Blvd.  Quezon City,0,0,0,0,0,0,0,0,0,0,2014-09-10 10:40,Property,14.62725353,121.0473748,Rear-End
None,EDSA,None,None,"No Accident Factor, Multiple Collision, 1.0 drivers_injured, 0.0 drivers_killed, 0.0 passengers_injured, 0.0 passengers_killed, 0.0 pedestrian_injured, 0.0 pedestrian_killed, Fair (Day), EDSA Camp Aguinaldo, Socorro Quezon City",MMDA Road Safety Unit,,363c205a-fe2c-4c36-80fa-851bdedcf7bf,2014-09-09,23:15:00,EDSA Main Ave.  Quezon City,0,0,0,1,0,0,0,0,0,1,2014-09-10 7:15,Injury,14.6098829,121.0556752,Multiple
None,EDSA,None,None,"No Accident Factor, Side Swipe, 0.0 drivers_injured, 0.0 drivers_killed, 0.0 passengers_injured, 0.0 passengers_killed, 0.0 pedestrian_injured, 0.0 pedestrian_killed, Fair (Day), EDSA Aurora Blvd. Quezon City",MMDA Road Safety Unit,,d0475e11-9300-44f7-8dbb-c1dc0fdf32c3,2014-09-09,22:05:00,EDSA Whiteplains Ave.  Quezon City,0,0,0,0,0,0,0,0,0,0,2014-09-10 6:05,Property,14.62163653,121.0501573,Side Swipe
None,EDSA,None,None,"No Accident Factor, Hit and Run (Hit Parked Vehicle), 0.0 drivers_injured, 0.0 drivers_killed, 0.0 passengers_injured, 0.0 passengers_killed, 0.0 pedestrian_injured, 0.0 pedestrian_killed, Fair (Night), EDSA Nepa Q-Mart, E. Rodriguez  Quezon City",MMDA Road Safety Unit,,edbb2859-b7f4-4de9-a806-18cc8eb5b462,2014-09-09,21:30:00,"EDSA ""U"" turn slot, Ramon Magsaysay Quezon City",0,0,0,0,0,0,0,0,0,0,2014-09-10 5:30,Property,14.62805361,121.0472521,Hit Object
None,EDSA,None,None,"No Accident Factor, Rear-end, 0.0 drivers_injured, 0.0 drivers_killed, 0.0 passengers_injured, 0.0 passengers_killed, 0.0 pedestrian_injured, 0.0 pedestrian_killed, Fair (Night), EDSA Kaingin Road Quezon City",MMDA Road Safety Unit,,535d3d66-a7e0-446d-a4aa-2d8757deb336,2014-09-09,20:10:00,EDSA East Ave.  Quezon City,0,0,0,0,0,0,0,0,0,0,2014-09-10 4:10,Property,14.65746493,121.0109963,Rear-End
None,EDSA,None,None,"No Accident Factor, Side Swipe, 0.0 drivers_injured, 0.0 drivers_killed, 0.0 passengers_injured, 0.0 passengers_killed, 0.0 pedestrian_injured, 0.0 pedestrian_killed, Fair (Night), EDSA East Ave.  Quezon City",MMDA Road Safety Unit,,681351c2-6962-4f24-9342-fcc7588b67f2,2014-09-09,13:00:00,EDSA Main Ave.  Quezon City,0,0,0,0,0,0,0,0,0,0,2014-09-09 21:00,Property,14.6328297,121.0451176,Side Swipe
None,EDSA,None,None,"No Accident Factor, Rear-end, 0.0 drivers_injured, 0.0 drivers_killed, 0.0 passengers_injured, 0.0 passengers_killed, 0.0 pedestrian_injured, 0.0 pedestrian_killed, Fair (Night), EDSA West Ave Quezon City",MMDA Road Safety Unit,,d9b8bb63-3424-41cf-a9d7-0e48f796a8d1,2014-09-09,11:30:00,EDSA Mapagmahal St.  Quezon City,0,0,0,0,0,0,0,0,0,0,2014-09-09 19:30,Property,14.65548924,121.0298079,Rear-End
None,EDSA,None,None,"No Accident Factor, No Collision Stated (based on Police Blotter Book), 0.0 drivers_injured, 0.0 drivers_killed, 0.0 passengers_injured, 0.0 passengers_killed, 0.0 pedestrian_injured, 0.0 pedestrian_killed, Fair (Day), EDSA Timog Ave.  Quezon City",MMDA Road Safety Unit,,0a3e3f57-627b-4d13-a0ac-a0edf1776da2,2014-09-09,07:00:00,"EDSA Nepa Q-Mart, E. Rodriguez Quezon City",0,0,0,0,0,0,0,0,0,0,2014-09-09 15:00,Property,14.63293559,121.0446304,No Collision Stated
None,EDSA,None,None,"No Accident Factor, Hit and Run (No Collision Stated), 0.0 drivers_injured, 0.0 drivers_killed, 0.0 passengers_injured, 0.0 passengers_killed, 0.0 pedestrian_injured, 0.0 pedestrian_killed, Fair (Day), EDSA Whiteplains Ave.  Quezon City",MMDA Road Safety Unit,,639feac4-8734-425f-b0a0-656b71600bff,2014-09-09,00:45:00,EDSA Bulacan St Quezon City,0,0,0,0,0,0,0,0,0,0,2014-09-09 8:45,Property,14.59961782,121.0596522,No Collision Stated
None,EDSA,None,None,"No Accident Factor, Side Swipe, 0.0 drivers_injured, 0.0 drivers_killed, 0.0 passengers_injured, 0.0 passengers_killed, 0.0 pedestrian_injured, 0.0 pedestrian_killed, Fair (Day), EDSA ""U"" turn slot, Kamuning  Quezon City",MMDA Road Safety Unit,,03e170bd-c76f-43d5-81b4-b2fee1bbd3e0,2014-09-08,23:00:00,EDSA West Ave. Quezon City,0,0,0,0,0,0,0,0,0,0,2014-09-09 7:00,Property,14.63181767,121.0453279,Side Swipe
None,EDSA,None,None,"No Accident Factor, Rear-end, 0.0 drivers_injured, 0.0 drivers_killed, 0.0 passengers_injured, 0.0 passengers_killed, 0.0 pedestrian_injured, 0.0 pedestrian_killed, Fair (Night), EDSA West Ave Quezon City",MMDA Road Safety Unit,,196e94b4-c610-48c0-b231-e52732c23d7a,2014-09-08,12:00:00,EDSA Main Ave. Quezon City,0,0,0,0,0,0,0,0,0,0,2014-09-08 20:00,Property,14.65548924,121.0298079,Rear-End
None,EDSA,None,None,"No Accident Factor, Side Swipe, 0.0 drivers_injured, 0.0 drivers_killed, 0.0 passengers_injured, 0.0 passengers_killed, 0.0 pedestrian_injured, 0.0 pedestrian_killed, Fair (Night), EDSA Quezon Ave. Quezon City",MMDA Road Safety Unit,,e4122d84-57f6-4e48-927c-dec7502e4cf2,2014-09-08,11:30:00,"EDSA Nepa Q-Mart, E. Rodriguez Quezon City",0,0,0,0,0,0,0,0,0,0,2014-09-08 19:30,Property,14.6442444,121.0375839,Side Swipe
None,EDSA,None,None,"No Accident Factor, Side Swipe, 0.0 drivers_injured, 0.0 drivers_killed, 0.0 passengers_injured, 0.0 passengers_killed, 0.0 pedestrian_injured, 0.0 pedestrian_killed, Fair (Day), EDSA Monte De Piedad Quezon City",MMDA Road Safety Unit,,4d37ac59-eac6-44c9-9d3d-fb89e695ff21,2014-09-08,07:40:00,EDSA New York St.  Quezon City,0,0,0,0,0,0,0,0,0,0,2014-09-08 15:40,Property,14.62346937,121.0491711,Side Swipe
None,EDSA,None,None,"No Accident Factor, Side Swipe, 0.0 drivers_injured, 0.0 drivers_killed, 0.0 passengers_injured, 0.0 passengers_killed, 0.0 pedestrian_injured, 0.0 pedestrian_killed, Fair (Day), EDSA Corinthian Garden Subd. Gate, Ugong Norte  Quezon City",MMDA Road Safety Unit,,eac05003-b1e8-4ac5-af19-059a29f017bb,2014-09-08,00:30:00,EDSA New York St.  Quezon City,0,0,0,0,0,0,0,0,0,0,2014-09-08 8:30,Property,14.59580783,121.0595248,Side Swipe
None,EDSA,None,None,"No Accident Factor, Rear-end, 0.0 drivers_injured, 0.0 drivers_killed, 0.0 passengers_injured, 0.0 passengers_killed, 0.0 pedestrian_injured, 0.0 pedestrian_killed, Fair (Night), EDSA Balintawak Market Quezon City",MMDA Road Safety Unit,,14574119-355d-4a2d-9089-23df0c345051,2014-09-07,18:40:00,EDSA Main Ave.  Quezon City,0,0,0,0,0,0,0,0,0,0,2014-09-08 2:40,Property,14.65740947,121.0025737,Rear-End