LOCATION_TEXT,ROAD,WEATHER,LIGHT,DESC,REPORTING_AGENCY,MAIN_CAUSE,INCIDENTDETAILS_ID,DATE_UTC,TIME_UTC,ADDRESS,killed_driver,killed_passenger,killed_pedestrian,injured_driver,injured_passenger,injured_pedestrian,killed_uncategorized,injured_uncategorized,killed_total,injured_total,DATETIME_PST,SEVERITY,Y,X,COLLISION_TYPE
None,EDSA,None,None,"No Accident Factor, Multiple Collision, 0.0 drivers_injured, 0.0 drivers_killed, 0.0 passengers_injured, 0.0 passengers_killed, 0.0 pedestrian_injured, 0.0 pedestrian_killed, Fair (Day), EDSA Kaingin Road Quezon City",MMDA Road Safety Unit,,18ed72c4-568e-47e4-b6ed-99c4366925ef,2014-09-07,09:45:00,"EDSA ""U"" turn slot - GMA 7 Quezon City",0,0,0,0,0,0,0,0,0,0,2014-09-07 17:45,Property,14.65746493,121.0109963,Multiple
None,EDSA,None,None,"No Accident Factor, No Collision Stated (based on Police Blotter Book), 0.0 drivers_injured, 0.0 drivers_killed, 0.0 passengers_injured, 0.0 passengers_killed, 0.0 pedestrian_injured, 0.0 pedestrian_killed, Fair (Day), EDSA Five Star Bus Terminal, Pinyahan Quezon City",MMDA Road Safety Unit,,583dda9f-bd40-47f7-b218-9703f6381f59,2014-09-07,08:30:00,"EDSA ""U"" turn slot - Timog Ave. Quezon City",0,0,0,0,0,0,0,0,0,0,2014-09-07 16:30,Property,14.62375691,121.0492447,No Collision Stated
None,EDSA,None,None,"No Accident Factor, Side Swipe, 0.0 drivers_injured, 0.0 drivers_killed, 0.0 passengers_injured, 0.0 passengers_killed, 0.0 pedestrian_injured, 0.0 pedestrian_killed, Fair (Day), EDSA Kamuning (SB)  Quezon City",MMDA Road Safety Unit,,8bd6c5ec-d58c-4475-b440-23ca85d9e66e,2014-09-07,03:00:00,EDSA Main Ave. Quezon City,0,0,0,0,0,0,0,0,0,0,2014-09-07 11:00,Property,14.63085066,121.0458344,Side Swipe
None,EDSA,None,None,"No Accident Factor, Rear-end, 0.0 drivers_injured, 0.0 drivers_killed, 0.0 passengers_injured, 0.0 passengers_killed, 0.0 pedestrian_injured, 0.0 pedestrian_killed, Fair (Night), EDSA San Martin De Porres Quezon City",MMDA Road Safety Unit,,cdb07362-5eb9-4e0f-9ca1-f26c2e1486d8,2014-09-06,15:30:00,"EDSA ""U"" turn slot, Ramon Magsaysay Quezon City",0,0,0,0,0,0,0,0,0,0,2014-09-06 23:30,Property,14.61806207,121.0516007,Rear-End
None,EDSA,None,None,"No Accident Factor, No Collision Stated (based on Police Blotter Book), 0.0 drivers_injured, 0.0 drivers_killed, 0.0 passengers_injured, 0.0 passengers_killed, 0.0 pedestrian_injured, 0.0 pedestrian_killed, Fair (Night), EDSA GMA-7   Quezon City",MMDA Road Safety Unit,,787c54ea-abe1-443d-83c8-5d6a491e5265,2014-09-06,12:10:00,EDSA A. Bonifacio Ave.  Quezon City,0,0,0,0,0,0,0,0,0,0,2014-09-06 20:10,Property,14.63467214,121.0435714,No Collision Stated
None,EDSA,None,None,"No Accident Factor, No Collision Stated (based on Police Blotter Book), 0.0 drivers_injured, 0.0 drivers_killed, 0.0 passengers_injured, 0.0 passengers_killed, 0.0 pedestrian_injured, 0.0 pedestrian_killed, Fair (Night), EDSA West Ave.  Quezon City",MMDA Road Safety Unit,,13732c46-986f-4cff-a2f5-709e6b288afc,2014-09-06,10:35:00,EDSA New York St.  Quezon City,0,0,0,0,0,0,0,0,0,0,2014-09-06 18:35,Property,14.65548924,121.0298079,No Collision Stated
None,EDSA,None,None,"No Accident Factor, Side Swipe, 0.0 drivers_injured, 0.0 drivers_killed, 0.0 passengers_injured, 0.0 passengers_killed, 0.0 pedestrian_injured, 0.0 pedestrian_killed, Fair (Night), EDSA Gen. Roxas Ave. Quezon City",MMDA Road Safety Unit,,7ce96bcc-f2b9-455d-9090-d4c81448390d,2014-09-05,13:10:00,EDSA Whiteplains Ave.  Quezon City,0,0,0,0,0,0,0,0,0,0,2014-09-05 21:10,Property,14.62042254,121.0508064,Side Swipe
None,EDSA,None,None,"No Accident Factor, Side Swipe, 0.0 drivers_injured, 0.0 drivers_killed, 0.0 passengers_injured, 0.0 passengers_killed, 0.0 pedestrian_injured, 0.0 pedestrian_killed, Fair (Night), EDSA Walter Mart Quezon City",MMDA Road Safety Unit,,5e6cca72-28ab-4d1e-975b-c2cb8c0e23ac,2014-09-05,12:30:00,EDSA Ortigas Ave. Quezon City,0,0,0,0,0,0,0,0,0,0,2014-09-05 20:30,Property,14.6574558,121.0213579,Side Swipe
None,EDSA,None,None,"No Accident Factor, No Collision Stated (based on Police Blotter Book), 0.0 drivers_injured, 0.0 drivers_killed, 0.0 passengers_injured, 0.0 passengers_killed, 0.0 pedestrian_injured, 0.0 pedestrian_killed, Fair (Night), EDSA Roosevelt Ave.  Quezon City",MMDA Road Safety Unit,,e66a399c-c2a4-425e-b1a4-b0f1b447f056,2014-09-05,12:00:00,EDSA New York St.  Quezon City,0,0,0,0,0,0,0,0,0,0,2014-09-05 20:00,Property,14.65762047,121.0196373,No Collision Stated
None,EDSA,None,None,"No Accident Factor, Side Swipe, 0.0 drivers_injured, 0.0 drivers_killed, 0.0 passengers_injured, 0.0 passengers_killed, 0.0 pedestrian_injured, 0.0 pedestrian_killed, Fair (Night), EDSA Mapagmahal St.  Quezon City",MMDA Road Safety Unit,,850ab9c7-8ec5-4d70-a271-a0f0405d24fa,2014-09-05,11:30:00,EDSA Cloverleaf Road Quezon City,0,0,0,0,0,0,0,0,0,0,2014-09-05 19:30,Property,14.63185046,121.0455315,Side Swipe
None,EDSA,None,None,"No Accident Factor, No Collision Stated (based on Police Blotter Book), 0.0 drivers_injured, 0.0 drivers_killed, 0.0 passengers_injured, 0.0 passengers_killed, 0.0 pedestrian_injured, 0.0 pedestrian_killed, Fair (Day), EDSA P. Tuazon Blvd.  Quezon City",MMDA Road Safety Unit,,6958ab79-b835-493a-9ca4-6a253cae3926,2014-09-05,07:00:00,EDSA GMA Drive Quezon City,0,0,0,0,0,0,0,0,0,0,2014-09-05 15:00,Property,14.61656342,121.0525225,No Collision Stated
None,EDSA,None,None,"No Accident Factor, No Collision Stated (based on Police Blotter Book), 0.0 drivers_injured, 0.0 drivers_killed, 0.0 passengers_injured, 0.0 passengers_killed, 0.0 pedestrian_injured, 0.0 pedestrian_killed, Fair (Day), EDSA ""U"" turn slot, Quezon Ave Quezon City",MMDA Road Safety Unit,,90252d7f-a6d5-45ec-995b-5977bed44a2f,2014-09-05,06:15:00,EDSA North Road Quezon City,0,0,0,0,0,0,0,0,0,0,2014-09-05 14:15,Property,14.64518409,121.0368843,No Collision Stated
None,EDSA,None,None,"No Accident Factor, Rear-end, 0.0 drivers_injured, 0.0 drivers_killed, 0.0 passengers_injured, 0.0 passengers_killed, 0.0 pedestrian_injured, 0.0 pedestrian_killed, Fair (Day), EDSA Banahaw St. Quezon City",MMDA Road Safety Unit,,59744771-326c-4c84-a7ef-5510c6b17613,2014-09-05,00:30:00,EDSA E. Garcia St.  Quezon City,0,0,0,0,0,0,0,0,0,0,2014-09-05 8:30,Property,14.61797303,121.0516572,Rear-End
None,EDSA,None,None,"No Accident Factor, No Collision Stated (based on Police Blotter Book), 0.0 drivers_injured, 0.0 drivers_killed, 0.0 passengers_injured, 0.0 passengers_killed, 0.0 pedestrian_injured, 0.0 pedestrian_killed, Fair (Night), EDSA Walter Mart Quezon City",MMDA Road Safety Unit,,ea8e9e1f-5a55-483d-9270-b3d5caeeedb2,2014-09-04,12:45:00,EDSA between Scout Borromeo St. / Gma Kamuning Quezon City,0,0,0,0,0,0,0,0,0,0,2014-09-04 20:45,Property,14.6574558,121.0213579,No Collision Stated
None,EDSA,None,None,"No Accident Factor, No Collision Stated (based on Police Blotter Book), 0.0 drivers_injured, 0.0 drivers_killed, 0.0 passengers_injured, 0.0 passengers_killed, 0.0 pedestrian_injured, 0.0 pedestrian_killed, Fair (Night), EDSA ""U"" turn slot, Quezon City Academy Quezon City",MMDA Road Safety Unit,,9c29a6e1-0534-4ed7-8eac-e989ea52bb67,2014-09-04,11:45:00,EDSA Roosevelt Ave.  Quezon City,0,0,0,0,0,0,0,0,0,0,2014-09-04 19:45,Property,14.65655357,121.0260701,No Collision Stated
None,EDSA,None,None,"No Accident Factor, Side Swipe, 0.0 drivers_injured, 0.0 drivers_killed, 0.0 passengers_injured, 0.0 passengers_killed, 0.0 pedestrian_injured, 0.0 pedestrian_killed, Fair (Day), EDSA Balintawak Market Quezon City",MMDA Road Safety Unit,,ebeed0d3-25b4-4269-aaa0-39fb5bf65eea,2014-09-04,08:00:00,EDSA Ramon Magsaysay Highschool Quezon City,0,0,0,0,0,0,0,0,0,0,2014-09-04 16:00,Property,14.65740947,121.0025737,Side Swipe
None,EDSA,None,None,"No Accident Factor, No Collision Stated (based on Police Blotter Book), 0.0 drivers_injured, 0.0 drivers_killed, 0.0 passengers_injured, 0.0 passengers_killed, 0.0 pedestrian_injured, 0.0 pedestrian_killed, Fair (Day), EDSA North Ave. Quezon City",MMDA Road Safety Unit,,fcce73eb-6860-4014-96c5-1b9e5d45342d,2014-09-04,04:15:00,EDSA Roosevelt Waltermart Quezon City,0,0,0,0,0,0,0,0,0,0,2014-09-04 12:15,Property,14.65553839,121.0299647,No Collision Stated
None,EDSA,None,None,"No Accident Factor, No Collision Stated (based on Police Blotter Book), 0.0 drivers_injured, 0.0 drivers_killed, 0.0 passengers_injured, 0.0 passengers_killed, 0.0 pedestrian_injured, 0.0 pedestrian_killed, Fair (Day), EDSA ""U"" turn slot, QC Academy, Ramon Magsaysay Quezon City",MMDA Road Safety Unit,,605ac271-048d-4c97-935c-e4336198fbd4,2014-09-04,03:00:00,EDSA First North Luzon Bus Terminal Quezon City,0,0,0,0,0,0,0,0,0,0,2014-09-04 11:00,Property,14.65655357,121.0260701,No Collision Stated
None,EDSA,None,None,"No Accident Factor, Side Swipe, 0.0 drivers_injured, 0.0 drivers_killed, 0.0 passengers_injured, 0.0 passengers_killed, 0.0 pedestrian_injured, 0.0 pedestrian_killed, Fair (Night), EDSA Kaingin Road Quezon City",MMDA Road Safety Unit,,73c832f3-7ec9-40fb-b8b4-6e527f17b69b,2014-09-03,13:55:00,EDSA Kamias Road Quezon City,0,0,0,0,0,0,0,0,0,0,2014-09-03 21:55,Property,14.65746493,121.0109963,Side Swipe
None,EDSA,None,None,"No Accident Factor, No Collision Stated (based on Police Blotter Book), 0.0 drivers_injured, 0.0 drivers_killed, 0.0 passengers_injured, 0.0 passengers_killed, 0.0 pedestrian_injured, 0.0 pedestrian_killed, Fair (Night), EDSA Ramon Magsaysay Quezon City",MMDA Road Safety Unit,,706c4610-831a-4590-abbe-c539ef34212e,2014-09-03,12:45:00,"EDSA Baliwag Bus Terminal, E. Rodriguez Quezon City",0,0,0,0,0,0,0,0,0,0,2014-09-03 20:45,Property,14.62774693,121.0471762,No Collision Stated
None,EDSA,None,None,"No Accident Factor, Hit and Run (No Collision Stated), 0.0 drivers_injured, 0.0 drivers_killed, 0.0 passengers_injured, 0.0 passengers_killed, 0.0 pedestrian_injured, 0.0 pedestrian_killed, Fair (Night), EDSA ""U"" turn slot, Ramon Magsaysay Quezon City",MMDA Road Safety Unit,,401d0aba-a918-431b-b373-eb63145de5cb,2014-09-03,12:45:00,"EDSA Nepa Q-Mart, E. Rodriguez Quezon City",0,0,0,0,0,0,0,0,0,0,2014-09-03 20:45,Property,14.65655357,121.0260701,No Collision Stated
None,EDSA,None,None,"No Accident Factor, Side Swipe, 0.0 drivers_injured, 0.0 drivers_killed, 0.0 passengers_injured, 0.0 passengers_killed, 0.0 pedestrian_injured, 0.0 pedestrian_killed, Fair (Night), EDSA Wilcon Depot  Quezon City",MMDA Road Safety Unit,,44b7ec7e-f853-4730-b7cd-5db4806a6817,2014-09-03,11:00:00,EDSA Aurora Blvd.  Quezon City,0,0,0,0,0,0,0,0,0,0,2014-09-03 19:00,Property,14.65756689,121.0097372,Side Swipe
None,EDSA,None,None,"No Accident Factor, Side Swipe, 0.0 drivers_injured, 0.0 drivers_killed, 0.0 passengers_injured, 0.0 passengers_killed, 0.0 pedestrian_injured, 0.0 pedestrian_killed, Fair (Day), EDSA Santolan  Quezon City",MMDA Road Safety Unit,,817ae3f3-0c28-466e-a0b3-47123af2ad94,2014-09-03,07:25:00,EDSA Quezon Ave. (NB) Quezon City,0,0,0,0,0,0,0,0,0,0,2014-09-03 15:25,Property,14.61090554,121.0550155,Side Swipe
None,EDSA,None,None,"No Accident Factor, Rear-end, 0.0 drivers_injured, 0.0 drivers_killed, 0.0 passengers_injured, 0.0 passengers_killed, 0.0 pedestrian_injured, 0.0 pedestrian_killed, Fair (Day), EDSA Jam Bus Terminal  Quezon City",MMDA Road Safety Unit,,e141cfb7-e37e-447a-8e4f-f45d8c5d21a1,2014-09-03,06:05:00,EDSA Cubao Quezon City,0,0,0,0,0,0,0,0,0,0,2014-09-03 14:05,Property,14.63113373,121.0455992,Rear-End
None,EDSA,None,None,"No Accident Factor, No Collision Stated (based on Police Blotter Book), 0.0 drivers_injured, 0.0 drivers_killed, 0.0 passengers_injured, 0.0 passengers_killed, 0.0 pedestrian_injured, 0.0 pedestrian_killed, Fair (Day), EDSA Cloverleaf Quezon City",MMDA Road Safety Unit,,ebf637b7-80b8-4242-bae0-e85fe62c01f7,2014-09-03,00:35:00,EDSA Santolan MRT station Quezon City,0,0,0,0,0,0,0,0,0,0,2014-09-03 8:35,Property,14.65747901,121.0011914,No Collision Stated
None,EDSA,None,None,"No Accident Factor, No Collision Stated (based on Police Blotter Book), 0.0 drivers_injured, 0.0 drivers_killed, 0.0 passengers_injured, 0.0 passengers_killed, 0.0 pedestrian_injured, 0.0 pedestrian_killed, Fair (Day), EDSA North Ave. MRT Station Quezon City",MMDA Road Safety Unit,,2f3deaf7-d937-4976-8224-12bd3643fe82,2014-09-02,22:00:00,EDSA Congressional Ave. Quezon City,0,0,0,0,0,0,0,0,0,0,2014-09-03 6:00,Property,14.65553839,121.0299647,No Collision Stated
None,EDSA,None,None,"No Accident Factor, No Collision Stated (based on Police Blotter Book), 0.0 drivers_injured, 0.0 drivers_killed, 0.0 passengers_injured, 0.0 passengers_killed, 0.0 pedestrian_injured, 0.0 pedestrian_killed, Fair (Night), EDSA Corregidor St. Quezon City",MMDA Road Safety Unit,,aedbeeab-f7aa-48a0-a271-878a7a159f0a,2014-09-02,11:30:00,EDSA K-3rd St. Quezon City,0,0,0,0,0,0,0,0,0,0,2014-09-02 19:30,Property,14.65707679,121.0241648,No Collision Stated
None,EDSA,None,None,"No Accident Factor, No Collision Stated (based on Police Blotter Book), 0.0 drivers_injured, 0.0 drivers_killed, 0.0 passengers_injured, 0.0 passengers_killed, 0.0 pedestrian_injured, 0.0 pedestrian_killed, Fair (Day), EDSA West Ave.  Quezon City",MMDA Road Safety Unit,,ccccbc9f-7b03-4cbd-a8cb-2b7691624813,2014-09-02,09:30:00,EDSA Col. Bonny Serrano Ave.  Quezon City,0,0,0,0,0,0,0,0,0,0,2014-09-02 17:30,Property,14.65548924,121.0298079,No Collision Stated
None,EDSA,None,None,"No Accident Factor, No Collision Stated (based on Police Blotter Book), 0.0 drivers_injured, 0.0 drivers_killed, 0.0 passengers_injured, 0.0 passengers_killed, 0.0 pedestrian_injured, 0.0 pedestrian_killed, Fair (Day), EDSA Main Ave.  Quezon City",MMDA Road Safety Unit,,e745fc8a-ecbd-4272-807d-be7e5c8c9353,2014-09-02,07:20:00,EDSA SM Nort Quezon City,0,0,0,0,0,0,0,0,0,0,2014-09-02 15:20,Property,14.61376458,121.0537933,No Collision Stated
None,EDSA,None,None,"No Accident Factor, Side Swipe, 0.0 drivers_injured, 0.0 drivers_killed, 0.0 passengers_injured, 0.0 passengers_killed, 0.0 pedestrian_injured, 0.0 pedestrian_killed, Fair (Day), EDSA Five Star Bus Terminal, E. Rodriguez  Quezon City",MMDA Road Safety Unit,,b7e8802b-06ba-49af-b32b-10265cec33c9,2014-09-02,01:40:00,EDSA E. Garcia St. Quezon City,0,0,0,0,0,0,0,0,0,0,2014-09-02 9:40,Property,14.62375691,121.0492447,Side Swipe
None,EDSA,None,None,"No Accident Factor, Angle Impact, 0.0 drivers_injured, 0.0 drivers_killed, 0.0 passengers_injured, 0.0 passengers_killed, 0.0 pedestrian_injured, 0.0 pedestrian_killed, Fair (Day), EDSA Quezon Ave. Quezon City",MMDA Road Safety Unit,,6e438309-7e8a-4734-9a0a-cb7691fc1e50,2014-09-01,22:30:00,EDSA North Ave. Quezon City,0,0,0,0,0,0,0,0,0,0,2014-09-02 6:30,Property,14.6442444,121.0375839,Angle Impact
None,EDSA,None,None,"No Accident Factor, No Collision Stated (based on Police Blotter Book), 0.0 drivers_injured, 0.0 drivers_killed, 0.0 passengers_injured, 0.0 passengers_killed, 0.0 pedestrian_injured, 0.0 pedestrian_killed, Fair (Day), EDSA Mindanao Ave. Quezon City",MMDA Road Safety Unit,,4710023f-7808-40a3-9f9c-d3d647bc10c3,2014-09-01,22:15:00,EDSA West Ave.  Quezon City,0,0,0,0,0,0,0,0,0,0,2014-09-02 6:15,Property,14.65052386,121.0335656,No Collision Stated
None,EDSA,None,None,"No Accident Factor, No Collision Stated (based on Police Blotter Book), 0.0 drivers_injured, 0.0 drivers_killed, 0.0 passengers_injured, 0.0 passengers_killed, 0.0 pedestrian_injured, 0.0 pedestrian_killed, Fair (Night), EDSA Trinoma Quezon City",MMDA Road Safety Unit,,a7b9b3a0-4f58-48f3-8a12-11626e0024ef,2014-09-01,11:20:00,EDSA Kamias Road Quezon City,0,0,0,0,0,0,0,0,0,0,2014-09-01 19:20,Property,14.65242607,121.0323133,No Collision Stated
None,EDSA,None,None,"No Accident Factor, No Collision Stated (based on Police Blotter Book), 0.0 drivers_injured, 0.0 drivers_killed, 0.0 passengers_injured, 0.0 passengers_killed, 0.0 pedestrian_injured, 0.0 pedestrian_killed, Fair (Day), EDSA Quezon Ave. Quezon City",MMDA Road Safety Unit,,dc92e46e-8fba-4c96-8c41-322532f4b0f0,2014-09-01,09:55:00,EDSA P. Tuazon Blvd. Quezon City,0,0,0,0,0,0,0,0,0,0,2014-09-01 17:55,Property,14.6442444,121.0375839,No Collision Stated
None,EDSA,None,None,"No Accident Factor, No Collision Stated (based on Police Blotter Book), 0.0 drivers_injured, 0.0 drivers_killed, 0.0 passengers_injured, 0.0 passengers_killed, 0.0 pedestrian_injured, 0.0 pedestrian_killed, Fair (Day), EDSA Quezon Ave. Quezon City",MMDA Road Safety Unit,,88e7923a-6999-44bd-88d4-2eec0c8a20cd,2014-09-01,06:00:00,EDSA Cubao Quezon City,0,0,0,0,0,0,0,0,0,0,2014-09-01 14:00,Property,14.6442444,121.0375839,No Collision Stated
None,EDSA,None,None,"No Accident Factor, No Collision Stated (based on Police Blotter Book), 0.0 drivers_injured, 0.0 drivers_killed, 0.0 passengers_injured, 0.0 passengers_killed, 0.0 pedestrian_injured, 0.0 pedestrian_killed, Fair (Day), EDSA Jackman Emporium, R. Magsaysay Quezon City",MMDA Road Safety Unit,,c6063d9b-a47a-4487-9b40-eb304f199611,2014-09-01,05:00:00,EDSA Ermin Garcia St. Quezon City,0,0,0,0,0,0,0,0,0,0,2014-09-01 13:00,Property,14.65777839,121.0208499,No Collision Stated
None,EDSA,None,None,"No Accident Factor, No Collision Stated (based on Police Blotter Book), 0.0 drivers_injured, 0.0 drivers_killed, 0.0 passengers_injured, 0.0 passengers_killed, 0.0 pedestrian_injured, 0.0 pedestrian_killed, Fair (Night), EDSA Ramon Magsaysay Quezon City",MMDA Road Safety Unit,,2e1a0ac8-188d-4523-8e03-cff2a0ca02f1,2014-08-31,13:30:00,EDSA Quezon Avenue Quezon City,0,0,0,0,0,0,0,0,0,0,2014-08-31 21:30,Property,14.62774693,121.0471762,No Collision Stated
None,EDSA,None,None,"No Accident Factor, No Collision Stated (based on Police Blotter Book), 0.0 drivers_injured, 0.0 drivers_killed, 0.0 passengers_injured, 0.0 passengers_killed, 0.0 pedestrian_injured, 0.0 pedestrian_killed, Fair (Night), EDSA West Ave.  Quezon City",MMDA Road Safety Unit,,62618a10-255b-4a94-8fa9-0b55c0487c20,2014-08-30,19:10:00,"EDSA ""U"" turn slot, GMA 7 Quezon City",0,0,0,0,0,0,0,0,0,0,2014-08-31 3:10,Property,14.65548924,121.0298079,No Collision Stated
None,EDSA,None,None,"No Accident Factor, No Collision Stated (based on Police Blotter Book), 0.0 drivers_injured, 0.0 drivers_killed, 0.0 passengers_injured, 0.0 passengers_killed, 0.0 pedestrian_injured, 0.0 pedestrian_killed, Fair (Day), EDSA E. Garcia St.  Quezon City",MMDA Road Safety Unit,,21bd0cb8-47d8-4778-bf26-a71549217934,2014-08-30,08:10:00,EDSA New York St. Quezon City,0,0,0,0,0,0,0,0,0,0,2014-08-30 16:10,Property,14.62742033,121.0475769,No Collision Stated
None,EDSA,None,None,"No Accident Factor, Rear-end, 0.0 drivers_injured, 0.0 drivers_killed, 0.0 passengers_injured, 0.0 passengers_killed, 0.0 pedestrian_injured, 0.0 pedestrian_killed, Fair (Night), EDSA Kaingin Road Quezon City",MMDA Road Safety Unit,,048a94d6-b3b0-4668-a51c-ea4d77041252,2014-08-29,17:30:00,EDSA Scout Borromeo St. Quezon City,0,0,0,0,0,0,0,0,0,0,2014-08-30 1:30,Property,14.65746493,121.0109963,Rear-End
None,EDSA,None,None,"No Accident Factor, No Collision Stated (based on Police Blotter Book), 0.0 drivers_injured, 0.0 drivers_killed, 0.0 passengers_injured, 0.0 passengers_killed, 0.0 pedestrian_injured, 0.0 pedestrian_killed, Fair (Night), EDSA North Ave Quezon City",MMDA Road Safety Unit,,a52d7ecc-2014-446b-9062-48dae6812d9b,2014-08-29,15:00:00,EDSA Ortigas Ave. Quezon City,0,0,0,0,0,0,0,0,0,0,2014-08-29 23:00,Property,14.65553839,121.0299647,No Collision Stated
None,EDSA,None,None,"No Accident Factor, Side Swipe, 0.0 drivers_injured, 0.0 drivers_killed, 0.0 passengers_injured, 0.0 passengers_killed, 0.0 pedestrian_injured, 0.0 pedestrian_killed, Fair (Night), EDSA Ortigas Ave.  Quezon City",MMDA Road Safety Unit,,532ec46a-eb7a-42e8-8b1d-050e622ab561,2014-08-29,11:25:00,EDSA P. Tuazon Blvd. Quezon City,0,0,0,0,0,0,0,0,0,0,2014-08-29 19:25,Property,14.59275486,121.0584221,Side Swipe
None,EDSA,None,None,"No Accident Factor, No Collision Stated (based on Police Blotter Book), 0.0 drivers_injured, 0.0 drivers_killed, 0.0 passengers_injured, 0.0 passengers_killed, 0.0 pedestrian_injured, 0.0 pedestrian_killed, Fair (Day), EDSA Camp Aguinaldo Quezon City",MMDA Road Safety Unit,,8ccc3d52-5685-41bc-b5af-2e613a946c54,2014-08-29,06:45:00,EDSA Ramon Magsaysay Quezon City,0,0,0,0,0,0,0,0,0,0,2014-08-29 14:45,Property,14.60818699,121.0564562,No Collision Stated
None,EDSA,None,None,"No Accident Factor, No Collision Stated (based on Police Blotter Book), 0.0 drivers_injured, 0.0 drivers_killed, 0.0 passengers_injured, 0.0 passengers_killed, 0.0 pedestrian_injured, 0.0 pedestrian_killed, Fair (Day), EDSA Timog Ave.  Quezon City",MMDA Road Safety Unit,,f881b4b0-642e-403f-8514-0bb1afb38280,2014-08-29,06:30:00,EDSA East Ave. Quezon City,0,0,0,0,0,0,0,0,0,0,2014-08-29 14:30,Property,14.63293559,121.0446304,No Collision Stated
None,EDSA,None,None,"No Accident Factor, No Collision Stated (based on Police Blotter Book), 0.0 drivers_injured, 0.0 drivers_killed, 0.0 passengers_injured, 0.0 passengers_killed, 0.0 pedestrian_injured, 0.0 pedestrian_killed, Fair (Day), EDSA ""U"" turn slot, Bagong Pagasa Quezon City",MMDA Road Safety Unit,,dd867c43-6429-4e41-bf04-69707fe372e8,2014-08-29,01:50:00,EDSA Mapagmahal St. Quezon City,0,0,0,0,0,0,0,0,0,0,2014-08-29 9:50,Property,14.65652754,121.0260743,No Collision Stated
None,EDSA,None,None,"No Accident Factor, No Collision Stated (based on Police Blotter Book), 1.0 drivers_injured, 0.0 drivers_killed, 0.0 passengers_injured, 0.0 passengers_killed, 0.0 pedestrian_injured, 0.0 pedestrian_killed, Fair (Day), EDSA Scout Borromeo  Quezon City",MMDA Road Safety Unit,,e9b38eda-6546-457a-b2a6-ac11912a5960,2014-08-28,23:30:00,EDSA East Ave. Quezon City,0,0,0,1,0,0,0,0,0,1,2014-08-29 7:30,Injury,14.63715712,121.0419507,No Collision Stated
None,EDSA,None,None,"No Accident Factor, No Collision Stated (based on Police Blotter Book), 0.0 drivers_injured, 0.0 drivers_killed, 0.0 passengers_injured, 0.0 passengers_killed, 0.0 pedestrian_injured, 0.0 pedestrian_killed, Fair (Day), EDSA Kamias Road Quezon City",MMDA Road Safety Unit,,dfa2292d-4338-4c1a-ab1a-ee8edc2141be,2014-08-28,22:45:00,EDSA West Ave.  Quezon City,0,0,0,0,0,0,0,0,0,0,2014-08-29 6:45,Property,14.6309142,121.0459376,No Collision Stated
None,EDSA,None,None,"No Accident Factor, No Collision Stated (based on Police Blotter Book), 0.0 drivers_injured, 0.0 drivers_killed, 0.0 passengers_injured, 0.0 passengers_killed, 0.0 pedestrian_injured, 0.0 pedestrian_killed, Fair (Night), EDSA ""U"" turn slot, Bagong Pagasa Quezon City",MMDA Road Safety Unit,,6290655c-dbd9-40c7-8d99-f367ce563899,2014-08-28,12:10:00,"EDSA ""U"" Turn Slot, Quezon City Academy Quezon City",0,0,0,0,0,0,0,0,0,0,2014-08-28 20:10,Property,14.65652754,121.0260743,No Collision Stated
None,EDSA,None,None,"No Accident Factor, No Collision Stated (based on Police Blotter Book), 0.0 drivers_injured, 0.0 drivers_killed, 0.0 passengers_injured, 0.0 passengers_killed, 0.0 pedestrian_injured, 0.0 pedestrian_killed, Fair (Night), EDSA Roosevelt Ave.  Quezon City",MMDA Road Safety Unit,,130320f0-57bc-48f2-bf5f-42b623f427c2,2014-08-28,11:45:00,"EDSA ""U"" turn slot, West Ave. Quezon City",0,0,0,0,0,0,0,0,0,0,2014-08-28 19:45,Property,14.65762047,121.0196373,No Collision Stated
None,EDSA,None,None,"No Accident Factor, Angle Impact, 0.0 drivers_injured, 0.0 drivers_killed, 0.0 passengers_injured, 0.0 passengers_killed, 0.0 pedestrian_injured, 0.0 pedestrian_killed, Fair (Night), EDSA Roosevelt Ave.  Quezon City",MMDA Road Safety Unit,,2e8fc142-1bd6-4dbe-ab1d-462db9cb5b8c,2014-08-28,10:30:00,EDSA Mapagmahal St. Quezon City,0,0,0,0,0,0,0,0,0,0,2014-08-28 18:30,Property,14.65762047,121.0196373,Angle Impact
None,EDSA,None,None,"No Accident Factor, Side Swipe, 0.0 drivers_injured, 0.0 drivers_killed, 0.0 passengers_injured, 0.0 passengers_killed, 0.0 pedestrian_injured, 0.0 pedestrian_killed, Fair (Day), EDSA How Mart Road Quezon City",MMDA Road Safety Unit,,47ea3ab7-996a-4483-ac59-91e6151b217c,2014-08-28,08:25:00,"EDSA Farmers Plaza, Bgy. Socorro Quezon City",0,0,0,0,0,0,0,0,0,0,2014-08-28 16:25,Property,14.65764415,121.0108224,Side Swipe