LOCATION_TEXT,ROAD,WEATHER,LIGHT,DESC,REPORTING_AGENCY,MAIN_CAUSE,INCIDENTDETAILS_ID,DATE_UTC,TIME_UTC,ADDRESS,killed_driver,killed_passenger,killed_pedestrian,injured_driver,injured_passenger,injured_pedestrian,killed_uncategorized,injured_uncategorized,killed_total,injured_total,DATETIME_PST,SEVERITY,Y,X,COLLISION_TYPE
None,EDSA,None,None,"No Accident Factor, Rear-end, 0.0 drivers_injured, 0.0 drivers_killed, 0.0 passengers_injured, 0.0 passengers_killed, 0.0 pedestrian_injured, 0.0 pedestrian_killed, Fair (Day), EDSA Balintawak Market  Quezon City",MMDA Road Safety Unit,,e6e00972-1415-4462-a465-460dd8d14646,2014-08-28,02:00:00,"EDSA UNTV, Bgy. West Triangle Quezon City",0,0,0,0,0,0,0,0,0,0,2014-08-28 10:00,Property,14.65740947,121.0025737,Rear-End
None,EDSA,None,None,"No Accident Factor, Angle Impact, 0.0 drivers_injured, 0.0 drivers_killed, 0.0 passengers_injured, 0.0 passengers_killed, 0.0 pedestrian_injured, 0.0 pedestrian_killed, Fair (Day), EDSA Main Ave.  Quezon City",MMDA Road Safety Unit,,c8d3fabc-e21f-489b-84b6-a1c32a35bb03,2014-08-28,00:45:00,EDSA P. Tuazon Blvd. Quezon City,0,0,0,0,0,0,0,0,0,0,2014-08-28 8:45,Property,14.61376458,121.0537933,Angle Impact
None,EDSA,None,None,"No Accident Factor, Side Swipe, 0.0 drivers_injured, 0.0 drivers_killed, 0.0 passengers_injured, 0.0 passengers_killed, 0.0 pedestrian_injured, 0.0 pedestrian_killed, Fair (Night), EDSA Ortigas Ave. Quezon City",MMDA Road Safety Unit,,9510bae7-a64d-416a-bb7c-ad3522ce1cba,2014-08-27,15:15:00,EDSA Cloverleaf  Quezon City,0,0,0,0,0,0,0,0,0,0,2014-08-27 23:15,Property,14.59335253,121.0584107,Side Swipe
None,EDSA,None,None,"No Accident Factor, Rear-end, 0.0 drivers_injured, 0.0 drivers_killed, 0.0 passengers_injured, 0.0 passengers_killed, 0.0 pedestrian_injured, 0.0 pedestrian_killed, Fair (Day), EDSA Col. Bonny Serrano Ave. Quezon City",MMDA Road Safety Unit,,b8fb01f1-53a4-443b-962e-aac854a8b87f,2014-08-27,08:30:00,EDSA Mindanao Ave. Ext. Quezon City,0,0,0,0,0,0,0,0,0,0,2014-08-27 16:30,Property,14.61107337,121.0550705,Rear-End
None,EDSA,None,None,"No Accident Factor, Side Swipe, 0.0 drivers_injured, 0.0 drivers_killed, 0.0 passengers_injured, 0.0 passengers_killed, 0.0 pedestrian_injured, 0.0 pedestrian_killed, Fair (Day), EDSA P. Tuazon Blvd. Quezon City",MMDA Road Safety Unit,,270afb0c-66eb-47a4-871a-e28562a8aecf,2014-08-27,08:15:00,EDSA Poveda St. Quezon City,0,0,0,0,0,0,0,0,0,0,2014-08-27 16:15,Property,14.61656342,121.0525225,Side Swipe
None,EDSA,None,None,"No Accident Factor, Rear-end, 0.0 drivers_injured, 0.0 drivers_killed, 0.0 passengers_injured, 0.0 passengers_killed, 0.0 pedestrian_injured, 0.0 pedestrian_killed, Fair (Day), EDSA East Ave. Quezon City",MMDA Road Safety Unit,,43ed1adf-2cf2-4696-9be8-e46b97c8787e,2014-08-27,07:30:00,EDSA JAC Liner Terminal Quezon City,0,0,0,0,0,0,0,0,0,0,2014-08-27 15:30,Property,14.6328297,121.0451176,Rear-End
None,EDSA,None,None,"No Accident Factor, Side Swipe, 0.0 drivers_injured, 0.0 drivers_killed, 0.0 passengers_injured, 0.0 passengers_killed, 0.0 pedestrian_injured, 0.0 pedestrian_killed, Fair (Day), EDSA Monte De Piedad Quezon City",MMDA Road Safety Unit,,235f9edc-540e-435a-9a29-512f2d283a83,2014-08-27,01:00:00,EDSA MRT-North Ave. Station Quezon City,0,0,0,0,0,0,0,0,0,0,2014-08-27 9:00,Property,14.62346937,121.0491711,Side Swipe
None,EDSA,None,None,"No Accident Factor, Rear-end, 0.0 drivers_injured, 0.0 drivers_killed, 0.0 passengers_injured, 0.0 passengers_killed, 0.0 pedestrian_injured, 0.0 pedestrian_killed, Fair (Day), EDSA ""U"" turn slot, Ramon Magsaysay Quezon City",MMDA Road Safety Unit,,0f45a187-b129-4893-935c-a45e046b3d0f,2014-08-26,22:25:00,EDSA Bansalangin  Quezon City,0,0,0,0,0,0,0,0,0,0,2014-08-27 6:25,Property,14.65655357,121.0260701,Rear-End
None,EDSA,None,None,"No Accident Factor, No Collision Stated (based on Police Blotter Book), 0.0 drivers_injured, 0.0 drivers_killed, 0.0 passengers_injured, 0.0 passengers_killed, 0.0 pedestrian_injured, 0.0 pedestrian_killed, Fair (Night), EDSA ""U"" turn slot, Bungad Quezon City",MMDA Road Safety Unit,,870e592e-f606-4f32-9c7c-eb44ceed89b7,2014-08-26,21:50:00,EDSA Iglesia ni Cristo Quezon City,0,0,0,0,0,0,0,0,0,0,2014-08-27 5:50,Property,14.65570403,121.0294794,No Collision Stated
None,EDSA,None,None,"No Accident Factor, Rear-end, 0.0 drivers_injured, 0.0 drivers_killed, 0.0 passengers_injured, 0.0 passengers_killed, 0.0 pedestrian_injured, 0.0 pedestrian_killed, Fair (Night), EDSA ""U"" turn slot, Quezon City Academy Quezon City",MMDA Road Safety Unit,,21795763-1390-43e5-bf30-8dfc62fd148a,2014-08-26,11:30:00,"EDSA  MRT Station, Bgy. South Triangle Quezon City",0,0,0,0,0,0,0,0,0,0,2014-08-26 19:30,Property,14.65655357,121.0260701,Rear-End
None,EDSA,None,None,"No Accident Factor, Hit Object (Barrier), 0.0 drivers_injured, 0.0 drivers_killed, 0.0 passengers_injured, 0.0 passengers_killed, 0.0 pedestrian_injured, 0.0 pedestrian_killed, Fair (Day), EDSA Robinsons Galleria basement parking Quezon City",MMDA Road Safety Unit,,7ba1d761-df41-46ea-b668-7dc09c5c210e,2014-08-26,03:15:00,EDSA Landmark Quezon City,0,0,0,0,0,0,0,0,0,0,2014-08-26 11:15,Property,14.59206941,121.058228,Hit Object
None,EDSA,None,None,"No Accident Factor, Hit Object (No Object Stated), 1.0 drivers_injured, 0.0 drivers_killed, 0.0 passengers_injured, 0.0 passengers_killed, 0.0 pedestrian_injured, 0.0 pedestrian_killed, Fair (Day), EDSA Monte De Piedad St.  Quezon City",MMDA Road Safety Unit,,f9cb752f-3cff-40ac-ad5b-0129c121387a,2014-08-26,02:15:00,EDSA West Ave.  Quezon City,0,0,0,1,0,0,0,0,0,1,2014-08-26 10:15,Injury,14.62346937,121.0491711,Hit Object
None,EDSA,None,None,"No Accident Factor, No Collision Stated (based on Police Blotter Book), 0.0 drivers_injured, 0.0 drivers_killed, 0.0 passengers_injured, 0.0 passengers_killed, 0.0 pedestrian_injured, 0.0 pedestrian_killed, Fair (Day), EDSA ""U"" turn slot, Bungad Quezon City",MMDA Road Safety Unit,,9c8c7d8d-64c9-4908-97e8-cbb5dc0e989b,2014-08-26,01:25:00,EDSA White Plains Ave. Quezon City,0,0,0,0,0,0,0,0,0,0,2014-08-26 9:25,Property,14.65570403,121.0294794,No Collision Stated
None,EDSA,None,None,"No Accident Factor, Side Swipe, 0.0 drivers_injured, 0.0 drivers_killed, 0.0 passengers_injured, 0.0 passengers_killed, 0.0 pedestrian_injured, 0.0 pedestrian_killed, Fair (Day), EDSA Timog Ave.  Quezon City",MMDA Road Safety Unit,,04340785-d71b-467b-bd3c-88aed90bc87f,2014-08-25,23:15:00,EDSA Ortigas Ave.  Quezon City,0,0,0,0,0,0,0,0,0,0,2014-08-26 7:15,Property,14.63293559,121.0446304,Side Swipe
None,EDSA,None,None,"No Accident Factor, Side Swipe, 0.0 drivers_injured, 0.0 drivers_killed, 0.0 passengers_injured, 0.0 passengers_killed, 0.0 pedestrian_injured, 0.0 pedestrian_killed, Fair (Day), EDSA P. Tuazon St. Quezon City",MMDA Road Safety Unit,,6d90794a-7b25-453d-afb5-a4a1f9821723,2014-08-25,22:40:00,EDSA Centris Quezon City,0,0,0,0,0,0,0,0,0,0,2014-08-26 6:40,Property,14.61656342,121.0525225,Side Swipe
None,EDSA,None,None,"No Accident Factor, No Collision Stated (based on Police Blotter Book), 0.0 drivers_injured, 0.0 drivers_killed, 1.0 passengers_injured, 0.0 passengers_killed, 0.0 pedestrian_injured, 0.0 pedestrian_killed, Fair (Night), EDSA San Martin de Porres Quezon City",MMDA Road Safety Unit,,06ec69d1-beef-4777-b881-0d3a866ccc66,2014-08-25,11:00:00,EDSA Mindanao Ave. Ext. Quezon City,0,0,0,0,1,0,0,0,0,1,2014-08-25 19:00,Injury,14.61806207,121.0516007,No Collision Stated
None,EDSA,None,None,"No Accident Factor, Angle Impact, 0.0 drivers_injured, 0.0 drivers_killed, 0.0 passengers_injured, 0.0 passengers_killed, 0.0 pedestrian_injured, 0.0 pedestrian_killed, Fair (Day), EDSA NIA Road Quezon City",MMDA Road Safety Unit,,d65a9230-117c-4ea3-b07e-bd5c3773d19a,2014-08-25,05:50:00,EDSA Q-Mart Quezon City,0,0,0,0,0,0,0,0,0,0,2014-08-25 13:50,Property,14.63727823,121.0421362,Angle Impact
None,EDSA,None,None,"No Accident Factor, No Collision Stated (based on Police Blotter Book), 0.0 drivers_injured, 0.0 drivers_killed, 0.0 passengers_injured, 0.0 passengers_killed, 0.0 pedestrian_injured, 0.0 pedestrian_killed, Fair (Day), EDSA Monte De Piedad St.  Quezon City",MMDA Road Safety Unit,,0d3876af-291b-42a8-a8a5-bb714dedac23,2014-08-25,05:00:00,EDSA SM City-North EDSA Loading/Unloading Quezon City,0,0,0,0,0,0,0,0,0,0,2014-08-25 13:00,Property,14.62346937,121.0491711,No Collision Stated
None,EDSA,None,None,"No Accident Factor, No Collision Stated (based on Police Blotter Book), 0.0 drivers_injured, 0.0 drivers_killed, 0.0 passengers_injured, 0.0 passengers_killed, 0.0 pedestrian_injured, 0.0 pedestrian_killed, Fair (Day), EDSA Main Ave. Quezon City",MMDA Road Safety Unit,,93b9a51f-e3c1-4d47-bf9d-6348fbb06f2b,2014-08-25,03:45:00,EDSA Main Ave. Quezon City,0,0,0,0,0,0,0,0,0,0,2014-08-25 11:45,Property,14.61376458,121.0537933,No Collision Stated
None,EDSA,None,None,"No Accident Factor, Rear-end, 0.0 drivers_injured, 0.0 drivers_killed, 0.0 passengers_injured, 0.0 passengers_killed, 0.0 pedestrian_injured, 0.0 pedestrian_killed, Fair (Day), EDSA Kamuning Road Quezon City",MMDA Road Safety Unit,,d1f35ae4-16fa-4819-a0ed-3f372e717ab7,2014-08-25,03:20:00,"EDSA ""U"" Turn Slot, Ramon Magsaysay Quezon City",0,0,0,0,0,0,0,0,0,0,2014-08-25 11:20,Property,14.63075725,121.0457548,Rear-End
None,EDSA,None,None,"No Accident Factor, Side Swipe, 0.0 drivers_injured, 0.0 drivers_killed, 0.0 passengers_injured, 0.0 passengers_killed, 0.0 pedestrian_injured, 0.0 pedestrian_killed, Fair (Day), EDSA  Robinsons Galleria, Ugong Norte Quezon City",MMDA Road Safety Unit,,e8138395-207f-46df-b00e-255c099fee3e,2014-08-24,06:00:00,"EDSA ""U"" Turn Slot, Bagong Pagasa Quezon City",0,0,0,0,0,0,0,0,0,0,2014-08-24 14:00,Property,14.59240141,121.0581858,Side Swipe
None,EDSA,None,None,"No Accident Factor, Rear-end, 0.0 drivers_injured, 0.0 drivers_killed, 0.0 passengers_injured, 0.0 passengers_killed, 0.0 pedestrian_injured, 0.0 pedestrian_killed, Fair (Day), EDSA ""U"" turn slot, Kamuning Quezon City",MMDA Road Safety Unit,,9f2d1d4e-8d68-429e-8fdd-cf9b35a6573b,2014-08-24,05:40:00,EDSA Centris Quezon City,0,0,0,0,0,0,0,0,0,0,2014-08-24 13:40,Property,14.63181767,121.0453279,Rear-End
None,EDSA,None,None,"No Accident Factor, Angle Impact, 0.0 drivers_injured, 0.0 drivers_killed, 0.0 passengers_injured, 0.0 passengers_killed, 0.0 pedestrian_injured, 0.0 pedestrian_killed, Fair (Night), EDSA Victory Liner Terminal  Quezon City",MMDA Road Safety Unit,,5ddf9370-c40e-4f25-9ff3-92c49d905a81,2014-08-23,13:50:00,"EDSA ""U"" turn slot, P. Tuazon Blvd. Quezon City",0,0,0,0,0,0,0,0,0,0,2014-08-23 21:50,Property,14.62439943,121.0488805,Angle Impact
None,EDSA,None,None,"No Accident Factor, No Collision Stated (Based on Police Blotter Book), 0.0 drivers_injured, 0.0 drivers_killed, 0.0 passengers_injured, 0.0 passengers_killed, 0.0 pedestrian_injured, 0.0 pedestrian_killed, Fair (Day), EDSA Ortigas Ave. Quezon City",MMDA Road Safety Unit,,18c4d410-749b-481f-9082-079a99535cf7,2014-08-23,04:00:00,"EDSA Mo. Ignacia St., Bgy. South Triangle Quezon City",0,0,0,0,0,0,0,0,0,0,2014-08-23 12:00,Property,14.59335253,121.0584107,No Collision Stated
None,EDSA,None,None,"No Accident Factor, No Collision Stated (based on Police Blotter Book), 0.0 drivers_injured, 0.0 drivers_killed, 0.0 passengers_injured, 0.0 passengers_killed, 0.0 pedestrian_injured, 0.0 pedestrian_killed, Fair (Day), EDSA Quezon Ave. Quezon City",MMDA Road Safety Unit,,ce8e3ea0-234a-4d7a-8ff4-91556666d945,2014-08-23,03:40:00,EDSA Mindanao Ave. Ext. Quezon City,0,0,0,0,0,0,0,0,0,0,2014-08-23 11:40,Property,14.6442444,121.0375839,No Collision Stated
None,EDSA,None,None,"No Accident Factor, Side Swipe, 0.0 drivers_injured, 0.0 drivers_killed, 0.0 passengers_injured, 0.0 passengers_killed, 0.0 pedestrian_injured, 0.0 pedestrian_killed, Fair (Night), EDSA Ortigas Ave. Quezon City",MMDA Road Safety Unit,,9938f8da-2230-406a-b6a8-f5af2f79eaf7,2014-08-22,15:00:00,EDSA SM City-North EDSA Loading/Unloading Quezon City,0,0,0,0,0,0,0,0,0,0,2014-08-22 23:00,Property,14.59335253,121.0584107,Side Swipe
None,EDSA,None,None,"No Accident Factor, No Collision Stated (based on Police Blotter Book), 0.0 drivers_injured, 0.0 drivers_killed, 0.0 passengers_injured, 0.0 passengers_killed, 0.0 pedestrian_injured, 0.0 pedestrian_killed, Fair (Day), EDSA ""U"" turn slot, Aurora Blvd.  Quezon City",MMDA Road Safety Unit,,c79112ad-2ee9-4bba-beef-02e0500da8d7,2014-08-22,03:15:00,EDSA Mindanao Ave. Ext. Quezon City,0,0,0,0,0,0,0,0,0,0,2014-08-22 11:15,Property,14.62142187,121.0502205,No Collision Stated
None,EDSA,None,None,"No Accident Factor, No Collision Stated (based on Police Blotter Book), 0.0 drivers_injured, 0.0 drivers_killed, 0.0 passengers_injured, 0.0 passengers_killed, 0.0 pedestrian_injured, 0.0 pedestrian_killed, Fair (Day), EDSA ""U"" turn slot, Ramon Magsaysay Quezon City",MMDA Road Safety Unit,,0dd9ce41-3209-4151-8eb4-2a6be327188c,2014-08-22,01:15:00,"EDSA ""U"" turn slot, GMA-7 Bgy. South Triangle Quezon City",0,0,0,0,0,0,0,0,0,0,2014-08-22 9:15,Property,14.65655357,121.0260701,No Collision Stated
None,EDSA,None,None,"No Accident Factor, Side Swipe, 0.0 drivers_injured, 0.0 drivers_killed, 0.0 passengers_injured, 0.0 passengers_killed, 0.0 pedestrian_injured, 0.0 pedestrian_killed, Fair (Night), EDSA Mother Ignacia St.  Quezon City",MMDA Road Safety Unit,,07a98b78-eddc-4455-864c-c57a3a73e25c,2014-08-21,14:45:00,EDSA Mindanao Ave. Ext. Quezon City,0,0,0,0,0,0,0,0,0,0,2014-08-21 22:45,Property,14.64220321,121.0386692,Side Swipe
None,EDSA,None,None,"No Accident Factor, Angle Impact, 0.0 drivers_injured, 0.0 drivers_killed, 0.0 passengers_injured, 0.0 passengers_killed, 0.0 pedestrian_injured, 0.0 pedestrian_killed, Fair (Day), EDSA Kamuning Road Quezon City",MMDA Road Safety Unit,,d8b70008-7ec8-4b3f-9648-b2d21d33eff7,2014-08-21,05:30:00,"EDSA ""U"" Turn Slot, Ramon Magsaysay Quezon City",0,0,0,0,0,0,0,0,0,0,2014-08-21 13:30,Property,14.63075725,121.0457548,Angle Impact
None,EDSA,None,None,"No Accident Factor, Side Swipe, 0.0 drivers_injured, 0.0 drivers_killed, 0.0 passengers_injured, 0.0 passengers_killed, 0.0 pedestrian_injured, 0.0 pedestrian_killed, Fair (Day), EDSA Col. Bonny Serrano Ave. Quezon City",MMDA Road Safety Unit,,6635ccd9-40ba-48ad-8317-7098823ad359,2014-08-21,04:50:00,"EDSA East Ave., DPWH Quezon City",0,0,0,0,0,0,0,0,0,0,2014-08-21 12:50,Property,14.61107337,121.0550705,Side Swipe
None,EDSA,None,None,"No Accident Factor, Rear-end, 0.0 drivers_injured, 0.0 drivers_killed, 0.0 passengers_injured, 0.0 passengers_killed, 0.0 pedestrian_injured, 0.0 pedestrian_killed, Fair (Day), EDSA Seminary Road Quezon City",MMDA Road Safety Unit,,0f5a0e28-d9ae-4c39-989c-42bb19f58dad,2014-08-21,00:25:00,EDSA Jacman Emporium Quezon City,0,0,0,0,0,0,0,0,0,0,2014-08-21 8:25,Property,14.65776066,121.0173978,Rear-End
None,EDSA,None,None,"No Accident Factor, No Collision Stated (based on Police Blotter Book), 0.0 drivers_injured, 0.0 drivers_killed, 0.0 passengers_injured, 0.0 passengers_killed, 0.0 pedestrian_injured, 0.0 pedestrian_killed, Fair (Day), EDSA Kamuning Road Quezon City",MMDA Road Safety Unit,,9b523485-2da5-40dc-8b9a-ff4f3992d7b4,2014-08-20,02:00:00,EDSA Timog Ave. Quezon City,0,0,0,0,0,0,0,0,0,0,2014-08-20 10:00,Property,14.63075725,121.0457548,No Collision Stated
None,EDSA,None,None,"No Accident Factor, Side Swipe, 0.0 drivers_injured, 0.0 drivers_killed, 0.0 passengers_injured, 0.0 passengers_killed, 0.0 pedestrian_injured, 0.0 pedestrian_killed, Fair (Day), EDSA Robinsons Galleria, Ortigas Quezon City",MMDA Road Safety Unit,,7b236966-21ba-4f2e-8769-9a0a68e85418,2014-08-19,23:30:00,"EDSA ""U"" Turn Slot, SM Annex Quezon City",0,0,0,0,0,0,0,0,0,0,2014-08-20 7:30,Property,14.59206941,121.058228,Side Swipe
None,EDSA,None,None,"No Accident Factor, Angle Impact, 0.0 drivers_injured, 0.0 drivers_killed, 0.0 passengers_injured, 0.0 passengers_killed, 0.0 pedestrian_injured, 0.0 pedestrian_killed, Fair (Day), EDSA East Ave. Quezon City",MMDA Road Safety Unit,,4c12d2f2-0eb1-4b1e-bac1-4b3990cf1ed3,2014-08-19,22:45:00,"EDSA ""U"" turn slot Camp Crame Quezon City",0,0,0,0,0,0,0,0,0,0,2014-08-20 6:45,Property,14.6328297,121.0451176,Angle Impact
None,EDSA,None,None,"No Accident Factor, Side Swipe, 1.0 drivers_injured, 0.0 drivers_killed, 0.0 passengers_injured, 0.0 passengers_killed, 0.0 pedestrian_injured, 0.0 pedestrian_killed, Fair (Day), EDSA Paramount Quezon City",MMDA Road Safety Unit,,71db750d-c784-4ea3-ba6e-b2f8440385a1,2014-08-19,22:30:00,EDSA North Ave. Quezon City,0,0,0,1,0,0,0,0,0,1,2014-08-20 6:30,Injury,14.6555967,121.0297922,Side Swipe
None,EDSA,None,None,"No Accident Factor, No Collision Stated (Based on Police Blotter Book), 0.0 drivers_injured, 0.0 drivers_killed, 0.0 passengers_injured, 0.0 passengers_killed, 0.0 pedestrian_injured, 0.0 pedestrian_killed, Fair (Night), EDSA Gen. Roxas Ave. Quezon City",MMDA Road Safety Unit,,94845475-b8e9-42e8-a5de-a5faf765621c,2014-08-19,14:00:00,"EDSA Kamuning Road, Bgy. Kamuning Quezon City",0,0,0,0,0,0,0,0,0,0,2014-08-19 22:00,Property,14.62042254,121.0508064,No Collision Stated
None,EDSA,None,None,"No Accident Factor, No Collision Stated (Based on Police Blotter Book), 0.0 drivers_injured, 0.0 drivers_killed, 0.0 passengers_injured, 0.0 passengers_killed, 0.0 pedestrian_injured, 0.0 pedestrian_killed, Fair (Night), EDSA Quezon Ave. Quezon City",MMDA Road Safety Unit,,c3eac9ca-606e-49a4-a8a1-4562741597de,2014-08-19,11:30:00,EDSA Col. Bonny Serrano Ave. Quezon City,0,0,0,0,0,0,0,0,0,0,2014-08-19 19:30,Property,14.6442444,121.0375839,No Collision Stated
None,EDSA,None,None,"No Accident Factor, Hit Object (Railings), 0.0 drivers_injured, 0.0 drivers_killed, 0.0 passengers_injured, 0.0 passengers_killed, 0.0 pedestrian_injured, 0.0 pedestrian_killed, Fair (Day), EDSA SM City Annex Quezon City",MMDA Road Safety Unit,,a8e6c2c9-644b-45bc-a2f1-a1e2fd5d86ad,2014-08-19,03:00:00,"EDSA Solid North Terminal, Cubao Quezon City",0,0,0,0,0,0,0,0,0,0,2014-08-19 11:00,Property,14.6563096,121.02741,Hit Object
None,EDSA,None,None,"No Accident Factor, Side Swipe, 0.0 drivers_injured, 0.0 drivers_killed, 0.0 passengers_injured, 0.0 passengers_killed, 0.0 pedestrian_injured, 0.0 pedestrian_killed, Fair (Day), EDSA East Ave. Quezon City",MMDA Road Safety Unit,,354841a1-a4c0-4408-a09b-18d483b1b676,2014-08-19,02:00:00,"EDSA New York St., Dagupan Bus Terminal Quezon City",0,0,0,0,0,0,0,0,0,0,2014-08-19 10:00,Property,14.6328297,121.0451176,Side Swipe
None,EDSA,None,None,"No Accident Factor, Angle Impact, 0.0 drivers_injured, 0.0 drivers_killed, 0.0 passengers_injured, 0.0 passengers_killed, 0.0 pedestrian_injured, 0.0 pedestrian_killed, Fair (Day), EDSA R. Magsaysay High School Quezon City",MMDA Road Safety Unit,,4f119ede-1181-427e-a90e-2535d4bd7849,2014-08-18,23:00:00,EDSA Robinsons Galleria Quezon City,0,0,0,0,0,0,0,0,0,0,2014-08-19 7:00,Property,14.62774693,121.0471762,Angle Impact
None,EDSA,None,None,"No Accident Factor, Side Swipe, 0.0 drivers_injured, 0.0 drivers_killed, 0.0 passengers_injured, 0.0 passengers_killed, 0.0 pedestrian_injured, 0.0 pedestrian_killed, Fair (Night), EDSA Gen. Roxas Ave. Quezon City",MMDA Road Safety Unit,,735a915b-bce6-460d-b24f-60c1512a21b8,2014-08-18,11:30:00,EDSA P. Tuazon Blvd. Quezon City,0,0,0,0,0,0,0,0,0,0,2014-08-18 19:30,Property,14.62042254,121.0508064,Side Swipe
None,EDSA,None,None,"No Accident Factor, No Collision Stated (based on Police Blotter Book), 0.0 drivers_injured, 0.0 drivers_killed, 0.0 passengers_injured, 0.0 passengers_killed, 0.0 pedestrian_injured, 0.0 pedestrian_killed, Fair (Day), EDSA Jam Liner Terminal Quezon City",MMDA Road Safety Unit,,5661782a-c082-4dbb-8291-0925cfb5c528,2014-08-18,08:00:00,EDSA Baliwag Bus Terminal Quezon City,0,0,0,0,0,0,0,0,0,0,2014-08-18 16:00,Property,14.63113373,121.0455992,No Collision Stated
None,EDSA,None,None,"No Accident Factor, Rear-end, 0.0 drivers_injured, 0.0 drivers_killed, 0.0 passengers_injured, 0.0 passengers_killed, 0.0 pedestrian_injured, 0.0 pedestrian_killed, Fair (Day), EDSA Quezon Ave. ""U"" turn slot  Quezon City",MMDA Road Safety Unit,,7673bc03-0c0c-4d6a-a482-f520813fe854,2014-08-18,05:30:00,EDSA Monte de Piedad St. Quezon City,0,0,0,0,0,0,0,0,0,0,2014-08-18 13:30,Property,14.64518998,121.0368683,Rear-End
None,EDSA,None,None,"No Accident Factor, Angle Impact, 0.0 drivers_injured, 0.0 drivers_killed, 0.0 passengers_injured, 0.0 passengers_killed, 0.0 pedestrian_injured, 0.0 pedestrian_killed, Fair (Day), EDSA GMA Drive Quezon City",MMDA Road Safety Unit,,2de6bb16-05d3-4ca6-851f-9e13641f0efa,2014-08-18,03:00:00,"EDSA Genesis Bus Terminal, Bgy. E. Rodriguez  Quezon City",0,0,0,0,0,0,0,0,0,0,2014-08-18 11:00,Property,14.63467214,121.0435714,Angle Impact
None,EDSA,None,None,"No Accident Factor, Side Swipe, 0.0 drivers_injured, 0.0 drivers_killed, 0.0 passengers_injured, 0.0 passengers_killed, 0.0 pedestrian_injured, 0.0 pedestrian_killed, Fair (Day), EDSA 5 Star Bus Terminal  Quezon City",MMDA Road Safety Unit,,01558734-497b-4fa0-acda-87cfa12c1af0,2014-08-18,02:15:00,"EDSA Q-Mart, Bgy. West Kamias Quezon City",0,0,0,0,0,0,0,0,0,0,2014-08-18 10:15,Property,14.62432668,121.0487584,Side Swipe
None,EDSA,None,None,"No Accident Factor, Rear-end, 0.0 drivers_injured, 0.0 drivers_killed, 0.0 passengers_injured, 0.0 passengers_killed, 0.0 pedestrian_injured, 0.0 pedestrian_killed, Fair (Day), EDSA Aurora Blvd.  Quezon City",MMDA Road Safety Unit,,30fd80d2-4914-4935-9253-8a805c06961b,2014-08-17,03:30:00,"EDSA ""U"" Turn Slot, Bagong Pagasa Quezon City",0,0,0,0,0,0,0,0,0,0,2014-08-17 11:30,Property,14.6217569,121.0502544,Rear-End
None,EDSA,None,None,"No Accident Factor, Rear-end, 1.0 drivers_injured, 0.0 drivers_killed, 0.0 passengers_injured, 0.0 passengers_killed, 0.0 pedestrian_injured, 0.0 pedestrian_killed, Fair (Day), EDSA Quezon Ave. Quezon City",MMDA Road Safety Unit,,00fdf147-7c1d-4bd3-ba58-d9dbdf8181fe,2014-08-17,03:15:00,EDSA Misamis St. Quezon City,0,0,0,1,0,0,0,0,0,1,2014-08-17 11:15,Injury,14.6442444,121.0375839,Rear-End
None,EDSA,None,None,"No Accident Factor, Side Swipe, 0.0 drivers_injured, 0.0 drivers_killed, 0.0 passengers_injured, 0.0 passengers_killed, 0.0 pedestrian_injured, 0.0 pedestrian_killed, Fair (Day), EDSA Col. Bonny Serrano Ave. Extn. Quezon City",MMDA Road Safety Unit,,7f86bac0-9029-4431-9cc4-4038a4412986,2014-08-15,22:15:00,EDSA New York St.  Quezon City,0,0,0,0,0,0,0,0,0,0,2014-08-16 6:15,Property,14.61107337,121.0550705,Side Swipe
None,EDSA,None,None,"No Accident Factor, Rear-end, 0.0 drivers_injured, 0.0 drivers_killed, 0.0 passengers_injured, 0.0 passengers_killed, 0.0 pedestrian_injured, 0.0 pedestrian_killed, Fair (Night), EDSA Royal  Quezon City",MMDA Road Safety Unit,,24828330-74b4-471c-a7bc-a34c67314d18,2014-08-15,20:30:00,"EDSA Mapagmahal St., Bgy. Payatas Quezon City",0,0,0,0,0,0,0,0,0,0,2014-08-16 4:30,Property,14.65767141,121.0107008,Rear-End
None,EDSA,None,None,"No Accident Factor, Rear-end, 0.0 drivers_injured, 0.0 drivers_killed, 0.0 passengers_injured, 0.0 passengers_killed, 0.0 pedestrian_injured, 0.0 pedestrian_killed, Fair (Day), EDSA Nepa Q-Mart, E. Rodriguez Quezon City",MMDA Road Safety Unit,,4b3ca888-b0f4-472d-abfa-3e7ba3ddcb54,2014-08-15,07:45:00,"EDSA National Printing Office, Bgy. Central Quezon City",0,0,0,0,0,0,0,0,0,0,2014-08-15 15:45,Property,14.62805361,121.0472521,Rear-End
None,EDSA,None,None,"No Accident Factor, No Collision Stated (Based on Police Blotter Book), 0.0 drivers_injured, 0.0 drivers_killed, 0.0 passengers_injured, 0.0 passengers_killed, 0.0 pedestrian_injured, 0.0 pedestrian_killed, Fair (Day), EDSA ""U"" Turn Slot, West Triangle Quezon City",MMDA Road Safety Unit,,7085acc5-7b31-426f-8583-2936fe59feaa,2014-08-15,01:30:00,EDSA Kamuning Road Quezon City,0,0,0,0,0,0,0,0,0,0,2014-08-15 9:30,Property,14.6535656,121.0313502,Angle Impact