LOCATION_TEXT,ROAD,WEATHER,LIGHT,DESC,REPORTING_AGENCY,MAIN_CAUSE,INCIDENTDETAILS_ID,DATE_UTC,TIME_UTC,ADDRESS,killed_driver,killed_passenger,killed_pedestrian,injured_driver,injured_passenger,injured_pedestrian,killed_uncategorized,injured_uncategorized,killed_total,injured_total,DATETIME_PST,SEVERITY,Y,X,COLLISION_TYPE
None,EDSA,None,None,"No Accident Factor, Side Swipe, 0.0 drivers_injured, 0.0 drivers_killed, 0.0 passengers_injured, 0.0 passengers_killed, 0.0 pedestrian_injured, 0.0 pedestrian_killed, Fair (Day), EDSA Timog Ave.  Quezon City",MMDA Road Safety Unit,,3c998f6f-a638-4435-9f65-752165a4c5c2,2014-08-14,23:00:00,EDSA SM North Quezon City,0,0,0,0,0,0,0,0,0,0,2014-08-15 7:00,Property,14.63293559,121.0446304,Side Swipe
None,EDSA,None,None,"No Accident Factor, Side Swipe, 0.0 drivers_injured, 0.0 drivers_killed, 0.0 passengers_injured, 0.0 passengers_killed, 0.0 pedestrian_injured, 0.0 pedestrian_killed, Fair (Day), EDSA ""U"" turn slot, Col. B. Serrano Ave.  Quezon City",MMDA Road Safety Unit,,f2176c3d-d7e8-4a34-be06-dd23f5715d3e,2014-08-14,22:55:00,EDSA P. Tuazon Blvd. Quezon City,0,0,0,0,0,0,0,0,0,0,2014-08-15 6:55,Property,14.61044174,121.0551657,Side Swipe
None,EDSA,None,None,"No Accident Factor, Rear-end, 0.0 drivers_injured, 0.0 drivers_killed, 0.0 passengers_injured, 0.0 passengers_killed, 0.0 pedestrian_injured, 0.0 pedestrian_killed, Fair (Day), EDSA North Ave Quezon City",MMDA Road Safety Unit,,afb96950-785f-43f9-a8dd-50cb3ebe85d1,2014-08-14,22:45:00,EDSA Quezon Ave. (EB) Quezon City,0,0,0,0,0,0,0,0,0,0,2014-08-15 6:45,Property,14.65553839,121.0299647,Rear-End
None,EDSA,None,None,"No Accident Factor, Side Swipe, 0.0 drivers_injured, 0.0 drivers_killed, 0.0 passengers_injured, 0.0 passengers_killed, 0.0 pedestrian_injured, 0.0 pedestrian_killed, Fair (Day), EDSA P. Tuazon Blvd.  Quezon City",MMDA Road Safety Unit,,7d9b986b-dd4b-441a-824b-f8d649ea1644,2014-08-14,06:55:00,"EDSA ""U"" turn slot - Camp Crame, Bgy. Talipapa Quezon City",0,0,0,0,0,0,0,0,0,0,2014-08-14 14:55,Property,14.61656342,121.0525225,Side Swipe
None,EDSA,None,None,"No Accident Factor, No Collision Stated (based on Police Blotter Book), 0.0 drivers_injured, 0.0 drivers_killed, 0.0 passengers_injured, 0.0 passengers_killed, 0.0 pedestrian_injured, 0.0 pedestrian_killed, Fair (Day), EDSA Santolan ""U"" turn slot  Quezon City",MMDA Road Safety Unit,,e91fc8ba-c37b-40fe-8214-3fc3da8ea086,2014-08-14,02:00:00,EDSA MRT Santolan station. Quezon City,0,0,0,0,0,0,0,0,0,0,2014-08-14 10:00,Property,14.61090554,121.0550155,No Collision Stated
None,EDSA,None,None,"No Accident Factor, Side Swipe, 0.0 drivers_injured, 0.0 drivers_killed, 0.0 passengers_injured, 0.0 passengers_killed, 0.0 pedestrian_injured, 0.0 pedestrian_killed, Fair (Day), EDSA East Ave.  Quezon City",MMDA Road Safety Unit,,1be33eba-22f8-4ddb-b088-89b1123a0c26,2014-08-13,01:30:00,EDSA Kamuning Road Quezon City,0,0,0,0,0,0,0,0,0,0,2014-08-13 9:30,Property,14.6328297,121.0451176,Side Swipe
None,EDSA,None,None,"No Accident Factor, Side Swipe, 0.0 drivers_injured, 0.0 drivers_killed, 0.0 passengers_injured, 0.0 passengers_killed, 0.0 pedestrian_injured, 0.0 pedestrian_killed, Fair (Night), EDSA Col. Bonny Serrano Ave.  Quezon City",MMDA Road Safety Unit,,abbdf42a-8cd1-4028-b71f-5323755fb42c,2014-08-12,13:30:00,EDSA Dario Bridge Quezon City,0,0,0,0,0,0,0,0,0,0,2014-08-12 21:30,Property,14.61107337,121.0550705,Side Swipe
None,EDSA,None,None,"No Accident Factor, No Collision Stated (based on Police Blotter Book), 0.0 drivers_injured, 0.0 drivers_killed, 0.0 passengers_injured, 0.0 passengers_killed, 0.0 pedestrian_injured, 0.0 pedestrian_killed, Fair (Day), EDSA Main Ave.  Quezon City",MMDA Road Safety Unit,,05846139-fcd4-40db-bdfe-d4ff4eb3c2ba,2014-08-12,08:15:00,"EDSA Timog ""U"" turn slot GMA 7 Quezon City",0,0,0,0,0,0,0,0,0,0,2014-08-12 16:15,Property,14.61376458,121.0537933,No Collision Stated
None,EDSA,None,None,"No Accident Factor, No Collision Stated (based on Police Blotter Book), 0.0 drivers_injured, 0.0 drivers_killed, 0.0 passengers_injured, 0.0 passengers_killed, 0.0 pedestrian_injured, 0.0 pedestrian_killed, Fair (Day), EDSA K-3rd St.  Quezon City",MMDA Road Safety Unit,,796467ab-d98f-4b0c-bc41-7a496f3e2e84,2014-08-12,08:00:00,EDSA Aurora Blvd. Intersection  Quezon City,0,0,0,0,0,0,0,0,0,0,2014-08-12 16:00,Property,14.62942357,121.0463854,No Collision Stated
None,EDSA,None,None,"No Accident Factor, Rear-end, 0.0 drivers_injured, 0.0 drivers_killed, 0.0 passengers_injured, 0.0 passengers_killed, 0.0 pedestrian_injured, 0.0 pedestrian_killed, Fair (Day), EDSA East Ave.  Quezon City",MMDA Road Safety Unit,,3d5be480-39f9-43d6-bf30-274fe92a3318,2014-08-12,05:00:00,EDSA Lucena Lines Terminal New York St.  Quezon City,0,0,0,0,0,0,0,0,0,0,2014-08-12 13:00,Property,14.6328297,121.0451176,Rear-End
None,EDSA,None,None,"No Accident Factor, No Collision Stated (Based on Police Blotter Book), 0.0 drivers_injured, 0.0 drivers_killed, 0.0 passengers_injured, 0.0 passengers_killed, 0.0 pedestrian_injured, 0.0 pedestrian_killed, Fair (Night), EDSA Toyota Balintawak Quezon City",MMDA Road Safety Unit,,c9da1eb3-527a-4389-af02-662d95268969,2014-08-11,11:10:00,EDSA New York St. Quezon City,0,0,0,0,0,0,0,0,0,0,2014-08-11 19:10,Property,14.65745344,120.99615,No Collision Stated
None,EDSA,None,None,"No Accident Factor, No Collision Stated (based on Police Blotter Book), 1.0 drivers_injured, 0.0 drivers_killed, 0.0 passengers_injured, 0.0 passengers_killed, 0.0 pedestrian_injured, 0.0 pedestrian_killed, Fair (Day), EDSA South Road Quezon City",MMDA Road Safety Unit,,41ce516c-e83f-484e-b1b1-066183094493,2014-08-11,07:20:00,EDSA between P. Bernardo St. Isarog Bus Quezon City,0,0,0,1,0,0,0,0,0,1,2014-08-11 15:20,Injury,14.61321318,121.053905,No Collision Stated
None,EDSA,None,None,"No Accident Factor, Side Swipe, 1.0 drivers_injured, 0.0 drivers_killed, 0.0 passengers_injured, 0.0 passengers_killed, 0.0 pedestrian_injured, 0.0 pedestrian_killed, Fair (Day), EDSA Baliwag Bus Terminal, E. Rodriguez  Quezon City",MMDA Road Safety Unit,,6241bf21-5261-4c72-9498-5532bd3cb4fb,2014-08-11,04:00:00,EDSA GMA 7 MRT Station  Quezon City,0,0,0,1,0,0,0,0,0,1,2014-08-11 12:00,Injury,14.6244766,121.0489584,Side Swipe
None,EDSA,None,None,"No Accident Factor, Rear-end, 0.0 drivers_injured, 0.0 drivers_killed, 0.0 passengers_injured, 0.0 passengers_killed, 0.0 pedestrian_injured, 0.0 pedestrian_killed, Fair (Day), EDSA Farmers Market, Socorro Quezon City",MMDA Road Safety Unit,,bbd8f1f6-c7c2-4ca9-aeec-5fea866d12c4,2014-08-10,23:15:00,EDSA Banahaw St. Cubao Quezon City,0,0,0,0,0,0,0,0,0,0,2014-08-11 7:15,Property,14.61920525,121.0513476,Rear-End
None,EDSA,None,None,"No Accident Factor, Side Swipe, 0.0 drivers_injured, 0.0 drivers_killed, 0.0 passengers_injured, 0.0 passengers_killed, 0.0 pedestrian_injured, 0.0 pedestrian_killed, Fair (Day), EDSA ""U"" Turn Slot, Bagong Pagasa Quezon City",MMDA Road Safety Unit,,f93b8cd2-6c74-45f8-ab21-02bca77c1fa2,2014-08-10,23:00:00,EDSA Arayat St. Cubao  Quezon City,0,0,0,0,0,0,0,0,0,0,2014-08-11 7:00,Property,14.65652754,121.0260743,Side Swipe
None,EDSA,None,None,"No Accident Factor, Rear-end, 0.0 drivers_injured, 0.0 drivers_killed, 0.0 passengers_injured, 0.0 passengers_killed, 0.0 pedestrian_injured, 0.0 pedestrian_killed, Fair (Night), EDSA Col. Bonny Serrano Ave.  Quezon City",MMDA Road Safety Unit,,b376d8f8-74d6-452b-95ec-bfe8b2525ca9,2014-08-10,14:15:00,EDSA Boni Serrano Ave.  Quezon City,0,0,0,0,0,0,0,0,0,0,2014-08-10 22:15,Property,14.61107337,121.0550705,Rear-End
None,EDSA,None,None,"No Accident Factor, Side Swipe, 0.0 drivers_injured, 0.0 drivers_killed, 0.0 passengers_injured, 0.0 passengers_killed, 0.0 pedestrian_injured, 0.0 pedestrian_killed, Fair (Day), EDSA P. Tuazon Blvd. Quezon City",MMDA Road Safety Unit,,53e14770-e69a-41b7-90c4-8bc3d046bb42,2014-08-09,07:00:00,"EDSA Camp Aguinaldo, Gate 3 Quezon City",0,0,0,0,0,0,0,0,0,0,2014-08-09 15:00,Property,14.61656342,121.0525225,Side Swipe
None,EDSA,None,None,"No Accident Factor, No Collision Stated (Based on Police Blotter Book), 0.0 drivers_injured, 0.0 drivers_killed, 0.0 passengers_injured, 0.0 passengers_killed, 0.0 pedestrian_injured, 0.0 pedestrian_killed, Fair (Day), EDSA ""U"" Turn Slot, Ramon Magsaysay Quezon City",MMDA Road Safety Unit,,fdcdc5f2-d8f0-429f-81db-7e763423d619,2014-08-09,01:30:00,EDSA Col. Bonny Serrano Ave.  Quezon City,0,0,0,0,0,0,0,0,0,0,2014-08-09 9:30,Property,14.65655357,121.0260701,No Collision Stated
None,EDSA,None,None,"No Accident Factor, Hit and Run (No Collision Stated), 0.0 drivers_injured, 0.0 drivers_killed, 0.0 passengers_injured, 0.0 passengers_killed, 0.0 pedestrian_injured, 0.0 pedestrian_killed, Fair (Day), EDSA SM North Edsa Quezon City",MMDA Road Safety Unit,,f4a29aff-ff13-4df3-bf79-e7137c8f1028,2014-08-07,22:45:00,EDSA Main Ave. Quezon City,0,0,0,0,0,0,0,0,0,0,2014-08-08 6:45,Property,14.65645143,121.0271077,No Collision Stated
None,EDSA,None,None,"No Accident Factor, Side Swipe, 0.0 drivers_injured, 0.0 drivers_killed, 0.0 passengers_injured, 0.0 passengers_killed, 0.0 pedestrian_injured, 0.0 pedestrian_killed, Fair (Night), EDSA MRT North Station Quezon City",MMDA Road Safety Unit,,800a8f57-25d2-4d73-baa0-14dec6daf64f,2014-08-07,11:00:00,EDSA Main Ave. Quezon City,0,0,0,0,0,0,0,0,0,0,2014-08-07 19:00,Property,14.65224665,121.0323026,Side Swipe
None,EDSA,None,None,"No Accident Factor, Side Swipe, 0.0 drivers_injured, 0.0 drivers_killed, 0.0 passengers_injured, 0.0 passengers_killed, 0.0 pedestrian_injured, 0.0 pedestrian_killed, Fair (Night), EDSA Aurora Blvd.  Quezon City",MMDA Road Safety Unit,,ef5a3ad6-41f3-45d2-9c57-62e9e9a8a6b8,2014-08-06,12:25:00,EDSA Ermin Garcia St. Quezon City,0,0,0,0,0,0,0,0,0,0,2014-08-06 20:25,Property,14.6217569,121.0502544,Side Swipe
None,EDSA,None,None,"No Accident Factor, Side Swipe, 0.0 drivers_injured, 0.0 drivers_killed, 0.0 passengers_injured, 0.0 passengers_killed, 0.0 pedestrian_injured, 0.0 pedestrian_killed, Fair (Night), EDSA Quezon Ave.  Quezon City",MMDA Road Safety Unit,,95dbad0e-7ade-46d4-81b8-96fcbde8ab54,2014-08-06,11:15:00,EDSA Quezon Ave. Quezon City,0,0,0,0,0,0,0,0,0,0,2014-08-06 19:15,Property,14.6442444,121.0375839,Side Swipe
None,EDSA,None,None,"No Accident Factor, No Collision Stated (based on Police Blotter Book), 0.0 drivers_injured, 0.0 drivers_killed, 0.0 passengers_injured, 0.0 passengers_killed, 0.0 pedestrian_injured, 0.0 pedestrian_killed, Fair (Day), EDSA Jam Liner Bus Terminal  Quezon City",MMDA Road Safety Unit,,1f0d09a8-9f10-4bce-8148-1edb5a005f48,2014-08-06,00:00:00,EDSA Baliwag Bus Terminal Quezon City,0,0,0,0,0,0,0,0,0,0,2014-08-06 8:00,Property,14.63113373,121.0455992,No Collision Stated
None,EDSA,None,None,"No Accident Factor, Rear-end, 0.0 drivers_injured, 0.0 drivers_killed, 0.0 passengers_injured, 0.0 passengers_killed, 0.0 pedestrian_injured, 0.0 pedestrian_killed, Fair (Day), EDSA Farmers Quezon City",MMDA Road Safety Unit,,9a748bd9-9da1-4672-a013-8d4a5330e99d,2014-08-04,22:10:00,EDSA Quezon Ave. Quezon City,0,0,0,0,0,0,0,0,0,0,2014-08-05 6:10,Property,14.61920525,121.0513476,Rear-End
None,EDSA,None,None,"No Accident Factor, No Collision Stated (Based on Police Blotter Book), 0.0 drivers_injured, 0.0 drivers_killed, 0.0 passengers_injured, 0.0 passengers_killed, 0.0 pedestrian_injured, 0.0 pedestrian_killed, Fair (Night), EDSA Ramon Magsaysay Quezon City",MMDA Road Safety Unit,,f261d873-59d4-4aba-9a7a-5291bd4fc208,2014-08-04,12:00:00,EDSA P. Tuazon St. Bgy. Socorro Quezon City,0,0,0,0,0,0,0,0,0,0,2014-08-04 20:00,Property,14.62774693,121.0471762,No Collision Stated
None,EDSA,None,None,"No Accident Factor, No Collision Stated (based on Police Blotter Book), 0.0 drivers_injured, 0.0 drivers_killed, 0.0 passengers_injured, 0.0 passengers_killed, 0.0 pedestrian_injured, 0.0 pedestrian_killed, Fair (Day), EDSA Jam Liner Terminal Cubao  Quezon City",MMDA Road Safety Unit,,0b374d0c-418b-4792-a285-b6311106a4e5,2014-08-04,08:00:00,EDSA East Ave. Quezon City,0,0,0,0,0,0,0,0,0,0,2014-08-04 16:00,Property,14.63113373,121.0455992,No Collision Stated
None,EDSA,None,None,"No Accident Factor, No Collision Stated (based on Police Blotter Book), 0.0 drivers_injured, 0.0 drivers_killed, 0.0 passengers_injured, 0.0 passengers_killed, 0.0 pedestrian_injured, 0.0 pedestrian_killed, Fair (Day), EDSA Oliveros St. Quezon City",MMDA Road Safety Unit,,946b5cea-4e4f-4312-8930-81ca3decb4c4,2014-08-04,06:00:00,EDSA Mother Ignacia St.  Quezon City,0,0,0,0,0,0,0,0,0,0,2014-08-04 14:00,Property,14.65762799,121.0065288,No Collision Stated
None,EDSA,None,None,"No Accident Factor, Hit and Run (No Collision Stated), 0.0 drivers_injured, 0.0 drivers_killed, 0.0 passengers_injured, 0.0 passengers_killed, 0.0 pedestrian_injured, 0.0 pedestrian_killed, Fair (Night), EDSA North Ave Quezon City",MMDA Road Safety Unit,,1fa1ebdd-8d05-41be-b1f2-7462103b4c12,2014-08-03,14:00:00,EDSA Kainigin Road Bgy. A. Samson  Quezon City,0,0,0,0,0,0,0,0,0,0,2014-08-03 22:00,Property,14.65553839,121.0299647,No Collision Stated
None,EDSA,None,None,"No Accident Factor, No Collision Stated (based on Police Blotter Book), 0.0 drivers_injured, 0.0 drivers_killed, 0.0 passengers_injured, 0.0 passengers_killed, 0.0 pedestrian_injured, 0.0 pedestrian_killed, Fair (Day), EDSA Roosevelt Ave.     Quezon City",MMDA Road Safety Unit,,c2c29499-6cbb-4395-8990-8d6281fef543,2014-08-03,09:45:00,EDSA Puregold Bgy. Apolonio Samson  Quezon City,0,0,0,0,0,0,0,0,0,0,2014-08-03 17:45,Property,14.65762047,121.0196373,No Collision Stated
None,EDSA,None,None,"No Accident Factor, Rear-end, 0.0 drivers_injured, 0.0 drivers_killed, 0.0 passengers_injured, 0.0 passengers_killed, 0.0 pedestrian_injured, 0.0 pedestrian_killed, Fair (Day), EDSA E. Garcia St.  Quezon City",MMDA Road Safety Unit,,8a8a0bd1-569a-4063-b182-4de9ce9dfc5f,2014-08-03,08:10:00,"EDSA fronting Baliwag Transit Bus Terminal, Bgy. E. Rodriguez Quezon City",0,0,0,0,0,0,0,0,0,0,2014-08-03 16:10,Property,14.62742033,121.0475769,Rear-End
None,EDSA,None,None,"No Accident Factor, Rear-end, 0.0 drivers_injured, 0.0 drivers_killed, 0.0 passengers_injured, 0.0 passengers_killed, 0.0 pedestrian_injured, 0.0 pedestrian_killed, Fair (Night), EDSA Timog Ave.  Quezon City",MMDA Road Safety Unit,,13326a16-81e1-477f-8b1e-4713f050692a,2014-08-02,15:30:00,"EDSA fronting Q-Mart Market, Bgy. E. Rodriguez Quezon City",0,0,0,0,0,0,0,0,0,0,2014-08-02 23:30,Property,14.63293559,121.0446304,Rear-End
None,EDSA,None,None,"No Accident Factor, No Collision Stated (based on Police Blotter Book), 0.0 drivers_injured, 0.0 drivers_killed, 0.0 passengers_injured, 0.0 passengers_killed, 0.0 pedestrian_injured, 0.0 pedestrian_killed, Fair (Day), EDSA Monte de Piedad St. Quezon City",MMDA Road Safety Unit,,23307793-6f6c-4d1e-8921-64da82187711,2014-08-02,07:35:00,EDSA Scout Borromeo St. Quezon City,0,0,0,0,0,0,0,0,0,0,2014-08-02 15:35,Property,14.62346937,121.0491711,No Collision Stated
None,EDSA,None,None,"No Accident Factor, Rear-end, 0.0 drivers_injured, 0.0 drivers_killed, 0.0 passengers_injured, 0.0 passengers_killed, 0.0 pedestrian_injured, 0.0 pedestrian_killed, Fair (Day), EDSA Kamuning Road Quezon City",MMDA Road Safety Unit,,4029f3f1-e0fa-4304-bfe4-74573076c371,2014-08-01,06:40:00,EDSA P. Tuazon Blvd. Quezon City,0,0,0,0,0,0,0,0,0,0,2014-08-01 14:40,Property,14.63075725,121.0457548,Rear-End
None,EDSA,None,None,"No Accident Factor, No Collision Stated (based on Police Blotter Book), 0.0 drivers_injured, 0.0 drivers_killed, 0.0 passengers_injured, 0.0 passengers_killed, 0.0 pedestrian_injured, 0.0 pedestrian_killed, Fair (Day), EDSA SM City North Quezon City",MMDA Road Safety Unit,,0e2e816e-7c6b-4209-9ccf-7dd04b739a0d,2014-08-01,06:15:00,EDSA Congressional Ave. Quezon City,0,0,0,0,0,0,0,0,0,0,2014-08-01 14:15,Property,14.6563096,121.02741,No Collision Stated
None,EDSA,None,None,"No Accident Factor, No Collision Stated (based on Police Blotter Book), 0.0 drivers_injured, 0.0 drivers_killed, 0.0 passengers_injured, 0.0 passengers_killed, 0.0 pedestrian_injured, 0.0 pedestrian_killed, Fair (Day), EDSA ""U"" turn slot, Boni Serrano St. Quezon City",MMDA Road Safety Unit,,5fd1dbdf-73f2-4c9c-904a-7c37760af4c3,2014-08-01,05:15:00,EDSA Ermin Garcia St. Quezon City,0,0,0,0,0,0,0,0,0,0,2014-08-01 13:15,Property,14.61041705,121.0552162,No Collision Stated
None,EDSA,None,None,"No Accident Factor, No Collision Stated (based on Police Blotter Book), 0.0 drivers_injured, 0.0 drivers_killed, 0.0 passengers_injured, 0.0 passengers_killed, 0.0 pedestrian_injured, 0.0 pedestrian_killed, Fair (Day), EDSA Col. Boni Serrano Ave. Quezon City",MMDA Road Safety Unit,,d0eb38af-03d5-454c-9100-289d0672e47c,2014-08-01,04:30:00,EDSA Kamuning Road  Quezon City,0,0,0,0,0,0,0,0,0,0,2014-08-01 12:30,Property,14.61107337,121.0550705,No Collision Stated
None,EDSA,None,None,"No Accident Factor, Hit Object (Post-Wood, Meralco), 0.0 drivers_injured, 0.0 drivers_killed, 0.0 passengers_injured, 0.0 passengers_killed, 0.0 pedestrian_injured, 0.0 pedestrian_killed, Fair (Night), EDSA Main Ave. Quezon City",MMDA Road Safety Unit,,1c162ed9-e621-4725-840b-ba5de5e1b370,2014-07-31,19:25:00,EDSA North Ave. Quezon City,0,0,0,0,0,0,0,0,0,0,2014-08-01 3:25,Property,14.61376458,121.0537933,Hit Object
None,EDSA,None,None,"No Accident Factor, No Collision Stated (based on Police Blotter Book), 0.0 drivers_injured, 0.0 drivers_killed, 0.0 passengers_injured, 0.0 passengers_killed, 0.0 pedestrian_injured, 0.0 pedestrian_killed, Fair (Night), EDSA Seminary Road Quezon City",MMDA Road Safety Unit,,ef8e02ff-c275-4d5d-ab23-705b3d72fc90,2014-07-31,14:05:00,"EDSA before P. Tuazon St., Bgy. Socorro Quezon City",0,0,0,0,0,0,0,0,0,0,2014-07-31 22:05,Property,14.65776066,121.0173978,No Collision Stated
None,EDSA,None,None,"No Accident Factor, Side Swipe, 0.0 drivers_injured, 0.0 drivers_killed, 0.0 passengers_injured, 0.0 passengers_killed, 0.0 pedestrian_injured, 0.0 pedestrian_killed, Fair (Night), EDSA East Ave. Quezon City",MMDA Road Safety Unit,,5a4a528d-ba88-429d-b382-0c89ab665f76,2014-07-31,12:45:00,"EDSA ""U"" turn slot, Trinoma Mall  Quezon City",0,0,0,0,0,0,0,0,0,0,2014-07-31 20:45,Property,14.6328297,121.0451176,Side Swipe
None,EDSA,None,None,"No Accident Factor, No Collision Stated (based on Police Blotter Book), 0.0 drivers_injured, 0.0 drivers_killed, 0.0 passengers_injured, 0.0 passengers_killed, 0.0 pedestrian_injured, 0.0 pedestrian_killed, Fair (Night), EDSA Femia Road Quezon City",MMDA Road Safety Unit,,88c8f3ce-4940-49c0-bf11-dba57d9772f0,2014-07-31,10:45:00,"EDSA fronting Baliwag Bus Terminal, Bgy. E. Rodriguez Quezon City",0,0,0,0,0,0,0,0,0,0,2014-07-31 18:45,Property,14.65776837,121.0159521,No Collision Stated
None,EDSA,None,None,"No Accident Factor, No Collision Stated (based on Police Blotter Book), 1.0 drivers_injured, 0.0 drivers_killed, 0.0 passengers_injured, 0.0 passengers_killed, 0.0 pedestrian_injured, 0.0 pedestrian_killed, Fair (Day), EDSA Main Ave.  Quezon City",MMDA Road Safety Unit,,212f5c91-c373-421b-bb94-4d9cbf9ca3e3,2014-07-31,02:30:00,EDSA Kamias Road  Quezon City,0,0,0,1,0,0,0,0,0,1,2014-07-31 10:30,Injury,14.61376458,121.0537933,No Collision Stated
None,EDSA,None,None,"No Accident Factor, No Collision Stated (based on Police Blotter Book), 0.0 drivers_injured, 0.0 drivers_killed, 0.0 passengers_injured, 0.0 passengers_killed, 0.0 pedestrian_injured, 0.0 pedestrian_killed, Fair (Day), EDSA K-3rd St.  Quezon City",MMDA Road Safety Unit,,07736294-8601-4aba-b18a-b2b220163b24,2014-07-30,23:35:00,EDSA Corregidor St. Quezon City,0,0,0,0,0,0,0,0,0,0,2014-07-31 7:35,Property,14.62942357,121.0463854,No Collision Stated
None,EDSA,None,None,"No Accident Factor, No Collision Stated (based on Police Blotter Book), 0.0 drivers_injured, 0.0 drivers_killed, 0.0 passengers_injured, 0.0 passengers_killed, 0.0 pedestrian_injured, 0.0 pedestrian_killed, Fair (Day), EDSA Congressional Ave Quezon City",MMDA Road Safety Unit,,ff20a3c7-1394-443c-b261-45e7bf185778,2014-07-30,08:00:00,EDSA Roosevelt Ave. Quezon City,0,0,0,0,0,0,0,0,0,0,2014-07-30 16:00,Property,14.6571804,120.9927185,No Collision Stated
None,EDSA,None,None,"No Accident Factor, No Collision Stated (based on Police Blotter Book), 0.0 drivers_injured, 0.0 drivers_killed, 0.0 passengers_injured, 0.0 passengers_killed, 0.0 pedestrian_injured, 0.0 pedestrian_killed, Fair (Day), EDSA Monte de Piedad St. Quezon City",MMDA Road Safety Unit,,ad3e6870-f008-455f-b5af-7f63305201bc,2014-07-30,07:30:00,EDSA Quezon Ave. Quezon City,0,0,0,0,0,0,0,0,0,0,2014-07-30 15:30,Property,14.62346937,121.0491711,No Collision Stated
None,EDSA,None,None,"No Accident Factor, Side Swipe, 0.0 drivers_injured, 0.0 drivers_killed, 0.0 passengers_injured, 0.0 passengers_killed, 0.0 pedestrian_injured, 0.0 pedestrian_killed, Fair (Day), EDSA Quezon Ave.  Quezon City",MMDA Road Safety Unit,,509d653c-df9d-4d49-9d3d-8b9c69c9bee2,2014-07-30,00:30:00,"EDSA Iglesia ni Kristo, Bgy. Ramon Magsaysay Quezon City",0,0,0,0,0,0,0,0,0,0,2014-07-30 8:30,Property,14.6442444,121.0375839,Side Swipe
None,EDSA,None,None,"No Accident Factor, No Collision Stated (based on Police Blotter Book), 0.0 drivers_injured, 0.0 drivers_killed, 0.0 passengers_injured, 0.0 passengers_killed, 0.0 pedestrian_injured, 0.0 pedestrian_killed, Fair (Night), EDSA Quezon Ave. Quezon City",MMDA Road Safety Unit,,c8ec6078-9ca2-4de5-984c-da359cc60031,2014-07-29,15:40:00,EDSA Main Ave.  Quezon City,0,0,0,0,0,0,0,0,0,0,2014-07-29 23:40,Property,14.6442444,121.0375839,No Collision Stated
None,EDSA,None,None,"No Accident Factor, Angle Impact, 0.0 drivers_injured, 0.0 drivers_killed, 0.0 passengers_injured, 0.0 passengers_killed, 0.0 pedestrian_injured, 0.0 pedestrian_killed, Fair (Day), EDSA Farmer's Cubao Quezon City",MMDA Road Safety Unit,,ffaaaa00-065b-4bfa-965b-d8031c18fee9,2014-07-29,05:00:00,EDSA Misamis St. Quezon City,0,0,0,0,0,0,0,0,0,0,2014-07-29 13:00,Property,14.61920525,121.0513476,Angle Impact
None,EDSA,None,None,"No Accident Factor, No Collision Stated (based on Police Blotter Book), 0.0 drivers_injured, 0.0 drivers_killed, 0.0 passengers_injured, 0.0 passengers_killed, 0.0 pedestrian_injured, 0.0 pedestrian_killed, Fair (Day), EDSA West Ave Quezon City",MMDA Road Safety Unit,,c1ffc39e-ec74-4f50-b9aa-392edab005b5,2014-07-28,22:30:00,"EDSA Kamuning Road - ""U"" turn slot Quezon City",0,0,0,0,0,0,0,0,0,0,2014-07-29 6:30,Property,14.65548924,121.0298079,No Collision Stated
None,EDSA,None,None,"No Accident Factor, Rear-end, 0.0 drivers_injured, 0.0 drivers_killed, 0.0 passengers_injured, 0.0 passengers_killed, 0.0 pedestrian_injured, 0.0 pedestrian_killed, Fair (Night), EDSA Oliveros Quezon City",MMDA Road Safety Unit,,5f596c5e-eae7-4b3e-b5f3-b493df2f3500,2014-07-28,14:30:00,"EDSA  ""U"" turn slot, Quezon Ave. Quezon City",0,0,0,0,0,0,0,0,0,0,2014-07-28 22:30,Property,14.65762799,121.0065288,Rear-End
None,EDSA,None,None,"No Accident Factor, No Collision Stated (based on Police Blotter Book), 0.0 drivers_injured, 0.0 drivers_killed, 0.0 passengers_injured, 0.0 passengers_killed, 0.0 pedestrian_injured, 0.0 pedestrian_killed, Fair (Day), EDSA Banahaw St. Quezon City",MMDA Road Safety Unit,,e7fc1f89-e822-4da7-b629-ed0b67d216f3,2014-07-28,08:30:00,EDSA fronting Camp Aguinaldo Quezon City,0,0,0,0,0,0,0,0,0,0,2014-07-28 16:30,Property,14.61797303,121.0516572,No Collision Stated
None,EDSA,None,None,"No Accident Factor, Side Swipe, 0.0 drivers_injured, 0.0 drivers_killed, 0.0 passengers_injured, 0.0 passengers_killed, 0.0 pedestrian_injured, 0.0 pedestrian_killed, Fair (Day), EDSA Ortigas Ave. Quezon City",MMDA Road Safety Unit,,092bd5d4-de6c-4ce5-a154-ab17b24df733,2014-07-28,02:35:00,EDSA Walter Mart Bgy. Veterans Quezon City,0,0,0,0,0,0,0,0,0,0,2014-07-28 10:35,Property,14.59335253,121.0584107,Side Swipe