LOCATION_TEXT,ROAD,WEATHER,LIGHT,DESC,REPORTING_AGENCY,MAIN_CAUSE,INCIDENTDETAILS_ID,DATE_UTC,TIME_UTC,ADDRESS,killed_driver,killed_passenger,killed_pedestrian,injured_driver,injured_passenger,injured_pedestrian,killed_uncategorized,injured_uncategorized,killed_total,injured_total,DATETIME_PST,SEVERITY,Y,X,COLLISION_TYPE
None,EDSA,None,None,"No Accident Factor, No Collision Stated (based on Police Blotter Book), 0.0 drivers_injured, 0.0 drivers_killed, 0.0 passengers_injured, 0.0 passengers_killed, 0.0 pedestrian_injured, 0.0 pedestrian_killed, Fair (Day), EDSA Quezon Ave Quezon City",MMDA Road Safety Unit,,77c96d35-1f7c-4626-9933-6e3ee16742b0,2014-07-28,00:20:00,"EDSA Timog Avenue  - ""U"" turn slot  Quezon City",0,0,0,0,0,0,0,0,0,0,2014-07-28 8:20,Property,14.6442444,121.0375839,No Collision Stated
None,EDSA,None,None,"No Accident Factor, Side Swipe, 0.0 drivers_injured, 0.0 drivers_killed, 0.0 passengers_injured, 0.0 passengers_killed, 0.0 pedestrian_injured, 0.0 pedestrian_killed, Fair (Day), EDSA Timog Ave. Quezon City",MMDA Road Safety Unit,,114a888c-dba0-45cf-ab85-af240db07397,2014-07-27,08:55:00,"EDSA Alley 1, Bgy. Bahay Toro Quezon City",0,0,0,0,0,0,0,0,0,0,2014-07-27 16:55,Property,14.63293559,121.0446304,Side Swipe
None,EDSA,None,None,"No Accident Factor, Side Swipe, 0.0 drivers_injured, 0.0 drivers_killed, 0.0 passengers_injured, 0.0 passengers_killed, 0.0 pedestrian_injured, 0.0 pedestrian_killed, Fair (Day), EDSA Timog Ave. Quezon City",MMDA Road Safety Unit,,e7b16d16-7934-4765-ad3e-aeea07dfd0a6,2014-07-27,08:15:00,"EDSA  ""U"" turn slot, HPI Corporation Center, Bgy. Ramon Magsaysay Quezon City",0,0,0,0,0,0,0,0,0,0,2014-07-27 16:15,Property,14.63293559,121.0446304,Side Swipe
None,EDSA,None,None,"No Accident Factor, No Collision Stated (based on Police Blotter Book), 0.0 drivers_injured, 0.0 drivers_killed, 0.0 passengers_injured, 0.0 passengers_killed, 0.0 pedestrian_injured, 0.0 pedestrian_killed, Fair (Night), EDSA Aurora Blvd.  Quezon City",MMDA Road Safety Unit,,3702ab53-88a4-458f-9371-9861abbb2006,2014-07-26,21:00:00,EDSA Congressional Ave.  Quezon City,0,0,0,0,0,0,0,0,0,0,2014-07-27 5:00,Property,14.6217569,121.0502544,No Collision Stated
None,EDSA,None,None,"No Accident Factor, Side Swipe, 0.0 drivers_injured, 0.0 drivers_killed, 0.0 passengers_injured, 0.0 passengers_killed, 0.0 pedestrian_injured, 0.0 pedestrian_killed, Fair (Night), EDSA Victory Liner Terminal Quezon City",MMDA Road Safety Unit,,be059b4e-6194-4654-909b-34546db11a2c,2014-07-26,15:10:00,EDSA Misamis St. Quezon City,0,0,0,0,0,0,0,0,0,0,2014-07-26 23:10,Property,14.62439943,121.0488805,Side Swipe
None,EDSA,None,None,"No Accident Factor, No Collision Stated (based on Police Blotter Book), 0.0 drivers_injured, 0.0 drivers_killed, 0.0 passengers_injured, 0.0 passengers_killed, 0.0 pedestrian_injured, 0.0 pedestrian_killed, Fair (Night), EDSA ""U"" Turn Slot, Iglesia Ni Cristo Church Quezon City",MMDA Road Safety Unit,,44ece006-10b2-47ca-8ef4-0b069b83a313,2014-07-26,12:10:00,EDSA Misamis St. Quezon City,0,0,0,0,0,0,0,0,0,0,2014-07-26 20:10,Property,14.65726475,121.0226547,No Collision Stated
None,EDSA,None,None,"No Accident Factor, Side Swipe, 0.0 drivers_injured, 0.0 drivers_killed, 0.0 passengers_injured, 0.0 passengers_killed, 0.0 pedestrian_injured, 0.0 pedestrian_killed, Fair (Night), EDSA Kamias Road  Quezon City",MMDA Road Safety Unit,,dbdc6074-0847-4fb7-ac38-36518b761a53,2014-07-26,12:00:00,EDSA Ermin Garcia Street Quezon City,0,0,0,0,0,0,0,0,0,0,2014-07-26 20:00,Property,14.6309142,121.0459376,Side Swipe
None,EDSA,None,None,"No Accident Factor, No Collision Stated (based on Police Blotter Book), 0.0 drivers_injured, 0.0 drivers_killed, 0.0 passengers_injured, 0.0 passengers_killed, 0.0 pedestrian_injured, 0.0 pedestrian_killed, Fair (Day), EDSA Timog Ave. Quezon City",MMDA Road Safety Unit,,d0cd43ed-5e0b-4f1a-9308-28063f01e930,2014-07-26,09:15:00,"EDSA ""U"" turn slot - Camp Crame Quezon City",0,0,0,0,0,0,0,0,0,0,2014-07-26 17:15,Property,14.63293559,121.0446304,No Collision Stated
None,EDSA,None,None,"No Accident Factor, No Collision Stated (based on Police Blotter Book), 0.0 drivers_injured, 0.0 drivers_killed, 0.0 passengers_injured, 0.0 passengers_killed, 0.0 pedestrian_injured, 0.0 pedestrian_killed, Fair (Day), EDSA Fema Road Quezon City",MMDA Road Safety Unit,,6242d675-d880-48eb-85e8-94244b61c642,2014-07-26,07:30:00,EDSA West Avenue Brgy Bungad Quezon City,0,0,0,0,0,0,0,0,0,0,2014-07-26 15:30,Property,14.65776837,121.0159521,No Collision Stated
None,EDSA,None,None,"No Accident Factor, Rear-end, 0.0 drivers_injured, 0.0 drivers_killed, 0.0 passengers_injured, 0.0 passengers_killed, 0.0 pedestrian_injured, 0.0 pedestrian_killed, Fair (Day), EDSA Jam Liner Terminal Quezon City",MMDA Road Safety Unit,,52cc1bf4-5062-43ce-b961-8f367502ae89,2014-07-26,04:30:00,EDSA Banahaw Street Barangay San Martin de Porres Quezon City,0,0,0,0,0,0,0,0,0,0,2014-07-26 12:30,Property,14.63113373,121.0455992,Rear-End
None,EDSA,None,None,"No Accident Factor, No Collision Stated (based on Police Blotter Book), 0.0 drivers_injured, 0.0 drivers_killed, 0.0 passengers_injured, 0.0 passengers_killed, 0.0 pedestrian_injured, 0.0 pedestrian_killed, Fair (Day), EDSA E. Garcia St. Quezon City",MMDA Road Safety Unit,,7996a5f9-7868-43cb-a92f-c49ea723cf3c,2014-07-26,03:45:00,EDSA Quezon Ave. Quezon City,0,0,0,0,0,0,0,0,0,0,2014-07-26 11:45,Property,14.62742033,121.0475769,No Collision Stated
None,EDSA,None,None,"No Accident Factor, Rear-end, 0.0 drivers_injured, 0.0 drivers_killed, 0.0 passengers_injured, 0.0 passengers_killed, 0.0 pedestrian_injured, 0.0 pedestrian_killed, Fair (Night), EDSA P. Tuazon Blvd.  Quezon City",MMDA Road Safety Unit,,17aac626-58e7-4f60-999a-4770300119ac,2014-07-25,16:10:00,EDSA Victory Liner Bus Terminal Cubao East Ave. Bgy. Pinahan  Quezon City,0,0,0,0,0,0,0,0,0,0,2014-07-26 0:10,Property,14.61656342,121.0525225,Rear-End
None,EDSA,None,None,"No Accident Factor, Side Swipe, 0.0 drivers_injured, 0.0 drivers_killed, 0.0 passengers_injured, 0.0 passengers_killed, 0.0 pedestrian_injured, 0.0 pedestrian_killed, Fair (Night), EDSA Gen. Roxas Ave.  Quezon City",MMDA Road Safety Unit,,697ccf2c-cfda-4cca-aaad-0702b0a448cf,2014-07-25,12:10:00,EDSA Santolan MRT Station (SB) Quezon City,0,0,0,0,0,0,0,0,0,0,2014-07-25 20:10,Property,14.62042254,121.0508064,Side Swipe
None,EDSA,None,None,"No Accident Factor, No Collision Stated (based on Police Blotter Book), 0.0 drivers_injured, 0.0 drivers_killed, 0.0 passengers_injured, 0.0 passengers_killed, 0.0 pedestrian_injured, 0.0 pedestrian_killed, Fair (Night), EDSA Mapagmahal St.  Quezon City",MMDA Road Safety Unit,,8201d5d9-6483-419d-ac9d-dfdb1aa9fe5f,2014-07-25,12:00:00,EDSA Fema Road Bahay Toro Quezon City,0,0,0,0,0,0,0,0,0,0,2014-07-25 20:00,Property,14.63185046,121.0455315,No Collision Stated
None,EDSA,None,None,"No Accident Factor, Side Swipe, 0.0 drivers_injured, 0.0 drivers_killed, 0.0 passengers_injured, 0.0 passengers_killed, 0.0 pedestrian_injured, 0.0 pedestrian_killed, Fair (Night), EDSA Main Ave.  Quezon City",MMDA Road Safety Unit,,93489a0d-9350-4887-8914-c4391ad54806,2014-07-25,11:00:00,EDSA  P. Tuazon blvd. Quezon City,0,0,0,0,0,0,0,0,0,0,2014-07-25 19:00,Property,14.61376458,121.0537933,Side Swipe
None,EDSA,None,None,"No Accident Factor, Side Swipe, 0.0 drivers_injured, 0.0 drivers_killed, 0.0 passengers_injured, 0.0 passengers_killed, 0.0 pedestrian_injured, 0.0 pedestrian_killed, Fair (Day), EDSA Monte de Piedad St.St. Quezon City",MMDA Road Safety Unit,,46a6eee1-1eb0-4530-8536-8c4e8a19e515,2014-07-24,23:50:00,EDSA Five Star Bus Terminal Cubao  Quezon City,0,0,0,0,0,0,0,0,0,0,2014-07-25 7:50,Property,14.62346937,121.0491711,Side Swipe
None,EDSA,None,None,"No Accident Factor, No Collision Stated (based on Police Blotter Book), 0.0 drivers_injured, 0.0 drivers_killed, 0.0 passengers_injured, 0.0 passengers_killed, 0.0 pedestrian_injured, 0.0 pedestrian_killed, Fair (Night), EDSA P. Tuazon Blvd. Quezon City",MMDA Road Safety Unit,,50bac383-ffd6-48e4-91fb-b5260b5a1311,2014-07-24,15:05:00,"EDSA ""u"" turn slot Trinoma  Quezon City",0,0,0,0,0,0,0,0,0,0,2014-07-24 23:05,Property,14.61656342,121.0525225,No Collision Stated
None,EDSA,None,None,"No Accident Factor, Rear-end, 0.0 drivers_injured, 0.0 drivers_killed, 0.0 passengers_injured, 0.0 passengers_killed, 0.0 pedestrian_injured, 0.0 pedestrian_killed, Fair (Day), EDSA Kamuning Road Quezon City",MMDA Road Safety Unit,,9a6f6980-f912-4965-a40a-068dde8baa7e,2014-07-24,06:40:00,EDSA Main Ave. Quezon City,0,0,0,0,0,0,0,0,0,0,2014-07-24 14:40,Property,14.63075725,121.0457548,Rear-End
None,EDSA,None,None,"No Accident Factor, No Collision Stated (based on Police Blotter Book), 0.0 drivers_injured, 0.0 drivers_killed, 0.0 passengers_injured, 0.0 passengers_killed, 0.0 pedestrian_injured, 0.0 pedestrian_killed, Fair (Day), EDSA Kamias Road Quezon City",MMDA Road Safety Unit,,9a5f41ce-9b2a-4bcc-8949-f842da8dab4e,2014-07-24,02:30:00,EDSA New York St. Quezon City,0,0,0,0,0,0,0,0,0,0,2014-07-24 10:30,Property,14.6309142,121.0459376,No Collision Stated
None,EDSA,None,None,"No Accident Factor, No Collision Stated (based on Police Blotter Book), 0.0 drivers_injured, 0.0 drivers_killed, 0.0 passengers_injured, 0.0 passengers_killed, 0.0 pedestrian_injured, 0.0 pedestrian_killed, Fair (Day), EDSA ""U"" Turn Slot, Ramon Magsaysay Quezon City",MMDA Road Safety Unit,,f9cb03bb-9696-445e-9dc2-5a59eb4a7ba3,2014-07-24,01:45:00,EDSA Arayat St. Quezon City,0,0,0,0,0,0,0,0,0,0,2014-07-24 9:45,Property,14.65655357,121.0260701,No Collision Stated
None,EDSA,None,None,"No Accident Factor, No Collision Stated (based on Police Blotter Book), 0.0 drivers_injured, 0.0 drivers_killed, 0.0 passengers_injured, 0.0 passengers_killed, 0.0 pedestrian_injured, 0.0 pedestrian_killed, Fair (Day), EDSA ""U"" Turn Slot, Ramon Magsaysay Quezon City",MMDA Road Safety Unit,,1d5b80ca-befb-4b29-884b-55b0badbdb14,2014-07-24,00:30:00,EDSA Kamuning Road Quezon City,0,0,0,0,0,0,0,0,0,0,2014-07-24 8:30,Property,14.65655357,121.0260701,No Collision Stated
None,EDSA,None,None,"No Accident Factor, Side Swipe, 0.0 drivers_injured, 0.0 drivers_killed, 0.0 passengers_injured, 0.0 passengers_killed, 0.0 pedestrian_injured, 0.0 pedestrian_killed, Fair (Night), EDSA Mapagmahal St.  Quezon City",MMDA Road Safety Unit,,8330461b-2bb8-4793-8cfa-2410c9d4d01b,2014-07-23,14:00:00,EDSA New York St. Bgy. E. Rodriguez Quezon City,0,0,0,0,0,0,0,0,0,0,2014-07-23 22:00,Property,14.63185046,121.0455315,Side Swipe
None,EDSA,None,None,"No Accident Factor, Self-Accident, 1.0 drivers_injured, 0.0 drivers_killed, 0.0 passengers_injured, 0.0 passengers_killed, 0.0 pedestrian_injured, 0.0 pedestrian_killed, Fair (Night), EDSA Col. Bonny Serrano Ave. (NB) Quezon City",MMDA Road Safety Unit,,3f214f35-6e6c-42db-b546-ad36103c5950,2014-07-23,14:00:00,EDSA P. Tuazon Blvd. Quezon City,0,0,0,1,0,0,0,0,0,1,2014-07-23 22:00,Injury,14.61107337,121.0550705,Self-Accident
None,EDSA,None,None,"No Accident Factor, No Collision Stated (based on Police Blotter Book), 0.0 drivers_injured, 0.0 drivers_killed, 0.0 passengers_injured, 0.0 passengers_killed, 0.0 pedestrian_injured, 0.0 pedestrian_killed, Fair (Night), EDSA Cloverleaf Drive Quezon City",MMDA Road Safety Unit,,a3c20cbe-a5ff-414a-8618-6275297ad8d0,2014-07-23,10:30:00,EDSA Kamias Road Quezon City,0,0,0,0,0,0,0,0,0,0,2014-07-23 18:30,Property,14.65740144,121.0008553,No Collision Stated
None,EDSA,None,None,"No Accident Factor, Angle Impact, 0.0 drivers_injured, 0.0 drivers_killed, 0.0 passengers_injured, 0.0 passengers_killed, 0.0 pedestrian_injured, 0.0 pedestrian_killed, Fair (Day), EDSA Kamias Service Road (NB0 Quezon City",MMDA Road Safety Unit,,5324af31-c7dc-4509-96a7-f022df55af48,2014-07-23,05:30:00,"EDSA ""u"" turn slot Trinoma Mall West Avenue  Quezon City",0,0,0,0,0,0,0,0,0,0,2014-07-23 13:30,Property,14.6309142,121.0459376,Angle Impact
None,EDSA,None,None,"No Accident Factor, Side Swipe, 0.0 drivers_injured, 0.0 drivers_killed, 0.0 passengers_injured, 0.0 passengers_killed, 0.0 pedestrian_injured, 0.0 pedestrian_killed, Fair (Day), EDSA Timog Ave. Quezon City",MMDA Road Safety Unit,,3399798b-e429-497d-8ec8-58acd74a096c,2014-07-23,04:45:00,"EDSA ""U"" turn slot, Kamuning Quezon City",0,0,0,0,0,0,0,0,0,0,2014-07-23 12:45,Property,14.63293559,121.0446304,Side Swipe
None,EDSA,None,None,"No Accident Factor, Rear-end, 0.0 drivers_injured, 0.0 drivers_killed, 0.0 passengers_injured, 0.0 passengers_killed, 0.0 pedestrian_injured, 0.0 pedestrian_killed, Fair (Day), EDSA K-3rd St. Quezon City",MMDA Road Safety Unit,,acdfa41c-2d1b-452f-b78e-ef993a711c80,2014-07-23,04:25:00,EDSA Camp Aguinaldo  Quezon City,0,0,0,0,0,0,0,0,0,0,2014-07-23 12:25,Property,14.62942357,121.0463854,Rear-End
None,EDSA,None,None,"No Accident Factor, Side Swipe, 1.0 drivers_injured, 0.0 drivers_killed, 0.0 passengers_injured, 0.0 passengers_killed, 0.0 pedestrian_injured, 0.0 pedestrian_killed, Fair (Day), EDSA Gen, Mc Arthur St. (Farmers, Cubao) Quezon City",MMDA Road Safety Unit,,1473ff06-68f2-4f2b-89f0-8151c8e7750c,2014-07-23,02:05:00,EDSA P. Tuazon Blvd. Quezon City,0,0,0,1,0,0,0,0,0,1,2014-07-23 10:05,Injury,14.618161,121.0517079,Side Swipe
None,EDSA,None,None,"No Accident Factor, Multiple Collision, 1.0 drivers_injured, 0.0 drivers_killed, 1.0 passengers_injured, 0.0 passengers_killed, 0.0 pedestrian_injured, 0.0 pedestrian_killed, Fair (Night), EDSA Eermin Garcia St.  Quezon City",MMDA Road Safety Unit,,0e93847e-5c3a-4d25-8b9c-1b82fce2a4c5,2014-07-22,20:45:00,EDSA Aurora Blvd. Quezon City,0,0,0,1,1,0,0,0,0,2,2014-07-23 4:45,Injury,14.62746225,121.0474439,Multiple
None,EDSA,None,None,"No Accident Factor, No Collision Stated (based on Police Blotter Book), 0.0 drivers_injured, 0.0 drivers_killed, 0.0 passengers_injured, 0.0 passengers_killed, 0.0 pedestrian_injured, 0.0 pedestrian_killed, Fair (Night), EDSA Kamuning Road Quezon City",MMDA Road Safety Unit,,20a61db8-ae66-458a-b9e6-c78041efcdf1,2014-07-22,10:10:00,EDSA Cloverleaf (NB) Brgy. Balingasa Quezon City,0,0,0,0,0,0,0,0,0,0,2014-07-22 18:10,Property,14.63075725,121.0457548,No Collision Stated
None,EDSA,None,None,"No Accident Factor, Rear-end, 0.0 drivers_injured, 0.0 drivers_killed, 0.0 passengers_injured, 0.0 passengers_killed, 0.0 pedestrian_injured, 0.0 pedestrian_killed, Fair (Day), EDSA Ortigas Ave. Quezon City",MMDA Road Safety Unit,,d2ddd425-2c6e-4551-b840-6bd5d93c5dd1,2014-07-22,04:45:00,"EDSA ""U"" turn slot, Santolan Quezon City",0,0,0,0,0,0,0,0,0,0,2014-07-22 12:45,Property,14.59335253,121.0584107,Rear-End
None,EDSA,None,None,"No Accident Factor, No Collision Stated (based on Police Blotter Book), 0.0 drivers_injured, 0.0 drivers_killed, 0.0 passengers_injured, 0.0 passengers_killed, 0.0 pedestrian_injured, 0.0 pedestrian_killed, Fair (Day), EDSA Congressional Ave Quezon City",MMDA Road Safety Unit,,43a0f652-a2ed-469a-8266-5c0e26b16e1d,2014-07-22,03:20:00,EDSA Panay Ave. Quezon City,0,0,0,0,0,0,0,0,0,0,2014-07-22 11:20,Property,14.6571804,120.9927185,No Collision Stated
None,EDSA,None,None,"No Accident Factor, No Collision Stated (based on Police Blotter Book), 0.0 drivers_injured, 0.0 drivers_killed, 0.0 passengers_injured, 0.0 passengers_killed, 0.0 pedestrian_injured, 0.0 pedestrian_killed, Fair (Day), EDSA K-3rd St. Quezon City",MMDA Road Safety Unit,,28cb7d90-69bd-4ca7-a1ef-f5917549859d,2014-07-22,00:30:00,EDSA Arayat St. Quezon City,0,0,0,0,0,0,0,0,0,0,2014-07-22 8:30,Property,14.62942357,121.0463854,No Collision Stated
None,EDSA,None,None,"No Accident Factor, Side Swipe, 0.0 drivers_injured, 0.0 drivers_killed, 0.0 passengers_injured, 0.0 passengers_killed, 0.0 pedestrian_injured, 0.0 pedestrian_killed, Fair (Night), EDSA Ortigas Ave. - Robinson Galleria Quezon City",MMDA Road Safety Unit,,777bc8a1-aa0b-4028-ae97-e80414e3c3e0,2014-07-21,11:30:00,EDSA before Monte De Piedad Street  Quezon City,0,0,0,0,0,0,0,0,0,0,2014-07-21 19:30,Property,14.59275486,121.0584221,Side Swipe
None,EDSA,None,None,"No Accident Factor, No Collision Stated (based on Police Blotter Book), 0.0 drivers_injured, 0.0 drivers_killed, 0.0 passengers_injured, 0.0 passengers_killed, 0.0 pedestrian_injured, 0.0 pedestrian_killed, Fair (Day), EDSA Aurora Blvd.  Quezon City",MMDA Road Safety Unit,,577cb123-e3da-4480-b172-332bdc5f4efb,2014-07-21,07:30:00,EDSA  East Ave. Quezon City,0,0,0,0,0,0,0,0,0,0,2014-07-21 15:30,Property,14.6217569,121.0502544,No Collision Stated
None,EDSA,None,None,"No Accident Factor, No Collision Stated (based on Police Blotter Book), 0.0 drivers_injured, 0.0 drivers_killed, 0.0 passengers_injured, 0.0 passengers_killed, 0.0 pedestrian_injured, 0.0 pedestrian_killed, Fair (Day), EDSA Aurora Blvd.  Quezon City",MMDA Road Safety Unit,,90d3520f-46b2-4b04-b802-c886a687e829,2014-07-21,06:00:00,"EDSA Timog ""U"" turn slot  Quezon City",0,0,0,0,0,0,0,0,0,0,2014-07-21 14:00,Property,14.6217569,121.0502544,No Collision Stated
None,EDSA,None,None,"No Accident Factor, Side Swipe, 0.0 drivers_injured, 0.0 drivers_killed, 0.0 passengers_injured, 0.0 passengers_killed, 0.0 pedestrian_injured, 0.0 pedestrian_killed, Fair (Day), EDSA Kaingin Road Quezon City",MMDA Road Safety Unit,,c2dee1b7-61f1-42c8-b804-86e3c1b89d9f,2014-07-21,02:20:00,EDSA Main Avenue  Quezon City,0,0,0,0,0,0,0,0,0,0,2014-07-21 10:20,Property,14.65746493,121.0109963,Side Swipe
None,EDSA,None,None,"No Accident Factor, Side Swipe, 0.0 drivers_injured, 0.0 drivers_killed, 0.0 passengers_injured, 0.0 passengers_killed, 0.0 pedestrian_injured, 0.0 pedestrian_killed, Fair (Day), EDSA Monte de Piedad St.  Quezon City",MMDA Road Safety Unit,,b8e33630-ffc4-48c4-bbed-80e476b2933b,2014-07-21,01:10:00,EDSA Kamias Road Quezon City,0,0,0,0,0,0,0,0,0,0,2014-07-21 9:10,Property,14.62346937,121.0491711,Side Swipe
None,EDSA,None,None,"No Accident Factor, No Collision Stated (based on Police Blotter Book), 0.0 drivers_injured, 0.0 drivers_killed, 0.0 passengers_injured, 0.0 passengers_killed, 0.0 pedestrian_injured, 0.0 pedestrian_killed, Fair (Night), EDSA Congressional Ave.  Quezon City",MMDA Road Safety Unit,,82038aac-bce4-4f0a-adc1-a38de8be2594,2014-07-19,13:00:00,EDSA  Kamuning Road Quezon City,0,0,0,0,0,0,0,0,0,0,2014-07-19 21:00,Injury,14.6571804,120.9927185,No Collision Stated
None,EDSA,None,None,"No Accident Factor, Rear-end, 0.0 drivers_injured, 0.0 drivers_killed, 0.0 passengers_injured, 0.0 passengers_killed, 0.0 pedestrian_injured, 0.0 pedestrian_killed, Fair (Night), EDSA SM Hypermarket, Socorro Quezon City",MMDA Road Safety Unit,,d7648009-24b0-435e-8daf-777b2de5d31e,2014-07-19,12:15:00,EDSA K-3rd Street Brgy. Kamuning  Quezon City,0,0,0,0,0,0,0,0,0,0,2014-07-19 20:15,Property,14.6142289,121.0535621,Rear-End
None,EDSA,None,None,"No Accident Factor, Side Swipe, 0.0 drivers_injured, 0.0 drivers_killed, 0.0 passengers_injured, 0.0 passengers_killed, 0.0 pedestrian_injured, 0.0 pedestrian_killed, Fair (Day), EDSA Seminary Road Quezon City",MMDA Road Safety Unit,,3b8cc2dc-b351-49e6-8f6f-75eddc2bc932,2014-07-19,06:45:00,EDSA New York Street Brgy. Pinagkaisahan  Quezon City,0,0,0,0,0,0,0,0,0,0,2014-07-19 14:45,Property,14.65776066,121.0173978,Side Swipe
None,EDSA,None,None,"No Accident Factor, Side Swipe, 0.0 drivers_injured, 0.0 drivers_killed, 0.0 passengers_injured, 0.0 passengers_killed, 0.0 pedestrian_injured, 0.0 pedestrian_killed, Fair (Day), EDSA Main Ave. Quezon City",MMDA Road Safety Unit,,bb572df7-84c2-460a-a87b-01b7d35a1602,2014-07-19,04:55:00,EDSA E. Garcia Street Q Mart  Quezon City,0,0,0,0,0,0,0,0,0,0,2014-07-19 12:55,Property,14.61376458,121.0537933,Side Swipe
None,EDSA,None,None,"No Accident Factor, Rear-end, 0.0 drivers_injured, 0.0 drivers_killed, 0.0 passengers_injured, 0.0 passengers_killed, 0.0 pedestrian_injured, 0.0 pedestrian_killed, Fair (Day), EDSA Timog Ave.  Quezon City",MMDA Road Safety Unit,,a549b619-e376-499d-aae8-cf5803933e15,2014-07-19,04:15:00,EDSA Kamias Road Quezon City,0,0,0,0,0,0,0,0,0,0,2014-07-19 12:15,Property,14.63293559,121.0446304,Rear-End
None,EDSA,None,None,"No Accident Factor, No Collision Stated (based on Police Blotter Book), 0.0 drivers_injured, 0.0 drivers_killed, 0.0 passengers_injured, 0.0 passengers_killed, 0.0 pedestrian_injured, 0.0 pedestrian_killed, Fair (Night), EDSA ""U"" turn slot, Talipapa Quezon City",MMDA Road Safety Unit,,c846f23d-af53-42b8-ba83-08027a923049,2014-07-18,16:30:00,EDSA Scout Borromeo Street Brgy. South Triangle Quezon City,0,0,0,0,0,0,0,0,0,0,2014-07-19 0:30,Injury,14.65755649,121.0141248,No Collision Stated
None,EDSA,None,None,"No Accident Factor, No Collision Stated (based on Police Blotter Book), 0.0 drivers_injured, 0.0 drivers_killed, 0.0 passengers_injured, 0.0 passengers_killed, 0.0 pedestrian_injured, 0.0 pedestrian_killed, Fair (Night), EDSA Ortigas Ave. Quezon City",MMDA Road Safety Unit,,824b4cda-23fb-4967-be14-263ed59b2a74,2014-07-18,15:40:00,EDSA Cloverleaf Market Brgy. Balingasa Quezon City,0,0,0,0,0,0,0,0,0,0,2014-07-18 23:40,Property,14.59335253,121.0584107,No Collision Stated
None,EDSA,None,None,"No Accident Factor, Rear-end, 0.0 drivers_injured, 0.0 drivers_killed, 0.0 passengers_injured, 0.0 passengers_killed, 0.0 pedestrian_injured, 0.0 pedestrian_killed, Fair (Night), EDSA ""U"" turn slot, Santolan Road Quezon City",MMDA Road Safety Unit,,7e67a71d-ee32-416e-996e-ff3cf9afcdec,2014-07-17,17:00:00,EDSA North Ave. Quezon City,0,0,0,0,0,0,0,0,0,0,2014-07-18 1:00,Property,14.61042385,121.0553144,Rear-End
None,EDSA,None,None,"No Accident Factor, Side Swipe, 0.0 drivers_injured, 0.0 drivers_killed, 0.0 passengers_injured, 0.0 passengers_killed, 0.0 pedestrian_injured, 0.0 pedestrian_killed, Fair (Night), EDSA Q-Mart, E. Rodriguez Quezon City",MMDA Road Safety Unit,,0f1ab86e-72c3-4845-9ad9-5f3788fbdcf1,2014-07-17,12:05:00,EDSA Main Avenue Brgy. Bagng Lipu Quezon City,0,0,0,0,0,0,0,0,0,0,2014-07-17 20:05,Property,14.62811603,121.0472822,Side Swipe
None,EDSA,None,None,"No Accident Factor, No Collision Stated (based on Police Blotter Book), 0.0 drivers_injured, 0.0 drivers_killed, 0.0 passengers_injured, 0.0 passengers_killed, 0.0 pedestrian_injured, 0.0 pedestrian_killed, Fair (Night), EDSA West Ave.  Quezon City",MMDA Road Safety Unit,,2ba9c337-c20b-4774-9227-790f34bae0ae,2014-07-17,10:00:00,EDSA B. Serrano Avenue Quezon City,0,0,0,0,0,0,0,0,0,0,2014-07-17 18:00,Property,14.65548924,121.0298079,No Collision Stated
None,EDSA,None,None,"No Accident Factor, No Collision Stated (based on Police Blotter Book), 1.0 drivers_injured, 0.0 drivers_killed, 0.0 passengers_injured, 0.0 passengers_killed, 0.0 pedestrian_injured, 0.0 pedestrian_killed, Fair (Day), EDSA NIA Road Quezon City",MMDA Road Safety Unit,,606d6b8c-87ed-40af-bccb-1cc2ad30562f,2014-07-17,02:00:00,EDSA B. Serrano Avenue Quezon City,0,0,0,1,0,0,0,0,0,1,2014-07-17 10:00,Injury,14.63727823,121.0421362,No Collision Stated
None,EDSA,None,None,"No Accident Factor, No Collision Stated (based on Police Blotter Book), 0.0 drivers_injured, 0.0 drivers_killed, 0.0 passengers_injured, 0.0 passengers_killed, 0.0 pedestrian_injured, 0.0 pedestrian_killed, Fair (Night), EDSA ""U"" turn slot  - Timog Ave. Quezon City",MMDA Road Safety Unit,,7ddf5515-0f82-443b-98b4-f650eb1c1bc3,2014-07-15,13:00:00,EDSA beneath Metro Rail Transit (MRT) Santolan  Quezon City,0,0,0,0,0,0,0,0,0,0,2014-07-15 21:00,Property,14.63177066,121.0454241,No Collision Stated
None,EDSA,None,None,"No Accident Factor, Rear-end, 0.0 drivers_injured, 0.0 drivers_killed, 0.0 passengers_injured, 0.0 passengers_killed, 0.0 pedestrian_injured, 0.0 pedestrian_killed, Fair (Day), EDSA Kamias Road Quezon City",MMDA Road Safety Unit,,925f44f0-dd03-4752-af96-96e089ada410,2014-07-15,07:40:00,EDSA Front of Five Star Bus Terminal Cubao  Quezon City,0,0,0,0,0,0,0,0,0,0,2014-07-15 15:40,Property,14.6309142,121.0459376,Rear-End