LOCATION_TEXT,ROAD,WEATHER,LIGHT,DESC,REPORTING_AGENCY,MAIN_CAUSE,INCIDENTDETAILS_ID,DATE_UTC,TIME_UTC,ADDRESS,killed_driver,killed_passenger,killed_pedestrian,injured_driver,injured_passenger,injured_pedestrian,killed_uncategorized,injured_uncategorized,killed_total,injured_total,DATETIME_PST,SEVERITY,Y,X,COLLISION_TYPE
None,EDSA,None,None,"No Accident Factor, No Collision Stated (based on Police Blotter Book), 0.0 drivers_injured, 0.0 drivers_killed, 0.0 passengers_injured, 0.0 passengers_killed, 0.0 pedestrian_injured, 0.0 pedestrian_killed, Fair (Day), EDSA Kamias Road  Quezon City",MMDA Road Safety Unit,,33858430-f7a6-447a-af25-c94047b762ad,2014-07-15,00:00:00,"EDSA ""U"" Turn slot, Corregidor Quezon City",0,0,0,0,0,0,0,0,0,0,2014-07-15 8:00,Property,14.6309142,121.0459376,No Collision Stated
None,EDSA,None,None,"No Accident Factor, No Collision Stated (based on Police Blotter Book), 0.0 drivers_injured, 0.0 drivers_killed, 0.0 passengers_injured, 0.0 passengers_killed, 0.0 pedestrian_injured, 0.0 pedestrian_killed, Fair (Night), EDSA Mapagmahal St.  Quezon City",MMDA Road Safety Unit,,4f3392fc-4606-4645-9be4-7554898e2c85,2014-07-14,11:50:00,EDSA before Dario Bridge Quezon City,0,0,0,0,0,0,0,0,0,0,2014-07-14 19:50,Property,14.63185046,121.0455315,No Collision Stated
None,EDSA,None,None,"No Accident Factor, Rear-end, 0.0 drivers_injured, 0.0 drivers_killed, 0.0 passengers_injured, 0.0 passengers_killed, 0.0 pedestrian_injured, 0.0 pedestrian_killed, Fair (Night), EDSA P. Tuazon Blvd.  Quezon City",MMDA Road Safety Unit,,f1bb25f1-e9a3-49a8-9949-4a63bb646952,2014-07-14,11:45:00,EDSA North Ave. Quezon City,0,0,0,0,0,0,0,0,0,0,2014-07-14 19:45,Property,14.61656342,121.0525225,Rear-End
None,EDSA,None,None,"No Accident Factor, Rear-end, 0.0 drivers_injured, 0.0 drivers_killed, 0.0 passengers_injured, 0.0 passengers_killed, 0.0 pedestrian_injured, 0.0 pedestrian_killed, Fair (Night), EDSA Kamuning Road Quezon City",MMDA Road Safety Unit,,9fac49b2-0837-4197-a284-c2616be4a843,2014-07-14,10:05:00,EDSA before Trinoma Quezon City,0,0,0,0,0,0,0,0,0,0,2014-07-14 18:05,Property,14.63075725,121.0457548,Rear-End
None,EDSA,None,None,"No Accident Factor, No Collision Stated (based on Police Blotter Book), 0.0 drivers_injured, 0.0 drivers_killed, 0.0 passengers_injured, 0.0 passengers_killed, 0.0 pedestrian_injured, 0.0 pedestrian_killed, Fair (Day), EDSA P. Tuazon Blvd.  Quezon City",MMDA Road Safety Unit,,395fb3bd-35dc-4926-ba19-6abbcca2fa5d,2014-07-14,07:00:00,EDSA Front of GMA 7 Barangay Kamuning  Quezon City,0,0,0,0,0,0,0,0,0,0,2014-07-14 15:00,Property,14.61656342,121.0525225,No Collision Stated
None,EDSA,None,None,"No Accident Factor, Rear-end, 0.0 drivers_injured, 0.0 drivers_killed, 0.0 passengers_injured, 0.0 passengers_killed, 0.0 pedestrian_injured, 0.0 pedestrian_killed, Fair (Day), EDSA Main Ave.  Quezon City",MMDA Road Safety Unit,,313d8316-af07-43bf-8ed6-4f3acf6e8f67,2014-07-14,06:30:00,EDSA Main Avenue Barangay Socorro Quezon City,0,0,0,0,0,0,0,0,0,0,2014-07-14 14:30,Property,14.61376458,121.0537933,Rear-End
None,EDSA,None,None,"No Accident Factor, Side Swipe, 0.0 drivers_injured, 0.0 drivers_killed, 0.0 passengers_injured, 0.0 passengers_killed, 0.0 pedestrian_injured, 0.0 pedestrian_killed, Fair (Night), EDSA Whiteplains Ave.  Quezon City",MMDA Road Safety Unit,,171b090b-8e1f-46e0-8e33-6c3e1c5bdd5e,2014-07-13,14:00:00,EDSA Quezon Ave. Quezon City,0,0,0,0,0,0,0,0,0,0,2014-07-13 22:00,Property,14.59961782,121.0596522,Side Swipe
None,EDSA,None,None,"No Accident Factor, No Collision Stated (based on Police Blotter Book), 0.0 drivers_injured, 0.0 drivers_killed, 0.0 passengers_injured, 0.0 passengers_killed, 0.0 pedestrian_injured, 0.0 pedestrian_killed, Fair (Day), EDSA ""U"" turn slot, Ramon Magsaysay Quezon City",MMDA Road Safety Unit,,412620b0-ea8d-41f4-891d-dace4e65329f,2014-07-13,08:10:00,EDSA before Kamuning Road  Quezon City,0,0,0,0,0,0,0,0,0,0,2014-07-13 16:10,Property,14.65655357,121.0260701,No Collision Stated
None,EDSA,None,None,"No Accident Factor, Rear-end, 0.0 drivers_injured, 0.0 drivers_killed, 0.0 passengers_injured, 0.0 passengers_killed, 0.0 pedestrian_injured, 0.0 pedestrian_killed, Fair (Day), EDSA East Ave.  Quezon City",MMDA Road Safety Unit,,cf9a4743-1608-4dfd-b999-4c447742d318,2014-07-13,07:20:00,EDSA Mindanao Ave. Ext. Quezon City,0,0,0,0,0,0,0,0,0,0,2014-07-13 15:20,Property,14.6328297,121.0451176,Rear-End
None,EDSA,None,None,"No Accident Factor, Rear-end, 0.0 drivers_injured, 0.0 drivers_killed, 0.0 passengers_injured, 0.0 passengers_killed, 0.0 pedestrian_injured, 0.0 pedestrian_killed, Fair (Day), EDSA Main Ave.  Quezon City",MMDA Road Safety Unit,,2e56ef50-4b6d-48d9-aee1-dd599a1145ba,2014-07-13,06:25:00,EDSA Quezon Ave. Quezon City,0,0,0,0,0,0,0,0,0,0,2014-07-13 14:25,Property,14.61376458,121.0537933,Rear-End
None,EDSA,None,None,"No Accident Factor, No Collision Stated (based on Police Blotter Book), 1.0 drivers_injured, 0.0 drivers_killed, 1.0 passengers_injured, 0.0 passengers_killed, 0.0 pedestrian_injured, 0.0 pedestrian_killed, Fair (Day), EDSA Mapagmahal St.  Quezon City",MMDA Road Safety Unit,,ba0e6469-3e8b-474b-9d89-08974855d73e,2014-07-13,06:00:00,"EDSA U Turn Slot, Nueva Ecija Ramon Magsaysay Quezon City",0,0,0,1,1,0,0,0,0,2,2014-07-13 14:00,Injury,14.63185046,121.0455315,No Collision Stated
None,EDSA,None,None,"No Accident Factor, Rear-end, 0.0 drivers_injured, 0.0 drivers_killed, 0.0 passengers_injured, 0.0 passengers_killed, 0.0 pedestrian_injured, 0.0 pedestrian_killed, Fair (Day), EDSA Nepa Q-Mart, E. Rodriguez Quezon City",MMDA Road Safety Unit,,b427a737-3334-472f-b418-5fbf411fed26,2014-07-13,02:00:00,EDSA Front of Five Star Bus Terminal  Quezon City,0,0,0,0,0,0,0,0,0,0,2014-07-13 10:00,Property,14.62805361,121.0472521,Rear-End
None,EDSA,None,None,"No Accident Factor, No Collision Stated (based on Police Blotter Book), 0.0 drivers_injured, 0.0 drivers_killed, 0.0 passengers_injured, 0.0 passengers_killed, 0.0 pedestrian_injured, 0.0 pedestrian_killed, Fair (Night), EDSA Bulacan St Quezon City",MMDA Road Safety Unit,,c33fc4ab-234e-4545-8084-5cbeae0028a3,2014-07-12,19:00:00,EDSA Misamis St. Quezon City,0,0,0,0,0,0,0,0,0,0,2014-07-13 3:00,Property,14.65577077,121.0291718,No Collision Stated
None,EDSA,None,None,"No Accident Factor, Side Swipe, 0.0 drivers_injured, 0.0 drivers_killed, 0.0 passengers_injured, 0.0 passengers_killed, 0.0 pedestrian_injured, 0.0 pedestrian_killed, Fair (Night), EDSA West Ave. Quezon City",MMDA Road Safety Unit,,dd778836-e2a6-4965-8883-649470783006,2014-07-12,18:45:00,EDSA fronting Gosoc and Son Quezon City,0,0,0,0,0,0,0,0,0,0,2014-07-13 2:45,Property,14.65548924,121.0298079,Side Swipe
None,EDSA,None,None,"No Accident Factor, Side Swipe, 0.0 drivers_injured, 0.0 drivers_killed, 0.0 passengers_injured, 0.0 passengers_killed, 0.0 pedestrian_injured, 0.0 pedestrian_killed, Fair (Night), EDSA Main Ave. Quezon City",MMDA Road Safety Unit,,acfc4197-80a1-4683-9591-519a78cc9905,2014-07-12,12:15:00,"EDSA Timog Avenue ""U"" turn slot  Quezon City",0,0,0,0,0,0,0,0,0,0,2014-07-12 20:15,Property,14.61376458,121.0537933,Side Swipe
None,EDSA,None,None,"No Accident Factor, Hit Parked Vehicle, 0.0 drivers_injured, 0.0 drivers_killed, 0.0 passengers_injured, 0.0 passengers_killed, 0.0 pedestrian_injured, 0.0 pedestrian_killed, Fair (Day), EDSA Nepa Q-Mart, E. Rodriguez Quezon City",MMDA Road Safety Unit,,404053cb-e5da-4a56-94df-6d2d56dc8449,2014-07-12,08:30:00,EDSA Main Avenue  Quezon City,0,0,0,0,0,0,0,0,0,0,2014-07-12 16:30,Property,14.62805361,121.0472521,Hit Object
None,EDSA,None,None,"No Accident Factor, Rear-end, 0.0 drivers_injured, 0.0 drivers_killed, 0.0 passengers_injured, 0.0 passengers_killed, 0.0 pedestrian_injured, 0.0 pedestrian_killed, Fair (Day), EDSA New York St.  Quezon City",MMDA Road Safety Unit,,f74ab3f6-496c-4a51-9608-bf4f28b1b094,2014-07-12,07:15:00,EDSA North Ave. Quezon City,0,0,0,0,0,0,0,0,0,0,2014-07-12 15:15,Property,14.62568514,121.0482307,Rear-End
None,EDSA,None,None,"No Accident Factor, Rear-end, 0.0 drivers_injured, 0.0 drivers_killed, 0.0 passengers_injured, 0.0 passengers_killed, 0.0 pedestrian_injured, 0.0 pedestrian_killed, Fair (Day), EDSA New York St.  Quezon City",MMDA Road Safety Unit,,7d3cc340-5ffe-4bdb-9d1c-b59f751dbb65,2014-07-12,07:15:00,EDSA Misamis St. Quezon City,0,0,0,0,0,0,0,0,0,0,2014-07-12 15:15,Property,14.62568514,121.0482307,Rear-End
None,EDSA,None,None,"No Accident Factor, Multiple Collision, 0.0 drivers_injured, 0.0 drivers_killed, 0.0 passengers_injured, 0.0 passengers_killed, 0.0 pedestrian_injured, 0.0 pedestrian_killed, Fair (Day), EDSA Main Ave.  Quezon City",MMDA Road Safety Unit,,b8c586f3-ccff-4203-9b29-8219fe505213,2014-07-12,07:10:00,"EDSA U Turn Slot, Trinoma Mall Quezon City",0,0,0,0,0,0,0,0,0,0,2014-07-12 15:10,Property,14.61376458,121.0537933,Multiple
None,EDSA,None,None,"No Accident Factor, Rear-end, 0.0 drivers_injured, 0.0 drivers_killed, 0.0 passengers_injured, 0.0 passengers_killed, 0.0 pedestrian_injured, 0.0 pedestrian_killed, Fair (Day), EDSA ""U"" turn slot - GMA 7 Quezon City",MMDA Road Safety Unit,,e58d3a19-a3dd-47b5-b8d4-544a81b5b0ec,2014-07-12,06:00:00,EDSA before General Roxas Avenue Street Barangay Socorro Quezon City,0,0,0,0,0,0,0,0,0,0,2014-07-12 14:00,Property,14.63376204,121.0442946,Rear-End
None,EDSA,None,None,"No Accident Factor, Rear-end, 0.0 drivers_injured, 0.0 drivers_killed, 0.0 passengers_injured, 0.0 passengers_killed, 0.0 pedestrian_injured, 0.0 pedestrian_killed, Fair (Day), EDSA ""U"" turn slot - Timog Ave. Quezon City",MMDA Road Safety Unit,,d01be571-e768-49f8-97b8-c289dae555b2,2014-07-12,04:35:00,EDSA North Ave. Quezon City,0,0,0,0,0,0,0,0,0,0,2014-07-12 12:35,Property,14.63177066,121.0454241,Rear-End
None,EDSA,None,None,"No Accident Factor, Rear-end, 0.0 drivers_injured, 0.0 drivers_killed, 0.0 passengers_injured, 0.0 passengers_killed, 0.0 pedestrian_injured, 0.0 pedestrian_killed, Fair (Night), EDSA Main Ave. Quezon City",MMDA Road Safety Unit,,053ae484-c0c6-4943-b2a4-8141862af537,2014-07-11,14:45:00,"EDSA U Turn slot, Dario Bridge Bahay Toro Quezon City",0,0,0,0,0,0,0,0,0,0,2014-07-11 22:45,Property,14.61376458,121.0537933,Rear-End
None,EDSA,None,None,"No Accident Factor, No Collision Stated (based on Police Blotter Book), 0.0 drivers_injured, 0.0 drivers_killed, 0.0 passengers_injured, 0.0 passengers_killed, 0.0 pedestrian_injured, 0.0 pedestrian_killed, Fair (Night), EDSA ""U"" turn slot, Ramon Magsaysay Quezon City",MMDA Road Safety Unit,,6be8914e-6b08-41bb-8cc3-350e7396700f,2014-07-11,11:45:00,EDSA Front of Q- Mart Barangay E. Rodriguez Quezon City,0,0,0,0,0,0,0,0,0,0,2014-07-11 19:45,Property,14.65655357,121.0260701,No Collision Stated
None,EDSA,None,None,"No Accident Factor, Rear-end, 0.0 drivers_injured, 0.0 drivers_killed, 0.0 passengers_injured, 0.0 passengers_killed, 0.0 pedestrian_injured, 0.0 pedestrian_killed, Fair (Night), EDSA A. Bonifacio Ave.  Quezon City",MMDA Road Safety Unit,,7425a7b3-14b6-46a6-86d2-13627a4ebcd8,2014-07-11,10:10:00,EDSA Main Avenue  Quezon City,0,0,0,0,0,0,0,0,0,0,2014-07-11 18:10,Property,14.6573471,121.0009663,Rear-End
None,EDSA,None,None,"No Accident Factor, Hit and Run (No Collision Stated), 0.0 drivers_injured, 0.0 drivers_killed, 0.0 passengers_injured, 0.0 passengers_killed, 0.0 pedestrian_injured, 0.0 pedestrian_killed, Fair (Day), EDSA New York St.  Quezon City",MMDA Road Safety Unit,,3b4e0aa8-fd6a-42d6-8c83-34638226efce,2014-07-11,04:00:00,EDSA Aurora Boulevard  Quezon City,0,0,0,0,0,0,0,0,0,0,2014-07-11 12:00,Property,14.62568514,121.0482307,No Collision Stated
None,EDSA,None,None,"No Accident Factor, Side Swipe, 0.0 drivers_injured, 0.0 drivers_killed, 0.0 passengers_injured, 0.0 passengers_killed, 0.0 pedestrian_injured, 0.0 pedestrian_killed, Fair (Day), EDSA Whiteplains Ave.  Quezon City",MMDA Road Safety Unit,,f749aab9-f4f3-40c2-a3f8-06989eb3245d,2014-07-11,02:45:00,EDSA Quezon Ave. Quezon City,0,0,0,0,0,0,0,0,0,0,2014-07-11 10:45,Property,14.59961782,121.0596522,Side Swipe
None,EDSA,None,None,"No Accident Factor, Side Swipe, 0.0 drivers_injured, 0.0 drivers_killed, 0.0 passengers_injured, 0.0 passengers_killed, 0.0 pedestrian_injured, 0.0 pedestrian_killed, Fair (Night), EDSA Ortigas Ave. Quezon City",MMDA Road Safety Unit,,2b67a81a-415e-47f9-97db-41660eb1cf4e,2014-07-10,15:30:00,EDSA B. Serrano Avenue Brgy. Socorro  Quezon City,0,0,0,0,0,0,0,0,0,0,2014-07-10 23:30,Property,14.59335253,121.0584107,Side Swipe
None,EDSA,None,None,"No Accident Factor, No Collision Stated (based on Police Blotter Book), 0.0 drivers_injured, 0.0 drivers_killed, 0.0 passengers_injured, 0.0 passengers_killed, 0.0 pedestrian_injured, 0.0 pedestrian_killed, Fair (Night), EDSA New York St.  Quezon City",MMDA Road Safety Unit,,55dc7b3f-4177-4259-a300-90566a18fa03,2014-07-10,15:10:00,EDSA Congressional Avenue Ramon Magsaysay Quezon City,0,0,0,0,0,0,0,0,0,0,2014-07-10 23:10,Property,14.62568514,121.0482307,No Collision Stated
None,EDSA,None,None,"No Accident Factor, No Collision Stated (based on Police Blotter Book), 0.0 drivers_injured, 0.0 drivers_killed, 0.0 passengers_injured, 0.0 passengers_killed, 0.0 pedestrian_injured, 0.0 pedestrian_killed, Fair (Day), EDSA Cloverleaf Road Quezon City",MMDA Road Safety Unit,,e067ab33-ecb1-49ab-8c6f-b950d61a738e,2014-07-10,06:55:00,EDSA Kaingin Road Quezon City,0,0,0,0,0,0,0,0,0,0,2014-07-10 14:55,Property,14.65747901,121.0011914,No Collision Stated
None,EDSA,None,None,"No Accident Factor, No Collision Stated (based on Police Blotter Book), 0.0 drivers_injured, 0.0 drivers_killed, 0.0 passengers_injured, 0.0 passengers_killed, 0.0 pedestrian_injured, 0.0 pedestrian_killed, Fair (Day), EDSA GMA Drive Quezon City",MMDA Road Safety Unit,,3dd1e65d-4f0e-41ce-a0d5-dc66290686f0,2014-07-10,03:15:00,EDSA Balintawak Market  Quezon City,0,0,0,0,0,0,0,0,0,0,2014-07-10 11:15,Property,14.63467214,121.0435714,No Collision Stated
None,EDSA,None,None,"No Accident Factor, Side Swipe, 0.0 drivers_injured, 0.0 drivers_killed, 0.0 passengers_injured, 0.0 passengers_killed, 0.0 pedestrian_injured, 0.0 pedestrian_killed, Fair (Day), EDSA North Road Quezon City",MMDA Road Safety Unit,,1d544fa0-486e-4883-b82a-6864021ba332,2014-07-10,00:30:00,EDSA Momte De Piedad Street  Quezon City,0,0,0,0,0,0,0,0,0,0,2014-07-10 8:30,Property,14.61444188,121.0532975,Side Swipe
None,EDSA,None,None,"No Accident Factor, No Collision Stated (based on Police Blotter Book), 0.0 drivers_injured, 0.0 drivers_killed, 0.0 passengers_injured, 0.0 passengers_killed, 0.0 pedestrian_injured, 0.0 pedestrian_killed, Fair (Day), EDSA E. Garcia St.  Quezon City",MMDA Road Safety Unit,,73f69f78-314e-4cd2-ad2c-2415094cba5d,2014-07-09,22:30:00,EDSA Ramon Magsaysay  Quezon City,0,0,0,0,0,0,0,0,0,0,2014-07-10 6:30,Property,14.62742033,121.0475769,No Collision Stated
None,EDSA,None,None,"No Accident Factor, No Collision Stated (based on Police Blotter Book), 0.0 drivers_injured, 0.0 drivers_killed, 0.0 passengers_injured, 0.0 passengers_killed, 0.0 pedestrian_injured, 0.0 pedestrian_killed, Fair (Night), EDSA between Scout Borromeo St. / Gma Kamuning Quezon City",MMDA Road Safety Unit,,85ff93d8-5b2d-4f28-9580-97cfcb29812a,2014-07-09,13:30:00,EDSA Mother Ignacia Street  Quezon City,0,0,0,0,0,0,0,0,0,0,2014-07-09 21:30,Property,14.63615381,121.0426275,No Collision Stated
None,EDSA,None,None,"No Accident Factor, No Collision Stated (based on Police Blotter Book), 0.0 drivers_injured, 0.0 drivers_killed, 0.0 passengers_injured, 0.0 passengers_killed, 0.0 pedestrian_injured, 0.0 pedestrian_killed, Fair (Night), EDSA Roosevelt Ave.  Quezon City",MMDA Road Safety Unit,,8fd8fa82-4545-4e9c-8479-162644ddeb7b,2014-07-09,11:30:00,EDSA Borromeo Street  Quezon City,0,0,0,0,0,0,0,0,0,0,2014-07-09 19:30,Property,14.65762047,121.0196373,No Collision Stated
None,EDSA,None,None,"No Accident Factor, Side Swipe, 0.0 drivers_injured, 0.0 drivers_killed, 0.0 passengers_injured, 0.0 passengers_killed, 0.0 pedestrian_injured, 0.0 pedestrian_killed, Fair (Night), EDSA Ramon Magsaysay Highschool Quezon City",MMDA Road Safety Unit,,b63f4b1f-c6ae-4817-84e3-a6e261a99506,2014-07-09,10:25:00,EDSA West Avenue Brgy. Philam  Quezon City,0,0,0,0,0,0,0,0,0,0,2014-07-09 18:25,Property,14.62774693,121.0471762,Side Swipe
None,EDSA,None,None,"No Accident Factor, No Collision Stated (based on Police Blotter Book), 0.0 drivers_injured, 0.0 drivers_killed, 0.0 passengers_injured, 0.0 passengers_killed, 0.0 pedestrian_injured, 0.0 pedestrian_killed, Fair (Day), EDSA Roosevelt Waltermart Quezon City",MMDA Road Safety Unit,,3dee0770-f039-4ef5-bdaf-d44ca1c6a476,2014-07-08,23:30:00,EDSA fronting Landmark Brgy Pagasa Quezon City,0,0,0,0,0,0,0,0,0,0,2014-07-09 7:30,Property,14.65762047,121.0196373,No Collision Stated
None,EDSA,None,None,"No Accident Factor, Multiple Collision, 1.0 drivers_injured, 0.0 drivers_killed, 0.0 passengers_injured, 0.0 passengers_killed, 0.0 pedestrian_injured, 0.0 pedestrian_killed, Fair (Day), EDSA First North Luzon Bus Terminal Quezon City",MMDA Road Safety Unit,,05379dd0-31eb-4550-911c-4b53efef99cb,2014-07-08,22:30:00,EDSA Congressional Avenue Brgy Bahay Toro Quezon City,0,0,0,1,0,0,0,0,0,1,2014-07-09 6:30,Injury,14.61687126,121.0521637,Multiple
None,EDSA,None,None,"No Accident Factor, No Collision Stated (based on Police Blotter Book), 0.0 drivers_injured, 0.0 drivers_killed, 0.0 passengers_injured, 0.0 passengers_killed, 0.0 pedestrian_injured, 0.0 pedestrian_killed, Fair (Day), EDSA Kamias Road Quezon City",MMDA Road Safety Unit,,aef66f03-5988-43f8-a45b-f5f902609006,2014-07-08,08:50:00,EDSA Congressional Avenue Quezon City,0,0,0,0,0,0,0,0,0,0,2014-07-08 16:50,Property,14.6309142,121.0459376,No Collision Stated
None,EDSA,None,None,"No Accident Factor, No Collision Stated (based on Police Blotter Book), 0.0 drivers_injured, 0.0 drivers_killed, 0.0 passengers_injured, 0.0 passengers_killed, 0.0 pedestrian_injured, 0.0 pedestrian_killed, Fair (Day), EDSA Baliwag Bus Terminal, E. Rodriguez Quezon City",MMDA Road Safety Unit,,c0843b0b-d7ac-4549-82b4-669f14aa2f27,2014-07-08,07:35:00,EDSA Ermin Garcia Street Cubao  Quezon City,0,0,0,0,0,0,0,0,0,0,2014-07-08 15:35,Property,14.6244766,121.0489584,No Collision Stated
None,EDSA,None,None,"No Accident Factor, Hit Parked Vehicle, 0.0 drivers_injured, 0.0 drivers_killed, 0.0 passengers_injured, 0.0 passengers_killed, 0.0 pedestrian_injured, 0.0 pedestrian_killed, Fair (Night), EDSA Nepa Q-Mart, E. Rodriguez Quezon City",MMDA Road Safety Unit,,6b978eae-d030-4d13-9357-ffbfbb232d2d,2014-07-07,21:00:00,EDSA Congressional Avenue Ramon Magsaysay Quezon City,0,0,0,0,0,0,0,0,0,0,2014-07-08 5:00,Property,14.62805361,121.0472521,Hit Object
None,EDSA,None,None,"No Accident Factor, Rear-end, 0.0 drivers_injured, 0.0 drivers_killed, 0.0 passengers_injured, 0.0 passengers_killed, 0.0 pedestrian_injured, 0.0 pedestrian_killed, Fair (Night), EDSA Aurora Blvd.  Quezon City",MMDA Road Safety Unit,,26dd4bff-8b1f-4c67-9d6a-f9a71cbb439d,2014-07-07,14:15:00,EDSA front of Trinoma Pagasa Quezon City,0,0,0,0,0,0,0,0,0,0,2014-07-07 22:15,Property,14.6217569,121.0502544,Rear-End
None,EDSA,None,None,"No Accident Factor, No Collision Stated (based on Police Blotter Book), 0.0 drivers_injured, 0.0 drivers_killed, 0.0 passengers_injured, 0.0 passengers_killed, 0.0 pedestrian_injured, 0.0 pedestrian_killed, Fair (Day), EDSA Quezon Ave. (NB) Quezon City",MMDA Road Safety Unit,,58a1926d-7a94-48e0-8a4a-2d1c8c00520e,2014-07-07,08:00:00,EDSA Front of Robinsons Galleria  Quezon City,0,0,0,0,0,0,0,0,0,0,2014-07-07 16:00,Property,14.6442444,121.0375839,No Collision Stated
None,EDSA,None,None,"No Accident Factor, No Collision Stated (based on Police Blotter Book), 0.0 drivers_injured, 0.0 drivers_killed, 0.0 passengers_injured, 0.0 passengers_killed, 0.0 pedestrian_injured, 0.0 pedestrian_killed, Fair (Day), EDSA Cubao Quezon City",MMDA Road Safety Unit,,8e83ffb0-08c3-4df6-95b2-da845bd9121b,2014-07-07,06:30:00,EDSA Cubao Quezon City,0,0,0,0,0,0,0,0,0,0,2014-07-07 14:30,Property,14.61956389,121.0510595,No Collision Stated
None,EDSA,None,None,"No Accident Factor, No Collision Stated (based on Police Blotter Book), 0.0 drivers_injured, 0.0 drivers_killed, 0.0 passengers_injured, 0.0 passengers_killed, 0.0 pedestrian_injured, 0.0 pedestrian_killed, Fair (Day), EDSA Santolan MRT station Quezon City",MMDA Road Safety Unit,,9e8795c4-853a-4bd2-9669-677fd08bf3f9,2014-07-06,23:55:00,EDSA East Ave. Quezon City,0,0,0,0,0,0,0,0,0,0,2014-07-07 7:55,Property,14.60773988,121.0564577,No Collision Stated
None,EDSA,None,None,"No Accident Factor, No Collision Stated (based on Police Blotter Book), 0.0 drivers_injured, 0.0 drivers_killed, 0.0 passengers_injured, 0.0 passengers_killed, 0.0 pedestrian_injured, 0.0 pedestrian_killed, Fair (Day), EDSA Congressional Ave. Quezon City",MMDA Road Safety Unit,,695f8f65-5d8c-4f23-9b52-11c177a789f4,2014-07-06,23:30:00,EDSA Main Ave. Quezon City,0,0,0,0,0,0,0,0,0,0,2014-07-07 7:30,Property,14.6571804,120.9927185,No Collision Stated
None,EDSA,None,None,"No Accident Factor, Side Swipe, 0.0 drivers_injured, 0.0 drivers_killed, 0.0 passengers_injured, 0.0 passengers_killed, 0.0 pedestrian_injured, 0.0 pedestrian_killed, Fair (Day), EDSA K-3rd St. Quezon City",MMDA Road Safety Unit,,ef776af5-1ff0-4f72-96b1-5e00bae8129a,2014-07-06,23:20:00,EDSA Front of Petron Gas Station Barangay Socorro Quezon City,0,0,0,0,0,0,0,0,0,0,2014-07-07 7:20,Property,14.62942357,121.0463854,Side Swipe
None,EDSA,None,None,"No Accident Factor, Rear-end, 0.0 drivers_injured, 0.0 drivers_killed, 0.0 passengers_injured, 0.0 passengers_killed, 0.0 pedestrian_injured, 0.0 pedestrian_killed, Fair (Day), EDSA Col. Bonny Serrano Ave.  Quezon City",MMDA Road Safety Unit,,852bf2f5-d7fb-464d-94e9-95de0a64393d,2014-07-06,23:00:00,EDSA East Avenue Quezon City,0,0,0,0,0,0,0,0,0,0,2014-07-07 7:00,Property,14.61107337,121.0550705,Rear-End
None,EDSA,None,None,"No Accident Factor, No Collision Stated (based on Police Blotter Book), 1.0 drivers_injured, 0.0 drivers_killed, 0.0 passengers_injured, 0.0 passengers_killed, 0.0 pedestrian_injured, 0.0 pedestrian_killed, Fair (Day), EDSA SM Nort Quezon City",MMDA Road Safety Unit,,4faeb10f-b6ba-439c-9ff2-96a0fbdb2638,2014-07-06,22:45:00,EDSA Aurora Boulevard (NB) Quezon City,0,0,0,1,0,0,0,0,0,1,2014-07-07 6:45,Injury,14.65645143,121.0271077,No Collision Stated
None,EDSA,None,None,"No Accident Factor, Rear-end, 0.0 drivers_injured, 0.0 drivers_killed, 0.0 passengers_injured, 0.0 passengers_killed, 0.0 pedestrian_injured, 0.0 pedestrian_killed, Fair (Night), EDSA E. Garcia St. Quezon City",MMDA Road Safety Unit,,ce3dd105-94cd-4708-88b7-1b2db57cb88e,2014-07-06,20:45:00,EDSA Timog Avenue Quezon City Quezon City,0,0,0,0,0,0,0,0,0,0,2014-07-07 4:45,Property,14.62742033,121.0475769,Rear-End
None,EDSA,None,None,"No Accident Factor, Side Swipe, 0.0 drivers_injured, 0.0 drivers_killed, 0.0 passengers_injured, 0.0 passengers_killed, 0.0 pedestrian_injured, 0.0 pedestrian_killed, Fair (Day), EDSA North Ave. Quezon City",MMDA Road Safety Unit,,e2521e96-28ce-4c0a-801e-e313d669c84b,2014-07-06,08:00:00,EDSA North Ave. Quezon City,0,0,0,0,0,0,0,0,0,0,2014-07-06 16:00,Property,14.65553839,121.0299647,Side Swipe
None,EDSA,None,None,"No Accident Factor, No Collision Stated (based on Police Blotter Book), 0.0 drivers_injured, 0.0 drivers_killed, 0.0 passengers_injured, 0.0 passengers_killed, 0.0 pedestrian_injured, 0.0 pedestrian_killed, Fair (Night), EDSA West Ave.  Quezon City",MMDA Road Safety Unit,,8582d066-9107-4055-92f7-1e16a55a13fa,2014-07-05,11:00:00,EDSA infront of SM North Pagasa Quezon City,0,0,0,0,0,0,0,0,0,0,2014-07-05 19:00,Property,14.65548924,121.0298079,No Collision Stated