LOCATION_TEXT,ROAD,WEATHER,LIGHT,DESC,REPORTING_AGENCY,MAIN_CAUSE,INCIDENTDETAILS_ID,DATE_UTC,TIME_UTC,ADDRESS,killed_driver,killed_passenger,killed_pedestrian,injured_driver,injured_passenger,injured_pedestrian,killed_uncategorized,injured_uncategorized,killed_total,injured_total,DATETIME_PST,SEVERITY,Y,X,COLLISION_TYPE
None,EDSA,None,None,"No Accident Factor, No Collision Stated (based on Police Blotter Book), 0.0 drivers_injured, 0.0 drivers_killed, 0.0 passengers_injured, 0.0 passengers_killed, 0.0 pedestrian_injured, 0.0 pedestrian_killed, Fair (Day), EDSA Kamias Road Quezon City",MMDA Road Safety Unit,,07aaafdf-4195-4a07-acc3-e1cb0cb234b8,2014-07-05,06:55:00,EDSA Cubao Quezon City Quezon City,0,0,0,0,0,0,0,0,0,0,2014-07-05 14:55,Property,14.6309142,121.0459376,No Collision Stated
None,EDSA,None,None,"No Accident Factor, Rear-end, 0.0 drivers_injured, 0.0 drivers_killed, 0.0 passengers_injured, 0.0 passengers_killed, 0.0 pedestrian_injured, 0.0 pedestrian_killed, Fair (Day), EDSA P. Tuazon Blvd. Quezon City",MMDA Road Safety Unit,,193d6c4b-2b18-4318-83a3-13845ed494b6,2014-07-05,06:40:00,EDSA New York Street Quezon City,0,0,0,0,0,0,0,0,0,0,2014-07-05 14:40,Property,14.61656342,121.0525225,Rear-End
None,EDSA,None,None,"No Accident Factor, Rear-end, 0.0 drivers_injured, 0.0 drivers_killed, 0.0 passengers_injured, 0.0 passengers_killed, 0.0 pedestrian_injured, 0.0 pedestrian_killed, Fair (Day), EDSA Cubao Quezon City",MMDA Road Safety Unit,,85c9c3c2-f1ba-4bbd-ac66-92ef6cbc5993,2014-07-04,23:05:00,EDSA Ermin Garcia Street Quezon City,0,0,0,0,0,0,0,0,0,0,2014-07-05 7:05,Property,14.61956389,121.0510595,Rear-End
None,EDSA,None,None,"No Accident Factor, No Collision Stated (based on Police Blotter Book), 0.0 drivers_injured, 0.0 drivers_killed, 0.0 passengers_injured, 0.0 passengers_killed, 0.0 pedestrian_injured, 0.0 pedestrian_killed, Fair (Night), EDSA Ermin Garcia St. Quezon City",MMDA Road Safety Unit,,7e80e063-2d0a-41d1-8e81-93ccf07ea589,2014-07-04,13:20:00,EDSA before Quezon Avenue (SB) Barangay South Triangle Quezon City,0,0,0,0,0,0,0,0,0,0,2014-07-04 21:20,Property,14.62758814,121.047487,No Collision Stated
None,EDSA,None,None,"No Accident Factor, No Collision Stated (based on Police Blotter Book), 0.0 drivers_injured, 0.0 drivers_killed, 0.0 passengers_injured, 0.0 passengers_killed, 0.0 pedestrian_injured, 0.0 pedestrian_killed, Fair (Night), EDSA Quezon Avenue Quezon City",MMDA Road Safety Unit,,f5bb8d37-dbc2-49d9-8bab-4ea3bcc9bc17,2014-07-04,12:50:00,EDSA infront of SM North Edsa Quezon City,0,0,0,0,0,0,0,0,0,0,2014-07-04 20:50,Property,14.6442444,121.0375839,No Collision Stated
None,EDSA,None,None,"No Accident Factor, Side Swipe, 0.0 drivers_injured, 0.0 drivers_killed, 0.0 passengers_injured, 0.0 passengers_killed, 0.0 pedestrian_injured, 0.0 pedestrian_killed, Fair (Day), EDSA ""U"" turn slot, GMA 7 Quezon City",MMDA Road Safety Unit,,26e9fbc2-b9a0-445c-a71f-f4a305f1c21c,2014-07-04,02:15:00,EDSA Ermin Garcia Street Quezon City,0,0,0,0,0,0,0,0,0,0,2014-07-04 10:15,Property,14.63376993,121.0443308,Side Swipe
None,EDSA,None,None,"No Accident Factor, Hit and Run (No Collision Stated), 0.0 drivers_injured, 0.0 drivers_killed, 0.0 passengers_injured, 0.0 passengers_killed, 0.0 pedestrian_injured, 0.0 pedestrian_killed, Fair (Day), EDSA New York St. Quezon City",MMDA Road Safety Unit,,4d70e2be-6f46-460f-b294-c950ae186bb7,2014-07-04,00:15:00,EDSA Timog Avenue fronting GMA 7 Station Quezon City Quezon City,0,0,0,0,0,0,0,0,0,0,2014-07-04 8:15,Property,14.62568514,121.0482307,No Collision Stated
None,EDSA,None,None,"No Accident Factor, No Collision Stated (based on Police Blotter Book), 0.0 drivers_injured, 0.0 drivers_killed, 0.0 passengers_injured, 0.0 passengers_killed, 0.0 pedestrian_injured, 0.0 pedestrian_killed, Fair (Night), EDSA Scout Borromeo St. Quezon City",MMDA Road Safety Unit,,1d68361e-33f3-4f9a-ab80-41e540f08d93,2014-07-03,21:00:00,EDSA Quezon Avenue Quezon City,0,0,0,0,0,0,0,0,0,0,2014-07-04 5:00,Property,14.63715712,121.0419507,No Collision Stated
None,EDSA,None,None,"No Accident Factor, Side Swipe, 0.0 drivers_injured, 0.0 drivers_killed, 0.0 passengers_injured, 0.0 passengers_killed, 0.0 pedestrian_injured, 0.0 pedestrian_killed, Fair (Night), EDSA Ortigas Ave. Quezon City",MMDA Road Safety Unit,,83c84e5f-152b-422f-a952-2ab44c9d7e38,2014-07-03,16:45:00,EDSA before Kaingin Road  Quezon City,0,0,0,0,0,0,0,0,0,0,2014-07-04 0:45,Property,14.59335253,121.0584107,Side Swipe
None,EDSA,None,None,"No Accident Factor, Angle Impact, 0.0 drivers_injured, 0.0 drivers_killed, 0.0 passengers_injured, 0.0 passengers_killed, 0.0 pedestrian_injured, 0.0 pedestrian_killed, Fair (Night), EDSA P. Tuazon Blvd. Quezon City",MMDA Road Safety Unit,,b9a01c9f-0d9a-4f7d-8795-1687494ce9a5,2014-07-03,13:25:00,EDSA Quezon Avenue U- Turn Slot Quezon City,0,0,0,0,0,0,0,0,0,0,2014-07-03 21:25,Property,14.61656342,121.0525225,Angle Impact
None,EDSA,None,None,"No Accident Factor, No Collision Stated (based on Police Blotter Book), 0.0 drivers_injured, 0.0 drivers_killed, 0.0 passengers_injured, 0.0 passengers_killed, 0.0 pedestrian_injured, 0.0 pedestrian_killed, Fair (Day), EDSA Ramon Magsaysay Quezon City",MMDA Road Safety Unit,,15bcebaa-957b-432c-bc4a-dc4711db1a5b,2014-07-03,07:00:00,EDSA Kamuning Road Quezon City,0,0,0,0,0,0,0,0,0,0,2014-07-03 15:00,Property,14.62774693,121.0471762,No Collision Stated
None,EDSA,None,None,"No Accident Factor, Side Swipe, 0.0 drivers_injured, 0.0 drivers_killed, 0.0 passengers_injured, 0.0 passengers_killed, 0.0 pedestrian_injured, 0.0 pedestrian_killed, Fair (Day), EDSA East Ave. Quezon City",MMDA Road Safety Unit,,5760e8c1-63c3-49a8-8b4a-9bcc84282826,2014-07-03,01:00:00,EDSA P. Tuazon Street Cubao  Quezon City,0,0,0,0,0,0,0,0,0,0,2014-07-03 9:00,Property,14.6328297,121.0451176,Side Swipe
None,EDSA,None,None,"No Accident Factor, Rear-end, 0.0 drivers_injured, 0.0 drivers_killed, 0.0 passengers_injured, 0.0 passengers_killed, 0.0 pedestrian_injured, 0.0 pedestrian_killed, Fair (Day), EDSA Mapagmahal St. Quezon City",MMDA Road Safety Unit,,67c38f00-4701-45b6-8e58-543dec3a9ecb,2014-07-02,23:45:00,EDSA A. Bonifacio Sgt. Rivera Street Quezon City,0,0,0,0,0,0,0,0,0,0,2014-07-03 7:45,Property,14.63185046,121.0455315,Rear-End
None,EDSA,None,None,"No Accident Factor, Hit and Run (No Collision Stated), 0.0 drivers_injured, 0.0 drivers_killed, 0.0 passengers_injured, 0.0 passengers_killed, 0.0 pedestrian_injured, 0.0 pedestrian_killed, Fair (Night), EDSA East Ave. Quezon City",MMDA Road Safety Unit,,30dedf88-c854-46e8-885d-9562a37013b2,2014-07-02,12:20:00,EDSA P. Tuazon Blvd.  Quezon City,0,0,0,0,0,0,0,0,0,0,2014-07-02 20:20,Property,14.6328297,121.0451176,No Collision Stated
None,EDSA,None,None,"No Accident Factor, No Collision Stated (based on Police Blotter Book), 0.0 drivers_injured, 0.0 drivers_killed, 0.0 passengers_injured, 0.0 passengers_killed, 0.0 pedestrian_injured, 0.0 pedestrian_killed, Fair (Night), EDSA West Ave.  Quezon City",MMDA Road Safety Unit,,99b48ebc-eaad-4776-92aa-7aaab7946ff3,2014-07-02,11:30:00,EDSA P. Bernardo Street Quezon City,0,0,0,0,0,0,0,0,0,0,2014-07-02 19:30,Property,14.65548924,121.0298079,No Collision Stated
None,EDSA,None,None,"No Accident Factor, No Collision Stated (based on Police Blotter Book), 0.0 drivers_injured, 0.0 drivers_killed, 0.0 passengers_injured, 0.0 passengers_killed, 0.0 pedestrian_injured, 0.0 pedestrian_killed, Fair (Night), EDSA ""U"" Turn Slot, Quezon City Academy Quezon City",MMDA Road Safety Unit,,d2428e1c-f7b8-49e3-9da0-6c0e05c54085,2014-07-02,10:00:00,EDSA Mother Ignacia Street  Quezon City,0,0,0,0,0,0,0,0,0,0,2014-07-02 18:00,Property,14.65655357,121.0260701,No Collision Stated
None,EDSA,None,None,"No Accident Factor, Side Swipe, 0.0 drivers_injured, 0.0 drivers_killed, 0.0 passengers_injured, 0.0 passengers_killed, 0.0 pedestrian_injured, 0.0 pedestrian_killed, Fair (Day), EDSA ""U"" turn slot, West Ave. Quezon City",MMDA Road Safety Unit,,a30a9aab-b4fa-4993-8456-e70e408d68c6,2014-07-02,04:05:00,EDSA P. Tuazon Street  Quezon City,0,0,0,0,0,0,0,0,0,0,2014-07-02 12:05,Property,14.65572501,121.0294153,Side Swipe
None,EDSA,None,None,"No Accident Factor, Hit Object (Barrier-Concrete), 0.0 drivers_injured, 0.0 drivers_killed, 0.0 passengers_injured, 0.0 passengers_killed, 0.0 pedestrian_injured, 0.0 pedestrian_killed, Fair (Night), EDSA Mapagmahal St. Quezon City",MMDA Road Safety Unit,,e7a6b737-1292-4e10-a16a-745745489192,2014-07-01,16:25:00,EDSA Bansalangin Street  Quezon City,0,0,0,0,0,0,0,0,0,0,2014-07-02 0:25,Property,14.63185046,121.0455315,Hit Object
None,EDSA,None,None,"No Accident Factor, Multiple Collision, 0.0 drivers_injured, 0.0 drivers_killed, 0.0 passengers_injured, 0.0 passengers_killed, 0.0 pedestrian_injured, 0.0 pedestrian_killed, Fair (Day), EDSA Farmers Plaza, Bgy. Socorro Quezon City",MMDA Road Safety Unit,,bb6a2e9c-2ccf-48c5-b94a-ad9e95560670,2014-07-01,06:15:00,EDSA White Plains Quezon City,0,0,0,0,0,0,0,0,0,0,2014-07-01 14:15,Property,14.61920525,121.0513476,Multiple
None,EDSA,None,None,"No Accident Factor, No Collision Stated (based on Police Blotter Book), 0.0 drivers_injured, 0.0 drivers_killed, 0.0 passengers_injured, 0.0 passengers_killed, 0.0 pedestrian_injured, 0.0 pedestrian_killed, Fair (Night), EDSA UNTV, Bgy. West Triangle Quezon City",MMDA Road Safety Unit,,1cd5c128-1a80-47d1-bb08-d5a3a5e89cff,2014-07-01,06:05:00,EDSA Panay Avenue  Quezon City,0,0,0,0,0,0,0,0,0,0,2014-07-01 14:05,Property,14.64959397,121.0338735,Angle Impact
None,EDSA,None,None,"No Accident Factor, Side Swipe, 0.0 drivers_injured, 0.0 drivers_killed, 0.0 passengers_injured, 0.0 passengers_killed, 0.0 pedestrian_injured, 0.0 pedestrian_killed, Fair (Day), EDSA P. Tuazon Blvd. Quezon City",MMDA Road Safety Unit,,65d33fb4-c694-419d-b018-a40afef4a36c,2014-07-01,00:15:00,EDSA Fornt of Puregold Balintawak  Quezon City,0,0,0,0,0,0,0,0,0,0,2014-07-01 8:15,Property,14.61656342,121.0525225,Side Swipe
None,EDSA,None,None,"No Accident Factor, No Collision Stated (based on Police Blotter Book), 0.0 drivers_injured, 0.0 drivers_killed, 0.0 passengers_injured, 0.0 passengers_killed, 0.0 pedestrian_injured, 0.0 pedestrian_killed, Fair (Night), EDSA Cloverleaf  Quezon City",MMDA Road Safety Unit,,78056c3c-3acc-4a08-84cb-ffd5f9d1764d,2014-06-30,10:30:00,EDSA Front of Oriental Market  Quezon City,0,0,0,0,0,0,0,0,0,0,2014-06-30 18:30,Property,14.65742064,121.0008939,No Collision Stated
None,EDSA,None,None,"No Accident Factor, No Collision Stated (based on Police Blotter Book), 0.0 drivers_injured, 0.0 drivers_killed, 0.0 passengers_injured, 0.0 passengers_killed, 0.0 pedestrian_injured, 0.0 pedestrian_killed, Fair (Night), EDSA Mindanao Ave. Ext. Quezon City",MMDA Road Safety Unit,,7a6e98c0-b080-4a83-946f-d3a0df30cf8f,2014-06-30,10:30:00,EDSA West Avenue Quezon City,0,0,0,0,0,0,0,0,0,0,2014-06-30 18:30,Property,14.65052386,121.0335656,No Collision Stated
None,EDSA,None,None,"No Accident Factor, Rear-end, 0.0 drivers_injured, 0.0 drivers_killed, 0.0 passengers_injured, 0.0 passengers_killed, 0.0 pedestrian_injured, 0.0 pedestrian_killed, Fair (Day), EDSA Poveda St. Quezon City",MMDA Road Safety Unit,,f1dbf117-c693-40f4-b8ab-5c2fd9b41e80,2014-06-30,07:20:00,EDSA Banahaw Street Cubao  Quezon City,0,0,0,0,0,0,0,0,0,0,2014-06-30 15:20,Property,14.59047645,121.0577338,Rear-End
None,EDSA,None,None,"No Accident Factor, Hit and Run (Side Swipe), 0.0 drivers_injured, 0.0 drivers_killed, 0.0 passengers_injured, 0.0 passengers_killed, 0.0 pedestrian_injured, 0.0 pedestrian_killed, Fair (Day), EDSA JAC Liner Terminal Quezon City",MMDA Road Safety Unit,,77849bad-ae0c-47ef-ab76-ee27a71143e4,2014-06-29,08:30:00,EDSA Balintawak Market  Quezon City,0,0,0,0,0,0,0,0,0,0,2014-06-29 16:30,Property,14.63162939,121.0456857,Side Swipe
None,EDSA,None,None,"No Accident Factor, No Collision Stated (based on Police Blotter Book), 0.0 drivers_injured, 0.0 drivers_killed, 0.0 passengers_injured, 0.0 passengers_killed, 0.0 pedestrian_injured, 0.0 pedestrian_killed, Fair (Day), EDSA MRT-North Ave. Station Quezon City",MMDA Road Safety Unit,,7b1712d5-f7af-4273-ba58-26f476ba295c,2014-06-28,23:30:00,EDSA infront of Guzent Bldg. Quezon City,0,0,0,0,0,0,0,0,0,0,2014-06-29 7:30,Property,14.65223956,121.0323125,No Collision Stated
None,EDSA,None,None,"No Accident Factor, No Collision Stated (based on Police Blotter Book), 0.0 drivers_injured, 0.0 drivers_killed, 0.0 passengers_injured, 0.0 passengers_killed, 0.0 pedestrian_injured, 0.0 pedestrian_killed, Fair (Night), EDSA Bansalangin  Quezon City",MMDA Road Safety Unit,,15ddf248-228f-4137-a1f1-e976ae1c1dcb,2014-06-28,11:00:00,EDSA Cloverleaf Road Quezon City,0,0,0,0,0,0,0,0,0,0,2014-06-28 19:00,Property,14.6567996,121.0241845,No Collision Stated
None,EDSA,None,None,"No Accident Factor, No Collision Stated (based on Police Blotter Book), 1.0 drivers_injured, 0.0 drivers_killed, 0.0 passengers_injured, 0.0 passengers_killed, 0.0 pedestrian_injured, 0.0 pedestrian_killed, Fair (Day), EDSA Iglesia ni Cristo Quezon City",MMDA Road Safety Unit,,fe1b7880-19d0-4a50-8032-a52c653de7ab,2014-06-28,07:45:00,EDSA Monte De Piedad Street  Quezon City,0,0,0,1,0,0,0,0,0,1,2014-06-28 15:45,Injury,14.65752241,121.02219,No Collision Stated
None,EDSA,None,None,"No Accident Factor, No Collision Stated (based on Police Blotter Book), 0.0 drivers_injured, 0.0 drivers_killed, 0.0 passengers_injured, 0.0 passengers_killed, 0.0 pedestrian_injured, 0.0 pedestrian_killed, Fair (Night), EDSA  MRT Station, Bgy. South Triangle Quezon City",MMDA Road Safety Unit,,a7e728df-bcf0-48c5-b0bd-0e692d00089b,2014-06-28,06:15:00,EDSA before P. Tuazon Blvd. Brgy. Socorro Quezon City,0,0,0,0,0,0,0,0,0,0,2014-06-28 14:15,Property,14.64281482,121.0383273,Angle Impact
None,EDSA,None,None,"No Accident Factor, No Collision Stated (based on Police Blotter Book), 0.0 drivers_injured, 0.0 drivers_killed, 0.0 passengers_injured, 0.0 passengers_killed, 0.0 pedestrian_injured, 0.0 pedestrian_killed, Fair (Night), EDSA Landmark Quezon City",MMDA Road Safety Unit,,fe8c4401-4ffa-42ba-8fa3-4fd6ad4f2626,2014-06-27,11:00:00,EDSA before Farmers Market Brgy. Socorro  Quezon City,0,0,0,0,0,0,0,0,0,0,2014-06-27 19:00,Property,14.6509773,121.0331821,No Collision Stated
None,EDSA,None,None,"No Accident Factor, No Collision Stated (based on Police Blotter Book), 0.0 drivers_injured, 0.0 drivers_killed, 0.0 passengers_injured, 0.0 passengers_killed, 0.0 pedestrian_injured, 0.0 pedestrian_killed, Fair (Night), EDSA West Ave.  Quezon City",MMDA Road Safety Unit,,d508e6bf-8856-4ef2-9981-d9a0bced9c5e,2014-06-27,02:30:00,EDSA Roosevelt Avenue  Quezon City,0,0,0,0,0,0,0,0,0,0,2014-06-27 10:30,Property,14.65548924,121.0298079,No Collision Stated
None,EDSA,None,None,"No Accident Factor, Side Swipe, 0.0 drivers_injured, 0.0 drivers_killed, 0.0 passengers_injured, 0.0 passengers_killed, 0.0 pedestrian_injured, 0.0 pedestrian_killed, Fair (Day), EDSA White Plains Ave. Quezon City",MMDA Road Safety Unit,,e959644f-beb7-4d80-984a-d58f7ffba3c3,2014-06-27,02:00:00,EDSA before White Plains Avenue Brgy. White Plains  Quezon City,0,0,0,0,0,0,0,0,0,0,2014-06-27 10:00,Property,14.59961782,121.0596522,Side Swipe
None,EDSA,None,None,"No Accident Factor, Rear-end, 0.0 drivers_injured, 0.0 drivers_killed, 0.0 passengers_injured, 0.0 passengers_killed, 0.0 pedestrian_injured, 0.0 pedestrian_killed, Fair (Night), EDSA Ortigas Ave.  Quezon City",MMDA Road Safety Unit,,e0dd15d0-06f4-4a89-9c79-96ecc21cc43b,2014-06-26,14:00:00,EDSA Santolan (NB)  Quezon City,0,0,0,0,0,0,0,0,0,0,2014-06-26 22:00,Property,14.59275486,121.0584221,Rear-End
None,EDSA,None,None,"No Accident Factor, No Collision Stated (based on Police Blotter Book), 0.0 drivers_injured, 0.0 drivers_killed, 0.0 passengers_injured, 0.0 passengers_killed, 0.0 pedestrian_injured, 0.0 pedestrian_killed, Fair (Night), EDSA Centris Quezon City",MMDA Road Safety Unit,,6a2e9013-2c9d-44aa-8fb3-46a19d4b3492,2014-06-26,13:30:00,EDSA fronting Five Star Bus Terminal Brgy. E. Rodriguez Quezon City,0,0,0,0,0,0,0,0,0,0,2014-06-26 21:30,Property,14.64255755,121.038725,No Collision Stated
None,EDSA,None,None,"No Accident Factor, No Collision Stated (based on Police Blotter Book), 0.0 drivers_injured, 0.0 drivers_killed, 0.0 passengers_injured, 0.0 passengers_killed, 0.0 pedestrian_injured, 0.0 pedestrian_killed, Fair (Night), EDSA Mindanao Ave. Ext. Quezon City",MMDA Road Safety Unit,,45f9649c-7a2e-459b-b979-2b7bdfbec6bc,2014-06-26,12:30:00,EDSA JAM Liner Terminal  Quezon City,0,0,0,0,0,0,0,0,0,0,2014-06-26 20:30,Property,14.65052386,121.0335656,No Collision Stated
None,EDSA,None,None,"No Accident Factor, No Collision Stated (based on Police Blotter Book), 0.0 drivers_injured, 0.0 drivers_killed, 0.0 passengers_injured, 0.0 passengers_killed, 0.0 pedestrian_injured, 0.0 pedestrian_killed, Fair (Night), EDSA Q-Mart Quezon City",MMDA Road Safety Unit,,aa77ebf5-9efe-4f35-ad4c-29efe7cdc2e6,2014-06-25,23:40:00,EDSA Cubao  Quezon City,0,0,0,0,0,0,0,0,0,0,2014-06-26 7:40,Property,14.62811603,121.0472822,No Collision Stated
None,EDSA,None,None,"No Accident Factor, Side Swipe, 0.0 drivers_injured, 0.0 drivers_killed, 0.0 passengers_injured, 0.0 passengers_killed, 0.0 pedestrian_injured, 0.0 pedestrian_killed, Fair (Day), EDSA SM City-North EDSA Loading/Unloading Quezon City",MMDA Road Safety Unit,,6959b7f8-4f64-4e54-8e90-8f3fdadc8d1a,2014-06-25,09:45:00,EDSA fronting SM Hyper Market before Main Avenue  Quezon City,0,0,0,0,0,0,0,0,0,0,2014-06-25 17:45,Property,14.6563096,121.02741,Side Swipe
None,EDSA,None,None,"No Accident Factor, No Collision Stated (based on Police Blotter Book), 0.0 drivers_injured, 0.0 drivers_killed, 1.0 passengers_injured, 0.0 passengers_killed, 0.0 pedestrian_injured, 0.0 pedestrian_killed, Fair (Night), EDSA Main Ave. Quezon City",MMDA Road Safety Unit,,1b67fa4e-48ad-4a7a-b656-28022cea4f51,2014-06-25,08:15:00,EDSA Kaingin Road Quezon City,0,0,0,0,1,0,0,0,0,1,2014-06-25 16:15,Injury,14.61376458,121.0537933,No Collision Stated
None,EDSA,None,None,"No Accident Factor, No Collision Stated (based on Police Blotter Book), 0.0 drivers_injured, 0.0 drivers_killed, 0.0 passengers_injured, 0.0 passengers_killed, 0.0 pedestrian_injured, 0.0 pedestrian_killed, Fair (Day), EDSA ""U"" Turn Slot, Ramon Magsaysay Quezon City",MMDA Road Safety Unit,,d61671b6-d2d6-4dd6-b283-e20c13fd34a0,2014-06-25,07:00:00,EDSA West Avenue  Quezon City,0,0,0,0,0,0,0,0,0,0,2014-06-25 15:00,Property,14.65655357,121.0260701,No Collision Stated
None,EDSA,None,None,"No Accident Factor, No Collision Stated (based on Police Blotter Book), 0.0 drivers_injured, 0.0 drivers_killed, 0.0 passengers_injured, 0.0 passengers_killed, 0.0 pedestrian_injured, 0.0 pedestrian_killed, Fair (Day), EDSA ""U"" Turn Slot, Bagong Pagasa Quezon City",MMDA Road Safety Unit,,4ba1eace-1da8-4ebf-965f-dea7896a7139,2014-06-25,06:20:00,EDSA corner Corregidor Street Quezon City,0,0,0,0,0,0,0,0,0,0,2014-06-25 14:20,Property,14.65652754,121.0260743,No Collision Stated
None,EDSA,None,None,"No Accident Factor, No Collision Stated (based on Police Blotter Book), 0.0 drivers_injured, 0.0 drivers_killed, 0.0 passengers_injured, 0.0 passengers_killed, 0.0 pedestrian_injured, 0.0 pedestrian_killed, Fair (Day), EDSA Centris Quezon City",MMDA Road Safety Unit,,587da043-3448-4e30-8aee-22bbe7795b4e,2014-06-25,06:00:00,EDSA Ortigas Avenue Barangay Ugong Norte Quezon City,0,0,0,0,0,0,0,0,0,0,2014-06-25 14:00,Property,14.64255755,121.038725,No Collision Stated
None,EDSA,None,None,"No Accident Factor, No Collision Stated (based on Police Blotter Book), 0.0 drivers_injured, 0.0 drivers_killed, 0.0 passengers_injured, 0.0 passengers_killed, 0.0 pedestrian_injured, 0.0 pedestrian_killed, Fair (Night), EDSA ""U"" turn slot, P. Tuazon Blvd. Quezon City",MMDA Road Safety Unit,,fd164231-8d66-4216-a77d-330678f663ba,2014-06-25,05:45:00,EDSA Boni Serrano Street  Quezon City,0,0,0,0,0,0,0,0,0,0,2014-06-25 13:45,Property,14.61624525,121.0526456,No Collision Stated
None,EDSA,None,None,"No Accident Factor, Rear-end, 0.0 drivers_injured, 0.0 drivers_killed, 0.0 passengers_injured, 0.0 passengers_killed, 0.0 pedestrian_injured, 0.0 pedestrian_killed, Fair (Night), EDSA Mo. Ignacia St., Bgy. South Triangle Quezon City",MMDA Road Safety Unit,,fe0dfe8d-a4bd-4607-90f8-720615457f28,2014-06-24,23:45:00,EDSA Quezon Avenue  Quezon City,0,0,0,0,0,0,0,0,0,0,2014-06-25 7:45,Property,14.64225922,121.038789,Rear-End
None,EDSA,None,None,"No Accident Factor, No Collision Stated (based on Police Blotter Book), 0.0 drivers_injured, 0.0 drivers_killed, 0.0 passengers_injured, 0.0 passengers_killed, 0.0 pedestrian_injured, 0.0 pedestrian_killed, Fair (Night), EDSA Mindanao Ave. Ext. Quezon City",MMDA Road Safety Unit,,7f21a83e-995f-4464-bfc5-efc1bdb9914f,2014-06-24,13:15:00,EDSA Corinthian Garden Subdivision Quezon City,0,0,0,0,0,0,0,0,0,0,2014-06-24 21:15,Property,14.65052386,121.0335656,No Collision Stated
None,EDSA,None,None,"No Accident Factor, Hit and Run (No Collision Stated), 0.0 drivers_injured, 0.0 drivers_killed, 0.0 passengers_injured, 0.0 passengers_killed, 0.0 pedestrian_injured, 0.0 pedestrian_killed, Fair (Day), EDSA SM City-North EDSA Loading/Unloading Quezon City",MMDA Road Safety Unit,,d7527bf2-ca19-4151-a1b3-a8c022c68745,2014-06-24,06:30:00,EDSA Mapagmahal Street Quezon City,0,0,0,0,0,0,0,0,0,0,2014-06-24 14:30,Property,14.6563096,121.02741,No Collision Stated
None,EDSA,None,None,"No Accident Factor, No Collision Stated (based on Police Blotter Book), 0.0 drivers_injured, 0.0 drivers_killed, 0.0 passengers_injured, 0.0 passengers_killed, 0.0 pedestrian_injured, 0.0 pedestrian_killed, Fair (Day), EDSA Mindanao Ave. Ext. Quezon City",MMDA Road Safety Unit,,ae9ab049-15b0-44c3-b1db-df94520d5227,2014-06-24,04:30:00,EDSA Arayat Street  Quezon City,0,0,0,0,0,0,0,0,0,0,2014-06-24 12:30,Property,14.65052386,121.0335656,No Collision Stated
None,EDSA,None,None,"No Accident Factor, Side Swipe, 0.0 drivers_injured, 0.0 drivers_killed, 0.0 passengers_injured, 0.0 passengers_killed, 0.0 pedestrian_injured, 0.0 pedestrian_killed, Fair (Night), EDSA ""U"" turn slot, GMA-7 Bgy. South Triangle Quezon City",MMDA Road Safety Unit,,9120e2fd-e7ca-41f4-bbcb-236d6c562c9f,2014-06-24,02:55:00,EDSA Misamis Street Barangay Santo Cristo  Quezon City,0,0,0,0,0,0,0,0,0,0,2014-06-24 10:55,Property,14.63376993,121.0443308,Angle Impact
None,EDSA,None,None,"No Accident Factor, No Collision Stated (based on Police Blotter Book), 0.0 drivers_injured, 0.0 drivers_killed, 0.0 passengers_injured, 0.0 passengers_killed, 0.0 pedestrian_injured, 0.0 pedestrian_killed, Fair (Day), EDSA Mindanao Ave. Ext. Quezon City",MMDA Road Safety Unit,,6e31067c-e02b-4a40-8cc7-7260bc8333f6,2014-06-23,23:00:00,EDSA Kaingin Road Quezon City,0,0,0,0,0,0,0,0,0,0,2014-06-24 7:00,Property,14.65052386,121.0335656,No Collision Stated
None,EDSA,None,None,"No Accident Factor, No Collision Stated (based on Police Blotter Book), 1.0 drivers_injured, 0.0 drivers_killed, 0.0 passengers_injured, 0.0 passengers_killed, 0.0 pedestrian_injured, 0.0 pedestrian_killed, Fair (Night), EDSA ""U"" Turn Slot, Ramon Magsaysay Quezon City",MMDA Road Safety Unit,,c7a97ac1-d5a1-4be8-b50c-ccaa8de0ceb9,2014-06-23,19:45:00,EDSA Cloverleaf Blintawak  Quezon City,0,0,0,1,0,0,0,0,0,1,2014-06-24 3:45,Injury,14.65655357,121.0260701,No Collision Stated
None,EDSA,None,None,"No Accident Factor, No Collision Stated (based on Police Blotter Book), 0.0 drivers_injured, 0.0 drivers_killed, 0.0 passengers_injured, 0.0 passengers_killed, 0.0 pedestrian_injured, 0.0 pedestrian_killed, Fair (Night), EDSA East Ave., DPWH Quezon City",MMDA Road Safety Unit,,6ab9455c-a34d-4768-b105-5d0597e4ba47,2014-06-23,08:40:00,EDSA before North Avenue Barangay Bagong Pag-Asa Quezon City,0,0,0,0,0,0,0,0,0,0,2014-06-23 16:40,Property,14.6346553,121.0438441,No Collision Stated