LOCATION_TEXT,ROAD,WEATHER,LIGHT,DESC,REPORTING_AGENCY,MAIN_CAUSE,INCIDENTDETAILS_ID,DATE_UTC,TIME_UTC,ADDRESS,killed_driver,killed_passenger,killed_pedestrian,injured_driver,injured_passenger,injured_pedestrian,killed_uncategorized,injured_uncategorized,killed_total,injured_total,DATETIME_PST,SEVERITY,Y,X,COLLISION_TYPE
None,EDSA,None,None,"No Accident Factor, No Collision Stated (based on Police Blotter Book), 0.0 drivers_injured, 0.0 drivers_killed, 0.0 passengers_injured, 0.0 passengers_killed, 0.0 pedestrian_injured, 0.0 pedestrian_killed, Fair (Day), EDSA Jacman Emporium Quezon City",MMDA Road Safety Unit,,57e8f482-d3a4-4e78-9763-155b5bfddee5,2014-06-23,08:30:00,EDSA Aurora Blvd. Quezon City,0,0,0,0,0,0,0,0,0,0,2014-06-23 16:30,Property,14.65777839,121.0208499,No Collision Stated
None,EDSA,None,None,"No Accident Factor, No Collision Stated (based on Police Blotter Book), 0.0 drivers_injured, 0.0 drivers_killed, 0.0 passengers_injured, 0.0 passengers_killed, 0.0 pedestrian_injured, 0.0 pedestrian_killed, Fair (Night), EDSA Timog Ave. Quezon City",MMDA Road Safety Unit,,8b2e45c6-3771-4359-b05d-378c08f7885d,2014-06-23,04:15:00,EDSA North Boulevard before Quezon Avenue Barangay Bagong Pag-Asa  Quezon City,0,0,0,0,0,0,0,0,0,0,2014-06-23 12:15,Property,14.63293559,121.0446304,No Collision Stated
None,EDSA,None,None,"No Accident Factor, Side Swipe, 0.0 drivers_injured, 0.0 drivers_killed, 0.0 passengers_injured, 0.0 passengers_killed, 0.0 pedestrian_injured, 0.0 pedestrian_killed, Fair (Day), EDSA ""U"" Turn Slot, SM Annex Quezon City",MMDA Road Safety Unit,,545d174e-6392-43f5-a919-fc64313dd792,2014-06-23,04:10:00,EDSA New York Street  Quezon City,0,0,0,0,0,0,0,0,0,0,2014-06-23 12:10,Property,14.65632137,121.0266327,Side Swipe
None,EDSA,None,None,"No Accident Factor, No Collision Stated (based on Police Blotter Book), 0.0 drivers_injured, 0.0 drivers_killed, 0.0 passengers_injured, 0.0 passengers_killed, 0.0 pedestrian_injured, 0.0 pedestrian_killed, Fair (Night), EDSA ""U"" turn slot Camp Crame Quezon City",MMDA Road Safety Unit,,69ca002f-98c1-4c7b-b215-47cf7bc4c18c,2014-06-23,02:00:00,EDSA Ortigas Avenue Barangay Ugong Norte Quezon City,0,0,0,0,0,0,0,0,0,0,2014-06-23 10:00,Property,14.61046446,121.0551667,No Collision Stated
None,EDSA,None,None,"No Accident Factor, No Collision Stated (based on Police Blotter Book), 0.0 drivers_injured, 0.0 drivers_killed, 0.0 passengers_injured, 0.0 passengers_killed, 0.0 pedestrian_injured, 0.0 pedestrian_killed, Fair (Night), EDSA North Ave. Quezon City",MMDA Road Safety Unit,,8f59e2e6-49b0-4465-a0de-695c189853b9,2014-06-22,11:30:00,EDSA Front of Nepa Q-Mart Barangay West Kamias  Quezon City,0,0,0,0,0,0,0,0,0,0,2014-06-22 19:30,Property,14.65553839,121.0299647,No Collision Stated
None,EDSA,None,None,"No Accident Factor, Rear-end, 0.0 drivers_injured, 0.0 drivers_killed, 0.0 passengers_injured, 0.0 passengers_killed, 0.0 pedestrian_injured, 0.0 pedestrian_killed, Fair (Night), EDSA Kamuning Road, Bgy. Kamuning Quezon City",MMDA Road Safety Unit,,b353bbd3-51b8-4f6e-a582-6e926f96c1e7,2014-06-22,05:30:00,EDSA Front of Farmers Plaza Barangay Socorro Cubao Quezon City,0,0,0,0,0,0,0,0,0,0,2014-06-22 13:30,Property,14.63079118,121.0458085,Rear-End
None,EDSA,None,None,"No Accident Factor, Multiple Collision, 0.0 drivers_injured, 0.0 drivers_killed, 0.0 passengers_injured, 0.0 passengers_killed, 0.0 pedestrian_injured, 0.0 pedestrian_killed, Fair (Night), EDSA Col. Bonny Serrano Ave. Quezon City",MMDA Road Safety Unit,,cb7f5168-5c24-48d0-a88c-3fdef9beae26,2014-06-22,05:20:00,EDSA Nueva Viscaya Street Barangay Ramon Magsaysay Quezon City,0,0,0,0,0,0,0,0,0,0,2014-06-22 13:20,Property,14.61107337,121.0550705,Multiple
None,EDSA,None,None,"No Accident Factor, No Collision Stated (based on Police Blotter Book), 0.0 drivers_injured, 0.0 drivers_killed, 0.0 passengers_injured, 0.0 passengers_killed, 0.0 pedestrian_injured, 0.0 pedestrian_killed, Fair (Night), EDSA Solid North Terminal, Cubao Quezon City",MMDA Road Safety Unit,,70003872-0eab-477e-a3e7-ec89d454dc46,2014-06-22,03:35:00,EDSA Quezon Avenue Barangay South Triangle Quezon City,0,0,0,0,0,0,0,0,0,0,2014-06-22 11:35,Property,14.62420023,121.0487914,No Collision Stated
None,EDSA,None,None,"No Accident Factor, Side Swipe, 0.0 drivers_injured, 0.0 drivers_killed, 0.0 passengers_injured, 0.0 passengers_killed, 0.0 pedestrian_injured, 0.0 pedestrian_killed, Fair (Night), EDSA New York St., Dagupan Bus Terminal Quezon City",MMDA Road Safety Unit,,a81bfa6c-2b00-438a-81bd-2aa7fd689196,2014-06-22,03:30:00,EDSA P. Bernardo St. Quezon City,0,0,0,0,0,0,0,0,0,0,2014-06-22 11:30,Property,14.62568514,121.0482307,Side Swipe
None,EDSA,None,None,"No Accident Factor, Multiple Collision, 0.0 drivers_injured, 0.0 drivers_killed, 0.0 passengers_injured, 0.0 passengers_killed, 0.0 pedestrian_injured, 0.0 pedestrian_killed, Fair (Night), EDSA Robinsons Galleria Quezon City",MMDA Road Safety Unit,,2a434238-9310-483a-9281-6658ff23cb87,2014-06-22,02:55:00,EDSA Cloverleaf Service Road Quezon City,0,0,0,0,0,0,0,0,0,0,2014-06-22 10:55,Property,14.59206941,121.058228,Multiple
None,EDSA,None,None,"No Accident Factor, No Collision Stated (based on Police Blotter Book), 0.0 drivers_injured, 0.0 drivers_killed, 0.0 passengers_injured, 0.0 passengers_killed, 0.0 pedestrian_injured, 0.0 pedestrian_killed, Fair (Night), EDSA P. Tuazon Blvd. Quezon City",MMDA Road Safety Unit,,a15be6ac-289b-4d9e-8a16-b63ab14ddc51,2014-06-21,23:15:00,EDSA Misamis Street Barangay Santo Cristo  Quezon City,0,0,0,0,0,0,0,0,0,0,2014-06-22 7:15,Property,14.61656342,121.0525225,No Collision Stated
None,EDSA,None,None,"No Accident Factor, Hit and Run (Rear-end), 0.0 drivers_injured, 0.0 drivers_killed, 0.0 passengers_injured, 0.0 passengers_killed, 0.0 pedestrian_injured, 0.0 pedestrian_killed, Fair (Night), EDSA Baliwag Bus Terminal Quezon City",MMDA Road Safety Unit,,c9031a9f-9d51-4d8b-bd0a-185edff4e1d1,2014-06-21,21:00:00,EDSA Aurora Boulevard Bsrangay Socorro Quezon City,0,0,0,0,0,0,0,0,0,0,2014-06-22 5:00,Property,14.6244766,121.0489584,Rear-End
None,EDSA,None,None,"No Accident Factor, No Collision Stated (based on Police Blotter Book), 0.0 drivers_injured, 0.0 drivers_killed, 0.0 passengers_injured, 0.0 passengers_killed, 0.0 pedestrian_injured, 0.0 pedestrian_killed, Fair (Night), EDSA Monte de Piedad St. Quezon City",MMDA Road Safety Unit,,79af17d9-d96a-4e2c-959e-c93955a20e5a,2014-06-21,10:55:00,EDSA Aurora Boulevard Barangay Socorro Quezon City,0,0,0,0,0,0,0,0,0,0,2014-06-21 18:55,Property,14.62346937,121.0491711,No Collision Stated
None,EDSA,None,None,"No Accident Factor, Rear-end, 0.0 drivers_injured, 0.0 drivers_killed, 0.0 passengers_injured, 0.0 passengers_killed, 0.0 pedestrian_injured, 0.0 pedestrian_killed, Fair (Night), EDSA Genesis Bus Terminal, Bgy. E. Rodriguez  Quezon City",MMDA Road Safety Unit,,2d07396a-0070-47f8-b41f-f3e2c617c96c,2014-06-21,09:30:00,EDSA Bansalangin Street Barangay Veterans Quezon City,0,0,0,0,0,0,0,0,0,0,2014-06-21 17:30,Property,14.6256048,121.0483444,Rear-End
None,EDSA,None,None,"No Accident Factor, Side Swipe, 0.0 drivers_injured, 0.0 drivers_killed, 0.0 passengers_injured, 0.0 passengers_killed, 0.0 pedestrian_injured, 0.0 pedestrian_killed, Fair (Night), EDSA Q-Mart, Bgy. West Kamias Quezon City",MMDA Road Safety Unit,,ba937fb8-005e-4326-925d-708e86e95e18,2014-06-21,09:30:00,EDSA East Avenue Quezon City,0,0,0,0,0,0,0,0,0,0,2014-06-21 17:30,Property,14.62811603,121.0472822,Side Swipe
None,EDSA,None,None,"No Accident Factor, No Collision Stated (based on Police Blotter Book), 0.0 drivers_injured, 0.0 drivers_killed, 0.0 passengers_injured, 0.0 passengers_killed, 0.0 pedestrian_injured, 0.0 pedestrian_killed, Fair (Night), EDSA ""U"" Turn Slot, Bagong Pagasa Quezon City",MMDA Road Safety Unit,,ed0ef1de-0eeb-498c-bd36-f152a17edac6,2014-06-20,12:30:00,EDSA before Serrano Avenue Quezon City,0,0,0,0,0,0,0,0,0,0,2014-06-20 20:30,Property,14.65652754,121.0260743,No Collision Stated
None,EDSA,None,None,"No Accident Factor, No Collision Stated (based on Police Blotter Book), 0.0 drivers_injured, 0.0 drivers_killed, 0.0 passengers_injured, 0.0 passengers_killed, 0.0 pedestrian_injured, 0.0 pedestrian_killed, Fair (Night), EDSA Misamis St. Quezon City",MMDA Road Safety Unit,,afdd55fa-89c9-4c00-8f7e-d71f825dbfd3,2014-06-20,11:45:00,EDSA Quezon Avenue Barangay Bagong Pag-Asa  Quezon City,0,0,0,0,0,0,0,0,0,0,2014-06-20 19:45,Property,14.65602348,121.0285212,No Collision Stated
None,EDSA,None,None,"No Accident Factor, No Collision Stated (based on Police Blotter Book), 0.0 drivers_injured, 0.0 drivers_killed, 0.0 passengers_injured, 0.0 passengers_killed, 0.0 pedestrian_injured, 0.0 pedestrian_killed, Fair (Night), EDSA New York St.  Quezon City",MMDA Road Safety Unit,,8354018a-5b60-40cf-9c8c-b13551899a8d,2014-06-20,11:30:00,EDSA Quezon Ave. Quezon City,0,0,0,0,0,0,0,0,0,0,2014-06-20 19:30,Property,14.62568514,121.0482307,No Collision Stated
None,EDSA,None,None,"No Accident Factor, No Collision Stated (based on Police Blotter Book), 0.0 drivers_injured, 0.0 drivers_killed, 0.0 passengers_injured, 0.0 passengers_killed, 0.0 pedestrian_injured, 0.0 pedestrian_killed, Fair (Night), EDSA Mapagmahal St., Bgy. Payatas Quezon City",MMDA Road Safety Unit,,52691ca4-48bd-4d7b-8afd-effc52cf4381,2014-06-20,10:35:00,EDSA Timog Ave. Quezon City,0,0,0,0,0,0,0,0,0,0,2014-06-20 18:35,Property,14.63185046,121.0455315,No Collision Stated
None,EDSA,None,None,"No Accident Factor, Rear-end, 0.0 drivers_injured, 0.0 drivers_killed, 0.0 passengers_injured, 0.0 passengers_killed, 0.0 pedestrian_injured, 0.0 pedestrian_killed, Fair (Day), EDSA National Printing Office, Bgy. Central Quezon City",MMDA Road Safety Unit,,f7de0b0d-47da-4f4f-a954-45092dd71f29,2014-06-20,04:30:00,EDSA East Avenue Quezon City,0,0,0,0,0,0,0,0,0,0,2014-06-20 12:30,Property,14.63891902,121.0410657,Rear-End
None,EDSA,None,None,"No Accident Factor, Rear-end, 0.0 drivers_injured, 0.0 drivers_killed, 0.0 passengers_injured, 0.0 passengers_killed, 0.0 pedestrian_injured, 0.0 pedestrian_killed, Fair (Night), EDSA Kamuning Road Quezon City",MMDA Road Safety Unit,,52e13536-22dd-412b-8bd7-8bcd8f33e31f,2014-06-20,02:15:00,EDSA Kamuning Road Quezon City,0,0,0,0,0,0,0,0,0,0,2014-06-20 10:15,Property,14.63075725,121.0457548,Rear-End
None,EDSA,None,None,"No Accident Factor, Hit and Run (No Collision Stated), 0.0 drivers_injured, 0.0 drivers_killed, 0.0 passengers_injured, 0.0 passengers_killed, 0.0 pedestrian_injured, 0.0 pedestrian_killed, Fair (Night), EDSA SM North Quezon City",MMDA Road Safety Unit,,43d98b6c-37e8-4821-9478-3d8ee0aaab95,2014-06-19,23:30:00,EDSA Front of Balintawak Market Quezon City Quezon City,0,0,0,0,0,0,0,0,0,0,2014-06-20 7:30,Property,14.65645143,121.0271077,No Collision Stated
None,EDSA,None,None,"No Accident Factor, No Collision Stated (based on Police Blotter Book), 0.0 drivers_injured, 0.0 drivers_killed, 0.0 passengers_injured, 0.0 passengers_killed, 0.0 pedestrian_injured, 0.0 pedestrian_killed, Fair (Night), EDSA P. Tuazon Blvd. Quezon City",MMDA Road Safety Unit,,9acc7534-0353-4b50-94d3-f5da1a2b0747,2014-06-19,13:20:00,EDSA Front of Camp Aguinaldo Barangay Socorro Quezon City,0,0,0,0,0,0,0,0,0,0,2014-06-19 21:20,Property,14.61656342,121.0525225,No Collision Stated
None,EDSA,None,None,"No Accident Factor, Rear-end, 0.0 drivers_injured, 0.0 drivers_killed, 0.0 passengers_injured, 0.0 passengers_killed, 0.0 pedestrian_injured, 0.0 pedestrian_killed, Fair (Day), EDSA Quezon Ave. (EB) Quezon City",MMDA Road Safety Unit,,3271ee1d-3d80-4223-a42e-9e050930aff6,2014-06-19,08:30:00,EDSA before B. Serrano Avenue Barangay Socorro Quezon City,0,0,0,0,0,0,0,0,0,0,2014-06-19 16:30,Property,14.6442444,121.0375839,Rear-End
None,EDSA,None,None,"No Accident Factor, No Collision Stated (based on Police Blotter Book), 0.0 drivers_injured, 0.0 drivers_killed, 0.0 passengers_injured, 0.0 passengers_killed, 0.0 pedestrian_injured, 0.0 pedestrian_killed, Fair (Night), EDSA ""U"" turn slot - Camp Crame, Bgy. Talipapa Quezon City",MMDA Road Safety Unit,,ca2ee267-60b8-4df5-9fd5-03888622c6b1,2014-06-18,07:00:00,EDSA Timog Avenue Quezon City Quezon City,0,0,0,0,0,0,0,0,0,0,2014-06-18 15:00,Property,14.61039838,121.0552704,No Collision Stated
None,EDSA,None,None,"No Accident Factor, Side Swipe, 0.0 drivers_injured, 0.0 drivers_killed, 0.0 passengers_injured, 0.0 passengers_killed, 0.0 pedestrian_injured, 0.0 pedestrian_killed, Fair (Night), EDSA MRT Santolan station. Quezon City",MMDA Road Safety Unit,,eafdcf8a-8d02-4c5d-80cf-d812a30f8bd9,2014-06-17,23:00:00,EDSA Kamias Road  Quezon City,0,0,0,0,0,0,0,0,0,0,2014-06-18 7:00,Property,14.60758562,121.0564529,Side Swipe
None,EDSA,None,None,"No Accident Factor, No Collision Stated (based on Police Blotter Book), 0.0 drivers_injured, 0.0 drivers_killed, 0.0 passengers_injured, 0.0 passengers_killed, 0.0 pedestrian_injured, 0.0 pedestrian_killed, Fair (Night), EDSA Kamuning Road Quezon City",MMDA Road Safety Unit,,b909f4da-8e1e-4e42-b645-8e78232fa33e,2014-06-17,14:00:00,EDSA Aurora Boulevard Cubao Quezon City Quezon City,0,0,0,0,0,0,0,0,0,0,2014-06-17 22:00,Property,14.63075725,121.0457548,No Collision Stated
None,EDSA,None,None,"No Accident Factor, No Collision Stated (based on Police Blotter Book), 0.0 drivers_injured, 0.0 drivers_killed, 0.0 passengers_injured, 0.0 passengers_killed, 0.0 pedestrian_injured, 0.0 pedestrian_killed, Fair (Night), EDSA Dario Bridge Quezon City",MMDA Road Safety Unit,,27af4699-a8fa-434b-b1e4-f0dfb5d0cec8,2014-06-17,07:40:00,EDSA K - 3rd Street Kamuning Quezon City Quezon City,0,0,0,0,0,0,0,0,0,0,2014-06-17 15:40,Property,14.65750874,121.0155818,No Collision Stated
None,EDSA,None,None,"No Accident Factor, No Collision Stated (based on Police Blotter Book), 0.0 drivers_injured, 0.0 drivers_killed, 0.0 passengers_injured, 0.0 passengers_killed, 0.0 pedestrian_injured, 0.0 pedestrian_killed, Fair (Day), EDSA Timog ""U"" turn slot GMA 7 Quezon City",MMDA Road Safety Unit,,e42b67d0-2867-44d4-99cf-006b940751cc,2014-06-17,06:25:00,EDSA Aurora Blvd. Quezon City,0,0,0,0,0,0,0,0,0,0,2014-06-17 14:25,Property,14.63293559,121.0446304,No Collision Stated
None,EDSA,None,None,"No Accident Factor, No Collision Stated (based on Police Blotter Book), 0.0 drivers_injured, 0.0 drivers_killed, 0.0 passengers_injured, 0.0 passengers_killed, 0.0 pedestrian_injured, 0.0 pedestrian_killed, Fair (Day), EDSA Aurora Blvd. Intersection  Quezon City",MMDA Road Safety Unit,,fbda2d57-483f-44b5-86c9-653ccae3baf2,2014-06-17,02:25:00,EDSA Aurora Blvd. Quezon City,0,0,0,0,0,0,0,0,0,0,2014-06-17 10:25,Property,14.62151658,121.0501092,No Collision Stated
None,EDSA,None,None,"No Accident Factor, Rear-end, 0.0 drivers_injured, 0.0 drivers_killed, 0.0 passengers_injured, 0.0 passengers_killed, 0.0 pedestrian_injured, 0.0 pedestrian_killed, Fair (Day), EDSA Lucena Lines Terminal New York St.  Quezon City",MMDA Road Safety Unit,,322a112f-08da-45f6-8699-7bbfee499f47,2014-06-17,00:00:00,EDSA Front of E. S. Bus Terminal Cubao  Quezon City,0,0,0,0,0,0,0,0,0,0,2014-06-17 8:00,Property,14.63163168,121.0456734,Rear-End
None,EDSA,None,None,"No Accident Factor, Angle Impact, 0.0 drivers_injured, 0.0 drivers_killed, 0.0 passengers_injured, 0.0 passengers_killed, 0.0 pedestrian_injured, 0.0 pedestrian_killed, Fair (Night), EDSA New York St. Quezon City",MMDA Road Safety Unit,,80a061b9-76cd-4d4e-a349-225690721101,2014-06-16,11:00:00,EDSA infront of SM Mall Brgy Pagasa Quezon City,0,0,0,0,0,0,0,0,0,0,2014-06-16 19:00,Property,14.62568514,121.0482307,Angle Impact
None,EDSA,None,None,"No Accident Factor, No Collision Stated (based on Police Blotter Book), 0.0 drivers_injured, 0.0 drivers_killed, 0.0 passengers_injured, 0.0 passengers_killed, 0.0 pedestrian_injured, 0.0 pedestrian_killed, Fair (Day), EDSA between P. Bernardo St. Isarog Bus Quezon City",MMDA Road Safety Unit,,dd2c5485-fe15-4b6d-adcc-df15a222db1e,2014-06-16,09:40:00,EDSA Front of GMA 7 Quezon City,0,0,0,0,0,0,0,0,0,0,2014-06-16 17:40,Property,14.61683713,121.0520854,No Collision Stated
None,EDSA,None,None,"No Accident Factor, Rear-end, 0.0 drivers_injured, 0.0 drivers_killed, 0.0 passengers_injured, 0.0 passengers_killed, 0.0 pedestrian_injured, 0.0 pedestrian_killed, Fair (Day), EDSA GMA 7 MRT Station  Quezon City",MMDA Road Safety Unit,,5138baa2-bf82-4ab5-a550-a071323498e7,2014-06-16,07:20:00,EDSA before Metro Rail Transit GMA - Kamuning Quezon City,0,0,0,0,0,0,0,0,0,0,2014-06-16 15:20,Property,14.63545103,121.0432182,Rear-End
None,EDSA,None,None,"No Accident Factor, No Collision Stated (based on Police Blotter Book), 0.0 drivers_injured, 0.0 drivers_killed, 0.0 passengers_injured, 0.0 passengers_killed, 0.0 pedestrian_injured, 0.0 pedestrian_killed, Fair (Day), EDSA Banahaw St. Cubao Quezon City",MMDA Road Safety Unit,,e2f3b498-661f-442d-b4b2-411d72b0126d,2014-06-16,04:00:00,EDSA Front of Lucena Bus Lines Terminal Quezon City,0,0,0,0,0,0,0,0,0,0,2014-06-16 12:00,Property,14.61797303,121.0516572,No Collision Stated
None,EDSA,None,None,"No Accident Factor, Rear-end, 0.0 drivers_injured, 0.0 drivers_killed, 0.0 passengers_injured, 0.0 passengers_killed, 0.0 pedestrian_injured, 0.0 pedestrian_killed, Fair (Day), EDSA Arayat St. Cubao  Quezon City",MMDA Road Safety Unit,,612fe9cf-ecff-421b-a2a1-a439fb15a158,2014-06-16,03:15:00,EDSA Front of Baliwag Barangay E. Rodriguez  Quezon City,0,0,0,0,0,0,0,0,0,0,2014-06-16 11:15,Property,14.61961124,121.0508602,Rear-End
None,EDSA,None,None,"No Accident Factor, Side Swipe, 0.0 drivers_injured, 0.0 drivers_killed, 0.0 passengers_injured, 0.0 passengers_killed, 0.0 pedestrian_injured, 0.0 pedestrian_killed, Fair (Day), EDSA Boni Serrano Ave.  Quezon City",MMDA Road Safety Unit,,220ec2d6-8ab1-42ff-a2c6-7cc3ae347670,2014-06-16,01:30:00,EDSA New York Street Quezon City,0,0,0,0,0,0,0,0,0,0,2014-06-16 9:30,Property,14.61098097,121.055172,Side Swipe
None,EDSA,None,None,"No Accident Factor, Rear-end, 0.0 drivers_injured, 0.0 drivers_killed, 0.0 passengers_injured, 0.0 passengers_killed, 0.0 pedestrian_injured, 0.0 pedestrian_killed, Fair (Night), EDSA Camp Aguinaldo, Gate 3 Quezon City",MMDA Road Safety Unit,,963a5252-1082-46e7-9a8d-11bdc02e46db,2014-06-15,22:50:00,EDSA Front of SM North Bus Terminal  Quezon City,0,0,0,0,0,0,0,0,0,0,2014-06-16 6:50,Property,14.60820497,121.0563185,Rear-End
None,EDSA,None,None,"No Accident Factor, Side Swipe, 1.0 drivers_injured, 0.0 drivers_killed, 0.0 passengers_injured, 0.0 passengers_killed, 0.0 pedestrian_injured, 0.0 pedestrian_killed, Fair (Night), EDSA Col. Bonny Serrano Ave.  Quezon City",MMDA Road Safety Unit,,0b1ff770-8600-45e3-9d4c-4fe01df3581e,2014-06-15,15:45:00,EDSA Timog Intersection  Quezon City,0,0,0,1,0,0,0,0,0,1,2014-06-15 23:45,Injury,14.61107337,121.0550705,Side Swipe
None,EDSA,None,None,"No Accident Factor, No Collision Stated (based on Police Blotter Book), 0.0 drivers_injured, 0.0 drivers_killed, 0.0 passengers_injured, 0.0 passengers_killed, 0.0 pedestrian_injured, 0.0 pedestrian_killed, Fair (Night), EDSA Main Ave. Quezon City",MMDA Road Safety Unit,,af3e5379-cc23-45e0-88a6-fb28307661dd,2014-06-15,11:55:00,EDSA Roosevelt Avenue Quezon City Quezon City,0,0,0,0,0,0,0,0,0,0,2014-06-15 19:55,Property,14.61376458,121.0537933,No Collision Stated
None,EDSA,None,None,"No Accident Factor, Multiple Collision, 0.0 drivers_injured, 0.0 drivers_killed, 0.0 passengers_injured, 0.0 passengers_killed, 0.0 pedestrian_injured, 0.0 pedestrian_killed, Fair (Night), EDSA Main Ave. Quezon City",MMDA Road Safety Unit,,601b8256-d1af-4cb8-aade-6a494f634ce6,2014-06-15,10:30:00,EDSA MRT Kamuning Quezon City,0,0,0,0,0,0,0,0,0,0,2014-06-15 18:30,Property,14.61376458,121.0537933,Multiple
None,EDSA,None,None,"No Accident Factor, Hit and Run (No Collision Stated), 0.0 drivers_injured, 0.0 drivers_killed, 0.0 passengers_injured, 0.0 passengers_killed, 0.0 pedestrian_injured, 0.0 pedestrian_killed, Fair (Night), EDSA Ermin Garcia St. Quezon City",MMDA Road Safety Unit,,62308170-8c89-480a-a34c-24fc1a3d78fd,2014-06-14,12:45:00,EDSA Bansalangin Street Barangay Veterans Quezon City Quezon City,0,0,0,0,0,0,0,0,0,0,2014-06-14 20:45,Property,14.62758814,121.047487,No Collision Stated
None,EDSA,None,None,"No Accident Factor, No Collision Stated (based on Police Blotter Book), 0.0 drivers_injured, 0.0 drivers_killed, 0.0 passengers_injured, 0.0 passengers_killed, 0.0 pedestrian_injured, 0.0 pedestrian_killed, Fair (Night), EDSA Quezon Ave. Quezon City",MMDA Road Safety Unit,,6d41e686-79df-43f8-8232-fdd4e8d65412,2014-06-14,11:15:00,EDSA K-3rd St.  Quezon City,0,0,0,0,0,0,0,0,0,0,2014-06-14 19:15,Property,14.6442444,121.0375839,No Collision Stated
None,EDSA,None,None,"No Accident Factor, No Collision Stated (based on Police Blotter Book), 0.0 drivers_injured, 0.0 drivers_killed, 0.0 passengers_injured, 0.0 passengers_killed, 0.0 pedestrian_injured, 0.0 pedestrian_killed, Fair (Night), EDSA Baliwag Bus Terminal Quezon City",MMDA Road Safety Unit,,2650fac3-e9f4-43c3-a271-8543f1302ac0,2014-06-14,06:30:00,EDSA fronting Victory Liner Bus Terminak Brgy. Pinahan  Quezon City,0,0,0,0,0,0,0,0,0,0,2014-06-14 14:30,Property,14.6244766,121.0489584,No Collision Stated
None,EDSA,None,None,"No Accident Factor, No Collision Stated (based on Police Blotter Book), 0.0 drivers_injured, 0.0 drivers_killed, 0.0 passengers_injured, 0.0 passengers_killed, 0.0 pedestrian_injured, 0.0 pedestrian_killed, Fair (Night), EDSA Quezon Ave. Quezon City",MMDA Road Safety Unit,,22e01c18-76c0-46b0-ae89-649d9eddab98,2014-06-13,06:30:00,EDSA New York Street Cubao  Quezon City,0,0,0,0,0,0,0,0,0,0,2014-06-13 14:30,Property,14.6442444,121.0375839,No Collision Stated
None,EDSA,None,None,"No Accident Factor, No Collision Stated (based on Police Blotter Book), 0.0 drivers_injured, 0.0 drivers_killed, 0.0 passengers_injured, 0.0 passengers_killed, 0.0 pedestrian_injured, 0.0 pedestrian_killed, Fair (Night), EDSA P. Tuazon St. Bgy. Socorro Quezon City",MMDA Road Safety Unit,,34a8a2b3-1d50-4584-842a-d36817d3442a,2014-06-12,21:30:00,EDSA Congressional Avenue Bahay Toro  Quezon City,0,0,0,0,0,0,0,0,0,0,2014-06-13 5:30,Property,14.61656342,121.0525225,No Collision Stated
None,EDSA,None,None,"No Accident Factor, Side Swipe, 0.0 drivers_injured, 0.0 drivers_killed, 0.0 passengers_injured, 0.0 passengers_killed, 0.0 pedestrian_injured, 0.0 pedestrian_killed, Fair (Night), EDSA East Ave. Quezon City",MMDA Road Safety Unit,,e24bcff9-7940-4c53-9f7d-4f8b8b3ab8da,2014-06-11,12:10:00,EDSA before E. Garcia St. Bgy. Pinagkaisahan  Quezon City,0,0,0,0,0,0,0,0,0,0,2014-06-11 20:10,Property,14.6328297,121.0451176,Side Swipe
None,EDSA,None,None,"No Accident Factor, Rear-end, 0.0 drivers_injured, 0.0 drivers_killed, 0.0 passengers_injured, 0.0 passengers_killed, 0.0 pedestrian_injured, 0.0 pedestrian_killed, Fair (Day), EDSA Mother Ignacia St.  Quezon City",MMDA Road Safety Unit,,3ad428c9-7cc9-42db-863b-2a3103b3b42f,2014-06-11,07:30:00,EDSA Aurora Blvd.  Quezon City,0,0,0,0,0,0,0,0,0,0,2014-06-11 15:30,Property,14.64220321,121.0386692,Rear-End
None,EDSA,None,None,"No Accident Factor, No Collision Stated (based on Police Blotter Book), 0.0 drivers_injured, 0.0 drivers_killed, 0.0 passengers_injured, 0.0 passengers_killed, 0.0 pedestrian_injured, 0.0 pedestrian_killed, Fair (Day), EDSA Kainigin Road Bgy. A. Samson  Quezon City",MMDA Road Safety Unit,,7f48ca76-a299-4a68-a1df-dc5ba0275676,2014-06-11,06:00:00,EDSA fronting Baliuag Transit Bus Terminal  Quezon City,0,0,0,0,0,0,0,0,0,0,2014-06-11 14:00,Property,14.65746493,121.0109963,No Collision Stated