LOCATION_TEXT,ROAD,WEATHER,LIGHT,DESC,REPORTING_AGENCY,MAIN_CAUSE,INCIDENTDETAILS_ID,DATE_UTC,TIME_UTC,ADDRESS,killed_driver,killed_passenger,killed_pedestrian,injured_driver,injured_passenger,injured_pedestrian,killed_uncategorized,injured_uncategorized,killed_total,injured_total,DATETIME_PST,SEVERITY,Y,X,COLLISION_TYPE
None,EDSA,None,None,"No Accident Factor, No Collision Stated (based on Police Blotter Book), 0.0 drivers_injured, 0.0 drivers_killed, 0.0 passengers_injured, 0.0 passengers_killed, 0.0 pedestrian_injured, 0.0 pedestrian_killed, Fair (Day), EDSA Puregold Bgy. Apolonio Samson  Quezon City",MMDA Road Safety Unit,,e7831c25-caad-4dde-bc8c-f15064d59b8b,2014-06-11,02:30:00,EDSA Front of Building #901 Quezon City Quezon City,0,0,0,0,0,0,0,0,0,0,2014-06-11 10:30,Property,14.65739538,121.0046638,No Collision Stated
None,EDSA,None,None,"No Accident Factor, Rear-end, 0.0 drivers_injured, 0.0 drivers_killed, 0.0 passengers_injured, 0.0 passengers_killed, 0.0 pedestrian_injured, 0.0 pedestrian_killed, Fair (Day), EDSA fronting Baliwag Transit Bus Terminal, Bgy. E. Rodriguez Quezon City",MMDA Road Safety Unit,,eb6267b2-0afb-4c5d-8409-23e1621fb907,2014-06-10,05:40:00,EDSA E. Lopez St.  Quezon City,0,0,0,0,0,0,0,0,0,0,2014-06-10 13:40,Property,14.62497658,121.0487035,Rear-End
None,EDSA,None,None,"No Accident Factor, Side Swipe, 0.0 drivers_injured, 0.0 drivers_killed, 0.0 passengers_injured, 0.0 passengers_killed, 0.0 pedestrian_injured, 0.0 pedestrian_killed, Fair (Day), EDSA fronting Q-Mart Market, Bgy. E. Rodriguez Quezon City",MMDA Road Safety Unit,,5357e87c-ad71-424e-884b-8eab38da9821,2014-06-10,05:30:00,EDSA North Avenue Brgy Philam Quezon City,0,0,0,0,0,0,0,0,0,0,2014-06-10 13:30,Property,14.62803883,121.0472622,Side Swipe
None,EDSA,None,None,"No Accident Factor, No Collision Stated (based on Police Blotter Book), 0.0 drivers_injured, 0.0 drivers_killed, 0.0 passengers_injured, 0.0 passengers_killed, 0.0 pedestrian_injured, 0.0 pedestrian_killed, Fair (Day), EDSA Scout Borromeo St. Quezon City",MMDA Road Safety Unit,,220cc662-5da6-43cc-89cc-bcf738dfd258,2014-06-10,02:30:00,EDSA infront of SM Annex U Turn Slot  Brgy Pagasa Quezon City,0,0,0,0,0,0,0,0,0,0,2014-06-10 10:30,Property,14.63715712,121.0419507,No Collision Stated
None,EDSA,None,None,"No Accident Factor, Hit and Run (No Collision Stated), 0.0 drivers_injured, 0.0 drivers_killed, 0.0 passengers_injured, 0.0 passengers_killed, 0.0 pedestrian_injured, 0.0 pedestrian_killed, Fair (Night), EDSA P. Tuazon Blvd. Quezon City",MMDA Road Safety Unit,,a785423e-6f8b-4b09-9ab2-3646977fe8df,2014-06-10,01:40:00,EDSA Quezon Ave. Panay Ave.  Quezon City,0,0,0,0,0,0,0,0,0,0,2014-06-10 9:40,Property,14.61656342,121.0525225,No Collision Stated
None,EDSA,None,None,"No Accident Factor, No Collision Stated (based on Police Blotter Book), 0.0 drivers_injured, 0.0 drivers_killed, 0.0 passengers_injured, 0.0 passengers_killed, 0.0 pedestrian_injured, 0.0 pedestrian_killed, Fair (Night), EDSA Congressional Ave. Quezon City",MMDA Road Safety Unit,,ce7d90bf-e24e-4449-883a-8b392d701504,2014-06-10,01:00:00,EDSA Aurora Boulevard Cubao Quezon City Quezon City,0,0,0,0,0,0,0,0,0,0,2014-06-10 9:00,Property,14.6571804,120.9927185,No Collision Stated
None,EDSA,None,None,"No Accident Factor, Rear-end, 0.0 drivers_injured, 0.0 drivers_killed, 0.0 passengers_injured, 0.0 passengers_killed, 0.0 pedestrian_injured, 0.0 pedestrian_killed, Fair (Night), EDSA Ermin Garcia St. Quezon City",MMDA Road Safety Unit,,06662142-de83-4786-b950-1d5ed3ed3278,2014-06-09,18:00:00,EDSA Corinthian Garden Barangay Ugong Norte Quezon City,0,0,0,0,0,0,0,0,0,0,2014-06-10 2:00,Property,14.62758814,121.047487,Rear-End
None,EDSA,None,None,"No Accident Factor, Rear-end, 0.0 drivers_injured, 0.0 drivers_killed, 0.0 passengers_injured, 0.0 passengers_killed, 0.0 pedestrian_injured, 0.0 pedestrian_killed, Fair (Day), EDSA Kamuning Road  Quezon City",MMDA Road Safety Unit,,8d7d217d-4eb4-4fc7-82c2-5a27bd49f043,2014-06-09,09:45:00,EDSA fronting Bldg 901 Brgy Philam Quezon City,0,0,0,0,0,0,0,0,0,0,2014-06-09 17:45,Property,14.63075725,121.0457548,Rear-End
None,EDSA,None,None,"No Accident Factor, Side Swipe, 0.0 drivers_injured, 0.0 drivers_killed, 0.0 passengers_injured, 0.0 passengers_killed, 0.0 pedestrian_injured, 0.0 pedestrian_killed, Fair (Night), EDSA North Ave. Quezon City",MMDA Road Safety Unit,,2e8b7fbb-b661-47a0-a0e9-0abe1f01983f,2014-06-09,03:00:00,EDSA Ermin Garcia St. Brgy. E. Road Quezon City,0,0,0,0,0,0,0,0,0,0,2014-06-09 11:00,Property,14.65553839,121.0299647,Side Swipe
None,EDSA,None,None,"No Accident Factor, Rear-end, 0.0 drivers_injured, 0.0 drivers_killed, 1.0 passengers_injured, 0.0 passengers_killed, 0.0 pedestrian_injured, 0.0 pedestrian_killed, Fair (Day), EDSA before P. Tuazon St., Bgy. Socorro Quezon City",MMDA Road Safety Unit,,c485cab7-f95c-43b6-b35a-a70277b8c4c5,2014-06-08,02:40:00,EDSA before East Ave.  Quezon City,0,0,0,0,1,0,0,0,0,1,2014-06-08 10:40,Injury,14.61673925,121.0521035,Rear-End
None,EDSA,None,None,"No Accident Factor, No Collision Stated (based on Police Blotter Book), 0.0 drivers_injured, 0.0 drivers_killed, 0.0 passengers_injured, 0.0 passengers_killed, 0.0 pedestrian_injured, 0.0 pedestrian_killed, Fair (Night), EDSA ""U"" turn slot, Trinoma Mall  Quezon City",MMDA Road Safety Unit,,bd49d568-dff1-4647-872e-138ad2187617,2014-06-08,02:05:00,EDSA after New York St. Quezon City,0,0,0,0,0,0,0,0,0,0,2014-06-08 10:05,Property,14.65360193,121.0314064,No Collision Stated
None,EDSA,None,None,"No Accident Factor, Rear-end, 0.0 drivers_injured, 0.0 drivers_killed, 2.0 passengers_injured, 0.0 passengers_killed, 0.0 pedestrian_injured, 0.0 pedestrian_killed, Fair (Day), EDSA fronting Baliwag Bus Terminal, Bgy. E. Rodriguez Quezon City",MMDA Road Safety Unit,,29b688f3-774e-4554-abad-0906b119c6c7,2014-06-07,23:20:00,EDSA MRT Station GMA 7 Kamuning Quezon City,0,0,0,0,2,0,0,0,0,2,2014-06-08 7:20,Injury,14.62497658,121.0487035,Rear-End
None,EDSA,None,None,"No Accident Factor, No Collision Stated (based on Police Blotter Book), 0.0 drivers_injured, 0.0 drivers_killed, 0.0 passengers_injured, 0.0 passengers_killed, 0.0 pedestrian_injured, 0.0 pedestrian_killed, Fair (Night), EDSA Kamias Road  Quezon City",MMDA Road Safety Unit,,996b8217-89cc-4956-9da7-45850c8a5de2,2014-06-07,21:45:00,EDSA P. Tuazon Blvd.  Quezon City,0,0,0,0,0,0,0,0,0,0,2014-06-08 5:45,Property,14.6309142,121.0459376,No Collision Stated
None,EDSA,None,None,"No Accident Factor, No Collision Stated (based on Police Blotter Book), 0.0 drivers_injured, 0.0 drivers_killed, 0.0 passengers_injured, 0.0 passengers_killed, 0.0 pedestrian_injured, 0.0 pedestrian_killed, Fair (Night), EDSA Corregidor St. Quezon City",MMDA Road Safety Unit,,d20aa8c7-52f4-4e6b-83b1-05559bfd4717,2014-06-07,12:00:00,EDSA Panay Ave.  Quezon City,0,0,0,0,0,0,0,0,0,0,2014-06-07 20:00,Property,14.65707679,121.0241648,No Collision Stated
None,EDSA,None,None,"No Accident Factor, Side Swipe, 0.0 drivers_injured, 0.0 drivers_killed, 0.0 passengers_injured, 0.0 passengers_killed, 0.0 pedestrian_injured, 0.0 pedestrian_killed, Fair (Night), EDSA Roosevelt Ave. Quezon City",MMDA Road Safety Unit,,86cabe25-4aea-407a-8f8d-2e86f9dede90,2014-06-07,09:15:00,EDSA corner Aurora Boulevard Cubao Quezon City,0,0,0,0,0,0,0,0,0,0,2014-06-07 17:15,Property,14.65762047,121.0196373,Side Swipe
None,EDSA,None,None,"No Accident Factor, No Collision Stated (based on Police Blotter Book), 0.0 drivers_injured, 0.0 drivers_killed, 0.0 passengers_injured, 0.0 passengers_killed, 0.0 pedestrian_injured, 0.0 pedestrian_killed, Fair (Night), EDSA Quezon Ave. Quezon City",MMDA Road Safety Unit,,9ef161ed-fa02-4d5b-817d-0390f0244ecc,2014-06-06,10:15:00,EDSA corner North Avenue Brgy Pagasa Quezon City,0,0,0,0,0,0,0,0,0,0,2014-06-06 18:15,Property,14.6442444,121.0375839,No Collision Stated
None,EDSA,None,None,"No Accident Factor, No Collision Stated (based on Police Blotter Book), 0.0 drivers_injured, 0.0 drivers_killed, 0.0 passengers_injured, 0.0 passengers_killed, 0.0 pedestrian_injured, 0.0 pedestrian_killed, Fair (Night), EDSA Iglesia ni Kristo, Bgy. Ramon Magsaysay Quezon City",MMDA Road Safety Unit,,d72beb69-ed45-4057-a37f-f01736081143,2014-06-06,07:00:00,EDSA corner North Avenue Quezon City,0,0,0,0,0,0,0,0,0,0,2014-06-06 15:00,Property,14.65752241,121.02219,No Collision Stated
None,EDSA,None,None,"No Accident Factor, Rear-end, 0.0 drivers_injured, 0.0 drivers_killed, 0.0 passengers_injured, 0.0 passengers_killed, 0.0 pedestrian_injured, 0.0 pedestrian_killed, Fair (Day), EDSA Main Ave.  Quezon City",MMDA Road Safety Unit,,1a3cfd17-bead-4fa4-8a9a-6306e6bae927,2014-06-06,06:15:00,"EDSA ""U"" turn slot, Quezon Ave.  Quezon City",0,0,0,0,0,0,0,0,0,0,2014-06-06 14:15,Property,14.61376458,121.0537933,Rear-End
None,EDSA,None,None,"No Accident Factor, No Collision Stated (based on Police Blotter Book), 0.0 drivers_injured, 0.0 drivers_killed, 0.0 passengers_injured, 0.0 passengers_killed, 0.0 pedestrian_injured, 0.0 pedestrian_killed, Fair (Night), EDSA Misamis St. Quezon City",MMDA Road Safety Unit,,8198fd63-874a-4f29-bbbb-952e764fa652,2014-06-06,05:30:00,EDSA Timog Avenue  Quezon City,0,0,0,0,0,0,0,0,0,0,2014-06-06 13:30,Property,14.65602348,121.0285212,No Collision Stated
None,EDSA,None,None,"No Accident Factor, Angle Impact, 0.0 drivers_injured, 0.0 drivers_killed, 0.0 passengers_injured, 0.0 passengers_killed, 0.0 pedestrian_injured, 0.0 pedestrian_killed, Fair (Day), EDSA Kamuning Road - ""U"" turn slot Quezon City",MMDA Road Safety Unit,,c084baa5-895e-4965-8389-7d993c90c6d0,2014-06-06,04:15:00,EDSA Timog Avenue Brgy. Sacred Heart  Quezon City,0,0,0,0,0,0,0,0,0,0,2014-06-06 12:15,Property,14.63138196,121.0455479,Angle Impact
None,EDSA,None,None,"No Accident Factor, Hit and Run (Side Swipe), 0.0 drivers_injured, 0.0 drivers_killed, 0.0 passengers_injured, 0.0 passengers_killed, 0.0 pedestrian_injured, 0.0 pedestrian_killed, Fair (Night), EDSA  ""U"" turn slot, Quezon Ave. Quezon City",MMDA Road Safety Unit,,af3056eb-ea91-44f3-a072-8bc642736937,2014-06-06,04:15:00,EDSA Between Scout Borromeo Street GMA Network Inc.  Quezon City,0,0,0,0,0,0,0,0,0,0,2014-06-06 12:15,Property,14.64513628,121.0368848,Side Swipe
None,EDSA,None,None,"No Accident Factor, Angle Impact, 0.0 drivers_injured, 0.0 drivers_killed, 0.0 passengers_injured, 0.0 passengers_killed, 0.0 pedestrian_injured, 0.0 pedestrian_killed, Fair (Day), EDSA fronting Camp Aguinaldo Quezon City",MMDA Road Safety Unit,,ac4718df-0989-4656-984c-d4b1dfc29a6a,2014-06-06,00:55:00,EDSA fronting Farmers Plaza Brgy Socorro Quezon City,0,0,0,0,0,0,0,0,0,0,2014-06-06 8:55,Property,14.6074566,121.0567511,Angle Impact
None,EDSA,None,None,"No Accident Factor, Side Swipe, 0.0 drivers_injured, 0.0 drivers_killed, 0.0 passengers_injured, 0.0 passengers_killed, 0.0 pedestrian_injured, 0.0 pedestrian_killed, Fair (Night), EDSA Walter Mart Bgy. Veterans Quezon City",MMDA Road Safety Unit,,77297fc1-9610-4df0-bec6-d7b65a383799,2014-06-05,18:45:00,EDSA Front of Jhex Javier Bus Terminal before Kamias Road Quezon City,0,0,0,0,0,0,0,0,0,0,2014-06-06 2:45,Property,14.6574558,121.0213579,Side Swipe
None,EDSA,None,None,"No Accident Factor, Side Swipe, 1.0 drivers_injured, 0.0 drivers_killed, 0.0 passengers_injured, 0.0 passengers_killed, 0.0 pedestrian_injured, 0.0 pedestrian_killed, Fair (Night), EDSA Timog Avenue  - ""U"" turn slot  Quezon City",MMDA Road Safety Unit,,41dabb06-6e93-4922-923c-2b73a1a4e2c7,2014-06-05,13:00:00,EDSA K - 3rd Barangay Kamuning  Quezon City,0,0,0,1,0,0,0,0,0,1,2014-06-05 21:00,Injury,14.63293559,121.0446304,Side Swipe
None,EDSA,None,None,"No Accident Factor, No Collision Stated (based on Police Blotter Book), 0.0 drivers_injured, 0.0 drivers_killed, 0.0 passengers_injured, 0.0 passengers_killed, 0.0 pedestrian_injured, 0.0 pedestrian_killed, Fair (Night), EDSA Alley 1, Bgy. Bahay Toro Quezon City",MMDA Road Safety Unit,,4d27355a-d87a-4e3d-8b81-312af0c607c6,2014-06-04,14:30:00,EDSA before Kamuning Road Quezon City,0,0,0,0,0,0,0,0,0,0,2014-06-04 22:30,Property,14.65759574,121.0218606,No Collision Stated
None,EDSA,None,None,"No Accident Factor, No Collision Stated (based on Police Blotter Book), 0.0 drivers_injured, 0.0 drivers_killed, 0.0 passengers_injured, 0.0 passengers_killed, 0.0 pedestrian_injured, 0.0 pedestrian_killed, Fair (Night), EDSA  ""U"" turn slot, HPI Corporation Center, Bgy. Ramon Magsaysay Quezon City",MMDA Road Safety Unit,,6d106e9c-dc84-4a2f-a923-87f32147155a,2014-06-04,14:00:00,EDSA before Kamuning Road Quezon City,0,0,0,0,0,0,0,0,0,0,2014-06-04 22:00,Property,14.65735708,121.0226839,No Collision Stated
None,EDSA,None,None,"No Accident Factor, Side Swipe, 0.0 drivers_injured, 0.0 drivers_killed, 0.0 passengers_injured, 0.0 passengers_killed, 0.0 pedestrian_injured, 0.0 pedestrian_killed, Fair (Day), EDSA Congressional Ave.  Quezon City",MMDA Road Safety Unit,,21b97cbf-baa3-436b-ae0f-bc3e82fa08d8,2014-06-04,07:15:00,EDSA before Victory Liner Bus Terminal Barangay E. Rodriguez   Quezon City,0,0,0,0,0,0,0,0,0,0,2014-06-04 15:15,Property,14.6571804,120.9927185,Side Swipe
None,EDSA,None,None,"No Accident Factor, No Collision Stated (based on Police Blotter Book), 1.0 drivers_injured, 0.0 drivers_killed, 0.0 passengers_injured, 0.0 passengers_killed, 0.0 pedestrian_injured, 0.0 pedestrian_killed, Fair (Night), EDSA Misamis St. Quezon City",MMDA Road Safety Unit,,c78a9941-7f8c-4e27-bd15-1b82fb34dd69,2014-06-04,05:50:00,EDSA corner West Avenue Quezon City,0,0,0,1,0,0,0,0,0,1,2014-06-04 13:50,Injury,14.65602348,121.0285212,No Collision Stated
None,EDSA,None,None,"No Accident Factor, No Collision Stated (based on Police Blotter Book), 0.0 drivers_injured, 0.0 drivers_killed, 0.0 passengers_injured, 0.0 passengers_killed, 0.0 pedestrian_injured, 0.0 pedestrian_killed, Fair (Night), EDSA Misamis St. Quezon City",MMDA Road Safety Unit,,6cce8f0d-2638-48a6-980d-62841a13ff78,2014-06-04,02:30:00,EDSA MMDA Loading Bay before Ermin Garcia Street Barangay Pinagkaisahan Quezon City,0,0,0,0,0,0,0,0,0,0,2014-06-04 10:30,Property,14.65602348,121.0285212,No Collision Stated
None,EDSA,None,None,"No Accident Factor, No Collision Stated (based on Police Blotter Book), 1.0 drivers_injured, 0.0 drivers_killed, 0.0 passengers_injured, 0.0 passengers_killed, 0.0 pedestrian_injured, 0.0 pedestrian_killed, Fair (Day), EDSA Ermin Garcia Street Quezon City",MMDA Road Safety Unit,,d76f812b-a4fd-492d-ba6c-17f5bbff7d7e,2014-06-04,01:35:00,EDSA Front of Farmers Plaza Barangay Socorro Quezon City,0,0,0,1,0,0,0,0,0,1,2014-06-04 9:35,Injury,14.62758814,121.047487,No Collision Stated
None,EDSA,None,None,"No Accident Factor, Side Swipe, 0.0 drivers_injured, 0.0 drivers_killed, 0.0 passengers_injured, 0.0 passengers_killed, 0.0 pedestrian_injured, 0.0 pedestrian_killed, Fair (Day), EDSA ""U"" turn slot - Camp Crame Quezon City",MMDA Road Safety Unit,,ddcf9803-6a95-43e9-95e6-3206b130df7d,2014-06-04,00:45:00,EDSA Ermin Garcia Street Barangay Pinagkaisahan Quezon City,0,0,0,0,0,0,0,0,0,0,2014-06-04 8:45,Property,14.61039838,121.0552704,Side Swipe
None,EDSA,None,None,"No Accident Factor, No Collision Stated (based on Police Blotter Book), 1.0 drivers_injured, 0.0 drivers_killed, 0.0 passengers_injured, 0.0 passengers_killed, 0.0 pedestrian_injured, 0.0 pedestrian_killed, Fair (Day), EDSA near West Avenue Brgy Bungad Quezon City",MMDA Road Safety Unit,,b2e6979c-8ea8-41d1-8c41-439d4c0f213a,2014-06-03,23:20:00,EDSA EDSA - Santolan Metro Rail Transit Station Quezon City,0,0,0,1,0,0,0,0,0,1,2014-06-04 7:20,Injury,14.65553839,121.0299647,No Collision Stated
None,EDSA,None,None,"No Accident Factor, No Collision Stated (based on Police Blotter Book), 0.0 drivers_injured, 0.0 drivers_killed, 0.0 passengers_injured, 0.0 passengers_killed, 0.0 pedestrian_injured, 0.0 pedestrian_killed, Fair (Night), EDSA Banahaw Street Barangay San Martin de Porres Quezon City",MMDA Road Safety Unit,,65f11f0c-708e-4158-a561-2daf8f9b0756,2014-06-03,19:00:00,EDSA Kamias Road Barangay West Kamias Quezon City,0,0,0,0,0,0,0,0,0,0,2014-06-04 3:00,Property,14.61797303,121.0516572,No Collision Stated
None,EDSA,None,None,"No Accident Factor, No Collision Stated (based on Police Blotter Book), 0.0 drivers_injured, 0.0 drivers_killed, 0.0 passengers_injured, 0.0 passengers_killed, 0.0 pedestrian_injured, 0.0 pedestrian_killed, Fair (Night), EDSA Quezon Ave. Quezon City",MMDA Road Safety Unit,,26e88a3e-8135-4a55-9083-b6bbff80ab9b,2014-06-03,13:00:00,EDSA before Kamuning Road Quezon City,0,0,0,0,0,0,0,0,0,0,2014-06-03 21:00,Property,14.6442444,121.0375839,No Collision Stated
None,EDSA,None,None,"No Accident Factor, Rear-end, 0.0 drivers_injured, 0.0 drivers_killed, 0.0 passengers_injured, 0.0 passengers_killed, 0.0 pedestrian_injured, 0.0 pedestrian_killed, Fair (Night), EDSA Victory Liner Bus Terminal Cubao East Ave. Bgy. Pinahan  Quezon City",MMDA Road Safety Unit,,b1836247-f03a-402e-abd9-90e36d9b859a,2014-06-03,10:35:00,EDSA P. Tuazon Boulevard Barangay Socorro Quezon City,0,0,0,0,0,0,0,0,0,0,2014-06-03 18:35,Property,14.63209398,121.0454876,Rear-End
None,EDSA,None,None,"No Accident Factor, No Collision Stated (based on Police Blotter Book), 0.0 drivers_injured, 0.0 drivers_killed, 0.0 passengers_injured, 0.0 passengers_killed, 0.0 pedestrian_injured, 0.0 pedestrian_killed, Fair (Night), EDSA Santolan MRT Station (SB) Quezon City",MMDA Road Safety Unit,,db05e919-e45c-4455-a78e-67f0cb2ff4a7,2014-06-02,23:30:00,EDSA Front of Q-Mart Barangay E. Rodriguez  Quezon City,0,0,0,0,0,0,0,0,0,0,2014-06-03 7:30,Property,14.60773988,121.0564577,No Collision Stated
None,EDSA,None,None,"No Accident Factor, No Collision Stated (based on Police Blotter Book), 0.0 drivers_injured, 0.0 drivers_killed, 1.0 passengers_injured, 0.0 passengers_killed, 0.0 pedestrian_injured, 0.0 pedestrian_killed, Fair (Night), EDSA Fema Road Bahay Toro Quezon City",MMDA Road Safety Unit,,9b0b3fab-7df8-4cef-a439-d924b5b662f3,2014-06-02,14:00:00,EDSA South Road Quezon City,0,0,0,0,1,0,0,0,0,1,2014-06-02 22:00,Injury,14.65776837,121.0159521,No Collision Stated
None,EDSA,None,None,"No Accident Factor, No Collision Stated (based on Police Blotter Book), 0.0 drivers_injured, 0.0 drivers_killed, 0.0 passengers_injured, 0.0 passengers_killed, 0.0 pedestrian_injured, 0.0 pedestrian_killed, Fair (Night), EDSA  P. Tuazon blvd. Quezon City",MMDA Road Safety Unit,,b90c1759-0f24-40ea-badb-2ce77db3a507,2014-06-02,08:00:00,EDSA Front of Nepa Q- Mart Barangay E. Rodriguez  Quezon City,0,0,0,0,0,0,0,0,0,0,2014-06-02 16:00,Property,14.61637,121.0522664,No Collision Stated
None,EDSA,None,None,"No Accident Factor, Side Swipe, 0.0 drivers_injured, 0.0 drivers_killed, 0.0 passengers_injured, 0.0 passengers_killed, 0.0 pedestrian_injured, 0.0 pedestrian_killed, Fair (Day), EDSA Five Star Bus Terminal Cubao  Quezon City",MMDA Road Safety Unit,,115551fc-30ba-4794-b72c-4fcfcb7483fe,2014-06-01,09:55:00,EDSA Eton Centris Driveway Quezon Avenue Quezon City,0,0,0,0,0,0,0,0,0,0,2014-06-01 17:55,Property,14.62375691,121.0492447,Side Swipe
None,EDSA,None,None,"No Accident Factor, No Collision Stated (based on Police Blotter Book), 0.0 drivers_injured, 0.0 drivers_killed, 0.0 passengers_injured, 0.0 passengers_killed, 0.0 pedestrian_injured, 0.0 pedestrian_killed, Fair (Day), EDSA ""u"" turn slot Trinoma  Quezon City",MMDA Road Safety Unit,,673755c8-f453-466e-b702-d03a161b6ba0,2014-06-01,05:30:00,"EDSA North Ave., Brgy Bagong Pagasa Quezon City",0,0,0,0,0,0,0,0,0,0,2014-06-01 13:30,Property,14.65361867,121.0314063,No Collision Stated
None,EDSA,None,None,"No Accident Factor, No Collision Stated (based on Police Blotter Book), 0.0 drivers_injured, 0.0 drivers_killed, 0.0 passengers_injured, 0.0 passengers_killed, 0.0 pedestrian_injured, 0.0 pedestrian_killed, Fair (Night), EDSA Main Ave. Quezon City",MMDA Road Safety Unit,,f780689b-b980-4b82-bd89-e91ae54c838b,2014-06-01,04:05:00,EDSA New York Street Barangay E. Rodriguez Cubao Quezon City,0,0,0,0,0,0,0,0,0,0,2014-06-01 12:05,Property,14.61376458,121.0537933,No Collision Stated
None,EDSA,None,None,"No Accident Factor, No Collision Stated (based on Police Blotter Book), 0.0 drivers_injured, 0.0 drivers_killed, 0.0 passengers_injured, 0.0 passengers_killed, 0.0 pedestrian_injured, 0.0 pedestrian_killed, Fair (Night), EDSA New York St. Quezon City",MMDA Road Safety Unit,,9fb04f27-0f14-4a76-b6a5-024d5f93451b,2014-05-31,20:55:00,EDSA Front of Hypermarket Barangay Socorro Cubao  Quezon City,0,0,0,0,0,0,0,0,0,0,2014-06-01 4:55,Property,14.62568514,121.0482307,No Collision Stated
None,EDSA,None,None,"No Accident Factor, No Collision Stated (based on Police Blotter Book), 0.0 drivers_injured, 0.0 drivers_killed, 0.0 passengers_injured, 0.0 passengers_killed, 0.0 pedestrian_injured, 0.0 pedestrian_killed, Fair (Night), EDSA Arayat St. Quezon City",MMDA Road Safety Unit,,4257aca4-cc22-4920-ac88-ddf5fb9fbf70,2014-05-31,07:30:00,EDSA Front of Liberty Stone Supply Barangay Socorro Quezon City,0,0,0,0,0,0,0,0,0,0,2014-05-31 15:30,Property,14.61961124,121.0508602,No Collision Stated
None,EDSA,None,None,"No Accident Factor, No Collision Stated (based on Police Blotter Book), 0.0 drivers_injured, 0.0 drivers_killed, 0.0 passengers_injured, 0.0 passengers_killed, 0.0 pedestrian_injured, 0.0 pedestrian_killed, Fair (Night), EDSA Kamuning Road Quezon City",MMDA Road Safety Unit,,92907ea2-a543-4071-a891-7fd2093aa307,2014-05-31,06:00:00,EDSA General Roxas Avenue Quezon City,0,0,0,0,0,0,0,0,0,0,2014-05-31 14:00,Property,14.63075725,121.0457548,No Collision Stated
None,EDSA,None,None,"No Accident Factor, Side Swipe, 0.0 drivers_injured, 0.0 drivers_killed, 0.0 passengers_injured, 0.0 passengers_killed, 0.0 pedestrian_injured, 0.0 pedestrian_killed, Fair (Day), EDSA New York St. Bgy. E. Rodriguez Quezon City",MMDA Road Safety Unit,,d7d2d5b2-22f7-4693-a1d9-55d6d3d91095,2014-05-31,06:00:00,EDSA Kamuning Road Quezon City Quezon City,0,0,0,0,0,0,0,0,0,0,2014-05-31 14:00,Property,14.62568514,121.0482307,Side Swipe
None,EDSA,None,None,"No Accident Factor, Side Swipe, 0.0 drivers_injured, 0.0 drivers_killed, 0.0 passengers_injured, 0.0 passengers_killed, 0.0 pedestrian_injured, 0.0 pedestrian_killed, Fair (Day), EDSA P. Tuazon Blvd. Quezon City",MMDA Road Safety Unit,,0a4500da-7d18-4c84-b733-0615d9d6b95d,2014-05-31,03:45:00,EDSA Front of Nepa Q- Mart Barangay West Kamias  Quezon City,0,0,0,0,0,0,0,0,0,0,2014-05-31 11:45,Property,14.61656342,121.0525225,Side Swipe
None,EDSA,None,None,"No Accident Factor, No Collision Stated (based on Police Blotter Book), 0.0 drivers_injured, 0.0 drivers_killed, 0.0 passengers_injured, 0.0 passengers_killed, 0.0 pedestrian_injured, 0.0 pedestrian_killed, Fair (Night), EDSA Kamias Road Quezon City",MMDA Road Safety Unit,,ab0affcd-6290-49a2-ac3c-e7d20a76dab0,2014-05-30,14:00:00,EDSA Ermin Garcia Street Cubao Quezon City Quezon City,0,0,0,0,0,0,0,0,0,0,2014-05-30 22:00,Property,14.6309142,121.0459376,No Collision Stated
None,EDSA,None,None,"No Accident Factor, No Collision Stated (based on Police Blotter Book), 0.0 drivers_injured, 0.0 drivers_killed, 0.0 passengers_injured, 0.0 passengers_killed, 0.0 pedestrian_injured, 0.0 pedestrian_killed, Fair (Night), EDSA ""u"" turn slot Trinoma Mall West Avenue  Quezon City",MMDA Road Safety Unit,,bc9a3a64-20ea-486e-84df-919a80a20a51,2014-05-30,14:00:00,EDSA Quezon Avenue Quezon City,0,0,0,0,0,0,0,0,0,0,2014-05-30 22:00,Property,14.65361867,121.0314063,No Collision Stated
None,EDSA,None,None,"No Accident Factor, No Collision Stated (based on Police Blotter Book), 0.0 drivers_injured, 0.0 drivers_killed, 0.0 passengers_injured, 0.0 passengers_killed, 0.0 pedestrian_injured, 0.0 pedestrian_killed, Fair (Night), EDSA ""U"" turn slot, Kamuning Quezon City",MMDA Road Safety Unit,,44f2752e-7d4e-4306-bf57-080bdec6bbe7,2014-05-30,12:05:00,EDSA Front of Farmers Market Barangay Socorro Quezon City,0,0,0,0,0,0,0,0,0,0,2014-05-30 20:05,Property,14.63181767,121.0453279,No Collision Stated