LOCATION_TEXT,ROAD,WEATHER,LIGHT,DESC,REPORTING_AGENCY,MAIN_CAUSE,INCIDENTDETAILS_ID,DATE_UTC,TIME_UTC,ADDRESS,killed_driver,killed_passenger,killed_pedestrian,injured_driver,injured_passenger,injured_pedestrian,killed_uncategorized,injured_uncategorized,killed_total,injured_total,DATETIME_PST,SEVERITY,Y,X,COLLISION_TYPE
None,EDSA,None,None,"No Accident Factor, Rear-end, 0.0 drivers_injured, 0.0 drivers_killed, 0.0 passengers_injured, 0.0 passengers_killed, 0.0 pedestrian_injured, 0.0 pedestrian_killed, Fair (Day), EDSA Camp Aguinaldo  Quezon City",MMDA Road Safety Unit,,ef612beb-1256-4a38-8137-51f236e31865,2014-05-30,09:45:00,EDSA K-3rd Street Barangay Kamuning  Quezon City,0,0,0,0,0,0,0,0,0,0,2014-05-30 17:45,Property,14.60740524,121.0567577,Rear-End
None,EDSA,None,None,"No Accident Factor, Side Swipe, 0.0 drivers_injured, 0.0 drivers_killed, 0.0 passengers_injured, 0.0 passengers_killed, 0.0 pedestrian_injured, 0.0 pedestrian_killed, Fair (Day), EDSA P. Tuazon Blvd. Quezon City",MMDA Road Safety Unit,,751f5007-dbaf-4b92-880b-857c89781e98,2014-05-30,03:05:00,EDSA Ermin Garcia Street Cubao Quezon City Quezon City,0,0,0,0,0,0,0,0,0,0,2014-05-30 11:05,Property,14.61656342,121.0525225,Side Swipe
None,EDSA,None,None,"No Accident Factor, No Collision Stated (based on Police Blotter Book), 0.0 drivers_injured, 0.0 drivers_killed, 0.0 passengers_injured, 0.0 passengers_killed, 0.0 pedestrian_injured, 0.0 pedestrian_killed, Fair (Night), EDSA Aurora Blvd. Quezon City",MMDA Road Safety Unit,,e86f95ba-0d80-4910-b759-c996589e1872,2014-05-29,12:05:00,EDSA Timog Avenue - GMA7 Quezon City,0,0,0,0,0,0,0,0,0,0,2014-05-29 20:05,Property,14.62163653,121.0501573,No Collision Stated
None,EDSA,None,None,"No Accident Factor, No Collision Stated (based on Police Blotter Book), 0.0 drivers_injured, 0.0 drivers_killed, 0.0 passengers_injured, 0.0 passengers_killed, 0.0 pedestrian_injured, 0.0 pedestrian_killed, Fair (Night), EDSA Cloverleaf (NB) Brgy. Balingasa Quezon City",MMDA Road Safety Unit,,5293afdd-25d0-41d4-8a95-59b6e9dbc23b,2014-05-28,15:20:00,EDSA GMA7 Network Barangay South Triangle Quezon City,0,0,0,0,0,0,0,0,0,0,2014-05-28 23:20,Property,14.65742064,121.0008939,No Collision Stated
None,EDSA,None,None,"No Accident Factor, No Collision Stated (based on Police Blotter Book), 0.0 drivers_injured, 0.0 drivers_killed, 0.0 passengers_injured, 0.0 passengers_killed, 0.0 pedestrian_injured, 0.0 pedestrian_killed, Fair (Night), EDSA ""U"" turn slot, Santolan Quezon City",MMDA Road Safety Unit,,4808506d-7233-4f11-b71e-b6c938cb4983,2014-05-28,14:25:00,EDSA Quezon Avenue  Quezon City,0,0,0,0,0,0,0,0,0,0,2014-05-28 22:25,Property,14.61042385,121.0553144,No Collision Stated
None,EDSA,None,None,"No Accident Factor, No Collision Stated (based on Police Blotter Book), 0.0 drivers_injured, 0.0 drivers_killed, 0.0 passengers_injured, 0.0 passengers_killed, 0.0 pedestrian_injured, 0.0 pedestrian_killed, Fair (Night), EDSA Panay Ave. Quezon City",MMDA Road Safety Unit,,81141084-1158-48be-8aad-aea87930a50d,2014-05-28,05:00:00,EDSA fronting Victory Liner Terminal Quezon City,0,0,0,0,0,0,0,0,0,0,2014-05-28 13:00,Property,14.64294686,121.0381076,No Collision Stated
None,EDSA,None,None,"No Accident Factor, No Collision Stated (based on Police Blotter Book), 0.0 drivers_injured, 0.0 drivers_killed, 0.0 passengers_injured, 0.0 passengers_killed, 0.0 pedestrian_injured, 0.0 pedestrian_killed, Fair (Night), EDSA Arayat St. Quezon City",MMDA Road Safety Unit,,4eb223cb-efeb-4f27-8727-c3ab41e0fdaf,2014-05-28,04:30:00,EDSA between Scout Borromeo / GMA Drive before GMA Kamuning  Quezon City,0,0,0,0,0,0,0,0,0,0,2014-05-28 12:30,Property,14.61961124,121.0508602,No Collision Stated
None,EDSA,None,None,"No Accident Factor, No Collision Stated (based on Police Blotter Book), 0.0 drivers_injured, 0.0 drivers_killed, 0.0 passengers_injured, 0.0 passengers_killed, 0.0 pedestrian_injured, 0.0 pedestrian_killed, Fair (Night), EDSA before Monte De Piedad Street  Quezon City",MMDA Road Safety Unit,,a3c8036a-065c-4407-abd7-53dea05921ca,2014-05-27,12:35:00,"EDSA fronting Baliwag Bus Terminal, Bgy. E. Rodriguez Quezon City",0,0,0,0,0,0,0,0,0,0,2014-05-27 20:35,Property,14.62365918,121.0489951,No Collision Stated
None,EDSA,None,None,"No Accident Factor, Angle Impact, 0.0 drivers_injured, 0.0 drivers_killed, 0.0 passengers_injured, 0.0 passengers_killed, 0.0 pedestrian_injured, 0.0 pedestrian_killed, Fair (Night), EDSA  East Ave. Quezon City",MMDA Road Safety Unit,,c51ae0f6-2a42-46cd-b730-ab47ad7c343f,2014-05-26,15:00:00,EDSA SM Annex - Exit Gate Barangay Santo Cristo  Quezon City,0,0,0,0,0,0,0,0,0,0,2014-05-26 23:00,Property,14.63327083,121.0446889,Angle Impact
None,EDSA,None,None,"No Accident Factor, No Collision Stated (based on Police Blotter Book), 0.0 drivers_injured, 0.0 drivers_killed, 0.0 passengers_injured, 0.0 passengers_killed, 0.0 pedestrian_injured, 0.0 pedestrian_killed, Fair (Day), EDSA Timog ""U"" turn slot  Quezon City",MMDA Road Safety Unit,,e6bdf0cc-053e-45bb-beea-994056cdef15,2014-05-26,09:00:00,"EDSA OP/UP Balintwak, Brgy Apolonio Samson Quezon City",0,0,0,0,0,0,0,0,0,0,2014-05-26 17:00,Property,14.63293559,121.0446304,No Collision Stated
None,EDSA,None,None,"No Accident Factor, No Collision Stated (based on Police Blotter Book), 0.0 drivers_injured, 0.0 drivers_killed, 0.0 passengers_injured, 0.0 passengers_killed, 0.0 pedestrian_injured, 0.0 pedestrian_killed, Fair (Day), EDSA Main Avenue  Quezon City",MMDA Road Safety Unit,,124f1f5f-28fc-4399-bcda-85dba48ec33d,2014-05-26,06:30:00,EDSA Corinthians Garden Bgy.Ugong Norte Quezon City,0,0,0,0,0,0,0,0,0,0,2014-05-26 14:30,Property,14.61376458,121.0537933,No Collision Stated
None,EDSA,None,None,"No Accident Factor, No Collision Stated (based on Police Blotter Book), 0.0 drivers_injured, 0.0 drivers_killed, 0.0 passengers_injured, 0.0 passengers_killed, 0.0 pedestrian_injured, 0.0 pedestrian_killed, Fair (Night), EDSA Kamias Road Quezon City",MMDA Road Safety Unit,,4b35b0af-9baf-4ed3-a017-a366b02ab0d9,2014-05-26,02:00:00,EDSA infront of Balintawak Market Quezon City,0,0,0,0,0,0,0,0,0,0,2014-05-26 10:00,Property,14.6309142,121.0459376,No Collision Stated
None,EDSA,None,None,"No Accident Factor, No Collision Stated (based on Police Blotter Book), 0.0 drivers_injured, 0.0 drivers_killed, 0.0 passengers_injured, 0.0 passengers_killed, 0.0 pedestrian_injured, 0.0 pedestrian_killed, Fair (Night), EDSA  Kamuning Road Quezon City",MMDA Road Safety Unit,,c6a1b852-f492-4996-ad9c-24c3fceb207a,2014-05-25,14:00:00,EDSA Whiteplains Bgy.Ugong Norte Quezon City,0,0,0,0,0,0,0,0,0,0,2014-05-25 22:00,Property,14.63094996,121.045925,No Collision Stated
None,EDSA,None,None,"No Accident Factor, No Collision Stated (based on Police Blotter Book), 1.0 drivers_injured, 0.0 drivers_killed, 0.0 passengers_injured, 0.0 passengers_killed, 0.0 pedestrian_injured, 0.0 pedestrian_killed, Fair (Day), EDSA K-3rd Street Brgy. Kamuning  Quezon City",MMDA Road Safety Unit,,822956ae-8a6e-4f57-a209-a0092e83b686,2014-05-24,02:30:00,EDSA before Camp Aguinaldo Bgy.Socorro Quezon City,0,0,0,1,0,0,0,0,0,1,2014-05-24 10:30,Injury,14.62942357,121.0463854,No Collision Stated
None,EDSA,None,None,"No Accident Factor, No Collision Stated (based on Police Blotter Book), 0.0 drivers_injured, 0.0 drivers_killed, 0.0 passengers_injured, 0.0 passengers_killed, 0.0 pedestrian_injured, 0.0 pedestrian_killed, Fair (Night), EDSA New York Street Brgy. Pinagkaisahan  Quezon City",MMDA Road Safety Unit,,37ec587d-ba27-41a5-8ea0-8df70f886354,2014-05-23,18:00:00,EDSA North Avenue Barangay Bagong Pag-Asa Quezon City,0,0,0,0,0,0,0,0,0,0,2014-05-24 2:00,Property,14.62568514,121.0482307,No Collision Stated
None,EDSA,None,None,"No Accident Factor, No Collision Stated (based on Police Blotter Book), 0.0 drivers_injured, 0.0 drivers_killed, 0.0 passengers_injured, 0.0 passengers_killed, 0.0 pedestrian_injured, 0.0 pedestrian_killed, Fair (Night), EDSA E. Garcia Street Q Mart  Quezon City",MMDA Road Safety Unit,,d789db4c-ffda-4022-888b-21d3c7d6f105,2014-05-23,12:20:00,EDSA Paramount Quezon City,0,0,0,0,0,0,0,0,0,0,2014-05-23 20:20,Property,14.62742033,121.0475769,No Collision Stated
None,EDSA,None,None,"No Accident Factor, No Collision Stated (based on Police Blotter Book), 0.0 drivers_injured, 0.0 drivers_killed, 0.0 passengers_injured, 0.0 passengers_killed, 0.0 pedestrian_injured, 0.0 pedestrian_killed, Fair (Night), EDSA Kamias Road Quezon City",MMDA Road Safety Unit,,d2cc22f4-6826-4f0a-9fd3-843250bf2061,2014-05-23,11:00:00,EDSA Front of Victory Liner Bus Terminal Cubao Quezon City Quezon City,0,0,0,0,0,0,0,0,0,0,2014-05-23 19:00,Property,14.6309142,121.0459376,No Collision Stated
None,EDSA,None,None,"No Accident Factor, No Collision Stated (based on Police Blotter Book), 0.0 drivers_injured, 0.0 drivers_killed, 0.0 passengers_injured, 0.0 passengers_killed, 0.0 pedestrian_injured, 0.0 pedestrian_killed, Fair (Night), EDSA Scout Borromeo Street Brgy. South Triangle Quezon City",MMDA Road Safety Unit,,85feae33-15f7-40fe-bdbe-d3bcbd5281db,2014-05-22,12:30:00,"EDSA K-10th St., fronting Mercury drug store Bgy.West Kamias Quezon City",0,0,0,0,0,0,0,0,0,0,2014-05-22 20:30,Property,14.63715712,121.0419507,Angle Impact
None,EDSA,None,None,"No Accident Factor, No Collision Stated (based on Police Blotter Book), 0.0 drivers_injured, 0.0 drivers_killed, 1.0 passengers_injured, 0.0 passengers_killed, 0.0 pedestrian_injured, 0.0 pedestrian_killed, Fair (Night), EDSA Cloverleaf Market Brgy. Balingasa Quezon City",MMDA Road Safety Unit,,f95713b8-2d9d-48a9-9742-7d3761f3b541,2014-05-21,15:25:00,EDSA Arayat Street Barangay SMDP Quezon City,0,0,0,0,1,0,0,0,0,1,2014-05-21 23:25,Injury,14.6575213,121.0010654,No Collision Stated
None,EDSA,None,None,"No Accident Factor, No Collision Stated (based on Police Blotter Book), 0.0 drivers_injured, 0.0 drivers_killed, 0.0 passengers_injured, 0.0 passengers_killed, 0.0 pedestrian_injured, 0.0 pedestrian_killed, Fair (Day), EDSA North Ave. Quezon City",MMDA Road Safety Unit,,17e91c9a-79f2-4e3d-a053-202ff93d1688,2014-05-21,06:20:00,"EDSA before Oliveros St., Brgy Apolonio Samson Quezon City",0,0,0,0,0,0,0,0,0,0,2014-05-21 14:20,Property,14.65553839,121.0299647,No Collision Stated
None,EDSA,None,None,"No Accident Factor, No Collision Stated (based on Police Blotter Book), 1.0 drivers_injured, 0.0 drivers_killed, 0.0 passengers_injured, 0.0 passengers_killed, 0.0 pedestrian_injured, 0.0 pedestrian_killed, Fair (Day), EDSA Main Avenue Brgy. Bagng Lipu Quezon City",MMDA Road Safety Unit,,72c64701-e7bb-4f1d-8eab-903103684008,2014-05-21,03:30:00,EDSA fronting Balintawak Public Market Brgy Apolonio Samson Quezon City,0,0,0,1,0,0,0,0,0,1,2014-05-21 11:30,Injury,14.61376458,121.0537933,No Collision Stated
None,EDSA,None,None,"No Accident Factor, Rear-end, 0.0 drivers_injured, 0.0 drivers_killed, 0.0 passengers_injured, 0.0 passengers_killed, 0.0 pedestrian_injured, 0.0 pedestrian_killed, Fair (Night), EDSA B. Serrano Avenue Quezon City",MMDA Road Safety Unit,,1f5fc1bc-0870-41cd-a42b-766667c4fab5,2014-05-20,21:30:00,EDSA MRT North Station Barangay Philam  Quezon City,0,0,0,0,0,0,0,0,0,0,2014-05-21 5:30,Property,14.61096685,121.0551991,Rear-End
None,EDSA,None,None,"No Accident Factor, No Collision Stated (based on Police Blotter Book), 0.0 drivers_injured, 0.0 drivers_killed, 0.0 passengers_injured, 0.0 passengers_killed, 0.0 pedestrian_injured, 0.0 pedestrian_killed, Fair (Day), EDSA B. Serrano Avenue Quezon City",MMDA Road Safety Unit,,734d99dd-8eef-4a5d-8db4-20c6254645f7,2014-05-20,01:30:00,EDSA Front of Five Star Bus Terminal Barangay E. Rodriguez  Quezon City,0,0,0,0,0,0,0,0,0,0,2014-05-20 9:30,Property,14.61096685,121.0551991,No Collision Stated
None,EDSA,None,None,"No Accident Factor, No Collision Stated (based on Police Blotter Book), 0.0 drivers_injured, 0.0 drivers_killed, 0.0 passengers_injured, 0.0 passengers_killed, 0.0 pedestrian_injured, 0.0 pedestrian_killed, Fair (Day), EDSA beneath Metro Rail Transit (MRT) Santolan  Quezon City",MMDA Road Safety Unit,,dc722571-dee9-4382-9bd3-5b9d575ed79f,2014-05-19,09:35:00,EDSA North Avenue Barangay Bagong Pag-Asa Quezon City,0,0,0,0,0,0,0,0,0,0,2014-05-19 17:35,Property,14.60760372,121.0564736,No Collision Stated
None,EDSA,None,None,"No Accident Factor, Side Swipe, 0.0 drivers_injured, 0.0 drivers_killed, 0.0 passengers_injured, 0.0 passengers_killed, 0.0 pedestrian_injured, 0.0 pedestrian_killed, Fair (Night), EDSA Front of Five Star Bus Terminal Cubao  Quezon City",MMDA Road Safety Unit,,26f31f94-ef67-4412-af54-2227b1ba3471,2014-05-18,13:50:00,EDSA before Seminary Road Barangay Bahay Toro Quezon City,0,0,0,0,0,0,0,0,0,0,2014-05-18 21:50,Property,14.62373682,121.0492731,Side Swipe
None,EDSA,None,None,"No Accident Factor, No Collision Stated (based on Police Blotter Book), 0.0 drivers_injured, 0.0 drivers_killed, 0.0 passengers_injured, 0.0 passengers_killed, 0.0 pedestrian_injured, 0.0 pedestrian_killed, Fair (Night), EDSA ""U"" Turn slot, Corregidor Quezon City",MMDA Road Safety Unit,,6b67e32e-912a-4075-8f7e-f9bd5115e7d1,2014-05-18,10:45:00,EDSA Seminary Road Barangay Bahay Toro  Quezon City,0,0,0,0,0,0,0,0,0,0,2014-05-18 18:45,Property,14.65693502,121.0240825,No Collision Stated
None,EDSA,None,None,"No Accident Factor, No Collision Stated (based on Police Blotter Book), 0.0 drivers_injured, 0.0 drivers_killed, 0.0 passengers_injured, 0.0 passengers_killed, 0.0 pedestrian_injured, 0.0 pedestrian_killed, Fair (Day), EDSA before Dario Bridge Quezon City",MMDA Road Safety Unit,,c5169f4b-3f2e-4101-ad35-38e1236be015,2014-05-18,08:00:00,EDSA Quezon Avenue Quezon City,0,0,0,0,0,0,0,0,0,0,2014-05-18 16:00,Property,14.6574344,121.0153411,No Collision Stated
None,EDSA,None,None,"No Accident Factor, No Collision Stated (based on Police Blotter Book), 0.0 drivers_injured, 0.0 drivers_killed, 0.0 passengers_injured, 0.0 passengers_killed, 0.0 pedestrian_injured, 0.0 pedestrian_killed, Fair (Day), EDSA North Ave. Quezon City",MMDA Road Safety Unit,,a0f91723-2c49-4c89-843b-5da2cd4efc8b,2014-05-18,08:00:00,EDSA Front of Lucena Bus Lines Terminal Quezon City,0,0,0,0,0,0,0,0,0,0,2014-05-18 16:00,Property,14.65553839,121.0299647,No Collision Stated
None,EDSA,None,None,"No Accident Factor, No Collision Stated (based on Police Blotter Book), 0.0 drivers_injured, 0.0 drivers_killed, 0.0 passengers_injured, 0.0 passengers_killed, 0.0 pedestrian_injured, 0.0 pedestrian_killed, Fair (Night), EDSA before Trinoma Quezon City",MMDA Road Safety Unit,,c953f85f-9372-46f9-bce1-7f4050170eee,2014-05-17,13:00:00,EDSA Corregidor Street Ramon Magsaysay Quezon City,0,0,0,0,0,0,0,0,0,0,2014-05-17 21:00,Property,14.65389309,121.03106,No Collision Stated
None,EDSA,None,None,"No Accident Factor, No Collision Stated (based on Police Blotter Book), 0.0 drivers_injured, 0.0 drivers_killed, 0.0 passengers_injured, 0.0 passengers_killed, 0.0 pedestrian_injured, 0.0 pedestrian_killed, Fair (Night), EDSA Front of GMA 7 Barangay Kamuning  Quezon City",MMDA Road Safety Unit,,725d04b2-6440-43c4-8d98-b339281467d3,2014-05-17,12:35:00,EDSA P. Tuazon Boulevard Barangay Socorro Cubao Quezon City,0,0,0,0,0,0,0,0,0,0,2014-05-17 20:35,Property,14.63375652,121.0441566,No Collision Stated
None,EDSA,None,None,"No Accident Factor, Rear-end, 0.0 drivers_injured, 0.0 drivers_killed, 0.0 passengers_injured, 0.0 passengers_killed, 0.0 pedestrian_injured, 0.0 pedestrian_killed, Fair (Night), EDSA Main Avenue Barangay Socorro Quezon City",MMDA Road Safety Unit,,24c039b4-ff52-4570-9d34-ffd728df8345,2014-05-17,12:30:00,EDSA Liberty Avenue Quezon City,0,0,0,0,0,0,0,0,0,0,2014-05-17 20:30,Property,14.61376458,121.0537933,Rear-End
None,EDSA,None,None,"No Accident Factor, No Collision Stated (based on Police Blotter Book), 0.0 drivers_injured, 0.0 drivers_killed, 0.0 passengers_injured, 0.0 passengers_killed, 0.0 pedestrian_injured, 0.0 pedestrian_killed, Fair (Day), EDSA Quezon Ave. Quezon City",MMDA Road Safety Unit,,e97711a9-0171-4a5f-9b0b-80bc3d05ce3c,2014-05-17,06:50:00,"EDSA fronting Baliwag Bus Terminal, Bgy. E. Rodriguez Quezon City",0,0,0,0,0,0,0,0,0,0,2014-05-17 14:50,Property,14.6442444,121.0375839,No Collision Stated
None,EDSA,None,None,"No Accident Factor, No Collision Stated (based on Police Blotter Book), 0.0 drivers_injured, 0.0 drivers_killed, 0.0 passengers_injured, 0.0 passengers_killed, 0.0 pedestrian_injured, 0.0 pedestrian_killed, Fair (Day), EDSA before Kamuning Road  Quezon City",MMDA Road Safety Unit,,4319a6e1-abcd-42c8-92da-a6ae2ac537d5,2014-05-17,06:30:00,EDSA fronting Baliwag Bus Terminal Cubao Quezon City,0,0,0,0,0,0,0,0,0,0,2014-05-17 14:30,Property,14.63117369,121.0455178,No Collision Stated
None,EDSA,None,None,"No Accident Factor, No Collision Stated (based on Police Blotter Book), 0.0 drivers_injured, 0.0 drivers_killed, 0.0 passengers_injured, 0.0 passengers_killed, 0.0 pedestrian_injured, 0.0 pedestrian_killed, Fair (Night), EDSA Mindanao Ave. Ext. Quezon City",MMDA Road Safety Unit,,7392d0fc-793e-499d-9377-e2fff8e5a079,2014-05-16,13:30:00,"EDSA North Ave., Brgy Bagong Pagasa Quezon City",0,0,0,0,0,0,0,0,0,0,2014-05-16 21:30,Property,14.65052386,121.0335656,No Collision Stated
None,EDSA,None,None,"No Accident Factor, No Collision Stated (based on Police Blotter Book), 0.0 drivers_injured, 0.0 drivers_killed, 0.0 passengers_injured, 0.0 passengers_killed, 0.0 pedestrian_injured, 0.0 pedestrian_killed, Fair (Night), EDSA Quezon Ave. Quezon City",MMDA Road Safety Unit,,bf78f2a2-9ec8-4a63-98f9-83a8c1e62ba3,2014-05-16,13:00:00,EDSA before Corinthian Garden Bgy.Ugong Norte Quezon City,0,0,0,0,0,0,0,0,0,0,2014-05-16 21:00,Property,14.6442444,121.0375839,No Collision Stated
None,EDSA,None,None,"No Accident Factor, No Collision Stated (based on Police Blotter Book), 0.0 drivers_injured, 0.0 drivers_killed, 0.0 passengers_injured, 0.0 passengers_killed, 0.0 pedestrian_injured, 0.0 pedestrian_killed, Fair (Night), EDSA U Turn Slot, Nueva Ecija Ramon Magsaysay Quezon City",MMDA Road Safety Unit,,75d40112-146a-459c-a025-fa7fb99f1c75,2014-05-16,11:15:00,EDSA infront of SM Annex Brgy Bagong Pagasa Quezon City,0,0,0,0,0,0,0,0,0,0,2014-05-16 19:15,Property,14.65662801,121.0259395,No Collision Stated
None,EDSA,None,None,"No Accident Factor, Side Swipe, 0.0 drivers_injured, 0.0 drivers_killed, 0.0 passengers_injured, 0.0 passengers_killed, 0.0 pedestrian_injured, 0.0 pedestrian_killed, Fair (Day), EDSA Front of Five Star Bus Terminal  Quezon City",MMDA Road Safety Unit,,745e741d-3f84-4f4a-b47c-1c642ead42e5,2014-05-16,09:30:00,EDSA fronting Baliwag Bus Terminal Bgy.E.Rodriguez Quezon City,0,0,0,0,0,0,0,0,0,0,2014-05-16 17:30,Property,14.62373682,121.0492731,Side Swipe
None,EDSA,None,None,"No Accident Factor, No Collision Stated (based on Police Blotter Book), 0.0 drivers_injured, 0.0 drivers_killed, 0.0 passengers_injured, 0.0 passengers_killed, 0.0 pedestrian_injured, 0.0 pedestrian_killed, Fair (Day), EDSA Misamis St. Quezon City",MMDA Road Safety Unit,,23af3cc8-71a5-4f13-8f63-39f8720e27e5,2014-05-16,06:15:00,EDSA Trinoma Terminal Brgy Bagong Pagasa Quezon City,0,0,0,0,0,0,0,0,0,0,2014-05-16 14:15,Property,14.65602348,121.0285212,No Collision Stated
None,EDSA,None,None,"No Accident Factor, No Collision Stated (based on Police Blotter Book), 0.0 drivers_injured, 0.0 drivers_killed, 0.0 passengers_injured, 0.0 passengers_killed, 0.0 pedestrian_injured, 0.0 pedestrian_killed, Fair (Day), EDSA fronting Gosoc and Son Quezon City",MMDA Road Safety Unit,,4e80c0d0-0b94-443d-a310-34a01d2f0830,2014-05-16,04:30:00,EDSA fronting JAC Liner Bus Terminal Quezon City,0,0,0,0,0,0,0,0,0,0,2014-05-16 12:30,Property,14.65769471,121.0143257,No Collision Stated
None,EDSA,None,None,"No Accident Factor, No Collision Stated (based on Police Blotter Book), 0.0 drivers_injured, 0.0 drivers_killed, 0.0 passengers_injured, 0.0 passengers_killed, 0.0 pedestrian_injured, 0.0 pedestrian_killed, Fair (Day), EDSA Timog Avenue ""U"" turn slot  Quezon City",MMDA Road Safety Unit,,d39cdcbd-c6fd-4e4b-baf3-9fabb12c4172,2014-05-16,04:00:00,EDSA Gen. Roxas Bgy.Socorro Quezon City,0,0,0,0,0,0,0,0,0,0,2014-05-16 12:00,Property,14.63293559,121.0446304,No Collision Stated
None,EDSA,None,None,"No Accident Factor, No Collision Stated (based on Police Blotter Book), 0.0 drivers_injured, 0.0 drivers_killed, 0.0 passengers_injured, 0.0 passengers_killed, 0.0 pedestrian_injured, 0.0 pedestrian_killed, Fair (Day), EDSA Main Avenue  Quezon City",MMDA Road Safety Unit,,6956fa2d-cf2f-427a-851f-77ade4ab3861,2014-05-15,22:45:00,EDSA U Turn Slot Quezon Avenue Brgy Bagong Pagasa Quezon City,0,0,0,0,0,0,0,0,0,0,2014-05-16 6:45,Property,14.61376458,121.0537933,No Collision Stated
None,EDSA,None,None,"No Accident Factor, No Collision Stated (based on Police Blotter Book), 0.0 drivers_injured, 0.0 drivers_killed, 0.0 passengers_injured, 0.0 passengers_killed, 0.0 pedestrian_injured, 0.0 pedestrian_killed, Fair (Night), EDSA North Ave. Quezon City",MMDA Road Safety Unit,,7a842928-2780-48d2-9647-1a2eef2a1f5d,2014-05-15,11:50:00,EDSA Mo. Ignacia Street Quezon City,0,0,0,0,0,0,0,0,0,0,2014-05-15 19:50,Property,14.65553839,121.0299647,No Collision Stated
None,EDSA,None,None,"No Accident Factor, No Collision Stated (based on Police Blotter Book), 0.0 drivers_injured, 0.0 drivers_killed, 0.0 passengers_injured, 0.0 passengers_killed, 0.0 pedestrian_injured, 0.0 pedestrian_killed, Fair (Night), EDSA Misamis St. Quezon City",MMDA Road Safety Unit,,95262130-c947-4946-96e6-74575a24d838,2014-05-15,11:00:00,EDSA fronting Camp Aguinaldo Quezon City,0,0,0,0,0,0,0,0,0,0,2014-05-15 19:00,Property,14.65602348,121.0285212,No Collision Stated
None,EDSA,None,None,"No Accident Factor, No Collision Stated (based on Police Blotter Book), 0.0 drivers_injured, 0.0 drivers_killed, 0.0 passengers_injured, 0.0 passengers_killed, 0.0 pedestrian_injured, 0.0 pedestrian_killed, Fair (Day), EDSA U Turn Slot, Trinoma Mall Quezon City",MMDA Road Safety Unit,,b3516300-f9c8-46ca-bd29-248535761906,2014-05-15,05:25:00,EDSA fronting People Monument Quezon City,0,0,0,0,0,0,0,0,0,0,2014-05-15 13:25,Property,14.65355906,121.0313748,No Collision Stated
None,EDSA,None,None,"No Accident Factor, Rear-end, 0.0 drivers_injured, 0.0 drivers_killed, 0.0 passengers_injured, 0.0 passengers_killed, 0.0 pedestrian_injured, 0.0 pedestrian_killed, Fair (Day), EDSA before General Roxas Avenue Street Barangay Socorro Quezon City",MMDA Road Safety Unit,,c9a9efe9-c59e-43a6-93df-02b27ecd1f3f,2014-05-15,04:25:00,EDSA North Avenue Quezon City,0,0,0,0,0,0,0,0,0,0,2014-05-15 12:25,Property,14.62027505,121.0508961,Rear-End
None,EDSA,None,None,"No Accident Factor, No Collision Stated (based on Police Blotter Book), 0.0 drivers_injured, 0.0 drivers_killed, 0.0 passengers_injured, 0.0 passengers_killed, 0.0 pedestrian_injured, 0.0 pedestrian_killed, Fair (Day), EDSA North Ave. Quezon City",MMDA Road Safety Unit,,2b6c6056-44ca-4ee1-bbb8-03f9faa86a01,2014-05-15,03:00:00,EDSA Corregidor Street Brgy Ramon Magsaysay Quezon City,0,0,0,0,0,0,0,0,0,0,2014-05-15 11:00,Property,14.65553839,121.0299647,No Collision Stated
None,EDSA,None,None,"No Accident Factor, No Collision Stated (based on Police Blotter Book), 0.0 drivers_injured, 0.0 drivers_killed, 0.0 passengers_injured, 0.0 passengers_killed, 0.0 pedestrian_injured, 0.0 pedestrian_killed, Fair (Day), EDSA U Turn slot, Dario Bridge Bahay Toro Quezon City",MMDA Road Safety Unit,,44d82470-452c-485e-a01b-15e6d7bea11d,2014-05-15,01:50:00,EDSA P. Tuazon Blvd. Quezon City,0,0,0,0,0,0,0,0,0,0,2014-05-15 9:50,Property,14.65762531,121.0161388,No Collision Stated