LOCATION_TEXT,ROAD,WEATHER,LIGHT,DESC,REPORTING_AGENCY,MAIN_CAUSE,INCIDENTDETAILS_ID,DATE_UTC,TIME_UTC,ADDRESS,killed_driver,killed_passenger,killed_pedestrian,injured_driver,injured_passenger,injured_pedestrian,killed_uncategorized,injured_uncategorized,killed_total,injured_total,DATETIME_PST,SEVERITY,Y,X,COLLISION_TYPE
None,EDSA,None,None,"No Accident Factor, Hit Parked Vehicle, 0.0 drivers_injured, 0.0 drivers_killed, 0.0 passengers_injured, 0.0 passengers_killed, 0.0 pedestrian_injured, 0.0 pedestrian_killed, Fair (Night), EDSA Front of Q- Mart Barangay E. Rodriguez Quezon City",MMDA Road Safety Unit,,0cc91374-8437-4110-88a5-e1554946c726,2014-05-14,21:00:00,EDSA Kamias Road Quezon City,0,0,0,0,0,0,0,0,0,0,2014-05-15 5:00,Property,14.62780629,121.0474114,Hit Object
None,EDSA,None,None,"No Accident Factor, No Collision Stated (based on Police Blotter Book), 0.0 drivers_injured, 0.0 drivers_killed, 0.0 passengers_injured, 0.0 passengers_killed, 0.0 pedestrian_injured, 0.0 pedestrian_killed, Fair (Day), EDSA Main Avenue  Quezon City",MMDA Road Safety Unit,,edfd3c25-f3ea-4a40-b989-0611a1b9b6fa,2014-05-14,08:30:00,EDSA front of Magsaysay High School Quezon City,0,0,0,0,0,0,0,0,0,0,2014-05-14 16:30,Property,14.61376458,121.0537933,No Collision Stated
None,EDSA,None,None,"No Accident Factor, No Collision Stated (based on Police Blotter Book), 0.0 drivers_injured, 0.0 drivers_killed, 0.0 passengers_injured, 0.0 passengers_killed, 0.0 pedestrian_injured, 0.0 pedestrian_killed, Fair (Day), EDSA Aurora Boulevard  Quezon City",MMDA Road Safety Unit,,1cccf025-a5b1-4a8e-8b9b-819e5f7bee63,2014-05-14,07:50:00,EDSA OP/UP Brgy Balingasa Quezon City,0,0,0,0,0,0,0,0,0,0,2014-05-14 15:50,Property,14.6218043,121.0502049,No Collision Stated
None,EDSA,None,None,"No Accident Factor, No Collision Stated (based on Police Blotter Book), 0.0 drivers_injured, 0.0 drivers_killed, 0.0 passengers_injured, 0.0 passengers_killed, 0.0 pedestrian_injured, 0.0 pedestrian_killed, Fair (Night), EDSA Quezon Ave. Quezon City",MMDA Road Safety Unit,,10f8d686-2b45-432a-8a33-f094b937c5b5,2014-05-13,11:20:00,EDSA  Aurora Blvd. Quezon City,0,0,0,0,0,0,0,0,0,0,2014-05-13 19:20,Property,14.6442444,121.0375839,No Collision Stated
None,EDSA,None,None,"No Accident Factor, Side Swipe, 0.0 drivers_injured, 0.0 drivers_killed, 0.0 passengers_injured, 0.0 passengers_killed, 0.0 pedestrian_injured, 0.0 pedestrian_killed, Fair (Day), EDSA B. Serrano Avenue Brgy. Socorro  Quezon City",MMDA Road Safety Unit,,9e976e9a-016a-4eb1-8652-c77e94c09ad8,2014-05-13,03:25:00,"EDSA Aurora Blvd., Bgy.Socorro Quezon City",0,0,0,0,0,0,0,0,0,0,2014-05-13 11:25,Property,14.61096685,121.0551991,Side Swipe
None,EDSA,None,None,"No Accident Factor, Hit and Run (No Collision Stated), 0.0 drivers_injured, 0.0 drivers_killed, 0.0 passengers_injured, 0.0 passengers_killed, 0.0 pedestrian_injured, 0.0 pedestrian_killed, Fair (Night), EDSA near Congressional Avenue Ramon Magsaysay Quezon City",MMDA Road Safety Unit,,e9abc475-2e8b-466d-b686-f3a35fbe9fa2,2014-05-12,10:15:00,EDSA before Kamias Road Quezon City,0,0,0,0,0,0,0,0,0,0,2014-05-12 18:15,Property,14.65769895,121.0197287,No Collision Stated
None,EDSA,None,None,"No Accident Factor, No Collision Stated (based on Police Blotter Book), 0.0 drivers_injured, 0.0 drivers_killed, 0.0 passengers_injured, 0.0 passengers_killed, 0.0 pedestrian_injured, 0.0 pedestrian_killed, Fair (Night), EDSA Kaingin Road Quezon City",MMDA Road Safety Unit,,01564975-41ef-4688-a102-6ec30a45b8ee,2014-05-12,06:35:00,EDSA Arrayat Quezon City,0,0,0,0,0,0,0,0,0,0,2014-05-12 14:35,Property,14.65746493,121.0109963,No Collision Stated
None,EDSA,None,None,"No Accident Factor, No Collision Stated (based on Police Blotter Book), 0.0 drivers_injured, 0.0 drivers_killed, 0.0 passengers_injured, 0.0 passengers_killed, 0.0 pedestrian_injured, 0.0 pedestrian_killed, Fair (Night), EDSA Balintawak Market  Quezon City",MMDA Road Safety Unit,,9d905b88-4d20-4e41-9a47-93e9aff9811a,2014-05-11,13:30:00,EDSA Mindanao Avenue Extension Brgy Bagong Pagasa Quezon City,0,0,0,0,0,0,0,0,0,0,2014-05-11 21:30,Property,14.65740947,121.0025737,No Collision Stated
None,EDSA,None,None,"No Accident Factor, No Collision Stated (based on Police Blotter Book), 0.0 drivers_injured, 0.0 drivers_killed, 0.0 passengers_injured, 0.0 passengers_killed, 0.0 pedestrian_injured, 0.0 pedestrian_killed, Fair (Night), EDSA Momte De Piedad Street  Quezon City",MMDA Road Safety Unit,,a32a9c7a-2cba-4297-b558-3977e1fa2a44,2014-05-11,06:15:00,EDSA Aurora Blvd. Quezon City,0,0,0,0,0,0,0,0,0,0,2014-05-11 14:15,Property,14.62346937,121.0491711,No Collision Stated
None,EDSA,None,None,"No Accident Factor, No Collision Stated (based on Police Blotter Book), 0.0 drivers_injured, 0.0 drivers_killed, 0.0 passengers_injured, 0.0 passengers_killed, 0.0 pedestrian_injured, 0.0 pedestrian_killed, Fair (Night), EDSA Ramon Magsaysay  Quezon City",MMDA Road Safety Unit,,86cd33b9-a88c-417f-8906-4d9baac4bb49,2014-05-10,08:30:00,EDSA Howmart Road Brgy Apolonio Samson Quezon City,0,0,0,0,0,0,0,0,0,0,2014-05-10 16:30,Property,14.62774693,121.0471762,No Collision Stated
None,EDSA,None,None,"No Accident Factor, No Collision Stated (based on Police Blotter Book), 0.0 drivers_injured, 0.0 drivers_killed, 0.0 passengers_injured, 0.0 passengers_killed, 0.0 pedestrian_injured, 0.0 pedestrian_killed, Fair (Night), EDSA Mother Ignacia Street  Quezon City",MMDA Road Safety Unit,,5fd16b6e-f4e3-4916-9761-8ade06d7fcd7,2014-05-10,08:30:00,EDSA infront of Balintawak Market Brgy Balingasa Quezon City,0,0,0,0,0,0,0,0,0,0,2014-05-10 16:30,Property,14.64220321,121.0386692,No Collision Stated
None,EDSA,None,None,"No Accident Factor, No Collision Stated (based on Police Blotter Book), 0.0 drivers_injured, 0.0 drivers_killed, 0.0 passengers_injured, 0.0 passengers_killed, 0.0 pedestrian_injured, 0.0 pedestrian_killed, Fair (Night), EDSA Borromeo Street  Quezon City",MMDA Road Safety Unit,,caf6b1b6-1b16-4f6c-81a0-4d8ea94612fc,2014-05-10,06:30:00,EDSA New York Street Quezon City,0,0,0,0,0,0,0,0,0,0,2014-05-10 14:30,Property,14.63719249,121.0418914,No Collision Stated
None,EDSA,None,None,"No Accident Factor, No Collision Stated (based on Police Blotter Book), 0.0 drivers_injured, 0.0 drivers_killed, 0.0 passengers_injured, 0.0 passengers_killed, 0.0 pedestrian_injured, 0.0 pedestrian_killed, Fair (Night), EDSA West Avenue Brgy. Philam  Quezon City",MMDA Road Safety Unit,,aab4c193-08fe-46df-b11b-5fdb9a68655b,2014-05-10,02:45:00,EDSA Main Avenue Barangay Socorro Quezon City,0,0,0,0,0,0,0,0,0,0,2014-05-10 10:45,Property,14.65548924,121.0298079,No Collision Stated
None,EDSA,None,None,"No Accident Factor, No Collision Stated (based on Police Blotter Book), 0.0 drivers_injured, 0.0 drivers_killed, 0.0 passengers_injured, 0.0 passengers_killed, 0.0 pedestrian_injured, 0.0 pedestrian_killed, Fair (Night), EDSA fronting Landmark Brgy Pagasa Quezon City",MMDA Road Safety Unit,,2f24f221-1479-4d10-b632-5f7c0e338b7d,2014-05-09,21:30:00,EDSA Congressional Avenue Brgy Ramon Magsaysay Quezon City,0,0,0,0,0,0,0,0,0,0,2014-05-10 5:30,Property,14.65076858,121.0333817,No Collision Stated
None,EDSA,None,None,"No Accident Factor, No Collision Stated (based on Police Blotter Book), 0.0 drivers_injured, 0.0 drivers_killed, 0.0 passengers_injured, 0.0 passengers_killed, 0.0 pedestrian_injured, 0.0 pedestrian_killed, Fair (Night), EDSA near Congressional Avenue Brgy Bahay Toro Quezon City",MMDA Road Safety Unit,,04eda3ec-d030-4374-9f30-ac57a18ea3ae,2014-05-09,12:30:00,EDSA Misamis Street Brgy Pagasa Quezon City,0,0,0,0,0,0,0,0,0,0,2014-05-09 20:30,Property,14.65769895,121.0197287,No Collision Stated
None,EDSA,None,None,"No Accident Factor, No Collision Stated (based on Police Blotter Book), 0.0 drivers_injured, 0.0 drivers_killed, 0.0 passengers_injured, 0.0 passengers_killed, 0.0 pedestrian_injured, 0.0 pedestrian_killed, Fair (Night), EDSA near Congressional Avenue Quezon City",MMDA Road Safety Unit,,5893b446-e3ad-4ff4-aff7-5109b474d52c,2014-05-09,11:00:00,EDSA North Avenue Brgy Bagong Pagasa Quezon City,0,0,0,0,0,0,0,0,0,0,2014-05-09 19:00,Property,14.65769895,121.0197287,No Collision Stated
None,EDSA,None,None,"No Accident Factor, No Collision Stated (based on Police Blotter Book), 0.0 drivers_injured, 0.0 drivers_killed, 0.0 passengers_injured, 0.0 passengers_killed, 0.0 pedestrian_injured, 0.0 pedestrian_killed, Fair (Night), EDSA Ermin Garcia Street Cubao  Quezon City",MMDA Road Safety Unit,,693407c3-3a4c-4f46-b62f-e3fc1cc5e107,2014-05-09,07:55:00,EDSA U Turn Slot Iglesia Ni Cristo Church Brgy Ramon Magsaysay Quezon City,0,0,0,0,0,0,0,0,0,0,2014-05-09 15:55,Property,14.62758814,121.047487,No Collision Stated
None,EDSA,None,None,"No Accident Factor, No Collision Stated (based on Police Blotter Book), 0.0 drivers_injured, 0.0 drivers_killed, 0.0 passengers_injured, 0.0 passengers_killed, 0.0 pedestrian_injured, 0.0 pedestrian_killed, Fair (Day), EDSA near Congressional Avenue Ramon Magsaysay Quezon City",MMDA Road Safety Unit,,42d7d5a0-0a20-43c6-a68e-df7bc3fd5f24,2014-05-09,02:00:00,EDSA P. Tuazon Boulevard Quezon City,0,0,0,0,0,0,0,0,0,0,2014-05-09 10:00,Property,14.65769895,121.0197287,No Collision Stated
None,EDSA,None,None,"No Accident Factor, No Collision Stated (based on Police Blotter Book), 0.0 drivers_injured, 0.0 drivers_killed, 0.0 passengers_injured, 0.0 passengers_killed, 0.0 pedestrian_injured, 0.0 pedestrian_killed, Fair (Day), EDSA front of Trinoma Pagasa Quezon City",MMDA Road Safety Unit,,71e7ed5b-0c93-4618-874a-c4bf92576389,2014-05-08,23:20:00,EDSA near Santolan MRT Station Quezon City,0,0,0,0,0,0,0,0,0,0,2014-05-09 7:20,Property,14.65232929,121.0321791,No Collision Stated
None,EDSA,None,None,"No Accident Factor, Angle Impact, 0.0 drivers_injured, 0.0 drivers_killed, 0.0 passengers_injured, 0.0 passengers_killed, 0.0 pedestrian_injured, 0.0 pedestrian_killed, Fair (Night), EDSA Front of Robinsons Galleria  Quezon City",MMDA Road Safety Unit,,b2073f33-c07d-459c-b7b8-6500c7f80571,2014-05-08,11:20:00,EDSA near Main Avenue Quezon City,0,0,0,0,0,0,0,0,0,0,2014-05-08 19:20,Property,14.59233071,121.0583092,Angle Impact
None,EDSA,None,None,"No Accident Factor, No Collision Stated (based on Police Blotter Book), 0.0 drivers_injured, 0.0 drivers_killed, 0.0 passengers_injured, 0.0 passengers_killed, 0.0 pedestrian_injured, 0.0 pedestrian_killed, Fair (Night), EDSA Cubao Quezon City",MMDA Road Safety Unit,,2c107432-1ede-4e9f-8d4f-e2a1e2a74d31,2014-05-08,04:45:00,EDSA Fema Road Quezon City,0,0,0,0,0,0,0,0,0,0,2014-05-08 12:45,Property,14.61956389,121.0510595,No Collision Stated
None,EDSA,None,None,"No Accident Factor, No Collision Stated (based on Police Blotter Book), 0.0 drivers_injured, 0.0 drivers_killed, 0.0 passengers_injured, 0.0 passengers_killed, 0.0 pedestrian_injured, 0.0 pedestrian_killed, Fair (Night), EDSA East Ave. Quezon City",MMDA Road Safety Unit,,784a0772-36c8-4ada-8bf5-d3dbf917df28,2014-05-08,03:45:00,EDSA Corregidor Street Sto Cristo Quezon City,0,0,0,0,0,0,0,0,0,0,2014-05-08 11:45,Property,14.6328297,121.0451176,No Collision Stated
None,EDSA,None,None,"No Accident Factor, No Collision Stated (based on Police Blotter Book), 0.0 drivers_injured, 0.0 drivers_killed, 1.0 passengers_injured, 0.0 passengers_killed, 0.0 pedestrian_injured, 0.0 pedestrian_killed, Fair (Night), EDSA Main Ave. Quezon City",MMDA Road Safety Unit,,3bbc3526-f844-4331-9a48-6aa0d91a9956,2014-05-07,07:30:00,EDSA Infront of SM Waterfalls Brgy Bagong Pagasa Quezon City,0,0,0,0,1,0,0,0,0,1,2014-05-07 15:30,Injury,14.61376458,121.0537933,No Collision Stated
None,EDSA,None,None,"No Accident Factor, Rear-end, 0.0 drivers_injured, 0.0 drivers_killed, 0.0 passengers_injured, 0.0 passengers_killed, 0.0 pedestrian_injured, 0.0 pedestrian_killed, Fair (Night), EDSA Front of Petron Gas Station Barangay Socorro Quezon City",MMDA Road Safety Unit,,43e1469e-2154-4ec8-8227-95f7e21b6a5f,2014-05-06,15:00:00,EDSA Mindanao Avenue Extension Brgy Bagong Pagasa Quezon City,0,0,0,0,0,0,0,0,0,0,2014-05-06 23:00,Property,14.61354418,121.0537424,Rear-End
None,EDSA,None,None,"No Accident Factor, Hit and Run (No Collision Stated), 0.0 drivers_injured, 0.0 drivers_killed, 0.0 passengers_injured, 0.0 passengers_killed, 0.0 pedestrian_injured, 0.0 pedestrian_killed, Fair (Night), EDSA East Avenue Quezon City",MMDA Road Safety Unit,,c0bea91d-0fbf-400b-a4c1-c532ee2f7fd5,2014-05-06,15:00:00,EDSA infront of SM North Brgy Ramon Magsaysay Quezon City,0,0,0,0,0,0,0,0,0,0,2014-05-06 23:00,Property,14.6328297,121.0451176,No Collision Stated
None,EDSA,None,None,"No Accident Factor, No Collision Stated (based on Police Blotter Book), 0.0 drivers_injured, 0.0 drivers_killed, 0.0 passengers_injured, 0.0 passengers_killed, 0.0 pedestrian_injured, 0.0 pedestrian_killed, Fair (Night), EDSA Aurora Boulevard (NB) Quezon City",MMDA Road Safety Unit,,e32617b6-9766-4020-83ed-26d65a6af28b,2014-05-06,12:15:00,EDSA near Kamuning Road Quezon City,0,0,0,0,0,0,0,0,0,0,2014-05-06 20:15,Property,14.6218043,121.0502049,No Collision Stated
None,EDSA,None,None,"No Accident Factor, No Collision Stated (based on Police Blotter Book), 0.0 drivers_injured, 0.0 drivers_killed, 0.0 passengers_injured, 0.0 passengers_killed, 0.0 pedestrian_injured, 0.0 pedestrian_killed, Fair (Day), EDSA Timog Avenue Quezon City Quezon City",MMDA Road Safety Unit,,9bf3bd08-6701-4f0f-9fc1-13207a289175,2014-05-05,08:55:00,EDSA West Avenue Bungad Quezon City,0,0,0,0,0,0,0,0,0,0,2014-05-05 16:55,Property,14.63293559,121.0446304,No Collision Stated
None,EDSA,None,None,"No Accident Factor, No Collision Stated (based on Police Blotter Book), 0.0 drivers_injured, 0.0 drivers_killed, 0.0 passengers_injured, 0.0 passengers_killed, 0.0 pedestrian_injured, 0.0 pedestrian_killed, Fair (Night), EDSA North Ave. Quezon City",MMDA Road Safety Unit,,75665520-1d4f-4c8e-b3cf-baacd2dfcd6d,2014-05-05,06:30:00,EDSA Kamias Road Quezon City,0,0,0,0,0,0,0,0,0,0,2014-05-05 14:30,Property,14.65553839,121.0299647,No Collision Stated
None,EDSA,None,None,"No Accident Factor, No Collision Stated (based on Police Blotter Book), 0.0 drivers_injured, 0.0 drivers_killed, 0.0 passengers_injured, 0.0 passengers_killed, 0.0 pedestrian_injured, 0.0 pedestrian_killed, Fair (Night), EDSA infront of SM North Pagasa Quezon City",MMDA Road Safety Unit,,c740df26-a3eb-4e17-9525-d944b82e258e,2014-05-04,17:15:00,EDSA before E. Garcia Street Quezon City,0,0,0,0,0,0,0,0,0,0,2014-05-05 1:15,Property,14.6561676,121.0278777,No Collision Stated
None,EDSA,None,None,"No Accident Factor, No Collision Stated (based on Police Blotter Book), 0.0 drivers_injured, 0.0 drivers_killed, 0.0 passengers_injured, 0.0 passengers_killed, 0.0 pedestrian_injured, 0.0 pedestrian_killed, Fair (Day), EDSA Cubao Quezon City Quezon City",MMDA Road Safety Unit,,416dcb88-51f5-49ec-9219-9ab56c678577,2014-05-03,22:30:00,EDSA between Timog Avenue and Kamuning Road Quezon City,0,0,0,0,0,0,0,0,0,0,2014-05-04 6:30,Property,14.61956389,121.0510595,No Collision Stated
None,EDSA,None,None,"No Accident Factor, No Collision Stated (based on Police Blotter Book), 0.0 drivers_injured, 0.0 drivers_killed, 0.0 passengers_injured, 0.0 passengers_killed, 0.0 pedestrian_injured, 0.0 pedestrian_killed, Fair (Night), EDSA New York Street Quezon City",MMDA Road Safety Unit,,80b8168b-76dc-4213-b465-ba23f0cfdf21,2014-05-03,12:30:00,EDSA Howmart Road Brgy Kaingin Quezon City,0,0,0,0,0,0,0,0,0,0,2014-05-03 20:30,Property,14.62568514,121.0482307,No Collision Stated
None,EDSA,None,None,"No Accident Factor, No Collision Stated (based on Police Blotter Book), 0.0 drivers_injured, 0.0 drivers_killed, 0.0 passengers_injured, 0.0 passengers_killed, 0.0 pedestrian_injured, 0.0 pedestrian_killed, Fair (Day), EDSA Ermin Garcia Street Quezon City",MMDA Road Safety Unit,,b6c6bfad-1d2f-4ca6-81c3-4d8139195c4b,2014-05-03,05:30:00,EDSA before Mc Arthur Highway Service Road Barangay Socorro Quezon City,0,0,0,0,0,0,0,0,0,0,2014-05-03 13:30,Property,14.62758814,121.047487,No Collision Stated
None,EDSA,None,None,"No Accident Factor, No Collision Stated (based on Police Blotter Book), 0.0 drivers_injured, 0.0 drivers_killed, 0.0 passengers_injured, 0.0 passengers_killed, 0.0 pedestrian_injured, 0.0 pedestrian_killed, Fair (Day), EDSA before Quezon Avenue (SB) Barangay South Triangle Quezon City",MMDA Road Safety Unit,,e6dfc1bc-d6ce-4aea-a3cf-8cbbfbc0e0c1,2014-05-03,05:15:00,EDSA before Baliwag Bus Terminal  Quezon City,0,0,0,0,0,0,0,0,0,0,2014-05-03 13:15,Property,14.64495676,121.0368618,Angle Impact
None,EDSA,None,None,"No Accident Factor, No Collision Stated (based on Police Blotter Book), 1.0 drivers_injured, 0.0 drivers_killed, 0.0 passengers_injured, 0.0 passengers_killed, 0.0 pedestrian_injured, 0.0 pedestrian_killed, Fair (Night), EDSA infront of SM North Edsa Quezon City",MMDA Road Safety Unit,,651c8da2-8f4c-473d-825b-67de4a22410f,2014-05-02,10:00:00,EDSA Cloverleaf market Brgy Apolonio Samson Quezon City,0,0,0,1,0,0,0,0,0,1,2014-05-02 18:00,Injury,14.6561676,121.0278777,No Collision Stated
None,EDSA,None,None,"No Accident Factor, No Collision Stated (based on Police Blotter Book), 0.0 drivers_injured, 0.0 drivers_killed, 0.0 passengers_injured, 0.0 passengers_killed, 0.0 pedestrian_injured, 0.0 pedestrian_killed, Fair (Night), EDSA Ermin Garcia Street Quezon City",MMDA Road Safety Unit,,0a12e4d5-3769-4753-ad53-fa6a38266e07,2014-05-01,11:00:00,EDSA near Santolan MRT Station Quezon City,0,0,0,0,0,0,0,0,0,0,2014-05-01 19:00,Property,14.62758814,121.047487,No Collision Stated
None,EDSA,None,None,"No Accident Factor, No Collision Stated (based on Police Blotter Book), 0.0 drivers_injured, 0.0 drivers_killed, 0.0 passengers_injured, 0.0 passengers_killed, 0.0 pedestrian_injured, 0.0 pedestrian_killed, Fair (Day), EDSA Timog Avenue fronting GMA 7 Station Quezon City Quezon City",MMDA Road Safety Unit,,27bf38ed-86ef-4bb9-87d0-41d888c54aa0,2014-05-01,02:35:00,EDSA front of Ramon Magsaysay Quezon City,0,0,0,0,0,0,0,0,0,0,2014-05-01 10:35,Property,14.63293559,121.0446304,No Collision Stated
None,EDSA,None,None,"No Accident Factor, No Collision Stated (based on Police Blotter Book), 0.0 drivers_injured, 0.0 drivers_killed, 0.0 passengers_injured, 0.0 passengers_killed, 0.0 pedestrian_injured, 0.0 pedestrian_killed, Fair (Day), EDSA Quezon Avenue Quezon City",MMDA Road Safety Unit,,dcc16939-948d-475e-b9f4-84812be228a2,2014-05-01,02:00:00,EDSA Monte de Piedan Quezon City,0,0,0,0,0,0,0,0,0,0,2014-05-01 10:00,Property,14.6442444,121.0375839,No Collision Stated
None,EDSA,None,None,"No Accident Factor, No Collision Stated (based on Police Blotter Book), 0.0 drivers_injured, 0.0 drivers_killed, 0.0 passengers_injured, 0.0 passengers_killed, 0.0 pedestrian_injured, 0.0 pedestrian_killed, Fair (Day), EDSA before Kaingin Road  Quezon City",MMDA Road Safety Unit,,55f61d7c-239a-4ce4-adb8-17fe1563a229,2014-04-30,23:10:00,EDSA North Avenue Barangay Bagong Pag-Asa Quezon City,0,0,0,0,0,0,0,0,0,0,2014-05-01 7:10,Property,14.65742812,121.0105636,No Collision Stated
None,EDSA,None,None,"No Accident Factor, No Collision Stated (based on Police Blotter Book), 0.0 drivers_injured, 0.0 drivers_killed, 0.0 passengers_injured, 0.0 passengers_killed, 0.0 pedestrian_injured, 0.0 pedestrian_killed, Fair (Day), EDSA Quezon Avenue U- Turn Slot Quezon City",MMDA Road Safety Unit,,57c32e5c-0e42-4daa-ae6c-7b66ec892460,2014-04-29,22:30:00,EDSA North Avenue Barangay Bagong Pag-Asa Quezon City,0,0,0,0,0,0,0,0,0,0,2014-04-30 6:30,Property,14.64307225,121.0380855,No Collision Stated
None,EDSA,None,None,"No Accident Factor, No Collision Stated (based on Police Blotter Book), 0.0 drivers_injured, 0.0 drivers_killed, 0.0 passengers_injured, 0.0 passengers_killed, 0.0 pedestrian_injured, 0.0 pedestrian_killed, Fair (Day), EDSA Kamuning Road Quezon City",MMDA Road Safety Unit,,38be3529-a615-4bab-aace-e0a870e71f33,2014-04-29,08:10:00,EDSA Aurora Blvd. Quezon City,0,0,0,0,0,0,0,0,0,0,2014-04-29 16:10,Property,14.63075725,121.0457548,No Collision Stated
None,EDSA,None,None,"No Accident Factor, No Collision Stated (based on Police Blotter Book), 0.0 drivers_injured, 0.0 drivers_killed, 0.0 passengers_injured, 0.0 passengers_killed, 0.0 pedestrian_injured, 0.0 pedestrian_killed, Fair (Day), EDSA P. Tuazon Street Cubao  Quezon City",MMDA Road Safety Unit,,bc0fc6f2-65bf-49fd-b17e-d9b966f767f1,2014-04-29,08:00:00,EDSA West Avenue Barangay Philam  Quezon City,0,0,0,0,0,0,0,0,0,0,2014-04-29 16:00,Property,14.61656342,121.0525225,No Collision Stated
None,EDSA,None,None,"No Accident Factor, No Collision Stated (based on Police Blotter Book), 0.0 drivers_injured, 0.0 drivers_killed, 0.0 passengers_injured, 0.0 passengers_killed, 0.0 pedestrian_injured, 0.0 pedestrian_killed, Fair (Day), EDSA A. Bonifacio Sgt. Rivera Street Quezon City",MMDA Road Safety Unit,,5b3fa18c-d444-44f9-aefa-c8d2b927f224,2014-04-28,22:55:00,EDSA P. Tuazon Boulevard Cubao Quezon City Quezon City,0,0,0,0,0,0,0,0,0,0,2014-04-29 6:55,Property,14.6573471,121.0009663,No Collision Stated
None,EDSA,None,None,"No Accident Factor, No Collision Stated (based on Police Blotter Book), 0.0 drivers_injured, 0.0 drivers_killed, 0.0 passengers_injured, 0.0 passengers_killed, 0.0 pedestrian_injured, 0.0 pedestrian_killed, Fair (Day), EDSA P. Tuazon Blvd.  Quezon City",MMDA Road Safety Unit,,cb5efaf2-a926-4b02-916a-8fb388b4805f,2014-04-28,09:00:00,EDSA B. Serrano Avenue Barangay Santolan  Quezon City,0,0,0,0,0,0,0,0,0,0,2014-04-28 17:00,Property,14.61656342,121.0525225,No Collision Stated
None,EDSA,None,None,"No Accident Factor, No Collision Stated (based on Police Blotter Book), 0.0 drivers_injured, 0.0 drivers_killed, 0.0 passengers_injured, 0.0 passengers_killed, 0.0 pedestrian_injured, 0.0 pedestrian_killed, Fair (Day), EDSA P. Bernardo Street Quezon City",MMDA Road Safety Unit,,ef1c55ee-d1f6-4a0d-b77c-6441e7caeb87,2014-04-28,07:15:00,EDSA Monte de Piedan Quezon City,0,0,0,0,0,0,0,0,0,0,2014-04-28 15:15,Property,14.61660092,121.0524313,No Collision Stated
None,EDSA,None,None,"No Accident Factor, No Collision Stated (based on Police Blotter Book), 0.0 drivers_injured, 0.0 drivers_killed, 0.0 passengers_injured, 0.0 passengers_killed, 0.0 pedestrian_injured, 0.0 pedestrian_killed, Fair (Night), EDSA Mother Ignacia Street  Quezon City",MMDA Road Safety Unit,,cb0b2312-ae5c-427f-b925-35ad37152537,2014-04-26,11:55:00,EDSA fronting Balintawak Market Quezon City,0,0,0,0,0,0,0,0,0,0,2014-04-26 19:55,Property,14.64220321,121.0386692,No Collision Stated
None,EDSA,None,None,"No Accident Factor, No Collision Stated (based on Police Blotter Book), 0.0 drivers_injured, 0.0 drivers_killed, 0.0 passengers_injured, 0.0 passengers_killed, 0.0 pedestrian_injured, 0.0 pedestrian_killed, Fair (Night), EDSA P. Tuazon Street  Quezon City",MMDA Road Safety Unit,,da7a68aa-1b8d-42a8-91db-e64f471fc902,2014-04-26,11:00:00,EDSA front of Baliwag Transit Quezon City,0,0,0,0,0,0,0,0,0,0,2014-04-26 19:00,Property,14.61656342,121.0525225,No Collision Stated
None,EDSA,None,None,"No Accident Factor, No Collision Stated (based on Police Blotter Book), 0.0 drivers_injured, 0.0 drivers_killed, 0.0 passengers_injured, 0.0 passengers_killed, 0.0 pedestrian_injured, 0.0 pedestrian_killed, Fair (Day), EDSA Bansalangin Street  Quezon City",MMDA Road Safety Unit,,24584f61-8fc3-44e5-9222-c11e6d09fad4,2014-04-26,02:45:00,EDSA GMA 7 MRT Station Quezon City,0,0,0,0,0,0,0,0,0,0,2014-04-26 10:45,Property,14.6567996,121.0241845,No Collision Stated
None,EDSA,None,None,"No Accident Factor, Hit Object (Flower Box, MMDA), 0.0 drivers_injured, 0.0 drivers_killed, 0.0 passengers_injured, 0.0 passengers_killed, 0.0 pedestrian_injured, 0.0 pedestrian_killed, Fair (Night), EDSA White Plains Quezon City",MMDA Road Safety Unit,,520423ac-4a3d-4fb9-8954-ff8e1dd439e1,2014-04-25,18:30:00,EDSA Front of Hypermarket before Main Avenue Barangay Socorro Quezon City,0,0,0,0,0,0,0,0,0,0,2014-04-26 2:30,Property,14.59961782,121.0596522,Hit Object