LOCATION_TEXT,ROAD,WEATHER,LIGHT,DESC,REPORTING_AGENCY,MAIN_CAUSE,INCIDENTDETAILS_ID,DATE_UTC,TIME_UTC,ADDRESS,killed_driver,killed_passenger,killed_pedestrian,injured_driver,injured_passenger,injured_pedestrian,killed_uncategorized,injured_uncategorized,killed_total,injured_total,DATETIME_PST,SEVERITY,Y,X,COLLISION_TYPE
None,EDSA,None,None,"No Accident Factor, No Collision Stated (based on Police Blotter Book), 0.0 drivers_injured, 0.0 drivers_killed, 0.0 passengers_injured, 0.0 passengers_killed, 0.0 pedestrian_injured, 0.0 pedestrian_killed, Fair (Night), EDSA Panay Avenue  Quezon City",MMDA Road Safety Unit,,bb28c2dc-c50c-4319-b0ce-2a070c7d5738,2014-04-25,12:05:00,EDSA fronting Balintawak Market Brgy Balingasa Quezon City,0,0,0,0,0,0,0,0,0,0,2014-04-25 20:05,Property,14.64294686,121.0381076,No Collision Stated
None,EDSA,None,None,"No Accident Factor, No Collision Stated (based on Police Blotter Book), 0.0 drivers_injured, 0.0 drivers_killed, 0.0 passengers_injured, 0.0 passengers_killed, 0.0 pedestrian_injured, 0.0 pedestrian_killed, Fair (Day), EDSA Fornt of Puregold Balintawak  Quezon City",MMDA Road Safety Unit,,3f66dd05-1ef0-4706-91e7-515f7bfc15ed,2014-04-25,00:00:00,EDSA Aurora Blvd. Quezon City,0,0,0,0,0,0,0,0,0,0,2014-04-25 8:00,Property,14.65740758,121.0042194,No Collision Stated
None,EDSA,None,None,"No Accident Factor, No Collision Stated (based on Police Blotter Book), 0.0 drivers_injured, 0.0 drivers_killed, 0.0 passengers_injured, 0.0 passengers_killed, 0.0 pedestrian_injured, 0.0 pedestrian_killed, Fair (Day), EDSA Front of Oriental Market  Quezon City",MMDA Road Safety Unit,,780d8f97-7cd3-4f2f-bf0f-811746ff2b0c,2014-04-24,09:10:00,EDSA OP/UP Quezon City,0,0,0,0,0,0,0,0,0,0,2014-04-24 17:10,Property,14.65740914,121.0044004,No Collision Stated
None,EDSA,None,None,"No Accident Factor, No Collision Stated (based on Police Blotter Book), 0.0 drivers_injured, 0.0 drivers_killed, 0.0 passengers_injured, 0.0 passengers_killed, 0.0 pedestrian_injured, 0.0 pedestrian_killed, Fair (Day), EDSA West Avenue Quezon City",MMDA Road Safety Unit,,7f87b07d-ea19-4f1f-9bf2-c028f8b848c6,2014-04-24,02:05:00,EDSA OP/UP Quezon City,0,0,0,0,0,0,0,0,0,0,2014-04-24 10:05,Property,14.65548924,121.0298079,No Collision Stated
None,EDSA,None,None,"No Accident Factor, No Collision Stated (based on Police Blotter Book), 0.0 drivers_injured, 0.0 drivers_killed, 0.0 passengers_injured, 0.0 passengers_killed, 0.0 pedestrian_injured, 0.0 pedestrian_killed, Fair (Day), EDSA Banahaw Street Cubao  Quezon City",MMDA Road Safety Unit,,80a5b766-9a27-4c79-bc73-ff88aa052ba9,2014-04-24,01:45:00,EDSA Before Quezon Avenue Brgy. Bagong Pag Asa Quezon City,0,0,0,0,0,0,0,0,0,0,2014-04-24 9:45,Property,14.61797303,121.0516572,No Collision Stated
None,EDSA,None,None,"No Accident Factor, No Collision Stated (based on Police Blotter Book), 0.0 drivers_injured, 0.0 drivers_killed, 0.0 passengers_injured, 0.0 passengers_killed, 0.0 pedestrian_injured, 0.0 pedestrian_killed, Fair (Day), EDSA Balintawak Market  Quezon City",MMDA Road Safety Unit,,dd172b1b-1d27-4802-a427-820f63bb2cd7,2014-04-24,00:55:00,EDSA before B. Serrano Avenue Barangay Socorro Quezon City,0,0,0,0,0,0,0,0,0,0,2014-04-24 8:55,Property,14.65740947,121.0025737,No Collision Stated
None,EDSA,None,None,"No Accident Factor, No Collision Stated (based on Police Blotter Book), 0.0 drivers_injured, 0.0 drivers_killed, 0.0 passengers_injured, 0.0 passengers_killed, 0.0 pedestrian_injured, 0.0 pedestrian_killed, Fair (Day), EDSA infront of Guzent Bldg. Quezon City",MMDA Road Safety Unit,,89f36e96-c041-49f8-9c8c-e9272bfdad28,2014-04-22,05:30:00,EDSA Quezon Avenue Quezon City  Quezon City,0,0,0,0,0,0,0,0,0,0,2014-04-22 13:30,Property,14.65747376,121.013656,No Collision Stated
None,EDSA,None,None,"No Accident Factor, No Collision Stated (based on Police Blotter Book), 0.0 drivers_injured, 0.0 drivers_killed, 0.0 passengers_injured, 0.0 passengers_killed, 0.0 pedestrian_injured, 0.0 pedestrian_killed, Fair (Day), EDSA Cloverleaf Road Quezon City",MMDA Road Safety Unit,,006e3765-38d3-40b3-bb70-c06501e982d4,2014-04-22,03:30:00,EDSA North Avenue Brgy. Bagong Pag Asa Quezon City,0,0,0,0,0,0,0,0,0,0,2014-04-22 11:30,Property,14.65747901,121.0011914,No Collision Stated
None,EDSA,None,None,"No Accident Factor, No Collision Stated (based on Police Blotter Book), 0.0 drivers_injured, 0.0 drivers_killed, 0.0 passengers_injured, 0.0 passengers_killed, 0.0 pedestrian_injured, 0.0 pedestrian_killed, Fair (Day), EDSA Monte De Piedad Street  Quezon City",MMDA Road Safety Unit,,b9f8f1da-a73b-436c-80b5-e3d20cd0daba,2014-04-21,09:10:00,EDSA Camp Aguinaldo Gate-5 Quezon City,0,0,0,0,0,0,0,0,0,0,2014-04-21 17:10,Property,14.62346937,121.0491711,No Collision Stated
None,EDSA,None,None,"No Accident Factor, Side Swipe, 0.0 drivers_injured, 0.0 drivers_killed, 0.0 passengers_injured, 0.0 passengers_killed, 0.0 pedestrian_injured, 0.0 pedestrian_killed, Fair (Day), EDSA before P. Tuazon Blvd. Brgy. Socorro Quezon City",MMDA Road Safety Unit,,7c1a1c5d-ea94-4be7-8ea0-eb0c9c9abccc,2014-04-21,01:05:00,EDSA Royal Quezon City,0,0,0,0,0,0,0,0,0,0,2014-04-21 9:05,Property,14.61673925,121.0521035,Side Swipe
None,EDSA,None,None,"No Accident Factor, Multiple Collision, 0.0 drivers_injured, 0.0 drivers_killed, 0.0 passengers_injured, 0.0 passengers_killed, 0.0 pedestrian_injured, 0.0 pedestrian_killed, Fair (Day), EDSA before Farmers Market Brgy. Socorro  Quezon City",MMDA Road Safety Unit,,349ec31a-2b89-4b37-a351-4296b20a27f2,2014-04-20,23:40:00,EDSA fronting Paramount Quezon City,0,0,0,0,0,0,0,0,0,0,2014-04-21 7:40,Property,14.62041926,121.0504136,Multiple
None,EDSA,None,None,"No Accident Factor, No Collision Stated (based on Police Blotter Book), 0.0 drivers_injured, 0.0 drivers_killed, 0.0 passengers_injured, 0.0 passengers_killed, 0.0 pedestrian_injured, 0.0 pedestrian_killed, Fair (Day), EDSA Roosevelt Avenue  Quezon City",MMDA Road Safety Unit,,0c7710e8-a19b-42cc-8bdf-428471ac5a1d,2014-04-20,02:15:00,EDSA Kamuning Road(SB) Quezon City,0,0,0,0,0,0,0,0,0,0,2014-04-20 10:15,Property,14.65762047,121.0196373,No Collision Stated
None,EDSA,None,None,"No Accident Factor, Side Swipe, 0.0 drivers_injured, 0.0 drivers_killed, 0.0 passengers_injured, 0.0 passengers_killed, 0.0 pedestrian_injured, 0.0 pedestrian_killed, Fair (Day), EDSA before White Plains Avenue Brgy. White Plains  Quezon City",MMDA Road Safety Unit,,068b9663-34f6-4ab3-abae-98952060d514,2014-04-19,03:30:00,EDSA U Turn Slot Iglesia ni Cristo Brgy. Katipu Quezon City,0,0,0,0,0,0,0,0,0,0,2014-04-19 11:30,Property,14.59936087,121.0598067,Side Swipe
None,EDSA,None,None,"No Accident Factor, Angle Impact, 0.0 drivers_injured, 0.0 drivers_killed, 0.0 passengers_injured, 0.0 passengers_killed, 0.0 pedestrian_injured, 0.0 pedestrian_killed, Fair (Day), EDSA Santolan (NB)  Quezon City",MMDA Road Safety Unit,,19c580fc-0c86-4f83-9320-5aec68057210,2014-04-19,03:00:00,EDSA New York Street Barangay E. Rodriguez  Quezon City,0,0,0,0,0,0,0,0,0,0,2014-04-19 11:00,Property,14.61090554,121.0550155,Angle Impact
None,EDSA,None,None,"No Accident Factor, Rear-end, 0.0 drivers_injured, 0.0 drivers_killed, 0.0 passengers_injured, 0.0 passengers_killed, 0.0 pedestrian_injured, 0.0 pedestrian_killed, Fair (Day), EDSA fronting Five Star Bus Terminal Brgy. E. Rodriguez Quezon City",MMDA Road Safety Unit,,c06ddaef-1938-4fb6-81fe-bd4dea07f245,2014-04-17,05:30:00,EDSA North Road & Main Ave. Quezon City,0,0,0,0,0,0,0,0,0,0,2014-04-17 13:30,Property,14.62380284,121.0492837,Rear-End
None,EDSA,None,None,"No Accident Factor, No Collision Stated (based on Police Blotter Book), 0.0 drivers_injured, 0.0 drivers_killed, 0.0 passengers_injured, 0.0 passengers_killed, 0.0 pedestrian_injured, 0.0 pedestrian_killed, Fair (Night), EDSA JAM Liner Terminal  Quezon City",MMDA Road Safety Unit,,1cafef75-b97f-4a5c-8a31-a34744f9e3e1,2014-04-16,21:30:00,EDSA Quezon Avenue  Quezon City,0,0,0,0,0,0,0,0,0,0,2014-04-17 5:30,Property,14.63113373,121.0455992,No Collision Stated
None,EDSA,None,None,"No Accident Factor, No Collision Stated (based on Police Blotter Book), 0.0 drivers_injured, 0.0 drivers_killed, 0.0 passengers_injured, 0.0 passengers_killed, 0.0 pedestrian_injured, 0.0 pedestrian_killed, Fair (Night), EDSA Cubao  Quezon City",MMDA Road Safety Unit,,bcc5653b-1ec2-4447-bd73-9e46c3dbefe1,2014-04-16,10:30:00,EDSA P. Tuazon Boulevard Barangay Socorro Quezon City,0,0,0,0,0,0,0,0,0,0,2014-04-16 18:30,Property,14.61956389,121.0510595,No Collision Stated
None,EDSA,None,None,"No Accident Factor, Side Swipe, 0.0 drivers_injured, 0.0 drivers_killed, 0.0 passengers_injured, 0.0 passengers_killed, 0.0 pedestrian_injured, 0.0 pedestrian_killed, Fair (Day), EDSA fronting SM Hyper Market before Main Avenue  Quezon City",MMDA Road Safety Unit,,3c0cf607-32f4-4ea0-9fab-2e6e9e0875b4,2014-04-16,09:50:00,"EDSA U Turn Slot,North Avenue Quezon City",0,0,0,0,0,0,0,0,0,0,2014-04-16 17:50,Property,14.61400984,121.053672,Side Swipe
None,EDSA,None,None,"No Accident Factor, No Collision Stated (based on Police Blotter Book), 0.0 drivers_injured, 0.0 drivers_killed, 0.0 passengers_injured, 0.0 passengers_killed, 0.0 pedestrian_injured, 0.0 pedestrian_killed, Fair (Day), EDSA Kaingin Road Quezon City",MMDA Road Safety Unit,,3bd00c20-9043-46da-aeb0-1eb7115b402f,2014-04-16,03:15:00,EDSA Santolan MRT Station  Quezon City,0,0,0,0,0,0,0,0,0,0,2014-04-16 11:15,Property,14.65746493,121.0109963,No Collision Stated
None,EDSA,None,None,"No Accident Factor, No Collision Stated (based on Police Blotter Book), 0.0 drivers_injured, 0.0 drivers_killed, 0.0 passengers_injured, 0.0 passengers_killed, 0.0 pedestrian_injured, 0.0 pedestrian_killed, Fair (Day), EDSA West Avenue  Quezon City",MMDA Road Safety Unit,,ba00e837-c201-4f41-bb37-8f22684a33fd,2014-04-16,02:05:00,EDSA Walter Mart Quezon City,0,0,0,0,0,0,0,0,0,0,2014-04-16 10:05,Property,14.65548924,121.0298079,No Collision Stated
None,EDSA,None,None,"No Accident Factor, No Collision Stated (based on Police Blotter Book), 0.0 drivers_injured, 0.0 drivers_killed, 0.0 passengers_injured, 0.0 passengers_killed, 0.0 pedestrian_injured, 0.0 pedestrian_killed, Fair (Night), EDSA corner Corregidor Street Quezon City",MMDA Road Safety Unit,,00bfeb47-36eb-4a31-a977-d67ec0527d6d,2014-04-15,12:00:00,EDSA Aurora Boulevard Barangay Socorro Quezon City,0,0,0,0,0,0,0,0,0,0,2014-04-15 20:00,Property,14.65702822,121.0240768,No Collision Stated
None,EDSA,None,None,"No Accident Factor, Side Swipe, 0.0 drivers_injured, 0.0 drivers_killed, 0.0 passengers_injured, 0.0 passengers_killed, 0.0 pedestrian_injured, 0.0 pedestrian_killed, Fair (Day), EDSA Ortigas Avenue Barangay Ugong Norte Quezon City",MMDA Road Safety Unit,,89adde55-82eb-479e-8c2d-8d292f297e05,2014-04-15,06:05:00,EDSA Aurora Boulevard Barangay Socorro Quezon City,0,0,0,0,0,0,0,0,0,0,2014-04-15 14:05,Property,14.59275486,121.0584221,Side Swipe
None,EDSA,None,None,"No Accident Factor, No Collision Stated (based on Police Blotter Book), 0.0 drivers_injured, 0.0 drivers_killed, 0.0 passengers_injured, 0.0 passengers_killed, 0.0 pedestrian_injured, 0.0 pedestrian_killed, Fair (Day), EDSA Boni Serrano Street  Quezon City",MMDA Road Safety Unit,,f25b5cda-2a4b-47bc-aa17-0fef9e1e9b27,2014-04-14,03:00:00,EDSA Royal St. Bgy. Apolonio Samson Quezon City,0,0,0,0,0,0,0,0,0,0,2014-04-14 11:00,Property,14.61098097,121.055172,No Collision Stated
None,EDSA,None,None,"No Accident Factor, No Collision Stated (based on Police Blotter Book), 0.0 drivers_injured, 0.0 drivers_killed, 0.0 passengers_injured, 0.0 passengers_killed, 0.0 pedestrian_injured, 0.0 pedestrian_killed, Fair (Day), EDSA Quezon Avenue  Quezon City",MMDA Road Safety Unit,,b5a4d8df-d0c8-4d45-94f1-9ab67a7fc8b8,2014-04-13,22:10:00,EDSA OP / UP Balingasa Quezon City Quezon City,0,0,0,0,0,0,0,0,0,0,2014-04-14 6:10,Property,14.6442444,121.0375839,No Collision Stated
None,EDSA,None,None,"No Accident Factor, No Collision Stated (based on Police Blotter Book), 1.0 drivers_injured, 0.0 drivers_killed, 1.0 passengers_injured, 0.0 passengers_killed, 0.0 pedestrian_injured, 0.0 pedestrian_killed, Fair (Night), EDSA Corinthian Garden Subdivision Quezon City",MMDA Road Safety Unit,,798dd219-9a09-461c-8478-0be530eac345,2014-04-13,21:35:00,EDSA Misamis Street Brgy. Sto.Cristo  Quezon City,0,0,0,1,1,0,0,0,0,2,2014-04-14 5:35,Injury,14.59580783,121.0595248,No Collision Stated
None,EDSA,None,None,"No Accident Factor, Side Swipe, 0.0 drivers_injured, 0.0 drivers_killed, 0.0 passengers_injured, 0.0 passengers_killed, 0.0 pedestrian_injured, 0.0 pedestrian_killed, Fair (Night), EDSA Mapagmahal Street Quezon City",MMDA Road Safety Unit,,cfa12b05-3c8b-4520-86f8-2bd090aa1db8,2014-04-13,15:30:00,EDSA Mindanao Avenue Trinoma  Quezon City,0,0,0,0,0,0,0,0,0,0,2014-04-13 23:30,Property,14.63185046,121.0455315,Side Swipe
None,EDSA,None,None,"No Accident Factor, No Collision Stated (based on Police Blotter Book), 0.0 drivers_injured, 0.0 drivers_killed, 0.0 passengers_injured, 0.0 passengers_killed, 0.0 pedestrian_injured, 0.0 pedestrian_killed, Fair (Day), EDSA Arayat Street  Quezon City",MMDA Road Safety Unit,,24097102-3589-47b1-a20e-d07c3d189db0,2014-04-13,09:15:00,"EDSA Balintawak Public Market, Bgy. Balingasa Quezon City",0,0,0,0,0,0,0,0,0,0,2014-04-13 17:15,Property,14.61961124,121.0508602,No Collision Stated
None,EDSA,None,None,"No Accident Factor, No Collision Stated (based on Police Blotter Book), 0.0 drivers_injured, 0.0 drivers_killed, 0.0 passengers_injured, 0.0 passengers_killed, 0.0 pedestrian_injured, 0.0 pedestrian_killed, Fair (Day), EDSA Misamis Street Barangay Santo Cristo  Quezon City",MMDA Road Safety Unit,,dabe74f9-0321-4b74-bd36-1205aa4f7ac5,2014-04-12,08:40:00,EDSA West Ave.  Quezon City,0,0,0,0,0,0,0,0,0,0,2014-04-12 16:40,Property,14.65602348,121.0285212,No Collision Stated
None,EDSA,None,None,"No Accident Factor, No Collision Stated (based on Police Blotter Book), 0.0 drivers_injured, 0.0 drivers_killed, 0.0 passengers_injured, 0.0 passengers_killed, 0.0 pedestrian_injured, 0.0 pedestrian_killed, Fair (Night), EDSA Kaingin Road Quezon City",MMDA Road Safety Unit,,2eba19bf-4af8-463c-981c-8bf3955526e6,2014-04-11,12:35:00,EDSA Santolan Road Quezon City,0,0,0,0,0,0,0,0,0,0,2014-04-11 20:35,Property,14.65746493,121.0109963,No Collision Stated
None,EDSA,None,None,"No Accident Factor, No Collision Stated (based on Police Blotter Book), 0.0 drivers_injured, 0.0 drivers_killed, 0.0 passengers_injured, 0.0 passengers_killed, 0.0 pedestrian_injured, 0.0 pedestrian_killed, Fair (Day), EDSA Cloverleaf Blintawak  Quezon City",MMDA Road Safety Unit,,079990a4-79d5-47ab-9932-a3d799984e34,2014-04-11,06:05:00,EDSA Mindanao Avenue Extn. Quezon City  Quezon City,0,0,0,0,0,0,0,0,0,0,2014-04-11 14:05,Property,14.65740144,121.0008553,No Collision Stated
None,EDSA,None,None,"No Accident Factor, Hit and Run (Side Swipe), 1.0 drivers_injured, 0.0 drivers_killed, 0.0 passengers_injured, 0.0 passengers_killed, 0.0 pedestrian_injured, 0.0 pedestrian_killed, Fair (Day), EDSA before North Avenue Barangay Bagong Pag-Asa Quezon City",MMDA Road Safety Unit,,5ec51a65-c6ac-49c1-a9ad-37361fe0c232,2014-04-11,06:00:00,EDSA Water Mrt Super Market Brgy. Katipu  Quezon City,0,0,0,1,0,0,0,0,0,1,2014-04-11 14:00,Injury,14.65549338,121.0302966,Side Swipe
None,EDSA,None,None,"No Accident Factor, No Collision Stated (based on Police Blotter Book), 0.0 drivers_injured, 0.0 drivers_killed, 0.0 passengers_injured, 0.0 passengers_killed, 0.0 pedestrian_injured, 0.0 pedestrian_killed, Fair (Day), EDSA Aurora Blvd. Quezon City",MMDA Road Safety Unit,,2b18d640-5bb4-4b53-9f11-120f5829e889,2014-04-11,05:05:00,EDSA Quezon Avenue  Quezon City,0,0,0,0,0,0,0,0,0,0,2014-04-11 13:05,Property,14.62163653,121.0501573,No Collision Stated
None,EDSA,None,None,"No Accident Factor, No Collision Stated (based on Police Blotter Book), 0.0 drivers_injured, 0.0 drivers_killed, 0.0 passengers_injured, 0.0 passengers_killed, 0.0 pedestrian_injured, 0.0 pedestrian_killed, Fair (Day), EDSA North Boulevard before Quezon Avenue Barangay Bagong Pag-Asa  Quezon City",MMDA Road Safety Unit,,de903c21-7ed1-4e38-822a-dd587efa2d08,2014-04-11,04:15:00,EDSA fronting Paramount Quezon City,0,0,0,0,0,0,0,0,0,0,2014-04-11 12:15,Property,14.65553839,121.0299647,No Collision Stated
None,EDSA,None,None,"No Accident Factor, No Collision Stated (based on Police Blotter Book), 0.0 drivers_injured, 0.0 drivers_killed, 0.0 passengers_injured, 0.0 passengers_killed, 0.0 pedestrian_injured, 0.0 pedestrian_killed, Fair (Day), EDSA New York Street  Quezon City",MMDA Road Safety Unit,,7b73f016-b97a-4de1-b789-100ec23cc409,2014-04-11,03:45:00,EDSA North Avenue Brgy. Bagong Pag Asa Quezon City,0,0,0,0,0,0,0,0,0,0,2014-04-11 11:45,Property,14.62568514,121.0482307,No Collision Stated
None,EDSA,None,None,"No Accident Factor, Side Swipe, 0.0 drivers_injured, 0.0 drivers_killed, 0.0 passengers_injured, 0.0 passengers_killed, 0.0 pedestrian_injured, 0.0 pedestrian_killed, Fair (Day), EDSA Ortigas Avenue Barangay Ugong Norte Quezon City",MMDA Road Safety Unit,,9fce4b3d-3cf1-4fb9-a7d1-fc6796008907,2014-04-11,03:30:00,EDSA Ermin Garcia St. Quezon City,0,0,0,0,0,0,0,0,0,0,2014-04-11 11:30,Property,14.59275486,121.0584221,Side Swipe
None,EDSA,None,None,"No Accident Factor, Rear-end, 0.0 drivers_injured, 0.0 drivers_killed, 0.0 passengers_injured, 0.0 passengers_killed, 0.0 pedestrian_injured, 0.0 pedestrian_killed, Fair (Day), EDSA Front of Nepa Q-Mart Barangay West Kamias  Quezon City",MMDA Road Safety Unit,,8f221926-8052-47e0-b467-5046dca38358,2014-04-11,03:00:00,EDSA Cloverleaf Road Bgy. Balingasa Quezon City,0,0,0,0,0,0,0,0,0,0,2014-04-11 11:00,Property,14.62813969,121.0472513,Rear-End
None,EDSA,None,None,"No Accident Factor, Rear-end, 0.0 drivers_injured, 0.0 drivers_killed, 0.0 passengers_injured, 0.0 passengers_killed, 0.0 pedestrian_injured, 0.0 pedestrian_killed, Fair (Day), EDSA Front of Farmers Plaza Barangay Socorro Cubao Quezon City",MMDA Road Safety Unit,,887bfb64-65c2-4fd5-ba29-425b85bf1e70,2014-04-10,23:55:00,EDSA West Ave.  Quezon City,0,0,0,0,0,0,0,0,0,0,2014-04-11 7:55,Property,14.61911452,121.0513631,Rear-End
None,EDSA,None,None,"No Accident Factor, No Collision Stated (based on Police Blotter Book), 0.0 drivers_injured, 0.0 drivers_killed, 0.0 passengers_injured, 0.0 passengers_killed, 0.0 pedestrian_injured, 0.0 pedestrian_killed, Fair (Night), EDSA Nueva Viscaya Street Barangay Ramon Magsaysay Quezon City",MMDA Road Safety Unit,,0cc2fa90-57aa-4313-ad0f-dc636c8df5e1,2014-04-10,13:30:00,EDSA West Ave. Bgy. Philam  Quezon City,0,0,0,0,0,0,0,0,0,0,2014-04-10 21:30,Property,14.65665894,121.026062,No Collision Stated
None,EDSA,None,None,"No Accident Factor, No Collision Stated (based on Police Blotter Book), 0.0 drivers_injured, 0.0 drivers_killed, 0.0 passengers_injured, 0.0 passengers_killed, 0.0 pedestrian_injured, 0.0 pedestrian_killed, Fair (Day), EDSA Quezon Avenue Barangay South Triangle Quezon City",MMDA Road Safety Unit,,675adbdb-4e7c-46ee-8055-e56e26922033,2014-04-10,03:50:00,EDSA Aurora Blvd. Quezon City,0,0,0,0,0,0,0,0,0,0,2014-04-10 11:50,Property,14.6442444,121.0375839,Angle Impact
None,EDSA,None,None,"No Accident Factor, No Collision Stated (based on Police Blotter Book), 0.0 drivers_injured, 0.0 drivers_killed, 0.0 passengers_injured, 0.0 passengers_killed, 0.0 pedestrian_injured, 0.0 pedestrian_killed, Fair (Night), EDSA P. Bernardo St. Quezon City",MMDA Road Safety Unit,,8b1ac6dc-9ec9-44c1-94bb-91785f2835a0,2014-04-09,11:00:00,EDSA before Main Ave. Quezon City,0,0,0,0,0,0,0,0,0,0,2014-04-09 19:00,Property,14.61660092,121.0524313,No Collision Stated
None,EDSA,None,None,"No Accident Factor, No Collision Stated (based on Police Blotter Book), 0.0 drivers_injured, 0.0 drivers_killed, 0.0 passengers_injured, 0.0 passengers_killed, 0.0 pedestrian_injured, 0.0 pedestrian_killed, Fair (Night), EDSA Cloverleaf Service Road Quezon City",MMDA Road Safety Unit,,9d98c030-d0ca-4e4f-964c-fb2a7af45e78,2014-04-08,11:40:00,EDSA Timog Ave.  Quezon City,0,0,0,0,0,0,0,0,0,0,2014-04-08 19:40,Property,14.65747901,121.0011914,No Collision Stated
None,EDSA,None,None,"No Accident Factor, No Collision Stated (based on Police Blotter Book), 0.0 drivers_injured, 0.0 drivers_killed, 0.0 passengers_injured, 0.0 passengers_killed, 0.0 pedestrian_injured, 0.0 pedestrian_killed, Fair (Night), EDSA Misamis Street Barangay Santo Cristo  Quezon City",MMDA Road Safety Unit,,21db72da-2acd-4cd6-9455-0db1cebd6f47,2014-04-08,10:00:00,EDSA fronting INC Church Brgy. Ramon Magsaysay  Quezon City,0,0,0,0,0,0,0,0,0,0,2014-04-08 18:00,Property,14.65602348,121.0285212,No Collision Stated
None,EDSA,None,None,"No Accident Factor, Rear-end, 0.0 drivers_injured, 0.0 drivers_killed, 0.0 passengers_injured, 0.0 passengers_killed, 0.0 pedestrian_injured, 0.0 pedestrian_killed, Fair (Day), EDSA Aurora Boulevard Bsrangay Socorro Quezon City",MMDA Road Safety Unit,,db547896-cd41-4985-a962-4243bfcc30c0,2014-04-08,09:30:00,"EDSA before Kamuning Road, Meralco Quezon City",0,0,0,0,0,0,0,0,0,0,2014-04-08 17:30,Property,14.6218043,121.0502049,Rear-End
None,EDSA,None,None,"No Accident Factor, Rear-end, 0.0 drivers_injured, 0.0 drivers_killed, 0.0 passengers_injured, 0.0 passengers_killed, 0.0 pedestrian_injured, 0.0 pedestrian_killed, Fair (Day), EDSA Aurora Boulevard Barangay Socorro Quezon City",MMDA Road Safety Unit,,5684f5ef-9b00-4723-b931-c339c295b9bf,2014-04-08,09:30:00,EDSA Roosevelt Ave. Bgy. San Antonio Quezon City,0,0,0,0,0,0,0,0,0,0,2014-04-08 17:30,Property,14.6218043,121.0502049,Rear-End
None,EDSA,None,None,"No Accident Factor, Hit Object (Pushdcart), 0.0 drivers_injured, 0.0 drivers_killed, 0.0 passengers_injured, 0.0 passengers_killed, 0.0 pedestrian_injured, 0.0 pedestrian_killed, Fair (Day), EDSA Bansalangin Street Barangay Veterans Quezon City",MMDA Road Safety Unit,,521edecb-499f-4e46-91ea-49c4a0fbd8f2,2014-04-08,00:30:00,"EDSA Misamis St., Brgy. Bagong Pag Asa Quezon City",0,0,0,0,0,0,0,0,0,0,2014-04-08 8:30,Property,14.6567996,121.0241845,Hit Object
None,EDSA,None,None,"No Accident Factor, No Collision Stated (based on Police Blotter Book), 0.0 drivers_injured, 0.0 drivers_killed, 0.0 passengers_injured, 0.0 passengers_killed, 0.0 pedestrian_injured, 0.0 pedestrian_killed, Fair (Night), EDSA East Avenue Quezon City",MMDA Road Safety Unit,,7ab0ae50-38c1-4b03-b1ac-f37ce3a58679,2014-04-07,18:40:00,"EDSA Misamis St., Brgy. Bagong Pag Asa Quezon City",0,0,0,0,0,0,0,0,0,0,2014-04-08 2:40,Property,14.6328297,121.0451176,No Collision Stated
None,EDSA,None,None,"No Accident Factor, Side Swipe, 0.0 drivers_injured, 0.0 drivers_killed, 0.0 passengers_injured, 0.0 passengers_killed, 0.0 pedestrian_injured, 0.0 pedestrian_killed, Fair (Day), EDSA before Serrano Avenue Quezon City",MMDA Road Safety Unit,,e3662713-034f-4ee5-b223-f25dd8e6f7be,2014-04-07,08:00:00,EDSA fronting Victory Liner Bus Terminal Bgy.Pinyahan Quezon City,0,0,0,0,0,0,0,0,0,0,2014-04-07 16:00,Property,14.61065696,121.0553123,Side Swipe
None,EDSA,None,None,"No Accident Factor, No Collision Stated (based on Police Blotter Book), 0.0 drivers_injured, 0.0 drivers_killed, 0.0 passengers_injured, 0.0 passengers_killed, 0.0 pedestrian_injured, 0.0 pedestrian_killed, Fair (Day), EDSA Quezon Avenue Barangay Bagong Pag-Asa  Quezon City",MMDA Road Safety Unit,,6284e6b0-08ec-4923-a5ae-1db243ca2c65,2014-04-06,23:00:00,EDSA Timog Ave.  Quezon City,0,0,0,0,0,0,0,0,0,0,2014-04-07 7:00,Property,14.6442444,121.0375839,No Collision Stated