LOCATION_TEXT,ROAD,WEATHER,LIGHT,DESC,REPORTING_AGENCY,MAIN_CAUSE,INCIDENTDETAILS_ID,DATE_UTC,TIME_UTC,ADDRESS,killed_driver,killed_passenger,killed_pedestrian,injured_driver,injured_passenger,injured_pedestrian,killed_uncategorized,injured_uncategorized,killed_total,injured_total,DATETIME_PST,SEVERITY,Y,X,COLLISION_TYPE
None,EDSA,None,None,"No Accident Factor, No Collision Stated (based on Police Blotter Book), 0.0 drivers_injured, 0.0 drivers_killed, 0.0 passengers_injured, 0.0 passengers_killed, 0.0 pedestrian_injured, 0.0 pedestrian_killed, Fair (Night), EDSA Quezon Ave. Quezon City",MMDA Road Safety Unit,,be5c8965-bb24-455f-af1b-8bb31544ee8b,2014-04-06,11:25:00,EDSA Howmart Road Brgy. Kaingin Quezon City,0,0,0,0,0,0,0,0,0,0,2014-04-06 19:25,Property,14.6442444,121.0375839,No Collision Stated
None,EDSA,None,None,"No Accident Factor, No Collision Stated (based on Police Blotter Book), 0.0 drivers_injured, 0.0 drivers_killed, 0.0 passengers_injured, 0.0 passengers_killed, 0.0 pedestrian_injured, 0.0 pedestrian_killed, Fair (Day), EDSA Timog Ave. Quezon City",MMDA Road Safety Unit,,90b86e8e-86c2-477e-8186-e3988538106a,2014-04-05,23:45:00,EDSA U Turn Slot InQuezon City Academy Brgy Ramon Magsaysay Quezon City,0,0,0,0,0,0,0,0,0,0,2014-04-06 7:45,Property,14.63293559,121.0446304,No Collision Stated
None,EDSA,None,None,"No Accident Factor, Side Swipe, 0.0 drivers_injured, 0.0 drivers_killed, 0.0 passengers_injured, 0.0 passengers_killed, 0.0 pedestrian_injured, 0.0 pedestrian_killed, Fair (Day), EDSA East Avenue Quezon City",MMDA Road Safety Unit,,1fb6e71f-0b6c-4d96-84ac-4d7ad0f3b88e,2014-04-05,09:10:00,EDSA Royal St. Bgy. Apolonio Samson Quezon City,0,0,0,0,0,0,0,0,0,0,2014-04-05 17:10,Property,14.6328297,121.0451176,Side Swipe
None,EDSA,None,None,"No Accident Factor, No Collision Stated (based on Police Blotter Book), 0.0 drivers_injured, 0.0 drivers_killed, 0.0 passengers_injured, 0.0 passengers_killed, 0.0 pedestrian_injured, 0.0 pedestrian_killed, Fair (Day), EDSA Kamuning Road Quezon City",MMDA Road Safety Unit,,4e17f60e-0f33-4422-bea6-08d549be8d1f,2014-04-04,06:25:00,EDSA B. Serrano Ave. Quezon City,0,0,0,0,0,0,0,0,0,0,2014-04-04 14:25,Property,14.63075725,121.0457548,No Collision Stated
None,EDSA,None,None,"No Accident Factor, No Collision Stated (based on Police Blotter Book), 0.0 drivers_injured, 0.0 drivers_killed, 0.0 passengers_injured, 0.0 passengers_killed, 0.0 pedestrian_injured, 0.0 pedestrian_killed, Fair (Night), EDSA Front of Balintawak Market Quezon City Quezon City",MMDA Road Safety Unit,,a152a788-d487-4f0a-a79c-8af9e3659d0f,2014-04-02,13:30:00,EDSA Quezon Avenue Brgy Central Quezon City,0,0,0,0,0,0,0,0,0,0,2014-04-02 21:30,Property,14.6573787,121.0027221,No Collision Stated
None,EDSA,None,None,"No Accident Factor, Side Swipe, 0.0 drivers_injured, 0.0 drivers_killed, 0.0 passengers_injured, 0.0 passengers_killed, 0.0 pedestrian_injured, 0.0 pedestrian_killed, Fair (Day), EDSA Front of Camp Aguinaldo Barangay Socorro Quezon City",MMDA Road Safety Unit,,8665e0dd-9549-4962-88e2-520e017060d4,2014-04-01,02:40:00,EDSA Before North Avenue Brgy Philam Quezon City,0,0,0,0,0,0,0,0,0,0,2014-04-01 10:40,Property,14.60470207,121.0580361,Side Swipe
None,EDSA,None,None,"No Accident Factor, Rear-end, 0.0 drivers_injured, 0.0 drivers_killed, 0.0 passengers_injured, 0.0 passengers_killed, 0.0 pedestrian_injured, 0.0 pedestrian_killed, Fair (Day), EDSA before B. Serrano Avenue Barangay Socorro Quezon City",MMDA Road Safety Unit,,a58db055-10c9-4fc6-b908-ba6711780a38,2014-04-01,02:05:00,"EDSA fronting DILG Bldg., before Mapagmahal St., Bgy.Pinyahan Quezon City",0,0,0,0,0,0,0,0,0,0,2014-04-01 10:05,Property,14.6109978,121.0548968,Rear-End
None,EDSA,None,None,"No Accident Factor, No Collision Stated (based on Police Blotter Book), 0.0 drivers_injured, 0.0 drivers_killed, 0.0 passengers_injured, 0.0 passengers_killed, 0.0 pedestrian_injured, 0.0 pedestrian_killed, Fair (Night), EDSA Timog Avenue Quezon City Quezon City",MMDA Road Safety Unit,,63e3f7c1-51e5-40f2-9dd9-a5c3cb918676,2014-03-31,11:50:00,EDSA OP / UP Balintawak Bgy. Ug Sigaw Quezon City,0,0,0,0,0,0,0,0,0,0,2014-03-31 19:50,Property,14.63293559,121.0446304,No Collision Stated
None,EDSA,None,None,"No Accident Factor, No Collision Stated (based on Police Blotter Book), 0.0 drivers_injured, 0.0 drivers_killed, 0.0 passengers_injured, 0.0 passengers_killed, 0.0 pedestrian_injured, 0.0 pedestrian_killed, Fair (Night), EDSA Kamias Road  Quezon City",MMDA Road Safety Unit,,b96eb031-d6b4-4078-8226-4e9173926aec,2014-03-31,11:00:00,EDSA North Ave. Bgy. Pag-asa Quezon City,0,0,0,0,0,0,0,0,0,0,2014-03-31 19:00,Property,14.6309142,121.0459376,No Collision Stated
None,EDSA,None,None,"No Accident Factor, Rear-end, 0.0 drivers_injured, 0.0 drivers_killed, 0.0 passengers_injured, 0.0 passengers_killed, 0.0 pedestrian_injured, 0.0 pedestrian_killed, Fair (Day), EDSA Aurora Boulevard Cubao Quezon City Quezon City",MMDA Road Safety Unit,,55283652-ebbd-421e-acb6-7b771e321c0c,2014-03-31,03:00:00,EDSA  Aurora Blvd.  Quezon City,0,0,0,0,0,0,0,0,0,0,2014-03-31 11:00,Property,14.6218043,121.0502049,Rear-End
None,EDSA,None,None,"No Accident Factor, No Collision Stated (based on Police Blotter Book), 0.0 drivers_injured, 0.0 drivers_killed, 1.0 passengers_injured, 0.0 passengers_killed, 0.0 pedestrian_injured, 0.0 pedestrian_killed, Fair (Day), EDSA K - 3rd Street Kamuning Quezon City Quezon City",MMDA Road Safety Unit,,13f65416-c4dd-4d04-8cbb-b3e95623d996,2014-03-30,23:30:00,EDSA OP / UP Bgy. Balingasa Quezon City,0,0,0,0,1,0,0,0,0,1,2014-03-31 7:30,Injury,14.62942357,121.0463854,No Collision Stated
None,EDSA,None,None,"No Accident Factor, No Collision Stated (based on Police Blotter Book), 0.0 drivers_injured, 0.0 drivers_killed, 0.0 passengers_injured, 0.0 passengers_killed, 0.0 pedestrian_injured, 0.0 pedestrian_killed, Fair (Day), EDSA Aurora Blvd. Quezon City",MMDA Road Safety Unit,,c5c640cc-125e-4525-ab80-5e8a3ad606e3,2014-03-30,07:00:00,EDSA  New York St.  Quezon City,0,0,0,0,0,0,0,0,0,0,2014-03-30 15:00,Property,14.62163653,121.0501573,No Collision Stated
None,EDSA,None,None,"No Accident Factor, No Collision Stated (based on Police Blotter Book), 0.0 drivers_injured, 0.0 drivers_killed, 0.0 passengers_injured, 0.0 passengers_killed, 0.0 pedestrian_injured, 0.0 pedestrian_killed, Fair (Day), EDSA Aurora Blvd. Quezon City",MMDA Road Safety Unit,,57597233-f4ae-451f-b687-8f19078386a6,2014-03-30,00:00:00,EDSA  Quezon Ave.  Quezon City,0,0,0,0,0,0,0,0,0,0,2014-03-30 8:00,Property,14.62163653,121.0501573,No Collision Stated
None,EDSA,None,None,"No Accident Factor, Hit and Run (No Collision Stated), 0.0 drivers_injured, 0.0 drivers_killed, 0.0 passengers_injured, 0.0 passengers_killed, 0.0 pedestrian_injured, 0.0 pedestrian_killed, Fair (Day), EDSA Front of E. S. Bus Terminal Cubao  Quezon City",MMDA Road Safety Unit,,12dd0fc5-dab1-4ca6-81f1-871aa1644c60,2014-03-29,03:30:00,EDSA  Kamuning Road  Quezon City,0,0,0,0,0,0,0,0,0,0,2014-03-29 11:30,Property,14.6250807,121.048656,No Collision Stated
None,EDSA,None,None,"No Accident Factor, No Collision Stated (based on Police Blotter Book), 0.0 drivers_injured, 0.0 drivers_killed, 0.0 passengers_injured, 0.0 passengers_killed, 0.0 pedestrian_injured, 0.0 pedestrian_killed, Fair (Night), EDSA infront of SM Mall Brgy Pagasa Quezon City",MMDA Road Safety Unit,,af7bf112-5f30-4d1e-a6b5-c19aff9fa051,2014-03-28,12:00:00,EDSA Infront of Balintawak Market Brgy Balingasa Quezon City,0,0,0,0,0,0,0,0,0,0,2014-03-28 20:00,Property,14.6561676,121.0278777,No Collision Stated
None,EDSA,None,None,"No Accident Factor, No Collision Stated (based on Police Blotter Book), 0.0 drivers_injured, 0.0 drivers_killed, 0.0 passengers_injured, 0.0 passengers_killed, 0.0 pedestrian_injured, 0.0 pedestrian_killed, Fair (Night), EDSA Front of GMA 7 Quezon City",MMDA Road Safety Unit,,d46ce257-b0b8-49a5-bfc1-8fd51e08f7d4,2014-03-28,10:50:00,EDSA  Kamias Road  Quezon City,0,0,0,0,0,0,0,0,0,0,2014-03-28 18:50,Property,14.63375652,121.0441566,No Collision Stated
None,EDSA,None,None,"No Accident Factor, No Collision Stated (based on Police Blotter Book), 0.0 drivers_injured, 0.0 drivers_killed, 0.0 passengers_injured, 0.0 passengers_killed, 0.0 pedestrian_injured, 0.0 pedestrian_killed, Fair (Day), EDSA before Metro Rail Transit GMA - Kamuning Quezon City",MMDA Road Safety Unit,,e2546079-2d6c-4dea-b555-99a84d61e6cc,2014-03-28,06:30:00,EDSA GMA Network Drive Quezon City,0,0,0,0,0,0,0,0,0,0,2014-03-28 14:30,Property,14.63523392,121.0432742,No Collision Stated
None,EDSA,None,None,"No Accident Factor, No Collision Stated (based on Police Blotter Book), 0.0 drivers_injured, 0.0 drivers_killed, 0.0 passengers_injured, 0.0 passengers_killed, 0.0 pedestrian_injured, 0.0 pedestrian_killed, Fair (Day), EDSA Front of Lucena Bus Lines Terminal Quezon City",MMDA Road Safety Unit,,8f9853ec-a0cb-4ed4-8130-16e34189443c,2014-03-28,05:45:00,EDSA  North Ave. Bgy. Pag-asa Quezon City,0,0,0,0,0,0,0,0,0,0,2014-03-28 13:45,Property,14.63169432,121.0455869,No Collision Stated
None,EDSA,None,None,"No Accident Factor, Rear-end, 0.0 drivers_injured, 0.0 drivers_killed, 0.0 passengers_injured, 0.0 passengers_killed, 0.0 pedestrian_injured, 0.0 pedestrian_killed, Fair (Day), EDSA Front of Baliwag Barangay E. Rodriguez  Quezon City",MMDA Road Safety Unit,,9775b2ba-cb74-4bbc-8ea7-525c9e967dd1,2014-03-28,00:30:00,EDSA infront of Guzent Building Brgy Baesa Quezon City,0,0,0,0,0,0,0,0,0,0,2014-03-28 8:30,Property,14.62505254,121.0486969,Rear-End
None,EDSA,None,None,"No Accident Factor, Side Swipe, 0.0 drivers_injured, 0.0 drivers_killed, 0.0 passengers_injured, 0.0 passengers_killed, 0.0 pedestrian_injured, 0.0 pedestrian_killed, Fair (Day), EDSA New York Street Quezon City",MMDA Road Safety Unit,,954b09c5-6231-4552-8a4c-35a64d7389cb,2014-03-27,22:15:00,EDSA  Mindanao Ave. Ext. Bgy. Pag-asa Quezon City,0,0,0,0,0,0,0,0,0,0,2014-03-28 6:15,Property,14.62568514,121.0482307,Side Swipe
None,EDSA,None,None,"No Accident Factor, Hit Object (No Object Stated), 0.0 drivers_injured, 0.0 drivers_killed, 0.0 passengers_injured, 0.0 passengers_killed, 0.0 pedestrian_injured, 0.0 pedestrian_killed, Fair (Night), EDSA Front of SM North Bus Terminal  Quezon City",MMDA Road Safety Unit,,0165d765-acf1-41b8-a1c7-aee6f9aaa842,2014-03-27,17:30:00,EDSA  D. Serrano Ave.  Quezon City,0,0,0,0,0,0,0,0,0,0,2014-03-28 1:30,Property,14.65563402,121.0299638,Hit Object
None,EDSA,None,None,"No Accident Factor, Side Swipe, 0.0 drivers_injured, 0.0 drivers_killed, 0.0 passengers_injured, 0.0 passengers_killed, 0.0 pedestrian_injured, 0.0 pedestrian_killed, Fair (Night), EDSA Timog Intersection  Quezon City",MMDA Road Safety Unit,,a2ce4c6f-2cd7-4610-87c0-0855ed7b719f,2014-03-26,11:10:00,EDSA U Turn Slot Northbound inMercury Drug Store Brgy Apolonio Samson Quezon City,0,0,0,0,0,0,0,0,0,0,2014-03-26 19:10,Property,14.63293559,121.0446304,Side Swipe
None,EDSA,None,None,"No Accident Factor, No Collision Stated (based on Police Blotter Book), 0.0 drivers_injured, 0.0 drivers_killed, 1.0 passengers_injured, 0.0 passengers_killed, 0.0 pedestrian_injured, 0.0 pedestrian_killed, Fair (Day), EDSA Roosevelt Avenue Quezon City Quezon City",MMDA Road Safety Unit,,339cf335-d023-45e3-abb2-3e12e8e731b5,2014-03-26,07:00:00,EDSA Fronting Trinoma Quezon City,0,0,0,0,1,0,0,0,0,1,2014-03-26 15:00,Injury,14.65762047,121.0196373,No Collision Stated
None,EDSA,None,None,"No Accident Factor, No Collision Stated (based on Police Blotter Book), 0.0 drivers_injured, 0.0 drivers_killed, 0.0 passengers_injured, 0.0 passengers_killed, 0.0 pedestrian_injured, 0.0 pedestrian_killed, Fair (Day), EDSA MRT Kamuning  Quezon City",MMDA Road Safety Unit,,422d0373-4e23-4d4b-928d-feb328d30636,2014-03-25,04:30:00,EDSA  LRT Terminal Quezon City,0,0,0,0,0,0,0,0,0,0,2014-03-25 12:30,Property,14.63513784,121.0435059,No Collision Stated
None,EDSA,None,None,"No Accident Factor, No Collision Stated (based on Police Blotter Book), 0.0 drivers_injured, 0.0 drivers_killed, 0.0 passengers_injured, 0.0 passengers_killed, 0.0 pedestrian_injured, 0.0 pedestrian_killed, Fair (Night), EDSA Bansalangin Street Barangay Veterans Quezon City Quezon City",MMDA Road Safety Unit,,b5e6daf4-ce8c-45e4-905c-fe4a100a2d49,2014-03-24,11:25:00,EDSA  NIA Quezon City,0,0,0,0,0,0,0,0,0,0,2014-03-24 19:25,Property,14.6567996,121.0241845,No Collision Stated
None,EDSA,None,None,"No Accident Factor, Rear-end, 0.0 drivers_injured, 0.0 drivers_killed, 0.0 passengers_injured, 0.0 passengers_killed, 0.0 pedestrian_injured, 0.0 pedestrian_killed, Fair (Night), EDSA K-3rd St.  Quezon City",MMDA Road Safety Unit,,2a311da7-0c21-4900-919b-7aab68a0dafb,2014-03-24,11:00:00,EDSA corner Cloverleaf Brgy balingasa Quezon City,0,0,0,0,0,0,0,0,0,0,2014-03-24 19:00,Property,14.62942357,121.0463854,Rear-End
None,EDSA,None,None,"No Accident Factor, Side Swipe, 0.0 drivers_injured, 0.0 drivers_killed, 0.0 passengers_injured, 0.0 passengers_killed, 0.0 pedestrian_injured, 0.0 pedestrian_killed, Fair (Night), EDSA fronting Victory Liner Bus Terminak Brgy. Pinahan  Quezon City",MMDA Road Safety Unit,,ee79289c-83b7-4a5a-935b-b827fc7fccbf,2014-03-23,14:45:00,EDSA Monte de Piedad Quezon City,0,0,0,0,0,0,0,0,0,0,2014-03-23 22:45,Property,14.63252227,121.0452382,Side Swipe
None,EDSA,None,None,"No Accident Factor, Side Swipe, 0.0 drivers_injured, 0.0 drivers_killed, 0.0 passengers_injured, 0.0 passengers_killed, 0.0 pedestrian_injured, 0.0 pedestrian_killed, Fair (Night), EDSA New York Street Cubao  Quezon City",MMDA Road Safety Unit,,b91da5d5-ba5e-4405-abde-6dc8321727dd,2014-03-23,13:00:00,EDSA  Kamuning Road  Quezon City,0,0,0,0,0,0,0,0,0,0,2014-03-23 21:00,Property,14.62568514,121.0482307,Side Swipe
None,EDSA,None,None,"No Accident Factor, No Collision Stated (based on Police Blotter Book), 0.0 drivers_injured, 0.0 drivers_killed, 0.0 passengers_injured, 0.0 passengers_killed, 0.0 pedestrian_injured, 0.0 pedestrian_killed, Fair (Day), EDSA Congressional Avenue Bahay Toro  Quezon City",MMDA Road Safety Unit,,4f1b1510-968b-419a-a5da-032f0a51cd99,2014-03-23,07:30:00,EDSA West Ave. Bgy. Philam Quezon City,0,0,0,0,0,0,0,0,0,0,2014-03-23 15:30,Property,14.6571804,120.9927185,No Collision Stated
None,EDSA,None,None,"No Accident Factor, Rear-end, 0.0 drivers_injured, 0.0 drivers_killed, 2.0 passengers_injured, 0.0 passengers_killed, 0.0 pedestrian_injured, 0.0 pedestrian_killed, Fair (Day), EDSA before E. Garcia St. Bgy. Pinagkaisahan  Quezon City",MMDA Road Safety Unit,,fbf3f506-e8fb-4728-b23d-b60fc517e8f8,2014-03-23,02:45:00,EDSA West Ave. fronting Mercury Drug Store Quezon City,0,0,0,0,2,0,0,0,0,2,2014-03-23 10:45,Injury,14.62762535,121.047219,Rear-End
None,EDSA,None,None,"No Accident Factor, No Collision Stated (based on Police Blotter Book), 0.0 drivers_injured, 0.0 drivers_killed, 0.0 passengers_injured, 0.0 passengers_killed, 0.0 pedestrian_injured, 0.0 pedestrian_killed, Fair (Day), EDSA Aurora Blvd.  Quezon City",MMDA Road Safety Unit,,f7162d6e-1f85-4f0d-b3ef-174d488c9a13,2014-03-22,07:35:00,EDSA North Ave. Bgy. Pag-asa Quezon City,0,0,0,0,0,0,0,0,0,0,2014-03-22 15:35,Property,14.6217569,121.0502544,No Collision Stated
None,EDSA,None,None,"No Accident Factor, No Collision Stated (based on Police Blotter Book), 0.0 drivers_injured, 0.0 drivers_killed, 0.0 passengers_injured, 0.0 passengers_killed, 0.0 pedestrian_injured, 0.0 pedestrian_killed, Fair (Day), EDSA fronting Baliuag Transit Bus Terminal  Quezon City",MMDA Road Safety Unit,,239bf116-7789-4da8-83f6-358a3e428350,2014-03-22,05:40:00,EDSA  Ermin Garcia St.  Quezon City,0,0,0,0,0,0,0,0,0,0,2014-03-22 13:40,Property,14.62497658,121.0487035,No Collision Stated
None,EDSA,None,None,"No Accident Factor, No Collision Stated (based on Police Blotter Book), 0.0 drivers_injured, 0.0 drivers_killed, 0.0 passengers_injured, 0.0 passengers_killed, 0.0 pedestrian_injured, 0.0 pedestrian_killed, Fair (Night), EDSA Front of Building #901 Quezon City Quezon City",MMDA Road Safety Unit,,11e7a9c0-40a0-4e65-9387-20be0d7051c7,2014-03-21,11:45:00,EDSA  M. Ignacia St.  Quezon City,0,0,0,0,0,0,0,0,0,0,2014-03-21 19:45,Property,14.64902303,121.0342505,No Collision Stated
None,EDSA,None,None,"No Accident Factor, Side Swipe, 0.0 drivers_injured, 0.0 drivers_killed, 0.0 passengers_injured, 0.0 passengers_killed, 0.0 pedestrian_injured, 0.0 pedestrian_killed, Fair (Day), EDSA E. Lopez St.  Quezon City",MMDA Road Safety Unit,,e976c148-17af-4c7f-82b7-51f7f919119b,2014-03-21,01:30:00,EDSA  Infront of Philam Homes Brgy West Triangle Quezon City,0,0,0,0,0,0,0,0,0,0,2014-03-21 9:30,Property,14.6396904,121.0403884,Side Swipe
None,EDSA,None,None,"No Accident Factor, No Collision Stated (based on Police Blotter Book), 0.0 drivers_injured, 0.0 drivers_killed, 0.0 passengers_injured, 0.0 passengers_killed, 0.0 pedestrian_injured, 0.0 pedestrian_killed, Fair (Night), EDSA North Avenue Brgy Philam Quezon City",MMDA Road Safety Unit,,0568e650-4eef-4f6d-8691-f0f627fc0a04,2014-03-20,10:30:00,"EDSA fronting Farmers Plaza, Bgy. Socorro, Cubao Quezon City",0,0,0,0,0,0,0,0,0,0,2014-03-20 18:30,Property,14.65553839,121.0299647,No Collision Stated
None,EDSA,None,None,"No Accident Factor, No Collision Stated (based on Police Blotter Book), 0.0 drivers_injured, 0.0 drivers_killed, 0.0 passengers_injured, 0.0 passengers_killed, 0.0 pedestrian_injured, 0.0 pedestrian_killed, Fair (Day), EDSA infront of SM Annex U Turn Slot  Brgy Pagasa Quezon City",MMDA Road Safety Unit,,4e732ac8-fbcc-47e8-83d9-7eea9a2dcf34,2014-03-19,23:00:00,EDSA  Howmart Road Brgy Apolonio Quezon City,0,0,0,0,0,0,0,0,0,0,2014-03-20 7:00,Property,14.6561676,121.0278777,No Collision Stated
None,EDSA,None,None,"No Accident Factor, No Collision Stated (based on Police Blotter Book), 0.0 drivers_injured, 0.0 drivers_killed, 0.0 passengers_injured, 0.0 passengers_killed, 0.0 pedestrian_injured, 0.0 pedestrian_killed, Fair (Night), EDSA Quezon Ave. Panay Ave.  Quezon City",MMDA Road Safety Unit,,8c33b9b2-a389-49ba-a7b4-03ed6068a636,2014-03-19,18:15:00,EDSA   Scout Borromeo Street  Quezon City,0,0,0,0,0,0,0,0,0,0,2014-03-20 2:15,Property,14.6442444,121.0375839,No Collision Stated
None,EDSA,None,None,"No Accident Factor, Rear-end, 0.0 drivers_injured, 0.0 drivers_killed, 0.0 passengers_injured, 0.0 passengers_killed, 0.0 pedestrian_injured, 0.0 pedestrian_killed, Fair (Day), EDSA Aurora Boulevard Cubao Quezon City Quezon City",MMDA Road Safety Unit,,9ec830f5-a73b-4dd5-8c8e-ca45ad63eb8f,2014-03-19,01:50:00,EDSA Mother Ignacia Street  Quezon City,0,0,0,0,0,0,0,0,0,0,2014-03-19 9:50,Property,14.6218043,121.0502049,Rear-End
None,EDSA,None,None,"No Accident Factor, Rear-end, 0.0 drivers_injured, 0.0 drivers_killed, 0.0 passengers_injured, 0.0 passengers_killed, 0.0 pedestrian_injured, 0.0 pedestrian_killed, Fair (Day), EDSA Corinthian Garden Barangay Ugong Norte Quezon City",MMDA Road Safety Unit,,40301ce0-02f4-4e52-83e1-5722a9ae03f2,2014-03-18,07:00:00,EDSA  North Ave.  Quezon City,0,0,0,0,0,0,0,0,0,0,2014-03-18 15:00,Property,14.59580783,121.0595248,Rear-End
None,EDSA,None,None,"No Accident Factor, No Collision Stated (based on Police Blotter Book), 1.0 drivers_injured, 0.0 drivers_killed, 1.0 passengers_injured, 0.0 passengers_killed, 0.0 pedestrian_injured, 0.0 pedestrian_killed, Fair (Night), EDSA fronting Bldg 901 Brgy Philam Quezon City",MMDA Road Safety Unit,,63eb1674-e69f-4f01-b723-f62869f2103b,2014-03-17,13:00:00,EDSA  Quezon Ave. Bgy. West Triangle Quezon City,0,0,0,1,1,0,0,0,0,2,2014-03-17 21:00,Injury,14.64897733,121.034296,No Collision Stated
None,EDSA,None,None,"No Accident Factor, Angle Impact, 1.0 drivers_injured, 0.0 drivers_killed, 0.0 passengers_injured, 0.0 passengers_killed, 0.0 pedestrian_injured, 0.0 pedestrian_killed, Fair (Night), EDSA Ermin Garcia St. Brgy. E. Road Quezon City",MMDA Road Safety Unit,,0a05054d-6162-4650-94c1-9277dd34d90d,2014-03-15,21:20:00,EDSA   Near New York Street  Quezon City,0,0,0,1,0,0,0,0,0,1,2014-03-16 5:20,Injury,14.62758814,121.047487,Angle Impact
None,EDSA,None,None,"No Accident Factor, No Collision Stated (based on Police Blotter Book), 0.0 drivers_injured, 0.0 drivers_killed, 0.0 passengers_injured, 0.0 passengers_killed, 0.0 pedestrian_injured, 0.0 pedestrian_killed, Fair (Night), EDSA before East Ave.  Quezon City",MMDA Road Safety Unit,,f473de7c-482e-4210-b115-0891a64971ab,2014-03-14,15:05:00,EDSA  Kamuning Road  Quezon City,0,0,0,0,0,0,0,0,0,0,2014-03-14 23:05,Property,14.63242548,121.0451015,No Collision Stated
None,EDSA,None,None,"No Accident Factor, Rear-end, 0.0 drivers_injured, 0.0 drivers_killed, 0.0 passengers_injured, 0.0 passengers_killed, 0.0 pedestrian_injured, 0.0 pedestrian_killed, Fair (Night), EDSA after New York St. Quezon City",MMDA Road Safety Unit,,509ce376-fdd4-493d-901a-5cc7f9efaade,2014-03-13,19:00:00,EDSA After Aurora Blvd. Quezon City,0,0,0,0,0,0,0,0,0,0,2014-03-14 3:00,Property,14.6258761,121.0481922,Rear-End
None,EDSA,None,None,"No Accident Factor, No Collision Stated (based on Police Blotter Book), 0.0 drivers_injured, 0.0 drivers_killed, 0.0 passengers_injured, 0.0 passengers_killed, 0.0 pedestrian_injured, 0.0 pedestrian_killed, Fair (Night), EDSA MRT Station GMA 7 Kamuning  Quezon City",MMDA Road Safety Unit,,ba1bd5c0-f640-4cd8-85be-b986085f91a9,2014-03-13,12:30:00,EDSA  Timog Ave.  Quezon City,0,0,0,0,0,0,0,0,0,0,2014-03-13 20:30,Property,14.63513784,121.0435059,No Collision Stated
None,EDSA,None,None,"No Accident Factor, No Collision Stated (based on Police Blotter Book), 0.0 drivers_injured, 0.0 drivers_killed, 0.0 passengers_injured, 0.0 passengers_killed, 0.0 pedestrian_injured, 0.0 pedestrian_killed, Fair (Day), EDSA P. Tuazon Blvd.  Quezon City",MMDA Road Safety Unit,,1c787a35-e022-49fb-b3dd-c7699b9cf650,2014-03-13,06:30:00,EDSA fronting Balintawak Pedestrian Overpass Brgy Apolonio Samson Quezon City,0,0,0,0,0,0,0,0,0,0,2014-03-13 14:30,Property,14.61656342,121.0525225,No Collision Stated
None,EDSA,None,None,"No Accident Factor, Rear-end, 1.0 drivers_injured, 0.0 drivers_killed, 0.0 passengers_injured, 0.0 passengers_killed, 0.0 pedestrian_injured, 0.0 pedestrian_killed, Fair (Day), EDSA Panay Ave.  Quezon City",MMDA Road Safety Unit,,6a099fc8-24c0-4be9-8317-0e118e3f527e,2014-03-12,09:45:00,EDSA  Roosevelt Ave. Bgy. Katipu Quezon City,0,0,0,1,0,0,0,0,0,1,2014-03-12 17:45,Injury,14.64294686,121.0381076,Rear-End
None,EDSA,None,None,"No Accident Factor, No Collision Stated (based on Police Blotter Book), 1.0 drivers_injured, 0.0 drivers_killed, 0.0 passengers_injured, 0.0 passengers_killed, 0.0 pedestrian_injured, 0.0 pedestrian_killed, Fair (Night), EDSA corner Aurora Boulevard Cubao Quezon City",MMDA Road Safety Unit,,625fdaf8-fbe4-4448-b599-37d51686b394,2014-03-09,10:00:00,EDSA  Near Corinthian Garden  Quezon City,0,0,0,1,0,0,0,0,0,1,2014-03-09 18:00,Injury,14.62166209,121.0503535,No Collision Stated
None,EDSA,None,None,"No Accident Factor, No Collision Stated (based on Police Blotter Book), 0.0 drivers_injured, 0.0 drivers_killed, 0.0 passengers_injured, 0.0 passengers_killed, 0.0 pedestrian_injured, 0.0 pedestrian_killed, Fair (Day), EDSA corner North Avenue Brgy Pagasa Quezon City",MMDA Road Safety Unit,,cd14bc3e-70e9-4122-a0b6-d0367a6e09da,2014-03-07,22:00:00,EDSA  Timog Avenue  Quezon City,0,0,0,0,0,0,0,0,0,0,2014-03-08 6:00,Property,14.65571892,121.0298255,No Collision Stated
None,EDSA,None,None,"No Accident Factor, No Collision Stated (based on Police Blotter Book), 0.0 drivers_injured, 0.0 drivers_killed, 0.0 passengers_injured, 0.0 passengers_killed, 0.0 pedestrian_injured, 0.0 pedestrian_killed, Fair (Night), EDSA corner North Avenue Quezon City",MMDA Road Safety Unit,,2a255ed0-8366-43d5-b335-9c635f33d58c,2014-03-04,12:40:00,EDSA Roosevelt Ave. Bgy. San Antonio Quezon City,0,0,0,0,0,0,0,0,0,0,2014-03-04 20:40,Property,14.65571892,121.0298255,No Collision Stated