LOCATION_TEXT,ROAD,WEATHER,LIGHT,DESC,REPORTING_AGENCY,MAIN_CAUSE,INCIDENTDETAILS_ID,DATE_UTC,TIME_UTC,ADDRESS,killed_driver,killed_passenger,killed_pedestrian,injured_driver,injured_passenger,injured_pedestrian,killed_uncategorized,injured_uncategorized,killed_total,injured_total,DATETIME_PST,SEVERITY,Y,X,COLLISION_TYPE
None,EDSA,None,None,"No Accident Factor, Side Swipe, 0.0 drivers_injured, 0.0 drivers_killed, 0.0 passengers_injured, 0.0 passengers_killed, 0.0 pedestrian_injured, 0.0 pedestrian_killed, Fair (Day), EDSA ""U"" turn slot, Quezon Ave.  Quezon City",MMDA Road Safety Unit,,a5182d19-1c23-4e28-8bc7-599f8d3d5b02,2014-03-04,02:20:00,EDSA  Near B. Serrano Avenue  Quezon City,0,0,0,0,0,0,0,0,0,0,2014-03-04 10:20,Property,14.64518409,121.0368843,Side Swipe
None,EDSA,None,None,"No Accident Factor, No Collision Stated (based on Police Blotter Book), 0.0 drivers_injured, 0.0 drivers_killed, 0.0 passengers_injured, 0.0 passengers_killed, 0.0 pedestrian_injured, 0.0 pedestrian_killed, Fair (Day), EDSA Timog Avenue  Quezon City",MMDA Road Safety Unit,,15958067-095d-4956-bdc1-e9de22cf9bea,2014-03-04,01:30:00,EDSA Cloverleaf Road Bgy. Ug Sigaw Quezon City,0,0,0,0,0,0,0,0,0,0,2014-03-04 9:30,Property,14.63293559,121.0446304,No Collision Stated
None,EDSA,None,None,"No Accident Factor, No Collision Stated (based on Police Blotter Book), 0.0 drivers_injured, 0.0 drivers_killed, 0.0 passengers_injured, 0.0 passengers_killed, 0.0 pedestrian_injured, 0.0 pedestrian_killed, Fair (Night), EDSA Timog Avenue Brgy. Sacred Heart  Quezon City",MMDA Road Safety Unit,,cb7b0852-c95a-4ac2-8c0d-1ae13d4f3c7a,2014-03-03,10:55:00,EDSA Mapagmahal Street  Quezon City,0,0,0,0,0,0,0,0,0,0,2014-03-03 18:55,Property,14.63293559,121.0446304,No Collision Stated
None,EDSA,None,None,"No Accident Factor, No Collision Stated (based on Police Blotter Book), 0.0 drivers_injured, 0.0 drivers_killed, 0.0 passengers_injured, 0.0 passengers_killed, 0.0 pedestrian_injured, 0.0 pedestrian_killed, Fair (Day), EDSA Between Scout Borromeo Street GMA Network Inc.  Quezon City",MMDA Road Safety Unit,,a92f95ec-289c-46d1-9d70-60a596af5275,2014-03-03,04:45:00,EDSA    Near Scout Borromeo Street  Quezon City,0,0,0,0,0,0,0,0,0,0,2014-03-03 12:45,Property,14.63615381,121.0426275,No Collision Stated
None,EDSA,None,None,"No Accident Factor, Rear-end, 0.0 drivers_injured, 0.0 drivers_killed, 0.0 passengers_injured, 0.0 passengers_killed, 0.0 pedestrian_injured, 0.0 pedestrian_killed, Fair (Day), EDSA fronting Farmers Plaza Brgy Socorro Quezon City",MMDA Road Safety Unit,,b2f47239-06b5-4dfd-a12e-09a28d333fe6,2014-03-01,07:30:00,EDSA Roosevelt Ave. Quezon City,0,0,0,0,0,0,0,0,0,0,2014-03-01 15:30,Property,14.61924195,121.0511606,Rear-End
None,EDSA,None,None,"No Accident Factor, No Collision Stated (based on Police Blotter Book), 0.0 drivers_injured, 0.0 drivers_killed, 0.0 passengers_injured, 0.0 passengers_killed, 0.0 pedestrian_injured, 0.0 pedestrian_killed, Fair (Night), EDSA Front of Jhex Javier Bus Terminal before Kamias Road Quezon City",MMDA Road Safety Unit,,2f520cef-9d24-4650-8261-747a48befce5,2014-02-28,21:15:00,EDSA Monte De Pledad Street  Quezon City,0,0,0,0,0,0,0,0,0,0,2014-03-01 5:15,Property,14.63126021,121.0458547,No Collision Stated
None,EDSA,None,None,"No Accident Factor, No Collision Stated (based on Police Blotter Book), 0.0 drivers_injured, 0.0 drivers_killed, 0.0 passengers_injured, 0.0 passengers_killed, 0.0 pedestrian_injured, 0.0 pedestrian_killed, Fair (Night), EDSA K - 3rd Barangay Kamuning  Quezon City",MMDA Road Safety Unit,,bb5e6d06-b9ff-4e9e-b8c0-1ad389ad1a1e,2014-02-28,20:40:00,EDSA  fronting Camp Aguinaldo Gate 2 Quezon City,0,0,0,0,0,0,0,0,0,0,2014-03-01 4:40,Property,14.62942357,121.0463854,No Collision Stated
None,EDSA,None,None,"No Accident Factor, No Collision Stated (based on Police Blotter Book), 0.0 drivers_injured, 0.0 drivers_killed, 0.0 passengers_injured, 0.0 passengers_killed, 0.0 pedestrian_injured, 0.0 pedestrian_killed, Fair (Day), EDSA before Kamuning Road Quezon City",MMDA Road Safety Unit,,a6b626ee-742c-4926-8c9f-0f6bd7c22ca0,2014-02-27,23:30:00,EDSA  Clover Leaf Bgy. Ug Sigaw Quezon City,0,0,0,0,0,0,0,0,0,0,2014-02-28 7:30,Property,14.63117369,121.0455178,No Collision Stated
None,EDSA,None,None,"No Accident Factor, No Collision Stated (based on Police Blotter Book), 0.0 drivers_injured, 0.0 drivers_killed, 0.0 passengers_injured, 0.0 passengers_killed, 0.0 pedestrian_injured, 0.0 pedestrian_killed, Fair (Night), EDSA before Kamuning Road Quezon City",MMDA Road Safety Unit,,b9c37ee9-eda0-4577-bc97-b36b1ee3f2da,2014-02-27,19:45:00,EDSA    Corner White Plains Avenue  Quezon City,0,0,0,0,0,0,0,0,0,0,2014-02-28 3:45,Property,14.63117369,121.0455178,No Collision Stated
None,EDSA,None,None,"No Accident Factor, Angle Impact, 0.0 drivers_injured, 0.0 drivers_killed, 0.0 passengers_injured, 0.0 passengers_killed, 0.0 pedestrian_injured, 0.0 pedestrian_killed, Fair (Night), EDSA before Victory Liner Bus Terminal Barangay E. Rodriguez   Quezon City",MMDA Road Safety Unit,,7911874e-f42f-48cd-80b3-f6e3c1b091c0,2014-02-27,12:15:00,EDSA  P. Tuazon Blvd. Quezon City,0,0,0,0,0,0,0,0,0,0,2014-02-27 20:15,Property,14.62411171,121.0487848,Angle Impact
None,EDSA,None,None,"No Accident Factor, No Collision Stated (based on Police Blotter Book), 0.0 drivers_injured, 0.0 drivers_killed, 0.0 passengers_injured, 0.0 passengers_killed, 0.0 pedestrian_injured, 0.0 pedestrian_killed, Fair (Night), EDSA corner West Avenue Quezon City",MMDA Road Safety Unit,,c5feba89-3b20-4be6-b24f-dad336166319,2014-02-26,14:00:00,EDSA  Kamuning Road  Quezon City,0,0,0,0,0,0,0,0,0,0,2014-02-26 22:00,Property,14.65558454,121.0297678,No Collision Stated
None,EDSA,None,None,"No Accident Factor, No Collision Stated (based on Police Blotter Book), 0.0 drivers_injured, 0.0 drivers_killed, 0.0 passengers_injured, 0.0 passengers_killed, 0.0 pedestrian_injured, 0.0 pedestrian_killed, Fair (Night), EDSA MMDA Loading Bay before Ermin Garcia Street Barangay Pinagkaisahan Quezon City",MMDA Road Safety Unit,,6663881b-d9bd-45f0-9bb8-a9ef20e31e6a,2014-02-26,13:30:00,EDSA fronting Nepa Q-Mart Quezon City,0,0,0,0,0,0,0,0,0,0,2014-02-26 21:30,Property,14.6284636,121.0471011,No Collision Stated
None,EDSA,None,None,"No Accident Factor, Rear-end, 0.0 drivers_injured, 0.0 drivers_killed, 0.0 passengers_injured, 0.0 passengers_killed, 0.0 pedestrian_injured, 0.0 pedestrian_killed, Fair (Day), EDSA Front of Farmers Plaza Barangay Socorro Quezon City",MMDA Road Safety Unit,,ee823126-413d-463f-96b9-caa63c55e7ff,2014-02-26,00:00:00,EDSA West Ave. Quezon City,0,0,0,0,0,0,0,0,0,0,2014-02-26 8:00,Property,14.61911452,121.0513631,Rear-End
None,EDSA,None,None,"No Accident Factor, No Collision Stated (based on Police Blotter Book), 0.0 drivers_injured, 0.0 drivers_killed, 0.0 passengers_injured, 0.0 passengers_killed, 0.0 pedestrian_injured, 0.0 pedestrian_killed, Fair (Day), EDSA Ermin Garcia Street Barangay Pinagkaisahan Quezon City",MMDA Road Safety Unit,,55cccebf-ae16-4efe-a888-97db7aa5cf3f,2014-02-24,06:30:00,"EDSA fronting Farmers Plaza, Bgy. Socorro, Cubao Quezon City",0,0,0,0,0,0,0,0,0,0,2014-02-24 14:30,Property,14.62758814,121.047487,No Collision Stated
None,EDSA,None,None,"No Accident Factor, No Collision Stated (based on Police Blotter Book), 0.0 drivers_injured, 0.0 drivers_killed, 0.0 passengers_injured, 0.0 passengers_killed, 0.0 pedestrian_injured, 0.0 pedestrian_killed, Fair (Day), EDSA EDSA - Santolan Metro Rail Transit Station Quezon City",MMDA Road Safety Unit,,f82dd6b5-37c0-4b0d-8b6f-31047aa7c180,2014-02-24,03:35:00,EDSA Farmers Plaza Quezon City,0,0,0,0,0,0,0,0,0,0,2014-02-24 11:35,Property,14.60762853,121.0565814,No Collision Stated
None,EDSA,None,None,"No Accident Factor, No Collision Stated (based on Police Blotter Book), 0.0 drivers_injured, 0.0 drivers_killed, 0.0 passengers_injured, 0.0 passengers_killed, 0.0 pedestrian_injured, 0.0 pedestrian_killed, Fair (Day), EDSA Kamias Road Barangay West Kamias Quezon City",MMDA Road Safety Unit,,337a2ec5-a747-4d22-b94a-787b571f4cb8,2014-02-24,02:25:00,EDSA P. Tuazon Blvd.  Quezon City,0,0,0,0,0,0,0,0,0,0,2014-02-24 10:25,Property,14.6309142,121.0459376,No Collision Stated
None,EDSA,None,None,"No Accident Factor, No Collision Stated (based on Police Blotter Book), 0.0 drivers_injured, 0.0 drivers_killed, 0.0 passengers_injured, 0.0 passengers_killed, 0.0 pedestrian_injured, 0.0 pedestrian_killed, Fair (Day), EDSA before Kamuning Road Quezon City",MMDA Road Safety Unit,,a12de560-c7bf-473e-b723-bee429ca3f96,2014-02-23,23:15:00,"EDSA  fronting North Ave., MRT Station Bgy.Philam Quezon City",0,0,0,0,0,0,0,0,0,0,2014-02-24 7:15,Property,14.63117369,121.0455178,No Collision Stated
None,EDSA,None,None,"No Accident Factor, Side Swipe, 0.0 drivers_injured, 0.0 drivers_killed, 0.0 passengers_injured, 0.0 passengers_killed, 0.0 pedestrian_injured, 0.0 pedestrian_killed, Fair (Night), EDSA P. Tuazon Boulevard Barangay Socorro Quezon City",MMDA Road Safety Unit,,db53f184-6842-4759-af65-d74dc3ff308b,2014-02-23,21:00:00,EDSA Quezon Ave. Quezon City,0,0,0,0,0,0,0,0,0,0,2014-02-24 5:00,Property,14.61656342,121.0525225,Side Swipe
None,EDSA,None,None,"No Accident Factor, Rear-end, 0.0 drivers_injured, 0.0 drivers_killed, 0.0 passengers_injured, 0.0 passengers_killed, 0.0 pedestrian_injured, 0.0 pedestrian_killed, Fair (Day), EDSA Front of Q-Mart Barangay E. Rodriguez  Quezon City",MMDA Road Safety Unit,,d9302be5-1844-47cb-a7b9-967e80f831ba,2014-02-22,03:30:00,"EDSA Misamis St., Bgy.Sto.Cristo Quezon City",0,0,0,0,0,0,0,0,0,0,2014-02-22 11:30,Property,14.62780629,121.0474114,Rear-End
None,EDSA,None,None,"No Accident Factor, No Collision Stated (based on Police Blotter Book), 0.0 drivers_injured, 0.0 drivers_killed, 0.0 passengers_injured, 0.0 passengers_killed, 0.0 pedestrian_injured, 0.0 pedestrian_killed, Fair (Day), EDSA South Road Quezon City",MMDA Road Safety Unit,,486c1e77-6cea-4507-b0c0-be5a0d2af163,2014-02-21,23:30:00,EDSA Monte De Pledad Street  Quezon City,0,0,0,0,0,0,0,0,0,0,2014-02-22 7:30,Property,14.61321318,121.053905,No Collision Stated
None,EDSA,None,None,"No Accident Factor, Side Swipe, 0.0 drivers_injured, 0.0 drivers_killed, 0.0 passengers_injured, 0.0 passengers_killed, 0.0 pedestrian_injured, 0.0 pedestrian_killed, Fair (Day), EDSA Front of Nepa Q- Mart Barangay E. Rodriguez  Quezon City",MMDA Road Safety Unit,,b2b19d17-9957-455f-a7c0-2561ba8c67d9,2014-02-21,23:30:00,"EDSA Congressional Ave., Bgy.Bahay Toro Quezon City",0,0,0,0,0,0,0,0,0,0,2014-02-22 7:30,Property,14.62813969,121.0472513,Side Swipe
None,EDSA,None,None,"No Accident Factor, Side Swipe, 0.0 drivers_injured, 0.0 drivers_killed, 0.0 passengers_injured, 0.0 passengers_killed, 0.0 pedestrian_injured, 0.0 pedestrian_killed, Fair (Night), EDSA Eton Centris Driveway Quezon Avenue Quezon City",MMDA Road Safety Unit,,c4fb5516-52d4-4b09-98de-c768883953da,2014-02-21,12:45:00,EDSA      Aurora Blvd.  Quezon City,0,0,0,0,0,0,0,0,0,0,2014-02-21 20:45,Property,14.64266722,121.0386872,Side Swipe
None,EDSA,None,None,"No Accident Factor, No Collision Stated (based on Police Blotter Book), 0.0 drivers_injured, 0.0 drivers_killed, 0.0 passengers_injured, 0.0 passengers_killed, 0.0 pedestrian_injured, 0.0 pedestrian_killed, Fair (Night), EDSA North Ave., Brgy Bagong Pagasa Quezon City",MMDA Road Safety Unit,,3b5f788e-3a9d-431b-a5c5-d3fc98c97a3c,2014-02-21,10:20:00,EDSA    Arayat Street  Quezon City,0,0,0,0,0,0,0,0,0,0,2014-02-21 18:20,Property,14.65553839,121.0299647,No Collision Stated
None,EDSA,None,None,"No Accident Factor, Angle Impact, 0.0 drivers_injured, 0.0 drivers_killed, 0.0 passengers_injured, 0.0 passengers_killed, 0.0 pedestrian_injured, 0.0 pedestrian_killed, Fair (Day), EDSA New York Street Barangay E. Rodriguez Cubao Quezon City",MMDA Road Safety Unit,,d496d8be-6568-45be-8ee3-4b3f63610bbd,2014-02-21,03:00:00,EDSA  B. Serrano Ave.  Quezon City,0,0,0,0,0,0,0,0,0,0,2014-02-21 11:00,Property,14.62568514,121.0482307,Angle Impact
None,EDSA,None,None,"No Accident Factor, Rear-end, 0.0 drivers_injured, 0.0 drivers_killed, 0.0 passengers_injured, 0.0 passengers_killed, 0.0 pedestrian_injured, 0.0 pedestrian_killed, Fair (Day), EDSA Front of Hypermarket Barangay Socorro Cubao  Quezon City",MMDA Road Safety Unit,,eac13ce1-6d58-4558-8d8a-b24677115c34,2014-02-20,08:05:00,EDSA West Ave. Quezon City,0,0,0,0,0,0,0,0,0,0,2014-02-20 16:05,Property,14.61389292,121.0537001,Rear-End
None,EDSA,None,None,"No Accident Factor, Rear-end, 0.0 drivers_injured, 0.0 drivers_killed, 0.0 passengers_injured, 0.0 passengers_killed, 0.0 pedestrian_injured, 0.0 pedestrian_killed, Fair (Day), EDSA Front of Liberty Stone Supply Barangay Socorro Quezon City",MMDA Road Safety Unit,,8bb506d3-b9d7-4a1e-8dc7-3c358652c534,2014-02-20,01:50:00,EDSA West Ave. Quezon City,0,0,0,0,0,0,0,0,0,0,2014-02-20 9:50,Property,14.61215715,121.0545748,Rear-End
None,EDSA,None,None,"No Accident Factor, Angle Impact, 0.0 drivers_injured, 0.0 drivers_killed, 0.0 passengers_injured, 0.0 passengers_killed, 0.0 pedestrian_injured, 0.0 pedestrian_killed, Fair (Night), EDSA General Roxas Avenue Quezon City",MMDA Road Safety Unit,,fc39152c-6bd9-4b67-81d1-2536c379ffca,2014-02-19,14:40:00,"EDSA Mindanao Ave. Ext., Bgy.Pag asa Quezon City",0,0,0,0,0,0,0,0,0,0,2014-02-19 22:40,Property,14.62042172,121.0507082,Angle Impact
None,EDSA,None,None,"No Accident Factor, No Collision Stated (based on Police Blotter Book), 0.0 drivers_injured, 0.0 drivers_killed, 0.0 passengers_injured, 0.0 passengers_killed, 0.0 pedestrian_injured, 0.0 pedestrian_killed, Fair (Night), EDSA Kamuning Road Quezon City Quezon City",MMDA Road Safety Unit,,ca2e3d7f-5987-4e25-811b-65985b0647e2,2014-02-19,14:30:00,EDSA  Timog Avenue  Quezon City,0,0,0,0,0,0,0,0,0,0,2014-02-19 22:30,Property,14.63079118,121.0458085,No Collision Stated
None,EDSA,None,None,"No Accident Factor, Side Swipe, 0.0 drivers_injured, 0.0 drivers_killed, 0.0 passengers_injured, 0.0 passengers_killed, 0.0 pedestrian_injured, 0.0 pedestrian_killed, Fair (Night), EDSA Front of Nepa Q- Mart Barangay West Kamias  Quezon City",MMDA Road Safety Unit,,247fe73d-09a3-402f-91b7-4f83737f907d,2014-02-19,13:20:00,EDSA  Ortigas Ave. Bgy. Ugong Norte Quezon City,0,0,0,0,0,0,0,0,0,0,2014-02-19 21:20,Property,14.62813969,121.0472513,Side Swipe
None,EDSA,None,None,"No Accident Factor, No Collision Stated (based on Police Blotter Book), 0.0 drivers_injured, 0.0 drivers_killed, 0.0 passengers_injured, 0.0 passengers_killed, 0.0 pedestrian_injured, 0.0 pedestrian_killed, Fair (Day), EDSA Ermin Garcia Street Cubao Quezon City Quezon City",MMDA Road Safety Unit,,b57f227c-a23b-4311-8347-068efd093aad,2014-02-18,23:45:00,"EDSA Roosevelt Ave., Bgy.Veterans Quezon City",0,0,0,0,0,0,0,0,0,0,2014-02-19 7:45,Property,14.62758814,121.047487,No Collision Stated
None,EDSA,None,None,"No Accident Factor, No Collision Stated (based on Police Blotter Book), 0.0 drivers_injured, 0.0 drivers_killed, 0.0 passengers_injured, 0.0 passengers_killed, 0.0 pedestrian_injured, 0.0 pedestrian_killed, Fair (Day), EDSA Quezon Avenue Quezon City",MMDA Road Safety Unit,,4ae910c9-d1f3-4a35-95a2-adad469c61ac,2014-02-18,08:30:00,EDSA before Congressional Ave. Quezon City,0,0,0,0,0,0,0,0,0,0,2014-02-18 16:30,Property,14.6442444,121.0375839,No Collision Stated
None,EDSA,None,None,"No Accident Factor, Rear-end, 0.0 drivers_injured, 0.0 drivers_killed, 0.0 passengers_injured, 0.0 passengers_killed, 0.0 pedestrian_injured, 0.0 pedestrian_killed, Fair (Day), EDSA Front of Farmers Market Barangay Socorro Quezon City",MMDA Road Safety Unit,,4f6dd24a-da2e-4af3-b46f-6e5fd624e45d,2014-02-18,05:35:00,EDSA before Congressional Ave. Quezon City,0,0,0,0,0,0,0,0,0,0,2014-02-18 13:35,Property,14.61911452,121.0513631,Rear-End
None,EDSA,None,None,"No Accident Factor, No Collision Stated (based on Police Blotter Book), 0.0 drivers_injured, 0.0 drivers_killed, 0.0 passengers_injured, 0.0 passengers_killed, 0.0 pedestrian_injured, 0.0 pedestrian_killed, Fair (Day), EDSA K-3rd Street Barangay Kamuning  Quezon City",MMDA Road Safety Unit,,a37a308f-701e-4822-8bfa-430d5f7d5ad2,2014-02-18,05:05:00,EDSA fronting SM Annex uturn slot Quezon City,0,0,0,0,0,0,0,0,0,0,2014-02-18 13:05,Property,14.62942357,121.0463854,No Collision Stated
None,EDSA,None,None,"No Accident Factor, No Collision Stated (based on Police Blotter Book), 0.0 drivers_injured, 0.0 drivers_killed, 0.0 passengers_injured, 0.0 passengers_killed, 0.0 pedestrian_injured, 0.0 pedestrian_killed, Fair (Night), EDSA Ermin Garcia Street Cubao Quezon City Quezon City",MMDA Road Safety Unit,,94983fb4-ee67-4c42-9d1e-4dcf1a3508fe,2014-02-17,14:55:00,EDSA  Gen. Mc Arthur Ave. Cubao  Quezon City,0,0,0,0,0,0,0,0,0,0,2014-02-17 22:55,Property,14.62758814,121.047487,No Collision Stated
None,EDSA,None,None,"No Accident Factor, No Collision Stated (based on Police Blotter Book), 0.0 drivers_injured, 0.0 drivers_killed, 0.0 passengers_injured, 0.0 passengers_killed, 0.0 pedestrian_injured, 0.0 pedestrian_killed, Fair (Night), EDSA Timog Avenue - GMA7 Quezon City",MMDA Road Safety Unit,,3266e9b5-9d92-4821-a8ad-01098c496906,2014-02-17,12:35:00,EDSA NIA Road Bgy.Pinagsama Quezon City,0,0,0,0,0,0,0,0,0,0,2014-02-17 20:35,Property,14.63293559,121.0446304,No Collision Stated
None,EDSA,None,None,"No Accident Factor, No Collision Stated (based on Police Blotter Book), 0.0 drivers_injured, 0.0 drivers_killed, 0.0 passengers_injured, 0.0 passengers_killed, 0.0 pedestrian_injured, 0.0 pedestrian_killed, Fair (Day), EDSA GMA7 Network Barangay South Triangle Quezon City",MMDA Road Safety Unit,,906b111d-87d4-405e-8155-a588cfe99490,2014-02-17,09:40:00,EDSA West Ave. Quezon City,0,0,0,0,0,0,0,0,0,0,2014-02-17 17:40,Property,14.63467214,121.0435714,Angle Impact
None,EDSA,None,None,"No Accident Factor, No Collision Stated (based on Police Blotter Book), 0.0 drivers_injured, 0.0 drivers_killed, 0.0 passengers_injured, 0.0 passengers_killed, 0.0 pedestrian_injured, 0.0 pedestrian_killed, Fair (Day), EDSA Quezon Avenue  Quezon City",MMDA Road Safety Unit,,8172b6ff-71ef-4e21-9bfa-c63e4a001b26,2014-02-16,23:30:00,EDSA Kamuning Road Quezon City,0,0,0,0,0,0,0,0,0,0,2014-02-17 7:30,Property,14.6442444,121.0375839,No Collision Stated
None,EDSA,None,None,"No Accident Factor, Rear-end, 0.0 drivers_injured, 0.0 drivers_killed, 0.0 passengers_injured, 0.0 passengers_killed, 0.0 pedestrian_injured, 0.0 pedestrian_killed, Fair (Night), EDSA fronting Victory Liner Terminal Quezon City",MMDA Road Safety Unit,,64c974a5-f000-4e10-a999-bc332fc0b910,2014-02-15,14:45:00,EDSA Arayat St. Quezon City,0,0,0,0,0,0,0,0,0,0,2014-02-15 22:45,Property,14.62438651,121.0487652,Rear-End
None,EDSA,None,None,"No Accident Factor, No Collision Stated (based on Police Blotter Book), 0.0 drivers_injured, 0.0 drivers_killed, 0.0 passengers_injured, 0.0 passengers_killed, 0.0 pedestrian_injured, 0.0 pedestrian_killed, Fair (Night), EDSA between Scout Borromeo / GMA Drive before GMA Kamuning  Quezon City",MMDA Road Safety Unit,,c4ac58aa-3479-493d-b20e-fc081c22448c,2014-02-15,13:00:00,EDSA before K. 3rd St. Quezon City,0,0,0,0,0,0,0,0,0,0,2014-02-15 21:00,Property,14.63615381,121.0426275,No Collision Stated
None,EDSA,None,None,"No Accident Factor, Side Swipe, 1.0 drivers_injured, 0.0 drivers_killed, 0.0 passengers_injured, 0.0 passengers_killed, 0.0 pedestrian_injured, 0.0 pedestrian_killed, Fair (Day), EDSA fronting Baliwag Bus Terminal, Bgy. E. Rodriguez Quezon City",MMDA Road Safety Unit,,3205be20-0507-4589-933c-ef057a7fa006,2014-02-15,04:00:00,EDSA P. Tuazon Blvd. Quezon City,0,0,0,1,0,0,0,0,0,1,2014-02-15 12:00,Injury,14.62497658,121.0487035,Side Swipe
None,EDSA,None,None,"No Accident Factor, No Collision Stated (based on Police Blotter Book), 0.0 drivers_injured, 0.0 drivers_killed, 0.0 passengers_injured, 0.0 passengers_killed, 0.0 pedestrian_injured, 0.0 pedestrian_killed, Fair (Day), EDSA SM Annex - Exit Gate Barangay Santo Cristo  Quezon City",MMDA Road Safety Unit,,bb9d060c-c143-4a42-a6b3-de40c7bbb7f7,2014-02-15,02:30:00,EDSA Aurora Blvd. (WB) Quezon City,0,0,0,0,0,0,0,0,0,0,2014-02-15 10:30,Property,14.65628012,121.0272074,No Collision Stated
None,EDSA,None,None,"No Accident Factor, No Collision Stated (based on Police Blotter Book), 0.0 drivers_injured, 0.0 drivers_killed, 0.0 passengers_injured, 0.0 passengers_killed, 0.0 pedestrian_injured, 0.0 pedestrian_killed, Fair (Day), EDSA OP/UP Balintwak, Brgy Apolonio Samson Quezon City",MMDA Road Safety Unit,,6bf41b0d-42ea-4ee3-8645-8fb728e4f6d3,2014-02-15,01:00:00,EDSA Aurora Blvd. Quezon City,0,0,0,0,0,0,0,0,0,0,2014-02-15 9:00,Property,14.65736015,121.002298,No Collision Stated
None,EDSA,None,None,"No Accident Factor, Rear-end, 0.0 drivers_injured, 0.0 drivers_killed, 0.0 passengers_injured, 0.0 passengers_killed, 0.0 pedestrian_injured, 0.0 pedestrian_killed, Fair (Day), EDSA Corinthians Garden Bgy.Ugong Norte Quezon City",MMDA Road Safety Unit,,7e56d213-ce07-424a-bb27-4a58bcb7c9c7,2014-02-15,00:30:00,EDSA before Monte de Piedad St. Quezon City,0,0,0,0,0,0,0,0,0,0,2014-02-15 8:30,Property,14.59580783,121.0595248,Rear-End
None,EDSA,None,None,"No Accident Factor, No Collision Stated (based on Police Blotter Book), 0.0 drivers_injured, 0.0 drivers_killed, 0.0 passengers_injured, 0.0 passengers_killed, 0.0 pedestrian_injured, 0.0 pedestrian_killed, Fair (Day), EDSA infront of Balintawak Market Quezon City",MMDA Road Safety Unit,,151ac137-68c5-45fc-8c5e-6e318e39d54d,2014-02-15,00:30:00,EDSA Roosevelt Ave. Quezon City,0,0,0,0,0,0,0,0,0,0,2014-02-15 8:30,Property,14.65740137,121.0033115,No Collision Stated
None,EDSA,None,None,"No Accident Factor, Rear-end, 0.0 drivers_injured, 0.0 drivers_killed, 0.0 passengers_injured, 0.0 passengers_killed, 0.0 pedestrian_injured, 0.0 pedestrian_killed, Fair (Day), EDSA Whiteplains Bgy.Ugong Norte Quezon City",MMDA Road Safety Unit,,690ed56e-89d9-42f3-a385-14f2cad7e42b,2014-02-15,00:20:00,EDSA SM Annex Uturn slot Bgy.Bagong Pag asa Quezon City,0,0,0,0,0,0,0,0,0,0,2014-02-15 8:20,Property,14.59961782,121.0596522,Rear-End
None,EDSA,None,None,"No Accident Factor, Hit and Run (Side Swipe), 0.0 drivers_injured, 0.0 drivers_killed, 0.0 passengers_injured, 0.0 passengers_killed, 0.0 pedestrian_injured, 0.0 pedestrian_killed, Fair (Day), EDSA before Camp Aguinaldo Bgy.Socorro Quezon City",MMDA Road Safety Unit,,e6940b26-c921-4788-adca-8b444c2d05e3,2014-02-14,22:15:00,EDSA fronting Waltermart Quezon City,0,0,0,0,0,0,0,0,0,0,2014-02-15 6:15,Property,14.60801201,121.0564037,Side Swipe
None,EDSA,None,None,"No Accident Factor, No Collision Stated (based on Police Blotter Book), 0.0 drivers_injured, 0.0 drivers_killed, 0.0 passengers_injured, 0.0 passengers_killed, 0.0 pedestrian_injured, 0.0 pedestrian_killed, Fair (Night), EDSA North Avenue Barangay Bagong Pag-Asa Quezon City",MMDA Road Safety Unit,,7b808b3d-08a4-4df7-9577-87408e484afe,2014-02-14,13:00:00,EDSA  fronting Trinoma MRT Bgy.Bagong Pag asa Quezon City,0,0,0,0,0,0,0,0,0,0,2014-02-14 21:00,Property,14.65553839,121.0299647,No Collision Stated
None,EDSA,None,None,"No Accident Factor, Side Swipe, 0.0 drivers_injured, 0.0 drivers_killed, 0.0 passengers_injured, 0.0 passengers_killed, 0.0 pedestrian_injured, 0.0 pedestrian_killed, Fair (Day), EDSA Paramount Quezon City",MMDA Road Safety Unit,,f4c46bb0-cbf8-488e-bd8e-5b3f350be414,2014-02-14,07:40:00,EDSA Cloverleaf Road Bgy.Balingasa Quezon City,0,0,0,0,0,0,0,0,0,0,2014-02-14 15:40,Property,14.6555967,121.0297922,Side Swipe
None,EDSA,None,None,"No Accident Factor, No Collision Stated (based on Police Blotter Book), 0.0 drivers_injured, 0.0 drivers_killed, 0.0 passengers_injured, 0.0 passengers_killed, 0.0 pedestrian_injured, 0.0 pedestrian_killed, Fair (Day), EDSA Front of Victory Liner Bus Terminal Cubao Quezon City Quezon City",MMDA Road Safety Unit,,04c30c3f-8ef9-44e3-ae81-09393a656a4c,2014-02-14,06:55:00,EDSA fronting NEPA Q-Mart Quezon City,0,0,0,0,0,0,0,0,0,0,2014-02-14 14:55,Property,14.62438334,121.0487483,No Collision Stated