LOCATION_TEXT,ROAD,WEATHER,LIGHT,DESC,REPORTING_AGENCY,MAIN_CAUSE,INCIDENTDETAILS_ID,DATE_UTC,TIME_UTC,ADDRESS,killed_driver,killed_passenger,killed_pedestrian,injured_driver,injured_passenger,injured_pedestrian,killed_uncategorized,injured_uncategorized,killed_total,injured_total,DATETIME_PST,SEVERITY,Y,X,COLLISION_TYPE
None,EDSA,None,None,"No Accident Factor, Rear-end, 0.0 drivers_injured, 0.0 drivers_killed, 0.0 passengers_injured, 0.0 passengers_killed, 0.0 pedestrian_injured, 0.0 pedestrian_killed, Fair (Day), EDSA K-10th St., fronting Mercury drug store Bgy.West Kamias Quezon City",MMDA Road Safety Unit,,75d04a8a-4d22-41ba-9eb0-eefbec9fa535,2014-02-14,05:15:00,EDSA fronting NEPA Q-Mart Quezon City,0,0,0,0,0,0,0,0,0,0,2014-02-14 13:15,Property,14.62879439,121.046914,Rear-End
None,EDSA,None,None,"No Accident Factor, No Collision Stated (based on Police Blotter Book), 0.0 drivers_injured, 0.0 drivers_killed, 0.0 passengers_injured, 0.0 passengers_killed, 0.0 pedestrian_injured, 0.0 pedestrian_killed, Fair (Day), EDSA Arayat Street Barangay SMDP Quezon City",MMDA Road Safety Unit,,7ec6374c-cb5c-46ed-a451-f7b0fed2c3f9,2014-02-14,02:35:00,EDSA Royal Uturn slot Quezon City,0,0,0,0,0,0,0,0,0,0,2014-02-14 10:35,Property,14.61961124,121.0508602,No Collision Stated
None,EDSA,None,None,"No Accident Factor, Hit and Run (No Collision Stated), 1.0 drivers_injured, 0.0 drivers_killed, 0.0 passengers_injured, 0.0 passengers_killed, 0.0 pedestrian_injured, 0.0 pedestrian_killed, Fair (Day), EDSA before Oliveros St., Brgy Apolonio Samson Quezon City",MMDA Road Safety Unit,,099f91b6-e61f-4624-ad3b-3a0146ee97d0,2014-02-13,23:30:00,"EDSA New York St., Bgy.E.Rodriguez Quezon City",0,0,0,1,0,0,0,0,0,1,2014-02-14 7:30,Injury,14.65762279,121.0068606,No Collision Stated
None,EDSA,None,None,"No Accident Factor, No Collision Stated (based on Police Blotter Book), 0.0 drivers_injured, 0.0 drivers_killed, 0.0 passengers_injured, 0.0 passengers_killed, 0.0 pedestrian_injured, 0.0 pedestrian_killed, Fair (Night), EDSA fronting Balintawak Public Market Brgy Apolonio Samson Quezon City",MMDA Road Safety Unit,,ea1e494d-25ca-4419-8214-9a0abd102195,2014-02-13,20:00:00,EDSA Kaingin Road Bgy.A.Samson Quezon City,0,0,0,0,0,0,0,0,0,0,2014-02-14 4:00,Property,14.65736198,121.00264,No Collision Stated
None,EDSA,None,None,"No Accident Factor, No Collision Stated (based on Police Blotter Book), 0.0 drivers_injured, 0.0 drivers_killed, 0.0 passengers_injured, 0.0 passengers_killed, 0.0 pedestrian_injured, 0.0 pedestrian_killed, Fair (Day), EDSA MRT North Station Barangay Philam  Quezon City",MMDA Road Safety Unit,,e3775ffd-f966-43ca-98fb-4d8191dd5228,2014-02-13,08:05:00,EDSA fronting Superlines Bus Terminal Quezon City,0,0,0,0,0,0,0,0,0,0,2014-02-13 16:05,Property,14.65224665,121.0323026,No Collision Stated
None,EDSA,None,None,"No Accident Factor, Hit and Run (Rear-end), 0.0 drivers_injured, 0.0 drivers_killed, 0.0 passengers_injured, 0.0 passengers_killed, 0.0 pedestrian_injured, 0.0 pedestrian_killed, Fair (Day), EDSA Front of Five Star Bus Terminal Barangay E. Rodriguez  Quezon City",MMDA Road Safety Unit,,1a960048-11cb-4f60-865e-53034bc846b5,2014-02-13,04:00:00,EDSA  North Avenue  Quezon City,0,0,0,0,0,0,0,0,0,0,2014-02-13 12:00,Property,14.62373682,121.0492731,Rear-End
None,EDSA,None,None,"No Accident Factor, No Collision Stated (based on Police Blotter Book), 0.0 drivers_injured, 0.0 drivers_killed, 0.0 passengers_injured, 0.0 passengers_killed, 0.0 pedestrian_injured, 0.0 pedestrian_killed, Fair (Day), EDSA North Avenue Barangay Bagong Pag-Asa Quezon City",MMDA Road Safety Unit,,4c81906d-4a65-4a64-a35b-032b943d47c4,2014-02-13,03:00:00,EDSA  Timog Ave. & East Ave. Bgy. Pinyahan  Quezon City,0,0,0,0,0,0,0,0,0,0,2014-02-13 11:00,Property,14.65553839,121.0299647,No Collision Stated
None,EDSA,None,None,"No Accident Factor, Side Swipe, 0.0 drivers_injured, 0.0 drivers_killed, 0.0 passengers_injured, 0.0 passengers_killed, 0.0 pedestrian_injured, 0.0 pedestrian_killed, Fair (Day), EDSA before Seminary Road Barangay Bahay Toro Quezon City",MMDA Road Safety Unit,,0d88771b-1c41-4ce9-b95c-5393d6347b0f,2014-02-13,02:00:00,EDSA  NIA Road Bgy.Pinyahan Quezon City,0,0,0,0,0,0,0,0,0,0,2014-02-13 10:00,Property,14.65779218,121.0178465,Side Swipe
None,EDSA,None,None,"No Accident Factor, No Collision Stated (based on Police Blotter Book), 0.0 drivers_injured, 0.0 drivers_killed, 0.0 passengers_injured, 0.0 passengers_killed, 0.0 pedestrian_injured, 0.0 pedestrian_killed, Fair (Day), EDSA Seminary Road Barangay Bahay Toro  Quezon City",MMDA Road Safety Unit,,4ac7e61c-08b6-48b6-9d78-2d41426b1e73,2014-02-13,01:00:00,EDSA Roosevelt Ave. Bgy. Katipu Quezon City,0,0,0,0,0,0,0,0,0,0,2014-02-13 9:00,Property,14.65776066,121.0173978,No Collision Stated
None,EDSA,None,None,"No Accident Factor, No Collision Stated (based on Police Blotter Book), 0.0 drivers_injured, 0.0 drivers_killed, 0.0 passengers_injured, 0.0 passengers_killed, 0.0 pedestrian_injured, 0.0 pedestrian_killed, Fair (Day), EDSA Quezon Avenue Quezon City",MMDA Road Safety Unit,,a0f217e5-fccf-44b0-bff3-9417f6c87220,2014-02-12,23:30:00,EDSA fronting Nepa Q-Mart Bgy.E.Rodriguez Quezon City,0,0,0,0,0,0,0,0,0,0,2014-02-13 7:30,Property,14.6442444,121.0375839,No Collision Stated
None,EDSA,None,None,"No Accident Factor, No Collision Stated (based on Police Blotter Book), 0.0 drivers_injured, 0.0 drivers_killed, 0.0 passengers_injured, 0.0 passengers_killed, 0.0 pedestrian_injured, 0.0 pedestrian_killed, Fair (Night), EDSA Front of Lucena Bus Lines Terminal Quezon City",MMDA Road Safety Unit,,f0151af2-1802-471e-b4ed-4eed06bad8c7,2014-02-12,21:30:00,"EDSA Ortigas Ave., Bgy.Ugong Norte Quezon City",0,0,0,0,0,0,0,0,0,0,2014-02-13 5:30,Property,14.63169432,121.0455869,No Collision Stated
None,EDSA,None,None,"No Accident Factor, No Collision Stated (based on Police Blotter Book), 0.0 drivers_injured, 0.0 drivers_killed, 0.0 passengers_injured, 0.0 passengers_killed, 0.0 pedestrian_injured, 0.0 pedestrian_killed, Fair (Day), EDSA Corregidor Street Ramon Magsaysay Quezon City",MMDA Road Safety Unit,,d0457daf-1008-4de3-9019-5b017cce44b2,2014-02-12,01:00:00,"EDSA Aurora Blvd, Cubao Quezon City",0,0,0,0,0,0,0,0,0,0,2014-02-12 9:00,Property,14.65707679,121.0241648,No Collision Stated
None,EDSA,None,None,"No Accident Factor, Hit and Run (Side Swipe), 0.0 drivers_injured, 0.0 drivers_killed, 0.0 passengers_injured, 0.0 passengers_killed, 0.0 pedestrian_injured, 0.0 pedestrian_killed, Fair (Night), EDSA P. Tuazon Boulevard Barangay Socorro Cubao Quezon City",MMDA Road Safety Unit,,75adec91-90ab-4f92-b60f-23920b8f8876,2014-02-11,16:15:00,EDSA    North Avenue Quezon City,0,0,0,0,0,0,0,0,0,0,2014-02-12 0:15,Property,14.61656342,121.0525225,Side Swipe
None,EDSA,None,None,"No Accident Factor, No Collision Stated (based on Police Blotter Book), 1.0 drivers_injured, 0.0 drivers_killed, 0.0 passengers_injured, 0.0 passengers_killed, 0.0 pedestrian_injured, 0.0 pedestrian_killed, Fair (Night), EDSA Liberty Avenue Quezon City",MMDA Road Safety Unit,,f70ad5f1-de49-4eef-ad5e-176898cc799c,2014-02-11,14:10:00,"EDSA B. Serrano Ave., Bgy.Socorro Quezon City",0,0,0,1,0,0,0,0,0,1,2014-02-11 22:10,Injury,14.61201463,121.0547211,No Collision Stated
None,EDSA,None,None,"No Accident Factor, Side Swipe, 1.0 drivers_injured, 0.0 drivers_killed, 0.0 passengers_injured, 0.0 passengers_killed, 0.0 pedestrian_injured, 0.0 pedestrian_killed, Fair (Day), EDSA fronting Baliwag Bus Terminal, Bgy. E. Rodriguez Quezon City",MMDA Road Safety Unit,,77bd5e96-3504-45fc-98c8-2e14644e6d47,2014-02-11,09:20:00,EDSA Roosevelt Ave. Quezon City,0,0,0,1,0,0,0,0,0,1,2014-02-11 17:20,Injury,14.62497658,121.0487035,Side Swipe
None,EDSA,None,None,"No Accident Factor, Rear-end, 0.0 drivers_injured, 0.0 drivers_killed, 0.0 passengers_injured, 0.0 passengers_killed, 0.0 pedestrian_injured, 0.0 pedestrian_killed, Fair (Day), EDSA fronting Baliwag Bus Terminal Cubao Quezon City",MMDA Road Safety Unit,,e43cc8ef-c2a3-47a4-b8a9-522ee99bd22e,2014-02-11,09:00:00,EDSA  Timog Ave. Quezon City,0,0,0,0,0,0,0,0,0,0,2014-02-11 17:00,Property,14.62497658,121.0487035,Rear-End
None,EDSA,None,None,"No Accident Factor, No Collision Stated (based on Police Blotter Book), 0.0 drivers_injured, 0.0 drivers_killed, 0.0 passengers_injured, 0.0 passengers_killed, 0.0 pedestrian_injured, 0.0 pedestrian_killed, Fair (Day), EDSA North Ave., Brgy Bagong Pagasa Quezon City",MMDA Road Safety Unit,,8d89b0e2-af2a-4a5c-a0b4-21a9102aa3aa,2014-02-10,09:30:00,"EDSA before Congressional Ave., Bgy.Bahay Toro Quezon City",0,0,0,0,0,0,0,0,0,0,2014-02-10 17:30,Property,14.65553839,121.0299647,No Collision Stated
None,EDSA,None,None,"No Accident Factor, Rear-end, 0.0 drivers_injured, 0.0 drivers_killed, 0.0 passengers_injured, 0.0 passengers_killed, 0.0 pedestrian_injured, 0.0 pedestrian_killed, Fair (Day), EDSA before Corinthian Garden Bgy.Ugong Norte Quezon City",MMDA Road Safety Unit,,aaebb926-8145-40d9-8805-42be56c38198,2014-02-10,01:20:00,"EDSA Corregidor St., Bgy.Ramon Magsaysay Quezon City",0,0,0,0,0,0,0,0,0,0,2014-02-10 9:20,Property,14.59893112,121.0598841,Rear-End
None,EDSA,None,None,"No Accident Factor, No Collision Stated (based on Police Blotter Book), 1.0 drivers_injured, 0.0 drivers_killed, 0.0 passengers_injured, 0.0 passengers_killed, 0.0 pedestrian_injured, 0.0 pedestrian_killed, Fair (Night), EDSA infront of SM Annex Brgy Bagong Pagasa Quezon City",MMDA Road Safety Unit,,0330e413-0ed3-49f1-b60a-67ced879980c,2014-02-09,10:10:00,"EDSA North Ave., Pag asa Quezon City",0,0,0,1,0,0,0,0,0,1,2014-02-09 18:10,Injury,14.6561676,121.0278777,No Collision Stated
None,EDSA,None,None,"No Accident Factor, Side Swipe, 0.0 drivers_injured, 0.0 drivers_killed, 0.0 passengers_injured, 0.0 passengers_killed, 0.0 pedestrian_injured, 0.0 pedestrian_killed, Fair (Day), EDSA fronting Baliwag Bus Terminal Bgy.E.Rodriguez Quezon City",MMDA Road Safety Unit,,337dcd6b-99fb-4e96-99b7-7d1f4dd1961c,2014-02-09,04:30:00,EDSA OP / UP Balintawak Quezon City,0,0,0,0,0,0,0,0,0,0,2014-02-09 12:30,Property,14.62497658,121.0487035,Side Swipe
None,EDSA,None,None,"No Accident Factor, No Collision Stated (based on Police Blotter Book), 0.0 drivers_injured, 0.0 drivers_killed, 0.0 passengers_injured, 0.0 passengers_killed, 0.0 pedestrian_injured, 0.0 pedestrian_killed, Fair (Night), EDSA Trinoma Terminal Brgy Bagong Pagasa Quezon City",MMDA Road Safety Unit,,263334fd-86dd-42cd-b6d7-bc1727e72a2b,2014-02-08,15:30:00,EDSA Quezon Ave. uturn slot Quezon City,0,0,0,0,0,0,0,0,0,0,2014-02-08 23:30,Property,14.65242607,121.0323133,No Collision Stated
None,EDSA,None,None,"No Accident Factor, Side Swipe, 0.0 drivers_injured, 0.0 drivers_killed, 0.0 passengers_injured, 0.0 passengers_killed, 0.0 pedestrian_injured, 0.0 pedestrian_killed, Fair (Day), EDSA fronting JAC Liner Bus Terminal Quezon City",MMDA Road Safety Unit,,0f61e6b6-ad5b-406f-8f49-04f9ada7293c,2014-02-08,06:50:00,EDSA  Cloverleaf Road Bgy. Balingasa Quezon City,0,0,0,0,0,0,0,0,0,0,2014-02-08 14:50,Property,14.63206278,121.0454731,Side Swipe
None,EDSA,None,None,"No Accident Factor, Side Swipe, 0.0 drivers_injured, 0.0 drivers_killed, 0.0 passengers_injured, 0.0 passengers_killed, 0.0 pedestrian_injured, 0.0 pedestrian_killed, Fair (Day), EDSA Gen. Roxas Bgy.Socorro Quezon City",MMDA Road Safety Unit,,c04e05ff-e10e-46a4-b581-3763b11a49a1,2014-02-08,01:40:00,"EDSA Mindanao Ave. Ext., Bgy.Pag asa Quezon City",0,0,0,0,0,0,0,0,0,0,2014-02-08 9:40,Property,14.62042254,121.0508064,Side Swipe
None,EDSA,None,None,"No Accident Factor, No Collision Stated (based on Police Blotter Book), 0.0 drivers_injured, 0.0 drivers_killed, 0.0 passengers_injured, 0.0 passengers_killed, 0.0 pedestrian_injured, 0.0 pedestrian_killed, Fair (Day), EDSA U Turn Slot Quezon Avenue Brgy Bagong Pagasa Quezon City",MMDA Road Safety Unit,,fe50b3a9-39bf-472d-8b60-b4ca0433fce5,2014-02-08,01:30:00,EDSA    Quezon Avenue  Quezon City,0,0,0,0,0,0,0,0,0,0,2014-02-08 9:30,Property,14.64510793,121.0372092,No Collision Stated
None,EDSA,None,None,"No Accident Factor, Hit and Run (No Collision Stated), 0.0 drivers_injured, 0.0 drivers_killed, 0.0 passengers_injured, 0.0 passengers_killed, 0.0 pedestrian_injured, 0.0 pedestrian_killed, Fair (Night), EDSA Mo. Ignacia Street Quezon City",MMDA Road Safety Unit,,8c7ea140-8c2d-417d-9301-8f0ac92a451f,2014-02-07,20:55:00,EDSA North Ave. Quezon City,0,0,0,0,0,0,0,0,0,0,2014-02-08 4:55,Property,14.64225922,121.038789,No Collision Stated
None,EDSA,None,None,"No Accident Factor, Rear-end, 0.0 drivers_injured, 0.0 drivers_killed, 0.0 passengers_injured, 0.0 passengers_killed, 0.0 pedestrian_injured, 0.0 pedestrian_killed, Fair (Day), EDSA fronting Camp Aguinaldo Quezon City",MMDA Road Safety Unit,,f50655ea-ccba-471c-8f57-2fb20e30fcb9,2014-02-07,06:15:00,EDSA Panay Ave. Quezon City,0,0,0,0,0,0,0,0,0,0,2014-02-07 14:15,Property,14.6074566,121.0567511,Rear-End
None,EDSA,None,None,"No Accident Factor, Rear-end, 0.0 drivers_injured, 0.0 drivers_killed, 0.0 passengers_injured, 0.0 passengers_killed, 0.0 pedestrian_injured, 0.0 pedestrian_killed, Fair (Day), EDSA fronting People Monument Quezon City",MMDA Road Safety Unit,,b959f20f-7278-4e87-bc89-b429ca020da7,2014-02-07,05:00:00,EDSA  Baliwag  Quezon City,0,0,0,0,0,0,0,0,0,0,2014-02-07 13:00,Property,14.59996982,121.0597154,Rear-End
None,EDSA,None,None,"No Accident Factor, No Collision Stated (based on Police Blotter Book), 0.0 drivers_injured, 0.0 drivers_killed, 0.0 passengers_injured, 0.0 passengers_killed, 0.0 pedestrian_injured, 0.0 pedestrian_killed, Fair (Day), EDSA North Avenue Quezon City",MMDA Road Safety Unit,,5db3c4b5-3bb5-4cfe-a86d-2e36f51bf209,2014-02-06,03:00:00,EDSA fronting Trinoma uturn slot Quezon City,0,0,0,0,0,0,0,0,0,0,2014-02-06 11:00,Property,14.65553839,121.0299647,No Collision Stated
None,EDSA,None,None,"No Accident Factor, No Collision Stated (based on Police Blotter Book), 0.0 drivers_injured, 0.0 drivers_killed, 0.0 passengers_injured, 0.0 passengers_killed, 0.0 pedestrian_injured, 0.0 pedestrian_killed, Fair (Night), EDSA Corregidor Street Brgy Ramon Magsaysay Quezon City",MMDA Road Safety Unit,,2be26403-c034-4717-8d3c-0cda3bb7c93c,2014-02-05,21:40:00,EDSA  Santolan  Quezon City,0,0,0,0,0,0,0,0,0,0,2014-02-06 5:40,Property,14.65707679,121.0241648,No Collision Stated
None,EDSA,None,None,"No Accident Factor, Rear-end, 0.0 drivers_injured, 0.0 drivers_killed, 0.0 passengers_injured, 0.0 passengers_killed, 0.0 pedestrian_injured, 0.0 pedestrian_killed, Fair (Day), EDSA P. Tuazon Blvd. Quezon City",MMDA Road Safety Unit,,3bb74b0d-21b6-425b-be91-f1748cb14139,2014-02-04,09:45:00,EDSA  Monte de Piedad St.  Quezon City,0,0,0,0,0,0,0,0,0,0,2014-02-04 17:45,Property,14.61656342,121.0525225,Rear-End
None,EDSA,None,None,"No Accident Factor, Hit and Run (No Collision Stated), 0.0 drivers_injured, 0.0 drivers_killed, 0.0 passengers_injured, 0.0 passengers_killed, 0.0 pedestrian_injured, 0.0 pedestrian_killed, Fair (Night), EDSA Kamias Road Quezon City",MMDA Road Safety Unit,,b43c1e42-9774-40c7-9118-62be42c5056b,2014-02-03,11:00:00,EDSA fronting SM North Water Falls Bgy.Ramon Magsaysay Quezon City,0,0,0,0,0,0,0,0,0,0,2014-02-03 19:00,Property,14.6309142,121.0459376,No Collision Stated
None,EDSA,None,None,"No Accident Factor, No Collision Stated (based on Police Blotter Book), 0.0 drivers_injured, 0.0 drivers_killed, 0.0 passengers_injured, 0.0 passengers_killed, 0.0 pedestrian_injured, 0.0 pedestrian_killed, Fair (Day), EDSA front of Magsaysay High School Quezon City",MMDA Road Safety Unit,,822e07a5-e8dc-443b-9432-376a88656931,2014-02-03,01:00:00,EDSA fronting ETON Centris station Bgy.Central Quezon City,0,0,0,0,0,0,0,0,0,0,2014-02-03 9:00,Property,14.62774928,121.0471713,No Collision Stated
None,EDSA,None,None,"No Accident Factor, Side Swipe, 0.0 drivers_injured, 0.0 drivers_killed, 0.0 passengers_injured, 0.0 passengers_killed, 0.0 pedestrian_injured, 0.0 pedestrian_killed, Fair (Night), EDSA OP/UP Brgy Balingasa Quezon City",MMDA Road Safety Unit,,cda35799-2ddd-4877-95b6-2e7744472fe4,2014-02-02,21:45:00,EDSA fronting Waltermart Bgy.San Antonio Quezon City,0,0,0,0,0,0,0,0,0,0,2014-02-03 5:45,Property,14.65736015,121.002298,Side Swipe
None,EDSA,None,None,"No Accident Factor, Side Swipe, 0.0 drivers_injured, 0.0 drivers_killed, 0.0 passengers_injured, 0.0 passengers_killed, 0.0 pedestrian_injured, 0.0 pedestrian_killed, Fair (Night), EDSA  Aurora Blvd. Quezon City",MMDA Road Safety Unit,,64a58596-56f4-453f-9754-1e5c34669061,2014-02-02,10:20:00,EDSA  GOSOC Quezon City,0,0,0,0,0,0,0,0,0,0,2014-02-02 18:20,Property,14.62163216,121.0502064,Side Swipe
None,EDSA,None,None,"No Accident Factor, Angle Impact, 0.0 drivers_injured, 0.0 drivers_killed, 0.0 passengers_injured, 0.0 passengers_killed, 0.0 pedestrian_injured, 0.0 pedestrian_killed, Fair (Day), EDSA Aurora Blvd., Bgy.Socorro Quezon City",MMDA Road Safety Unit,,4f55443f-4df4-4c95-b916-03ca92e2e3c4,2014-02-02,07:20:00,EDSA  New York St.  Quezon City,0,0,0,0,0,0,0,0,0,0,2014-02-02 15:20,Property,14.6218043,121.0502049,Angle Impact
None,EDSA,None,None,"No Accident Factor, Hit and Run (No Collision Stated), 0.0 drivers_injured, 0.0 drivers_killed, 0.0 passengers_injured, 0.0 passengers_killed, 0.0 pedestrian_injured, 0.0 pedestrian_killed, Fair (Day), EDSA before Kamias Road Quezon City",MMDA Road Safety Unit,,e35f88b0-4c42-4271-9b44-04db256c8d76,2014-02-02,04:45:00,EDSA West Ave. Quezon City,0,0,0,0,0,0,0,0,0,0,2014-02-02 12:45,Property,14.63042614,121.0461874,No Collision Stated
None,EDSA,None,None,"No Accident Factor, Hit Object (No Object Stated), 0.0 drivers_injured, 0.0 drivers_killed, 0.0 passengers_injured, 0.0 passengers_killed, 0.0 pedestrian_injured, 0.0 pedestrian_killed, Fair (Night), EDSA Arrayat Quezon City",MMDA Road Safety Unit,,005ea4de-4d12-451a-a31e-54caddd71c6f,2014-02-01,14:30:00,EDSA  Bulacan Street  Quezon City,0,0,0,0,0,0,0,0,0,0,2014-02-01 22:30,Property,14.61961002,121.0508578,Hit Object
None,EDSA,None,None,"No Accident Factor, Side Swipe, 0.0 drivers_injured, 0.0 drivers_killed, 0.0 passengers_injured, 0.0 passengers_killed, 0.0 pedestrian_injured, 0.0 pedestrian_killed, Fair (Night), EDSA Mindanao Avenue Extension Brgy Bagong Pagasa Quezon City",MMDA Road Safety Unit,,3558d25c-1199-4dfd-a73b-5f09b4e0d466,2014-02-01,12:00:00,"EDSA West Ave., Bgy.Philam Quezon City",0,0,0,0,0,0,0,0,0,0,2014-02-01 20:00,Property,14.65052386,121.0335656,Side Swipe
None,EDSA,None,None,"No Accident Factor, Rear-end, 0.0 drivers_injured, 0.0 drivers_killed, 0.0 passengers_injured, 0.0 passengers_killed, 0.0 pedestrian_injured, 0.0 pedestrian_killed, Fair (Day), EDSA Aurora Blvd. Quezon City",MMDA Road Safety Unit,,092002b8-27a4-40fc-9ae4-7c7ec123d588,2014-02-01,09:35:00,EDSA  Cloverleaf Brgy. Balingasa  Quezon City,0,0,0,0,0,0,0,0,0,0,2014-02-01 17:35,Property,14.62163653,121.0501573,Rear-End
None,EDSA,None,None,"No Accident Factor, No Collision Stated (based on Police Blotter Book), 0.0 drivers_injured, 0.0 drivers_killed, 0.0 passengers_injured, 0.0 passengers_killed, 0.0 pedestrian_injured, 0.0 pedestrian_killed, Fair (Day), EDSA Howmart Road Brgy Apolonio Samson Quezon City",MMDA Road Safety Unit,,1a1e4fcd-758e-4656-b428-a81b3b5685d7,2014-02-01,08:00:00,"EDSA Quezon Ave., Bgy.Bagong Pag asa Quezon City",0,0,0,0,0,0,0,0,0,0,2014-02-01 16:00,Property,14.65764415,121.0108224,No Collision Stated
None,EDSA,None,None,"No Accident Factor, Hit and Run (No Collision Stated), 0.0 drivers_injured, 0.0 drivers_killed, 0.0 passengers_injured, 0.0 passengers_killed, 0.0 pedestrian_injured, 0.0 pedestrian_killed, Fair (Night), EDSA infront of Balintawak Market Brgy Balingasa Quezon City",MMDA Road Safety Unit,,943df6ae-401a-4785-b7b0-2559c0e89cfb,2014-01-31,20:45:00,EDSA  LRT SB Quezon City,0,0,0,0,0,0,0,0,0,0,2014-02-01 4:45,Property,14.65740137,121.0033115,No Collision Stated
None,EDSA,None,None,"No Accident Factor, No Collision Stated (based on Police Blotter Book), 0.0 drivers_injured, 0.0 drivers_killed, 0.0 passengers_injured, 0.0 passengers_killed, 0.0 pedestrian_injured, 0.0 pedestrian_killed, Fair (Night), EDSA New York Street Quezon City",MMDA Road Safety Unit,,b7010d8d-420b-40aa-9d97-6341b697eeb1,2014-01-30,14:05:00,EDSA fronting Waltermart Quezon City,0,0,0,0,0,0,0,0,0,0,2014-01-30 22:05,Property,14.62568514,121.0482307,No Collision Stated
None,EDSA,None,None,"No Accident Factor, Side Swipe, 0.0 drivers_injured, 0.0 drivers_killed, 0.0 passengers_injured, 0.0 passengers_killed, 0.0 pedestrian_injured, 0.0 pedestrian_killed, Fair (Night), EDSA Main Avenue Barangay Socorro Quezon City",MMDA Road Safety Unit,,ed94a581-2f53-4d75-828e-145f41ed7794,2014-01-30,14:00:00,EDSA  Timog Ave. Quezon City,0,0,0,0,0,0,0,0,0,0,2014-01-30 22:00,Property,14.61376458,121.0537933,Side Swipe
None,EDSA,None,None,"No Accident Factor, No Collision Stated (based on Police Blotter Book), 0.0 drivers_injured, 0.0 drivers_killed, 0.0 passengers_injured, 0.0 passengers_killed, 0.0 pedestrian_injured, 0.0 pedestrian_killed, Fair (Night), EDSA Congressional Avenue Brgy Ramon Magsaysay Quezon City",MMDA Road Safety Unit,,0a46498f-2d1d-4865-89b0-29e462adbbe1,2014-01-30,13:20:00,"EDSA North Ave., Bgy.Pag asa Quezon City",0,0,0,0,0,0,0,0,0,0,2014-01-30 21:20,Property,14.6571804,120.9927185,No Collision Stated
None,EDSA,None,None,"No Accident Factor, No Collision Stated (based on Police Blotter Book), 0.0 drivers_injured, 0.0 drivers_killed, 0.0 passengers_injured, 0.0 passengers_killed, 0.0 pedestrian_injured, 0.0 pedestrian_killed, Fair (Night), EDSA Misamis Street Brgy Pagasa Quezon City",MMDA Road Safety Unit,,950e0881-02ee-426e-80ad-a5fb63424260,2014-01-30,12:50:00,EDSA Quezon Ave. Quezon City,0,0,0,0,0,0,0,0,0,0,2014-01-30 20:50,Property,14.65602348,121.0285212,No Collision Stated
None,EDSA,None,None,"No Accident Factor, No Collision Stated (based on Police Blotter Book), 0.0 drivers_injured, 0.0 drivers_killed, 0.0 passengers_injured, 0.0 passengers_killed, 0.0 pedestrian_injured, 0.0 pedestrian_killed, Fair (Night), EDSA North Avenue Brgy Bagong Pagasa Quezon City",MMDA Road Safety Unit,,976ff7f3-dbbd-4d3a-a085-fd818a95956c,2014-01-30,10:30:00,EDSA Congressional Ave. Quezon City,0,0,0,0,0,0,0,0,0,0,2014-01-30 18:30,Property,14.65553839,121.0299647,No Collision Stated
None,EDSA,None,None,"No Accident Factor, No Collision Stated (based on Police Blotter Book), 0.0 drivers_injured, 0.0 drivers_killed, 0.0 passengers_injured, 0.0 passengers_killed, 0.0 pedestrian_injured, 0.0 pedestrian_killed, Fair (Day), EDSA U Turn Slot fronting Iglesia Ni Cristo Church Brgy Ramon Magsaysay Quezon City",MMDA Road Safety Unit,,ee7627f9-c327-4e2d-ba3f-1741b6d64563,2014-01-30,08:00:00,"EDSA Corregidor St., Bgy.Ramon Magsaysay Quezon City",0,0,0,0,0,0,0,0,0,0,2014-01-30 16:00,Property,14.65727725,121.0227052,No Collision Stated
None,EDSA,None,None,"No Accident Factor, Rear-end, 0.0 drivers_injured, 0.0 drivers_killed, 0.0 passengers_injured, 0.0 passengers_killed, 0.0 pedestrian_injured, 0.0 pedestrian_killed, Fair (Day), EDSA P. Tuazon Boulevard Quezon City",MMDA Road Safety Unit,,62a6d96d-ea54-4942-838c-99cb7b1c17f5,2014-01-30,06:40:00,EDSA P. Tuazon Blvd.  Quezon City,0,0,0,0,0,0,0,0,0,0,2014-01-30 14:40,Property,14.61656342,121.0525225,Rear-End
None,EDSA,None,None,"No Accident Factor, No Collision Stated (based on Police Blotter Book), 0.0 drivers_injured, 0.0 drivers_killed, 0.0 passengers_injured, 0.0 passengers_killed, 0.0 pedestrian_injured, 0.0 pedestrian_killed, Fair (Day), EDSA near Santolan MRT Station Quezon City",MMDA Road Safety Unit,,88ad2adf-c664-4723-a974-0bc59fc11d74,2014-01-30,03:00:00,EDSA  Main Ave. Quezon City,0,0,0,0,0,0,0,0,0,0,2014-01-30 11:00,Property,14.60766468,121.0566155,No Collision Stated