LOCATION_TEXT,ROAD,WEATHER,LIGHT,DESC,REPORTING_AGENCY,MAIN_CAUSE,INCIDENTDETAILS_ID,DATE_UTC,TIME_UTC,ADDRESS,killed_driver,killed_passenger,killed_pedestrian,injured_driver,injured_passenger,injured_pedestrian,killed_uncategorized,injured_uncategorized,killed_total,injured_total,DATETIME_PST,SEVERITY,Y,X,COLLISION_TYPE
None,EDSA,None,None,"No Accident Factor, Rear-end, 0.0 drivers_injured, 0.0 drivers_killed, 0.0 passengers_injured, 0.0 passengers_killed, 0.0 pedestrian_injured, 0.0 pedestrian_killed, Fair (Day), EDSA near Main Avenue Quezon City",MMDA Road Safety Unit,,6b1efa0d-1a4e-4ef4-95d0-78a60d174e59,2014-01-30,00:20:00,"EDSA Corregidor St., Bgy.Ramon Magsaysay Quezon City",0,0,0,0,0,0,0,0,0,0,2014-01-30 8:20,Property,14.61644337,121.0524621,Rear-End
None,EDSA,None,None,"No Accident Factor, No Collision Stated (based on Police Blotter Book), 0.0 drivers_injured, 0.0 drivers_killed, 0.0 passengers_injured, 0.0 passengers_killed, 0.0 pedestrian_injured, 0.0 pedestrian_killed, Fair (Night), EDSA Fema Road Quezon City",MMDA Road Safety Unit,,44e04b02-c355-4898-8d07-2eb00545517d,2014-01-29,17:20:00,"EDSA North Ave., Bgy.Pag asa Quezon City",0,0,0,0,0,0,0,0,0,0,2014-01-30 1:20,Property,14.65776837,121.0159521,No Collision Stated
None,EDSA,None,None,"No Accident Factor, No Collision Stated (based on Police Blotter Book), 0.0 drivers_injured, 0.0 drivers_killed, 0.0 passengers_injured, 0.0 passengers_killed, 0.0 pedestrian_injured, 0.0 pedestrian_killed, Fair (Night), EDSA Corregidor Street Sto Cristo Quezon City",MMDA Road Safety Unit,,e9de57c1-fcd2-4e28-9e7c-2eb8d3b23966,2014-01-29,13:30:00,EDSA North Ave. Quezon City,0,0,0,0,0,0,0,0,0,0,2014-01-29 21:30,Property,14.65707679,121.0241648,No Collision Stated
None,EDSA,None,None,"No Accident Factor, No Collision Stated (based on Police Blotter Book), 0.0 drivers_injured, 0.0 drivers_killed, 0.0 passengers_injured, 0.0 passengers_killed, 0.0 pedestrian_injured, 0.0 pedestrian_killed, Fair (Night), EDSA Infront of SM Waterfalls Brgy Bagong Pagasa Quezon City",MMDA Road Safety Unit,,9954ea91-c3bc-4062-a6ef-141858575b61,2014-01-29,11:30:00,EDSA  Kamuning MRT Station Quezon City,0,0,0,0,0,0,0,0,0,0,2014-01-29 19:30,Property,14.6561676,121.0278777,No Collision Stated
None,EDSA,None,None,"No Accident Factor, No Collision Stated (based on Police Blotter Book), 0.0 drivers_injured, 0.0 drivers_killed, 0.0 passengers_injured, 0.0 passengers_killed, 0.0 pedestrian_injured, 0.0 pedestrian_killed, Fair (Night), EDSA Mindanao Avenue Extension Brgy Bagong Pagasa Quezon City",MMDA Road Safety Unit,,432ae74b-6164-4fd3-a560-c1cb11c904d0,2014-01-29,11:20:00,EDSA  Monte de Piedad St.  Quezon City,0,0,0,0,0,0,0,0,0,0,2014-01-29 19:20,Property,14.65052386,121.0335656,No Collision Stated
None,EDSA,None,None,"No Accident Factor, No Collision Stated (based on Police Blotter Book), 0.0 drivers_injured, 0.0 drivers_killed, 0.0 passengers_injured, 0.0 passengers_killed, 0.0 pedestrian_injured, 0.0 pedestrian_killed, Fair (Night), EDSA infront of SM North Brgy Ramon Magsaysay Quezon City",MMDA Road Safety Unit,,3f539144-bf31-4186-9129-8a3c5beb0e2c,2014-01-29,10:00:00,EDSA fronting SM North Ave. Quezon City,0,0,0,0,0,0,0,0,0,0,2014-01-29 18:00,Property,14.6561676,121.0278777,No Collision Stated
None,EDSA,None,None,"No Accident Factor, No Collision Stated (based on Police Blotter Book), 0.0 drivers_injured, 0.0 drivers_killed, 0.0 passengers_injured, 0.0 passengers_killed, 0.0 pedestrian_injured, 0.0 pedestrian_killed, Fair (Day), EDSA near Kamuning Road Quezon City",MMDA Road Safety Unit,,1a2607cc-b651-42eb-94b9-e667621bd5ed,2014-01-29,01:45:00,"EDSA Corregidor St., Bgy.Ramon Magsaysay Quezon City",0,0,0,0,0,0,0,0,0,0,2014-01-29 9:45,Property,14.63085309,121.0457785,No Collision Stated
None,EDSA,None,None,"No Accident Factor, Hit and Run (No Collision Stated), 0.0 drivers_injured, 0.0 drivers_killed, 0.0 passengers_injured, 0.0 passengers_killed, 0.0 pedestrian_injured, 0.0 pedestrian_killed, Fair (Day), EDSA West Avenue Bungad Quezon City",MMDA Road Safety Unit,,4423797a-6f9e-4945-886e-cd812a6548bc,2014-01-29,00:45:00,"EDSA Misamis St., Bgy.Sto.Cristo Quezon City",0,0,0,0,0,0,0,0,0,0,2014-01-29 8:45,Property,14.65548924,121.0298079,No Collision Stated
None,EDSA,None,None,"No Accident Factor, No Collision Stated (based on Police Blotter Book), 0.0 drivers_injured, 0.0 drivers_killed, 0.0 passengers_injured, 0.0 passengers_killed, 0.0 pedestrian_injured, 0.0 pedestrian_killed, Fair (Night), EDSA Kamias Road Quezon City",MMDA Road Safety Unit,,559374a5-abd3-4765-b37f-4876c7243a69,2014-01-28,12:15:00,"EDSA Mindanao Ave. Ext., Bgy.Pag asa Quezon City",0,0,0,0,0,0,0,0,0,0,2014-01-28 20:15,Property,14.6309142,121.0459376,No Collision Stated
None,EDSA,None,None,"No Accident Factor, No Collision Stated (based on Police Blotter Book), 0.0 drivers_injured, 0.0 drivers_killed, 0.0 passengers_injured, 0.0 passengers_killed, 0.0 pedestrian_injured, 0.0 pedestrian_killed, Fair (Day), EDSA before E. Garcia Street Quezon City",MMDA Road Safety Unit,,3ba63a04-5847-469e-aefb-f4d1ea9f3d8c,2014-01-28,04:00:00,EDSA  Kamias Road Quezon City,0,0,0,0,0,0,0,0,0,0,2014-01-28 12:00,Property,14.62762535,121.047219,No Collision Stated
None,EDSA,None,None,"No Accident Factor, No Collision Stated (based on Police Blotter Book), 0.0 drivers_injured, 0.0 drivers_killed, 0.0 passengers_injured, 0.0 passengers_killed, 0.0 pedestrian_injured, 0.0 pedestrian_killed, Fair (Day), EDSA between Timog Avenue and Kamuning Road Quezon City",MMDA Road Safety Unit,,60a98f05-07cc-4557-b0b6-a594d76f94f3,2014-01-28,03:30:00,"EDSA Mindanao Ave. Extn., Bgy.Bagong Pag asa Quezon City",0,0,0,0,0,0,0,0,0,0,2014-01-28 11:30,Property,14.631876,121.0451555,No Collision Stated
None,EDSA,None,None,"No Accident Factor, No Collision Stated (based on Police Blotter Book), 0.0 drivers_injured, 0.0 drivers_killed, 0.0 passengers_injured, 0.0 passengers_killed, 0.0 pedestrian_injured, 0.0 pedestrian_killed, Fair (Day), EDSA Howmart Road Brgy Kaingin Quezon City",MMDA Road Safety Unit,,a36c8940-6137-4773-970a-f92fd6532a81,2014-01-28,03:00:00,"EDSA Kaingin St., fronting Footbridge(SB) Quezon City",0,0,0,0,0,0,0,0,0,0,2014-01-28 11:00,Property,14.65764415,121.0108224,No Collision Stated
None,EDSA,None,None,"No Accident Factor, Side Swipe, 0.0 drivers_injured, 0.0 drivers_killed, 0.0 passengers_injured, 0.0 passengers_killed, 0.0 pedestrian_injured, 0.0 pedestrian_killed, Fair (Day), EDSA before Mc Arthur Highway Service Road Barangay Socorro Quezon City",MMDA Road Safety Unit,,42cddba8-5115-4c37-acbb-83f98160956f,2014-01-26,06:00:00,EDSA West Ave. Quezon City,0,0,0,0,0,0,0,0,0,0,2014-01-26 14:00,Property,14.61790782,121.0518832,Side Swipe
None,EDSA,None,None,"No Accident Factor, Side Swipe, 0.0 drivers_injured, 0.0 drivers_killed, 0.0 passengers_injured, 0.0 passengers_killed, 0.0 pedestrian_injured, 0.0 pedestrian_killed, Fair (Night), EDSA before Baliwag Bus Terminal  Quezon City",MMDA Road Safety Unit,,24918606-d637-4315-8377-881161964986,2014-01-24,20:15:00,EDSA fronting ETON Centris Bgy.Central Quezon City,0,0,0,0,0,0,0,0,0,0,2014-01-25 4:15,Property,14.62450309,121.0488379,Side Swipe
None,EDSA,None,None,"No Accident Factor, Hit and Run (No Collision Stated), 0.0 drivers_injured, 0.0 drivers_killed, 0.0 passengers_injured, 0.0 passengers_killed, 0.0 pedestrian_injured, 0.0 pedestrian_killed, Fair (Day), EDSA Cloverleaf market Brgy Apolonio Samson Quezon City",MMDA Road Safety Unit,,e945a595-fd69-4b46-8c9d-b8169164caf7,2014-01-24,01:00:00,"EDSA (NB0 Congressional Ave., Bgy.Ramon Magsaysay Quezon City",0,0,0,0,0,0,0,0,0,0,2014-01-24 9:00,Property,14.6575213,121.0010654,No Collision Stated
None,EDSA,None,None,"No Accident Factor, No Collision Stated (based on Police Blotter Book), 0.0 drivers_injured, 0.0 drivers_killed, 0.0 passengers_injured, 0.0 passengers_killed, 0.0 pedestrian_injured, 0.0 pedestrian_killed, Fair (Night), EDSA near Santolan MRT Station Quezon City",MMDA Road Safety Unit,,c8f99da5-01dd-44ec-b0a5-69fb8979329f,2014-01-23,21:05:00,EDSA before Congressional Ave. Quezon City,0,0,0,0,0,0,0,0,0,0,2014-01-24 5:05,Property,14.60766468,121.0566155,No Collision Stated
None,EDSA,None,None,"No Accident Factor, No Collision Stated (based on Police Blotter Book), 0.0 drivers_injured, 0.0 drivers_killed, 0.0 passengers_injured, 0.0 passengers_killed, 0.0 pedestrian_injured, 0.0 pedestrian_killed, Fair (Day), EDSA front of Ramon Magsaysay Quezon City",MMDA Road Safety Unit,,32543ec8-43c7-4c61-838b-a2e7e7b8c261,2014-01-23,07:30:00,"EDSA Roosevelt Ave., Bgy.Veterans Quezon City",0,0,0,0,0,0,0,0,0,0,2014-01-23 15:30,Property,14.62780629,121.0474114,No Collision Stated
None,EDSA,None,None,"No Accident Factor, Head-on, 0.0 drivers_injured, 0.0 drivers_killed, 0.0 passengers_injured, 0.0 passengers_killed, 0.0 pedestrian_injured, 0.0 pedestrian_killed, Fair (Day), EDSA Monte de Piedan Quezon City",MMDA Road Safety Unit,,a556c688-7b4e-40cd-b350-df284a2360b8,2014-01-23,02:30:00,"EDSA Bansalangin St., Project 7 Quezon City",0,0,0,0,0,0,0,0,0,0,2014-01-23 10:30,Property,14.62346937,121.0491711,Head-On
None,EDSA,None,None,"No Accident Factor, No Collision Stated (based on Police Blotter Book), 0.0 drivers_injured, 0.0 drivers_killed, 0.0 passengers_injured, 0.0 passengers_killed, 0.0 pedestrian_injured, 0.0 pedestrian_killed, Fair (Day), EDSA North Avenue Barangay Bagong Pag-Asa Quezon City",MMDA Road Safety Unit,,74d138f1-51df-4b68-a5bc-131da3137241,2014-01-22,07:05:00,"EDSA Paramount West Ave., Bgy.West Triangle Quezon City",0,0,0,0,0,0,0,0,0,0,2014-01-22 15:05,Property,14.65553839,121.0299647,No Collision Stated
None,EDSA,None,None,"No Accident Factor, No Collision Stated (based on Police Blotter Book), 0.0 drivers_injured, 0.0 drivers_killed, 0.0 passengers_injured, 0.0 passengers_killed, 0.0 pedestrian_injured, 0.0 pedestrian_killed, Fair (Night), EDSA North Avenue Barangay Bagong Pag-Asa Quezon City",MMDA Road Safety Unit,,eb635e4d-714e-452f-a0c3-674c9c92f726,2014-01-21,13:15:00,EDSA  West Ave. Quezon City,0,0,0,0,0,0,0,0,0,0,2014-01-21 21:15,Property,14.65553839,121.0299647,No Collision Stated
None,EDSA,None,None,"No Accident Factor, No Collision Stated (based on Police Blotter Book), 0.0 drivers_injured, 0.0 drivers_killed, 0.0 passengers_injured, 0.0 passengers_killed, 0.0 pedestrian_injured, 0.0 pedestrian_killed, Fair (Night), EDSA Aurora Blvd. Quezon City",MMDA Road Safety Unit,,748185ae-28a8-4226-ac0c-ba305607343e,2014-01-21,12:45:00,EDSA Monte de Piedad St. Quezon City,0,0,0,0,0,0,0,0,0,0,2014-01-21 20:45,Property,14.62163653,121.0501573,No Collision Stated
None,EDSA,None,None,"No Accident Factor, No Collision Stated (based on Police Blotter Book), 0.0 drivers_injured, 0.0 drivers_killed, 0.0 passengers_injured, 0.0 passengers_killed, 0.0 pedestrian_injured, 0.0 pedestrian_killed, Fair (Night), EDSA West Avenue Barangay Philam  Quezon City",MMDA Road Safety Unit,,4e506e09-350d-49bd-8f56-e77487709832,2014-01-21,10:30:00,EDSA before Banahaw St. Quezon City,0,0,0,0,0,0,0,0,0,0,2014-01-21 18:30,Property,14.65548924,121.0298079,No Collision Stated
None,EDSA,None,None,"No Accident Factor, Hit and Run (No Collision Stated), 0.0 drivers_injured, 0.0 drivers_killed, 0.0 passengers_injured, 0.0 passengers_killed, 0.0 pedestrian_injured, 0.0 pedestrian_killed, Fair (Day), EDSA P. Tuazon Boulevard Cubao Quezon City Quezon City",MMDA Road Safety Unit,,ad4388c9-efcc-4782-85b9-69f4b26b38e2,2014-01-21,00:20:00,EDSA Ermin Garcia St. Quezon City,0,0,0,0,0,0,0,0,0,0,2014-01-21 8:20,Property,14.61656342,121.0525225,No Collision Stated
None,EDSA,None,None,"No Accident Factor, Side Swipe, 0.0 drivers_injured, 0.0 drivers_killed, 0.0 passengers_injured, 0.0 passengers_killed, 0.0 pedestrian_injured, 0.0 pedestrian_killed, Fair (Day), EDSA B. Serrano Avenue Barangay Santolan  Quezon City",MMDA Road Safety Unit,,b043f713-cc78-467d-9160-462b8cb44a22,2014-01-20,06:30:00,EDSA Timog Ave. Quezon City,0,0,0,0,0,0,0,0,0,0,2014-01-20 14:30,Property,14.61096685,121.0551991,Side Swipe
None,EDSA,None,None,"No Accident Factor, Head-on, 0.0 drivers_injured, 0.0 drivers_killed, 0.0 passengers_injured, 0.0 passengers_killed, 0.0 pedestrian_injured, 0.0 pedestrian_killed, Fair (Night), EDSA Monte de Piedan Quezon City",MMDA Road Safety Unit,,2dfaab85-391d-456f-98bc-cd9f14ae0648,2014-01-19,21:30:00,EDSA  North Ave.  Quezon City,0,0,0,0,0,0,0,0,0,0,2014-01-20 5:30,Property,14.62346937,121.0491711,Head-On
None,EDSA,None,None,"No Accident Factor, Hit and Run (No Collision Stated), 0.0 drivers_injured, 0.0 drivers_killed, 0.0 passengers_injured, 0.0 passengers_killed, 0.0 pedestrian_injured, 0.0 pedestrian_killed, Fair (Night), EDSA fronting Balintawak Market Quezon City",MMDA Road Safety Unit,,7d06e227-bf35-4e25-b09d-6f5e8df6a6b9,2014-01-19,18:00:00,EDSA SM Annex Quezon City,0,0,0,0,0,0,0,0,0,0,2014-01-20 2:00,Property,14.65736198,121.00264,No Collision Stated
None,EDSA,None,None,"No Accident Factor, Head-on, 0.0 drivers_injured, 0.0 drivers_killed, 0.0 passengers_injured, 0.0 passengers_killed, 0.0 pedestrian_injured, 0.0 pedestrian_killed, Fair (Night), EDSA front of Baliwag Transit Quezon City",MMDA Road Safety Unit,,90036ddf-63ef-4b4f-aa16-a227bfe0b891,2014-01-19,17:00:00,EDSA fronting Super Lines Quezon City,0,0,0,0,0,0,0,0,0,0,2014-01-20 1:00,Property,14.62505254,121.0486969,Head-On
None,EDSA,None,None,"No Accident Factor, No Collision Stated (based on Police Blotter Book), 0.0 drivers_injured, 0.0 drivers_killed, 0.0 passengers_injured, 0.0 passengers_killed, 0.0 pedestrian_injured, 0.0 pedestrian_killed, Fair (Day), EDSA GMA 7 MRT Station Quezon City",MMDA Road Safety Unit,,53641217-92c7-43d9-b22b-fa058a7923a3,2014-01-19,09:15:00,EDSA before GMA 7 MRT station Quezon City,0,0,0,0,0,0,0,0,0,0,2014-01-19 17:15,Property,14.63545103,121.0432182,No Collision Stated
None,EDSA,None,None,"No Accident Factor, Side Swipe, 0.0 drivers_injured, 0.0 drivers_killed, 0.0 passengers_injured, 0.0 passengers_killed, 0.0 pedestrian_injured, 0.0 pedestrian_killed, Fair (Day), EDSA Front of Hypermarket before Main Avenue Barangay Socorro Quezon City",MMDA Road Safety Unit,,2f3c7709-a760-4511-a9ae-809f5744a804,2014-01-18,09:30:00,EDSA fronting Camp Aguinaldo Bgy.Socorro Quezon City,0,0,0,0,0,0,0,0,0,0,2014-01-18 17:30,Property,14.61389292,121.0537001,Side Swipe
None,EDSA,None,None,"No Accident Factor, No Collision Stated (based on Police Blotter Book), 0.0 drivers_injured, 0.0 drivers_killed, 0.0 passengers_injured, 0.0 passengers_killed, 0.0 pedestrian_injured, 0.0 pedestrian_killed, Fair (Day), EDSA fronting Balintawak Market Brgy Balingasa Quezon City",MMDA Road Safety Unit,,e231e556-d430-47c0-a5d6-084b46d6280e,2014-01-18,09:00:00,"EDSA before B. Serrano Ave., Bgy.Socorro Quezon City",0,0,0,0,0,0,0,0,0,0,2014-01-18 17:00,Property,14.65736198,121.00264,No Collision Stated
None,EDSA,None,None,"No Accident Factor, Side Swipe, 0.0 drivers_injured, 0.0 drivers_killed, 0.0 passengers_injured, 0.0 passengers_killed, 0.0 pedestrian_injured, 0.0 pedestrian_killed, Fair (Day), EDSA Aurora Blvd. Quezon City",MMDA Road Safety Unit,,0dc9656c-7c45-43fe-b666-27b30c5e9ccd,2014-01-18,08:20:00,"EDSA  Oliveros St., Bgy. A. Samson Quezon City",0,0,0,0,0,0,0,0,0,0,2014-01-18 16:20,Property,14.62163653,121.0501573,Side Swipe
None,EDSA,None,None,"No Accident Factor, No Collision Stated (based on Police Blotter Book), 0.0 drivers_injured, 0.0 drivers_killed, 0.0 passengers_injured, 0.0 passengers_killed, 0.0 pedestrian_injured, 0.0 pedestrian_killed, Fair (Day), EDSA OP/UP Quezon City",MMDA Road Safety Unit,,6580154b-ebd7-4f7e-8dd0-6e1efa024c1c,2014-01-17,07:30:00,EDSA Kamuning Road Quezon City,0,0,0,0,0,0,0,0,0,0,2014-01-17 15:30,Property,14.65736015,121.002298,No Collision Stated
None,EDSA,None,None,"No Accident Factor, Side Swipe, 0.0 drivers_injured, 0.0 drivers_killed, 0.0 passengers_injured, 0.0 passengers_killed, 0.0 pedestrian_injured, 0.0 pedestrian_killed, Fair (Day), EDSA OP/UP Quezon City",MMDA Road Safety Unit,,9f56d15a-e5d9-4826-99ab-4612b8792b85,2014-01-17,00:30:00,EDSA Cloverleaf Road Bgy.Balingasa Quezon City,0,0,0,0,0,0,0,0,0,0,2014-01-17 8:30,Property,14.65736015,121.002298,Side Swipe
None,EDSA,None,None,"No Accident Factor, No Collision Stated (based on Police Blotter Book), 0.0 drivers_injured, 0.0 drivers_killed, 1.0 passengers_injured, 0.0 passengers_killed, 0.0 pedestrian_injured, 0.0 pedestrian_killed, Fair (Day), EDSA Before Quezon Avenue Brgy. Bagong Pag Asa Quezon City",MMDA Road Safety Unit,,abb495f1-5a96-46f4-b93a-0b857e9fa1bf,2014-01-16,04:30:00,EDSA White Plains Ave. (NB) Quezon City,0,0,0,0,1,0,0,0,0,1,2014-01-16 12:30,Injury,14.64495676,121.0368618,No Collision Stated
None,EDSA,None,None,"No Accident Factor, Side Swipe, 0.0 drivers_injured, 0.0 drivers_killed, 0.0 passengers_injured, 0.0 passengers_killed, 0.0 pedestrian_injured, 0.0 pedestrian_killed, Fair (Day), EDSA before B. Serrano Avenue Barangay Socorro Quezon City",MMDA Road Safety Unit,,67b7f90e-631b-4250-b33e-9e4065ea7335,2014-01-16,03:00:00,EDSA before Ermin Garcia St. Quezon City,0,0,0,0,0,0,0,0,0,0,2014-01-16 11:00,Property,14.6109978,121.0548968,Side Swipe
None,EDSA,None,None,"No Accident Factor, No Collision Stated (based on Police Blotter Book), 0.0 drivers_injured, 0.0 drivers_killed, 0.0 passengers_injured, 0.0 passengers_killed, 0.0 pedestrian_injured, 0.0 pedestrian_killed, Fair (Day), EDSA Quezon Avenue Quezon City  Quezon City",MMDA Road Safety Unit,,3bca8ec6-af2a-4beb-ba31-86171f22ab25,2014-01-15,23:20:00,EDSA Aurora Blvd. Quezon City,0,0,0,0,0,0,0,0,0,0,2014-01-16 7:20,Property,14.6442444,121.0375839,No Collision Stated
None,EDSA,None,None,"No Accident Factor, No Collision Stated (based on Police Blotter Book), 0.0 drivers_injured, 0.0 drivers_killed, 0.0 passengers_injured, 0.0 passengers_killed, 0.0 pedestrian_injured, 0.0 pedestrian_killed, Fair (Night), EDSA North Avenue Brgy. Bagong Pag Asa Quezon City",MMDA Road Safety Unit,,78e97545-8bfb-4769-81bb-581e8737312f,2014-01-15,13:30:00,EDSA fronting Cloverleaf Market Bgy.A. Samson Quezon City,0,0,0,0,0,0,0,0,0,0,2014-01-15 21:30,Property,14.65553839,121.0299647,No Collision Stated
None,EDSA,None,None,"No Accident Factor, Angle Impact, 0.0 drivers_injured, 0.0 drivers_killed, 0.0 passengers_injured, 0.0 passengers_killed, 0.0 pedestrian_injured, 0.0 pedestrian_killed, Fair (Night), EDSA Camp Aguinaldo Gate-5 Quezon City",MMDA Road Safety Unit,,6681c1da-bb7b-401b-93c7-fd49443b5b79,2014-01-15,10:00:00,"EDSA Gen.Roxas Ave., Cubao Quezon City",0,0,0,0,0,0,0,0,0,0,2014-01-15 18:00,Property,14.60488765,121.0579265,Angle Impact
None,EDSA,None,None,"No Accident Factor, No Collision Stated (based on Police Blotter Book), 0.0 drivers_injured, 0.0 drivers_killed, 0.0 passengers_injured, 0.0 passengers_killed, 0.0 pedestrian_injured, 0.0 pedestrian_killed, Fair (Day), EDSA Royal Quezon City",MMDA Road Safety Unit,,8f0a7d38-2dab-4a09-9f6c-80fc764567ad,2014-01-15,09:10:00,EDSA  fronting Total Gas station Bgy. A. Samson Quezon City,0,0,0,0,0,0,0,0,0,0,2014-01-15 17:10,Property,14.65767141,121.0107008,No Collision Stated
None,EDSA,None,None,"No Accident Factor, Angle Impact, 0.0 drivers_injured, 0.0 drivers_killed, 0.0 passengers_injured, 0.0 passengers_killed, 0.0 pedestrian_injured, 0.0 pedestrian_killed, Fair (Day), EDSA fronting Paramount Quezon City",MMDA Road Safety Unit,,736cc394-83b6-4179-ae46-ba39ee27c5bb,2014-01-15,06:30:00,EDSA Gen. Roxas St. Quezon City,0,0,0,0,0,0,0,0,0,0,2014-01-15 14:30,Property,14.65514084,121.0303121,Angle Impact
None,EDSA,None,None,"No Accident Factor, No Collision Stated (based on Police Blotter Book), 0.0 drivers_injured, 0.0 drivers_killed, 0.0 passengers_injured, 0.0 passengers_killed, 0.0 pedestrian_injured, 0.0 pedestrian_killed, Fair (Day), EDSA Kamuning Road(SB) Quezon City",MMDA Road Safety Unit,,3467c59e-a804-444d-a030-8e210726ea7c,2014-01-14,22:45:00,EDSA Timog Ave. Quezon City,0,0,0,0,0,0,0,0,0,0,2014-01-15 6:45,Property,14.63079118,121.0458085,No Collision Stated
None,EDSA,None,None,"No Accident Factor, No Collision Stated (based on Police Blotter Book), 0.0 drivers_injured, 0.0 drivers_killed, 0.0 passengers_injured, 0.0 passengers_killed, 0.0 pedestrian_injured, 0.0 pedestrian_killed, Fair (Night), EDSA U Turn Slot fronting Iglesia ni Cristo Brgy. Katipu  Quezon City",MMDA Road Safety Unit,,51205cb8-a5d7-4262-af9a-7353cbf8ad49,2014-01-14,10:30:00,EDSA Main Ave. Quezon City,0,0,0,0,0,0,0,0,0,0,2014-01-14 18:30,Property,14.65727725,121.0227052,No Collision Stated
None,EDSA,None,None,"No Accident Factor, Side Swipe, 0.0 drivers_injured, 0.0 drivers_killed, 0.0 passengers_injured, 0.0 passengers_killed, 0.0 pedestrian_injured, 0.0 pedestrian_killed, Fair (Day), EDSA New York Street Barangay E. Rodriguez  Quezon City",MMDA Road Safety Unit,,30f60c95-ea92-4875-9099-6c7119c1e5f3,2014-01-14,09:45:00,EDSA Santolan Road uturn slot Quezon City,0,0,0,0,0,0,0,0,0,0,2014-01-14 17:45,Property,14.62568514,121.0482307,Side Swipe
None,EDSA,None,None,"No Accident Factor, No Collision Stated (based on Police Blotter Book), 0.0 drivers_injured, 0.0 drivers_killed, 0.0 passengers_injured, 0.0 passengers_killed, 0.0 pedestrian_injured, 0.0 pedestrian_killed, Fair (Day), EDSA North Road & Main Ave. Quezon City",MMDA Road Safety Unit,,763c91aa-b57b-4f45-a495-7193933a1dd6,2014-01-14,07:05:00,EDSA Ermin Garcia St. Quezon City,0,0,0,0,0,0,0,0,0,0,2014-01-14 15:05,Property,14.61444188,121.0532975,No Collision Stated
None,EDSA,None,None,"No Accident Factor, No Collision Stated (based on Police Blotter Book), 0.0 drivers_injured, 0.0 drivers_killed, 0.0 passengers_injured, 0.0 passengers_killed, 0.0 pedestrian_injured, 0.0 pedestrian_killed, Fair (Day), EDSA Quezon Avenue  Quezon City",MMDA Road Safety Unit,,7bbaa68a-32bf-47ee-9b4f-eac96b6ce3a9,2014-01-13,22:45:00,EDSA West Ave. Quezon City,0,0,0,0,0,0,0,0,0,0,2014-01-14 6:45,Property,14.6442444,121.0375839,No Collision Stated
None,EDSA,None,None,"No Accident Factor, Side Swipe, 0.0 drivers_injured, 0.0 drivers_killed, 0.0 passengers_injured, 0.0 passengers_killed, 0.0 pedestrian_injured, 0.0 pedestrian_killed, Fair (Day), EDSA P. Tuazon Boulevard Barangay Socorro Quezon City",MMDA Road Safety Unit,,33a96c30-029a-4074-9537-309ec1007c80,2014-01-13,05:05:00,EDSA fronting Five Star Bus Terminal Quezon City,0,0,0,0,0,0,0,0,0,0,2014-01-13 13:05,Property,14.61656342,121.0525225,Side Swipe
None,EDSA,None,None,"No Accident Factor, No Collision Stated (based on Police Blotter Book), 0.0 drivers_injured, 0.0 drivers_killed, 0.0 passengers_injured, 0.0 passengers_killed, 0.0 pedestrian_injured, 0.0 pedestrian_killed, Fair (Day), EDSA U Turn Slot,North Avenue  Quezon City",MMDA Road Safety Unit,,570787cf-1139-4fb5-ae7b-29dac278798a,2014-01-13,01:10:00,"EDSA Quezon Ave., Bgy.Bagong Pag asa Quezon City",0,0,0,0,0,0,0,0,0,0,2014-01-13 9:10,Property,14.65662801,121.0259395,No Collision Stated
None,EDSA,None,None,"No Accident Factor, Angle Impact, 0.0 drivers_injured, 0.0 drivers_killed, 0.0 passengers_injured, 0.0 passengers_killed, 0.0 pedestrian_injured, 0.0 pedestrian_killed, Fair (Day), EDSA Santolan MRT Station  Quezon City",MMDA Road Safety Unit,,846fd0cc-63cb-4ee2-b494-0ab925649e75,2014-01-12,00:20:00,EDSA Aurora Blvd. Quezon City,0,0,0,0,0,0,0,0,0,0,2014-01-12 8:20,Property,14.60773988,121.0564577,Angle Impact
None,EDSA,None,None,"No Accident Factor, No Collision Stated (based on Police Blotter Book), 0.0 drivers_injured, 0.0 drivers_killed, 0.0 passengers_injured, 0.0 passengers_killed, 0.0 pedestrian_injured, 0.0 pedestrian_killed, Fair (Night), EDSA Walter Mart Quezon City",MMDA Road Safety Unit,,04387a04-4063-49c9-8c7e-8589fa9a8e07,2014-01-11,14:20:00,EDSA Aurora Blvd. Quezon City,0,0,0,0,0,0,0,0,0,0,2014-01-11 22:20,Property,14.6574558,121.0213579,No Collision Stated