LOCATION_TEXT,ROAD,WEATHER,LIGHT,DESC,REPORTING_AGENCY,MAIN_CAUSE,INCIDENTDETAILS_ID,DATE_UTC,TIME_UTC,ADDRESS,killed_driver,killed_passenger,killed_pedestrian,injured_driver,injured_passenger,injured_pedestrian,killed_uncategorized,injured_uncategorized,killed_total,injured_total,DATETIME_PST,SEVERITY,Y,X,COLLISION_TYPE
None,EDSA,None,None,"No Accident Factor, No Collision Stated (based on Police Blotter Book), 0.0 drivers_injured, 0.0 drivers_killed, 0.0 passengers_injured, 0.0 passengers_killed, 0.0 pedestrian_injured, 0.0 pedestrian_killed, Fair (Night), EDSA Aurora Boulevard Barangay Socorro Quezon City",MMDA Road Safety Unit,,bbd750f3-b32c-4d5a-a6f9-f5c8106f1edd,2014-01-11,11:35:00,"EDSA Mindanao Ave. Extn., Bgy.Bagong Pag asa Quezon City",0,0,0,0,0,0,0,0,0,0,2014-01-11 19:35,Property,14.6218043,121.0502049,No Collision Stated
None,EDSA,None,None,"No Accident Factor, Side Swipe, 0.0 drivers_injured, 0.0 drivers_killed, 0.0 passengers_injured, 0.0 passengers_killed, 0.0 pedestrian_injured, 0.0 pedestrian_killed, Fair (Night), EDSA Aurora Boulevard Barangay Socorro Quezon City",MMDA Road Safety Unit,,afd1e8c9-e6f0-43b3-b177-5db4478b2a9d,2014-01-11,11:30:00,EDSA White Plains Ave. Quezon City,0,0,0,0,0,0,0,0,0,0,2014-01-11 19:30,Property,14.6218043,121.0502049,Side Swipe
None,EDSA,None,None,"No Accident Factor, No Collision Stated (based on Police Blotter Book), 0.0 drivers_injured, 0.0 drivers_killed, 2.0 passengers_injured, 0.0 passengers_killed, 0.0 pedestrian_injured, 0.0 pedestrian_killed, Fair (Night), EDSA Royal St. Bgy. Apolonio Samson Quezon City",MMDA Road Safety Unit,,fb9f786f-ec8c-45f1-b613-2d2493194480,2014-01-11,10:00:00,EDSA Monte de Piedad St. Quezon City,0,0,0,0,2,0,0,0,0,2,2014-01-11 18:00,Injury,14.65767141,121.0107008,No Collision Stated
None,EDSA,None,None,"No Accident Factor, No Collision Stated (based on Police Blotter Book), 0.0 drivers_injured, 0.0 drivers_killed, 0.0 passengers_injured, 0.0 passengers_killed, 0.0 pedestrian_injured, 0.0 pedestrian_killed, Fair (Day), EDSA OP / UP Balingasa Quezon City Quezon City",MMDA Road Safety Unit,,298e2dd9-7c6c-4ee2-8bdd-3c5de4e2c157,2014-01-11,08:00:00,"EDSA Bulacan St., Bgy.Veterans Quezon City",0,0,0,0,0,0,0,0,0,0,2014-01-11 16:00,Property,14.65742949,121.0027781,No Collision Stated
None,EDSA,None,None,"No Accident Factor, No Collision Stated (based on Police Blotter Book), 0.0 drivers_injured, 0.0 drivers_killed, 0.0 passengers_injured, 0.0 passengers_killed, 0.0 pedestrian_injured, 0.0 pedestrian_killed, Fair (Day), EDSA Misamis Street Brgy. Sto.Cristo  Quezon City",MMDA Road Safety Unit,,101b6ac5-5e2a-4950-aa40-fc1b32c6fb1a,2014-01-11,04:35:00,"EDSA Misamis St., Bgy.Sto.Cristo Quezon City",0,0,0,0,0,0,0,0,0,0,2014-01-11 12:35,Property,14.65602348,121.0285212,No Collision Stated
None,EDSA,None,None,"No Accident Factor, No Collision Stated (based on Police Blotter Book), 0.0 drivers_injured, 0.0 drivers_killed, 0.0 passengers_injured, 0.0 passengers_killed, 0.0 pedestrian_injured, 0.0 pedestrian_killed, Fair (Day), EDSA Mindanao Avenue Trinoma  Quezon City",MMDA Road Safety Unit,,06c3e004-7a22-4cf5-ae77-e0df10d916ba,2014-01-10,23:30:00,EDSA Kamias Road Quezon City,0,0,0,0,0,0,0,0,0,0,2014-01-11 7:30,Property,14.65052386,121.0335656,No Collision Stated
None,EDSA,None,None,"No Accident Factor, No Collision Stated (based on Police Blotter Book), 0.0 drivers_injured, 0.0 drivers_killed, 0.0 passengers_injured, 0.0 passengers_killed, 0.0 pedestrian_injured, 0.0 pedestrian_killed, Fair (Night), EDSA Balintawak Public Market, Bgy. Balingasa Quezon City",MMDA Road Safety Unit,,65f0708d-13c2-4381-a826-0927fedad560,2014-01-10,21:00:00,"EDSA Corregidor St., Bgy.Ramon Magsaysay Quezon City",0,0,0,0,0,0,0,0,0,0,2014-01-11 5:00,Property,14.65740947,121.0025737,No Collision Stated
None,EDSA,None,None,"No Accident Factor, No Collision Stated (based on Police Blotter Book), 0.0 drivers_injured, 0.0 drivers_killed, 0.0 passengers_injured, 0.0 passengers_killed, 0.0 pedestrian_injured, 0.0 pedestrian_killed, Fair (Night), EDSA West Ave.  Quezon City",MMDA Road Safety Unit,,3948c53a-6def-41b3-ba1d-c0e1aeabf982,2014-01-10,15:00:00,"EDSA Corregidor St., Bgy.Ramon Magsaysay Quezon City",0,0,0,0,0,0,0,0,0,0,2014-01-10 23:00,Property,14.65548924,121.0298079,No Collision Stated
None,EDSA,None,None,"No Accident Factor, No Collision Stated (based on Police Blotter Book), 0.0 drivers_injured, 0.0 drivers_killed, 0.0 passengers_injured, 0.0 passengers_killed, 0.0 pedestrian_injured, 0.0 pedestrian_killed, Fair (Night), EDSA Santolan Road Quezon City",MMDA Road Safety Unit,,829eb86d-3bb1-417c-9e18-5bf012eaac88,2014-01-10,12:00:00,EDSA Congressional Ave. Quezon City,0,0,0,0,0,0,0,0,0,0,2014-01-10 20:00,Property,14.6102736,121.0552175,No Collision Stated
None,EDSA,None,None,"No Accident Factor, No Collision Stated (based on Police Blotter Book), 0.0 drivers_injured, 0.0 drivers_killed, 0.0 passengers_injured, 0.0 passengers_killed, 0.0 pedestrian_injured, 0.0 pedestrian_killed, Fair (Day), EDSA Mindanao Avenue Extn. Quezon City  Quezon City",MMDA Road Safety Unit,,5fa3faa6-f4a7-4429-9001-29de7c6315ad,2014-01-10,06:00:00,EDSA East Ave. Quezon City,0,0,0,0,0,0,0,0,0,0,2014-01-10 14:00,Property,14.65052386,121.0335656,No Collision Stated
None,EDSA,None,None,"No Accident Factor, No Collision Stated (based on Police Blotter Book), 0.0 drivers_injured, 0.0 drivers_killed, 0.0 passengers_injured, 0.0 passengers_killed, 0.0 pedestrian_injured, 0.0 pedestrian_killed, Fair (Day), EDSA Water Mrt Super Market Brgy. Katipu  Quezon City",MMDA Road Safety Unit,,f9ff7fb8-5141-4472-b81d-3aa654ddcea3,2014-01-10,02:30:00,EDSA SM Annex  Quezon City,0,0,0,0,0,0,0,0,0,0,2014-01-10 10:30,Property,14.6574558,121.0213579,No Collision Stated
None,EDSA,None,None,"No Accident Factor, No Collision Stated (based on Police Blotter Book), 0.0 drivers_injured, 0.0 drivers_killed, 0.0 passengers_injured, 0.0 passengers_killed, 0.0 pedestrian_injured, 0.0 pedestrian_killed, Fair (Day), EDSA Quezon Avenue  Quezon City",MMDA Road Safety Unit,,8fbf2a36-addc-4d18-977a-45ae213bddb5,2014-01-10,00:20:00,"EDSA Mindanao Ave. Ext., Bgy.Pag asa Quezon City",0,0,0,0,0,0,0,0,0,0,2014-01-10 8:20,Property,14.6442444,121.0375839,No Collision Stated
None,EDSA,None,None,"No Accident Factor, No Collision Stated (based on Police Blotter Book), 0.0 drivers_injured, 0.0 drivers_killed, 0.0 passengers_injured, 0.0 passengers_killed, 0.0 pedestrian_injured, 0.0 pedestrian_killed, Fair (Day), EDSA fronting Paramount Quezon City",MMDA Road Safety Unit,,1220d1d0-967b-432b-bc29-aae8088b98c3,2014-01-09,07:00:00,EDSA West Avenue Brgy. Philam Quezon City,0,0,0,0,0,0,0,0,0,0,2014-01-09 15:00,Property,14.65514084,121.0303121,No Collision Stated
None,EDSA,None,None,"No Accident Factor, No Collision Stated (based on Police Blotter Book), 0.0 drivers_injured, 0.0 drivers_killed, 0.0 passengers_injured, 0.0 passengers_killed, 0.0 pedestrian_injured, 0.0 pedestrian_killed, Fair (Day), EDSA North Avenue Brgy. Bagong Pag Asa Quezon City",MMDA Road Safety Unit,,69c5c8ed-c5ef-4277-9fd9-8fc34de2df9c,2014-01-09,06:00:00,EDSA SM North Annex Brgy. Sto. Cristo Quezon City,0,0,0,0,0,0,0,0,0,0,2014-01-09 14:00,Property,14.65553839,121.0299647,No Collision Stated
None,EDSA,None,None,"No Accident Factor, Rear-end, 0.0 drivers_injured, 0.0 drivers_killed, 0.0 passengers_injured, 0.0 passengers_killed, 0.0 pedestrian_injured, 0.0 pedestrian_killed, Fair (Day), EDSA Ermin Garcia St. Quezon City",MMDA Road Safety Unit,,18f3b423-2c75-4991-991e-4c6a765d2940,2014-01-09,00:30:00,EDSA Aurora Blvd.  Quezon City,0,0,0,0,0,0,0,0,0,0,2014-01-09 8:30,Property,14.62758814,121.047487,Rear-End
None,EDSA,None,None,"No Accident Factor, No Collision Stated (based on Police Blotter Book), 0.0 drivers_injured, 0.0 drivers_killed, 0.0 passengers_injured, 0.0 passengers_killed, 0.0 pedestrian_injured, 0.0 pedestrian_killed, Fair (Day), EDSA Cloverleaf Road Bgy. Balingasa Quezon City",MMDA Road Safety Unit,,d9d9df4d-4775-4d53-ac6c-adc13c81dd08,2014-01-08,22:40:00,EDSA Aurora Blvd.  Quezon City,0,0,0,0,0,0,0,0,0,0,2014-01-09 6:40,Property,14.65747901,121.0011914,No Collision Stated
None,EDSA,None,None,"No Accident Factor, Hit and Run (No Collision Stated), 0.0 drivers_injured, 0.0 drivers_killed, 0.0 passengers_injured, 0.0 passengers_killed, 0.0 pedestrian_injured, 0.0 pedestrian_killed, Fair (Night), EDSA West Ave.  Quezon City",MMDA Road Safety Unit,,d68bcae1-dfcb-4339-bbf3-7e0ba309977c,2014-01-07,14:25:00,EDSA Monte de Piedad St.  Quezon City,0,0,0,0,0,0,0,0,0,0,2014-01-07 22:25,Property,14.65548924,121.0298079,No Collision Stated
None,EDSA,None,None,"No Accident Factor, No Collision Stated (based on Police Blotter Book), 0.0 drivers_injured, 0.0 drivers_killed, 0.0 passengers_injured, 0.0 passengers_killed, 0.0 pedestrian_injured, 0.0 pedestrian_killed, Fair (Night), EDSA West Ave. Bgy. Philam  Quezon City",MMDA Road Safety Unit,,3b15fc6e-60c7-4f55-b50a-ae9ef18c4bc3,2014-01-07,10:00:00,EDSA SM North    Quezon City,0,0,0,0,0,0,0,0,0,0,2014-01-07 18:00,Property,14.65548924,121.0298079,No Collision Stated
None,EDSA,None,None,"No Accident Factor, No Collision Stated (based on Police Blotter Book), 0.0 drivers_injured, 0.0 drivers_killed, 0.0 passengers_injured, 0.0 passengers_killed, 0.0 pedestrian_injured, 0.0 pedestrian_killed, Fair (Day), EDSA Aurora Blvd. Quezon City",MMDA Road Safety Unit,,6d71a97b-4813-4b51-a850-2f1071c41eef,2014-01-07,08:00:00,EDSA Sct. Borromeo St.  Quezon City,0,0,0,0,0,0,0,0,0,0,2014-01-07 16:00,Property,14.62163653,121.0501573,No Collision Stated
None,EDSA,None,None,"No Accident Factor, No Collision Stated (based on Police Blotter Book), 0.0 drivers_injured, 0.0 drivers_killed, 0.0 passengers_injured, 0.0 passengers_killed, 0.0 pedestrian_injured, 0.0 pedestrian_killed, Fair (Day), EDSA before Main Ave. Quezon City",MMDA Road Safety Unit,,4cc875b4-c83d-41ee-94d3-00a59be0905f,2014-01-07,07:35:00,EDSA Congressional Avenue    Quezon City,0,0,0,0,0,0,0,0,0,0,2014-01-07 15:35,Property,14.61353129,121.0539169,No Collision Stated
None,EDSA,None,None,"No Accident Factor, Side Swipe, 0.0 drivers_injured, 0.0 drivers_killed, 0.0 passengers_injured, 0.0 passengers_killed, 0.0 pedestrian_injured, 0.0 pedestrian_killed, Fair (Day), EDSA Timog Ave.  Quezon City",MMDA Road Safety Unit,,90ad0c09-b513-4000-843c-31469c4ba86f,2014-01-06,23:00:00,EDSA Col. B. Serrano St.  Quezon City,0,0,0,0,0,0,0,0,0,0,2014-01-07 7:00,Property,14.63293559,121.0446304,Side Swipe
None,EDSA,None,None,"No Accident Factor, No Collision Stated (based on Police Blotter Book), 0.0 drivers_injured, 0.0 drivers_killed, 0.0 passengers_injured, 0.0 passengers_killed, 0.0 pedestrian_injured, 0.0 pedestrian_killed, Fair (Day), EDSA fronting INC Church Brgy. Ramon Magsaysay  Quezon City",MMDA Road Safety Unit,,e4952ee0-92d5-47c4-8c8b-4f416d1147d7,2014-01-06,09:00:00,EDSA SM North Loading Bay Quezon City,0,0,0,0,0,0,0,0,0,0,2014-01-06 17:00,Property,14.65749652,121.0222666,No Collision Stated
None,EDSA,None,None,"No Accident Factor, No Collision Stated (based on Police Blotter Book), 1.0 drivers_injured, 0.0 drivers_killed, 0.0 passengers_injured, 0.0 passengers_killed, 0.0 pedestrian_injured, 0.0 pedestrian_killed, Fair (Day), EDSA before Kamuning Road, Meralco Quezon City",MMDA Road Safety Unit,,95533c40-2b88-46b6-822f-6d9cf8591e16,2014-01-05,23:30:00,EDSA Congressman Avenue Brgy. Ramon Magsaysay Quezon City,0,0,0,1,0,0,0,0,0,1,2014-01-06 7:30,Injury,14.63117369,121.0455178,No Collision Stated
None,EDSA,None,None,"No Accident Factor, No Collision Stated (based on Police Blotter Book), 0.0 drivers_injured, 0.0 drivers_killed, 0.0 passengers_injured, 0.0 passengers_killed, 0.0 pedestrian_injured, 0.0 pedestrian_killed, Fair (Night), EDSA Roosevelt Ave. Bgy. San Antonio Quezon City",MMDA Road Safety Unit,,16ecb965-d855-4b1c-bbca-d3fa05ed9316,2014-01-05,13:05:00,"EDSA Kaingin Road, Brgy. A. Samson Quezon City",0,0,0,0,0,0,0,0,0,0,2014-01-05 21:05,Property,14.65762047,121.0196373,No Collision Stated
None,EDSA,None,None,"No Accident Factor, No Collision Stated (based on Police Blotter Book), 0.0 drivers_injured, 0.0 drivers_killed, 0.0 passengers_injured, 0.0 passengers_killed, 0.0 pedestrian_injured, 0.0 pedestrian_killed, Fair (Day), EDSA Misamis St., Brgy. Bagong Pag Asa Quezon City",MMDA Road Safety Unit,,9f809f03-6fac-4744-b7a6-10d770c8c5e1,2014-01-05,08:30:00,EDSA West Ave.  Quezon City,0,0,0,0,0,0,0,0,0,0,2014-01-05 16:30,Property,14.65602348,121.0285212,No Collision Stated
None,EDSA,None,None,"No Accident Factor, No Collision Stated (based on Police Blotter Book), 0.0 drivers_injured, 0.0 drivers_killed, 0.0 passengers_injured, 0.0 passengers_killed, 0.0 pedestrian_injured, 0.0 pedestrian_killed, Fair (Day), EDSA Misamis St., Brgy. Bagong Pag Asa Quezon City",MMDA Road Safety Unit,,6b098e7a-f510-4d1b-b31f-6e234c0b853d,2014-01-05,03:25:00,EDSA New York St.  Quezon City,0,0,0,0,0,0,0,0,0,0,2014-01-05 11:25,Property,14.65602348,121.0285212,No Collision Stated
None,EDSA,None,None,"No Accident Factor, Side Swipe, 0.0 drivers_injured, 0.0 drivers_killed, 0.0 passengers_injured, 0.0 passengers_killed, 0.0 pedestrian_injured, 0.0 pedestrian_killed, Fair (Night), EDSA fronting Victory Liner Bus Terminal Bgy.Pinyahan Quezon City",MMDA Road Safety Unit,,b2432185-bca5-476f-a6d2-85b8a17902cd,2014-01-04,11:05:00,EDSA Kamuning Road  Quezon City,0,0,0,0,0,0,0,0,0,0,2014-01-04 19:05,Property,14.63252227,121.0452382,Side Swipe
None,EDSA,None,None,"No Accident Factor, No Collision Stated (based on Police Blotter Book), 0.0 drivers_injured, 0.0 drivers_killed, 0.0 passengers_injured, 0.0 passengers_killed, 0.0 pedestrian_injured, 0.0 pedestrian_killed, Fair (Day), EDSA Timog Ave.  Quezon City",MMDA Road Safety Unit,,dd90b869-0a4c-4437-acf6-3bd7279bfdd7,2014-01-04,08:00:00,EDSA Roosevelt Brgy. Sto Nino Quezon City,0,0,0,0,0,0,0,0,0,0,2014-01-04 16:00,Property,14.63293559,121.0446304,No Collision Stated
None,EDSA,None,None,"No Accident Factor, No Collision Stated (based on Police Blotter Book), 0.0 drivers_injured, 0.0 drivers_killed, 0.0 passengers_injured, 0.0 passengers_killed, 0.0 pedestrian_injured, 0.0 pedestrian_killed, Fair (Day), EDSA Howmart Road Brgy. Kaingin Quezon City",MMDA Road Safety Unit,,cfe3f9be-19c1-49eb-a8a6-924285016dc7,2014-01-04,06:30:00,"EDSA fronting Jackman Dept. Store, Bgy. Magsaysay Quezon City",0,0,0,0,0,0,0,0,0,0,2014-01-04 14:30,Property,14.65764415,121.0108224,No Collision Stated
None,EDSA,None,None,"No Accident Factor, No Collision Stated (based on Police Blotter Book), 0.0 drivers_injured, 0.0 drivers_killed, 0.0 passengers_injured, 0.0 passengers_killed, 0.0 pedestrian_injured, 0.0 pedestrian_killed, Fair (Day), EDSA U Turn Slot Infront of Quezon City Academy Brgy Ramon Magsaysay Quezon City",MMDA Road Safety Unit,,a95a3593-7120-4ab3-ba7d-2ecd86fa33b6,2014-01-04,06:15:00,EDSA Kamuning Road  Quezon City,0,0,0,0,0,0,0,0,0,0,2014-01-04 14:15,Property,14.65655781,121.0259736,No Collision Stated
None,EDSA,None,None,"No Accident Factor, Angle Impact, 0.0 drivers_injured, 0.0 drivers_killed, 0.0 passengers_injured, 0.0 passengers_killed, 0.0 pedestrian_injured, 0.0 pedestrian_killed, Fair (Day), EDSA Royal St. Bgy. Apolonio Samson Quezon City",MMDA Road Safety Unit,,00614af0-8d54-4c0d-ab06-c17add648b04,2014-01-03,07:30:00,"EDSA before U Turn Slot, North Ave. Quezon City",0,0,0,0,0,0,0,0,0,0,2014-01-03 15:30,Property,14.65767141,121.0107008,Angle Impact
None,EDSA,None,None,"No Accident Factor, No Collision Stated (based on Police Blotter Book), 0.0 drivers_injured, 0.0 drivers_killed, 0.0 passengers_injured, 0.0 passengers_killed, 0.0 pedestrian_injured, 0.0 pedestrian_killed, Fair (Day), EDSA B. Serrano Ave. Quezon City",MMDA Road Safety Unit,,7fe3eeaf-e1ae-496a-8784-7aca79c266fb,2014-01-03,05:00:00,"EDSA before Fema Road, Bgy. Bahay Toro Quezon City",0,0,0,0,0,0,0,0,0,0,2014-01-03 13:00,Property,14.61096685,121.0551991,No Collision Stated
None,EDSA,None,None,"No Accident Factor, Hit and Run (No Collision Stated), 0.0 drivers_injured, 0.0 drivers_killed, 0.0 passengers_injured, 0.0 passengers_killed, 0.0 pedestrian_injured, 0.0 pedestrian_killed, Fair (Day), EDSA Quezon Avenue Brgy Central Quezon City",MMDA Road Safety Unit,,1fff4d5c-654d-45cd-931f-5e65aa56ddf6,2014-01-03,04:15:00,"EDSA Corregidor St., Bgy. R. Magsaysay Quezon City",0,0,0,0,0,0,0,0,0,0,2014-01-03 12:15,Property,14.6442444,121.0375839,No Collision Stated
None,EDSA,None,None,"No Accident Factor, No Collision Stated (based on Police Blotter Book), 0.0 drivers_injured, 0.0 drivers_killed, 0.0 passengers_injured, 0.0 passengers_killed, 0.0 pedestrian_injured, 0.0 pedestrian_killed, Fair (Day), EDSA Before North Avenue Brgy Philam Quezon City",MMDA Road Safety Unit,,c3a01817-c7b7-4163-8148-3372fcc74282,2014-01-03,02:00:00,EDSA East Ave.  Quezon City,0,0,0,0,0,0,0,0,0,0,2014-01-03 10:00,Property,14.65549338,121.0302966,No Collision Stated
None,EDSA,None,None,"No Accident Factor, Side Swipe, 0.0 drivers_injured, 0.0 drivers_killed, 0.0 passengers_injured, 0.0 passengers_killed, 0.0 pedestrian_injured, 0.0 pedestrian_killed, Fair (Day), EDSA fronting DILG Bldg., before Mapagmahal St., Bgy.Pinyahan Quezon City",MMDA Road Safety Unit,,77b1c18e-89b9-4904-906c-d1908a1a1f86,2014-01-02,09:55:00,EDSA fronting Centris Station Quezon City,0,0,0,0,0,0,0,0,0,0,2014-01-02 17:55,Property,14.63207587,121.0454668,Side Swipe
None,EDSA,None,None,"No Accident Factor, No Collision Stated (based on Police Blotter Book), 0.0 drivers_injured, 0.0 drivers_killed, 0.0 passengers_injured, 0.0 passengers_killed, 0.0 pedestrian_injured, 0.0 pedestrian_killed, Fair (Night), EDSA OP / UP Balintawak Bgy. Ug Sigaw Quezon City",MMDA Road Safety Unit,,cdb22722-d861-4e0d-b282-27e167e9ccec,2014-01-01,14:25:00,"EDSA fronting Progressive Bldg., Brgy. Veterans Quezon City",0,0,0,0,0,0,0,0,0,0,2014-01-01 22:25,Property,14.65742949,121.0027781,No Collision Stated
None,EDSA,None,None,"No Accident Factor, Side Swipe, 0.0 drivers_injured, 0.0 drivers_killed, 0.0 passengers_injured, 0.0 passengers_killed, 0.0 pedestrian_injured, 0.0 pedestrian_killed, Fair (Day), EDSA North Ave. Bgy. Pag-asa Quezon City",MMDA Road Safety Unit,,be67bf32-0c10-4ad1-97ea-97db6db6399d,2013-12-31,22:30:00,"EDSA fronting UNTV, Bgy. Phil-am Quezon City",0,0,0,0,0,0,0,0,0,0,2014-01-01 6:30,Property,14.65553839,121.0299647,Side Swipe
None,EDSA,None,None,"No Accident Factor, No Collision Stated (based on Police Blotter Book), 0.0 drivers_injured, 0.0 drivers_killed, 0.0 passengers_injured, 0.0 passengers_killed, 0.0 pedestrian_injured, 0.0 pedestrian_killed, Fair (Day), EDSA  Aurora Blvd.  Quezon City",MMDA Road Safety Unit,,b8841184-bb59-482d-813d-bcffd6402235,2013-12-30,06:30:00,"EDSA fronting UNTV, Bgy. Phil-am Quezon City",0,0,0,0,0,0,0,0,0,0,2013-12-30 14:30,Property,14.62163216,121.0502064,No Collision Stated
None,EDSA,None,None,"No Accident Factor, No Collision Stated (based on Police Blotter Book), 0.0 drivers_injured, 0.0 drivers_killed, 0.0 passengers_injured, 0.0 passengers_killed, 0.0 pedestrian_injured, 0.0 pedestrian_killed, Fair (Night), EDSA OP / UP Bgy. Balingasa Quezon City",MMDA Road Safety Unit,,537c150f-48d4-41f6-8884-09b12353f4de,2013-12-30,00:05:00,EDSA Kamias Road  Quezon City,0,0,0,0,0,0,0,0,0,0,2013-12-30 8:05,Property,14.65742949,121.0027781,No Collision Stated
None,EDSA,None,None,"No Accident Factor, Side Swipe, 0.0 drivers_injured, 0.0 drivers_killed, 0.0 passengers_injured, 0.0 passengers_killed, 0.0 pedestrian_injured, 0.0 pedestrian_killed, Fair (Day), EDSA  New York St.  Quezon City",MMDA Road Safety Unit,,60877504-2636-4114-97e8-52869478d724,2013-12-29,08:40:00,EDSA Main Ave. Brgy. Socorro Quezon City,0,0,0,0,0,0,0,0,0,0,2013-12-29 16:40,Property,14.62561337,121.0482252,Side Swipe
None,EDSA,None,None,"No Accident Factor, No Collision Stated (based on Police Blotter Book), 0.0 drivers_injured, 0.0 drivers_killed, 0.0 passengers_injured, 0.0 passengers_killed, 0.0 pedestrian_injured, 0.0 pedestrian_killed, Fair (Day), EDSA  Quezon Ave.  Quezon City",MMDA Road Safety Unit,,a559af06-a847-469b-9f91-2683165a1b0a,2013-12-28,02:00:00,EDSA Main Ave. Brgy. Socorro Quezon City,0,0,0,0,0,0,0,0,0,0,2013-12-28 10:00,Property,14.64407795,121.0375572,No Collision Stated
None,EDSA,None,None,"No Accident Factor, Side Swipe, 0.0 drivers_injured, 0.0 drivers_killed, 0.0 passengers_injured, 0.0 passengers_killed, 0.0 pedestrian_injured, 0.0 pedestrian_killed, Fair (Day), EDSA  Kamuning Road  Quezon City",MMDA Road Safety Unit,,04ba06ec-96b9-4da5-a80b-abd8b0aff40c,2013-12-27,23:00:00,EDSA fronting Victory Liner Bus Terminal Compound Quezon City,0,0,0,0,0,0,0,0,0,0,2013-12-28 7:00,Property,14.63094996,121.045925,Side Swipe
None,EDSA,None,None,"No Accident Factor, No Collision Stated (based on Police Blotter Book), 0.0 drivers_injured, 0.0 drivers_killed, 0.0 passengers_injured, 0.0 passengers_killed, 0.0 pedestrian_injured, 0.0 pedestrian_killed, Fair (Night), EDSA Infront of Balintawak Market Brgy Balingasa Quezon City",MMDA Road Safety Unit,,33e8ff7c-bd4e-4611-a1da-fcbc5225d923,2013-12-27,18:30:00,EDSA Kamuning Road Quezon City,0,0,0,0,0,0,0,0,0,0,2013-12-28 2:30,Property,14.65740137,121.0033115,No Collision Stated
None,EDSA,None,None,"No Accident Factor, No Collision Stated (based on Police Blotter Book), 0.0 drivers_injured, 0.0 drivers_killed, 0.0 passengers_injured, 0.0 passengers_killed, 0.0 pedestrian_injured, 0.0 pedestrian_killed, Fair (Day), EDSA  Kamias Road  Quezon City",MMDA Road Safety Unit,,47f99c9d-53a2-41cb-aba6-fa4f4cef21b6,2013-12-27,00:20:00,EDSA Victory Liner Bus Terminal  Quezon City,0,0,0,0,0,0,0,0,0,0,2013-12-27 8:20,Property,14.63094996,121.045925,No Collision Stated
None,EDSA,None,None,"No Accident Factor, No Collision Stated (based on Police Blotter Book), 0.0 drivers_injured, 0.0 drivers_killed, 0.0 passengers_injured, 0.0 passengers_killed, 0.0 pedestrian_injured, 0.0 pedestrian_killed, Fair (Night), EDSA GMA Network Drive Quezon City",MMDA Road Safety Unit,,33139d84-9f0c-4887-b49f-4ea1dcb36be7,2013-12-26,12:00:00,"EDSA fronting Trinoma Mall, Bgy. Pag-asa Quezon City",0,0,0,0,0,0,0,0,0,0,2013-12-26 20:00,Property,14.63467214,121.0435714,No Collision Stated
None,EDSA,None,None,"No Accident Factor, Side Swipe, 0.0 drivers_injured, 0.0 drivers_killed, 0.0 passengers_injured, 0.0 passengers_killed, 0.0 pedestrian_injured, 0.0 pedestrian_killed, Fair (Day), EDSA  North Ave. Bgy. Pag-asa Quezon City",MMDA Road Safety Unit,,46e3d764-309f-4e12-8e50-d706cc64df4d,2013-12-23,08:45:00,EDSA GMA 7 Quezon City,0,0,0,0,0,0,0,0,0,0,2013-12-23 16:45,Property,14.65576348,121.0297232,Side Swipe
None,EDSA,None,None,"No Accident Factor, No Collision Stated (based on Police Blotter Book), 0.0 drivers_injured, 0.0 drivers_killed, 0.0 passengers_injured, 0.0 passengers_killed, 0.0 pedestrian_injured, 0.0 pedestrian_killed, Fair (Day), EDSA infront of Guzent Building Brgy Baesa Quezon City",MMDA Road Safety Unit,,5edcd5a0-00e4-4fb4-afaf-d465515feb1c,2013-12-23,05:30:00,"EDSA Corregidor St., Bgy. R. Magsaysay Quezon City",0,0,0,0,0,0,0,0,0,0,2013-12-23 13:30,Property,14.65747376,121.013656,No Collision Stated
None,EDSA,None,None,"No Accident Factor, No Collision Stated (based on Police Blotter Book), 0.0 drivers_injured, 0.0 drivers_killed, 0.0 passengers_injured, 0.0 passengers_killed, 0.0 pedestrian_injured, 0.0 pedestrian_killed, Fair (Day), EDSA  Mindanao Ave. Ext. Bgy. Pag-asa Quezon City",MMDA Road Safety Unit,,fc2abde8-a525-447e-a358-60f9dbf77909,2013-12-23,03:50:00,EDSA Timog Avenue Quezon City,0,0,0,0,0,0,0,0,0,0,2013-12-23 11:50,Property,14.65064282,121.0334958,No Collision Stated