LOCATION_TEXT,ROAD,WEATHER,LIGHT,DESC,REPORTING_AGENCY,MAIN_CAUSE,INCIDENTDETAILS_ID,DATE_UTC,TIME_UTC,ADDRESS,killed_driver,killed_passenger,killed_pedestrian,injured_driver,injured_passenger,injured_pedestrian,killed_uncategorized,injured_uncategorized,killed_total,injured_total,DATETIME_PST,SEVERITY,Y,X,COLLISION_TYPE
None,EDSA,None,None,"No Accident Factor, No Collision Stated (based on Police Blotter Book), 0.0 drivers_injured, 0.0 drivers_killed, 0.0 passengers_injured, 0.0 passengers_killed, 0.0 pedestrian_injured, 0.0 pedestrian_killed, Fair (Day), EDSA  D. Serrano Ave.  Quezon City",MMDA Road Safety Unit,,1bf9cc50-346e-4d43-aed1-31ae18292e3a,2013-12-23,03:00:00,EDSA Ortigas Ave.  Quezon City,0,0,0,0,0,0,0,0,0,0,2013-12-23 11:00,Property,14.61084403,121.0548073,No Collision Stated
None,EDSA,None,None,"No Accident Factor, No Collision Stated (based on Police Blotter Book), 0.0 drivers_injured, 0.0 drivers_killed, 0.0 passengers_injured, 0.0 passengers_killed, 0.0 pedestrian_injured, 0.0 pedestrian_killed, Fair (Night), EDSA U Turn Slot Northbound infront of Mercury Drug Store Brgy Apolonio Samson Quezon City",MMDA Road Safety Unit,,3c76b7c3-b114-415d-806d-f9b4fea9225f,2013-12-22,11:30:00,EDSA Main Ave. Brgy. Socorro Quezon City,0,0,0,0,0,0,0,0,0,0,2013-12-22 19:30,Property,14.6575031,121.0076085,No Collision Stated
None,EDSA,None,None,"No Accident Factor, No Collision Stated (based on Police Blotter Book), 0.0 drivers_injured, 0.0 drivers_killed, 0.0 passengers_injured, 0.0 passengers_killed, 0.0 pedestrian_injured, 0.0 pedestrian_killed, Fair (Night), EDSA Fronting Trinoma Quezon City",MMDA Road Safety Unit,,5b1d6af5-aa34-4bba-9c5d-6d785650d9d6,2013-12-22,11:00:00,EDSA P. Tuazon Blvd. Brgy. Socorro Quezon City,0,0,0,0,0,0,0,0,0,0,2013-12-22 19:00,Property,14.65249719,121.0322415,No Collision Stated
None,EDSA,None,None,"No Accident Factor, No Collision Stated (based on Police Blotter Book), 0.0 drivers_injured, 0.0 drivers_killed, 0.0 passengers_injured, 0.0 passengers_killed, 0.0 pedestrian_injured, 0.0 pedestrian_killed, Fair (Day), EDSA  LRT Terminal Quezon City",MMDA Road Safety Unit,,22597e19-5a7e-4bc4-a826-0e1a0d2a3d34,2013-12-21,22:00:00,EDSA GMA Network Drive Quezon City,0,0,0,0,0,0,0,0,0,0,2013-12-22 6:00,Property,14.65750877,121.0041993,No Collision Stated
None,EDSA,None,None,"No Accident Factor, Rear-end, 0.0 drivers_injured, 0.0 drivers_killed, 0.0 passengers_injured, 0.0 passengers_killed, 0.0 pedestrian_injured, 0.0 pedestrian_killed, Fair (Night), EDSA  NIA Quezon City",MMDA Road Safety Unit,,34a8a5fb-cd28-4ea4-8789-d73f455df7c4,2013-12-21,15:15:00,EDSA Main Avenue  Quezon City,0,0,0,0,0,0,0,0,0,0,2013-12-21 23:15,Property,14.63730889,121.0422281,Rear-End
None,EDSA,None,None,"No Accident Factor, Side Swipe, 0.0 drivers_injured, 0.0 drivers_killed, 0.0 passengers_injured, 0.0 passengers_killed, 0.0 pedestrian_injured, 0.0 pedestrian_killed, Fair (Night), EDSA corner Cloverleaf Brgy balingasa Quezon City",MMDA Road Safety Unit,,9d2d3310-2888-49db-bb35-9f62b745edb0,2013-12-21,14:20:00,"EDSA before SM Hypermart, Bgy. Socorro, Cubao Quezon City",0,0,0,0,0,0,0,0,0,0,2013-12-21 22:20,Property,14.65727542,120.9993643,Side Swipe
None,EDSA,None,None,"No Accident Factor, Side Swipe, 0.0 drivers_injured, 0.0 drivers_killed, 0.0 passengers_injured, 0.0 passengers_killed, 0.0 pedestrian_injured, 0.0 pedestrian_killed, Fair (Night), EDSA Monte de Piedad Quezon City",MMDA Road Safety Unit,,db532890-4718-4477-9d5b-b700a808faba,2013-12-21,12:45:00,EDSA Aurora Blvd. Quezon City,0,0,0,0,0,0,0,0,0,0,2013-12-21 20:45,Property,14.62346937,121.0491711,Side Swipe
None,EDSA,None,None,"No Accident Factor, Side Swipe, 0.0 drivers_injured, 0.0 drivers_killed, 0.0 passengers_injured, 0.0 passengers_killed, 0.0 pedestrian_injured, 0.0 pedestrian_killed, Fair (Night), EDSA  Kamuning Road  Quezon City",MMDA Road Safety Unit,,b453fb04-a32d-4f17-9d2f-32e55ddc044f,2013-12-21,10:30:00,EDSA Corregidor St. Quezon City,0,0,0,0,0,0,0,0,0,0,2013-12-21 18:30,Property,14.63094996,121.045925,Side Swipe
None,EDSA,None,None,"No Accident Factor, No Collision Stated (based on Police Blotter Book), 0.0 drivers_injured, 0.0 drivers_killed, 0.0 passengers_injured, 0.0 passengers_killed, 0.0 pedestrian_injured, 0.0 pedestrian_killed, Fair (Day), EDSA West Ave. Bgy. Philam Quezon City",MMDA Road Safety Unit,,c5a3c8b3-4946-4660-8174-3ed63240ee14,2013-12-21,02:50:00,"EDSA between Camp Aguinaldo, Bgy. Socorro Quezon City",0,0,0,0,0,0,0,0,0,0,2013-12-21 10:50,Property,14.65548924,121.0298079,No Collision Stated
None,EDSA,None,None,"No Accident Factor, No Collision Stated (based on Police Blotter Book), 0.0 drivers_injured, 0.0 drivers_killed, 0.0 passengers_injured, 0.0 passengers_killed, 0.0 pedestrian_injured, 0.0 pedestrian_killed, Fair (Day), EDSA West Ave. fronting Mercury Drug Store Quezon City",MMDA Road Safety Unit,,b4bd0b40-e716-47cf-9d79-8c46b90d6d4b,2013-12-21,02:50:00,EDSA Timog Ave. Quezon City,0,0,0,0,0,0,0,0,0,0,2013-12-21 10:50,Property,14.65548924,121.0298079,No Collision Stated
None,EDSA,None,None,"No Accident Factor, No Collision Stated (based on Police Blotter Book), 0.0 drivers_injured, 0.0 drivers_killed, 0.0 passengers_injured, 0.0 passengers_killed, 0.0 pedestrian_injured, 0.0 pedestrian_killed, Fair (Day), EDSA North Ave. Bgy. Pag-asa Quezon City",MMDA Road Safety Unit,,c20f3be3-a4b7-4853-ac83-a01737291f13,2013-12-21,01:55:00,EDSA Paramount Quezon City,0,0,0,0,0,0,0,0,0,0,2013-12-21 9:55,Property,14.65553839,121.0299647,No Collision Stated
None,EDSA,None,None,"No Accident Factor, No Collision Stated (based on Police Blotter Book), 0.0 drivers_injured, 0.0 drivers_killed, 0.0 passengers_injured, 0.0 passengers_killed, 0.0 pedestrian_injured, 0.0 pedestrian_killed, Fair (Night), EDSA  Ermin Garcia St.  Quezon City",MMDA Road Safety Unit,,8d9f4029-3a92-4a7a-b6ba-7dcab9ab6f43,2013-12-20,12:00:00,EDSA Whiteplains Quezon City,0,0,0,0,0,0,0,0,0,0,2013-12-20 20:00,Property,14.62746056,121.0475274,No Collision Stated
None,EDSA,None,None,"No Accident Factor, No Collision Stated (based on Police Blotter Book), 0.0 drivers_injured, 0.0 drivers_killed, 0.0 passengers_injured, 0.0 passengers_killed, 0.0 pedestrian_injured, 0.0 pedestrian_killed, Fair (Day), EDSA  M. Ignacia St.  Quezon City",MMDA Road Safety Unit,,08f18d30-6728-4e69-8e41-10244602e221,2013-12-20,07:45:00,EDSA Main Avenue  Quezon City,0,0,0,0,0,0,0,0,0,0,2013-12-20 15:45,Property,14.64222346,121.0388016,No Collision Stated
None,EDSA,None,None,"No Accident Factor, Angle Impact, 0.0 drivers_injured, 0.0 drivers_killed, 0.0 passengers_injured, 0.0 passengers_killed, 0.0 pedestrian_injured, 0.0 pedestrian_killed, Fair (Day), EDSA  Infront of Philam Homes Brgy West Triangle Quezon City",MMDA Road Safety Unit,,915294c4-9765-41f8-aeb8-5d1d75fd7322,2013-12-20,06:45:00,EDSA GMA 7 UTS Quezon City,0,0,0,0,0,0,0,0,0,0,2013-12-20 14:45,Property,14.64995534,121.0336296,Angle Impact
None,EDSA,None,None,"No Accident Factor, Rear-end, 0.0 drivers_injured, 0.0 drivers_killed, 0.0 passengers_injured, 0.0 passengers_killed, 0.0 pedestrian_injured, 0.0 pedestrian_killed, Fair (Day), EDSA fronting Farmers Plaza, Bgy. Socorro, Cubao Quezon City",MMDA Road Safety Unit,,3f9d7342-7d7f-4f01-a783-1c2b74e2e12d,2013-12-20,04:35:00,"EDSA fronting Jackman Dept. Store, Bgy. Magsaysay Quezon City",0,0,0,0,0,0,0,0,0,0,2013-12-20 12:35,Property,14.61924195,121.0511606,Rear-End
None,EDSA,None,None,"No Accident Factor, No Collision Stated (based on Police Blotter Book), 0.0 drivers_injured, 0.0 drivers_killed, 0.0 passengers_injured, 0.0 passengers_killed, 0.0 pedestrian_injured, 0.0 pedestrian_killed, Fair (Day), EDSA  Howmart Road Brgy Apolonio Quezon City",MMDA Road Safety Unit,,77f3bcb5-a530-43e0-b25b-99dadfb2e1fc,2013-12-19,08:30:00,"EDSA fronting Waltermart, Brgy. Veterans Quezon City",0,0,0,0,0,0,0,0,0,0,2013-12-19 16:30,Property,14.65760747,121.0107178,No Collision Stated
None,EDSA,None,None,"No Accident Factor, Rear-end, 0.0 drivers_injured, 0.0 drivers_killed, 0.0 passengers_injured, 0.0 passengers_killed, 0.0 pedestrian_injured, 0.0 pedestrian_killed, Fair (Day), EDSA   Scout Borromeo Street  Quezon City",MMDA Road Safety Unit,,033975ce-d011-4304-b414-3901c473487d,2013-12-19,05:15:00,EDSA Main Avenue Quezon City,0,0,0,0,0,0,0,0,0,0,2013-12-19 13:15,Property,14.63715007,121.0419655,Rear-End
None,EDSA,None,None,"No Accident Factor, No Collision Stated (based on Police Blotter Book), 0.0 drivers_injured, 0.0 drivers_killed, 0.0 passengers_injured, 0.0 passengers_killed, 0.0 pedestrian_injured, 0.0 pedestrian_killed, Fair (Day), EDSA Mother Ignacia Street  Quezon City",MMDA Road Safety Unit,,5b454e25-57c5-44b0-8030-7eeebf1db841,2013-12-18,04:10:00,EDSA Kamuning Road Quezon City,0,0,0,0,0,0,0,0,0,0,2013-12-18 12:10,Property,14.64220321,121.0386692,No Collision Stated
None,EDSA,None,None,"No Accident Factor, No Collision Stated (based on Police Blotter Book), 0.0 drivers_injured, 0.0 drivers_killed, 0.0 passengers_injured, 0.0 passengers_killed, 0.0 pedestrian_injured, 0.0 pedestrian_killed, Fair (Day), EDSA  North Ave.  Quezon City",MMDA Road Safety Unit,,ec1f29b5-38dc-4f70-82a7-2e55ced0dfbf,2013-12-18,02:15:00,"EDSA Mindanao Ave., Bgy. Bagong Pag-asa Quezon City",0,0,0,0,0,0,0,0,0,0,2013-12-18 10:15,Property,14.65576348,121.0297232,No Collision Stated
None,EDSA,None,None,"No Accident Factor, Rear-end, 0.0 drivers_injured, 0.0 drivers_killed, 0.0 passengers_injured, 0.0 passengers_killed, 0.0 pedestrian_injured, 0.0 pedestrian_killed, Fair (Night), EDSA  Quezon Ave. Bgy. West Triangle Quezon City",MMDA Road Safety Unit,,bbc4c4b9-3a02-4548-9dd6-62042b0b7bd7,2013-12-17,11:15:00,"EDSA before MRT Station, Bgy. Phil-am Quezon City",0,0,0,0,0,0,0,0,0,0,2013-12-17 19:15,Property,14.64407795,121.0375572,Rear-End
None,EDSA,None,None,"No Accident Factor, Side Swipe, 0.0 drivers_injured, 0.0 drivers_killed, 0.0 passengers_injured, 0.0 passengers_killed, 0.0 pedestrian_injured, 0.0 pedestrian_killed, Fair (Day), EDSA   Near New York Street  Quezon City",MMDA Road Safety Unit,,092337c1-912a-4dcc-973a-9c7a481d2308,2013-12-17,03:25:00,EDSA P. Tuazon Blvd. Quezon City,0,0,0,0,0,0,0,0,0,0,2013-12-17 11:25,Property,14.62567391,121.0483168,Side Swipe
None,EDSA,None,None,"No Accident Factor, No Collision Stated (based on Police Blotter Book), 0.0 drivers_injured, 0.0 drivers_killed, 0.0 passengers_injured, 0.0 passengers_killed, 0.0 pedestrian_injured, 0.0 pedestrian_killed, Fair (Night), EDSA  Kamuning Road  Quezon City",MMDA Road Safety Unit,,d47caa21-3e46-4dbe-817d-2844b82398e5,2013-12-16,12:30:00,EDSA before Mindanao Ave. Ext. Quezon City,0,0,0,0,0,0,0,0,0,0,2013-12-16 20:30,Property,14.63094996,121.045925,No Collision Stated
None,EDSA,None,None,"No Accident Factor, No Collision Stated (based on Police Blotter Book), 0.0 drivers_injured, 0.0 drivers_killed, 0.0 passengers_injured, 0.0 passengers_killed, 0.0 pedestrian_injured, 0.0 pedestrian_killed, Fair (Day), EDSA After Aurora Blvd. Quezon City",MMDA Road Safety Unit,,d4abd682-b575-43b1-892b-92684de84b50,2013-12-16,05:20:00,EDSA fronting Victory Bus Liner Terminal Quezon City,0,0,0,0,0,0,0,0,0,0,2013-12-16 13:20,Property,14.62159742,121.0500545,No Collision Stated
None,EDSA,None,None,"No Accident Factor, No Collision Stated (based on Police Blotter Book), 0.0 drivers_injured, 0.0 drivers_killed, 0.0 passengers_injured, 0.0 passengers_killed, 0.0 pedestrian_injured, 0.0 pedestrian_killed, Fair (Day), EDSA  Timog Ave.  Quezon City",MMDA Road Safety Unit,,262ec054-1c04-426f-9c1e-95058e47fd1b,2013-12-14,07:00:00,EDSA Roosevelt Avenue Brgy. San Antonio Quezon City,0,0,0,0,0,0,0,0,0,0,2013-12-14 15:00,Property,14.6326156,121.0449222,No Collision Stated
None,EDSA,None,None,"No Accident Factor, No Collision Stated (based on Police Blotter Book), 0.0 drivers_injured, 0.0 drivers_killed, 0.0 passengers_injured, 0.0 passengers_killed, 0.0 pedestrian_injured, 0.0 pedestrian_killed, Fair (Night), EDSA fronting Balintawak Pedestrian Overpass Brgy Apolonio Samson Quezon City",MMDA Road Safety Unit,,d1798556-82e8-4fa0-869d-33872bbbc63a,2013-12-13,14:30:00,EDSA K-3rd St. Quezon City,0,0,0,0,0,0,0,0,0,0,2013-12-13 22:30,Property,14.65736198,121.00264,No Collision Stated
None,EDSA,None,None,"No Accident Factor, No Collision Stated (based on Police Blotter Book), 0.0 drivers_injured, 0.0 drivers_killed, 0.0 passengers_injured, 0.0 passengers_killed, 0.0 pedestrian_injured, 0.0 pedestrian_killed, Fair (Night), EDSA  Roosevelt Ave. Bgy. Katipu Quezon City",MMDA Road Safety Unit,,4b31a753-b354-4512-9b2d-35dd73fb97c4,2013-12-13,14:30:00,EDSA fronting SM North Quezon City,0,0,0,0,0,0,0,0,0,0,2013-12-13 22:30,Property,14.65761995,121.0195759,No Collision Stated
None,EDSA,None,None,"No Accident Factor, No Collision Stated (based on Police Blotter Book), 0.0 drivers_injured, 0.0 drivers_killed, 0.0 passengers_injured, 0.0 passengers_killed, 0.0 pedestrian_injured, 0.0 pedestrian_killed, Fair (Day), EDSA  Near Corinthian Garden  Quezon City",MMDA Road Safety Unit,,ae4237bb-67fc-4371-a5b2-25e31945ca93,2013-12-12,05:00:00,EDSA Trinoma Mall Quezon City,0,0,0,0,0,0,0,0,0,0,2013-12-12 13:00,Property,14.59531704,121.0594493,No Collision Stated
None,EDSA,None,None,"No Accident Factor, Side Swipe, 0.0 drivers_injured, 0.0 drivers_killed, 0.0 passengers_injured, 0.0 passengers_killed, 0.0 pedestrian_injured, 0.0 pedestrian_killed, Fair (Day), EDSA  Timog Avenue  Quezon City",MMDA Road Safety Unit,,14a242ad-39fd-4b57-90c0-6bd9055e2390,2013-12-12,00:45:00,EDSA Santolan Road Quezon City,0,0,0,0,0,0,0,0,0,0,2013-12-12 8:45,Property,14.6326156,121.0449222,Side Swipe
None,EDSA,None,None,"No Accident Factor, No Collision Stated (based on Police Blotter Book), 0.0 drivers_injured, 0.0 drivers_killed, 0.0 passengers_injured, 0.0 passengers_killed, 0.0 pedestrian_injured, 0.0 pedestrian_killed, Fair (Night), EDSA Roosevelt Ave. Bgy. San Antonio Quezon City",MMDA Road Safety Unit,,3fd3c8ff-c6e2-4f4a-b01a-e15241996caa,2013-12-11,14:15:00,EDSA Mindanao Exit Quezon City,0,0,0,0,0,0,0,0,0,0,2013-12-11 22:15,Property,14.65762047,121.0196373,No Collision Stated
None,EDSA,None,None,"No Accident Factor, No Collision Stated (based on Police Blotter Book), 0.0 drivers_injured, 0.0 drivers_killed, 3.0 passengers_injured, 0.0 passengers_killed, 0.0 pedestrian_injured, 0.0 pedestrian_killed, Fair (Day), EDSA  Near B. Serrano Avenue  Quezon City",MMDA Road Safety Unit,,996f199f-7a36-43f2-88f6-dffe55dc8eac,2013-12-11,08:40:00,EDSA Kamuning Road Quezon City,0,0,0,0,3,0,0,0,0,3,2013-12-11 16:40,Injury,14.61093414,121.0548618,No Collision Stated
None,EDSA,None,None,"No Accident Factor, No Collision Stated (based on Police Blotter Book), 0.0 drivers_injured, 0.0 drivers_killed, 0.0 passengers_injured, 0.0 passengers_killed, 0.0 pedestrian_injured, 0.0 pedestrian_killed, Fair (Day), EDSA Cloverleaf Road Bgy. Ug Sigaw Quezon City",MMDA Road Safety Unit,,f8e2432d-6002-46f7-a218-75e53fd9ec86,2013-12-10,22:00:00,EDSA Quezon Avenue Quezon City,0,0,0,0,0,0,0,0,0,0,2013-12-11 6:00,Property,14.65747901,121.0011914,No Collision Stated
None,EDSA,None,None,"No Accident Factor, No Collision Stated (based on Police Blotter Book), 0.0 drivers_injured, 0.0 drivers_killed, 0.0 passengers_injured, 0.0 passengers_killed, 0.0 pedestrian_injured, 0.0 pedestrian_killed, Fair (Night), EDSA Mapagmahal Street  Quezon City",MMDA Road Safety Unit,,9368a272-9d87-46a2-8fd6-686dc6666652,2013-12-10,12:45:00,"EDSA North Avenue, Brgy. Pag-asa Quezon City",0,0,0,0,0,0,0,0,0,0,2013-12-10 20:45,Property,14.63185046,121.0455315,No Collision Stated
None,EDSA,None,None,"No Accident Factor, No Collision Stated (based on Police Blotter Book), 0.0 drivers_injured, 0.0 drivers_killed, 0.0 passengers_injured, 0.0 passengers_killed, 0.0 pedestrian_injured, 0.0 pedestrian_killed, Fair (Day), EDSA    Near Scout Borromeo Street  Quezon City",MMDA Road Safety Unit,,fabf31b0-5c4b-49fd-a8f3-19ca1187a03d,2013-12-10,05:20:00,EDSA Kamias Road Quezon City,0,0,0,0,0,0,0,0,0,0,2013-12-10 13:20,Property,14.63720654,121.0419981,No Collision Stated
None,EDSA,None,None,"No Accident Factor, Hit and Run (No Collision Stated), 0.0 drivers_injured, 0.0 drivers_killed, 0.0 passengers_injured, 0.0 passengers_killed, 0.0 pedestrian_injured, 0.0 pedestrian_killed, Fair (Day), EDSA Roosevelt Ave. Quezon City",MMDA Road Safety Unit,,f046a402-92da-430f-a6ad-6dd66225334e,2013-12-10,02:00:00,"EDSA Trinoma Bldg., Brgy. Pag-asa Quezon City",0,0,0,0,0,0,0,0,0,0,2013-12-10 10:00,Property,14.65762047,121.0196373,No Collision Stated
None,EDSA,None,None,"No Accident Factor, Side Swipe, 0.0 drivers_injured, 0.0 drivers_killed, 0.0 passengers_injured, 0.0 passengers_killed, 0.0 pedestrian_injured, 0.0 pedestrian_killed, Fair (Day), EDSA Monte De Pledad Street  Quezon City",MMDA Road Safety Unit,,cdabacab-5342-45ec-9ba4-51a72eb57f28,2013-12-09,07:40:00,EDSA Congressional Avenue  Quezon City,0,0,0,0,0,0,0,0,0,0,2013-12-09 15:40,Property,14.62346937,121.0491711,Side Swipe
None,EDSA,None,None,"No Accident Factor, Rear-end, 0.0 drivers_injured, 0.0 drivers_killed, 0.0 passengers_injured, 0.0 passengers_killed, 0.0 pedestrian_injured, 0.0 pedestrian_killed, Fair (Day), EDSA  fronting Camp Aguinaldo Gate 2 Quezon City",MMDA Road Safety Unit,,94dd5276-5db0-42cc-bfc1-604531b80d4d,2013-12-08,23:05:00,EDSA Mother Ignacia STreet Quezon City,0,0,0,0,0,0,0,0,0,0,2013-12-09 7:05,Property,14.61001388,121.0556126,Rear-End
None,EDSA,None,None,"No Accident Factor, No Collision Stated (based on Police Blotter Book), 0.0 drivers_injured, 0.0 drivers_killed, 0.0 passengers_injured, 0.0 passengers_killed, 0.0 pedestrian_injured, 0.0 pedestrian_killed, Fair (Day), EDSA  Clover Leaf Bgy. Ug Sigaw Quezon City",MMDA Road Safety Unit,,f73aefc1-9628-44a1-a565-be03ad1077ad,2013-12-06,23:00:00,EDSA Timog Avenue Kamuning Road JAM Bus Trminal Quezon City,0,0,0,0,0,0,0,0,0,0,2013-12-07 7:00,Property,14.65731879,120.9994808,No Collision Stated
None,EDSA,None,None,"No Accident Factor, Angle Impact, 0.0 drivers_injured, 0.0 drivers_killed, 0.0 passengers_injured, 0.0 passengers_killed, 0.0 pedestrian_injured, 0.0 pedestrian_killed, Fair (Night), EDSA    Corner White Plains Avenue  Quezon City",MMDA Road Safety Unit,,2fae69d1-e533-433c-9964-141aea7bd0fe,2013-12-06,15:00:00,EDSA Misamis Street Quezon City,0,0,0,0,0,0,0,0,0,0,2013-12-06 23:00,Property,14.59965968,121.0597979,Angle Impact
None,EDSA,None,None,"No Accident Factor, No Collision Stated (based on Police Blotter Book), 0.0 drivers_injured, 0.0 drivers_killed, 0.0 passengers_injured, 0.0 passengers_killed, 0.0 pedestrian_injured, 0.0 pedestrian_killed, Fair (Day), EDSA  P. Tuazon Blvd. Quezon City",MMDA Road Safety Unit,,99092183-01b6-4d96-b632-4267ad861c43,2013-12-06,09:30:00,EDSA fronting KIA Motors Bgy.Veterans Quezon City,0,0,0,0,0,0,0,0,0,0,2013-12-06 17:30,Property,14.61637,121.0522664,No Collision Stated
None,EDSA,None,None,"No Accident Factor, No Collision Stated (based on Police Blotter Book), 0.0 drivers_injured, 0.0 drivers_killed, 0.0 passengers_injured, 0.0 passengers_killed, 0.0 pedestrian_injured, 0.0 pedestrian_killed, Fair (Day), EDSA  Kamuning Road  Quezon City",MMDA Road Safety Unit,,058a5709-fd5e-4776-bbaa-73712df08ea8,2013-12-06,04:30:00,EDSA Baliwag Transit Bus Terminal Quezon City,0,0,0,0,0,0,0,0,0,0,2013-12-06 12:30,Property,14.63094996,121.045925,No Collision Stated
None,EDSA,None,None,"No Accident Factor, Side Swipe, 0.0 drivers_injured, 0.0 drivers_killed, 0.0 passengers_injured, 0.0 passengers_killed, 0.0 pedestrian_injured, 0.0 pedestrian_killed, Fair (Night), EDSA fronting Nepa Q-Mart Quezon City",MMDA Road Safety Unit,,15a87a2a-b2c7-43dc-bbd9-973ca97a7898,2013-12-02,12:40:00,EDSA Quezon Ave. Service Road Quezon City,0,0,0,0,0,0,0,0,0,0,2013-12-02 20:40,Property,14.6280917,121.0472321,Side Swipe
None,EDSA,None,None,"No Accident Factor, Hit and Run (No Collision Stated), 0.0 drivers_injured, 0.0 drivers_killed, 0.0 passengers_injured, 0.0 passengers_killed, 0.0 pedestrian_injured, 0.0 pedestrian_killed, Fair (Night), EDSA West Ave. Quezon City",MMDA Road Safety Unit,,d3a35561-2d69-47d0-b7f9-09b04d1e8e46,2013-12-02,11:30:00,EDSA Mindanao Avenue  Quezon City,0,0,0,0,0,0,0,0,0,0,2013-12-02 19:30,Property,14.65548924,121.0298079,No Collision Stated
None,EDSA,None,None,"No Accident Factor, Rear-end, 0.0 drivers_injured, 0.0 drivers_killed, 0.0 passengers_injured, 0.0 passengers_killed, 0.0 pedestrian_injured, 0.0 pedestrian_killed, Fair (Night), EDSA fronting Farmers Plaza, Bgy. Socorro, Cubao Quezon City",MMDA Road Safety Unit,,304e7397-4dad-4b93-9f0b-959d0cb4355c,2013-12-01,19:45:00,EDSA P. Tuazon Blvd. Quezon City,0,0,0,0,0,0,0,0,0,0,2013-12-02 3:45,Property,14.61924195,121.0511606,Rear-End
None,EDSA,None,None,"No Accident Factor, Hit Object (No Object Stated), 0.0 drivers_injured, 0.0 drivers_killed, 1.0 passengers_injured, 0.0 passengers_killed, 0.0 pedestrian_injured, 0.0 pedestrian_killed, Fair (Night), EDSA Farmers Plaza Quezon City",MMDA Road Safety Unit,,cb5c04f6-7f73-4fff-a23e-5d87edc28efc,2013-11-30,15:30:00,EDSA New York Street Quezon City,0,0,0,0,1,0,0,0,0,1,2013-11-30 23:30,Injury,14.61920525,121.0513476,Hit Object
None,EDSA,None,None,"No Accident Factor, Hit and Run (No Collision Stated), 0.0 drivers_injured, 0.0 drivers_killed, 0.0 passengers_injured, 0.0 passengers_killed, 0.0 pedestrian_injured, 0.0 pedestrian_killed, Fair (Day), EDSA P. Tuazon Blvd.  Quezon City",MMDA Road Safety Unit,,2c2fd408-0a25-4c2a-a4b2-cb3503393153,2013-11-30,02:50:00,EDSA E. Lopez Street Quezon City,0,0,0,0,0,0,0,0,0,0,2013-11-30 10:50,Property,14.61656342,121.0525225,No Collision Stated
None,EDSA,None,None,"No Accident Factor, Side Swipe, 0.0 drivers_injured, 0.0 drivers_killed, 0.0 passengers_injured, 0.0 passengers_killed, 0.0 pedestrian_injured, 0.0 pedestrian_killed, Fair (Day), EDSA  fronting North Ave., MRT Station Bgy.Philam Quezon City",MMDA Road Safety Unit,,e91d4797-5b48-43df-997a-f145db16ac28,2013-11-29,05:00:00,"EDSA Mindanao Avenue Ext., Brgy. Pag-asa Quezon City",0,0,0,0,0,0,0,0,0,0,2013-11-29 13:00,Property,14.65552908,121.0302779,Side Swipe
None,EDSA,None,None,"No Accident Factor, No Collision Stated (based on Police Blotter Book), 0.0 drivers_injured, 0.0 drivers_killed, 0.0 passengers_injured, 0.0 passengers_killed, 0.0 pedestrian_injured, 0.0 pedestrian_killed, Fair (Day), EDSA Quezon Ave. Quezon City",MMDA Road Safety Unit,,cd38eaf8-16ea-4131-8b87-15418c65e97a,2013-11-29,03:15:00,"EDSA Misamis Street, Brgy. Sto. Cristo Quezon City",0,0,0,0,0,0,0,0,0,0,2013-11-29 11:15,Property,14.6442444,121.0375839,No Collision Stated
None,EDSA,None,None,"No Accident Factor, No Collision Stated (based on Police Blotter Book), 0.0 drivers_injured, 0.0 drivers_killed, 0.0 passengers_injured, 0.0 passengers_killed, 0.0 pedestrian_injured, 0.0 pedestrian_killed, Fair (Night), EDSA Misamis St., Bgy.Sto.Cristo Quezon City",MMDA Road Safety Unit,,5d32a280-737d-4303-8307-1558587644bc,2013-11-28,11:30:00,"EDSA fronting Balintawak Public Market, Bgy. Balingasa Quezon City",0,0,0,0,0,0,0,0,0,0,2013-11-28 19:30,Property,14.65602348,121.0285212,No Collision Stated
None,EDSA,None,None,"No Accident Factor, No Collision Stated (based on Police Blotter Book), 0.0 drivers_injured, 0.0 drivers_killed, 0.0 passengers_injured, 0.0 passengers_killed, 0.0 pedestrian_injured, 0.0 pedestrian_killed, Fair (Day), EDSA Monte De Pledad Street  Quezon City",MMDA Road Safety Unit,,eb2c94cb-c6fe-46cb-841c-316fc9a7ddec,2013-11-28,09:40:00,EDSA fronting Robinson's Galleria Quezon City,0,0,0,0,0,0,0,0,0,0,2013-11-28 17:40,Property,14.62346937,121.0491711,No Collision Stated