LOCATION_TEXT,ROAD,WEATHER,LIGHT,DESC,REPORTING_AGENCY,MAIN_CAUSE,INCIDENTDETAILS_ID,DATE_UTC,TIME_UTC,ADDRESS,killed_driver,killed_passenger,killed_pedestrian,injured_driver,injured_passenger,injured_pedestrian,killed_uncategorized,injured_uncategorized,killed_total,injured_total,DATETIME_PST,SEVERITY,Y,X,COLLISION_TYPE
None,EDSA,None,None,"No Accident Factor, No Collision Stated (based on Police Blotter Book), 0.0 drivers_injured, 0.0 drivers_killed, 0.0 passengers_injured, 0.0 passengers_killed, 0.0 pedestrian_injured, 0.0 pedestrian_killed, Fair (Day), EDSA Congressional Ave., Bgy.Bahay Toro Quezon City",MMDA Road Safety Unit,,6ceb0017-91b7-43cb-bbbf-e979a8c0d25a,2013-11-28,03:10:00,EDSA Aurora Blvd. Quezon City,0,0,0,0,0,0,0,0,0,0,2013-11-28 11:10,Property,14.6571804,120.9927185,No Collision Stated
None,EDSA,None,None,"No Accident Factor, Rear-end, 0.0 drivers_injured, 0.0 drivers_killed, 0.0 passengers_injured, 0.0 passengers_killed, 0.0 pedestrian_injured, 0.0 pedestrian_killed, Fair (Day), EDSA      Aurora Blvd.  Quezon City",MMDA Road Safety Unit,,6d2ab9ed-0ebc-45e2-9aab-f3e1d1f1a1f2,2013-11-27,23:35:00,EDSA North Avenue Quezon City,0,0,0,0,0,0,0,0,0,0,2013-11-28 7:35,Property,14.62165921,121.0500097,Rear-End
None,EDSA,None,None,"No Accident Factor, Side Swipe, 0.0 drivers_injured, 0.0 drivers_killed, 0.0 passengers_injured, 0.0 passengers_killed, 0.0 pedestrian_injured, 0.0 pedestrian_killed, Fair (Night), EDSA    Arayat Street  Quezon City",MMDA Road Safety Unit,,ffb81c5d-52c5-4858-95ec-b4f2bbb5d4ad,2013-11-26,13:35:00,EDSA Timog Avenue  Quezon City,0,0,0,0,0,0,0,0,0,0,2013-11-26 21:35,Property,14.61929651,121.0509661,Side Swipe
None,EDSA,None,None,"No Accident Factor, Side Swipe, 0.0 drivers_injured, 0.0 drivers_killed, 0.0 passengers_injured, 0.0 passengers_killed, 0.0 pedestrian_injured, 0.0 pedestrian_killed, Fair (Night), EDSA  B. Serrano Ave.  Quezon City",MMDA Road Safety Unit,,4d52788b-fcd7-4209-a6a8-98e4d7ba1a46,2013-11-26,13:30:00,EDSA Whiteplains Road Quezon City,0,0,0,0,0,0,0,0,0,0,2013-11-26 21:30,Property,14.61099829,121.0549557,Side Swipe
None,EDSA,None,None,"No Accident Factor, No Collision Stated (based on Police Blotter Book), 0.0 drivers_injured, 0.0 drivers_killed, 0.0 passengers_injured, 0.0 passengers_killed, 0.0 pedestrian_injured, 0.0 pedestrian_killed, Fair (Day), EDSA West Ave. Quezon City",MMDA Road Safety Unit,,407d18f3-c4cd-4929-9bb4-823451defd76,2013-11-26,07:10:00,EDSA Victory Liner Terminal Quezon City,0,0,0,0,0,0,0,0,0,0,2013-11-26 15:10,Property,14.65548924,121.0298079,No Collision Stated
None,EDSA,None,None,"No Accident Factor, No Collision Stated (based on Police Blotter Book), 0.0 drivers_injured, 0.0 drivers_killed, 0.0 passengers_injured, 0.0 passengers_killed, 0.0 pedestrian_injured, 0.0 pedestrian_killed, Fair (Night), EDSA West Ave. Quezon City",MMDA Road Safety Unit,,a290a096-940d-4836-89ee-56b3ea066927,2013-11-25,10:00:00,"EDSA fronting DPWH Bldg., Bgy. Pinyahan Quezon City",0,0,0,0,0,0,0,0,0,0,2013-11-25 18:00,Property,14.65548924,121.0298079,No Collision Stated
None,EDSA,None,None,"No Accident Factor, No Collision Stated (based on Police Blotter Book), 0.0 drivers_injured, 0.0 drivers_killed, 0.0 passengers_injured, 0.0 passengers_killed, 0.0 pedestrian_injured, 0.0 pedestrian_killed, Fair (Day), EDSA Mindanao Ave. Ext., Bgy.Pag asa Quezon City",MMDA Road Safety Unit,,2345ef7b-f3df-4fa1-86d2-b4e119c392b6,2013-11-25,06:45:00,EDSA Arayat Street Quezon City,0,0,0,0,0,0,0,0,0,0,2013-11-25 14:45,Property,14.65052386,121.0335656,No Collision Stated
None,EDSA,None,None,"No Accident Factor, Rear-end, 0.0 drivers_injured, 0.0 drivers_killed, 0.0 passengers_injured, 0.0 passengers_killed, 0.0 pedestrian_injured, 0.0 pedestrian_killed, Fair (Day), EDSA  Timog Avenue  Quezon City",MMDA Road Safety Unit,,ab91c8c2-0ccf-482a-8667-9586c7116b95,2013-11-25,04:25:00,"EDSA North Ave., Bgy. Pag-asa Quezon City",0,0,0,0,0,0,0,0,0,0,2013-11-25 12:25,Property,14.6326156,121.0449222,Rear-End
None,EDSA,None,None,"No Accident Factor, No Collision Stated (based on Police Blotter Book), 0.0 drivers_injured, 0.0 drivers_killed, 0.0 passengers_injured, 0.0 passengers_killed, 0.0 pedestrian_injured, 0.0 pedestrian_killed, Fair (Day), EDSA  Ortigas Ave. Bgy. Ugong Norte Quezon City",MMDA Road Safety Unit,,f664236f-f0e7-43b6-b648-c831cd0ffb33,2013-11-24,05:45:00,EDSA West Ave. Quezon City,0,0,0,0,0,0,0,0,0,0,2013-11-24 13:45,Property,14.59313073,121.0581917,No Collision Stated
None,EDSA,None,None,"No Accident Factor, No Collision Stated (based on Police Blotter Book), 0.0 drivers_injured, 0.0 drivers_killed, 0.0 passengers_injured, 0.0 passengers_killed, 0.0 pedestrian_injured, 0.0 pedestrian_killed, Fair (Day), EDSA Roosevelt Ave., Bgy.Veterans Quezon City",MMDA Road Safety Unit,,019a096b-dc65-408b-89af-86d22a1eeff5,2013-11-23,05:30:00,EDSA Mother Ignacia Street Quezon City,0,0,0,0,0,0,0,0,0,0,2013-11-23 13:30,Property,14.65762047,121.0196373,No Collision Stated
None,EDSA,None,None,"No Accident Factor, No Collision Stated (based on Police Blotter Book), 0.0 drivers_injured, 0.0 drivers_killed, 0.0 passengers_injured, 0.0 passengers_killed, 0.0 pedestrian_injured, 0.0 pedestrian_killed, Fair (Night), EDSA before Congressional Ave. Quezon City",MMDA Road Safety Unit,,1e24f16e-24dc-47a1-9e97-3963482d919e,2013-11-22,14:30:00,"EDSA East Ave., Bgy.Pinyahan Quezon City",0,0,0,0,0,0,0,0,0,0,2013-11-22 22:30,Property,14.65776988,121.0203598,No Collision Stated
None,EDSA,None,None,"No Accident Factor, No Collision Stated (based on Police Blotter Book), 0.0 drivers_injured, 0.0 drivers_killed, 0.0 passengers_injured, 0.0 passengers_killed, 0.0 pedestrian_injured, 0.0 pedestrian_killed, Fair (Night), EDSA before Congressional Ave. Quezon City",MMDA Road Safety Unit,,0e0302bb-f39a-4d9f-bc19-39b459b92323,2013-11-22,13:45:00,EDSA fronting Balintawak Public Market Quezon City,0,0,0,0,0,0,0,0,0,0,2013-11-22 21:45,Property,14.65776988,121.0203598,No Collision Stated
None,EDSA,None,None,"No Accident Factor, No Collision Stated (based on Police Blotter Book), 0.0 drivers_injured, 0.0 drivers_killed, 0.0 passengers_injured, 0.0 passengers_killed, 0.0 pedestrian_injured, 0.0 pedestrian_killed, Fair (Night), EDSA fronting SM Annex uturn slot Quezon City",MMDA Road Safety Unit,,a9603821-eb58-4b57-9ad9-e21fc7dcd4a3,2013-11-22,12:20:00,EDSA Lucena Lines Bus Terminal Quezon City,0,0,0,0,0,0,0,0,0,0,2013-11-22 20:20,Property,14.65660595,121.0260267,No Collision Stated
None,EDSA,None,None,"No Accident Factor, Side Swipe, 0.0 drivers_injured, 0.0 drivers_killed, 0.0 passengers_injured, 0.0 passengers_killed, 0.0 pedestrian_injured, 0.0 pedestrian_killed, Fair (Night), EDSA  Gen. Mc Arthur Ave. Cubao  Quezon City",MMDA Road Safety Unit,,fdd19007-0ccd-4b53-9818-9283b589c011,2013-11-22,11:30:00,"EDSA fronting SM Hypermart, Cubao Quezon City",0,0,0,0,0,0,0,0,0,0,2013-11-22 19:30,Property,14.61813554,121.0518088,Side Swipe
None,EDSA,None,None,"No Accident Factor, No Collision Stated (based on Police Blotter Book), 0.0 drivers_injured, 0.0 drivers_killed, 0.0 passengers_injured, 0.0 passengers_killed, 0.0 pedestrian_injured, 0.0 pedestrian_killed, Fair (Day), EDSA NIA Road Bgy.Pinagsama Quezon City",MMDA Road Safety Unit,,d8b900c5-a454-4c55-b0f0-5c9b12c8d134,2013-11-22,07:30:00,EDSA Aurora Blvd. Quezon City,0,0,0,0,0,0,0,0,0,0,2013-11-22 15:30,Property,14.63727823,121.0421362,No Collision Stated
None,EDSA,None,None,"No Accident Factor, No Collision Stated (based on Police Blotter Book), 0.0 drivers_injured, 0.0 drivers_killed, 0.0 passengers_injured, 0.0 passengers_killed, 0.0 pedestrian_injured, 0.0 pedestrian_killed, Fair (Day), EDSA West Ave. Quezon City",MMDA Road Safety Unit,,0415cbdc-e10e-4683-8032-631955d2c352,2013-11-22,04:20:00,"EDSA B. Serrano Ave., Bgy. Socorro Quezon City",0,0,0,0,0,0,0,0,0,0,2013-11-22 12:20,Property,14.65548924,121.0298079,No Collision Stated
None,EDSA,None,None,"No Accident Factor, Angle Impact, 0.0 drivers_injured, 0.0 drivers_killed, 0.0 passengers_injured, 0.0 passengers_killed, 0.0 pedestrian_injured, 0.0 pedestrian_killed, Fair (Day), EDSA Kamuning Road Quezon City",MMDA Road Safety Unit,,bb4e85f6-bccb-47f7-9437-cdadfab393b6,2013-11-22,02:40:00,EDSA Arayat St. Quezon City,0,0,0,0,0,0,0,0,0,0,2013-11-22 10:40,Property,14.63075725,121.0457548,Angle Impact
None,EDSA,None,None,"No Accident Factor, Side Swipe, 0.0 drivers_injured, 0.0 drivers_killed, 0.0 passengers_injured, 0.0 passengers_killed, 0.0 pedestrian_injured, 0.0 pedestrian_killed, Fair (Night), EDSA Arayat St. Quezon City",MMDA Road Safety Unit,,c995dbc0-3202-480b-880e-9f0428f00882,2013-11-21,15:20:00,EDSA before Quezon Ave. Quezon City,0,0,0,0,0,0,0,0,0,0,2013-11-21 23:20,Property,14.61961124,121.0508602,Side Swipe
None,EDSA,None,None,"No Accident Factor, No Collision Stated (based on Police Blotter Book), 0.0 drivers_injured, 0.0 drivers_killed, 0.0 passengers_injured, 0.0 passengers_killed, 0.0 pedestrian_injured, 0.0 pedestrian_killed, Fair (Day), EDSA before K. 3rd St. Quezon City",MMDA Road Safety Unit,,c77716a5-a940-46be-bdf2-82de15367efa,2013-11-20,23:45:00,"EDSA North Avenue, Brgy. Pag-asa Quezon City",0,0,0,0,0,0,0,0,0,0,2013-11-21 7:45,Property,14.62955217,121.0463229,No Collision Stated
None,EDSA,None,None,"No Accident Factor, No Collision Stated (based on Police Blotter Book), 0.0 drivers_injured, 0.0 drivers_killed, 0.0 passengers_injured, 0.0 passengers_killed, 0.0 pedestrian_injured, 0.0 pedestrian_killed, Fair (Day), EDSA P. Tuazon Blvd. Quezon City",MMDA Road Safety Unit,,d0ef5e71-5f81-4338-90b5-1870e89bcb2c,2013-11-20,23:05:00,EDSA Aurora Blvd. QCPD Station 10 Quezon City,0,0,0,0,0,0,0,0,0,0,2013-11-21 7:05,Property,14.61656342,121.0525225,No Collision Stated
None,EDSA,None,None,"No Accident Factor, Rear-end, 1.0 drivers_injured, 0.0 drivers_killed, 0.0 passengers_injured, 0.0 passengers_killed, 0.0 pedestrian_injured, 0.0 pedestrian_killed, Fair (Day), EDSA Aurora Blvd. (WB) Quezon City",MMDA Road Safety Unit,,07b05492-3088-4cc1-a233-d6ebe991dabe,2013-11-20,08:15:00,EDSA Congressional Avenue Quezon City,0,0,0,1,0,0,0,0,0,1,2013-11-20 16:15,Injury,14.62151658,121.0501092,Rear-End
None,EDSA,None,None,"No Accident Factor, No Collision Stated (based on Police Blotter Book), 0.0 drivers_injured, 0.0 drivers_killed, 0.0 passengers_injured, 0.0 passengers_killed, 0.0 pedestrian_injured, 0.0 pedestrian_killed, Fair (Day), EDSA Aurora Blvd. Quezon City",MMDA Road Safety Unit,,b908c181-565f-40cb-b178-3de8466c1c31,2013-11-20,03:50:00,"EDSA Misamis Street, Brgy. Pag-asa Quezon City",0,0,0,0,0,0,0,0,0,0,2013-11-20 11:50,Property,14.62163653,121.0501573,No Collision Stated
None,EDSA,None,None,"No Accident Factor, Side Swipe, 0.0 drivers_injured, 0.0 drivers_killed, 0.0 passengers_injured, 0.0 passengers_killed, 0.0 pedestrian_injured, 0.0 pedestrian_killed, Fair (Day), EDSA before Monte de Piedad St. Quezon City",MMDA Road Safety Unit,,c24fd1b2-1b3d-42da-90fc-5a43869ddfdc,2013-11-20,01:30:00,EDSA before Ermin Garcia St. Quezon City,0,0,0,0,0,0,0,0,0,0,2013-11-20 9:30,Property,14.62365918,121.0489951,Side Swipe
None,EDSA,None,None,"No Accident Factor, No Collision Stated (based on Police Blotter Book), 0.0 drivers_injured, 0.0 drivers_killed, 0.0 passengers_injured, 0.0 passengers_killed, 0.0 pedestrian_injured, 0.0 pedestrian_killed, Fair (Night), EDSA Roosevelt Ave. Quezon City",MMDA Road Safety Unit,,17e98d15-d82f-49e2-b8d0-7d935567fdb0,2013-11-19,10:00:00,EDSA B. Serrano Ave. Quezon City,0,0,0,0,0,0,0,0,0,0,2013-11-19 18:00,Property,14.65762047,121.0196373,No Collision Stated
None,EDSA,None,None,"No Accident Factor, Hit and Run (No Collision Stated), 1.0 drivers_injured, 0.0 drivers_killed, 0.0 passengers_injured, 0.0 passengers_killed, 0.0 pedestrian_injured, 0.0 pedestrian_killed, Fair (Night), EDSA SM Annex Uturn slot Bgy.Bagong Pag asa Quezon City",MMDA Road Safety Unit,,b9efe0bd-7ce5-4c7c-be2c-352406c81ab9,2013-11-18,20:30:00,EDSA Arayat St. Quezon City,0,0,0,1,0,0,0,0,0,1,2013-11-19 4:30,Injury,14.65628012,121.0272074,No Collision Stated
None,EDSA,None,None,"No Accident Factor, No Collision Stated (based on Police Blotter Book), 0.0 drivers_injured, 0.0 drivers_killed, 0.0 passengers_injured, 0.0 passengers_killed, 0.0 pedestrian_injured, 0.0 pedestrian_killed, Fair (Night), EDSA fronting Waltermart Quezon City",MMDA Road Safety Unit,,ade3c410-8a2c-41e9-8fae-86b3e0809004,2013-11-18,14:00:00,EDSA After GMA Network Drive Quezon City,0,0,0,0,0,0,0,0,0,0,2013-11-18 22:00,Property,14.65755908,121.0204569,No Collision Stated
None,EDSA,None,None,"No Accident Factor, No Collision Stated (based on Police Blotter Book), 0.0 drivers_injured, 0.0 drivers_killed, 0.0 passengers_injured, 0.0 passengers_killed, 0.0 pedestrian_injured, 0.0 pedestrian_killed, Fair (Night), EDSA  fronting Trinoma MRT Bgy.Bagong Pag asa Quezon City",MMDA Road Safety Unit,,f453b41d-f6f4-4788-88f4-ad54ece703eb,2013-11-18,12:00:00,EDSA P. Tuazon Blvd. Quezon City,0,0,0,0,0,0,0,0,0,0,2013-11-18 20:00,Property,14.65212053,121.032259,No Collision Stated
None,EDSA,None,None,"No Accident Factor, No Collision Stated (based on Police Blotter Book), 0.0 drivers_injured, 0.0 drivers_killed, 0.0 passengers_injured, 0.0 passengers_killed, 0.0 pedestrian_injured, 0.0 pedestrian_killed, Fair (Night), EDSA Cloverleaf Road Bgy.Balingasa Quezon City",MMDA Road Safety Unit,,510a5e2a-6715-4b11-b8a4-76d358f3e22e,2013-11-17,15:00:00,EDSA Kamias St. Quezon City,0,0,0,0,0,0,0,0,0,0,2013-11-17 23:00,Property,14.65747901,121.0011914,No Collision Stated
None,EDSA,None,None,"No Accident Factor, Rear-end, 0.0 drivers_injured, 0.0 drivers_killed, 0.0 passengers_injured, 0.0 passengers_killed, 0.0 pedestrian_injured, 0.0 pedestrian_killed, Fair (Day), EDSA fronting NEPA Q-Mart Quezon City",MMDA Road Safety Unit,,e5f425a9-64fb-4f29-883a-744f14c509b0,2013-11-17,06:05:00,EDSA Liberty Ave. Quezon City,0,0,0,0,0,0,0,0,0,0,2013-11-17 14:05,Property,14.6280917,121.0472321,Rear-End
None,EDSA,None,None,"No Accident Factor, Rear-end, 0.0 drivers_injured, 0.0 drivers_killed, 0.0 passengers_injured, 0.0 passengers_killed, 0.0 pedestrian_injured, 0.0 pedestrian_killed, Fair (Day), EDSA fronting NEPA Q-Mart Quezon City",MMDA Road Safety Unit,,f136ad85-5ac9-4cb5-b1c6-ff11eeb5820e,2013-11-17,06:05:00,"EDSA Corregidor Street, Magsaysay Quezon City",0,0,0,0,0,0,0,0,0,0,2013-11-17 14:05,Property,14.6280917,121.0472321,Rear-End
None,EDSA,None,None,"No Accident Factor, No Collision Stated (based on Police Blotter Book), 0.0 drivers_injured, 0.0 drivers_killed, 0.0 passengers_injured, 0.0 passengers_killed, 0.0 pedestrian_injured, 0.0 pedestrian_killed, Fair (Day), EDSA Royal Uturn slot Quezon City",MMDA Road Safety Unit,,74c3ef5c-7c31-4ec9-b1c1-7063835faf99,2013-11-16,08:25:00,EDSA Aurora Blvd.   Quezon City,0,0,0,0,0,0,0,0,0,0,2013-11-16 16:25,Property,14.65767141,121.0107008,No Collision Stated
None,EDSA,None,None,"No Accident Factor, Side Swipe, 0.0 drivers_injured, 0.0 drivers_killed, 2.0 passengers_injured, 0.0 passengers_killed, 0.0 pedestrian_injured, 0.0 pedestrian_killed, Fair (Day), EDSA New York St., Bgy.E.Rodriguez Quezon City",MMDA Road Safety Unit,,e2383a45-fbae-40eb-bd22-69fc79b20f75,2013-11-16,08:20:00,EDSA Timog Ave. Quezon City,0,0,0,0,2,0,0,0,0,2,2013-11-16 16:20,Injury,14.62568514,121.0482307,Side Swipe
None,EDSA,None,None,"No Accident Factor, No Collision Stated (based on Police Blotter Book), 0.0 drivers_injured, 0.0 drivers_killed, 0.0 passengers_injured, 0.0 passengers_killed, 0.0 pedestrian_injured, 0.0 pedestrian_killed, Fair (Day), EDSA Kaingin Road Bgy.A.Samson Quezon City",MMDA Road Safety Unit,,8fb9c927-00b6-497d-9f0a-ebe4815c387f,2013-11-14,23:00:00,EDSA Timog Ave. / Sct. Albano U turn Slot Quezon City,0,0,0,0,0,0,0,0,0,0,2013-11-15 7:00,Property,14.65746493,121.0109963,No Collision Stated
None,EDSA,None,None,"No Accident Factor, Side Swipe, 0.0 drivers_injured, 0.0 drivers_killed, 0.0 passengers_injured, 0.0 passengers_killed, 0.0 pedestrian_injured, 0.0 pedestrian_killed, Fair (Night), EDSA fronting Superlines Bus Terminal Quezon City",MMDA Road Safety Unit,,24bbe49d-b922-45aa-9fdd-f8d7d465a953,2013-11-14,10:00:00,EDSA Timog Ave. U turn Slot / Sct. Albano U Turn Slot Quezon City,0,0,0,0,0,0,0,0,0,0,2013-11-14 18:00,Property,14.624946,121.0484779,Side Swipe
None,EDSA,None,None,"No Accident Factor, Side Swipe, 0.0 drivers_injured, 0.0 drivers_killed, 0.0 passengers_injured, 0.0 passengers_killed, 0.0 pedestrian_injured, 0.0 pedestrian_killed, Fair (Night), EDSA  North Avenue  Quezon City",MMDA Road Safety Unit,,054af59a-eb73-48bd-9f86-c8f1c7227a66,2013-11-13,10:15:00,EDSA fronting Eton Centris Bldg. Quezon City,0,0,0,0,0,0,0,0,0,0,2013-11-13 18:15,Property,14.65576348,121.0297232,Side Swipe
None,EDSA,None,None,"No Accident Factor, No Collision Stated (based on Police Blotter Book), 0.0 drivers_injured, 0.0 drivers_killed, 0.0 passengers_injured, 0.0 passengers_killed, 0.0 pedestrian_injured, 0.0 pedestrian_killed, Fair (Day), EDSA  Timog Ave. & East Ave. Bgy. Pinyahan  Quezon City",MMDA Road Safety Unit,,9bc7ebde-f713-4f46-b78d-c116a5eb9e35,2013-11-13,07:50:00,EDSA before Main Ave. Quezon City,0,0,0,0,0,0,0,0,0,0,2013-11-13 15:50,Property,14.6326156,121.0449222,No Collision Stated
None,EDSA,None,None,"No Accident Factor, Angle Impact, 0.0 drivers_injured, 0.0 drivers_killed, 0.0 passengers_injured, 0.0 passengers_killed, 0.0 pedestrian_injured, 0.0 pedestrian_killed, Fair (Day), EDSA  NIA Road Bgy.Pinyahan Quezon City",MMDA Road Safety Unit,,c5b093b4-a3e2-41c7-8bd1-034a173eeda0,2013-11-12,06:05:00,EDSA Corregidor Street Quezon City,0,0,0,0,0,0,0,0,0,0,2013-11-12 14:05,Property,14.63730889,121.0422281,Angle Impact
None,EDSA,None,None,"No Accident Factor, No Collision Stated (based on Police Blotter Book), 0.0 drivers_injured, 0.0 drivers_killed, 0.0 passengers_injured, 0.0 passengers_killed, 0.0 pedestrian_injured, 0.0 pedestrian_killed, Fair (Day), EDSA Roosevelt Ave. Bgy. Katipu Quezon City",MMDA Road Safety Unit,,2bb5d1a3-6aae-48b0-859c-80003a64965e,2013-11-12,03:00:00,EDSA Bus Bay SM Quezon City,0,0,0,0,0,0,0,0,0,0,2013-11-12 11:00,Property,14.65762047,121.0196373,No Collision Stated
None,EDSA,None,None,"No Accident Factor, Hit and Run (No Collision Stated), 0.0 drivers_injured, 0.0 drivers_killed, 0.0 passengers_injured, 0.0 passengers_killed, 0.0 pedestrian_injured, 0.0 pedestrian_killed, Fair (Night), EDSA fronting Nepa Q-Mart Bgy.E.Rodriguez Quezon City",MMDA Road Safety Unit,,8df4682e-0fa5-4369-b0ae-5c23e8b30560,2013-11-11,13:15:00,"EDSA Quezon Avenue, Brgy. Pag-asa Quezon City",0,0,0,0,0,0,0,0,0,0,2013-11-11 21:15,Property,14.6280917,121.0472321,No Collision Stated
None,EDSA,None,None,"No Accident Factor, Angle Impact, 0.0 drivers_injured, 0.0 drivers_killed, 0.0 passengers_injured, 0.0 passengers_killed, 0.0 pedestrian_injured, 0.0 pedestrian_killed, Fair (Day), EDSA Ortigas Ave., Bgy.Ugong Norte Quezon City",MMDA Road Safety Unit,,1d97604a-a1e4-4973-a59e-d0bfa6b8c21f,2013-11-11,03:15:00,EDSA before Aurora Blvd. Quezon City,0,0,0,0,0,0,0,0,0,0,2013-11-11 11:15,Property,14.59335253,121.0584107,Angle Impact
None,EDSA,None,None,"No Accident Factor, Angle Impact, 0.0 drivers_injured, 0.0 drivers_killed, 0.0 passengers_injured, 0.0 passengers_killed, 0.0 pedestrian_injured, 0.0 pedestrian_killed, Fair (Night), EDSA Aurora Blvd, Cubao Quezon City",MMDA Road Safety Unit,,5d6ea97f-2551-48a3-974d-abf7222c52ed,2013-11-10,15:00:00,EDSA before 11th Jamboree St. / Victoria Tower Quezon City,0,0,0,0,0,0,0,0,0,0,2013-11-10 23:00,Property,14.6217569,121.0502544,Angle Impact
None,EDSA,None,None,"No Accident Factor, No Collision Stated (based on Police Blotter Book), 0.0 drivers_injured, 0.0 drivers_killed, 0.0 passengers_injured, 0.0 passengers_killed, 0.0 pedestrian_injured, 0.0 pedestrian_killed, Fair (Night), EDSA    North Avenue Quezon City",MMDA Road Safety Unit,,526570f4-0ee1-4141-a2f7-cafeac7ddd55,2013-11-10,14:00:00,EDSA New York St. fronting Honda Motors Quezon City,0,0,0,0,0,0,0,0,0,0,2013-11-10 22:00,Property,14.65570616,121.0300123,No Collision Stated
None,EDSA,None,None,"No Accident Factor, Rear-end, 0.0 drivers_injured, 0.0 drivers_killed, 0.0 passengers_injured, 0.0 passengers_killed, 0.0 pedestrian_injured, 0.0 pedestrian_killed, Fair (Night), EDSA B. Serrano Ave., Bgy.Socorro Quezon City",MMDA Road Safety Unit,,ee07d660-0a8b-418a-90ce-408853705085,2013-11-09,15:30:00,"EDSA fronting SM Annex, Brgy. Pag-asa Quezon City",0,0,0,0,0,0,0,0,0,0,2013-11-09 23:30,Property,14.61096685,121.0551991,Rear-End
None,EDSA,None,None,"No Accident Factor, No Collision Stated (based on Police Blotter Book), 0.0 drivers_injured, 0.0 drivers_killed, 0.0 passengers_injured, 0.0 passengers_killed, 0.0 pedestrian_injured, 0.0 pedestrian_killed, Fair (Night), EDSA Roosevelt Ave. Quezon City",MMDA Road Safety Unit,,ff1d2d74-adcb-47d3-8fed-b7cd23dbc3b4,2013-11-08,12:00:00,EDSA before GMA Network Drive Mrt Station Quezon City,0,0,0,0,0,0,0,0,0,0,2013-11-08 20:00,Property,14.65762047,121.0196373,No Collision Stated
None,EDSA,None,None,"No Accident Factor, Side Swipe, 0.0 drivers_injured, 0.0 drivers_killed, 0.0 passengers_injured, 0.0 passengers_killed, 0.0 pedestrian_injured, 0.0 pedestrian_killed, Fair (Night), EDSA  Timog Ave. Quezon City",MMDA Road Safety Unit,,0d43207b-8878-4d43-b29c-88017b077cfc,2013-11-08,12:00:00,EDSA Aurora Blvd. Quezon City,0,0,0,0,0,0,0,0,0,0,2013-11-08 20:00,Property,14.6326156,121.0449222,Side Swipe
None,EDSA,None,None,"No Accident Factor, No Collision Stated (based on Police Blotter Book), 0.0 drivers_injured, 0.0 drivers_killed, 0.0 passengers_injured, 0.0 passengers_killed, 0.0 pedestrian_injured, 0.0 pedestrian_killed, Fair (Day), EDSA before Congressional Ave., Bgy.Bahay Toro Quezon City",MMDA Road Safety Unit,,74442b2f-fa0c-4835-ace3-69652fcd41ae,2013-11-08,03:30:00,EDSA Q-Mart Quezon City,0,0,0,0,0,0,0,0,0,0,2013-11-08 11:30,Property,14.65776988,121.0203598,No Collision Stated
None,EDSA,None,None,"No Accident Factor, No Collision Stated (based on Police Blotter Book), 0.0 drivers_injured, 0.0 drivers_killed, 0.0 passengers_injured, 0.0 passengers_killed, 0.0 pedestrian_injured, 0.0 pedestrian_killed, Fair (Day), EDSA Corregidor St., Bgy.Ramon Magsaysay Quezon City",MMDA Road Safety Unit,,a17c9b44-3f18-41c2-ac2e-955855287803,2013-11-07,02:30:00,EDSA fronting DILG Quezon City,0,0,0,0,0,0,0,0,0,0,2013-11-07 10:30,Property,14.65707679,121.0241648,No Collision Stated
None,EDSA,None,None,"No Accident Factor, Rear-end, 0.0 drivers_injured, 0.0 drivers_killed, 0.0 passengers_injured, 0.0 passengers_killed, 0.0 pedestrian_injured, 0.0 pedestrian_killed, Fair (Night), EDSA North Ave., Pag asa Quezon City",MMDA Road Safety Unit,,614f7219-8495-4a57-a9ee-1e30048e579a,2013-11-05,14:30:00,EDSA Kamias Road Quezon City,0,0,0,0,0,0,0,0,0,0,2013-11-05 22:30,Property,14.65553839,121.0299647,Rear-End
None,EDSA,None,None,"No Accident Factor, No Collision Stated (based on Police Blotter Book), 0.0 drivers_injured, 0.0 drivers_killed, 0.0 passengers_injured, 0.0 passengers_killed, 0.0 pedestrian_injured, 0.0 pedestrian_killed, Fair (Night), EDSA OP / UP Balintawak Quezon City",MMDA Road Safety Unit,,fe44bb07-559f-4acf-9d72-56bd96d1ad0f,2013-11-04,15:30:00,"EDSA before main Ave., Cubao Quezon City",0,0,0,0,0,0,0,0,0,0,2013-11-04 23:30,Property,14.65742949,121.0027781,No Collision Stated
None,EDSA,None,None,"No Accident Factor, No Collision Stated (based on Police Blotter Book), 0.0 drivers_injured, 0.0 drivers_killed, 0.0 passengers_injured, 0.0 passengers_killed, 0.0 pedestrian_injured, 0.0 pedestrian_killed, Fair (Day), EDSA Quezon Ave. uturn slot Quezon City",MMDA Road Safety Unit,,3c9ee7eb-1fca-4378-b5dd-1992e8e00f61,2013-11-04,01:55:00,"EDSA North Ave., Bgy. Bagong Pag-asa Quezon City",0,0,0,0,0,0,0,0,0,0,2013-11-04 9:55,Property,14.64519393,121.03677,No Collision Stated