LOCATION_TEXT,ROAD,WEATHER,LIGHT,DESC,REPORTING_AGENCY,MAIN_CAUSE,INCIDENTDETAILS_ID,DATE_UTC,TIME_UTC,ADDRESS,killed_driver,killed_passenger,killed_pedestrian,injured_driver,injured_passenger,injured_pedestrian,killed_uncategorized,injured_uncategorized,killed_total,injured_total,DATETIME_PST,SEVERITY,Y,X,COLLISION_TYPE
None,EDSA,None,None,"No Accident Factor, Rear-end, 0.0 drivers_injured, 0.0 drivers_killed, 0.0 passengers_injured, 0.0 passengers_killed, 0.0 pedestrian_injured, 0.0 pedestrian_killed, Fair (Day), EDSA  Cloverleaf Road Bgy. Balingasa Quezon City",MMDA Road Safety Unit,,04a3a319-336d-4e82-9ee1-e8e4dbe4baa0,2013-11-03,23:20:00,EDSA before Panay Ave. Quezon City,0,0,0,0,0,0,0,0,0,0,2013-11-04 7:20,Property,14.65731879,120.9994808,Rear-End
None,EDSA,None,None,"No Accident Factor, No Collision Stated (based on Police Blotter Book), 0.0 drivers_injured, 0.0 drivers_killed, 0.0 passengers_injured, 0.0 passengers_killed, 0.0 pedestrian_injured, 0.0 pedestrian_killed, Fair (Day), EDSA Mindanao Ave. Ext., Bgy.Pag asa Quezon City",MMDA Road Safety Unit,,e69662df-c0ea-4ce8-aab2-20533d884c02,2013-11-03,03:30:00,EDSA P. Tuazon Blvd. Quezon City,0,0,0,0,0,0,0,0,0,0,2013-11-03 11:30,Property,14.65052386,121.0335656,No Collision Stated
None,EDSA,None,None,"No Accident Factor, Hit Object (No Object Stated), 0.0 drivers_injured, 0.0 drivers_killed, 0.0 passengers_injured, 0.0 passengers_killed, 0.0 pedestrian_injured, 0.0 pedestrian_killed, Fair (Night), EDSA    Quezon Avenue  Quezon City",MMDA Road Safety Unit,,73df4a0d-911a-4076-aa58-d451fcab0a9e,2013-11-02,18:30:00,EDSA Balintawak Market  Quezon City,0,0,0,0,0,0,0,0,0,0,2013-11-03 2:30,Property,14.64429271,121.0375062,Hit Object
None,EDSA,None,None,"No Accident Factor, No Collision Stated (based on Police Blotter Book), 0.0 drivers_injured, 0.0 drivers_killed, 0.0 passengers_injured, 0.0 passengers_killed, 0.0 pedestrian_injured, 0.0 pedestrian_killed, Fair (Night), EDSA North Ave. Quezon City",MMDA Road Safety Unit,,d6394440-3e4e-4c15-b393-633bddefe4d6,2013-11-02,15:10:00,EDSA after Ortigas Ave. Quezon City,0,0,0,0,0,0,0,0,0,0,2013-11-02 23:10,Property,14.65553839,121.0299647,No Collision Stated
None,EDSA,None,None,"No Accident Factor, No Collision Stated (based on Police Blotter Book), 0.0 drivers_injured, 0.0 drivers_killed, 0.0 passengers_injured, 0.0 passengers_killed, 0.0 pedestrian_injured, 0.0 pedestrian_killed, Fair (Day), EDSA Panay Ave. Quezon City",MMDA Road Safety Unit,,fff35d4f-c03e-460c-93a8-28b4f5261145,2013-11-02,03:20:00,EDSA Kamuning Road Quezon City,0,0,0,0,0,0,0,0,0,0,2013-11-02 11:20,Property,14.64294686,121.0381076,No Collision Stated
None,EDSA,None,None,"No Accident Factor, Hit Object (Barrier-Concrete), 0.0 drivers_injured, 0.0 drivers_killed, 1.0 passengers_injured, 0.0 passengers_killed, 0.0 pedestrian_injured, 0.0 pedestrian_killed, Fair (Night), EDSA  Baliwag  Quezon City",MMDA Road Safety Unit,,5c2343e5-f6af-47e2-a6b2-3fe76e4839bb,2013-11-01,16:15:00,EDSA Timog Ave. Quezon City,0,0,0,0,1,0,0,0,0,1,2013-11-02 0:15,Injury,14.62443941,121.0489428,Hit Object
None,EDSA,None,None,"No Accident Factor, No Collision Stated (based on Police Blotter Book), 0.0 drivers_injured, 0.0 drivers_killed, 0.0 passengers_injured, 0.0 passengers_killed, 0.0 pedestrian_injured, 0.0 pedestrian_killed, Fair (Day), EDSA fronting Trinoma uturn slot Quezon City",MMDA Road Safety Unit,,202e63c0-c582-41dc-b9a5-6f846fc2c784,2013-11-01,05:40:00,"EDSA Kamias Road, Bgy. West Kamias Quezon City",0,0,0,0,0,0,0,0,0,0,2013-11-01 13:40,Property,14.65249719,121.0322415,No Collision Stated
None,EDSA,None,None,"Human Error, Rear-end, 1.0 drivers_injured, 0.0 drivers_killed, 1.0 passengers_injured, 0.0 passengers_killed, 0.0 pedestrian_injured, 0.0 pedestrian_killed, Fair (Day), EDSA  Santolan  Quezon City",MMDA Road Safety Unit,,cbb5dea0-24fd-4c18-8dbc-b8cd03f14699,2013-10-31,22:00:00,EDSA E. Lopez Drive Quezon City,0,0,0,1,1,0,0,0,0,2,2013-11-01 6:00,Injury,14.61089328,121.0549788,Rear-End
None,EDSA,None,None,"No Accident Factor, No Collision Stated (based on Police Blotter Book), 0.0 drivers_injured, 0.0 drivers_killed, 0.0 passengers_injured, 0.0 passengers_killed, 0.0 pedestrian_injured, 0.0 pedestrian_killed, Fair (Night), EDSA  Monte de Piedad St.  Quezon City",MMDA Road Safety Unit,,77ec210c-3110-4900-9b20-f1ff684f4299,2013-10-31,11:00:00,EDSA Kamuning Road Quezon City,0,0,0,0,0,0,0,0,0,0,2013-10-31 19:00,Property,14.62344168,121.049148,No Collision Stated
None,EDSA,None,None,"No Accident Factor, No Collision Stated (based on Police Blotter Book), 0.0 drivers_injured, 0.0 drivers_killed, 0.0 passengers_injured, 0.0 passengers_killed, 0.0 pedestrian_injured, 0.0 pedestrian_killed, Fair (Day), EDSA fronting SM North Water Falls Bgy.Ramon Magsaysay Quezon City",MMDA Road Safety Unit,,7da9bc60-12dc-4ffc-a976-a14ee81cf6f3,2013-10-30,22:35:00,"EDSA after P. Tuazon Blvd., Cubao Quezon City",0,0,0,0,0,0,0,0,0,0,2013-10-31 6:35,Property,14.65591384,121.0291263,No Collision Stated
None,EDSA,None,None,"No Accident Factor, Side Swipe, 0.0 drivers_injured, 0.0 drivers_killed, 0.0 passengers_injured, 0.0 passengers_killed, 0.0 pedestrian_injured, 0.0 pedestrian_killed, Fair (Night), EDSA fronting ETON Centris station Bgy.Central Quezon City",MMDA Road Safety Unit,,1bf9c989-3665-4420-949d-9198e94df31d,2013-10-30,17:30:00,EDSA after West Ave. Quezon City,0,0,0,0,0,0,0,0,0,0,2013-10-31 1:30,Property,14.64319337,121.0382773,Side Swipe
None,EDSA,None,None,"No Accident Factor, No Collision Stated (based on Police Blotter Book), 0.0 drivers_injured, 0.0 drivers_killed, 0.0 passengers_injured, 0.0 passengers_killed, 0.0 pedestrian_injured, 0.0 pedestrian_killed, Fair (Day), EDSA fronting Waltermart Bgy.San Antonio Quezon City",MMDA Road Safety Unit,,ca622dbe-d956-4331-9d25-030f011bafe5,2013-10-30,07:00:00,EDSA Sct. Borromeo St. Quezon City,0,0,0,0,0,0,0,0,0,0,2013-10-30 15:00,Property,14.65755908,121.0204569,No Collision Stated
None,EDSA,None,None,"No Accident Factor, No Collision Stated (based on Police Blotter Book), 0.0 drivers_injured, 0.0 drivers_killed, 0.0 passengers_injured, 0.0 passengers_killed, 0.0 pedestrian_injured, 0.0 pedestrian_killed, Fair (Day), EDSA  GOSOC Quezon City",MMDA Road Safety Unit,,1547654a-5f36-495c-9c11-93e9d0b2d7cb,2013-10-30,00:50:00,EDSA Main Ave. Quezon City,0,0,0,0,0,0,0,0,0,0,2013-10-30 8:50,Property,14.65775506,121.0148635,No Collision Stated
None,EDSA,None,None,"No Accident Factor, Side Swipe, 0.0 drivers_injured, 0.0 drivers_killed, 0.0 passengers_injured, 0.0 passengers_killed, 0.0 pedestrian_injured, 0.0 pedestrian_killed, Fair (Day), EDSA  New York St.  Quezon City",MMDA Road Safety Unit,,db07a228-fe9b-498a-a48c-34dc9594000c,2013-10-29,23:30:00,EDSA Cloverleaf Balintawak Quezon City,0,0,0,0,0,0,0,0,0,0,2013-10-30 7:30,Property,14.62561337,121.0482252,Side Swipe
None,EDSA,None,None,"No Accident Factor, No Collision Stated (based on Police Blotter Book), 0.0 drivers_injured, 0.0 drivers_killed, 0.0 passengers_injured, 0.0 passengers_killed, 0.0 pedestrian_injured, 0.0 pedestrian_killed, Fair (Night), EDSA West Ave. Quezon City",MMDA Road Safety Unit,,7e26d109-2978-418a-9e41-dcfeb5962a51,2013-10-29,12:20:00,EDSA before Sct. Borromeo St. Quezon City,0,0,0,0,0,0,0,0,0,0,2013-10-29 20:20,Property,14.65548924,121.0298079,No Collision Stated
None,EDSA,None,None,"No Accident Factor, No Collision Stated (based on Police Blotter Book), 0.0 drivers_injured, 0.0 drivers_killed, 0.0 passengers_injured, 0.0 passengers_killed, 0.0 pedestrian_injured, 0.0 pedestrian_killed, Fair (Night), EDSA  Bulacan Street  Quezon City",MMDA Road Safety Unit,,f66e85dd-43a4-4ed9-8019-d9df777bf5cd,2013-10-29,12:00:00,"EDSA fronting Baliwag Transit Bus Terminal, Bgy. E. Rodriguez Quezon City",0,0,0,0,0,0,0,0,0,0,2013-10-29 20:00,Property,14.65568223,121.0292157,No Collision Stated
None,EDSA,None,None,"No Accident Factor, No Collision Stated (based on Police Blotter Book), 0.0 drivers_injured, 0.0 drivers_killed, 0.0 passengers_injured, 0.0 passengers_killed, 0.0 pedestrian_injured, 0.0 pedestrian_killed, Fair (Day), EDSA West Ave., Bgy.Philam Quezon City",MMDA Road Safety Unit,,4e54f1a7-d4b1-4b56-975a-c72730623d4d,2013-10-29,01:20:00,EDSA fronting GMA 7 Network Drive Quezon City,0,0,0,0,0,0,0,0,0,0,2013-10-29 9:20,Property,14.65548924,121.0298079,No Collision Stated
None,EDSA,None,None,"No Accident Factor, No Collision Stated (based on Police Blotter Book), 0.0 drivers_injured, 0.0 drivers_killed, 0.0 passengers_injured, 0.0 passengers_killed, 0.0 pedestrian_injured, 0.0 pedestrian_killed, Fair (Day), EDSA  Cloverleaf Brgy. Balingasa  Quezon City",MMDA Road Safety Unit,,7148e0b1-1f5a-42c0-8ca6-b6b868d560d4,2013-10-28,23:30:00,EDSA fronting Q-Mart Quezon City,0,0,0,0,0,0,0,0,0,0,2013-10-29 7:30,Property,14.65731879,120.9994808,No Collision Stated
None,EDSA,None,None,"No Accident Factor, Side Swipe, 0.0 drivers_injured, 0.0 drivers_killed, 0.0 passengers_injured, 0.0 passengers_killed, 0.0 pedestrian_injured, 0.0 pedestrian_killed, Fair (Night), EDSA Quezon Ave., Bgy.Bagong Pag asa Quezon City",MMDA Road Safety Unit,,5218102d-f774-49b4-938b-cfff7d35937f,2013-10-28,10:30:00,EDSA Timog Ave. Quezon City,0,0,0,0,0,0,0,0,0,0,2013-10-28 18:30,Property,14.6442444,121.0375839,Side Swipe
None,EDSA,None,None,"No Accident Factor, No Collision Stated (based on Police Blotter Book), 0.0 drivers_injured, 0.0 drivers_killed, 0.0 passengers_injured, 0.0 passengers_killed, 0.0 pedestrian_injured, 0.0 pedestrian_killed, Fair (Night), EDSA  LRT SB Quezon City",MMDA Road Safety Unit,,28cdd09e-2d82-4317-864f-a11c5d0d69ef,2013-10-26,13:30:00,EDSA P. Tuazon Blvd. Quezon City,0,0,0,0,0,0,0,0,0,0,2013-10-26 21:30,Property,14.65750877,121.0041993,No Collision Stated
None,EDSA,None,None,"No Accident Factor, No Collision Stated (based on Police Blotter Book), 0.0 drivers_injured, 0.0 drivers_killed, 0.0 passengers_injured, 0.0 passengers_killed, 0.0 pedestrian_injured, 0.0 pedestrian_killed, Fair (Night), EDSA fronting Waltermart Quezon City",MMDA Road Safety Unit,,205c9a99-0dbf-4958-a30e-10ea8637d2e3,2013-10-26,10:30:00,EDSA P. Tuazon Blvd. Quezon City,0,0,0,0,0,0,0,0,0,0,2013-10-26 18:30,Property,14.65755908,121.0204569,No Collision Stated
None,EDSA,None,None,"No Accident Factor, Side Swipe, 0.0 drivers_injured, 0.0 drivers_killed, 0.0 passengers_injured, 0.0 passengers_killed, 0.0 pedestrian_injured, 0.0 pedestrian_killed, Fair (Night), EDSA  Timog Ave. Quezon City",MMDA Road Safety Unit,,84659f94-562f-4f41-8a73-f09382c1a77e,2013-10-26,10:00:00,"EDSA Main Ave., Bgy. Socorro Quezon City",0,0,0,0,0,0,0,0,0,0,2013-10-26 18:00,Property,14.6326156,121.0449222,Side Swipe
None,EDSA,None,None,"No Accident Factor, No Collision Stated (based on Police Blotter Book), 0.0 drivers_injured, 0.0 drivers_killed, 0.0 passengers_injured, 0.0 passengers_killed, 0.0 pedestrian_injured, 0.0 pedestrian_killed, Fair (Day), EDSA North Ave., Bgy.Pag asa Quezon City",MMDA Road Safety Unit,,2fb347bf-6a20-4d4e-ae70-26c6487ec544,2013-10-26,03:30:00,"EDSA fronting Trinoma, Bgy. Pag-Asa Quezon City",0,0,0,0,0,0,0,0,0,0,2013-10-26 11:30,Property,14.65553839,121.0299647,No Collision Stated
None,EDSA,None,None,"No Accident Factor, No Collision Stated (based on Police Blotter Book), 0.0 drivers_injured, 0.0 drivers_killed, 0.0 passengers_injured, 0.0 passengers_killed, 0.0 pedestrian_injured, 0.0 pedestrian_killed, Fair (Night), EDSA Quezon Ave. Quezon City",MMDA Road Safety Unit,,d4848bb2-f4bf-4734-ae90-ce4fd452090e,2013-10-25,11:40:00,EDSA North Ave. Bgy.Bagong Pag asa Quezon City,0,0,0,0,0,0,0,0,0,0,2013-10-25 19:40,Property,14.6442444,121.0375839,No Collision Stated
None,EDSA,None,None,"No Accident Factor, No Collision Stated (based on Police Blotter Book), 0.0 drivers_injured, 0.0 drivers_killed, 0.0 passengers_injured, 0.0 passengers_killed, 0.0 pedestrian_injured, 0.0 pedestrian_killed, Fair (Day), EDSA Congressional Ave. Quezon City",MMDA Road Safety Unit,,78e10ffb-4641-4326-818a-328ca123b088,2013-10-24,22:30:00,EDSA Panay Ave. Quezon City,0,0,0,0,0,0,0,0,0,0,2013-10-25 6:30,Property,14.6571804,120.9927185,No Collision Stated
None,EDSA,None,None,"No Accident Factor, No Collision Stated (based on Police Blotter Book), 0.0 drivers_injured, 0.0 drivers_killed, 0.0 passengers_injured, 0.0 passengers_killed, 0.0 pedestrian_injured, 0.0 pedestrian_killed, Fair (Night), EDSA Corregidor St., Bgy.Ramon Magsaysay Quezon City",MMDA Road Safety Unit,,d1fd2386-91ef-48cd-8aeb-712bcda93297,2013-10-24,10:00:00,EDSA fronting Corinthian Garden Quezon City,0,0,0,0,0,0,0,0,0,0,2013-10-24 18:00,Property,14.65707679,121.0241648,No Collision Stated
None,EDSA,None,None,"No Accident Factor, Side Swipe, 0.0 drivers_injured, 0.0 drivers_killed, 0.0 passengers_injured, 0.0 passengers_killed, 0.0 pedestrian_injured, 0.0 pedestrian_killed, Fair (Day), EDSA P. Tuazon Blvd.  Quezon City",MMDA Road Safety Unit,,0ed7b052-20ec-45e8-a9ba-6c6cf1a1fd30,2013-10-24,03:20:00,EDSA Ortigas Ave. Quezon City,0,0,0,0,0,0,0,0,0,0,2013-10-24 11:20,Property,14.61656342,121.0525225,Side Swipe
None,EDSA,None,None,"No Accident Factor, Rear-end, 0.0 drivers_injured, 0.0 drivers_killed, 0.0 passengers_injured, 0.0 passengers_killed, 0.0 pedestrian_injured, 0.0 pedestrian_killed, Fair (Day), EDSA  Main Ave. Quezon City",MMDA Road Safety Unit,,069745d9-29ed-4216-afca-92529e823647,2013-10-24,01:30:00,EDSA fronting Ramon Magsaysay High School Quezon City,0,0,0,0,0,0,0,0,0,0,2013-10-24 9:30,Property,14.61366838,121.0537266,Rear-End
None,EDSA,None,None,"No Accident Factor, No Collision Stated (based on Police Blotter Book), 0.0 drivers_injured, 0.0 drivers_killed, 0.0 passengers_injured, 0.0 passengers_killed, 0.0 pedestrian_injured, 0.0 pedestrian_killed, Fair (Day), EDSA Corregidor St., Bgy.Ramon Magsaysay Quezon City",MMDA Road Safety Unit,,7de5ee2d-01ad-4e06-b399-465bea6be5c8,2013-10-23,22:00:00,"EDSA fronting Robinson's Galleria, Bgy. Ugong Norte Quezon City",0,0,0,0,0,0,0,0,0,0,2013-10-24 6:00,Property,14.65707679,121.0241648,No Collision Stated
None,EDSA,None,None,"No Accident Factor, No Collision Stated (based on Police Blotter Book), 0.0 drivers_injured, 0.0 drivers_killed, 0.0 passengers_injured, 0.0 passengers_killed, 0.0 pedestrian_injured, 0.0 pedestrian_killed, Fair (Night), EDSA North Ave., Bgy.Pag asa Quezon City",MMDA Road Safety Unit,,bc3524cc-df04-461c-9d93-6dee89c462dc,2013-10-23,19:40:00,"EDSA Aurora Blvd., Bgy. E. Rodriguez Quezon City",0,0,0,0,0,0,0,0,0,0,2013-10-24 3:40,Property,14.65553839,121.0299647,No Collision Stated
None,EDSA,None,None,"No Accident Factor, Rear-end, 0.0 drivers_injured, 0.0 drivers_killed, 0.0 passengers_injured, 0.0 passengers_killed, 0.0 pedestrian_injured, 0.0 pedestrian_killed, Fair (Day), EDSA North Ave. Quezon City",MMDA Road Safety Unit,,8014be52-49f6-472e-90ff-615e07bc869c,2013-10-23,05:45:00,EDSA EDSA / East Ave. Quezon City,0,0,0,0,0,0,0,0,0,0,2013-10-23 13:45,Property,14.65553839,121.0299647,Rear-End
None,EDSA,None,None,"No Accident Factor, Hit and Run (No Collision Stated), 0.0 drivers_injured, 0.0 drivers_killed, 0.0 passengers_injured, 0.0 passengers_killed, 0.0 pedestrian_injured, 0.0 pedestrian_killed, Fair (Day), EDSA  Kamuning MRT Station Quezon City",MMDA Road Safety Unit,,edfea79e-c96a-43b8-98ae-ff8b236d84af,2013-10-22,07:15:00,"EDSA at ""U"" turn slot, fronting GOSOC Quezon City",0,0,0,0,0,0,0,0,0,0,2013-10-22 15:15,Property,14.63537713,121.0435283,No Collision Stated
None,EDSA,None,None,"No Accident Factor, Rear-end, 0.0 drivers_injured, 0.0 drivers_killed, 0.0 passengers_injured, 0.0 passengers_killed, 0.0 pedestrian_injured, 0.0 pedestrian_killed, Fair (Day), EDSA  Monte de Piedad St.  Quezon City",MMDA Road Safety Unit,,da6cfd99-88f4-44be-bec3-b68f47eed54a,2013-10-22,04:00:00,"EDSA P. Tuazon Blvd., Bgy. Socorro Quezon City",0,0,0,0,0,0,0,0,0,0,2013-10-22 12:00,Property,14.62344168,121.049148,Rear-End
None,EDSA,None,None,"No Accident Factor, No Collision Stated (based on Police Blotter Book), 0.0 drivers_injured, 0.0 drivers_killed, 0.0 passengers_injured, 0.0 passengers_killed, 0.0 pedestrian_injured, 0.0 pedestrian_killed, Fair (Night), EDSA fronting SM North Ave. Quezon City",MMDA Road Safety Unit,,0c0d93ec-d4ee-47df-81b7-b2feb868b8cc,2013-10-21,12:30:00,EDSA EDSA / New York St.  Quezon City,0,0,0,0,0,0,0,0,0,0,2013-10-21 20:30,Property,14.65591384,121.0291263,No Collision Stated
None,EDSA,None,None,"No Accident Factor, No Collision Stated (based on Police Blotter Book), 0.0 drivers_injured, 0.0 drivers_killed, 0.0 passengers_injured, 0.0 passengers_killed, 0.0 pedestrian_injured, 0.0 pedestrian_killed, Fair (Day), EDSA Corregidor St., Bgy.Ramon Magsaysay Quezon City",MMDA Road Safety Unit,,1e4032f3-5223-4b35-a848-7c94fa206322,2013-10-21,05:20:00,EDSA EDSA / Kamuning Road  Quezon City,0,0,0,0,0,0,0,0,0,0,2013-10-21 13:20,Property,14.65707679,121.0241648,No Collision Stated
None,EDSA,None,None,"No Accident Factor, No Collision Stated (based on Police Blotter Book), 0.0 drivers_injured, 0.0 drivers_killed, 0.0 passengers_injured, 0.0 passengers_killed, 0.0 pedestrian_injured, 0.0 pedestrian_killed, Fair (Day), EDSA Misamis St., Bgy.Sto.Cristo Quezon City",MMDA Road Safety Unit,,c5198a1d-8f15-4510-b65e-bb974d9771a6,2013-10-21,03:00:00,EDSA fronting Nissan Corporation Quezon City,0,0,0,0,0,0,0,0,0,0,2013-10-21 11:00,Property,14.65602348,121.0285212,No Collision Stated
None,EDSA,None,None,"No Accident Factor, No Collision Stated (based on Police Blotter Book), 0.0 drivers_injured, 0.0 drivers_killed, 0.0 passengers_injured, 0.0 passengers_killed, 0.0 pedestrian_injured, 0.0 pedestrian_killed, Fair (Night), EDSA Mindanao Ave. Ext., Bgy.Pag asa Quezon City",MMDA Road Safety Unit,,d31fd75f-08d8-44ae-916a-a712662f58d4,2013-10-20,12:15:00,EDSA before Quezon Ave. Quezon City,0,0,0,0,0,0,0,0,0,0,2013-10-20 20:15,Property,14.65052386,121.0335656,No Collision Stated
None,EDSA,None,None,"No Accident Factor, Side Swipe, 0.0 drivers_injured, 0.0 drivers_killed, 0.0 passengers_injured, 0.0 passengers_killed, 0.0 pedestrian_injured, 0.0 pedestrian_killed, Fair (Day), EDSA  Kamias Road Quezon City",MMDA Road Safety Unit,,03b0f8dc-2cbb-4f41-b27a-bb09a4e64ab2,2013-10-20,06:00:00,EDSA EDSA / Quezon Ave. U- Turn Slot  Quezon City,0,0,0,0,0,0,0,0,0,0,2013-10-20 14:00,Property,14.63094996,121.045925,Side Swipe
None,EDSA,None,None,"No Accident Factor, No Collision Stated (based on Police Blotter Book), 0.0 drivers_injured, 0.0 drivers_killed, 0.0 passengers_injured, 0.0 passengers_killed, 0.0 pedestrian_injured, 0.0 pedestrian_killed, Fair (Night), EDSA Mindanao Ave. Extn., Bgy.Bagong Pag asa Quezon City",MMDA Road Safety Unit,,40a297d1-9aeb-4f50-9243-fa714dc83701,2013-10-19,10:00:00,EDSA West Ave. Quezon City,0,0,0,0,0,0,0,0,0,0,2013-10-19 18:00,Property,14.65052386,121.0335656,No Collision Stated
None,EDSA,None,None,"No Accident Factor, No Collision Stated (based on Police Blotter Book), 0.0 drivers_injured, 0.0 drivers_killed, 0.0 passengers_injured, 0.0 passengers_killed, 0.0 pedestrian_injured, 0.0 pedestrian_killed, Fair (Day), EDSA Kaingin St., fronting Footbridge(SB) Quezon City",MMDA Road Safety Unit,,54eb42ea-5c93-47e5-b509-33853c89d3f3,2013-10-19,06:30:00,EDSA EDSA / Aurora Blvd.  Quezon City,0,0,0,0,0,0,0,0,0,0,2013-10-19 14:30,Property,14.65746493,121.0109963,No Collision Stated
None,EDSA,None,None,"No Accident Factor, No Collision Stated (based on Police Blotter Book), 0.0 drivers_injured, 0.0 drivers_killed, 0.0 passengers_injured, 0.0 passengers_killed, 0.0 pedestrian_injured, 0.0 pedestrian_killed, Fair (Day), EDSA West Ave. Quezon City",MMDA Road Safety Unit,,398307d2-a1ae-410b-b88f-9f2ca9a8c709,2013-10-19,04:00:00,EDSA South Ave. / Timog Ave. Quezon City,0,0,0,0,0,0,0,0,0,0,2013-10-19 12:00,Property,14.65548924,121.0298079,No Collision Stated
None,EDSA,None,None,"No Accident Factor, No Collision Stated (based on Police Blotter Book), 0.0 drivers_injured, 0.0 drivers_killed, 2.0 passengers_injured, 0.0 passengers_killed, 0.0 pedestrian_injured, 0.0 pedestrian_killed, Fair (Night), EDSA fronting ETON Centris Bgy.Central Quezon City",MMDA Road Safety Unit,,197f22bf-f67c-4857-b1c5-18af71fea5b0,2013-10-18,20:30:00,EDSA Main Ave. Quezon City,0,0,0,0,2,0,0,0,0,2,2013-10-19 4:30,Injury,14.64319337,121.0382773,No Collision Stated
None,EDSA,None,None,"No Accident Factor, No Collision Stated (based on Police Blotter Book), 0.0 drivers_injured, 0.0 drivers_killed, 0.0 passengers_injured, 0.0 passengers_killed, 0.0 pedestrian_injured, 0.0 pedestrian_killed, Fair (Night), EDSA (NB0 Congressional Ave., Bgy.Ramon Magsaysay Quezon City",MMDA Road Safety Unit,,1415f71a-c7b4-4dd3-98de-92b898ab5857,2013-10-18,15:30:00,EDSA Roosevelt Ave. Quezon City,0,0,0,0,0,0,0,0,0,0,2013-10-18 23:30,Property,14.65779427,121.019691,No Collision Stated
None,EDSA,None,None,"No Accident Factor, No Collision Stated (based on Police Blotter Book), 0.0 drivers_injured, 0.0 drivers_killed, 0.0 passengers_injured, 0.0 passengers_killed, 0.0 pedestrian_injured, 0.0 pedestrian_killed, Fair (Night), EDSA before Congressional Ave. Quezon City",MMDA Road Safety Unit,,ceab2621-6205-489b-8eb2-66f8e9c84498,2013-10-17,13:50:00,EDSA before North Ave. Quezon City,0,0,0,0,0,0,0,0,0,0,2013-10-17 21:50,Property,14.65776988,121.0203598,No Collision Stated
None,EDSA,None,None,"No Accident Factor, Side Swipe, 0.0 drivers_injured, 0.0 drivers_killed, 0.0 passengers_injured, 0.0 passengers_killed, 0.0 pedestrian_injured, 0.0 pedestrian_killed, Fair (Night), EDSA Roosevelt Ave., Bgy.Veterans Quezon City",MMDA Road Safety Unit,,979db876-b54b-4d25-a247-f697097e41f0,2013-10-16,10:30:00,"EDSA Aurora Blvd. ""U"" turn slot, Bgy. E. Rodriguez Quezon City",0,0,0,0,0,0,0,0,0,0,2013-10-16 18:30,Property,14.65762047,121.0196373,Side Swipe
None,EDSA,None,None,"No Accident Factor, No Collision Stated (based on Police Blotter Book), 0.0 drivers_injured, 0.0 drivers_killed, 0.0 passengers_injured, 0.0 passengers_killed, 0.0 pedestrian_injured, 0.0 pedestrian_killed, Fair (Day), EDSA Bansalangin St., Project 7 Quezon City",MMDA Road Safety Unit,,5362e245-4a91-4c9d-ae1f-892df4badcba,2013-10-16,09:45:00,EDSA Monte De Piedad St.  Quezon City,0,0,0,0,0,0,0,0,0,0,2013-10-16 17:45,Property,14.6567996,121.0241845,No Collision Stated
None,EDSA,None,None,"No Accident Factor, Rear-end, 0.0 drivers_injured, 0.0 drivers_killed, 0.0 passengers_injured, 0.0 passengers_killed, 0.0 pedestrian_injured, 0.0 pedestrian_killed, Fair (Day), EDSA Paramount West Ave., Bgy.West Triangle Quezon City",MMDA Road Safety Unit,,f5f4d9d5-b3de-492e-9714-e0388dceb68a,2013-10-15,06:00:00,EDSA Mindanao Ave. Extn. Quezon City,0,0,0,0,0,0,0,0,0,0,2013-10-15 14:00,Property,14.6555967,121.0297922,Rear-End
None,EDSA,None,None,"No Accident Factor, No Collision Stated (based on Police Blotter Book), 0.0 drivers_injured, 0.0 drivers_killed, 0.0 passengers_injured, 0.0 passengers_killed, 0.0 pedestrian_injured, 0.0 pedestrian_killed, Fair (Night), EDSA  West Ave. Quezon City",MMDA Road Safety Unit,,6636ac6b-e4b4-4f06-a4a8-35d4d1b15990,2013-10-14,14:30:00,EDSA before Alley 1 Bgy.Ramon Magsaysay Quezon City,0,0,0,0,0,0,0,0,0,0,2013-10-14 22:30,Property,14.65563162,121.0296814,No Collision Stated
None,EDSA,None,None,"No Accident Factor, Side Swipe, 0.0 drivers_injured, 0.0 drivers_killed, 0.0 passengers_injured, 0.0 passengers_killed, 0.0 pedestrian_injured, 0.0 pedestrian_killed, Fair (Day), EDSA Monte de Piedad St. Quezon City",MMDA Road Safety Unit,,6f415e1b-16a8-4740-acba-f6e0ef8c547c,2013-10-14,02:30:00,"EDSA Ortigas Ave., Bgy. Ugong Norte Quezon City",0,0,0,0,0,0,0,0,0,0,2013-10-14 10:30,Property,14.62346937,121.0491711,Side Swipe