LOCATION_TEXT,ROAD,WEATHER,LIGHT,DESC,REPORTING_AGENCY,MAIN_CAUSE,INCIDENTDETAILS_ID,DATE_UTC,TIME_UTC,ADDRESS,killed_driver,killed_passenger,killed_pedestrian,injured_driver,injured_passenger,injured_pedestrian,killed_uncategorized,injured_uncategorized,killed_total,injured_total,DATETIME_PST,SEVERITY,Y,X,COLLISION_TYPE
None,EDSA,None,None,"No Accident Factor, Rear-end, 0.0 drivers_injured, 0.0 drivers_killed, 0.0 passengers_injured, 0.0 passengers_killed, 0.0 pedestrian_injured, 0.0 pedestrian_killed, Fair (Day), EDSA before Banahaw St. Quezon City",MMDA Road Safety Unit,,40ee14fd-2b15-45a5-851f-be3265678af9,2013-10-14,02:30:00,EDSA EDSA between Timog Ave. and Kamuning Road Quezon City,0,0,0,0,0,0,0,0,0,0,2013-10-14 10:30,Property,14.61817801,121.0514548,Rear-End
None,EDSA,None,None,"No Accident Factor, No Collision Stated (based on Police Blotter Book), 0.0 drivers_injured, 0.0 drivers_killed, 0.0 passengers_injured, 0.0 passengers_killed, 0.0 pedestrian_injured, 0.0 pedestrian_killed, Fair (Day), EDSA Ermin Garcia St. Quezon City",MMDA Road Safety Unit,,be1576f6-4b65-40d7-a1a4-cb1359870d92,2013-10-14,00:35:00,"EDSA fronting Farmer's Plaza, Arayat St., Bgy. Socorro Quezon City",0,0,0,0,0,0,0,0,0,0,2013-10-14 8:35,Property,14.62758814,121.047487,No Collision Stated
None,EDSA,None,None,"No Accident Factor, Side Swipe, 0.0 drivers_injured, 0.0 drivers_killed, 0.0 passengers_injured, 0.0 passengers_killed, 0.0 pedestrian_injured, 0.0 pedestrian_killed, Fair (Day), EDSA Timog Ave. Quezon City",MMDA Road Safety Unit,,e676ea33-ee56-4f42-aa15-33eb7c77778b,2013-10-12,03:30:00,EDSA before Kaingin Road Bgy.A.Samson Quezon City,0,0,0,0,0,0,0,0,0,0,2013-10-12 11:30,Property,14.63293559,121.0446304,Side Swipe
None,EDSA,None,None,"No Accident Factor, No Collision Stated (based on Police Blotter Book), 0.0 drivers_injured, 0.0 drivers_killed, 0.0 passengers_injured, 0.0 passengers_killed, 0.0 pedestrian_injured, 0.0 pedestrian_killed, Fair (Night), EDSA  North Ave.  Quezon City",MMDA Road Safety Unit,,002689d5-cea0-4aa4-b250-9f870835cdd9,2013-10-11,15:30:00,EDSA fronting Waltermart Quezon City,0,0,0,0,0,0,0,0,0,0,2013-10-11 23:30,Property,14.65576348,121.0297232,No Collision Stated
None,EDSA,None,None,"No Accident Factor, No Collision Stated (based on Police Blotter Book), 0.0 drivers_injured, 0.0 drivers_killed, 0.0 passengers_injured, 0.0 passengers_killed, 0.0 pedestrian_injured, 0.0 pedestrian_killed, Fair (Night), EDSA SM Annex Quezon City",MMDA Road Safety Unit,,150823fa-13ff-4b89-b423-b0e6c6b9480b,2013-10-11,12:30:00,EDSA Congressional Ave. Bgy.Ramon Magsaysay Quezon City,0,0,0,0,0,0,0,0,0,0,2013-10-11 20:30,Property,14.65628012,121.0272074,No Collision Stated
None,EDSA,None,None,"No Accident Factor, Side Swipe, 0.0 drivers_injured, 0.0 drivers_killed, 0.0 passengers_injured, 0.0 passengers_killed, 0.0 pedestrian_injured, 0.0 pedestrian_killed, Fair (Night), EDSA fronting Super Lines Quezon City",MMDA Road Safety Unit,,e3ee5fe4-30a5-418a-ae30-e67984f95438,2013-10-11,12:30:00,EDSA EDSA / Kamuning Road  Quezon City,0,0,0,0,0,0,0,0,0,0,2013-10-11 20:30,Property,14.624946,121.0484779,Side Swipe
None,EDSA,None,None,"No Accident Factor, Side Swipe, 0.0 drivers_injured, 0.0 drivers_killed, 0.0 passengers_injured, 0.0 passengers_killed, 0.0 pedestrian_injured, 0.0 pedestrian_killed, Fair (Day), EDSA before GMA 7 MRT station Quezon City",MMDA Road Safety Unit,,831def13-274a-4078-8678-9f58eaeff4f2,2013-10-11,00:10:00,EDSA North Ave. Bgy.Pag asa Quezon City,0,0,0,0,0,0,0,0,0,0,2013-10-11 8:10,Property,14.63501716,121.0433719,Side Swipe
None,EDSA,None,None,"No Accident Factor, Rear-end, 0.0 drivers_injured, 0.0 drivers_killed, 0.0 passengers_injured, 0.0 passengers_killed, 0.0 pedestrian_injured, 0.0 pedestrian_killed, Fair (Day), EDSA fronting Camp Aguinaldo Bgy.Socorro Quezon City",MMDA Road Safety Unit,,94c15f33-7107-4dd7-a6ad-ec04705146a2,2013-10-10,23:20:00,EDSA Misamis St. Bgy.Bagong Pag asa Quezon City,0,0,0,0,0,0,0,0,0,0,2013-10-11 7:20,Property,14.6074566,121.0567511,Rear-End
None,EDSA,None,None,"No Accident Factor, Side Swipe, 0.0 drivers_injured, 0.0 drivers_killed, 0.0 passengers_injured, 0.0 passengers_killed, 0.0 pedestrian_injured, 0.0 pedestrian_killed, Fair (Day), EDSA before B. Serrano Ave., Bgy.Socorro Quezon City",MMDA Road Safety Unit,,5a233a2c-4551-46da-a494-f5c0c798bbfd,2013-10-10,23:20:00,"EDSA fronting Gate 3 of Camp Aguinaldo, Bgy. Socorro Quezon City",0,0,0,0,0,0,0,0,0,0,2013-10-11 7:20,Property,14.6109978,121.0548968,Side Swipe
None,EDSA,None,None,"No Accident Factor, No Collision Stated (based on Police Blotter Book), 1.0 drivers_injured, 0.0 drivers_killed, 1.0 passengers_injured, 0.0 passengers_killed, 0.0 pedestrian_injured, 0.0 pedestrian_killed, Fair (Day), EDSA  Oliveros St., Bgy. A. Samson Quezon City",MMDA Road Safety Unit,,9b814e02-2389-4303-ab0c-716e7f708e8f,2013-10-10,22:45:00,EDSA Trinoma Quezon City,0,0,0,1,1,0,0,0,0,2,2013-10-11 6:45,Injury,14.65762243,121.0107653,No Collision Stated
None,EDSA,None,None,"No Accident Factor, Rear-end, 0.0 drivers_injured, 0.0 drivers_killed, 0.0 passengers_injured, 0.0 passengers_killed, 0.0 pedestrian_injured, 0.0 pedestrian_killed, Fair (Night), EDSA Kamuning Road Quezon City",MMDA Road Safety Unit,,0ab5085b-8d1b-42ae-8b10-efbecc0d7266,2013-10-10,19:00:00,"EDSA Crossing, Mandaluyong Quezon City",0,0,0,0,0,0,0,0,0,0,2013-10-11 3:00,Property,14.63075725,121.0457548,Rear-End
None,EDSA,None,None,"No Accident Factor, Hit and Run (No Collision Stated), 0.0 drivers_injured, 0.0 drivers_killed, 0.0 passengers_injured, 0.0 passengers_killed, 0.0 pedestrian_injured, 0.0 pedestrian_killed, Fair (Night), EDSA Cloverleaf Road Bgy.Balingasa Quezon City",MMDA Road Safety Unit,,072e0b38-9d54-4023-97f8-b2f15d510b7c,2013-10-10,11:30:00,EDSA EDSA before New York St.  Quezon City,0,0,0,0,0,0,0,0,0,0,2013-10-10 19:30,Property,14.65747901,121.0011914,No Collision Stated
None,EDSA,None,None,"No Accident Factor, Side Swipe, 0.0 drivers_injured, 0.0 drivers_killed, 0.0 passengers_injured, 0.0 passengers_killed, 0.0 pedestrian_injured, 0.0 pedestrian_killed, Fair (Night), EDSA White Plains Ave. (NB) Quezon City",MMDA Road Safety Unit,,8c806153-de09-4b2a-ac46-b90c990e0b8b,2013-10-10,11:00:00,"EDSA fronting Camp Aguinaldo, Bgy. Socorro Quezon City",0,0,0,0,0,0,0,0,0,0,2013-10-10 19:00,Property,14.59961782,121.0596522,Side Swipe
None,EDSA,None,None,"No Accident Factor, No Collision Stated (based on Police Blotter Book), 0.0 drivers_injured, 0.0 drivers_killed, 0.0 passengers_injured, 0.0 passengers_killed, 0.0 pedestrian_injured, 0.0 pedestrian_killed, Fair (Day), EDSA before Ermin Garcia St. Quezon City",MMDA Road Safety Unit,,0263eb99-c881-4bdc-9f76-687cfecf8857,2013-10-10,04:25:00,"EDSA fronting Paramount, West Ave. Quezon City",0,0,0,0,0,0,0,0,0,0,2013-10-10 12:25,Property,14.62776113,121.0471589,No Collision Stated
None,EDSA,None,None,"No Accident Factor, No Collision Stated (based on Police Blotter Book), 0.0 drivers_injured, 0.0 drivers_killed, 0.0 passengers_injured, 0.0 passengers_killed, 0.0 pedestrian_injured, 0.0 pedestrian_killed, Fair (Day), EDSA Aurora Blvd. Quezon City",MMDA Road Safety Unit,,e84ab423-8feb-4820-b1e7-fff26517919c,2013-10-10,02:45:00,EDSA Corregidor St. Quezon City,0,0,0,0,0,0,0,0,0,0,2013-10-10 10:45,Property,14.62163653,121.0501573,No Collision Stated
None,EDSA,None,None,"No Accident Factor, Rear-end, 0.0 drivers_injured, 0.0 drivers_killed, 0.0 passengers_injured, 0.0 passengers_killed, 0.0 pedestrian_injured, 0.0 pedestrian_killed, Fair (Night), EDSA fronting Cloverleaf Market Bgy.A. Samson Quezon City",MMDA Road Safety Unit,,056615e4-7d7d-4c7d-899a-e5d2d56d527e,2013-10-09,14:00:00,EDSA fronting SM North Annex Bgy.Bagong Pag asa Quezon City,0,0,0,0,0,0,0,0,0,0,2013-10-09 22:00,Property,14.65731339,121.000715,Rear-End
None,EDSA,None,None,"No Accident Factor, Side Swipe, 0.0 drivers_injured, 0.0 drivers_killed, 0.0 passengers_injured, 0.0 passengers_killed, 0.0 pedestrian_injured, 0.0 pedestrian_killed, Fair (Night), EDSA Gen.Roxas Ave., Cubao Quezon City",MMDA Road Safety Unit,,a9aabcb7-bab0-44cd-a091-118a34e045cb,2013-10-09,12:45:00,EDSA Mindanao Ave. Quezon City,0,0,0,0,0,0,0,0,0,0,2013-10-09 20:45,Property,14.62043474,121.0508358,Side Swipe
None,EDSA,None,None,"No Accident Factor, Side Swipe, 0.0 drivers_injured, 0.0 drivers_killed, 0.0 passengers_injured, 0.0 passengers_killed, 0.0 pedestrian_injured, 0.0 pedestrian_killed, Fair (Day), EDSA  fronting Total Gas station Bgy. A. Samson Quezon City",MMDA Road Safety Unit,,ff68d3e7-e290-41f1-b149-d6bb76d06178,2013-10-09,05:30:00,EDSA Whiteplains Ave. Quezon City,0,0,0,0,0,0,0,0,0,0,2013-10-09 13:30,Property,14.657563,121.0032794,Side Swipe
None,EDSA,None,None,"No Accident Factor, Side Swipe, 0.0 drivers_injured, 0.0 drivers_killed, 0.0 passengers_injured, 0.0 passengers_killed, 0.0 pedestrian_injured, 0.0 pedestrian_killed, Fair (Night), EDSA Gen. Roxas St. Quezon City",MMDA Road Safety Unit,,3579c915-2f5f-4901-984c-8109c86effa0,2013-10-08,10:35:00,EDSA EDSA / Santolan Road  Quezon City,0,0,0,0,0,0,0,0,0,0,2013-10-08 18:35,Property,14.62042254,121.0508064,Side Swipe
None,EDSA,None,None,"No Accident Factor, Rear-end, 0.0 drivers_injured, 0.0 drivers_killed, 0.0 passengers_injured, 0.0 passengers_killed, 0.0 pedestrian_injured, 0.0 pedestrian_killed, Fair (Day), EDSA Timog Ave. Quezon City",MMDA Road Safety Unit,,427cc648-54a5-48ea-b551-b05af2508c01,2013-10-08,08:00:00,EDSA EDSA / Aurora Blvd.  Quezon City,0,0,0,0,0,0,0,0,0,0,2013-10-08 16:00,Property,14.63293559,121.0446304,Rear-End
None,EDSA,None,None,"No Accident Factor, Side Swipe, 0.0 drivers_injured, 0.0 drivers_killed, 0.0 passengers_injured, 0.0 passengers_killed, 0.0 pedestrian_injured, 0.0 pedestrian_killed, Fair (Day), EDSA Main Ave. Quezon City",MMDA Road Safety Unit,,4b65647a-6f7e-4b6b-908b-675ed040d783,2013-10-08,08:00:00,EDSA EDSA / Quezon Ave.  Quezon City,0,0,0,0,0,0,0,0,0,0,2013-10-08 16:00,Property,14.61376458,121.0537933,Side Swipe
None,EDSA,None,None,"No Accident Factor, No Collision Stated (based on Police Blotter Book), 0.0 drivers_injured, 0.0 drivers_killed, 0.0 passengers_injured, 0.0 passengers_killed, 0.0 pedestrian_injured, 0.0 pedestrian_killed, Fair (Day), EDSA Santolan Road uturn slot Quezon City",MMDA Road Safety Unit,,3b1c7fa1-2aaf-4d2a-8e9c-d01dfe42600c,2013-10-08,06:00:00,EDSA Congressional Ave. Quezon City,0,0,0,0,0,0,0,0,0,0,2013-10-08 14:00,Property,14.6102736,121.0552175,No Collision Stated
None,EDSA,None,None,"No Accident Factor, Side Swipe, 0.0 drivers_injured, 0.0 drivers_killed, 0.0 passengers_injured, 0.0 passengers_killed, 0.0 pedestrian_injured, 0.0 pedestrian_killed, Fair (Day), EDSA Ermin Garcia St. Quezon City",MMDA Road Safety Unit,,cc2502e2-4263-4681-98d9-746eb9ef32cd,2013-10-08,04:00:00,"EDSA fronting National Printing Office, Bgy. Pinyahan Quezon City",0,0,0,0,0,0,0,0,0,0,2013-10-08 12:00,Property,14.62758814,121.047487,Side Swipe
None,EDSA,None,None,"No Accident Factor, No Collision Stated (based on Police Blotter Book), 0.0 drivers_injured, 0.0 drivers_killed, 0.0 passengers_injured, 0.0 passengers_killed, 0.0 pedestrian_injured, 0.0 pedestrian_killed, Fair (Night), EDSA West Ave. Quezon City",MMDA Road Safety Unit,,b3422677-e585-4be3-930b-2483d2c6da6f,2013-10-07,10:20:00,EDSA fronting Iglesia Ni Cristo Quezon City,0,0,0,0,0,0,0,0,0,0,2013-10-07 18:20,Property,14.65548924,121.0298079,No Collision Stated
None,EDSA,None,None,"No Accident Factor, Hit and Run (No Collision Stated), 0.0 drivers_injured, 0.0 drivers_killed, 0.0 passengers_injured, 0.0 passengers_killed, 0.0 pedestrian_injured, 0.0 pedestrian_killed, Fair (Day), EDSA fronting Five Star Bus Terminal Quezon City",MMDA Road Safety Unit,,fe7e98c7-96c6-4723-9b0c-9f5ab880d8db,2013-10-07,01:00:00,EDSA fronting SM City-North EDSA (Annex Bldg.) Quezon City,0,0,0,0,0,0,0,0,0,0,2013-10-07 9:00,Property,14.62380284,121.0492837,No Collision Stated
None,EDSA,None,None,"No Accident Factor, No Collision Stated (based on Police Blotter Book), 0.0 drivers_injured, 0.0 drivers_killed, 0.0 passengers_injured, 0.0 passengers_killed, 0.0 pedestrian_injured, 0.0 pedestrian_killed, Fair (Night), EDSA Quezon Ave., Bgy.Bagong Pag asa Quezon City",MMDA Road Safety Unit,,05d5d9e4-1bfa-45ee-8bf9-32b0f38ef527,2013-10-05,14:40:00,EDSA EDSA / Santolan Road  Quezon City,0,0,0,0,0,0,0,0,0,0,2013-10-05 22:40,Property,14.6442444,121.0375839,No Collision Stated
None,EDSA,None,None,"No Accident Factor, Side Swipe, 0.0 drivers_injured, 0.0 drivers_killed, 0.0 passengers_injured, 0.0 passengers_killed, 0.0 pedestrian_injured, 0.0 pedestrian_killed, Fair (Day), EDSA Aurora Blvd. Quezon City",MMDA Road Safety Unit,,54554cc8-4e53-4a60-8bd0-1143f9856c5a,2013-10-05,03:00:00,EDSA EDSA / Main Ave.  Quezon City,0,0,0,0,0,0,0,0,0,0,2013-10-05 11:00,Property,14.62163653,121.0501573,Side Swipe
None,EDSA,None,None,"No Accident Factor, Side Swipe, 0.0 drivers_injured, 0.0 drivers_killed, 0.0 passengers_injured, 0.0 passengers_killed, 0.0 pedestrian_injured, 0.0 pedestrian_killed, Fair (Day), EDSA Aurora Blvd. Quezon City",MMDA Road Safety Unit,,0116c738-b58a-457c-8813-122de718af9b,2013-10-05,02:10:00,EDSA fronting Puregold Balintawak Quezon City,0,0,0,0,0,0,0,0,0,0,2013-10-05 10:10,Property,14.62163653,121.0501573,Side Swipe
None,EDSA,None,None,"No Accident Factor, No Collision Stated (based on Police Blotter Book), 0.0 drivers_injured, 0.0 drivers_killed, 0.0 passengers_injured, 0.0 passengers_killed, 0.0 pedestrian_injured, 0.0 pedestrian_killed, Fair (Night), EDSA Mindanao Ave. Extn., Bgy.Bagong Pag asa Quezon City",MMDA Road Safety Unit,,903078a4-a8d2-4146-8d89-c882e649dde3,2013-10-04,11:00:00,"EDSA fronting Jam Liner Bus Terminal, Bgy. Pinyahan Quezon City",0,0,0,0,0,0,0,0,0,0,2013-10-04 19:00,Property,14.65052386,121.0335656,No Collision Stated
None,EDSA,None,None,"No Accident Factor, Side Swipe, 0.0 drivers_injured, 0.0 drivers_killed, 0.0 passengers_injured, 0.0 passengers_killed, 0.0 pedestrian_injured, 0.0 pedestrian_killed, Fair (Night), EDSA White Plains Ave. Quezon City",MMDA Road Safety Unit,,64c68a70-4b29-4041-b2a7-62c76b5770a9,2013-10-04,10:50:00,"EDSA at ""U"" turn slot, fronting GMA-7 Quezon City",0,0,0,0,0,0,0,0,0,0,2013-10-04 18:50,Property,14.59961782,121.0596522,Side Swipe
None,EDSA,None,None,"No Accident Factor, No Collision Stated (based on Police Blotter Book), 0.0 drivers_injured, 0.0 drivers_killed, 0.0 passengers_injured, 0.0 passengers_killed, 0.0 pedestrian_injured, 0.0 pedestrian_killed, Fair (Day), EDSA Monte de Piedad St. Quezon City",MMDA Road Safety Unit,,91fbfab2-62ed-40ea-b714-eb37b445a1c0,2013-10-03,07:40:00,EDSA Aurora Blvd. Quezon City,0,0,0,0,0,0,0,0,0,0,2013-10-03 15:40,Property,14.62346937,121.0491711,No Collision Stated
None,EDSA,None,None,"No Accident Factor, No Collision Stated (based on Police Blotter Book), 0.0 drivers_injured, 0.0 drivers_killed, 0.0 passengers_injured, 0.0 passengers_killed, 0.0 pedestrian_injured, 0.0 pedestrian_killed, Fair (Day), EDSA Bulacan St., Bgy.Veterans Quezon City",MMDA Road Safety Unit,,5c810750-29c1-4643-b769-ccd7a3c36964,2013-10-03,05:30:00,EDSA fronting Foton Motors Bgy.Ramon Magsaysay Quezon City,0,0,0,0,0,0,0,0,0,0,2013-10-03 13:30,Property,14.65577077,121.0291718,No Collision Stated
None,EDSA,None,None,"No Accident Factor, Side Swipe, 0.0 drivers_injured, 0.0 drivers_killed, 0.0 passengers_injured, 0.0 passengers_killed, 0.0 pedestrian_injured, 0.0 pedestrian_killed, Fair (Day), EDSA Misamis St., Bgy.Sto.Cristo Quezon City",MMDA Road Safety Unit,,a4ff5c8e-76e3-4be8-bc20-fcc8ef7fefdc,2013-10-03,03:15:00,"EDSA Liberty St., Bgy. Socorro Quezon City",0,0,0,0,0,0,0,0,0,0,2013-10-03 11:15,Property,14.65602348,121.0285212,Side Swipe
None,EDSA,None,None,"No Accident Factor, Angle Impact, 0.0 drivers_injured, 0.0 drivers_killed, 0.0 passengers_injured, 0.0 passengers_killed, 0.0 pedestrian_injured, 0.0 pedestrian_killed, Fair (Day), EDSA Kamias Road Quezon City",MMDA Road Safety Unit,,070ae92e-0fbf-47dc-ad77-d1d13fa40da1,2013-10-03,02:20:00,EDSA West Ave.  Quezon City,0,0,0,0,0,0,0,0,0,0,2013-10-03 10:20,Property,14.6309142,121.0459376,Angle Impact
None,EDSA,None,None,"No Accident Factor, Rear-end, 0.0 drivers_injured, 0.0 drivers_killed, 0.0 passengers_injured, 0.0 passengers_killed, 0.0 pedestrian_injured, 0.0 pedestrian_killed, Fair (Day), EDSA Corregidor St., Bgy.Ramon Magsaysay Quezon City",MMDA Road Safety Unit,,a9e2c1b8-f946-4d0d-b94a-b1ba9dff66ed,2013-10-01,23:40:00,EDSA North Ave. Bgy.Pag asa Quezon City,0,0,0,0,0,0,0,0,0,0,2013-10-02 7:40,Property,14.65707679,121.0241648,Rear-End
None,EDSA,None,None,"No Accident Factor, No Collision Stated (based on Police Blotter Book), 0.0 drivers_injured, 0.0 drivers_killed, 0.0 passengers_injured, 0.0 passengers_killed, 0.0 pedestrian_injured, 0.0 pedestrian_killed, Fair (Night), EDSA Corregidor St., Bgy.Ramon Magsaysay Quezon City",MMDA Road Safety Unit,,e018ac13-cf5a-4a5d-85e6-3235f0769feb,2013-10-01,11:00:00,EDSA before South Road Quezon City,0,0,0,0,0,0,0,0,0,0,2013-10-01 19:00,Property,14.65707679,121.0241648,No Collision Stated
None,EDSA,None,None,"No Accident Factor, Hit and Run (Side Swipe), 0.0 drivers_injured, 0.0 drivers_killed, 0.0 passengers_injured, 0.0 passengers_killed, 0.0 pedestrian_injured, 0.0 pedestrian_killed, Fair (Day), EDSA Congressional Ave. Quezon City",MMDA Road Safety Unit,,4f79cc5a-c10a-4cb8-8c5e-2c174f56610d,2013-10-01,07:15:00,EDSA Kamuning Road Quezon City,0,0,0,0,0,0,0,0,0,0,2013-10-01 15:15,Property,14.6571804,120.9927185,Side Swipe
None,EDSA,None,None,"No Accident Factor, No Collision Stated (based on Police Blotter Book), 0.0 drivers_injured, 0.0 drivers_killed, 0.0 passengers_injured, 0.0 passengers_killed, 0.0 pedestrian_injured, 0.0 pedestrian_killed, Fair (Day), EDSA East Ave. Quezon City",MMDA Road Safety Unit,,3d90f7e6-2a90-4dfb-835f-a5f935a606fd,2013-10-01,05:30:00,EDSA fronting SM Annex Bldg. Quezon City,0,0,0,0,0,0,0,0,0,0,2013-10-01 13:30,Property,14.6328297,121.0451176,No Collision Stated
None,EDSA,None,None,"No Accident Factor, No Collision Stated (based on Police Blotter Book), 0.0 drivers_injured, 0.0 drivers_killed, 0.0 passengers_injured, 0.0 passengers_killed, 0.0 pedestrian_injured, 0.0 pedestrian_killed, Fair (Day), EDSA SM Annex  Quezon City",MMDA Road Safety Unit,,8eed063e-ac0d-4b3d-977b-3cced1115a03,2013-09-30,08:30:00,EDSA fronting SM City Annex Quezon City,0,0,0,0,0,0,0,0,0,0,2013-09-30 16:30,Property,14.65628012,121.0272074,No Collision Stated
None,EDSA,None,None,"No Accident Factor, No Collision Stated (based on Police Blotter Book), 0.0 drivers_injured, 0.0 drivers_killed, 0.0 passengers_injured, 0.0 passengers_killed, 0.0 pedestrian_injured, 0.0 pedestrian_killed, Fair (Day), EDSA Mindanao Ave. Ext., Bgy.Pag asa Quezon City",MMDA Road Safety Unit,,f708fc5e-7134-4532-a179-071f6edadf4b,2013-09-30,06:30:00,EDSA Arayat St. Quezon City,0,0,0,0,0,0,0,0,0,0,2013-09-30 14:30,Property,14.65052386,121.0335656,No Collision Stated
None,EDSA,None,None,"No Accident Factor, No Collision Stated (based on Police Blotter Book), 0.0 drivers_injured, 0.0 drivers_killed, 0.0 passengers_injured, 0.0 passengers_killed, 0.0 pedestrian_injured, 0.0 pedestrian_killed, Fair (Day), EDSA West Avenue Brgy. Philam Quezon City",MMDA Road Safety Unit,,e8aab5ac-3e3e-46f2-b4b7-1b4fb46aceb3,2013-09-30,05:40:00,EDSA Aurora Blvd.  Quezon City,0,0,0,0,0,0,0,0,0,0,2013-09-30 13:40,Property,14.65548924,121.0298079,No Collision Stated
None,EDSA,None,None,"No Accident Factor, Self-Accident, 0.0 drivers_injured, 0.0 drivers_killed, 0.0 passengers_injured, 0.0 passengers_killed, 0.0 pedestrian_injured, 0.0 pedestrian_killed, Fair (Night), EDSA SM North Annex Brgy. Sto. Cristo Quezon City",MMDA Road Safety Unit,,14c766c5-03c1-48dd-896b-1a710686bbe1,2013-09-29,12:45:00,"EDSA Ortigas Ave., Bgy. Ugong Norte Quezon City",0,0,0,0,0,0,0,0,0,0,2013-09-29 20:45,Property,14.65645143,121.0271077,Self-Accident
None,EDSA,None,None,"No Accident Factor, No Collision Stated (based on Police Blotter Book), 1.0 drivers_injured, 0.0 drivers_killed, 0.0 passengers_injured, 0.0 passengers_killed, 0.0 pedestrian_injured, 0.0 pedestrian_killed, Fair (Day), EDSA Aurora Blvd.  Quezon City",MMDA Road Safety Unit,,fb701101-bce2-4d6f-a95d-c53f3aa9bd34,2013-09-28,22:00:00,EDSA West Ave. Quezon City,0,0,0,1,0,0,0,0,0,1,2013-09-29 6:00,Injury,14.6217569,121.0502544,No Collision Stated
None,EDSA,None,None,"No Accident Factor, Side Swipe, 0.0 drivers_injured, 0.0 drivers_killed, 0.0 passengers_injured, 0.0 passengers_killed, 0.0 pedestrian_injured, 0.0 pedestrian_killed, Fair (Night), EDSA Aurora Blvd.  Quezon City",MMDA Road Safety Unit,,cd3ad1a3-4647-4984-b091-fe3ae02a1ea9,2013-09-28,14:45:00,"EDSA Gen. McArthur St., Cubao Quezon City",0,0,0,0,0,0,0,0,0,0,2013-09-28 22:45,Property,14.6217569,121.0502544,Side Swipe
None,EDSA,None,None,"No Accident Factor, No Collision Stated (based on Police Blotter Book), 0.0 drivers_injured, 0.0 drivers_killed, 0.0 passengers_injured, 0.0 passengers_killed, 0.0 pedestrian_injured, 0.0 pedestrian_killed, Fair (Day), EDSA Monte de Piedad St.  Quezon City",MMDA Road Safety Unit,,dbb6da20-c2f2-4784-a7d4-3edb4e680605,2013-09-28,04:35:00,EDSA Col. Bonny Serrano Ave. (Santolan Road) Quezon City,0,0,0,0,0,0,0,0,0,0,2013-09-28 12:35,Property,14.62346937,121.0491711,No Collision Stated
None,EDSA,None,None,"No Accident Factor, No Collision Stated (based on Police Blotter Book), 0.0 drivers_injured, 0.0 drivers_killed, 0.0 passengers_injured, 0.0 passengers_killed, 0.0 pedestrian_injured, 0.0 pedestrian_killed, Fair (Night), EDSA SM North    Quezon City",MMDA Road Safety Unit,,e54bed34-9c57-46a8-9f0e-81bb58711d49,2013-09-27,12:45:00,EDSA before Nueva Viscaya Bgy.Ramon Magsaysay Quezon City,0,0,0,0,0,0,0,0,0,0,2013-09-27 20:45,Property,14.65645143,121.0271077,No Collision Stated
None,EDSA,None,None,"No Accident Factor, No Collision Stated (based on Police Blotter Book), 0.0 drivers_injured, 0.0 drivers_killed, 0.0 passengers_injured, 0.0 passengers_killed, 0.0 pedestrian_injured, 0.0 pedestrian_killed, Fair (Day), EDSA Sct. Borromeo St.  Quezon City",MMDA Road Safety Unit,,f0512f6f-85de-4af9-a472-624578ed328a,2013-09-27,01:15:00,"EDSA at ""U"" turn slot, GMA Network Drive Quezon City",0,0,0,0,0,0,0,0,0,0,2013-09-27 9:15,Property,14.63715712,121.0419507,No Collision Stated
None,EDSA,None,None,"No Accident Factor, No Collision Stated (based on Police Blotter Book), 0.0 drivers_injured, 0.0 drivers_killed, 1.0 passengers_injured, 0.0 passengers_killed, 0.0 pedestrian_injured, 0.0 pedestrian_killed, Fair (Night), EDSA Congressional Avenue    Quezon City",MMDA Road Safety Unit,,3dafe9d0-f572-4ed4-a209-4f9a147f14df,2013-09-25,13:00:00,"EDSA NIA Site, Bgy. Pinyahan Quezon City",0,0,0,0,1,0,0,0,0,1,2013-09-25 21:00,Injury,14.6571804,120.9927185,No Collision Stated
None,EDSA,None,None,"No Accident Factor, Side Swipe, 0.0 drivers_injured, 0.0 drivers_killed, 0.0 passengers_injured, 0.0 passengers_killed, 0.0 pedestrian_injured, 0.0 pedestrian_killed, Fair (Day), EDSA Col. B. Serrano St.  Quezon City",MMDA Road Safety Unit,,940be0f6-ed1e-4072-b90f-a353e7c51bac,2013-09-24,03:30:00,EDSA fronting Landmark Quezon City,0,0,0,0,0,0,0,0,0,0,2013-09-24 11:30,Property,14.61107337,121.0550705,Side Swipe
None,EDSA,None,None,"No Accident Factor, No Collision Stated (based on Police Blotter Book), 0.0 drivers_injured, 0.0 drivers_killed, 0.0 passengers_injured, 0.0 passengers_killed, 0.0 pedestrian_injured, 0.0 pedestrian_killed, Fair (Day), EDSA SM North Loading Bay Quezon City",MMDA Road Safety Unit,,b7609afc-f7fd-4188-a94b-f6d3d66136be,2013-09-23,08:30:00,EDSA fronting Landmark Pag asa Quezon City,0,0,0,0,0,0,0,0,0,0,2013-09-23 16:30,Property,14.65645143,121.0271077,No Collision Stated