LOCATION_TEXT,ROAD,WEATHER,LIGHT,DESC,REPORTING_AGENCY,MAIN_CAUSE,INCIDENTDETAILS_ID,DATE_UTC,TIME_UTC,ADDRESS,killed_driver,killed_passenger,killed_pedestrian,injured_driver,injured_passenger,injured_pedestrian,killed_uncategorized,injured_uncategorized,killed_total,injured_total,DATETIME_PST,SEVERITY,Y,X,COLLISION_TYPE
None,EDSA,None,None,"No Accident Factor, No Collision Stated (based on Police Blotter Book), 0.0 drivers_injured, 0.0 drivers_killed, 0.0 passengers_injured, 0.0 passengers_killed, 0.0 pedestrian_injured, 0.0 pedestrian_killed, Fair (Night), EDSA Congressman Avenue Brgy. Ramon Magsaysay Quezon City",MMDA Road Safety Unit,,b483c38f-5c4b-4f2b-bdc2-c01b8cdd43f7,2013-09-21,14:30:00,EDSA Roosevelt Ave. Quezon City,0,0,0,0,0,0,0,0,0,0,2013-09-21 22:30,Property,14.6571804,120.9927185,No Collision Stated
None,EDSA,None,None,"No Accident Factor, Rear-end, 0.0 drivers_injured, 0.0 drivers_killed, 0.0 passengers_injured, 0.0 passengers_killed, 0.0 pedestrian_injured, 0.0 pedestrian_killed, Fair (Night), EDSA Kaingin Road, Brgy. A. Samson Quezon City",MMDA Road Safety Unit,,6f318822-2ec8-46c5-8a36-cba5dd4c26af,2013-09-18,14:20:00,EDSA before Gen. McArthur St. Quezon City,0,0,0,0,0,0,0,0,0,0,2013-09-18 22:20,Property,14.65746493,121.0109963,Rear-End
None,EDSA,None,None,"No Accident Factor, No Collision Stated (based on Police Blotter Book), 0.0 drivers_injured, 0.0 drivers_killed, 0.0 passengers_injured, 0.0 passengers_killed, 0.0 pedestrian_injured, 0.0 pedestrian_killed, Fair (Day), EDSA West Ave.  Quezon City",MMDA Road Safety Unit,,84b287aa-4661-40fa-9ca3-c39e853010f4,2013-09-18,05:05:00,EDSA Kamias Road Quezon City,0,0,0,0,0,0,0,0,0,0,2013-09-18 13:05,Property,14.65548924,121.0298079,No Collision Stated
None,EDSA,None,None,"No Accident Factor, Side Swipe, 0.0 drivers_injured, 0.0 drivers_killed, 0.0 passengers_injured, 0.0 passengers_killed, 0.0 pedestrian_injured, 0.0 pedestrian_killed, Fair (Day), EDSA New York St.  Quezon City",MMDA Road Safety Unit,,fa65a4d7-46c3-4720-baf7-e5705ec270de,2013-09-17,01:00:00,EDSA West Ave. Bgy.Veterans Quezon City,0,0,0,0,0,0,0,0,0,0,2013-09-17 9:00,Property,14.62568514,121.0482307,Side Swipe
None,EDSA,None,None,"No Accident Factor, Side Swipe, 0.0 drivers_injured, 0.0 drivers_killed, 0.0 passengers_injured, 0.0 passengers_killed, 0.0 pedestrian_injured, 0.0 pedestrian_killed, Fair (Night), EDSA Kamuning Road  Quezon City",MMDA Road Safety Unit,,7eeef216-529c-40ef-b856-2cb3ad86dbfb,2013-09-16,12:30:00,EDSA SM North Ave. Bgy.Pag asa Quezon City,0,0,0,0,0,0,0,0,0,0,2013-09-16 20:30,Property,14.63075725,121.0457548,Side Swipe
None,EDSA,None,None,"No Accident Factor, No Collision Stated (based on Police Blotter Book), 0.0 drivers_injured, 0.0 drivers_killed, 0.0 passengers_injured, 0.0 passengers_killed, 0.0 pedestrian_injured, 0.0 pedestrian_killed, Fair (Night), EDSA Roosevelt Brgy. Sto Nino Quezon City",MMDA Road Safety Unit,,ff26d260-ec13-4a7f-b482-ccbf5690578e,2013-09-16,11:45:00,EDSA Quezon Ave. Bgy.Pag asa Quezon City,0,0,0,0,0,0,0,0,0,0,2013-09-16 19:45,Property,14.65762047,121.0196373,No Collision Stated
None,EDSA,None,None,"No Accident Factor, No Collision Stated (based on Police Blotter Book), 0.0 drivers_injured, 0.0 drivers_killed, 0.0 passengers_injured, 0.0 passengers_killed, 0.0 pedestrian_injured, 0.0 pedestrian_killed, Fair (Day), EDSA fronting Jackman Dept. Store, Bgy. Magsaysay Quezon City",MMDA Road Safety Unit,,6071626e-6557-4364-99ba-c688148ba7f9,2013-09-16,08:00:00,EDSA Corregidor St. Bgy.Bago Bantay Quezon City,0,0,0,0,0,0,0,0,0,0,2013-09-16 16:00,Property,14.65772869,121.0211666,No Collision Stated
None,EDSA,None,None,"No Accident Factor, Side Swipe, 0.0 drivers_injured, 0.0 drivers_killed, 0.0 passengers_injured, 0.0 passengers_killed, 0.0 pedestrian_injured, 0.0 pedestrian_killed, Fair (Night), EDSA Kamuning Road  Quezon City",MMDA Road Safety Unit,,536f9304-a571-4ce3-b21f-a2dad9094483,2013-09-14,19:00:00,EDSA Monte De Piedad St. Quezon City,0,0,0,0,0,0,0,0,0,0,2013-09-15 3:00,Property,14.63075725,121.0457548,Side Swipe
None,EDSA,None,None,"No Accident Factor, Rear-end, 0.0 drivers_injured, 0.0 drivers_killed, 0.0 passengers_injured, 0.0 passengers_killed, 0.0 pedestrian_injured, 0.0 pedestrian_killed, Fair (Night), EDSA before U Turn Slot, North Ave. Quezon City",MMDA Road Safety Unit,,6ecc5756-6e8d-4a62-b8ad-056914e8de87,2013-09-14,15:30:00,EDSA Corregidor St. Bgy.Ramon Magsaysay Quezon City,0,0,0,0,0,0,0,0,0,0,2013-09-14 23:30,Property,14.65576161,121.0297631,Rear-End
None,EDSA,None,None,"No Accident Factor, Hit and Run (No Collision Stated), 0.0 drivers_injured, 0.0 drivers_killed, 0.0 passengers_injured, 0.0 passengers_killed, 0.0 pedestrian_injured, 0.0 pedestrian_killed, Fair (Night), EDSA before Fema Road, Bgy. Bahay Toro Quezon City",MMDA Road Safety Unit,,f124b61f-8205-46fb-a7c0-63855ac1458f,2013-09-14,13:20:00,EDSA before Misamis St. Quezon City,0,0,0,0,0,0,0,0,0,0,2013-09-14 21:20,Property,14.6577833,121.016295,No Collision Stated
None,EDSA,None,None,"No Accident Factor, No Collision Stated (based on Police Blotter Book), 0.0 drivers_injured, 0.0 drivers_killed, 0.0 passengers_injured, 0.0 passengers_killed, 0.0 pedestrian_injured, 0.0 pedestrian_killed, Fair (Night), EDSA Corregidor St., Bgy. R. Magsaysay Quezon City",MMDA Road Safety Unit,,67caca25-d687-4fce-b940-87036ed437f6,2013-09-14,13:00:00,"EDSA Ortigas Ave., Bgy. Ugong Norte Quezon City",0,0,0,0,0,0,0,0,0,0,2013-09-14 21:00,Property,14.65707679,121.0241648,No Collision Stated
None,EDSA,None,None,"No Accident Factor, Side Swipe, 0.0 drivers_injured, 0.0 drivers_killed, 0.0 passengers_injured, 0.0 passengers_killed, 0.0 pedestrian_injured, 0.0 pedestrian_killed, Fair (Night), EDSA East Ave.  Quezon City",MMDA Road Safety Unit,,b06a67a3-e6f1-4778-9d76-d1d378d5be91,2013-09-14,12:55:00,EDSA before MRT-Santolan Station Quezon City,0,0,0,0,0,0,0,0,0,0,2013-09-14 20:55,Property,14.6328297,121.0451176,Side Swipe
None,EDSA,None,None,"No Accident Factor, Rear-end, 0.0 drivers_injured, 0.0 drivers_killed, 0.0 passengers_injured, 0.0 passengers_killed, 0.0 pedestrian_injured, 0.0 pedestrian_killed, Fair (Day), EDSA fronting Centris Station Quezon City",MMDA Road Safety Unit,,fffed29a-8e7b-437c-8390-d33a64bb190d,2013-09-14,09:25:00,"EDSA at ""U"" turn slot, Aurora Blvd.  Quezon City",0,0,0,0,0,0,0,0,0,0,2013-09-14 17:25,Property,14.64337396,121.0382446,Rear-End
None,EDSA,None,None,"No Accident Factor, No Collision Stated (based on Police Blotter Book), 0.0 drivers_injured, 0.0 drivers_killed, 2.0 passengers_injured, 0.0 passengers_killed, 0.0 pedestrian_injured, 0.0 pedestrian_killed, Fair (Day), EDSA fronting Progressive Bldg., Brgy. Veterans Quezon City",MMDA Road Safety Unit,,8a872d37-2c3f-4343-a8d2-8efc78302511,2013-09-14,05:30:00,EDSA New York St. Quezon City,0,0,0,0,2,0,0,0,0,2,2013-09-14 13:30,Injury,14.65606705,121.0274955,No Collision Stated
None,EDSA,None,None,"No Accident Factor, Side Swipe, 0.0 drivers_injured, 0.0 drivers_killed, 0.0 passengers_injured, 0.0 passengers_killed, 0.0 pedestrian_injured, 0.0 pedestrian_killed, Fair (Day), EDSA fronting UNTV, Bgy. Phil-am Quezon City",MMDA Road Safety Unit,,54169b0a-8bc7-4953-a7ec-50c22c8216bf,2013-09-14,04:25:00,EDSA Panay Ave.  Quezon City,0,0,0,0,0,0,0,0,0,0,2013-09-14 12:25,Property,14.6494747,121.0339065,Side Swipe
None,EDSA,None,None,"No Accident Factor, No Collision Stated (based on Police Blotter Book), 1.0 drivers_injured, 0.0 drivers_killed, 0.0 passengers_injured, 0.0 passengers_killed, 0.0 pedestrian_injured, 0.0 pedestrian_killed, Fair (Night), EDSA fronting UNTV, Bgy. Phil-am Quezon City",MMDA Road Safety Unit,,32063fd9-3a29-4544-8aff-fc354ea891a5,2013-09-13,19:00:00,EDSA South Ave. / Timog Ave. Quezon City,0,0,0,1,0,0,0,0,0,1,2013-09-14 3:00,Injury,14.6494747,121.0339065,No Collision Stated
None,EDSA,None,None,"No Accident Factor, Side Swipe, 1.0 drivers_injured, 0.0 drivers_killed, 0.0 passengers_injured, 0.0 passengers_killed, 0.0 pedestrian_injured, 0.0 pedestrian_killed, Fair (Night), EDSA Kamias Road  Quezon City",MMDA Road Safety Unit,,e29e3a0f-06fd-4c97-ab9e-14afc764ec78,2013-09-13,12:30:00,EDSA Quezon Ave. uturn slot West Triangle Quezon City,0,0,0,1,0,0,0,0,0,1,2013-09-13 20:30,Injury,14.6309142,121.0459376,Side Swipe
None,EDSA,None,None,"No Accident Factor, Rear-end, 0.0 drivers_injured, 0.0 drivers_killed, 0.0 passengers_injured, 0.0 passengers_killed, 0.0 pedestrian_injured, 0.0 pedestrian_killed, Fair (Day), EDSA Main Ave. Brgy. Socorro Quezon City",MMDA Road Safety Unit,,3f850b80-f36c-4e95-b383-55a1004c9255,2013-09-12,23:15:00,EDSA before GMA Network Drive Quezon City,0,0,0,0,0,0,0,0,0,0,2013-09-13 7:15,Property,14.61376458,121.0537933,Rear-End
None,EDSA,None,None,"No Accident Factor, Rear-end, 0.0 drivers_injured, 0.0 drivers_killed, 0.0 passengers_injured, 0.0 passengers_killed, 0.0 pedestrian_injured, 0.0 pedestrian_killed, Fair (Day), EDSA Main Ave. Brgy. Socorro Quezon City",MMDA Road Safety Unit,,96683891-4532-4061-818d-8512df78895d,2013-09-12,22:40:00,EDSA Quezon Ave. uturn slot Bgy.Bagong Pag asa Quezon City,0,0,0,0,0,0,0,0,0,0,2013-09-13 6:40,Property,14.61376458,121.0537933,Rear-End
None,EDSA,None,None,"No Accident Factor, Side Swipe, 0.0 drivers_injured, 0.0 drivers_killed, 0.0 passengers_injured, 0.0 passengers_killed, 0.0 pedestrian_injured, 0.0 pedestrian_killed, Fair (Night), EDSA fronting Victory Liner Bus Terminal Compound Quezon City",MMDA Road Safety Unit,,b6cf8f70-38d0-4b38-8f87-ba1872cd6255,2013-09-12,20:30:00,"EDSA after Waltermart, Bgy. Veterans Quezon City",0,0,0,0,0,0,0,0,0,0,2013-09-13 4:30,Property,14.63252227,121.0452382,Side Swipe
None,EDSA,None,None,"No Accident Factor, Side Swipe, 1.0 drivers_injured, 0.0 drivers_killed, 0.0 passengers_injured, 0.0 passengers_killed, 0.0 pedestrian_injured, 0.0 pedestrian_killed, Fair (Day), EDSA Kamuning Road Quezon City",MMDA Road Safety Unit,,36893f58-7f46-4d5a-87a0-9e8821815a33,2013-09-12,07:30:00,EDSA Misamis St. Bgy.Bagong Pag asa Quezon City,0,0,0,1,0,0,0,0,0,1,2013-09-12 15:30,Injury,14.63075725,121.0457548,Side Swipe
None,EDSA,None,None,"No Accident Factor, Rear-end, 1.0 drivers_injured, 0.0 drivers_killed, 0.0 passengers_injured, 0.0 passengers_killed, 0.0 pedestrian_injured, 0.0 pedestrian_killed, Fair (Day), EDSA Victory Liner Bus Terminal  Quezon City",MMDA Road Safety Unit,,268f11fd-9d41-46d9-8279-a5ddf33cab21,2013-09-12,02:30:00,EDSA fronting SM North Quezon City,0,0,0,1,0,0,0,0,0,1,2013-09-12 10:30,Injury,14.63209398,121.0454876,Rear-End
None,EDSA,None,None,"No Accident Factor, No Collision Stated (based on Police Blotter Book), 0.0 drivers_injured, 0.0 drivers_killed, 0.0 passengers_injured, 0.0 passengers_killed, 0.0 pedestrian_injured, 0.0 pedestrian_killed, Fair (Day), EDSA fronting Trinoma Mall, Bgy. Pag-asa Quezon City",MMDA Road Safety Unit,,d7ebdbf8-3746-42d2-b04c-6808f92f60cb,2013-09-11,05:30:00,EDSA West Ave. West Triangle Quezon City,0,0,0,0,0,0,0,0,0,0,2013-09-11 13:30,Property,14.65249719,121.0322415,No Collision Stated
None,EDSA,None,None,"No Accident Factor, No Collision Stated (based on Police Blotter Book), 0.0 drivers_injured, 0.0 drivers_killed, 0.0 passengers_injured, 0.0 passengers_killed, 0.0 pedestrian_injured, 0.0 pedestrian_killed, Fair (Day), EDSA GMA 7 Quezon City",MMDA Road Safety Unit,,0fd9de93-925d-4964-9d4f-e8e35392c6af,2013-09-11,02:00:00,"EDSA at ""U"" turn slot, South Ave. / Timog Ave. Quezon City",0,0,0,0,0,0,0,0,0,0,2013-09-11 10:00,Property,14.63467214,121.0435714,No Collision Stated
None,EDSA,None,None,"No Accident Factor, No Collision Stated (based on Police Blotter Book), 0.0 drivers_injured, 0.0 drivers_killed, 0.0 passengers_injured, 0.0 passengers_killed, 0.0 pedestrian_injured, 0.0 pedestrian_killed, Fair (Night), EDSA Corregidor St., Bgy. R. Magsaysay Quezon City",MMDA Road Safety Unit,,aff17ea4-d2d6-4074-971d-24032c04d4bb,2013-09-10,10:45:00,EDSA before MRT Bgy.Philam Quezon City,0,0,0,0,0,0,0,0,0,0,2013-09-10 18:45,Property,14.65707679,121.0241648,No Collision Stated
None,EDSA,None,None,"No Accident Factor, Rear-end, 0.0 drivers_injured, 0.0 drivers_killed, 0.0 passengers_injured, 0.0 passengers_killed, 0.0 pedestrian_injured, 0.0 pedestrian_killed, Fair (Day), EDSA Timog Avenue Quezon City",MMDA Road Safety Unit,,77e232a5-7f6a-426b-88df-3ca37dea2141,2013-09-10,05:00:00,EDSA South Ave. / Timog Ave. Quezon City,0,0,0,0,0,0,0,0,0,0,2013-09-10 13:00,Property,14.63293559,121.0446304,Rear-End
None,EDSA,None,None,"No Accident Factor, Side Swipe, 0.0 drivers_injured, 0.0 drivers_killed, 0.0 passengers_injured, 0.0 passengers_killed, 0.0 pedestrian_injured, 0.0 pedestrian_killed, Fair (Night), EDSA Ortigas Ave.  Quezon City",MMDA Road Safety Unit,,9f58d0c3-a2e0-4aaa-ba42-0bc0a180818e,2013-09-09,15:45:00,"EDSA fronting JAC Liner Bus Terminal, before Mapagmahal St. Quezon City",0,0,0,0,0,0,0,0,0,0,2013-09-09 23:45,Property,14.59275486,121.0584221,Side Swipe
None,EDSA,None,None,"No Accident Factor, Side Swipe, 0.0 drivers_injured, 0.0 drivers_killed, 0.0 passengers_injured, 0.0 passengers_killed, 0.0 pedestrian_injured, 0.0 pedestrian_killed, Fair (Day), EDSA Main Ave. Brgy. Socorro Quezon City",MMDA Road Safety Unit,,306536a0-317f-4919-9964-9742376c33e2,2013-09-09,06:45:00,EDSA fronting North Station MRT West Triangle Quezon City,0,0,0,0,0,0,0,0,0,0,2013-09-09 14:45,Property,14.61376458,121.0537933,Side Swipe
None,EDSA,None,None,"No Accident Factor, Side Swipe, 0.0 drivers_injured, 0.0 drivers_killed, 0.0 passengers_injured, 0.0 passengers_killed, 0.0 pedestrian_injured, 0.0 pedestrian_killed, Fair (Day), EDSA P. Tuazon Blvd. Brgy. Socorro Quezon City",MMDA Road Safety Unit,,082f1303-545d-45ae-ab26-135854121b0c,2013-09-09,04:00:00,EDSA Main Ave. Quezon City,0,0,0,0,0,0,0,0,0,0,2013-09-09 12:00,Property,14.61656342,121.0525225,Side Swipe
None,EDSA,None,None,"No Accident Factor, Side Swipe, 0.0 drivers_injured, 0.0 drivers_killed, 0.0 passengers_injured, 0.0 passengers_killed, 0.0 pedestrian_injured, 0.0 pedestrian_killed, Fair (Day), EDSA GMA Network Drive Quezon City",MMDA Road Safety Unit,,fa89f256-9322-4244-9e40-f297bf893cf8,2013-09-09,00:00:00,EDSA North Ave. Bagong Pag asa Quezon City,0,0,0,0,0,0,0,0,0,0,2013-09-09 8:00,Property,14.63467214,121.0435714,Side Swipe
None,EDSA,None,None,"No Accident Factor, Side Swipe, 0.0 drivers_injured, 0.0 drivers_killed, 0.0 passengers_injured, 0.0 passengers_killed, 0.0 pedestrian_injured, 0.0 pedestrian_killed, Fair (Day), EDSA Main Avenue  Quezon City",MMDA Road Safety Unit,,15af2015-6a82-4e38-bc87-524985f52f04,2013-09-08,23:30:00,EDSA before Aurora Blvd. Quezon City,0,0,0,0,0,0,0,0,0,0,2013-09-09 7:30,Property,14.61376458,121.0537933,Side Swipe
None,EDSA,None,None,"No Accident Factor, Hit Object (Barrier-Concrete), 0.0 drivers_injured, 0.0 drivers_killed, 1.0 passengers_injured, 0.0 passengers_killed, 0.0 pedestrian_injured, 0.0 pedestrian_killed, Fair (Night), EDSA before SM Hypermart, Bgy. Socorro, Cubao Quezon City",MMDA Road Safety Unit,,9751b810-e123-4d51-9374-10fbf1a41430,2013-09-07,17:30:00,EDSA Nueva Ecija St. Quezon City,0,0,0,0,1,0,0,0,0,1,2013-09-08 1:30,Injury,14.61340764,121.053999,Hit Object
None,EDSA,None,None,"No Accident Factor, Side Swipe, 0.0 drivers_injured, 0.0 drivers_killed, 0.0 passengers_injured, 0.0 passengers_killed, 0.0 pedestrian_injured, 0.0 pedestrian_killed, Fair (Night), EDSA Aurora Blvd. Quezon City",MMDA Road Safety Unit,,1352fc2a-362e-463d-8a11-e79341d5b246,2013-09-06,17:10:00,EDSA Panay Ave.  Quezon City,0,0,0,0,0,0,0,0,0,0,2013-09-07 1:10,Property,14.62163653,121.0501573,Side Swipe
None,EDSA,None,None,"No Accident Factor, Rear-end, 0.0 drivers_injured, 0.0 drivers_killed, 0.0 passengers_injured, 0.0 passengers_killed, 0.0 pedestrian_injured, 0.0 pedestrian_killed, Fair (Night), EDSA Corregidor St. Quezon City",MMDA Road Safety Unit,,ce29d519-5c66-4135-ac88-d463c9b7fee8,2013-09-06,12:30:00,EDSA fronting SM North Bagong Pag asa Quezon City,0,0,0,0,0,0,0,0,0,0,2013-09-06 20:30,Property,14.65707679,121.0241648,Rear-End
None,EDSA,None,None,"No Accident Factor, Rear-end (Multiple), 0.0 drivers_injured, 0.0 drivers_killed, 0.0 passengers_injured, 0.0 passengers_killed, 0.0 pedestrian_injured, 0.0 pedestrian_killed, Fair (Day), EDSA between Camp Aguinaldo, Bgy. Socorro Quezon City",MMDA Road Safety Unit,,e5476019-bf10-4125-9699-0a4edecbf6a5,2013-09-06,08:15:00,EDSA OP/UP Balintawak Quezon City,0,0,0,0,0,0,0,0,0,0,2013-09-06 16:15,Property,14.60860798,121.0561898,Rear-End
None,EDSA,None,None,"No Accident Factor, Hit and Run (No Collision Stated), 0.0 drivers_injured, 0.0 drivers_killed, 0.0 passengers_injured, 0.0 passengers_killed, 0.0 pedestrian_injured, 0.0 pedestrian_killed, Fair (Day), EDSA Timog Ave. Quezon City",MMDA Road Safety Unit,,e52ce9bd-2106-402b-9f49-2853b3d9d2a3,2013-09-06,06:00:00,EDSA West Ave. Quezon City,0,0,0,0,0,0,0,0,0,0,2013-09-06 14:00,Property,14.63293559,121.0446304,No Collision Stated
None,EDSA,None,None,"No Accident Factor, No Collision Stated (based on Police Blotter Book), 0.0 drivers_injured, 0.0 drivers_killed, 0.0 passengers_injured, 0.0 passengers_killed, 0.0 pedestrian_injured, 0.0 pedestrian_killed, Fair (Day), EDSA Paramount Quezon City",MMDA Road Safety Unit,,d2187523-63a4-46ba-9138-a70f22d27425,2013-09-05,22:15:00,EDSA Roosevelt Ave. Quezon City,0,0,0,0,0,0,0,0,0,0,2013-09-06 6:15,Property,14.6555967,121.0297922,No Collision Stated
None,EDSA,None,None,"No Accident Factor, Rear-end (Multiple), 0.0 drivers_injured, 0.0 drivers_killed, 0.0 passengers_injured, 0.0 passengers_killed, 0.0 pedestrian_injured, 0.0 pedestrian_killed, Fair (Day), EDSA Whiteplains Quezon City",MMDA Road Safety Unit,,dd271adb-c9fb-4946-a623-39ca4d87328e,2013-09-05,02:45:00,EDSA Kamuning Road Quezon City,0,0,0,0,0,0,0,0,0,0,2013-09-05 10:45,Property,14.59961782,121.0596522,Rear-End
None,EDSA,None,None,"No Accident Factor, Rear-end, 0.0 drivers_injured, 0.0 drivers_killed, 0.0 passengers_injured, 0.0 passengers_killed, 0.0 pedestrian_injured, 0.0 pedestrian_killed, Fair (Day), EDSA Main Avenue  Quezon City",MMDA Road Safety Unit,,66331415-28a5-409e-bb42-c920bbb9050b,2013-09-05,00:30:00,EDSA Quezon Ave. fronting Mc Donald's Quezon City,0,0,0,0,0,0,0,0,0,0,2013-09-05 8:30,Property,14.61376458,121.0537933,Rear-End
None,EDSA,None,None,"No Accident Factor, Rear-end, 0.0 drivers_injured, 0.0 drivers_killed, 0.0 passengers_injured, 0.0 passengers_killed, 0.0 pedestrian_injured, 0.0 pedestrian_killed, Fair (Day), EDSA GMA 7 UTS Quezon City",MMDA Road Safety Unit,,2c1c8e20-a59d-491a-809a-544d6e24c3cc,2013-09-04,23:10:00,EDSA North Ave. Bgy.Pag asa Quezon City,0,0,0,0,0,0,0,0,0,0,2013-09-05 7:10,Property,14.63545103,121.0432182,Rear-End
None,EDSA,None,None,"No Accident Factor, No Collision Stated (based on Police Blotter Book), 0.0 drivers_injured, 0.0 drivers_killed, 0.0 passengers_injured, 0.0 passengers_killed, 0.0 pedestrian_injured, 0.0 pedestrian_killed, Fair (Night), EDSA fronting Jackman Dept. Store, Bgy. Magsaysay Quezon City",MMDA Road Safety Unit,,62315cd3-32a7-4fb6-82b2-94991d0123ec,2013-09-04,14:00:00,EDSA North Road Quezon City,0,0,0,0,0,0,0,0,0,0,2013-09-04 22:00,Property,14.65772869,121.0211666,No Collision Stated
None,EDSA,None,None,"No Accident Factor, No Collision Stated (based on Police Blotter Book), 0.0 drivers_injured, 0.0 drivers_killed, 0.0 passengers_injured, 0.0 passengers_killed, 0.0 pedestrian_injured, 0.0 pedestrian_killed, Fair (Night), EDSA fronting Waltermart, Brgy. Veterans Quezon City",MMDA Road Safety Unit,,1c13fcb9-8b79-483b-a85d-7f655d5d0ef6,2013-09-04,10:00:00,"EDSA fronting Camp Aguinaldo, Bgy. Socorro Quezon City",0,0,0,0,0,0,0,0,0,0,2013-09-04 18:00,Property,14.65755908,121.0204569,No Collision Stated
None,EDSA,None,None,"No Accident Factor, No Collision Stated (based on Police Blotter Book), 0.0 drivers_injured, 0.0 drivers_killed, 0.0 passengers_injured, 0.0 passengers_killed, 0.0 pedestrian_injured, 0.0 pedestrian_killed, Fair (Day), EDSA Main Avenue Quezon City",MMDA Road Safety Unit,,a7b74675-1a0f-42a1-ac39-ddc8a1e1725a,2013-09-04,07:50:00,EDSA before Quezon Ave. Quezon City,0,0,0,0,0,0,0,0,0,0,2013-09-04 15:50,Property,14.61376458,121.0537933,No Collision Stated
None,EDSA,None,None,"No Accident Factor, No Collision Stated (based on Police Blotter Book), 0.0 drivers_injured, 0.0 drivers_killed, 0.0 passengers_injured, 0.0 passengers_killed, 0.0 pedestrian_injured, 0.0 pedestrian_killed, Fair (Day), EDSA Kamuning Road Quezon City",MMDA Road Safety Unit,,d889d90f-9867-43de-a7f8-f5b2271075d2,2013-09-04,04:45:00,EDSA Aurora Blvd. Quezon City,0,0,0,0,0,0,0,0,0,0,2013-09-04 12:45,Property,14.63075725,121.0457548,No Collision Stated
None,EDSA,None,None,"No Accident Factor, Side Swipe, 0.0 drivers_injured, 0.0 drivers_killed, 0.0 passengers_injured, 0.0 passengers_killed, 0.0 pedestrian_injured, 0.0 pedestrian_killed, Fair (Day), EDSA Mindanao Ave., Bgy. Bagong Pag-asa Quezon City",MMDA Road Safety Unit,,94374f42-2449-4ac7-807b-023189691781,2013-09-04,02:30:00,EDSA Aurora Blvd. Quezon City,0,0,0,0,0,0,0,0,0,0,2013-09-04 10:30,Property,14.65052386,121.0335656,Side Swipe
None,EDSA,None,None,"No Accident Factor, No Collision Stated (based on Police Blotter Book), 0.0 drivers_injured, 0.0 drivers_killed, 0.0 passengers_injured, 0.0 passengers_killed, 0.0 pedestrian_injured, 0.0 pedestrian_killed, Fair (Day), EDSA before MRT Station, Bgy. Phil-am Quezon City",MMDA Road Safety Unit,,427002cb-8164-419b-9e9d-5d41e35f2448,2013-09-03,22:30:00,EDSA Main Ave. fronting Shell Gas Station Quezon City,0,0,0,0,0,0,0,0,0,0,2013-09-04 6:30,Property,14.6524586,121.0319201,No Collision Stated
None,EDSA,None,None,"No Accident Factor, No Collision Stated (based on Police Blotter Book), 0.0 drivers_injured, 0.0 drivers_killed, 0.0 passengers_injured, 0.0 passengers_killed, 0.0 pedestrian_injured, 0.0 pedestrian_killed, Fair (Day), EDSA P. Tuazon Blvd. Quezon City",MMDA Road Safety Unit,,a9f38341-b475-4574-8870-c0a4f7b6aa7b,2013-09-03,08:00:00,EDSA Mapagmahal St.  Quezon City,0,0,0,0,0,0,0,0,0,0,2013-09-03 16:00,Property,14.61656342,121.0525225,No Collision Stated
None,EDSA,None,None,"No Accident Factor, No Collision Stated (based on Police Blotter Book), 0.0 drivers_injured, 0.0 drivers_killed, 0.0 passengers_injured, 0.0 passengers_killed, 0.0 pedestrian_injured, 0.0 pedestrian_killed, Fair (Day), EDSA before Mindanao Ave. Ext. Quezon City",MMDA Road Safety Unit,,b0d7d1dd-4b0e-4803-82c6-16638f8036df,2013-09-01,22:15:00,EDSA Kamias Road Quezon City,0,0,0,0,0,0,0,0,0,0,2013-09-02 6:15,Property,14.65032687,121.0335968,No Collision Stated
None,EDSA,None,None,"No Accident Factor, Rear-end, 0.0 drivers_injured, 0.0 drivers_killed, 0.0 passengers_injured, 0.0 passengers_killed, 0.0 pedestrian_injured, 0.0 pedestrian_killed, Fair (Night), EDSA fronting Victory Bus Liner Terminal Quezon City",MMDA Road Safety Unit,,1fce3689-0cc7-4d5b-aecb-6cab528ff21c,2013-09-01,11:40:00,EDSA fronting Centris Quezon City,0,0,0,0,0,0,0,0,0,0,2013-09-01 19:40,Property,14.63252227,121.0452382,Rear-End
None,EDSA,None,None,"No Accident Factor, No Collision Stated (based on Police Blotter Book), 0.0 drivers_injured, 0.0 drivers_killed, 0.0 passengers_injured, 0.0 passengers_killed, 0.0 pedestrian_injured, 0.0 pedestrian_killed, Fair (Day), EDSA Roosevelt Avenue Brgy. San Antonio Quezon City",MMDA Road Safety Unit,,b2ad0c4a-51c5-4177-bbba-c692653e844d,2013-08-31,01:00:00,EDSA Misamis St. Bgy.Sto.Cristo Quezon City,0,0,0,0,0,0,0,0,0,0,2013-08-31 9:00,Property,14.65762047,121.0196373,No Collision Stated
None,EDSA,None,None,"No Accident Factor, Side Swipe, 0.0 drivers_injured, 0.0 drivers_killed, 0.0 passengers_injured, 0.0 passengers_killed, 0.0 pedestrian_injured, 0.0 pedestrian_killed, Fair (Night), EDSA K-3rd St. Quezon City",MMDA Road Safety Unit,,145b07bd-9fef-470f-827c-3644c86ada6f,2013-08-30,12:45:00,EDSA Main St. Quezon City,0,0,0,0,0,0,0,0,0,0,2013-08-30 20:45,Property,14.62942357,121.0463854,Side Swipe