LOCATION_TEXT,ROAD,WEATHER,LIGHT,DESC,REPORTING_AGENCY,MAIN_CAUSE,INCIDENTDETAILS_ID,DATE_UTC,TIME_UTC,ADDRESS,killed_driver,killed_passenger,killed_pedestrian,injured_driver,injured_passenger,injured_pedestrian,killed_uncategorized,injured_uncategorized,killed_total,injured_total,DATETIME_PST,SEVERITY,Y,X,COLLISION_TYPE
None,EDSA,None,None,"No Accident Factor, No Collision Stated (based on Police Blotter Book), 0.0 drivers_injured, 0.0 drivers_killed, 0.0 passengers_injured, 0.0 passengers_killed, 0.0 pedestrian_injured, 0.0 pedestrian_killed, Fair (Night), EDSA fronting SM North Quezon City",MMDA Road Safety Unit,,5ca8f6cc-8b0c-4b9a-a20e-6529b6c17080,2013-08-30,12:00:00,EDSA Roosevelt Ave. Quezon City,0,0,0,0,0,0,0,0,0,0,2013-08-30 20:00,Property,14.65591384,121.0291263,No Collision Stated
None,EDSA,None,None,"No Accident Factor, No Collision Stated (based on Police Blotter Book), 0.0 drivers_injured, 0.0 drivers_killed, 0.0 passengers_injured, 0.0 passengers_killed, 0.0 pedestrian_injured, 0.0 pedestrian_killed, Fair (Day), EDSA Trinoma Mall Quezon City",MMDA Road Safety Unit,,89db1395-625d-4afd-878f-3d02b81537f4,2013-08-30,06:00:00,EDSA fronting SM North Bldg. Bgy.Sto.Cristo Quezon City,0,0,0,0,0,0,0,0,0,0,2013-08-30 14:00,Property,14.65242607,121.0323133,No Collision Stated
None,EDSA,None,None,"No Accident Factor, No Collision Stated (based on Police Blotter Book), 0.0 drivers_injured, 0.0 drivers_killed, 0.0 passengers_injured, 0.0 passengers_killed, 0.0 pedestrian_injured, 0.0 pedestrian_killed, Fair (Day), EDSA Santolan Road Quezon City",MMDA Road Safety Unit,,93f44ddc-8856-4eff-a563-272c9bdbac3e,2013-08-30,03:25:00,EDSA Robinson's Galleria Bus Stop Quezon City,0,0,0,0,0,0,0,0,0,0,2013-08-30 11:25,Property,14.6102736,121.0552175,No Collision Stated
None,EDSA,None,None,"No Accident Factor, No Collision Stated (based on Police Blotter Book), 0.0 drivers_injured, 0.0 drivers_killed, 0.0 passengers_injured, 0.0 passengers_killed, 0.0 pedestrian_injured, 0.0 pedestrian_killed, Fair (Night), EDSA Mindanao Exit Quezon City",MMDA Road Safety Unit,,fde97d45-0391-4a04-bca7-508ae8a923ee,2013-08-29,15:05:00,EDSA fronting Camp Aguinaldo Gate 3 Quezon City,0,0,0,0,0,0,0,0,0,0,2013-08-29 23:05,Property,14.65052386,121.0335656,No Collision Stated
None,EDSA,None,None,"No Accident Factor, Rear-end, 0.0 drivers_injured, 0.0 drivers_killed, 0.0 passengers_injured, 0.0 passengers_killed, 0.0 pedestrian_injured, 0.0 pedestrian_killed, Fair (Day), EDSA Kamuning Road Quezon City",MMDA Road Safety Unit,,70840ac4-10d3-4974-9624-ebc2987b502a,2013-08-29,07:20:00,EDSA P. Tuazon Blvd. Quezon City,0,0,0,0,0,0,0,0,0,0,2013-08-29 15:20,Property,14.63075725,121.0457548,Rear-End
None,EDSA,None,None,"No Accident Factor, No Collision Stated (based on Police Blotter Book), 0.0 drivers_injured, 0.0 drivers_killed, 0.0 passengers_injured, 0.0 passengers_killed, 0.0 pedestrian_injured, 0.0 pedestrian_killed, Fair (Day), EDSA Quezon Avenue Quezon City",MMDA Road Safety Unit,,4d59e289-e0f5-4660-9014-ec8748e25797,2013-08-29,01:05:00,EDSA between Aurora Blvd. and New York Quezon City,0,0,0,0,0,0,0,0,0,0,2013-08-29 9:05,Property,14.6442444,121.0375839,No Collision Stated
None,EDSA,None,None,"No Accident Factor, No Collision Stated (based on Police Blotter Book), 0.0 drivers_injured, 0.0 drivers_killed, 0.0 passengers_injured, 0.0 passengers_killed, 0.0 pedestrian_injured, 0.0 pedestrian_killed, Fair (Day), EDSA North Avenue, Brgy. Pag-asa Quezon City",MMDA Road Safety Unit,,5ade3d37-30d8-4b5b-ae0e-5b2fa68f5a7f,2013-08-28,22:50:00,EDSA Quezon Ave. Quezon City,0,0,0,0,0,0,0,0,0,0,2013-08-29 6:50,Property,14.65553839,121.0299647,No Collision Stated
None,EDSA,None,None,"No Accident Factor, No Collision Stated (based on Police Blotter Book), 1.0 drivers_injured, 0.0 drivers_killed, 0.0 passengers_injured, 0.0 passengers_killed, 0.0 pedestrian_injured, 0.0 pedestrian_killed, Fair (Night), EDSA Kamias Road Quezon City",MMDA Road Safety Unit,,9c961aee-8601-4017-8d3a-c708dfd80f69,2013-08-28,18:15:00,EDSA North Ave. Quezon City,0,0,0,1,0,0,0,0,0,1,2013-08-29 2:15,Injury,14.6309142,121.0459376,No Collision Stated
None,EDSA,None,None,"No Accident Factor, No Collision Stated (based on Police Blotter Book), 0.0 drivers_injured, 0.0 drivers_killed, 0.0 passengers_injured, 0.0 passengers_killed, 0.0 pedestrian_injured, 0.0 pedestrian_killed, Fair (Night), EDSA Trinoma Bldg., Brgy. Pag-asa Quezon City",MMDA Road Safety Unit,,217724a5-efd9-422b-8ffc-8974807405ff,2013-08-28,12:30:00,EDSA North Ave. Quezon City,0,0,0,0,0,0,0,0,0,0,2013-08-28 20:30,Property,14.65242607,121.0323133,No Collision Stated
None,EDSA,None,None,"No Accident Factor, Hit and Run (No Collision Stated), 0.0 drivers_injured, 0.0 drivers_killed, 0.0 passengers_injured, 0.0 passengers_killed, 0.0 pedestrian_injured, 0.0 pedestrian_killed, Fair (Day), EDSA Congressional Avenue  Quezon City",MMDA Road Safety Unit,,8c764378-2424-4654-a9e1-16eeba940703,2013-08-28,03:15:00,EDSA North Ave. Bgy.Pag asa Quezon City,0,0,0,0,0,0,0,0,0,0,2013-08-28 11:15,Property,14.6571804,120.9927185,No Collision Stated
None,EDSA,None,None,"No Accident Factor, Rear-end, 0.0 drivers_injured, 0.0 drivers_killed, 0.0 passengers_injured, 0.0 passengers_killed, 0.0 pedestrian_injured, 0.0 pedestrian_killed, Fair (Day), EDSA Mother Ignacia STreet Quezon City",MMDA Road Safety Unit,,385eb07c-57b4-4d4d-bf47-ff1ded00eceb,2013-08-27,05:40:00,EDSA Baliwag Bus Terminal Driveway Quezon City,0,0,0,0,0,0,0,0,0,0,2013-08-27 13:40,Property,14.64220321,121.0386692,Rear-End
None,EDSA,None,None,"No Accident Factor, No Collision Stated (based on Police Blotter Book), 0.0 drivers_injured, 0.0 drivers_killed, 0.0 passengers_injured, 0.0 passengers_killed, 0.0 pedestrian_injured, 0.0 pedestrian_killed, Fair (Day), EDSA Timog Avenue Kamuning Road JAM Bus Trminal Quezon City",MMDA Road Safety Unit,,a5434984-0b8f-47b2-8d80-139d69e49dc0,2013-08-26,23:20:00,EDSA before Major Ignacio Dias St. Quezon City,0,0,0,0,0,0,0,0,0,0,2013-08-27 7:20,Property,14.63293559,121.0446304,No Collision Stated
None,EDSA,None,None,"No Accident Factor, Side Swipe, 0.0 drivers_injured, 0.0 drivers_killed, 0.0 passengers_injured, 0.0 passengers_killed, 0.0 pedestrian_injured, 0.0 pedestrian_killed, Fair (Day), EDSA Misamis Street Quezon City",MMDA Road Safety Unit,,9c0c2f75-a98e-4fc5-a7a9-73aee995fd16,2013-08-26,08:10:00,EDSA between K-3rd Ext. and Ermin Garcia St. Quezon City,0,0,0,0,0,0,0,0,0,0,2013-08-26 16:10,Property,14.65602348,121.0285212,Side Swipe
None,EDSA,None,None,"No Accident Factor, No Collision Stated (based on Police Blotter Book), 0.0 drivers_injured, 0.0 drivers_killed, 1.0 passengers_injured, 0.0 passengers_killed, 0.0 pedestrian_injured, 0.0 pedestrian_killed, Fair (Night), EDSA fronting KIA Motors Bgy.Veterans Quezon City",MMDA Road Safety Unit,,8a50fc8d-582a-4132-8c92-25edd50cf7ab,2013-08-25,13:45:00,"EDSA fronting DPWH Office, Bgy. Pinyahan Quezon City",0,0,0,0,1,0,0,0,0,1,2013-08-25 21:45,Injury,14.65717946,121.0225209,No Collision Stated
None,EDSA,None,None,"No Accident Factor, Rear-end, 0.0 drivers_injured, 0.0 drivers_killed, 0.0 passengers_injured, 0.0 passengers_killed, 0.0 pedestrian_injured, 0.0 pedestrian_killed, Fair (Day), EDSA Baliwag Transit Bus Terminal Quezon City",MMDA Road Safety Unit,,81c9efb2-937d-47d5-9853-87324bceb3ea,2013-08-25,03:05:00,EDSA North Ave. Bgy.Pag asa Quezon City,0,0,0,0,0,0,0,0,0,0,2013-08-25 11:05,Property,14.6244766,121.0489584,Rear-End
None,EDSA,None,None,"No Accident Factor, Rear-end, 0.0 drivers_injured, 0.0 drivers_killed, 0.0 passengers_injured, 0.0 passengers_killed, 0.0 pedestrian_injured, 0.0 pedestrian_killed, Fair (Day), EDSA Quezon Ave. Service Road Quezon City",MMDA Road Safety Unit,,e2384c0c-6667-4bf2-b962-4e732f009f33,2013-08-24,00:15:00,EDSA OP/UP Bgy. Balingasa Quezon City,0,0,0,0,0,0,0,0,0,0,2013-08-24 8:15,Property,14.6442444,121.0375839,Rear-End
None,EDSA,None,None,"No Accident Factor, No Collision Stated (based on Police Blotter Book), 0.0 drivers_injured, 0.0 drivers_killed, 0.0 passengers_injured, 0.0 passengers_killed, 0.0 pedestrian_injured, 0.0 pedestrian_killed, Fair (Night), EDSA Mindanao Avenue  Quezon City",MMDA Road Safety Unit,,40978e0f-ca76-40ef-bc5c-f455364cdf72,2013-08-23,12:30:00,"EDSA fronting Victory Liner Bus Terminal, Bgy. Pinyahan Quezon City",0,0,0,0,0,0,0,0,0,0,2013-08-23 20:30,Property,14.65052386,121.0335656,No Collision Stated
None,EDSA,None,None,"No Accident Factor, No Collision Stated (based on Police Blotter Book), 0.0 drivers_injured, 0.0 drivers_killed, 0.0 passengers_injured, 1.0 passengers_killed, 0.0 pedestrian_injured, 0.0 pedestrian_killed, Fair (Night), EDSA P. Tuazon Blvd. Quezon City",MMDA Road Safety Unit,,c060fdb7-a675-46fe-827b-4d5286222ef4,2013-08-17,17:30:00,EDSA Arayat St. Quezon City,0,1,0,0,0,0,0,0,1,0,2013-08-18 1:30,Fatal,14.61656342,121.0525225,No Collision Stated
None,EDSA,None,None,"No Accident Factor, Side Swipe, 0.0 drivers_injured, 0.0 drivers_killed, 0.0 passengers_injured, 0.0 passengers_killed, 0.0 pedestrian_injured, 0.0 pedestrian_killed, Fair (Night), EDSA New York Street Quezon City",MMDA Road Safety Unit,,3507e133-1ea4-41df-9e03-59bd678c4f54,2013-08-17,10:20:00,EDSA Banahaw St.  Quezon City,0,0,0,0,0,0,0,0,0,0,2013-08-17 18:20,Property,14.62568514,121.0482307,Side Swipe
None,EDSA,None,None,"No Accident Factor, Rear-end, 0.0 drivers_injured, 0.0 drivers_killed, 0.0 passengers_injured, 0.0 passengers_killed, 0.0 pedestrian_injured, 0.0 pedestrian_killed, Fair (Day), EDSA E. Lopez Street Quezon City",MMDA Road Safety Unit,,30e7f7a3-15a4-46c0-8ff0-25559ecf502f,2013-08-17,07:35:00,EDSA fronting Farmer's Market  Quezon City,0,0,0,0,0,0,0,0,0,0,2013-08-17 15:35,Property,14.6396904,121.0403884,Rear-End
None,EDSA,None,None,"No Accident Factor, Side Swipe, 0.0 drivers_injured, 0.0 drivers_killed, 0.0 passengers_injured, 0.0 passengers_killed, 0.0 pedestrian_injured, 0.0 pedestrian_killed, Fair (Day), EDSA Mindanao Avenue Ext., Brgy. Pag-asa Quezon City",MMDA Road Safety Unit,,286ef45f-db6c-44fa-9a80-45354e814681,2013-08-17,04:40:00,EDSA Quezon Ave. UTS  Quezon City,0,0,0,0,0,0,0,0,0,0,2013-08-17 12:40,Property,14.65052386,121.0335656,Side Swipe
None,EDSA,None,None,"No Accident Factor, No Collision Stated (based on Police Blotter Book), 0.0 drivers_injured, 0.0 drivers_killed, 0.0 passengers_injured, 0.0 passengers_killed, 0.0 pedestrian_injured, 0.0 pedestrian_killed, Fair (Night), EDSA Misamis Street, Brgy. Sto. Cristo Quezon City",MMDA Road Safety Unit,,5c50e437-9f98-48a8-8394-3bc5a8e2472e,2013-08-16,12:00:00,EDSA fronting QCA Quezon City,0,0,0,0,0,0,0,0,0,0,2013-08-16 20:00,Property,14.65602348,121.0285212,No Collision Stated
None,EDSA,None,None,"No Accident Factor, No Collision Stated (based on Police Blotter Book), 0.0 drivers_injured, 0.0 drivers_killed, 1.0 passengers_injured, 0.0 passengers_killed, 0.0 pedestrian_injured, 0.0 pedestrian_killed, Fair (Day), EDSA fronting Balintawak Public Market, Bgy. Balingasa Quezon City",MMDA Road Safety Unit,,9bfa024d-dffb-4302-af15-ac6be10e0df4,2013-08-16,00:30:00,EDSA Corregidor St. Quezon City,0,0,0,0,1,0,0,0,0,1,2013-08-16 8:30,Injury,14.65736198,121.00264,No Collision Stated
None,EDSA,None,None,"No Accident Factor, Side Swipe, 0.0 drivers_injured, 0.0 drivers_killed, 0.0 passengers_injured, 0.0 passengers_killed, 0.0 pedestrian_injured, 0.0 pedestrian_killed, Fair (Night), EDSA fronting Robinson's Galleria Quezon City",MMDA Road Safety Unit,,e38a8883-d006-4eda-a992-9e141b5caa1a,2013-08-15,11:30:00,EDSA Arayat St. Quezon City,0,0,0,0,0,0,0,0,0,0,2013-08-15 19:30,Property,14.59213971,121.0582412,Side Swipe
None,EDSA,None,None,"No Accident Factor, Side Swipe, 0.0 drivers_injured, 0.0 drivers_killed, 0.0 passengers_injured, 0.0 passengers_killed, 0.0 pedestrian_injured, 0.0 pedestrian_killed, Fair (Night), EDSA Aurora Blvd. Quezon City",MMDA Road Safety Unit,,f5df00b1-dd49-4fc8-a822-dccdbcbb218a,2013-08-15,10:45:00,EDSA after Congressional Ave. Bgy.Bahay Toro Quezon City,0,0,0,0,0,0,0,0,0,0,2013-08-15 18:45,Property,14.62163653,121.0501573,Side Swipe
None,EDSA,None,None,"No Accident Factor, No Collision Stated (based on Police Blotter Book), 0.0 drivers_injured, 0.0 drivers_killed, 0.0 passengers_injured, 0.0 passengers_killed, 0.0 pedestrian_injured, 0.0 pedestrian_killed, Fair (Night), EDSA North Avenue Quezon City",MMDA Road Safety Unit,,9d9e0fc5-3a9f-4126-9231-521a81d33463,2013-08-14,11:00:00,EDSA fronting OP/UP Balintawak Quezon City,0,0,0,0,0,0,0,0,0,0,2013-08-14 19:00,Property,14.65553839,121.0299647,No Collision Stated
None,EDSA,None,None,"No Accident Factor, Rear-end, 0.0 drivers_injured, 0.0 drivers_killed, 0.0 passengers_injured, 0.0 passengers_killed, 0.0 pedestrian_injured, 0.0 pedestrian_killed, Fair (Night), EDSA Timog Avenue  Quezon City",MMDA Road Safety Unit,,737fa92d-4dfa-4669-aaad-a2101b012961,2013-08-14,11:00:00,EDSA Quezon Ave. Quezon City,0,0,0,0,0,0,0,0,0,0,2013-08-14 19:00,Property,14.63293559,121.0446304,Rear-End
None,EDSA,None,None,"No Accident Factor, Angle Impact, 0.0 drivers_injured, 0.0 drivers_killed, 0.0 passengers_injured, 0.0 passengers_killed, 0.0 pedestrian_injured, 0.0 pedestrian_killed, Fair (Day), EDSA Whiteplains Road Quezon City",MMDA Road Safety Unit,,9a21f763-fc2a-4fb6-a18b-26370d292235,2013-08-14,07:00:00,EDSA before Kamias Road Quezon City,0,0,0,0,0,0,0,0,0,0,2013-08-14 15:00,Property,14.59961782,121.0596522,Angle Impact
None,EDSA,None,None,"No Accident Factor, No Collision Stated (based on Police Blotter Book), 0.0 drivers_injured, 0.0 drivers_killed, 0.0 passengers_injured, 0.0 passengers_killed, 0.0 pedestrian_injured, 0.0 pedestrian_killed, Fair (Day), EDSA Victory Liner Terminal Quezon City",MMDA Road Safety Unit,,4995534b-8af6-4804-a4ea-3e9db006ecbe,2013-08-14,04:00:00,EDSA Aurora Blvd. Quezon City,0,0,0,0,0,0,0,0,0,0,2013-08-14 12:00,Property,14.62439943,121.0488805,No Collision Stated
None,EDSA,None,None,"No Accident Factor, Hit and Run (Side Swipe), 0.0 drivers_injured, 0.0 drivers_killed, 0.0 passengers_injured, 0.0 passengers_killed, 0.0 pedestrian_injured, 0.0 pedestrian_killed, Fair (Day), EDSA fronting DPWH Bldg., Bgy. Pinyahan Quezon City",MMDA Road Safety Unit,,8e7d34be-f90c-497e-b323-97f0fe8304d3,2013-08-14,03:20:00,EDSA fronting Farmers Plaza Quezon City,0,0,0,0,0,0,0,0,0,0,2013-08-14 11:20,Property,14.63473964,121.043922,Side Swipe
None,EDSA,None,None,"No Accident Factor, No Collision Stated (based on Police Blotter Book), 0.0 drivers_injured, 0.0 drivers_killed, 0.0 passengers_injured, 0.0 passengers_killed, 0.0 pedestrian_injured, 0.0 pedestrian_killed, Fair (Night), EDSA Arayat Street Quezon City",MMDA Road Safety Unit,,fa324629-1055-4a7b-821d-acaf2043dd46,2013-08-13,14:30:00,"EDSA fronting Corinthian Garden, Bgy. Ugong Norte Quezon City",0,0,0,0,0,0,0,0,0,0,2013-08-13 22:30,Property,14.61961124,121.0508602,No Collision Stated
None,EDSA,None,None,"No Accident Factor, Hit and Run (Side Swipe), 0.0 drivers_injured, 0.0 drivers_killed, 0.0 passengers_injured, 0.0 passengers_killed, 0.0 pedestrian_injured, 0.0 pedestrian_killed, Fair (Night), EDSA North Ave., Bgy. Pag-asa Quezon City",MMDA Road Safety Unit,,bdb5da51-d437-45c9-af1e-b6616e09eb78,2013-08-12,13:00:00,EDSA fronting Balintawak Market Quezon City,0,0,0,0,0,0,0,0,0,0,2013-08-12 21:00,Property,14.65553839,121.0299647,Side Swipe
None,EDSA,None,None,"No Accident Factor, No Collision Stated (based on Police Blotter Book), 0.0 drivers_injured, 0.0 drivers_killed, 0.0 passengers_injured, 0.0 passengers_killed, 0.0 pedestrian_injured, 0.0 pedestrian_killed, Fair (Night), EDSA West Ave. Quezon City",MMDA Road Safety Unit,,900bb508-f3c2-47c9-8e38-8a93e005adb1,2013-08-12,12:30:00,"EDSA before SM Hypermart, Cubao Quezon City",0,0,0,0,0,0,0,0,0,0,2013-08-12 20:30,Property,14.65548924,121.0298079,No Collision Stated
None,EDSA,None,None,"No Accident Factor, Side Swipe, 0.0 drivers_injured, 0.0 drivers_killed, 0.0 passengers_injured, 0.0 passengers_killed, 0.0 pedestrian_injured, 0.0 pedestrian_killed, Fair (Day), EDSA Mother Ignacia Street Quezon City",MMDA Road Safety Unit,,d5fd23f4-3e8a-41f7-9635-609c883af667,2013-08-12,09:00:00,EDSA fronting Landmark Quezon City,0,0,0,0,0,0,0,0,0,0,2013-08-12 17:00,Property,14.64220321,121.0386692,Side Swipe
None,EDSA,None,None,"No Accident Factor, Angle Impact, 0.0 drivers_injured, 0.0 drivers_killed, 0.0 passengers_injured, 0.0 passengers_killed, 0.0 pedestrian_injured, 0.0 pedestrian_killed, Fair (Night), EDSA East Ave., Bgy.Pinyahan Quezon City",MMDA Road Safety Unit,,14c67db5-097a-4965-8abb-2195d7a07141,2013-08-11,14:30:00,EDSA between Timog Ave. and Kamuning Road fronting Meralco Quezon City,0,0,0,0,0,0,0,0,0,0,2013-08-11 22:30,Property,14.6328297,121.0451176,Angle Impact
None,EDSA,None,None,"No Accident Factor, Hit Parked Vehicle, 0.0 drivers_injured, 0.0 drivers_killed, 0.0 passengers_injured, 0.0 passengers_killed, 0.0 pedestrian_injured, 0.0 pedestrian_killed, Fair (Day), EDSA fronting Balintawak Public Market Quezon City",MMDA Road Safety Unit,,5408e964-d821-4661-b169-11c1763d517b,2013-08-11,09:45:00,EDSA fronting Waltermart Mall Bgy.Veterans Quezon City,0,0,0,0,0,0,0,0,0,0,2013-08-11 17:45,Property,14.65736198,121.00264,Hit Object
None,EDSA,None,None,"No Accident Factor, Hit Object (No Object Stated), 0.0 drivers_injured, 0.0 drivers_killed, 0.0 passengers_injured, 0.0 passengers_killed, 0.0 pedestrian_injured, 0.0 pedestrian_killed, Fair (Night), EDSA Lucena Lines Bus Terminal Quezon City",MMDA Road Safety Unit,,c7057684-bbc6-4e40-bc91-0064729a7811,2013-08-10,14:00:00,EDSA Congressional Road Bgy.Bago Bantay Quezon City,0,0,0,0,0,0,0,0,0,0,2013-08-10 22:00,Property,14.63163168,121.0456734,Hit Object
None,EDSA,None,None,"No Accident Factor, Side Swipe, 0.0 drivers_injured, 0.0 drivers_killed, 0.0 passengers_injured, 0.0 passengers_killed, 0.0 pedestrian_injured, 0.0 pedestrian_killed, Fair (Night), EDSA fronting SM Hypermart, Cubao Quezon City",MMDA Road Safety Unit,,152fb8ee-4c10-407f-ba8f-08e24931fc0f,2013-08-10,12:30:00,EDSA Kamias Road Quezon City,0,0,0,0,0,0,0,0,0,0,2013-08-10 20:30,Property,14.61400984,121.053672,Side Swipe
None,EDSA,None,None,"No Accident Factor, No Collision Stated (based on Police Blotter Book), 0.0 drivers_injured, 0.0 drivers_killed, 0.0 passengers_injured, 0.0 passengers_killed, 0.0 pedestrian_injured, 0.0 pedestrian_killed, Fair (Day), EDSA Aurora Blvd. Quezon City",MMDA Road Safety Unit,,8ebfdadd-0bb8-4055-b231-598fe356765b,2013-08-10,02:00:00,EDSA Paramount Bgy.Philam Quezon City,0,0,0,0,0,0,0,0,0,0,2013-08-10 10:00,Property,14.62163653,121.0501573,No Collision Stated
None,EDSA,None,None,"No Accident Factor, Side Swipe, 0.0 drivers_injured, 0.0 drivers_killed, 0.0 passengers_injured, 0.0 passengers_killed, 0.0 pedestrian_injured, 0.0 pedestrian_killed, Fair (Night), EDSA B. Serrano Ave., Bgy. Socorro Quezon City",MMDA Road Safety Unit,,a1d0375d-e08e-49c1-8466-ba32f205532b,2013-08-09,12:50:00,EDSA West Ave. Quezon City,0,0,0,0,0,0,0,0,0,0,2013-08-09 20:50,Property,14.61096685,121.0551991,Side Swipe
None,EDSA,None,None,"No Accident Factor, Side Swipe, 0.0 drivers_injured, 0.0 drivers_killed, 0.0 passengers_injured, 0.0 passengers_killed, 0.0 pedestrian_injured, 0.0 pedestrian_killed, Fair (Day), EDSA Arayat St. Quezon City",MMDA Road Safety Unit,,0bdb34bd-694a-4569-8df2-6eb91d38936c,2013-08-09,08:20:00,"EDSA fronting Nepa Q-Mart, Bgy. E. Rodriguez Quezon City",0,0,0,0,0,0,0,0,0,0,2013-08-09 16:20,Property,14.61961124,121.0508602,Side Swipe
None,EDSA,None,None,"No Accident Factor, Hit Object (No Object Stated), 0.0 drivers_injured, 0.0 drivers_killed, 0.0 passengers_injured, 0.0 passengers_killed, 0.0 pedestrian_injured, 0.0 pedestrian_killed, Fair (Night), EDSA before Quezon Ave. Quezon City",MMDA Road Safety Unit,,e3b73676-b3df-4d3e-96e9-722787fb59e2,2013-08-08,21:50:00,EDSA North Ave. Quezon City,0,0,0,0,0,0,0,0,0,0,2013-08-09 5:50,Property,14.64451704,121.0371727,Hit Object
None,EDSA,None,None,"No Accident Factor, No Collision Stated (based on Police Blotter Book), 0.0 drivers_injured, 0.0 drivers_killed, 0.0 passengers_injured, 0.0 passengers_killed, 0.0 pedestrian_injured, 0.0 pedestrian_killed, Fair (Night), EDSA North Avenue, Brgy. Pag-asa Quezon City",MMDA Road Safety Unit,,ed916ec7-55f1-4273-acc2-6347d6341c5b,2013-08-08,21:30:00,EDSA fronting HGL Bldg. Quezon City,0,0,0,0,0,0,0,0,0,0,2013-08-09 5:30,Property,14.65553839,121.0299647,No Collision Stated
None,EDSA,None,None,"No Accident Factor, Side Swipe, 0.0 drivers_injured, 0.0 drivers_killed, 0.0 passengers_injured, 0.0 passengers_killed, 0.0 pedestrian_injured, 0.0 pedestrian_killed, Fair (Night), EDSA Aurora Blvd. QCPD Station 10 Quezon City",MMDA Road Safety Unit,,0a481eea-5295-4b3d-b8bf-678c9e43140d,2013-08-08,14:45:00,EDSA fronting UNTV Quezon City,0,0,0,0,0,0,0,0,0,0,2013-08-08 22:45,Property,14.62163653,121.0501573,Side Swipe
None,EDSA,None,None,"No Accident Factor, No Collision Stated (based on Police Blotter Book), 0.0 drivers_injured, 0.0 drivers_killed, 0.0 passengers_injured, 0.0 passengers_killed, 0.0 pedestrian_injured, 0.0 pedestrian_killed, Fair (Night), EDSA Congressional Avenue Quezon City",MMDA Road Safety Unit,,9d75db58-6a2e-43f3-a947-59a7317d4a43,2013-08-07,12:00:00,EDSA Kamuning Road Quezon City,0,0,0,0,0,0,0,0,0,0,2013-08-07 20:00,Property,14.6571804,120.9927185,No Collision Stated
None,EDSA,None,None,"No Accident Factor, No Collision Stated (based on Police Blotter Book), 0.0 drivers_injured, 0.0 drivers_killed, 0.0 passengers_injured, 0.0 passengers_killed, 0.0 pedestrian_injured, 0.0 pedestrian_killed, Fair (Night), EDSA Misamis Street, Brgy. Pag-asa Quezon City",MMDA Road Safety Unit,,732ecd8a-9acf-4141-be3e-6255e248dbaa,2013-08-07,11:25:00,EDSA fronting Balintawak Market S/B Quezon City,0,0,0,0,0,0,0,0,0,0,2013-08-07 19:25,Property,14.65602348,121.0285212,No Collision Stated
None,EDSA,None,None,"No Accident Factor, Other (Hit Veh., Rear-end + Hit Obj., Fence/Wall-Concrete + Street Light Post), 1.0 drivers_injured, 0.0 drivers_killed, 0.0 passengers_injured, 0.0 passengers_killed, 0.0 pedestrian_injured, 0.0 pedestrian_killed, Fair (Night), EDSA before Ermin Garcia St. Quezon City",MMDA Road Safety Unit,,23de9ff1-4f03-4c3e-af9a-9707043c0d26,2013-08-06,21:10:00,EDSA Seminary Road Quezon City,0,0,0,1,0,0,0,0,0,1,2013-08-07 5:10,Injury,14.62776113,121.0471589,Rear-End
None,EDSA,None,None,"No Accident Factor, Angle Impact, 0.0 drivers_injured, 0.0 drivers_killed, 0.0 passengers_injured, 0.0 passengers_killed, 0.0 pedestrian_injured, 0.0 pedestrian_killed, Fair (Night), EDSA B. Serrano Ave. Quezon City",MMDA Road Safety Unit,,028dd5c4-cf1a-490c-ba66-9d7ccf41687c,2013-08-06,17:45:00,EDSA Aurora Blvd. Quezon City,0,0,0,0,0,0,0,0,0,0,2013-08-07 1:45,Property,14.61096685,121.0551991,Angle Impact
None,EDSA,None,None,"No Accident Factor, No Collision Stated (based on Police Blotter Book), 0.0 drivers_injured, 0.0 drivers_killed, 0.0 passengers_injured, 0.0 passengers_killed, 0.0 pedestrian_injured, 0.0 pedestrian_killed, Fair (Day), EDSA Arayat St. Quezon City",MMDA Road Safety Unit,,d5425a7f-e7c8-4089-9557-0b446265621a,2013-08-06,01:30:00,EDSA before Quezon Ave. Quezon City,0,0,0,0,0,0,0,0,0,0,2013-08-06 9:30,Property,14.61961124,121.0508602,No Collision Stated
None,EDSA,None,None,"No Accident Factor, No Collision Stated (based on Police Blotter Book), 0.0 drivers_injured, 0.0 drivers_killed, 0.0 passengers_injured, 0.0 passengers_killed, 0.0 pedestrian_injured, 0.0 pedestrian_killed, Fair (Day), EDSA After GMA Network Drive Quezon City",MMDA Road Safety Unit,,8c24eb16-6f98-4433-9c68-193f531f3602,2013-08-06,01:30:00,EDSA Col. Bonny Serrano Ave. (Santolan Road) Quezon City,0,0,0,0,0,0,0,0,0,0,2013-08-06 9:30,Property,14.63433928,121.0437953,No Collision Stated