LOCATION_TEXT,ROAD,WEATHER,LIGHT,DESC,REPORTING_AGENCY,MAIN_CAUSE,INCIDENTDETAILS_ID,DATE_UTC,TIME_UTC,ADDRESS,killed_driver,killed_passenger,killed_pedestrian,injured_driver,injured_passenger,injured_pedestrian,killed_uncategorized,injured_uncategorized,killed_total,injured_total,DATETIME_PST,SEVERITY,Y,X,COLLISION_TYPE
None,EDSA,None,None,"No Accident Factor, Side Swipe, 0.0 drivers_injured, 0.0 drivers_killed, 0.0 passengers_injured, 0.0 passengers_killed, 0.0 pedestrian_injured, 0.0 pedestrian_killed, Fair (Day), EDSA P. Tuazon Blvd. Quezon City",MMDA Road Safety Unit,,d53c4b29-3bc9-4ab8-963f-92a924e13689,2013-08-05,22:25:00,EDSA Aurora Blvd. Quezon City,0,0,0,0,0,0,0,0,0,0,2013-08-06 6:25,Property,14.61656342,121.0525225,Side Swipe
None,EDSA,None,None,"No Accident Factor, No Collision Stated (based on Police Blotter Book), 0.0 drivers_injured, 0.0 drivers_killed, 0.0 passengers_injured, 0.0 passengers_killed, 0.0 pedestrian_injured, 0.0 pedestrian_killed, Fair (Day), EDSA Kamias St. Quezon City",MMDA Road Safety Unit,,417a4c72-e1a7-46f9-b3e6-da942a1e98bf,2013-08-05,22:00:00,EDSA P. Tuazon Blvd. Quezon City,0,0,0,0,0,0,0,0,0,0,2013-08-06 6:00,Property,14.6309142,121.0459376,No Collision Stated
None,EDSA,None,None,"No Accident Factor, Side Swipe, 0.0 drivers_injured, 0.0 drivers_killed, 0.0 passengers_injured, 0.0 passengers_killed, 0.0 pedestrian_injured, 0.0 pedestrian_killed, Fair (Night), EDSA Liberty Ave. Quezon City",MMDA Road Safety Unit,,7e46a727-fe4a-4f54-abf2-1b9195870c24,2013-08-05,12:00:00,EDSA fronting SM Annex Quezon City,0,0,0,0,0,0,0,0,0,0,2013-08-05 20:00,Property,14.61201463,121.0547211,Side Swipe
None,EDSA,None,None,"No Accident Factor, Side Swipe, 0.0 drivers_injured, 0.0 drivers_killed, 0.0 passengers_injured, 0.0 passengers_killed, 0.0 pedestrian_injured, 0.0 pedestrian_killed, Fair (Night), EDSA Corregidor Street, Magsaysay Quezon City",MMDA Road Safety Unit,,5821d371-9287-4aee-a2e7-5250ab509322,2013-08-05,11:20:00,EDSA Aurora Blvd. Quezon City,0,0,0,0,0,0,0,0,0,0,2013-08-05 19:20,Property,14.65707679,121.0241648,Side Swipe
None,EDSA,None,None,"No Accident Factor, No Collision Stated (based on Police Blotter Book), 0.0 drivers_injured, 0.0 drivers_killed, 0.0 passengers_injured, 0.0 passengers_killed, 0.0 pedestrian_injured, 0.0 pedestrian_killed, Fair (Day), EDSA Aurora Blvd.   Quezon City",MMDA Road Safety Unit,,8faec268-822c-473b-83e9-66840567192b,2013-08-05,09:15:00,EDSA Col. Bonny Serrano Ave. Ext. (Santolan Road) Quezon City,0,0,0,0,0,0,0,0,0,0,2013-08-05 17:15,Property,14.6217569,121.0502544,No Collision Stated
None,EDSA,None,None,"No Accident Factor, No Collision Stated (based on Police Blotter Book), 0.0 drivers_injured, 0.0 drivers_killed, 0.0 passengers_injured, 0.0 passengers_killed, 0.0 pedestrian_injured, 0.0 pedestrian_killed, Fair (Day), EDSA Timog Ave. Quezon City",MMDA Road Safety Unit,,f1f6c51e-cf1c-4157-81d7-5adc4b52c8f0,2013-08-05,03:00:00,EDSA Congressional Ave. Quezon City,0,0,0,0,0,0,0,0,0,0,2013-08-05 11:00,Property,14.63293559,121.0446304,No Collision Stated
None,EDSA,None,None,"No Accident Factor, Side Swipe, 0.0 drivers_injured, 0.0 drivers_killed, 0.0 passengers_injured, 0.0 passengers_killed, 0.0 pedestrian_injured, 0.0 pedestrian_killed, Fair (Day), EDSA Timog Ave. / Sct. Albano U turn Slot Quezon City",MMDA Road Safety Unit,,9c129961-e516-4cc1-bf10-a77c0d06640c,2013-08-05,00:20:00,EDSA before Scout Borromeo St. Quezon City,0,0,0,0,0,0,0,0,0,0,2013-08-05 8:20,Property,14.63293559,121.0446304,Side Swipe
None,EDSA,None,None,"No Accident Factor, Side Swipe, 0.0 drivers_injured, 0.0 drivers_killed, 0.0 passengers_injured, 0.0 passengers_killed, 0.0 pedestrian_injured, 0.0 pedestrian_killed, Fair (Day), EDSA Timog Ave. U turn Slot / Sct. Albano U Turn Slot Quezon City",MMDA Road Safety Unit,,1081bab8-fca4-489e-99d7-1cf17beff8aa,2013-08-04,23:30:00,EDSA fronting Jam Liner Bus Terminal Quezon City,0,0,0,0,0,0,0,0,0,0,2013-08-05 7:30,Property,14.63293559,121.0446304,Side Swipe
None,EDSA,None,None,"No Accident Factor, No Collision Stated (based on Police Blotter Book), 0.0 drivers_injured, 0.0 drivers_killed, 0.0 passengers_injured, 0.0 passengers_killed, 0.0 pedestrian_injured, 0.0 pedestrian_killed, Fair (Night), EDSA fronting Eton Centris Bldg. Quezon City",MMDA Road Safety Unit,,5360de3d-20de-4177-8a25-e4d1fdb7ee33,2013-08-04,20:50:00,EDSA West Ave. Bus Bay West Triangle Quezon City,0,0,0,0,0,0,0,0,0,0,2013-08-05 4:50,Property,14.64319337,121.0382773,No Collision Stated
None,EDSA,None,None,"No Accident Factor, Rear-end, 0.0 drivers_injured, 0.0 drivers_killed, 0.0 passengers_injured, 0.0 passengers_killed, 0.0 pedestrian_injured, 0.0 pedestrian_killed, Fair (Day), EDSA before Main Ave. Quezon City",MMDA Road Safety Unit,,e83f4975-87ff-490f-8fe6-708e9140e65b,2013-08-03,06:00:00,EDSA before Bernardo St. Quezon City,0,0,0,0,0,0,0,0,0,0,2013-08-03 14:00,Property,14.61353129,121.0539169,Rear-End
None,EDSA,None,None,"No Accident Factor, No Collision Stated (based on Police Blotter Book), 0.0 drivers_injured, 0.0 drivers_killed, 0.0 passengers_injured, 0.0 passengers_killed, 0.0 pedestrian_injured, 0.0 pedestrian_killed, Fair (Day), EDSA Corregidor Street Quezon City",MMDA Road Safety Unit,,e7051b7b-d341-423e-bc58-dca71d5bd07f,2013-08-02,09:45:00,EDSA North Ave. Bgy.Pag asa Quezon City,0,0,0,0,0,0,0,0,0,0,2013-08-02 17:45,Property,14.65707679,121.0241648,No Collision Stated
None,EDSA,None,None,"No Accident Factor, No Collision Stated (based on Police Blotter Book), 0.0 drivers_injured, 0.0 drivers_killed, 0.0 passengers_injured, 0.0 passengers_killed, 0.0 pedestrian_injured, 0.0 pedestrian_killed, Fair (Day), EDSA Bus Bay SM Quezon City",MMDA Road Safety Unit,,a0a73dca-3675-412f-9d9f-16cfee6346b2,2013-08-02,04:40:00,EDSA Quezon Ave. Quezon City,0,0,0,0,0,0,0,0,0,0,2013-08-02 12:40,Property,14.65632308,121.0274796,No Collision Stated
None,EDSA,None,None,"No Accident Factor, Side Swipe, 0.0 drivers_injured, 0.0 drivers_killed, 0.0 passengers_injured, 0.0 passengers_killed, 0.0 pedestrian_injured, 0.0 pedestrian_killed, Fair (Day), EDSA Quezon Avenue, Brgy. Pag-asa Quezon City",MMDA Road Safety Unit,,1d68884d-8bdf-4472-9b37-ee185dcf88f5,2013-08-02,01:15:00,EDSA before Baliwag Bus Terminal Quezon City,0,0,0,0,0,0,0,0,0,0,2013-08-02 9:15,Property,14.6442444,121.0375839,Side Swipe
None,EDSA,None,None,"No Accident Factor, No Collision Stated (based on Police Blotter Book), 0.0 drivers_injured, 0.0 drivers_killed, 0.0 passengers_injured, 0.0 passengers_killed, 0.0 pedestrian_injured, 0.0 pedestrian_killed, Fair (Night), EDSA before Aurora Blvd. Quezon City",MMDA Road Safety Unit,,6d24d8ad-21bc-4155-a88b-3090c8b6ea72,2013-08-01,12:30:00,EDSA Paramount Bgy.Philam Quezon City,0,0,0,0,0,0,0,0,0,0,2013-08-01 20:30,Property,14.62151535,121.0499619,No Collision Stated
None,EDSA,None,None,"No Accident Factor, No Collision Stated (based on Police Blotter Book), 0.0 drivers_injured, 0.0 drivers_killed, 0.0 passengers_injured, 0.0 passengers_killed, 0.0 pedestrian_injured, 0.0 pedestrian_killed, Fair (Night), EDSA before 11th Jamboree St. / Victoria Tower Quezon City",MMDA Road Safety Unit,,6db1bab0-5161-438b-ae2f-501762bf9562,2013-08-01,11:55:00,EDSA Oliveros St. Bgy.A.Samson Quezon City,0,0,0,0,0,0,0,0,0,0,2013-08-01 19:55,Property,14.63524031,121.0431808,No Collision Stated
None,EDSA,None,None,"No Accident Factor, No Collision Stated (based on Police Blotter Book), 1.0 drivers_injured, 0.0 drivers_killed, 0.0 passengers_injured, 0.0 passengers_killed, 0.0 pedestrian_injured, 0.0 pedestrian_killed, Fair (Night), EDSA New York St. fronting Honda Motors Quezon City",MMDA Road Safety Unit,,51231b0a-ff8d-44a6-b5f7-c6ec7cec1144,2013-08-01,10:30:00,EDSA Bansalangin St. Bgy.Veterans Quezon City,0,0,0,1,0,0,0,0,0,1,2013-08-01 18:30,Injury,14.62568514,121.0482307,No Collision Stated
None,EDSA,None,None,"No Accident Factor, No Collision Stated (based on Police Blotter Book), 0.0 drivers_injured, 0.0 drivers_killed, 1.0 passengers_injured, 0.0 passengers_killed, 0.0 pedestrian_injured, 0.0 pedestrian_killed, Fair (Night), EDSA fronting SM Annex, Brgy. Pag-asa Quezon City",MMDA Road Safety Unit,,ddbbcb0c-a145-45e8-b3fd-5499a32fef04,2013-07-31,10:45:00,EDSA before Roosevelt Ave. Quezon City,0,0,0,0,1,0,0,0,0,1,2013-07-31 18:45,Injury,14.6565149,121.0265678,No Collision Stated
None,EDSA,None,None,"No Accident Factor, No Collision Stated (based on Police Blotter Book), 0.0 drivers_injured, 0.0 drivers_killed, 0.0 passengers_injured, 0.0 passengers_killed, 0.0 pedestrian_injured, 0.0 pedestrian_killed, Fair (Day), EDSA before GMA Network Drive Mrt Station Quezon City",MMDA Road Safety Unit,,24e999e8-9fdc-48d2-bbf0-8c1d4d37a755,2013-07-30,22:50:00,EDSA fronting GMA-7 Quezon City,0,0,0,0,0,0,0,0,0,0,2013-07-31 6:50,Property,14.63501716,121.0433719,No Collision Stated
None,EDSA,None,None,"No Accident Factor, Rear-end, 0.0 drivers_injured, 0.0 drivers_killed, 0.0 passengers_injured, 0.0 passengers_killed, 0.0 pedestrian_injured, 0.0 pedestrian_killed, Fair (Day), EDSA Aurora Blvd. Quezon City",MMDA Road Safety Unit,,fafb8880-41b1-491f-ac84-7c88447f6ccb,2013-07-30,08:20:00,EDSA North Ave. Quezon City,0,0,0,0,0,0,0,0,0,0,2013-07-30 16:20,Property,14.62163653,121.0501573,Rear-End
None,EDSA,None,None,"No Accident Factor, No Collision Stated (based on Police Blotter Book), 0.0 drivers_injured, 0.0 drivers_killed, 0.0 passengers_injured, 0.0 passengers_killed, 0.0 pedestrian_injured, 0.0 pedestrian_killed, Fair (Day), EDSA Q-Mart Quezon City",MMDA Road Safety Unit,,c19fc90f-6227-481f-97d3-727a0c9bf6e2,2013-07-30,03:00:00,"EDSA Kamias Road, Jollibee Parking Area Quezon City",0,0,0,0,0,0,0,0,0,0,2013-07-30 11:00,Property,14.62811603,121.0472822,No Collision Stated
None,EDSA,None,None,"No Accident Factor, No Collision Stated (based on Police Blotter Book), 0.0 drivers_injured, 0.0 drivers_killed, 0.0 passengers_injured, 0.0 passengers_killed, 0.0 pedestrian_injured, 0.0 pedestrian_killed, Fair (Day), EDSA fronting DILG Quezon City",MMDA Road Safety Unit,,79d7ad1b-73a1-45e2-b42d-949adcdc5222,2013-07-29,06:05:00,EDSA fronting ALPS Bus Terminal Quezon City,0,0,0,0,0,0,0,0,0,0,2013-07-29 14:05,Property,14.63207587,121.0454668,No Collision Stated
None,EDSA,None,None,"No Accident Factor, Rear-end, 0.0 drivers_injured, 0.0 drivers_killed, 1.0 passengers_injured, 0.0 passengers_killed, 0.0 pedestrian_injured, 0.0 pedestrian_killed, Fair (Day), EDSA Kamias Road Quezon City",MMDA Road Safety Unit,,5bcb0c7f-22bb-4d57-ac90-ad498a5d0ee6,2013-07-28,08:30:00,EDSA West Ave. Bgy.Philam Quezon City,0,0,0,0,1,0,0,0,0,1,2013-07-28 16:30,Injury,14.6309142,121.0459376,Rear-End
None,EDSA,None,None,"No Accident Factor, Rear-end, 1.0 drivers_injured, 0.0 drivers_killed, 0.0 passengers_injured, 0.0 passengers_killed, 0.0 pedestrian_injured, 0.0 pedestrian_killed, Fair (Night), EDSA before main Ave., Cubao Quezon City",MMDA Road Safety Unit,,23037ba2-487d-4d97-98c9-ec816d3a6846,2013-07-27,19:20:00,EDSA before Ermin Garcia St. (Minnesota) Quezon City,0,0,0,1,0,0,0,0,0,1,2013-07-28 3:20,Injury,14.61353129,121.0539169,Rear-End
None,EDSA,None,None,"No Accident Factor, No Collision Stated (based on Police Blotter Book), 0.0 drivers_injured, 0.0 drivers_killed, 4.0 passengers_injured, 0.0 passengers_killed, 0.0 pedestrian_injured, 0.0 pedestrian_killed, Fair (Night), EDSA North Ave., Bgy. Bagong Pag-asa Quezon City",MMDA Road Safety Unit,,42d2d0e3-b904-4889-9fc4-d13f4010460a,2013-07-26,15:30:00,EDSA Kamuning Road Quezon City,0,0,0,0,4,0,0,0,0,4,2013-07-26 23:30,Injury,14.65553839,121.0299647,No Collision Stated
None,EDSA,None,None,"No Accident Factor, No Collision Stated (based on Police Blotter Book), 0.0 drivers_injured, 0.0 drivers_killed, 1.0 passengers_injured, 0.0 passengers_killed, 0.0 pedestrian_injured, 0.0 pedestrian_killed, Fair (Day), EDSA before Panay Ave. Quezon City",MMDA Road Safety Unit,,bc4c1e44-c963-4c3c-bbcf-a287accbcbf6,2013-07-24,01:40:00,EDSA Quezon Ave. Quezon City,0,0,0,0,1,0,0,0,0,1,2013-07-24 9:40,Injury,14.64326824,121.0379402,No Collision Stated
None,EDSA,None,None,"No Accident Factor, Side Swipe, 0.0 drivers_injured, 0.0 drivers_killed, 0.0 passengers_injured, 0.0 passengers_killed, 0.0 pedestrian_injured, 0.0 pedestrian_killed, Fair (Day), EDSA P. Tuazon Blvd. Quezon City",MMDA Road Safety Unit,,7c36b3ad-9d9f-42cd-bc4a-6c908dbb1f8a,2013-07-22,23:05:00,EDSA North Ave. Quezon City,0,0,0,0,0,0,0,0,0,0,2013-07-23 7:05,Property,14.61656342,121.0525225,Side Swipe
None,EDSA,None,None,"No Accident Factor, No Collision Stated (based on Police Blotter Book), 0.0 drivers_injured, 0.0 drivers_killed, 0.0 passengers_injured, 0.0 passengers_killed, 0.0 pedestrian_injured, 0.0 pedestrian_killed, Fair (Day), EDSA Balintawak Market  Quezon City",MMDA Road Safety Unit,,cccd3a1d-1d81-4e4f-9bca-221fa0b13ace,2013-07-22,22:05:00,EDSA before Aurora Blvd. Quezon City,0,0,0,0,0,0,0,0,0,0,2013-07-23 6:05,Property,14.65740947,121.0025737,No Collision Stated
None,EDSA,None,None,"No Accident Factor, Side Swipe, 0.0 drivers_injured, 0.0 drivers_killed, 0.0 passengers_injured, 0.0 passengers_killed, 0.0 pedestrian_injured, 0.0 pedestrian_killed, Fair (Night), EDSA after Ortigas Ave. Quezon City",MMDA Road Safety Unit,,18a77835-b22e-48ea-b934-7163c2f31d88,2013-07-21,21:35:00,EDSA Paramount Quezon City,0,0,0,0,0,0,0,0,0,0,2013-07-22 5:35,Property,14.59346776,121.0587062,Side Swipe
None,EDSA,None,None,"No Accident Factor, Side Swipe, 0.0 drivers_injured, 0.0 drivers_killed, 0.0 passengers_injured, 0.0 passengers_killed, 0.0 pedestrian_injured, 0.0 pedestrian_killed, Fair (Night), EDSA Kamuning Road Quezon City",MMDA Road Safety Unit,,d3d11380-417e-4948-8aad-1a469b884d8b,2013-07-21,21:30:00,EDSA fronting Balintawak Market Quezon City,0,0,0,0,0,0,0,0,0,0,2013-07-22 5:30,Property,14.63075725,121.0457548,Side Swipe
None,EDSA,None,None,"No Accident Factor, No Collision Stated (based on Police Blotter Book), 0.0 drivers_injured, 0.0 drivers_killed, 0.0 passengers_injured, 0.0 passengers_killed, 0.0 pedestrian_injured, 0.0 pedestrian_killed, Fair (Day), EDSA Timog Ave. Quezon City",MMDA Road Safety Unit,,8283d270-7b9d-4054-b0f0-212e8ce0efc8,2013-07-20,08:05:00,"EDSA fronting Victory Liner Bus Terminal, Bgy. Pinyahan Quezon City",0,0,0,0,0,0,0,0,0,0,2013-07-20 16:05,Property,14.63293559,121.0446304,No Collision Stated
None,EDSA,None,None,"No Accident Factor, No Collision Stated (based on Police Blotter Book), 1.0 drivers_injured, 0.0 drivers_killed, 0.0 passengers_injured, 0.0 passengers_killed, 0.0 pedestrian_injured, 0.0 pedestrian_killed, Fair (Day), EDSA Kamias Road, Bgy. West Kamias Quezon City",MMDA Road Safety Unit,,cb203491-a7fe-4471-a99e-b543e208ff30,2013-07-20,06:00:00,EDSA Kamias Road Quezon City,0,0,0,1,0,0,0,0,0,1,2013-07-20 14:00,Injury,14.6309142,121.0459376,No Collision Stated
None,EDSA,None,None,"No Accident Factor, No Collision Stated (based on Police Blotter Book), 0.0 drivers_injured, 0.0 drivers_killed, 0.0 passengers_injured, 0.0 passengers_killed, 0.0 pedestrian_injured, 0.0 pedestrian_killed, Fair (Day), EDSA E. Lopez Drive Quezon City",MMDA Road Safety Unit,,23a11923-b5f9-4c67-a690-13c7c001c6cc,2013-07-19,08:00:00,"EDSA fronting Nepa-Q Mart, before Ermin Garcia St. (minnesota), Bgy. E. Rodriguez Quezon City",0,0,0,0,0,0,0,0,0,0,2013-07-19 16:00,Property,14.6396904,121.0403884,No Collision Stated
None,EDSA,None,None,"No Accident Factor, Side Swipe, 0.0 drivers_injured, 0.0 drivers_killed, 0.0 passengers_injured, 0.0 passengers_killed, 0.0 pedestrian_injured, 0.0 pedestrian_killed, Fair (Day), EDSA Kamuning Road Quezon City",MMDA Road Safety Unit,,b518f954-e947-4983-84ff-5944c4bd082b,2013-07-18,23:30:00,"EDSA before Kamuning Road, fronting Meralco Quezon City",0,0,0,0,0,0,0,0,0,0,2013-07-19 7:30,Property,14.63075725,121.0457548,Side Swipe
None,EDSA,None,None,"No Accident Factor, Side Swipe, 0.0 drivers_injured, 0.0 drivers_killed, 2.0 passengers_injured, 0.0 passengers_killed, 0.0 pedestrian_injured, 0.0 pedestrian_killed, Fair (Night), EDSA after P. Tuazon Blvd., Cubao Quezon City",MMDA Road Safety Unit,,4b6bc6bd-ee54-4ac7-9c0d-aaacc04fd2e6,2013-07-17,11:30:00,EDSA P. Tuazon Blvd. Quezon City,0,0,0,0,2,0,0,0,0,2,2013-07-17 19:30,Injury,14.61646666,121.0523883,Side Swipe
None,EDSA,None,None,"No Accident Factor, Rear-end, 0.0 drivers_injured, 0.0 drivers_killed, 0.0 passengers_injured, 0.0 passengers_killed, 0.0 pedestrian_injured, 0.0 pedestrian_killed, Fair (Day), EDSA after West Ave. Quezon City",MMDA Road Safety Unit,,15c8edae-abba-4008-8bac-17818cfba7d4,2013-07-16,07:20:00,EDSA fronting Superlines Bus Terminal Quezon City,0,0,0,0,0,0,0,0,0,0,2013-07-16 15:20,Property,14.65487538,121.0304242,Rear-End
None,EDSA,None,None,"No Accident Factor, No Collision Stated (based on Police Blotter Book), 0.0 drivers_injured, 0.0 drivers_killed, 0.0 passengers_injured, 0.0 passengers_killed, 0.0 pedestrian_injured, 0.0 pedestrian_killed, Fair (Day), EDSA Sct. Borromeo St. Quezon City",MMDA Road Safety Unit,,a73bd1c8-ffd0-44e1-aba9-25b55f405e93,2013-07-16,03:00:00,EDSA fronting Victory Liner Bus Terminal Quezon City,0,0,0,0,0,0,0,0,0,0,2013-07-16 11:00,Property,14.63715712,121.0419507,No Collision Stated
None,EDSA,None,None,"No Accident Factor, No Collision Stated (based on Police Blotter Book), 0.0 drivers_injured, 0.0 drivers_killed, 0.0 passengers_injured, 0.0 passengers_killed, 0.0 pedestrian_injured, 0.0 pedestrian_killed, Fair (Day), EDSA Main Ave. Quezon City",MMDA Road Safety Unit,,9f040da4-ab61-4a2e-84b1-90f649e49e28,2013-07-15,08:00:00,EDSA K-3rd St. Quezon City,0,0,0,0,0,0,0,0,0,0,2013-07-15 16:00,Property,14.61376458,121.0537933,No Collision Stated
None,EDSA,None,None,"No Accident Factor, No Collision Stated (based on Police Blotter Book), 0.0 drivers_injured, 0.0 drivers_killed, 0.0 passengers_injured, 0.0 passengers_killed, 0.0 pedestrian_injured, 0.0 pedestrian_killed, Fair (Day), EDSA Cloverleaf Balintawak Quezon City",MMDA Road Safety Unit,,6b0d4ee1-a99f-4a85-8455-f3ca3089af0e,2013-07-15,07:45:00,EDSA fronting Waltermart Bgy.Bungad Quezon City,0,0,0,0,0,0,0,0,0,0,2013-07-15 15:45,Property,14.65740144,121.0008553,No Collision Stated
None,EDSA,None,None,"No Accident Factor, Hit Object (No Object Stated), 0.0 drivers_injured, 0.0 drivers_killed, 0.0 passengers_injured, 0.0 passengers_killed, 0.0 pedestrian_injured, 0.0 pedestrian_killed, Fair (Day), EDSA before Sct. Borromeo St. Quezon City",MMDA Road Safety Unit,,73d16d0f-f75d-45ba-8c88-60acff51a8c9,2013-07-15,02:30:00,EDSA between Ermin Garcia St. and New York St. Quezon City,0,0,0,0,0,0,0,0,0,0,2013-07-15 10:30,Property,14.63732839,121.041846,Hit Object
None,EDSA,None,None,"No Accident Factor, Side Swipe, 1.0 drivers_injured, 0.0 drivers_killed, 2.0 passengers_injured, 0.0 passengers_killed, 0.0 pedestrian_injured, 0.0 pedestrian_killed, Fair (Day), EDSA fronting Baliwag Transit Bus Terminal, Bgy. E. Rodriguez Quezon City",MMDA Road Safety Unit,,51882764-278b-4b12-9d22-c9c2ea35150c,2013-07-15,00:45:00,EDSA before New York St. Quezon City,0,0,0,1,2,0,0,0,0,3,2013-07-15 8:45,Injury,14.62497658,121.0487035,Side Swipe
None,EDSA,None,None,"No Accident Factor, No Collision Stated (based on Police Blotter Book), 0.0 drivers_injured, 0.0 drivers_killed, 0.0 passengers_injured, 0.0 passengers_killed, 0.0 pedestrian_injured, 0.0 pedestrian_killed, Fair (Day), EDSA fronting GMA 7 Network Drive Quezon City",MMDA Road Safety Unit,,1dd848a6-8221-4188-9c9d-e38777dd7d9e,2013-07-13,00:30:00,EDSA fronting Nepa-Q Mart Quezon City,0,0,0,0,0,0,0,0,0,0,2013-07-13 8:30,Property,14.63487536,121.0435696,No Collision Stated
None,EDSA,None,None,"No Accident Factor, Rear-end, 0.0 drivers_injured, 0.0 drivers_killed, 0.0 passengers_injured, 0.0 passengers_killed, 0.0 pedestrian_injured, 0.0 pedestrian_killed, Fair (Night), EDSA fronting Q-Mart Quezon City",MMDA Road Safety Unit,,2f540713-8b27-4f82-8e77-d9550a8a4bc1,2013-07-10,14:00:00,EDSA fronting Trinoma Bgy.Bagong Pag asa Quezon City,0,0,0,0,0,0,0,0,0,0,2013-07-10 22:00,Property,14.62803883,121.0472622,Rear-End
None,EDSA,None,None,"No Accident Factor, No Collision Stated (based on Police Blotter Book), 0.0 drivers_injured, 0.0 drivers_killed, 0.0 passengers_injured, 0.0 passengers_killed, 0.0 pedestrian_injured, 0.0 pedestrian_killed, Fair (Day), EDSA Timog Ave. Quezon City",MMDA Road Safety Unit,,2cc5b753-7571-4e50-bac8-ed0d5f7dd28e,2013-07-10,02:00:00,EDSA South Ave. / Timog Ave. Quezon City,0,0,0,0,0,0,0,0,0,0,2013-07-10 10:00,Property,14.63293559,121.0446304,No Collision Stated
None,EDSA,None,None,"No Accident Factor, No Collision Stated (based on Police Blotter Book), 0.0 drivers_injured, 0.0 drivers_killed, 0.0 passengers_injured, 0.0 passengers_killed, 0.0 pedestrian_injured, 0.0 pedestrian_killed, Fair (Day), EDSA P. Tuazon Blvd. Quezon City",MMDA Road Safety Unit,,ca30c024-b0e2-4233-be38-a9c6102b3416,2013-07-08,08:30:00,EDSA Fronting Farmers Plaza Cubao Quezon City,0,0,0,0,0,0,0,0,0,0,2013-07-08 16:30,Property,14.61656342,121.0525225,No Collision Stated
None,EDSA,None,None,"No Accident Factor, No Collision Stated (based on Police Blotter Book), 0.0 drivers_injured, 0.0 drivers_killed, 0.0 passengers_injured, 0.0 passengers_killed, 0.0 pedestrian_injured, 0.0 pedestrian_killed, Fair (Day), EDSA P. Tuazon Blvd. Quezon City",MMDA Road Safety Unit,,c0dc4f92-4608-4a6f-a721-ffbed43f3ed9,2013-07-06,05:20:00,EDSA fronting Kamuning LRT Station Quezon City,0,0,0,0,0,0,0,0,0,0,2013-07-06 13:20,Property,14.61656342,121.0525225,No Collision Stated
None,EDSA,None,None,"No Accident Factor, Side Swipe, 0.0 drivers_injured, 0.0 drivers_killed, 0.0 passengers_injured, 0.0 passengers_killed, 0.0 pedestrian_injured, 0.0 pedestrian_killed, Fair (Day), EDSA Main Ave., Bgy. Socorro Quezon City",MMDA Road Safety Unit,,5585d604-40d0-4be0-aad8-6bb46ad80325,2013-07-04,23:50:00,EDSA Kamias Road Quezon City,0,0,0,0,0,0,0,0,0,0,2013-07-05 7:50,Property,14.61376458,121.0537933,Side Swipe
None,EDSA,None,None,"No Accident Factor, Hit and Run (No Collision Stated), 0.0 drivers_injured, 0.0 drivers_killed, 0.0 passengers_injured, 0.0 passengers_killed, 0.0 pedestrian_injured, 0.0 pedestrian_killed, Fair (Night), EDSA fronting Trinoma, Bgy. Pag-Asa Quezon City",MMDA Road Safety Unit,,c5e41ee6-46d2-4691-9c08-89905e9f2e25,2013-07-04,18:30:00,EDSA Mapagmahal St. Quezon City,0,0,0,0,0,0,0,0,0,0,2013-07-05 2:30,Property,14.65249719,121.0322415,No Collision Stated
None,EDSA,None,None,"No Accident Factor, No Collision Stated (based on Police Blotter Book), 0.0 drivers_injured, 0.0 drivers_killed, 0.0 passengers_injured, 0.0 passengers_killed, 0.0 pedestrian_injured, 0.0 pedestrian_killed, Fair (Night), EDSA North Ave. Bgy.Bagong Pag asa Quezon City",MMDA Road Safety Unit,,81875843-92e2-418a-98df-c1e3ee7e89e8,2013-07-04,14:00:00,EDSA Fronting Mercury Drug Store West Ave. Brgy. Phil Am Quezon City,0,0,0,0,0,0,0,0,0,0,2013-07-04 22:00,Property,14.65553839,121.0299647,No Collision Stated
None,EDSA,None,None,"No Accident Factor, Side Swipe, 0.0 drivers_injured, 0.0 drivers_killed, 0.0 passengers_injured, 0.0 passengers_killed, 0.0 pedestrian_injured, 0.0 pedestrian_killed, Fair (Day), EDSA Panay Ave. Quezon City",MMDA Road Safety Unit,,ca3f1b5e-4075-4c93-81d4-dfc9e47752c4,2013-07-03,22:15:00,EDSA Fronting Trinoma Mall Brgy. Pag Asa Quezon City,0,0,0,0,0,0,0,0,0,0,2013-07-04 6:15,Property,14.64294686,121.0381076,Side Swipe
None,EDSA,None,None,"No Accident Factor, Self-Accident, 1.0 drivers_injured, 0.0 drivers_killed, 0.0 passengers_injured, 0.0 passengers_killed, 0.0 pedestrian_injured, 0.0 pedestrian_killed, Fair (Night), EDSA fronting Corinthian Garden Quezon City",MMDA Road Safety Unit,,e7096973-b8cd-47b5-bbd1-3e518a526467,2013-07-03,19:00:00,EDSA North Ave. Brgy. Pag Asa  Quezon City,0,0,0,1,0,0,0,0,0,1,2013-07-04 3:00,Injury,14.5956398,121.0594464,Self-Accident