LOCATION_TEXT,ROAD,WEATHER,LIGHT,DESC,REPORTING_AGENCY,MAIN_CAUSE,INCIDENTDETAILS_ID,DATE_UTC,TIME_UTC,ADDRESS,killed_driver,killed_passenger,killed_pedestrian,injured_driver,injured_passenger,injured_pedestrian,killed_uncategorized,injured_uncategorized,killed_total,injured_total,DATETIME_PST,SEVERITY,Y,X,COLLISION_TYPE
None,EDSA,None,None,"No Accident Factor, Rear-end, 1.0 drivers_injured, 0.0 drivers_killed, 0.0 passengers_injured, 0.0 passengers_killed, 0.0 pedestrian_injured, 0.0 pedestrian_killed, Fair (Night), EDSA Ortigas Ave. Quezon City",MMDA Road Safety Unit,,c6604e96-a1c1-498e-abc2-69981fe4406d,2013-07-03,14:40:00,EDSA North Ave. Quezon City,0,0,0,1,0,0,0,0,0,1,2013-07-03 22:40,Injury,14.59335253,121.0584107,Rear-End
None,EDSA,None,None,"No Accident Factor, No Collision Stated (based on Police Blotter Book), 0.0 drivers_injured, 0.0 drivers_killed, 0.0 passengers_injured, 0.0 passengers_killed, 0.0 pedestrian_injured, 0.0 pedestrian_killed, Fair (Day), EDSA fronting Ramon Magsaysay High School Quezon City",MMDA Road Safety Unit,,fe2f3986-51e2-4837-a35b-7524415fe9b0,2013-07-02,05:30:00,EDSA before Monte de Piedad St. Quezon City,0,0,0,0,0,0,0,0,0,0,2013-07-02 13:30,Property,14.62778502,121.0471562,No Collision Stated
None,EDSA,None,None,"No Accident Factor, No Collision Stated (based on Police Blotter Book), 0.0 drivers_injured, 0.0 drivers_killed, 0.0 passengers_injured, 0.0 passengers_killed, 0.0 pedestrian_injured, 0.0 pedestrian_killed, Fair (Day), EDSA fronting Robinson's Galleria, Bgy. Ugong Norte Quezon City",MMDA Road Safety Unit,,a9f139b9-fc4c-4602-ba0c-b25922deda80,2013-07-01,23:30:00,"EDSA P. Tuazon Blvd. ""U"" turn slot Quezon City",0,0,0,0,0,0,0,0,0,0,2013-07-02 7:30,Property,14.59213971,121.0582412,No Collision Stated
None,EDSA,None,None,"No Accident Factor, Side Swipe, 0.0 drivers_injured, 0.0 drivers_killed, 1.0 passengers_injured, 0.0 passengers_killed, 0.0 pedestrian_injured, 0.0 pedestrian_killed, Fair (Day), EDSA Aurora Blvd., Bgy. E. Rodriguez Quezon City",MMDA Road Safety Unit,,f6ac86f4-8d33-45ce-86f4-7669d868d18f,2013-07-01,01:00:00,EDSA before South Road Quezon City,0,0,0,0,1,0,0,0,0,1,2013-07-01 9:00,Injury,14.6218043,121.0502049,Side Swipe
None,EDSA,None,None,"No Accident Factor, No Collision Stated (based on Police Blotter Book), 0.0 drivers_injured, 0.0 drivers_killed, 0.0 passengers_injured, 0.0 passengers_killed, 0.0 pedestrian_injured, 0.0 pedestrian_killed, Fair (Night), EDSA EDSA / East Ave. Quezon City",MMDA Road Safety Unit,,8de4fc7a-6276-4d26-adeb-c33fa1cde1b0,2013-06-30,14:35:00,EDSA Misamis St. Bagong Pag Asa Quezon City,0,0,0,0,0,0,0,0,0,0,2013-06-30 22:35,Property,14.6332968,121.0449342,No Collision Stated
None,EDSA,None,None,"No Accident Factor, No Collision Stated (based on Police Blotter Book), 1.0 drivers_injured, 0.0 drivers_killed, 0.0 passengers_injured, 0.0 passengers_killed, 0.0 pedestrian_injured, 0.0 pedestrian_killed, Fair (Day), EDSA at ""U"" turn slot, fronting GOSOC Quezon City",MMDA Road Safety Unit,,b2ace199-9394-4b28-8b9a-ea2382b61f47,2013-06-30,02:35:00,EDSA before Santolan Road Quezon City,0,0,0,1,0,0,0,0,0,1,2013-06-30 10:35,Injury,14.65759022,121.0143219,No Collision Stated
None,EDSA,None,None,"No Accident Factor, Rear-end, 0.0 drivers_injured, 0.0 drivers_killed, 0.0 passengers_injured, 0.0 passengers_killed, 0.0 pedestrian_injured, 0.0 pedestrian_killed, Fair (Day), EDSA P. Tuazon Blvd., Bgy. Socorro Quezon City",MMDA Road Safety Unit,,702c5db3-0de4-44b3-8c74-6f63424d454a,2013-06-30,01:00:00,EDSA Fronting SM Annex Bldg. Quezon City,0,0,0,0,0,0,0,0,0,0,2013-06-30 9:00,Property,14.61656342,121.0525225,Rear-End
None,EDSA,None,None,"No Accident Factor, No Collision Stated (based on Police Blotter Book), 0.0 drivers_injured, 0.0 drivers_killed, 0.0 passengers_injured, 0.0 passengers_killed, 0.0 pedestrian_injured, 0.0 pedestrian_killed, Fair (Night), EDSA EDSA / New York St.  Quezon City",MMDA Road Safety Unit,,5a261d82-5941-4d18-9b08-348e21354f3a,2013-06-29,13:10:00,EDSA fronting Nepa-Q Mart Quezon City,0,0,0,0,0,0,0,0,0,0,2013-06-29 21:10,Property,14.62571796,121.0481518,No Collision Stated
None,EDSA,None,None,"No Accident Factor, No Collision Stated (based on Police Blotter Book), 0.0 drivers_injured, 0.0 drivers_killed, 0.0 passengers_injured, 0.0 passengers_killed, 0.0 pedestrian_injured, 0.0 pedestrian_killed, Fair (Night), EDSA EDSA / Kamuning Road  Quezon City",MMDA Road Safety Unit,,85d0db7c-579c-4c54-aa0c-73bf4da72914,2013-06-29,11:30:00,"EDSA fronting Gate 3, Camp Aguinaldo Quezon City",0,0,0,0,0,0,0,0,0,0,2013-06-29 19:30,Property,14.63102107,121.0458507,No Collision Stated
None,EDSA,None,None,"No Accident Factor, No Collision Stated (based on Police Blotter Book), 0.0 drivers_injured, 0.0 drivers_killed, 0.0 passengers_injured, 0.0 passengers_killed, 0.0 pedestrian_injured, 0.0 pedestrian_killed, Fair (Night), EDSA fronting Nissan Corporation Quezon City",MMDA Road Safety Unit,,abba494c-8ada-4c75-a793-42fde640b70f,2013-06-29,10:00:00,EDSA P. Tuazon Blvd. Quezon City,0,0,0,0,0,0,0,0,0,0,2013-06-29 18:00,Property,14.65774959,121.0136701,No Collision Stated
None,EDSA,None,None,"No Accident Factor, No Collision Stated (based on Police Blotter Book), 0.0 drivers_injured, 0.0 drivers_killed, 0.0 passengers_injured, 0.0 passengers_killed, 0.0 pedestrian_injured, 0.0 pedestrian_killed, Fair (Day), EDSA before Quezon Ave. Quezon City",MMDA Road Safety Unit,,a0ae43b3-293d-4afa-8cf2-05a32655553c,2013-06-29,07:50:00,EDSA Fronting Mercury Drug Store Kamias Road Quezon City,0,0,0,0,0,0,0,0,0,0,2013-06-29 15:50,Property,14.64451704,121.0371727,No Collision Stated
None,EDSA,None,None,"No Accident Factor, Hit Object (No Object Stated), 0.0 drivers_injured, 0.0 drivers_killed, 0.0 passengers_injured, 0.0 passengers_killed, 0.0 pedestrian_injured, 0.0 pedestrian_killed, Fair (Day), EDSA EDSA / Quezon Ave. U- Turn Slot  Quezon City",MMDA Road Safety Unit,,94de3c5a-0226-4ef7-a949-d8d8aea737f9,2013-06-29,04:30:00,EDSA fronting Shell Gas station Bgy.A.Samson Quezon City,0,0,0,0,0,0,0,0,0,0,2013-06-29 12:30,Property,14.64448023,121.0376273,Hit Object
None,EDSA,None,None,"No Accident Factor, No Collision Stated (based on Police Blotter Book), 0.0 drivers_injured, 0.0 drivers_killed, 0.0 passengers_injured, 0.0 passengers_killed, 0.0 pedestrian_injured, 0.0 pedestrian_killed, Fair (Day), EDSA West Ave. Quezon City",MMDA Road Safety Unit,,94e710c0-a59b-40b4-b002-61024b574f74,2013-06-29,03:30:00,EDSA Bansalangin St. U Turn Slot Brgy. Veterans  Quezon City,0,0,0,0,0,0,0,0,0,0,2013-06-29 11:30,Property,14.65548924,121.0298079,No Collision Stated
None,EDSA,None,None,"No Accident Factor, Hit and Run (No Collision Stated), 0.0 drivers_injured, 0.0 drivers_killed, 0.0 passengers_injured, 0.0 passengers_killed, 0.0 pedestrian_injured, 0.0 pedestrian_killed, Fair (Day), EDSA EDSA / Aurora Blvd.  Quezon City",MMDA Road Safety Unit,,b9221045-70b8-4585-a67f-670907eeba8a,2013-06-29,02:45:00,EDSA GMA Network Drive Quezon City,0,0,0,0,0,0,0,0,0,0,2013-06-29 10:45,Property,14.62161263,121.0501575,No Collision Stated
None,EDSA,None,None,"No Accident Factor, Side Swipe, 0.0 drivers_injured, 0.0 drivers_killed, 0.0 passengers_injured, 0.0 passengers_killed, 0.0 pedestrian_injured, 0.0 pedestrian_killed, Fair (Day), EDSA South Ave. / Timog Ave. Quezon City",MMDA Road Safety Unit,,2ca58ca0-e265-417a-b4b4-4f151560fee4,2013-06-28,22:30:00,EDSA fronting Trinoma Bgy.Pag asa Quezon City,0,0,0,0,0,0,0,0,0,0,2013-06-29 6:30,Property,14.63257986,121.0449774,Side Swipe
None,EDSA,None,None,"No Accident Factor, No Collision Stated (based on Police Blotter Book), 0.0 drivers_injured, 0.0 drivers_killed, 0.0 passengers_injured, 0.0 passengers_killed, 0.0 pedestrian_injured, 0.0 pedestrian_killed, Fair (Night), EDSA Main Ave. Quezon City",MMDA Road Safety Unit,,61ef6635-459d-474f-aecb-9532e6c1e76c,2013-06-28,21:30:00,EDSA Cloverleaf Road Bgy.Ug Sigaw Quezon City,0,0,0,0,0,0,0,0,0,0,2013-06-29 5:30,Property,14.61376458,121.0537933,No Collision Stated
None,EDSA,None,None,"No Accident Factor, No Collision Stated (based on Police Blotter Book), 0.0 drivers_injured, 0.0 drivers_killed, 0.0 passengers_injured, 0.0 passengers_killed, 0.0 pedestrian_injured, 0.0 pedestrian_killed, Fair (Night), EDSA Roosevelt Ave. Quezon City",MMDA Road Safety Unit,,a9381975-ef03-4025-8a45-aeb923d32b52,2013-06-28,11:30:00,EDSA P. Tuazon Blvd. Quezon City,0,0,0,0,0,0,0,0,0,0,2013-06-28 19:30,Property,14.65762047,121.0196373,No Collision Stated
None,EDSA,None,None,"No Accident Factor, Rear-end, 0.0 drivers_injured, 0.0 drivers_killed, 0.0 passengers_injured, 0.0 passengers_killed, 0.0 pedestrian_injured, 0.0 pedestrian_killed, Fair (Night), EDSA before North Ave. Quezon City",MMDA Road Safety Unit,,d82679df-0bda-4cee-aa4b-35ca25ecd360,2013-06-27,14:45:00,EDSA fronting LRT Station Bgy.Veterans Quezon City,0,0,0,0,0,0,0,0,0,0,2013-06-27 22:45,Property,14.65549338,121.0302966,Rear-End
None,EDSA,None,None,"No Accident Factor, Side Swipe, 0.0 drivers_injured, 0.0 drivers_killed, 0.0 passengers_injured, 0.0 passengers_killed, 0.0 pedestrian_injured, 0.0 pedestrian_killed, Fair (Day), EDSA Aurora Blvd. ""U"" turn slot, Bgy. E. Rodriguez Quezon City",MMDA Road Safety Unit,,a79f8d02-9825-4b5d-b04c-45c9d1adcdd1,2013-06-27,00:30:00,EDSA Corregidor St. Bgy.Ramon Magsaysay Quezon City,0,0,0,0,0,0,0,0,0,0,2013-06-27 8:30,Property,14.6217569,121.0502544,Side Swipe
None,EDSA,None,None,"No Accident Factor, No Collision Stated (based on Police Blotter Book), 0.0 drivers_injured, 0.0 drivers_killed, 0.0 passengers_injured, 0.0 passengers_killed, 0.0 pedestrian_injured, 0.0 pedestrian_killed, Fair (Day), EDSA Monte De Piedad St.  Quezon City",MMDA Road Safety Unit,,97dc0d7d-87d3-4997-b5ac-13f68e003b22,2013-06-26,09:40:00,"EDSA before Gen. McArthur St., Cubao Quezon City",0,0,0,0,0,0,0,0,0,0,2013-06-26 17:40,Property,14.62346937,121.0491711,No Collision Stated
None,EDSA,None,None,"No Accident Factor, No Collision Stated (based on Police Blotter Book), 0.0 drivers_injured, 0.0 drivers_killed, 0.0 passengers_injured, 0.0 passengers_killed, 0.0 pedestrian_injured, 0.0 pedestrian_killed, Fair (Day), EDSA Mindanao Ave. Extn. Quezon City",MMDA Road Safety Unit,,9a18f15d-c498-4ece-8a50-04d556c513c3,2013-06-25,09:00:00,EDSA Trinoma Mall North Ave. Quezon City,0,0,0,0,0,0,0,0,0,0,2013-06-25 17:00,Property,14.65052386,121.0335656,No Collision Stated
None,EDSA,None,None,"No Accident Factor, Rear-end, 0.0 drivers_injured, 0.0 drivers_killed, 0.0 passengers_injured, 0.0 passengers_killed, 0.0 pedestrian_injured, 0.0 pedestrian_killed, Fair (Day), EDSA before Alley 1 Bgy.Ramon Magsaysay Quezon City",MMDA Road Safety Unit,,c51346eb-bc29-4430-9ef8-f0cd71d8bf26,2013-06-25,05:45:00,EDSA fronting SM Annex Bldg. uturn slot Quezon City,0,0,0,0,0,0,0,0,0,0,2013-06-25 13:45,Property,14.65751798,121.0220466,Rear-End
None,EDSA,None,None,"No Accident Factor, Hit Object (Fence/Wall-Steel), 0.0 drivers_injured, 0.0 drivers_killed, 0.0 passengers_injured, 0.0 passengers_killed, 0.0 pedestrian_injured, 0.0 pedestrian_killed, Fair (Day), EDSA Ortigas Ave., Bgy. Ugong Norte Quezon City",MMDA Road Safety Unit,,62f6671d-741a-4244-b7c7-c1ced0f3ffa2,2013-06-25,04:45:00,EDSA North Ave. Quezon City,0,0,0,0,0,0,0,0,0,0,2013-06-25 12:45,Property,14.59335253,121.0584107,Hit Object
None,EDSA,None,None,"No Accident Factor, No Collision Stated (based on Police Blotter Book), 0.0 drivers_injured, 0.0 drivers_killed, 0.0 passengers_injured, 0.0 passengers_killed, 0.0 pedestrian_injured, 0.0 pedestrian_killed, Fair (Day), EDSA EDSA between Timog Ave. and Kamuning Road Quezon City",MMDA Road Safety Unit,,fb87b342-86e4-437e-8d5c-7ce1dae9c4ed,2013-06-25,00:45:00,EDSA Ortigas Ave. Quezon City,0,0,0,0,0,0,0,0,0,0,2013-06-25 8:45,Property,14.63172972,121.0455313,No Collision Stated
None,EDSA,None,None,"No Accident Factor, Side Swipe, 0.0 drivers_injured, 0.0 drivers_killed, 0.0 passengers_injured, 0.0 passengers_killed, 0.0 pedestrian_injured, 0.0 pedestrian_killed, Fair (Day), EDSA fronting Farmer's Plaza, Arayat St., Bgy. Socorro Quezon City",MMDA Road Safety Unit,,a8d2c859-842f-4081-8558-100e84a63cdd,2013-06-24,23:00:00,"EDSA Santolan Road ""U"" turn slot Quezon City",0,0,0,0,0,0,0,0,0,0,2013-06-25 7:00,Property,14.61924195,121.0511606,Side Swipe
None,EDSA,None,None,"No Accident Factor, No Collision Stated (based on Police Blotter Book), 0.0 drivers_injured, 0.0 drivers_killed, 0.0 passengers_injured, 0.0 passengers_killed, 0.0 pedestrian_injured, 0.0 pedestrian_killed, Fair (Night), EDSA before Kaingin Road Bgy.A.Samson Quezon City",MMDA Road Safety Unit,,81745e74-6f2a-4f73-b34a-123b7e4db942,2013-06-24,14:30:00,EDSA Benitez St. Quezon City,0,0,0,0,0,0,0,0,0,0,2013-06-24 22:30,Property,14.65742812,121.0105636,No Collision Stated
None,EDSA,None,None,"No Accident Factor, Rear-end, 0.0 drivers_injured, 0.0 drivers_killed, 0.0 passengers_injured, 0.0 passengers_killed, 0.0 pedestrian_injured, 0.0 pedestrian_killed, Fair (Day), EDSA fronting Waltermart Quezon City",MMDA Road Safety Unit,,7a0c156a-be89-48c3-b068-7d83203ccffb,2013-06-24,02:30:00,EDSA fronting Trinoma Mall uturn slot Quezon City,0,0,0,0,0,0,0,0,0,0,2013-06-24 10:30,Property,14.65755908,121.0204569,Rear-End
None,EDSA,None,None,"No Accident Factor, Rear-end, 0.0 drivers_injured, 0.0 drivers_killed, 0.0 passengers_injured, 0.0 passengers_killed, 0.0 pedestrian_injured, 0.0 pedestrian_killed, Fair (Night), EDSA Congressional Ave. Bgy.Ramon Magsaysay Quezon City",MMDA Road Safety Unit,,243dba63-868c-4a9d-895d-6f1fefead0ee,2013-06-21,21:35:00,EDSA fronting Guzent Warehouse no.1237 Bgy.A.Samson Quezon City,0,0,0,0,0,0,0,0,0,0,2013-06-22 5:35,Property,14.6571804,120.9927185,Rear-End
None,EDSA,None,None,"No Accident Factor, No Collision Stated (based on Police Blotter Book), 0.0 drivers_injured, 0.0 drivers_killed, 0.0 passengers_injured, 0.0 passengers_killed, 0.0 pedestrian_injured, 0.0 pedestrian_killed, Fair (Night), EDSA EDSA / Kamuning Road  Quezon City",MMDA Road Safety Unit,,dbaf17ab-3abd-4aef-bc74-c41fd3c20770,2013-06-21,20:15:00,EDSA fronting SM Annex Bldg. uturn slot Quezon City,0,0,0,0,0,0,0,0,0,0,2013-06-22 4:15,Property,14.63102107,121.0458507,No Collision Stated
None,EDSA,None,None,"No Accident Factor, No Collision Stated (based on Police Blotter Book), 0.0 drivers_injured, 0.0 drivers_killed, 0.0 passengers_injured, 0.0 passengers_killed, 0.0 pedestrian_injured, 0.0 pedestrian_killed, Fair (Night), EDSA North Ave. Bgy.Pag asa Quezon City",MMDA Road Safety Unit,,0e5deb68-435f-4a1f-ae84-2029f9af21c2,2013-06-21,12:45:00,"EDSA fronting EDSA Shrine, Bgy. Ugong Norte Quezon City",0,0,0,0,0,0,0,0,0,0,2013-06-21 20:45,Property,14.65553839,121.0299647,No Collision Stated
None,EDSA,None,None,"No Accident Factor, No Collision Stated (based on Police Blotter Book), 0.0 drivers_injured, 0.0 drivers_killed, 0.0 passengers_injured, 0.0 passengers_killed, 0.0 pedestrian_injured, 0.0 pedestrian_killed, Fair (Night), EDSA Misamis St. Bgy.Bagong Pag asa Quezon City",MMDA Road Safety Unit,,3e3a0002-245c-4064-9bcf-ff9cdde6fed4,2013-06-21,12:30:00,"EDSA at ""U"" turn slot, P. Tuazon Blvd., Cubao Quezon City",0,0,0,0,0,0,0,0,0,0,2013-06-21 20:30,Property,14.65602348,121.0285212,No Collision Stated
None,EDSA,None,None,"No Accident Factor, Rear-end, 0.0 drivers_injured, 0.0 drivers_killed, 0.0 passengers_injured, 0.0 passengers_killed, 0.0 pedestrian_injured, 0.0 pedestrian_killed, Fair (Day), EDSA fronting Gate 3 of Camp Aguinaldo, Bgy. Socorro Quezon City",MMDA Road Safety Unit,,bbd29ac9-2628-4b8c-8cc6-bf5329cb93c2,2013-06-21,01:45:00,EDSA before Quezon Ave. Bgy.Pag asa Quezon City,0,0,0,0,0,0,0,0,0,0,2013-06-21 9:45,Property,14.60475566,121.0580111,Rear-End
None,EDSA,None,None,"No Accident Factor, No Collision Stated (based on Police Blotter Book), 0.0 drivers_injured, 0.0 drivers_killed, 0.0 passengers_injured, 0.0 passengers_killed, 0.0 pedestrian_injured, 0.0 pedestrian_killed, Fair (Day), EDSA Trinoma Quezon City",MMDA Road Safety Unit,,cb272e0b-c764-4b42-8069-6052c5e0e7ce,2013-06-21,01:30:00,EDSA fronting Waltermart Quezon City,0,0,0,0,0,0,0,0,0,0,2013-06-21 9:30,Property,14.65242607,121.0323133,No Collision Stated
None,EDSA,None,None,"No Accident Factor, No Collision Stated (based on Police Blotter Book), 0.0 drivers_injured, 0.0 drivers_killed, 0.0 passengers_injured, 0.0 passengers_killed, 0.0 pedestrian_injured, 0.0 pedestrian_killed, Fair (Day), EDSA Crossing, Mandaluyong Quezon City",MMDA Road Safety Unit,,4473dbbf-60a4-4e7a-ac2b-76241ca5cad7,2013-06-20,00:00:00,EDSA before Kaingin Road Bgy.A.Samson Quezon City,0,0,0,0,0,0,0,0,0,0,2013-06-20 8:00,Property,14.58224322,121.0543246,No Collision Stated
None,EDSA,None,None,"No Accident Factor, Angle Impact, 0.0 drivers_injured, 0.0 drivers_killed, 0.0 passengers_injured, 0.0 passengers_killed, 0.0 pedestrian_injured, 0.0 pedestrian_killed, Fair (Night), EDSA EDSA before New York St.  Quezon City",MMDA Road Safety Unit,,43ed4783-bcc5-4157-8163-c8173c9cf60c,2013-06-19,13:00:00,EDSA Aurora Blvd. Quezon City,0,0,0,0,0,0,0,0,0,0,2013-06-19 21:00,Property,14.62600585,121.0479823,Angle Impact
None,EDSA,None,None,"No Accident Factor, Side Swipe, 0.0 drivers_injured, 0.0 drivers_killed, 0.0 passengers_injured, 0.0 passengers_killed, 0.0 pedestrian_injured, 0.0 pedestrian_killed, Fair (Day), EDSA fronting Camp Aguinaldo, Bgy. Socorro Quezon City",MMDA Road Safety Unit,,47471951-bdd8-41df-b0a9-8ffecb5ebc35,2013-06-19,06:20:00,"EDSA fronting Farmers Plaza, Cubao, Bgy. Socorro Quezon City",0,0,0,0,0,0,0,0,0,0,2013-06-19 14:20,Property,14.6074566,121.0567511,Side Swipe
None,EDSA,None,None,"No Accident Factor, No Collision Stated (based on Police Blotter Book), 0.0 drivers_injured, 0.0 drivers_killed, 0.0 passengers_injured, 0.0 passengers_killed, 0.0 pedestrian_injured, 0.0 pedestrian_killed, Fair (Day), EDSA fronting Paramount, West Ave. Quezon City",MMDA Road Safety Unit,,12858d74-932c-4fad-bdcb-2b462c42a2f4,2013-06-19,01:45:00,EDSA fronting SM North Quezon City,0,0,0,0,0,0,0,0,0,0,2013-06-19 9:45,Property,14.65514084,121.0303121,No Collision Stated
None,EDSA,None,None,"No Accident Factor, No Collision Stated (based on Police Blotter Book), 0.0 drivers_injured, 0.0 drivers_killed, 0.0 passengers_injured, 0.0 passengers_killed, 0.0 pedestrian_injured, 0.0 pedestrian_killed, Fair (Night), EDSA Corregidor St. Quezon City",MMDA Road Safety Unit,,75162faa-739d-4d80-90eb-d0420d1eba04,2013-06-18,13:00:00,EDSA fronting Jac Liner Terminal Quezon City,0,0,0,0,0,0,0,0,0,0,2013-06-18 21:00,Property,14.65707679,121.0241648,No Collision Stated
None,EDSA,None,None,"No Accident Factor, No Collision Stated (based on Police Blotter Book), 0.0 drivers_injured, 0.0 drivers_killed, 0.0 passengers_injured, 0.0 passengers_killed, 0.0 pedestrian_injured, 0.0 pedestrian_killed, Fair (Night), EDSA fronting SM North Annex Bgy.Bagong Pag asa Quezon City",MMDA Road Safety Unit,,963e4cc2-d108-455c-8132-7c14eb796954,2013-06-18,11:30:00,"EDSA at ""U"" turn slot, Aurora Blvd., Bgy. E. Rodriguez Quezon City",0,0,0,0,0,0,0,0,0,0,2013-06-18 19:30,Property,14.65591384,121.0291263,No Collision Stated
None,EDSA,None,None,"No Accident Factor, No Collision Stated (based on Police Blotter Book), 0.0 drivers_injured, 0.0 drivers_killed, 0.0 passengers_injured, 0.0 passengers_killed, 0.0 pedestrian_injured, 0.0 pedestrian_killed, Fair (Night), EDSA Mindanao Ave. Quezon City",MMDA Road Safety Unit,,253dfe8c-70bc-4bf3-9877-ad49b9cbd9d0,2013-06-18,10:15:00,"EDSA before Main Ave., Bgy. Socorro Quezon City",0,0,0,0,0,0,0,0,0,0,2013-06-18 18:15,Property,14.65052386,121.0335656,No Collision Stated
None,EDSA,None,None,"No Accident Factor, Side Swipe, 0.0 drivers_injured, 0.0 drivers_killed, 0.0 passengers_injured, 0.0 passengers_killed, 0.0 pedestrian_injured, 0.0 pedestrian_killed, Fair (Night), EDSA Whiteplains Ave. Quezon City",MMDA Road Safety Unit,,49908d68-a36f-487a-b922-f94efc1f7df6,2013-06-17,16:30:00,EDSA Gate 5 Camp Aguinaldo Quezon City,0,0,0,0,0,0,0,0,0,0,2013-06-18 0:30,Property,14.59961782,121.0596522,Side Swipe
None,EDSA,None,None,"No Accident Factor, No Collision Stated (based on Police Blotter Book), 0.0 drivers_injured, 0.0 drivers_killed, 0.0 passengers_injured, 0.0 passengers_killed, 0.0 pedestrian_injured, 0.0 pedestrian_killed, Fair (Night), EDSA EDSA / Santolan Road  Quezon City",MMDA Road Safety Unit,,4e40b560-ddbb-4693-8e5e-455e188c1ace,2013-06-17,14:45:00,"EDSA Quezon Ave. ""U"" turn slot, Bgy. Pag-asa Quezon City",0,0,0,0,0,0,0,0,0,0,2013-06-17 22:45,Property,14.61094042,121.0548973,No Collision Stated
None,EDSA,None,None,"No Accident Factor, Side Swipe, 0.0 drivers_injured, 0.0 drivers_killed, 0.0 passengers_injured, 0.0 passengers_killed, 0.0 pedestrian_injured, 0.0 pedestrian_killed, Fair (Night), EDSA EDSA / Aurora Blvd.  Quezon City",MMDA Road Safety Unit,,8174f001-bb35-4228-960c-baf770c0303e,2013-06-17,10:20:00,"EDSA fronting DILG Bldg., before Mapagmahal St., Bgy. Pinyahan Quezon City",0,0,0,0,0,0,0,0,0,0,2013-06-17 18:20,Property,14.62161263,121.0501575,Side Swipe
None,EDSA,None,None,"No Accident Factor, Angle Impact, 0.0 drivers_injured, 0.0 drivers_killed, 0.0 passengers_injured, 0.0 passengers_killed, 0.0 pedestrian_injured, 0.0 pedestrian_killed, Fair (Day), EDSA EDSA / Quezon Ave.  Quezon City",MMDA Road Safety Unit,,3b0dd63a-4e7d-44a3-bda5-6be6fba97169,2013-06-17,08:20:00,"EDSA before Mapagmahal St., fronting JAC Liner Bus Terminal Quezon City",0,0,0,0,0,0,0,0,0,0,2013-06-17 16:20,Property,14.64448023,121.0376273,Angle Impact
None,EDSA,None,None,"No Accident Factor, No Collision Stated (based on Police Blotter Book), 0.0 drivers_injured, 0.0 drivers_killed, 0.0 passengers_injured, 0.0 passengers_killed, 0.0 pedestrian_injured, 0.0 pedestrian_killed, Fair (Day), EDSA Congressional Ave. Quezon City",MMDA Road Safety Unit,,7ecdd9b7-49b0-409e-8d3a-ae88806bd74b,2013-06-17,08:00:00,EDSA fronting GMA Network Drive Quezon City,0,0,0,0,0,0,0,0,0,0,2013-06-17 16:00,Property,14.6571804,120.9927185,No Collision Stated
None,EDSA,None,None,"No Accident Factor, Side Swipe, 0.0 drivers_injured, 0.0 drivers_killed, 0.0 passengers_injured, 0.0 passengers_killed, 0.0 pedestrian_injured, 0.0 pedestrian_killed, Fair (Day), EDSA fronting National Printing Office, Bgy. Pinyahan Quezon City",MMDA Road Safety Unit,,bfb00a18-d84b-4b80-8b5c-1aff9cfca34a,2013-06-17,07:30:00,EDSA Mapagmahal St. Quezon City,0,0,0,0,0,0,0,0,0,0,2013-06-17 15:30,Property,14.63881016,121.0411993,Side Swipe
None,EDSA,None,None,"No Accident Factor, No Collision Stated (based on Police Blotter Book), 0.0 drivers_injured, 0.0 drivers_killed, 0.0 passengers_injured, 0.0 passengers_killed, 0.0 pedestrian_injured, 0.0 pedestrian_killed, Fair (Day), EDSA fronting Iglesia Ni Cristo Quezon City",MMDA Road Safety Unit,,e176a516-2906-4274-85d7-f2ab8d2d2b44,2013-06-17,04:10:00,EDSA fronting Cinderella Bldg. Quezon City,0,0,0,0,0,0,0,0,0,0,2013-06-17 12:10,Property,14.65749652,121.0222666,No Collision Stated
None,EDSA,None,None,"No Accident Factor, No Collision Stated (based on Police Blotter Book), 1.0 drivers_injured, 0.0 drivers_killed, 0.0 passengers_injured, 0.0 passengers_killed, 0.0 pedestrian_injured, 0.0 pedestrian_killed, Fair (Day), EDSA fronting SM City-North EDSA (Annex Bldg.) Quezon City",MMDA Road Safety Unit,,6c85feaa-8484-4a8a-b5ba-1558d946f9b1,2013-06-17,03:00:00,"EDSA before North Ave., Bgy. Pag-asa Quezon City",0,0,0,1,0,0,0,0,0,1,2013-06-17 11:00,Injury,14.6565149,121.0265678,No Collision Stated