LOCATION_TEXT,ROAD,WEATHER,LIGHT,DESC,REPORTING_AGENCY,MAIN_CAUSE,INCIDENTDETAILS_ID,DATE_UTC,TIME_UTC,ADDRESS,killed_driver,killed_passenger,killed_pedestrian,injured_driver,injured_passenger,injured_pedestrian,killed_uncategorized,injured_uncategorized,killed_total,injured_total,DATETIME_PST,SEVERITY,Y,X,COLLISION_TYPE
None,EDSA,None,None,"No Accident Factor, No Collision Stated (based on Police Blotter Book), 0.0 drivers_injured, 0.0 drivers_killed, 0.0 passengers_injured, 0.0 passengers_killed, 0.0 pedestrian_injured, 0.0 pedestrian_killed, Fair (Day), EDSA EDSA / Santolan Road  Quezon City",MMDA Road Safety Unit,,033f275d-d2ff-4988-83d6-3e969c4b7a87,2013-06-16,23:30:00,"EDSA Congressional Ave., Bgy. Ramon Magsaysay Quezon City",0,0,0,0,0,0,0,0,0,0,2013-06-17 7:30,Property,14.61094042,121.0548973,No Collision Stated
None,EDSA,None,None,"No Accident Factor, No Collision Stated (based on Police Blotter Book), 0.0 drivers_injured, 0.0 drivers_killed, 0.0 passengers_injured, 0.0 passengers_killed, 0.0 pedestrian_injured, 0.0 pedestrian_killed, Fair (Day), EDSA EDSA / Main Ave.  Quezon City",MMDA Road Safety Unit,,b45b8f93-9230-406a-9cd2-d9e64e6e9923,2013-06-16,23:30:00,"EDSA New York St., Cubao Quezon City",0,0,0,0,0,0,0,0,0,0,2013-06-17 7:30,Property,14.61365684,121.0537758,No Collision Stated
None,EDSA,None,None,"No Accident Factor, No Collision Stated (based on Police Blotter Book), 0.0 drivers_injured, 0.0 drivers_killed, 0.0 passengers_injured, 0.0 passengers_killed, 0.0 pedestrian_injured, 0.0 pedestrian_killed, Fair (Day), EDSA fronting Puregold Balintawak Quezon City",MMDA Road Safety Unit,,fcf7bbdb-f4a6-4c5e-ba45-b762e7f70c20,2013-06-16,22:00:00,"EDSA fronting Five Star Terminal, Bgy. E. Rodriguez Quezon City",0,0,0,0,0,0,0,0,0,0,2013-06-17 6:00,Property,14.65737009,121.0047555,No Collision Stated
None,EDSA,None,None,"No Accident Factor, Side Swipe, 0.0 drivers_injured, 0.0 drivers_killed, 0.0 passengers_injured, 0.0 passengers_killed, 0.0 pedestrian_injured, 0.0 pedestrian_killed, Fair (Night), EDSA fronting Jam Liner Bus Terminal, Bgy. Pinyahan Quezon City",MMDA Road Safety Unit,,c2252f53-c39c-4724-9ca1-b3d0b536c104,2013-06-15,20:10:00,EDSA Kamias Road Quezon City,0,0,0,0,0,0,0,0,0,0,2013-06-16 4:10,Property,14.63204393,121.0452216,Side Swipe
None,EDSA,None,None,"No Accident Factor, Side Swipe, 0.0 drivers_injured, 0.0 drivers_killed, 0.0 passengers_injured, 0.0 passengers_killed, 0.0 pedestrian_injured, 0.0 pedestrian_killed, Fair (Night), EDSA at ""U"" turn slot, fronting GMA-7 Quezon City",MMDA Road Safety Unit,,dad51c94-be91-4f18-b8a3-d8c09435e97c,2013-06-15,12:20:00,EDSA Main Ave. Quezon City,0,0,0,0,0,0,0,0,0,0,2013-06-15 20:20,Property,14.63376981,121.0443161,Side Swipe
None,EDSA,None,None,"No Accident Factor, No Collision Stated (based on Police Blotter Book), 0.0 drivers_injured, 0.0 drivers_killed, 0.0 passengers_injured, 0.0 passengers_killed, 0.0 pedestrian_injured, 0.0 pedestrian_killed, Fair (Night), EDSA Aurora Blvd. Quezon City",MMDA Road Safety Unit,,a0cfd834-8bae-4bd8-9565-c1871de232e3,2013-06-15,11:30:00,EDSA before Whiteplains Ave. Quezon City,0,0,0,0,0,0,0,0,0,0,2013-06-15 19:30,Property,14.62163653,121.0501573,No Collision Stated
None,EDSA,None,None,"No Accident Factor, No Collision Stated (based on Police Blotter Book), 0.0 drivers_injured, 0.0 drivers_killed, 0.0 passengers_injured, 0.0 passengers_killed, 0.0 pedestrian_injured, 0.0 pedestrian_killed, Fair (Day), EDSA fronting Foton Motors Bgy.Ramon Magsaysay Quezon City",MMDA Road Safety Unit,,2d3d6727-74f8-4ba3-a33d-20c3a4a1b746,2013-06-15,05:00:00,EDSA after Kamias Road Quezon City,0,0,0,0,0,0,0,0,0,0,2013-06-15 13:00,Property,14.65763719,121.0217105,No Collision Stated
None,EDSA,None,None,"No Accident Factor, Side Swipe, 0.0 drivers_injured, 0.0 drivers_killed, 0.0 passengers_injured, 0.0 passengers_killed, 0.0 pedestrian_injured, 0.0 pedestrian_killed, Fair (Day), EDSA Liberty St., Bgy. Socorro Quezon City",MMDA Road Safety Unit,,a9cdfb6e-7285-4240-9b23-ddb4ff7e7e63,2013-06-15,03:20:00,EDSA East Ave. Quezon City,0,0,0,0,0,0,0,0,0,0,2013-06-15 11:20,Property,14.61201463,121.0547211,Side Swipe
None,EDSA,None,None,"No Accident Factor, No Collision Stated (based on Police Blotter Book), 0.0 drivers_injured, 0.0 drivers_killed, 0.0 passengers_injured, 0.0 passengers_killed, 0.0 pedestrian_injured, 0.0 pedestrian_killed, Fair (Day), EDSA West Ave.  Quezon City",MMDA Road Safety Unit,,a41a4474-c646-4cd1-94e0-02f2e29470d3,2013-06-14,09:00:00,EDSA West Ave. Quezon City,0,0,0,0,0,0,0,0,0,0,2013-06-14 17:00,Property,14.65548924,121.0298079,No Collision Stated
None,EDSA,None,None,"No Accident Factor, No Collision Stated (based on Police Blotter Book), 0.0 drivers_injured, 0.0 drivers_killed, 0.0 passengers_injured, 0.0 passengers_killed, 0.0 pedestrian_injured, 0.0 pedestrian_killed, Fair (Day), EDSA North Ave. Bgy.Pag asa Quezon City",MMDA Road Safety Unit,,4854c81f-33f2-40f0-8b6a-e03000b036cb,2013-06-14,07:20:00,EDSA North Ave. Quezon City,0,0,0,0,0,0,0,0,0,0,2013-06-14 15:20,Property,14.65553839,121.0299647,No Collision Stated
None,EDSA,None,None,"No Accident Factor, No Collision Stated (based on Police Blotter Book), 0.0 drivers_injured, 0.0 drivers_killed, 0.0 passengers_injured, 0.0 passengers_killed, 0.0 pedestrian_injured, 0.0 pedestrian_killed, Fair (Day), EDSA before South Road Quezon City",MMDA Road Safety Unit,,a6e33ef0-fa9f-402d-91b3-0ec4e4184996,2013-06-14,05:20:00,EDSA between GMA Network Drive and Victoria Tower Quezon City,0,0,0,0,0,0,0,0,0,0,2013-06-14 13:20,Property,14.61335772,121.0537478,No Collision Stated
None,EDSA,None,None,"No Accident Factor, Side Swipe, 0.0 drivers_injured, 0.0 drivers_killed, 0.0 passengers_injured, 0.0 passengers_killed, 0.0 pedestrian_injured, 0.0 pedestrian_killed, Fair (Day), EDSA Kamuning Road Quezon City",MMDA Road Safety Unit,,9ebffeee-9a50-4a18-85d9-115f39f51ff0,2013-06-14,02:30:00,"EDSA Quezon Ave., before Bus Bay Quezon City",0,0,0,0,0,0,0,0,0,0,2013-06-14 10:30,Property,14.63075725,121.0457548,Side Swipe
None,EDSA,None,None,"No Accident Factor, No Collision Stated (based on Police Blotter Book), 0.0 drivers_injured, 0.0 drivers_killed, 0.0 passengers_injured, 0.0 passengers_killed, 0.0 pedestrian_injured, 0.0 pedestrian_killed, Fair (Night), EDSA fronting SM Annex Bldg. Quezon City",MMDA Road Safety Unit,,2d739374-8369-4cd3-b7ca-d24cbd4055a2,2013-06-13,14:00:00,EDSA before North Ave. Quezon City,0,0,0,0,0,0,0,0,0,0,2013-06-13 22:00,Property,14.6565149,121.0265678,No Collision Stated
None,EDSA,None,None,"No Accident Factor, No Collision Stated (based on Police Blotter Book), 0.0 drivers_injured, 0.0 drivers_killed, 0.0 passengers_injured, 0.0 passengers_killed, 0.0 pedestrian_injured, 0.0 pedestrian_killed, Fair (Night), EDSA fronting SM City Annex Quezon City",MMDA Road Safety Unit,,e2d6695b-f847-40a0-a7b0-40e67c6e5d08,2013-06-13,13:50:00,"EDSA West Ave., Bgy. Phil-Am Quezon City",0,0,0,0,0,0,0,0,0,0,2013-06-13 21:50,Property,14.6565149,121.0265678,No Collision Stated
None,EDSA,None,None,"No Accident Factor, Side Swipe, 0.0 drivers_injured, 0.0 drivers_killed, 0.0 passengers_injured, 0.0 passengers_killed, 0.0 pedestrian_injured, 0.0 pedestrian_killed, Fair (Day), EDSA Arayat St. Quezon City",MMDA Road Safety Unit,,1f77bc7c-8dd2-43e6-88d2-6ef56de3f5bd,2013-06-13,02:00:00,"EDSA West Ave., Bgy. Phil-Am Quezon City",0,0,0,0,0,0,0,0,0,0,2013-06-13 10:00,Property,14.61961124,121.0508602,Side Swipe
None,EDSA,None,None,"No Accident Factor, Rear-end, 0.0 drivers_injured, 0.0 drivers_killed, 0.0 passengers_injured, 0.0 passengers_killed, 0.0 pedestrian_injured, 0.0 pedestrian_killed, Fair (Day), EDSA Aurora Blvd.  Quezon City",MMDA Road Safety Unit,,c36755fe-7554-4287-97cc-2483df899b00,2013-06-13,01:30:00,"EDSA fronting Meralco, Bgy. Apolonio Samson Quezon City",0,0,0,0,0,0,0,0,0,0,2013-06-13 9:30,Property,14.6217569,121.0502544,Rear-End
None,EDSA,None,None,"No Accident Factor, Side Swipe, 0.0 drivers_injured, 0.0 drivers_killed, 0.0 passengers_injured, 0.0 passengers_killed, 0.0 pedestrian_injured, 0.0 pedestrian_killed, Fair (Night), EDSA Ortigas Ave., Bgy. Ugong Norte Quezon City",MMDA Road Safety Unit,,2fee73ac-74fa-4d0d-82a7-f9a501d16739,2013-06-12,10:30:00,EDSA Kamias Road Quezon City,0,0,0,0,0,0,0,0,0,0,2013-06-12 18:30,Property,14.59335253,121.0584107,Side Swipe
None,EDSA,None,None,"No Accident Factor, No Collision Stated (based on Police Blotter Book), 0.0 drivers_injured, 0.0 drivers_killed, 0.0 passengers_injured, 0.0 passengers_killed, 0.0 pedestrian_injured, 0.0 pedestrian_killed, Fair (Day), EDSA West Ave. Quezon City",MMDA Road Safety Unit,,116f0a77-6475-4f4b-b3fd-0a9217cc7a78,2013-06-12,08:40:00,"EDSA before Roosevelt Ave., Bgy. San Antonio Quezon City",0,0,0,0,0,0,0,0,0,0,2013-06-12 16:40,Property,14.65548924,121.0298079,No Collision Stated
None,EDSA,None,None,"No Accident Factor, Side Swipe, 0.0 drivers_injured, 0.0 drivers_killed, 0.0 passengers_injured, 0.0 passengers_killed, 0.0 pedestrian_injured, 0.0 pedestrian_killed, Fair (Night), EDSA Gen. McArthur St., Cubao Quezon City",MMDA Road Safety Unit,,28470a47-943e-4bc9-b93a-ad2e1482cf7a,2013-06-11,17:00:00,EDSA after Aurora Blvd. Quezon City,0,0,0,0,0,0,0,0,0,0,2013-06-12 1:00,Property,14.61805145,121.0517604,Side Swipe
None,EDSA,None,None,"No Accident Factor, No Collision Stated (based on Police Blotter Book), 1.0 drivers_injured, 0.0 drivers_killed, 0.0 passengers_injured, 0.0 passengers_killed, 0.0 pedestrian_injured, 0.0 pedestrian_killed, Fair (Night), EDSA Col. Bonny Serrano Ave. (Santolan Road) Quezon City",MMDA Road Safety Unit,,39645b0d-3718-4868-b7e7-b0527393c502,2013-06-11,12:30:00,EDSA Aurora Blvd. Quezon City,0,0,0,1,0,0,0,0,0,1,2013-06-11 20:30,Injury,14.61107337,121.0550705,No Collision Stated
None,EDSA,None,None,"No Accident Factor, No Collision Stated (based on Police Blotter Book), 0.0 drivers_injured, 0.0 drivers_killed, 0.0 passengers_injured, 0.0 passengers_killed, 0.0 pedestrian_injured, 0.0 pedestrian_killed, Fair (Night), EDSA before Nueva Viscaya Bgy.Ramon Magsaysay Quezon City",MMDA Road Safety Unit,,fc0fdd6d-dcf9-47b6-8162-27b9a2d38636,2013-06-11,12:15:00,"EDSA at ""U"" turn slot, fronting Iglesia ni Cristo Quezon City",0,0,0,0,0,0,0,0,0,0,2013-06-11 20:15,Property,14.65660765,121.0263572,No Collision Stated
None,EDSA,None,None,"No Accident Factor, No Collision Stated (based on Police Blotter Book), 0.0 drivers_injured, 0.0 drivers_killed, 0.0 passengers_injured, 0.0 passengers_killed, 0.0 pedestrian_injured, 0.0 pedestrian_killed, Fair (Day), EDSA at ""U"" turn slot, GMA Network Drive Quezon City",MMDA Road Safety Unit,,4371737a-a017-4281-ab46-685a47aa5c20,2013-06-11,09:45:00,EDSA Ermin Garcia St. (Minnesota) Quezon City,0,0,0,0,0,0,0,0,0,0,2013-06-11 17:45,Property,14.633787,121.04437,No Collision Stated
None,EDSA,None,None,"No Accident Factor, No Collision Stated (based on Police Blotter Book), 0.0 drivers_injured, 0.0 drivers_killed, 0.0 passengers_injured, 0.0 passengers_killed, 0.0 pedestrian_injured, 0.0 pedestrian_killed, Fair (Day), EDSA NIA Site, Bgy. Pinyahan Quezon City",MMDA Road Safety Unit,,310bf5dc-5c37-4df9-99ef-22e80306931c,2013-06-11,07:10:00,"EDSA West Ave., Bgy. Phil-Am Quezon City",0,0,0,0,0,0,0,0,0,0,2013-06-11 15:10,Property,14.63727823,121.0421362,No Collision Stated
None,EDSA,None,None,"No Accident Factor, Side Swipe, 0.0 drivers_injured, 0.0 drivers_killed, 0.0 passengers_injured, 0.0 passengers_killed, 0.0 pedestrian_injured, 0.0 pedestrian_killed, Fair (Day), EDSA fronting Landmark Quezon City",MMDA Road Safety Unit,,89fdbbbc-b4da-490d-8c50-6529c6efddcc,2013-06-10,22:20:00,"EDSA Kamias Road, Bgy. Pinyahan Quezon City",0,0,0,0,0,0,0,0,0,0,2013-06-11 6:20,Property,14.65076858,121.0333817,Side Swipe
None,EDSA,None,None,"No Accident Factor, No Collision Stated (based on Police Blotter Book), 0.0 drivers_injured, 0.0 drivers_killed, 0.0 passengers_injured, 0.0 passengers_killed, 0.0 pedestrian_injured, 0.0 pedestrian_killed, Fair (Day), EDSA fronting Landmark Pag asa Quezon City",MMDA Road Safety Unit,,c8a3cc38-13ad-4f0f-af1d-ac5e2c28a902,2013-06-10,04:30:00,"EDSA P. Tuazon Blvd., Bgy. Socorro Quezon City",0,0,0,0,0,0,0,0,0,0,2013-06-10 12:30,Property,14.65076858,121.0333817,No Collision Stated
None,EDSA,None,None,"No Accident Factor, No Collision Stated (based on Police Blotter Book), 0.0 drivers_injured, 0.0 drivers_killed, 0.0 passengers_injured, 0.0 passengers_killed, 0.0 pedestrian_injured, 0.0 pedestrian_killed, Fair (Day), EDSA Roosevelt Ave. Quezon City",MMDA Road Safety Unit,,5defd444-5c1e-488f-ab9a-29b241bc4258,2013-06-10,03:20:00,EDSA before Kamuning Road Quezon City,0,0,0,0,0,0,0,0,0,0,2013-06-10 11:20,Property,14.65762047,121.0196373,No Collision Stated
None,EDSA,None,None,"No Accident Factor, Rear-end (Multiple), 0.0 drivers_injured, 0.0 drivers_killed, 2.0 passengers_injured, 0.0 passengers_killed, 0.0 pedestrian_injured, 0.0 pedestrian_killed, Fair (Day), EDSA before Gen. McArthur St. Quezon City",MMDA Road Safety Unit,,f4f364c5-ef24-4538-ae5e-93c89b2838e7,2013-06-10,00:15:00,EDSA fronting 711 Convenience Store Quezon City,0,0,0,0,2,0,0,0,0,2,2013-06-10 8:15,Injury,14.61789748,121.0519337,Rear-End
None,EDSA,None,None,"No Accident Factor, No Collision Stated (based on Police Blotter Book), 0.0 drivers_injured, 0.0 drivers_killed, 0.0 passengers_injured, 0.0 passengers_killed, 0.0 pedestrian_injured, 0.0 pedestrian_killed, Fair (Day), EDSA Kamias Road Quezon City",MMDA Road Safety Unit,,2e8ef45f-868f-4a57-b1d5-d48ff695fcfd,2013-06-09,08:00:00,EDSA Whiteplains Ave. Quezon City,0,0,0,0,0,0,0,0,0,0,2013-06-09 16:00,Property,14.6309142,121.0459376,No Collision Stated
None,EDSA,None,None,"No Accident Factor, No Collision Stated (based on Police Blotter Book), 0.0 drivers_injured, 0.0 drivers_killed, 0.0 passengers_injured, 0.0 passengers_killed, 0.0 pedestrian_injured, 0.0 pedestrian_killed, Fair (Day), EDSA West Ave. Bgy.Veterans Quezon City",MMDA Road Safety Unit,,ea3d6450-d27e-4ed6-9441-e1de9f7ac789,2013-06-08,00:30:00,EDSA before Mother Ignacia Quezon City,0,0,0,0,0,0,0,0,0,0,2013-06-08 8:30,Property,14.65548924,121.0298079,No Collision Stated
None,EDSA,None,None,"No Accident Factor, No Collision Stated (based on Police Blotter Book), 0.0 drivers_injured, 0.0 drivers_killed, 0.0 passengers_injured, 0.0 passengers_killed, 0.0 pedestrian_injured, 0.0 pedestrian_killed, Fair (Night), EDSA SM North Ave. Bgy.Pag asa Quezon City",MMDA Road Safety Unit,,23887456-665b-4f2e-8375-f7df21677e43,2013-06-07,19:30:00,EDSA North Ave. Quezon City,0,0,0,0,0,0,0,0,0,0,2013-06-08 3:30,Property,14.65645143,121.0271077,No Collision Stated
None,EDSA,None,None,"No Accident Factor, No Collision Stated (based on Police Blotter Book), 0.0 drivers_injured, 0.0 drivers_killed, 0.0 passengers_injured, 0.0 passengers_killed, 0.0 pedestrian_injured, 0.0 pedestrian_killed, Fair (Night), EDSA Quezon Ave. Bgy.Pag asa Quezon City",MMDA Road Safety Unit,,a346cece-9913-4a53-a679-885110ea65c8,2013-06-07,14:30:00,EDSA fronting SM City-North EDSA Quezon City,0,0,0,0,0,0,0,0,0,0,2013-06-07 22:30,Property,14.6442444,121.0375839,No Collision Stated
None,EDSA,None,None,"No Accident Factor, No Collision Stated (based on Police Blotter Book), 0.0 drivers_injured, 0.0 drivers_killed, 0.0 passengers_injured, 0.0 passengers_killed, 0.0 pedestrian_injured, 0.0 pedestrian_killed, Fair (Night), EDSA Corregidor St. Bgy.Bago Bantay Quezon City",MMDA Road Safety Unit,,c3b127d9-4ff8-484a-943b-2c54b64f0f01,2013-06-07,11:30:00,EDSA fronting Lucena Bus Terminal Quezon City,0,0,0,0,0,0,0,0,0,0,2013-06-07 19:30,Property,14.65707679,121.0241648,No Collision Stated
None,EDSA,None,None,"No Accident Factor, Side Swipe, 0.0 drivers_injured, 0.0 drivers_killed, 0.0 passengers_injured, 0.0 passengers_killed, 0.0 pedestrian_injured, 0.0 pedestrian_killed, Fair (Night), EDSA Monte De Piedad St. Quezon City",MMDA Road Safety Unit,,c7b77956-7b79-43ee-aadf-37e5fd7da582,2013-06-07,11:20:00,"EDSA Aurora Blvd., Cubao Quezon City",0,0,0,0,0,0,0,0,0,0,2013-06-07 19:20,Property,14.62346937,121.0491711,Side Swipe
None,EDSA,None,None,"No Accident Factor, Side Swipe, 0.0 drivers_injured, 0.0 drivers_killed, 0.0 passengers_injured, 0.0 passengers_killed, 0.0 pedestrian_injured, 0.0 pedestrian_killed, Fair (Day), EDSA Corregidor St. Bgy.Ramon Magsaysay Quezon City",MMDA Road Safety Unit,,3775d204-ff43-41fe-bfb2-72eb015631f7,2013-06-07,07:15:00,EDSA before Main Ave. Quezon City,0,0,0,0,0,0,0,0,0,0,2013-06-07 15:15,Property,14.65707679,121.0241648,Side Swipe
None,EDSA,None,None,"No Accident Factor, No Collision Stated (based on Police Blotter Book), 0.0 drivers_injured, 0.0 drivers_killed, 0.0 passengers_injured, 0.0 passengers_killed, 0.0 pedestrian_injured, 0.0 pedestrian_killed, Fair (Day), EDSA before Misamis St. Quezon City",MMDA Road Safety Unit,,d70c8bb8-34fd-4eeb-b159-d6ccb1932c7f,2013-06-07,05:30:00,EDSA fronting Police Station 10/OCPD Quezon City,0,0,0,0,0,0,0,0,0,0,2013-06-07 13:30,Property,14.65601862,121.0287938,No Collision Stated
None,EDSA,None,None,"No Accident Factor, Angle Impact, 0.0 drivers_injured, 0.0 drivers_killed, 0.0 passengers_injured, 0.0 passengers_killed, 0.0 pedestrian_injured, 0.0 pedestrian_killed, Fair (Day), EDSA Ortigas Ave., Bgy. Ugong Norte Quezon City",MMDA Road Safety Unit,,792a8454-3d7f-4220-b9a6-49fd0d9dd3d3,2013-06-07,04:30:00,EDSA Aurora Blvd. Cubao Quezon City,0,0,0,0,0,0,0,0,0,0,2013-06-07 12:30,Property,14.59335253,121.0584107,Angle Impact
None,EDSA,None,None,"No Accident Factor, Rear-end, 0.0 drivers_injured, 0.0 drivers_killed, 0.0 passengers_injured, 0.0 passengers_killed, 0.0 pedestrian_injured, 0.0 pedestrian_killed, Fair (Day), EDSA before MRT-Santolan Station Quezon City",MMDA Road Safety Unit,,835acb7b-977d-4a92-9fff-2873d4a7b319,2013-06-07,03:00:00,"EDSA Kaingin Road, Bgy. Apolonio Samson Quezon City",0,0,0,0,0,0,0,0,0,0,2013-06-07 11:00,Property,14.60792947,121.0562546,Rear-End
None,EDSA,None,None,"No Accident Factor, Hit and Run (No Collision Stated), 0.0 drivers_injured, 0.0 drivers_killed, 0.0 passengers_injured, 0.0 passengers_killed, 0.0 pedestrian_injured, 0.0 pedestrian_killed, Fair (Night), EDSA at ""U"" turn slot, Aurora Blvd.  Quezon City",MMDA Road Safety Unit,,54ff583e-be64-42c4-af9c-f60ae964fc7c,2013-06-06,21:15:00,EDSA P. Tuazon Blvd. Quezon City,0,0,0,0,0,0,0,0,0,0,2013-06-07 5:15,Property,14.62142392,121.05018,No Collision Stated
None,EDSA,None,None,"No Accident Factor, Side Swipe, 0.0 drivers_injured, 0.0 drivers_killed, 0.0 passengers_injured, 0.0 passengers_killed, 0.0 pedestrian_injured, 0.0 pedestrian_killed, Fair (Night), EDSA New York St. Quezon City",MMDA Road Safety Unit,,33704e04-080a-4206-b5ba-88e13531e3bd,2013-06-06,20:30:00,EDSA West Ave. Quezon City,0,0,0,0,0,0,0,0,0,0,2013-06-07 4:30,Property,14.62568514,121.0482307,Side Swipe
None,EDSA,None,None,"No Accident Factor, Side Swipe, 0.0 drivers_injured, 0.0 drivers_killed, 0.0 passengers_injured, 0.0 passengers_killed, 0.0 pedestrian_injured, 0.0 pedestrian_killed, Fair (Night), EDSA Panay Ave.  Quezon City",MMDA Road Safety Unit,,5792a67f-e5a1-4707-b897-b04ae4c0c2bc,2013-06-06,14:30:00,EDSA Corregidor St. Quezon City,0,0,0,0,0,0,0,0,0,0,2013-06-06 22:30,Property,14.64294686,121.0381076,Side Swipe
None,EDSA,None,None,"No Accident Factor, No Collision Stated (based on Police Blotter Book), 0.0 drivers_injured, 0.0 drivers_killed, 0.0 passengers_injured, 0.0 passengers_killed, 0.0 pedestrian_injured, 0.0 pedestrian_killed, Fair (Day), EDSA South Ave. / Timog Ave. Quezon City",MMDA Road Safety Unit,,2bf0fd8c-554f-4f53-960c-772a2f3ce887,2013-06-06,06:50:00,"EDSA before New York St., Bgy. E. Rodriguez Quezon City",0,0,0,0,0,0,0,0,0,0,2013-06-06 14:50,Property,14.63257986,121.0449774,No Collision Stated
None,EDSA,None,None,"No Accident Factor, Rear-end, 0.0 drivers_injured, 0.0 drivers_killed, 0.0 passengers_injured, 0.0 passengers_killed, 0.0 pedestrian_injured, 0.0 pedestrian_killed, Fair (Day), EDSA Quezon Ave. uturn slot West Triangle Quezon City",MMDA Road Safety Unit,,c7c65dbb-f05d-41f4-9ea4-0fa7a92987a1,2013-06-06,06:00:00,EDSA P. Tuazon Blvd. Quezon City,0,0,0,0,0,0,0,0,0,0,2013-06-06 14:00,Property,14.64519393,121.03677,Rear-End
None,EDSA,None,None,"No Accident Factor, Side Swipe, 0.0 drivers_injured, 0.0 drivers_killed, 0.0 passengers_injured, 0.0 passengers_killed, 0.0 pedestrian_injured, 0.0 pedestrian_killed, Fair (Day), EDSA before GMA Network Drive Quezon City",MMDA Road Safety Unit,,e982bfe9-2316-4bd2-969c-c07e903b90b1,2013-06-06,03:00:00,"EDSA P. Tuazon Blvd. ""U"" turn slot Quezon City",0,0,0,0,0,0,0,0,0,0,2013-06-06 11:00,Property,14.63501716,121.0433719,Side Swipe
None,EDSA,None,None,"No Accident Factor, No Collision Stated (based on Police Blotter Book), 0.0 drivers_injured, 0.0 drivers_killed, 0.0 passengers_injured, 0.0 passengers_killed, 0.0 pedestrian_injured, 0.0 pedestrian_killed, Fair (Night), EDSA Quezon Ave. uturn slot Bgy.Bagong Pag asa Quezon City",MMDA Road Safety Unit,,43fa3b95-df3e-4768-a091-e7c8ce175cf9,2013-06-05,21:30:00,"EDSA at ""U"" turn slot, before Bansalangin St., Bgy. Veterans Quezon City",0,0,0,0,0,0,0,0,0,0,2013-06-06 5:30,Property,14.64519393,121.03677,No Collision Stated
None,EDSA,None,None,"No Accident Factor, Rear-end, 0.0 drivers_injured, 0.0 drivers_killed, 0.0 passengers_injured, 0.0 passengers_killed, 0.0 pedestrian_injured, 0.0 pedestrian_killed, Fair (Night), EDSA after Waltermart, Bgy. Veterans Quezon City",MMDA Road Safety Unit,,56aec4be-98f4-42fa-95b7-611ba9582c49,2013-06-05,10:50:00,EDSA fronting Jam Liner Bus Terminal before Kamuning Road Quezon City,0,0,0,0,0,0,0,0,0,0,2013-06-05 18:50,Property,14.65722462,121.0221511,Rear-End
None,EDSA,None,None,"No Accident Factor, No Collision Stated (based on Police Blotter Book), 0.0 drivers_injured, 0.0 drivers_killed, 0.0 passengers_injured, 0.0 passengers_killed, 0.0 pedestrian_injured, 0.0 pedestrian_killed, Fair (Day), EDSA Misamis St. Bgy.Bagong Pag asa Quezon City",MMDA Road Safety Unit,,14b20394-8387-49cb-838f-b207d265a4ea,2013-06-04,09:30:00,EDSA Erwin Garcia St. Quezon City,0,0,0,0,0,0,0,0,0,0,2013-06-04 17:30,Property,14.65602348,121.0285212,No Collision Stated
None,EDSA,None,None,"No Accident Factor, Side Swipe, 0.0 drivers_injured, 0.0 drivers_killed, 0.0 passengers_injured, 0.0 passengers_killed, 0.0 pedestrian_injured, 0.0 pedestrian_killed, Fair (Day), EDSA fronting SM North Quezon City",MMDA Road Safety Unit,,053cc479-84f9-4909-84b2-ae723164f999,2013-06-04,06:30:00,EDSA MRT-North Avenue Station Quezon City,0,0,0,0,0,0,0,0,0,0,2013-06-04 14:30,Property,14.65591384,121.0291263,Side Swipe
None,EDSA,None,None,"No Accident Factor, Rear-end, 0.0 drivers_injured, 0.0 drivers_killed, 0.0 passengers_injured, 0.0 passengers_killed, 0.0 pedestrian_injured, 0.0 pedestrian_killed, Fair (Day), EDSA West Ave. West Triangle Quezon City",MMDA Road Safety Unit,,6587bf13-2f78-4132-aeb6-cff9319ed1bd,2013-06-04,03:45:00,EDSA Ortigas Ave. Quezon City,0,0,0,0,0,0,0,0,0,0,2013-06-04 11:45,Property,14.65548924,121.0298079,Rear-End
None,EDSA,None,None,"No Accident Factor, No Collision Stated (based on Police Blotter Book), 0.0 drivers_injured, 0.0 drivers_killed, 0.0 passengers_injured, 0.0 passengers_killed, 0.0 pedestrian_injured, 0.0 pedestrian_killed, Fair (Day), EDSA at ""U"" turn slot, South Ave. / Timog Ave. Quezon City",MMDA Road Safety Unit,,ebbc9bb9-62df-4221-835f-038c42f3af3d,2013-06-03,22:20:00,"EDSA before Misamis St., Bgy. Bagong Pag-asa Quezon City",0,0,0,0,0,0,0,0,0,0,2013-06-04 6:20,Property,14.63195535,121.0453513,No Collision Stated