LOCATION_TEXT,ROAD,WEATHER,LIGHT,DESC,REPORTING_AGENCY,MAIN_CAUSE,INCIDENTDETAILS_ID,DATE_UTC,TIME_UTC,ADDRESS,killed_driver,killed_passenger,killed_pedestrian,injured_driver,injured_passenger,injured_pedestrian,killed_uncategorized,injured_uncategorized,killed_total,injured_total,DATETIME_PST,SEVERITY,Y,X,COLLISION_TYPE
None,EDSA,None,None,"No Accident Factor, No Collision Stated (based on Police Blotter Book), 0.0 drivers_injured, 0.0 drivers_killed, 0.0 passengers_injured, 0.0 passengers_killed, 0.0 pedestrian_injured, 0.0 pedestrian_killed, Fair (Day), EDSA before MRT Bgy.Philam Quezon City",MMDA Road Safety Unit,,e9609fde-35e1-4ad9-ae2b-ab7708665cb9,2013-06-03,06:15:00,EDSA before Corregidor St. Quezon City,0,0,0,0,0,0,0,0,0,0,2013-06-03 14:15,Property,14.65226106,121.0321687,No Collision Stated
None,EDSA,None,None,"No Accident Factor, No Collision Stated (based on Police Blotter Book), 0.0 drivers_injured, 0.0 drivers_killed, 0.0 passengers_injured, 0.0 passengers_killed, 0.0 pedestrian_injured, 0.0 pedestrian_killed, Fair (Day), EDSA South Ave. / Timog Ave. Quezon City",MMDA Road Safety Unit,,d2487ebc-d498-4e04-a0ed-43414989c580,2013-06-03,02:50:00,"EDSA North Ave., Bgy. North Triangle Quezon City",0,0,0,0,0,0,0,0,0,0,2013-06-03 10:50,Property,14.63257986,121.0449774,No Collision Stated
None,EDSA,None,None,"No Accident Factor, No Collision Stated (based on Police Blotter Book), 0.0 drivers_injured, 0.0 drivers_killed, 0.0 passengers_injured, 0.0 passengers_killed, 0.0 pedestrian_injured, 0.0 pedestrian_killed, Fair (Day), EDSA fronting JAC Liner Bus Terminal, before Mapagmahal St. Quezon City",MMDA Road Safety Unit,,5bbaa0c1-f970-43f2-9805-b0900a2c7a93,2013-06-03,01:30:00,"EDSA Whiteplains Ave., Bgy. Ugong Norte Quezon City",0,0,0,0,0,0,0,0,0,0,2013-06-03 9:30,Property,14.63206278,121.0454731,No Collision Stated
None,EDSA,None,None,"No Accident Factor, No Collision Stated (based on Police Blotter Book), 0.0 drivers_injured, 0.0 drivers_killed, 0.0 passengers_injured, 0.0 passengers_killed, 0.0 pedestrian_injured, 0.0 pedestrian_killed, Fair (Day), EDSA fronting North Station MRT West Triangle Quezon City",MMDA Road Safety Unit,,5f2a89a1-d106-456b-a442-7d42954dca23,2013-06-02,22:30:00,"EDSA fronting Ermin Garcia Bus Stop, before Ermin Garcia St. (Minnesota), Cubao, Bgy. E. Rodriguez Quezon City",0,0,0,0,0,0,0,0,0,0,2013-06-03 6:30,Property,14.65216422,121.0324507,Angle Impact
None,EDSA,None,None,"No Accident Factor, Rear-end, 0.0 drivers_injured, 0.0 drivers_killed, 0.0 passengers_injured, 0.0 passengers_killed, 0.0 pedestrian_injured, 0.0 pedestrian_killed, Fair (Night), EDSA Main Ave. Quezon City",MMDA Road Safety Unit,,7486c13a-0e16-4fe7-8986-a4571747801f,2013-06-01,11:30:00,"EDSA before Quezon Ave., Bgy. West Triangle Quezon City",0,0,0,0,0,0,0,0,0,0,2013-06-01 19:30,Property,14.61376458,121.0537933,Rear-End
None,EDSA,None,None,"No Accident Factor, Side Swipe, 0.0 drivers_injured, 0.0 drivers_killed, 0.0 passengers_injured, 0.0 passengers_killed, 0.0 pedestrian_injured, 0.0 pedestrian_killed, Fair (Night), EDSA North Ave. Bagong Pag asa Quezon City",MMDA Road Safety Unit,,dc7e0000-8d1b-468e-84d5-e88fb070aad4,2013-06-01,11:30:00,EDSA Kamias   Quezon City,0,0,0,0,0,0,0,0,0,0,2013-06-01 19:30,Property,14.65553839,121.0299647,Side Swipe
None,EDSA,None,None,"No Accident Factor, Rear-end, 0.0 drivers_injured, 0.0 drivers_killed, 0.0 passengers_injured, 0.0 passengers_killed, 0.0 pedestrian_injured, 0.0 pedestrian_killed, Fair (Night), EDSA before Aurora Blvd. Quezon City",MMDA Road Safety Unit,,7d13a9fe-ebe6-4c6b-8001-de61106aa1f0,2013-06-01,11:00:00,EDSA Fronting R. Magsaysay High School Ermin Garcia St. Brgy. Pinagkaisahan Quezon City,0,0,0,0,0,0,0,0,0,0,2013-06-01 19:00,Property,14.62151535,121.0499619,Rear-End
None,EDSA,None,None,"No Accident Factor, Side Swipe, 0.0 drivers_injured, 0.0 drivers_killed, 0.0 passengers_injured, 0.0 passengers_killed, 0.0 pedestrian_injured, 0.0 pedestrian_killed, Fair (Day), EDSA Nueva Ecija St. Quezon City",MMDA Road Safety Unit,,01cb2407-649f-4b8c-bd9b-e4dc9f781743,2013-06-01,07:45:00,EDSA E. Lopez St. Bgy.South Triangle Quezon City,0,0,0,0,0,0,0,0,0,0,2013-06-01 15:45,Property,14.65665894,121.026062,Side Swipe
None,EDSA,None,None,"No Accident Factor, No Collision Stated (based on Police Blotter Book), 0.0 drivers_injured, 0.0 drivers_killed, 0.0 passengers_injured, 0.0 passengers_killed, 0.0 pedestrian_injured, 0.0 pedestrian_killed, Fair (Day), EDSA Panay Ave.  Quezon City",MMDA Road Safety Unit,,4c77fff4-d281-4d00-b34d-91b57ccf58e1,2013-06-01,04:45:00,"EDSA North Ave., Bgy. Bagong Pag-asa Quezon City",0,0,0,0,0,0,0,0,0,0,2013-06-01 12:45,Property,14.64294686,121.0381076,No Collision Stated
None,EDSA,None,None,"No Accident Factor, No Collision Stated (based on Police Blotter Book), 0.0 drivers_injured, 0.0 drivers_killed, 0.0 passengers_injured, 0.0 passengers_killed, 0.0 pedestrian_injured, 0.0 pedestrian_killed, Fair (Night), EDSA fronting SM North Bagong Pag asa Quezon City",MMDA Road Safety Unit,,90b963ca-7de4-4324-9c96-329f0adda246,2013-05-31,16:30:00,EDSA North Ave. Quezon City,0,0,0,0,0,0,0,0,0,0,2013-06-01 0:30,Property,14.65591384,121.0291263,No Collision Stated
None,EDSA,None,None,"No Accident Factor, No Collision Stated (based on Police Blotter Book), 0.0 drivers_injured, 0.0 drivers_killed, 0.0 passengers_injured, 0.0 passengers_killed, 0.0 pedestrian_injured, 0.0 pedestrian_killed, Fair (Night), EDSA OP/UP Balintawak Quezon City",MMDA Road Safety Unit,,cf12da2e-d1bb-496c-b0bd-a5f041d387a3,2013-05-31,11:30:00,"EDSA fronting Genesis Bus Terminal, before New York St., Bgy. E. Rodriguez Quezon City",0,0,0,0,0,0,0,0,0,0,2013-05-31 19:30,Property,14.65736015,121.002298,No Collision Stated
None,EDSA,None,None,"No Accident Factor, No Collision Stated (based on Police Blotter Book), 0.0 drivers_injured, 0.0 drivers_killed, 0.0 passengers_injured, 0.0 passengers_killed, 0.0 pedestrian_injured, 0.0 pedestrian_killed, Fair (Day), EDSA West Ave. Quezon City",MMDA Road Safety Unit,,5f5d341b-01f0-4f6d-b9fa-f01640e219a6,2013-05-31,08:20:00,EDSA Monte De Piedad St. Brgy. Immaculate Concepcion Quezon City,0,0,0,0,0,0,0,0,0,0,2013-05-31 16:20,Property,14.65548924,121.0298079,No Collision Stated
None,EDSA,None,None,"No Accident Factor, No Collision Stated (based on Police Blotter Book), 0.0 drivers_injured, 0.0 drivers_killed, 0.0 passengers_injured, 0.0 passengers_killed, 0.0 pedestrian_injured, 0.0 pedestrian_killed, Fair (Day), EDSA Roosevelt Ave. Quezon City",MMDA Road Safety Unit,,3b865c23-d8bc-47d8-a75c-6063b0e8a00a,2013-05-31,07:40:00,"EDSA at ""U"" turn slot, before Waltermart Quezon City",0,0,0,0,0,0,0,0,0,0,2013-05-31 15:40,Property,14.65762047,121.0196373,No Collision Stated
None,EDSA,None,None,"No Accident Factor, No Collision Stated (based on Police Blotter Book), 0.0 drivers_injured, 0.0 drivers_killed, 0.0 passengers_injured, 0.0 passengers_killed, 0.0 pedestrian_injured, 0.0 pedestrian_killed, Fair (Day), EDSA Kamuning Road Quezon City",MMDA Road Safety Unit,,97e114f1-b227-45b1-bcf8-375a56e348ed,2013-05-31,06:30:00,EDSA MRT-North Avenue Station Quezon City,0,0,0,0,0,0,0,0,0,0,2013-05-31 14:30,Property,14.63075725,121.0457548,No Collision Stated
None,EDSA,None,None,"No Accident Factor, No Collision Stated (based on Police Blotter Book), 0.0 drivers_injured, 0.0 drivers_killed, 0.0 passengers_injured, 0.0 passengers_killed, 0.0 pedestrian_injured, 0.0 pedestrian_killed, Fair (Day), EDSA Quezon Ave. fronting Mc Donald's Quezon City",MMDA Road Safety Unit,,bbcb4fbb-d6b5-4ac6-aee8-74114e6e9b2b,2013-05-31,06:15:00,EDSA Kamias Road Quezon City,0,0,0,0,0,0,0,0,0,0,2013-05-31 14:15,Property,14.6442444,121.0375839,No Collision Stated
None,EDSA,None,None,"No Accident Factor, No Collision Stated (based on Police Blotter Book), 0.0 drivers_injured, 0.0 drivers_killed, 0.0 passengers_injured, 0.0 passengers_killed, 0.0 pedestrian_injured, 0.0 pedestrian_killed, Fair (Night), EDSA North Ave. Bgy.Pag asa Quezon City",MMDA Road Safety Unit,,f396307b-039d-4103-8528-b791bbd796d7,2013-05-30,14:45:00,"EDSA before Cloverleaf, Bgy. Ug Sigaw Quezon City",0,0,0,0,0,0,0,0,0,0,2013-05-30 22:45,Property,14.65553839,121.0299647,No Collision Stated
None,EDSA,None,None,"No Accident Factor, Hit and Run (No Collision Stated), 1.0 drivers_injured, 0.0 drivers_killed, 0.0 passengers_injured, 0.0 passengers_killed, 0.0 pedestrian_injured, 0.0 pedestrian_killed, Fair (Day), EDSA North Road Quezon City",MMDA Road Safety Unit,,bf1a34f0-30db-4b2e-aef6-92bc745450a6,2013-05-30,09:55:00,"EDSA fronting Baliwag Transit Bus Terminal, Bgy. E. Rodriguez Quezon City",0,0,0,1,0,0,0,0,0,1,2013-05-30 17:55,Injury,14.61444188,121.0532975,No Collision Stated
None,EDSA,None,None,"No Accident Factor, Rear-end, 0.0 drivers_injured, 0.0 drivers_killed, 1.0 passengers_injured, 0.0 passengers_killed, 0.0 pedestrian_injured, 0.0 pedestrian_killed, Fair (Day), EDSA fronting Camp Aguinaldo, Bgy. Socorro Quezon City",MMDA Road Safety Unit,,de3e8bcc-3300-490d-b469-c20d41a2c1ec,2013-05-30,02:50:00,"EDSA Paramount, Bgy. Phil-Am Quezon City",0,0,0,0,1,0,0,0,0,1,2013-05-30 10:50,Injury,14.6074566,121.0567511,Rear-End
None,EDSA,None,None,"No Accident Factor, No Collision Stated (based on Police Blotter Book), 0.0 drivers_injured, 0.0 drivers_killed, 0.0 passengers_injured, 0.0 passengers_killed, 0.0 pedestrian_injured, 0.0 pedestrian_killed, Fair (Night), EDSA before Quezon Ave. Quezon City",MMDA Road Safety Unit,,f93e0d92-eb40-4a12-9f01-79a5970b69e0,2013-05-29,15:00:00,"EDSA Cloverleaf, Bgy. Ug Sigaw Quezon City",0,0,0,0,0,0,0,0,0,0,2013-05-29 23:00,Property,14.64451704,121.0371727,No Collision Stated
None,EDSA,None,None,"No Accident Factor, No Collision Stated (based on Police Blotter Book), 0.0 drivers_injured, 0.0 drivers_killed, 0.0 passengers_injured, 0.0 passengers_killed, 0.0 pedestrian_injured, 0.0 pedestrian_killed, Fair (Day), EDSA Aurora Blvd. Quezon City",MMDA Road Safety Unit,,06141b70-86fe-4d7b-ac7a-019003daabc7,2013-05-29,09:00:00,EDSA Kamias Road Quezon City,0,0,0,0,0,0,0,0,0,0,2013-05-29 17:00,Property,14.62163653,121.0501573,No Collision Stated
None,EDSA,None,None,"No Accident Factor, Hit and Run (No Collision Stated), 0.0 drivers_injured, 0.0 drivers_killed, 0.0 passengers_injured, 0.0 passengers_killed, 0.0 pedestrian_injured, 0.0 pedestrian_killed, Fair (Day), EDSA Aurora Blvd. Quezon City",MMDA Road Safety Unit,,5053262a-9b02-4a31-9369-e806af914bd2,2013-05-29,06:00:00,EDSA Nueva Viscaya St. Quezon City,0,0,0,0,0,0,0,0,0,0,2013-05-29 14:00,Property,14.62163653,121.0501573,No Collision Stated
None,EDSA,None,None,"No Accident Factor, Rear-end, 0.0 drivers_injured, 0.0 drivers_killed, 0.0 passengers_injured, 0.0 passengers_killed, 0.0 pedestrian_injured, 0.0 pedestrian_killed, Fair (Day), EDSA Main Ave. fronting Shell Gas Station Quezon City",MMDA Road Safety Unit,,4c7d248a-1e71-4991-b89b-e52a57b9a241,2013-05-29,02:00:00,EDSA Congressional Ave. Quezon City,0,0,0,0,0,0,0,0,0,0,2013-05-29 10:00,Property,14.61376458,121.0537933,Rear-End
None,EDSA,None,None,"No Accident Factor, Rear-end, 0.0 drivers_injured, 0.0 drivers_killed, 0.0 passengers_injured, 0.0 passengers_killed, 0.0 pedestrian_injured, 0.0 pedestrian_killed, Fair (Day), EDSA Mapagmahal St.  Quezon City",MMDA Road Safety Unit,,978655c7-eaab-4e19-8ffe-d8ff85228163,2013-05-28,22:50:00,"EDSA Ortigas Ave., Bgy. Ugong Norte Quezon City",0,0,0,0,0,0,0,0,0,0,2013-05-29 6:50,Property,14.63185046,121.0455315,Rear-End
None,EDSA,None,None,"No Accident Factor, No Collision Stated (based on Police Blotter Book), 0.0 drivers_injured, 0.0 drivers_killed, 0.0 passengers_injured, 0.0 passengers_killed, 0.0 pedestrian_injured, 0.0 pedestrian_killed, Fair (Night), EDSA Kamias Road Quezon City",MMDA Road Safety Unit,,94322e95-de41-4260-9104-392e7cb91562,2013-05-28,21:30:00,"EDSA Gen. McArthur St., Bgy. Socorro Quezon City",0,0,0,0,0,0,0,0,0,0,2013-05-29 5:30,Property,14.6309142,121.0459376,No Collision Stated
None,EDSA,None,None,"No Accident Factor, No Collision Stated (based on Police Blotter Book), 0.0 drivers_injured, 0.0 drivers_killed, 0.0 passengers_injured, 0.0 passengers_killed, 0.0 pedestrian_injured, 0.0 pedestrian_killed, Fair (Night), EDSA fronting Centris Quezon City",MMDA Road Safety Unit,,b1d1be4d-ca79-469f-b03a-ca6a3ae72be6,2013-05-28,14:20:00,EDSA Aurora Blvd. Quezon City,0,0,0,0,0,0,0,0,0,0,2013-05-28 22:20,Property,14.64337396,121.0382446,No Collision Stated
None,EDSA,None,None,"No Accident Factor, No Collision Stated (based on Police Blotter Book), 0.0 drivers_injured, 0.0 drivers_killed, 0.0 passengers_injured, 0.0 passengers_killed, 0.0 pedestrian_injured, 0.0 pedestrian_killed, Fair (Night), EDSA Misamis St. Bgy.Sto.Cristo Quezon City",MMDA Road Safety Unit,,bfe63bd6-2b46-495c-82c6-2e33e28188b7,2013-05-28,11:35:00,EDSA Kamias Road Quezon City,0,0,0,0,0,0,0,0,0,0,2013-05-28 19:35,Property,14.65602348,121.0285212,No Collision Stated
None,EDSA,None,None,"No Accident Factor, Hit and Run (Rear-end), 0.0 drivers_injured, 0.0 drivers_killed, 0.0 passengers_injured, 0.0 passengers_killed, 0.0 pedestrian_injured, 0.0 pedestrian_killed, Fair (Night), EDSA Main St. Quezon City",MMDA Road Safety Unit,,5e7b2a0b-a47a-4431-9d6a-ff206c7effa4,2013-05-27,14:00:00,"EDSA Roosevelt Ave., Bgy. San Antonio Quezon City",0,0,0,0,0,0,0,0,0,0,2013-05-27 22:00,Property,14.61376458,121.0537933,Rear-End
None,EDSA,None,None,"No Accident Factor, No Collision Stated (based on Police Blotter Book), 0.0 drivers_injured, 0.0 drivers_killed, 0.0 passengers_injured, 0.0 passengers_killed, 0.0 pedestrian_injured, 0.0 pedestrian_killed, Fair (Day), EDSA Roosevelt Ave. Quezon City",MMDA Road Safety Unit,,d5972d21-7477-4ba0-8544-36f78f69b5ad,2013-05-27,06:45:00,"EDSA Congressional Ave., Bgy. Ramon Magsaysay Quezon City",0,0,0,0,0,0,0,0,0,0,2013-05-27 14:45,Property,14.65762047,121.0196373,No Collision Stated
None,EDSA,None,None,"No Accident Factor, No Collision Stated (based on Police Blotter Book), 0.0 drivers_injured, 0.0 drivers_killed, 0.0 passengers_injured, 0.0 passengers_killed, 0.0 pedestrian_injured, 0.0 pedestrian_killed, Fair (Day), EDSA fronting SM North Bldg. Bgy.Sto.Cristo Quezon City",MMDA Road Safety Unit,,d6f46c64-e316-4d0f-a6c6-f2dba7a73f5a,2013-05-27,06:10:00,EDSA Aurora Blvd. Quezon City,0,0,0,0,0,0,0,0,0,0,2013-05-27 14:10,Property,14.65591384,121.0291263,No Collision Stated
None,EDSA,None,None,"No Accident Factor, Rear-end, 0.0 drivers_injured, 0.0 drivers_killed, 0.0 passengers_injured, 0.0 passengers_killed, 0.0 pedestrian_injured, 0.0 pedestrian_killed, Fair (Day), EDSA Robinson's Galleria Bus Stop Quezon City",MMDA Road Safety Unit,,8e8f91f1-36e6-48a7-ae25-b73052b4e8a6,2013-05-27,05:30:00,EDSA North Ave. Quezon City,0,0,0,0,0,0,0,0,0,0,2013-05-27 13:30,Property,14.59226131,121.0583025,Rear-End
None,EDSA,None,None,"No Accident Factor, Side Swipe, 0.0 drivers_injured, 0.0 drivers_killed, 0.0 passengers_injured, 0.0 passengers_killed, 0.0 pedestrian_injured, 0.0 pedestrian_killed, Fair (Night), EDSA fronting Camp Aguinaldo Gate 3 Quezon City",MMDA Road Safety Unit,,0b6890ef-ad1f-408f-b0f3-c59424541203,2013-05-26,15:00:00,"EDSA fronting Balintawak Market, Bgy. Balingasa Quezon City",0,0,0,0,0,0,0,0,0,0,2013-05-26 23:00,Property,14.60465541,121.0580329,Side Swipe
None,EDSA,None,None,"No Accident Factor, Side Swipe, 0.0 drivers_injured, 0.0 drivers_killed, 0.0 passengers_injured, 0.0 passengers_killed, 0.0 pedestrian_injured, 0.0 pedestrian_killed, Fair (Day), EDSA P. Tuazon Blvd. Quezon City",MMDA Road Safety Unit,,5749678f-ac7f-41e2-a50f-ca3b5be744ff,2013-05-26,09:15:00,"EDSA GMA Network Drive, Bgy. West Triangle Quezon City",0,0,0,0,0,0,0,0,0,0,2013-05-26 17:15,Property,14.61656342,121.0525225,Side Swipe
None,EDSA,None,None,"No Accident Factor, Rear-end, 0.0 drivers_injured, 0.0 drivers_killed, 0.0 passengers_injured, 0.0 passengers_killed, 0.0 pedestrian_injured, 0.0 pedestrian_killed, Fair (Day), EDSA between Aurora Blvd. and New York Quezon City",MMDA Road Safety Unit,,a09108d8-63b8-4ecd-976c-2726e14a20cc,2013-05-25,03:35:00,"EDSA at ""U"" turn slot, Bansalangin St., Bgy. Veterans Quezon City",0,0,0,0,0,0,0,0,0,0,2013-05-25 11:35,Property,14.62323111,121.0492715,Rear-End
None,EDSA,None,None,"No Accident Factor, Hit and Run (No Collision Stated), 1.0 drivers_injured, 0.0 drivers_killed, 0.0 passengers_injured, 0.0 passengers_killed, 0.0 pedestrian_injured, 0.0 pedestrian_killed, Fair (Night), EDSA Quezon Ave. Quezon City",MMDA Road Safety Unit,,e1ac12da-0950-4ccf-b8c0-e342d89aba26,2013-05-24,17:40:00,EDSA South Ave. / Timog Ave. Quezon City,0,0,0,1,0,0,0,0,0,1,2013-05-25 1:40,Injury,14.6442444,121.0375839,No Collision Stated
None,EDSA,None,None,"No Accident Factor, No Collision Stated (based on Police Blotter Book), 0.0 drivers_injured, 0.0 drivers_killed, 0.0 passengers_injured, 0.0 passengers_killed, 0.0 pedestrian_injured, 0.0 pedestrian_killed, Fair (Night), EDSA North Ave. Quezon City",MMDA Road Safety Unit,,8e0009c8-b0c7-4589-893d-e881099b223a,2013-05-24,15:30:00,"EDSA fronting ALPS Bus Terminal, Bgy. Pinagkaisahan Quezon City",0,0,0,0,0,0,0,0,0,0,2013-05-24 23:30,Property,14.65553839,121.0299647,No Collision Stated
None,EDSA,None,None,"No Accident Factor, No Collision Stated (based on Police Blotter Book), 0.0 drivers_injured, 0.0 drivers_killed, 0.0 passengers_injured, 0.0 passengers_killed, 0.0 pedestrian_injured, 0.0 pedestrian_killed, Fair (Night), EDSA North Ave. Quezon City",MMDA Road Safety Unit,,fe4b7d85-0f83-4b52-a3b3-ea84bd8229e6,2013-05-24,15:00:00,"EDSA P. Tuazon Blvd., Bgy. Socorro Quezon City",0,0,0,0,0,0,0,0,0,0,2013-05-24 23:00,Property,14.65553839,121.0299647,No Collision Stated
None,EDSA,None,None,"No Accident Factor, No Collision Stated (based on Police Blotter Book), 0.0 drivers_injured, 0.0 drivers_killed, 0.0 passengers_injured, 0.0 passengers_killed, 0.0 pedestrian_injured, 0.0 pedestrian_killed, Fair (Night), EDSA North Ave. Bgy.Pag asa Quezon City",MMDA Road Safety Unit,,48a3dc78-db25-4251-b7bc-9e007efa816d,2013-05-24,14:30:00,EDSA East Ave. Quezon City,0,0,0,0,0,0,0,0,0,0,2013-05-24 22:30,Property,14.65553839,121.0299647,No Collision Stated
None,EDSA,None,None,"No Accident Factor, Hit and Run (No Collision Stated), 0.0 drivers_injured, 0.0 drivers_killed, 0.0 passengers_injured, 0.0 passengers_killed, 0.0 pedestrian_injured, 0.0 pedestrian_killed, Fair (Day), EDSA Baliwag Bus Terminal Driveway Quezon City",MMDA Road Safety Unit,,ebb085ef-03b6-4010-bccc-2956ca20d6f2,2013-05-24,04:30:00,"EDSA Bansalangin St., Bgy. Veterans Quezon City",0,0,0,0,0,0,0,0,0,0,2013-05-24 12:30,Property,14.6244766,121.0489584,No Collision Stated
None,EDSA,None,None,"No Accident Factor, Side Swipe, 0.0 drivers_injured, 0.0 drivers_killed, 0.0 passengers_injured, 0.0 passengers_killed, 0.0 pedestrian_injured, 0.0 pedestrian_killed, Fair (Day), EDSA before Major Ignacio Dias St. Quezon City",MMDA Road Safety Unit,,5cf25867-3450-438e-9f8a-a0196419011c,2013-05-24,00:10:00,"EDSA Misamis St., Bgy. Sto. Cristo Quezon City",0,0,0,0,0,0,0,0,0,0,2013-05-24 8:10,Property,14.61828135,121.0515178,Side Swipe
None,EDSA,None,None,"No Accident Factor, Side Swipe, 0.0 drivers_injured, 0.0 drivers_killed, 0.0 passengers_injured, 0.0 passengers_killed, 0.0 pedestrian_injured, 0.0 pedestrian_killed, Fair (Day), EDSA between K-3rd Ext. and Ermin Garcia St. Quezon City",MMDA Road Safety Unit,,31b07456-bcf3-4141-a32e-1ba5c867cd2e,2013-05-23,23:30:00,"EDSA Congressional Ave., Bgy. Ramon Magsaysay Quezon City",0,0,0,0,0,0,0,0,0,0,2013-05-24 7:30,Property,14.62887166,121.0467609,Side Swipe
None,EDSA,None,None,"No Accident Factor, Rear-end, 0.0 drivers_injured, 0.0 drivers_killed, 0.0 passengers_injured, 0.0 passengers_killed, 0.0 pedestrian_injured, 0.0 pedestrian_killed, Fair (Night), EDSA fronting DPWH Office, Bgy. Pinyahan Quezon City",MMDA Road Safety Unit,,1c533ea9-4d02-48d5-839f-bcdeaf7f39c8,2013-05-22,18:10:00,EDSA Whiteplains Ave. Quezon City,0,0,0,0,0,0,0,0,0,0,2013-05-23 2:10,Property,14.63473964,121.043922,Rear-End
None,EDSA,None,None,"No Accident Factor, No Collision Stated (based on Police Blotter Book), 0.0 drivers_injured, 0.0 drivers_killed, 0.0 passengers_injured, 0.0 passengers_killed, 0.0 pedestrian_injured, 0.0 pedestrian_killed, Fair (Night), EDSA North Ave. Bgy.Pag asa Quezon City",MMDA Road Safety Unit,,b3257ca8-027b-447f-ad76-8ec432641787,2013-05-22,10:30:00,EDSA Fronting JAC Liner Bus Terminal Brgy. Pinyahan Quezon City,0,0,0,0,0,0,0,0,0,0,2013-05-22 18:30,Property,14.65553839,121.0299647,No Collision Stated
None,EDSA,None,None,"No Accident Factor, No Collision Stated (based on Police Blotter Book), 0.0 drivers_injured, 0.0 drivers_killed, 0.0 passengers_injured, 0.0 passengers_killed, 0.0 pedestrian_injured, 0.0 pedestrian_killed, Fair (Day), EDSA OP/UP Bgy. Balingasa Quezon City",MMDA Road Safety Unit,,faf93061-77f7-4f65-aa38-2f1383796b65,2013-05-22,09:30:00,"EDSA Ermin Garcia St. (Minnesota), Bgy. E. Rodriguez Quezon City",0,0,0,0,0,0,0,0,0,0,2013-05-22 17:30,Property,14.65736015,121.002298,No Collision Stated
None,EDSA,None,None,"No Accident Factor, Side Swipe, 0.0 drivers_injured, 0.0 drivers_killed, 0.0 passengers_injured, 0.0 passengers_killed, 0.0 pedestrian_injured, 0.0 pedestrian_killed, Fair (Day), EDSA fronting Victory Liner Bus Terminal, Bgy. Pinyahan Quezon City",MMDA Road Safety Unit,,8f3473dd-1e5c-48c5-8c27-a8cd5d92b781,2013-05-22,06:30:00,EDSA North Ave. Quezon City,0,0,0,0,0,0,0,0,0,0,2013-05-22 14:30,Property,14.6322903,121.0453753,Side Swipe
None,EDSA,None,None,"No Accident Factor, Hit Object (No Object Stated), 0.0 drivers_injured, 0.0 drivers_killed, 1.0 passengers_injured, 0.0 passengers_killed, 0.0 pedestrian_injured, 0.0 pedestrian_killed, Fair (Day), EDSA Arayat St. Quezon City",MMDA Road Safety Unit,,e71388b5-5815-44f1-b9fe-0c7cb908076b,2013-05-22,05:30:00,EDSA North Road Quezon City,0,0,0,0,1,0,0,0,0,1,2013-05-22 13:30,Injury,14.61961124,121.0508602,Hit Object
None,EDSA,None,None,"No Accident Factor, Side Swipe, 0.0 drivers_injured, 0.0 drivers_killed, 0.0 passengers_injured, 0.0 passengers_killed, 0.0 pedestrian_injured, 0.0 pedestrian_killed, Fair (Day), EDSA Banahaw St.  Quezon City",MMDA Road Safety Unit,,2efb99f4-0413-4cf6-abee-8aff03350ffd,2013-05-22,04:30:00,"EDSA at ""U"" turn slot, fronting SM City-North EDSA (Annex Bldg.), Bgy. Bagong Pag-asa Quezon City",0,0,0,0,0,0,0,0,0,0,2013-05-22 12:30,Property,14.61797303,121.0516572,Side Swipe
None,EDSA,None,None,"No Accident Factor, Rear-end, 0.0 drivers_injured, 0.0 drivers_killed, 0.0 passengers_injured, 0.0 passengers_killed, 0.0 pedestrian_injured, 0.0 pedestrian_killed, Fair (Day), EDSA fronting Farmer's Market  Quezon City",MMDA Road Safety Unit,,795f41e1-9209-4c3b-87de-6cd97f3bed3f,2013-05-22,04:00:00,"EDSA Trinoma, North Ave., Bgy. Bagong Pag-asa Quezon City",0,0,0,0,0,0,0,0,0,0,2013-05-22 12:00,Property,14.61924195,121.0511606,Rear-End
None,EDSA,None,None,"No Accident Factor, Rear-end, 0.0 drivers_injured, 0.0 drivers_killed, 0.0 passengers_injured, 0.0 passengers_killed, 0.0 pedestrian_injured, 0.0 pedestrian_killed, Fair (Day), EDSA Quezon Ave. UTS  Quezon City",MMDA Road Safety Unit,,0e6735f6-9f49-4b6e-a910-a244e16ff881,2013-05-22,01:05:00,EDSA Ortigas Ave. Quezon City,0,0,0,0,0,0,0,0,0,0,2013-05-22 9:05,Property,14.64523302,121.0368679,Rear-End
None,EDSA,None,None,"No Accident Factor, No Collision Stated (based on Police Blotter Book), 1.0 drivers_injured, 0.0 drivers_killed, 0.0 passengers_injured, 0.0 passengers_killed, 0.0 pedestrian_injured, 0.0 pedestrian_killed, Fair (Day), EDSA fronting QCA Quezon City",MMDA Road Safety Unit,,d86c7e97-ec54-4394-b275-50c9281b9075,2013-05-21,03:30:00,EDSA K - 3rd St.  Quezon City,0,0,0,1,0,0,0,0,0,1,2013-05-21 11:30,Injury,14.65660275,121.0257801,No Collision Stated