LOCATION_TEXT,ROAD,WEATHER,LIGHT,DESC,REPORTING_AGENCY,MAIN_CAUSE,INCIDENTDETAILS_ID,DATE_UTC,TIME_UTC,ADDRESS,killed_driver,killed_passenger,killed_pedestrian,injured_driver,injured_passenger,injured_pedestrian,killed_uncategorized,injured_uncategorized,killed_total,injured_total,DATETIME_PST,SEVERITY,Y,X,COLLISION_TYPE
None,EDSA,None,None,"No Accident Factor, No Collision Stated (based on Police Blotter Book), 0.0 drivers_injured, 0.0 drivers_killed, 0.0 passengers_injured, 0.0 passengers_killed, 0.0 pedestrian_injured, 0.0 pedestrian_killed, Fair (Night), EDSA Corregidor St. Quezon City",MMDA Road Safety Unit,,7d068b4e-5440-41a1-9cdd-2f1a295996dc,2013-05-20,21:00:00,EDSA Sct. Borromeo St. Brgy. South Triangle Quezon City,0,0,0,0,0,0,0,0,0,0,2013-05-21 5:00,Property,14.65707679,121.0241648,No Collision Stated
None,EDSA,None,None,"No Accident Factor, Self-Accident, 1.0 drivers_injured, 0.0 drivers_killed, 1.0 passengers_injured, 0.0 passengers_killed, 0.0 pedestrian_injured, 0.0 pedestrian_killed, Fair (Day), EDSA Arayat St. Quezon City",MMDA Road Safety Unit,,c6fdb630-ecad-4f26-81e8-0f09c2b892a0,2013-05-20,17:30:00,EDSA fronting Centris Quezon City,0,0,0,1,1,0,0,0,0,2,2013-05-21 1:30,Injury,14.61961124,121.0508602,Self-Accident
None,EDSA,None,None,"No Accident Factor, Rear-end, 0.0 drivers_injured, 0.0 drivers_killed, 0.0 passengers_injured, 0.0 passengers_killed, 0.0 pedestrian_injured, 0.0 pedestrian_killed, Fair (Day), EDSA after Congressional Ave. Bgy.Bahay Toro Quezon City",MMDA Road Safety Unit,,0bcdf8b2-bdbc-4cc6-9bcf-0ed30f069b71,2013-05-20,01:00:00,EDSA Col. Bonny Serrano Ave. (Santolan Road) Quezon City,0,0,0,0,0,0,0,0,0,0,2013-05-20 9:00,Property,14.65779023,121.0192171,Rear-End
None,EDSA,None,None,"No Accident Factor, No Collision Stated (based on Police Blotter Book), 0.0 drivers_injured, 0.0 drivers_killed, 0.0 passengers_injured, 0.0 passengers_killed, 0.0 pedestrian_injured, 0.0 pedestrian_killed, Fair (Day), EDSA fronting OP/UP Balintawak Quezon City",MMDA Road Safety Unit,,725aafc8-1789-4a8d-adac-df236f2fc8c9,2013-05-19,22:45:00,"EDSA Mindanao Ave. Ext., Bgy. Bagong Pag-asa Quezon City",0,0,0,0,0,0,0,0,0,0,2013-05-20 6:45,Property,14.65727214,121.0022771,No Collision Stated
None,EDSA,None,None,"No Accident Factor, Hit Object (No Object Stated), 0.0 drivers_injured, 0.0 drivers_killed, 0.0 passengers_injured, 0.0 passengers_killed, 0.0 pedestrian_injured, 0.0 pedestrian_killed, Fair (Day), EDSA Quezon Ave. Quezon City",MMDA Road Safety Unit,,f28499df-3f48-4f41-a8fb-8421f0b18c06,2013-05-18,23:00:00,"EDSA Misamis St., Bgy. Sto. Cristo Quezon City",0,0,0,0,0,0,0,0,0,0,2013-05-19 7:00,Property,14.6442444,121.0375839,Hit Object
None,EDSA,None,None,"No Accident Factor, Hit and Run (No Collision Stated), 0.0 drivers_injured, 0.0 drivers_killed, 0.0 passengers_injured, 0.0 passengers_killed, 0.0 pedestrian_injured, 0.0 pedestrian_killed, Fair (Night), EDSA before Kamias Road Quezon City",MMDA Road Safety Unit,,1a2cfa2d-be35-498d-8083-16ed58d4c506,2013-05-18,15:20:00,EDSA fronting Waltermart Quezon City,0,0,0,0,0,0,0,0,0,0,2013-05-18 23:20,Property,14.63042614,121.0461874,No Collision Stated
None,EDSA,None,None,"No Accident Factor, Side Swipe, 0.0 drivers_injured, 0.0 drivers_killed, 0.0 passengers_injured, 0.0 passengers_killed, 0.0 pedestrian_injured, 0.0 pedestrian_killed, Fair (Day), EDSA Aurora Blvd. Quezon City",MMDA Road Safety Unit,,43bc2f21-59aa-4052-a544-31a555db4ef3,2013-05-18,09:15:00,"EDSA North Ave., Bgy. Bagong Pag-asa Quezon City",0,0,0,0,0,0,0,0,0,0,2013-05-18 17:15,Property,14.62163653,121.0501573,Side Swipe
None,EDSA,None,None,"No Accident Factor, Self-Accident, 0.0 drivers_injured, 1.0 drivers_killed, 1.0 passengers_injured, 0.0 passengers_killed, 0.0 pedestrian_injured, 0.0 pedestrian_killed, Fair (Day), EDSA fronting Farmers Plaza Quezon City",MMDA Road Safety Unit,,23c72387-363d-4040-b2fa-c4ac4bc2c0da,2013-05-18,06:20:00,"EDSA Misamis St., Bgy. Sto. Cristo Quezon City",1,0,0,0,1,0,0,0,1,1,2013-05-18 14:20,Fatal,14.61924195,121.0511606,Self-Accident
None,EDSA,None,None,"No Accident Factor, Rear-end, 0.0 drivers_injured, 0.0 drivers_killed, 0.0 passengers_injured, 0.0 passengers_killed, 0.0 pedestrian_injured, 0.0 pedestrian_killed, Fair (Night), EDSA fronting Corinthian Garden, Bgy. Ugong Norte Quezon City",MMDA Road Safety Unit,,f74716ef-b5b2-4d4a-a272-d5f75e851a36,2013-05-17,10:00:00,"EDSA at ""U"" turn slot, fronting Trinoma, Bgy. Phil-Am Quezon City",0,0,0,0,0,0,0,0,0,0,2013-05-17 18:00,Property,14.5956398,121.0594464,Rear-End
None,EDSA,None,None,"No Accident Factor, No Collision Stated (based on Police Blotter Book), 0.0 drivers_injured, 0.0 drivers_killed, 0.0 passengers_injured, 0.0 passengers_killed, 0.0 pedestrian_injured, 0.0 pedestrian_killed, Fair (Night), EDSA fronting Balintawak Market Quezon City",MMDA Road Safety Unit,,89444f27-3598-44c5-a650-1a0b69f1d6e0,2013-05-16,15:00:00,EDSA GMA Drive Brgy. South Triangle Quezon City,0,0,0,0,0,0,0,0,0,0,2013-05-16 23:00,Property,14.65736198,121.00264,No Collision Stated
None,EDSA,None,None,"No Accident Factor, Side Swipe, 0.0 drivers_injured, 0.0 drivers_killed, 0.0 passengers_injured, 0.0 passengers_killed, 0.0 pedestrian_injured, 0.0 pedestrian_killed, Fair (Night), EDSA before SM Hypermart, Cubao Quezon City",MMDA Road Safety Unit,,6f1bb6a4-87d4-49a6-834d-1165e45bdec7,2013-05-16,11:00:00,EDSA before Bansalangin St. Quezon City,0,0,0,0,0,0,0,0,0,0,2013-05-16 19:00,Property,14.61340764,121.053999,Side Swipe
None,EDSA,None,None,"No Accident Factor, No Collision Stated (based on Police Blotter Book), 0.0 drivers_injured, 0.0 drivers_killed, 0.0 passengers_injured, 0.0 passengers_killed, 0.0 pedestrian_injured, 0.0 pedestrian_killed, Fair (Day), EDSA fronting Landmark Quezon City",MMDA Road Safety Unit,,1fbd8000-0c9a-4c16-834f-13e1742e1f70,2013-05-16,03:00:00,"EDSA New York St., Bgy. E. Rodriguez Quezon City",0,0,0,0,0,0,0,0,0,0,2013-05-16 11:00,Property,14.65076858,121.0333817,No Collision Stated
None,EDSA,None,None,"No Accident Factor, Hit Object (No Object Stated), 0.0 drivers_injured, 0.0 drivers_killed, 0.0 passengers_injured, 0.0 passengers_killed, 0.0 pedestrian_injured, 0.0 pedestrian_killed, Fair (Night), EDSA between Timog Ave. and Kamuning Road fronting Meralco Quezon City",MMDA Road Safety Unit,,7dc4ebe2-32cd-46da-89e2-8accc05fe3a0,2013-05-15,21:00:00,"EDSA fronting Trinoma Mall, Bgy. Bagong Pag-asa Quezon City",0,0,0,0,0,0,0,0,0,0,2013-05-16 5:00,Property,14.631876,121.0451555,Hit Object
None,EDSA,None,None,"No Accident Factor, No Collision Stated (based on Police Blotter Book), 0.0 drivers_injured, 0.0 drivers_killed, 0.0 passengers_injured, 0.0 passengers_killed, 0.0 pedestrian_injured, 0.0 pedestrian_killed, Fair (Night), EDSA fronting Waltermart Mall Bgy.Veterans Quezon City",MMDA Road Safety Unit,,d9dc8e01-af58-4203-ac58-ce62fd4c9158,2013-05-15,10:30:00,"EDSA OP/UP Balintawak, Bgy. Balingasa Quezon City",0,0,0,0,0,0,0,0,0,0,2013-05-15 18:30,Property,14.65755908,121.0204569,No Collision Stated
None,EDSA,None,None,"No Accident Factor, No Collision Stated (based on Police Blotter Book), 0.0 drivers_injured, 0.0 drivers_killed, 0.0 passengers_injured, 0.0 passengers_killed, 0.0 pedestrian_injured, 0.0 pedestrian_killed, Fair (Night), EDSA Congressional Road Bgy.Bago Bantay Quezon City",MMDA Road Safety Unit,,c5412385-73dd-4310-9289-f5afdebd58cd,2013-05-15,10:00:00,"EDSA Corregidor St., Bgy. Ramon Magsaysay Quezon City",0,0,0,0,0,0,0,0,0,0,2013-05-15 18:00,Property,14.6571804,120.9927185,No Collision Stated
None,EDSA,None,None,"No Accident Factor, Side Swipe, 0.0 drivers_injured, 0.0 drivers_killed, 0.0 passengers_injured, 0.0 passengers_killed, 0.0 pedestrian_injured, 0.0 pedestrian_killed, Fair (Day), EDSA Kamias Road Quezon City",MMDA Road Safety Unit,,9b729072-fe5d-4c19-8b18-e4a81b9f5efc,2013-05-14,23:40:00,EDSA North Ave. Quezon City,0,0,0,0,0,0,0,0,0,0,2013-05-15 7:40,Property,14.6309142,121.0459376,Side Swipe
None,EDSA,None,None,"No Accident Factor, No Collision Stated (based on Police Blotter Book), 1.0 drivers_injured, 0.0 drivers_killed, 0.0 passengers_injured, 0.0 passengers_killed, 0.0 pedestrian_injured, 0.0 pedestrian_killed, Fair (Day), EDSA Paramount Bgy.Philam Quezon City",MMDA Road Safety Unit,,21f943a9-abc6-4d1b-9823-620c6b0860be,2013-05-14,22:00:00,EDSA North Ave. Quezon City,0,0,0,1,0,0,0,0,0,1,2013-05-15 6:00,Injury,14.6555967,121.0297922,No Collision Stated
None,EDSA,None,None,"No Accident Factor, No Collision Stated (based on Police Blotter Book), 0.0 drivers_injured, 0.0 drivers_killed, 0.0 passengers_injured, 0.0 passengers_killed, 0.0 pedestrian_injured, 0.0 pedestrian_killed, Fair (Night), EDSA West Ave. Quezon City",MMDA Road Safety Unit,,d2198601-34be-4a53-91fd-faabd37df0cc,2013-05-14,13:15:00,EDSA Ortigas Quezon City,0,0,0,0,0,0,0,0,0,0,2013-05-14 21:15,Property,14.65548924,121.0298079,No Collision Stated
None,EDSA,None,None,"No Accident Factor, Rear-end, 0.0 drivers_injured, 0.0 drivers_killed, 0.0 passengers_injured, 0.0 passengers_killed, 0.0 pedestrian_injured, 0.0 pedestrian_killed, Fair (Day), EDSA fronting Nepa Q-Mart, Bgy. E. Rodriguez Quezon City",MMDA Road Safety Unit,,bc330a69-da42-44e4-baa0-dc8b3cc70eec,2013-05-14,08:30:00,"EDSA Misamis St., Bgy. Sto. Cristo Quezon City",0,0,0,0,0,0,0,0,0,0,2013-05-14 16:30,Property,14.6280917,121.0472321,Rear-End
None,EDSA,None,None,"No Accident Factor, No Collision Stated (based on Police Blotter Book), 0.0 drivers_injured, 0.0 drivers_killed, 0.0 passengers_injured, 0.0 passengers_killed, 0.0 pedestrian_injured, 0.0 pedestrian_killed, Fair (Day), EDSA North Ave. Quezon City",MMDA Road Safety Unit,,98bcdc47-a3fd-4e31-b872-7d02e7dcadd0,2013-05-14,08:15:00,"EDSA West Ave., Bgy. Bungad Quezon City",0,0,0,0,0,0,0,0,0,0,2013-05-14 16:15,Property,14.65553839,121.0299647,No Collision Stated
None,EDSA,None,None,"No Accident Factor, No Collision Stated (based on Police Blotter Book), 0.0 drivers_injured, 0.0 drivers_killed, 0.0 passengers_injured, 0.0 passengers_killed, 0.0 pedestrian_injured, 0.0 pedestrian_killed, Fair (Day), EDSA fronting HGL Bldg. Quezon City",MMDA Road Safety Unit,,39948020-0e44-43ed-b6c2-7deafc71e872,2013-05-14,02:00:00,"EDSA at ""U"" turn slot, fronting Quezon City Academy Quezon City",0,0,0,0,0,0,0,0,0,0,2013-05-14 10:00,Property,14.65714825,120.9945619,No Collision Stated
None,EDSA,None,None,"No Accident Factor, No Collision Stated (based on Police Blotter Book), 0.0 drivers_injured, 0.0 drivers_killed, 0.0 passengers_injured, 0.0 passengers_killed, 0.0 pedestrian_injured, 0.0 pedestrian_killed, Fair (Day), EDSA fronting UNTV Quezon City",MMDA Road Safety Unit,,c6ad2964-00ea-4476-8f46-b23cab56f3ee,2013-05-14,00:30:00,EDSA West Ave. Quezon City,0,0,0,0,0,0,0,0,0,0,2013-05-14 8:30,Property,14.6494747,121.0339065,No Collision Stated
None,EDSA,None,None,"No Accident Factor, No Collision Stated (based on Police Blotter Book), 0.0 drivers_injured, 0.0 drivers_killed, 0.0 passengers_injured, 0.0 passengers_killed, 0.0 pedestrian_injured, 0.0 pedestrian_killed, Fair (Day), EDSA Kamuning Road Quezon City",MMDA Road Safety Unit,,55229860-0a9b-418d-bf56-e90fee2f0a0e,2013-05-13,00:20:00,EDSA OP/UP Balintawak Quezon City,0,0,0,0,0,0,0,0,0,0,2013-05-13 8:20,Property,14.63075725,121.0457548,No Collision Stated
None,EDSA,None,None,"No Accident Factor, No Collision Stated (based on Police Blotter Book), 0.0 drivers_injured, 0.0 drivers_killed, 0.0 passengers_injured, 0.0 passengers_killed, 0.0 pedestrian_injured, 0.0 pedestrian_killed, Fair (Day), EDSA fronting Balintawak Market S/B Quezon City",MMDA Road Safety Unit,,d88ae146-1249-4a2b-a044-17c42b744172,2013-05-11,06:45:00,"EDSA Scout BorromeoSt., Bgy South Triangle Quezon City",0,0,0,0,0,0,0,0,0,0,2013-05-11 14:45,Property,14.65736198,121.00264,No Collision Stated
None,EDSA,None,None,"No Accident Factor, No Collision Stated (based on Police Blotter Book), 0.0 drivers_injured, 0.0 drivers_killed, 0.0 passengers_injured, 0.0 passengers_killed, 0.0 pedestrian_injured, 0.0 pedestrian_killed, Fair (Day), EDSA Seminary Road Quezon City",MMDA Road Safety Unit,,35376241-0396-40bf-b8ed-cbff684d742d,2013-05-11,02:30:00,"EDSA North Ave., Bgy. Pag-asa Quezon City",0,0,0,0,0,0,0,0,0,0,2013-05-11 10:30,Property,14.65776066,121.0173978,No Collision Stated
None,EDSA,None,None,"No Accident Factor, No Collision Stated (based on Police Blotter Book), 0.0 drivers_injured, 0.0 drivers_killed, 0.0 passengers_injured, 0.0 passengers_killed, 0.0 pedestrian_injured, 0.0 pedestrian_killed, Fair (Night), EDSA Aurora Blvd. Quezon City",MMDA Road Safety Unit,,97354e0c-fe92-451f-bfef-fe1563ff6ead,2013-05-10,17:45:00,"EDSA fronting Centris Mall, Bgy. Central Quezon City",0,0,0,0,0,0,0,0,0,0,2013-05-11 1:45,Property,14.62163653,121.0501573,No Collision Stated
None,EDSA,None,None,"No Accident Factor, No Collision Stated (based on Police Blotter Book), 0.0 drivers_injured, 0.0 drivers_killed, 0.0 passengers_injured, 0.0 passengers_killed, 0.0 pedestrian_injured, 0.0 pedestrian_killed, Fair (Night), EDSA before Quezon Ave. Quezon City",MMDA Road Safety Unit,,8493ac66-5560-4e84-aac2-a664b7bb92e1,2013-05-10,15:00:00,"EDSA at ""U"" turn slot, fronting SM City-North EDSA, Bgy. Bagong Pag-asa Quezon City",0,0,0,0,0,0,0,0,0,0,2013-05-10 23:00,Property,14.64451704,121.0371727,No Collision Stated
None,EDSA,None,None,"No Accident Factor, No Collision Stated (based on Police Blotter Book), 0.0 drivers_injured, 0.0 drivers_killed, 0.0 passengers_injured, 0.0 passengers_killed, 0.0 pedestrian_injured, 0.0 pedestrian_killed, Fair (Night), EDSA Col. Bonny Serrano Ave. (Santolan Road) Quezon City",MMDA Road Safety Unit,,515b7bb5-a414-4bff-9973-e70d297bd67a,2013-05-10,14:15:00,"EDSA at ""U"" turn slot, fronting SM City-North EDSA (Annex) Quezon City",0,0,0,0,0,0,0,0,0,0,2013-05-10 22:15,Property,14.61107337,121.0550705,No Collision Stated
None,EDSA,None,None,"No Accident Factor, No Collision Stated (based on Police Blotter Book), 0.0 drivers_injured, 0.0 drivers_killed, 0.0 passengers_injured, 0.0 passengers_killed, 0.0 pedestrian_injured, 0.0 pedestrian_killed, Fair (Night), EDSA Aurora Blvd. Quezon City",MMDA Road Safety Unit,,95065bb1-9e49-41b8-ae09-051a57ee8889,2013-05-10,13:30:00,EDSA Monte De Pieda Brgy. Immaculate Concepcion Quezon City,0,0,0,0,0,0,0,0,0,0,2013-05-10 21:30,Property,14.62163653,121.0501573,No Collision Stated
None,EDSA,None,None,"No Accident Factor, No Collision Stated (based on Police Blotter Book), 0.0 drivers_injured, 0.0 drivers_killed, 0.0 passengers_injured, 0.0 passengers_killed, 0.0 pedestrian_injured, 0.0 pedestrian_killed, Fair (Night), EDSA P. Tuazon Blvd. Quezon City",MMDA Road Safety Unit,,799f771a-0296-4d1a-996b-b3bcc69af7a4,2013-05-10,12:30:00,EDSA Approaching Ferrers Market Quezon City,0,0,0,0,0,0,0,0,0,0,2013-05-10 20:30,Property,14.61656342,121.0525225,No Collision Stated
None,EDSA,None,None,"No Accident Factor, No Collision Stated (based on Police Blotter Book), 0.0 drivers_injured, 0.0 drivers_killed, 0.0 passengers_injured, 0.0 passengers_killed, 0.0 pedestrian_injured, 0.0 pedestrian_killed, Fair (Day), EDSA fronting SM Annex Quezon City",MMDA Road Safety Unit,,f6bc8dcd-fd72-4978-ba0f-ced009b2b1ed,2013-05-10,07:30:00,"EDSA before Shell Gas Station, Bansalangin Quezon City",0,0,0,0,0,0,0,0,0,0,2013-05-10 15:30,Property,14.6565149,121.0265678,No Collision Stated
None,EDSA,None,None,"No Accident Factor, Side Swipe, 0.0 drivers_injured, 0.0 drivers_killed, 0.0 passengers_injured, 0.0 passengers_killed, 0.0 pedestrian_injured, 0.0 pedestrian_killed, Fair (Day), EDSA Aurora Blvd. Quezon City",MMDA Road Safety Unit,,a63eef85-304f-4412-9463-9c6b5cef127c,2013-05-10,06:20:00,EDSA Panay Ave. Brgy. South Triangle Quezon City,0,0,0,0,0,0,0,0,0,0,2013-05-10 14:20,Property,14.62163653,121.0501573,Side Swipe
None,EDSA,None,None,"No Accident Factor, Side Swipe, 0.0 drivers_injured, 0.0 drivers_killed, 0.0 passengers_injured, 0.0 passengers_killed, 0.0 pedestrian_injured, 0.0 pedestrian_killed, Fair (Night), EDSA Col. Bonny Serrano Ave. Ext. (Santolan Road) Quezon City",MMDA Road Safety Unit,,790c4112-571f-4e26-86b8-13dce2f92d4f,2013-05-09,12:00:00,EDSA Nepa Q Mart Quezon City,0,0,0,0,0,0,0,0,0,0,2013-05-09 20:00,Property,14.61107337,121.0550705,Side Swipe
None,EDSA,None,None,"No Accident Factor, No Collision Stated (based on Police Blotter Book), 0.0 drivers_injured, 0.0 drivers_killed, 0.0 passengers_injured, 0.0 passengers_killed, 0.0 pedestrian_injured, 0.0 pedestrian_killed, Fair (Day), EDSA Congressional Ave. Quezon City",MMDA Road Safety Unit,,c84c4737-63f8-44e1-875e-3907e4643296,2013-05-09,07:30:00,"EDSA fronting Iglesia ni Cristo, Bgy. Ramon Magsaysay Quezon City",0,0,0,0,0,0,0,0,0,0,2013-05-09 15:30,Property,14.6571804,120.9927185,No Collision Stated
None,EDSA,None,None,"No Accident Factor, Rear-end, 0.0 drivers_injured, 0.0 drivers_killed, 0.0 passengers_injured, 0.0 passengers_killed, 0.0 pedestrian_injured, 0.0 pedestrian_killed, Fair (Day), EDSA before Scout Borromeo St. Quezon City",MMDA Road Safety Unit,,c7d64aa7-7d4a-4c1c-82cf-dbba681eda3a,2013-05-09,05:40:00,EDSA fronting PTT Gas Station Quezon City,0,0,0,0,0,0,0,0,0,0,2013-05-09 13:40,Property,14.63732839,121.041846,Rear-End
None,EDSA,None,None,"No Accident Factor, Side Swipe, 0.0 drivers_injured, 0.0 drivers_killed, 0.0 passengers_injured, 0.0 passengers_killed, 0.0 pedestrian_injured, 0.0 pedestrian_killed, Fair (Day), EDSA fronting Jam Liner Bus Terminal Quezon City",MMDA Road Safety Unit,,36ad153c-537a-4bb9-bc91-be3ade764226,2013-05-08,22:00:00,EDSA Santolan Quezon City,0,0,0,0,0,0,0,0,0,0,2013-05-09 6:00,Property,14.63204393,121.0452216,Side Swipe
None,EDSA,None,None,"No Accident Factor, Side Swipe, 0.0 drivers_injured, 0.0 drivers_killed, 0.0 passengers_injured, 0.0 passengers_killed, 0.0 pedestrian_injured, 0.0 pedestrian_killed, Fair (Day), EDSA fronting West Ave. Bus Bay West Triangle Quezon City",MMDA Road Safety Unit,,85057ba3-8700-47bb-a816-99d9fc484128,2013-05-08,01:20:00,"EDSA fronting Iglesia ni Cristo, Bgy. Ramon Magsaysay Quezon City",0,0,0,0,0,0,0,0,0,0,2013-05-08 9:20,Property,14.65553839,121.0299647,Angle Impact
None,EDSA,None,None,"No Accident Factor, Side Swipe, 0.0 drivers_injured, 0.0 drivers_killed, 0.0 passengers_injured, 0.0 passengers_killed, 0.0 pedestrian_injured, 0.0 pedestrian_killed, Fair (Night), EDSA before Bernardo St. Quezon City",MMDA Road Safety Unit,,1d0a48a0-6539-4544-bd26-e9b587c1a088,2013-05-07,12:30:00,EDSA Banahaw St. Cubao Quezon City,0,0,0,0,0,0,0,0,0,0,2013-05-07 20:30,Property,14.61984291,121.0506859,Side Swipe
None,EDSA,None,None,"No Accident Factor, Rear-end, 0.0 drivers_injured, 0.0 drivers_killed, 0.0 passengers_injured, 0.0 passengers_killed, 0.0 pedestrian_injured, 0.0 pedestrian_killed, Fair (Day), EDSA North Ave. Bgy.Pag asa Quezon City",MMDA Road Safety Unit,,275e4bb3-a28b-487a-a796-79a6a8716118,2013-05-07,04:05:00,EDSA Fronting of Camp Crame Brgy. Bagong Lipu Quezon City,0,0,0,0,0,0,0,0,0,0,2013-05-07 12:05,Property,14.65553839,121.0299647,Rear-End
None,EDSA,None,None,"No Accident Factor, Hit and Run (Rear-end), 0.0 drivers_injured, 0.0 drivers_killed, 0.0 passengers_injured, 0.0 passengers_killed, 0.0 pedestrian_injured, 0.0 pedestrian_killed, Fair (Day), EDSA Quezon Ave. Quezon City",MMDA Road Safety Unit,,734ea5c4-bf05-40b1-846a-abebcd54a73b,2013-05-07,03:00:00,"EDSA at ""U"" turn slot, fronting SM, Bgy. Bagong Pag-asa Quezon City",0,0,0,0,0,0,0,0,0,0,2013-05-07 11:00,Property,14.6442444,121.0375839,Rear-End
None,EDSA,None,None,"No Accident Factor, Side Swipe, 0.0 drivers_injured, 0.0 drivers_killed, 0.0 passengers_injured, 0.0 passengers_killed, 0.0 pedestrian_injured, 0.0 pedestrian_killed, Fair (Day), EDSA before Baliwag Bus Terminal Quezon City",MMDA Road Safety Unit,,810076f2-3537-4bf5-bff7-3864787f7d07,2013-05-06,23:40:00,"EDSA Main Ave., Bgy. Socorro Quezon City",0,0,0,0,0,0,0,0,0,0,2013-05-07 7:40,Property,14.62450309,121.0488379,Side Swipe
None,EDSA,None,None,"No Accident Factor, Rear-end, 0.0 drivers_injured, 0.0 drivers_killed, 0.0 passengers_injured, 0.0 passengers_killed, 0.0 pedestrian_injured, 0.0 pedestrian_killed, Fair (Day), EDSA Paramount Bgy.Philam Quezon City",MMDA Road Safety Unit,,8faf095d-87de-47e0-9844-16d569aa9117,2013-05-06,23:20:00,EDSA Timog Ave. Brgy. South Triangle  Quezon City,0,0,0,0,0,0,0,0,0,0,2013-05-07 7:20,Property,14.6555967,121.0297922,Rear-End
None,EDSA,None,None,"No Accident Factor, No Collision Stated (based on Police Blotter Book), 1.0 drivers_injured, 0.0 drivers_killed, 0.0 passengers_injured, 0.0 passengers_killed, 0.0 pedestrian_injured, 0.0 pedestrian_killed, Fair (Day), EDSA Oliveros St. Bgy.A.Samson Quezon City",MMDA Road Safety Unit,,4782f54d-dd15-4036-add7-eba1f80cd3ce,2013-05-06,07:30:00,EDSA before MRT-North Avenue Station Quezon City,0,0,0,1,0,0,0,0,0,1,2013-05-06 15:30,Injury,14.65762799,121.0065288,No Collision Stated
None,EDSA,None,None,"No Accident Factor, Rear-end, 0.0 drivers_injured, 0.0 drivers_killed, 0.0 passengers_injured, 0.0 passengers_killed, 0.0 pedestrian_injured, 0.0 pedestrian_killed, Fair (Day), EDSA Bansalangin St. Bgy.Veterans Quezon City",MMDA Road Safety Unit,,c51ea650-af1f-4506-b511-f9f9660cb93c,2013-05-06,06:50:00,"EDSA Misamis St., Bgy. Sto. Cristo Quezon City",0,0,0,0,0,0,0,0,0,0,2013-05-06 14:50,Property,14.6567996,121.0241845,Rear-End
None,EDSA,None,None,"No Accident Factor, No Collision Stated (based on Police Blotter Book), 0.0 drivers_injured, 0.0 drivers_killed, 0.0 passengers_injured, 0.0 passengers_killed, 0.0 pedestrian_injured, 0.0 pedestrian_killed, Fair (Day), EDSA before Roosevelt Ave. Quezon City",MMDA Road Safety Unit,,fc6c46d6-4a7c-4741-be60-991e0176ac8e,2013-05-06,06:45:00,"EDSA at ""U"" turn slot, before MRT-? Station Quezon City",0,0,0,0,0,0,0,0,0,0,2013-05-06 14:45,Property,14.65759772,121.0193792,No Collision Stated
None,EDSA,None,None,"No Accident Factor, Rear-end, 0.0 drivers_injured, 0.0 drivers_killed, 0.0 passengers_injured, 0.0 passengers_killed, 0.0 pedestrian_injured, 0.0 pedestrian_killed, Fair (Day), EDSA fronting GMA-7 Quezon City",MMDA Road Safety Unit,,2918f3b7-4d6f-4aa8-b408-9da3a9f82ecd,2013-05-06,03:20:00,EDSA Fronting MRT Santolan Station Brgy. Bagong Lipu ng Crame Quezon City,0,0,0,0,0,0,0,0,0,0,2013-05-06 11:20,Property,14.63487536,121.0435696,Rear-End
None,EDSA,None,None,"No Accident Factor, No Collision Stated (based on Police Blotter Book), 0.0 drivers_injured, 0.0 drivers_killed, 0.0 passengers_injured, 0.0 passengers_killed, 0.0 pedestrian_injured, 0.0 pedestrian_killed, Fair (Day), EDSA North Ave. Quezon City",MMDA Road Safety Unit,,b3f16cab-d099-4abe-ab1d-b8f67624a5af,2013-05-06,02:00:00,"EDSA North Ave., Bgy. Bagong Pag-asa Quezon City",0,0,0,0,0,0,0,0,0,0,2013-05-06 10:00,Property,14.65553839,121.0299647,No Collision Stated
None,EDSA,None,None,"No Accident Factor, Hit Parked Vehicle, 0.0 drivers_injured, 0.0 drivers_killed, 0.0 passengers_injured, 0.0 passengers_killed, 0.0 pedestrian_injured, 0.0 pedestrian_killed, Fair (Night), EDSA Kamias Road, Jollibee Parking Area Quezon City",MMDA Road Safety Unit,,4c79bb60-9917-4773-aa22-b0161396c98e,2013-05-05,12:00:00,EDSA fronting Five Star Terminal Quezon City,0,0,0,0,0,0,0,0,0,0,2013-05-05 20:00,Property,14.6309142,121.0459376,Hit Object
None,EDSA,None,None,"No Accident Factor, Hit and Run (No Collision Stated), 0.0 drivers_injured, 0.0 drivers_killed, 0.0 passengers_injured, 0.0 passengers_killed, 0.0 pedestrian_injured, 0.0 pedestrian_killed, Fair (Day), EDSA fronting ALPS Bus Terminal Quezon City",MMDA Road Safety Unit,,0d66f42a-30b5-4ab9-ac30-4bb904940f5a,2013-05-05,05:10:00,"EDSA fronting Balintawak Market, Bgy. Bansalangin Quezon City",0,0,0,0,0,0,0,0,0,0,2013-05-05 13:10,Property,14.62706927,121.0474842,No Collision Stated