LOCATION_TEXT,ROAD,WEATHER,LIGHT,DESC,REPORTING_AGENCY,MAIN_CAUSE,INCIDENTDETAILS_ID,DATE_UTC,TIME_UTC,ADDRESS,killed_driver,killed_passenger,killed_pedestrian,injured_driver,injured_passenger,injured_pedestrian,killed_uncategorized,injured_uncategorized,killed_total,injured_total,DATETIME_PST,SEVERITY,Y,X,COLLISION_TYPE
None,EDSA,None,None,"No Accident Factor, Head-on, 0.0 drivers_injured, 0.0 drivers_killed, 0.0 passengers_injured, 0.0 passengers_killed, 0.0 pedestrian_injured, 0.0 pedestrian_killed, Fair (Night), EDSA West Ave. Bgy.Philam Quezon City",MMDA Road Safety Unit,,80bf9f50-5fa1-4f42-8764-bb9b3137dd96,2013-05-04,11:30:00,"EDSA fronting Iglesia ni Cristo, before Alley 1 Quezon City",0,0,0,0,0,0,0,0,0,0,2013-05-04 19:30,Property,14.65548924,121.0298079,Head-On
None,EDSA,None,None,"No Accident Factor, No Collision Stated (based on Police Blotter Book), 0.0 drivers_injured, 0.0 drivers_killed, 0.0 passengers_injured, 0.0 passengers_killed, 0.0 pedestrian_injured, 0.0 pedestrian_killed, Fair (Night), EDSA before Ermin Garcia St. (Minnesota) Quezon City",MMDA Road Safety Unit,,a8a84aff-8dd9-4905-a90f-09124d677a3e,2013-05-04,11:25:00,"EDSA Col. Bonny Serrano Ave. (Santolan Road), Bgy. Socorro Quezon City",0,0,0,0,0,0,0,0,0,0,2013-05-04 19:25,Property,14.62776113,121.0471589,No Collision Stated
None,EDSA,None,None,"No Accident Factor, Side Swipe, 0.0 drivers_injured, 0.0 drivers_killed, 0.0 passengers_injured, 0.0 passengers_killed, 0.0 pedestrian_injured, 0.0 pedestrian_killed, Fair (Day), EDSA Kamuning Road Quezon City",MMDA Road Safety Unit,,fd3e61ca-86ef-4d37-83b5-1d6bab984857,2013-05-04,05:10:00,"EDSA fronting Iglesia ni Cristo, Bgy. Sto. Cristo Quezon City",0,0,0,0,0,0,0,0,0,0,2013-05-04 13:10,Property,14.63075725,121.0457548,Side Swipe
None,EDSA,None,None,"No Accident Factor, No Collision Stated (based on Police Blotter Book), 0.0 drivers_injured, 0.0 drivers_killed, 0.0 passengers_injured, 0.0 passengers_killed, 0.0 pedestrian_injured, 0.0 pedestrian_killed, Fair (Day), EDSA Quezon Ave. Quezon City",MMDA Road Safety Unit,,a52ada95-ee4d-4fd2-9433-5fbf30281119,2013-05-04,04:00:00,"EDSA SM City-North EDSA, Bgy. Bagong Pag-asa Quezon City",0,0,0,0,0,0,0,0,0,0,2013-05-04 12:00,Property,14.6442444,121.0375839,No Collision Stated
None,EDSA,None,None,"No Accident Factor, No Collision Stated (based on Police Blotter Book), 0.0 drivers_injured, 0.0 drivers_killed, 0.0 passengers_injured, 0.0 passengers_killed, 0.0 pedestrian_injured, 0.0 pedestrian_killed, Fair (Day), EDSA North Ave. Quezon City",MMDA Road Safety Unit,,9e935e02-fdd9-453e-9cf8-84d5165b198e,2013-05-03,08:15:00,EDSA after Congressional Ave. Quezon City,0,0,0,0,0,0,0,0,0,0,2013-05-03 16:15,Property,14.65553839,121.0299647,No Collision Stated
None,EDSA,None,None,"No Accident Factor, No Collision Stated (based on Police Blotter Book), 0.0 drivers_injured, 0.0 drivers_killed, 0.0 passengers_injured, 0.0 passengers_killed, 0.0 pedestrian_injured, 0.0 pedestrian_killed, Fair (Day), EDSA before Aurora Blvd. Quezon City",MMDA Road Safety Unit,,ed79a561-84b6-4dfb-a487-2f00fef1c544,2013-05-03,00:30:00,"EDSA fronting Robinson's Galleria, Ortigas Ave. Quezon City",0,0,0,0,0,0,0,0,0,0,2013-05-03 8:30,Property,14.62151535,121.0499619,No Collision Stated
None,EDSA,None,None,"No Accident Factor, No Collision Stated (based on Police Blotter Book), 0.0 drivers_injured, 0.0 drivers_killed, 0.0 passengers_injured, 0.0 passengers_killed, 0.0 pedestrian_injured, 0.0 pedestrian_killed, Fair (Day), EDSA Paramount Quezon City",MMDA Road Safety Unit,,1c9dd56d-510f-417e-8c94-40d5f62cdce2,2013-05-03,00:00:00,"EDSA NIA Road, Bgy. Pinyahan Quezon City",0,0,0,0,0,0,0,0,0,0,2013-05-03 8:00,Property,14.6555967,121.0297922,No Collision Stated
None,EDSA,None,None,"No Accident Factor, No Collision Stated (based on Police Blotter Book), 0.0 drivers_injured, 0.0 drivers_killed, 0.0 passengers_injured, 0.0 passengers_killed, 0.0 pedestrian_injured, 0.0 pedestrian_killed, Fair (Day), EDSA fronting Balintawak Market Quezon City",MMDA Road Safety Unit,,985e3ae3-002f-450a-bddc-1257256324ed,2013-05-03,00:00:00,"EDSA before North Ave., Bgy. Bagong Pag-asa Quezon City",0,0,0,0,0,0,0,0,0,0,2013-05-03 8:00,Property,14.65736198,121.00264,No Collision Stated
None,EDSA,None,None,"No Accident Factor, Side Swipe, 0.0 drivers_injured, 0.0 drivers_killed, 0.0 passengers_injured, 0.0 passengers_killed, 0.0 pedestrian_injured, 0.0 pedestrian_killed, Fair (Day), EDSA fronting Victory Liner Bus Terminal, Bgy. Pinyahan Quezon City",MMDA Road Safety Unit,,fd5e0d0f-aa2b-4e37-869e-7a18c4c3a8c4,2013-05-02,09:20:00,"EDSA fronting SM City-North EDSA's ""The Garden"", Bgy. Bagong Pag-asa Quezon City",0,0,0,0,0,0,0,0,0,0,2013-05-02 17:20,Property,14.6322903,121.0453753,Side Swipe
None,EDSA,None,None,"No Accident Factor, No Collision Stated (based on Police Blotter Book), 0.0 drivers_injured, 0.0 drivers_killed, 0.0 passengers_injured, 0.0 passengers_killed, 0.0 pedestrian_injured, 0.0 pedestrian_killed, Fair (Night), EDSA Kamias Road Quezon City",MMDA Road Safety Unit,,53438a51-3baf-4be8-9242-305ef9536c9e,2013-05-01,13:00:00,"EDSA fronting Puregold, Bgy. Apolonio Samson Quezon City",0,0,0,0,0,0,0,0,0,0,2013-05-01 21:00,Property,14.6309142,121.0459376,No Collision Stated
None,EDSA,None,None,"No Accident Factor, Hit Parked Vehicle, 0.0 drivers_injured, 0.0 drivers_killed, 0.0 passengers_injured, 0.0 passengers_killed, 0.0 pedestrian_injured, 0.0 pedestrian_killed, Fair (Night), EDSA fronting Nepa-Q Mart, before Ermin Garcia St. (minnesota), Bgy. E. Rodriguez Quezon City",MMDA Road Safety Unit,,525e9ff3-1162-4df9-9c99-776c68b7593d,2013-04-30,20:30:00,"EDSA North Ave., Bgy. Bagong Pag-asa Quezon City",0,0,0,0,0,0,0,0,0,0,2013-05-01 4:30,Property,14.6280917,121.0472321,Hit Object
None,EDSA,None,None,"No Accident Factor, Rear-end, 0.0 drivers_injured, 0.0 drivers_killed, 0.0 passengers_injured, 0.0 passengers_killed, 0.0 pedestrian_injured, 0.0 pedestrian_killed, Fair (Night), EDSA before Kamuning Road, fronting Meralco Quezon City",MMDA Road Safety Unit,,2b30621d-b16b-434e-834c-2c48a7017758,2013-04-29,20:20:00,EDSA before North Ave. Quezon City,0,0,0,0,0,0,0,0,0,0,2013-04-30 4:20,Property,14.63117369,121.0455178,Rear-End
None,EDSA,None,None,"No Accident Factor, No Collision Stated (based on Police Blotter Book), 0.0 drivers_injured, 0.0 drivers_killed, 0.0 passengers_injured, 0.0 passengers_killed, 0.0 pedestrian_injured, 0.0 pedestrian_killed, Fair (Day), EDSA P. Tuazon Blvd. Quezon City",MMDA Road Safety Unit,,c43e1c58-2534-47a4-8336-418a0b5d646f,2013-04-29,07:30:00,"EDSA before gate of JAC Liner Bus Terminal, Kamias Road Quezon City",0,0,0,0,0,0,0,0,0,0,2013-04-29 15:30,Property,14.61656342,121.0525225,No Collision Stated
None,EDSA,None,None,"No Accident Factor, No Collision Stated (based on Police Blotter Book), 0.0 drivers_injured, 0.0 drivers_killed, 0.0 passengers_injured, 0.0 passengers_killed, 0.0 pedestrian_injured, 0.0 pedestrian_killed, Fair (Night), EDSA fronting Superlines Bus Terminal Quezon City",MMDA Road Safety Unit,,826462d9-3f30-492d-81f8-b4832f621658,2013-04-26,14:05:00,"EDSA Seminary Road, Bgy. Bahay Toro Quezon City",0,0,0,0,0,0,0,0,0,0,2013-04-26 22:05,Property,14.624946,121.0484779,No Collision Stated
None,EDSA,None,None,"No Accident Factor, No Collision Stated (based on Police Blotter Book), 0.0 drivers_injured, 0.0 drivers_killed, 0.0 passengers_injured, 0.0 passengers_killed, 0.0 pedestrian_injured, 0.0 pedestrian_killed, Fair (Day), EDSA fronting Victory Liner Bus Terminal Quezon City",MMDA Road Safety Unit,,a9217d32-5a00-4885-800f-0cda317a12a9,2013-04-26,07:45:00,EDSA fronting Camp Aguinaldo Quezon City,0,0,0,0,0,0,0,0,0,0,2013-04-26 15:45,Property,14.62438651,121.0487652,No Collision Stated
None,EDSA,None,None,"No Accident Factor, No Collision Stated (based on Police Blotter Book), 0.0 drivers_injured, 0.0 drivers_killed, 0.0 passengers_injured, 0.0 passengers_killed, 0.0 pedestrian_injured, 0.0 pedestrian_killed, Fair (Day), EDSA K-3rd St. Quezon City",MMDA Road Safety Unit,,49137987-6c0b-4f76-b1e9-ab0ac575582d,2013-04-26,06:15:00,"EDSA at ""U"" turn slot, fronting Trinoma, Bgy. Bagong Pag-asa Quezon City",0,0,0,0,0,0,0,0,0,0,2013-04-26 14:15,Property,14.62942357,121.0463854,No Collision Stated
None,EDSA,None,None,"No Accident Factor, Rear-end, 0.0 drivers_injured, 0.0 drivers_killed, 0.0 passengers_injured, 0.0 passengers_killed, 0.0 pedestrian_injured, 0.0 pedestrian_killed, Fair (Day), EDSA fronting Waltermart Bgy.Bungad Quezon City",MMDA Road Safety Unit,,3a99082d-a635-4e8a-ad88-13f9a5c51d80,2013-04-25,22:35:00,EDSA P. Tuazon Blvd. Quezon City,0,0,0,0,0,0,0,0,0,0,2013-04-26 6:35,Property,14.65755908,121.0204569,Rear-End
None,EDSA,None,None,"No Accident Factor, Rear-end, 0.0 drivers_injured, 0.0 drivers_killed, 0.0 passengers_injured, 0.0 passengers_killed, 0.0 pedestrian_injured, 0.0 pedestrian_killed, Fair (Day), EDSA between Ermin Garcia St. and New York St. Quezon City",MMDA Road Safety Unit,,b6271da8-ea2a-4a64-b627-1da1023a4c1b,2013-04-25,22:10:00,"EDSA Panay Ave., Bgy. South Triangle Quezon City",0,0,0,0,0,0,0,0,0,0,2013-04-26 6:10,Property,14.62590603,121.0481968,Rear-End
None,EDSA,None,None,"No Accident Factor, Side Swipe, 0.0 drivers_injured, 0.0 drivers_killed, 0.0 passengers_injured, 0.0 passengers_killed, 0.0 pedestrian_injured, 0.0 pedestrian_killed, Fair (Night), EDSA before New York St. Quezon City",MMDA Road Safety Unit,,51f384e4-8c96-4585-a5af-bcb02692920b,2013-04-25,13:35:00,"EDSA fronting PNB, Bgy. Ramon Magsaysay Quezon City",0,0,0,0,0,0,0,0,0,0,2013-04-25 21:35,Property,14.62587718,121.048035,Side Swipe
None,EDSA,None,None,"No Accident Factor, Side Swipe, 0.0 drivers_injured, 0.0 drivers_killed, 0.0 passengers_injured, 0.0 passengers_killed, 0.0 pedestrian_injured, 0.0 pedestrian_killed, Fair (Night), EDSA fronting Nepa-Q Mart Quezon City",MMDA Road Safety Unit,,79ccda87-a505-465c-9ec4-c0c40ce7e534,2013-04-25,12:35:00,EDSA Kamias Quezon City,0,0,0,0,0,0,0,0,0,0,2013-04-25 20:35,Property,14.6280917,121.0472321,Side Swipe
None,EDSA,None,None,"No Accident Factor, No Collision Stated (based on Police Blotter Book), 0.0 drivers_injured, 0.0 drivers_killed, 0.0 passengers_injured, 0.0 passengers_killed, 0.0 pedestrian_injured, 0.0 pedestrian_killed, Fair (Night), EDSA fronting Trinoma Bgy.Bagong Pag asa Quezon City",MMDA Road Safety Unit,,4a4f64a1-1462-46b6-918d-36ed9d5454c0,2013-04-25,11:00:00,EDSA before Whiteplains Ave. Quezon City,0,0,0,0,0,0,0,0,0,0,2013-04-25 19:00,Property,14.65249719,121.0322415,No Collision Stated
None,EDSA,None,None,"No Accident Factor, Rear-end, 0.0 drivers_injured, 0.0 drivers_killed, 0.0 passengers_injured, 0.0 passengers_killed, 0.0 pedestrian_injured, 0.0 pedestrian_killed, Fair (Night), EDSA South Ave. / Timog Ave. Quezon City",MMDA Road Safety Unit,,710838f2-2d94-4a59-8401-c63c72ddf897,2013-04-24,19:30:00,"EDSA Col. Bonny Serrano Ave. (Santolan Road), Bgy. Socorro Quezon City",0,0,0,0,0,0,0,0,0,0,2013-04-25 3:30,Property,14.63257986,121.0449774,Rear-End
None,EDSA,None,None,"No Accident Factor, Rear-end, 0.0 drivers_injured, 0.0 drivers_killed, 0.0 passengers_injured, 0.0 passengers_killed, 0.0 pedestrian_injured, 0.0 pedestrian_killed, Fair (Night), EDSA Fronting Farmers Plaza Cubao Quezon City",MMDA Road Safety Unit,,04e278e1-530c-4e64-895e-5ba2c22e1c35,2013-04-24,14:40:00,"EDSA fronting Jam Liner Bus Terminal, in-between South Ave. / Timog Ave. and Kamuning Road (Loading Bay) Quezon City",0,0,0,0,0,0,0,0,0,0,2013-04-24 22:40,Property,14.61924195,121.0511606,Rear-End
None,EDSA,None,None,"No Accident Factor, Side Swipe, 0.0 drivers_injured, 0.0 drivers_killed, 0.0 passengers_injured, 0.0 passengers_killed, 0.0 pedestrian_injured, 0.0 pedestrian_killed, Fair (Day), EDSA fronting Kamuning LRT Station Quezon City",MMDA Road Safety Unit,,558cf35b-2c66-4902-aa61-d69f272a656f,2013-04-24,08:40:00,"EDSA at ""U"" turn slot, fronting Go Soc & Sons Bldg. Quezon City",0,0,0,0,0,0,0,0,0,0,2013-04-24 16:40,Property,14.63506017,121.043369,Side Swipe
None,EDSA,None,None,"No Accident Factor, No Collision Stated (based on Police Blotter Book), 0.0 drivers_injured, 0.0 drivers_killed, 0.0 passengers_injured, 0.0 passengers_killed, 0.0 pedestrian_injured, 0.0 pedestrian_killed, Fair (Day), EDSA Kamias Road Quezon City",MMDA Road Safety Unit,,0331aa33-5755-460f-a629-51c138a0c5f9,2013-04-24,07:30:00,EDSA before Roosevelt Ave. Quezon City,0,0,0,0,0,0,0,0,0,0,2013-04-24 15:30,Property,14.6309142,121.0459376,No Collision Stated
None,EDSA,None,None,"No Accident Factor, Side Swipe, 0.0 drivers_injured, 0.0 drivers_killed, 0.0 passengers_injured, 0.0 passengers_killed, 0.0 pedestrian_injured, 0.0 pedestrian_killed, Fair (Day), EDSA Mapagmahal St. Quezon City",MMDA Road Safety Unit,,75c7621a-722a-4c12-90be-022476a9e5fb,2013-04-24,02:30:00,"EDSA before Iglesia ni Cristo, Bgy. Ramon Magsaysay Quezon City",0,0,0,0,0,0,0,0,0,0,2013-04-24 10:30,Property,14.63185046,121.0455315,Side Swipe
None,EDSA,None,None,"No Accident Factor, No Collision Stated (based on Police Blotter Book), 1.0 drivers_injured, 0.0 drivers_killed, 0.0 passengers_injured, 0.0 passengers_killed, 0.0 pedestrian_injured, 0.0 pedestrian_killed, Fair (Day), EDSA Fronting Mercury Drug Store West Ave. Brgy. Phil Am Quezon City",MMDA Road Safety Unit,,2ccb3b8a-a18b-4835-aa97-712b7058ed1c,2013-04-23,22:55:00,"EDSA North Ave., Bgy. Bagong Pag-asa Quezon City",0,0,0,1,0,0,0,0,0,1,2013-04-24 6:55,Injury,14.65506407,121.0304233,No Collision Stated
None,EDSA,None,None,"No Accident Factor, No Collision Stated (based on Police Blotter Book), 0.0 drivers_injured, 0.0 drivers_killed, 0.0 passengers_injured, 0.0 passengers_killed, 0.0 pedestrian_injured, 0.0 pedestrian_killed, Fair (Night), EDSA Fronting Trinoma Mall Brgy. Pag Asa Quezon City",MMDA Road Safety Unit,,a7729406-a6fc-47eb-92d2-d38a92b3604c,2013-04-23,12:30:00,"EDSA New York St., Sgt. Catolos St. Quezon City",0,0,0,0,0,0,0,0,0,0,2013-04-23 20:30,Property,14.65249719,121.0322415,No Collision Stated
None,EDSA,None,None,"No Accident Factor, No Collision Stated (based on Police Blotter Book), 0.0 drivers_injured, 0.0 drivers_killed, 0.0 passengers_injured, 0.0 passengers_killed, 0.0 pedestrian_injured, 0.0 pedestrian_killed, Fair (Night), EDSA North Ave. Brgy. Pag Asa  Quezon City",MMDA Road Safety Unit,,97393f4a-3a2b-49c9-a1c2-8ea7c35b7f02,2013-04-23,10:20:00,EDSA fronting Jam Liner Bus Terminal Quezon City,0,0,0,0,0,0,0,0,0,0,2013-04-23 18:20,Property,14.65553839,121.0299647,No Collision Stated
None,EDSA,None,None,"No Accident Factor, No Collision Stated (based on Police Blotter Book), 0.0 drivers_injured, 0.0 drivers_killed, 0.0 passengers_injured, 0.0 passengers_killed, 0.0 pedestrian_injured, 0.0 pedestrian_killed, Fair (Day), EDSA North Ave. Quezon City",MMDA Road Safety Unit,,a6e6e49f-d5ee-4b0e-a8f1-b1a9fb1e4e87,2013-04-23,03:20:00,"EDSA at ""U"" turn slot, before West Ave., Bgy. Phil-Am Quezon City",0,0,0,0,0,0,0,0,0,0,2013-04-23 11:20,Property,14.65553839,121.0299647,No Collision Stated
None,EDSA,None,None,"No Accident Factor, Hit Object (No Object Stated), 0.0 drivers_injured, 0.0 drivers_killed, 0.0 passengers_injured, 0.0 passengers_killed, 0.0 pedestrian_injured, 0.0 pedestrian_killed, Fair (Night), EDSA before Monte de Piedad St. Quezon City",MMDA Road Safety Unit,,f1e1910e-e8d9-4204-ba31-4cdbb98f78e7,2013-04-22,12:15:00,EDSA South Ave. / Timog Ave. Quezon City,0,0,0,0,0,0,0,0,0,0,2013-04-22 20:15,Property,14.62365918,121.0489951,Hit Object
None,EDSA,None,None,"No Accident Factor, No Collision Stated (based on Police Blotter Book), 0.0 drivers_injured, 0.0 drivers_killed, 0.0 passengers_injured, 0.0 passengers_killed, 0.0 pedestrian_injured, 0.0 pedestrian_killed, Fair (Night), EDSA P. Tuazon Blvd. ""U"" turn slot Quezon City",MMDA Road Safety Unit,,3b9fcfa9-f6b2-4f0e-9b42-0068dcb79a5e,2013-04-22,10:00:00,"EDSA at ""U"" turn slot, before West Ave., Bgy. Phil-Am Quezon City",0,0,0,0,0,0,0,0,0,0,2013-04-22 18:00,Property,14.61656342,121.0525225,No Collision Stated
None,EDSA,None,None,"No Accident Factor, Rear-end, 0.0 drivers_injured, 0.0 drivers_killed, 0.0 passengers_injured, 0.0 passengers_killed, 0.0 pedestrian_injured, 0.0 pedestrian_killed, Fair (Day), EDSA before South Road Quezon City",MMDA Road Safety Unit,,222c6e58-334b-45f4-9671-946f70417ee9,2013-04-21,23:15:00,EDSA fronting Baliwag Transit Bus Terminal Quezon City,0,0,0,0,0,0,0,0,0,0,2013-04-22 7:15,Property,14.61335772,121.0537478,Rear-End
None,EDSA,None,None,"No Accident Factor, No Collision Stated (based on Police Blotter Book), 0.0 drivers_injured, 0.0 drivers_killed, 0.0 passengers_injured, 0.0 passengers_killed, 0.0 pedestrian_injured, 0.0 pedestrian_killed, Fair (Night), EDSA Misamis St. Bagong Pag Asa Quezon City",MMDA Road Safety Unit,,245e5148-33ad-437f-bdfd-c20e73e56ce2,2013-04-21,10:05:00,"EDSA Aurora Blvd., Cubao Quezon City",0,0,0,0,0,0,0,0,0,0,2013-04-21 18:05,Property,14.65602348,121.0285212,No Collision Stated
None,EDSA,None,None,"No Accident Factor, No Collision Stated (based on Police Blotter Book), 0.0 drivers_injured, 0.0 drivers_killed, 0.0 passengers_injured, 0.0 passengers_killed, 0.0 pedestrian_injured, 0.0 pedestrian_killed, Fair (Day), EDSA before Santolan Road Quezon City",MMDA Road Safety Unit,,bf4d6284-3d13-46b7-8cf6-cbeec62eac4c,2013-04-20,22:10:00,"EDSA fronting Jackman Emporium, Bgy. Ramon Magsaysay Quezon City",0,0,0,0,0,0,0,0,0,0,2013-04-21 6:10,Property,14.61111166,121.0547878,No Collision Stated
None,EDSA,None,None,"No Accident Factor, No Collision Stated (based on Police Blotter Book), 1.0 drivers_injured, 0.0 drivers_killed, 0.0 passengers_injured, 0.0 passengers_killed, 0.0 pedestrian_injured, 0.0 pedestrian_killed, Fair (Day), EDSA Fronting SM Annex Bldg. Quezon City",MMDA Road Safety Unit,,7b7dd248-75e1-47c8-bf50-ac81451ab62a,2013-04-20,22:00:00,"EDSA at ""U"" turn slot, fronting Trinoma Quezon City",0,0,0,1,0,0,0,0,0,1,2013-04-21 6:00,Injury,14.6565149,121.0265678,No Collision Stated
None,EDSA,None,None,"No Accident Factor, Side Swipe, 0.0 drivers_injured, 0.0 drivers_killed, 0.0 passengers_injured, 0.0 passengers_killed, 0.0 pedestrian_injured, 0.0 pedestrian_killed, Fair (Day), EDSA fronting Nepa-Q Mart Quezon City",MMDA Road Safety Unit,,b400cadf-9d83-45ff-9ca8-085803c7f698,2013-04-20,02:15:00,"EDSA Aurora Blvd., Cubao Quezon City",0,0,0,0,0,0,0,0,0,0,2013-04-20 10:15,Property,14.6280917,121.0472321,Side Swipe
None,EDSA,None,None,"No Accident Factor, No Collision Stated (based on Police Blotter Book), 0.0 drivers_injured, 0.0 drivers_killed, 0.0 passengers_injured, 0.0 passengers_killed, 0.0 pedestrian_injured, 0.0 pedestrian_killed, Fair (Day), EDSA fronting Gate 3, Camp Aguinaldo Quezon City",MMDA Road Safety Unit,,000a11d0-32d0-47e0-8af5-367c10b7d8cc,2013-04-19,07:00:00,"EDSA Panay Ave., Bgy. South Triangle Quezon City",0,0,0,0,0,0,0,0,0,0,2013-04-19 15:00,Property,14.60475566,121.0580111,No Collision Stated
None,EDSA,None,None,"No Accident Factor, No Collision Stated (based on Police Blotter Book), 0.0 drivers_injured, 0.0 drivers_killed, 0.0 passengers_injured, 0.0 passengers_killed, 0.0 pedestrian_injured, 0.0 pedestrian_killed, Fair (Day), EDSA P. Tuazon Blvd. Quezon City",MMDA Road Safety Unit,,1f9839fe-4dbc-49a7-8d42-9d46adffa81c,2013-04-19,04:45:00,EDSA West Ave. Quezon City,0,0,0,0,0,0,0,0,0,0,2013-04-19 12:45,Property,14.61656342,121.0525225,No Collision Stated
None,EDSA,None,None,"No Accident Factor, Rear-end, 0.0 drivers_injured, 0.0 drivers_killed, 0.0 passengers_injured, 0.0 passengers_killed, 0.0 pedestrian_injured, 0.0 pedestrian_killed, Fair (Night), EDSA Fronting Mercury Drug Store Kamias Road Quezon City",MMDA Road Safety Unit,,9096c40f-dd87-4241-ad81-2cd4b442a309,2013-04-18,13:15:00,"EDSA Quezon Ave., Bgy. Bagong Pag-asa Quezon City",0,0,0,0,0,0,0,0,0,0,2013-04-18 21:15,Property,14.63067697,121.0461607,Rear-End
None,EDSA,None,None,"No Accident Factor, No Collision Stated (based on Police Blotter Book), 0.0 drivers_injured, 0.0 drivers_killed, 0.0 passengers_injured, 0.0 passengers_killed, 0.0 pedestrian_injured, 0.0 pedestrian_killed, Fair (Night), EDSA fronting Shell Gas station Bgy.A.Samson Quezon City",MMDA Road Safety Unit,,11856fee-dc4a-452e-a573-f5bd5abda0c9,2013-04-17,13:20:00,EDSA fronting Waltermart Quezon City,0,0,0,0,0,0,0,0,0,0,2013-04-17 21:20,Property,14.65755247,121.0076914,No Collision Stated
None,EDSA,None,None,"No Accident Factor, Side Swipe, 1.0 drivers_injured, 0.0 drivers_killed, 0.0 passengers_injured, 0.0 passengers_killed, 0.0 pedestrian_injured, 0.0 pedestrian_killed, Fair (Night), EDSA Bansalangin St. U Turn Slot Brgy. Veterans  Quezon City",MMDA Road Safety Unit,,89a6174e-cfe6-4ea2-9ccb-0385c7201e81,2013-04-16,21:30:00,EDSA North Ave. Quezon City,0,0,0,1,0,0,0,0,0,1,2013-04-17 5:30,Injury,14.6567996,121.0241845,Side Swipe
None,EDSA,None,None,"No Accident Factor, No Collision Stated (based on Police Blotter Book), 0.0 drivers_injured, 0.0 drivers_killed, 0.0 passengers_injured, 0.0 passengers_killed, 0.0 pedestrian_injured, 0.0 pedestrian_killed, Fair (Day), EDSA GMA Network Drive Quezon City",MMDA Road Safety Unit,,b80eada7-c304-4f4a-a25e-2d8dec88d4ad,2013-04-16,03:30:00,EDSA North Ave. Quezon City,0,0,0,0,0,0,0,0,0,0,2013-04-16 11:30,Property,14.63467214,121.0435714,No Collision Stated
None,EDSA,None,None,"No Accident Factor, No Collision Stated (based on Police Blotter Book), 0.0 drivers_injured, 0.0 drivers_killed, 0.0 passengers_injured, 0.0 passengers_killed, 0.0 pedestrian_injured, 0.0 pedestrian_killed, Fair (Day), EDSA fronting Trinoma Bgy.Pag asa Quezon City",MMDA Road Safety Unit,,981c1591-2766-4d2b-b578-7b8ef67e291c,2013-04-15,09:00:00,EDSA GMA Network Drive Quezon City,0,0,0,0,0,0,0,0,0,0,2013-04-15 17:00,Property,14.65249719,121.0322415,No Collision Stated
None,EDSA,None,None,"No Accident Factor, No Collision Stated (based on Police Blotter Book), 0.0 drivers_injured, 1.0 drivers_killed, 0.0 passengers_injured, 0.0 passengers_killed, 0.0 pedestrian_injured, 0.0 pedestrian_killed, Fair (Day), EDSA Cloverleaf Road Bgy.Ug Sigaw Quezon City",MMDA Road Safety Unit,,9868a112-ff95-4ab4-9e28-7a68d1aa7bb3,2013-04-15,08:50:00,"EDSA at ""U"" turn slot, before Trinoma Quezon City",1,0,0,0,0,0,0,0,1,0,2013-04-15 16:50,Fatal,14.65747901,121.0011914,No Collision Stated
None,EDSA,None,None,"No Accident Factor, Rear-end, 0.0 drivers_injured, 0.0 drivers_killed, 0.0 passengers_injured, 0.0 passengers_killed, 0.0 pedestrian_injured, 0.0 pedestrian_killed, Fair (Day), EDSA P. Tuazon Blvd. Quezon City",MMDA Road Safety Unit,,16991db3-f535-44ff-bbd4-06b938c90332,2013-04-15,06:20:00,"EDSA at ""U"" turn slot, before Quezon City Academy Quezon City",0,0,0,0,0,0,0,0,0,0,2013-04-15 14:20,Property,14.61656342,121.0525225,Rear-End
None,EDSA,None,None,"No Accident Factor, No Collision Stated (based on Police Blotter Book), 0.0 drivers_injured, 0.0 drivers_killed, 0.0 passengers_injured, 0.0 passengers_killed, 0.0 pedestrian_injured, 0.0 pedestrian_killed, Fair (Day), EDSA fronting LRT Station Bgy.Veterans Quezon City",MMDA Road Safety Unit,,61a2b05a-a409-4a32-8fb7-ef5998f4ca12,2013-04-15,03:00:00,"EDSA Balintawak Market, Bgy. Apolonio Samson Quezon City",0,0,0,0,0,0,0,0,0,0,2013-04-15 11:00,Property,14.65752084,121.0212178,No Collision Stated
None,EDSA,None,None,"No Accident Factor, No Collision Stated (based on Police Blotter Book), 1.0 drivers_injured, 0.0 drivers_killed, 0.0 passengers_injured, 0.0 passengers_killed, 0.0 pedestrian_injured, 0.0 pedestrian_killed, Fair (Night), EDSA Corregidor St. Bgy.Ramon Magsaysay Quezon City",MMDA Road Safety Unit,,77aee115-0fab-4161-86a0-b3d1204b88b8,2013-04-14,17:30:00,"EDSA at ""U"" turn slot, before Trinoma, Bgy. Bagong Pag-asa Quezon City",0,0,0,1,0,0,0,0,0,1,2013-04-15 1:30,Injury,14.65707679,121.0241648,No Collision Stated