LOCATION_TEXT,ROAD,WEATHER,LIGHT,DESC,REPORTING_AGENCY,MAIN_CAUSE,INCIDENTDETAILS_ID,DATE_UTC,TIME_UTC,ADDRESS,killed_driver,killed_passenger,killed_pedestrian,injured_driver,injured_passenger,injured_pedestrian,killed_uncategorized,injured_uncategorized,killed_total,injured_total,DATETIME_PST,SEVERITY,Y,X,COLLISION_TYPE
None,EDSA,None,None,"No Accident Factor, Rear-end (Multiple), 0.0 drivers_injured, 0.0 drivers_killed, 0.0 passengers_injured, 0.0 passengers_killed, 0.0 pedestrian_injured, 0.0 pedestrian_killed, Fair (Night), EDSA before Gen. McArthur St., Cubao Quezon City",MMDA Road Safety Unit,,3d31c860-d701-4813-a4a0-e9366dc7f978,2013-04-12,21:00:00,"EDSA at ""U"" turn slot, Ortigas Ave., Bgy. Ugong Norte Quezon City",0,0,0,0,0,0,0,0,0,0,2013-04-13 5:00,Property,14.61789748,121.0519337,Rear-End
None,EDSA,None,None,"No Accident Factor, Rear-end (Multiple), 0.0 drivers_injured, 0.0 drivers_killed, 0.0 passengers_injured, 0.0 passengers_killed, 0.0 pedestrian_injured, 0.0 pedestrian_killed, Fair (Night), EDSA frontingTrinoma Mall before North Ave. Quezon City",MMDA Road Safety Unit,,cc3ece90-6e2b-4aa5-acde-4911b824ef25,2013-04-12,15:30:00,"EDSA Roosevelt Ave., Bgy. San Antonio Quezon City",0,0,0,0,0,0,0,0,0,0,2013-04-12 23:30,Property,14.65355906,121.0313748,Rear-End
None,EDSA,None,None,"No Accident Factor, Side Swipe, 1.0 drivers_injured, 0.0 drivers_killed, 0.0 passengers_injured, 0.0 passengers_killed, 0.0 pedestrian_injured, 0.0 pedestrian_killed, Fair (Night), EDSA fronting SM Annex Bldg. uturn slot Quezon City",MMDA Road Safety Unit,,33a53302-5e52-4f63-9853-69aa215b48b0,2013-04-12,13:30:00,EDSA P. Tuazon Blvd. Quezon City,0,0,0,1,0,0,0,0,0,1,2013-04-12 21:30,Injury,14.65660595,121.0260267,Side Swipe
None,EDSA,None,None,"No Accident Factor, No Collision Stated (based on Police Blotter Book), 0.0 drivers_injured, 0.0 drivers_killed, 0.0 passengers_injured, 0.0 passengers_killed, 0.0 pedestrian_injured, 0.0 pedestrian_killed, Fair (Night), EDSA North Ave. Quezon City",MMDA Road Safety Unit,,1720e918-59e6-4fcb-bfeb-7e561496d74e,2013-04-12,13:30:00,"EDSA Kamias Road, Bgy. West Kamias Quezon City",0,0,0,0,0,0,0,0,0,0,2013-04-12 21:30,Property,14.65553839,121.0299647,No Collision Stated
None,EDSA,None,None,"No Accident Factor, Angle Impact, 0.0 drivers_injured, 0.0 drivers_killed, 0.0 passengers_injured, 0.0 passengers_killed, 0.0 pedestrian_injured, 0.0 pedestrian_killed, Fair (Day), EDSA Ortigas Ave. Quezon City",MMDA Road Safety Unit,,243b848a-a8c5-4733-ac4c-c59d9a70be78,2013-04-11,03:25:00,"EDSA P. Tuazon Blvd., Cubao, Bgy. Socorro Quezon City",0,0,0,0,0,0,0,0,0,0,2013-04-11 11:25,Property,14.59335253,121.0584107,Angle Impact
None,EDSA,None,None,"No Accident Factor, No Collision Stated (based on Police Blotter Book), 0.0 drivers_injured, 0.0 drivers_killed, 0.0 passengers_injured, 0.0 passengers_killed, 0.0 pedestrian_injured, 0.0 pedestrian_killed, Fair (Day), EDSA Santolan Road ""U"" turn slot Quezon City",MMDA Road Safety Unit,,826b1d32-07d8-4ac7-b965-968f9a3a2bd2,2013-04-11,02:30:00,"EDSA Congressional Ave., Bgy. Ramon Magsaysay Quezon City",0,0,0,0,0,0,0,0,0,0,2013-04-11 10:30,Property,14.6102736,121.0552175,No Collision Stated
None,EDSA,None,None,"No Accident Factor, No Collision Stated (based on Police Blotter Book), 0.0 drivers_injured, 0.0 drivers_killed, 0.0 passengers_injured, 0.0 passengers_killed, 0.0 pedestrian_injured, 0.0 pedestrian_killed, Fair (Day), EDSA Benitez St. Quezon City",MMDA Road Safety Unit,,8db5f778-ef89-4f7d-b2a7-bf9e3e1a7831,2013-04-11,00:30:00,EDSA before Roosevelt Ave. Quezon City,0,0,0,0,0,0,0,0,0,0,2013-04-11 8:30,Property,14.64722757,121.0353693,No Collision Stated
None,EDSA,None,None,"No Accident Factor, Side Swipe, 0.0 drivers_injured, 0.0 drivers_killed, 0.0 passengers_injured, 0.0 passengers_killed, 0.0 pedestrian_injured, 0.0 pedestrian_killed, Fair (Night), EDSA fronting Trinoma Mall uturn slot Quezon City",MMDA Road Safety Unit,,9428f724-3e44-4970-94ee-9ed0269e1540,2013-04-10,19:50:00,EDSA fronting MRT-GMA-Kamuning Station Quezon City,0,0,0,0,0,0,0,0,0,0,2013-04-11 3:50,Property,14.65363159,121.0313791,Side Swipe
None,EDSA,None,None,"No Accident Factor, No Collision Stated (based on Police Blotter Book), 0.0 drivers_injured, 0.0 drivers_killed, 20.0 passengers_injured, 0.0 passengers_killed, 0.0 pedestrian_injured, 0.0 pedestrian_killed, Fair (Night), EDSA fronting Guzent Warehouse no.1237 Bgy.A.Samson Quezon City",MMDA Road Safety Unit,,4fa3e493-072c-4b64-8957-2da87383330b,2013-04-10,19:00:00,EDSA Aurora Blvd. Quezon City,0,0,0,0,0,0,0,0,0,0,2013-04-11 3:00,Injury,14.65739348,121.0137971,No Collision Stated
None,EDSA,None,None,"No Accident Factor, Angle Impact, 0.0 drivers_injured, 0.0 drivers_killed, 0.0 passengers_injured, 0.0 passengers_killed, 0.0 pedestrian_injured, 0.0 pedestrian_killed, Fair (Night), EDSA fronting SM Annex Bldg. uturn slot Quezon City",MMDA Road Safety Unit,,1156a4e4-4f3a-435d-9229-8f9604c2e285,2013-04-10,15:30:00,"EDSA Col. Bonny Serrano Ave. (Santolan Road), Bgy. Socorro Quezon City",0,0,0,0,0,0,0,0,0,0,2013-04-10 23:30,Property,14.65660595,121.0260267,Angle Impact
None,EDSA,None,None,"No Accident Factor, Side Swipe, 0.0 drivers_injured, 0.0 drivers_killed, 0.0 passengers_injured, 0.0 passengers_killed, 0.0 pedestrian_injured, 0.0 pedestrian_killed, Fair (Day), EDSA fronting EDSA Shrine, Bgy. Ugong Norte Quezon City",MMDA Road Safety Unit,,8a941fc2-ae2d-418a-b53d-e251dd06a87c,2013-04-10,01:55:00,"EDSA P. Tuazon Blvd., Cubao Quezon City",0,0,0,0,0,0,0,0,0,0,2013-04-10 9:55,Property,14.59255513,121.0584128,Side Swipe
None,EDSA,None,None,"No Accident Factor, Side Swipe, 0.0 drivers_injured, 0.0 drivers_killed, 0.0 passengers_injured, 0.0 passengers_killed, 0.0 pedestrian_injured, 0.0 pedestrian_killed, Fair (Night), EDSA at ""U"" turn slot, P. Tuazon Blvd., Cubao Quezon City",MMDA Road Safety Unit,,93f80f1d-22d3-4b65-bfa3-da452871aeb5,2013-04-09,13:45:00,EDSA P. Tuazon Blvd. Quezon City,0,0,0,0,0,0,0,0,0,0,2013-04-09 21:45,Property,14.6162698,121.0525791,Side Swipe
None,EDSA,None,None,"No Accident Factor, No Collision Stated (based on Police Blotter Book), 0.0 drivers_injured, 0.0 drivers_killed, 0.0 passengers_injured, 0.0 passengers_killed, 0.0 pedestrian_injured, 0.0 pedestrian_killed, Fair (Day), EDSA before Quezon Ave. Bgy.Pag asa Quezon City",MMDA Road Safety Unit,,786205d1-5bc1-46d2-a183-05ca5ad5e94e,2013-04-09,06:15:00,"EDSA at ""U"" turn slot, before South Ave. / Timog Ave. Quezon City",0,0,0,0,0,0,0,0,0,0,2013-04-09 14:15,Property,14.64495676,121.0368618,No Collision Stated
None,EDSA,None,None,"No Accident Factor, Rear-end, 0.0 drivers_injured, 0.0 drivers_killed, 0.0 passengers_injured, 0.0 passengers_killed, 0.0 pedestrian_injured, 0.0 pedestrian_killed, Fair (Day), EDSA fronting Waltermart Quezon City",MMDA Road Safety Unit,,308a2005-73b3-4d7c-be76-97d745d6db87,2013-04-09,02:45:00,EDSA Main Ave. Quezon City,0,0,0,0,0,0,0,0,0,0,2013-04-09 10:45,Property,14.65755908,121.0204569,Rear-End
None,EDSA,None,None,"No Accident Factor, Rear-end, 0.0 drivers_injured, 0.0 drivers_killed, 0.0 passengers_injured, 0.0 passengers_killed, 0.0 pedestrian_injured, 0.0 pedestrian_killed, Fair (Night), EDSA before Kaingin Road Bgy.A.Samson Quezon City",MMDA Road Safety Unit,,ce498c82-2eb2-4ff3-a21d-086866f543f4,2013-04-08,13:30:00,"EDSA before Seminary Road, Bgy. Bahay Toro Quezon City",0,0,0,0,0,0,0,0,0,0,2013-04-08 21:30,Property,14.65742812,121.0105636,Rear-End
None,EDSA,None,None,"No Accident Factor, Side Swipe, 0.0 drivers_injured, 0.0 drivers_killed, 0.0 passengers_injured, 0.0 passengers_killed, 0.0 pedestrian_injured, 0.0 pedestrian_killed, Fair (Night), EDSA Aurora Blvd. Quezon City",MMDA Road Safety Unit,,5c192825-b3e0-4216-bbe9-f969c9f0247a,2013-04-08,12:00:00,"EDSA fronting Baliwag Transit Bus Terminal, Cubao, Bgy. E. Rodriguez Quezon City",0,0,0,0,0,0,0,0,0,0,2013-04-08 20:00,Property,14.62163653,121.0501573,Side Swipe
None,EDSA,None,None,"Human Error, Hit Object (Fence/Wall-See-thru / Post-Concrete), 1.0 drivers_injured, 0.0 drivers_killed, 22.0 passengers_injured, 0.0 passengers_killed, 0.0 pedestrian_injured, 0.0 pedestrian_killed, Fair (Day), EDSA fronting Farmers Plaza, Cubao, Bgy. Socorro Quezon City",MMDA Road Safety Unit,,d99518ca-9f74-45d0-9eae-7122f9233d98,2013-04-08,06:40:00,"EDSA at ""U"" turn slot, before Kaingin Road Quezon City",0,0,0,1,22,0,0,0,0,23,2013-04-08 14:40,Injury,14.6171318,121.0520152,Hit Object
None,EDSA,None,None,"No Accident Factor, No Collision Stated (based on Police Blotter Book), 0.0 drivers_injured, 0.0 drivers_killed, 0.0 passengers_injured, 0.0 passengers_killed, 0.0 pedestrian_injured, 0.0 pedestrian_killed, Fair (Night), EDSA fronting SM North Quezon City",MMDA Road Safety Unit,,6e8a44c9-14df-4bed-bd2b-35c7a219b657,2013-04-07,11:00:00,EDSA Congressional Ave. Quezon City,0,0,0,0,0,0,0,0,0,0,2013-04-07 19:00,Property,14.65591384,121.0291263,No Collision Stated
None,EDSA,None,None,"No Accident Factor, Hit and Run (No Collision Stated), 0.0 drivers_injured, 0.0 drivers_killed, 0.0 passengers_injured, 0.0 passengers_killed, 0.0 pedestrian_injured, 0.0 pedestrian_killed, Fair (Night), EDSA fronting Jac Liner Terminal Quezon City",MMDA Road Safety Unit,,199182cc-3b66-46b7-b3dc-e6f994ffc94b,2013-04-06,18:15:00,EDSA after West Ave. Quezon City,0,0,0,0,0,0,0,0,0,0,2013-04-07 2:15,Property,14.63206278,121.0454731,No Collision Stated
None,EDSA,None,None,"No Accident Factor, No Collision Stated (based on Police Blotter Book), 0.0 drivers_injured, 0.0 drivers_killed, 0.0 passengers_injured, 0.0 passengers_killed, 0.0 pedestrian_injured, 0.0 pedestrian_killed, Fair (Night), EDSA at ""U"" turn slot, Aurora Blvd., Bgy. E. Rodriguez Quezon City",MMDA Road Safety Unit,,b86a313a-7021-450c-b964-20124f4d9d3d,2013-04-06,14:15:00,"EDSA fronting Nepa-Q Mart, Bgy. West Kamias Quezon City",0,0,0,0,0,0,0,0,0,0,2013-04-06 22:15,Property,14.62142392,121.05018,No Collision Stated
None,EDSA,None,None,"No Accident Factor, Side Swipe, 0.0 drivers_injured, 0.0 drivers_killed, 0.0 passengers_injured, 0.0 passengers_killed, 0.0 pedestrian_injured, 0.0 pedestrian_killed, Fair (Day), EDSA before Main Ave., Bgy. Socorro Quezon City",MMDA Road Safety Unit,,be93fb10-0cc1-4013-8d51-8a4acf3654d5,2013-04-06,07:00:00,EDSA Paramount Quezon City,0,0,0,0,0,0,0,0,0,0,2013-04-06 15:00,Property,14.61353129,121.0539169,Side Swipe
None,EDSA,None,None,"No Accident Factor, No Collision Stated (based on Police Blotter Book), 0.0 drivers_injured, 0.0 drivers_killed, 0.0 passengers_injured, 0.0 passengers_killed, 0.0 pedestrian_injured, 0.0 pedestrian_killed, Fair (Day), EDSA Gate 5 Camp Aguinaldo Quezon City",MMDA Road Safety Unit,,87490920-6efd-4ea1-bcb7-ee4c8762c187,2013-04-06,05:30:00,"EDSA at ""U"" turn slot, before Trinoma Quezon City",0,0,0,0,0,0,0,0,0,0,2013-04-06 13:30,Property,14.60122227,121.0593729,No Collision Stated
None,EDSA,None,None,"No Accident Factor, No Collision Stated (based on Police Blotter Book), 0.0 drivers_injured, 0.0 drivers_killed, 0.0 passengers_injured, 0.0 passengers_killed, 0.0 pedestrian_injured, 0.0 pedestrian_killed, Fair (Day), EDSA Quezon Ave. ""U"" turn slot, Bgy. Pag-asa Quezon City",MMDA Road Safety Unit,,5da7f250-a5e4-410a-857c-f234f2754dd8,2013-04-06,04:30:00,"EDSA at ""U"" turn slot, NRRS, before Trinoma Quezon City",0,0,0,0,0,0,0,0,0,0,2013-04-06 12:30,Property,14.64518998,121.0368683,No Collision Stated
None,EDSA,None,None,"Human Error, Self-Accident, 0.0 drivers_injured, 0.0 drivers_killed, 0.0 passengers_injured, 0.0 passengers_killed, 0.0 pedestrian_injured, 0.0 pedestrian_killed, Fair (Day), EDSA fronting DILG Bldg., before Mapagmahal St., Bgy. Pinyahan Quezon City",MMDA Road Safety Unit,,b1584c3d-41ea-4657-be51-f738f3ddd8f7,2013-04-06,01:45:00,EDSA North Ave. Quezon City,0,0,0,0,0,0,0,0,0,0,2013-04-06 9:45,Property,14.63207587,121.0454668,Self-Accident
None,EDSA,None,None,"No Accident Factor, No Collision Stated (based on Police Blotter Book), 0.0 drivers_injured, 0.0 drivers_killed, 0.0 passengers_injured, 0.0 passengers_killed, 0.0 pedestrian_injured, 0.0 pedestrian_killed, Fair (Day), EDSA before Mapagmahal St., fronting JAC Liner Bus Terminal Quezon City",MMDA Road Safety Unit,,d5d8614d-1f17-4a79-a0e7-e7555ff3739c,2013-04-06,00:00:00,EDSA fronting Waltermart Quezon City,0,0,0,0,0,0,0,0,0,0,2013-04-06 8:00,Property,14.63160093,121.0457129,No Collision Stated
None,EDSA,None,None,"No Accident Factor, No Collision Stated (based on Police Blotter Book), 0.0 drivers_injured, 0.0 drivers_killed, 0.0 passengers_injured, 0.0 passengers_killed, 0.0 pedestrian_injured, 0.0 pedestrian_killed, Fair (Day), EDSA fronting GMA Network Drive Quezon City",MMDA Road Safety Unit,,d72a1b26-7cfe-44f8-ab80-b3dd11159b06,2013-04-05,06:30:00,"EDSA at ""U"" turn slot, fronting Go Soc Bldg., Bgy. Apolonio Samson Quezon City",0,0,0,0,0,0,0,0,0,0,2013-04-05 14:30,Property,14.63487536,121.0435696,No Collision Stated
None,EDSA,None,None,"No Accident Factor, No Collision Stated (based on Police Blotter Book), 0.0 drivers_injured, 0.0 drivers_killed, 0.0 passengers_injured, 0.0 passengers_killed, 0.0 pedestrian_injured, 0.0 pedestrian_killed, Fair (Day), EDSA Mapagmahal St. Quezon City",MMDA Road Safety Unit,,8077299e-80cd-4ddb-9f0f-0d6a89a79831,2013-04-05,04:10:00,"EDSA Main Ave., Bgy. Socorro Quezon City",0,0,0,0,0,0,0,0,0,0,2013-04-05 12:10,Property,14.63185046,121.0455315,No Collision Stated
None,EDSA,None,None,"No Accident Factor, No Collision Stated (based on Police Blotter Book), 0.0 drivers_injured, 0.0 drivers_killed, 0.0 passengers_injured, 0.0 passengers_killed, 0.0 pedestrian_injured, 0.0 pedestrian_killed, Fair (Day), EDSA fronting Cinderella Bldg. Quezon City",MMDA Road Safety Unit,,2f07c218-4b6b-4a05-b82d-139748a91d0c,2013-04-05,03:45:00,"EDSA at ""U"" turn slot, fronting Shell Gas Station, Bgy. Apolonio Samson Quezon City",0,0,0,0,0,0,0,0,0,0,2013-04-05 11:45,Property,14.63884637,121.0409177,No Collision Stated
None,EDSA,None,None,"No Accident Factor, No Collision Stated (based on Police Blotter Book), 0.0 drivers_injured, 0.0 drivers_killed, 0.0 passengers_injured, 0.0 passengers_killed, 0.0 pedestrian_injured, 0.0 pedestrian_killed, Fair (Day), EDSA before North Ave., Bgy. Pag-asa Quezon City",MMDA Road Safety Unit,,31cfa1f5-14c2-45d5-b8ea-b39aa307e71f,2013-04-04,23:00:00,EDSA West Ave. Quezon City,0,0,0,0,0,0,0,0,0,0,2013-04-05 7:00,Property,14.65549338,121.0302966,No Collision Stated
None,EDSA,None,None,"No Accident Factor, No Collision Stated (based on Police Blotter Book), 0.0 drivers_injured, 0.0 drivers_killed, 0.0 passengers_injured, 0.0 passengers_killed, 0.0 pedestrian_injured, 0.0 pedestrian_killed, Fair (Night), EDSA Congressional Ave., Bgy. Ramon Magsaysay Quezon City",MMDA Road Safety Unit,,c99d3b76-0296-49f7-acf5-e4da70fb2b08,2013-04-04,14:25:00,EDSA Howmart Road Quezon City,0,0,0,0,0,0,0,0,0,0,2013-04-04 22:25,Property,14.6571804,120.9927185,No Collision Stated
None,EDSA,None,None,"No Accident Factor, Side Swipe, 0.0 drivers_injured, 0.0 drivers_killed, 0.0 passengers_injured, 0.0 passengers_killed, 0.0 pedestrian_injured, 0.0 pedestrian_killed, Fair (Night), EDSA New York St., Cubao Quezon City",MMDA Road Safety Unit,,ea42dc39-e0e7-45b6-8f89-1b706d087174,2013-04-04,13:10:00,"EDSA fronting GMA-7, after East Ave. Quezon City",0,0,0,0,0,0,0,0,0,0,2013-04-04 21:10,Property,14.62568514,121.0482307,Side Swipe
None,EDSA,None,None,"No Accident Factor, Rear-end, 0.0 drivers_injured, 0.0 drivers_killed, 0.0 passengers_injured, 0.0 passengers_killed, 0.0 pedestrian_injured, 0.0 pedestrian_killed, Fair (Day), EDSA fronting Five Star Terminal, Bgy. E. Rodriguez Quezon City",MMDA Road Safety Unit,,88f2a710-f51a-4010-96af-3a402f9f9974,2013-04-04,04:40:00,EDSA fronting North Luzon Expressway Quezon City,0,0,0,0,0,0,0,0,0,0,2013-04-04 12:40,Property,14.62380284,121.0492837,Rear-End
None,EDSA,None,None,"No Accident Factor, Side Swipe, 0.0 drivers_injured, 0.0 drivers_killed, 0.0 passengers_injured, 0.0 passengers_killed, 0.0 pedestrian_injured, 0.0 pedestrian_killed, Fair (Day), EDSA Kamias Road Quezon City",MMDA Road Safety Unit,,8df8bdc5-7eb0-41a7-9e9e-5c1b0e4e707d,2013-04-03,05:30:00,"EDSA at ""U"" turn slot, fronting SM City-North EDSA (Annex Bldg.), Bgy. Ramon Magsaysay Quezon City",0,0,0,0,0,0,0,0,0,0,2013-04-03 13:30,Property,14.6309142,121.0459376,Side Swipe
None,EDSA,None,None,"No Accident Factor, Rear-end, 0.0 drivers_injured, 0.0 drivers_killed, 0.0 passengers_injured, 0.0 passengers_killed, 0.0 pedestrian_injured, 0.0 pedestrian_killed, Fair (Day), EDSA Main Ave. Quezon City",MMDA Road Safety Unit,,c9fbf4ac-1fae-4c95-b468-a654620d300f,2013-04-02,22:45:00,"EDSA Misamis St., SM, Bgy. Bagong Pag-asa Quezon City",0,0,0,0,0,0,0,0,0,0,2013-04-03 6:45,Property,14.61376458,121.0537933,Rear-End
None,EDSA,None,None,"No Accident Factor, Rear-end, 0.0 drivers_injured, 0.0 drivers_killed, 0.0 passengers_injured, 0.0 passengers_killed, 0.0 pedestrian_injured, 0.0 pedestrian_killed, Fair (Night), EDSA before Whiteplains Ave. Quezon City",MMDA Road Safety Unit,,f9270a16-1764-446a-90f2-798fc8bf4151,2013-04-02,14:35:00,EDSA West Ave. Quezon City,0,0,0,0,0,0,0,0,0,0,2013-04-02 22:35,Property,14.59936087,121.0598067,Rear-End
None,EDSA,None,None,"No Accident Factor, No Collision Stated (based on Police Blotter Book), 0.0 drivers_injured, 0.0 drivers_killed, 0.0 passengers_injured, 0.0 passengers_killed, 0.0 pedestrian_injured, 0.0 pedestrian_killed, Fair (Night), EDSA after Kamias Road Quezon City",MMDA Road Safety Unit,,0f87289d-90fc-4d1f-800c-745bbd8e4510,2013-04-02,12:45:00,"EDSA P. Tuazon Blvd., Cubao Quezon City",0,0,0,0,0,0,0,0,0,0,2013-04-02 20:45,Property,14.63114123,121.0459233,No Collision Stated
None,EDSA,None,None,"No Accident Factor, Rear-end, 0.0 drivers_injured, 0.0 drivers_killed, 0.0 passengers_injured, 0.0 passengers_killed, 0.0 pedestrian_injured, 0.0 pedestrian_killed, Fair (Day), EDSA East Ave. Quezon City",MMDA Road Safety Unit,,98040e1c-9a56-48cc-bf31-df2eac870984,2013-04-01,22:15:00,"EDSA Gen. Roxas St., Cubao Quezon City",0,0,0,0,0,0,0,0,0,0,2013-04-02 6:15,Property,14.6328297,121.0451176,Rear-End
None,EDSA,None,None,"No Accident Factor, No Collision Stated (based on Police Blotter Book), 0.0 drivers_injured, 0.0 drivers_killed, 0.0 passengers_injured, 0.0 passengers_killed, 0.0 pedestrian_injured, 0.0 pedestrian_killed, Fair (Night), EDSA West Ave. Quezon City",MMDA Road Safety Unit,,a487b881-0b06-41ac-b334-87b2d0b9d126,2013-04-01,11:45:00,EDSA MRT-North Avenue Station Quezon City,0,0,0,0,0,0,0,0,0,0,2013-04-01 19:45,Property,14.65548924,121.0298079,No Collision Stated
None,EDSA,None,None,"No Accident Factor, No Collision Stated (based on Police Blotter Book), 0.0 drivers_injured, 0.0 drivers_killed, 0.0 passengers_injured, 0.0 passengers_killed, 0.0 pedestrian_injured, 0.0 pedestrian_killed, Fair (Night), EDSA North Ave. Quezon City",MMDA Road Safety Unit,,324a7fb8-eeaf-485c-abe5-f9b516c5a266,2013-04-01,11:30:00,"EDSA at ""U"" turn slot, fronting Trinoma Quezon City",0,0,0,0,0,0,0,0,0,0,2013-04-01 19:30,Property,14.65553839,121.0299647,No Collision Stated
None,EDSA,None,None,"No Accident Factor, Rear-end, 0.0 drivers_injured, 0.0 drivers_killed, 0.0 passengers_injured, 0.0 passengers_killed, 0.0 pedestrian_injured, 0.0 pedestrian_killed, Fair (Day), EDSA between GMA Network Drive and Victoria Tower Quezon City",MMDA Road Safety Unit,,9ea83f1b-eeab-41dd-aee4-afb0eedd04be,2013-04-01,02:30:00,EDSA Cloverleaf Drive Quezon City,0,0,0,0,0,0,0,0,0,0,2013-04-01 10:30,Property,14.63488701,121.0434003,Rear-End
None,EDSA,None,None,"No Accident Factor, No Collision Stated (based on Police Blotter Book), 0.0 drivers_injured, 0.0 drivers_killed, 0.0 passengers_injured, 0.0 passengers_killed, 0.0 pedestrian_injured, 0.0 pedestrian_killed, Fair (Day), EDSA Quezon Ave., before Bus Bay Quezon City",MMDA Road Safety Unit,,a87cb470-b865-46ea-9b02-c225f945fe8b,2013-03-31,23:20:00,"EDSA at ""U"" turn slot, fronting Jam Liner Bus Terminal Quezon City",0,0,0,0,0,0,0,0,0,0,2013-04-01 7:20,Property,14.6442444,121.0375839,No Collision Stated
None,EDSA,None,None,"No Accident Factor, Rear-end, 0.0 drivers_injured, 0.0 drivers_killed, 0.0 passengers_injured, 0.0 passengers_killed, 0.0 pedestrian_injured, 0.0 pedestrian_killed, Fair (Night), EDSA before North Ave. Quezon City",MMDA Road Safety Unit,,6ece4782-f66d-4c0c-88f4-1bb91e2ea4f1,2013-03-31,15:00:00,EDSA East Ave. Quezon City,0,0,0,0,0,0,0,0,0,0,2013-03-31 23:00,Property,14.65549338,121.0302966,Rear-End
None,EDSA,None,None,"No Accident Factor, No Collision Stated (based on Police Blotter Book), 0.0 drivers_injured, 0.0 drivers_killed, 0.0 passengers_injured, 0.0 passengers_killed, 0.0 pedestrian_injured, 0.0 pedestrian_killed, Fair (Night), EDSA West Ave., Bgy. Phil-Am Quezon City",MMDA Road Safety Unit,,eb45b5cb-036f-419e-a840-24bbd6e8b0a2,2013-03-31,14:45:00,EDSA Iglesia ni Crsito Quezon City,0,0,0,0,0,0,0,0,0,0,2013-03-31 22:45,Property,14.65548924,121.0298079,No Collision Stated
None,EDSA,None,None,"No Accident Factor, No Collision Stated (based on Police Blotter Book), 0.0 drivers_injured, 0.0 drivers_killed, 0.0 passengers_injured, 0.0 passengers_killed, 0.0 pedestrian_injured, 0.0 pedestrian_killed, Fair (Night), EDSA West Ave., Bgy. Phil-Am Quezon City",MMDA Road Safety Unit,,12ec2a37-6677-42bd-94a0-bbc245c956b9,2013-03-31,14:45:00,EDSA fronting Nepa-Q Mart Quezon City,0,0,0,0,0,0,0,0,0,0,2013-03-31 22:45,Property,14.65548924,121.0298079,No Collision Stated
None,EDSA,None,None,"No Accident Factor, No Collision Stated (based on Police Blotter Book), 0.0 drivers_injured, 0.0 drivers_killed, 0.0 passengers_injured, 0.0 passengers_killed, 0.0 pedestrian_injured, 0.0 pedestrian_killed, Fair (Night), EDSA fronting Meralco, Bgy. Apolonio Samson Quezon City",MMDA Road Safety Unit,,a844edf7-c112-441a-85b0-73bdb1c77df9,2013-03-31,14:40:00,EDSA Col. Bonny Serrano Ave. (Santolan Road) Quezon City,0,0,0,0,0,0,0,0,0,0,2013-03-31 22:40,Property,14.65767162,121.0116244,No Collision Stated
None,EDSA,None,None,"No Accident Factor, No Collision Stated (based on Police Blotter Book), 0.0 drivers_injured, 0.0 drivers_killed, 1.0 passengers_injured, 0.0 passengers_killed, 0.0 pedestrian_injured, 0.0 pedestrian_killed, Fair (Night), EDSA Kamias Road Quezon City",MMDA Road Safety Unit,,fc61f646-e472-4d48-b62d-2750075489dd,2013-03-31,11:00:00,"EDSA at ""U"" turn slot, Col. Bonny Serrano Ave. (Santolan Road) Quezon City",0,0,0,0,1,0,0,0,0,1,2013-03-31 19:00,Injury,14.6309142,121.0459376,No Collision Stated
None,EDSA,None,None,"No Accident Factor, No Collision Stated (based on Police Blotter Book), 0.0 drivers_injured, 0.0 drivers_killed, 0.0 passengers_injured, 0.0 passengers_killed, 0.0 pedestrian_injured, 0.0 pedestrian_killed, Fair (Day), EDSA before Roosevelt Ave., Bgy. San Antonio Quezon City",MMDA Road Safety Unit,,b5621972-74af-4050-a2a2-f7d7995a6719,2013-03-31,03:00:00,EDSA Col. Bonny Serrano Ave. (Santolan Road) Quezon City,0,0,0,0,0,0,0,0,0,0,2013-03-31 11:00,Property,14.65759772,121.0193792,No Collision Stated
None,EDSA,None,None,"No Accident Factor, Side Swipe, 0.0 drivers_injured, 0.0 drivers_killed, 0.0 passengers_injured, 0.0 passengers_killed, 0.0 pedestrian_injured, 0.0 pedestrian_killed, Fair (Day), EDSA after Aurora Blvd. Quezon City",MMDA Road Safety Unit,,f9541a53-3773-4275-a8aa-3e199b1b41cb,2013-03-30,01:20:00,"EDSA fronting Five Star Terminal, Bgy. E. Rodriguez Quezon City",0,0,0,0,0,0,0,0,0,0,2013-03-30 9:20,Property,14.62159742,121.0500545,Side Swipe
None,EDSA,None,None,"No Accident Factor, Hit and Run (Side Swipe), 0.0 drivers_injured, 0.0 drivers_killed, 0.0 passengers_injured, 0.0 passengers_killed, 0.0 pedestrian_injured, 0.0 pedestrian_killed, Fair (Night), EDSA Aurora Blvd. Quezon City",MMDA Road Safety Unit,,a6a28342-ffec-4735-98ed-6b7a3268e78a,2013-03-29,21:45:00,EDSA fronting Waltermart Quezon City,0,0,0,0,0,0,0,0,0,0,2013-03-30 5:45,Property,14.62163653,121.0501573,Side Swipe