LOCATION_TEXT,ROAD,WEATHER,LIGHT,DESC,REPORTING_AGENCY,MAIN_CAUSE,INCIDENTDETAILS_ID,DATE_UTC,TIME_UTC,ADDRESS,killed_driver,killed_passenger,killed_pedestrian,injured_driver,injured_passenger,injured_pedestrian,killed_uncategorized,injured_uncategorized,killed_total,injured_total,DATETIME_PST,SEVERITY,Y,X,COLLISION_TYPE
None,EDSA,None,None,"No Accident Factor, No Collision Stated (based on Police Blotter Book), 0.0 drivers_injured, 0.0 drivers_killed, 0.0 passengers_injured, 0.0 passengers_killed, 0.0 pedestrian_injured, 0.0 pedestrian_killed, Fair (Day), EDSA at ""U"" turn slot, fronting Iglesia ni Cristo Quezon City",MMDA Road Safety Unit,,1577cf37-675f-4e9f-af3e-369bb494b210,2013-03-28,05:30:00,EDSA before Kamias Road Quezon City,0,0,0,0,0,0,0,0,0,0,2013-03-28 13:30,Property,14.6573249,121.0226677,No Collision Stated
None,EDSA,None,None,"No Accident Factor, Rear-end, 0.0 drivers_injured, 0.0 drivers_killed, 0.0 passengers_injured, 0.0 passengers_killed, 0.0 pedestrian_injured, 0.0 pedestrian_killed, Fair (Night), EDSA Ermin Garcia St. (Minnesota) Quezon City",MMDA Road Safety Unit,,9287bb25-d75f-412d-8837-8ca1bb7e3f2f,2013-03-27,12:45:00,"EDSA Aurora Blvd., Cubao Quezon City",0,0,0,0,0,0,0,0,0,0,2013-03-27 20:45,Property,14.62758814,121.047487,Rear-End
None,EDSA,None,None,"No Accident Factor, Rear-end, 0.0 drivers_injured, 0.0 drivers_killed, 0.0 passengers_injured, 0.0 passengers_killed, 0.0 pedestrian_injured, 0.0 pedestrian_killed, Fair (Night), EDSA West Ave., Bgy. Phil-Am Quezon City",MMDA Road Safety Unit,,77045d8b-d772-414a-a7f4-50b22faa6a03,2013-03-27,12:00:00,EDSA West Ave. Quezon City,0,0,0,0,0,0,0,0,0,0,2013-03-27 20:00,Property,14.65548924,121.0298079,Rear-End
None,EDSA,None,None,"No Accident Factor, Rear-end, 1.0 drivers_injured, 0.0 drivers_killed, 0.0 passengers_injured, 0.0 passengers_killed, 0.0 pedestrian_injured, 0.0 pedestrian_killed, Fair (Day), EDSA Kamias Road, Bgy. Pinyahan Quezon City",MMDA Road Safety Unit,,c8e4bd37-d551-4259-9855-25236f3baf93,2013-03-27,02:00:00,EDSA North Ave. Quezon City,0,0,0,1,0,0,0,0,0,1,2013-03-27 10:00,Injury,14.6309142,121.0459376,Rear-End
None,EDSA,None,None,"No Accident Factor, Angle Impact, 0.0 drivers_injured, 0.0 drivers_killed, 0.0 passengers_injured, 0.0 passengers_killed, 0.0 pedestrian_injured, 0.0 pedestrian_killed, Fair (Day), EDSA P. Tuazon Blvd., Bgy. Socorro Quezon City",MMDA Road Safety Unit,,18e30b6e-5beb-45d8-94ec-c30e9d14eab0,2013-03-27,02:00:00,"EDSA Nueva Ecija St., Bgy. Sto. Cristo Quezon City",0,0,0,0,0,0,0,0,0,0,2013-03-27 10:00,Property,14.61656342,121.0525225,Angle Impact
None,EDSA,None,None,"No Accident Factor, No Collision Stated (based on Police Blotter Book), 0.0 drivers_injured, 0.0 drivers_killed, 0.0 passengers_injured, 0.0 passengers_killed, 0.0 pedestrian_injured, 0.0 pedestrian_killed, Fair (Night), EDSA before Kamuning Road Quezon City",MMDA Road Safety Unit,,dd5c5dc0-ead1-495d-a199-d46959113958,2013-03-26,21:00:00,"EDSA Cloverleaf Service Road (right South Wing), Bgy. Balingasa Quezon City",0,0,0,0,0,0,0,0,0,0,2013-03-27 5:00,Property,14.63117369,121.0455178,No Collision Stated
None,EDSA,None,None,"No Accident Factor, No Collision Stated (based on Police Blotter Book), 0.0 drivers_injured, 0.0 drivers_killed, 0.0 passengers_injured, 0.0 passengers_killed, 0.0 pedestrian_injured, 0.0 pedestrian_killed, Fair (Night), EDSA fronting 711 Convenience Store Quezon City",MMDA Road Safety Unit,,104a7073-96ec-4f69-8fcf-50cd6d8fb76e,2013-03-26,20:00:00,EDSA before Monte De Piedad St. Quezon City,0,0,0,0,0,0,0,0,0,0,2013-03-27 4:00,Property,14.64374417,121.0376707,No Collision Stated
None,EDSA,None,None,"No Accident Factor, Rear-end, 0.0 drivers_injured, 0.0 drivers_killed, 0.0 passengers_injured, 0.0 passengers_killed, 0.0 pedestrian_injured, 0.0 pedestrian_killed, Fair (Night), EDSA Whiteplains Ave. Quezon City",MMDA Road Safety Unit,,9a09e58c-d24e-4285-a458-86a5e8bb80f5,2013-03-26,17:50:00,EDSA fronting Lemon Square Quezon City,0,0,0,0,0,0,0,0,0,0,2013-03-27 1:50,Property,14.59961782,121.0596522,Rear-End
None,EDSA,None,None,"No Accident Factor, Rear-end, 0.0 drivers_injured, 0.0 drivers_killed, 0.0 passengers_injured, 0.0 passengers_killed, 0.0 pedestrian_injured, 0.0 pedestrian_killed, Fair (Day), EDSA before Mother Ignacia Quezon City",MMDA Road Safety Unit,,a3e24a4d-ec14-47a7-8539-82fdf560f194,2013-03-26,05:35:00,EDSA fronting Nepa-Q Mart Quezon City,0,0,0,0,0,0,0,0,0,0,2013-03-26 13:35,Property,14.64250808,121.038529,Rear-End
None,EDSA,None,None,"No Accident Factor, No Collision Stated (based on Police Blotter Book), 0.0 drivers_injured, 0.0 drivers_killed, 0.0 passengers_injured, 0.0 passengers_killed, 0.0 pedestrian_injured, 0.0 pedestrian_killed, Fair (Day), EDSA North Ave. Quezon City",MMDA Road Safety Unit,,006a5689-ef1a-4900-9ad3-b104e064aaeb,2013-03-26,00:00:00,"EDSA at ""U"" turn slot, fronting Nissan Quezon City",0,0,0,0,0,0,0,0,0,0,2013-03-26 8:00,Property,14.65553839,121.0299647,No Collision Stated
None,EDSA,None,None,"No Accident Factor, Hit and Run (Side Swipe), 0.0 drivers_injured, 0.0 drivers_killed, 0.0 passengers_injured, 0.0 passengers_killed, 0.0 pedestrian_injured, 0.0 pedestrian_killed, Fair (Night), EDSA fronting SM City-North EDSA Quezon City",MMDA Road Safety Unit,,2f7d53e7-0590-4c06-ac31-e518e4b5abdb,2013-03-25,10:30:00,EDSA Aurora Blvd. Quezon City,0,0,0,0,0,0,0,0,0,0,2013-03-25 18:30,Property,14.6565149,121.0265678,Side Swipe
None,EDSA,None,None,"No Accident Factor, No Collision Stated (based on Police Blotter Book), 0.0 drivers_injured, 0.0 drivers_killed, 0.0 passengers_injured, 0.0 passengers_killed, 0.0 pedestrian_injured, 0.0 pedestrian_killed, Fair (Day), EDSA fronting Lucena Bus Terminal Quezon City",MMDA Road Safety Unit,,c0af6d2e-1a36-4742-b60b-61b082c6d41e,2013-03-25,04:00:00,"EDSA Congressional Ave., Bgy. Bahay Toro Quezon City",0,0,0,0,0,0,0,0,0,0,2013-03-25 12:00,Property,14.63163983,121.0456475,No Collision Stated
None,EDSA,None,None,"No Accident Factor, Angle Impact, 0.0 drivers_injured, 0.0 drivers_killed, 0.0 passengers_injured, 0.0 passengers_killed, 0.0 pedestrian_injured, 0.0 pedestrian_killed, Fair (Night), EDSA Aurora Blvd., Cubao Quezon City",MMDA Road Safety Unit,,a134b42f-4662-4df6-bc36-b285ae8ddfa5,2013-03-24,21:30:00,EDSA South Ave. / Timog Ave. Quezon City,0,0,0,0,0,0,0,0,0,0,2013-03-25 5:30,Property,14.6218043,121.0502049,Angle Impact
None,EDSA,None,None,"No Accident Factor, No Collision Stated (based on Police Blotter Book), 0.0 drivers_injured, 0.0 drivers_killed, 0.0 passengers_injured, 0.0 passengers_killed, 0.0 pedestrian_injured, 0.0 pedestrian_killed, Fair (Night), EDSA before Main Ave. Quezon City",MMDA Road Safety Unit,,f2ff85ad-f757-4736-a72c-e713c7be1262,2013-03-24,20:30:00,"EDSA Misamis St., Bgy. Sto. Cristo Quezon City",0,0,0,0,0,0,0,0,0,0,2013-03-25 4:30,Property,14.61353129,121.0539169,No Collision Stated
None,EDSA,None,None,"No Accident Factor, No Collision Stated (based on Police Blotter Book), 0.0 drivers_injured, 0.0 drivers_killed, 0.0 passengers_injured, 0.0 passengers_killed, 0.0 pedestrian_injured, 0.0 pedestrian_killed, Fair (Day), EDSA fronting Police Station 10/OCPD Quezon City",MMDA Road Safety Unit,,d93ea5d6-f60d-4727-802c-ffb1d0b217e1,2013-03-24,06:55:00,EDSA fronting Quezon City Academy Quezon City,0,0,0,0,0,0,0,0,0,0,2013-03-24 14:55,Property,14.62999589,121.0462035,No Collision Stated
None,EDSA,None,None,"No Accident Factor, No Collision Stated (based on Police Blotter Book), 0.0 drivers_injured, 0.0 drivers_killed, 1.0 passengers_injured, 0.0 passengers_killed, 0.0 pedestrian_injured, 0.0 pedestrian_killed, Fair (Day), EDSA Aurora Blvd. Cubao Quezon City",MMDA Road Safety Unit,,68c6696a-63fd-4a4e-9325-a4787b5faa0f,2013-03-24,00:35:00,"EDSA fronting Balintawak Market, Bgy. Balingasa Quezon City",0,0,0,0,1,0,0,0,0,1,2013-03-24 8:35,Injury,14.62151658,121.0501092,No Collision Stated
None,EDSA,None,None,"No Accident Factor, No Collision Stated (based on Police Blotter Book), 0.0 drivers_injured, 0.0 drivers_killed, 0.0 passengers_injured, 0.0 passengers_killed, 0.0 pedestrian_injured, 0.0 pedestrian_killed, Fair (Night), EDSA Kaingin Road, Bgy. Apolonio Samson Quezon City",MMDA Road Safety Unit,,a823fe25-462d-4908-8d07-53fc420d32d9,2013-03-23,12:00:00,EDSA Misamis St. Quezon City,0,0,0,0,0,0,0,0,0,0,2013-03-23 20:00,Property,14.65746493,121.0109963,No Collision Stated
None,EDSA,None,None,"No Accident Factor, No Collision Stated (based on Police Blotter Book), 0.0 drivers_injured, 0.0 drivers_killed, 0.0 passengers_injured, 0.0 passengers_killed, 0.0 pedestrian_injured, 0.0 pedestrian_killed, Fair (Day), EDSA P. Tuazon Blvd. Quezon City",MMDA Road Safety Unit,,3ea93f5c-fa2c-470a-bbda-24fef8fc5e76,2013-03-23,09:15:00,"EDSA at ""U"" turn slot, fronting Iglesia ni Cristo Quezon City",0,0,0,0,0,0,0,0,0,0,2013-03-23 17:15,Property,14.61656342,121.0525225,No Collision Stated
None,EDSA,None,None,"No Accident Factor, No Collision Stated (based on Police Blotter Book), 0.0 drivers_injured, 0.0 drivers_killed, 0.0 passengers_injured, 0.0 passengers_killed, 0.0 pedestrian_injured, 0.0 pedestrian_killed, Fair (Day), EDSA West Ave. Quezon City",MMDA Road Safety Unit,,65f1bf28-fc1d-41b3-b116-b66eedf74494,2013-03-23,08:20:00,"EDSA Oliveros St., Bgy. Apolonio Samson Quezon City",0,0,0,0,0,0,0,0,0,0,2013-03-23 16:20,Property,14.65548924,121.0298079,No Collision Stated
None,EDSA,None,None,"No Accident Factor, No Collision Stated (based on Police Blotter Book), 0.0 drivers_injured, 0.0 drivers_killed, 0.0 passengers_injured, 0.0 passengers_killed, 0.0 pedestrian_injured, 0.0 pedestrian_killed, Fair (Day), EDSA Corregidor St. Quezon City",MMDA Road Safety Unit,,b7f7e58b-5e4b-4d9d-b014-92b26ed3e600,2013-03-23,08:10:00,"EDSA fronting Paramount Bldg., after West Ave. Quezon City",0,0,0,0,0,0,0,0,0,0,2013-03-23 16:10,Property,14.65707679,121.0241648,No Collision Stated
None,EDSA,None,None,"No Accident Factor, Hit and Run (Side Swipe), 0.0 drivers_injured, 0.0 drivers_killed, 0.0 passengers_injured, 0.0 passengers_killed, 0.0 pedestrian_injured, 0.0 pedestrian_killed, Fair (Day), EDSA before New York St., Bgy. E. Rodriguez Quezon City",MMDA Road Safety Unit,,7e5e554a-0114-4959-b47d-b1183db0f9bf,2013-03-23,07:30:00,"EDSA at ""U"" turn slot, Aurora Blvd. Quezon City",0,0,0,0,0,0,0,0,0,0,2013-03-23 15:30,Property,14.62587718,121.048035,Side Swipe
None,EDSA,None,None,"No Accident Factor, Angle Impact, 0.0 drivers_injured, 0.0 drivers_killed, 0.0 passengers_injured, 0.0 passengers_killed, 0.0 pedestrian_injured, 0.0 pedestrian_killed, Fair (Day), EDSA P. Tuazon Blvd. Quezon City",MMDA Road Safety Unit,,382a8ac0-9eaf-42f5-be3c-ecfb4471c2f1,2013-03-23,07:00:00,EDSA Col. Bonny Serrano Ave. (Santolan Road) Quezon City,0,0,0,0,0,0,0,0,0,0,2013-03-23 15:00,Property,14.61656342,121.0525225,Angle Impact
None,EDSA,None,None,"No Accident Factor, No Collision Stated (based on Police Blotter Book), 0.0 drivers_injured, 0.0 drivers_killed, 0.0 passengers_injured, 0.0 passengers_killed, 0.0 pedestrian_injured, 0.0 pedestrian_killed, Fair (Day), EDSA P. Tuazon Blvd. ""U"" turn slot Quezon City",MMDA Road Safety Unit,,08eebd4a-6e51-461a-9fe4-6a6f23f34946,2013-03-23,04:10:00,"EDSA Roosevelt Ave., Bgy. Katipu Quezon City",0,0,0,0,0,0,0,0,0,0,2013-03-23 12:10,Property,14.61656342,121.0525225,No Collision Stated
None,EDSA,None,None,"No Accident Factor, No Collision Stated (based on Police Blotter Book), 0.0 drivers_injured, 0.0 drivers_killed, 0.0 passengers_injured, 0.0 passengers_killed, 0.0 pedestrian_injured, 0.0 pedestrian_killed, Fair (Day), EDSA at ""U"" turn slot, before Bansalangin St., Bgy. Veterans Quezon City",MMDA Road Safety Unit,,cdcf916e-3091-4a73-a18b-7f5c8f59660c,2013-03-23,01:30:00,EDSA Kamias Road Quezon City,0,0,0,0,0,0,0,0,0,0,2013-03-23 9:30,Property,14.65692924,121.0241443,No Collision Stated
None,EDSA,None,None,"No Accident Factor, No Collision Stated (based on Police Blotter Book), 0.0 drivers_injured, 0.0 drivers_killed, 0.0 passengers_injured, 0.0 passengers_killed, 0.0 pedestrian_injured, 0.0 pedestrian_killed, Fair (Day), EDSA fronting Jam Liner Bus Terminal before Kamuning Road Quezon City",MMDA Road Safety Unit,,4336c6cd-3156-4fc7-acf7-2e25bb599ba1,2013-03-23,00:00:00,EDSA fronting Florida Bus Terminal Quezon City,0,0,0,0,0,0,0,0,0,0,2013-03-23 8:00,Property,14.63204393,121.0452216,No Collision Stated
None,EDSA,None,None,"No Accident Factor, No Collision Stated (based on Police Blotter Book), 0.0 drivers_injured, 0.0 drivers_killed, 0.0 passengers_injured, 0.0 passengers_killed, 0.0 pedestrian_injured, 0.0 pedestrian_killed, Fair (Day), EDSA Erwin Garcia St. Quezon City",MMDA Road Safety Unit,,0cd9fb81-709f-49dd-b810-ef6959f991d0,2013-03-22,00:00:00,"EDSA at ""U"" turn slot, South Ave. / Timog Ave. Quezon City",0,0,0,0,0,0,0,0,0,0,2013-03-22 8:00,Property,14.62758814,121.047487,No Collision Stated
None,EDSA,None,None,"No Accident Factor, No Collision Stated (based on Police Blotter Book), 0.0 drivers_injured, 0.0 drivers_killed, 0.0 passengers_injured, 0.0 passengers_killed, 0.0 pedestrian_injured, 0.0 pedestrian_killed, Fair (Night), EDSA MRT-North Avenue Station Quezon City",MMDA Road Safety Unit,,4df0a19e-416c-498d-b2ab-b5c8cae77bd8,2013-03-21,13:45:00,EDSA Aurora Blvd. Quezon City,0,0,0,0,0,0,0,0,0,0,2013-03-21 21:45,Property,14.65223956,121.0323125,No Collision Stated
None,EDSA,None,None,"No Accident Factor, Angle Impact, 0.0 drivers_injured, 0.0 drivers_killed, 0.0 passengers_injured, 0.0 passengers_killed, 0.0 pedestrian_injured, 0.0 pedestrian_killed, Fair (Day), EDSA Ortigas Ave. Quezon City",MMDA Road Safety Unit,,91f6fb8b-94f1-4fba-947c-fcb8ac12f24a,2013-03-21,04:00:00,EDSA South Ave. / Timog Ave. Quezon City,0,0,0,0,0,0,0,0,0,0,2013-03-21 12:00,Property,14.59335253,121.0584107,Angle Impact
None,EDSA,None,None,"No Accident Factor, Side Swipe, 0.0 drivers_injured, 0.0 drivers_killed, 0.0 passengers_injured, 0.0 passengers_killed, 0.0 pedestrian_injured, 0.0 pedestrian_killed, Fair (Day), EDSA before Misamis St., Bgy. Bagong Pag-asa Quezon City",MMDA Road Safety Unit,,766003fa-8cf0-40b9-bd41-e3b19d51b7ef,2013-03-21,02:30:00,"EDSA fronting Total Gas Station, Balintawak Quezon City",0,0,0,0,0,0,0,0,0,0,2013-03-21 10:30,Property,14.65601862,121.0287938,Side Swipe
None,EDSA,None,None,"No Accident Factor, Other (Guttered), 0.0 drivers_injured, 0.0 drivers_killed, 0.0 passengers_injured, 0.0 passengers_killed, 0.0 pedestrian_injured, 0.0 pedestrian_killed, Fair (Night), EDSA before Corregidor St. Quezon City",MMDA Road Safety Unit,,91ab2826-7962-400a-a4cb-67c4685b4691,2013-03-20,16:30:00,EDSA Quezon Ave. Quezon City,0,0,0,0,0,0,0,0,0,0,2013-03-21 0:30,Property,14.65699792,121.0244504,Self-Accident
None,EDSA,None,None,"No Accident Factor, Hit and Run (No Collision Stated), 0.0 drivers_injured, 0.0 drivers_killed, 0.0 passengers_injured, 0.0 passengers_killed, 0.0 pedestrian_injured, 0.0 pedestrian_killed, Fair (Day), EDSA North Ave., Bgy. North Triangle Quezon City",MMDA Road Safety Unit,,31d61800-22cb-4625-bf40-cd8c41fcf6d4,2013-03-20,01:00:00,EDSA Aurora Blvd. Quezon City,0,0,0,0,0,0,0,0,0,0,2013-03-20 9:00,Property,14.65553839,121.0299647,Angle Impact
None,EDSA,None,None,"No Accident Factor, Hit and Run (No Collision Stated), 0.0 drivers_injured, 0.0 drivers_killed, 0.0 passengers_injured, 0.0 passengers_killed, 0.0 pedestrian_injured, 0.0 pedestrian_killed, Fair (Day), EDSA Whiteplains Ave., Bgy. Ugong Norte Quezon City",MMDA Road Safety Unit,,a065a44e-ab10-4f2b-8852-5729a0620f8b,2013-03-19,23:00:00,EDSA Kamuning Road Quezon City,0,0,0,0,0,0,0,0,0,0,2013-03-20 7:00,Property,14.59961782,121.0596522,No Collision Stated
None,EDSA,None,None,"No Accident Factor, Side Swipe, 0.0 drivers_injured, 0.0 drivers_killed, 0.0 passengers_injured, 0.0 passengers_killed, 0.0 pedestrian_injured, 0.0 pedestrian_killed, Fair (Day), EDSA fronting Ermin Garcia Bus Stop, before Ermin Garcia St. (Minnesota), Cubao, Bgy. E. Rodriguez Quezon City",MMDA Road Safety Unit,,4dbe4793-edb7-4db2-92aa-a167e5d7ff7c,2013-03-19,22:45:00,EDSA fronting Victory Liner Terminal Quezon City,0,0,0,0,0,0,0,0,0,0,2013-03-20 6:45,Property,14.62752097,121.0473182,Side Swipe
None,EDSA,None,None,"No Accident Factor, No Collision Stated (based on Police Blotter Book), 0.0 drivers_injured, 0.0 drivers_killed, 0.0 passengers_injured, 0.0 passengers_killed, 0.0 pedestrian_injured, 0.0 pedestrian_killed, Fair (Day), EDSA before Quezon Ave., Bgy. West Triangle Quezon City",MMDA Road Safety Unit,,97a7a6e3-0584-41fd-9966-a0a6fde91461,2013-03-19,04:10:00,EDSA fronting Victory Liner Terminal Quezon City,0,0,0,0,0,0,0,0,0,0,2013-03-19 12:10,Property,14.64495676,121.0368618,Angle Impact
None,EDSA,None,None,"No Accident Factor, No Collision Stated (based on Police Blotter Book), 0.0 drivers_injured, 0.0 drivers_killed, 0.0 passengers_injured, 0.0 passengers_killed, 0.0 pedestrian_injured, 0.0 pedestrian_killed, Fair (Day), EDSA Kamias   Quezon City",MMDA Road Safety Unit,,d6bb03c5-ecab-40ca-85de-c7624eb12c37,2013-03-18,01:45:00,EDSA MRT-North Avenue Station Quezon City,0,0,0,0,0,0,0,0,0,0,2013-03-18 9:45,Property,14.63198493,121.0453142,No Collision Stated
None,EDSA,None,None,"No Accident Factor, No Collision Stated (based on Police Blotter Book), 0.0 drivers_injured, 0.0 drivers_killed, 0.0 passengers_injured, 0.0 passengers_killed, 0.0 pedestrian_injured, 0.0 pedestrian_killed, Fair (Day), EDSA Fronting R. Magsaysay High School Ermin Garcia St. Brgy. Pinagkaisahan Quezon City",MMDA Road Safety Unit,,8b5b38b5-daa7-49a5-b719-1514d921f1bc,2013-03-18,01:15:00,"EDSA before Kamias Road, Bgy. E. Rodriguez Quezon City",0,0,0,0,0,0,0,0,0,0,2013-03-18 9:15,Property,14.62778502,121.0471562,No Collision Stated
None,EDSA,None,None,"No Accident Factor, No Collision Stated (based on Police Blotter Book), 0.0 drivers_injured, 0.0 drivers_killed, 0.0 passengers_injured, 0.0 passengers_killed, 0.0 pedestrian_injured, 0.0 pedestrian_killed, Fair (Day), EDSA E. Lopez St. Bgy.South Triangle Quezon City",MMDA Road Safety Unit,,8a9b6fd6-206a-437b-b7d4-003b4b6bcf36,2013-03-18,01:00:00,EDSA Aurora Blvd. Quezon City,0,0,0,0,0,0,0,0,0,0,2013-03-18 9:00,Property,14.6396904,121.0403884,Angle Impact
None,EDSA,None,None,"No Accident Factor, No Collision Stated (based on Police Blotter Book), 0.0 drivers_injured, 0.0 drivers_killed, 0.0 passengers_injured, 0.0 passengers_killed, 0.0 pedestrian_injured, 0.0 pedestrian_killed, Fair (Day), EDSA North Ave., Bgy. Bagong Pag-asa Quezon City",MMDA Road Safety Unit,,6bc8dacb-b19d-4bb3-ab19-a0e6b35d7135,2013-03-17,23:45:00,"EDSA Aurora Blvd., Cubao Quezon City",0,0,0,0,0,0,0,0,0,0,2013-03-18 7:45,Property,14.65553839,121.0299647,No Collision Stated
None,EDSA,None,None,"No Accident Factor, No Collision Stated (based on Police Blotter Book), 0.0 drivers_injured, 0.0 drivers_killed, 0.0 passengers_injured, 0.0 passengers_killed, 0.0 pedestrian_injured, 0.0 pedestrian_killed, Fair (Day), EDSA North Ave. Quezon City",MMDA Road Safety Unit,,6b29ede2-48be-4d43-bc7d-355b5bc2f873,2013-03-17,08:35:00,"EDSA at ""U"" turn slot, fronting Jam Liner Bus Terminal, before Kamuning Road Quezon City",0,0,0,0,0,0,0,0,0,0,2013-03-17 16:35,Property,14.65553839,121.0299647,No Collision Stated
None,EDSA,None,None,"No Accident Factor, Hit and Run (Side Swipe), 0.0 drivers_injured, 0.0 drivers_killed, 0.0 passengers_injured, 0.0 passengers_killed, 0.0 pedestrian_injured, 0.0 pedestrian_killed, Fair (Day), EDSA fronting Genesis Bus Terminal, before New York St., Bgy. E. Rodriguez Quezon City",MMDA Road Safety Unit,,c70cc849-96d8-4d6c-a6d8-27feaac11099,2013-03-17,07:25:00,EDSA  fronting SM North Bgy.Bagong Pag-asa Quezon City,0,0,0,0,0,0,0,0,0,0,2013-03-17 15:25,Property,14.62560198,121.0482928,Side Swipe
None,EDSA,None,None,"No Accident Factor, No Collision Stated (based on Police Blotter Book), 0.0 drivers_injured, 0.0 drivers_killed, 0.0 passengers_injured, 0.0 passengers_killed, 0.0 pedestrian_injured, 0.0 pedestrian_killed, Fair (Night), EDSA Monte De Piedad St. Brgy. Immaculate Concepcion Quezon City",MMDA Road Safety Unit,,e7994e8b-c9da-46db-9ce8-0758bc855f0d,2013-03-16,13:30:00,EDSA North Ave. Bagong Pag-asa Quezon City,0,0,0,0,0,0,0,0,0,0,2013-03-16 21:30,Property,14.62346937,121.0491711,No Collision Stated
None,EDSA,None,None,"No Accident Factor, No Collision Stated (based on Police Blotter Book), 0.0 drivers_injured, 0.0 drivers_killed, 0.0 passengers_injured, 0.0 passengers_killed, 0.0 pedestrian_injured, 0.0 pedestrian_killed, Fair (Day), EDSA at ""U"" turn slot, before Waltermart Quezon City",MMDA Road Safety Unit,,5a71f54f-f3f0-496e-ac74-5c191719d439,2013-03-16,07:15:00,EDSA Main St. Quezon City,0,0,0,0,0,0,0,0,0,0,2013-03-16 15:15,Property,14.6572767,121.0226517,No Collision Stated
None,EDSA,None,None,"No Accident Factor, No Collision Stated (based on Police Blotter Book), 0.0 drivers_injured, 0.0 drivers_killed, 0.0 passengers_injured, 0.0 passengers_killed, 0.0 pedestrian_injured, 0.0 pedestrian_killed, Fair (Day), EDSA MRT-North Avenue Station Quezon City",MMDA Road Safety Unit,,9276da60-7da2-4eba-9724-aa0b5d6bf3b6,2013-03-16,03:45:00,EDSA Genesis Bus Terminal Quezon City,0,0,0,0,0,0,0,0,0,0,2013-03-16 11:45,Property,14.65223956,121.0323125,No Collision Stated
None,EDSA,None,None,"No Accident Factor, No Collision Stated (based on Police Blotter Book), 0.0 drivers_injured, 0.0 drivers_killed, 0.0 passengers_injured, 0.0 passengers_killed, 0.0 pedestrian_injured, 0.0 pedestrian_killed, Fair (Day), EDSA Kamias Road Quezon City",MMDA Road Safety Unit,,8245f84e-5bba-4791-9c18-adcc6f7f2e1d,2013-03-16,02:25:00,EDSA Aurora Blvd.  Quezon City,0,0,0,0,0,0,0,0,0,0,2013-03-16 10:25,Property,14.6309142,121.0459376,No Collision Stated
None,EDSA,None,None,"No Accident Factor, No Collision Stated (based on Police Blotter Book), 0.0 drivers_injured, 0.0 drivers_killed, 0.0 passengers_injured, 0.0 passengers_killed, 0.0 pedestrian_injured, 0.0 pedestrian_killed, Fair (Day), EDSA before Cloverleaf, Bgy. Ug Sigaw Quezon City",MMDA Road Safety Unit,,ab38db06-96e9-44a6-be81-5ba2c8cefdb8,2013-03-15,23:20:00,EDSA R. Magsaysay High Scholl Quezon City,0,0,0,0,0,0,0,0,0,0,2013-03-16 7:20,Property,14.65759408,121.0016834,No Collision Stated
None,EDSA,None,None,"No Accident Factor, Side Swipe, 0.0 drivers_injured, 0.0 drivers_killed, 0.0 passengers_injured, 0.0 passengers_killed, 0.0 pedestrian_injured, 0.0 pedestrian_killed, Fair (Night), EDSA fronting Baliwag Transit Bus Terminal, Bgy. E. Rodriguez Quezon City",MMDA Road Safety Unit,,5233e2b7-c144-4069-85a6-41cbab90e71e,2013-03-15,15:00:00,EDSA  Whiteplains Quezon City,0,0,0,0,0,0,0,0,0,0,2013-03-15 23:00,Property,14.62497658,121.0487035,Side Swipe
None,EDSA,None,None,"No Accident Factor, Hit and Run (No Collision Stated), 0.0 drivers_injured, 0.0 drivers_killed, 0.0 passengers_injured, 0.0 passengers_killed, 0.0 pedestrian_injured, 0.0 pedestrian_killed, Fair (Night), EDSA Paramount, Bgy. Phil-Am Quezon City",MMDA Road Safety Unit,,17a9d25b-f1cb-4465-94ed-89ebdff98cf6,2013-03-15,11:00:00,EDSA fronting Bus Bay SM North Mall Quezon City,0,0,0,0,0,0,0,0,0,0,2013-03-15 19:00,Property,14.6555967,121.0297922,No Collision Stated
None,EDSA,None,None,"No Accident Factor, Hit and Run (No Collision Stated), 0.0 drivers_injured, 0.0 drivers_killed, 0.0 passengers_injured, 0.0 passengers_killed, 0.0 pedestrian_injured, 0.0 pedestrian_killed, Fair (Day), EDSA Cloverleaf, Bgy. Ug Sigaw Quezon City",MMDA Road Safety Unit,,84254263-4511-42a5-ad36-75b8bbe35932,2013-03-14,06:30:00,EDSA West Ave. Bgy.Bungad Quezon City,0,0,0,0,0,0,0,0,0,0,2013-03-14 14:30,Property,14.65746606,120.9995951,No Collision Stated