LOCATION_TEXT,ROAD,WEATHER,LIGHT,DESC,REPORTING_AGENCY,MAIN_CAUSE,INCIDENTDETAILS_ID,DATE_UTC,TIME_UTC,ADDRESS,killed_driver,killed_passenger,killed_pedestrian,injured_driver,injured_passenger,injured_pedestrian,killed_uncategorized,injured_uncategorized,killed_total,injured_total,DATETIME_PST,SEVERITY,Y,X,COLLISION_TYPE
None,EDSA,None,None,"No Accident Factor, No Collision Stated (based on Police Blotter Book), 0.0 drivers_injured, 0.0 drivers_killed, 0.0 passengers_injured, 0.0 passengers_killed, 0.0 pedestrian_injured, 0.0 pedestrian_killed, Fair (Day), EDSA Kamias Road Quezon City",MMDA Road Safety Unit,,5b9750f2-0f15-4f4c-8d7e-780404792190,2013-03-14,05:05:00,EDSA North Ave. Quezon City,0,0,0,0,0,0,0,0,0,0,2013-03-14 13:05,Property,14.6309142,121.0459376,No Collision Stated
None,EDSA,None,None,"No Accident Factor, Side Swipe, 0.0 drivers_injured, 0.0 drivers_killed, 0.0 passengers_injured, 0.0 passengers_killed, 0.0 pedestrian_injured, 0.0 pedestrian_killed, Fair (Day), EDSA Nueva Viscaya St. Quezon City",MMDA Road Safety Unit,,81147c59-8784-453f-a144-fcdceb429e0e,2013-03-14,04:30:00,EDSA  fronting National Printing office Bgy.Pinyahan Quezon City,0,0,0,0,0,0,0,0,0,0,2013-03-14 12:30,Property,14.65665894,121.026062,Side Swipe
None,EDSA,None,None,"No Accident Factor, No Collision Stated (based on Police Blotter Book), 0.0 drivers_injured, 0.0 drivers_killed, 0.0 passengers_injured, 0.0 passengers_killed, 0.0 pedestrian_injured, 0.0 pedestrian_killed, Fair (Night), EDSA Congressional Ave. Quezon City",MMDA Road Safety Unit,,bb6e6a9e-d7c8-4cd3-ab86-266d5e25381c,2013-03-13,13:00:00,EDSA Congressional Ave. Bgy.R. Magsaysay Quezon City,0,0,0,0,0,0,0,0,0,0,2013-03-13 21:00,Property,14.6571804,120.9927185,No Collision Stated
None,EDSA,None,None,"No Accident Factor, Rear-end, 0.0 drivers_injured, 0.0 drivers_killed, 0.0 passengers_injured, 0.0 passengers_killed, 0.0 pedestrian_injured, 0.0 pedestrian_killed, Fair (Day), EDSA Ortigas Ave., Bgy. Ugong Norte Quezon City",MMDA Road Safety Unit,,f82e3f4d-8087-4bfa-9667-0481477a990d,2013-03-13,02:45:00,EDSA Cloverleaf Quezon City,0,0,0,0,0,0,0,0,0,0,2013-03-13 10:45,Property,14.59335253,121.0584107,Rear-End
None,EDSA,None,None,"No Accident Factor, Hit Object (Post-Steel, MMDA / Signage), 0.0 drivers_injured, 0.0 drivers_killed, 0.0 passengers_injured, 0.0 passengers_killed, 0.0 pedestrian_injured, 0.0 pedestrian_killed, Fair (Day), EDSA Gen. McArthur St., Bgy. Socorro Quezon City",MMDA Road Safety Unit,,bf7dfd5d-368f-40b2-a2e8-e2a5a7346378,2013-03-13,02:30:00,"EDSA Kamuning Road, Bgy. Sacred Heart Quezon City",0,0,0,0,0,0,0,0,0,0,2013-03-13 10:30,Property,14.61805145,121.0517604,Hit Object
None,EDSA,None,None,"No Accident Factor, No Collision Stated (based on Police Blotter Book), 0.0 drivers_injured, 0.0 drivers_killed, 0.0 passengers_injured, 0.0 passengers_killed, 0.0 pedestrian_injured, 0.0 pedestrian_killed, Fair (Day), EDSA Aurora Blvd. Quezon City",MMDA Road Safety Unit,,c496d5b0-f3c5-4fb7-87e9-620848504e32,2013-03-13,02:30:00,EDSA fronting Go Soc & Sons Quezon City,0,0,0,0,0,0,0,0,0,0,2013-03-13 10:30,Property,14.62163653,121.0501573,No Collision Stated
None,EDSA,None,None,"No Accident Factor, Hit and Run (No Collision Stated), 0.0 drivers_injured, 0.0 drivers_killed, 0.0 passengers_injured, 0.0 passengers_killed, 0.0 pedestrian_injured, 0.0 pedestrian_killed, Fair (Night), EDSA Kamias Road Quezon City",MMDA Road Safety Unit,,34c90b34-ea7b-45c0-b394-1d69aa4551ac,2013-03-12,13:00:00,EDSA  fronting Trinoma Mall Quezon City,0,0,0,0,0,0,0,0,0,0,2013-03-12 21:00,Property,14.6309142,121.0459376,No Collision Stated
None,EDSA,None,None,"No Accident Factor, No Collision Stated (based on Police Blotter Book), 0.0 drivers_injured, 0.0 drivers_killed, 0.0 passengers_injured, 0.0 passengers_killed, 0.0 pedestrian_injured, 0.0 pedestrian_killed, Fair (Day), EDSA Roosevelt Ave., Bgy. San Antonio Quezon City",MMDA Road Safety Unit,,1b6552fe-2272-4459-b12d-3362b8210e56,2013-03-12,02:40:00,EDSA Quezon Ave. S/B Quezon City,0,0,0,0,0,0,0,0,0,0,2013-03-12 10:40,Property,14.65762047,121.0196373,No Collision Stated
None,EDSA,None,None,"No Accident Factor, No Collision Stated (based on Police Blotter Book), 0.0 drivers_injured, 0.0 drivers_killed, 0.0 passengers_injured, 0.0 passengers_killed, 0.0 pedestrian_injured, 0.0 pedestrian_killed, Fair (Day), EDSA Congressional Ave., Bgy. Ramon Magsaysay Quezon City",MMDA Road Safety Unit,,6f1b2ba8-0846-407d-bc7a-b070d928c223,2013-03-11,23:50:00,EDSA before Congressional Ave. Quezon City,0,0,0,0,0,0,0,0,0,0,2013-03-12 7:50,Property,14.6571804,120.9927185,No Collision Stated
None,EDSA,None,None,"No Accident Factor, Hit and Run (No Collision Stated), 0.0 drivers_injured, 0.0 drivers_killed, 0.0 passengers_injured, 0.0 passengers_killed, 0.0 pedestrian_injured, 0.0 pedestrian_killed, Fair (Night), EDSA Aurora Blvd. Quezon City",MMDA Road Safety Unit,,1c1eb7af-7e5e-4716-8e84-fe38fb218d26,2013-03-11,12:40:00,EDSA Congressional Ave. Quezon City,0,0,0,0,0,0,0,0,0,0,2013-03-11 20:40,Property,14.62163653,121.0501573,No Collision Stated
None,EDSA,None,None,"No Accident Factor, Side Swipe, 0.0 drivers_injured, 0.0 drivers_killed, 0.0 passengers_injured, 0.0 passengers_killed, 0.0 pedestrian_injured, 0.0 pedestrian_killed, Fair (Night), EDSA North Ave. Quezon City",MMDA Road Safety Unit,,5b2ba59b-fb65-45e7-9db9-dcb28a6a245a,2013-03-11,12:00:00,EDSA Misamis St. Bgy.Sto.Cristo Quezon City,0,0,0,0,0,0,0,0,0,0,2013-03-11 20:00,Property,14.65553839,121.0299647,Side Swipe
None,EDSA,None,None,"No Accident Factor, No Collision Stated (based on Police Blotter Book), 0.0 drivers_injured, 0.0 drivers_killed, 0.0 passengers_injured, 0.0 passengers_killed, 0.0 pedestrian_injured, 0.0 pedestrian_killed, Fair (Day), EDSA fronting Balintawak Market, Bgy. Balingasa Quezon City",MMDA Road Safety Unit,,f738278d-2b09-4d4a-b149-37b88105ba0f,2013-03-11,08:30:00,EDSA fronting Go Soc & Sons Bldg. Quezon City,0,0,0,0,0,0,0,0,0,0,2013-03-11 16:30,Property,14.65736198,121.00264,No Collision Stated
None,EDSA,None,None,"No Accident Factor, No Collision Stated (based on Police Blotter Book), 0.0 drivers_injured, 0.0 drivers_killed, 0.0 passengers_injured, 0.0 passengers_killed, 0.0 pedestrian_injured, 0.0 pedestrian_killed, Fair (Day), EDSA GMA Network Drive, Bgy. West Triangle Quezon City",MMDA Road Safety Unit,,5452f201-afa8-426d-af16-96540dc23321,2013-03-11,05:30:00,EDSA  before Congressional Ave. Quezon City,0,0,0,0,0,0,0,0,0,0,2013-03-11 13:30,Property,14.63467214,121.0435714,Angle Impact
None,EDSA,None,None,"No Accident Factor, No Collision Stated (based on Police Blotter Book), 0.0 drivers_injured, 0.0 drivers_killed, 0.0 passengers_injured, 0.0 passengers_killed, 0.0 pedestrian_injured, 0.0 pedestrian_killed, Fair (Day), EDSA at ""U"" turn slot, Bansalangin St., Bgy. Veterans Quezon City",MMDA Road Safety Unit,,eb17db9b-455a-4351-afb2-a28cdc2a4bd8,2013-03-11,04:05:00,EDSA P. Tuazon Blvd. Quezon City,0,0,0,0,0,0,0,0,0,0,2013-03-11 12:05,Property,14.65692924,121.0241443,No Collision Stated
None,EDSA,None,None,"No Accident Factor, No Collision Stated (based on Police Blotter Book), 0.0 drivers_injured, 0.0 drivers_killed, 0.0 passengers_injured, 0.0 passengers_killed, 0.0 pedestrian_injured, 0.0 pedestrian_killed, Fair (Day), EDSA South Ave. / Timog Ave. Quezon City",MMDA Road Safety Unit,,72d88361-b8b5-4053-a370-ec87d95a1ef8,2013-03-11,02:35:00,EDSA West Ave. Quezon City,0,0,0,0,0,0,0,0,0,0,2013-03-11 10:35,Property,14.63257986,121.0449774,No Collision Stated
None,EDSA,None,None,"No Accident Factor, No Collision Stated (based on Police Blotter Book), 0.0 drivers_injured, 0.0 drivers_killed, 0.0 passengers_injured, 0.0 passengers_killed, 0.0 pedestrian_injured, 0.0 pedestrian_killed, Fair (Day), EDSA fronting ALPS Bus Terminal, Bgy. Pinagkaisahan Quezon City",MMDA Road Safety Unit,,575240ef-b955-4d86-9dcf-12fbcba337da,2013-03-11,00:15:00,EDSA  before Corregidor St. Bgy.Alicia Quezon City,0,0,0,0,0,0,0,0,0,0,2013-03-11 8:15,Property,14.62706927,121.0474842,No Collision Stated
None,EDSA,None,None,"No Accident Factor, Angle Impact, 0.0 drivers_injured, 0.0 drivers_killed, 0.0 passengers_injured, 0.0 passengers_killed, 0.0 pedestrian_injured, 0.0 pedestrian_killed, Fair (Night), EDSA P. Tuazon Blvd., Bgy. Socorro Quezon City",MMDA Road Safety Unit,,49a810d5-ca3a-41ff-87dc-a4bec04d73cf,2013-03-10,17:30:00,EDSA West Ave. Bgy.Bungad Quezon City,0,0,0,0,0,0,0,0,0,0,2013-03-11 1:30,Property,14.61656342,121.0525225,Angle Impact
None,EDSA,None,None,"No Accident Factor, No Collision Stated (based on Police Blotter Book), 0.0 drivers_injured, 0.0 drivers_killed, 0.0 passengers_injured, 0.0 passengers_killed, 0.0 pedestrian_injured, 0.0 pedestrian_killed, Fair (Night), EDSA East Ave. Quezon City",MMDA Road Safety Unit,,08829977-233e-46ad-82e0-bccd42a7e28b,2013-03-10,13:30:00,EDSA Misamis St. Sto.Cristo Quezon City,0,0,0,0,0,0,0,0,0,0,2013-03-10 21:30,Property,14.6328297,121.0451176,No Collision Stated
None,EDSA,None,None,"No Accident Factor, Rear-end, 0.0 drivers_injured, 0.0 drivers_killed, 0.0 passengers_injured, 0.0 passengers_killed, 0.0 pedestrian_injured, 0.0 pedestrian_killed, Fair (Night), EDSA Bansalangin St., Bgy. Veterans Quezon City",MMDA Road Safety Unit,,a4ae3d01-862f-4d50-bae5-80edaa604ba4,2013-03-10,12:05:00,EDSA fronting Dagupan Bus Terminal  Quezon City,0,0,0,0,0,0,0,0,0,0,2013-03-10 20:05,Property,14.6567996,121.0241845,Rear-End
None,EDSA,None,None,"No Accident Factor, No Collision Stated (based on Police Blotter Book), 0.0 drivers_injured, 0.0 drivers_killed, 0.0 passengers_injured, 0.0 passengers_killed, 0.0 pedestrian_injured, 0.0 pedestrian_killed, Fair (Day), EDSA Misamis St., Bgy. Sto. Cristo Quezon City",MMDA Road Safety Unit,,c5e2e32b-23a4-464d-8be9-881d50ead001,2013-03-10,06:00:00,EDSA  Quezon Ave. Bgy.West Triangle Quezon City,0,0,0,0,0,0,0,0,0,0,2013-03-10 14:00,Property,14.65602348,121.0285212,No Collision Stated
None,EDSA,None,None,"No Accident Factor, Side Swipe, 0.0 drivers_injured, 0.0 drivers_killed, 0.0 passengers_injured, 0.0 passengers_killed, 0.0 pedestrian_injured, 0.0 pedestrian_killed, Fair (Day), EDSA Congressional Ave., Bgy. Ramon Magsaysay Quezon City",MMDA Road Safety Unit,,00f857a2-9d30-45af-b083-eb53c0a56ba8,2013-03-09,02:00:00,EDSA fronting 7-11 before Congressional Ave. Bgy.R.Magsaysay Quezon City,0,0,0,0,0,0,0,0,0,0,2013-03-09 10:00,Property,14.6571804,120.9927185,Side Swipe
None,EDSA,None,None,"No Accident Factor, Rear-end, 0.0 drivers_injured, 1.0 drivers_killed, 0.0 passengers_injured, 0.0 passengers_killed, 0.0 pedestrian_injured, 0.0 pedestrian_killed, Fair (Day), EDSA Whiteplains Ave. Quezon City",MMDA Road Safety Unit,,55e05310-d8a1-465c-87d6-406296b0105a,2013-03-09,00:00:00,EDSA Congressional Ave. Bago Bantay Quezon City,1,0,0,0,0,0,0,0,1,0,2013-03-09 8:00,Fatal,14.59961782,121.0596522,Rear-End
None,EDSA,None,None,"No Accident Factor, No Collision Stated (based on Police Blotter Book), 0.0 drivers_injured, 0.0 drivers_killed, 0.0 passengers_injured, 0.0 passengers_killed, 0.0 pedestrian_injured, 0.0 pedestrian_killed, Fair (Day), EDSA Fronting JAC Liner Bus Terminal Brgy. Pinyahan Quezon City",MMDA Road Safety Unit,,13ef4002-6cca-46bc-81a8-050edb017b73,2013-03-08,04:45:00,EDSA Misamis St. Bagong Pag asa Quezon City,0,0,0,0,0,0,0,0,0,0,2013-03-08 12:45,Property,14.63206278,121.0454731,No Collision Stated
None,EDSA,None,None,"No Accident Factor, Angle Impact, 0.0 drivers_injured, 0.0 drivers_killed, 0.0 passengers_injured, 0.0 passengers_killed, 0.0 pedestrian_injured, 0.0 pedestrian_killed, Fair (Day), EDSA Ermin Garcia St. (Minnesota), Bgy. E. Rodriguez Quezon City",MMDA Road Safety Unit,,0919668a-a5f1-4a1a-a4e4-8bd9e3190745,2013-03-07,06:30:00,EDSA West Ave. Quezon City,0,0,0,0,0,0,0,0,0,0,2013-03-07 14:30,Property,14.62758814,121.047487,Angle Impact
None,EDSA,None,None,"No Accident Factor, No Collision Stated (based on Police Blotter Book), 0.0 drivers_injured, 0.0 drivers_killed, 0.0 passengers_injured, 0.0 passengers_killed, 0.0 pedestrian_injured, 0.0 pedestrian_killed, Fair (Day), EDSA North Ave. Quezon City",MMDA Road Safety Unit,,97fc61d5-6f9b-4a08-a7e7-25b3e58b4293,2013-03-06,09:45:00,EDSA Corregidor St. R.Magsaysay Quezon City,0,0,0,0,0,0,0,0,0,0,2013-03-06 17:45,Property,14.65553839,121.0299647,No Collision Stated
None,EDSA,None,None,"No Accident Factor, No Collision Stated (based on Police Blotter Book), 0.0 drivers_injured, 0.0 drivers_killed, 0.0 passengers_injured, 0.0 passengers_killed, 0.0 pedestrian_injured, 0.0 pedestrian_killed, Fair (Day), EDSA North Road Quezon City",MMDA Road Safety Unit,,372c01ef-7687-4591-9cf9-340b5dd1c330,2013-03-06,04:00:00,EDSA Roosevelt Ave. Quezon City,0,0,0,0,0,0,0,0,0,0,2013-03-06 12:00,Property,14.61444188,121.0532975,No Collision Stated
None,EDSA,None,None,"No Accident Factor, No Collision Stated (based on Police Blotter Book), 0.0 drivers_injured, 0.0 drivers_killed, 0.0 passengers_injured, 0.0 passengers_killed, 0.0 pedestrian_injured, 0.0 pedestrian_killed, Fair (Day), EDSA at ""U"" turn slot, fronting SM City-North EDSA (Annex Bldg.), Bgy. Bagong Pag-asa Quezon City",MMDA Road Safety Unit,,c6bc8dc8-5cb2-4a0f-914d-26a8d090cfc2,2013-03-05,23:15:00,EDSA SM North Loading Bay Quezon City,0,0,0,0,0,0,0,0,0,0,2013-03-06 7:15,Property,14.65634509,121.0266458,No Collision Stated
None,EDSA,None,None,"No Accident Factor, Rear-end, 0.0 drivers_injured, 0.0 drivers_killed, 0.0 passengers_injured, 0.0 passengers_killed, 0.0 pedestrian_injured, 0.0 pedestrian_killed, Fair (Night), EDSA Trinoma, North Ave., Bgy. Bagong Pag-asa Quezon City",MMDA Road Safety Unit,,6094b7d6-85e5-422d-872b-86c1302ef965,2013-03-05,21:40:00,EDSA Roosevelt Ave. Quezon City,0,0,0,0,0,0,0,0,0,0,2013-03-06 5:40,Property,14.65242607,121.0323133,Rear-End
None,EDSA,None,None,"No Accident Factor, Side Swipe, 1.0 drivers_injured, 0.0 drivers_killed, 0.0 passengers_injured, 0.0 passengers_killed, 0.0 pedestrian_injured, 0.0 pedestrian_killed, Fair (Night), EDSA Ortigas Ave. Quezon City",MMDA Road Safety Unit,,47045604-e5b9-43d0-82ea-65b397db8321,2013-03-05,12:15:00,EDSA fronting Trinoma Mall Quezon City,0,0,0,1,0,0,0,0,0,1,2013-03-05 20:15,Injury,14.59335253,121.0584107,Side Swipe
None,EDSA,None,None,"No Accident Factor, No Collision Stated (based on Police Blotter Book), 0.0 drivers_injured, 0.0 drivers_killed, 0.0 passengers_injured, 0.0 passengers_killed, 0.0 pedestrian_injured, 0.0 pedestrian_killed, Fair (Day), EDSA K - 3rd St.  Quezon City",MMDA Road Safety Unit,,cb81e42b-7d73-4729-a10c-3f0ecdf84f86,2013-03-05,07:00:00,EDSA  fronting Trinoma Mall before North Ave. Quezon City,0,0,0,0,0,0,0,0,0,0,2013-03-05 15:00,Property,14.62942357,121.0463854,No Collision Stated
None,EDSA,None,None,"No Accident Factor, No Collision Stated (based on Police Blotter Book), 0.0 drivers_injured, 0.0 drivers_killed, 0.0 passengers_injured, 0.0 passengers_killed, 0.0 pedestrian_injured, 0.0 pedestrian_killed, Fair (Day), EDSA Sct. Borromeo St. Brgy. South Triangle Quezon City",MMDA Road Safety Unit,,ab7714b0-403d-4d56-9167-cb4d318bd39a,2013-03-05,03:00:00,EDSA Mindanao Ave. Ext. B.Pag asa Quezon City,0,0,0,0,0,0,0,0,0,0,2013-03-05 11:00,Property,14.63715712,121.0419507,Angle Impact
None,EDSA,None,None,"No Accident Factor, Rear-end, 0.0 drivers_injured, 0.0 drivers_killed, 0.0 passengers_injured, 0.0 passengers_killed, 0.0 pedestrian_injured, 0.0 pedestrian_killed, Fair (Day), EDSA fronting Centris Quezon City",MMDA Road Safety Unit,,bd01b38b-162c-4e32-8f35-f8ee3db5137b,2013-03-05,02:00:00,EDSA before Mindanao Ave. ext. Quezon City,0,0,0,0,0,0,0,0,0,0,2013-03-05 10:00,Property,14.64337396,121.0382446,Rear-End
None,EDSA,None,None,"No Accident Factor, Side Swipe, 0.0 drivers_injured, 0.0 drivers_killed, 0.0 passengers_injured, 0.0 passengers_killed, 0.0 pedestrian_injured, 0.0 pedestrian_killed, Fair (Night), EDSA Col. Bonny Serrano Ave. (Santolan Road) Quezon City",MMDA Road Safety Unit,,c3bd8a09-cd35-4e70-ac6c-b0e4fec49c6b,2013-03-04,16:30:00,EDSA  Misamis St. Quezon City,0,0,0,0,0,0,0,0,0,0,2013-03-05 0:30,Property,14.61107337,121.0550705,Side Swipe
None,EDSA,None,None,"No Accident Factor, No Collision Stated (based on Police Blotter Book), 0.0 drivers_injured, 0.0 drivers_killed, 0.0 passengers_injured, 0.0 passengers_killed, 0.0 pedestrian_injured, 0.0 pedestrian_killed, Fair (Night), EDSA Mindanao Ave. Ext., Bgy. Bagong Pag-asa Quezon City",MMDA Road Safety Unit,,b20ea5d3-88f4-4d22-82b8-8899be3e1e76,2013-03-04,10:40:00,EDSA corner Main Avenue Quezon City,0,0,0,0,0,0,0,0,0,0,2013-03-04 18:40,Property,14.65052386,121.0335656,No Collision Stated
None,EDSA,None,None,"No Accident Factor, Side Swipe, 0.0 drivers_injured, 0.0 drivers_killed, 0.0 passengers_injured, 0.0 passengers_killed, 0.0 pedestrian_injured, 0.0 pedestrian_killed, Fair (Day), EDSA Misamis St., Bgy. Sto. Cristo Quezon City",MMDA Road Safety Unit,,d3a4a658-7577-4914-9dee-b35199f570d5,2013-03-04,06:00:00,EDSA Corregidor St. Magsaysay Quezon City,0,0,0,0,0,0,0,0,0,0,2013-03-04 14:00,Property,14.65602348,121.0285212,Side Swipe
None,EDSA,None,None,"No Accident Factor, No Collision Stated (based on Police Blotter Book), 0.0 drivers_injured, 0.0 drivers_killed, 0.0 passengers_injured, 0.0 passengers_killed, 0.0 pedestrian_injured, 0.0 pedestrian_killed, Fair (Day), EDSA fronting Waltermart Quezon City",MMDA Road Safety Unit,,aa01a32e-8193-4914-90d0-e4767493545c,2013-03-03,23:15:00,"EDSA fronting Corinthian Garden (NB), Brgy. Whiteplains Quezon City",0,0,0,0,0,0,0,0,0,0,2013-03-04 7:15,Property,14.65755908,121.0204569,No Collision Stated
None,EDSA,None,None,"No Accident Factor, Rear-end, 0.0 drivers_injured, 0.0 drivers_killed, 2.0 passengers_injured, 0.0 passengers_killed, 0.0 pedestrian_injured, 0.0 pedestrian_killed, Fair (Night), EDSA North Ave., Bgy. Bagong Pag-asa Quezon City",MMDA Road Safety Unit,,fa8a483f-7881-41b3-a7fb-4835d88eae59,2013-03-03,17:10:00,"EDSA corner Main Avenue, Socorro Quezon City",0,0,0,0,2,0,0,0,0,2,2013-03-04 1:10,Injury,14.65553839,121.0299647,Rear-End
None,EDSA,None,None,"No Accident Factor, No Collision Stated (based on Police Blotter Book), 0.0 drivers_injured, 0.0 drivers_killed, 0.0 passengers_injured, 0.0 passengers_killed, 0.0 pedestrian_injured, 0.0 pedestrian_killed, Fair (Night), EDSA Misamis St., Bgy. Sto. Cristo Quezon City",MMDA Road Safety Unit,,77f4f1b4-b744-4b97-9caf-8fca1af1aeae,2013-03-03,13:15:00,EDSA Lemon Square Bldg. Quezon City,0,0,0,0,0,0,0,0,0,0,2013-03-03 21:15,Property,14.65602348,121.0285212,No Collision Stated
None,EDSA,None,None,"No Accident Factor, No Collision Stated (based on Police Blotter Book), 0.0 drivers_injured, 0.0 drivers_killed, 0.0 passengers_injured, 0.0 passengers_killed, 0.0 pedestrian_injured, 0.0 pedestrian_killed, Fair (Day), EDSA at ""U"" turn slot, fronting Trinoma, Bgy. Phil-Am Quezon City",MMDA Road Safety Unit,,ad3ec4ed-f6a2-4d74-9b17-5c4a4df92ec0,2013-03-02,23:30:00,EDSA Misamis St. Quezon City,0,0,0,0,0,0,0,0,0,0,2013-03-03 7:30,Property,14.65361352,121.0313633,No Collision Stated
None,EDSA,None,None,"No Accident Factor, No Collision Stated (based on Police Blotter Book), 0.0 drivers_injured, 0.0 drivers_killed, 0.0 passengers_injured, 0.0 passengers_killed, 0.0 pedestrian_injured, 0.0 pedestrian_killed, Fair (Day), EDSA GMA Drive Brgy. South Triangle Quezon City",MMDA Road Safety Unit,,edbc71f8-94ef-4271-a1c3-3e2b4c686097,2013-03-02,23:20:00,"EDSA before Shell Gas Station near Main Avenue, Brgy. Socorro Quezon City",0,0,0,0,0,0,0,0,0,0,2013-03-03 7:20,Property,14.63467214,121.0435714,Angle Impact
None,EDSA,None,None,"No Accident Factor, No Collision Stated (based on Police Blotter Book), 0.0 drivers_injured, 0.0 drivers_killed, 0.0 passengers_injured, 0.0 passengers_killed, 0.0 pedestrian_injured, 0.0 pedestrian_killed, Fair (Night), EDSA before Bansalangin St. Quezon City",MMDA Road Safety Unit,,0c6911f0-2fbf-4087-a53c-5f53f04a51d8,2013-03-01,15:20:00,EDSA Roosevelt Ave. Quezon City,0,0,0,0,0,0,0,0,0,0,2013-03-01 23:20,Property,14.65688739,121.0239717,No Collision Stated
None,EDSA,None,None,"No Accident Factor, Side Swipe, 0.0 drivers_injured, 0.0 drivers_killed, 0.0 passengers_injured, 0.0 passengers_killed, 0.0 pedestrian_injured, 0.0 pedestrian_killed, Fair (Day), EDSA New York St., Bgy. E. Rodriguez Quezon City",MMDA Road Safety Unit,,c0671a8a-1cdf-42eb-ba5f-2c3bc6569423,2013-03-01,06:40:00,EDSA Nepa Q-Mart Quezon City,0,0,0,0,0,0,0,0,0,0,2013-03-01 14:40,Property,14.62568514,121.0482307,Side Swipe
None,EDSA,None,None,"No Accident Factor, Rear-end, 0.0 drivers_injured, 0.0 drivers_killed, 0.0 passengers_injured, 0.0 passengers_killed, 0.0 pedestrian_injured, 0.0 pedestrian_killed, Fair (Day), EDSA fronting Trinoma Mall, Bgy. Bagong Pag-asa Quezon City",MMDA Road Safety Unit,,bbe33743-a3ec-4ad2-b717-2d728b13f15f,2013-02-28,08:00:00,EDSA before Oliveros St. Bgy.A.Samson Quezon City,0,0,0,0,0,0,0,0,0,0,2013-02-28 16:00,Property,14.65249719,121.0322415,Rear-End
None,EDSA,None,None,"No Accident Factor, No Collision Stated (based on Police Blotter Book), 0.0 drivers_injured, 0.0 drivers_killed, 0.0 passengers_injured, 0.0 passengers_killed, 0.0 pedestrian_injured, 0.0 pedestrian_killed, Fair (Day), EDSA OP/UP Balintawak, Bgy. Balingasa Quezon City",MMDA Road Safety Unit,,f6b74887-4dfe-4dfc-adfb-d73ab6f82183,2013-02-28,07:00:00,"EDSA   near Mrt Kamuning Station,Brgy.Kamuning Quezon City",0,0,0,0,0,0,0,0,0,0,2013-02-28 15:00,Property,14.65736015,121.002298,No Collision Stated
None,EDSA,None,None,"No Accident Factor, Side Swipe, 0.0 drivers_injured, 0.0 drivers_killed, 0.0 passengers_injured, 0.0 passengers_killed, 0.0 pedestrian_injured, 0.0 pedestrian_killed, Fair (Night), EDSA Corregidor St., Bgy. Ramon Magsaysay Quezon City",MMDA Road Safety Unit,,7544f418-89a1-49e7-8784-7baede2fb6d5,2013-02-27,20:20:00,EDSA Roosevelt Ave. Quezon City,0,0,0,0,0,0,0,0,0,0,2013-02-28 4:20,Property,14.65707679,121.0241648,Side Swipe
None,EDSA,None,None,"No Accident Factor, No Collision Stated (based on Police Blotter Book), 0.0 drivers_injured, 0.0 drivers_killed, 0.0 passengers_injured, 0.0 passengers_killed, 0.0 pedestrian_injured, 0.0 pedestrian_killed, Fair (Day), EDSA North Ave. Quezon City",MMDA Road Safety Unit,,46066eca-94f2-42ff-b467-1c1dd5c0bcea,2013-02-27,09:45:00,EDSA   Fronting JAC liner Bus Terminal Quezon City,0,0,0,0,0,0,0,0,0,0,2013-02-27 17:45,Property,14.65553839,121.0299647,No Collision Stated
None,EDSA,None,None,"No Accident Factor, No Collision Stated (based on Police Blotter Book), 0.0 drivers_injured, 0.0 drivers_killed, 0.0 passengers_injured, 0.0 passengers_killed, 0.0 pedestrian_injured, 0.0 pedestrian_killed, Fair (Day), EDSA North Ave. Quezon City",MMDA Road Safety Unit,,aa0f257a-f47e-46af-82ff-f28d0b6a6265,2013-02-27,08:00:00,EDSA fronting INC before Alley I Bago Bantay Quezon City,0,0,0,0,0,0,0,0,0,0,2013-02-27 16:00,Property,14.65553839,121.0299647,No Collision Stated
None,EDSA,None,None,"No Accident Factor, No Collision Stated (based on Police Blotter Book), 0.0 drivers_injured, 0.0 drivers_killed, 0.0 passengers_injured, 0.0 passengers_killed, 0.0 pedestrian_injured, 0.0 pedestrian_killed, Fair (Day), EDSA Ortigas  Quezon City",MMDA Road Safety Unit,,c1f620ee-11bd-47e4-b819-9adf8548d29a,2013-02-27,06:30:00,EDSA Roosevelt Ave. Bgy.Katipu Quezon City,0,0,0,0,0,0,0,0,0,0,2013-02-27 14:30,Property,14.59331273,121.058664,No Collision Stated
None,EDSA,None,None,"No Accident Factor, Side Swipe, 0.0 drivers_injured, 0.0 drivers_killed, 0.0 passengers_injured, 0.0 passengers_killed, 0.0 pedestrian_injured, 0.0 pedestrian_killed, Fair (Day), EDSA Misamis St., Bgy. Sto. Cristo Quezon City",MMDA Road Safety Unit,,1660faee-8559-48f7-8a57-14b6f51c7822,2013-02-27,02:00:00,EDSA fronting Word of Hope Bldg. Quezon City,0,0,0,0,0,0,0,0,0,0,2013-02-27 10:00,Property,14.65602348,121.0285212,Side Swipe