LOCATION_TEXT,ROAD,WEATHER,LIGHT,DESC,REPORTING_AGENCY,MAIN_CAUSE,INCIDENTDETAILS_ID,DATE_UTC,TIME_UTC,ADDRESS,killed_driver,killed_passenger,killed_pedestrian,injured_driver,injured_passenger,injured_pedestrian,killed_uncategorized,injured_uncategorized,killed_total,injured_total,DATETIME_PST,SEVERITY,Y,X,COLLISION_TYPE
None,EDSA,None,None,"No Accident Factor, No Collision Stated (based on Police Blotter Book), 0.0 drivers_injured, 0.0 drivers_killed, 0.0 passengers_injured, 0.0 passengers_killed, 0.0 pedestrian_injured, 0.0 pedestrian_killed, Fair (Day), EDSA West Ave., Bgy. Bungad Quezon City",MMDA Road Safety Unit,,46747d7a-c6a9-46f9-be74-4d050fced0d8,2013-02-26,23:10:00,EDSA before Seminary Road Bgy.Bahay Toro Quezon City,0,0,0,0,0,0,0,0,0,0,2013-02-27 7:10,Property,14.65548924,121.0298079,No Collision Stated
None,EDSA,None,None,"No Accident Factor, No Collision Stated (based on Police Blotter Book), 0.0 drivers_injured, 0.0 drivers_killed, 0.0 passengers_injured, 0.0 passengers_killed, 0.0 pedestrian_injured, 0.0 pedestrian_killed, Fair (Day), EDSA at ""U"" turn slot, fronting Quezon City Academy Quezon City",MMDA Road Safety Unit,,610b18d8-d236-492d-90c0-d8dc37af6284,2013-02-26,05:25:00,EDSA Balintawak Market Bgy.A.Samson Quezon City,0,0,0,0,0,0,0,0,0,0,2013-02-26 13:25,Property,14.65648613,121.026125,No Collision Stated
None,EDSA,None,None,"No Accident Factor, No Collision Stated (based on Police Blotter Book), 0.0 drivers_injured, 0.0 drivers_killed, 0.0 passengers_injured, 0.0 passengers_killed, 0.0 pedestrian_injured, 0.0 pedestrian_killed, Fair (Day), EDSA West Ave. Quezon City",MMDA Road Safety Unit,,52c5f69b-e1d0-42ce-a3dc-505c1239edff,2013-02-25,23:00:00,EDSA  Roosevelt Ave. Quezon City,0,0,0,0,0,0,0,0,0,0,2013-02-26 7:00,Property,14.65548924,121.0298079,No Collision Stated
None,EDSA,None,None,"No Accident Factor, Rear-end, 0.0 drivers_injured, 0.0 drivers_killed, 0.0 passengers_injured, 0.0 passengers_killed, 0.0 pedestrian_injured, 0.0 pedestrian_killed, Fair (Night), EDSA OP/UP Balintawak Quezon City",MMDA Road Safety Unit,,b2f27ef8-4d76-464d-a276-13fd6b29035b,2013-02-25,21:00:00,EDSA Philam uturn slot Quezon City,0,0,0,0,0,0,0,0,0,0,2013-02-26 5:00,Property,14.65736015,121.002298,Rear-End
None,EDSA,None,None,"No Accident Factor, No Collision Stated (based on Police Blotter Book), 0.0 drivers_injured, 0.0 drivers_killed, 1.0 passengers_injured, 0.0 passengers_killed, 0.0 pedestrian_injured, 0.0 pedestrian_killed, Fair (Night), EDSA Scout BorromeoSt., Bgy South Triangle Quezon City",MMDA Road Safety Unit,,39bc34a9-9cd5-4582-bdf8-44e36c0793d8,2013-02-24,13:10:00,EDSA P. Tuazon Blvd. Quezon City,0,0,0,0,1,0,0,0,0,1,2013-02-24 21:10,Injury,14.63715712,121.0419507,Angle Impact
None,EDSA,None,None,"No Accident Factor, No Collision Stated (based on Police Blotter Book), 0.0 drivers_injured, 0.0 drivers_killed, 0.0 passengers_injured, 0.0 passengers_killed, 0.0 pedestrian_injured, 0.0 pedestrian_killed, Fair (Day), EDSA North Ave., Bgy. Pag-asa Quezon City",MMDA Road Safety Unit,,76a9a1da-560c-4912-ac59-b9353fdc3010,2013-02-24,06:30:00,EDSA West Ave. Quezon City,0,0,0,0,0,0,0,0,0,0,2013-02-24 14:30,Property,14.65553839,121.0299647,No Collision Stated
None,EDSA,None,None,"No Accident Factor, Side Swipe, 0.0 drivers_injured, 0.0 drivers_killed, 0.0 passengers_injured, 0.0 passengers_killed, 0.0 pedestrian_injured, 0.0 pedestrian_killed, Fair (Night), EDSA fronting Centris Mall, Bgy. Central Quezon City",MMDA Road Safety Unit,,7aed4c41-9e44-496b-b997-2eb860d9a029,2013-02-23,15:45:00,EDSA  fronting INC Church uturn slot Quezon City,0,0,0,0,0,0,0,0,0,0,2013-02-23 23:45,Property,14.64337396,121.0382446,Side Swipe
None,EDSA,None,None,"No Accident Factor, No Collision Stated (based on Police Blotter Book), 0.0 drivers_injured, 0.0 drivers_killed, 0.0 passengers_injured, 0.0 passengers_killed, 0.0 pedestrian_injured, 0.0 pedestrian_killed, Fair (Day), EDSA at ""U"" turn slot, fronting SM City-North EDSA, Bgy. Bagong Pag-asa Quezon City",MMDA Road Safety Unit,,aa8c2069-4b00-4e58-9059-3ac7502418b7,2013-02-23,08:15:00,EDSA Kamias Road Quezon City,0,0,0,0,0,0,0,0,0,0,2013-02-23 16:15,Property,14.65634509,121.0266458,No Collision Stated
None,EDSA,None,None,"No Accident Factor, No Collision Stated (based on Police Blotter Book), 1.0 drivers_injured, 0.0 drivers_killed, 1.0 passengers_injured, 0.0 passengers_killed, 0.0 pedestrian_injured, 0.0 pedestrian_killed, Fair (Day), EDSA at ""U"" turn slot, fronting SM City-North EDSA (Annex) Quezon City",MMDA Road Safety Unit,,2cdb020a-0cde-4463-8770-d09de70d3c13,2013-02-23,07:40:00,EDSA Quezon Ave. Bgy.Bagong Pag asa Quezon City,0,0,0,1,1,0,0,0,0,2,2013-02-23 15:40,Injury,14.65634509,121.0266458,No Collision Stated
None,EDSA,None,None,"No Accident Factor, No Collision Stated (based on Police Blotter Book), 0.0 drivers_injured, 0.0 drivers_killed, 0.0 passengers_injured, 0.0 passengers_killed, 0.0 pedestrian_injured, 0.0 pedestrian_killed, Fair (Day), EDSA Monte De Pieda Brgy. Immaculate Concepcion Quezon City",MMDA Road Safety Unit,,e8e9b425-3ec5-424e-8d5d-dbf02ebd34a8,2013-02-22,22:00:00,EDSA  Roosevelt Ave. Bgy.Veterans Quezon City,0,0,0,0,0,0,0,0,0,0,2013-02-23 6:00,Property,14.62346937,121.0491711,No Collision Stated
None,EDSA,None,None,"No Accident Factor, No Collision Stated (based on Police Blotter Book), 0.0 drivers_injured, 0.0 drivers_killed, 0.0 passengers_injured, 0.0 passengers_killed, 0.0 pedestrian_injured, 0.0 pedestrian_killed, Fair (Night), EDSA Approaching Ferrers Market Quezon City",MMDA Road Safety Unit,,617ddc88-7dc8-4706-815d-fd77a852d759,2013-02-22,15:10:00,EDSA West Ave. Quezon City,0,0,0,0,0,0,0,0,0,0,2013-02-22 23:10,Property,14.61973074,121.0509967,No Collision Stated
None,EDSA,None,None,"No Accident Factor, No Collision Stated (based on Police Blotter Book), 0.0 drivers_injured, 0.0 drivers_killed, 1.0 passengers_injured, 0.0 passengers_killed, 0.0 pedestrian_injured, 0.0 pedestrian_killed, Fair (Night), EDSA before Shell Gas Station, Bansalangin Quezon City",MMDA Road Safety Unit,,38456875-9e1d-4918-9a0c-e1c406715afc,2013-02-22,14:30:00,EDSA Bansalangin Bgy.Veteran Quezon City,0,0,0,0,1,0,0,0,0,1,2013-02-22 22:30,Injury,14.65681558,121.0240959,No Collision Stated
None,EDSA,None,None,"No Accident Factor, No Collision Stated (based on Police Blotter Book), 0.0 drivers_injured, 0.0 drivers_killed, 0.0 passengers_injured, 0.0 passengers_killed, 0.0 pedestrian_injured, 0.0 pedestrian_killed, Fair (Night), EDSA Panay Ave. Brgy. South Triangle Quezon City",MMDA Road Safety Unit,,4cdc2ba1-a70c-4732-92f9-9046e1dd3d23,2013-02-22,10:40:00,EDSA Bansalangin Bgy.Veteran Quezon City,0,0,0,0,0,0,0,0,0,0,2013-02-22 18:40,Property,14.64294686,121.0381076,Angle Impact
None,EDSA,None,None,"No Accident Factor, No Collision Stated (based on Police Blotter Book), 0.0 drivers_injured, 0.0 drivers_killed, 0.0 passengers_injured, 0.0 passengers_killed, 0.0 pedestrian_injured, 0.0 pedestrian_killed, Fair (Day), EDSA Nepa Q Mart Quezon City",MMDA Road Safety Unit,,47c8801b-2fce-4216-a224-0d5097e75afc,2013-02-22,03:20:00,EDSA Seminary Road Bgy.Bahay Toro Quezon City,0,0,0,0,0,0,0,0,0,0,2013-02-22 11:20,Property,14.62805361,121.0472521,No Collision Stated
None,EDSA,None,None,"No Accident Factor, No Collision Stated (based on Police Blotter Book), 0.0 drivers_injured, 0.0 drivers_killed, 0.0 passengers_injured, 0.0 passengers_killed, 0.0 pedestrian_injured, 0.0 pedestrian_killed, Fair (Night), EDSA fronting Iglesia ni Cristo, Bgy. Ramon Magsaysay Quezon City",MMDA Road Safety Unit,,efadb2f2-128a-40e2-848e-bc3548cdbd46,2013-02-21,16:45:00,EDSA fronting Corinthian Garden Quezon City,0,0,0,0,0,0,0,0,0,0,2013-02-22 0:45,Property,14.65749652,121.0222666,No Collision Stated
None,EDSA,None,None,"No Accident Factor, No Collision Stated (based on Police Blotter Book), 0.0 drivers_injured, 0.0 drivers_killed, 0.0 passengers_injured, 0.0 passengers_killed, 0.0 pedestrian_injured, 0.0 pedestrian_killed, Fair (Day), EDSA fronting PTT Gas Station Quezon City",MMDA Road Safety Unit,,afc0b91a-58c4-43ef-aef2-cf76ec58efc6,2013-02-21,09:30:00,EDSA West Ave. Quezon City,0,0,0,0,0,0,0,0,0,0,2013-02-21 17:30,Property,14.65711357,121.0227716,No Collision Stated
None,EDSA,None,None,"No Accident Factor, No Collision Stated (based on Police Blotter Book), 0.0 drivers_injured, 0.0 drivers_killed, 0.0 passengers_injured, 0.0 passengers_killed, 0.0 pedestrian_injured, 0.0 pedestrian_killed, Fair (Day), EDSA Santolan Quezon City",MMDA Road Safety Unit,,a41d275b-700f-4d98-9f75-da2602f61b9b,2013-02-21,02:30:00,EDSA Timog UTS (SB) Quezon City,0,0,0,0,0,0,0,0,0,0,2013-02-21 10:30,Property,14.6102736,121.0552175,No Collision Stated
None,EDSA,None,None,"No Accident Factor, No Collision Stated (based on Police Blotter Book), 0.0 drivers_injured, 0.0 drivers_killed, 0.0 passengers_injured, 0.0 passengers_killed, 0.0 pedestrian_injured, 0.0 pedestrian_killed, Fair (Day), EDSA fronting Iglesia ni Cristo, Bgy. Ramon Magsaysay Quezon City",MMDA Road Safety Unit,,47da7ee3-e068-486b-9c0e-50bfbe81dd5b,2013-02-21,00:30:00,EDSA P. Tuazon Blvd. Quezon City,0,0,0,0,0,0,0,0,0,0,2013-02-21 8:30,Property,14.65749652,121.0222666,No Collision Stated
None,EDSA,None,None,"No Accident Factor, No Collision Stated (based on Police Blotter Book), 0.0 drivers_injured, 0.0 drivers_killed, 0.0 passengers_injured, 0.0 passengers_killed, 0.0 pedestrian_injured, 0.0 pedestrian_killed, Fair (Day), EDSA Banahaw St. Cubao Quezon City",MMDA Road Safety Unit,,cc2c401b-6dfd-4360-a0e4-08e0adf1e0f8,2013-02-19,23:45:00,EDSA Roosevelt Ave. Quezon City,0,0,0,0,0,0,0,0,0,0,2013-02-20 7:45,Property,14.61797303,121.0516572,No Collision Stated
None,EDSA,None,None,"No Accident Factor, No Collision Stated (based on Police Blotter Book), 0.0 drivers_injured, 0.0 drivers_killed, 2.0 passengers_injured, 0.0 passengers_killed, 0.0 pedestrian_injured, 0.0 pedestrian_killed, Fair (Day), EDSA Fronting of Camp Crame Brgy. Bagong Lipu Quezon City",MMDA Road Safety Unit,,b7af7af2-0ffb-4bfd-bbdc-0de15d8ed532,2013-02-19,22:20:00,Edsa  Kaingin Road Quezon City,0,0,0,0,2,0,0,0,0,2,2013-02-20 6:20,Injury,14.60922686,121.0558553,No Collision Stated
None,EDSA,None,None,"No Accident Factor, No Collision Stated (based on Police Blotter Book), 0.0 drivers_injured, 0.0 drivers_killed, 0.0 passengers_injured, 0.0 passengers_killed, 0.0 pedestrian_injured, 0.0 pedestrian_killed, Fair (Night), EDSA at ""U"" turn slot, fronting SM, Bgy. Bagong Pag-asa Quezon City",MMDA Road Safety Unit,,18d71223-0856-4f12-8312-ba81bb8970ce,2013-02-19,12:50:00,EDSA Camp Aguinaldo Gate 3 Quezon City,0,0,0,0,0,0,0,0,0,0,2013-02-19 20:50,Property,14.65634509,121.0266458,No Collision Stated
None,EDSA,None,None,"No Accident Factor, Angle Impact, 0.0 drivers_injured, 0.0 drivers_killed, 0.0 passengers_injured, 0.0 passengers_killed, 0.0 pedestrian_injured, 0.0 pedestrian_killed, Fair (Day), EDSA Main Ave., Bgy. Socorro Quezon City",MMDA Road Safety Unit,,0607629f-259e-4396-8ce6-a48113c4a68b,2013-02-19,08:30:00,EDSA South Road Quezon City,0,0,0,0,0,0,0,0,0,0,2013-02-19 16:30,Property,14.61376458,121.0537933,Angle Impact
None,EDSA,None,None,"No Accident Factor, No Collision Stated (based on Police Blotter Book), 0.0 drivers_injured, 0.0 drivers_killed, 0.0 passengers_injured, 0.0 passengers_killed, 0.0 pedestrian_injured, 0.0 pedestrian_killed, Fair (Day), EDSA Timog Ave. Brgy. South Triangle  Quezon City",MMDA Road Safety Unit,,7822ce8d-a7da-4eca-b776-9e0b07bd5340,2013-02-19,02:30:00,Edsa  Congre. Ave. Quezon City,0,0,0,0,0,0,0,0,0,0,2013-02-19 10:30,Property,14.63293559,121.0446304,Angle Impact
None,EDSA,None,None,"No Accident Factor, No Collision Stated (based on Police Blotter Book), 0.0 drivers_injured, 0.0 drivers_killed, 0.0 passengers_injured, 0.0 passengers_killed, 0.0 pedestrian_injured, 0.0 pedestrian_killed, Fair (Day), EDSA before MRT-North Avenue Station Quezon City",MMDA Road Safety Unit,,b97a6a19-a412-4fb8-af1b-d9522d41dd16,2013-02-19,02:00:00,EDSA GMA Network Drive Quezon City,0,0,0,0,0,0,0,0,0,0,2013-02-19 10:00,Property,14.65238782,121.0320312,No Collision Stated
None,EDSA,None,None,"No Accident Factor, No Collision Stated (based on Police Blotter Book), 0.0 drivers_injured, 0.0 drivers_killed, 0.0 passengers_injured, 0.0 passengers_killed, 0.0 pedestrian_injured, 0.0 pedestrian_killed, Fair (Night), EDSA Misamis St., Bgy. Sto. Cristo Quezon City",MMDA Road Safety Unit,,1275c410-9a53-4b44-b738-d044b2601f1f,2013-02-18,13:00:00,EDSA Ortigas Ave. Quezon City,0,0,0,0,0,0,0,0,0,0,2013-02-18 21:00,Property,14.65602348,121.0285212,No Collision Stated
None,EDSA,None,None,"No Accident Factor, No Collision Stated (based on Police Blotter Book), 0.0 drivers_injured, 0.0 drivers_killed, 0.0 passengers_injured, 0.0 passengers_killed, 0.0 pedestrian_injured, 0.0 pedestrian_killed, Fair (Day), EDSA at ""U"" turn slot, before MRT-? Station Quezon City",MMDA Road Safety Unit,,794a88d2-bedc-4a5a-9d88-346f464ae888,2013-02-18,07:10:00,Edsa  Fronting Mc Donald s  Quezon Ave. Quezon City,0,0,0,0,0,0,0,0,0,0,2013-02-18 15:10,Property,14.65363063,121.0314062,No Collision Stated
None,EDSA,None,None,"No Accident Factor, No Collision Stated (based on Police Blotter Book), 0.0 drivers_injured, 0.0 drivers_killed, 0.0 passengers_injured, 0.0 passengers_killed, 0.0 pedestrian_injured, 0.0 pedestrian_killed, Fair (Day), EDSA Fronting MRT Santolan Station Brgy. Bagong Lipu ng Crame Quezon City",MMDA Road Safety Unit,,63494279-13fa-4e94-b177-8529150698d7,2013-02-18,02:45:00,Edsa  Fronting Landmark bldg. Mindanao Ave. Quezon City,0,0,0,0,0,0,0,0,0,0,2013-02-18 10:45,Property,14.60798984,121.0566126,No Collision Stated
None,EDSA,None,None,"No Accident Factor, Hit and Run (No Collision Stated), 0.0 drivers_injured, 0.0 drivers_killed, 0.0 passengers_injured, 0.0 passengers_killed, 0.0 pedestrian_injured, 0.0 pedestrian_killed, Fair (Night), EDSA North Ave., Bgy. Bagong Pag-asa Quezon City",MMDA Road Safety Unit,,7663dcd3-1728-4448-8a30-770033dc0b02,2013-02-16,15:00:00,Edsa  Fronting balintawak Market Brgy. Balingasa Quezon City,0,0,0,0,0,0,0,0,0,0,2013-02-16 23:00,Property,14.65553839,121.0299647,No Collision Stated
None,EDSA,None,None,"No Accident Factor, No Collision Stated (based on Police Blotter Book), 0.0 drivers_injured, 0.0 drivers_killed, 0.0 passengers_injured, 0.0 passengers_killed, 0.0 pedestrian_injured, 0.0 pedestrian_killed, Fair (Night), EDSA fronting Five Star Terminal Quezon City",MMDA Road Safety Unit,,24122a60-0005-4a2b-805e-f0cd36c5ef75,2013-02-16,11:45:00,Edsa  U Turn Slot Phil Am Hms. Quezon City,0,0,0,0,0,0,0,0,0,0,2013-02-16 19:45,Property,14.62380284,121.0492837,No Collision Stated
None,EDSA,None,None,"No Accident Factor, Side Swipe, 0.0 drivers_injured, 0.0 drivers_killed, 0.0 passengers_injured, 0.0 passengers_killed, 0.0 pedestrian_injured, 0.0 pedestrian_killed, Fair (Day), EDSA fronting Balintawak Market, Bgy. Bansalangin Quezon City",MMDA Road Safety Unit,,8214cab6-3bbe-42b6-9bcb-508fe861735f,2013-02-16,02:15:00,EDSA Banahaw St. Quezon City,0,0,0,0,0,0,0,0,0,0,2013-02-16 10:15,Property,14.65736198,121.00264,Side Swipe
None,EDSA,None,None,"No Accident Factor, No Collision Stated (based on Police Blotter Book), 0.0 drivers_injured, 0.0 drivers_killed, 1.0 passengers_injured, 0.0 passengers_killed, 0.0 pedestrian_injured, 0.0 pedestrian_killed, Fair (Night), EDSA fronting Iglesia ni Cristo, before Alley 1 Quezon City",MMDA Road Safety Unit,,69aa1c00-0470-4502-8b7c-73aee897155f,2013-02-15,11:30:00,Edsa  West Ave. Quezon City,0,0,0,0,1,0,0,0,0,1,2013-02-15 19:30,Injury,14.65749652,121.0222666,No Collision Stated
None,EDSA,None,None,"No Accident Factor, Side Swipe, 0.0 drivers_injured, 0.0 drivers_killed, 0.0 passengers_injured, 0.0 passengers_killed, 0.0 pedestrian_injured, 0.0 pedestrian_killed, Fair (Day), EDSA Col. Bonny Serrano Ave. (Santolan Road), Bgy. Socorro Quezon City",MMDA Road Safety Unit,,dea0978d-dd93-417e-b713-de6f412aef43,2013-02-15,06:30:00,Edsa  Fronting Mercury Drug Store Quezon City,0,0,0,0,0,0,0,0,0,0,2013-02-15 14:30,Property,14.61107337,121.0550705,Side Swipe
None,EDSA,None,None,"No Accident Factor, No Collision Stated (based on Police Blotter Book), 0.0 drivers_injured, 0.0 drivers_killed, 0.0 passengers_injured, 0.0 passengers_killed, 0.0 pedestrian_injured, 0.0 pedestrian_killed, Fair (Day), EDSA fronting Iglesia ni Cristo, Bgy. Sto. Cristo Quezon City",MMDA Road Safety Unit,,8c320d91-acd2-4e61-b7d9-8c6d814d9820,2013-02-14,01:45:00,Edsa  Quezon Ave. Quezon City,0,0,0,0,0,0,0,0,0,0,2013-02-14 9:45,Property,14.65749652,121.0222666,No Collision Stated
None,EDSA,None,None,"No Accident Factor, No Collision Stated (based on Police Blotter Book), 0.0 drivers_injured, 0.0 drivers_killed, 0.0 passengers_injured, 0.0 passengers_killed, 0.0 pedestrian_injured, 0.0 pedestrian_killed, Fair (Night), EDSA SM City-North EDSA, Bgy. Bagong Pag-asa Quezon City",MMDA Road Safety Unit,,c75fcbf1-e82f-4bdf-8522-29e89f594fa6,2013-02-13,13:30:00,Edsa  Balintawak U turn slot Quezon City,0,0,0,0,0,0,0,0,0,0,2013-02-13 21:30,Property,14.6563096,121.02741,No Collision Stated
None,EDSA,None,None,"No Accident Factor, No Collision Stated (based on Police Blotter Book), 0.0 drivers_injured, 0.0 drivers_killed, 0.0 passengers_injured, 0.0 passengers_killed, 0.0 pedestrian_injured, 0.0 pedestrian_killed, Fair (Day), EDSA after Congressional Ave. Quezon City",MMDA Road Safety Unit,,30d5bb5b-0f1e-4664-9588-ca52bca7c0e1,2013-02-13,05:30:00,Edsa  Quezon Ave. Quezon City,0,0,0,0,0,0,0,0,0,0,2013-02-13 13:30,Property,14.65779023,121.0192171,No Collision Stated
None,EDSA,None,None,"No Accident Factor, Rear-end, 0.0 drivers_injured, 0.0 drivers_killed, 0.0 passengers_injured, 0.0 passengers_killed, 0.0 pedestrian_injured, 0.0 pedestrian_killed, Fair (Night), EDSA fronting Robinson's Galleria, Ortigas Ave. Quezon City",MMDA Road Safety Unit,,73b42ad4-fd06-4522-aed8-931602796896,2013-02-11,16:25:00,Edsa  Quezon Ave. Quezon City,0,0,0,0,0,0,0,0,0,0,2013-02-12 0:25,Property,14.59213971,121.0582412,Rear-End
None,EDSA,None,None,"No Accident Factor, Side Swipe, 0.0 drivers_injured, 0.0 drivers_killed, 0.0 passengers_injured, 0.0 passengers_killed, 0.0 pedestrian_injured, 0.0 pedestrian_killed, Fair (Day), EDSA NIA Road, Bgy. Pinyahan Quezon City",MMDA Road Safety Unit,,e1fcdeb8-f286-4fc8-a7cd-33f348a2cb21,2013-02-11,08:35:00,Edsa  fronting Baliwag Bus Terminal  Quezon City,0,0,0,0,0,0,0,0,0,0,2013-02-11 16:35,Property,14.63727823,121.0421362,Side Swipe
None,EDSA,None,None,"No Accident Factor, No Collision Stated (based on Police Blotter Book), 0.0 drivers_injured, 0.0 drivers_killed, 0.0 passengers_injured, 0.0 passengers_killed, 0.0 pedestrian_injured, 0.0 pedestrian_killed, Fair (Day), EDSA before North Ave., Bgy. Bagong Pag-asa Quezon City",MMDA Road Safety Unit,,9ef0c7b0-5fbc-4790-a24a-3d47a858708d,2013-02-11,04:30:00,EDSA K-3rd St. Quezon City,0,0,0,0,0,0,0,0,0,0,2013-02-11 12:30,Property,14.65549338,121.0302966,No Collision Stated
None,EDSA,None,None,"No Accident Factor, No Collision Stated (based on Police Blotter Book), 0.0 drivers_injured, 0.0 drivers_killed, 0.0 passengers_injured, 0.0 passengers_killed, 0.0 pedestrian_injured, 0.0 pedestrian_killed, Fair (Night), EDSA fronting SM City-North EDSA's ""The Garden"", Bgy. Bagong Pag-asa Quezon City",MMDA Road Safety Unit,,e4b9253f-0b1f-43cc-ab8f-259fe9342e0b,2013-02-10,11:35:00,"EDSA P. Tuazon Blvd., Bgy. Socorro Quezon City",0,0,0,0,0,0,0,0,0,0,2013-02-10 19:35,Property,14.6565149,121.0265678,No Collision Stated
None,EDSA,None,None,"No Accident Factor, No Collision Stated (based on Police Blotter Book), 0.0 drivers_injured, 0.0 drivers_killed, 0.0 passengers_injured, 0.0 passengers_killed, 0.0 pedestrian_injured, 0.0 pedestrian_killed, Fair (Day), EDSA fronting Puregold, Bgy. Apolonio Samson Quezon City",MMDA Road Safety Unit,,51e892ae-7ae0-43ec-96ab-37818e7908db,2013-02-10,07:00:00,EDSA Col. B. Serrano Ave. Quezon City,0,0,0,0,0,0,0,0,0,0,2013-02-10 15:00,Property,14.65737009,121.0047555,No Collision Stated
None,EDSA,None,None,"No Accident Factor, No Collision Stated (based on Police Blotter Book), 0.0 drivers_injured, 0.0 drivers_killed, 0.0 passengers_injured, 0.0 passengers_killed, 0.0 pedestrian_injured, 0.0 pedestrian_killed, Fair (Day), EDSA North Ave., Bgy. Bagong Pag-asa Quezon City",MMDA Road Safety Unit,,d4d16144-f4f2-4977-96e8-40ec7591bc90,2013-02-10,06:45:00,Edsa  Fronting Walter Mart Quezon City,0,0,0,0,0,0,0,0,0,0,2013-02-10 14:45,Property,14.65553839,121.0299647,No Collision Stated
None,EDSA,None,None,"No Accident Factor, Rear-end, 0.0 drivers_injured, 0.0 drivers_killed, 0.0 passengers_injured, 0.0 passengers_killed, 0.0 pedestrian_injured, 0.0 pedestrian_killed, Fair (Night), EDSA before North Ave. Quezon City",MMDA Road Safety Unit,,92e13618-3266-4ca5-a24e-0731895d3ccb,2013-02-09,15:30:00,Edsa  Mindanao Ave. Bagong Pag Asa Quezon City,0,0,0,0,0,0,0,0,0,0,2013-02-09 23:30,Property,14.65549338,121.0302966,Rear-End
None,EDSA,None,None,"No Accident Factor, Side Swipe, 0.0 drivers_injured, 0.0 drivers_killed, 0.0 passengers_injured, 0.0 passengers_killed, 0.0 pedestrian_injured, 0.0 pedestrian_killed, Fair (Night), EDSA before gate of JAC Liner Bus Terminal, Kamias Road Quezon City",MMDA Road Safety Unit,,f25e8bec-e945-46f4-8354-fb340e4393d0,2013-02-09,13:00:00,EDSA  Santolan u turn slot Quezon City,0,0,0,0,0,0,0,0,0,0,2013-02-09 21:00,Property,14.63216517,121.0454231,Side Swipe
None,EDSA,None,None,"No Accident Factor, No Collision Stated (based on Police Blotter Book), 0.0 drivers_injured, 0.0 drivers_killed, 0.0 passengers_injured, 0.0 passengers_killed, 0.0 pedestrian_injured, 0.0 pedestrian_killed, Fair (Night), EDSA Seminary Road, Bgy. Bahay Toro Quezon City",MMDA Road Safety Unit,,1794ea29-ebe9-4532-9a86-b56b3609d217,2013-02-09,11:55:00,Edsa  Misamis St. Bagong Pag Asa Quezon City,0,0,0,0,0,0,0,0,0,0,2013-02-09 19:55,Property,14.65776066,121.0173978,No Collision Stated
None,EDSA,None,None,"No Accident Factor, Hit and Run (No Collision Stated), 0.0 drivers_injured, 0.0 drivers_killed, 0.0 passengers_injured, 0.0 passengers_killed, 0.0 pedestrian_injured, 0.0 pedestrian_killed, Fair (Night), EDSA fronting Camp Aguinaldo Quezon City",MMDA Road Safety Unit,,0d37aea3-1200-4288-936a-d5c2be647a50,2013-02-08,19:00:00,Edsa  Roosevelt Ave. Brgy. Katipu Quezon City,0,0,0,0,0,0,0,0,0,0,2013-02-09 3:00,Property,14.6074566,121.0567511,No Collision Stated
None,EDSA,None,None,"No Accident Factor, No Collision Stated (based on Police Blotter Book), 0.0 drivers_injured, 0.0 drivers_killed, 0.0 passengers_injured, 0.0 passengers_killed, 0.0 pedestrian_injured, 0.0 pedestrian_killed, Fair (Night), EDSA at ""U"" turn slot, fronting Trinoma, Bgy. Bagong Pag-asa Quezon City",MMDA Road Safety Unit,,b373ceb5-4898-4db1-b1c6-897f0282399d,2013-02-08,11:20:00,EDSA Arayat  Loading Bay Quezon City,0,0,0,0,0,0,0,0,0,0,2013-02-08 19:20,Property,14.65361352,121.0313633,No Collision Stated
None,EDSA,None,None,"No Accident Factor, No Collision Stated (based on Police Blotter Book), 0.0 drivers_injured, 0.0 drivers_killed, 0.0 passengers_injured, 0.0 passengers_killed, 0.0 pedestrian_injured, 0.0 pedestrian_killed, Fair (Day), EDSA P. Tuazon Blvd. Quezon City",MMDA Road Safety Unit,,490447ec-902b-4b47-a1d0-48c477714304,2013-02-08,01:40:00,EDSA  Camp Crame Main Gate Quezon City,0,0,0,0,0,0,0,0,0,0,2013-02-08 9:40,Property,14.61656342,121.0525225,No Collision Stated