LOCATION_TEXT,ROAD,WEATHER,LIGHT,DESC,REPORTING_AGENCY,MAIN_CAUSE,INCIDENTDETAILS_ID,DATE_UTC,TIME_UTC,ADDRESS,killed_driver,killed_passenger,killed_pedestrian,injured_driver,injured_passenger,injured_pedestrian,killed_uncategorized,injured_uncategorized,killed_total,injured_total,DATETIME_PST,SEVERITY,Y,X,COLLISION_TYPE
None,EDSA,None,None,"No Accident Factor, Hit and Run (No Collision Stated), 0.0 drivers_injured, 0.0 drivers_killed, 0.0 passengers_injured, 0.0 passengers_killed, 0.0 pedestrian_injured, 0.0 pedestrian_killed, Fair (Day), EDSA Panay Ave., Bgy. South Triangle Quezon City",MMDA Road Safety Unit,,f1ff490a-5456-4058-be32-c6583acc3a19,2013-02-08,01:00:00,EDSA Santolan Road Quezon City,0,0,0,0,0,0,0,0,0,0,2013-02-08 9:00,Property,14.64294686,121.0381076,Angle Impact
None,EDSA,None,None,"No Accident Factor, Rear-end, 0.0 drivers_injured, 0.0 drivers_killed, 0.0 passengers_injured, 0.0 passengers_killed, 0.0 pedestrian_injured, 0.0 pedestrian_killed, Fair (Day), EDSA fronting PNB, Bgy. Ramon Magsaysay Quezon City",MMDA Road Safety Unit,,e8343a3e-008c-4ea4-bf58-8735631778de,2013-02-08,00:30:00,Edsa  U Turn Slot Walter Mart Quezon City,0,0,0,0,0,0,0,0,0,0,2013-02-08 8:30,Property,14.65740448,121.0226524,Rear-End
None,EDSA,None,None,"No Accident Factor, No Collision Stated (based on Police Blotter Book), 0.0 drivers_injured, 0.0 drivers_killed, 0.0 passengers_injured, 0.0 passengers_killed, 0.0 pedestrian_injured, 0.0 pedestrian_killed, Fair (Night), EDSA Kamias Quezon City",MMDA Road Safety Unit,,1d83f575-f0c7-4957-9654-f0f47ea1162b,2013-02-07,14:30:00,EDSA before R. Magsaysay High School Quezon City,0,0,0,0,0,0,0,0,0,0,2013-02-07 22:30,Property,14.6309142,121.0459376,No Collision Stated
None,EDSA,None,None,"No Accident Factor, Hit and Run (No Collision Stated), 0.0 drivers_injured, 0.0 drivers_killed, 0.0 passengers_injured, 0.0 passengers_killed, 0.0 pedestrian_injured, 0.0 pedestrian_killed, Fair (Night), EDSA before Whiteplains Ave. Quezon City",MMDA Road Safety Unit,,0b7c5993-d68d-46c2-8928-088147db0ab9,2013-02-07,10:05:00,Edsa  Fronting SM Loading Bay Quezon City,0,0,0,0,0,0,0,0,0,0,2013-02-07 18:05,Property,14.59936087,121.0598067,No Collision Stated
None,EDSA,None,None,"No Accident Factor, Side Swipe, 0.0 drivers_injured, 0.0 drivers_killed, 0.0 passengers_injured, 0.0 passengers_killed, 0.0 pedestrian_injured, 0.0 pedestrian_killed, Fair (Day), EDSA Col. Bonny Serrano Ave. (Santolan Road), Bgy. Socorro Quezon City",MMDA Road Safety Unit,,d6b124e3-3342-47a2-9254-1e39fb95aa05,2013-02-07,03:10:00,Edsa  Fronting Poton Motors Brgy. R. Magsaysay Quezon City,0,0,0,0,0,0,0,0,0,0,2013-02-07 11:10,Property,14.61107337,121.0550705,Side Swipe
None,EDSA,None,None,"No Accident Factor, No Collision Stated (based on Police Blotter Book), 0.0 drivers_injured, 0.0 drivers_killed, 0.0 passengers_injured, 0.0 passengers_killed, 0.0 pedestrian_injured, 0.0 pedestrian_killed, Fair (Day), EDSA fronting Jam Liner Bus Terminal, in-between South Ave. / Timog Ave. and Kamuning Road (Loading Bay) Quezon City",MMDA Road Safety Unit,,c5ae3cf2-0409-4689-aa57-60f42bce41ee,2013-02-06,22:00:00,Edsa  west Ave.   Quezon City,0,0,0,0,0,0,0,0,0,0,2013-02-07 6:00,Property,14.63204393,121.0452216,No Collision Stated
None,EDSA,None,None,"No Accident Factor, No Collision Stated (based on Police Blotter Book), 0.0 drivers_injured, 0.0 drivers_killed, 0.0 passengers_injured, 0.0 passengers_killed, 0.0 pedestrian_injured, 0.0 pedestrian_killed, Fair (Day), EDSA at ""U"" turn slot, fronting Go Soc & Sons Bldg. Quezon City",MMDA Road Safety Unit,,578eb14b-315d-4dd1-9ef8-e61b74111482,2013-02-06,03:50:00,EDSA  Timog Ave. Quezon City,0,0,0,0,0,0,0,0,0,0,2013-02-06 11:50,Property,14.65759022,121.0143219,No Collision Stated
None,EDSA,None,None,"No Accident Factor, No Collision Stated (based on Police Blotter Book), 0.0 drivers_injured, 0.0 drivers_killed, 0.0 passengers_injured, 0.0 passengers_killed, 0.0 pedestrian_injured, 0.0 pedestrian_killed, Fair (Night), EDSA before Roosevelt Ave. Quezon City",MMDA Road Safety Unit,,313bd833-3f1f-4aed-a73e-97064caacfaa,2013-02-04,15:00:00,EDSA Aurora Blvd. Quezon City,0,0,0,0,0,0,0,0,0,0,2013-02-04 23:00,Property,14.65759772,121.0193792,No Collision Stated
None,EDSA,None,None,"No Accident Factor, No Collision Stated (based on Police Blotter Book), 0.0 drivers_injured, 0.0 drivers_killed, 0.0 passengers_injured, 0.0 passengers_killed, 0.0 pedestrian_injured, 0.0 pedestrian_killed, Fair (Night), EDSA before Iglesia ni Cristo, Bgy. Ramon Magsaysay Quezon City",MMDA Road Safety Unit,,8a47f8a4-23aa-4838-9ba1-2fd3276ca164,2013-02-04,11:30:00,EDSA  Santolan u turn slot Quezon City,0,0,0,0,0,0,0,0,0,0,2013-02-04 19:30,Property,14.65737573,121.0227671,No Collision Stated
None,EDSA,None,None,"No Accident Factor, No Collision Stated (based on Police Blotter Book), 0.0 drivers_injured, 0.0 drivers_killed, 0.0 passengers_injured, 0.0 passengers_killed, 0.0 pedestrian_injured, 0.0 pedestrian_killed, Fair (Day), EDSA North Ave., Bgy. Bagong Pag-asa Quezon City",MMDA Road Safety Unit,,2f3f98c4-45cc-409e-a46b-a7163a76b430,2013-02-04,06:15:00,Edsa Congre. Ave. Brgy. Bahay Toro Quezon City,0,0,0,0,0,0,0,0,0,0,2013-02-04 14:15,Property,14.65553839,121.0299647,No Collision Stated
None,EDSA,None,None,"No Accident Factor, No Collision Stated (based on Police Blotter Book), 0.0 drivers_injured, 0.0 drivers_killed, 0.0 passengers_injured, 0.0 passengers_killed, 0.0 pedestrian_injured, 0.0 pedestrian_killed, Fair (Day), EDSA New York St., Sgt. Catolos St. Quezon City",MMDA Road Safety Unit,,0f0abfe4-29f3-4c27-885b-7d69df7a429f,2013-02-04,00:15:00,Edsa    Blintawakl Market Quezon City,0,0,0,0,0,0,0,0,0,0,2013-02-04 8:15,Property,14.62568514,121.0482307,No Collision Stated
None,EDSA,None,None,"No Accident Factor, No Collision Stated (based on Police Blotter Book), 0.0 drivers_injured, 0.0 drivers_killed, 0.0 passengers_injured, 0.0 passengers_killed, 0.0 pedestrian_injured, 0.0 pedestrian_killed, Fair (Day), EDSA fronting Jam Liner Bus Terminal Quezon City",MMDA Road Safety Unit,,b16bb075-4bbf-495c-b8e2-da2e4a879606,2013-02-04,00:00:00,Edsa  Misamis St. Sto. Cristo Quezon City,0,0,0,0,0,0,0,0,0,0,2013-02-04 8:00,Property,14.63204393,121.0452216,No Collision Stated
None,EDSA,None,None,"No Accident Factor, No Collision Stated (based on Police Blotter Book), 0.0 drivers_injured, 0.0 drivers_killed, 0.0 passengers_injured, 0.0 passengers_killed, 0.0 pedestrian_injured, 0.0 pedestrian_killed, Fair (Day), EDSA at ""U"" turn slot, before West Ave., Bgy. Phil-Am Quezon City",MMDA Road Safety Unit,,d171d0f6-b491-4b02-b1f3-8fb5acb23c3d,2013-02-03,23:45:00,Edsa  Fronting SM Annex Bldg. Quezon City,0,0,0,0,0,0,0,0,0,0,2013-02-04 7:45,Property,14.65559745,121.0298807,No Collision Stated
None,EDSA,None,None,"No Accident Factor, No Collision Stated (based on Police Blotter Book), 0.0 drivers_injured, 0.0 drivers_killed, 0.0 passengers_injured, 0.0 passengers_killed, 0.0 pedestrian_injured, 0.0 pedestrian_killed, Fair (Day), EDSA South Ave. / Timog Ave. Quezon City",MMDA Road Safety Unit,,3e3a73b4-2b58-4808-87f2-c04a5cd7c0f8,2013-02-03,22:15:00,EDSA  Timog Ave. Quezon City,0,0,0,0,0,0,0,0,0,0,2013-02-04 6:15,Property,14.63257986,121.0449774,No Collision Stated
None,EDSA,None,None,"No Accident Factor, No Collision Stated (based on Police Blotter Book), 0.0 drivers_injured, 0.0 drivers_killed, 0.0 passengers_injured, 0.0 passengers_killed, 0.0 pedestrian_injured, 0.0 pedestrian_killed, Fair (Day), EDSA at ""U"" turn slot, before West Ave., Bgy. Phil-Am Quezon City",MMDA Road Safety Unit,,655825b8-655e-403f-9c99-e856c21a5fdc,2013-02-03,07:45:00,EDSA  Whiteplains Subd. Quezon City,0,0,0,0,0,0,0,0,0,0,2013-02-03 15:45,Property,14.65559745,121.0298807,No Collision Stated
None,EDSA,None,None,"No Accident Factor, Side Swipe, 0.0 drivers_injured, 0.0 drivers_killed, 0.0 passengers_injured, 0.0 passengers_killed, 0.0 pedestrian_injured, 0.0 pedestrian_killed, Fair (Day), EDSA fronting Baliwag Transit Bus Terminal Quezon City",MMDA Road Safety Unit,,c168bb83-202f-4ef2-8f42-81823af0f520,2013-02-03,07:30:00,EDSA P. Tuazon Blvd. Quezon City,0,0,0,0,0,0,0,0,0,0,2013-02-03 15:30,Property,14.62497658,121.0487035,Side Swipe
None,EDSA,None,None,"No Accident Factor, Hit and Run (Side Swipe), 0.0 drivers_injured, 0.0 drivers_killed, 0.0 passengers_injured, 0.0 passengers_killed, 0.0 pedestrian_injured, 0.0 pedestrian_killed, Fair (Night), EDSA Aurora Blvd., Cubao Quezon City",MMDA Road Safety Unit,,ac965785-3b27-4830-b6a4-8a24241ffdc3,2013-02-02,21:30:00,EDSA Fronting Word of Hope Bgy. Bungad Quezon City,0,0,0,0,0,0,0,0,0,0,2013-02-03 5:30,Property,14.6218043,121.0502049,Side Swipe
None,EDSA,None,None,"No Accident Factor, No Collision Stated (based on Police Blotter Book), 0.0 drivers_injured, 0.0 drivers_killed, 0.0 passengers_injured, 0.0 passengers_killed, 0.0 pedestrian_injured, 0.0 pedestrian_killed, Fair (Night), EDSA fronting Jackman Emporium, Bgy. Ramon Magsaysay Quezon City",MMDA Road Safety Unit,,4b83f5e1-83f1-4eb6-8c8f-b6519de6351c,2013-02-02,11:30:00,EDSA Roosevelt Ave. Quezon City,0,0,0,0,0,0,0,0,0,0,2013-02-02 19:30,Property,14.65772869,121.0211666,No Collision Stated
None,EDSA,None,None,"No Accident Factor, No Collision Stated (based on Police Blotter Book), 0.0 drivers_injured, 0.0 drivers_killed, 0.0 passengers_injured, 0.0 passengers_killed, 0.0 pedestrian_injured, 0.0 pedestrian_killed, Fair (Night), EDSA at ""U"" turn slot, fronting Trinoma Quezon City",MMDA Road Safety Unit,,bea43bcf-8dfe-45c6-aff9-e079ce1bfd3c,2013-02-02,10:30:00,EDSA Fronting Trinoma Mall near North Ave. Quezon City,0,0,0,0,0,0,0,0,0,0,2013-02-02 18:30,Property,14.65361352,121.0313633,No Collision Stated
None,EDSA,None,None,"No Accident Factor, No Collision Stated (based on Police Blotter Book), 0.0 drivers_injured, 0.0 drivers_killed, 0.0 passengers_injured, 0.0 passengers_killed, 0.0 pedestrian_injured, 0.0 pedestrian_killed, Fair (Day), EDSA Aurora Blvd., Cubao Quezon City",MMDA Road Safety Unit,,edc57279-6ad5-4924-a2ba-9e99e43941cd,2013-02-02,07:40:00,Edsa    New york st.   Quezon City,0,0,0,0,0,0,0,0,0,0,2013-02-02 15:40,Property,14.6218043,121.0502049,No Collision Stated
None,EDSA,None,None,"No Accident Factor, No Collision Stated (based on Police Blotter Book), 0.0 drivers_injured, 0.0 drivers_killed, 0.0 passengers_injured, 0.0 passengers_killed, 0.0 pedestrian_injured, 0.0 pedestrian_killed, Fair (Day), EDSA Panay Ave., Bgy. South Triangle Quezon City",MMDA Road Safety Unit,,9f661981-c97b-4833-8fa1-386fee564346,2013-02-02,05:30:00,"EDSA Mindanao Ave., Bgy. Bagong Pag-Asa Quezon City",0,0,0,0,0,0,0,0,0,0,2013-02-02 13:30,Property,14.64294686,121.0381076,Angle Impact
None,EDSA,None,None,"No Accident Factor, No Collision Stated (based on Police Blotter Book), 0.0 drivers_injured, 0.0 drivers_killed, 0.0 passengers_injured, 0.0 passengers_killed, 0.0 pedestrian_injured, 0.0 pedestrian_killed, Fair (Day), EDSA West Ave. Quezon City",MMDA Road Safety Unit,,87f05692-a419-47f4-82bd-cc56a62b02e6,2013-02-02,03:45:00,EDSA Fronting SM North Entrance gate Bgy. Sto. Cristo Quezon City,0,0,0,0,0,0,0,0,0,0,2013-02-02 11:45,Property,14.65548924,121.0298079,No Collision Stated
None,EDSA,None,None,"No Accident Factor, No Collision Stated (based on Police Blotter Book), 0.0 drivers_injured, 0.0 drivers_killed, 0.0 passengers_injured, 0.0 passengers_killed, 0.0 pedestrian_injured, 0.0 pedestrian_killed, Fair (Day), EDSA Quezon Ave., Bgy. Bagong Pag-asa Quezon City",MMDA Road Safety Unit,,66d5fce0-6491-4e36-a60a-232b3e6199a3,2013-02-01,23:00:00,EDSA  Kamias Road Quezon City,0,0,0,0,0,0,0,0,0,0,2013-02-02 7:00,Property,14.6442444,121.0375839,No Collision Stated
None,EDSA,None,None,"No Accident Factor, No Collision Stated (based on Police Blotter Book), 0.0 drivers_injured, 0.0 drivers_killed, 0.0 passengers_injured, 0.0 passengers_killed, 0.0 pedestrian_injured, 0.0 pedestrian_killed, Fair (Night), EDSA fronting Waltermart Quezon City",MMDA Road Safety Unit,,1951d139-87f0-4fc2-b597-68cbc69b8b6e,2013-02-01,13:45:00,EDSA Bansalangin St.   Quezon City,0,0,0,0,0,0,0,0,0,0,2013-02-01 21:45,Property,14.65755908,121.0204569,No Collision Stated
None,EDSA,None,None,"No Accident Factor, No Collision Stated (based on Police Blotter Book), 0.0 drivers_injured, 0.0 drivers_killed, 0.0 passengers_injured, 0.0 passengers_killed, 0.0 pedestrian_injured, 0.0 pedestrian_killed, Fair (Night), EDSA North Ave. Quezon City",MMDA Road Safety Unit,,fa812918-9d86-4ac5-9a9d-d98be9cb975e,2013-02-01,12:00:00,EDSA Fronting PTT Gas Station after Roosevelt Quezon City,0,0,0,0,0,0,0,0,0,0,2013-02-01 20:00,Property,14.65553839,121.0299647,No Collision Stated
None,EDSA,None,None,"No Accident Factor, No Collision Stated (based on Police Blotter Book), 0.0 drivers_injured, 0.0 drivers_killed, 0.0 passengers_injured, 0.0 passengers_killed, 0.0 pedestrian_injured, 0.0 pedestrian_killed, Fair (Day), EDSA North Ave. Quezon City",MMDA Road Safety Unit,,46ef315f-800e-4e91-b719-d9c16d6fbb7a,2013-02-01,06:15:00,EDSA U Turn Slot MRT North Station Quezon City,0,0,0,0,0,0,0,0,0,0,2013-02-01 14:15,Property,14.65553839,121.0299647,No Collision Stated
None,EDSA,None,None,"No Accident Factor, Side Swipe, 0.0 drivers_injured, 0.0 drivers_killed, 0.0 passengers_injured, 0.0 passengers_killed, 0.0 pedestrian_injured, 0.0 pedestrian_killed, Fair (Day), EDSA GMA Network Drive Quezon City",MMDA Road Safety Unit,,1fb97858-3847-4164-a98b-c0f6b134fb13,2013-02-01,00:35:00,"Edsa fronting Camp Aguinaldo, after White Plains Ave. Quezon City",0,0,0,0,0,0,0,0,0,0,2013-02-01 8:35,Property,14.63467214,121.0435714,Side Swipe
None,EDSA,None,None,"No Accident Factor, No Collision Stated (based on Police Blotter Book), 0.0 drivers_injured, 0.0 drivers_killed, 0.0 passengers_injured, 0.0 passengers_killed, 0.0 pedestrian_injured, 0.0 pedestrian_killed, Fair (Day), EDSA at ""U"" turn slot, before Trinoma Quezon City",MMDA Road Safety Unit,,9819b362-e23d-4cfc-853a-fcac053affe1,2013-01-31,08:45:00,"Edsa fronting Camp Aguinaldo,before Gate 5 Quezon City",0,0,0,0,0,0,0,0,0,0,2013-01-31 16:45,Property,14.65363063,121.0314062,No Collision Stated
None,EDSA,None,None,"No Accident Factor, No Collision Stated (based on Police Blotter Book), 1.0 drivers_injured, 0.0 drivers_killed, 0.0 passengers_injured, 0.0 passengers_killed, 0.0 pedestrian_injured, 0.0 pedestrian_killed, Fair (Day), EDSA at ""U"" turn slot, before Quezon City Academy Quezon City",MMDA Road Safety Unit,,780b5553-7198-4b6f-bb91-ddc63d1e421c,2013-01-31,06:00:00,Edsa    Victory Liner Bus Terminal Quezon City,0,0,0,1,0,0,0,0,0,1,2013-01-31 14:00,Injury,14.65655735,121.0260654,No Collision Stated
None,EDSA,None,None,"No Accident Factor, No Collision Stated (based on Police Blotter Book), 0.0 drivers_injured, 0.0 drivers_killed, 0.0 passengers_injured, 0.0 passengers_killed, 0.0 pedestrian_injured, 0.0 pedestrian_killed, Fair (Day), EDSA Balintawak Market, Bgy. Apolonio Samson Quezon City",MMDA Road Safety Unit,,9f0dae55-eaf1-4b62-9294-ef0fe0132997,2013-01-30,22:00:00,Edsa    Amihan Bus Terminal Quezon City,0,0,0,0,0,0,0,0,0,0,2013-01-31 6:00,Property,14.65740947,121.0025737,No Collision Stated
None,EDSA,None,None,"No Accident Factor, No Collision Stated (based on Police Blotter Book), 0.0 drivers_injured, 0.0 drivers_killed, 0.0 passengers_injured, 0.0 passengers_killed, 0.0 pedestrian_injured, 0.0 pedestrian_killed, Fair (Night), EDSA at ""U"" turn slot, before Trinoma, Bgy. Bagong Pag-asa Quezon City",MMDA Road Safety Unit,,8482ce56-dee5-4de1-8564-6a0996f50bcb,2013-01-30,13:40:00,"EDSA Misamis St., Bgy. Sto Cristo Quezon City",0,0,0,0,0,0,0,0,0,0,2013-01-30 21:40,Property,14.65363063,121.0314062,No Collision Stated
None,EDSA,None,None,"No Accident Factor, Side Swipe, 0.0 drivers_injured, 0.0 drivers_killed, 0.0 passengers_injured, 0.0 passengers_killed, 0.0 pedestrian_injured, 0.0 pedestrian_killed, Fair (Day), EDSA at ""U"" turn slot, Ortigas Ave., Bgy. Ugong Norte Quezon City",MMDA Road Safety Unit,,fab025ff-82f4-43de-826b-105956216c1b,2013-01-30,07:35:00,Edsa Monte De Peadad st. Quezon City,0,0,0,0,0,0,0,0,0,0,2013-01-30 15:35,Property,14.59228197,121.0581992,Side Swipe
None,EDSA,None,None,"No Accident Factor, Rear-end, 0.0 drivers_injured, 0.0 drivers_killed, 0.0 passengers_injured, 0.0 passengers_killed, 0.0 pedestrian_injured, 0.0 pedestrian_killed, Fair (Day), EDSA Roosevelt Ave., Bgy. San Antonio Quezon City",MMDA Road Safety Unit,,31498c44-cc2b-43a9-ba49-ea23be82de73,2013-01-30,05:45:00,EDSA Roosevelt Ave. Quezon City,0,0,0,0,0,0,0,0,0,0,2013-01-30 13:45,Property,14.65762047,121.0196373,Rear-End
None,EDSA,None,None,"No Accident Factor, No Collision Stated (based on Police Blotter Book), 0.0 drivers_injured, 0.0 drivers_killed, 0.0 passengers_injured, 0.0 passengers_killed, 0.0 pedestrian_injured, 0.0 pedestrian_killed, Fair (Night), EDSA P. Tuazon Blvd. Quezon City",MMDA Road Safety Unit,,0d79fb51-a7ad-4b4e-9b6d-4620325bbb29,2013-01-29,15:40:00,"EDSA Seminary Road., Bgy. Bahay Toro Quezon City",0,0,0,0,0,0,0,0,0,0,2013-01-29 23:40,Property,14.61656342,121.0525225,No Collision Stated
None,EDSA,None,None,"No Accident Factor, Hit and Run (No Collision Stated), 0.0 drivers_injured, 0.0 drivers_killed, 0.0 passengers_injured, 0.0 passengers_killed, 0.0 pedestrian_injured, 0.0 pedestrian_killed, Fair (Night), EDSA Kamias Road, Bgy. West Kamias Quezon City",MMDA Road Safety Unit,,6441b544-571e-4fe6-9e51-f4d14b80a1a3,2013-01-29,13:30:00,EDSA OP/UP Balintawak Quezon City,0,0,0,0,0,0,0,0,0,0,2013-01-29 21:30,Property,14.6309142,121.0459376,No Collision Stated
None,EDSA,None,None,"No Accident Factor, Angle Impact, 0.0 drivers_injured, 0.0 drivers_killed, 0.0 passengers_injured, 0.0 passengers_killed, 0.0 pedestrian_injured, 0.0 pedestrian_killed, Fair (Day), EDSA P. Tuazon Blvd., Cubao, Bgy. Socorro Quezon City",MMDA Road Safety Unit,,f45051df-390d-41a5-9a9f-1fe1cdbc6668,2013-01-28,06:45:00,EDSA Aurora Blvd. Quezon City,0,0,0,0,0,0,0,0,0,0,2013-01-28 14:45,Property,14.61656342,121.0525225,Angle Impact
None,EDSA,None,None,"No Accident Factor, No Collision Stated (based on Police Blotter Book), 0.0 drivers_injured, 0.0 drivers_killed, 0.0 passengers_injured, 0.0 passengers_killed, 0.0 pedestrian_injured, 0.0 pedestrian_killed, Fair (Day), EDSA Congressional Ave., Bgy. Ramon Magsaysay Quezon City",MMDA Road Safety Unit,,4d404a24-bc30-40e0-b502-cbb808dfd065,2013-01-28,01:00:00,"EDSA Loading Bay Trinoma Mall, North Ave. Quezon City",0,0,0,0,0,0,0,0,0,0,2013-01-28 9:00,Property,14.6571804,120.9927185,No Collision Stated
None,EDSA,None,None,"No Accident Factor, No Collision Stated (based on Police Blotter Book), 0.0 drivers_injured, 0.0 drivers_killed, 0.0 passengers_injured, 0.0 passengers_killed, 0.0 pedestrian_injured, 0.0 pedestrian_killed, Fair (Day), EDSA before Roosevelt Ave. Quezon City",MMDA Road Safety Unit,,9db5a8e6-3955-49e8-8347-1bc7123e0652,2013-01-27,22:20:00,"EDSA P. Tuazon Blvd., Brgy. Socorro Quezon City",0,0,0,0,0,0,0,0,0,0,2013-01-28 6:20,Property,14.65759772,121.0193792,No Collision Stated
None,EDSA,None,None,"No Accident Factor, No Collision Stated (based on Police Blotter Book), 0.0 drivers_injured, 0.0 drivers_killed, 0.0 passengers_injured, 0.0 passengers_killed, 0.0 pedestrian_injured, 0.0 pedestrian_killed, Fair (Night), EDSA fronting MRT-GMA-Kamuning Station Quezon City",MMDA Road Safety Unit,,a87f9013-4a67-43fa-a4d7-1a65e9c372c4,2013-01-26,20:50:00,"EDSA Kamias Road, Brgy. West Kamias Quezon City",0,0,0,0,0,0,0,0,0,0,2013-01-27 4:50,Property,14.63499974,121.0434334,No Collision Stated
None,EDSA,None,None,"No Accident Factor, No Collision Stated (based on Police Blotter Book), 0.0 drivers_injured, 0.0 drivers_killed, 0.0 passengers_injured, 0.0 passengers_killed, 0.0 pedestrian_injured, 0.0 pedestrian_killed, Fair (Night), EDSA Aurora Blvd. Quezon City",MMDA Road Safety Unit,,62ebbd74-eddc-4c8f-9143-e9d36d644652,2013-01-26,13:00:00,EDSA U Turn Slot QCA Bgy. Sto Cristo Quezon City,0,0,0,0,0,0,0,0,0,0,2013-01-26 21:00,Property,14.62163653,121.0501573,No Collision Stated
None,EDSA,None,None,"No Accident Factor, Hit and Run (No Collision Stated), 0.0 drivers_injured, 0.0 drivers_killed, 0.0 passengers_injured, 0.0 passengers_killed, 0.0 pedestrian_injured, 0.0 pedestrian_killed, Fair (Day), EDSA Col. Bonny Serrano Ave. (Santolan Road), Bgy. Socorro Quezon City",MMDA Road Safety Unit,,53ba2f05-b680-44fa-85c7-0786daae5896,2013-01-26,01:15:00,EDSA Kamuning Road Quezon City,0,0,0,0,0,0,0,0,0,0,2013-01-26 9:15,Property,14.61107337,121.0550705,No Collision Stated
None,EDSA,None,None,"No Accident Factor, Angle Impact, 0.0 drivers_injured, 0.0 drivers_killed, 0.0 passengers_injured, 0.0 passengers_killed, 0.0 pedestrian_injured, 0.0 pedestrian_killed, Fair (Night), EDSA P. Tuazon Blvd., Cubao Quezon City",MMDA Road Safety Unit,,4ef6ae95-8689-4baf-8d50-1b3795d5b6a7,2013-01-25,13:25:00,EDSA Kamias Road Quezon City,0,0,0,0,0,0,0,0,0,0,2013-01-25 21:25,Property,14.61656342,121.0525225,Angle Impact
None,EDSA,None,None,"No Accident Factor, Side Swipe, 0.0 drivers_injured, 0.0 drivers_killed, 0.0 passengers_injured, 0.0 passengers_killed, 0.0 pedestrian_injured, 0.0 pedestrian_killed, Fair (Night), EDSA P. Tuazon Blvd. Quezon City",MMDA Road Safety Unit,,9b33e06f-fe2a-419a-a796-0276773683f1,2013-01-25,13:00:00,EDSA SM Annex Parking Exit Quezon City,0,0,0,0,0,0,0,0,0,0,2013-01-25 21:00,Property,14.61656342,121.0525225,Side Swipe
None,EDSA,None,None,"No Accident Factor, Side Swipe, 0.0 drivers_injured, 0.0 drivers_killed, 0.0 passengers_injured, 0.0 passengers_killed, 0.0 pedestrian_injured, 0.0 pedestrian_killed, Fair (Day), EDSA at ""U"" turn slot, before South Ave. / Timog Ave. Quezon City",MMDA Road Safety Unit,,1161609e-f2bc-405f-abfe-800ba4feed54,2013-01-25,07:45:00,EDSA Cloverleaf Quezon City,0,0,0,0,0,0,0,0,0,0,2013-01-25 15:45,Property,14.63379364,121.0443061,Side Swipe
None,EDSA,None,None,"No Accident Factor, No Collision Stated (based on Police Blotter Book), 0.0 drivers_injured, 0.0 drivers_killed, 0.0 passengers_injured, 0.0 passengers_killed, 0.0 pedestrian_injured, 0.0 pedestrian_killed, Fair (Night), EDSA Main Ave. Quezon City",MMDA Road Safety Unit,,0fd1b4b2-089b-4455-8c1c-716fb48af265,2013-01-24,20:45:00,EDSA Quezon Ave. U Turn Slot Quezon City,0,0,0,0,0,0,0,0,0,0,2013-01-25 4:45,Property,14.61376458,121.0537933,No Collision Stated
None,EDSA,None,None,"No Accident Factor, No Collision Stated (based on Police Blotter Book), 0.0 drivers_injured, 0.0 drivers_killed, 0.0 passengers_injured, 0.0 passengers_killed, 0.0 pedestrian_injured, 0.0 pedestrian_killed, Fair (Night), EDSA before Seminary Road, Bgy. Bahay Toro Quezon City",MMDA Road Safety Unit,,432c196d-b67d-4a89-a475-2e96036184b7,2013-01-24,12:00:00,"EDSA U Turn Slot West Ave., Bgy. Bagong Pag Asa Quezon City",0,0,0,0,0,0,0,0,0,0,2013-01-24 20:00,Property,14.65779218,121.0178465,No Collision Stated
None,EDSA,None,None,"No Accident Factor, Side Swipe, 0.0 drivers_injured, 0.0 drivers_killed, 0.0 passengers_injured, 0.0 passengers_killed, 0.0 pedestrian_injured, 0.0 pedestrian_killed, Fair (Night), EDSA fronting Baliwag Transit Bus Terminal, Cubao, Bgy. E. Rodriguez Quezon City",MMDA Road Safety Unit,,659c55b8-c92c-40f6-9fd0-e4755ba64059,2013-01-24,11:20:00,EDSA Fronting Trinoma Quezon City,0,0,0,0,0,0,0,0,0,0,2013-01-24 19:20,Property,14.62497658,121.0487035,Side Swipe
None,EDSA,None,None,"No Accident Factor, No Collision Stated (based on Police Blotter Book), 1.0 drivers_injured, 0.0 drivers_killed, 0.0 passengers_injured, 0.0 passengers_killed, 0.0 pedestrian_injured, 0.0 pedestrian_killed, Fair (Day), EDSA at ""U"" turn slot, before Kaingin Road Quezon City",MMDA Road Safety Unit,,c0d0aae2-52e5-422c-b9b5-3924ad553403,2013-01-23,07:30:00,EDSA fronting Shell Gas station Bgy. A.Samson Quezon City,0,0,0,1,0,0,0,0,0,1,2013-01-23 15:30,Injury,14.65762161,121.0108876,No Collision Stated