LOCATION_TEXT,ROAD,WEATHER,LIGHT,DESC,REPORTING_AGENCY,MAIN_CAUSE,INCIDENTDETAILS_ID,DATE_UTC,TIME_UTC,ADDRESS,killed_driver,killed_passenger,killed_pedestrian,injured_driver,injured_passenger,injured_pedestrian,killed_uncategorized,injured_uncategorized,killed_total,injured_total,DATETIME_PST,SEVERITY,Y,X,COLLISION_TYPE
None,EDSA,None,None,"No Accident Factor, No Collision Stated (based on Police Blotter Book), 0.0 drivers_injured, 0.0 drivers_killed, 0.0 passengers_injured, 0.0 passengers_killed, 0.0 pedestrian_injured, 0.0 pedestrian_killed, Fair (Day), EDSA Congressional Ave. Quezon City",MMDA Road Safety Unit,,646e300c-2dca-4f36-ab5e-068028574bae,2013-01-23,03:50:00,EDSA Nueva Viscaya St. Quezon City,0,0,0,0,0,0,0,0,0,0,2013-01-23 11:50,Property,14.6571804,120.9927185,No Collision Stated
None,EDSA,None,None,"No Accident Factor, No Collision Stated (based on Police Blotter Book), 0.0 drivers_injured, 0.0 drivers_killed, 0.0 passengers_injured, 0.0 passengers_killed, 0.0 pedestrian_injured, 0.0 pedestrian_killed, Fair (Day), EDSA after West Ave. Quezon City",MMDA Road Safety Unit,,ce5bea54-b266-48ad-b9bf-b3b4a230483c,2013-01-22,22:15:00,EDSA QCPD Station 10 Quezon City,0,0,0,0,0,0,0,0,0,0,2013-01-23 6:15,Property,14.65487538,121.0304242,No Collision Stated
None,EDSA,None,None,"No Accident Factor, Angle Impact, 0.0 drivers_injured, 0.0 drivers_killed, 0.0 passengers_injured, 0.0 passengers_killed, 0.0 pedestrian_injured, 0.0 pedestrian_killed, Fair (Night), EDSA fronting Nepa-Q Mart, Bgy. West Kamias Quezon City",MMDA Road Safety Unit,,eae9bfa8-0443-4c38-b383-d078534accc1,2013-01-22,12:15:00,EDSA near North Ave. Bgy. Pag Asa Quezon City,0,0,0,0,0,0,0,0,0,0,2013-01-22 20:15,Property,14.6280917,121.0472321,Angle Impact
None,EDSA,None,None,"No Accident Factor, No Collision Stated (based on Police Blotter Book), 0.0 drivers_injured, 0.0 drivers_killed, 0.0 passengers_injured, 0.0 passengers_killed, 0.0 pedestrian_injured, 0.0 pedestrian_killed, Fair (Night), EDSA Paramount Quezon City",MMDA Road Safety Unit,,443c3a8a-26b5-4179-ae38-0a98fe146e74,2013-01-22,11:20:00,EDSA  E. Garcia St. Quezon City,0,0,0,0,0,0,0,0,0,0,2013-01-22 19:20,Property,14.6555967,121.0297922,No Collision Stated
None,EDSA,None,None,"No Accident Factor, No Collision Stated (based on Police Blotter Book), 0.0 drivers_injured, 0.0 drivers_killed, 0.0 passengers_injured, 0.0 passengers_killed, 0.0 pedestrian_injured, 0.0 pedestrian_killed, Fair (Night), EDSA at ""U"" turn slot, before Trinoma Quezon City",MMDA Road Safety Unit,,2e9e23cd-53ae-4892-a3f7-fefaffc01fed,2013-01-22,10:50:00,EDSA fronting Waltermart Quezon City,0,0,0,0,0,0,0,0,0,0,2013-01-22 18:50,Property,14.65363063,121.0314062,No Collision Stated
None,EDSA,None,None,"No Accident Factor, No Collision Stated (based on Police Blotter Book), 0.0 drivers_injured, 0.0 drivers_killed, 0.0 passengers_injured, 0.0 passengers_killed, 0.0 pedestrian_injured, 0.0 pedestrian_killed, Fair (Day), EDSA at ""U"" turn slot, NRRS, before Trinoma Quezon City",MMDA Road Safety Unit,,153dfa7c-5f36-4708-956e-a6cd40a52261,2013-01-22,09:50:00,EDSA Quezon Ave. Quezon City,0,0,0,0,0,0,0,0,0,0,2013-01-22 17:50,Property,14.65360152,121.0313573,No Collision Stated
None,EDSA,None,None,"No Accident Factor, Side Swipe, 0.0 drivers_injured, 0.0 drivers_killed, 0.0 passengers_injured, 0.0 passengers_killed, 0.0 pedestrian_injured, 0.0 pedestrian_killed, Fair (Day), EDSA North Ave. Quezon City",MMDA Road Safety Unit,,42efff82-7f96-4efc-a1d0-a179e08ac71d,2013-01-22,06:00:00,EDSA  fronting Waltermart Mall Quezon City,0,0,0,0,0,0,0,0,0,0,2013-01-22 14:00,Property,14.65553839,121.0299647,Side Swipe
None,EDSA,None,None,"No Accident Factor, No Collision Stated (based on Police Blotter Book), 0.0 drivers_injured, 0.0 drivers_killed, 0.0 passengers_injured, 0.0 passengers_killed, 0.0 pedestrian_injured, 0.0 pedestrian_killed, Fair (Day), EDSA fronting Waltermart Quezon City",MMDA Road Safety Unit,,603e9a14-6335-42a9-a0a8-8b342d85b6df,2013-01-22,04:35:00,EDSA  Ortigas Ave. fronting Robinson Galleria Quezon City,0,0,0,0,0,0,0,0,0,0,2013-01-22 12:35,Property,14.65755908,121.0204569,No Collision Stated
None,EDSA,None,None,"No Accident Factor, No Collision Stated (based on Police Blotter Book), 0.0 drivers_injured, 0.0 drivers_killed, 0.0 passengers_injured, 0.0 passengers_killed, 0.0 pedestrian_injured, 0.0 pedestrian_killed, Fair (Day), EDSA at ""U"" turn slot, fronting Go Soc Bldg., Bgy. Apolonio Samson Quezon City",MMDA Road Safety Unit,,5c5e6755-4776-42a8-b249-0ffe2fa1c870,2013-01-21,23:45:00,EDSA Monte De Predad St. Quezon City,0,0,0,0,0,0,0,0,0,0,2013-01-22 7:45,Property,14.65759022,121.0143219,No Collision Stated
None,EDSA,None,None,"No Accident Factor, No Collision Stated (based on Police Blotter Book), 0.0 drivers_injured, 0.0 drivers_killed, 0.0 passengers_injured, 0.0 passengers_killed, 0.0 pedestrian_injured, 0.0 pedestrian_killed, Fair (Night), EDSA Main Ave., Bgy. Socorro Quezon City",MMDA Road Safety Unit,,71a4fc3d-d987-45a9-b33d-602ce5606c76,2013-01-21,21:30:00,EDSA Quezon Ave. Quezon City,0,0,0,0,0,0,0,0,0,0,2013-01-22 5:30,Property,14.61376458,121.0537933,No Collision Stated
None,EDSA,None,None,"No Accident Factor, No Collision Stated (based on Police Blotter Book), 0.0 drivers_injured, 0.0 drivers_killed, 0.0 passengers_injured, 0.0 passengers_killed, 0.0 pedestrian_injured, 0.0 pedestrian_killed, Fair (Night), EDSA at ""U"" turn slot, fronting Shell Gas Station, Bgy. Apolonio Samson Quezon City",MMDA Road Safety Unit,,2073120a-fe9f-44ab-bdf4-3d2344c2f53f,2013-01-21,17:20:00,EDSA Kamias Road Quezon City,0,0,0,0,0,0,0,0,0,0,2013-01-22 1:20,Property,14.65752203,121.0075635,No Collision Stated
None,EDSA,None,None,"No Accident Factor, No Collision Stated (based on Police Blotter Book), 0.0 drivers_injured, 0.0 drivers_killed, 0.0 passengers_injured, 0.0 passengers_killed, 0.0 pedestrian_injured, 0.0 pedestrian_killed, Fair (Night), EDSA West Ave. Quezon City",MMDA Road Safety Unit,,a86edc29-62d9-4e68-8b63-8d7a3e995c7b,2013-01-21,14:00:00,"EDSA  Aurora Blvd. Bgy.Socorro, Cubao Quezon City",0,0,0,0,0,0,0,0,0,0,2013-01-21 22:00,Property,14.65548924,121.0298079,No Collision Stated
None,EDSA,None,None,"No Accident Factor, No Collision Stated (based on Police Blotter Book), 0.0 drivers_injured, 0.0 drivers_killed, 0.0 passengers_injured, 0.0 passengers_killed, 0.0 pedestrian_injured, 0.0 pedestrian_killed, Fair (Night), EDSA Howmart Road Quezon City",MMDA Road Safety Unit,,8c57cb76-7db1-4dec-97d2-52a2954a64b6,2013-01-21,12:45:00,EDSA North Ave. Quezon City,0,0,0,0,0,0,0,0,0,0,2013-01-21 20:45,Property,14.65764415,121.0108224,No Collision Stated
None,EDSA,None,None,"No Accident Factor, Side Swipe, 0.0 drivers_injured, 0.0 drivers_killed, 0.0 passengers_injured, 0.0 passengers_killed, 0.0 pedestrian_injured, 0.0 pedestrian_killed, Fair (Night), EDSA fronting GMA-7, after East Ave. Quezon City",MMDA Road Safety Unit,,cfe42bee-ee73-4690-bdfa-dd551c1cff42,2013-01-20,14:30:00,EDSA fronting Home Bldrs Depot Bgy. A. Samson Quezon City,0,0,0,0,0,0,0,0,0,0,2013-01-20 22:30,Property,14.63487536,121.0435696,Side Swipe
None,EDSA,None,None,"No Accident Factor, No Collision Stated (based on Police Blotter Book), 0.0 drivers_injured, 0.0 drivers_killed, 0.0 passengers_injured, 0.0 passengers_killed, 0.0 pedestrian_injured, 0.0 pedestrian_killed, Fair (Day), EDSA fronting North Luzon Expressway Quezon City",MMDA Road Safety Unit,,c822fead-d624-4c35-bc2a-0e1c5e078b28,2013-01-20,06:55:00,EDSA East Ave. Quezon City,0,0,0,0,0,0,0,0,0,0,2013-01-20 14:55,Property,14.65735837,121.0001966,No Collision Stated
None,EDSA,None,None,"No Accident Factor, No Collision Stated (based on Police Blotter Book), 1.0 drivers_injured, 0.0 drivers_killed, 0.0 passengers_injured, 0.0 passengers_killed, 0.0 pedestrian_injured, 0.0 pedestrian_killed, Fair (Day), EDSA at ""U"" turn slot, fronting SM City-North EDSA (Annex Bldg.), Bgy. Ramon Magsaysay Quezon City",MMDA Road Safety Unit,,0077d9bc-438e-405c-80b2-9f04da8ee25e,2013-01-20,06:30:00,"EDSA   Fronting Victory Liner Terminal,Brgy. Pinahan Quezon City",0,0,0,1,0,0,0,0,0,1,2013-01-20 14:30,Injury,14.65634509,121.0266458,No Collision Stated
None,EDSA,None,None,"No Accident Factor, No Collision Stated (based on Police Blotter Book), 0.0 drivers_injured, 0.0 drivers_killed, 0.0 passengers_injured, 0.0 passengers_killed, 0.0 pedestrian_injured, 0.0 pedestrian_killed, Fair (Night), EDSA Misamis St., SM, Bgy. Bagong Pag-asa Quezon City",MMDA Road Safety Unit,,4d4227f1-baa7-47db-9f8d-03ff3f00f0f5,2013-01-19,20:00:00,EDSA  B. Serrano Ave. Bgy.Socorro Quezon City,0,0,0,0,0,0,0,0,0,0,2013-01-20 4:00,Property,14.65602348,121.0285212,No Collision Stated
None,EDSA,None,None,"No Accident Factor, No Collision Stated (based on Police Blotter Book), 0.0 drivers_injured, 0.0 drivers_killed, 0.0 passengers_injured, 0.0 passengers_killed, 0.0 pedestrian_injured, 0.0 pedestrian_killed, Fair (Day), EDSA West Ave. Quezon City",MMDA Road Safety Unit,,2171ff0d-06bb-4e0c-aa4f-105f741a5beb,2013-01-19,02:20:00,EDSA fronting Balintawak Market Quezon City,0,0,0,0,0,0,0,0,0,0,2013-01-19 10:20,Property,14.65548924,121.0298079,No Collision Stated
None,EDSA,None,None,"No Accident Factor, Side Swipe, 0.0 drivers_injured, 0.0 drivers_killed, 0.0 passengers_injured, 0.0 passengers_killed, 0.0 pedestrian_injured, 0.0 pedestrian_killed, Fair (Day), EDSA P. Tuazon Blvd., Cubao Quezon City",MMDA Road Safety Unit,,ed700f5e-ae05-4e92-b4e5-f77b4769fe79,2013-01-19,02:15:00,EDSA Balintawak Market Quezon City,0,0,0,0,0,0,0,0,0,0,2013-01-19 10:15,Property,14.61656342,121.0525225,Side Swipe
None,EDSA,None,None,"No Accident Factor, Side Swipe, 0.0 drivers_injured, 0.0 drivers_killed, 0.0 passengers_injured, 0.0 passengers_killed, 0.0 pedestrian_injured, 0.0 pedestrian_killed, Fair (Night), EDSA Gen. Roxas St., Cubao Quezon City",MMDA Road Safety Unit,,f1d59d76-be91-4c71-9afe-1e6f7c652eec,2013-01-18,15:00:00,EDSA before PPM Quezon City,0,0,0,0,0,0,0,0,0,0,2013-01-18 23:00,Property,14.62042254,121.0508064,Side Swipe
None,EDSA,None,None,"No Accident Factor, Side Swipe, 0.0 drivers_injured, 0.0 drivers_killed, 0.0 passengers_injured, 0.0 passengers_killed, 0.0 pedestrian_injured, 0.0 pedestrian_killed, Fair (Night), EDSA MRT-North Avenue Station Quezon City",MMDA Road Safety Unit,,994efe35-5801-4999-a4c9-96c5bcd3d721,2013-01-18,12:30:00,EDSA Mindanao Ave. Ext. Quezon City,0,0,0,0,0,0,0,0,0,0,2013-01-18 20:30,Property,14.65223956,121.0323125,Side Swipe
None,EDSA,None,None,"No Accident Factor, No Collision Stated (based on Police Blotter Book), 0.0 drivers_injured, 0.0 drivers_killed, 0.0 passengers_injured, 0.0 passengers_killed, 0.0 pedestrian_injured, 0.0 pedestrian_killed, Fair (Night), EDSA at ""U"" turn slot, fronting Trinoma Quezon City",MMDA Road Safety Unit,,1c58c587-2f32-4c7b-a1cb-2a812c78fe39,2013-01-18,11:25:00,EDSA Kamuning Road Quezon City,0,0,0,0,0,0,0,0,0,0,2013-01-18 19:25,Property,14.65361352,121.0313633,No Collision Stated
None,EDSA,None,None,"No Accident Factor, No Collision Stated (based on Police Blotter Book), 0.0 drivers_injured, 0.0 drivers_killed, 0.0 passengers_injured, 0.0 passengers_killed, 0.0 pedestrian_injured, 0.0 pedestrian_killed, Fair (Night), EDSA Cloverleaf Drive Quezon City",MMDA Road Safety Unit,,0ae8d4d3-6e01-498d-bcc9-7ee7489d5e97,2013-01-17,11:30:00,EDSA Aurora Blvd. Quezon City,0,0,0,0,0,0,0,0,0,0,2013-01-17 19:30,Property,14.65740144,121.0008553,No Collision Stated
None,EDSA,None,None,"No Accident Factor, Side Swipe, 1.0 drivers_injured, 0.0 drivers_killed, 0.0 passengers_injured, 0.0 passengers_killed, 0.0 pedestrian_injured, 0.0 pedestrian_killed, Fair (Day), EDSA at ""U"" turn slot, fronting Jam Liner Bus Terminal Quezon City",MMDA Road Safety Unit,,4003e4f6-4f9e-4a42-90a6-edef1c1b6ef4,2013-01-17,06:45:00,"EDSA   Before Nia Rd.,Brgy. Pinahan Quezon City",0,0,0,1,0,0,0,0,0,1,2013-01-17 14:45,Injury,14.63192246,121.0452779,Side Swipe
None,EDSA,None,None,"No Accident Factor, No Collision Stated (based on Police Blotter Book), 1.0 drivers_injured, 0.0 drivers_killed, 0.0 passengers_injured, 0.0 passengers_killed, 0.0 pedestrian_injured, 0.0 pedestrian_killed, Fair (Day), EDSA East Ave. Quezon City",MMDA Road Safety Unit,,9655e534-0e37-4d9f-8973-ca390502b95e,2013-01-16,23:50:00,EDSA Ermin Garcia St. Quezon City,0,0,0,1,0,0,0,0,0,1,2013-01-17 7:50,Injury,14.6328297,121.0451176,No Collision Stated
None,EDSA,None,None,"No Accident Factor, Rear-end, 0.0 drivers_injured, 0.0 drivers_killed, 0.0 passengers_injured, 0.0 passengers_killed, 0.0 pedestrian_injured, 0.0 pedestrian_killed, Fair (Night), EDSA Iglesia ni Crsito Quezon City",MMDA Road Safety Unit,,035532ef-96cf-48be-9192-ec5c9d286991,2013-01-16,10:00:00,EDSA Howmart Road Quezon City,0,0,0,0,0,0,0,0,0,0,2013-01-16 18:00,Property,14.65752241,121.02219,Rear-End
None,EDSA,None,None,"No Accident Factor, Rear-end, 0.0 drivers_injured, 0.0 drivers_killed, 0.0 passengers_injured, 0.0 passengers_killed, 0.0 pedestrian_injured, 0.0 pedestrian_killed, Fair (Day), EDSA fronting Nepa-Q Mart Quezon City",MMDA Road Safety Unit,,b364b7bf-7218-47b3-876f-75ee2ecdafe2,2013-01-16,03:35:00,EDSA fronting GMA 7 East Ave. Quezon City,0,0,0,0,0,0,0,0,0,0,2013-01-16 11:35,Property,14.6280917,121.0472321,Rear-End
None,EDSA,None,None,"No Accident Factor, No Collision Stated (based on Police Blotter Book), 0.0 drivers_injured, 0.0 drivers_killed, 0.0 passengers_injured, 0.0 passengers_killed, 0.0 pedestrian_injured, 0.0 pedestrian_killed, Fair (Day), EDSA Col. Bonny Serrano Ave. (Santolan Road) Quezon City",MMDA Road Safety Unit,,38f69e3d-d101-4aae-a182-6805cbfa82eb,2013-01-16,02:30:00,EDSA Timog Ave. Quezon City,0,0,0,0,0,0,0,0,0,0,2013-01-16 10:30,Property,14.61107337,121.0550705,No Collision Stated
None,EDSA,None,None,"No Accident Factor, Rear-end, 0.0 drivers_injured, 0.0 drivers_killed, 0.0 passengers_injured, 0.0 passengers_killed, 0.0 pedestrian_injured, 0.0 pedestrian_killed, Fair (Day), EDSA at ""U"" turn slot, Col. Bonny Serrano Ave. (Santolan Road) Quezon City",MMDA Road Safety Unit,,a90538b9-565e-4b6e-bb96-c12db8bdd49a,2013-01-15,23:30:00,EDSA after Kamuning Road Quezon City,0,0,0,0,0,0,0,0,0,0,2013-01-16 7:30,Property,14.61052454,121.055203,Rear-End
None,EDSA,None,None,"No Accident Factor, Angle Impact, 0.0 drivers_injured, 0.0 drivers_killed, 0.0 passengers_injured, 0.0 passengers_killed, 0.0 pedestrian_injured, 0.0 pedestrian_killed, Fair (Day), EDSA Col. Bonny Serrano Ave. (Santolan Road) Quezon City",MMDA Road Safety Unit,,72d2cf8f-24f5-4c63-bbf1-5eb3ebb62212,2013-01-15,00:30:00,"EDSA   Fronting Victory Liner Terminal,Brgy. Pinahan Quezon City",0,0,0,0,0,0,0,0,0,0,2013-01-15 8:30,Property,14.61107337,121.0550705,Angle Impact
None,EDSA,None,None,"No Accident Factor, Rear-end, 1.0 drivers_injured, 0.0 drivers_killed, 0.0 passengers_injured, 0.0 passengers_killed, 0.0 pedestrian_injured, 0.0 pedestrian_killed, Fair (Day), EDSA fronting Five Star Terminal, Bgy. E. Rodriguez Quezon City",MMDA Road Safety Unit,,f601bde0-6fb6-4912-b6e9-54d1e79252ac,2013-01-14,08:00:00,EDSA Panay Ave. Quezon City,0,0,0,1,0,0,0,0,0,1,2013-01-14 16:00,Injury,14.62380284,121.0492837,Rear-End
None,EDSA,None,None,"No Accident Factor, No Collision Stated (based on Police Blotter Book), 0.0 drivers_injured, 0.0 drivers_killed, 0.0 passengers_injured, 0.0 passengers_killed, 0.0 pedestrian_injured, 0.0 pedestrian_killed, Fair (Day), EDSA fronting Waltermart Quezon City",MMDA Road Safety Unit,,dec18ad5-18b1-47dc-99e9-14da7e6efacb,2013-01-14,02:30:00,"EDSA P. Tuazon Blvd., Bgy. Socorro Quezon City",0,0,0,0,0,0,0,0,0,0,2013-01-14 10:30,Property,14.65755908,121.0204569,No Collision Stated
None,EDSA,None,None,"No Accident Factor, Hit Object (No Object Stated), 0.0 drivers_injured, 0.0 drivers_killed, 0.0 passengers_injured, 0.0 passengers_killed, 0.0 pedestrian_injured, 0.0 pedestrian_killed, Fair (Day), EDSA before Kamias Road Quezon City",MMDA Road Safety Unit,,b9cb8bca-e6a9-40a3-b776-55fa3aa99735,2013-01-13,07:00:00,"EDSA GMA 7 Network, Timog Ave. Quezon City",0,0,0,0,0,0,0,0,0,0,2013-01-13 15:00,Property,14.63042614,121.0461874,Hit Object
None,EDSA,None,None,"No Accident Factor, Side Swipe, 0.0 drivers_injured, 0.0 drivers_killed, 0.0 passengers_injured, 0.0 passengers_killed, 0.0 pedestrian_injured, 0.0 pedestrian_killed, Fair (Night), EDSA Aurora Blvd., Cubao Quezon City",MMDA Road Safety Unit,,5829ccbe-61ea-42ba-a7e9-747fde2392d9,2013-01-12,12:00:00,EDSA New York St. Quezon City,0,0,0,0,0,0,0,0,0,0,2013-01-12 20:00,Property,14.6218043,121.0502049,Side Swipe
None,EDSA,None,None,"No Accident Factor, Side Swipe, 0.0 drivers_injured, 0.0 drivers_killed, 0.0 passengers_injured, 0.0 passengers_killed, 0.0 pedestrian_injured, 0.0 pedestrian_killed, Fair (Day), EDSA West Ave. Quezon City",MMDA Road Safety Unit,,b6b62f1c-3873-4e3d-8a35-608a71e0069a,2013-01-12,08:00:00,"EDSA GMA 7 Network, Timog Ave. Quezon City",0,0,0,0,0,0,0,0,0,0,2013-01-12 16:00,Property,14.65548924,121.0298079,Side Swipe
None,EDSA,None,None,"No Accident Factor, No Collision Stated (based on Police Blotter Book), 0.0 drivers_injured, 0.0 drivers_killed, 0.0 passengers_injured, 0.0 passengers_killed, 0.0 pedestrian_injured, 0.0 pedestrian_killed, Fair (Day), EDSA North Ave. Quezon City",MMDA Road Safety Unit,,12a052e8-57e7-4dc2-b457-9051440f0239,2013-01-12,07:25:00,"EDSA fronting Corinthian Garden, Bgy. Ugong Norte Quezon City",0,0,0,0,0,0,0,0,0,0,2013-01-12 15:25,Property,14.65553839,121.0299647,No Collision Stated
None,EDSA,None,None,"No Accident Factor, No Collision Stated (based on Police Blotter Book), 0.0 drivers_injured, 0.0 drivers_killed, 0.0 passengers_injured, 0.0 passengers_killed, 0.0 pedestrian_injured, 0.0 pedestrian_killed, Fair (Day), EDSA Nueva Ecija St., Bgy. Sto. Cristo Quezon City",MMDA Road Safety Unit,,b90ca032-dfb0-489b-9a04-643c91aa3f21,2013-01-12,04:45:00,EDSA before North Ave. Bgy.Pag-asa Quezon City,0,0,0,0,0,0,0,0,0,0,2013-01-12 12:45,Property,14.65665894,121.026062,No Collision Stated
None,EDSA,None,None,"No Accident Factor, No Collision Stated (based on Police Blotter Book), 0.0 drivers_injured, 0.0 drivers_killed, 0.0 passengers_injured, 0.0 passengers_killed, 0.0 pedestrian_injured, 0.0 pedestrian_killed, Fair (Day), EDSA Cloverleaf Service Road (right South Wing), Bgy. Balingasa Quezon City",MMDA Road Safety Unit,,a6e91c7c-8e77-44e6-b07a-940476f9e545,2013-01-12,02:15:00,EDSA  fronting SM North Bgy.Pag-asa Quezon City,0,0,0,0,0,0,0,0,0,0,2013-01-12 10:15,Property,14.65747901,121.0011914,No Collision Stated
None,EDSA,None,None,"No Accident Factor, No Collision Stated (based on Police Blotter Book), 1.0 drivers_injured, 0.0 drivers_killed, 0.0 passengers_injured, 0.0 passengers_killed, 0.0 pedestrian_injured, 0.0 pedestrian_killed, Fair (Day), EDSA before Monte De Piedad St. Quezon City",MMDA Road Safety Unit,,47952fa8-af11-4154-a1ca-56145a3cf221,2013-01-11,21:15:00,EDSA Col. B. Serrano Ave. Quezon City,0,0,0,1,0,0,0,0,0,1,2013-01-12 5:15,Injury,14.62365918,121.0489951,No Collision Stated
None,EDSA,None,None,"No Accident Factor, No Collision Stated (based on Police Blotter Book), 0.0 drivers_injured, 0.0 drivers_killed, 0.0 passengers_injured, 0.0 passengers_killed, 0.0 pedestrian_injured, 0.0 pedestrian_killed, Fair (Night), EDSA fronting Lemon Square Quezon City",MMDA Road Safety Unit,,c0292db5-be0d-4ae3-bc11-9f0cb17aa3d1,2013-01-11,10:45:00,EDSA North Ave. Bgy.Pag-asa Quezon City,0,0,0,0,0,0,0,0,0,0,2013-01-11 18:45,Property,14.65755296,121.0174655,No Collision Stated
None,EDSA,None,None,"No Accident Factor, Rear-end, 0.0 drivers_injured, 0.0 drivers_killed, 0.0 passengers_injured, 0.0 passengers_killed, 0.0 pedestrian_injured, 0.0 pedestrian_killed, Fair (Night), EDSA fronting Nepa-Q Mart Quezon City",MMDA Road Safety Unit,,12f022e9-b48e-490b-b28d-401e1ddf513a,2013-01-10,20:30:00,"EDSA Aurora Blvd., Bgy. Socorro Quezon City",0,0,0,0,0,0,0,0,0,0,2013-01-11 4:30,Property,14.6280917,121.0472321,Rear-End
None,EDSA,None,None,"No Accident Factor, No Collision Stated (based on Police Blotter Book), 0.0 drivers_injured, 0.0 drivers_killed, 0.0 passengers_injured, 0.0 passengers_killed, 0.0 pedestrian_injured, 0.0 pedestrian_killed, Fair (Day), EDSA at ""U"" turn slot, fronting Nissan Quezon City",MMDA Road Safety Unit,,b7b5975c-6f8a-46cd-95c2-9afc77709a8b,2013-01-10,07:00:00,"EDSA P. Tuazon Blvd., Bgy. Socorro Quezon City",0,0,0,0,0,0,0,0,0,0,2013-01-10 15:00,Property,14.65760455,121.0141243,No Collision Stated
None,EDSA,None,None,"No Accident Factor, Hit Object (No Object Stated), 0.0 drivers_injured, 0.0 drivers_killed, 0.0 passengers_injured, 0.0 passengers_killed, 0.0 pedestrian_injured, 0.0 pedestrian_killed, Fair (Night), EDSA Aurora Blvd. Quezon City",MMDA Road Safety Unit,,0039e5bf-0fbd-46e9-aac2-7ce6df727fa9,2013-01-09,14:30:00,"EDSA fronting Oliveros Drive, Brgy. A. Samson Quezon City",0,0,0,0,0,0,0,0,0,0,2013-01-09 22:30,Property,14.62163653,121.0501573,Hit Object
None,EDSA,None,None,"No Accident Factor, No Collision Stated (based on Police Blotter Book), 0.0 drivers_injured, 0.0 drivers_killed, 0.0 passengers_injured, 0.0 passengers_killed, 0.0 pedestrian_injured, 0.0 pedestrian_killed, Fair (Night), EDSA Congressional Ave., Bgy. Bahay Toro Quezon City",MMDA Road Safety Unit,,f6143df2-adb2-4ce7-b5cb-58ef5a5b8fa3,2013-01-09,11:30:00,EDSA Timog Ave. Quezon City,0,0,0,0,0,0,0,0,0,0,2013-01-09 19:30,Property,14.6571804,120.9927185,No Collision Stated
None,EDSA,None,None,"No Accident Factor, No Collision Stated (based on Police Blotter Book), 0.0 drivers_injured, 0.0 drivers_killed, 0.0 passengers_injured, 0.0 passengers_killed, 0.0 pedestrian_injured, 0.0 pedestrian_killed, Fair (Day), EDSA South Ave. / Timog Ave. Quezon City",MMDA Road Safety Unit,,5777dc81-c88a-4ce9-9134-7bae3407c7b0,2013-01-09,05:35:00,EDSA Quezon Ave. Bgy. Pinyahan Quezon City,0,0,0,0,0,0,0,0,0,0,2013-01-09 13:35,Property,14.63257986,121.0449774,No Collision Stated
None,EDSA,None,None,"No Accident Factor, Side Swipe, 0.0 drivers_injured, 0.0 drivers_killed, 0.0 passengers_injured, 0.0 passengers_killed, 0.0 pedestrian_injured, 0.0 pedestrian_killed, Fair (Day), EDSA Misamis St., Bgy. Sto. Cristo Quezon City",MMDA Road Safety Unit,,300ba72b-af9d-40e4-b981-833133cf1a5d,2013-01-09,05:15:00,EDSA fronting SM North Annex Bldg. R. Magsaysay Quezon City,0,0,0,0,0,0,0,0,0,0,2013-01-09 13:15,Property,14.65602348,121.0285212,Side Swipe
None,EDSA,None,None,"No Accident Factor, No Collision Stated (based on Police Blotter Book), 0.0 drivers_injured, 0.0 drivers_killed, 0.0 passengers_injured, 0.0 passengers_killed, 0.0 pedestrian_injured, 0.0 pedestrian_killed, Fair (Day), EDSA fronting Quezon City Academy Quezon City",MMDA Road Safety Unit,,d9e089b9-8e3e-4dea-af43-04ea4350a5b8,2013-01-09,02:45:00,EDSA fronting Lemon Square Balintawak Quezon City,0,0,0,0,0,0,0,0,0,0,2013-01-09 10:45,Property,14.65660275,121.0257801,No Collision Stated
None,EDSA,None,None,"No Accident Factor, No Collision Stated (based on Police Blotter Book), 0.0 drivers_injured, 0.0 drivers_killed, 0.0 passengers_injured, 0.0 passengers_killed, 0.0 pedestrian_injured, 0.0 pedestrian_killed, Fair (Day), EDSA fronting Balintawak Market, Bgy. Balingasa Quezon City",MMDA Road Safety Unit,,fb3a0166-c8e0-4824-bb98-311df87a3b33,2013-01-08,23:30:00,EDSA before Arayat St. Quezon City,0,0,0,0,0,0,0,0,0,0,2013-01-09 7:30,Property,14.65736198,121.00264,No Collision Stated
None,EDSA,None,None,"No Accident Factor, No Collision Stated (based on Police Blotter Book), 0.0 drivers_injured, 0.0 drivers_killed, 0.0 passengers_injured, 0.0 passengers_killed, 0.0 pedestrian_injured, 0.0 pedestrian_killed, Fair (Night), EDSA Misamis St. Quezon City",MMDA Road Safety Unit,,bf763ba2-d861-4be2-9750-17b65e717b2f,2013-01-08,11:45:00,EDSA Jam Transport Bus Terminal Quezon City,0,0,0,0,0,0,0,0,0,0,2013-01-08 19:45,Property,14.65602348,121.0285212,No Collision Stated