LOCATION_TEXT,ROAD,WEATHER,LIGHT,DESC,REPORTING_AGENCY,MAIN_CAUSE,INCIDENTDETAILS_ID,DATE_UTC,TIME_UTC,ADDRESS,killed_driver,killed_passenger,killed_pedestrian,injured_driver,injured_passenger,injured_pedestrian,killed_uncategorized,injured_uncategorized,killed_total,injured_total,DATETIME_PST,SEVERITY,Y,X,COLLISION_TYPE
None,EDSA,None,None,"No Accident Factor, No Collision Stated (based on Police Blotter Book), 0.0 drivers_injured, 0.0 drivers_killed, 0.0 passengers_injured, 0.0 passengers_killed, 0.0 pedestrian_injured, 0.0 pedestrian_killed, Fair (Day), EDSA at ""U"" turn slot, fronting Iglesia ni Cristo Quezon City",MMDA Road Safety Unit,,32e82cde-f02a-4101-847a-30dd4f80ef50,2013-01-08,03:30:00,EDSA fronting Cloverleaf Market Bgy.Balingasa Quezon City,0,0,0,0,0,0,0,0,0,0,2013-01-08 11:30,Property,14.6573249,121.0226677,No Collision Stated
None,EDSA,None,None,"No Accident Factor, No Collision Stated (based on Police Blotter Book), 0.0 drivers_injured, 0.0 drivers_killed, 0.0 passengers_injured, 0.0 passengers_killed, 0.0 pedestrian_injured, 0.0 pedestrian_killed, Fair (Night), EDSA Oliveros St., Bgy. Apolonio Samson Quezon City",MMDA Road Safety Unit,,5601a342-cf85-4847-a1bb-429ead2844ea,2013-01-07,12:45:00,EDSA Misamis St. Sto Cristo Quezon City,0,0,0,0,0,0,0,0,0,0,2013-01-07 20:45,Property,14.65762799,121.0065288,No Collision Stated
None,EDSA,None,None,"No Accident Factor, No Collision Stated (based on Police Blotter Book), 0.0 drivers_injured, 0.0 drivers_killed, 0.0 passengers_injured, 0.0 passengers_killed, 0.0 pedestrian_injured, 0.0 pedestrian_killed, Fair (Night), EDSA fronting Paramount Bldg., after West Ave. Quezon City",MMDA Road Safety Unit,,795f91ff-235a-4f8c-bdfc-63d8875049a0,2013-01-07,11:30:00,EDSA Royal  Quezon City,0,0,0,0,0,0,0,0,0,0,2013-01-07 19:30,Property,14.65514084,121.0303121,No Collision Stated
None,EDSA,None,None,"No Accident Factor, Hit and Run (No Collision Stated), 0.0 drivers_injured, 0.0 drivers_killed, 0.0 passengers_injured, 0.0 passengers_killed, 0.0 pedestrian_injured, 0.0 pedestrian_killed, Fair (Day), EDSA at ""U"" turn slot, Aurora Blvd. Quezon City",MMDA Road Safety Unit,,284c058c-9d08-4b32-98bb-28e2f811d931,2013-01-07,05:40:00,"EDSA Gen. McArthur St., Bgy. Socorro Quezon City",0,0,0,0,0,0,0,0,0,0,2013-01-07 13:40,Property,14.62142392,121.05018,No Collision Stated
None,EDSA,None,None,"No Accident Factor, Side Swipe, 0.0 drivers_injured, 0.0 drivers_killed, 0.0 passengers_injured, 0.0 passengers_killed, 0.0 pedestrian_injured, 0.0 pedestrian_killed, Fair (Day), EDSA Col. Bonny Serrano Ave. (Santolan Road) Quezon City",MMDA Road Safety Unit,,490976ed-4bc7-479d-830c-a1d65e14d70d,2013-01-07,01:00:00,EDSA P. Tuazon Ave. Quezon City,0,0,0,0,0,0,0,0,0,0,2013-01-07 9:00,Property,14.61107337,121.0550705,Side Swipe
None,EDSA,None,None,"No Accident Factor, Rear-end (Multiple), 1.0 drivers_injured, 0.0 drivers_killed, 0.0 passengers_injured, 0.0 passengers_killed, 0.0 pedestrian_injured, 0.0 pedestrian_killed, Fair (Day), EDSA Roosevelt Ave., Bgy. Katipu Quezon City",MMDA Road Safety Unit,,8439c8d6-297a-446b-ac5d-f25931282687,2013-01-06,23:20:00,"EDSA fronting Nepa-Q Mart, Bgy. E. Rodriguez Quezon City",0,0,0,1,0,0,0,0,0,1,2013-01-07 7:20,Injury,14.65762047,121.0196373,Rear-End
None,EDSA,None,None,"No Accident Factor, Side Swipe, 0.0 drivers_injured, 0.0 drivers_killed, 0.0 passengers_injured, 0.0 passengers_killed, 0.0 pedestrian_injured, 0.0 pedestrian_killed, Fair (Night), EDSA Kamias Road Quezon City",MMDA Road Safety Unit,,a55d156f-1039-4d3e-8a47-e2eedbd9da37,2013-01-06,19:30:00,EDSA Kamias Road Quezon City,0,0,0,0,0,0,0,0,0,0,2013-01-07 3:30,Property,14.6309142,121.0459376,Side Swipe
None,EDSA,None,None,"No Accident Factor, No Collision Stated (based on Police Blotter Book), 0.0 drivers_injured, 0.0 drivers_killed, 0.0 passengers_injured, 0.0 passengers_killed, 0.0 pedestrian_injured, 0.0 pedestrian_killed, Fair (Night), EDSA fronting Florida Bus Terminal Quezon City",MMDA Road Safety Unit,,703f8b34-13f7-4dd1-a3a1-0aa9e8378f32,2013-01-06,11:10:00,EDSA Victory Liner Bus Terminal Quezon City,0,0,0,0,0,0,0,0,0,0,2013-01-06 19:10,Property,14.62980669,121.0464508,No Collision Stated
None,EDSA,None,None,"No Accident Factor, No Collision Stated (based on Police Blotter Book), 0.0 drivers_injured, 0.0 drivers_killed, 0.0 passengers_injured, 0.0 passengers_killed, 0.0 pedestrian_injured, 0.0 pedestrian_killed, Fair (Day), EDSA at ""U"" turn slot, South Ave. / Timog Ave. Quezon City",MMDA Road Safety Unit,,c0337b83-8a8e-4728-9043-5aaa4a5a9433,2013-01-06,07:00:00,EDSA Eugenio Lopez Sr. Drive Quezon City,0,0,0,0,0,0,0,0,0,0,2013-01-06 15:00,Property,14.63195535,121.0453513,No Collision Stated
None,EDSA,None,None,"No Accident Factor, No Collision Stated (based on Police Blotter Book), 0.0 drivers_injured, 0.0 drivers_killed, 0.0 passengers_injured, 0.0 passengers_killed, 0.0 pedestrian_injured, 0.0 pedestrian_killed, Fair (Day), EDSA Aurora Blvd. Quezon City",MMDA Road Safety Unit,,cf0a0b9b-a3b6-4159-810d-da0b5850cf34,2013-01-06,06:15:00,EDSA fronting Honda Showroom S/B Bgy.A. Samson Quezon City,0,0,0,0,0,0,0,0,0,0,2013-01-06 14:15,Property,14.62163653,121.0501573,No Collision Stated
None,EDSA,None,None,"No Accident Factor, Rear-end, 0.0 drivers_injured, 0.0 drivers_killed, 0.0 passengers_injured, 0.0 passengers_killed, 0.0 pedestrian_injured, 0.0 pedestrian_killed, Fair (Day), EDSA South Ave. / Timog Ave. Quezon City",MMDA Road Safety Unit,,2e752a91-03b3-45cf-87c5-f53622739661,2013-01-06,00:30:00,"EDSA Misamis St., Bgy. Sto. Cristo Quezon City",0,0,0,0,0,0,0,0,0,0,2013-01-06 8:30,Property,14.63257986,121.0449774,Rear-End
None,EDSA,None,None,"No Accident Factor, Rear-end, 0.0 drivers_injured, 0.0 drivers_killed, 0.0 passengers_injured, 0.0 passengers_killed, 0.0 pedestrian_injured, 0.0 pedestrian_killed, Fair (Day), EDSA fronting Total Gas Station, Balintawak Quezon City",MMDA Road Safety Unit,,f48a4bcb-35c3-4b2d-a90d-81df46489dc3,2013-01-05,02:45:00,EDSA before NIA / Shell Gas Station Quezon City,0,0,0,0,0,0,0,0,0,0,2013-01-05 10:45,Property,14.65758376,121.0037763,Rear-End
None,EDSA,None,None,"No Accident Factor, No Collision Stated (based on Police Blotter Book), 0.0 drivers_injured, 0.0 drivers_killed, 0.0 passengers_injured, 0.0 passengers_killed, 0.0 pedestrian_injured, 0.0 pedestrian_killed, Fair (Night), EDSA Quezon Ave. Quezon City",MMDA Road Safety Unit,,4be33386-332b-42b9-bbe6-e0211bc48a48,2013-01-04,13:50:00,"Edsa Mindanao Ave., Ext. Quezon City",0,0,0,0,0,0,0,0,0,0,2013-01-04 21:50,Property,14.6442444,121.0375839,No Collision Stated
None,EDSA,None,None,"No Accident Factor, Side Swipe, 0.0 drivers_injured, 0.0 drivers_killed, 0.0 passengers_injured, 0.0 passengers_killed, 0.0 pedestrian_injured, 0.0 pedestrian_killed, Fair (Day), EDSA Aurora Blvd. Quezon City",MMDA Road Safety Unit,,b89c72b6-aab8-4da5-a5a6-9834fd6a4a77,2013-01-04,06:30:00,EDSA  Eton Centris Bgy. Pag-asa Quezon City,0,0,0,0,0,0,0,0,0,0,2013-01-04 14:30,Property,14.62163653,121.0501573,Side Swipe
None,EDSA,None,None,"No Accident Factor, Rear-end, 0.0 drivers_injured, 0.0 drivers_killed, 0.0 passengers_injured, 0.0 passengers_killed, 0.0 pedestrian_injured, 0.0 pedestrian_killed, Fair (Day), EDSA Kamuning Road Quezon City",MMDA Road Safety Unit,,843dc425-7dc6-4b0e-a24a-67be695a959b,2013-01-04,06:30:00,"EDSA Kaingin Road, Brgy. A. Samson Quezon City",0,0,0,0,0,0,0,0,0,0,2013-01-04 14:30,Property,14.63075725,121.0457548,Rear-End
None,EDSA,None,None,"No Accident Factor, Hit and Run (No Collision Stated), 0.0 drivers_injured, 0.0 drivers_killed, 0.0 passengers_injured, 0.0 passengers_killed, 0.0 pedestrian_injured, 0.0 pedestrian_killed, Fair (Night), EDSA fronting Victory Liner Terminal Quezon City",MMDA Road Safety Unit,,30feabd9-c06e-4905-bd3d-82fdfaabe7de,2013-01-03,10:45:00,"EDSA Kaingin Road, Brgy. A. Samson Quezon City",0,0,0,0,0,0,0,0,0,0,2013-01-03 18:45,Property,14.62438651,121.0487652,No Collision Stated
None,EDSA,None,None,"No Accident Factor, No Collision Stated (based on Police Blotter Book), 0.0 drivers_injured, 0.0 drivers_killed, 0.0 passengers_injured, 0.0 passengers_killed, 0.0 pedestrian_injured, 0.0 pedestrian_killed, Fair (Day), EDSA fronting Victory Liner Terminal Quezon City",MMDA Road Safety Unit,,5eb9cc55-f108-4c75-86e5-d85ba544e86b,2013-01-03,02:00:00,EDSA Camp Crame Quezon City,0,0,0,0,0,0,0,0,0,0,2013-01-03 10:00,Property,14.62438651,121.0487652,No Collision Stated
None,EDSA,None,None,"No Accident Factor, No Collision Stated (based on Police Blotter Book), 0.0 drivers_injured, 0.0 drivers_killed, 0.0 passengers_injured, 0.0 passengers_killed, 0.0 pedestrian_injured, 0.0 pedestrian_killed, Fair (Day), EDSA MRT-North Avenue Station Quezon City",MMDA Road Safety Unit,,3abab245-22a9-4ca4-8e04-4e88209fb8a2,2013-01-02,05:30:00,EDSA Seminary Rd. Quezon City,0,0,0,0,0,0,0,0,0,0,2013-01-02 13:30,Property,14.65223956,121.0323125,No Collision Stated
None,EDSA,None,None,"No Accident Factor, Rear-end, 0.0 drivers_injured, 0.0 drivers_killed, 0.0 passengers_injured, 0.0 passengers_killed, 0.0 pedestrian_injured, 0.0 pedestrian_killed, Fair (Day), EDSA before Kamias Road, Bgy. E. Rodriguez Quezon City",MMDA Road Safety Unit,,764d9027-8ba0-41f1-8b9e-29bc7637e0db,2013-01-02,04:45:00,"EDSA Kamias Road, Parking of Jollibee Quezon City",0,0,0,0,0,0,0,0,0,0,2013-01-02 12:45,Property,14.63042614,121.0461874,Rear-End
None,EDSA,None,None,"No Accident Factor, No Collision Stated (based on Police Blotter Book), 0.0 drivers_injured, 0.0 drivers_killed, 0.0 passengers_injured, 0.0 passengers_killed, 0.0 pedestrian_injured, 0.0 pedestrian_killed, Fair (Night), EDSA Aurora Blvd. Quezon City",MMDA Road Safety Unit,,ed57da6f-c68e-4160-a156-9d89897a076e,2013-01-01,12:00:00,EDSA P. Tuazon Blvd. Quezon City,0,0,0,0,0,0,0,0,0,0,2013-01-01 20:00,Property,14.62163653,121.0501573,No Collision Stated
None,EDSA,None,None,"No Accident Factor, No Collision Stated (based on Police Blotter Book), 0.0 drivers_injured, 0.0 drivers_killed, 0.0 passengers_injured, 0.0 passengers_killed, 0.0 pedestrian_injured, 0.0 pedestrian_killed, Fair (Night), EDSA Aurora Blvd., Cubao Quezon City",MMDA Road Safety Unit,,255793fd-51b8-4897-8487-2736ff11c868,2012-12-31,19:45:00,EDSA Cloverleaf Quezon City,0,0,0,0,0,0,0,0,0,0,2013-01-01 3:45,Property,14.6218043,121.0502049,No Collision Stated
None,EDSA,None,None,"No Accident Factor, Hit and Run (No Collision Stated), 0.0 drivers_injured, 0.0 drivers_killed, 0.0 passengers_injured, 0.0 passengers_killed, 0.0 pedestrian_injured, 0.0 pedestrian_killed, Fair (Night), EDSA at ""U"" turn slot, fronting Jam Liner Bus Terminal, before Kamuning Road Quezon City",MMDA Road Safety Unit,,49c65929-a4b8-405b-beae-90ba6a031952,2012-12-30,13:00:00,EDSA before Arayat St. / Diamond Bldg. Quezon City,0,0,0,0,0,0,0,0,0,0,2012-12-30 21:00,Property,14.63192246,121.0452779,No Collision Stated
None,EDSA,None,None,"No Accident Factor, No Collision Stated (based on Police Blotter Book), 0.0 drivers_injured, 0.0 drivers_killed, 0.0 passengers_injured, 0.0 passengers_killed, 0.0 pedestrian_injured, 0.0 pedestrian_killed, Fair (Night), EDSA  fronting SM North Bgy.Bagong Pag-asa Quezon City",MMDA Road Safety Unit,,ba9bb6d5-1cde-4e50-abad-2af4ab74a8d5,2012-12-30,12:30:00,EDSA  B. Serrano Ave. Quezon City,0,0,0,0,0,0,0,0,0,0,2012-12-30 20:30,Property,14.65595735,121.0290489,No Collision Stated
None,EDSA,None,None,"No Accident Factor, No Collision Stated (based on Police Blotter Book), 0.0 drivers_injured, 0.0 drivers_killed, 0.0 passengers_injured, 0.0 passengers_killed, 0.0 pedestrian_injured, 0.0 pedestrian_killed, Fair (Night), EDSA North Ave. Bagong Pag-asa Quezon City",MMDA Road Safety Unit,,3021dc6d-8a8b-412f-a8f5-25dc3516df80,2012-12-30,10:00:00,EDSA before Quezon Ave. Quezon City,0,0,0,0,0,0,0,0,0,0,2012-12-30 18:00,Property,14.65553839,121.0299647,No Collision Stated
None,EDSA,None,None,"No Accident Factor, Rear-end, 0.0 drivers_injured, 0.0 drivers_killed, 0.0 passengers_injured, 0.0 passengers_killed, 0.0 pedestrian_injured, 0.0 pedestrian_killed, Fair (Day), EDSA Main St. Quezon City",MMDA Road Safety Unit,,137dcb8e-36c5-4104-b294-642753a94bb7,2012-12-30,04:05:00,EDSA Main Ave. Quezon City,0,0,0,0,0,0,0,0,0,0,2012-12-30 12:05,Property,14.61376458,121.0537933,Rear-End
None,EDSA,None,None,"No Accident Factor, Side Swipe, 0.0 drivers_injured, 0.0 drivers_killed, 0.0 passengers_injured, 0.0 passengers_killed, 0.0 pedestrian_injured, 0.0 pedestrian_killed, Fair (Night), EDSA Genesis Bus Terminal Quezon City",MMDA Road Safety Unit,,457e4193-4a0b-480b-b971-504fa6027418,2012-12-29,17:00:00,EDSA P. Tuazon Blvd. Quezon City,0,0,0,0,0,0,0,0,0,0,2012-12-30 1:00,Property,14.6256048,121.0483444,Side Swipe
None,EDSA,None,None,"No Accident Factor, Side Swipe, 0.0 drivers_injured, 0.0 drivers_killed, 0.0 passengers_injured, 0.0 passengers_killed, 0.0 pedestrian_injured, 0.0 pedestrian_killed, Fair (Night), EDSA Aurora Blvd.  Quezon City",MMDA Road Safety Unit,,5b935103-41a6-45cd-8fb3-4d33cb988f6b,2012-12-29,13:45:00,EDSA White Plains Ave. Quezon City,0,0,0,0,0,0,0,0,0,0,2012-12-29 21:45,Property,14.6217569,121.0502544,Side Swipe
None,EDSA,None,None,"No Accident Factor, No Collision Stated (based on Police Blotter Book), 0.0 drivers_injured, 0.0 drivers_killed, 0.0 passengers_injured, 0.0 passengers_killed, 0.0 pedestrian_injured, 0.0 pedestrian_killed, Fair (Night), EDSA R. Magsaysay High Scholl Quezon City",MMDA Road Safety Unit,,730228b4-336e-4ccf-b735-030d9abede50,2012-12-28,21:30:00,"EDSA Cloverleaf Market, Brgy. Balingasa Quezon City",0,0,0,0,0,0,0,0,0,0,2012-12-29 5:30,Property,14.62774693,121.0471762,No Collision Stated
None,EDSA,None,None,"No Accident Factor, No Collision Stated (based on Police Blotter Book), 0.0 drivers_injured, 0.0 drivers_killed, 0.0 passengers_injured, 0.0 passengers_killed, 0.0 pedestrian_injured, 0.0 pedestrian_killed, Fair (Night), EDSA  Whiteplains Quezon City",MMDA Road Safety Unit,,aedc4b6a-82b4-490e-a819-2f84dc2ba894,2012-12-28,10:00:00,EDSA  Congre. Ave. Quezon City,0,0,0,0,0,0,0,0,0,0,2012-12-28 18:00,Property,14.59957564,121.0597557,No Collision Stated
None,EDSA,None,None,"No Accident Factor, No Collision Stated (based on Police Blotter Book), 0.0 drivers_injured, 0.0 drivers_killed, 0.0 passengers_injured, 0.0 passengers_killed, 0.0 pedestrian_injured, 0.0 pedestrian_killed, Fair (Night), EDSA fronting Bus Bay SM North Mall Quezon City",MMDA Road Safety Unit,,8339e594-6866-436a-b87e-d99a63f24cf6,2012-12-27,12:30:00,EDSA fronting LRT Balintawak Quezon City,0,0,0,0,0,0,0,0,0,0,2012-12-27 20:30,Property,14.65587433,121.0291975,No Collision Stated
None,EDSA,None,None,"No Accident Factor, No Collision Stated (based on Police Blotter Book), 0.0 drivers_injured, 0.0 drivers_killed, 0.0 passengers_injured, 0.0 passengers_killed, 0.0 pedestrian_injured, 0.0 pedestrian_killed, Fair (Night), EDSA West Ave. Bgy.Bungad Quezon City",MMDA Road Safety Unit,,f9a4d859-9b97-46c9-b4ab-7a0e02e243d6,2012-12-27,11:45:00,EDSA fronting Balintawak Market Quezon City,0,0,0,0,0,0,0,0,0,0,2012-12-27 19:45,Property,14.65548924,121.0298079,No Collision Stated
None,EDSA,None,None,"No Accident Factor, Side Swipe, 0.0 drivers_injured, 0.0 drivers_killed, 0.0 passengers_injured, 0.0 passengers_killed, 0.0 pedestrian_injured, 0.0 pedestrian_killed, Fair (Night), EDSA North Ave. Quezon City",MMDA Road Safety Unit,,ec9856ee-550a-4e67-b3ca-1186a7bf6545,2012-12-27,10:30:00,EDSA Ramon Magsaysay High School Quezon City,0,0,0,0,0,0,0,0,0,0,2012-12-27 18:30,Property,14.65553839,121.0299647,Side Swipe
None,EDSA,None,None,"No Accident Factor, Rear-end, 0.0 drivers_injured, 0.0 drivers_killed, 0.0 passengers_injured, 0.0 passengers_killed, 0.0 pedestrian_injured, 0.0 pedestrian_killed, Fair (Day), EDSA  fronting National Printing office Bgy.Pinyahan Quezon City",MMDA Road Safety Unit,,0aee06d6-0b7d-485f-9328-db124425a398,2012-12-26,23:40:00,"EDSA fronting Farmers Plaza, Cubao Quezon City",0,0,0,0,0,0,0,0,0,0,2012-12-27 7:40,Property,14.63893077,121.0410411,Rear-End
None,EDSA,None,None,"No Accident Factor, No Collision Stated (based on Police Blotter Book), 0.0 drivers_injured, 0.0 drivers_killed, 0.0 passengers_injured, 0.0 passengers_killed, 0.0 pedestrian_injured, 0.0 pedestrian_killed, Fair (Night), EDSA Congressional Ave. Bgy.R. Magsaysay Quezon City",MMDA Road Safety Unit,,f089612f-d67c-4a09-a27a-d07d0c3c8aef,2012-12-26,14:30:00,EDSA East Ave. Quezon City,0,0,0,0,0,0,0,0,0,0,2012-12-26 22:30,Property,14.6571804,120.9927185,No Collision Stated
None,EDSA,None,None,"No Accident Factor, No Collision Stated (based on Police Blotter Book), 0.0 drivers_injured, 0.0 drivers_killed, 0.0 passengers_injured, 0.0 passengers_killed, 0.0 pedestrian_injured, 0.0 pedestrian_killed, Fair (Day), EDSA Cloverleaf Quezon City",MMDA Road Safety Unit,,b89b125e-ccea-4a65-8e58-f47c169f7846,2012-12-26,07:10:00,EDSA fronting Landmark Supermarket Bgy.Pag-asa Quezon City,0,0,0,0,0,0,0,0,0,0,2012-12-26 15:10,Property,14.65747901,121.0011914,No Collision Stated
None,EDSA,None,None,"No Accident Factor, No Collision Stated (based on Police Blotter Book), 0.0 drivers_injured, 0.0 drivers_killed, 0.0 passengers_injured, 0.0 passengers_killed, 0.0 pedestrian_injured, 0.0 pedestrian_killed, Fair (Night), EDSA Kamuning Road, Bgy. Sacred Heart Quezon City",MMDA Road Safety Unit,,4f00253b-9473-4d86-a76b-db0b6b7d5041,2012-12-25,11:00:00,EDSA fronting INC Bgy.R.Magsaysay Quezon City,0,0,0,0,0,0,0,0,0,0,2012-12-25 19:00,Property,14.63079118,121.0458085,No Collision Stated
None,EDSA,None,None,"No Accident Factor, No Collision Stated (based on Police Blotter Book), 0.0 drivers_injured, 0.0 drivers_killed, 0.0 passengers_injured, 0.0 passengers_killed, 0.0 pedestrian_injured, 0.0 pedestrian_killed, Fair (Day), EDSA fronting Go Soc & Sons Quezon City",MMDA Road Safety Unit,,f76b3b41-8921-4565-b776-d2844a81a64f,2012-12-25,03:30:00,EDSA fronting Foton Quezon City,0,0,0,0,0,0,0,0,0,0,2012-12-25 11:30,Property,14.65770137,121.0142057,No Collision Stated
None,EDSA,None,None,"No Accident Factor, No Collision Stated (based on Police Blotter Book), 0.0 drivers_injured, 0.0 drivers_killed, 0.0 passengers_injured, 0.0 passengers_killed, 0.0 pedestrian_injured, 0.0 pedestrian_killed, Fair (Night), EDSA  fronting Trinoma Mall Quezon City",MMDA Road Safety Unit,,c51a8c8c-6edf-43db-86f4-13bd04833acb,2012-12-24,13:15:00,EDSA before Crossing Shaw Blvd. Quezon City,0,0,0,0,0,0,0,0,0,0,2012-12-24 21:15,Property,14.65300243,121.0319318,No Collision Stated
None,EDSA,None,None,"No Accident Factor, Self-Accident, 0.0 drivers_injured, 0.0 drivers_killed, 0.0 passengers_injured, 0.0 passengers_killed, 0.0 pedestrian_injured, 0.0 pedestrian_killed, Fair (Night), EDSA Quezon Ave. S/B Quezon City",MMDA Road Safety Unit,,13f10e53-cdf8-4454-8249-f1aaf6d4554e,2012-12-23,15:00:00,EDSA before Kamias Road  Quezon City,0,0,0,0,0,0,0,0,0,0,2012-12-23 23:00,Property,14.6442444,121.0375839,Self-Accident
None,EDSA,None,None,"No Accident Factor, No Collision Stated (based on Police Blotter Book), 0.0 drivers_injured, 0.0 drivers_killed, 0.0 passengers_injured, 0.0 passengers_killed, 0.0 pedestrian_injured, 0.0 pedestrian_killed, Fair (Day), EDSA before Congressional Ave. Quezon City",MMDA Road Safety Unit,,a10441b8-f0c7-4325-aea7-7af31ed892ea,2012-12-23,07:30:00,EDSA fronting SM Annex Bgy.Pag-asa Quezon City,0,0,0,0,0,0,0,0,0,0,2012-12-23 15:30,Property,14.65776988,121.0203598,No Collision Stated
None,EDSA,None,None,"No Accident Factor, No Collision Stated (based on Police Blotter Book), 0.0 drivers_injured, 0.0 drivers_killed, 0.0 passengers_injured, 0.0 passengers_killed, 0.0 pedestrian_injured, 0.0 pedestrian_killed, Fair (Day), EDSA Congressional Ave. Quezon City",MMDA Road Safety Unit,,2c750a27-a4a0-4f18-8770-c2e4086882b8,2012-12-22,05:20:00,EDSA Mindanao Ave. Extn. Quezon City,0,0,0,0,0,0,0,0,0,0,2012-12-22 13:20,Property,14.6571804,120.9927185,No Collision Stated
None,EDSA,None,None,"No Accident Factor, No Collision Stated (based on Police Blotter Book), 0.0 drivers_injured, 0.0 drivers_killed, 0.0 passengers_injured, 0.0 passengers_killed, 0.0 pedestrian_injured, 0.0 pedestrian_killed, Fair (Day), EDSA Misamis St. Bgy.Sto.Cristo Quezon City",MMDA Road Safety Unit,,34983898-cade-4437-b2ac-01122e2bd4de,2012-12-22,03:10:00,EDSA Howmart Road Bgy.Baesa Quezon City,0,0,0,0,0,0,0,0,0,0,2012-12-22 11:10,Property,14.65602348,121.0285212,No Collision Stated
None,EDSA,None,None,"No Accident Factor, No Collision Stated (based on Police Blotter Book), 0.0 drivers_injured, 0.0 drivers_killed, 0.0 passengers_injured, 0.0 passengers_killed, 0.0 pedestrian_injured, 0.0 pedestrian_killed, Fair (Day), EDSA fronting Go Soc & Sons Bldg. Quezon City",MMDA Road Safety Unit,,127f3972-cecc-4313-9613-970e032d5a5a,2012-12-22,02:15:00,EDSA before Congressional Ave. Bgy.R.Magsaysay Quezon City,0,0,0,0,0,0,0,0,0,0,2012-12-22 10:15,Property,14.65770137,121.0142057,No Collision Stated
None,EDSA,None,None,"No Accident Factor, Hit and Run (No Collision Stated), 0.0 drivers_injured, 0.0 drivers_killed, 0.0 passengers_injured, 0.0 passengers_killed, 0.0 pedestrian_injured, 0.0 pedestrian_killed, Fair (Day), EDSA  before Congressional Ave. Quezon City",MMDA Road Safety Unit,,fd41e7cf-8370-45c7-92aa-a929ccaae7c3,2012-12-21,07:30:00,EDSA Quezon Ave. uturn slot Bgy.Pag-asa Quezon City,0,0,0,0,0,0,0,0,0,0,2012-12-21 15:30,Property,14.65776876,121.0202282,No Collision Stated
None,EDSA,None,None,"No Accident Factor, No Collision Stated (based on Police Blotter Book), 0.0 drivers_injured, 0.0 drivers_killed, 0.0 passengers_injured, 0.0 passengers_killed, 0.0 pedestrian_injured, 0.0 pedestrian_killed, Fair (Day), EDSA P. Tuazon Blvd. Quezon City",MMDA Road Safety Unit,,c5dff2ac-a029-44ce-bba7-d60c58e447d7,2012-12-21,05:30:00,EDSA Waltermart Quezon City,0,0,0,0,0,0,0,0,0,0,2012-12-21 13:30,Property,14.61656342,121.0525225,No Collision Stated
None,EDSA,None,None,"No Accident Factor, No Collision Stated (based on Police Blotter Book), 1.0 drivers_injured, 0.0 drivers_killed, 0.0 passengers_injured, 0.0 passengers_killed, 0.0 pedestrian_injured, 0.0 pedestrian_killed, Fair (Day), EDSA West Ave. Quezon City",MMDA Road Safety Unit,,e6d71ec0-c80a-4887-a5e9-1c9e23dd1344,2012-12-21,03:00:00,EDSA West Ave. Quezon City,0,0,0,1,0,0,0,0,0,1,2012-12-21 11:00,Injury,14.65548924,121.0298079,No Collision Stated
None,EDSA,None,None,"No Accident Factor, No Collision Stated (based on Police Blotter Book), 0.0 drivers_injured, 0.0 drivers_killed, 0.0 passengers_injured, 0.0 passengers_killed, 0.0 pedestrian_injured, 0.0 pedestrian_killed, Fair (Night), EDSA  before Corregidor St. Bgy.Alicia Quezon City",MMDA Road Safety Unit,,a81a83db-2883-40d5-96dc-4100edee05b9,2012-12-20,12:30:00,EDSA Kamias Road Quezon City,0,0,0,0,0,0,0,0,0,0,2012-12-20 20:30,Property,14.65704885,121.0241184,No Collision Stated
None,EDSA,None,None,"No Accident Factor, No Collision Stated (based on Police Blotter Book), 0.0 drivers_injured, 0.0 drivers_killed, 0.0 passengers_injured, 0.0 passengers_killed, 0.0 pedestrian_injured, 0.0 pedestrian_killed, Fair (Day), EDSA West Ave. Bgy.Bungad Quezon City",MMDA Road Safety Unit,,e15ddce4-97d8-4f36-922b-41df50753327,2012-12-20,05:45:00,EDSA Congressional Ave. Bgy.R.Magsaysay Quezon City,0,0,0,0,0,0,0,0,0,0,2012-12-20 13:45,Property,14.65548924,121.0298079,No Collision Stated
None,EDSA,None,None,"No Accident Factor, No Collision Stated (based on Police Blotter Book), 0.0 drivers_injured, 0.0 drivers_killed, 0.0 passengers_injured, 0.0 passengers_killed, 0.0 pedestrian_injured, 0.0 pedestrian_killed, Fair (Day), EDSA Misamis St. Sto.Cristo Quezon City",MMDA Road Safety Unit,,a32e0400-c0fa-4d0a-8e67-713937261112,2012-12-19,08:35:00,EDSA Monte De Piedad Street Quezon City,0,0,0,0,0,0,0,0,0,0,2012-12-19 16:35,Property,14.65602348,121.0285212,No Collision Stated