LOCATION_TEXT,ROAD,WEATHER,LIGHT,DESC,REPORTING_AGENCY,MAIN_CAUSE,INCIDENTDETAILS_ID,DATE_UTC,TIME_UTC,ADDRESS,killed_driver,killed_passenger,killed_pedestrian,injured_driver,injured_passenger,injured_pedestrian,killed_uncategorized,injured_uncategorized,killed_total,injured_total,DATETIME_PST,SEVERITY,Y,X,COLLISION_TYPE
None,EDSA,None,None,"No Accident Factor, No Collision Stated (based on Police Blotter Book), 0.0 drivers_injured, 0.0 drivers_killed, 0.0 passengers_injured, 0.0 passengers_killed, 0.0 pedestrian_injured, 0.0 pedestrian_killed, Fair (Day), EDSA fronting Dagupan Bus Terminal  Quezon City",MMDA Road Safety Unit,,d0f00ae8-b0a9-4612-9184-6157c54dbaa7,2012-12-18,07:30:00,EDSA fronting INC Brgy.R.Magsaysay Quezon City,0,0,0,0,0,0,0,0,0,0,2012-12-18 15:30,Property,14.62584627,121.0480562,No Collision Stated
None,EDSA,None,None,"No Accident Factor, No Collision Stated (based on Police Blotter Book), 0.0 drivers_injured, 0.0 drivers_killed, 27.0 passengers_injured, 0.0 passengers_killed, 0.0 pedestrian_injured, 0.0 pedestrian_killed, Fair (Day), EDSA  Quezon Ave. Bgy.West Triangle Quezon City",MMDA Road Safety Unit,,d6b163e6-8af1-422e-bf48-d33bf987ae42,2012-12-18,05:30:00,EDSA Quezon Avenue Quezon City,0,0,0,0,27,0,0,0,0,27,2012-12-18 13:30,Injury,14.64407795,121.0375572,Angle Impact
None,EDSA,None,None,"No Accident Factor, No Collision Stated (based on Police Blotter Book), 0.0 drivers_injured, 0.0 drivers_killed, 3.0 passengers_injured, 0.0 passengers_killed, 0.0 pedestrian_injured, 0.0 pedestrian_killed, Fair (Night), EDSA fronting 7-11 before Congressional Ave. Bgy.R.Magsaysay Quezon City",MMDA Road Safety Unit,,ed233771-fa72-41d4-bfee-bbc26bad0f65,2012-12-17,21:00:00,EDSA fronting Trinoma Mall Bgy.Bagong Pag-asa Quezon City,0,0,0,0,3,0,0,0,0,3,2012-12-18 5:00,Injury,14.65773952,121.0205576,No Collision Stated
None,EDSA,None,None,"No Accident Factor, No Collision Stated (based on Police Blotter Book), 1.0 drivers_injured, 0.0 drivers_killed, 0.0 passengers_injured, 0.0 passengers_killed, 0.0 pedestrian_injured, 0.0 pedestrian_killed, Fair (Night), EDSA Congressional Ave. Bago Bantay Quezon City",MMDA Road Safety Unit,,eca7e035-bbbb-4f15-878c-e011e6255a80,2012-12-17,17:00:00,Edsa  B. Serrano Ave. Brgy. Socorro Quezon City,0,0,0,1,0,0,0,0,0,1,2012-12-18 1:00,Injury,14.6571804,120.9927185,No Collision Stated
None,EDSA,None,None,"No Accident Factor, No Collision Stated (based on Police Blotter Book), 0.0 drivers_injured, 0.0 drivers_killed, 0.0 passengers_injured, 0.0 passengers_killed, 0.0 pedestrian_injured, 0.0 pedestrian_killed, Fair (Day), EDSA Misamis St. Bagong Pag asa Quezon City",MMDA Road Safety Unit,,c67ee4f6-9351-4a12-b6db-00bfa9de3ded,2012-12-17,08:30:00,"EDSA after Waltermart, Bgy. Veterans Village Quezon City",0,0,0,0,0,0,0,0,0,0,2012-12-17 16:30,Property,14.65602348,121.0285212,No Collision Stated
None,EDSA,None,None,"No Accident Factor, No Collision Stated (based on Police Blotter Book), 0.0 drivers_injured, 0.0 drivers_killed, 0.0 passengers_injured, 0.0 passengers_killed, 0.0 pedestrian_injured, 0.0 pedestrian_killed, Fair (Day), EDSA West Ave. Quezon City",MMDA Road Safety Unit,,0b631f59-0ae1-4a87-ae72-bb6011fbd621,2012-12-17,08:30:00,EDSA Victory Liner Bus Terminal Quezon City,0,0,0,0,0,0,0,0,0,0,2012-12-17 16:30,Property,14.65548924,121.0298079,No Collision Stated
None,EDSA,None,None,"No Accident Factor, No Collision Stated (based on Police Blotter Book), 0.0 drivers_injured, 0.0 drivers_killed, 0.0 passengers_injured, 0.0 passengers_killed, 0.0 pedestrian_injured, 0.0 pedestrian_killed, Fair (Day), EDSA Corregidor St. R.Magsaysay Quezon City",MMDA Road Safety Unit,,0d792474-a967-468c-9951-433faa982482,2012-12-17,01:30:00,EDSA fronting Mercury Drug Store before West Ave. Quezon City,0,0,0,0,0,0,0,0,0,0,2012-12-17 9:30,Property,14.65707679,121.0241648,No Collision Stated
None,EDSA,None,None,"No Accident Factor, No Collision Stated (based on Police Blotter Book), 0.0 drivers_injured, 0.0 drivers_killed, 0.0 passengers_injured, 0.0 passengers_killed, 0.0 pedestrian_injured, 0.0 pedestrian_killed, Fair (Night), EDSA Roosevelt Ave. Quezon City",MMDA Road Safety Unit,,4f18f8b2-0cc3-456c-9e06-2c376fed77d9,2012-12-15,13:45:00,EDSA GMA 7 MRT Station Quezon City,0,0,0,0,0,0,0,0,0,0,2012-12-15 21:45,Property,14.65762047,121.0196373,No Collision Stated
None,EDSA,None,None,"No Accident Factor, Hit and Run (No Collision Stated), 0.0 drivers_injured, 0.0 drivers_killed, 0.0 passengers_injured, 0.0 passengers_killed, 0.0 pedestrian_injured, 0.0 pedestrian_killed, Fair (Night), EDSA SM North Loading Bay Quezon City",MMDA Road Safety Unit,,3b555d68-8889-4054-9c45-c9a15d703c36,2012-12-15,12:00:00,EDSA before Congressional Ave. Quezon City,0,0,0,0,0,0,0,0,0,0,2012-12-15 20:00,Property,14.65645143,121.0271077,No Collision Stated
None,EDSA,None,None,"No Accident Factor, No Collision Stated (based on Police Blotter Book), 0.0 drivers_injured, 0.0 drivers_killed, 0.0 passengers_injured, 0.0 passengers_killed, 0.0 pedestrian_injured, 0.0 pedestrian_killed, Fair (Night), EDSA Roosevelt Ave. Quezon City",MMDA Road Safety Unit,,350569e8-240a-4382-a302-87f23360156d,2012-12-15,12:00:00,EDSA Congressional Ave. Quezon City,0,0,0,0,0,0,0,0,0,0,2012-12-15 20:00,Property,14.65762047,121.0196373,No Collision Stated
None,EDSA,None,None,"No Accident Factor, No Collision Stated (based on Police Blotter Book), 0.0 drivers_injured, 0.0 drivers_killed, 0.0 passengers_injured, 0.0 passengers_killed, 0.0 pedestrian_injured, 0.0 pedestrian_killed, Fair (Night), EDSA fronting Trinoma Mall Quezon City",MMDA Road Safety Unit,,924c0040-1c94-4c2b-a055-03f5e668567a,2012-12-15,11:15:00,EDSA Timog Avenue Quezon City,0,0,0,0,0,0,0,0,0,0,2012-12-15 19:15,Property,14.65249719,121.0322415,No Collision Stated
None,EDSA,None,None,"No Accident Factor, No Collision Stated (based on Police Blotter Book), 0.0 drivers_injured, 0.0 drivers_killed, 0.0 passengers_injured, 0.0 passengers_killed, 0.0 pedestrian_injured, 0.0 pedestrian_killed, Fair (Night), EDSA  fronting Trinoma Mall before North Ave. Quezon City",MMDA Road Safety Unit,,d02a5240-3b41-4e71-8fa9-6a79b68fae2d,2012-12-15,10:30:00,"EDSA Centris Station, before Quezon Ave. Quezon City",0,0,0,0,0,0,0,0,0,0,2012-12-15 18:30,Property,14.65300243,121.0319318,No Collision Stated
None,EDSA,None,None,"No Accident Factor, No Collision Stated (based on Police Blotter Book), 0.0 drivers_injured, 0.0 drivers_killed, 0.0 passengers_injured, 0.0 passengers_killed, 0.0 pedestrian_injured, 0.0 pedestrian_killed, Fair (Day), EDSA Mindanao Ave. Ext. B.Pag asa Quezon City",MMDA Road Safety Unit,,68ef0f4b-6b3a-41bc-bcbb-e4773a0c57ec,2012-12-15,07:30:00,Edsa  Main Ave.   Quezon City,0,0,0,0,0,0,0,0,0,0,2012-12-15 15:30,Property,14.65052386,121.0335656,No Collision Stated
None,EDSA,None,None,"No Accident Factor, No Collision Stated (based on Police Blotter Book), 0.0 drivers_injured, 0.0 drivers_killed, 0.0 passengers_injured, 0.0 passengers_killed, 0.0 pedestrian_injured, 0.0 pedestrian_killed, Fair (Day), EDSA before Mindanao Ave. ext. Quezon City",MMDA Road Safety Unit,,41b6691e-1e9b-48f0-8cfd-52d979eb2b86,2012-12-15,04:00:00,EDSA Fronting SM North Bus Bay Quezon City,0,0,0,0,0,0,0,0,0,0,2012-12-15 12:00,Property,14.65032687,121.0335968,No Collision Stated
None,EDSA,None,None,"No Accident Factor, No Collision Stated (based on Police Blotter Book), 0.0 drivers_injured, 0.0 drivers_killed, 0.0 passengers_injured, 0.0 passengers_killed, 0.0 pedestrian_injured, 0.0 pedestrian_killed, Fair (Day), EDSA  Misamis St. Quezon City",MMDA Road Safety Unit,,481e3316-adb1-4796-8ebb-b36c82541c1e,2012-12-14,05:45:00,Edsa  Fronting Corinthian GArden Quezon City,0,0,0,0,0,0,0,0,0,0,2012-12-14 13:45,Property,14.65605724,121.0285553,No Collision Stated
None,EDSA,None,None,"No Accident Factor, Side Swipe, 0.0 drivers_injured, 0.0 drivers_killed, 0.0 passengers_injured, 0.0 passengers_killed, 0.0 pedestrian_injured, 0.0 pedestrian_killed, Fair (Night), EDSA corner Main Avenue Quezon City",MMDA Road Safety Unit,,ddf92ff6-3b28-42aa-8a51-d0fb05a06986,2012-12-13,15:00:00,EDSA New York Street Quezon City,0,0,0,0,0,0,0,0,0,0,2012-12-13 23:00,Property,14.6571804,120.9927185,Side Swipe
None,EDSA,None,None,"No Accident Factor, No Collision Stated (based on Police Blotter Book), 0.0 drivers_injured, 0.0 drivers_killed, 0.0 passengers_injured, 0.0 passengers_killed, 0.0 pedestrian_injured, 0.0 pedestrian_killed, Fair (Day), EDSA Corregidor St. Magsaysay Quezon City",MMDA Road Safety Unit,,b043a89f-80ed-4187-a67f-e391a5844e3d,2012-12-13,02:45:00,EDSA Timog Avenue Quezon City,0,0,0,0,0,0,0,0,0,0,2012-12-13 10:45,Property,14.65707679,121.0241648,No Collision Stated
None,EDSA,None,None,"No Accident Factor, No Collision Stated (based on Police Blotter Book), 0.0 drivers_injured, 0.0 drivers_killed, 0.0 passengers_injured, 0.0 passengers_killed, 0.0 pedestrian_injured, 0.0 pedestrian_killed, Fair (Night), EDSA fronting Corinthian Garden (NB), Brgy. Whiteplains Quezon City",MMDA Road Safety Unit,,42a7791e-c6f9-48be-8a97-0e720ca04f1f,2012-12-12,16:00:00,EDSA P. Tuazon Blvd. Quezon City,0,0,0,0,0,0,0,0,0,0,2012-12-13,Property,14.5956398,121.0594464,No Collision Stated
None,EDSA,None,None,"No Accident Factor, Rear-end, 1.0 drivers_injured, 0.0 drivers_killed, 0.0 passengers_injured, 0.0 passengers_killed, 0.0 pedestrian_injured, 0.0 pedestrian_killed, Fair (Day), EDSA corner Main Avenue, Socorro Quezon City",MMDA Road Safety Unit,,4ea3adc9-d323-475d-82b8-a234664f9a15,2012-12-11,05:30:00,EDSA Sct. Borromeo Street  Quezon City,0,0,0,1,0,0,0,0,0,1,2012-12-11 13:30,Injury,14.6571804,120.9927185,Rear-End
None,EDSA,None,None,"No Accident Factor, No Collision Stated (based on Police Blotter Book), 0.0 drivers_injured, 0.0 drivers_killed, 0.0 passengers_injured, 0.0 passengers_killed, 0.0 pedestrian_injured, 0.0 pedestrian_killed, Fair (Night), EDSA Lemon Square Bldg. Quezon City",MMDA Road Safety Unit,,f86228c0-0463-46f3-abed-ada34d52ea9e,2012-12-08,11:00:00,Edsa  Whiteplain Ave. Quezon City,0,0,0,0,0,0,0,0,0,0,2012-12-08 19:00,Property,14.6571804,120.9927185,No Collision Stated
None,EDSA,None,None,"No Accident Factor, No Collision Stated (based on Police Blotter Book), 0.0 drivers_injured, 0.0 drivers_killed, 0.0 passengers_injured, 0.0 passengers_killed, 0.0 pedestrian_injured, 0.0 pedestrian_killed, Fair (Day), EDSA Misamis St. Quezon City",MMDA Road Safety Unit,,d473a571-e22e-46e3-8fe5-f44150fc693c,2012-12-08,09:00:00,EDSA fronting Jackman Bgy.R.Magsaysay Quezon City,0,0,0,0,0,0,0,0,0,0,2012-12-08 17:00,Property,14.65602348,121.0285212,No Collision Stated
None,EDSA,None,None,"No Accident Factor, Side Swipe, 0.0 drivers_injured, 0.0 drivers_killed, 0.0 passengers_injured, 0.0 passengers_killed, 0.0 pedestrian_injured, 0.0 pedestrian_killed, Fair (Night), EDSA before Shell Gas Station near Main Avenue, Brgy. Socorro Quezon City",MMDA Road Safety Unit,,efb7d0f0-fbb2-440d-92c0-c60f2e1cd6e2,2012-12-07,13:45:00,EDSA Kamias Street Quezon City,0,0,0,0,0,0,0,0,0,0,2012-12-07 21:45,Property,14.61348519,121.0539799,Side Swipe
None,EDSA,None,None,"No Accident Factor, No Collision Stated (based on Police Blotter Book), 0.0 drivers_injured, 0.0 drivers_killed, 0.0 passengers_injured, 0.0 passengers_killed, 0.0 pedestrian_injured, 0.0 pedestrian_killed, Fair (Day), EDSA Roosevelt Ave. Quezon City",MMDA Road Safety Unit,,79653c82-ce20-4782-8d79-93c80eb7f157,2012-12-07,03:30:00,EDSA Oliveros Drive Bgy. A Samson Quezon City,0,0,0,0,0,0,0,0,0,0,2012-12-07 11:30,Property,14.65762047,121.0196373,No Collision Stated
None,EDSA,None,None,"No Accident Factor, No Collision Stated (based on Police Blotter Book), 1.0 drivers_injured, 0.0 drivers_killed, 1.0 passengers_injured, 0.0 passengers_killed, 0.0 pedestrian_injured, 0.0 pedestrian_killed, Fair (Day), EDSA Nepa Q-Mart Quezon City",MMDA Road Safety Unit,,2db73987-87c8-4069-a758-a4b950fecbb6,2012-12-07,03:30:00,EDSA Aurora Blvd. Quezon City,0,0,0,1,1,0,0,0,0,2,2012-12-07 11:30,Injury,14.62805361,121.0472521,No Collision Stated
None,EDSA,None,None,"No Accident Factor, Rear-end, 0.0 drivers_injured, 0.0 drivers_killed, 0.0 passengers_injured, 0.0 passengers_killed, 0.0 pedestrian_injured, 0.0 pedestrian_killed, Fair (Night), EDSA before Oliveros St. Bgy.A.Samson Quezon City",MMDA Road Safety Unit,,da0b0a33-c85f-4aaf-8263-9270fb76b062,2012-12-06,20:10:00,EDSA fronting Trinomal Mall Quezon City,0,0,0,0,0,0,0,0,0,0,2012-12-07 4:10,Property,14.65762279,121.0068606,Rear-End
None,EDSA,None,None,"No Accident Factor, Side Swipe, 0.0 drivers_injured, 0.0 drivers_killed, 0.0 passengers_injured, 0.0 passengers_killed, 0.0 pedestrian_injured, 0.0 pedestrian_killed, Fair (Night), EDSA   near Mrt Kamuning Station,Brgy.Kamuning Quezon City",MMDA Road Safety Unit,,0e7ba2a9-dc81-440c-9578-05d07344165f,2012-12-06,13:00:00,EDSA Col. B. Serrano Avenue Quezon City,0,0,0,0,0,0,0,0,0,0,2012-12-06 21:00,Property,14.63528,121.0433511,Side Swipe
None,EDSA,None,None,"No Accident Factor, No Collision Stated (based on Police Blotter Book), 0.0 drivers_injured, 0.0 drivers_killed, 0.0 passengers_injured, 0.0 passengers_killed, 0.0 pedestrian_injured, 0.0 pedestrian_killed, Fair (Day), EDSA Roosevelt Ave. Quezon City",MMDA Road Safety Unit,,076a09cb-70db-462c-af4e-7b67967a1d94,2012-12-06,08:30:00,EDSA corner B. Serrano Avenue Quezon City,0,0,0,0,0,0,0,0,0,0,2012-12-06 16:30,Property,14.65762047,121.0196373,No Collision Stated
None,EDSA,None,None,"No Accident Factor, Side Swipe, 0.0 drivers_injured, 0.0 drivers_killed, 0.0 passengers_injured, 0.0 passengers_killed, 0.0 pedestrian_injured, 0.0 pedestrian_killed, Fair (Night), EDSA   Fronting JAC liner Bus Terminal Quezon City",MMDA Road Safety Unit,,b3d71a08-23cd-45a7-a15d-8bcff68580cf,2012-12-05,12:15:00,"EDSA at ""U"" turn slot, near INC Bgy.R.Magsaysay Quezon City",0,0,0,0,0,0,0,0,0,0,2012-12-05 20:15,Property,14.63139843,121.0458007,Side Swipe
None,EDSA,None,None,"No Accident Factor, No Collision Stated (based on Police Blotter Book), 0.0 drivers_injured, 0.0 drivers_killed, 0.0 passengers_injured, 0.0 passengers_killed, 0.0 pedestrian_injured, 0.0 pedestrian_killed, Fair (Night), EDSA fronting INC before Alley I Bago Bantay Quezon City",MMDA Road Safety Unit,,c73b2831-abe2-4078-8b9e-9c9ace193f44,2012-12-05,12:05:00,EDSA near New York Street Quezon City,0,0,0,0,0,0,0,0,0,0,2012-12-05 20:05,Property,14.65749652,121.0222666,No Collision Stated
None,EDSA,None,None,"No Accident Factor, Side Swipe, 0.0 drivers_injured, 0.0 drivers_killed, 0.0 passengers_injured, 0.0 passengers_killed, 0.0 pedestrian_injured, 0.0 pedestrian_killed, Fair (Day), EDSA Roosevelt Ave. Bgy.Katipu Quezon City",MMDA Road Safety Unit,,a254f13f-0dc0-4c19-8e4c-cb6285dc7eb7,2012-12-05,06:15:00,EDSA West Ave. Quezon City,0,0,0,0,0,0,0,0,0,0,2012-12-05 14:15,Property,14.65762047,121.0196373,Side Swipe
None,EDSA,None,None,"No Accident Factor, No Collision Stated (based on Police Blotter Book), 1.0 drivers_injured, 0.0 drivers_killed, 0.0 passengers_injured, 0.0 passengers_killed, 0.0 pedestrian_injured, 0.0 pedestrian_killed, Fair (Day), EDSA fronting Word of Hope Bldg. Quezon City",MMDA Road Safety Unit,,cfa710f9-a7a3-49c0-9149-cbbc22f56940,2012-12-04,22:45:00,EDSA Quezon Avenue Quezon City,0,0,0,1,0,0,0,0,0,1,2012-12-05 6:45,Injury,14.65588139,121.0285421,No Collision Stated
None,EDSA,None,None,"No Accident Factor, No Collision Stated (based on Police Blotter Book), 0.0 drivers_injured, 0.0 drivers_killed, 0.0 passengers_injured, 0.0 passengers_killed, 0.0 pedestrian_injured, 0.0 pedestrian_killed, Fair (Night), EDSA before Seminary Road Bgy.Bahay Toro Quezon City",MMDA Road Safety Unit,,19ca3ebe-efbf-41db-b25b-60d1c7d25848,2012-12-04,21:15:00,EDSA West Ave. Bgy. Philam Quezon City,0,0,0,0,0,0,0,0,0,0,2012-12-05 5:15,Property,14.65779218,121.0178465,No Collision Stated
None,EDSA,None,None,"No Accident Factor, No Collision Stated (based on Police Blotter Book), 0.0 drivers_injured, 0.0 drivers_killed, 0.0 passengers_injured, 0.0 passengers_killed, 0.0 pedestrian_injured, 0.0 pedestrian_killed, Fair (Night), EDSA Balintawak Market Bgy.A.Samson Quezon City",MMDA Road Safety Unit,,d871dcab-5c50-4df3-9586-c92b1e726b47,2012-12-04,20:30:00,EDSA Quezon Ave. Quezon City,0,0,0,0,0,0,0,0,0,0,2012-12-05 4:30,Property,14.65740947,121.0025737,No Collision Stated
None,EDSA,None,None,"No Accident Factor, No Collision Stated (based on Police Blotter Book), 0.0 drivers_injured, 0.0 drivers_killed, 0.0 passengers_injured, 0.0 passengers_killed, 0.0 pedestrian_injured, 0.0 pedestrian_killed, Fair (Day), EDSA  Roosevelt Ave. Quezon City",MMDA Road Safety Unit,,282cbd68-0cca-48f0-8b54-e481fac06f51,2012-12-04,07:30:00,Edsa  Fronting Gate 3 Camp Aguinaldo Quezon City,0,0,0,0,0,0,0,0,0,0,2012-12-04 15:30,Property,14.65761995,121.0195759,No Collision Stated
None,EDSA,None,None,"No Accident Factor, No Collision Stated (based on Police Blotter Book), 0.0 drivers_injured, 0.0 drivers_killed, 0.0 passengers_injured, 0.0 passengers_killed, 0.0 pedestrian_injured, 0.0 pedestrian_killed, Fair (Day), EDSA Philam uturn slot Quezon City",MMDA Road Safety Unit,,2db87096-df0c-45a2-883d-eab913156888,2012-12-04,06:00:00,EDSA Arayat Street Quezon City,0,0,0,0,0,0,0,0,0,0,2012-12-04 14:00,Property,14.65280875,121.0317622,No Collision Stated
None,EDSA,None,None,"No Accident Factor, Side Swipe, 0.0 drivers_injured, 0.0 drivers_killed, 0.0 passengers_injured, 0.0 passengers_killed, 0.0 pedestrian_injured, 0.0 pedestrian_killed, Fair (Day), EDSA P. Tuazon Blvd. Quezon City",MMDA Road Safety Unit,,43cbd474-98cd-441b-8d91-97033d430abe,2012-12-04,00:20:00,EDSA QCPD Station 10 Quezon City,0,0,0,0,0,0,0,0,0,0,2012-12-04 8:20,Property,14.61656342,121.0525225,Side Swipe
None,EDSA,None,None,"No Accident Factor, No Collision Stated (based on Police Blotter Book), 0.0 drivers_injured, 0.0 drivers_killed, 0.0 passengers_injured, 0.0 passengers_killed, 0.0 pedestrian_injured, 0.0 pedestrian_killed, Fair (Night), EDSA West Ave. Quezon City",MMDA Road Safety Unit,,1b890504-1dcf-4b96-bf57-cff3d8c5906a,2012-12-03,11:20:00,"EDSA before Oliveros Drive, Bgy. Apolonio Samson Quezon City",0,0,0,0,0,0,0,0,0,0,2012-12-03 19:20,Property,14.65548924,121.0298079,No Collision Stated
None,EDSA,None,None,"No Accident Factor, No Collision Stated (based on Police Blotter Book), 0.0 drivers_injured, 0.0 drivers_killed, 0.0 passengers_injured, 0.0 passengers_killed, 0.0 pedestrian_injured, 0.0 pedestrian_killed, Fair (Night), EDSA  fronting INC Church uturn slot Quezon City",MMDA Road Safety Unit,,79b338c4-f7ef-4974-b6a3-b7ef2a4d1229,2012-12-03,11:00:00,EDSA Kamuning Road Quezon City,0,0,0,0,0,0,0,0,0,0,2012-12-03 19:00,Property,14.65727332,121.0226195,No Collision Stated
None,EDSA,None,None,"No Accident Factor, Angle Impact, 0.0 drivers_injured, 0.0 drivers_killed, 1.0 passengers_injured, 0.0 passengers_killed, 0.0 pedestrian_injured, 0.0 pedestrian_killed, Fair (Day), EDSA Kamias Road Quezon City",MMDA Road Safety Unit,,e897dbf8-ca2c-434d-9649-3b623d493a02,2012-12-02,00:00:00,EDSA GMA Kamuning (UTS) Quezon City,0,0,0,0,1,0,0,0,0,1,2012-12-02 8:00,Injury,14.6309142,121.0459376,Angle Impact
None,EDSA,None,None,"No Accident Factor, Hit and Run (No Collision Stated), 0.0 drivers_injured, 0.0 drivers_killed, 0.0 passengers_injured, 0.0 passengers_killed, 0.0 pedestrian_injured, 0.0 pedestrian_killed, Fair (Night), EDSA Quezon Ave. Bgy.Bagong Pag asa Quezon City",MMDA Road Safety Unit,,5b286074-bb5c-409e-9611-63be6f1a670f,2012-12-01,20:30:00,EDSA fronting Cloverleaf Market Bgy. Balingasa  Quezon City,0,0,0,0,0,0,0,0,0,0,2012-12-02 4:30,Property,14.6442444,121.0375839,No Collision Stated
None,EDSA,None,None,"No Accident Factor, No Collision Stated (based on Police Blotter Book), 0.0 drivers_injured, 0.0 drivers_killed, 0.0 passengers_injured, 0.0 passengers_killed, 0.0 pedestrian_injured, 0.0 pedestrian_killed, Fair (Night), EDSA  Roosevelt Ave. Bgy.Veterans Quezon City",MMDA Road Safety Unit,,bd97a8e7-b471-4276-8eec-83f4ce26b141,2012-12-01,10:55:00,EDSA fronting Jam Liner Bus Terminal Quezon City,0,0,0,0,0,0,0,0,0,0,2012-12-01 18:55,Property,14.65761995,121.0195759,No Collision Stated
None,EDSA,None,None,"No Accident Factor, No Collision Stated (based on Police Blotter Book), 0.0 drivers_injured, 0.0 drivers_killed, 0.0 passengers_injured, 0.0 passengers_killed, 0.0 pedestrian_injured, 0.0 pedestrian_killed, Fair (Day), EDSA West Ave. Quezon City",MMDA Road Safety Unit,,3e737c86-6369-454b-a35d-2cdff6ab9f0c,2012-12-01,08:50:00,EDSA fronting Balintawak Market Quezon City,0,0,0,0,0,0,0,0,0,0,2012-12-01 16:50,Property,14.65548924,121.0298079,No Collision Stated
None,EDSA,None,None,"No Accident Factor, No Collision Stated (based on Police Blotter Book), 0.0 drivers_injured, 0.0 drivers_killed, 0.0 passengers_injured, 0.0 passengers_killed, 0.0 pedestrian_injured, 0.0 pedestrian_killed, Fair (Day), EDSA Bansalangin Bgy.Veteran Quezon City",MMDA Road Safety Unit,,c75ecc94-6820-42de-8331-917967ccf0dd,2012-12-01,07:45:00,"EDSA at ""U"" turn slot, Mapagmahal St. Quezon City",0,0,0,0,0,0,0,0,0,0,2012-12-01 15:45,Property,14.6567996,121.0241845,No Collision Stated
None,EDSA,None,None,"No Accident Factor, No Collision Stated (based on Police Blotter Book), 0.0 drivers_injured, 0.0 drivers_killed, 0.0 passengers_injured, 0.0 passengers_killed, 0.0 pedestrian_injured, 0.0 pedestrian_killed, Fair (Day), EDSA Bansalangin Bgy.Veteran Quezon City",MMDA Road Safety Unit,,b6c60f75-b499-4ce4-99a1-89622875e330,2012-12-01,06:00:00,EDSA P. Tuazon Blvd. Quezon City,0,0,0,0,0,0,0,0,0,0,2012-12-01 14:00,Property,14.6567996,121.0241845,No Collision Stated
None,EDSA,None,None,"No Accident Factor, No Collision Stated (based on Police Blotter Book), 0.0 drivers_injured, 0.0 drivers_killed, 0.0 passengers_injured, 0.0 passengers_killed, 0.0 pedestrian_injured, 0.0 pedestrian_killed, Fair (Day), EDSA Seminary Road Bgy.Bahay Toro Quezon City",MMDA Road Safety Unit,,802035f1-f148-4221-9cca-9b2667c412b4,2012-12-01,03:00:00,Edsa  Fronting Vectory Liner Quezon City,0,0,0,0,0,0,0,0,0,0,2012-12-01 11:00,Property,14.65776066,121.0173978,No Collision Stated
None,EDSA,None,None,"No Accident Factor, Rear-end, 0.0 drivers_injured, 0.0 drivers_killed, 0.0 passengers_injured, 0.0 passengers_killed, 0.0 pedestrian_injured, 0.0 pedestrian_killed, Fair (Night), EDSA fronting Corinthian Garden Quezon City",MMDA Road Safety Unit,,af40a014-9f1b-4748-b33e-5962c95f6a73,2012-11-30,10:00:00,Edsa  Fronting Camp. Aguinaldo Gate 5 Quezon City,0,0,0,0,0,0,0,0,0,0,2012-11-30 18:00,Property,14.5956398,121.0594464,Rear-End
None,EDSA,None,None,"No Accident Factor, No Collision Stated (based on Police Blotter Book), 0.0 drivers_injured, 0.0 drivers_killed, 0.0 passengers_injured, 0.0 passengers_killed, 0.0 pedestrian_injured, 0.0 pedestrian_killed, Fair (Day), EDSA West Ave. Quezon City",MMDA Road Safety Unit,,dcda84a0-ef67-4d21-b517-34585bd9e191,2012-11-30,04:30:00,Edsa  Main Ave. brgy. Socorro Quezon City,0,0,0,0,0,0,0,0,0,0,2012-11-30 12:30,Property,14.65548924,121.0298079,No Collision Stated
None,EDSA,None,None,"No Accident Factor, No Collision Stated (based on Police Blotter Book), 0.0 drivers_injured, 0.0 drivers_killed, 0.0 passengers_injured, 0.0 passengers_killed, 0.0 pedestrian_injured, 0.0 pedestrian_killed, Fair (Night), EDSA Timog UTS (SB) Quezon City",MMDA Road Safety Unit,,dc2d24ec-c957-43f1-9331-6da53daaed83,2012-11-29,13:40:00,EDSA Mindanao Ave. Quezon City,0,0,0,0,0,0,0,0,0,0,2012-11-29 21:40,Property,14.63293559,121.0446304,No Collision Stated