LOCATION_TEXT,ROAD,WEATHER,LIGHT,DESC,REPORTING_AGENCY,MAIN_CAUSE,INCIDENTDETAILS_ID,DATE_UTC,TIME_UTC,ADDRESS,killed_driver,killed_passenger,killed_pedestrian,injured_driver,injured_passenger,injured_pedestrian,killed_uncategorized,injured_uncategorized,killed_total,injured_total,DATETIME_PST,SEVERITY,Y,X,COLLISION_TYPE
None,EDSA,None,None,"No Accident Factor, No Collision Stated (based on Police Blotter Book), 1.0 drivers_injured, 0.0 drivers_killed, 0.0 passengers_injured, 0.0 passengers_killed, 0.0 pedestrian_injured, 0.0 pedestrian_killed, Fair (Day), EDSA P. Tuazon Blvd. Quezon City",MMDA Road Safety Unit,,1b457ea5-befd-46c5-90b4-cfe1b4ad1bbc,2012-11-28,07:40:00,Edsa  Kamias Road Quezon City,0,0,0,1,0,0,0,0,0,1,2012-11-28 15:40,Injury,14.61656342,121.0525225,No Collision Stated
None,EDSA,None,None,"No Accident Factor, Side Swipe, 0.0 drivers_injured, 0.0 drivers_killed, 0.0 passengers_injured, 0.0 passengers_killed, 0.0 pedestrian_injured, 0.0 pedestrian_killed, Fair (Night), EDSA Roosevelt Ave. Quezon City",MMDA Road Safety Unit,,8ae82244-c151-4c09-8d61-4e07db1c9a31,2012-11-27,13:20:00,EDSA Main Ave. Quezon City,0,0,0,0,0,0,0,0,0,0,2012-11-27 21:20,Property,14.65762047,121.0196373,Side Swipe
None,EDSA,None,None,"No Accident Factor, No Collision Stated (based on Police Blotter Book), 0.0 drivers_injured, 0.0 drivers_killed, 0.0 passengers_injured, 0.0 passengers_killed, 0.0 pedestrian_injured, 0.0 pedestrian_killed, Fair (Day), Edsa  Kaingin Road Quezon City",MMDA Road Safety Unit,,d96965f9-d5c6-4352-9fef-668c229bf586,2012-11-27,02:00:00,EDSA Roosevelt Ave. Quezon City,0,0,0,0,0,0,0,0,0,0,2012-11-27 10:00,Property,14.65762092,121.0108685,No Collision Stated
None,EDSA,None,None,"No Accident Factor, Rear-end, 0.0 drivers_injured, 0.0 drivers_killed, 0.0 passengers_injured, 0.0 passengers_killed, 0.0 pedestrian_injured, 0.0 pedestrian_killed, Fair (Night), EDSA Camp Aguinaldo Gate 3 Quezon City",MMDA Road Safety Unit,,d9c20303-969e-478c-83e3-513171692bc9,2012-11-26,10:30:00,EDSA Mindanao Ave. Extn. Quezon City,0,0,0,0,0,0,0,0,0,0,2012-11-26 18:30,Property,14.60836048,121.0563667,Rear-End
None,EDSA,None,None,"No Accident Factor, Side Swipe, 0.0 drivers_injured, 0.0 drivers_killed, 0.0 passengers_injured, 0.0 passengers_killed, 0.0 pedestrian_injured, 0.0 pedestrian_killed, Fair (Day), EDSA South Road Quezon City",MMDA Road Safety Unit,,c5dde7f9-a69d-4275-8212-c0d41df71e5f,2012-11-26,08:00:00,"EDSA West Ave., Bgy. West Triangle Quezon City",0,0,0,0,0,0,0,0,0,0,2012-11-26 16:00,Property,14.61321318,121.053905,Side Swipe
None,EDSA,None,None,"No Accident Factor, No Collision Stated (based on Police Blotter Book), 0.0 drivers_injured, 0.0 drivers_killed, 0.0 passengers_injured, 0.0 passengers_killed, 0.0 pedestrian_injured, 0.0 pedestrian_killed, Fair (Day), Edsa  Congre. Ave. Quezon City",MMDA Road Safety Unit,,7a92c17c-e7d3-41d6-8529-65a2db4a3732,2012-11-26,06:45:00,EDSA Quezon Ave. Quezon City,0,0,0,0,0,0,0,0,0,0,2012-11-26 14:45,Property,14.65783097,121.0197889,No Collision Stated
None,EDSA,None,None,"No Accident Factor, No Collision Stated (based on Police Blotter Book), 0.0 drivers_injured, 0.0 drivers_killed, 0.0 passengers_injured, 0.0 passengers_killed, 0.0 pedestrian_injured, 0.0 pedestrian_killed, Fair (Day), EDSA GMA Network Drive Quezon City",MMDA Road Safety Unit,,7500a524-b682-4bb2-83dd-eb7ce2fb3720,2012-11-25,07:10:00,EDSA Congressional Ave. Quezon City,0,0,0,0,0,0,0,0,0,0,2012-11-25 15:10,Property,14.63467214,121.0435714,No Collision Stated
None,EDSA,None,None,"No Accident Factor, No Collision Stated (based on Police Blotter Book), 0.0 drivers_injured, 0.0 drivers_killed, 0.0 passengers_injured, 0.0 passengers_killed, 0.0 pedestrian_injured, 0.0 pedestrian_killed, Fair (Day), EDSA Ortigas Ave. Quezon City",MMDA Road Safety Unit,,75cc3257-6cf9-4319-a3f7-2c5a96de8c41,2012-11-25,05:30:00,EDSA fronting Chowking Bgy. Ug Sigaw Quezon City,0,0,0,0,0,0,0,0,0,0,2012-11-25 13:30,Property,14.59335253,121.0584107,No Collision Stated
None,EDSA,None,None,"No Accident Factor, No Collision Stated (based on Police Blotter Book), 0.0 drivers_injured, 0.0 drivers_killed, 0.0 passengers_injured, 0.0 passengers_killed, 0.0 pedestrian_injured, 0.0 pedestrian_killed, Fair (Day), Edsa  Fronting Mc Donald s  Quezon Ave. Quezon City",MMDA Road Safety Unit,,ceeea165-0f40-4748-9ab3-8f6f3e015a8b,2012-11-25,00:50:00,EDSA fronting INC Brgy.R.Magsaysay Quezon City,0,0,0,0,0,0,0,0,0,0,2012-11-25 8:50,Property,14.64330643,121.0379325,No Collision Stated
None,EDSA,None,None,"No Accident Factor, Rear-end, 0.0 drivers_injured, 0.0 drivers_killed, 0.0 passengers_injured, 0.0 passengers_killed, 0.0 pedestrian_injured, 0.0 pedestrian_killed, Fair (Night), Edsa  Fronting Landmark bldg. Mindanao Ave. Quezon City",MMDA Road Safety Unit,,aaa336be-e77d-4e35-ae3b-3e616d24b9e6,2012-11-24,13:20:00,EDSA fronting INC Brgy.R.Magsaysay Quezon City,0,0,0,0,0,0,0,0,0,0,2012-11-24 21:20,Property,14.65302159,121.0320501,Rear-End
None,EDSA,None,None,"No Accident Factor, No Collision Stated (based on Police Blotter Book), 0.0 drivers_injured, 0.0 drivers_killed, 0.0 passengers_injured, 0.0 passengers_killed, 0.0 pedestrian_injured, 0.0 pedestrian_killed, Fair (Day), Edsa  Fronting balintawak Market Brgy. Balingasa Quezon City",MMDA Road Safety Unit,,2465de89-817e-44e0-99ec-bb1d91122a56,2012-11-24,09:30:00,EDSA Misamis St. Quezon City,0,0,0,0,0,0,0,0,0,0,2012-11-24 17:30,Property,14.65732909,121.0025415,No Collision Stated
None,EDSA,None,None,"No Accident Factor, No Collision Stated (based on Police Blotter Book), 0.0 drivers_injured, 0.0 drivers_killed, 0.0 passengers_injured, 0.0 passengers_killed, 0.0 pedestrian_injured, 0.0 pedestrian_killed, Fair (Day), Edsa  U Turn Slot Phil Am Hms. Quezon City",MMDA Road Safety Unit,,096f1468-501b-44b1-a0a7-459405fac2ed,2012-11-24,07:25:00,Edsa  Kamias Road Pinyahan Quezon City,0,0,0,0,0,0,0,0,0,0,2012-11-24 15:25,Property,14.64999453,121.0335985,No Collision Stated
None,EDSA,None,None,"No Accident Factor, Rear-end, 0.0 drivers_injured, 0.0 drivers_killed, 0.0 passengers_injured, 0.0 passengers_killed, 0.0 pedestrian_injured, 0.0 pedestrian_killed, Fair (Day), EDSA Banahaw St. Quezon City",MMDA Road Safety Unit,,da39cdba-5ea3-4832-90ef-6aa394e077dd,2012-11-24,06:00:00,EDSA Aurora Blvd. Quezon City,0,0,0,0,0,0,0,0,0,0,2012-11-24 14:00,Property,14.61797303,121.0516572,Rear-End
None,EDSA,None,None,"No Accident Factor, No Collision Stated (based on Police Blotter Book), 0.0 drivers_injured, 0.0 drivers_killed, 0.0 passengers_injured, 0.0 passengers_killed, 0.0 pedestrian_injured, 0.0 pedestrian_killed, Fair (Day), Edsa  West Ave. Quezon City",MMDA Road Safety Unit,,c9b666bc-370d-4f2b-b542-722f7577eed2,2012-11-24,05:30:00,EDSA Fronting BAlintawak Market Bgy. A. Samson Quezon City,0,0,0,0,0,0,0,0,0,0,2012-11-24 13:30,Property,14.65563162,121.0296814,No Collision Stated
None,EDSA,None,None,"No Accident Factor, No Collision Stated (based on Police Blotter Book), 0.0 drivers_injured, 0.0 drivers_killed, 0.0 passengers_injured, 0.0 passengers_killed, 0.0 pedestrian_injured, 0.0 pedestrian_killed, Fair (Day), Edsa  Fronting Mercury Drug Store Quezon City",MMDA Road Safety Unit,,630f0dc2-d298-4c6a-bef8-a33d39a1c561,2012-11-24,02:50:00,EDSA CloverLeaf St. Bgy. Balingasa Quezon City,0,0,0,0,0,0,0,0,0,0,2012-11-24 10:50,Property,14.6571804,120.9927185,No Collision Stated
None,EDSA,None,None,"No Accident Factor, Side Swipe, 0.0 drivers_injured, 0.0 drivers_killed, 0.0 passengers_injured, 0.0 passengers_killed, 0.0 pedestrian_injured, 0.0 pedestrian_killed, Fair (Night), Edsa  Quezon Ave. Quezon City",MMDA Road Safety Unit,,657a4c55-7117-4fb6-aa99-37278045fefb,2012-11-23,13:00:00,EDSA South Ave. / Timog Ave. Quezon City,0,0,0,0,0,0,0,0,0,0,2012-11-23 21:00,Property,14.64407795,121.0375572,Side Swipe
None,EDSA,None,None,"No Accident Factor, No Collision Stated (based on Police Blotter Book), 0.0 drivers_injured, 0.0 drivers_killed, 0.0 passengers_injured, 0.0 passengers_killed, 0.0 pedestrian_injured, 0.0 pedestrian_killed, Fair (Day), Edsa  Balintawak U turn slot Quezon City",MMDA Road Safety Unit,,af1b8ff1-a075-4012-8b3a-de19c48a513b,2012-11-23,08:15:00,EDSA Quezon Ave. Brgy.Bagong Pag-asa Quezon City,0,0,0,0,0,0,0,0,0,0,2012-11-23 16:15,Property,14.65749448,121.0075507,No Collision Stated
None,EDSA,None,None,"No Accident Factor, No Collision Stated (based on Police Blotter Book), 0.0 drivers_injured, 0.0 drivers_killed, 0.0 passengers_injured, 0.0 passengers_killed, 0.0 pedestrian_injured, 0.0 pedestrian_killed, Fair (Day), Edsa  Quezon Ave. Quezon City",MMDA Road Safety Unit,,48f6bb7d-1daf-4f13-ad8b-724d4bb2d432,2012-11-23,06:30:00,Edsa Eastwood Ave. Quezon City,0,0,0,0,0,0,0,0,0,0,2012-11-23 14:30,Property,14.64407795,121.0375572,No Collision Stated
None,EDSA,None,None,"No Accident Factor, Rear-end (Multiple), 0.0 drivers_injured, 0.0 drivers_killed, 0.0 passengers_injured, 0.0 passengers_killed, 0.0 pedestrian_injured, 0.0 pedestrian_killed, Fair (Day), Edsa  Quezon Ave. Quezon City",MMDA Road Safety Unit,,157f553c-7c9e-4cb6-96fb-7cbb4b0bcf4d,2012-11-23,06:15:00,EDSA fronting MRT-Santolan Station Quezon City,0,0,0,0,0,0,0,0,0,0,2012-11-23 14:15,Property,14.64407795,121.0375572,Rear-End
None,EDSA,None,None,"No Accident Factor, Rear-end, 0.0 drivers_injured, 0.0 drivers_killed, 0.0 passengers_injured, 0.0 passengers_killed, 0.0 pedestrian_injured, 0.0 pedestrian_killed, Fair (Day), Edsa  fronting Baliwag Bus Terminal  Quezon City",MMDA Road Safety Unit,,3274d838-a2df-4e42-bf21-99a599135be3,2012-11-23,04:00:00,"EDSA at ""U"" turn slot, Col. Bonny Serrano Ave. (Santolan Road) Quezon City",0,0,0,0,0,0,0,0,0,0,2012-11-23 12:00,Property,14.62441813,121.0489816,Rear-End
None,EDSA,None,None,"No Accident Factor, Rear-end, 0.0 drivers_injured, 0.0 drivers_killed, 0.0 passengers_injured, 0.0 passengers_killed, 0.0 pedestrian_injured, 0.0 pedestrian_killed, Fair (Day), EDSA K-3rd St. Quezon City",MMDA Road Safety Unit,,80914cfc-48b9-4ea1-8bb9-a45d55b6bf74,2012-11-23,01:30:00,EDSA South Ave. / Timog Ave. Quezon City,0,0,0,0,0,0,0,0,0,0,2012-11-23 9:30,Property,14.62942357,121.0463854,Rear-End
None,EDSA,None,None,"No Accident Factor, Side Swipe, 1.0 drivers_injured, 0.0 drivers_killed, 1.0 passengers_injured, 0.0 passengers_killed, 0.0 pedestrian_injured, 0.0 pedestrian_killed, Fair (Day), EDSA P. Tuazon Blvd., Bgy. Socorro Quezon City",MMDA Road Safety Unit,,b8c474ca-1c4e-4436-8b32-33e68b3e9e2f,2012-11-22,22:00:00,EDSA Kaingin Road Quezon City,0,0,0,1,1,0,0,0,0,2,2012-11-23 6:00,Injury,14.61656342,121.0525225,Side Swipe
None,EDSA,None,None,"No Accident Factor, Side Swipe, 0.0 drivers_injured, 0.0 drivers_killed, 0.0 passengers_injured, 0.0 passengers_killed, 0.0 pedestrian_injured, 0.0 pedestrian_killed, Fair (Night), EDSA Col. B. Serrano Ave. Quezon City",MMDA Road Safety Unit,,a930a1dc-f33c-4b8c-a20d-834310cd6de0,2012-11-22,18:50:00,EDSA Aurora Blvd. Quezon City,0,0,0,0,0,0,0,0,0,0,2012-11-23 2:50,Property,14.61107337,121.0550705,Side Swipe
None,EDSA,None,None,"No Accident Factor, No Collision Stated (based on Police Blotter Book), 0.0 drivers_injured, 0.0 drivers_killed, 0.0 passengers_injured, 0.0 passengers_killed, 0.0 pedestrian_injured, 0.0 pedestrian_killed, Fair (Night), Edsa  Fronting Walter Mart Quezon City",MMDA Road Safety Unit,,bd8d6a69-4b20-49c4-a9c2-55a781aea4ae,2012-11-22,12:00:00,EDSA P. Tuazon Blvd. Quezon City,0,0,0,0,0,0,0,0,0,0,2012-11-22 20:00,Property,14.65751818,121.0209052,No Collision Stated
None,EDSA,None,None,"No Accident Factor, No Collision Stated (based on Police Blotter Book), 0.0 drivers_injured, 0.0 drivers_killed, 0.0 passengers_injured, 0.0 passengers_killed, 0.0 pedestrian_injured, 0.0 pedestrian_killed, Fair (Night), Edsa  Mindanao Ave. Bagong Pag Asa Quezon City",MMDA Road Safety Unit,,11a01987-6057-49b4-83c7-fa55154e3a4b,2012-11-22,10:10:00,EDSA West Ave. Brgy.Bungad Quezon City,0,0,0,0,0,0,0,0,0,0,2012-11-22 18:10,Property,14.65064282,121.0334958,No Collision Stated
None,EDSA,None,None,"No Accident Factor, Rear-end, 0.0 drivers_injured, 0.0 drivers_killed, 0.0 passengers_injured, 0.0 passengers_killed, 0.0 pedestrian_injured, 0.0 pedestrian_killed, Fair (Night), EDSA  Santolan u turn slot Quezon City",MMDA Road Safety Unit,,0f5ee82b-25ca-4723-ac89-64d757a3fd37,2012-11-21,19:05:00,EDSA Quezon Ave. uturn slot Quezon City,0,0,0,0,0,0,0,0,0,0,2012-11-22 3:05,Property,14.61050083,121.0552278,Rear-End
None,EDSA,None,None,"No Accident Factor, No Collision Stated (based on Police Blotter Book), 0.0 drivers_injured, 0.0 drivers_killed, 0.0 passengers_injured, 0.0 passengers_killed, 0.0 pedestrian_injured, 0.0 pedestrian_killed, Fair (Night), Edsa  Misamis St. Bagong Pag Asa Quezon City",MMDA Road Safety Unit,,04e597c3-ce1f-479b-b723-6025e84bf895,2012-11-21,18:00:00,EDSA Quezon Ave. Quezon City,0,0,0,0,0,0,0,0,0,0,2012-11-22 2:00,Property,14.65605724,121.0285553,No Collision Stated
None,EDSA,None,None,"No Accident Factor, Hit and Run (No Collision Stated), 0.0 drivers_injured, 0.0 drivers_killed, 0.0 passengers_injured, 0.0 passengers_killed, 0.0 pedestrian_injured, 0.0 pedestrian_killed, Fair (Day), Edsa  Roosevelt Ave. Brgy. Katipu Quezon City",MMDA Road Safety Unit,,7763f844-081c-4a1e-a88e-c5616fdaea7f,2012-11-21,07:55:00,EDSA North Ave. Brgy.Pag-asa Quezon City,0,0,0,0,0,0,0,0,0,0,2012-11-21 15:55,Property,14.65761995,121.0195759,No Collision Stated
None,EDSA,None,None,"No Accident Factor, Side Swipe, 0.0 drivers_injured, 0.0 drivers_killed, 0.0 passengers_injured, 0.0 passengers_killed, 0.0 pedestrian_injured, 0.0 pedestrian_killed, Fair (Day), EDSA Arayat  Loading Bay Quezon City",MMDA Road Safety Unit,,fe920c0b-ee7a-4305-bb8c-0aa1e662273c,2012-11-20,22:30:00,EDSA West Ave. Quezon City,0,0,0,0,0,0,0,0,0,0,2012-11-21 6:30,Property,14.61957896,121.0508605,Side Swipe
None,EDSA,None,None,"No Accident Factor, Side Swipe, 0.0 drivers_injured, 0.0 drivers_killed, 0.0 passengers_injured, 0.0 passengers_killed, 0.0 pedestrian_injured, 0.0 pedestrian_killed, Fair (Night), EDSA  Camp Crame Main Gate Quezon City",MMDA Road Safety Unit,,94f2b335-1983-452a-961a-401055a18d9a,2012-11-20,14:30:00,EDSA Kaingin Road Brgy.A.Samson Quezon City,0,0,0,0,0,0,0,0,0,0,2012-11-20 22:30,Property,14.60927067,121.0556609,Side Swipe
None,EDSA,None,None,"No Accident Factor, Hit and Run (No Collision Stated), 0.0 drivers_injured, 0.0 drivers_killed, 0.0 passengers_injured, 0.0 passengers_killed, 0.0 pedestrian_injured, 0.0 pedestrian_killed, Fair (Night), EDSA Santolan Road Quezon City",MMDA Road Safety Unit,,e82e876a-89bb-49c1-b0d4-cc499f2cb8c7,2012-11-20,14:20:00,EDSA Arayat St. Quezon City,0,0,0,0,0,0,0,0,0,0,2012-11-20 22:20,Property,14.6102736,121.0552175,No Collision Stated
None,EDSA,None,None,"No Accident Factor, No Collision Stated (based on Police Blotter Book), 0.0 drivers_injured, 0.0 drivers_killed, 0.0 passengers_injured, 0.0 passengers_killed, 0.0 pedestrian_injured, 0.0 pedestrian_killed, Fair (Day), Edsa  U Turn Slot Walter Mart Quezon City",MMDA Road Safety Unit,,c0e3e2b1-66d3-46c3-9b7a-04085cd87f60,2012-11-20,09:50:00,EDSA West Ave. Quezon City,0,0,0,0,0,0,0,0,0,0,2012-11-20 17:50,Property,14.65732462,121.0226348,No Collision Stated
None,EDSA,None,None,"No Accident Factor, No Collision Stated (based on Police Blotter Book), 0.0 drivers_injured, 0.0 drivers_killed, 0.0 passengers_injured, 0.0 passengers_killed, 0.0 pedestrian_injured, 0.0 pedestrian_killed, Fair (Day), EDSA before R. Magsaysay High School Quezon City",MMDA Road Safety Unit,,835d3d4c-983e-4f3a-a676-14ab6e17fbb3,2012-11-20,07:30:00,EDSA North Ave. Quezon City,0,0,0,0,0,0,0,0,0,0,2012-11-20 15:30,Property,14.62791766,121.0470065,No Collision Stated
None,EDSA,None,None,"No Accident Factor, No Collision Stated (based on Police Blotter Book), 0.0 drivers_injured, 0.0 drivers_killed, 0.0 passengers_injured, 0.0 passengers_killed, 0.0 pedestrian_injured, 0.0 pedestrian_killed, Fair (Night), Edsa  Fronting SM Loading Bay Quezon City",MMDA Road Safety Unit,,0a6d770e-8831-4f38-ba95-64e01db36e0a,2012-11-19,12:30:00,EDSA   Cor.Whiteplains ave. Quezon City,0,0,0,0,0,0,0,0,0,0,2012-11-19 20:30,Property,14.65595735,121.0290489,No Collision Stated
None,EDSA,None,None,"No Accident Factor, No Collision Stated (based on Police Blotter Book), 0.0 drivers_injured, 0.0 drivers_killed, 0.0 passengers_injured, 0.0 passengers_killed, 0.0 pedestrian_injured, 0.0 pedestrian_killed, Fair (Day), Edsa  Fronting Poton Motors Brgy. R. Magsaysay Quezon City",MMDA Road Safety Unit,,0cec353b-f591-42df-9694-f5f33a6e0b67,2012-11-19,03:30:00,EDSA   Fronting Nepa Q-Mar Market Quezon City,0,0,0,0,0,0,0,0,0,0,2012-11-19 11:30,Property,14.65762182,121.021568,No Collision Stated
None,EDSA,None,None,"No Accident Factor, No Collision Stated (based on Police Blotter Book), 0.0 drivers_injured, 0.0 drivers_killed, 0.0 passengers_injured, 0.0 passengers_killed, 0.0 pedestrian_injured, 0.0 pedestrian_killed, Fair (Night), Edsa  west Ave.   Quezon City",MMDA Road Safety Unit,,582db6db-0fc4-4956-a8d3-22d9f48b07e8,2012-11-17,20:55:00,EDSA Kaingin Road Brgy.A.Samson Quezon City,0,0,0,0,0,0,0,0,0,0,2012-11-18 4:55,Property,14.65563162,121.0296814,No Collision Stated
None,EDSA,None,None,"No Accident Factor, No Collision Stated (based on Police Blotter Book), 0.0 drivers_injured, 0.0 drivers_killed, 0.0 passengers_injured, 0.0 passengers_killed, 0.0 pedestrian_injured, 0.0 pedestrian_killed, Fair (Night), EDSA  Timog Ave. Quezon City",MMDA Road Safety Unit,,58f1c2dd-f497-4d9f-9d95-6e8d95682fe1,2012-11-17,15:45:00,EDSA fronting Victory Liner Bus Terminal Quezon City,0,0,0,0,0,0,0,0,0,0,2012-11-17 23:45,Property,14.6326156,121.0449222,No Collision Stated
None,EDSA,None,None,"No Accident Factor, Side Swipe, 0.0 drivers_injured, 0.0 drivers_killed, 0.0 passengers_injured, 0.0 passengers_killed, 0.0 pedestrian_injured, 0.0 pedestrian_killed, Fair (Night), EDSA Aurora Blvd. Quezon City",MMDA Road Safety Unit,,88624a89-cf0d-4223-abcf-2f6431cc88c3,2012-11-17,11:55:00,Edsa Cor.Gen Roxas ave.c Quezon City,0,0,0,0,0,0,0,0,0,0,2012-11-17 19:55,Property,14.62163653,121.0501573,Side Swipe
None,EDSA,None,None,"No Accident Factor, Side Swipe, 0.0 drivers_injured, 0.0 drivers_killed, 0.0 passengers_injured, 0.0 passengers_killed, 0.0 pedestrian_injured, 0.0 pedestrian_killed, Fair (Day), EDSA  Santolan u turn slot Quezon City",MMDA Road Safety Unit,,8e792a54-c050-4c33-a251-81ae7ed80fca,2012-11-16,22:00:00,EDSA Congressional Ave. Quezon City,0,0,0,0,0,0,0,0,0,0,2012-11-17 6:00,Property,14.61050083,121.0552278,Side Swipe
None,EDSA,None,None,"No Accident Factor, No Collision Stated (based on Police Blotter Book), 0.0 drivers_injured, 0.0 drivers_killed, 0.0 passengers_injured, 0.0 passengers_killed, 0.0 pedestrian_injured, 0.0 pedestrian_killed, Fair (Night), Edsa Congre. Ave. Brgy. Bahay Toro Quezon City",MMDA Road Safety Unit,,10aff551-babb-4903-bbd5-de5542a843b4,2012-11-16,18:10:00,EDSA before North Road Quezon City,0,0,0,0,0,0,0,0,0,0,2012-11-17 2:10,Property,14.6571804,120.9927185,No Collision Stated
None,EDSA,None,None,"No Accident Factor, No Collision Stated (based on Police Blotter Book), 0.0 drivers_injured, 0.0 drivers_killed, 0.0 passengers_injured, 0.0 passengers_killed, 0.0 pedestrian_injured, 0.0 pedestrian_killed, Fair (Night), Edsa    Blintawakl Market Quezon City",MMDA Road Safety Unit,,fffb76a7-96f9-480b-b069-ebd285568c75,2012-11-16,15:30:00,EDSA Quezon Ave. uturn slot Quezon City,0,0,0,0,0,0,0,0,0,0,2012-11-16 23:30,Property,14.65734483,121.0025085,No Collision Stated
None,EDSA,None,None,"No Accident Factor, No Collision Stated (based on Police Blotter Book), 0.0 drivers_injured, 0.0 drivers_killed, 0.0 passengers_injured, 0.0 passengers_killed, 0.0 pedestrian_injured, 0.0 pedestrian_killed, Fair (Night), Edsa  Misamis St. Sto. Cristo Quezon City",MMDA Road Safety Unit,,eb62f45b-8920-4ea8-adb3-301be0d5436c,2012-11-15,11:30:00,EDSA fronting Trinoma Mall uturn slot Quezon City,0,0,0,0,0,0,0,0,0,0,2012-11-15 19:30,Property,14.65605724,121.0285553,No Collision Stated
None,EDSA,None,None,"No Accident Factor, No Collision Stated (based on Police Blotter Book), 0.0 drivers_injured, 0.0 drivers_killed, 0.0 passengers_injured, 0.0 passengers_killed, 0.0 pedestrian_injured, 0.0 pedestrian_killed, Fair (Night), Edsa  Fronting SM Annex Bldg. Quezon City",MMDA Road Safety Unit,,d221c340-9af4-46a3-a4a9-3804de7acb32,2012-11-13,12:45:00,EDSA fronting Landmark uturn slot Pag-asa Quezon City,0,0,0,0,0,0,0,0,0,0,2012-11-13 20:45,Property,14.65595735,121.0290489,No Collision Stated
None,EDSA,None,None,"No Accident Factor, Side Swipe, 0.0 drivers_injured, 0.0 drivers_killed, 0.0 passengers_injured, 0.0 passengers_killed, 0.0 pedestrian_injured, 0.0 pedestrian_killed, Fair (Day), EDSA  Timog Ave. Quezon City",MMDA Road Safety Unit,,9cab5279-7c19-4f33-9e09-c1971fedd79d,2012-11-12,03:35:00,"EDSA fronting Trinoma Mall, Mindanao Ave. Quezon City",0,0,0,0,0,0,0,0,0,0,2012-11-12 11:35,Property,14.6326156,121.0449222,Side Swipe
None,EDSA,None,None,"No Accident Factor, Rear-end, 0.0 drivers_injured, 0.0 drivers_killed, 0.0 passengers_injured, 0.0 passengers_killed, 0.0 pedestrian_injured, 0.0 pedestrian_killed, Fair (Day), EDSA  Whiteplains Subd. Quezon City",MMDA Road Safety Unit,,86d7f917-6b7b-4aa8-bdc5-f23cdf556bf2,2012-11-11,00:45:00,EDSA Col. Bonny Serrano Ave. (Santolan Road) Quezon City,0,0,0,0,0,0,0,0,0,0,2012-11-11 8:45,Property,14.59957564,121.0597557,Rear-End
None,EDSA,None,None,"No Accident Factor, Side Swipe, 0.0 drivers_injured, 0.0 drivers_killed, 0.0 passengers_injured, 0.0 passengers_killed, 0.0 pedestrian_injured, 0.0 pedestrian_killed, Fair (Day), EDSA P. Tuazon Blvd. Quezon City",MMDA Road Safety Unit,,cc28f709-964b-429f-a113-967bc0ee6225,2012-11-10,08:00:00,EDSA North Ave. Brgy.Pag-asa Quezon City,0,0,0,0,0,0,0,0,0,0,2012-11-10 16:00,Property,14.61656342,121.0525225,Side Swipe
None,EDSA,None,None,"No Accident Factor, Rear-end, 0.0 drivers_injured, 0.0 drivers_killed, 0.0 passengers_injured, 0.0 passengers_killed, 0.0 pedestrian_injured, 0.0 pedestrian_killed, Fair (Day), EDSA Fronting Word of Hope Bgy. Bungad Quezon City",MMDA Road Safety Unit,,04ed821d-2533-4770-a501-986cb2c3b145,2012-11-10,05:50:00,EDSA Aurora Blvd. Quezon City,0,0,0,0,0,0,0,0,0,0,2012-11-10 13:50,Property,14.65588139,121.0285421,Rear-End
None,EDSA,None,None,"No Accident Factor, No Collision Stated (based on Police Blotter Book), 0.0 drivers_injured, 0.0 drivers_killed, 0.0 passengers_injured, 0.0 passengers_killed, 0.0 pedestrian_injured, 0.0 pedestrian_killed, Fair (Night), EDSA Roosevelt Ave. Quezon City",MMDA Road Safety Unit,,19b4c515-8a6d-4622-8d55-b471f1d5b003,2012-11-09,16:30:00,"Edsa  fronting Superlines, Bgy. E. Rodriguez, Cubao  Quezon City",0,0,0,0,0,0,0,0,0,0,2012-11-10 0:30,Property,14.65762047,121.0196373,No Collision Stated
None,EDSA,None,None,"No Accident Factor, Rear-end, 0.0 drivers_injured, 0.0 drivers_killed, 0.0 passengers_injured, 0.0 passengers_killed, 0.0 pedestrian_injured, 0.0 pedestrian_killed, Fair (Night), EDSA Fronting Trinoma Mall near North Ave. Quezon City",MMDA Road Safety Unit,,c81e32ea-eb18-4a86-842d-6fcad90cb187,2012-11-09,15:15:00,EDSA South Ave. / Timog Ave. Quezon City,0,0,0,0,0,0,0,0,0,0,2012-11-09 23:15,Property,14.65249719,121.0322415,Rear-End
None,EDSA,None,None,"No Accident Factor, Side Swipe, 0.0 drivers_injured, 0.0 drivers_killed, 0.0 passengers_injured, 0.0 passengers_killed, 0.0 pedestrian_injured, 0.0 pedestrian_killed, Fair (Day), Edsa    New york st.   Quezon City",MMDA Road Safety Unit,,f88426bd-ddea-4e19-b575-70cbe285065d,2012-11-08,09:15:00,EDSA New York St. Quezon City,0,0,0,0,0,0,0,0,0,0,2012-11-08 17:15,Property,14.62561218,121.048084,Side Swipe