LOCATION_TEXT,ROAD,WEATHER,LIGHT,DESC,REPORTING_AGENCY,MAIN_CAUSE,INCIDENTDETAILS_ID,DATE_UTC,TIME_UTC,ADDRESS,killed_driver,killed_passenger,killed_pedestrian,injured_driver,injured_passenger,injured_pedestrian,killed_uncategorized,injured_uncategorized,killed_total,injured_total,DATETIME_PST,SEVERITY,Y,X,COLLISION_TYPE
None,EDSA,None,None,"No Accident Factor, No Collision Stated (based on Police Blotter Book), 0.0 drivers_injured, 0.0 drivers_killed, 0.0 passengers_injured, 0.0 passengers_killed, 0.0 pedestrian_injured, 0.0 pedestrian_killed, Fair (Day), EDSA Mindanao Ave., Bgy. Bagong Pag-Asa Quezon City",MMDA Road Safety Unit,,5c72d62e-57b6-4bf6-828c-a51c57c5f20b,2012-11-08,00:30:00,"Edsa Aurora Blvd., Cubao  Quezon City",0,0,0,0,0,0,0,0,0,0,2012-11-08 8:30,Property,14.65052386,121.0335656,No Collision Stated
None,EDSA,None,None,"No Accident Factor, No Collision Stated (based on Police Blotter Book), 0.0 drivers_injured, 0.0 drivers_killed, 0.0 passengers_injured, 0.0 passengers_killed, 0.0 pedestrian_injured, 0.0 pedestrian_killed, Fair (Night), EDSA Fronting SM North Entrance gate Bgy. Sto. Cristo Quezon City",MMDA Road Safety Unit,,dd0bddcf-18db-49d5-9a7d-078a19ea1e22,2012-11-07,11:00:00,EDSA Oliveros St. Quezon City,0,0,0,0,0,0,0,0,0,0,2012-11-07 19:00,Property,14.65591384,121.0291263,No Collision Stated
None,EDSA,None,None,"No Accident Factor, No Collision Stated (based on Police Blotter Book), 0.0 drivers_injured, 0.0 drivers_killed, 0.0 passengers_injured, 0.0 passengers_killed, 0.0 pedestrian_injured, 0.0 pedestrian_killed, Fair (Day), EDSA  Kamias Road Quezon City",MMDA Road Safety Unit,,5fe92a17-44fd-4c33-8c68-4b9b01c9c808,2012-11-07,08:50:00,EDSA fronting Balintawak Market Bgy. A. Samson Quezon City,0,0,0,0,0,0,0,0,0,0,2012-11-07 16:50,Property,14.63094996,121.045925,No Collision Stated
None,EDSA,None,None,"No Accident Factor, No Collision Stated (based on Police Blotter Book), 0.0 drivers_injured, 0.0 drivers_killed, 0.0 passengers_injured, 0.0 passengers_killed, 0.0 pedestrian_injured, 0.0 pedestrian_killed, Fair (Day), EDSA Bansalangin St.   Quezon City",MMDA Road Safety Unit,,f682a06e-b320-4082-976b-1d787f8af3ad,2012-11-07,08:30:00,"Edsa  fronting Gate 2, Camp Aguinaldo  Quezon City",0,0,0,0,0,0,0,0,0,0,2012-11-07 16:30,Property,14.6567996,121.0241845,No Collision Stated
None,EDSA,None,None,"No Accident Factor, No Collision Stated (based on Police Blotter Book), 0.0 drivers_injured, 0.0 drivers_killed, 0.0 passengers_injured, 0.0 passengers_killed, 0.0 pedestrian_injured, 0.0 pedestrian_killed, Fair (Day), EDSA Fronting PTT Gas Station after Roosevelt Quezon City",MMDA Road Safety Unit,,82ef9da0-8b38-45f0-8d2d-3cf964d6b0ff,2012-11-07,03:30:00,EDSA Kamuning Road Quezon City,0,0,0,0,0,0,0,0,0,0,2012-11-07 11:30,Property,14.65711357,121.0227716,No Collision Stated
None,EDSA,None,None,"No Accident Factor, No Collision Stated (based on Police Blotter Book), 0.0 drivers_injured, 0.0 drivers_killed, 0.0 passengers_injured, 0.0 passengers_killed, 0.0 pedestrian_injured, 0.0 pedestrian_killed, Fair (Night), EDSA U Turn Slot MRT North Station Quezon City",MMDA Road Safety Unit,,f544908c-1380-4969-b4b6-b540cad18de1,2012-11-06,10:45:00,EDSA fronting Ramon Magsaysay High School Quezon City,0,0,0,0,0,0,0,0,0,0,2012-11-06 18:45,Property,14.65221162,121.0324012,No Collision Stated
None,EDSA,None,None,"No Accident Factor, Side Swipe, 0.0 drivers_injured, 0.0 drivers_killed, 0.0 passengers_injured, 0.0 passengers_killed, 0.0 pedestrian_injured, 0.0 pedestrian_killed, Fair (Night), Edsa fronting Camp Aguinaldo, after White Plains Ave. Quezon City",MMDA Road Safety Unit,,3e22055d-854a-43dd-befe-7b2ccb12fb73,2012-11-05,12:30:00,EDSA fronting QCA Brgy.Sto.Cristo Quezon City,0,0,0,0,0,0,0,0,0,0,2012-11-05 20:30,Property,14.60480622,121.05791,Side Swipe
None,EDSA,None,None,"No Accident Factor, Angle Impact, 0.0 drivers_injured, 0.0 drivers_killed, 0.0 passengers_injured, 0.0 passengers_killed, 0.0 pedestrian_injured, 0.0 pedestrian_killed, Fair (Night), Edsa fronting Camp Aguinaldo,before Gate 5 Quezon City",MMDA Road Safety Unit,,d3703c1e-fd93-425f-9006-3b954ebb591d,2012-11-05,12:05:00,"EDSA at ""U"" turn slot, South Ave. / Timog Ave. Quezon City",0,0,0,0,0,0,0,0,0,0,2012-11-05 20:05,Property,14.60121886,121.0593938,Angle Impact
None,EDSA,None,None,"No Accident Factor, No Collision Stated (based on Police Blotter Book), 0.0 drivers_injured, 0.0 drivers_killed, 0.0 passengers_injured, 0.0 passengers_killed, 0.0 pedestrian_injured, 0.0 pedestrian_killed, Fair (Day), Edsa    Victory Liner Bus Terminal Quezon City",MMDA Road Safety Unit,,61f08ba2-e21c-4c73-afbf-f07bb7cc522f,2012-11-05,00:30:00,EDSA Corregidor St. Brgy.Magsaysay Quezon City,0,0,0,0,0,0,0,0,0,0,2012-11-05 8:30,Property,14.62432678,121.0487707,No Collision Stated
None,EDSA,None,None,"No Accident Factor, No Collision Stated (based on Police Blotter Book), 0.0 drivers_injured, 0.0 drivers_killed, 0.0 passengers_injured, 0.0 passengers_killed, 0.0 pedestrian_injured, 0.0 pedestrian_killed, Fair (Day), Edsa    Amihan Bus Terminal Quezon City",MMDA Road Safety Unit,,4e8babeb-f432-4d40-93eb-1d284ff3c5ba,2012-11-04,23:00:00,EDSA Quezon Ave. Quezon City,0,0,0,0,0,0,0,0,0,0,2012-11-05 7:00,Property,14.53766717,121.001798,No Collision Stated
None,EDSA,None,None,"No Accident Factor, No Collision Stated (based on Police Blotter Book), 0.0 drivers_injured, 0.0 drivers_killed, 0.0 passengers_injured, 0.0 passengers_killed, 0.0 pedestrian_injured, 0.0 pedestrian_killed, Fair (Day), EDSA Misamis St., Bgy. Sto Cristo Quezon City",MMDA Road Safety Unit,,06673881-3db7-40a0-a9a8-8a2dda828097,2012-11-04,01:25:00,EDSA P. Tuazon Blvd. Quezon City,0,0,0,0,0,0,0,0,0,0,2012-11-04 9:25,Property,14.65602348,121.0285212,No Collision Stated
None,EDSA,None,None,"No Accident Factor, No Collision Stated (based on Police Blotter Book), 0.0 drivers_injured, 0.0 drivers_killed, 0.0 passengers_injured, 0.0 passengers_killed, 0.0 pedestrian_injured, 0.0 pedestrian_killed, Fair (Day), Edsa Monte De Peadad st. Quezon City",MMDA Road Safety Unit,,00aea3a1-d817-49ba-876e-85e181955e84,2012-11-04,00:10:00,EDSA Kamuning Road Quezon City,0,0,0,0,0,0,0,0,0,0,2012-11-04 8:10,Property,14.62346937,121.0491711,No Collision Stated
None,EDSA,None,None,"No Accident Factor, No Collision Stated (based on Police Blotter Book), 0.0 drivers_injured, 0.0 drivers_killed, 0.0 passengers_injured, 0.0 passengers_killed, 0.0 pedestrian_injured, 0.0 pedestrian_killed, Fair (Day), EDSA Roosevelt Ave. Quezon City",MMDA Road Safety Unit,,dedfd29d-6c5b-4feb-920f-411e8af62484,2012-11-03,07:50:00,EDSA Kamuning Road Quezon City,0,0,0,0,0,0,0,0,0,0,2012-11-03 15:50,Property,14.65762047,121.0196373,No Collision Stated
None,EDSA,None,None,"No Accident Factor, No Collision Stated (based on Police Blotter Book), 0.0 drivers_injured, 0.0 drivers_killed, 0.0 passengers_injured, 0.0 passengers_killed, 0.0 pedestrian_injured, 0.0 pedestrian_killed, Fair (Night), EDSA Seminary Road., Bgy. Bahay Toro Quezon City",MMDA Road Safety Unit,,bef4d1b2-58b1-4a85-b559-e060ab804077,2012-11-02,12:30:00,EDSA K-3rd St. Quezon City,0,0,0,0,0,0,0,0,0,0,2012-11-02 20:30,Property,14.65776066,121.0173978,No Collision Stated
None,EDSA,None,None,"No Accident Factor, Hit and Run (No Collision Stated), 0.0 drivers_injured, 0.0 drivers_killed, 0.0 passengers_injured, 0.0 passengers_killed, 0.0 pedestrian_injured, 0.0 pedestrian_killed, Fair (Day), EDSA OP/UP Balintawak Quezon City",MMDA Road Safety Unit,,226e422a-8b6b-4db0-a958-83fdd1545466,2012-11-02,00:40:00,EDSA before Bernardo St. Quezon City,0,0,0,0,0,0,0,0,0,0,2012-11-02 8:40,Property,14.65736015,121.002298,No Collision Stated
None,EDSA,None,None,"No Accident Factor, Rear-end, 0.0 drivers_injured, 0.0 drivers_killed, 0.0 passengers_injured, 0.0 passengers_killed, 0.0 pedestrian_injured, 0.0 pedestrian_killed, Fair (Night), EDSA Aurora Blvd. Quezon City",MMDA Road Safety Unit,,51008230-2259-4ae2-8369-a8616075309d,2012-11-01,15:30:00,"Edsa  fronting Baliwag Transit, Bgy. E. Rodriguez  Quezon City",0,0,0,0,0,0,0,0,0,0,2012-11-01 23:30,Property,14.62163653,121.0501573,Rear-End
None,EDSA,None,None,"No Accident Factor, No Collision Stated (based on Police Blotter Book), 0.0 drivers_injured, 0.0 drivers_killed, 0.0 passengers_injured, 0.0 passengers_killed, 0.0 pedestrian_injured, 0.0 pedestrian_killed, Fair (Night), EDSA Loading Bay Fronting Trinoma Mall, North Ave. Quezon City",MMDA Road Safety Unit,,8a7bf5b5-fa2f-4a08-bb44-4664c0e5ffff,2012-11-01,14:20:00,EDSA Scout Borromeo St. Quezon City,0,0,0,0,0,0,0,0,0,0,2012-11-01 22:20,Property,14.65355906,121.0313748,No Collision Stated
None,EDSA,None,None,"No Accident Factor, Side Swipe, 0.0 drivers_injured, 0.0 drivers_killed, 0.0 passengers_injured, 0.0 passengers_killed, 0.0 pedestrian_injured, 0.0 pedestrian_killed, Fair (Night), EDSA P. Tuazon Blvd., Brgy. Socorro Quezon City",MMDA Road Safety Unit,,a0418d36-370d-4e64-ad3d-3b0a32747e50,2012-11-01,11:10:00,Edsa  Santolan  Quezon City,0,0,0,0,0,0,0,0,0,0,2012-11-01 19:10,Property,14.61656342,121.0525225,Side Swipe
None,EDSA,None,None,"No Accident Factor, Rear-end, 0.0 drivers_injured, 0.0 drivers_killed, 0.0 passengers_injured, 0.0 passengers_killed, 0.0 pedestrian_injured, 0.0 pedestrian_killed, Fair (Day), EDSA Kamias Road, Brgy. West Kamias Quezon City",MMDA Road Safety Unit,,d0db7055-0270-4778-ab14-d3d2ee237a04,2012-11-01,06:50:00,EDSA Congressional Ave. Brgy.R.Magsaysay Quezon City,0,0,0,0,0,0,0,0,0,0,2012-11-01 14:50,Property,14.6309142,121.0459376,Rear-End
None,EDSA,None,None,"No Accident Factor, No Collision Stated (based on Police Blotter Book), 0.0 drivers_injured, 0.0 drivers_killed, 0.0 passengers_injured, 0.0 passengers_killed, 0.0 pedestrian_injured, 0.0 pedestrian_killed, Fair (Night), EDSA U Turn Slot Fronting QCA Bgy. Sto Cristo Quezon City",MMDA Road Safety Unit,,7c1fc9a8-d840-489c-911c-faa6806a7e2a,2012-10-31,12:25:00,EDSA before Col. Bonny Serrano Ave. (Santolan Road) Quezon City,0,0,0,0,0,0,0,0,0,0,2012-10-31 20:25,Property,14.65656876,121.0260014,No Collision Stated
None,EDSA,None,None,"No Accident Factor, No Collision Stated (based on Police Blotter Book), 0.0 drivers_injured, 0.0 drivers_killed, 0.0 passengers_injured, 0.0 passengers_killed, 0.0 pedestrian_injured, 0.0 pedestrian_killed, Fair (Night), EDSA Kamuning Road Quezon City",MMDA Road Safety Unit,,e5059f8f-760c-4e6d-9bf7-36acd9dcd1b9,2012-10-31,12:25:00,EDSA Balintawak Market Quezon City,0,0,0,0,0,0,0,0,0,0,2012-10-31 20:25,Property,14.63075725,121.0457548,No Collision Stated
None,EDSA,None,None,"No Accident Factor, Side Swipe, 0.0 drivers_injured, 0.0 drivers_killed, 0.0 passengers_injured, 0.0 passengers_killed, 0.0 pedestrian_injured, 0.0 pedestrian_killed, Fair (Night), EDSA Kamias Road Quezon City",MMDA Road Safety Unit,,99c3bd90-037f-49c6-ad3b-4e4d32847e8e,2012-10-31,12:15:00,EDSA Oliveros drive Brgy.A.Samson Quezon City,0,0,0,0,0,0,0,0,0,0,2012-10-31 20:15,Property,14.6309142,121.0459376,Side Swipe
None,EDSA,None,None,"No Accident Factor, No Collision Stated (based on Police Blotter Book), 0.0 drivers_injured, 0.0 drivers_killed, 0.0 passengers_injured, 0.0 passengers_killed, 0.0 pedestrian_injured, 0.0 pedestrian_killed, Fair (Night), EDSA SM Annex Parking Exit Quezon City",MMDA Road Safety Unit,,fa6cb125-c98e-4a73-b917-eeeeae69e64c,2012-10-31,11:00:00,"Edsa before B. Serrano Loading Bay, MRT Crame  Quezon City",0,0,0,0,0,0,0,0,0,0,2012-10-31 19:00,Property,14.65628012,121.0272074,No Collision Stated
None,EDSA,None,None,"No Accident Factor, No Collision Stated (based on Police Blotter Book), 0.0 drivers_injured, 0.0 drivers_killed, 0.0 passengers_injured, 0.0 passengers_killed, 0.0 pedestrian_injured, 0.0 pedestrian_killed, Fair (Night), EDSA Cloverleaf Quezon City",MMDA Road Safety Unit,,f397b0be-b0d0-4ddb-8684-e33beefd35d2,2012-10-31,10:45:00,Edsa fronting Corinthian Garden Quezon City,0,0,0,0,0,0,0,0,0,0,2012-10-31 18:45,Property,14.65747901,121.0011914,No Collision Stated
None,EDSA,None,None,"No Accident Factor, Side Swipe, 0.0 drivers_injured, 0.0 drivers_killed, 0.0 passengers_injured, 0.0 passengers_killed, 0.0 pedestrian_injured, 0.0 pedestrian_killed, Fair (Night), EDSA Quezon Ave. U Turn Slot Quezon City",MMDA Road Safety Unit,,cc96ac65-cf61-40c3-8fd5-6cc85dc93964,2012-10-31,10:30:00,EDSA Panay Ave. Quezon City,0,0,0,0,0,0,0,0,0,0,2012-10-31 18:30,Property,14.64523302,121.0368679,Side Swipe
None,EDSA,None,None,"No Accident Factor, Side Swipe, 0.0 drivers_injured, 0.0 drivers_killed, 0.0 passengers_injured, 0.0 passengers_killed, 0.0 pedestrian_injured, 0.0 pedestrian_killed, Fair (Day), EDSA U Turn Slot West Ave., Bgy. Bagong Pag Asa Quezon City",MMDA Road Safety Unit,,3f55325d-ab6f-4331-8aa2-8f5e0eb05ecc,2012-10-31,09:45:00,Edsa  fronting Corinthian Garden  Quezon City,0,0,0,0,0,0,0,0,0,0,2012-10-31 17:45,Property,14.65558339,121.0296327,Side Swipe
None,EDSA,None,None,"No Accident Factor, No Collision Stated (based on Police Blotter Book), 0.0 drivers_injured, 0.0 drivers_killed, 0.0 passengers_injured, 0.0 passengers_killed, 0.0 pedestrian_injured, 0.0 pedestrian_killed, Fair (Day), EDSA Fronting Trinoma Quezon City",MMDA Road Safety Unit,,f8900b47-6a22-42fb-9c93-4fc66f3aba53,2012-10-31,06:30:00,EDSA North Ave. Bus Bay Quezon City,0,0,0,0,0,0,0,0,0,0,2012-10-31 14:30,Property,14.65249719,121.0322415,No Collision Stated
None,EDSA,None,None,"No Accident Factor, No Collision Stated (based on Police Blotter Book), 0.0 drivers_injured, 0.0 drivers_killed, 0.0 passengers_injured, 0.0 passengers_killed, 0.0 pedestrian_injured, 0.0 pedestrian_killed, Fair (Night), EDSA fronting Shell Gas station Bgy. A.Samson Quezon City",MMDA Road Safety Unit,,03f56f4a-d982-40d8-8256-293ea14c89b6,2012-10-30,20:30:00,EDSA fronting Balintawak Market Quezon City,0,0,0,0,0,0,0,0,0,0,2012-10-31 4:30,Property,14.65755247,121.0076914,No Collision Stated
None,EDSA,None,None,"No Accident Factor, No Collision Stated (based on Police Blotter Book), 0.0 drivers_injured, 0.0 drivers_killed, 0.0 passengers_injured, 0.0 passengers_killed, 0.0 pedestrian_injured, 0.0 pedestrian_killed, Fair (Night), EDSA Nueva Viscaya St. Quezon City",MMDA Road Safety Unit,,267b2afe-9969-4d67-be7d-4722c613f523,2012-10-30,12:50:00,EDSA Ermin Garcia St. (Minnesota) Quezon City,0,0,0,0,0,0,0,0,0,0,2012-10-30 20:50,Property,14.65665894,121.026062,No Collision Stated
None,EDSA,None,None,"No Accident Factor, No Collision Stated (based on Police Blotter Book), 0.0 drivers_injured, 0.0 drivers_killed, 0.0 passengers_injured, 0.0 passengers_killed, 0.0 pedestrian_injured, 0.0 pedestrian_killed, Fair (Day), EDSA QCPD Station 10 Quezon City",MMDA Road Safety Unit,,a272f11e-b01b-45b8-a168-8e4cf06813f1,2012-10-30,09:00:00,"Edsa  fronting Farmers Market, Cubao  Quezon City",0,0,0,0,0,0,0,0,0,0,2012-10-30 17:00,Property,14.62991873,121.0461256,No Collision Stated
None,EDSA,None,None,"No Accident Factor, No Collision Stated (based on Police Blotter Book), 0.0 drivers_injured, 0.0 drivers_killed, 0.0 passengers_injured, 0.0 passengers_killed, 0.0 pedestrian_injured, 0.0 pedestrian_killed, Fair (Night), EDSA near North Ave. Bgy. Pag Asa Quezon City",MMDA Road Safety Unit,,dfa078b0-c93d-4337-83c6-68f807453023,2012-10-29,14:45:00,EDSA Quezon Ave. Quezon City,0,0,0,0,0,0,0,0,0,0,2012-10-29 22:45,Property,14.65499141,121.0303134,No Collision Stated
None,EDSA,None,None,"No Accident Factor, No Collision Stated (based on Police Blotter Book), 0.0 drivers_injured, 0.0 drivers_killed, 0.0 passengers_injured, 0.0 passengers_killed, 0.0 pedestrian_injured, 0.0 pedestrian_killed, Fair (Night), EDSA  E. Garcia St. Quezon City",MMDA Road Safety Unit,,0e5ceb3d-57cd-4dd4-9c63-e33c734c1a14,2012-10-29,14:40:00,EDSA Quezon Ave. Quezon City,0,0,0,0,0,0,0,0,0,0,2012-10-29 22:40,Property,14.62746056,121.0475274,No Collision Stated
None,EDSA,None,None,"No Accident Factor, No Collision Stated (based on Police Blotter Book), 0.0 drivers_injured, 0.0 drivers_killed, 0.0 passengers_injured, 0.0 passengers_killed, 0.0 pedestrian_injured, 0.0 pedestrian_killed, Fair (Night), EDSA fronting Waltermart Quezon City",MMDA Road Safety Unit,,c236b3bf-37a7-41cf-a3cd-04e2f543cd88,2012-10-29,11:00:00,"Edsa  Gen. Mc. Arthur Ave., Bgy. Socorro  Quezon City",0,0,0,0,0,0,0,0,0,0,2012-10-29 19:00,Property,14.65755908,121.0204569,No Collision Stated
None,EDSA,None,None,"No Accident Factor, No Collision Stated (based on Police Blotter Book), 0.0 drivers_injured, 0.0 drivers_killed, 0.0 passengers_injured, 0.0 passengers_killed, 0.0 pedestrian_injured, 0.0 pedestrian_killed, Fair (Day), EDSA Quezon Ave. Quezon City",MMDA Road Safety Unit,,38a1509c-3c02-41f8-8f96-7a6a69218dd7,2012-10-29,05:00:00,EDSA before North Road Quezon City,0,0,0,0,0,0,0,0,0,0,2012-10-29 13:00,Property,14.6442444,121.0375839,No Collision Stated
None,EDSA,None,None,"No Accident Factor, No Collision Stated (based on Police Blotter Book), 0.0 drivers_injured, 0.0 drivers_killed, 0.0 passengers_injured, 0.0 passengers_killed, 0.0 pedestrian_injured, 0.0 pedestrian_killed, Fair (Day), EDSA  fronting Waltermart Mall Quezon City",MMDA Road Safety Unit,,7c79ff3b-a018-429c-b4a6-38b2027e2da1,2012-10-28,07:15:00,EDSA before Monte De Piedad St. Quezon City,0,0,0,0,0,0,0,0,0,0,2012-10-28 15:15,Property,14.65751818,121.0209052,No Collision Stated
None,EDSA,None,None,"No Accident Factor, Hit Object (Signage, Robinson Mall), 0.0 drivers_injured, 0.0 drivers_killed, 0.0 passengers_injured, 0.0 passengers_killed, 0.0 pedestrian_injured, 0.0 pedestrian_killed, Fair (Night), EDSA  Ortigas Ave. fronting Robinson Galleria Quezon City",MMDA Road Safety Unit,,009f4dc6-bb66-4fbe-a58f-3d878c0f66cc,2012-10-27,16:15:00,EDSA Bulacan St. Quezon City,0,0,0,0,0,0,0,0,0,0,2012-10-28 0:15,Property,14.59313073,121.0581917,Hit Object
None,EDSA,None,None,"No Accident Factor, Side Swipe, 0.0 drivers_injured, 0.0 drivers_killed, 0.0 passengers_injured, 0.0 passengers_killed, 0.0 pedestrian_injured, 0.0 pedestrian_killed, Fair (Night), EDSA Monte De Predad St. Quezon City",MMDA Road Safety Unit,,ab9263eb-9d86-42d2-b1d6-2f19f9ab6813,2012-10-27,15:45:00,"EDSA Misamis St., Bgy. Sto Cristo Quezon City",0,0,0,0,0,0,0,0,0,0,2012-10-27 23:45,Property,14.62346937,121.0491711,Side Swipe
None,EDSA,None,None,"No Accident Factor, Angle Impact, 0.0 drivers_injured, 0.0 drivers_killed, 0.0 passengers_injured, 0.0 passengers_killed, 0.0 pedestrian_injured, 0.0 pedestrian_killed, Fair (Day), EDSA Quezon Ave. Quezon City",MMDA Road Safety Unit,,1b192791-f4fe-442e-ba96-a378cc4b5137,2012-10-27,07:05:00,EDSA P. Tuazon Blvd. Quezon City,0,0,0,0,0,0,0,0,0,0,2012-10-27 15:05,Property,14.6442444,121.0375839,Angle Impact
None,EDSA,None,None,"No Accident Factor, Hit Parked Vehicle, 0.0 drivers_injured, 0.0 drivers_killed, 0.0 passengers_injured, 0.0 passengers_killed, 0.0 pedestrian_injured, 0.0 pedestrian_killed, Fair (Night), EDSA Kamias Road Quezon City",MMDA Road Safety Unit,,d78e4cfe-a833-4312-848a-af46bdeb6413,2012-10-26,10:50:00,EDSA before Annapolis St. Quezon City,0,0,0,0,0,0,0,0,0,0,2012-10-26 18:50,Property,14.6309142,121.0459376,Hit Object
None,EDSA,None,None,"No Accident Factor, Side Swipe, 0.0 drivers_injured, 0.0 drivers_killed, 0.0 passengers_injured, 0.0 passengers_killed, 0.0 pedestrian_injured, 0.0 pedestrian_killed, Fair (Day), EDSA  Aurora Blvd. Bgy.Socorro, Cubao Quezon City",MMDA Road Safety Unit,,74176ebe-0c0d-4b71-a3cd-94969d2b13f9,2012-10-26,07:45:00,EDSA Entrance Gate of Centris Bldg. Quezon City,0,0,0,0,0,0,0,0,0,0,2012-10-26 15:45,Property,14.62163216,121.0502064,Side Swipe
None,EDSA,None,None,"No Accident Factor, No Collision Stated (based on Police Blotter Book), 1.0 drivers_injured, 0.0 drivers_killed, 0.0 passengers_injured, 0.0 passengers_killed, 0.0 pedestrian_injured, 0.0 pedestrian_killed, Fair (Day), EDSA North Ave. Quezon City",MMDA Road Safety Unit,,003fd05f-7161-4af7-8b11-8c2acd08f760,2012-10-26,02:15:00,EDSA Mayor Diaz St. Quezon City,0,0,0,1,0,0,0,0,0,1,2012-10-26 10:15,Injury,14.65553839,121.0299647,No Collision Stated
None,EDSA,None,None,"No Accident Factor, No Collision Stated (based on Police Blotter Book), 0.0 drivers_injured, 0.0 drivers_killed, 0.0 passengers_injured, 0.0 passengers_killed, 0.0 pedestrian_injured, 0.0 pedestrian_killed, Fair (Night), EDSA fronting Home Bldrs Depot Bgy. A. Samson Quezon City",MMDA Road Safety Unit,,9580d05d-9172-4233-b969-d9b8e7f65d93,2012-10-25,18:25:00,EDSA Arayat St. Quezon City,0,0,0,0,0,0,0,0,0,0,2012-10-26 2:25,Property,14.65768928,121.0127906,No Collision Stated
None,EDSA,None,None,"Human Error, Angle Impact, 0.0 drivers_injured, 0.0 drivers_killed, 0.0 passengers_injured, 0.0 passengers_killed, 0.0 pedestrian_injured, 0.0 pedestrian_killed, Fair (Night), EDSA East Ave. Quezon City",MMDA Road Safety Unit,,f4f5f306-e8d8-4893-b29d-947348fa6083,2012-10-25,17:45:00,EDSA fronting Quezon City Police District Station 10 Quezon City,0,0,0,0,0,0,0,0,0,0,2012-10-26 1:45,Property,14.6332242,121.0448694,Angle Impact
None,EDSA,None,None,"No Accident Factor, Side Swipe, 0.0 drivers_injured, 0.0 drivers_killed, 0.0 passengers_injured, 0.0 passengers_killed, 0.0 pedestrian_injured, 0.0 pedestrian_killed, Fair (Night), EDSA   Fronting Victory Liner Terminal,Brgy. Pinahan Quezon City",MMDA Road Safety Unit,,f066eb94-e942-437d-b102-a7c956284fea,2012-10-25,15:00:00,EDSA fronting Jam Liner Bus Terminal Quezon City,0,0,0,0,0,0,0,0,0,0,2012-10-25 23:00,Property,14.62448247,121.0487126,Side Swipe
None,EDSA,None,None,"No Accident Factor, Side Swipe, 0.0 drivers_injured, 0.0 drivers_killed, 0.0 passengers_injured, 0.0 passengers_killed, 0.0 pedestrian_injured, 0.0 pedestrian_killed, Fair (Night), EDSA  B. Serrano Ave. Bgy.Socorro Quezon City",MMDA Road Safety Unit,,77ede070-9280-445d-ad31-ec7361bc2ba7,2012-10-25,10:15:00,Edsa  White Plains Ave. Quezon City,0,0,0,0,0,0,0,0,0,0,2012-10-25 18:15,Property,14.61099829,121.0549557,Side Swipe
None,EDSA,None,None,"No Accident Factor, Side Swipe, 0.0 drivers_injured, 0.0 drivers_killed, 0.0 passengers_injured, 0.0 passengers_killed, 0.0 pedestrian_injured, 0.0 pedestrian_killed, Fair (Day), EDSA fronting Balintawak Market Quezon City",MMDA Road Safety Unit,,ffad5182-fc81-4d19-8141-1df329bad7b8,2012-10-25,07:55:00,EDSA U Turn Slot Trinoma Bldg. Quezon City,0,0,0,0,0,0,0,0,0,0,2012-10-25 15:55,Property,14.65736198,121.00264,Side Swipe
None,EDSA,None,None,"No Accident Factor, No Collision Stated (based on Police Blotter Book), 0.0 drivers_injured, 0.0 drivers_killed, 0.0 passengers_injured, 0.0 passengers_killed, 0.0 pedestrian_injured, 0.0 pedestrian_killed, Fair (Night), EDSA Balintawak Market Quezon City",MMDA Road Safety Unit,,a86ef775-84af-424a-838b-0bf871cacd80,2012-10-24,19:00:00,EDSA South Ave. / Timog Ave. Quezon City,0,0,0,0,0,0,0,0,0,0,2012-10-25 3:00,Property,14.65740947,121.0025737,No Collision Stated
None,EDSA,None,None,"No Accident Factor, Rear-end, 1.0 drivers_injured, 0.0 drivers_killed, 0.0 passengers_injured, 0.0 passengers_killed, 0.0 pedestrian_injured, 0.0 pedestrian_killed, Fair (Night), EDSA before PPM Quezon City",MMDA Road Safety Unit,,711b6edd-bd0c-4467-9eba-2ece848039bb,2012-10-24,14:00:00,EDSA Aurora Blvd. Quezon City,0,0,0,1,0,0,0,0,0,1,2012-10-24 22:00,Injury,14.59953714,121.0597266,Rear-End
None,EDSA,None,None,"No Accident Factor, Side Swipe, 0.0 drivers_injured, 0.0 drivers_killed, 0.0 passengers_injured, 0.0 passengers_killed, 0.0 pedestrian_injured, 0.0 pedestrian_killed, Fair (Night), EDSA Mindanao Ave. Ext. Quezon City",MMDA Road Safety Unit,,4d800d1b-ecd9-41eb-9c0a-929ad6abf2c1,2012-10-24,13:25:00,EDSA before Arayat St. Quezon City,0,0,0,0,0,0,0,0,0,0,2012-10-24 21:25,Property,14.65052386,121.0335656,Side Swipe