LOCATION_TEXT,ROAD,WEATHER,LIGHT,DESC,REPORTING_AGENCY,MAIN_CAUSE,INCIDENTDETAILS_ID,DATE_UTC,TIME_UTC,ADDRESS,killed_driver,killed_passenger,killed_pedestrian,injured_driver,injured_passenger,injured_pedestrian,killed_uncategorized,injured_uncategorized,killed_total,injured_total,DATETIME_PST,SEVERITY,Y,X,COLLISION_TYPE
None,EDSA,None,None,"No Accident Factor, Rear-end, 0.0 drivers_injured, 0.0 drivers_killed, 0.0 passengers_injured, 0.0 passengers_killed, 0.0 pedestrian_injured, 0.0 pedestrian_killed, Fair (Day), EDSA Kamuning Road Quezon City",MMDA Road Safety Unit,,90a37e6d-83a9-4703-801e-b9ea36cd3ccf,2012-10-24,08:50:00,EDSA Kamuning Road Quezon City,0,0,0,0,0,0,0,0,0,0,2012-10-24 16:50,Property,14.63075725,121.0457548,Rear-End
None,EDSA,None,None,"No Accident Factor, No Collision Stated (based on Police Blotter Book), 0.0 drivers_injured, 0.0 drivers_killed, 0.0 passengers_injured, 0.0 passengers_killed, 0.0 pedestrian_injured, 0.0 pedestrian_killed, Fair (Night), EDSA Aurora Blvd. Quezon City",MMDA Road Safety Unit,,9ec1c3fc-7506-4750-aa31-d8df7a04408d,2012-10-23,12:55:00,EDSA Kamuning Road Quezon City,0,0,0,0,0,0,0,0,0,0,2012-10-23 20:55,Property,14.62163653,121.0501573,No Collision Stated
None,EDSA,None,None,"No Accident Factor, Rear-end, 0.0 drivers_injured, 0.0 drivers_killed, 0.0 passengers_injured, 0.0 passengers_killed, 0.0 pedestrian_injured, 0.0 pedestrian_killed, Fair (Night), EDSA   Before Nia Rd.,Brgy. Pinahan Quezon City",MMDA Road Safety Unit,,f7a2e164-3ff2-4d12-9824-bda81bcde817,2012-10-23,12:20:00,EDSA Kamuning Road Quezon City,0,0,0,0,0,0,0,0,0,0,2012-10-23 20:20,Property,14.63841839,121.0414645,Rear-End
None,EDSA,None,None,"No Accident Factor, Rear-end, 0.0 drivers_injured, 0.0 drivers_killed, 0.0 passengers_injured, 0.0 passengers_killed, 0.0 pedestrian_injured, 0.0 pedestrian_killed, Fair (Day), EDSA Ermin Garcia St. Quezon City",MMDA Road Safety Unit,,d27a071b-d93f-4a75-b813-99ce16daa00d,2012-10-23,08:00:00,EDSA After Corregidor Quezon City,0,0,0,0,0,0,0,0,0,0,2012-10-23 16:00,Property,14.62758814,121.047487,Rear-End
None,EDSA,None,None,"No Accident Factor, No Collision Stated (based on Police Blotter Book), 0.0 drivers_injured, 0.0 drivers_killed, 0.0 passengers_injured, 0.0 passengers_killed, 0.0 pedestrian_injured, 0.0 pedestrian_killed, Fair (Day), EDSA Howmart Road Quezon City",MMDA Road Safety Unit,,337e4c8e-03ca-4019-8e7b-d7762aca802f,2012-10-22,23:45:00,EDSA fronting Nissan Motors Brgy.Baesa Quezon City,0,0,0,0,0,0,0,0,0,0,2012-10-23 7:45,Property,14.65764415,121.0108224,No Collision Stated
None,EDSA,None,None,"No Accident Factor, No Collision Stated (based on Police Blotter Book), 1.0 drivers_injured, 0.0 drivers_killed, 0.0 passengers_injured, 0.0 passengers_killed, 0.0 pedestrian_injured, 0.0 pedestrian_killed, Fair (Night), EDSA fronting GMA 7 East Ave. Quezon City",MMDA Road Safety Unit,,8c319e45-8d04-4c9c-a9ff-90cc4b5683e0,2012-10-22,14:55:00,EDSA West Ave. Brgy.Philam Quezon City,0,0,0,1,0,0,0,0,0,1,2012-10-22 22:55,Injury,14.63487536,121.0435696,No Collision Stated
None,EDSA,None,None,"No Accident Factor, Side Swipe, 0.0 drivers_injured, 0.0 drivers_killed, 0.0 passengers_injured, 0.0 passengers_killed, 0.0 pedestrian_injured, 0.0 pedestrian_killed, Fair (Day), EDSA Timog Ave. Quezon City",MMDA Road Safety Unit,,e2fcdee1-5f44-4245-9e16-666a23ef6925,2012-10-22,00:30:00,EDSA West Ave. Quezon City,0,0,0,0,0,0,0,0,0,0,2012-10-22 8:30,Property,14.63293559,121.0446304,Side Swipe
None,EDSA,None,None,"No Accident Factor, Rear-end, 1.0 drivers_injured, 0.0 drivers_killed, 0.0 passengers_injured, 0.0 passengers_killed, 0.0 pedestrian_injured, 0.0 pedestrian_killed, Fair (Night), EDSA after Kamuning Road Quezon City",MMDA Road Safety Unit,,956b2c8d-f919-4caa-b002-946b98e4ad16,2012-10-21,21:55:00,"EDSA at ""U"" turn slot, fronting GMA-7 Bldg. Quezon City",0,0,0,1,0,0,0,0,0,1,2012-10-22 5:55,Injury,14.63032855,121.045955,Rear-End
None,EDSA,None,None,"No Accident Factor, Rear-end, 0.0 drivers_injured, 0.0 drivers_killed, 0.0 passengers_injured, 0.0 passengers_killed, 0.0 pedestrian_injured, 0.0 pedestrian_killed, Fair (Night), EDSA   Fronting Victory Liner Terminal,Brgy. Pinahan Quezon City",MMDA Road Safety Unit,,ae89d844-3cf9-49d8-a747-523f407ba80d,2012-10-20,16:20:00,Edsa  Santolan Ave. Quezon City,0,0,0,0,0,0,0,0,0,0,2012-10-21 0:20,Property,14.62448247,121.0487126,Rear-End
None,EDSA,None,None,"No Accident Factor, Side Swipe, 0.0 drivers_injured, 0.0 drivers_killed, 0.0 passengers_injured, 0.0 passengers_killed, 0.0 pedestrian_injured, 0.0 pedestrian_killed, Fair (Night), EDSA Panay Ave. Quezon City",MMDA Road Safety Unit,,0b696786-b259-4552-a351-e707cff3020c,2012-10-20,11:50:00,Edsa  Quezon Ave. Quezon City,0,0,0,0,0,0,0,0,0,0,2012-10-20 19:50,Property,14.64294686,121.0381076,Side Swipe
None,EDSA,None,None,"No Accident Factor, Angle Impact, 0.0 drivers_injured, 0.0 drivers_killed, 0.0 passengers_injured, 0.0 passengers_killed, 0.0 pedestrian_injured, 0.0 pedestrian_killed, Fair (Night), EDSA P. Tuazon Blvd., Bgy. Socorro Quezon City",MMDA Road Safety Unit,,6f2c6542-a5a1-4e38-a2c8-891c3554be03,2012-10-20,11:30:00,EDSA before Ermin Garcia St. (Minnesota) Quezon City,0,0,0,0,0,0,0,0,0,0,2012-10-20 19:30,Property,14.61656342,121.0525225,Angle Impact
None,EDSA,None,None,"No Accident Factor, Rear-end, 0.0 drivers_injured, 0.0 drivers_killed, 0.0 passengers_injured, 0.0 passengers_killed, 0.0 pedestrian_injured, 0.0 pedestrian_killed, Fair (Night), EDSA GMA 7 Network, Timog Ave. Quezon City",MMDA Road Safety Unit,,bd73dda2-becd-4247-bf67-4cfb4823e3b4,2012-10-20,11:20:00,EDSA Aurora Blvd. Quezon City,0,0,0,0,0,0,0,0,0,0,2012-10-20 19:20,Property,14.63467214,121.0435714,Rear-End
None,EDSA,None,None,"No Accident Factor, No Collision Stated (based on Police Blotter Book), 0.0 drivers_injured, 0.0 drivers_killed, 0.0 passengers_injured, 0.0 passengers_killed, 0.0 pedestrian_injured, 0.0 pedestrian_killed, Fair (Day), EDSA New York St. Quezon City",MMDA Road Safety Unit,,7dc940e6-672f-4a3f-b965-82280d222e11,2012-10-20,08:30:00,"Edsa fronting Superlines Bus Terminal, Cubao  Quezon City",0,0,0,0,0,0,0,0,0,0,2012-10-20 16:30,Property,14.62568514,121.0482307,No Collision Stated
None,EDSA,None,None,"No Accident Factor, Rear-end, 0.0 drivers_injured, 0.0 drivers_killed, 0.0 passengers_injured, 0.0 passengers_killed, 0.0 pedestrian_injured, 0.0 pedestrian_killed, Fair (Day), EDSA GMA 7 Network, Timog Ave. Quezon City",MMDA Road Safety Unit,,20cfc0b6-34ed-4e3b-96ac-05245ecd7ee2,2012-10-20,08:10:00,EDSA Aurora Blvd. Quezon City,0,0,0,0,0,0,0,0,0,0,2012-10-20 16:10,Property,14.63467214,121.0435714,Rear-End
None,EDSA,None,None,"No Accident Factor, Side Swipe, 0.0 drivers_injured, 0.0 drivers_killed, 0.0 passengers_injured, 0.0 passengers_killed, 0.0 pedestrian_injured, 0.0 pedestrian_killed, Fair (Day), EDSA fronting Corinthian Garden, Bgy. Ugong Norte Quezon City",MMDA Road Safety Unit,,cd869187-0fee-4f8a-8f0f-1e9bd6d3cdcf,2012-10-19,23:45:00,Edsa  B.Serrano Ave. Quezon City,0,0,0,0,0,0,0,0,0,0,2012-10-20 7:45,Property,14.5956398,121.0594464,Side Swipe
None,EDSA,None,None,"No Accident Factor, No Collision Stated (based on Police Blotter Book), 0.0 drivers_injured, 0.0 drivers_killed, 0.0 passengers_injured, 0.0 passengers_killed, 0.0 pedestrian_injured, 0.0 pedestrian_killed, Fair (Night), EDSA before North Ave. Bgy.Pag-asa Quezon City",MMDA Road Safety Unit,,61f4dcbd-5c9e-4979-a4d8-955077610c62,2012-10-19,14:30:00,"Edsa fronting Baliwag Bus Terminal, Bgy. E. Rodriguez Quezon City",0,0,0,0,0,0,0,0,0,0,2012-10-19 22:30,Property,14.65549338,121.0302966,No Collision Stated
None,EDSA,None,None,"No Accident Factor, No Collision Stated (based on Police Blotter Book), 0.0 drivers_injured, 0.0 drivers_killed, 0.0 passengers_injured, 0.0 passengers_killed, 0.0 pedestrian_injured, 0.0 pedestrian_killed, Fair (Day), EDSA  fronting SM North Bgy.Pag-asa Quezon City",MMDA Road Safety Unit,,ec4730b8-f44b-410d-bb43-62a4b7ccaf03,2012-10-19,09:30:00,"Edsa  Aurora Blvd., E. Rodriguez  Quezon City",0,0,0,0,0,0,0,0,0,0,2012-10-19 17:30,Property,14.65595735,121.0290489,No Collision Stated
None,EDSA,None,None,"No Accident Factor, Rear-end, 0.0 drivers_injured, 0.0 drivers_killed, 0.0 passengers_injured, 0.0 passengers_killed, 0.0 pedestrian_injured, 0.0 pedestrian_killed, Fair (Day), EDSA Col. B. Serrano Ave. Quezon City",MMDA Road Safety Unit,,25e150d8-61b7-4cfd-91ab-31670d28279e,2012-10-18,22:50:00,"Edsa  Main Ave., Bgy. Socorro  Quezon City",0,0,0,0,0,0,0,0,0,0,2012-10-19 6:50,Property,14.61107337,121.0550705,Rear-End
None,EDSA,None,None,"No Accident Factor, No Collision Stated (based on Police Blotter Book), 0.0 drivers_injured, 0.0 drivers_killed, 0.0 passengers_injured, 0.0 passengers_killed, 0.0 pedestrian_injured, 0.0 pedestrian_killed, Fair (Day), EDSA North Ave. Bgy.Pag-asa Quezon City",MMDA Road Safety Unit,,9618cbab-543d-468d-af82-01425c5f5a7d,2012-10-18,02:50:00,EDSA Main Ave. Quezon City,0,0,0,0,0,0,0,0,0,0,2012-10-18 10:50,Property,14.65553839,121.0299647,No Collision Stated
None,EDSA,None,None,"No Accident Factor, Rear-end, 0.0 drivers_injured, 0.0 drivers_killed, 0.0 passengers_injured, 0.0 passengers_killed, 0.0 pedestrian_injured, 0.0 pedestrian_killed, Fair (Day), EDSA Aurora Blvd., Bgy. Socorro Quezon City",MMDA Road Safety Unit,,d4f44ed3-7860-4222-8bea-c314470fab28,2012-10-18,01:45:00,"Edsa  Gen. Roxas Ave., Cubao Quezon City",0,0,0,0,0,0,0,0,0,0,2012-10-18 9:45,Property,14.6218043,121.0502049,Rear-End
None,EDSA,None,None,"No Accident Factor, Side Swipe, 0.0 drivers_injured, 0.0 drivers_killed, 0.0 passengers_injured, 0.0 passengers_killed, 0.0 pedestrian_injured, 0.0 pedestrian_killed, Fair (Day), EDSA P. Tuazon Blvd., Bgy. Socorro Quezon City",MMDA Road Safety Unit,,ae1f5ddf-d800-40e8-a4c5-8c9e6d26faa5,2012-10-17,23:50:00,EDSA GMA-7 Quezon City,0,0,0,0,0,0,0,0,0,0,2012-10-18 7:50,Property,14.61656342,121.0525225,Side Swipe
None,EDSA,None,None,"No Accident Factor, No Collision Stated (based on Police Blotter Book), 1.0 drivers_injured, 0.0 drivers_killed, 1.0 passengers_injured, 0.0 passengers_killed, 0.0 pedestrian_injured, 0.0 pedestrian_killed, Fair (Night), EDSA fronting Oliveros Drive, Brgy. A. Samson Quezon City",MMDA Road Safety Unit,,254da586-8a3c-40f0-a19e-10a4117ab62b,2012-10-17,21:00:00,EDSA P. Tuazon Blvd. Quezon City,0,0,0,1,1,0,0,0,0,2,2012-10-18 5:00,Injury,14.65755869,121.0065252,No Collision Stated
None,EDSA,None,None,"No Accident Factor, Side Swipe, 0.0 drivers_injured, 0.0 drivers_killed, 0.0 passengers_injured, 0.0 passengers_killed, 0.0 pedestrian_injured, 0.0 pedestrian_killed, Fair (Night), EDSA Timog Ave. Quezon City",MMDA Road Safety Unit,,1b4e4611-b833-4280-84c6-ede4c958bb2b,2012-10-17,13:00:00,"Edsa  fronting Florida Bus Terminal, Bgy. West kamias  Quezon City",0,0,0,0,0,0,0,0,0,0,2012-10-17 21:00,Property,14.63293559,121.0446304,Side Swipe
None,EDSA,None,None,"No Accident Factor, Rear-end, 0.0 drivers_injured, 0.0 drivers_killed, 0.0 passengers_injured, 0.0 passengers_killed, 0.0 pedestrian_injured, 0.0 pedestrian_killed, Fair (Night), EDSA Quezon Ave. Bgy. Pinyahan Quezon City",MMDA Road Safety Unit,,37be322b-bfe4-4bb1-b242-e650f239905b,2012-10-16,12:30:00,EDSA Misamis St. Bgy. Sto Cristo Quezon City,0,0,0,0,0,0,0,0,0,0,2012-10-16 20:30,Property,14.6442444,121.0375839,Rear-End
None,EDSA,None,None,"No Accident Factor, Side Swipe, 0.0 drivers_injured, 0.0 drivers_killed, 0.0 passengers_injured, 0.0 passengers_killed, 0.0 pedestrian_injured, 0.0 pedestrian_killed, Fair (Day), EDSA fronting SM North Annex Bldg. R. Magsaysay Quezon City",MMDA Road Safety Unit,,07051b5a-5c7e-49d1-b122-5829dcc4f99d,2012-10-16,03:25:00,EDSA before Quezon Ave. Quezon City,0,0,0,0,0,0,0,0,0,0,2012-10-16 11:25,Property,14.65591384,121.0291263,Side Swipe
None,EDSA,None,None,"No Accident Factor, Side Swipe, 0.0 drivers_injured, 0.0 drivers_killed, 0.0 passengers_injured, 0.0 passengers_killed, 0.0 pedestrian_injured, 0.0 pedestrian_killed, Fair (Night), EDSA fronting Lemon Square Balintawak Quezon City",MMDA Road Safety Unit,,43e287b3-95ee-4a44-9a24-47ceeecefffa,2012-10-15,12:00:00,EDSA Kamuning Road Quezon City,0,0,0,0,0,0,0,0,0,0,2012-10-15 20:00,Property,14.65755296,121.0174655,Side Swipe
None,EDSA,None,None,"No Accident Factor, Hit Object (No Object Stated), 1.0 drivers_injured, 0.0 drivers_killed, 0.0 passengers_injured, 0.0 passengers_killed, 0.0 pedestrian_injured, 0.0 pedestrian_killed, Fair (Day), EDSA before Arayat St. Quezon City",MMDA Road Safety Unit,,8d2f2c16-edc1-4c7b-9d3e-fbb0b9d5fba3,2012-10-15,04:30:00,"EDSA U Turn Slot Waling-Waling Flower Shop, Bgy. Bagong Pag-Asa Quezon City",0,0,0,1,0,0,0,0,0,1,2012-10-15 12:30,Injury,14.61971734,121.0508249,Hit Object
None,EDSA,None,None,"No Accident Factor, No Collision Stated (based on Police Blotter Book), 0.0 drivers_injured, 0.0 drivers_killed, 0.0 passengers_injured, 0.0 passengers_killed, 0.0 pedestrian_injured, 0.0 pedestrian_killed, Fair (Day), EDSA Jam Transport Bus Terminal Quezon City",MMDA Road Safety Unit,,fbdea697-1773-4f3b-a730-dbe0c4026682,2012-10-14,22:15:00,EDSA P. Tuazon Blvd. Quezon City,0,0,0,0,0,0,0,0,0,0,2012-10-15 6:15,Property,14.63113373,121.0455992,No Collision Stated
None,EDSA,None,None,"No Accident Factor, No Collision Stated (based on Police Blotter Book), 0.0 drivers_injured, 0.0 drivers_killed, 0.0 passengers_injured, 0.0 passengers_killed, 0.0 pedestrian_injured, 0.0 pedestrian_killed, Fair (Night), EDSA fronting Cloverleaf Market Bgy.Balingasa Quezon City",MMDA Road Safety Unit,,954c44b0-7b27-4c6b-bb7b-48184f3ec451,2012-10-14,21:00:00,EDSA Roosevelt Ave. Quezon City,0,0,0,0,0,0,0,0,0,0,2012-10-15 5:00,Property,14.65731339,121.000715,No Collision Stated
None,EDSA,None,None,"No Accident Factor, Side Swipe, 0.0 drivers_injured, 0.0 drivers_killed, 0.0 passengers_injured, 0.0 passengers_killed, 0.0 pedestrian_injured, 0.0 pedestrian_killed, Fair (Night), EDSA Misamis St. Sto Cristo Quezon City",MMDA Road Safety Unit,,55231892-8f37-40db-a887-4e1f71aeb097,2012-10-14,13:30:00,"EDSA fronting SM City-North EDSA (Annex), Bgy. Bagong Pag-asa Quezon City",0,0,0,0,0,0,0,0,0,0,2012-10-14 21:30,Property,14.65602348,121.0285212,Side Swipe
None,EDSA,None,None,"No Accident Factor, No Collision Stated (based on Police Blotter Book), 1.0 drivers_injured, 0.0 drivers_killed, 0.0 passengers_injured, 0.0 passengers_killed, 0.0 pedestrian_injured, 0.0 pedestrian_killed, Fair (Day), EDSA Royal  Quezon City",MMDA Road Safety Unit,,9a1fd56e-53da-4f92-a94a-f79567bba5a1,2012-10-14,08:00:00,"EDSA at ""U"" turn slot, fronting GMA-7 Bldg., before South Ave. / Timog Ave. Quezon City",0,0,0,1,0,0,0,0,0,1,2012-10-14 16:00,Injury,14.65767141,121.0107008,No Collision Stated
None,EDSA,None,None,"No Accident Factor, Angle Impact, 0.0 drivers_injured, 0.0 drivers_killed, 0.0 passengers_injured, 0.0 passengers_killed, 0.0 pedestrian_injured, 0.0 pedestrian_killed, Fair (Day), EDSA Gen. McArthur St., Bgy. Socorro Quezon City",MMDA Road Safety Unit,,4b54fb98-d582-401c-856b-b3773c9cff60,2012-10-14,06:15:00,"EDSA Corregidor St., Bgy. Ramon Magsaysay Quezon City",0,0,0,0,0,0,0,0,0,0,2012-10-14 14:15,Property,14.61805145,121.0517604,Angle Impact
None,EDSA,None,None,"No Accident Factor, Rear-end, 0.0 drivers_injured, 0.0 drivers_killed, 0.0 passengers_injured, 0.0 passengers_killed, 0.0 pedestrian_injured, 0.0 pedestrian_killed, Fair (Day), EDSA P. Tuazon Ave. Quezon City",MMDA Road Safety Unit,,2666a059-a836-435d-81dc-81bd55856c59,2012-10-13,05:20:00,EDSA Quezon Ave. Quezon City,0,0,0,0,0,0,0,0,0,0,2012-10-13 13:20,Property,14.61656342,121.0525225,Rear-End
None,EDSA,None,None,"No Accident Factor, Angle Impact, 0.0 drivers_injured, 0.0 drivers_killed, 0.0 passengers_injured, 0.0 passengers_killed, 0.0 pedestrian_injured, 0.0 pedestrian_killed, Fair (Day), EDSA fronting Nepa-Q Mart, Bgy. E. Rodriguez Quezon City",MMDA Road Safety Unit,,03c84d77-4a80-478f-afa7-01a6f56c3305,2012-10-13,04:45:00,"EDSA at ""U"" turn slot, South Ave. / Timog Ave. Quezon City",0,0,0,0,0,0,0,0,0,0,2012-10-13 12:45,Property,14.6280917,121.0472321,Angle Impact
None,EDSA,None,None,"No Accident Factor, No Collision Stated (based on Police Blotter Book), 0.0 drivers_injured, 0.0 drivers_killed, 0.0 passengers_injured, 0.0 passengers_killed, 0.0 pedestrian_injured, 0.0 pedestrian_killed, Fair (Day), EDSA Kamias Road Quezon City",MMDA Road Safety Unit,,57a0270b-8c56-4348-b01f-6476a2d5cf0f,2012-10-13,01:00:00,"EDSA at ""U"" turn slot, Quezon Ave. Quezon City",0,0,0,0,0,0,0,0,0,0,2012-10-13 9:00,Property,14.6309142,121.0459376,No Collision Stated
None,EDSA,None,None,"No Accident Factor, No Collision Stated (based on Police Blotter Book), 0.0 drivers_injured, 0.0 drivers_killed, 0.0 passengers_injured, 0.0 passengers_killed, 0.0 pedestrian_injured, 0.0 pedestrian_killed, Fair (Night), EDSA Victory Liner Bus Terminal Quezon City",MMDA Road Safety Unit,,9a991588-8557-4bb7-add1-78b419ddce99,2012-10-11,21:00:00,EDSA P. Tuazon Blvd. Quezon City,0,0,0,0,0,0,0,0,0,0,2012-10-12 5:00,Property,14.63209398,121.0454876,No Collision Stated
None,EDSA,None,None,"No Accident Factor, No Collision Stated (based on Police Blotter Book), 0.0 drivers_injured, 0.0 drivers_killed, 1.0 passengers_injured, 0.0 passengers_killed, 0.0 pedestrian_injured, 0.0 pedestrian_killed, Fair (Day), EDSA Eugenio Lopez Sr. Drive Quezon City",MMDA Road Safety Unit,,50b98db7-85be-4dea-844a-3920632593e9,2012-10-11,07:05:00,EDSA Kamuning Road Quezon City,0,0,0,0,1,0,0,0,0,1,2012-10-11 15:05,Injury,14.63973568,121.0403709,No Collision Stated
None,EDSA,None,None,"No Accident Factor, No Collision Stated (based on Police Blotter Book), 0.0 drivers_injured, 0.0 drivers_killed, 0.0 passengers_injured, 0.0 passengers_killed, 0.0 pedestrian_injured, 0.0 pedestrian_killed, Fair (Night), EDSA fronting Honda Showroom S/B Bgy.A. Samson Quezon City",MMDA Road Safety Unit,,6e701a4e-58b8-4966-9252-477263d832ec,2012-10-10,20:30:00,"EDSA Misamis St., Bgy. Sto. Cristo Quezon City",0,0,0,0,0,0,0,0,0,0,2012-10-11 4:30,Property,14.65748228,121.0209586,No Collision Stated
None,EDSA,None,None,"No Accident Factor, No Collision Stated (based on Police Blotter Book), 0.0 drivers_injured, 0.0 drivers_killed, 0.0 passengers_injured, 0.0 passengers_killed, 0.0 pedestrian_injured, 0.0 pedestrian_killed, Fair (Day), EDSA Misamis St., Bgy. Sto. Cristo Quezon City",MMDA Road Safety Unit,,6185c2e2-b543-4389-9dde-dde15eff66c8,2012-10-09,05:00:00,EDSA fronting Ramon Magsaysay High School Quezon City,0,0,0,0,0,0,0,0,0,0,2012-10-09 13:00,Property,14.65602348,121.0285212,No Collision Stated
None,EDSA,None,None,"No Accident Factor, No Collision Stated (based on Police Blotter Book), 0.0 drivers_injured, 0.0 drivers_killed, 0.0 passengers_injured, 0.0 passengers_killed, 0.0 pedestrian_injured, 0.0 pedestrian_killed, Fair (Day), EDSA before NIA / Shell Gas Station Quezon City",MMDA Road Safety Unit,,692e53f3-8da2-4b9b-a7be-b4d513b7ad0b,2012-10-09,03:30:00,"EDSA Corregidor St., Bgy. Sto. Cristo Quezon City",0,0,0,0,0,0,0,0,0,0,2012-10-09 11:30,Property,14.63717745,121.0422354,No Collision Stated
None,EDSA,None,None,"No Accident Factor, No Collision Stated (based on Police Blotter Book), 0.0 drivers_injured, 0.0 drivers_killed, 1.0 passengers_injured, 0.0 passengers_killed, 0.0 pedestrian_injured, 0.0 pedestrian_killed, Fair (Day), Edsa Mindanao Ave., Ext. Quezon City",MMDA Road Safety Unit,,6485cad4-0fdf-4722-a3ee-1f5dfccbf355,2012-10-09,01:30:00,"EDSA Howmart Road, Bgy. Apolonio Samson Quezon City",0,0,0,0,1,0,0,0,0,1,2012-10-09 9:30,Injury,14.65052386,121.0335656,No Collision Stated
None,EDSA,None,None,"No Accident Factor, Side Swipe, 0.0 drivers_injured, 0.0 drivers_killed, 0.0 passengers_injured, 0.0 passengers_killed, 0.0 pedestrian_injured, 0.0 pedestrian_killed, Fair (Day), EDSA  Eton Centris Bgy. Pag-asa Quezon City",MMDA Road Safety Unit,,78746753-2ee9-47da-9afa-1256e972364d,2012-10-06,07:30:00,"EDSA at ""U"" turn slot, fronting Nice Hotel, Bgy. Bagong Pag-asa Quezon City",0,0,0,0,0,0,0,0,0,0,2012-10-06 15:30,Property,14.64337313,121.0381459,Side Swipe
None,EDSA,None,None,"No Accident Factor, Side Swipe, 0.0 drivers_injured, 0.0 drivers_killed, 0.0 passengers_injured, 0.0 passengers_killed, 0.0 pedestrian_injured, 0.0 pedestrian_killed, Fair (Day), EDSA Kaingin Road, Brgy. A. Samson Quezon City",MMDA Road Safety Unit,,30771e47-feec-4d3b-9fa1-2c66a59c3fa8,2012-10-06,04:30:00,"EDSA at ""U"" turn slot, before Bansalangin St. Quezon City",0,0,0,0,0,0,0,0,0,0,2012-10-06 12:30,Property,14.65746493,121.0109963,Side Swipe
None,EDSA,None,None,"No Accident Factor, No Collision Stated (based on Police Blotter Book), 0.0 drivers_injured, 0.0 drivers_killed, 0.0 passengers_injured, 0.0 passengers_killed, 0.0 pedestrian_injured, 0.0 pedestrian_killed, Fair (Day), EDSA Kaingin Road, Brgy. A. Samson Quezon City",MMDA Road Safety Unit,,14a3d4b3-46f9-42ea-b25c-b7028ca0a8e0,2012-10-06,00:45:00,EDSA fronting Jam Bus Terminal Quezon City,0,0,0,0,0,0,0,0,0,0,2012-10-06 8:45,Property,14.65746493,121.0109963,No Collision Stated
None,EDSA,None,None,"No Accident Factor, Rear-end, 0.0 drivers_injured, 0.0 drivers_killed, 0.0 passengers_injured, 0.0 passengers_killed, 0.0 pedestrian_injured, 0.0 pedestrian_killed, Fair (Day), EDSA Camp Crame Quezon City",MMDA Road Safety Unit,,77bfdd3a-ab3e-4306-88c3-c9147cc88859,2012-10-05,22:00:00,EDSA fronting Nepa-Q Mart Quezon City,0,0,0,0,0,0,0,0,0,0,2012-10-06 6:00,Property,14.60923788,121.0557422,Rear-End
None,EDSA,None,None,"No Accident Factor, No Collision Stated (based on Police Blotter Book), 0.0 drivers_injured, 0.0 drivers_killed, 0.0 passengers_injured, 0.0 passengers_killed, 0.0 pedestrian_injured, 0.0 pedestrian_killed, Fair (Day), EDSA Seminary Rd. Quezon City",MMDA Road Safety Unit,,bcb9c80a-3486-498a-92d9-8417aa3e7a33,2012-10-05,04:00:00,EDSA P. Tuazon Blvd. Quezon City,0,0,0,0,0,0,0,0,0,0,2012-10-05 12:00,Property,14.65776066,121.0173978,No Collision Stated
None,EDSA,None,None,"No Accident Factor, Hit and Run (Hit Parked Vehicle), 0.0 drivers_injured, 0.0 drivers_killed, 0.0 passengers_injured, 0.0 passengers_killed, 0.0 pedestrian_injured, 0.0 pedestrian_killed, Fair (Night), EDSA Kamias Road, Parking of Jollibee Quezon City",MMDA Road Safety Unit,,80676547-dac6-42c3-a061-3dacbe35d155,2012-10-04,14:10:00,EDSA Main Ave.   Quezon City,0,0,0,0,0,0,0,0,0,0,2012-10-04 22:10,Property,14.6309142,121.0459376,Hit Object
None,EDSA,None,None,"No Accident Factor, No Collision Stated (based on Police Blotter Book), 0.0 drivers_injured, 0.0 drivers_killed, 0.0 passengers_injured, 0.0 passengers_killed, 0.0 pedestrian_injured, 0.0 pedestrian_killed, Fair (Day), EDSA P. Tuazon Blvd. Quezon City",MMDA Road Safety Unit,,f038cc4f-3518-49b7-b1ee-43bd852bdb2f,2012-10-04,09:30:00,"EDSA at before Alley 1 ""U"" turn slot, Bago Bantay, Bgy. Ramon Magsaysay Quezon City",0,0,0,0,0,0,0,0,0,0,2012-10-04 17:30,Property,14.61656342,121.0525225,No Collision Stated
None,EDSA,None,None,"No Accident Factor, No Collision Stated (based on Police Blotter Book), 0.0 drivers_injured, 0.0 drivers_killed, 0.0 passengers_injured, 0.0 passengers_killed, 0.0 pedestrian_injured, 0.0 pedestrian_killed, Fair (Day), EDSA Cloverleaf Quezon City",MMDA Road Safety Unit,,c22204aa-6a6b-4664-a555-de5767c5a15a,2012-10-03,23:10:00,"EDSA at ""U"" turn slot, before North Ave., MRT-? Station Quezon City",0,0,0,0,0,0,0,0,0,0,2012-10-04 7:10,Property,14.65747901,121.0011914,No Collision Stated
None,EDSA,None,None,"No Accident Factor, Hit and Run (No Collision Stated), 0.0 drivers_injured, 0.0 drivers_killed, 0.0 passengers_injured, 0.0 passengers_killed, 0.0 pedestrian_injured, 0.0 pedestrian_killed, Fair (Night), EDSA before Arayat St. / Diamond Bldg. Quezon City",MMDA Road Safety Unit,,ba4451dc-fa1d-46a2-9fba-595b0b0c7260,2012-10-03,21:30:00,"EDSA fronting Balintawak Market, Bgy. Balingasa Quezon City",0,0,0,0,0,0,0,0,0,0,2012-10-04 5:30,Property,14.61971734,121.0508249,No Collision Stated