LOCATION_TEXT,ROAD,WEATHER,LIGHT,DESC,REPORTING_AGENCY,MAIN_CAUSE,INCIDENTDETAILS_ID,DATE_UTC,TIME_UTC,ADDRESS,killed_driver,killed_passenger,killed_pedestrian,injured_driver,injured_passenger,injured_pedestrian,killed_uncategorized,injured_uncategorized,killed_total,injured_total,DATETIME_PST,SEVERITY,Y,X,COLLISION_TYPE
None,EDSA,None,None,"No Accident Factor, Other (Hit Parked Veh. + Hit Obj., Traffic Sign, MMDA), 0.0 drivers_injured, 0.0 drivers_killed, 0.0 passengers_injured, 0.0 passengers_killed, 0.0 pedestrian_injured, 0.0 pedestrian_killed, Fair (Night), EDSA  B. Serrano Ave. Quezon City",MMDA Road Safety Unit,,f755dca9-9fbc-47fe-b404-e545425a3243,2012-10-03,17:30:00,"EDSA fronting Nissan North EDSA, Bgy. Apolonio Samson Quezon City",0,0,0,0,0,0,0,0,0,0,2012-10-04 1:30,Property,14.61099829,121.0549557,Hit Object
None,EDSA,None,None,"No Accident Factor, Hit and Run (No Collision Stated), 0.0 drivers_injured, 0.0 drivers_killed, 0.0 passengers_injured, 0.0 passengers_killed, 0.0 pedestrian_injured, 0.0 pedestrian_killed, Fair (Night), EDSA before Quezon Ave. Quezon City",MMDA Road Safety Unit,,00951c0a-ac3a-4b3b-ae45-8ff7e362ec2e,2012-10-03,15:30:00,EDSA Quezon Ave. Quezon City,0,0,0,0,0,0,0,0,0,0,2012-10-03 23:30,Property,14.64451704,121.0371727,No Collision Stated
None,EDSA,None,None,"No Accident Factor, No Collision Stated (based on Police Blotter Book), 0.0 drivers_injured, 0.0 drivers_killed, 0.0 passengers_injured, 0.0 passengers_killed, 0.0 pedestrian_injured, 0.0 pedestrian_killed, Fair (Night), EDSA Main Ave. Quezon City",MMDA Road Safety Unit,,aa8f7e54-98f6-4b30-a9ce-674bd71afba0,2012-10-03,11:30:00,EDSA Camp Aguinaldo Bgy. Socorro Quezon City,0,0,0,0,0,0,0,0,0,0,2012-10-03 19:30,Property,14.61376458,121.0537933,No Collision Stated
None,EDSA,None,None,"No Accident Factor, Side Swipe, 0.0 drivers_injured, 0.0 drivers_killed, 0.0 passengers_injured, 0.0 passengers_killed, 0.0 pedestrian_injured, 0.0 pedestrian_killed, Fair (Day), EDSA P. Tuazon Blvd. Quezon City",MMDA Road Safety Unit,,b3d16ef0-f484-4d49-a6cb-e51b28965248,2012-10-03,03:30:00,EDSA Camp Aguinaldo Bgy. Socorro Quezon City,0,0,0,0,0,0,0,0,0,0,2012-10-03 11:30,Property,14.61656342,121.0525225,Side Swipe
None,EDSA,None,None,"No Accident Factor, No Collision Stated (based on Police Blotter Book), 0.0 drivers_injured, 0.0 drivers_killed, 0.0 passengers_injured, 0.0 passengers_killed, 0.0 pedestrian_injured, 0.0 pedestrian_killed, Fair (Day), EDSA White Plains Ave. Quezon City",MMDA Road Safety Unit,,a6aa3ae4-dbce-4af8-886d-9f4205d49ca1,2012-10-02,23:20:00,EDSA fronting JAC Liner Bus Terminal Quezon City,0,0,0,0,0,0,0,0,0,0,2012-10-03 7:20,Property,14.59961782,121.0596522,No Collision Stated
None,EDSA,None,None,"No Accident Factor, No Collision Stated (based on Police Blotter Book), 0.0 drivers_injured, 0.0 drivers_killed, 0.0 passengers_injured, 0.0 passengers_killed, 0.0 pedestrian_injured, 0.0 pedestrian_killed, Fair (Night), EDSA Cloverleaf Market, Brgy. Balingasa Quezon City",MMDA Road Safety Unit,,a850af69-b5b8-4194-a48c-cd1f49cb19d0,2012-10-02,15:00:00,"EDSA Cloverleaf Market, Bgy. Balingasa Quezon City",0,0,0,0,0,0,0,0,0,0,2012-10-02 23:00,Property,14.6575213,121.0010654,No Collision Stated
None,EDSA,None,None,"No Accident Factor, No Collision Stated (based on Police Blotter Book), 0.0 drivers_injured, 0.0 drivers_killed, 0.0 passengers_injured, 0.0 passengers_killed, 0.0 pedestrian_injured, 0.0 pedestrian_killed, Fair (Night), EDSA  Congre. Ave. Quezon City",MMDA Road Safety Unit,,44f25902-08fc-4fd3-b422-c74c63c10791,2012-10-02,14:50:00,"EDSA at ""U"" turn slot, P. Tuazon Blvd. Quezon City",0,0,0,0,0,0,0,0,0,0,2012-10-02 22:50,Property,14.65783097,121.0197889,No Collision Stated
None,EDSA,None,None,"No Accident Factor, Hit and Run (No Collision Stated), 1.0 drivers_injured, 0.0 drivers_killed, 0.0 passengers_injured, 0.0 passengers_killed, 0.0 pedestrian_injured, 0.0 pedestrian_killed, Fair (Day), EDSA fronting LRT Balintawak Quezon City",MMDA Road Safety Unit,,606210a0-5456-4b0f-89b9-2c277942031d,2012-10-01,23:30:00,EDSA before Mayor Diaz St. Quezon City,0,0,0,1,0,0,0,0,0,1,2012-10-02 7:30,Injury,14.65732428,121.0019821,No Collision Stated
None,EDSA,None,None,"No Accident Factor, No Collision Stated (based on Police Blotter Book), 0.0 drivers_injured, 0.0 drivers_killed, 0.0 passengers_injured, 0.0 passengers_killed, 0.0 pedestrian_injured, 0.0 pedestrian_killed, Fair (Night), EDSA fronting Balintawak Market Quezon City",MMDA Road Safety Unit,,8b78b5dc-a7a4-4e81-bd36-f50a267006ca,2012-10-01,20:45:00,EDSA before Corregidor St. Quezon City,0,0,0,0,0,0,0,0,0,0,2012-10-02 4:45,Property,14.65736198,121.00264,No Collision Stated
None,EDSA,None,None,"No Accident Factor, Side Swipe, 1.0 drivers_injured, 0.0 drivers_killed, 0.0 passengers_injured, 0.0 passengers_killed, 0.0 pedestrian_injured, 0.0 pedestrian_killed, Fair (Day), EDSA Ramon Magsaysay High School Quezon City",MMDA Road Safety Unit,,637e6383-fed9-4bbf-8b91-8db0d55f9ff9,2012-09-30,23:00:00,"EDSA fronting Wilcon Depot, Bgy. Apolonio Samson Quezon City",0,0,0,1,0,0,0,0,0,1,2012-10-01 7:00,Injury,14.62774693,121.0471762,Side Swipe
None,EDSA,None,None,"No Accident Factor, Rear-end (Multiple), 0.0 drivers_injured, 0.0 drivers_killed, 0.0 passengers_injured, 0.0 passengers_killed, 0.0 pedestrian_injured, 0.0 pedestrian_killed, Fair (Night), EDSA fronting Farmers Plaza, Cubao Quezon City",MMDA Road Safety Unit,,e2cde723-fd5d-4d28-b688-f7a8aee8fa06,2012-09-30,21:00:00,EDSA Cloverleaf Service Road Quezon City,0,0,0,0,0,0,0,0,0,0,2012-10-01 5:00,Property,14.61924195,121.0511606,Rear-End
None,EDSA,None,None,"No Accident Factor, Rear-end, 0.0 drivers_injured, 0.0 drivers_killed, 0.0 passengers_injured, 0.0 passengers_killed, 0.0 pedestrian_injured, 0.0 pedestrian_killed, Fair (Night), EDSA East Ave. Quezon City",MMDA Road Safety Unit,,1989d424-236c-4520-b91a-cc292c06bf03,2012-09-30,21:00:00,EDSA Kamias Road Quezon City,0,0,0,0,0,0,0,0,0,0,2012-10-01 5:00,Property,14.6328297,121.0451176,Rear-End
None,EDSA,None,None,"No Accident Factor, No Collision Stated (based on Police Blotter Book), 0.0 drivers_injured, 0.0 drivers_killed, 0.0 passengers_injured, 0.0 passengers_killed, 0.0 pedestrian_injured, 0.0 pedestrian_killed, Fair (Day), EDSA fronting Landmark Supermarket Bgy.Pag-asa Quezon City",MMDA Road Safety Unit,,9f961163-4242-415d-89f7-159644987c69,2012-09-30,06:30:00,"EDSA Mindanao Ave. Ext., Bgy. Bagong Pag-asa Quezon City",0,0,0,0,0,0,0,0,0,0,2012-09-30 14:30,Property,14.65076858,121.0333817,No Collision Stated
None,EDSA,None,None,"No Accident Factor, No Collision Stated (based on Police Blotter Book), 0.0 drivers_injured, 0.0 drivers_killed, 0.0 passengers_injured, 0.0 passengers_killed, 0.0 pedestrian_injured, 0.0 pedestrian_killed, Fair (Night), EDSA fronting INC Bgy.R.Magsaysay Quezon City",MMDA Road Safety Unit,,13e50526-870a-4f76-bdc7-0585c6ebcc17,2012-09-28,18:45:00,"EDSA at ""U"" turn slot, Quezon Ave. Quezon City",0,0,0,0,0,0,0,0,0,0,2012-09-29 2:45,Property,14.65749652,121.0222666,No Collision Stated
None,EDSA,None,None,"No Accident Factor, No Collision Stated (based on Police Blotter Book), 0.0 drivers_injured, 0.0 drivers_killed, 0.0 passengers_injured, 0.0 passengers_killed, 0.0 pedestrian_injured, 0.0 pedestrian_killed, Fair (Night), EDSA fronting Foton Quezon City",MMDA Road Safety Unit,,655df711-1c08-4650-86e3-2c8e1bb9d475,2012-09-28,12:50:00,EDSA Mapagmahal St. Quezon City,0,0,0,0,0,0,0,0,0,0,2012-09-28 20:50,Property,14.65763719,121.0217105,No Collision Stated
None,EDSA,None,None,"No Accident Factor, No Collision Stated (based on Police Blotter Book), 0.0 drivers_injured, 0.0 drivers_killed, 0.0 passengers_injured, 0.0 passengers_killed, 0.0 pedestrian_injured, 0.0 pedestrian_killed, Fair (Day), EDSA before Crossing Shaw Blvd. Quezon City",MMDA Road Safety Unit,,cf531afb-7b08-48ac-860e-6c2ea192637e,2012-09-28,00:00:00,"EDSA at ""U"" turn slot, South Ave. / Timog Ave. Quezon City",0,0,0,0,0,0,0,0,0,0,2012-09-28 8:00,Property,14.58217117,121.0542859,No Collision Stated
None,EDSA,None,None,"No Accident Factor, Side Swipe, 0.0 drivers_injured, 0.0 drivers_killed, 0.0 passengers_injured, 0.0 passengers_killed, 0.0 pedestrian_injured, 0.0 pedestrian_killed, Fair (Night), EDSA before Kamias Road  Quezon City",MMDA Road Safety Unit,,a7cc2511-461b-49bc-81b4-8a267bced4b5,2012-09-27,12:00:00,EDSA Kamuning Road-Kamias Road Quezon City,0,0,0,0,0,0,0,0,0,0,2012-09-27 20:00,Property,14.63042614,121.0461874,Side Swipe
None,EDSA,None,None,"No Accident Factor, No Collision Stated (based on Police Blotter Book), 0.0 drivers_injured, 0.0 drivers_killed, 0.0 passengers_injured, 0.0 passengers_killed, 0.0 pedestrian_injured, 0.0 pedestrian_killed, Fair (Day), EDSA fronting SM Annex Bgy.Pag-asa Quezon City",MMDA Road Safety Unit,,d7269618-ba7b-4420-8930-85bc9c00c0c1,2012-09-26,23:10:00,EDSA Kamias Road Quezon City,0,0,0,0,0,0,0,0,0,0,2012-09-27 7:10,Property,14.6565149,121.0265678,No Collision Stated
None,EDSA,None,None,"No Accident Factor, No Collision Stated (based on Police Blotter Book), 0.0 drivers_injured, 0.0 drivers_killed, 0.0 passengers_injured, 0.0 passengers_killed, 0.0 pedestrian_injured, 0.0 pedestrian_killed, Fair (Night), EDSA Mindanao Ave. Extn. Quezon City",MMDA Road Safety Unit,,8ade9b66-d30d-4e14-83f8-a9d904cad7a1,2012-09-26,15:45:00,"EDSA fronting Cloverleaf Market, Bgy. Balingasa Quezon City",0,0,0,0,0,0,0,0,0,0,2012-09-26 23:45,Property,14.65052386,121.0335656,No Collision Stated
None,EDSA,None,None,"No Accident Factor, No Collision Stated (based on Police Blotter Book), 0.0 drivers_injured, 0.0 drivers_killed, 0.0 passengers_injured, 0.0 passengers_killed, 0.0 pedestrian_injured, 0.0 pedestrian_killed, Fair (Day), EDSA Howmart Road Bgy.Baesa Quezon City",MMDA Road Safety Unit,,330a9e88-3bec-4a51-9ede-d3229acb95a6,2012-09-26,08:20:00,"EDSA West Ave., Bgy. Bungad Quezon City",0,0,0,0,0,0,0,0,0,0,2012-09-26 16:20,Property,14.65764415,121.0108224,No Collision Stated
None,EDSA,None,None,"No Accident Factor, No Collision Stated (based on Police Blotter Book), 0.0 drivers_injured, 0.0 drivers_killed, 0.0 passengers_injured, 0.0 passengers_killed, 0.0 pedestrian_injured, 0.0 pedestrian_killed, Fair (Day), EDSA before Congressional Ave. Bgy.R.Magsaysay Quezon City",MMDA Road Safety Unit,,be1b7aae-f64f-42cb-9007-ea1666fb66bd,2012-09-26,04:30:00,"EDSA West Ave., Bgy. Bungad Quezon City",0,0,0,0,0,0,0,0,0,0,2012-09-26 12:30,Property,14.65776988,121.0203598,No Collision Stated
None,EDSA,None,None,"No Accident Factor, No Collision Stated (based on Police Blotter Book), 0.0 drivers_injured, 0.0 drivers_killed, 0.0 passengers_injured, 0.0 passengers_killed, 0.0 pedestrian_injured, 0.0 pedestrian_killed, Fair (Night), EDSA Quezon Ave. uturn slot Bgy.Pag-asa Quezon City",MMDA Road Safety Unit,,cb8145d2-b17d-4086-bcab-fe57cf7249fa,2012-09-25,12:35:00,"EDSA New York St., Bgy. E. Rodriguez Quezon City",0,0,0,0,0,0,0,0,0,0,2012-09-25 20:35,Property,14.64519393,121.03677,No Collision Stated
None,EDSA,None,None,"No Accident Factor, No Collision Stated (based on Police Blotter Book), 0.0 drivers_injured, 0.0 drivers_killed, 0.0 passengers_injured, 0.0 passengers_killed, 0.0 pedestrian_injured, 0.0 pedestrian_killed, Fair (Night), EDSA Waltermart Quezon City",MMDA Road Safety Unit,,788d3687-d709-4bf9-9a0e-72b362677a5e,2012-09-24,10:40:00,"EDSA fronting Balintawak Market, Bgy. Balingasa Quezon City",0,0,0,0,0,0,0,0,0,0,2012-09-24 18:40,Property,14.6574558,121.0213579,No Collision Stated
None,EDSA,None,None,"No Accident Factor, No Collision Stated (based on Police Blotter Book), 0.0 drivers_injured, 0.0 drivers_killed, 0.0 passengers_injured, 0.0 passengers_killed, 0.0 pedestrian_injured, 0.0 pedestrian_killed, Fair (Day), EDSA West Ave. Quezon City",MMDA Road Safety Unit,,53d95fb6-6d50-4c9e-a637-cb3b0639cd4e,2012-09-24,05:50:00,EDSA before Trinoma Quezon City,0,0,0,0,0,0,0,0,0,0,2012-09-24 13:50,Property,14.65548924,121.0298079,No Collision Stated
None,EDSA,None,None,"No Accident Factor, Side Swipe, 0.0 drivers_injured, 0.0 drivers_killed, 0.0 passengers_injured, 0.0 passengers_killed, 0.0 pedestrian_injured, 0.0 pedestrian_killed, Fair (Day), EDSA Kamias Road Quezon City",MMDA Road Safety Unit,,5c34e934-769e-4e78-afde-444cecd5676c,2012-09-24,04:00:00,"EDSA at Busbay, SM City-North EDSA (Annex Bldg.), Bgy. Bagong Pag-asa Quezon City",0,0,0,0,0,0,0,0,0,0,2012-09-24 12:00,Property,14.6309142,121.0459376,Side Swipe
None,EDSA,None,None,"No Accident Factor, Side Swipe, 0.0 drivers_injured, 0.0 drivers_killed, 0.0 passengers_injured, 0.0 passengers_killed, 0.0 pedestrian_injured, 0.0 pedestrian_killed, Fair (Night), EDSA Congressional Ave. Bgy.R.Magsaysay Quezon City",MMDA Road Safety Unit,,1f1a8ee1-a0ed-449a-b32b-fba6d791c383,2012-09-23,10:45:00,EDSA Aurora Blvd. Quezon City,0,0,0,0,0,0,0,0,0,0,2012-09-23 18:45,Property,14.6571804,120.9927185,Side Swipe
None,EDSA,None,None,"No Accident Factor, Side Swipe, 0.0 drivers_injured, 0.0 drivers_killed, 0.0 passengers_injured, 0.0 passengers_killed, 0.0 pedestrian_injured, 0.0 pedestrian_killed, Fair (Night), EDSA Monte De Piedad Street Quezon City",MMDA Road Safety Unit,,e4283b9a-c277-41bb-be05-d7420b2a1faf,2012-09-22,12:00:00,EDSA Whiteplains Quezon City,0,0,0,0,0,0,0,0,0,0,2012-09-22 20:00,Property,14.62346937,121.0491711,Side Swipe
None,EDSA,None,None,"No Accident Factor, No Collision Stated (based on Police Blotter Book), 0.0 drivers_injured, 0.0 drivers_killed, 0.0 passengers_injured, 0.0 passengers_killed, 0.0 pedestrian_injured, 0.0 pedestrian_killed, Fair (Night), EDSA fronting INC Brgy.R.Magsaysay Quezon City",MMDA Road Safety Unit,,7eff3740-f4ab-4ca7-9f4d-7cbe847a7ee2,2012-09-22,11:15:00,EDSA Quezon Ave. Quezon City,0,0,0,0,0,0,0,0,0,0,2012-09-22 19:15,Property,14.65749652,121.0222666,No Collision Stated
None,EDSA,None,None,"No Accident Factor, Rear-end, 0.0 drivers_injured, 0.0 drivers_killed, 0.0 passengers_injured, 0.0 passengers_killed, 0.0 pedestrian_injured, 0.0 pedestrian_killed, Fair (Night), EDSA near Quezon Avenue Quezon City",MMDA Road Safety Unit,,90aa55da-d7db-4193-994c-4578aeeca7f6,2012-09-22,10:30:00,"EDSA at ""U"" turn slot, fronting GMA-7 Bldg. Quezon City",0,0,0,0,0,0,0,0,0,0,2012-09-22 18:30,Property,14.64405435,121.0375943,Rear-End
None,EDSA,None,None,"No Accident Factor, No Collision Stated (based on Police Blotter Book), 0.0 drivers_injured, 0.0 drivers_killed, 0.0 passengers_injured, 0.0 passengers_killed, 0.0 pedestrian_injured, 0.0 pedestrian_killed, Fair (Day), EDSA fronting Trinoma Mall Bgy.Bagong Pag-asa Quezon City",MMDA Road Safety Unit,,cb36d806-3fac-4c77-953c-c7d03945857b,2012-09-22,06:30:00,EDSA Kamuning Road Quezon City,0,0,0,0,0,0,0,0,0,0,2012-09-22 14:30,Property,14.65249719,121.0322415,No Collision Stated
None,EDSA,None,None,"No Accident Factor, Hit and Run (No Collision Stated), 0.0 drivers_injured, 0.0 drivers_killed, 0.0 passengers_injured, 0.0 passengers_killed, 0.0 pedestrian_injured, 0.0 pedestrian_killed, Fair (Night), Edsa  B. Serrano Ave. Brgy. Socorro Quezon City",MMDA Road Safety Unit,,8a83369c-7208-4742-b98c-0be4bef76b8d,2012-09-21,15:00:00,EDSA Misamis St. Quezon City,0,0,0,0,0,0,0,0,0,0,2012-09-21 23:00,Property,14.61099829,121.0549557,No Collision Stated
None,EDSA,None,None,"No Accident Factor, Hit and Run (No Collision Stated), 0.0 drivers_injured, 0.0 drivers_killed, 0.0 passengers_injured, 0.0 passengers_killed, 0.0 pedestrian_injured, 0.0 pedestrian_killed, Fair (Day), EDSA after Waltermart, Bgy. Veterans Village Quezon City",MMDA Road Safety Unit,,b98b4b55-5205-41d5-82f0-118e3291b8bf,2012-09-21,01:00:00,EDSA Farmers Quezon City,0,0,0,0,0,0,0,0,0,0,2012-09-21 9:00,Property,14.65722462,121.0221511,No Collision Stated
None,EDSA,None,None,"No Accident Factor, Other (Hit Parked Veh. + Hit Obj.), 1.0 drivers_injured, 0.0 drivers_killed, 0.0 passengers_injured, 0.0 passengers_killed, 0.0 pedestrian_injured, 0.0 pedestrian_killed, Fair (Day), EDSA Victory Liner Bus Terminal Quezon City",MMDA Road Safety Unit,,4d5008ef-3ffb-432a-ae9e-35524571e03d,2012-09-20,23:00:00,EDSA before National Printing Press Office Quezon City,0,0,0,1,0,0,0,0,0,1,2012-09-21 7:00,Injury,14.63209398,121.0454876,Hit Object
None,EDSA,None,None,"No Accident Factor, Rear-end, 1.0 drivers_injured, 0.0 drivers_killed, 0.0 passengers_injured, 0.0 passengers_killed, 0.0 pedestrian_injured, 0.0 pedestrian_killed, Fair (Day), EDSA fronting Mercury Drug Store before West Ave. Quezon City",MMDA Road Safety Unit,,fa016662-af0c-4771-ad1f-382a64ebbff2,2012-09-20,05:55:00,EDSA fronting Ramon Magsaysay High School Quezon City,0,0,0,1,0,0,0,0,0,1,2012-09-20 13:55,Injury,14.65506407,121.0304233,Rear-End
None,EDSA,None,None,"No Accident Factor, No Collision Stated (based on Police Blotter Book), 0.0 drivers_injured, 0.0 drivers_killed, 0.0 passengers_injured, 0.0 passengers_killed, 0.0 pedestrian_injured, 0.0 pedestrian_killed, Fair (Day), EDSA GMA 7 MRT Station Quezon City",MMDA Road Safety Unit,,466b2dc1-ec5b-46db-8811-8f71878f547d,2012-09-20,01:00:00,EDSA Mapagmahal St. Quezon City,0,0,0,0,0,0,0,0,0,0,2012-09-20 9:00,Property,14.63545103,121.0432182,No Collision Stated
None,EDSA,None,None,"No Accident Factor, No Collision Stated (based on Police Blotter Book), 0.0 drivers_injured, 0.0 drivers_killed, 1.0 passengers_injured, 0.0 passengers_killed, 0.0 pedestrian_injured, 0.0 pedestrian_killed, Fair (Night), EDSA before Congressional Ave. Quezon City",MMDA Road Safety Unit,,fdc0bba1-4042-4bb1-8779-91cefd5e24ed,2012-09-19,13:00:00,"EDSA after Waltermart, Bgy. Veterans Quezon City",0,0,0,0,1,0,0,0,0,1,2012-09-19 21:00,Injury,14.65776988,121.0203598,No Collision Stated
None,EDSA,None,None,"No Accident Factor, Side Swipe, 0.0 drivers_injured, 0.0 drivers_killed, 0.0 passengers_injured, 0.0 passengers_killed, 0.0 pedestrian_injured, 0.0 pedestrian_killed, Fair (Night), EDSA Congressional Ave. Quezon City",MMDA Road Safety Unit,,dba2b947-a7cd-4d64-b4ab-98e275570013,2012-09-19,10:30:00,"EDSA fronting AFPLAI, Bgy. Socorro Quezon City",0,0,0,0,0,0,0,0,0,0,2012-09-19 18:30,Property,14.6571804,120.9927185,Side Swipe
None,EDSA,None,None,"No Accident Factor, Side Swipe, 0.0 drivers_injured, 0.0 drivers_killed, 0.0 passengers_injured, 0.0 passengers_killed, 0.0 pedestrian_injured, 0.0 pedestrian_killed, Fair (Day), EDSA Timog Avenue Quezon City",MMDA Road Safety Unit,,039e0ad9-ce57-45da-9888-165ff0358796,2012-09-19,08:15:00,EDSA Mindanao Ave. Ext. Quezon City,0,0,0,0,0,0,0,0,0,0,2012-09-19 16:15,Property,14.63293559,121.0446304,Side Swipe
None,EDSA,None,None,"No Accident Factor, No Collision Stated (based on Police Blotter Book), 1.0 drivers_injured, 0.0 drivers_killed, 0.0 passengers_injured, 0.0 passengers_killed, 0.0 pedestrian_injured, 0.0 pedestrian_killed, Fair (Day), EDSA Centris Station, before Quezon Ave. Quezon City",MMDA Road Safety Unit,,d93da170-db8b-4b1e-b6d7-7057a35cc44b,2012-09-19,07:10:00,EDSA Kamuning Road Quezon City,0,0,0,1,0,0,0,0,0,1,2012-09-19 15:10,Injury,14.64255755,121.038725,No Collision Stated
None,EDSA,None,None,"No Accident Factor, Side Swipe, 0.0 drivers_injured, 0.0 drivers_killed, 0.0 passengers_injured, 0.0 passengers_killed, 0.0 pedestrian_injured, 0.0 pedestrian_killed, Fair (Night), Edsa  Main Ave.   Quezon City",MMDA Road Safety Unit,,1a64daaf-5d42-48cf-9804-5a6908991ebe,2012-09-18,15:45:00,"EDSA at ""U"" turn slot, fronting Iglesia ni Cristo, Bgy. Ramon Magsaysay Quezon City",0,0,0,0,0,0,0,0,0,0,2012-09-18 23:45,Property,14.61366838,121.0537266,Side Swipe
None,EDSA,None,None,"No Accident Factor, No Collision Stated (based on Police Blotter Book), 0.0 drivers_injured, 0.0 drivers_killed, 1.0 passengers_injured, 0.0 passengers_killed, 0.0 pedestrian_injured, 0.0 pedestrian_killed, Fair (Night), EDSA Fronting SM North Bus Bay Quezon City",MMDA Road Safety Unit,,9121c8de-e6d3-4a33-9c48-9237ea1a8849,2012-09-18,15:00:00,EDSA East Ave.-South Ave. / Timog Ave. Quezon City,0,0,0,0,1,0,0,0,0,1,2012-09-18 23:00,Injury,14.65591384,121.0291263,No Collision Stated
None,EDSA,None,None,"No Accident Factor, Rear-end, 0.0 drivers_injured, 0.0 drivers_killed, 0.0 passengers_injured, 0.0 passengers_killed, 0.0 pedestrian_injured, 0.0 pedestrian_killed, Fair (Night), Edsa  Fronting Corinthian GArden Quezon City",MMDA Road Safety Unit,,5b2d638b-c25b-409e-81d4-142ef2cb5592,2012-09-18,12:50:00,"EDSA Royal, Bgy. Apolonio Samson Quezon City",0,0,0,0,0,0,0,0,0,0,2012-09-18 20:50,Property,14.59510109,121.0593591,Rear-End
None,EDSA,None,None,"No Accident Factor, Rear-end, 0.0 drivers_injured, 0.0 drivers_killed, 0.0 passengers_injured, 0.0 passengers_killed, 0.0 pedestrian_injured, 0.0 pedestrian_killed, Fair (Night), EDSA New York Street Quezon City",MMDA Road Safety Unit,,d557d5a4-1c18-40c2-a933-7a2bd21dd436,2012-09-17,18:00:00,"EDSA Bansalangin St., Bgy. Veterans Quezon City",0,0,0,0,0,0,0,0,0,0,2012-09-18 2:00,Property,14.62568514,121.0482307,Rear-End
None,EDSA,None,None,"No Accident Factor, Side Swipe, 0.0 drivers_injured, 0.0 drivers_killed, 0.0 passengers_injured, 0.0 passengers_killed, 0.0 pedestrian_injured, 0.0 pedestrian_killed, Fair (Day), EDSA Timog Avenue Quezon City",MMDA Road Safety Unit,,6d819c55-52fb-48e2-a660-80b19dc4676d,2012-09-17,00:55:00,"EDSA after Congressional Ave., Bgy. Ramon Magsaysay Quezon City",0,0,0,0,0,0,0,0,0,0,2012-09-17 8:55,Property,14.63293559,121.0446304,Side Swipe
None,EDSA,None,None,"No Accident Factor, No Collision Stated (based on Police Blotter Book), 0.0 drivers_injured, 0.0 drivers_killed, 0.0 passengers_injured, 0.0 passengers_killed, 0.0 pedestrian_injured, 0.0 pedestrian_killed, Fair (Day), EDSA P. Tuazon Blvd. Quezon City",MMDA Road Safety Unit,,d17de148-57ac-4e0d-9852-8a7eafc85227,2012-09-16,23:10:00,EDSA Liberty St. Quezon City,0,0,0,0,0,0,0,0,0,0,2012-09-17 7:10,Property,14.61656342,121.0525225,No Collision Stated
None,EDSA,None,None,"No Accident Factor, Hit and Run (No Collision Stated), 0.0 drivers_injured, 0.0 drivers_killed, 0.0 passengers_injured, 0.0 passengers_killed, 0.0 pedestrian_injured, 0.0 pedestrian_killed, Fair (Day), EDSA Sct. Borromeo Street  Quezon City",MMDA Road Safety Unit,,ae1662ec-cae4-4684-81cf-99af385b60d8,2012-09-16,22:45:00,"EDSA Cloverleaf, Bgy. Ug Sigaw Quezon City",0,0,0,0,0,0,0,0,0,0,2012-09-17 6:45,Property,14.63715712,121.0419507,No Collision Stated
None,EDSA,None,None,"No Accident Factor, Rear-end, 1.0 drivers_injured, 0.0 drivers_killed, 0.0 passengers_injured, 0.0 passengers_killed, 0.0 pedestrian_injured, 0.0 pedestrian_killed, Fair (Night), Edsa  Whiteplain Ave. Quezon City",MMDA Road Safety Unit,,0709a7c7-25b5-4a9f-950e-a2c771e427a9,2012-09-16,11:00:00,EDSA Quezon Ave. Quezon City,0,0,0,1,0,0,0,0,0,1,2012-09-16 19:00,Injury,14.59957564,121.0597557,Rear-End
None,EDSA,None,None,"No Accident Factor, No Collision Stated (based on Police Blotter Book), 0.0 drivers_injured, 0.0 drivers_killed, 0.0 passengers_injured, 0.0 passengers_killed, 0.0 pedestrian_injured, 0.0 pedestrian_killed, Fair (Night), EDSA fronting Jackman Bgy.R.Magsaysay Quezon City",MMDA Road Safety Unit,,83c436dc-9f4d-4d57-8a54-294222ba7e2d,2012-09-16,10:30:00,EDSA Mother Ignacia St. Quezon City,0,0,0,0,0,0,0,0,0,0,2012-09-16 18:30,Property,14.65772869,121.0211666,No Collision Stated
None,EDSA,None,None,"No Accident Factor, Side Swipe, 0.0 drivers_injured, 0.0 drivers_killed, 0.0 passengers_injured, 0.0 passengers_killed, 0.0 pedestrian_injured, 0.0 pedestrian_killed, Fair (Day), EDSA Kamias Street Quezon City",MMDA Road Safety Unit,,00cedea6-dd9c-4e4b-8079-62e074601498,2012-09-16,08:30:00,"EDSA fronting Gate 3 of Camp Aguinaldo, Bgy. Socorro Quezon City",0,0,0,0,0,0,0,0,0,0,2012-09-16 16:30,Property,14.6309142,121.0459376,Side Swipe