LOCATION_TEXT,ROAD,WEATHER,LIGHT,DESC,REPORTING_AGENCY,MAIN_CAUSE,INCIDENTDETAILS_ID,DATE_UTC,TIME_UTC,ADDRESS,killed_driver,killed_passenger,killed_pedestrian,injured_driver,injured_passenger,injured_pedestrian,killed_uncategorized,injured_uncategorized,killed_total,injured_total,DATETIME_PST,SEVERITY,Y,X,COLLISION_TYPE
None,EDSA,None,None,"No Accident Factor, No Collision Stated (based on Police Blotter Book), 0.0 drivers_injured, 0.0 drivers_killed, 0.0 passengers_injured, 0.0 passengers_killed, 0.0 pedestrian_injured, 0.0 pedestrian_killed, Fair (Day), EDSA near Oliveros Drive Bgy. A Samson Quezon City",MMDA Road Safety Unit,,f83bdbb9-e9ac-4f42-86ee-82b120c12b62,2012-09-16,07:15:00,EDSA P. Tuazon Blvd.  Quezon City,0,0,0,0,0,0,0,0,0,0,2012-09-16 15:15,Property,14.65750897,121.0065913,No Collision Stated
None,EDSA,None,None,"No Accident Factor, Side Swipe, 0.0 drivers_injured, 0.0 drivers_killed, 0.0 passengers_injured, 0.0 passengers_killed, 0.0 pedestrian_injured, 0.0 pedestrian_killed, Fair (Day), EDSA near Aurora Blvd. Quezon City",MMDA Road Safety Unit,,46eac25c-bf9b-4630-8f71-e49595e6ed15,2012-09-16,01:30:00,EDSA North Ave. Quezon City,0,0,0,0,0,0,0,0,0,0,2012-09-16 9:30,Property,14.62155994,121.0501481,Side Swipe
None,EDSA,None,None,"No Accident Factor, No Collision Stated (based on Police Blotter Book), 0.0 drivers_injured, 0.0 drivers_killed, 0.0 passengers_injured, 0.0 passengers_killed, 0.0 pedestrian_injured, 0.0 pedestrian_killed, Fair (Day), EDSA fronting Trinomal Mall Quezon City",MMDA Road Safety Unit,,5534d173-8098-4db1-8808-caf2271248c5,2012-09-16,00:00:00,"EDSA at ""U"" turn slot, fronting GMA-7 Bldg., before South Ave. / Timog Ave. Quezon City",0,0,0,0,0,0,0,0,0,0,2012-09-16 8:00,Property,14.65249719,121.0322415,No Collision Stated
None,EDSA,None,None,"No Accident Factor, Side Swipe, 0.0 drivers_injured, 0.0 drivers_killed, 0.0 passengers_injured, 0.0 passengers_killed, 0.0 pedestrian_injured, 0.0 pedestrian_killed, Fair (Day), EDSA Col. B. Serrano Avenue Quezon City",MMDA Road Safety Unit,,df6f7f35-2984-42f1-9787-dfc5e943138f,2012-09-15,07:45:00,"EDSA East Ave., Bgy. Pinyahan Quezon City",0,0,0,0,0,0,0,0,0,0,2012-09-15 15:45,Property,14.61107337,121.0550705,Side Swipe
None,EDSA,None,None,"No Accident Factor, Side Swipe, 0.0 drivers_injured, 0.0 drivers_killed, 0.0 passengers_injured, 0.0 passengers_killed, 0.0 pedestrian_injured, 0.0 pedestrian_killed, Fair (Day), EDSA corner B. Serrano Avenue Quezon City",MMDA Road Safety Unit,,a644d23f-1bec-44ca-b140-67e70c00967d,2012-09-15,07:45:00,EDSA South Ave. / Timog Ave. Quezon City,0,0,0,0,0,0,0,0,0,0,2012-09-15 15:45,Property,14.61087029,121.0550895,Side Swipe
None,EDSA,None,None,"No Accident Factor, No Collision Stated (based on Police Blotter Book), 0.0 drivers_injured, 0.0 drivers_killed, 0.0 passengers_injured, 0.0 passengers_killed, 0.0 pedestrian_injured, 0.0 pedestrian_killed, Fair (Day), EDSA at ""U"" turn slot, near INC Bgy.R.Magsaysay Quezon City",MMDA Road Safety Unit,,400ac9e0-d556-477e-b5dc-46d27aad0acc,2012-09-15,01:40:00,"EDSA fronting Word of Hope Christian Academy, Bgy. Bungad Quezon City",0,0,0,0,0,0,0,0,0,0,2012-09-15 9:40,Property,14.65724556,121.022643,No Collision Stated
None,EDSA,None,None,"No Accident Factor, Side Swipe, 0.0 drivers_injured, 0.0 drivers_killed, 0.0 passengers_injured, 0.0 passengers_killed, 0.0 pedestrian_injured, 0.0 pedestrian_killed, Fair (Day), EDSA near New York Street Quezon City",MMDA Road Safety Unit,,7d48fb18-1660-4ba7-99d6-27da9e963eaa,2012-09-15,00:30:00,"EDSA Congressional Ave., Bgy. Ramon Magsaysay Quezon City",0,0,0,0,0,0,0,0,0,0,2012-09-15 8:30,Property,14.62520413,121.0486094,Side Swipe
None,EDSA,None,None,"No Accident Factor, No Collision Stated (based on Police Blotter Book), 0.0 drivers_injured, 0.0 drivers_killed, 0.0 passengers_injured, 0.0 passengers_killed, 0.0 pedestrian_injured, 0.0 pedestrian_killed, Fair (Night), EDSA West Ave. Quezon City",MMDA Road Safety Unit,,92ccc496-1f93-4eb5-8108-6e30c0ee4ad6,2012-09-14,10:15:00,EDSA Main Ave. Quezon City,0,0,0,0,0,0,0,0,0,0,2012-09-14 18:15,Property,14.65548924,121.0298079,No Collision Stated
None,EDSA,None,None,"No Accident Factor, Side Swipe, 0.0 drivers_injured, 0.0 drivers_killed, 0.0 passengers_injured, 0.0 passengers_killed, 0.0 pedestrian_injured, 0.0 pedestrian_killed, Fair (Night), EDSA Quezon Avenue Quezon City",MMDA Road Safety Unit,,a4ee0140-1b46-44b8-8f44-c4e108539fc1,2012-09-13,11:45:00,"EDSA after Bansalangin St., Bgy. Veterans Quezon City",0,0,0,0,0,0,0,0,0,0,2012-09-13 19:45,Property,14.6442444,121.0375839,Side Swipe
None,EDSA,None,None,"No Accident Factor, No Collision Stated (based on Police Blotter Book), 0.0 drivers_injured, 0.0 drivers_killed, 0.0 passengers_injured, 0.0 passengers_killed, 0.0 pedestrian_injured, 0.0 pedestrian_killed, Fair (Night), EDSA West Ave. Bgy. Philam Quezon City",MMDA Road Safety Unit,,ac2a5c23-f106-4fee-bbf9-0f170e11e74d,2012-09-13,11:20:00,EDSA Quezon Ave. Quezon City,0,0,0,0,0,0,0,0,0,0,2012-09-13 19:20,Property,14.65548924,121.0298079,No Collision Stated
None,EDSA,None,None,"No Accident Factor, Side Swipe, 0.0 drivers_injured, 0.0 drivers_killed, 0.0 passengers_injured, 0.0 passengers_killed, 0.0 pedestrian_injured, 0.0 pedestrian_killed, Fair (Night), EDSA Quezon Ave. Quezon City",MMDA Road Safety Unit,,0871eab4-9e57-45c9-a51c-b9c00413a1d9,2012-09-12,12:55:00,"EDSA fronting Nepa-Q Mart, Bgy. E. Rodriguez Quezon City",0,0,0,0,0,0,0,0,0,0,2012-09-12 20:55,Property,14.6442444,121.0375839,Side Swipe
None,EDSA,None,None,"No Accident Factor, Rear-end, 0.0 drivers_injured, 0.0 drivers_killed, 0.0 passengers_injured, 0.0 passengers_killed, 0.0 pedestrian_injured, 0.0 pedestrian_killed, Fair (Day), Edsa  Fronting Gate 3 Camp Aguinaldo Quezon City",MMDA Road Safety Unit,,c0bab885-a4e4-4a66-aed2-7e6a7f579bf8,2012-09-12,06:30:00,"EDSA fronting Trinoma Mall (Landmark), Mindanao Ave. Ext. Quezon City",0,0,0,0,0,0,0,0,0,0,2012-09-12 14:30,Property,14.60464223,121.0580293,Rear-End
None,EDSA,None,None,"No Accident Factor, Rear-end, 0.0 drivers_injured, 0.0 drivers_killed, 0.0 passengers_injured, 0.0 passengers_killed, 0.0 pedestrian_injured, 0.0 pedestrian_killed, Fair (Day), EDSA near Arayat Street Quezon City",MMDA Road Safety Unit,,7150bbb2-30ad-46ca-a196-a5b0cb71960a,2012-09-12,04:45:00,"EDSA fronting Camp Aguinaldo, before Col. Bonny Serrano Ave. (Santolan Road), Bgy. Socorro Quezon City",0,0,0,0,0,0,0,0,0,0,2012-09-12 12:45,Property,14.61965741,121.0508058,Rear-End
None,EDSA,None,None,"No Accident Factor, No Collision Stated (based on Police Blotter Book), 0.0 drivers_injured, 0.0 drivers_killed, 1.0 passengers_injured, 0.0 passengers_killed, 0.0 pedestrian_injured, 0.0 pedestrian_killed, Fair (Day), EDSA QCPD Station 10 Quezon City",MMDA Road Safety Unit,,aa3a450d-a80c-4249-a210-ed2d0938ac14,2012-09-12,01:55:00,"EDSA at ""U"" turn slot, before MRT-? Station Quezon City",0,0,0,0,1,0,0,0,0,1,2012-09-12 9:55,Injury,14.62991873,121.0461256,No Collision Stated
None,EDSA,None,None,"No Accident Factor, No Collision Stated (based on Police Blotter Book), 1.0 drivers_injured, 0.0 drivers_killed, 0.0 passengers_injured, 0.0 passengers_killed, 0.0 pedestrian_injured, 0.0 pedestrian_killed, Fair (Day), EDSA before Oliveros Drive, Bgy. Apolonio Samson Quezon City",MMDA Road Safety Unit,,c8185ebb-603b-4907-8adf-196a3374a682,2012-09-12,00:00:00,"EDSA fronting LRT Balintawak Market, Bgy. Ug Sigaw Quezon City",0,0,0,1,0,0,0,0,0,1,2012-09-12 8:00,Injury,14.65762279,121.0068606,No Collision Stated
None,EDSA,None,None,"No Accident Factor, Angle Impact, 1.0 drivers_injured, 0.0 drivers_killed, 0.0 passengers_injured, 0.0 passengers_killed, 0.0 pedestrian_injured, 0.0 pedestrian_killed, Fair (Night), EDSA Kamuning Road Quezon City",MMDA Road Safety Unit,,e35a1e98-f992-4e65-9615-9b6a2a5e4387,2012-09-11,17:25:00,"EDSA at ""U"" turn slot, Quezon Ave., Bgy. Bagong Pag-asa Quezon City",0,0,0,1,0,0,0,0,0,1,2012-09-12 1:25,Injury,14.63075725,121.0457548,Angle Impact
None,EDSA,None,None,"No Accident Factor, Side Swipe, 0.0 drivers_injured, 0.0 drivers_killed, 0.0 passengers_injured, 0.0 passengers_killed, 0.0 pedestrian_injured, 0.0 pedestrian_killed, Fair (Day), EDSA GMA Kamuning (UTS) Quezon City",MMDA Road Safety Unit,,5fceae56-ec9a-4fff-97a3-fbc1e250ddb0,2012-09-10,23:45:00,"EDSA at ""U"" turn slot, fronting Trinoma Quezon City",0,0,0,0,0,0,0,0,0,0,2012-09-11 7:45,Property,14.63524398,121.043333,Side Swipe
None,EDSA,None,None,"No Accident Factor, No Collision Stated (based on Police Blotter Book), 0.0 drivers_injured, 0.0 drivers_killed, 0.0 passengers_injured, 0.0 passengers_killed, 0.0 pedestrian_injured, 0.0 pedestrian_killed, Fair (Night), EDSA fronting Cloverleaf Market Bgy. Balingasa  Quezon City",MMDA Road Safety Unit,,7dba53e5-14b1-453b-8983-a76c83c3a242,2012-09-10,20:45:00,EDSA Mindanao Ave. Ext. Quezon City,0,0,0,0,0,0,0,0,0,0,2012-09-11 4:45,Property,14.65731339,121.000715,No Collision Stated
None,EDSA,None,None,"No Accident Factor, Rear-end, 0.0 drivers_injured, 0.0 drivers_killed, 0.0 passengers_injured, 0.0 passengers_killed, 0.0 pedestrian_injured, 0.0 pedestrian_killed, Fair (Day), EDSA fronting Jam Liner Bus Terminal Quezon City",MMDA Road Safety Unit,,c1bd8dbf-6eaa-425d-9dfe-a74d2ef6d287,2012-09-10,07:05:00,"EDSA Corregidor St., Bgy. Ramon Magsaysay Quezon City",0,0,0,0,0,0,0,0,0,0,2012-09-10 15:05,Property,14.63204393,121.0452216,Rear-End
None,EDSA,None,None,"No Accident Factor, Side Swipe, 0.0 drivers_injured, 0.0 drivers_killed, 0.0 passengers_injured, 0.0 passengers_killed, 0.0 pedestrian_injured, 0.0 pedestrian_killed, Fair (Night), EDSA fronting Balintawak Market Quezon City",MMDA Road Safety Unit,,e6e8b9e5-87d4-40ff-b393-6c7488cb1852,2012-09-09,20:30:00,EDSA Gen. Mc Arthur Avenue Brgy. Socorro Quezon City,0,0,0,0,0,0,0,0,0,0,2012-09-10 4:30,Property,14.65736198,121.00264,Side Swipe
None,EDSA,None,None,"No Accident Factor, Side Swipe, 0.0 drivers_injured, 0.0 drivers_killed, 0.0 passengers_injured, 0.0 passengers_killed, 0.0 pedestrian_injured, 0.0 pedestrian_killed, Fair (Night), EDSA at ""U"" turn slot, Mapagmahal St. Quezon City",MMDA Road Safety Unit,,836d24ab-baef-493f-b8d1-a011abb64382,2012-09-09,13:45:00,EDSA fronting Camp Aguinaldo Brgy. Socorro Quezon City,0,0,0,0,0,0,0,0,0,0,2012-09-09 21:45,Property,14.63196362,121.045307,Side Swipe
None,EDSA,None,None,"No Accident Factor, Hit and Run (No Collision Stated), 0.0 drivers_injured, 0.0 drivers_killed, 0.0 passengers_injured, 0.0 passengers_killed, 0.0 pedestrian_injured, 0.0 pedestrian_killed, Fair (Day), EDSA P. Tuazon Blvd. Quezon City",MMDA Road Safety Unit,,806fb714-d873-4dbe-a786-f8aea0a353a2,2012-09-09,07:35:00,EDSA before Kamuning Road Quezon City,0,0,0,0,0,0,0,0,0,0,2012-09-09 15:35,Property,14.61656342,121.0525225,No Collision Stated
None,EDSA,None,None,"No Accident Factor, Side Swipe, 0.0 drivers_injured, 0.0 drivers_killed, 0.0 passengers_injured, 0.0 passengers_killed, 0.0 pedestrian_injured, 0.0 pedestrian_killed, Fair (Day), Edsa  Fronting Vectory Liner Quezon City",MMDA Road Safety Unit,,26162f0a-c91a-4842-ba3a-d14d8ce7781d,2012-09-09,06:00:00,"EDSA at ""U"" turn slot, fronting SM City-North (Annex), Bgy. Pag-asa Quezon City",0,0,0,0,0,0,0,0,0,0,2012-09-09 14:00,Property,14.62439232,121.0487455,Side Swipe
None,EDSA,None,None,"No Accident Factor, Side Swipe, 0.0 drivers_injured, 0.0 drivers_killed, 0.0 passengers_injured, 0.0 passengers_killed, 0.0 pedestrian_injured, 0.0 pedestrian_killed, Fair (Night), Edsa  Fronting Camp. Aguinaldo Gate 5 Quezon City",MMDA Road Safety Unit,,05dc5b08-58ab-4004-9d78-41e2f56db68a,2012-09-08,20:35:00,EDSA MRT-GMA/Kamuning Station Quezon City,0,0,0,0,0,0,0,0,0,0,2012-09-09 4:35,Property,14.60119913,121.0594652,Side Swipe
None,EDSA,None,None,"No Accident Factor, Side Swipe, 0.0 drivers_injured, 0.0 drivers_killed, 0.0 passengers_injured, 0.0 passengers_killed, 0.0 pedestrian_injured, 0.0 pedestrian_killed, Fair (Night), Edsa  Main Ave. brgy. Socorro Quezon City",MMDA Road Safety Unit,,db2eeb9e-2d77-48b5-a42b-8750a8353829,2012-09-08,17:25:00,"EDSA fronting Trinoma Mall, Bgy. Bagong Pag-asa Quezon City",0,0,0,0,0,0,0,0,0,0,2012-09-09 1:25,Property,14.61366838,121.0537266,Side Swipe
None,EDSA,None,None,"No Accident Factor, No Collision Stated (based on Police Blotter Book), 0.0 drivers_injured, 0.0 drivers_killed, 0.0 passengers_injured, 0.0 passengers_killed, 0.0 pedestrian_injured, 0.0 pedestrian_killed, Fair (Night), EDSA Mindanao Ave. Quezon City",MMDA Road Safety Unit,,8d638755-e95d-485a-8eb7-a95883e95c1e,2012-09-08,15:50:00,EDSA Quezon Ave. Quezon City,0,0,0,0,0,0,0,0,0,0,2012-09-08 23:50,Property,14.65052386,121.0335656,No Collision Stated
None,EDSA,None,None,"No Accident Factor, Rear-end, 0.0 drivers_injured, 0.0 drivers_killed, 0.0 passengers_injured, 0.0 passengers_killed, 0.0 pedestrian_injured, 0.0 pedestrian_killed, Fair (Night), Edsa  Kamias Road Quezon City",MMDA Road Safety Unit,,b86575c2-1cdf-49b1-be72-11cd610a48be,2012-09-08,15:30:00,EDSA before Panay Ave. Quezon City,0,0,0,0,0,0,0,0,0,0,2012-09-08 23:30,Property,14.63094996,121.045925,Rear-End
None,EDSA,None,None,"No Accident Factor, Side Swipe, 0.0 drivers_injured, 0.0 drivers_killed, 0.0 passengers_injured, 0.0 passengers_killed, 0.0 pedestrian_injured, 0.0 pedestrian_killed, Fair (Night), EDSA Main Ave. Quezon City",MMDA Road Safety Unit,,0969952e-0400-45cb-99df-96677946096b,2012-09-08,14:00:00,EDSA Nueva Ecija St. Quezon City,0,0,0,0,0,0,0,0,0,0,2012-09-08 22:00,Property,14.61376458,121.0537933,Side Swipe
None,EDSA,None,None,"No Accident Factor, No Collision Stated (based on Police Blotter Book), 0.0 drivers_injured, 0.0 drivers_killed, 0.0 passengers_injured, 0.0 passengers_killed, 0.0 pedestrian_injured, 0.0 pedestrian_killed, Fair (Night), EDSA Roosevelt Ave. Quezon City",MMDA Road Safety Unit,,dc7d6e62-7b3c-4740-ba4b-d5de72be0aee,2012-09-08,13:30:00,"EDSA at ""U"" turn slot, before Quezon Ave., Bgy. West Triangle Quezon City",0,0,0,0,0,0,0,0,0,0,2012-09-08 21:30,Property,14.65762047,121.0196373,No Collision Stated
None,EDSA,None,None,"No Accident Factor, No Collision Stated (based on Police Blotter Book), 0.0 drivers_injured, 0.0 drivers_killed, 0.0 passengers_injured, 0.0 passengers_killed, 0.0 pedestrian_injured, 0.0 pedestrian_killed, Fair (Night), EDSA Mindanao Ave. Extn. Quezon City",MMDA Road Safety Unit,,91dd56ef-50b5-48b5-9a27-a5aa976cc587,2012-09-08,11:00:00,EDSA fronting Jam Bus Terminal Quezon City,0,0,0,0,0,0,0,0,0,0,2012-09-08 19:00,Property,14.65052386,121.0335656,No Collision Stated
None,EDSA,None,None,"No Accident Factor, No Collision Stated (based on Police Blotter Book), 0.0 drivers_injured, 0.0 drivers_killed, 0.0 passengers_injured, 0.0 passengers_killed, 0.0 pedestrian_injured, 0.0 pedestrian_killed, Fair (Day), EDSA West Ave., Bgy. West Triangle Quezon City",MMDA Road Safety Unit,,458d8120-1f60-404f-8efc-229dedf3dda7,2012-09-08,07:55:00,EDSA K-3rd St. Quezon City,0,0,0,0,0,0,0,0,0,0,2012-09-08 15:55,Property,14.65548924,121.0298079,Angle Impact
None,EDSA,None,None,"No Accident Factor, No Collision Stated (based on Police Blotter Book), 0.0 drivers_injured, 0.0 drivers_killed, 0.0 passengers_injured, 0.0 passengers_killed, 0.0 pedestrian_injured, 0.0 pedestrian_killed, Fair (Day), EDSA near Quezon Ave. Quezon City",MMDA Road Safety Unit,,ab757703-a442-495d-9ec9-d09713dc46d9,2012-09-08,06:10:00,EDSA Kamuning Road Quezon City,0,0,0,0,0,0,0,0,0,0,2012-09-08 14:10,Property,14.64405435,121.0375943,No Collision Stated
None,EDSA,None,None,"No Accident Factor, Rear-end, 0.0 drivers_injured, 0.0 drivers_killed, 0.0 passengers_injured, 0.0 passengers_killed, 0.0 pedestrian_injured, 0.0 pedestrian_killed, Fair (Day), EDSA Congressional Ave. Quezon City",MMDA Road Safety Unit,,3e69cd03-2ba0-48ce-8468-3f6fd36d6804,2012-09-08,04:30:00,EDSA Kamuning Road Quezon City,0,0,0,0,0,0,0,0,0,0,2012-09-08 12:30,Property,14.6571804,120.9927185,Rear-End
None,EDSA,None,None,"No Accident Factor, Hit and Run (No Collision Stated), 0.0 drivers_injured, 0.0 drivers_killed, 0.0 passengers_injured, 0.0 passengers_killed, 0.0 pedestrian_injured, 0.0 pedestrian_killed, Fair (Day), EDSA fronting Chowking Bgy. Ug Sigaw Quezon City",MMDA Road Safety Unit,,29ef07bd-7470-478f-a0e8-ffae1f82d59d,2012-09-08,03:45:00,EDSA Kaingin Road Quezon City,0,0,0,0,0,0,0,0,0,0,2012-09-08 11:45,Property,14.65754244,121.003132,No Collision Stated
None,EDSA,None,None,"No Accident Factor, No Collision Stated (based on Police Blotter Book), 0.0 drivers_injured, 0.0 drivers_killed, 0.0 passengers_injured, 0.0 passengers_killed, 0.0 pedestrian_injured, 0.0 pedestrian_killed, Fair (Night), EDSA fronting INC Brgy.R.Magsaysay Quezon City",MMDA Road Safety Unit,,ffcf5e75-d5ed-435e-bda8-8245a3a0f4f0,2012-09-07,17:00:00,EDSA Aurora Blvd. Quezon City,0,0,0,0,0,0,0,0,0,0,2012-09-08 1:00,Property,14.65749652,121.0222666,No Collision Stated
None,EDSA,None,None,"No Accident Factor, No Collision Stated (based on Police Blotter Book), 0.0 drivers_injured, 0.0 drivers_killed, 0.0 passengers_injured, 0.0 passengers_killed, 0.0 pedestrian_injured, 0.0 pedestrian_killed, Fair (Night), EDSA fronting INC Brgy.R.Magsaysay Quezon City",MMDA Road Safety Unit,,593a0f09-2ca8-4866-b866-28254dd55073,2012-09-07,17:00:00,EDSA before Scout Borromeo St. Quezon City,0,0,0,0,0,0,0,0,0,0,2012-09-08 1:00,Property,14.65749652,121.0222666,No Collision Stated
None,EDSA,None,None,"No Accident Factor, No Collision Stated (based on Police Blotter Book), 0.0 drivers_injured, 0.0 drivers_killed, 0.0 passengers_injured, 0.0 passengers_killed, 0.0 pedestrian_injured, 0.0 pedestrian_killed, Fair (Night), EDSA Misamis St. Quezon City",MMDA Road Safety Unit,,7adafd64-51af-4fb9-9708-a3f40412137b,2012-09-06,11:30:00,"EDSA at ""U"" turn slot, fronting Avon Bldg., Bgy. Bungad Quezon City",0,0,0,0,0,0,0,0,0,0,2012-09-06 19:30,Property,14.65602348,121.0285212,No Collision Stated
None,EDSA,None,None,"No Accident Factor, Side Swipe, 0.0 drivers_injured, 0.0 drivers_killed, 0.0 passengers_injured, 0.0 passengers_killed, 0.0 pedestrian_injured, 0.0 pedestrian_killed, Fair (Night), Edsa  Kamias Road Pinyahan Quezon City",MMDA Road Safety Unit,,a32ce636-31b3-46aa-a979-e8701f9f5e2d,2012-09-06,11:15:00,"EDSA Bulacan St., Bgy. Bungad Quezon City",0,0,0,0,0,0,0,0,0,0,2012-09-06 19:15,Property,14.63094996,121.045925,Side Swipe
None,EDSA,None,None,"No Accident Factor, Rear-end, 0.0 drivers_injured, 0.0 drivers_killed, 0.0 passengers_injured, 0.0 passengers_killed, 0.0 pedestrian_injured, 0.0 pedestrian_killed, Fair (Day), EDSA Aurora Blvd. Quezon City",MMDA Road Safety Unit,,962402ec-535b-4c9a-8f19-c76ac0cee776,2012-09-06,09:30:00,"EDSA at ""U"" turn slot, fronting Iglesia ni Cristo, Bgy. Alicia Quezon City",0,0,0,0,0,0,0,0,0,0,2012-09-06 17:30,Property,14.62163653,121.0501573,Rear-End
None,EDSA,None,None,"No Accident Factor, Other (Multiple), 0.0 drivers_injured, 0.0 drivers_killed, 0.0 passengers_injured, 0.0 passengers_killed, 0.0 pedestrian_injured, 0.0 pedestrian_killed, Fair (Night), EDSA Fronting BAlintawak Market Bgy. A. Samson Quezon City",MMDA Road Safety Unit,,e79ebda5-e1a2-4a78-ac20-2e3f0e2f1e76,2012-09-05,21:35:00,"EDSA Cloverleaf Market., Bgy. Balingasa Quezon City",0,0,0,0,0,0,0,0,0,0,2012-09-06 5:35,Property,14.65736198,121.00264,Multiple
None,EDSA,None,None,"No Accident Factor, No Collision Stated (based on Police Blotter Book), 0.0 drivers_injured, 0.0 drivers_killed, 0.0 passengers_injured, 0.0 passengers_killed, 0.0 pedestrian_injured, 0.0 pedestrian_killed, Fair (Day), EDSA CloverLeaf St. Bgy. Balingasa Quezon City",MMDA Road Safety Unit,,a3e10568-a5d0-4a7b-95ee-3d4ef6bce8d2,2012-09-05,00:15:00,"EDSA Fronting Oriental Market., Bgy. Ug Sigaw Quezon City",0,0,0,0,0,0,0,0,0,0,2012-09-05 8:15,Property,14.65747901,121.0011914,No Collision Stated
None,EDSA,None,None,"No Accident Factor, Side Swipe, 0.0 drivers_injured, 0.0 drivers_killed, 0.0 passengers_injured, 0.0 passengers_killed, 0.0 pedestrian_injured, 0.0 pedestrian_killed, Fair (Night), EDSA South Ave. / Timog Ave. Quezon City",MMDA Road Safety Unit,,cd6288e8-d92b-4535-8440-f31ef256aaba,2012-09-04,21:45:00,EDSA After Santolan-MRT Station Quezon City,0,0,0,0,0,0,0,0,0,0,2012-09-05 5:45,Property,14.63257986,121.0449774,Side Swipe
None,EDSA,None,None,"No Accident Factor, No Collision Stated (based on Police Blotter Book), 0.0 drivers_injured, 0.0 drivers_killed, 0.0 passengers_injured, 0.0 passengers_killed, 0.0 pedestrian_injured, 0.0 pedestrian_killed, Fair (Night), EDSA Quezon Ave. Brgy.Bagong Pag-asa Quezon City",MMDA Road Safety Unit,,fa709764-21c7-459d-bb05-22c9c204b26c,2012-09-04,16:20:00,"EDSA at ""U"" turn slot, fronting Go Soc & Sons Bldg., Bgy. Bahay Toro Quezon City",0,0,0,0,0,0,0,0,0,0,2012-09-05 0:20,Property,14.6442444,121.0375839,No Collision Stated
None,EDSA,None,None,"No Accident Factor, Rear-end, 0.0 drivers_injured, 0.0 drivers_killed, 0.0 passengers_injured, 0.0 passengers_killed, 0.0 pedestrian_injured, 0.0 pedestrian_killed, Fair (Day), Edsa Eastwood Ave. Quezon City",MMDA Road Safety Unit,,c74511b6-896d-4941-8d1c-29ab0bf7dcfc,2012-09-04,08:50:00,"EDSA Misamis St., Bgy. Sto Cristo Quezon City",0,0,0,0,0,0,0,0,0,0,2012-09-04 16:50,Property,14.633118,121.0449972,Rear-End
None,EDSA,None,None,"No Accident Factor, Rear-end, 0.0 drivers_injured, 0.0 drivers_killed, 0.0 passengers_injured, 0.0 passengers_killed, 0.0 pedestrian_injured, 0.0 pedestrian_killed, Fair (Day), EDSA fronting MRT-Santolan Station Quezon City",MMDA Road Safety Unit,,2f2bb994-c2e4-4fe0-8e30-5f3579e4bc57,2012-09-04,06:45:00,"EDSA SM North Annex., Bgy. Pag-asa Quezon City",0,0,0,0,0,0,0,0,0,0,2012-09-04 14:45,Property,14.60810652,121.0562678,Rear-End
None,EDSA,None,None,"No Accident Factor, Rear-end, 0.0 drivers_injured, 0.0 drivers_killed, 0.0 passengers_injured, 0.0 passengers_killed, 0.0 pedestrian_injured, 0.0 pedestrian_killed, Fair (Day), EDSA at ""U"" turn slot, Col. Bonny Serrano Ave. (Santolan Road) Quezon City",MMDA Road Safety Unit,,88afe950-4c36-47bb-a9ac-75b73d6e4e59,2012-09-03,09:40:00,EDSA Before Timog Avenue Quezon City,0,0,0,0,0,0,0,0,0,0,2012-09-03 17:40,Property,14.61052454,121.055203,Rear-End
None,EDSA,None,None,"No Accident Factor, Angle Impact, 0.0 drivers_injured, 0.0 drivers_killed, 0.0 passengers_injured, 0.0 passengers_killed, 0.0 pedestrian_injured, 0.0 pedestrian_killed, Fair (Night), EDSA South Ave. / Timog Ave. Quezon City",MMDA Road Safety Unit,,e61e2833-24b6-4f5c-88aa-3bbd23b98f0b,2012-09-02,14:20:00,"EDSA Bus Bay., Bgy. Pag-asa Quezon City",0,0,0,0,0,0,0,0,0,0,2012-09-02 22:20,Property,14.63257986,121.0449774,Angle Impact
None,EDSA,None,None,"No Accident Factor, Rear-end, 0.0 drivers_injured, 0.0 drivers_killed, 0.0 passengers_injured, 0.0 passengers_killed, 0.0 pedestrian_injured, 0.0 pedestrian_killed, Fair (Day), EDSA Kaingin Road Quezon City",MMDA Road Safety Unit,,a2e2e3cb-75ad-4e51-be73-b8f544dbf4e9,2012-09-01,09:00:00,EDSA Before K-3Rd St. Quezon City,0,0,0,0,0,0,0,0,0,0,2012-09-01 17:00,Property,14.65746493,121.0109963,Rear-End
None,EDSA,None,None,"No Accident Factor, No Collision Stated (based on Police Blotter Book), 0.0 drivers_injured, 0.0 drivers_killed, 0.0 passengers_injured, 0.0 passengers_killed, 0.0 pedestrian_injured, 0.0 pedestrian_killed, Fair (Day), EDSA Aurora Blvd. Quezon City",MMDA Road Safety Unit,,03e543d0-5e30-4e55-acf4-7e0b2c2caa0a,2012-09-01,01:55:00,"EDSA Fronting INC., Bgy. Katipu Quezon City",0,0,0,0,0,0,0,0,0,0,2012-09-01 9:55,Property,14.62163653,121.0501573,No Collision Stated