LOCATION_TEXT,ROAD,WEATHER,LIGHT,DESC,REPORTING_AGENCY,MAIN_CAUSE,INCIDENTDETAILS_ID,DATE_UTC,TIME_UTC,ADDRESS,killed_driver,killed_passenger,killed_pedestrian,injured_driver,injured_passenger,injured_pedestrian,killed_uncategorized,injured_uncategorized,killed_total,injured_total,DATETIME_PST,SEVERITY,Y,X,COLLISION_TYPE
None,EDSA,None,None,"No Accident Factor, Angle Impact, 0.0 drivers_injured, 0.0 drivers_killed, 2.0 passengers_injured, 0.0 passengers_killed, 0.0 pedestrian_injured, 0.0 pedestrian_killed, Fair (Night), EDSA P. Tuazon Blvd. Quezon City",MMDA Road Safety Unit,,36741b52-765e-4f15-a3d2-b1404ed7c418,2012-08-31,17:30:00,EDSA Fronting SM North EDSA Quezon City,0,0,0,0,2,0,0,0,0,2,2012-09-01 1:30,Injury,14.61656342,121.0525225,Angle Impact
None,EDSA,None,None,"No Accident Factor, No Collision Stated (based on Police Blotter Book), 0.0 drivers_injured, 0.0 drivers_killed, 0.0 passengers_injured, 0.0 passengers_killed, 0.0 pedestrian_injured, 0.0 pedestrian_killed, Fair (Day), EDSA West Ave. Brgy.Bungad Quezon City",MMDA Road Safety Unit,,9681f965-67d5-4712-8dac-6ec452916517,2012-08-31,06:45:00,"EDSA Near North Ave., Bgy. Bagong Pag-asa Quezon City",0,0,0,0,0,0,0,0,0,0,2012-08-31 14:45,Property,14.65548924,121.0298079,No Collision Stated
None,EDSA,None,None,"No Accident Factor, No Collision Stated (based on Police Blotter Book), 0.0 drivers_injured, 0.0 drivers_killed, 0.0 passengers_injured, 0.0 passengers_killed, 0.0 pedestrian_injured, 0.0 pedestrian_killed, Fair (Day), EDSA Quezon Ave. uturn slot Quezon City",MMDA Road Safety Unit,,8caefaee-d86c-4184-9b1f-8d3813bee9a9,2012-08-30,07:45:00,"EDSA Fronting Shell Gas Station., Near Bansalangin Quezon City",0,0,0,0,0,0,0,0,0,0,2012-08-30 15:45,Property,14.64519393,121.03677,No Collision Stated
None,EDSA,None,None,"No Accident Factor, No Collision Stated (based on Police Blotter Book), 0.0 drivers_injured, 0.0 drivers_killed, 0.0 passengers_injured, 0.0 passengers_killed, 0.0 pedestrian_injured, 0.0 pedestrian_killed, Fair (Day), EDSA Quezon Ave. Quezon City",MMDA Road Safety Unit,,9cc6a617-dee1-4809-bcf9-283635e85ae8,2012-08-29,22:30:00,"EDSA Fronting Walter Mart., Bgy. Veterans Quezon City",0,0,0,0,0,0,0,0,0,0,2012-08-30 6:30,Property,14.6442444,121.0375839,No Collision Stated
None,EDSA,None,None,"No Accident Factor, No Collision Stated (based on Police Blotter Book), 0.0 drivers_injured, 0.0 drivers_killed, 0.0 passengers_injured, 0.0 passengers_killed, 0.0 pedestrian_injured, 0.0 pedestrian_killed, Fair (Night), EDSA North Ave. Brgy.Pag-asa Quezon City",MMDA Road Safety Unit,,5e79440e-bd5e-4944-a1a7-828ac56cb76a,2012-08-29,15:00:00,EDSA West Ave. Quezon City,0,0,0,0,0,0,0,0,0,0,2012-08-29 23:00,Property,14.65553839,121.0299647,No Collision Stated
None,EDSA,None,None,"No Accident Factor, No Collision Stated (based on Police Blotter Book), 0.0 drivers_injured, 0.0 drivers_killed, 0.0 passengers_injured, 0.0 passengers_killed, 0.0 pedestrian_injured, 0.0 pedestrian_killed, Fair (Day), EDSA West Ave. Quezon City",MMDA Road Safety Unit,,318f8ac0-9682-4496-b689-c7f24c5b4150,2012-08-28,07:10:00,"EDSA Fronting Word of Hope Church., Bgy. Veterans Quezon City",0,0,0,0,0,0,0,0,0,0,2012-08-28 15:10,Property,14.65548924,121.0298079,No Collision Stated
None,EDSA,None,None,"No Accident Factor, No Collision Stated (based on Police Blotter Book), 0.0 drivers_injured, 0.0 drivers_killed, 0.0 passengers_injured, 0.0 passengers_killed, 0.0 pedestrian_injured, 0.0 pedestrian_killed, Fair (Day), EDSA Kaingin Road Brgy.A.Samson Quezon City",MMDA Road Safety Unit,,ad0cba35-a9cc-43c9-8948-dde020a12bf2,2012-08-27,23:30:00,"EDSA U Turn Slot SM Annex., Bgy. Pag-asa Quezon City",0,0,0,0,0,0,0,0,0,0,2012-08-28 7:30,Property,14.65746493,121.0109963,No Collision Stated
None,EDSA,None,None,"No Accident Factor, Side Swipe, 0.0 drivers_injured, 0.0 drivers_killed, 0.0 passengers_injured, 0.0 passengers_killed, 0.0 pedestrian_injured, 0.0 pedestrian_killed, Fair (Day), EDSA Arayat St. Quezon City",MMDA Road Safety Unit,,7313eb5d-b88a-4dbb-ab6b-57376f23acac,2012-08-27,23:15:00,"EDSA U Turn Slot INC., Bgy. Sto Cristo Quezon City",0,0,0,0,0,0,0,0,0,0,2012-08-28 7:15,Property,14.61961124,121.0508602,Side Swipe
None,EDSA,None,None,"No Accident Factor, No Collision Stated (based on Police Blotter Book), 0.0 drivers_injured, 0.0 drivers_killed, 0.0 passengers_injured, 0.0 passengers_killed, 0.0 pedestrian_injured, 0.0 pedestrian_killed, Fair (Day), EDSA West Ave. Quezon City",MMDA Road Safety Unit,,1f75dc39-1f43-4c7f-ad1f-70e5a166d106,2012-08-27,05:00:00,EDSA Between Monte De Pledad St.&Aurora Blvd. Quezon City,0,0,0,0,0,0,0,0,0,0,2012-08-27 13:00,Property,14.65548924,121.0298079,No Collision Stated
None,EDSA,None,None,"No Accident Factor, No Collision Stated (based on Police Blotter Book), 0.0 drivers_injured, 0.0 drivers_killed, 0.0 passengers_injured, 0.0 passengers_killed, 0.0 pedestrian_injured, 0.0 pedestrian_killed, Fair (Night), EDSA North Ave. Quezon City",MMDA Road Safety Unit,,8727e963-7341-4339-904a-e4bc40829438,2012-08-25,15:30:00,EDSA Between New York St.&Monte De Pledad St. Quezon City,0,0,0,0,0,0,0,0,0,0,2012-08-25 23:30,Property,14.65553839,121.0299647,No Collision Stated
None,EDSA,None,None,"No Accident Factor, No Collision Stated (based on Police Blotter Book), 0.0 drivers_injured, 0.0 drivers_killed, 0.0 passengers_injured, 0.0 passengers_killed, 0.0 pedestrian_injured, 0.0 pedestrian_killed, Fair (Night), EDSA   Cor.Whiteplains ave. Quezon City",MMDA Road Safety Unit,,76ae6405-9d1c-41ee-98f0-894e5488d76f,2012-08-25,11:50:00,"EDSA Cloverleaf., Bgy. Ug Sigaw Quezon City",0,0,0,0,0,0,0,0,0,0,2012-08-25 19:50,Property,14.59941052,121.0600272,No Collision Stated
None,EDSA,None,None,"No Accident Factor, Rear-end, 0.0 drivers_injured, 0.0 drivers_killed, 0.0 passengers_injured, 0.0 passengers_killed, 0.0 pedestrian_injured, 0.0 pedestrian_killed, Fair (Night), EDSA   Fronting Nepa Q-Mar Market Quezon City",MMDA Road Safety Unit,,faf0f9b8-1715-4172-ad00-00dcd3c30013,2012-08-24,17:30:00,EDSA New York St. Quezon City,0,0,0,0,0,0,0,0,0,0,2012-08-25 1:30,Property,14.62802995,121.0472818,Rear-End
None,EDSA,None,None,"No Accident Factor, No Collision Stated (based on Police Blotter Book), 0.0 drivers_injured, 0.0 drivers_killed, 0.0 passengers_injured, 0.0 passengers_killed, 0.0 pedestrian_injured, 0.0 pedestrian_killed, Fair (Night), EDSA Kaingin Road Brgy.A.Samson Quezon City",MMDA Road Safety Unit,,91ccf05f-69e9-47aa-8d63-b50e5e45b685,2012-08-24,11:00:00,"EDSA Near North Ave., Bgy. Bagong Pag-asa Quezon City",0,0,0,0,0,0,0,0,0,0,2012-08-24 19:00,Property,14.65746493,121.0109963,No Collision Stated
None,EDSA,None,None,"No Accident Factor, No Collision Stated (based on Police Blotter Book), 1.0 drivers_injured, 0.0 drivers_killed, 0.0 passengers_injured, 0.0 passengers_killed, 0.0 pedestrian_injured, 0.0 pedestrian_killed, Fair (Day), EDSA fronting Victory Liner Bus Terminal Quezon City",MMDA Road Safety Unit,,16d9aa7c-e7c7-4ef3-978d-7ba97fa34e87,2012-08-24,07:30:00,EDSA U Turn Slot (N/B) HPI Corporate Centre Bldg. Quezon City,0,0,0,1,0,0,0,0,0,1,2012-08-24 15:30,Injury,14.62438651,121.0487652,No Collision Stated
None,EDSA,None,None,"No Accident Factor, Side Swipe, 0.0 drivers_injured, 0.0 drivers_killed, 0.0 passengers_injured, 0.0 passengers_killed, 0.0 pedestrian_injured, 0.0 pedestrian_killed, Fair (Night), Edsa Cor.Gen Roxas ave.c Quezon City",MMDA Road Safety Unit,,714435be-0e90-45ac-91d5-84c5aedaea58,2012-08-23,14:30:00,"EDSA Fronting Banson Lumber., Bgy A. Samson Quezon City",0,0,0,0,0,0,0,0,0,0,2012-08-23 22:30,Property,14.62043347,121.0506835,Side Swipe
None,EDSA,None,None,"No Accident Factor, No Collision Stated (based on Police Blotter Book), 0.0 drivers_injured, 0.0 drivers_killed, 0.0 passengers_injured, 0.0 passengers_killed, 0.0 pedestrian_injured, 0.0 pedestrian_killed, Fair (Night), EDSA Congressional Ave. Quezon City",MMDA Road Safety Unit,,955bd555-0ad0-456c-962b-e210f794ebc5,2012-08-23,13:30:00,"EDSA fronting Rosetel, before Roosevelt Ave., Bgy. Katipu Quezon City",0,0,0,0,0,0,0,0,0,0,2012-08-23 21:30,Property,14.6571804,120.9927185,No Collision Stated
None,EDSA,None,None,"No Accident Factor, Rear-end, 0.0 drivers_injured, 0.0 drivers_killed, 0.0 passengers_injured, 0.0 passengers_killed, 0.0 pedestrian_injured, 0.0 pedestrian_killed, Fair (Day), EDSA before North Road Quezon City",MMDA Road Safety Unit,,82ae4ccf-5c4c-4ecf-b44b-6ed987f38e52,2012-08-23,08:55:00,EDSA Cloverleaf Quezon City,0,0,0,0,0,0,0,0,0,0,2012-08-23 16:55,Property,14.65549338,121.0302966,Rear-End
None,EDSA,None,None,"No Accident Factor, No Collision Stated (based on Police Blotter Book), 0.0 drivers_injured, 0.0 drivers_killed, 0.0 passengers_injured, 0.0 passengers_killed, 0.0 pedestrian_injured, 0.0 pedestrian_killed, Fair (Day), EDSA near Quezon Ave. uturn slot Quezon City",MMDA Road Safety Unit,,fc113cc6-974c-47ed-9c6c-668ebdc21e01,2012-08-23,07:10:00,"EDSA Fronting Walter Mart., Bgy. Veterans Quezon City",0,0,0,0,0,0,0,0,0,0,2012-08-23 15:10,Property,14.64405435,121.0375943,No Collision Stated
None,EDSA,None,None,"No Accident Factor, Rear-end, 0.0 drivers_injured, 0.0 drivers_killed, 0.0 passengers_injured, 0.0 passengers_killed, 0.0 pedestrian_injured, 0.0 pedestrian_killed, Fair (Day), EDSA fronting Trinoma Mall uturn slot Quezon City",MMDA Road Safety Unit,,c67687f4-cac0-4308-8978-e1e564e905b7,2012-08-23,05:25:00,EDSA Quezon Ave. U Turn Slot Quezon City,0,0,0,0,0,0,0,0,0,0,2012-08-23 13:25,Property,14.65363159,121.0313791,Rear-End
None,EDSA,None,None,"No Accident Factor, No Collision Stated (based on Police Blotter Book), 0.0 drivers_injured, 0.0 drivers_killed, 0.0 passengers_injured, 0.0 passengers_killed, 0.0 pedestrian_injured, 0.0 pedestrian_killed, Fair (Day), EDSA fronting Landmark uturn slot Pag-asa Quezon City",MMDA Road Safety Unit,,418e99ae-d03c-48ed-8aba-b86baec8fd0f,2012-08-23,05:15:00,EDSA Aurora Blvd. Brgy. E. Rodriguez Quezon City,0,0,0,0,0,0,0,0,0,0,2012-08-23 13:15,Property,14.65002451,121.0336093,No Collision Stated
None,EDSA,None,None,"No Accident Factor, Rear-end, 0.0 drivers_injured, 0.0 drivers_killed, 0.0 passengers_injured, 0.0 passengers_killed, 0.0 pedestrian_injured, 0.0 pedestrian_killed, Fair (Day), EDSA fronting Trinoma Mall, Mindanao Ave. Quezon City",MMDA Road Safety Unit,,9d0d1d96-ee6a-43d9-b5fe-7e9bfb5683d0,2012-08-23,02:05:00,EDSA fronting SM City Before North Avenue Brgy. North Triangle Quezon City,0,0,0,0,0,0,0,0,0,0,2012-08-23 10:05,Property,14.65249719,121.0322415,Rear-End
None,EDSA,None,None,"No Accident Factor, Angle Impact, 0.0 drivers_injured, 0.0 drivers_killed, 0.0 passengers_injured, 0.0 passengers_killed, 0.0 pedestrian_injured, 0.0 pedestrian_killed, Fair (Night), EDSA Col. Bonny Serrano Ave. (Santolan Road) Quezon City",MMDA Road Safety Unit,,052b5272-5837-4cae-981f-9d862a4676fc,2012-08-22,11:30:00,"EDSA U Turn Slot INC., Bgy. Bago Bantay Quezon City",0,0,0,0,0,0,0,0,0,0,2012-08-22 19:30,Property,14.61107337,121.0550705,Angle Impact
None,EDSA,None,None,"No Accident Factor, Side Swipe, 0.0 drivers_injured, 0.0 drivers_killed, 0.0 passengers_injured, 0.0 passengers_killed, 0.0 pedestrian_injured, 0.0 pedestrian_killed, Fair (Day), EDSA North Ave. Brgy.Pag-asa Quezon City",MMDA Road Safety Unit,,f768981a-c987-4148-9a4f-d484d70d3926,2012-08-22,09:00:00,"EDSA Fronting Cloverleaf Market., Bgy. Balingasa Quezon City",0,0,0,0,0,0,0,0,0,0,2012-08-22 17:00,Property,14.65553839,121.0299647,Side Swipe
None,EDSA,None,None,"No Accident Factor, No Collision Stated (based on Police Blotter Book), 0.0 drivers_injured, 0.0 drivers_killed, 0.0 passengers_injured, 0.0 passengers_killed, 0.0 pedestrian_injured, 0.0 pedestrian_killed, Fair (Night), EDSA Aurora Blvd. Quezon City",MMDA Road Safety Unit,,68d0c5b3-ef52-43d0-bbce-ae63cf5ffdc3,2012-08-21,21:45:00,EDSA Roosevelt Ave. Quezon City,0,0,0,0,0,0,0,0,0,0,2012-08-22 5:45,Property,14.62163653,121.0501573,No Collision Stated
None,EDSA,None,None,"No Accident Factor, Side Swipe, 0.0 drivers_injured, 0.0 drivers_killed, 0.0 passengers_injured, 0.0 passengers_killed, 0.0 pedestrian_injured, 0.0 pedestrian_killed, Fair (Day), Edsa  fronting Superlines, Bgy. E. Rodriguez, Cubao  Quezon City",MMDA Road Safety Unit,,252e45f8-e22f-4b28-8a3e-c444940c8f7a,2012-08-21,07:30:00,EDSA North Ave. Quezon City,0,0,0,0,0,0,0,0,0,0,2012-08-21 15:30,Property,14.62332869,121.0495039,Side Swipe
None,EDSA,None,None,"No Accident Factor, Side Swipe, 0.0 drivers_injured, 0.0 drivers_killed, 0.0 passengers_injured, 0.0 passengers_killed, 0.0 pedestrian_injured, 0.0 pedestrian_killed, Fair (Day), EDSA South Ave. / Timog Ave. Quezon City",MMDA Road Safety Unit,,ccc1c43b-e33d-4e2b-99bb-0a0ef191bc41,2012-08-21,05:20:00,EDSA fronting Baliwag Bus Terminal Brgy. E. Rodriguez Quezon City,0,0,0,0,0,0,0,0,0,0,2012-08-21 13:20,Property,14.63257986,121.0449774,Side Swipe
None,EDSA,None,None,"No Accident Factor, Side Swipe, 0.0 drivers_injured, 0.0 drivers_killed, 0.0 passengers_injured, 0.0 passengers_killed, 0.0 pedestrian_injured, 0.0 pedestrian_killed, Fair (Day), EDSA New York St. Quezon City",MMDA Road Safety Unit,,474e5a45-f871-4f60-b880-ba5377f18d57,2012-08-20,23:45:00,EDSA Fronting INC Bgy. Sto. Cristo Quezon City,0,0,0,0,0,0,0,0,0,0,2012-08-21 7:45,Property,14.62568514,121.0482307,Side Swipe
None,EDSA,None,None,"No Accident Factor, Angle Impact, 0.0 drivers_injured, 0.0 drivers_killed, 0.0 passengers_injured, 0.0 passengers_killed, 0.0 pedestrian_injured, 0.0 pedestrian_killed, Fair (Night), Edsa Aurora Blvd., Cubao  Quezon City",MMDA Road Safety Unit,,8310b8f7-1c62-417c-a01f-b9351a8a0f8e,2012-08-18,19:30:00,EDSA Roosevelt Ave. Bgy. Katipu Quezon City,0,0,0,0,0,0,0,0,0,0,2012-08-19 3:30,Property,14.6218043,121.0502049,Angle Impact
None,EDSA,None,None,"No Accident Factor, Hit and Run (No Collision Stated), 0.0 drivers_injured, 0.0 drivers_killed, 0.0 passengers_injured, 0.0 passengers_killed, 0.0 pedestrian_injured, 0.0 pedestrian_killed, Fair (Day), EDSA Oliveros St. Quezon City",MMDA Road Safety Unit,,88872362-6e32-4998-889f-0846c74eb67a,2012-08-18,06:45:00,EDSA Fronting INC Bgy. R. Magsaysay Quezon City,0,0,0,0,0,0,0,0,0,0,2012-08-18 14:45,Property,14.65762799,121.0065288,No Collision Stated
None,EDSA,None,None,"No Accident Factor, No Collision Stated (based on Police Blotter Book), 0.0 drivers_injured, 0.0 drivers_killed, 0.0 passengers_injured, 0.0 passengers_killed, 0.0 pedestrian_injured, 0.0 pedestrian_killed, Fair (Night), EDSA fronting Balintawak Market Bgy. A. Samson Quezon City",MMDA Road Safety Unit,,ec6fa67c-1dc6-42a4-a406-a5411234e2a0,2012-08-17,16:20:00,EDSA Roosevelt Ave. Bgy. Katipu Quezon City,0,0,0,0,0,0,0,0,0,0,2012-08-18 0:20,Property,14.65736198,121.00264,No Collision Stated
None,EDSA,None,None,"No Accident Factor, No Collision Stated (based on Police Blotter Book), 0.0 drivers_injured, 0.0 drivers_killed, 0.0 passengers_injured, 0.0 passengers_killed, 0.0 pedestrian_injured, 0.0 pedestrian_killed, Fair (Day), Edsa  fronting Gate 2, Camp Aguinaldo  Quezon City",MMDA Road Safety Unit,,2726cf21-6482-4600-ab42-df298938f4e3,2012-08-17,09:45:00,EDSA East Avenue Quezon City,0,0,0,0,0,0,0,0,0,0,2012-08-17 17:45,Property,14.6100382,121.0556615,No Collision Stated
None,EDSA,None,None,"No Accident Factor, Rear-end, 0.0 drivers_injured, 0.0 drivers_killed, 0.0 passengers_injured, 0.0 passengers_killed, 0.0 pedestrian_injured, 0.0 pedestrian_killed, Fair (Day), EDSA Kamuning Road Quezon City",MMDA Road Safety Unit,,37ba0bb1-11cf-47b6-aaf2-f33792652074,2012-08-17,07:00:00,EDSA fronting Five Star Bus Terminal Brgy. E. Rodriguez Quezon City,0,0,0,0,0,0,0,0,0,0,2012-08-17 15:00,Property,14.63075725,121.0457548,Rear-End
None,EDSA,None,None,"No Accident Factor, Rear-end, 0.0 drivers_injured, 0.0 drivers_killed, 0.0 passengers_injured, 0.0 passengers_killed, 0.0 pedestrian_injured, 0.0 pedestrian_killed, Fair (Day), EDSA fronting Ramon Magsaysay High School Quezon City",MMDA Road Safety Unit,,55550435-9914-4b9d-9f05-8bc2df63a4c6,2012-08-17,06:35:00,EDSA Fronting San Roque Near Trinoma Mall Quezon City,0,0,0,0,0,0,0,0,0,0,2012-08-17 14:35,Property,14.62778502,121.0471562,Rear-End
None,EDSA,None,None,"No Accident Factor, No Collision Stated (based on Police Blotter Book), 0.0 drivers_injured, 0.0 drivers_killed, 1.0 passengers_injured, 0.0 passengers_killed, 0.0 pedestrian_injured, 0.0 pedestrian_killed, Fair (Day), EDSA fronting QCA Brgy.Sto.Cristo Quezon City",MMDA Road Safety Unit,,f8bb077a-c55a-433e-8932-81506df43d7c,2012-08-17,06:00:00,EDSA fronting Gate 3 Camp Aguinaldo Quezon City,0,0,0,0,1,0,0,0,0,1,2012-08-17 14:00,Injury,14.65660275,121.0257801,No Collision Stated
None,EDSA,None,None,"No Accident Factor, Side Swipe, 0.0 drivers_injured, 0.0 drivers_killed, 0.0 passengers_injured, 0.0 passengers_killed, 0.0 pedestrian_injured, 0.0 pedestrian_killed, Fair (Night), EDSA at ""U"" turn slot, South Ave. / Timog Ave. Quezon City",MMDA Road Safety Unit,,9145fb30-b144-4636-8c26-e593b530f919,2012-08-16,15:40:00,EDSA Before New York St. Quezon City,0,0,0,0,0,0,0,0,0,0,2012-08-16 23:40,Property,14.63195535,121.0453513,Side Swipe
None,EDSA,None,None,"No Accident Factor, No Collision Stated (based on Police Blotter Book), 0.0 drivers_injured, 0.0 drivers_killed, 0.0 passengers_injured, 0.0 passengers_killed, 0.0 pedestrian_injured, 0.0 pedestrian_killed, Fair (Night), EDSA Corregidor St. Brgy.Magsaysay Quezon City",MMDA Road Safety Unit,,469d79f5-76ed-4953-bacd-1ebdc695e2d4,2012-08-16,12:30:00,EDSA East Avenue Quezon City,0,0,0,0,0,0,0,0,0,0,2012-08-16 20:30,Property,14.65707679,121.0241648,No Collision Stated
None,EDSA,None,None,"No Accident Factor, Side Swipe, 0.0 drivers_injured, 0.0 drivers_killed, 0.0 passengers_injured, 0.0 passengers_killed, 0.0 pedestrian_injured, 0.0 pedestrian_killed, Fair (Night), EDSA Quezon Ave. Quezon City",MMDA Road Safety Unit,,432c064c-29ba-4f23-8150-597980ac1e44,2012-08-16,10:20:00,"EDSA Oliveros St., Bgy. Ug Sigaw Quezon City",0,0,0,0,0,0,0,0,0,0,2012-08-16 18:20,Property,14.6442444,121.0375839,Side Swipe
None,EDSA,None,None,"No Accident Factor, Side Swipe, 0.0 drivers_injured, 0.0 drivers_killed, 0.0 passengers_injured, 0.0 passengers_killed, 0.0 pedestrian_injured, 0.0 pedestrian_killed, Fair (Day), EDSA P. Tuazon Blvd. Quezon City",MMDA Road Safety Unit,,84edad94-c664-45ab-a091-e727943323df,2012-08-16,09:00:00,EDSA fronting SM Annex Brgy. Sto. Cristo Quezon City,0,0,0,0,0,0,0,0,0,0,2012-08-16 17:00,Property,14.61656342,121.0525225,Side Swipe
None,EDSA,None,None,"No Accident Factor, No Collision Stated (based on Police Blotter Book), 0.0 drivers_injured, 0.0 drivers_killed, 0.0 passengers_injured, 0.0 passengers_killed, 0.0 pedestrian_injured, 0.0 pedestrian_killed, Fair (Day), EDSA Kamuning Road Quezon City",MMDA Road Safety Unit,,decb346f-b51d-45ae-9bdb-4a14da80c67b,2012-08-16,05:30:00,EDSA North Ave. Pag Asa Quezon City,0,0,0,0,0,0,0,0,0,0,2012-08-16 13:30,Property,14.63075725,121.0457548,No Collision Stated
None,EDSA,None,None,"No Accident Factor, Side Swipe, 0.0 drivers_injured, 0.0 drivers_killed, 0.0 passengers_injured, 0.0 passengers_killed, 0.0 pedestrian_injured, 0.0 pedestrian_killed, Fair (Day), EDSA Kamuning Road Quezon City",MMDA Road Safety Unit,,cc5f568d-a9a7-47c7-a880-49e4ad550752,2012-08-16,01:00:00,EDSA Oliveros Drive Quezon City,0,0,0,0,0,0,0,0,0,0,2012-08-16 9:00,Property,14.63075725,121.0457548,Side Swipe
None,EDSA,None,None,"No Accident Factor, Side Swipe, 0.0 drivers_injured, 0.0 drivers_killed, 0.0 passengers_injured, 0.0 passengers_killed, 0.0 pedestrian_injured, 0.0 pedestrian_killed, Fair (Day), EDSA K-3rd St. Quezon City",MMDA Road Safety Unit,,0f27da87-d729-4db1-9e8d-efbdae823d41,2012-08-15,23:30:00,EDSA Corregidor St.   Quezon City,0,0,0,0,0,0,0,0,0,0,2012-08-16 7:30,Property,14.62942357,121.0463854,Side Swipe
None,EDSA,None,None,"No Accident Factor, Side Swipe, 0.0 drivers_injured, 0.0 drivers_killed, 0.0 passengers_injured, 0.0 passengers_killed, 0.0 pedestrian_injured, 0.0 pedestrian_killed, Fair (Night), EDSA before Bernardo St. Quezon City",MMDA Road Safety Unit,,5989dac8-a5fb-462d-ae10-8cbc70da0535,2012-08-15,15:30:00,EDSA Corregidor St.   Quezon City,0,0,0,0,0,0,0,0,0,0,2012-08-15 23:30,Property,14.61984291,121.0506859,Side Swipe
None,EDSA,None,None,"No Accident Factor, Side Swipe, 0.0 drivers_injured, 0.0 drivers_killed, 0.0 passengers_injured, 0.0 passengers_killed, 0.0 pedestrian_injured, 0.0 pedestrian_killed, Fair (Day), Edsa  fronting Baliwag Transit, Bgy. E. Rodriguez  Quezon City",MMDA Road Safety Unit,,1256337c-50d2-406a-8efc-7aca8d170d83,2012-08-15,09:00:00,EDSA After Quezon Ave. Brgy. East Triagle Quezon City,0,0,0,0,0,0,0,0,0,0,2012-08-15 17:00,Property,14.62441813,121.0489816,Side Swipe
None,EDSA,None,None,"No Accident Factor, Hit Object (No Object Stated), 0.0 drivers_injured, 0.0 drivers_killed, 0.0 passengers_injured, 0.0 passengers_killed, 0.0 pedestrian_injured, 0.0 pedestrian_killed, Fair (Day), EDSA Scout Borromeo St. Quezon City",MMDA Road Safety Unit,,28c427d5-fde2-4a0c-828d-de6b548a9fd1,2012-08-15,03:00:00,"EDSA West Ave., Brgy. Phil Am Quezon City",0,0,0,0,0,0,0,0,0,0,2012-08-15 11:00,Property,14.63715712,121.0419507,Hit Object
None,EDSA,None,None,"No Accident Factor, Side Swipe, 0.0 drivers_injured, 0.0 drivers_killed, 0.0 passengers_injured, 0.0 passengers_killed, 0.0 pedestrian_injured, 0.0 pedestrian_killed, Fair (Night), Edsa  Santolan  Quezon City",MMDA Road Safety Unit,,86473f55-f112-4bfb-961e-e57c12c9a2c9,2012-08-14,11:30:00,EDSA Before E. Garcia St. Quezon City,0,0,0,0,0,0,0,0,0,0,2012-08-14 19:30,Property,14.61089328,121.0549788,Side Swipe
None,EDSA,None,None,"No Accident Factor, No Collision Stated (based on Police Blotter Book), 0.0 drivers_injured, 0.0 drivers_killed, 0.0 passengers_injured, 0.0 passengers_killed, 0.0 pedestrian_injured, 0.0 pedestrian_killed, Fair (Day), EDSA near Congressional Ave. Brgy.R.Magsaysay Quezon City",MMDA Road Safety Unit,,f96c832d-b577-459d-a731-79904e601834,2012-08-14,01:15:00,EDSA Royal Balintawak Quezon City,0,0,0,0,0,0,0,0,0,0,2012-08-14 9:15,Property,14.65769895,121.0197287,No Collision Stated
None,EDSA,None,None,"No Accident Factor, Rear-end, 0.0 drivers_injured, 0.0 drivers_killed, 0.0 passengers_injured, 0.0 passengers_killed, 0.0 pedestrian_injured, 0.0 pedestrian_killed, Fair (Day), EDSA before Col. Bonny Serrano Ave. (Santolan Road) Quezon City",MMDA Road Safety Unit,,6aa5e317-483e-4ef5-9e8c-79630c0d3ecb,2012-08-14,00:00:00,EDSA North Ave. Quezon City,0,0,0,0,0,0,0,0,0,0,2012-08-14 8:00,Property,14.61122634,121.0547769,Rear-End
None,EDSA,None,None,"No Accident Factor, No Collision Stated (based on Police Blotter Book), 0.0 drivers_injured, 0.0 drivers_killed, 0.0 passengers_injured, 0.0 passengers_killed, 0.0 pedestrian_injured, 0.0 pedestrian_killed, Fair (Night), EDSA Balintawak Market Quezon City",MMDA Road Safety Unit,,0fb4446a-a73a-4ca9-b2f9-5d015d795948,2012-08-13,21:30:00,EDSA Fema Road   Quezon City,0,0,0,0,0,0,0,0,0,0,2012-08-14 5:30,Property,14.65740947,121.0025737,No Collision Stated
None,EDSA,None,None,"No Accident Factor, No Collision Stated (based on Police Blotter Book), 0.0 drivers_injured, 0.0 drivers_killed, 0.0 passengers_injured, 0.0 passengers_killed, 0.0 pedestrian_injured, 0.0 pedestrian_killed, Fair (Night), EDSA near Oliveros drive Brgy.A.Samson Quezon City",MMDA Road Safety Unit,,40edf903-9c1a-4cbf-a7fc-3451a4a04a11,2012-08-13,21:00:00,EDSA Fronting SM North   Quezon City,0,0,0,0,0,0,0,0,0,0,2012-08-14 5:00,Property,14.65750897,121.0065913,No Collision Stated
None,EDSA,None,None,"No Accident Factor, Rear-end, 0.0 drivers_injured, 0.0 drivers_killed, 0.0 passengers_injured, 0.0 passengers_killed, 0.0 pedestrian_injured, 0.0 pedestrian_killed, Fair (Night), Edsa before B. Serrano Loading Bay, MRT Crame  Quezon City",MMDA Road Safety Unit,,c0340216-685a-49bf-8258-02e7fd7755be,2012-08-13,15:30:00,EDSA Santolan Quezon City,0,0,0,0,0,0,0,0,0,0,2012-08-13 23:30,Property,14.6109978,121.0548968,Rear-End