LOCATION_TEXT,ROAD,WEATHER,LIGHT,DESC,REPORTING_AGENCY,MAIN_CAUSE,INCIDENTDETAILS_ID,DATE_UTC,TIME_UTC,ADDRESS,killed_driver,killed_passenger,killed_pedestrian,injured_driver,injured_passenger,injured_pedestrian,killed_uncategorized,injured_uncategorized,killed_total,injured_total,DATETIME_PST,SEVERITY,Y,X,COLLISION_TYPE
None,EDSA,None,None,"No Accident Factor, Side Swipe, 0.0 drivers_injured, 0.0 drivers_killed, 0.0 passengers_injured, 0.0 passengers_killed, 0.0 pedestrian_injured, 0.0 pedestrian_killed, Fair (Night), Edsa fronting Corinthian Garden Quezon City",MMDA Road Safety Unit,,298cbdb9-e93c-43e9-9807-1f4d2daba8f3,2012-08-13,15:30:00,EDSA Between Sct. Borromeo St. & GMA Drive Quezon City,0,0,0,0,0,0,0,0,0,0,2012-08-13 23:30,Property,14.5956398,121.0594464,Side Swipe
None,EDSA,None,None,"No Accident Factor, Hit and Run (No Collision Stated), 0.0 drivers_injured, 0.0 drivers_killed, 0.0 passengers_injured, 0.0 passengers_killed, 0.0 pedestrian_injured, 0.0 pedestrian_killed, Fair (Night), EDSA Panay Ave. Quezon City",MMDA Road Safety Unit,,7147690e-43cb-4645-9a2c-868f95056b91,2012-08-13,12:40:00,EDSA Panay Ave. Quezon City,0,0,0,0,0,0,0,0,0,0,2012-08-13 20:40,Property,14.64294686,121.0381076,No Collision Stated
None,EDSA,None,None,"No Accident Factor, Rear-end, 0.0 drivers_injured, 0.0 drivers_killed, 0.0 passengers_injured, 0.0 passengers_killed, 0.0 pedestrian_injured, 0.0 pedestrian_killed, Fair (Day), Edsa  fronting Corinthian Garden  Quezon City",MMDA Road Safety Unit,,0f5fdb6f-c24a-43f6-b8ba-2ea805f6ca9e,2012-08-13,09:30:00,EDSA fronting Baliwag Transit Terminal  Quezon City,0,0,0,0,0,0,0,0,0,0,2012-08-13 17:30,Property,14.59510109,121.0593591,Rear-End
None,EDSA,None,None,"No Accident Factor, Rear-end, 0.0 drivers_injured, 0.0 drivers_killed, 0.0 passengers_injured, 0.0 passengers_killed, 0.0 pedestrian_injured, 0.0 pedestrian_killed, Fair (Day), EDSA North Ave. Bus Bay Quezon City",MMDA Road Safety Unit,,40eb2265-d6df-4895-853f-ce0e3388134d,2012-08-12,09:45:00,EDSA Bansalangin St. Brgy. Veterans Quezon City,0,0,0,0,0,0,0,0,0,0,2012-08-12 17:45,Property,14.65553839,121.0299647,Rear-End
None,EDSA,None,None,"No Accident Factor, Rear-end, 0.0 drivers_injured, 0.0 drivers_killed, 0.0 passengers_injured, 0.0 passengers_killed, 0.0 pedestrian_injured, 0.0 pedestrian_killed, Fair (Day), EDSA fronting Balintawak Market Quezon City",MMDA Road Safety Unit,,33cc3138-0542-40f4-8b81-ec938d61533f,2012-08-12,06:30:00,EDSA North Ave. Brgy. Bagong Pag-Asa Quezon City,0,0,0,0,0,0,0,0,0,0,2012-08-12 14:30,Property,14.65736198,121.00264,Rear-End
None,EDSA,None,None,"No Accident Factor, Rear-end, 0.0 drivers_injured, 0.0 drivers_killed, 0.0 passengers_injured, 0.0 passengers_killed, 0.0 pedestrian_injured, 0.0 pedestrian_killed, Fair (Day), EDSA Ermin Garcia St. (Minnesota) Quezon City",MMDA Road Safety Unit,,96ebf551-2527-43c6-b8b6-dc7c950cee28,2012-08-12,05:45:00,EDSA Kaingin Road  Quezon City,0,0,0,0,0,0,0,0,0,0,2012-08-12 13:45,Property,14.62758814,121.047487,Rear-End
None,EDSA,None,None,"No Accident Factor, Rear-end, 0.0 drivers_injured, 0.0 drivers_killed, 0.0 passengers_injured, 0.0 passengers_killed, 0.0 pedestrian_injured, 0.0 pedestrian_killed, Fair (Night), Edsa  fronting Farmers Market, Cubao  Quezon City",MMDA Road Safety Unit,,3d1623ac-e914-430f-a652-79110da2f089,2012-08-11,17:00:00,EDSA fronting Caltex Gas Stn. Brgy. Ug Sigaw Quezon City,0,0,0,0,0,0,0,0,0,0,2012-08-12 1:00,Property,14.61921917,121.0512959,Rear-End
None,EDSA,None,None,"No Accident Factor, Side Swipe, 0.0 drivers_injured, 0.0 drivers_killed, 0.0 passengers_injured, 0.0 passengers_killed, 0.0 pedestrian_injured, 0.0 pedestrian_killed, Fair (Night), EDSA Quezon Ave. Quezon City",MMDA Road Safety Unit,,06e5e819-9109-4331-ac40-0e8bb386b39f,2012-08-11,13:45:00,EDSA After P. Tuazon Blvd. Quezon City,0,0,0,0,0,0,0,0,0,0,2012-08-11 21:45,Property,14.6442444,121.0375839,Side Swipe
None,EDSA,None,None,"No Accident Factor, Side Swipe, 0.0 drivers_injured, 0.0 drivers_killed, 0.0 passengers_injured, 0.0 passengers_killed, 0.0 pedestrian_injured, 0.0 pedestrian_killed, Fair (Day), EDSA Quezon Ave. Quezon City",MMDA Road Safety Unit,,2639ff93-88ba-4153-800d-69455714e8f9,2012-08-11,09:00:00,EDSA Between Quezon Avenue&Panay Avenue/7-11 Quezon City,0,0,0,0,0,0,0,0,0,0,2012-08-11 17:00,Property,14.6442444,121.0375839,Side Swipe
None,EDSA,None,None,"No Accident Factor, Side Swipe, 0.0 drivers_injured, 0.0 drivers_killed, 0.0 passengers_injured, 0.0 passengers_killed, 0.0 pedestrian_injured, 0.0 pedestrian_killed, Fair (Day), Edsa  Gen. Mc. Arthur Ave., Bgy. Socorro  Quezon City",MMDA Road Safety Unit,,2bdffd31-58c9-4fa6-98b9-0b023f5cee21,2012-08-11,09:00:00,EDSA Kaingin Road Brgy. A. Samson Quezon City,0,0,0,0,0,0,0,0,0,0,2012-08-11 17:00,Property,14.61813554,121.0518088,Side Swipe
None,EDSA,None,None,"No Accident Factor, Side Swipe, 0.0 drivers_injured, 0.0 drivers_killed, 0.0 passengers_injured, 0.0 passengers_killed, 0.0 pedestrian_injured, 0.0 pedestrian_killed, Fair (Day), EDSA before North Road Quezon City",MMDA Road Safety Unit,,08b13fe4-715a-4512-8703-9f007252bc4a,2012-08-11,07:00:00,EDSA fronting Balintawak Market   Quezon City,0,0,0,0,0,0,0,0,0,0,2012-08-11 15:00,Property,14.65549338,121.0302966,Side Swipe
None,EDSA,None,None,"No Accident Factor, Side Swipe, 0.0 drivers_injured, 0.0 drivers_killed, 0.0 passengers_injured, 0.0 passengers_killed, 0.0 pedestrian_injured, 0.0 pedestrian_killed, Fair (Day), EDSA before Monte De Piedad St. Quezon City",MMDA Road Safety Unit,,2d5c01f2-2075-4111-a5c2-a9a25e11f5c5,2012-08-11,04:30:00,EDSA Misamis St. Brgy. Sto Cristo Quezon City,0,0,0,0,0,0,0,0,0,0,2012-08-11 12:30,Property,14.62365918,121.0489951,Side Swipe
None,EDSA,None,None,"No Accident Factor, No Collision Stated (based on Police Blotter Book), 0.0 drivers_injured, 0.0 drivers_killed, 0.0 passengers_injured, 0.0 passengers_killed, 0.0 pedestrian_injured, 0.0 pedestrian_killed, Fair (Night), EDSA Bulacan St. Quezon City",MMDA Road Safety Unit,,e825894d-9567-4068-a4be-59fd2675cd77,2012-08-10,21:30:00,EDSA Misamis St. Brgy. R. Magsaysay Quezon City,0,0,0,0,0,0,0,0,0,0,2012-08-11 5:30,Property,14.65577077,121.0291718,No Collision Stated
None,EDSA,None,None,"No Accident Factor, Angle Impact, 0.0 drivers_injured, 0.0 drivers_killed, 0.0 passengers_injured, 0.0 passengers_killed, 0.0 pedestrian_injured, 0.0 pedestrian_killed, Fair (Day), EDSA Misamis St., Bgy. Sto Cristo Quezon City",MMDA Road Safety Unit,,3f148580-cf7c-4283-aa57-b5b45016babb,2012-08-10,04:10:00,EDSA Quezon Ave. Quezon City,0,0,0,0,0,0,0,0,0,0,2012-08-10 12:10,Property,14.65602348,121.0285212,Angle Impact
None,EDSA,None,None,"No Accident Factor, Side Swipe, 0.0 drivers_injured, 0.0 drivers_killed, 0.0 passengers_injured, 0.0 passengers_killed, 0.0 pedestrian_injured, 0.0 pedestrian_killed, Fair (Day), EDSA P. Tuazon Blvd. Quezon City",MMDA Road Safety Unit,,25cb3277-5bca-4b86-a45e-279e8a8d6aaf,2012-08-10,01:45:00,"EDSA at ""U"" turn slot, GMA-7 Quezon City",0,0,0,0,0,0,0,0,0,0,2012-08-10 9:45,Property,14.61656342,121.0525225,Side Swipe
None,EDSA,None,None,"No Accident Factor, Rear-end, 0.0 drivers_injured, 0.0 drivers_killed, 0.0 passengers_injured, 0.0 passengers_killed, 0.0 pedestrian_injured, 0.0 pedestrian_killed, Fair (Day), EDSA before Annapolis St. Quezon City",MMDA Road Safety Unit,,459e3387-abeb-4e4f-9afa-387e2e9c434e,2012-08-09,09:05:00,EDSA fronting SM North Brgy. Bagong Pag Asa Quezon City,0,0,0,0,0,0,0,0,0,0,2012-08-09 17:05,Property,14.60644033,121.0568991,Rear-End
None,EDSA,None,None,"No Accident Factor, No Collision Stated (based on Police Blotter Book), 0.0 drivers_injured, 0.0 drivers_killed, 0.0 passengers_injured, 0.0 passengers_killed, 0.0 pedestrian_injured, 0.0 pedestrian_killed, Fair (Day), EDSA Entrance Gate of Centris Bldg. Quezon City",MMDA Road Safety Unit,,c34e521b-1b53-4610-a261-36c32225abae,2012-08-09,08:30:00,EDSA North Ave. Extn. Brgy. Bagong Pag-Asa Quezon City,0,0,0,0,0,0,0,0,0,0,2012-08-09 16:30,Property,14.64220038,121.0389001,No Collision Stated
None,EDSA,None,None,"No Accident Factor, Side Swipe, 0.0 drivers_injured, 0.0 drivers_killed, 0.0 passengers_injured, 0.0 passengers_killed, 0.0 pedestrian_injured, 0.0 pedestrian_killed, Fair (Day), EDSA Mayor Diaz St. Quezon City",MMDA Road Safety Unit,,5ddbdcc7-1d48-4ceb-b9d2-3297409dd357,2012-08-09,06:10:00,EDSA Cloverleaf Quezon City,0,0,0,0,0,0,0,0,0,0,2012-08-09 14:10,Property,14.61785258,121.0515682,Side Swipe
None,EDSA,None,None,"No Accident Factor, Side Swipe, 0.0 drivers_injured, 0.0 drivers_killed, 0.0 passengers_injured, 0.0 passengers_killed, 0.0 pedestrian_injured, 0.0 pedestrian_killed, Fair (Day), EDSA Arayat St. Quezon City",MMDA Road Safety Unit,,00946837-344c-4d79-b8e1-5fba0771c67a,2012-08-09,05:15:00,"EDSA  before Roosevelt Ave., Katipu Quezon City",0,0,0,0,0,0,0,0,0,0,2012-08-09 13:15,Property,14.61961124,121.0508602,Side Swipe
None,EDSA,None,None,"No Accident Factor, Side Swipe, 0.0 drivers_injured, 0.0 drivers_killed, 0.0 passengers_injured, 0.0 passengers_killed, 0.0 pedestrian_injured, 0.0 pedestrian_killed, Fair (Day), EDSA fronting Quezon City Police District Station 10 Quezon City",MMDA Road Safety Unit,,528cd14c-f9ed-4233-a4d6-01ee6919ccc4,2012-08-09,05:00:00,EDSA Kamuning Road Quezon City,0,0,0,0,0,0,0,0,0,0,2012-08-09 13:00,Property,14.62991129,121.0460938,Side Swipe
None,EDSA,None,None,"No Accident Factor, No Collision Stated (based on Police Blotter Book), 0.0 drivers_injured, 0.0 drivers_killed, 0.0 passengers_injured, 0.0 passengers_killed, 0.0 pedestrian_injured, 0.0 pedestrian_killed, Fair (Day), EDSA fronting Jam Liner Bus Terminal Quezon City",MMDA Road Safety Unit,,0c16de6c-9338-4af3-9862-79cbe6a86a11,2012-08-09,00:15:00,"EDSA at ""U"" turn slot, Mapagmahal St. Quezon City",0,0,0,0,0,0,0,0,0,0,2012-08-09 8:15,Property,14.63204393,121.0452216,No Collision Stated
None,EDSA,None,None,"No Accident Factor, Rear-end, 0.0 drivers_injured, 0.0 drivers_killed, 0.0 passengers_injured, 0.0 passengers_killed, 0.0 pedestrian_injured, 0.0 pedestrian_killed, Fair (Night), Edsa  White Plains Ave. Quezon City",MMDA Road Safety Unit,,f5e41821-9065-49f4-be23-cb0a1af1fb75,2012-08-08,13:10:00,EDSA  Main Ave. Quezon City,0,0,0,0,0,0,0,0,0,0,2012-08-08 21:10,Property,14.59957564,121.0597557,Rear-End
None,EDSA,None,None,"No Accident Factor, No Collision Stated (based on Police Blotter Book), 0.0 drivers_injured, 0.0 drivers_killed, 0.0 passengers_injured, 0.0 passengers_killed, 0.0 pedestrian_injured, 0.0 pedestrian_killed, Fair (Night), EDSA U Turn Slot Fronting Trinoma Bldg. Quezon City",MMDA Road Safety Unit,,7de1da02-c2d7-4387-8660-8b8b4f59775c,2012-08-08,10:00:00,EDSA  before Quezon Ave. Quezon City,0,0,0,0,0,0,0,0,0,0,2012-08-08 18:00,Property,14.65355906,121.0313748,No Collision Stated
None,EDSA,None,None,"No Accident Factor, Hit Object (No Object Stated), 0.0 drivers_injured, 0.0 drivers_killed, 0.0 passengers_injured, 0.0 passengers_killed, 0.0 pedestrian_injured, 0.0 pedestrian_killed, Fair (Night), EDSA South Ave. / Timog Ave. Quezon City",MMDA Road Safety Unit,,562ba6d3-75c1-45c7-ad36-40d82e9fabd5,2012-08-07,17:45:00,"EDSA New York St., Dagupan Bus Terminal Quezon City",0,0,0,0,0,0,0,0,0,0,2012-08-08 1:45,Property,14.63257986,121.0449774,Hit Object
None,EDSA,None,None,"No Accident Factor, Side Swipe, 0.0 drivers_injured, 0.0 drivers_killed, 0.0 passengers_injured, 0.0 passengers_killed, 0.0 pedestrian_injured, 0.0 pedestrian_killed, Fair (Day), EDSA Aurora Blvd. Quezon City",MMDA Road Safety Unit,,888e7559-b263-438c-9fee-03e40dd4cbd5,2012-08-06,07:20:00,EDSA East Avenue Quezon City,0,0,0,0,0,0,0,0,0,0,2012-08-06 15:20,Property,14.62163653,121.0501573,Side Swipe
None,EDSA,None,None,"No Accident Factor, Rear-end, 0.0 drivers_injured, 0.0 drivers_killed, 0.0 passengers_injured, 0.0 passengers_killed, 0.0 pedestrian_injured, 0.0 pedestrian_killed, Fair (Day), EDSA before Arayat St. Quezon City",MMDA Road Safety Unit,,fc6e5536-672a-4942-9420-538e4b3bfcf8,2012-08-06,00:40:00,EDSA Before Whiteplains Avenue Brgy. Ugong Norte Quezon City,0,0,0,0,0,0,0,0,0,0,2012-08-06 8:40,Property,14.61971734,121.0508249,Rear-End
None,EDSA,None,None,"No Accident Factor, Side Swipe, 0.0 drivers_injured, 0.0 drivers_killed, 0.0 passengers_injured, 0.0 passengers_killed, 0.0 pedestrian_injured, 0.0 pedestrian_killed, Fair (Day), EDSA Kamuning Road Quezon City",MMDA Road Safety Unit,,0f029791-da8e-4b65-b197-8e0afe8f67f4,2012-08-06,00:20:00,"EDSA Kamuning Road, QCPD Station 10 Quezon City",0,0,0,0,0,0,0,0,0,0,2012-08-06 8:20,Property,14.63075725,121.0457548,Side Swipe
None,EDSA,None,None,"No Accident Factor, Hit and Run (No Collision Stated), 0.0 drivers_injured, 0.0 drivers_killed, 0.0 passengers_injured, 0.0 passengers_killed, 0.0 pedestrian_injured, 0.0 pedestrian_killed, Fair (Day), EDSA Kamuning Road Quezon City",MMDA Road Safety Unit,,02b0df36-9205-4618-87f9-15081d6b2e51,2012-08-06,00:15:00,"EDSA beside ""U"" turn slot, before Santolan Road Quezon City",0,0,0,0,0,0,0,0,0,0,2012-08-06 8:15,Property,14.63075725,121.0457548,No Collision Stated
None,EDSA,None,None,"No Accident Factor, Side Swipe, 0.0 drivers_injured, 0.0 drivers_killed, 0.0 passengers_injured, 0.0 passengers_killed, 0.0 pedestrian_injured, 0.0 pedestrian_killed, Fair (Day), EDSA Kamuning Road Quezon City",MMDA Road Safety Unit,,cf40c72a-dcc4-4ca8-98c5-7ab3d100a72f,2012-08-05,22:55:00,"EDSA  fronting Waltermart, Bgy. Katipu Quezon City",0,0,0,0,0,0,0,0,0,0,2012-08-06 6:55,Property,14.63075725,121.0457548,Side Swipe
None,EDSA,None,None,"No Accident Factor, No Collision Stated (based on Police Blotter Book), 0.0 drivers_injured, 0.0 drivers_killed, 0.0 passengers_injured, 0.0 passengers_killed, 0.0 pedestrian_injured, 0.0 pedestrian_killed, Fair (Day), EDSA After Corregidor Quezon City",MMDA Road Safety Unit,,aeb3a32e-73d1-44ae-871c-d76786237339,2012-08-05,22:45:00,EDSA Misamis St. Quezon City,0,0,0,0,0,0,0,0,0,0,2012-08-06 6:45,Property,14.65717552,121.023685,No Collision Stated
None,EDSA,None,None,"No Accident Factor, No Collision Stated (based on Police Blotter Book), 0.0 drivers_injured, 0.0 drivers_killed, 0.0 passengers_injured, 0.0 passengers_killed, 0.0 pedestrian_injured, 0.0 pedestrian_killed, Fair (Night), EDSA fronting Nissan Motors Brgy.Baesa Quezon City",MMDA Road Safety Unit,,6f291c49-05d8-4819-8d4c-6fb40e3dd141,2012-08-05,20:45:00,"EDSA Cloverleaf, Bgy. Ug Sigaw Quezon City",0,0,0,0,0,0,0,0,0,0,2012-08-06 4:45,Property,14.65774959,121.0136701,No Collision Stated
None,EDSA,None,None,"No Accident Factor, No Collision Stated (based on Police Blotter Book), 0.0 drivers_injured, 0.0 drivers_killed, 0.0 passengers_injured, 0.0 passengers_killed, 0.0 pedestrian_injured, 0.0 pedestrian_killed, Fair (Night), EDSA West Ave. Brgy.Philam Quezon City",MMDA Road Safety Unit,,aab1940f-0c39-4653-9d97-a36056cc870f,2012-08-05,11:15:00,EDSA fronting Trinoma Quezon City,0,0,0,0,0,0,0,0,0,0,2012-08-05 19:15,Property,14.65548924,121.0298079,No Collision Stated
None,EDSA,None,None,"No Accident Factor, No Collision Stated (based on Police Blotter Book), 0.0 drivers_injured, 0.0 drivers_killed, 0.0 passengers_injured, 0.0 passengers_killed, 0.0 pedestrian_injured, 0.0 pedestrian_killed, Fair (Day), EDSA West Ave. Quezon City",MMDA Road Safety Unit,,a1b5e069-7642-4b2f-82f6-b0bd68973029,2012-08-05,06:00:00,EDSA Roosevelt Ave. Quezon City,0,0,0,0,0,0,0,0,0,0,2012-08-05 14:00,Property,14.65548924,121.0298079,No Collision Stated
None,EDSA,None,None,"No Accident Factor, No Collision Stated (based on Police Blotter Book), 0.0 drivers_injured, 0.0 drivers_killed, 0.0 passengers_injured, 0.0 passengers_killed, 0.0 pedestrian_injured, 0.0 pedestrian_killed, Fair (Night), EDSA at ""U"" turn slot, fronting GMA-7 Bldg. Quezon City",MMDA Road Safety Unit,,7f7f59d1-62a3-4705-8c21-5ef25652e0b8,2012-08-04,11:10:00,"EDSA fronting GMA-7, before GMA Network Drive Quezon City",0,0,0,0,0,0,0,0,0,0,2012-08-04 19:10,Property,14.63376981,121.0443161,No Collision Stated
None,EDSA,None,None,"No Accident Factor, Side Swipe, 0.0 drivers_injured, 0.0 drivers_killed, 0.0 passengers_injured, 0.0 passengers_killed, 0.0 pedestrian_injured, 0.0 pedestrian_killed, Fair (Night), Edsa  Santolan Ave. Quezon City",MMDA Road Safety Unit,,b8ee594a-479d-4a8f-b103-de1ec9357424,2012-08-04,10:30:00,EDSA before Monte De Piedad St. Quezon City,0,0,0,0,0,0,0,0,0,0,2012-08-04 18:30,Property,14.61089328,121.0549788,Side Swipe
None,EDSA,None,None,"No Accident Factor, Rear-end, 0.0 drivers_injured, 0.0 drivers_killed, 0.0 passengers_injured, 0.0 passengers_killed, 0.0 pedestrian_injured, 0.0 pedestrian_killed, Fair (Day), Edsa  Quezon Ave. Quezon City",MMDA Road Safety Unit,,3457d8c7-5f70-46df-825d-a2661d9839d0,2012-08-04,09:00:00,EDSA Bansalangin St. Quezon City,0,0,0,0,0,0,0,0,0,0,2012-08-04 17:00,Property,14.64407795,121.0375572,Rear-End
None,EDSA,None,None,"No Accident Factor, Rear-end, 0.0 drivers_injured, 0.0 drivers_killed, 0.0 passengers_injured, 0.0 passengers_killed, 0.0 pedestrian_injured, 0.0 pedestrian_killed, Fair (Day), EDSA before Ermin Garcia St. (Minnesota) Quezon City",MMDA Road Safety Unit,,f3413c54-ae2f-4cf4-a681-6b9f3e13e3d5,2012-08-03,22:45:00,EDSA Aurora Blvd. Quezon City,0,0,0,0,0,0,0,0,0,0,2012-08-04 6:45,Property,14.62776113,121.0471589,Rear-End
None,EDSA,None,None,"No Accident Factor, Rear-end, 0.0 drivers_injured, 0.0 drivers_killed, 0.0 passengers_injured, 0.0 passengers_killed, 0.0 pedestrian_injured, 0.0 pedestrian_killed, Fair (Day), EDSA Aurora Blvd. Quezon City",MMDA Road Safety Unit,,048fb096-7774-47f8-bf1a-d8fb66e25a08,2012-08-03,22:30:00,"EDSA Fema Road, Bgy. Bahay Toro Quezon City",0,0,0,0,0,0,0,0,0,0,2012-08-04 6:30,Property,14.62163653,121.0501573,Rear-End
None,EDSA,None,None,"No Accident Factor, No Collision Stated (based on Police Blotter Book), 0.0 drivers_injured, 0.0 drivers_killed, 0.0 passengers_injured, 0.0 passengers_killed, 0.0 pedestrian_injured, 0.0 pedestrian_killed, Fair (Night), Edsa fronting Superlines Bus Terminal, Cubao  Quezon City",MMDA Road Safety Unit,,bef6e583-291e-4ac5-81ac-7ff2d32ab913,2012-08-03,17:30:00,EDSA Main Avenue Brgy. Socorro Quezon City,0,0,0,0,0,0,0,0,0,0,2012-08-04 1:30,Property,14.624946,121.0484779,No Collision Stated
None,EDSA,None,None,"No Accident Factor, Side Swipe, 0.0 drivers_injured, 0.0 drivers_killed, 0.0 passengers_injured, 0.0 passengers_killed, 0.0 pedestrian_injured, 0.0 pedestrian_killed, Fair (Night), EDSA Aurora Blvd. Quezon City",MMDA Road Safety Unit,,29a53abf-5d6e-41a0-bc8c-ef781f64a91b,2012-08-03,14:45:00,EDSA Baliwag Bus Terminal Brgy. Rodriguez Quezon City,0,0,0,0,0,0,0,0,0,0,2012-08-03 22:45,Property,14.62163653,121.0501573,Side Swipe
None,EDSA,None,None,"No Accident Factor, Side Swipe, 0.0 drivers_injured, 0.0 drivers_killed, 0.0 passengers_injured, 0.0 passengers_killed, 0.0 pedestrian_injured, 0.0 pedestrian_killed, Fair (Night), Edsa  B.Serrano Ave. Quezon City",MMDA Road Safety Unit,,b91404b4-dad9-4a99-ad87-ad2848700528,2012-08-03,11:30:00,"EDSA Fronting Balintawak Market., Bgy. A .Samson Quezon City",0,0,0,0,0,0,0,0,0,0,2012-08-03 19:30,Property,14.61094238,121.055133,Side Swipe
None,EDSA,None,None,"No Accident Factor, Side Swipe, 0.0 drivers_injured, 0.0 drivers_killed, 0.0 passengers_injured, 0.0 passengers_killed, 0.0 pedestrian_injured, 0.0 pedestrian_killed, Fair (Night), Edsa fronting Baliwag Bus Terminal, Bgy. E. Rodriguez Quezon City",MMDA Road Safety Unit,,8954311c-813d-42fc-b67e-72a83911cdf3,2012-08-03,11:00:00,"EDSA at ""U"" turn slot, Iglesia ni Cristo, Bgy. Sto Cristo Quezon City",0,0,0,0,0,0,0,0,0,0,2012-08-03 19:00,Property,14.62497658,121.0487035,Side Swipe
None,EDSA,None,None,"No Accident Factor, Angle Impact, 0.0 drivers_injured, 0.0 drivers_killed, 0.0 passengers_injured, 0.0 passengers_killed, 0.0 pedestrian_injured, 0.0 pedestrian_killed, Fair (Day), Edsa  Aurora Blvd., E. Rodriguez  Quezon City",MMDA Road Safety Unit,,b2b2848e-e18d-44b4-8df6-400aef81e9c7,2012-08-03,07:05:00,EDSA Main Avenue Quezon City,0,0,0,0,0,0,0,0,0,0,2012-08-03 15:05,Property,14.62163216,121.0502064,Angle Impact
None,EDSA,None,None,"No Accident Factor, Hit and Run (No Collision Stated), 1.0 drivers_injured, 0.0 drivers_killed, 0.0 passengers_injured, 0.0 passengers_killed, 0.0 pedestrian_injured, 0.0 pedestrian_killed, Fair (Day), Edsa  Main Ave., Bgy. Socorro  Quezon City",MMDA Road Safety Unit,,4e7ec66b-af0b-4a0e-9fb7-047dce539743,2012-08-03,03:30:00,"EDSA before SM City-North, Bgy. Bagong Pag-asa Quezon City",0,0,0,1,0,0,0,0,0,1,2012-08-03 11:30,Injury,14.61366838,121.0537266,No Collision Stated
None,EDSA,None,None,"No Accident Factor, Rear-end, 0.0 drivers_injured, 0.0 drivers_killed, 0.0 passengers_injured, 0.0 passengers_killed, 0.0 pedestrian_injured, 0.0 pedestrian_killed, Fair (Day), EDSA Main Ave. Quezon City",MMDA Road Safety Unit,,3473bc69-5c31-4833-80d5-24ed9becd2d4,2012-08-03,02:05:00,"EDSA at ""U"" turn slot, before Quezon Ave. Quezon City",0,0,0,0,0,0,0,0,0,0,2012-08-03 10:05,Property,14.61376458,121.0537933,Rear-End
None,EDSA,None,None,"No Accident Factor, Angle Impact, 0.0 drivers_injured, 0.0 drivers_killed, 0.0 passengers_injured, 0.0 passengers_killed, 0.0 pedestrian_injured, 0.0 pedestrian_killed, Fair (Day), Edsa  Gen. Roxas Ave., Cubao Quezon City",MMDA Road Safety Unit,,89effa5a-626f-475b-88ac-d4c98e4c1bb9,2012-08-03,01:20:00,EDSA fronting Baliwag Bus Terminal Before New York St. Brgy. E. Rodriguez Quezon City,0,0,0,0,0,0,0,0,0,0,2012-08-03 9:20,Property,14.62042193,121.0507328,Angle Impact
None,EDSA,None,None,"No Accident Factor, No Collision Stated (based on Police Blotter Book), 0.0 drivers_injured, 0.0 drivers_killed, 0.0 passengers_injured, 0.0 passengers_killed, 0.0 pedestrian_injured, 0.0 pedestrian_killed, Fair (Day), EDSA GMA-7 Quezon City",MMDA Road Safety Unit,,23291966-4583-4e43-8d46-d24562617e08,2012-08-03,00:30:00,EDSA  before Guzent Bldg. Quezon City,0,0,0,0,0,0,0,0,0,0,2012-08-03 8:30,Property,14.63467214,121.0435714,No Collision Stated
None,EDSA,None,None,"No Accident Factor, Side Swipe, 0.0 drivers_injured, 0.0 drivers_killed, 0.0 passengers_injured, 0.0 passengers_killed, 0.0 pedestrian_injured, 0.0 pedestrian_killed, Fair (Day), EDSA P. Tuazon Blvd. Quezon City",MMDA Road Safety Unit,,9b09b4f8-4497-42da-8484-cc2ad76d3de5,2012-08-02,23:10:00,"EDSA  fronting Clovercleaf Market, Bgy. Balingasa Quezon City",0,0,0,0,0,0,0,0,0,0,2012-08-03 7:10,Property,14.61656342,121.0525225,Side Swipe
None,EDSA,None,None,"No Accident Factor, No Collision Stated (based on Police Blotter Book), 0.0 drivers_injured, 0.0 drivers_killed, 0.0 passengers_injured, 0.0 passengers_killed, 0.0 pedestrian_injured, 0.0 pedestrian_killed, Fair (Night), Edsa  fronting Florida Bus Terminal, Bgy. West kamias  Quezon City",MMDA Road Safety Unit,,b80c19e2-a311-4a13-8f9e-85907d1037bf,2012-08-02,21:30:00,EDSA Kamias Road Brgy. West Kamias Quezon City,0,0,0,0,0,0,0,0,0,0,2012-08-03 5:30,Property,14.63025404,121.0463363,No Collision Stated
None,EDSA,None,None,"No Accident Factor, Rear-end, 0.0 drivers_injured, 0.0 drivers_killed, 0.0 passengers_injured, 0.0 passengers_killed, 0.0 pedestrian_injured, 0.0 pedestrian_killed, Fair (Night), EDSA Misamis St. Bgy. Sto Cristo Quezon City",MMDA Road Safety Unit,,adb90ff8-aae8-4c5f-9c71-d0e9612bb42a,2012-08-02,12:15:00,"EDSA at ""U"" turn slot, no. 1081, Bgy. Apolonio Samson Quezon City",0,0,0,0,0,0,0,0,0,0,2012-08-02 20:15,Property,14.65602348,121.0285212,Rear-End
None,EDSA,None,None,"No Accident Factor, Rear-end (Multiple), 0.0 drivers_injured, 0.0 drivers_killed, 0.0 passengers_injured, 0.0 passengers_killed, 0.0 pedestrian_injured, 0.0 pedestrian_killed, Fair (Night), EDSA before Quezon Ave. Quezon City",MMDA Road Safety Unit,,df2161e7-db76-4f36-9513-153dd2221419,2012-08-01,15:30:00,EDSA fronting Baliwag Bus Terminal Quezon City,0,0,0,0,0,0,0,0,0,0,2012-08-01 23:30,Property,14.64451704,121.0371727,Rear-End