LOCATION_TEXT,ROAD,WEATHER,LIGHT,DESC,REPORTING_AGENCY,MAIN_CAUSE,INCIDENTDETAILS_ID,DATE_UTC,TIME_UTC,ADDRESS,killed_driver,killed_passenger,killed_pedestrian,injured_driver,injured_passenger,injured_pedestrian,killed_uncategorized,injured_uncategorized,killed_total,injured_total,DATETIME_PST,SEVERITY,Y,X,COLLISION_TYPE
None,EDSA,None,None,"No Accident Factor, Rear-end, 0.0 drivers_injured, 0.0 drivers_killed, 0.0 passengers_injured, 0.0 passengers_killed, 0.0 pedestrian_injured, 0.0 pedestrian_killed, Fair (Day), EDSA Kamuning Road Quezon City",MMDA Road Safety Unit,,6f882975-8bdf-42fd-83d1-16a7a6a4f0d2,2012-08-01,00:35:00,"EDSA fronting Jackman, beforeCongressional Ave. Quezon City",0,0,0,0,0,0,0,0,0,0,2012-08-01 8:35,Property,14.63075725,121.0457548,Rear-End
None,EDSA,None,None,"No Accident Factor, No Collision Stated (based on Police Blotter Book), 0.0 drivers_injured, 0.0 drivers_killed, 0.0 passengers_injured, 0.0 passengers_killed, 0.0 pedestrian_injured, 0.0 pedestrian_killed, Fair (Day), EDSA U Turn Slot Fronting Waling-Waling Flower Shop, Bgy. Bagong Pag-Asa Quezon City",MMDA Road Safety Unit,,b9909b8f-e72e-440e-af4b-0b1df758f0d2,2012-08-01,00:30:00,"EDSA SM North Bus Bay, Bgy. Bagong Pag-asa Quezon City",0,0,0,0,0,0,0,0,0,0,2012-08-01 8:30,Property,14.64506631,121.0370941,No Collision Stated
None,EDSA,None,None,"No Accident Factor, Side Swipe, 0.0 drivers_injured, 0.0 drivers_killed, 0.0 passengers_injured, 0.0 passengers_killed, 0.0 pedestrian_injured, 0.0 pedestrian_killed, Fair (Day), EDSA P. Tuazon Blvd. Quezon City",MMDA Road Safety Unit,,972e26b1-7f08-4a1b-906e-bde3afde77b3,2012-07-31,23:05:00,EDSA before Eton Centris Quezon City,0,0,0,0,0,0,0,0,0,0,2012-08-01 7:05,Property,14.61656342,121.0525225,Side Swipe
None,EDSA,None,None,"No Accident Factor, Hit and Run (No Collision Stated), 0.0 drivers_injured, 0.0 drivers_killed, 0.0 passengers_injured, 0.0 passengers_killed, 0.0 pedestrian_injured, 0.0 pedestrian_killed, Fair (Night), EDSA Roosevelt Ave. Quezon City",MMDA Road Safety Unit,,24b4c64d-5c37-4793-ac55-b284a866bc05,2012-07-31,13:00:00,EDSA fronting Corinthian Garden Brgy. Ugong Norte Quezon City,0,0,0,0,0,0,0,0,0,0,2012-07-31 21:00,Property,14.65762047,121.0196373,No Collision Stated
None,EDSA,None,None,"No Accident Factor, No Collision Stated (based on Police Blotter Book), 0.0 drivers_injured, 0.0 drivers_killed, 0.0 passengers_injured, 0.0 passengers_killed, 0.0 pedestrian_injured, 0.0 pedestrian_killed, Fair (Night), EDSA fronting SM City-North EDSA (Annex), Bgy. Bagong Pag-asa Quezon City",MMDA Road Safety Unit,,64a669a4-4bda-43d7-ae4a-2e44c2722ee9,2012-07-31,12:35:00,EDSA Main Ave Quezon City,0,0,0,0,0,0,0,0,0,0,2012-07-31 20:35,Property,14.6565149,121.0265678,No Collision Stated
None,EDSA,None,None,"No Accident Factor, Rear-end, 0.0 drivers_injured, 0.0 drivers_killed, 0.0 passengers_injured, 0.0 passengers_killed, 0.0 pedestrian_injured, 0.0 pedestrian_killed, Fair (Day), EDSA at ""U"" turn slot, fronting GMA-7 Bldg., before South Ave. / Timog Ave. Quezon City",MMDA Road Safety Unit,,700439a1-5fbf-4cf3-a768-022b667ec3b1,2012-07-31,02:05:00,EDSA Roosevelt Ave. Quezon City,0,0,0,0,0,0,0,0,0,0,2012-07-31 10:05,Property,14.63376981,121.0443161,Rear-End
None,EDSA,None,None,"No Accident Factor, No Collision Stated (based on Police Blotter Book), 0.0 drivers_injured, 0.0 drivers_killed, 0.0 passengers_injured, 0.0 passengers_killed, 0.0 pedestrian_injured, 0.0 pedestrian_killed, Fair (Day), EDSA Corregidor St., Bgy. Ramon Magsaysay Quezon City",MMDA Road Safety Unit,,2bb0dd97-d75e-4bb4-a06f-d7a17e9c7e25,2012-07-30,22:05:00,EDSA Quezon Ave. Quezon City,0,0,0,0,0,0,0,0,0,0,2012-07-31 6:05,Property,14.65707679,121.0241648,No Collision Stated
None,EDSA,None,None,"No Accident Factor, Side Swipe, 0.0 drivers_injured, 0.0 drivers_killed, 0.0 passengers_injured, 0.0 passengers_killed, 0.0 pedestrian_injured, 0.0 pedestrian_killed, Fair (Day), EDSA Quezon Ave. Quezon City",MMDA Road Safety Unit,,de77afbe-c5cb-4a46-ad6e-58a7b57c81c2,2012-07-30,02:30:00,"EDSA fronting McDonald's, before Panay Ave. Quezon City",0,0,0,0,0,0,0,0,0,0,2012-07-30 10:30,Property,14.6442444,121.0375839,Side Swipe
None,EDSA,None,None,"No Accident Factor, Side Swipe, 0.0 drivers_injured, 0.0 drivers_killed, 0.0 passengers_injured, 0.0 passengers_killed, 0.0 pedestrian_injured, 0.0 pedestrian_killed, Fair (Day), EDSA at ""U"" turn slot, South Ave. / Timog Ave. Quezon City",MMDA Road Safety Unit,,731fae8f-df4a-4540-bd8e-310c6b839592,2012-07-30,01:30:00,EDSA before Col. Bonny Serrano Ave. (Santolan Road) Quezon City,0,0,0,0,0,0,0,0,0,0,2012-07-30 9:30,Property,14.63195535,121.0453513,Side Swipe
None,EDSA,None,None,"No Accident Factor, No Collision Stated (based on Police Blotter Book), 0.0 drivers_injured, 0.0 drivers_killed, 0.0 passengers_injured, 0.0 passengers_killed, 0.0 pedestrian_injured, 0.0 pedestrian_killed, Fair (Night), EDSA at ""U"" turn slot, Quezon Ave. Quezon City",MMDA Road Safety Unit,,2dd87455-7636-4988-ad77-c9a1e604ba59,2012-07-28,21:45:00,"EDSA fronting Gate of Corinthian Garden, Bgy. Ugong Norte Quezon City",0,0,0,0,0,0,0,0,0,0,2012-07-29 5:45,Property,14.64515863,121.0368068,No Collision Stated
None,EDSA,None,None,"No Accident Factor, Hit and Run (No Collision Stated), 0.0 drivers_injured, 0.0 drivers_killed, 0.0 passengers_injured, 0.0 passengers_killed, 0.0 pedestrian_injured, 0.0 pedestrian_killed, Fair (Night), EDSA near P. Tuazon Blvd. Quezon City",MMDA Road Safety Unit,,4a6b5e29-c537-4306-a018-591f16d82703,2012-07-28,15:25:00,EDSA P. Tuazon Blvd. Quezon City,0,0,0,0,0,0,0,0,0,0,2012-07-28 23:25,Property,14.61653794,121.0523336,No Collision Stated
None,EDSA,None,None,"No Accident Factor, No Collision Stated (based on Police Blotter Book), 0.0 drivers_injured, 0.0 drivers_killed, 0.0 passengers_injured, 0.0 passengers_killed, 0.0 pedestrian_injured, 0.0 pedestrian_killed, Fair (Night), EDSA Kamuning Road Quezon City",MMDA Road Safety Unit,,a4056c08-f407-4c0b-9083-3d22ed31d321,2012-07-28,12:00:00,EDSA South Ave. / Timog Ave. Quezon City,0,0,0,0,0,0,0,0,0,0,2012-07-28 20:00,Property,14.63075725,121.0457548,No Collision Stated
None,EDSA,None,None,"No Accident Factor, Side Swipe, 0.0 drivers_injured, 0.0 drivers_killed, 0.0 passengers_injured, 0.0 passengers_killed, 0.0 pedestrian_injured, 0.0 pedestrian_killed, Fair (Day), EDSA Misamis St., Bgy. Sto. Cristo Quezon City",MMDA Road Safety Unit,,5714ea4d-6027-4d05-a145-9353b45d1c25,2012-07-28,07:00:00,"EDSA fronting 711 Convenience Store, before Quezon Ave. Quezon City",0,0,0,0,0,0,0,0,0,0,2012-07-28 15:00,Property,14.65602348,121.0285212,Side Swipe
None,EDSA,None,None,"No Accident Factor, No Collision Stated (based on Police Blotter Book), 0.0 drivers_injured, 0.0 drivers_killed, 0.0 passengers_injured, 0.0 passengers_killed, 0.0 pedestrian_injured, 0.0 pedestrian_killed, Fair (Day), EDSA fronting Ramon Magsaysay High School Quezon City",MMDA Road Safety Unit,,9dc5b64d-4018-486d-a21f-96b142259c2b,2012-07-28,05:15:00,"EDSA fronting DPWH Office, Bgy. Pinyahan Quezon City",0,0,0,0,0,0,0,0,0,0,2012-07-28 13:15,Property,14.62778502,121.0471562,No Collision Stated
None,EDSA,None,None,"No Accident Factor, No Collision Stated (based on Police Blotter Book), 0.0 drivers_injured, 0.0 drivers_killed, 0.0 passengers_injured, 0.0 passengers_killed, 0.0 pedestrian_injured, 0.0 pedestrian_killed, Fair (Day), EDSA Corregidor St., Bgy. Sto. Cristo Quezon City",MMDA Road Safety Unit,,07a9a2bd-d5bc-44d0-9fad-bedc5598712e,2012-07-28,00:00:00,"EDSA fronting Entrance of SM, Bgy. Bagong Pag-asa Quezon City",0,0,0,0,0,0,0,0,0,0,2012-07-28 8:00,Property,14.65707679,121.0241648,No Collision Stated
None,EDSA,None,None,"No Accident Factor, No Collision Stated (based on Police Blotter Book), 0.0 drivers_injured, 0.0 drivers_killed, 0.0 passengers_injured, 0.0 passengers_killed, 0.0 pedestrian_injured, 0.0 pedestrian_killed, Fair (Night), EDSA Howmart Road, Bgy. Apolonio Samson Quezon City",MMDA Road Safety Unit,,70b97196-5723-47b7-9fff-611dc2a02f5c,2012-07-27,20:00:00,"EDSA fronting Baliwag Bus Terminal, Bgy. E. Rodriguez Quezon City",0,0,0,0,0,0,0,0,0,0,2012-07-28 4:00,Property,14.65764415,121.0108224,No Collision Stated
None,EDSA,None,None,"No Accident Factor, No Collision Stated (based on Police Blotter Book), 0.0 drivers_injured, 0.0 drivers_killed, 0.0 passengers_injured, 0.0 passengers_killed, 0.0 pedestrian_injured, 0.0 pedestrian_killed, Fair (Night), EDSA at ""U"" turn slot, fronting Nice Hotel, Bgy. Bagong Pag-asa Quezon City",MMDA Road Safety Unit,,d8f021e2-1c2c-4dc5-9d74-4ea57908a117,2012-07-27,16:30:00,"EDSA fronting SM City-North EDSA, Bgy. Bagong Pag-asa Quezon City",0,0,0,0,0,0,0,0,0,0,2012-07-28 0:30,Property,14.65717209,120.9903732,No Collision Stated
None,EDSA,None,None,"No Accident Factor, Head-on, 0.0 drivers_injured, 0.0 drivers_killed, 0.0 passengers_injured, 0.0 passengers_killed, 0.0 pedestrian_injured, 0.0 pedestrian_killed, Fair (Night), EDSA at ""U"" turn slot, before Bansalangin St. Quezon City",MMDA Road Safety Unit,,0e63b1b2-9169-434d-abe9-1a5614774000,2012-07-26,10:45:00,"EDSA  fronting Cloverleaf Market, Bgy. Balingasa Quezon City",0,0,0,0,0,0,0,0,0,0,2012-07-26 18:45,Property,14.65692924,121.0241443,Head-On
None,EDSA,None,None,"No Accident Factor, Side Swipe, 0.0 drivers_injured, 0.0 drivers_killed, 0.0 passengers_injured, 0.0 passengers_killed, 0.0 pedestrian_injured, 0.0 pedestrian_killed, Fair (Day), EDSA fronting Jam Bus Terminal Quezon City",MMDA Road Safety Unit,,86278fad-7ef3-4c59-991c-08a453b3cd4b,2012-07-25,00:00:00,EDSA Lemon Square Bldg. Quezon City,0,0,0,0,0,0,0,0,0,0,2012-07-25 8:00,Property,14.63204393,121.0452216,Side Swipe
None,EDSA,None,None,"No Accident Factor, Rear-end (Multiple), 0.0 drivers_injured, 0.0 drivers_killed, 0.0 passengers_injured, 0.0 passengers_killed, 0.0 pedestrian_injured, 0.0 pedestrian_killed, Fair (Day), EDSA fronting Nepa-Q Mart Quezon City",MMDA Road Safety Unit,,4b840709-8aba-478a-9a79-657f88781d6a,2012-07-25,00:00:00,"EDSA fronting Farmer's Market, Bgy. Socorro Quezon City",0,0,0,0,0,0,0,0,0,0,2012-07-25 8:00,Property,14.6280917,121.0472321,Rear-End
None,EDSA,None,None,"No Accident Factor, Side Swipe, 0.0 drivers_injured, 0.0 drivers_killed, 0.0 passengers_injured, 0.0 passengers_killed, 0.0 pedestrian_injured, 0.0 pedestrian_killed, Fair (Day), EDSA P. Tuazon Blvd. Quezon City",MMDA Road Safety Unit,,db9cdf99-3d12-4db3-b123-1b8d32a7a0b2,2012-07-24,23:45:00,"EDSA MRT-North Ave. Station, Bgy. Phil-Am Quezon City",0,0,0,0,0,0,0,0,0,0,2012-07-25 7:45,Property,14.61656342,121.0525225,Side Swipe
None,EDSA,None,None,"No Accident Factor, No Collision Stated (based on Police Blotter Book), 0.0 drivers_injured, 0.0 drivers_killed, 0.0 passengers_injured, 0.0 passengers_killed, 0.0 pedestrian_injured, 0.0 pedestrian_killed, Fair (Night), EDSA Main Ave.   Quezon City",MMDA Road Safety Unit,,3860f782-5be4-4e67-930a-e32cf354ac3e,2012-07-24,16:00:00,EDSA  Monte De Piedad St. Quezon City,0,0,0,0,0,0,0,0,0,0,2012-07-25,Property,14.61376458,121.0537933,No Collision Stated
None,EDSA,None,None,"No Accident Factor, No Collision Stated (based on Police Blotter Book), 0.0 drivers_injured, 0.0 drivers_killed, 0.0 passengers_injured, 0.0 passengers_killed, 0.0 pedestrian_injured, 0.0 pedestrian_killed, Fair (Night), EDSA at before Alley 1 ""U"" turn slot, Bago Bantay, Bgy. Ramon Magsaysay Quezon City",MMDA Road Safety Unit,,02d3b934-342f-4ef3-acb4-94d3dedfb285,2012-07-24,11:15:00,"EDSA at ""U"" turn slot, Centris Quezon City",0,0,0,0,0,0,0,0,0,0,2012-07-24 19:15,Property,14.65727036,121.022633,No Collision Stated
None,EDSA,None,None,"No Accident Factor, No Collision Stated (based on Police Blotter Book), 0.0 drivers_injured, 0.0 drivers_killed, 0.0 passengers_injured, 0.0 passengers_killed, 0.0 pedestrian_injured, 0.0 pedestrian_killed, Fair (Night), EDSA at ""U"" turn slot, before North Ave., MRT-? Station Quezon City",MMDA Road Safety Unit,,aee6e31a-de12-42f1-99b3-3b76a690ce91,2012-07-23,11:05:00,EDSA before West Ave. Quezon City,0,0,0,0,0,0,0,0,0,0,2012-07-23 19:05,Property,14.65363063,121.0314062,No Collision Stated
None,EDSA,None,None,"No Accident Factor, No Collision Stated (based on Police Blotter Book), 0.0 drivers_injured, 0.0 drivers_killed, 0.0 passengers_injured, 0.0 passengers_killed, 0.0 pedestrian_injured, 0.0 pedestrian_killed, Fair (Day), EDSA fronting Balintawak Market, Bgy. Balingasa Quezon City",MMDA Road Safety Unit,,388f2338-1d2d-472b-b9e2-0d8b8f1b5f09,2012-07-22,23:15:00,"EDSA Misamis St., Bgy. Bagong Pag-asa Quezon City",0,0,0,0,0,0,0,0,0,0,2012-07-23 7:15,Property,14.65736198,121.00264,No Collision Stated
None,EDSA,None,None,"No Accident Factor, No Collision Stated (based on Police Blotter Book), 0.0 drivers_injured, 0.0 drivers_killed, 0.0 passengers_injured, 0.0 passengers_killed, 0.0 pedestrian_injured, 0.0 pedestrian_killed, Fair (Night), EDSA fronting Nissan North EDSA, Bgy. Apolonio Samson Quezon City",MMDA Road Safety Unit,,44a1e0fd-88b9-4cc1-a8b4-2a22ac4d7559,2012-07-22,18:00:00,"EDSA fronting Nepa-Q Mart, Bgy. E. Rodriguez Quezon City",0,0,0,0,0,0,0,0,0,0,2012-07-23 2:00,Property,14.65774959,121.0136701,No Collision Stated
None,EDSA,None,None,"No Accident Factor, No Collision Stated (based on Police Blotter Book), 0.0 drivers_injured, 0.0 drivers_killed, 0.0 passengers_injured, 0.0 passengers_killed, 0.0 pedestrian_injured, 0.0 pedestrian_killed, Fair (Night), EDSA Quezon Ave. Quezon City",MMDA Road Safety Unit,,e243b382-b028-472a-a8d6-22774f01d21e,2012-07-22,14:30:00,"EDSA  underneath LRT, Balintawak Quezon City",0,0,0,0,0,0,0,0,0,0,2012-07-22 22:30,Property,14.6442444,121.0375839,No Collision Stated
None,EDSA,None,None,"No Accident Factor, Rear-end, 0.0 drivers_injured, 0.0 drivers_killed, 0.0 passengers_injured, 0.0 passengers_killed, 0.0 pedestrian_injured, 0.0 pedestrian_killed, Fair (Day), EDSA Camp Aguinaldo Bgy. Socorro Quezon City",MMDA Road Safety Unit,,83ff10aa-cb24-4a20-b9e9-fe02cd8e37b0,2012-07-22,05:50:00,EDSA East Ave. Quezon City,0,0,0,0,0,0,0,0,0,0,2012-07-22 13:50,Property,14.6098829,121.0556752,Rear-End
None,EDSA,None,None,"No Accident Factor, Rear-end (Multiple), 0.0 drivers_injured, 0.0 drivers_killed, 0.0 passengers_injured, 0.0 passengers_killed, 0.0 pedestrian_injured, 0.0 pedestrian_killed, Fair (Day), EDSA Camp Aguinaldo Bgy. Socorro Quezon City",MMDA Road Safety Unit,,979ca904-a56e-44ac-a35b-c49764fa3b39,2012-07-22,05:50:00,"EDSA fronting SM City-North EDSA, Bgy. Bagong Pag-asa Quezon City",0,0,0,0,0,0,0,0,0,0,2012-07-22 13:50,Property,14.6098829,121.0556752,Rear-End
None,EDSA,None,None,"No Accident Factor, Hit Object (Barrier-Concrete), 0.0 drivers_injured, 0.0 drivers_killed, 1.0 passengers_injured, 0.0 passengers_killed, 0.0 pedestrian_injured, 0.0 pedestrian_killed, Fair (Night), EDSA fronting JAC Liner Bus Terminal Quezon City",MMDA Road Safety Unit,,3653206d-eff9-4228-8b46-b6dda9fc910a,2012-07-21,21:30:00,"EDSA  fronting Walter Mart, Bgy. San Antonio Quezon City",0,0,0,0,1,0,0,0,0,1,2012-07-22 5:30,Injury,14.63206278,121.0454731,Hit Object
None,EDSA,None,None,"No Accident Factor, No Collision Stated (based on Police Blotter Book), 0.0 drivers_injured, 0.0 drivers_killed, 0.0 passengers_injured, 0.0 passengers_killed, 0.0 pedestrian_injured, 0.0 pedestrian_killed, Fair (Night), EDSA Cloverleaf Market, Bgy. Balingasa Quezon City",MMDA Road Safety Unit,,f38af487-b4f5-4541-8969-8aaa448f3655,2012-07-20,20:30:00,EDSA fronting Camp Aguinaldo     Quezon City,0,0,0,0,0,0,0,0,0,0,2012-07-21 4:30,Property,14.6575213,121.0010654,No Collision Stated
None,EDSA,None,None,"No Accident Factor, No Collision Stated (based on Police Blotter Book), 0.0 drivers_injured, 0.0 drivers_killed, 0.0 passengers_injured, 0.0 passengers_killed, 0.0 pedestrian_injured, 0.0 pedestrian_killed, Fair (Night), EDSA at ""U"" turn slot, P. Tuazon Blvd. Quezon City",MMDA Road Safety Unit,,c17cb47e-d0b3-4f52-a841-12b476dcf0fc,2012-07-20,20:20:00,"EDSA Corregidor St., Bgy. Ramon Magsaysay Quezon City",0,0,0,0,0,0,0,0,0,0,2012-07-21 4:20,Property,14.6162698,121.0525791,No Collision Stated
None,EDSA,None,None,"No Accident Factor, Rear-end, 0.0 drivers_injured, 0.0 drivers_killed, 0.0 passengers_injured, 0.0 passengers_killed, 0.0 pedestrian_injured, 0.0 pedestrian_killed, Fair (Day), EDSA before Mayor Diaz St. Quezon City",MMDA Road Safety Unit,,7c8aae38-1e1e-418d-81e8-120bfaa89170,2012-07-20,02:45:00,"EDSA at ""U"" turn slot, Trinoma Quezon City",0,0,0,0,0,0,0,0,0,0,2012-07-20 10:45,Property,14.61808505,121.05149,Rear-End
None,EDSA,None,None,"No Accident Factor, Other (Multiple), 1.0 drivers_injured, 0.0 drivers_killed, 0.0 passengers_injured, 0.0 passengers_killed, 0.0 pedestrian_injured, 0.0 pedestrian_killed, Fair (Night), EDSA before Corregidor St. Quezon City",MMDA Road Safety Unit,,3cf25748-24c0-480f-826f-6364c872ca83,2012-07-19,21:00:00,"EDSA Misamis St., Bgy. Bagong Pag-asa Quezon City",0,0,0,1,0,0,0,0,0,1,2012-07-20 5:00,Injury,14.65699792,121.0244504,Multiple
None,EDSA,None,None,"No Accident Factor, No Collision Stated (based on Police Blotter Book), 0.0 drivers_injured, 0.0 drivers_killed, 0.0 passengers_injured, 0.0 passengers_killed, 0.0 pedestrian_injured, 0.0 pedestrian_killed, Fair (Night), EDSA fronting Wilcon Depot, Bgy. Apolonio Samson Quezon City",MMDA Road Safety Unit,,041e6189-4eda-4a0a-81e1-f8c622dac375,2012-07-18,13:45:00,EDSA  North Ave. Quezon City,0,0,0,0,0,0,0,0,0,0,2012-07-18 21:45,Property,14.65761382,121.0091735,No Collision Stated
None,EDSA,None,None,"No Accident Factor, No Collision Stated (based on Police Blotter Book), 0.0 drivers_injured, 0.0 drivers_killed, 0.0 passengers_injured, 0.0 passengers_killed, 0.0 pedestrian_injured, 0.0 pedestrian_killed, Fair (Day), EDSA Cloverleaf Service Road Quezon City",MMDA Road Safety Unit,,1d783f7f-a162-4583-98e1-664f7fbeb0ed,2012-07-18,08:00:00,EDSA East Ave. Quezon City,0,0,0,0,0,0,0,0,0,0,2012-07-18 16:00,Property,14.65747901,121.0011914,No Collision Stated
None,EDSA,None,None,"No Accident Factor, Angle Impact, 0.0 drivers_injured, 0.0 drivers_killed, 0.0 passengers_injured, 0.0 passengers_killed, 0.0 pedestrian_injured, 0.0 pedestrian_killed, Fair (Day), EDSA Kamias Road Quezon City",MMDA Road Safety Unit,,53e34441-2ac0-4eb5-b1d8-3be70f1ea842,2012-07-18,02:30:00,"EDSA  Quezon Ave., Bgy. Bagong Pag-asa Quezon City",0,0,0,0,0,0,0,0,0,0,2012-07-18 10:30,Property,14.6309142,121.0459376,Angle Impact
None,EDSA,None,None,"No Accident Factor, No Collision Stated (based on Police Blotter Book), 0.0 drivers_injured, 0.0 drivers_killed, 0.0 passengers_injured, 0.0 passengers_killed, 0.0 pedestrian_injured, 0.0 pedestrian_killed, Fair (Day), EDSA Mindanao Ave. Ext., Bgy. Bagong Pag-asa Quezon City",MMDA Road Safety Unit,,3907bbd8-2674-4efc-b297-8d6599eb8573,2012-07-16,23:50:00,EDSA  fronting SM City-North EDSA (Annex) Quezon City,0,0,0,0,0,0,0,0,0,0,2012-07-17 7:50,Property,14.65052386,121.0335656,No Collision Stated
None,EDSA,None,None,"No Accident Factor, Angle Impact, 0.0 drivers_injured, 0.0 drivers_killed, 0.0 passengers_injured, 0.0 passengers_killed, 0.0 pedestrian_injured, 0.0 pedestrian_killed, Fair (Day), EDSA at ""U"" turn slot, Quezon Ave. Quezon City",MMDA Road Safety Unit,,fbb4cfa2-fae6-4746-bcb6-a8a3194e1fef,2012-07-16,23:20:00,"EDSA Col. Bonny Serrano Ave. (Santolan Road), Bgy. Socorro Quezon City",0,0,0,0,0,0,0,0,0,0,2012-07-17 7:20,Property,14.64515863,121.0368068,Angle Impact
None,EDSA,None,None,"No Accident Factor, Side Swipe, 0.0 drivers_injured, 0.0 drivers_killed, 0.0 passengers_injured, 0.0 passengers_killed, 0.0 pedestrian_injured, 0.0 pedestrian_killed, Fair (Day), EDSA Mapagmahal St. Quezon City",MMDA Road Safety Unit,,08dde9d2-ca49-4163-afc0-adf55737b4b4,2012-07-16,09:30:00,"EDSA Congressional Ave., Bgy. Ramon Magsaysay Quezon City",0,0,0,0,0,0,0,0,0,0,2012-07-16 17:30,Property,14.63185046,121.0455315,Side Swipe
None,EDSA,None,None,"No Accident Factor, Angle Impact, 0.0 drivers_injured, 0.0 drivers_killed, 0.0 passengers_injured, 0.0 passengers_killed, 0.0 pedestrian_injured, 0.0 pedestrian_killed, Fair (Day), EDSA at ""U"" turn slot, South Ave. / Timog Ave. Quezon City",MMDA Road Safety Unit,,148ec562-a4be-40d0-a76c-0bcd777d86e7,2012-07-16,01:45:00,EDSA fronting Nepa-Q Mart Quezon City,0,0,0,0,0,0,0,0,0,0,2012-07-16 9:45,Property,14.63195535,121.0453513,Angle Impact
None,EDSA,None,None,"No Accident Factor, Side Swipe, 0.0 drivers_injured, 0.0 drivers_killed, 0.0 passengers_injured, 0.0 passengers_killed, 0.0 pedestrian_injured, 0.0 pedestrian_killed, Fair (Night), EDSA Kamuning Road-Kamias Road Quezon City",MMDA Road Safety Unit,,38e19634-e050-4f10-bb10-406a99eecd43,2012-07-15,17:00:00,"EDSA fronting Gas Station, Bansalangin St. Quezon City",0,0,0,0,0,0,0,0,0,0,2012-07-16 1:00,Property,14.63079118,121.0458085,Side Swipe
None,EDSA,None,None,"No Accident Factor, No Collision Stated (based on Police Blotter Book), 0.0 drivers_injured, 0.0 drivers_killed, 0.0 passengers_injured, 0.0 passengers_killed, 0.0 pedestrian_injured, 0.0 pedestrian_killed, Fair (Day), EDSA Kamias Road Quezon City",MMDA Road Safety Unit,,d4e298dd-5d79-4f65-8f2d-0179435b1c5b,2012-07-15,00:15:00,"EDSA  at ""U"" turn slot, Meralco, Bgy. Katipu Quezon City",0,0,0,0,0,0,0,0,0,0,2012-07-15 8:15,Property,14.6309142,121.0459376,No Collision Stated
None,EDSA,None,None,"No Accident Factor, No Collision Stated (based on Police Blotter Book), 0.0 drivers_injured, 0.0 drivers_killed, 0.0 passengers_injured, 0.0 passengers_killed, 0.0 pedestrian_injured, 0.0 pedestrian_killed, Fair (Night), EDSA fronting Cloverleaf Market, Bgy. Balingasa Quezon City",MMDA Road Safety Unit,,734c2f25-1a3e-4056-8f50-881442023039,2012-07-14,10:30:00,EDSA Col. Bonny Serrano Ave. (Santolan Road) Quezon City,0,0,0,0,0,0,0,0,0,0,2012-07-14 18:30,Property,14.65731339,121.000715,No Collision Stated
None,EDSA,None,None,"No Accident Factor, No Collision Stated (based on Police Blotter Book), 0.0 drivers_injured, 0.0 drivers_killed, 0.0 passengers_injured, 0.0 passengers_killed, 0.0 pedestrian_injured, 0.0 pedestrian_killed, Fair (Day), EDSA West Ave., Bgy. Bungad Quezon City",MMDA Road Safety Unit,,3a83cb00-21d0-445d-a81f-9d6119fe7f5e,2012-07-14,07:00:00,EDSA Mindanao Ave. Ext. Quezon City,0,0,0,0,0,0,0,0,0,0,2012-07-14 15:00,Property,14.65548924,121.0298079,No Collision Stated
None,EDSA,None,None,"No Accident Factor, No Collision Stated (based on Police Blotter Book), 0.0 drivers_injured, 0.0 drivers_killed, 0.0 passengers_injured, 0.0 passengers_killed, 0.0 pedestrian_injured, 0.0 pedestrian_killed, Fair (Day), EDSA West Ave., Bgy. Bungad Quezon City",MMDA Road Safety Unit,,aa5706d8-b614-4851-94c2-b3b854a341a2,2012-07-14,04:30:00,EDSA Misamis St. Quezon City,0,0,0,0,0,0,0,0,0,0,2012-07-14 12:30,Property,14.65548924,121.0298079,No Collision Stated
None,EDSA,None,None,"No Accident Factor, Side Swipe, 0.0 drivers_injured, 0.0 drivers_killed, 0.0 passengers_injured, 0.0 passengers_killed, 0.0 pedestrian_injured, 0.0 pedestrian_killed, Fair (Night), EDSA New York St., Bgy. E. Rodriguez Quezon City",MMDA Road Safety Unit,,eef00867-2103-411c-9610-3d722915b799,2012-07-13,15:55:00,"EDSA  fronting Oriental Market, Bgy. Ug Sigaw Quezon City",0,0,0,0,0,0,0,0,0,0,2012-07-13 23:55,Property,14.62568514,121.0482307,Side Swipe