LOCATION_TEXT,ROAD,WEATHER,LIGHT,DESC,REPORTING_AGENCY,MAIN_CAUSE,INCIDENTDETAILS_ID,DATE_UTC,TIME_UTC,ADDRESS,killed_driver,killed_passenger,killed_pedestrian,injured_driver,injured_passenger,injured_pedestrian,killed_uncategorized,injured_uncategorized,killed_total,injured_total,DATETIME_PST,SEVERITY,Y,X,COLLISION_TYPE
None,EDSA,None,None,"No Accident Factor, No Collision Stated (based on Police Blotter Book), 0.0 drivers_injured, 0.0 drivers_killed, 0.0 passengers_injured, 0.0 passengers_killed, 0.0 pedestrian_injured, 0.0 pedestrian_killed, Fair (Night), EDSA fronting Balintawak Market, Bgy. Balingasa Quezon City",MMDA Road Safety Unit,,6e874d32-0eef-4e70-aaf5-1ea605bde377,2012-07-12,15:00:00,"EDSA  fronting Centris, Bgy. Bagong Pag-asa  Quezon City",0,0,0,0,0,0,0,0,0,0,2012-07-12 23:00,Property,14.65736198,121.00264,No Collision Stated
None,EDSA,None,None,"No Accident Factor, No Collision Stated (based on Police Blotter Book), 0.0 drivers_injured, 0.0 drivers_killed, 0.0 passengers_injured, 0.0 passengers_killed, 0.0 pedestrian_injured, 0.0 pedestrian_killed, Fair (Night), EDSA before Trinoma Quezon City",MMDA Road Safety Unit,,955f6094-796d-406c-b80c-253a177fdc2a,2012-07-12,14:30:00,EDSA  Cloverleaf Drive Quezon City,0,0,0,0,0,0,0,0,0,0,2012-07-12 22:30,Property,14.65389309,121.03106,No Collision Stated
None,EDSA,None,None,"No Accident Factor, No Collision Stated (based on Police Blotter Book), 0.0 drivers_injured, 0.0 drivers_killed, 0.0 passengers_injured, 0.0 passengers_killed, 0.0 pedestrian_injured, 0.0 pedestrian_killed, Fair (Day), EDSA at Busbay, SM City-North EDSA (Annex Bldg.), Bgy. Bagong Pag-asa Quezon City",MMDA Road Safety Unit,,06e37319-92b7-42a7-a62d-720bb3363cae,2012-07-12,09:55:00,"EDSA at ""U"" turn slot, Santolan Quezon City",0,0,0,0,0,0,0,0,0,0,2012-07-12 17:55,Property,14.65655504,121.0269201,No Collision Stated
None,EDSA,None,None,"No Accident Factor, Hit Object (No Object Stated), 0.0 drivers_injured, 0.0 drivers_killed, 4.0 passengers_injured, 0.0 passengers_killed, 0.0 pedestrian_injured, 0.0 pedestrian_killed, Fair (Night), EDSA Aurora Blvd. Quezon City",MMDA Road Safety Unit,,d7ce7dd1-e1a7-4392-87aa-6dc9ffb40615,2012-07-11,13:05:00,"EDSA White Plains Ave., Bgy. Ugong Norte Quezon City",0,0,0,0,4,0,0,0,0,4,2012-07-11 21:05,Injury,14.62163653,121.0501573,Hit Object
None,EDSA,None,None,"No Accident Factor, Hit and Run (No Collision Stated), 0.0 drivers_injured, 0.0 drivers_killed, 0.0 passengers_injured, 0.0 passengers_killed, 0.0 pedestrian_injured, 0.0 pedestrian_killed, Fair (Day), EDSA Whiteplains Quezon City",MMDA Road Safety Unit,,3d207fb5-7c20-4771-9f9d-cfb81c22feea,2012-07-11,08:30:00,EDSA P. Tuazon Blvd. Quezon City,0,0,0,0,0,0,0,0,0,0,2012-07-11 16:30,Property,14.59961782,121.0596522,No Collision Stated
None,EDSA,None,None,"No Accident Factor, No Collision Stated (based on Police Blotter Book), 0.0 drivers_injured, 0.0 drivers_killed, 0.0 passengers_injured, 0.0 passengers_killed, 0.0 pedestrian_injured, 0.0 pedestrian_killed, Fair (Day), EDSA Quezon Ave. Quezon City",MMDA Road Safety Unit,,40b8612b-cc24-4d7a-9fbb-489f52d52b01,2012-07-11,02:00:00,"EDSA fronting Genesis Bus Terminal, New York St., Bgy. E. Rodriguez, Cubao Quezon City",0,0,0,0,0,0,0,0,0,0,2012-07-11 10:00,Property,14.6442444,121.0375839,No Collision Stated
None,EDSA,None,None,"No Accident Factor, No Collision Stated (based on Police Blotter Book), 0.0 drivers_injured, 0.0 drivers_killed, 0.0 passengers_injured, 0.0 passengers_killed, 0.0 pedestrian_injured, 0.0 pedestrian_killed, Fair (Day), EDSA at ""U"" turn slot, fronting GMA-7 Bldg. Quezon City",MMDA Road Safety Unit,,70a00094-1906-4485-8b98-6eff623ecfab,2012-07-11,01:05:00,EDSA Kamuning Road Quezon City,0,0,0,0,0,0,0,0,0,0,2012-07-11 9:05,Property,14.63376981,121.0443161,No Collision Stated
None,EDSA,None,None,"No Accident Factor, No Collision Stated (based on Police Blotter Book), 0.0 drivers_injured, 0.0 drivers_killed, 0.0 passengers_injured, 0.0 passengers_killed, 0.0 pedestrian_injured, 0.0 pedestrian_killed, Fair (Night), EDSA Kamuning Road Quezon City",MMDA Road Safety Unit,,b57739d1-fb34-43b0-8898-2ae33b21209c,2012-07-10,13:20:00,EDSA Kamias Road Quezon City,0,0,0,0,0,0,0,0,0,0,2012-07-10 21:20,Property,14.63075725,121.0457548,No Collision Stated
None,EDSA,None,None,"No Accident Factor, Side Swipe, 0.0 drivers_injured, 0.0 drivers_killed, 0.0 passengers_injured, 0.0 passengers_killed, 0.0 pedestrian_injured, 0.0 pedestrian_killed, Fair (Night), EDSA Misamis St. Quezon City",MMDA Road Safety Unit,,d2717320-dc4a-40e6-b62d-ede02e1c3357,2012-07-10,13:00:00,"EDSA Cloverleaf Road, Bgy. Balingasa Quezon City",0,0,0,0,0,0,0,0,0,0,2012-07-10 21:00,Property,14.65602348,121.0285212,Side Swipe
None,EDSA,None,None,"No Accident Factor, Side Swipe, 0.0 drivers_injured, 0.0 drivers_killed, 0.0 passengers_injured, 0.0 passengers_killed, 0.0 pedestrian_injured, 0.0 pedestrian_killed, Fair (Night), EDSA Farmers Quezon City",MMDA Road Safety Unit,,dafa0731-2c31-4c48-9990-5268c90744b6,2012-07-10,12:45:00,"EDSA fronting 680 Home Appliances Bldg., before Mother Ignacia St. Quezon City",0,0,0,0,0,0,0,0,0,0,2012-07-10 20:45,Property,14.61920525,121.0513476,Side Swipe
None,EDSA,None,None,"No Accident Factor, Rear-end (Multiple), 0.0 drivers_injured, 0.0 drivers_killed, 0.0 passengers_injured, 0.0 passengers_killed, 0.0 pedestrian_injured, 0.0 pedestrian_killed, Fair (Night), EDSA before National Printing Press Office Quezon City",MMDA Road Safety Unit,,a9459da1-71d7-4f39-b10d-ce04cba78aa4,2012-07-10,12:30:00,EDSA West Ave. Quezon City,0,0,0,0,0,0,0,0,0,0,2012-07-10 20:30,Property,14.63829515,121.0415133,Rear-End
None,EDSA,None,None,"No Accident Factor, No Collision Stated (based on Police Blotter Book), 0.0 drivers_injured, 0.0 drivers_killed, 0.0 passengers_injured, 0.0 passengers_killed, 0.0 pedestrian_injured, 0.0 pedestrian_killed, Fair (Day), EDSA fronting Ramon Magsaysay High School Quezon City",MMDA Road Safety Unit,,de7715cf-2d61-46a3-8e34-756e388a32c2,2012-07-10,08:15:00,EDSA Col. Bonny Serrano Ave. (Santolan Road) Quezon City,0,0,0,0,0,0,0,0,0,0,2012-07-10 16:15,Property,14.62778502,121.0471562,No Collision Stated
None,EDSA,None,None,"No Accident Factor, Hit Object (No Object Stated), 0.0 drivers_injured, 0.0 drivers_killed, 0.0 passengers_injured, 0.0 passengers_killed, 0.0 pedestrian_injured, 0.0 pedestrian_killed, Fair (Day), EDSA Mapagmahal St. Quezon City",MMDA Road Safety Unit,,b49a8e2a-77a8-47db-9627-79fd9da454ff,2012-07-10,06:00:00,"EDSA at ""U"" turn slot, before Oliveros Drive, Balintawak Quezon City",0,0,0,0,0,0,0,0,0,0,2012-07-10 14:00,Property,14.63185046,121.0455315,Hit Object
None,EDSA,None,None,"No Accident Factor, No Collision Stated (based on Police Blotter Book), 0.0 drivers_injured, 0.0 drivers_killed, 0.0 passengers_injured, 0.0 passengers_killed, 0.0 pedestrian_injured, 0.0 pedestrian_killed, Fair (Day), EDSA after Waltermart, Bgy. Veterans Quezon City",MMDA Road Safety Unit,,504b8399-7bf0-4799-b42d-d441d5bf7bac,2012-07-10,05:00:00,"EDSA Cloverleaf Service Road, Bgy. Balingasa Quezon City",0,0,0,0,0,0,0,0,0,0,2012-07-10 13:00,Property,14.65722462,121.0221511,No Collision Stated
None,EDSA,None,None,"No Accident Factor, Side Swipe, 0.0 drivers_injured, 0.0 drivers_killed, 0.0 passengers_injured, 0.0 passengers_killed, 0.0 pedestrian_injured, 0.0 pedestrian_killed, Fair (Day), EDSA fronting AFPLAI, Bgy. Socorro Quezon City",MMDA Road Safety Unit,,670d9679-89f6-4de6-830c-06809b34ea10,2012-07-10,03:15:00,"EDSA OP-UP, Balintawak Quezon City",0,0,0,0,0,0,0,0,0,0,2012-07-10 11:15,Property,14.61043075,121.0554248,Side Swipe
None,EDSA,None,None,"No Accident Factor, Side Swipe, 0.0 drivers_injured, 0.0 drivers_killed, 0.0 passengers_injured, 0.0 passengers_killed, 0.0 pedestrian_injured, 0.0 pedestrian_killed, Fair (Day), EDSA Mindanao Ave. Ext. Quezon City",MMDA Road Safety Unit,,3dfdcbdd-3c1a-43e1-818d-2644a7b789b8,2012-07-09,09:50:00,"EDSA before Oliveros St., Bgy. Apolonio Samson Quezon City",0,0,0,0,0,0,0,0,0,0,2012-07-09 17:50,Property,14.65052386,121.0335656,Side Swipe
None,EDSA,None,None,"No Accident Factor, Side Swipe, 0.0 drivers_injured, 0.0 drivers_killed, 0.0 passengers_injured, 0.0 passengers_killed, 0.0 pedestrian_injured, 0.0 pedestrian_killed, Fair (Day), EDSA Kamuning Road Quezon City",MMDA Road Safety Unit,,7a9867e5-8d3c-49eb-b271-4ef49f4d0fe4,2012-07-09,07:35:00,"EDSA Main Ave., Bgy. Socorro Quezon City",0,0,0,0,0,0,0,0,0,0,2012-07-09 15:35,Property,14.63075725,121.0457548,Side Swipe
None,EDSA,None,None,"No Accident Factor, No Collision Stated (based on Police Blotter Book), 0.0 drivers_injured, 0.0 drivers_killed, 0.0 passengers_injured, 0.0 passengers_killed, 0.0 pedestrian_injured, 0.0 pedestrian_killed, Fair (Day), EDSA at ""U"" turn slot, fronting Iglesia ni Cristo, Bgy. Ramon Magsaysay Quezon City",MMDA Road Safety Unit,,2fcf9a0e-6d0f-479c-8e95-58289aaaf7ed,2012-07-09,06:00:00,"EDSA Total Gas Station, Balintawak Quezon City",0,0,0,0,0,0,0,0,0,0,2012-07-09 14:00,Property,14.6573249,121.0226677,No Collision Stated
None,EDSA,None,None,"No Accident Factor, Side Swipe, 0.0 drivers_injured, 0.0 drivers_killed, 0.0 passengers_injured, 0.0 passengers_killed, 0.0 pedestrian_injured, 0.0 pedestrian_killed, Fair (Day), EDSA East Ave.-South Ave. / Timog Ave. Quezon City",MMDA Road Safety Unit,,4bac461d-2574-404f-9076-52cded9990a6,2012-07-09,02:30:00,"EDSA Iglesia ni Crsito, before Alley 1 Quezon City",0,0,0,0,0,0,0,0,0,0,2012-07-09 10:30,Property,14.6328297,121.0451176,Side Swipe
None,EDSA,None,None,"No Accident Factor, Other (Multiple), 0.0 drivers_injured, 0.0 drivers_killed, 0.0 passengers_injured, 0.0 passengers_killed, 0.0 pedestrian_injured, 0.0 pedestrian_killed, Fair (Day), EDSA Royal, Bgy. Apolonio Samson Quezon City",MMDA Road Safety Unit,,ff9ab128-0bd3-44c8-b2a6-b54d4a2d4d10,2012-07-09,01:55:00,"EDSA Seminary Road, Bgy. Bahay Toro Quezon City",0,0,0,0,0,0,0,0,0,0,2012-07-09 9:55,Property,14.65767141,121.0107008,Multiple
None,EDSA,None,None,"No Accident Factor, No Collision Stated (based on Police Blotter Book), 0.0 drivers_injured, 0.0 drivers_killed, 0.0 passengers_injured, 0.0 passengers_killed, 0.0 pedestrian_injured, 0.0 pedestrian_killed, Fair (Day), EDSA Bansalangin St., Bgy. Veterans Quezon City",MMDA Road Safety Unit,,dbcca9ae-1529-4e51-84f7-14ff72fc848a,2012-07-08,07:45:00,EDSA P. Tuazon Blvd. Quezon City,0,0,0,0,0,0,0,0,0,0,2012-07-08 15:45,Property,14.6567996,121.0241845,No Collision Stated
None,EDSA,None,None,"No Accident Factor, No Collision Stated (based on Police Blotter Book), 0.0 drivers_injured, 0.0 drivers_killed, 0.0 passengers_injured, 0.0 passengers_killed, 0.0 pedestrian_injured, 0.0 pedestrian_killed, Fair (Day), EDSA after Congressional Ave., Bgy. Ramon Magsaysay Quezon City",MMDA Road Safety Unit,,885a63c2-3d99-4582-8171-d8b2b575ce18,2012-07-08,07:30:00,EDSA P. Tuazon Blvd. Quezon City,0,0,0,0,0,0,0,0,0,0,2012-07-08 15:30,Property,14.65779023,121.0192171,No Collision Stated
None,EDSA,None,None,"No Accident Factor, No Collision Stated (based on Police Blotter Book), 0.0 drivers_injured, 0.0 drivers_killed, 0.0 passengers_injured, 0.0 passengers_killed, 0.0 pedestrian_injured, 0.0 pedestrian_killed, Fair (Day), EDSA Liberty St. Quezon City",MMDA Road Safety Unit,,551d9943-4a28-4aa8-96dd-1ea322d30e31,2012-07-08,04:00:00,"EDSA fronting Toyota Bldg., Balintawak Quezon City",0,0,0,0,0,0,0,0,0,0,2012-07-08 12:00,Property,14.61201463,121.0547211,No Collision Stated
None,EDSA,None,None,"No Accident Factor, No Collision Stated (based on Police Blotter Book), 0.0 drivers_injured, 0.0 drivers_killed, 0.0 passengers_injured, 0.0 passengers_killed, 0.0 pedestrian_injured, 0.0 pedestrian_killed, Fair (Day), EDSA Cloverleaf, Bgy. Ug Sigaw Quezon City",MMDA Road Safety Unit,,1902c0eb-8f77-46d6-acd1-cd60cb77c7a6,2012-07-07,06:30:00,EDSA South Ave. / Timog Ave. Quezon City,0,0,0,0,0,0,0,0,0,0,2012-07-07 14:30,Property,14.65746606,120.9995951,No Collision Stated
None,EDSA,None,None,"No Accident Factor, Hit and Run (No Collision Stated), 0.0 drivers_injured, 0.0 drivers_killed, 0.0 passengers_injured, 0.0 passengers_killed, 0.0 pedestrian_injured, 0.0 pedestrian_killed, Fair (Night), EDSA Quezon Ave. Quezon City",MMDA Road Safety Unit,,db9b5f67-3888-466c-8dd7-350a60c35477,2012-07-06,10:10:00,"EDSA before Ermin Garcia St. (Minnesota), Cubao Quezon City",0,0,0,0,0,0,0,0,0,0,2012-07-06 18:10,Property,14.6442444,121.0375839,No Collision Stated
None,EDSA,None,None,"No Accident Factor, No Collision Stated (based on Police Blotter Book), 0.0 drivers_injured, 0.0 drivers_killed, 0.0 passengers_injured, 0.0 passengers_killed, 0.0 pedestrian_injured, 0.0 pedestrian_killed, Fair (Day), EDSA Mother Ignacia St. Quezon City",MMDA Road Safety Unit,,234568dc-bb12-44ef-ac89-8a06a7b54001,2012-07-06,09:50:00,EDSA NIA Road Quezon City,0,0,0,0,0,0,0,0,0,0,2012-07-06 17:50,Property,14.64220321,121.0386692,No Collision Stated
None,EDSA,None,None,"No Accident Factor, Rear-end, 0.0 drivers_injured, 0.0 drivers_killed, 0.0 passengers_injured, 0.0 passengers_killed, 0.0 pedestrian_injured, 0.0 pedestrian_killed, Fair (Day), EDSA fronting Gate 3 of Camp Aguinaldo, Bgy. Socorro Quezon City",MMDA Road Safety Unit,,0a15faaa-9781-4f8a-8c02-a40a64d292c5,2012-07-06,07:00:00,"EDSA Biulacan St., Brgy. Bungad Quezon City",0,0,0,0,0,0,0,0,0,0,2012-07-06 15:00,Property,14.60475566,121.0580111,Rear-End
None,EDSA,None,None,"No Accident Factor, Hit and Run (Angle Impact), 0.0 drivers_injured, 0.0 drivers_killed, 0.0 passengers_injured, 0.0 passengers_killed, 0.0 pedestrian_injured, 0.0 pedestrian_killed, Fair (Night), EDSA P. Tuazon Blvd.  Quezon City",MMDA Road Safety Unit,,66b5396f-6515-41be-a1c7-50a5e848c8ca,2012-07-05,12:15:00,EDSA fronting Florida Bus Terminal Quezon City,0,0,0,0,0,0,0,0,0,0,2012-07-05 20:15,Property,14.61656342,121.0525225,Angle Impact
None,EDSA,None,None,"No Accident Factor, No Collision Stated (based on Police Blotter Book), 0.0 drivers_injured, 0.0 drivers_killed, 0.0 passengers_injured, 0.0 passengers_killed, 0.0 pedestrian_injured, 0.0 pedestrian_killed, Fair (Day), EDSA North Ave. Quezon City",MMDA Road Safety Unit,,9c40390c-0b06-4b0e-adb0-88f1197da12a,2012-07-05,09:00:00,EDSA fronting Five Star Bus Terminal Quezon City,0,0,0,0,0,0,0,0,0,0,2012-07-05 17:00,Property,14.65553839,121.0299647,No Collision Stated
None,EDSA,None,None,"No Accident Factor, Rear-end, 0.0 drivers_injured, 0.0 drivers_killed, 0.0 passengers_injured, 0.0 passengers_killed, 0.0 pedestrian_injured, 0.0 pedestrian_killed, Fair (Day), EDSA at ""U"" turn slot, fronting GMA-7 Bldg., before South Ave. / Timog Ave. Quezon City",MMDA Road Safety Unit,,d46a86f2-36c0-4f1b-8213-c444761b2828,2012-07-05,01:55:00,"EDSA fronting McDonald's, before Panay Ave. Quezon City",0,0,0,0,0,0,0,0,0,0,2012-07-05 9:55,Property,14.63376981,121.0443161,Rear-End
None,EDSA,None,None,"No Accident Factor, Rear-end, 0.0 drivers_injured, 0.0 drivers_killed, 0.0 passengers_injured, 0.0 passengers_killed, 0.0 pedestrian_injured, 0.0 pedestrian_killed, Fair (Day), EDSA East Ave., Bgy. Pinyahan Quezon City",MMDA Road Safety Unit,,6bfb62b9-29f3-4b4c-996f-31dc3a3df533,2012-07-04,07:45:00,EDSA North Ave. Quezon City,0,0,0,0,0,0,0,0,0,0,2012-07-04 15:45,Property,14.6328297,121.0451176,Rear-End
None,EDSA,None,None,"No Accident Factor, No Collision Stated (based on Police Blotter Book), 0.0 drivers_injured, 0.0 drivers_killed, 0.0 passengers_injured, 0.0 passengers_killed, 0.0 pedestrian_injured, 0.0 pedestrian_killed, Fair (Day), EDSA South Ave. / Timog Ave. Quezon City",MMDA Road Safety Unit,,f71e3818-509b-4a05-b213-7341a3d8b11f,2012-07-04,05:50:00,"EDSA Misamis St., Brgy. Pag-asa Quezon City",0,0,0,0,0,0,0,0,0,0,2012-07-04 13:50,Property,14.63257986,121.0449774,No Collision Stated
None,EDSA,None,None,"No Accident Factor, No Collision Stated (based on Police Blotter Book), 0.0 drivers_injured, 0.0 drivers_killed, 0.0 passengers_injured, 0.0 passengers_killed, 0.0 pedestrian_injured, 0.0 pedestrian_killed, Fair (Day), EDSA fronting Word of Hope Christian Academy, Bgy. Bungad Quezon City",MMDA Road Safety Unit,,62b02612-8a62-4b45-bf40-73b9b1924c9a,2012-07-02,23:55:00,"EDSA at ""U"" turn slot, GO Soc & Sons Bldg. Brgy. Bahay Toro Quezon City",0,0,0,0,0,0,0,0,0,0,2012-07-03 7:55,Property,14.65588139,121.0285421,No Collision Stated
None,EDSA,None,None,"No Accident Factor, No Collision Stated (based on Police Blotter Book), 0.0 drivers_injured, 0.0 drivers_killed, 0.0 passengers_injured, 0.0 passengers_killed, 0.0 pedestrian_injured, 0.0 pedestrian_killed, Fair (Night), EDSA Congressional Ave., Bgy. Ramon Magsaysay Quezon City",MMDA Road Safety Unit,,50acdeca-99a7-4a73-93ab-9770478a0810,2012-07-02,12:30:00,EDSA Gen. McArthur Ave. Quezon City,0,0,0,0,0,0,0,0,0,0,2012-07-02 20:30,Property,14.6571804,120.9927185,No Collision Stated
None,EDSA,None,None,"No Accident Factor, Angle Impact, 0.0 drivers_injured, 0.0 drivers_killed, 0.0 passengers_injured, 0.0 passengers_killed, 0.0 pedestrian_injured, 0.0 pedestrian_killed, Fair (Night), EDSA Main Ave. Quezon City",MMDA Road Safety Unit,,f16c578d-dab0-49e5-aa5e-6203578fc460,2012-07-02,10:55:00,EDSA West Ave. Quezon City,0,0,0,0,0,0,0,0,0,0,2012-07-02 18:55,Property,14.61376458,121.0537933,Angle Impact
None,EDSA,None,None,"No Accident Factor, No Collision Stated (based on Police Blotter Book), 0.0 drivers_injured, 0.0 drivers_killed, 0.0 passengers_injured, 0.0 passengers_killed, 0.0 pedestrian_injured, 0.0 pedestrian_killed, Fair (Day), EDSA after Bansalangin St., Bgy. Veterans Quezon City",MMDA Road Safety Unit,,9d6c59ac-00a4-49d1-b907-c1c684b76e14,2012-07-02,06:30:00,EDSA Cloverleaf Market Quezon City,0,0,0,0,0,0,0,0,0,0,2012-07-02 14:30,Property,14.65673524,121.0244896,No Collision Stated
None,EDSA,None,None,"No Accident Factor, No Collision Stated (based on Police Blotter Book), 0.0 drivers_injured, 0.0 drivers_killed, 0.0 passengers_injured, 0.0 passengers_killed, 0.0 pedestrian_injured, 0.0 pedestrian_killed, Fair (Day), EDSA Quezon Ave. Quezon City",MMDA Road Safety Unit,,de7e2092-27ec-4e85-b47c-c6840234c659,2012-07-02,06:30:00,"EDSA after North Ave., SM Quezon City",0,0,0,0,0,0,0,0,0,0,2012-07-02 14:30,Property,14.6442444,121.0375839,No Collision Stated
None,EDSA,None,None,"No Accident Factor, No Collision Stated (based on Police Blotter Book), 0.0 drivers_injured, 0.0 drivers_killed, 0.0 passengers_injured, 0.0 passengers_killed, 0.0 pedestrian_injured, 0.0 pedestrian_killed, Fair (Day), EDSA fronting Nepa-Q Mart, Bgy. E. Rodriguez Quezon City",MMDA Road Safety Unit,,6ba2b9c1-346b-4284-b69c-dbe4e314c142,2012-07-02,01:30:00,EDSA Santolan Mrt Quezon City,0,0,0,0,0,0,0,0,0,0,2012-07-02 9:30,Property,14.6280917,121.0472321,No Collision Stated
None,EDSA,None,None,"No Accident Factor, Side Swipe, 0.0 drivers_injured, 0.0 drivers_killed, 0.0 passengers_injured, 0.0 passengers_killed, 0.0 pedestrian_injured, 0.0 pedestrian_killed, Fair (Day), EDSA fronting Trinoma Mall (Landmark), Mindanao Ave. Ext. Quezon City",MMDA Road Safety Unit,,bc31d19a-bfb9-4876-a605-1355091d4480,2012-07-01,05:00:00,"EDSA fronting SM Hypermart, before Main Ave. Quezon City",0,0,0,0,0,0,0,0,0,0,2012-07-01 13:00,Property,14.65249719,121.0322415,Side Swipe
None,EDSA,None,None,"No Accident Factor, Rear-end, 0.0 drivers_injured, 0.0 drivers_killed, 0.0 passengers_injured, 0.0 passengers_killed, 0.0 pedestrian_injured, 0.0 pedestrian_killed, Fair (Day), EDSA fronting Camp Aguinaldo, before Col. Bonny Serrano Ave. (Santolan Road), Bgy. Socorro Quezon City",MMDA Road Safety Unit,,758c1726-3235-4971-9a14-783d8f2453a5,2012-06-30,07:30:00,"EDSA fronting Globe Master Depot, Balintawak Quezon City",0,0,0,0,0,0,0,0,0,0,2012-06-30 15:30,Property,14.61073226,121.0553104,Rear-End
None,EDSA,None,None,"No Accident Factor, Side Swipe, 0.0 drivers_injured, 0.0 drivers_killed, 0.0 passengers_injured, 0.0 passengers_killed, 0.0 pedestrian_injured, 0.0 pedestrian_killed, Fair (Day), EDSA at ""U"" turn slot, before MRT-? Station Quezon City",MMDA Road Safety Unit,,82fc7e8b-387a-47e9-b6a5-bc25ae6de980,2012-06-30,07:00:00,"EDSA Congressional Ave., Brgy. Magsaysay Quezon City",0,0,0,0,0,0,0,0,0,0,2012-06-30 15:00,Property,14.65363063,121.0314062,Side Swipe
None,EDSA,None,None,"No Accident Factor, No Collision Stated (based on Police Blotter Book), 0.0 drivers_injured, 0.0 drivers_killed, 0.0 passengers_injured, 0.0 passengers_killed, 0.0 pedestrian_injured, 0.0 pedestrian_killed, Fair (Day), EDSA fronting LRT Balintawak Market, Bgy. Ug Sigaw Quezon City",MMDA Road Safety Unit,,45bc318f-eeff-484a-9059-d0fe76a4a28f,2012-06-30,06:15:00,EDSA Lucena Bus Lines Quezon City,0,0,0,0,0,0,0,0,0,0,2012-06-30 14:15,Property,14.65732428,121.0019821,No Collision Stated
None,EDSA,None,None,"No Accident Factor, No Collision Stated (based on Police Blotter Book), 0.0 drivers_injured, 0.0 drivers_killed, 0.0 passengers_injured, 0.0 passengers_killed, 0.0 pedestrian_injured, 0.0 pedestrian_killed, Fair (Night), EDSA at ""U"" turn slot, Quezon Ave., Bgy. Bagong Pag-asa Quezon City",MMDA Road Safety Unit,,c60fb890-205c-49b0-a3ee-bfd40b9affdd,2012-06-29,14:30:00,EDSA after Whiteplains Ave. Quezon City,0,0,0,0,0,0,0,0,0,0,2012-06-29 22:30,Property,14.64515863,121.0368068,No Collision Stated
None,EDSA,None,None,"No Accident Factor, Rear-end, 0.0 drivers_injured, 0.0 drivers_killed, 0.0 passengers_injured, 0.0 passengers_killed, 0.0 pedestrian_injured, 0.0 pedestrian_killed, Fair (Day), EDSA at ""U"" turn slot, fronting Trinoma Quezon City",MMDA Road Safety Unit,,2f4ab3b4-f6aa-451f-8143-86d5670439ba,2012-06-29,00:45:00,EDSA Timog Avenue Quezon City,0,0,0,0,0,0,0,0,0,0,2012-06-29 8:45,Property,14.65361352,121.0313633,Rear-End
None,EDSA,None,None,"No Accident Factor, Other (Multiple), 0.0 drivers_injured, 0.0 drivers_killed, 0.0 passengers_injured, 0.0 passengers_killed, 0.0 pedestrian_injured, 0.0 pedestrian_killed, Fair (Day), EDSA Mindanao Ave. Ext. Quezon City",MMDA Road Safety Unit,,690cf725-86a7-47c6-923f-fde3f510e196,2012-06-28,23:20:00,"EDSA fronting Oriental Market, Brgy. Ug Sigaw Quezon City",0,0,0,0,0,0,0,0,0,0,2012-06-29 7:20,Property,14.65052386,121.0335656,Multiple
None,EDSA,None,None,"No Accident Factor, No Collision Stated (based on Police Blotter Book), 0.0 drivers_injured, 0.0 drivers_killed, 0.0 passengers_injured, 0.0 passengers_killed, 0.0 pedestrian_injured, 0.0 pedestrian_killed, Fair (Night), EDSA Corregidor St., Bgy. Ramon Magsaysay Quezon City",MMDA Road Safety Unit,,01d0eb80-a632-4345-9524-9cf8cc03e216,2012-06-28,19:10:00,EDSA North Ave. Quezon City,0,0,0,0,0,0,0,0,0,0,2012-06-29 3:10,Property,14.65707679,121.0241648,No Collision Stated
None,EDSA,None,None,"No Accident Factor, Rear-end, 0.0 drivers_injured, 0.0 drivers_killed, 0.0 passengers_injured, 0.0 passengers_killed, 0.0 pedestrian_injured, 0.0 pedestrian_killed, Fair (Day), EDSA Gen. Mc Arthur Avenue Brgy. Socorro Quezon City",MMDA Road Safety Unit,,55068070-3dea-4d93-9006-27558b459cfe,2012-06-28,08:05:00,EDSA Mindanao Ave. Quezon City,0,0,0,0,0,0,0,0,0,0,2012-06-28 16:05,Property,14.61805145,121.0517604,Rear-End
None,EDSA,None,None,"No Accident Factor, No Collision Stated (based on Police Blotter Book), 0.0 drivers_injured, 0.0 drivers_killed, 0.0 passengers_injured, 0.0 passengers_killed, 0.0 pedestrian_injured, 0.0 pedestrian_killed, Fair (Day), EDSA fronting Camp Aguinaldo Brgy. Socorro Quezon City",MMDA Road Safety Unit,,e06f547f-3e55-464e-9f1a-b668d258d718,2012-06-28,01:15:00,EDSA Timog Avenue Quezon City,0,0,0,0,0,0,0,0,0,0,2012-06-28 9:15,Property,14.6074566,121.0567511,No Collision Stated
None,EDSA,None,None,"No Accident Factor, Side Swipe, 0.0 drivers_injured, 0.0 drivers_killed, 0.0 passengers_injured, 0.0 passengers_killed, 0.0 pedestrian_injured, 0.0 pedestrian_killed, Fair (Day), EDSA before Kamuning Road Quezon City",MMDA Road Safety Unit,,bcfe92ec-9e8f-41cf-910e-62061eaf808c,2012-06-28,00:00:00,EDSA fronting Jackman R. Magsaysay Quezon City,0,0,0,0,0,0,0,0,0,0,2012-06-28 8:00,Property,14.63117369,121.0455178,Side Swipe