LOCATION_TEXT,ROAD,WEATHER,LIGHT,DESC,REPORTING_AGENCY,MAIN_CAUSE,INCIDENTDETAILS_ID,DATE_UTC,TIME_UTC,ADDRESS,killed_driver,killed_passenger,killed_pedestrian,injured_driver,injured_passenger,injured_pedestrian,killed_uncategorized,injured_uncategorized,killed_total,injured_total,DATETIME_PST,SEVERITY,Y,X,COLLISION_TYPE
None,EDSA,None,None,"No Accident Factor, Rear-end, 0.0 drivers_injured, 0.0 drivers_killed, 0.0 passengers_injured, 0.0 passengers_killed, 0.0 pedestrian_injured, 0.0 pedestrian_killed, Fair (Night), EDSA at ""U"" turn slot, fronting SM City-North (Annex), Bgy. Pag-asa Quezon City",MMDA Road Safety Unit,,3436f066-0d12-43ea-9f65-5a13e084321b,2012-06-26,21:00:00,EDSA fronting Baliwag Bus Terminal Brgy. E. Rodriguez Cubao Quezon City,0,0,0,0,0,0,0,0,0,0,2012-06-27 5:00,Property,14.65634509,121.0266458,Rear-End
None,EDSA,None,None,"No Accident Factor, No Collision Stated (based on Police Blotter Book), 0.0 drivers_injured, 0.0 drivers_killed, 0.0 passengers_injured, 0.0 passengers_killed, 0.0 pedestrian_injured, 0.0 pedestrian_killed, Fair (Day), EDSA MRT-GMA/Kamuning Station Quezon City",MMDA Road Safety Unit,,a63bcee1-7959-4853-843a-317e74a8cb74,2012-06-26,08:45:00,"EDSA P. Tuazon Blvd. Brgy. Socorro, Cubao Quezon City",0,0,0,0,0,0,0,0,0,0,2012-06-26 16:45,Property,14.63506067,121.043428,No Collision Stated
None,EDSA,None,None,"No Accident Factor, No Collision Stated (based on Police Blotter Book), 0.0 drivers_injured, 0.0 drivers_killed, 0.0 passengers_injured, 0.0 passengers_killed, 0.0 pedestrian_injured, 0.0 pedestrian_killed, Fair (Day), EDSA fronting Trinoma Mall, Bgy. Bagong Pag-asa Quezon City",MMDA Road Safety Unit,,ee48bd26-fc69-43f2-86d7-9543c1969304,2012-06-26,07:00:00,"EDSA Mindanao Ave., Ext. before Police Sub. Stn. 3 Quezon City",0,0,0,0,0,0,0,0,0,0,2012-06-26 15:00,Property,14.65249719,121.0322415,No Collision Stated
None,EDSA,None,None,"No Accident Factor, Side Swipe, 0.0 drivers_injured, 0.0 drivers_killed, 0.0 passengers_injured, 0.0 passengers_killed, 0.0 pedestrian_injured, 0.0 pedestrian_killed, Fair (Day), EDSA Quezon Ave. Quezon City",MMDA Road Safety Unit,,53f89343-2855-41cc-8e71-c1eb0d5f2651,2012-06-26,03:30:00,EDSA Timog Avenue Quezon City,0,0,0,0,0,0,0,0,0,0,2012-06-26 11:30,Property,14.6442444,121.0375839,Side Swipe
None,EDSA,None,None,"No Accident Factor, No Collision Stated (based on Police Blotter Book), 0.0 drivers_injured, 0.0 drivers_killed, 0.0 passengers_injured, 0.0 passengers_killed, 0.0 pedestrian_injured, 0.0 pedestrian_killed, Fair (Day), EDSA before Panay Ave. Quezon City",MMDA Road Safety Unit,,5227f399-e595-4b3f-aa6e-4d39dba72297,2012-06-26,03:00:00,"EDSA Gen. Roxas Avenue., Cubao Quezon City",0,0,0,0,0,0,0,0,0,0,2012-06-26 11:00,Property,14.64326824,121.0379402,No Collision Stated
None,EDSA,None,None,"No Accident Factor, No Collision Stated (based on Police Blotter Book), 0.0 drivers_injured, 0.0 drivers_killed, 0.0 passengers_injured, 0.0 passengers_killed, 0.0 pedestrian_injured, 0.0 pedestrian_killed, Fair (Day), EDSA Nueva Ecija St. Quezon City",MMDA Road Safety Unit,,926ee8cf-eee1-4307-8580-569f1b0c2c3c,2012-06-26,02:00:00,EDSA P. Tuazon Blvd. Quezon City,0,0,0,0,0,0,0,0,0,0,2012-06-26 10:00,Property,14.65665894,121.026062,No Collision Stated
None,EDSA,None,None,"No Accident Factor, No Collision Stated (based on Police Blotter Book), 0.0 drivers_injured, 0.0 drivers_killed, 0.0 passengers_injured, 0.0 passengers_killed, 0.0 pedestrian_injured, 0.0 pedestrian_killed, Fair (Day), EDSA at ""U"" turn slot, before Quezon Ave., Bgy. West Triangle Quezon City",MMDA Road Safety Unit,,3f369b34-534f-400c-9f8d-2123255004b5,2012-06-26,01:00:00,"EDSA fronting Mercury Drugstore, K-10th St., Bgy. West Kamias Quezon City",0,0,0,0,0,0,0,0,0,0,2012-06-26 9:00,Property,14.64516969,121.0368771,Angle Impact
None,EDSA,None,None,"No Accident Factor, No Collision Stated (based on Police Blotter Book), 0.0 drivers_injured, 0.0 drivers_killed, 0.0 passengers_injured, 0.0 passengers_killed, 0.0 pedestrian_injured, 0.0 pedestrian_killed, Fair (Day), EDSA fronting Jam Bus Terminal Quezon City",MMDA Road Safety Unit,,4f4e361c-fe21-4ee6-bcc1-c4ddff365647,2012-06-25,01:30:00,EDSA after West Ave. Quezon City,0,0,0,0,0,0,0,0,0,0,2012-06-25 9:30,Property,14.63204393,121.0452216,No Collision Stated
None,EDSA,None,None,"No Accident Factor, No Collision Stated (based on Police Blotter Book), 0.0 drivers_injured, 0.0 drivers_killed, 0.0 passengers_injured, 0.0 passengers_killed, 0.0 pedestrian_injured, 0.0 pedestrian_killed, Fair (Day), EDSA K-3rd St. Quezon City",MMDA Road Safety Unit,,5b0c8b44-1228-4477-98e6-b931541b7e51,2012-06-24,23:15:00,"EDSA fronting ES Transport Terminal, Bgy. E. Rodriguez Quezon City",0,0,0,0,0,0,0,0,0,0,2012-06-25 7:15,Property,14.62942357,121.0463854,No Collision Stated
None,EDSA,None,None,"No Accident Factor, Rear-end (Multiple), 0.0 drivers_injured, 0.0 drivers_killed, 0.0 passengers_injured, 0.0 passengers_killed, 0.0 pedestrian_injured, 0.0 pedestrian_killed, Fair (Day), EDSA Kamuning Road Quezon City",MMDA Road Safety Unit,,ffc69dd8-8ece-4fb9-b770-6573656c37fc,2012-06-24,22:00:00,"EDSA after West Ave., brgy. Bungad Quezon City",0,0,0,0,0,0,0,0,0,0,2012-06-25 6:00,Property,14.63075725,121.0457548,Rear-End
None,EDSA,None,None,"No Accident Factor, Hit and Run (No Collision Stated), 0.0 drivers_injured, 0.0 drivers_killed, 0.0 passengers_injured, 0.0 passengers_killed, 0.0 pedestrian_injured, 0.0 pedestrian_killed, Fair (Night), EDSA Kamuning Road Quezon City",MMDA Road Safety Unit,,73e067d5-c6b2-4f1a-9f64-53a3e078e766,2012-06-24,14:00:00,EDSA Congressional Ave. Quezon City,0,0,0,0,0,0,0,0,0,0,2012-06-24 22:00,Property,14.63075725,121.0457548,No Collision Stated
None,EDSA,None,None,"No Accident Factor, No Collision Stated (based on Police Blotter Book), 0.0 drivers_injured, 0.0 drivers_killed, 0.0 passengers_injured, 0.0 passengers_killed, 0.0 pedestrian_injured, 0.0 pedestrian_killed, Fair (Day), EDSA Kaingin Road Quezon City",MMDA Road Safety Unit,,5921faeb-31b9-4dd6-9ed9-43f23354a96a,2012-06-24,05:45:00,"EDSA Misamis St., brgy. Sto. Cristo Quezon City",0,0,0,0,0,0,0,0,0,0,2012-06-24 13:45,Property,14.65746493,121.0109963,No Collision Stated
None,EDSA,None,None,"No Accident Factor, No Collision Stated (based on Police Blotter Book), 0.0 drivers_injured, 0.0 drivers_killed, 0.0 passengers_injured, 0.0 passengers_killed, 0.0 pedestrian_injured, 0.0 pedestrian_killed, Fair (Day), EDSA Aurora Blvd. Quezon City",MMDA Road Safety Unit,,1a740167-803f-4a06-87d3-f720bc0b602a,2012-06-24,05:40:00,EDSA Quezon Avenue Quezon City,0,0,0,0,0,0,0,0,0,0,2012-06-24 13:40,Property,14.62163653,121.0501573,No Collision Stated
None,EDSA,None,None,"No Accident Factor, No Collision Stated (based on Police Blotter Book), 0.0 drivers_injured, 0.0 drivers_killed, 0.0 passengers_injured, 0.0 passengers_killed, 0.0 pedestrian_injured, 0.0 pedestrian_killed, Fair (Day), EDSA before Scout Borromeo St. Quezon City",MMDA Road Safety Unit,,8128fc71-0083-4cea-a6de-b47e39cc9d18,2012-06-22,08:45:00,EDSA White Plains Quezon City,0,0,0,0,0,0,0,0,0,0,2012-06-22 16:45,Property,14.63732839,121.041846,No Collision Stated
None,EDSA,None,None,"No Accident Factor, No Collision Stated (based on Police Blotter Book), 0.0 drivers_injured, 0.0 drivers_killed, 0.0 passengers_injured, 0.0 passengers_killed, 0.0 pedestrian_injured, 0.0 pedestrian_killed, Fair (Day), EDSA at ""U"" turn slot, fronting Avon Bldg., Bgy. Bungad Quezon City",MMDA Road Safety Unit,,ccffd3b2-8080-43c0-a3b8-b75c9c8d43f1,2012-06-22,01:30:00,EDSA North Ave. Quezon City,0,0,0,0,0,0,0,0,0,0,2012-06-22 9:30,Property,14.65633408,121.0266604,No Collision Stated
None,EDSA,None,None,"No Accident Factor, No Collision Stated (based on Police Blotter Book), 0.0 drivers_injured, 0.0 drivers_killed, 0.0 passengers_injured, 0.0 passengers_killed, 0.0 pedestrian_injured, 0.0 pedestrian_killed, Fair (Night), EDSA Bulacan St., Bgy. Bungad Quezon City",MMDA Road Safety Unit,,a49d31d1-c8a8-4612-b83a-2810db11ab0f,2012-06-20,12:10:00,"EDSA after Wesr Ave., brgy. Bungad Quezon City",0,0,0,0,0,0,0,0,0,0,2012-06-20 20:10,Property,14.65577077,121.0291718,No Collision Stated
None,EDSA,None,None,"No Accident Factor, No Collision Stated (based on Police Blotter Book), 0.0 drivers_injured, 0.0 drivers_killed, 1.0 passengers_injured, 0.0 passengers_killed, 0.0 pedestrian_injured, 0.0 pedestrian_killed, Fair (Day), EDSA at ""U"" turn slot, fronting Iglesia ni Cristo, Bgy. Alicia Quezon City",MMDA Road Safety Unit,,56cd2be7-513c-4978-b7f7-70a2f00f1460,2012-06-20,01:30:00,"EDSA SM Loading Bay, brgy. Pag-asa Quezon City",0,0,0,0,1,0,0,0,0,1,2012-06-20 9:30,Injury,14.6573249,121.0226677,No Collision Stated
None,EDSA,None,None,"No Accident Factor, No Collision Stated (based on Police Blotter Book), 0.0 drivers_injured, 0.0 drivers_killed, 0.0 passengers_injured, 0.0 passengers_killed, 0.0 pedestrian_injured, 0.0 pedestrian_killed, Fair (Night), EDSA Near Cloverleaf Market., Bgy. Balingasa Quezon City",MMDA Road Safety Unit,,881c3eeb-c7e3-403a-8827-58844e659b62,2012-06-19,14:15:00,EDSA Roosevelt Ave.   Quezon City,0,0,0,0,0,0,0,0,0,0,2012-06-19 22:15,Property,14.65732853,120.9995015,No Collision Stated
None,EDSA,None,None,"No Accident Factor, No Collision Stated (based on Police Blotter Book), 0.0 drivers_injured, 0.0 drivers_killed, 0.0 passengers_injured, 0.0 passengers_killed, 0.0 pedestrian_injured, 0.0 pedestrian_killed, Fair (Day), EDSA Fronting Oriental Market., Bgy. Ug Sigaw Quezon City",MMDA Road Safety Unit,,7f3491c1-1309-41cb-a5c2-20ff6c888e2a,2012-06-19,01:55:00,"EDSA fronting Gate 3 Camp Aguinaldo, Bgy. Socorro Quezon City",0,0,0,0,0,0,0,0,0,0,2012-06-19 9:55,Property,14.65737508,121.004028,No Collision Stated
None,EDSA,None,None,"No Accident Factor, Side Swipe, 0.0 drivers_injured, 0.0 drivers_killed, 0.0 passengers_injured, 0.0 passengers_killed, 0.0 pedestrian_injured, 0.0 pedestrian_killed, Fair (Day), EDSA After Santolan-MRT Station Quezon City",MMDA Road Safety Unit,,79b77541-678a-4517-ba56-6b8e8460f153,2012-06-18,04:45:00,EDSA Quezon Ave. Quezon City,0,0,0,0,0,0,0,0,0,0,2012-06-18 12:45,Property,14.60727193,121.0565403,Side Swipe
None,EDSA,None,None,"No Accident Factor, No Collision Stated (based on Police Blotter Book), 0.0 drivers_injured, 0.0 drivers_killed, 0.0 passengers_injured, 0.0 passengers_killed, 0.0 pedestrian_injured, 0.0 pedestrian_killed, Fair (Day), EDSA at ""U"" turn slot, fronting Go Soc & Sons Bldg., Bgy. Bahay Toro Quezon City",MMDA Road Safety Unit,,8438e515-53ff-428b-9c0d-d26bafc7ba8a,2012-06-18,00:25:00,EDSA New York St. Quezon City,0,0,0,0,0,0,0,0,0,0,2012-06-18 8:25,Property,14.65759022,121.0143219,No Collision Stated
None,EDSA,None,None,"No Accident Factor, No Collision Stated (based on Police Blotter Book), 0.0 drivers_injured, 0.0 drivers_killed, 0.0 passengers_injured, 0.0 passengers_killed, 0.0 pedestrian_injured, 0.0 pedestrian_killed, Fair (Night), EDSA Misamis St., Bgy. Sto Cristo Quezon City",MMDA Road Safety Unit,,8bca1299-526c-4627-86de-76fe9dbb9632,2012-06-16,20:00:00,EDSA Main Ave. Quezon City,0,0,0,0,0,0,0,0,0,0,2012-06-17 4:00,Property,14.65602348,121.0285212,No Collision Stated
None,EDSA,None,None,"No Accident Factor, No Collision Stated (based on Police Blotter Book), 0.0 drivers_injured, 0.0 drivers_killed, 0.0 passengers_injured, 0.0 passengers_killed, 0.0 pedestrian_injured, 0.0 pedestrian_killed, Fair (Night), EDSA SM North Annex., Bgy. Pag-asa Quezon City",MMDA Road Safety Unit,,d9b8cf6d-7a4c-4bae-b9f3-aaa5d35fb3b8,2012-06-16,17:00:00,EDSA Kamuning Road Quezon City,0,0,0,0,0,0,0,0,0,0,2012-06-17 1:00,Property,14.65645143,121.0271077,No Collision Stated
None,EDSA,None,None,"No Accident Factor, No Collision Stated (based on Police Blotter Book), 0.0 drivers_injured, 0.0 drivers_killed, 0.0 passengers_injured, 0.0 passengers_killed, 0.0 pedestrian_injured, 0.0 pedestrian_killed, Fair (Night), EDSA Before Timog Avenue Quezon City",MMDA Road Safety Unit,,592a53cf-8ab3-4aab-8e73-97c88fb81a9d,2012-06-16,13:30:00,"EDSA Quezon Ave., brgy. West Triangle Quezon City",0,0,0,0,0,0,0,0,0,0,2012-06-16 21:30,Property,14.63338867,121.0444852,No Collision Stated
None,EDSA,None,None,"No Accident Factor, Side Swipe, 0.0 drivers_injured, 0.0 drivers_killed, 0.0 passengers_injured, 0.0 passengers_killed, 0.0 pedestrian_injured, 0.0 pedestrian_killed, Fair (Night), EDSA Bus Bay., Bgy. Pag-asa Quezon City",MMDA Road Safety Unit,,36fed485-d459-4230-b4cb-4a50f0438d98,2012-06-16,12:45:00,EDSA before Congressional Ave. Quezon City,0,0,0,0,0,0,0,0,0,0,2012-06-16 20:45,Property,14.65632308,121.0274796,Side Swipe
None,EDSA,None,None,"No Accident Factor, No Collision Stated (based on Police Blotter Book), 0.0 drivers_injured, 0.0 drivers_killed, 0.0 passengers_injured, 0.0 passengers_killed, 0.0 pedestrian_injured, 0.0 pedestrian_killed, Fair (Day), EDSA Before K-3Rd St. Quezon City",MMDA Road Safety Unit,,36cfbf36-9f3b-42aa-b4a7-1093ab6a207a,2012-06-13,01:00:00,EDSA Congressional Ave. Quezon City,0,0,0,0,0,0,0,0,0,0,2012-06-13 9:00,Property,14.62955217,121.0463229,No Collision Stated
None,EDSA,None,None,"No Accident Factor, No Collision Stated (based on Police Blotter Book), 0.0 drivers_injured, 0.0 drivers_killed, 0.0 passengers_injured, 0.0 passengers_killed, 0.0 pedestrian_injured, 0.0 pedestrian_killed, Fair (Night), EDSA Fronting INC., Bgy. Katipu Quezon City",MMDA Road Safety Unit,,66cb8adb-6c1b-49fc-b349-32c956ec90b8,2012-06-12,21:00:00,"EDSA Misamis St., brgy. Sto. Cristo Quezon City",0,0,0,0,0,0,0,0,0,0,2012-06-13 5:00,Property,14.65749652,121.0222666,No Collision Stated
None,EDSA,None,None,"No Accident Factor, No Collision Stated (based on Police Blotter Book), 0.0 drivers_injured, 0.0 drivers_killed, 0.0 passengers_injured, 0.0 passengers_killed, 0.0 pedestrian_injured, 0.0 pedestrian_killed, Fair (Night), EDSA Fronting SM North EDSA Quezon City",MMDA Road Safety Unit,,3ca2fd28-f3bf-4f9d-b64a-3e70d11601f9,2012-06-12,11:00:00,EDSA fronting SM brgy. Pag-asa Quezon City,0,0,0,0,0,0,0,0,0,0,2012-06-12 19:00,Property,14.65591384,121.0291263,No Collision Stated
None,EDSA,None,None,"No Accident Factor, No Collision Stated (based on Police Blotter Book), 0.0 drivers_injured, 0.0 drivers_killed, 0.0 passengers_injured, 0.0 passengers_killed, 0.0 pedestrian_injured, 0.0 pedestrian_killed, Fair (Day), EDSA Near North Ave., Bgy. Bagong Pag-asa Quezon City",MMDA Road Safety Unit,,5145ddeb-f98d-495a-8f7c-c27c1de7ffa6,2012-06-12,07:15:00,"EDSA Misamis St., Bgy. Bagong Pag-asa Quezon City",0,0,0,0,0,0,0,0,0,0,2012-06-12 15:15,Property,14.65499141,121.0303134,No Collision Stated
None,EDSA,None,None,"No Accident Factor, No Collision Stated (based on Police Blotter Book), 0.0 drivers_injured, 0.0 drivers_killed, 0.0 passengers_injured, 0.0 passengers_killed, 0.0 pedestrian_injured, 0.0 pedestrian_killed, Fair (Night), EDSA Fronting Shell Gas Station., Near Bansalangin Quezon City",MMDA Road Safety Unit,,aecaa017-593b-42b4-b6f7-591f7d89d0a8,2012-06-11,10:00:00,"EDSA U-Turn Slot, SM Annex Bldg., brgy. Bagong Pag-asa Quezon City",0,0,0,0,0,0,0,0,0,0,2012-06-11 18:00,Property,14.6567866,121.0243738,No Collision Stated
None,EDSA,None,None,"No Accident Factor, Side Swipe, 0.0 drivers_injured, 0.0 drivers_killed, 0.0 passengers_injured, 0.0 passengers_killed, 0.0 pedestrian_injured, 0.0 pedestrian_killed, Fair (Day), EDSA Fronting Walter Mart., Bgy. Veterans Quezon City",MMDA Road Safety Unit,,1e8c8fd3-5227-4cba-bbc7-f906dec90fc9,2012-06-10,23:00:00,"EDSA Mrt North Ave., brgy. Veterans Quezon City",0,0,0,0,0,0,0,0,0,0,2012-06-11 7:00,Property,14.65755908,121.0204569,Side Swipe
None,EDSA,None,None,"No Accident Factor, No Collision Stated (based on Police Blotter Book), 0.0 drivers_injured, 0.0 drivers_killed, 0.0 passengers_injured, 0.0 passengers_killed, 0.0 pedestrian_injured, 0.0 pedestrian_killed, Fair (Night), EDSA West Ave. Quezon City",MMDA Road Safety Unit,,a08da851-151a-4297-8418-c424e028aaf8,2012-06-10,17:50:00,EDSA West Ave. Quezon City,0,0,0,0,0,0,0,0,0,0,2012-06-11 1:50,Property,14.65548924,121.0298079,No Collision Stated
None,EDSA,None,None,"No Accident Factor, Rear-end, 0.0 drivers_injured, 0.0 drivers_killed, 0.0 passengers_injured, 0.0 passengers_killed, 0.0 pedestrian_injured, 0.0 pedestrian_killed, Fair (Day), EDSA Fronting Word of Hope Church., Bgy. Veterans Quezon City",MMDA Road Safety Unit,,b1645b16-f580-4f0c-8418-bc4cd60f8709,2012-06-10,09:30:00,"EDSA U-Turn Slot, brgy. R. Magsayasay Quezon City",0,0,0,0,0,0,0,0,0,0,2012-06-10 17:30,Property,14.65588139,121.0285421,Rear-End
None,EDSA,None,None,"No Accident Factor, Rear-end, 0.0 drivers_injured, 0.0 drivers_killed, 0.0 passengers_injured, 0.0 passengers_killed, 0.0 pedestrian_injured, 0.0 pedestrian_killed, Fair (Night), EDSA U Turn Slot Fronting SM Annex., Bgy. Pag-asa Quezon City",MMDA Road Safety Unit,,47453332-cf36-4d14-b8f1-efcd3c829d4f,2012-06-09,13:00:00,"EDSA Mindanao ext., brgy. Pag-asa Quezon City",0,0,0,0,0,0,0,0,0,0,2012-06-09 21:00,Property,14.65623189,121.0271587,Rear-End
None,EDSA,None,None,"No Accident Factor, No Collision Stated (based on Police Blotter Book), 0.0 drivers_injured, 0.0 drivers_killed, 0.0 passengers_injured, 0.0 passengers_killed, 0.0 pedestrian_injured, 0.0 pedestrian_killed, Fair (Day), EDSA U Turn Slot Fronting INC., Bgy. Sto Cristo Quezon City",MMDA Road Safety Unit,,5e5e1fcc-0f5e-4dfb-bcd1-431b8d9b9eaa,2012-06-09,03:30:00,EDSA Before Santolan Bridge Quezon City,0,0,0,0,0,0,0,0,0,0,2012-06-09 11:30,Property,14.6571804,120.9927185,No Collision Stated
None,EDSA,None,None,"No Accident Factor, Hit Object (No Object Stated), 0.0 drivers_injured, 0.0 drivers_killed, 0.0 passengers_injured, 0.0 passengers_killed, 0.0 pedestrian_injured, 0.0 pedestrian_killed, Fair (Day), EDSA Between Monte De Pledad St.&Aurora Blvd. Quezon City",MMDA Road Safety Unit,,5ea87d05-a0de-4097-89b1-fae2c9d59497,2012-06-07,02:00:00,"EDSA fronting Baliwag Bus Terminal, Bgy. E. Rodriguez, Cubao Quezon City",0,0,0,0,0,0,0,0,0,0,2012-06-07 10:00,Property,14.62252338,121.0495379,Hit Object
None,EDSA,None,None,"No Accident Factor, Hit and Run (No Collision Stated), 0.0 drivers_injured, 0.0 drivers_killed, 1.0 passengers_injured, 0.0 passengers_killed, 0.0 pedestrian_injured, 0.0 pedestrian_killed, Fair (Night), EDSA Between New York St.&Monte De Pledad St. Quezon City",MMDA Road Safety Unit,,6648d77e-9831-4882-9f90-7c1e730b8f3f,2012-06-06,16:40:00,EDSA fronting Five Star Bus Terminal Quezon City,0,0,0,0,1,0,0,0,0,1,2012-06-07 0:40,Injury,14.62468897,121.0484789,No Collision Stated
None,EDSA,None,None,"No Accident Factor, Rear-end, 0.0 drivers_injured, 0.0 drivers_killed, 0.0 passengers_injured, 0.0 passengers_killed, 0.0 pedestrian_injured, 0.0 pedestrian_killed, Fair (Night), EDSA Cloverleaf., Bgy. Ug Sigaw Quezon City",MMDA Road Safety Unit,,308f7015-898f-4ca6-a1bf-1f323f2490eb,2012-06-06,15:05:00,EDSA before East Ave. Quezon City,0,0,0,0,0,0,0,0,0,0,2012-06-06 23:05,Property,14.65746606,120.9995951,Rear-End
None,EDSA,None,None,"No Accident Factor, Angle Impact, 0.0 drivers_injured, 0.0 drivers_killed, 0.0 passengers_injured, 0.0 passengers_killed, 0.0 pedestrian_injured, 0.0 pedestrian_killed, Fair (Night), EDSA New York St. Quezon City",MMDA Road Safety Unit,,d1c74f55-e627-4768-93cf-bade275a9521,2012-06-06,13:00:00,"EDSA OP/UP, Balintawak Quezon City",0,0,0,0,0,0,0,0,0,0,2012-06-06 21:00,Property,14.62568514,121.0482307,Angle Impact
None,EDSA,None,None,"No Accident Factor, No Collision Stated (based on Police Blotter Book), 0.0 drivers_injured, 0.0 drivers_killed, 0.0 passengers_injured, 0.0 passengers_killed, 0.0 pedestrian_injured, 0.0 pedestrian_killed, Fair (Day), EDSA Near North Ave., Bgy. Bagong Pag-asa Quezon City",MMDA Road Safety Unit,,d1ee33eb-b9a7-43e0-bf16-3871a4f9a081,2012-06-06,04:05:00,"EDSA OP/UP, Brgy. Balingasa Quezon City",0,0,0,0,0,0,0,0,0,0,2012-06-06 12:05,Property,14.65499141,121.0303134,No Collision Stated
None,EDSA,None,None,"No Accident Factor, No Collision Stated (based on Police Blotter Book), 0.0 drivers_injured, 0.0 drivers_killed, 0.0 passengers_injured, 0.0 passengers_killed, 0.0 pedestrian_injured, 0.0 pedestrian_killed, Fair (Day), EDSA Near U Turn Slot (N/B) Fronting HPI Corporate Centre Bldg. Quezon City",MMDA Road Safety Unit,,6744dee5-869a-4615-b6a4-8d3745288cea,2012-06-05,08:25:00,"EDSA at ""U"" turn slot, Gma7 Network Drive near East & Timog Avenue Quezon City",0,0,0,0,0,0,0,0,0,0,2012-06-05 16:25,Property,14.6571804,120.9927185,No Collision Stated
None,EDSA,None,None,"No Accident Factor, No Collision Stated (based on Police Blotter Book), 0.0 drivers_injured, 0.0 drivers_killed, 0.0 passengers_injured, 0.0 passengers_killed, 0.0 pedestrian_injured, 0.0 pedestrian_killed, Fair (Day), EDSA Fronting Banson Lumber., Bgy A. Samson Quezon City",MMDA Road Safety Unit,,accdf9e2-16bb-4d71-8b7d-3031c2c81c2f,2012-06-05,00:00:00,EDSA Cloverleaf Interchange Balintawak Quezon City,0,0,0,0,0,0,0,0,0,0,2012-06-05 8:00,Property,14.65747724,121.0067366,No Collision Stated
None,EDSA,None,None,"No Accident Factor, No Collision Stated (based on Police Blotter Book), 2.0 drivers_injured, 0.0 drivers_killed, 0.0 passengers_injured, 0.0 passengers_killed, 0.0 pedestrian_injured, 0.0 pedestrian_killed, Fair (Night), EDSA fronting Rosetel, before Roosevelt Ave., Bgy. Katipu Quezon City",MMDA Road Safety Unit,,cab990fb-a0b8-4ff5-9bbb-de19117d28e7,2012-06-04,21:25:00,"EDSA fronting SM Annex, Brgy. Pag-asa Quezon City",0,0,0,2,0,0,0,0,0,2,2012-06-05 5:25,Injury,14.6575427,121.0198358,No Collision Stated
None,EDSA,None,None,"No Accident Factor, No Collision Stated (based on Police Blotter Book), 1.0 drivers_injured, 0.0 drivers_killed, 0.0 passengers_injured, 0.0 passengers_killed, 0.0 pedestrian_injured, 0.0 pedestrian_killed, Fair (Night), EDSA Cloverleaf Quezon City",MMDA Road Safety Unit,,15acd3ab-8c41-46d2-9094-5b75e796a844,2012-06-04,12:00:00,"EDSA Congressional Ave., Bgy. Ramon Magsaysay Quezon City",0,0,0,1,0,0,0,0,0,1,2012-06-04 20:00,Injury,14.65747901,121.0011914,No Collision Stated
None,EDSA,None,None,"No Accident Factor, No Collision Stated (based on Police Blotter Book), 0.0 drivers_injured, 0.0 drivers_killed, 0.0 passengers_injured, 0.0 passengers_killed, 0.0 pedestrian_injured, 0.0 pedestrian_killed, Fair (Night), EDSA Fronting Walter Mart., Bgy. Veterans Quezon City",MMDA Road Safety Unit,,18035e0d-05a0-4ed8-8b1e-7f77f6a247fd,2012-06-04,10:30:00,"EDSA fronting Jac Liner Bus Terminal, before Kamias Road, Bgy. Pinyahan Quezon City",0,0,0,0,0,0,0,0,0,0,2012-06-04 18:30,Property,14.65755908,121.0204569,No Collision Stated
None,EDSA,None,None,"No Accident Factor, No Collision Stated (based on Police Blotter Book), 0.0 drivers_injured, 0.0 drivers_killed, 0.0 passengers_injured, 0.0 passengers_killed, 0.0 pedestrian_injured, 0.0 pedestrian_killed, Fair (Day), EDSA Quezon Ave. U Turn Slot Quezon City",MMDA Road Safety Unit,,898817e8-d7be-4920-a966-a997f77b30c6,2012-06-04,09:30:00,EDSA B. Serrano Avenue Quezon City,0,0,0,0,0,0,0,0,0,0,2012-06-04 17:30,Property,14.64523302,121.0368679,No Collision Stated
None,EDSA,None,None,"No Accident Factor, Side Swipe, 0.0 drivers_injured, 0.0 drivers_killed, 0.0 passengers_injured, 0.0 passengers_killed, 0.0 pedestrian_injured, 0.0 pedestrian_killed, Fair (Day), EDSA Aurora Blvd. Brgy. E. Rodriguez Quezon City",MMDA Road Safety Unit,,d2c2fadf-35af-4b82-8f36-474249098e07,2012-06-04,03:30:00,EDSA Mo. Ignacia St. Quezon City,0,0,0,0,0,0,0,0,0,0,2012-06-04 11:30,Property,14.62151658,121.0501092,Side Swipe