LOCATION_TEXT,ROAD,WEATHER,LIGHT,DESC,REPORTING_AGENCY,MAIN_CAUSE,INCIDENTDETAILS_ID,DATE_UTC,TIME_UTC,ADDRESS,killed_driver,killed_passenger,killed_pedestrian,injured_driver,injured_passenger,injured_pedestrian,killed_uncategorized,injured_uncategorized,killed_total,injured_total,DATETIME_PST,SEVERITY,Y,X,COLLISION_TYPE
None,EDSA,None,None,"No Accident Factor, Side Swipe, 0.0 drivers_injured, 0.0 drivers_killed, 0.0 passengers_injured, 0.0 passengers_killed, 0.0 pedestrian_injured, 0.0 pedestrian_killed, Fair (Day), EDSA fronting SM City Before North Avenue Brgy. North Triangle Quezon City",MMDA Road Safety Unit,,cf7373f2-b826-4b1a-a704-32c107edf944,2012-06-04,02:00:00,EDSA Gma Network Drive Quezon City,0,0,0,0,0,0,0,0,0,0,2012-06-04 10:00,Property,14.6565149,121.0265678,Angle Impact
None,EDSA,None,None,"No Accident Factor, No Collision Stated (based on Police Blotter Book), 0.0 drivers_injured, 0.0 drivers_killed, 0.0 passengers_injured, 0.0 passengers_killed, 0.0 pedestrian_injured, 0.0 pedestrian_killed, Fair (Day), EDSA U Turn Slot Fronting INC., Bgy. Bago Bantay Quezon City",MMDA Road Safety Unit,,e5aa5400-f35a-41de-962e-e1338e0d5c82,2012-06-03,02:00:00,EDSA Kamias Road Quezon City,0,0,0,0,0,0,0,0,0,0,2012-06-03 10:00,Property,14.6571804,120.9927185,No Collision Stated
None,EDSA,None,None,"No Accident Factor, No Collision Stated (based on Police Blotter Book), 0.0 drivers_injured, 0.0 drivers_killed, 0.0 passengers_injured, 0.0 passengers_killed, 0.0 pedestrian_injured, 0.0 pedestrian_killed, Fair (Night), EDSA Fronting Cloverleaf Market., Bgy. Balingasa Quezon City",MMDA Road Safety Unit,,9ba4fbc2-fd70-468c-87c7-4d65939dc30e,2012-06-02,21:00:00,"EDSA North Ave., Bgy. Bagong Pag-asa Quezon City",0,0,0,0,0,0,0,0,0,0,2012-06-03 5:00,Property,14.65731339,121.000715,No Collision Stated
None,EDSA,None,None,"No Accident Factor, No Collision Stated (based on Police Blotter Book), 0.0 drivers_injured, 0.0 drivers_killed, 0.0 passengers_injured, 0.0 passengers_killed, 0.0 pedestrian_injured, 0.0 pedestrian_killed, Fair (Night), EDSA Roosevelt Ave. Quezon City",MMDA Road Safety Unit,,18ab6160-5e58-4ea8-b58f-094bcdabc41c,2012-06-02,10:30:00,EDSA Congressional Ave. Quezon City,0,0,0,0,0,0,0,0,0,0,2012-06-02 18:30,Property,14.65762047,121.0196373,No Collision Stated
None,EDSA,None,None,"No Accident Factor, No Collision Stated (based on Police Blotter Book), 0.0 drivers_injured, 0.0 drivers_killed, 0.0 passengers_injured, 0.0 passengers_killed, 0.0 pedestrian_injured, 0.0 pedestrian_killed, Fair (Day), EDSA North Ave. Quezon City",MMDA Road Safety Unit,,ef8bfedb-75a7-4478-9e19-ace5e081b2c9,2012-06-02,05:20:00,EDSA Cloverleaf Quezon City,0,0,0,0,0,0,0,0,0,0,2012-06-02 13:20,Property,14.65553839,121.0299647,No Collision Stated
None,EDSA,None,None,"No Accident Factor, Side Swipe, 0.0 drivers_injured, 0.0 drivers_killed, 0.0 passengers_injured, 0.0 passengers_killed, 0.0 pedestrian_injured, 0.0 pedestrian_killed, Fair (Day), EDSA fronting Baliwag Bus Terminal Brgy. E. Rodriguez Quezon City",MMDA Road Safety Unit,,c1db93ee-d1b2-4734-a3be-be4087149beb,2012-06-02,01:00:00,EDSA Bansalangin brgy. Veterans Quezon City,0,0,0,0,0,0,0,0,0,0,2012-06-02 9:00,Property,14.62497658,121.0487035,Side Swipe
None,EDSA,None,None,"No Accident Factor, No Collision Stated (based on Police Blotter Book), 0.0 drivers_injured, 0.0 drivers_killed, 0.0 passengers_injured, 0.0 passengers_killed, 0.0 pedestrian_injured, 0.0 pedestrian_killed, Fair (Night), EDSA Fronting INC Bgy. Sto. Cristo Quezon City",MMDA Road Safety Unit,,c15a87b2-96e0-4b4d-9687-d114776486ed,2012-06-01,14:30:00,EDSA before Panay Avenue / Mc Donalds Quezon City,0,0,0,0,0,0,0,0,0,0,2012-06-01 22:30,Property,14.65749652,121.0222666,No Collision Stated
None,EDSA,None,None,"No Accident Factor, Rear-end, 0.0 drivers_injured, 0.0 drivers_killed, 0.0 passengers_injured, 0.0 passengers_killed, 0.0 pedestrian_injured, 0.0 pedestrian_killed, Fair (Night), EDSA Roosevelt Ave. Bgy. Katipu Quezon City",MMDA Road Safety Unit,,959fe7fa-a345-483d-a954-edf5bb252d03,2012-06-01,13:30:00,"EDSA fronting Nepa-Q Mart, before Ermin Garcia St. (Minnesota) Quezon City",0,0,0,0,0,0,0,0,0,0,2012-06-01 21:30,Property,14.65762047,121.0196373,Rear-End
None,EDSA,None,None,"No Accident Factor, No Collision Stated (based on Police Blotter Book), 0.0 drivers_injured, 0.0 drivers_killed, 0.0 passengers_injured, 0.0 passengers_killed, 0.0 pedestrian_injured, 0.0 pedestrian_killed, Fair (Night), EDSA Fronting INC Bgy. R. Magsaysay Quezon City",MMDA Road Safety Unit,,8a612fba-df1e-4a43-b8a9-afa72f5da6d8,2012-06-01,13:00:00,EDSA Camp Crame Gate 1 Quezon City,0,0,0,0,0,0,0,0,0,0,2012-06-01 21:00,Property,14.65749652,121.0222666,No Collision Stated
None,EDSA,None,None,"No Accident Factor, Side Swipe, 0.0 drivers_injured, 0.0 drivers_killed, 0.0 passengers_injured, 0.0 passengers_killed, 0.0 pedestrian_injured, 0.0 pedestrian_killed, Fair (Night), EDSA Roosevelt Ave. Bgy. Katipu Quezon City",MMDA Road Safety Unit,,b3981e30-1ff7-44ee-85b0-a005fc513500,2012-06-01,12:45:00,"EDSA Mindanao ext., Pag-asa Quezon City",0,0,0,0,0,0,0,0,0,0,2012-06-01 20:45,Property,14.65762047,121.0196373,Side Swipe
None,EDSA,None,None,"No Accident Factor, No Collision Stated (based on Police Blotter Book), 0.0 drivers_injured, 0.0 drivers_killed, 1.0 passengers_injured, 0.0 passengers_killed, 0.0 pedestrian_injured, 0.0 pedestrian_killed, Fair (Day), EDSA East Avenue Quezon City",MMDA Road Safety Unit,,f55c29f1-bf84-46cd-9e0c-6d5b76cfbc56,2012-05-31,23:30:00,"EDSA fronting Trinoma Mall, brgy. Pag-asa Quezon City",0,0,0,0,1,0,0,0,0,1,2012-06-01 7:30,Injury,14.6328297,121.0451176,No Collision Stated
None,EDSA,None,None,"No Accident Factor, Angle Impact, 0.0 drivers_injured, 0.0 drivers_killed, 0.0 passengers_injured, 0.0 passengers_killed, 0.0 pedestrian_injured, 0.0 pedestrian_killed, Fair (Night), EDSA fronting Five Star Bus Terminal Brgy. E. Rodriguez Quezon City",MMDA Road Safety Unit,,6ed26d10-0bb5-46f0-992f-331ebd2cb4d3,2012-05-31,16:15:00,"EDSA fronting SM Mall, brgy. Pag-asa Quezon City",0,0,0,0,0,0,0,0,0,0,2012-06-01 0:15,Property,14.62380284,121.0492837,Angle Impact
None,EDSA,None,None,"No Accident Factor, Hit Object (Barrier-Concrete), 0.0 drivers_injured, 0.0 drivers_killed, 0.0 passengers_injured, 0.0 passengers_killed, 0.0 pedestrian_injured, 0.0 pedestrian_killed, Fair (Night), EDSA Fronting San Roque Near Trinoma Mall Quezon City",MMDA Road Safety Unit,,f37f1a61-fb2c-414e-9361-7c804d8af7b2,2012-05-31,13:30:00,"EDSA Mindanao Ave., ext. Pag-asa Quezon City",0,0,0,0,0,0,0,0,0,0,2012-05-31 21:30,Property,14.65314685,121.0313122,Hit Object
None,EDSA,None,None,"No Accident Factor, Rear-end, 0.0 drivers_injured, 0.0 drivers_killed, 0.0 passengers_injured, 0.0 passengers_killed, 0.0 pedestrian_injured, 0.0 pedestrian_killed, Fair (Night), EDSA fronting Gate 3 Camp Aguinaldo Quezon City",MMDA Road Safety Unit,,e896013a-951c-4087-ae6e-82be2c558352,2012-05-31,10:40:00,EDSA Quezon Avenue Inside Certis Compd. Quezon City,0,0,0,0,0,0,0,0,0,0,2012-05-31 18:40,Property,14.60475566,121.0580111,Rear-End
None,EDSA,None,None,"No Accident Factor, No Collision Stated (based on Police Blotter Book), 0.0 drivers_injured, 0.0 drivers_killed, 0.0 passengers_injured, 0.0 passengers_killed, 0.0 pedestrian_injured, 0.0 pedestrian_killed, Fair (Day), EDSA Before New York St. Quezon City",MMDA Road Safety Unit,,9387620b-0f54-411c-a333-b31f551cdeb4,2012-05-31,08:00:00,EDSA before Misamis St. Quezon City,0,0,0,0,0,0,0,0,0,0,2012-05-31 16:00,Property,14.62587718,121.048035,No Collision Stated
None,EDSA,None,None,"No Accident Factor, Side Swipe, 0.0 drivers_injured, 0.0 drivers_killed, 0.0 passengers_injured, 0.0 passengers_killed, 0.0 pedestrian_injured, 0.0 pedestrian_killed, Fair (Day), EDSA East Avenue Quezon City",MMDA Road Safety Unit,,3b14de63-88cc-484c-af8a-6da60353bf8e,2012-05-31,05:30:00,EDSA Gma Network Drive Quezon City,0,0,0,0,0,0,0,0,0,0,2012-05-31 13:30,Property,14.6328297,121.0451176,Side Swipe
None,EDSA,None,None,"No Accident Factor, No Collision Stated (based on Police Blotter Book), 0.0 drivers_injured, 0.0 drivers_killed, 0.0 passengers_injured, 0.0 passengers_killed, 0.0 pedestrian_injured, 0.0 pedestrian_killed, Fair (Night), EDSA near Oliveros St., Bgy. Ug Sigaw Quezon City",MMDA Road Safety Unit,,1ba602ce-9f79-4c0c-9794-632b21d09ef2,2012-05-30,12:40:00,"EDSA U-Turn Slot, Quezon Ave. Quezon City",0,0,0,0,0,0,0,0,0,0,2012-05-30 20:40,Property,14.65750897,121.0065913,No Collision Stated
None,EDSA,None,None,"No Accident Factor, No Collision Stated (based on Police Blotter Book), 0.0 drivers_injured, 0.0 drivers_killed, 0.0 passengers_injured, 0.0 passengers_killed, 0.0 pedestrian_injured, 0.0 pedestrian_killed, Fair (Night), EDSA fronting SM Annex Brgy. Sto. Cristo Quezon City",MMDA Road Safety Unit,,0313e190-74d5-4f8c-99e0-50455d2777a6,2012-05-30,12:30:00,EDSA New York St. Quezon City,0,0,0,0,0,0,0,0,0,0,2012-05-30 20:30,Property,14.6565149,121.0265678,No Collision Stated
None,EDSA,None,None,"No Accident Factor, No Collision Stated (based on Police Blotter Book), 0.0 drivers_injured, 0.0 drivers_killed, 0.0 passengers_injured, 0.0 passengers_killed, 0.0 pedestrian_injured, 0.0 pedestrian_killed, Fair (Day), EDSA North Ave. Pag Asa Quezon City",MMDA Road Safety Unit,,434dbf58-3743-44a1-8424-bd847818b7e7,2012-05-29,08:15:00,EDSA Cloverleaf Interchange Balintawak Quezon City,0,0,0,0,0,0,0,0,0,0,2012-05-29 16:15,Property,14.65553839,121.0299647,No Collision Stated
None,EDSA,None,None,"No Accident Factor, No Collision Stated (based on Police Blotter Book), 1.0 drivers_injured, 0.0 drivers_killed, 0.0 passengers_injured, 0.0 passengers_killed, 0.0 pedestrian_injured, 0.0 pedestrian_killed, Fair (Day), EDSA Near Oliveros Drive Quezon City",MMDA Road Safety Unit,,058615bc-b2bf-46cb-ba9a-c3f2c86629f9,2012-05-29,08:00:00,EDSA before Kamuning Road Quezon City,0,0,0,1,0,0,0,0,0,1,2012-05-29 16:00,Injury,14.65750897,121.0065913,No Collision Stated
None,EDSA,None,None,"No Accident Factor, Rear-end, 0.0 drivers_injured, 0.0 drivers_killed, 0.0 passengers_injured, 0.0 passengers_killed, 0.0 pedestrian_injured, 0.0 pedestrian_killed, Fair (Day), EDSA Corregidor St.   Quezon City",MMDA Road Safety Unit,,9d62bb41-521d-4bb1-8ff9-5bd74fd5fb38,2012-05-29,07:30:00,EDSA after P. Tuazon Blvd. Overpass Cubao Quezon City,0,0,0,0,0,0,0,0,0,0,2012-05-29 15:30,Property,14.65707679,121.0241648,Rear-End
None,EDSA,None,None,"No Accident Factor, No Collision Stated (based on Police Blotter Book), 0.0 drivers_injured, 0.0 drivers_killed, 0.0 passengers_injured, 0.0 passengers_killed, 0.0 pedestrian_injured, 0.0 pedestrian_killed, Fair (Day), EDSA Corregidor St.   Quezon City",MMDA Road Safety Unit,,0e081bf1-814b-45dc-9e4f-b6c267ef69f1,2012-05-27,22:45:00,EDSA before Quezon Ave. Quezon City,0,0,0,0,0,0,0,0,0,0,2012-05-28 6:45,Property,14.65707679,121.0241648,No Collision Stated
None,EDSA,None,None,"No Accident Factor, No Collision Stated (based on Police Blotter Book), 0.0 drivers_injured, 0.0 drivers_killed, 0.0 passengers_injured, 0.0 passengers_killed, 0.0 pedestrian_injured, 0.0 pedestrian_killed, Fair (Night), EDSA After Quezon Ave. Brgy. East Triagle Quezon City",MMDA Road Safety Unit,,d0cd6f7c-d766-4553-b3ae-3590a5cd1f1c,2012-05-25,18:00:00,EDSA fronting Balintawak Market Quezon City,0,0,0,0,0,0,0,0,0,0,2012-05-26 2:00,Property,14.64373578,121.0378108,No Collision Stated
None,EDSA,None,None,"No Accident Factor, Hit Object (Gutter), 0.0 drivers_injured, 0.0 drivers_killed, 0.0 passengers_injured, 0.0 passengers_killed, 0.0 pedestrian_injured, 0.0 pedestrian_killed, Fair (Night), EDSA West Ave., Brgy. Phil Am Quezon City",MMDA Road Safety Unit,,3b12bdf3-28b5-4adc-bb4c-68e5c234fe1c,2012-05-25,17:45:00,EDSA fronting Wilcon Warehouse Quezon City,0,0,0,0,0,0,0,0,0,0,2012-05-26 1:45,Property,14.65548924,121.0298079,Hit Object
None,EDSA,None,None,"No Accident Factor, Hit and Run (No Collision Stated), 0.0 drivers_injured, 0.0 drivers_killed, 0.0 passengers_injured, 0.0 passengers_killed, 0.0 pedestrian_injured, 0.0 pedestrian_killed, Fair (Night), EDSA Before E. Garcia St. Quezon City",MMDA Road Safety Unit,,18c67a96-bbe8-4cbf-aa4b-f9b7af3e0e5f,2012-05-25,15:05:00,EDSA Oliveros Drive Quezon City,0,0,0,0,0,0,0,0,0,0,2012-05-25 23:05,Property,14.62762535,121.047219,No Collision Stated
None,EDSA,None,None,"No Accident Factor, No Collision Stated (based on Police Blotter Book), 0.0 drivers_injured, 0.0 drivers_killed, 0.0 passengers_injured, 0.0 passengers_killed, 0.0 pedestrian_injured, 0.0 pedestrian_killed, Fair (Night), EDSA Royal Balintawak Quezon City",MMDA Road Safety Unit,,3c82de49-b248-42d8-844a-3a1c59dc6f7c,2012-05-25,14:30:00,"EDSA at ""U"" turn slot, Between Santolan Road & Camp Crame Gate 1 Quezon City",0,0,0,0,0,0,0,0,0,0,2012-05-25 22:30,Property,14.65767141,121.0107008,No Collision Stated
None,EDSA,None,None,"No Accident Factor, No Collision Stated (based on Police Blotter Book), 0.0 drivers_injured, 0.0 drivers_killed, 0.0 passengers_injured, 0.0 passengers_killed, 0.0 pedestrian_injured, 0.0 pedestrian_killed, Fair (Night), EDSA North Ave. Quezon City",MMDA Road Safety Unit,,e32ba19b-b080-4006-a872-2cd554503db1,2012-05-25,14:00:00,EDSA fronting Trinoma Quezon City,0,0,0,0,0,0,0,0,0,0,2012-05-25 22:00,Property,14.65553839,121.0299647,No Collision Stated
None,EDSA,None,None,"No Accident Factor, No Collision Stated (based on Police Blotter Book), 1.0 drivers_injured, 0.0 drivers_killed, 0.0 passengers_injured, 0.0 passengers_killed, 0.0 pedestrian_injured, 0.0 pedestrian_killed, Fair (Night), EDSA Fema Road   Quezon City",MMDA Road Safety Unit,,fdbfc2d8-e504-45da-b6d7-6c562c8a1963,2012-05-25,13:00:00,"EDSA Corregidor St., Bgy. Ramon Magsaysay Quezon City",0,0,0,1,0,0,0,0,0,1,2012-05-25 21:00,Injury,14.65776837,121.0159521,No Collision Stated
None,EDSA,None,None,"No Accident Factor, Rear-end, 0.0 drivers_injured, 0.0 drivers_killed, 0.0 passengers_injured, 0.0 passengers_killed, 0.0 pedestrian_injured, 0.0 pedestrian_killed, Fair (Night), EDSA Fronting SM North   Quezon City",MMDA Road Safety Unit,,e8bc01e7-9b39-402c-8988-876ea0e31d82,2012-05-25,10:20:00,EDSA Whiteplains Avenue Quezon City,0,0,0,0,0,0,0,0,0,0,2012-05-25 18:20,Property,14.65591384,121.0291263,Rear-End
None,EDSA,None,None,"No Accident Factor, Rear-end, 0.0 drivers_injured, 0.0 drivers_killed, 0.0 passengers_injured, 0.0 passengers_killed, 0.0 pedestrian_injured, 0.0 pedestrian_killed, Fair (Night), EDSA Santolan Quezon City",MMDA Road Safety Unit,,9690ef7f-d266-49eb-b72e-365bf21297ad,2012-05-23,11:45:00,EDSA before South Ave. / Timog Ave. Quezon City,0,0,0,0,0,0,0,0,0,0,2012-05-23 19:45,Property,14.6102736,121.0552175,Rear-End
None,EDSA,None,None,"No Accident Factor, Hit and Run (Side Swipe), 0.0 drivers_injured, 0.0 drivers_killed, 0.0 passengers_injured, 0.0 passengers_killed, 0.0 pedestrian_injured, 0.0 pedestrian_killed, Fair (Day), EDSA Between Sct. Borromeo St. & GMA Drive Quezon City",MMDA Road Safety Unit,,384cb930-c112-4b53-805d-03f0c5438278,2012-05-22,01:40:00,"EDSA Congressional Ave., Bgy. Ramon Magsaysay Quezon City",0,0,0,0,0,0,0,0,0,0,2012-05-22 9:40,Property,14.63615381,121.0426275,Side Swipe
None,EDSA,None,None,"No Accident Factor, No Collision Stated (based on Police Blotter Book), 0.0 drivers_injured, 0.0 drivers_killed, 0.0 passengers_injured, 0.0 passengers_killed, 0.0 pedestrian_injured, 0.0 pedestrian_killed, Fair (Day), EDSA Panay Ave. Quezon City",MMDA Road Safety Unit,,78d33724-0238-4ff2-8bdd-bf1e8dbc0aaa,2012-05-21,22:35:00,"EDSA Misamis St., Pag-asa Quezon City",0,0,0,0,0,0,0,0,0,0,2012-05-22 6:35,Property,14.64294686,121.0381076,No Collision Stated
None,EDSA,None,None,"No Accident Factor, Angle Impact, 0.0 drivers_injured, 0.0 drivers_killed, 0.0 passengers_injured, 0.0 passengers_killed, 0.0 pedestrian_injured, 0.0 pedestrian_killed, Fair (Night), EDSA fronting Baliwag Transit Terminal  Quezon City",MMDA Road Safety Unit,,1af9d3dd-33d4-4e70-8152-00622f33b936,2012-05-21,14:00:00,EDSA fronting Gate 3 of Camp Aguinaldo Quezon City,0,0,0,0,0,0,0,0,0,0,2012-05-21 22:00,Property,14.62497658,121.0487035,Angle Impact
None,EDSA,None,None,"No Accident Factor, Side Swipe, 0.0 drivers_injured, 0.0 drivers_killed, 0.0 passengers_injured, 0.0 passengers_killed, 0.0 pedestrian_injured, 0.0 pedestrian_killed, Fair (Day), EDSA Bansalangin St. Brgy. Veterans Quezon City",MMDA Road Safety Unit,,751a0377-2963-4a70-babd-f4b937eca55a,2012-05-21,07:15:00,"EDSA Bansalangin St., brgy. Veternas Quezon City",0,0,0,0,0,0,0,0,0,0,2012-05-21 15:15,Property,14.6567996,121.0241845,Side Swipe
None,EDSA,None,None,"No Accident Factor, No Collision Stated (based on Police Blotter Book), 0.0 drivers_injured, 0.0 drivers_killed, 0.0 passengers_injured, 0.0 passengers_killed, 0.0 pedestrian_injured, 0.0 pedestrian_killed, Fair (Day), EDSA North Ave. Brgy. Bagong Pag-Asa Quezon City",MMDA Road Safety Unit,,b7c646c2-4c97-4067-8764-198aae8404f4,2012-05-21,02:00:00,"EDSA Congressional Ave., Bgy. Ramon Magsaysay Quezon City",0,0,0,0,0,0,0,0,0,0,2012-05-21 10:00,Property,14.65553839,121.0299647,No Collision Stated
None,EDSA,None,None,"No Accident Factor, No Collision Stated (based on Police Blotter Book), 0.0 drivers_injured, 0.0 drivers_killed, 0.0 passengers_injured, 0.0 passengers_killed, 0.0 pedestrian_injured, 0.0 pedestrian_killed, Fair (Day), EDSA Kaingin Road  Quezon City",MMDA Road Safety Unit,,98104d12-2532-4fc5-acd8-95ae2349d00e,2012-05-18,23:30:00,"EDSA Total gas Stn., Balintawak Quezon City",0,0,0,0,0,0,0,0,0,0,2012-05-19 7:30,Property,14.65746493,121.0109963,No Collision Stated
None,EDSA,None,None,"No Accident Factor, No Collision Stated (based on Police Blotter Book), 0.0 drivers_injured, 0.0 drivers_killed, 0.0 passengers_injured, 0.0 passengers_killed, 0.0 pedestrian_injured, 0.0 pedestrian_killed, Fair (Day), EDSA fronting Caltex Gas Stn. Brgy. Ug Sigaw Quezon City",MMDA Road Safety Unit,,593b227a-1b3f-42fb-b0f4-4bee4c78f3bc,2012-05-18,09:50:00,EDSA New York St. Quezon City,0,0,0,0,0,0,0,0,0,0,2012-05-18 17:50,Property,14.65711447,120.9925052,No Collision Stated
None,EDSA,None,None,"No Accident Factor, Side Swipe, 0.0 drivers_injured, 0.0 drivers_killed, 0.0 passengers_injured, 0.0 passengers_killed, 0.0 pedestrian_injured, 0.0 pedestrian_killed, Fair (Day), EDSA After P. Tuazon Blvd. Quezon City",MMDA Road Safety Unit,,3e236f06-cba1-4993-8278-07529cb91854,2012-05-17,22:00:00,EDSA New York St. Quezon City,0,0,0,0,0,0,0,0,0,0,2012-05-18 6:00,Property,14.61646666,121.0523883,Side Swipe
None,EDSA,None,None,"No Accident Factor, Side Swipe, 0.0 drivers_injured, 0.0 drivers_killed, 0.0 passengers_injured, 0.0 passengers_killed, 0.0 pedestrian_injured, 0.0 pedestrian_killed, Fair (Night), EDSA Between Quezon Avenue&Panay Avenue/7-11 Quezon City",MMDA Road Safety Unit,,318d0f6d-cb75-473f-aba7-f8262f7f7901,2012-05-17,15:30:00,"EDSA Fema Road, brgy. Bahay Toro Quezon City",0,0,0,0,0,0,0,0,0,0,2012-05-17 23:30,Property,14.64351075,121.0378947,Side Swipe
None,EDSA,None,None,"No Accident Factor, Rear-end, 0.0 drivers_injured, 0.0 drivers_killed, 0.0 passengers_injured, 0.0 passengers_killed, 0.0 pedestrian_injured, 0.0 pedestrian_killed, Fair (Night), EDSA Kaingin Road Brgy. A. Samson Quezon City",MMDA Road Safety Unit,,6b8b7c7a-bb51-468f-861c-093f2f5048c5,2012-05-17,14:00:00,EDSA fronting Balintawak Market Quezon City,0,0,0,0,0,0,0,0,0,0,2012-05-17 22:00,Property,14.65746493,121.0109963,Rear-End
None,EDSA,None,None,"No Accident Factor, No Collision Stated (based on Police Blotter Book), 0.0 drivers_injured, 0.0 drivers_killed, 0.0 passengers_injured, 0.0 passengers_killed, 0.0 pedestrian_injured, 0.0 pedestrian_killed, Fair (Night), EDSA fronting Balintawak Market   Quezon City",MMDA Road Safety Unit,,4fc70b1b-649c-4364-a8a1-af72add20c90,2012-05-16,15:30:00,EDSA before Main Avenue / Shell Gas Station Quezon City,0,0,0,0,0,0,0,0,0,0,2012-05-16 23:30,Property,14.65736198,121.00264,No Collision Stated
None,EDSA,None,None,"No Accident Factor, No Collision Stated (based on Police Blotter Book), 0.0 drivers_injured, 0.0 drivers_killed, 0.0 passengers_injured, 0.0 passengers_killed, 0.0 pedestrian_injured, 0.0 pedestrian_killed, Fair (Day), EDSA Misamis St. Brgy. Sto Cristo Quezon City",MMDA Road Safety Unit,,8e70ed8a-a5e6-4381-98d1-69554532869c,2012-05-16,08:30:00,EDSA Aurora Blvd. Quezon City,0,0,0,0,0,0,0,0,0,0,2012-05-16 16:30,Property,14.65602348,121.0285212,No Collision Stated
None,EDSA,None,None,"No Accident Factor, Side Swipe, 0.0 drivers_injured, 0.0 drivers_killed, 0.0 passengers_injured, 0.0 passengers_killed, 0.0 pedestrian_injured, 0.0 pedestrian_killed, Fair (Day), EDSA Misamis St. Brgy. R. Magsaysay Quezon City",MMDA Road Safety Unit,,c01bd0ef-35d3-47ea-94d0-f6467da7a7e3,2012-05-16,07:30:00,"EDSA fronting Walter Mart, brgy. Katipu Quezon City",0,0,0,0,0,0,0,0,0,0,2012-05-16 15:30,Property,14.65602348,121.0285212,Side Swipe
None,EDSA,None,None,"No Accident Factor, No Collision Stated (based on Police Blotter Book), 0.0 drivers_injured, 0.0 drivers_killed, 0.0 passengers_injured, 0.0 passengers_killed, 0.0 pedestrian_injured, 0.0 pedestrian_killed, Fair (Day), EDSA Quezon Ave. Quezon City",MMDA Road Safety Unit,,7751557e-b73a-4145-8b55-9e674f0c47cb,2012-05-16,07:15:00,EDSA Cloverleaf Quezon City,0,0,0,0,0,0,0,0,0,0,2012-05-16 15:15,Property,14.6442444,121.0375839,No Collision Stated
None,EDSA,None,None,"No Accident Factor, Side Swipe, 0.0 drivers_injured, 0.0 drivers_killed, 0.0 passengers_injured, 0.0 passengers_killed, 0.0 pedestrian_injured, 0.0 pedestrian_killed, Fair (Day), EDSA at ""U"" turn slot, GMA-7 Quezon City",MMDA Road Safety Unit,,fd48aa26-f4b1-4601-9f2c-7d893fbe3ef5,2012-05-16,01:45:00,EDSA West Ave. Quezon City,0,0,0,0,0,0,0,0,0,0,2012-05-16 9:45,Property,14.633787,121.04437,Side Swipe
None,EDSA,None,None,"No Accident Factor, No Collision Stated (based on Police Blotter Book), 0.0 drivers_injured, 0.0 drivers_killed, 0.0 passengers_injured, 0.0 passengers_killed, 0.0 pedestrian_injured, 0.0 pedestrian_killed, Fair (Night), EDSA fronting SM North Brgy. Bagong Pag Asa Quezon City",MMDA Road Safety Unit,,e44b6c21-9791-432c-816c-bcefeb690385,2012-05-15,12:15:00,EDSA before K-3rd St. Quezon City,0,0,0,0,0,0,0,0,0,0,2012-05-15 20:15,Property,14.65591384,121.0291263,No Collision Stated
None,EDSA,None,None,"No Accident Factor, Rear-end, 0.0 drivers_injured, 0.0 drivers_killed, 0.0 passengers_injured, 0.0 passengers_killed, 0.0 pedestrian_injured, 0.0 pedestrian_killed, Fair (Day), EDSA North Ave. Extn. Brgy. Bagong Pag-Asa Quezon City",MMDA Road Safety Unit,,04a49ed0-c7d9-4135-91a5-22612aef502f,2012-05-15,03:10:00,"EDSA Congressional Ave., Bgy. Ramon Magsaysay Quezon City",0,0,0,0,0,0,0,0,0,0,2012-05-15 11:10,Property,14.65553839,121.0299647,Rear-End
None,EDSA,None,None,"No Accident Factor, No Collision Stated (based on Police Blotter Book), 0.0 drivers_injured, 0.0 drivers_killed, 0.0 passengers_injured, 0.0 passengers_killed, 0.0 pedestrian_injured, 0.0 pedestrian_killed, Fair (Night), EDSA Cloverleaf Quezon City",MMDA Road Safety Unit,,b843b35c-9b34-4d6d-8740-1740479a7fbc,2012-05-14,21:30:00,"EDSA at ""U"" turn slot, before Centris Pagb Asa  Quezon City",0,0,0,0,0,0,0,0,0,0,2012-05-15 5:30,Property,14.65747901,121.0011914,No Collision Stated
None,EDSA,None,None,"No Accident Factor, No Collision Stated (based on Police Blotter Book), 0.0 drivers_injured, 0.0 drivers_killed, 0.0 passengers_injured, 0.0 passengers_killed, 0.0 pedestrian_injured, 0.0 pedestrian_killed, Fair (Day), EDSA  before Roosevelt Ave., Katipu Quezon City",MMDA Road Safety Unit,,4fd10de0-7715-4bed-b6a8-0e4d834f33c5,2012-05-13,04:30:00,"EDSA after Waltermart, brgy. Katipu Quezon City",0,0,0,0,0,0,0,0,0,0,2012-05-13 12:30,Property,14.65759998,121.0193367,No Collision Stated