LOCATION_TEXT,ROAD,WEATHER,LIGHT,DESC,REPORTING_AGENCY,MAIN_CAUSE,INCIDENTDETAILS_ID,DATE_UTC,TIME_UTC,ADDRESS,killed_driver,killed_passenger,killed_pedestrian,injured_driver,injured_passenger,injured_pedestrian,killed_uncategorized,injured_uncategorized,killed_total,injured_total,DATETIME_PST,SEVERITY,Y,X,COLLISION_TYPE
None,EDSA,None,None,"No Accident Factor, No Collision Stated (based on Police Blotter Book), 0.0 drivers_injured, 0.0 drivers_killed, 3.0 passengers_injured, 0.0 passengers_killed, 0.0 pedestrian_injured, 0.0 pedestrian_killed, Fair (Night), EDSA Kamuning Road Quezon City",MMDA Road Safety Unit,,56ae77aa-9205-452d-872b-d51835c3c16d,2012-05-12,19:30:00,EDSA Fronting Lemon Square Bldg. Near Roosevelt Ave. Quezon City,0,0,0,0,3,0,0,0,0,3,2012-05-13 3:30,Injury,14.63075725,121.0457548,No Collision Stated
None,EDSA,None,None,"No Accident Factor, No Collision Stated (based on Police Blotter Book), 0.0 drivers_injured, 0.0 drivers_killed, 0.0 passengers_injured, 0.0 passengers_killed, 0.0 pedestrian_injured, 0.0 pedestrian_killed, Fair (Night), EDSA at ""U"" turn slot, Mapagmahal St. Quezon City",MMDA Road Safety Unit,,d2539691-5020-4b65-8588-f78a58e70686,2012-05-12,12:20:00,EDSA Victory Liner Bus Terminal Quezon City,0,0,0,0,0,0,0,0,0,0,2012-05-12 20:20,Property,14.63196362,121.045307,No Collision Stated
None,EDSA,None,None,"No Accident Factor, Rear-end, 0.0 drivers_injured, 0.0 drivers_killed, 0.0 passengers_injured, 0.0 passengers_killed, 0.0 pedestrian_injured, 0.0 pedestrian_killed, Fair (Day), EDSA  Main Ave. Quezon City",MMDA Road Safety Unit,,2448e6fe-7630-4ebc-a9c9-0a28cb49dae1,2012-05-12,04:15:00,EDSA Aurora Blvd. Brgy. E. Rodriguez Quezon City,0,0,0,0,0,0,0,0,0,0,2012-05-12 12:15,Property,14.61366838,121.0537266,Rear-End
None,EDSA,None,None,"No Accident Factor, Hit and Run (No Collision Stated), 1.0 drivers_injured, 0.0 drivers_killed, 0.0 passengers_injured, 0.0 passengers_killed, 0.0 pedestrian_injured, 0.0 pedestrian_killed, Fair (Day), EDSA  before Quezon Ave. Quezon City",MMDA Road Safety Unit,,df682266-c8bf-484e-a073-b6f49987adce,2012-05-12,00:00:00,EDSA North Ave. Quezon City,0,0,0,1,0,0,0,0,0,1,2012-05-12 8:00,Injury,14.64407857,121.0376309,No Collision Stated
None,EDSA,None,None,"No Accident Factor, No Collision Stated (based on Police Blotter Book), 0.0 drivers_injured, 0.0 drivers_killed, 0.0 passengers_injured, 0.0 passengers_killed, 0.0 pedestrian_injured, 0.0 pedestrian_killed, Fair (Night), EDSA New York St., Dagupan Bus Terminal Quezon City",MMDA Road Safety Unit,,74af2edb-0ff0-47cf-bb55-83cd11c08658,2012-05-11,21:30:00,"EDSA at ""U"" turn slot, before Kamuning Road Quezon City",0,0,0,0,0,0,0,0,0,0,2012-05-12 5:30,Property,14.62568514,121.0482307,No Collision Stated
None,EDSA,None,None,"No Accident Factor, Hit and Run (No Collision Stated), 0.0 drivers_injured, 0.0 drivers_killed, 0.0 passengers_injured, 0.0 passengers_killed, 0.0 pedestrian_injured, 0.0 pedestrian_killed, Fair (Night), EDSA East Avenue Quezon City",MMDA Road Safety Unit,,f72c15b8-e2af-4783-adf4-0a3b9eda1656,2012-05-11,13:30:00,EDSA Quezon Ave. Brgy. West Triangle Quezon City,0,0,0,0,0,0,0,0,0,0,2012-05-11 21:30,Property,14.6328297,121.0451176,No Collision Stated
None,EDSA,None,None,"No Accident Factor, Side Swipe, 1.0 drivers_injured, 0.0 drivers_killed, 0.0 passengers_injured, 0.0 passengers_killed, 0.0 pedestrian_injured, 0.0 pedestrian_killed, Fair (Day), EDSA Before Whiteplains Avenue Brgy. Ugong Norte Quezon City",MMDA Road Safety Unit,,55779f03-2ab9-4aed-8642-d4296817123c,2012-05-11,06:45:00,EDSA before Camp Aguinaldo Gate 4 Quezon City,0,0,0,1,0,0,0,0,0,1,2012-05-11 14:45,Injury,14.59936087,121.0598067,Side Swipe
None,EDSA,None,None,"No Accident Factor, Hit and Run (Side Swipe), 0.0 drivers_injured, 0.0 drivers_killed, 0.0 passengers_injured, 0.0 passengers_killed, 0.0 pedestrian_injured, 0.0 pedestrian_killed, Fair (Day), EDSA Kamuning Road, QCPD Station 10 Quezon City",MMDA Road Safety Unit,,5ba15b7f-e4e1-4e3b-abad-d29578aeae0b,2012-05-11,05:00:00,EDSA Quezon Ave. Quezon City,0,0,0,0,0,0,0,0,0,0,2012-05-11 13:00,Property,14.62993328,121.0461501,Side Swipe
None,EDSA,None,None,"No Accident Factor, Hit and Run (Rear-end), 0.0 drivers_injured, 0.0 drivers_killed, 0.0 passengers_injured, 0.0 passengers_killed, 0.0 pedestrian_injured, 0.0 pedestrian_killed, Fair (Day), EDSA beside ""U"" turn slot, before Santolan Road Quezon City",MMDA Road Safety Unit,,f86c1fec-ad47-4271-92a4-e4f234e86d54,2012-05-11,04:20:00,EDSA Between Quezon Avenue / Panay Avenue Quezon City,0,0,0,0,0,0,0,0,0,0,2012-05-11 12:20,Property,14.61148946,121.0547894,Rear-End
None,EDSA,None,None,"No Accident Factor, Hit and Run (No Collision Stated), 0.0 drivers_injured, 0.0 drivers_killed, 0.0 passengers_injured, 0.0 passengers_killed, 0.0 pedestrian_injured, 0.0 pedestrian_killed, Fair (Night), EDSA  fronting Waltermart, Bgy. Katipu Quezon City",MMDA Road Safety Unit,,1f8b2d77-7685-464b-80e2-4ce7db34047c,2012-05-10,11:30:00,"EDSA at ""U"" turn slot, Go Soc Compd. A. Samson Quezon City",0,0,0,0,0,0,0,0,0,0,2012-05-10 19:30,Property,14.65751818,121.0209052,No Collision Stated
None,EDSA,None,None,"No Accident Factor, Side Swipe, 0.0 drivers_injured, 0.0 drivers_killed, 0.0 passengers_injured, 0.0 passengers_killed, 0.0 pedestrian_injured, 0.0 pedestrian_killed, Fair (Day), EDSA Misamis St. Quezon City",MMDA Road Safety Unit,,17b4306d-23cc-4fb8-9310-d483e2bc20c0,2012-05-10,05:30:00,EDSA before Ermin Garcia St. / Ramon Magsaysay High School Quezon City,0,0,0,0,0,0,0,0,0,0,2012-05-10 13:30,Property,14.65602348,121.0285212,Side Swipe
None,EDSA,None,None,"No Accident Factor, Side Swipe, 0.0 drivers_injured, 0.0 drivers_killed, 0.0 passengers_injured, 0.0 passengers_killed, 0.0 pedestrian_injured, 0.0 pedestrian_killed, Fair (Night), EDSA Cloverleaf, Bgy. Ug Sigaw Quezon City",MMDA Road Safety Unit,,66a2c5e7-5b9f-4a84-8f2f-5bcb3301b922,2012-05-09,13:30:00,"EDSA at ""U"" turn slot, before Quezon Ave. Quezon City",0,0,0,0,0,0,0,0,0,0,2012-05-09 21:30,Property,14.65746606,120.9995951,Side Swipe
None,EDSA,None,None,"No Accident Factor, Rear-end, 0.0 drivers_injured, 0.0 drivers_killed, 0.0 passengers_injured, 0.0 passengers_killed, 0.0 pedestrian_injured, 0.0 pedestrian_killed, Fair (Day), EDSA fronting Trinoma Quezon City",MMDA Road Safety Unit,,c78a6c3d-aac0-4444-8431-e5f8ab354122,2012-05-09,08:00:00,EDSA before Monte De Pledad St. Quezon City,0,0,0,0,0,0,0,0,0,0,2012-05-09 16:00,Property,14.65249719,121.0322415,Rear-End
None,EDSA,None,None,"No Accident Factor, No Collision Stated (based on Police Blotter Book), 0.0 drivers_injured, 0.0 drivers_killed, 0.0 passengers_injured, 0.0 passengers_killed, 0.0 pedestrian_injured, 0.0 pedestrian_killed, Fair (Day), EDSA Roosevelt Ave. Quezon City",MMDA Road Safety Unit,,91e27529-71a2-4dfb-9485-6b6f1f3ba8dd,2012-05-09,05:45:00,EDSA P. Tuazon Blvd. Quezon City,0,0,0,0,0,0,0,0,0,0,2012-05-09 13:45,Property,14.65762047,121.0196373,No Collision Stated
None,EDSA,None,None,"No Accident Factor, Side Swipe, 0.0 drivers_injured, 0.0 drivers_killed, 0.0 passengers_injured, 0.0 passengers_killed, 0.0 pedestrian_injured, 0.0 pedestrian_killed, Fair (Day), EDSA fronting GMA-7, before GMA Network Drive Quezon City",MMDA Road Safety Unit,,7e43669a-dbbe-438e-ac48-c030f8c8f70f,2012-05-09,01:25:00,EDSA fronting Home Depot   Quezon City,0,0,0,0,0,0,0,0,0,0,2012-05-09 9:25,Property,14.63487536,121.0435696,Side Swipe
None,EDSA,None,None,"No Accident Factor, Side Swipe, 0.0 drivers_injured, 0.0 drivers_killed, 0.0 passengers_injured, 0.0 passengers_killed, 0.0 pedestrian_injured, 0.0 pedestrian_killed, Fair (Night), EDSA before Monte De Piedad St. Quezon City",MMDA Road Safety Unit,,ed6ed0dd-276b-448f-89e3-24f2a31970e7,2012-05-08,14:45:00,EDSA Main Ave. Quezon City,0,0,0,0,0,0,0,0,0,0,2012-05-08 22:45,Property,14.62365918,121.0489951,Side Swipe
None,EDSA,None,None,"No Accident Factor, No Collision Stated (based on Police Blotter Book), 0.0 drivers_injured, 0.0 drivers_killed, 0.0 passengers_injured, 0.0 passengers_killed, 0.0 pedestrian_injured, 0.0 pedestrian_killed, Fair (Night), EDSA Bansalangin St. Quezon City",MMDA Road Safety Unit,,f78661f8-43d7-44d5-baeb-ea1e04da4f16,2012-05-08,14:45:00,EDSA Farmers Plaza Quezon City,0,0,0,0,0,0,0,0,0,0,2012-05-08 22:45,Property,14.6567996,121.0241845,No Collision Stated
None,EDSA,None,None,"No Accident Factor, No Collision Stated (based on Police Blotter Book), 0.0 drivers_injured, 0.0 drivers_killed, 0.0 passengers_injured, 0.0 passengers_killed, 0.0 pedestrian_injured, 0.0 pedestrian_killed, Fair (Day), EDSA Aurora Blvd. Quezon City",MMDA Road Safety Unit,,8261d65d-7cf1-4cdb-b36e-04c03489c624,2012-05-08,02:40:00,EDSA B. Serrano Avenue Brgy. Socorro Quezon City,0,0,0,0,0,0,0,0,0,0,2012-05-08 10:40,Property,14.62163653,121.0501573,No Collision Stated
None,EDSA,None,None,"No Accident Factor, No Collision Stated (based on Police Blotter Book), 0.0 drivers_injured, 0.0 drivers_killed, 0.0 passengers_injured, 0.0 passengers_killed, 0.0 pedestrian_injured, 0.0 pedestrian_killed, Fair (Night), EDSA Fema Road, Bgy. Bahay Toro Quezon City",MMDA Road Safety Unit,,d1dd4c13-389f-44a9-be69-30adc63e2878,2012-05-07,11:50:00,EDSA Aurora Blvd. Quezon City,0,0,0,0,0,0,0,0,0,0,2012-05-07 19:50,Property,14.65776837,121.0159521,No Collision Stated
None,EDSA,None,None,"No Accident Factor, Head-on, 0.0 drivers_injured, 0.0 drivers_killed, 0.0 passengers_injured, 0.0 passengers_killed, 0.0 pedestrian_injured, 0.0 pedestrian_killed, Fair (Day), EDSA Main Avenue Brgy. Socorro Quezon City",MMDA Road Safety Unit,,5b40a495-b0bd-407b-80d3-05d9a4fc1fd4,2012-05-07,07:45:00,EDSA West Ave. Quezon City,0,0,0,0,0,0,0,0,0,0,2012-05-07 15:45,Property,14.61376458,121.0537933,Head-On
None,EDSA,None,None,"No Accident Factor, Rear-end, 0.0 drivers_injured, 0.0 drivers_killed, 0.0 passengers_injured, 0.0 passengers_killed, 0.0 pedestrian_injured, 0.0 pedestrian_killed, Fair (Day), EDSA Baliwag Bus Terminal Brgy. Rodriguez Quezon City",MMDA Road Safety Unit,,f609e781-a83f-485e-9893-7e6e0667c37d,2012-05-07,01:25:00,EDSA West Ave. Quezon City,0,0,0,0,0,0,0,0,0,0,2012-05-07 9:25,Property,14.6244766,121.0489584,Rear-End
None,EDSA,None,None,"No Accident Factor, Rear-end, 0.0 drivers_injured, 0.0 drivers_killed, 0.0 passengers_injured, 0.0 passengers_killed, 0.0 pedestrian_injured, 0.0 pedestrian_killed, Fair (Night), EDSA Fronting Balintawak Market., Bgy. A .Samson Quezon City",MMDA Road Safety Unit,,2b43c3f2-c189-46ea-b2f2-e4a8f81f8471,2012-05-05,15:00:00,"EDSA fronting Copytrade, after Kamuning Road Quezon City",0,0,0,0,0,0,0,0,0,0,2012-05-05 23:00,Property,14.65736198,121.00264,Rear-End
None,EDSA,None,None,"No Accident Factor, No Collision Stated (based on Police Blotter Book), 0.0 drivers_injured, 0.0 drivers_killed, 0.0 passengers_injured, 0.0 passengers_killed, 0.0 pedestrian_injured, 0.0 pedestrian_killed, Fair (Night), EDSA at ""U"" turn slot, Iglesia ni Cristo, Bgy. Sto Cristo Quezon City",MMDA Road Safety Unit,,4541aa12-a9d1-4174-819a-51de8fd2fb28,2012-05-04,11:35:00,EDSA North Ave. Quezon City,0,0,0,0,0,0,0,0,0,0,2012-05-04 19:35,Property,14.65729997,121.0226907,No Collision Stated
None,EDSA,None,None,"No Accident Factor, Side Swipe, 0.0 drivers_injured, 0.0 drivers_killed, 0.0 passengers_injured, 0.0 passengers_killed, 0.0 pedestrian_injured, 0.0 pedestrian_killed, Fair (Night), EDSA Main Avenue Quezon City",MMDA Road Safety Unit,,8544ab31-ffdd-4a14-a32b-848ace4a5cc5,2012-05-04,10:55:00,EDSA North Ave. Quezon City,0,0,0,0,0,0,0,0,0,0,2012-05-04 18:55,Property,14.61376458,121.0537933,Side Swipe
None,EDSA,None,None,"No Accident Factor, Hit and Run (No Collision Stated), 0.0 drivers_injured, 0.0 drivers_killed, 0.0 passengers_injured, 0.0 passengers_killed, 0.0 pedestrian_injured, 0.0 pedestrian_killed, Fair (Day), EDSA before SM City-North, Bgy. Bagong Pag-asa Quezon City",MMDA Road Safety Unit,,153adea1-5d37-4132-a88a-7021483b1d62,2012-05-04,05:45:00,EDSA fronting Nice Hotel Quezon City,0,0,0,0,0,0,0,0,0,0,2012-05-04 13:45,Property,14.65606449,121.0278602,No Collision Stated
None,EDSA,None,None,"No Accident Factor, No Collision Stated (based on Police Blotter Book), 0.0 drivers_injured, 0.0 drivers_killed, 0.0 passengers_injured, 0.0 passengers_killed, 0.0 pedestrian_injured, 0.0 pedestrian_killed, Fair (Day), EDSA at ""U"" turn slot, before Quezon Ave. Quezon City",MMDA Road Safety Unit,,6f7f90dc-a4e4-40a6-a9fc-8422c4dcdd38,2012-05-04,02:05:00,"EDSA fronting Gate 4 of Camp Aguinaldo, Bgy. Socorro Quezon City",0,0,0,0,0,0,0,0,0,0,2012-05-04 10:05,Property,14.64516969,121.0368771,No Collision Stated
None,EDSA,None,None,"No Accident Factor, Rear-end, 0.0 drivers_injured, 0.0 drivers_killed, 0.0 passengers_injured, 0.0 passengers_killed, 0.0 pedestrian_injured, 0.0 pedestrian_killed, Fair (Day), EDSA fronting Baliwag Bus Terminal Before New York St. Brgy. E. Rodriguez Quezon City",MMDA Road Safety Unit,,470e360c-bcdd-411b-a81b-67e08cd9833e,2012-05-03,02:30:00,EDSA fronting Trinoma Quezon City,0,0,0,0,0,0,0,0,0,0,2012-05-03 10:30,Property,14.62497658,121.0487035,Rear-End
None,EDSA,None,None,"No Accident Factor, No Collision Stated (based on Police Blotter Book), 0.0 drivers_injured, 0.0 drivers_killed, 0.0 passengers_injured, 0.0 passengers_killed, 0.0 pedestrian_injured, 0.0 pedestrian_killed, Fair (Day), EDSA  before Guzent Bldg. Quezon City",MMDA Road Safety Unit,,b02c1547-d111-46ed-b25c-6730b25c0d3f,2012-05-03,01:40:00,"EDSA fronting Centris Mall, before Quezon Ave. Quezon City",0,0,0,0,0,0,0,0,0,0,2012-05-03 9:40,Property,14.65739292,121.0137313,No Collision Stated
None,EDSA,None,None,"No Accident Factor, No Collision Stated (based on Police Blotter Book), 0.0 drivers_injured, 0.0 drivers_killed, 0.0 passengers_injured, 0.0 passengers_killed, 0.0 pedestrian_injured, 0.0 pedestrian_killed, Fair (Night), EDSA  fronting Clovercleaf Market, Bgy. Balingasa Quezon City",MMDA Road Safety Unit,,54ded35d-5dd1-4133-9047-5323ed9196b8,2012-05-02,13:45:00,EDSA East Ave. Quezon City,0,0,0,0,0,0,0,0,0,0,2012-05-02 21:45,Property,14.65727575,121.0024003,No Collision Stated
None,EDSA,None,None,"No Accident Factor, Angle Impact, 0.0 drivers_injured, 0.0 drivers_killed, 0.0 passengers_injured, 0.0 passengers_killed, 0.0 pedestrian_injured, 0.0 pedestrian_killed, Fair (Night), EDSA Kamias Road Brgy. West Kamias Quezon City",MMDA Road Safety Unit,,05a35899-07a7-4bf4-bc70-fe614e84cec1,2012-05-02,10:00:00,EDSA Quezon Ave. Quezon City,0,0,0,0,0,0,0,0,0,0,2012-05-02 18:00,Property,14.6309142,121.0459376,Angle Impact
None,EDSA,None,None,"No Accident Factor, No Collision Stated (based on Police Blotter Book), 1.0 drivers_injured, 0.0 drivers_killed, 0.0 passengers_injured, 0.0 passengers_killed, 0.0 pedestrian_injured, 0.0 pedestrian_killed, Fair (Day), EDSA at ""U"" turn slot, no. 1081, Bgy. Apolonio Samson Quezon City",MMDA Road Safety Unit,,603af705-e384-4638-a96a-6afa878d5b4e,2012-05-02,05:30:00,EDSA Oriental Market Balintawak Quezon City,0,0,0,1,0,0,0,0,0,1,2012-05-02 13:30,Injury,14.65745123,121.0075251,No Collision Stated
None,EDSA,None,None,"No Accident Factor, Angle Impact, 0.0 drivers_injured, 0.0 drivers_killed, 0.0 passengers_injured, 0.0 passengers_killed, 0.0 pedestrian_injured, 0.0 pedestrian_killed, Fair (Day), EDSA fronting Baliwag Bus Terminal Quezon City",MMDA Road Safety Unit,,e9979ef1-781e-4447-80db-7d749851405d,2012-05-02,00:00:00,"EDSA Oliveros, UTS Quezon City",0,0,0,0,0,0,0,0,0,0,2012-05-02 8:00,Property,14.62497658,121.0487035,Angle Impact
None,EDSA,None,None,"No Accident Factor, No Collision Stated (based on Police Blotter Book), 0.0 drivers_injured, 0.0 drivers_killed, 0.0 passengers_injured, 0.0 passengers_killed, 0.0 pedestrian_injured, 0.0 pedestrian_killed, Fair (Day), EDSA fronting Jackman, beforeCongressional Ave. Quezon City",MMDA Road Safety Unit,,d81148d8-5690-4dc4-9edf-02e584dfe8ec,2012-05-01,22:55:00,EDSA before Panay Avenue / 7-11 Quezon City,0,0,0,0,0,0,0,0,0,0,2012-05-02 6:55,Property,14.65772869,121.0211666,No Collision Stated
None,EDSA,None,None,"No Accident Factor, Rear-end, 0.0 drivers_injured, 0.0 drivers_killed, 0.0 passengers_injured, 0.0 passengers_killed, 0.0 pedestrian_injured, 0.0 pedestrian_killed, Fair (Night), EDSA SM North Bus Bay, Bgy. Bagong Pag-asa Quezon City",MMDA Road Safety Unit,,03eac6b6-5613-49ec-9d28-844bb65e0299,2012-05-01,12:35:00,EDSA before Quezon Ave. Quezon City,0,0,0,0,0,0,0,0,0,0,2012-05-01 20:35,Property,14.65645143,121.0271077,Rear-End
None,EDSA,None,None,"No Accident Factor, Side Swipe, 0.0 drivers_injured, 0.0 drivers_killed, 0.0 passengers_injured, 0.0 passengers_killed, 0.0 pedestrian_injured, 0.0 pedestrian_killed, Fair (Day), EDSA before Eton Centris Quezon City",MMDA Road Safety Unit,,96957460-0873-44b9-9155-29af239abb52,2012-05-01,05:30:00,EDSA East Ave. Quezon City,0,0,0,0,0,0,0,0,0,0,2012-05-01 13:30,Property,14.64218904,121.0389738,Side Swipe
None,EDSA,None,None,"No Accident Factor, Rear-end, 0.0 drivers_injured, 0.0 drivers_killed, 0.0 passengers_injured, 0.0 passengers_killed, 0.0 pedestrian_injured, 0.0 pedestrian_killed, Fair (Day), EDSA fronting Corinthian Garden Brgy. Ugong Norte Quezon City",MMDA Road Safety Unit,,c69eb6c5-54e6-4e47-a189-9793d9648e49,2012-05-01,03:20:00,EDSA Ermin Garcia St. / New York St. Quezon City,0,0,0,0,0,0,0,0,0,0,2012-05-01 11:20,Property,14.5956398,121.0594464,Rear-End
None,EDSA,None,None,"No Accident Factor, Rear-end, 0.0 drivers_injured, 0.0 drivers_killed, 0.0 passengers_injured, 0.0 passengers_killed, 0.0 pedestrian_injured, 0.0 pedestrian_killed, Fair (Night), EDSA Main Ave Quezon City",MMDA Road Safety Unit,,c61468d5-d37a-46a0-90d6-da2e32235873,2012-04-30,17:00:00,"EDSA Mindanao Ave., brgy. Bagong Pag-asa Quezon City",0,0,0,0,0,0,0,0,0,0,2012-05-01 1:00,Property,14.61376458,121.0537933,Rear-End
None,EDSA,None,None,"No Accident Factor, Side Swipe, 0.0 drivers_injured, 0.0 drivers_killed, 0.0 passengers_injured, 0.0 passengers_killed, 0.0 pedestrian_injured, 0.0 pedestrian_killed, Fair (Night), EDSA Roosevelt Ave. Quezon City",MMDA Road Safety Unit,,1c727aff-fbcb-4004-b658-d3fb3b9740bd,2012-04-30,13:00:00,EDSA Aurora Blvd. Quezon City,0,0,0,0,0,0,0,0,0,0,2012-04-30 21:00,Property,14.65762047,121.0196373,Side Swipe
None,EDSA,None,None,"No Accident Factor, Rear-end, 0.0 drivers_injured, 0.0 drivers_killed, 0.0 passengers_injured, 0.0 passengers_killed, 0.0 pedestrian_injured, 0.0 pedestrian_killed, Fair (Day), EDSA Quezon Ave. Quezon City",MMDA Road Safety Unit,,cba5afb9-374a-430a-a385-a295807f98ac,2012-04-30,08:40:00,"EDSA Congressional Ave., Bgy. Ramon Magsaysay Quezon City",0,0,0,0,0,0,0,0,0,0,2012-04-30 16:40,Property,14.6442444,121.0375839,Rear-End
None,EDSA,None,None,"No Accident Factor, Rear-end, 0.0 drivers_injured, 0.0 drivers_killed, 0.0 passengers_injured, 0.0 passengers_killed, 0.0 pedestrian_injured, 0.0 pedestrian_killed, Fair (Day), EDSA fronting McDonald's, before Panay Ave. Quezon City",MMDA Road Safety Unit,,a048142a-934e-440c-adb5-f59b1bc690b4,2012-04-30,08:10:00,EDSA East Ave. Quezon City,0,0,0,0,0,0,0,0,0,0,2012-04-30 16:10,Property,14.64333495,121.0379126,Rear-End
None,EDSA,None,None,"No Accident Factor, Side Swipe, 0.0 drivers_injured, 0.0 drivers_killed, 0.0 passengers_injured, 0.0 passengers_killed, 0.0 pedestrian_injured, 0.0 pedestrian_killed, Fair (Day), EDSA before Col. Bonny Serrano Ave. (Santolan Road) Quezon City",MMDA Road Safety Unit,,925f1a33-82b7-4e55-a76f-dfb9e71f254b,2012-04-29,07:30:00,EDSA Quezon Ave. Quezon City,0,0,0,0,0,0,0,0,0,0,2012-04-29 15:30,Property,14.61122634,121.0547769,Side Swipe
None,EDSA,None,None,"No Accident Factor, Side Swipe, 1.0 drivers_injured, 0.0 drivers_killed, 0.0 passengers_injured, 0.0 passengers_killed, 0.0 pedestrian_injured, 0.0 pedestrian_killed, Fair (Day), EDSA fronting Gate of Corinthian Garden, Bgy. Ugong Norte Quezon City",MMDA Road Safety Unit,,289f0195-1fa3-4b7e-8fcf-53780dad2e9c,2012-04-29,03:50:00,EDSA Quezon Ave. Quezon City,0,0,0,1,0,0,0,0,0,1,2012-04-29 11:50,Injury,14.59577152,121.0594711,Side Swipe
None,EDSA,None,None,"No Accident Factor, No Collision Stated (based on Police Blotter Book), 0.0 drivers_injured, 0.0 drivers_killed, 0.0 passengers_injured, 0.0 passengers_killed, 0.0 pedestrian_injured, 0.0 pedestrian_killed, Fair (Day), EDSA P. Tuazon Blvd. Quezon City",MMDA Road Safety Unit,,edc83b92-d522-47ee-a821-30a88d685985,2012-04-28,09:00:00,EDSA Between Erwin Garcia St. & New York St. Quezon City,0,0,0,0,0,0,0,0,0,0,2012-04-28 17:00,Property,14.61656342,121.0525225,No Collision Stated
None,EDSA,None,None,"No Accident Factor, No Collision Stated (based on Police Blotter Book), 0.0 drivers_injured, 0.0 drivers_killed, 0.0 passengers_injured, 0.0 passengers_killed, 0.0 pedestrian_injured, 0.0 pedestrian_killed, Fair (Day), EDSA South Ave. / Timog Ave. Quezon City",MMDA Road Safety Unit,,a2d84e41-5c92-4242-9758-0f3dbb80e26c,2012-04-28,07:20:00,EDSA fronting Jam Liner Bus Terminal Quezon City,0,0,0,0,0,0,0,0,0,0,2012-04-28 15:20,Property,14.63257986,121.0449774,No Collision Stated
None,EDSA,None,None,"No Accident Factor, No Collision Stated (based on Police Blotter Book), 0.0 drivers_injured, 0.0 drivers_killed, 0.0 passengers_injured, 0.0 passengers_killed, 0.0 pedestrian_injured, 0.0 pedestrian_killed, Fair (Day), EDSA fronting 711 Convenience Store, before Quezon Ave. Quezon City",MMDA Road Safety Unit,,aaf6b938-e2df-42bf-9c84-5b88566587d4,2012-04-28,03:30:00,"EDSA Misamis St., brgy. Sto. Cristo Quezon City",0,0,0,0,0,0,0,0,0,0,2012-04-28 11:30,Property,14.64374417,121.0376707,No Collision Stated
None,EDSA,None,None,"No Accident Factor, Side Swipe, 0.0 drivers_injured, 0.0 drivers_killed, 0.0 passengers_injured, 0.0 passengers_killed, 0.0 pedestrian_injured, 0.0 pedestrian_killed, Fair (Night), EDSA fronting DPWH Office, Bgy. Pinyahan Quezon City",MMDA Road Safety Unit,,041cdad3-a4a5-48ac-8fac-a32dc8459d6b,2012-04-27,10:00:00,EDSA QCPD Station #10 Quezon City,0,0,0,0,0,0,0,0,0,0,2012-04-27 18:00,Property,14.63473964,121.043922,Side Swipe
None,EDSA,None,None,"No Accident Factor, Rear-end, 0.0 drivers_injured, 0.0 drivers_killed, 0.0 passengers_injured, 0.0 passengers_killed, 0.0 pedestrian_injured, 0.0 pedestrian_killed, Fair (Day), EDSA fronting Entrance of SM, Bgy. Bagong Pag-asa Quezon City",MMDA Road Safety Unit,,beca65f2-31eb-45ab-bc8c-648db3d315d4,2012-04-27,09:00:00,EDSA Kamias Road Quezon City,0,0,0,0,0,0,0,0,0,0,2012-04-27 17:00,Property,14.65600531,121.0286343,Rear-End
None,EDSA,None,None,"No Accident Factor, Hit and Run (No Collision Stated), 0.0 drivers_injured, 0.0 drivers_killed, 0.0 passengers_injured, 0.0 passengers_killed, 0.0 pedestrian_injured, 0.0 pedestrian_killed, Fair (Day), EDSA fronting Baliwag Bus Terminal, Bgy. E. Rodriguez Quezon City",MMDA Road Safety Unit,,7e43dfed-e26a-4251-83c0-06be450bc6b6,2012-04-27,01:40:00,EDSA fronting Camp Crame Quezon City,0,0,0,0,0,0,0,0,0,0,2012-04-27 9:40,Property,14.62497658,121.0487035,No Collision Stated
None,EDSA,None,None,"No Accident Factor, No Collision Stated (based on Police Blotter Book), 0.0 drivers_injured, 0.0 drivers_killed, 0.0 passengers_injured, 0.0 passengers_killed, 0.0 pedestrian_injured, 0.0 pedestrian_killed, Fair (Night), EDSA fronting SM City-North EDSA, Bgy. Bagong Pag-asa Quezon City",MMDA Road Safety Unit,,4cab345f-a6ab-4260-bc13-0d987b3176b3,2012-04-24,13:45:00,"EDSA Mindanao Ave., ext., brgy. Bagong Pag-asa Quezon City",0,0,0,0,0,0,0,0,0,0,2012-04-24 21:45,Property,14.6565149,121.0265678,No Collision Stated
None,EDSA,None,None,"No Accident Factor, Hit Object (Center Island), 1.0 drivers_injured, 0.0 drivers_killed, 0.0 passengers_injured, 0.0 passengers_killed, 0.0 pedestrian_injured, 0.0 pedestrian_killed, Fair (Day), EDSA  fronting Cloverleaf Market, Bgy. Balingasa Quezon City",MMDA Road Safety Unit,,4f44612d-5c0f-4a22-b709-faf2d501b593,2012-04-24,08:30:00,EDSA Bansalangin St. Quezon City,0,0,0,1,0,0,0,0,0,1,2012-04-24 16:30,Injury,14.65727575,121.0024003,Hit Object