LOCATION_TEXT,ROAD,WEATHER,LIGHT,DESC,REPORTING_AGENCY,MAIN_CAUSE,INCIDENTDETAILS_ID,DATE_UTC,TIME_UTC,ADDRESS,killed_driver,killed_passenger,killed_pedestrian,injured_driver,injured_passenger,injured_pedestrian,killed_uncategorized,injured_uncategorized,killed_total,injured_total,DATETIME_PST,SEVERITY,Y,X,COLLISION_TYPE
None,EDSA,None,None,"No Accident Factor, No Collision Stated (based on Police Blotter Book), 0.0 drivers_injured, 0.0 drivers_killed, 0.0 passengers_injured, 0.0 passengers_killed, 0.0 pedestrian_injured, 0.0 pedestrian_killed, Fair (Day), EDSA Lemon Square Bldg. Quezon City",MMDA Road Safety Unit,,47cfd2ca-30f3-473f-aae8-bf2242480b58,2012-04-24,06:25:00,"EDSA Corregidor St., brgy. R. Mag-saysay Quezon City",0,0,0,0,0,0,0,0,0,0,2012-04-24 14:25,Property,14.6571804,120.9927185,No Collision Stated
None,EDSA,None,None,"No Accident Factor, Rear-end, 0.0 drivers_injured, 0.0 drivers_killed, 0.0 passengers_injured, 0.0 passengers_killed, 0.0 pedestrian_injured, 0.0 pedestrian_killed, Fair (Day), EDSA fronting Farmer's Market, Bgy. Socorro Quezon City",MMDA Road Safety Unit,,a0c3ecfe-de51-4a5c-90c3-f1c04f5ad7df,2012-04-23,07:00:00,"EDSA at ""U"" turn slot, fronting Iglesia ni Cristo Church, Bgy. R. Magsaysay Quezon City",0,0,0,0,0,0,0,0,0,0,2012-04-23 15:00,Property,14.61924195,121.0511606,Rear-End
None,EDSA,None,None,"No Accident Factor, No Collision Stated (based on Police Blotter Book), 0.0 drivers_injured, 0.0 drivers_killed, 0.0 passengers_injured, 0.0 passengers_killed, 0.0 pedestrian_injured, 0.0 pedestrian_killed, Fair (Day), EDSA MRT-North Ave. Station, Bgy. Phil-Am Quezon City",MMDA Road Safety Unit,,19491eef-094b-4a41-8b6b-b828e6da7897,2012-04-22,23:30:00,"EDSA Congressional Ave., Bgy. Ramon Magsaysay Quezon City",0,0,0,0,0,0,0,0,0,0,2012-04-23 7:30,Property,14.65223956,121.0323125,No Collision Stated
None,EDSA,None,None,"No Accident Factor, No Collision Stated (based on Police Blotter Book), 0.0 drivers_injured, 0.0 drivers_killed, 0.0 passengers_injured, 0.0 passengers_killed, 0.0 pedestrian_injured, 0.0 pedestrian_killed, Fair (Night), EDSA  Monte De Piedad St. Quezon City",MMDA Road Safety Unit,,0d20f7b1-2760-436c-ab9c-5f278c08cb95,2012-04-22,13:10:00,"EDSA fronting Cloverleaf Market, brgy. Balingasa Quezon City",0,0,0,0,0,0,0,0,0,0,2012-04-22 21:10,Property,14.62344168,121.049148,No Collision Stated
None,EDSA,None,None,"No Accident Factor, No Collision Stated (based on Police Blotter Book), 0.0 drivers_injured, 0.0 drivers_killed, 0.0 passengers_injured, 0.0 passengers_killed, 0.0 pedestrian_injured, 0.0 pedestrian_killed, Fair (Day), EDSA at ""U"" turn slot, Centris Quezon City",MMDA Road Safety Unit,,e6dedcf9-d80c-465a-885f-d5dce6958345,2012-04-22,00:45:00,EDSA after P. Tuazon Blvd. / Motortrade Quezon City,0,0,0,0,0,0,0,0,0,0,2012-04-22 8:45,Property,14.64320335,121.0381839,No Collision Stated
None,EDSA,None,None,"No Accident Factor, No Collision Stated (based on Police Blotter Book), 0.0 drivers_injured, 0.0 drivers_killed, 0.0 passengers_injured, 0.0 passengers_killed, 0.0 pedestrian_injured, 0.0 pedestrian_killed, Fair (Night), EDSA before West Ave. Quezon City",MMDA Road Safety Unit,,93a514fc-a28d-4d23-b379-8baf7a6e306b,2012-04-21,14:30:00,EDSA fronting Gate 3 of Camp Aguinaldo Quezon City,0,0,0,0,0,0,0,0,0,0,2012-04-21 22:30,Property,14.6558207,121.0294219,No Collision Stated
None,EDSA,None,None,"No Accident Factor, No Collision Stated (based on Police Blotter Book), 0.0 drivers_injured, 0.0 drivers_killed, 0.0 passengers_injured, 0.0 passengers_killed, 0.0 pedestrian_injured, 0.0 pedestrian_killed, Fair (Day), EDSA Misamis St., Bgy. Bagong Pag-asa Quezon City",MMDA Road Safety Unit,,1115634e-7602-49f3-94d5-09e521857cbf,2012-04-21,09:30:00,EDSA Roosevelt Ave. Quezon City,0,0,0,0,0,0,0,0,0,0,2012-04-21 17:30,Property,14.65602348,121.0285212,No Collision Stated
None,EDSA,None,None,"No Accident Factor, Rear-end, 1.0 drivers_injured, 0.0 drivers_killed, 0.0 passengers_injured, 0.0 passengers_killed, 0.0 pedestrian_injured, 0.0 pedestrian_killed, Fair (Day), EDSA fronting Nepa-Q Mart, Bgy. E. Rodriguez Quezon City",MMDA Road Safety Unit,,097e6162-c2c1-4ec9-9c7f-f69817926e11,2012-04-21,01:30:00,EDSA South Ave. / Timog Ave. Quezon City,0,0,0,1,0,0,0,0,0,1,2012-04-21 9:30,Injury,14.6280917,121.0472321,Rear-End
None,EDSA,None,None,"No Accident Factor, No Collision Stated (based on Police Blotter Book), 0.0 drivers_injured, 0.0 drivers_killed, 0.0 passengers_injured, 0.0 passengers_killed, 0.0 pedestrian_injured, 0.0 pedestrian_killed, Fair (Day), EDSA  underneath LRT, Balintawak Quezon City",MMDA Road Safety Unit,,5c1a167c-1e3f-4c3b-8af0-194cedf97e0c,2012-04-20,07:45:00,"EDSA Mapagmahal St., before DILG Quezon City",0,0,0,0,0,0,0,0,0,0,2012-04-20 15:45,Property,14.65743923,121.0039777,No Collision Stated
None,EDSA,None,None,"No Accident Factor, Rear-end, 0.0 drivers_injured, 0.0 drivers_killed, 0.0 passengers_injured, 0.0 passengers_killed, 0.0 pedestrian_injured, 0.0 pedestrian_killed, Fair (Day), EDSA East Ave. Quezon City",MMDA Road Safety Unit,,4543a886-ac14-4e04-9ec7-b04a26e5af85,2012-04-20,04:10:00,"EDSA fronting North Diversion Market, Balintawak, Bgy. A. Samson Quezon City",0,0,0,0,0,0,0,0,0,0,2012-04-20 12:10,Property,14.6328297,121.0451176,Rear-End
None,EDSA,None,None,"No Accident Factor, Hit and Run (Side Swipe), 0.0 drivers_injured, 0.0 drivers_killed, 0.0 passengers_injured, 0.0 passengers_killed, 0.0 pedestrian_injured, 0.0 pedestrian_killed, Fair (Night), EDSA fronting SM City-North EDSA, Bgy. Bagong Pag-asa Quezon City",MMDA Road Safety Unit,,7db06bb3-3807-43fe-aa1b-5fcd7e6e277a,2012-04-19,10:45:00,EDSA Main Avenue Cubao Quezon City,0,0,0,0,0,0,0,0,0,0,2012-04-19 18:45,Property,14.6565149,121.0265678,Side Swipe
None,EDSA,None,None,"No Accident Factor, No Collision Stated (based on Police Blotter Book), 0.0 drivers_injured, 0.0 drivers_killed, 0.0 passengers_injured, 0.0 passengers_killed, 0.0 pedestrian_injured, 0.0 pedestrian_killed, Fair (Day), EDSA  fronting Walter Mart, Bgy. San Antonio Quezon City",MMDA Road Safety Unit,,e77eea15-d4a0-4883-b5ae-79ef5285417d,2012-04-19,09:45:00,EDSA after Seminary Road Quezon City,0,0,0,0,0,0,0,0,0,0,2012-04-19 17:45,Property,14.65751818,121.0209052,No Collision Stated
None,EDSA,None,None,"No Accident Factor, Rear-end, 0.0 drivers_injured, 0.0 drivers_killed, 0.0 passengers_injured, 0.0 passengers_killed, 0.0 pedestrian_injured, 0.0 pedestrian_killed, Fair (Day), EDSA fronting Camp Aguinaldo     Quezon City",MMDA Road Safety Unit,,aba3b37a-85c5-4722-9070-fb07fc0d2606,2012-04-19,09:30:00,EDSA Balintawak Market Quezon City,0,0,0,0,0,0,0,0,0,0,2012-04-19 17:30,Property,14.6074566,121.0567511,Rear-End
None,EDSA,None,None,"No Accident Factor, No Collision Stated (based on Police Blotter Book), 0.0 drivers_injured, 0.0 drivers_killed, 0.0 passengers_injured, 0.0 passengers_killed, 0.0 pedestrian_injured, 0.0 pedestrian_killed, Fair (Day), EDSA Corregidor St., Bgy. Ramon Magsaysay Quezon City",MMDA Road Safety Unit,,3efa88a2-6900-4bd3-a899-1c3baeb785cc,2012-04-19,09:00:00,"EDSA fronting INC Church, brgy. Sto. Cristo Quezon City",0,0,0,0,0,0,0,0,0,0,2012-04-19 17:00,Property,14.65707679,121.0241648,No Collision Stated
None,EDSA,None,None,"No Accident Factor, No Collision Stated (based on Police Blotter Book), 0.0 drivers_injured, 0.0 drivers_killed, 0.0 passengers_injured, 0.0 passengers_killed, 0.0 pedestrian_injured, 0.0 pedestrian_killed, Fair (Day), EDSA at ""U"" turn slot, Trinoma Quezon City",MMDA Road Safety Unit,,3a11b360-414c-41ee-8503-73e654f29dae,2012-04-19,05:40:00,"EDSA Mindanao ext., brgy. Pag-asa Quezon City",0,0,0,0,0,0,0,0,0,0,2012-04-19 13:40,Property,14.65369432,121.0313049,No Collision Stated
None,EDSA,None,None,"No Accident Factor, No Collision Stated (based on Police Blotter Book), 0.0 drivers_injured, 0.0 drivers_killed, 0.0 passengers_injured, 0.0 passengers_killed, 0.0 pedestrian_injured, 0.0 pedestrian_killed, Fair (Night), EDSA Misamis St., Bgy. Bagong Pag-asa Quezon City",MMDA Road Safety Unit,,3a53be12-096a-4e63-8cdc-ce884d9a2a76,2012-04-17,18:50:00,"EDSA fronting Shell Gas Station, Bgy. Apolonio Samson Quezon City",0,0,0,0,0,0,0,0,0,0,2012-04-18 2:50,Property,14.65602348,121.0285212,No Collision Stated
None,EDSA,None,None,"No Accident Factor, Side Swipe, 0.0 drivers_injured, 0.0 drivers_killed, 0.0 passengers_injured, 0.0 passengers_killed, 0.0 pedestrian_injured, 0.0 pedestrian_killed, Fair (Night), EDSA  North Ave. Quezon City",MMDA Road Safety Unit,,bd305d42-dc99-4e5f-84ad-f2e14aec72c3,2012-04-17,17:00:00,"EDSA fronting INC Church, brgy. Pag-asa Quezon City",0,0,0,0,0,0,0,0,0,0,2012-04-18 1:00,Property,14.65576348,121.0297232,Side Swipe
None,EDSA,None,None,"No Accident Factor, No Collision Stated (based on Police Blotter Book), 0.0 drivers_injured, 0.0 drivers_killed, 0.0 passengers_injured, 0.0 passengers_killed, 0.0 pedestrian_injured, 0.0 pedestrian_killed, Fair (Day), EDSA East Ave. Quezon City",MMDA Road Safety Unit,,fb2c9b2b-399f-4b7a-8e3b-325a24c86bab,2012-04-17,04:15:00,EDSA East Ave. Quezon City,0,0,0,0,0,0,0,0,0,0,2012-04-17 12:15,Property,14.6328297,121.0451176,No Collision Stated
None,EDSA,None,None,"No Accident Factor, No Collision Stated (based on Police Blotter Book), 0.0 drivers_injured, 0.0 drivers_killed, 0.0 passengers_injured, 0.0 passengers_killed, 0.0 pedestrian_injured, 0.0 pedestrian_killed, Fair (Day), EDSA  Quezon Ave., Bgy. Bagong Pag-asa Quezon City",MMDA Road Safety Unit,,ec7ca947-8fdb-43f8-a59d-ea6bacbb0691,2012-04-17,02:00:00,"EDSA Misamis St., Pag-asa Quezon City",0,0,0,0,0,0,0,0,0,0,2012-04-17 10:00,Property,14.64407795,121.0375572,No Collision Stated
None,EDSA,None,None,"No Accident Factor, No Collision Stated (based on Police Blotter Book), 0.0 drivers_injured, 0.0 drivers_killed, 0.0 passengers_injured, 0.0 passengers_killed, 0.0 pedestrian_injured, 0.0 pedestrian_killed, Fair (Day), EDSA  fronting SM City-North EDSA (Annex) Quezon City",MMDA Road Safety Unit,,aa18f1b8-8ad3-4a8a-8230-6ae3cccf5113,2012-04-16,01:00:00,"EDSA Roosevelt Ave., San Antonio Quezon City",0,0,0,0,0,0,0,0,0,0,2012-04-16 9:00,Property,14.65595735,121.0290489,No Collision Stated
None,EDSA,None,None,"No Accident Factor, Side Swipe, 0.0 drivers_injured, 0.0 drivers_killed, 0.0 passengers_injured, 0.0 passengers_killed, 0.0 pedestrian_injured, 0.0 pedestrian_killed, Fair (Day), EDSA Col. Bonny Serrano Ave. (Santolan Road), Bgy. Socorro Quezon City",MMDA Road Safety Unit,,6a0eda68-2ca8-4e94-9045-1f94ad99d858,2012-04-15,22:30:00,"EDSA Philam Subd., brgy. Project 6 Quezon City",0,0,0,0,0,0,0,0,0,0,2012-04-16 6:30,Property,14.61107337,121.0550705,Side Swipe
None,EDSA,None,None,"No Accident Factor, No Collision Stated (based on Police Blotter Book), 0.0 drivers_injured, 0.0 drivers_killed, 0.0 passengers_injured, 0.0 passengers_killed, 0.0 pedestrian_injured, 0.0 pedestrian_killed, Fair (Night), EDSA Congressional Ave., Bgy. Ramon Magsaysay Quezon City",MMDA Road Safety Unit,,4500e0a0-3b90-419f-9c34-58e9a984a806,2012-04-15,18:10:00,"EDSA at ""U"" turn slot, GMA-7 Bldg. Quezon City",0,0,0,0,0,0,0,0,0,0,2012-04-16 2:10,Property,14.6571804,120.9927185,No Collision Stated
None,EDSA,None,None,"No Accident Factor, Side Swipe, 0.0 drivers_injured, 0.0 drivers_killed, 0.0 passengers_injured, 0.0 passengers_killed, 0.0 pedestrian_injured, 0.0 pedestrian_killed, Fair (Night), EDSA fronting Nepa-Q Mart Quezon City",MMDA Road Safety Unit,,81d76fac-fa8b-4fce-a5d8-16c20d024fac,2012-04-15,14:10:00,EDSA East Ave. Quezon City,0,0,0,0,0,0,0,0,0,0,2012-04-15 22:10,Property,14.6280917,121.0472321,Side Swipe
None,EDSA,None,None,"No Accident Factor, Hit Object (No Object Stated), 0.0 drivers_injured, 0.0 drivers_killed, 0.0 passengers_injured, 0.0 passengers_killed, 0.0 pedestrian_injured, 0.0 pedestrian_killed, Fair (Day), EDSA fronting Gas Station, Bansalangin St. Quezon City",MMDA Road Safety Unit,,adb2e7be-9f89-440f-8e88-cd4c36a399c9,2012-04-14,03:00:00,EDSA East Ave. (WB) Quezon City,0,0,0,0,0,0,0,0,0,0,2012-04-14 11:00,Property,14.65676933,121.0242805,Hit Object
None,EDSA,None,None,"No Accident Factor, No Collision Stated (based on Police Blotter Book), 0.0 drivers_injured, 0.0 drivers_killed, 0.0 passengers_injured, 0.0 passengers_killed, 0.0 pedestrian_injured, 0.0 pedestrian_killed, Fair (Night), EDSA  at ""U"" turn slot, Meralco, Bgy. Katipu Quezon City",MMDA Road Safety Unit,,40ed79a3-e980-4336-8b83-5bd8afe9c87d,2012-04-13,19:00:00,"EDSA at ""U"" turn slot, before Kaingin Road, Bgy. A. Samson Quezon City",0,0,0,0,0,0,0,0,0,0,2012-04-14 3:00,Property,14.65762162,121.0162666,No Collision Stated
None,EDSA,None,None,"No Accident Factor, Side Swipe, 0.0 drivers_injured, 0.0 drivers_killed, 0.0 passengers_injured, 0.0 passengers_killed, 0.0 pedestrian_injured, 0.0 pedestrian_killed, Fair (Night), EDSA Col. Bonny Serrano Ave. (Santolan Road) Quezon City",MMDA Road Safety Unit,,0cd23e12-421b-4fc0-9099-de5b4eb8359b,2012-04-13,14:10:00,"EDSA at ""U"" turn slot, Nueva Ecija St., Bgy. Sto. Cristo Quezon City",0,0,0,0,0,0,0,0,0,0,2012-04-13 22:10,Property,14.61107337,121.0550705,Side Swipe
None,EDSA,None,None,"No Accident Factor, No Collision Stated (based on Police Blotter Book), 0.0 drivers_injured, 0.0 drivers_killed, 0.0 passengers_injured, 0.0 passengers_killed, 0.0 pedestrian_injured, 0.0 pedestrian_killed, Fair (Night), EDSA Mindanao Ave. Ext. Quezon City",MMDA Road Safety Unit,,628a7fd9-1a03-44cb-94c7-f92e633cf777,2012-04-13,13:45:00,EDSA fronting Balintawak Market Quezon City,0,0,0,0,0,0,0,0,0,0,2012-04-13 21:45,Property,14.65052386,121.0335656,No Collision Stated
None,EDSA,None,None,"No Accident Factor, No Collision Stated (based on Police Blotter Book), 0.0 drivers_injured, 0.0 drivers_killed, 0.0 passengers_injured, 0.0 passengers_killed, 0.0 pedestrian_injured, 0.0 pedestrian_killed, Fair (Day), EDSA Misamis St. Quezon City",MMDA Road Safety Unit,,f554f2cb-f4bf-41d3-92fb-705f86873a84,2012-04-13,08:00:00,EDSA Kamias Road Quezon City,0,0,0,0,0,0,0,0,0,0,2012-04-13 16:00,Property,14.65602348,121.0285212,No Collision Stated
None,EDSA,None,None,"No Accident Factor, No Collision Stated (based on Police Blotter Book), 0.0 drivers_injured, 0.0 drivers_killed, 0.0 passengers_injured, 0.0 passengers_killed, 0.0 pedestrian_injured, 0.0 pedestrian_killed, Fair (Day), EDSA  fronting Oriental Market, Bgy. Ug Sigaw Quezon City",MMDA Road Safety Unit,,19bdbd8e-3558-4a4c-bb62-5cae94f9b304,2012-04-12,09:00:00,EDSA before Scout Borromeo St. Quezon City,0,0,0,0,0,0,0,0,0,0,2012-04-12 17:00,Property,14.65734384,121.0023933,No Collision Stated
None,EDSA,None,None,"No Accident Factor, No Collision Stated (based on Police Blotter Book), 0.0 drivers_injured, 0.0 drivers_killed, 0.0 passengers_injured, 0.0 passengers_killed, 0.0 pedestrian_injured, 0.0 pedestrian_killed, Fair (Day), EDSA  fronting Centris, Bgy. Bagong Pag-asa  Quezon City",MMDA Road Safety Unit,,1873a4ab-d1dd-4cfe-aadb-593f5d7fd4cf,2012-04-12,05:30:00,EDSA South Ave. / Timog Ave. Quezon City,0,0,0,0,0,0,0,0,0,0,2012-04-12 13:30,Property,14.64351037,121.038299,No Collision Stated
None,EDSA,None,None,"No Accident Factor, Side Swipe, 0.0 drivers_injured, 0.0 drivers_killed, 0.0 passengers_injured, 0.0 passengers_killed, 0.0 pedestrian_injured, 0.0 pedestrian_killed, Fair (Day), EDSA  Cloverleaf Drive Quezon City",MMDA Road Safety Unit,,0dc0440d-6158-4f95-b405-a26c94bb5699,2012-04-11,22:00:00,EDSA Kamias Road Brgy. Kamuning Quezon City,0,0,0,0,0,0,0,0,0,0,2012-04-12 6:00,Property,14.65731879,120.9994808,Side Swipe
None,EDSA,None,None,"No Accident Factor, No Collision Stated (based on Police Blotter Book), 0.0 drivers_injured, 0.0 drivers_killed, 1.0 passengers_injured, 0.0 passengers_killed, 0.0 pedestrian_injured, 0.0 pedestrian_killed, Fair (Night), EDSA at ""U"" turn slot, Santolan Quezon City",MMDA Road Safety Unit,,28a5d851-4956-416f-a024-cf1b43984b6d,2012-04-11,17:30:00,EDSA West Ave. Quezon City,0,0,0,0,1,0,0,0,0,1,2012-04-12 1:30,Injury,14.61057056,121.0552738,No Collision Stated
None,EDSA,None,None,"No Accident Factor, Side Swipe, 0.0 drivers_injured, 0.0 drivers_killed, 0.0 passengers_injured, 0.0 passengers_killed, 0.0 pedestrian_injured, 0.0 pedestrian_killed, Fair (Day), EDSA White Plains Ave., Bgy. Ugong Norte Quezon City",MMDA Road Safety Unit,,f0e2206c-4391-498e-856d-535a449819ba,2012-04-11,05:15:00,EDSA before K - 3Rd Ext. Quezon City,0,0,0,0,0,0,0,0,0,0,2012-04-11 13:15,Property,14.59961782,121.0596522,Side Swipe
None,EDSA,None,None,"No Accident Factor, No Collision Stated (based on Police Blotter Book), 0.0 drivers_injured, 0.0 drivers_killed, 0.0 passengers_injured, 0.0 passengers_killed, 0.0 pedestrian_injured, 0.0 pedestrian_killed, Fair (Day), EDSA P. Tuazon Blvd. Quezon City",MMDA Road Safety Unit,,ebfef658-7305-4772-80bf-59b6b70724d8,2012-04-09,23:30:00,"EDSA North Ave., UTS Quezon City",0,0,0,0,0,0,0,0,0,0,2012-04-10 7:30,Property,14.61656342,121.0525225,No Collision Stated
None,EDSA,None,None,"No Accident Factor, Side Swipe, 0.0 drivers_injured, 0.0 drivers_killed, 0.0 passengers_injured, 0.0 passengers_killed, 0.0 pedestrian_injured, 0.0 pedestrian_killed, Fair (Day), EDSA fronting Genesis Bus Terminal, New York St., Bgy. E. Rodriguez, Cubao Quezon City",MMDA Road Safety Unit,,dd984c1c-f916-44a2-83d0-ecb3d65cefa5,2012-04-09,01:00:00,EDSA fronting Farmers Market Quezon City,0,0,0,0,0,0,0,0,0,0,2012-04-09 9:00,Property,14.62560198,121.0482928,Side Swipe
None,EDSA,None,None,"No Accident Factor, No Collision Stated (based on Police Blotter Book), 0.0 drivers_injured, 0.0 drivers_killed, 0.0 passengers_injured, 0.0 passengers_killed, 0.0 pedestrian_injured, 0.0 pedestrian_killed, Fair (Day), EDSA Kamuning Road Quezon City",MMDA Road Safety Unit,,f051d4fb-3ad8-4d3f-9b2d-3faca8b98f72,2012-04-08,09:30:00,"EDSA fronting INC Church, before Alley 1 Quezon City",0,0,0,0,0,0,0,0,0,0,2012-04-08 17:30,Property,14.63075725,121.0457548,No Collision Stated
None,EDSA,None,None,"No Accident Factor, Side Swipe, 0.0 drivers_injured, 0.0 drivers_killed, 0.0 passengers_injured, 0.0 passengers_killed, 0.0 pedestrian_injured, 0.0 pedestrian_killed, Fair (Day), EDSA Kamias Road Quezon City",MMDA Road Safety Unit,,0559efd2-36bf-4ac1-8241-29880f82e069,2012-04-08,07:30:00,EDSA South Ave. / Timog Ave. Quezon City,0,0,0,0,0,0,0,0,0,0,2012-04-08 15:30,Property,14.6309142,121.0459376,Side Swipe
None,EDSA,None,None,"No Accident Factor, No Collision Stated (based on Police Blotter Book), 0.0 drivers_injured, 0.0 drivers_killed, 0.0 passengers_injured, 0.0 passengers_killed, 0.0 pedestrian_injured, 0.0 pedestrian_killed, Fair (Day), EDSA Cloverleaf Road, Bgy. Balingasa Quezon City",MMDA Road Safety Unit,,0f17b585-a474-4f94-9c99-3db72a750354,2012-04-08,05:30:00,"EDSA fronting Nepa-Q Mart, Bgy. E. Rodriguez Quezon City",0,0,0,0,0,0,0,0,0,0,2012-04-08 13:30,Property,14.65747901,121.0011914,No Collision Stated
None,EDSA,None,None,"No Accident Factor, Hit Object (No Object Stated), 0.0 drivers_injured, 0.0 drivers_killed, 0.0 passengers_injured, 0.0 passengers_killed, 0.0 pedestrian_injured, 0.0 pedestrian_killed, Fair (Night), EDSA fronting 680 Home Appliances Bldg., before Mother Ignacia St. Quezon City",MMDA Road Safety Unit,,8a6b8b4e-cf1a-4ee7-8141-42592f5a0538,2012-04-07,19:45:00,EDSA fronting Jac Liner Bus Terminal Quezon City,0,0,0,0,0,0,0,0,0,0,2012-04-08 3:45,Property,14.6424008,121.0385667,Hit Object
None,EDSA,None,None,"No Accident Factor, No Collision Stated (based on Police Blotter Book), 0.0 drivers_injured, 0.0 drivers_killed, 0.0 passengers_injured, 0.0 passengers_killed, 0.0 pedestrian_injured, 0.0 pedestrian_killed, Fair (Day), EDSA West Ave. Quezon City",MMDA Road Safety Unit,,0909517b-342a-43de-9d6e-6fd72708b096,2012-04-07,08:00:00,"EDSA Col. Bonny Serrano Ave. (Santolan Road), Bgy. Socorro Quezon City",0,0,0,0,0,0,0,0,0,0,2012-04-07 16:00,Property,14.65548924,121.0298079,No Collision Stated
None,EDSA,None,None,"No Accident Factor, Head-on, 1.0 drivers_injured, 0.0 drivers_killed, 0.0 passengers_injured, 0.0 passengers_killed, 0.0 pedestrian_injured, 0.0 pedestrian_killed, Fair (Day), EDSA Col. Bonny Serrano Ave. (Santolan Road) Quezon City",MMDA Road Safety Unit,,800e90f8-d73f-4158-bbc3-ba99848c5d10,2012-04-07,05:15:00,EDSA Kamuning Road Quezon City,0,0,0,1,0,0,0,0,0,1,2012-04-07 13:15,Injury,14.61107337,121.0550705,Head-On
None,EDSA,None,None,"No Accident Factor, No Collision Stated (based on Police Blotter Book), 1.0 drivers_injured, 0.0 drivers_killed, 0.0 passengers_injured, 0.0 passengers_killed, 0.0 pedestrian_injured, 0.0 pedestrian_killed, Fair (Day), EDSA at ""U"" turn slot, before Oliveros Drive, Balintawak Quezon City",MMDA Road Safety Unit,,7317b0dc-316e-4828-a546-5d1d811afa5f,2012-04-07,04:00:00,EDSA West Ave. Quezon City,0,0,0,1,0,0,0,0,0,1,2012-04-07 12:00,Injury,14.65749374,121.0075737,No Collision Stated
None,EDSA,None,None,"No Accident Factor, No Collision Stated (based on Police Blotter Book), 0.0 drivers_injured, 0.0 drivers_killed, 0.0 passengers_injured, 0.0 passengers_killed, 0.0 pedestrian_injured, 0.0 pedestrian_killed, Fair (Day), EDSA Cloverleaf Service Road, Bgy. Balingasa Quezon City",MMDA Road Safety Unit,,49aabc68-4032-4801-b81c-721553bf86fd,2012-04-04,08:15:00,"EDSA Seminary Road, Bahay Toro Quezon City",0,0,0,0,0,0,0,0,0,0,2012-04-04 16:15,Property,14.65747901,121.0011914,No Collision Stated
None,EDSA,None,None,"No Accident Factor, Rear-end, 0.0 drivers_injured, 0.0 drivers_killed, 0.0 passengers_injured, 0.0 passengers_killed, 0.0 pedestrian_injured, 0.0 pedestrian_killed, Fair (Day), EDSA OP-UP, Balintawak Quezon City",MMDA Road Safety Unit,,cf5fe758-3134-44d8-8597-7ee521f359b5,2012-04-04,04:20:00,EDSA SM Annex Quezon City,0,0,0,0,0,0,0,0,0,0,2012-04-04 12:20,Property,14.65742949,121.0027781,Rear-End
None,EDSA,None,None,"No Accident Factor, No Collision Stated (based on Police Blotter Book), 0.0 drivers_injured, 0.0 drivers_killed, 0.0 passengers_injured, 0.0 passengers_killed, 0.0 pedestrian_injured, 0.0 pedestrian_killed, Fair (Night), EDSA before Oliveros St., Bgy. Apolonio Samson Quezon City",MMDA Road Safety Unit,,91ca94f1-c075-4db4-9427-22fa4e1eafd5,2012-04-03,13:00:00,"EDSA before ""U""turn Slot Kamuning Road & Jam Bus Terminal Quezon City",0,0,0,0,0,0,0,0,0,0,2012-04-03 21:00,Property,14.65762279,121.0068606,No Collision Stated
None,EDSA,None,None,"No Accident Factor, Angle Impact, 0.0 drivers_injured, 0.0 drivers_killed, 0.0 passengers_injured, 0.0 passengers_killed, 0.0 pedestrian_injured, 0.0 pedestrian_killed, Fair (Day), EDSA Main Ave., Bgy. Socorro Quezon City",MMDA Road Safety Unit,,38fd7572-f054-42f3-88c3-e1c104f242ba,2012-04-03,07:30:00,EDSA fronting Gate 3 of Camp Aguinaldo Quezon City,0,0,0,0,0,0,0,0,0,0,2012-04-03 15:30,Property,14.61376458,121.0537933,Angle Impact
None,EDSA,None,None,"No Accident Factor, No Collision Stated (based on Police Blotter Book), 0.0 drivers_injured, 0.0 drivers_killed, 0.0 passengers_injured, 0.0 passengers_killed, 0.0 pedestrian_injured, 0.0 pedestrian_killed, Fair (Day), EDSA Total Gas Station, Balintawak Quezon City",MMDA Road Safety Unit,,967a63dd-ae8c-4963-b5fe-bdd685ffdbbe,2012-04-03,01:00:00,EDSA East Ave. Quezon City,0,0,0,0,0,0,0,0,0,0,2012-04-03 9:00,Property,14.65757988,121.0033003,No Collision Stated
None,EDSA,None,None,"No Accident Factor, No Collision Stated (based on Police Blotter Book), 0.0 drivers_injured, 0.0 drivers_killed, 0.0 passengers_injured, 0.0 passengers_killed, 0.0 pedestrian_injured, 0.0 pedestrian_killed, Fair (Day), EDSA Iglesia ni Crsito, before Alley 1 Quezon City",MMDA Road Safety Unit,,16f4f543-6842-4b28-b128-578c5425e1f1,2012-04-02,09:10:00,EDSA Oriental Market Quezon City,0,0,0,0,0,0,0,0,0,0,2012-04-02 17:10,Property,14.65752241,121.02219,No Collision Stated