LOCATION_TEXT,ROAD,WEATHER,LIGHT,DESC,REPORTING_AGENCY,MAIN_CAUSE,INCIDENTDETAILS_ID,DATE_UTC,TIME_UTC,ADDRESS,killed_driver,killed_passenger,killed_pedestrian,injured_driver,injured_passenger,injured_pedestrian,killed_uncategorized,injured_uncategorized,killed_total,injured_total,DATETIME_PST,SEVERITY,Y,X,COLLISION_TYPE
None,EDSA,None,None,"No Accident Factor, No Collision Stated (based on Police Blotter Book), 0.0 drivers_injured, 0.0 drivers_killed, 0.0 passengers_injured, 0.0 passengers_killed, 0.0 pedestrian_injured, 0.0 pedestrian_killed, Fair (Night), EDSA Seminary Road, Bgy. Bahay Toro Quezon City",MMDA Road Safety Unit,,5ea59e3f-054b-46e3-b1e2-2c951f470cd2,2012-04-01,10:30:00,EDSA Kamias Road Quezon City,0,0,0,0,0,0,0,0,0,0,2012-04-01 18:30,Property,14.65776066,121.0173978,No Collision Stated
None,EDSA,None,None,"No Accident Factor, No Collision Stated (based on Police Blotter Book), 0.0 drivers_injured, 0.0 drivers_killed, 0.0 passengers_injured, 0.0 passengers_killed, 0.0 pedestrian_injured, 0.0 pedestrian_killed, Fair (Night), EDSA P. Tuazon Blvd. Quezon City",MMDA Road Safety Unit,,43783986-de06-4ade-aa19-2ace20f8ece3,2012-03-31,12:45:00,EDSA South Ave. / Timog Ave. Quezon City,0,0,0,0,0,0,0,0,0,0,2012-03-31 20:45,Property,14.61656342,121.0525225,No Collision Stated
None,EDSA,None,None,"No Accident Factor, Hit and Run (No Collision Stated), 0.0 drivers_injured, 0.0 drivers_killed, 0.0 passengers_injured, 0.0 passengers_killed, 0.0 pedestrian_injured, 0.0 pedestrian_killed, Fair (Night), EDSA P. Tuazon Blvd. Quezon City",MMDA Road Safety Unit,,fd9f4bab-2813-4a72-9013-d013d7c551a3,2012-03-31,12:00:00,"EDSA Congressional Ave., Bgy. Ramon Magsaysay Quezon City",0,0,0,0,0,0,0,0,0,0,2012-03-31 20:00,Property,14.61656342,121.0525225,No Collision Stated
None,EDSA,None,None,"No Accident Factor, No Collision Stated (based on Police Blotter Book), 0.0 drivers_injured, 0.0 drivers_killed, 0.0 passengers_injured, 0.0 passengers_killed, 0.0 pedestrian_injured, 0.0 pedestrian_killed, Fair (Day), EDSA fronting Toyota Bldg., Balintawak Quezon City",MMDA Road Safety Unit,,b87d8d63-2a69-4436-903a-08c7b2ac2111,2012-03-31,08:45:00,"EDSA North Ave., Pag-asa Quezon City",0,0,0,0,0,0,0,0,0,0,2012-03-31 16:45,Property,14.65741192,120.9954424,No Collision Stated
None,EDSA,None,None,"No Accident Factor, Hit and Run (No Collision Stated), 0.0 drivers_injured, 0.0 drivers_killed, 0.0 passengers_injured, 0.0 passengers_killed, 0.0 pedestrian_injured, 0.0 pedestrian_killed, Fair (Day), EDSA South Ave. / Timog Ave. Quezon City",MMDA Road Safety Unit,,d2abb9f0-b290-4539-99dd-9a5f504b6b7f,2012-03-31,01:00:00,EDSA before Five Star Bus Terminal Quezon City,0,0,0,0,0,0,0,0,0,0,2012-03-31 9:00,Property,14.63257986,121.0449774,No Collision Stated
None,EDSA,None,None,"No Accident Factor, Rear-end, 0.0 drivers_injured, 0.0 drivers_killed, 8.0 passengers_injured, 0.0 passengers_killed, 0.0 pedestrian_injured, 0.0 pedestrian_killed, Fair (Day), EDSA before Ermin Garcia St. (Minnesota), Cubao Quezon City",MMDA Road Safety Unit,,113b4fd7-a01b-48e5-82c4-50ff453b3814,2012-03-30,22:20:00,EDSA Annapolis St. Quezon City,0,0,0,0,8,0,0,0,0,8,2012-03-31 6:20,Injury,14.62776113,121.0471589,Rear-End
None,EDSA,None,None,"No Accident Factor, Rear-end, 0.0 drivers_injured, 0.0 drivers_killed, 0.0 passengers_injured, 0.0 passengers_killed, 0.0 pedestrian_injured, 0.0 pedestrian_killed, Fair (Night), EDSA NIA Road Quezon City",MMDA Road Safety Unit,,4ffcb27b-28a9-4567-8387-674d91e9b261,2012-03-30,13:30:00,"EDSA Col. Bonny Serrano Ave. (Santolan Road), Bgy. Socorro Quezon City",0,0,0,0,0,0,0,0,0,0,2012-03-30 21:30,Property,14.63727823,121.0421362,Rear-End
None,EDSA,None,None,"No Accident Factor, No Collision Stated (based on Police Blotter Book), 0.0 drivers_injured, 0.0 drivers_killed, 0.0 passengers_injured, 0.0 passengers_killed, 0.0 pedestrian_injured, 0.0 pedestrian_killed, Fair (Night), EDSA Biulacan St., Brgy. Bungad Quezon City",MMDA Road Safety Unit,,df52b948-9ed8-46af-8972-ff1305ef1957,2012-03-30,12:30:00,"EDSA fronting Cloverleaf Market, brgy. Balingasa Quezon City",0,0,0,0,0,0,0,0,0,0,2012-03-30 20:30,Property,14.65572341,121.0292263,No Collision Stated
None,EDSA,None,None,"No Accident Factor, Hit Parked Vehicle, 0.0 drivers_injured, 0.0 drivers_killed, 0.0 passengers_injured, 0.0 passengers_killed, 0.0 pedestrian_injured, 0.0 pedestrian_killed, Fair (Night), EDSA fronting Florida Bus Terminal Quezon City",MMDA Road Safety Unit,,ea541ca0-16e7-4116-8027-b13aef4395cd,2012-03-30,11:30:00,EDSA P. Tuazon Blvd./Samson Tech. Inst. Quezon City,0,0,0,0,0,0,0,0,0,0,2012-03-30 19:30,Property,14.62980669,121.0464508,Hit Object
None,EDSA,None,None,"No Accident Factor, Angle Impact, 0.0 drivers_injured, 0.0 drivers_killed, 0.0 passengers_injured, 0.0 passengers_killed, 0.0 pedestrian_injured, 0.0 pedestrian_killed, Fair (Night), EDSA fronting Five Star Bus Terminal Quezon City",MMDA Road Safety Unit,,f4d8bb50-0827-4d80-a157-45633225ece4,2012-03-30,10:50:00,EDSA Trinoma Mall Quezon City,0,0,0,0,0,0,0,0,0,0,2012-03-30 18:50,Property,14.62380284,121.0492837,Angle Impact
None,EDSA,None,None,"No Accident Factor, Hit and Run (No Collision Stated), 0.0 drivers_injured, 0.0 drivers_killed, 0.0 passengers_injured, 0.0 passengers_killed, 0.0 pedestrian_injured, 0.0 pedestrian_killed, Fair (Night), EDSA fronting McDonald's, before Panay Ave. Quezon City",MMDA Road Safety Unit,,49a1b9c7-efe6-4786-9e3c-513bccf27478,2012-03-30,10:00:00,EDSA Corregidor St. Quezon City,0,0,0,0,0,0,0,0,0,0,2012-03-30 18:00,Property,14.64333495,121.0379126,No Collision Stated
None,EDSA,None,None,"No Accident Factor, No Collision Stated (based on Police Blotter Book), 0.0 drivers_injured, 0.0 drivers_killed, 0.0 passengers_injured, 0.0 passengers_killed, 0.0 pedestrian_injured, 0.0 pedestrian_killed, Fair (Day), EDSA North Ave. Quezon City",MMDA Road Safety Unit,,5160b94c-d8c1-46db-b1ce-f0805e60e0fd,2012-03-30,09:30:00,"EDSA Congressional Ave., Bgy. Ramon Magsaysay Quezon City",0,0,0,0,0,0,0,0,0,0,2012-03-30 17:30,Property,14.65553839,121.0299647,No Collision Stated
None,EDSA,None,None,"No Accident Factor, No Collision Stated (based on Police Blotter Book), 0.0 drivers_injured, 0.0 drivers_killed, 0.0 passengers_injured, 0.0 passengers_killed, 0.0 pedestrian_injured, 0.0 pedestrian_killed, Fair (Day), EDSA Misamis St., Brgy. Pag-asa Quezon City",MMDA Road Safety Unit,,271aa507-61b1-4b06-829d-69ac8aaa36ca,2012-03-30,04:20:00,EDSA West Ave. Quezon City,0,0,0,0,0,0,0,0,0,0,2012-03-30 12:20,Property,14.65602348,121.0285212,No Collision Stated
None,EDSA,None,None,"No Accident Factor, Rear-end, 0.0 drivers_injured, 0.0 drivers_killed, 0.0 passengers_injured, 0.0 passengers_killed, 0.0 pedestrian_injured, 0.0 pedestrian_killed, Fair (Day), EDSA at ""U"" turn slot, GO Soc & Sons Bldg. Brgy. Bahay Toro Quezon City",MMDA Road Safety Unit,,a3ae8b4c-a24f-433b-b9ac-55402d1e7fd2,2012-03-30,03:10:00,EDSA fronting Balintawak Market Quezon City,0,0,0,0,0,0,0,0,0,0,2012-03-30 11:10,Property,14.65762254,121.0143546,Rear-End
None,EDSA,None,None,"No Accident Factor, Rear-end, 0.0 drivers_injured, 0.0 drivers_killed, 0.0 passengers_injured, 0.0 passengers_killed, 0.0 pedestrian_injured, 0.0 pedestrian_killed, Fair (Day), EDSA Gen. McArthur Ave. Quezon City",MMDA Road Safety Unit,,c3970b9a-824a-41b7-9f72-446e2529647c,2012-03-29,23:30:00,EDSA Roosevelt Ave. Quezon City,0,0,0,0,0,0,0,0,0,0,2012-03-30 7:30,Property,14.61805145,121.0517604,Rear-End
None,EDSA,None,None,"No Accident Factor, No Collision Stated (based on Police Blotter Book), 0.0 drivers_injured, 0.0 drivers_killed, 0.0 passengers_injured, 0.0 passengers_killed, 0.0 pedestrian_injured, 0.0 pedestrian_killed, Fair (Day), EDSA West Ave. Quezon City",MMDA Road Safety Unit,,a0e84c9a-a1f3-469e-a6b2-219d1bd91edd,2012-03-29,08:30:00,"EDSA Congressional Ave., Bgy. Bahay Toro Quezon City",0,0,0,0,0,0,0,0,0,0,2012-03-29 16:30,Property,14.65548924,121.0298079,No Collision Stated
None,EDSA,None,None,"No Accident Factor, No Collision Stated (based on Police Blotter Book), 0.0 drivers_injured, 0.0 drivers_killed, 0.0 passengers_injured, 0.0 passengers_killed, 0.0 pedestrian_injured, 0.0 pedestrian_killed, Fair (Day), EDSA Cloverleaf Market Quezon City",MMDA Road Safety Unit,,d9df5842-7abb-4f82-b60f-946d59d67d3a,2012-03-29,04:30:00,EDSA Aurora Blvd. Quezon City,0,0,0,0,0,0,0,0,0,0,2012-03-29 12:30,Property,14.6575213,121.0010654,No Collision Stated
None,EDSA,None,None,"No Accident Factor, No Collision Stated (based on Police Blotter Book), 0.0 drivers_injured, 0.0 drivers_killed, 0.0 passengers_injured, 0.0 passengers_killed, 0.0 pedestrian_injured, 0.0 pedestrian_killed, Fair (Night), EDSA after North Ave., SM Quezon City",MMDA Road Safety Unit,,5769a1ad-637b-441f-bf48-9575291a5e4e,2012-03-28,15:30:00,EDSA before Panay Avenue/Mc Donalds Quezon City,0,0,0,0,0,0,0,0,0,0,2012-03-28 23:30,Property,14.65558737,121.0301018,No Collision Stated
None,EDSA,None,None,"No Accident Factor, Rear-end, 0.0 drivers_injured, 0.0 drivers_killed, 0.0 passengers_injured, 0.0 passengers_killed, 0.0 pedestrian_injured, 0.0 pedestrian_killed, Fair (Night), EDSA Santolan Mrt Quezon City",MMDA Road Safety Unit,,9d20293f-8f65-4a77-acb7-a9b372912485,2012-03-28,10:05:00,EDSA before K-3rd St. Quezon City,0,0,0,0,0,0,0,0,0,0,2012-03-28 18:05,Property,14.60773988,121.0564577,Rear-End
None,EDSA,None,None,"No Accident Factor, Rear-end, 0.0 drivers_injured, 0.0 drivers_killed, 0.0 passengers_injured, 0.0 passengers_killed, 0.0 pedestrian_injured, 0.0 pedestrian_killed, Fair (Night), EDSA fronting SM Hypermart, before Main Ave. Quezon City",MMDA Road Safety Unit,,f40269da-8790-4f20-83f0-799474021e0f,2012-03-28,10:00:00,"EDSA fronting Nepa-Q Mart, Bgy. E. Rodriguez Quezon City",0,0,0,0,0,0,0,0,0,0,2012-03-28 18:00,Property,14.61400984,121.053672,Rear-End
None,EDSA,None,None,"No Accident Factor, No Collision Stated (based on Police Blotter Book), 0.0 drivers_injured, 0.0 drivers_killed, 0.0 passengers_injured, 0.0 passengers_killed, 0.0 pedestrian_injured, 0.0 pedestrian_killed, Fair (Day), EDSA fronting Globe Master Depot, Balintawak Quezon City",MMDA Road Safety Unit,,80e49df6-0e12-4116-828d-261375eb1442,2012-03-28,05:15:00,"EDSA Seminary Road, Bahay Toro Quezon City",0,0,0,0,0,0,0,0,0,0,2012-03-28 13:15,Property,14.65750885,121.0141746,No Collision Stated
None,EDSA,None,None,"No Accident Factor, No Collision Stated (based on Police Blotter Book), 0.0 drivers_injured, 0.0 drivers_killed, 0.0 passengers_injured, 0.0 passengers_killed, 0.0 pedestrian_injured, 0.0 pedestrian_killed, Fair (Day), EDSA Congressional Ave., Brgy. Magsaysay Quezon City",MMDA Road Safety Unit,,3212ae1d-0d4c-42b4-8336-b2fa93b0f959,2012-03-28,04:00:00,"EDSA Aurora Blvd., Bgy. E. Rodriguez, Cubao Quezon City",0,0,0,0,0,0,0,0,0,0,2012-03-28 12:00,Property,14.6571804,120.9927185,No Collision Stated
None,EDSA,None,None,"No Accident Factor, No Collision Stated (based on Police Blotter Book), 0.0 drivers_injured, 0.0 drivers_killed, 0.0 passengers_injured, 0.0 passengers_killed, 0.0 pedestrian_injured, 0.0 pedestrian_killed, Fair (Night), EDSA Lucena Bus Lines Quezon City",MMDA Road Safety Unit,,18519e7a-ae9b-40a5-bc29-0309c4ba1d3f,2012-03-26,15:00:00,"EDSA before Gma Drive, MRT-GMA7 Station Quezon City",0,0,0,0,0,0,0,0,0,0,2012-03-26 23:00,Property,14.63163168,121.0456734,No Collision Stated
None,EDSA,None,None,"No Accident Factor, Rear-end, 0.0 drivers_injured, 0.0 drivers_killed, 0.0 passengers_injured, 0.0 passengers_killed, 0.0 pedestrian_injured, 0.0 pedestrian_killed, Fair (Day), EDSA after Whiteplains Ave. Quezon City",MMDA Road Safety Unit,,d613916a-98a8-4a81-9edf-92b29ad26ba5,2012-03-26,09:30:00,EDSA New York St. Quezon City,0,0,0,0,0,0,0,0,0,0,2012-03-26 17:30,Property,14.59991628,121.0597466,Rear-End
None,EDSA,None,None,"No Accident Factor, No Collision Stated (based on Police Blotter Book), 0.0 drivers_injured, 0.0 drivers_killed, 0.0 passengers_injured, 0.0 passengers_killed, 0.0 pedestrian_injured, 0.0 pedestrian_killed, Fair (Day), EDSA Timog Avenue Quezon City",MMDA Road Safety Unit,,e1333208-6ed9-453c-a9ae-4a950c6903a7,2012-03-26,07:05:00,EDSA Quezon Ave. Quezon City,0,0,0,0,0,0,0,0,0,0,2012-03-26 15:05,Property,14.63293559,121.0446304,No Collision Stated
None,EDSA,None,None,"No Accident Factor, No Collision Stated (based on Police Blotter Book), 0.0 drivers_injured, 0.0 drivers_killed, 0.0 passengers_injured, 0.0 passengers_killed, 0.0 pedestrian_injured, 0.0 pedestrian_killed, Fair (Day), EDSA fronting Oriental Market, Brgy. Ug Sigaw Quezon City",MMDA Road Safety Unit,,2bbde0ae-6569-41df-9033-49bb64ae5bca,2012-03-25,04:30:00,EDSA Walter Mart Quezon City,0,0,0,0,0,0,0,0,0,0,2012-03-25 12:30,Property,14.65737508,121.004028,No Collision Stated
None,EDSA,None,None,"No Accident Factor, No Collision Stated (based on Police Blotter Book), 0.0 drivers_injured, 0.0 drivers_killed, 0.0 passengers_injured, 0.0 passengers_killed, 0.0 pedestrian_injured, 0.0 pedestrian_killed, Fair (Night), EDSA North Ave. Quezon City",MMDA Road Safety Unit,,c2d42447-f01e-4615-af23-245f3509808d,2012-03-24,21:30:00,EDSA Aurora Blvd. Quezon City,0,0,0,0,0,0,0,0,0,0,2012-03-25 5:30,Property,14.65553839,121.0299647,No Collision Stated
None,EDSA,None,None,"No Accident Factor, No Collision Stated (based on Police Blotter Book), 0.0 drivers_injured, 0.0 drivers_killed, 0.0 passengers_injured, 0.0 passengers_killed, 0.0 pedestrian_injured, 0.0 pedestrian_killed, Fair (Night), EDSA Mindanao Ave. Quezon City",MMDA Road Safety Unit,,600d208b-7c45-496e-8ef4-7ddd5ff9572e,2012-03-24,14:10:00,EDSA Aurora Blvd. Quezon City,0,0,0,0,0,0,0,0,0,0,2012-03-24 22:10,Property,14.65052386,121.0335656,No Collision Stated
None,EDSA,None,None,"No Accident Factor, Hit and Run (No Collision Stated), 0.0 drivers_injured, 0.0 drivers_killed, 0.0 passengers_injured, 0.0 passengers_killed, 0.0 pedestrian_injured, 0.0 pedestrian_killed, Fair (Night), EDSA Timog Avenue Quezon City",MMDA Road Safety Unit,,6efdc671-d6dd-4e07-9277-ae9655cf0961,2012-03-24,13:00:00,"EDSA fronting Shell Gas Station, Bgy. Apolonio Samson Quezon City",0,0,0,0,0,0,0,0,0,0,2012-03-24 21:00,Property,14.63293559,121.0446304,No Collision Stated
None,EDSA,None,None,"No Accident Factor, No Collision Stated (based on Police Blotter Book), 0.0 drivers_injured, 0.0 drivers_killed, 0.0 passengers_injured, 0.0 passengers_killed, 0.0 pedestrian_injured, 0.0 pedestrian_killed, Fair (Night), EDSA fronting Jackman R. Magsaysay Quezon City",MMDA Road Safety Unit,,9c619a8e-8c32-4833-862d-7642b71f7a6c,2012-03-24,12:00:00,EDSA West Ave. Quezon City,0,0,0,0,0,0,0,0,0,0,2012-03-24 20:00,Property,14.65772869,121.0211666,No Collision Stated
None,EDSA,None,None,"No Accident Factor, Rear-end, 0.0 drivers_injured, 0.0 drivers_killed, 0.0 passengers_injured, 0.0 passengers_killed, 0.0 pedestrian_injured, 0.0 pedestrian_killed, Fair (Night), EDSA fronting Baliwag Bus Terminal Brgy. E. Rodriguez Cubao Quezon City",MMDA Road Safety Unit,,318a199c-8525-42d0-98c1-d2e7f3ef396f,2012-03-24,11:30:00,"EDSA after West Ave., Bgy. Phil-Am Quezon City",0,0,0,0,0,0,0,0,0,0,2012-03-24 19:30,Property,14.62497658,121.0487035,Rear-End
None,EDSA,None,None,"No Accident Factor, Angle Impact, 0.0 drivers_injured, 0.0 drivers_killed, 0.0 passengers_injured, 0.0 passengers_killed, 0.0 pedestrian_injured, 0.0 pedestrian_killed, Fair (Day), EDSA P. Tuazon Blvd. Brgy. Socorro, Cubao Quezon City",MMDA Road Safety Unit,,a7563a66-c152-4b97-8e3d-564c73bec985,2012-03-24,05:00:00,EDSA fronting Balintawak Market Quezon City,0,0,0,0,0,0,0,0,0,0,2012-03-24 13:00,Property,14.61656342,121.0525225,Angle Impact
None,EDSA,None,None,"No Accident Factor, Hit Object (Steel Pipe Railings), 0.0 drivers_injured, 0.0 drivers_killed, 0.0 passengers_injured, 0.0 passengers_killed, 0.0 pedestrian_injured, 0.0 pedestrian_killed, Fair (Night), EDSA Mindanao Ave., Ext. before Police Sub. Stn. 3 Quezon City",MMDA Road Safety Unit,,87c27a85-1456-4f90-a5a8-98805cd034e5,2012-03-23,17:45:00,EDSA fronting SM  Quezon City,0,0,0,0,0,0,0,0,0,0,2012-03-24 1:45,Property,14.65052386,121.0335656,Hit Object
None,EDSA,None,None,"No Accident Factor, No Collision Stated (based on Police Blotter Book), 0.0 drivers_injured, 0.0 drivers_killed, 0.0 passengers_injured, 0.0 passengers_killed, 0.0 pedestrian_injured, 0.0 pedestrian_killed, Fair (Night), EDSA Timog Avenue Quezon City",MMDA Road Safety Unit,,be834871-d0ba-47cb-a76a-7d45db4151c4,2012-03-23,12:45:00,"EDSA Main Ave., Bgy. Socorro Quezon City",0,0,0,0,0,0,0,0,0,0,2012-03-23 20:45,Property,14.63293559,121.0446304,No Collision Stated
None,EDSA,None,None,"No Accident Factor, Side Swipe, 0.0 drivers_injured, 0.0 drivers_killed, 0.0 passengers_injured, 0.0 passengers_killed, 0.0 pedestrian_injured, 0.0 pedestrian_killed, Fair (Day), EDSA Gen. Roxas Avenue., Cubao Quezon City",MMDA Road Safety Unit,,19024876-8d7e-4d67-b3f6-8f080f31f866,2012-03-23,09:30:00,EDSA Main Ave. Quezon City,0,0,0,0,0,0,0,0,0,0,2012-03-23 17:30,Property,14.62042254,121.0508064,Side Swipe
None,EDSA,None,None,"No Accident Factor, Side Swipe, 0.0 drivers_injured, 0.0 drivers_killed, 0.0 passengers_injured, 0.0 passengers_killed, 0.0 pedestrian_injured, 0.0 pedestrian_killed, Fair (Night), EDSA P. Tuazon Blvd. Quezon City",MMDA Road Safety Unit,,d9c4f43c-faba-4b90-8825-0541892b2507,2012-03-22,15:00:00,EDSA West Ave. Quezon City,0,0,0,0,0,0,0,0,0,0,2012-03-22 23:00,Property,14.61656342,121.0525225,Side Swipe
None,EDSA,None,None,"No Accident Factor, Angle Impact, 1.0 drivers_injured, 0.0 drivers_killed, 0.0 passengers_injured, 0.0 passengers_killed, 0.0 pedestrian_injured, 0.0 pedestrian_killed, Fair (Night), EDSA fronting Mercury Drugstore, K-10th St., Bgy. West Kamias Quezon City",MMDA Road Safety Unit,,5c18f11f-d3e9-42d1-99e6-036edbf9508f,2012-03-22,12:00:00,"EDSA Congressional Ave., Bgy. Ramon Magsaysay Quezon City",0,0,0,1,0,0,0,0,0,1,2012-03-22 20:00,Injury,14.62889012,121.0469255,Angle Impact
None,EDSA,None,None,"No Accident Factor, No Collision Stated (based on Police Blotter Book), 0.0 drivers_injured, 0.0 drivers_killed, 0.0 passengers_injured, 0.0 passengers_killed, 0.0 pedestrian_injured, 0.0 pedestrian_killed, Fair (Night), EDSA after West Ave. Quezon City",MMDA Road Safety Unit,,9bdb3f5a-3206-4404-b917-12e7ace86b5b,2012-03-22,11:00:00,"EDSA Ortigas Ave., Robinson's Galleria Quezon City",0,0,0,0,0,0,0,0,0,0,2012-03-22 19:00,Property,14.65487538,121.0304242,No Collision Stated
None,EDSA,None,None,"No Accident Factor, Rear-end, 0.0 drivers_injured, 0.0 drivers_killed, 0.0 passengers_injured, 0.0 passengers_killed, 0.0 pedestrian_injured, 0.0 pedestrian_killed, Fair (Day), EDSA fronting ES Transport Terminal, Bgy. E. Rodriguez Quezon City",MMDA Road Safety Unit,,135d5ce7-997a-4b9f-b8be-00c9f22c13c7,2012-03-22,09:20:00,EDSA SM Annex Quezon City,0,0,0,0,0,0,0,0,0,0,2012-03-22 17:20,Property,14.62539084,121.0484911,Rear-End
None,EDSA,None,None,"No Accident Factor, No Collision Stated (based on Police Blotter Book), 0.0 drivers_injured, 0.0 drivers_killed, 0.0 passengers_injured, 0.0 passengers_killed, 0.0 pedestrian_injured, 0.0 pedestrian_killed, Fair (Night), EDSA after West Ave., brgy. Bungad Quezon City",MMDA Road Safety Unit,,cedae98f-12ad-4a1d-9de9-40e03728e562,2012-03-21,10:00:00,EDSA before Kamuning Road Quezon City,0,0,0,0,0,0,0,0,0,0,2012-03-21 18:00,Property,14.65487538,121.0304242,No Collision Stated
None,EDSA,None,None,"No Accident Factor, No Collision Stated (based on Police Blotter Book), 0.0 drivers_injured, 0.0 drivers_killed, 0.0 passengers_injured, 0.0 passengers_killed, 0.0 pedestrian_injured, 0.0 pedestrian_killed, Fair (Day), EDSA Congressional Ave. Quezon City",MMDA Road Safety Unit,,4ebdfbd0-ae53-4d0f-83f3-c4f51eebbf05,2012-03-21,07:10:00,EDSA before Congressional Ave. Quezon City,0,0,0,0,0,0,0,0,0,0,2012-03-21 15:10,Property,14.6571804,120.9927185,No Collision Stated
None,EDSA,None,None,"No Accident Factor, Side Swipe, 0.0 drivers_injured, 0.0 drivers_killed, 0.0 passengers_injured, 0.0 passengers_killed, 0.0 pedestrian_injured, 0.0 pedestrian_killed, Fair (Day), EDSA Misamis St., brgy. Sto. Cristo Quezon City",MMDA Road Safety Unit,,5c9c991b-4a5c-48c0-a86a-61fbe5cb3631,2012-03-21,00:20:00,"EDSA Col. Bonny Serrano Ave. (Santolan Road), Bgy. Socorro Quezon City",0,0,0,0,0,0,0,0,0,0,2012-03-21 8:20,Property,14.65602348,121.0285212,Side Swipe
None,EDSA,None,None,"No Accident Factor, No Collision Stated (based on Police Blotter Book), 1.0 drivers_injured, 0.0 drivers_killed, 0.0 passengers_injured, 0.0 passengers_killed, 0.0 pedestrian_injured, 0.0 pedestrian_killed, Fair (Day), EDSA Quezon Avenue Quezon City",MMDA Road Safety Unit,,979f361a-856c-441e-af0d-dadc049ccf72,2012-03-20,22:00:00,"EDSA Col. Bonny Serrano Ave. (Santolan Road), Bgy. Socorro Quezon City",0,0,0,1,0,0,0,0,0,1,2012-03-21 6:00,Injury,14.6442444,121.0375839,No Collision Stated
None,EDSA,None,None,"No Accident Factor, Angle Impact, 0.0 drivers_injured, 0.0 drivers_killed, 0.0 passengers_injured, 0.0 passengers_killed, 0.0 pedestrian_injured, 0.0 pedestrian_killed, Fair (Night), EDSA White Plains Quezon City",MMDA Road Safety Unit,,e5b0b0d5-8c85-4856-8167-aea05183682b,2012-03-20,21:40:00,EDSA East Ave. Quezon City,0,0,0,0,0,0,0,0,0,0,2012-03-21 5:40,Property,14.59961782,121.0596522,Angle Impact
None,EDSA,None,None,"No Accident Factor, No Collision Stated (based on Police Blotter Book), 0.0 drivers_injured, 0.0 drivers_killed, 0.0 passengers_injured, 0.0 passengers_killed, 0.0 pedestrian_injured, 0.0 pedestrian_killed, Fair (Night), EDSA North Ave. Quezon City",MMDA Road Safety Unit,,2d0bc40d-1bb9-49e7-956b-d710ce061260,2012-03-20,17:00:00,"EDSA fronting Centris, before Quezon Ave. Quezon City",0,0,0,0,0,0,0,0,0,0,2012-03-21 1:00,Property,14.65553839,121.0299647,No Collision Stated
None,EDSA,None,None,"No Accident Factor, No Collision Stated (based on Police Blotter Book), 0.0 drivers_injured, 0.0 drivers_killed, 0.0 passengers_injured, 0.0 passengers_killed, 0.0 pedestrian_injured, 0.0 pedestrian_killed, Fair (Night), EDSA after Wesr Ave., brgy. Bungad Quezon City",MMDA Road Safety Unit,,2f97a6a0-d114-4e0c-8c64-7d062e505fc5,2012-03-20,11:25:00,EDSA before Ermin Garcia St. (Minnesota) Quezon City,0,0,0,0,0,0,0,0,0,0,2012-03-20 19:25,Property,14.65487538,121.0304242,No Collision Stated
None,EDSA,None,None,"No Accident Factor, No Collision Stated (based on Police Blotter Book), 0.0 drivers_injured, 0.0 drivers_killed, 0.0 passengers_injured, 0.0 passengers_killed, 0.0 pedestrian_injured, 0.0 pedestrian_killed, Fair (Night), EDSA SM Loading Bay, brgy. Pag-asa Quezon City",MMDA Road Safety Unit,,fcce4450-b2d1-4f08-bd68-1fba7da66c60,2012-03-20,10:30:00,EDSA North Ave. Quezon City,0,0,0,0,0,0,0,0,0,0,2012-03-20 18:30,Property,14.65748566,121.0224094,No Collision Stated
None,EDSA,None,None,"No Accident Factor, No Collision Stated (based on Police Blotter Book), 0.0 drivers_injured, 0.0 drivers_killed, 0.0 passengers_injured, 0.0 passengers_killed, 0.0 pedestrian_injured, 0.0 pedestrian_killed, Fair (Day), EDSA Roosevelt Ave.   Quezon City",MMDA Road Safety Unit,,084c7ecf-c006-4ba7-838f-358597dfafd1,2012-03-20,07:10:00,EDSA North Ave.   Quezon City,0,0,0,0,0,0,0,0,0,0,2012-03-20 15:10,Property,14.65762047,121.0196373,No Collision Stated
None,EDSA,None,None,"No Accident Factor, Side Swipe, 0.0 drivers_injured, 0.0 drivers_killed, 0.0 passengers_injured, 0.0 passengers_killed, 0.0 pedestrian_injured, 0.0 pedestrian_killed, Fair (Day), EDSA fronting Gate 3 Camp Aguinaldo, Bgy. Socorro Quezon City",MMDA Road Safety Unit,,831d4380-bcdb-4737-a191-804e68815d3d,2012-03-20,06:30:00,EDSA fronting Landmark Quezon City,0,0,0,0,0,0,0,0,0,0,2012-03-20 14:30,Property,14.60475566,121.0580111,Side Swipe