LOCATION_TEXT,ROAD,WEATHER,LIGHT,DESC,REPORTING_AGENCY,MAIN_CAUSE,INCIDENTDETAILS_ID,DATE_UTC,TIME_UTC,ADDRESS,killed_driver,killed_passenger,killed_pedestrian,injured_driver,injured_passenger,injured_pedestrian,killed_uncategorized,injured_uncategorized,killed_total,injured_total,DATETIME_PST,SEVERITY,Y,X,COLLISION_TYPE
None,EDSA,None,None,"No Accident Factor, Hit and Run (No Collision Stated), 0.0 drivers_injured, 0.0 drivers_killed, 0.0 passengers_injured, 0.0 passengers_killed, 0.0 pedestrian_injured, 0.0 pedestrian_killed, Fair (Day), EDSA Quezon Ave. Quezon City",MMDA Road Safety Unit,,8b138521-c104-4164-a97b-52b212e57c62,2012-03-20,00:15:00,EDSA fronting Mariwasa Quezon City,0,0,0,0,0,0,0,0,0,0,2012-03-20 8:15,Property,14.6442444,121.0375839,No Collision Stated
None,EDSA,None,None,"No Accident Factor, No Collision Stated (based on Police Blotter Book), 0.0 drivers_injured, 0.0 drivers_killed, 0.0 passengers_injured, 0.0 passengers_killed, 0.0 pedestrian_injured, 0.0 pedestrian_killed, Fair (Day), EDSA New York St. Quezon City",MMDA Road Safety Unit,,3caa2123-bb67-4685-b6f3-691499d21d74,2012-03-19,09:45:00,EDSA after Arayat St. Quezon City,0,0,0,0,0,0,0,0,0,0,2012-03-19 17:45,Property,14.62568514,121.0482307,No Collision Stated
None,EDSA,None,None,"No Accident Factor, Rear-end, 0.0 drivers_injured, 0.0 drivers_killed, 0.0 passengers_injured, 0.0 passengers_killed, 0.0 pedestrian_injured, 0.0 pedestrian_killed, Fair (Day), EDSA Main Ave. Quezon City",MMDA Road Safety Unit,,a3c7b140-83b0-4366-adae-1b7644d6666d,2012-03-19,05:55:00,"EDSA Misamis St., SM Annex Quezon City",0,0,0,0,0,0,0,0,0,0,2012-03-19 13:55,Property,14.61376458,121.0537933,Rear-End
None,EDSA,None,None,"No Accident Factor, No Collision Stated (based on Police Blotter Book), 0.0 drivers_injured, 0.0 drivers_killed, 0.0 passengers_injured, 0.0 passengers_killed, 0.0 pedestrian_injured, 0.0 pedestrian_killed, Fair (Day), EDSA Kamuning Road Quezon City",MMDA Road Safety Unit,,99bb709a-9bef-441e-a6f4-a1d38a0e421c,2012-03-19,01:30:00,EDSA before Quezon Ave. Quezon City,0,0,0,0,0,0,0,0,0,0,2012-03-19 9:30,Property,14.63075725,121.0457548,No Collision Stated
None,EDSA,None,None,"No Accident Factor, No Collision Stated (based on Police Blotter Book), 0.0 drivers_injured, 0.0 drivers_killed, 0.0 passengers_injured, 0.0 passengers_killed, 0.0 pedestrian_injured, 0.0 pedestrian_killed, Fair (Day), EDSA Quezon Ave., brgy. West Triangle Quezon City",MMDA Road Safety Unit,,d745f936-365b-4252-a852-92ee3eed7888,2012-03-19,00:30:00,EDSA before Aurora Blvd. Quezon City,0,0,0,0,0,0,0,0,0,0,2012-03-19 8:30,Property,14.6442444,121.0375839,Angle Impact
None,EDSA,None,None,"No Accident Factor, No Collision Stated (based on Police Blotter Book), 0.0 drivers_injured, 0.0 drivers_killed, 0.0 passengers_injured, 0.0 passengers_killed, 0.0 pedestrian_injured, 0.0 pedestrian_killed, Fair (Night), EDSA before Congressional Ave. Quezon City",MMDA Road Safety Unit,,9dd2c38b-3d1e-4f67-a2a6-33c2e23c7404,2012-03-18,12:55:00,"EDSA fronting Baliwag Transit Terminal, Bgy. E. Rodriguez St. Quezon City",0,0,0,0,0,0,0,0,0,0,2012-03-18 20:55,Property,14.65776988,121.0203598,No Collision Stated
None,EDSA,None,None,"No Accident Factor, No Collision Stated (based on Police Blotter Book), 0.0 drivers_injured, 0.0 drivers_killed, 0.0 passengers_injured, 0.0 passengers_killed, 0.0 pedestrian_injured, 0.0 pedestrian_killed, Fair (Night), EDSA Congressional Ave. Quezon City",MMDA Road Safety Unit,,9c1d99e8-add4-4e2a-9c7f-8272f781f155,2012-03-18,12:15:00,EDSA Gen. Roxas St. Quezon City,0,0,0,0,0,0,0,0,0,0,2012-03-18 20:15,Property,14.6571804,120.9927185,No Collision Stated
None,EDSA,None,None,"No Accident Factor, No Collision Stated (based on Police Blotter Book), 0.0 drivers_injured, 0.0 drivers_killed, 0.0 passengers_injured, 0.0 passengers_killed, 0.0 pedestrian_injured, 0.0 pedestrian_killed, Fair (Night), EDSA Misamis St., brgy. Sto. Cristo Quezon City",MMDA Road Safety Unit,,50c354db-e1e7-4187-a01e-22ea2e51afa0,2012-03-18,11:00:00,EDSA Roosevelt Ave. Quezon City,0,0,0,0,0,0,0,0,0,0,2012-03-18 19:00,Property,14.65602348,121.0285212,No Collision Stated
None,EDSA,None,None,"No Accident Factor, No Collision Stated (based on Police Blotter Book), 0.0 drivers_injured, 0.0 drivers_killed, 0.0 passengers_injured, 0.0 passengers_killed, 0.0 pedestrian_injured, 0.0 pedestrian_killed, Fair (Day), EDSA fronting SM brgy. Pag-asa Quezon City",MMDA Road Safety Unit,,446525f5-d828-4420-92c7-962a99379d0d,2012-03-18,08:00:00,"EDSA Congressional Ave., Bgy. Ramon Magsaysay Quezon City",0,0,0,0,0,0,0,0,0,0,2012-03-18 16:00,Property,14.6565149,121.0265678,No Collision Stated
None,EDSA,None,None,"No Accident Factor, No Collision Stated (based on Police Blotter Book), 0.0 drivers_injured, 0.0 drivers_killed, 0.0 passengers_injured, 0.0 passengers_killed, 0.0 pedestrian_injured, 0.0 pedestrian_killed, Fair (Day), EDSA Misamis St., Bgy. Bagong Pag-asa Quezon City",MMDA Road Safety Unit,,283e82dd-8b85-460d-81ea-290d2d7bfc92,2012-03-18,07:50:00,EDSA South Ave. / Timog Ave. Quezon City,0,0,0,0,0,0,0,0,0,0,2012-03-18 15:50,Property,14.65602348,121.0285212,No Collision Stated
None,EDSA,None,None,"No Accident Factor, Rear-end, 0.0 drivers_injured, 0.0 drivers_killed, 0.0 passengers_injured, 0.0 passengers_killed, 0.0 pedestrian_injured, 0.0 pedestrian_killed, Fair (Day), EDSA U-Turn Slot, fronting SM Annex Bldg., brgy. Bagong Pag-asa Quezon City",MMDA Road Safety Unit,,00470ece-f6f2-4f18-9bef-cd8dd38e5aeb,2012-03-18,07:30:00,EDSA North Ave. Quezon City,0,0,0,0,0,0,0,0,0,0,2012-03-18 15:30,Property,14.6571804,120.9927185,Rear-End
None,EDSA,None,None,"No Accident Factor, No Collision Stated (based on Police Blotter Book), 0.0 drivers_injured, 0.0 drivers_killed, 0.0 passengers_injured, 0.0 passengers_killed, 0.0 pedestrian_injured, 0.0 pedestrian_killed, Fair (Day), EDSA Mrt North Ave., brgy. Veterans Quezon City",MMDA Road Safety Unit,,cd486204-9590-431b-a32c-2006c5954b0f,2012-03-18,01:30:00,EDSA fronting SM Mall Quezon City,0,0,0,0,0,0,0,0,0,0,2012-03-18 9:30,Property,14.65224665,121.0323026,No Collision Stated
None,EDSA,None,None,"No Accident Factor, No Collision Stated (based on Police Blotter Book), 0.0 drivers_injured, 0.0 drivers_killed, 0.0 passengers_injured, 0.0 passengers_killed, 0.0 pedestrian_injured, 0.0 pedestrian_killed, Fair (Night), EDSA West Ave. Quezon City",MMDA Road Safety Unit,,d955e9af-a350-4cd5-bba1-77ed67babe5f,2012-03-17,14:45:00,EDSA before Ermin Garcia St. (Minnesota) Quezon City,0,0,0,0,0,0,0,0,0,0,2012-03-17 22:45,Property,14.65548924,121.0298079,No Collision Stated
None,EDSA,None,None,"No Accident Factor, No Collision Stated (based on Police Blotter Book), 0.0 drivers_injured, 0.0 drivers_killed, 0.0 passengers_injured, 0.0 passengers_killed, 0.0 pedestrian_injured, 0.0 pedestrian_killed, Fair (Day), EDSA U-Turn Slot, brgy. R. Magsayasay Quezon City",MMDA Road Safety Unit,,08501699-b9cc-4af9-a6b7-df3215941c69,2012-03-17,05:15:00,EDSA Cloverleaf Market Quezon City,0,0,0,0,0,0,0,0,0,0,2012-03-17 13:15,Property,14.6571804,120.9927185,No Collision Stated
None,EDSA,None,None,"No Accident Factor, No Collision Stated (based on Police Blotter Book), 0.0 drivers_injured, 0.0 drivers_killed, 0.0 passengers_injured, 0.0 passengers_killed, 0.0 pedestrian_injured, 0.0 pedestrian_killed, Fair (Day), EDSA Mindanao ext., brgy. Pag-asa Quezon City",MMDA Road Safety Unit,,f5bd63ef-5b77-4705-9b81-21a265db70a9,2012-03-16,23:10:00,EDSA fronting Wilcon Depot Quezon City,0,0,0,0,0,0,0,0,0,0,2012-03-17 7:10,Property,14.65052386,121.0335656,No Collision Stated
None,EDSA,None,None,"No Accident Factor, No Collision Stated (based on Police Blotter Book), 0.0 drivers_injured, 0.0 drivers_killed, 0.0 passengers_injured, 0.0 passengers_killed, 0.0 pedestrian_injured, 0.0 pedestrian_killed, Fair (Day), EDSA Before Santolan Bridge Quezon City",MMDA Road Safety Unit,,7c6ee718-7ce2-4440-93fb-7cae939fea4b,2012-03-16,09:20:00,"EDSA Misamis St., Bgy. Bagong Pag-asa Quezon City",0,0,0,0,0,0,0,0,0,0,2012-03-16 17:20,Property,14.61315135,121.0539448,No Collision Stated
None,EDSA,None,None,"No Accident Factor, Side Swipe, 0.0 drivers_injured, 0.0 drivers_killed, 0.0 passengers_injured, 0.0 passengers_killed, 0.0 pedestrian_injured, 0.0 pedestrian_killed, Fair (Day), EDSA fronting Baliwag Bus Terminal, Bgy. E. Rodriguez, Cubao Quezon City",MMDA Road Safety Unit,,b1cfdcee-659c-4aec-b711-cc21574dbaa7,2012-03-16,08:50:00,EDSA fronting Balintawak Market Quezon City,0,0,0,0,0,0,0,0,0,0,2012-03-16 16:50,Property,14.62497658,121.0487035,Side Swipe
None,EDSA,None,None,"No Accident Factor, Side Swipe, 0.0 drivers_injured, 0.0 drivers_killed, 0.0 passengers_injured, 0.0 passengers_killed, 0.0 pedestrian_injured, 0.0 pedestrian_killed, Fair (Day), EDSA fronting Five Star Bus Terminal Quezon City",MMDA Road Safety Unit,,986f4ae4-f77e-4560-bc72-c5e5b44e2755,2012-03-16,08:10:00,"EDSA at Bus Bay, SM North Quezon City",0,0,0,0,0,0,0,0,0,0,2012-03-16 16:10,Property,14.62380284,121.0492837,Side Swipe
None,EDSA,None,None,"No Accident Factor, No Collision Stated (based on Police Blotter Book), 0.0 drivers_injured, 0.0 drivers_killed, 0.0 passengers_injured, 0.0 passengers_killed, 0.0 pedestrian_injured, 0.0 pedestrian_killed, Fair (Day), EDSA before East Ave. Quezon City",MMDA Road Safety Unit,,4bbfc674-ad7a-4344-af06-9817577e9c63,2012-03-16,06:30:00,"EDSA Corregidor St., Cubao Quezon City",0,0,0,0,0,0,0,0,0,0,2012-03-16 14:30,Property,14.63242548,121.0451015,No Collision Stated
None,EDSA,None,None,"No Accident Factor, No Collision Stated (based on Police Blotter Book), 0.0 drivers_injured, 0.0 drivers_killed, 0.0 passengers_injured, 0.0 passengers_killed, 0.0 pedestrian_injured, 0.0 pedestrian_killed, Fair (Day), EDSA OP/UP, Balintawak Quezon City",MMDA Road Safety Unit,,39c17d71-5d6c-42c8-9ce7-01d7c4f63f12,2012-03-16,04:30:00,"EDSA at ""U"" turn slot, GMA Network Drive Quezon City",0,0,0,0,0,0,0,0,0,0,2012-03-16 12:30,Property,14.65736015,121.002298,No Collision Stated
None,EDSA,None,None,"No Accident Factor, No Collision Stated (based on Police Blotter Book), 0.0 drivers_injured, 0.0 drivers_killed, 0.0 passengers_injured, 0.0 passengers_killed, 0.0 pedestrian_injured, 0.0 pedestrian_killed, Fair (Night), EDSA OP/UP, Brgy. Balingasa Quezon City",MMDA Road Safety Unit,,948defb9-9f56-4541-b2e6-4135a028eabd,2012-03-15,11:35:00,"EDSA at ""U"" turn slot, Kamuning Road Quezon City",0,0,0,0,0,0,0,0,0,0,2012-03-15 19:35,Property,14.65736015,121.002298,No Collision Stated
None,EDSA,None,None,"No Accident Factor, No Collision Stated (based on Police Blotter Book), 0.0 drivers_injured, 0.0 drivers_killed, 0.0 passengers_injured, 0.0 passengers_killed, 0.0 pedestrian_injured, 0.0 pedestrian_killed, Fair (Day), EDSA at ""U"" turn slot, Gma7 Network Drive near East & Timog Avenue Quezon City",MMDA Road Safety Unit,,51dff6c1-8650-47d4-9a35-8b88e15d965d,2012-03-15,03:00:00,"EDSA fronting Guzent Bldg., Bgy. Katipu Quezon City",0,0,0,0,0,0,0,0,0,0,2012-03-15 11:00,Property,14.633787,121.04437,No Collision Stated
None,EDSA,None,None,"No Accident Factor, Hit and Run (No Collision Stated), 1.0 drivers_injured, 0.0 drivers_killed, 0.0 passengers_injured, 0.0 passengers_killed, 0.0 pedestrian_injured, 0.0 pedestrian_killed, Fair (Day), EDSA Cloverleaf Interchange Balintawak Quezon City",MMDA Road Safety Unit,,42e695a0-6a5c-4f33-b2a5-f52ca0654d10,2012-03-14,22:30:00,"EDSA fronting ES Transport Bus Terminal, Cubao Quezon City",0,0,0,1,0,0,0,0,0,1,2012-03-15 6:30,Injury,14.6575213,121.0010654,No Collision Stated
None,EDSA,None,None,"No Accident Factor, No Collision Stated (based on Police Blotter Book), 2.0 drivers_injured, 0.0 drivers_killed, 0.0 passengers_injured, 0.0 passengers_killed, 0.0 pedestrian_injured, 0.0 pedestrian_killed, Fair (Night), EDSA fronting SM Annex, Brgy. Pag-asa Quezon City",MMDA Road Safety Unit,,af55b8f5-d53a-4fce-bacf-3e78023cbc21,2012-03-14,17:45:00,EDSA P. Tuazon Blvd. Quezon City,0,0,0,2,0,0,0,0,0,2,2012-03-15 1:45,Injury,14.6565149,121.0265678,No Collision Stated
None,EDSA,None,None,"No Accident Factor, No Collision Stated (based on Police Blotter Book), 0.0 drivers_injured, 0.0 drivers_killed, 0.0 passengers_injured, 0.0 passengers_killed, 0.0 pedestrian_injured, 0.0 pedestrian_killed, Fair (Night), EDSA Congressional Ave., Bgy. Ramon Magsaysay Quezon City",MMDA Road Safety Unit,,298b3033-a583-4b1b-8bdf-08fdbbd62c95,2012-03-14,15:05:00,EDSA fronting Trinoma Quezon City,0,0,0,0,0,0,0,0,0,0,2012-03-14 23:05,Property,14.6571804,120.9927185,No Collision Stated
None,EDSA,None,None,"No Accident Factor, Rear-end, 0.0 drivers_injured, 0.0 drivers_killed, 0.0 passengers_injured, 0.0 passengers_killed, 0.0 pedestrian_injured, 0.0 pedestrian_killed, Fair (Night), EDSA fronting Jac Liner Bus Terminal, before Kamias Road, Bgy. Pinyahan Quezon City",MMDA Road Safety Unit,,80cd3f1f-9028-4314-b698-37faf6a5d060,2012-03-14,13:55:00,EDSA North Ave. Quezon City,0,0,0,0,0,0,0,0,0,0,2012-03-14 21:55,Property,14.63206278,121.0454731,Rear-End
None,EDSA,None,None,"No Accident Factor, Side Swipe, 1.0 drivers_injured, 0.0 drivers_killed, 0.0 passengers_injured, 0.0 passengers_killed, 0.0 pedestrian_injured, 0.0 pedestrian_killed, Fair (Day), EDSA B. Serrano Avenue Quezon City",MMDA Road Safety Unit,,9c4379ae-b4f1-4f20-a52d-eb43f062778c,2012-03-14,08:30:00,EDSA fronting SM City-North Quezon City,0,0,0,1,0,0,0,0,0,1,2012-03-14 16:30,Injury,14.61096685,121.0551991,Side Swipe
None,EDSA,None,None,"No Accident Factor, No Collision Stated (based on Police Blotter Book), 0.0 drivers_injured, 0.0 drivers_killed, 0.0 passengers_injured, 0.0 passengers_killed, 0.0 pedestrian_injured, 0.0 pedestrian_killed, Fair (Day), EDSA Mo. Ignacia St. Quezon City",MMDA Road Safety Unit,,1bdd0e54-c70b-4722-a580-d27c46ae0f46,2012-03-14,02:05:00,EDSA South Ave. / Timog Ave. Quezon City,0,0,0,0,0,0,0,0,0,0,2012-03-14 10:05,Property,14.64225922,121.038789,No Collision Stated
None,EDSA,None,None,"No Accident Factor, No Collision Stated (based on Police Blotter Book), 0.0 drivers_injured, 0.0 drivers_killed, 0.0 passengers_injured, 0.0 passengers_killed, 0.0 pedestrian_injured, 0.0 pedestrian_killed, Fair (Day), EDSA Gma Network Drive Quezon City",MMDA Road Safety Unit,,6c28a29c-a00b-4d80-9e4f-df9cba7c90ea,2012-03-14,01:30:00,EDSA before Quezon Ave. Quezon City,0,0,0,0,0,0,0,0,0,0,2012-03-14 9:30,Property,14.63467214,121.0435714,No Collision Stated
None,EDSA,None,None,"No Accident Factor, Hit and Run (No Collision Stated), 0.0 drivers_injured, 0.0 drivers_killed, 0.0 passengers_injured, 0.0 passengers_killed, 0.0 pedestrian_injured, 0.0 pedestrian_killed, Fair (Day), EDSA Kamias Road Quezon City",MMDA Road Safety Unit,,8a98a93f-5c55-4c90-ba1b-5c3d3ad86977,2012-03-14,01:00:00,"EDSA at ""U"" turn slot, Kamuning Road Quezon City",0,0,0,0,0,0,0,0,0,0,2012-03-14 9:00,Property,14.6309142,121.0459376,No Collision Stated
None,EDSA,None,None,"No Accident Factor, Side Swipe, 0.0 drivers_injured, 0.0 drivers_killed, 0.0 passengers_injured, 0.0 passengers_killed, 0.0 pedestrian_injured, 0.0 pedestrian_killed, Fair (Night), EDSA North Ave., Bgy. Bagong Pag-asa Quezon City",MMDA Road Safety Unit,,bfde3e06-9b11-46b2-a825-237a5a8adc87,2012-03-13,12:30:00,EDSA Gate 1 of Camp Aguinaldo Quezon City,0,0,0,0,0,0,0,0,0,0,2012-03-13 20:30,Property,14.65553839,121.0299647,Side Swipe
None,EDSA,None,None,"No Accident Factor, No Collision Stated (based on Police Blotter Book), 0.0 drivers_injured, 0.0 drivers_killed, 0.0 passengers_injured, 0.0 passengers_killed, 0.0 pedestrian_injured, 0.0 pedestrian_killed, Fair (Night), EDSA Congressional Ave. Quezon City",MMDA Road Safety Unit,,c11f0458-67ef-4284-8610-b6d4767ce578,2012-03-13,11:00:00,"EDSA fronting Gate 3 of Camp Aguinaldo, Bgy. Socorro Quezon City",0,0,0,0,0,0,0,0,0,0,2012-03-13 19:00,Property,14.6571804,120.9927185,No Collision Stated
None,EDSA,None,None,"No Accident Factor, No Collision Stated (based on Police Blotter Book), 0.0 drivers_injured, 0.0 drivers_killed, 0.0 passengers_injured, 0.0 passengers_killed, 0.0 pedestrian_injured, 0.0 pedestrian_killed, Fair (Day), EDSA Cloverleaf Quezon City",MMDA Road Safety Unit,,059da4e6-82cd-461e-9563-351282ae45d8,2012-03-13,07:10:00,EDSA Quezon Ave. Quezon City,0,0,0,0,0,0,0,0,0,0,2012-03-13 15:10,Property,14.65747901,121.0011914,No Collision Stated
None,EDSA,None,None,"No Accident Factor, No Collision Stated (based on Police Blotter Book), 0.0 drivers_injured, 0.0 drivers_killed, 0.0 passengers_injured, 0.0 passengers_killed, 0.0 pedestrian_injured, 0.0 pedestrian_killed, Fair (Night), EDSA Bansalangin brgy. Veterans Quezon City",MMDA Road Safety Unit,,7690b246-ccfc-4867-83a7-275efd2706ae,2012-03-12,16:00:00,"EDSA at ""U"" turn slot, Trinoma Quezon City",0,0,0,0,0,0,0,0,0,0,2012-03-13,Property,14.6567996,121.0241845,No Collision Stated
None,EDSA,None,None,"No Accident Factor, No Collision Stated (based on Police Blotter Book), 0.0 drivers_injured, 0.0 drivers_killed, 0.0 passengers_injured, 0.0 passengers_killed, 0.0 pedestrian_injured, 0.0 pedestrian_killed, Fair (Night), EDSA before Panay Avenue / Mc Donalds Quezon City",MMDA Road Safety Unit,,eeadb3d6-0439-4a80-91c6-e16cb7c778dc,2012-03-12,14:45:00,"EDSA at ""U"" turn slot, SM City-North (Annex Bldg.) Quezon City",0,0,0,0,0,0,0,0,0,0,2012-03-12 22:45,Property,14.64326824,121.0379402,No Collision Stated
None,EDSA,None,None,"No Accident Factor, No Collision Stated (based on Police Blotter Book), 0.0 drivers_injured, 0.0 drivers_killed, 0.0 passengers_injured, 0.0 passengers_killed, 0.0 pedestrian_injured, 0.0 pedestrian_killed, Fair (Day), EDSA fronting Nepa-Q Mart, before Ermin Garcia St. (Minnesota) Quezon City",MMDA Road Safety Unit,,3d31c235-0942-4b5a-84ba-3dff638d7445,2012-03-12,05:00:00,"EDSA Congressional Ave., Bgy. Ramon Magsaysay Quezon City",0,0,0,0,0,0,0,0,0,0,2012-03-12 13:00,Property,14.6280917,121.0472321,No Collision Stated
None,EDSA,None,None,"No Accident Factor, No Collision Stated (based on Police Blotter Book), 0.0 drivers_injured, 0.0 drivers_killed, 0.0 passengers_injured, 0.0 passengers_killed, 0.0 pedestrian_injured, 0.0 pedestrian_killed, Fair (Day), EDSA Camp Crame Gate 1 Quezon City",MMDA Road Safety Unit,,bf4f8383-f1af-4993-b174-a243da6a8066,2012-03-12,04:30:00,"EDSA fronting Nepa-Q Mart, Bgy. E. Rodriguez Quezon City",0,0,0,0,0,0,0,0,0,0,2012-03-12 12:30,Property,14.60923788,121.0557422,No Collision Stated
None,EDSA,None,None,"No Accident Factor, Rear-end, 0.0 drivers_injured, 0.0 drivers_killed, 0.0 passengers_injured, 0.0 passengers_killed, 0.0 pedestrian_injured, 0.0 pedestrian_killed, Fair (Day), EDSA Mindanao ext., Pag-asa Quezon City",MMDA Road Safety Unit,,a93ca415-cbde-48a6-9c3c-6652c7662024,2012-03-12,02:45:00,EDSA Mindanao Ave. Quezon City,0,0,0,0,0,0,0,0,0,0,2012-03-12 10:45,Property,14.65052386,121.0335656,Rear-End
None,EDSA,None,None,"No Accident Factor, No Collision Stated (based on Police Blotter Book), 0.0 drivers_injured, 0.0 drivers_killed, 0.0 passengers_injured, 0.0 passengers_killed, 0.0 pedestrian_injured, 0.0 pedestrian_killed, Fair (Night), EDSA fronting Trinoma Mall, brgy. Pag-asa Quezon City",MMDA Road Safety Unit,,747c4e38-12dd-43ca-8042-1a6e243a2bff,2012-03-10,12:15:00,EDSA Aurora Blvd. Quezon City,0,0,0,0,0,0,0,0,0,0,2012-03-10 20:15,Property,14.65249719,121.0322415,No Collision Stated
None,EDSA,None,None,"No Accident Factor, No Collision Stated (based on Police Blotter Book), 0.0 drivers_injured, 0.0 drivers_killed, 0.0 passengers_injured, 0.0 passengers_killed, 0.0 pedestrian_injured, 0.0 pedestrian_killed, Fair (Night), EDSA fronting SM Mall, brgy. Pag-asa Quezon City",MMDA Road Safety Unit,,be4164c9-0ba6-46fd-b8d2-6ad743e2234b,2012-03-10,10:30:00,EDSA before Aurora Blvd. Quezon City,0,0,0,0,0,0,0,0,0,0,2012-03-10 18:30,Property,14.65567565,121.0299389,No Collision Stated
None,EDSA,None,None,"No Accident Factor, No Collision Stated (based on Police Blotter Book), 0.0 drivers_injured, 0.0 drivers_killed, 0.0 passengers_injured, 0.0 passengers_killed, 0.0 pedestrian_injured, 0.0 pedestrian_killed, Fair (Night), EDSA Mindanao Ave., ext. Pag-asa Quezon City",MMDA Road Safety Unit,,ab638691-c946-440b-aaef-c1afeae22c2f,2012-03-10,10:15:00,"EDSA fronting Total Gas Station, Balintawak Quezon City",0,0,0,0,0,0,0,0,0,0,2012-03-10 18:15,Property,14.65052386,121.0335656,No Collision Stated
None,EDSA,None,None,"No Accident Factor, No Collision Stated (based on Police Blotter Book), 0.0 drivers_injured, 0.0 drivers_killed, 0.0 passengers_injured, 0.0 passengers_killed, 0.0 pedestrian_injured, 0.0 pedestrian_killed, Fair (Day), EDSA Quezon Avenue Inside Certis Compd. Quezon City",MMDA Road Safety Unit,,3e82c862-e14f-4754-a09f-f0761386aaaa,2012-03-10,07:40:00,EDSA MRT-Santolan Station Quezon City,0,0,0,0,0,0,0,0,0,0,2012-03-10 15:40,Property,14.6442444,121.0375839,No Collision Stated
None,EDSA,None,None,"No Accident Factor, No Collision Stated (based on Police Blotter Book), 0.0 drivers_injured, 0.0 drivers_killed, 0.0 passengers_injured, 0.0 passengers_killed, 0.0 pedestrian_injured, 0.0 pedestrian_killed, Fair (Day), EDSA before Misamis St. Quezon City",MMDA Road Safety Unit,,82f3d3d8-06e7-4fde-ad06-6a91b97877fb,2012-03-10,07:00:00,EDSA Gami Road Quezon City,0,0,0,0,0,0,0,0,0,0,2012-03-10 15:00,Property,14.65601862,121.0287938,No Collision Stated
None,EDSA,None,None,"No Accident Factor, No Collision Stated (based on Police Blotter Book), 0.0 drivers_injured, 0.0 drivers_killed, 0.0 passengers_injured, 0.0 passengers_killed, 0.0 pedestrian_injured, 0.0 pedestrian_killed, Fair (Day), EDSA Gma Network Drive Quezon City",MMDA Road Safety Unit,,33391a0c-55ca-4307-aa34-f526d7195cd6,2012-03-10,05:00:00,"EDSA before ""U"" turn slot, Mapagmahal St. Quezon City",0,0,0,0,0,0,0,0,0,0,2012-03-10 13:00,Property,14.63467214,121.0435714,No Collision Stated
None,EDSA,None,None,"No Accident Factor, Rear-end, 0.0 drivers_injured, 0.0 drivers_killed, 0.0 passengers_injured, 0.0 passengers_killed, 0.0 pedestrian_injured, 0.0 pedestrian_killed, Fair (Day), EDSA U-Turn Slot, Quezon Ave. Quezon City",MMDA Road Safety Unit,,9b004402-2a72-4637-9c96-a84f64c58c0f,2012-03-10,03:30:00,Edsa Quezon Avenue Quezon City,0,0,0,0,0,0,0,0,0,0,2012-03-10 11:30,Property,14.6571804,120.9927185,Rear-End
None,EDSA,None,None,"No Accident Factor, No Collision Stated (based on Police Blotter Book), 0.0 drivers_injured, 0.0 drivers_killed, 0.0 passengers_injured, 0.0 passengers_killed, 0.0 pedestrian_injured, 0.0 pedestrian_killed, Fair (Day), EDSA New York St. Quezon City",MMDA Road Safety Unit,,59044c34-3c80-423e-93c1-f0cd7de0dcbb,2012-03-10,01:30:00,Edsa Aurora Blvd. Cubao Quezon City,0,0,0,0,0,0,0,0,0,0,2012-03-10 9:30,Property,14.62568514,121.0482307,No Collision Stated
None,EDSA,None,None,"No Accident Factor, No Collision Stated (based on Police Blotter Book), 0.0 drivers_injured, 0.0 drivers_killed, 0.0 passengers_injured, 0.0 passengers_killed, 0.0 pedestrian_injured, 0.0 pedestrian_killed, Fair (Day), EDSA Cloverleaf Interchange Balintawak Quezon City",MMDA Road Safety Unit,,db91dd96-e5cd-4b98-923a-518b7bfffebc,2012-03-09,07:20:00,Edsa B. Serrano Avenue Quezon City,0,0,0,0,0,0,0,0,0,0,2012-03-09 15:20,Property,14.6575213,121.0010654,No Collision Stated
None,EDSA,None,None,"No Accident Factor, No Collision Stated (based on Police Blotter Book), 0.0 drivers_injured, 0.0 drivers_killed, 0.0 passengers_injured, 0.0 passengers_killed, 0.0 pedestrian_injured, 0.0 pedestrian_killed, Fair (Night), EDSA before Kamuning Road Quezon City",MMDA Road Safety Unit,,c6b75668-c6f0-4a78-91b8-f90ff2571c49,2012-03-08,11:30:00,Edsa New York St. Quezon City,0,0,0,0,0,0,0,0,0,0,2012-03-08 19:30,Property,14.63117369,121.0455178,No Collision Stated