LOCATION_TEXT,ROAD,WEATHER,LIGHT,DESC,REPORTING_AGENCY,MAIN_CAUSE,INCIDENTDETAILS_ID,DATE_UTC,TIME_UTC,ADDRESS,killed_driver,killed_passenger,killed_pedestrian,injured_driver,injured_passenger,injured_pedestrian,killed_uncategorized,injured_uncategorized,killed_total,injured_total,DATETIME_PST,SEVERITY,Y,X,COLLISION_TYPE
None,EDSA,None,None,"No Accident Factor, Rear-end, 0.0 drivers_injured, 0.0 drivers_killed, 0.0 passengers_injured, 0.0 passengers_killed, 0.0 pedestrian_injured, 0.0 pedestrian_killed, Fair (Night), EDSA after P. Tuazon Blvd. Overpass Cubao Quezon City",MMDA Road Safety Unit,,ef96d09d-24c2-4f7c-a295-e66d24d648a1,2012-03-08,11:00:00,Edsa P. Tuazon Blvd. Quezon City,0,0,0,0,0,0,0,0,0,0,2012-03-08 19:00,Property,14.61753834,121.0518755,Rear-End
None,EDSA,None,None,"No Accident Factor, Hit and Run (No Collision Stated), 0.0 drivers_injured, 0.0 drivers_killed, 0.0 passengers_injured, 0.0 passengers_killed, 0.0 pedestrian_injured, 0.0 pedestrian_killed, Fair (Day), EDSA before Quezon Ave. Quezon City",MMDA Road Safety Unit,,f04d662f-60ce-4841-81f0-9363062d1c5d,2012-03-08,07:40:00,Edsa fronting Baliwag Bus Terminal Cubao Quezon City,0,0,0,0,0,0,0,0,0,0,2012-03-08 15:40,Property,14.64451704,121.0371727,No Collision Stated
None,EDSA,None,None,"No Accident Factor, No Collision Stated (based on Police Blotter Book), 0.0 drivers_injured, 0.0 drivers_killed, 0.0 passengers_injured, 0.0 passengers_killed, 0.0 pedestrian_injured, 0.0 pedestrian_killed, Fair (Night), EDSA fronting Balintawak Market Quezon City",MMDA Road Safety Unit,,ed0d156e-44bf-429c-bba0-f263e9658c76,2012-03-07,17:00:00,"EDSA fronting Trinoma, brgy. Bagong Pag-asa Quezon City",0,0,0,0,0,0,0,0,0,0,2012-03-08 1:00,Property,14.65736198,121.00264,No Collision Stated
None,EDSA,None,None,"No Accident Factor, No Collision Stated (based on Police Blotter Book), 1.0 drivers_injured, 0.0 drivers_killed, 0.0 passengers_injured, 0.0 passengers_killed, 0.0 pedestrian_injured, 0.0 pedestrian_killed, Fair (Night), EDSA fronting Wilcon Warehouse Quezon City",MMDA Road Safety Unit,,9dfd22e6-2955-458e-afec-91748ad6e1d3,2012-03-07,14:00:00,Edsa fronting Q-Mart Brgy. E. Rodriguez Cubao Quezon City,0,0,0,1,0,0,0,0,0,1,2012-03-07 22:00,Injury,14.65761382,121.0091735,No Collision Stated
None,EDSA,None,None,"No Accident Factor, No Collision Stated (based on Police Blotter Book), 0.0 drivers_injured, 0.0 drivers_killed, 0.0 passengers_injured, 0.0 passengers_killed, 0.0 pedestrian_injured, 0.0 pedestrian_killed, Fair (Day), EDSA Oliveros Drive Quezon City",MMDA Road Safety Unit,,678b527e-7d3a-4782-9cda-4110fe0944c0,2012-03-07,09:00:00,Edsa fronting Corinthian Garden Brgy. Ugong Norte Quezon City,0,0,0,0,0,0,0,0,0,0,2012-03-07 17:00,Property,14.65762799,121.0065288,No Collision Stated
None,EDSA,None,None,"No Accident Factor, No Collision Stated (based on Police Blotter Book), 0.0 drivers_injured, 0.0 drivers_killed, 0.0 passengers_injured, 0.0 passengers_killed, 0.0 pedestrian_injured, 0.0 pedestrian_killed, Fair (Day), EDSA at ""U"" turn slot, Between Santolan Road & Camp Crame Gate 1 Quezon City",MMDA Road Safety Unit,,eb052678-be0c-4b5f-b0fa-88a53ac45eb3,2012-03-06,23:25:00,Edsa fronting Gate4 Camp Aguinaldo Quezon City,0,0,0,0,0,0,0,0,0,0,2012-03-07 7:25,Property,14.61039406,121.0553269,No Collision Stated
None,EDSA,None,None,"No Accident Factor, No Collision Stated (based on Police Blotter Book), 0.0 drivers_injured, 0.0 drivers_killed, 0.0 passengers_injured, 0.0 passengers_killed, 0.0 pedestrian_injured, 0.0 pedestrian_killed, Fair (Day), EDSA fronting Trinoma Quezon City",MMDA Road Safety Unit,,17e641d1-797b-4d70-9e3a-8eddeaa6838d,2012-03-06,07:40:00,Edsa fronting Balintawak Market Brgy. Balingara Quezon City,0,0,0,0,0,0,0,0,0,0,2012-03-06 15:40,Property,14.65249719,121.0322415,No Collision Stated
None,EDSA,None,None,"No Accident Factor, No Collision Stated (based on Police Blotter Book), 0.0 drivers_injured, 0.0 drivers_killed, 0.0 passengers_injured, 0.0 passengers_killed, 0.0 pedestrian_injured, 0.0 pedestrian_killed, Fair (Day), EDSA Corregidor St., Bgy. Ramon Magsaysay Quezon City",MMDA Road Safety Unit,,1193f7d7-77d7-4003-8374-1652e374f87a,2012-03-06,06:05:00,Edsa  Aurora Blvd. Cubao Quezon City,0,0,0,0,0,0,0,0,0,0,2012-03-06 14:05,Property,14.65707679,121.0241648,No Collision Stated
None,EDSA,None,None,"No Accident Factor, No Collision Stated (based on Police Blotter Book), 0.0 drivers_injured, 0.0 drivers_killed, 0.0 passengers_injured, 0.0 passengers_killed, 0.0 pedestrian_injured, 0.0 pedestrian_killed, Fair (Day), EDSA Whiteplains Avenue Quezon City",MMDA Road Safety Unit,,d5aa9196-a600-495f-8ee9-d20c41d89baf,2012-03-06,06:00:00,Edsa B. Serrano Avenue Quezon City,0,0,0,0,0,0,0,0,0,0,2012-03-06 14:00,Property,14.59961782,121.0596522,No Collision Stated
None,EDSA,None,None,"No Accident Factor, No Collision Stated (based on Police Blotter Book), 0.0 drivers_injured, 0.0 drivers_killed, 0.0 passengers_injured, 0.0 passengers_killed, 0.0 pedestrian_injured, 0.0 pedestrian_killed, Fair (Day), EDSA before South Ave. / Timog Ave. Quezon City",MMDA Road Safety Unit,,e6c88710-8259-4cfa-97fc-3a7afc70f9ff,2012-03-04,22:45:00,Edsa Victory Liner Bus Terminal East Avenue Quezon City,0,0,0,0,0,0,0,0,0,0,2012-03-05 6:45,Property,14.63320431,121.0445974,No Collision Stated
None,EDSA,None,None,"No Accident Factor, No Collision Stated (based on Police Blotter Book), 1.0 drivers_injured, 0.0 drivers_killed, 0.0 passengers_injured, 0.0 passengers_killed, 0.0 pedestrian_injured, 0.0 pedestrian_killed, Fair (Night), EDSA Congressional Ave., Bgy. Ramon Magsaysay Quezon City",MMDA Road Safety Unit,,7c6d9fb0-b572-4af0-ab42-0f890f7b8d7b,2012-03-04,14:30:00,Edsa  fronting Hypermart Before P. Tuazon Blvd. Brgy. Socorro Quezon City,0,0,0,1,0,0,0,0,0,1,2012-03-04 22:30,Injury,14.6571804,120.9927185,No Collision Stated
None,EDSA,None,None,"No Accident Factor, No Collision Stated (based on Police Blotter Book), 0.0 drivers_injured, 0.0 drivers_killed, 0.0 passengers_injured, 0.0 passengers_killed, 0.0 pedestrian_injured, 0.0 pedestrian_killed, Fair (Day), EDSA Misamis St., Pag-asa Quezon City",MMDA Road Safety Unit,,2f3002ae-cb5f-42e2-8c23-2c9d59110b2e,2012-03-04,08:30:00,Edsa near Kamias Road Brgy. West Kamias Quezon City,0,0,0,0,0,0,0,0,0,0,2012-03-04 16:30,Property,14.65602348,121.0285212,No Collision Stated
None,EDSA,None,None,"No Accident Factor, Other (Multiple), 0.0 drivers_injured, 0.0 drivers_killed, 0.0 passengers_injured, 0.0 passengers_killed, 0.0 pedestrian_injured, 0.0 pedestrian_killed, Fair (Day), EDSA fronting Gate 3 of Camp Aguinaldo Quezon City",MMDA Road Safety Unit,,0c8c63a2-fbdb-4589-8e4f-911fdecc758f,2012-03-03,22:30:00,Edsa Aurora Blvd. Quezon City,0,0,0,0,0,0,0,0,0,0,2012-03-04 6:30,Property,14.60475566,121.0580111,Multiple
None,EDSA,None,None,"No Accident Factor, No Collision Stated (based on Police Blotter Book), 0.0 drivers_injured, 0.0 drivers_killed, 0.0 passengers_injured, 0.0 passengers_killed, 0.0 pedestrian_injured, 0.0 pedestrian_killed, Fair (Day), EDSA Bansalangin St., brgy. Veternas Quezon City",MMDA Road Safety Unit,,f1f19164-ad95-4c08-a787-8e60ac6d1564,2012-03-03,09:05:00,Edsa fronting Farmers Market after Gen. Mc Arthur Avenue Quezon City,0,0,0,0,0,0,0,0,0,0,2012-03-03 17:05,Property,14.6567996,121.0241845,No Collision Stated
None,EDSA,None,None,"No Accident Factor, No Collision Stated (based on Police Blotter Book), 0.0 drivers_injured, 0.0 drivers_killed, 0.0 passengers_injured, 0.0 passengers_killed, 0.0 pedestrian_injured, 0.0 pedestrian_killed, Fair (Day), EDSA Congressional Ave., Bgy. Ramon Magsaysay Quezon City",MMDA Road Safety Unit,,018b29e7-804c-4a3d-9a34-144cd420b929,2012-03-03,07:30:00,Edsa near Timog Avenue Quezon City,0,0,0,0,0,0,0,0,0,0,2012-03-03 15:30,Property,14.6571804,120.9927185,No Collision Stated
None,EDSA,None,None,"No Accident Factor, No Collision Stated (based on Police Blotter Book), 0.0 drivers_injured, 0.0 drivers_killed, 0.0 passengers_injured, 0.0 passengers_killed, 0.0 pedestrian_injured, 0.0 pedestrian_killed, Fair (Day), EDSA Total gas Stn., Balintawak Quezon City",MMDA Road Safety Unit,,4981f698-5a80-4ee3-a90c-3c79f9cd4d37,2012-03-03,03:25:00,Edsa fronting Camp Aguinaldo Quezon City,0,0,0,0,0,0,0,0,0,0,2012-03-03 11:25,Property,14.65757988,121.0033003,No Collision Stated
None,EDSA,None,None,"No Accident Factor, No Collision Stated (based on Police Blotter Book), 0.0 drivers_injured, 0.0 drivers_killed, 0.0 passengers_injured, 0.0 passengers_killed, 0.0 pedestrian_injured, 0.0 pedestrian_killed, Fair (Day), EDSA New York St. Quezon City",MMDA Road Safety Unit,,0e38a135-21c0-41ac-a89e-ddfaf35bc47a,2012-03-03,02:20:00,"EDSA West Ave., brgy. Bungad Quezon City",0,0,0,0,0,0,0,0,0,0,2012-03-03 10:20,Property,14.62568514,121.0482307,No Collision Stated
None,EDSA,None,None,"No Accident Factor, No Collision Stated (based on Police Blotter Book), 0.0 drivers_injured, 0.0 drivers_killed, 0.0 passengers_injured, 0.0 passengers_killed, 0.0 pedestrian_injured, 0.0 pedestrian_killed, Fair (Day), EDSA New York St. Quezon City",MMDA Road Safety Unit,,df50df23-bbcf-4f09-ba7d-bac7176ae6c0,2012-03-03,02:20:00,EDSA after Aurora Blvd. Cubao Quezon City,0,0,0,0,0,0,0,0,0,0,2012-03-03 10:20,Property,14.62568514,121.0482307,No Collision Stated
None,EDSA,None,None,"No Accident Factor, No Collision Stated (based on Police Blotter Book), 0.0 drivers_injured, 0.0 drivers_killed, 0.0 passengers_injured, 0.0 passengers_killed, 0.0 pedestrian_injured, 0.0 pedestrian_killed, Fair (Day), EDSA Fema Road, brgy. Bahay Toro Quezon City",MMDA Road Safety Unit,,72c98c48-5f97-4901-88b4-4d681dfaeb0b,2012-03-03,00:40:00,EDSA White Plains Road Brgy. Ugong Norte Quezon City,0,0,0,0,0,0,0,0,0,0,2012-03-03 8:40,Property,14.65776837,121.0159521,No Collision Stated
None,EDSA,None,None,"No Accident Factor, No Collision Stated (based on Police Blotter Book), 0.0 drivers_injured, 0.0 drivers_killed, 0.0 passengers_injured, 0.0 passengers_killed, 0.0 pedestrian_injured, 0.0 pedestrian_killed, Fair (Night), EDSA fronting Balintawak Market Quezon City",MMDA Road Safety Unit,,5533e045-8219-416f-b9ad-7d4690bf0c58,2012-03-02,20:30:00,EDSA Basalangin St. Quezon City,0,0,0,0,0,0,0,0,0,0,2012-03-03 4:30,Property,14.65736198,121.00264,No Collision Stated
None,EDSA,None,None,"No Accident Factor, No Collision Stated (based on Police Blotter Book), 0.0 drivers_injured, 0.0 drivers_killed, 0.0 passengers_injured, 0.0 passengers_killed, 0.0 pedestrian_injured, 0.0 pedestrian_killed, Fair (Night), EDSA before Main Avenue / Shell Gas Station Quezon City",MMDA Road Safety Unit,,7a88b0c9-8ce4-487b-b1a5-606800f03d8d,2012-03-02,10:45:00,"EDSA Aurora Blvd., Brgy. Socorro Quezon City",0,0,0,0,0,0,0,0,0,0,2012-03-02 18:45,Property,14.61353129,121.0539169,No Collision Stated
None,EDSA,None,None,"No Accident Factor, Angle Impact, 0.0 drivers_injured, 0.0 drivers_killed, 0.0 passengers_injured, 0.0 passengers_killed, 0.0 pedestrian_injured, 0.0 pedestrian_killed, Fair (Night), EDSA Aurora Blvd. Quezon City",MMDA Road Safety Unit,,d92e5bfa-3fc6-4e72-933c-bf622a392ecb,2012-03-02,10:10:00,EDSA fronting Baliwag Bus Station Quezon City,0,0,0,0,0,0,0,0,0,0,2012-03-02 18:10,Property,14.62163653,121.0501573,Angle Impact
None,EDSA,None,None,"No Accident Factor, No Collision Stated (based on Police Blotter Book), 0.0 drivers_injured, 0.0 drivers_killed, 0.0 passengers_injured, 0.0 passengers_killed, 0.0 pedestrian_injured, 0.0 pedestrian_killed, Fair (Night), EDSA fronting Walter Mart, brgy. Katipu Quezon City",MMDA Road Safety Unit,,ee9a2b47-a99e-44db-a839-acd7cae06a61,2012-03-02,10:00:00,"EDSA at""U""turn Slot Timog Avenue Quezon City",0,0,0,0,0,0,0,0,0,0,2012-03-02 18:00,Property,14.65755908,121.0204569,No Collision Stated
None,EDSA,None,None,"No Accident Factor, No Collision Stated (based on Police Blotter Book), 0.0 drivers_injured, 0.0 drivers_killed, 0.0 passengers_injured, 0.0 passengers_killed, 0.0 pedestrian_injured, 0.0 pedestrian_killed, Fair (Day), EDSA Cloverleaf Quezon City",MMDA Road Safety Unit,,df98f019-17d7-487b-86e0-4d68a64c9b1f,2012-03-02,09:15:00,EDSA Kamias Road Quezon City,0,0,0,0,0,0,0,0,0,0,2012-03-02 17:15,Property,14.65747901,121.0011914,No Collision Stated
None,EDSA,None,None,"No Accident Factor, Side Swipe, 0.0 drivers_injured, 0.0 drivers_killed, 0.0 passengers_injured, 0.0 passengers_killed, 0.0 pedestrian_injured, 0.0 pedestrian_killed, Fair (Day), EDSA West Ave. Quezon City",MMDA Road Safety Unit,,4fd83373-398e-4f7f-955b-7e67338713e8,2012-03-02,02:30:00,EDSA Aurora Blvd. Brgy. E. Rodriguez Quezon City,0,0,0,0,0,0,0,0,0,0,2012-03-02 10:30,Property,14.65548924,121.0298079,Side Swipe
None,EDSA,None,None,"No Accident Factor, No Collision Stated (based on Police Blotter Book), 0.0 drivers_injured, 0.0 drivers_killed, 0.0 passengers_injured, 0.0 passengers_killed, 0.0 pedestrian_injured, 0.0 pedestrian_killed, Fair (Day), EDSA before K-3rd St. Quezon City",MMDA Road Safety Unit,,8290734b-6eca-4501-afff-93d7461271f0,2012-03-02,00:15:00,EDSA Aurora Blvd. (NB) Quezon City,0,0,0,0,0,0,0,0,0,0,2012-03-02 8:15,Property,14.62955217,121.0463229,No Collision Stated
None,EDSA,None,None,"No Accident Factor, No Collision Stated (based on Police Blotter Book), 0.0 drivers_injured, 0.0 drivers_killed, 0.0 passengers_injured, 0.0 passengers_killed, 0.0 pedestrian_injured, 0.0 pedestrian_killed, Fair (Day), EDSA Congressional Ave., Bgy. Ramon Magsaysay Quezon City",MMDA Road Safety Unit,,6dd6b15b-7652-4c19-b951-d7d23e535905,2012-03-01,01:10:00,"EDSA fronting Nepa Q-Mart., E. Rodriguez Quezon City",0,0,0,0,0,0,0,0,0,0,2012-03-01 9:10,Property,14.6571804,120.9927185,No Collision Stated
None,EDSA,None,None,"No Accident Factor, No Collision Stated (based on Police Blotter Book), 0.0 drivers_injured, 0.0 drivers_killed, 0.0 passengers_injured, 0.0 passengers_killed, 0.0 pedestrian_injured, 0.0 pedestrian_killed, Fair (Day), EDSA at ""U"" turn slot, before Centris Pagb Asa  Quezon City",MMDA Road Safety Unit,,76de7c32-2b2a-4d55-aca7-70cc36f49c3d,2012-03-01,00:30:00,EDSA fronting Santrans Bus Terminal Brgy. E. Rodriguez Cubao Quezon City,0,0,0,0,0,0,0,0,0,0,2012-03-01 8:30,Property,14.64520506,121.0368954,No Collision Stated
None,EDSA,None,None,"No Accident Factor, No Collision Stated (based on Police Blotter Book), 0.0 drivers_injured, 0.0 drivers_killed, 0.0 passengers_injured, 0.0 passengers_killed, 0.0 pedestrian_injured, 0.0 pedestrian_killed, Fair (Night), EDSA after Waltermart, brgy. Katipu Quezon City",MMDA Road Safety Unit,,1350b230-ecd4-4f01-8e63-2a390f180c82,2012-02-29,11:05:00,EDSA Fronting INC Church Quezon City,0,0,0,0,0,0,0,0,0,0,2012-02-29 19:05,Property,14.65722462,121.0221511,No Collision Stated
None,EDSA,None,None,"No Accident Factor, No Collision Stated (based on Police Blotter Book), 0.0 drivers_injured, 0.0 drivers_killed, 0.0 passengers_injured, 0.0 passengers_killed, 0.0 pedestrian_injured, 0.0 pedestrian_killed, Fair (Day), EDSA Fronting Lemon Square Bldg. Near Roosevelt Ave. Quezon City",MMDA Road Safety Unit,,ee8d49f5-d076-46f6-ad4e-45193e7eb213,2012-02-29,06:45:00,"EDSA Q-Mart., Brgy. E. Rodriguez Quezon City",0,0,0,0,0,0,0,0,0,0,2012-02-29 14:45,Property,14.65755296,121.0174655,No Collision Stated
None,EDSA,None,None,"No Accident Factor, No Collision Stated (based on Police Blotter Book), 0.0 drivers_injured, 0.0 drivers_killed, 0.0 passengers_injured, 0.0 passengers_killed, 0.0 pedestrian_injured, 0.0 pedestrian_killed, Fair (Day), EDSA Victory Liner Bus Terminal Quezon City",MMDA Road Safety Unit,,bfd9d70b-e474-4bf1-a596-818c8970f41f,2012-02-29,06:00:00,"EDSA fronting Jac Liner Bus Terminal / Mapagmahal St., Brgy. Pinyahan Quezon City",0,0,0,0,0,0,0,0,0,0,2012-02-29 14:00,Property,14.63209398,121.0454876,No Collision Stated
None,EDSA,None,None,"No Accident Factor, Side Swipe, 0.0 drivers_injured, 0.0 drivers_killed, 0.0 passengers_injured, 0.0 passengers_killed, 0.0 pedestrian_injured, 0.0 pedestrian_killed, Fair (Day), EDSA Aurora Blvd. Brgy. E. Rodriguez Quezon City",MMDA Road Safety Unit,,410182b3-b01a-4c14-aae6-a661733986a5,2012-02-29,04:30:00,EDSA Main Ave. Quezon City,0,0,0,0,0,0,0,0,0,0,2012-02-29 12:30,Property,14.62151658,121.0501092,Side Swipe
None,EDSA,None,None,"No Accident Factor, No Collision Stated (based on Police Blotter Book), 0.0 drivers_injured, 0.0 drivers_killed, 0.0 passengers_injured, 0.0 passengers_killed, 0.0 pedestrian_injured, 0.0 pedestrian_killed, Fair (Day), EDSA North Ave. Quezon City",MMDA Road Safety Unit,,3832815e-aa2d-4a19-ae84-12fcda5f7e11,2012-02-28,08:30:00,EDSA Kamias Road Quezon City,0,0,0,0,0,0,0,0,0,0,2012-02-28 16:30,Property,14.65553839,121.0299647,No Collision Stated
None,EDSA,None,None,"No Accident Factor, No Collision Stated (based on Police Blotter Book), 1.0 drivers_injured, 0.0 drivers_killed, 0.0 passengers_injured, 0.0 passengers_killed, 0.0 pedestrian_injured, 0.0 pedestrian_killed, Fair (Day), EDSA at ""U"" turn slot, before Kamuning Road Quezon City",MMDA Road Safety Unit,,68e5db16-bad7-40b4-b973-d716a4c8a964,2012-02-28,01:00:00,EDSA Nia Road Quezon City,0,0,0,1,0,0,0,0,0,1,2012-02-28 9:00,Injury,14.63197791,121.0453326,No Collision Stated
None,EDSA,None,None,"No Accident Factor, No Collision Stated (based on Police Blotter Book), 0.0 drivers_injured, 0.0 drivers_killed, 0.0 passengers_injured, 0.0 passengers_killed, 0.0 pedestrian_injured, 0.0 pedestrian_killed, Fair (Day), EDSA Quezon Ave. Brgy. West Triangle Quezon City",MMDA Road Safety Unit,,ba7b7d68-2dcf-4111-9b88-4bbfca5cd791,2012-02-27,23:55:00,"EDSA Aurora Blvd., Cubao Quezon City",0,0,0,0,0,0,0,0,0,0,2012-02-28 7:55,Property,14.6442444,121.0375839,Angle Impact
None,EDSA,None,None,"No Accident Factor, No Collision Stated (based on Police Blotter Book), 0.0 drivers_injured, 0.0 drivers_killed, 0.0 passengers_injured, 0.0 passengers_killed, 0.0 pedestrian_injured, 0.0 pedestrian_killed, Fair (Day), EDSA before Camp Aguinaldo Gate 4 Quezon City",MMDA Road Safety Unit,,5716a5ba-3854-4914-8da2-3b7fa1afc7eb,2012-02-27,23:30:00,"EDSA Aurora Blvd., Cubao Quezon City",0,0,0,0,0,0,0,0,0,0,2012-02-28 7:30,Property,14.60801201,121.0564037,No Collision Stated
None,EDSA,None,None,"No Accident Factor, No Collision Stated (based on Police Blotter Book), 0.0 drivers_injured, 0.0 drivers_killed, 0.0 passengers_injured, 0.0 passengers_killed, 0.0 pedestrian_injured, 0.0 pedestrian_killed, Fair (Day), EDSA Quezon Ave. Quezon City",MMDA Road Safety Unit,,9dcf8e61-23f8-4f7c-b295-8ab32be90333,2012-02-27,23:10:00,"EDSA fronting Nepa Q- Mart., Brgy. E. Rodriguez Quezon City",0,0,0,0,0,0,0,0,0,0,2012-02-28 7:10,Property,14.6442444,121.0375839,No Collision Stated
None,EDSA,None,None,"No Accident Factor, No Collision Stated (based on Police Blotter Book), 0.0 drivers_injured, 0.0 drivers_killed, 0.0 passengers_injured, 0.0 passengers_killed, 0.0 pedestrian_injured, 0.0 pedestrian_killed, Fair (Night), EDSA Between Quezon Avenue / Panay Avenue Quezon City",MMDA Road Safety Unit,,bb200847-bbe7-49dc-9db5-b4cd72e6308d,2012-02-27,12:00:00,EDSA Kamuning Road Quezon City,0,0,0,0,0,0,0,0,0,0,2012-02-27 20:00,Property,14.64351075,121.0378947,No Collision Stated
None,EDSA,None,None,"No Accident Factor, Hit and Run (No Collision Stated), 0.0 drivers_injured, 0.0 drivers_killed, 0.0 passengers_injured, 0.0 passengers_killed, 0.0 pedestrian_injured, 0.0 pedestrian_killed, Fair (Day), EDSA at ""U"" turn slot, Go Soc Compd. A. Samson Quezon City",MMDA Road Safety Unit,,26033d46-834c-42c7-b66e-982fd847379e,2012-02-27,09:15:00,EDSA fronting Dominion Bus Terminal Quezon City,0,0,0,0,0,0,0,0,0,0,2012-02-27 17:15,Property,14.65762254,121.0143546,No Collision Stated
None,EDSA,None,None,"No Accident Factor, No Collision Stated (based on Police Blotter Book), 0.0 drivers_injured, 0.0 drivers_killed, 0.0 passengers_injured, 0.0 passengers_killed, 0.0 pedestrian_injured, 0.0 pedestrian_killed, Fair (Day), EDSA before Ermin Garcia St. / Ramon Magsaysay High School Quezon City",MMDA Road Safety Unit,,de7c0a53-cf51-4845-97b9-9b83789ae187,2012-02-27,08:00:00,EDSA after New York Cubao Quezon City,0,0,0,0,0,0,0,0,0,0,2012-02-27 16:00,Property,14.62776113,121.0471589,No Collision Stated
None,EDSA,None,None,"No Accident Factor, No Collision Stated (based on Police Blotter Book), 0.0 drivers_injured, 0.0 drivers_killed, 0.0 passengers_injured, 0.0 passengers_killed, 0.0 pedestrian_injured, 0.0 pedestrian_killed, Fair (Day), EDSA at ""U"" turn slot, before Quezon Ave. Quezon City",MMDA Road Safety Unit,,9b81be0d-6ca6-44e2-8e53-c31203b28272,2012-02-27,05:15:00,EDSA fronting Farmer Market Brgy. Socorro Quezon City,0,0,0,0,0,0,0,0,0,0,2012-02-27 13:15,Property,14.64516969,121.0368771,No Collision Stated
None,EDSA,None,None,"No Accident Factor, No Collision Stated (based on Police Blotter Book), 0.0 drivers_injured, 0.0 drivers_killed, 0.0 passengers_injured, 0.0 passengers_killed, 0.0 pedestrian_injured, 0.0 pedestrian_killed, Fair (Day), EDSA before Monte De Pledad St. Quezon City",MMDA Road Safety Unit,,ceb7df3d-ba47-40db-bca4-57e45e5daf8e,2012-02-27,02:25:00,EDSA Mapagmahal St. DILG Bldg. Brgy. Pinyahan Quezon City,0,0,0,0,0,0,0,0,0,0,2012-02-27 10:25,Property,14.62365918,121.0489951,No Collision Stated
None,EDSA,None,None,"No Accident Factor, No Collision Stated (based on Police Blotter Book), 0.0 drivers_injured, 0.0 drivers_killed, 0.0 passengers_injured, 0.0 passengers_killed, 0.0 pedestrian_injured, 0.0 pedestrian_killed, Fair (Day), EDSA P. Tuazon Blvd. Quezon City",MMDA Road Safety Unit,,ebd8dafd-08db-446a-8583-1b3c6c4261e7,2012-02-27,00:30:00,EDSA P. Tuazon Blvd. Quezon City,0,0,0,0,0,0,0,0,0,0,2012-02-27 8:30,Property,14.61656342,121.0525225,No Collision Stated
None,EDSA,None,None,"No Accident Factor, No Collision Stated (based on Police Blotter Book), 0.0 drivers_injured, 0.0 drivers_killed, 0.0 passengers_injured, 0.0 passengers_killed, 0.0 pedestrian_injured, 0.0 pedestrian_killed, Fair (Day), EDSA fronting Home Depot   Quezon City",MMDA Road Safety Unit,,2cabd272-9555-49ec-bcb4-f60bca0c77f6,2012-02-26,01:45:00,"EDSA fronting Home Depot, Bahay Toro Quezon City",0,0,0,0,0,0,0,0,0,0,2012-02-26 9:45,Property,14.65768928,121.0127906,No Collision Stated
None,EDSA,None,None,"No Accident Factor, No Collision Stated (based on Police Blotter Book), 0.0 drivers_injured, 0.0 drivers_killed, 0.0 passengers_injured, 0.0 passengers_killed, 0.0 pedestrian_injured, 0.0 pedestrian_killed, Fair (Day), EDSA Main Ave. Quezon City",MMDA Road Safety Unit,,c3278d99-a502-4415-83e7-0d5a80ac69f6,2012-02-25,22:30:00,EDSA East Avenue Brgy. Pinyahan Quezon City,0,0,0,0,0,0,0,0,0,0,2012-02-26 6:30,Property,14.61376458,121.0537933,No Collision Stated
None,EDSA,None,None,"No Accident Factor, No Collision Stated (based on Police Blotter Book), 0.0 drivers_injured, 0.0 drivers_killed, 0.0 passengers_injured, 0.0 passengers_killed, 0.0 pedestrian_injured, 0.0 pedestrian_killed, Fair (Day), EDSA Farmers Plaza Quezon City",MMDA Road Safety Unit,,e1c4be88-97d2-41a7-a086-7213cfe426d7,2012-02-25,02:30:00,EDSA Gen. Roxas Avenue Cubao Quezon City,0,0,0,0,0,0,0,0,0,0,2012-02-25 10:30,Property,14.61920525,121.0513476,No Collision Stated
None,EDSA,None,None,"No Accident Factor, Side Swipe, 1.0 drivers_injured, 0.0 drivers_killed, 0.0 passengers_injured, 0.0 passengers_killed, 0.0 pedestrian_injured, 0.0 pedestrian_killed, Fair (Day), EDSA B. Serrano Avenue Brgy. Socorro Quezon City",MMDA Road Safety Unit,,b8e07677-1746-4da2-a33a-1893202cca4d,2012-02-25,00:00:00,EDSA fronting Five Star Bus Terminal Quezon City,0,0,0,1,0,0,0,0,0,1,2012-02-25 8:00,Injury,14.61096685,121.0551991,Side Swipe