LOCATION_TEXT,ROAD,WEATHER,LIGHT,DESC,REPORTING_AGENCY,MAIN_CAUSE,INCIDENTDETAILS_ID,DATE_UTC,TIME_UTC,ADDRESS,killed_driver,killed_passenger,killed_pedestrian,injured_driver,injured_passenger,injured_pedestrian,killed_uncategorized,injured_uncategorized,killed_total,injured_total,DATETIME_PST,SEVERITY,Y,X,COLLISION_TYPE
None,EDSA,None,None,"Vehicle Defect, Self-Accident, 0.0 drivers_injured, 0.0 drivers_killed, 4.0 passengers_injured, 0.0 passengers_killed, 0.0 pedestrian_injured, 0.0 pedestrian_killed, Fair (Night), EDSA Aurora Blvd. Quezon City",MMDA Road Safety Unit,,2620d086-ccca-4e32-97e3-358821352052,2012-02-24,15:30:00,EDSA Cloverleaf Interchange Balintawak Quezon City,0,0,0,0,4,0,0,0,0,4,2012-02-24 23:30,Injury,14.62163653,121.0501573,Self-Accident
None,EDSA,None,None,"No Accident Factor, No Collision Stated (based on Police Blotter Book), 0.0 drivers_injured, 0.0 drivers_killed, 0.0 passengers_injured, 0.0 passengers_killed, 0.0 pedestrian_injured, 0.0 pedestrian_killed, Fair (Day), EDSA West Ave. Quezon City",MMDA Road Safety Unit,,2abadfdd-a82e-45ff-96c0-c68953e9757a,2012-02-24,08:30:00,EDSA Aurora Blvd. Quezon City,0,0,0,0,0,0,0,0,0,0,2012-02-24 16:30,Property,14.65548924,121.0298079,No Collision Stated
None,EDSA,None,None,"No Accident Factor, No Collision Stated (based on Police Blotter Book), 0.0 drivers_injured, 0.0 drivers_killed, 0.0 passengers_injured, 0.0 passengers_killed, 0.0 pedestrian_injured, 0.0 pedestrian_killed, Fair (Day), EDSA West Ave. Quezon City",MMDA Road Safety Unit,,ef3f30bd-9161-4545-a182-94ee6ed2abc9,2012-02-24,08:00:00,EDSA Ortigas Avenue Intersection Quezon City,0,0,0,0,0,0,0,0,0,0,2012-02-24 16:00,Property,14.65548924,121.0298079,No Collision Stated
None,EDSA,None,None,"No Accident Factor, No Collision Stated (based on Police Blotter Book), 0.0 drivers_injured, 0.0 drivers_killed, 0.0 passengers_injured, 0.0 passengers_killed, 0.0 pedestrian_injured, 0.0 pedestrian_killed, Fair (Day), EDSA fronting Copytrade, after Kamuning Road Quezon City",MMDA Road Safety Unit,,7f08b93b-4160-45c1-bfb4-1363a81b9dc4,2012-02-24,04:30:00,"EDSA Gen. Roxas Avenue., Cubao Quezon City",0,0,0,0,0,0,0,0,0,0,2012-02-24 12:30,Property,14.63053064,121.0458182,No Collision Stated
None,EDSA,None,None,"No Accident Factor, No Collision Stated (based on Police Blotter Book), 0.0 drivers_injured, 0.0 drivers_killed, 0.0 passengers_injured, 0.0 passengers_killed, 0.0 pedestrian_injured, 0.0 pedestrian_killed, Fair (Day), EDSA North Ave. Quezon City",MMDA Road Safety Unit,,5f7fdffb-efe1-4633-a433-2f7dff072304,2012-02-24,00:30:00,"EDSA at""U""turn Slot fronting DILG Bldg. Brgy. Pinyahan Quezon City",0,0,0,0,0,0,0,0,0,0,2012-02-24 8:30,Property,14.65553839,121.0299647,No Collision Stated
None,EDSA,None,None,"No Accident Factor, No Collision Stated (based on Police Blotter Book), 0.0 drivers_injured, 0.0 drivers_killed, 0.0 passengers_injured, 0.0 passengers_killed, 0.0 pedestrian_injured, 0.0 pedestrian_killed, Fair (Night), EDSA North Ave. Quezon City",MMDA Road Safety Unit,,32095e6d-43d4-484c-b236-6e4405ae42a0,2012-02-23,13:45:00,EDSA P. Tuazon Blvd. Quezon City,0,0,0,0,0,0,0,0,0,0,2012-02-23 21:45,Property,14.65553839,121.0299647,No Collision Stated
None,EDSA,None,None,"No Accident Factor, No Collision Stated (based on Police Blotter Book), 0.0 drivers_injured, 0.0 drivers_killed, 0.0 passengers_injured, 0.0 passengers_killed, 0.0 pedestrian_injured, 0.0 pedestrian_killed, Fair (Night), EDSA fronting Nice Hotel Quezon City",MMDA Road Safety Unit,,415a158e-975f-4356-a1ca-6eb59af9a9f8,2012-02-23,11:05:00,EDSA fronting Samson Institute Brgy. Socorro Quezon City,0,0,0,0,0,0,0,0,0,0,2012-02-23 19:05,Property,14.65657215,121.0264005,No Collision Stated
None,EDSA,None,None,"No Accident Factor, Rear-end, 1.0 drivers_injured, 0.0 drivers_killed, 0.0 passengers_injured, 0.0 passengers_killed, 0.0 pedestrian_injured, 0.0 pedestrian_killed, Fair (Day), EDSA fronting Gate 4 of Camp Aguinaldo, Bgy. Socorro Quezon City",MMDA Road Safety Unit,,3d6a2b94-7b36-434a-9742-9033e84623c2,2012-02-23,08:15:00,EDSA Aurora Blvd. New York St. Quezon City,0,0,0,1,0,0,0,0,0,1,2012-02-23 16:15,Injury,14.60465536,121.0580267,Rear-End
None,EDSA,None,None,"No Accident Factor, No Collision Stated (based on Police Blotter Book), 0.0 drivers_injured, 0.0 drivers_killed, 0.0 passengers_injured, 0.0 passengers_killed, 0.0 pedestrian_injured, 0.0 pedestrian_killed, Fair (Day), EDSA fronting Trinoma Quezon City",MMDA Road Safety Unit,,201e0c92-ab35-430e-b962-996383c178fd,2012-02-23,07:45:00,EDSA Boni Serrano Avenue Socorro Quezon City,0,0,0,0,0,0,0,0,0,0,2012-02-23 15:45,Property,14.65249719,121.0322415,No Collision Stated
None,EDSA,None,None,"No Accident Factor, No Collision Stated (based on Police Blotter Book), 0.0 drivers_injured, 0.0 drivers_killed, 0.0 passengers_injured, 0.0 passengers_killed, 0.0 pedestrian_injured, 0.0 pedestrian_killed, Fair (Day), EDSA fronting Centris Mall, before Quezon Ave. Quezon City",MMDA Road Safety Unit,,8e11761e-7464-4838-8e16-a67c1a64eaa0,2012-02-23,06:50:00,EDSA East Ave. Quezon City,0,0,0,0,0,0,0,0,0,0,2012-02-23 14:50,Property,14.64337396,121.0382446,No Collision Stated
None,EDSA,None,None,"No Accident Factor, No Collision Stated (based on Police Blotter Book), 1.0 drivers_injured, 0.0 drivers_killed, 0.0 passengers_injured, 0.0 passengers_killed, 0.0 pedestrian_injured, 0.0 pedestrian_killed, Fair (Day), EDSA East Ave. Quezon City",MMDA Road Safety Unit,,cd13b358-5b9a-4589-81be-9c08954b53fe,2012-02-23,04:30:00,EDSA West Ave. Quezon City,0,0,0,1,0,0,0,0,0,1,2012-02-23 12:30,Injury,14.6328297,121.0451176,No Collision Stated
None,EDSA,None,None,"No Accident Factor, No Collision Stated (based on Police Blotter Book), 0.0 drivers_injured, 0.0 drivers_killed, 0.0 passengers_injured, 0.0 passengers_killed, 0.0 pedestrian_injured, 0.0 pedestrian_killed, Fair (Day), EDSA Quezon Ave. Quezon City",MMDA Road Safety Unit,,ab45cb77-8488-4fd2-bf3a-0747f16c0e99,2012-02-23,02:55:00,EDSA fronting Balintawak LRT Stn. Quezon City,0,0,0,0,0,0,0,0,0,0,2012-02-23 10:55,Property,14.6442444,121.0375839,No Collision Stated
None,EDSA,None,None,"No Accident Factor, No Collision Stated (based on Police Blotter Book), 0.0 drivers_injured, 0.0 drivers_killed, 0.0 passengers_injured, 0.0 passengers_killed, 0.0 pedestrian_injured, 0.0 pedestrian_killed, Fair (Day), EDSA Oriental Market Balintawak Quezon City",MMDA Road Safety Unit,,70bf60e2-adca-4ac5-84f8-62fc3e3a624d,2012-02-23,02:30:00,"EDSA at ""u""turn slot / B. Serrano Ave. Quezon City",0,0,0,0,0,0,0,0,0,0,2012-02-23 10:30,Property,14.65737026,121.0035995,No Collision Stated
None,EDSA,None,None,"No Accident Factor, No Collision Stated (based on Police Blotter Book), 1.0 drivers_injured, 0.0 drivers_killed, 1.0 passengers_injured, 0.0 passengers_killed, 0.0 pedestrian_injured, 0.0 pedestrian_killed, Fair (Night), EDSA Oliveros, UTS Quezon City",MMDA Road Safety Unit,,f5ccc15e-f098-4cdf-ab4e-136f5342e8c8,2012-02-22,21:30:00,EDSA fronting Camp Aguinaldo Quezon City,0,0,0,1,1,0,0,0,0,2,2012-02-23 5:30,Injury,14.65762799,121.0065288,No Collision Stated
None,EDSA,None,None,"No Accident Factor, No Collision Stated (based on Police Blotter Book), 0.0 drivers_injured, 0.0 drivers_killed, 0.0 passengers_injured, 0.0 passengers_killed, 0.0 pedestrian_injured, 0.0 pedestrian_killed, Fair (Night), EDSA before Panay Avenue / 7-11 Quezon City",MMDA Road Safety Unit,,539f3510-0aea-4964-8d9e-84ea1e020a05,2012-02-22,15:10:00,EDSA P. Tuazon Blvd. Quezon City,0,0,0,0,0,0,0,0,0,0,2012-02-22 23:10,Property,14.64362521,121.0377405,No Collision Stated
None,EDSA,None,None,"No Accident Factor, No Collision Stated (based on Police Blotter Book), 0.0 drivers_injured, 0.0 drivers_killed, 0.0 passengers_injured, 0.0 passengers_killed, 0.0 pedestrian_injured, 0.0 pedestrian_killed, Fair (Night), EDSA before Quezon Ave. Quezon City",MMDA Road Safety Unit,,9d69b4c1-9972-4a24-ab3b-18bb7f8585c9,2012-02-22,15:00:00,EDSA Aurora Blvd. Cubao Quezon City,0,0,0,0,0,0,0,0,0,0,2012-02-22 23:00,Property,14.64451704,121.0371727,No Collision Stated
None,EDSA,None,None,"No Accident Factor, Hit and Run (No Collision Stated), 0.0 drivers_injured, 0.0 drivers_killed, 0.0 passengers_injured, 0.0 passengers_killed, 0.0 pedestrian_injured, 0.0 pedestrian_killed, Fair (Night), EDSA East Ave. Quezon City",MMDA Road Safety Unit,,fe027ee4-4a41-435c-aebe-ea350b7cdd29,2012-02-22,14:30:00,EDSA Aurora Blvd. Cubao Quezon City,0,0,0,0,0,0,0,0,0,0,2012-02-22 22:30,Property,14.6328297,121.0451176,No Collision Stated
None,EDSA,None,None,"No Accident Factor, No Collision Stated (based on Police Blotter Book), 0.0 drivers_injured, 0.0 drivers_killed, 0.0 passengers_injured, 0.0 passengers_killed, 0.0 pedestrian_injured, 0.0 pedestrian_killed, Fair (Day), EDSA Ermin Garcia St. / New York St. Quezon City",MMDA Road Safety Unit,,5fb2e10a-e4b7-4af9-b1ed-ca3b8b5e72e6,2012-02-22,00:30:00,"EDSA Cor. B. Serrano Avenue at ""U""Turn Slot Quezon City",0,0,0,0,0,0,0,0,0,0,2012-02-22 8:30,Property,14.62586667,121.0482082,No Collision Stated
None,EDSA,None,None,"No Accident Factor, No Collision Stated (based on Police Blotter Book), 0.0 drivers_injured, 0.0 drivers_killed, 0.0 passengers_injured, 0.0 passengers_killed, 0.0 pedestrian_injured, 0.0 pedestrian_killed, Fair (Day), EDSA Mindanao Ave., brgy. Bagong Pag-asa Quezon City",MMDA Road Safety Unit,,fadc63d5-3bf9-42e7-8a37-c10eeffcc13d,2012-02-21,22:45:00,EDSA Aurora Blvd. Cubao Quezon City,0,0,0,0,0,0,0,0,0,0,2012-02-22 6:45,Property,14.65052386,121.0335656,No Collision Stated
None,EDSA,None,None,"No Accident Factor, Hit and Run (No Collision Stated), 0.0 drivers_injured, 0.0 drivers_killed, 0.0 passengers_injured, 0.0 passengers_killed, 0.0 pedestrian_injured, 0.0 pedestrian_killed, Fair (Night), EDSA Aurora Blvd. Quezon City",MMDA Road Safety Unit,,d3e975fa-7fbb-4a5d-81f6-695cd0a79182,2012-02-21,15:30:00,EDSA South Ave. / Timog Ave. Quezon City,0,0,0,0,0,0,0,0,0,0,2012-02-21 23:30,Property,14.62163653,121.0501573,No Collision Stated
None,EDSA,None,None,"No Accident Factor, No Collision Stated (based on Police Blotter Book), 0.0 drivers_injured, 0.0 drivers_killed, 0.0 passengers_injured, 0.0 passengers_killed, 0.0 pedestrian_injured, 0.0 pedestrian_killed, Fair (Night), EDSA Congressional Ave., Bgy. Ramon Magsaysay Quezon City",MMDA Road Safety Unit,,0674ac4c-6a25-483a-b8df-a9b49a527b04,2012-02-21,11:00:00,EDSA Main Ave. Quezon City,0,0,0,0,0,0,0,0,0,0,2012-02-21 19:00,Property,14.6571804,120.9927185,No Collision Stated
None,EDSA,None,None,"No Accident Factor, Hit and Run (No Collision Stated), 1.0 drivers_injured, 0.0 drivers_killed, 1.0 passengers_injured, 0.0 passengers_killed, 0.0 pedestrian_injured, 0.0 pedestrian_killed, Fair (Day), EDSA East Ave. Quezon City",MMDA Road Safety Unit,,b598003e-84ec-4109-9df9-96f4e2a991aa,2012-02-20,23:20:00,EDSA Main Ave. Quezon City,0,0,0,1,1,0,0,0,0,2,2012-02-21 7:20,Injury,14.6328297,121.0451176,No Collision Stated
None,EDSA,None,None,"No Accident Factor, No Collision Stated (based on Police Blotter Book), 0.0 drivers_injured, 0.0 drivers_killed, 0.0 passengers_injured, 0.0 passengers_killed, 0.0 pedestrian_injured, 0.0 pedestrian_killed, Fair (Night), EDSA Quezon Ave. Quezon City",MMDA Road Safety Unit,,bc27b16e-e185-436e-a771-68baf106ff55,2012-02-20,15:00:00,EDSA Kamias Road Quezon City,0,0,0,0,0,0,0,0,0,0,2012-02-20 23:00,Property,14.6442444,121.0375839,No Collision Stated
None,EDSA,None,None,"No Accident Factor, No Collision Stated (based on Police Blotter Book), 0.0 drivers_injured, 0.0 drivers_killed, 0.0 passengers_injured, 0.0 passengers_killed, 0.0 pedestrian_injured, 0.0 pedestrian_killed, Fair (Day), EDSA Quezon Ave. Quezon City",MMDA Road Safety Unit,,8d70069a-b8ff-46d6-97dc-dd1ab192babc,2012-02-20,06:30:00,EDSA P. Tuazon Blvd. Quezon City,0,0,0,0,0,0,0,0,0,0,2012-02-20 14:30,Property,14.6442444,121.0375839,No Collision Stated
None,EDSA,None,None,"No Accident Factor, No Collision Stated (based on Police Blotter Book), 0.0 drivers_injured, 0.0 drivers_killed, 0.0 passengers_injured, 0.0 passengers_killed, 0.0 pedestrian_injured, 0.0 pedestrian_killed, Fair (Night), EDSA Between Erwin Garcia St. & New York St. Quezon City",MMDA Road Safety Unit,,67482a63-3f20-4803-9b0f-a0c2ad95ce11,2012-02-19,21:15:00,EDSA Quezon Ave. Quezon City,0,0,0,0,0,0,0,0,0,0,2012-02-20 5:15,Property,14.62590603,121.0481968,No Collision Stated
None,EDSA,None,None,"No Accident Factor, No Collision Stated (based on Police Blotter Book), 1.0 drivers_injured, 0.0 drivers_killed, 0.0 passengers_injured, 0.0 passengers_killed, 0.0 pedestrian_injured, 0.0 pedestrian_killed, Fair (Night), EDSA fronting Jam Liner Bus Terminal Quezon City",MMDA Road Safety Unit,,5e2f9d34-541b-493a-829b-0cfc45b33d78,2012-02-19,17:00:00,EDSA Cubao Loading Bay Quezon City,0,0,0,1,0,0,0,0,0,1,2012-02-20 1:00,Injury,14.63204393,121.0452216,No Collision Stated
None,EDSA,None,None,"No Accident Factor, No Collision Stated (based on Police Blotter Book), 0.0 drivers_injured, 0.0 drivers_killed, 0.0 passengers_injured, 0.0 passengers_killed, 0.0 pedestrian_injured, 0.0 pedestrian_killed, Fair (Day), EDSA Misamis St., brgy. Sto. Cristo Quezon City",MMDA Road Safety Unit,,f0b73623-da1c-4a5c-9a00-0e69c5be5623,2012-02-19,06:20:00,EDSA Aurora Blvd. Quezon City,0,0,0,0,0,0,0,0,0,0,2012-02-19 14:20,Property,14.65602348,121.0285212,No Collision Stated
None,EDSA,None,None,"No Accident Factor, No Collision Stated (based on Police Blotter Book), 0.0 drivers_injured, 0.0 drivers_killed, 0.0 passengers_injured, 0.0 passengers_killed, 0.0 pedestrian_injured, 0.0 pedestrian_killed, Fair (Day), EDSA QCPD Station #10 Quezon City",MMDA Road Safety Unit,,aa5a699e-1c2d-4ed0-af25-760a4390c391,2012-02-19,03:30:00,"EDSA at ""U""turn slot  near East Ave. Quezon City",0,0,0,0,0,0,0,0,0,0,2012-02-19 11:30,Property,14.62991873,121.0461256,No Collision Stated
None,EDSA,None,None,"No Accident Factor, No Collision Stated (based on Police Blotter Book), 0.0 drivers_injured, 0.0 drivers_killed, 0.0 passengers_injured, 0.0 passengers_killed, 0.0 pedestrian_injured, 0.0 pedestrian_killed, Fair (Night), EDSA Kamias Road Quezon City",MMDA Road Safety Unit,,056b19a6-f543-48c5-a4a2-55c627ac1196,2012-02-17,15:00:00,EDSA fronting E.S. Transit Terminal Quezon City,0,0,0,0,0,0,0,0,0,0,2012-02-17 23:00,Property,14.6309142,121.0459376,No Collision Stated
None,EDSA,None,None,"No Accident Factor, Side Swipe, 0.0 drivers_injured, 0.0 drivers_killed, 0.0 passengers_injured, 0.0 passengers_killed, 0.0 pedestrian_injured, 0.0 pedestrian_killed, Fair (Night), EDSA fronting Camp Crame Quezon City",MMDA Road Safety Unit,,1c296422-e74c-4ba2-a8b5-7dc2e349c1f7,2012-02-17,11:20:00,EDSA fronting Santolan MRT Station Quezon City,0,0,0,0,0,0,0,0,0,0,2012-02-17 19:20,Property,14.60925441,121.0557175,Side Swipe
None,EDSA,None,None,"No Accident Factor, No Collision Stated (based on Police Blotter Book), 0.0 drivers_injured, 0.0 drivers_killed, 0.0 passengers_injured, 0.0 passengers_killed, 0.0 pedestrian_injured, 0.0 pedestrian_killed, Fair (Night), EDSA Mindanao Ave., ext., brgy. Bagong Pag-asa Quezon City",MMDA Road Safety Unit,,f1201a3e-7de2-42cd-8b63-1058f30f1927,2012-02-17,11:15:00,EDSA fronting Camp Aguinaldo near Santolan Road Quezon City,0,0,0,0,0,0,0,0,0,0,2012-02-17 19:15,Property,14.65052386,121.0335656,No Collision Stated
None,EDSA,None,None,"No Accident Factor, No Collision Stated (based on Police Blotter Book), 0.0 drivers_injured, 0.0 drivers_killed, 0.0 passengers_injured, 0.0 passengers_killed, 0.0 pedestrian_injured, 0.0 pedestrian_killed, Fair (Day), EDSA Bansalangin St. Quezon City",MMDA Road Safety Unit,,bcfa7f33-dc17-4083-97ea-d592285e39ec,2012-02-17,09:00:00,"EDSA fronting Baliwag Trans Bus Terminal, Cuabo Quezon City",0,0,0,0,0,0,0,0,0,0,2012-02-17 17:00,Property,14.6567996,121.0241845,No Collision Stated
None,EDSA,None,None,"No Accident Factor, No Collision Stated (based on Police Blotter Book), 0.0 drivers_injured, 0.0 drivers_killed, 0.0 passengers_injured, 0.0 passengers_killed, 0.0 pedestrian_injured, 0.0 pedestrian_killed, Fair (Day), EDSA Corregidor St., brgy. R. Mag-saysay Quezon City",MMDA Road Safety Unit,,c4154f93-dd75-4454-987f-76a60b5cb50c,2012-02-15,22:45:00,EDSA Nia Road Quezon City,0,0,0,0,0,0,0,0,0,0,2012-02-16 6:45,Property,14.65707679,121.0241648,No Collision Stated
None,EDSA,None,None,"No Accident Factor, No Collision Stated (based on Police Blotter Book), 0.0 drivers_injured, 0.0 drivers_killed, 0.0 passengers_injured, 0.0 passengers_killed, 0.0 pedestrian_injured, 0.0 pedestrian_killed, Fair (Night), EDSA at ""U"" turn slot, fronting Iglesia ni Cristo Church, Bgy. R. Magsaysay Quezon City",MMDA Road Safety Unit,,267bf2f0-9ef4-415b-9c0e-a260c7908cc1,2012-02-15,11:45:00,EDSA fronting Trinoma Mall Quezon City,0,0,0,0,0,0,0,0,0,0,2012-02-15 19:45,Property,14.6573249,121.0226677,No Collision Stated
None,EDSA,None,None,"No Accident Factor, No Collision Stated (based on Police Blotter Book), 1.0 drivers_injured, 0.0 drivers_killed, 0.0 passengers_injured, 0.0 passengers_killed, 0.0 pedestrian_injured, 0.0 pedestrian_killed, Fair (Day), EDSA Congressional Ave., Bgy. Ramon Magsaysay Quezon City",MMDA Road Safety Unit,,0a957c41-0da7-49c6-b1c5-2972dda11486,2012-02-15,07:00:00,EDSA fronting QW- Mart Market Quezon City,0,0,0,1,0,0,0,0,0,1,2012-02-15 15:00,Injury,14.6571804,120.9927185,No Collision Stated
None,EDSA,None,None,"No Accident Factor, No Collision Stated (based on Police Blotter Book), 0.0 drivers_injured, 0.0 drivers_killed, 0.0 passengers_injured, 0.0 passengers_killed, 0.0 pedestrian_injured, 0.0 pedestrian_killed, Fair (Day), EDSA fronting Cloverleaf Market, brgy. Balingasa Quezon City",MMDA Road Safety Unit,,d0fd8250-4b91-4975-a125-e56d7e821605,2012-02-15,05:35:00,EDSA White Plains Avenue Quezon City,0,0,0,0,0,0,0,0,0,0,2012-02-15 13:35,Property,14.65731339,121.000715,No Collision Stated
None,EDSA,None,None,"No Accident Factor, No Collision Stated (based on Police Blotter Book), 0.0 drivers_injured, 0.0 drivers_killed, 0.0 passengers_injured, 0.0 passengers_killed, 0.0 pedestrian_injured, 0.0 pedestrian_killed, Fair (Day), EDSA after P. Tuazon Blvd. / Motortrade Quezon City",MMDA Road Safety Unit,,a63f6202-ba20-4cac-8e18-00bf8d5f40e9,2012-02-15,04:45:00,EDSA New York St. Brgy. E. Rodriguez Quezon City,0,0,0,0,0,0,0,0,0,0,2012-02-15 12:45,Property,14.61626957,121.0524084,No Collision Stated
None,EDSA,None,None,"No Accident Factor, No Collision Stated (based on Police Blotter Book), 1.0 drivers_injured, 0.0 drivers_killed, 0.0 passengers_injured, 0.0 passengers_killed, 0.0 pedestrian_injured, 0.0 pedestrian_killed, Fair (Night), EDSA fronting Gate 3 of Camp Aguinaldo Quezon City",MMDA Road Safety Unit,,b609e894-1dc7-49c6-a87a-835af11d8064,2012-02-14,20:25:00,EDSA Col. Bonny Serrano Ave. (Santolan Road) Quezon City,0,0,0,1,0,0,0,0,0,1,2012-02-15 4:25,Injury,14.60475566,121.0580111,No Collision Stated
None,EDSA,None,None,"No Accident Factor, No Collision Stated (based on Police Blotter Book), 0.0 drivers_injured, 0.0 drivers_killed, 0.0 passengers_injured, 0.0 passengers_killed, 0.0 pedestrian_injured, 0.0 pedestrian_killed, Fair (Day), EDSA Roosevelt Ave. Quezon City",MMDA Road Safety Unit,,da6c6e03-c074-417a-9486-152c2da3797c,2012-02-14,04:45:00,EDSA Ermin Garcia St. Brgy. E. Rodriguez Quezon City,0,0,0,0,0,0,0,0,0,0,2012-02-14 12:45,Property,14.65762047,121.0196373,No Collision Stated
None,EDSA,None,None,"No Accident Factor, No Collision Stated (based on Police Blotter Book), 1.0 drivers_injured, 0.0 drivers_killed, 0.0 passengers_injured, 0.0 passengers_killed, 0.0 pedestrian_injured, 0.0 pedestrian_killed, Fair (Day), EDSA South Ave. / Timog Ave. Quezon City",MMDA Road Safety Unit,,72fffa78-b920-4460-a5ff-c0340b39cdd4,2012-02-14,04:40:00,EDSA fronting Superlines Bus Terminal Quezon City,0,0,0,1,0,0,0,0,0,1,2012-02-14 12:40,Injury,14.63257986,121.0449774,No Collision Stated
None,EDSA,None,None,"No Accident Factor, No Collision Stated (based on Police Blotter Book), 0.0 drivers_injured, 0.0 drivers_killed, 0.0 passengers_injured, 0.0 passengers_killed, 0.0 pedestrian_injured, 0.0 pedestrian_killed, Fair (Day), EDSA Mapagmahal St., before DILG Quezon City",MMDA Road Safety Unit,,ea094591-28a3-406e-a0e2-ebdd1541af1f,2012-02-14,01:30:00,EDSA Royal brgy. A. Samson Quezon City,0,0,0,0,0,0,0,0,0,0,2012-02-14 9:30,Property,14.63185046,121.0455315,No Collision Stated
None,EDSA,None,None,"No Accident Factor, No Collision Stated (based on Police Blotter Book), 0.0 drivers_injured, 0.0 drivers_killed, 0.0 passengers_injured, 0.0 passengers_killed, 0.0 pedestrian_injured, 0.0 pedestrian_killed, Fair (Night), EDSA fronting North Diversion Market, Balintawak, Bgy. A. Samson Quezon City",MMDA Road Safety Unit,,22552aca-0ae5-4d99-a59b-246d68cde5e5,2012-02-13,20:45:00,EDSA Arayat Avenue Quezon City,0,0,0,0,0,0,0,0,0,0,2012-02-14 4:45,Property,14.65730277,121.0031624,No Collision Stated
None,EDSA,None,None,"No Accident Factor, Other (Multiple), 0.0 drivers_injured, 0.0 drivers_killed, 0.0 passengers_injured, 0.0 passengers_killed, 0.0 pedestrian_injured, 0.0 pedestrian_killed, Fair (Day), EDSA Main Avenue Cubao Quezon City",MMDA Road Safety Unit,,978ef1f3-117d-498f-abc6-5483c4d1a5a2,2012-02-13,08:30:00,EDSA Trinoma UTS Quezon City,0,0,0,0,0,0,0,0,0,0,2012-02-13 16:30,Property,14.61376458,121.0537933,Multiple
None,EDSA,None,None,"No Accident Factor, No Collision Stated (based on Police Blotter Book), 0.0 drivers_injured, 0.0 drivers_killed, 0.0 passengers_injured, 0.0 passengers_killed, 0.0 pedestrian_injured, 0.0 pedestrian_killed, Fair (Day), EDSA after Seminary Road Quezon City",MMDA Road Safety Unit,,af4812be-2a1f-4586-89b7-19010e4b8b3f,2012-02-13,06:45:00,EDSA Kamuning Road Quezon City,0,0,0,0,0,0,0,0,0,0,2012-02-13 14:45,Property,14.65774338,121.0172498,No Collision Stated
None,EDSA,None,None,"No Accident Factor, No Collision Stated (based on Police Blotter Book), 0.0 drivers_injured, 0.0 drivers_killed, 0.0 passengers_injured, 0.0 passengers_killed, 0.0 pedestrian_injured, 0.0 pedestrian_killed, Fair (Day), EDSA Balintawak Market Quezon City",MMDA Road Safety Unit,,0079533a-fe2a-40c3-8f95-7f9f6b27b33f,2012-02-12,22:00:00,"EDSA fronting Gate 3 Camp Aguinaldo, Brgy. Socorro Quezon City",0,0,0,0,0,0,0,0,0,0,2012-02-13 6:00,Property,14.65740947,121.0025737,No Collision Stated
None,EDSA,None,None,"No Accident Factor, Hit and Run (No Collision Stated), 0.0 drivers_injured, 0.0 drivers_killed, 0.0 passengers_injured, 0.0 passengers_killed, 0.0 pedestrian_injured, 0.0 pedestrian_killed, Fair (Night), EDSA fronting INC Church, brgy. Sto. Cristo Quezon City",MMDA Road Safety Unit,,f2452d4e-5063-40a1-8d0a-84f65a39bfee,2012-02-12,12:10:00,"EDSA fronting Five Star Bus Terminal Brgy. E. Rodriguez, Cubao Quezon City",0,0,0,0,0,0,0,0,0,0,2012-02-12 20:10,Property,14.65749652,121.0222666,No Collision Stated
None,EDSA,None,None,"No Accident Factor, No Collision Stated (based on Police Blotter Book), 0.0 drivers_injured, 0.0 drivers_killed, 0.0 passengers_injured, 0.0 passengers_killed, 0.0 pedestrian_injured, 0.0 pedestrian_killed, Fair (Day), EDSA Mindanao ext., brgy. Pag-asa Quezon City",MMDA Road Safety Unit,,25ba464f-1c4b-4ec6-8d71-ecc4ac0d0264,2012-02-12,06:15:00,EDSA near New York St. / Dagupan Bus Terminal Quezon City,0,0,0,0,0,0,0,0,0,0,2012-02-12 14:15,Property,14.65052386,121.0335656,No Collision Stated
None,EDSA,None,None,"No Accident Factor, No Collision Stated (based on Police Blotter Book), 1.0 drivers_injured, 0.0 drivers_killed, 1.0 passengers_injured, 0.0 passengers_killed, 0.0 pedestrian_injured, 0.0 pedestrian_killed, Fair (Day), EDSA fronting Shell Gas Station, Bgy. Apolonio Samson Quezon City",MMDA Road Safety Unit,,766a2f75-a0af-4f07-a735-a34fc0d21983,2012-02-12,02:30:00,EDSA Robinson Galleria Exit Quezon City,0,0,0,1,1,0,0,0,0,2,2012-02-12 10:30,Injury,14.65755247,121.0076914,No Collision Stated