LOCATION_TEXT,ROAD,WEATHER,LIGHT,DESC,REPORTING_AGENCY,MAIN_CAUSE,INCIDENTDETAILS_ID,DATE_UTC,TIME_UTC,ADDRESS,killed_driver,killed_passenger,killed_pedestrian,injured_driver,injured_passenger,injured_pedestrian,killed_uncategorized,injured_uncategorized,killed_total,injured_total,DATETIME_PST,SEVERITY,Y,X,COLLISION_TYPE
None,EDSA,None,None,"No Accident Factor, No Collision Stated (based on Police Blotter Book), 0.0 drivers_injured, 0.0 drivers_killed, 0.0 passengers_injured, 0.0 passengers_killed, 0.0 pedestrian_injured, 0.0 pedestrian_killed, Fair (Night), EDSA fronting INC Church, brgy. Pag-asa Quezon City",MMDA Road Safety Unit,,86da75c7-c97d-4cd5-b799-7e7d67a5cd66,2012-02-11,12:10:00,EDSA Aurora Blvd. Quezon City,0,0,0,0,0,0,0,0,0,0,2012-02-11 20:10,Property,14.65749652,121.0222666,No Collision Stated
None,EDSA,None,None,"No Accident Factor, Rear-end, 0.0 drivers_injured, 0.0 drivers_killed, 0.0 passengers_injured, 0.0 passengers_killed, 0.0 pedestrian_injured, 0.0 pedestrian_killed, Fair (Night), EDSA East Ave. Quezon City",MMDA Road Safety Unit,,3f18543a-293c-458e-ba87-753616b03051,2012-02-11,12:00:00,EDSA Gen. Roxas. Brgy. Socorro Quezon City,0,0,0,0,0,0,0,0,0,0,2012-02-11 20:00,Property,14.6328297,121.0451176,Rear-End
None,EDSA,None,None,"No Accident Factor, No Collision Stated (based on Police Blotter Book), 0.0 drivers_injured, 0.0 drivers_killed, 0.0 passengers_injured, 0.0 passengers_killed, 0.0 pedestrian_injured, 0.0 pedestrian_killed, Fair (Night), EDSA Misamis St., Pag-asa Quezon City",MMDA Road Safety Unit,,27271599-262c-4921-8e99-e03c32c7d539,2012-02-11,11:30:00,EDSA Trinoma Loading Bay Quezon City,0,0,0,0,0,0,0,0,0,0,2012-02-11 19:30,Property,14.65602348,121.0285212,No Collision Stated
None,EDSA,None,None,"No Accident Factor, No Collision Stated (based on Police Blotter Book), 0.0 drivers_injured, 0.0 drivers_killed, 0.0 passengers_injured, 0.0 passengers_killed, 0.0 pedestrian_injured, 0.0 pedestrian_killed, Fair (Day), EDSA Roosevelt Ave., San Antonio Quezon City",MMDA Road Safety Unit,,0e8005b9-131b-4167-91b3-d7f0141c650c,2012-02-11,04:30:00,EDSA Quezon Ave. Quezon City,0,0,0,0,0,0,0,0,0,0,2012-02-11 12:30,Property,14.65762047,121.0196373,No Collision Stated
None,EDSA,None,None,"No Accident Factor, No Collision Stated (based on Police Blotter Book), 0.0 drivers_injured, 0.0 drivers_killed, 0.0 passengers_injured, 0.0 passengers_killed, 0.0 pedestrian_injured, 0.0 pedestrian_killed, Fair (Day), EDSA Philam Subd., brgy. Project 6 Quezon City",MMDA Road Safety Unit,,93b031a9-1c3b-4a5a-b701-b9e8e2fc304d,2012-02-11,04:00:00,EDSA Col. Bonny Serrano Ave. (Santolan Road) Quezon City,0,0,0,0,0,0,0,0,0,0,2012-02-11 12:00,Property,14.65280875,121.0317622,No Collision Stated
None,EDSA,None,None,"No Accident Factor, No Collision Stated (based on Police Blotter Book), 0.0 drivers_injured, 0.0 drivers_killed, 0.0 passengers_injured, 0.0 passengers_killed, 0.0 pedestrian_injured, 0.0 pedestrian_killed, Fair (Night), EDSA at ""U"" turn slot, GMA-7 Bldg. Quezon City",MMDA Road Safety Unit,,9153baff-2462-46a6-819a-23d7fd2da25c,2012-02-10,17:00:00,EDSA Quezon Avenue Quezon City,0,0,0,0,0,0,0,0,0,0,2012-02-11 1:00,Property,14.633787,121.04437,No Collision Stated
None,EDSA,None,None,"No Accident Factor, Side Swipe, 0.0 drivers_injured, 0.0 drivers_killed, 0.0 passengers_injured, 0.0 passengers_killed, 0.0 pedestrian_injured, 0.0 pedestrian_killed, Fair (Night), EDSA East Ave. Quezon City",MMDA Road Safety Unit,,85f08e74-cd9d-4c45-85d8-49679cc3b76d,2012-02-10,13:25:00,"EDSA fronting Expo , Cubao Quezon City",0,0,0,0,0,0,0,0,0,0,2012-02-10 21:25,Property,14.6328297,121.0451176,Side Swipe
None,EDSA,None,None,"No Accident Factor, Side Swipe, 0.0 drivers_injured, 0.0 drivers_killed, 0.0 passengers_injured, 0.0 passengers_killed, 0.0 pedestrian_injured, 0.0 pedestrian_killed, Fair (Day), EDSA East Ave. (WB) Quezon City",MMDA Road Safety Unit,,6dfbd1be-f67b-4d47-9c8d-2c59f22427b9,2012-02-10,08:15:00,EDSA Kamias Road Quezon City,0,0,0,0,0,0,0,0,0,0,2012-02-10 16:15,Property,14.6328297,121.0451176,Side Swipe
None,EDSA,None,None,"No Accident Factor, No Collision Stated (based on Police Blotter Book), 0.0 drivers_injured, 0.0 drivers_killed, 0.0 passengers_injured, 0.0 passengers_killed, 0.0 pedestrian_injured, 0.0 pedestrian_killed, Fair (Night), EDSA at ""U"" turn slot, before Kaingin Road, Bgy. A. Samson Quezon City",MMDA Road Safety Unit,,b3d0f2f8-d964-49f5-ac39-a9b5f54bd8d4,2012-02-08,14:20:00,EDSA P. Tuazon Blvd. Quezon City,0,0,0,0,0,0,0,0,0,0,2012-02-08 22:20,Property,14.65762161,121.0108876,No Collision Stated
None,EDSA,None,None,"No Accident Factor, No Collision Stated (based on Police Blotter Book), 0.0 drivers_injured, 0.0 drivers_killed, 0.0 passengers_injured, 0.0 passengers_killed, 0.0 pedestrian_injured, 0.0 pedestrian_killed, Fair (Day), EDSA at ""U"" turn slot, Nueva Ecija St., Bgy. Sto. Cristo Quezon City",MMDA Road Safety Unit,,921c4ac1-b24f-4fd6-a63b-572547b4c6f0,2012-02-08,05:00:00,EDSA White Plains Avenue Quezon City,0,0,0,0,0,0,0,0,0,0,2012-02-08 13:00,Property,14.65648602,121.0261127,No Collision Stated
None,EDSA,None,None,"No Accident Factor, No Collision Stated (based on Police Blotter Book), 0.0 drivers_injured, 0.0 drivers_killed, 0.0 passengers_injured, 0.0 passengers_killed, 0.0 pedestrian_injured, 0.0 pedestrian_killed, Fair (Day), EDSA fronting Balintawak Market Quezon City",MMDA Road Safety Unit,,2dd76209-a9a9-41c3-9896-cbe80ead67ec,2012-02-08,02:30:00,EDSA East Ave. Quezon City,0,0,0,0,0,0,0,0,0,0,2012-02-08 10:30,Property,14.65736198,121.00264,No Collision Stated
None,EDSA,None,None,"No Accident Factor, Side Swipe, 0.0 drivers_injured, 0.0 drivers_killed, 0.0 passengers_injured, 0.0 passengers_killed, 0.0 pedestrian_injured, 0.0 pedestrian_killed, Fair (Night), EDSA Kamias Road Quezon City",MMDA Road Safety Unit,,957c625a-80c2-4d17-9332-300b593a0cfc,2012-02-07,14:30:00,EDSA before Main Ave. Quezon City,0,0,0,0,0,0,0,0,0,0,2012-02-07 22:30,Property,14.6309142,121.0459376,Side Swipe
None,EDSA,None,None,"No Accident Factor, No Collision Stated (based on Police Blotter Book), 0.0 drivers_injured, 0.0 drivers_killed, 0.0 passengers_injured, 0.0 passengers_killed, 0.0 pedestrian_injured, 0.0 pedestrian_killed, Fair (Day), EDSA before Scout Borromeo St. Quezon City",MMDA Road Safety Unit,,7bf2017f-74b2-4cfa-84d7-ad7d7e92bd92,2012-02-07,03:30:00,EDSA South Ave. / Timog Ave. Quezon City,0,0,0,0,0,0,0,0,0,0,2012-02-07 11:30,Property,14.63732839,121.041846,No Collision Stated
None,EDSA,None,None,"No Accident Factor, No Collision Stated (based on Police Blotter Book), 0.0 drivers_injured, 0.0 drivers_killed, 0.0 passengers_injured, 0.0 passengers_killed, 0.0 pedestrian_injured, 0.0 pedestrian_killed, Fair (Day), EDSA South Ave. / Timog Ave. Quezon City",MMDA Road Safety Unit,,d2cc7b0e-7a79-456d-aa00-c35fd0a2a9a0,2012-02-06,05:20:00,EDSA fronting Camp Crame Quezon City,0,0,0,0,0,0,0,0,0,0,2012-02-06 13:20,Property,14.63257986,121.0449774,No Collision Stated
None,EDSA,None,None,"No Accident Factor, Rear-end, 0.0 drivers_injured, 0.0 drivers_killed, 0.0 passengers_injured, 0.0 passengers_killed, 0.0 pedestrian_injured, 0.0 pedestrian_killed, Fair (Day), EDSA Kamias Road Brgy. Kamuning Quezon City",MMDA Road Safety Unit,,541910b2-9948-4cee-b320-25f77c79babc,2012-02-06,01:30:00,EDSA Kamuning Road Quezon City,0,0,0,0,0,0,0,0,0,0,2012-02-06 9:30,Property,14.6309142,121.0459376,Rear-End
None,EDSA,None,None,"No Accident Factor, No Collision Stated (based on Police Blotter Book), 0.0 drivers_injured, 0.0 drivers_killed, 0.0 passengers_injured, 0.0 passengers_killed, 0.0 pedestrian_injured, 0.0 pedestrian_killed, Fair (Day), EDSA West Ave. Quezon City",MMDA Road Safety Unit,,cfbf2c2c-9f0d-40d3-a4a7-ce002c804229,2012-02-06,01:05:00,EDSA before Monte De Piedad St. (Arizona) Quezon City,0,0,0,0,0,0,0,0,0,0,2012-02-06 9:05,Property,14.65548924,121.0298079,No Collision Stated
None,EDSA,None,None,"No Accident Factor, No Collision Stated (based on Police Blotter Book), 0.0 drivers_injured, 0.0 drivers_killed, 0.0 passengers_injured, 0.0 passengers_killed, 0.0 pedestrian_injured, 0.0 pedestrian_killed, Fair (Day), EDSA before K - 3Rd Ext. Quezon City",MMDA Road Safety Unit,,24c541b9-de70-4bf6-834c-043ce3547fa8,2012-02-05,23:30:00,"EDSA Approaching Aurora Blvd., Cubao Quezon City",0,0,0,0,0,0,0,0,0,0,2012-02-06 7:30,Property,14.62955217,121.0463229,No Collision Stated
None,EDSA,None,None,"No Accident Factor, No Collision Stated (based on Police Blotter Book), 1.0 drivers_injured, 0.0 drivers_killed, 0.0 passengers_injured, 0.0 passengers_killed, 0.0 pedestrian_injured, 0.0 pedestrian_killed, Fair (Night), EDSA North Ave., UTS Quezon City",MMDA Road Safety Unit,,8982254b-1417-4e0b-9256-2d29bfc6bdce,2012-02-05,21:40:00,EDSA After MRT Station Santolan Quezon City,0,0,0,1,0,0,0,0,0,1,2012-02-06 5:40,Injury,14.65553839,121.0299647,No Collision Stated
None,EDSA,None,None,"No Accident Factor, No Collision Stated (based on Police Blotter Book), 0.0 drivers_injured, 0.0 drivers_killed, 0.0 passengers_injured, 0.0 passengers_killed, 0.0 pedestrian_injured, 0.0 pedestrian_killed, Fair (Night), EDSA fronting Farmers Market Quezon City",MMDA Road Safety Unit,,fc55efe0-3118-424c-a6e6-398850917465,2012-02-03,18:45:00,EDSA fronting Camp Aguinaldo Quezon City,0,0,0,0,0,0,0,0,0,0,2012-02-04 2:45,Property,14.61924195,121.0511606,No Collision Stated
None,EDSA,None,None,"No Accident Factor, No Collision Stated (based on Police Blotter Book), 0.0 drivers_injured, 0.0 drivers_killed, 0.0 passengers_injured, 0.0 passengers_killed, 0.0 pedestrian_injured, 0.0 pedestrian_killed, Fair (Night), EDSA fronting INC Church, before Alley 1 Quezon City",MMDA Road Safety Unit,,ae38bc26-5b31-47b4-a4ce-6e15cd4b00e0,2012-02-03,10:30:00,EDSA fronting Camp Aguinaldo Loading Bay Quezon City,0,0,0,0,0,0,0,0,0,0,2012-02-03 18:30,Property,14.65749652,121.0222666,No Collision Stated
None,EDSA,None,None,"No Accident Factor, No Collision Stated (based on Police Blotter Book), 0.0 drivers_injured, 0.0 drivers_killed, 0.0 passengers_injured, 0.0 passengers_killed, 0.0 pedestrian_injured, 0.0 pedestrian_killed, Fair (Day), EDSA South Ave. / Timog Ave. Quezon City",MMDA Road Safety Unit,,37d1a452-ff26-4d95-89ff-df5db34b1677,2012-02-03,02:30:00,"EDSA Gen. Mc Arthur Avenue, Cubao Quezon City",0,0,0,0,0,0,0,0,0,0,2012-02-03 10:30,Property,14.63257986,121.0449774,No Collision Stated
None,EDSA,None,None,"No Accident Factor, Rear-end, 0.0 drivers_injured, 0.0 drivers_killed, 0.0 passengers_injured, 0.0 passengers_killed, 0.0 pedestrian_injured, 0.0 pedestrian_killed, Fair (Day), EDSA fronting Nepa-Q Mart, Bgy. E. Rodriguez Quezon City",MMDA Road Safety Unit,,1fa1c8ad-93cf-48eb-9417-a73fe4b8b3b3,2012-02-03,00:15:00,EDSA Liberty Avenue Extn. Approaching B. Serrano Quezon City,0,0,0,0,0,0,0,0,0,0,2012-02-03 8:15,Property,14.6280917,121.0472321,Rear-End
None,EDSA,None,None,"No Accident Factor, Hit Object (Barrier-Concrete), 0.0 drivers_injured, 0.0 drivers_killed, 1.0 passengers_injured, 0.0 passengers_killed, 0.0 pedestrian_injured, 0.0 pedestrian_killed, Fair (Day), EDSA fronting Jac Liner Bus Terminal Quezon City",MMDA Road Safety Unit,,b59c82e0-2310-4c3a-b2de-a70a7df2b69c,2012-02-02,22:10:00,"EDSA fronting Nepa Q mart Brgy, E. Rodriguez Quezon City",0,0,0,0,1,0,0,0,0,1,2012-02-03 6:10,Injury,14.63206278,121.0454731,Hit Object
None,EDSA,None,None,"No Accident Factor, Rear-end, 0.0 drivers_injured, 0.0 drivers_killed, 0.0 passengers_injured, 0.0 passengers_killed, 0.0 pedestrian_injured, 0.0 pedestrian_killed, Fair (Night), EDSA Col. Bonny Serrano Ave. (Santolan Road), Bgy. Socorro Quezon City",MMDA Road Safety Unit,,69f846f3-5070-4c70-b961-db751cc130fb,2012-02-02,15:55:00,EDSA Aurora Blvd. Quezon City,0,0,0,0,0,0,0,0,0,0,2012-02-02 23:55,Property,14.61107337,121.0550705,Rear-End
None,EDSA,None,None,"No Accident Factor, No Collision Stated (based on Police Blotter Book), 0.0 drivers_injured, 0.0 drivers_killed, 0.0 passengers_injured, 0.0 passengers_killed, 0.0 pedestrian_injured, 0.0 pedestrian_killed, Fair (Day), EDSA Kamuning Road Quezon City",MMDA Road Safety Unit,,a6b1e118-9f58-4ca6-95d4-7a1f15c4cd56,2012-02-02,07:00:00,EDSA near Main Ave. Quezon City,0,0,0,0,0,0,0,0,0,0,2012-02-02 15:00,Property,14.63075725,121.0457548,No Collision Stated
None,EDSA,None,None,"No Accident Factor, Self-Accident, 1.0 drivers_injured, 0.0 drivers_killed, 0.0 passengers_injured, 0.0 passengers_killed, 0.0 pedestrian_injured, 0.0 pedestrian_killed, Fair (Day), EDSA West Ave. Quezon City",MMDA Road Safety Unit,,486ea0bf-686f-4d76-8030-efab5a553385,2012-02-02,03:00:00,EDSA fronting Hypermart after Main Avenue Quezon City,0,0,0,1,0,0,0,0,0,1,2012-02-02 11:00,Injury,14.65548924,121.0298079,Self-Accident
None,EDSA,None,None,"No Accident Factor, No Collision Stated (based on Police Blotter Book), 0.0 drivers_injured, 0.0 drivers_killed, 0.0 passengers_injured, 0.0 passengers_killed, 0.0 pedestrian_injured, 0.0 pedestrian_killed, Fair (Day), EDSA Seminary Road, Bahay Toro Quezon City",MMDA Road Safety Unit,,708c617a-d5be-4de5-8a7d-d3b27565ac0c,2012-02-02,01:30:00,EDSA bet Whiteplains Ave. & Camp Aguinaldo gate 4 Quezon City,0,0,0,0,0,0,0,0,0,0,2012-02-02 9:30,Property,14.65776066,121.0173978,No Collision Stated
None,EDSA,None,None,"No Accident Factor, No Collision Stated (based on Police Blotter Book), 0.0 drivers_injured, 0.0 drivers_killed, 0.0 passengers_injured, 0.0 passengers_killed, 0.0 pedestrian_injured, 0.0 pedestrian_killed, Fair (Day), EDSA SM Annex Quezon City",MMDA Road Safety Unit,,21493d8c-f823-4b1a-862d-6806b5fcc4b9,2012-02-01,22:55:00,"EDSA Gen. Roxas Avenue, Cubao Quezon City",0,0,0,0,0,0,0,0,0,0,2012-02-02 6:55,Property,14.65628012,121.0272074,No Collision Stated
None,EDSA,None,None,"No Accident Factor, No Collision Stated (based on Police Blotter Book), 0.0 drivers_injured, 0.0 drivers_killed, 0.0 passengers_injured, 0.0 passengers_killed, 0.0 pedestrian_injured, 0.0 pedestrian_killed, Fair (Night), EDSA before ""U""turn Slot Kamuning Road & Jam Bus Terminal Quezon City",MMDA Road Safety Unit,,03307abd-b267-4936-abb2-8bcb9b3cb5da,2012-02-01,21:15:00,EDSA fronting SM North Quezon City,0,0,0,0,0,0,0,0,0,0,2012-02-02 5:15,Property,14.63187295,121.0453618,No Collision Stated
None,EDSA,None,None,"No Accident Factor, Rear-end, 0.0 drivers_injured, 0.0 drivers_killed, 0.0 passengers_injured, 0.0 passengers_killed, 0.0 pedestrian_injured, 0.0 pedestrian_killed, Fair (Night), EDSA fronting Gate 3 of Camp Aguinaldo Quezon City",MMDA Road Safety Unit,,2e641bda-bc49-4ddd-bb77-df2404f4ef01,2012-02-01,12:00:00,EDSA fronting Camp Aguinaldo near B. Serrano Avenue Quezon City,0,0,0,0,0,0,0,0,0,0,2012-02-01 20:00,Property,14.60475566,121.0580111,Rear-End
None,EDSA,None,None,"No Accident Factor, Side Swipe, 0.0 drivers_injured, 0.0 drivers_killed, 0.0 passengers_injured, 0.0 passengers_killed, 0.0 pedestrian_injured, 0.0 pedestrian_killed, Fair (Day), EDSA East Ave. Quezon City",MMDA Road Safety Unit,,39123cf9-8f44-4494-b2ae-762291526eca,2012-02-01,03:20:00,EDSA bet. East & Nia Site Quezon City,0,0,0,0,0,0,0,0,0,0,2012-02-01 11:20,Property,14.6328297,121.0451176,Side Swipe
None,EDSA,None,None,"No Accident Factor, No Collision Stated (based on Police Blotter Book), 0.0 drivers_injured, 0.0 drivers_killed, 0.0 passengers_injured, 0.0 passengers_killed, 0.0 pedestrian_injured, 0.0 pedestrian_killed, Fair (Day), EDSA Oriental Market Quezon City",MMDA Road Safety Unit,,dae659b6-d308-4720-87bd-c9ae27c6be77,2012-02-01,02:00:00,EDSA fronting Baliwag Bus Term. Cubao Quezon City,0,0,0,0,0,0,0,0,0,0,2012-02-01 10:00,Property,14.65737026,121.0035995,No Collision Stated
None,EDSA,None,None,"No Accident Factor, Hit Object (No Object Stated), 0.0 drivers_injured, 0.0 drivers_killed, 0.0 passengers_injured, 0.0 passengers_killed, 0.0 pedestrian_injured, 0.0 pedestrian_killed, Fair (Night), EDSA Kamias Road Quezon City",MMDA Road Safety Unit,,2002e8a6-ce91-403a-b0bc-422ad35fa13c,2012-01-31,17:15:00,EDSA New York St. Quezon City,0,0,0,0,0,0,0,0,0,0,2012-02-01 1:15,Property,14.6309142,121.0459376,Hit Object
None,EDSA,None,None,"No Accident Factor, No Collision Stated (based on Police Blotter Book), 0.0 drivers_injured, 0.0 drivers_killed, 0.0 passengers_injured, 0.0 passengers_killed, 0.0 pedestrian_injured, 0.0 pedestrian_killed, Fair (Day), EDSA South Ave. / Timog Ave. Quezon City",MMDA Road Safety Unit,,ab01770a-591a-4162-ad4a-2b14a776c214,2012-01-31,04:10:00,EDSA Gen. Mc Arthur St. Araneta Center Quezon City,0,0,0,0,0,0,0,0,0,0,2012-01-31 12:10,Property,14.63257986,121.0449774,No Collision Stated
None,EDSA,None,None,"No Accident Factor, No Collision Stated (based on Police Blotter Book), 0.0 drivers_injured, 0.0 drivers_killed, 0.0 passengers_injured, 0.0 passengers_killed, 0.0 pedestrian_injured, 0.0 pedestrian_killed, Fair (Night), EDSA Congressional Ave., Bgy. Ramon Magsaysay Quezon City",MMDA Road Safety Unit,,00a92155-3dd3-4ed4-a34f-87d4dac6cd7d,2012-01-30,13:00:00,EDSA Bet. Ermin Garcia St. & kamias Road Quezon City,0,0,0,0,0,0,0,0,0,0,2012-01-30 21:00,Property,14.6571804,120.9927185,No Collision Stated
None,EDSA,None,None,"No Accident Factor, No Collision Stated (based on Police Blotter Book), 0.0 drivers_injured, 0.0 drivers_killed, 0.0 passengers_injured, 0.0 passengers_killed, 0.0 pedestrian_injured, 0.0 pedestrian_killed, Fair (Night), EDSA North Ave., Pag-asa Quezon City",MMDA Road Safety Unit,,7bf3cdcf-3c08-4c30-b6a5-ef041ab5dc88,2012-01-30,11:45:00,EDSA Main Ave. Quezon City,0,0,0,0,0,0,0,0,0,0,2012-01-30 19:45,Property,14.65553839,121.0299647,No Collision Stated
None,EDSA,None,None,"No Accident Factor, Rear-end, 0.0 drivers_injured, 0.0 drivers_killed, 0.0 passengers_injured, 0.0 passengers_killed, 0.0 pedestrian_injured, 0.0 pedestrian_killed, Fair (Night), EDSA before Five Star Bus Terminal Quezon City",MMDA Road Safety Unit,,e4317a09-b84d-477d-9042-4275f595d4c0,2012-01-30,11:30:00,EDSA Main Ave. Quezon City,0,0,0,0,0,0,0,0,0,0,2012-01-30 19:30,Property,14.62353536,121.0493424,Rear-End
None,EDSA,None,None,"No Accident Factor, No Collision Stated (based on Police Blotter Book), 0.0 drivers_injured, 0.0 drivers_killed, 0.0 passengers_injured, 0.0 passengers_killed, 0.0 pedestrian_injured, 0.0 pedestrian_killed, Fair (Day), EDSA Annapolis St. Quezon City",MMDA Road Safety Unit,,e4728911-eba3-426b-8f2a-3c23a9134a9f,2012-01-30,03:45:00,EDSA fronting Nepa-Q Mart Quezon City,0,0,0,0,0,0,0,0,0,0,2012-01-30 11:45,Property,14.60596216,121.0571767,No Collision Stated
None,EDSA,None,None,"No Accident Factor, Rear-end, 0.0 drivers_injured, 0.0 drivers_killed, 0.0 passengers_injured, 0.0 passengers_killed, 0.0 pedestrian_injured, 0.0 pedestrian_killed, Fair (Day), EDSA Col. Bonny Serrano Ave. (Santolan Road), Bgy. Socorro Quezon City",MMDA Road Safety Unit,,0f4b8fec-2822-4865-96b8-6aabda2e1a35,2012-01-29,23:30:00,EDSA beside Loading Bay fronting Cam Aguinaldo Quezon City,0,0,0,0,0,0,0,0,0,0,2012-01-30 7:30,Property,14.61107337,121.0550705,Rear-End
None,EDSA,None,None,"No Accident Factor, No Collision Stated (based on Police Blotter Book), 0.0 drivers_injured, 0.0 drivers_killed, 0.0 passengers_injured, 0.0 passengers_killed, 0.0 pedestrian_injured, 0.0 pedestrian_killed, Fair (Day), EDSA fronting Cloverleaf Market, brgy. Balingasa Quezon City",MMDA Road Safety Unit,,f93d4249-516d-4f67-80de-88d9ca6bccfe,2012-01-29,09:00:00,EDSA fronting Victory Liner Inc. Quezon City,0,0,0,0,0,0,0,0,0,0,2012-01-29 17:00,Property,14.65731339,121.000715,No Collision Stated
None,EDSA,None,None,"No Accident Factor, No Collision Stated (based on Police Blotter Book), 0.0 drivers_injured, 0.0 drivers_killed, 0.0 passengers_injured, 0.0 passengers_killed, 0.0 pedestrian_injured, 0.0 pedestrian_killed, Fair (Night), EDSA P. Tuazon Blvd./Samson Tech. Inst. Quezon City",MMDA Road Safety Unit,,660178af-661b-4527-8001-4cc456564141,2012-01-28,12:15:00,EDSA Gen. Mc Arthur fronting SSS Bldg. Quezon City,0,0,0,0,0,0,0,0,0,0,2012-01-28 20:15,Property,14.61656342,121.0525225,No Collision Stated
None,EDSA,None,None,"No Accident Factor, No Collision Stated (based on Police Blotter Book), 0.0 drivers_injured, 0.0 drivers_killed, 0.0 passengers_injured, 0.0 passengers_killed, 0.0 pedestrian_injured, 0.0 pedestrian_killed, Fair (Night), EDSA Trinoma Mall Quezon City",MMDA Road Safety Unit,,05b25faf-fbe1-4722-ac06-85a32557bce8,2012-01-28,11:45:00,EDSA fronting Fil-am Subd. Quezon City,0,0,0,0,0,0,0,0,0,0,2012-01-28 19:45,Property,14.65242607,121.0323133,No Collision Stated
None,EDSA,None,None,"No Accident Factor, No Collision Stated (based on Police Blotter Book), 0.0 drivers_injured, 0.0 drivers_killed, 0.0 passengers_injured, 0.0 passengers_killed, 0.0 pedestrian_injured, 0.0 pedestrian_killed, Fair (Night), EDSA Corregidor St. Quezon City",MMDA Road Safety Unit,,06bd8c06-f3e2-4008-af6f-ddce6eb3791e,2012-01-28,11:30:00,EDSA fronting Nepa-Q Mart Quezon City,0,0,0,0,0,0,0,0,0,0,2012-01-28 19:30,Property,14.65707679,121.0241648,No Collision Stated
None,EDSA,None,None,"No Accident Factor, No Collision Stated (based on Police Blotter Book), 0.0 drivers_injured, 0.0 drivers_killed, 0.0 passengers_injured, 0.0 passengers_killed, 0.0 pedestrian_injured, 0.0 pedestrian_killed, Fair (Day), EDSA Congressional Ave., Bgy. Ramon Magsaysay Quezon City",MMDA Road Safety Unit,,403619cf-2033-4512-90fe-f541e767bddb,2012-01-28,08:00:00,EDSA Kaingin Road Quezon City,0,0,0,0,0,0,0,0,0,0,2012-01-28 16:00,Property,14.6571804,120.9927185,No Collision Stated
None,EDSA,None,None,"No Accident Factor, No Collision Stated (based on Police Blotter Book), 0.0 drivers_injured, 0.0 drivers_killed, 0.0 passengers_injured, 0.0 passengers_killed, 0.0 pedestrian_injured, 0.0 pedestrian_killed, Fair (Day), EDSA West Ave. Quezon City",MMDA Road Safety Unit,,22f20ee9-9fbc-48c3-84af-db60ea744d79,2012-01-28,07:00:00,EDSA fronbting Shell Gas Station / Main Avenue Quezon City,0,0,0,0,0,0,0,0,0,0,2012-01-28 15:00,Property,14.65548924,121.0298079,No Collision Stated
None,EDSA,None,None,"No Accident Factor, No Collision Stated (based on Police Blotter Book), 0.0 drivers_injured, 0.0 drivers_killed, 0.0 passengers_injured, 0.0 passengers_killed, 0.0 pedestrian_injured, 0.0 pedestrian_killed, Fair (Day), EDSA fronting Balintawak Market Quezon City",MMDA Road Safety Unit,,d7da391c-2215-409c-a1fe-4abf8c9537b4,2012-01-28,01:30:00,EDSA fronting Five Star Bus Co. Terminal  Quezon City,0,0,0,0,0,0,0,0,0,0,2012-01-28 9:30,Property,14.65736198,121.00264,No Collision Stated
None,EDSA,None,None,"No Accident Factor, No Collision Stated (based on Police Blotter Book), 0.0 drivers_injured, 0.0 drivers_killed, 0.0 passengers_injured, 0.0 passengers_killed, 0.0 pedestrian_injured, 0.0 pedestrian_killed, Fair (Day), EDSA Roosevelt Ave. Quezon City",MMDA Road Safety Unit,,d435d55b-8aed-4711-b153-236deb31aa58,2012-01-28,00:45:00,EDSA East Ave. Quezon City,0,0,0,0,0,0,0,0,0,0,2012-01-28 8:45,Property,14.65762047,121.0196373,No Collision Stated
None,EDSA,None,None,"No Accident Factor, No Collision Stated (based on Police Blotter Book), 0.0 drivers_injured, 0.0 drivers_killed, 0.0 passengers_injured, 0.0 passengers_killed, 0.0 pedestrian_injured, 0.0 pedestrian_killed, Fair (Night), EDSA Congressional Ave., Bgy. Bahay Toro Quezon City",MMDA Road Safety Unit,,a16a0435-2d13-4a1e-a2fc-45a9281f0998,2012-01-27,14:15:00,EDSA fornting Q-Mart Market Quezon City,0,0,0,0,0,0,0,0,0,0,2012-01-27 22:15,Property,14.6571804,120.9927185,No Collision Stated