LOCATION_TEXT,ROAD,WEATHER,LIGHT,DESC,REPORTING_AGENCY,MAIN_CAUSE,INCIDENTDETAILS_ID,DATE_UTC,TIME_UTC,ADDRESS,killed_driver,killed_passenger,killed_pedestrian,injured_driver,injured_passenger,injured_pedestrian,killed_uncategorized,injured_uncategorized,killed_total,injured_total,DATETIME_PST,SEVERITY,Y,X,COLLISION_TYPE
None,EDSA,None,None,"No Accident Factor, No Collision Stated (based on Police Blotter Book), 0.0 drivers_injured, 0.0 drivers_killed, 0.0 passengers_injured, 0.0 passengers_killed, 0.0 pedestrian_injured, 0.0 pedestrian_killed, Fair (Day), EDSA Aurora Blvd. Quezon City",MMDA Road Safety Unit,,3dd5af58-785d-4136-a13f-47761bc55634,2012-01-27,06:00:00,EDSA Approaching White Plains  Quezon City,0,0,0,0,0,0,0,0,0,0,2012-01-27 14:00,Property,14.62163653,121.0501573,No Collision Stated
None,EDSA,None,None,"No Accident Factor, No Collision Stated (based on Police Blotter Book), 0.0 drivers_injured, 0.0 drivers_killed, 0.0 passengers_injured, 0.0 passengers_killed, 0.0 pedestrian_injured, 0.0 pedestrian_killed, Fair (Day), EDSA before Panay Avenue/Mc Donalds Quezon City",MMDA Road Safety Unit,,4e31766c-f7ea-4043-a8ca-b2c6be5abbbd,2012-01-27,01:05:00,EDSA Banahaw St. Quezon City,0,0,0,0,0,0,0,0,0,0,2012-01-27 9:05,Property,14.64326824,121.0379402,No Collision Stated
None,EDSA,None,None,"No Accident Factor, No Collision Stated (based on Police Blotter Book), 0.0 drivers_injured, 0.0 drivers_killed, 0.0 passengers_injured, 0.0 passengers_killed, 0.0 pedestrian_injured, 0.0 pedestrian_killed, Fair (Night), EDSA before K-3rd St. Quezon City",MMDA Road Safety Unit,,21e60e8d-2958-4541-8474-8eaba61c0466,2012-01-26,19:30:00,EDSA fronting Nepa-Q Mart Quezon City,0,0,0,0,0,0,0,0,0,0,2012-01-27 3:30,Property,14.62955217,121.0463229,No Collision Stated
None,EDSA,None,None,"No Accident Factor, Rear-end, 0.0 drivers_injured, 0.0 drivers_killed, 0.0 passengers_injured, 0.0 passengers_killed, 0.0 pedestrian_injured, 0.0 pedestrian_killed, Fair (Night), EDSA fronting Nepa-Q Mart, Bgy. E. Rodriguez Quezon City",MMDA Road Safety Unit,,45f02a69-bd1b-4f08-95d2-e07c6c759e1d,2012-01-26,15:15:00,EDSA fronting Nepa-Q Mart Quezon City,0,0,0,0,0,0,0,0,0,0,2012-01-26 23:15,Property,14.6280917,121.0472321,Rear-End
None,EDSA,None,None,"No Accident Factor, No Collision Stated (based on Police Blotter Book), 0.0 drivers_injured, 0.0 drivers_killed, 0.0 passengers_injured, 0.0 passengers_killed, 0.0 pedestrian_injured, 0.0 pedestrian_killed, Fair (Night), EDSA Seminary Road, Bahay Toro Quezon City",MMDA Road Safety Unit,,6f3f3c37-2237-4716-b185-9361fe05f3e6,2012-01-26,15:00:00,"EDSA Quezon Avenue""U""turn slot / 7-11 Store Quezon City",0,0,0,0,0,0,0,0,0,0,2012-01-26 23:00,Property,14.65776066,121.0173978,No Collision Stated
None,EDSA,None,None,"No Accident Factor, Side Swipe, 0.0 drivers_injured, 0.0 drivers_killed, 0.0 passengers_injured, 0.0 passengers_killed, 0.0 pedestrian_injured, 0.0 pedestrian_killed, Fair (Day), EDSA Aurora Blvd., Bgy. E. Rodriguez, Cubao Quezon City",MMDA Road Safety Unit,,12d7a2cf-de48-4f13-a786-6a129243bad0,2012-01-26,08:00:00,EDSA Main Ave. Quezon City,0,0,0,0,0,0,0,0,0,0,2012-01-26 16:00,Property,14.6218043,121.0502049,Side Swipe
None,EDSA,None,None,"No Accident Factor, Hit and Run (No Collision Stated), 0.0 drivers_injured, 0.0 drivers_killed, 0.0 passengers_injured, 0.0 passengers_killed, 0.0 pedestrian_injured, 0.0 pedestrian_killed, Fair (Night), EDSA before Gma Drive, MRT-GMA7 Station Quezon City",MMDA Road Safety Unit,,232d33d8-9044-4c5c-b6f5-76636d46948a,2012-01-25,15:00:00,EDSA Main Ave. Quezon City,0,0,0,0,0,0,0,0,0,0,2012-01-25 23:00,Property,14.63501716,121.0433719,No Collision Stated
None,EDSA,None,None,"No Accident Factor, No Collision Stated (based on Police Blotter Book), 0.0 drivers_injured, 0.0 drivers_killed, 0.0 passengers_injured, 0.0 passengers_killed, 0.0 pedestrian_injured, 0.0 pedestrian_killed, Fair (Night), EDSA New York St. Quezon City",MMDA Road Safety Unit,,b4344785-8bc0-4427-abe0-124e2cd88397,2012-01-24,21:15:00,EDSA P. Tuazon Blvd. Quezon City,0,0,0,0,0,0,0,0,0,0,2012-01-25 5:15,Property,14.62568514,121.0482307,No Collision Stated
None,EDSA,None,None,"No Accident Factor, No Collision Stated (based on Police Blotter Book), 0.0 drivers_injured, 0.0 drivers_killed, 0.0 passengers_injured, 0.0 passengers_killed, 0.0 pedestrian_injured, 0.0 pedestrian_killed, Fair (Day), EDSA Quezon Ave. Quezon City",MMDA Road Safety Unit,,da926a57-22a3-47be-a339-ed84626083ac,2012-01-24,07:15:00,"EDSA West Ave., Bungad Quezon City",0,0,0,0,0,0,0,0,0,0,2012-01-24 15:15,Property,14.6442444,121.0375839,No Collision Stated
None,EDSA,None,None,"No Accident Factor, Side Swipe, 0.0 drivers_injured, 0.0 drivers_killed, 0.0 passengers_injured, 0.0 passengers_killed, 0.0 pedestrian_injured, 0.0 pedestrian_killed, Fair (Day), EDSA Walter Mart Quezon City",MMDA Road Safety Unit,,6ccf3a1f-4d56-4bcc-9ac3-c7941a1c2ce4,2012-01-23,23:10:00,EDSA P. Tuazon Blvd. Quezon City,0,0,0,0,0,0,0,0,0,0,2012-01-24 7:10,Property,14.6574558,121.0213579,Side Swipe
None,EDSA,None,None,"No Accident Factor, Hit Object (No Object Stated), 0.0 drivers_injured, 0.0 drivers_killed, 0.0 passengers_injured, 0.0 passengers_killed, 0.0 pedestrian_injured, 0.0 pedestrian_killed, Fair (Night), EDSA Aurora Blvd. Quezon City",MMDA Road Safety Unit,,9bab5f0c-54d9-48d7-ac8e-1d57d0060e81,2012-01-23,21:30:00,EDSA fronting Camp Aguinaldo before B. Serrano Ave. Quezon City,0,0,0,0,0,0,0,0,0,0,2012-01-24 5:30,Property,14.62163653,121.0501573,Hit Object
None,EDSA,None,None,"No Accident Factor, No Collision Stated (based on Police Blotter Book), 0.0 drivers_injured, 0.0 drivers_killed, 0.0 passengers_injured, 0.0 passengers_killed, 0.0 pedestrian_injured, 0.0 pedestrian_killed, Fair (Night), EDSA Aurora Blvd. Quezon City",MMDA Road Safety Unit,,11492b3d-f7dd-4e00-94c5-2523ab6e3b65,2012-01-23,11:30:00,EDSA Aurora Blvd. Quezon City,0,0,0,0,0,0,0,0,0,0,2012-01-23 19:30,Property,14.62163653,121.0501573,No Collision Stated
None,EDSA,None,None,"No Accident Factor, No Collision Stated (based on Police Blotter Book), 0.0 drivers_injured, 0.0 drivers_killed, 0.0 passengers_injured, 0.0 passengers_killed, 0.0 pedestrian_injured, 0.0 pedestrian_killed, Fair (Day), EDSA fronting Shell Gas Station, Bgy. Apolonio Samson Quezon City",MMDA Road Safety Unit,,bb084e4d-d322-4016-9e71-77460ddd4bf0,2012-01-22,08:30:00,EDSA before Col. B. Serrano Avenue Quezon City,0,0,0,0,0,0,0,0,0,0,2012-01-22 16:30,Property,14.65755247,121.0076914,No Collision Stated
None,EDSA,None,None,"No Accident Factor, No Collision Stated (based on Police Blotter Book), 0.0 drivers_injured, 0.0 drivers_killed, 0.0 passengers_injured, 0.0 passengers_killed, 0.0 pedestrian_injured, 0.0 pedestrian_killed, Fair (Day), EDSA West Ave. Quezon City",MMDA Road Safety Unit,,45af6dd2-8a06-46b1-9302-97b927fe0b36,2012-01-22,08:30:00,EDSA Main Ave. Quezon City,0,0,0,0,0,0,0,0,0,0,2012-01-22 16:30,Property,14.65548924,121.0298079,No Collision Stated
None,EDSA,None,None,"No Accident Factor, No Collision Stated (based on Police Blotter Book), 0.0 drivers_injured, 0.0 drivers_killed, 0.0 passengers_injured, 0.0 passengers_killed, 0.0 pedestrian_injured, 0.0 pedestrian_killed, Fair (Day), EDSA after West Ave., Bgy. Phil-Am Quezon City",MMDA Road Safety Unit,,8e5f04cd-6905-4c68-84c2-b48a8919b2c9,2012-01-22,06:05:00,EDSA Philam Subd. (NB) Quezon City,0,0,0,0,0,0,0,0,0,0,2012-01-22 14:05,Property,14.65487538,121.0304242,No Collision Stated
None,EDSA,None,None,"No Accident Factor, No Collision Stated (based on Police Blotter Book), 0.0 drivers_injured, 0.0 drivers_killed, 0.0 passengers_injured, 0.0 passengers_killed, 0.0 pedestrian_injured, 0.0 pedestrian_killed, Fair (Night), EDSA fronting Balintawak Market Quezon City",MMDA Road Safety Unit,,bcab0311-202d-4dd7-bd80-b1217612638d,2012-01-21,10:30:00,EDSA after Seminary Road Quezon City,0,0,0,0,0,0,0,0,0,0,2012-01-21 18:30,Property,14.65736198,121.00264,No Collision Stated
None,EDSA,None,None,"No Accident Factor, No Collision Stated (based on Police Blotter Book), 0.0 drivers_injured, 0.0 drivers_killed, 0.0 passengers_injured, 0.0 passengers_killed, 0.0 pedestrian_injured, 0.0 pedestrian_killed, Fair (Night), EDSA fronting SM  Quezon City",MMDA Road Safety Unit,,dd220ba9-b486-4c14-b470-2ac08d48aaf0,2012-01-20,21:00:00,"EDSA North Ave., Pag-asa Quezon City",0,0,0,0,0,0,0,0,0,0,2012-01-21 5:00,Property,14.6565149,121.0265678,No Collision Stated
None,EDSA,None,None,"No Accident Factor, Rear-end, 0.0 drivers_injured, 0.0 drivers_killed, 0.0 passengers_injured, 0.0 passengers_killed, 0.0 pedestrian_injured, 0.0 pedestrian_killed, Fair (Night), EDSA Main Ave., Bgy. Socorro Quezon City",MMDA Road Safety Unit,,21b7e2d4-bdd0-4018-9600-600f9fa460df,2012-01-20,10:20:00,"EDSA Oriental Market Service road, brgy. P. S. N Quezon City",0,0,0,0,0,0,0,0,0,0,2012-01-20 18:20,Property,14.61376458,121.0537933,Rear-End
None,EDSA,None,None,"No Accident Factor, No Collision Stated (based on Police Blotter Book), 0.0 drivers_injured, 0.0 drivers_killed, 0.0 passengers_injured, 0.0 passengers_killed, 0.0 pedestrian_injured, 0.0 pedestrian_killed, Fair (Day), EDSA Main Ave. Quezon City",MMDA Road Safety Unit,,be9d242d-6f2a-49e7-a64d-6e0ac41e699c,2012-01-20,09:30:00,EDSA Col. Bonny Serrano Ave. (Santolan Road) Quezon City,0,0,0,0,0,0,0,0,0,0,2012-01-20 17:30,Property,14.61376458,121.0537933,No Collision Stated
None,EDSA,None,None,"No Accident Factor, No Collision Stated (based on Police Blotter Book), 0.0 drivers_injured, 0.0 drivers_killed, 0.0 passengers_injured, 0.0 passengers_killed, 0.0 pedestrian_injured, 0.0 pedestrian_killed, Fair (Day), EDSA West Ave. Quezon City",MMDA Road Safety Unit,,a579a686-34f8-4773-8e2e-52e53c26ea0c,2012-01-20,04:00:00,EDSA White Plains  Quezon City,0,0,0,0,0,0,0,0,0,0,2012-01-20 12:00,Property,14.65548924,121.0298079,No Collision Stated
None,EDSA,None,None,"No Accident Factor, No Collision Stated (based on Police Blotter Book), 0.0 drivers_injured, 0.0 drivers_killed, 0.0 passengers_injured, 0.0 passengers_killed, 0.0 pedestrian_injured, 0.0 pedestrian_killed, Fair (Day), EDSA Congressional Ave., Bgy. Ramon Magsaysay Quezon City",MMDA Road Safety Unit,,e294ee42-1a74-47b8-8f66-268871bbd317,2012-01-19,06:00:00,EDSA Camp Crame after B. Serrano Avenue Quezon City,0,0,0,0,0,0,0,0,0,0,2012-01-19 14:00,Property,14.6571804,120.9927185,No Collision Stated
None,EDSA,None,None,"No Accident Factor, No Collision Stated (based on Police Blotter Book), 0.0 drivers_injured, 0.0 drivers_killed, 0.0 passengers_injured, 0.0 passengers_killed, 0.0 pedestrian_injured, 0.0 pedestrian_killed, Fair (Day), EDSA Ortigas Ave., Robinson's Galleria Quezon City",MMDA Road Safety Unit,,bf98e93b-be8f-4036-89bd-5846ae4a0d25,2012-01-19,04:00:00,EDSA fronting Nepa-Q Mart Quezon City,0,0,0,0,0,0,0,0,0,0,2012-01-19 12:00,Property,14.59275486,121.0584221,No Collision Stated
None,EDSA,None,None,"No Accident Factor, No Collision Stated (based on Police Blotter Book), 0.0 drivers_injured, 0.0 drivers_killed, 0.0 passengers_injured, 0.0 passengers_killed, 0.0 pedestrian_injured, 0.0 pedestrian_killed, Fair (Day), EDSA SM Annex Quezon City",MMDA Road Safety Unit,,a7b0cd8a-2002-4e92-863d-3a4ef587e7fe,2012-01-19,01:00:00,"EDSA Kamias Road, Brgy. Pinyahan Quezon City",0,0,0,0,0,0,0,0,0,0,2012-01-19 9:00,Property,14.65628012,121.0272074,No Collision Stated
None,EDSA,None,None,"No Accident Factor, No Collision Stated (based on Police Blotter Book), 0.0 drivers_injured, 0.0 drivers_killed, 0.0 passengers_injured, 0.0 passengers_killed, 0.0 pedestrian_injured, 0.0 pedestrian_killed, Fair (Night), EDSA before Kamuning Road Quezon City",MMDA Road Safety Unit,,cdaba04e-5967-4a52-a965-e735c57e4cd8,2012-01-18,10:30:00,EDSA before B. Serrano Avenue Quezon City,0,0,0,0,0,0,0,0,0,0,2012-01-18 18:30,Property,14.63117369,121.0455178,No Collision Stated
None,EDSA,None,None,"No Accident Factor, No Collision Stated (based on Police Blotter Book), 0.0 drivers_injured, 0.0 drivers_killed, 0.0 passengers_injured, 0.0 passengers_killed, 0.0 pedestrian_injured, 0.0 pedestrian_killed, Fair (Day), EDSA before Congressional Ave. Quezon City",MMDA Road Safety Unit,,77078fa8-b21e-4c08-b276-53de134ae06c,2012-01-18,09:15:00,EDSA near Main Ave. Quezon City,0,0,0,0,0,0,0,0,0,0,2012-01-18 17:15,Property,14.65776988,121.0203598,No Collision Stated
None,EDSA,None,None,"No Accident Factor, Side Swipe, 0.0 drivers_injured, 0.0 drivers_killed, 0.0 passengers_injured, 0.0 passengers_killed, 0.0 pedestrian_injured, 0.0 pedestrian_killed, Fair (Day), EDSA Col. Bonny Serrano Ave. (Santolan Road), Bgy. Socorro Quezon City",MMDA Road Safety Unit,,8f4af785-7765-48be-a3e8-cfbe66f304d8,2012-01-18,07:30:00,EDSA Gate 3 Quezon City,0,0,0,0,0,0,0,0,0,0,2012-01-18 15:30,Property,14.61107337,121.0550705,Side Swipe
None,EDSA,None,None,"No Accident Factor, Side Swipe, 0.0 drivers_injured, 0.0 drivers_killed, 0.0 passengers_injured, 0.0 passengers_killed, 0.0 pedestrian_injured, 0.0 pedestrian_killed, Fair (Night), EDSA Col. Bonny Serrano Ave. (Santolan Road), Bgy. Socorro Quezon City",MMDA Road Safety Unit,,72339d65-6a49-40a2-a948-501a4afbf8b3,2012-01-17,16:55:00,"EDSA at ""U""turn slot / Timog Ave. Quezon City",0,0,0,0,0,0,0,0,0,0,2012-01-18 0:55,Property,14.61107337,121.0550705,Side Swipe
None,EDSA,None,None,"No Accident Factor, Side Swipe, 0.0 drivers_injured, 0.0 drivers_killed, 0.0 passengers_injured, 0.0 passengers_killed, 0.0 pedestrian_injured, 0.0 pedestrian_killed, Fair (Night), EDSA East Ave. Quezon City",MMDA Road Safety Unit,,d2870819-5306-41fb-94d6-6672c632fb07,2012-01-17,13:20:00,EDSA Panay Ave. Quezon City,0,0,0,0,0,0,0,0,0,0,2012-01-17 21:20,Property,14.6328297,121.0451176,Side Swipe
None,EDSA,None,None,"No Accident Factor, No Collision Stated (based on Police Blotter Book), 0.0 drivers_injured, 0.0 drivers_killed, 0.0 passengers_injured, 0.0 passengers_killed, 0.0 pedestrian_injured, 0.0 pedestrian_killed, Fair (Day), EDSA fronting Centris, before Quezon Ave. Quezon City",MMDA Road Safety Unit,,caf23817-1386-4409-abba-162a5fad7db5,2012-01-17,06:00:00,EDSA victory Liner Bus Terminal Quezon City,0,0,0,0,0,0,0,0,0,0,2012-01-17 14:00,Property,14.64337396,121.0382446,No Collision Stated
None,EDSA,None,None,"No Accident Factor, No Collision Stated (based on Police Blotter Book), 0.0 drivers_injured, 0.0 drivers_killed, 0.0 passengers_injured, 0.0 passengers_killed, 0.0 pedestrian_injured, 0.0 pedestrian_killed, Fair (Day), EDSA before Ermin Garcia St. (Minnesota) Quezon City",MMDA Road Safety Unit,,d8e1f658-12c8-40f7-845e-d795b84c860e,2012-01-17,02:05:00,EDSA fronting National Printing Office Quezon City,0,0,0,0,0,0,0,0,0,0,2012-01-17 10:05,Property,14.62776113,121.0471589,No Collision Stated
None,EDSA,None,None,"No Accident Factor, No Collision Stated (based on Police Blotter Book), 0.0 drivers_injured, 0.0 drivers_killed, 0.0 passengers_injured, 0.0 passengers_killed, 0.0 pedestrian_injured, 0.0 pedestrian_killed, Fair (Day), EDSA North Ave. Quezon City",MMDA Road Safety Unit,,d3cd5553-f721-42d0-b92d-d7fc270ddde4,2012-01-17,00:30:00,EDSA Mindanao ext.   Quezon City,0,0,0,0,0,0,0,0,0,0,2012-01-17 8:30,Property,14.65553839,121.0299647,No Collision Stated
None,EDSA,None,None,"No Accident Factor, Side Swipe, 0.0 drivers_injured, 0.0 drivers_killed, 0.0 passengers_injured, 0.0 passengers_killed, 0.0 pedestrian_injured, 0.0 pedestrian_killed, Fair (Night), EDSA North Ave.   Quezon City",MMDA Road Safety Unit,,95e24319-8478-414f-bbb2-566428770006,2012-01-16,11:30:00,EDSA Main Ave. Quezon City,0,0,0,0,0,0,0,0,0,0,2012-01-16 19:30,Property,14.65553839,121.0299647,Side Swipe
None,EDSA,None,None,"No Accident Factor, No Collision Stated (based on Police Blotter Book), 0.0 drivers_injured, 0.0 drivers_killed, 0.0 passengers_injured, 0.0 passengers_killed, 0.0 pedestrian_injured, 0.0 pedestrian_killed, Fair (Day), EDSA fronting Landmark Quezon City",MMDA Road Safety Unit,,ec818a59-e7e1-4906-8043-7d5bb6ac1c60,2012-01-16,07:35:00,EDSA K-10th St. West kamias Quezon City,0,0,0,0,0,0,0,0,0,0,2012-01-16 15:35,Property,14.65076858,121.0333817,No Collision Stated
None,EDSA,None,None,"No Accident Factor, No Collision Stated (based on Police Blotter Book), 0.0 drivers_injured, 0.0 drivers_killed, 0.0 passengers_injured, 0.0 passengers_killed, 0.0 pedestrian_injured, 0.0 pedestrian_killed, Fair (Night), EDSA fronting Mariwasa Quezon City",MMDA Road Safety Unit,,f5f64086-c740-4c2b-9d4d-386888e08c44,2012-01-14,15:05:00,EDSA fronting Farmers Market Quezon City,0,0,0,0,0,0,0,0,0,0,2012-01-14 23:05,Property,14.6577344,121.0143206,No Collision Stated
None,EDSA,None,None,"No Accident Factor, Hit Object (No Object Stated), 0.0 drivers_injured, 0.0 drivers_killed, 0.0 passengers_injured, 0.0 passengers_killed, 0.0 pedestrian_injured, 0.0 pedestrian_killed, Fair (Night), EDSA after Arayat St. Quezon City",MMDA Road Safety Unit,,936266a8-12d8-4782-a42e-5decff85653a,2012-01-14,14:00:00,EDSA fronting Camp Aguinaldo Quezon City,0,0,0,0,0,0,0,0,0,0,2012-01-14 22:00,Property,14.61966638,121.0507345,Hit Object
None,EDSA,None,None,"No Accident Factor, No Collision Stated (based on Police Blotter Book), 0.0 drivers_injured, 0.0 drivers_killed, 0.0 passengers_injured, 0.0 passengers_killed, 0.0 pedestrian_injured, 0.0 pedestrian_killed, Fair (Night), EDSA Misamis St., SM Annex Quezon City",MMDA Road Safety Unit,,51cb5be7-e0c4-46cb-afb2-c4d6f355c25d,2012-01-14,11:30:00,EDSA fronting Nepa-Q Mart Quezon City,0,0,0,0,0,0,0,0,0,0,2012-01-14 19:30,Property,14.65602348,121.0285212,No Collision Stated
None,EDSA,None,None,"No Accident Factor, No Collision Stated (based on Police Blotter Book), 0.0 drivers_injured, 0.0 drivers_killed, 0.0 passengers_injured, 0.0 passengers_killed, 0.0 pedestrian_injured, 0.0 pedestrian_killed, Fair (Day), EDSA before Quezon Ave. Quezon City",MMDA Road Safety Unit,,f1a128e1-2c1f-4844-8326-afcbe2ddf47a,2012-01-14,05:45:00,EDSA fronting MRT Station / Santolan Quezon City,0,0,0,0,0,0,0,0,0,0,2012-01-14 13:45,Property,14.64451704,121.0371727,No Collision Stated
None,EDSA,None,None,"No Accident Factor, No Collision Stated (based on Police Blotter Book), 0.0 drivers_injured, 0.0 drivers_killed, 0.0 passengers_injured, 0.0 passengers_killed, 0.0 pedestrian_injured, 0.0 pedestrian_killed, Fair (Night), EDSA before Aurora Blvd. Quezon City",MMDA Road Safety Unit,,8080937c-ce60-4357-a436-20b2acb5a1bd,2012-01-13,17:15:00,"EDSA U-Turn Slot, Quezon Ave. Quezon City",0,0,0,0,0,0,0,0,0,0,2012-01-14 1:15,Property,14.62151535,121.0499619,No Collision Stated
None,EDSA,None,None,"No Accident Factor, Rear-end, 0.0 drivers_injured, 0.0 drivers_killed, 0.0 passengers_injured, 0.0 passengers_killed, 0.0 pedestrian_injured, 0.0 pedestrian_killed, Fair (Night), EDSA fronting Baliwag Transit Terminal, Bgy. E. Rodriguez St. Quezon City",MMDA Road Safety Unit,,de5fe891-69c4-4134-816e-ecee8394ff5a,2012-01-13,15:20:00,EDSA East Ave. Quezon City,0,0,0,0,0,0,0,0,0,0,2012-01-13 23:20,Property,14.62497658,121.0487035,Rear-End
None,EDSA,None,None,"No Accident Factor, Hit and Run (No Collision Stated), 0.0 drivers_injured, 0.0 drivers_killed, 0.0 passengers_injured, 0.0 passengers_killed, 0.0 pedestrian_injured, 0.0 pedestrian_killed, Fair (Night), EDSA Gen. Roxas St. Quezon City",MMDA Road Safety Unit,,c8a2726f-f27a-4a0f-8bd8-9a52002f0db2,2012-01-13,11:45:00,EDSA Mapagmahal St. Quezon City,0,0,0,0,0,0,0,0,0,0,2012-01-13 19:45,Property,14.62042254,121.0508064,No Collision Stated
None,EDSA,None,None,"No Accident Factor, No Collision Stated (based on Police Blotter Book), 0.0 drivers_injured, 0.0 drivers_killed, 0.0 passengers_injured, 0.0 passengers_killed, 0.0 pedestrian_injured, 0.0 pedestrian_killed, Fair (Night), EDSA Roosevelt Ave. Quezon City",MMDA Road Safety Unit,,8bec55e2-1309-404f-9e27-db11da7ef3d6,2012-01-13,11:15:00,EDSA Gen. Mc Arthur St. Brgy. Socorro  Quezon City,0,0,0,0,0,0,0,0,0,0,2012-01-13 19:15,Property,14.65762047,121.0196373,No Collision Stated
None,EDSA,None,None,"No Accident Factor, No Collision Stated (based on Police Blotter Book), 0.0 drivers_injured, 0.0 drivers_killed, 0.0 passengers_injured, 0.0 passengers_killed, 0.0 pedestrian_injured, 0.0 pedestrian_killed, Fair (Day), EDSA Congressional Ave., Bgy. Ramon Magsaysay Quezon City",MMDA Road Safety Unit,,480b48da-d776-47ff-bfbf-e80abad47797,2012-01-13,00:20:00,EDSA after P. Tuazon Blvd. Quezon City,0,0,0,0,0,0,0,0,0,0,2012-01-13 8:20,Property,14.6571804,120.9927185,No Collision Stated
None,EDSA,None,None,"No Accident Factor, No Collision Stated (based on Police Blotter Book), 0.0 drivers_injured, 0.0 drivers_killed, 0.0 passengers_injured, 0.0 passengers_killed, 0.0 pedestrian_injured, 0.0 pedestrian_killed, Fair (Night), EDSA South Ave. / Timog Ave. Quezon City",MMDA Road Safety Unit,,70a696ba-8bac-4c4d-a81e-e9d5d211f755,2012-01-12,12:40:00,EDSA Ortigas Intersection Quezon City,0,0,0,0,0,0,0,0,0,0,2012-01-12 20:40,Property,14.63257986,121.0449774,No Collision Stated
None,EDSA,None,None,"No Accident Factor, No Collision Stated (based on Police Blotter Book), 0.0 drivers_injured, 0.0 drivers_killed, 0.0 passengers_injured, 0.0 passengers_killed, 0.0 pedestrian_injured, 0.0 pedestrian_killed, Fair (Day), EDSA North Ave. Quezon City",MMDA Road Safety Unit,,ed5d4784-c6b6-42d5-8460-2dcd07adf887,2012-01-12,08:20:00,"EDSA P. Tuazon Blvd., Cubao Quezon City",0,0,0,0,0,0,0,0,0,0,2012-01-12 16:20,Property,14.65553839,121.0299647,No Collision Stated
None,EDSA,None,None,"No Accident Factor, No Collision Stated (based on Police Blotter Book), 0.0 drivers_injured, 0.0 drivers_killed, 0.0 passengers_injured, 0.0 passengers_killed, 0.0 pedestrian_injured, 0.0 pedestrian_killed, Fair (Day), EDSA fronting SM Mall Quezon City",MMDA Road Safety Unit,,2e9e9e55-8388-4e1b-9197-79b468444d0b,2012-01-12,07:30:00,EDSA Mapagmahal St.  Quezon City,0,0,0,0,0,0,0,0,0,0,2012-01-12 15:30,Property,14.65567565,121.0299389,No Collision Stated
None,EDSA,None,None,"No Accident Factor, No Collision Stated (based on Police Blotter Book), 0.0 drivers_injured, 0.0 drivers_killed, 0.0 passengers_injured, 0.0 passengers_killed, 0.0 pedestrian_injured, 0.0 pedestrian_killed, Fair (Day), EDSA before Ermin Garcia St. (Minnesota) Quezon City",MMDA Road Safety Unit,,7a83353f-f22d-41ee-a412-4e6ed912f47c,2012-01-12,06:30:00,EDSA Landmark Quezon City,0,0,0,0,0,0,0,0,0,0,2012-01-12 14:30,Property,14.62776113,121.0471589,No Collision Stated
None,EDSA,None,None,"No Accident Factor, No Collision Stated (based on Police Blotter Book), 0.0 drivers_injured, 0.0 drivers_killed, 0.0 passengers_injured, 0.0 passengers_killed, 0.0 pedestrian_injured, 0.0 pedestrian_killed, Fair (Night), EDSA Cloverleaf Market Quezon City",MMDA Road Safety Unit,,8d1c3d6f-c277-4af2-a7eb-7536a105822c,2012-01-11,13:05:00,"EDSA U- Turn Slot, Quezon Ave., Pag-asa Quezon City",0,0,0,0,0,0,0,0,0,0,2012-01-11 21:05,Property,14.6575213,121.0010654,No Collision Stated
None,EDSA,None,None,"No Accident Factor, No Collision Stated (based on Police Blotter Book), 0.0 drivers_injured, 0.0 drivers_killed, 0.0 passengers_injured, 0.0 passengers_killed, 0.0 pedestrian_injured, 0.0 pedestrian_killed, Fair (Day), EDSA fronting Wilcon Depot Quezon City",MMDA Road Safety Unit,,454c8907-0afe-46b5-9bbb-53097b7113f1,2012-01-11,03:45:00,EDSA Whiteplains Avenue Quezon City,0,0,0,0,0,0,0,0,0,0,2012-01-11 11:45,Property,14.65761382,121.0091735,No Collision Stated
None,EDSA,None,None,"No Accident Factor, No Collision Stated (based on Police Blotter Book), 1.0 drivers_injured, 0.0 drivers_killed, 0.0 passengers_injured, 0.0 passengers_killed, 0.0 pedestrian_injured, 0.0 pedestrian_killed, Fair (Day), EDSA Misamis St., Bgy. Bagong Pag-asa Quezon City",MMDA Road Safety Unit,,bacec77c-0f1a-4a5b-b2b3-d604e4b7c2fc,2012-01-11,03:20:00,EDSA fronting Nepa-Q Mart Quezon City,0,0,0,1,0,0,0,0,0,1,2012-01-11 11:20,Injury,14.65602348,121.0285212,No Collision Stated