LOCATION_TEXT,ROAD,WEATHER,LIGHT,DESC,REPORTING_AGENCY,MAIN_CAUSE,INCIDENTDETAILS_ID,DATE_UTC,TIME_UTC,ADDRESS,killed_driver,killed_passenger,killed_pedestrian,injured_driver,injured_passenger,injured_pedestrian,killed_uncategorized,injured_uncategorized,killed_total,injured_total,DATETIME_PST,SEVERITY,Y,X,COLLISION_TYPE
None,EDSA,None,None,"No Accident Factor, No Collision Stated (based on Police Blotter Book), 0.0 drivers_injured, 0.0 drivers_killed, 0.0 passengers_injured, 0.0 passengers_killed, 0.0 pedestrian_injured, 0.0 pedestrian_killed, Fair (Night), EDSA fronting Balintawak Market Quezon City",MMDA Road Safety Unit,,fa6e6a15-0fd3-4e4b-87a6-da5f812f1910,2012-01-10,11:00:00,EDSA Quezon Ave. Quezon City,0,0,0,0,0,0,0,0,0,0,2012-01-10 19:00,Property,14.65736198,121.00264,No Collision Stated
None,EDSA,None,None,"No Accident Factor, No Collision Stated (based on Police Blotter Book), 0.0 drivers_injured, 0.0 drivers_killed, 0.0 passengers_injured, 0.0 passengers_killed, 0.0 pedestrian_injured, 0.0 pedestrian_killed, Fair (Day), EDSA at Bus Bay, SM North Quezon City",MMDA Road Safety Unit,,2b1669c7-b309-42f2-8137-554a7f2da085,2012-01-10,07:25:00,EDSA fronting Baliwag Transit Terminal Quezon City,0,0,0,0,0,0,0,0,0,0,2012-01-10 15:25,Property,14.65648251,121.0268688,No Collision Stated
None,EDSA,None,None,"No Accident Factor, Hit and Run (No Collision Stated), 0.0 drivers_injured, 0.0 drivers_killed, 0.0 passengers_injured, 0.0 passengers_killed, 0.0 pedestrian_injured, 0.0 pedestrian_killed, Fair (Day), EDSA Corregidor St., Cubao Quezon City",MMDA Road Safety Unit,,dada2c60-0b06-45dd-81c7-d8ec575eedb9,2012-01-09,09:00:00,"EDSA fronting Caltex gas Stn., brgy. Ug Sigaw Quezon City",0,0,0,0,0,0,0,0,0,0,2012-01-09 17:00,Property,14.65707679,121.0241648,No Collision Stated
None,EDSA,None,None,"No Accident Factor, No Collision Stated (based on Police Blotter Book), 0.0 drivers_injured, 0.0 drivers_killed, 0.0 passengers_injured, 0.0 passengers_killed, 0.0 pedestrian_injured, 0.0 pedestrian_killed, Fair (Day), EDSA at ""U"" turn slot, GMA Network Drive Quezon City",MMDA Road Safety Unit,,d5ce612d-866e-40ea-94d9-6ef28df4db62,2012-01-09,00:45:00,EDSA Mapagmahal St. Quezon City,0,0,0,0,0,0,0,0,0,0,2012-01-09 8:45,Property,14.633787,121.04437,No Collision Stated
None,EDSA,None,None,"No Accident Factor, No Collision Stated (based on Police Blotter Book), 2.0 drivers_injured, 0.0 drivers_killed, 0.0 passengers_injured, 0.0 passengers_killed, 0.0 pedestrian_injured, 0.0 pedestrian_killed, Fair (Day), EDSA at ""U"" turn slot, Kamuning Road Quezon City",MMDA Road Safety Unit,,db35a035-c11d-40b3-a28d-15ebbca9527b,2012-01-09,00:15:00,EDSA West Ave. Quezon City,0,0,0,2,0,0,0,0,0,2,2012-01-09 8:15,Injury,14.63196362,121.045307,No Collision Stated
None,EDSA,None,None,"No Accident Factor, No Collision Stated (based on Police Blotter Book), 0.0 drivers_injured, 0.0 drivers_killed, 0.0 passengers_injured, 0.0 passengers_killed, 0.0 pedestrian_injured, 0.0 pedestrian_killed, Fair (Day), EDSA fronting Guzent Bldg., Bgy. Katipu Quezon City",MMDA Road Safety Unit,,fd6e8ad8-233d-4003-b9c7-d6e8d40eb521,2012-01-08,06:30:00,"EDSA fronting Baliwag Bus Terminal , Cubao Quezon City",0,0,0,0,0,0,0,0,0,0,2012-01-08 14:30,Property,14.65739348,121.0137971,No Collision Stated
None,EDSA,None,None,"No Accident Factor, Hit and Run (Rear-end), 0.0 drivers_injured, 0.0 drivers_killed, 0.0 passengers_injured, 0.0 passengers_killed, 0.0 pedestrian_injured, 0.0 pedestrian_killed, Fair (Day), EDSA fronting ES Transport Bus Terminal, Cubao Quezon City",MMDA Road Safety Unit,,d0dcb9d3-3f1b-4d80-915a-1f8db4b5885e,2012-01-07,09:30:00,"EDSA NIA Lane, Brgy. Pinyahan Quezon City",0,0,0,0,0,0,0,0,0,0,2012-01-07 17:30,Property,14.62539084,121.0484911,Rear-End
None,EDSA,None,None,"No Accident Factor, No Collision Stated (based on Police Blotter Book), 0.0 drivers_injured, 0.0 drivers_killed, 0.0 passengers_injured, 0.0 passengers_killed, 0.0 pedestrian_injured, 0.0 pedestrian_killed, Fair (Day), EDSA P. Tuazon Blvd. Quezon City",MMDA Road Safety Unit,,34e0befe-e669-4058-96fd-df22e7977e3d,2012-01-07,08:30:00,"EDSA at ""U"" turn slot, under Kamuning / Timog Ave. Quezon City",0,0,0,0,0,0,0,0,0,0,2012-01-07 16:30,Property,14.61656342,121.0525225,No Collision Stated
None,EDSA,None,None,"No Accident Factor, No Collision Stated (based on Police Blotter Book), 0.0 drivers_injured, 0.0 drivers_killed, 0.0 passengers_injured, 0.0 passengers_killed, 0.0 pedestrian_injured, 0.0 pedestrian_killed, Fair (Day), EDSA fronting Trinoma Quezon City",MMDA Road Safety Unit,,07b835d0-7d0d-41d1-bf23-2b140296b132,2012-01-07,01:00:00,EDSA Main Ave. Quezon City,0,0,0,0,0,0,0,0,0,0,2012-01-07 9:00,Property,14.65249719,121.0322415,No Collision Stated
None,EDSA,None,None,"No Accident Factor, No Collision Stated (based on Police Blotter Book), 0.0 drivers_injured, 0.0 drivers_killed, 0.0 passengers_injured, 0.0 passengers_killed, 0.0 pedestrian_injured, 0.0 pedestrian_killed, Fair (Night), EDSA North Ave. Quezon City",MMDA Road Safety Unit,,019c75d6-00bc-4304-a94e-949524f30eba,2012-01-06,12:10:00,EDSA fronting Bldg. 901 China Huaneng Int'l. Trdg. Quezon City,0,0,0,0,0,0,0,0,0,0,2012-01-06 20:10,Property,14.65553839,121.0299647,No Collision Stated
None,EDSA,None,None,"No Accident Factor, No Collision Stated (based on Police Blotter Book), 0.0 drivers_injured, 0.0 drivers_killed, 0.0 passengers_injured, 0.0 passengers_killed, 0.0 pedestrian_injured, 0.0 pedestrian_killed, Fair (Day), EDSA fronting SM City-North Quezon City",MMDA Road Safety Unit,,6bb682a0-6b7f-473d-989b-717f1fbab29f,2012-01-06,04:55:00,EDSA Congressional Ave. Quezon City,0,0,0,0,0,0,0,0,0,0,2012-01-06 12:55,Property,14.6565149,121.0265678,No Collision Stated
None,EDSA,None,None,"No Accident Factor, No Collision Stated (based on Police Blotter Book), 0.0 drivers_injured, 0.0 drivers_killed, 0.0 passengers_injured, 0.0 passengers_killed, 0.0 pedestrian_injured, 0.0 pedestrian_killed, Fair (Day), EDSA South Ave. / Timog Ave. Quezon City",MMDA Road Safety Unit,,a7a7c467-7229-4c7f-94a6-7be3cdb93628,2012-01-06,02:00:00,EDSA fronting Balintawak Market Quezon City,0,0,0,0,0,0,0,0,0,0,2012-01-06 10:00,Property,14.63257986,121.0449774,No Collision Stated
None,EDSA,None,None,"No Accident Factor, Hit and Run (No Collision Stated), 0.0 drivers_injured, 0.0 drivers_killed, 0.0 passengers_injured, 0.0 passengers_killed, 0.0 pedestrian_injured, 0.0 pedestrian_killed, Fair (Day), EDSA before Quezon Ave. Quezon City",MMDA Road Safety Unit,,75ca2332-5fe2-4871-92ab-a3c15b9ea3a3,2012-01-06,01:00:00,EDSA Ortigas Ave. (WB) Quezon City,0,0,0,0,0,0,0,0,0,0,2012-01-06 9:00,Property,14.64451704,121.0371727,No Collision Stated
None,EDSA,None,None,"No Accident Factor, Hit and Run (No Collision Stated), 0.0 drivers_injured, 0.0 drivers_killed, 0.0 passengers_injured, 0.0 passengers_killed, 0.0 pedestrian_injured, 0.0 pedestrian_killed, Fair (Night), EDSA at ""U"" turn slot, Kamuning Road Quezon City",MMDA Road Safety Unit,,2bf02427-ea34-4424-9bb1-ff57c53b7464,2012-01-04,13:30:00,EDSA fronting Victory Liner Inc. Quezon City,0,0,0,0,0,0,0,0,0,0,2012-01-04 21:30,Property,14.63196362,121.045307,No Collision Stated
None,EDSA,None,None,"No Accident Factor, No Collision Stated (based on Police Blotter Book), 0.0 drivers_injured, 0.0 drivers_killed, 0.0 passengers_injured, 0.0 passengers_killed, 0.0 pedestrian_injured, 0.0 pedestrian_killed, Fair (Day), EDSA Gate 1 of Camp Aguinaldo Quezon City",MMDA Road Safety Unit,,4c037467-c01e-4d81-9542-c3c41ceda1aa,2012-01-04,05:30:00,EDSA Philam Subdivision (NB) Quezon City,0,0,0,0,0,0,0,0,0,0,2012-01-04 13:30,Property,14.60999038,121.055662,No Collision Stated
None,EDSA,None,None,"No Accident Factor, Rear-end, 0.0 drivers_injured, 0.0 drivers_killed, 0.0 passengers_injured, 0.0 passengers_killed, 0.0 pedestrian_injured, 0.0 pedestrian_killed, Fair (Day), EDSA fronting Gate 3 of Camp Aguinaldo, Bgy. Socorro Quezon City",MMDA Road Safety Unit,,ce3c0606-0fec-4039-85cd-06fc26da203a,2012-01-04,04:30:00,EDSA fronting Lucena Bus Terminal Quezon City,0,0,0,0,0,0,0,0,0,0,2012-01-04 12:30,Property,14.60475566,121.0580111,Rear-End
None,EDSA,None,None,"No Accident Factor, No Collision Stated (based on Police Blotter Book), 1.0 drivers_injured, 0.0 drivers_killed, 0.0 passengers_injured, 0.0 passengers_killed, 0.0 pedestrian_injured, 0.0 pedestrian_killed, Fair (Day), EDSA Quezon Ave. Quezon City",MMDA Road Safety Unit,,029d5f6f-422f-4983-992a-ebdc9c58d61f,2012-01-03,23:25:00,EDSA fronting MRT-Timog Station Quezon City,0,0,0,1,0,0,0,0,0,1,2012-01-04 7:25,Injury,14.6442444,121.0375839,No Collision Stated
None,EDSA,None,None,"No Accident Factor, No Collision Stated (based on Police Blotter Book), 1.0 drivers_injured, 0.0 drivers_killed, 0.0 passengers_injured, 0.0 passengers_killed, 0.0 pedestrian_injured, 0.0 pedestrian_killed, Fair (Night), EDSA at ""U"" turn slot, Trinoma Quezon City",MMDA Road Safety Unit,,7df11298-1be0-4460-88f5-ec76f0263248,2012-01-03,20:45:00,EDSA fronting Baliwag Transit Terminal Quezon City,0,0,0,1,0,0,0,0,0,1,2012-01-04 4:45,Injury,14.65369432,121.0313049,No Collision Stated
None,EDSA,None,None,"No Accident Factor, No Collision Stated (based on Police Blotter Book), 0.0 drivers_injured, 0.0 drivers_killed, 0.0 passengers_injured, 0.0 passengers_killed, 0.0 pedestrian_injured, 0.0 pedestrian_killed, Fair (Night), EDSA at ""U"" turn slot, SM City-North (Annex Bldg.) Quezon City",MMDA Road Safety Unit,,01c786a2-0006-4af7-a3fe-6cef38d99d4f,2012-01-03,20:30:00,EDSA Col. Bonny Serrano Ave. (Santolan Road) Quezon City,0,0,0,0,0,0,0,0,0,0,2012-01-04 4:30,Property,14.65652872,121.026073,No Collision Stated
None,EDSA,None,None,"No Accident Factor, No Collision Stated (based on Police Blotter Book), 0.0 drivers_injured, 0.0 drivers_killed, 0.0 passengers_injured, 0.0 passengers_killed, 0.0 pedestrian_injured, 0.0 pedestrian_killed, Fair (Night), EDSA Congressional Ave., Bgy. Ramon Magsaysay Quezon City",MMDA Road Safety Unit,,dd8db375-10e8-443d-a497-f7f802dded0b,2012-01-03,20:30:00,"EDSA Congressional Ave., Bahay Toro Quezon City",0,0,0,0,0,0,0,0,0,0,2012-01-04 4:30,Property,14.6571804,120.9927185,No Collision Stated
None,EDSA,None,None,"No Accident Factor, Rear-end, 0.0 drivers_injured, 0.0 drivers_killed, 1.0 passengers_injured, 0.0 passengers_killed, 0.0 pedestrian_injured, 0.0 pedestrian_killed, Fair (Night), EDSA fronting Nepa-Q Mart, Bgy. E. Rodriguez Quezon City",MMDA Road Safety Unit,,f15cf9b6-4527-44bb-a20f-0078ba3df717,2012-01-03,20:00:00,EDSA fronting Gate 3 Camp Aguinaldo Quezon City,0,0,0,0,1,0,0,0,0,1,2012-01-04 4:00,Injury,14.6280917,121.0472321,Rear-End
None,EDSA,None,None,"No Accident Factor, No Collision Stated (based on Police Blotter Book), 0.0 drivers_injured, 0.0 drivers_killed, 0.0 passengers_injured, 0.0 passengers_killed, 0.0 pedestrian_injured, 0.0 pedestrian_killed, Fair (Night), EDSA Mindanao Ave. Quezon City",MMDA Road Safety Unit,,f85b0c79-936c-4fe9-9c20-33a2484c772e,2012-01-03,14:00:00,"EDSA Bansalangin St., Project 7 Quezon City",0,0,0,0,0,0,0,0,0,0,2012-01-03 22:00,Property,14.65052386,121.0335656,No Collision Stated
None,EDSA,None,None,"No Accident Factor, No Collision Stated (based on Police Blotter Book), 0.0 drivers_injured, 0.0 drivers_killed, 0.0 passengers_injured, 0.0 passengers_killed, 0.0 pedestrian_injured, 0.0 pedestrian_killed, Fair (Day), EDSA Aurora Blvd. Quezon City",MMDA Road Safety Unit,,f5188afe-655f-4e98-9b4c-123fabe93572,2012-01-02,22:50:00,EDSA Main Ave. Quezon City,0,0,0,0,0,0,0,0,0,0,2012-01-03 6:50,Property,14.62163653,121.0501573,No Collision Stated
None,EDSA,None,None,"No Accident Factor, No Collision Stated (based on Police Blotter Book), 0.0 drivers_injured, 0.0 drivers_killed, 0.0 passengers_injured, 0.0 passengers_killed, 0.0 pedestrian_injured, 0.0 pedestrian_killed, Fair (Night), EDSA before Aurora Blvd. Quezon City",MMDA Road Safety Unit,,de9bd3fc-42ef-4e10-a272-d5ff69504124,2012-01-02,14:00:00,"EDSA Roosevelt Ave., Bgy. San Antonio Quezon City",0,0,0,0,0,0,0,0,0,0,2012-01-02 22:00,Property,14.62151535,121.0499619,No Collision Stated
None,EDSA,None,None,"No Accident Factor, No Collision Stated (based on Police Blotter Book), 0.0 drivers_injured, 0.0 drivers_killed, 0.0 passengers_injured, 0.0 passengers_killed, 0.0 pedestrian_injured, 0.0 pedestrian_killed, Fair (Day), EDSA fronting Total Gas Station, Balintawak Quezon City",MMDA Road Safety Unit,,2f62bc60-e81d-4903-9e0f-039c69492a07,2012-01-02,05:30:00,EDSA fronting Baliwag Transit Terminal Quezon City,0,0,0,0,0,0,0,0,0,0,2012-01-02 13:30,Property,14.65758376,121.0037763,No Collision Stated
None,EDSA,None,None,"No Accident Factor, No Collision Stated (based on Police Blotter Book), 0.0 drivers_injured, 0.0 drivers_killed, 0.0 passengers_injured, 0.0 passengers_killed, 0.0 pedestrian_injured, 0.0 pedestrian_killed, Fair (Day), EDSA MRT-Santolan Station Quezon City",MMDA Road Safety Unit,,453cea8b-3421-44ed-ac0d-736ef3d82317,2012-01-02,00:10:00,EDSA after Quezon Ave. Quezon City,0,0,0,0,0,0,0,0,0,0,2012-01-02 8:10,Property,14.60772541,121.056443,No Collision Stated
None,EDSA,None,None,"No Accident Factor, Hit and Run (No Collision Stated), 0.0 drivers_injured, 0.0 drivers_killed, 0.0 passengers_injured, 0.0 passengers_killed, 0.0 pedestrian_injured, 0.0 pedestrian_killed, Fair (Night), EDSA Gami Road Quezon City",MMDA Road Safety Unit,,526eaf4a-397c-4da7-a46f-e8fc8860443d,2012-01-01,13:00:00,EDSA Approaching Ortigas Avenue  Quezon City,0,0,0,0,0,0,0,0,0,0,2012-01-01 21:00,Property,14.65776122,121.0174636,No Collision Stated
None,EDSA,None,None,"No Accident Factor, Hit Object (No Object Stated), 0.0 drivers_injured, 0.0 drivers_killed, 0.0 passengers_injured, 0.0 passengers_killed, 0.0 pedestrian_injured, 0.0 pedestrian_killed, Fair (Night), EDSA before ""U"" turn slot, Mapagmahal St. Quezon City",MMDA Road Safety Unit,,419849ee-9ecc-47e1-ad18-4b9ea9b48189,2011-12-31,20:45:00,EDSA White Plains Ave. Quezon City,0,0,0,0,0,0,0,0,0,0,2012-01-01 4:45,Property,14.63195582,121.0454065,Hit Object
None,EDSA,None,None,"Unknown, Rear-end, 0.0 drivers_injured, 0.0 drivers_killed, 0.0 passengers_injured, 0.0 passengers_killed, 0.0 pedestrian_injured, 0.0 pedestrian_killed, Fair (Night), Edsa Quezon Avenue Quezon City",MMDA Road Safety Unit,,cc358106-7f2e-4e2f-abbb-3c6522007a7d,2011-12-28,16:00:00,EDSA beneath MRT-Santolan Station Quezon City,0,0,0,0,0,0,0,0,0,0,2011-12-29,Property,14.6442444,121.0375839,Rear-End
None,EDSA,None,None,"Unknown, Side Swipe, 0.0 drivers_injured, 0.0 drivers_killed, 0.0 passengers_injured, 0.0 passengers_killed, 0.0 pedestrian_injured, 0.0 pedestrian_killed, Fair (Night), Edsa Aurora Blvd. Cubao Quezon City",MMDA Road Safety Unit,,94d825d2-1b70-4beb-bda2-cb102084a3ab,2011-12-28,13:00:00,EDSA Congressional Ave. Quezon City,0,0,0,0,0,0,0,0,0,0,2011-12-28 21:00,Property,14.62151658,121.0501092,Side Swipe
None,EDSA,None,None,"Unknown, Hit and Run (No Collision Stated), 0.0 drivers_injured, 0.0 drivers_killed, 0.0 passengers_injured, 0.0 passengers_killed, 0.0 pedestrian_injured, 0.0 pedestrian_killed, Fair (Night), Edsa B. Serrano Avenue Quezon City",MMDA Road Safety Unit,,5e758f63-fc82-4980-a32d-1ab7d2698e91,2011-12-28,10:15:00,EDSA Col. Bonny Serrano Ave. (Santolan Road) Quezon City,0,0,0,0,0,0,0,0,0,0,2011-12-28 18:15,Property,14.61096685,121.0551991,No Collision Stated
None,EDSA,None,None,"Unknown, Rear-end, 0.0 drivers_injured, 0.0 drivers_killed, 0.0 passengers_injured, 0.0 passengers_killed, 0.0 pedestrian_injured, 0.0 pedestrian_killed, Fair (Night), Edsa New York St. Quezon City",MMDA Road Safety Unit,,a97a79aa-5242-413c-8122-b36ec0aae9a0,2011-12-23,18:30:00,"EDSA at ""U"" turn slot, Trinoma Quezon City",0,0,0,0,0,0,0,0,0,0,2011-12-24 2:30,Property,14.62568514,121.0482307,Rear-End
None,EDSA,None,None,"Unknown, Side Swipe, 0.0 drivers_injured, 0.0 drivers_killed, 0.0 passengers_injured, 0.0 passengers_killed, 0.0 pedestrian_injured, 0.0 pedestrian_killed, Fair (Night), Edsa P. Tuazon Blvd. Quezon City",MMDA Road Safety Unit,,9f14a5ef-75fa-4e10-953e-61c67e47a03e,2011-12-23,13:00:00,"EDSA North Avenue, Brgy. North Triangle Quezon City",0,0,0,0,0,0,0,0,0,0,2011-12-23 21:00,Property,14.61656342,121.0525225,Side Swipe
None,EDSA,None,None,"Unknown, Rear-end, 0.0 drivers_injured, 0.0 drivers_killed, 0.0 passengers_injured, 0.0 passengers_killed, 0.0 pedestrian_injured, 0.0 pedestrian_killed, Fair (Night), Edsa fronting Baliwag Bus Terminal Cubao Quezon City",MMDA Road Safety Unit,,cdedb113-6086-40ba-bf0f-9d06ba671a98,2011-12-23,13:00:00,EDSA Kamias Road Quezon City,0,0,0,0,0,0,0,0,0,0,2011-12-23 21:00,Property,14.62497658,121.0487035,Rear-End
None,EDSA,None,None,"Unknown, Side Swipe, 0.0 drivers_injured, 0.0 drivers_killed, 0.0 passengers_injured, 0.0 passengers_killed, 0.0 pedestrian_injured, 0.0 pedestrian_killed, Fair (Night), EDSA fronting Trinoma, brgy. Bagong Pag-asa Quezon City",MMDA Road Safety Unit,,7edbe685-3174-42ba-a4d3-00e6e0159d62,2011-12-23,10:00:00,EDSA fronting People Power Monument Quezon City,0,0,0,0,0,0,0,0,0,0,2011-12-23 18:00,Property,14.65249719,121.0322415,Side Swipe
None,EDSA,None,None,"Unknown, Rear-end, 0.0 drivers_injured, 0.0 drivers_killed, 0.0 passengers_injured, 0.0 passengers_killed, 0.0 pedestrian_injured, 0.0 pedestrian_killed, Fair (Day), Edsa fronting Q-Mart Brgy. E. Rodriguez Cubao Quezon City",MMDA Road Safety Unit,,e31b232a-1a3c-43a4-bb97-0f62520ed57e,2011-12-23,07:50:00,EDSA Aurora Blvd. Quezon City,0,0,0,0,0,0,0,0,0,0,2011-12-23 15:50,Property,14.62803883,121.0472622,Rear-End
None,EDSA,None,None,"Unknown, Rear-end, 0.0 drivers_injured, 0.0 drivers_killed, 0.0 passengers_injured, 0.0 passengers_killed, 0.0 pedestrian_injured, 0.0 pedestrian_killed, Fair (Day), Edsa fronting Corinthian Garden Brgy. Ugong Norte Quezon City",MMDA Road Safety Unit,,e818215c-b512-4603-b111-192a32ccb335,2011-12-23,07:20:00,EDSA fronting National Printing Office Quezon City,0,0,0,0,0,0,0,0,0,0,2011-12-23 15:20,Property,14.5956398,121.0594464,Rear-End
None,EDSA,None,None,"Unknown, Rear-end, 0.0 drivers_injured, 0.0 drivers_killed, 0.0 passengers_injured, 0.0 passengers_killed, 0.0 pedestrian_injured, 0.0 pedestrian_killed, Fair (Day), Edsa fronting Gate4 Camp Aguinaldo Quezon City",MMDA Road Safety Unit,,f705f124-07eb-4a01-bebc-1457d598d38a,2011-12-23,06:45:00,EDSA Whiteplains Ave. Quezon City,0,0,0,0,0,0,0,0,0,0,2011-12-23 14:45,Property,14.60475566,121.0580111,Rear-End
None,EDSA,None,None,"Unknown, Side Swipe, 0.0 drivers_injured, 0.0 drivers_killed, 0.0 passengers_injured, 0.0 passengers_killed, 0.0 pedestrian_injured, 0.0 pedestrian_killed, Fair (Night), Edsa fronting Balintawak Market Brgy. Balingara Quezon City",MMDA Road Safety Unit,,44c6939c-7bde-4ab4-9145-9c1cc37f6bc2,2011-12-21,10:40:00,"EDSA at ""U"" turn slot, Phil-Am Subdivision Quezon City",0,0,0,0,0,0,0,0,0,0,2011-12-21 18:40,Property,14.65736198,121.00264,Side Swipe
None,EDSA,None,None,"Unknown, Side Swipe, 0.0 drivers_injured, 0.0 drivers_killed, 0.0 passengers_injured, 0.0 passengers_killed, 0.0 pedestrian_injured, 0.0 pedestrian_killed, Fair (Night), Edsa  Aurora Blvd. Cubao Quezon City",MMDA Road Safety Unit,,18f4a5eb-45bd-41bd-9de4-5c7ecd364624,2011-12-18,13:20:00,EDSA Oliveros St. Quezon City,0,0,0,0,0,0,0,0,0,0,2011-12-18 21:20,Property,14.62163216,121.0502064,Side Swipe
None,EDSA,None,None,"Unknown, Side Swipe, 0.0 drivers_injured, 0.0 drivers_killed, 0.0 passengers_injured, 0.0 passengers_killed, 0.0 pedestrian_injured, 0.0 pedestrian_killed, Fair (Night), Edsa B. Serrano Avenue Quezon City",MMDA Road Safety Unit,,7f7bcd64-767b-45ab-9a18-3d5ec57da482,2011-12-17,14:35:00,"EDSA Farmers, fronting MRT-Cubao Quezon City",0,0,0,0,0,0,0,0,0,0,2011-12-17 22:35,Property,14.61096685,121.0551991,Side Swipe
None,EDSA,None,None,"Unknown, Rear-end, 0.0 drivers_injured, 0.0 drivers_killed, 0.0 passengers_injured, 0.0 passengers_killed, 0.0 pedestrian_injured, 0.0 pedestrian_killed, Fair (Night), Edsa near fronting Victory Liner Bus Terminal East Avenue Quezon City",MMDA Road Safety Unit,,a41c563a-2c77-4c81-8c8b-8f03149f03bf,2011-12-15,18:30:00,EDSA Main Ave. Quezon City,0,0,0,0,0,0,0,0,0,0,2011-12-16 2:30,Property,14.6327839,121.0450738,Rear-End
None,EDSA,None,None,"Unknown, Rear-end, 0.0 drivers_injured, 0.0 drivers_killed, 0.0 passengers_injured, 0.0 passengers_killed, 0.0 pedestrian_injured, 0.0 pedestrian_killed, Fair (Day), Edsa  fronting Hypermart Before P. Tuazon Blvd. Brgy. Socorro Quezon City",MMDA Road Safety Unit,,f9bdd8d5-50c8-4021-83b9-a73b482646fd,2011-12-12,23:50:00,"EDSA fronting Department of Public Works and Highways, Bgy. Pinyahan Quezon City",0,0,0,0,0,0,0,0,0,0,2011-12-13 7:50,Property,14.61633701,121.0526104,Rear-End
None,EDSA,None,None,"Unknown, Side Swipe, 0.0 drivers_injured, 0.0 drivers_killed, 0.0 passengers_injured, 0.0 passengers_killed, 0.0 pedestrian_injured, 0.0 pedestrian_killed, Fair (Day), Edsa near Kamias Road Brgy. West Kamias Quezon City",MMDA Road Safety Unit,,786416d5-d281-4496-b956-b15dca8677e3,2011-12-09,00:30:00,EDSA fronting Superlines Bus Terminal Quezon City,0,0,0,0,0,0,0,0,0,0,2011-12-09 8:30,Property,14.63085309,121.0457785,Side Swipe
None,EDSA,None,None,"Unknown, Rear-end, 0.0 drivers_injured, 0.0 drivers_killed, 0.0 passengers_injured, 0.0 passengers_killed, 0.0 pedestrian_injured, 0.0 pedestrian_killed, Fair (Night), Edsa Aurora Blvd. Quezon City",MMDA Road Safety Unit,,2ad97581-a7d3-4ec0-8328-08baebd2136c,2011-12-08,17:15:00,EDSA fronting Victory Liner bus Terminal Quezon City,0,0,0,0,0,0,0,0,0,0,2011-12-09 1:15,Property,14.62163653,121.0501573,Rear-End
None,EDSA,None,None,"Unknown, Rear-end, 0.0 drivers_injured, 0.0 drivers_killed, 0.0 passengers_injured, 0.0 passengers_killed, 0.0 pedestrian_injured, 0.0 pedestrian_killed, Fair (Night), Edsa fronting Farmers Market after Gen. Mc Arthur Avenue Quezon City",MMDA Road Safety Unit,,e369ed8a-88cf-44e4-89f1-0284eb2c458f,2011-12-07,15:45:00,EDSA P. Tuazon Blvd. Cubao Quezon City,0,0,0,0,0,0,0,0,0,0,2011-12-07 23:45,Property,14.61924195,121.0511606,Rear-End
None,EDSA,None,None,"Unknown, Hit and Run (No Collision Stated), 0.0 drivers_injured, 0.0 drivers_killed, 0.0 passengers_injured, 0.0 passengers_killed, 0.0 pedestrian_injured, 0.0 pedestrian_killed, Fair (Night), Edsa near Timog Avenue Quezon City",MMDA Road Safety Unit,,c8b2e31b-7ee4-4617-bbce-68c07942db21,2011-12-07,12:00:00,EDSA Roosevelt Ave. Quezon City,0,0,0,0,0,0,0,0,0,0,2011-12-07 20:00,Property,14.63261072,121.0450938,No Collision Stated
None,EDSA,None,None,"Unknown, Rear-end, 0.0 drivers_injured, 0.0 drivers_killed, 0.0 passengers_injured, 0.0 passengers_killed, 0.0 pedestrian_injured, 0.0 pedestrian_killed, Fair (Night), Edsa fronting Camp Aguinaldo Quezon City",MMDA Road Safety Unit,,ac32bc47-941f-4101-ae54-888e7df3f741,2011-12-06,16:00:00,EDSA near New York St. / Baliwag bus Terminal Quezon City,0,0,0,0,0,0,0,0,0,0,2011-12-07,Property,14.6074566,121.0567511,Rear-End
None,EDSA,None,None,"Unknown, Rear-end, 0.0 drivers_injured, 0.0 drivers_killed, 0.0 passengers_injured, 0.0 passengers_killed, 0.0 pedestrian_injured, 0.0 pedestrian_killed, Fair (Day), EDSA West Ave., brgy. Bungad Quezon City",MMDA Road Safety Unit,,115c020a-fb23-41ca-a1fd-1e428ffcdeb0,2011-12-03,07:45:00,EDSA Panay Avenue near Quezon Avenue Quezon City,0,0,0,0,0,0,0,0,0,0,2011-12-03 15:45,Property,14.65548924,121.0298079,Rear-End
None,EDSA,None,None,"Unknown, Side Swipe, 0.0 drivers_injured, 0.0 drivers_killed, 0.0 passengers_injured, 0.0 passengers_killed, 0.0 pedestrian_injured, 0.0 pedestrian_killed, Fair (Day), EDSA after Aurora Blvd. Cubao Quezon City",MMDA Road Safety Unit,,3b3dac86-e5a0-47d5-b9f6-54f5ee00fe72,2011-12-01,09:20:00,"EDSA fronting Superlines Bus Terminal, Cubao Quezon City",0,0,0,0,0,0,0,0,0,0,2011-12-01 17:20,Property,14.62159742,121.0500545,Side Swipe