LOCATION_TEXT,ROAD,WEATHER,LIGHT,DESC,REPORTING_AGENCY,MAIN_CAUSE,INCIDENTDETAILS_ID,DATE_UTC,TIME_UTC,ADDRESS,killed_driver,killed_passenger,killed_pedestrian,injured_driver,injured_passenger,injured_pedestrian,killed_uncategorized,injured_uncategorized,killed_total,injured_total,DATETIME_PST,SEVERITY,Y,X,COLLISION_TYPE
None,EDSA,None,None,"Unknown, Rear-end, 0.0 drivers_injured, 0.0 drivers_killed, 0.0 passengers_injured, 0.0 passengers_killed, 0.0 pedestrian_injured, 0.0 pedestrian_killed, Fair (Day), EDSA White Plains Road Brgy. Ugong Norte Quezon City",MMDA Road Safety Unit,,1b00a37e-dddf-4395-9a45-f721e8ea9485,2011-12-01,07:30:00,EDSA Congressional Ave. Quezon City,0,0,0,0,0,0,0,0,0,0,2011-12-01 15:30,Property,14.59961782,121.0596522,Rear-End
None,EDSA,None,None,"Unknown, Hit and Run (Side Swipe), 0.0 drivers_injured, 0.0 drivers_killed, 0.0 passengers_injured, 0.0 passengers_killed, 0.0 pedestrian_injured, 0.0 pedestrian_killed, Fair (Day), EDSA Basalangin St. Quezon City",MMDA Road Safety Unit,,5f79b8d2-8688-4ba8-896e-dd1968be76d5,2011-11-30,04:15:00,EDSA fronting Farmers Market Quezon City,0,0,0,0,0,0,0,0,0,0,2011-11-30 12:15,Property,14.65683626,121.0241375,Side Swipe
None,EDSA,None,None,"Unknown, Rear-end, 0.0 drivers_injured, 0.0 drivers_killed, 0.0 passengers_injured, 0.0 passengers_killed, 0.0 pedestrian_injured, 0.0 pedestrian_killed, Fair (Day), EDSA Aurora Blvd., Brgy. Socorro Quezon City",MMDA Road Safety Unit,,ab0eb8c7-ff20-4368-9591-c890412e9ae3,2011-11-27,02:15:00,EDSA bet. Main Ave. & P. Tuazon Blvd. Quezon City,0,0,0,0,0,0,0,0,0,0,2011-11-27 10:15,Property,14.6218043,121.0502049,Rear-End
None,EDSA,None,None,"Unknown, Side Swipe, 0.0 drivers_injured, 0.0 drivers_killed, 0.0 passengers_injured, 0.0 passengers_killed, 0.0 pedestrian_injured, 0.0 pedestrian_killed, Fair (Night), EDSA fronting Baliwag Bus Station Quezon City",MMDA Road Safety Unit,,21567380-1a30-47dc-893b-fe2523afb47d,2011-11-26,15:30:00,EDSA Monte De Piedad St. Quezon City,0,0,0,0,0,0,0,0,0,0,2011-11-26 23:30,Property,14.62497658,121.0487035,Side Swipe
None,EDSA,None,None,"Unknown, Hit and Run (No Collision Stated), 0.0 drivers_injured, 0.0 drivers_killed, 0.0 passengers_injured, 0.0 passengers_killed, 0.0 pedestrian_injured, 0.0 pedestrian_killed, Fair (Day), EDSA at""U""turn Slot Timog Avenue Quezon City",MMDA Road Safety Unit,,78498b79-7f0d-418b-b4db-98a6a026ba01,2011-11-26,03:30:00,EDSA P. Tuazon Blvd. Quezon City,0,0,0,0,0,0,0,0,0,0,2011-11-26 11:30,Property,14.63193515,121.0453662,No Collision Stated
None,EDSA,None,None,"Unknown, Side Swipe, 1.0 drivers_injured, 0.0 drivers_killed, 0.0 passengers_injured, 0.0 passengers_killed, 0.0 pedestrian_injured, 0.0 pedestrian_killed, Fair (Day), EDSA Kamias Road Quezon City",MMDA Road Safety Unit,,c26cf046-40cb-46b3-94f8-45e3045b6952,2011-11-25,02:20:00,EDSA B. Serrano Avenue Quezon City,0,0,0,1,0,0,0,0,0,1,2011-11-25 10:20,Injury,14.6309142,121.0459376,Side Swipe
None,EDSA,None,None,"Unknown, Side Swipe, 0.0 drivers_injured, 0.0 drivers_killed, 0.0 passengers_injured, 0.0 passengers_killed, 0.0 pedestrian_injured, 0.0 pedestrian_killed, Fair (Day), EDSA Aurora Blvd. Brgy. E. Rodriguez Quezon City",MMDA Road Safety Unit,,4f7387e4-83d2-4132-ac94-67058637ea7f,2011-11-21,06:00:00,"EDSA after main Avenue, Brgy. Socorro Quezon City",0,0,0,0,0,0,0,0,0,0,2011-11-21 14:00,Property,14.62151658,121.0501092,Side Swipe
None,EDSA,None,None,"Unknown, Rear-end, 0.0 drivers_injured, 0.0 drivers_killed, 0.0 passengers_injured, 0.0 passengers_killed, 0.0 pedestrian_injured, 0.0 pedestrian_killed, Fair (Night), EDSA Aurora Blvd. (NB) Quezon City",MMDA Road Safety Unit,,8309f3f3-a5f9-4971-87a3-b63e725c1bda,2011-11-19,21:45:00,EDSA Corithian Garden / near White Palins Quezon City,0,0,0,0,0,0,0,0,0,0,2011-11-20 5:45,Property,14.62151658,121.0501092,Rear-End
None,EDSA,None,None,"Unknown, Rear-end, 0.0 drivers_injured, 0.0 drivers_killed, 0.0 passengers_injured, 0.0 passengers_killed, 0.0 pedestrian_injured, 0.0 pedestrian_killed, Fair (Night), EDSA fronting Nepa Q-Mart., E. Rodriguez Quezon City",MMDA Road Safety Unit,,fcdf121e-d981-485a-bce6-4ba6e93c2097,2011-11-19,10:45:00,EDSA Quezon Blvd Quezon City,0,0,0,0,0,0,0,0,0,0,2011-11-19 18:45,Property,14.6280917,121.0472321,Rear-End
None,EDSA,None,None,"Unknown, Side Swipe, 0.0 drivers_injured, 0.0 drivers_killed, 0.0 passengers_injured, 0.0 passengers_killed, 0.0 pedestrian_injured, 0.0 pedestrian_killed, Fair (Day), EDSA fronting Santrans Bus Terminal Brgy. E. Rodriguez Cubao Quezon City",MMDA Road Safety Unit,,61b82ece-31f5-4276-b655-06a286f4381d,2011-11-19,03:30:00,EDSA Congressional Ave. Quezon City,0,0,0,0,0,0,0,0,0,0,2011-11-19 11:30,Property,14.62511185,121.048582,Side Swipe
None,EDSA,None,None,"Unknown, Hit and Run (No Collision Stated), 0.0 drivers_injured, 0.0 drivers_killed, 0.0 passengers_injured, 0.0 passengers_killed, 0.0 pedestrian_injured, 0.0 pedestrian_killed, Fair (Night), EDSA Fronting INC Church Quezon City",MMDA Road Safety Unit,,2b6eeac6-be5f-4532-b1fa-ae69fda835f3,2011-11-18,16:30:00,"EDSA at ""U""turn Slot / SantolanRoad Quezon City",0,0,0,0,0,0,0,0,0,0,2011-11-19 0:30,Property,14.65749652,121.0222666,No Collision Stated
None,EDSA,None,None,"Unknown, Rear-end, 0.0 drivers_injured, 0.0 drivers_killed, 0.0 passengers_injured, 0.0 passengers_killed, 0.0 pedestrian_injured, 0.0 pedestrian_killed, Fair (Night), EDSA Q-Mart., Brgy. E. Rodriguez Quezon City",MMDA Road Safety Unit,,a569533f-2195-480e-90e1-a0163b55acb2,2011-11-17,21:15:00,EDSA Ermin Garcia St. Quezon City,0,0,0,0,0,0,0,0,0,0,2011-11-18 5:15,Property,14.62811603,121.0472822,Rear-End
None,EDSA,None,None,"Unknown, Rear-end, 0.0 drivers_injured, 0.0 drivers_killed, 0.0 passengers_injured, 0.0 passengers_killed, 0.0 pedestrian_injured, 0.0 pedestrian_killed, Fair (Day), EDSA fronting Jac Liner Bus Terminal / Mapagmahal St., Brgy. Pinyahan Quezon City",MMDA Road Safety Unit,,79b40b3c-86c3-4ce4-a6c5-5a275b2fa313,2011-11-17,07:35:00,EDSA fronting Baliwag Transit Brgy. E. Rodriguez Quezon City,0,0,0,0,0,0,0,0,0,0,2011-11-17 15:35,Property,14.63206278,121.0454731,Rear-End
None,EDSA,None,None,"Unknown, Rear-end, 0.0 drivers_injured, 0.0 drivers_killed, 0.0 passengers_injured, 0.0 passengers_killed, 0.0 pedestrian_injured, 0.0 pedestrian_killed, Fair (Night), EDSA Main Ave. Quezon City",MMDA Road Safety Unit,,9622385a-06bf-46be-8b7f-bebae2790053,2011-11-15,13:50:00,EDSA Kamuning MRT Station Quezon City,0,0,0,0,0,0,0,0,0,0,2011-11-15 21:50,Property,14.61376458,121.0537933,Rear-End
None,EDSA,None,None,"Unknown, Other (Multiple), 0.0 drivers_injured, 0.0 drivers_killed, 0.0 passengers_injured, 0.0 passengers_killed, 0.0 pedestrian_injured, 0.0 pedestrian_killed, Fair (Day), EDSA Kamias Road Quezon City",MMDA Road Safety Unit,,c45761ba-8459-45ce-a965-35945ccb7f45,2011-11-15,03:00:00,EDSA Kamias Road Quezon City,0,0,0,0,0,0,0,0,0,0,2011-11-15 11:00,Property,14.6309142,121.0459376,Multiple
None,EDSA,None,None,"Unknown, Rear-end, 0.0 drivers_injured, 0.0 drivers_killed, 0.0 passengers_injured, 0.0 passengers_killed, 0.0 pedestrian_injured, 0.0 pedestrian_killed, Fair (Night), EDSA Nia Road Quezon City",MMDA Road Safety Unit,,698cc06f-8cfb-4861-8324-da48a231d5ab,2011-11-14,19:40:00,EDSA  Allied concrete product Quezon City,0,0,0,0,0,0,0,0,0,0,2011-11-15 3:40,Property,14.63727823,121.0421362,Rear-End
None,EDSA,None,None,"Unknown, Hit and Run (Side Swipe), 0.0 drivers_injured, 0.0 drivers_killed, 0.0 passengers_injured, 0.0 passengers_killed, 0.0 pedestrian_injured, 0.0 pedestrian_killed, Fair (Night), EDSA Aurora Blvd., Cubao Quezon City",MMDA Road Safety Unit,,2ecbe829-7bba-4727-8cbf-f073295ff53b,2011-11-14,18:00:00,"EDSA fronting Q-Mart , Brgy. E. Rodriguez  Quezon City",0,0,0,0,0,0,0,0,0,0,2011-11-15 2:00,Property,14.6218043,121.0502049,Side Swipe
None,EDSA,None,None,"Unknown, Angle Impact, 1.0 drivers_injured, 0.0 drivers_killed, 1.0 passengers_injured, 0.0 passengers_killed, 0.0 pedestrian_injured, 0.0 pedestrian_killed, Fair (Night), EDSA Aurora Blvd., Cubao Quezon City",MMDA Road Safety Unit,,9ff78f3a-a66f-47e3-ad92-b2f65ea564d9,2011-11-13,11:00:00,EDSA before Kamias Road  Quezon City,0,0,0,1,1,0,0,0,0,2,2011-11-13 19:00,Injury,14.6218043,121.0502049,Angle Impact
None,EDSA,None,None,"Unknown, Side Swipe, 0.0 drivers_injured, 0.0 drivers_killed, 0.0 passengers_injured, 0.0 passengers_killed, 0.0 pedestrian_injured, 0.0 pedestrian_killed, Fair (Day), EDSA fronting Nepa Q- Mart., Brgy. E. Rodriguez Quezon City",MMDA Road Safety Unit,,3b389bc2-f5fc-4dad-b514-c228427103ff,2011-11-13,08:30:00,EDSA fronting Camp Aguinaldo gate 3 Quezon City,0,0,0,0,0,0,0,0,0,0,2011-11-13 16:30,Property,14.6280917,121.0472321,Side Swipe
None,EDSA,None,None,"Unknown, Hit and Run (No Collision Stated), 0.0 drivers_injured, 0.0 drivers_killed, 0.0 passengers_injured, 0.0 passengers_killed, 0.0 pedestrian_injured, 0.0 pedestrian_killed, Fair (Day), EDSA Kamuning Road Quezon City",MMDA Road Safety Unit,,a07d4afb-c618-467a-8a59-04182282084c,2011-11-11,01:35:00,EDSA fronting Five Star Bus Terminal Quezon City,0,0,0,0,0,0,0,0,0,0,2011-11-11 9:35,Property,14.63075725,121.0457548,No Collision Stated
None,EDSA,None,None,"Unknown, Side Swipe, 0.0 drivers_injured, 0.0 drivers_killed, 0.0 passengers_injured, 0.0 passengers_killed, 0.0 pedestrian_injured, 0.0 pedestrian_killed, Fair (Day), EDSA fronting Dominion Bus Terminal Quezon City",MMDA Road Safety Unit,,b12a5d40-b13c-464d-9239-97b2ebd92205,2011-11-08,07:00:00,EDSA Main Avenue Quezon City,0,0,0,0,0,0,0,0,0,0,2011-11-08 15:00,Property,14.62544992,121.0481734,Side Swipe
None,EDSA,None,None,"Unknown, Rear-end, 0.0 drivers_injured, 0.0 drivers_killed, 0.0 passengers_injured, 0.0 passengers_killed, 0.0 pedestrian_injured, 0.0 pedestrian_killed, Fair (Day), EDSA after New York Cubao Quezon City",MMDA Road Safety Unit,,5a92a51a-8a83-4d00-9557-554caeb7db44,2011-11-08,00:30:00,"EDSA DILG, Mapagmahal St. Quezon City",0,0,0,0,0,0,0,0,0,0,2011-11-08 8:30,Property,14.6258761,121.0481922,Rear-End
None,EDSA,None,None,"Unknown, Rear-end, 0.0 drivers_injured, 0.0 drivers_killed, 0.0 passengers_injured, 0.0 passengers_killed, 0.0 pedestrian_injured, 0.0 pedestrian_killed, Fair (Day), EDSA fronting Farmer Market Brgy. Socorro Quezon City",MMDA Road Safety Unit,,ff4a5005-3ec6-473a-8a82-4904aa24cef2,2011-11-07,07:00:00,EDSA Aurora Blvd.Act Theater Quezon City,0,0,0,0,0,0,0,0,0,0,2011-11-07 15:00,Property,14.61924195,121.0511606,Rear-End
None,EDSA,None,None,"Unknown, Side Swipe, 0.0 drivers_injured, 0.0 drivers_killed, 0.0 passengers_injured, 0.0 passengers_killed, 0.0 pedestrian_injured, 0.0 pedestrian_killed, Fair (Day), EDSA Mapagmahal St. DILG Bldg. Brgy. Pinyahan Quezon City",MMDA Road Safety Unit,,aa9b7815-4cf7-4322-ba7a-611cc66e7d3c,2011-11-05,07:30:00,EDSA New York St.  Quezon City,0,0,0,0,0,0,0,0,0,0,2011-11-05 15:30,Property,14.63185046,121.0455315,Side Swipe
None,EDSA,None,None,"Unknown, Rear-end, 0.0 drivers_injured, 0.0 drivers_killed, 0.0 passengers_injured, 0.0 passengers_killed, 0.0 pedestrian_injured, 0.0 pedestrian_killed, Fair (Night), EDSA near P. Tuazon Blvd. Quezon City",MMDA Road Safety Unit,,91c96cba-4783-4c8c-9cae-f621e0cb7a5b,2011-11-03,10:30:00,"EDSA at ""U"" turn slot, fronting DILG Quezon City",0,0,0,0,0,0,0,0,0,0,2011-11-03 18:30,Property,14.61653794,121.0523336,Rear-End
None,EDSA,None,None,"Unknown, Side Swipe, 0.0 drivers_injured, 0.0 drivers_killed, 0.0 passengers_injured, 0.0 passengers_killed, 0.0 pedestrian_injured, 0.0 pedestrian_killed, Fair (Day), EDSA fronting Home Depot, Bahay Toro Quezon City",MMDA Road Safety Unit,,2ca0afb8-5998-425b-a601-d7925425d991,2011-11-03,09:00:00,EDSA fronting JAC Liner Terminal Quezon City,0,0,0,0,0,0,0,0,0,0,2011-11-03 17:00,Property,14.65768928,121.0127906,Side Swipe
None,EDSA,None,None,"Unknown, Side Swipe, 1.0 drivers_injured, 0.0 drivers_killed, 0.0 passengers_injured, 0.0 passengers_killed, 0.0 pedestrian_injured, 0.0 pedestrian_killed, Fair (Day), EDSA East Avenue Brgy. Pinyahan Quezon City",MMDA Road Safety Unit,,9b583724-05a7-4d33-bdce-385a44fdadeb,2011-11-03,06:00:00,EDSA before JAM Liner Bus Terminal Quezon City,0,0,0,1,0,0,0,0,0,1,2011-11-03 14:00,Injury,14.6328297,121.0451176,Side Swipe
None,EDSA,None,None,"Unknown, Side Swipe, 0.0 drivers_injured, 0.0 drivers_killed, 0.0 passengers_injured, 0.0 passengers_killed, 0.0 pedestrian_injured, 0.0 pedestrian_killed, Fair (Night), EDSA Gen. Roxas Avenue Cubao Quezon City",MMDA Road Safety Unit,,32748649-9974-4683-9aa9-c8466ee1c55a,2011-11-02,11:40:00,"EDSA fronting Farmers, Brgy. Socorro Quezon City",0,0,0,0,0,0,0,0,0,0,2011-11-02 19:40,Property,14.62042254,121.0508064,Side Swipe
None,EDSA,None,None,"Unknown, Side Swipe, 0.0 drivers_injured, 0.0 drivers_killed, 0.0 passengers_injured, 0.0 passengers_killed, 0.0 pedestrian_injured, 0.0 pedestrian_killed, Fair (Night), EDSA fronting Five Star Bus Terminal Quezon City",MMDA Road Safety Unit,,6f51d751-ade4-49d2-96d5-7f6ba70cddb6,2011-11-02,11:35:00,EDSA fronting Camp Crame  Quezon City,0,0,0,0,0,0,0,0,0,0,2011-11-02 19:35,Property,14.62380284,121.0492837,Side Swipe
None,EDSA,None,None,"Unknown, Side Swipe, 1.0 drivers_injured, 0.0 drivers_killed, 0.0 passengers_injured, 0.0 passengers_killed, 0.0 pedestrian_injured, 0.0 pedestrian_killed, Fair (Day), EDSA Cloverleaf Interchange Balintawak Quezon City",MMDA Road Safety Unit,,d7158cd6-0d45-467b-aa24-616cf22fc03f,2011-11-01,00:15:00,EDSA fronting LRT-Balintawak Station Quezon City,0,0,0,1,0,0,0,0,0,1,2011-11-01 8:15,Injury,14.6575213,121.0010654,Side Swipe
None,EDSA,None,None,"Unknown, Side Swipe, 0.0 drivers_injured, 0.0 drivers_killed, 0.0 passengers_injured, 0.0 passengers_killed, 0.0 pedestrian_injured, 0.0 pedestrian_killed, Fair (Night), EDSA Aurora Blvd. Quezon City",MMDA Road Safety Unit,,561b5aee-1088-475f-9815-71bf9a2a9eae,2011-10-31,16:00:00,EDSA near Timog Ave. Quezon City,0,0,0,0,0,0,0,0,0,0,2011-11-01,Property,14.62163653,121.0501573,Side Swipe
None,EDSA,None,None,"Unknown, Angle Impact, 0.0 drivers_injured, 0.0 drivers_killed, 0.0 passengers_injured, 0.0 passengers_killed, 0.0 pedestrian_injured, 0.0 pedestrian_killed, Fair (Day), EDSA Ortigas Avenue Intersection Quezon City",MMDA Road Safety Unit,,79963abc-c20e-4939-a1af-1cbb95d97d66,2011-10-29,05:55:00,EDSA fronting Gate 3 of Camp Crame  Quezon City,0,0,0,0,0,0,0,0,0,0,2011-10-29 13:55,Property,14.59275486,121.0584221,Angle Impact
None,EDSA,None,None,"Unknown, Side Swipe, 0.0 drivers_injured, 0.0 drivers_killed, 0.0 passengers_injured, 0.0 passengers_killed, 0.0 pedestrian_injured, 0.0 pedestrian_killed, Fair (Night), EDSA near Gen. Roxas Avenue., Cubao Quezon City",MMDA Road Safety Unit,,17e063b5-2ef2-4cea-a95a-e91c18eb6edf,2011-10-28,13:25:00,EDSA fronting Camp Crame Quezon City,0,0,0,0,0,0,0,0,0,0,2011-10-28 21:25,Property,14.62042487,121.050799,Side Swipe
None,EDSA,None,None,"Unknown, Other (Backing Collision), 0.0 drivers_injured, 0.0 drivers_killed, 0.0 passengers_injured, 0.0 passengers_killed, 0.0 pedestrian_injured, 0.0 pedestrian_killed, Fair (Day), EDSA at""U""turn Slot fronting DILG Bldg. Brgy. Pinyahan Quezon City",MMDA Road Safety Unit,,373755d0-3ab7-479b-a3b9-3fad49bb57f6,2011-10-28,01:15:00,EDSA Congressional Ave. Quezon City,0,0,0,0,0,0,0,0,0,0,2011-10-28 9:15,Property,14.63199884,121.0455473,Rear-End
None,EDSA,None,None,"Unknown, Side Swipe, 0.0 drivers_injured, 0.0 drivers_killed, 0.0 passengers_injured, 0.0 passengers_killed, 0.0 pedestrian_injured, 0.0 pedestrian_killed, Fair (Night), EDSA P. Tuazon Blvd. Quezon City",MMDA Road Safety Unit,,83afd891-aaff-46a3-9e86-bd32bbfedee8,2011-10-22,13:10:00,"EDSA P. Tuazon Blvd., Cubao Quezon City",0,0,0,0,0,0,0,0,0,0,2011-10-22 21:10,Property,14.61656342,121.0525225,Side Swipe
None,EDSA,None,None,"Unknown, Rear-end, 0.0 drivers_injured, 0.0 drivers_killed, 0.0 passengers_injured, 0.0 passengers_killed, 0.0 pedestrian_injured, 0.0 pedestrian_killed, Fair (Day), EDSA fronting Samson Institute Brgy. Socorro Quezon City",MMDA Road Safety Unit,,45df0326-a66b-4e07-8b74-765668d9e67c,2011-10-22,08:30:00,"EDSA fronting McDonald, near Quezon Ave. Quezon City",0,0,0,0,0,0,0,0,0,0,2011-10-22 16:30,Property,14.61733594,121.0519755,Rear-End
None,EDSA,None,None,"Unknown, Hit Object (No Object Stated), 0.0 drivers_injured, 0.0 drivers_killed, 0.0 passengers_injured, 0.0 passengers_killed, 0.0 pedestrian_injured, 0.0 pedestrian_killed, Fair (Day), EDSA Aurora Blvd. New York St. Quezon City",MMDA Road Safety Unit,,32310dc1-1c80-42a0-bea3-28eca4b4159d,2011-10-21,00:40:00,"EDSA fronting Petron Gas Station, near South Road Quezon City",0,0,0,0,0,0,0,0,0,0,2011-10-21 8:40,Property,14.6256655,121.0481145,Hit Object
None,EDSA,None,None,"Unknown, Side Swipe, 0.0 drivers_injured, 0.0 drivers_killed, 0.0 passengers_injured, 0.0 passengers_killed, 0.0 pedestrian_injured, 0.0 pedestrian_killed, Fair (Day), EDSA Boni Serrano Avenue Socorro Quezon City",MMDA Road Safety Unit,,f383ad2e-197e-42a0-9504-5fb571450f63,2011-10-20,08:00:00,EDSA near Kamuning Road Quezon City,0,0,0,0,0,0,0,0,0,0,2011-10-20 16:00,Property,14.61098097,121.055172,Side Swipe
None,EDSA,None,None,"Unknown, Rear-end, 0.0 drivers_injured, 0.0 drivers_killed, 1.0 passengers_injured, 0.0 passengers_killed, 0.0 pedestrian_injured, 0.0 pedestrian_killed, Fair (Night), EDSA East Ave. Quezon City",MMDA Road Safety Unit,,7eefd713-3081-4887-9e8f-3a04a76928d7,2011-10-17,14:00:00,"EDSA Kamias Road, West Kamias Quezon City",0,0,0,0,1,0,0,0,0,1,2011-10-17 22:00,Injury,14.6328297,121.0451176,Rear-End
None,EDSA,None,None,"Unknown, Hit and Run (No Collision Stated), 0.0 drivers_injured, 0.0 drivers_killed, 0.0 passengers_injured, 0.0 passengers_killed, 0.0 pedestrian_injured, 0.0 pedestrian_killed, Fair (Night), EDSA West Ave. Quezon City",MMDA Road Safety Unit,,4ba7f322-950e-47b8-ba70-6a6df6b23672,2011-10-17,11:15:00,"EDSA New York St., Cubao Quezon City",0,0,0,0,0,0,0,0,0,0,2011-10-17 19:15,Property,14.65548924,121.0298079,No Collision Stated
None,EDSA,None,None,"Unknown, Hit Object (Pipe-PVC), 0.0 drivers_injured, 0.0 drivers_killed, 0.0 passengers_injured, 0.0 passengers_killed, 0.0 pedestrian_injured, 0.0 pedestrian_killed, Fair (Night), EDSA fronting Balintawak LRT Stn. Quezon City",MMDA Road Safety Unit,,f29b312f-ed15-4d0a-8f06-8b886c665ddc,2011-10-15,20:45:00,EDSA Main Ave. Quezon City,0,0,0,0,0,0,0,0,0,0,2011-10-16 4:45,Property,14.65759756,121.0039543,Hit Object
None,EDSA,None,None,"Unknown, Hit and Run (No Collision Stated), 1.0 drivers_injured, 0.0 drivers_killed, 0.0 passengers_injured, 0.0 passengers_killed, 0.0 pedestrian_injured, 0.0 pedestrian_killed, Fair (Night), EDSA at ""u""turn slot / B. Serrano Ave. Quezon City",MMDA Road Safety Unit,,93b2be9b-4782-49e7-8a5d-c9a673674024,2011-10-12,10:45:00,EDSA Benitez St.  Quezon City,0,0,0,1,0,0,0,0,0,1,2011-10-12 18:45,Injury,14.6115316,121.0548258,No Collision Stated
None,EDSA,None,None,"Unknown, Hit Object (Fence/Wall-Concrete, MRT), 0.0 drivers_injured, 0.0 drivers_killed, 5.0 passengers_injured, 0.0 passengers_killed, 0.0 pedestrian_injured, 0.0 pedestrian_killed, Fair (Night), EDSA fronting Camp Aguinaldo Quezon City",MMDA Road Safety Unit,,53a02286-5e8a-4d35-8341-31e9b9b46327,2011-10-12,10:10:00,EDSA fronting Farmers Market Quezon City,0,0,0,0,5,0,0,0,0,5,2011-10-12 18:10,Injury,14.6074566,121.0567511,Hit Object
None,EDSA,None,None,"Unknown, Side Swipe, 0.0 drivers_injured, 0.0 drivers_killed, 0.0 passengers_injured, 0.0 passengers_killed, 0.0 pedestrian_injured, 0.0 pedestrian_killed, Fair (Day), EDSA P. Tuazon Blvd. Quezon City",MMDA Road Safety Unit,,0af46a55-62c6-4b9d-8946-d2da9dc4fad6,2011-10-10,22:45:00,EDSA fronting Camp Crame  Quezon City,0,0,0,0,0,0,0,0,0,0,2011-10-11 6:45,Property,14.61656342,121.0525225,Side Swipe
None,EDSA,None,None,"Unknown, Side Swipe, 0.0 drivers_injured, 0.0 drivers_killed, 0.0 passengers_injured, 0.0 passengers_killed, 0.0 pedestrian_injured, 0.0 pedestrian_killed, Fair (Night), EDSA Aurora Blvd. Cubao Quezon City",MMDA Road Safety Unit,,c0f3737a-2a27-4f1c-9a30-a3a55e961e28,2011-10-10,19:20:00,EDSA Ortigas Ave. Quezon City,0,0,0,0,0,0,0,0,0,0,2011-10-11 3:20,Property,14.62151658,121.0501092,Side Swipe
None,EDSA,None,None,"Unknown, Rear-end, 0.0 drivers_injured, 0.0 drivers_killed, 0.0 passengers_injured, 0.0 passengers_killed, 0.0 pedestrian_injured, 0.0 pedestrian_killed, Fair (Night), EDSA Aurora Blvd. Cubao Quezon City",MMDA Road Safety Unit,,e6cf86c1-6d30-4a49-9713-a550cb95df83,2011-10-10,16:00:00,EDSA Main Ave. Quezon City,0,0,0,0,0,0,0,0,0,0,2011-10-11,Property,14.62151658,121.0501092,Rear-End
None,EDSA,None,None,"Unknown, Side Swipe, 0.0 drivers_injured, 0.0 drivers_killed, 0.0 passengers_injured, 0.0 passengers_killed, 0.0 pedestrian_injured, 0.0 pedestrian_killed, Fair (Night), EDSA Cor. B. Serrano Avenue at ""U""Turn Slot Quezon City",MMDA Road Safety Unit,,a81ce78d-716b-4094-a17b-e281a66df729,2011-10-08,10:15:00,EDSA Quezon Ave. Quezon City,0,0,0,0,0,0,0,0,0,0,2011-10-08 18:15,Property,14.61141084,121.0548244,Side Swipe
None,EDSA,None,None,"Unknown, Rear-end, 0.0 drivers_injured, 0.0 drivers_killed, 0.0 passengers_injured, 0.0 passengers_killed, 0.0 pedestrian_injured, 0.0 pedestrian_killed, Fair (Night), EDSA Aurora Blvd. Cubao Quezon City",MMDA Road Safety Unit,,2c094113-c656-4d16-947d-e8357fb68687,2011-10-07,18:00:00,EDSA MRT-North Station Quezon City,0,0,0,0,0,0,0,0,0,0,2011-10-08 2:00,Property,14.62151658,121.0501092,Rear-End
None,EDSA,None,None,"Unknown, Hit and Run (No Collision Stated), 0.0 drivers_injured, 0.0 drivers_killed, 0.0 passengers_injured, 0.0 passengers_killed, 0.0 pedestrian_injured, 0.0 pedestrian_killed, Fair (Night), EDSA South Ave. / Timog Ave. Quezon City",MMDA Road Safety Unit,,add73994-2c71-4b23-ad16-a58acc622de7,2011-10-07,12:30:00,EDSA P. Tuazon St. Quezon City,0,0,0,0,0,0,0,0,0,0,2011-10-07 20:30,Property,14.63257986,121.0449774,No Collision Stated
None,EDSA,None,None,"Unknown, Side Swipe, 1.0 drivers_injured, 0.0 drivers_killed, 0.0 passengers_injured, 0.0 passengers_killed, 0.0 pedestrian_injured, 0.0 pedestrian_killed, Fair (Night), EDSA Main Ave. Quezon City",MMDA Road Safety Unit,,2c0fada3-70a4-4435-808b-a0a770a9c855,2011-10-07,12:10:00,EDSA near Ermin Garcia St. Quezon City,0,0,0,1,0,0,0,0,0,1,2011-10-07 20:10,Injury,14.61376458,121.0537933,Side Swipe
None,EDSA,None,None,"Unknown, Rear-end, 0.0 drivers_injured, 0.0 drivers_killed, 0.0 passengers_injured, 0.0 passengers_killed, 0.0 pedestrian_injured, 0.0 pedestrian_killed, Fair (Day), EDSA Main Ave. Quezon City",MMDA Road Safety Unit,,821e9caf-5ad3-4914-9d34-1ceae4afa251,2011-10-06,22:15:00,"EDSA at ""U"" turn slot, fronting Gazent Bldg. Quezon City",0,0,0,0,0,0,0,0,0,0,2011-10-07 6:15,Property,14.61376458,121.0537933,Rear-End
None,EDSA,None,None,"Unknown, Side Swipe, 0.0 drivers_injured, 0.0 drivers_killed, 0.0 passengers_injured, 0.0 passengers_killed, 0.0 pedestrian_injured, 0.0 pedestrian_killed, Fair (Night), EDSA Kamias Road Quezon City",MMDA Road Safety Unit,,862d647f-606b-4dca-a3f6-3b071fd8c39b,2011-10-04,12:00:00,EDSA before Kamuning Road Quezon City,0,0,0,0,0,0,0,0,0,0,2011-10-04 20:00,Property,14.6309142,121.0459376,Side Swipe
None,EDSA,None,None,"Unknown, Side Swipe, 0.0 drivers_injured, 0.0 drivers_killed, 0.0 passengers_injured, 0.0 passengers_killed, 0.0 pedestrian_injured, 0.0 pedestrian_killed, Fair (Night), EDSA P. Tuazon Blvd. Quezon City",MMDA Road Safety Unit,,8e5ea402-f843-4b64-9b8e-80ab6d04df02,2011-09-30,12:10:00,EDSA P. Tuazon Blvd  Quezon City,0,0,0,0,0,0,0,0,0,0,2011-09-30 20:10,Property,14.61656342,121.0525225,Side Swipe