LOCATION_TEXT,ROAD,WEATHER,LIGHT,DESC,REPORTING_AGENCY,MAIN_CAUSE,INCIDENTDETAILS_ID,DATE_UTC,TIME_UTC,ADDRESS,killed_driver,killed_passenger,killed_pedestrian,injured_driver,injured_passenger,injured_pedestrian,killed_uncategorized,injured_uncategorized,killed_total,injured_total,DATETIME_PST,SEVERITY,Y,X,COLLISION_TYPE
None,EDSA,None,None,"Unknown, Side Swipe, 0.0 drivers_injured, 0.0 drivers_killed, 0.0 passengers_injured, 0.0 passengers_killed, 0.0 pedestrian_injured, 0.0 pedestrian_killed, Fair (Night), EDSA Quezon Ave. Quezon City",MMDA Road Safety Unit,,b14e30b0-647b-4b7e-a454-c76aef7f0428,2011-09-30,11:50:00,"EDSA fronting Banco De Oro, Cubao Quezon City",0,0,0,0,0,0,0,0,0,0,2011-09-30 19:50,Property,14.6442444,121.0375839,Side Swipe
None,EDSA,None,None,"Unknown, Rear-end, 0.0 drivers_injured, 0.0 drivers_killed, 0.0 passengers_injured, 0.0 passengers_killed, 0.0 pedestrian_injured, 0.0 pedestrian_killed, Fair (Night), EDSA Cubao Loading Bay Quezon City",MMDA Road Safety Unit,,0317fc74-35e8-4a9e-867b-8356806361bc,2011-09-30,10:00:00,EDSA Congressional Ave. Quezon City,0,0,0,0,0,0,0,0,0,0,2011-09-30 18:00,Property,14.61956389,121.0510595,Rear-End
None,EDSA,None,None,"Unknown, Rear-end, 1.0 drivers_injured, 0.0 drivers_killed, 0.0 passengers_injured, 0.0 passengers_killed, 0.0 pedestrian_injured, 0.0 pedestrian_killed, Fair (Day), EDSA Aurora Blvd. Quezon City",MMDA Road Safety Unit,,ebba95a0-065c-460d-bc48-d3b3d1a7571a,2011-09-30,02:15:00,EDSA Col. Bonny Serrano Ave. (Santolan Road) Quezon City,0,0,0,1,0,0,0,0,0,1,2011-09-30 10:15,Injury,14.62163653,121.0501573,Rear-End
None,EDSA,None,None,"Unknown, Hit and Run (No Collision Stated), 0.0 drivers_injured, 0.0 drivers_killed, 0.0 passengers_injured, 0.0 passengers_killed, 0.0 pedestrian_injured, 0.0 pedestrian_killed, Fair (Day), EDSA at ""U""turn slot  near East Ave. Quezon City",MMDA Road Safety Unit,,186360f7-d36a-49f7-8e3b-7371eceb0636,2011-09-28,07:00:00,"EDSA fronting Balintawak Market, Bgy. Balingasa Quezon City",0,0,0,0,0,0,0,0,0,0,2011-09-28 15:00,Property,14.63195996,121.0453304,No Collision Stated
None,EDSA,None,None,"Unknown, Side Swipe, 0.0 drivers_injured, 0.0 drivers_killed, 0.0 passengers_injured, 0.0 passengers_killed, 0.0 pedestrian_injured, 0.0 pedestrian_killed, Fair (Day), EDSA fronting E.S. Transit Terminal Quezon City",MMDA Road Safety Unit,,6ffcb300-5f1e-4ca1-be58-f3772b7ce1e2,2011-09-26,04:30:00,EDSA Aurora Blvd. Quezon City,0,0,0,0,0,0,0,0,0,0,2011-09-26 12:30,Property,14.62538079,121.0484651,Side Swipe
None,EDSA,None,None,"Unknown, Rear-end, 0.0 drivers_injured, 0.0 drivers_killed, 0.0 passengers_injured, 0.0 passengers_killed, 0.0 pedestrian_injured, 0.0 pedestrian_killed, Fair (Night), EDSA fronting Santolan MRT Station Quezon City",MMDA Road Safety Unit,,f8f700b6-eaaa-4e6e-b170-ad66dbb324fd,2011-09-25,21:30:00,EDSA Quezon Avenue Quezon City,0,0,0,0,0,0,0,0,0,0,2011-09-26 5:30,Property,14.6076422,121.0565003,Rear-End
None,EDSA,None,None,"Unknown, Side Swipe, 0.0 drivers_injured, 0.0 drivers_killed, 0.0 passengers_injured, 0.0 passengers_killed, 0.0 pedestrian_injured, 0.0 pedestrian_killed, Fair (Day), EDSA fronting Camp Aguinaldo near Santolan Road Quezon City",MMDA Road Safety Unit,,39df1227-f44e-4b4e-9817-f6404f5d5337,2011-09-24,07:00:00,EDSA fronting Cloverleaf Mkt. brgy. A. Samson Quezon City,0,0,0,0,0,0,0,0,0,0,2011-09-24 15:00,Property,14.61049394,121.0554046,Side Swipe
None,EDSA,None,None,"Unknown, Rear-end, 0.0 drivers_injured, 0.0 drivers_killed, 0.0 passengers_injured, 0.0 passengers_killed, 0.0 pedestrian_injured, 0.0 pedestrian_killed, Fair (Day), EDSA fronting Baliwag Trans Bus Terminal, Cuabo Quezon City",MMDA Road Safety Unit,,d2ebe2e5-0303-4093-b62b-9891f049a734,2011-09-24,05:55:00,EDSA Nepa Q Mart  Quezon City,0,0,0,0,0,0,0,0,0,0,2011-09-24 13:55,Property,14.62497658,121.0487035,Rear-End
None,EDSA,None,None,"Unknown, Hit and Run (No Collision Stated), 0.0 drivers_injured, 0.0 drivers_killed, 0.0 passengers_injured, 0.0 passengers_killed, 0.0 pedestrian_injured, 0.0 pedestrian_killed, Fair (Night), EDSA Nia Road Quezon City",MMDA Road Safety Unit,,bc65b910-05c4-447a-8a8a-2d0023f3cbee,2011-09-23,14:30:00,EDSA Camp A guinaldo  Quezon City,0,0,0,0,0,0,0,0,0,0,2011-09-23 22:30,Property,14.63727823,121.0421362,No Collision Stated
None,EDSA,None,None,"Unknown, Side Swipe, 0.0 drivers_injured, 0.0 drivers_killed, 0.0 passengers_injured, 0.0 passengers_killed, 0.0 pedestrian_injured, 0.0 pedestrian_killed, Fair (Night), EDSA fronting Trinoma Mall Quezon City",MMDA Road Safety Unit,,708a4087-8c44-4022-bf0c-bde00c808036,2011-09-23,12:30:00,"EDSA at ""U""turn slot / Aurora Blvd. Quezon City",0,0,0,0,0,0,0,0,0,0,2011-09-23 20:30,Property,14.65249719,121.0322415,Side Swipe
None,EDSA,None,None,"Unknown, Rear-end, 0.0 drivers_injured, 0.0 drivers_killed, 0.0 passengers_injured, 0.0 passengers_killed, 0.0 pedestrian_injured, 0.0 pedestrian_killed, Fair (Night), EDSA fronting QW- Mart Market Quezon City",MMDA Road Safety Unit,,f1241853-8b7a-4108-9555-ed5149bb7c4d,2011-09-22,15:50:00,EDSA fronting Trinoma Mall Quezon City,0,0,0,0,0,0,0,0,0,0,2011-09-22 23:50,Property,14.6571804,120.9927185,Rear-End
None,EDSA,None,None,"Unknown, Side Swipe, 0.0 drivers_injured, 0.0 drivers_killed, 0.0 passengers_injured, 0.0 passengers_killed, 0.0 pedestrian_injured, 0.0 pedestrian_killed, Fair (Day), EDSA White Plains Avenue Quezon City",MMDA Road Safety Unit,,b3e2d929-bc10-473a-9507-b15533f443aa,2011-09-21,09:00:00,EDSA fronting Makro Supermart Quezon City,0,0,0,0,0,0,0,0,0,0,2011-09-21 17:00,Property,14.59961782,121.0596522,Side Swipe
None,EDSA,None,None,"Unknown, Rear-end, 0.0 drivers_injured, 0.0 drivers_killed, 0.0 passengers_injured, 0.0 passengers_killed, 0.0 pedestrian_injured, 0.0 pedestrian_killed, Fair (Day), EDSA New York St. Brgy. E. Rodriguez Quezon City",MMDA Road Safety Unit,,9a2dfc85-f957-4656-b12d-88334b60cbc5,2011-09-21,05:00:00,EDSA fronting MACRO Quezon City,0,0,0,0,0,0,0,0,0,0,2011-09-21 13:00,Property,14.62568514,121.0482307,Rear-End
None,EDSA,None,None,"Unknown, Side Swipe, 0.0 drivers_injured, 0.0 drivers_killed, 0.0 passengers_injured, 0.0 passengers_killed, 0.0 pedestrian_injured, 0.0 pedestrian_killed, Fair (Night), EDSA Col. Bonny Serrano Ave. (Santolan Road) Quezon City",MMDA Road Safety Unit,,5e3ac6ba-f318-4112-b3d6-2ac2e0de3db5,2011-09-19,11:00:00,EDSA Ortigas Avenue Intersection Quezon City,0,0,0,0,0,0,0,0,0,0,2011-09-19 19:00,Property,14.61107337,121.0550705,Side Swipe
None,EDSA,None,None,"Unknown, Side Swipe, 0.0 drivers_injured, 0.0 drivers_killed, 0.0 passengers_injured, 0.0 passengers_killed, 0.0 pedestrian_injured, 0.0 pedestrian_killed, Fair (Night), EDSA Ermin Garcia St. Brgy. E. Rodriguez Quezon City",MMDA Road Safety Unit,,516891bd-7d76-4fb0-abcb-a8ca87f3702f,2011-09-13,21:30:00,EDSA Aurora Blvd Quezon City,0,0,0,0,0,0,0,0,0,0,2011-09-14 5:30,Property,14.62758814,121.047487,Side Swipe
None,EDSA,None,None,"Unknown, Side Swipe, 0.0 drivers_injured, 0.0 drivers_killed, 0.0 passengers_injured, 0.0 passengers_killed, 0.0 pedestrian_injured, 0.0 pedestrian_killed, Fair (Day), EDSA fronting Superlines Bus Terminal Quezon City",MMDA Road Safety Unit,,2ffa9447-1ee0-4955-bcc9-000f0842c045,2011-09-10,09:15:00,EDSA Panay Avenue / Mc Donald Quezon City,0,0,0,0,0,0,0,0,0,0,2011-09-10 17:15,Property,14.624946,121.0484779,Side Swipe
None,EDSA,None,None,"Unknown, Hit and Run (No Collision Stated), 1.0 drivers_injured, 0.0 drivers_killed, 0.0 passengers_injured, 0.0 passengers_killed, 0.0 pedestrian_injured, 0.0 pedestrian_killed, Fair (Day), EDSA Royal brgy. A. Samson Quezon City",MMDA Road Safety Unit,,0347f1aa-1039-4b06-9bcf-3c7350b8c6cf,2011-09-08,00:00:00,EDSA Balintawak Market Quezon City,0,0,0,1,0,0,0,0,0,1,2011-09-08 8:00,Injury,14.65767141,121.0107008,No Collision Stated
None,EDSA,None,None,"Unknown, Hit and Run (No Collision Stated), 0.0 drivers_injured, 0.0 drivers_killed, 0.0 passengers_injured, 0.0 passengers_killed, 0.0 pedestrian_injured, 0.0 pedestrian_killed, Fair (Night), EDSA Arayat Avenue Quezon City",MMDA Road Safety Unit,,65cb9f31-43a7-4255-b7e2-b0008810d235,2011-08-27,17:30:00,"EDSA at ""U""turn slot near GMA &  Quezon City",0,0,0,0,0,0,0,0,0,0,2011-08-28 1:30,Property,14.61961124,121.0508602,No Collision Stated
None,EDSA,None,None,"Unknown, Side Swipe, 0.0 drivers_injured, 0.0 drivers_killed, 0.0 passengers_injured, 0.0 passengers_killed, 0.0 pedestrian_injured, 0.0 pedestrian_killed, Fair (Day), EDSA Trinoma UTS Quezon City",MMDA Road Safety Unit,,a501f880-c374-4013-82ec-50a057e65873,2011-08-23,22:45:00,EDSA Kamuning Road Quezon City,0,0,0,0,0,0,0,0,0,0,2011-08-24 6:45,Property,14.65356597,121.0313945,Side Swipe
None,EDSA,None,None,"Unknown, Hit and Run (No Collision Stated), 0.0 drivers_injured, 0.0 drivers_killed, 1.0 passengers_injured, 0.0 passengers_killed, 0.0 pedestrian_injured, 0.0 pedestrian_killed, Fair (Day), EDSA Kamuning Road Quezon City",MMDA Road Safety Unit,,5cde918b-3c16-43b2-8dd5-06e7fac7c48a,2011-08-18,07:00:00,EDSA Aurora Blvd. Quezon City,0,0,0,0,1,0,0,0,0,1,2011-08-18 15:00,Injury,14.63075725,121.0457548,No Collision Stated
None,EDSA,None,None,"Unknown, Other (Multiple), 0.0 drivers_injured, 0.0 drivers_killed, 0.0 passengers_injured, 0.0 passengers_killed, 0.0 pedestrian_injured, 0.0 pedestrian_killed, Fair (Day), EDSA fronting Gate 3 Camp Aguinaldo, Brgy. Socorro Quezon City",MMDA Road Safety Unit,,203a39a9-e95b-4d0d-a25c-551a3b82186c,2011-08-16,23:20:00,EDSA Banahaw St. Quezon City,0,0,0,0,0,0,0,0,0,0,2011-08-17 7:20,Property,14.60475566,121.0580111,Multiple
None,EDSA,None,None,"Unknown, Side Swipe, 0.0 drivers_injured, 0.0 drivers_killed, 0.0 passengers_injured, 0.0 passengers_killed, 0.0 pedestrian_injured, 0.0 pedestrian_killed, Fair (Day), EDSA fronting Five Star Bus Terminal Brgy. E. Rodriguez, Cubao Quezon City",MMDA Road Safety Unit,,e617dfe1-9e5a-4e16-ba51-d92fa66a1a2b,2011-08-15,09:20:00,EDSA White Plains Avenue Quezon City,0,0,0,0,0,0,0,0,0,0,2011-08-15 17:20,Property,14.62380284,121.0492837,Side Swipe
None,EDSA,None,None,"Unknown, Hit and Run (No Collision Stated), 0.0 drivers_injured, 0.0 drivers_killed, 0.0 passengers_injured, 0.0 passengers_killed, 0.0 pedestrian_injured, 0.0 pedestrian_killed, Fair (Night), EDSA near New York St. / Dagupan Bus Terminal Quezon City",MMDA Road Safety Unit,,60555270-0d63-4b44-af48-4521f91cf4df,2011-08-11,15:30:00,EDSA Kamuning Road Quezon City,0,0,0,0,0,0,0,0,0,0,2011-08-11 23:30,Property,14.62520413,121.0486094,No Collision Stated
None,EDSA,None,None,"Unknown, Side Swipe, 0.0 drivers_injured, 0.0 drivers_killed, 0.0 passengers_injured, 0.0 passengers_killed, 0.0 pedestrian_injured, 0.0 pedestrian_killed, Fair (Night), EDSA Robinson Galleria Exit Quezon City",MMDA Road Safety Unit,,0850ec25-7d88-4693-9d03-f20865a0d448,2011-08-11,11:35:00,EDSA after White Plains Avenue Quezon City,0,0,0,0,0,0,0,0,0,0,2011-08-11 19:35,Property,14.59226131,121.0583025,Side Swipe
None,EDSA,None,None,"Unknown, Rear-end, 0.0 drivers_injured, 0.0 drivers_killed, 0.0 passengers_injured, 0.0 passengers_killed, 0.0 pedestrian_injured, 0.0 pedestrian_killed, Fair (Night), EDSA Aurora Blvd. Quezon City",MMDA Road Safety Unit,,3c98cf98-9fce-4c35-b8a8-58a3d276117d,2011-08-09,13:00:00,"EDSA at ""U""turn slot near B. Serrano Avenue Quezon City",0,0,0,0,0,0,0,0,0,0,2011-08-09 21:00,Property,14.62163653,121.0501573,Rear-End
None,EDSA,None,None,"Unknown, Side Swipe, 0.0 drivers_injured, 0.0 drivers_killed, 0.0 passengers_injured, 0.0 passengers_killed, 0.0 pedestrian_injured, 0.0 pedestrian_killed, Fair (Day), EDSA Gen. Roxas. Brgy. Socorro Quezon City",MMDA Road Safety Unit,,697514cf-4226-4c13-ae9c-0a404c2d2512,2011-08-09,00:20:00,EDSA fronting Toyota North Edsa Quezon City,0,0,0,0,0,0,0,0,0,0,2011-08-09 8:20,Property,14.62042254,121.0508064,Side Swipe
None,EDSA,None,None,"Unknown, Self-Accident, 0.0 drivers_injured, 0.0 drivers_killed, 0.0 passengers_injured, 0.0 passengers_killed, 0.0 pedestrian_injured, 0.0 pedestrian_killed, Fair (Night), EDSA Trinoma Loading Bay Quezon City",MMDA Road Safety Unit,,d13e94c2-ade3-4297-92bb-efb8baef0d82,2011-08-05,20:15:00,EDSA Aurora Blvd. Quezon City,0,0,0,0,0,0,0,0,0,0,2011-08-06 4:15,Property,14.65242607,121.0323133,Self-Accident
None,EDSA,None,None,"Unknown, Self-Accident, 0.0 drivers_injured, 0.0 drivers_killed, 0.0 passengers_injured, 0.0 passengers_killed, 0.0 pedestrian_injured, 0.0 pedestrian_killed, Fair (Night), EDSA Quezon Ave. Quezon City",MMDA Road Safety Unit,,5682ca78-8697-4e89-821d-7c0e8d42ef23,2011-08-05,11:45:00,EDSA Quezon Avenue Quezon City,0,0,0,0,0,0,0,0,0,0,2011-08-05 19:45,Property,14.6442444,121.0375839,Self-Accident
None,EDSA,None,None,"Unknown, Rear-end, 0.0 drivers_injured, 0.0 drivers_killed, 1.0 passengers_injured, 0.0 passengers_killed, 0.0 pedestrian_injured, 0.0 pedestrian_killed, Fair (Day), EDSA Col. Bonny Serrano Ave. (Santolan Road) Quezon City",MMDA Road Safety Unit,,ba9d45cf-3596-4f75-bbae-50f6f00ac3e9,2011-08-05,06:45:00,EDSA B. Serrano Avenue Quezon City,0,0,0,0,1,0,0,0,0,1,2011-08-05 14:45,Injury,14.61107337,121.0550705,Rear-End
None,EDSA,None,None,"Unknown, Rear-end, 0.0 drivers_injured, 0.0 drivers_killed, 0.0 passengers_injured, 0.0 passengers_killed, 0.0 pedestrian_injured, 0.0 pedestrian_killed, Fair (Night), EDSA near Quezon Avenue  Quezon City",MMDA Road Safety Unit,,6a99cfcb-d14c-40c2-a104-1e1f4300f4cb,2011-08-04,18:00:00,EDSA Bansalangin St. Quezon City,0,0,0,0,0,0,0,0,0,0,2011-08-05 2:00,Property,14.64405435,121.0375943,Rear-End
None,EDSA,None,None,"Unknown, Side Swipe, 0.0 drivers_injured, 0.0 drivers_killed, 0.0 passengers_injured, 0.0 passengers_killed, 0.0 pedestrian_injured, 0.0 pedestrian_killed, Fair (Night), EDSA fronting Expo , Cubao Quezon City",MMDA Road Safety Unit,,41c3ce9b-62cf-4849-9a49-d5c520425310,2011-08-03,12:30:00,EDSA fronting Wilcon Builder's Depot Quezon City,0,0,0,0,0,0,0,0,0,0,2011-08-03 20:30,Property,14.61735475,121.0522233,Side Swipe
None,EDSA,None,None,"Unknown, Side Swipe, 0.0 drivers_injured, 0.0 drivers_killed, 0.0 passengers_injured, 0.0 passengers_killed, 0.0 pedestrian_injured, 0.0 pedestrian_killed, Fair (Night), EDSA Kamias Road Quezon City",MMDA Road Safety Unit,,6a517bf5-9914-4416-be90-8f4665ad8723,2011-08-03,11:30:00,EDSA Annapolis St. Quezon City,0,0,0,0,0,0,0,0,0,0,2011-08-03 19:30,Property,14.6309142,121.0459376,Side Swipe
None,EDSA,None,None,"Unknown, Side Swipe, 0.0 drivers_injured, 0.0 drivers_killed, 0.0 passengers_injured, 0.0 passengers_killed, 0.0 pedestrian_injured, 0.0 pedestrian_killed, Fair (Day), EDSA P. Tuazon Blvd. Quezon City",MMDA Road Safety Unit,,90399ea0-8ec8-4815-9f0f-82c045fe6db7,2011-08-03,04:30:00,EDSA Coregidor St. Quezon City,0,0,0,0,0,0,0,0,0,0,2011-08-03 12:30,Property,14.61656342,121.0525225,Side Swipe
None,EDSA,None,None,"Unknown, Side Swipe, 0.0 drivers_injured, 0.0 drivers_killed, 0.0 passengers_injured, 0.0 passengers_killed, 0.0 pedestrian_injured, 0.0 pedestrian_killed, Fair (Day), EDSA White Plains Avenue Quezon City",MMDA Road Safety Unit,,3977e327-b1b3-4350-8340-690341f90e18,2011-08-02,02:40:00,EDSA East Avenue Quezon City,0,0,0,0,0,0,0,0,0,0,2011-08-02 10:40,Property,14.59961782,121.0596522,Side Swipe
None,EDSA,None,None,"Unknown, Other (Backing Collision), 0.0 drivers_injured, 0.0 drivers_killed, 0.0 passengers_injured, 0.0 passengers_killed, 0.0 pedestrian_injured, 0.0 pedestrian_killed, Fair (Day), EDSA East Ave. Quezon City",MMDA Road Safety Unit,,d80b4a79-4ebb-4c71-820a-11ba2c6969b7,2011-08-01,02:50:00,EDSA Timog Avenue Quezon City,0,0,0,0,0,0,0,0,0,0,2011-08-01 10:50,Property,14.6328297,121.0451176,Rear-End
None,EDSA,None,None,"Unknown, Side Swipe, 0.0 drivers_injured, 0.0 drivers_killed, 0.0 passengers_injured, 0.0 passengers_killed, 0.0 pedestrian_injured, 0.0 pedestrian_killed, Fair (Day), EDSA before Main Ave. Quezon City",MMDA Road Safety Unit,,f436e9c1-9df4-473f-906c-22728bc3a836,2011-07-31,22:30:00,EDSA near Kamuning Road / Meralco Office Parking Quezon City,0,0,0,0,0,0,0,0,0,0,2011-08-01 6:30,Property,14.61353129,121.0539169,Side Swipe
None,EDSA,None,None,"Unknown, Hit and Run (No Collision Stated), 0.0 drivers_injured, 0.0 drivers_killed, 0.0 passengers_injured, 0.0 passengers_killed, 0.0 pedestrian_injured, 0.0 pedestrian_killed, Fair (Night), EDSA South Ave. / Timog Ave. Quezon City",MMDA Road Safety Unit,,53ca8721-51a7-4584-bf8f-ff9d50b8fc0e,2011-07-30,11:00:00,EDSA fronting National Printing Office  Quezon City,0,0,0,0,0,0,0,0,0,0,2011-07-30 19:00,Property,14.63257986,121.0449774,No Collision Stated
None,EDSA,None,None,"Unknown, Other (Multiple), 0.0 drivers_injured, 0.0 drivers_killed, 0.0 passengers_injured, 0.0 passengers_killed, 0.0 pedestrian_injured, 0.0 pedestrian_killed, Fair (Night), EDSA fronting Camp Crame Quezon City",MMDA Road Safety Unit,,65873591-4a4a-4dd5-9b9a-98df9244564d,2011-07-26,12:05:00,EDSA bet. Aurora Blvd. & P. Tuazon Blvd.  Quezon City,0,0,0,0,0,0,0,0,0,0,2011-07-26 20:05,Property,14.60925441,121.0557175,Multiple
None,EDSA,None,None,"Unknown, Hit and Run (No Collision Stated), 0.0 drivers_injured, 0.0 drivers_killed, 0.0 passengers_injured, 0.0 passengers_killed, 0.0 pedestrian_injured, 0.0 pedestrian_killed, Fair (Night), EDSA Kamuning Road Quezon City",MMDA Road Safety Unit,,451d94b3-6d84-4086-9163-fcb2c1fb64c8,2011-07-23,19:30:00,EDSA fronting Nepa Q Mart Quezon City,0,0,0,0,0,0,0,0,0,0,2011-07-24 3:30,Property,14.63075725,121.0457548,No Collision Stated
None,EDSA,None,None,"Unknown, Hit Object (No Object Stated), 0.0 drivers_injured, 0.0 drivers_killed, 0.0 passengers_injured, 0.0 passengers_killed, 0.0 pedestrian_injured, 0.0 pedestrian_killed, Fair (Day), EDSA before Monte De Piedad St. (Arizona) Quezon City",MMDA Road Safety Unit,,c47f860a-6c4b-4a59-ad29-c88131403a91,2011-07-12,04:15:00,EDSA fronting Santolan MRT Station Quezon City,0,0,0,0,0,0,0,0,0,0,2011-07-12 12:15,Property,14.62365918,121.0489951,Hit Object
None,EDSA,None,None,"Unknown, Side Swipe, 0.0 drivers_injured, 0.0 drivers_killed, 0.0 passengers_injured, 0.0 passengers_killed, 0.0 pedestrian_injured, 0.0 pedestrian_killed, Fair (Day), EDSA Approaching Aurora Blvd., Cubao Quezon City",MMDA Road Safety Unit,,29d2be11-3e8b-4d91-8974-d9604cbc032a,2011-07-10,06:30:00,EDSA fronting Farmers Plaza Cubao Quezon City,0,0,0,0,0,0,0,0,0,0,2011-07-10 14:30,Property,14.62165962,121.0500588,Side Swipe
None,EDSA,None,None,"Unknown, Rear-end, 0.0 drivers_injured, 0.0 drivers_killed, 0.0 passengers_injured, 0.0 passengers_killed, 0.0 pedestrian_injured, 0.0 pedestrian_killed, Fair (Day), EDSA After MRT Station Santolan Quezon City",MMDA Road Safety Unit,,059bfbce-a008-46af-8d93-23384f2b3e80,2011-07-10,05:15:00,EDSA fronting Q Mart Market Quezon City,0,0,0,0,0,0,0,0,0,0,2011-07-10 13:15,Property,14.60779693,121.0564179,Rear-End
None,EDSA,None,None,"Unknown, Rear-end, 0.0 drivers_injured, 0.0 drivers_killed, 0.0 passengers_injured, 0.0 passengers_killed, 0.0 pedestrian_injured, 0.0 pedestrian_killed, Fair (Night), EDSA fronting Camp Aguinaldo Quezon City",MMDA Road Safety Unit,,0ba99cdd-ad2d-4e04-bc2a-63b515abb284,2011-07-08,15:00:00,EDSA Kaingin road    Quezon City,0,0,0,0,0,0,0,0,0,0,2011-07-08 23:00,Property,14.6074566,121.0567511,Rear-End
None,EDSA,None,None,"Unknown, Rear-end, 0.0 drivers_injured, 0.0 drivers_killed, 0.0 passengers_injured, 0.0 passengers_killed, 0.0 pedestrian_injured, 0.0 pedestrian_killed, Fair (Day), EDSA fronting Camp Aguinaldo Loading Bay Quezon City",MMDA Road Safety Unit,,e266b040-bda2-4118-9a9f-d0b16a29d8aa,2011-07-06,23:15:00,EDSA fronting Baliwag Bus Terminal Quezon City,0,0,0,0,0,0,0,0,0,0,2011-07-07 7:15,Property,14.60765694,121.0566904,Rear-End
None,EDSA,None,None,"Unknown, Rear-end, 0.0 drivers_injured, 0.0 drivers_killed, 0.0 passengers_injured, 0.0 passengers_killed, 0.0 pedestrian_injured, 0.0 pedestrian_killed, Fair (Night), EDSA near Gen. Mc Arthur Avenue, Cubao Quezon City",MMDA Road Safety Unit,,10f271eb-e35f-4bd2-9ab3-2a3c6836bfef,2011-06-28,12:30:00,EDSA fronting DPWH Bldg. Quezon City,0,0,0,0,0,0,0,0,0,0,2011-06-28 20:30,Property,14.61816623,121.0517619,Rear-End
None,EDSA,None,None,"Unknown, Side Swipe, 0.0 drivers_injured, 0.0 drivers_killed, 0.0 passengers_injured, 0.0 passengers_killed, 0.0 pedestrian_injured, 0.0 pedestrian_killed, Fair (Day), EDSA Liberty Avenue Extn. Approaching B. Serrano Quezon City",MMDA Road Safety Unit,,c37fc12c-db4e-4341-a665-0360c3dcf6d4,2011-06-26,23:55:00,EDSA fronting Five Star Bus Terminal Cubao Quezon City,0,0,0,0,0,0,0,0,0,0,2011-06-27 7:55,Property,14.61201463,121.0547211,Side Swipe
None,EDSA,None,None,"Unknown, Other (Multiple), 0.0 drivers_injured, 0.0 drivers_killed, 0.0 passengers_injured, 0.0 passengers_killed, 0.0 pedestrian_injured, 0.0 pedestrian_killed, Fair (Day), EDSA fronting Nepa Q mart Brgy, E. Rodriguez Quezon City",MMDA Road Safety Unit,,e1640100-b86f-41b5-9504-738b6d63f0df,2011-06-26,06:45:00,EDSA GMA Network Center  Quezon City,0,0,0,0,0,0,0,0,0,0,2011-06-26 14:45,Property,14.6280917,121.0472321,Multiple
None,EDSA,None,None,"Unknown, Hit and Run (Rear-end), 0.0 drivers_injured, 0.0 drivers_killed, 0.0 passengers_injured, 0.0 passengers_killed, 0.0 pedestrian_injured, 0.0 pedestrian_killed, Rain (Day), EDSA Aurora Blvd. Quezon City",MMDA Road Safety Unit,,8e06a7c0-cba6-4ff5-b45c-ad04b0988cb2,2011-06-24,02:15:00,EDSA fronting DILG Bldg. Quezon City,0,0,0,0,0,0,0,0,0,0,2011-06-24 10:15,Property,14.62163653,121.0501573,Rear-End
None,EDSA,None,None,"Unknown, Hit and Run (No Collision Stated), 0.0 drivers_injured, 0.0 drivers_killed, 0.0 passengers_injured, 0.0 passengers_killed, 0.0 pedestrian_injured, 0.0 pedestrian_killed, Fair (Night), EDSA near Main Ave. Quezon City",MMDA Road Safety Unit,,d2756df9-050d-4943-b3eb-1e24c258aaf2,2011-06-23,14:15:00,EDSA fronting Trinoma Mall Quezon City,0,0,0,0,0,0,0,0,0,0,2011-06-23 22:15,Property,14.61644337,121.0524621,No Collision Stated
None,EDSA,None,None,"Unknown, Side Swipe, 0.0 drivers_injured, 0.0 drivers_killed, 0.0 passengers_injured, 0.0 passengers_killed, 0.0 pedestrian_injured, 0.0 pedestrian_killed, Rain (Night), EDSA fronting Hypermart after Main Avenue Quezon City",MMDA Road Safety Unit,,edf343d6-0817-4cd8-90f8-0f123c64410f,2011-06-22,16:00:00,EDSA Ermin Garcia St.  Quezon City,0,0,0,0,0,0,0,0,0,0,2011-06-23,Property,14.6140463,121.0537429,Side Swipe
None,EDSA,None,None,"Unknown, Rear-end, 0.0 drivers_injured, 0.0 drivers_killed, 0.0 passengers_injured, 0.0 passengers_killed, 0.0 pedestrian_injured, 0.0 pedestrian_killed, Rain (Night), EDSA bet Whiteplains Ave. & Camp Aguinaldo gate 4 Quezon City",MMDA Road Safety Unit,,63922c35-7f38-44a5-bd38-da0c55e7974e,2011-06-22,13:05:00,EDSA fronting JAC Liner Terminal Quezon City,0,0,0,0,0,0,0,0,0,0,2011-06-22 21:05,Property,14.60228161,121.0590985,Rear-End
None,EDSA,None,None,"Unknown, Hit and Run (No Collision Stated), 0.0 drivers_injured, 0.0 drivers_killed, 0.0 passengers_injured, 0.0 passengers_killed, 0.0 pedestrian_injured, 0.0 pedestrian_killed, Fair (Night), EDSA Gen. Roxas Avenue, Cubao Quezon City",MMDA Road Safety Unit,,b9303557-25b4-405e-985b-779aa64fd5de,2011-06-20,17:25:00,EDSA fronting Cloverleaf Market Quezon City,0,0,0,0,0,0,0,0,0,0,2011-06-21 1:25,Property,14.62042254,121.0508064,No Collision Stated
None,EDSA,None,None,"Unknown, Self-Accident, 0.0 drivers_injured, 0.0 drivers_killed, 0.0 passengers_injured, 0.0 passengers_killed, 0.0 pedestrian_injured, 0.0 pedestrian_killed, Fair (Night), EDSA fronting SM North Quezon City",MMDA Road Safety Unit,,8b28ac83-ba93-473b-a32a-934dc32534f3,2011-06-20,17:00:00,EDSA fronting Paramount Blkdg. Quezon City,0,0,0,0,0,0,0,0,0,0,2011-06-21 1:00,Property,14.65591384,121.0291263,Self-Accident
None,EDSA,None,None,"Unknown, Rear-end, 0.0 drivers_injured, 0.0 drivers_killed, 0.0 passengers_injured, 0.0 passengers_killed, 0.0 pedestrian_injured, 0.0 pedestrian_killed, Fair (Day), EDSA fronting Camp Aguinaldo near B. Serrano Avenue Quezon City",MMDA Road Safety Unit,,37cb4fe2-9164-476a-ba1c-8341db7c8159,2011-06-20,08:00:00,"EDSA at ""U""turn slot Quezon Avenue Quezon City",0,0,0,0,0,0,0,0,0,0,2011-06-20 16:00,Property,14.61049394,121.0554046,Rear-End