LOCATION_TEXT,ROAD,WEATHER,LIGHT,DESC,REPORTING_AGENCY,MAIN_CAUSE,INCIDENTDETAILS_ID,DATE_UTC,TIME_UTC,ADDRESS,killed_driver,killed_passenger,killed_pedestrian,injured_driver,injured_passenger,injured_pedestrian,killed_uncategorized,injured_uncategorized,killed_total,injured_total,DATETIME_PST,SEVERITY,Y,X,COLLISION_TYPE
None,EDSA,None,None,"Unknown, Side Swipe, 0.0 drivers_injured, 0.0 drivers_killed, 0.0 passengers_injured, 0.0 passengers_killed, 0.0 pedestrian_injured, 0.0 pedestrian_killed, Fair (Day), EDSA bet. East & Nia Site Quezon City",MMDA Road Safety Unit,,c3670a87-adb7-442b-aa20-50a6e2024e61,2011-06-20,03:30:00,"EDSA North Ave., Bgy. Bagong Pag-asa Quezon City",0,0,0,0,0,0,0,0,0,0,2011-06-20 11:30,Property,14.63552552,121.0432618,Side Swipe
None,EDSA,None,None,"Unknown, Rear-end, 0.0 drivers_injured, 0.0 drivers_killed, 0.0 passengers_injured, 0.0 passengers_killed, 0.0 pedestrian_injured, 0.0 pedestrian_killed, Fair (Night), EDSA fronting Baliwag Bus Term. Cubao Quezon City",MMDA Road Safety Unit,,197431df-4d94-43bf-b56d-f52f7194157e,2011-06-18,13:15:00,EDSA GMA MRT Station Quezon City,0,0,0,0,0,0,0,0,0,0,2011-06-18 21:15,Property,14.62497658,121.0487035,Rear-End
None,EDSA,None,None,"Unknown, Side Swipe, 0.0 drivers_injured, 0.0 drivers_killed, 0.0 passengers_injured, 0.0 passengers_killed, 0.0 pedestrian_injured, 0.0 pedestrian_killed, Fair (Day), EDSA New York St. Quezon City",MMDA Road Safety Unit,,ba252d63-d4c1-4442-8c1e-a0359a4ede7a,2011-06-18,02:00:00,EDSA Congressional Ave. Quezon City,0,0,0,0,0,0,0,0,0,0,2011-06-18 10:00,Property,14.62568514,121.0482307,Side Swipe
None,EDSA,None,None,"Unknown, Rear-end, 0.0 drivers_injured, 0.0 drivers_killed, 0.0 passengers_injured, 0.0 passengers_killed, 0.0 pedestrian_injured, 0.0 pedestrian_killed, Fair (Day), EDSA Gen. Mc Arthur St. Araneta Center Quezon City",MMDA Road Safety Unit,,d4b77540-3207-42f9-9fd9-35bc67807686,2011-06-17,23:30:00,EDSA fronting Farmers Cubao Quezon City,0,0,0,0,0,0,0,0,0,0,2011-06-18 7:30,Property,14.61805145,121.0517604,Rear-End
None,EDSA,None,None,"Unknown, Hit and Run (No Collision Stated), 0.0 drivers_injured, 0.0 drivers_killed, 0.0 passengers_injured, 0.0 passengers_killed, 0.0 pedestrian_injured, 0.0 pedestrian_killed, Fair (Night), EDSA Bet. Ermin Garcia St. & kamias Road Quezon City",MMDA Road Safety Unit,,0a1effa8-9a33-4ce1-bf92-be22bed12db5,2011-06-17,15:45:00,EDSA Approaching Ortigas Avenue Quezon City,0,0,0,0,0,0,0,0,0,0,2011-06-17 23:45,Property,14.62949629,121.0465026,No Collision Stated
None,EDSA,None,None,"Unknown, Rear-end, 0.0 drivers_injured, 0.0 drivers_killed, 0.0 passengers_injured, 0.0 passengers_killed, 0.0 pedestrian_injured, 0.0 pedestrian_killed, Fair (Night), EDSA Main Ave. Quezon City",MMDA Road Safety Unit,,8e8b8261-c6a6-4edf-bcc7-d3bf22e90cbe,2011-06-17,14:00:00,"EDSA fronting Farmers Plaza Loading Bay, Cubao Quezon City",0,0,0,0,0,0,0,0,0,0,2011-06-17 22:00,Property,14.61376458,121.0537933,Rear-End
None,EDSA,None,None,"Unknown, Rear-end, 0.0 drivers_injured, 0.0 drivers_killed, 0.0 passengers_injured, 0.0 passengers_killed, 0.0 pedestrian_injured, 0.0 pedestrian_killed, Fair (Night), EDSA Main Ave. Quezon City",MMDA Road Safety Unit,,7904bb2d-06a9-4969-bd01-9114f3515164,2011-06-17,14:00:00,EDSA Aurora Blvd. Quezon City,0,0,0,0,0,0,0,0,0,0,2011-06-17 22:00,Property,14.61376458,121.0537933,Rear-End
None,EDSA,None,None,"Unknown, Rear-end, 0.0 drivers_injured, 0.0 drivers_killed, 0.0 passengers_injured, 0.0 passengers_killed, 0.0 pedestrian_injured, 0.0 pedestrian_killed, Fair (Night), EDSA fronting Nepa-Q Mart Quezon City",MMDA Road Safety Unit,,83818f57-6560-4840-a33a-3eb926f2e130,2011-06-15,21:45:00,EDSA fronting Victory Liner  bus Terminal Quezon City,0,0,0,0,0,0,0,0,0,0,2011-06-16 5:45,Property,14.6280917,121.0472321,Rear-End
None,EDSA,None,None,"Unknown, Side Swipe, 0.0 drivers_injured, 0.0 drivers_killed, 0.0 passengers_injured, 0.0 passengers_killed, 0.0 pedestrian_injured, 0.0 pedestrian_killed, Fair (Night), EDSA beside Loading Bay fronting Cam Aguinaldo Quezon City",MMDA Road Safety Unit,,0686e4ff-e875-45a2-b246-c1be1198857e,2011-06-08,11:00:00,EDSA fronting DILAG Quezon City,0,0,0,0,0,0,0,0,0,0,2011-06-08 19:00,Property,14.60749677,121.0566943,Side Swipe
None,EDSA,None,None,"Unknown, Hit and Run (No Collision Stated), 0.0 drivers_injured, 0.0 drivers_killed, 1.0 passengers_injured, 0.0 passengers_killed, 0.0 pedestrian_injured, 0.0 pedestrian_killed, Fair (Day), EDSA fronting Victory Liner Inc. Quezon City",MMDA Road Safety Unit,,a2cf2e5e-eee7-4ce8-abf8-77c0ab56ad45,2011-06-08,04:00:00,EDSA bet. Bansalangin & West Avenue Quezon City,0,0,0,0,1,0,0,0,0,1,2011-06-08 12:00,Injury,14.62438651,121.0487652,No Collision Stated
None,EDSA,None,None,"Unknown, Rear-end, 0.0 drivers_injured, 0.0 drivers_killed, 0.0 passengers_injured, 0.0 passengers_killed, 0.0 pedestrian_injured, 0.0 pedestrian_killed, Fair (Night), EDSA Gen. Mc Arthur fronting SSS Bldg. Quezon City",MMDA Road Safety Unit,,6f1eabbe-facf-4c24-8583-6962bb5ed6de,2011-06-07,12:30:00,EDSA fronting Mega Q Mart  Quezon City,0,0,0,0,0,0,0,0,0,0,2011-06-07 20:30,Property,14.61805145,121.0517604,Rear-End
None,EDSA,None,None,"Unknown, Side Swipe, 0.0 drivers_injured, 0.0 drivers_killed, 0.0 passengers_injured, 0.0 passengers_killed, 0.0 pedestrian_injured, 0.0 pedestrian_killed, Fair (Night), EDSA fronting Fil-am Subd. Quezon City",MMDA Road Safety Unit,,cd14a602-6110-4dd2-81fc-22bcb98de164,2011-06-06,14:10:00,EDSA East Avenue Quezon City,0,0,0,0,0,0,0,0,0,0,2011-06-06 22:10,Property,14.65298799,121.0317459,Side Swipe
None,EDSA,None,None,"Unknown, Rear-end, 1.0 drivers_injured, 0.0 drivers_killed, 0.0 passengers_injured, 0.0 passengers_killed, 0.0 pedestrian_injured, 0.0 pedestrian_killed, Fair (Night), EDSA fronting Nepa-Q Mart Quezon City",MMDA Road Safety Unit,,fe81e25d-8410-4134-9be0-43fef7a9bc4b,2011-06-05,18:45:00,EDSA fronting Manila Seedling Bank Quezon City,0,0,0,1,0,0,0,0,0,1,2011-06-06 2:45,Injury,14.6280917,121.0472321,Rear-End
None,EDSA,None,None,"Unknown, Rear-end, 0.0 drivers_injured, 0.0 drivers_killed, 0.0 passengers_injured, 0.0 passengers_killed, 0.0 pedestrian_injured, 0.0 pedestrian_killed, Fair (Night), EDSA Kaingin Road Quezon City",MMDA Road Safety Unit,,d1fe3733-da88-4d30-9a43-1c44f7a7941b,2011-06-04,13:30:00,EDSA P. Tuazon Blvd. Quezon City,0,0,0,0,0,0,0,0,0,0,2011-06-04 21:30,Property,14.65746493,121.0109963,Rear-End
None,EDSA,None,None,"Unknown, Rear-end, 0.0 drivers_injured, 0.0 drivers_killed, 0.0 passengers_injured, 0.0 passengers_killed, 0.0 pedestrian_injured, 0.0 pedestrian_killed, Fair (Night), EDSA fronbting Shell Gas Station / Main Avenue Quezon City",MMDA Road Safety Unit,,7c45dc04-6d15-432a-9304-c5b4c9583e9d,2011-06-04,11:15:00,EDSA fronting Camp Aguinaldo  (NB) Quezon City,0,0,0,0,0,0,0,0,0,0,2011-06-04 19:15,Property,14.61354986,121.0538504,Rear-End
None,EDSA,None,None,"Unknown, Side Swipe, 0.0 drivers_injured, 0.0 drivers_killed, 0.0 passengers_injured, 0.0 passengers_killed, 0.0 pedestrian_injured, 0.0 pedestrian_killed, Fair (Night), EDSA fronting Five Star Bus Co. Terminal  Quezon City",MMDA Road Safety Unit,,02f722ce-dcf6-48c8-a0bb-6b701f9d5ebf,2011-06-04,10:45:00,EDSA after P. Tuazon Blvd. Quezon City,0,0,0,0,0,0,0,0,0,0,2011-06-04 18:45,Property,14.62380284,121.0492837,Side Swipe
None,EDSA,None,None,"Unknown, Other (Hit Veh. + Hit Obj.), 0.0 drivers_injured, 0.0 drivers_killed, 0.0 passengers_injured, 0.0 passengers_killed, 0.0 pedestrian_injured, 0.0 pedestrian_killed, Fair (Day), EDSA East Ave. Quezon City",MMDA Road Safety Unit,,34aa958c-c83e-4bd0-a8f9-201e0a31a23a,2011-06-04,00:30:00,EDSA fronting DILG Bldg. Quezon City,0,0,0,0,0,0,0,0,0,0,2011-06-04 8:30,Property,14.6328297,121.0451176,Hit Object
None,EDSA,None,None,"Unknown, Side Swipe, 0.0 drivers_injured, 0.0 drivers_killed, 0.0 passengers_injured, 0.0 passengers_killed, 0.0 pedestrian_injured, 0.0 pedestrian_killed, Fair (Night), EDSA fornting Q-Mart Market Quezon City",MMDA Road Safety Unit,,4969335b-c4e8-4f76-ac0c-9222c3bea59c,2011-06-03,14:30:00,EDSA Monte De Piedad (Foot Bridge) Quezon City,0,0,0,0,0,0,0,0,0,0,2011-06-03 22:30,Property,14.62789172,121.0473346,Side Swipe
None,EDSA,None,None,"Unknown, Rear-end, 0.0 drivers_injured, 0.0 drivers_killed, 0.0 passengers_injured, 0.0 passengers_killed, 0.0 pedestrian_injured, 0.0 pedestrian_killed, Fair (Day), EDSA Approaching White Plains  Quezon City",MMDA Road Safety Unit,,da529534-6b7e-4fd7-8a64-780a81447b8d,2011-06-03,09:50:00,EDSA fronting Camp Crame  Quezon City,0,0,0,0,0,0,0,0,0,0,2011-06-03 17:50,Property,14.59933483,121.0598388,Rear-End
None,EDSA,None,None,"Unknown, Hit Object (No Object Stated), 0.0 drivers_injured, 0.0 drivers_killed, 0.0 passengers_injured, 0.0 passengers_killed, 0.0 pedestrian_injured, 0.0 pedestrian_killed, Fair (Night), EDSA Banahaw St. Quezon City",MMDA Road Safety Unit,,00b5e842-4aeb-494a-8cab-e8f2582b0e9d,2011-05-31,17:30:00,EDSA fronting Camp Crame  Quezon City,0,0,0,0,0,0,0,0,0,0,2011-06-01 1:30,Property,14.61797303,121.0516572,Hit Object
None,EDSA,None,None,"Unknown, Rear-end, 0.0 drivers_injured, 0.0 drivers_killed, 0.0 passengers_injured, 0.0 passengers_killed, 0.0 pedestrian_injured, 0.0 pedestrian_killed, Fair (Night), EDSA fronting Nepa-Q Mart Quezon City",MMDA Road Safety Unit,,06297dad-be8a-4b91-a24e-3188c94a6c9c,2011-05-28,12:30:00,EDSA fronting Kamuning Police Station Quezon City,0,0,0,0,0,0,0,0,0,0,2011-05-28 20:30,Property,14.6280917,121.0472321,Rear-End
None,EDSA,None,None,"Unknown, Hit and Run (No Collision Stated), 0.0 drivers_injured, 0.0 drivers_killed, 0.0 passengers_injured, 0.0 passengers_killed, 0.0 pedestrian_injured, 0.0 pedestrian_killed, Fair (Night), EDSA fronting Nepa-Q Mart Quezon City",MMDA Road Safety Unit,,c795b90e-0208-42a5-b22c-03941203738a,2011-05-27,21:15:00,"EDSA fronting Total Gas Station, Bgy. Ug Sigaw Quezon City",0,0,0,0,0,0,0,0,0,0,2011-05-28 5:15,Property,14.6280917,121.0472321,No Collision Stated
None,EDSA,None,None,"Unknown, Hit and Run (No Collision Stated), 0.0 drivers_injured, 0.0 drivers_killed, 0.0 passengers_injured, 0.0 passengers_killed, 0.0 pedestrian_injured, 0.0 pedestrian_killed, Fair (Day), EDSA near Quezon Avenue""U""turn slot / 7-11 Store Quezon City",MMDA Road Safety Unit,,dcfeeb96-64f8-4b18-b00e-8445849c27e2,2011-05-27,07:25:00,EDSA East Avenue Quezon City,0,0,0,0,0,0,0,0,0,0,2011-05-27 15:25,Property,14.64405435,121.0375943,No Collision Stated
None,EDSA,None,None,"Unknown, Hit and Run (No Collision Stated), 0.0 drivers_injured, 0.0 drivers_killed, 0.0 passengers_injured, 0.0 passengers_killed, 0.0 pedestrian_injured, 0.0 pedestrian_killed, Fair (Night), EDSA Main Ave. Quezon City",MMDA Road Safety Unit,,6984b0dc-7293-44da-aa1f-32bd4a6a026e,2011-05-25,13:30:00,EDSA fronting Victory Liner Terminal Quezon City,0,0,0,0,0,0,0,0,0,0,2011-05-25 21:30,Property,14.61376458,121.0537933,No Collision Stated
None,EDSA,None,None,"Unknown, Side Swipe, 0.0 drivers_injured, 0.0 drivers_killed, 0.0 passengers_injured, 0.0 passengers_killed, 0.0 pedestrian_injured, 0.0 pedestrian_killed, Fair (Day), EDSA Main Ave. Quezon City",MMDA Road Safety Unit,,91080d11-cec9-4e05-b2ac-f0e548097bf8,2011-05-25,08:10:00,"EDSA Corregidor St., Bgy. Ramon Magsaysay Quezon City",0,0,0,0,0,0,0,0,0,0,2011-05-25 16:10,Property,14.61376458,121.0537933,Side Swipe
None,EDSA,None,None,"Unknown, Side Swipe, 0.0 drivers_injured, 0.0 drivers_killed, 0.0 passengers_injured, 0.0 passengers_killed, 0.0 pedestrian_injured, 0.0 pedestrian_killed, Fair (Night), EDSA P. Tuazon Blvd. Quezon City",MMDA Road Safety Unit,,a67ab02a-c896-43da-a190-8a2e2d827416,2011-05-20,21:10:00,EDSA fronting Camp Aguinaldo  Quezon City,0,0,0,0,0,0,0,0,0,0,2011-05-21 5:10,Property,14.61656342,121.0525225,Side Swipe
None,EDSA,None,None,"Unknown, Side Swipe, 0.0 drivers_injured, 0.0 drivers_killed, 0.0 passengers_injured, 0.0 passengers_killed, 0.0 pedestrian_injured, 0.0 pedestrian_killed, Fair (Night), EDSA West Ave., Bungad Quezon City",MMDA Road Safety Unit,,f00e7782-38bf-48af-8a27-501f43b378fa,2011-05-19,10:30:00,"EDSA fronting Iglesia ni Cristo Church, Bgy. Katipu Quezon City",0,0,0,0,0,0,0,0,0,0,2011-05-19 18:30,Property,14.65548924,121.0298079,Side Swipe
None,EDSA,None,None,"Human Error, Hit Object (Barrier-Concrete), 0.0 drivers_injured, 0.0 drivers_killed, 0.0 passengers_injured, 0.0 passengers_killed, 0.0 pedestrian_injured, 0.0 pedestrian_killed, Fair (Night), EDSA P. Tuazon Blvd. Quezon City",MMDA Road Safety Unit,,923f5ac0-a713-433c-8c69-b1195a2ec0d7,2011-05-18,18:00:00,EDSA fronting Lucena Bus Terminal Quezon City,0,0,0,0,0,0,0,0,0,0,2011-05-19 2:00,Property,14.61643335,121.0522878,Hit Object
None,EDSA,None,None,"Unknown, Rear-end, 0.0 drivers_injured, 0.0 drivers_killed, 0.0 passengers_injured, 0.0 passengers_killed, 0.0 pedestrian_injured, 0.0 pedestrian_killed, Fair (Day), EDSA fronting Camp Aguinaldo before B. Serrano Ave. Quezon City",MMDA Road Safety Unit,,2112105d-7e0a-4ab6-b813-77a7f62b20d7,2011-05-17,02:40:00,EDSA Gate 3 Camp Aguinaldo Quezon City,0,0,0,0,0,0,0,0,0,0,2011-05-17 10:40,Property,14.6074566,121.0567511,Rear-End
None,EDSA,None,None,"Unknown, Side Swipe, 0.0 drivers_injured, 0.0 drivers_killed, 0.0 passengers_injured, 0.0 passengers_killed, 0.0 pedestrian_injured, 0.0 pedestrian_killed, Fair (Night), EDSA Aurora Blvd. Quezon City",MMDA Road Safety Unit,,74ad5379-5c96-4023-9a2f-4a0342a4d73c,2011-05-16,11:00:00,EDSA Cloverleaf Quezon City,0,0,0,0,0,0,0,0,0,0,2011-05-16 19:00,Property,14.62163653,121.0501573,Side Swipe
None,EDSA,None,None,"Unknown, Side Swipe, 0.0 drivers_injured, 0.0 drivers_killed, 0.0 passengers_injured, 0.0 passengers_killed, 0.0 pedestrian_injured, 0.0 pedestrian_killed, Fair (Day), EDSA before Col. B. Serrano Avenue Quezon City",MMDA Road Safety Unit,,6a746f27-f996-480c-abd7-848e0494e233,2011-05-15,09:45:00,EDSA fronting Balintawak market brgy. Balingasa Quezon City,0,0,0,0,0,0,0,0,0,0,2011-05-15 17:45,Property,14.61122634,121.0547769,Side Swipe
None,EDSA,None,None,"Unknown, Hit and Run (No Collision Stated), 0.0 drivers_injured, 0.0 drivers_killed, 0.0 passengers_injured, 0.0 passengers_killed, 0.0 pedestrian_injured, 0.0 pedestrian_killed, Fair (Night), EDSA Main Ave. Quezon City",MMDA Road Safety Unit,,c5aa1430-2816-45cb-b0ee-81854791667f,2011-05-09,20:30:00,EDSA Cloverleaf Intersection balintawak Quezon City,0,0,0,0,0,0,0,0,0,0,2011-05-10 4:30,Property,14.61376458,121.0537933,No Collision Stated
None,EDSA,None,None,"Unknown, Hit Object (Barrier-Concrete), 1.0 drivers_injured, 0.0 drivers_killed, 0.0 passengers_injured, 0.0 passengers_killed, 0.0 pedestrian_injured, 0.0 pedestrian_killed, Fair (Night), EDSA Philam Subd. (NB) Quezon City",MMDA Road Safety Unit,,2f91de90-74ab-448a-9363-38ac75ee07a1,2011-05-09,20:00:00,EDSA Aurora Blvd. Cubao Quezon City,0,0,0,1,0,0,0,0,0,1,2011-05-10 4:00,Injury,14.65280875,121.0317622,Hit Object
None,EDSA,None,None,"Unknown, Hit and Run (No Collision Stated), 0.0 drivers_injured, 0.0 drivers_killed, 0.0 passengers_injured, 0.0 passengers_killed, 0.0 pedestrian_injured, 0.0 pedestrian_killed, Fair (Day), EDSA after Seminary Road Quezon City",MMDA Road Safety Unit,,1adbc184-8365-4d22-b0da-ed6118ac4665,2011-05-09,09:25:00,EDSA main Avenue Quezon City,0,0,0,0,0,0,0,0,0,0,2011-05-09 17:25,Property,14.65774338,121.0172498,No Collision Stated
None,EDSA,None,None,"Unknown, Hit and Run (No Collision Stated), 0.0 drivers_injured, 0.0 drivers_killed, 0.0 passengers_injured, 0.0 passengers_killed, 0.0 pedestrian_injured, 0.0 pedestrian_killed, Fair (Day), EDSA North Ave., Pag-asa Quezon City",MMDA Road Safety Unit,,3161033c-98a5-44a8-ab3f-e240ffbf60c8,2011-05-04,22:30:00,EDSA B. Serrano Avenue Quezon City,0,0,0,0,0,0,0,0,0,0,2011-05-05 6:30,Property,14.65553839,121.0299647,No Collision Stated
None,EDSA,None,None,"Unknown, Hit and Run (No Collision Stated), 0.0 drivers_injured, 0.0 drivers_killed, 0.0 passengers_injured, 0.0 passengers_killed, 0.0 pedestrian_injured, 0.0 pedestrian_killed, Fair (Day), EDSA Oriental Market Service road, brgy. P. S. N Quezon City",MMDA Road Safety Unit,,9d746874-2c08-4f8b-9268-5ed61db15d63,2011-05-04,07:45:00,EDSA East Avenue Quezon City,0,0,0,0,0,0,0,0,0,0,2011-05-04 15:45,Property,14.65737026,121.0035995,No Collision Stated
None,EDSA,None,None,"Unknown, Rear-end, 0.0 drivers_injured, 0.0 drivers_killed, 0.0 passengers_injured, 0.0 passengers_killed, 0.0 pedestrian_injured, 0.0 pedestrian_killed, Fair (Night), EDSA Col. Bonny Serrano Ave. (Santolan Road) Quezon City",MMDA Road Safety Unit,,6bad3e5b-3548-4ea9-8be0-9953edf92c44,2011-05-03,11:25:00,EDSA R. Magsaysay High School Quezon City,0,0,0,0,0,0,0,0,0,0,2011-05-03 19:25,Property,14.61107337,121.0550705,Rear-End
None,EDSA,None,None,"Unknown, Side Swipe, 1.0 drivers_injured, 0.0 drivers_killed, 0.0 passengers_injured, 0.0 passengers_killed, 0.0 pedestrian_injured, 0.0 pedestrian_killed, Fair (Day), EDSA White Plains  Quezon City",MMDA Road Safety Unit,,89cb1d9e-8700-48bc-8bf4-f5a830963d3b,2011-05-01,05:00:00,EDSA Santolan Road Quezon City,0,0,0,1,0,0,0,0,0,1,2011-05-01 13:00,Injury,14.59961782,121.0596522,Side Swipe
None,EDSA,None,None,"Unknown, Side Swipe, 0.0 drivers_injured, 0.0 drivers_killed, 0.0 passengers_injured, 0.0 passengers_killed, 0.0 pedestrian_injured, 0.0 pedestrian_killed, Fair (Day), EDSA Camp Crame after B. Serrano Avenue Quezon City",MMDA Road Safety Unit,,dcb0de8c-7021-4f79-8439-61866d6294cf,2011-04-28,07:30:00,EDSA New York St. Quezon City,0,0,0,0,0,0,0,0,0,0,2011-04-28 15:30,Property,14.60923788,121.0557422,Side Swipe
None,EDSA,None,None,"Unknown, Rear-end, 0.0 drivers_injured, 0.0 drivers_killed, 0.0 passengers_injured, 0.0 passengers_killed, 0.0 pedestrian_injured, 0.0 pedestrian_killed, Fair (Night), EDSA fronting Nepa-Q Mart Quezon City",MMDA Road Safety Unit,,2f0a7abd-e060-49b4-b457-dd00c48d5b8d,2011-04-27,20:55:00,"EDSA at ""U""turn slot near Mapagmahal St. Quezon City",0,0,0,0,0,0,0,0,0,0,2011-04-28 4:55,Property,14.6280917,121.0472321,Rear-End
None,EDSA,None,None,"Unknown, Side Swipe, 0.0 drivers_injured, 0.0 drivers_killed, 0.0 passengers_injured, 0.0 passengers_killed, 0.0 pedestrian_injured, 0.0 pedestrian_killed, Fair (Day), EDSA Kamias Road, Brgy. Pinyahan Quezon City",MMDA Road Safety Unit,,a5278f90-f091-40df-9459-3955c5b61a72,2011-04-27,08:30:00,EDSA fronting Camp Aguinaldo  Quezon City,0,0,0,0,0,0,0,0,0,0,2011-04-27 16:30,Property,14.6309142,121.0459376,Side Swipe
None,EDSA,None,None,"Unknown, Side Swipe, 0.0 drivers_injured, 0.0 drivers_killed, 0.0 passengers_injured, 0.0 passengers_killed, 0.0 pedestrian_injured, 0.0 pedestrian_killed, Fair (Day), EDSA before B. Serrano Avenue Quezon City",MMDA Road Safety Unit,,7bf71301-6db3-41bd-8cfe-9a35e6377c52,2011-04-25,07:30:00,EDSA Congressional Ave. Quezon City,0,0,0,0,0,0,0,0,0,0,2011-04-25 15:30,Property,14.6109978,121.0548968,Side Swipe
None,EDSA,None,None,"Unknown, Hit and Run (No Collision Stated), 0.0 drivers_injured, 0.0 drivers_killed, 0.0 passengers_injured, 0.0 passengers_killed, 0.0 pedestrian_injured, 0.0 pedestrian_killed, Fair (Night), EDSA near Main Ave. Quezon City",MMDA Road Safety Unit,,b1e3569a-857a-4650-a351-2926d1d6e315,2011-04-20,20:30:00,EDSA fronting Farmers Plaza  Quezon City,0,0,0,0,0,0,0,0,0,0,2011-04-21 4:30,Property,14.61644337,121.0524621,No Collision Stated
None,EDSA,None,None,"Unknown, Rear-end, 0.0 drivers_injured, 0.0 drivers_killed, 0.0 passengers_injured, 0.0 passengers_killed, 0.0 pedestrian_injured, 0.0 pedestrian_killed, Fair (Day), EDSA Gate 3 Quezon City",MMDA Road Safety Unit,,bfa35968-76c2-45a5-81b1-6a51862039a5,2011-04-20,04:20:00,EDSA fronting Camp Crame  Quezon City,0,0,0,0,0,0,0,0,0,0,2011-04-20 12:20,Property,14.6047252,121.0579426,Rear-End
None,EDSA,None,None,"Unknown, Hit and Run (No Collision Stated), 0.0 drivers_injured, 0.0 drivers_killed, 0.0 passengers_injured, 0.0 passengers_killed, 0.0 pedestrian_injured, 0.0 pedestrian_killed, Fair (Day), EDSA at ""U""turn slot / Timog Ave. Quezon City",MMDA Road Safety Unit,,18ae7067-7478-4db2-b22f-258f10dfd1c3,2011-04-20,00:10:00,EDSA at Farmers Loading bay Quezon City,0,0,0,0,0,0,0,0,0,0,2011-04-20 8:10,Property,14.63186421,121.0454601,No Collision Stated
None,EDSA,None,None,"Unknown, Hit and Run (No Collision Stated), 0.0 drivers_injured, 0.0 drivers_killed, 0.0 passengers_injured, 0.0 passengers_killed, 0.0 pedestrian_injured, 0.0 pedestrian_killed, Fair (Day), EDSA near Panay Ave. Quezon City",MMDA Road Safety Unit,,410ac8ba-35b7-4d40-84d6-c0b2589e9170,2011-04-09,09:30:00,EDSA Aurora Blvd. Cubao Quezon City,0,0,0,0,0,0,0,0,0,0,2011-04-09 17:30,Property,14.64331724,121.0380797,No Collision Stated
None,EDSA,None,None,"Unknown, Hit and Run (No Collision Stated), 0.0 drivers_injured, 0.0 drivers_killed, 0.0 passengers_injured, 0.0 passengers_killed, 0.0 pedestrian_injured, 0.0 pedestrian_killed, Fair (Day), EDSA fronting zvictory Liner Bus Terminal Quezon City",MMDA Road Safety Unit,,9e1d5ce2-3537-4289-8ad8-a9abfedbaaa9,2011-04-04,01:00:00,"EDSA fronting Cloverleaf Market, Bgy. Balingasa Quezon City",0,0,0,0,0,0,0,0,0,0,2011-04-04 9:00,Property,14.62439943,121.0488805,No Collision Stated
None,EDSA,None,None,"Unknown, Rear-end, 1.0 drivers_injured, 0.0 drivers_killed, 0.0 passengers_injured, 0.0 passengers_killed, 0.0 pedestrian_injured, 0.0 pedestrian_killed, Fair (Night), EDSA fronting National Printing Office Quezon City",MMDA Road Safety Unit,,aaff65a9-d6fa-4dda-840e-7ad767bd25ae,2011-04-01,16:30:00,EDSA Monte De Piedaad Overpass Quezon City,0,0,0,1,0,0,0,0,0,1,2011-04-02 0:30,Injury,14.63881016,121.0411993,Rear-End
None,EDSA,None,None,"Unknown, Side Swipe, 0.0 drivers_injured, 0.0 drivers_killed, 0.0 passengers_injured, 0.0 passengers_killed, 0.0 pedestrian_injured, 0.0 pedestrian_killed, Fair (Night), EDSA Mindanao ext.   Quezon City",MMDA Road Safety Unit,,2343da7b-2324-4ccb-a7db-380bd0f2e68f,2011-04-01,14:40:00,EDSA fronting Hyundai Cars Showroom  Quezon City,0,0,0,0,0,0,0,0,0,0,2011-04-01 22:40,Property,14.65052386,121.0335656,Side Swipe
None,EDSA,None,None,"Unknown, Side Swipe, 0.0 drivers_injured, 0.0 drivers_killed, 0.0 passengers_injured, 0.0 passengers_killed, 0.0 pedestrian_injured, 0.0 pedestrian_killed, Fair (Day), EDSA Main Ave. Quezon City",MMDA Road Safety Unit,,1da09ffe-e040-4afc-a277-3c84e33e6bcc,2011-03-30,08:00:00,EDSA fronting Red Central Autp Supply Quezon City,0,0,0,0,0,0,0,0,0,0,2011-03-30 16:00,Property,14.61376458,121.0537933,Side Swipe
None,EDSA,None,None,"Unknown, Side Swipe, 0.0 drivers_injured, 0.0 drivers_killed, 0.0 passengers_injured, 0.0 passengers_killed, 0.0 pedestrian_injured, 0.0 pedestrian_killed, Fair (Day), EDSA K-10th St. West kamias Quezon City",MMDA Road Safety Unit,,d0d24730-5eb3-47e7-a994-8551ea7d8fe4,2011-03-28,23:30:00,EDSA fronting SM Annex North Edsa Quezon City,0,0,0,0,0,0,0,0,0,0,2011-03-29 7:30,Property,14.62879439,121.046914,Side Swipe
None,EDSA,None,None,"Vehicle Defect, Rear-end, 0.0 drivers_injured, 0.0 drivers_killed, 0.0 passengers_injured, 0.0 passengers_killed, 0.0 pedestrian_injured, 0.0 pedestrian_killed, Fair (Night), EDSA fronting Farmers Market Quezon City",MMDA Road Safety Unit,,472632d6-7a71-4224-ae3a-5aea058fe679,2011-03-26,12:30:00,EDSA Monte De Piedaad Overpass Quezon City,0,0,0,0,0,0,0,0,0,0,2011-03-26 20:30,Property,14.61924195,121.0511606,Rear-End
None,EDSA,None,None,"Unknown, Other (Multiple), 0.0 drivers_injured, 0.0 drivers_killed, 0.0 passengers_injured, 0.0 passengers_killed, 0.0 pedestrian_injured, 0.0 pedestrian_killed, Fair (Day), EDSA fronting Camp Aguinaldo Quezon City",MMDA Road Safety Unit,,4eac4007-52c4-41b2-ba46-dfd2de666ad3,2011-03-25,23:15:00,EDSA fronting Mc Donald / panay Avenue Quezon City,0,0,0,0,0,0,0,0,0,0,2011-03-26 7:15,Property,14.6074566,121.0567511,Multiple