LOCATION_TEXT,ROAD,WEATHER,LIGHT,DESC,REPORTING_AGENCY,MAIN_CAUSE,INCIDENTDETAILS_ID,DATE_UTC,TIME_UTC,ADDRESS,killed_driver,killed_passenger,killed_pedestrian,injured_driver,injured_passenger,injured_pedestrian,killed_uncategorized,injured_uncategorized,killed_total,injured_total,DATETIME_PST,SEVERITY,Y,X,COLLISION_TYPE
None,EDSA,None,None,"Unknown, Side Swipe, 0.0 drivers_injured, 0.0 drivers_killed, 0.0 passengers_injured, 0.0 passengers_killed, 0.0 pedestrian_injured, 0.0 pedestrian_killed, Fair (Night), EDSA fronting Nepa-Q Mart Quezon City",MMDA Road Safety Unit,,4797f792-4602-4a0a-a4a6-281aedd5d228,2011-03-25,13:45:00,EDSA fronting Q Mart Quezon City,0,0,0,0,0,0,0,0,0,0,2011-03-25 21:45,Property,14.6280917,121.0472321,Side Swipe
None,EDSA,None,None,"Unknown, Rear-end, 0.0 drivers_injured, 0.0 drivers_killed, 0.0 passengers_injured, 0.0 passengers_killed, 0.0 pedestrian_injured, 0.0 pedestrian_killed, Fair (Day), EDSA fronting MRT Station / Santolan Quezon City",MMDA Road Safety Unit,,deb08e09-2a49-41b9-8623-dc54cc8d92bf,2011-03-25,06:00:00,EDSA fronting GMA Network Center Quezon City,0,0,0,0,0,0,0,0,0,0,2011-03-25 14:00,Property,14.60786886,121.0564418,Rear-End
None,EDSA,None,None,"Unknown, Hit and Run (No Collision Stated), 0.0 drivers_injured, 0.0 drivers_killed, 0.0 passengers_injured, 0.0 passengers_killed, 0.0 pedestrian_injured, 0.0 pedestrian_killed, Fair (Night), EDSA U-Turn Slot, Quezon Ave. Quezon City",MMDA Road Safety Unit,,0c82a357-7bb1-4be8-8a68-0ad6a0b74c65,2011-03-24,14:20:00,EDSA fronting GMA Network Center Quezon City,0,0,0,0,0,0,0,0,0,0,2011-03-24 22:20,Property,14.6571804,120.9927185,No Collision Stated
None,EDSA,None,None,"Unknown, Side Swipe, 0.0 drivers_injured, 0.0 drivers_killed, 0.0 passengers_injured, 0.0 passengers_killed, 0.0 pedestrian_injured, 0.0 pedestrian_killed, Fair (Day), EDSA East Ave. Quezon City",MMDA Road Safety Unit,,716d0799-4f3c-47cf-8603-362f03c45bc6,2011-03-21,22:00:00,EDSA fronting Manila Seedling bank Quezon City,0,0,0,0,0,0,0,0,0,0,2011-03-22 6:00,Property,14.6328297,121.0451176,Side Swipe
None,EDSA,None,None,"Unknown, Rear-end, 0.0 drivers_injured, 0.0 drivers_killed, 0.0 passengers_injured, 0.0 passengers_killed, 0.0 pedestrian_injured, 0.0 pedestrian_killed, Fair (Night), EDSA Mapagmahal St. Quezon City",MMDA Road Safety Unit,,0cb73da3-2aaf-4e94-add1-24d0fef1a7d4,2011-03-21,19:40:00,EDSA fronting Bernardo Park Quezon City,0,0,0,0,0,0,0,0,0,0,2011-03-22 3:40,Property,14.63185046,121.0455315,Rear-End
None,EDSA,None,None,"Unknown, Side Swipe, 0.0 drivers_injured, 0.0 drivers_killed, 0.0 passengers_injured, 0.0 passengers_killed, 0.0 pedestrian_injured, 0.0 pedestrian_killed, Fair (Day), EDSA Gen. Mc Arthur St. Brgy. Socorro  Quezon City",MMDA Road Safety Unit,,d548cf8a-e32f-4d1f-9a33-fdc76420dd2e,2011-03-20,01:00:00,EDSA fronting POEA Bldg. Quezon City,0,0,0,0,0,0,0,0,0,0,2011-03-20 9:00,Property,14.61805145,121.0517604,Side Swipe
None,EDSA,None,None,"Unknown, Side Swipe, 0.0 drivers_injured, 0.0 drivers_killed, 0.0 passengers_injured, 0.0 passengers_killed, 0.0 pedestrian_injured, 0.0 pedestrian_killed, Fair (Day), EDSA after P. Tuazon Blvd. Quezon City",MMDA Road Safety Unit,,d3486e75-1935-4aa9-816d-452ad5688f08,2011-03-17,01:15:00,EDSA fronting GMA Network Center Quezon City,0,0,0,0,0,0,0,0,0,0,2011-03-17 9:15,Property,14.61646666,121.0523883,Side Swipe
None,EDSA,None,None,"Unknown, Angle Impact, 0.0 drivers_injured, 0.0 drivers_killed, 0.0 passengers_injured, 0.0 passengers_killed, 0.0 pedestrian_injured, 0.0 pedestrian_killed, Fair (Day), EDSA Ortigas Intersection Quezon City",MMDA Road Safety Unit,,d9723f45-26f2-49a5-9f3f-4a6bcab7669b,2011-03-15,06:00:00,EDSA fronting QCPD Station 10 Quezon City,0,0,0,0,0,0,0,0,0,0,2011-03-15 14:00,Property,14.59275486,121.0584221,Angle Impact
None,EDSA,None,None,"Unknown, Side Swipe, 0.0 drivers_injured, 0.0 drivers_killed, 0.0 passengers_injured, 0.0 passengers_killed, 0.0 pedestrian_injured, 0.0 pedestrian_killed, Fair (Night), EDSA P. Tuazon Blvd., Cubao Quezon City",MMDA Road Safety Unit,,f32de10f-6ac9-46f0-9b03-56596a9977a8,2011-03-14,13:15:00,EDSA fronting JAC Liner Bus terminal Quezon City,0,0,0,0,0,0,0,0,0,0,2011-03-14 21:15,Property,14.61656342,121.0525225,Side Swipe
None,EDSA,None,None,"Unknown, Side Swipe, 0.0 drivers_injured, 0.0 drivers_killed, 0.0 passengers_injured, 0.0 passengers_killed, 0.0 pedestrian_injured, 0.0 pedestrian_killed, Fair (Day), EDSA Mapagmahal St.  Quezon City",MMDA Road Safety Unit,,01bca1e2-7bb4-4627-8f3a-83d76f9a170d,2011-03-12,07:05:00,EDSA MRT-Santolan Station Quezon City,0,0,0,0,0,0,0,0,0,0,2011-03-12 15:05,Property,14.63185046,121.0455315,Side Swipe
None,EDSA,None,None,"Unknown, Hit and Run (No Collision Stated), 0.0 drivers_injured, 0.0 drivers_killed, 0.0 passengers_injured, 0.0 passengers_killed, 0.0 pedestrian_injured, 0.0 pedestrian_killed, Fair (Day), EDSA Landmark Quezon City",MMDA Road Safety Unit,,7fc07f07-47b2-41e3-8439-4c442e6279db,2011-03-11,08:30:00,EDSA Timog Ave. Quezon City,0,0,0,0,0,0,0,0,0,0,2011-03-11 16:30,Property,14.6509773,121.0331821,No Collision Stated
None,EDSA,None,None,"Unknown, Side Swipe, 0.0 drivers_injured, 0.0 drivers_killed, 0.0 passengers_injured, 0.0 passengers_killed, 0.0 pedestrian_injured, 0.0 pedestrian_killed, Fair (Day), EDSA U- Turn Slot, Quezon Ave., Pag-asa Quezon City",MMDA Road Safety Unit,,2c1bbc35-34c1-4ca9-af0a-dbd7645e204c,2011-03-11,01:00:00,EDSA fronting Nepa Q Mart  Quezon City,0,0,0,0,0,0,0,0,0,0,2011-03-11 9:00,Property,14.64519108,121.0368622,Side Swipe
None,EDSA,None,None,"Unknown, Hit and Run (No Collision Stated), 0.0 drivers_injured, 0.0 drivers_killed, 0.0 passengers_injured, 0.0 passengers_killed, 0.0 pedestrian_injured, 0.0 pedestrian_killed, Fair (Night), EDSA Whiteplains Avenue Quezon City",MMDA Road Safety Unit,,6a7c0043-a70c-4bef-8a31-b64ba95addb3,2011-03-05,15:10:00,EDSA fronting GMA Network Quezon City,0,0,0,0,0,0,0,0,0,0,2011-03-05 23:10,Property,14.59961782,121.0596522,No Collision Stated
None,EDSA,None,None,"Unknown, Hit and Run (No Collision Stated), 0.0 drivers_injured, 0.0 drivers_killed, 0.0 passengers_injured, 0.0 passengers_killed, 0.0 pedestrian_injured, 0.0 pedestrian_killed, Fair (Night), EDSA fronting Nepa-Q Mart Quezon City",MMDA Road Safety Unit,,91dff316-fd61-4613-aea6-887805f30287,2011-03-05,15:05:00,EDSA fronting Nepa Q Mart  Quezon City,0,0,0,0,0,0,0,0,0,0,2011-03-05 23:05,Property,14.6280917,121.0472321,No Collision Stated
None,EDSA,None,None,"Unknown, Hit and Run (No Collision Stated), 0.0 drivers_injured, 0.0 drivers_killed, 0.0 passengers_injured, 0.0 passengers_killed, 0.0 pedestrian_injured, 0.0 pedestrian_killed, Fair (Day), EDSA Quezon Ave. Quezon City",MMDA Road Safety Unit,,dfd2b981-1e3b-4739-9901-04f32e3e3bc6,2011-03-02,23:45:00,EDSA fronting Jam Transit terminal Quezon City,0,0,0,0,0,0,0,0,0,0,2011-03-03 7:45,Property,14.6442444,121.0375839,No Collision Stated
None,EDSA,None,None,"Unknown, Side Swipe, 0.0 drivers_injured, 0.0 drivers_killed, 0.0 passengers_injured, 0.0 passengers_killed, 0.0 pedestrian_injured, 0.0 pedestrian_killed, Fair (Night), EDSA fronting Baliwag Transit Terminal Quezon City",MMDA Road Safety Unit,,76b3a5e0-dfee-4f9f-acab-7d0ad3a2d862,2011-03-01,14:20:00,EDSA Congressional Ave. Brgy. Sto.Cristo Quezon City,0,0,0,0,0,0,0,0,0,0,2011-03-01 22:20,Property,14.62497658,121.0487035,Side Swipe
None,EDSA,None,None,"Unknown, Hit and Run (No Collision Stated), 0.0 drivers_injured, 0.0 drivers_killed, 0.0 passengers_injured, 0.0 passengers_killed, 0.0 pedestrian_injured, 0.0 pedestrian_killed, Fair (Night), EDSA fronting Caltex gas Stn., brgy. Ug Sigaw Quezon City",MMDA Road Safety Unit,,f7c53d4a-0b6c-4119-a9d3-7a921461eda9,2011-02-28,12:00:00,EDSA fronting Nepa Q Mart  Quezon City,0,0,0,0,0,0,0,0,0,0,2011-02-28 20:00,Property,14.65756849,121.0043002,No Collision Stated
None,EDSA,None,None,"Unknown, Side Swipe, 0.0 drivers_injured, 0.0 drivers_killed, 0.0 passengers_injured, 0.0 passengers_killed, 0.0 pedestrian_injured, 0.0 pedestrian_killed, Fair (Day), EDSA Mapagmahal St. Quezon City",MMDA Road Safety Unit,,f5e7c316-9bf7-4aa2-bd87-5e188e7d8594,2011-02-28,03:40:00,EDSA fronting GMA Network Quezon City,0,0,0,0,0,0,0,0,0,0,2011-02-28 11:40,Property,14.63185046,121.0455315,Side Swipe
None,EDSA,None,None,"Unknown, Other (Multiple), 0.0 drivers_injured, 0.0 drivers_killed, 0.0 passengers_injured, 0.0 passengers_killed, 0.0 pedestrian_injured, 0.0 pedestrian_killed, Fair (Day), EDSA West Ave. Quezon City",MMDA Road Safety Unit,,6e074a90-f4e0-46ec-844e-53131a9483b4,2011-02-27,09:00:00,EDSA Farmers oading Bay  Quezon City,0,0,0,0,0,0,0,0,0,0,2011-02-27 17:00,Property,14.65548924,121.0298079,Multiple
None,EDSA,None,None,"Unknown, Hit and Run (Side Swipe), 0.0 drivers_injured, 0.0 drivers_killed, 0.0 passengers_injured, 0.0 passengers_killed, 0.0 pedestrian_injured, 0.0 pedestrian_killed, Fair (Night), EDSA fronting Baliwag Bus Terminal , Cubao Quezon City",MMDA Road Safety Unit,,3c692ede-08ce-469d-9166-5332c3754776,2011-02-26,21:30:00,EDSA Aurora Blvd. Quezon City,0,0,0,0,0,0,0,0,0,0,2011-02-27 5:30,Property,14.62497658,121.0487035,Side Swipe
None,EDSA,None,None,"Unknown, Side Swipe, 0.0 drivers_injured, 0.0 drivers_killed, 0.0 passengers_injured, 0.0 passengers_killed, 0.0 pedestrian_injured, 0.0 pedestrian_killed, Fair (Day), EDSA NIA Lane, Brgy. Pinyahan Quezon City",MMDA Road Safety Unit,,f726a58a-cdad-49e6-8586-35d9d283070e,2011-02-26,00:00:00,"EDSA North Ave., Bgy. Bagong Pag-asa Quezon City",0,0,0,0,0,0,0,0,0,0,2011-02-26 8:00,Property,14.63727823,121.0421362,Side Swipe
None,EDSA,None,None,"Unknown, Hit Object (No Object Stated), 0.0 drivers_injured, 0.0 drivers_killed, 0.0 passengers_injured, 0.0 passengers_killed, 0.0 pedestrian_injured, 0.0 pedestrian_killed, Fair (Night), EDSA at ""U"" turn slot, under Kamuning / Timog Ave. Quezon City",MMDA Road Safety Unit,,33ec3116-1059-43af-9e80-6f6c5e8280da,2011-02-25,12:00:00,"EDSA West Ave., Bgy. Bungad Quezon City",0,0,0,0,0,0,0,0,0,0,2011-02-25 20:00,Property,14.63195996,121.0453304,Hit Object
None,EDSA,None,None,"Unknown, Other (Backing Collision), 0.0 drivers_injured, 0.0 drivers_killed, 0.0 passengers_injured, 0.0 passengers_killed, 0.0 pedestrian_injured, 0.0 pedestrian_killed, Fair (Night), EDSA Main Ave. Quezon City",MMDA Road Safety Unit,,97cc6d8d-f863-4c94-8c3d-b18c8b70b955,2011-02-25,11:00:00,EDSA Timog Avenue Quezon City,0,0,0,0,0,0,0,0,0,0,2011-02-25 19:00,Property,14.61376458,121.0537933,Rear-End
None,EDSA,None,None,"Unknown, Hit Object (No Object Stated), 0.0 drivers_injured, 0.0 drivers_killed, 0.0 passengers_injured, 0.0 passengers_killed, 0.0 pedestrian_injured, 0.0 pedestrian_killed, Fair (Day), EDSA fronting Bldg. 901 China Huaneng Int'l. Trdg. Quezon City",MMDA Road Safety Unit,,feadf21c-0505-4d28-a584-4fd9a8dd05ac,2011-02-25,02:00:00,EDSA fronting Jam Liner Terminal Quezon City,0,0,0,0,0,0,0,0,0,0,2011-02-25 10:00,Property,14.64904275,121.0342861,Hit Object
None,EDSA,None,None,"Unknown, Hit and Run (No Collision Stated), 0.0 drivers_injured, 0.0 drivers_killed, 0.0 passengers_injured, 0.0 passengers_killed, 0.0 pedestrian_injured, 0.0 pedestrian_killed, Fair (Night), EDSA Congressional Ave. Quezon City",MMDA Road Safety Unit,,b16bb0c8-d03b-45eb-8721-33f6b8347fcd,2011-02-24,11:30:00,"EDSA West Ave., Bgy. Phil-Am Quezon City",0,0,0,0,0,0,0,0,0,0,2011-02-24 19:30,Property,14.6571804,120.9927185,No Collision Stated
None,EDSA,None,None,"Unknown, Hit and Run (No Collision Stated), 0.0 drivers_injured, 0.0 drivers_killed, 0.0 passengers_injured, 0.0 passengers_killed, 0.0 pedestrian_injured, 0.0 pedestrian_killed, Fair (Day), EDSA fronting Balintawak Market Quezon City",MMDA Road Safety Unit,,db44520c-6c7c-421d-9945-77aa216f8874,2011-02-24,07:30:00,EDSA fronting GMA Network Quezon City,0,0,0,0,0,0,0,0,0,0,2011-02-24 15:30,Property,14.65736198,121.00264,No Collision Stated
None,EDSA,None,None,"Unknown, Side Swipe, 0.0 drivers_injured, 0.0 drivers_killed, 0.0 passengers_injured, 0.0 passengers_killed, 0.0 pedestrian_injured, 0.0 pedestrian_killed, Fair (Night), EDSA Ortigas Ave. (WB) Quezon City",MMDA Road Safety Unit,,bd14c035-3407-41b2-9789-15c76a92799b,2011-02-23,21:00:00,EDSA fronting Trinoma Mall  Quezon City,0,0,0,0,0,0,0,0,0,0,2011-02-24 5:00,Property,14.59275486,121.0584221,Side Swipe
None,EDSA,None,None,"Unknown, Hit Parked Vehicle, 0.0 drivers_injured, 0.0 drivers_killed, 0.0 passengers_injured, 0.0 passengers_killed, 0.0 pedestrian_injured, 0.0 pedestrian_killed, Fair (Night), EDSA fronting Victory Liner Inc. Quezon City",MMDA Road Safety Unit,,4288cc0e-2c54-4fa6-84d0-622a790dad83,2011-02-23,11:30:00,EDSA Col. Bonny Serrano Ave. (Santolan Road) Quezon City,0,0,0,0,0,0,0,0,0,0,2011-02-23 19:30,Property,14.62438651,121.0487652,Hit Object
None,EDSA,None,None,"Unknown, Hit Object (Barrier-Concrete), 0.0 drivers_injured, 0.0 drivers_killed, 0.0 passengers_injured, 0.0 passengers_killed, 0.0 pedestrian_injured, 0.0 pedestrian_killed, Fair (Night), EDSA Philam Subdivision (NB) Quezon City",MMDA Road Safety Unit,,6e9935fc-50ae-4d6a-8a15-1fca5a2ea983,2011-02-22,20:00:00,"EDSA Waltermart, Bgy. San Antonio Quezon City",0,0,0,0,0,0,0,0,0,0,2011-02-23 4:00,Property,14.65280875,121.0317622,Hit Object
None,EDSA,None,None,"Unknown, Side Swipe, 0.0 drivers_injured, 0.0 drivers_killed, 0.0 passengers_injured, 0.0 passengers_killed, 0.0 pedestrian_injured, 0.0 pedestrian_killed, Fair (Night), EDSA fronting Lucena Bus Terminal Quezon City",MMDA Road Safety Unit,,9c8a3385-8380-42f5-976f-27309d931f0a,2011-02-21,12:15:00,"EDSA Roosevelt Ave., Bgy. San Antonio Quezon City",0,0,0,0,0,0,0,0,0,0,2011-02-21 20:15,Property,14.63163983,121.0456475,Side Swipe
None,EDSA,None,None,"Unknown, Side Swipe, 0.0 drivers_injured, 0.0 drivers_killed, 0.0 passengers_injured, 0.0 passengers_killed, 0.0 pedestrian_injured, 0.0 pedestrian_killed, Fair (Night), EDSA fronting MRT-Timog Station Quezon City",MMDA Road Safety Unit,,d3e50470-7ccc-4845-acfe-17e67b338e3f,2011-02-21,11:30:00,EDSA fronting DILG Bldg Quezon City,0,0,0,0,0,0,0,0,0,0,2011-02-21 19:30,Property,14.63499974,121.0434334,Side Swipe
None,EDSA,None,None,"Unknown, Side Swipe, 0.0 drivers_injured, 0.0 drivers_killed, 0.0 passengers_injured, 0.0 passengers_killed, 0.0 pedestrian_injured, 0.0 pedestrian_killed, Fair (Day), EDSA fronting Baliwag Transit Terminal Quezon City",MMDA Road Safety Unit,,d429ae0a-abee-4292-9470-4bc4cdf22a9d,2011-02-21,09:45:00,"EDSA at ""U"" turn slot, Quezon Ave. Quezon City",0,0,0,0,0,0,0,0,0,0,2011-02-21 17:45,Property,14.62497658,121.0487035,Side Swipe
None,EDSA,None,None,"Unknown, Hit and Run (No Collision Stated), 0.0 drivers_injured, 0.0 drivers_killed, 0.0 passengers_injured, 0.0 passengers_killed, 0.0 pedestrian_injured, 0.0 pedestrian_killed, Fair (Night), EDSA near Col. Bonny Serrano Ave. (Santolan Road) Quezon City",MMDA Road Safety Unit,,f3dfd2bd-e2b0-49ab-8e7f-ecef9889a460,2011-02-20,17:00:00,EDSA Timog Avenue Quezon City,0,0,0,0,0,0,0,0,0,0,2011-02-21 1:00,Property,14.61103786,121.0551125,No Collision Stated
None,EDSA,None,None,"Unknown, Self-Accident, 0.0 drivers_injured, 0.0 drivers_killed, 0.0 passengers_injured, 0.0 passengers_killed, 0.0 pedestrian_injured, 0.0 pedestrian_killed, Fair (Night), EDSA Congressional Ave., Bahay Toro Quezon City",MMDA Road Safety Unit,,0d4ca936-996e-4d9c-a135-f4213f3f9b9c,2011-02-20,15:25:00,"EDSA Quezon Ave., Bgy. Bagong Pag-asa Quezon City",0,0,0,0,0,0,0,0,0,0,2011-02-20 23:25,Property,14.6571804,120.9927185,Self-Accident
None,EDSA,None,None,"Unknown, Hit Object (Barrier-Concrete), 0.0 drivers_injured, 0.0 drivers_killed, 0.0 passengers_injured, 0.0 passengers_killed, 0.0 pedestrian_injured, 0.0 pedestrian_killed, Fair (Day), EDSA fronting Gate 3 Camp Aguinaldo Quezon City",MMDA Road Safety Unit,,49af37ff-2d34-4725-81ff-82b2eaf70a4d,2011-02-18,04:05:00,"EDSA fronting Waltermart, Roosevelt Ave., Bgy. San Antonio Quezon City",0,0,0,0,0,0,0,0,0,0,2011-02-18 12:05,Property,14.60475566,121.0580111,Hit Object
None,EDSA,None,None,"Unknown, Other (Hit by a Fallen Debri/Object), 0.0 drivers_injured, 0.0 drivers_killed, 0.0 passengers_injured, 0.0 passengers_killed, 0.0 pedestrian_injured, 0.0 pedestrian_killed, Fair (Day), EDSA Bansalangin St., Project 7 Quezon City",MMDA Road Safety Unit,,b69fd0e1-7a8e-49cc-8520-02c65ed8439f,2011-02-18,02:00:00,EDSA Fronting Sony Service Center Balintawak Quezon City,0,0,0,0,0,0,0,0,0,0,2011-02-18 10:00,Property,14.6567996,121.0241845,Hit Object
None,EDSA,None,None,"Unknown, Rear-end, 0.0 drivers_injured, 0.0 drivers_killed, 0.0 passengers_injured, 0.0 passengers_killed, 0.0 pedestrian_injured, 0.0 pedestrian_killed, Fair (Night), EDSA Main Ave. Quezon City",MMDA Road Safety Unit,,3987df34-ed6e-4ba1-b0bf-1e0d0c8d3448,2011-02-17,20:45:00,EDSA Santolan Road Quezon City,0,0,0,0,0,0,0,0,0,0,2011-02-18 4:45,Property,14.61376458,121.0537933,Rear-End
None,EDSA,None,None,"Unknown, Rear-end, 0.0 drivers_injured, 0.0 drivers_killed, 0.0 passengers_injured, 0.0 passengers_killed, 0.0 pedestrian_injured, 0.0 pedestrian_killed, Fair (Night), EDSA Roosevelt Ave., Bgy. San Antonio Quezon City",MMDA Road Safety Unit,,2914db63-51c6-4412-a444-2e1257dc1a18,2011-02-12,12:30:00,EDSA U turn slot of Manila Seedling Quezon City,0,0,0,0,0,0,0,0,0,0,2011-02-12 20:30,Property,14.65762047,121.0196373,Rear-End
None,EDSA,None,None,"Unknown, Side Swipe, 0.0 drivers_injured, 0.0 drivers_killed, 0.0 passengers_injured, 0.0 passengers_killed, 0.0 pedestrian_injured, 0.0 pedestrian_killed, Fair (Night), EDSA fronting Baliwag Transit Terminal Quezon City",MMDA Road Safety Unit,,4fbcd12a-cb1a-49d2-b2c1-d18cdde04034,2011-02-10,15:00:00,"EDSA at ""U""turn slot near Panay Avenue Quezon City",0,0,0,0,0,0,0,0,0,0,2011-02-10 23:00,Property,14.62497658,121.0487035,Side Swipe
None,EDSA,None,None,"Unknown, Side Swipe, 0.0 drivers_injured, 0.0 drivers_killed, 0.0 passengers_injured, 0.0 passengers_killed, 0.0 pedestrian_injured, 0.0 pedestrian_killed, Fair (Day), EDSA after Quezon Ave. Quezon City",MMDA Road Safety Unit,,9a02d477-0d39-48b9-9aef-50eca4238196,2011-02-10,07:30:00,EDSA U turn slot NSO Bldg. Quezon Ave. Quezon City,0,0,0,0,0,0,0,0,0,0,2011-02-10 15:30,Property,14.64373578,121.0378108,Side Swipe
None,EDSA,None,None,"Unknown, Side Swipe, 0.0 drivers_injured, 0.0 drivers_killed, 0.0 passengers_injured, 0.0 passengers_killed, 0.0 pedestrian_injured, 0.0 pedestrian_killed, Fair (Day), EDSA Approaching Ortigas Avenue  Quezon City",MMDA Road Safety Unit,,7a71d752-1268-4b03-bafc-6c567093319e,2011-02-09,05:00:00,EDSA fronting GMA Network Quezon City,0,0,0,0,0,0,0,0,0,0,2011-02-09 13:00,Property,14.59384942,121.0583573,Side Swipe
None,EDSA,None,None,"Unknown, Rear-end, 0.0 drivers_injured, 0.0 drivers_killed, 0.0 passengers_injured, 0.0 passengers_killed, 0.0 pedestrian_injured, 0.0 pedestrian_killed, Fair (Night), EDSA White Plains Ave. Quezon City",MMDA Road Safety Unit,,a591adfc-a9b2-4a10-8f27-dfc0b747028b,2011-02-08,12:00:00,EDSA fronting Nepa Q-Mart Quezon City,0,0,0,0,0,0,0,0,0,0,2011-02-08 20:00,Property,14.59961782,121.0596522,Rear-End
None,EDSA,None,None,"Unknown, Hit and Run (No Collision Stated), 0.0 drivers_injured, 0.0 drivers_killed, 0.0 passengers_injured, 0.0 passengers_killed, 0.0 pedestrian_injured, 0.0 pedestrian_killed, Fair (Day), EDSA beneath MRT-Santolan Station Quezon City",MMDA Road Safety Unit,,18bc4cd2-d8cf-4e4e-8f32-ac2f19066380,2011-02-05,01:30:00,EDSA fronting Farmers Plaza Cubao Quezon City,0,0,0,0,0,0,0,0,0,0,2011-02-05 9:30,Property,14.60760372,121.0564736,No Collision Stated
None,EDSA,None,None,"Unknown, Side Swipe, 0.0 drivers_injured, 0.0 drivers_killed, 0.0 passengers_injured, 0.0 passengers_killed, 0.0 pedestrian_injured, 0.0 pedestrian_killed, Fair (Day), EDSA Congressional Ave. Quezon City",MMDA Road Safety Unit,,c31577d5-0c3c-487c-a9e1-272a73535615,2011-02-02,23:40:00,EDSA Misamis St. Brgy.Pag-Asa Quezon City,0,0,0,0,0,0,0,0,0,0,2011-02-03 7:40,Property,14.6571804,120.9927185,Side Swipe
None,EDSA,None,None,"Unknown, Rear-end, 0.0 drivers_injured, 0.0 drivers_killed, 0.0 passengers_injured, 0.0 passengers_killed, 0.0 pedestrian_injured, 0.0 pedestrian_killed, Fair (Day), EDSA near Col. Bonny Serrano Ave. (Santolan Road) Quezon City",MMDA Road Safety Unit,,c2134654-f7a5-457a-9b61-75d7bec982e4,2011-01-29,08:20:00,"EDSA fronting SOGO Hotel/ near cor. Aurora Blv., Cubao Quezon City",0,0,0,0,0,0,0,0,0,0,2011-01-29 16:20,Property,14.61103786,121.0551125,Rear-End
None,EDSA,None,None,"Unknown, Hit Object (No Object Stated), 0.0 drivers_injured, 0.0 drivers_killed, 0.0 passengers_injured, 0.0 passengers_killed, 0.0 pedestrian_injured, 0.0 pedestrian_killed, Fair (Night), EDSA at ""U"" turn slot, Trinoma Quezon City",MMDA Road Safety Unit,,48ace2a8-0020-438b-9712-7133f4a8a741,2011-01-22,10:50:00,EDSA GMA Network Center Quezon City,0,0,0,0,0,0,0,0,0,0,2011-01-22 18:50,Property,14.65369432,121.0313049,Hit Object
None,EDSA,None,None,"Unknown, Side Swipe, 0.0 drivers_injured, 0.0 drivers_killed, 0.0 passengers_injured, 0.0 passengers_killed, 0.0 pedestrian_injured, 0.0 pedestrian_killed, Fair (Day), EDSA North Avenue, Brgy. North Triangle Quezon City",MMDA Road Safety Unit,,258ef320-1b49-4c6d-b468-d37d51daa93d,2011-01-22,05:00:00,EDSA East Ave. / Timog Ave. Quezon City,0,0,0,0,0,0,0,0,0,0,2011-01-22 13:00,Property,14.65553839,121.0299647,Side Swipe
None,EDSA,None,None,"Vehicle Defect, Hit Object (Post), 1.0 drivers_injured, 0.0 drivers_killed, 0.0 passengers_injured, 0.0 passengers_killed, 0.0 pedestrian_injured, 0.0 pedestrian_killed, Fair (Night), EDSA Kamias Road Quezon City",MMDA Road Safety Unit,,eceb9bd8-d56e-4fcf-a87f-935aaf6cddfb,2011-01-21,17:50:00,EDSA Ermin Garcia St. (Minnesota) Quezon City,0,0,0,1,0,0,0,0,0,1,2011-01-22 1:50,Injury,14.6309142,121.0459376,Hit Object
None,EDSA,None,None,"Human Error, Hit Object (People Power Monument), 0.0 drivers_injured, 0.0 drivers_killed, 0.0 passengers_injured, 0.0 passengers_killed, 0.0 pedestrian_injured, 0.0 pedestrian_killed, Fair (Night), EDSA fronting People Power Monument Quezon City",MMDA Road Safety Unit,,26fdc566-fb7a-40d3-959a-7f918b9f5f31,2011-01-21,17:00:00,EDSA P. Tuazon Avenue Quezon City,0,0,0,0,0,0,0,0,0,0,2011-01-22 1:00,Property,14.59368697,121.0587635,Hit Object
None,EDSA,None,None,"Unknown, Side Swipe, 0.0 drivers_injured, 0.0 drivers_killed, 0.0 passengers_injured, 0.0 passengers_killed, 0.0 pedestrian_injured, 0.0 pedestrian_killed, Fair (Night), EDSA Aurora Blvd. Quezon City",MMDA Road Safety Unit,,ba430f01-395f-4594-87c3-ba26306a6d37,2011-01-18,12:00:00,EDSA fronting Cloverleaf Market Quezon City,0,0,0,0,0,0,0,0,0,0,2011-01-18 20:00,Property,14.62163653,121.0501573,Side Swipe
None,EDSA,None,None,"Unknown, Side Swipe, 1.0 drivers_injured, 0.0 drivers_killed, 3.0 passengers_injured, 0.0 passengers_killed, 0.0 pedestrian_injured, 0.0 pedestrian_killed, Fair (Day), EDSA fronting National Printing Office Quezon City",MMDA Road Safety Unit,,8325f249-d7b0-4fb4-89dd-d9e94aa88e7b,2011-01-17,00:20:00,EDSA fronting Waltermart Quezon City,0,0,0,1,3,0,0,0,0,4,2011-01-17 8:20,Injury,14.63881016,121.0411993,Side Swipe
None,EDSA,None,None,"Vehicle Defect, Hit Object (Fence/Wall-Concrete), 0.0 drivers_injured, 0.0 drivers_killed, 0.0 passengers_injured, 0.0 passengers_killed, 0.0 pedestrian_injured, 0.0 pedestrian_killed, Fair (Night), EDSA Whiteplains Ave. Quezon City",MMDA Road Safety Unit,,fe88d40a-ca07-47a5-abef-40af7a2dc7e6,2011-01-15,12:00:00,EDSA North Ave.Brgy.bagong Pag-asa Quezon City,0,0,0,0,0,0,0,0,0,0,2011-01-15 20:00,Property,14.59961782,121.0596522,Hit Object