LOCATION_TEXT,ROAD,WEATHER,LIGHT,DESC,REPORTING_AGENCY,MAIN_CAUSE,INCIDENTDETAILS_ID,DATE_UTC,TIME_UTC,ADDRESS,killed_driver,killed_passenger,killed_pedestrian,injured_driver,injured_passenger,injured_pedestrian,killed_uncategorized,injured_uncategorized,killed_total,injured_total,DATETIME_PST,SEVERITY,Y,X,COLLISION_TYPE
None,EDSA,None,None,"Unknown, Hit Object (No Object Stated), 0.0 drivers_injured, 0.0 drivers_killed, 0.0 passengers_injured, 0.0 passengers_killed, 0.0 pedestrian_injured, 0.0 pedestrian_killed, Fair (Day), EDSA at ""U"" turn slot, Phil-Am Subdivision Quezon City",MMDA Road Safety Unit,,d69b8096-2e79-476a-b92a-66be6d6f6cc7,2011-01-15,03:00:00,EDSA near North Avenue Quezon City,0,0,0,0,0,0,0,0,0,0,2011-01-15 11:00,Property,14.65003958,121.0336952,Hit Object
None,EDSA,None,None,"Unknown, Hit and Run (No Collision Stated), 0.0 drivers_injured, 0.0 drivers_killed, 1.0 passengers_injured, 0.0 passengers_killed, 0.0 pedestrian_injured, 0.0 pedestrian_killed, Fair (Day), EDSA Oliveros St. Quezon City",MMDA Road Safety Unit,,13a6fe45-73c1-4cdd-ae1b-9d787af2e0bb,2011-01-14,08:00:00,EDSA Balintawak Bridge Quezon City,0,0,0,0,1,0,0,0,0,1,2011-01-14 16:00,Injury,14.65762799,121.0065288,No Collision Stated
None,EDSA,None,None,"Unknown, Side Swipe, 0.0 drivers_injured, 0.0 drivers_killed, 0.0 passengers_injured, 0.0 passengers_killed, 0.0 pedestrian_injured, 0.0 pedestrian_killed, Fair (Day), EDSA Farmers, fronting MRT-Cubao Quezon City",MMDA Road Safety Unit,,2d99d06d-2c92-4aa1-9d69-7df7ccee18dd,2011-01-11,04:15:00,EDSA fronting Nepa Q-Mart Quezon City,0,0,0,0,0,0,0,0,0,0,2011-01-11 12:15,Property,14.61920525,121.0513476,Side Swipe
None,EDSA,None,None,"Unknown, Other (Multiple), 0.0 drivers_injured, 0.0 drivers_killed, 0.0 passengers_injured, 0.0 passengers_killed, 0.0 pedestrian_injured, 0.0 pedestrian_killed, Fair (Day), EDSA Main Ave. Quezon City",MMDA Road Safety Unit,,ff874b39-cb4f-4721-8151-4e1bc7d85a5f,2011-01-07,06:30:00,"EDSA fronting SM Mall, North Avenue Quezon City",0,0,0,0,0,0,0,0,0,0,2011-01-07 14:30,Property,14.61376458,121.0537933,Multiple
None,EDSA,None,None,"Unknown, Rear-end, 0.0 drivers_injured, 0.0 drivers_killed, 0.0 passengers_injured, 0.0 passengers_killed, 0.0 pedestrian_injured, 0.0 pedestrian_killed, Fair (Day), EDSA fronting Department of Public Works and Highways, Bgy. Pinyahan Quezon City",MMDA Road Safety Unit,,162395e3-439f-4355-9bf1-b2443868e7e1,2011-01-07,01:15:00,EDSA fronting David Motors Corp. Quezon City,0,0,0,0,0,0,0,0,0,0,2011-01-07 9:15,Property,14.63490092,121.0437658,Rear-End
None,EDSA,None,None,"Unknown, Side Swipe, 0.0 drivers_injured, 0.0 drivers_killed, 0.0 passengers_injured, 0.0 passengers_killed, 0.0 pedestrian_injured, 0.0 pedestrian_killed, Fair (Day), EDSA fronting Superlines Bus Terminal Quezon City",MMDA Road Safety Unit,,92a422f3-07ad-451a-8206-ee2d06a5fab1,2011-01-03,00:30:00,"EDSA New York St., Cubao Quezon City",0,0,0,0,0,0,0,0,0,0,2011-01-03 8:30,Property,14.624946,121.0484779,Side Swipe
None,EDSA,None,None,"Unknown, Side Swipe, 0.0 drivers_injured, 0.0 drivers_killed, 0.0 passengers_injured, 0.0 passengers_killed, 0.0 pedestrian_injured, 0.0 pedestrian_killed, Fair, EDSA fronting Victory Liner bus Terminal Quezon City",MMDA Road Safety Unit,,397b5c98-c890-49bf-a656-5fc33000b4f6,2010-12-28,06:15:00,EDSA fronting Cloverleaf Market Quezon City,0,0,0,0,0,0,0,0,0,0,2010-12-28 14:15,Property,14.62438651,121.0487652,Side Swipe
None,EDSA,None,None,"Unknown, Side Swipe, 0.0 drivers_injured, 0.0 drivers_killed, 0.0 passengers_injured, 0.0 passengers_killed, 0.0 pedestrian_injured, 0.0 pedestrian_killed, Fair, EDSA P. Tuazon Blvd. Cubao Quezon City",MMDA Road Safety Unit,,427d6255-3ce5-4ade-9df8-49b7e9c30350,2010-12-27,06:00:00,EDSA Timog Ave. Quezon City,0,0,0,0,0,0,0,0,0,0,2010-12-27 14:00,Property,14.61656342,121.0525225,Side Swipe
None,EDSA,None,None,"Unknown, Hit and Run (No Collision Stated), 0.0 drivers_injured, 0.0 drivers_killed, 0.0 passengers_injured, 0.0 passengers_killed, 0.0 pedestrian_injured, 0.0 pedestrian_killed, Fair, EDSA Roosevelt Ave. Quezon City",MMDA Road Safety Unit,,15a02d62-194d-47ce-b254-c716781b00f0,2010-12-26,19:40:00,EDSA fronting Lemon Square Quezon City,0,0,0,0,0,0,0,0,0,0,2010-12-27 3:40,Property,14.65762047,121.0196373,No Collision Stated
None,EDSA,None,None,"Unknown, Rear-end, 0.0 drivers_injured, 0.0 drivers_killed, 0.0 passengers_injured, 0.0 passengers_killed, 0.0 pedestrian_injured, 0.0 pedestrian_killed, Fair, EDSA near New York St. / Baliwag bus Terminal Quezon City",MMDA Road Safety Unit,,dbcb7458-692a-41f7-84a1-beb00d6e91a6,2010-12-14,08:00:00,"EDSA fronting Nepa Q-Mart, Cubao Quezon City",0,0,0,0,0,0,0,0,0,0,2010-12-14 16:00,Property,14.62520413,121.0486094,Rear-End
None,EDSA,None,None,"Unknown, Hit and Run (No Collision Stated), 0.0 drivers_injured, 0.0 drivers_killed, 0.0 passengers_injured, 0.0 passengers_killed, 0.0 pedestrian_injured, 0.0 pedestrian_killed, Fair, EDSA Panay Avenue near Quezon Avenue Quezon City",MMDA Road Safety Unit,,d0844c25-a3de-4f26-b5f2-f463b68b9619,2010-12-10,15:05:00,EDSA Panay Avenue Quezon City,0,0,0,0,0,0,0,0,0,0,2010-12-10 23:05,Property,14.64294686,121.0381076,No Collision Stated
None,EDSA,None,None,"Unknown, Rear-end, 0.0 drivers_injured, 0.0 drivers_killed, 0.0 passengers_injured, 0.0 passengers_killed, 0.0 pedestrian_injured, 0.0 pedestrian_killed, Fair, EDSA fronting Superlines Bus Terminal, Cubao Quezon City",MMDA Road Safety Unit,,e33deb58-0d8d-456c-a51e-2053052bc3e2,2010-12-10,09:20:00,EDSA Bansalangin St. Brgy. Veterans Quezon City,0,0,0,0,0,0,0,0,0,0,2010-12-10 17:20,Property,14.624946,121.0484779,Rear-End
None,EDSA,None,None,"Unknown, Hit and Run (No Collision Stated), 0.0 drivers_injured, 0.0 drivers_killed, 1.0 passengers_injured, 0.0 passengers_killed, 0.0 pedestrian_injured, 0.0 pedestrian_killed, Fair, EDSA Congressional Ave. Quezon City",MMDA Road Safety Unit,,098a143b-d468-4d1b-89e0-9ae0f496b04a,2010-12-09,03:00:00,EDSA OP/UP Quezon City,0,0,0,0,1,0,0,0,0,1,2010-12-09 11:00,Injury,14.6571804,120.9927185,No Collision Stated
None,EDSA,None,None,"Unknown, Rear-end, 0.0 drivers_injured, 0.0 drivers_killed, 0.0 passengers_injured, 0.0 passengers_killed, 0.0 pedestrian_injured, 0.0 pedestrian_killed, Fair, EDSA fronting Farmers Market Quezon City",MMDA Road Safety Unit,,88911ffc-d32e-477f-a38b-afd48d5a8a8a,2010-12-06,04:00:00,EDSA Ermin Garcia st. Cubao Quezon City,0,0,0,0,0,0,0,0,0,0,2010-12-06 12:00,Property,14.61924195,121.0511606,Rear-End
None,EDSA,None,None,"Unknown, Side Swipe, 0.0 drivers_injured, 0.0 drivers_killed, 0.0 passengers_injured, 0.0 passengers_killed, 0.0 pedestrian_injured, 0.0 pedestrian_killed, Fair, EDSA bet. Main Ave. & P. Tuazon Blvd. Quezon City",MMDA Road Safety Unit,,82d4ed37-2240-4fae-a381-53f151d2268c,2010-12-04,02:25:00,EDSA New York St. Cubao Quezon City,0,0,0,0,0,0,0,0,0,0,2010-12-04 10:25,Property,14.61440937,121.0534132,Side Swipe
None,EDSA,None,None,"Unknown, Hit and Run (No Collision Stated), 0.0 drivers_injured, 0.0 drivers_killed, 0.0 passengers_injured, 0.0 passengers_killed, 0.0 pedestrian_injured, 0.0 pedestrian_killed, Fair, EDSA Monte De Piedad St. Quezon City",MMDA Road Safety Unit,,a59b2df4-0f21-4e62-a25b-7fa681ecd6b2,2010-12-02,00:10:00,EDSA fronting Waltermart Quezon City,0,0,0,0,0,0,0,0,0,0,2010-12-02 8:10,Property,14.62346937,121.0491711,No Collision Stated
None,EDSA,None,None,"Unknown, Rear-end, 0.0 drivers_injured, 0.0 drivers_killed, 0.0 passengers_injured, 0.0 passengers_killed, 0.0 pedestrian_injured, 0.0 pedestrian_killed, Fair, EDSA P. Tuazon Blvd. Quezon City",MMDA Road Safety Unit,,9194ff4d-52e2-44e2-9cce-f91568691dfd,2010-11-26,05:30:00,EDSA Balintawak Market Quezon City,0,0,0,0,0,0,0,0,0,0,2010-11-26 13:30,Property,14.61656342,121.0525225,Rear-End
None,EDSA,None,None,"Unknown, Side Swipe, 0.0 drivers_injured, 0.0 drivers_killed, 0.0 passengers_injured, 0.0 passengers_killed, 0.0 pedestrian_injured, 0.0 pedestrian_killed, Fair, EDSA B. Serrano Avenue Quezon City",MMDA Road Safety Unit,,88b9f0e6-7cb3-4896-9174-fd615da13df5,2010-11-22,09:45:00,EDSA fronting Q-Mart  Quezon City,0,0,0,0,0,0,0,0,0,0,2010-11-22 17:45,Property,14.61096685,121.0551991,Side Swipe
None,EDSA,None,None,"Unknown, Rear-end, 0.0 drivers_injured, 0.0 drivers_killed, 0.0 passengers_injured, 0.0 passengers_killed, 0.0 pedestrian_injured, 0.0 pedestrian_killed, Fair, EDSA after main Avenue, Brgy. Socorro Quezon City",MMDA Road Safety Unit,,4335345a-b6ec-445a-b07b-bf9d28560689,2010-11-19,10:50:00,EDSA fronting Camp Crame Quezon City,0,0,0,0,0,0,0,0,0,0,2010-11-19 18:50,Property,14.61397275,121.0536687,Rear-End
None,EDSA,None,None,"Unknown, Other (Run-over Crude Oil), 1.0 drivers_injured, 0.0 drivers_killed, 0.0 passengers_injured, 0.0 passengers_killed, 0.0 pedestrian_injured, 0.0 pedestrian_killed, Fair, EDSA Corithian Garden / near White Palins Quezon City",MMDA Road Safety Unit,,79288339-9e05-4989-b001-1b7df9d22b29,2010-11-18,17:00:00,EDSA East Ave. Quezon City,0,0,0,1,0,0,0,0,0,1,2010-11-19 1:00,Injury,14.59580783,121.0595248,Self-Accident
None,EDSA,None,None,"Unknown, Hit and Run (No Collision Stated), 0.0 drivers_injured, 0.0 drivers_killed, 0.0 passengers_injured, 0.0 passengers_killed, 0.0 pedestrian_injured, 0.0 pedestrian_killed, Fair, EDSA Quezon Blvd Quezon City",MMDA Road Safety Unit,,39ca1559-b274-43fb-9b3e-f54640a247e0,2010-11-16,22:00:00,EDSA Quezon Ave. Quezon City,0,0,0,0,0,0,0,0,0,0,2010-11-17 6:00,Property,14.6442444,121.0375839,No Collision Stated
None,EDSA,None,None,"Unknown, Self-Accident, 0.0 drivers_injured, 0.0 drivers_killed, 0.0 passengers_injured, 0.0 passengers_killed, 0.0 pedestrian_injured, 0.0 pedestrian_killed, Fair, EDSA Congressional Ave. Quezon City",MMDA Road Safety Unit,,c540f711-2fde-4f0e-8343-737820258e57,2010-11-16,03:00:00,EDSA fronting Cloverleaf Market Balintawak Quezon City,0,0,0,0,0,0,0,0,0,0,2010-11-16 11:00,Property,14.6571804,120.9927185,Self-Accident
None,EDSA,None,None,"Unknown, Side Swipe, 0.0 drivers_injured, 0.0 drivers_killed, 0.0 passengers_injured, 0.0 passengers_killed, 0.0 pedestrian_injured, 0.0 pedestrian_killed, Fair, EDSA at ""U""turn Slot / SantolanRoad Quezon City",MMDA Road Safety Unit,,e8ad6bb0-a55c-4215-a6bc-9218bd518ace,2010-11-15,21:30:00,EDSA Timog Avenue Quezon City,0,0,0,0,0,0,0,0,0,0,2010-11-16 5:30,Property,14.61154954,121.0548257,Side Swipe
None,EDSA,None,None,"Unknown, Side Swipe, 0.0 drivers_injured, 0.0 drivers_killed, 0.0 passengers_injured, 0.0 passengers_killed, 0.0 pedestrian_injured, 0.0 pedestrian_killed, Fair, EDSA Ermin Garcia St. Quezon City",MMDA Road Safety Unit,,599a5d9f-b3ba-43c5-ba3c-310b00360b01,2010-11-15,13:00:00,EDSA Aurora Blvd. Quezon City,0,0,0,0,0,0,0,0,0,0,2010-11-15 21:00,Property,14.62758814,121.047487,Side Swipe
None,EDSA,None,None,"Unknown, Side Swipe, 0.0 drivers_injured, 0.0 drivers_killed, 0.0 passengers_injured, 0.0 passengers_killed, 0.0 pedestrian_injured, 0.0 pedestrian_killed, Fair, EDSA fronting Baliwag Transit Brgy. E. Rodriguez Quezon City",MMDA Road Safety Unit,,74a9c33a-6c6d-4dfe-804d-df3392c0235e,2010-11-11,20:35:00,EDSA Quezon Ave. Quezon City,0,0,0,0,0,0,0,0,0,0,2010-11-12 4:35,Property,14.62497658,121.0487035,Side Swipe
None,EDSA,None,None,"Unknown, Side Swipe, 0.0 drivers_injured, 0.0 drivers_killed, 0.0 passengers_injured, 0.0 passengers_killed, 0.0 pedestrian_injured, 0.0 pedestrian_killed, Fair, EDSA Kamuning MRT Station Quezon City",MMDA Road Safety Unit,,35c261cb-beca-4c4b-9878-ada1b953e54c,2010-11-11,11:30:00,EDSA Aurora Blvd. Quezon City,0,0,0,0,0,0,0,0,0,0,2010-11-11 19:30,Property,14.63501623,121.0432614,Side Swipe
None,EDSA,None,None,"Unknown, Hit Parked Vehicle, 0.0 drivers_injured, 0.0 drivers_killed, 0.0 passengers_injured, 0.0 passengers_killed, 0.0 pedestrian_injured, 0.0 pedestrian_killed, Fair, EDSA Kamias Road Quezon City",MMDA Road Safety Unit,,d054f6c8-acd4-41bc-9205-3da6c28f3171,2010-11-11,10:50:00,EDSA Balintawak Market Quezon City,0,0,0,0,0,0,0,0,0,0,2010-11-11 18:50,Property,14.6309142,121.0459376,Hit Object
None,EDSA,None,None,"Unknown, Hit and Run (No Collision Stated), 0.0 drivers_injured, 0.0 drivers_killed, 0.0 passengers_injured, 0.0 passengers_killed, 0.0 pedestrian_injured, 0.0 pedestrian_killed, Fair, EDSA  Allied concrete product Quezon City",MMDA Road Safety Unit,,b9eedf45-5f4b-4214-b0d2-0bb4613039b7,2010-11-10,06:30:00,EDSA fronting Jam Liner Terminal Quezon City,0,0,0,0,0,0,0,0,0,0,2010-11-10 14:30,Property,14.65706251,121.0230588,No Collision Stated
None,EDSA,None,None,"Unknown, Rear-end, 0.0 drivers_injured, 0.0 drivers_killed, 0.0 passengers_injured, 0.0 passengers_killed, 0.0 pedestrian_injured, 0.0 pedestrian_killed, Fair, EDSA fronting Q-Mart , Brgy. E. Rodriguez  Quezon City",MMDA Road Safety Unit,,4556842e-84cf-4165-8336-46a774793a51,2010-11-09,11:20:00,EDSA Arayat St. Cubao Quezon City,0,0,0,0,0,0,0,0,0,0,2010-11-09 19:20,Property,14.62803883,121.0472622,Rear-End
None,EDSA,None,None,"Unknown, Rear-end, 0.0 drivers_injured, 0.0 drivers_killed, 0.0 passengers_injured, 0.0 passengers_killed, 0.0 pedestrian_injured, 0.0 pedestrian_killed, Fair, EDSA before Kamias Road  Quezon City",MMDA Road Safety Unit,,38bde622-9865-441b-8b82-d4f8060bea8c,2010-11-08,07:30:00,EDSA near Timog Avenue Quezon City,0,0,0,0,0,0,0,0,0,0,2010-11-08 15:30,Property,14.63042614,121.0461874,Rear-End
None,EDSA,None,None,"Unknown, Side Swipe, 0.0 drivers_injured, 0.0 drivers_killed, 1.0 passengers_injured, 0.0 passengers_killed, 0.0 pedestrian_injured, 0.0 pedestrian_killed, Fair, EDSA fronting Camp Aguinaldo gate 3 Quezon City",MMDA Road Safety Unit,,c3268a26-8456-4409-9ee9-b34174aae91a,2010-11-04,13:30:00,"EDSA at ""U"" turn slot, near Kamuning Quezon City",0,0,0,0,1,0,0,0,0,1,2010-11-04 21:30,Injury,14.60465541,121.0580329,Side Swipe
None,EDSA,None,None,"Unknown, Rear-end, 0.0 drivers_injured, 0.0 drivers_killed, 0.0 passengers_injured, 0.0 passengers_killed, 0.0 pedestrian_injured, 0.0 pedestrian_killed, Fair, EDSA fronting Five Star Bus Terminal Quezon City",MMDA Road Safety Unit,,b273e966-0437-462c-9f89-8800a525303a,2010-11-04,08:00:00,EDSA Bansalangin St. Quezon City,0,0,0,0,0,0,0,0,0,0,2010-11-04 16:00,Property,14.62380284,121.0492837,Rear-End
None,EDSA,None,None,"Unknown, Hit and Run (No Collision Stated), 0.0 drivers_injured, 0.0 drivers_killed, 0.0 passengers_injured, 0.0 passengers_killed, 0.0 pedestrian_injured, 0.0 pedestrian_killed, Fair, EDSA Main Avenue Quezon City",MMDA Road Safety Unit,,19091e34-8aae-43e2-bae1-fd27b7cd573a,2010-11-01,22:45:00,EDSA fronting SM City-North Mall (Annex) Quezon City,0,0,0,0,0,0,0,0,0,0,2010-11-02 6:45,Property,14.61376458,121.0537933,No Collision Stated
None,EDSA,None,None,"Unknown, Side Swipe, 1.0 drivers_injured, 0.0 drivers_killed, 0.0 passengers_injured, 0.0 passengers_killed, 0.0 pedestrian_injured, 0.0 pedestrian_killed, Fair, EDSA DILG, Mapagmahal St. Quezon City",MMDA Road Safety Unit,,0efbad9a-9ef9-4f07-a1b4-3e33a2919af8,2010-10-23,01:25:00,"EDSA fronting Balintawak Market, Cloverleaf Quezon City",0,0,0,1,0,0,0,0,0,1,2010-10-23 9:25,Injury,14.63178721,121.0454019,Side Swipe
None,EDSA,None,None,"Unknown, Rear-end, 0.0 drivers_injured, 0.0 drivers_killed, 0.0 passengers_injured, 0.0 passengers_killed, 0.0 pedestrian_injured, 0.0 pedestrian_killed, Fair, EDSA Aurora Blvd.Act Theater Quezon City",MMDA Road Safety Unit,,b3a22b7c-25b2-4768-9c9e-106ff154eb4a,2010-10-18,13:30:00,EDSA near santolan MRT station Quezon City,0,0,0,0,0,0,0,0,0,0,2010-10-18 21:30,Property,14.6218043,121.0502049,Rear-End
None,EDSA,None,None,"Unknown, Side Swipe, 0.0 drivers_injured, 0.0 drivers_killed, 0.0 passengers_injured, 0.0 passengers_killed, 0.0 pedestrian_injured, 0.0 pedestrian_killed, Fair, EDSA New York St.  Quezon City",MMDA Road Safety Unit,,3fa8d9b5-db6d-4842-a367-f05fa6c10cd0,2010-10-16,08:40:00,EDSA Corregidor St. Quezon City,0,0,0,0,0,0,0,0,0,0,2010-10-16 16:40,Property,14.62568514,121.0482307,Side Swipe
None,EDSA,None,None,"Unknown, Hit Parked Vehicle, 0.0 drivers_injured, 0.0 drivers_killed, 0.0 passengers_injured, 0.0 passengers_killed, 0.0 pedestrian_injured, 0.0 pedestrian_killed, Fair, EDSA at ""U"" turn slot, fronting DILG Quezon City",MMDA Road Safety Unit,,df1acc5a-f68b-41c5-b987-155171542652,2010-10-15,07:00:00,EDSA Arayat Loading Bay Quezon City,0,0,0,0,0,0,0,0,0,0,2010-10-15 15:00,Property,14.64522037,121.0369331,Hit Object
None,EDSA,None,None,"Unknown, Rear-end, 0.0 drivers_injured, 0.0 drivers_killed, 0.0 passengers_injured, 0.0 passengers_killed, 0.0 pedestrian_injured, 0.0 pedestrian_killed, Fair, EDSA fronting JAC Liner Terminal Quezon City",MMDA Road Safety Unit,,4ec187cb-9bae-4fd3-9ee1-3bee9b331974,2010-10-10,14:15:00,"EDSA Congressional Ave., Bgy. Ramon Magsaysay Quezon City",0,0,0,0,0,0,0,0,0,0,2010-10-10 22:15,Property,14.63206278,121.0454731,Rear-End
None,EDSA,None,None,"Unknown, Hit and Run (No Collision Stated), 0.0 drivers_injured, 0.0 drivers_killed, 0.0 passengers_injured, 0.0 passengers_killed, 0.0 pedestrian_injured, 0.0 pedestrian_killed, Fair, EDSA before JAM Liner Bus Terminal Quezon City",MMDA Road Safety Unit,,b550855f-cdd8-41ce-9ef9-a5747813ff1a,2010-10-09,08:30:00,"EDSA Congressional Ave., Bgy. Bahay Toro Quezon City",0,0,0,0,0,0,0,0,0,0,2010-10-09 16:30,Property,14.63247373,121.0450103,No Collision Stated
None,EDSA,None,None,"Unknown, Rear-end, 0.0 drivers_injured, 0.0 drivers_killed, 0.0 passengers_injured, 0.0 passengers_killed, 0.0 pedestrian_injured, 0.0 pedestrian_killed, Fair, EDSA fronting Farmers, Brgy. Socorro Quezon City",MMDA Road Safety Unit,,a44923a9-b814-45f3-8998-cc070d59b321,2010-10-01,07:30:00,EDSA Timog Ave. Quezon City,0,0,0,0,0,0,0,0,0,0,2010-10-01 15:30,Property,14.61924195,121.0511606,Rear-End
None,EDSA,None,None,"Unknown, Hit Object (No Object Stated), 0.0 drivers_injured, 0.0 drivers_killed, 0.0 passengers_injured, 0.0 passengers_killed, 0.0 pedestrian_injured, 0.0 pedestrian_killed, Fair, EDSA fronting Camp Crame  Quezon City",MMDA Road Safety Unit,,40ac09d8-14f6-421d-9a3d-6e36a5fa0d5e,2010-09-30,05:00:00,EDSA Timog Avenue Quezon City,0,0,0,0,0,0,0,0,0,0,2010-09-30 13:00,Property,14.60925441,121.0557175,Hit Object
None,EDSA,None,None,"Unknown, Hit and Run (No Collision Stated), 0.0 drivers_injured, 0.0 drivers_killed, 0.0 passengers_injured, 0.0 passengers_killed, 0.0 pedestrian_injured, 0.0 pedestrian_killed, Fair, EDSA fronting LRT-Balintawak Station Quezon City",MMDA Road Safety Unit,,bd6d8521-c53e-4b54-bfd9-92ac50d14b0c,2010-09-25,05:00:00,EDSA before Bansalangin Quezon City,0,0,0,0,0,0,0,0,0,0,2010-09-25 13:00,Property,14.65732428,121.0019821,No Collision Stated
None,EDSA,None,None,"Unknown, Side Swipe, 0.0 drivers_injured, 0.0 drivers_killed, 0.0 passengers_injured, 0.0 passengers_killed, 0.0 pedestrian_injured, 0.0 pedestrian_killed, Fair, EDSA near Timog Ave. Quezon City",MMDA Road Safety Unit,,0b4a9b95-0591-4381-b181-97232b5ddb11,2010-09-23,04:40:00,EDSA fronting Balintawak Market Quezon City,0,0,0,0,0,0,0,0,0,0,2010-09-23 12:40,Property,14.63261072,121.0450938,Side Swipe
None,EDSA,None,None,"Human Error, Rear-end, 0.0 drivers_injured, 0.0 drivers_killed, 0.0 passengers_injured, 0.0 passengers_killed, 0.0 pedestrian_injured, 0.0 pedestrian_killed, Fair, EDSA fronting Gate 3 of Camp Crame  Quezon City",MMDA Road Safety Unit,,8bcbc88f-f274-416b-b2f3-2b7b95f442cc,2010-09-23,02:30:00,"EDSA at ""U"" turn slot, fronting Iglesia ni Cristo, Bgy. Ramon Magsaysay Quezon City",0,0,0,0,0,0,0,0,0,0,2010-09-23 10:30,Property,14.60475566,121.0580111,Rear-End
None,EDSA,None,None,"Unknown, Rear-end, 0.0 drivers_injured, 0.0 drivers_killed, 0.0 passengers_injured, 0.0 passengers_killed, 0.0 pedestrian_injured, 0.0 pedestrian_killed, Fair, EDSA fronting Camp Crame Quezon City",MMDA Road Safety Unit,,6e986091-672b-40c0-b69d-4de785477f2e,2010-09-21,09:15:00,EDSA fronting Victory Liner terminal Quezon City,0,0,0,0,0,0,0,0,0,0,2010-09-21 17:15,Property,14.60925441,121.0557175,Rear-End
None,EDSA,None,None,"Unknown, Rear-end, 0.0 drivers_injured, 0.0 drivers_killed, 0.0 passengers_injured, 0.0 passengers_killed, 0.0 pedestrian_injured, 0.0 pedestrian_killed, Fair, EDSA Congressional Ave. Quezon City",MMDA Road Safety Unit,,c6b9db50-514c-4a68-b444-8eaba3138e0e,2010-09-20,23:00:00,EDSA fronting Gate 2 of Camp Aguinaldo Quezon City,0,0,0,0,0,0,0,0,0,0,2010-09-21 7:00,Property,14.6571804,120.9927185,Rear-End
None,EDSA,None,None,"Unknown, Rear-end, 0.0 drivers_injured, 0.0 drivers_killed, 0.0 passengers_injured, 0.0 passengers_killed, 0.0 pedestrian_injured, 0.0 pedestrian_killed, Fair, EDSA P. Tuazon Blvd., Cubao Quezon City",MMDA Road Safety Unit,,395b4280-cf68-4496-8e56-bce22801dd67,2010-09-17,07:30:00,EDSA Trinoma  Mall Quezon City,0,0,0,0,0,0,0,0,0,0,2010-09-17 15:30,Property,14.61656342,121.0525225,Rear-End
None,EDSA,None,None,"Unknown, Hit and Run (No Collision Stated), 0.0 drivers_injured, 0.0 drivers_killed, 0.0 passengers_injured, 0.0 passengers_killed, 0.0 pedestrian_injured, 0.0 pedestrian_killed, Fair, EDSA fronting McDonald, near Quezon Ave. Quezon City",MMDA Road Safety Unit,,28fd34f3-e567-43ff-8d75-39e5a360cea7,2010-09-17,00:30:00,EDSA fronting Five Star Bus Terminal Quezon City,0,0,0,0,0,0,0,0,0,0,2010-09-17 8:30,Property,14.64333495,121.0379126,No Collision Stated
None,EDSA,None,None,"Unknown, Hit and Run (No Collision Stated), 0.0 drivers_injured, 0.0 drivers_killed, 0.0 passengers_injured, 0.0 passengers_killed, 0.0 pedestrian_injured, 0.0 pedestrian_killed, Fair, EDSA fronting Petron Gas Station, near South Road Quezon City",MMDA Road Safety Unit,,40237125-0d20-47ba-b04f-9d699cecfaa6,2010-09-07,08:55:00,EDSA Bulacan St. Quezon City,0,0,0,0,0,0,0,0,0,0,2010-09-07 16:55,Property,14.61326853,121.0538038,No Collision Stated
None,EDSA,None,None,"Unknown, Side Swipe, 1.0 drivers_injured, 0.0 drivers_killed, 0.0 passengers_injured, 0.0 passengers_killed, 0.0 pedestrian_injured, 0.0 pedestrian_killed, Rain, EDSA near Kamuning Road Quezon City",MMDA Road Safety Unit,,1217b38b-da47-4dc7-a330-4cd80bfb9d6b,2010-09-05,06:20:00,"EDSA Congressional Ave., Jackman Quezon City",0,0,0,1,0,0,0,0,0,1,2010-09-05 14:20,Injury,14.63085309,121.0457785,Side Swipe
None,EDSA,None,None,"Unknown, Hit and Run (Side Swipe), 0.0 drivers_injured, 0.0 drivers_killed, 0.0 passengers_injured, 0.0 passengers_killed, 0.0 pedestrian_injured, 0.0 pedestrian_killed, Fair, EDSA Kamias Road, West Kamias Quezon City",MMDA Road Safety Unit,,0e94b946-4f0d-4302-b4bf-0096c4fd0ebb,2010-08-31,12:00:00,EDSA near Kamuning Road / Meralco Quezon City,0,0,0,0,0,0,0,0,0,0,2010-08-31 20:00,Property,14.6309142,121.0459376,Side Swipe
None,EDSA,None,None,"Unknown, Hit and Run (No Collision Stated), 0.0 drivers_injured, 0.0 drivers_killed, 0.0 passengers_injured, 0.0 passengers_killed, 0.0 pedestrian_injured, 0.0 pedestrian_killed, Fair, EDSA New York St., Cubao Quezon City",MMDA Road Safety Unit,,80168cfa-cc68-414c-a60d-b1b8cc5d51e1,2010-08-31,05:30:00,EDSA fronting Farmer's Mall Quezon City,0,0,0,0,0,0,0,0,0,0,2010-08-31 13:30,Property,14.62568514,121.0482307,No Collision Stated
None,EDSA,None,None,"Unknown, Angle Impact, 0.0 drivers_injured, 0.0 drivers_killed, 0.0 passengers_injured, 0.0 passengers_killed, 0.0 pedestrian_injured, 0.0 pedestrian_killed, Fair, EDSA Main Ave. Quezon City",MMDA Road Safety Unit,,63712473-7eba-45a1-879a-1ba80ed9bf53,2010-08-26,22:30:00,"EDSA fronting Trinoma, near North Ave. Quezon City",0,0,0,0,0,0,0,0,0,0,2010-08-27 6:30,Property,14.61376458,121.0537933,Angle Impact
None,EDSA,None,None,"Unknown, Rear-end, 0.0 drivers_injured, 0.0 drivers_killed, 0.0 passengers_injured, 0.0 passengers_killed, 0.0 pedestrian_injured, 0.0 pedestrian_killed, Fair, EDSA Benitez St.  Quezon City",MMDA Road Safety Unit,,9a7e8412-43cf-45da-9400-01a1a2ecb26c,2010-08-25,08:00:00,EDSA Congressional Ave. Quezon City,0,0,0,0,0,0,0,0,0,0,2010-08-25 16:00,Property,14.64722757,121.0353693,Rear-End