LOCATION_TEXT,ROAD,WEATHER,LIGHT,DESC,REPORTING_AGENCY,MAIN_CAUSE,INCIDENTDETAILS_ID,DATE_UTC,TIME_UTC,ADDRESS,killed_driver,killed_passenger,killed_pedestrian,injured_driver,injured_passenger,injured_pedestrian,killed_uncategorized,injured_uncategorized,killed_total,injured_total,DATETIME_PST,SEVERITY,Y,X,COLLISION_TYPE
None,EDSA,None,None,"Unknown, Side Swipe, 0.0 drivers_injured, 0.0 drivers_killed, 0.0 passengers_injured, 0.0 passengers_killed, 0.0 pedestrian_injured, 0.0 pedestrian_killed, Fair, EDSA fronting Farmers Market Quezon City",MMDA Road Safety Unit,,65458a48-5267-49c4-b56e-55f189f2b5f9,2010-08-24,11:45:00,EDSA Quezon Ave. (EB) Quezon City,0,0,0,0,0,0,0,0,0,0,2010-08-24 19:45,Property,14.61924195,121.0511606,Side Swipe
None,EDSA,None,None,"Unknown, Side Swipe, 0.0 drivers_injured, 0.0 drivers_killed, 0.0 passengers_injured, 0.0 passengers_killed, 0.0 pedestrian_injured, 0.0 pedestrian_killed, Fair, EDSA fronting Camp Crame  Quezon City",MMDA Road Safety Unit,,aeb838a5-07c6-4910-9b91-4aaf998f6c7e,2010-08-23,23:30:00,EDSA fronting Waltermart Quezon City,0,0,0,0,0,0,0,0,0,0,2010-08-24 7:30,Property,14.60925441,121.0557175,Side Swipe
None,EDSA,None,None,"Unknown, Rear-end, 0.0 drivers_injured, 0.0 drivers_killed, 0.0 passengers_injured, 0.0 passengers_killed, 0.0 pedestrian_injured, 0.0 pedestrian_killed, Fair, EDSA Ortigas Ave. Quezon City",MMDA Road Safety Unit,,20dfd656-1635-4ce0-a3a3-93327219e813,2010-08-23,06:15:00,EDSA after Roosevelt Ave. Quezon City,0,0,0,0,0,0,0,0,0,0,2010-08-23 14:15,Property,14.59335253,121.0584107,Rear-End
None,EDSA,None,None,"Unknown, Side Swipe, 1.0 drivers_injured, 0.0 drivers_killed, 0.0 passengers_injured, 0.0 passengers_killed, 0.0 pedestrian_injured, 0.0 pedestrian_killed, Fair, EDSA Main Ave. Quezon City",MMDA Road Safety Unit,,9fe1a88c-387b-4412-bf03-3fb5acb69d29,2010-08-21,18:15:00,EDSA Roosevelt Avenue / PLDT Quezon City,0,0,0,1,0,0,0,0,0,1,2010-08-22 2:15,Injury,14.61376458,121.0537933,Side Swipe
None,EDSA,None,None,"Unknown, Hit Object (Gutter-Concrete), 0.0 drivers_injured, 0.0 drivers_killed, 0.0 passengers_injured, 0.0 passengers_killed, 1.0 pedestrian_injured, 0.0 pedestrian_killed, Fair, EDSA Quezon Ave. Quezon City",MMDA Road Safety Unit,,93837add-710a-429d-96e3-a329296a60c9,2010-08-21,04:00:00,EDSA Quezon Ave. Quezon City,0,0,0,0,0,1,0,0,0,1,2010-08-21 12:00,Injury,14.6442444,121.0375839,Hit Object
None,EDSA,None,None,"Unknown, Side Swipe, 0.0 drivers_injured, 0.0 drivers_killed, 0.0 passengers_injured, 0.0 passengers_killed, 0.0 pedestrian_injured, 0.0 pedestrian_killed, Fair, EDSA MRT-North Station Quezon City",MMDA Road Safety Unit,,eab252e7-98e1-4d7c-ac3f-308aedb85fa2,2010-08-18,10:00:00,EDSA Roosevelt Avenue Quezon City,0,0,0,0,0,0,0,0,0,0,2010-08-18 18:00,Property,14.65223956,121.0323125,Side Swipe
None,EDSA,None,None,"Unknown, Side Swipe, 1.0 drivers_injured, 0.0 drivers_killed, 0.0 passengers_injured, 0.0 passengers_killed, 0.0 pedestrian_injured, 0.0 pedestrian_killed, Fair, EDSA near P. Tuazon St. Quezon City",MMDA Road Safety Unit,,624a828f-7481-42fa-bd26-22b5a8c5f46e,2010-08-13,02:00:00,EDSA Aurora Blvd. Quezon City,0,0,0,1,0,0,0,0,0,1,2010-08-13 10:00,Injury,14.61653794,121.0523336,Side Swipe
None,EDSA,None,None,"Unknown, Side Swipe, 1.0 drivers_injured, 0.0 drivers_killed, 0.0 passengers_injured, 0.0 passengers_killed, 0.0 pedestrian_injured, 0.0 pedestrian_killed, Fair, EDSA near Ermin Garcia St. Quezon City",MMDA Road Safety Unit,,606d504c-7855-4c4c-9b84-bbbb8570cae9,2010-08-06,19:30:00,EDSA Mother Ignacia St. Quezon City,0,0,0,1,0,0,0,0,0,1,2010-08-07 3:30,Injury,14.62737546,121.0473588,Side Swipe
None,EDSA,None,None,"Unknown, Hit and Run (No Collision Stated), 1.0 drivers_injured, 0.0 drivers_killed, 0.0 passengers_injured, 0.0 passengers_killed, 0.0 pedestrian_injured, 0.0 pedestrian_killed, Fair, EDSA at ""U"" turn slot, fronting Gazent Bldg. Quezon City",MMDA Road Safety Unit,,d0996829-438e-4877-b0db-1dd6304fd487,2010-07-24,03:30:00,EDSA Quezon Ave. Quezon City,0,0,0,1,0,0,0,0,0,1,2010-07-24 11:30,Injury,14.65757469,121.0141303,No Collision Stated
None,EDSA,None,None,"Unknown, Side Swipe, 0.0 drivers_injured, 0.0 drivers_killed, 0.0 passengers_injured, 0.0 passengers_killed, 0.0 pedestrian_injured, 0.0 pedestrian_killed, Fair, EDSA before Kamuning Road Quezon City",MMDA Road Safety Unit,,b1ef7fe9-0cdf-41ed-834c-9b4977407f2f,2010-07-23,15:00:00,"EDSA Aurora Blvd., Cubao Quezon City",0,0,0,0,0,0,0,0,0,0,2010-07-23 23:00,Property,14.63117369,121.0455178,Side Swipe
None,EDSA,None,None,"Unknown, Side Swipe, 0.0 drivers_injured, 0.0 drivers_killed, 0.0 passengers_injured, 0.0 passengers_killed, 0.0 pedestrian_injured, 0.0 pedestrian_killed, Fair, EDSA P. Tuazon Blvd  Quezon City",MMDA Road Safety Unit,,9bf31a42-0567-430d-b49a-f5b7eab2f0d0,2010-07-22,16:00:00,EDSA Family Market Quezon City,0,0,0,0,0,0,0,0,0,0,2010-07-23,Property,14.61656342,121.0525225,Side Swipe
None,EDSA,None,None,"Unknown, Hit and Run (No Collision Stated), 0.0 drivers_injured, 0.0 drivers_killed, 1.0 passengers_injured, 0.0 passengers_killed, 0.0 pedestrian_injured, 0.0 pedestrian_killed, Fair, EDSA fronting Banco De Oro, Cubao Quezon City",MMDA Road Safety Unit,,2fc53b5b-2b54-48d3-877b-f6b0d5e26423,2010-07-09,09:40:00,EDSA fronting Cloverleaf Market Quezon City,0,0,0,0,1,0,0,0,0,1,2010-07-09 17:40,Injury,14.62587212,121.048288,No Collision Stated
None,EDSA,None,None,"Unknown, Hit and Run (No Collision Stated), 0.0 drivers_injured, 0.0 drivers_killed, 0.0 passengers_injured, 0.0 passengers_killed, 0.0 pedestrian_injured, 0.0 pedestrian_killed, Fair, EDSA Congressional Ave. Quezon City",MMDA Road Safety Unit,,f8b0b3b2-65be-4b2d-b2c1-733579847e76,2010-07-08,02:40:00,EDSA fronting Waltermart Quezon City,0,0,0,0,0,0,0,0,0,0,2010-07-08 10:40,Property,14.6571804,120.9927185,No Collision Stated
None,EDSA,None,None,"Unknown, Side Swipe, 0.0 drivers_injured, 0.0 drivers_killed, 0.0 passengers_injured, 0.0 passengers_killed, 0.0 pedestrian_injured, 0.0 pedestrian_killed, Fair, EDSA Col. Bonny Serrano Ave. (Santolan Road) Quezon City",MMDA Road Safety Unit,,bfe3b2f8-5daf-4bcd-9cff-ad057eb7e316,2010-07-04,05:30:00,EDSA fronting Waltermart Quezon City,0,0,0,0,0,0,0,0,0,0,2010-07-04 13:30,Property,14.61107337,121.0550705,Side Swipe
None,EDSA,None,None,"Unknown, Hit Object (Barrier-Concrete), 0.0 drivers_injured, 0.0 drivers_killed, 0.0 passengers_injured, 0.0 passengers_killed, 0.0 pedestrian_injured, 0.0 pedestrian_killed, Fair, EDSA fronting Balintawak Market, Bgy. Balingasa Quezon City",MMDA Road Safety Unit,,30c20f7e-cb6c-4280-884d-65ca1cceda11,2010-07-03,05:00:00,EDSA Quezon Ave. Quezon City,0,0,0,0,0,0,0,0,0,0,2010-07-03 13:00,Property,14.65736198,121.00264,Hit Object
None,EDSA,None,None,"Unknown, Side Swipe, 0.0 drivers_injured, 0.0 drivers_killed, 0.0 passengers_injured, 0.0 passengers_killed, 0.0 pedestrian_injured, 0.0 pedestrian_killed, Fair, EDSA near Aurora Blvd. Quezon City",MMDA Road Safety Unit,,5e90ffaf-e7ec-4760-9182-f38267cf61d1,2010-07-01,02:30:00,EDSA Quezon Ave. Quezon City,0,0,0,0,0,0,0,0,0,0,2010-07-01 10:30,Property,14.62155994,121.0501481,Side Swipe
None,EDSA,None,None,"Unknown, Hit and Run (No Collision Stated), 0.0 drivers_injured, 0.0 drivers_killed, 0.0 passengers_injured, 0.0 passengers_killed, 0.0 pedestrian_injured, 0.0 pedestrian_killed, Dry, EDSA near corner Quezon Avenue Quezon City",MMDA Road Safety Unit,,115d213f-d24e-4b64-bd15-c185b183dcde,2010-06-30,03:00:00,EDSA fronting Balintawak Market Quezon City,0,0,0,0,0,0,0,0,0,0,2010-06-30 11:00,Property,14.64405435,121.0375943,No Collision Stated
None,EDSA,None,None,"Unknown, Side Swipe, 0.0 drivers_injured, 0.0 drivers_killed, 0.0 passengers_injured, 0.0 passengers_killed, 0.0 pedestrian_injured, 0.0 pedestrian_killed, Dry, EDSA fronting Cloverleaf Mkt. brgy. A. Samson Quezon City",MMDA Road Safety Unit,,d9a9e069-8352-4bfb-adae-6b7f96094d7c,2010-06-25,19:00:00,EDSA fronting Balintawak Market Quezon City,0,0,0,0,0,0,0,0,0,0,2010-06-26 3:00,Property,14.65731339,121.000715,Side Swipe
None,EDSA,None,None,"Unknown, Side Swipe, 0.0 drivers_injured, 0.0 drivers_killed, 0.0 passengers_injured, 0.0 passengers_killed, 0.0 pedestrian_injured, 0.0 pedestrian_killed, Dry, EDSA Nepa Q Mart  Quezon City",MMDA Road Safety Unit,,7842d41a-9cb0-44e9-b5c4-470f22a99c8f,2010-06-11,12:40:00,EDSA West Ave. Quezon City,0,0,0,0,0,0,0,0,0,0,2010-06-11 20:40,Property,14.62805361,121.0472521,Side Swipe
None,EDSA,None,None,"Human Error, Side Swipe, 1.0 drivers_injured, 0.0 drivers_killed, 0.0 passengers_injured, 0.0 passengers_killed, 0.0 pedestrian_injured, 0.0 pedestrian_killed, Dry, EDSA Camp A guinaldo  Quezon City",MMDA Road Safety Unit,,0a670390-1de6-45b0-969a-c8d0e5fbb80d,2010-06-07,13:30:00,EDSA West Ave. Quezon City,0,0,0,1,0,0,0,0,0,1,2010-06-07 21:30,Injury,14.60740524,121.0567577,Side Swipe
None,EDSA,None,None,"Unknown, Rear-end, 0.0 drivers_injured, 0.0 drivers_killed, 0.0 passengers_injured, 0.0 passengers_killed, 0.0 pedestrian_injured, 0.0 pedestrian_killed, Dry, EDSA at ""U""turn slot / Aurora Blvd. Quezon City",MMDA Road Safety Unit,,bc7c2a3f-8082-450e-9ca4-3b2b5ea3cdfc,2010-06-07,07:40:00,EDSA Roosevelt Ave. Quezon City,0,0,0,0,0,0,0,0,0,0,2010-06-07 15:40,Property,14.621403,121.0502514,Rear-End
None,EDSA,None,None,"Unknown, Hit and Run (No Collision Stated), 0.0 drivers_injured, 0.0 drivers_killed, 0.0 passengers_injured, 0.0 passengers_killed, 0.0 pedestrian_injured, 0.0 pedestrian_killed, Dry, EDSA fronting Trinoma Mall Quezon City",MMDA Road Safety Unit,,1d354357-d0f0-4c51-8073-ed917f42d356,2010-06-03,00:30:00,EDSA Roosevelt Ave. Quezon City,0,0,0,0,0,0,0,0,0,0,2010-06-03 8:30,Property,14.65249719,121.0322415,No Collision Stated
None,EDSA,None,None,"Unknown, Hit Object (Center Island), 1.0 drivers_injured, 0.0 drivers_killed, 0.0 passengers_injured, 0.0 passengers_killed, 0.0 pedestrian_injured, 0.0 pedestrian_killed, Dry, EDSA fronting Makro Supermart Quezon City",MMDA Road Safety Unit,,501f8108-742d-46bd-bf2f-1e799fc96bb5,2010-06-01,19:30:00,"EDSA at ""U"" turn slot, near Kaingin Quezon City",0,0,0,1,0,0,0,0,0,1,2010-06-02 3:30,Injury,14.61418108,121.0535625,Hit Object
None,EDSA,None,None,"Unknown, Side Swipe, 0.0 drivers_injured, 0.0 drivers_killed, 0.0 passengers_injured, 0.0 passengers_killed, 0.0 pedestrian_injured, 0.0 pedestrian_killed, Dry, EDSA fronting MACRO Quezon City",MMDA Road Safety Unit,,c64e7afc-7428-4188-bc8c-11c21dbe3093,2010-05-27,15:00:00,"EDSA at ""U"" turn slot, near Kaingin Quezon City",0,0,0,0,0,0,0,0,0,0,2010-05-27 23:00,Property,14.61421133,121.0536052,Side Swipe
None,EDSA,None,None,"Unknown, Angle Impact, 0.0 drivers_injured, 0.0 drivers_killed, 0.0 passengers_injured, 0.0 passengers_killed, 0.0 pedestrian_injured, 0.0 pedestrian_killed, Dry, EDSA Ortigas Avenue Intersection Quezon City",MMDA Road Safety Unit,,f32052e3-0472-4aa6-929c-6013603cfb8f,2010-05-25,12:30:00,EDSA near Kamias Road fronting PAGCOR Quezon City,0,0,0,0,0,0,0,0,0,0,2010-05-25 20:30,Property,14.59275486,121.0584221,Angle Impact
None,EDSA,None,None,"Unknown, Rear-end, 0.0 drivers_injured, 0.0 drivers_killed, 0.0 passengers_injured, 0.0 passengers_killed, 0.0 pedestrian_injured, 0.0 pedestrian_killed, Dry, EDSA near corner Aurora Blvd Quezon City",MMDA Road Safety Unit,,12cc694e-26e9-46ed-8a39-f9ec6eea8336,2010-05-21,02:00:00,EDSA fronting Cloverleaf Market Quezon City,0,0,0,0,0,0,0,0,0,0,2010-05-21 10:00,Property,14.62155994,121.0501481,Rear-End
None,EDSA,None,None,"Unknown, Hit and Run (No Collision Stated), 0.0 drivers_injured, 0.0 drivers_killed, 0.0 passengers_injured, 0.0 passengers_killed, 0.0 pedestrian_injured, 0.0 pedestrian_killed, Dry, EDSA near Panay Avenue / Mc Donald Quezon City",MMDA Road Safety Unit,,c3ab713e-beef-4933-bd78-621481c506f5,2010-05-20,13:30:00,EDSA Royal  Quezon City,0,0,0,0,0,0,0,0,0,0,2010-05-20 21:30,Property,14.64331724,121.0380797,No Collision Stated
None,EDSA,None,None,"Unknown, Side Swipe, 0.0 drivers_injured, 0.0 drivers_killed, 0.0 passengers_injured, 0.0 passengers_killed, 0.0 pedestrian_injured, 0.0 pedestrian_killed, Dry, EDSA Balintawak Market Quezon City",MMDA Road Safety Unit,,902f8461-7550-4fa6-bb72-59f1602abfae,2010-05-19,22:45:00,EDSA fronting QCPD Stn 10 Quezon City,0,0,0,0,0,0,0,0,0,0,2010-05-20 6:45,Property,14.65740947,121.0025737,Side Swipe
None,EDSA,None,None,"Unknown, Hit and Run (No Collision Stated), 0.0 drivers_injured, 0.0 drivers_killed, 0.0 passengers_injured, 0.0 passengers_killed, 0.0 pedestrian_injured, 0.0 pedestrian_killed, Dry, EDSA at ""U""turn slot near GMA &  Quezon City",MMDA Road Safety Unit,,a0a7d6ae-878b-4f06-a3e3-a7ea3cc13679,2010-05-12,03:30:00,EDSA Kaingin St. Quezon City,0,0,0,0,0,0,0,0,0,0,2010-05-12 11:30,Property,14.63380516,121.0442544,No Collision Stated
None,EDSA,None,None,"Unknown, Rear-end, 0.0 drivers_injured, 0.0 drivers_killed, 0.0 passengers_injured, 0.0 passengers_killed, 0.0 pedestrian_injured, 0.0 pedestrian_killed, Dry, EDSA Kamuning Road Quezon City",MMDA Road Safety Unit,,61896a36-4186-4557-9284-54696870f195,2010-05-07,08:40:00,"EDSA Oliveros, Balintawak Quezon City",0,0,0,0,0,0,0,0,0,0,2010-05-07 16:40,Property,14.63075725,121.0457548,Rear-End
None,EDSA,None,None,"Unknown, Side Swipe, 0.0 drivers_injured, 0.0 drivers_killed, 0.0 passengers_injured, 0.0 passengers_killed, 0.0 pedestrian_injured, 0.0 pedestrian_killed, Dry, EDSA Aurora Blvd. Quezon City",MMDA Road Safety Unit,,6ee55dbf-9b5b-43a2-a47e-4578b01bd7e0,2010-05-06,02:50:00,EDSA fronting Cloverleaf Market Quezon City,0,0,0,0,0,0,0,0,0,0,2010-05-06 10:50,Property,14.62163653,121.0501573,Side Swipe
None,EDSA,None,None,"Unknown, Side Swipe, 0.0 drivers_injured, 0.0 drivers_killed, 0.0 passengers_injured, 0.0 passengers_killed, 0.0 pedestrian_injured, 0.0 pedestrian_killed, Dry, EDSA Banahaw St. Quezon City",MMDA Road Safety Unit,,702945fb-15ca-48d7-9c2e-8e5481ac02fe,2010-05-06,01:10:00,EDSA Kamias Road Quezon City,0,0,0,0,0,0,0,0,0,0,2010-05-06 9:10,Property,14.61797303,121.0516572,Side Swipe
None,EDSA,None,None,"Unknown, Hit and Run (No Collision Stated), 0.0 drivers_injured, 0.0 drivers_killed, 0.0 passengers_injured, 0.0 passengers_killed, 0.0 pedestrian_injured, 0.0 pedestrian_killed, Dry, EDSA White Plains Avenue Quezon City",MMDA Road Safety Unit,,ed4ea0dd-2c93-49f5-85ee-fa67b361365a,2010-04-29,04:10:00,EDSA Whiteplains Ave. Quezon City,0,0,0,0,0,0,0,0,0,0,2010-04-29 12:10,Property,14.59961782,121.0596522,No Collision Stated
None,EDSA,None,None,"Unknown, Hit and Run (No Collision Stated), 0.0 drivers_injured, 0.0 drivers_killed, 0.0 passengers_injured, 0.0 passengers_killed, 0.0 pedestrian_injured, 0.0 pedestrian_killed, Dry, EDSA Kamuning Road Quezon City",MMDA Road Safety Unit,,54c7b113-3b68-44a3-91be-4c3bfff3924e,2010-04-28,11:30:00,EDSA fronting Camp Crame Quezon City,0,0,0,0,0,0,0,0,0,0,2010-04-28 19:30,Property,14.63075725,121.0457548,No Collision Stated
None,EDSA,None,None,"Unknown, Self-Accident, 0.0 drivers_injured, 0.0 drivers_killed, 1.0 passengers_injured, 0.0 passengers_killed, 0.0 pedestrian_injured, 0.0 pedestrian_killed, Dry, EDSA after White Plains Avenue Quezon City",MMDA Road Safety Unit,,6fdd90d9-38e8-4478-9e4d-5a2945a0e0e9,2010-04-25,22:00:00,EDSA fronting Q-Mart Quezon City,0,0,0,0,1,0,0,0,0,1,2010-04-26 6:00,Injury,14.59991628,121.0597466,Self-Accident
None,EDSA,None,None,"Unknown, Hit Object (No Object Stated), 0.0 drivers_injured, 0.0 drivers_killed, 0.0 passengers_injured, 0.0 passengers_killed, 0.0 pedestrian_injured, 0.0 pedestrian_killed, Dry, EDSA at ""U""turn slot near B. Serrano Avenue Quezon City",MMDA Road Safety Unit,,e8d57ab5-f156-4af5-abad-9a5bcffa5967,2010-04-20,11:30:00,EDSA Ortigas Avenue / Robinson Mall Quezon City,0,0,0,0,0,0,0,0,0,0,2010-04-20 19:30,Property,14.61151418,121.0548874,Hit Object
None,EDSA,None,None,"Unknown, Rear-end, 0.0 drivers_injured, 0.0 drivers_killed, 0.0 passengers_injured, 0.0 passengers_killed, 0.0 pedestrian_injured, 0.0 pedestrian_killed, Dry, EDSA fronting Toyota North Edsa Quezon City",MMDA Road Safety Unit,,7c88e5e8-1f7d-4ddb-88cf-89e4463a26fa,2010-04-14,06:15:00,"EDSA fronting Oriental Market, Balintawak Quezon City",0,0,0,0,0,0,0,0,0,0,2010-04-14 14:15,Property,14.65682554,121.0251398,Rear-End
None,EDSA,None,None,"Unknown, Side Swipe, 0.0 drivers_injured, 0.0 drivers_killed, 0.0 passengers_injured, 0.0 passengers_killed, 0.0 pedestrian_injured, 0.0 pedestrian_killed, Dry, EDSA Aurora Blvd. Quezon City",MMDA Road Safety Unit,,d1a5d87b-7184-4851-9f3a-e67d4ea44d80,2010-04-14,04:10:00,EDSA Roosevelt Ave. Quezon City,0,0,0,0,0,0,0,0,0,0,2010-04-14 12:10,Property,14.62163653,121.0501573,Side Swipe
None,EDSA,None,None,"Unknown, Side Swipe, 0.0 drivers_injured, 0.0 drivers_killed, 0.0 passengers_injured, 0.0 passengers_killed, 0.0 pedestrian_injured, 0.0 pedestrian_killed, Dry, EDSA Quezon Avenue Quezon City",MMDA Road Safety Unit,,fc8487ac-0ce7-40fa-8677-6a39c8866a88,2010-04-14,00:35:00,"EDSA fronting Oriental Market, Balintawak Quezon City",0,0,0,0,0,0,0,0,0,0,2010-04-14 8:35,Property,14.6442444,121.0375839,Side Swipe
None,EDSA,None,None,"Unknown, Rear-end, 0.0 drivers_injured, 0.0 drivers_killed, 0.0 passengers_injured, 0.0 passengers_killed, 0.0 pedestrian_injured, 0.0 pedestrian_killed, Dry, EDSA B. Serrano Avenue Quezon City",MMDA Road Safety Unit,,f4954a02-02a6-49b0-8eb7-238df9c5cfff,2010-04-11,06:50:00,EDSA Cloverleaf Service Road Quezon City,0,0,0,0,0,0,0,0,0,0,2010-04-11 14:50,Property,14.61096685,121.0551991,Rear-End
None,EDSA,None,None,"Unknown, Rear-end, 0.0 drivers_injured, 0.0 drivers_killed, 0.0 passengers_injured, 0.0 passengers_killed, 0.0 pedestrian_injured, 0.0 pedestrian_killed, Dry, EDSA Bansalangin St. Quezon City",MMDA Road Safety Unit,,9ec075e2-16e8-4761-8a91-47b703916626,2010-04-11,00:30:00,"EDSA Gen. McArthur Ave., Cubao Quezon City",0,0,0,0,0,0,0,0,0,0,2010-04-11 8:30,Property,14.6567996,121.0241845,Rear-End
None,EDSA,None,None,"Unknown, Side Swipe, 0.0 drivers_injured, 0.0 drivers_killed, 0.0 passengers_injured, 0.0 passengers_killed, 0.0 pedestrian_injured, 0.0 pedestrian_killed, Dry, EDSA fronting Wilcon Builder's Depot Quezon City",MMDA Road Safety Unit,,e60c6beb-183e-4bf2-a66d-aa4aaf8e06a1,2010-04-10,09:00:00,EDSA Monte De Piedad St. Quezon City,0,0,0,0,0,0,0,0,0,0,2010-04-10 17:00,Property,14.65761382,121.0091735,Side Swipe
None,EDSA,None,None,"Unknown, Side Swipe, 0.0 drivers_injured, 0.0 drivers_killed, 0.0 passengers_injured, 0.0 passengers_killed, 0.0 pedestrian_injured, 0.0 pedestrian_killed, Dry, EDSA Annapolis St. Quezon City",MMDA Road Safety Unit,,f2b7faf9-f175-49b1-a7e9-3d9b065cfb9b,2010-04-08,23:40:00,EDSA Kamias Road Quezon City,0,0,0,0,0,0,0,0,0,0,2010-04-09 7:40,Property,14.60596216,121.0571767,Side Swipe
None,EDSA,None,None,"Unknown, Hit and Run (No Collision Stated), 0.0 drivers_injured, 0.0 drivers_killed, 0.0 passengers_injured, 0.0 passengers_killed, 0.0 pedestrian_injured, 0.0 pedestrian_killed, Dry, EDSA Coregidor St. Quezon City",MMDA Road Safety Unit,,aaa30fa0-6277-48b2-b022-ff28754b5b87,2010-04-08,19:50:00,EDSA Aurora Blvd. Quezon City,0,0,0,0,0,0,0,0,0,0,2010-04-09 3:50,Property,14.65693271,121.0240924,No Collision Stated
None,EDSA,None,None,"Unknown, Hit Object (Gutter), 0.0 drivers_injured, 0.0 drivers_killed, 0.0 passengers_injured, 0.0 passengers_killed, 0.0 pedestrian_injured, 0.0 pedestrian_killed, Dry, EDSA East Avenue Quezon City",MMDA Road Safety Unit,,5901b9e1-b425-4824-8ef9-8283538885da,2010-04-08,05:30:00,"EDSA fronting Victory Liner, New York St. Quezon City",0,0,0,0,0,0,0,0,0,0,2010-04-08 13:30,Property,14.6328297,121.0451176,Hit Object
None,EDSA,None,None,"Human Error, Angle Impact, 0.0 drivers_injured, 0.0 drivers_killed, 0.0 passengers_injured, 0.0 passengers_killed, 0.0 pedestrian_injured, 0.0 pedestrian_killed, Dry, EDSA Timog Avenue Quezon City",MMDA Road Safety Unit,,a52f81c2-6f24-4f30-80a7-2cc694d506d9,2010-04-06,12:00:00,"EDSA Caltex Gas Station, Balintawak Quezon City",0,0,0,0,0,0,0,0,0,0,2010-04-06 20:00,Property,14.63251531,121.0449481,Angle Impact
None,EDSA,None,None,"Unknown, Hit Parked Vehicle, 0.0 drivers_injured, 0.0 drivers_killed, 0.0 passengers_injured, 0.0 passengers_killed, 0.0 pedestrian_injured, 0.0 pedestrian_killed, Dry, EDSA near Kamuning Road / Meralco Office Parking Quezon City",MMDA Road Safety Unit,,fdd1a15b-a1d9-4223-b506-05c5741968a3,2010-04-06,05:30:00,"EDSA at ""U"" turn slot, Iglesia ni Cristo Church Quezon City",0,0,0,0,0,0,0,0,0,0,2010-04-06 13:30,Property,14.63085309,121.0457785,Hit Object
None,EDSA,None,None,"Unknown, Rear-end, 0.0 drivers_injured, 0.0 drivers_killed, 0.0 passengers_injured, 0.0 passengers_killed, 0.0 pedestrian_injured, 0.0 pedestrian_killed, Dry, EDSA fronting National Printing Office  Quezon City",MMDA Road Safety Unit,,2d8cbae8-5be2-40b6-8263-d0443503317d,2010-03-30,11:20:00,EDSA fronting Guzend Bldg. Quezon City,0,0,0,0,0,0,0,0,0,0,2010-03-30 19:20,Property,14.63881016,121.0411993,Rear-End
None,EDSA,None,None,"Unknown, Side Swipe, 0.0 drivers_injured, 0.0 drivers_killed, 0.0 passengers_injured, 0.0 passengers_killed, 0.0 pedestrian_injured, 0.0 pedestrian_killed, Dry, EDSA bet. Aurora Blvd. & P. Tuazon Blvd.  Quezon City",MMDA Road Safety Unit,,845c5a09-4f61-4e89-8da7-789a2c9bd10f,2010-03-30,09:25:00,EDSA Cloverleaf Service Road Quezon City,0,0,0,0,0,0,0,0,0,0,2010-03-30 17:25,Property,14.61869499,121.0515166,Side Swipe
None,EDSA,None,None,"Unknown, Rear-end, 0.0 drivers_injured, 0.0 drivers_killed, 0.0 passengers_injured, 0.0 passengers_killed, 0.0 pedestrian_injured, 0.0 pedestrian_killed, Dry, EDSA fronting Nepa Q Mart Quezon City",MMDA Road Safety Unit,,122145db-62f0-4ec2-a280-556169bb32a4,2010-03-29,21:40:00,EDSA Congressional Ave. Quezon City,0,0,0,0,0,0,0,0,0,0,2010-03-30 5:40,Property,14.6280917,121.0472321,Rear-End
None,EDSA,None,None,"Unknown, Rear-end, 0.0 drivers_injured, 0.0 drivers_killed, 0.0 passengers_injured, 0.0 passengers_killed, 0.0 pedestrian_injured, 0.0 pedestrian_killed, Dry, EDSA fronting Santolan MRT Station Quezon City",MMDA Road Safety Unit,,92e3a51d-f6b0-4401-b350-8c9441269906,2010-03-29,00:30:00,"EDSA fronting Balintawak Pedestrian Overpass, Bgy. Oliveros Quezon City",0,0,0,0,0,0,0,0,0,0,2010-03-29 8:30,Property,14.6076422,121.0565003,Rear-End
None,EDSA,None,None,"Unknown, Rear-end, 0.0 drivers_injured, 0.0 drivers_killed, 0.0 passengers_injured, 0.0 passengers_killed, 0.0 pedestrian_injured, 0.0 pedestrian_killed, Dry, EDSA fronting Farmers Plaza Cubao Quezon City",MMDA Road Safety Unit,,864f5a80-5d80-4129-8dfe-1a6f1af05c39,2010-03-21,05:10:00,EDSA fronting Waltermart Quezon City,0,0,0,0,0,0,0,0,0,0,2010-03-21 13:10,Property,14.61924195,121.0511606,Rear-End
None,EDSA,None,None,"Human Error, Side Swipe, 0.0 drivers_injured, 0.0 drivers_killed, 0.0 passengers_injured, 0.0 passengers_killed, 0.0 pedestrian_injured, 0.0 pedestrian_killed, Dry, EDSA fronting Q Mart Market Quezon City",MMDA Road Safety Unit,,f139f76e-b604-4d05-b56e-67c7d25bb4c7,2010-03-20,12:00:00,EDSA Bulacan St. Quezon City,0,0,0,0,0,0,0,0,0,0,2010-03-20 20:00,Property,14.62803883,121.0472622,Side Swipe
None,EDSA,None,None,"Unknown, Side Swipe, 0.0 drivers_injured, 0.0 drivers_killed, 0.0 passengers_injured, 0.0 passengers_killed, 0.0 pedestrian_injured, 0.0 pedestrian_killed, Dry, EDSA Kaingin road    Quezon City",MMDA Road Safety Unit,,2af2ff78-016f-46db-9c61-3233b1ce9315,2010-03-20,06:00:00,"EDSA fronting Camp Aguinaldo, Cubao Quezon City",0,0,0,0,0,0,0,0,0,0,2010-03-20 14:00,Property,14.65746493,121.0109963,Side Swipe