LOCATION_TEXT,ROAD,WEATHER,LIGHT,DESC,REPORTING_AGENCY,MAIN_CAUSE,INCIDENTDETAILS_ID,DATE_UTC,TIME_UTC,ADDRESS,killed_driver,killed_passenger,killed_pedestrian,injured_driver,injured_passenger,injured_pedestrian,killed_uncategorized,injured_uncategorized,killed_total,injured_total,DATETIME_PST,SEVERITY,Y,X,COLLISION_TYPE
None,EDSA,None,None,"Unknown, Side Swipe, 0.0 drivers_injured, 0.0 drivers_killed, 0.0 passengers_injured, 0.0 passengers_killed, 0.0 pedestrian_injured, 0.0 pedestrian_killed, Dry, EDSA fronting Baliwag Bus Terminal Quezon City",MMDA Road Safety Unit,,55c32dc8-7aee-4188-9098-5e5ce7ec7dde,2010-03-20,05:45:00,EDSA Balintawak Market Quezon City,0,0,0,0,0,0,0,0,0,0,2010-03-20 13:45,Property,14.62497658,121.0487035,Side Swipe
None,EDSA,None,None,"Unknown, Side Swipe, 0.0 drivers_injured, 0.0 drivers_killed, 0.0 passengers_injured, 0.0 passengers_killed, 0.0 pedestrian_injured, 0.0 pedestrian_killed, Dry, EDSA fronting DPWH Bldg. Quezon City",MMDA Road Safety Unit,,79fd6044-c03c-4d24-a968-f331bdaffde4,2010-03-19,05:15:00,EDSA fronting Oriental Balintawak near NLEX Sevice Road Quezon City,0,0,0,0,0,0,0,0,0,0,2010-03-19 13:15,Property,14.63473964,121.043922,Side Swipe
None,EDSA,None,None,"Unknown, Rear-end, 0.0 drivers_injured, 0.0 drivers_killed, 0.0 passengers_injured, 0.0 passengers_killed, 0.0 pedestrian_injured, 0.0 pedestrian_killed, Dry, EDSA fronting Five Star Bus Terminal Cubao Quezon City",MMDA Road Safety Unit,,9c3fdbf5-49a9-4b8a-a4ee-46e15605cb56,2010-03-19,04:45:00,EDSA fronting SM City-North Mall Quezon City,0,0,0,0,0,0,0,0,0,0,2010-03-19 12:45,Property,14.62380284,121.0492837,Rear-End
None,EDSA,None,None,"Unknown, Side Swipe, 0.0 drivers_injured, 0.0 drivers_killed, 0.0 passengers_injured, 0.0 passengers_killed, 0.0 pedestrian_injured, 0.0 pedestrian_killed, Dry, EDSA GMA Network Center  Quezon City",MMDA Road Safety Unit,,94770023-c4ff-4d81-a1f9-02a3c7660175,2010-03-18,04:15:00,EDSA fronting SM City-North Mall (Annex) Quezon City,0,0,0,0,0,0,0,0,0,0,2010-03-18 12:15,Property,14.63467214,121.0435714,Side Swipe
None,EDSA,None,None,"Unknown, Angle Impact, 0.0 drivers_injured, 0.0 drivers_killed, 0.0 passengers_injured, 0.0 passengers_killed, 0.0 pedestrian_injured, 0.0 pedestrian_killed, Dry, EDSA fronting DILG Bldg. Quezon City",MMDA Road Safety Unit,,8b64301e-6825-4797-87ef-ca5c52590f05,2010-03-18,02:45:00,EDSA fronting Central Terminal  Quezon City,0,0,0,0,0,0,0,0,0,0,2010-03-18 10:45,Property,14.63207587,121.0454668,Angle Impact
None,EDSA,None,None,"Unknown, Side Swipe, 0.0 drivers_injured, 0.0 drivers_killed, 0.0 passengers_injured, 0.0 passengers_killed, 0.0 pedestrian_injured, 0.0 pedestrian_killed, Dry, EDSA fronting Trinoma Mall Quezon City",MMDA Road Safety Unit,,b4c87b9f-d73a-449b-9547-a2cf0345eabf,2010-03-17,10:00:00,EDSA Col. Bonny Serrano Ave. (Santolan Road) Quezon City,0,0,0,0,0,0,0,0,0,0,2010-03-17 18:00,Property,14.65249719,121.0322415,Side Swipe
None,EDSA,None,None,"Unknown, Angle Impact, 0.0 drivers_injured, 0.0 drivers_killed, 0.0 passengers_injured, 0.0 passengers_killed, 0.0 pedestrian_injured, 0.0 pedestrian_killed, Dry, EDSA Ermin Garcia St.  Quezon City",MMDA Road Safety Unit,,10a1f572-757d-4278-bd7e-ac2ef97abd7a,2010-03-17,06:30:00,EDSA Kamuning Road Quezon City,0,0,0,0,0,0,0,0,0,0,2010-03-17 14:30,Property,14.62758814,121.047487,Angle Impact
None,EDSA,None,None,"Unknown, Rear-end, 0.0 drivers_injured, 0.0 drivers_killed, 0.0 passengers_injured, 0.0 passengers_killed, 0.0 pedestrian_injured, 0.0 pedestrian_killed, Dry, EDSA fronting JAC Liner Terminal Quezon City",MMDA Road Safety Unit,,150b8fdf-ab4b-4065-b6d9-3925a3394b3a,2010-03-15,03:50:00,EDSA Santolan Road Quezon City,0,0,0,0,0,0,0,0,0,0,2010-03-15 11:50,Property,14.63206278,121.0454731,Rear-End
None,EDSA,None,None,"Unknown, Hit and Run (No Collision Stated), 0.0 drivers_injured, 0.0 drivers_killed, 0.0 passengers_injured, 0.0 passengers_killed, 0.0 pedestrian_injured, 0.0 pedestrian_killed, Dry, EDSA fronting Cloverleaf Market Quezon City",MMDA Road Safety Unit,,dc465c3e-7323-4943-be17-767542b17388,2010-03-13,16:40:00,EDSA fronting PWU Quezon City,0,0,0,0,0,0,0,0,0,0,2010-03-14 0:40,Property,14.65731339,121.000715,No Collision Stated
None,EDSA,None,None,"Unknown, Side Swipe, 0.0 drivers_injured, 0.0 drivers_killed, 0.0 passengers_injured, 0.0 passengers_killed, 0.0 pedestrian_injured, 0.0 pedestrian_killed, Dry, EDSA fronting Paramount Blkdg. Quezon City",MMDA Road Safety Unit,,f274188e-2ff6-4470-b61d-9d743b0e73b5,2010-03-13,09:30:00,"EDSA fronting Chowking Foodchain, Balintawak Quezon City",0,0,0,0,0,0,0,0,0,0,2010-03-13 17:30,Property,14.65514084,121.0303121,Side Swipe
None,EDSA,None,None,"Unknown, Rear-end, 0.0 drivers_injured, 0.0 drivers_killed, 0.0 passengers_injured, 0.0 passengers_killed, 0.0 pedestrian_injured, 0.0 pedestrian_killed, Dry, EDSA at ""U""turn slot Quezon Avenue Quezon City",MMDA Road Safety Unit,,0950ac5b-30f5-481d-9482-801a6d3c5ce5,2010-03-12,21:00:00,"EDSA fronting Central Terminal, Bgy. Bagong Pag-asa Quezon City",0,0,0,0,0,0,0,0,0,0,2010-03-13 5:00,Property,14.64315598,121.0382383,Rear-End
None,EDSA,None,None,"Unknown, Hit and Run (No Collision Stated), 0.0 drivers_injured, 0.0 drivers_killed, 0.0 passengers_injured, 0.0 passengers_killed, 0.0 pedestrian_injured, 0.0 pedestrian_killed, Dry, EDSA North Ave., Bgy. Bagong Pag-asa Quezon City",MMDA Road Safety Unit,,b4a5725b-5f1b-4e5d-82a1-fec0cc1ad351,2010-03-11,15:30:00,EDSA fronting Balintawak Market Quezon City,0,0,0,0,0,0,0,0,0,0,2010-03-11 23:30,Property,14.65553839,121.0299647,No Collision Stated
None,EDSA,None,None,"Unknown, Side Swipe, 0.0 drivers_injured, 0.0 drivers_killed, 0.0 passengers_injured, 0.0 passengers_killed, 0.0 pedestrian_injured, 0.0 pedestrian_killed, Dry, EDSA GMA MRT Station Quezon City",MMDA Road Safety Unit,,73125a30-a220-4bb3-996c-a14f716a1850,2010-03-09,22:05:00,EDSA Roosevelt Ave. Quezon City,0,0,0,0,0,0,0,0,0,0,2010-03-10 6:05,Property,14.63467214,121.0435714,Side Swipe
None,EDSA,None,None,"Unknown, Self-Accident, 0.0 drivers_injured, 0.0 drivers_killed, 0.0 passengers_injured, 0.0 passengers_killed, 0.0 pedestrian_injured, 0.0 pedestrian_killed, Dry, EDSA Congressional Ave. Quezon City",MMDA Road Safety Unit,,35391327-b97e-4fbf-a90f-a748cd48d44f,2010-03-08,03:00:00,EDSA fronting Lemon Square Quezon City,0,0,0,0,0,0,0,0,0,0,2010-03-08 11:00,Property,14.6571804,120.9927185,Self-Accident
None,EDSA,None,None,"Unknown, Hit and Run (No Collision Stated), 0.0 drivers_injured, 0.0 drivers_killed, 0.0 passengers_injured, 0.0 passengers_killed, 0.0 pedestrian_injured, 0.0 pedestrian_killed, Dry, EDSA fronting Farmers Cubao Quezon City",MMDA Road Safety Unit,,4522bc51-d97c-4929-9764-a8f131546dc7,2010-03-06,08:30:00,EDSA Kamuning Road Quezon City,0,0,0,0,0,0,0,0,0,0,2010-03-06 16:30,Property,14.61924195,121.0511606,No Collision Stated
None,EDSA,None,None,"Unknown, Side Swipe, 0.0 drivers_injured, 0.0 drivers_killed, 0.0 passengers_injured, 0.0 passengers_killed, 0.0 pedestrian_injured, 0.0 pedestrian_killed, Dry, EDSA Approaching Ortigas Avenue Quezon City",MMDA Road Safety Unit,,67aa13a5-f620-4d68-8863-b112f80a3c5c,2010-03-05,00:25:00,EDSA Kaingin St. Quezon City,0,0,0,0,0,0,0,0,0,0,2010-03-05 8:25,Property,14.59384942,121.0583573,Side Swipe
None,EDSA,None,None,"Unknown, Rear-end, 0.0 drivers_injured, 0.0 drivers_killed, 0.0 passengers_injured, 0.0 passengers_killed, 0.0 pedestrian_injured, 0.0 pedestrian_killed, Dry, EDSA fronting Farmers Plaza Loading Bay, Cubao Quezon City",MMDA Road Safety Unit,,5a44aa42-f494-46de-a8d1-46477e248067,2010-03-01,13:15:00,EDSA Quezon Ave. Quezon City,0,0,0,0,0,0,0,0,0,0,2010-03-01 21:15,Property,14.61924195,121.0511606,Rear-End
None,EDSA,None,None,"Unknown, Hit and Run (No Collision Stated), 0.0 drivers_injured, 0.0 drivers_killed, 0.0 passengers_injured, 0.0 passengers_killed, 0.0 pedestrian_injured, 0.0 pedestrian_killed, Dry, EDSA Aurora Blvd. Quezon City",MMDA Road Safety Unit,,dfb20100-ff25-49e4-9da1-20ab247f1c75,2010-02-27,14:45:00,EDSA after Kaingin Road Quezon City,0,0,0,0,0,0,0,0,0,0,2010-02-27 22:45,Property,14.62163653,121.0501573,No Collision Stated
None,EDSA,None,None,"Unknown, Side Swipe, 0.0 drivers_injured, 0.0 drivers_killed, 0.0 passengers_injured, 0.0 passengers_killed, 0.0 pedestrian_injured, 0.0 pedestrian_killed, Dry, EDSA fronting Victory Liner  bus Terminal Quezon City",MMDA Road Safety Unit,,a1609c2a-9d6f-4df6-a3af-3f9671fae3fa,2010-02-27,01:40:00,EDSA fronting Iglesia ni Cristo Church Quezon City,0,0,0,0,0,0,0,0,0,0,2010-02-27 9:40,Property,14.63252227,121.0452382,Side Swipe
None,EDSA,None,None,"Unknown, Hit and Run (No Collision Stated), 0.0 drivers_injured, 0.0 drivers_killed, 0.0 passengers_injured, 0.0 passengers_killed, 0.0 pedestrian_injured, 0.0 pedestrian_killed, Dry, EDSA fronting DILAG Quezon City",MMDA Road Safety Unit,,551a454a-b9d1-4f96-8d68-e7ac7ac2db6d,2010-02-22,18:00:00,EDSA fronting Balintawak Restaurant Quezon City,0,0,0,0,0,0,0,0,0,0,2010-02-23 2:00,Property,14.63207587,121.0454668,No Collision Stated
None,EDSA,None,None,"Unknown, Rear-end, 0.0 drivers_injured, 0.0 drivers_killed, 0.0 passengers_injured, 0.0 passengers_killed, 0.0 pedestrian_injured, 0.0 pedestrian_killed, Dry, EDSA bet. Bansalangin & West Avenue Quezon City",MMDA Road Safety Unit,,ca0a275f-ac9d-4487-b164-5dc32cd0fdc6,2010-02-22,07:30:00,"EDSA fronting Nissan, Balintawak Quezon City",0,0,0,0,0,0,0,0,0,0,2010-02-22 15:30,Property,14.65628863,121.0266396,Rear-End
None,EDSA,None,None,"Unknown, Side Swipe, 0.0 drivers_injured, 0.0 drivers_killed, 0.0 passengers_injured, 0.0 passengers_killed, 0.0 pedestrian_injured, 0.0 pedestrian_killed, Dry, EDSA fronting Mega Q Mart  Quezon City",MMDA Road Safety Unit,,09c86537-fcd1-4487-af2c-f7b7a0a62bdc,2010-02-21,23:30:00,EDSA fronting Globe Master Quezon City,0,0,0,0,0,0,0,0,0,0,2010-02-22 7:30,Property,14.62804343,121.0471785,Side Swipe
None,EDSA,None,None,"Unknown, Hit and Run (No Collision Stated), 0.0 drivers_injured, 0.0 drivers_killed, 0.0 passengers_injured, 0.0 passengers_killed, 0.0 pedestrian_injured, 0.0 pedestrian_killed, Dry, EDSA East Avenue Quezon City",MMDA Road Safety Unit,,f5dbc473-d51f-4cdb-bf27-7ef318edb6e5,2010-02-21,13:00:00,EDSA fronting Iglesia ni Cristo Church Quezon City,0,0,0,0,0,0,0,0,0,0,2010-02-21 21:00,Property,14.6328297,121.0451176,No Collision Stated
None,EDSA,None,None,"Unknown, Side Swipe, 0.0 drivers_injured, 0.0 drivers_killed, 0.0 passengers_injured, 0.0 passengers_killed, 0.0 pedestrian_injured, 0.0 pedestrian_killed, Dry, EDSA fronting Manila Seedling Bank Quezon City",MMDA Road Safety Unit,,0a5f16cf-51bf-4609-84ca-693dfd7b01fb,2010-02-21,10:50:00,EDSA Royal Quezon City,0,0,0,0,0,0,0,0,0,0,2010-02-21 18:50,Property,14.64482826,121.037219,Side Swipe
None,EDSA,None,None,"Unknown, Side Swipe, 0.0 drivers_injured, 0.0 drivers_killed, 0.0 passengers_injured, 0.0 passengers_killed, 0.0 pedestrian_injured, 0.0 pedestrian_killed, Dry, EDSA P. Tuazon Blvd. Quezon City",MMDA Road Safety Unit,,4cab3a50-abfe-4ae6-85de-eea2c027027a,2010-02-20,14:30:00,EDSA SM City-North Mall (Annex) Quezon City,0,0,0,0,0,0,0,0,0,0,2010-02-20 22:30,Property,14.61656342,121.0525225,Side Swipe
None,EDSA,None,None,"Unknown, Side Swipe, 0.0 drivers_injured, 0.0 drivers_killed, 0.0 passengers_injured, 0.0 passengers_killed, 0.0 pedestrian_injured, 0.0 pedestrian_killed, Dry, EDSA fronting Camp Aguinaldo  (NB) Quezon City",MMDA Road Safety Unit,,d71d167a-3a2e-4608-97b0-3f034732e7e1,2010-02-19,13:30:00,EDSA Bansalangin Quezon City,0,0,0,0,0,0,0,0,0,0,2010-02-19 21:30,Property,14.6074566,121.0567511,Side Swipe
None,EDSA,None,None,"Unknown, Side Swipe, 0.0 drivers_injured, 0.0 drivers_killed, 0.0 passengers_injured, 0.0 passengers_killed, 0.0 pedestrian_injured, 0.0 pedestrian_killed, Dry, EDSA after P. Tuazon Blvd. Quezon City",MMDA Road Safety Unit,,a06706c3-b42f-43f2-b2e2-1d649085b2bf,2010-02-19,11:30:00,EDSA SM City-North Mall (Annex) Quezon City,0,0,0,0,0,0,0,0,0,0,2010-02-19 19:30,Property,14.61646666,121.0523883,Side Swipe
None,EDSA,None,None,"Unknown, Side Swipe, 0.0 drivers_injured, 0.0 drivers_killed, 0.0 passengers_injured, 0.0 passengers_killed, 0.0 pedestrian_injured, 0.0 pedestrian_killed, Dry, EDSA fronting DILG Bldg. Quezon City",MMDA Road Safety Unit,,7849c961-6cf9-4a73-8f2f-aaac1c3c8768,2010-02-19,08:20:00,EDSA North Ave. Quezon City,0,0,0,0,0,0,0,0,0,0,2010-02-19 16:20,Property,14.63207587,121.0454668,Side Swipe
None,EDSA,None,None,"Unknown, Rear-end, 0.0 drivers_injured, 0.0 drivers_killed, 0.0 passengers_injured, 0.0 passengers_killed, 0.0 pedestrian_injured, 0.0 pedestrian_killed, Dry, EDSA Monte De Piedad (Foot Bridge) Quezon City",MMDA Road Safety Unit,,81dd9d34-8bd4-4d1b-84a3-fe27559b4091,2010-02-19,08:10:00,"EDSA OP/UP, near Balintawak Market Quezon City",0,0,0,0,0,0,0,0,0,0,2010-02-19 16:10,Property,14.62346937,121.0491711,Rear-End
None,EDSA,None,None,"Unknown, Hit Object (No Object Stated), 0.0 drivers_injured, 0.0 drivers_killed, 0.0 passengers_injured, 0.0 passengers_killed, 0.0 pedestrian_injured, 0.0 pedestrian_killed, Dry, EDSA fronting Camp Crame  Quezon City",MMDA Road Safety Unit,,8f56bf02-34af-40a1-afa9-0b3c1e677b31,2010-02-19,05:30:00,EDSA fronting Iglesia ni Cristo Church Quezon City,0,0,0,0,0,0,0,0,0,0,2010-02-19 13:30,Property,14.60925441,121.0557175,Hit Object
None,EDSA,None,None,"Unknown, Hit Object (No Object Stated), 0.0 drivers_injured, 0.0 drivers_killed, 6.0 passengers_injured, 0.0 passengers_killed, 0.0 pedestrian_injured, 0.0 pedestrian_killed, Dry, EDSA fronting Camp Crame  Quezon City",MMDA Road Safety Unit,,aa84326f-eaee-400a-8a44-fda26e4fd42e,2010-02-19,05:30:00,EDSA Misamis St. Quezon City,0,0,0,0,6,0,0,0,0,6,2010-02-19 13:30,Injury,14.60925441,121.0557175,Hit Object
None,EDSA,None,None,"Unknown, Side Swipe, 0.0 drivers_injured, 0.0 drivers_killed, 0.0 passengers_injured, 0.0 passengers_killed, 0.0 pedestrian_injured, 0.0 pedestrian_killed, Dry, EDSA fronting Kamuning Police Station Quezon City",MMDA Road Safety Unit,,ce72089c-d4cb-45c7-a1de-44d9ce02f3a3,2010-02-18,08:30:00,EDSA QCPD Station 10 Quezon City,0,0,0,0,0,0,0,0,0,0,2010-02-18 16:30,Property,14.62986184,121.0461851,Side Swipe
None,EDSA,None,None,"Unknown, Hit Object (Slab-Concrete), 0.0 drivers_injured, 0.0 drivers_killed, 0.0 passengers_injured, 0.0 passengers_killed, 0.0 pedestrian_injured, 0.0 pedestrian_killed, Dry, EDSA fronting Total Gas Station, Bgy. Ug Sigaw Quezon City",MMDA Road Safety Unit,,72c11fc3-741d-4022-af3b-2d772d536173,2010-02-18,06:40:00,EDSA Roosevelt Ave. Quezon City,0,0,0,0,0,0,0,0,0,0,2010-02-18 14:40,Property,14.65758376,121.0037763,Hit Object
None,EDSA,None,None,"Unknown, Angle Impact, 0.0 drivers_injured, 0.0 drivers_killed, 0.0 passengers_injured, 0.0 passengers_killed, 0.0 pedestrian_injured, 0.0 pedestrian_killed, Dry, EDSA East Avenue Quezon City",MMDA Road Safety Unit,,d9003c05-6321-4c13-bb12-4ee35a92a01c,2010-02-17,22:00:00,EDSA New York St./ Dagupan Bus Terminal Quezon City,0,0,0,0,0,0,0,0,0,0,2010-02-18 6:00,Property,14.6328297,121.0451176,Angle Impact
None,EDSA,None,None,"Unknown, Side Swipe, 0.0 drivers_injured, 0.0 drivers_killed, 0.0 passengers_injured, 0.0 passengers_killed, 0.0 pedestrian_injured, 0.0 pedestrian_killed, Dry, EDSA fronting Victory Liner Terminal Quezon City",MMDA Road Safety Unit,,435f6a9d-1fca-4a21-9c1e-412da0b11ea7,2010-02-14,23:30:00,"EDSA Main Ave., Cubao Quezon City",0,0,0,0,0,0,0,0,0,0,2010-02-15 7:30,Property,14.62438651,121.0487652,Side Swipe
None,EDSA,None,None,"Unknown, Hit and Run (No Collision Stated), 0.0 drivers_injured, 0.0 drivers_killed, 0.0 passengers_injured, 0.0 passengers_killed, 0.0 pedestrian_injured, 0.0 pedestrian_killed, Dry, EDSA Corregidor St., Bgy. Ramon Magsaysay Quezon City",MMDA Road Safety Unit,,b32f0971-b685-497a-8cdf-1ae45e0e7924,2010-02-13,04:00:00,EDSA Roosevelt Ave. Quezon City,0,0,0,0,0,0,0,0,0,0,2010-02-13 12:00,Property,14.65707679,121.0241648,No Collision Stated
None,EDSA,None,None,"Unknown, Side Swipe, 0.0 drivers_injured, 0.0 drivers_killed, 0.0 passengers_injured, 0.0 passengers_killed, 0.0 pedestrian_injured, 0.0 pedestrian_killed, Dry, EDSA fronting Camp Aguinaldo  Quezon City",MMDA Road Safety Unit,,1b4eadb0-f0a5-47db-b83c-b2b174f5319d,2010-02-12,09:30:00,EDSA Col. Bonny Serrano Ave. (Santolan Road) Quezon City,0,0,0,0,0,0,0,0,0,0,2010-02-12 17:30,Property,14.6074566,121.0567511,Side Swipe
None,EDSA,None,None,"Unknown, Hit and Run (No Collision Stated), 0.0 drivers_injured, 0.0 drivers_killed, 0.0 passengers_injured, 0.0 passengers_killed, 0.0 pedestrian_injured, 0.0 pedestrian_killed, Dry, EDSA fronting Iglesia ni Cristo Church, Bgy. Katipu Quezon City",MMDA Road Safety Unit,,1ef0c1b5-d66b-41d0-8a9c-30a6cc760d21,2010-02-11,13:15:00,EDSA Roosevelt Ave. Quezon City,0,0,0,0,0,0,0,0,0,0,2010-02-11 21:15,Property,14.65749652,121.0222666,No Collision Stated
None,EDSA,None,None,"Unknown, Rear-end, 0.0 drivers_injured, 0.0 drivers_killed, 0.0 passengers_injured, 0.0 passengers_killed, 0.0 pedestrian_injured, 0.0 pedestrian_killed, Dry, EDSA fronting Lucena Bus Terminal Quezon City",MMDA Road Safety Unit,,0ed23102-22ee-4b03-8702-234b74efd80c,2010-02-10,06:00:00,EDSA fronting SM City-North Mall Quezon City,0,0,0,0,0,0,0,0,0,0,2010-02-10 14:00,Property,14.63163983,121.0456475,Rear-End
None,EDSA,None,None,"Unknown, Rear-end, 0.0 drivers_injured, 0.0 drivers_killed, 0.0 passengers_injured, 0.0 passengers_killed, 0.0 pedestrian_injured, 0.0 pedestrian_killed, Dry, EDSA Gate 3 Camp Aguinaldo Quezon City",MMDA Road Safety Unit,,a9957a0d-a9bc-4320-b92f-8a7aeec1632c,2010-02-07,04:00:00,EDSA fronting Total Gas Station Balintawak Quezon City,0,0,0,0,0,0,0,0,0,0,2010-02-07 12:00,Property,14.6047252,121.0579426,Rear-End
None,EDSA,None,None,"Unknown, Side Swipe, 1.0 drivers_injured, 0.0 drivers_killed, 1.0 passengers_injured, 0.0 passengers_killed, 0.0 pedestrian_injured, 0.0 pedestrian_killed, Dry, EDSA Cloverleaf Quezon City",MMDA Road Safety Unit,,8eebd165-9409-4a6f-b826-03a7031fdf25,2010-01-31,22:30:00,EDSA near New York St. Quezon City,0,0,0,1,1,0,0,0,0,2,2010-02-01 6:30,Injury,14.65747901,121.0011914,Side Swipe
None,EDSA,None,None,"Unknown, Side Swipe, 0.0 drivers_injured, 0.0 drivers_killed, 0.0 passengers_injured, 0.0 passengers_killed, 0.0 pedestrian_injured, 0.0 pedestrian_killed, Dry, EDSA fronting Balintawak market brgy. Balingasa Quezon City",MMDA Road Safety Unit,,9247db95-4e2c-4ba4-bdba-91155f2ba8f2,2010-01-31,11:30:00,EDSA North Ave. Quezon City,0,0,0,0,0,0,0,0,0,0,2010-01-31 19:30,Property,14.65736198,121.00264,Side Swipe
None,EDSA,None,None,"Unknown, Side Swipe, 0.0 drivers_injured, 0.0 drivers_killed, 0.0 passengers_injured, 0.0 passengers_killed, 0.0 pedestrian_injured, 0.0 pedestrian_killed, Dry, EDSA Cloverleaf Intersection balintawak Quezon City",MMDA Road Safety Unit,,4a369105-f560-44a5-88b4-684c33b7a6b2,2010-01-31,01:20:00,EDSA Roosevelt Ave. Quezon City,0,0,0,0,0,0,0,0,0,0,2010-01-31 9:20,Property,14.6575213,121.0010654,Side Swipe
None,EDSA,None,None,"Unknown, Hit and Run (No Collision Stated), 0.0 drivers_injured, 0.0 drivers_killed, 0.0 passengers_injured, 0.0 passengers_killed, 0.0 pedestrian_injured, 0.0 pedestrian_killed, Dry, EDSA Aurora Blvd. Cubao Quezon City",MMDA Road Safety Unit,,d8565c98-2181-47fc-8c18-24aed3d89bdc,2010-01-30,12:00:00,EDSA K-3rd St. Quezon City,0,0,0,0,0,0,0,0,0,0,2010-01-30 20:00,Property,14.62151658,121.0501092,No Collision Stated
None,EDSA,None,None,"Unknown, Side Swipe, 0.0 drivers_injured, 0.0 drivers_killed, 0.0 passengers_injured, 0.0 passengers_killed, 0.0 pedestrian_injured, 0.0 pedestrian_killed, Dry, EDSA main Avenue Quezon City",MMDA Road Safety Unit,,e0d5f901-0b15-4ca4-8656-bd8b52c0964b,2010-01-28,21:00:00,EDSA Congressional Ave. Quezon City,0,0,0,0,0,0,0,0,0,0,2010-01-29 5:00,Property,14.61376458,121.0537933,Side Swipe
None,EDSA,None,None,"Unknown, Hit and Run (No Collision Stated), 0.0 drivers_injured, 0.0 drivers_killed, 0.0 passengers_injured, 0.0 passengers_killed, 0.0 pedestrian_injured, 0.0 pedestrian_killed, Dry, EDSA B. Serrano Avenue Quezon City",MMDA Road Safety Unit,,dae9fb8e-370f-44a8-ac5e-74fa3822c2ee,2010-01-28,18:20:00,EDSA SM City-North Mall Quezon City,0,0,0,0,0,0,0,0,0,0,2010-01-29 2:20,Property,14.61096685,121.0551991,No Collision Stated
None,EDSA,None,None,"Unknown, Hit and Run (No Collision Stated), 0.0 drivers_injured, 0.0 drivers_killed, 0.0 passengers_injured, 0.0 passengers_killed, 0.0 pedestrian_injured, 0.0 pedestrian_killed, Dry, EDSA East Avenue Quezon City",MMDA Road Safety Unit,,11241dce-55bc-4469-ae19-cfedb49eab63,2010-01-27,10:30:00,EDSA North Ave. Quezon City,0,0,0,0,0,0,0,0,0,0,2010-01-27 18:30,Property,14.6328297,121.0451176,No Collision Stated
None,EDSA,None,None,"Unknown, Side Swipe, 0.0 drivers_injured, 0.0 drivers_killed, 0.0 passengers_injured, 0.0 passengers_killed, 0.0 pedestrian_injured, 0.0 pedestrian_killed, Dry, EDSA R. Magsaysay High School Quezon City",MMDA Road Safety Unit,,aba44dc5-e272-4ab7-a20a-180fb0dce444,2010-01-27,09:30:00,EDSA Corregidor St. Quezon City,0,0,0,0,0,0,0,0,0,0,2010-01-27 17:30,Property,14.62774693,121.0471762,Side Swipe
None,EDSA,None,None,"Unknown, Self-Accident, 0.0 drivers_injured, 0.0 drivers_killed, 0.0 passengers_injured, 0.0 passengers_killed, 0.0 pedestrian_injured, 0.0 pedestrian_killed, Dry, EDSA Santolan Road Quezon City",MMDA Road Safety Unit,,8e4eac26-2436-43fd-8b98-08b79a755c5c,2010-01-26,16:00:00,EDSA Congressional Ave. Quezon City,0,0,0,0,0,0,0,0,0,0,2010-01-27,Property,14.6102736,121.0552175,Self-Accident
None,EDSA,None,None,"Unknown, Hit and Run (No Collision Stated), 0.0 drivers_injured, 0.0 drivers_killed, 0.0 passengers_injured, 0.0 passengers_killed, 0.0 pedestrian_injured, 0.0 pedestrian_killed, Dry, EDSA New York St. Quezon City",MMDA Road Safety Unit,,b926cedf-343f-4b41-a8c8-751ee3ac0970,2010-01-26,08:30:00,EDSA P. Tuazon Blvd. Quezon City,0,0,0,0,0,0,0,0,0,0,2010-01-26 16:30,Property,14.62568514,121.0482307,No Collision Stated
None,EDSA,None,None,"Unknown, Side Swipe, 0.0 drivers_injured, 0.0 drivers_killed, 0.0 passengers_injured, 0.0 passengers_killed, 0.0 pedestrian_injured, 0.0 pedestrian_killed, Dry, EDSA at ""U""turn slot near Mapagmahal St. Quezon City",MMDA Road Safety Unit,,f14aa1e3-a8d5-4d34-acea-1f2d2cf5648a,2010-01-25,05:30:00,EDSA Seminary Road Quezon City,0,0,0,0,0,0,0,0,0,0,2010-01-25 13:30,Property,14.63194979,121.0454004,Side Swipe
None,EDSA,None,None,"Unknown, Rear-end, 0.0 drivers_injured, 0.0 drivers_killed, 0.0 passengers_injured, 0.0 passengers_killed, 0.0 pedestrian_injured, 0.0 pedestrian_killed, Dry, EDSA fronting Camp Aguinaldo  Quezon City",MMDA Road Safety Unit,,7bba1691-94c9-43e2-8c82-0ea773256922,2010-01-24,21:40:00,EDSA Quezon Ave. (SB) Quezon City,0,0,0,0,0,0,0,0,0,0,2010-01-25 5:40,Property,14.6074566,121.0567511,Rear-End
None,EDSA,None,None,"Unknown, Hit and Run (No Collision Stated), 0.0 drivers_injured, 0.0 drivers_killed, 0.0 passengers_injured, 0.0 passengers_killed, 0.0 pedestrian_injured, 0.0 pedestrian_killed, Dry, EDSA Congressional Ave. Quezon City",MMDA Road Safety Unit,,93732817-40e8-4857-9acb-f4c6bd5aa932,2010-01-24,15:30:00,EDSA Roosevelt Ave. Quezon City,0,0,0,0,0,0,0,0,0,0,2010-01-24 23:30,Property,14.6571804,120.9927185,No Collision Stated
None,EDSA,None,None,"Unknown, Rear-end, 0.0 drivers_injured, 0.0 drivers_killed, 0.0 passengers_injured, 0.0 passengers_killed, 0.0 pedestrian_injured, 0.0 pedestrian_killed, Dry, EDSA fronting Farmers Plaza  Quezon City",MMDA Road Safety Unit,,a51e02cd-6ddf-44b1-9c84-40d371ba5e40,2010-01-23,04:45:00,EDSA Kaingin St. Quezon City,0,0,0,0,0,0,0,0,0,0,2010-01-23 12:45,Property,14.61924195,121.0511606,Rear-End