LOCATION_TEXT,ROAD,WEATHER,LIGHT,DESC,REPORTING_AGENCY,MAIN_CAUSE,INCIDENTDETAILS_ID,DATE_UTC,TIME_UTC,ADDRESS,killed_driver,killed_passenger,killed_pedestrian,injured_driver,injured_passenger,injured_pedestrian,killed_uncategorized,injured_uncategorized,killed_total,injured_total,DATETIME_PST,SEVERITY,Y,X,COLLISION_TYPE
None,EDSA,None,None,"Unknown, Side Swipe, 0.0 drivers_injured, 0.0 drivers_killed, 0.0 passengers_injured, 0.0 passengers_killed, 0.0 pedestrian_injured, 0.0 pedestrian_killed, Dry, EDSA fronting Camp Crame  Quezon City",MMDA Road Safety Unit,,92af17e0-3a7b-42a8-9c3b-aeaf29989762,2010-01-22,07:30:00,EDSA Col. Bonny Serrano Ave. (Santolan Road) Quezon City,0,0,0,0,0,0,0,0,0,0,2010-01-22 15:30,Property,14.60925441,121.0557175,Side Swipe
None,EDSA,None,None,"Unknown, Side Swipe, 0.0 drivers_injured, 0.0 drivers_killed, 0.0 passengers_injured, 0.0 passengers_killed, 0.0 pedestrian_injured, 0.0 pedestrian_killed, Dry, EDSA at Farmers Loading bay Quezon City",MMDA Road Safety Unit,,ab17273b-83e4-4eca-b95b-5fa74ba2b6b4,2010-01-22,05:50:00,"EDSA fronting Mercury Drugstore, Balintawak Quezon City",0,0,0,0,0,0,0,0,0,0,2010-01-22 13:50,Property,14.61957655,121.0508581,Side Swipe
None,EDSA,None,None,"Unknown, Side Swipe, 0.0 drivers_injured, 0.0 drivers_killed, 0.0 passengers_injured, 0.0 passengers_killed, 0.0 pedestrian_injured, 0.0 pedestrian_killed, Dry, EDSA near corner Aurora Blvd. Cubao Quezon City",MMDA Road Safety Unit,,9af87672-d54a-454c-9ca0-fa31b3633820,2010-01-21,06:45:00,EDSA North Ave. Quezon City,0,0,0,0,0,0,0,0,0,0,2010-01-21 14:45,Property,14.62155994,121.0501481,Side Swipe
None,EDSA,None,None,"Unknown, Hit and Run (No Collision Stated), 0.0 drivers_injured, 0.0 drivers_killed, 0.0 passengers_injured, 0.0 passengers_killed, 0.0 pedestrian_injured, 0.0 pedestrian_killed, Dry, EDSA fronting Cloverleaf Market, Bgy. Balingasa Quezon City",MMDA Road Safety Unit,,a16a8f24-f6e6-403b-b191-5165d8d25eeb,2010-01-20,12:00:00,EDSA fronting Balintawak Market Quezon City,0,0,0,0,0,0,0,0,0,0,2010-01-20 20:00,Property,14.65731339,121.000715,No Collision Stated
None,EDSA,None,None,"Unknown, Other (Multiple Collision), 0.0 drivers_injured, 0.0 drivers_killed, 0.0 passengers_injured, 0.0 passengers_killed, 0.0 pedestrian_injured, 0.0 pedestrian_killed, Dry, EDSA Monte De Piedaad Overpass Quezon City",MMDA Road Safety Unit,,cf5d8f87-4718-495b-8ea0-98f11c7199fc,2010-01-19,02:45:00,"EDSA Santolan , MRT Station Quezon City",0,0,0,0,0,0,0,0,0,0,2010-01-19 10:45,Property,14.62346937,121.0491711,Multiple
None,EDSA,None,None,"Unknown, Rear-end, 0.0 drivers_injured, 0.0 drivers_killed, 0.0 passengers_injured, 0.0 passengers_killed, 0.0 pedestrian_injured, 0.0 pedestrian_killed, Dry, EDSA fronting Hyundai Cars Showroom  Quezon City",MMDA Road Safety Unit,,0b60dde2-3ceb-4db2-a592-331caf86fb48,2010-01-18,08:55:00,EDSA Aurora Blvd. Quezon City,0,0,0,0,0,0,0,0,0,0,2010-01-18 16:55,Property,14.65763115,121.0078707,Rear-End
None,EDSA,None,None,"Unknown, Side Swipe, 0.0 drivers_injured, 0.0 drivers_killed, 0.0 passengers_injured, 0.0 passengers_killed, 0.0 pedestrian_injured, 0.0 pedestrian_killed, Dry, EDSA fronting Red Central Autp Supply Quezon City",MMDA Road Safety Unit,,b09f6138-c601-40b1-9b04-18fd99cd893b,2010-01-17,22:30:00,EDSA Congressional Ave. Quezon City,0,0,0,0,0,0,0,0,0,0,2010-01-18 6:30,Property,14.65731101,121.023103,Side Swipe
None,EDSA,None,None,"Unknown, Side Swipe, 0.0 drivers_injured, 0.0 drivers_killed, 0.0 passengers_injured, 0.0 passengers_killed, 0.0 pedestrian_injured, 0.0 pedestrian_killed, Dry, EDSA fronting SM Annex North Edsa Quezon City",MMDA Road Safety Unit,,c7ec9523-1550-4054-b700-d7f7c06a87c4,2010-01-17,07:20:00,EDSA fronting Iglesia ni Cristo Church Quezon City,0,0,0,0,0,0,0,0,0,0,2010-01-17 15:20,Property,14.6565149,121.0265678,Side Swipe
None,EDSA,None,None,"Unknown, Side Swipe, 0.0 drivers_injured, 0.0 drivers_killed, 0.0 passengers_injured, 0.0 passengers_killed, 0.0 pedestrian_injured, 0.0 pedestrian_killed, Dry, EDSA Monte De Piedaad Overpass Quezon City",MMDA Road Safety Unit,,7c3e8366-c1b5-42bb-a753-5a78e8080486,2010-01-17,00:50:00,EDSA PCP Station 10 Quezon City,0,0,0,0,0,0,0,0,0,0,2010-01-17 8:50,Property,14.62346937,121.0491711,Side Swipe
None,EDSA,None,None,"Unknown, Side Swipe, 0.0 drivers_injured, 0.0 drivers_killed, 0.0 passengers_injured, 0.0 passengers_killed, 0.0 pedestrian_injured, 0.0 pedestrian_killed, Dry, EDSA fronting Mc Donald / panay Avenue Quezon City",MMDA Road Safety Unit,,843a7f60-bf5d-4872-aa2f-26db4fd7e169,2010-01-15,03:55:00,EDSA Aurora Blvd. Quezon City,0,0,0,0,0,0,0,0,0,0,2010-01-15 11:55,Property,14.64336422,121.0379811,Side Swipe
None,EDSA,None,None,"Unknown, Side Swipe, 0.0 drivers_injured, 0.0 drivers_killed, 0.0 passengers_injured, 0.0 passengers_killed, 0.0 pedestrian_injured, 0.0 pedestrian_killed, Dry, EDSA fronting Q Mart Quezon City",MMDA Road Safety Unit,,91f45b3c-112c-439c-906c-7036b691c0c6,2010-01-14,17:00:00,EDSA fronting Balintawak Market Quezon City,0,0,0,0,0,0,0,0,0,0,2010-01-15 1:00,Property,14.62803883,121.0472622,Side Swipe
None,EDSA,None,None,"Unknown, Self-Accident, 0.0 drivers_injured, 0.0 drivers_killed, 0.0 passengers_injured, 0.0 passengers_killed, 0.0 pedestrian_injured, 0.0 pedestrian_killed, Dry, EDSA fronting GMA Network Center Quezon City",MMDA Road Safety Unit,,4431b1b7-911e-40b6-ae24-c9c919f254a7,2010-01-12,17:00:00,EDSA Kaingin Road Quezon City,0,0,0,0,0,0,0,0,0,0,2010-01-13 1:00,Property,14.63487536,121.0435696,Self-Accident
None,EDSA,None,None,"Unknown, Side Swipe, 0.0 drivers_injured, 0.0 drivers_killed, 0.0 passengers_injured, 0.0 passengers_killed, 0.0 pedestrian_injured, 0.0 pedestrian_killed, Dry, EDSA fronting GMA Network Center Quezon City",MMDA Road Safety Unit,,40ba7b8c-3eb6-4eb5-9b44-09aeb35a996d,2010-01-11,00:00:00,"EDSA fronting Globe Depot Bldg., Balintawak Quezon City",0,0,0,0,0,0,0,0,0,0,2010-01-11 8:00,Property,14.63487536,121.0435696,Side Swipe
None,EDSA,None,None,"Unknown, Rear-end, 0.0 drivers_injured, 0.0 drivers_killed, 0.0 passengers_injured, 0.0 passengers_killed, 0.0 pedestrian_injured, 0.0 pedestrian_killed, Dry, EDSA fronting Manila Seedling bank Quezon City",MMDA Road Safety Unit,,d9e4785d-4efb-40a6-ad4b-1f766144370c,2010-01-10,20:30:00,EDSA E. Garcia St. Quezon City,0,0,0,0,0,0,0,0,0,0,2010-01-11 4:30,Property,14.64482826,121.037219,Rear-End
None,EDSA,None,None,"Unknown, Rear-end, 0.0 drivers_injured, 0.0 drivers_killed, 0.0 passengers_injured, 0.0 passengers_killed, 0.0 pedestrian_injured, 0.0 pedestrian_killed, Dry, EDSA fronting Bernardo Park Quezon City",MMDA Road Safety Unit,,0613346b-df0f-4b0e-bde4-579eb4f4ceda,2010-01-06,08:00:00,EDSA Fronting ChowKing FoodChain Balintawak Quezon City,0,0,0,0,0,0,0,0,0,0,2010-01-06 16:00,Property,14.62840919,121.0468855,Rear-End
None,EDSA,None,None,"Unknown, Side Swipe, 0.0 drivers_injured, 0.0 drivers_killed, 0.0 passengers_injured, 0.0 passengers_killed, 0.0 pedestrian_injured, 0.0 pedestrian_killed, Dry, EDSA fronting POEA Bldg. Quezon City",MMDA Road Safety Unit,,d7d27809-9411-4546-9c2a-750d4682e1ef,2010-01-04,09:30:00,EDSA Kaingin Road Quezon City,0,0,0,0,0,0,0,0,0,0,2010-01-04 17:30,Property,14.59320154,121.0582043,Side Swipe
None,EDSA,None,None,"Unknown, Rear-end, 0.0 drivers_injured, 0.0 drivers_killed, 0.0 passengers_injured, 0.0 passengers_killed, 0.0 pedestrian_injured, 0.0 pedestrian_killed, Dry, EDSA fronting GMA Network Center Quezon City",MMDA Road Safety Unit,,eb05571d-8d1a-45e3-9c07-a891c06aaa22,2010-01-03,06:55:00,EDSA Beside Balintawak Quezon City,0,0,0,0,0,0,0,0,0,0,2010-01-03 14:55,Property,14.63487536,121.0435696,Rear-End
None,EDSA,None,None,"Unknown, Hit Object (No Object Stated), 0.0 drivers_injured, 0.0 drivers_killed, 0.0 passengers_injured, 0.0 passengers_killed, 0.0 pedestrian_injured, 0.0 pedestrian_killed, Dry, EDSA fronting QCPD Station 10 Quezon City",MMDA Road Safety Unit,,3a14ed8f-fde8-4521-af05-53cf7db12238,2010-01-02,13:35:00,"EDSA near Kaingin Road, Brgy. Apolonio Samson Quezon City",0,0,0,0,0,0,0,0,0,0,2010-01-02 21:35,Property,14.62986337,121.0460819,Hit Object
None,EDSA,None,None,"Unknown, Rear-end, 0.0 drivers_injured, 0.0 drivers_killed, 0.0 passengers_injured, 0.0 passengers_killed, 0.0 pedestrian_injured, 0.0 pedestrian_killed, Fair (Day), EDSA fronting JAC Liner Bus terminal Quezon City",MMDA Road Safety Unit,,5beb00b0-e090-4b6b-9ae8-8b1324a9c685,2009-12-29,06:15:00,EDSA Kamuning Road Quezon City,0,0,0,0,0,0,0,0,0,0,2009-12-29 14:15,Property,14.63206278,121.0454731,Rear-End
None,EDSA,None,None,"Unknown, Side Swipe, 1.0 drivers_injured, 0.0 drivers_killed, 0.0 passengers_injured, 0.0 passengers_killed, 0.0 pedestrian_injured, 0.0 pedestrian_killed, Fair (Day), EDSA near MRT-Santolan Station Quezon City",MMDA Road Safety Unit,,4fe465af-85dc-439e-b4d4-11080af7454c,2009-12-27,06:00:00,EDSA  near E.Garcia St. Quezon City,0,0,0,1,0,0,0,0,0,1,2009-12-27 14:00,Injury,14.60774043,121.0565239,Side Swipe
None,EDSA,None,None,"Unknown, Hit object (No Object Stated), 1.0 drivers_injured, 0.0 drivers_killed, 1.0 passengers_injured, 0.0 passengers_killed, 0.0 pedestrian_injured, 0.0 pedestrian_killed, Fair (Night), EDSA Timog Ave. Quezon City",MMDA Road Safety Unit,,86798c0b-814d-4f9e-ae63-8f17ff9e3172,2009-12-24,20:00:00,EDSA Santolan South Bound (Ascending Quezon City,0,0,0,1,1,0,0,0,0,2,2009-12-25 4:00,Injury,14.63293559,121.0446304,Hit Object
None,EDSA,None,None,"Unknown, Side Swipe, 0.0 drivers_injured, 0.0 drivers_killed, 0.0 passengers_injured, 0.0 passengers_killed, 0.0 pedestrian_injured, 0.0 pedestrian_killed, Fair (Day), EDSA fronting Nepa Q Mart  Quezon City",MMDA Road Safety Unit,,05ec30e7-5613-48ff-9f3f-f2b55b57cb03,2009-12-24,04:30:00,EDSA fronting Waltermart Quezon City,0,0,0,0,0,0,0,0,0,0,2009-12-24 12:30,Property,14.6280917,121.0472321,Side Swipe
None,EDSA,None,None,"Unknown, Side Swipe, 0.0 drivers_injured, 0.0 drivers_killed, 0.0 passengers_injured, 0.0 passengers_killed, 0.0 pedestrian_injured, 0.0 pedestrian_killed, Fair (Day), EDSA fronting GMA Network Quezon City",MMDA Road Safety Unit,,7418afa9-278e-45c2-b81b-0ef4654cb7d4,2009-12-23,05:25:00,EDSA near Main Avenue Quezon City,0,0,0,0,0,0,0,0,0,0,2009-12-23 13:25,Property,14.63487536,121.0435696,Side Swipe
None,EDSA,None,None,"Unknown, Side Swipe, 0.0 drivers_injured, 0.0 drivers_killed, 0.0 passengers_injured, 0.0 passengers_killed, 0.0 pedestrian_injured, 0.0 pedestrian_killed, Fair (Day), EDSA fronting Nepa Q Mart  Quezon City",MMDA Road Safety Unit,,89f88b07-5093-4e06-99a3-117fd94db78e,2009-12-22,06:30:00,EDSA Balintawak market Quezon City,0,0,0,0,0,0,0,0,0,0,2009-12-22 14:30,Property,14.6280917,121.0472321,Side Swipe
None,EDSA,None,None,"Unknown, Side Swipe, 0.0 drivers_injured, 0.0 drivers_killed, 0.0 passengers_injured, 0.0 passengers_killed, 0.0 pedestrian_injured, 0.0 pedestrian_killed, Fair (Night), EDSA fronting Jam Transit terminal Quezon City",MMDA Road Safety Unit,,78cb7b06-52d5-4749-bc78-7c7a7e9ed0d4,2009-12-20,10:20:00,EDSA Misamis St. Quezon City,0,0,0,0,0,0,0,0,0,0,2009-12-20 18:20,Property,14.63204393,121.0452216,Side Swipe
None,EDSA,None,None,"Unknown, Side Swipe, 0.0 drivers_injured, 0.0 drivers_killed, 0.0 passengers_injured, 0.0 passengers_killed, 0.0 pedestrian_injured, 0.0 pedestrian_killed, Fair (Day), EDSA Congressional Ave. Brgy. Sto.Cristo Quezon City",MMDA Road Safety Unit,,6b5b95c2-dd83-4e85-99bf-52456e790e40,2009-12-20,04:20:00,EDSA Oliveros Drive balintawak Quezon City,0,0,0,0,0,0,0,0,0,0,2009-12-20 12:20,Property,14.6571804,120.9927185,Side Swipe
None,EDSA,None,None,"Unknown, Side Swipe, 0.0 drivers_injured, 0.0 drivers_killed, 0.0 passengers_injured, 0.0 passengers_killed, 0.0 pedestrian_injured, 0.0 pedestrian_killed, Fair (Night), EDSA fronting Nepa Q Mart  Quezon City",MMDA Road Safety Unit,,c050d87d-fca5-42fa-a764-a6f27342ee55,2009-12-17,08:05:00,EDSA Royal Quezon City,0,0,0,0,0,0,0,0,0,0,2009-12-17 16:05,Property,14.6280917,121.0472321,Side Swipe
None,EDSA,None,None,"Unknown, Rear-end, 0.0 drivers_injured, 0.0 drivers_killed, 0.0 passengers_injured, 0.0 passengers_killed, 0.0 pedestrian_injured, 0.0 pedestrian_killed, Fair (Day), EDSA fronting GMA Network Quezon City",MMDA Road Safety Unit,,034b781c-682b-4d66-b8ec-6c40b656410e,2009-12-17,04:10:00,EDSA Kamuning Road Quezon City,0,0,0,0,0,0,0,0,0,0,2009-12-17 12:10,Property,14.63487536,121.0435696,Rear-End
None,EDSA,None,None,"Unknown, Rear-end, 0.0 drivers_injured, 0.0 drivers_killed, 0.0 passengers_injured, 0.0 passengers_killed, 0.0 pedestrian_injured, 0.0 pedestrian_killed, Fair (Day), EDSA Farmers oading Bay  Quezon City",MMDA Road Safety Unit,,533ff421-1ddf-47a5-b41f-c4a60307efec,2009-12-15,00:00:00,EDSA Balintawak Market Quezon City,0,0,0,0,0,0,0,0,0,0,2009-12-15 8:00,Property,14.61920525,121.0513476,Rear-End
None,EDSA,None,None,"Unknown, Hit and Run (No Collision Stated), 0.0 drivers_injured, 0.0 drivers_killed, 0.0 passengers_injured, 0.0 passengers_killed, 0.0 pedestrian_injured, 0.0 pedestrian_killed, Fair (Night), EDSA Aurora Blvd. Quezon City",MMDA Road Safety Unit,,0e4b738f-41d3-44be-b7db-33453cf4f7f1,2009-12-14,14:00:00,EDSA Congressional Ave. Bgy. R. Magsaysay Quezon City,0,0,0,0,0,0,0,0,0,0,2009-12-14 22:00,Property,14.62163653,121.0501573,No Collision Stated
None,EDSA,None,None,"Unknown, Hit and Run (No Collision Stated), 0.0 drivers_injured, 0.0 drivers_killed, 0.0 passengers_injured, 0.0 passengers_killed, 0.0 pedestrian_injured, 0.0 pedestrian_killed, Fair (Night), EDSA North Ave., Bgy. Bagong Pag-asa Quezon City",MMDA Road Safety Unit,,3003d758-5c54-43df-ac30-782b08a72955,2009-12-14,08:00:00,EDSA P. Tuazon Blvd. Quezon City,0,0,0,0,0,0,0,0,0,0,2009-12-14 16:00,Property,14.65553839,121.0299647,No Collision Stated
None,EDSA,None,None,"Unknown, Rear-end, 0.0 drivers_injured, 0.0 drivers_killed, 0.0 passengers_injured, 0.0 passengers_killed, 0.0 pedestrian_injured, 0.0 pedestrian_killed, Fair (Day), EDSA near West Ave., Bgy. Bungad Quezon City",MMDA Road Safety Unit,,1af55a4d-a6b6-4549-a065-adb842797b69,2009-12-14,04:30:00,EDSA Ermin Garcia St. Quezon City,0,0,0,0,0,0,0,0,0,0,2009-12-14 12:30,Property,14.65553839,121.0299647,Rear-End
None,EDSA,None,None,"Unknown, Angle Impact, 0.0 drivers_injured, 0.0 drivers_killed, 0.0 passengers_injured, 0.0 passengers_killed, 0.0 pedestrian_injured, 0.0 pedestrian_killed, Fair (Night), EDSA Timog Avenue Quezon City",MMDA Road Safety Unit,,c00a139a-ef26-44db-9874-0281c07702c1,2009-12-12,11:50:00,EDSA Balintawak near Shell Gas Station Quezon City,0,0,0,0,0,0,0,0,0,0,2009-12-12 19:50,Property,14.63293559,121.0446304,Angle Impact
None,EDSA,None,None,"Unknown, Rear-end, 0.0 drivers_injured, 0.0 drivers_killed, 0.0 passengers_injured, 0.0 passengers_killed, 0.0 pedestrian_injured, 0.0 pedestrian_killed, Fair (Night), EDSA fronting Jam Liner Terminal Quezon City",MMDA Road Safety Unit,,62f7c398-df83-4f98-b32a-720271738728,2009-12-12,10:15:00,EDSA Boni serrano Ave. Quezon City,0,0,0,0,0,0,0,0,0,0,2009-12-12 18:15,Property,14.63204393,121.0452216,Rear-End
None,EDSA,None,None,"Unknown, Side Swipe, 0.0 drivers_injured, 0.0 drivers_killed, 0.0 passengers_injured, 0.0 passengers_killed, 0.0 pedestrian_injured, 0.0 pedestrian_killed, Fair (Night), EDSA West Ave., Bgy. Phil-Am Quezon City",MMDA Road Safety Unit,,738c7745-4dba-460e-aa56-fbd88fab036a,2009-12-12,09:50:00,EDSA Royal near Wilcon Store Quezon City,0,0,0,0,0,0,0,0,0,0,2009-12-12 17:50,Property,14.65548924,121.0298079,Side Swipe
None,EDSA,None,None,"Unknown, Side Swipe, 0.0 drivers_injured, 0.0 drivers_killed, 0.0 passengers_injured, 0.0 passengers_killed, 0.0 pedestrian_injured, 0.0 pedestrian_killed, Fair (Day), EDSA fronting GMA Network Quezon City",MMDA Road Safety Unit,,29050b4c-0eb9-488f-a4ec-67b5817b53cb,2009-12-12,03:50:00,EDSA Waltermart Quezon City,0,0,0,0,0,0,0,0,0,0,2009-12-12 11:50,Property,14.63487536,121.0435696,Side Swipe
None,EDSA,None,None,"Unknown, Rear-end, 0.0 drivers_injured, 0.0 drivers_killed, 0.0 passengers_injured, 0.0 passengers_killed, 0.0 pedestrian_injured, 0.0 pedestrian_killed, Fair (Day), EDSA fronting Trinoma Mall  Quezon City",MMDA Road Safety Unit,,ba5b8951-a8a2-45c9-95f1-57c2f88996dd,2009-12-12,01:00:00,EDSA Aurora Blvd. Quezon City,0,0,0,0,0,0,0,0,0,0,2009-12-12 9:00,Property,14.65249719,121.0322415,Rear-End
None,EDSA,None,None,"Unknown, Side Swipe, 0.0 drivers_injured, 0.0 drivers_killed, 0.0 passengers_injured, 0.0 passengers_killed, 0.0 pedestrian_injured, 0.0 pedestrian_killed, Fair (Day), EDSA Col. Bonny Serrano Ave. (Santolan Road) Quezon City",MMDA Road Safety Unit,,9562a28f-597e-4893-b8a1-184dc504d836,2009-12-11,06:00:00,EDSA fronting MAKRO / Main ave. Quezon City,0,0,0,0,0,0,0,0,0,0,2009-12-11 14:00,Property,14.61107337,121.0550705,Side Swipe
None,EDSA,None,None,"Unknown, Rear-end, 0.0 drivers_injured, 0.0 drivers_killed, 0.0 passengers_injured, 0.0 passengers_killed, 0.0 pedestrian_injured, 0.0 pedestrian_killed, Fair (Day), EDSA Waltermart, Bgy. San Antonio Quezon City",MMDA Road Safety Unit,,0b5b1e71-bef7-4343-ae61-b2e80317f46f,2009-12-11,01:30:00,EDSA Main Ave. (S/B) Quezon City,0,0,0,0,0,0,0,0,0,0,2009-12-11 9:30,Property,14.6574558,121.0213579,Rear-End
None,EDSA,None,None,"Unknown, Side Swipe, 0.0 drivers_injured, 0.0 drivers_killed, 0.0 passengers_injured, 0.0 passengers_killed, 0.0 pedestrian_injured, 0.0 pedestrian_killed, Fair (Night), EDSA Roosevelt Ave., Bgy. San Antonio Quezon City",MMDA Road Safety Unit,,aca4eba8-bb5b-43b3-b835-d8a0315ce23e,2009-12-10,11:00:00,EDSA Boni Serrano Ave. Quezon City,0,0,0,0,0,0,0,0,0,0,2009-12-10 19:00,Property,14.65762047,121.0196373,Side Swipe
None,EDSA,None,None,"Unknown, Angle Impact, 0.0 drivers_injured, 0.0 drivers_killed, 0.0 passengers_injured, 0.0 passengers_killed, 0.0 pedestrian_injured, 0.0 pedestrian_killed, Fair (Night), EDSA fronting DILG Bldg Quezon City",MMDA Road Safety Unit,,3ffcdae0-9cd8-4651-b19a-3f244a82cbe9,2009-12-10,08:15:00,EDSA Fronting Waltermart   Quezon City,0,0,0,0,0,0,0,0,0,0,2009-12-10 16:15,Property,14.63207587,121.0454668,Angle Impact
None,EDSA,None,None,"Unknown, Hit and Run (No Collision Stated), 0.0 drivers_injured, 0.0 drivers_killed, 0.0 passengers_injured, 0.0 passengers_killed, 0.0 pedestrian_injured, 0.0 pedestrian_killed, Fair (Day), EDSA at ""U"" turn slot, Quezon Ave. Quezon City",MMDA Road Safety Unit,,7d7bfaae-3b0f-4f0b-80af-b42a3d20d54d,2009-12-10,06:30:00,"EDSA Mapagmahal st. , Brgy. Pinahan  Quezon City",0,0,0,0,0,0,0,0,0,0,2009-12-10 14:30,Property,14.64515863,121.0368068,No Collision Stated
None,EDSA,None,None,"Unknown, Side Swipe, 0.0 drivers_injured, 0.0 drivers_killed, 0.0 passengers_injured, 0.0 passengers_killed, 0.0 pedestrian_injured, 0.0 pedestrian_killed, Fair (Day), EDSA near corner Timog Avenue Quezon City",MMDA Road Safety Unit,,df5af320-3c9d-42b6-aaf7-7ad04f51f5ad,2009-12-09,05:15:00,EDSA Aurora Blvd. Quezon City,0,0,0,0,0,0,0,0,0,0,2009-12-09 13:15,Property,14.63293817,121.0449374,Side Swipe
None,EDSA,None,None,"Unknown, Side Swipe, 0.0 drivers_injured, 0.0 drivers_killed, 0.0 passengers_injured, 0.0 passengers_killed, 0.0 pedestrian_injured, 0.0 pedestrian_killed, Fair (Day), EDSA Quezon Ave., Bgy. Bagong Pag-asa Quezon City",MMDA Road Safety Unit,,e4b83613-9a31-4fd8-9441-fad4d0ef5772,2009-12-07,00:45:00,EDSA Aurora Blvd. Quezon City,0,0,0,0,0,0,0,0,0,0,2009-12-07 8:45,Property,14.6442444,121.0375839,Side Swipe
None,EDSA,None,None,"Unknown, Rear-end, 0.0 drivers_injured, 0.0 drivers_killed, 0.0 passengers_injured, 0.0 passengers_killed, 0.0 pedestrian_injured, 0.0 pedestrian_killed, Fair (Night), EDSA fronting Waltermart, Roosevelt Ave., Bgy. San Antonio Quezon City",MMDA Road Safety Unit,,200de9aa-d5f7-4285-8218-3e1a3abd27ec,2009-12-04,12:20:00,EDSA P. Tuazon Blvd. Quezon City,0,0,0,0,0,0,0,0,0,0,2009-12-04 20:20,Property,14.65755908,121.0204569,Rear-End
None,EDSA,None,None,"Unknown, Side Swipe, 0.0 drivers_injured, 0.0 drivers_killed, 0.0 passengers_injured, 0.0 passengers_killed, 0.0 pedestrian_injured, 0.0 pedestrian_killed, Fair (Night), EDSA Fronting Sony Service Center Balintawak Quezon City",MMDA Road Safety Unit,,1a726b62-c760-4f67-a78b-ff77f3023638,2009-12-03,14:30:00,EDSA near Santolan MRT Station Quezon City,0,0,0,0,0,0,0,0,0,0,2009-12-03 22:30,Property,14.65758919,121.0044092,Side Swipe
None,EDSA,None,None,"Unknown, Hit and Run (No Collision Stated), 1.0 drivers_injured, 0.0 drivers_killed, 0.0 passengers_injured, 0.0 passengers_killed, 0.0 pedestrian_injured, 0.0 pedestrian_killed, Fair (Night), EDSA Santolan Road Quezon City",MMDA Road Safety Unit,,4922c6b8-1f08-41c4-8976-98a5beedda83,2009-12-03,10:30:00,EDSA Roosevelt Ave. Quezon City,0,0,0,1,0,0,0,0,0,1,2009-12-03 18:30,Injury,14.6102736,121.0552175,No Collision Stated
None,EDSA,None,None,"Unknown, Angle Impact, 0.0 drivers_injured, 0.0 drivers_killed, 0.0 passengers_injured, 0.0 passengers_killed, 0.0 pedestrian_injured, 0.0 pedestrian_killed, Fair (Day), EDSA near U turn slot fronting of Manila Seedling Quezon City",MMDA Road Safety Unit,,542d0386-8f4e-496f-88f5-a6a061d033aa,2009-12-01,07:10:00,EDSA Roosevelt Ave. Quezon City,0,0,0,0,0,0,0,0,0,0,2009-12-01 15:10,Property,14.64507775,121.0370326,Angle Impact
None,EDSA,None,None,"Unknown, Side Swipe, 0.0 drivers_injured, 0.0 drivers_killed, 0.0 passengers_injured, 0.0 passengers_killed, 0.0 pedestrian_injured, 0.0 pedestrian_killed, Fair (Day), EDSA at ""U""turn slot near Panay Avenue Quezon City",MMDA Road Safety Unit,,69c0bb6b-5eb5-4ddc-8e50-5b5fcc465ce4,2009-12-01,06:50:00,EDSA Kamuning Road Quezon City,0,0,0,0,0,0,0,0,0,0,2009-12-01 14:50,Property,14.64313888,121.0381943,Side Swipe
None,EDSA,None,None,"Unknown, Side Swipe, 0.0 drivers_injured, 0.0 drivers_killed, 0.0 passengers_injured, 0.0 passengers_killed, 0.0 pedestrian_injured, 0.0 pedestrian_killed, Fair (Day), EDSA near U turn slot fronting NSO Bldg. near Quezon Ave. Quezon City",MMDA Road Safety Unit,,7fb39f9c-b108-4d16-a279-9db966eac5b9,2009-12-01,05:00:00,EDSA near Ermin Garcia St. Quezon City,0,0,0,0,0,0,0,0,0,0,2009-12-01 13:00,Property,14.6451738,121.0370809,Side Swipe
None,EDSA,None,None,"Unknown, Side Swipe, 0.0 drivers_injured, 0.0 drivers_killed, 0.0 passengers_injured, 0.0 passengers_killed, 0.0 pedestrian_injured, 0.0 pedestrian_killed, Fair (Day), EDSA fronting GMA Network Quezon City",MMDA Road Safety Unit,,02e31dd9-543a-4060-b428-f421d32fc4e3,2009-12-01,02:35:00,EDSA North Ave. Quezon City,0,0,0,0,0,0,0,0,0,0,2009-12-01 10:35,Property,14.63487536,121.0435696,Side Swipe
None,EDSA,None,None,"Unknown, Side Swipe, 0.0 drivers_injured, 0.0 drivers_killed, 1.0 passengers_injured, 0.0 passengers_killed, 0.0 pedestrian_injured, 0.0 pedestrian_killed, Fair (Night), EDSA fronting Nepa Q-Mart Quezon City",MMDA Road Safety Unit,,c475232a-a17f-45f6-a940-8b9f42334c1e,2009-11-30,20:50:00,EDSA Aurora Blvd. Quezon City,0,0,0,0,1,0,0,0,0,1,2009-12-01 4:50,Injury,14.6280917,121.0472321,Side Swipe
None,EDSA,None,None,"Human Error, Hit and Run (No Collision Stated), 1.0 drivers_injured, 0.0 drivers_killed, 0.0 passengers_injured, 0.0 passengers_killed, 0.0 pedestrian_injured, 0.0 pedestrian_killed, Fair (Night), EDSA fronting Farmers Plaza Cubao Quezon City",MMDA Road Safety Unit,,96f22a55-77c8-4909-8bdb-b08754f1407d,2009-11-28,13:30:00,EDSA near P. Tuazon Blvd. Quezon City,0,0,0,1,0,0,0,0,0,1,2009-11-28 21:30,Injury,14.61684861,121.0521054,No Collision Stated
None,EDSA,None,None,"Unknown, Side Swipe, 0.0 drivers_injured, 0.0 drivers_killed, 0.0 passengers_injured, 0.0 passengers_killed, 0.0 pedestrian_injured, 0.0 pedestrian_killed, Fair (Night), EDSA Misamis St. Brgy.Pag-Asa Quezon City",MMDA Road Safety Unit,,61318393-477a-427c-b52f-098da8d0fc1a,2009-11-26,12:55:00,EDSA East Ave.  Quezon City,0,0,0,0,0,0,0,0,0,0,2009-11-26 20:55,Property,14.65602348,121.0285212,Side Swipe