LOCATION_TEXT,ROAD,WEATHER,LIGHT,DESC,REPORTING_AGENCY,MAIN_CAUSE,INCIDENTDETAILS_ID,DATE_UTC,TIME_UTC,ADDRESS,killed_driver,killed_passenger,killed_pedestrian,injured_driver,injured_passenger,injured_pedestrian,killed_uncategorized,injured_uncategorized,killed_total,injured_total,DATETIME_PST,SEVERITY,Y,X,COLLISION_TYPE
None,EDSA,None,None,"Unknown, Rear-end, 0.0 drivers_injured, 0.0 drivers_killed, 0.0 passengers_injured, 0.0 passengers_killed, 0.0 pedestrian_injured, 0.0 pedestrian_killed, Fair (Day), EDSA fronting SOGO Hotel/ near cor. Aurora Blv., Cubao Quezon City",MMDA Road Safety Unit,,9cb19270-fcfa-4563-bc2d-de9df290d019,2009-11-23,02:10:00,EDSA Aurora Blvd. Quezon City,0,0,0,0,0,0,0,0,0,0,2009-11-23 10:10,Property,14.6212014,121.0501611,Rear-End
None,EDSA,None,None,"Unknown, Side Swipe, 0.0 drivers_injured, 0.0 drivers_killed, 0.0 passengers_injured, 0.0 passengers_killed, 0.0 pedestrian_injured, 0.0 pedestrian_killed, Fair (Day), EDSA GMA Network Center Quezon City",MMDA Road Safety Unit,,e77c927d-ef45-4a43-bb7d-e4c589e86b32,2009-11-23,00:25:00,EDSA Congressional ave.Brgy. Magsaysay Quezon City,0,0,0,0,0,0,0,0,0,0,2009-11-23 8:25,Property,14.63467214,121.0435714,Side Swipe
None,EDSA,None,None,"Unknown, Angle Impact, 1.0 drivers_injured, 0.0 drivers_killed, 0.0 passengers_injured, 0.0 passengers_killed, 0.0 pedestrian_injured, 0.0 pedestrian_killed, Fair (Night), EDSA East Ave. / Timog Ave. Quezon City",MMDA Road Safety Unit,,9ccd6558-28ee-463f-90e2-881b591c27dd,2009-11-20,17:30:00,EDSA OP/UP Balitwak Quezon City,0,0,0,1,0,0,0,0,0,1,2009-11-21 1:30,Injury,14.6328297,121.0451176,Angle Impact
None,EDSA,None,None,"Unknown, Angle Impact, 0.0 drivers_injured, 0.0 drivers_killed, 0.0 passengers_injured, 0.0 passengers_killed, 0.0 pedestrian_injured, 0.0 pedestrian_killed, Fair (Night), EDSA Ermin Garcia St. (Minnesota) Quezon City",MMDA Road Safety Unit,,2477620f-1132-4057-9ea7-e5a0ccd5567e,2009-11-19,19:00:00,"EDSA at ""U""turn slot / GMA 7 / near timog Ave. Quezon City",0,0,0,0,0,0,0,0,0,0,2009-11-20 3:00,Property,14.62758814,121.047487,Angle Impact
None,EDSA,None,None,"Unknown, Rear-end, 0.0 drivers_injured, 0.0 drivers_killed, 0.0 passengers_injured, 0.0 passengers_killed, 0.0 pedestrian_injured, 0.0 pedestrian_killed, Fair (Day), EDSA near corner P. Tuazon Avenue Quezon City",MMDA Road Safety Unit,,8cce5292-dc67-4567-a622-45414b7621ab,2009-11-18,22:25:00,EDSA Quezon Ave. / Mc Donald Quezon City,0,0,0,0,0,0,0,0,0,0,2009-11-19 6:25,Property,14.61653794,121.0523336,Rear-End
None,EDSA,None,None,"Unknown, Hit and Run (No Collision Stated), 0.0 drivers_injured, 0.0 drivers_killed, 0.0 passengers_injured, 0.0 passengers_killed, 0.0 pedestrian_injured, 0.0 pedestrian_killed, Fair (Night), EDSA fronting Cloverleaf Market Quezon City",MMDA Road Safety Unit,,dfbc3e96-37ad-444c-a171-b2727bd7bb16,2009-11-17,17:00:00,EDSA near Ermin Garcia St. Quezon City,0,0,0,0,0,0,0,0,0,0,2009-11-18 1:00,Property,14.65731339,121.000715,No Collision Stated
None,EDSA,None,None,"Unknown, Side Swipe, 0.0 drivers_injured, 0.0 drivers_killed, 0.0 passengers_injured, 0.0 passengers_killed, 0.0 pedestrian_injured, 0.0 pedestrian_killed, Fair (Night), EDSA fronting Waltermart Quezon City",MMDA Road Safety Unit,,ab43faf6-1ec3-476c-9631-3c7da6a1cdb7,2009-11-17,14:30:00,EDSA Whiteplains Ave. Quezon City,0,0,0,0,0,0,0,0,0,0,2009-11-17 22:30,Property,14.65755908,121.0204569,Side Swipe
None,EDSA,None,None,"Unknown, Side Swipe, 0.0 drivers_injured, 0.0 drivers_killed, 0.0 passengers_injured, 0.0 passengers_killed, 0.0 pedestrian_injured, 0.0 pedestrian_killed, Fair (Day), EDSA North Ave.Brgy.bagong Pag-asa Quezon City",MMDA Road Safety Unit,,74dff752-aae1-4d3a-8a1d-f26f11f56d7b,2009-11-17,03:00:00,EDSA Sct. Borromeo St. / Francisca Tower Basement Quezon City,0,0,0,0,0,0,0,0,0,0,2009-11-17 11:00,Property,14.65553839,121.0299647,Side Swipe
None,EDSA,None,None,"Unknown, Side Swipe, 0.0 drivers_injured, 0.0 drivers_killed, 0.0 passengers_injured, 0.0 passengers_killed, 0.0 pedestrian_injured, 0.0 pedestrian_killed, Fair (Day), EDSA near North Avenue Quezon City",MMDA Road Safety Unit,,dc5b3ed8-77e6-4f3a-b6cb-91099272c6f1,2009-11-13,07:15:00,EDSA Arayat St. Quezon City,0,0,0,0,0,0,0,0,0,0,2009-11-13 15:15,Property,14.65499141,121.0303134,Side Swipe
None,EDSA,None,None,"Unknown, Hit and Run (No Collision Stated), 0.0 drivers_injured, 0.0 drivers_killed, 0.0 passengers_injured, 0.0 passengers_killed, 0.0 pedestrian_injured, 0.0 pedestrian_killed, Fair (Night), EDSA Balintawak Bridge Quezon City",MMDA Road Safety Unit,,0cb631c1-7c9b-4104-b8fe-62500f2cffa4,2009-11-09,21:30:00,EDSA near North Ave./ Quezon City,0,0,0,0,0,0,0,0,0,0,2009-11-10 5:30,Property,14.65758908,121.0156192,No Collision Stated
None,EDSA,None,None,"Unknown, Hit object (No Object Stated), 0.0 drivers_injured, 0.0 drivers_killed, 0.0 passengers_injured, 0.0 passengers_killed, 0.0 pedestrian_injured, 0.0 pedestrian_killed, Fair (Night), EDSA fronting Nepa Q-Mart Quezon City",MMDA Road Safety Unit,,f978e5c0-e86f-479d-8e98-b9648d8c1033,2009-11-09,20:15:00,EDSA Quezon Ave. Brgy. West Triangle Quezon City,0,0,0,0,0,0,0,0,0,0,2009-11-10 4:15,Property,14.6280917,121.0472321,Hit Object
None,EDSA,None,None,"Unknown, Hit object (Fence/Wall-Concrete & Steel), 0.0 drivers_injured, 0.0 drivers_killed, 0.0 passengers_injured, 0.0 passengers_killed, 0.0 pedestrian_injured, 0.0 pedestrian_killed, Fair (Night), EDSA fronting SM Mall, North Avenue Quezon City",MMDA Road Safety Unit,,7c5fa1dc-833f-4705-84cb-722cde483dfb,2009-11-09,18:05:00,EDSA Mapagmahal St. fronting Jac Liner Quezon City,0,0,0,0,0,0,0,0,0,0,2009-11-10 2:05,Property,14.65567565,121.0299389,Hit Object
None,EDSA,None,None,"Unknown, Side Swipe, 0.0 drivers_injured, 0.0 drivers_killed, 0.0 passengers_injured, 0.0 passengers_killed, 0.0 pedestrian_injured, 0.0 pedestrian_killed, Fair (Night), EDSA fronting David Motors Corp. Quezon City",MMDA Road Safety Unit,,f6ef04a7-95d8-40dc-912e-a009a954bc26,2009-11-09,16:30:00,EDSA Congressional Ave. Quezon City,0,0,0,0,0,0,0,0,0,0,2009-11-10 0:30,Property,14.65737675,121.0062273,Side Swipe
None,EDSA,None,None,"Unknown, Angle Impact, 0.0 drivers_injured, 0.0 drivers_killed, 0.0 passengers_injured, 0.0 passengers_killed, 0.0 pedestrian_injured, 0.0 pedestrian_killed, Fair (Day), EDSA New York St., Cubao Quezon City",MMDA Road Safety Unit,,6306ec0a-13ae-46a5-96dd-1e850b375914,2009-11-09,01:15:00,"EDSA Kamias Road, West Kamias Quezon City",0,0,0,0,0,0,0,0,0,0,2009-11-09 9:15,Property,14.62568514,121.0482307,Angle Impact
None,EDSA,None,None,"Unknown, Side Swipe, 0.0 drivers_injured, 0.0 drivers_killed, 0.0 passengers_injured, 0.0 passengers_killed, 0.0 pedestrian_injured, 0.0 pedestrian_killed, Fair (Day), EDSA fronting Cloverleaf Market Quezon City",MMDA Road Safety Unit,,e7bc074b-e4a7-42f8-8802-6939555c07d8,2009-11-07,23:00:00,EDSA fronting ES Transport Terminal Quezon City,0,0,0,0,0,0,0,0,0,0,2009-11-08 7:00,Property,14.65731339,121.000715,Side Swipe
None,EDSA,None,None,"Unknown, Side Swipe, 0.0 drivers_injured, 0.0 drivers_killed, 0.0 passengers_injured, 0.0 passengers_killed, 0.0 pedestrian_injured, 0.0 pedestrian_killed, Fair (Day), EDSA Timog Ave. Quezon City",MMDA Road Safety Unit,,f50adf21-8ccc-4662-9b78-1e233f9543ac,2009-11-07,07:00:00,EDSA Ortigas Ave. Quezon City,0,0,0,0,0,0,0,0,0,0,2009-11-07 15:00,Property,14.63293559,121.0446304,Side Swipe
None,EDSA,None,None,"Unknown, Side Swipe, 0.0 drivers_injured, 0.0 drivers_killed, 0.0 passengers_injured, 0.0 passengers_killed, 0.0 pedestrian_injured, 0.0 pedestrian_killed, Fair (Night), EDSA fronting Lemon Square Quezon City",MMDA Road Safety Unit,,77291041-9cd8-46ca-8339-62c07463b2bb,2009-11-05,17:10:00,EDSA East Ave. Quezon City,0,0,0,0,0,0,0,0,0,0,2009-11-06 1:10,Property,14.65755296,121.0174655,Side Swipe
None,EDSA,None,None,"Unknown, Rear-end, 0.0 drivers_injured, 0.0 drivers_killed, 0.0 passengers_injured, 0.0 passengers_killed, 0.0 pedestrian_injured, 0.0 pedestrian_killed, Fair (Day), EDSA fronting Nepa Q-Mart, Cubao Quezon City",MMDA Road Safety Unit,,0b04ac61-dacc-43ca-b3ef-e2d38d5b0363,2009-11-04,07:45:00,EDSA west Ave. brgy. Bungad Quezon City,0,0,0,0,0,0,0,0,0,0,2009-11-04 15:45,Property,14.6280917,121.0472321,Rear-End
None,EDSA,None,None,"Unknown, Rear-end, 0.0 drivers_injured, 0.0 drivers_killed, 0.0 passengers_injured, 0.0 passengers_killed, 0.0 pedestrian_injured, 0.0 pedestrian_killed, Fair (Day), EDSA near cor. Panay Avenue Quezon City",MMDA Road Safety Unit,,24860647-70bb-4f1a-aa32-8c6c87de29e4,2009-11-04,07:15:00,EDSA New York St. Quezon City,0,0,0,0,0,0,0,0,0,0,2009-11-04 15:15,Property,14.64331724,121.0380797,Rear-End
None,EDSA,None,None,"Human Error, Side Swipe, 0.0 drivers_injured, 0.0 drivers_killed, 0.0 passengers_injured, 0.0 passengers_killed, 0.0 pedestrian_injured, 0.0 pedestrian_killed, Fair (Night), EDSA Bansalangin St. Brgy. Veterans Quezon City",MMDA Road Safety Unit,,9e3afbb4-2f2a-4d8a-bbb8-e226868aba19,2009-11-03,14:30:00,EDSA Kamuning Road (s/B0 Quezon City,0,0,0,0,0,0,0,0,0,0,2009-11-03 22:30,Property,14.6567996,121.0241845,Side Swipe
None,EDSA,None,None,"Unknown, Self-Accident, 0.0 drivers_injured, 0.0 drivers_killed, 0.0 passengers_injured, 0.0 passengers_killed, 0.0 pedestrian_injured, 0.0 pedestrian_killed, Fair (Day), EDSA OP/UP Quezon City",MMDA Road Safety Unit,,e743f062-b118-49f3-a19b-10b21e87096f,2009-11-01,05:00:00,EDSA West Ave. Quezon City,0,0,0,0,0,0,0,0,0,0,2009-11-01 13:00,Property,14.65736015,121.002298,Self-Accident
None,EDSA,None,None,"Unknown, Other (Multiple Collision), 0.0 drivers_injured, 0.0 drivers_killed, 0.0 passengers_injured, 0.0 passengers_killed, 0.0 pedestrian_injured, 0.0 pedestrian_killed, Fair (Day), EDSA near corner Ermin Garcia st. Cubao Quezon City",MMDA Road Safety Unit,,b719463f-8ddf-4dad-81d9-24e2211d102f,2009-10-31,02:30:00,EDSA North Ave. Brgy. Pag Asa Quezon City,0,0,0,0,0,0,0,0,0,0,2009-10-31 10:30,Property,14.62746242,121.0474636,Multiple
None,EDSA,None,None,"Unknown, Side Swipe, 0.0 drivers_injured, 0.0 drivers_killed, 0.0 passengers_injured, 0.0 passengers_killed, 0.0 pedestrian_injured, 0.0 pedestrian_killed, Fair (Day), EDSA New York St. Cubao Quezon City",MMDA Road Safety Unit,,cd73cad3-60be-43db-ba12-519d32454ed6,2009-10-31,01:00:00,EDSA fronting Corithian Garden Gate 1 Quezon City,0,0,0,0,0,0,0,0,0,0,2009-10-31 9:00,Property,14.62568514,121.0482307,Side Swipe
None,EDSA,None,None,"Unknown, Side Swipe, 0.0 drivers_injured, 0.0 drivers_killed, 0.0 passengers_injured, 0.0 passengers_killed, 0.0 pedestrian_injured, 0.0 pedestrian_killed, Fair (Night), EDSA fronting Waltermart Quezon City",MMDA Road Safety Unit,,72325832-b5d0-4e2f-b938-d00b2a44b579,2009-10-30,12:00:00,EDSA Kamias Road Quezon City,0,0,0,0,0,0,0,0,0,0,2009-10-30 20:00,Property,14.65755908,121.0204569,Side Swipe
None,EDSA,None,None,"Unknown, Hit and Run (No Collision Stated), 0.0 drivers_injured, 0.0 drivers_killed, 0.0 passengers_injured, 0.0 passengers_killed, 0.0 pedestrian_injured, 0.0 pedestrian_killed, Fair (Day), EDSA Balintawak Market Quezon City",MMDA Road Safety Unit,,749360e3-0288-46e8-98fb-36e09692749d,2009-10-30,02:30:00,EDSA MAKRO Bldg. Brgy. Socrro Quezon City,0,0,0,0,0,0,0,0,0,0,2009-10-30 10:30,Property,14.65740947,121.0025737,No Collision Stated
None,EDSA,None,None,"Unknown, Side Swipe, 0.0 drivers_injured, 0.0 drivers_killed, 0.0 passengers_injured, 0.0 passengers_killed, 0.0 pedestrian_injured, 0.0 pedestrian_killed, Fair (Night), EDSA fronting Q-Mart  Quezon City",MMDA Road Safety Unit,,5b495acc-a56b-4b6d-82c9-c97027611f2a,2009-10-29,12:30:00,EDSA fronting Dynasty Upholstery Quezon City,0,0,0,0,0,0,0,0,0,0,2009-10-29 20:30,Property,14.62803883,121.0472622,Side Swipe
None,EDSA,None,None,"Unknown, Side Swipe, 0.0 drivers_injured, 0.0 drivers_killed, 0.0 passengers_injured, 0.0 passengers_killed, 0.0 pedestrian_injured, 0.0 pedestrian_killed, Fair (Day), EDSA fronting Camp Crame Quezon City",MMDA Road Safety Unit,,71630604-430d-401f-8352-106b75106683,2009-10-29,02:30:00,EDSA B. Serrano Ave. Quezon City,0,0,0,0,0,0,0,0,0,0,2009-10-29 10:30,Property,14.60925441,121.0557175,Side Swipe
None,EDSA,None,None,"Unknown, Hit and Run (No Collision Stated), 0.0 drivers_injured, 0.0 drivers_killed, 0.0 passengers_injured, 0.0 passengers_killed, 0.0 pedestrian_injured, 0.0 pedestrian_killed, Fair (Night), EDSA East Ave. Quezon City",MMDA Road Safety Unit,,7e52c4b2-11e5-468e-ad79-4367d69928f7,2009-10-27,21:00:00,EDSA Congressional  Quezon City,0,0,0,0,0,0,0,0,0,0,2009-10-28 5:00,Property,14.6328297,121.0451176,No Collision Stated
None,EDSA,None,None,"Unknown, Side Swipe, 0.0 drivers_injured, 0.0 drivers_killed, 0.0 passengers_injured, 0.0 passengers_killed, 0.0 pedestrian_injured, 0.0 pedestrian_killed, Fair (Day), EDSA Quezon Ave. Quezon City",MMDA Road Safety Unit,,3bbd99de-f788-427c-b36b-fd5eee720c19,2009-10-27,00:30:00,EDSA Main Ave. Quezon City,0,0,0,0,0,0,0,0,0,0,2009-10-27 8:30,Property,14.6442444,121.0375839,Side Swipe
None,EDSA,None,None,"Unknown, Side Swipe, 0.0 drivers_injured, 0.0 drivers_killed, 0.0 passengers_injured, 0.0 passengers_killed, 0.0 pedestrian_injured, 0.0 pedestrian_killed, Fair (Night), EDSA fronting Cloverleaf Market Balintawak Quezon City",MMDA Road Safety Unit,,fa75e99e-43d6-4d5b-b958-e10ca6b15eb8,2009-10-26,20:30:00,EDSA near corner West Ave. Brgy. San Roque Quezon City,0,0,0,0,0,0,0,0,0,0,2009-10-27 4:30,Property,14.65731339,121.000715,Side Swipe
None,EDSA,None,None,"Unknown, Side Swipe, 0.0 drivers_injured, 0.0 drivers_killed, 0.0 passengers_injured, 0.0 passengers_killed, 0.0 pedestrian_injured, 0.0 pedestrian_killed, Fair (Night), EDSA near corner Timog Avenue Quezon City",MMDA Road Safety Unit,,ca72d0ba-092d-4b5f-ad4a-8200ad659f3c,2009-10-26,08:00:00,EDSA Ortigas Ave. (facing east) Quezon City,0,0,0,0,0,0,0,0,0,0,2009-10-26 16:00,Property,14.63293817,121.0449374,Side Swipe
None,EDSA,None,None,"Unknown, Side Swipe, 0.0 drivers_injured, 0.0 drivers_killed, 0.0 passengers_injured, 0.0 passengers_killed, 0.0 pedestrian_injured, 0.0 pedestrian_killed, Fair (Day), EDSA near corner Aurora Blvd. Quezon City",MMDA Road Safety Unit,,746f6068-c4ef-404d-888f-491acad214a6,2009-10-26,06:45:00,EDSA Kamuning Road / Meralco Office Quezon City,0,0,0,0,0,0,0,0,0,0,2009-10-26 14:45,Property,14.62155994,121.0501481,Side Swipe
None,EDSA,None,None,"Unknown, Side Swipe, 0.0 drivers_injured, 0.0 drivers_killed, 0.0 passengers_injured, 0.0 passengers_killed, 0.0 pedestrian_injured, 0.0 pedestrian_killed, Fair (Day), EDSA Quezon Ave. Quezon City",MMDA Road Safety Unit,,ebed73e8-b052-4f1d-817c-9f78ccc79247,2009-10-26,06:20:00,EDSA fronting Quezon City Academy Quezon City,0,0,0,0,0,0,0,0,0,0,2009-10-26 14:20,Property,14.6442444,121.0375839,Side Swipe
None,EDSA,None,None,"Unknown, Rear-end, 0.0 drivers_injured, 0.0 drivers_killed, 0.0 passengers_injured, 0.0 passengers_killed, 0.0 pedestrian_injured, 0.0 pedestrian_killed, Fair (Day), EDSA Aurora Blvd. Quezon City",MMDA Road Safety Unit,,a127f631-3ab7-4ff0-9492-c4fb6f1c48b5,2009-10-26,01:00:00,EDSA Kamuning Road Quezon City,0,0,0,0,0,0,0,0,0,0,2009-10-26 9:00,Property,14.62163653,121.0501573,Rear-End
None,EDSA,None,None,"Unknown, Hit object (Barrier-Concrete), 0.0 drivers_injured, 0.0 drivers_killed, 0.0 passengers_injured, 0.0 passengers_killed, 0.0 pedestrian_injured, 0.0 pedestrian_killed, Fair (Day), EDSA Balintawak Market Quezon City",MMDA Road Safety Unit,,6087944b-d696-4c39-b99b-e9038b87bafd,2009-10-22,23:35:00,EDSA P. Tuazon Ave. Quezon City,0,0,0,0,0,0,0,0,0,0,2009-10-23 7:35,Property,14.65740947,121.0025737,Hit Object
None,EDSA,None,None,"Unknown, Side Swipe, 0.0 drivers_injured, 0.0 drivers_killed, 0.0 passengers_injured, 0.0 passengers_killed, 0.0 pedestrian_injured, 0.0 pedestrian_killed, Fair (Day), EDSA fronting Jam Liner Terminal Quezon City",MMDA Road Safety Unit,,55eb9f0f-a2c5-41ce-a27b-9b9ced57276c,2009-10-22,03:55:00,EDSA Bansalangin St. Quezon City,0,0,0,0,0,0,0,0,0,0,2009-10-22 11:55,Property,14.63204393,121.0452216,Side Swipe
None,EDSA,None,None,"Unknown, Side Swipe, 0.0 drivers_injured, 0.0 drivers_killed, 0.0 passengers_injured, 0.0 passengers_killed, 0.0 pedestrian_injured, 0.0 pedestrian_killed, Fair (Day), EDSA near corner Arayat St. Cubao Quezon City",MMDA Road Safety Unit,,06e42589-3b2c-479f-8b0b-4d3fb2256e30,2009-10-22,03:15:00,EDSA Bernardo Park near K-3rd St. Quezon City,0,0,0,0,0,0,0,0,0,0,2009-10-22 11:15,Property,14.61965741,121.0508058,Side Swipe
None,EDSA,None,None,"Unknown, Hit and Run (No Collision Stated), 0.0 drivers_injured, 0.0 drivers_killed, 0.0 passengers_injured, 0.0 passengers_killed, 0.0 pedestrian_injured, 0.0 pedestrian_killed, Fair (Night), EDSA near Timog Avenue Quezon City",MMDA Road Safety Unit,,7eabd23e-0d10-4773-b0c4-a614cf667cd0,2009-10-20,10:30:00,EDSA B. Serrano Ave. Quezon City,0,0,0,0,0,0,0,0,0,0,2009-10-20 18:30,Property,14.63261072,121.0450938,No Collision Stated
None,EDSA,None,None,"Unknown, Hit object (No Object Stated), 0.0 drivers_injured, 0.0 drivers_killed, 0.0 passengers_injured, 0.0 passengers_killed, 0.0 pedestrian_injured, 0.0 pedestrian_killed, Fair (Day), EDSA at ""U"" turn slot, near Kamuning Quezon City",MMDA Road Safety Unit,,f1f9093a-c2ad-4131-b9e8-7aa6a3bf7b63,2009-10-20,06:30:00,EDSA near Santolan MRT Stn.  Quezon City,0,0,0,0,0,0,0,0,0,0,2009-10-20 14:30,Property,14.63196875,121.0453806,Hit Object
None,EDSA,None,None,"Unknown, Hit and Run (No Collision Stated), 0.0 drivers_injured, 0.0 drivers_killed, 0.0 passengers_injured, 0.0 passengers_killed, 0.0 pedestrian_injured, 0.0 pedestrian_killed, Fair (Day), EDSA Bansalangin St. Quezon City",MMDA Road Safety Unit,,63257c60-b480-49c1-898e-ea347eb13628,2009-10-20,03:30:00,EDSA Quezon Ave Quezon City,0,0,0,0,0,0,0,0,0,0,2009-10-20 11:30,Property,14.6567996,121.0241845,No Collision Stated
None,EDSA,None,None,"Unknown, Hit and Run (No Collision Stated), 0.0 drivers_injured, 0.0 drivers_killed, 0.0 passengers_injured, 0.0 passengers_killed, 0.0 pedestrian_injured, 0.0 pedestrian_killed, Fair (Day), EDSA fronting SM City-North Mall (Annex) Quezon City",MMDA Road Safety Unit,,9e0540b5-18ab-4a97-9695-e299a9aea575,2009-10-19,22:15:00,"EDSA Gami St., Bgy Bahay Toro Quezon City",0,0,0,0,0,0,0,0,0,0,2009-10-20 6:15,Property,14.6565149,121.0265678,No Collision Stated
None,EDSA,None,None,"Unknown, Hit and Run (No Collision Stated), 0.0 drivers_injured, 0.0 drivers_killed, 0.0 passengers_injured, 0.0 passengers_killed, 0.0 pedestrian_injured, 0.0 pedestrian_killed, Fair (Night), EDSA fronting Balintawak Market, Cloverleaf Quezon City",MMDA Road Safety Unit,,d20b3245-6f41-4398-b723-730ab48cecf8,2009-10-19,11:00:00,EDSA near Kamuning Road Quezon City,0,0,0,0,0,0,0,0,0,0,2009-10-19 19:00,Property,14.65736198,121.00264,No Collision Stated
None,EDSA,None,None,"Unknown, Side Swipe, 0.0 drivers_injured, 0.0 drivers_killed, 0.0 passengers_injured, 0.0 passengers_killed, 0.0 pedestrian_injured, 0.0 pedestrian_killed, Fair (Day), EDSA near santolan MRT station Quezon City",MMDA Road Safety Unit,,b1074d1f-a1d3-4457-927e-fcaf1c56baa9,2009-10-18,05:00:00,EDSA fronting Camp Aguinaldo Quezon City,0,0,0,0,0,0,0,0,0,0,2009-10-18 13:00,Property,14.60766468,121.0566155,Side Swipe
None,EDSA,None,None,"Unknown, Side Swipe, 0.0 drivers_injured, 0.0 drivers_killed, 0.0 passengers_injured, 0.0 passengers_killed, 0.0 pedestrian_injured, 0.0 pedestrian_killed, Fair (Night), EDSA Corregidor St. Quezon City",MMDA Road Safety Unit,,20aeac32-f299-4f29-9b9d-ddbb2164593b,2009-10-17,12:00:00,"EDSA Gen.Mc Arthur St., Socorro, Cubao Quezon City",0,0,0,0,0,0,0,0,0,0,2009-10-17 20:00,Property,14.65707679,121.0241648,Side Swipe
None,EDSA,None,None,"Unknown, Rear-end, 0.0 drivers_injured, 0.0 drivers_killed, 0.0 passengers_injured, 0.0 passengers_killed, 0.0 pedestrian_injured, 0.0 pedestrian_killed, Fair (Night), EDSA Arayat Loading Bay Quezon City",MMDA Road Safety Unit,,401d3c9c-4c8b-430e-85db-19abd7ad35e9,2009-10-17,08:00:00,EDSA Timog Ave. Quezon City,0,0,0,0,0,0,0,0,0,0,2009-10-17 16:00,Property,14.61957896,121.0508605,Rear-End
None,EDSA,None,None,"Unknown, Hit object (Barrier-Concrete), 0.0 drivers_injured, 0.0 drivers_killed, 0.0 passengers_injured, 0.0 passengers_killed, 0.0 pedestrian_injured, 0.0 pedestrian_killed, Fair (Day), EDSA Congressional Ave., Bgy. Ramon Magsaysay Quezon City",MMDA Road Safety Unit,,36790b91-cb9d-42dc-bdff-36e4c2fe5693,2009-10-17,06:10:00,EDSA Aurora Blvd. Quezon City,0,0,0,0,0,0,0,0,0,0,2009-10-17 14:10,Property,14.6571804,120.9927185,Hit Object
None,EDSA,None,None,"Unknown, Head-on, 0.0 drivers_injured, 0.0 drivers_killed, 0.0 passengers_injured, 0.0 passengers_killed, 0.0 pedestrian_injured, 0.0 pedestrian_killed, Fair (Day), EDSA Congressional Ave., Bgy. Bahay Toro Quezon City",MMDA Road Safety Unit,,ca1d1d7d-da96-4932-85e1-5c62a6cbcc84,2009-10-17,02:45:00,EDSA Kamias Road (E/B) Quezon City,0,0,0,0,0,0,0,0,0,0,2009-10-17 10:45,Property,14.6571804,120.9927185,Head-On
None,EDSA,None,None,"Unknown, Angle Impact, 0.0 drivers_injured, 0.0 drivers_killed, 0.0 passengers_injured, 0.0 passengers_killed, 0.0 pedestrian_injured, 0.0 pedestrian_killed, Fair (Day), EDSA Timog Ave. Quezon City",MMDA Road Safety Unit,,5618a463-b696-49af-bf50-c1cc9bd410f9,2009-10-16,04:05:00,"EDSA ""U""turn slot /fronting Iglesia Ni Cristo Church, Bgy Magasysay Quezon City",0,0,0,0,0,0,0,0,0,0,2009-10-16 12:05,Property,14.63293559,121.0446304,Angle Impact
None,EDSA,None,None,"Unknown, Side Swipe, 0.0 drivers_injured, 0.0 drivers_killed, 0.0 passengers_injured, 0.0 passengers_killed, 0.0 pedestrian_injured, 0.0 pedestrian_killed, Fair (Day), EDSA near corner Timog Avenue Quezon City",MMDA Road Safety Unit,,50d85e90-0bc4-4061-a3db-4e6c46cfa044,2009-10-16,02:30:00,EDSA fronting Walter Mart near Roosevelt Quezon City,0,0,0,0,0,0,0,0,0,0,2009-10-16 10:30,Property,14.63293817,121.0449374,Side Swipe
None,EDSA,None,None,"Unknown, Side Swipe, 0.0 drivers_injured, 0.0 drivers_killed, 0.0 passengers_injured, 0.0 passengers_killed, 0.0 pedestrian_injured, 0.0 pedestrian_killed, Fair (Day), EDSA before Bansalangin Quezon City",MMDA Road Safety Unit,,02b40852-1db3-4b2c-acff-04f261c31725,2009-10-16,02:00:00,"EDSA at ""U"" turn slot, fronting Mercury Drug Storestore, Balintawak Quezon City",0,0,0,0,0,0,0,0,0,0,2009-10-16 10:00,Property,14.65688739,121.0239717,Side Swipe
None,EDSA,None,None,"Human Error, Side Swipe, 0.0 drivers_injured, 0.0 drivers_killed, 0.0 passengers_injured, 0.0 passengers_killed, 0.0 pedestrian_injured, 0.0 pedestrian_killed, Fair (Night), EDSA fronting Balintawak Market Quezon City",MMDA Road Safety Unit,,8b4bfbfa-9c61-482d-ace5-3ac4ef115fcd,2009-10-14,19:50:00,EDSA Aurora Blvd. Quezon City,0,0,0,0,0,0,0,0,0,0,2009-10-15 3:50,Property,14.65736198,121.00264,Side Swipe
None,EDSA,None,None,"Unknown, Rear-end, 0.0 drivers_injured, 0.0 drivers_killed, 0.0 passengers_injured, 0.0 passengers_killed, 0.0 pedestrian_injured, 0.0 pedestrian_killed, Fair (Night), EDSA at ""U"" turn slot, fronting Iglesia ni Cristo, Bgy. Ramon Magsaysay Quezon City",MMDA Road Safety Unit,,9d9d201d-11db-4bae-a5fc-794c7789b919,2009-10-14,15:00:00,EDSA Kamias Road Quezon City,0,0,0,0,0,0,0,0,0,0,2009-10-14 23:00,Property,14.6573249,121.0226677,Rear-End
None,EDSA,None,None,"Unknown, Rear-end, 0.0 drivers_injured, 0.0 drivers_killed, 0.0 passengers_injured, 0.0 passengers_killed, 0.0 pedestrian_injured, 0.0 pedestrian_killed, Fair (Night), EDSA fronting Victory Liner terminal Quezon City",MMDA Road Safety Unit,,e40535b5-2cd7-4646-b7a5-adc2e5156b4d,2009-10-14,09:25:00,EDSA Kamias Road Quezon City,0,0,0,0,0,0,0,0,0,0,2009-10-14 17:25,Property,14.62438651,121.0487652,Rear-End