LOCATION_TEXT,ROAD,WEATHER,LIGHT,DESC,REPORTING_AGENCY,MAIN_CAUSE,INCIDENTDETAILS_ID,DATE_UTC,TIME_UTC,ADDRESS,killed_driver,killed_passenger,killed_pedestrian,injured_driver,injured_passenger,injured_pedestrian,killed_uncategorized,injured_uncategorized,killed_total,injured_total,DATETIME_PST,SEVERITY,Y,X,COLLISION_TYPE
None,EDSA,None,None,"Unknown, Side Swipe, 0.0 drivers_injured, 0.0 drivers_killed, 0.0 passengers_injured, 0.0 passengers_killed, 0.0 pedestrian_injured, 0.0 pedestrian_killed, Fair (Day), EDSA fronting Gate 2 of Camp Aguinaldo Quezon City",MMDA Road Safety Unit,,50291a73-9c19-4ee8-8b63-3049271e8539,2009-10-14,04:45:00,EDSA near Kamuning Road Quezon City,0,0,0,0,0,0,0,0,0,0,2009-10-14 12:45,Property,14.60999641,121.055668,Side Swipe
None,EDSA,None,None,"Unknown, Rear-end, 0.0 drivers_injured, 0.0 drivers_killed, 0.0 passengers_injured, 0.0 passengers_killed, 0.0 pedestrian_injured, 0.0 pedestrian_killed, Fair (Day), EDSA Trinoma  Mall Quezon City",MMDA Road Safety Unit,,7808a8b9-35cd-46f2-b9f2-ff309aeebd93,2009-10-13,22:10:00,EDSA fronting Gate 5 socorro Quezon City,0,0,0,0,0,0,0,0,0,0,2009-10-14 6:10,Property,14.65242607,121.0323133,Rear-End
None,EDSA,None,None,"Unknown, Side Swipe, 0.0 drivers_injured, 0.0 drivers_killed, 0.0 passengers_injured, 0.0 passengers_killed, 0.0 pedestrian_injured, 0.0 pedestrian_killed, Fair (Day), EDSA fronting Five Star Bus Terminal Quezon City",MMDA Road Safety Unit,,f1099c6a-2c9b-47b2-a244-5b5a7b36bce9,2009-10-13,05:05:00,EDSA South Road Quezon City,0,0,0,0,0,0,0,0,0,0,2009-10-13 13:05,Property,14.62380284,121.0492837,Side Swipe
None,EDSA,None,None,"Unknown, Rear-end, 0.0 drivers_injured, 0.0 drivers_killed, 0.0 passengers_injured, 0.0 passengers_killed, 0.0 pedestrian_injured, 0.0 pedestrian_killed, Fair (Day), EDSA Bulacan St. Quezon City",MMDA Road Safety Unit,,c83189f9-0036-4352-8ff5-4895beb15f4d,2009-10-13,00:45:00,EDSA E.Garcia St. / 7-11 Quezon City,0,0,0,0,0,0,0,0,0,0,2009-10-13 8:45,Property,14.65577077,121.0291718,Rear-End
None,EDSA,None,None,"Unknown, Rear-end, 0.0 drivers_injured, 0.0 drivers_killed, 0.0 passengers_injured, 0.0 passengers_killed, 0.0 pedestrian_injured, 0.0 pedestrian_killed, Fair (Day), EDSA Congressional Ave., Jackman Quezon City",MMDA Road Safety Unit,,da5ca756-8412-438b-ab68-9df7906080e8,2009-10-12,07:30:00,EDSA Timog Ave. Quezon City,0,0,0,0,0,0,0,0,0,0,2009-10-12 15:30,Property,14.6571804,120.9927185,Rear-End
None,EDSA,None,None,"Unknown, Side Swipe, 0.0 drivers_injured, 0.0 drivers_killed, 0.0 passengers_injured, 0.0 passengers_killed, 0.0 pedestrian_injured, 0.0 pedestrian_killed, Fair (Day), EDSA near Kamuning Road / Meralco Quezon City",MMDA Road Safety Unit,,c35d550a-c18f-4058-a87e-46ddf6b9fe0d,2009-10-12,02:05:00,EDSA Santolan Road Quezon City,0,0,0,0,0,0,0,0,0,0,2009-10-12 10:05,Property,14.63085309,121.0457785,Side Swipe
None,EDSA,None,None,"Unknown, Rear-end, 0.0 drivers_injured, 0.0 drivers_killed, 0.0 passengers_injured, 0.0 passengers_killed, 0.0 pedestrian_injured, 0.0 pedestrian_killed, Fair (Night), EDSA fronting Farmer's Mall Quezon City",MMDA Road Safety Unit,,73e35a7d-182f-4cd8-b07a-f518832975a7,2009-10-11,16:10:00,EDSA Kamias Road Quezon City,0,0,0,0,0,0,0,0,0,0,2009-10-12 0:10,Property,14.61924195,121.0511606,Rear-End
None,EDSA,None,None,"Unknown, Rear-end, 0.0 drivers_injured, 0.0 drivers_killed, 0.0 passengers_injured, 0.0 passengers_killed, 0.0 pedestrian_injured, 0.0 pedestrian_killed, Fair (Night), EDSA fronting Trinoma, near North Ave. Quezon City",MMDA Road Safety Unit,,1f464044-82cc-4bc2-a26f-cf6aff276504,2009-10-10,11:10:00,"EDSA Timog Ave., East Ave Quezon City",0,0,0,0,0,0,0,0,0,0,2009-10-10 19:10,Property,14.65521773,121.030498,Rear-End
None,EDSA,None,None,"Unknown, Rear-end, 0.0 drivers_injured, 0.0 drivers_killed, 0.0 passengers_injured, 0.0 passengers_killed, 0.0 pedestrian_injured, 0.0 pedestrian_killed, Fair (Night), EDSA Congressional Ave. Quezon City",MMDA Road Safety Unit,,61d0249b-5906-44e4-b403-e6629ee57ec3,2009-10-10,08:00:00,EDSA SM North-Annex Quezon City,0,0,0,0,0,0,0,0,0,0,2009-10-10 16:00,Property,14.6571804,120.9927185,Rear-End
None,EDSA,None,None,"Unknown, Hit object (No Object Stated), 0.0 drivers_injured, 0.0 drivers_killed, 0.0 passengers_injured, 0.0 passengers_killed, 0.0 pedestrian_injured, 0.0 pedestrian_killed, Fair (Day), EDSA Quezon Ave. (EB) Quezon City",MMDA Road Safety Unit,,b0c6cdf4-f7e1-4e07-a00b-043a74a397ae,2009-10-10,01:00:00,EDSA fronting QCPD Station  Quezon City,0,0,0,0,0,0,0,0,0,0,2009-10-10 9:00,Property,14.6442444,121.0375839,Hit Object
None,EDSA,None,None,"Unknown, Side Swipe, 0.0 drivers_injured, 0.0 drivers_killed, 0.0 passengers_injured, 0.0 passengers_killed, 0.0 pedestrian_injured, 0.0 pedestrian_killed, Fair (Day), EDSA fronting Waltermart Quezon City",MMDA Road Safety Unit,,1d82d2af-8968-4bce-9061-0905a1833a4f,2009-10-09,02:00:00,EDSA Aurora Blvd Quezon City,0,0,0,0,0,0,0,0,0,0,2009-10-09 10:00,Property,14.65755908,121.0204569,Side Swipe
None,EDSA,None,None,"Unknown, Hit and Run (No Collision Stated), 0.0 drivers_injured, 0.0 drivers_killed, 0.0 passengers_injured, 0.0 passengers_killed, 0.0 pedestrian_injured, 0.0 pedestrian_killed, Fair (Night), EDSA after Roosevelt Ave. Quezon City",MMDA Road Safety Unit,,ef7e0d7a-b7af-4115-81f8-f2dc29a2c095,2009-10-08,13:10:00,EDSA  fronting Q-Mart Quezon City,0,0,0,0,0,0,0,0,0,0,2009-10-08 21:10,Property,14.65757487,121.0203192,No Collision Stated
None,EDSA,None,None,"Unknown, Side Swipe, 0.0 drivers_injured, 0.0 drivers_killed, 0.0 passengers_injured, 0.0 passengers_killed, 0.0 pedestrian_injured, 0.0 pedestrian_killed, Fair (Day), EDSA near Roosevelt Avenue / PLDT Quezon City",MMDA Road Safety Unit,,5b3bd97d-18f5-4bdc-86ca-f81e3cc7717b,2009-10-05,04:05:00,EDSA Congressional Ave. Quezon City,0,0,0,0,0,0,0,0,0,0,2009-10-05 12:05,Property,14.65758051,121.0196253,Side Swipe
None,EDSA,None,None,"Unknown, Rear-end, 0.0 drivers_injured, 0.0 drivers_killed, 0.0 passengers_injured, 0.0 passengers_killed, 0.0 pedestrian_injured, 0.0 pedestrian_killed, Fair (Day), EDSA Quezon Ave. Quezon City",MMDA Road Safety Unit,,fccb8f15-db06-4775-8c67-1b3ef9ca6dbd,2009-10-02,06:30:00,EDSA Kamias Road Quezon City,0,0,0,0,0,0,0,0,0,0,2009-10-02 14:30,Property,14.6442444,121.0375839,Rear-End
None,EDSA,None,None,"Unknown, Side Swipe, 0.0 drivers_injured, 0.0 drivers_killed, 0.0 passengers_injured, 0.0 passengers_killed, 0.0 pedestrian_injured, 0.0 pedestrian_killed, Fair (Day), EDSA near corner Roosevelt Avenue Quezon City",MMDA Road Safety Unit,,accd2587-e42d-4fd0-936a-cfa30118c633,2009-10-02,00:20:00,EDSA fronting Nepa Q-Mart Quezon City,0,0,0,0,0,0,0,0,0,0,2009-10-02 8:20,Property,14.65758051,121.0196253,Side Swipe
None,EDSA,None,None,"Unknown, Angle Impact, 0.0 drivers_injured, 0.0 drivers_killed, 0.0 passengers_injured, 0.0 passengers_killed, 0.0 pedestrian_injured, 0.0 pedestrian_killed, Fair (Night), EDSA Aurora Blvd. Quezon City",MMDA Road Safety Unit,,803cd399-ae85-44d6-83c0-7dca8fe29f25,2009-10-01,21:15:00,EDSA Congressional Ave. Quezon City,0,0,0,0,0,0,0,0,0,0,2009-10-02 5:15,Property,14.62163653,121.0501573,Angle Impact
None,EDSA,None,None,"Unknown, Angle Impact, 0.0 drivers_injured, 0.0 drivers_killed, 0.0 passengers_injured, 0.0 passengers_killed, 0.0 pedestrian_injured, 0.0 pedestrian_killed, Fair (Night), EDSA Mother Ignacia St. Quezon City",MMDA Road Safety Unit,,feac88b6-3cb0-4dac-a392-14fe62157bb8,2009-09-30,20:15:00,EDSA Congressional Ave. Quezon City,0,0,0,0,0,0,0,0,0,0,2009-10-01 4:15,Property,14.64220321,121.0386692,Angle Impact
None,EDSA,None,None,"Unknown, Rear-end, 0.0 drivers_injured, 0.0 drivers_killed, 0.0 passengers_injured, 0.0 passengers_killed, 0.0 pedestrian_injured, 0.0 pedestrian_killed, Fair (Night), EDSA Quezon Ave. Quezon City",MMDA Road Safety Unit,,44460641-a741-4436-ad9a-f350adc27f06,2009-09-30,20:00:00,EDSA Aurora Blvd. Quezon City,0,0,0,0,0,0,0,0,0,0,2009-10-01 4:00,Property,14.6442444,121.0375839,Rear-End
None,EDSA,None,None,"Unknown, Hit and Run (No Collision Stated), 0.0 drivers_injured, 1.0 drivers_killed, 0.0 passengers_injured, 0.0 passengers_killed, 0.0 pedestrian_injured, 0.0 pedestrian_killed, Fair (Night), EDSA Aurora Blvd., Cubao Quezon City",MMDA Road Safety Unit,,4ba32ccb-dc7e-4a7a-a3b8-e71ccb520422,2009-09-27,12:45:00,EDSA North Ave. Quezon City,1,0,0,0,0,0,0,0,1,0,2009-09-27 20:45,Fatal,14.6218043,121.0502049,No Collision Stated
None,EDSA,None,None,"Unknown, Side Swipe, 0.0 drivers_injured, 0.0 drivers_killed, 0.0 passengers_injured, 0.0 passengers_killed, 0.0 pedestrian_injured, 0.0 pedestrian_killed, Rain (Day), EDSA Family Market Quezon City",MMDA Road Safety Unit,,29f31d3d-232b-4a29-afd8-6a9cff158e77,2009-09-25,02:10:00,EDSA North Ave. Quezon City,0,0,0,0,0,0,0,0,0,0,2009-09-25 10:10,Property,14.61920525,121.0513476,Side Swipe
None,EDSA,None,None,"Unknown, Side Swipe, 0.0 drivers_injured, 0.0 drivers_killed, 0.0 passengers_injured, 0.0 passengers_killed, 0.0 pedestrian_injured, 0.0 pedestrian_killed, Fair (Night), EDSA fronting Cloverleaf Market Quezon City",MMDA Road Safety Unit,,a8382fed-f0c2-4a3a-a352-64d474251a32,2009-09-19,18:00:00,"EDSA Gani Road, Brgy. Bahay Toro Quezon City",0,0,0,0,0,0,0,0,0,0,2009-09-20 2:00,Property,14.65731339,121.000715,Side Swipe
None,EDSA,None,None,"Unknown, Side Swipe, 0.0 drivers_injured, 0.0 drivers_killed, 0.0 passengers_injured, 0.0 passengers_killed, 0.0 pedestrian_injured, 0.0 pedestrian_killed, Fair (Day), EDSA fronting Waltermart Quezon City",MMDA Road Safety Unit,,5629cee2-9ebd-416c-be7e-5a73c4141296,2009-09-17,01:10:00,EDSA Congressional Ave. Quezon City,0,0,0,0,0,0,0,0,0,0,2009-09-17 9:10,Property,14.65755908,121.0204569,Side Swipe
None,EDSA,None,None,"Unknown, Side Swipe, 0.0 drivers_injured, 0.0 drivers_killed, 0.0 passengers_injured, 0.0 passengers_killed, 0.0 pedestrian_injured, 0.0 pedestrian_killed, Fair (Day), EDSA fronting Waltermart Quezon City",MMDA Road Safety Unit,,137c8739-581e-4aaf-ae58-97efbc0b5ef0,2009-09-17,01:10:00,EDSA Aurora Blvd. Quezon City,0,0,0,0,0,0,0,0,0,0,2009-09-17 9:10,Property,14.65755908,121.0204569,Side Swipe
None,EDSA,None,None,"Unknown, Self-Accident, 0.0 drivers_injured, 0.0 drivers_killed, 0.0 passengers_injured, 0.0 passengers_killed, 0.0 pedestrian_injured, 0.0 pedestrian_killed, Fair (Night), EDSA Quezon Ave. Quezon City",MMDA Road Safety Unit,,ad00f636-183e-4fc3-9edc-32083b52a628,2009-09-16,12:45:00,EDSA Congressional Ave. Brgy. R. Magsaysay  Quezon City,0,0,0,0,0,0,0,0,0,0,2009-09-16 20:45,Property,14.6442444,121.0375839,Self-Accident
None,EDSA,None,None,"Unknown, Self-Accident, 0.0 drivers_injured, 0.0 drivers_killed, 0.0 passengers_injured, 0.0 passengers_killed, 0.0 pedestrian_injured, 0.0 pedestrian_killed, Fair (Night), EDSA Quezon Ave. Quezon City",MMDA Road Safety Unit,,d1459ba2-ee34-4b90-8f19-1a6b67ee8e1b,2009-09-16,12:45:00,"EDSA at ""U""turn slot / near Mapagmahal St. Quezon City",0,0,0,0,0,0,0,0,0,0,2009-09-16 20:45,Property,14.6442444,121.0375839,Self-Accident
None,EDSA,None,None,"Unknown, Side Swipe, 0.0 drivers_injured, 0.0 drivers_killed, 0.0 passengers_injured, 0.0 passengers_killed, 0.0 pedestrian_injured, 0.0 pedestrian_killed, Fair (Night), EDSA fronting Balintawak Market Quezon City",MMDA Road Safety Unit,,0c30886f-f637-4b20-b577-778d61946c95,2009-09-14,15:30:00,EDSA East Ave. Quezon City,0,0,0,0,0,0,0,0,0,0,2009-09-14 23:30,Property,14.65736198,121.00264,Side Swipe
None,EDSA,None,None,"Unknown, Side Swipe, 0.0 drivers_injured, 0.0 drivers_killed, 0.0 passengers_injured, 0.0 passengers_killed, 0.0 pedestrian_injured, 0.0 pedestrian_killed, Fair (Night), EDSA fronting Balintawak Market Quezon City",MMDA Road Safety Unit,,1096e60d-56af-4d70-b52a-a4f9ef3f0e9b,2009-09-14,15:30:00,EDSA West Ave. Quezon City,0,0,0,0,0,0,0,0,0,0,2009-09-14 23:30,Property,14.65736198,121.00264,Side Swipe
None,EDSA,None,None,"Human Error, Side Swipe, 0.0 drivers_injured, 0.0 drivers_killed, 0.0 passengers_injured, 0.0 passengers_killed, 0.0 pedestrian_injured, 0.0 pedestrian_killed, Fair (Day), EDSA West Ave. Quezon City",MMDA Road Safety Unit,,d2100227-f9ae-4dee-bd75-d21b1f498488,2009-09-14,01:50:00,EDSA fronting Lemon Square Quezon City,0,0,0,0,0,0,0,0,0,0,2009-09-14 9:50,Property,14.65548924,121.0298079,Side Swipe
None,EDSA,None,None,"Human Error, Side Swipe, 0.0 drivers_injured, 0.0 drivers_killed, 0.0 passengers_injured, 0.0 passengers_killed, 0.0 pedestrian_injured, 0.0 pedestrian_killed, Fair (Day), EDSA West Ave. Quezon City",MMDA Road Safety Unit,,11301e06-daf8-474f-859b-bd8bd589037e,2009-09-14,01:50:00,EDSA Aurora Blvd. Quezon City,0,0,0,0,0,0,0,0,0,0,2009-09-14 9:50,Property,14.65548924,121.0298079,Side Swipe
None,EDSA,None,None,"Unknown, Angle Impact, 0.0 drivers_injured, 0.0 drivers_killed, 0.0 passengers_injured, 0.0 passengers_killed, 0.0 pedestrian_injured, 0.0 pedestrian_killed, Rain (Day), EDSA Roosevelt Ave. Quezon City",MMDA Road Safety Unit,,37da1f2e-dc05-4f73-8223-640df771f017,2009-09-08,07:45:00,EDSA Roosevelt Ave Quezon City,0,0,0,0,0,0,0,0,0,0,2009-09-08 15:45,Property,14.65762047,121.0196373,Angle Impact
None,EDSA,None,None,"Unknown, Angle Impact, 0.0 drivers_injured, 0.0 drivers_killed, 0.0 passengers_injured, 0.0 passengers_killed, 0.0 pedestrian_injured, 0.0 pedestrian_killed, Rain (Day), EDSA Roosevelt Ave. Quezon City",MMDA Road Safety Unit,,02055ec9-4ebb-45e8-9e83-91dff4e4ed9a,2009-09-08,07:45:00,"EDSA Walter Mart, Brgy. San Antonio Quezon City",0,0,0,0,0,0,0,0,0,0,2009-09-08 15:45,Property,14.65762047,121.0196373,Angle Impact
None,EDSA,None,None,"Unknown, Hit and Run (No Collision Stated), 1.0 drivers_injured, 0.0 drivers_killed, 0.0 passengers_injured, 0.0 passengers_killed, 0.0 pedestrian_injured, 0.0 pedestrian_killed, Rain (Day), EDSA at ""U"" turn slot, near Kaingin Quezon City",MMDA Road Safety Unit,,5f4e2091-4fe1-4784-91dd-fe159efca837,2009-09-06,22:45:00,EDSA Aurora Blvd. Quezon City,0,0,0,1,0,0,0,0,0,1,2009-09-07 6:45,Injury,14.6575611,121.0109157,No Collision Stated
None,EDSA,None,None,"Unknown, Hit and Run (No Collision Stated), 1.0 drivers_injured, 0.0 drivers_killed, 0.0 passengers_injured, 0.0 passengers_killed, 0.0 pedestrian_injured, 0.0 pedestrian_killed, Rain (Day), EDSA at ""U"" turn slot, near Kaingin Quezon City",MMDA Road Safety Unit,,f0d1aab1-3296-4272-9041-f0fe668dee7d,2009-09-06,22:45:00,EDSA Aurora Blvd. Quezon City,0,0,0,1,0,0,0,0,0,1,2009-09-07 6:45,Injury,14.6575611,121.0109157,No Collision Stated
None,EDSA,None,None,"Human Error, Side Swipe, 1.0 drivers_injured, 0.0 drivers_killed, 1.0 passengers_injured, 0.0 passengers_killed, 0.0 pedestrian_injured, 0.0 pedestrian_killed, Rain (Night), EDSA near Kamias Road fronting PAGCOR Quezon City",MMDA Road Safety Unit,,db6e451e-22e3-41e4-abc9-c9c5835c1514,2009-09-06,15:00:00,EDSA Seminary Road Quezon City,0,0,0,1,1,0,0,0,0,2,2009-09-06 23:00,Injury,14.63085309,121.0457785,Side Swipe
None,EDSA,None,None,"Unknown, Rear-end, 0.0 drivers_injured, 0.0 drivers_killed, 0.0 passengers_injured, 0.0 passengers_killed, 0.0 pedestrian_injured, 0.0 pedestrian_killed, Rain (Night), EDSA fronting Cloverleaf Market Quezon City",MMDA Road Safety Unit,,8bac5984-37f5-41cc-918e-0ec0a7a05044,2009-09-04,15:55:00,EDSA Ortigas Ave. fronting Edsa Shrine Quezon City,0,0,0,0,0,0,0,0,0,0,2009-09-04 23:55,Property,14.65731339,121.000715,Rear-End
None,EDSA,None,None,"Unknown, Side Swipe, 0.0 drivers_injured, 0.0 drivers_killed, 0.0 passengers_injured, 0.0 passengers_killed, 0.0 pedestrian_injured, 0.0 pedestrian_killed, Rain (Day), EDSA Royal  Quezon City",MMDA Road Safety Unit,,b473ed16-bd22-4a18-addf-b32ecf4df147,2009-09-04,02:30:00,EDSA Aurora Blvd. Quezon City,0,0,0,0,0,0,0,0,0,0,2009-09-04 10:30,Property,14.65767141,121.0107008,Side Swipe
None,EDSA,None,None,"Unknown, Rear-end, 0.0 drivers_injured, 0.0 drivers_killed, 0.0 passengers_injured, 0.0 passengers_killed, 0.0 pedestrian_injured, 0.0 pedestrian_killed, Fair (Day), EDSA fronting QCPD Stn 10 Quezon City",MMDA Road Safety Unit,,ccc6da8b-dd19-4768-ad08-6e9b16bd3d49,2009-09-02,05:25:00,EDSA Ermin Garcia St. Quezon City,0,0,0,0,0,0,0,0,0,0,2009-09-02 13:25,Property,14.62986337,121.0460819,Rear-End
None,EDSA,None,None,"Unknown, Angle Impact, 0.0 drivers_injured, 0.0 drivers_killed, 0.0 passengers_injured, 0.0 passengers_killed, 0.0 pedestrian_injured, 0.0 pedestrian_killed, Fair (Day), EDSA Kaingin St. Quezon City",MMDA Road Safety Unit,,b617a5bc-ae31-46e3-b24e-78220a8eebaf,2009-09-01,02:10:00,EDSA Congressional Ave. Quezon City,0,0,0,0,0,0,0,0,0,0,2009-09-01 10:10,Property,14.65746493,121.0109963,Angle Impact
None,EDSA,None,None,"Unknown, Self-Accident, 0.0 drivers_injured, 0.0 drivers_killed, 0.0 passengers_injured, 0.0 passengers_killed, 0.0 pedestrian_injured, 0.0 pedestrian_killed, Fair (Night), EDSA Oliveros, Balintawak Quezon City",MMDA Road Safety Unit,,1b369082-25b4-4132-81bd-45d7180f7fa3,2009-08-30,19:35:00,EDSA Col. Bonny Serrano Ave. Quezon City,0,0,0,0,0,0,0,0,0,0,2009-08-31 3:35,Property,14.65762799,121.0065288,Self-Accident
None,EDSA,None,None,"Unknown, Side Swipe, 0.0 drivers_injured, 0.0 drivers_killed, 0.0 passengers_injured, 0.0 passengers_killed, 0.0 pedestrian_injured, 0.0 pedestrian_killed, Fair (Day), EDSA fronting Cloverleaf Market Quezon City",MMDA Road Safety Unit,,97030ff7-5fb6-4b89-9069-907dd949f0ab,2009-08-29,22:15:00,EDSA West Ave. Brgy.  Philam Quezon City,0,0,0,0,0,0,0,0,0,0,2009-08-30 6:15,Property,14.65731339,121.000715,Side Swipe
None,EDSA,None,None,"Unknown, Angle Impact, 0.0 drivers_injured, 0.0 drivers_killed, 0.0 passengers_injured, 0.0 passengers_killed, 0.0 pedestrian_injured, 0.0 pedestrian_killed, Fair (Night), EDSA Kamias Road Quezon City",MMDA Road Safety Unit,,ec5700ca-2172-4f74-ac8e-b5d33cb8da5c,2009-08-29,09:30:00,EDSA Arayat St Quezon City,0,0,0,0,0,0,0,0,0,0,2009-08-29 17:30,Property,14.6309142,121.0459376,Angle Impact
None,EDSA,None,None,"Unknown, Hit and Run (No Collision Stated), 0.0 drivers_injured, 0.0 drivers_killed, 0.0 passengers_injured, 0.0 passengers_killed, 0.0 pedestrian_injured, 0.0 pedestrian_killed, Fair (Night), EDSA Whiteplains Ave. Quezon City",MMDA Road Safety Unit,,c644d330-d8b3-43bc-a149-7cdeb253623c,2009-08-28,12:30:00,EDSA Kamias / Kamuning Road Quezon City,0,0,0,0,0,0,0,0,0,0,2009-08-28 20:30,Property,14.59961782,121.0596522,No Collision Stated
None,EDSA,None,None,"Unknown, Rear-end, 0.0 drivers_injured, 0.0 drivers_killed, 0.0 passengers_injured, 0.0 passengers_killed, 0.0 pedestrian_injured, 0.0 pedestrian_killed, Fair (Day), EDSA fronting Camp Crame Quezon City",MMDA Road Safety Unit,,6b4d2e9d-4627-4d47-8ff4-1ffa5f73d1d9,2009-08-28,00:15:00,EDSA near New York Quezon City,0,0,0,0,0,0,0,0,0,0,2009-08-28 8:15,Property,14.60925441,121.0557175,Rear-End
None,EDSA,None,None,"Unknown, Rear-end, 0.0 drivers_injured, 0.0 drivers_killed, 0.0 passengers_injured, 0.0 passengers_killed, 0.0 pedestrian_injured, 0.0 pedestrian_killed, Fair (Night), EDSA fronting Q-Mart Quezon City",MMDA Road Safety Unit,,640a59bf-4cfa-4915-9356-bd4dab6b9010,2009-08-26,14:00:00,EDSA Timog Ave. Quezon City,0,0,0,0,0,0,0,0,0,0,2009-08-26 22:00,Property,14.62803883,121.0472622,Rear-End
None,EDSA,None,None,"Unknown, Angle Impact, 0.0 drivers_injured, 0.0 drivers_killed, 0.0 passengers_injured, 0.0 passengers_killed, 0.0 pedestrian_injured, 0.0 pedestrian_killed, Fair (Day), EDSA Ortigas Avenue / Robinson Mall Quezon City",MMDA Road Safety Unit,,4f23b72a-5f12-415d-902b-90933ded9102,2009-08-25,03:20:00,EDSA Timog Ave. Quezon City,0,0,0,0,0,0,0,0,0,0,2009-08-25 11:20,Property,14.59275486,121.0584221,Angle Impact
None,EDSA,None,None,"Unknown, Side Swipe, 0.0 drivers_injured, 0.0 drivers_killed, 0.0 passengers_injured, 0.0 passengers_killed, 0.0 pedestrian_injured, 0.0 pedestrian_killed, Fair (Day), EDSA fronting Oriental Market, Balintawak Quezon City",MMDA Road Safety Unit,,1d9cd6b1-2ae4-48f3-9c41-4b651c0cc54e,2009-08-24,02:00:00,EDSA near Kamias Road Quezon City,0,0,0,0,0,0,0,0,0,0,2009-08-24 10:00,Property,14.65737508,121.004028,Side Swipe
None,EDSA,None,None,"Unknown, Angle Impact, 0.0 drivers_injured, 0.0 drivers_killed, 0.0 passengers_injured, 0.0 passengers_killed, 0.0 pedestrian_injured, 0.0 pedestrian_killed, Fair (Day), EDSA Roosevelt Ave. Quezon City",MMDA Road Safety Unit,,8da1e4a7-51cd-4c3d-943c-da4aa9b48095,2009-08-19,22:10:00,EDSA Kamuning Road / Kamias Road Quezon City,0,0,0,0,0,0,0,0,0,0,2009-08-20 6:10,Property,14.65762047,121.0196373,Angle Impact
None,EDSA,None,None,"Unknown, Side Swipe, 0.0 drivers_injured, 0.0 drivers_killed, 0.0 passengers_injured, 0.0 passengers_killed, 0.0 pedestrian_injured, 0.0 pedestrian_killed, Fair (Day), EDSA fronting Oriental Market, Balintawak Quezon City",MMDA Road Safety Unit,,df818f5f-f2ad-4477-94e7-28abb8816c9b,2009-08-18,04:10:00,EDSA North Ave. Quezon City,0,0,0,0,0,0,0,0,0,0,2009-08-18 12:10,Property,14.65737508,121.004028,Side Swipe
None,EDSA,None,None,"Unknown, Rear-end, 0.0 drivers_injured, 0.0 drivers_killed, 0.0 passengers_injured, 0.0 passengers_killed, 0.0 pedestrian_injured, 0.0 pedestrian_killed, Fair (Day), EDSA Cloverleaf Service Road Quezon City",MMDA Road Safety Unit,,5f414d78-c550-47b3-9cc9-6a3a380006c9,2009-08-17,03:45:00,EDSA fronting Baliwag transit Bus Terminal Quezon City,0,0,0,0,0,0,0,0,0,0,2009-08-17 11:45,Property,14.65747901,121.0011914,Rear-End
None,EDSA,None,None,"Unknown, Hit and Run (No Collision Stated), 0.0 drivers_injured, 0.0 drivers_killed, 0.0 passengers_injured, 0.0 passengers_killed, 0.0 pedestrian_injured, 0.0 pedestrian_killed, Fair (Night), EDSA near Gen. McArthur Ave., Cubao Quezon City",MMDA Road Safety Unit,,6d479c2a-06e3-4500-9141-fa4a33190da1,2009-08-14,16:30:00,"EDSA at ""U"" turn slot, Santolan Quezon City",0,0,0,0,0,0,0,0,0,0,2009-08-15 0:30,Property,14.61816623,121.0517619,No Collision Stated
None,EDSA,None,None,"Unknown, Rear-end, 0.0 drivers_injured, 0.0 drivers_killed, 0.0 passengers_injured, 0.0 passengers_killed, 0.0 pedestrian_injured, 0.0 pedestrian_killed, Fair (Day), EDSA Monte De Piedad St. Quezon City",MMDA Road Safety Unit,,ccf13876-8942-4ad3-b8a9-12de4377d4ab,2009-08-14,01:00:00,EDSA Aurora Blvd. Quezon City,0,0,0,0,0,0,0,0,0,0,2009-08-14 9:00,Property,14.62346937,121.0491711,Rear-End
None,EDSA,None,None,"Unknown, Angle Impact, 0.0 drivers_injured, 0.0 drivers_killed, 0.0 passengers_injured, 0.0 passengers_killed, 0.0 pedestrian_injured, 0.0 pedestrian_killed, Fair (Day), EDSA Kamias Road Quezon City",MMDA Road Safety Unit,,caac16cd-871a-4c7a-a5f0-4e45b9f0b38d,2009-08-09,04:40:00,EDSA Ortigas Intersection  Quezon City,0,0,0,0,0,0,0,0,0,0,2009-08-09 12:40,Property,14.6309142,121.0459376,Angle Impact
None,EDSA,None,None,"Unknown, Angle Impact, 0.0 drivers_injured, 0.0 drivers_killed, 0.0 passengers_injured, 0.0 passengers_killed, 0.0 pedestrian_injured, 0.0 pedestrian_killed, Fair (Day), EDSA Aurora Blvd. Quezon City",MMDA Road Safety Unit,,d6d8ec30-d30a-4d00-bb26-de1bb5ffb709,2009-08-04,04:35:00,EDSA Francisco Gold Condo Parking Area Quezon City,0,0,0,0,0,0,0,0,0,0,2009-08-04 12:35,Property,14.62163653,121.0501573,Angle Impact
None,EDSA,None,None,"Unknown, Self-Accident, 0.0 drivers_injured, 0.0 drivers_killed, 1.0 passengers_injured, 0.0 passengers_killed, 0.0 pedestrian_injured, 0.0 pedestrian_killed, Fair (Night), EDSA fronting Victory Liner, New York St. Quezon City",MMDA Road Safety Unit,,473547ca-45fd-4bab-9f0e-7eb2c5f49f0f,2009-08-03,16:30:00,EDSA Aurora Blvd. Quezon City,0,0,0,0,1,0,0,0,0,1,2009-08-04 0:30,Injury,14.62438651,121.0487652,Self-Accident
None,EDSA,None,None,"Unknown, Rear-end, 0.0 drivers_injured, 0.0 drivers_killed, 0.0 passengers_injured, 0.0 passengers_killed, 0.0 pedestrian_injured, 0.0 pedestrian_killed, Fair (Day), EDSA Caltex Gas Station, Balintawak Quezon City",MMDA Road Safety Unit,,1b241878-a51f-433b-a51f-0221745fae25,2009-08-03,02:15:00,EDSA fronting QCPD Stn. 10 Quezon City,0,0,0,0,0,0,0,0,0,0,2009-08-03 10:15,Property,14.65756562,121.0045938,Rear-End