LOCATION_TEXT,ROAD,WEATHER,LIGHT,DESC,REPORTING_AGENCY,MAIN_CAUSE,INCIDENTDETAILS_ID,DATE_UTC,TIME_UTC,ADDRESS,killed_driver,killed_passenger,killed_pedestrian,injured_driver,injured_passenger,injured_pedestrian,killed_uncategorized,injured_uncategorized,killed_total,injured_total,DATETIME_PST,SEVERITY,Y,X,COLLISION_TYPE
None,EDSA,None,None,"Unknown, Rear-end, 0.0 drivers_injured, 0.0 drivers_killed, 0.0 passengers_injured, 0.0 passengers_killed, 0.0 pedestrian_injured, 0.0 pedestrian_killed, Fair (Day), EDSA at ""U"" turn slot, Iglesia ni Cristo Church Quezon City",MMDA Road Safety Unit,,cfc7dd6c-0ec1-47eb-9f06-64641491d193,2009-08-02,23:00:00,EDSA Aurora Blvd. Quezon City,0,0,0,0,0,0,0,0,0,0,2009-08-03 7:00,Property,14.65729997,121.0226907,Rear-End
None,EDSA,None,None,"Unknown, Side Swipe, 0.0 drivers_injured, 0.0 drivers_killed, 0.0 passengers_injured, 0.0 passengers_killed, 0.0 pedestrian_injured, 0.0 pedestrian_killed, Fair (Night), EDSA fronting Guzend Bldg. Quezon City",MMDA Road Safety Unit,,68c9a490-2f8d-47c3-91b5-7cb56c241590,2009-08-01,13:30:00,EDSA Aurora Blvd. Quezon City,0,0,0,0,0,0,0,0,0,0,2009-08-01 21:30,Property,14.65739348,121.0137971,Side Swipe
None,EDSA,None,None,"Unknown, Hit and Run (No Collision Stated), 0.0 drivers_injured, 0.0 drivers_killed, 0.0 passengers_injured, 0.0 passengers_killed, 0.0 pedestrian_injured, 0.0 pedestrian_killed, Fair (Night), EDSA near corner Cloverleaf Service Road Quezon City",MMDA Road Safety Unit,,1c638958-c93c-4456-b0af-b6234bc39bc8,2009-08-01,10:00:00," EDSA at ""U"" turn slot, Mapagmahal St. Quezon City",0,0,0,0,0,0,0,0,0,0,2009-08-01 18:00,Property,14.65732853,120.9995015,No Collision Stated
None,EDSA,None,None,"Unknown, Angle Impact, 0.0 drivers_injured, 0.0 drivers_killed, 0.0 passengers_injured, 0.0 passengers_killed, 0.0 pedestrian_injured, 0.0 pedestrian_killed, Fair (Night), EDSA Congressional Ave. Quezon City",MMDA Road Safety Unit,,4e7e1334-f04a-4d9d-9eda-8a0870abd3d7,2009-07-30,16:05:00,EDSA Aurora Blvd. Quezon City,0,0,0,0,0,0,0,0,0,0,2009-07-31 0:05,Property,14.6571804,120.9927185,Angle Impact
None,EDSA,None,None,"Unknown, Self-Accident, 0.0 drivers_injured, 0.0 drivers_killed, 0.0 passengers_injured, 0.0 passengers_killed, 0.0 pedestrian_injured, 0.0 pedestrian_killed, Fair (Night), EDSA fronting Balintawak Pedestrian Overpass, Bgy. Oliveros Quezon City",MMDA Road Safety Unit,,2310f0c1-4213-4211-8028-cc029dd6363b,2009-07-27,21:45:00,EDSA P. Tuazon Blvd. Quezon City,0,0,0,0,0,0,0,0,0,0,2009-07-28 5:45,Property,14.65736198,121.00264,Self-Accident
None,EDSA,None,None,"Unknown, Side Swipe, 0.0 drivers_injured, 0.0 drivers_killed, 0.0 passengers_injured, 0.0 passengers_killed, 0.0 pedestrian_injured, 0.0 pedestrian_killed, Fair (Day), EDSA fronting Waltermart Quezon City",MMDA Road Safety Unit,,5726b45a-56e3-4deb-9e1f-f7442ec2c6e2,2009-07-27,02:30:00,EDSA Quezon Ave. Quezon City,0,0,0,0,0,0,0,0,0,0,2009-07-27 10:30,Property,14.65755908,121.0204569,Side Swipe
None,EDSA,None,None,"Unknown, Angle Impact, 0.0 drivers_injured, 0.0 drivers_killed, 0.0 passengers_injured, 0.0 passengers_killed, 0.0 pedestrian_injured, 0.0 pedestrian_killed, Fair (Night), EDSA Bulacan St. Quezon City",MMDA Road Safety Unit,,26fcf776-b613-4f2b-bb03-e0f692ce3007,2009-07-20,18:00:00,EDSA Timog Ave. Quezon City,0,0,0,0,0,0,0,0,0,0,2009-07-21 2:00,Property,14.65577077,121.0291718,Angle Impact
None,EDSA,None,None,"Unknown, Self-Accident, 0.0 drivers_injured, 0.0 drivers_killed, 0.0 passengers_injured, 0.0 passengers_killed, 0.0 pedestrian_injured, 0.0 pedestrian_killed, Fair (Day), EDSA fronting Camp Aguinaldo, Cubao Quezon City",MMDA Road Safety Unit,,22c0321e-6d8e-4199-a329-6e6d36edb015,2009-07-20,01:00:00,EDSA Gen. Mc Arthur St. Quezon City,0,0,0,0,0,0,0,0,0,0,2009-07-20 9:00,Property,14.6074566,121.0567511,Self-Accident
None,EDSA,None,None,"Unknown, Side Swipe, 0.0 drivers_injured, 0.0 drivers_killed, 0.0 passengers_injured, 0.0 passengers_killed, 0.0 pedestrian_injured, 0.0 pedestrian_killed, Fair (Day), EDSA Balintawak Market Quezon City",MMDA Road Safety Unit,,78382942-5e56-486b-860d-d469836a5360,2009-07-19,05:40:00,EDSA Aurora Blvd. Quezon City,0,0,0,0,0,0,0,0,0,0,2009-07-19 13:40,Property,14.65740947,121.0025737,Side Swipe
None,EDSA,None,None,"Human Error, Self-Accident, 1.0 drivers_injured, 0.0 drivers_killed, 0.0 passengers_injured, 0.0 passengers_killed, 0.0 pedestrian_injured, 0.0 pedestrian_killed, Fair (Day), EDSA fronting Oriental Balintawak near NLEX Sevice Road Quezon City",MMDA Road Safety Unit,,5b127ccc-0c4a-491a-af50-c48fe487ec1b,2009-07-14,05:00:00,EDSA Mapagmahal St. Quezon City,0,0,0,1,0,0,0,0,0,1,2009-07-14 13:00,Injury,14.65737508,121.004028,Self-Accident
None,EDSA,None,None,"Human Error, Side Swipe, 0.0 drivers_injured, 0.0 drivers_killed, 0.0 passengers_injured, 0.0 passengers_killed, 0.0 pedestrian_injured, 0.0 pedestrian_killed, Fair (Night), EDSA fronting SM City-North Mall Quezon City",MMDA Road Safety Unit,,415bf23e-f4c6-40c7-acc0-fa319a354329,2009-07-12,14:20:00,EDSA fronting Corithian Garden Quezon City,0,0,0,0,0,0,0,0,0,0,2009-07-12 22:20,Property,14.6565149,121.0265678,Side Swipe
None,EDSA,None,None,"Unknown, Side Swipe, 0.0 drivers_injured, 0.0 drivers_killed, 0.0 passengers_injured, 0.0 passengers_killed, 0.0 pedestrian_injured, 0.0 pedestrian_killed, Fair (Night), EDSA fronting SM City-North Mall (Annex) Quezon City",MMDA Road Safety Unit,,b4cd5bea-a365-40e1-9e2c-7500e200a0d0,2009-07-08,13:00:00,EDSA P. Tuazon Blvd. Quezon City,0,0,0,0,0,0,0,0,0,0,2009-07-08 21:00,Property,14.6565149,121.0265678,Side Swipe
None,EDSA,None,None,"Unknown, Side Swipe, 0.0 drivers_injured, 0.0 drivers_killed, 0.0 passengers_injured, 0.0 passengers_killed, 0.0 pedestrian_injured, 0.0 pedestrian_killed, Fair (Day), EDSA fronting Central Terminal  Quezon City",MMDA Road Safety Unit,,4e11e841-6e04-4353-ac3d-fc67a80d5991,2009-06-25,03:45:00,EDSA Panay Ave. Quezon City,0,0,0,0,0,0,0,0,0,0,2009-06-25 11:45,Property,14.65009813,121.0338733,Side Swipe
None,EDSA,None,None,"Unknown, Hit and Run (No Collision Stated), 0.0 drivers_injured, 0.0 drivers_killed, 0.0 passengers_injured, 0.0 passengers_killed, 0.0 pedestrian_injured, 0.0 pedestrian_killed, Fair (Night), EDSA Col. Bonny Serrano Ave. (Santolan Road) Quezon City",MMDA Road Safety Unit,,4663290d-40de-490e-a2e1-de8161de62cf,2009-06-20,14:00:00,EDSA P. Tuazon Blvd. Quezon City,0,0,0,0,0,0,0,0,0,0,2009-06-20 22:00,Property,14.61107337,121.0550705,No Collision Stated
None,EDSA,None,None,"Unknown, Hit object, 0.0 drivers_injured, 0.0 drivers_killed, 0.0 passengers_injured, 0.0 passengers_killed, 0.0 pedestrian_injured, 0.0 pedestrian_killed, Fair (Day), EDSA Kamuning Road Quezon City",MMDA Road Safety Unit,,6312dc24-b8be-4c47-b867-533821a33df7,2009-06-19,22:00:00,EDSA Timog Ave. Quezon City,0,0,0,0,0,0,0,0,0,0,2009-06-20 6:00,Property,14.63075725,121.0457548,Hit Object
None,EDSA,None,None,"Unknown, Other (Broken Windshield), 0.0 drivers_injured, 0.0 drivers_killed, 0.0 passengers_injured, 0.0 passengers_killed, 0.0 pedestrian_injured, 0.0 pedestrian_killed, Fair (Night), EDSA Santolan Road Quezon City",MMDA Road Safety Unit,,62df029d-bcdb-435b-926c-1bb76661be9d,2009-06-19,14:45:00,EDSA Timog Ave. Quezon City,0,0,0,0,0,0,0,0,0,0,2009-06-19 22:45,Property,14.6102736,121.0552175,Self-Accident
None,EDSA,None,None,"Unknown, Side Swipe, 0.0 drivers_injured, 0.0 drivers_killed, 0.0 passengers_injured, 0.0 passengers_killed, 0.0 pedestrian_injured, 0.0 pedestrian_killed, Fair (Day), EDSA fronting PWU Quezon City",MMDA Road Safety Unit,,b8c471c3-4554-4e33-b5f7-89aa7ee4c3d1,2009-06-19,03:30:00,EDSA Kamias Road / Kamuning Road Quezon City,0,0,0,0,0,0,0,0,0,0,2009-06-19 11:30,Property,14.65749979,121.0167043,Side Swipe
None,EDSA,None,None,"Unknown, Rear-end, 0.0 drivers_injured, 0.0 drivers_killed, 0.0 passengers_injured, 0.0 passengers_killed, 0.0 pedestrian_injured, 0.0 pedestrian_killed, Fair (Night), EDSA fronting Chowking Foodchain, Balintawak Quezon City",MMDA Road Safety Unit,,5ea2e215-423e-4651-8963-94aa76402dcb,2009-06-18,14:30:00,EDSA Kamuning Road Quezon City,0,0,0,0,0,0,0,0,0,0,2009-06-18 22:30,Property,14.65754244,121.003132,Rear-End
None,EDSA,None,None,"Unknown, Hit and Run (No Collision Stated), 0.0 drivers_injured, 0.0 drivers_killed, 0.0 passengers_injured, 0.0 passengers_killed, 0.0 pedestrian_injured, 0.0 pedestrian_killed, Fair (Night), EDSA fronting Central Terminal, Bgy. Bagong Pag-asa Quezon City",MMDA Road Safety Unit,,69160b63-3978-4ce5-9c4c-f2dd0268ce9d,2009-06-15,16:00:00,EDSA fronting Baliwag Bus Terminal Quezon City,0,0,0,0,0,0,0,0,0,0,2009-06-16,Property,14.65009813,121.0338733,No Collision Stated
None,EDSA,None,None,"Unknown, Hit object (Barrier-Concrete), 0.0 drivers_injured, 0.0 drivers_killed, 0.0 passengers_injured, 0.0 passengers_killed, 0.0 pedestrian_injured, 0.0 pedestrian_killed, Fair (Night), EDSA fronting Balintawak Market Quezon City",MMDA Road Safety Unit,,f9520885-f79d-43bd-bae5-7bf51cd33dc4,2009-06-15,11:15:00,EDSA Kamias Road / Kamuning Road Quezon City,0,0,0,0,0,0,0,0,0,0,2009-06-15 19:15,Property,14.65736198,121.00264,Hit Object
None,EDSA,None,None,"Human Error, Angle Impact, 0.0 drivers_injured, 0.0 drivers_killed, 0.0 passengers_injured, 0.0 passengers_killed, 0.0 pedestrian_injured, 0.0 pedestrian_killed, Fair (Day), EDSA Roosevelt Ave. Quezon City",MMDA Road Safety Unit,,45f3ea24-512f-4551-a4d3-85a9ebf0ee2a,2009-06-13,05:10:00,EDSA fronting Five Star Bus Terminal Quezon City,0,0,0,0,0,0,0,0,0,0,2009-06-13 13:10,Property,14.6574918,121.0195449,Angle Impact
None,EDSA,None,None,"Unknown, Rear-end, 0.0 drivers_injured, 0.0 drivers_killed, 0.0 passengers_injured, 0.0 passengers_killed, 0.0 pedestrian_injured, 0.0 pedestrian_killed, Fair (Night), EDSA fronting Lemon Square Quezon City",MMDA Road Safety Unit,,428e6623-4e3f-42ee-9bf6-49cf98618147,2009-06-07,16:00:00,EDSA Aurora Blvd. Quezon City,0,0,0,0,0,0,0,0,0,0,2009-06-08,Property,14.65755296,121.0174655,Rear-End
None,EDSA,None,None,"Unknown, Hit object, 0.0 drivers_injured, 0.0 drivers_killed, 0.0 passengers_injured, 0.0 passengers_killed, 0.0 pedestrian_injured, 0.0 pedestrian_killed, Rain (Night), EDSA Kamuning Road Quezon City",MMDA Road Safety Unit,,fc4cadca-6292-4b7d-9e45-583476bfcc80,2009-06-06,13:00:00,EDSA Kamuning Road Quezon City,0,0,0,0,0,0,0,0,0,0,2009-06-06 21:00,Property,14.63075725,121.0457548,Hit Object
None,EDSA,None,None,"Human Error, Side Swipe, 1.0 drivers_injured, 0.0 drivers_killed, 0.0 passengers_injured, 0.0 passengers_killed, 0.0 pedestrian_injured, 0.0 pedestrian_killed, Rain (Day), EDSA Kaingin St. Quezon City",MMDA Road Safety Unit,,ade9a3e5-559d-4572-80c8-e8945ca22be8,2009-06-05,01:10:00,EDSA Aurora Blvd. Quezon City,0,0,0,1,0,0,0,0,0,1,2009-06-05 9:10,Injury,14.65746493,121.0109963,Side Swipe
None,EDSA,None,None,"Unknown, Hit and Run (No Collision Stated), 0.0 drivers_injured, 0.0 drivers_killed, 0.0 passengers_injured, 0.0 passengers_killed, 0.0 pedestrian_injured, 0.0 pedestrian_killed, Rain (Day), EDSA Quezon Ave. Quezon City",MMDA Road Safety Unit,,37ba2864-819c-4105-97ed-a8f6597095f8,2009-06-03,03:10:00,EDSA Kamuning Road Quezon City,0,0,0,0,0,0,0,0,0,0,2009-06-03 11:10,Property,14.6442444,121.0375839,No Collision Stated
None,EDSA,None,None,"Human Error, Side Swipe, 0.0 drivers_injured, 0.0 drivers_killed, 0.0 passengers_injured, 0.0 passengers_killed, 0.0 pedestrian_injured, 0.0 pedestrian_killed, Fair (Day), EDSA after Kaingin Road Quezon City",MMDA Road Safety Unit,,a65f10c8-abd6-456c-95e3-1739267585f4,2009-05-21,00:00:00,EDSA fronting Station 10 Quezon City,0,0,0,0,0,0,0,0,0,0,2009-05-21 8:00,Property,14.65745149,121.0112129,Side Swipe
None,EDSA,None,None,"Human Error, Side Swipe, 0.0 drivers_injured, 0.0 drivers_killed, 0.0 passengers_injured, 0.0 passengers_killed, 0.0 pedestrian_injured, 0.0 pedestrian_killed, Fair (Day), EDSA fronting Iglesia ni Cristo Church Quezon City",MMDA Road Safety Unit,,04ec30d3-62d7-4e5c-abd4-a9697f16dfed,2009-05-19,09:30:00,EDSA fronting Balintawak Market Quezon City,0,0,0,0,0,0,0,0,0,0,2009-05-19 17:30,Property,14.65749652,121.0222666,Side Swipe
None,EDSA,None,None,"Human Error, Side Swipe, 0.0 drivers_injured, 0.0 drivers_killed, 0.0 passengers_injured, 0.0 passengers_killed, 0.0 pedestrian_injured, 0.0 pedestrian_killed, Fair (Day), EDSA fronting Balintawak Restaurant Quezon City",MMDA Road Safety Unit,,ad58cad9-2ed5-4c7a-b983-a2afde7a8d6f,2009-05-16,07:30:00, EDSA Monte De Piedad St. Quezon City,0,0,0,0,0,0,0,0,0,0,2009-05-16 15:30,Property,14.65736198,121.00264,Side Swipe
None,EDSA,None,None,"Human Error, Side Swipe, 0.0 drivers_injured, 0.0 drivers_killed, 0.0 passengers_injured, 0.0 passengers_killed, 0.0 pedestrian_injured, 0.0 pedestrian_killed, Fair (Day), EDSA fronting Nissan, Balintawak Quezon City",MMDA Road Safety Unit,,6b6cddd2-70b2-42da-9486-d6ccb1ac18d7,2009-05-16,00:25:00,EDSA Main Ave. Quezon City,0,0,0,0,0,0,0,0,0,0,2009-05-16 8:25,Property,14.65774959,121.0136701,Side Swipe
None,EDSA,None,None,"Human Error, Side Swipe, 0.0 drivers_injured, 0.0 drivers_killed, 0.0 passengers_injured, 0.0 passengers_killed, 0.0 pedestrian_injured, 0.0 pedestrian_killed, Fair (Day), EDSA fronting Globe Master Quezon City",MMDA Road Safety Unit,,e9f81fa1-6448-4bc4-bd01-a9af558365d3,2009-05-15,00:45:00,EDSA Monte De Piedad St. Quezon City,0,0,0,0,0,0,0,0,0,0,2009-05-15 8:45,Property,14.65750885,121.0141746,Side Swipe
None,EDSA,None,None,"Human Error, Side Swipe, 0.0 drivers_injured, 0.0 drivers_killed, 0.0 passengers_injured, 0.0 passengers_killed, 0.0 pedestrian_injured, 0.0 pedestrian_killed, Fair (Day), EDSA fronting Iglesia ni Cristo Church Quezon City",MMDA Road Safety Unit,,32088d73-0f2a-4de0-bbaa-bc67a6e930d7,2009-05-12,05:35:00,EDSA P. Tuazon Blvd. Quezon City,0,0,0,0,0,0,0,0,0,0,2009-05-12 13:35,Property,14.65749652,121.0222666,Side Swipe
None,EDSA,None,None,"Human Error, Side Swipe, 0.0 drivers_injured, 0.0 drivers_killed, 0.0 passengers_injured, 0.0 passengers_killed, 0.0 pedestrian_injured, 0.0 pedestrian_killed, Fair (Night), EDSA Royal Quezon City",MMDA Road Safety Unit,,d54ec016-68de-4a3f-84bb-9599f5a0cabd,2009-05-11,14:30:00,"EDSA at ""U"" turn slot, Mapagmahal St. Quezon City",0,0,0,0,0,0,0,0,0,0,2009-05-11 22:30,Property,14.65767141,121.0107008,Side Swipe
None,EDSA,None,None,"Human Error, Self-Accident, 0.0 drivers_injured, 0.0 drivers_killed, 0.0 passengers_injured, 0.0 passengers_killed, 0.0 pedestrian_injured, 0.0 pedestrian_killed, Fair (Night), EDSA SM City-North Mall (Annex) Quezon City",MMDA Road Safety Unit,,b9026870-416e-481e-b91e-375daa03dba4,2009-05-10,12:25:00,EDSA P. Tuazon Blvd. Quezon City,0,0,0,0,0,0,0,0,0,0,2009-05-10 20:25,Property,14.6563096,121.02741,Self-Accident
None,EDSA,None,None,"Human Error, Rear-end, 0.0 drivers_injured, 0.0 drivers_killed, 0.0 passengers_injured, 0.0 passengers_killed, 0.0 pedestrian_injured, 0.0 pedestrian_killed, Fair (Day), EDSA Bansalangin Quezon City",MMDA Road Safety Unit,,ea0ab4d2-b827-4870-8d3c-e8f9d9da6b05,2009-05-10,07:05:00,EDSA Aurora Blvd. Quezon City,0,0,0,0,0,0,0,0,0,0,2009-05-10 15:05,Property,14.6567996,121.0241845,Rear-End
None,EDSA,None,None,"Human Error, Side Swipe, 0.0 drivers_injured, 0.0 drivers_killed, 1.0 passengers_injured, 0.0 passengers_killed, 0.0 pedestrian_injured, 0.0 pedestrian_killed, Fair (Night), EDSA SM City-North Mall (Annex) Quezon City",MMDA Road Safety Unit,,3151f0fc-5b8c-4926-b5d9-be5608510183,2009-05-08,11:20:00,EDSA P. Tuazon Blvd. Quezon City,0,0,0,0,1,0,0,0,0,1,2009-05-08 19:20,Injury,14.6563096,121.02741,Side Swipe
None,EDSA,None,None,"Human Error, Angle Impact, 0.0 drivers_injured, 0.0 drivers_killed, 0.0 passengers_injured, 0.0 passengers_killed, 0.0 pedestrian_injured, 0.0 pedestrian_killed, Fair (Night), EDSA North Ave. Quezon City",MMDA Road Safety Unit,,be1be76f-8bd5-4f93-9396-3dde1ee7fdf7,2009-05-08,10:00:00,EDSA near Ermin Garcia St. Quezon City,0,0,0,0,0,0,0,0,0,0,2009-05-08 18:00,Property,14.6556177,121.0302221,Angle Impact
None,EDSA,None,None,"Unknown, Self-Accident, 0.0 drivers_injured, 0.0 drivers_killed, 0.0 passengers_injured, 0.0 passengers_killed, 0.0 pedestrian_injured, 0.0 pedestrian_killed, Fair (Night), EDSA OP/UP, near Balintawak Market Quezon City",MMDA Road Safety Unit,,bbbd4b43-613a-4816-aab1-8222194c3ddd,2009-05-05,15:35:00,EDSA fronting Balintawak Market Quezon City,0,0,0,0,0,0,0,0,0,0,2009-05-05 23:35,Property,14.65736015,121.002298,Self-Accident
None,EDSA,None,None,"Human Error, Side Swipe, 0.0 drivers_injured, 0.0 drivers_killed, 0.0 passengers_injured, 0.0 passengers_killed, 0.0 pedestrian_injured, 0.0 pedestrian_killed, Fair (Day), EDSA fronting Iglesia ni Cristo Church Quezon City",MMDA Road Safety Unit,,6aaafece-e06a-4d10-bf04-7c4d694d9092,2009-04-28,00:20:00,EDSA Aurora Blvd. Quezon City,0,0,0,0,0,0,0,0,0,0,2009-04-28 8:20,Property,14.65749652,121.0222666,Side Swipe
None,EDSA,None,None,"Human Error, Side Swipe, 0.0 drivers_injured, 0.0 drivers_killed, 0.0 passengers_injured, 0.0 passengers_killed, 0.0 pedestrian_injured, 0.0 pedestrian_killed, Fair (Night), EDSA Misamis St. Quezon City",MMDA Road Safety Unit,,9e71926a-1297-4833-b680-5049c62925dd,2009-04-25,11:00:00,EDSA bet. Gate 3 Camp Aguinaldo Quezon City,0,0,0,0,0,0,0,0,0,0,2009-04-25 19:00,Property,14.65602348,121.0285212,Side Swipe
None,EDSA,None,None,"Unknown, Hit object, 0.0 drivers_injured, 0.0 drivers_killed, 0.0 passengers_injured, 0.0 passengers_killed, 0.0 pedestrian_injured, 0.0 pedestrian_killed, Fair (Night), EDSA QCPD Station 10 Quezon City",MMDA Road Safety Unit,,7f59e755-b1e4-47ff-8ebc-9b9bcb2bb5fb,2009-04-23,18:00:00,"EDSA OP / UP, Balintawak Quezon City",0,0,0,0,0,0,0,0,0,0,2009-04-24 2:00,Property,14.62991873,121.0461256,Hit Object
None,EDSA,None,None,"Unknown, Angle Impact, 0.0 drivers_injured, 0.0 drivers_killed, 0.0 passengers_injured, 0.0 passengers_killed, 0.0 pedestrian_injured, 0.0 pedestrian_killed, Fair (Night), EDSA Roosevelt Ave. Quezon City",MMDA Road Safety Unit,,8b717617-cc5f-4150-8820-e90376cbf5f6,2009-04-22,10:15:00,EDSA Main Ave. Quezon City,0,0,0,0,0,0,0,0,0,0,2009-04-22 18:15,Property,14.65762047,121.0196373,Angle Impact
None,EDSA,None,None,"Human Error, Hit parked vehicle, 0.0 drivers_injured, 0.0 drivers_killed, 0.0 passengers_injured, 0.0 passengers_killed, 0.0 pedestrian_injured, 0.0 pedestrian_killed, Fair (Day), EDSA New York St./ Dagupan Bus Terminal Quezon City",MMDA Road Safety Unit,,8599bbe0-d034-4a30-8962-cb36a4665587,2009-04-17,06:30:00,EDSA P. Tuazon Blvd. Quezon City,0,0,0,0,0,0,0,0,0,0,2009-04-17 14:30,Property,14.62560012,121.0481465,Hit Object
None,EDSA,None,None,"Unknown, Hit parked vehicle, 0.0 drivers_injured, 0.0 drivers_killed, 0.0 passengers_injured, 0.0 passengers_killed, 0.0 pedestrian_injured, 0.0 pedestrian_killed, Fair (Day), EDSA Main Ave., Cubao Quezon City",MMDA Road Safety Unit,,0ee35de2-d669-4d91-92a4-8d0e9c4935a7,2009-04-16,06:00:00,EDSA Bernardo Park Quezon City,0,0,0,0,0,0,0,0,0,0,2009-04-16 14:00,Property,14.61376458,121.0537933,Hit Object
None,EDSA,None,None,"Unknown, Angle Impact, 0.0 drivers_injured, 0.0 drivers_killed, 0.0 passengers_injured, 0.0 passengers_killed, 0.0 pedestrian_injured, 0.0 pedestrian_killed, Fair (Day), EDSA Roosevelt Ave. Quezon City",MMDA Road Safety Unit,,ca084414-8fb0-4f85-9e54-f827e2f059f3,2009-04-15,07:30:00,EDSA Balintawak Bridge Quezon City,0,0,0,0,0,0,0,0,0,0,2009-04-15 15:30,Property,14.65762047,121.0196373,Angle Impact
None,EDSA,None,None,"Unknown, Angle Impact, 0.0 drivers_injured, 0.0 drivers_killed, 0.0 passengers_injured, 0.0 passengers_killed, 0.0 pedestrian_injured, 0.0 pedestrian_killed, Fair (Day), EDSA Col. Bonny Serrano Ave. (Santolan Road) Quezon City",MMDA Road Safety Unit,,4d534f1f-bfdb-47eb-9963-ccbbd9339736,2009-04-12,04:45:00,EDSA Balintawak Market Quezon City,0,0,0,0,0,0,0,0,0,0,2009-04-12 12:45,Property,14.61107337,121.0550705,Angle Impact
None,EDSA,None,None,"Unknown, Self-Accident, 0.0 drivers_injured, 0.0 drivers_killed, 0.0 passengers_injured, 0.0 passengers_killed, 0.0 pedestrian_injured, 0.0 pedestrian_killed, Fair (Day), EDSA Roosevelt Ave. Quezon City",MMDA Road Safety Unit,,4e090593-5355-4c54-bf91-95d3c4ff5ce6,2009-03-30,07:40:00,EDSA Aurora Blvd. Quezon City,0,0,0,0,0,0,0,0,0,0,2009-03-30 15:40,Property,14.65762047,121.0196373,Self-Accident
None,EDSA,None,None,"Unknown, Hit and Run (No Collision Stated), 0.0 drivers_injured, 0.0 drivers_killed, 0.0 passengers_injured, 0.0 passengers_killed, 0.0 pedestrian_injured, 0.0 pedestrian_killed, Fair (Day), EDSA fronting SM City-North Mall Quezon City",MMDA Road Safety Unit,,c6021922-0164-4682-8e8a-6cfdc7143547,2009-03-29,09:30:00,EDSA Aurora Blvd. Quezon City,0,0,0,0,0,0,0,0,0,0,2009-03-29 17:30,Property,14.6565149,121.0265678,No Collision Stated
None,EDSA,None,None,"Unknown, Self-Accident, 1.0 drivers_injured, 0.0 drivers_killed, 0.0 passengers_injured, 0.0 passengers_killed, 0.0 pedestrian_injured, 0.0 pedestrian_killed, Fair (Day), EDSA fronting Total Gas Station Balintawak Quezon City",MMDA Road Safety Unit,,36fd7210-7f39-43a9-870a-83147a5e6727,2009-03-29,01:30:00,EDSA fronting Globe master Depot Quezon City,0,0,0,1,0,0,0,0,0,1,2009-03-29 9:30,Injury,14.65758376,121.0037763,Self-Accident
None,EDSA,None,None,"Human Error, Side Swipe, 0.0 drivers_injured, 0.0 drivers_killed, 0.0 passengers_injured, 0.0 passengers_killed, 0.0 pedestrian_injured, 0.0 pedestrian_killed, Fair (Night), EDSA near New York St. Quezon City",MMDA Road Safety Unit,,bb6fd930-8fd6-4df4-a72a-2ffca3720c24,2009-03-25,14:10:00,EDSA Kaingin St. Quezon City,0,0,0,0,0,0,0,0,0,0,2009-03-25 22:10,Property,14.62520413,121.0486094,Side Swipe
None,EDSA,None,None,"Human Error, Hit and Run (No Collision Stated), 0.0 drivers_injured, 0.0 drivers_killed, 0.0 passengers_injured, 0.0 passengers_killed, 0.0 pedestrian_injured, 0.0 pedestrian_killed, Fair (Day), EDSA North Ave. Quezon City",MMDA Road Safety Unit,,1aa47d41-13eb-4424-a7bd-676e37bc0a84,2009-03-17,09:45:00,EDSA Quezon Ave. Quezon City,0,0,0,0,0,0,0,0,0,0,2009-03-17 17:45,Property,14.6556177,121.0302221,No Collision Stated
None,EDSA,None,None,"Human Error, Angle Impact, 0.0 drivers_injured, 0.0 drivers_killed, 0.0 passengers_injured, 0.0 passengers_killed, 0.0 pedestrian_injured, 0.0 pedestrian_killed, Fair (Day), EDSA Roosevelt Ave. Quezon City",MMDA Road Safety Unit,,fc11c144-ee3f-4cab-b876-296f72c70b14,2009-03-16,04:00:00,EDSA Kamuning Road Quezon City,0,0,0,0,0,0,0,0,0,0,2009-03-16 12:00,Property,14.6574918,121.0195449,Angle Impact
None,EDSA,None,None,"Human Error, Rear-end, 0.0 drivers_injured, 0.0 drivers_killed, 0.0 passengers_injured, 0.0 passengers_killed, 0.0 pedestrian_injured, 0.0 pedestrian_killed, Fair (Day), EDSA K-3rd St. Quezon City",MMDA Road Safety Unit,,eb3593a0-d436-4ddf-9b80-301e7911ae6e,2009-03-15,22:00:00,EDSA Kamuning Road Quezon City,0,0,0,0,0,0,0,0,0,0,2009-03-16 6:00,Property,14.62942357,121.0463854,Rear-End
None,EDSA,None,None,"Unknown, Hit and Run (No Collision Stated), 0.0 drivers_injured, 0.0 drivers_killed, 0.0 passengers_injured, 0.0 passengers_killed, 0.0 pedestrian_injured, 0.0 pedestrian_killed, Fair (Day), EDSA Congressional Ave. Quezon City",MMDA Road Safety Unit,,062f192d-9d3c-433c-996a-cf4a90169ef9,2009-03-13,08:30:00,EDSA Balintawak Quezon City,0,0,0,0,0,0,0,0,0,0,2009-03-13 16:30,Property,14.6571804,120.9927185,No Collision Stated
None,EDSA,None,None,"Human Error, Side Swipe, 0.0 drivers_injured, 0.0 drivers_killed, 0.0 passengers_injured, 0.0 passengers_killed, 0.0 pedestrian_injured, 0.0 pedestrian_killed, Fair (Night), EDSA SM City-North Mall Quezon City",MMDA Road Safety Unit,,2c5ef2cc-f45d-4b7f-9cca-f5f8b102ab6e,2009-03-09,15:30:00,EDSA fronting Q-Mart Quezon City,0,0,0,0,0,0,0,0,0,0,2009-03-09 23:30,Property,14.6563096,121.02741,Side Swipe