LOCATION_TEXT,ROAD,WEATHER,LIGHT,DESC,REPORTING_AGENCY,MAIN_CAUSE,INCIDENTDETAILS_ID,DATE_UTC,TIME_UTC,ADDRESS,killed_driver,killed_passenger,killed_pedestrian,injured_driver,injured_passenger,injured_pedestrian,killed_uncategorized,injured_uncategorized,killed_total,injured_total,DATETIME_PST,SEVERITY,Y,X,COLLISION_TYPE
None,EDSA,None,None,"Human Error, Angle Impact, 0.0 drivers_injured, 0.0 drivers_killed, 0.0 passengers_injured, 0.0 passengers_killed, 0.0 pedestrian_injured, 0.0 pedestrian_killed, Fair (Day), EDSA North Ave. Quezon City",MMDA Road Safety Unit,,82204eec-da44-4660-b8c4-6f2ecf956520,2009-03-09,09:45:00,EDSA South Ave. / Timog Ave. Quezon City,0,0,0,0,0,0,0,0,0,0,2009-03-09 17:45,Property,14.6556177,121.0302221,Angle Impact
None,EDSA,None,None,"Unknown, Hit and Run (No Collision Stated), 0.0 drivers_injured, 0.0 drivers_killed, 0.0 passengers_injured, 0.0 passengers_killed, 0.0 pedestrian_injured, 0.0 pedestrian_killed, Fair (Day), EDSA Corregidor St. Quezon City",MMDA Road Safety Unit,,6eb2ca65-8af7-401e-9c80-bbbc3aaa316f,2009-03-05,06:45:00,EDSA Kamuning Road Quezon City,0,0,0,0,0,0,0,0,0,0,2009-03-05 14:45,Property,14.65707679,121.0241648,No Collision Stated
None,EDSA,None,None,"Unknown, Self-Accident, 0.0 drivers_injured, 0.0 drivers_killed, 0.0 passengers_injured, 0.0 passengers_killed, 0.0 pedestrian_injured, 0.0 pedestrian_killed, Fair (Night), EDSA Congressional Ave. Quezon City",MMDA Road Safety Unit,,ad2d530e-f3da-4a48-9d7a-80107d0b4f27,2009-02-28,13:30:00,EDSA New York St. Quezon City,0,0,0,0,0,0,0,0,0,0,2009-02-28 21:30,Property,14.6571804,120.9927185,Self-Accident
None,EDSA,None,None,"Unknown, Hit and Run (No Collision Stated), 0.0 drivers_injured, 0.0 drivers_killed, 0.0 passengers_injured, 0.0 passengers_killed, 0.0 pedestrian_injured, 0.0 pedestrian_killed, Fair (Day), EDSA P. Tuazon Blvd. Quezon City",MMDA Road Safety Unit,,0ebefd53-d1d7-46d3-8018-d0c4460b3e9d,2009-02-25,04:10:00,EDSA fronting Polar Ceramic Tiles Quezon City,0,0,0,0,0,0,0,0,0,0,2009-02-25 12:10,Property,14.61656342,121.0525225,No Collision Stated
None,EDSA,None,None,"Unknown, Hit and Run (No Collision Stated), 0.0 drivers_injured, 0.0 drivers_killed, 0.0 passengers_injured, 0.0 passengers_killed, 0.0 pedestrian_injured, 0.0 pedestrian_killed, Fair (Night), EDSA Seminary Road Quezon City",MMDA Road Safety Unit,,ef53e2d0-adbb-455e-b9fc-fae9362f7121,2009-02-24,13:00:00,EDSA fronting Q-Mart Quezon City,0,0,0,0,0,0,0,0,0,0,2009-02-24 21:00,Property,14.65776066,121.0173978,No Collision Stated
None,EDSA,None,None,"Unknown, Hit and Run (No Collision Stated), 0.0 drivers_injured, 0.0 drivers_killed, 0.0 passengers_injured, 0.0 passengers_killed, 0.0 pedestrian_injured, 0.0 pedestrian_killed, Fair (Night), EDSA Quezon Ave. (SB) Quezon City",MMDA Road Safety Unit,,952a99d2-2579-44b0-a263-3d8ac2c3a96c,2009-02-23,15:40:00,EDSA Kamuning Road Quezon City,0,0,0,0,0,0,0,0,0,0,2009-02-23 23:40,Property,14.6442444,121.0375839,No Collision Stated
None,EDSA,None,None,"Unknown, Self-Accident, 0.0 drivers_injured, 0.0 drivers_killed, 0.0 passengers_injured, 0.0 passengers_killed, 0.0 pedestrian_injured, 0.0 pedestrian_killed, Fair (Day), EDSA Roosevelt Ave. Quezon City",MMDA Road Safety Unit,,8e473032-db4e-4f9a-8c5b-7d81d232d8a2,2009-02-19,04:45:00,EDSA fronting Cloverleaf Market Quezon City,0,0,0,0,0,0,0,0,0,0,2009-02-19 12:45,Property,14.65762047,121.0196373,Self-Accident
None,EDSA,None,None,"Unknown, Hit and Run (No Collision Stated), 0.0 drivers_injured, 0.0 drivers_killed, 0.0 passengers_injured, 0.0 passengers_killed, 0.0 pedestrian_injured, 0.0 pedestrian_killed, Fair (Night), EDSA Kaingin St. Quezon City",MMDA Road Safety Unit,,6777a674-dad7-4a70-8f19-66f49d1b626f,2009-02-17,19:15:00,EDSA Bansalangin Quezon City,0,0,0,0,0,0,0,0,0,0,2009-02-18 3:15,Property,14.65746493,121.0109963,No Collision Stated
None,EDSA,None,None,"Unknown, Hit and Run (No Collision Stated), 0.0 drivers_injured, 0.0 drivers_killed, 0.0 passengers_injured, 0.0 passengers_killed, 0.0 pedestrian_injured, 0.0 pedestrian_killed, Fair (Day), EDSA Col. Bonny Serrano Ave. (Santolan Road) Quezon City",MMDA Road Safety Unit,,f0705d83-b4cd-46ca-a811-6b1836568e09,2009-02-16,00:30:00,EDSA OP / UP Balintawak Quezon City,0,0,0,0,0,0,0,0,0,0,2009-02-16 8:30,Property,14.61107337,121.0550705,No Collision Stated
None,EDSA,None,None,"Unknown, Hit and Run (No Collision Stated), 0.0 drivers_injured, 0.0 drivers_killed, 0.0 passengers_injured, 0.0 passengers_killed, 0.0 pedestrian_injured, 0.0 pedestrian_killed, Fair (Night), EDSA fronting Mercury Drugstore, Balintawak Quezon City",MMDA Road Safety Unit,,8925a7ca-27ad-4c11-a8b9-55bee3193e4d,2009-02-15,21:30:00,EDSA Roosevelt Ave. Quezon City,0,0,0,0,0,0,0,0,0,0,2009-02-16 5:30,Property,14.65761224,121.0072019,No Collision Stated
None,EDSA,None,None,"Unknown, Self-Accident, 0.0 drivers_injured, 0.0 drivers_killed, 0.0 passengers_injured, 0.0 passengers_killed, 0.0 pedestrian_injured, 0.0 pedestrian_killed, Fair (Day), EDSA North Ave. Quezon City",MMDA Road Safety Unit,,a11f7185-3802-49b6-b16b-664709aef285,2009-02-07,06:45:00,EDSA Kamuning Road Quezon City,0,0,0,0,0,0,0,0,0,0,2009-02-07 14:45,Property,14.65553839,121.0299647,Self-Accident
None,EDSA,None,None,"Unknown, Hit object (Barrier-Concrete), 0.0 drivers_injured, 0.0 drivers_killed, 0.0 passengers_injured, 0.0 passengers_killed, 0.0 pedestrian_injured, 0.0 pedestrian_killed, Fair (Day), EDSA fronting Balintawak Market Quezon City",MMDA Road Safety Unit,,9f8a0930-3829-4d8b-9edc-63e33cb1a13d,2009-01-22,01:00:00,EDSA OP/UP Balintawak Quezon City,0,0,0,0,0,0,0,0,0,0,2009-01-22 9:00,Property,14.65736198,121.00264,Hit Object
None,EDSA,None,None,"Unknown, Side Swipe, 0.0 drivers_injured, 0.0 drivers_killed, 0.0 passengers_injured, 0.0 passengers_killed, 0.0 pedestrian_injured, 0.0 pedestrian_killed, Fair (Day), EDSA Santolan , MRT Station Quezon City",MMDA Road Safety Unit,,edf34c05-5019-4ec9-ba90-65ce9049708a,2009-01-22,00:30:00,EDSA Oliveros Drive Quezon City,0,0,0,0,0,0,0,0,0,0,2009-01-22 8:30,Property,14.60774043,121.0565239,Side Swipe
None,EDSA,None,None,"Unknown, Hit and Run (No Collision Stated), 0.0 drivers_injured, 0.0 drivers_killed, 0.0 passengers_injured, 0.0 passengers_killed, 0.0 pedestrian_injured, 0.0 pedestrian_killed, Fair (Day), EDSA Aurora Blvd. Quezon City",MMDA Road Safety Unit,,11cceb16-adf9-4547-84f6-cdbb332cac36,2009-01-21,04:55:00,EDSA after cor. E. Garcia St. Quezon City,0,0,0,0,0,0,0,0,0,0,2009-01-21 12:55,Property,14.62163653,121.0501573,No Collision Stated
None,EDSA,None,None,"Human Error, Angle Impact, 0.0 drivers_injured, 0.0 drivers_killed, 0.0 passengers_injured, 0.0 passengers_killed, 0.0 pedestrian_injured, 0.0 pedestrian_killed, Fair (Night), EDSA Congressional Ave. Quezon City",MMDA Road Safety Unit,,4014b28f-f7ee-4ed7-a69e-c57e158627c5,2009-01-16,10:50:00,EDSA Olivares Drive Quezon City,0,0,0,0,0,0,0,0,0,0,2009-01-16 18:50,Property,14.65770646,121.0196601,Angle Impact
None,EDSA,None,None,"Unknown, Side Swipe, 0.0 drivers_injured, 0.0 drivers_killed, 0.0 passengers_injured, 0.0 passengers_killed, 0.0 pedestrian_injured, 0.0 pedestrian_killed, Fair (Day), EDSA fronting Iglesia ni Cristo Church Quezon City",MMDA Road Safety Unit,,f5810145-1178-4d7a-87e0-7d567b1b87cf,2009-01-14,22:30:00,EDSA near Ermin Garcia St. Quezon City,0,0,0,0,0,0,0,0,0,0,2009-01-15 6:30,Property,14.65749652,121.0222666,Side Swipe
None,EDSA,None,None,"Unknown, Hit and Run (No Collision Stated), 0.0 drivers_injured, 0.0 drivers_killed, 0.0 passengers_injured, 0.0 passengers_killed, 0.0 pedestrian_injured, 0.0 pedestrian_killed, Fair (Day), EDSA PCP Station 10 Quezon City",MMDA Road Safety Unit,,b1d2275c-8b11-4be2-8378-6e0e0a67f222,2009-01-14,05:00:00,"EDSA fronting Go Soc Bldg. Near ""U""turn slot Quezon City",0,0,0,0,0,0,0,0,0,0,2009-01-14 13:00,Property,14.62977614,121.04623,No Collision Stated
None,EDSA,None,None,"Unknown, Hit object, 0.0 drivers_injured, 0.0 drivers_killed, 0.0 passengers_injured, 0.0 passengers_killed, 0.0 pedestrian_injured, 0.0 pedestrian_killed, Fair (Night), EDSA Aurora Blvd. Quezon City",MMDA Road Safety Unit,,96f05f42-1aab-40a7-934c-c42f807578af,2009-01-12,12:00:00,EDSA fronting R. Magsaysay High Sch. Quezon City,0,0,0,0,0,0,0,0,0,0,2009-01-12 20:00,Property,14.62163653,121.0501573,Hit Object
None,EDSA,None,None,"Human Error, Hit and Run (No Collision Stated), 0.0 drivers_injured, 0.0 drivers_killed, 0.0 passengers_injured, 0.0 passengers_killed, 0.0 pedestrian_injured, 0.0 pedestrian_killed, Fair (Day), EDSA fronting Balintawak Market Quezon City",MMDA Road Safety Unit,,2ddea362-dedc-4508-8f65-70b8e60288e7,2009-01-08,22:10:00,EDSA fronting Oriental market Quezon City,0,0,0,0,0,0,0,0,0,0,2009-01-09 6:10,Property,14.65727083,121.0024953,No Collision Stated
None,EDSA,None,None,"Human Error, Hit and Run (No Collision Stated), 0.0 drivers_injured, 0.0 drivers_killed, 0.0 passengers_injured, 0.0 passengers_killed, 0.0 pedestrian_injured, 0.0 pedestrian_killed, Fair (Day), EDSA Kaingin Road Quezon City",MMDA Road Safety Unit,,174d65df-22d3-49ce-9da9-317465cdd336,2009-01-08,05:30:00,EDSA Kamuning Road Quezon City,0,0,0,0,0,0,0,0,0,0,2009-01-08 13:30,Property,14.65738412,121.0110227,No Collision Stated
None,EDSA,None,None,"Unknown, Hit and Run (No Collision Stated), 0.0 drivers_injured, 0.0 drivers_killed, 0.0 passengers_injured, 0.0 passengers_killed, 0.0 pedestrian_injured, 0.0 pedestrian_killed, Fair (Night), EDSA fronting Globe Depot Bldg., Balintawak Quezon City",MMDA Road Safety Unit,,f9c697f0-f36e-4375-b81a-cb3b81874467,2009-01-01,20:15:00,EDSA fronting Oriental Market Quezon City,0,0,0,0,0,0,0,0,0,0,2009-01-02 4:15,Property,14.65750885,121.0141746,No Collision Stated
None,EDSA,None,None,"Unknown, Hit and Run (No Collision Stated), 0.0 drivers_injured, 0.0 drivers_killed, 0.0 passengers_injured, 0.0 passengers_killed, 0.0 pedestrian_injured, 0.0 pedestrian_killed, Dry, EDSA E. Garcia St. Quezon City",MMDA Road Safety Unit,,d088099f-51c7-401f-a810-111ad3ffddc9,2008-12-28,10:00:00,EDSA Main Ave. Quezon City,0,0,0,0,0,0,0,0,0,0,2008-12-28 18:00,Property,14.62742033,121.0475769,No Collision Stated
None,EDSA,None,None,"Unknown, Hit and Run (No Collision Stated), 0.0 drivers_injured, 0.0 drivers_killed, 0.0 passengers_injured, 0.0 passengers_killed, 0.0 pedestrian_injured, 0.0 pedestrian_killed, Dry, EDSA Fronting ChowKing FoodChain Balintawak Quezon City",MMDA Road Safety Unit,,7199f9d3-0ff0-4b9c-b0e6-b742aef4d7b5,2008-12-27,06:30:00,EDSA Cloverleaf Interchange Balintawak Quezon City,0,0,0,0,0,0,0,0,0,0,2008-12-27 14:30,Property,14.65754244,121.003132,No Collision Stated
None,EDSA,None,None,"Unknown, Hit and Run (No Collision Stated), 0.0 drivers_injured, 0.0 drivers_killed, 0.0 passengers_injured, 0.0 passengers_killed, 0.0 pedestrian_injured, 0.0 pedestrian_killed, Dry, EDSA Kaingin Road Quezon City",MMDA Road Safety Unit,,780aac9a-43c7-4d3c-b47c-7f987f7aeec9,2008-12-27,03:00:00,EDSA Mapagmahal St. Quezon City,0,0,0,0,0,0,0,0,0,0,2008-12-27 11:00,Property,14.65746493,121.0109963,No Collision Stated
None,EDSA,None,None,"Unknown, Hit and Run (No Collision Stated), 0.0 drivers_injured, 0.0 drivers_killed, 0.0 passengers_injured, 0.0 passengers_killed, 0.0 pedestrian_injured, 0.0 pedestrian_killed, Dry, EDSA Beside Balintawak Quezon City",MMDA Road Safety Unit,,a47c81ba-3978-459d-a67c-1e55be80c7b6,2008-12-24,11:30:00,EDSA Col. Bonny Serrano Ave. (Santolan Road) Quezon City,0,0,0,0,0,0,0,0,0,0,2008-12-24 19:30,Property,14.65733321,121.003523,No Collision Stated
None,EDSA,None,None,"Human Error, Hit and Run (No Collision Stated), 0.0 drivers_injured, 0.0 drivers_killed, 0.0 passengers_injured, 0.0 passengers_killed, 0.0 pedestrian_injured, 0.0 pedestrian_killed, Dry, EDSA near Kaingin Road, Brgy. Apolonio Samson Quezon City",MMDA Road Safety Unit,,bf579c70-a5dc-455f-9455-86766d5f3325,2008-12-20,06:20:00,"EDSA ""U""turn slot Polar Ceramics Quezon City",0,0,0,0,0,0,0,0,0,0,2008-12-20 14:20,Property,14.65738412,121.0110227,No Collision Stated
None,EDSA,None,None,"Unknown, Hit and Run (No Collision Stated), 0.0 drivers_injured, 0.0 drivers_killed, 0.0 passengers_injured, 0.0 passengers_killed, 0.0 pedestrian_injured, 0.0 pedestrian_killed, Dry, EDSA Kamuning Road Quezon City",MMDA Road Safety Unit,,fb653bb3-2de3-4e4e-9efb-3fe01e054032,2008-12-18,08:35:00,EDSA Aurora Blvd. Quezon City,0,0,0,0,0,0,0,0,0,0,2008-12-18 16:35,Property,14.63075725,121.0457548,No Collision Stated
None,EDSA,None,None,"Unknown, Hit and Run (No Collision Stated), 0.0 drivers_injured, 0.0 drivers_killed, 0.0 passengers_injured, 0.0 passengers_killed, 0.0 pedestrian_injured, 0.0 pedestrian_killed, Dry, EDSA  near E.Garcia St. Quezon City",MMDA Road Safety Unit,,9caebf33-b392-4b2d-aede-e71e3f2958b3,2008-12-17,21:30:00,EDSA fronting EDSA Shrine Quezon City,0,0,0,0,0,0,0,0,0,0,2008-12-18 5:30,Property,14.62794943,121.0470885,No Collision Stated
None,EDSA,None,None,"Unknown, Rear-end, 0.0 drivers_injured, 0.0 drivers_killed, 0.0 passengers_injured, 0.0 passengers_killed, 0.0 pedestrian_injured, 0.0 pedestrian_killed, Dry, EDSA Santolan South Bound (Ascending Quezon City",MMDA Road Safety Unit,,f1db8746-5a06-4ebf-b440-e07a0c2e43d5,2008-12-13,06:30:00,"EDSA Royal ""U"" turn slot Quezon City",0,0,0,0,0,0,0,0,0,0,2008-12-13 14:30,Property,14.6102736,121.0552175,Rear-End
None,EDSA,None,None,"Human Error, Hit and Run (No Collision Stated), 0.0 drivers_injured, 0.0 drivers_killed, 0.0 passengers_injured, 0.0 passengers_killed, 0.0 pedestrian_injured, 0.0 pedestrian_killed, Dry, EDSA fronting Waltermart Quezon City",MMDA Road Safety Unit,,feb16bfa-37c4-479f-a817-924496ce5c04,2008-12-13,03:10:00,EDSA White Plains Road Quezon City,0,0,0,0,0,0,0,0,0,0,2008-12-13 11:10,Property,14.65750956,121.0197258,No Collision Stated
None,EDSA,None,None,"Human Error, Side Swipe, 1.0 drivers_injured, 0.0 drivers_killed, 0.0 passengers_injured, 0.0 passengers_killed, 0.0 pedestrian_injured, 0.0 pedestrian_killed, Dry, EDSA near Main Avenue Quezon City",MMDA Road Safety Unit,,44aa7576-0dcb-4b08-9608-4b9d989068fe,2008-12-10,15:00:00,EDSA Oliveros Drive Quezon City,0,0,0,1,0,0,0,0,0,1,2008-12-10 23:00,Injury,14.61644337,121.0524621,Side Swipe
None,EDSA,None,None,"Human Error, Side Swipe, 1.0 drivers_injured, 0.0 drivers_killed, 0.0 passengers_injured, 0.0 passengers_killed, 0.0 pedestrian_injured, 0.0 pedestrian_killed, Dry, EDSA Balintawak market Quezon City",MMDA Road Safety Unit,,f72747b3-d812-4990-b04b-1594b00793e6,2008-12-08,02:30:00,EDSA Aurora Blvd. Quezon City,0,0,0,1,0,0,0,0,0,1,2008-12-08 10:30,Injury,14.65740947,121.0025737,Side Swipe
None,EDSA,None,None,"Unknown, Hit object (Barrier), 0.0 drivers_injured, 0.0 drivers_killed, 0.0 passengers_injured, 0.0 passengers_killed, 0.0 pedestrian_injured, 0.0 pedestrian_killed, Dry, EDSA Misamis St. Quezon City",MMDA Road Safety Unit,,09f15ff9-8c8b-412e-9a1b-752335f04754,2008-11-28,06:00:00,EDSA fronting Nat'l Printing Office Quezon City,0,0,0,0,0,0,0,0,0,0,2008-11-28 14:00,Property,14.65602348,121.0285212,Hit Object
None,EDSA,None,None,"Human Error, Side Swipe, 1.0 drivers_injured, 0.0 drivers_killed, 0.0 passengers_injured, 0.0 passengers_killed, 0.0 pedestrian_injured, 0.0 pedestrian_killed, Dry, EDSA Oliveros Drive balintawak Quezon City",MMDA Road Safety Unit,,a3f29a8e-abbc-41a9-a62b-3d41e404ea1a,2008-11-24,23:30:00,EDSA near Main Ave. Quezon City,0,0,0,1,0,0,0,0,0,1,2008-11-25 7:30,Injury,14.65762799,121.0065288,Side Swipe
None,EDSA,None,None,"Unknown, Self-Accident, 0.0 drivers_injured, 0.0 drivers_killed, 1.0 passengers_injured, 0.0 passengers_killed, 0.0 pedestrian_injured, 0.0 pedestrian_killed, Dry, EDSA Royal Quezon City",MMDA Road Safety Unit,,e4fdd372-202c-41f9-aa51-c1302f2218a0,2008-11-18,00:45:00,EDSA Kaingin Road Quezon City,0,0,0,0,1,0,0,0,0,1,2008-11-18 8:45,Injury,14.65767141,121.0107008,Self-Accident
None,EDSA,None,None,"Human Error, Rear-end, 0.0 drivers_injured, 0.0 drivers_killed, 0.0 passengers_injured, 0.0 passengers_killed, 0.0 pedestrian_injured, 0.0 pedestrian_killed, Dry, EDSA Kamuning Road Quezon City",MMDA Road Safety Unit,,c5354648-2813-43cc-8a0a-93d9909ed19b,2008-11-16,11:30:00,EDSA near Olivares Drive Quezon City,0,0,0,0,0,0,0,0,0,0,2008-11-16 19:30,Property,14.63075725,121.0457548,Rear-End
None,EDSA,None,None,"Human Error, Hit and Run (No Collision Stated), 0.0 drivers_injured, 0.0 drivers_killed, 0.0 passengers_injured, 0.0 passengers_killed, 0.0 pedestrian_injured, 0.0 pedestrian_killed, Dry, EDSA Balintawak Market Quezon City",MMDA Road Safety Unit,,bd7bac82-7283-4ef1-91f8-ed2803d3c493,2008-11-14,21:10:00,"EDSA SW Service Road, Balintawak Quezon City",0,0,0,0,0,0,0,0,0,0,2008-11-15 5:10,Property,14.65731746,121.0042256,No Collision Stated
None,EDSA,None,None,"Human Error, Angle Impact, 0.0 drivers_injured, 0.0 drivers_killed, 0.0 passengers_injured, 0.0 passengers_killed, 0.0 pedestrian_injured, 0.0 pedestrian_killed, Dry, EDSA Congressional Ave. Bgy. R. Magsaysay Quezon City",MMDA Road Safety Unit,,170086d6-0008-4912-93c3-4913bfc0a32a,2008-11-14,01:20:00,EDSA fronting Q-Mart Quezon City,0,0,0,0,0,0,0,0,0,0,2008-11-14 9:20,Property,14.65770646,121.0196601,Angle Impact
None,EDSA,None,None,"Human Error, Angle Impact, 0.0 drivers_injured, 0.0 drivers_killed, 0.0 passengers_injured, 0.0 passengers_killed, 0.0 pedestrian_injured, 0.0 pedestrian_killed, Dry, EDSA P. Tuazon Blvd. Quezon City",MMDA Road Safety Unit,,70a6e5a9-5492-4315-bce8-c3e8df78c41c,2008-11-13,23:35:00,EDSA fronting Oriental Market Quezon City,0,0,0,0,0,0,0,0,0,0,2008-11-14 7:35,Property,14.61640615,121.0524148,Angle Impact
None,EDSA,None,None,"Human Error, Rear-end, 0.0 drivers_injured, 0.0 drivers_killed, 0.0 passengers_injured, 0.0 passengers_killed, 0.0 pedestrian_injured, 0.0 pedestrian_killed, Dry, EDSA Ermin Garcia St. Quezon City",MMDA Road Safety Unit,,7c4ce77d-b913-4315-ac5b-c20d4236df66,2008-11-12,12:45:00,EDSA fronting Camp Aguinaldo Quezon City,0,0,0,0,0,0,0,0,0,0,2008-11-12 20:45,Property,14.62801892,121.0469556,Rear-End
None,EDSA,None,None,"Human Error, Hit and Run (No Collision Stated), 0.0 drivers_injured, 0.0 drivers_killed, 0.0 passengers_injured, 0.0 passengers_killed, 0.0 pedestrian_injured, 0.0 pedestrian_killed, Dry, EDSA Balintawak near Shell Gas Station Quezon City",MMDA Road Safety Unit,,a48381ad-b40e-4c6d-849a-cb547a73be7f,2008-11-11,08:30:00,EDSA fronting Go Soc & Sons Bldg. Quezon City,0,0,0,0,0,0,0,0,0,0,2008-11-11 16:30,Property,14.65731746,121.0042256,No Collision Stated
None,EDSA,None,None,"Human Error, Angle Impact, 0.0 drivers_injured, 0.0 drivers_killed, 0.0 passengers_injured, 0.0 passengers_killed, 0.0 pedestrian_injured, 0.0 pedestrian_killed, Dry, EDSA Boni serrano Ave. Quezon City",MMDA Road Safety Unit,,772ae755-4d37-4ce4-9f69-f278d17791c3,2008-11-10,15:50:00,EDSA Aurora Blvd. Quezon City,0,0,0,0,0,0,0,0,0,0,2008-11-10 23:50,Property,14.6109071,121.0551035,Angle Impact
None,EDSA,None,None,"Human Error, Side Swipe, 0.0 drivers_injured, 0.0 drivers_killed, 1.0 passengers_injured, 0.0 passengers_killed, 0.0 pedestrian_injured, 0.0 pedestrian_killed, Dry, EDSA Royal near Wilcon Store Quezon City",MMDA Road Safety Unit,,3ff9948f-4460-4462-a6d9-eb877d251cfc,2008-11-10,00:45:00,EDSA West Ave. Quezon City,0,0,0,0,1,0,0,0,0,1,2008-11-10 8:45,Injury,14.65767141,121.0107008,Side Swipe
None,EDSA,None,None,"Human Error, Side Swipe, 0.0 drivers_injured, 0.0 drivers_killed, 0.0 passengers_injured, 0.0 passengers_killed, 0.0 pedestrian_injured, 0.0 pedestrian_killed, Dry, EDSA Waltermart Quezon City",MMDA Road Safety Unit,,a15b8596-fbbe-4a53-9397-bf040496aef1,2008-11-09,08:10:00,EDSA after Kaingin Road Quezon City,0,0,0,0,0,0,0,0,0,0,2008-11-09 16:10,Property,14.6574558,121.0213579,Side Swipe
None,EDSA,None,None,"Human Error, Hit and Run (No Collision Stated), 0.0 drivers_injured, 0.0 drivers_killed, 0.0 passengers_injured, 0.0 passengers_killed, 0.0 pedestrian_injured, 0.0 pedestrian_killed, Dry, EDSA Aurora Blvd. Quezon City",MMDA Road Safety Unit,,aa5bd213-df95-46c1-8eea-072cc573928d,2008-11-08,15:15:00, EDSA near Gen. Mc Arthur st. Quezon City,0,0,0,0,0,0,0,0,0,0,2008-11-08 23:15,Property,14.62157395,121.0501099,No Collision Stated
None,EDSA,None,None,"Human Error, Rear-end, 0.0 drivers_injured, 0.0 drivers_killed, 0.0 passengers_injured, 0.0 passengers_killed, 0.0 pedestrian_injured, 0.0 pedestrian_killed, Dry, EDSA fronting MAKRO / Main ave. Quezon City",MMDA Road Safety Unit,,784f0697-3d0d-444b-853e-eaaa24afcd7c,2008-11-08,14:30:00,EDSA Aurora Blvd. Quezon City,0,0,0,0,0,0,0,0,0,0,2008-11-08 22:30,Property,14.61398737,121.0536051,Rear-End
None,EDSA,None,None,"Human Error, Rear-end, 0.0 drivers_injured, 0.0 drivers_killed, 0.0 passengers_injured, 0.0 passengers_killed, 0.0 pedestrian_injured, 0.0 pedestrian_killed, Dry, EDSA Main Ave. (S/B) Quezon City",MMDA Road Safety Unit,,4322abc3-01e2-4d52-9cc0-fe7f622ed4d0,2008-11-08,13:30:00,EDSA Olivares Drive Quezon City,0,0,0,0,0,0,0,0,0,0,2008-11-08 21:30,Property,14.61376458,121.0537933,Rear-End
None,EDSA,None,None,"Unknown, Hit and Run (No Collision Stated), 0.0 drivers_injured, 0.0 drivers_killed, 0.0 passengers_injured, 0.0 passengers_killed, 0.0 pedestrian_injured, 0.0 pedestrian_killed, Dry, EDSA Boni Serrano Ave. Quezon City",MMDA Road Safety Unit,,0a0b6ed5-0635-4298-b4a0-7836bfe4df72,2008-11-06,22:00:00,EDSA OP/UP Balintawak Quezon City,0,0,0,0,0,0,0,0,0,0,2008-11-07 6:00,Property,14.61098097,121.055172,No Collision Stated
None,EDSA,None,None,"Unknown, Hit and Run (No Collision Stated), 0.0 drivers_injured, 0.0 drivers_killed, 0.0 passengers_injured, 0.0 passengers_killed, 0.0 pedestrian_injured, 0.0 pedestrian_killed, Dry, EDSA Fronting Waltermart   Quezon City",MMDA Road Safety Unit,,3c824a2d-2195-435c-a44d-2d2ffd9a9a7d,2008-11-05,00:30:00,EDSA Congressional Ave. Quezon City,0,0,0,0,0,0,0,0,0,0,2008-11-05 8:30,Property,14.65755908,121.0204569,No Collision Stated
None,EDSA,None,None,"Human Error, Angle Impact, 1.0 drivers_injured, 0.0 drivers_killed, 0.0 passengers_injured, 0.0 passengers_killed, 0.0 pedestrian_injured, 0.0 pedestrian_killed, Dry, EDSA Mapagmahal st. , Brgy. Pinahan  Quezon City",MMDA Road Safety Unit,,184ed4eb-0f5c-4ddd-a2a3-6eda0aa8ccd3,2008-11-02,10:00:00,EDSA Kamuning Road Quezon City,0,0,0,1,0,0,0,0,0,1,2008-11-02 18:00,Injury,14.63185311,121.04548,Angle Impact
None,EDSA,None,None,"Human Error, Rear-end, 1.0 drivers_injured, 0.0 drivers_killed, 0.0 passengers_injured, 0.0 passengers_killed, 0.0 pedestrian_injured, 0.0 pedestrian_killed, Dry, EDSA Aurora Blvd. Quezon City",MMDA Road Safety Unit,,b89b50b8-5bb4-406f-9730-77b8df32950e,2008-10-30,04:05:00,EDSA Kaingin Road Quezon City,0,0,0,1,0,0,0,0,0,1,2008-10-30 12:05,Injury,14.62163653,121.0501573,Rear-End
None,EDSA,None,None,"Unknown, Angle Impact, 0.0 drivers_injured, 0.0 drivers_killed, 0.0 passengers_injured, 0.0 passengers_killed, 0.0 pedestrian_injured, 0.0 pedestrian_killed, Dry, EDSA Aurora Blvd. Quezon City",MMDA Road Safety Unit,,1c8dd0e2-c578-47d1-8a51-34253a714912,2008-10-28,14:00:00,EDSA fronting oriental Market Quezon City,0,0,0,0,0,0,0,0,0,0,2008-10-28 22:00,Property,14.62163653,121.0501573,Angle Impact
None,EDSA,None,None,"Human Error, Angle Impact, 0.0 drivers_injured, 0.0 drivers_killed, 0.0 passengers_injured, 0.0 passengers_killed, 0.0 pedestrian_injured, 0.0 pedestrian_killed, Dry, EDSA P. Tuazon Blvd. Quezon City",MMDA Road Safety Unit,,a74bf73e-0df1-4614-b0d1-7cb6163cd58b,2008-10-24,09:20:00,EDSA Oliveros Drive Quezon City,0,0,0,0,0,0,0,0,0,0,2008-10-24 17:20,Property,14.61640615,121.0524148,Angle Impact