LOCATION_TEXT,ROAD,WEATHER,LIGHT,DESC,REPORTING_AGENCY,MAIN_CAUSE,INCIDENTDETAILS_ID,DATE_UTC,TIME_UTC,ADDRESS,killed_driver,killed_passenger,killed_pedestrian,injured_driver,injured_passenger,injured_pedestrian,killed_uncategorized,injured_uncategorized,killed_total,injured_total,DATETIME_PST,SEVERITY,Y,X,COLLISION_TYPE
None,EDSA,None,None,"Unknown, Side Swipe, 0.0 drivers_injured, 1.0 drivers_killed, 3.0 passengers_injured, 0.0 passengers_killed, 0.0 pedestrian_injured, 0.0 pedestrian_killed, Dry, EDSA near Santolan MRT Station Quezon City",MMDA Road Safety Unit,,82faacc7-622d-45f9-9de1-60fa407705e9,2008-10-20,19:30:00, EDSA Main Ave Quezon City,1,0,0,0,3,0,0,0,1,3,2008-10-21 3:30,Fatal,14.60766468,121.0566155,Side Swipe
None,EDSA,None,None,"Unknown, Side Swipe, 1.0 drivers_injured, 0.0 drivers_killed, 0.0 passengers_injured, 0.0 passengers_killed, 0.0 pedestrian_injured, 0.0 pedestrian_killed, Dry, EDSA Roosevelt Ave. Quezon City",MMDA Road Safety Unit,,dfeefb33-b254-48cb-95cc-0ee35cda07fc,2008-10-20,03:00:00,EDSA fronting Oriental Market Quezon City,0,0,0,1,0,0,0,0,0,1,2008-10-20 11:00,Injury,14.65762047,121.0196373,Side Swipe
None,EDSA,None,None,"Human Error, Hit and Run (No Collision Stated), 0.0 drivers_injured, 0.0 drivers_killed, 0.0 passengers_injured, 0.0 passengers_killed, 0.0 pedestrian_injured, 0.0 pedestrian_killed, Dry, EDSA Roosevelt Ave. Quezon City",MMDA Road Safety Unit,,67b7a98a-d9b7-4a46-9135-79588cee51ad,2008-10-19,09:30:00,EDSA Oliveros Drive Quezon City,0,0,0,0,0,0,0,0,0,0,2008-10-19 17:30,Property,14.6574918,121.0195449,No Collision Stated
None,EDSA,None,None,"Human Error, Angle Impact, 0.0 drivers_injured, 0.0 drivers_killed, 0.0 passengers_injured, 0.0 passengers_killed, 0.0 pedestrian_injured, 0.0 pedestrian_killed, Dry, EDSA Kamuning Road Quezon City",MMDA Road Safety Unit,,26d27389-750e-4352-aee0-6feda89470dd,2008-10-17,11:05:00,EDSA fronting Wilcon Bldg. Quezon City,0,0,0,0,0,0,0,0,0,0,2008-10-17 19:05,Property,14.63072687,121.0457926,Angle Impact
None,EDSA,None,None,"Unknown, Angle Impact, 0.0 drivers_injured, 0.0 drivers_killed, 0.0 passengers_injured, 0.0 passengers_killed, 0.0 pedestrian_injured, 0.0 pedestrian_killed, Dry, EDSA near Ermin Garcia St. Quezon City",MMDA Road Safety Unit,,78f2f34c-05d9-4459-931b-d6db4c02d26d,2008-10-16,04:00:00,EDSA fronting MC Market Quezon City,0,0,0,0,0,0,0,0,0,0,2008-10-16 12:00,Property,14.62737546,121.0473588,Angle Impact
None,EDSA,None,None,"Human Error, Angle Impact, 0.0 drivers_injured, 0.0 drivers_killed, 0.0 passengers_injured, 0.0 passengers_killed, 0.0 pedestrian_injured, 0.0 pedestrian_killed, Dry, EDSA North Ave. Quezon City",MMDA Road Safety Unit,,b8f7ff36-eb0e-4bc5-b52f-0709adad4a78,2008-10-15,23:20:00,EDSA fronting Lemon Square Bldg. Quezon City,0,0,0,0,0,0,0,0,0,0,2008-10-16 7:20,Property,14.6556177,121.0302221,Angle Impact
None,EDSA,None,None,"Unknown, Angle Impact, 0.0 drivers_injured, 0.0 drivers_killed, 0.0 passengers_injured, 0.0 passengers_killed, 0.0 pedestrian_injured, 0.0 pedestrian_killed, Dry, EDSA Aurora Blvd. Quezon City",MMDA Road Safety Unit,,ef9799ea-5adb-4182-a8ae-0e7315e76cfb,2008-10-14,01:10:00,EDSA fronting Globe master Home Depot Quezon City,0,0,0,0,0,0,0,0,0,0,2008-10-14 9:10,Property,14.62163653,121.0501573,Angle Impact
None,EDSA,None,None,"Human Error, Hit and Run (No Collision Stated), 0.0 drivers_injured, 0.0 drivers_killed, 0.0 passengers_injured, 0.0 passengers_killed, 0.0 pedestrian_injured, 0.0 pedestrian_killed, Dry, EDSA near P. Tuazon Blvd. Quezon City",MMDA Road Safety Unit,,d932dab3-f971-4140-9153-5f3434de0b83,2008-10-11,04:05:00,EDSA fronting Nissan Show Room Quezon City,0,0,0,0,0,0,0,0,0,0,2008-10-11 12:05,Property,14.61640616,121.0524148,No Collision Stated
None,EDSA,None,None,"Human Error, Angle Impact, 0.0 drivers_injured, 0.0 drivers_killed, 0.0 passengers_injured, 0.0 passengers_killed, 0.0 pedestrian_injured, 0.0 pedestrian_killed, Dry, EDSA East Ave.  Quezon City",MMDA Road Safety Unit,,e29ca197-f630-4f74-8a1e-a4e33e74f4e9,2008-10-10,05:00:00,EDSA Aurora Blvd. Quezon City,0,0,0,0,0,0,0,0,0,0,2008-10-10 13:00,Property,14.63307121,121.0448661,Angle Impact
None,EDSA,None,None,"Human Error, Angle Impact, 0.0 drivers_injured, 0.0 drivers_killed, 0.0 passengers_injured, 0.0 passengers_killed, 0.0 pedestrian_injured, 0.0 pedestrian_killed, Dry, EDSA Aurora Blvd. Quezon City",MMDA Road Safety Unit,,e31145d2-0157-45b4-a7e0-d3c49e601593,2008-10-06,02:50:00,EDSA Kamuning Road Quezon City,0,0,0,0,0,0,0,0,0,0,2008-10-06 10:50,Property,14.62157395,121.0501099,Angle Impact
None,EDSA,None,None,"Human Error, Angle Impact, 0.0 drivers_injured, 0.0 drivers_killed, 0.0 passengers_injured, 0.0 passengers_killed, 0.0 pedestrian_injured, 0.0 pedestrian_killed, Dry, EDSA Congressional ave.Brgy. Magsaysay Quezon City",MMDA Road Safety Unit,,bbb2c2cd-4b40-4e43-bbee-963d2ed222c4,2008-10-04,09:30:00,EDSA fronting Munoz Market Quezon City,0,0,0,0,0,0,0,0,0,0,2008-10-04 17:30,Property,14.65771436,121.019788,Angle Impact
None,EDSA,None,None,"Human Error, Side Swipe, 0.0 drivers_injured, 0.0 drivers_killed, 1.0 passengers_injured, 0.0 passengers_killed, 0.0 pedestrian_injured, 0.0 pedestrian_killed, Dry, EDSA OP/UP Balitwak Quezon City",MMDA Road Safety Unit,,d0f5936f-e402-447f-ad8c-541d636ae92b,2008-10-04,07:05:00,EDSA Aurora Blvd. Quezon City,0,0,0,0,1,0,0,0,0,1,2008-10-04 15:05,Injury,14.65736015,121.002298,Side Swipe
None,EDSA,None,None,"Unknown, Hit object (No Object Stated), 0.0 drivers_injured, 0.0 drivers_killed, 0.0 passengers_injured, 0.0 passengers_killed, 0.0 pedestrian_injured, 0.0 pedestrian_killed, Dry, EDSA at ""U""turn slot / GMA 7 / near timog Ave. Quezon City",MMDA Road Safety Unit,,aa52ab72-0ec8-4fd2-b9d4-ad7666ad71d8,2008-10-04,02:45:00,Edsa Royal St. Quezon City,0,0,0,0,0,0,0,0,0,0,2008-10-04 10:45,Property,14.63377647,121.0442546,Hit Object
None,EDSA,None,None,"Human Error, Side Swipe, 0.0 drivers_injured, 0.0 drivers_killed, 0.0 passengers_injured, 0.0 passengers_killed, 0.0 pedestrian_injured, 0.0 pedestrian_killed, Dry, EDSA near Quezon Ave. / Mc Donald Quezon City",MMDA Road Safety Unit,,50bedffb-1eff-4740-83b0-145569f10736,2008-10-03,01:45:00,EDSA North Ave. Quezon City,0,0,0,0,0,0,0,0,0,0,2008-10-03 9:45,Property,14.64329612,121.0380533,Side Swipe
None,EDSA,None,None,"Unknown, Hit and Run (No Collision Stated), 0.0 drivers_injured, 0.0 drivers_killed, 0.0 passengers_injured, 0.0 passengers_killed, 0.0 pedestrian_injured, 0.0 pedestrian_killed, Dry, EDSA near Ermin Garcia St. Quezon City",MMDA Road Safety Unit,,717cd2e9-331d-4dd8-ac79-9bf1663f4ab1,2008-09-29,17:00:00,EDSA near East Ave. Quezon City,0,0,0,0,0,0,0,0,0,0,2008-09-30 1:00,Property,14.62737546,121.0473588,No Collision Stated
None,EDSA,None,None,"Human Error, Hit and Run (No Collision Stated), 0.0 drivers_injured, 0.0 drivers_killed, 0.0 passengers_injured, 0.0 passengers_killed, 0.0 pedestrian_injured, 0.0 pedestrian_killed, Dry, EDSA Whiteplains Ave. Quezon City",MMDA Road Safety Unit,,feb67b65-5593-46eb-ab29-4f4651796b10,2008-09-28,12:30:00,EDSA Kamuning Road Quezon City,0,0,0,0,0,0,0,0,0,0,2008-09-28 20:30,Property,14.59957295,121.0597658,No Collision Stated
None,EDSA,None,None,"Unknown, Hit object (No Object Stated), 0.0 drivers_injured, 0.0 drivers_killed, 0.0 passengers_injured, 0.0 passengers_killed, 0.0 pedestrian_injured, 0.0 pedestrian_killed, Rain, EDSA Sct. Borromeo St. / Francisca Tower Basement Quezon City",MMDA Road Safety Unit,,e7b1a727-ac12-4dff-8b10-f52492ff0435,2008-09-24,23:00:00,EDSA fronting Bensol Lumber Quezon City,0,0,0,0,0,0,0,0,0,0,2008-09-25 7:00,Property,14.63715712,121.0419507,Hit Object
None,EDSA,None,None,"Human Error, Side Swipe, 0.0 drivers_injured, 0.0 drivers_killed, 0.0 passengers_injured, 0.0 passengers_killed, 0.0 pedestrian_injured, 0.0 pedestrian_killed, Rain, EDSA Arayat St. Quezon City",MMDA Road Safety Unit,,0c2ea81c-6e25-48ab-8fc4-73dc110bd7d0,2008-09-24,02:40:00,EDSA Kamias Road Quezon City,0,0,0,0,0,0,0,0,0,0,2008-09-24 10:40,Property,14.61961124,121.0508602,Side Swipe
None,EDSA,None,None,"Human Error, Side Swipe, 0.0 drivers_injured, 0.0 drivers_killed, 0.0 passengers_injured, 0.0 passengers_killed, 0.0 pedestrian_injured, 0.0 pedestrian_killed, Rain, EDSA near North Ave./ Quezon City",MMDA Road Safety Unit,,ba815220-0352-4e7c-9462-dfa79415eb11,2008-09-24,00:15:00,EDSA Kamuning Road Quezon City,0,0,0,0,0,0,0,0,0,0,2008-09-24 8:15,Property,14.65499141,121.0303134,Side Swipe
None,EDSA,None,None,"Human Error, Side Swipe, 0.0 drivers_injured, 0.0 drivers_killed, 0.0 passengers_injured, 0.0 passengers_killed, 0.0 pedestrian_injured, 0.0 pedestrian_killed, Dry, EDSA near corner Quezon Ave. Brgy. West Triangle Quezon City",MMDA Road Safety Unit,,4b230744-e3b3-4d86-9e18-bc5ef24d301f,2008-09-22,01:30:00,EDSA fronting Stn. 10 QCPD Quezon City,0,0,0,0,0,0,0,0,0,0,2008-09-22 9:30,Property,14.64405435,121.0375943,Angle Impact
None,EDSA,None,None,"Human Error, Side Swipe, 1.0 drivers_injured, 0.0 drivers_killed, 0.0 passengers_injured, 0.0 passengers_killed, 0.0 pedestrian_injured, 0.0 pedestrian_killed, Dry, EDSA Mapagmahal St. fronting Jac Liner Quezon City",MMDA Road Safety Unit,,5e8af878-7c86-4a49-ac5e-60577e3a2a79,2008-09-21,20:00:00,EDSA Roosevelt Ave. Quezon City,0,0,0,1,0,0,0,0,0,1,2008-09-22 4:00,Injury,14.63185046,121.0455315,Side Swipe
None,EDSA,None,None,"Human Error, Angle Impact, 0.0 drivers_injured, 0.0 drivers_killed, 0.0 passengers_injured, 0.0 passengers_killed, 0.0 pedestrian_injured, 0.0 pedestrian_killed, Dry, EDSA Congressional Ave. Quezon City",MMDA Road Safety Unit,,ea400e73-996e-4382-9103-38c1c5d6921a,2008-09-20,08:30:00,EDSA Kaingin Road Quezon City,0,0,0,0,0,0,0,0,0,0,2008-09-20 16:30,Property,14.65771436,121.019788,Angle Impact
None,EDSA,None,None,"Human Error, Angle Impact, 0.0 drivers_injured, 0.0 drivers_killed, 0.0 passengers_injured, 0.0 passengers_killed, 0.0 pedestrian_injured, 0.0 pedestrian_killed, Dry, EDSA Kamias Road, West Kamias Quezon City",MMDA Road Safety Unit,,c7da69c3-7757-45e8-9204-ed8dff7093db,2008-09-20,06:15:00,EDSA fronting Camp Aguinaldo Quezon City,0,0,0,0,0,0,0,0,0,0,2008-09-20 14:15,Property,14.63079588,121.045972,Angle Impact
None,EDSA,None,None,"Unknown, Self-Accident, 0.0 drivers_injured, 0.0 drivers_killed, 1.0 passengers_injured, 0.0 passengers_killed, 0.0 pedestrian_injured, 0.0 pedestrian_killed, Dry, EDSA fronting ES Transport Terminal Quezon City",MMDA Road Safety Unit,,1f9d2182-c1a3-4c48-a5a9-23eb0643b8d4,2008-09-20,00:15:00,EDSA OP/UP Balintawak Quezon City,0,0,0,0,1,0,0,0,0,1,2008-09-20 8:15,Injury,14.62539084,121.0484911,Self-Accident
None,EDSA,None,None,"Unknown, Self-Accident, 0.0 drivers_injured, 0.0 drivers_killed, 1.0 passengers_injured, 0.0 passengers_killed, 0.0 pedestrian_injured, 0.0 pedestrian_killed, Dry, EDSA near Ortigas Ave. Quezon City",MMDA Road Safety Unit,,b960ae43-63ff-4366-a5bb-9346a12bb74d,2008-09-18,13:25:00,EDSA fronting Nissan Motors Show Room Quezon City,0,0,0,0,1,0,0,0,0,1,2008-09-18 21:25,Injury,14.59331273,121.058664,Self-Accident
None,EDSA,None,None,"Unknown, Hit and Run (No Collision Stated), 0.0 drivers_injured, 0.0 drivers_killed, 0.0 passengers_injured, 0.0 passengers_killed, 0.0 pedestrian_injured, 0.0 pedestrian_killed, Dry, EDSA East Ave. Quezon City",MMDA Road Safety Unit,,2d3cb3a3-75c0-466f-9eeb-99858fcdf2bc,2008-09-18,11:25:00,EDSA Gami St. Quezon City,0,0,0,0,0,0,0,0,0,0,2008-09-18 19:25,Property,14.6328297,121.0451176,No Collision Stated
None,EDSA,None,None,"Human Error, Side Swipe, 0.0 drivers_injured, 0.0 drivers_killed, 0.0 passengers_injured, 0.0 passengers_killed, 0.0 pedestrian_injured, 0.0 pedestrian_killed, Dry, EDSA near corner west Ave. brgy. Bungad Quezon City",MMDA Road Safety Unit,,15ef6310-2f53-4b05-9af9-c25115797dd9,2008-09-18,07:20:00,EDSA fronting Merced Bakeshop Quezon City,0,0,0,0,0,0,0,0,0,0,2008-09-18 15:20,Property,14.65553839,121.0299647,Side Swipe
None,EDSA,None,None,"Human Error, Angle Impact, 0.0 drivers_injured, 0.0 drivers_killed, 0.0 passengers_injured, 0.0 passengers_killed, 0.0 pedestrian_injured, 0.0 pedestrian_killed, Dry, EDSA New York St. Quezon City",MMDA Road Safety Unit,,acfc95d0-d556-4762-9577-074641c4f0a1,2008-09-16,09:30:00,EDSA Olivares Drive Quezon City,0,0,0,0,0,0,0,0,0,0,2008-09-16 17:30,Property,14.62571075,121.048065,Angle Impact
None,EDSA,None,None,"Human Error, Self-Accident, 0.0 drivers_injured, 0.0 drivers_killed, 0.0 passengers_injured, 0.0 passengers_killed, 0.0 pedestrian_injured, 0.0 pedestrian_killed, Dry, EDSA Kamuning Road (s/B0 Quezon City",MMDA Road Safety Unit,,9f3a39bb-30d0-47cf-8abc-ef16708e64cf,2008-09-15,15:00:00,EDSA fronting Balintawak market Quezon City,0,0,0,0,0,0,0,0,0,0,2008-09-15 23:00,Property,14.63079118,121.0458085,Self-Accident
None,EDSA,None,None,"Unknown, Hit and Run (No Collision Stated), 0.0 drivers_injured, 0.0 drivers_killed, 0.0 passengers_injured, 0.0 passengers_killed, 0.0 pedestrian_injured, 0.0 pedestrian_killed, Dry, EDSA West Ave. Quezon City",MMDA Road Safety Unit,,4b58247c-9f8a-4605-a835-9ab2ae5cc428,2008-09-12,05:15:00,EDSA Howmart Road Quezon City,0,0,0,0,0,0,0,0,0,0,2008-09-12 13:15,Property,14.65548924,121.0298079,No Collision Stated
None,EDSA,None,None,"Human Error, Side Swipe, 1.0 drivers_injured, 0.0 drivers_killed, 0.0 passengers_injured, 0.0 passengers_killed, 0.0 pedestrian_injured, 0.0 pedestrian_killed, Rain, EDSA North Ave. Brgy. Pag Asa Quezon City",MMDA Road Safety Unit,,f8ed1413-4212-4e9f-b4c8-09f54b5ccb8e,2008-09-12,00:15:00,EDSA near Kamuning Road Quezon City,0,0,0,1,0,0,0,0,0,1,2008-09-12 8:15,Injury,14.65553839,121.0299647,Side Swipe
None,EDSA,None,None,"Human Error, Side Swipe, 0.0 drivers_injured, 0.0 drivers_killed, 0.0 passengers_injured, 0.0 passengers_killed, 0.0 pedestrian_injured, 0.0 pedestrian_killed, Dry, EDSA fronting Corithian Garden Gate 1 Quezon City",MMDA Road Safety Unit,,6dbd4211-b4ba-4478-bc88-9869ffa1e8fd,2008-09-07,09:30:00,EDSA Kamuning Road Quezon City,0,0,0,0,0,0,0,0,0,0,2008-09-07 17:30,Property,14.5956398,121.0594464,Side Swipe
None,EDSA,None,None,"Human Error, Angle Impact, 0.0 drivers_injured, 0.0 drivers_killed, 0.0 passengers_injured, 0.0 passengers_killed, 0.0 pedestrian_injured, 0.0 pedestrian_killed, Dry, EDSA Kamias Road Quezon City",MMDA Road Safety Unit,,d94384dc-22d8-40dd-8f10-6911f209bf9e,2008-09-05,03:00:00,EDSA Roosevelt Ave. Quezon City,0,0,0,0,0,0,0,0,0,0,2008-09-05 11:00,Property,14.63079588,121.045972,Angle Impact
None,EDSA,None,None,"Human Error, Hit and Run (No Collision Stated), 0.0 drivers_injured, 0.0 drivers_killed, 0.0 passengers_injured, 0.0 passengers_killed, 0.0 pedestrian_injured, 0.0 pedestrian_killed, Dry, EDSA MAKRO Bldg. Brgy. Socrro Quezon City",MMDA Road Safety Unit,,758a4a76-871a-457b-a24e-0ade582562a4,2008-09-04,14:45:00,EDSA Oliveros Drive Quezon City,0,0,0,0,0,0,0,0,0,0,2008-09-04 22:45,Property,14.6136766,121.0537684,No Collision Stated
None,EDSA,None,None,"Human Error, Rear-end, 0.0 drivers_injured, 0.0 drivers_killed, 0.0 passengers_injured, 0.0 passengers_killed, 0.0 pedestrian_injured, 0.0 pedestrian_killed, Dry, EDSA fronting Dynasty Upholstery Quezon City",MMDA Road Safety Unit,,af0c4cef-b28a-4313-a6f3-8f989bb20e55,2008-09-03,22:00:00,EDSA Balintawak  Quezon City,0,0,0,0,0,0,0,0,0,0,2008-09-04 6:00,Property,14.62546219,121.0484169,Rear-End
None,EDSA,None,None,"Human Error, Angle Impact, 0.0 drivers_injured, 0.0 drivers_killed, 0.0 passengers_injured, 0.0 passengers_killed, 0.0 pedestrian_injured, 0.0 pedestrian_killed, Dry, EDSA B. Serrano Ave. Quezon City",MMDA Road Safety Unit,,d8e00fa2-10b4-42a3-a395-4683cb665cfd,2008-09-03,04:20:00,EDSA Oliveros Drive Quezon City,0,0,0,0,0,0,0,0,0,0,2008-09-03 12:20,Property,14.6109071,121.0551035,Angle Impact
None,EDSA,None,None,"Unknown, Hit and Run (No Collision Stated), 0.0 drivers_injured, 0.0 drivers_killed, 0.0 passengers_injured, 0.0 passengers_killed, 0.0 pedestrian_injured, 0.0 pedestrian_killed, Dry, EDSA Congressional  Quezon City",MMDA Road Safety Unit,,a303ffbc-4bef-40ac-9db8-5aa0ac77e0c6,2008-09-02,12:30:00,EDSA fronting Oriental Market Quezon City,0,0,0,0,0,0,0,0,0,0,2008-09-02 20:30,Property,14.6571804,120.9927185,No Collision Stated
None,EDSA,None,None,"Human Error, Hit and Run (No Collision Stated), 0.0 drivers_injured, 0.0 drivers_killed, 0.0 passengers_injured, 0.0 passengers_killed, 0.0 pedestrian_injured, 0.0 pedestrian_killed, Dry, EDSA Main Ave. Quezon City",MMDA Road Safety Unit,,c438c4b0-96fb-4f60-afb1-009f22d34c06,2008-08-26,08:50:00,EDSA Oliveros Drive Quezon City,0,0,0,0,0,0,0,0,0,0,2008-08-26 16:50,Property,14.6136766,121.0537684,No Collision Stated
None,EDSA,None,None,"Human Error, Hit and Run (No Collision Stated), 0.0 drivers_injured, 0.0 drivers_killed, 0.0 passengers_injured, 0.0 passengers_killed, 0.0 pedestrian_injured, 0.0 pedestrian_killed, Dry, EDSA near corner West Ave. Brgy. San Roque Quezon City",MMDA Road Safety Unit,,0139b75e-7ddf-45c3-bfc6-9882703e98fb,2008-08-25,05:30:00,EDSA Kamuning Road Quezon City,0,0,0,0,0,0,0,0,0,0,2008-08-25 13:30,Property,14.65560731,121.0294409,No Collision Stated
None,EDSA,None,None,"Unknown, Side Swipe, 0.0 drivers_injured, 0.0 drivers_killed, 0.0 passengers_injured, 0.0 passengers_killed, 0.0 pedestrian_injured, 0.0 pedestrian_killed, Dry, EDSA Ortigas Ave. (facing east) Quezon City",MMDA Road Safety Unit,,49c3729d-7e77-480b-b7a1-962b0e4cb111,2008-08-20,01:00:00,EDSA Balintawak  Quezon City,0,0,0,0,0,0,0,0,0,0,2008-08-20 9:00,Property,14.59275486,121.0584221,Side Swipe
None,EDSA,None,None,"Human Error, Hit and Run (No Collision Stated), 0.0 drivers_injured, 0.0 drivers_killed, 0.0 passengers_injured, 0.0 passengers_killed, 0.0 pedestrian_injured, 0.0 pedestrian_killed, Dry, EDSA Kamuning Road / Meralco Office Quezon City",MMDA Road Safety Unit,,0e54f7eb-4e9f-4e89-9c5e-673c342e1c6c,2008-08-16,02:30:00,EDSA Congressional Ave. Quezon City,0,0,0,0,0,0,0,0,0,0,2008-08-16 10:30,Property,14.63072687,121.0457926,No Collision Stated
None,EDSA,None,None,"Unknown, Hit and Run (No Collision Stated), 0.0 drivers_injured, 0.0 drivers_killed, 0.0 passengers_injured, 0.0 passengers_killed, 0.0 pedestrian_injured, 0.0 pedestrian_killed, Dry, EDSA fronting Quezon City Academy Quezon City",MMDA Road Safety Unit,,d1b5ada6-48cf-4eef-a850-ad25004a3d15,2008-08-12,12:00:00,EDSA fronting Jack Liner Terminal Quezon City,0,0,0,0,0,0,0,0,0,0,2008-08-12 20:00,Property,14.65660275,121.0257801,No Collision Stated
None,EDSA,None,None,"Human Error, Angle Impact, 0.0 drivers_injured, 0.0 drivers_killed, 0.0 passengers_injured, 0.0 passengers_killed, 0.0 pedestrian_injured, 0.0 pedestrian_killed, Dry, EDSA Kamuning Road Quezon City",MMDA Road Safety Unit,,b371c413-d5bd-48da-b57f-d9cd3621779b,2008-08-12,07:35:00,EDSA Roosevelt Ave. Quezon City,0,0,0,0,0,0,0,0,0,0,2008-08-12 15:35,Property,14.63072687,121.0457926,Angle Impact
None,EDSA,None,None,"Human Error, Angle Impact, 0.0 drivers_injured, 0.0 drivers_killed, 0.0 passengers_injured, 0.0 passengers_killed, 0.0 pedestrian_injured, 0.0 pedestrian_killed, Dry, EDSA P. Tuazon Ave. Quezon City",MMDA Road Safety Unit,,58cc5f8a-9fa5-4e7c-b9ab-10b01593868e,2008-08-11,18:00:00,EDSA fronting Balintawak Market Quezon City,0,0,0,0,0,0,0,0,0,0,2008-08-12 2:00,Property,14.61640615,121.0524148,Angle Impact
None,EDSA,None,None,"Human Error, Angle Impact, 0.0 drivers_injured, 0.0 drivers_killed, 0.0 passengers_injured, 0.0 passengers_killed, 0.0 pedestrian_injured, 0.0 pedestrian_killed, Dry, EDSA Bansalangin St. Quezon City",MMDA Road Safety Unit,,730302d4-091a-4690-aef9-3cf9417e26be,2008-08-11,14:30:00,EDSA fronting Camp Aguinaldo Quezon City,0,0,0,0,0,0,0,0,0,0,2008-08-11 22:30,Property,14.65678973,121.0241619,Angle Impact
None,EDSA,None,None,"Human Error, Rear-end, 0.0 drivers_injured, 0.0 drivers_killed, 0.0 passengers_injured, 0.0 passengers_killed, 0.0 pedestrian_injured, 0.0 pedestrian_killed, Dry, EDSA Bernardo Park near K-3rd St. Quezon City",MMDA Road Safety Unit,,f75d569f-05bf-4e20-a212-f0b34df2d876,2008-08-11,00:00:00,EDSA Congressional Ave. Quezon City,0,0,0,0,0,0,0,0,0,0,2008-08-11 8:00,Property,14.62961598,121.0463728,Rear-End
None,EDSA,None,None,"Human Error, Self-Accident, 0.0 drivers_injured, 0.0 drivers_killed, 0.0 passengers_injured, 0.0 passengers_killed, 0.0 pedestrian_injured, 0.0 pedestrian_killed, Dry, EDSA B. Serrano Ave. Quezon City",MMDA Road Safety Unit,,fb0d99d9-4c30-4e8d-9dfa-19c7bd2e630f,2008-08-10,20:00:00,EDSA fronting Oriental Market Quezon City,0,0,0,0,0,0,0,0,0,0,2008-08-11 4:00,Property,14.61096685,121.0551991,Self-Accident
None,EDSA,None,None,"Other, Hit object (No Object Stated), 0.0 drivers_injured, 0.0 drivers_killed, 0.0 passengers_injured, 0.0 passengers_killed, 0.0 pedestrian_injured, 0.0 pedestrian_killed, Dry, EDSA near Santolan MRT Stn.  Quezon City",MMDA Road Safety Unit,,7a20fe25-2466-46b4-a257-dc69a44a294b,2008-08-04,19:40:00,EDSA SM City North Quezon City,0,0,0,0,0,0,0,0,0,0,2008-08-05 3:40,Property,14.60766468,121.0566155,Hit Object
None,EDSA,None,None,"Unknown, Self-Accident, 0.0 drivers_injured, 0.0 drivers_killed, 0.0 passengers_injured, 0.0 passengers_killed, 0.0 pedestrian_injured, 0.0 pedestrian_killed, Dry, EDSA Quezon Ave Quezon City",MMDA Road Safety Unit,,5f0a3818-de61-4b65-b26b-fad9c9b8b026,2008-07-30,14:30:00,EDSA Kamias Road infront LBC Quezon City,0,0,0,0,0,0,0,0,0,0,2008-07-30 22:30,Property,14.6442444,121.0375839,Self-Accident
None,EDSA,None,None,"Unknown, Hit and Run (No Collision Stated), 0.0 drivers_injured, 0.0 drivers_killed, 0.0 passengers_injured, 0.0 passengers_killed, 0.0 pedestrian_injured, 0.0 pedestrian_killed, Dry, EDSA Gami St., Bgy Bahay Toro Quezon City",MMDA Road Safety Unit,,fa721370-7fe8-46dc-a041-30f363b25058,2008-07-28,20:30:00,EDSA North Ave. Quezon City,0,0,0,0,0,0,0,0,0,0,2008-07-29 4:30,Property,14.65776122,121.0174636,No Collision Stated
None,EDSA,None,None,"Human Error, Hit and Run (No Collision Stated), 0.0 drivers_injured, 0.0 drivers_killed, 0.0 passengers_injured, 0.0 passengers_killed, 0.0 pedestrian_injured, 0.0 pedestrian_killed, Dry, EDSA near Kamuning Road Quezon City",MMDA Road Safety Unit,,aaca6e39-3afc-4917-a404-d69a6588898c,2008-07-27,09:15:00,EDSA North Ave. Quezon City,0,0,0,0,0,0,0,0,0,0,2008-07-27 17:15,Property,14.63064532,121.0457861,No Collision Stated
None,EDSA,None,None,"Unknown, Self-Accident, 0.0 drivers_injured, 0.0 drivers_killed, 0.0 passengers_injured, 0.0 passengers_killed, 0.0 pedestrian_injured, 0.0 pedestrian_killed, Dry, EDSA fronting Camp Aguinaldo Quezon City",MMDA Road Safety Unit,,136711ae-088b-4a5b-92a4-9ce348c9da95,2008-07-26,17:00:00,EDSA Ermin Garcia St. Quezon City,0,0,0,0,0,0,0,0,0,0,2008-07-27 1:00,Property,14.6074566,121.0567511,Self-Accident
None,EDSA,None,None,"Human Error, Angle Impact, 0.0 drivers_injured, 0.0 drivers_killed, 0.0 passengers_injured, 0.0 passengers_killed, 0.0 pedestrian_injured, 0.0 pedestrian_killed, Dry, EDSA Gen.Mc Arthur St., Socorro, Cubao Quezon City",MMDA Road Safety Unit,,0cb5841b-02d9-485a-8702-e543a8992c9a,2008-07-26,03:40:00,EDSA Quezon Ave. Quezon City,0,0,0,0,0,0,0,0,0,0,2008-07-26 11:40,Property,14.61801346,121.0516711,Angle Impact
None,EDSA,None,None,"Human Error, Angle Impact, 0.0 drivers_injured, 0.0 drivers_killed, 0.0 passengers_injured, 0.0 passengers_killed, 0.0 pedestrian_injured, 0.0 pedestrian_killed, Dry, EDSA Timog Ave. Quezon City",MMDA Road Safety Unit,,ab8a0932-9855-404a-a9cb-d79fbb86b5ea,2008-07-25,04:15:00,EDSA fronting INC Church Quezon City,0,0,0,0,0,0,0,0,0,0,2008-07-25 12:15,Property,14.63251531,121.0449481,Angle Impact
None,EDSA,None,None,"Human Error, Angle Impact, 0.0 drivers_injured, 0.0 drivers_killed, 1.0 passengers_injured, 0.0 passengers_killed, 0.0 pedestrian_injured, 0.0 pedestrian_killed, Dry, EDSA Aurora Blvd. Quezon City",MMDA Road Safety Unit,,597424c9-c1be-4dee-b296-ce4549d9ff43,2008-07-22,06:30:00,EDSA Kamuning Road Quezon City,0,0,0,0,1,0,0,0,0,1,2008-07-22 14:30,Injury,14.62157395,121.0501099,Angle Impact