LOCATION_TEXT,ROAD,WEATHER,LIGHT,DESC,REPORTING_AGENCY,MAIN_CAUSE,INCIDENTDETAILS_ID,DATE_UTC,TIME_UTC,ADDRESS,killed_driver,killed_passenger,killed_pedestrian,injured_driver,injured_passenger,injured_pedestrian,killed_uncategorized,injured_uncategorized,killed_total,injured_total,DATETIME_PST,SEVERITY,Y,X,COLLISION_TYPE
None,EDSA,None,None,"Human Error, Angle Impact, 0.0 drivers_injured, 0.0 drivers_killed, 0.0 passengers_injured, 0.0 passengers_killed, 0.0 pedestrian_injured, 0.0 pedestrian_killed, Dry, EDSA Kamias Road (E/B) Quezon City",MMDA Road Safety Unit,,3a0b70d5-72e7-4696-b2d7-ced74964be44,2008-07-21,05:50:00,EDSA Congressional Road Quezon City,0,0,0,0,0,0,0,0,0,0,2008-07-21 13:50,Property,14.63079588,121.045972,Angle Impact
None,EDSA,None,None,"Unknown, Hit and Run (No Collision Stated), 0.0 drivers_injured, 0.0 drivers_killed, 0.0 passengers_injured, 0.0 passengers_killed, 0.0 pedestrian_injured, 0.0 pedestrian_killed, Dry, EDSA ""U""turn slot /fronting Iglesia Ni Cristo Church, Bgy Magasysay Quezon City",MMDA Road Safety Unit,,c5e57efa-f605-4996-8aac-2ec127b64c25,2008-07-20,13:00:00,EDSA Corregidor St. Quezon City,0,0,0,0,0,0,0,0,0,0,2008-07-20 21:00,Property,14.65736469,121.0225929,No Collision Stated
None,EDSA,None,None,"Human Error, Side Swipe, 0.0 drivers_injured, 0.0 drivers_killed, 0.0 passengers_injured, 0.0 passengers_killed, 0.0 pedestrian_injured, 0.0 pedestrian_killed, Dry, EDSA fronting Walter Mart near Roosevelt Quezon City",MMDA Road Safety Unit,,c75b1660-415b-4457-964d-d35c41334bd8,2008-07-20,04:45:00,EDSA North Ave. Quezon City,0,0,0,0,0,0,0,0,0,0,2008-07-20 12:45,Property,14.65755908,121.0204569,Side Swipe
None,EDSA,None,None,"Unknown, Hit and Run (No Collision Stated), 0.0 drivers_injured, 0.0 drivers_killed, 0.0 passengers_injured, 0.0 passengers_killed, 0.0 pedestrian_injured, 0.0 pedestrian_killed, Dry, EDSA at ""U"" turn slot, fronting Mercury Drug Storestore, Balintawak Quezon City",MMDA Road Safety Unit,,efcfbd5a-2466-4086-bf3f-caa215e216ee,2008-07-18,06:00:00,EDSA fronting Cloverleaf market Quezon City,0,0,0,0,0,0,0,0,0,0,2008-07-18 14:00,Property,14.65751676,121.0076084,No Collision Stated
None,EDSA,None,None,"Human Error, Angle Impact, 0.0 drivers_injured, 0.0 drivers_killed, 0.0 passengers_injured, 0.0 passengers_killed, 0.0 pedestrian_injured, 0.0 pedestrian_killed, Dry, EDSA Aurora Blvd. Quezon City",MMDA Road Safety Unit,,6619e35b-6b2d-4ea1-9d45-539b1ef6ada8,2008-07-18,04:15:00,EDSA Corregidor St. Quezon City,0,0,0,0,0,0,0,0,0,0,2008-07-18 12:15,Property,14.62157395,121.0501099,Angle Impact
None,EDSA,None,None,"Human Error, Angle Impact, 0.0 drivers_injured, 0.0 drivers_killed, 0.0 passengers_injured, 0.0 passengers_killed, 0.0 pedestrian_injured, 0.0 pedestrian_killed, Dry, EDSA Kamias Road Quezon City",MMDA Road Safety Unit,,cbf9c1c0-0bc2-4b91-977e-b2e9970b2c92,2008-07-14,04:40:00,EDSA North Ave. Quezon City,0,0,0,0,0,0,0,0,0,0,2008-07-14 12:40,Property,14.63079588,121.045972,Angle Impact
None,EDSA,None,None,"Human Error, Angle Impact, 0.0 drivers_injured, 0.0 drivers_killed, 0.0 passengers_injured, 0.0 passengers_killed, 0.0 pedestrian_injured, 0.0 pedestrian_killed, Dry, EDSA Kamias Road Quezon City",MMDA Road Safety Unit,,72c09305-5a54-49e8-b424-9450e67ca6f6,2008-07-13,14:00:00,EDSA Congressional Road Quezon City,0,0,0,0,0,0,0,0,0,0,2008-07-13 22:00,Property,14.63079588,121.045972,Angle Impact
None,EDSA,None,None,"Human Error, Angle Impact, 0.0 drivers_injured, 0.0 drivers_killed, 0.0 passengers_injured, 0.0 passengers_killed, 0.0 pedestrian_injured, 0.0 pedestrian_killed, Dry, EDSA near Kamuning Road Quezon City",MMDA Road Safety Unit,,6fb4a2c9-13d0-4d7e-9dfc-d94a487ed154,2008-07-10,23:45:00,EDSA fronitng Jollibee near cor. Roosevelt Quezon City,0,0,0,0,0,0,0,0,0,0,2008-07-11 7:45,Property,14.6306968,121.0458077,Angle Impact
None,EDSA,None,None,"Human Error, Rear-end, 0.0 drivers_injured, 0.0 drivers_killed, 0.0 passengers_injured, 0.0 passengers_killed, 0.0 pedestrian_injured, 0.0 pedestrian_killed, Dry, EDSA fronting Gate 5 socorro Quezon City",MMDA Road Safety Unit,,78671c66-3ce8-4ab8-bf83-af8fc0f2dcef,2008-07-09,03:05:00,EDSA Congressional Road Quezon City,0,0,0,0,0,0,0,0,0,0,2008-07-09 11:05,Property,14.60120967,121.0592641,Rear-End
None,EDSA,None,None,"Human Error, Side Swipe, 1.0 drivers_injured, 0.0 drivers_killed, 0.0 passengers_injured, 0.0 passengers_killed, 0.0 pedestrian_injured, 0.0 pedestrian_killed, Dry, EDSA South Road Quezon City",MMDA Road Safety Unit,,5d26a3d5-3a44-4897-905a-610fb64e599c,2008-07-08,07:35:00,EDSA Congressional Road Quezon City,0,0,0,1,0,0,0,0,0,1,2008-07-08 15:35,Injury,14.61321318,121.053905,Side Swipe
None,EDSA,None,None,"Human Error, Side Swipe, 1.0 drivers_injured, 0.0 drivers_killed, 0.0 passengers_injured, 0.0 passengers_killed, 0.0 pedestrian_injured, 0.0 pedestrian_killed, Dry, EDSA near E.Garcia St. / fronting 7-11 Quezon City",MMDA Road Safety Unit,,36e659d2-ca49-49d9-b445-773830fcc5ce,2008-07-01,06:45:00,EDSA Corregidor St. Quezon City,0,0,0,1,0,0,0,0,0,1,2008-07-01 14:45,Injury,14.62746242,121.0474636,Side Swipe
None,EDSA,None,None,"Human Error, Angle Impact, 0.0 drivers_injured, 0.0 drivers_killed, 0.0 passengers_injured, 0.0 passengers_killed, 0.0 pedestrian_injured, 0.0 pedestrian_killed, Dry, EDSA Timog Ave. Quezon City",MMDA Road Safety Unit,,f51a6e81-7fbb-4090-bc5b-dbf42348d273,2008-07-01,02:05:00,EDSA Congressional Road Quezon City,0,0,0,0,0,0,0,0,0,0,2008-07-01 10:05,Property,14.63251531,121.0449481,Angle Impact
None,EDSA,None,None,"Human Error, Angle Impact, 0.0 drivers_injured, 0.0 drivers_killed, 2.0 passengers_injured, 0.0 passengers_killed, 0.0 pedestrian_injured, 0.0 pedestrian_killed, Dry, EDSA Santolan Road Quezon City",MMDA Road Safety Unit,,ab806f59-a5b5-4e35-aca7-19a06d74c623,2008-06-30,19:00:00,EDSA Congressional Road Quezon City,0,0,0,0,2,0,0,0,0,2,2008-07-01 3:00,Injury,14.61086873,121.0549808,Angle Impact
None,EDSA,None,None,"Human Error, Angle Impact, 0.0 drivers_injured, 0.0 drivers_killed, 0.0 passengers_injured, 0.0 passengers_killed, 0.0 pedestrian_injured, 0.0 pedestrian_killed, Dry, EDSA Kamias Road Quezon City",MMDA Road Safety Unit,,f6059a76-3806-43c0-b9d4-8ea070abb9b8,2008-06-27,13:00:00,EDSA Seminary Road Quezon City,0,0,0,0,0,0,0,0,0,0,2008-06-27 21:00,Property,14.63079588,121.045972,Angle Impact
None,EDSA,None,None,"Human Error, Angle Impact, 0.0 drivers_injured, 0.0 drivers_killed, 0.0 passengers_injured, 0.0 passengers_killed, 0.0 pedestrian_injured, 0.0 pedestrian_killed, Dry, EDSA Timog Ave., East Ave Quezon City",MMDA Road Safety Unit,,03ff1f5e-74b8-4566-922b-98f3ea1f4506,2008-06-26,07:55:00,EDSA North Ave. Quezon City,0,0,0,0,0,0,0,0,0,0,2008-06-26 15:55,Property,14.63251531,121.0449481,Angle Impact
None,EDSA,None,None,"Unknown, Hit and Run (No Collision Stated), 0.0 drivers_injured, 0.0 drivers_killed, 0.0 passengers_injured, 0.0 passengers_killed, 0.0 pedestrian_injured, 0.0 pedestrian_killed, Dry, EDSA SM North-Annex Quezon City",MMDA Road Safety Unit,,552726d6-3a81-4c8b-b1b3-fdef3ccaa1dd,2008-06-25,23:30:00,EDSA Congressional Road Quezon City,0,0,0,0,0,0,0,0,0,0,2008-06-26 7:30,Property,14.65645143,121.0271077,No Collision Stated
None,EDSA,None,None,"Human Error, Hit and Run (No Collision Stated), 0.0 drivers_injured, 0.0 drivers_killed, 0.0 passengers_injured, 0.0 passengers_killed, 0.0 pedestrian_injured, 0.0 pedestrian_killed, Dry, EDSA fronting QCPD Station  Quezon City",MMDA Road Safety Unit,,b2fbb401-5700-4c98-97a0-7036f1a5c695,2008-06-24,23:15:00,EDSA SM City Annex Quezon City,0,0,0,0,0,0,0,0,0,0,2008-06-25 7:15,Property,14.6289357,121.0466168,No Collision Stated
None,EDSA,None,None,"Human Error, Angle Impact, 0.0 drivers_injured, 0.0 drivers_killed, 0.0 passengers_injured, 0.0 passengers_killed, 0.0 pedestrian_injured, 0.0 pedestrian_killed, Dry, EDSA Aurora Blvd Quezon City",MMDA Road Safety Unit,,edd4e28f-2095-4b70-8fc1-2d3eec5c758e,2008-06-21,05:00:00,EDSA fronting INC Church Quezon City,0,0,0,0,0,0,0,0,0,0,2008-06-21 13:00,Property,14.62157395,121.0501099,Angle Impact
None,EDSA,None,None,"Human Error, Side Swipe, 0.0 drivers_injured, 0.0 drivers_killed, 0.0 passengers_injured, 0.0 passengers_killed, 0.0 pedestrian_injured, 0.0 pedestrian_killed, Dry, EDSA  fronting Q-Mart Quezon City",MMDA Road Safety Unit,,0c166355-e17b-482a-a728-0896f56b7eb6,2008-06-21,01:10:00,EDSA Congressional Road Quezon City,0,0,0,0,0,0,0,0,0,0,2008-06-21 9:10,Property,14.62791895,121.0473036,Side Swipe
None,EDSA,None,None,"Human Error, Angle Impact, 0.0 drivers_injured, 0.0 drivers_killed, 0.0 passengers_injured, 0.0 passengers_killed, 0.0 pedestrian_injured, 0.0 pedestrian_killed, Dry, EDSA Congressional Ave. Quezon City",MMDA Road Safety Unit,,8adadc41-56f7-4acd-86e7-2fe3c76e03f9,2008-06-20,02:10:00,EDSA MRT North  Quezon City,0,0,0,0,0,0,0,0,0,0,2008-06-20 10:10,Property,14.65771436,121.019788,Angle Impact
None,EDSA,None,None,"Human Error, Angle Impact, 0.0 drivers_injured, 0.0 drivers_killed, 0.0 passengers_injured, 0.0 passengers_killed, 0.0 pedestrian_injured, 0.0 pedestrian_killed, Dry, EDSA Kamias Road Quezon City",MMDA Road Safety Unit,,beed28c0-a081-4039-9e60-657d078711e0,2008-06-19,22:20:00,EDSA Seminary Road Quezon City,0,0,0,0,0,0,0,0,0,0,2008-06-20 6:20,Property,14.63079588,121.045972,Angle Impact
None,EDSA,None,None,"Human Error, Rear-end, 0.0 drivers_injured, 0.0 drivers_killed, 0.0 passengers_injured, 0.0 passengers_killed, 0.0 pedestrian_injured, 0.0 pedestrian_killed, Dry, EDSA fronting Nepa Q-Mart Quezon City",MMDA Road Safety Unit,,e4823fff-a41c-46f5-9933-3822bead1a2d,2008-06-19,19:40:00,EDSA SM City North Quezon City,0,0,0,0,0,0,0,0,0,0,2008-06-20 3:40,Property,14.6278384,121.0473171,Rear-End
None,EDSA,None,None,"Human Error, Angle Impact, 0.0 drivers_injured, 0.0 drivers_killed, 0.0 passengers_injured, 0.0 passengers_killed, 0.0 pedestrian_injured, 0.0 pedestrian_killed, Dry, EDSA Congressional Ave. Quezon City",MMDA Road Safety Unit,,5155b8e5-de99-4283-b8ba-5e780bf5fe8f,2008-06-18,23:30:00,EDSA P. Tuazon Blvd. Quezon City,0,0,0,0,0,0,0,0,0,0,2008-06-19 7:30,Property,14.65771436,121.019788,Angle Impact
None,EDSA,None,None,"Human Error, Angle Impact, 0.0 drivers_injured, 0.0 drivers_killed, 0.0 passengers_injured, 0.0 passengers_killed, 0.0 pedestrian_injured, 0.0 pedestrian_killed, Dry, EDSA Congressional Ave. Quezon City",MMDA Road Safety Unit,,d91019ae-4976-45ee-95c1-5bec7540d59c,2008-06-18,22:20:00,EDSA fronting INC Church Quezon City,0,0,0,0,0,0,0,0,0,0,2008-06-19 6:20,Property,14.65771436,121.019788,Angle Impact
None,EDSA,None,None,"Human Error, Angle Impact, 0.0 drivers_injured, 0.0 drivers_killed, 0.0 passengers_injured, 0.0 passengers_killed, 0.0 pedestrian_injured, 0.0 pedestrian_killed, Dry, EDSA Aurora Blvd. Quezon City",MMDA Road Safety Unit,,bc652b8d-94a0-464c-9168-411784edb63a,2008-06-18,06:40:00,EDSA Corregidor St. Quezon City,0,0,0,0,0,0,0,0,0,0,2008-06-18 14:40,Property,14.62157395,121.0501099,Angle Impact
None,EDSA,None,None,"Human Error, Angle Impact, 0.0 drivers_injured, 0.0 drivers_killed, 0.0 passengers_injured, 0.0 passengers_killed, 0.0 pedestrian_injured, 0.0 pedestrian_killed, Dry, EDSA North Ave. Quezon City",MMDA Road Safety Unit,,6c3431fd-74ea-4121-ab30-03347c867269,2008-06-17,13:30:00,EDSA Kamuning Road Quezon City,0,0,0,0,0,0,0,0,0,0,2008-06-17 21:30,Property,14.6556177,121.0302221,Angle Impact
None,EDSA,None,None,"Human Error, Hit and Run (No Collision Stated), 0.0 drivers_injured, 0.0 drivers_killed, 0.0 passengers_injured, 0.0 passengers_killed, 0.0 pedestrian_injured, 0.0 pedestrian_killed, Dry, EDSA North Ave. Quezon City",MMDA Road Safety Unit,,5d24920f-52b0-46db-9dc8-62edf01b89ad,2008-06-17,12:00:00,EDSA Royal Quezon City,0,0,0,0,0,0,0,0,0,0,2008-06-17 20:00,Property,14.6556177,121.0302221,No Collision Stated
None,EDSA,None,None,"Human Error, Side Swipe, 1.0 drivers_injured, 0.0 drivers_killed, 0.0 passengers_injured, 0.0 passengers_killed, 0.0 pedestrian_injured, 0.0 pedestrian_killed, Dry, EDSA Gani Road, Brgy. Bahay Toro Quezon City",MMDA Road Safety Unit,,2dcfe9d2-681a-4b6e-bf2f-a6732053fcbf,2008-06-17,00:20:00,EDSA fronting INC Church Quezon City,0,0,0,1,0,0,0,0,0,1,2008-06-17 8:20,Injury,14.65776122,121.0174636,Side Swipe
None,EDSA,None,None,"Human Error, Side Swipe, 1.0 drivers_injured, 0.0 drivers_killed, 0.0 passengers_injured, 0.0 passengers_killed, 0.0 pedestrian_injured, 0.0 pedestrian_killed, Dry, EDSA near corner Congressional Ave. Quezon City",MMDA Road Safety Unit,,94f8267a-9f13-46f9-a599-8ed703d09bd2,2008-06-15,00:10:00,EDSA SM City North Annex Quezon City,0,0,0,1,0,0,0,0,0,1,2008-06-15 8:10,Injury,14.65769895,121.0197287,Side Swipe
None,EDSA,None,None,"Human Error, Angle Impact, 0.0 drivers_injured, 0.0 drivers_killed, 0.0 passengers_injured, 0.0 passengers_killed, 0.0 pedestrian_injured, 0.0 pedestrian_killed, Dry, EDSA Aurora Blvd. Quezon City",MMDA Road Safety Unit,,a79723a6-2f9b-4c5d-8c30-43d65c05b891,2008-06-13,15:00:00,EDSA Roosevelt Ave. Quezon City,0,0,0,0,0,0,0,0,0,0,2008-06-13 23:00,Property,14.62157395,121.0501099,Angle Impact
None,EDSA,None,None,"Human Error, Angle Impact, 0.0 drivers_injured, 0.0 drivers_killed, 0.0 passengers_injured, 0.0 passengers_killed, 0.0 pedestrian_injured, 0.0 pedestrian_killed, Dry, EDSA Congressional Ave. Brgy. R. Magsaysay  Quezon City",MMDA Road Safety Unit,,7036b1bb-3665-433e-80b3-53bb4b96ab1a,2008-06-07,05:00:00,EDSA K- 10th St. Quezon City,0,0,0,0,0,0,0,0,0,0,2008-06-07 13:00,Property,14.65770646,121.0196601,Angle Impact
None,EDSA,None,None,"Other, Hit object (No Object Stated), 0.0 drivers_injured, 0.0 drivers_killed, 0.0 passengers_injured, 0.0 passengers_killed, 0.0 pedestrian_injured, 0.0 pedestrian_killed, Dry, EDSA at ""U""turn slot / near Mapagmahal St. Quezon City",MMDA Road Safety Unit,,20cfd333-0850-4454-a38c-6d70781f99ce,2008-06-06,23:15:00,EDSA Oliveros Drive Quezon City,0,0,0,0,0,0,0,0,0,0,2008-06-07 7:15,Property,14.63195996,121.0453304,Hit Object
None,EDSA,None,None,"Human Error, Angle Impact, 0.0 drivers_injured, 0.0 drivers_killed, 0.0 passengers_injured, 0.0 passengers_killed, 0.0 pedestrian_injured, 0.0 pedestrian_killed, Dry, EDSA East Ave. Quezon City",MMDA Road Safety Unit,,cc9ecc8d-3d37-47b7-99f3-313bc1597499,2008-06-06,13:05:00,EDSA Oliveros Drive Quezon City,0,0,0,0,0,0,0,0,0,0,2008-06-06 21:05,Property,14.63307121,121.0448661,Angle Impact
None,EDSA,None,None,"Human Error, Angle Impact, 0.0 drivers_injured, 0.0 drivers_killed, 1.0 passengers_injured, 0.0 passengers_killed, 0.0 pedestrian_injured, 0.0 pedestrian_killed, Dry, EDSA West Ave. Quezon City",MMDA Road Safety Unit,,1ebe158e-f0f9-4969-baef-040594ca4951,2008-06-06,08:10:00,EDSA Roosevelt Ave. Quezon City,0,0,0,0,1,0,0,0,0,1,2008-06-06 16:10,Injury,14.65563083,121.0297358,Angle Impact
None,EDSA,None,None,"Human Error, Hit and Run (No Collision Stated), 0.0 drivers_injured, 0.0 drivers_killed, 0.0 passengers_injured, 0.0 passengers_killed, 0.0 pedestrian_injured, 0.0 pedestrian_killed, Dry, EDSA fronting Lemon Square Quezon City",MMDA Road Safety Unit,,3fe10667-6ada-4e7f-a532-f054c017abea,2008-06-06,02:30:00,EDSA Quezon Ave. Quezon City,0,0,0,0,0,0,0,0,0,0,2008-06-06 10:30,Property,14.65747728,121.0174189,No Collision Stated
None,EDSA,None,None,"Human Error, Angle Impact, 0.0 drivers_injured, 0.0 drivers_killed, 0.0 passengers_injured, 0.0 passengers_killed, 0.0 pedestrian_injured, 0.0 pedestrian_killed, Dry, EDSA Aurora Blvd. Quezon City",MMDA Road Safety Unit,,119b852d-a537-4882-9eec-029c7ecd12bd,2008-06-05,00:30:00,EDSA New York St. Quezon City,0,0,0,0,0,0,0,0,0,0,2008-06-05 8:30,Property,14.62157395,121.0501099,Angle Impact
None,EDSA,None,None,"Human Error, Angle Impact, 0.0 drivers_injured, 0.0 drivers_killed, 0.0 passengers_injured, 0.0 passengers_killed, 0.0 pedestrian_injured, 0.0 pedestrian_killed, Dry, EDSA Roosevelt Ave Quezon City",MMDA Road Safety Unit,,ad3cb526-4c3e-4fae-a504-7fa900150b6d,2008-05-24,06:30:00,EDSA Roosevelt Ave. Quezon City,0,0,0,0,0,0,0,0,0,0,2008-05-24 14:30,Property,14.6574918,121.0195449,Angle Impact
None,EDSA,None,None,"Human Error, Rear-end, 0.0 drivers_injured, 0.0 drivers_killed, 0.0 passengers_injured, 0.0 passengers_killed, 0.0 pedestrian_injured, 0.0 pedestrian_killed, Dry, EDSA Walter Mart, Brgy. San Antonio Quezon City",MMDA Road Safety Unit,,5369159d-b5b9-4b37-98d0-39c1dcfbd107,2008-05-23,05:00:00,EDSA Corregidor St. Quezon City,0,0,0,0,0,0,0,0,0,0,2008-05-23 13:00,Property,14.6574558,121.0213579,Rear-End
None,EDSA,None,None,"Human Error, Angle Impact, 0.0 drivers_injured, 0.0 drivers_killed, 0.0 passengers_injured, 0.0 passengers_killed, 0.0 pedestrian_injured, 0.0 pedestrian_killed, Dry, EDSA Aurora Blvd. Quezon City",MMDA Road Safety Unit,,837c76ef-2715-4ea8-93b4-568f1851ebbb,2008-05-20,11:35:00,EDSA Royal Quezon City,0,0,0,0,0,0,0,0,0,0,2008-05-20 19:35,Property,14.62157395,121.0501099,Angle Impact
None,EDSA,None,None,"Human Error, Angle Impact, 0.0 drivers_injured, 0.0 drivers_killed, 0.0 passengers_injured, 0.0 passengers_killed, 0.0 pedestrian_injured, 0.0 pedestrian_killed, Dry, EDSA Aurora Blvd. Quezon City",MMDA Road Safety Unit,,959e747e-ab7f-482c-ada5-aac10a5c8353,2008-05-20,09:35:00,EDSA Congressional Road Quezon City,0,0,0,0,0,0,0,0,0,0,2008-05-20 17:35,Property,14.62157395,121.0501099,Angle Impact
None,EDSA,None,None,"Human Error, Angle Impact, 0.0 drivers_injured, 0.0 drivers_killed, 0.0 passengers_injured, 0.0 passengers_killed, 0.0 pedestrian_injured, 0.0 pedestrian_killed, Dry, EDSA Seminary Road Quezon City",MMDA Road Safety Unit,,925f3de3-a101-4934-859f-a7e7f702160e,2008-05-19,22:20:00,EDSA Congressional Road Quezon City,0,0,0,0,0,0,0,0,0,0,2008-05-20 6:20,Property,14.65766822,121.0175051,Angle Impact
None,EDSA,None,None,"Human Error, Rear-end, 0.0 drivers_injured, 0.0 drivers_killed, 0.0 passengers_injured, 0.0 passengers_killed, 0.0 pedestrian_injured, 0.0 pedestrian_killed, Dry, EDSA Ortigas Ave. fronting Edsa Shrine Quezon City",MMDA Road Safety Unit,,af5b67e2-7847-4a78-bbed-3f2eae4fc521,2008-05-18,23:30:00,EDSA Kaingin St. Quezon City,0,0,0,0,0,0,0,0,0,0,2008-05-19 7:30,Property,14.59275486,121.0584221,Rear-End
None,EDSA,None,None,"Human Error, Angle Impact, 0.0 drivers_injured, 0.0 drivers_killed, 1.0 passengers_injured, 0.0 passengers_killed, 0.0 pedestrian_injured, 0.0 pedestrian_killed, Dry, EDSA Aurora Blvd. Quezon City",MMDA Road Safety Unit,,da77b527-d6e0-4427-b63f-156c24f93cc7,2008-05-18,20:15:00,EDSA fronting Jollibee near cor. Roosevelt Ave. Quezon City,0,0,0,0,1,0,0,0,0,1,2008-05-19 4:15,Injury,14.62157395,121.0501099,Angle Impact
None,EDSA,None,None,"Human Error, Hit and Run (No Collision Stated), 0.0 drivers_injured, 0.0 drivers_killed, 0.0 passengers_injured, 0.0 passengers_killed, 0.0 pedestrian_injured, 0.0 pedestrian_killed, Dry, EDSA Ermin Garcia St. Quezon City",MMDA Road Safety Unit,,3ca463ba-a7b8-4790-9b12-272c5dd601c2,2008-05-15,12:30:00,EDSA Kamuning Road Quezon City,0,0,0,0,0,0,0,0,0,0,2008-05-15 20:30,Property,14.62801892,121.0469556,No Collision Stated
None,EDSA,None,None,"Human Error, Angle Impact, 0.0 drivers_injured, 0.0 drivers_killed, 0.0 passengers_injured, 0.0 passengers_killed, 0.0 pedestrian_injured, 0.0 pedestrian_killed, Dry, EDSA Congressional Ave. Quezon City",MMDA Road Safety Unit,,bbcb7920-b48e-4398-8476-4e99f6bd417f,2008-05-08,23:05:00,EDSA fronting 7-11 Store near cor. Quezon Ave. Quezon City,0,0,0,0,0,0,0,0,0,0,2008-05-09 7:05,Property,14.65771436,121.019788,Angle Impact
None,EDSA,None,None,"Unknown, Hit object (No Object Stated), 0.0 drivers_injured, 0.0 drivers_killed, 0.0 passengers_injured, 0.0 passengers_killed, 0.0 pedestrian_injured, 0.0 pedestrian_killed, Dry, EDSA near Col. Bonny Serrano Ave. Quezon City",MMDA Road Safety Unit,,48a98551-a278-410b-bed5-eb33eb377028,2008-05-08,13:00:00, EDSA near Aurora Blvd. Quezon City,0,0,0,0,0,0,0,0,0,0,2008-05-08 21:00,Property,14.61103786,121.0551125,Hit Object
None,EDSA,None,None,"Human Error, Angle Impact, 0.0 drivers_injured, 0.0 drivers_killed, 0.0 passengers_injured, 0.0 passengers_killed, 0.0 pedestrian_injured, 0.0 pedestrian_killed, Dry, EDSA West Ave. Brgy.  Philam Quezon City",MMDA Road Safety Unit,,000b80d8-b59f-446a-878b-8a46a19a61f5,2008-05-08,12:30:00,EDSA fronting Nissan Shaw Room Quezon City,0,0,0,0,0,0,0,0,0,0,2008-05-08 20:30,Property,14.65560731,121.0294409,Angle Impact
None,EDSA,None,None,"Other, Hit and Run (No Collision Stated), 0.0 drivers_injured, 0.0 drivers_killed, 0.0 passengers_injured, 0.0 passengers_killed, 0.0 pedestrian_injured, 0.0 pedestrian_killed, Dry, EDSA Arayat St Quezon City",MMDA Road Safety Unit,,c797ece9-90db-4148-9a00-fe6c78d46e79,2008-05-08,03:30:00,EDSA Aurora Blvd. Quezon City,0,0,0,0,0,0,0,0,0,0,2008-05-08 11:30,Property,14.61961124,121.0508602,No Collision Stated
None,EDSA,None,None,"Human Error, Angle Impact, 0.0 drivers_injured, 0.0 drivers_killed, 0.0 passengers_injured, 0.0 passengers_killed, 0.0 pedestrian_injured, 0.0 pedestrian_killed, Dry, EDSA Kamias / Kamuning Road Quezon City",MMDA Road Safety Unit,,92a5480b-3d8d-48cc-a7c1-3be04e3a2a07,2008-05-06,21:25:00,EDSA Ermin Garcia St. Quezon City,0,0,0,0,0,0,0,0,0,0,2008-05-07 5:25,Property,14.63079588,121.045972,Angle Impact
None,EDSA,None,None,"Human Error, Side Swipe, 0.0 drivers_injured, 0.0 drivers_killed, 0.0 passengers_injured, 0.0 passengers_killed, 0.0 pedestrian_injured, 0.0 pedestrian_killed, Dry, EDSA near New York Quezon City",MMDA Road Safety Unit,,10845b57-6a22-4fdc-9c34-632cc9cb6466,2008-04-30,07:00:00,EDSA near B. Serrano Ave. Quezon City,0,0,0,0,0,0,0,0,0,0,2008-04-30 15:00,Property,14.62520413,121.0486094,Side Swipe
None,EDSA,None,None,"Human Error, Angle Impact, 0.0 drivers_injured, 0.0 drivers_killed, 0.0 passengers_injured, 0.0 passengers_killed, 0.0 pedestrian_injured, 0.0 pedestrian_killed, Dry, EDSA Timog Ave. Quezon City",MMDA Road Safety Unit,,4c452480-4001-4c74-9915-6a6cae7ae150,2008-04-28,00:15:00,EDSA Cloverleaf interchange Balintawak Quezon City,0,0,0,0,0,0,0,0,0,0,2008-04-28 8:15,Property,14.63251531,121.0449481,Angle Impact
None,EDSA,None,None,"Human Error, Angle Impact, 0.0 drivers_injured, 0.0 drivers_killed, 0.0 passengers_injured, 0.0 passengers_killed, 0.0 pedestrian_injured, 0.0 pedestrian_killed, Dry, EDSA Timog Ave. Quezon City",MMDA Road Safety Unit,,445180b3-d3f4-4934-914b-6f255b8da5df,2008-04-24,08:40:00,EDSA fronting Farmers Plaza Quezon City,0,0,0,0,0,0,0,0,0,0,2008-04-24 16:40,Property,14.63251531,121.0449481,Angle Impact
None,EDSA,None,None,"Human Error, Rear-end, 0.0 drivers_injured, 0.0 drivers_killed, 1.0 passengers_injured, 0.0 passengers_killed, 0.0 pedestrian_injured, 0.0 pedestrian_killed, Dry, EDSA near Kamias Road Quezon City",MMDA Road Safety Unit,,00d47f59-1c31-4fb4-9a07-06625a0a063c,2008-04-21,08:15:00,EDSA OP/UP Balintawak Quezon City,0,0,0,0,1,0,0,0,0,1,2008-04-21 16:15,Injury,14.63085309,121.0457785,Rear-End
None,EDSA,None,None,"Human Error, Angle Impact, 0.0 drivers_injured, 0.0 drivers_killed, 2.0 passengers_injured, 0.0 passengers_killed, 0.0 pedestrian_injured, 0.0 pedestrian_killed, Dry, EDSA Kamuning Road / Kamias Road Quezon City",MMDA Road Safety Unit,,48090920-b039-43e2-8b0b-14bf3003018d,2008-04-20,23:05:00,EDSA Kamuning Road Quezon City,0,0,0,0,2,0,0,0,0,2,2008-04-21 7:05,Injury,14.6306557,121.045754,Angle Impact
None,EDSA,None,None,"Human Error, Hit and Run (No Collision Stated), 0.0 drivers_injured, 0.0 drivers_killed, 0.0 passengers_injured, 0.0 passengers_killed, 0.0 pedestrian_injured, 0.0 pedestrian_killed, Dry, EDSA North Ave. Quezon City",MMDA Road Safety Unit,,ee3304bf-f24c-4bb1-bd4f-1a5e05b1f1e9,2008-04-20,22:00:00,EDSA Congressional Ave. Quezon City,0,0,0,0,0,0,0,0,0,0,2008-04-21 6:00,Property,14.6556177,121.0302221,No Collision Stated