LOCATION_TEXT,ROAD,WEATHER,LIGHT,DESC,REPORTING_AGENCY,MAIN_CAUSE,INCIDENTDETAILS_ID,DATE_UTC,TIME_UTC,ADDRESS,killed_driver,killed_passenger,killed_pedestrian,injured_driver,injured_passenger,injured_pedestrian,killed_uncategorized,injured_uncategorized,killed_total,injured_total,DATETIME_PST,SEVERITY,Y,X,COLLISION_TYPE
None,EDSA,None,None,"Human Error, Rear-end, 0.0 drivers_injured, 0.0 drivers_killed, 0.0 passengers_injured, 0.0 passengers_killed, 0.0 pedestrian_injured, 0.0 pedestrian_killed, Dry, EDSA fronting Baliwag transit Bus Terminal Quezon City",MMDA Road Safety Unit,,f01d845e-276e-4aff-9ff0-3f93e74e6a10,2008-04-18,15:25:00,"EDSA Corregidor St., Bago Bantay Quezon City",0,0,0,0,0,0,0,0,0,0,2008-04-18 23:25,Property,14.62511716,121.0486001,Rear-End
None,EDSA,None,None,"Unknown, Side Swipe, 0.0 drivers_injured, 0.0 drivers_killed, 0.0 passengers_injured, 0.0 passengers_killed, 0.0 pedestrian_injured, 0.0 pedestrian_killed, Dry, EDSA at ""U"" turn slot, Santolan Quezon City",MMDA Road Safety Unit,,4e1a3b6a-9f3b-4e39-b3c3-02eb349decc5,2008-04-18,08:20:00,EDSA Greenwich Roosevelt Ave. Quezon City,0,0,0,0,0,0,0,0,0,0,2008-04-18 16:20,Property,14.61057056,121.0552738,Side Swipe
None,EDSA,None,None,"Human Error, Angle Impact, 0.0 drivers_injured, 0.0 drivers_killed, 0.0 passengers_injured, 0.0 passengers_killed, 0.0 pedestrian_injured, 0.0 pedestrian_killed, Dry, EDSA Aurora Blvd. Quezon City",MMDA Road Safety Unit,,84a32b42-16bf-40e1-ab5d-bb00bdc36765,2008-04-18,05:45:00,EDSA OP/UP Balintawak Quezon City,0,0,0,0,0,0,0,0,0,0,2008-04-18 13:45,Property,14.62157395,121.0501099,Angle Impact
None,EDSA,None,None,"Human Error, Angle Impact, 0.0 drivers_injured, 0.0 drivers_killed, 0.0 passengers_injured, 0.0 passengers_killed, 0.0 pedestrian_injured, 0.0 pedestrian_killed, Dry, EDSA Ortigas Intersection  Quezon City",MMDA Road Safety Unit,,a6d14c2e-3757-4b90-a324-9546c0e1be26,2008-04-18,00:30:00,EDSA Quezon Ave. Quezon City,0,0,0,0,0,0,0,0,0,0,2008-04-18 8:30,Property,14.59311785,121.0586027,Angle Impact
None,EDSA,None,None,"Human Error, Hit parked vehicle, 0.0 drivers_injured, 0.0 drivers_killed, 0.0 passengers_injured, 0.0 passengers_killed, 0.0 pedestrian_injured, 0.0 pedestrian_killed, Dry, EDSA Francisco Gold Condo Parking Area Quezon City",MMDA Road Safety Unit,,e6048762-38be-482f-adb9-d5f0680aa782,2008-04-17,03:30:00,EDSA Meralco bldg. Roosevelt Ave. Quezon City,0,0,0,0,0,0,0,0,0,0,2008-04-17 11:30,Property,14.59562095,121.0591443,Hit Object
None,EDSA,None,None,"Human Error, Angle Impact, 0.0 drivers_injured, 0.0 drivers_killed, 0.0 passengers_injured, 0.0 passengers_killed, 0.0 pedestrian_injured, 0.0 pedestrian_killed, Dry, EDSA Aurora Blvd. Quezon City",MMDA Road Safety Unit,,51b4c8cb-8a5d-4bb3-905d-498d5079994b,2008-04-17,02:45:00,EDSA Balintawak Cloverleag Interchange Quezon City,0,0,0,0,0,0,0,0,0,0,2008-04-17 10:45,Property,14.62157395,121.0501099,Angle Impact
None,EDSA,None,None,"Human Error, Side Swipe, 0.0 drivers_injured, 0.0 drivers_killed, 0.0 passengers_injured, 0.0 passengers_killed, 0.0 pedestrian_injured, 0.0 pedestrian_killed, Dry, EDSA fronting QCPD Stn. 10 Quezon City",MMDA Road Safety Unit,,4fc301ff-fbcf-4bd7-84bb-280c00a1e65a,2008-04-16,02:45:00,EDSA OP/UP Balintawak Quezon City,0,0,0,0,0,0,0,0,0,0,2008-04-16 10:45,Property,14.62986337,121.0460819,Side Swipe
None,EDSA,None,None,"Human Error, Angle Impact, 0.0 drivers_injured, 0.0 drivers_killed, 0.0 passengers_injured, 0.0 passengers_killed, 0.0 pedestrian_injured, 0.0 pedestrian_killed, Dry, EDSA Aurora Blvd. Quezon City",MMDA Road Safety Unit,,3bf33ed8-8b8e-4ecf-966e-f674f671b482,2008-04-13,04:45:00,EDSA Kaingin Road Quezon City,0,0,0,0,0,0,0,0,0,0,2008-04-13 12:45,Property,14.62157395,121.0501099,Angle Impact
None,EDSA,None,None,"Human Error, Angle Impact, 0.0 drivers_injured, 0.0 drivers_killed, 0.0 passengers_injured, 0.0 passengers_killed, 0.0 pedestrian_injured, 0.0 pedestrian_killed, Dry, EDSA Aurora Blvd. Quezon City",MMDA Road Safety Unit,,b71270ba-c3c7-438b-9f97-0f48df325405,2008-04-12,23:00:00,EDSA OP/UP Balintawak Quezon City,0,0,0,0,0,0,0,0,0,0,2008-04-13 7:00,Property,14.62157395,121.0501099,Angle Impact
None,EDSA,None,None,"Human Error, Hit object (No Object Stated), 0.0 drivers_injured, 0.0 drivers_killed, 0.0 passengers_injured, 0.0 passengers_killed, 0.0 pedestrian_injured, 0.0 pedestrian_killed, Dry, EDSA at ""U"" turn slot, Mapagmahal St. Quezon City",MMDA Road Safety Unit,,2c2ed14d-4d05-49e7-abf8-c81b8bb149a6,2008-04-11,15:30:00,EDSA Congressional Ave. Quezon City,0,0,0,0,0,0,0,0,0,0,2008-04-11 23:30,Property,14.63185311,121.04548,Hit Object
None,EDSA,None,None,"Human Error, Side Swipe, 0.0 drivers_injured, 0.0 drivers_killed, 0.0 passengers_injured, 0.0 passengers_killed, 0.0 pedestrian_injured, 0.0 pedestrian_killed, Dry, EDSA near Aurora Blvd. Quezon City",MMDA Road Safety Unit,,69691e6f-913e-4611-92e4-528b5482c675,2008-04-10,02:40:00,EDSA fronting SM Annex Quezon City,0,0,0,0,0,0,0,0,0,0,2008-04-10 10:40,Property,14.62155994,121.0501481,Side Swipe
None,EDSA,None,None,"Human Error, Angle Impact, 0.0 drivers_injured, 0.0 drivers_killed, 0.0 passengers_injured, 0.0 passengers_killed, 0.0 pedestrian_injured, 0.0 pedestrian_killed, Dry, EDSA P. Tuazon Blvd. Quezon City",MMDA Road Safety Unit,,beda6dd8-9ef4-40cd-b18a-c2184cd21412,2008-04-10,01:20:00,EDSA OP/UP Balintawak Quezon City,0,0,0,0,0,0,0,0,0,0,2008-04-10 9:20,Property,14.61640615,121.0524148,Angle Impact
None,EDSA,None,None,"Human Error, Side Swipe, 0.0 drivers_injured, 0.0 drivers_killed, 0.0 passengers_injured, 0.0 passengers_killed, 0.0 pedestrian_injured, 0.0 pedestrian_killed, Dry, EDSA near Quezon Ave. Quezon City",MMDA Road Safety Unit,,26b69748-a23e-43b6-ae59-54d6a63111b6,2008-04-08,13:15:00,EDSA fronting Balintawak Market Quezon City,0,0,0,0,0,0,0,0,0,0,2008-04-08 21:15,Property,14.64405435,121.0375943,Side Swipe
None,EDSA,None,None,"Human Error, Angle Impact, 0.0 drivers_injured, 0.0 drivers_killed, 0.0 passengers_injured, 0.0 passengers_killed, 0.0 pedestrian_injured, 0.0 pedestrian_killed, Dry, EDSA Timog Ave. Quezon City",MMDA Road Safety Unit,,d5df86f0-2585-4aef-ac5f-10327fca7110,2008-04-08,00:45:00,EDSA fronting Oriental Market Quezon City,0,0,0,0,0,0,0,0,0,0,2008-04-08 8:45,Property,14.63251531,121.0449481,Angle Impact
None,EDSA,None,None,"Human Error, Side Swipe, 0.0 drivers_injured, 0.0 drivers_killed, 0.0 passengers_injured, 0.0 passengers_killed, 0.0 pedestrian_injured, 0.0 pedestrian_killed, Dry, EDSA near Gen. Mc Arthur St. Quezon City",MMDA Road Safety Unit,,e9e20286-021b-4881-8f74-b0dc715d0d85,2008-04-07,10:20:00,EDSA before Aurora Blvd. Quezon City,0,0,0,0,0,0,0,0,0,0,2008-04-07 18:20,Property,14.61816623,121.0517619,Side Swipe
None,EDSA,None,None,"Human Error, Angle Impact, 0.0 drivers_injured, 0.0 drivers_killed, 0.0 passengers_injured, 0.0 passengers_killed, 0.0 pedestrian_injured, 0.0 pedestrian_killed, Dry, EDSA Aurora Blvd. Quezon City",MMDA Road Safety Unit,,b9a06a82-6718-4909-b6bf-ea3dcc018b6e,2008-04-05,23:00:00,EDSA fronting Oriental Market Quezon City,0,0,0,0,0,0,0,0,0,0,2008-04-06 7:00,Property,14.62157395,121.0501099,Angle Impact
None,EDSA,None,None,"Human Error, Angle Impact, 0.0 drivers_injured, 0.0 drivers_killed, 0.0 passengers_injured, 0.0 passengers_killed, 0.0 pedestrian_injured, 0.0 pedestrian_killed, Dry, EDSA Mapagmahal St. Quezon City",MMDA Road Safety Unit,,47d0244a-54a4-42c0-8086-e163762282dc,2008-04-04,04:15:00,EDSA Monte De Piedad Quezon City,0,0,0,0,0,0,0,0,0,0,2008-04-04 12:15,Property,14.63185311,121.04548,Angle Impact
None,EDSA,None,None,"Human Error, Side Swipe, 1.0 drivers_injured, 0.0 drivers_killed, 0.0 passengers_injured, 0.0 passengers_killed, 0.0 pedestrian_injured, 0.0 pedestrian_killed, Dry, EDSA fronting Corithian Garden Quezon City",MMDA Road Safety Unit,,6293df36-2f6e-4807-9bae-a6e5834b30ca,2008-03-31,11:25:00,EDSA Oliveros Drive Quezon City,0,0,0,1,0,0,0,0,0,1,2008-03-31 19:25,Injury,14.5956398,121.0594464,Side Swipe
None,EDSA,None,None,"Human Error, Angle Impact, 0.0 drivers_injured, 0.0 drivers_killed, 0.0 passengers_injured, 0.0 passengers_killed, 0.0 pedestrian_injured, 0.0 pedestrian_killed, Dry, EDSA P. Tuazon Blvd. Quezon City",MMDA Road Safety Unit,,7e0eb75e-5436-40f2-aa91-a894230adba5,2008-03-15,11:45:00,EDSA fronting Gan Compound Quezon City,0,0,0,0,0,0,0,0,0,0,2008-03-15 19:45,Property,14.61640615,121.0524148,Angle Impact
None,EDSA,None,None,"Human Error, Side Swipe, 0.0 drivers_injured, 0.0 drivers_killed, 0.0 passengers_injured, 0.0 passengers_killed, 0.0 pedestrian_injured, 0.0 pedestrian_killed, Dry, EDSA Panay Ave. Quezon City",MMDA Road Safety Unit,,228a210a-9cba-42ca-badc-fe0c40cd59e3,2008-03-15,02:30:00,"EDSA at ""U""turn slot near Go Soc & Son Bldg. Quezon City",0,0,0,0,0,0,0,0,0,0,2008-03-15 10:30,Property,14.64294686,121.0381076,Side Swipe
None,EDSA,None,None,"Human Error, Angle Impact, 0.0 drivers_injured, 0.0 drivers_killed, 0.0 passengers_injured, 0.0 passengers_killed, 0.0 pedestrian_injured, 0.0 pedestrian_killed, Dry, EDSA P. Tuazon Blvd. Quezon City",MMDA Road Safety Unit,,8447551a-4259-4fb4-84d5-1eb4b44b9a71,2008-03-12,06:30:00,EDSA near cor. Aurora Blvd. Quezon City,0,0,0,0,0,0,0,0,0,0,2008-03-12 14:30,Property,14.61640615,121.0524148,Angle Impact
None,EDSA,None,None,"Human Error, Angle Impact, 0.0 drivers_injured, 0.0 drivers_killed, 0.0 passengers_injured, 0.0 passengers_killed, 0.0 pedestrian_injured, 0.0 pedestrian_killed, Dry, EDSA Timog Ave. Quezon City",MMDA Road Safety Unit,,ca9add7a-e849-4d84-a844-a4128cb69980,2008-03-11,23:00:00,EDSA fronting Mc market Bal. Quezon City,0,0,0,0,0,0,0,0,0,0,2008-03-12 7:00,Property,14.63251531,121.0449481,Angle Impact
None,EDSA,None,None,"Human Error, Angle Impact, 0.0 drivers_injured, 0.0 drivers_killed, 0.0 passengers_injured, 0.0 passengers_killed, 0.0 pedestrian_injured, 0.0 pedestrian_killed, Dry, EDSA Timog Ave. Quezon City",MMDA Road Safety Unit,,15da50bc-ac21-44d5-8d2c-b27df024612a,2008-03-11,04:10:00,EDSA fronting Q-Mart Quezon City,0,0,0,0,0,0,0,0,0,0,2008-03-11 12:10,Property,14.63251531,121.0449481,Angle Impact
None,EDSA,None,None,"Human Error, Angle Impact, 0.0 drivers_injured, 0.0 drivers_killed, 0.0 passengers_injured, 0.0 passengers_killed, 0.0 pedestrian_injured, 0.0 pedestrian_killed, Dry, EDSA Kamias Road / Kamuning Road Quezon City",MMDA Road Safety Unit,,42df2ce2-8756-4a55-8f5a-680d58f6a04e,2008-03-08,08:45:00,EDSA Sct. Borromeo Quezon City,0,0,0,0,0,0,0,0,0,0,2008-03-08 16:45,Property,14.63079588,121.045972,Angle Impact
None,EDSA,None,None,"Human Error, Angle Impact, 0.0 drivers_injured, 0.0 drivers_killed, 0.0 passengers_injured, 0.0 passengers_killed, 0.0 pedestrian_injured, 0.0 pedestrian_killed, Dry, EDSA Kamuning Road Quezon City",MMDA Road Safety Unit,,c3011aa1-3637-4e18-b0e1-fffd4419065e,2008-03-02,13:30:00,EDSA Aurora Blvd. Quezon City,0,0,0,0,0,0,0,0,0,0,2008-03-02 21:30,Property,14.63072687,121.0457926,Angle Impact
None,EDSA,None,None,"Human Error, Side Swipe, 0.0 drivers_injured, 0.0 drivers_killed, 0.0 passengers_injured, 0.0 passengers_killed, 0.0 pedestrian_injured, 0.0 pedestrian_killed, Dry, EDSA fronting Baliwag Bus Terminal Quezon City",MMDA Road Safety Unit,,0e78f9c5-283e-4df7-a86d-ca1e1590f177,2008-02-29,08:30:00,"EDSA at ""U""turn slot, Brgy. South Triangle Quezon City",0,0,0,0,0,0,0,0,0,0,2008-02-29 16:30,Property,14.62497658,121.0487035,Side Swipe
None,EDSA,None,None,"Human Error, Angle Impact, 0.0 drivers_injured, 0.0 drivers_killed, 0.0 passengers_injured, 0.0 passengers_killed, 0.0 pedestrian_injured, 0.0 pedestrian_killed, Dry, EDSA Kamias Road / Kamuning Road Quezon City",MMDA Road Safety Unit,,ab61b4f7-ada4-4d7d-a232-7bdee9960845,2008-02-26,23:15:00,"EDSA at ""U""turn slot Santolan Road Quezon City",0,0,0,0,0,0,0,0,0,0,2008-02-27 7:15,Property,14.63079588,121.045972,Angle Impact
None,EDSA,None,None,"Human Error, Side Swipe, 0.0 drivers_injured, 0.0 drivers_killed, 0.0 passengers_injured, 0.0 passengers_killed, 0.0 pedestrian_injured, 0.0 pedestrian_killed, Dry, EDSA fronting Five Star Bus Terminal Quezon City",MMDA Road Safety Unit,,71693510-a369-4920-87d4-64f38d40712f,2008-02-23,04:40:00,"EDSA at ""U""turn slot fronting INC Church Quezon City",0,0,0,0,0,0,0,0,0,0,2008-02-23 12:40,Property,14.62380284,121.0492837,Side Swipe
None,EDSA,None,None,"Human Error, Angle Impact, 0.0 drivers_injured, 0.0 drivers_killed, 0.0 passengers_injured, 0.0 passengers_killed, 0.0 pedestrian_injured, 0.0 pedestrian_killed, Dry, EDSA Aurora Blvd. Quezon City",MMDA Road Safety Unit,,6d7329c4-47cf-4af5-b9b6-50bae5d4ae03,2008-02-21,04:30:00,EDSA Congressional Road Quezon City,0,0,0,0,0,0,0,0,0,0,2008-02-21 12:30,Property,14.62157395,121.0501099,Angle Impact
None,EDSA,None,None,"Human Error, Angle Impact, 0.0 drivers_injured, 0.0 drivers_killed, 0.0 passengers_injured, 0.0 passengers_killed, 0.0 pedestrian_injured, 0.0 pedestrian_killed, Dry, EDSA Kamuning Road Quezon City",MMDA Road Safety Unit,,af1252cb-5c6b-4a27-a5f8-a34d81e6eea5,2008-02-19,12:15:00,"EDSA fronting MC Market, Balintawak Quezon City",0,0,0,0,0,0,0,0,0,0,2008-02-19 20:15,Property,14.63072687,121.0457926,Angle Impact
None,EDSA,None,None,"Human Error, Angle Impact, 0.0 drivers_injured, 0.0 drivers_killed, 0.0 passengers_injured, 0.0 passengers_killed, 0.0 pedestrian_injured, 0.0 pedestrian_killed, Dry, EDSA Aurora Blvd. Quezon City",MMDA Road Safety Unit,,fa26b927-bb5b-4212-877d-107ab4e2495d,2008-02-18,01:00:00,EDSA OP/UP Balintawak Quezon City,0,0,0,0,0,0,0,0,0,0,2008-02-18 9:00,Property,14.62157395,121.0501099,Angle Impact
None,EDSA,None,None,"Human Error, Angle Impact, 0.0 drivers_injured, 0.0 drivers_killed, 0.0 passengers_injured, 0.0 passengers_killed, 0.0 pedestrian_injured, 0.0 pedestrian_killed, Dry, EDSA Kamuning Road Quezon City",MMDA Road Safety Unit,,2de88546-9b68-4879-9ba4-f494d460978e,2008-02-11,04:40:00,"EDSA fronting Mercury Drugstore, Balintawak Quezon City",0,0,0,0,0,0,0,0,0,0,2008-02-11 12:40,Property,14.63072687,121.0457926,Angle Impact
None,EDSA,None,None,"Human Error, Side Swipe, 0.0 drivers_injured, 0.0 drivers_killed, 0.0 passengers_injured, 0.0 passengers_killed, 0.0 pedestrian_injured, 0.0 pedestrian_killed, Dry, EDSA fronting Station 10 Quezon City",MMDA Road Safety Unit,,95e7c1fe-c2a9-41c0-8950-2801575ef8e6,2008-02-11,02:00:00,EDSA Gami Road Quezon City,0,0,0,0,0,0,0,0,0,0,2008-02-11 10:00,Property,14.62983779,121.0461681,Side Swipe
None,EDSA,None,None,"Unknown, Hit parked vehicle, 0.0 drivers_injured, 0.0 drivers_killed, 0.0 passengers_injured, 0.0 passengers_killed, 0.0 pedestrian_injured, 0.0 pedestrian_killed, Dry, EDSA fronting Balintawak Market Quezon City",MMDA Road Safety Unit,,cd0a6342-2a16-4b76-8594-23f824a76e2c,2008-02-04,23:00:00,EDSA Corregidor St. Quezon City,0,0,0,0,0,0,0,0,0,0,2008-02-05 7:00,Property,14.65736198,121.00264,Hit Object
None,EDSA,None,None,"Human Error, Hit object (No Object Stated), 0.0 drivers_injured, 0.0 drivers_killed, 0.0 passengers_injured, 0.0 passengers_killed, 0.0 pedestrian_injured, 0.0 pedestrian_killed, Dry, EDSA Monte De Piedad St. Quezon City",MMDA Road Safety Unit,,18b48eda-7d13-4964-b4fa-0083a549c7e6,2008-01-30,02:20:00,EDSA Oliveros Drive Quezon City,0,0,0,0,0,0,0,0,0,0,2008-01-30 10:20,Property,14.6234564,121.0490799,Hit Object
None,EDSA,None,None,"Human Error, Angle Impact, 1.0 drivers_injured, 0.0 drivers_killed, 0.0 passengers_injured, 0.0 passengers_killed, 0.0 pedestrian_injured, 0.0 pedestrian_killed, Dry, EDSA Main Ave. Quezon City",MMDA Road Safety Unit,,33641299-1983-4386-8351-75900e925b42,2008-01-23,12:30:00,EDSA Oliveros Drive Quezon City,0,0,0,1,0,0,0,0,0,1,2008-01-23 20:30,Injury,14.6136766,121.0537684,Angle Impact
None,EDSA,None,None,"Unknown, Hit object (No Object Stated), 0.0 drivers_injured, 0.0 drivers_killed, 0.0 passengers_injured, 0.0 passengers_killed, 0.0 pedestrian_injured, 0.0 pedestrian_killed, Dry, EDSA Monte De Piedad St. Quezon City",MMDA Road Safety Unit,,10b58491-e57e-49ff-bf68-10f99cb12132,2008-01-18,04:05:00,EDSA Quezon Ave. Quezon City,0,0,0,0,0,0,0,0,0,0,2008-01-18 12:05,Property,14.62346937,121.0491711,Hit Object
None,EDSA,None,None,"Human Error, Hit and Run (No Collision Stated), 0.0 drivers_injured, 0.0 drivers_killed, 0.0 passengers_injured, 0.0 passengers_killed, 0.0 pedestrian_injured, 0.0 pedestrian_killed, Dry, EDSA P. Tuazon Blvd. Quezon City",MMDA Road Safety Unit,,207023b3-ba2d-41e9-a0b0-db488b526afb,2008-01-14,08:10:00,EDSA Cloverleaf Interchange Quezon City,0,0,0,0,0,0,0,0,0,0,2008-01-14 16:10,Property,14.61659945,121.052599,No Collision Stated
None,EDSA,None,None,"Unknown, Hit object (No Object Stated), 0.0 drivers_injured, 0.0 drivers_killed, 0.0 passengers_injured, 0.0 passengers_killed, 0.0 pedestrian_injured, 0.0 pedestrian_killed, Dry, EDSA at ""U"" turn slot, Mapagmahal St. Quezon City",MMDA Road Safety Unit,,a9b7e1e4-06ff-47c3-94f6-a4f5dcb312d8,2008-01-14,04:40:00,EDSA Kamuning Road Quezon City,0,0,0,0,0,0,0,0,0,0,2008-01-14 12:40,Property,14.63196362,121.045307,Hit Object
None,EDSA,None,None,"Human Error, Angle Impact, 0.0 drivers_injured, 0.0 drivers_killed, 0.0 passengers_injured, 0.0 passengers_killed, 0.0 pedestrian_injured, 0.0 pedestrian_killed, Dry, EDSA P. Tuazon Blvd. Quezon City",MMDA Road Safety Unit,,496860ec-22f5-4387-a0b4-b24340f630db,2008-01-06,04:35:00,EDSA fronting Lemon Square Compound Quezon City,0,0,0,0,0,0,0,0,0,0,2008-01-06 12:35,Property,14.61640615,121.0524148,Angle Impact
None,EDSA,None,None,"Unknown, Angle Impact, 0.0 drivers_injured, 0.0 drivers_killed, 0.0 passengers_injured, 0.0 passengers_killed, 0.0 pedestrian_injured, 0.0 pedestrian_killed, Dry, EDSA Aurora Blvd. Quezon City",MMDA Road Safety Unit,,0cc9999e-0b8c-4b7e-8990-fce3b8c2634b,2008-01-03,00:00:00,EDSA Oliveros Drive Quezon City,0,0,0,0,0,0,0,0,0,0,2008-01-03 8:00,Property,14.62163653,121.0501573,Angle Impact
None,EDSA,None,None,"Human Error, Angle Impact, 0.0 drivers_injured, 0.0 drivers_killed, 0.0 passengers_injured, 0.0 passengers_killed, 0.0 pedestrian_injured, 0.0 pedestrian_killed, Dry, EDSA P. Tuazon Blvd. Quezon City",MMDA Road Safety Unit,,64221dad-c129-4291-93f0-e9dc261273de,2007-12-25,13:15:00,EDSA before the cor. Of Seminary Road Quezon City,0,0,0,0,0,0,0,0,0,0,2007-12-25 21:15,Property,14.61640615,121.0524148,Angle Impact
None,EDSA,None,None,"Human Error, Side Swipe, 0.0 drivers_injured, 0.0 drivers_killed, 0.0 passengers_injured, 0.0 passengers_killed, 0.0 pedestrian_injured, 0.0 pedestrian_killed, Dry, EDSA near Ermin Garcia St. Quezon City",MMDA Road Safety Unit,,825b8559-485f-4955-a90f-62a790b53cd4,2007-12-25,06:35:00,EDSA fronting SM North Quezon City,0,0,0,0,0,0,0,0,0,0,2007-12-25 14:35,Property,14.62737546,121.0473588,Side Swipe
None,EDSA,None,None,"Unknown, Hit and Run (No Collision Stated), 0.0 drivers_injured, 0.0 drivers_killed, 0.0 passengers_injured, 0.0 passengers_killed, 0.0 pedestrian_injured, 0.0 pedestrian_killed, Dry, EDSA fronting Balintawak Market Quezon City",MMDA Road Safety Unit,,6186777f-b434-4ff1-b3ef-992c1ef53528,2007-12-24,01:00:00,EDSA fronting Balintawak Market Quezon City,0,0,0,0,0,0,0,0,0,0,2007-12-24 9:00,Property,14.65736198,121.00264,No Collision Stated
None,EDSA,None,None,"Human Error, Angle Impact, 0.0 drivers_injured, 0.0 drivers_killed, 0.0 passengers_injured, 0.0 passengers_killed, 0.0 pedestrian_injured, 0.0 pedestrian_killed, Dry, EDSA Aurora Blvd. Quezon City",MMDA Road Safety Unit,,aa31a285-6a6d-419c-88f7-90450d90e008,2007-12-14,10:15:00,EDSA Aurora Blvd. Quezon City,0,0,0,0,0,0,0,0,0,0,2007-12-14 18:15,Property,14.62157395,121.0501099,Angle Impact
None,EDSA,None,None,"Human Error, Side Swipe, 0.0 drivers_injured, 0.0 drivers_killed, 0.0 passengers_injured, 0.0 passengers_killed, 0.0 pedestrian_injured, 0.0 pedestrian_killed, Dry, EDSA bet. Gate 3 Camp Aguinaldo Quezon City",MMDA Road Safety Unit,,1491f85a-ab3c-483d-98f6-eabb8398591e,2007-12-14,06:00:00,"EDSA fronting NDR Market, Balintawak Quezon City",0,0,0,0,0,0,0,0,0,0,2007-12-14 14:00,Property,14.60804848,121.056477,Side Swipe
None,EDSA,None,None,"Unknown, Self-Accident, 0.0 drivers_injured, 0.0 drivers_killed, 0.0 passengers_injured, 0.0 passengers_killed, 0.0 pedestrian_injured, 0.0 pedestrian_killed, Dry, EDSA OP / UP, Balintawak Quezon City",MMDA Road Safety Unit,,47eb8029-8f9c-41d1-ab84-0d50dd50f1ef,2007-12-10,10:30:00,EDSA Balintawak Quezon City,0,0,0,0,0,0,0,0,0,0,2007-12-10 18:30,Property,14.65742949,121.0027781,Self-Accident
None,EDSA,None,None,"Human Error, Rear-end, 0.0 drivers_injured, 0.0 drivers_killed, 0.0 passengers_injured, 0.0 passengers_killed, 0.0 pedestrian_injured, 0.0 pedestrian_killed, Dry, EDSA Main Ave. Quezon City",MMDA Road Safety Unit,,5df62f36-6cf8-472c-8c1d-b66e719d0f99,2007-12-09,10:30:00,EDSA fronting SM Annex Quezon City,0,0,0,0,0,0,0,0,0,0,2007-12-09 18:30,Property,14.61376458,121.0537933,Rear-End
None,EDSA,None,None,"Human Error, Side Swipe, 0.0 drivers_injured, 0.0 drivers_killed, 0.0 passengers_injured, 0.0 passengers_killed, 0.0 pedestrian_injured, 0.0 pedestrian_killed, Dry, EDSA near P. Tuazon Blvd. Quezon City",MMDA Road Safety Unit,,877764e8-ba6b-4049-9ff7-50694a6c2726,2007-12-04,07:20:00,"EDSA fronting Shell Gas station, Oliveros Drive Quezon City",0,0,0,0,0,0,0,0,0,0,2007-12-04 15:20,Property,14.61653794,121.0523336,Side Swipe
None,EDSA,None,None,"Human Error, Side Swipe, 0.0 drivers_injured, 0.0 drivers_killed, 0.0 passengers_injured, 0.0 passengers_killed, 0.0 pedestrian_injured, 0.0 pedestrian_killed, Dry, EDSA Bernardo Park Quezon City",MMDA Road Safety Unit,,bdd3a536-9238-4305-9915-6614311a6b45,2007-11-30,17:30:00,EDSA Bansalangin St. Quezon City,0,0,0,0,0,0,0,0,0,0,2007-12-01 1:30,Property,14.62896149,121.046597,Side Swipe
None,EDSA,None,None,"Human Error, Hit object (Center Island-Concrete), 0.0 drivers_injured, 0.0 drivers_killed, 0.0 passengers_injured, 0.0 passengers_killed, 0.0 pedestrian_injured, 0.0 pedestrian_killed, Dry, EDSA Balintawak Bridge Quezon City",MMDA Road Safety Unit,,ea6d8f11-116e-47b7-bab0-88a5149fbd71,2007-11-29,15:00:00,EDSA SM North Annex Quezon City,0,0,0,0,0,0,0,0,0,0,2007-11-29 23:00,Property,14.65730054,121.0025991,Hit Object
None,EDSA,None,None,"Human Error, Side Swipe, 1.0 drivers_injured, 0.0 drivers_killed, 0.0 passengers_injured, 0.0 passengers_killed, 0.0 pedestrian_injured, 0.0 pedestrian_killed, Dry, EDSA Balintawak Market Quezon City",MMDA Road Safety Unit,,06abdfcf-6941-435e-9f96-71942e6ffadb,2007-11-28,11:10:00,EDSA Corregidor St. Quezon City,0,0,0,1,0,0,0,0,0,1,2007-11-28 19:10,Injury,14.65740947,121.0025737,Side Swipe
None,EDSA,None,None,"Human Error, Angle Impact, 0.0 drivers_injured, 0.0 drivers_killed, 0.0 passengers_injured, 0.0 passengers_killed, 0.0 pedestrian_injured, 0.0 pedestrian_killed, Dry, EDSA Aurora Blvd. Quezon City",MMDA Road Safety Unit,,ff7e8f5c-2b60-490b-b9d4-239f981c0a8a,2007-11-27,23:50:00,EDSA fronting Oriental market Quezon City,0,0,0,0,0,0,0,0,0,0,2007-11-28 7:50,Property,14.62157395,121.0501099,Angle Impact
None,EDSA,None,None,"Human Error, Angle Impact, 0.0 drivers_injured, 0.0 drivers_killed, 0.0 passengers_injured, 0.0 passengers_killed, 0.0 pedestrian_injured, 0.0 pedestrian_killed, Dry, EDSA Aurora Blvd. Quezon City",MMDA Road Safety Unit,,e1d3d78b-3ddf-4bb7-b25e-af621e43a7c5,2007-11-27,23:00:00,EDSA fronting Balintawak Market Quezon City,0,0,0,0,0,0,0,0,0,0,2007-11-28 7:00,Property,14.62157395,121.0501099,Angle Impact
None,EDSA,None,None,"Human Error, Side Swipe, 0.0 drivers_injured, 0.0 drivers_killed, 0.0 passengers_injured, 0.0 passengers_killed, 0.0 pedestrian_injured, 0.0 pedestrian_killed, Dry, EDSA fronting Globe master Depot Quezon City",MMDA Road Safety Unit,,ed9dd09d-753c-4883-8a1d-e74d0b1d7eb1,2007-11-27,13:45:00,EDSA Kamuning Road Quezon City,0,0,0,0,0,0,0,0,0,0,2007-11-27 21:45,Property,14.65750885,121.0141746,Side Swipe