LOCATION_TEXT,ROAD,WEATHER,LIGHT,DESC,REPORTING_AGENCY,MAIN_CAUSE,INCIDENTDETAILS_ID,DATE_UTC,TIME_UTC,ADDRESS,killed_driver,killed_passenger,killed_pedestrian,injured_driver,injured_passenger,injured_pedestrian,killed_uncategorized,injured_uncategorized,killed_total,injured_total,DATETIME_PST,SEVERITY,Y,X,COLLISION_TYPE
None,EDSA,None,None,"Human Error, Side Swipe, 0.0 drivers_injured, 0.0 drivers_killed, 0.0 passengers_injured, 0.0 passengers_killed, 0.0 pedestrian_injured, 0.0 pedestrian_killed, Dry, EDSA Kaingin St. Quezon City",MMDA Road Safety Unit,,1128c75b-7742-473a-9c82-c91fdcb3181a,2007-11-27,02:15:00,EDSA North Ave. Quezon City,0,0,0,0,0,0,0,0,0,0,2007-11-27 10:15,Property,14.65746493,121.0109963,Side Swipe
None,EDSA,None,None,"Human Error, Self-Accident, 0.0 drivers_injured, 0.0 drivers_killed, 0.0 passengers_injured, 0.0 passengers_killed, 0.0 pedestrian_injured, 0.0 pedestrian_killed, Dry, EDSA Quezon Ave. Quezon City",MMDA Road Safety Unit,,7a38c40b-a69a-40fa-8cee-cd3ccf1ead3c,2007-11-25,05:30:00,EDSA Congressional Ave. Quezon City,0,0,0,0,0,0,0,0,0,0,2007-11-25 13:30,Property,14.6442444,121.0375839,Self-Accident
None,EDSA,None,None,"Human Error, Angle Impact, 0.0 drivers_injured, 0.0 drivers_killed, 0.0 passengers_injured, 0.0 passengers_killed, 0.0 pedestrian_injured, 0.0 pedestrian_killed, Dry, EDSA Kamuning Road Quezon City",MMDA Road Safety Unit,,83e06e04-cf66-42dd-b459-58eac1f8e750,2007-11-25,04:30:00,EDSA Kaingin Road Quezon City,0,0,0,0,0,0,0,0,0,0,2007-11-25 12:30,Property,14.63072687,121.0457926,Angle Impact
None,EDSA,None,None,"Human Error, Hit and Run (No Collision Stated), 0.0 drivers_injured, 0.0 drivers_killed, 0.0 passengers_injured, 0.0 passengers_killed, 0.0 pedestrian_injured, 0.0 pedestrian_killed, Dry, EDSA Kamuning Road Quezon City",MMDA Road Safety Unit,,bfa3b5a3-8ee5-46c1-8c55-54c849a049d8,2007-11-22,12:30:00,EDSA fronting Lucena Bus Terminal Quezon City,0,0,0,0,0,0,0,0,0,0,2007-11-22 20:30,Property,14.63072687,121.0457926,No Collision Stated
None,EDSA,None,None,"Human Error, Hit and Run (No Collision Stated), 0.0 drivers_injured, 0.0 drivers_killed, 0.0 passengers_injured, 0.0 passengers_killed, 0.0 pedestrian_injured, 0.0 pedestrian_killed, Dry, EDSA Balintawak Quezon City",MMDA Road Safety Unit,,db5efdc9-3ca9-4eb8-9422-ed3633b452d5,2007-11-22,04:45:00,EDSA East Ave. Quezon City,0,0,0,0,0,0,0,0,0,0,2007-11-22 12:45,Property,14.65731746,121.0042256,No Collision Stated
None,EDSA,None,None,"Human Error, Side Swipe, 0.0 drivers_injured, 0.0 drivers_killed, 0.0 passengers_injured, 0.0 passengers_killed, 0.0 pedestrian_injured, 0.0 pedestrian_killed, Dry, EDSA fronting Q-Mart Quezon City",MMDA Road Safety Unit,,0e20c0d7-31c7-45ff-95e2-e55bb6215151,2007-11-21,10:30:00,EDSA Congressional Ave. Quezon City,0,0,0,0,0,0,0,0,0,0,2007-11-21 18:30,Property,14.62803883,121.0472622,Side Swipe
None,EDSA,None,None,"Human Error, Hit and Run (No Collision Stated), 1.0 drivers_injured, 0.0 drivers_killed, 0.0 passengers_injured, 0.0 passengers_killed, 0.0 pedestrian_injured, 0.0 pedestrian_killed, Dry, EDSA South Ave. / Timog Ave. Quezon City",MMDA Road Safety Unit,,5d6edb63-42a1-4507-afb4-f01d428ce312,2007-11-21,03:45:00,EDSA Roosevelt Ave. Quezon City,0,0,0,1,0,0,0,0,0,1,2007-11-21 11:45,Injury,14.6327695,121.0448933,No Collision Stated
None,EDSA,None,None,"Human Error, Angle Impact, 0.0 drivers_injured, 0.0 drivers_killed, 0.0 passengers_injured, 0.0 passengers_killed, 0.0 pedestrian_injured, 0.0 pedestrian_killed, Dry, EDSA Kamuning Road Quezon City",MMDA Road Safety Unit,,4341a213-94a2-4b18-86ae-11e65d4d624d,2007-11-18,23:30:00,EDSA Corrigedor St. Quezon City,0,0,0,0,0,0,0,0,0,0,2007-11-19 7:30,Property,14.63072687,121.0457926,Angle Impact
None,EDSA,None,None,"Human Error, Angle Impact, 0.0 drivers_injured, 0.0 drivers_killed, 0.0 passengers_injured, 0.0 passengers_killed, 0.0 pedestrian_injured, 0.0 pedestrian_killed, Dry, EDSA New York St. Quezon City",MMDA Road Safety Unit,,1590b936-b5ca-4e14-b36b-2cff4fcb0398,2007-11-18,14:35:00,EDSA Bansalangin St. Quezon City,0,0,0,0,0,0,0,0,0,0,2007-11-18 22:35,Property,14.62571075,121.048065,Angle Impact
None,EDSA,None,None,"Human Error, Side Swipe, 0.0 drivers_injured, 0.0 drivers_killed, 0.0 passengers_injured, 0.0 passengers_killed, 0.0 pedestrian_injured, 0.0 pedestrian_killed, Dry, EDSA fronting Polar Ceramic Tiles Quezon City",MMDA Road Safety Unit,,9d416f8c-3cd6-4532-a4e6-d58d38c3d20d,2007-11-18,14:00:00,EDSA Roosevelt Ave. Quezon City,0,0,0,0,0,0,0,0,0,0,2007-11-18 22:00,Property,14.65741083,121.0142247,Side Swipe
None,EDSA,None,None,"Human Error, Side Swipe, 0.0 drivers_injured, 0.0 drivers_killed, 0.0 passengers_injured, 0.0 passengers_killed, 0.0 pedestrian_injured, 0.0 pedestrian_killed, Dry, EDSA fronting Q-Mart Quezon City",MMDA Road Safety Unit,,1014fc89-ee19-4375-afea-5250bdb69feb,2007-11-16,04:30:00,"EDSA at ""U""turn slot near Howmart Road Quezon City",0,0,0,0,0,0,0,0,0,0,2007-11-16 12:30,Property,14.62803883,121.0472622,Side Swipe
None,EDSA,None,None,"Human Error, Angle Impact, 1.0 drivers_injured, 0.0 drivers_killed, 0.0 passengers_injured, 0.0 passengers_killed, 0.0 pedestrian_injured, 0.0 pedestrian_killed, Dry, EDSA Kamuning Road Quezon City",MMDA Road Safety Unit,,143fb4e6-2c5b-4d9f-a47c-3ef4f74785a8,2007-11-13,23:50:00,EDSA Seminary Road Quezon City,0,0,0,1,0,0,0,0,0,1,2007-11-14 7:50,Injury,14.6306557,121.045754,Angle Impact
None,EDSA,None,None,"Human Error, Side Swipe, 0.0 drivers_injured, 0.0 drivers_killed, 0.0 passengers_injured, 0.0 passengers_killed, 0.0 pedestrian_injured, 0.0 pedestrian_killed, Dry, EDSA fronting Cloverleaf Market Quezon City",MMDA Road Safety Unit,,4abff898-4872-433b-994a-dcb9cd0921dd,2007-11-13,14:15:00,EDSA Cubao Quezon City,0,0,0,0,0,0,0,0,0,0,2007-11-13 22:15,Property,14.65731339,121.000715,Side Swipe
None,EDSA,None,None,"Human Error, Hit and Run (No Collision Stated), 0.0 drivers_injured, 0.0 drivers_killed, 0.0 passengers_injured, 0.0 passengers_killed, 0.0 pedestrian_injured, 0.0 pedestrian_killed, Dry, EDSA Bansalangin Quezon City",MMDA Road Safety Unit,,bc930597-c3ca-4042-bcb7-da8736ce1e04,2007-11-13,06:25:00,EDSA Corrigedor St. Quezon City,0,0,0,0,0,0,0,0,0,0,2007-11-13 14:25,Property,14.65678973,121.0241619,No Collision Stated
None,EDSA,None,None,"Unknown, Side Swipe, 0.0 drivers_injured, 0.0 drivers_killed, 0.0 passengers_injured, 0.0 passengers_killed, 0.0 pedestrian_injured, 0.0 pedestrian_killed, Dry, EDSA OP / UP Balintawak Quezon City",MMDA Road Safety Unit,,b37aebb7-752e-4aaa-bb12-fe9ed60348fb,2007-11-12,23:40:00,"EDSA at ""U""turn slot near Bansalangin Quezon City",0,0,0,0,0,0,0,0,0,0,2007-11-13 7:40,Property,14.65742949,121.0027781,Side Swipe
None,EDSA,None,None,"Unknown, Side Swipe, 0.0 drivers_injured, 0.0 drivers_killed, 0.0 passengers_injured, 0.0 passengers_killed, 0.0 pedestrian_injured, 0.0 pedestrian_killed, Dry, EDSA near cor. Roosevelt Ave. Quezon City",MMDA Road Safety Unit,,678e5809-c06e-494f-90a9-ad57abc7566a,2007-11-12,11:10:00,EDSA fronting Lemon Square Bldg. Quezon City,0,0,0,0,0,0,0,0,0,0,2007-11-12 19:10,Property,14.65758051,121.0196253,Side Swipe
None,EDSA,None,None,"Human Error, Hit and Run (No Collision Stated), 0.0 drivers_injured, 0.0 drivers_killed, 0.0 passengers_injured, 0.0 passengers_killed, 0.0 pedestrian_injured, 0.0 pedestrian_killed, Dry, EDSA Kamuning Road Quezon City",MMDA Road Safety Unit,,992a5680-a4ce-42e2-919f-170f507f0914,2007-11-12,05:25:00,EDSA White Plains Ave. Quezon City,0,0,0,0,0,0,0,0,0,0,2007-11-12 13:25,Property,14.63072687,121.0457926,No Collision Stated
None,EDSA,None,None,"Human Error, Hit and Run (No Collision Stated), 1.0 drivers_injured, 0.0 drivers_killed, 1.0 passengers_injured, 0.0 passengers_killed, 0.0 pedestrian_injured, 0.0 pedestrian_killed, Dry, EDSA OP/UP Balintawak Quezon City",MMDA Road Safety Unit,,49b7579f-3a6e-4675-ae4b-56f5c43be77f,2007-11-09,13:45:00,EDSA West Ave. Quezon City,0,0,0,1,1,0,0,0,0,2,2007-11-09 21:45,Injury,14.6571804,120.9927185,No Collision Stated
None,EDSA,None,None,"Human Error, Angle Impact, 0.0 drivers_injured, 0.0 drivers_killed, 0.0 passengers_injured, 0.0 passengers_killed, 0.0 pedestrian_injured, 0.0 pedestrian_killed, Dry, EDSA Oliveros Drive Quezon City",MMDA Road Safety Unit,,b66465a9-1a88-4621-b902-1f76ef2ed7bc,2007-11-07,23:15:00,EDSA Congressional Ave. Quezon City,0,0,0,0,0,0,0,0,0,0,2007-11-08 7:15,Property,14.65753032,121.006583,Angle Impact
None,EDSA,None,None,"Human Error, Side Swipe, 0.0 drivers_injured, 0.0 drivers_killed, 0.0 passengers_injured, 0.0 passengers_killed, 0.0 pedestrian_injured, 0.0 pedestrian_killed, Dry, EDSA after cor. E. Garcia St. Quezon City",MMDA Road Safety Unit,,955fb381-4699-42a5-8287-d7b2b6171b21,2007-11-06,03:20:00,EDSA New York St. Quezon City,0,0,0,0,0,0,0,0,0,0,2007-11-06 11:20,Property,14.62770599,121.0474271,Side Swipe
None,EDSA,None,None,"Human Error, Angle Impact, 0.0 drivers_injured, 0.0 drivers_killed, 2.0 passengers_injured, 0.0 passengers_killed, 0.0 pedestrian_injured, 0.0 pedestrian_killed, Dry, EDSA Olivares Drive Quezon City",MMDA Road Safety Unit,,df0610c6-66cc-4cf9-acec-c9ef1ab66bca,2007-11-05,06:30:00,EDSA Congressional Ave. Quezon City,0,0,0,0,2,0,0,0,0,2,2007-11-05 14:30,Injury,14.65753032,121.006583,Angle Impact
None,EDSA,None,None,"Human Error, Side Swipe, 0.0 drivers_injured, 0.0 drivers_killed, 0.0 passengers_injured, 0.0 passengers_killed, 0.0 pedestrian_injured, 0.0 pedestrian_killed, Dry, EDSA near Ermin Garcia St. Quezon City",MMDA Road Safety Unit,,0060f562-d072-4883-9e83-ea2e82cea2a5,2007-11-05,05:30:00,EDSA fronting Metro Bank near Roosevelt Ave. Quezon City,0,0,0,0,0,0,0,0,0,0,2007-11-05 13:30,Property,14.62737546,121.0473588,Side Swipe
None,EDSA,None,None,"Human Error, Side Swipe, 0.0 drivers_injured, 0.0 drivers_killed, 0.0 passengers_injured, 0.0 passengers_killed, 0.0 pedestrian_injured, 0.0 pedestrian_killed, Dry, EDSA fronting Go Soc Bldg. Near ""U""turn slot Quezon City",MMDA Road Safety Unit,,2b3a56d9-f32d-4448-be4b-0b12ab83ab3c,2007-11-04,21:40:00,"EDSA ""U"" turn slot infront Iglesia ni Kristo Quezon City",0,0,0,0,0,0,0,0,0,0,2007-11-05 5:40,Property,14.65770137,121.0142057,Side Swipe
None,EDSA,None,None,"Human Error, Side Swipe, 0.0 drivers_injured, 0.0 drivers_killed, 0.0 passengers_injured, 0.0 passengers_killed, 0.0 pedestrian_injured, 0.0 pedestrian_killed, Dry, EDSA fronting R. Magsaysay High Sch. Quezon City",MMDA Road Safety Unit,,056cd90c-6560-42db-99ee-bedab4c64dc5,2007-11-04,10:30:00,"EDSA at ""U""turn slot fronting 7-11 Store Quezon City",0,0,0,0,0,0,0,0,0,0,2007-11-04 18:30,Property,14.62778502,121.0471562,Side Swipe
None,EDSA,None,None,"Other, Hit object (No Object Stated), 0.0 drivers_injured, 0.0 drivers_killed, 0.0 passengers_injured, 0.0 passengers_killed, 0.0 pedestrian_injured, 0.0 pedestrian_killed, Dry, EDSA fronting Oriental market Quezon City",MMDA Road Safety Unit,,17c4d62a-fe18-4011-985a-4b5c43525cea,2007-11-04,08:00:00,EDSA Timog Ave. fronting Equitable PCI Bank Quezon City,0,0,0,0,0,0,0,0,0,0,2007-11-04 16:00,Property,14.65737508,121.004028,Hit Object
None,EDSA,None,None,"Human Error, Angle Impact, 0.0 drivers_injured, 0.0 drivers_killed, 0.0 passengers_injured, 0.0 passengers_killed, 0.0 pedestrian_injured, 0.0 pedestrian_killed, Dry, EDSA Kamuning Road Quezon City",MMDA Road Safety Unit,,cf49b725-d8e9-48d3-bae5-780c3221d12f,2007-11-03,03:35:00,EDSA Quezon Ave. Quezon City,0,0,0,0,0,0,0,0,0,0,2007-11-03 11:35,Property,14.63072687,121.0457926,Angle Impact
None,EDSA,None,None,"Human Error, Side Swipe, 0.0 drivers_injured, 0.0 drivers_killed, 2.0 passengers_injured, 0.0 passengers_killed, 0.0 pedestrian_injured, 0.0 pedestrian_killed, Dry, EDSA fronting Oriental Market Quezon City",MMDA Road Safety Unit,,1bf45dfd-cc38-4eea-a62a-78cf715ab9cb,2007-10-28,05:20:00,EDSA Aurora Blvd. Quezon City,0,0,0,0,2,0,0,0,0,2,2007-10-28 13:20,Injury,14.65737508,121.004028,Side Swipe
None,EDSA,None,None,"Human Error, Rear-end, 0.0 drivers_injured, 0.0 drivers_killed, 0.0 passengers_injured, 0.0 passengers_killed, 0.0 pedestrian_injured, 0.0 pedestrian_killed, Dry, EDSA Main Ave. Quezon City",MMDA Road Safety Unit,,40860e63-9b22-4f87-9161-acdc6a56638c,2007-10-23,14:35:00,EDSA P. Tuazon Blvd. Quezon City,0,0,0,0,0,0,0,0,0,0,2007-10-23 22:35,Property,14.61376458,121.0537933,Rear-End
None,EDSA,None,None,"Human Error, Side Swipe, 0.0 drivers_injured, 0.0 drivers_killed, 0.0 passengers_injured, 0.0 passengers_killed, 0.0 pedestrian_injured, 0.0 pedestrian_killed, Dry, EDSA near corner Cloverleaf Interchange Balintawak Quezon City",MMDA Road Safety Unit,,d4711f40-9f8e-4394-acba-6212ab9daabf,2007-10-21,21:30:00,EDSA Quezon Ave. Quezon City,0,0,0,0,0,0,0,0,0,0,2007-10-22 5:30,Property,14.65732853,120.9995015,Side Swipe
None,EDSA,None,None,"Human Error, Rear-end, 0.0 drivers_injured, 0.0 drivers_killed, 0.0 passengers_injured, 0.0 passengers_killed, 0.0 pedestrian_injured, 0.0 pedestrian_killed, Dry, EDSA Mapagmahal St. Quezon City",MMDA Road Safety Unit,,632f4ff8-fcd2-4b75-a8b4-8ef837e8f97b,2007-10-20,11:30:00,EDSA fronting Balintawak Market  Quezon City,0,0,0,0,0,0,0,0,0,0,2007-10-20 19:30,Property,14.63185046,121.0455315,Rear-End
None,EDSA,None,None,"Human Error, Angle Impact, 0.0 drivers_injured, 0.0 drivers_killed, 0.0 passengers_injured, 0.0 passengers_killed, 0.0 pedestrian_injured, 0.0 pedestrian_killed, Dry, EDSA Col. Bonny Serrano Ave. (Santolan Road) Quezon City",MMDA Road Safety Unit,,ffbea5e0-c668-4c31-82d8-83ff13d4582b,2007-10-19,08:00:00,EDSA fronting Dagupan Bus Terminal Quezon City,0,0,0,0,0,0,0,0,0,0,2007-10-19 16:00,Property,14.61098888,121.0550939,Angle Impact
None,EDSA,None,None,"Human Error, Rear-end, 0.0 drivers_injured, 0.0 drivers_killed, 0.0 passengers_injured, 0.0 passengers_killed, 0.0 pedestrian_injured, 0.0 pedestrian_killed, Dry, EDSA near ""U""turn slot fronting Polar Ceramics Quezon City",MMDA Road Safety Unit,,24605cc5-42a6-4993-bad6-950c77816ab2,2007-10-18,14:20:00,"EDSA fronting Ilaw at Iba Pa, near corner Congressional Quezon City",0,0,0,0,0,0,0,0,0,0,2007-10-18 22:20,Property,14.6571804,120.9927185,Rear-End
None,EDSA,None,None,"Human Error, Angle Impact, 0.0 drivers_injured, 0.0 drivers_killed, 0.0 passengers_injured, 0.0 passengers_killed, 0.0 pedestrian_injured, 0.0 pedestrian_killed, Dry, EDSA Aurora Blvd. Quezon City",MMDA Road Safety Unit,,42141174-b973-409d-bde5-08a323452534,2007-10-14,14:00:00,EDSA fronting Baliwag Bus Terminal Quezon City,0,0,0,0,0,0,0,0,0,0,2007-10-14 22:00,Property,14.62157395,121.0501099,Angle Impact
None,EDSA,None,None,"Human Error, Side Swipe, 1.0 drivers_injured, 0.0 drivers_killed, 0.0 passengers_injured, 0.0 passengers_killed, 0.0 pedestrian_injured, 0.0 pedestrian_killed, Dry, EDSA fronting EDSA Shrine Quezon City",MMDA Road Safety Unit,,140c28a4-e171-4fc5-bf12-3f14e1c370d7,2007-10-14,01:30:00,"EDSA OP/UP, Balintawak Quezon City",0,0,0,1,0,0,0,0,0,1,2007-10-14 9:30,Injury,14.59255513,121.0584128,Side Swipe
None,EDSA,None,None,"Human Error, Side Swipe, 0.0 drivers_injured, 0.0 drivers_killed, 0.0 passengers_injured, 0.0 passengers_killed, 0.0 pedestrian_injured, 0.0 pedestrian_killed, Dry, EDSA Royal ""U"" turn slot Quezon City",MMDA Road Safety Unit,,677484d2-2482-400f-aad6-f53d698f518b,2007-10-11,06:45:00,"EDSA fronting Cloverleaf Market, Balintawak Quezon City",0,0,0,0,0,0,0,0,0,0,2007-10-11 14:45,Property,14.65767141,121.0107008,Side Swipe
None,EDSA,None,None,"Human Error, Side Swipe, 0.0 drivers_injured, 0.0 drivers_killed, 0.0 passengers_injured, 0.0 passengers_killed, 0.0 pedestrian_injured, 0.0 pedestrian_killed, Dry, EDSA White Plains Road Quezon City",MMDA Road Safety Unit,,c2009be2-7fe8-4528-b367-48982aa8fda8,2007-10-10,08:45:00,EDSA Kaingin Road Quezon City,0,0,0,0,0,0,0,0,0,0,2007-10-10 16:45,Property,14.59961782,121.0596522,Side Swipe
None,EDSA,None,None,"Unknown, Hit and Run (No Collision Stated), 0.0 drivers_injured, 0.0 drivers_killed, 0.0 passengers_injured, 0.0 passengers_killed, 0.0 pedestrian_injured, 0.0 pedestrian_killed, Dry, EDSA Oliveros Drive Quezon City",MMDA Road Safety Unit,,859242d4-3e55-4e04-89a9-fd5031297f33,2007-10-07,11:00:00,EDSA Congressional Ave. Quezon City,0,0,0,0,0,0,0,0,0,0,2007-10-07 19:00,Property,14.65762799,121.0065288,No Collision Stated
None,EDSA,None,None,"Human Error, Angle Impact, 0.0 drivers_injured, 0.0 drivers_killed, 0.0 passengers_injured, 0.0 passengers_killed, 0.0 pedestrian_injured, 0.0 pedestrian_killed, Dry, EDSA Aurora Blvd. Quezon City",MMDA Road Safety Unit,,924a1d70-4897-4dca-bdf0-816076975de9,2007-09-28,20:00:00,EDSA fronting Light House Book Store near cor. Bulacan St. Quezon City,0,0,0,0,0,0,0,0,0,0,2007-09-29 4:00,Property,14.62157395,121.0501099,Angle Impact
None,EDSA,None,None,"Human Error, Side Swipe, 0.0 drivers_injured, 0.0 drivers_killed, 0.0 passengers_injured, 0.0 passengers_killed, 0.0 pedestrian_injured, 0.0 pedestrian_killed, Dry, EDSA fronting Nat'l Printing Office Quezon City",MMDA Road Safety Unit,,64a8da4f-c939-42a0-a2af-f134a949410f,2007-09-28,04:40:00,EDSA Liberty St. Quezon City,0,0,0,0,0,0,0,0,0,0,2007-09-28 12:40,Property,14.63881016,121.0411993,Side Swipe
None,EDSA,None,None,"Human Error, Side Swipe, 0.0 drivers_injured, 0.0 drivers_killed, 0.0 passengers_injured, 0.0 passengers_killed, 0.0 pedestrian_injured, 0.0 pedestrian_killed, Dry, EDSA near Main Ave. Quezon City",MMDA Road Safety Unit,,7b5ba08a-95ca-4e55-815f-c64a0c7cce28,2007-09-25,21:15:00,"EDSA at ""U"" turn slot, fronting Polar Ceramics, Royal Quezon City",0,0,0,0,0,0,0,0,0,0,2007-09-26 5:15,Property,14.61644337,121.0524621,Side Swipe
None,EDSA,None,None,"Human Error, Hit and Run (No Collision Stated), 0.0 drivers_injured, 0.0 drivers_killed, 0.0 passengers_injured, 0.0 passengers_killed, 0.0 pedestrian_injured, 0.0 pedestrian_killed, Dry, EDSA Kaingin Road Quezon City",MMDA Road Safety Unit,,ecbcb2ee-e28f-4643-8be0-63ea29eadd52,2007-09-24,23:00:00,"EDSA at ""U"" turn slot, fronting Hiroshi Motors near MRT Quezon City",0,0,0,0,0,0,0,0,0,0,2007-09-25 7:00,Property,14.65738412,121.0110227,No Collision Stated
None,EDSA,None,None,"Human Error, Angle Impact, 0.0 drivers_injured, 0.0 drivers_killed, 0.0 passengers_injured, 0.0 passengers_killed, 0.0 pedestrian_injured, 0.0 pedestrian_killed, Dry, EDSA near Olivares Drive Quezon City",MMDA Road Safety Unit,,8431ea8b-5f94-4b94-ad44-c4c00757a2e0,2007-09-24,15:30:00,"EDSA fronting Kia Motors, Oliveros Drive Quezon City",0,0,0,0,0,0,0,0,0,0,2007-09-24 23:30,Property,14.65753032,121.006583,Angle Impact
None,EDSA,None,None,"Human Error, Hit and Run (No Collision Stated), 0.0 drivers_injured, 0.0 drivers_killed, 0.0 passengers_injured, 0.0 passengers_killed, 0.0 pedestrian_injured, 0.0 pedestrian_killed, Dry, EDSA SW Service Road, Balintawak Quezon City",MMDA Road Safety Unit,,b7a43058-5c9a-49d2-a314-e890e3c2fa02,2007-09-23,15:30:00,EDSA West Ave. Quezon City,0,0,0,0,0,0,0,0,0,0,2007-09-23 23:30,Property,14.65749145,121.0044831,No Collision Stated
None,EDSA,None,None,"Human Error, Side Swipe, 0.0 drivers_injured, 0.0 drivers_killed, 0.0 passengers_injured, 0.0 passengers_killed, 0.0 pedestrian_injured, 0.0 pedestrian_killed, Dry, EDSA fronting Q-Mart Quezon City",MMDA Road Safety Unit,,052d6105-1c71-4523-b667-0c2fe4a5c976,2007-09-22,21:35:00,EDSA Cubao Quezon City,0,0,0,0,0,0,0,0,0,0,2007-09-23 5:35,Property,14.62803883,121.0472622,Side Swipe
None,EDSA,None,None,"Human Error, Side Swipe, 0.0 drivers_injured, 0.0 drivers_killed, 0.0 passengers_injured, 0.0 passengers_killed, 0.0 pedestrian_injured, 0.0 pedestrian_killed, Dry, EDSA fronting Oriental Market Quezon City",MMDA Road Safety Unit,,868dd466-aa6c-4065-8ae4-8ca85a867bc2,2007-09-22,07:30:00,"EDSA at ""U"" turn slot, near Oliveros Drive Quezon City",0,0,0,0,0,0,0,0,0,0,2007-09-22 15:30,Property,14.65737508,121.004028,Side Swipe
None,EDSA,None,None,"Human Error, Side Swipe, 0.0 drivers_injured, 0.0 drivers_killed, 0.0 passengers_injured, 0.0 passengers_killed, 0.0 pedestrian_injured, 0.0 pedestrian_killed, Dry, EDSA fronting Camp Aguinaldo Quezon City",MMDA Road Safety Unit,,52e99be3-8e13-445c-b02e-c363c6380789,2007-09-20,15:30:00,"EDSA OP/UP, Balintawak Quezon City",0,0,0,0,0,0,0,0,0,0,2007-09-20 23:30,Property,14.6074566,121.0567511,Side Swipe
None,EDSA,None,None,"Human Error, Side Swipe, 0.0 drivers_injured, 0.0 drivers_killed, 0.0 passengers_injured, 0.0 passengers_killed, 0.0 pedestrian_injured, 0.0 pedestrian_killed, Dry, EDSA fronting Go Soc & Sons Bldg. Quezon City",MMDA Road Safety Unit,,0f028a13-26bc-4052-adf6-3c2179f2a27f,2007-09-20,02:50:00,EDSA Main Ave. Quezon City,0,0,0,0,0,0,0,0,0,0,2007-09-20 10:50,Property,14.65770137,121.0142057,Side Swipe
None,EDSA,None,None,"Human Error, Angle Impact, 0.0 drivers_injured, 0.0 drivers_killed, 0.0 passengers_injured, 0.0 passengers_killed, 0.0 pedestrian_injured, 0.0 pedestrian_killed, Dry, EDSA Aurora Blvd. Quezon City",MMDA Road Safety Unit,,80652a42-5223-4596-8854-5ae67e6dda29,2007-09-12,15:00:00,EDSA North Ave. Quezon City,0,0,0,0,0,0,0,0,0,0,2007-09-12 23:00,Property,14.62157395,121.0501099,Angle Impact
None,EDSA,None,None,"Human Error, Side Swipe, 0.0 drivers_injured, 0.0 drivers_killed, 2.0 passengers_injured, 0.0 passengers_killed, 0.0 pedestrian_injured, 0.0 pedestrian_killed, Dry, EDSA near cor. West Ave. Quezon City",MMDA Road Safety Unit,,db534031-dd79-4994-9bbd-1b2a95802fff,2007-09-11,12:00:00,EDSA Kaingin Road Quezon City,0,0,0,0,2,0,0,0,0,2,2007-09-11 20:00,Injury,14.65553839,121.0299647,Side Swipe
None,EDSA,None,None,"Human Error, Side Swipe, 0.0 drivers_injured, 0.0 drivers_killed, 0.0 passengers_injured, 0.0 passengers_killed, 0.0 pedestrian_injured, 0.0 pedestrian_killed, Dry, EDSA after Kaingin Road Quezon City",MMDA Road Safety Unit,,5d07019e-4175-468d-815f-8db85a6396c6,2007-09-11,06:00:00,EDSA Congressional Ave. Quezon City,0,0,0,0,0,0,0,0,0,0,2007-09-11 14:00,Property,14.65745149,121.0112129,Side Swipe
None,EDSA,None,None,"Human Error, Hit object (No Object Stated), 0.0 drivers_injured, 0.0 drivers_killed, 0.0 passengers_injured, 0.0 passengers_killed, 0.0 pedestrian_injured, 0.0 pedestrian_killed, Dry, EDSA near Gen. Mc Arthur st. Quezon City",MMDA Road Safety Unit,,0495d179-3601-4158-ac4e-4da402dc5b4a,2007-09-09,20:20:00,"EDSA at ""U"" turn slot, fronting Polar Ceramics Quezon City",0,0,0,0,0,0,0,0,0,0,2007-09-10 4:20,Property,14.6136766,121.0537684,Hit Object
None,EDSA,None,None,"Human Error, Angle Impact, 0.0 drivers_injured, 0.0 drivers_killed, 0.0 passengers_injured, 0.0 passengers_killed, 0.0 pedestrian_injured, 0.0 pedestrian_killed, Dry, EDSA Aurora Blvd. Quezon City",MMDA Road Safety Unit,,2b3b766c-2e40-4bbf-95a4-f44b752c80fa,2007-09-08,09:40:00,EDSA Congressional Ave. Quezon City,0,0,0,0,0,0,0,0,0,0,2007-09-08 17:40,Property,14.62157395,121.0501099,Angle Impact
None,EDSA,None,None,"Human Error, Angle Impact, 1.0 drivers_injured, 0.0 drivers_killed, 0.0 passengers_injured, 0.0 passengers_killed, 0.0 pedestrian_injured, 0.0 pedestrian_killed, Dry, EDSA Olivares Drive Quezon City",MMDA Road Safety Unit,,07a308f8-904f-4825-a61c-15a2c257f73e,2007-09-05,21:25:00,"EDSA OP/UP, Balintawak Quezon City",0,0,0,1,0,0,0,0,0,1,2007-09-06 5:25,Injury,14.65753032,121.006583,Angle Impact
None,EDSA,None,None,"Human Error, Side Swipe, 0.0 drivers_injured, 0.0 drivers_killed, 0.0 passengers_injured, 0.0 passengers_killed, 0.0 pedestrian_injured, 0.0 pedestrian_killed, Dry, EDSA OP/UP Balintawak Quezon City",MMDA Road Safety Unit,,fd0f6d29-11ee-4661-911f-1b1b103dbd56,2007-09-05,04:30:00,EDSA fronting Kamuning Police Station Quezon City,0,0,0,0,0,0,0,0,0,0,2007-09-05 12:30,Property,14.65736015,121.002298,Side Swipe