LOCATION_TEXT,ROAD,WEATHER,LIGHT,DESC,REPORTING_AGENCY,MAIN_CAUSE,INCIDENTDETAILS_ID,DATE_UTC,TIME_UTC,ADDRESS,killed_driver,killed_passenger,killed_pedestrian,injured_driver,injured_passenger,injured_pedestrian,killed_uncategorized,injured_uncategorized,killed_total,injured_total,DATETIME_PST,SEVERITY,Y,X,COLLISION_TYPE
None,EDSA,None,None,"Unknown, Hit and Run (No Collision Stated), 0.0 drivers_injured, 0.0 drivers_killed, 0.0 passengers_injured, 0.0 passengers_killed, 0.0 pedestrian_injured, 0.0 pedestrian_killed, Dry, EDSA Congressional Ave. Quezon City",MMDA Road Safety Unit,,b1afafae-f79d-4901-a16a-cf8d1d33d8fb,2007-09-03,23:45:00,EDSA New York St. Quezon City,0,0,0,0,0,0,0,0,0,0,2007-09-04 7:45,Property,14.6571804,120.9927185,No Collision Stated
None,EDSA,None,None,"Human Error, Angle Impact, 0.0 drivers_injured, 0.0 drivers_killed, 0.0 passengers_injured, 0.0 passengers_killed, 0.0 pedestrian_injured, 0.0 pedestrian_killed, Dry, EDSA Kamuning Road Quezon City",MMDA Road Safety Unit,,e06dfa6b-471a-4d16-863d-45a9b471c61a,2007-09-02,14:30:00,EDSA Howmart Road Quezon City,0,0,0,0,0,0,0,0,0,0,2007-09-02 22:30,Property,14.63072687,121.0457926,Angle Impact
None,EDSA,None,None,"Human Error, Angle Impact, 0.0 drivers_injured, 0.0 drivers_killed, 0.0 passengers_injured, 0.0 passengers_killed, 0.0 pedestrian_injured, 0.0 pedestrian_killed, Dry, EDSA Kaingin Road Quezon City",MMDA Road Safety Unit,,9686ef0d-a61f-432c-b857-b7ad9a188aeb,2007-09-02,06:00:00,EDSA Roosevelt Ave. Quezon City,0,0,0,0,0,0,0,0,0,0,2007-09-02 14:00,Property,14.65738728,121.0111011,Angle Impact
None,EDSA,None,None,"Human Error, Side Swipe, 0.0 drivers_injured, 0.0 drivers_killed, 0.0 passengers_injured, 0.0 passengers_killed, 0.0 pedestrian_injured, 0.0 pedestrian_killed, Dry, EDSA fronting oriental Market Quezon City",MMDA Road Safety Unit,,294ce145-ebec-402d-9e77-03d7497d24c3,2007-09-01,08:45:00,EDSA Main Ave. Quezon City,0,0,0,0,0,0,0,0,0,0,2007-09-01 16:45,Property,14.65737508,121.004028,Side Swipe
None,EDSA,None,None,"Human Error, Angle Impact, 0.0 drivers_injured, 0.0 drivers_killed, 0.0 passengers_injured, 0.0 passengers_killed, 0.0 pedestrian_injured, 0.0 pedestrian_killed, Dry, EDSA Oliveros Drive Quezon City",MMDA Road Safety Unit,,33d19daf-e29d-4696-be53-3facde342428,2007-09-01,07:00:00,"EDSA at ""U"" turn slot, fronting Polar Ceramics, Royal Quezon City",0,0,0,0,0,0,0,0,0,0,2007-09-01 15:00,Property,14.65753032,121.006583,Angle Impact
None,EDSA,None,None,"Human Error, Hit object (No Object Stated), 0.0 drivers_injured, 0.0 drivers_killed, 1.0 passengers_injured, 0.0 passengers_killed, 0.0 pedestrian_injured, 0.0 pedestrian_killed, Dry, EDSA Main Ave Quezon City",MMDA Road Safety Unit,,b9642e68-5e06-4e0f-8667-74272a699c85,2007-08-31,13:00:00,EDSA Sogo Hotel Westbound Caloocan,0,0,0,0,1,0,0,0,0,1,2007-08-31 21:00,Injury,14.6136766,121.0537684,Hit Object
None,EDSA,None,None,"Human Error, Side Swipe, 0.0 drivers_injured, 0.0 drivers_killed, 0.0 passengers_injured, 0.0 passengers_killed, 0.0 pedestrian_injured, 0.0 pedestrian_killed, Dry, EDSA fronting Oriental Market Quezon City",MMDA Road Safety Unit,,fa8b19d0-d6e0-4a96-bc96-cbab3c4ac2de,2007-08-29,07:05:00,EDSA Jollibee Foodmart Eastbound Caloocan,0,0,0,0,0,0,0,0,0,0,2007-08-29 15:05,Property,14.65737508,121.004028,Side Swipe
None,EDSA,None,None,"Human Error, Angle Impact, 0.0 drivers_injured, 0.0 drivers_killed, 0.0 passengers_injured, 0.0 passengers_killed, 0.0 pedestrian_injured, 0.0 pedestrian_killed, Dry, EDSA Oliveros Drive Quezon City",MMDA Road Safety Unit,,30beadd2-782c-4286-ba49-afe3761136d1,2007-08-29,04:05:00,EDSA Gen. Malvar St. Caloocan,0,0,0,0,0,0,0,0,0,0,2007-08-29 12:05,Property,14.65753032,121.006583,Angle Impact
None,EDSA,None,None,"Human Error, Side Swipe, 1.0 drivers_injured, 0.0 drivers_killed, 0.0 passengers_injured, 0.0 passengers_killed, 0.0 pedestrian_injured, 0.0 pedestrian_killed, Dry, EDSA fronting Wilcon Bldg. Quezon City",MMDA Road Safety Unit,,77da3384-ea15-4e28-8b16-7636d64572b0,2007-08-26,12:45:00,EDSA Gen. Tinio St. Caloocan,0,0,0,1,0,0,0,0,0,1,2007-08-26 20:45,Injury,14.65761382,121.0091735,Side Swipe
None,EDSA,None,None,"Human Error, Side Swipe, 0.0 drivers_injured, 0.0 drivers_killed, 0.0 passengers_injured, 0.0 passengers_killed, 0.0 pedestrian_injured, 0.0 pedestrian_killed, Dry, EDSA fronting MC Market Quezon City",MMDA Road Safety Unit,,1bbaa5e5-0d86-49f0-ae1c-c18e27571246,2007-08-26,02:00:00,EDSA Gen. Tinio St. Caloocan,0,0,0,0,0,0,0,0,0,0,2007-08-26 10:00,Property,14.65734496,121.0036438,Side Swipe
None,EDSA,None,None,"Human Error, Side Swipe, 0.0 drivers_injured, 0.0 drivers_killed, 0.0 passengers_injured, 0.0 passengers_killed, 0.0 pedestrian_injured, 0.0 pedestrian_killed, Dry, EDSA fronting Lemon Square Bldg. Quezon City",MMDA Road Safety Unit,,d75ccfa5-4da2-40d8-8625-944e6eb2aa95,2007-08-25,10:45:00,EDSA Gen. Tinio St. Caloocan,0,0,0,0,0,0,0,0,0,0,2007-08-25 18:45,Property,14.65755296,121.0174655,Side Swipe
None,EDSA,None,None,"Human Error, Side Swipe, 0.0 drivers_injured, 0.0 drivers_killed, 0.0 passengers_injured, 0.0 passengers_killed, 0.0 pedestrian_injured, 0.0 pedestrian_killed, Dry, EDSA fronting Globe master Home Depot Quezon City",MMDA Road Safety Unit,,e702eff1-dc2f-4871-b17f-6ec1deedfd65,2007-08-25,04:00:00,EDSA Gen. Malvar St. Caloocan,0,0,0,0,0,0,0,0,0,0,2007-08-25 12:00,Property,14.65750885,121.0141746,Side Swipe
None,EDSA,None,None,"Human Error, Side Swipe, 0.0 drivers_injured, 0.0 drivers_killed, 0.0 passengers_injured, 0.0 passengers_killed, 0.0 pedestrian_injured, 0.0 pedestrian_killed, Dry, EDSA fronting Nissan Show Room Quezon City",MMDA Road Safety Unit,,61937829-6b3d-4184-a419-a8abf2aba883,2007-08-24,10:50:00,EDSA Gen. Malvar St. Caloocan,0,0,0,0,0,0,0,0,0,0,2007-08-24 18:50,Property,14.65774959,121.0136701,Side Swipe
None,EDSA,None,None,"Human Error, Angle Impact, 0.0 drivers_injured, 0.0 drivers_killed, 0.0 passengers_injured, 0.0 passengers_killed, 0.0 pedestrian_injured, 0.0 pedestrian_killed, Dry, EDSA Aurora Blvd. Quezon City",MMDA Road Safety Unit,,f98ffddc-0caf-46d1-a303-0df9f6971460,2007-08-19,17:20:00,"EDSA Bonifacio Monumento Circle, 86 Caloocan",0,0,0,0,0,0,0,0,0,0,2007-08-20 1:20,Property,14.62157395,121.0501099,Angle Impact
None,EDSA,None,None,"Human Error, Angle Impact, 0.0 drivers_injured, 0.0 drivers_killed, 0.0 passengers_injured, 0.0 passengers_killed, 0.0 pedestrian_injured, 0.0 pedestrian_killed, Dry, EDSA Kamuning Road Quezon City",MMDA Road Safety Unit,,a1d0dc37-ede3-4559-b6a9-cb80fff1438d,2007-08-13,15:00:00,"EDSA Mercury Drug Store , Bonifacio Monumento Circle  Caloocan",0,0,0,0,0,0,0,0,0,0,2007-08-13 23:00,Property,14.63072687,121.0457926,Angle Impact
None,EDSA,None,None,"Human Error, Side Swipe, 0.0 drivers_injured, 0.0 drivers_killed, 0.0 passengers_injured, 0.0 passengers_killed, 0.0 pedestrian_injured, 0.0 pedestrian_killed, Dry, EDSA fronting Munoz Market Quezon City",MMDA Road Safety Unit,,cd8efc89-c464-4ee4-a6bc-15c0aeb35746,2007-08-08,16:15:00,EDSA B. Serrano St. Caloocan,0,0,0,0,0,0,0,0,0,0,2007-08-09 0:15,Property,14.657535,121.0201293,Side Swipe
None,EDSA,None,None,"Human Error, Side Swipe, 0.0 drivers_injured, 0.0 drivers_killed, 0.0 passengers_injured, 0.0 passengers_killed, 0.0 pedestrian_injured, 0.0 pedestrian_killed, Dry, EDSA near Aurora Blvd. Quezon City",MMDA Road Safety Unit,,7ffaf748-9b51-473b-893c-aba7232f63f4,2007-08-06,14:30:00,EDSA B. Serrano St. Caloocan,0,0,0,0,0,0,0,0,0,0,2007-08-06 22:30,Property,14.62155994,121.0501481,Side Swipe
None,EDSA,None,None,"Human Error, Side Swipe, 0.0 drivers_injured, 0.0 drivers_killed, 0.0 passengers_injured, 0.0 passengers_killed, 0.0 pedestrian_injured, 0.0 pedestrian_killed, Dry, Edsa Royal St. Quezon City",MMDA Road Safety Unit,,0aba8ae2-7de6-4401-97f8-943ba6aadaa8,2007-08-05,04:30:00,EDSA Gen. Malvar St. Caloocan,0,0,0,0,0,0,0,0,0,0,2007-08-05 12:30,Property,14.65767141,121.0107008,Side Swipe
None,EDSA,None,None,"Unknown, Hit and Run (No Collision Stated), 0.0 drivers_injured, 0.0 drivers_killed, 0.0 passengers_injured, 0.0 passengers_killed, 0.0 pedestrian_injured, 0.0 pedestrian_killed, Dry, EDSA North Ave. Quezon City",MMDA Road Safety Unit,,295ddb59-1aaa-4545-b94d-06ece5c29966,2007-08-03,09:45:00,EDSA 8th St. Caloocan,0,0,0,0,0,0,0,0,0,0,2007-08-03 17:45,Property,14.65553839,121.0299647,No Collision Stated
None,EDSA,None,None,"Human Error, Hit and Run (No Collision Stated), 0.0 drivers_injured, 0.0 drivers_killed, 0.0 passengers_injured, 0.0 passengers_killed, 0.0 pedestrian_injured, 0.0 pedestrian_killed, Dry, EDSA near East Ave. Quezon City",MMDA Road Safety Unit,,3ada0d78-17aa-4323-9ede-c66f13b51c00,2007-07-31,12:00:00,EDSA Gen. Malvar St. Caloocan,0,0,0,0,0,0,0,0,0,0,2007-07-31 20:00,Property,14.6332242,121.0448694,No Collision Stated
None,EDSA,None,None,"Human Error, Angle Impact, 0.0 drivers_injured, 0.0 drivers_killed, 0.0 passengers_injured, 0.0 passengers_killed, 0.0 pedestrian_injured, 0.0 pedestrian_killed, Dry, EDSA Kamuning Road Quezon City",MMDA Road Safety Unit,,0d08b62e-2602-429c-abe7-b6cd9237e610,2007-07-31,05:30:00,EDSA A. De Jesus St. Caloocan,0,0,0,0,0,0,0,0,0,0,2007-07-31 13:30,Property,14.63072687,121.0457926,Angle Impact
None,EDSA,None,None,"Human Error, Side Swipe, 0.0 drivers_injured, 0.0 drivers_killed, 0.0 passengers_injured, 0.0 passengers_killed, 0.0 pedestrian_injured, 0.0 pedestrian_killed, Dry, EDSA fronting Bensol Lumber Quezon City",MMDA Road Safety Unit,,b68f27e3-f1aa-4df4-9d14-492b0ffcb702,2007-07-31,01:10:00,EDSA Gen. Malvar St. Caloocan,0,0,0,0,0,0,0,0,0,0,2007-07-31 9:10,Property,14.65746819,121.0067145,Side Swipe
None,EDSA,None,None,"Human Error, Angle Impact, 0.0 drivers_injured, 0.0 drivers_killed, 0.0 passengers_injured, 0.0 passengers_killed, 0.0 pedestrian_injured, 0.0 pedestrian_killed, Dry, EDSA Kamias Road Quezon City",MMDA Road Safety Unit,,e9fcf5cf-c6cd-4129-8346-e96e39873e1f,2007-07-28,11:10:00,EDSA B. Serrano St. Caloocan,0,0,0,0,0,0,0,0,0,0,2007-07-28 19:10,Property,14.63079588,121.045972,Angle Impact
None,EDSA,None,None,"Human Error, Angle Impact, 0.0 drivers_injured, 0.0 drivers_killed, 0.0 passengers_injured, 0.0 passengers_killed, 0.0 pedestrian_injured, 0.0 pedestrian_killed, Dry, EDSA Kamuning Road Quezon City",MMDA Road Safety Unit,,b900183a-e281-4352-9b93-455fde449fb0,2007-07-27,18:00:00,EDSA Bonifacio Monumento Circle Caloocan,0,0,0,0,0,0,0,0,0,0,2007-07-28 2:00,Property,14.63072687,121.0457926,Angle Impact
None,EDSA,None,None,"Human Error, Side Swipe, 0.0 drivers_injured, 0.0 drivers_killed, 0.0 passengers_injured, 0.0 passengers_killed, 0.0 pedestrian_injured, 0.0 pedestrian_killed, Dry, EDSA fronting Stn. 10 QCPD Quezon City",MMDA Road Safety Unit,,e0530ae0-db75-4e4c-8e9b-79af72214e63,2007-07-25,23:00:00,EDSA Mariano Ponce St. Caloocan,0,0,0,0,0,0,0,0,0,0,2007-07-26 7:00,Property,14.62983779,121.0461681,Side Swipe
None,EDSA,None,None,"Human Error, Angle Impact, 0.0 drivers_injured, 0.0 drivers_killed, 0.0 passengers_injured, 0.0 passengers_killed, 0.0 pedestrian_injured, 0.0 pedestrian_killed, Dry, EDSA Roosevelt Ave. Quezon City",MMDA Road Safety Unit,,a6fe701f-29d9-4a61-a07d-3ab16f34ed50,2007-07-25,22:15:00,EDSA Mercury Drugstore Caloocan,0,0,0,0,0,0,0,0,0,0,2007-07-26 6:15,Property,14.6574918,121.0195449,Angle Impact
None,EDSA,None,None,"Human Error, Angle Impact, 0.0 drivers_injured, 0.0 drivers_killed, 0.0 passengers_injured, 0.0 passengers_killed, 0.0 pedestrian_injured, 0.0 pedestrian_killed, Dry, EDSA Kaingin Road Quezon City",MMDA Road Safety Unit,,cb3529c6-190c-4c05-a346-37ce1ee57cc1,2007-07-25,02:45:00,EDSA Gen. Tinio St. Caloocan,0,0,0,0,0,0,0,0,0,0,2007-07-25 10:45,Property,14.65738728,121.0111011,Angle Impact
None,EDSA,None,None,"Human Error, Side Swipe, 0.0 drivers_injured, 0.0 drivers_killed, 0.0 passengers_injured, 0.0 passengers_killed, 0.0 pedestrian_injured, 0.0 pedestrian_killed, Dry, EDSA fronting Camp Aguinaldo Quezon City",MMDA Road Safety Unit,,48ad0271-83bf-407c-834c-3e7de4b6ea7c,2007-07-24,07:10:00,EDSA B. Serrano St. Caloocan,0,0,0,0,0,0,0,0,0,0,2007-07-24 15:10,Property,14.6074566,121.0567511,Side Swipe
None,EDSA,None,None,"Human Error, Rear-end, 0.0 drivers_injured, 0.0 drivers_killed, 0.0 passengers_injured, 0.0 passengers_killed, 0.0 pedestrian_injured, 0.0 pedestrian_killed, Dry, EDSA OP/UP Balintawak Quezon City",MMDA Road Safety Unit,,140f6b79-105e-49e8-a48e-11273731b39d,2007-07-24,05:00:00,"EDSA A. De Jesus St., U'TURn Slot Caloocan",0,0,0,0,0,0,0,0,0,0,2007-07-24 13:00,Property,14.65736015,121.002298,Rear-End
None,EDSA,None,None,"Human Error, Side Swipe, 0.0 drivers_injured, 0.0 drivers_killed, 0.0 passengers_injured, 0.0 passengers_killed, 0.0 pedestrian_injured, 0.0 pedestrian_killed, Dry, EDSA fronting Nissan Motors Show Room Quezon City",MMDA Road Safety Unit,,2bf34bec-130b-46bc-bcc8-8a9e7271045b,2007-07-23,22:15:00,EDSA Mascardo St. Caloocan,0,0,0,0,0,0,0,0,0,0,2007-07-24 6:15,Property,14.65774959,121.0136701,Side Swipe
None,EDSA,None,None,"Unknown, Hit and Run (No Collision Stated), 0.0 drivers_injured, 0.0 drivers_killed, 0.0 passengers_injured, 0.0 passengers_killed, 0.0 pedestrian_injured, 0.0 pedestrian_killed, Dry, EDSA Gami St. Quezon City",MMDA Road Safety Unit,,a5c6d6fd-ff1e-49ef-b8f6-712c0f710bff,2007-07-23,09:25:00,EDSA A. De Jesus St. Caloocan,0,0,0,0,0,0,0,0,0,0,2007-07-23 17:25,Property,14.65776122,121.0174636,No Collision Stated
None,EDSA,None,None,"Human Error, Side Swipe, 0.0 drivers_injured, 0.0 drivers_killed, 1.0 passengers_injured, 0.0 passengers_killed, 0.0 pedestrian_injured, 0.0 pedestrian_killed, Dry, EDSA fronting Merced Bakeshop Quezon City",MMDA Road Safety Unit,,fde411a0-2bea-4cf0-a731-b086f03c239f,2007-07-22,03:45:00,"EDSA Gen., Malvar St. U'Turn Slot Caloocan",0,0,0,0,1,0,0,0,0,1,2007-07-22 11:45,Injury,14.64588425,121.0362691,Side Swipe
None,EDSA,None,None,"Human Error, Side Swipe, 1.0 drivers_injured, 0.0 drivers_killed, 0.0 passengers_injured, 0.0 passengers_killed, 0.0 pedestrian_injured, 0.0 pedestrian_killed, Dry, EDSA near Olivares Drive Quezon City",MMDA Road Safety Unit,,24c5c975-bfa5-4e2a-b8b6-02b4d1aa81cf,2007-07-21,08:15:00,EDSA A. De Jesus St. Caloocan,0,0,0,1,0,0,0,0,0,1,2007-07-21 16:15,Injury,14.65750897,121.0065913,Side Swipe
None,EDSA,None,None,"Human Error, Side Swipe, 0.0 drivers_injured, 0.0 drivers_killed, 0.0 passengers_injured, 0.0 passengers_killed, 0.0 pedestrian_injured, 0.0 pedestrian_killed, Dry, EDSA fronting Balintawak market Quezon City",MMDA Road Safety Unit,,70e6de46-6a78-49e7-9543-4caea41c92bc,2007-07-21,08:00:00,EDSA Urbano Plata St. Caloocan,0,0,0,0,0,0,0,0,0,0,2007-07-21 16:00,Property,14.65736198,121.00264,Side Swipe
None,EDSA,None,None,"Unknown, Hit and Run (No Collision Stated), 0.0 drivers_injured, 0.0 drivers_killed, 0.0 passengers_injured, 0.0 passengers_killed, 0.0 pedestrian_injured, 0.0 pedestrian_killed, Dry, EDSA Howmart Road Quezon City",MMDA Road Safety Unit,,2f1d62d4-2636-448e-86d7-0e1fc089119f,2007-07-20,08:20:00,EDSA Gen. Tinio St. Caloocan,0,0,0,0,0,0,0,0,0,0,2007-07-20 16:20,Property,14.65764415,121.0108224,No Collision Stated
None,EDSA,None,None,"Unknown, Hit and Run (No Collision Stated), 0.0 drivers_injured, 0.0 drivers_killed, 0.0 passengers_injured, 0.0 passengers_killed, 0.0 pedestrian_injured, 0.0 pedestrian_killed, Dry, EDSA near Kamuning Road Quezon City",MMDA Road Safety Unit,,1cb84083-df3c-402f-951e-b7fe4aedbe1e,2007-07-19,08:30:00,EDSA Gen. Tinio St. Caloocan,0,0,0,0,0,0,0,0,0,0,2007-07-19 16:30,Property,14.63085309,121.0457785,No Collision Stated
None,EDSA,None,None,"Human Error, Angle Impact, 0.0 drivers_injured, 0.0 drivers_killed, 0.0 passengers_injured, 0.0 passengers_killed, 0.0 pedestrian_injured, 0.0 pedestrian_killed, Dry, EDSA Kamuning Road Quezon City",MMDA Road Safety Unit,,3f2a65a7-bce2-4b17-9b2c-5bf71146665d,2007-07-16,17:00:00,EDSA B. Serrano St. Caloocan,0,0,0,0,0,0,0,0,0,0,2007-07-17 1:00,Property,14.63072687,121.0457926,Angle Impact
None,EDSA,None,None,"Human Error, Side Swipe, 0.0 drivers_injured, 0.0 drivers_killed, 0.0 passengers_injured, 0.0 passengers_killed, 0.0 pedestrian_injured, 0.0 pedestrian_killed, Dry, EDSA Roosevelt Ave. Quezon City",MMDA Road Safety Unit,,50a9a78e-9152-40b8-996d-5dafc8ce6f1a,2007-07-16,09:15:00,EDSA B. Serrano St. - A. De Jesus St. Caloocan,0,0,0,0,0,0,0,0,0,0,2007-07-16 17:15,Property,14.65762047,121.0196373,Side Swipe
None,EDSA,None,None,"Human Error, Angle Impact, 0.0 drivers_injured, 0.0 drivers_killed, 0.0 passengers_injured, 0.0 passengers_killed, 0.0 pedestrian_injured, 0.0 pedestrian_killed, Dry, EDSA Oliveros Drive Quezon City",MMDA Road Safety Unit,,18db47b5-f6ba-4269-81b1-8dada1f343d7,2007-07-15,17:00:00,EDSA Gen. Malvar St. Caloocan,0,0,0,0,0,0,0,0,0,0,2007-07-16 1:00,Property,14.65753032,121.006583,Angle Impact
None,EDSA,None,None,"Human Error, Hit object (Gate-Concrete - Steel), 0.0 drivers_injured, 0.0 drivers_killed, 0.0 passengers_injured, 0.0 passengers_killed, 0.0 pedestrian_injured, 0.0 pedestrian_killed, Dry, EDSA Balintawak  Quezon City",MMDA Road Safety Unit,,5e2a2260-7d0c-4d2b-90cd-69af84db1704,2007-07-11,09:30:00,EDSA A. De Jesus St. Caloocan,0,0,0,0,0,0,0,0,0,0,2007-07-11 17:30,Property,14.65729159,121.0028064,Hit Object
None,EDSA,None,None,"Human Error, Side Swipe, 0.0 drivers_injured, 0.0 drivers_killed, 0.0 passengers_injured, 0.0 passengers_killed, 0.0 pedestrian_injured, 0.0 pedestrian_killed, Dry, EDSA near Oliveros Drive Quezon City",MMDA Road Safety Unit,,d0fc7610-1aa1-4a8a-919c-44edf8da526e,2007-07-09,23:45:00,EDSA Toyota Motors Caloocan,0,0,0,0,0,0,0,0,0,0,2007-07-10 7:45,Property,14.65750897,121.0065913,Side Swipe
None,EDSA,None,None,"Human Error, Side Swipe, 0.0 drivers_injured, 0.0 drivers_killed, 0.0 passengers_injured, 0.0 passengers_killed, 0.0 pedestrian_injured, 0.0 pedestrian_killed, Dry, EDSA fronting Oriental Market Quezon City",MMDA Road Safety Unit,,949f2fba-ae2a-4891-b503-44d852b4fa78,2007-07-09,07:20:00,EDSA Tandang Sora St. Caloocan,0,0,0,0,0,0,0,0,0,0,2007-07-09 15:20,Property,14.65737508,121.004028,Side Swipe
None,EDSA,None,None,"Human Error, Angle Impact, 0.0 drivers_injured, 0.0 drivers_killed, 0.0 passengers_injured, 0.0 passengers_killed, 0.0 pedestrian_injured, 0.0 pedestrian_killed, Dry, EDSA Oliveros Drive Quezon City",MMDA Road Safety Unit,,8233b669-f6c9-49d6-9dfa-e4ec736b8736,2007-07-09,04:55:00,EDSA Arellano St. Caloocan,0,0,0,0,0,0,0,0,0,0,2007-07-09 12:55,Property,14.65753032,121.006583,Angle Impact
None,EDSA,None,None,"Human Error, Rear-end, 0.0 drivers_injured, 0.0 drivers_killed, 0.0 passengers_injured, 0.0 passengers_killed, 0.0 pedestrian_injured, 0.0 pedestrian_killed, Dry, EDSA Kamuning Road Quezon City",MMDA Road Safety Unit,,45026f20-ac72-43af-b2c8-5b60f1a0a64f,2007-07-07,05:35:00,EDSA D. Arellano St. Caloocan,0,0,0,0,0,0,0,0,0,0,2007-07-07 13:35,Property,14.63075725,121.0457548,Rear-End
None,EDSA,None,None,"Human Error, Hit and Run (No Collision Stated), 0.0 drivers_injured, 0.0 drivers_killed, 0.0 passengers_injured, 0.0 passengers_killed, 0.0 pedestrian_injured, 0.0 pedestrian_killed, Dry, EDSA Balintawak  Quezon City",MMDA Road Safety Unit,,9583f69d-7e38-456e-979d-a37647cb8ea2,2007-07-07,02:00:00,EDSA Honda Motors Caloocan,0,0,0,0,0,0,0,0,0,0,2007-07-07 10:00,Property,14.65731746,121.0042256,No Collision Stated
None,EDSA,None,None,"Unknown, Hit and Run (No Collision Stated), 0.0 drivers_injured, 0.0 drivers_killed, 0.0 passengers_injured, 0.0 passengers_killed, 0.0 pedestrian_injured, 0.0 pedestrian_killed, Dry, EDSA Congressional Ave. Quezon City",MMDA Road Safety Unit,,c71d1c4d-e493-45c8-9730-431f961a328b,2007-07-06,10:30:00,EDSA A. De Jesus St. Caloocan,0,0,0,0,0,0,0,0,0,0,2007-07-06 18:30,Property,14.6571804,120.9927185,No Collision Stated
None,EDSA,None,None,"Human Error, Side Swipe, 0.0 drivers_injured, 0.0 drivers_killed, 0.0 passengers_injured, 0.0 passengers_killed, 0.0 pedestrian_injured, 0.0 pedestrian_killed, Dry, EDSA fronting Jack Liner Terminal Quezon City",MMDA Road Safety Unit,,2e6c9b0f-923c-40ca-bb91-3ffe0639c59b,2007-07-06,09:45:00,EDSA Tandang Sora St. Caloocan,0,0,0,0,0,0,0,0,0,0,2007-07-06 17:45,Property,14.63206278,121.0454731,Side Swipe
None,EDSA,None,None,"Human Error, Hit object (Barrier-Concrete), 0.0 drivers_injured, 0.0 drivers_killed, 0.0 passengers_injured, 0.0 passengers_killed, 0.0 pedestrian_injured, 0.0 pedestrian_killed, Dry, EDSA Roosevelt Ave. Quezon City",MMDA Road Safety Unit,,cbf11312-abca-4ac7-9af7-67805285c51a,2007-07-05,18:30:00,EDSA A. De Jesus St. Caloocan,0,0,0,0,0,0,0,0,0,0,2007-07-06 2:30,Property,14.6574918,121.0195449,Hit Object
None,EDSA,None,None,"Human Error, Side Swipe, 0.0 drivers_injured, 0.0 drivers_killed, 0.0 passengers_injured, 0.0 passengers_killed, 0.0 pedestrian_injured, 0.0 pedestrian_killed, Dry, EDSA fronting Balintawak Market Quezon City",MMDA Road Safety Unit,,9a8b3d9e-3f85-4f29-8c60-aaaf2c0a2537,2007-07-05,17:00:00,EDSA B. Serrano St. Caloocan,0,0,0,0,0,0,0,0,0,0,2007-07-06 1:00,Property,14.65736198,121.00264,Side Swipe
None,EDSA,None,None,"Human Error, Side Swipe, 0.0 drivers_injured, 0.0 drivers_killed, 0.0 passengers_injured, 0.0 passengers_killed, 0.0 pedestrian_injured, 0.0 pedestrian_killed, Dry, EDSA fronting Camp Aguinaldo Quezon City",MMDA Road Safety Unit,,2b24700b-7fbf-46ab-a9c0-d360e5cd29d9,2007-07-04,04:00:00,EDSA Gen. Tirona St. Caloocan,0,0,0,0,0,0,0,0,0,0,2007-07-04 12:00,Property,14.6074566,121.0567511,Side Swipe
None,EDSA,None,None,"Human Error, Angle Impact, 0.0 drivers_injured, 0.0 drivers_killed, 0.0 passengers_injured, 0.0 passengers_killed, 0.0 pedestrian_injured, 0.0 pedestrian_killed, Dry, EDSA Congressional Ave. Quezon City",MMDA Road Safety Unit,,df70a60f-a3fc-4782-b92c-46a2da606fb8,2007-07-03,06:45:00,"EDSA Gen., Malvar St. U'Turn Slot Caloocan",0,0,0,0,0,0,0,0,0,0,2007-07-03 14:45,Property,14.65771436,121.019788,Angle Impact
None,EDSA,None,None,"Human Error, Side Swipe, 0.0 drivers_injured, 0.0 drivers_killed, 0.0 passengers_injured, 0.0 passengers_killed, 0.0 pedestrian_injured, 0.0 pedestrian_killed, Dry, EDSA fronting Oriental Market Quezon City",MMDA Road Safety Unit,,5ad87cfc-671c-4e42-bcc0-1436ad18f904,2007-07-02,06:45:00,EDSA Urbano Plata St. Caloocan,0,0,0,0,0,0,0,0,0,0,2007-07-02 14:45,Property,14.65737508,121.004028,Side Swipe
None,EDSA,None,None,"Human Error, Side Swipe, 0.0 drivers_injured, 0.0 drivers_killed, 0.0 passengers_injured, 0.0 passengers_killed, 0.0 pedestrian_injured, 0.0 pedestrian_killed, Dry, EDSA SM City North Quezon City",MMDA Road Safety Unit,,843a091a-ed75-47b2-b1a5-5a6d1108ef27,2007-06-30,15:30:00,EDSA A. De Jesus St. Caloocan,0,0,0,0,0,0,0,0,0,0,2007-06-30 23:30,Property,14.6563096,121.02741,Side Swipe
None,EDSA,None,None,"Human Error, Side Swipe, 0.0 drivers_injured, 0.0 drivers_killed, 0.0 passengers_injured, 0.0 passengers_killed, 0.0 pedestrian_injured, 0.0 pedestrian_killed, Dry, EDSA Kamias Road infront LBC Quezon City",MMDA Road Safety Unit,,821878ac-6900-4b21-88d8-0bd294611c5c,2007-06-30,09:50:00,"EDSA Gen., Evangelista St., Bgy 138 Caloocan",0,0,0,0,0,0,0,0,0,0,2007-06-30 17:50,Property,14.6309142,121.0459376,Side Swipe
None,EDSA,None,None,"Human Error, Angle Impact, 0.0 drivers_injured, 0.0 drivers_killed, 0.0 passengers_injured, 0.0 passengers_killed, 0.0 pedestrian_injured, 0.0 pedestrian_killed, Dry, EDSA North Ave. Quezon City",MMDA Road Safety Unit,,c4f3e7b0-f66b-480f-8f27-9484667f4308,2007-06-30,09:45:00,EDSA Gen. Tirona St. Caloocan,0,0,0,0,0,0,0,0,0,0,2007-06-30 17:45,Property,14.6556177,121.0302221,Angle Impact
None,EDSA,None,None,"Human Error, Angle Impact, 0.0 drivers_injured, 0.0 drivers_killed, 0.0 passengers_injured, 0.0 passengers_killed, 0.0 pedestrian_injured, 0.0 pedestrian_killed, Dry, EDSA North Ave. Quezon City",MMDA Road Safety Unit,,fde71f97-34cd-4804-9fa6-1c67fe85a00e,2007-06-30,02:45:00,EDSA Arellano St. Caloocan,0,0,0,0,0,0,0,0,0,0,2007-06-30 10:45,Property,14.6556177,121.0302221,Angle Impact