LOCATION_TEXT,ROAD,WEATHER,LIGHT,DESC,REPORTING_AGENCY,MAIN_CAUSE,INCIDENTDETAILS_ID,DATE_UTC,TIME_UTC,ADDRESS,killed_driver,killed_passenger,killed_pedestrian,injured_driver,injured_passenger,injured_pedestrian,killed_uncategorized,injured_uncategorized,killed_total,injured_total,DATETIME_PST,SEVERITY,Y,X,COLLISION_TYPE
None,EDSA,None,None,"Human Error, Angle Impact, 0.0 drivers_injured, 0.0 drivers_killed, 0.0 passengers_injured, 0.0 passengers_killed, 0.0 pedestrian_injured, 0.0 pedestrian_killed, Dry, EDSA Ermin Garcia St. Quezon City",MMDA Road Safety Unit,,bd826dfe-4721-40da-aea1-4b78d81943bc,2007-06-29,09:15:00,EDSA MCU Caloocan,0,0,0,0,0,0,0,0,0,0,2007-06-29 17:15,Property,14.62734014,121.0473361,Angle Impact
None,EDSA,None,None,"Unknown, Hit and Run (No Collision Stated), 0.0 drivers_injured, 0.0 drivers_killed, 0.0 passengers_injured, 0.0 passengers_killed, 0.0 pedestrian_injured, 0.0 pedestrian_killed, Dry, EDSA Quezon Ave. Quezon City",MMDA Road Safety Unit,,2d7ee0f3-fc18-4d46-aa24-e6a7d1a765dd,2007-06-29,06:45:00,EDSA Mariano Ponce St. Caloocan,0,0,0,0,0,0,0,0,0,0,2007-06-29 14:45,Property,14.6442444,121.0375839,No Collision Stated
None,EDSA,None,None,"Human Error, Side Swipe, 0.0 drivers_injured, 0.0 drivers_killed, 0.0 passengers_injured, 0.0 passengers_killed, 0.0 pedestrian_injured, 0.0 pedestrian_killed, Dry, EDSA fronting INC Church Quezon City",MMDA Road Safety Unit,,3dfe5e0e-1462-4590-adaf-cd68606f4299,2007-06-28,10:30:00,EDSA Benin St. Caloocan,0,0,0,0,0,0,0,0,0,0,2007-06-28 18:30,Property,14.65749652,121.0222666,Side Swipe
None,EDSA,None,None,"Human Error, Angle Impact, 0.0 drivers_injured, 0.0 drivers_killed, 0.0 passengers_injured, 0.0 passengers_killed, 0.0 pedestrian_injured, 0.0 pedestrian_killed, Dry, EDSA Kamuning Road Quezon City",MMDA Road Safety Unit,,c6afd7a8-f7ee-41c8-ad74-ea331a46b26a,2007-06-27,01:05:00,EDSA Bonifacio Monumento Circle Caloocan,0,0,0,0,0,0,0,0,0,0,2007-06-27 9:05,Property,14.63072687,121.0457926,Angle Impact
None,EDSA,None,None,"Human Error, Angle Impact, 0.0 drivers_injured, 0.0 drivers_killed, 0.0 passengers_injured, 0.0 passengers_killed, 0.0 pedestrian_injured, 0.0 pedestrian_killed, Dry, EDSA Congressional Road Quezon City",MMDA Road Safety Unit,,d80aadb3-b25d-4690-a6b0-8dfe1679e5c6,2007-06-26,16:00:00,"EDSA ""U"" turn slot, Gen. Malvar St. Caloocan",0,0,0,0,0,0,0,0,0,0,2007-06-27,Property,14.65771436,121.019788,Angle Impact
None,EDSA,None,None,"Human Error, Angle Impact, 0.0 drivers_injured, 0.0 drivers_killed, 0.0 passengers_injured, 0.0 passengers_killed, 0.0 pedestrian_injured, 0.0 pedestrian_killed, Dry, EDSA Corregidor St. Quezon City",MMDA Road Safety Unit,,d3fcb613-0620-4e4f-b003-910c7d5a5335,2007-06-26,04:00:00,EDSA A. De Jesus St. Caloocan,0,0,0,0,0,0,0,0,0,0,2007-06-26 12:00,Property,14.65700215,121.0241289,Angle Impact
None,EDSA,None,None,"Human Error, Angle Impact, 0.0 drivers_injured, 0.0 drivers_killed, 0.0 passengers_injured, 0.0 passengers_killed, 0.0 pedestrian_injured, 0.0 pedestrian_killed, Dry, EDSA North Ave. Quezon City",MMDA Road Safety Unit,,58c4fe81-0a3d-48b1-8322-b6aebd0d7bfd,2007-06-25,17:20:00,EDSA Asuncion St. Caloocan,0,0,0,0,0,0,0,0,0,0,2007-06-26 1:20,Property,14.6556177,121.0302221,Angle Impact
None,EDSA,None,None,"Human Error, Side Swipe, 0.0 drivers_injured, 0.0 drivers_killed, 0.0 passengers_injured, 0.0 passengers_killed, 0.0 pedestrian_injured, 0.0 pedestrian_killed, Dry, EDSA fronting Cloverleaf market Quezon City",MMDA Road Safety Unit,,16c22ab9-390a-473a-bdbb-6dee02a26baf,2007-06-25,05:00:00,EDSA Gen. Simon St. Caloocan,0,0,0,0,0,0,0,0,0,0,2007-06-25 13:00,Property,14.65731339,121.000715,Side Swipe
None,EDSA,None,None,"Human Error, Hit and Run (No Collision Stated), 0.0 drivers_injured, 0.0 drivers_killed, 0.0 passengers_injured, 0.0 passengers_killed, 0.0 pedestrian_injured, 0.0 pedestrian_killed, Dry, EDSA Corregidor St. Quezon City",MMDA Road Safety Unit,,307b7bcb-102b-4da2-bdd3-e7328e26d055,2007-06-24,06:45:00,EDSA A. De Jesus St. Caloocan,0,0,0,0,0,0,0,0,0,0,2007-06-24 14:45,Property,14.65700215,121.0241289,No Collision Stated
None,EDSA,None,None,"Human Error, Angle Impact, 0.0 drivers_injured, 0.0 drivers_killed, 0.0 passengers_injured, 0.0 passengers_killed, 0.0 pedestrian_injured, 0.0 pedestrian_killed, Dry, EDSA North Ave. Quezon City",MMDA Road Safety Unit,,0b0e4b23-bc11-4348-b1e8-bc394c4f786c,2007-06-24,02:25:00,EDSA Bonifacio Memorial Circle Caloocan,0,0,0,0,0,0,0,0,0,0,2007-06-24 10:25,Property,14.6556177,121.0302221,Angle Impact
None,EDSA,None,None,"Human Error, Angle Impact, 0.0 drivers_injured, 0.0 drivers_killed, 0.0 passengers_injured, 0.0 passengers_killed, 0.0 pedestrian_injured, 0.0 pedestrian_killed, Dry, EDSA Congressional Road Quezon City",MMDA Road Safety Unit,,c61bdf73-1ba2-4286-a182-24839bf168da,2007-06-23,21:00:00,EDSA Asuncion St. Caloocan,0,0,0,0,0,0,0,0,0,0,2007-06-24 5:00,Property,14.65771436,121.019788,Angle Impact
None,EDSA,None,None,"Human Error, Side Swipe, 0.0 drivers_injured, 0.0 drivers_killed, 0.0 passengers_injured, 0.0 passengers_killed, 0.0 pedestrian_injured, 0.0 pedestrian_killed, Dry, EDSA fronitng Jollibee near cor. Roosevelt Quezon City",MMDA Road Safety Unit,,ecabbc2d-7321-4777-a973-f4153c1a7664,2007-06-23,17:30:00,EDSA Gen. Malvar St. Caloocan,0,0,0,0,0,0,0,0,0,0,2007-06-24 1:30,Property,14.6575792,121.0201512,Side Swipe
None,EDSA,None,None,"Human Error, Angle Impact, 0.0 drivers_injured, 0.0 drivers_killed, 0.0 passengers_injured, 0.0 passengers_killed, 0.0 pedestrian_injured, 0.0 pedestrian_killed, Dry, EDSA Congressional Road Quezon City",MMDA Road Safety Unit,,c437615f-2fc4-448b-ab1d-530c77f97531,2007-06-23,09:15:00,EDSA Gen. Tinio St. Caloocan,0,0,0,0,0,0,0,0,0,0,2007-06-23 17:15,Property,14.65771436,121.019788,Angle Impact
None,EDSA,None,None,"Human Error, Hit and Run (No Collision Stated), 0.0 drivers_injured, 0.0 drivers_killed, 0.0 passengers_injured, 0.0 passengers_killed, 0.0 pedestrian_injured, 0.0 pedestrian_killed, Dry, EDSA Congressional Road Quezon City",MMDA Road Safety Unit,,55ad0a1a-15e4-4ed8-bf30-aa4040a6b104,2007-06-23,02:00:00,EDSA Gen. Malvar St.  Caloocan,0,0,0,0,0,0,0,0,0,0,2007-06-23 10:00,Property,14.65771436,121.019788,No Collision Stated
None,EDSA,None,None,"Human Error, Angle Impact, 0.0 drivers_injured, 0.0 drivers_killed, 0.0 passengers_injured, 0.0 passengers_killed, 0.0 pedestrian_injured, 0.0 pedestrian_killed, Dry, EDSA Corregidor St. Quezon City",MMDA Road Safety Unit,,12580322-1e45-4298-b58f-adb22db1a2f1,2007-06-22,07:30:00,EDSA Gen. Malvar St.  Caloocan,0,0,0,0,0,0,0,0,0,0,2007-06-22 15:30,Property,14.65700215,121.0241289,Angle Impact
None,EDSA,None,None,"Human Error, Angle Impact, 0.0 drivers_injured, 0.0 drivers_killed, 0.0 passengers_injured, 0.0 passengers_killed, 0.0 pedestrian_injured, 0.0 pedestrian_killed, Dry, EDSA Congressional Road Quezon City",MMDA Road Safety Unit,,656c98ef-e996-4456-9ec6-9cc37a483760,2007-06-20,12:10:00,EDSA A. De Jesus St. Caloocan,0,0,0,0,0,0,0,0,0,0,2007-06-20 20:10,Property,14.65771436,121.019788,Angle Impact
None,EDSA,None,None,"Human Error, Angle Impact, 0.0 drivers_injured, 0.0 drivers_killed, 0.0 passengers_injured, 0.0 passengers_killed, 0.0 pedestrian_injured, 0.0 pedestrian_killed, Dry, EDSA Congressional Road Quezon City",MMDA Road Safety Unit,,37d101ea-5891-457b-bd4d-dfbb024e690a,2007-06-20,09:40:00,EDSA Honda Motors Caloocan,0,0,0,0,0,0,0,0,0,0,2007-06-20 17:40,Property,14.65771436,121.019788,Angle Impact
None,EDSA,None,None,"Human Error, Angle Impact, 0.0 drivers_injured, 0.0 drivers_killed, 0.0 passengers_injured, 0.0 passengers_killed, 0.0 pedestrian_injured, 0.0 pedestrian_killed, Dry, EDSA Seminary Road Quezon City",MMDA Road Safety Unit,,7b20ff9b-5cd2-4fd7-8729-d47592af5b7c,2007-06-18,13:30:00,EDSA B. Serrano St. Caloocan,0,0,0,0,0,0,0,0,0,0,2007-06-18 21:30,Property,14.65766822,121.0175051,Angle Impact
None,EDSA,None,None,"Unknown, Hit and Run (No Collision Stated), 0.0 drivers_injured, 0.0 drivers_killed, 0.0 passengers_injured, 0.0 passengers_killed, 0.0 pedestrian_injured, 0.0 pedestrian_killed, Dry, EDSA North Ave. Quezon City",MMDA Road Safety Unit,,03d3c861-b504-4aae-9b74-f70fd69c076d,2007-06-17,21:30:00,"EDSA Mercury Drug Store , Bgy 82 Caloocan",0,0,0,0,0,0,0,0,0,0,2007-06-18 5:30,Property,14.65553839,121.0299647,No Collision Stated
None,EDSA,None,None,"Human Error, Angle Impact, 0.0 drivers_injured, 0.0 drivers_killed, 0.0 passengers_injured, 0.0 passengers_killed, 0.0 pedestrian_injured, 0.0 pedestrian_killed, Dry, EDSA Congressional Road Quezon City",MMDA Road Safety Unit,,c441d1b9-f7ee-458e-8909-37791eea3f4a,2007-06-16,13:30:00,"EDSA U Turn Slot , Gen. Tinio Caloocan",0,0,0,0,0,0,0,0,0,0,2007-06-16 21:30,Property,14.65771436,121.019788,Angle Impact
None,EDSA,None,None,"Human Error, Side Swipe, 0.0 drivers_injured, 0.0 drivers_killed, 0.0 passengers_injured, 0.0 passengers_killed, 0.0 pedestrian_injured, 0.0 pedestrian_killed, Dry, EDSA SM City Annex Quezon City",MMDA Road Safety Unit,,a8aaed80-df81-44f2-9aa8-3507ec28da1a,2007-06-14,11:20:00,EDSA B. Serrano St. Caloocan,0,0,0,0,0,0,0,0,0,0,2007-06-14 19:20,Property,14.6563096,121.02741,Side Swipe
None,EDSA,None,None,"Human Error, Side Swipe, 0.0 drivers_injured, 0.0 drivers_killed, 0.0 passengers_injured, 0.0 passengers_killed, 0.0 pedestrian_injured, 0.0 pedestrian_killed, Dry, EDSA fronting INC Church Quezon City",MMDA Road Safety Unit,,7a9ddd75-5ee8-446f-89a0-106abb870518,2007-06-14,08:00:00,EDSA Gen. Tirona St. Caloocan,0,0,0,0,0,0,0,0,0,0,2007-06-14 16:00,Property,14.65749652,121.0222666,Side Swipe
None,EDSA,None,None,"Human Error, Angle Impact, 0.0 drivers_injured, 0.0 drivers_killed, 0.0 passengers_injured, 0.0 passengers_killed, 0.0 pedestrian_injured, 0.0 pedestrian_killed, Dry, EDSA Congressional Road Quezon City",MMDA Road Safety Unit,,579e8f6b-ce71-4148-bc35-3d67568ef56a,2007-06-13,20:00:00,EDSA Bonifacio Monumento Circle Caloocan,0,0,0,0,0,0,0,0,0,0,2007-06-14 4:00,Property,14.65771436,121.019788,Angle Impact
None,EDSA,None,None,"Human Error, Side Swipe, 0.0 drivers_injured, 0.0 drivers_killed, 0.0 passengers_injured, 0.0 passengers_killed, 0.0 pedestrian_injured, 0.0 pedestrian_killed, Dry, EDSA MRT North  Quezon City",MMDA Road Safety Unit,,220ad1d0-7d1b-4e12-8ac3-1555c4d34563,2007-06-12,03:00:00,EDSA Gen. Tirona St. Caloocan,0,0,0,0,0,0,0,0,0,0,2007-06-12 11:00,Property,14.65224665,121.0323026,Side Swipe
None,EDSA,None,None,"Human Error, Hit and Run (No Collision Stated), 0.0 drivers_injured, 0.0 drivers_killed, 0.0 passengers_injured, 0.0 passengers_killed, 0.0 pedestrian_injured, 0.0 pedestrian_killed, Dry, EDSA Seminary Road Quezon City",MMDA Road Safety Unit,,2db15c66-4fb8-45bb-815e-9563849b30f0,2007-06-10,13:00:00,EDSA A. De Jesus St. Caloocan,0,0,0,0,0,0,0,0,0,0,2007-06-10 21:00,Property,14.65766822,121.0175051,No Collision Stated
None,EDSA,None,None,"Human Error, Side Swipe, 0.0 drivers_injured, 0.0 drivers_killed, 0.0 passengers_injured, 0.0 passengers_killed, 0.0 pedestrian_injured, 0.0 pedestrian_killed, Dry, EDSA SM City North Quezon City",MMDA Road Safety Unit,,1ba92e38-6242-4bfc-ac72-6cee4ca447ca,2007-06-08,14:20:00,EDSA B. Serrano St. Caloocan,0,0,0,0,0,0,0,0,0,0,2007-06-08 22:20,Property,14.6563096,121.02741,Side Swipe
None,EDSA,None,None,"Human Error, Angle Impact, 0.0 drivers_injured, 0.0 drivers_killed, 0.0 passengers_injured, 0.0 passengers_killed, 0.0 pedestrian_injured, 0.0 pedestrian_killed, Dry, EDSA P. Tuazon Blvd. Quezon City",MMDA Road Safety Unit,,a70df7e6-ab0d-4609-a962-1899c5595995,2007-06-08,10:20:00,EDSA Benin St. Caloocan,0,0,0,0,0,0,0,0,0,0,2007-06-08 18:20,Property,14.61640615,121.0524148,Angle Impact
None,EDSA,None,None,"Human Error, Side Swipe, 0.0 drivers_injured, 0.0 drivers_killed, 0.0 passengers_injured, 0.0 passengers_killed, 0.0 pedestrian_injured, 0.0 pedestrian_killed, Dry, EDSA fronting INC Church Quezon City",MMDA Road Safety Unit,,caf05ac4-0618-44e4-b625-040285aa1938,2007-06-08,05:35:00,EDSA Gen. Simon St. Caloocan,0,0,0,0,0,0,0,0,0,0,2007-06-08 13:35,Property,14.65749652,121.0222666,Side Swipe
None,EDSA,None,None,"Human Error, Angle Impact, 0.0 drivers_injured, 0.0 drivers_killed, 0.0 passengers_injured, 0.0 passengers_killed, 0.0 pedestrian_injured, 0.0 pedestrian_killed, Dry, EDSA Corregidor St. Quezon City",MMDA Road Safety Unit,,a7c56ff6-0c9a-4f97-a215-29875eaa710e,2007-06-08,02:00:00,EDSA A. De Jesus St. Caloocan,0,0,0,0,0,0,0,0,0,0,2007-06-08 10:00,Property,14.65700215,121.0241289,Angle Impact
None,EDSA,None,None,"Human Error, Angle Impact, 0.0 drivers_injured, 0.0 drivers_killed, 0.0 passengers_injured, 0.0 passengers_killed, 0.0 pedestrian_injured, 0.0 pedestrian_killed, Dry, EDSA Kamuning Road Quezon City",MMDA Road Safety Unit,,d36d12dc-9849-4864-86b4-6f30a24d8635,2007-06-06,22:20:00,EDSA Bonifacio Memorial Circle Caloocan,0,0,0,0,0,0,0,0,0,0,2007-06-07 6:20,Property,14.63072687,121.0457926,Angle Impact
None,EDSA,None,None,"Human Error, Side Swipe, 0.0 drivers_injured, 0.0 drivers_killed, 0.0 passengers_injured, 0.0 passengers_killed, 0.0 pedestrian_injured, 0.0 pedestrian_killed, Dry, EDSA Royal Quezon City",MMDA Road Safety Unit,,e7618425-2b76-4247-b24b-c65c116ff28c,2007-06-06,14:30:00,EDSA Bonifacio Memorial Circle Caloocan,0,0,0,0,0,0,0,0,0,0,2007-06-06 22:30,Property,14.65767141,121.0107008,Side Swipe
None,EDSA,None,None,"Human Error, Side Swipe, 0.0 drivers_injured, 0.0 drivers_killed, 0.0 passengers_injured, 0.0 passengers_killed, 0.0 pedestrian_injured, 0.0 pedestrian_killed, Dry, EDSA fronting INC Church Quezon City",MMDA Road Safety Unit,,91a47e0c-397f-4a66-8f8d-362adaf4423d,2007-06-06,14:00:00,EDSA Gen. Malvar St.  Caloocan,0,0,0,0,0,0,0,0,0,0,2007-06-06 22:00,Property,14.65749652,121.0222666,Side Swipe
None,EDSA,None,None,"Human Error, Side Swipe, 0.0 drivers_injured, 0.0 drivers_killed, 0.0 passengers_injured, 0.0 passengers_killed, 0.0 pedestrian_injured, 0.0 pedestrian_killed, Dry, EDSA SM City North Annex Quezon City",MMDA Road Safety Unit,,7abf47c2-6aea-4978-807a-6924a02597ca,2007-06-06,12:25:00,EDSA A. De Jesus St.  Caloocan,0,0,0,0,0,0,0,0,0,0,2007-06-06 20:25,Property,14.6563096,121.02741,Side Swipe
None,EDSA,None,None,"Human Error, Angle Impact, 0.0 drivers_injured, 0.0 drivers_killed, 0.0 passengers_injured, 0.0 passengers_killed, 0.0 pedestrian_injured, 0.0 pedestrian_killed, Dry, EDSA Roosevelt Ave. Quezon City",MMDA Road Safety Unit,,fefd7da4-15e8-4a2c-9e7a-33ff2ce47501,2007-06-06,05:30:00,EDSA B. Serrano St.  Caloocan,0,0,0,0,0,0,0,0,0,0,2007-06-06 13:30,Property,14.6574918,121.0195449,Angle Impact
None,EDSA,None,None,"Human Error, Angle Impact, 0.0 drivers_injured, 0.0 drivers_killed, 0.0 passengers_injured, 0.0 passengers_killed, 0.0 pedestrian_injured, 0.0 pedestrian_killed, Dry, EDSA K- 10th St. Quezon City",MMDA Road Safety Unit,,4fa79acb-faba-405b-bb10-7bf3fd47b937,2007-06-06,04:20:00,EDSA A. De Jesus St. Caloocan,0,0,0,0,0,0,0,0,0,0,2007-06-06 12:20,Property,14.628687,121.046932,Angle Impact
None,EDSA,None,None,"Human Error, Angle Impact, 0.0 drivers_injured, 0.0 drivers_killed, 0.0 passengers_injured, 0.0 passengers_killed, 0.0 pedestrian_injured, 0.0 pedestrian_killed, Dry, EDSA Oliveros Drive Quezon City",MMDA Road Safety Unit,,ec0a1fab-0d6b-4aaa-9aaa-8289073ba8b0,2007-06-05,23:50:00,EDSA MCU Caloocan,0,0,0,0,0,0,0,0,0,0,2007-06-06 7:50,Property,14.65753032,121.006583,Angle Impact
None,EDSA,None,None,"Human Error, Side Swipe, 0.0 drivers_injured, 0.0 drivers_killed, 0.0 passengers_injured, 0.0 passengers_killed, 0.0 pedestrian_injured, 0.0 pedestrian_killed, Dry, EDSA Oliveros Drive Quezon City",MMDA Road Safety Unit,,52d74486-c70d-480e-9824-d1d479e7da86,2007-06-04,07:30:00,EDSA Gen. Malvat St. Caloocan,0,0,0,0,0,0,0,0,0,0,2007-06-04 15:30,Property,14.65762799,121.0065288,Side Swipe
None,EDSA,None,None,"Human Error, Angle Impact, 0.0 drivers_injured, 0.0 drivers_killed, 0.0 passengers_injured, 0.0 passengers_killed, 0.0 pedestrian_injured, 0.0 pedestrian_killed, Dry, EDSA Roosevelt Ave. Quezon City",MMDA Road Safety Unit,,fce1ed85-e917-4e40-aa1a-5a852b254636,2007-06-04,04:45:00,EDSA MCU Caloocan,0,0,0,0,0,0,0,0,0,0,2007-06-04 12:45,Property,14.6574918,121.0195449,Angle Impact
None,EDSA,None,None,"Human Error, Angle Impact, 0.0 drivers_injured, 0.0 drivers_killed, 0.0 passengers_injured, 0.0 passengers_killed, 0.0 pedestrian_injured, 0.0 pedestrian_killed, Dry, EDSA Quezon Ave. Quezon City",MMDA Road Safety Unit,,6f22a5e5-908c-4337-904a-eef9b6d31b77,2007-06-04,04:40:00,EDSA Bonifacio Memorial Circle Caloocan,0,0,0,0,0,0,0,0,0,0,2007-06-04 12:40,Property,14.64404445,121.0374599,Angle Impact
None,EDSA,None,None,"Human Error, Side Swipe, 0.0 drivers_injured, 0.0 drivers_killed, 0.0 passengers_injured, 0.0 passengers_killed, 0.0 pedestrian_injured, 0.0 pedestrian_killed, Dry, EDSA New York St. Quezon City",MMDA Road Safety Unit,,b80e79d7-6cd5-4821-97bf-a389c9ac2aa2,2007-06-03,22:00:00,EDSA Arellano St. Caloocan,0,0,0,0,0,0,0,0,0,0,2007-06-04 6:00,Property,14.62568514,121.0482307,Side Swipe
None,EDSA,None,None,"Human Error, Hit and Run (No Collision Stated), 0.0 drivers_injured, 0.0 drivers_killed, 0.0 passengers_injured, 0.0 passengers_killed, 0.0 pedestrian_injured, 0.0 pedestrian_killed, Dry, EDSA Roosevelt Ave. Quezon City",MMDA Road Safety Unit,,84fa92f0-4fec-4e7d-9afa-8e7643d04852,2007-06-03,15:15:00,EDSA Biglang Awa St. Caloocan,0,0,0,0,0,0,0,0,0,0,2007-06-03 23:15,Property,14.6574918,121.0195449,No Collision Stated
None,EDSA,None,None,"Human Error, Angle Impact, 0.0 drivers_injured, 0.0 drivers_killed, 0.0 passengers_injured, 0.0 passengers_killed, 0.0 pedestrian_injured, 0.0 pedestrian_killed, Dry, EDSA Corregidor St. Quezon City",MMDA Road Safety Unit,,ff9a9693-339e-4d41-aff3-f385b457352e,2007-06-03,15:00:00,EDSA A. De Jesus St. Caloocan,0,0,0,0,0,0,0,0,0,0,2007-06-03 23:00,Property,14.65700215,121.0241289,Angle Impact
None,EDSA,None,None,"Human Error, Side Swipe, 0.0 drivers_injured, 0.0 drivers_killed, 0.0 passengers_injured, 0.0 passengers_killed, 0.0 pedestrian_injured, 0.0 pedestrian_killed, Dry, EDSA Royal Quezon City",MMDA Road Safety Unit,,b4ec10c0-785b-45f3-833a-3f75409a2546,2007-06-03,13:00:00,EDSA Toyota Motors Caloocan,0,0,0,0,0,0,0,0,0,0,2007-06-03 21:00,Property,14.65767141,121.0107008,Side Swipe
None,EDSA,None,None,"Human Error, Angle Impact, 0.0 drivers_injured, 0.0 drivers_killed, 0.0 passengers_injured, 0.0 passengers_killed, 0.0 pedestrian_injured, 0.0 pedestrian_killed, Dry, EDSA Congressional Road Quezon City",MMDA Road Safety Unit,,f598fc18-d3c0-4e3e-83fd-da0596ccb3f4,2007-06-03,09:45:00,EDSA Bonifacio Memorial Circle Caloocan,0,0,0,0,0,0,0,0,0,0,2007-06-03 17:45,Property,14.65771436,121.019788,Angle Impact
None,EDSA,None,None,"Human Error, Angle Impact, 0.0 drivers_injured, 0.0 drivers_killed, 0.0 passengers_injured, 0.0 passengers_killed, 0.0 pedestrian_injured, 0.0 pedestrian_killed, Dry, EDSA Congressional Road Quezon City",MMDA Road Safety Unit,,9b0c8fc8-38e3-4201-b51e-8b7c8f23c432,2007-06-03,04:00:00,EDSA Concepcion St. Caloocan,0,0,0,0,0,0,0,0,0,0,2007-06-03 12:00,Property,14.65771436,121.019788,Angle Impact
None,EDSA,None,None,"Human Error, Hit and Run (No Collision Stated), 0.0 drivers_injured, 0.0 drivers_killed, 0.0 passengers_injured, 0.0 passengers_killed, 0.0 pedestrian_injured, 0.0 pedestrian_killed, Dry, EDSA Kaingin St. Quezon City",MMDA Road Safety Unit,,71ddbca4-bbd4-49d6-9d0d-4687ea20579d,2007-06-02,19:15:00,EDSA Gen. Tinio St. Caloocan,0,0,0,0,0,0,0,0,0,0,2007-06-03 3:15,Property,14.65738412,121.0110227,No Collision Stated
None,EDSA,None,None,"Human Error, Side Swipe, 0.0 drivers_injured, 0.0 drivers_killed, 0.0 passengers_injured, 0.0 passengers_killed, 0.0 pedestrian_injured, 0.0 pedestrian_killed, Dry, EDSA fronting Jollibee near cor. Roosevelt Ave. Quezon City",MMDA Road Safety Unit,,ce58624f-88a7-4853-adfb-7cabcfdaad34,2007-06-02,18:00:00,EDSA Bonifacio Memorial Circle Caloocan,0,0,0,0,0,0,0,0,0,0,2007-06-03 2:00,Property,14.65757245,121.0197527,Side Swipe
None,EDSA,None,None,"Human Error, Angle Impact, 0.0 drivers_injured, 0.0 drivers_killed, 0.0 passengers_injured, 0.0 passengers_killed, 0.0 pedestrian_injured, 0.0 pedestrian_killed, Dry, EDSA Kamuning Road Quezon City",MMDA Road Safety Unit,,32fa6e33-90ba-4e39-996c-d4de798c94e7,2007-06-02,07:00:00,EDSA Gen. Malvat St. Caloocan,0,0,0,0,0,0,0,0,0,0,2007-06-02 15:00,Property,14.63072687,121.0457926,Angle Impact
None,EDSA,None,None,"Human Error, Side Swipe, 0.0 drivers_injured, 0.0 drivers_killed, 0.0 passengers_injured, 0.0 passengers_killed, 0.0 pedestrian_injured, 0.0 pedestrian_killed, Dry, EDSA fronting 7-11 Store near cor. Quezon Ave. Quezon City",MMDA Road Safety Unit,,3253e8a7-4d5f-4839-81c0-afeae5466dbc,2007-06-01,17:30:00,EDSA A. De Jesus St. Caloocan,0,0,0,0,0,0,0,0,0,0,2007-06-02 1:30,Property,14.64374417,121.0376707,Side Swipe
None,EDSA,None,None,"Human Error, Hit object (No Object Stated), 0.0 drivers_injured, 0.0 drivers_killed, 0.0 passengers_injured, 0.0 passengers_killed, 0.0 pedestrian_injured, 0.0 pedestrian_killed, Dry, EDSA near Aurora Blvd. Quezon City",MMDA Road Safety Unit,,cfb1d53a-e633-4c13-b739-82be172a3c82,2007-06-01,08:20:00,EDSA A. De Jesus St. Caloocan,0,0,0,0,0,0,0,0,0,0,2007-06-01 16:20,Property,14.62145799,121.0499597,Hit Object
None,EDSA,None,None,"Human Error, Side Swipe, 0.0 drivers_injured, 0.0 drivers_killed, 0.0 passengers_injured, 0.0 passengers_killed, 0.0 pedestrian_injured, 0.0 pedestrian_killed, Dry, EDSA fronting Nissan Shaw Room Quezon City",MMDA Road Safety Unit,,a442b312-f074-44d4-b261-4a8ba98d1093,2007-06-01,07:15:00,EDSA A. De Jesus St. Caloocan,0,0,0,0,0,0,0,0,0,0,2007-06-01 15:15,Property,14.65774959,121.0136701,Side Swipe
None,EDSA,None,None,"Human Error, Angle Impact, 0.0 drivers_injured, 0.0 drivers_killed, 0.0 passengers_injured, 0.0 passengers_killed, 0.0 pedestrian_injured, 0.0 pedestrian_killed, Dry, EDSA Aurora Blvd. Quezon City",MMDA Road Safety Unit,,bfd1659b-193c-4d2a-aba7-6b4b87082428,2007-05-30,02:40:00,EDSA Asuncion St. Caloocan,0,0,0,0,0,0,0,0,0,0,2007-05-30 10:40,Property,14.62157395,121.0501099,Angle Impact
None,EDSA,None,None,"Human Error, Angle Impact, 0.0 drivers_injured, 0.0 drivers_killed, 0.0 passengers_injured, 0.0 passengers_killed, 0.0 pedestrian_injured, 0.0 pedestrian_killed, Dry, EDSA Ermin Garcia St. Quezon City",MMDA Road Safety Unit,,247068e4-b7f1-4570-b073-38f2cc1b5d74,2007-05-26,04:30:00,EDSA Gen. Malvar St. Caloocan,0,0,0,0,0,0,0,0,0,0,2007-05-26 12:30,Property,14.62734014,121.0473361,Angle Impact
None,EDSA,None,None,"Human Error, Hit and Run (No Collision Stated), 0.0 drivers_injured, 0.0 drivers_killed, 0.0 passengers_injured, 0.0 passengers_killed, 0.0 pedestrian_injured, 0.0 pedestrian_killed, Dry, EDSA near B. Serrano Ave. Quezon City",MMDA Road Safety Unit,,535430d6-e12b-401e-a0d4-7fcce17b26b1,2007-05-25,09:40:00,EDSA G. De Jesus St. Caloocan,0,0,0,0,0,0,0,0,0,0,2007-05-25 17:40,Property,14.61135668,121.0547662,No Collision Stated
None,EDSA,None,None,"Human Error, Side Swipe, 0.0 drivers_injured, 0.0 drivers_killed, 0.0 passengers_injured, 0.0 passengers_killed, 0.0 pedestrian_injured, 0.0 pedestrian_killed, Dry, EDSA Cloverleaf interchange Balintawak Quezon City",MMDA Road Safety Unit,,f762dbbf-d97e-4c4e-ae29-e136cf11e781,2007-05-25,06:35:00,EDSA Gen. Malvar Ave.  Caloocan,0,0,0,0,0,0,0,0,0,0,2007-05-25 14:35,Property,14.6575213,121.0010654,Side Swipe