LOCATION_TEXT,ROAD,WEATHER,LIGHT,DESC,REPORTING_AGENCY,MAIN_CAUSE,INCIDENTDETAILS_ID,DATE_UTC,TIME_UTC,ADDRESS,killed_driver,killed_passenger,killed_pedestrian,injured_driver,injured_passenger,injured_pedestrian,killed_uncategorized,injured_uncategorized,killed_total,injured_total,DATETIME_PST,SEVERITY,Y,X,COLLISION_TYPE
None,EDSA,None,None,"Human Error, Side Swipe, 0.0 drivers_injured, 0.0 drivers_killed, 0.0 passengers_injured, 0.0 passengers_killed, 0.0 pedestrian_injured, 0.0 pedestrian_killed, Dry, EDSA fronting Farmers Plaza Quezon City",MMDA Road Safety Unit,,687ca27b-8523-47f1-8dfa-d0bf50113b15,2007-05-24,05:30:00,EDSA BMC Caloocan,0,0,0,0,0,0,0,0,0,0,2007-05-24 13:30,Property,14.61924195,121.0511606,Side Swipe
None,EDSA,None,None,"Human Error, Side Swipe, 0.0 drivers_injured, 0.0 drivers_killed, 0.0 passengers_injured, 0.0 passengers_killed, 0.0 pedestrian_injured, 0.0 pedestrian_killed, Dry, EDSA OP/UP Balintawak Quezon City",MMDA Road Safety Unit,,ebd4e5e8-7c56-4bf6-8b80-caa3058c57d0,2007-05-23,05:30:00,EDSA Gen. Malvar St. Caloocan,0,0,0,0,0,0,0,0,0,0,2007-05-23 13:30,Property,14.65736015,121.002298,Side Swipe
None,EDSA,None,None,"Human Error, Angle Impact, 0.0 drivers_injured, 0.0 drivers_killed, 0.0 passengers_injured, 0.0 passengers_killed, 0.0 pedestrian_injured, 0.0 pedestrian_killed, Dry, EDSA Kamuning Road Quezon City",MMDA Road Safety Unit,,66ecc392-d1a5-4cea-84f6-0d52c182347b,2007-05-22,03:30:00,EDSA Gen. Malvar St. Caloocan,0,0,0,0,0,0,0,0,0,0,2007-05-22 11:30,Property,14.63072687,121.0457926,Angle Impact
None,EDSA,None,None,"Unknown, Rear-end, 0.0 drivers_injured, 0.0 drivers_killed, 0.0 passengers_injured, 0.0 passengers_killed, 0.0 pedestrian_injured, 0.0 pedestrian_killed, Dry, EDSA Congressional Ave. Quezon City",MMDA Road Safety Unit,,7acc204c-2ed6-4e7b-b749-7e18ee1cb24c,2007-05-21,18:30:00,EDSA A. De Jesus St.  Caloocan,0,0,0,0,0,0,0,0,0,0,2007-05-22 2:30,Property,14.6571804,120.9927185,Rear-End
None,EDSA,None,None,"Unknown, Side Swipe, 0.0 drivers_injured, 0.0 drivers_killed, 0.0 passengers_injured, 0.0 passengers_killed, 0.0 pedestrian_injured, 0.0 pedestrian_killed, Dry, EDSA Corregidor St., Bago Bantay Quezon City",MMDA Road Safety Unit,,0168cafb-96e7-49ef-97fe-bdad13efbaa1,2007-05-21,00:20:00,EDSA A. De Jesus St.  Caloocan,0,0,0,0,0,0,0,0,0,0,2007-05-21 8:20,Property,14.65707679,121.0241648,Side Swipe
None,EDSA,None,None,"Human Error, Side Swipe, 0.0 drivers_injured, 0.0 drivers_killed, 0.0 passengers_injured, 0.0 passengers_killed, 0.0 pedestrian_injured, 0.0 pedestrian_killed, Dry, EDSA infront Greenwich near cor. Roosevelt Ave. Quezon City",MMDA Road Safety Unit,,bd3d8807-2957-4435-a34a-8faa412de799,2007-05-19,11:45:00,EDSA A. De Jesus St.  Caloocan,0,0,0,0,0,0,0,0,0,0,2007-05-19 19:45,Property,14.65763871,121.0212766,Side Swipe
None,EDSA,None,None,"Human Error, Side Swipe, 0.0 drivers_injured, 0.0 drivers_killed, 0.0 passengers_injured, 0.0 passengers_killed, 0.0 pedestrian_injured, 0.0 pedestrian_killed, Dry, EDSA OP/UP Balintawak Quezon City",MMDA Road Safety Unit,,1e767493-9dda-4ab1-8dc1-c602d31e9c86,2007-05-19,03:00:00,EDSA Bonifacio Memorial Circle  Caloocan,0,0,0,0,0,0,0,0,0,0,2007-05-19 11:00,Property,14.65736015,121.002298,Side Swipe
None,EDSA,None,None,"Human Error, Side Swipe, 0.0 drivers_injured, 0.0 drivers_killed, 0.0 passengers_injured, 0.0 passengers_killed, 0.0 pedestrian_injured, 0.0 pedestrian_killed, Dry, EDSA near cor. Quezon Ave. Quezon City",MMDA Road Safety Unit,,69bc126f-1b91-4d3c-a984-1b3ab7189ecf,2007-05-16,19:00:00,EDSA MCU Hospital  Caloocan,0,0,0,0,0,0,0,0,0,0,2007-05-17 3:00,Property,14.64405435,121.0375943,Side Swipe
None,EDSA,None,None,"Human Error, Side Swipe, 0.0 drivers_injured, 0.0 drivers_killed, 0.0 passengers_injured, 0.0 passengers_killed, 0.0 pedestrian_injured, 0.0 pedestrian_killed, Dry, EDSA infront Meralco bldg. Near cor. Roosevelt Ave. Quezon City",MMDA Road Safety Unit,,34ebf9b8-6818-42bb-ae36-01cb93745431,2007-05-14,22:00:00,EDSA A. De Jesus St.  Caloocan,0,0,0,0,0,0,0,0,0,0,2007-05-15 6:00,Property,14.65763871,121.0212766,Side Swipe
None,EDSA,None,None,"Human Error, Side Swipe, 0.0 drivers_injured, 0.0 drivers_killed, 0.0 passengers_injured, 0.0 passengers_killed, 0.0 pedestrian_injured, 0.0 pedestrian_killed, Dry, EDSA Balintawak Cloverleag Interchange Quezon City",MMDA Road Safety Unit,,37e7ee10-8727-490a-9c04-5a8caa100b4e,2007-05-12,14:05:00,EDSA Biglang Awa St.  Caloocan,0,0,0,0,0,0,0,0,0,0,2007-05-12 22:05,Property,14.65721982,121.0008093,Side Swipe
None,EDSA,None,None,"Human Error, Side Swipe, 0.0 drivers_injured, 0.0 drivers_killed, 0.0 passengers_injured, 0.0 passengers_killed, 0.0 pedestrian_injured, 0.0 pedestrian_killed, Dry, EDSA OP/UP Balintawak Quezon City",MMDA Road Safety Unit,,1e10bba9-09ab-4c35-a073-42b1ec8ddc93,2007-05-12,01:00:00,EDSA Gen. Malvar Ave.  Caloocan,0,0,0,0,0,0,0,0,0,0,2007-05-12 9:00,Property,14.65736015,121.002298,Side Swipe
None,EDSA,None,None,"Human Error, Angle Impact, 0.0 drivers_injured, 0.0 drivers_killed, 0.0 passengers_injured, 0.0 passengers_killed, 0.0 pedestrian_injured, 0.0 pedestrian_killed, Dry, EDSA Kaingin Road Quezon City",MMDA Road Safety Unit,,fce3a245-0f87-49c1-b88f-6647d946774f,2007-05-09,11:00:00,EDSA A. De Jesus St.  Caloocan,0,0,0,0,0,0,0,0,0,0,2007-05-09 19:00,Property,14.65738728,121.0111011,Angle Impact
None,EDSA,None,None,"Human Error, Side Swipe, 0.0 drivers_injured, 0.0 drivers_killed, 0.0 passengers_injured, 0.0 passengers_killed, 0.0 pedestrian_injured, 0.0 pedestrian_killed, Dry, EDSA OP/UP Balintawak Quezon City",MMDA Road Safety Unit,,4feedad0-f2b1-4614-b822-c80e8f0ec95c,2007-05-07,04:10:00,EDSA B. Serrano St. Caloocan,0,0,0,0,0,0,0,0,0,0,2007-05-07 12:10,Property,14.65736015,121.002298,Side Swipe
None,EDSA,None,None,"Human Error, Angle Impact, 0.0 drivers_injured, 0.0 drivers_killed, 0.0 passengers_injured, 0.0 passengers_killed, 0.0 pedestrian_injured, 0.0 pedestrian_killed, Dry, EDSA Congressional Ave. Quezon City",MMDA Road Safety Unit,,40b57508-9cc5-4ee8-8596-9610f0383fb3,2007-05-05,22:00:00,EDSA A. De Jesus St.  Caloocan,0,0,0,0,0,0,0,0,0,0,2007-05-06 6:00,Property,14.65771436,121.019788,Angle Impact
None,EDSA,None,None,"Human Error, Side Swipe, 0.0 drivers_injured, 0.0 drivers_killed, 0.0 passengers_injured, 0.0 passengers_killed, 0.0 pedestrian_injured, 0.0 pedestrian_killed, Dry, EDSA fronting SM Annex Quezon City",MMDA Road Safety Unit,,722b32b1-16f7-4056-aa13-0ceb26d1de0b,2007-05-05,11:30:00,EDSA Gen. Malvar Ave.  Caloocan,0,0,0,0,0,0,0,0,0,0,2007-05-05 19:30,Property,14.6565149,121.0265678,Side Swipe
None,EDSA,None,None,"Human Error, Side Swipe, 0.0 drivers_injured, 0.0 drivers_killed, 0.0 passengers_injured, 0.0 passengers_killed, 0.0 pedestrian_injured, 0.0 pedestrian_killed, Dry, EDSA OP/UP Balintawak Quezon City",MMDA Road Safety Unit,,1094959a-9fc1-4df4-b441-15cd150b4492,2007-05-04,02:00:00,EDSA Bonifacio Memorial Circle  Caloocan,0,0,0,0,0,0,0,0,0,0,2007-05-04 10:00,Property,14.65736015,121.002298,Side Swipe
None,EDSA,None,None,"Human Error, Side Swipe, 0.0 drivers_injured, 0.0 drivers_killed, 0.0 passengers_injured, 0.0 passengers_killed, 0.0 pedestrian_injured, 0.0 pedestrian_killed, Dry, EDSA fronting Balintawak Market Quezon City",MMDA Road Safety Unit,,528b82da-410c-4f70-a35c-697b0d29c325,2007-05-03,01:15:00,EDSA Asuncion St. Caloocan,0,0,0,0,0,0,0,0,0,0,2007-05-03 9:15,Property,14.65736198,121.00264,Side Swipe
None,EDSA,None,None,"Human Error, Side Swipe, 0.0 drivers_injured, 0.0 drivers_killed, 0.0 passengers_injured, 0.0 passengers_killed, 0.0 pedestrian_injured, 0.0 pedestrian_killed, Dry, EDSA fronting Oriental Market Quezon City",MMDA Road Safety Unit,,53a460fd-8157-4a87-91e0-c19f0e99e064,2007-05-02,09:00:00,EDSA Evangelista St.  Caloocan,0,0,0,0,0,0,0,0,0,0,2007-05-02 17:00,Property,14.65737508,121.004028,Side Swipe
None,EDSA,None,None,"Human Error, Side Swipe, 0.0 drivers_injured, 0.0 drivers_killed, 0.0 passengers_injured, 0.0 passengers_killed, 0.0 pedestrian_injured, 0.0 pedestrian_killed, Dry, EDSA before Aurora Blvd. Quezon City",MMDA Road Safety Unit,,9303939d-5b2a-44de-b27b-e7b4285aa8dd,2007-05-02,07:00:00,EDSA A. De Jesus St.  Caloocan,0,0,0,0,0,0,0,0,0,0,2007-05-02 15:00,Property,14.62151535,121.0499619,Side Swipe
None,EDSA,None,None,"Human Error, Side Swipe, 0.0 drivers_injured, 0.0 drivers_killed, 0.0 passengers_injured, 0.0 passengers_killed, 0.0 pedestrian_injured, 0.0 pedestrian_killed, Dry, EDSA fronting Oriental Market Quezon City",MMDA Road Safety Unit,,e666f23f-ad03-40b1-9322-0b1c3c495733,2007-05-01,04:30:00,"EDSA ""U"" turn slot, Gen. Malver St.  Caloocan",0,0,0,0,0,0,0,0,0,0,2007-05-01 12:30,Property,14.65737508,121.004028,Side Swipe
None,EDSA,None,None,"Unknown, Hit object (Barrier-Concrete), 0.0 drivers_injured, 0.0 drivers_killed, 0.0 passengers_injured, 0.0 passengers_killed, 0.0 pedestrian_injured, 0.0 pedestrian_killed, Dry, EDSA Monte De Piedad Quezon City",MMDA Road Safety Unit,,bcaef89c-44a8-4bd4-90a1-b17d13261fe6,2007-04-30,12:30:00,EDSA B. Serrano St. Caloocan,0,0,0,0,0,0,0,0,0,0,2007-04-30 20:30,Property,14.62346937,121.0491711,Hit Object
None,EDSA,None,None,"Human Error, Side Swipe, 0.0 drivers_injured, 0.0 drivers_killed, 0.0 passengers_injured, 0.0 passengers_killed, 0.0 pedestrian_injured, 0.0 pedestrian_killed, Dry, EDSA Oliveros Drive Quezon City",MMDA Road Safety Unit,,dc995451-64e0-4b8e-bf75-5a1f8d944509,2007-04-30,03:00:00,EDSA B. Serrano St. Caloocan,0,0,0,0,0,0,0,0,0,0,2007-04-30 11:00,Property,14.65762799,121.0065288,Side Swipe
None,EDSA,None,None,"Human Error, Side Swipe, 0.0 drivers_injured, 0.0 drivers_killed, 0.0 passengers_injured, 0.0 passengers_killed, 0.0 pedestrian_injured, 0.0 pedestrian_killed, Dry, EDSA fronting Gan Compound Quezon City",MMDA Road Safety Unit,,4ee58556-9da5-4dd3-ac3f-52f207e869d5,2007-04-30,01:15:00,EDSA B. Serrano St. Caloocan,0,0,0,0,0,0,0,0,0,0,2007-04-30 9:15,Property,14.65756837,121.0017537,Side Swipe
None,EDSA,None,None,"Human Error, Side Swipe, 0.0 drivers_injured, 0.0 drivers_killed, 0.0 passengers_injured, 0.0 passengers_killed, 0.0 pedestrian_injured, 0.0 pedestrian_killed, Dry, EDSA at ""U""turn slot near Go Soc & Son Bldg. Quezon City",MMDA Road Safety Unit,,1308980d-7d39-4134-a74e-25aaf66b8bcd,2007-04-21,05:50:00,"EDSA ""U"" turn slot, SSS Bldg.  Caloocan",0,0,0,0,0,0,0,0,0,0,2007-04-21 13:50,Property,14.65760652,121.0143547,Side Swipe
None,EDSA,None,None,"Human Error, Hit and Run (No Collision Stated), 0.0 drivers_injured, 0.0 drivers_killed, 0.0 passengers_injured, 0.0 passengers_killed, 0.0 pedestrian_injured, 0.0 pedestrian_killed, Dry, EDSA near cor. Aurora Blvd. Quezon City",MMDA Road Safety Unit,,f43bb048-84e4-4a3d-9fbe-4c771f1d04cc,2007-04-18,18:00:00,EDSA A. De Jesus Caloocan,0,0,0,0,0,0,0,0,0,0,2007-04-19 2:00,Property,14.62170714,121.0504103,No Collision Stated
None,EDSA,None,None,"Human Error, Side Swipe, 0.0 drivers_injured, 0.0 drivers_killed, 0.0 passengers_injured, 0.0 passengers_killed, 0.0 pedestrian_injured, 0.0 pedestrian_killed, Dry, EDSA fronting Mc market Bal. Quezon City",MMDA Road Safety Unit,,a35158a9-fa39-4acb-b324-2c5896cb66be,2007-04-17,06:20:00,EDSA J. Mariano St. Caloocan,0,0,0,0,0,0,0,0,0,0,2007-04-17 14:20,Property,14.65734496,121.0036438,Side Swipe
None,EDSA,None,None,"Human Error, Side Swipe, 0.0 drivers_injured, 0.0 drivers_killed, 0.0 passengers_injured, 0.0 passengers_killed, 0.0 pedestrian_injured, 0.0 pedestrian_killed, Dry, EDSA fronting Q-Mart Quezon City",MMDA Road Safety Unit,,963192b6-6d90-4fd4-a6be-6554e67edc0f,2007-04-16,03:00:00,EDSA A. De Jesus Caloocan,0,0,0,0,0,0,0,0,0,0,2007-04-16 11:00,Property,14.62803883,121.0472622,Side Swipe
None,EDSA,None,None,"Human Error, Self-Accident, 0.0 drivers_injured, 0.0 drivers_killed, 0.0 passengers_injured, 0.0 passengers_killed, 0.0 pedestrian_injured, 0.0 pedestrian_killed, Dry, EDSA Sct. Borromeo Quezon City",MMDA Road Safety Unit,,2c3edc78-b6a7-4959-88c9-4d636421c3c0,2007-04-15,23:45:00,"EDSA ""U"" turn slot, A. De Jesus St.  Caloocan",0,0,0,0,0,0,0,0,0,0,2007-04-16 7:45,Property,14.63715712,121.0419507,Self-Accident
None,EDSA,None,None,"Human Error, Angle Impact, 0.0 drivers_injured, 0.0 drivers_killed, 0.0 passengers_injured, 0.0 passengers_killed, 0.0 pedestrian_injured, 0.0 pedestrian_killed, Dry, EDSA Aurora Blvd. Quezon City",MMDA Road Safety Unit,,765a0571-1c4e-4717-9d24-47efeb1cef50,2007-04-15,17:30:00,EDSA J. Mariano St. Caloocan,0,0,0,0,0,0,0,0,0,0,2007-04-16 1:30,Property,14.62157395,121.0501099,Angle Impact
None,EDSA,None,None,"Human Error, Side Swipe, 0.0 drivers_injured, 0.0 drivers_killed, 0.0 passengers_injured, 0.0 passengers_killed, 0.0 pedestrian_injured, 0.0 pedestrian_killed, Dry, EDSA at ""U""turn slot, Brgy. South Triangle Quezon City",MMDA Road Safety Unit,,78a3d03f-894d-4c31-b495-f061b6700469,2007-04-14,23:45:00,EDSA A. De Jesus Caloocan,0,0,0,0,0,0,0,0,0,0,2007-04-15 7:45,Property,14.64321748,121.0381592,Angle Impact
None,EDSA,None,None,"Human Error, Side Swipe, 0.0 drivers_injured, 0.0 drivers_killed, 0.0 passengers_injured, 0.0 passengers_killed, 0.0 pedestrian_injured, 0.0 pedestrian_killed, Dry, EDSA at ""U""turn slot Santolan Road Quezon City",MMDA Road Safety Unit,,a3ae1a19-8759-4c20-b861-0455dfef7fda,2007-04-14,07:30:00,EDSA A. De Jesus St. Caloocan,0,0,0,0,0,0,0,0,0,0,2007-04-14 15:30,Property,14.61141794,121.0548145,Side Swipe
None,EDSA,None,None,"Human Error, Side Swipe, 0.0 drivers_injured, 0.0 drivers_killed, 0.0 passengers_injured, 0.0 passengers_killed, 0.0 pedestrian_injured, 0.0 pedestrian_killed, Dry, EDSA at ""U""turn slot fronting INC Church Quezon City",MMDA Road Safety Unit,,8afd6b03-1090-4580-9868-69edbcbfa54c,2007-04-13,16:05:00,EDSA Biglang Awa St. Caloocan,0,0,0,0,0,0,0,0,0,0,2007-04-14 0:05,Property,14.65733585,121.0227159,Side Swipe
None,EDSA,None,None,"Human Error, Rear-end, 0.0 drivers_injured, 0.0 drivers_killed, 0.0 passengers_injured, 0.0 passengers_killed, 0.0 pedestrian_injured, 0.0 pedestrian_killed, Dry, EDSA Congressional Road Quezon City",MMDA Road Safety Unit,,9274974c-e6ee-4fc5-b877-a755de756fb0,2007-04-12,07:00:00,EDSA A. De Jesus St. Caloocan,0,0,0,0,0,0,0,0,0,0,2007-04-12 15:00,Property,14.65771436,121.019788,Rear-End
None,EDSA,None,None,"Human Error, Side Swipe, 0.0 drivers_injured, 0.0 drivers_killed, 0.0 passengers_injured, 0.0 passengers_killed, 0.0 pedestrian_injured, 0.0 pedestrian_killed, Dry, EDSA fronting MC Market, Balintawak Quezon City",MMDA Road Safety Unit,,02048be0-e0ba-4ccf-aedf-5aff6705243f,2007-04-05,07:00:00,EDSA B. Serrano St. Caloocan,0,0,0,0,0,0,0,0,0,0,2007-04-05 15:00,Property,14.65734496,121.0036438,Side Swipe
None,EDSA,None,None,"Unknown, Side Swipe, 0.0 drivers_injured, 0.0 drivers_killed, 0.0 passengers_injured, 0.0 passengers_killed, 0.0 pedestrian_injured, 0.0 pedestrian_killed, Dry, EDSA OP/UP Balintawak Quezon City",MMDA Road Safety Unit,,864a2e05-6cca-43f6-a404-c1ae91fb95d7,2007-04-04,02:30:00,"EDSA ""U"" turn slot, Uni Oil Gas station Caloocan",0,0,0,0,0,0,0,0,0,0,2007-04-04 10:30,Property,14.65736015,121.002298,Side Swipe
None,EDSA,None,None,"Unknown, Hit and Run (No Collision Stated), 0.0 drivers_injured, 0.0 drivers_killed, 0.0 passengers_injured, 0.0 passengers_killed, 0.0 pedestrian_injured, 0.0 pedestrian_killed, Dry, EDSA fronting Mercury Drugstore, Balintawak Quezon City",MMDA Road Safety Unit,,6eff8b34-0ee9-4c2a-adab-99af6ff32d88,2007-04-01,21:30:00,"EDSA Bonifacio Memorial Circle, 86 Caloocan",0,0,0,0,0,0,0,0,0,0,2007-04-02 5:30,Property,14.65761224,121.0072019,No Collision Stated
None,EDSA,None,None,"Human Error, Angle Impact, 0.0 drivers_injured, 0.0 drivers_killed, 0.0 passengers_injured, 0.0 passengers_killed, 0.0 pedestrian_injured, 0.0 pedestrian_killed, Dry, EDSA Gami Road Quezon City",MMDA Road Safety Unit,,9923e821-80be-4b53-9635-846b9fb5e5f7,2007-04-01,03:10:00,EDSA B. Serrano St. Caloocan,0,0,0,0,0,0,0,0,0,0,2007-04-01 11:10,Property,14.65766822,121.0175051,Angle Impact
None,EDSA,None,None,"Human Error, Angle Impact, 0.0 drivers_injured, 0.0 drivers_killed, 0.0 passengers_injured, 0.0 passengers_killed, 0.0 pedestrian_injured, 0.0 pedestrian_killed, Dry, EDSA Corregidor St. Quezon City",MMDA Road Safety Unit,,46c08daf-a769-4557-a5c7-0733cd1a627a,2007-03-30,06:15:00,"EDSA Gen. Malvar St., 138 Caloocan",0,0,0,0,0,0,0,0,0,0,2007-03-30 14:15,Property,14.65700215,121.0241289,Angle Impact
None,EDSA,None,None,"Human Error, Angle Impact, 0.0 drivers_injured, 0.0 drivers_killed, 0.0 passengers_injured, 0.0 passengers_killed, 0.0 pedestrian_injured, 0.0 pedestrian_killed, Dry, EDSA Oliveros Drive Quezon City",MMDA Road Safety Unit,,0dc551f5-b733-44b2-8f33-0e381345d8d4,2007-03-24,01:30:00,EDSA General Tinio (SB) Caloocan,0,0,0,0,0,0,0,0,0,0,2007-03-24 9:30,Property,14.65753032,121.006583,Angle Impact
None,EDSA,None,None,"Human Error, Rear-end, 0.0 drivers_injured, 0.0 drivers_killed, 0.0 passengers_injured, 0.0 passengers_killed, 0.0 pedestrian_injured, 0.0 pedestrian_killed, Dry, EDSA Oliveros Drive Quezon City",MMDA Road Safety Unit,,8d92f4d2-5e31-49f9-8975-749ea8e15006,2007-03-24,01:15:00,EDSA B. Serrano St. Caloocan,0,0,0,0,0,0,0,0,0,0,2007-03-24 9:15,Property,14.65762799,121.0065288,Rear-End
None,EDSA,None,None,"Unknown, Hit and Run (No Collision Stated), 0.0 drivers_injured, 0.0 drivers_killed, 0.0 passengers_injured, 0.0 passengers_killed, 0.0 pedestrian_injured, 0.0 pedestrian_killed, Dry, EDSA Quezon Ave. Quezon City",MMDA Road Safety Unit,,6f998c59-5195-460d-8952-5b8044d99869,2007-03-23,06:00:00,EDSA Gen. Malvar St.  Caloocan,0,0,0,0,0,0,0,0,0,0,2007-03-23 14:00,Property,14.6442444,121.0375839,No Collision Stated
None,EDSA,None,None,"Human Error, Side Swipe, 0.0 drivers_injured, 0.0 drivers_killed, 0.0 passengers_injured, 0.0 passengers_killed, 0.0 pedestrian_injured, 0.0 pedestrian_killed, Dry, EDSA near cor. Cloverleaf Interchange  Quezon City",MMDA Road Safety Unit,,e06ae986-c570-4953-a064-2ae28248b1c5,2007-03-20,11:30:00,EDSA B. Serrano St. Caloocan,0,0,0,0,0,0,0,0,0,0,2007-03-20 19:30,Property,14.65732853,120.9995015,Side Swipe
None,EDSA,None,None,"Human Error, Hit object (Post-Concrete), 0.0 drivers_injured, 0.0 drivers_killed, 0.0 passengers_injured, 0.0 passengers_killed, 0.0 pedestrian_injured, 0.0 pedestrian_killed, Dry, EDSA Kamuning Road Quezon City",MMDA Road Safety Unit,,c3bbb8f9-970a-49fd-a75c-992925f893c9,2007-03-19,20:00:00,EDSA B. Serrano St. Caloocan,0,0,0,0,0,0,0,0,0,0,2007-03-20 4:00,Property,14.6307443,121.0459453,Hit Object
None,EDSA,None,None,"Human Error, Side Swipe, 0.0 drivers_injured, 0.0 drivers_killed, 0.0 passengers_injured, 0.0 passengers_killed, 0.0 pedestrian_injured, 0.0 pedestrian_killed, Dry, EDSA fronting Lemon Square Compound Quezon City",MMDA Road Safety Unit,,2c72ce82-88d2-4210-8a6d-c7078962c6b2,2007-03-16,11:45:00,EDSA Gen. Malvar St.  Caloocan,0,0,0,0,0,0,0,0,0,0,2007-03-16 19:45,Property,14.65755296,121.0174655,Side Swipe
None,EDSA,None,None,"Human Error, Angle Impact, 0.0 drivers_injured, 0.0 drivers_killed, 0.0 passengers_injured, 0.0 passengers_killed, 0.0 pedestrian_injured, 0.0 pedestrian_killed, Dry, EDSA Oliveros Drive Quezon City",MMDA Road Safety Unit,,97670434-b390-42bf-ad1a-d0037ac30fb7,2007-03-16,09:25:00,EDSA A. De Jesus St.  Caloocan,0,0,0,0,0,0,0,0,0,0,2007-03-16 17:25,Property,14.65753032,121.006583,Angle Impact
None,EDSA,None,None,"Unknown, Side Swipe, 0.0 drivers_injured, 0.0 drivers_killed, 0.0 passengers_injured, 0.0 passengers_killed, 0.0 pedestrian_injured, 0.0 pedestrian_killed, Dry, EDSA before the cor. Of Seminary Road Quezon City",MMDA Road Safety Unit,,047a6265-41ce-41e7-9552-c6b9cdbde5db,2007-03-13,06:20:00,"EDSA ""U"" turn slot, SSS Bldg. Caloocan",0,0,0,0,0,0,0,0,0,0,2007-03-13 14:20,Property,14.65787599,121.0180571,Side Swipe
None,EDSA,None,None,"Unknown, Side Swipe, 0.0 drivers_injured, 0.0 drivers_killed, 0.0 passengers_injured, 0.0 passengers_killed, 0.0 pedestrian_injured, 0.0 pedestrian_killed, Dry, EDSA fronting SM North Quezon City",MMDA Road Safety Unit,,787f59e6-d1cc-4dae-82d9-613014eb13e0,2007-03-12,15:00:00,EDSA Tirona St.  Caloocan,0,0,0,0,0,0,0,0,0,0,2007-03-12 23:00,Property,14.65591384,121.0291263,Side Swipe
None,EDSA,None,None,"Human Error, Side Swipe, 1.0 drivers_injured, 0.0 drivers_killed, 0.0 passengers_injured, 0.0 passengers_killed, 0.0 pedestrian_injured, 0.0 pedestrian_killed, Dry, EDSA fronting Balintawak Market Quezon City",MMDA Road Safety Unit,,0841f7e5-c8a0-4487-9166-768ac04db21e,2007-03-11,07:30:00,EDSA Gen. Malvar St.  Caloocan,0,0,0,1,0,0,0,0,0,1,2007-03-11 15:30,Injury,14.65736198,121.00264,Side Swipe
None,EDSA,None,None,"Unknown, Side Swipe, 0.0 drivers_injured, 0.0 drivers_killed, 0.0 passengers_injured, 0.0 passengers_killed, 0.0 pedestrian_injured, 0.0 pedestrian_killed, Dry, EDSA near cor. Aurora Blvd. Quezon City",MMDA Road Safety Unit,,882cc482-b5ca-41ee-9551-dd17cac29537,2007-03-10,06:30:00,EDSA A. De Jesus St.  Caloocan,0,0,0,0,0,0,0,0,0,0,2007-03-10 14:30,Property,14.62155994,121.0501481,Side Swipe
None,EDSA,None,None,"Human Error, Hit and Run (No Collision Stated), 0.0 drivers_injured, 0.0 drivers_killed, 0.0 passengers_injured, 0.0 passengers_killed, 0.0 pedestrian_injured, 0.0 pedestrian_killed, Dry, EDSA fronting NDR Market, Balintawak Quezon City",MMDA Road Safety Unit,,199bdfc3-a07c-4bbf-8acb-0023528fee86,2007-03-10,05:30:00,EDSA F. Aguilar St.  Caloocan,0,0,0,0,0,0,0,0,0,0,2007-03-10 13:30,Property,14.65731632,121.00447,No Collision Stated
None,EDSA,None,None,"Human Error, Hit and Run (No Collision Stated), 0.0 drivers_injured, 0.0 drivers_killed, 0.0 passengers_injured, 0.0 passengers_killed, 0.0 pedestrian_injured, 0.0 pedestrian_killed, Dry, EDSA Balintawak Quezon City",MMDA Road Safety Unit,,a4b50759-fcf1-4e4d-a172-7ee3fbd07173,2007-03-07,00:30:00,EDSA B. Serrano St. Caloocan,0,0,0,0,0,0,0,0,0,0,2007-03-07 8:30,Property,14.65731746,121.0042256,No Collision Stated
None,EDSA,None,None,"Unknown, Angle Impact, 0.0 drivers_injured, 0.0 drivers_killed, 0.0 passengers_injured, 0.0 passengers_killed, 0.0 pedestrian_injured, 0.0 pedestrian_killed, Dry, EDSA fronting SM Annex Quezon City",MMDA Road Safety Unit,,b391e0e1-08d0-46b6-8759-984a91ed9d94,2007-03-06,02:00:00,EDSA P. Aguilar St. Caloocan,0,0,0,0,0,0,0,0,0,0,2007-03-06 10:00,Property,14.6565149,121.0265678,Angle Impact
None,EDSA,None,None,"Unknown, Side Swipe, 0.0 drivers_injured, 0.0 drivers_killed, 0.0 passengers_injured, 0.0 passengers_killed, 0.0 pedestrian_injured, 0.0 pedestrian_killed, Dry, EDSA fronting Shell Gas station, Oliveros Drive Quezon City",MMDA Road Safety Unit,,331ac04b-7f51-478d-ad89-25381a8ebeb1,2007-03-05,13:00:00,EDSA B. Serrano St. Caloocan,0,0,0,0,0,0,0,0,0,0,2007-03-05 21:00,Property,14.65762326,121.0075112,Side Swipe
None,EDSA,None,None,"Human Error, Angle Impact, 0.0 drivers_injured, 0.0 drivers_killed, 2.0 passengers_injured, 0.0 passengers_killed, 0.0 pedestrian_injured, 0.0 pedestrian_killed, Dry, EDSA Bansalangin St. Quezon City",MMDA Road Safety Unit,,8fe5f377-7130-432e-900d-02521ff5937e,2007-03-03,06:30:00,EDSA Urbana Plata St.  Caloocan,0,0,0,0,2,0,0,0,0,2,2007-03-03 14:30,Injury,14.65678973,121.0241619,Angle Impact
None,EDSA,None,None,"Human Error, Side Swipe, 0.0 drivers_injured, 0.0 drivers_killed, 0.0 passengers_injured, 0.0 passengers_killed, 0.0 pedestrian_injured, 0.0 pedestrian_killed, Dry, EDSA SM North Annex Quezon City",MMDA Road Safety Unit,,20451575-27f9-4e01-a40a-114c260e639b,2007-03-02,23:45:00,EDSA Gen. Malvar St.  Caloocan,0,0,0,0,0,0,0,0,0,0,2007-03-03 7:45,Property,14.65645143,121.0271077,Side Swipe
None,EDSA,None,None,"Human Error, Side Swipe, 0.0 drivers_injured, 0.0 drivers_killed, 0.0 passengers_injured, 0.0 passengers_killed, 0.0 pedestrian_injured, 0.0 pedestrian_killed, Dry, EDSA Corregidor St. Quezon City",MMDA Road Safety Unit,,ed0ab30e-42fd-4e6f-a6b4-029c808dcf7c,2007-02-28,22:00:00,EDSA Mariano Ponce St.  Caloocan,0,0,0,0,0,0,0,0,0,0,2007-03-01 6:00,Property,14.65707679,121.0241648,Side Swipe