LOCATION_TEXT,ROAD,WEATHER,LIGHT,DESC,REPORTING_AGENCY,MAIN_CAUSE,INCIDENTDETAILS_ID,DATE_UTC,TIME_UTC,ADDRESS,killed_driver,killed_passenger,killed_pedestrian,injured_driver,injured_passenger,injured_pedestrian,killed_uncategorized,injured_uncategorized,killed_total,injured_total,DATETIME_PST,SEVERITY,Y,X,COLLISION_TYPE
None,EDSA,None,None,"Human Error, Side Swipe, 0.0 drivers_injured, 0.0 drivers_killed, 0.0 passengers_injured, 0.0 passengers_killed, 0.0 pedestrian_injured, 0.0 pedestrian_killed, Dry, EDSA fronting Oriental market Quezon City",MMDA Road Safety Unit,,d6b96d15-232f-4aa4-82cb-00b7091bed35,2007-02-27,05:10:00,EDSA B. Serrano St. Caloocan,0,0,0,0,0,0,0,0,0,0,2007-02-27 13:10,Property,14.65737508,121.004028,Side Swipe
None,EDSA,None,None,"Human Error, Side Swipe, 0.0 drivers_injured, 0.0 drivers_killed, 0.0 passengers_injured, 0.0 passengers_killed, 0.0 pedestrian_injured, 0.0 pedestrian_killed, Dry, EDSA fronting Balintawak Market Quezon City",MMDA Road Safety Unit,,b931062d-2c0a-453e-8ffd-daf1970887b9,2007-02-26,00:45:00,EDSA A. De Jesus St.  Caloocan,0,0,0,0,0,0,0,0,0,0,2007-02-26 8:45,Property,14.65736198,121.00264,Side Swipe
None,EDSA,None,None,"Human Error, Angle Impact, 0.0 drivers_injured, 0.0 drivers_killed, 0.0 passengers_injured, 0.0 passengers_killed, 0.0 pedestrian_injured, 0.0 pedestrian_killed, Dry, EDSA Kamuning Road Quezon City",MMDA Road Safety Unit,,94035749-55bd-4d4b-b7e5-d8cd89940f44,2007-02-24,03:00:00,EDSA Bonifacio Memorial Circle Caloocan,0,0,0,0,0,0,0,0,0,0,2007-02-24 11:00,Property,14.63072687,121.0457926,Angle Impact
None,EDSA,None,None,"Unknown, Self-Accident, 0.0 drivers_injured, 0.0 drivers_killed, 0.0 passengers_injured, 0.0 passengers_killed, 0.0 pedestrian_injured, 0.0 pedestrian_killed, Dry, EDSA North Ave. Quezon City",MMDA Road Safety Unit,,8e12e8b3-62d6-4314-9acc-3ba947a3549f,2007-02-22,06:45:00,EDSA Gen. Tinio Caloocan,0,0,0,0,0,0,0,0,0,0,2007-02-22 14:45,Property,14.65553839,121.0299647,Self-Accident
None,EDSA,None,None,"Human Error, Angle Impact, 0.0 drivers_injured, 0.0 drivers_killed, 0.0 passengers_injured, 0.0 passengers_killed, 0.0 pedestrian_injured, 0.0 pedestrian_killed, Dry, EDSA Congressional Ave. Quezon City",MMDA Road Safety Unit,,5c256437-418e-4a71-9681-66df0d8a179c,2007-02-21,02:50:00,EDSA SSS Caloocan,0,0,0,0,0,0,0,0,0,0,2007-02-21 10:50,Property,14.65771436,121.019788,Angle Impact
None,EDSA,None,None,"Human Error, Angle Impact, 0.0 drivers_injured, 0.0 drivers_killed, 0.0 passengers_injured, 0.0 passengers_killed, 0.0 pedestrian_injured, 0.0 pedestrian_killed, Dry, EDSA Kaingin Road Quezon City",MMDA Road Safety Unit,,72fae60a-4107-4241-94f4-4abb02910c99,2007-02-20,06:45:00,EDSA Gen. Malvar St.  Caloocan,0,0,0,0,0,0,0,0,0,0,2007-02-20 14:45,Property,14.65738728,121.0111011,Angle Impact
None,EDSA,None,None,"Human Error, Hit and Run (No Collision Stated), 0.0 drivers_injured, 0.0 drivers_killed, 0.0 passengers_injured, 0.0 passengers_killed, 0.0 pedestrian_injured, 0.0 pedestrian_killed, Dry, EDSA fronting Lucena Bus Terminal Quezon City",MMDA Road Safety Unit,,9d04c586-1ad3-49db-818b-0c7f847d7848,2007-02-20,00:00:00,EDSA A. De Jesus St. Caloocan,0,0,0,0,0,0,0,0,0,0,2007-02-20 8:00,Property,14.63162875,121.0455357,No Collision Stated
None,EDSA,None,None,"Human Error, Angle Impact, 0.0 drivers_injured, 0.0 drivers_killed, 0.0 passengers_injured, 0.0 passengers_killed, 0.0 pedestrian_injured, 0.0 pedestrian_killed, Dry, EDSA East Ave. Quezon City",MMDA Road Safety Unit,,fcfad267-8c64-46f4-b0a9-43a3f67d8c80,2007-02-19,16:30:00,EDSA Bonifacio Memorial Circle Caloocan,0,0,0,0,0,0,0,0,0,0,2007-02-20 0:30,Property,14.63307121,121.0448661,Angle Impact
None,EDSA,None,None,"Human Error, Hit and Run (No Collision Stated), 0.0 drivers_injured, 0.0 drivers_killed, 0.0 passengers_injured, 0.0 passengers_killed, 0.0 pedestrian_injured, 0.0 pedestrian_killed, Dry, EDSA Congressional Ave. Quezon City",MMDA Road Safety Unit,,a7232097-1d50-4881-901d-243aca9a527a,2007-02-19,06:30:00,EDSA Gen. Concepcion St. Caloocan,0,0,0,0,0,0,0,0,0,0,2007-02-19 14:30,Property,14.65771436,121.019788,No Collision Stated
None,EDSA,None,None,"Human Error, Angle Impact, 0.0 drivers_injured, 0.0 drivers_killed, 0.0 passengers_injured, 0.0 passengers_killed, 0.0 pedestrian_injured, 0.0 pedestrian_killed, Dry, EDSA Roosevelt Ave. Quezon City",MMDA Road Safety Unit,,88f615b3-1cc6-48be-91d0-dcae66299f6a,2007-02-19,03:45:00,EDSA B. Serrano St. Caloocan,0,0,0,0,0,0,0,0,0,0,2007-02-19 11:45,Property,14.6574918,121.0195449,Angle Impact
None,EDSA,None,None,"Human Error, Angle Impact, 0.0 drivers_injured, 0.0 drivers_killed, 0.0 passengers_injured, 0.0 passengers_killed, 0.0 pedestrian_injured, 0.0 pedestrian_killed, Dry, EDSA Corrigedor St. Quezon City",MMDA Road Safety Unit,,aae5962f-7fbe-413a-b037-c608e4934f53,2007-02-16,17:30:00,EDSA A. De Jesus St. Caloocan,0,0,0,0,0,0,0,0,0,0,2007-02-17 1:30,Property,14.65700215,121.0241289,Angle Impact
None,EDSA,None,None,"Human Error, Angle Impact, 0.0 drivers_injured, 0.0 drivers_killed, 0.0 passengers_injured, 0.0 passengers_killed, 0.0 pedestrian_injured, 0.0 pedestrian_killed, Dry, EDSA Bansalangin St. Quezon City",MMDA Road Safety Unit,,7174fa97-2ae1-46e8-a4b7-b7e3590c8dd9,2007-02-16,14:30:00,EDSA Tandang Sora Caloocan,0,0,0,0,0,0,0,0,0,0,2007-02-16 22:30,Property,14.65678973,121.0241619,Angle Impact
None,EDSA,None,None,"Human Error, Angle Impact, 0.0 drivers_injured, 0.0 drivers_killed, 0.0 passengers_injured, 0.0 passengers_killed, 0.0 pedestrian_injured, 0.0 pedestrian_killed, Dry, EDSA Roosevelt Ave. Quezon City",MMDA Road Safety Unit,,fbfcd001-3f4d-4f45-935a-3a6dba47f83a,2007-02-16,07:30:00,EDSA Tandang Sora Caloocan,0,0,0,0,0,0,0,0,0,0,2007-02-16 15:30,Property,14.6574918,121.0195449,Angle Impact
None,EDSA,None,None,"Human Error, Rear-end, 0.0 drivers_injured, 0.0 drivers_killed, 1.0 passengers_injured, 0.0 passengers_killed, 0.0 pedestrian_injured, 0.0 pedestrian_killed, Dry, EDSA at ""U""turn slot near Howmart Road Quezon City",MMDA Road Safety Unit,,ce24fec3-a8c8-48b4-ba7c-99b9f0bea905,2007-02-16,03:30:00,EDSA Urbano Plata St. Caloocan,0,0,0,0,1,0,0,0,0,1,2007-02-16 11:30,Injury,14.65762462,121.0108493,Rear-End
None,EDSA,None,None,"Human Error, Angle Impact, 0.0 drivers_injured, 0.0 drivers_killed, 0.0 passengers_injured, 0.0 passengers_killed, 0.0 pedestrian_injured, 0.0 pedestrian_killed, Dry, EDSA Seminary Road Quezon City",MMDA Road Safety Unit,,f5d8fd6c-53e7-4694-b3a8-bc6bc3ef2632,2007-02-15,16:30:00,EDSA B. Serrano St. Caloocan,0,0,0,0,0,0,0,0,0,0,2007-02-16 0:30,Property,14.65766822,121.0175051,Angle Impact
None,EDSA,None,None,"Human Error, Side Swipe, 0.0 drivers_injured, 0.0 drivers_killed, 0.0 passengers_injured, 0.0 passengers_killed, 0.0 pedestrian_injured, 0.0 pedestrian_killed, Dry, EDSA Cubao Quezon City",MMDA Road Safety Unit,,979092b7-cd83-4c6b-b146-77b9276a0208,2007-02-15,01:00:00,"EDSA ""U"" turn slot, A. De Jesus St. Caloocan",0,0,0,0,0,0,0,0,0,0,2007-02-15 9:00,Property,14.61956389,121.0510595,Side Swipe
None,EDSA,None,None,"Human Error, Angle Impact, 0.0 drivers_injured, 0.0 drivers_killed, 0.0 passengers_injured, 0.0 passengers_killed, 0.0 pedestrian_injured, 0.0 pedestrian_killed, Dry, EDSA Corrigedor St. Quezon City",MMDA Road Safety Unit,,bd440fcc-d11f-408e-830d-11b73190d3a3,2007-02-14,20:30:00,EDSA A. De Jesus St. Caloocan,0,0,0,0,0,0,0,0,0,0,2007-02-15 4:30,Property,14.65700215,121.0241289,Angle Impact
None,EDSA,None,None,"Human Error, Side Swipe, 0.0 drivers_injured, 0.0 drivers_killed, 0.0 passengers_injured, 0.0 passengers_killed, 0.0 pedestrian_injured, 0.0 pedestrian_killed, Dry, EDSA at ""U""turn slot near Bansalangin Quezon City",MMDA Road Safety Unit,,c62c151f-5922-4ea8-892e-23e3651f4a71,2007-02-13,23:00:00,EDSA Gen. Malvar St. Caloocan,0,0,0,0,0,0,0,0,0,0,2007-02-14 7:00,Property,14.65686656,121.0241863,Side Swipe
None,EDSA,None,None,"Human Error, Side Swipe, 0.0 drivers_injured, 0.0 drivers_killed, 0.0 passengers_injured, 0.0 passengers_killed, 0.0 pedestrian_injured, 0.0 pedestrian_killed, Dry, EDSA fronting Lemon Square Bldg. Quezon City",MMDA Road Safety Unit,,d92860b2-a171-4d98-94a1-16488ad81c8a,2007-02-13,22:00:00,EDSA Gen. Malvar Caloocan,0,0,0,0,0,0,0,0,0,0,2007-02-14 6:00,Property,14.65755296,121.0174655,Side Swipe
None,EDSA,None,None,"Unknown, Self-Accident, 0.0 drivers_injured, 0.0 drivers_killed, 0.0 passengers_injured, 0.0 passengers_killed, 0.0 pedestrian_injured, 0.0 pedestrian_killed, Dry, EDSA White Plains Ave. Quezon City",MMDA Road Safety Unit,,acdb1419-6221-488a-852c-59bddc4574a0,2007-02-13,18:30:00,EDSA B. Serrano St. Caloocan,0,0,0,0,0,0,0,0,0,0,2007-02-14 2:30,Property,14.59961782,121.0596522,Self-Accident
None,EDSA,None,None,"Unknown, Self-Accident, 0.0 drivers_injured, 0.0 drivers_killed, 0.0 passengers_injured, 0.0 passengers_killed, 0.0 pedestrian_injured, 0.0 pedestrian_killed, Dry, EDSA West Ave. Quezon City",MMDA Road Safety Unit,,883b9ab2-88bc-4c3c-90c9-3fcf39bb87a1,2007-02-13,15:30:00,EDSA MCU Caloocan,0,0,0,0,0,0,0,0,0,0,2007-02-13 23:30,Property,14.65548924,121.0298079,Self-Accident
None,EDSA,None,None,"Human Error, Angle Impact, 0.0 drivers_injured, 0.0 drivers_killed, 0.0 passengers_injured, 0.0 passengers_killed, 0.0 pedestrian_injured, 0.0 pedestrian_killed, Dry, EDSA Congressional Ave. Quezon City",MMDA Road Safety Unit,,bf203e86-f12b-4ad8-b061-ba1a67a3201c,2007-02-13,10:00:00,EDSA A. De Jesus St. Caloocan,0,0,0,0,0,0,0,0,0,0,2007-02-13 18:00,Property,14.65771436,121.019788,Angle Impact
None,EDSA,None,None,"Unknown, Hit and Run (No Collision Stated), 0.0 drivers_injured, 0.0 drivers_killed, 0.0 passengers_injured, 0.0 passengers_killed, 0.0 pedestrian_injured, 0.0 pedestrian_killed, Dry, EDSA New York St. Quezon City",MMDA Road Safety Unit,,7de5dba4-4572-4023-8fa4-55173d237feb,2007-02-12,17:30:00,EDSA Bonifacio Monumento Circle Caloocan,0,0,0,0,0,0,0,0,0,0,2007-02-13 1:30,Property,14.62568514,121.0482307,No Collision Stated
None,EDSA,None,None,"Human Error, Angle Impact, 0.0 drivers_injured, 0.0 drivers_killed, 0.0 passengers_injured, 0.0 passengers_killed, 0.0 pedestrian_injured, 0.0 pedestrian_killed, Dry, EDSA Congressional Ave. Quezon City",MMDA Road Safety Unit,,c8d29f4b-4ee9-4347-8d8a-d0cab674c99a,2007-02-12,02:00:00,EDSA Gen. Concepcion Caloocan,0,0,0,0,0,0,0,0,0,0,2007-02-12 10:00,Property,14.65771436,121.019788,Angle Impact
None,EDSA,None,None,"Human Error, Side Swipe, 1.0 drivers_injured, 0.0 drivers_killed, 0.0 passengers_injured, 0.0 passengers_killed, 0.0 pedestrian_injured, 0.0 pedestrian_killed, Dry, EDSA fronting Metro Bank near Roosevelt Ave. Quezon City",MMDA Road Safety Unit,,caa00185-2597-4863-82b0-0139da5b005f,2007-02-11,06:30:00,EDSA Biglang - Awa St. Caloocan,0,0,0,1,0,0,0,0,0,1,2007-02-11 14:30,Injury,14.65754369,121.0176426,Side Swipe
None,EDSA,None,None,"Unknown, Hit and Run (No Collision Stated), 0.0 drivers_injured, 0.0 drivers_killed, 0.0 passengers_injured, 0.0 passengers_killed, 0.0 pedestrian_injured, 0.0 pedestrian_killed, Dry, EDSA ""U"" turn slot infront Iglesia ni Kristo Quezon City",MMDA Road Safety Unit,,4f667da0-bda1-442c-ad6d-6c3cfe52447a,2007-02-07,11:30:00,EDSA Gen. Malvar Caloocan,0,0,0,0,0,0,0,0,0,0,2007-02-07 19:30,Property,14.65729258,121.0226351,No Collision Stated
None,EDSA,None,None,"Human Error, Side Swipe, 0.0 drivers_injured, 0.0 drivers_killed, 0.0 passengers_injured, 0.0 passengers_killed, 0.0 pedestrian_injured, 0.0 pedestrian_killed, Dry, EDSA at ""U""turn slot fronting 7-11 Store Quezon City",MMDA Road Safety Unit,,bb735389-3b3a-4219-9546-bce7500aae88,2007-02-03,13:25:00,"EDSA M. Ponce St., Bgy 135 Caloocan",0,0,0,0,0,0,0,0,0,0,2007-02-03 21:25,Property,14.64316271,121.0381855,Side Swipe
None,EDSA,None,None,"Human Error, Angle Impact, 0.0 drivers_injured, 0.0 drivers_killed, 0.0 passengers_injured, 0.0 passengers_killed, 0.0 pedestrian_injured, 0.0 pedestrian_killed, Dry, EDSA Timog Ave. fronting Equitable PCI Bank Quezon City",MMDA Road Safety Unit,,9a2781fa-8005-4839-8674-01a0ad288ee5,2007-02-01,14:15:00,EDSA Gen. Tirona St. Caloocan,0,0,0,0,0,0,0,0,0,0,2007-02-01 22:15,Property,14.63251531,121.0449481,Angle Impact
None,EDSA,None,None,"Human Error, Angle Impact, 0.0 drivers_injured, 0.0 drivers_killed, 0.0 passengers_injured, 0.0 passengers_killed, 0.0 pedestrian_injured, 0.0 pedestrian_killed, Dry, EDSA Quezon Ave. Quezon City",MMDA Road Safety Unit,,cc292a97-7647-40cb-a3db-1a2a4d48ecc3,2007-01-31,09:00:00,EDSA Evangelista St. Caloocan,0,0,0,0,0,0,0,0,0,0,2007-01-31 17:00,Property,14.64404445,121.0374599,Angle Impact
None,EDSA,None,None,"Human Error, Angle Impact, 0.0 drivers_injured, 0.0 drivers_killed, 0.0 passengers_injured, 0.0 passengers_killed, 0.0 pedestrian_injured, 0.0 pedestrian_killed, Dry, EDSA Aurora Blvd. Quezon City",MMDA Road Safety Unit,,8c46b5d1-9d1f-48fc-a645-9f09d8e6598c,2007-01-28,02:30:00,EDSA Tandang Sora Caloocan,0,0,0,0,0,0,0,0,0,0,2007-01-28 10:30,Property,14.62157395,121.0501099,Angle Impact
None,EDSA,None,None,"Human Error, Angle Impact, 0.0 drivers_injured, 0.0 drivers_killed, 0.0 passengers_injured, 0.0 passengers_killed, 0.0 pedestrian_injured, 0.0 pedestrian_killed, Dry, EDSA P. Tuazon Blvd. Quezon City",MMDA Road Safety Unit,,b77e5cd5-907c-4d55-a321-6946fcea0db1,2007-01-23,09:25:00,EDSA F. Aguilar St. Caloocan,0,0,0,0,0,0,0,0,0,0,2007-01-23 17:25,Property,14.61640615,121.0524148,Angle Impact
None,EDSA,None,None,"Human Error, Side Swipe, 1.0 drivers_injured, 0.0 drivers_killed, 0.0 passengers_injured, 0.0 passengers_killed, 0.0 pedestrian_injured, 0.0 pedestrian_killed, Dry, EDSA Quezon Ave. Quezon City",MMDA Road Safety Unit,,7d76af70-0317-47b7-8b40-20e57180bb03,2007-01-23,00:30:00,EDSA F. Aguilar St. Caloocan,0,0,0,1,0,0,0,0,0,1,2007-01-23 8:30,Injury,14.6442444,121.0375839,Side Swipe
None,EDSA,None,None,"Human Error, Hit and Run (No Collision Stated), 0.0 drivers_injured, 0.0 drivers_killed, 0.0 passengers_injured, 0.0 passengers_killed, 0.0 pedestrian_injured, 0.0 pedestrian_killed, Dry, EDSA fronting Balintawak Market  Quezon City",MMDA Road Safety Unit,,12e4f8a5-094b-4fe4-9498-17fc062c1367,2007-01-21,22:30:00,EDSA B. Serrano St. Caloocan,0,0,0,0,0,0,0,0,0,0,2007-01-22 6:30,Property,14.65722931,121.0035145,No Collision Stated
None,EDSA,None,None,"Human Error, Hit and Run (No Collision Stated), 0.0 drivers_injured, 0.0 drivers_killed, 0.0 passengers_injured, 0.0 passengers_killed, 0.0 pedestrian_injured, 0.0 pedestrian_killed, Dry, EDSA fronting Dagupan Bus Terminal Quezon City",MMDA Road Safety Unit,,1cd13714-dd99-40de-b226-b5c1d09b8fc3,2007-01-21,02:30:00,EDSA MCU Caloocan,0,0,0,0,0,0,0,0,0,0,2007-01-21 10:30,Property,14.62581245,121.0480119,No Collision Stated
None,EDSA,None,None,"Human Error, Side Swipe, 0.0 drivers_injured, 0.0 drivers_killed, 0.0 passengers_injured, 0.0 passengers_killed, 0.0 pedestrian_injured, 0.0 pedestrian_killed, Dry, EDSA fronting Ilaw at Iba Pa, near corner Congressional Quezon City",MMDA Road Safety Unit,,9d2bdb1a-ed8f-4105-9479-635b9d0b2e14,2007-01-20,01:30:00,EDSA A. De Jesus St. Caloocan,0,0,0,0,0,0,0,0,0,0,2007-01-20 9:30,Property,14.65775502,121.0186156,Side Swipe
None,EDSA,None,None,"Human Error, Side Swipe, 0.0 drivers_injured, 0.0 drivers_killed, 0.0 passengers_injured, 0.0 passengers_killed, 0.0 pedestrian_injured, 0.0 pedestrian_killed, Dry, EDSA fronting Baliwag Bus Terminal Quezon City",MMDA Road Safety Unit,,546fc99f-116e-4886-9605-db6226c7dbad,2007-01-19,03:10:00,EDSA Gen. Malvar Caloocan,0,0,0,0,0,0,0,0,0,0,2007-01-19 11:10,Property,14.62497658,121.0487035,Side Swipe
None,EDSA,None,None,"Human Error, Side Swipe, 0.0 drivers_injured, 0.0 drivers_killed, 0.0 passengers_injured, 0.0 passengers_killed, 0.0 pedestrian_injured, 0.0 pedestrian_killed, Dry, EDSA OP/UP, Balintawak Quezon City",MMDA Road Safety Unit,,cd07ee34-0d34-412d-80be-5cf2e42696d0,2007-01-19,02:00:00,EDSA Jollibee Asuncion Caloocan,0,0,0,0,0,0,0,0,0,0,2007-01-19 10:00,Property,14.65736015,121.002298,Side Swipe
None,EDSA,None,None,"Human Error, Side Swipe, 0.0 drivers_injured, 0.0 drivers_killed, 0.0 passengers_injured, 0.0 passengers_killed, 0.0 pedestrian_injured, 0.0 pedestrian_killed, Dry, EDSA fronting Cloverleaf Market, Balintawak Quezon City",MMDA Road Safety Unit,,2f8f0bea-0fea-4ace-adba-8195d5351e1b,2007-01-19,01:30:00,EDSA B. Serrano St. Caloocan,0,0,0,0,0,0,0,0,0,0,2007-01-19 9:30,Property,14.65731339,121.000715,Side Swipe
None,EDSA,None,None,"Human Error, Angle Impact, 0.0 drivers_injured, 0.0 drivers_killed, 0.0 passengers_injured, 0.0 passengers_killed, 0.0 pedestrian_injured, 0.0 pedestrian_killed, Dry, EDSA Kaingin Road Quezon City",MMDA Road Safety Unit,,b1dc1b79-3f01-45f1-9ef8-58f6bb56b2ad,2007-01-17,02:20:00,EDSA B. Serrano St. Caloocan,0,0,0,0,0,0,0,0,0,0,2007-01-17 10:20,Property,14.65738728,121.0111011,Angle Impact
None,EDSA,None,None,"Human Error, Side Swipe, 0.0 drivers_injured, 0.0 drivers_killed, 0.0 passengers_injured, 0.0 passengers_killed, 0.0 pedestrian_injured, 0.0 pedestrian_killed, Dry, EDSA near corner Congressional Ave. Quezon City",MMDA Road Safety Unit,,ffa5359c-2427-40e2-9055-c048e70ac054,2007-01-16,21:45:00,EDSA Gen. Tinio St. Caloocan,0,0,0,0,0,0,0,0,0,0,2007-01-17 5:45,Property,14.65769895,121.0197287,Side Swipe
None,EDSA,None,None,"Human Error, Hit and Run (No Collision Stated), 0.0 drivers_injured, 0.0 drivers_killed, 0.0 passengers_injured, 0.0 passengers_killed, 0.0 pedestrian_injured, 0.0 pedestrian_killed, Dry, EDSA fronting Light House Book Store near cor. Bulacan St. Quezon City",MMDA Road Safety Unit,,81018a1f-9252-4af4-994e-0bb722d336e0,2007-01-16,13:15:00,EDSA Tandang Sora Caloocan,0,0,0,0,0,0,0,0,0,0,2007-01-16 21:15,Property,14.65575652,121.0289019,No Collision Stated
None,EDSA,None,None,"Unknown, Hit and Run (No Collision Stated), 0.0 drivers_injured, 0.0 drivers_killed, 0.0 passengers_injured, 0.0 passengers_killed, 0.0 pedestrian_injured, 0.0 pedestrian_killed, Dry, EDSA Liberty St. Quezon City",MMDA Road Safety Unit,,6e5e4adf-02da-4aa8-8a87-f80ec524ab82,2007-01-16,05:45:00,"EDSA B. Serrano St., Bgy 87 Caloocan",0,0,0,0,0,0,0,0,0,0,2007-01-16 13:45,Property,14.61201463,121.0547211,No Collision Stated
None,EDSA,None,None,"Human Error, Side Swipe, 1.0 drivers_injured, 0.0 drivers_killed, 1.0 passengers_injured, 0.0 passengers_killed, 0.0 pedestrian_injured, 0.0 pedestrian_killed, Dry, EDSA at ""U"" turn slot, fronting Polar Ceramics, Royal Quezon City",MMDA Road Safety Unit,,6c0918bc-e765-43a0-a991-ffa697041d05,2007-01-15,19:30:00,"EDSA Gen. Tirona St., Bgy 138 Caloocan",0,0,0,1,1,0,0,0,0,2,2007-01-16 3:30,Injury,14.65760497,121.0141737,Side Swipe
None,EDSA,None,None,"Human Error, Side Swipe, 0.0 drivers_injured, 0.0 drivers_killed, 0.0 passengers_injured, 0.0 passengers_killed, 0.0 pedestrian_injured, 0.0 pedestrian_killed, Dry, EDSA at ""U"" turn slot, fronting Hiroshi Motors near MRT Quezon City",MMDA Road Safety Unit,,0feb13e7-b45f-4b0b-ab75-3d77dd68cfb4,2007-01-15,15:00:00,EDSA Mercury Drugstore Caloocan,0,0,0,0,0,0,0,0,0,0,2007-01-15 23:00,Property,14.65365413,121.0314246,Side Swipe
None,EDSA,None,None,"Human Error, Side Swipe, 1.0 drivers_injured, 0.0 drivers_killed, 0.0 passengers_injured, 0.0 passengers_killed, 0.0 pedestrian_injured, 0.0 pedestrian_killed, Dry, EDSA fronting Kia Motors, Oliveros Drive Quezon City",MMDA Road Safety Unit,,fd69f4a4-2475-4653-a370-1b8939a0d894,2007-01-15,11:45:00,EDSA B. Serrano St. Caloocan,0,0,0,1,0,0,0,0,0,1,2007-01-15 19:45,Injury,14.65763448,121.0063896,Side Swipe
None,EDSA,None,None,"Human Error, Hit and Run (No Collision Stated), 0.0 drivers_injured, 0.0 drivers_killed, 0.0 passengers_injured, 0.0 passengers_killed, 0.0 pedestrian_injured, 0.0 pedestrian_killed, Dry, EDSA West Ave. Quezon City",MMDA Road Safety Unit,,8bd3272b-5489-4fe8-86ca-765a3a6babbd,2007-01-15,10:45:00,EDSA A. De Jesus St. Caloocan,0,0,0,0,0,0,0,0,0,0,2007-01-15 18:45,Property,14.65494577,121.030004,No Collision Stated
None,EDSA,None,None,"Human Error, Side Swipe, 0.0 drivers_injured, 0.0 drivers_killed, 0.0 passengers_injured, 0.0 passengers_killed, 0.0 pedestrian_injured, 0.0 pedestrian_killed, Dry, EDSA Cubao Quezon City",MMDA Road Safety Unit,,f6466c95-3faf-443e-85f6-8952bfc7558c,2007-01-15,06:15:00,EDSA A. De Jesus St. Caloocan,0,0,0,0,0,0,0,0,0,0,2007-01-15 14:15,Property,14.61956389,121.0510595,Side Swipe
None,EDSA,None,None,"Human Error, Side Swipe, 0.0 drivers_injured, 0.0 drivers_killed, 0.0 passengers_injured, 0.0 passengers_killed, 0.0 pedestrian_injured, 0.0 pedestrian_killed, Dry, EDSA at ""U"" turn slot, near Oliveros Drive Quezon City",MMDA Road Safety Unit,,0dfc231b-a887-4182-930b-b9fcacdec2fa,2007-01-13,21:20:00,EDSA B. Serrano St. Caloocan,0,0,0,0,0,0,0,0,0,0,2007-01-14 5:20,Property,14.65745123,121.0075251,Side Swipe
None,EDSA,None,None,"Human Error, Side Swipe, 1.0 drivers_injured, 0.0 drivers_killed, 0.0 passengers_injured, 0.0 passengers_killed, 0.0 pedestrian_injured, 0.0 pedestrian_killed, Dry, EDSA OP/UP, Balintawak Quezon City",MMDA Road Safety Unit,,f1bb3b3b-b0b2-4533-a0a8-c1a7e776a568,2007-01-13,06:00:00,EDSA B. Serrano St. Caloocan,0,0,0,1,0,0,0,0,0,1,2007-01-13 14:00,Injury,14.65736015,121.002298,Side Swipe
None,EDSA,None,None,"Human Error, Hit and Run (No Collision Stated), 1.0 drivers_injured, 0.0 drivers_killed, 0.0 passengers_injured, 0.0 passengers_killed, 0.0 pedestrian_injured, 0.0 pedestrian_killed, Dry, EDSA Main Ave. Quezon City",MMDA Road Safety Unit,,e1ca4c39-c10e-4bfd-89ba-1d70f6bf8c55,2007-01-13,05:30:00,EDSA B. Serrano St. Caloocan,0,0,0,1,0,0,0,0,0,1,2007-01-13 13:30,Injury,14.6136766,121.0537684,No Collision Stated
None,EDSA,None,None,"Human Error, Angle Impact, 0.0 drivers_injured, 0.0 drivers_killed, 0.0 passengers_injured, 0.0 passengers_killed, 0.0 pedestrian_injured, 0.0 pedestrian_killed, Dry, EDSA North Ave. Quezon City",MMDA Road Safety Unit,,459f5305-e3cb-472f-8166-7ac82305fea0,2007-01-12,21:30:00,EDSA SOGO Hotel (WB) Caloocan,0,0,0,0,0,0,0,0,0,0,2007-01-13 5:30,Property,14.6556177,121.0302221,Angle Impact
None,EDSA,None,None,"Human Error, Angle Impact, 0.0 drivers_injured, 0.0 drivers_killed, 0.0 passengers_injured, 0.0 passengers_killed, 0.0 pedestrian_injured, 0.0 pedestrian_killed, Dry, EDSA Kaingin Road Quezon City",MMDA Road Safety Unit,,75eb5f6d-e8a6-42d9-b4e4-3126f94abc62,2007-01-09,04:20:00,EDSA MCU Caloocan,0,0,0,0,0,0,0,0,0,0,2007-01-09 12:20,Property,14.65738728,121.0111011,Angle Impact
None,EDSA,None,None,"Human Error, Angle Impact, 0.0 drivers_injured, 0.0 drivers_killed, 0.0 passengers_injured, 0.0 passengers_killed, 0.0 pedestrian_injured, 0.0 pedestrian_killed, Dry, EDSA Congressional Ave. Quezon City",MMDA Road Safety Unit,,ab97ff7d-2cd0-440e-b6d5-0dd01b2f2e99,2007-01-08,01:50:00,EDSA B. Serrano St. Caloocan,0,0,0,0,0,0,0,0,0,0,2007-01-08 9:50,Property,14.65771436,121.019788,Angle Impact
None,EDSA,None,None,"Human Error, Side Swipe, 0.0 drivers_injured, 0.0 drivers_killed, 0.0 passengers_injured, 0.0 passengers_killed, 0.0 pedestrian_injured, 0.0 pedestrian_killed, Dry, EDSA at ""U"" turn slot, fronting Polar Ceramics Quezon City",MMDA Road Safety Unit,,2c7524e0-3122-4652-a284-f168581effef,2007-01-06,08:00:00,EDSA Benin St. Caloocan,0,0,0,0,0,0,0,0,0,0,2007-01-06 16:00,Property,14.65760497,121.0141737,Side Swipe
None,EDSA,None,None,"Human Error, Angle Impact, 0.0 drivers_injured, 0.0 drivers_killed, 0.0 passengers_injured, 0.0 passengers_killed, 0.0 pedestrian_injured, 0.0 pedestrian_killed, Dry, EDSA Congressional Ave. Quezon City",MMDA Road Safety Unit,,006cbdbc-e438-4aa4-8309-132043f7fe6a,2007-01-05,06:45:00,EDSA Gen. Tinio St. Caloocan,0,0,0,0,0,0,0,0,0,0,2007-01-05 14:45,Property,14.65771436,121.019788,Angle Impact