LOCATION_TEXT,ROAD,WEATHER,LIGHT,DESC,REPORTING_AGENCY,MAIN_CAUSE,INCIDENTDETAILS_ID,DATE_UTC,TIME_UTC,ADDRESS,killed_driver,killed_passenger,killed_pedestrian,injured_driver,injured_passenger,injured_pedestrian,killed_uncategorized,injured_uncategorized,killed_total,injured_total,DATETIME_PST,SEVERITY,Y,X,COLLISION_TYPE
None,EDSA,None,None,"Human Error, Side Swipe, 0.0 drivers_injured, 0.0 drivers_killed, 0.0 passengers_injured, 0.0 passengers_killed, 0.0 pedestrian_injured, 0.0 pedestrian_killed, Dry, EDSA OP/UP, Balintawak Quezon City",MMDA Road Safety Unit,,9ceb61ea-73c2-48b2-a591-8af48d9049fa,2007-01-05,05:30:00,EDSA A. De Jesus St. Caloocan,0,0,0,0,0,0,0,0,0,0,2007-01-05 13:30,Property,14.65736015,121.002298,Side Swipe
None,EDSA,None,None,"Human Error, Side Swipe, 0.0 drivers_injured, 0.0 drivers_killed, 0.0 passengers_injured, 0.0 passengers_killed, 0.0 pedestrian_injured, 0.0 pedestrian_killed, Dry, EDSA fronting Kamuning Police Station Quezon City",MMDA Road Safety Unit,,aa4c559f-4742-47be-833e-e9803d320826,2007-01-03,08:10:00,EDSA Tandang Sora St. Caloocan,0,0,0,0,0,0,0,0,0,0,2007-01-03 16:10,Property,14.62986184,121.0461851,Side Swipe
None,EDSA,None,None,"Human Error, Angle Impact, 0.0 drivers_injured, 0.0 drivers_killed, 0.0 passengers_injured, 0.0 passengers_killed, 0.0 pedestrian_injured, 0.0 pedestrian_killed, Dry, EDSA New York St. Quezon City",MMDA Road Safety Unit,,9f62ce40-6961-4be8-ba97-3b5f8e44ce0a,2007-01-02,14:15:00,EDSA Gen. Evangelista  Caloocan,0,0,0,0,0,0,0,0,0,0,2007-01-02 22:15,Property,14.62571075,121.048065,Angle Impact
None,EDSA,None,None,"Human Error, Side Swipe, 0.0 drivers_injured, 0.0 drivers_killed, 0.0 passengers_injured, 0.0 passengers_killed, 0.0 pedestrian_injured, 0.0 pedestrian_killed, Dry, EDSA Howmart Road Quezon City",MMDA Road Safety Unit,,1ff27823-2cf5-48bc-9f75-d55a397b35c6,2007-01-02,11:30:00,EDSA A. De Jesus St. Caloocan,0,0,0,0,0,0,0,0,0,0,2007-01-02 19:30,Property,14.65764415,121.0108224,Side Swipe
None,EDSA,None,None,"Human Error, Angle Impact, 0.0 drivers_injured, 0.0 drivers_killed, 0.0 passengers_injured, 0.0 passengers_killed, 0.0 pedestrian_injured, 0.0 pedestrian_killed, Dry, EDSA Roosevelt Ave. Quezon City",MMDA Road Safety Unit,,19574ae7-8e29-451f-883e-084bd36d34a8,2007-01-02,06:35:00,"EDSA ""U"" turn slot, Gen. Malvar Caloocan",0,0,0,0,0,0,0,0,0,0,2007-01-02 14:35,Property,14.6574918,121.0195449,Angle Impact
None,EDSA,None,None,"Human Error, Angle Impact, 0.0 drivers_injured, 0.0 drivers_killed, 0.0 passengers_injured, 0.0 passengers_killed, 0.0 pedestrian_injured, 0.0 pedestrian_killed, Dry, EDSA Main Ave. Quezon City",MMDA Road Safety Unit,,afd393af-8c72-4ab7-8efe-1657b97bf540,2007-01-02,06:30:00,EDSA Benin St. Caloocan,0,0,0,0,0,0,0,0,0,0,2007-01-02 14:30,Property,14.6136766,121.0537684,Angle Impact
None,EDSA,None,None,"Human Error, Side Swipe, 0.0 drivers_injured, 0.0 drivers_killed, 0.0 passengers_injured, 0.0 passengers_killed, 0.0 pedestrian_injured, 0.0 pedestrian_killed, Dry, EDSA at ""U"" turn slot, fronting Polar Ceramics, Royal Quezon City",MMDA Road Safety Unit,,15d4f0b4-9d34-4fe9-b797-6ae5addd0dc1,2006-12-31,17:30:00,EDSA B. Serrano St. Caloocan,0,0,0,0,0,0,0,0,0,0,2007-01-01 1:30,Property,14.65760497,121.0141737,Side Swipe
"Toyota, EDSA, Balintawak Estate Subdivision, 136, Caloocan, Metro Manila, 1115, Philippines",EDSA,rain,day,BUMPED FROM BEHIND,Other,,cc43590a-c412-4184-8e57-4428054fc4a7,2016-10-07,04:04:11,"EDSA A. De Jesus St., Bgy. 87 Caloocan",0,0,0,0,0,0,0,0,0,0,2016-10-07 12:04,Property,14.65720855,120.9961438,Rear-End
"Bonifacio Monument Balintawak, Clover Leaf, Eugenio Compound, Balingasa, Quezon City, District I, Quezon City, Metro Manila, 1115, Philippines",EDSA,rain,day,Multiple Collision,MMDA Metrobase,,0fd856cf-213a-4ab6-9227-9aa9383f6e99,2016-12-13,06:18:48,"EDSA ""U"" turn slot, Gen. Malvar St.  Caloocan",0,0,0,0,0,0,0,1,0,1,2016-12-13 14:18,Injury,14.65722931,120.9992981,Multiple
"Total, EDSA, Bellevue, Apolonio Samson, Quezon City, District VI, Quezon City, Metro Manila, 1106, Philippines",EDSA,partly-cloudy-day,day,HIT AND RUN,Other,,55634050-d0d1-46bf-8347-d4f3fef5cad4,2016-10-10,00:10:35,"EDSA ""U"" turn slot, Gen. Malvar Caloocan",0,0,0,0,0,0,0,1,0,1,2016-10-10 8:10,Injury,14.65722931,121.0035145,Side Swipe
"Cloverleaf Market, Old Samson, Eugenio Compound, Balingasa, Quezon City, District I, Quezon City, Metro Manila, 1106, Philippines",EDSA,partly-cloudy-day,day,(-)INJURED,MMDA Metrobase,,bbaa4385-75c0-4a71-8b14-74ff94db9636,2016-10-27,23:51:08,EDSA A. De Jesus St.  Caloocan,0,0,0,0,0,0,0,1,0,1,2016-10-28 7:51,Injury,14.65727083,121.0024953,Side Swipe
"Total, EDSA, Bellevue, Apolonio Samson, Quezon City, District VI, Quezon City, Metro Manila, 1106, Philippines",EDSA,rain,day,BUMPED FROM BEHIND,Other,,125f280f-5a4d-4264-8aec-01bf536f349a,2016-10-20,04:35:04,EDSA Gen. Tinio St.  Caloocan,0,0,0,0,0,0,0,0,0,0,2016-10-20 12:35,Property,14.65727083,121.0037827,Rear-End
"Shell, EDSA, Balintawak Estate Subdivision, Caloocan, Metro Manila, 1400, Philippines",EDSA,clear-day,day,Self Accident,Other,,29856b16-b74a-4806-9156-1c33226fb505,2016-10-09,07:29:55,EDSA M. Ponce St. Caloocan,0,0,0,0,0,0,0,0,0,0,2016-10-09 15:29,Property,14.65731235,120.9891486,Self-Accident
"Social Security System - Caloocan City, EDSA, Balintawak Estate Subdivision, 136, Caloocan, Metro Manila, 1115, Philippines",EDSA,rain,night,(-)Injured,Other,,2ecb72c3-9106-40f3-804c-b423fb7effbd,2016-09-30,11:28:53,EDSA A. De Jesus St.  Caloocan,0,0,0,0,0,0,0,1,0,1,2016-09-30 19:28,Injury,14.65732273,120.9932363,Side Swipe
"Bonifacio Market, EDSA, Morning Breeze Subdivision, Caloocan, Metro Manila, 1400, Philippines",EDSA,clear-day,day,MULTIPLE COLLISION,MMDA Metrobase,,2dd96d21-4964-40d7-88cd-e416bf884b4f,2016-10-26,00:05:45,EDSA 8th St.  Caloocan,0,0,0,0,0,0,0,0,0,0,2016-10-26 8:05,Property,14.6573331,120.9847498,Rear-End
"BPI, EDSA, Bellevue, Apolonio Samson, Quezon City, District VI, Quezon City, Metro Manila, 1106, Philippines",EDSA,clear-night,night,Self Accident,MMDA Metrobase,,721f9484-8be5-41e6-a923-84a57a8fac27,2016-11-08,10:23:48,EDSA Mariano Ponce St.  Caloocan,0,0,0,0,0,0,0,1,0,1,2016-11-08 18:23,Injury,14.65734425,121.006584,Self-Accident
"Oliveros Southbound, EDSA, Bellevue, Apolonio Samson, Quezon City, District VI, Quezon City, Metro Manila, 1106, Philippines",EDSA,partly-cloudy-day,day,MULTIPLE COLLISION,MMDA Metrobase,,8a2475b0-6a15-462b-8b3b-5d6b78b65f53,2016-11-26,22:53:36,EDSA B. Serrano St. Caloocan,0,0,0,0,0,0,0,0,0,0,2016-11-27 6:53,Property,14.657355,121.0062662,Multiple
None,EDSA,None,None,"No Accident Factor, Side Swipe, 0.0 drivers_injured, 0.0 drivers_killed, 0.0 passengers_injured, 0.0 passengers_killed, 0.0 pedestrian_injured, 0.0 pedestrian_killed, Fair (Night), EDSA Sogo Hotel Westbound Caloocan",MMDA Road Safety Unit,,b7aa875a-bb47-46e8-8267-ece32d85fbd6,2016-10-10,00:55:00,EDSA Mercury Drug Caloocan,0,0,0,0,0,0,0,0,0,0,2016-10-10 8:55,Property,14.65731853,120.9848514,Side Swipe
None,EDSA,None,None,"No Accident Factor, Hit and Run (No Collision Stated), 0.0 drivers_injured, 0.0 drivers_killed, 1.0 passengers_injured, 0.0 passengers_killed, 0.0 pedestrian_injured, 0.0 pedestrian_killed, Fair (Day), EDSA Jollibee Foodmart Eastbound Caloocan",MMDA Road Safety Unit,,a6ca1063-7615-4122-a43d-a7845b13cfda,2016-09-25,23:50:00,EDSA Bank of Commerce  Caloocan,0,0,0,0,1,0,0,0,0,1,2016-09-26 7:50,Injury,14.65731494,120.9880163,No Collision Stated
None,EDSA,None,None,"No Accident Factor, Angle Impact, 0.0 drivers_injured, 0.0 drivers_killed, 0.0 passengers_injured, 0.0 passengers_killed, 0.0 pedestrian_injured, 0.0 pedestrian_killed, Fair (Day), EDSA Gen. Malvar St. Caloocan",MMDA Road Safety Unit,,415ee851-479c-4d0e-95b2-9d34d2508455,2016-09-25,08:00:00,EDSA General Tinio (WB)  Caloocan,0,0,0,0,0,0,0,0,0,0,2016-09-25 16:00,Property,14.6573376,120.993091,Angle Impact
None,EDSA,None,None,"No Accident Factor, Side Swipe, 0.0 drivers_injured, 0.0 drivers_killed, 0.0 passengers_injured, 0.0 passengers_killed, 0.0 pedestrian_injured, 0.0 pedestrian_killed, Fair (Night), EDSA Gen. Tinio St. Caloocan",MMDA Road Safety Unit,,3dc1513e-118d-42ea-a6b4-649f12b8a51d,2016-09-23,17:45:00,EDSA A. De Jesus Caloocan,0,0,0,0,0,0,0,0,0,0,2016-09-24 1:45,Property,14.65727124,120.9902826,Side Swipe
None,EDSA,None,None,"No Accident Factor, Side Swipe, 0.0 drivers_injured, 0.0 drivers_killed, 0.0 passengers_injured, 0.0 passengers_killed, 0.0 pedestrian_injured, 0.0 pedestrian_killed, Fair (Night), EDSA Gen. Tinio St. Caloocan",MMDA Road Safety Unit,,a4e63a00-c41a-4d18-bebf-6633dd53514a,2016-09-23,15:30:00,EDSA B. Serrano St. Caloocan,0,0,0,0,0,0,0,0,0,0,2016-09-23 23:30,Property,14.65727124,120.9902826,Side Swipe
None,EDSA,None,None,"No Accident Factor, No Collision Stated (based on Police Blotter Book), 0.0 drivers_injured, 0.0 drivers_killed, 0.0 passengers_injured, 0.0 passengers_killed, 0.0 pedestrian_injured, 0.0 pedestrian_killed, Fair (Night), EDSA Gen. Tinio St. Caloocan",MMDA Road Safety Unit,,c9037e2f-61b6-4d87-bd04-73a894d2a2b1,2016-09-23,15:00:00,EDSA 8th St.  Caloocan,0,0,0,0,0,0,0,0,0,0,2016-09-23 23:00,Property,14.65727124,120.9902826,No Collision Stated
None,EDSA,None,None,"No Accident Factor, Side Swipe, 0.0 drivers_injured, 0.0 drivers_killed, 0.0 passengers_injured, 0.0 passengers_killed, 0.0 pedestrian_injured, 0.0 pedestrian_killed, Fair (Night), EDSA Gen. Malvar St. Caloocan",MMDA Road Safety Unit,,827ef4f2-84d9-401c-b396-f5cfbabfc3cb,2016-09-23,14:45:00,EDSA Mitsubishi Motors Caloocan,0,0,0,0,0,0,0,0,0,0,2016-09-23 22:45,Property,14.6573376,120.993091,Side Swipe
None,EDSA,None,None,"No Accident Factor, No Collision Stated (based on Police Blotter Book), 0.0 drivers_injured, 0.0 drivers_killed, 0.0 passengers_injured, 0.0 passengers_killed, 0.0 pedestrian_injured, 0.0 pedestrian_killed, Fair (Night), EDSA Gen. Malvar St. Caloocan",MMDA Road Safety Unit,,3af1313e-3c17-4b99-8163-8f4504557e75,2016-09-22,12:00:00,EDSA A. De Jesus St. Caloocan,0,0,0,0,0,0,0,0,0,0,2016-09-22 20:00,Property,14.6573376,120.993091,No Collision Stated
None,EDSA,None,None,"No Accident Factor, Side Swipe, 0.0 drivers_injured, 0.0 drivers_killed, 0.0 passengers_injured, 0.0 passengers_killed, 0.0 pedestrian_injured, 0.0 pedestrian_killed, Fair (Day), EDSA Bonifacio Monumento Circle, 86 Caloocan",MMDA Road Safety Unit,,d20b03ab-7f14-4c0f-b01e-4bce6b151d16,2016-09-20,22:40:00,EDSA Gen. Tinio (WB) Caloocan,0,0,0,0,0,0,0,0,0,0,2016-09-21 6:40,Property,14.65732796,120.9842086,Side Swipe
None,EDSA,None,None,"No Accident Factor, Rear-end, 0.0 drivers_injured, 0.0 drivers_killed, 0.0 passengers_injured, 0.0 passengers_killed, 0.0 pedestrian_injured, 0.0 pedestrian_killed, Fair (Day), EDSA Mercury Drug Store , Bonifacio Monumento Circle  Caloocan",MMDA Road Safety Unit,,aa3dfa2a-73c4-4db8-b3a8-783e89560d17,2016-09-20,22:35:00,EDSA Gen. Malvar St. Caloocan,0,0,0,0,0,0,0,0,0,0,2016-09-21 6:35,Property,14.65694628,120.9842281,Rear-End
None,EDSA,None,None,"No Accident Factor, No Collision Stated (based on Police Blotter Book), 0.0 drivers_injured, 0.0 drivers_killed, 0.0 passengers_injured, 0.0 passengers_killed, 0.0 pedestrian_injured, 0.0 pedestrian_killed, Fair (Night), EDSA B. Serrano St. Caloocan",MMDA Road Safety Unit,,27fa11d4-0793-45dd-951d-b3cf42b21dfd,2016-09-20,10:30:00,EDSA B. Serrano St. Caloocan,0,0,0,0,0,0,0,0,0,0,2016-09-20 18:30,Property,14.65712586,120.9882927,No Collision Stated
None,EDSA,None,None,"No Accident Factor, Side Swipe, 0.0 drivers_injured, 0.0 drivers_killed, 0.0 passengers_injured, 0.0 passengers_killed, 0.0 pedestrian_injured, 0.0 pedestrian_killed, Fair (Day), EDSA B. Serrano St. Caloocan",MMDA Road Safety Unit,,50e829cf-ad72-44ad-8dea-e284c0856b83,2016-09-19,07:30:00,EDSA B. Serrano St. Caloocan,0,0,0,0,0,0,0,0,0,0,2016-09-19 15:30,Property,14.65712586,120.9882927,Side Swipe
None,EDSA,None,None,"No Accident Factor, Side Swipe, 0.0 drivers_injured, 0.0 drivers_killed, 0.0 passengers_injured, 0.0 passengers_killed, 0.0 pedestrian_injured, 0.0 pedestrian_killed, Fair (Day), EDSA Gen. Malvar St. Caloocan",MMDA Road Safety Unit,,7bf660fc-ee2c-4947-94b5-78685f4347cd,2016-09-19,04:00:00,EDSA A. De Jesus St. Caloocan,0,0,0,0,0,0,0,0,0,0,2016-09-19 12:00,Property,14.6573376,120.993091,Side Swipe
None,EDSA,None,None,"No Accident Factor, Hit Object (No Object Stated), 0.0 drivers_injured, 0.0 drivers_killed, 0.0 passengers_injured, 0.0 passengers_killed, 0.0 pedestrian_injured, 0.0 pedestrian_killed, Fair (Day), EDSA 8th St. Caloocan",MMDA Road Safety Unit,,36398d47-600c-465b-afab-ce5228f48c47,2016-09-19,03:00:00,EDSA Gen. Tinio St. Caloocan,0,0,0,0,0,0,0,0,0,0,2016-09-19 11:00,Property,14.6571119,120.9903828,Hit Object
None,EDSA,None,None,"No Accident Factor, Hit and Run (No Collision Stated), 0.0 drivers_injured, 0.0 drivers_killed, 0.0 passengers_injured, 0.0 passengers_killed, 0.0 pedestrian_injured, 0.0 pedestrian_killed, Fair (Day), EDSA Gen. Malvar St. Caloocan",MMDA Road Safety Unit,,79f22640-fa0b-4522-82fd-d36069a3b65b,2016-09-17,07:00:00,EDSA BIR Bldg. Caloocan,0,0,0,0,0,0,0,0,0,0,2016-09-17 15:00,Property,14.6573376,120.993091,No Collision Stated
None,EDSA,None,None,"No Accident Factor, Rear-end, 0.0 drivers_injured, 0.0 drivers_killed, 0.0 passengers_injured, 0.0 passengers_killed, 0.0 pedestrian_injured, 0.0 pedestrian_killed, Fair (Day), EDSA A. De Jesus St. Caloocan",MMDA Road Safety Unit,,865dfccd-85e4-4716-8ee1-1891b4530cbf,2016-09-17,01:20:00,EDSA B. Serrano St. Caloocan,0,0,0,0,0,0,0,0,0,0,2016-09-17 9:20,Property,14.65712835,120.990432,Rear-End
None,EDSA,None,None,"No Accident Factor, No Collision Stated (based on Police Blotter Book), 0.0 drivers_injured, 0.0 drivers_killed, 0.0 passengers_injured, 0.0 passengers_killed, 0.0 pedestrian_injured, 0.0 pedestrian_killed, Fair (Day), EDSA Gen. Malvar St. Caloocan",MMDA Road Safety Unit,,bd9d7704-6270-46ab-8ab3-4c5d40040a5d,2016-09-16,02:20:00,EDSA De Jesus (NB) Caloocan,0,0,0,0,0,0,0,0,0,0,2016-09-16 10:20,Property,14.6573376,120.993091,No Collision Stated
None,EDSA,None,None,"No Accident Factor, Rear-end, 0.0 drivers_injured, 0.0 drivers_killed, 0.0 passengers_injured, 0.0 passengers_killed, 0.0 pedestrian_injured, 0.0 pedestrian_killed, Fair (Night), EDSA B. Serrano St. Caloocan",MMDA Road Safety Unit,,de9f3ef6-d11b-4477-bc79-29eee0b77144,2016-09-15,11:30:00,EDSA B. Serrano St. Caloocan,0,0,0,0,0,0,0,0,0,0,2016-09-15 19:30,Property,14.65712586,120.9882927,Rear-End
None,EDSA,None,None,"No Accident Factor, No Collision Stated (based on Police Blotter Book), 0.0 drivers_injured, 0.0 drivers_killed, 0.0 passengers_injured, 0.0 passengers_killed, 0.0 pedestrian_injured, 0.0 pedestrian_killed, Fair (Day), EDSA Bonifacio Monumento Circle Caloocan",MMDA Road Safety Unit,,e724fd61-22e1-4e1a-84ca-ee55503ce88d,2016-09-15,00:30:00,EDSA Gen. Malvar Caloocan,0,0,0,0,0,0,0,0,0,0,2016-09-15 8:30,Property,14.65732796,120.9842086,No Collision Stated
None,EDSA,None,None,"No Accident Factor, No Collision Stated (based on Police Blotter Book), 0.0 drivers_injured, 0.0 drivers_killed, 0.0 passengers_injured, 0.0 passengers_killed, 0.0 pedestrian_injured, 0.0 pedestrian_killed, Fair (Day), EDSA Mariano Ponce St. Caloocan",MMDA Road Safety Unit,,95fb2112-bc52-49ee-8d2c-ddb42e76b509,2016-09-14,08:00:00,EDSA B. Serrano St. Caloocan,0,0,0,0,0,0,0,0,0,0,2016-09-14 16:00,Property,14.65733139,120.9916808,No Collision Stated
None,EDSA,None,None,"No Accident Factor, Rear-end, 0.0 drivers_injured, 0.0 drivers_killed, 0.0 passengers_injured, 0.0 passengers_killed, 0.0 pedestrian_injured, 0.0 pedestrian_killed, Fair (Day), EDSA Mercury Drugstore Caloocan",MMDA Road Safety Unit,,a124736e-36e9-4ae9-8865-e21eda7607f5,2016-09-14,01:30:00,EDSA Gen. Tinio Caloocan,0,0,0,0,0,0,0,0,0,0,2016-09-14 9:30,Property,14.65694628,120.9842281,Rear-End
None,EDSA,None,None,"No Accident Factor, Hit Object (No Object Stated), 0.0 drivers_injured, 0.0 drivers_killed, 0.0 passengers_injured, 0.0 passengers_killed, 0.0 pedestrian_injured, 0.0 pedestrian_killed, Fair (Day), EDSA Gen. Tinio St. Caloocan",MMDA Road Safety Unit,,e7568e92-c2a3-413b-9919-60102b0f5496,2016-09-13,23:30:00,EDSA Gen. Malvar Caloocan,0,0,0,0,0,0,0,0,0,0,2016-09-14 7:30,Property,14.65727124,120.9902826,Hit Object
None,EDSA,None,None,"No Accident Factor, Rear-end, 0.0 drivers_injured, 0.0 drivers_killed, 0.0 passengers_injured, 0.0 passengers_killed, 0.0 pedestrian_injured, 0.0 pedestrian_killed, Fair (Night), EDSA B. Serrano St. Caloocan",MMDA Road Safety Unit,,bde7592f-cb7f-47c9-a147-e13f10548d50,2016-09-13,11:30:00,EDSA 8th St. Caloocan,0,0,0,0,0,0,0,0,0,0,2016-09-13 19:30,Property,14.65712586,120.9882927,Rear-End
None,EDSA,None,None,"No Accident Factor, Hit Object (No Object Stated), 0.0 drivers_injured, 0.0 drivers_killed, 0.0 passengers_injured, 0.0 passengers_killed, 0.0 pedestrian_injured, 0.0 pedestrian_killed, Fair (Night), EDSA A. De Jesus St., U'TURn Slot Caloocan",MMDA Road Safety Unit,,fa37ae1b-ed37-436a-8dfe-e468323c2a99,2016-09-11,18:00:00,EDSA Gen. Malvar Caloocan,0,0,0,0,0,0,0,0,0,0,2016-09-12 2:00,Property,14.65711261,120.9904651,Hit Object
None,EDSA,None,None,"No Accident Factor, No Collision Stated (based on Police Blotter Book), 0.0 drivers_injured, 0.0 drivers_killed, 0.0 passengers_injured, 0.0 passengers_killed, 0.0 pedestrian_injured, 0.0 pedestrian_killed, Fair (Day), EDSA Mascardo St. Caloocan",MMDA Road Safety Unit,,6ef34da8-ab27-4756-8588-e2afe3a2399f,2016-09-10,00:45:00,EDSA A. De Jesus Caloocan,0,0,0,0,0,0,0,0,0,0,2016-09-10 8:45,Property,14.65743836,120.9947935,No Collision Stated
None,EDSA,None,None,"No Accident Factor, Hit Object (No Object Stated), 0.0 drivers_injured, 0.0 drivers_killed, 0.0 passengers_injured, 0.0 passengers_killed, 0.0 pedestrian_injured, 0.0 pedestrian_killed, Fair (Night), EDSA A. De Jesus St. Caloocan",MMDA Road Safety Unit,,c506e7a2-ffaf-40b9-bdda-5dd39a937e6a,2016-09-08,18:00:00,EDSA Mariano Ponce St. Caloocan,0,0,0,0,0,0,0,0,0,0,2016-09-09 2:00,Property,14.65712835,120.990432,Hit Object
None,EDSA,None,None,"No Accident Factor, No Collision Stated (based on Police Blotter Book), 0.0 drivers_injured, 0.0 drivers_killed, 0.0 passengers_injured, 0.0 passengers_killed, 0.0 pedestrian_injured, 0.0 pedestrian_killed, Fair (Day), EDSA Gen., Malvar St. U'Turn Slot Caloocan",MMDA Road Safety Unit,,6ef07197-2ed0-441d-a5c6-616d73efc15c,2016-09-07,23:50:00,"EDSA ""U"" turn slot, Gen. Tinio Caloocan",0,0,0,0,0,0,0,0,0,0,2016-09-08 7:50,Property,14.65723385,120.993094,No Collision Stated
None,EDSA,None,None,"No Accident Factor, Self-Accident, 1.0 drivers_injured, 0.0 drivers_killed, 0.0 passengers_injured, 0.0 passengers_killed, 0.0 pedestrian_injured, 0.0 pedestrian_killed, Fair (Night), EDSA A. De Jesus St. Caloocan",MMDA Road Safety Unit,,2cc14471-3919-401c-a7a1-11b2a095c63e,2016-09-07,18:30:00,EDSA A. De Jesus St. Caloocan,0,0,0,1,0,0,0,0,0,1,2016-09-08 2:30,Injury,14.65712835,120.990432,Self-Accident
None,EDSA,None,None,"No Accident Factor, No Collision Stated (based on Police Blotter Book), 0.0 drivers_injured, 0.0 drivers_killed, 0.0 passengers_injured, 0.0 passengers_killed, 0.0 pedestrian_injured, 0.0 pedestrian_killed, Fair (Day), EDSA Urbano Plata St. Caloocan",MMDA Road Safety Unit,,4314c130-4ef9-47c8-9ded-69d9ef116130,2016-09-07,03:00:00,EDSA J. Mariano St. Caloocan,0,0,0,0,0,0,0,0,0,0,2016-09-07 11:00,Property,14.65714729,120.9926394,No Collision Stated
None,EDSA,None,None,"No Accident Factor, Hit Object (No Object Stated), 0.0 drivers_injured, 0.0 drivers_killed, 0.0 passengers_injured, 0.0 passengers_killed, 0.0 pedestrian_injured, 0.0 pedestrian_killed, Fair (Night), EDSA Gen. Tinio St. Caloocan",MMDA Road Safety Unit,,08856a20-25fb-4adf-9522-5f2e5941fb91,2016-09-03,13:30:00,"EDSA ""U"" turn slot, Biglang-Awa Caloocan",0,0,0,0,0,0,0,0,0,0,2016-09-03 21:30,Property,14.65727124,120.9902826,Hit Object
None,EDSA,None,None,"No Accident Factor, No Collision Stated (based on Police Blotter Book), 0.0 drivers_injured, 0.0 drivers_killed, 0.0 passengers_injured, 0.0 passengers_killed, 0.0 pedestrian_injured, 0.0 pedestrian_killed, Fair (Night), EDSA Gen. Tinio St. Caloocan",MMDA Road Safety Unit,,3e06fc0b-cee0-4206-824e-081cce8b3be4,2016-09-03,10:00:00,EDSA B. Serrano St. Caloocan,0,0,0,0,0,0,0,0,0,0,2016-09-03 18:00,Property,14.65727124,120.9902826,No Collision Stated
None,EDSA,None,None,"No Accident Factor, No Collision Stated (based on Police Blotter Book), 0.0 drivers_injured, 0.0 drivers_killed, 0.0 passengers_injured, 0.0 passengers_killed, 0.0 pedestrian_injured, 0.0 pedestrian_killed, Fair (Night), EDSA B. Serrano St. Caloocan",MMDA Road Safety Unit,,ae153acc-4c78-429a-b64f-606647cadbba,2016-09-02,21:20:00,EDSA Concepcion St. Caloocan,0,0,0,0,0,0,0,0,0,0,2016-09-03 5:20,Property,14.65712586,120.9882927,No Collision Stated
None,EDSA,None,None,"No Accident Factor, Side Swipe, 0.0 drivers_injured, 0.0 drivers_killed, 0.0 passengers_injured, 0.0 passengers_killed, 0.0 pedestrian_injured, 0.0 pedestrian_killed, Fair (Day), EDSA B. Serrano St. - A. De Jesus St. Caloocan",MMDA Road Safety Unit,,604dbebb-bbcf-41c0-9789-e21b3490b58f,2016-09-02,05:10:00,EDSA Benin St. Caloocan,0,0,0,0,0,0,0,0,0,0,2016-09-02 13:10,Property,14.65712586,120.9882927,Side Swipe
None,EDSA,None,None,"No Accident Factor, Hit Object (No Object Stated), 0.0 drivers_injured, 0.0 drivers_killed, 0.0 passengers_injured, 0.0 passengers_killed, 0.0 pedestrian_injured, 0.0 pedestrian_killed, Fair (Day), EDSA Gen. Malvar St. Caloocan",MMDA Road Safety Unit,,7739ef8a-c04e-482b-a4a2-8b74c03211e2,2016-09-01,04:00:00,EDSA G. De Jesus St. Caloocan,0,0,0,0,0,0,0,0,0,0,2016-09-01 12:00,Property,14.6573376,120.993091,Hit Object
None,EDSA,None,None,"No Accident Factor, Rear-end, 0.0 drivers_injured, 0.0 drivers_killed, 0.0 passengers_injured, 0.0 passengers_killed, 0.0 pedestrian_injured, 0.0 pedestrian_killed, Fair (Day), EDSA A. De Jesus St. Caloocan",MMDA Road Safety Unit,,e6174af4-8b70-4a72-a7ce-5c6f6cb7151e,2016-08-31,22:20:00,EDSA Biglang Awa Caloocan,0,0,0,0,0,0,0,0,0,0,2016-09-01 6:20,Property,14.65712835,120.990432,Rear-End
None,EDSA,None,None,"No Accident Factor, No Collision Stated (based on Police Blotter Book), 0.0 drivers_injured, 0.0 drivers_killed, 0.0 passengers_injured, 0.0 passengers_killed, 0.0 pedestrian_injured, 0.0 pedestrian_killed, Fair (Day), EDSA Toyota Motors Caloocan",MMDA Road Safety Unit,,4cc085fb-faec-4ba4-ab37-fb5772ea3dec,2016-08-31,06:45:00,EDSA Bonifacio Memorial Center Caloocan,0,0,0,0,0,0,0,0,0,0,2016-08-31 14:45,Property,14.65735244,120.99592,No Collision Stated
None,EDSA,None,None,"No Accident Factor, No Collision Stated (based on Police Blotter Book), 0.0 drivers_injured, 0.0 drivers_killed, 0.0 passengers_injured, 0.0 passengers_killed, 0.0 pedestrian_injured, 0.0 pedestrian_killed, Fair (Day), EDSA Tandang Sora St. Caloocan",MMDA Road Safety Unit,,6584d925-c51c-48a1-9819-4430e3cdc7cd,2016-08-31,05:45:00,EDSA B. Serrano St. Caloocan,0,0,0,0,0,0,0,0,0,0,2016-08-31 13:45,Property,14.65736758,120.9940203,No Collision Stated
None,EDSA,None,None,"No Accident Factor, Side Swipe, 0.0 drivers_injured, 0.0 drivers_killed, 0.0 passengers_injured, 0.0 passengers_killed, 0.0 pedestrian_injured, 0.0 pedestrian_killed, Fair (Day), EDSA Arellano St. Caloocan",MMDA Road Safety Unit,,c73c9c5e-baef-427b-98af-992c7f26eb18,2016-08-31,00:00:00,EDSA Tandang Sora St.  Caloocan,0,0,0,0,0,0,0,0,0,0,2016-08-31 8:00,Property,14.65731237,120.9923839,Side Swipe
None,EDSA,None,None,"No Accident Factor, No Collision Stated (based on Police Blotter Book), 0.0 drivers_injured, 0.0 drivers_killed, 0.0 passengers_injured, 0.0 passengers_killed, 0.0 pedestrian_injured, 0.0 pedestrian_killed, Fair (Day), EDSA D. Arellano St. Caloocan",MMDA Road Safety Unit,,9d15d7da-6bf9-417f-aab5-ddb3e4a4c225,2016-08-30,00:30:00,EDSA Asuncion St.  Caloocan,0,0,0,0,0,0,0,0,0,0,2016-08-30 8:30,Property,14.65734246,120.9924247,No Collision Stated