LOCATION_TEXT,ROAD,WEATHER,LIGHT,DESC,REPORTING_AGENCY,MAIN_CAUSE,INCIDENTDETAILS_ID,DATE_UTC,TIME_UTC,ADDRESS,killed_driver,killed_passenger,killed_pedestrian,injured_driver,injured_passenger,injured_pedestrian,killed_uncategorized,injured_uncategorized,killed_total,injured_total,DATETIME_PST,SEVERITY,Y,X,COLLISION_TYPE
None,EDSA,None,None,"No Accident Factor, Rear-end, 0.0 drivers_injured, 0.0 drivers_killed, 0.0 passengers_injured, 0.0 passengers_killed, 0.0 pedestrian_injured, 0.0 pedestrian_killed, Fair (Day), EDSA Honda Motors Caloocan",MMDA Road Safety Unit,,94d76616-496b-4d2d-9f30-4765f456b0c2,2016-08-28,06:00:00,EDSA B. Serrano St. Caloocan,0,0,0,0,0,0,0,0,0,0,2016-08-28 14:00,Property,14.65713601,120.9973468,Rear-End
None,EDSA,None,None,"No Accident Factor, Rear-end, 1.0 drivers_injured, 0.0 drivers_killed, 0.0 passengers_injured, 0.0 passengers_killed, 0.0 pedestrian_injured, 0.0 pedestrian_killed, Fair (Day), EDSA A. De Jesus St. Caloocan",MMDA Road Safety Unit,,3730d878-add9-4711-a0dc-62ee6f72f755,2016-08-28,05:55:00,EDSA Gen. Malvar Ave.  Caloocan,0,0,0,1,0,0,0,0,0,1,2016-08-28 13:55,Injury,14.65712835,120.990432,Rear-End
None,EDSA,None,None,"No Accident Factor, Side Swipe, 0.0 drivers_injured, 0.0 drivers_killed, 0.0 passengers_injured, 0.0 passengers_killed, 0.0 pedestrian_injured, 0.0 pedestrian_killed, Fair (Night), EDSA Tandang Sora St. Caloocan",MMDA Road Safety Unit,,77449a9b-b649-48aa-ac5b-4fb41e539c14,2016-08-27,11:00:00,EDSA B. Serrano St. Caloocan,0,0,0,0,0,0,0,0,0,0,2016-08-27 19:00,Property,14.65736758,120.9940203,Side Swipe
None,EDSA,None,None,"No Accident Factor, Rear-end, 0.0 drivers_injured, 0.0 drivers_killed, 0.0 passengers_injured, 0.0 passengers_killed, 0.0 pedestrian_injured, 0.0 pedestrian_killed, Fair (Day), EDSA A. De Jesus St. Caloocan",MMDA Road Safety Unit,,c0079ab0-22d1-48c9-8274-9f7b6c1e20cf,2016-08-26,09:10:00,EDSA A. De Jesus St.  Caloocan,0,0,0,0,0,0,0,0,0,0,2016-08-26 17:10,Property,14.65712835,120.990432,Rear-End
None,EDSA,None,None,"No Accident Factor, No Collision Stated (based on Police Blotter Book), 0.0 drivers_injured, 0.0 drivers_killed, 0.0 passengers_injured, 0.0 passengers_killed, 0.0 pedestrian_injured, 0.0 pedestrian_killed, Fair (Night), EDSA B. Serrano St. Caloocan",MMDA Road Safety Unit,,ec7c112e-8998-4d53-960e-8079bd7ff507,2016-08-25,10:15:00,EDSA A. De Jesus St.  Caloocan,0,0,0,0,0,0,0,0,0,0,2016-08-25 18:15,Property,14.65712586,120.9882927,No Collision Stated
None,EDSA,None,None,"No Accident Factor, Rear-end, 0.0 drivers_injured, 0.0 drivers_killed, 0.0 passengers_injured, 0.0 passengers_killed, 0.0 pedestrian_injured, 0.0 pedestrian_killed, Fair (Night), EDSA Gen. Tirona St. Caloocan",MMDA Road Safety Unit,,d8fe634b-1a31-4b89-a653-d67055075953,2016-08-24,14:00:00,EDSA B. Serrano St. Caloocan,0,0,0,0,0,0,0,0,0,0,2016-08-24 22:00,Property,14.65742615,120.9970941,Rear-End
None,EDSA,None,None,"No Accident Factor, Hit Object (No Object Stated), 0.0 drivers_injured, 0.0 drivers_killed, 0.0 passengers_injured, 0.0 passengers_killed, 0.0 pedestrian_injured, 0.0 pedestrian_killed, Fair (Day), EDSA Gen., Malvar St. U'Turn Slot Caloocan",MMDA Road Safety Unit,,1bb8fcde-9826-4a7d-8d4c-1d17224793a4,2016-08-24,06:30:00,EDSA Gen. Malvar St.  Caloocan,0,0,0,0,0,0,0,0,0,0,2016-08-24 14:30,Property,14.65723385,120.993094,Hit Object
None,EDSA,None,None,"No Accident Factor, Side Swipe, 0.0 drivers_injured, 0.0 drivers_killed, 0.0 passengers_injured, 0.0 passengers_killed, 0.0 pedestrian_injured, 0.0 pedestrian_killed, Fair (Day), EDSA Urbano Plata St. Caloocan",MMDA Road Safety Unit,,0d8c051d-2869-4d90-ab7e-2ab66299e1c5,2016-08-20,04:45:00,EDSA Gen. Malvar Ave. (NB) Caloocan,0,0,0,0,0,0,0,0,0,0,2016-08-20 12:45,Property,14.65714729,120.9926394,Side Swipe
None,EDSA,None,None,"No Accident Factor, Side Swipe, 0.0 drivers_injured, 0.0 drivers_killed, 0.0 passengers_injured, 0.0 passengers_killed, 0.0 pedestrian_injured, 0.0 pedestrian_killed, Fair (Day), EDSA A. De Jesus St. Caloocan",MMDA Road Safety Unit,,4e002bd4-77db-4daf-8eb2-20cfa50d86d4,2016-08-18,05:30:00,EDSA Mariano Ponce Caloocan,0,0,0,0,0,0,0,0,0,0,2016-08-18 13:30,Property,14.65712835,120.990432,Side Swipe
None,EDSA,None,None,"No Accident Factor, Hit and Run (No Collision Stated), 0.0 drivers_injured, 0.0 drivers_killed, 0.0 passengers_injured, 0.0 passengers_killed, 0.0 pedestrian_injured, 0.0 pedestrian_killed, Fair (Night), EDSA Gen., Evangelista St., Bgy 138 Caloocan",MMDA Road Safety Unit,,5431fdfb-076d-49f0-87c4-834a17a0547c,2016-08-15,21:25:00,EDSA Tandang Sora St.  Caloocan,0,0,0,0,0,0,0,0,0,0,2016-08-16 5:25,Property,14.65739694,120.9955639,No Collision Stated
None,EDSA,None,None,"No Accident Factor, Hit and Run (No Collision Stated), 0.0 drivers_injured, 0.0 drivers_killed, 0.0 passengers_injured, 0.0 passengers_killed, 0.0 pedestrian_injured, 0.0 pedestrian_killed, Fair (Night), EDSA Gen. Tirona St. Caloocan",MMDA Road Safety Unit,,31dc1a0f-8ee7-4d6c-a9b9-b93110d92d16,2016-08-14,20:15:00,EDSA Gen. Malvar St.  Caloocan,0,0,0,0,0,0,0,0,0,0,2016-08-15 4:15,Property,14.65742615,120.9970941,No Collision Stated
None,EDSA,None,None,"No Accident Factor, Side Swipe, 0.0 drivers_injured, 0.0 drivers_killed, 0.0 passengers_injured, 0.0 passengers_killed, 0.0 pedestrian_injured, 0.0 pedestrian_killed, Fair (Night), EDSA Arellano St. Caloocan",MMDA Road Safety Unit,,b8498172-a06e-4dd0-8053-d0b4c48f20d2,2016-08-13,15:00:00,EDSA Gen. Malvar St.  Caloocan,0,0,0,0,0,0,0,0,0,0,2016-08-13 23:00,Property,14.65731237,120.9923839,Side Swipe
None,EDSA,None,None,"No Accident Factor, No Collision Stated (based on Police Blotter Book), 0.0 drivers_injured, 0.0 drivers_killed, 0.0 passengers_injured, 0.0 passengers_killed, 0.0 pedestrian_injured, 0.0 pedestrian_killed, Fair (Day), EDSA MCU Caloocan",MMDA Road Safety Unit,,32604eab-cff4-4ce6-8e2e-d4b60388f4fd,2016-08-13,09:15:00,EDSA A. De Jesus St.  Caloocan,0,0,0,0,0,0,0,0,0,0,2016-08-13 17:15,Property,14.6573146,120.9860365,No Collision Stated
None,EDSA,None,None,"No Accident Factor, Hit and Run (No Collision Stated), 0.0 drivers_injured, 0.0 drivers_killed, 0.0 passengers_injured, 0.0 passengers_killed, 0.0 pedestrian_injured, 0.0 pedestrian_killed, Fair (Day), EDSA Mariano Ponce St. Caloocan",MMDA Road Safety Unit,,fbb01f59-cd1a-4fe9-ba9c-f0bfc5ba0484,2016-08-12,02:45:00,EDSA Bonifacio Memorial Center Caloocan,0,0,0,0,0,0,0,0,0,0,2016-08-12 10:45,Property,14.65733139,120.9916808,No Collision Stated
None,EDSA,None,None,"No Accident Factor, Hit Object (No Object Stated), 0.0 drivers_injured, 0.0 drivers_killed, 0.0 passengers_injured, 0.0 passengers_killed, 0.0 pedestrian_injured, 0.0 pedestrian_killed, Fair (Day), EDSA Benin St. Caloocan",MMDA Road Safety Unit,,affa0dd6-6f45-4321-af52-3dfc706a1db9,2016-08-11,01:10:00,EDSA Gen. Malvar St.  Caloocan,0,0,0,0,0,0,0,0,0,0,2016-08-11 9:10,Property,14.65705691,120.9855172,Hit Object
None,EDSA,None,None,"No Accident Factor, No Collision Stated (based on Police Blotter Book), 0.0 drivers_injured, 0.0 drivers_killed, 0.0 passengers_injured, 0.0 passengers_killed, 0.0 pedestrian_injured, 0.0 pedestrian_killed, Fair (Day), EDSA Bonifacio Monumento Circle Caloocan",MMDA Road Safety Unit,,533ae1a5-0aee-4e38-8492-ce275cc73a08,2016-08-09,06:30:00,EDSA Bonifacio Memorial Center Caloocan,0,0,0,0,0,0,0,0,0,0,2016-08-09 14:30,Property,14.65732796,120.9842086,No Collision Stated
None,EDSA,None,None,"No Accident Factor, Rear-end, 1.0 drivers_injured, 0.0 drivers_killed, 0.0 passengers_injured, 0.0 passengers_killed, 0.0 pedestrian_injured, 0.0 pedestrian_killed, Fair (Day), EDSA ""U"" turn slot, Gen. Malvar St. Caloocan",MMDA Road Safety Unit,,53d0cb08-757a-4b0b-9a28-03a13ff5ab4f,2016-08-08,09:45:00,EDSA Gen. Tinio St.  Caloocan,0,0,0,1,0,0,0,0,0,1,2016-08-08 17:45,Injury,14.65722477,120.9930969,Rear-End
None,EDSA,None,None,"No Accident Factor, Rear-end, 0.0 drivers_injured, 0.0 drivers_killed, 0.0 passengers_injured, 0.0 passengers_killed, 0.0 pedestrian_injured, 0.0 pedestrian_killed, Fair (Night), EDSA A. De Jesus St. Caloocan",MMDA Road Safety Unit,,66a930b5-3004-40c4-8f11-7a54bf0a6b7c,2016-08-06,11:15:00,EDSA Asuncion St.  Caloocan,0,0,0,0,0,0,0,0,0,0,2016-08-06 19:15,Property,14.65712835,120.990432,Rear-End
None,EDSA,None,None,"No Accident Factor, No Collision Stated (based on Police Blotter Book), 0.0 drivers_injured, 0.0 drivers_killed, 0.0 passengers_injured, 0.0 passengers_killed, 0.0 pedestrian_injured, 0.0 pedestrian_killed, Fair (Day), EDSA Asuncion St. Caloocan",MMDA Road Safety Unit,,b54f168b-092c-4889-bf88-82f113d4c24d,2016-08-05,22:00:00,EDSA Bonifacio Memorial Center Caloocan,0,0,0,0,0,0,0,0,0,0,2016-08-06 6:00,Property,14.65727118,120.9876199,No Collision Stated
None,EDSA,None,None,"No Accident Factor, Side Swipe, 0.0 drivers_injured, 0.0 drivers_killed, 0.0 passengers_injured, 0.0 passengers_killed, 0.0 pedestrian_injured, 0.0 pedestrian_killed, Fair (Night), EDSA Gen. Simon St. Caloocan",MMDA Road Safety Unit,,447d6118-f2c1-4c90-b14d-b2fad3415285,2016-08-05,13:00:00,EDSA Gen. Malvar St.  Caloocan,0,0,0,0,0,0,0,0,0,0,2016-08-05 21:00,Property,14.65727772,120.9854774,Side Swipe
None,EDSA,None,None,"No Accident Factor, Side Swipe, 0.0 drivers_injured, 0.0 drivers_killed, 0.0 passengers_injured, 0.0 passengers_killed, 0.0 pedestrian_injured, 0.0 pedestrian_killed, Fair (Day), EDSA A. De Jesus St. Caloocan",MMDA Road Safety Unit,,53785064-8814-4466-95bf-c1051bb95436,2016-08-04,22:45:00,EDSA Don Vicente Ang St. (EB) Caloocan,0,0,0,0,0,0,0,0,0,0,2016-08-05 6:45,Property,14.65712835,120.990432,Side Swipe
None,EDSA,None,None,"No Accident Factor, Side Swipe, 0.0 drivers_injured, 0.0 drivers_killed, 0.0 passengers_injured, 0.0 passengers_killed, 0.0 pedestrian_injured, 0.0 pedestrian_killed, Fair (Day), EDSA Bonifacio Memorial Circle Caloocan",MMDA Road Safety Unit,,ae1594d6-528c-4952-a510-83df8dcfc06c,2016-08-04,04:00:00,EDSA B. Serrano St.  Caloocan,0,0,0,0,0,0,0,0,0,0,2016-08-04 12:00,Property,14.65732796,120.9842086,Side Swipe
None,EDSA,None,None,"No Accident Factor, Hit and Run (No Collision Stated), 0.0 drivers_injured, 0.0 drivers_killed, 0.0 passengers_injured, 0.0 passengers_killed, 0.0 pedestrian_injured, 0.0 pedestrian_killed, Fair (Day), EDSA Asuncion St. Caloocan",MMDA Road Safety Unit,,646204ad-7bfc-410c-821c-b555e9495b59,2016-08-01,23:00:00,EDSA 8th St.  Caloocan,0,0,0,0,0,0,0,0,0,0,2016-08-02 7:00,Property,14.65727118,120.9876199,No Collision Stated
None,EDSA,None,None,"No Accident Factor, Side Swipe, 0.0 drivers_injured, 0.0 drivers_killed, 0.0 passengers_injured, 0.0 passengers_killed, 0.0 pedestrian_injured, 0.0 pedestrian_killed, Fair (Day), EDSA Gen. Malvar St. Caloocan",MMDA Road Safety Unit,,84981448-3633-4985-b275-0044335bfe97,2016-08-01,01:15:00,"EDSA ""U"" turn slot, Gen. Tinio St.  Caloocan",0,0,0,0,0,0,0,0,0,0,2016-08-01 9:15,Property,14.6573376,120.993091,Side Swipe
None,EDSA,None,None,"No Accident Factor, No Collision Stated (based on Police Blotter Book), 0.0 drivers_injured, 0.0 drivers_killed, 0.0 passengers_injured, 0.0 passengers_killed, 0.0 pedestrian_injured, 0.0 pedestrian_killed, Fair (Night), EDSA Gen. Tinio St. Caloocan",MMDA Road Safety Unit,,da33c055-c85c-4848-9927-fbaeb6698933,2016-07-29,17:30:00,EDSA Gen. Tinio St.  Caloocan,0,0,0,0,0,0,0,0,0,0,2016-07-30 1:30,Property,14.65727124,120.9902826,No Collision Stated
None,EDSA,None,None,"No Accident Factor, Hit and Run (No Collision Stated), 0.0 drivers_injured, 0.0 drivers_killed, 0.0 passengers_injured, 0.0 passengers_killed, 0.0 pedestrian_injured, 0.0 pedestrian_killed, Fair (Night), EDSA Gen. Malvar St.  Caloocan",MMDA Road Safety Unit,,1f5ec8ff-cbc9-4381-a1f3-86c6eb8ff011,2016-07-28,14:05:00,"EDSA ""U"" turn slot, Gen. Malvar St. Caloocan",0,0,0,0,0,0,0,0,0,0,2016-07-28 22:05,Property,14.6573376,120.993091,No Collision Stated
None,EDSA,None,None,"No Accident Factor, Angle Impact, 0.0 drivers_injured, 0.0 drivers_killed, 1.0 passengers_injured, 0.0 passengers_killed, 0.0 pedestrian_injured, 0.0 pedestrian_killed, Fair (Day), EDSA Gen. Malvar St.  Caloocan",MMDA Road Safety Unit,,0d07de5f-c356-4be4-84ef-f86a7c5a66b6,2016-07-27,23:30:00,EDSA B. Serrano St.  Caloocan,0,0,0,0,1,0,0,0,0,1,2016-07-28 7:30,Injury,14.6573376,120.993091,Angle Impact
None,EDSA,None,None,"No Accident Factor, No Collision Stated (based on Police Blotter Book), 0.0 drivers_injured, 0.0 drivers_killed, 0.0 passengers_injured, 0.0 passengers_killed, 0.0 pedestrian_injured, 0.0 pedestrian_killed, Fair (Night), EDSA A. De Jesus St. Caloocan",MMDA Road Safety Unit,,024f3a65-3122-4d97-8c04-a2a0f6d9d068,2016-07-25,21:45:00,EDSA Asuncion St.  Caloocan,0,0,0,0,0,0,0,0,0,0,2016-07-26 5:45,Property,14.65712835,120.990432,No Collision Stated
None,EDSA,None,None,"No Accident Factor, No Collision Stated (based on Police Blotter Book), 0.0 drivers_injured, 0.0 drivers_killed, 0.0 passengers_injured, 0.0 passengers_killed, 0.0 pedestrian_injured, 0.0 pedestrian_killed, Fair (Day), EDSA Honda Motors Caloocan",MMDA Road Safety Unit,,37d2752d-0452-403d-9dbd-e8422d09c3e0,2016-07-22,06:30:00,EDSA Asuncion St.  Caloocan,0,0,0,0,0,0,0,0,0,0,2016-07-22 14:30,Property,14.65713601,120.9973468,No Collision Stated
None,EDSA,None,None,"No Accident Factor, Hit and Run (No Collision Stated), 0.0 drivers_injured, 0.0 drivers_killed, 0.0 passengers_injured, 0.0 passengers_killed, 0.0 pedestrian_injured, 0.0 pedestrian_killed, Fair (Night), EDSA B. Serrano St. Caloocan",MMDA Road Safety Unit,,6cc283b7-6147-4f4a-a821-051078486d68,2016-07-19,14:00:00,EDSA Urbano Plata St.  Caloocan,0,0,0,0,0,0,0,0,0,0,2016-07-19 22:00,Property,14.65712586,120.9882927,No Collision Stated
None,EDSA,None,None,"No Accident Factor, Hit and Run (No Collision Stated), 0.0 drivers_injured, 0.0 drivers_killed, 0.0 passengers_injured, 0.0 passengers_killed, 0.0 pedestrian_injured, 0.0 pedestrian_killed, Fair (Day), EDSA Mercury Drug Store , Bgy 82 Caloocan",MMDA Road Safety Unit,,9da4efae-ea9f-4f32-b7f8-cef367423f12,2016-07-19,00:50:00,EDSA Bonifacio Memorial Center Caloocan,0,0,0,0,0,0,0,0,0,0,2016-07-19 8:50,Property,14.65694628,120.9842281,No Collision Stated
None,EDSA,None,None,"No Accident Factor, No Collision Stated (based on Police Blotter Book), 0.0 drivers_injured, 0.0 drivers_killed, 0.0 passengers_injured, 0.0 passengers_killed, 0.0 pedestrian_injured, 0.0 pedestrian_killed, Fair (Night), EDSA U Turn Slot , Gen. Tinio Caloocan",MMDA Road Safety Unit,,4205ffc6-c351-415f-aa60-76f4d6da27be,2016-07-16,12:45:00,"EDSA ""U"" turn slot (WB), Gen. Tinio St. Caloocan",0,0,0,0,0,0,0,0,0,0,2016-07-16 20:45,Property,14.6573762,120.9875993,No Collision Stated
None,EDSA,None,None,"No Accident Factor, No Collision Stated (based on Police Blotter Book), 0.0 drivers_injured, 0.0 drivers_killed, 0.0 passengers_injured, 0.0 passengers_killed, 0.0 pedestrian_injured, 0.0 pedestrian_killed, Fair (Day), EDSA B. Serrano St. Caloocan",MMDA Road Safety Unit,,4312a05a-ce39-4257-afa1-ab5293051576,2016-07-14,07:00:00,EDSA A. De Jesus St.  Caloocan,0,0,0,0,0,0,0,0,0,0,2016-07-14 15:00,Property,14.65712586,120.9882927,No Collision Stated
None,EDSA,None,None,"No Accident Factor, Rear-end, 0.0 drivers_injured, 0.0 drivers_killed, 0.0 passengers_injured, 0.0 passengers_killed, 0.0 pedestrian_injured, 0.0 pedestrian_killed, Fair (Night), EDSA Gen. Tirona St. Caloocan",MMDA Road Safety Unit,,2f9e3f0e-138c-472a-b199-f5e507ed523b,2016-07-13,17:50:00,EDSA Bonifacio Memorial Center Caloocan,0,0,0,0,0,0,0,0,0,0,2016-07-14 1:50,Property,14.65742615,120.9970941,Rear-End
None,EDSA,None,None,"No Accident Factor, Side Swipe, 0.0 drivers_injured, 0.0 drivers_killed, 0.0 passengers_injured, 0.0 passengers_killed, 0.0 pedestrian_injured, 0.0 pedestrian_killed, Fair (Night), EDSA Bonifacio Monumento Circle Caloocan",MMDA Road Safety Unit,,e4ae12c5-e2da-41fd-9511-e55161482120,2016-07-13,12:30:00,EDSA A. De Jesus St.  Caloocan,0,0,0,0,0,0,0,0,0,0,2016-07-13 20:30,Property,14.65732796,120.9842086,Side Swipe
None,EDSA,None,None,"No Accident Factor, Hit Object (No Object Stated), 0.0 drivers_injured, 0.0 drivers_killed, 0.0 passengers_injured, 0.0 passengers_killed, 0.0 pedestrian_injured, 0.0 pedestrian_killed, Fair (Day), EDSA Gen. Tirona St. Caloocan",MMDA Road Safety Unit,,d9b86cfe-e0e2-4d89-80fa-432515e0d44b,2016-07-08,02:30:00,EDSA Biglang Awa St.  Caloocan,0,0,0,0,0,0,0,0,0,0,2016-07-08 10:30,Property,14.65742615,120.9970941,Hit Object
None,EDSA,None,None,"No Accident Factor, No Collision Stated (based on Police Blotter Book), 0.0 drivers_injured, 0.0 drivers_killed, 0.0 passengers_injured, 0.0 passengers_killed, 0.0 pedestrian_injured, 0.0 pedestrian_killed, Fair (Night), EDSA A. De Jesus St. Caloocan",MMDA Road Safety Unit,,7dcd25f7-b5a8-4a40-838e-db9712f49983,2016-07-07,21:20:00,EDSA B. Serrano St.  Caloocan,0,0,0,0,0,0,0,0,0,0,2016-07-08 5:20,Property,14.65712835,120.990432,No Collision Stated
None,EDSA,None,None,"No Accident Factor, Rear-end, 0.0 drivers_injured, 0.0 drivers_killed, 0.0 passengers_injured, 0.0 passengers_killed, 0.0 pedestrian_injured, 0.0 pedestrian_killed, Fair (Day), EDSA B. Serrano St. Caloocan",MMDA Road Safety Unit,,eb74142f-412a-4361-ab9e-87f2bd5032be,2016-07-06,09:30:00,EDSA A. De Jesus St.  Caloocan,0,0,0,0,0,0,0,0,0,0,2016-07-06 17:30,Property,14.65712586,120.9882927,Rear-End
None,EDSA,None,None,"No Accident Factor, Side Swipe, 0.0 drivers_injured, 0.0 drivers_killed, 0.0 passengers_injured, 0.0 passengers_killed, 0.0 pedestrian_injured, 0.0 pedestrian_killed, Fair (Day), EDSA Benin St. Caloocan",MMDA Road Safety Unit,,267a7f62-ebb0-4207-b078-b450237102b9,2016-07-06,08:00:00,EDSA Gen. Tinio St.  Caloocan,0,0,0,0,0,0,0,0,0,0,2016-07-06 16:00,Property,14.65705691,120.9855172,Side Swipe
None,EDSA,None,None,"No Accident Factor, Side Swipe, 0.0 drivers_injured, 0.0 drivers_killed, 0.0 passengers_injured, 0.0 passengers_killed, 0.0 pedestrian_injured, 0.0 pedestrian_killed, Fair (Night), EDSA Gen. Simon St. Caloocan",MMDA Road Safety Unit,,d9943fb6-7caf-49d4-9d8a-f9016c64a0ed,2016-07-05,16:30:00,EDSA Dr. Asuncion St.  Caloocan,0,0,0,0,0,0,0,0,0,0,2016-07-06 0:30,Property,14.65727772,120.9854774,Side Swipe
None,EDSA,None,None,"No Accident Factor, Rear-end, 1.0 drivers_injured, 0.0 drivers_killed, 0.0 passengers_injured, 0.0 passengers_killed, 0.0 pedestrian_injured, 0.0 pedestrian_killed, Fair (Night), EDSA A. De Jesus St. Caloocan",MMDA Road Safety Unit,,a9a68327-fe1c-4d34-af00-7b50cae88d12,2016-07-05,10:30:00,EDSA A. De Jesus St.  Caloocan,0,0,0,1,0,0,0,0,0,1,2016-07-05 18:30,Injury,14.65712835,120.990432,Rear-End
None,EDSA,None,None,"No Accident Factor, Side Swipe, 0.0 drivers_injured, 0.0 drivers_killed, 0.0 passengers_injured, 0.0 passengers_killed, 0.0 pedestrian_injured, 0.0 pedestrian_killed, Fair (Day), EDSA Bonifacio Memorial Circle Caloocan",MMDA Road Safety Unit,,6feaa2ee-fd1f-4100-bb53-bb4d36534904,2016-07-05,09:45:00,EDSA A. De Jesus St.  Caloocan,0,0,0,0,0,0,0,0,0,0,2016-07-05 17:45,Property,14.65732796,120.9842086,Side Swipe
None,EDSA,None,None,"No Accident Factor, Rear-end, 0.0 drivers_injured, 0.0 drivers_killed, 0.0 passengers_injured, 0.0 passengers_killed, 0.0 pedestrian_injured, 0.0 pedestrian_killed, Fair (Day), EDSA Bonifacio Memorial Circle Caloocan",MMDA Road Safety Unit,,c814f819-da81-4f1d-9f79-eaffbf7c4aaf,2016-07-03,23:15:00,"EDSA Tirona St., 128 Bagong Barrio Caloocan",0,0,0,0,0,0,0,0,0,0,2016-07-04 7:15,Property,14.65732796,120.9842086,Rear-End
None,EDSA,None,None,"No Accident Factor, Rear-end, 0.0 drivers_injured, 0.0 drivers_killed, 0.0 passengers_injured, 0.0 passengers_killed, 0.0 pedestrian_injured, 0.0 pedestrian_killed, Fair (Day), EDSA Gen. Malvar St.  Caloocan",MMDA Road Safety Unit,,e084f2e8-54c8-420c-9937-63837bf4a8fe,2016-07-03,22:30:00,EDSA A. De Jesus St.  Caloocan,0,0,0,0,0,0,0,0,0,0,2016-07-04 6:30,Property,14.6573376,120.993091,Rear-End
None,EDSA,None,None,"No Accident Factor, Angle Impact, 0.0 drivers_injured, 0.0 drivers_killed, 0.0 passengers_injured, 0.0 passengers_killed, 0.0 pedestrian_injured, 0.0 pedestrian_killed, Fair (Day), EDSA A. De Jesus St.  Caloocan",MMDA Road Safety Unit,,da817d25-8845-45c9-8261-19a83f9dee3b,2016-07-03,09:50:00,EDSA Malvar St.  Caloocan,0,0,0,0,0,0,0,0,0,0,2016-07-03 17:50,Property,14.65709631,120.9904323,Angle Impact
None,EDSA,None,None,"No Accident Factor, No Collision Stated (based on Police Blotter Book), 0.0 drivers_injured, 0.0 drivers_killed, 0.0 passengers_injured, 0.0 passengers_killed, 0.0 pedestrian_injured, 0.0 pedestrian_killed, Fair (Day), EDSA B. Serrano St.  Caloocan",MMDA Road Safety Unit,,ef66d730-c520-46d5-a30f-42c2a8d3cf72,2016-07-02,05:00:00,EDSA Bonifacio Memorial Center Caloocan,0,0,0,0,0,0,0,0,0,0,2016-07-02 13:00,Property,14.65712586,120.9882927,No Collision Stated
None,EDSA,None,None,"No Accident Factor, Hit and Run (No Collision Stated), 1.0 drivers_injured, 0.0 drivers_killed, 0.0 passengers_injured, 0.0 passengers_killed, 0.0 pedestrian_injured, 0.0 pedestrian_killed, Fair (Night), EDSA A. De Jesus St. Caloocan",MMDA Road Safety Unit,,552fe051-a8a5-404b-ad09-71a9a99ef831,2016-06-27,13:55:00,EDSA Bonifacio Memorial Center Caloocan,0,0,0,1,0,0,0,0,0,1,2016-06-27 21:55,Injury,14.65712835,120.990432,No Collision Stated
None,EDSA,None,None,"No Accident Factor, Rear-end, 0.0 drivers_injured, 0.0 drivers_killed, 0.0 passengers_injured, 0.0 passengers_killed, 0.0 pedestrian_injured, 0.0 pedestrian_killed, Fair (Day), EDSA MCU Caloocan",MMDA Road Safety Unit,,55c69c57-c1ac-4344-89bd-bcd6d9b04e37,2016-06-27,09:10:00,EDSA Biglang Awa St.  Caloocan,0,0,0,0,0,0,0,0,0,0,2016-06-27 17:10,Property,14.6573146,120.9860365,Rear-End
None,EDSA,None,None,"No Accident Factor, Rear-end, 0.0 drivers_injured, 0.0 drivers_killed, 0.0 passengers_injured, 0.0 passengers_killed, 0.0 pedestrian_injured, 0.0 pedestrian_killed, Fair (Day), EDSA Gen. Malvat St. Caloocan",MMDA Road Safety Unit,,3e65e79f-dcbd-4a94-99f8-1a81bea9ee6a,2016-06-27,07:15:00,EDSA B. Serrano St.  Caloocan,0,0,0,0,0,0,0,0,0,0,2016-06-27 15:15,Property,14.6573376,120.993091,Rear-End
None,EDSA,None,None,"No Accident Factor, No Collision Stated (based on Police Blotter Book), 0.0 drivers_injured, 0.0 drivers_killed, 0.0 passengers_injured, 0.0 passengers_killed, 0.0 pedestrian_injured, 0.0 pedestrian_killed, Fair (Day), EDSA MCU Caloocan",MMDA Road Safety Unit,,d3287fe4-192d-4086-8e1d-b7230d805438,2016-06-27,04:30:00,EDSA Urbano Plata St.  Caloocan,0,0,0,0,0,0,0,0,0,0,2016-06-27 12:30,Property,14.6573146,120.9860365,No Collision Stated
None,EDSA,None,None,"No Accident Factor, Side Swipe, 0.0 drivers_injured, 0.0 drivers_killed, 0.0 passengers_injured, 0.0 passengers_killed, 0.0 pedestrian_injured, 0.0 pedestrian_killed, Fair (Day), EDSA Bonifacio Memorial Circle Caloocan",MMDA Road Safety Unit,,0fce423c-5654-417e-8c70-11a075053943,2016-06-26,04:30:00,EDSA Gen. Simon St.  Caloocan,0,0,0,0,0,0,0,0,0,0,2016-06-26 12:30,Property,14.65732796,120.9842086,Side Swipe
None,EDSA,None,None,"No Accident Factor, No Collision Stated (based on Police Blotter Book), 0.0 drivers_injured, 0.0 drivers_killed, 0.0 passengers_injured, 0.0 passengers_killed, 0.0 pedestrian_injured, 0.0 pedestrian_killed, Fair (Night), EDSA Arellano St. Caloocan",MMDA Road Safety Unit,,c69de20e-b725-4dc3-b233-500381062d16,2016-06-25,13:15:00,EDSA Malvar St.  Caloocan,0,0,0,0,0,0,0,0,0,0,2016-06-25 21:15,Property,14.65731237,120.9923839,No Collision Stated
None,EDSA,None,None,"No Accident Factor, Hit Parked Vehicle, 0.0 drivers_injured, 0.0 drivers_killed, 0.0 passengers_injured, 0.0 passengers_killed, 0.0 pedestrian_injured, 0.0 pedestrian_killed, Fair (Night), EDSA Biglang Awa St. Caloocan",MMDA Road Safety Unit,,a4f2ca82-2643-4e97-9658-f92d6eff1964,2016-06-25,11:00:00,EDSA B. Serrano St.  Caloocan,0,0,0,0,0,0,0,0,0,0,2016-06-25 19:00,Property,14.65719007,120.9944415,Hit Object