LOCATION_TEXT,ROAD,WEATHER,LIGHT,DESC,REPORTING_AGENCY,MAIN_CAUSE,INCIDENTDETAILS_ID,DATE_UTC,TIME_UTC,ADDRESS,killed_driver,killed_passenger,killed_pedestrian,injured_driver,injured_passenger,injured_pedestrian,killed_uncategorized,injured_uncategorized,killed_total,injured_total,DATETIME_PST,SEVERITY,Y,X,COLLISION_TYPE
None,EDSA,None,None,"No Accident Factor, No Collision Stated (based on Police Blotter Book), 0.0 drivers_injured, 0.0 drivers_killed, 0.0 passengers_injured, 0.0 passengers_killed, 0.0 pedestrian_injured, 0.0 pedestrian_killed, Fair (Day), EDSA A. De Jesus St. Caloocan",MMDA Road Safety Unit,,bfcd0f7a-7498-4f68-8165-717ea7a80da4,2016-06-25,07:30:00,"EDSA Mariano Ponce St., 135 Caloocan",0,0,0,0,0,0,0,0,0,0,2016-06-25 15:30,Property,14.65712835,120.990432,No Collision Stated
None,EDSA,None,None,"No Accident Factor, Hit Parked Vehicle, 0.0 drivers_injured, 0.0 drivers_killed, 0.0 passengers_injured, 0.0 passengers_killed, 0.0 pedestrian_injured, 0.0 pedestrian_killed, Fair (Day), EDSA Toyota Motors Caloocan",MMDA Road Safety Unit,,93e7241f-011d-4100-b632-9546e84921d1,2016-06-25,03:45:00,EDSA A. De Jesus  Caloocan,0,0,0,0,0,0,0,0,0,0,2016-06-25 11:45,Property,14.65735244,120.99592,Hit Object
None,EDSA,None,None,"No Accident Factor, No Collision Stated (based on Police Blotter Book), 0.0 drivers_injured, 0.0 drivers_killed, 0.0 passengers_injured, 0.0 passengers_killed, 0.0 pedestrian_injured, 0.0 pedestrian_killed, Fair (Day), EDSA Bonifacio Memorial Circle Caloocan",MMDA Road Safety Unit,,574d9e44-f972-4e16-8bea-1d2ac4d7959d,2016-06-24,07:15:00,EDSA J. Mariano St.  Caloocan,0,0,0,0,0,0,0,0,0,0,2016-06-24 15:15,Property,14.65732796,120.9842086,No Collision Stated
None,EDSA,None,None,"No Accident Factor, No Collision Stated (based on Police Blotter Book), 0.0 drivers_injured, 0.0 drivers_killed, 0.0 passengers_injured, 0.0 passengers_killed, 0.0 pedestrian_injured, 0.0 pedestrian_killed, Fair (Night), EDSA Concepcion St. Caloocan",MMDA Road Safety Unit,,e145bc5b-6f91-4b63-abab-646842ac11c3,2016-06-23,16:00:00,EDSA Bonifacio Memorial Circle  Caloocan,0,0,0,0,0,0,0,0,0,0,2016-06-24,Property,14.65724272,120.9896158,No Collision Stated
None,EDSA,None,None,"No Accident Factor, Rear-end, 1.0 drivers_injured, 0.0 drivers_killed, 0.0 passengers_injured, 0.0 passengers_killed, 0.0 pedestrian_injured, 0.0 pedestrian_killed, Fair (Day), EDSA Gen. Tinio St. Caloocan",MMDA Road Safety Unit,,c00a9c7f-dc06-4c73-806e-bb93605ca31d,2016-06-23,09:45:00,EDSA B. Serrano St.  Caloocan,0,0,0,1,0,0,0,0,0,1,2016-06-23 17:45,Injury,14.65727124,120.9902826,Rear-End
None,EDSA,None,None,"No Accident Factor, Hit Object (No Object Stated), 0.0 drivers_injured, 0.0 drivers_killed, 0.0 passengers_injured, 0.0 passengers_killed, 0.0 pedestrian_injured, 0.0 pedestrian_killed, Fair (Night), EDSA Bonifacio Memorial Circle Caloocan",MMDA Road Safety Unit,,63330cd5-75d7-46f5-9799-59d3ce5c9cda,2016-06-22,14:30:00,EDSA A. De Jesus Caloocan,0,0,0,0,0,0,0,0,0,0,2016-06-22 22:30,Property,14.65732796,120.9842086,Hit Object
None,EDSA,None,None,"No Accident Factor, No Collision Stated (based on Police Blotter Book), 1.0 drivers_injured, 0.0 drivers_killed, 0.0 passengers_injured, 0.0 passengers_killed, 0.0 pedestrian_injured, 0.0 pedestrian_killed, Fair (Day), EDSA Gen. Malvat St. Caloocan",MMDA Road Safety Unit,,3f8e7550-a586-4d47-918d-2daa7e28bf4b,2016-06-22,07:30:00,EDSA Bonifacio Memorial Circle  Caloocan,0,0,0,1,0,0,0,0,0,1,2016-06-22 15:30,Injury,14.6573376,120.993091,No Collision Stated
None,EDSA,None,None,"No Accident Factor, No Collision Stated (based on Police Blotter Book), 0.0 drivers_injured, 0.0 drivers_killed, 0.0 passengers_injured, 0.0 passengers_killed, 0.0 pedestrian_injured, 0.0 pedestrian_killed, Fair (Night), EDSA A. De Jesus St. Caloocan",MMDA Road Safety Unit,,2cf30acc-a183-4c30-97bf-39ed436cbe2e,2016-06-20,11:45:00,EDSA General Tinio St.  Caloocan,0,0,0,0,0,0,0,0,0,0,2016-06-20 19:45,Property,14.65712835,120.990432,No Collision Stated
None,EDSA,None,None,"No Accident Factor, No Collision Stated (based on Police Blotter Book), 1.0 drivers_injured, 0.0 drivers_killed, 0.0 passengers_injured, 0.0 passengers_killed, 0.0 pedestrian_injured, 0.0 pedestrian_killed, Fair (Night), EDSA A. De Jesus St. Caloocan",MMDA Road Safety Unit,,99339edb-0e1e-408e-b8f3-84c65b9de364,2016-06-19,12:40:00,EDSA A. De Jesus St. Caloocan,0,0,0,1,0,0,0,0,0,1,2016-06-19 20:40,Injury,14.65712835,120.990432,No Collision Stated
None,EDSA,None,None,"No Accident Factor, Hit and Run (No Collision Stated), 0.0 drivers_injured, 0.0 drivers_killed, 0.0 passengers_injured, 0.0 passengers_killed, 0.0 pedestrian_injured, 0.0 pedestrian_killed, Fair (Day), EDSA A. De Jesus St. Caloocan",MMDA Road Safety Unit,,c84d85d9-d4e0-4d2a-89b2-0fbdff04f6b7,2016-06-17,03:20:00,EDSA Biglang Awa St.  Caloocan,0,0,0,0,0,0,0,0,0,0,2016-06-17 11:20,Property,14.65712835,120.990432,No Collision Stated
None,EDSA,None,None,"No Accident Factor, No Collision Stated (based on Police Blotter Book), 0.0 drivers_injured, 0.0 drivers_killed, 0.0 passengers_injured, 0.0 passengers_killed, 0.0 pedestrian_injured, 0.0 pedestrian_killed, Fair (Night), EDSA Asuncion St. Caloocan",MMDA Road Safety Unit,,d7b793fc-78bd-4cee-8f51-d2f7c677759c,2016-06-15,14:45:00,EDSA A. De Jesus  Caloocan,0,0,0,0,0,0,0,0,0,0,2016-06-15 22:45,Property,14.65727118,120.9876199,No Collision Stated
None,EDSA,None,None,"No Accident Factor, Side Swipe, 0.0 drivers_injured, 0.0 drivers_killed, 0.0 passengers_injured, 0.0 passengers_killed, 0.0 pedestrian_injured, 0.0 pedestrian_killed, Fair (Night), EDSA Gen. Malvar St. Caloocan",MMDA Road Safety Unit,,07ba8db6-4c10-4a0c-9cc2-1721f8b10eff,2016-06-15,12:05:00,EDSA General Evagelista St.  Caloocan,0,0,0,0,0,0,0,0,0,0,2016-06-15 20:05,Property,14.6573376,120.993091,Side Swipe
None,EDSA,None,None,"No Accident Factor, Rear-end, 0.0 drivers_injured, 0.0 drivers_killed, 0.0 passengers_injured, 0.0 passengers_killed, 0.0 pedestrian_injured, 0.0 pedestrian_killed, Fair (Day), EDSA G. De Jesus St. Caloocan",MMDA Road Safety Unit,,37051500-e4e8-48d0-a349-ace6474c6c23,2016-06-15,07:00:00,EDSA General Mascardo St. (WB)  Caloocan,0,0,0,0,0,0,0,0,0,0,2016-06-15 15:00,Property,14.65744883,120.9978673,Rear-End
None,EDSA,None,None,"No Accident Factor, No Collision Stated (based on Police Blotter Book), 0.0 drivers_injured, 0.0 drivers_killed, 0.0 passengers_injured, 0.0 passengers_killed, 0.0 pedestrian_injured, 0.0 pedestrian_killed, Fair (Day), EDSA Gen. Malvar Ave.  Caloocan",MMDA Road Safety Unit,,45dacd0d-0a02-440e-b6ac-d294bac7dc45,2016-06-13,08:00:00,EDSA B. Serrano St.  Caloocan,0,0,0,0,0,0,0,0,0,0,2016-06-13 16:00,Property,14.6573376,120.993091,No Collision Stated
None,EDSA,None,None,"No Accident Factor, Angle Impact, 0.0 drivers_injured, 0.0 drivers_killed, 0.0 passengers_injured, 0.0 passengers_killed, 0.0 pedestrian_injured, 0.0 pedestrian_killed, Fair (Day), EDSA BMC Caloocan",MMDA Road Safety Unit,,04bfe465-6e87-4adb-8787-fd0e47c94024,2016-06-13,02:00:00,EDSA B. Serrano St.  Caloocan,0,0,0,0,0,0,0,0,0,0,2016-06-13 10:00,Property,14.65727305,120.9844029,Angle Impact
None,EDSA,None,None,"No Accident Factor, Hit and Run (No Collision Stated), 0.0 drivers_injured, 0.0 drivers_killed, 0.0 passengers_injured, 0.0 passengers_killed, 0.0 pedestrian_injured, 0.0 pedestrian_killed, Fair (Night), EDSA Gen. Malvar St. Caloocan",MMDA Road Safety Unit,,484590f1-bfb0-40c4-a319-aefeb941ca3f,2016-06-12,13:30:00,EDSA General Tinio St.  Caloocan,0,0,0,0,0,0,0,0,0,0,2016-06-12 21:30,Property,14.6573376,120.993091,No Collision Stated
None,EDSA,None,None,"No Accident Factor, Hit Object (No Object Stated), 0.0 drivers_injured, 0.0 drivers_killed, 0.0 passengers_injured, 0.0 passengers_killed, 0.0 pedestrian_injured, 0.0 pedestrian_killed, Fair (Night), EDSA Gen. Malvar St. Caloocan",MMDA Road Safety Unit,,d9048453-a08e-48d7-bf98-b4e3c68a14c7,2016-06-11,20:30:00,EDSA B. Serrano St.  Caloocan,0,0,0,0,0,0,0,0,0,0,2016-06-12 4:30,Property,14.6573376,120.993091,Hit Object
None,EDSA,None,None,"No Accident Factor, No Collision Stated (based on Police Blotter Book), 0.0 drivers_injured, 0.0 drivers_killed, 0.0 passengers_injured, 0.0 passengers_killed, 0.0 pedestrian_injured, 0.0 pedestrian_killed, Fair (Night), EDSA A. De Jesus St.  Caloocan",MMDA Road Safety Unit,,30261faa-5bf5-48ef-be84-b25c46778bfc,2016-06-11,10:30:00,EDSA Tandang Sora  Caloocan,0,0,0,0,0,0,0,0,0,0,2016-06-11 18:30,Property,14.65709631,120.9904323,No Collision Stated
None,EDSA,None,None,"No Accident Factor, No Collision Stated (based on Police Blotter Book), 0.0 drivers_injured, 0.0 drivers_killed, 0.0 passengers_injured, 0.0 passengers_killed, 0.0 pedestrian_injured, 0.0 pedestrian_killed, Fair (Day), EDSA A. De Jesus St.  Caloocan",MMDA Road Safety Unit,,4a8f7e14-13b6-4581-a98e-73dbd3b8a7b7,2016-06-11,06:45:00,EDSA A. De Jesus St.  Caloocan,0,0,0,0,0,0,0,0,0,0,2016-06-11 14:45,Property,14.65709631,120.9904323,No Collision Stated
None,EDSA,None,None,"No Accident Factor, No Collision Stated (based on Police Blotter Book), 0.0 drivers_injured, 0.0 drivers_killed, 0.0 passengers_injured, 0.0 passengers_killed, 0.0 pedestrian_injured, 0.0 pedestrian_killed, Fair (Night), EDSA A. De Jesus St.  Caloocan",MMDA Road Safety Unit,,9ef9821f-a22a-43e5-823a-25afaa7abd61,2016-06-10,12:30:00,EDSA General Concepcion St.  Caloocan,0,0,0,0,0,0,0,0,0,0,2016-06-10 20:30,Property,14.65709631,120.9904323,No Collision Stated
None,EDSA,None,None,"No Accident Factor, Rear-end, 0.0 drivers_injured, 0.0 drivers_killed, 0.0 passengers_injured, 0.0 passengers_killed, 0.0 pedestrian_injured, 0.0 pedestrian_killed, Fair (Night), EDSA Bonifacio Memorial Circle  Caloocan",MMDA Road Safety Unit,,0c45409f-39c9-4a2f-8396-7869c708dc38,2016-06-10,10:30:00,EDSA General Malvar    Caloocan,0,0,0,0,0,0,0,0,0,0,2016-06-10 18:30,Property,14.65732796,120.9842086,Rear-End
None,EDSA,None,None,"No Accident Factor, Side Swipe, 0.0 drivers_injured, 0.0 drivers_killed, 0.0 passengers_injured, 0.0 passengers_killed, 0.0 pedestrian_injured, 0.0 pedestrian_killed, Fair (Night), EDSA MCU Hospital  Caloocan",MMDA Road Safety Unit,,e0b1e9ba-5df1-4528-bc31-e79fefd8427d,2016-06-08,15:00:00,EDSA Evangelista St.  Caloocan,0,0,0,0,0,0,0,0,0,0,2016-06-08 23:00,Property,14.6573146,120.9860365,Side Swipe
None,EDSA,None,None,"No Accident Factor, Side Swipe, 0.0 drivers_injured, 0.0 drivers_killed, 0.0 passengers_injured, 0.0 passengers_killed, 0.0 pedestrian_injured, 0.0 pedestrian_killed, Fair (Night), EDSA A. De Jesus St.  Caloocan",MMDA Road Safety Unit,,239dd166-2fcb-42ea-9e50-22f8e0d3ebd8,2016-06-08,11:00:00,EDSA 8th St.  Caloocan,0,0,0,0,0,0,0,0,0,0,2016-06-08 19:00,Property,14.65709631,120.9904323,Side Swipe
None,EDSA,None,None,"No Accident Factor, Rear-end, 0.0 drivers_injured, 1.0 drivers_killed, 0.0 passengers_injured, 0.0 passengers_killed, 0.0 pedestrian_injured, 0.0 pedestrian_killed, Fair (Night), EDSA Biglang Awa St.  Caloocan",MMDA Road Safety Unit,,19de3496-0103-4d98-a5a2-4b871417ede3,2016-06-08,10:00:00,EDSA General Tinio  Caloocan,1,0,0,0,0,0,0,0,1,0,2016-06-08 18:00,Fatal,14.65719007,120.9944415,Rear-End
None,EDSA,None,None,"No Accident Factor, Hit Object (No Object Stated), 0.0 drivers_injured, 0.0 drivers_killed, 0.0 passengers_injured, 0.0 passengers_killed, 0.0 pedestrian_injured, 0.0 pedestrian_killed, Fair (Night), EDSA Gen. Malvar Ave.  Caloocan",MMDA Road Safety Unit,,ce891713-1f58-4e9e-aec6-9190b06f7282,2016-06-07,20:30:00,EDSA Malvar    Caloocan,0,0,0,0,0,0,0,0,0,0,2016-06-08 4:30,Property,14.6573376,120.993091,Hit Object
None,EDSA,None,None,"No Accident Factor, Side Swipe, 0.0 drivers_injured, 0.0 drivers_killed, 0.0 passengers_injured, 0.0 passengers_killed, 0.0 pedestrian_injured, 0.0 pedestrian_killed, Fair (Night), EDSA A. De Jesus St.  Caloocan",MMDA Road Safety Unit,,7f2b7fdd-6a88-48dd-850c-2e940b723dcf,2016-06-06,20:00:00,"EDSA General Tinio St. ""U"" utrn slot  Caloocan",0,0,0,0,0,0,0,0,0,0,2016-06-07 4:00,Property,14.65709631,120.9904323,Side Swipe
None,EDSA,None,None,"No Accident Factor, No Collision Stated (based on Police Blotter Book), 0.0 drivers_injured, 0.0 drivers_killed, 0.0 passengers_injured, 0.0 passengers_killed, 0.0 pedestrian_injured, 0.0 pedestrian_killed, Fair (Night), EDSA B. Serrano St. Caloocan",MMDA Road Safety Unit,,c27039e5-3413-4f17-a938-eb1e72dcf68f,2016-06-06,10:45:00,EDSA General Tinio  Caloocan,0,0,0,0,0,0,0,0,0,0,2016-06-06 18:45,Property,14.65712586,120.9882927,No Collision Stated
None,EDSA,None,None,"No Accident Factor, No Collision Stated (based on Police Blotter Book), 0.0 drivers_injured, 0.0 drivers_killed, 0.0 passengers_injured, 0.0 passengers_killed, 0.0 pedestrian_injured, 0.0 pedestrian_killed, Fair (Day), EDSA A. De Jesus St.  Caloocan",MMDA Road Safety Unit,,c79ccb5e-fb81-47b9-b0de-1acfd874b069,2016-06-06,09:00:00,EDSA General Tinio St.  Caloocan,0,0,0,0,0,0,0,0,0,0,2016-06-06 17:00,Property,14.65709631,120.9904323,No Collision Stated
None,EDSA,None,None,"No Accident Factor, No Collision Stated (based on Police Blotter Book), 0.0 drivers_injured, 0.0 drivers_killed, 0.0 passengers_injured, 0.0 passengers_killed, 0.0 pedestrian_injured, 0.0 pedestrian_killed, Fair (Night), EDSA Gen. Malvar Ave.  Caloocan",MMDA Road Safety Unit,,4c326761-ae5b-41a0-92e4-679a65a98de1,2016-06-04,15:00:00,EDSA Malvar (WB)  Caloocan,0,0,0,0,0,0,0,0,0,0,2016-06-04 23:00,Property,14.6573376,120.993091,No Collision Stated
None,EDSA,None,None,"No Accident Factor, No Collision Stated (based on Police Blotter Book), 0.0 drivers_injured, 0.0 drivers_killed, 0.0 passengers_injured, 0.0 passengers_killed, 0.0 pedestrian_injured, 0.0 pedestrian_killed, Fair (Night), EDSA Bonifacio Memorial Circle  Caloocan",MMDA Road Safety Unit,,9acc6999-f296-4f61-9934-f9ac5b72d780,2016-06-04,14:30:00,EDSA A. De Jesus St.  Caloocan,0,0,0,0,0,0,0,0,0,0,2016-06-04 22:30,Property,14.65732796,120.9842086,No Collision Stated
None,EDSA,None,None,"No Accident Factor, Rear-end, 0.0 drivers_injured, 0.0 drivers_killed, 0.0 passengers_injured, 0.0 passengers_killed, 0.0 pedestrian_injured, 0.0 pedestrian_killed, Fair (Night), EDSA Asuncion St. Caloocan",MMDA Road Safety Unit,,1a864f5d-fc79-4ab2-b9c0-6ec01354675b,2016-06-04,12:00:00,EDSA B. Serrano St.  Caloocan,0,0,0,0,0,0,0,0,0,0,2016-06-04 20:00,Property,14.65727118,120.9876199,Rear-End
None,EDSA,None,None,"No Accident Factor, Rear-end, 0.0 drivers_injured, 0.0 drivers_killed, 0.0 passengers_injured, 0.0 passengers_killed, 0.0 pedestrian_injured, 0.0 pedestrian_killed, Fair (Night), EDSA Evangelista St.  Caloocan",MMDA Road Safety Unit,,f24545a1-1a1b-4636-9c42-32400cff583a,2016-06-03,21:30:00,EDSA General Concepcion  Caloocan,0,0,0,0,0,0,0,0,0,0,2016-06-04 5:30,Property,14.65738064,120.9955312,Rear-End
None,EDSA,None,None,"No Accident Factor, No Collision Stated (based on Police Blotter Book), 1.0 drivers_injured, 0.0 drivers_killed, 0.0 passengers_injured, 0.0 passengers_killed, 0.0 pedestrian_injured, 0.0 pedestrian_killed, Fair (Night), EDSA A. De Jesus St.  Caloocan",MMDA Road Safety Unit,,76e5a9c9-f962-4826-baae-30ee0d89274c,2016-06-03,18:00:00,EDSA A. De Jesus St.  Caloocan,0,0,0,1,0,0,0,0,0,1,2016-06-04 2:00,Injury,14.65709631,120.9904323,No Collision Stated
None,EDSA,None,None,"No Accident Factor, No Collision Stated (based on Police Blotter Book), 0.0 drivers_injured, 0.0 drivers_killed, 0.0 passengers_injured, 0.0 passengers_killed, 0.0 pedestrian_injured, 0.0 pedestrian_killed, Fair (Night), EDSA ""U"" turn slot, Gen. Malver St.  Caloocan",MMDA Road Safety Unit,,dbd1fbd1-7b49-448d-839c-97ec05b529a7,2016-06-03,11:15:00,EDSA General Tinio St.  Caloocan,0,0,0,0,0,0,0,0,0,0,2016-06-03 19:15,Property,14.65722477,120.9930969,No Collision Stated
None,EDSA,None,None,"No Accident Factor, Rear-end, 0.0 drivers_injured, 0.0 drivers_killed, 0.0 passengers_injured, 0.0 passengers_killed, 0.0 pedestrian_injured, 0.0 pedestrian_killed, Fair (Day), EDSA B. Serrano St. Caloocan",MMDA Road Safety Unit,,dcb10903-3ab2-4e56-bde0-1b0ac38103e7,2016-06-03,06:10:00,EDSA F. Aguilar St.  Caloocan,0,0,0,0,0,0,0,0,0,0,2016-06-03 14:10,Property,14.65712586,120.9882927,Rear-End
None,EDSA,None,None,"No Accident Factor, Side Swipe, 0.0 drivers_injured, 0.0 drivers_killed, 0.0 passengers_injured, 0.0 passengers_killed, 0.0 pedestrian_injured, 0.0 pedestrian_killed, Fair (Day), EDSA B. Serrano St. Caloocan",MMDA Road Safety Unit,,6643849d-15ed-42d0-bbe0-1fb437b89401,2016-06-02,02:05:00,EDSA B. Serrano  Caloocan,0,0,0,0,0,0,0,0,0,0,2016-06-02 10:05,Property,14.65712586,120.9882927,Side Swipe
None,EDSA,None,None,"No Accident Factor, Side Swipe, 0.0 drivers_injured, 0.0 drivers_killed, 0.0 passengers_injured, 0.0 passengers_killed, 0.0 pedestrian_injured, 0.0 pedestrian_killed, Fair (Day), EDSA B. Serrano St. Caloocan",MMDA Road Safety Unit,,c1059626-67c0-41ef-bca6-d03e88ce167f,2016-05-31,09:30:00,EDSA General Tinio  Caloocan,0,0,0,0,0,0,0,0,0,0,2016-05-31 17:30,Property,14.65712586,120.9882927,Side Swipe
None,EDSA,None,None,"No Accident Factor, Side Swipe, 0.0 drivers_injured, 0.0 drivers_killed, 0.0 passengers_injured, 0.0 passengers_killed, 0.0 pedestrian_injured, 0.0 pedestrian_killed, Fair (Day), EDSA ""U"" turn slot, SSS Bldg.  Caloocan",MMDA Road Safety Unit,,732805d6-9da4-4736-babf-4d52bdd08a41,2016-05-31,06:05:00,EDSA General Tinio St.  Caloocan,0,0,0,0,0,0,0,0,0,0,2016-05-31 14:05,Property,14.65717494,120.9930827,Side Swipe
None,EDSA,None,None,"No Accident Factor, No Collision Stated (based on Police Blotter Book), 0.0 drivers_injured, 0.0 drivers_killed, 0.0 passengers_injured, 0.0 passengers_killed, 0.0 pedestrian_injured, 0.0 pedestrian_killed, Fair (Day), EDSA A. De Jesus Caloocan",MMDA Road Safety Unit,,275e6227-d472-49a7-be3c-4c147945807b,2016-05-28,22:20:00,EDSA B. Serrano  Caloocan,0,0,0,0,0,0,0,0,0,0,2016-05-29 6:20,Property,14.65712806,120.9903991,No Collision Stated
None,EDSA,None,None,"No Accident Factor, Side Swipe, 0.0 drivers_injured, 0.0 drivers_killed, 0.0 passengers_injured, 0.0 passengers_killed, 0.0 pedestrian_injured, 0.0 pedestrian_killed, Fair (Night), EDSA J. Mariano St. Caloocan",MMDA Road Safety Unit,,a8c73d20-efd2-4f7c-9434-75aa8a8239b0,2016-05-28,13:30:00,EDSA Bonifacio Memorial Circle  Caloocan,0,0,0,0,0,0,0,0,0,0,2016-05-28 21:30,Property,14.6571996,120.9986924,Side Swipe
None,EDSA,None,None,"No Accident Factor, No Collision Stated (based on Police Blotter Book), 0.0 drivers_injured, 0.0 drivers_killed, 0.0 passengers_injured, 0.0 passengers_killed, 0.0 pedestrian_injured, 0.0 pedestrian_killed, Fair (Day), EDSA A. De Jesus Caloocan",MMDA Road Safety Unit,,be2aea70-3935-44fd-9552-efdba0233995,2016-05-28,09:30:00,EDSA Bonifacio Memorial Circle  Caloocan,0,0,0,0,0,0,0,0,0,0,2016-05-28 17:30,Property,14.65712806,120.9903991,No Collision Stated
None,EDSA,None,None,"No Accident Factor, Hit Object (No Object Stated), 0.0 drivers_injured, 0.0 drivers_killed, 0.0 passengers_injured, 0.0 passengers_killed, 0.0 pedestrian_injured, 0.0 pedestrian_killed, Fair (Day), EDSA ""U"" turn slot, A. De Jesus St.  Caloocan",MMDA Road Safety Unit,,24f9aa04-48ce-43f8-9274-919b18c5b5a8,2016-05-27,06:00:00,EDSA A. De Jesus St. Caloocan,0,0,0,0,0,0,0,0,0,0,2016-05-27 14:00,Property,14.65718525,120.9904007,Hit Object
None,EDSA,None,None,"No Accident Factor, No Collision Stated (based on Police Blotter Book), 0.0 drivers_injured, 0.0 drivers_killed, 0.0 passengers_injured, 0.0 passengers_killed, 0.0 pedestrian_injured, 0.0 pedestrian_killed, Fair (Night), EDSA J. Mariano St. Caloocan",MMDA Road Safety Unit,,b794ee44-d1f0-4670-8629-b49a12246617,2016-05-25,18:00:00,EDSA B. Serrano St.  Caloocan,0,0,0,0,0,0,0,0,0,0,2016-05-26 2:00,Property,14.6571996,120.9986924,No Collision Stated
None,EDSA,None,None,"No Accident Factor, Hit Parked Vehicle, 0.0 drivers_injured, 0.0 drivers_killed, 0.0 passengers_injured, 0.0 passengers_killed, 0.0 pedestrian_injured, 0.0 pedestrian_killed, Fair (Night), EDSA A. De Jesus Caloocan",MMDA Road Safety Unit,,8e5d6d44-ed99-4d10-8c1f-b4eeb7da3ef2,2016-05-23,21:00:00,EDSA Asuncion St.  Caloocan,0,0,0,0,0,0,0,0,0,0,2016-05-24 5:00,Property,14.65712806,120.9903991,Hit Object
None,EDSA,None,None,"No Accident Factor, Angle Impact, 0.0 drivers_injured, 0.0 drivers_killed, 0.0 passengers_injured, 0.0 passengers_killed, 0.0 pedestrian_injured, 0.0 pedestrian_killed, Fair (Day), EDSA A. De Jesus St. Caloocan",MMDA Road Safety Unit,,c09e32f6-435f-4343-af81-2840ed0ecf13,2016-05-22,06:40:00,EDSA Gen. Concepcion  Caloocan,0,0,0,0,0,0,0,0,0,0,2016-05-22 14:40,Property,14.65712835,120.990432,Angle Impact
None,EDSA,None,None,"No Accident Factor, Side Swipe, 0.0 drivers_injured, 0.0 drivers_killed, 0.0 passengers_injured, 0.0 passengers_killed, 0.0 pedestrian_injured, 0.0 pedestrian_killed, Fair (Night), EDSA Biglang Awa St. Caloocan",MMDA Road Safety Unit,,d142ae90-37da-41e0-8f19-1c5987879703,2016-05-20,10:00:00,"EDSA A. De Jesus ""U"" turn slot  Caloocan",0,0,0,0,0,0,0,0,0,0,2016-05-20 18:00,Property,14.65719007,120.9944415,Side Swipe
None,EDSA,None,None,"No Accident Factor, Angle Impact, 0.0 drivers_injured, 0.0 drivers_killed, 0.0 passengers_injured, 0.0 passengers_killed, 0.0 pedestrian_injured, 0.0 pedestrian_killed, Fair (Night), EDSA A. De Jesus St. Caloocan",MMDA Road Safety Unit,,a815abc8-8698-41bf-9654-caed7a5c4aed,2016-05-19,13:30:00,EDSA General Malvar St.  Caloocan,0,0,0,0,0,0,0,0,0,0,2016-05-19 21:30,Property,14.65712835,120.990432,Angle Impact
None,EDSA,None,None,"No Accident Factor, No Collision Stated (based on Police Blotter Book), 0.0 drivers_injured, 0.0 drivers_killed, 0.0 passengers_injured, 0.0 passengers_killed, 0.0 pedestrian_injured, 0.0 pedestrian_killed, Fair (Night), EDSA B. Serrano St. Caloocan",MMDA Road Safety Unit,,9694fc43-a56a-434c-804a-6954d5f83af7,2016-05-19,12:00:00,"EDSA General Malvar St. ""U"" turn slot Caloocan",0,0,0,0,0,0,0,0,0,0,2016-05-19 20:00,Property,14.65712586,120.9882927,No Collision Stated
None,EDSA,None,None,"No Accident Factor, Side Swipe, 0.0 drivers_injured, 0.0 drivers_killed, 0.0 passengers_injured, 0.0 passengers_killed, 0.0 pedestrian_injured, 0.0 pedestrian_killed, Fair (Day), EDSA ""U"" turn slot, Uni Oil Gas station Caloocan",MMDA Road Safety Unit,,e52096cf-9a42-48ce-968e-e8ba34f09f27,2016-05-19,05:55:00,EDSA G. De Jesus St.  Caloocan,0,0,0,0,0,0,0,0,0,0,2016-05-19 13:55,Property,14.65721381,120.9903857,Side Swipe
None,EDSA,None,None,"No Accident Factor, Side Swipe, 0.0 drivers_injured, 0.0 drivers_killed, 0.0 passengers_injured, 0.0 passengers_killed, 0.0 pedestrian_injured, 0.0 pedestrian_killed, Fair (Day), EDSA Bonifacio Memorial Circle, 86 Caloocan",MMDA Road Safety Unit,,49914454-cbeb-4808-ad8f-49e907f001d6,2016-05-19,00:30:00,EDSA Urbano Plata St.  Caloocan,0,0,0,0,0,0,0,0,0,0,2016-05-19 8:30,Property,14.65732796,120.9842086,Side Swipe
None,EDSA,None,None,"No Accident Factor, No Collision Stated (based on Police Blotter Book), 0.0 drivers_injured, 0.0 drivers_killed, 0.0 passengers_injured, 0.0 passengers_killed, 0.0 pedestrian_injured, 0.0 pedestrian_killed, Fair (Day), EDSA B. Serrano St. Caloocan",MMDA Road Safety Unit,,9b438ca6-b4b7-48b0-a72c-aa9ab1fb8c46,2016-05-18,03:20:00,EDSA General Tirona Caloocan,0,0,0,0,0,0,0,0,0,0,2016-05-18 11:20,Property,14.65712586,120.9882927,No Collision Stated
None,EDSA,None,None,"No Accident Factor, Side Swipe, 0.0 drivers_injured, 0.0 drivers_killed, 0.0 passengers_injured, 0.0 passengers_killed, 0.0 pedestrian_injured, 0.0 pedestrian_killed, Fair (Night), EDSA Gen. Malvar St., 138 Caloocan",MMDA Road Safety Unit,,7eec5f2c-0586-4102-b089-95015b6265da,2016-05-17,10:10:00,EDSA Bonifacio Memorial Circle  Caloocan,0,0,0,0,0,0,0,0,0,0,2016-05-17 18:10,Property,14.6573376,120.993091,Side Swipe