LOCATION_TEXT,ROAD,WEATHER,LIGHT,DESC,REPORTING_AGENCY,MAIN_CAUSE,INCIDENTDETAILS_ID,DATE_UTC,TIME_UTC,ADDRESS,killed_driver,killed_passenger,killed_pedestrian,injured_driver,injured_passenger,injured_pedestrian,killed_uncategorized,injured_uncategorized,killed_total,injured_total,DATETIME_PST,SEVERITY,Y,X,COLLISION_TYPE
None,EDSA,None,None,"No Accident Factor, Side Swipe, 0.0 drivers_injured, 0.0 drivers_killed, 0.0 passengers_injured, 0.0 passengers_killed, 0.0 pedestrian_injured, 0.0 pedestrian_killed, Fair (Day), EDSA General Tinio (SB) Caloocan",MMDA Road Safety Unit,,6ef74ef9-2699-414e-9627-59de637bd77a,2016-05-16,22:25:00,EDSA Bonifacio Memorial Circle  Caloocan,0,0,0,0,0,0,0,0,0,0,2016-05-17 6:25,Property,14.65731831,120.990167,Side Swipe
None,EDSA,None,None,"No Accident Factor, Side Swipe, 1.0 drivers_injured, 0.0 drivers_killed, 0.0 passengers_injured, 0.0 passengers_killed, 0.0 pedestrian_injured, 0.0 pedestrian_killed, Fair (Night), EDSA B. Serrano St. Caloocan",MMDA Road Safety Unit,,131815d8-e7d4-4412-8e88-0e205d6c1654,2016-05-16,17:00:00,EDSA Bonifacio Memorial Circle Caloocan,0,0,0,1,0,0,0,0,0,1,2016-05-17 1:00,Injury,14.65712586,120.9882927,Side Swipe
None,EDSA,None,None,"No Accident Factor, No Collision Stated (based on Police Blotter Book), 0.0 drivers_injured, 0.0 drivers_killed, 0.0 passengers_injured, 0.0 passengers_killed, 0.0 pedestrian_injured, 0.0 pedestrian_killed, Fair (Day), EDSA Gen. Malvar St.  Caloocan",MMDA Road Safety Unit,,5d004cee-6ece-4563-9dd5-0440a71ddb86,2016-05-16,04:10:00,EDSA Gen. Simon St.  Caloocan,0,0,0,0,0,0,0,0,0,0,2016-05-16 12:10,Property,14.6573376,120.993091,No Collision Stated
None,EDSA,None,None,"No Accident Factor, Hit Object (No Object Stated), 0.0 drivers_injured, 0.0 drivers_killed, 0.0 passengers_injured, 0.0 passengers_killed, 0.0 pedestrian_injured, 0.0 pedestrian_killed, Fair (Day), EDSA B. Serrano St. Caloocan",MMDA Road Safety Unit,,00e10e40-f3cb-4c31-8e52-17cf6d642dba,2016-05-16,00:00:00,"EDSA ""U"" turn slot, Gen. Malvar St.  Caloocan",0,0,0,0,0,0,0,0,0,0,2016-05-16 8:00,Property,14.65712586,120.9882927,Hit Object
None,EDSA,None,None,"No Accident Factor, Hit Object (No Object Stated), 0.0 drivers_injured, 0.0 drivers_killed, 0.0 passengers_injured, 0.0 passengers_killed, 0.0 pedestrian_injured, 0.0 pedestrian_killed, Fair (Night), EDSA B. Serrano St. Caloocan",MMDA Road Safety Unit,,1564e93d-e9a6-47ee-8eb6-22028062d669,2016-05-14,11:30:00,EDSA 8th St.  Caloocan,0,0,0,0,0,0,0,0,0,0,2016-05-14 19:30,Property,14.65712586,120.9882927,Hit Object
None,EDSA,None,None,"No Accident Factor, Side Swipe, 0.0 drivers_injured, 0.0 drivers_killed, 0.0 passengers_injured, 0.0 passengers_killed, 0.0 pedestrian_injured, 0.0 pedestrian_killed, Fair (Day), EDSA Gen. Malvar St.  Caloocan",MMDA Road Safety Unit,,066237ed-12bd-4f13-9e74-fa3c35ee2e24,2016-05-14,05:30:00,EDSA A. De Jesus St. Caloocan,0,0,0,0,0,0,0,0,0,0,2016-05-14 13:30,Property,14.6573376,120.993091,Side Swipe
None,EDSA,None,None,"No Accident Factor, No Collision Stated (based on Police Blotter Book), 0.0 drivers_injured, 0.0 drivers_killed, 0.0 passengers_injured, 0.0 passengers_killed, 0.0 pedestrian_injured, 0.0 pedestrian_killed, Fair (Day), EDSA A. De Jesus St.  Caloocan",MMDA Road Safety Unit,,5b5808be-cb7e-46e0-8ec0-50dab07fc5ea,2016-05-14,01:10:00,EDSA A. De Jesus St. Caloocan,0,0,0,0,0,0,0,0,0,0,2016-05-14 9:10,Property,14.65709631,120.9904323,No Collision Stated
None,EDSA,None,None,"No Accident Factor, Side Swipe, 0.0 drivers_injured, 0.0 drivers_killed, 0.0 passengers_injured, 0.0 passengers_killed, 0.0 pedestrian_injured, 0.0 pedestrian_killed, Fair (Day), EDSA ""U"" turn slot, SSS Bldg. Caloocan",MMDA Road Safety Unit,,b60a324e-a0d5-48dd-a069-8d38b8db78b3,2016-05-13,09:50:00,EDSA Bonifacio Memorial Circle Caloocan,0,0,0,0,0,0,0,0,0,0,2016-05-13 17:50,Property,14.65717494,120.9930827,Side Swipe
None,EDSA,None,None,"No Accident Factor, Rear-end, 0.0 drivers_injured, 0.0 drivers_killed, 0.0 passengers_injured, 0.0 passengers_killed, 0.0 pedestrian_injured, 0.0 pedestrian_killed, Fair (Night), EDSA Tirona St.  Caloocan",MMDA Road Safety Unit,,5c1db132-66b9-49fd-a615-766803ffe749,2016-05-12,12:00:00,EDSA B. Serrano St.  Caloocan,0,0,0,0,0,0,0,0,0,0,2016-05-12 20:00,Property,14.65741027,120.9971107,Rear-End
None,EDSA,None,None,"No Accident Factor, Multiple Collision, 0.0 drivers_injured, 0.0 drivers_killed, 0.0 passengers_injured, 0.0 passengers_killed, 0.0 pedestrian_injured, 0.0 pedestrian_killed, Fair (Night), EDSA Gen. Malvar St.  Caloocan",MMDA Road Safety Unit,,ea9b8324-c96d-4d14-a0f2-f5b5d1398a68,2016-05-10,14:30:00,EDSA A. De Jesus St. Caloocan,0,0,0,0,0,0,0,0,0,0,2016-05-10 22:30,Property,14.6573376,120.993091,Multiple
None,EDSA,None,None,"No Accident Factor, No Collision Stated (based on Police Blotter Book), 0.0 drivers_injured, 0.0 drivers_killed, 0.0 passengers_injured, 0.0 passengers_killed, 0.0 pedestrian_injured, 0.0 pedestrian_killed, Fair (Night), EDSA A. De Jesus St.  Caloocan",MMDA Road Safety Unit,,12639fff-deec-4565-849e-2376d9ea5c18,2016-05-10,10:10:00,EDSA B. Serrano St. Caloocan,0,0,0,0,0,0,0,0,0,0,2016-05-10 18:10,Property,14.65709631,120.9904323,No Collision Stated
None,EDSA,None,None,"No Accident Factor, Side Swipe, 0.0 drivers_injured, 0.0 drivers_killed, 0.0 passengers_injured, 0.0 passengers_killed, 0.0 pedestrian_injured, 0.0 pedestrian_killed, Fair (Day), EDSA F. Aguilar St.  Caloocan",MMDA Road Safety Unit,,d1cf9181-e26a-4250-bec4-f48c8a6538e3,2016-05-10,06:50:00,EDSA Gen. Malvar St.  Caloocan,0,0,0,0,0,0,0,0,0,0,2016-05-10 14:50,Property,14.65745266,120.9983116,Side Swipe
None,EDSA,None,None,"No Accident Factor, Side Swipe, 0.0 drivers_injured, 0.0 drivers_killed, 0.0 passengers_injured, 0.0 passengers_killed, 0.0 pedestrian_injured, 0.0 pedestrian_killed, Fair (Day), EDSA B. Serrano St. Caloocan",MMDA Road Safety Unit,,f7fd3bdb-c613-4cb4-b50a-f52fe6616806,2016-05-08,07:45:00,EDSA Gen. Malvar St.  Caloocan,0,0,0,0,0,0,0,0,0,0,2016-05-08 15:45,Property,14.65712586,120.9882927,Side Swipe
None,EDSA,None,None,"No Accident Factor, Side Swipe, 0.0 drivers_injured, 0.0 drivers_killed, 0.0 passengers_injured, 0.0 passengers_killed, 0.0 pedestrian_injured, 0.0 pedestrian_killed, Fair (Day), EDSA P. Aguilar St.  Caloocan",MMDA Road Safety Unit,,73123abb-52fb-4337-aada-187702586c15,2016-05-07,05:40:00,EDSA Gen. Malvar St.  Caloocan,0,0,0,0,0,0,0,0,0,0,2016-05-07 13:40,Property,14.65745147,120.9982792,Side Swipe
None,EDSA,None,None,"No Accident Factor, Side Swipe, 0.0 drivers_injured, 0.0 drivers_killed, 0.0 passengers_injured, 0.0 passengers_killed, 0.0 pedestrian_injured, 0.0 pedestrian_killed, Fair (Day), EDSA B. Serrano St. Caloocan",MMDA Road Safety Unit,,22910aab-471a-4efd-b677-113e4f34f43d,2016-05-07,03:00:00,"EDSA Gen. Evangelista St., 138 Caloocan",0,0,0,0,0,0,0,0,0,0,2016-05-07 11:00,Property,14.65712586,120.9882927,Side Swipe
None,EDSA,None,None,"No Accident Factor, No Collision Stated (based on Police Blotter Book), 0.0 drivers_injured, 0.0 drivers_killed, 0.0 passengers_injured, 0.0 passengers_killed, 0.0 pedestrian_injured, 0.0 pedestrian_killed, Fair (Day), EDSA Urbana Plata St.  Caloocan",MMDA Road Safety Unit,,cbf0d6b5-641c-488a-a31c-f107317ee44a,2016-05-06,07:40:00,"EDSA ""U"" turn slot, Malvar St., 138 Caloocan",0,0,0,0,0,0,0,0,0,0,2016-05-06 15:40,Property,14.65714729,120.9926394,No Collision Stated
None,EDSA,None,None,"No Accident Factor, Rear-end, 0.0 drivers_injured, 0.0 drivers_killed, 0.0 passengers_injured, 0.0 passengers_killed, 0.0 pedestrian_injured, 0.0 pedestrian_killed, Fair (Day), EDSA Gen. Malvar St.  Caloocan",MMDA Road Safety Unit,,66db552c-060c-41d3-a9ea-10ebb7b1ec5e,2016-05-06,03:00:00,EDSA Arellano St.  Caloocan,0,0,0,0,0,0,0,0,0,0,2016-05-06 11:00,Property,14.6573376,120.993091,Rear-End
None,EDSA,None,None,"No Accident Factor, Hit Object (No Object Stated), 0.0 drivers_injured, 0.0 drivers_killed, 0.0 passengers_injured, 0.0 passengers_killed, 0.0 pedestrian_injured, 0.0 pedestrian_killed, Fair (Day), EDSA Mariano Ponce St.  Caloocan",MMDA Road Safety Unit,,57c1e9af-ee09-4265-9f79-eca3ec298791,2016-05-06,00:20:00,EDSA Mariano Ponce St.  Caloocan,0,0,0,0,0,0,0,0,0,0,2016-05-06 8:20,Property,14.65733139,120.9916808,Hit Object
None,EDSA,None,None,"No Accident Factor, No Collision Stated (based on Police Blotter Book), 0.0 drivers_injured, 0.0 drivers_killed, 0.0 passengers_injured, 0.0 passengers_killed, 0.0 pedestrian_injured, 0.0 pedestrian_killed, Fair (Day), EDSA B. Serrano St. Caloocan",MMDA Road Safety Unit,,092790e3-08ff-47cf-bc51-09cccf3f524d,2016-05-05,08:15:00,EDSA A. De Jesus St. Caloocan,0,0,0,0,0,0,0,0,0,0,2016-05-05 16:15,Property,14.65712586,120.9882927,No Collision Stated
None,EDSA,None,None,"No Accident Factor, No Collision Stated (based on Police Blotter Book), 1.0 drivers_injured, 0.0 drivers_killed, 0.0 passengers_injured, 0.0 passengers_killed, 0.0 pedestrian_injured, 0.0 pedestrian_killed, Fair (Night), EDSA A. De Jesus St.  Caloocan",MMDA Road Safety Unit,,6e384d85-0ef9-418a-86b9-82f0276e2170,2016-05-04,18:00:00,EDSA A. De Jesus St. Caloocan,0,0,0,1,0,0,0,0,0,1,2016-05-05 2:00,Injury,14.65709631,120.9904323,No Collision Stated
None,EDSA,None,None,"No Accident Factor, No Collision Stated (based on Police Blotter Book), 1.0 drivers_injured, 0.0 drivers_killed, 0.0 passengers_injured, 0.0 passengers_killed, 0.0 pedestrian_injured, 0.0 pedestrian_killed, Fair (Day), EDSA Bonifacio Memorial Circle Caloocan",MMDA Road Safety Unit,,6df0a550-17d7-4f54-a4c0-2d7f563dcd1e,2016-05-04,09:00:00,EDSA Arellano St.  Caloocan,0,0,0,1,0,0,0,0,0,1,2016-05-04 17:00,Injury,14.65732796,120.9842086,No Collision Stated
None,EDSA,None,None,"No Accident Factor, Side Swipe, 0.0 drivers_injured, 0.0 drivers_killed, 0.0 passengers_injured, 0.0 passengers_killed, 0.0 pedestrian_injured, 0.0 pedestrian_killed, Fair (Day), EDSA Gen. Tinio Caloocan",MMDA Road Safety Unit,,87a0f0cd-8275-4b3e-95f6-3391900f9864,2016-05-04,06:35:00,EDSA Arellano St.  Caloocan,0,0,0,0,0,0,0,0,0,0,2016-05-04 14:35,Property,14.65727124,120.9902826,Side Swipe
None,EDSA,None,None,"No Accident Factor, Angle Impact, 0.0 drivers_injured, 0.0 drivers_killed, 0.0 passengers_injured, 0.0 passengers_killed, 0.0 pedestrian_injured, 0.0 pedestrian_killed, Fair (Day), EDSA SSS Caloocan",MMDA Road Safety Unit,,3ce6976f-1030-4113-8aef-ea00867f229c,2016-05-03,09:00:00,EDSA A. De Jesus St. Caloocan,0,0,0,0,0,0,0,0,0,0,2016-05-03 17:00,Property,14.65734341,120.9929338,Angle Impact
None,EDSA,None,None,"No Accident Factor, Side Swipe, 0.0 drivers_injured, 0.0 drivers_killed, 0.0 passengers_injured, 0.0 passengers_killed, 0.0 pedestrian_injured, 0.0 pedestrian_killed, Fair (Day), EDSA Gen. Malvar St.  Caloocan",MMDA Road Safety Unit,,76fff8ab-895a-4f90-8728-be571268facd,2016-05-03,00:00:00,EDSA A. De Jesus St. Caloocan,0,0,0,0,0,0,0,0,0,0,2016-05-03 8:00,Property,14.6573376,120.993091,Side Swipe
None,EDSA,None,None,"No Accident Factor, No Collision Stated (based on Police Blotter Book), 0.0 drivers_injured, 0.0 drivers_killed, 0.0 passengers_injured, 0.0 passengers_killed, 0.0 pedestrian_injured, 0.0 pedestrian_killed, Fair (Day), EDSA A. De Jesus St. Caloocan",MMDA Road Safety Unit,,d1d6274e-7e15-4be8-b700-f9374e50d1e0,2016-04-30,03:30:00,EDSA Biglang Awa Caloocan,0,0,0,0,0,0,0,0,0,0,2016-04-30 11:30,Property,14.65712835,120.990432,No Collision Stated
None,EDSA,None,None,"No Accident Factor, Rear-end, 0.0 drivers_injured, 0.0 drivers_killed, 0.0 passengers_injured, 0.0 passengers_killed, 0.0 pedestrian_injured, 0.0 pedestrian_killed, Fair (Day), EDSA Bonifacio Memorial Circle Caloocan",MMDA Road Safety Unit,,3a1eb9e2-2dc6-4462-93e9-e974f5a5f5e6,2016-04-29,22:40:00,EDSA B. Serrano St. Caloocan,0,0,0,0,0,0,0,0,0,0,2016-04-30 6:40,Property,14.65732796,120.9842086,Rear-End
None,EDSA,None,None,"No Accident Factor, Hit and Run (No Collision Stated), 0.0 drivers_injured, 0.0 drivers_killed, 0.0 passengers_injured, 0.0 passengers_killed, 0.0 pedestrian_injured, 0.0 pedestrian_killed, Fair (Day), EDSA Gen. Concepcion St. Caloocan",MMDA Road Safety Unit,,4beb2719-48ad-4fc2-aa30-95c95e5e7f46,2016-04-29,06:15:00,EDSA A. De Jesus St. Caloocan,0,0,0,0,0,0,0,0,0,0,2016-04-29 14:15,Property,14.65732528,120.9909733,No Collision Stated
None,EDSA,None,None,"No Accident Factor, Side Swipe, 0.0 drivers_injured, 0.0 drivers_killed, 0.0 passengers_injured, 0.0 passengers_killed, 0.0 pedestrian_injured, 0.0 pedestrian_killed, Fair (Night), EDSA B. Serrano St. Caloocan",MMDA Road Safety Unit,,06be542a-8ce1-41bd-8ff9-a9b3fba42f30,2016-04-27,14:40:00,"EDSA ""U"" turn slot, Gen. Malvar  Caloocan",0,0,0,0,0,0,0,0,0,0,2016-04-27 22:40,Property,14.65712586,120.9882927,Side Swipe
None,EDSA,None,None,"No Accident Factor, Side Swipe, 0.0 drivers_injured, 0.0 drivers_killed, 0.0 passengers_injured, 0.0 passengers_killed, 0.0 pedestrian_injured, 0.0 pedestrian_killed, Fair (Night), EDSA A. De Jesus St. Caloocan",MMDA Road Safety Unit,,8e9dbc5e-ae0f-4fff-ae00-a9d238b4403b,2016-04-25,13:30:00,EDSA Bonifacio Memorial Center Caloocan,0,0,0,0,0,0,0,0,0,0,2016-04-25 21:30,Property,14.65712835,120.990432,Side Swipe
None,EDSA,None,None,"No Accident Factor, No Collision Stated (based on Police Blotter Book), 0.0 drivers_injured, 0.0 drivers_killed, 0.0 passengers_injured, 0.0 passengers_killed, 0.0 pedestrian_injured, 0.0 pedestrian_killed, Fair (Day), EDSA Tandang Sora Caloocan",MMDA Road Safety Unit,,173fda2a-3719-4b2f-a66e-871e82eb290d,2016-04-23,09:30:00,EDSA Gen. Tinio St.  Caloocan,0,0,0,0,0,0,0,0,0,0,2016-04-23 17:30,Property,14.65736758,120.9940203,No Collision Stated
None,EDSA,None,None,"No Accident Factor, No Collision Stated (based on Police Blotter Book), 0.0 drivers_injured, 0.0 drivers_killed, 0.0 passengers_injured, 0.0 passengers_killed, 0.0 pedestrian_injured, 0.0 pedestrian_killed, Fair (Day), EDSA Tandang Sora Caloocan",MMDA Road Safety Unit,,9837011f-e7ae-4b44-8707-50a9f8de09fe,2016-04-23,08:45:00,"EDSA ""U"" turn slot, A. De Jesus St.  Caloocan",0,0,0,0,0,0,0,0,0,0,2016-04-23 16:45,Property,14.65736758,120.9940203,No Collision Stated
None,EDSA,None,None,"No Accident Factor, Rear-end, 0.0 drivers_injured, 0.0 drivers_killed, 0.0 passengers_injured, 0.0 passengers_killed, 0.0 pedestrian_injured, 0.0 pedestrian_killed, Fair (Day), EDSA Urbano Plata St. Caloocan",MMDA Road Safety Unit,,4cd932e4-7cd2-4506-9d61-5c8d85e4b278,2016-04-22,06:00:00,EDSA Bonifacio Memorial Circle Caloocan,0,0,0,0,0,0,0,0,0,0,2016-04-22 14:00,Property,14.65714729,120.9926394,Rear-End
None,EDSA,None,None,"No Accident Factor, No Collision Stated (based on Police Blotter Book), 0.0 drivers_injured, 0.0 drivers_killed, 0.0 passengers_injured, 0.0 passengers_killed, 0.0 pedestrian_injured, 0.0 pedestrian_killed, Fair (Day), EDSA B. Serrano St. Caloocan",MMDA Road Safety Unit,,957edf5d-aea1-4c46-8b48-9a9490f327fd,2016-04-21,08:00:00,EDSA A. De Jesus St. Caloocan,0,0,0,0,0,0,0,0,0,0,2016-04-21 16:00,Property,14.65712586,120.9882927,No Collision Stated
None,EDSA,None,None,"No Accident Factor, Side Swipe, 1.0 drivers_injured, 0.0 drivers_killed, 0.0 passengers_injured, 0.0 passengers_killed, 0.0 pedestrian_injured, 0.0 pedestrian_killed, Fair (Day), EDSA ""U"" turn slot, A. De Jesus St. Caloocan",MMDA Road Safety Unit,,bae17eb4-455a-4b7b-99c7-187ae2de7763,2016-04-21,03:00:00,EDSA Gen. Malvar St.  Caloocan,0,0,0,1,0,0,0,0,0,1,2016-04-21 11:00,Injury,14.65718525,120.9904007,Side Swipe
None,EDSA,None,None,"No Accident Factor, Side Swipe, 0.0 drivers_injured, 0.0 drivers_killed, 0.0 passengers_injured, 0.0 passengers_killed, 0.0 pedestrian_injured, 0.0 pedestrian_killed, Fair (Day), EDSA A. De Jesus St. Caloocan",MMDA Road Safety Unit,,dbe75bcf-d28c-4682-be35-30cb93069488,2016-04-20,06:30:00,EDSA Gen. Malvar St.  Caloocan,0,0,0,0,0,0,0,0,0,0,2016-04-20 14:30,Property,14.65712835,120.990432,Side Swipe
None,EDSA,None,None,"No Accident Factor, No Collision Stated (based on Police Blotter Book), 0.0 drivers_injured, 0.0 drivers_killed, 0.0 passengers_injured, 0.0 passengers_killed, 0.0 pedestrian_injured, 0.0 pedestrian_killed, Fair (Day), EDSA Gen. Malvar St. Caloocan",MMDA Road Safety Unit,,e5af276e-3f3a-42c9-8ca5-05864f80adb3,2016-04-20,03:20:00,EDSA B. Serrano St. Caloocan,0,0,0,0,0,0,0,0,0,0,2016-04-20 11:20,Property,14.6573376,120.993091,No Collision Stated
None,EDSA,None,None,"No Accident Factor, Side Swipe, 0.0 drivers_injured, 0.0 drivers_killed, 0.0 passengers_injured, 0.0 passengers_killed, 0.0 pedestrian_injured, 0.0 pedestrian_killed, Fair (Day), EDSA Gen. Malvar Caloocan",MMDA Road Safety Unit,,5e0ed2c7-958f-492c-a18b-e5ea989e464e,2016-04-18,07:30:00,EDSA Concepcion St.  Caloocan,0,0,0,0,0,0,0,0,0,0,2016-04-18 15:30,Property,14.6573376,120.993091,Side Swipe
None,EDSA,None,None,"No Accident Factor, Side Swipe, 1.0 drivers_injured, 0.0 drivers_killed, 0.0 passengers_injured, 0.0 passengers_killed, 0.0 pedestrian_injured, 0.0 pedestrian_killed, Fair (Day), EDSA B. Serrano St. Caloocan",MMDA Road Safety Unit,,6d53abff-174b-4ad2-99ad-4702d237309a,2016-04-17,04:00:00,EDSA B. Serrano St. Caloocan,0,0,0,1,0,0,0,0,0,1,2016-04-17 12:00,Injury,14.65712586,120.9882927,Side Swipe
None,EDSA,None,None,"No Accident Factor, Rear-end, 0.0 drivers_injured, 0.0 drivers_killed, 0.0 passengers_injured, 0.0 passengers_killed, 0.0 pedestrian_injured, 0.0 pedestrian_killed, Fair (Day), EDSA MCU Caloocan",MMDA Road Safety Unit,,df2c4b55-98d7-4f8f-a9ad-090a23e0bfce,2016-04-16,09:45:00,EDSA A. De Jesus St. Caloocan,0,0,0,0,0,0,0,0,0,0,2016-04-16 17:45,Property,14.6573146,120.9860365,Rear-End
None,EDSA,None,None,"No Accident Factor, Side Swipe, 0.0 drivers_injured, 0.0 drivers_killed, 0.0 passengers_injured, 0.0 passengers_killed, 0.0 pedestrian_injured, 0.0 pedestrian_killed, Fair (Day), EDSA A. De Jesus St. Caloocan",MMDA Road Safety Unit,,41cfba2e-a6ba-4d0d-bba2-b878dd4855c9,2016-04-15,05:30:00,"EDSA Tandang Sora St., 138 Caloocan",0,0,0,0,0,0,0,0,0,0,2016-04-15 13:30,Property,14.65712835,120.990432,Side Swipe
None,EDSA,None,None,"No Accident Factor, Rear-end, 0.0 drivers_injured, 0.0 drivers_killed, 0.0 passengers_injured, 0.0 passengers_killed, 0.0 pedestrian_injured, 0.0 pedestrian_killed, Fair (Day), EDSA Bonifacio Monumento Circle Caloocan",MMDA Road Safety Unit,,1df0be31-1a46-4159-8f4e-ab314daae7fe,2016-04-15,03:00:00,EDSA Malvar St.  Caloocan,0,0,0,0,0,0,0,0,0,0,2016-04-15 11:00,Property,14.65732796,120.9842086,Rear-End
None,EDSA,None,None,"No Accident Factor, Side Swipe, 0.0 drivers_injured, 0.0 drivers_killed, 0.0 passengers_injured, 0.0 passengers_killed, 0.0 pedestrian_injured, 0.0 pedestrian_killed, Fair (Day), EDSA Gen. Concepcion Caloocan",MMDA Road Safety Unit,,7d6e149e-709e-4136-af80-4ae84e090204,2016-04-15,01:20:00,EDSA B. Serrano St. Caloocan,0,0,0,0,0,0,0,0,0,0,2016-04-15 9:20,Property,14.65732528,120.9909733,Side Swipe
None,EDSA,None,None,"No Accident Factor, Rear-end, 0.0 drivers_injured, 0.0 drivers_killed, 0.0 passengers_injured, 0.0 passengers_killed, 0.0 pedestrian_injured, 0.0 pedestrian_killed, Fair (Day), EDSA Biglang - Awa St. Caloocan",MMDA Road Safety Unit,,4875b368-a327-4c16-9dea-add40525803b,2016-04-14,07:15:00,"EDSA ""U"" turn slot, Gen. Tinio St.  Caloocan",0,0,0,0,0,0,0,0,0,0,2016-04-14 15:15,Property,14.65719007,120.9944415,Rear-End
None,EDSA,None,None,"No Accident Factor, No Collision Stated (based on Police Blotter Book), 0.0 drivers_injured, 0.0 drivers_killed, 0.0 passengers_injured, 0.0 passengers_killed, 0.0 pedestrian_injured, 0.0 pedestrian_killed, Fair (Day), EDSA Gen. Malvar Caloocan",MMDA Road Safety Unit,,b07840e5-6a80-45b9-a233-3eedff91169e,2016-04-14,06:30:00,EDSA A. De Jesus St. Caloocan,0,0,0,0,0,0,0,0,0,0,2016-04-14 14:30,Property,14.6573376,120.993091,No Collision Stated
None,EDSA,None,None,"No Accident Factor, No Collision Stated (based on Police Blotter Book), 0.0 drivers_injured, 0.0 drivers_killed, 0.0 passengers_injured, 0.0 passengers_killed, 0.0 pedestrian_injured, 0.0 pedestrian_killed, Fair (Day), EDSA M. Ponce St., Bgy 135 Caloocan",MMDA Road Safety Unit,,a612fb0d-47da-4743-8026-c5009125b9d9,2016-04-14,03:00:00,EDSA Gen. Tinio St.  Caloocan,0,0,0,0,0,0,0,0,0,0,2016-04-14 11:00,Property,14.65732688,120.9916876,No Collision Stated
None,EDSA,None,None,"No Accident Factor, Side Swipe, 0.0 drivers_injured, 0.0 drivers_killed, 0.0 passengers_injured, 0.0 passengers_killed, 0.0 pedestrian_injured, 0.0 pedestrian_killed, Fair (Day), EDSA Gen. Tirona St. Caloocan",MMDA Road Safety Unit,,3158cc11-071a-49ff-91a7-2d10f6fe7c82,2016-04-13,02:30:00,EDSA A. De Jesus St. Caloocan,0,0,0,0,0,0,0,0,0,0,2016-04-13 10:30,Property,14.65742615,120.9970941,Side Swipe
None,EDSA,None,None,"No Accident Factor, No Collision Stated (based on Police Blotter Book), 0.0 drivers_injured, 0.0 drivers_killed, 0.0 passengers_injured, 0.0 passengers_killed, 0.0 pedestrian_injured, 0.0 pedestrian_killed, Fair (Day), EDSA Evangelista St. Caloocan",MMDA Road Safety Unit,,e211ba2b-11b8-4077-9b33-622c29b24a0d,2016-04-12,03:10:00,EDSA A. De Jesus St. Caloocan,0,0,0,0,0,0,0,0,0,0,2016-04-12 11:10,Property,14.65738064,120.9955312,No Collision Stated
None,EDSA,None,None,"No Accident Factor, Rear-end, 1.0 drivers_injured, 0.0 drivers_killed, 0.0 passengers_injured, 0.0 passengers_killed, 0.0 pedestrian_injured, 0.0 pedestrian_killed, Fair (Day), EDSA Tandang Sora Caloocan",MMDA Road Safety Unit,,874b9d17-4d1e-4a8e-ae49-b4ea4ab4b31d,2016-04-11,01:00:00,EDSA A. De Jesus St. Caloocan,0,0,0,1,0,0,0,0,0,1,2016-04-11 9:00,Injury,14.65736758,120.9940203,Rear-End
None,EDSA,None,None,"No Accident Factor, Side Swipe, 0.0 drivers_injured, 0.0 drivers_killed, 0.0 passengers_injured, 0.0 passengers_killed, 0.0 pedestrian_injured, 0.0 pedestrian_killed, Fair (Day), EDSA F. Aguilar St. Caloocan",MMDA Road Safety Unit,,dcdae8c5-bea2-4261-8f3a-87cb26e07ac4,2016-04-10,02:00:00,EDSA A. De Jesus St. Caloocan,0,0,0,0,0,0,0,0,0,0,2016-04-10 10:00,Property,14.65745266,120.9983116,Side Swipe
None,EDSA,None,None,"No Accident Factor, Rear-end, 0.0 drivers_injured, 0.0 drivers_killed, 1.0 passengers_injured, 0.0 passengers_killed, 0.0 pedestrian_injured, 0.0 pedestrian_killed, Fair (Day), EDSA F. Aguilar St. Caloocan",MMDA Road Safety Unit,,2554dd3f-b7fc-4ce7-aba4-2b1dffe2c046,2016-04-09,22:30:00,EDSA A. De Jesus St. Caloocan,0,0,0,0,1,0,0,0,0,1,2016-04-10 6:30,Injury,14.65745266,120.9983116,Rear-End
None,EDSA,None,None,"No Accident Factor, Angle Impact, 0.0 drivers_injured, 0.0 drivers_killed, 0.0 passengers_injured, 0.0 passengers_killed, 0.0 pedestrian_injured, 0.0 pedestrian_killed, Fair (Day), EDSA B. Serrano St. Caloocan",MMDA Road Safety Unit,,cfd1784d-d6e7-48c3-b716-46b579794627,2016-04-09,22:00:00,EDSA A. De Jesus St. Caloocan,0,0,0,0,0,0,0,0,0,0,2016-04-10 6:00,Property,14.65712586,120.9882927,Angle Impact
None,EDSA,None,None,"No Accident Factor, Rear-end, 0.0 drivers_injured, 0.0 drivers_killed, 0.0 passengers_injured, 0.0 passengers_killed, 0.0 pedestrian_injured, 0.0 pedestrian_killed, Fair (Night), EDSA MCU Caloocan",MMDA Road Safety Unit,,70363dd4-a99d-4f1d-9a5c-f283d14821ba,2016-04-08,15:30:00,EDSA B. Serrano St. Caloocan,0,0,0,0,0,0,0,0,0,0,2016-04-08 23:30,Property,14.6573146,120.9860365,Rear-End
None,EDSA,None,None,"No Accident Factor, No Collision Stated (based on Police Blotter Book), 0.0 drivers_injured, 0.0 drivers_killed, 0.0 passengers_injured, 0.0 passengers_killed, 0.0 pedestrian_injured, 0.0 pedestrian_killed, Fair (Day), EDSA A. De Jesus St. Caloocan",MMDA Road Safety Unit,,6e1536b8-1812-40bc-9515-33033e142b51,2016-04-08,05:00:00,EDSA B. Serrano St. Caloocan,0,0,0,0,0,0,0,0,0,0,2016-04-08 13:00,Property,14.65712835,120.990432,No Collision Stated