LOCATION_TEXT,ROAD,WEATHER,LIGHT,DESC,REPORTING_AGENCY,MAIN_CAUSE,INCIDENTDETAILS_ID,DATE_UTC,TIME_UTC,ADDRESS,killed_driver,killed_passenger,killed_pedestrian,injured_driver,injured_passenger,injured_pedestrian,killed_uncategorized,injured_uncategorized,killed_total,injured_total,DATETIME_PST,SEVERITY,Y,X,COLLISION_TYPE
None,EDSA,None,None,"No Accident Factor, No Collision Stated (based on Police Blotter Book), 0.0 drivers_injured, 0.0 drivers_killed, 0.0 passengers_injured, 0.0 passengers_killed, 0.0 pedestrian_injured, 0.0 pedestrian_killed, Fair (Day), EDSA Gen. Malvar Caloocan",MMDA Road Safety Unit,,549d84b1-e8c1-4dd4-ada3-6ab855f86fc2,2016-04-07,22:30:00,EDSA Gen. Tinio St.  Caloocan,0,0,0,0,0,0,0,0,0,0,2016-04-08 6:30,Property,14.6573376,120.993091,No Collision Stated
None,EDSA,None,None,"No Accident Factor, No Collision Stated (based on Police Blotter Book), 0.0 drivers_injured, 0.0 drivers_killed, 0.0 passengers_injured, 0.0 passengers_killed, 0.0 pedestrian_injured, 0.0 pedestrian_killed, Fair (Night), EDSA Jollibee Asuncion Caloocan",MMDA Road Safety Unit,,d4ee498d-d8a9-4352-9cf5-e75f6ae56eb3,2016-04-07,15:35:00,EDSA Gen. Tinio St.  Caloocan,0,0,0,0,0,0,0,0,0,0,2016-04-07 23:35,Property,14.65731494,120.9880163,No Collision Stated
None,EDSA,None,None,"No Accident Factor, No Collision Stated (based on Police Blotter Book), 0.0 drivers_injured, 0.0 drivers_killed, 0.0 passengers_injured, 0.0 passengers_killed, 0.0 pedestrian_injured, 0.0 pedestrian_killed, Fair (Night), EDSA B. Serrano St. Caloocan",MMDA Road Safety Unit,,0fc1583b-88f3-4b10-bd1c-62d45748751f,2016-04-07,13:10:00,EDSA B. Serrano  Caloocan,0,0,0,0,0,0,0,0,0,0,2016-04-07 21:10,Property,14.65712586,120.9882927,No Collision Stated
None,EDSA,None,None,"No Accident Factor, No Collision Stated (based on Police Blotter Book), 0.0 drivers_injured, 0.0 drivers_killed, 0.0 passengers_injured, 0.0 passengers_killed, 0.0 pedestrian_injured, 0.0 pedestrian_killed, Fair (Night), EDSA B. Serrano St. Caloocan",MMDA Road Safety Unit,,3e18db43-f21f-4abb-8a1c-c3160c3eb239,2016-04-07,12:00:00,EDSA A. De Jesus St. Caloocan,0,0,0,0,0,0,0,0,0,0,2016-04-07 20:00,Property,14.65712586,120.9882927,No Collision Stated
None,EDSA,None,None,"No Accident Factor, No Collision Stated (based on Police Blotter Book), 0.0 drivers_injured, 0.0 drivers_killed, 0.0 passengers_injured, 0.0 passengers_killed, 0.0 pedestrian_injured, 0.0 pedestrian_killed, Fair (Day), EDSA Gen. Tinio St. Caloocan",MMDA Road Safety Unit,,8b0a2764-9012-4ec2-89ce-ceb6ae0986f5,2016-04-06,06:30:00,EDSA Malvar St.  Caloocan,0,0,0,0,0,0,0,0,0,0,2016-04-06 14:30,Property,14.65727124,120.9902826,No Collision Stated
None,EDSA,None,None,"No Accident Factor, Multiple Collision, 0.0 drivers_injured, 0.0 drivers_killed, 0.0 passengers_injured, 0.0 passengers_killed, 0.0 pedestrian_injured, 0.0 pedestrian_killed, Fair (Day), EDSA Tandang Sora Caloocan",MMDA Road Safety Unit,,a0d03c1a-5a83-49b8-9674-9d7aafbd02a5,2016-04-06,03:20:00,EDSA A. De Jesus St. Caloocan,0,0,0,0,0,0,0,0,0,0,2016-04-06 11:20,Property,14.65736758,120.9940203,Multiple
None,EDSA,None,None,"No Accident Factor, Side Swipe, 0.0 drivers_injured, 0.0 drivers_killed, 0.0 passengers_injured, 0.0 passengers_killed, 0.0 pedestrian_injured, 0.0 pedestrian_killed, Fair (Day), EDSA B. Serrano St., Bgy 87 Caloocan",MMDA Road Safety Unit,,902a6e88-5762-4d00-b4b2-416043769916,2016-04-06,03:00:00,"EDSA ""U"" turn slot, A. De Jesus St., 87 Caloocan",0,0,0,0,0,0,0,0,0,0,2016-04-06 11:00,Property,14.65712586,120.9882927,Side Swipe
None,EDSA,None,None,"No Accident Factor, Hit Object (No Object Stated), 0.0 drivers_injured, 0.0 drivers_killed, 0.0 passengers_injured, 0.0 passengers_killed, 0.0 pedestrian_injured, 0.0 pedestrian_killed, Fair (Day), EDSA Gen. Tirona St., Bgy 138 Caloocan",MMDA Road Safety Unit,,47fe90ec-2c5c-44c8-8c72-47217b410022,2016-04-04,01:00:00,EDSA B. Serrano St. Caloocan,0,0,0,0,0,0,0,0,0,0,2016-04-04 9:00,Property,14.65742615,120.9970941,Hit Object
None,EDSA,None,None,"No Accident Factor, Hit and Run (No Collision Stated), 0.0 drivers_injured, 0.0 drivers_killed, 0.0 passengers_injured, 0.0 passengers_killed, 0.0 pedestrian_injured, 0.0 pedestrian_killed, Fair (Day), EDSA Mercury Drugstore Caloocan",MMDA Road Safety Unit,,a8d810ac-dbda-44eb-b2a3-0fc2ae3cc878,2016-04-03,02:30:00,EDSA B. Serrano St. Caloocan,0,0,0,0,0,0,0,0,0,0,2016-04-03 10:30,Property,14.65694628,120.9842281,No Collision Stated
None,EDSA,None,None,"No Accident Factor, No Collision Stated (based on Police Blotter Book), 0.0 drivers_injured, 0.0 drivers_killed, 0.0 passengers_injured, 0.0 passengers_killed, 0.0 pedestrian_injured, 0.0 pedestrian_killed, Fair (Night), EDSA B. Serrano St. Caloocan",MMDA Road Safety Unit,,6358421e-1618-47bb-833f-355653c052cb,2016-04-02,13:30:00,"EDSA MCU, 85 Caloocan",0,0,0,0,0,0,0,0,0,0,2016-04-02 21:30,Property,14.65712586,120.9882927,No Collision Stated
None,EDSA,None,None,"No Accident Factor, Rear-end, 0.0 drivers_injured, 0.0 drivers_killed, 0.0 passengers_injured, 0.0 passengers_killed, 0.0 pedestrian_injured, 0.0 pedestrian_killed, Fair (Day), EDSA A. De Jesus St. Caloocan",MMDA Road Safety Unit,,4a6323be-c851-4263-abf0-a84dfeedfba9,2016-04-02,09:00:00,EDSA Concepcion St.  Caloocan,0,0,0,0,0,0,0,0,0,0,2016-04-02 17:00,Property,14.65712835,120.990432,Rear-End
None,EDSA,None,None,"No Accident Factor, Hit Object (No Object Stated), 0.0 drivers_injured, 0.0 drivers_killed, 0.0 passengers_injured, 0.0 passengers_killed, 0.0 pedestrian_injured, 0.0 pedestrian_killed, Fair (Day), EDSA A. De Jesus St. Caloocan",MMDA Road Safety Unit,,feea8666-a10f-4419-af3b-e7b4988dbb27,2016-04-02,06:15:00,EDSA Biglang Awa St.  Caloocan,0,0,0,0,0,0,0,0,0,0,2016-04-02 14:15,Property,14.65712835,120.990432,Hit Object
None,EDSA,None,None,"No Accident Factor, No Collision Stated (based on Police Blotter Book), 0.0 drivers_injured, 0.0 drivers_killed, 0.0 passengers_injured, 0.0 passengers_killed, 0.0 pedestrian_injured, 0.0 pedestrian_killed, Fair (Day), EDSA B. Serrano St. Caloocan",MMDA Road Safety Unit,,d275e020-e668-47e9-8a76-b2cd595d0773,2016-04-02,05:00:00,EDSA Bonifacio Memorial Circle Caloocan,0,0,0,0,0,0,0,0,0,0,2016-04-02 13:00,Property,14.65712586,120.9882927,No Collision Stated
None,EDSA,None,None,"No Accident Factor, Side Swipe, 0.0 drivers_injured, 0.0 drivers_killed, 0.0 passengers_injured, 0.0 passengers_killed, 0.0 pedestrian_injured, 0.0 pedestrian_killed, Fair (Day), EDSA B. Serrano St. Caloocan",MMDA Road Safety Unit,,0fcc8ce9-8a43-4f9c-bbdc-a9a5efda31f2,2016-04-01,08:00:00,"EDSA Bonifacio Memorial Circle, 76 Caloocan",0,0,0,0,0,0,0,0,0,0,2016-04-01 16:00,Property,14.65712586,120.9882927,Side Swipe
None,EDSA,None,None,"No Accident Factor, No Collision Stated (based on Police Blotter Book), 0.0 drivers_injured, 0.0 drivers_killed, 0.0 passengers_injured, 0.0 passengers_killed, 0.0 pedestrian_injured, 0.0 pedestrian_killed, Fair (Night), EDSA B. Serrano St. Caloocan",MMDA Road Safety Unit,,d189f929-2ac6-478f-8815-24c9bca2c7bb,2016-03-31,14:25:00,EDSA B. Serrano St. Caloocan,0,0,0,0,0,0,0,0,0,0,2016-03-31 22:25,Property,14.65712586,120.9882927,No Collision Stated
None,EDSA,None,None,"No Accident Factor, Side Swipe, 0.0 drivers_injured, 0.0 drivers_killed, 0.0 passengers_injured, 0.0 passengers_killed, 0.0 pedestrian_injured, 0.0 pedestrian_killed, Fair (Night), EDSA SOGO Hotel (WB)  Caloocan",MMDA Road Safety Unit,,26de6403-b619-4ad4-8829-7dff8712b639,2016-03-30,12:30:00,EDSA B. Serrano St. Caloocan,0,0,0,0,0,0,0,0,0,0,2016-03-30 20:30,Property,14.65731853,120.9848514,Side Swipe
None,EDSA,None,None,"No Accident Factor, No Collision Stated (based on Police Blotter Book), 0.0 drivers_injured, 0.0 drivers_killed, 0.0 passengers_injured, 0.0 passengers_killed, 0.0 pedestrian_injured, 0.0 pedestrian_killed, Fair (Day), EDSA MCU Caloocan",MMDA Road Safety Unit,,1d6a73d8-b5b4-492e-a8f5-dd91112428f9,2016-03-30,08:00:00,EDSA Biglang Awa St.  Caloocan,0,0,0,0,0,0,0,0,0,0,2016-03-30 16:00,Property,14.6573146,120.9860365,No Collision Stated
None,EDSA,None,None,"No Accident Factor, Side Swipe, 0.0 drivers_injured, 0.0 drivers_killed, 0.0 passengers_injured, 0.0 passengers_killed, 0.0 pedestrian_injured, 0.0 pedestrian_killed, Fair (Day), EDSA B. Serrano St. Caloocan",MMDA Road Safety Unit,,ec23629e-2979-4a54-ab6b-641233cd2d54,2016-03-26,07:00:00,EDSA Don Vicente Ang St.  Caloocan,0,0,0,0,0,0,0,0,0,0,2016-03-26 15:00,Property,14.65712586,120.9882927,Side Swipe
None,EDSA,None,None,"No Accident Factor, Hit Parked Vehicle, 0.0 drivers_injured, 0.0 drivers_killed, 0.0 passengers_injured, 0.0 passengers_killed, 0.0 pedestrian_injured, 0.0 pedestrian_killed, Fair (Night), EDSA Benin St. Caloocan",MMDA Road Safety Unit,,a6ce19c3-fa26-4ffc-801e-345678ac155c,2016-03-23,20:00:00,EDSA B. Serrano St. Caloocan,0,0,0,0,0,0,0,0,0,0,2016-03-24 4:00,Property,14.65705691,120.9855172,Hit Object
None,EDSA,None,None,"No Accident Factor, No Collision Stated (based on Police Blotter Book), 0.0 drivers_injured, 0.0 drivers_killed, 0.0 passengers_injured, 0.0 passengers_killed, 0.0 pedestrian_injured, 0.0 pedestrian_killed, Fair (Night), EDSA Gen. Tinio St. Caloocan",MMDA Road Safety Unit,,8516213e-10d4-49ed-bce0-3aa50fa08121,2016-03-22,10:00:00,EDSA Biglang Awa St.  Caloocan,0,0,0,0,0,0,0,0,0,0,2016-03-22 18:00,Property,14.65727124,120.9902826,No Collision Stated
None,EDSA,None,None,"No Accident Factor, Side Swipe, 0.0 drivers_injured, 0.0 drivers_killed, 1.0 passengers_injured, 0.0 passengers_killed, 0.0 pedestrian_injured, 0.0 pedestrian_killed, Fair (Night), EDSA A. De Jesus St. Caloocan",MMDA Road Safety Unit,,af3c1169-02e7-4449-9d1f-285f1ede4cee,2016-03-21,18:30:00,EDSA A. De Jesus St. Caloocan,0,0,0,0,1,0,0,0,0,1,2016-03-22 2:30,Injury,14.65712835,120.990432,Side Swipe
None,EDSA,None,None,"No Accident Factor, No Collision Stated (based on Police Blotter Book), 0.0 drivers_injured, 0.0 drivers_killed, 0.0 passengers_injured, 0.0 passengers_killed, 0.0 pedestrian_injured, 0.0 pedestrian_killed, Fair (Day), EDSA Tandang Sora St. Caloocan",MMDA Road Safety Unit,,49d0acf7-7d32-415c-8925-d40839e42090,2016-03-21,07:00:00,EDSA A. De Jesus St. Caloocan,0,0,0,0,0,0,0,0,0,0,2016-03-21 15:00,Property,14.65736758,120.9940203,No Collision Stated
None,EDSA,None,None,"No Accident Factor, Self-Accident, 1.0 drivers_injured, 0.0 drivers_killed, 0.0 passengers_injured, 0.0 passengers_killed, 0.0 pedestrian_injured, 0.0 pedestrian_killed, Fair (Day), EDSA Gen. Evangelista  Caloocan",MMDA Road Safety Unit,,e80e89ac-9aea-4452-ba45-eac6325e071d,2016-03-21,04:00:00,"EDSA ""U"" turn slot, Malvar St., 138 Caloocan",0,0,0,1,0,0,0,0,0,1,2016-03-21 12:00,Injury,14.65738149,120.9956299,Self-Accident
None,EDSA,None,None,"No Accident Factor, Angle Impact, 1.0 drivers_injured, 0.0 drivers_killed, 2.0 passengers_injured, 0.0 passengers_killed, 0.0 pedestrian_injured, 0.0 pedestrian_killed, Fair (Night), EDSA A. De Jesus St. Caloocan",MMDA Road Safety Unit,,839c098c-dcfe-4f50-9648-4fdaf9b42c5a,2016-03-20,19:45:00,EDSA Bonifacio Memorial Circle Caloocan,0,0,0,1,2,0,0,0,0,3,2016-03-21 3:45,Injury,14.65712835,120.990432,Angle Impact
None,EDSA,None,None,"No Accident Factor, Rear-end, 1.0 drivers_injured, 0.0 drivers_killed, 0.0 passengers_injured, 0.0 passengers_killed, 0.0 pedestrian_injured, 0.0 pedestrian_killed, Fair (Night), EDSA ""U"" turn slot, Gen. Malvar Caloocan",MMDA Road Safety Unit,,3877c04f-a4a3-4853-99b9-d5440f2caee2,2016-03-18,11:30:00,EDSA B. Serrano St. Caloocan,0,0,0,1,0,0,0,0,0,1,2016-03-18 19:30,Injury,14.65722477,120.9930969,Rear-End
None,EDSA,None,None,"No Accident Factor, No Collision Stated (based on Police Blotter Book), 1.0 drivers_injured, 0.0 drivers_killed, 0.0 passengers_injured, 0.0 passengers_killed, 0.0 pedestrian_injured, 0.0 pedestrian_killed, Fair (Day), EDSA Benin St. Caloocan",MMDA Road Safety Unit,,dfa4b178-223b-44c9-b717-3192e9b5bc93,2016-03-17,22:30:00,EDSA B. Serrano St. Caloocan,0,0,0,1,0,0,0,0,0,1,2016-03-18 6:30,Injury,14.65705691,120.9855172,No Collision Stated
None,EDSA,None,None,"No Accident Factor, Side Swipe, 0.0 drivers_injured, 0.0 drivers_killed, 0.0 passengers_injured, 0.0 passengers_killed, 0.0 pedestrian_injured, 0.0 pedestrian_killed, Fair (Night), EDSA B. Serrano St. Caloocan",MMDA Road Safety Unit,,00c92ba4-c216-41d0-bec8-8032801577d8,2016-03-16,11:00:00,EDSA Gen. Malvar St.  Caloocan,0,0,0,0,0,0,0,0,0,0,2016-03-16 19:00,Property,14.65712586,120.9882927,Side Swipe
None,EDSA,None,None,"No Accident Factor, Hit and Run (No Collision Stated), 0.0 drivers_injured, 0.0 drivers_killed, 0.0 passengers_injured, 0.0 passengers_killed, 0.0 pedestrian_injured, 0.0 pedestrian_killed, Fair (Day), EDSA A. De Jesus St., Bgy. 87 Caloocan",MMDA Road Safety Unit,,21abf5e8-1919-471b-8db8-4e1a94f2e05f,2016-03-16,00:00:00,EDSA A. De Jesus St. Caloocan,0,0,0,0,0,0,0,0,0,0,2016-03-16 8:00,Property,14.65711261,120.9904651,No Collision Stated
None,EDSA,None,None,"No Accident Factor, Rear-end, 1.0 drivers_injured, 0.0 drivers_killed, 0.0 passengers_injured, 0.0 passengers_killed, 0.0 pedestrian_injured, 0.0 pedestrian_killed, Fair (Day), EDSA ""U"" turn slot, Gen. Malvar St.  Caloocan",MMDA Road Safety Unit,,b908ee63-d991-4d06-b66c-31d08d27255c,2016-03-10,04:00:00,"EDSA ""U"" turn slot, Gen. Malvar St.  Caloocan",0,0,0,1,0,0,0,0,0,1,2016-03-10 12:00,Injury,14.65722477,120.9930969,Rear-End
None,EDSA,None,None,"No Accident Factor, No Collision Stated (based on Police Blotter Book), 1.0 drivers_injured, 0.0 drivers_killed, 0.0 passengers_injured, 0.0 passengers_killed, 0.0 pedestrian_injured, 0.0 pedestrian_killed, Fair (Day), EDSA ""U"" turn slot, Gen. Malvar Caloocan",MMDA Road Safety Unit,,68427938-9bac-437a-9083-8cb143328c50,2016-03-10,04:00:00,EDSA Tandang Sora St.  Caloocan,0,0,0,1,0,0,0,0,0,1,2016-03-10 12:00,Injury,14.65722477,120.9930969,No Collision Stated
None,EDSA,None,None,"No Accident Factor, Multiple Collision, 0.0 drivers_injured, 0.0 drivers_killed, 0.0 passengers_injured, 0.0 passengers_killed, 0.0 pedestrian_injured, 0.0 pedestrian_killed, Fair (Night), EDSA A. De Jesus St.  Caloocan",MMDA Road Safety Unit,,b2800101-7ee3-4283-a09c-a6bb17bc4d0a,2016-03-09,14:00:00,"EDSA ""U"" turn slot, Gen. Malver St.  Caloocan",0,0,0,0,0,0,0,0,0,0,2016-03-09 22:00,Property,14.65709631,120.9904323,Multiple
None,EDSA,None,None,"No Accident Factor, Side Swipe, 0.0 drivers_injured, 0.0 drivers_killed, 0.0 passengers_injured, 0.0 passengers_killed, 0.0 pedestrian_injured, 0.0 pedestrian_killed, Fair (Night), EDSA Gen. Tinio St.  Caloocan",MMDA Road Safety Unit,,7a84581f-939a-47a0-9a73-a47c841412ea,2016-03-09,13:30:00,EDSA Gen. Malvar St.  Caloocan,0,0,0,0,0,0,0,0,0,0,2016-03-09 21:30,Property,14.65727124,120.9902826,Side Swipe
None,EDSA,None,None,"No Accident Factor, No Collision Stated (based on Police Blotter Book), 0.0 drivers_injured, 0.0 drivers_killed, 0.0 passengers_injured, 0.0 passengers_killed, 0.0 pedestrian_injured, 0.0 pedestrian_killed, Fair (Day), EDSA M. Ponce St.  Caloocan",MMDA Road Safety Unit,,66cdaca9-c227-4890-b17f-2f41bd063bc6,2016-03-09,03:50:00,"EDSA ""U"" turn slot, Gen. Tinio St.  Caloocan",0,0,0,0,0,0,0,0,0,0,2016-03-09 11:50,Property,14.65732688,120.9916876,No Collision Stated
None,EDSA,None,None,"No Accident Factor, No Collision Stated (based on Police Blotter Book), 0.0 drivers_injured, 0.0 drivers_killed, 0.0 passengers_injured, 0.0 passengers_killed, 0.0 pedestrian_injured, 0.0 pedestrian_killed, Fair (Day), EDSA A. De Jesus St.  Caloocan",MMDA Road Safety Unit,,e9080d9b-18fe-4d97-84e8-d3f4409cfece,2016-03-09,03:00:00,EDSA 5th St.  Caloocan,0,0,0,0,0,0,0,0,0,0,2016-03-09 11:00,Property,14.65709631,120.9904323,No Collision Stated
None,EDSA,None,None,"No Accident Factor, Hit Parked Vehicle, 0.0 drivers_injured, 0.0 drivers_killed, 0.0 passengers_injured, 0.0 passengers_killed, 0.0 pedestrian_injured, 0.0 pedestrian_killed, Fair (Day), EDSA 8th St.  Caloocan",MMDA Road Safety Unit,,ac21f406-07b0-4168-b39b-20fb8c9cc48f,2016-03-08,05:25:00,EDSA Biglang Awa Caloocan,0,0,0,0,0,0,0,0,0,0,2016-03-08 13:25,Property,14.6571119,120.9903828,Hit Object
None,EDSA,None,None,"No Accident Factor, Hit Parked Vehicle, 0.0 drivers_injured, 0.0 drivers_killed, 0.0 passengers_injured, 0.0 passengers_killed, 0.0 pedestrian_injured, 0.0 pedestrian_killed, Fair (Day), EDSA Mariano Ponce St.  Caloocan",MMDA Road Safety Unit,,315ed214-9c3a-4d93-9d4c-31bbd4f8cde7,2016-03-07,08:30:00,"EDSA ""U"" turn slot, Gen. Malvar St.  Caloocan",0,0,0,0,0,0,0,0,0,0,2016-03-07 16:30,Property,14.65733139,120.9916808,Hit Object
None,EDSA,None,None,"No Accident Factor, Side Swipe, 0.0 drivers_injured, 0.0 drivers_killed, 0.0 passengers_injured, 0.0 passengers_killed, 0.0 pedestrian_injured, 0.0 pedestrian_killed, Fair (Day), EDSA B. Serrano St. Caloocan",MMDA Road Safety Unit,,0aa2384c-a4ff-4cd5-81a1-628e82c4a91c,2016-03-07,04:00:00,EDSA B. Serrano     Caloocan,0,0,0,0,0,0,0,0,0,0,2016-03-07 12:00,Property,14.65712586,120.9882927,Side Swipe
None,EDSA,None,None,"No Accident Factor, Rear-end, 0.0 drivers_injured, 0.0 drivers_killed, 0.0 passengers_injured, 0.0 passengers_killed, 0.0 pedestrian_injured, 0.0 pedestrian_killed, Fair (Night), EDSA Mercury Drug Caloocan",MMDA Road Safety Unit,,376b72f6-a781-44fb-9e63-8d4384ef8cac,2016-03-04,10:30:00,EDSA B. Serrano St. Caloocan,0,0,0,0,0,0,0,0,0,0,2016-03-04 18:30,Property,14.65694628,120.9842281,Rear-End
None,EDSA,None,None,"No Accident Factor, Angle Impact, 0.0 drivers_injured, 0.0 drivers_killed, 0.0 passengers_injured, 1.0 passengers_killed, 0.0 pedestrian_injured, 0.0 pedestrian_killed, Fair (Night), EDSA Bank of Commerce  Caloocan",MMDA Road Safety Unit,,8436ff2f-e518-4d8b-9a08-8f558e63b0da,2016-03-02,20:00:00,EDSA A. De Jesus St. Caloocan,0,1,1,0,0,0,0,0,2,0,2016-03-03 4:00,Fatal,14.6571026,120.9930159,Angle Impact
None,EDSA,None,None,"No Accident Factor, Side Swipe, 0.0 drivers_injured, 0.0 drivers_killed, 0.0 passengers_injured, 0.0 passengers_killed, 0.0 pedestrian_injured, 0.0 pedestrian_killed, Fair (Night), EDSA General Tinio (WB)  Caloocan",MMDA Road Safety Unit,,f408eef1-cd10-4786-9c1b-d87ca555f46d,2016-03-02,12:20:00,EDSA Gen. Malvar St.  Caloocan,0,0,0,0,0,0,0,0,0,0,2016-03-02 20:20,Property,14.65731831,120.990167,Side Swipe
None,EDSA,None,None,"No Accident Factor, Angle Impact, 1.0 drivers_injured, 0.0 drivers_killed, 0.0 passengers_injured, 0.0 passengers_killed, 0.0 pedestrian_injured, 0.0 pedestrian_killed, Fair (Night), EDSA A. De Jesus Caloocan",MMDA Road Safety Unit,,84b4e777-f823-4493-85b2-ce2455b49912,2016-03-01,13:45:00,EDSA Gen. Malvar St.  Caloocan,0,0,0,1,0,0,0,0,0,1,2016-03-01 21:45,Injury,14.65712806,120.9903991,Angle Impact
None,EDSA,None,None,"No Accident Factor, Rear-end, 0.0 drivers_injured, 0.0 drivers_killed, 0.0 passengers_injured, 0.0 passengers_killed, 0.0 pedestrian_injured, 0.0 pedestrian_killed, Fair (Day), EDSA B. Serrano St. Caloocan",MMDA Road Safety Unit,,0735591d-8722-4f8a-abde-2eb26571822b,2016-02-29,09:50:00,EDSA Gen. Tinio Caloocan,0,0,0,0,0,0,0,0,0,0,2016-02-29 17:50,Property,14.65712586,120.9882927,Rear-End
None,EDSA,None,None,"No Accident Factor, No Collision Stated (based on Police Blotter Book), 0.0 drivers_injured, 0.0 drivers_killed, 0.0 passengers_injured, 0.0 passengers_killed, 0.0 pedestrian_injured, 0.0 pedestrian_killed, Fair (Day), EDSA 8th St.  Caloocan",MMDA Road Safety Unit,,5b8d645b-0c3a-4b3e-bc97-b38ba935a216,2016-02-29,09:30:00,"EDSA ""U"" turn slot, Gen. Tinio  Caloocan",0,0,0,0,0,0,0,0,0,0,2016-02-29 17:30,Property,14.6571119,120.9903828,No Collision Stated
None,EDSA,None,None,"No Accident Factor, Hit Object (No Object Stated), 0.0 drivers_injured, 0.0 drivers_killed, 0.0 passengers_injured, 0.0 passengers_killed, 0.0 pedestrian_injured, 0.0 pedestrian_killed, Fair (Day), EDSA Mitsubishi Motors Caloocan",MMDA Road Safety Unit,,82c9b8f8-84c7-40da-a723-cb574344ce41,2016-02-29,05:50:00,EDSA Bonifacio Memorial Circle Caloocan,0,0,0,0,0,0,0,0,0,0,2016-02-29 13:50,Property,14.65742087,120.9946455,Hit Object
None,EDSA,None,None,"No Accident Factor, Side Swipe, 0.0 drivers_injured, 0.0 drivers_killed, 0.0 passengers_injured, 0.0 passengers_killed, 0.0 pedestrian_injured, 0.0 pedestrian_killed, Fair (Day), EDSA A. De Jesus St. Caloocan",MMDA Road Safety Unit,,3dc943ad-2b9d-497e-ae62-21e74e8964d4,2016-02-28,08:50:00,"EDSA Toyota Motors Corp., Bagong Barrio Caloocan",0,0,0,0,0,0,0,0,0,0,2016-02-28 16:50,Property,14.65712835,120.990432,Side Swipe
None,EDSA,None,None,"No Accident Factor, Rear-end, 0.0 drivers_injured, 0.0 drivers_killed, 0.0 passengers_injured, 0.0 passengers_killed, 0.0 pedestrian_injured, 0.0 pedestrian_killed, Fair (Day), EDSA Gen. Tinio (WB) Caloocan",MMDA Road Safety Unit,,c5b0c362-a953-477d-8868-4fd4cf48b824,2016-02-26,22:15:00,EDSA Biglang Awa Caloocan,0,0,0,0,0,0,0,0,0,0,2016-02-27 6:15,Property,14.65727124,120.9902826,Rear-End
None,EDSA,None,None,"No Accident Factor, No Collision Stated (based on Police Blotter Book), 0.0 drivers_injured, 0.0 drivers_killed, 0.0 passengers_injured, 0.0 passengers_killed, 0.0 pedestrian_injured, 0.0 pedestrian_killed, Fair (Day), EDSA Gen. Malvar St. Caloocan",MMDA Road Safety Unit,,df52267d-0a94-4f17-976c-dd196ff92904,2016-02-26,00:30:00,"EDSA Banco de Oro, Gen. Tinio Caloocan",0,0,0,0,0,0,0,0,0,0,2016-02-26 8:30,Property,14.6573376,120.993091,No Collision Stated
None,EDSA,None,None,"No Accident Factor, Side Swipe, 0.0 drivers_injured, 0.0 drivers_killed, 0.0 passengers_injured, 0.0 passengers_killed, 0.0 pedestrian_injured, 0.0 pedestrian_killed, Fair (Night), EDSA B. Serrano St. Caloocan",MMDA Road Safety Unit,,cf9e6c7a-30fe-466f-b1d0-4f8fbabcf676,2016-02-24,20:30:00,"EDSA ""U"" turn slot, Gen. Tinio  Caloocan",0,0,0,0,0,0,0,0,0,0,2016-02-25 4:30,Property,14.65712586,120.9882927,Side Swipe
None,EDSA,None,None,"No Accident Factor, Side Swipe, 0.0 drivers_injured, 0.0 drivers_killed, 0.0 passengers_injured, 0.0 passengers_killed, 0.0 pedestrian_injured, 0.0 pedestrian_killed, Fair (Day), EDSA B. Serrano St. Caloocan",MMDA Road Safety Unit,,9ab2db98-3277-4f56-9106-7b9dfb9053e8,2016-02-23,05:50:00,"EDSA Honda Motors Corp., 96 Caloocan",0,0,0,0,0,0,0,0,0,0,2016-02-23 13:50,Property,14.65712586,120.9882927,Side Swipe
None,EDSA,None,None,"No Accident Factor, Angle Impact, 1.0 drivers_injured, 0.0 drivers_killed, 0.0 passengers_injured, 0.0 passengers_killed, 0.0 pedestrian_injured, 0.0 pedestrian_killed, Fair (Day), EDSA A. De Jesus St. Caloocan",MMDA Road Safety Unit,,69db4ead-f88d-45b7-80e5-30ac5428ee23,2016-02-22,05:50:00,"EDSA Clover Inn, 139 Caloocan",0,0,0,1,0,0,0,0,0,1,2016-02-22 13:50,Injury,14.65712835,120.990432,Angle Impact
None,EDSA,None,None,"No Accident Factor, Rear-end, 1.0 drivers_injured, 0.0 drivers_killed, 0.0 passengers_injured, 0.0 passengers_killed, 0.0 pedestrian_injured, 0.0 pedestrian_killed, Fair (Night), EDSA Gen. Tinio St. Caloocan",MMDA Road Safety Unit,,81ec7447-19ad-4884-8a5c-d58e8a1089a2,2016-02-21,17:15:00,EDSA A. De Jesus St. Caloocan,0,0,0,1,0,0,0,0,0,1,2016-02-22 1:15,Injury,14.65727124,120.9902826,Rear-End
None,EDSA,None,None,"No Accident Factor, Rear-end, 0.0 drivers_injured, 0.0 drivers_killed, 0.0 passengers_injured, 0.0 passengers_killed, 0.0 pedestrian_injured, 0.0 pedestrian_killed, Fair (Day), EDSA BIR Bldg. Caloocan",MMDA Road Safety Unit,,83fc1713-0817-40e9-8b70-544ae3377584,2016-02-21,05:40:00,EDSA Gen. Malvar St.  Caloocan,0,0,0,0,0,0,0,0,0,0,2016-02-21 13:40,Property,14.65731494,120.9912984,Rear-End
None,EDSA,None,None,"No Accident Factor, Multiple Collision, 0.0 drivers_injured, 0.0 drivers_killed, 0.0 passengers_injured, 0.0 passengers_killed, 0.0 pedestrian_injured, 0.0 pedestrian_killed, Fair (Day), EDSA B. Serrano St. Caloocan",MMDA Road Safety Unit,,925167b6-6944-491f-a6c6-2d6b61061991,2016-02-18,03:40:00,EDSA Honda Motors Corp. Caloocan,0,0,0,0,0,0,0,0,0,0,2016-02-18 11:40,Property,14.65712586,120.9882927,Multiple