LOCATION_TEXT,ROAD,WEATHER,LIGHT,DESC,REPORTING_AGENCY,MAIN_CAUSE,INCIDENTDETAILS_ID,DATE_UTC,TIME_UTC,ADDRESS,killed_driver,killed_passenger,killed_pedestrian,injured_driver,injured_passenger,injured_pedestrian,killed_uncategorized,injured_uncategorized,killed_total,injured_total,DATETIME_PST,SEVERITY,Y,X,COLLISION_TYPE
None,EDSA,None,None,"No Accident Factor, Rear-end, 0.0 drivers_injured, 0.0 drivers_killed, 0.0 passengers_injured, 0.0 passengers_killed, 0.0 pedestrian_injured, 0.0 pedestrian_killed, Fair (Day), EDSA De Jesus (NB) Caloocan",MMDA Road Safety Unit,,f0c7dd70-f637-4abe-ad97-b392c36cb46d,2016-02-17,22:45:00,EDSA Gen. Malvar St.  Caloocan,0,0,0,0,0,0,0,0,0,0,2016-02-18 6:45,Property,14.65713667,120.9882603,Rear-End
None,EDSA,None,None,"No Accident Factor, Side Swipe, 0.0 drivers_injured, 0.0 drivers_killed, 0.0 passengers_injured, 0.0 passengers_killed, 0.0 pedestrian_injured, 0.0 pedestrian_killed, Fair (Night), EDSA B. Serrano St. Caloocan",MMDA Road Safety Unit,,83d98049-5012-470d-a555-523617362f9c,2016-02-15,12:00:00,EDSA Morning Breeze  Caloocan,0,0,0,0,0,0,0,0,0,0,2016-02-15 20:00,Property,14.65712586,120.9882927,Side Swipe
None,EDSA,None,None,"No Accident Factor, Side Swipe, 0.0 drivers_injured, 0.0 drivers_killed, 0.0 passengers_injured, 0.0 passengers_killed, 0.0 pedestrian_injured, 0.0 pedestrian_killed, Fair (Night), EDSA Gen. Malvar Caloocan",MMDA Road Safety Unit,,b63b95da-80b3-4a0f-927e-0a0bf2a8128d,2016-02-15,11:30:00,EDSA SSS Bldg. Caloocan,0,0,0,0,0,0,0,0,0,0,2016-02-15 19:30,Property,14.6573376,120.993091,Side Swipe
None,EDSA,None,None,"No Accident Factor, Side Swipe, 0.0 drivers_injured, 0.0 drivers_killed, 0.0 passengers_injured, 0.0 passengers_killed, 0.0 pedestrian_injured, 0.0 pedestrian_killed, Fair (Day), EDSA B. Serrano St. Caloocan",MMDA Road Safety Unit,,e2ef36ba-fcf5-4e89-8db0-82c2e077f8df,2016-02-13,04:30:00,EDSA B. Serrano St. Caloocan,0,0,0,0,0,0,0,0,0,0,2016-02-13 12:30,Property,14.65712586,120.9882927,Side Swipe
None,EDSA,None,None,"No Accident Factor, Side Swipe, 0.0 drivers_injured, 0.0 drivers_killed, 0.0 passengers_injured, 0.0 passengers_killed, 0.0 pedestrian_injured, 0.0 pedestrian_killed, Fair (Day), EDSA Gen. Tinio Caloocan",MMDA Road Safety Unit,,cf0bfd8a-de8a-4b22-8af5-255f2e2d73ae,2016-02-12,03:00:00,"EDSA ""U"" turn slot, Gen. Malvar St.  Caloocan",0,0,0,0,0,0,0,0,0,0,2016-02-12 11:00,Property,14.65727124,120.9902826,Side Swipe
None,EDSA,None,None,"No Accident Factor, Rear-end, 1.0 drivers_injured, 0.0 drivers_killed, 0.0 passengers_injured, 0.0 passengers_killed, 0.0 pedestrian_injured, 0.0 pedestrian_killed, Fair (Day), EDSA Gen. Malvar Caloocan",MMDA Road Safety Unit,,efd2ff5f-bde2-4da7-ad5d-978bcb02058a,2016-02-12,00:20:00,"EDSA ""U"" turn slot, A. De Jesus St.  Caloocan",0,0,0,1,0,0,0,0,0,1,2016-02-12 8:20,Injury,14.6573376,120.993091,Rear-End
None,EDSA,None,None,"No Accident Factor, Rear-end, 0.0 drivers_injured, 0.0 drivers_killed, 0.0 passengers_injured, 0.0 passengers_killed, 0.0 pedestrian_injured, 0.0 pedestrian_killed, Fair (Night), EDSA 8th St. Caloocan",MMDA Road Safety Unit,,a788af8e-3165-4ce1-9786-02425a8b8674,2016-02-11,16:40:00,EDSA Gen. Malvar St.  Caloocan,0,0,0,0,0,0,0,0,0,0,2016-02-12 0:40,Property,14.6571119,120.9903828,Rear-End
None,EDSA,None,None,"No Accident Factor, Rear-end, 0.0 drivers_injured, 0.0 drivers_killed, 0.0 passengers_injured, 0.0 passengers_killed, 0.0 pedestrian_injured, 0.0 pedestrian_killed, Fair (Night), EDSA Gen. Malvar Caloocan",MMDA Road Safety Unit,,06887867-4236-43d4-8dc5-4788c43612e0,2016-02-10,10:00:00,EDSA Gen. Simon St.  Caloocan,0,0,0,0,0,0,0,0,0,0,2016-02-10 18:00,Property,14.6573376,120.993091,Rear-End
None,EDSA,None,None,"No Accident Factor, Side Swipe, 0.0 drivers_injured, 0.0 drivers_killed, 0.0 passengers_injured, 0.0 passengers_killed, 0.0 pedestrian_injured, 0.0 pedestrian_killed, Fair (Day), EDSA A. De Jesus Caloocan",MMDA Road Safety Unit,,50267745-a91f-44c1-ad44-32bc5a1a65c4,2016-02-10,09:40:00,EDSA B. Serrano St. Caloocan,0,0,0,0,0,0,0,0,0,0,2016-02-10 17:40,Property,14.65712806,120.9903991,Side Swipe
None,EDSA,None,None,"No Accident Factor, Angle Impact, 0.0 drivers_injured, 0.0 drivers_killed, 0.0 passengers_injured, 0.0 passengers_killed, 0.0 pedestrian_injured, 0.0 pedestrian_killed, Fair (Night), EDSA Mariano Ponce St. Caloocan",MMDA Road Safety Unit,,a01c1737-a63d-4125-b840-2d03ba784f3c,2016-02-07,12:30:00,EDSA Gen. Malvar St.  Caloocan,0,0,0,0,0,0,0,0,0,0,2016-02-07 20:30,Property,14.65733139,120.9916808,Angle Impact
None,EDSA,None,None,"No Accident Factor, Side Swipe, 0.0 drivers_injured, 0.0 drivers_killed, 0.0 passengers_injured, 0.0 passengers_killed, 0.0 pedestrian_injured, 0.0 pedestrian_killed, Fair (Night), EDSA ""U"" turn slot, Gen. Tinio Caloocan",MMDA Road Safety Unit,,b1dd7de6-1853-4266-8548-ac2646c08e4e,2016-02-07,11:45:00,EDSA A. De Jesus St. Caloocan,0,0,0,0,0,0,0,0,0,0,2016-02-07 19:45,Property,14.65719112,120.9903884,Side Swipe
None,EDSA,None,None,"No Accident Factor, Hit and Run (Angle Impact), 1.0 drivers_injured, 0.0 drivers_killed, 0.0 passengers_injured, 0.0 passengers_killed, 0.0 pedestrian_injured, 0.0 pedestrian_killed, Fair (Day), EDSA A. De Jesus St. Caloocan",MMDA Road Safety Unit,,254f274a-f6a8-448d-97cd-41e4e6f0c43b,2016-02-07,08:30:00,EDSA B. Serrano St. Caloocan,0,0,0,1,0,0,0,0,0,1,2016-02-07 16:30,Injury,14.65712835,120.990432,Angle Impact
None,EDSA,None,None,"No Accident Factor, Rear-end, 0.0 drivers_injured, 0.0 drivers_killed, 0.0 passengers_injured, 0.0 passengers_killed, 0.0 pedestrian_injured, 0.0 pedestrian_killed, Fair (Day), EDSA J. Mariano St. Caloocan",MMDA Road Safety Unit,,cc633cb2-de66-4bfb-8c37-32c2efc73294,2016-02-06,04:00:00,"EDSA ""U"" turn slot, Gen. Tinio St. Caloocan",0,0,0,0,0,0,0,0,0,0,2016-02-06 12:00,Property,14.6571996,120.9986924,Rear-End
None,EDSA,None,None,"No Accident Factor, Rear-end, 0.0 drivers_injured, 0.0 drivers_killed, 0.0 passengers_injured, 0.0 passengers_killed, 0.0 pedestrian_injured, 0.0 pedestrian_killed, Fair (Night), EDSA ""U"" turn slot, Biglang-Awa Caloocan",MMDA Road Safety Unit,,861c16da-70a3-41a9-a165-c5439075295b,2016-02-05,10:30:00,EDSA Gen. Tinio St. Caloocan,0,0,0,0,0,0,0,0,0,0,2016-02-05 18:30,Property,14.65722663,120.9944194,Rear-End
None,EDSA,None,None,"No Accident Factor, Side Swipe, 0.0 drivers_injured, 0.0 drivers_killed, 0.0 passengers_injured, 0.0 passengers_killed, 0.0 pedestrian_injured, 0.0 pedestrian_killed, Fair (Day), EDSA B. Serrano St. Caloocan",MMDA Road Safety Unit,,421c23ac-5591-4868-a485-e7dd48007ae2,2016-02-05,03:30:00,EDSA Gen. Malvar St. Caloocan,0,0,0,0,0,0,0,0,0,0,2016-02-05 11:30,Property,14.65712586,120.9882927,Side Swipe
None,EDSA,None,None,"No Accident Factor, Side Swipe, 0.0 drivers_injured, 0.0 drivers_killed, 0.0 passengers_injured, 0.0 passengers_killed, 0.0 pedestrian_injured, 0.0 pedestrian_killed, Fair (Day), EDSA Concepcion St. Caloocan",MMDA Road Safety Unit,,1e0bcabc-b7c3-4f72-89b1-219698f177e3,2016-02-03,05:45:00,"EDSA ""U"" turn slot, Gen. Tinio St. Caloocan",0,0,0,0,0,0,0,0,0,0,2016-02-03 13:45,Property,14.65724272,120.9896158,Side Swipe
None,EDSA,None,None,"No Accident Factor, Side Swipe, 1.0 drivers_injured, 0.0 drivers_killed, 0.0 passengers_injured, 0.0 passengers_killed, 0.0 pedestrian_injured, 0.0 pedestrian_killed, Fair (Day), EDSA Benin St. Caloocan",MMDA Road Safety Unit,,9344fe44-9fba-4b68-9b1a-73a203d9f5ab,2016-02-02,22:50:00,"EDSA ""U"" turn slot, Gen. Tinio St. Caloocan",0,0,0,1,0,0,0,0,0,1,2016-02-03 6:50,Injury,14.65705691,120.9855172,Side Swipe
None,EDSA,None,None,"No Accident Factor, Angle Impact, 0.0 drivers_injured, 0.0 drivers_killed, 0.0 passengers_injured, 0.0 passengers_killed, 0.0 pedestrian_injured, 0.0 pedestrian_killed, Fair (Day), EDSA G. De Jesus St. Caloocan",MMDA Road Safety Unit,,f49aaaa6-89ef-45ae-9474-260afa8a9e50,2016-02-01,00:45:00,EDSA Malvar Caloocan,0,0,0,0,0,0,0,0,0,0,2016-02-01 8:45,Property,14.65744883,120.9978673,Angle Impact
None,EDSA,None,None,"No Accident Factor, Rear-end, 1.0 drivers_injured, 0.0 drivers_killed, 0.0 passengers_injured, 0.0 passengers_killed, 0.0 pedestrian_injured, 0.0 pedestrian_killed, Fair (Day), EDSA Biglang Awa Caloocan",MMDA Road Safety Unit,,1382aecd-24b1-41d1-8a73-3c8c8b342f29,2016-01-29,00:20:00,EDSA A. De Jesus St. Caloocan,0,0,0,1,0,0,0,0,0,1,2016-01-29 8:20,Injury,14.65719007,120.9944415,Rear-End
None,EDSA,None,None,"No Accident Factor, Rear-end, 0.0 drivers_injured, 0.0 drivers_killed, 0.0 passengers_injured, 0.0 passengers_killed, 0.0 pedestrian_injured, 0.0 pedestrian_killed, Fair (Day), EDSA Bonifacio Memorial Center Caloocan",MMDA Road Safety Unit,,705e2405-e65f-43e2-b1db-b0e7b405955a,2016-01-28,23:15:00,"EDSA ""U"" turn slot, Malvar St. Caloocan",0,0,0,0,0,0,0,0,0,0,2016-01-29 7:15,Property,14.65732796,120.9842086,Rear-End
None,EDSA,None,None,"No Accident Factor, Rear-end, 0.0 drivers_injured, 0.0 drivers_killed, 0.0 passengers_injured, 0.0 passengers_killed, 0.0 pedestrian_injured, 0.0 pedestrian_killed, Fair (Night), EDSA B. Serrano St. Caloocan",MMDA Road Safety Unit,,9aa76b63-aeca-4550-89e5-59a57e6101c6,2016-01-28,19:40:00,"EDSA ""U"" turn slot, Gen. Tinio St. Caloocan",0,0,0,0,0,0,0,0,0,0,2016-01-29 3:40,Property,14.65712586,120.9882927,Rear-End
None,EDSA,None,None,"No Accident Factor, Side Swipe, 0.0 drivers_injured, 0.0 drivers_killed, 0.0 passengers_injured, 0.0 passengers_killed, 0.0 pedestrian_injured, 0.0 pedestrian_killed, Fair (Night), EDSA Tandang Sora St.  Caloocan",MMDA Road Safety Unit,,0d80aad9-7877-4471-bcd5-e35eb98833aa,2016-01-28,14:00:00,EDSA Gen. Malvar St.  Caloocan,0,0,0,0,0,0,0,0,0,0,2016-01-28 22:00,Property,14.65736758,120.9940203,Side Swipe
None,EDSA,None,None,"No Accident Factor, Side Swipe, 0.0 drivers_injured, 0.0 drivers_killed, 0.0 passengers_injured, 0.0 passengers_killed, 0.0 pedestrian_injured, 0.0 pedestrian_killed, Fair (Night), EDSA Asuncion St.  Caloocan",MMDA Road Safety Unit,,9a84e4a5-7498-4d94-a1f1-20e9998c2605,2016-01-28,12:00:00,"EDSA ""U"" turn slot, Gen. Tinio St.  Caloocan",0,0,0,0,0,0,0,0,0,0,2016-01-28 20:00,Property,14.65727118,120.9876199,Side Swipe
None,EDSA,None,None,"No Accident Factor, Rear-end, 0.0 drivers_injured, 0.0 drivers_killed, 0.0 passengers_injured, 0.0 passengers_killed, 0.0 pedestrian_injured, 0.0 pedestrian_killed, Fair (Day), EDSA B. Serrano St. Caloocan",MMDA Road Safety Unit,,1f755361-5384-4c78-a67b-2a91e1ec2c0a,2016-01-28,09:00:00,EDSA Bonifacio Memorial Circle South Quadrant Caloocan,0,0,0,0,0,0,0,0,0,0,2016-01-28 17:00,Property,14.65712586,120.9882927,Rear-End
None,EDSA,None,None,"No Accident Factor, Rear-end, 0.0 drivers_injured, 0.0 drivers_killed, 0.0 passengers_injured, 0.0 passengers_killed, 0.0 pedestrian_injured, 0.0 pedestrian_killed, Fair (Night), EDSA Gen. Malvar Ave.  Caloocan",MMDA Road Safety Unit,,7246c7e0-9175-47ac-9e89-a6d1060d3a50,2016-01-27,16:30:00,EDSA A. De Jesus St. Caloocan,0,0,0,0,0,0,0,0,0,0,2016-01-28 0:30,Property,14.6573376,120.993091,Rear-End
None,EDSA,None,None,"No Accident Factor, Hit Object (No Object Stated), 0.0 drivers_injured, 0.0 drivers_killed, 0.0 passengers_injured, 0.0 passengers_killed, 0.0 pedestrian_injured, 0.0 pedestrian_killed, Fair (Day), EDSA B. Serrano St. Caloocan",MMDA Road Safety Unit,,bc3fbf82-2f77-4956-b0aa-79a0efb5c239,2016-01-27,01:00:00,EDSA Urbano Plata St.  Caloocan,0,0,0,0,0,0,0,0,0,0,2016-01-27 9:00,Property,14.65712586,120.9882927,Hit Object
None,EDSA,None,None,"No Accident Factor, Rear-end, 0.0 drivers_injured, 0.0 drivers_killed, 0.0 passengers_injured, 0.0 passengers_killed, 0.0 pedestrian_injured, 0.0 pedestrian_killed, Fair (Day), EDSA A. De Jesus St.  Caloocan",MMDA Road Safety Unit,,b7408ce6-46d8-4ab5-a6c1-3397878355b4,2016-01-23,04:00:00,EDSA A. De Jesus St. Caloocan,0,0,0,0,0,0,0,0,0,0,2016-01-23 12:00,Property,14.65709631,120.9904323,Rear-End
None,EDSA,None,None,"No Accident Factor, Side Swipe, 0.0 drivers_injured, 0.0 drivers_killed, 0.0 passengers_injured, 0.0 passengers_killed, 0.0 pedestrian_injured, 0.0 pedestrian_killed, Fair (Night), EDSA A. De Jesus St.  Caloocan",MMDA Road Safety Unit,,4a705bdb-fae7-41a0-861b-63330f4b171d,2016-01-21,10:35:00,EDSA B. Serrano St. Caloocan,0,0,0,0,0,0,0,0,0,0,2016-01-21 18:35,Property,14.65709631,120.9904323,Side Swipe
None,EDSA,None,None,"No Accident Factor, Rear-end, 0.0 drivers_injured, 0.0 drivers_killed, 0.0 passengers_injured, 0.0 passengers_killed, 0.0 pedestrian_injured, 0.0 pedestrian_killed, Fair (Day), EDSA B. Serrano St. Caloocan",MMDA Road Safety Unit,,bc9dd3f4-36ad-4192-a3c7-03ad8ca197c2,2016-01-20,09:40:00,EDSA Gen. Simon St.  Caloocan,0,0,0,0,0,0,0,0,0,0,2016-01-20 17:40,Property,14.65712586,120.9882927,Rear-End
None,EDSA,None,None,"No Accident Factor, Rear-end, 0.0 drivers_injured, 0.0 drivers_killed, 0.0 passengers_injured, 0.0 passengers_killed, 0.0 pedestrian_injured, 0.0 pedestrian_killed, Fair (Day), EDSA Gen. Malvar St.  Caloocan",MMDA Road Safety Unit,,d0b23c4d-b575-4d15-a866-316bf8811795,2016-01-20,02:45:00,"EDSA Biglang Awa, 94 Caloocan",0,0,0,0,0,0,0,0,0,0,2016-01-20 10:45,Property,14.6573376,120.993091,Rear-End
None,EDSA,None,None,"No Accident Factor, Rear-end, 0.0 drivers_injured, 0.0 drivers_killed, 0.0 passengers_injured, 0.0 passengers_killed, 0.0 pedestrian_injured, 0.0 pedestrian_killed, Fair (Day), EDSA Gen. Malvar Ave. (NB) Caloocan",MMDA Road Safety Unit,,33bcaac1-2c94-4274-bf03-eba863722467,2016-01-19,01:55:00,"EDSA Honda, 87 Caloocan",0,0,0,0,0,0,0,0,0,0,2016-01-19 9:55,Property,14.6573376,120.993091,Rear-End
None,EDSA,None,None,"No Accident Factor, Hit Object (No Object Stated), 0.0 drivers_injured, 0.0 drivers_killed, 0.0 passengers_injured, 0.0 passengers_killed, 0.0 pedestrian_injured, 0.0 pedestrian_killed, Fair (Night), EDSA Mariano Ponce Caloocan",MMDA Road Safety Unit,,7891302f-c568-41b2-9038-00de07978fa5,2016-01-17,11:00:00,EDSA Malvar Footbridge Caloocan,0,0,0,0,0,0,0,0,0,0,2016-01-17 19:00,Property,14.65733139,120.9916808,Hit Object
None,EDSA,None,None,"No Accident Factor, Rear-end, 0.0 drivers_injured, 0.0 drivers_killed, 0.0 passengers_injured, 0.0 passengers_killed, 0.0 pedestrian_injured, 0.0 pedestrian_killed, Fair (Day), EDSA Tandang Sora St.  Caloocan",MMDA Road Safety Unit,,cdd72089-9dd4-4eb8-8531-a57ac7053f1b,2016-01-15,05:15:00,EDSA Biglang Awa St. Caloocan,0,0,0,0,0,0,0,0,0,0,2016-01-15 13:15,Property,14.65736758,120.9940203,Rear-End
None,EDSA,None,None,"No Accident Factor, Rear-end, 0.0 drivers_injured, 0.0 drivers_killed, 0.0 passengers_injured, 0.0 passengers_killed, 0.0 pedestrian_injured, 0.0 pedestrian_killed, Fair (Day), EDSA Gen. Malvar St.  Caloocan",MMDA Road Safety Unit,,7f5234ae-a7b0-434d-9785-8a27d2ee5950,2016-01-14,01:55:00,EDSA Core Oil Gas Station Caloocan,0,0,0,0,0,0,0,0,0,0,2016-01-14 9:55,Property,14.6573376,120.993091,Rear-End
None,EDSA,None,None,"No Accident Factor, Side Swipe, 0.0 drivers_injured, 0.0 drivers_killed, 0.0 passengers_injured, 0.0 passengers_killed, 0.0 pedestrian_injured, 0.0 pedestrian_killed, Fair (Day), EDSA Gen. Malvar St.  Caloocan",MMDA Road Safety Unit,,92035a32-4e4a-423e-b70f-e4bed9456fd6,2016-01-13,07:45:00,EDSA A. De Jesus St. Caloocan,0,0,0,0,0,0,0,0,0,0,2016-01-13 15:45,Property,14.6573376,120.993091,Side Swipe
None,EDSA,None,None,"No Accident Factor, Side Swipe, 0.0 drivers_injured, 0.0 drivers_killed, 1.0 passengers_injured, 0.0 passengers_killed, 0.0 pedestrian_injured, 0.0 pedestrian_killed, Fair (Day), EDSA A. De Jesus St.  Caloocan",MMDA Road Safety Unit,,8a933a08-ab45-45b3-8892-e83926932448,2016-01-10,09:20:00,EDSA A. De Jesus St. Caloocan,0,0,0,0,1,0,0,0,0,1,2016-01-10 17:20,Injury,14.65709631,120.9904323,Side Swipe
None,EDSA,None,None,"No Accident Factor, Rear-end, 0.0 drivers_injured, 0.0 drivers_killed, 0.0 passengers_injured, 0.0 passengers_killed, 0.0 pedestrian_injured, 0.0 pedestrian_killed, Fair (Night), EDSA Bonifacio Memorial Center Caloocan",MMDA Road Safety Unit,,4c7ddde5-b77c-4ca3-a879-ffcaac010662,2016-01-08,15:30:00,EDSA B. Serrano St. Caloocan,0,0,0,0,0,0,0,0,0,0,2016-01-08 23:30,Property,14.65732796,120.9842086,Rear-End
None,EDSA,None,None,"No Accident Factor, Side Swipe, 1.0 drivers_injured, 0.0 drivers_killed, 0.0 passengers_injured, 0.0 passengers_killed, 0.0 pedestrian_injured, 0.0 pedestrian_killed, Fair (Day), EDSA Gen. Malvar St.  Caloocan",MMDA Road Safety Unit,,63c895f1-aeeb-4ce6-803e-0863f8a8c40e,2016-01-06,23:10:00,"EDSA Biglang Awa, 94 Caloocan",0,0,0,1,0,0,0,0,0,1,2016-01-07 7:10,Injury,14.6573376,120.993091,Side Swipe
None,EDSA,None,None,"No Accident Factor, Side Swipe, 0.0 drivers_injured, 0.0 drivers_killed, 0.0 passengers_injured, 0.0 passengers_killed, 0.0 pedestrian_injured, 0.0 pedestrian_killed, Fair (Day), EDSA Bonifacio Memorial Center Caloocan",MMDA Road Safety Unit,,969cf135-bfaa-4e44-9226-cebf43e7d3f2,2016-01-06,06:30:00,"EDSA ""U"" turn slot, Gen. Tinio St.  Caloocan",0,0,0,0,0,0,0,0,0,0,2016-01-06 14:30,Property,14.65732796,120.9842086,Side Swipe
None,EDSA,None,None,"No Accident Factor, Hit and Run (Angle Impact), 0.0 drivers_injured, 0.0 drivers_killed, 0.0 passengers_injured, 0.0 passengers_killed, 0.0 pedestrian_injured, 0.0 pedestrian_killed, Fair (Day), EDSA Gen. Tinio St.  Caloocan",MMDA Road Safety Unit,,0e001fb4-2f43-427e-b908-d4c4426d5ada,2016-01-06,05:00:00,EDSA B. Serrano St. Caloocan,0,0,0,0,0,0,0,0,0,0,2016-01-06 13:00,Property,14.65727124,120.9902826,Angle Impact
None,EDSA,None,None,"No Accident Factor, Side Swipe, 0.0 drivers_injured, 0.0 drivers_killed, 0.0 passengers_injured, 0.0 passengers_killed, 0.0 pedestrian_injured, 0.0 pedestrian_killed, Fair (Night), EDSA Asuncion St.  Caloocan",MMDA Road Safety Unit,,bfb1e9ab-2872-4c85-b7f1-6e1d744d023e,2016-01-04,15:45:00,EDSA 8th Ave. Caloocan,0,0,0,0,0,0,0,0,0,0,2016-01-04 23:45,Property,14.65727118,120.9876199,Side Swipe
None,EDSA,None,None,"No Accident Factor, Angle Impact, 0.0 drivers_injured, 0.0 drivers_killed, 0.0 passengers_injured, 0.0 passengers_killed, 0.0 pedestrian_injured, 0.0 pedestrian_killed, Fair (Day), EDSA Bonifacio Memorial Center Caloocan",MMDA Road Safety Unit,,6223eadf-9f74-4ac7-ad2c-724e70151602,2016-01-04,02:55:00,EDSA Gen. Tinio St.  Caloocan,0,0,0,0,0,0,0,0,0,0,2016-01-04 10:55,Property,14.65732796,120.9842086,Angle Impact
None,EDSA,None,None,"No Accident Factor, Hit and Run (Angle Impact), 0.0 drivers_injured, 0.0 drivers_killed, 0.0 passengers_injured, 0.0 passengers_killed, 0.0 pedestrian_injured, 0.0 pedestrian_killed, Fair (Day), EDSA Gen. Malvar St.  Caloocan",MMDA Road Safety Unit,,dc607ab4-cb74-422d-8e9a-66b333f399dd,2016-01-04,02:30:00,EDSA Gen. Simon St.  Caloocan,0,0,0,0,0,0,0,0,0,0,2016-01-04 10:30,Property,14.6573376,120.993091,Angle Impact
None,EDSA,None,None,"No Accident Factor, Hit and Run (Angle Impact), 0.0 drivers_injured, 0.0 drivers_killed, 0.0 passengers_injured, 0.0 passengers_killed, 0.0 pedestrian_injured, 0.0 pedestrian_killed, Fair (Day), EDSA Don Vicente Ang St. (EB) Caloocan",MMDA Road Safety Unit,,e0dfdad4-dbb2-4115-97a0-1566d0a6fc61,2015-12-27,05:45:00,EDSA B. Serrano St. Caloocan,0,0,0,0,0,0,0,0,0,0,2015-12-27 13:45,Property,14.65739378,120.9962782,Angle Impact
None,EDSA,None,None,"No Accident Factor, Side Swipe, 0.0 drivers_injured, 0.0 drivers_killed, 0.0 passengers_injured, 0.0 passengers_killed, 0.0 pedestrian_injured, 0.0 pedestrian_killed, Fair (Day), EDSA B. Serrano St.  Caloocan",MMDA Road Safety Unit,,ba480d8b-abb4-458f-8641-fd83b77ac4b5,2015-12-26,02:00:00,EDSA A. De Jesus St. Caloocan,0,0,0,0,0,0,0,0,0,0,2015-12-26 10:00,Property,14.65712586,120.9882927,Side Swipe
None,EDSA,None,None,"No Accident Factor, Side Swipe, 0.0 drivers_injured, 0.0 drivers_killed, 0.0 passengers_injured, 0.0 passengers_killed, 0.0 pedestrian_injured, 0.0 pedestrian_killed, Fair (Night), EDSA 8th St.  Caloocan",MMDA Road Safety Unit,,9aabfaff-171a-4240-ac4b-d2af6ea9d97c,2015-12-25,15:00:00,EDSA MCU Hospital  Caloocan,0,0,0,0,0,0,0,0,0,0,2015-12-25 23:00,Property,14.6571119,120.9903828,Side Swipe
None,EDSA,None,None,"No Accident Factor, Angle Impact, 0.0 drivers_injured, 0.0 drivers_killed, 0.0 passengers_injured, 0.0 passengers_killed, 0.0 pedestrian_injured, 0.0 pedestrian_killed, Fair (Day), EDSA ""U"" turn slot, Gen. Tinio St.  Caloocan",MMDA Road Safety Unit,,9ce9d162-0676-489e-a0d0-25c3ca807f8d,2015-12-24,05:00:00,EDSA Gen. Concepcion St. (BIR Bldg.) Caloocan,0,0,0,0,0,0,0,0,0,0,2015-12-24 13:00,Property,14.65719112,120.9903884,Angle Impact
None,EDSA,None,None,"No Accident Factor, Rear-end, 0.0 drivers_injured, 0.0 drivers_killed, 0.0 passengers_injured, 0.0 passengers_killed, 0.0 pedestrian_injured, 0.0 pedestrian_killed, Fair (Day), EDSA Gen. Tinio St.  Caloocan",MMDA Road Safety Unit,,ded17332-4300-4153-b3fd-b1abdcc45e51,2015-12-23,04:40:00,EDSA Gen. Tinio St.  Caloocan,0,0,0,0,0,0,0,0,0,0,2015-12-23 12:40,Property,14.65727124,120.9902826,Rear-End
None,EDSA,None,None,"No Accident Factor, Side Swipe, 0.0 drivers_injured, 0.0 drivers_killed, 0.0 passengers_injured, 0.0 passengers_killed, 0.0 pedestrian_injured, 0.0 pedestrian_killed, Fair (Night), EDSA ""U"" turn slot, Gen. Malvar St. Caloocan",MMDA Road Safety Unit,,8612876c-ae98-433a-a131-cc21ec35bbde,2015-12-19,20:00:00,EDSA D. Arellano St.  Caloocan,0,0,0,0,0,0,0,0,0,0,2015-12-20 4:00,Property,14.65722477,120.9930969,Side Swipe
None,EDSA,None,None,"No Accident Factor, Rear-end, 1.0 drivers_injured, 0.0 drivers_killed, 0.0 passengers_injured, 0.0 passengers_killed, 0.0 pedestrian_injured, 0.0 pedestrian_killed, Fair (Night), EDSA B. Serrano St.  Caloocan",MMDA Road Safety Unit,,57672141-65b1-4f16-a270-372008415a67,2015-12-19,10:30:00,EDSA Malvar St.  Caloocan,0,0,0,1,0,0,0,0,0,1,2015-12-19 18:30,Injury,14.65712586,120.9882927,Rear-End
None,EDSA,None,None,"No Accident Factor, Rear-end, 0.0 drivers_injured, 0.0 drivers_killed, 0.0 passengers_injured, 0.0 passengers_killed, 0.0 pedestrian_injured, 0.0 pedestrian_killed, Fair (Day), EDSA Asuncion St.  Caloocan",MMDA Road Safety Unit,,3bb1ec1f-fbe5-4ac2-ab53-7f6d10f1c282,2015-12-19,05:30:00,EDSA A. De Jesus St. Caloocan,0,0,0,0,0,0,0,0,0,0,2015-12-19 13:30,Property,14.65727118,120.9876199,Rear-End
None,EDSA,None,None,"No Accident Factor, Rear-end, 0.0 drivers_injured, 0.0 drivers_killed, 0.0 passengers_injured, 0.0 passengers_killed, 0.0 pedestrian_injured, 0.0 pedestrian_killed, Fair (Night), EDSA Asuncion St.  Caloocan",MMDA Road Safety Unit,,157cf079-b803-46ad-8c98-a012ae7719fa,2015-12-18,14:10:00,EDSA P. Aguilar St. Caloocan,0,0,0,0,0,0,0,0,0,0,2015-12-18 22:10,Property,14.65727118,120.9876199,Rear-End
None,EDSA,None,None,"No Accident Factor, Angle Impact, 0.0 drivers_injured, 0.0 drivers_killed, 0.0 passengers_injured, 0.0 passengers_killed, 0.0 pedestrian_injured, 0.0 pedestrian_killed, Fair (Day), EDSA Urbano Plata St.  Caloocan",MMDA Road Safety Unit,,26f439f6-a521-4979-9935-408b2760aa48,2015-12-18,04:15:00,EDSA Bonifacio Memorial Circle Caloocan,0,0,0,0,0,0,0,0,0,0,2015-12-18 12:15,Property,14.65714729,120.9926394,Angle Impact
None,EDSA,None,None,"No Accident Factor, Side Swipe, 0.0 drivers_injured, 0.0 drivers_killed, 0.0 passengers_injured, 0.0 passengers_killed, 0.0 pedestrian_injured, 0.0 pedestrian_killed, Fair (Night), EDSA Bonifacio Memorial Center Caloocan",MMDA Road Safety Unit,,7ce7793c-8f50-4569-8abb-e337195ced98,2015-12-17,15:30:00,EDSA Gen. Concepcion St. Caloocan,0,0,0,0,0,0,0,0,0,0,2015-12-17 23:30,Property,14.65732796,120.9842086,Side Swipe