LOCATION_TEXT,ROAD,WEATHER,LIGHT,DESC,REPORTING_AGENCY,MAIN_CAUSE,INCIDENTDETAILS_ID,DATE_UTC,TIME_UTC,ADDRESS,killed_driver,killed_passenger,killed_pedestrian,injured_driver,injured_passenger,injured_pedestrian,killed_uncategorized,injured_uncategorized,killed_total,injured_total,DATETIME_PST,SEVERITY,Y,X,COLLISION_TYPE
None,EDSA,None,None,"No Accident Factor, Side Swipe, 1.0 drivers_injured, 0.0 drivers_killed, 0.0 passengers_injured, 0.0 passengers_killed, 0.0 pedestrian_injured, 0.0 pedestrian_killed, Fair (Day), EDSA ""U"" turn slot (WB), Gen. Tinio St. Caloocan",MMDA Road Safety Unit,,6ec94520-a305-40ad-b0b4-c3dc3b92844e,2015-12-17,05:50:00,EDSA Gen. Concepcion St.  Caloocan,0,0,0,1,0,0,0,0,0,1,2015-12-17 13:50,Injury,14.6572565,120.9904309,Side Swipe
None,EDSA,None,None,"No Accident Factor, Side Swipe, 0.0 drivers_injured, 0.0 drivers_killed, 0.0 passengers_injured, 0.0 passengers_killed, 0.0 pedestrian_injured, 0.0 pedestrian_killed, Fair (Day), EDSA A. De Jesus St.  Caloocan",MMDA Road Safety Unit,,6ea584bf-c678-4434-99dd-8b35fa39c83c,2015-12-16,05:15:00,EDSA B. Serrano St. Caloocan,0,0,0,0,0,0,0,0,0,0,2015-12-16 13:15,Property,14.65709631,120.9904323,Side Swipe
None,EDSA,None,None,"No Accident Factor, Side Swipe, 0.0 drivers_injured, 0.0 drivers_killed, 0.0 passengers_injured, 0.0 passengers_killed, 0.0 pedestrian_injured, 0.0 pedestrian_killed, Fair (Night), EDSA Bonifacio Memorial Center Caloocan",MMDA Road Safety Unit,,96c4ea6f-9818-4dfe-ab3b-c88e47d83713,2015-12-15,11:25:00,EDSA Gen. Malvar St.  Caloocan,0,0,0,0,0,0,0,0,0,0,2015-12-15 19:25,Property,14.65732796,120.9842086,Side Swipe
None,EDSA,None,None,"No Accident Factor, Rear-end, 0.0 drivers_injured, 0.0 drivers_killed, 0.0 passengers_injured, 0.0 passengers_killed, 0.0 pedestrian_injured, 0.0 pedestrian_killed, Fair (Day), EDSA A. De Jesus St.  Caloocan",MMDA Road Safety Unit,,a6650598-71bf-4630-bef2-b572dd232ff8,2015-12-15,06:15:00,EDSA D. Arellano St. (WB) Caloocan,0,0,0,0,0,0,0,0,0,0,2015-12-15 14:15,Property,14.65709631,120.9904323,Rear-End
None,EDSA,None,None,"No Accident Factor, Side Swipe, 0.0 drivers_injured, 0.0 drivers_killed, 0.0 passengers_injured, 0.0 passengers_killed, 0.0 pedestrian_injured, 0.0 pedestrian_killed, Fair (Night), EDSA Biglang Awa St.  Caloocan",MMDA Road Safety Unit,,a8ca8d23-3eaf-4343-9af2-bc25560f5245,2015-12-13,12:00:00,"EDSA BIR, 138 Caloocan",0,0,0,0,0,0,0,0,0,0,2015-12-13 20:00,Property,14.65719007,120.9944415,Side Swipe
None,EDSA,None,None,"No Accident Factor, Side Swipe, 0.0 drivers_injured, 0.0 drivers_killed, 0.0 passengers_injured, 0.0 passengers_killed, 0.0 pedestrian_injured, 0.0 pedestrian_killed, Fair (Day), EDSA B. Serrano St.  Caloocan",MMDA Road Safety Unit,,41cebe76-bfd9-4b37-94a0-fb4b2f30024e,2015-12-12,07:00:00,"EDSA SSS Bldg., 94 Caloocan",0,0,0,0,0,0,0,0,0,0,2015-12-12 15:00,Property,14.65712586,120.9882927,Side Swipe
None,EDSA,None,None,"No Accident Factor, Side Swipe, 0.0 drivers_injured, 0.0 drivers_killed, 0.0 passengers_injured, 0.0 passengers_killed, 0.0 pedestrian_injured, 0.0 pedestrian_killed, Fair (Day), EDSA A. De Jesus St.  Caloocan",MMDA Road Safety Unit,,195ca864-4814-48f2-84b8-52740fffb026,2015-12-11,06:40:00,EDSA Biglang Awa Caloocan,0,0,0,0,0,0,0,0,0,0,2015-12-11 14:40,Property,14.65709631,120.9904323,Side Swipe
None,EDSA,None,None,"No Accident Factor, Hit Object (No Object Stated), 0.0 drivers_injured, 0.0 drivers_killed, 0.0 passengers_injured, 0.0 passengers_killed, 0.0 pedestrian_injured, 0.0 pedestrian_killed, Fair (Day), EDSA Gen. Tinio St.  Caloocan",MMDA Road Safety Unit,,5a775eaa-2090-4248-abc4-d1fe02e01a0c,2015-12-08,23:15:00,EDSA Tinio St.  Caloocan,0,0,0,0,0,0,0,0,0,0,2015-12-09 7:15,Property,14.65727124,120.9902826,Hit Object
None,EDSA,None,None,"No Accident Factor, Side Swipe, 0.0 drivers_injured, 0.0 drivers_killed, 0.0 passengers_injured, 0.0 passengers_killed, 0.0 pedestrian_injured, 0.0 pedestrian_killed, Fair (Night), EDSA Dr. Asuncion St.  Caloocan",MMDA Road Safety Unit,,06d3141e-02c1-4bfa-a4a3-addf2e7a2117,2015-12-08,10:00:00,EDSA Benin St. Caloocan,0,0,0,0,0,0,0,0,0,0,2015-12-08 18:00,Property,14.65724482,120.9876128,Side Swipe
None,EDSA,None,None,"No Accident Factor, Angle Impact, 1.0 drivers_injured, 0.0 drivers_killed, 0.0 passengers_injured, 0.0 passengers_killed, 0.0 pedestrian_injured, 0.0 pedestrian_killed, Fair (Night), EDSA A. De Jesus St.  Caloocan",MMDA Road Safety Unit,,c30542a4-13f9-4e89-b4e9-7262e0c71f63,2015-12-07,21:30:00,EDSA A. De Jesus St. Caloocan,0,0,0,1,0,0,0,0,0,1,2015-12-08 5:30,Injury,14.65709631,120.9904323,Angle Impact
None,EDSA,None,None,"No Accident Factor, Multiple Collision, 0.0 drivers_injured, 0.0 drivers_killed, 1.0 passengers_injured, 0.0 passengers_killed, 0.0 pedestrian_injured, 0.0 pedestrian_killed, Fair (Night), EDSA A. De Jesus St.  Caloocan",MMDA Road Safety Unit,,ac3fb35a-c182-4448-b92c-4f75a43e1c78,2015-12-07,11:00:00,EDSA B. Serrano St. Caloocan,0,0,0,0,1,0,0,0,0,1,2015-12-07 19:00,Injury,14.65709631,120.9904323,Multiple
None,EDSA,None,None,"No Accident Factor, Multiple Collision, 0.0 drivers_injured, 0.0 drivers_killed, 0.0 passengers_injured, 0.0 passengers_killed, 0.0 pedestrian_injured, 0.0 pedestrian_killed, Fair (Day), EDSA Tirona St., 128 Bagong Barrio Caloocan",MMDA Road Safety Unit,,34a64c01-73cc-4eed-8db6-f45bc55e36c1,2015-12-07,00:20:00,"EDSA Sogo Hotel, 81 Caloocan",0,0,0,0,0,0,0,0,0,0,2015-12-07 8:20,Property,14.65741027,120.9971107,Multiple
None,EDSA,None,None,"No Accident Factor, Side Swipe, 1.0 drivers_injured, 0.0 drivers_killed, 0.0 passengers_injured, 0.0 passengers_killed, 0.0 pedestrian_injured, 0.0 pedestrian_killed, Fair (Day), EDSA A. De Jesus St.  Caloocan",MMDA Road Safety Unit,,98a45e44-6326-4d72-8477-93d980cfc1de,2015-12-05,03:40:00,"EDSA ""U"" turn slot, A. De Jesus Caloocan",0,0,0,1,0,0,0,0,0,1,2015-12-05 11:40,Injury,14.65709631,120.9904323,Side Swipe
None,EDSA,None,None,"No Accident Factor, Side Swipe, 0.0 drivers_injured, 0.0 drivers_killed, 0.0 passengers_injured, 0.0 passengers_killed, 0.0 pedestrian_injured, 0.0 pedestrian_killed, Fair (Day), EDSA Malvar St.  Caloocan",MMDA Road Safety Unit,,27ab484b-c88b-4b69-a962-394dd67ace0e,2015-12-05,03:00:00,"EDSA ""U"" turn slot, Malvar St.  Caloocan",0,0,0,0,0,0,0,0,0,0,2015-12-05 11:00,Property,14.65729555,120.9930964,Side Swipe
None,EDSA,None,None,"No Accident Factor, Rear-end, 0.0 drivers_injured, 0.0 drivers_killed, 0.0 passengers_injured, 0.0 passengers_killed, 0.0 pedestrian_injured, 0.0 pedestrian_killed, Fair (Night), EDSA Bonifacio Memorial Center Caloocan",MMDA Road Safety Unit,,7472c243-86ad-4c9d-b8bb-9981f32e6010,2015-12-04,19:05:00,EDSA Gen. Tinio St.  Caloocan,0,0,0,0,0,0,0,0,0,0,2015-12-05 3:05,Property,14.65732796,120.9842086,Rear-End
None,EDSA,None,None,"No Accident Factor, Side Swipe, 0.0 drivers_injured, 0.0 drivers_killed, 0.0 passengers_injured, 0.0 passengers_killed, 0.0 pedestrian_injured, 0.0 pedestrian_killed, Fair (Night), EDSA Bonifacio Memorial Center Caloocan",MMDA Road Safety Unit,,f54eba16-0735-4773-bd83-19d2bf91d6a3,2015-12-04,14:00:00,EDSA Gen. Malvar St.  Caloocan,0,0,0,0,0,0,0,0,0,0,2015-12-04 22:00,Property,14.65732796,120.9842086,Side Swipe
None,EDSA,None,None,"No Accident Factor, Angle Impact, 0.0 drivers_injured, 0.0 drivers_killed, 0.0 passengers_injured, 0.0 passengers_killed, 0.0 pedestrian_injured, 0.0 pedestrian_killed, Fair (Day), EDSA Biglang Awa St.  Caloocan",MMDA Road Safety Unit,,5f17cb3d-aba5-4c71-9d3e-54cd81d640b5,2015-12-04,07:00:00,"EDSA MCU, Brgy. 84 Caloocan",0,0,0,0,0,0,0,0,0,0,2015-12-04 15:00,Property,14.65719007,120.9944415,Angle Impact
None,EDSA,None,None,"No Accident Factor, Rear-end, 0.0 drivers_injured, 0.0 drivers_killed, 0.0 passengers_injured, 0.0 passengers_killed, 0.0 pedestrian_injured, 0.0 pedestrian_killed, Fair (Day), EDSA B. Serrano St.  Caloocan",MMDA Road Safety Unit,,60c72843-3a35-4425-a1ba-beddda55b8e2,2015-12-02,04:40:00,"EDSA BIR, Brgy. 138 Caloocan",0,0,0,0,0,0,0,0,0,0,2015-12-02 12:40,Property,14.65712586,120.9882927,Rear-End
None,EDSA,None,None,"No Accident Factor, Side Swipe, 0.0 drivers_injured, 0.0 drivers_killed, 0.0 passengers_injured, 0.0 passengers_killed, 0.0 pedestrian_injured, 0.0 pedestrian_killed, Fair (Day), EDSA Urbano Plata St.  Caloocan",MMDA Road Safety Unit,,85c09ce6-72e4-4026-8402-e3847d1ba5bf,2015-12-02,00:00:00,"EDSA SSS, 138 Caloocan",0,0,0,0,0,0,0,0,0,0,2015-12-02 8:00,Property,14.65714729,120.9926394,Side Swipe
None,EDSA,None,None,"No Accident Factor, Hit Object (No Object Stated), 0.0 drivers_injured, 0.0 drivers_killed, 0.0 passengers_injured, 0.0 passengers_killed, 0.0 pedestrian_injured, 0.0 pedestrian_killed, Fair (Night), EDSA Gen. Simon St.  Caloocan",MMDA Road Safety Unit,,4f01aaaf-f478-443f-9acb-801ad8ef26f3,2015-12-01,19:30:00,EDSA SSS Caloocan,0,0,0,0,0,0,0,0,0,0,2015-12-02 3:30,Property,14.65727772,120.9854774,Hit Object
None,EDSA,None,None,"No Accident Factor, No Collision Stated (based on Police Blotter Book), 1.0 drivers_injured, 0.0 drivers_killed, 0.0 passengers_injured, 0.0 passengers_killed, 0.0 pedestrian_injured, 0.0 pedestrian_killed, Fair (Night), EDSA Malvar St.  Caloocan",MMDA Road Safety Unit,,e4c30d35-c4ca-4ed4-a2c9-bd3745c65b48,2015-12-01,12:00:00,EDSA Simon St. Caloocan,0,0,0,1,0,0,0,0,0,1,2015-12-01 20:00,Injury,14.65729555,120.9930964,No Collision Stated
None,EDSA,None,None,"No Accident Factor, Side Swipe, 0.0 drivers_injured, 0.0 drivers_killed, 0.0 passengers_injured, 0.0 passengers_killed, 0.0 pedestrian_injured, 0.0 pedestrian_killed, Fair (Day), EDSA B. Serrano St.  Caloocan",MMDA Road Safety Unit,,396774cd-d9f8-4691-9001-79d4b22c6132,2015-12-01,04:20:00,EDSA MCU Hospital  Caloocan,0,0,0,0,0,0,0,0,0,0,2015-12-01 12:20,Property,14.65712586,120.9882927,Side Swipe
None,EDSA,None,None,"No Accident Factor, Side Swipe, 1.0 drivers_injured, 0.0 drivers_killed, 0.0 passengers_injured, 0.0 passengers_killed, 0.0 pedestrian_injured, 0.0 pedestrian_killed, Fair (Day), EDSA Mariano Ponce St., 135 Caloocan",MMDA Road Safety Unit,,7fe38686-38d3-498a-a70a-2d1b9fdeba65,2015-11-29,01:00:00,"EDSA ""U"" turn slot, UCPB Caloocan",0,0,0,1,0,0,0,0,0,1,2015-11-29 9:00,Injury,14.65733139,120.9916808,Side Swipe
None,EDSA,None,None,"No Accident Factor, Rear-end, 0.0 drivers_injured, 0.0 drivers_killed, 0.0 passengers_injured, 0.0 passengers_killed, 0.0 pedestrian_injured, 0.0 pedestrian_killed, Fair (Day), EDSA A. De Jesus  Caloocan",MMDA Road Safety Unit,,13d0bcbe-3f5c-4a49-a724-271c5c4895cb,2015-11-24,03:00:00,EDSA Bonifacio Memorial Circle Caloocan,0,0,0,0,0,0,0,0,0,0,2015-11-24 11:00,Property,14.6570482,120.9904511,Rear-End
None,EDSA,None,None,"No Accident Factor, Rear-end, 0.0 drivers_injured, 0.0 drivers_killed, 0.0 passengers_injured, 0.0 passengers_killed, 0.0 pedestrian_injured, 0.0 pedestrian_killed, Fair (Day), EDSA J. Mariano St.  Caloocan",MMDA Road Safety Unit,,b9b2d18f-6760-475b-9229-762309f00145,2015-11-21,09:30:00,EDSA SSS Bldg. Caloocan,0,0,0,0,0,0,0,0,0,0,2015-11-21 17:30,Property,14.6571996,120.9986924,Rear-End
None,EDSA,None,None,"No Accident Factor, Side Swipe, 0.0 drivers_injured, 0.0 drivers_killed, 0.0 passengers_injured, 0.0 passengers_killed, 0.0 pedestrian_injured, 0.0 pedestrian_killed, Fair (Night), EDSA Bonifacio Memorial Circle  Caloocan",MMDA Road Safety Unit,,d04136de-a4c4-4a96-8c81-f8c9aec34323,2015-11-19,11:00:00,EDSA Gen. Malvar St.  Caloocan,0,0,0,0,0,0,0,0,0,0,2015-11-19 19:00,Property,14.65732796,120.9842086,Side Swipe
None,EDSA,None,None,"No Accident Factor, Hit and Run (Angle Impact), 0.0 drivers_injured, 0.0 drivers_killed, 0.0 passengers_injured, 0.0 passengers_killed, 0.0 pedestrian_injured, 0.0 pedestrian_killed, Fair (Day), EDSA B. Serrano St.  Caloocan",MMDA Road Safety Unit,,11dce2de-7354-4ea9-909c-5bbd89ff89e1,2015-11-19,04:05:00,EDSA B. Serrano St. (PNB) Caloocan,0,0,0,0,0,0,0,0,0,0,2015-11-19 12:05,Property,14.65712586,120.9882927,Angle Impact
None,EDSA,None,None,"No Accident Factor, Hit and Run (Angle Impact), 0.0 drivers_injured, 0.0 drivers_killed, 0.0 passengers_injured, 0.0 passengers_killed, 0.0 pedestrian_injured, 0.0 pedestrian_killed, Fair (Day), EDSA A. De Jesus Caloocan",MMDA Road Safety Unit,,4cef50f3-4bbe-47f4-a842-49453b5fddb9,2015-11-18,04:35:00,EDSA Gen. Tinio St.  Caloocan,0,0,0,0,0,0,0,0,0,0,2015-11-18 12:35,Property,14.65712806,120.9903991,Angle Impact
None,EDSA,None,None,"No Accident Factor, Hit Object (No Object Stated), 0.0 drivers_injured, 0.0 drivers_killed, 0.0 passengers_injured, 0.0 passengers_killed, 0.0 pedestrian_injured, 0.0 pedestrian_killed, Fair (Night), EDSA Bonifacio Memorial Circle  Caloocan",MMDA Road Safety Unit,,ec93b901-3c3d-4171-9dec-7d0adad10166,2015-11-17,15:20:00,"EDSA SSS Bldg., 85 Caloocan",0,0,0,0,0,0,0,0,0,0,2015-11-17 23:20,Property,14.65732796,120.9842086,Hit Object
None,EDSA,None,None,"No Accident Factor, Rear-end, 0.0 drivers_injured, 0.0 drivers_killed, 0.0 passengers_injured, 0.0 passengers_killed, 0.0 pedestrian_injured, 0.0 pedestrian_killed, Fair (Night), EDSA General Tinio St.  Caloocan",MMDA Road Safety Unit,,b8e9a7f2-02e2-4678-8876-5e317662c7ce,2015-11-17,15:15:00,EDSA Mitsubishi Motors Caloocan,0,0,0,0,0,0,0,0,0,0,2015-11-17 23:15,Property,14.65731831,120.990167,Rear-End
None,EDSA,None,None,"No Accident Factor, Side Swipe, 0.0 drivers_injured, 0.0 drivers_killed, 0.0 passengers_injured, 0.0 passengers_killed, 0.0 pedestrian_injured, 0.0 pedestrian_killed, Fair (Day), EDSA A. De Jesus St. Caloocan",MMDA Road Safety Unit,,0ef69c5a-590d-46d0-ad54-2dfd8257c46f,2015-11-16,09:25:00,EDSA A. De Jesus St. Caloocan,0,0,0,0,0,0,0,0,0,0,2015-11-16 17:25,Property,14.65712835,120.990432,Side Swipe
None,EDSA,None,None,"No Accident Factor, Angle Impact, 0.0 drivers_injured, 0.0 drivers_killed, 0.0 passengers_injured, 0.0 passengers_killed, 0.0 pedestrian_injured, 0.0 pedestrian_killed, Fair (Day), EDSA Biglang Awa St.  Caloocan",MMDA Road Safety Unit,,036db4f2-f68e-421e-b968-0c340720a607,2015-11-15,07:10:00,"EDSA ""U"" turn slot, SSS Caloocan",0,0,0,0,0,0,0,0,0,0,2015-11-15 15:10,Property,14.65719007,120.9944415,Angle Impact
None,EDSA,None,None,"No Accident Factor, Rear-end, 0.0 drivers_injured, 0.0 drivers_killed, 0.0 passengers_injured, 0.0 passengers_killed, 0.0 pedestrian_injured, 0.0 pedestrian_killed, Fair (Day), EDSA A. De Jesus  Caloocan",MMDA Road Safety Unit,,e23a826b-10dc-4558-b54f-f802f9075125,2015-11-14,03:45:00,"EDSA ""U"" turn slot, Gen. Tinio  Caloocan",0,0,0,0,0,0,0,0,0,0,2015-11-14 11:45,Property,14.6570482,120.9904511,Rear-End
None,EDSA,None,None,"No Accident Factor, Hit Object (No Object Stated), 0.0 drivers_injured, 0.0 drivers_killed, 0.0 passengers_injured, 0.0 passengers_killed, 0.0 pedestrian_injured, 0.0 pedestrian_killed, Fair (Day), EDSA General Evagelista St.  Caloocan",MMDA Road Safety Unit,,52871452-b40f-4034-9920-1b31ced99f07,2015-11-14,03:00:00,EDSA Benin Caloocan,0,0,0,0,0,0,0,0,0,0,2015-11-14 11:00,Property,14.6573968,120.9955475,Hit Object
None,EDSA,None,None,"No Accident Factor, Side Swipe, 0.0 drivers_injured, 0.0 drivers_killed, 0.0 passengers_injured, 0.0 passengers_killed, 0.0 pedestrian_injured, 0.0 pedestrian_killed, Fair (Night), EDSA General Mascardo St. (WB)  Caloocan",MMDA Road Safety Unit,,e12e4790-db8d-4728-a4d3-2abeebfcf6b1,2015-11-13,20:45:00,EDSA A. De Jesus St. Caloocan,0,0,0,0,0,0,0,0,0,0,2015-11-14 4:45,Property,14.65740686,120.9948562,Side Swipe
None,EDSA,None,None,"No Accident Factor, Rear-end, 0.0 drivers_injured, 0.0 drivers_killed, 0.0 passengers_injured, 0.0 passengers_killed, 0.0 pedestrian_injured, 0.0 pedestrian_killed, Fair (Night), EDSA B. Serrano St.  Caloocan",MMDA Road Safety Unit,,0afe5f22-45c7-49cb-880e-1238c3176c39,2015-11-13,15:30:00,EDSA B. Serrano St. Caloocan,0,0,0,0,0,0,0,0,0,0,2015-11-13 23:30,Property,14.65712586,120.9882927,Rear-End
None,EDSA,None,None,"No Accident Factor, Rear-end, 0.0 drivers_injured, 0.0 drivers_killed, 0.0 passengers_injured, 0.0 passengers_killed, 0.0 pedestrian_injured, 0.0 pedestrian_killed, Fair (Day), EDSA B. Serrano St.  Caloocan",MMDA Road Safety Unit,,470be7d2-fbac-42a3-95ed-c68a9416c2bd,2015-11-11,07:45:00,EDSA Gen. Tinio St.  Caloocan,0,0,0,0,0,0,0,0,0,0,2015-11-11 15:45,Property,14.65712586,120.9882927,Rear-End
None,EDSA,None,None,"No Accident Factor, Side Swipe, 0.0 drivers_injured, 0.0 drivers_killed, 0.0 passengers_injured, 0.0 passengers_killed, 0.0 pedestrian_injured, 0.0 pedestrian_killed, Fair (Day), EDSA General Tinio St.  Caloocan",MMDA Road Safety Unit,,1102698e-c8e4-44c6-9e92-5e94d5a280be,2015-11-10,01:20:00,EDSA Biglang Awa St.  Caloocan,0,0,0,0,0,0,0,0,0,0,2015-11-10 9:20,Property,14.65731831,120.990167,Side Swipe
None,EDSA,None,None,"No Accident Factor, Side Swipe, 0.0 drivers_injured, 0.0 drivers_killed, 0.0 passengers_injured, 0.0 passengers_killed, 0.0 pedestrian_injured, 0.0 pedestrian_killed, Fair (Day), EDSA B. Serrano St.  Caloocan",MMDA Road Safety Unit,,5a3ecfc2-7e6e-4ef9-a91f-a178dee9a876,2015-11-09,07:00:00,EDSA Tinio St.  Caloocan,0,0,0,0,0,0,0,0,0,0,2015-11-09 15:00,Property,14.65712586,120.9882927,Side Swipe
None,EDSA,None,None,"No Accident Factor, Side Swipe, 0.0 drivers_injured, 0.0 drivers_killed, 0.0 passengers_injured, 0.0 passengers_killed, 0.0 pedestrian_injured, 0.0 pedestrian_killed, Fair (Day), EDSA Tandang Sora  Caloocan",MMDA Road Safety Unit,,e49481ab-5aba-45b1-aa72-31ce2d87f39e,2015-11-09,02:00:00,"EDSA MCU, 84 Caloocan",0,0,0,0,0,0,0,0,0,0,2015-11-09 10:00,Property,14.65736758,120.9940203,Side Swipe
None,EDSA,None,None,"No Accident Factor, Angle Impact, 0.0 drivers_injured, 0.0 drivers_killed, 0.0 passengers_injured, 0.0 passengers_killed, 0.0 pedestrian_injured, 0.0 pedestrian_killed, Fair (Day), EDSA A. De Jesus St.  Caloocan",MMDA Road Safety Unit,,4218ff43-ea8b-4812-b92b-b7ca2eb43d06,2015-11-08,08:00:00,EDSA Bonifacio Memorial Circle Caloocan,0,0,0,0,0,0,0,0,0,0,2015-11-08 16:00,Property,14.65709631,120.9904323,Angle Impact
None,EDSA,None,None,"No Accident Factor, No Collision Stated (based on Police Blotter Book), 0.0 drivers_injured, 0.0 drivers_killed, 0.0 passengers_injured, 0.0 passengers_killed, 0.0 pedestrian_injured, 0.0 pedestrian_killed, Fair (Night), EDSA General Concepcion St.  Caloocan",MMDA Road Safety Unit,,696a645a-6011-4fcf-bcf8-0fd4020e0738,2015-11-07,13:20:00,EDSA A. De Jesus St. Caloocan,0,0,0,0,0,0,0,0,0,0,2015-11-07 21:20,Property,14.65729309,120.9909571,No Collision Stated
None,EDSA,None,None,"No Accident Factor, Hit Object (No Object Stated), 0.0 drivers_injured, 0.0 drivers_killed, 0.0 passengers_injured, 0.0 passengers_killed, 0.0 pedestrian_injured, 0.0 pedestrian_killed, Fair (Day), EDSA General Malvar    Caloocan",MMDA Road Safety Unit,,c483273b-a31c-4398-9e2a-df42f75fbfa0,2015-11-06,23:30:00,"EDSA ""U"" turn slot, Gen. Tinio St., 87 Caloocan",0,0,0,0,0,0,0,0,0,0,2015-11-07 7:30,Property,14.65735488,120.9932648,Hit Object
None,EDSA,None,None,"No Accident Factor, Side Swipe, 0.0 drivers_injured, 0.0 drivers_killed, 0.0 passengers_injured, 0.0 passengers_killed, 0.0 pedestrian_injured, 0.0 pedestrian_killed, Fair (Day), EDSA Evangelista St.  Caloocan",MMDA Road Safety Unit,,77b4b41c-83b4-4811-95e2-0fb00bea9179,2015-11-06,06:00:00,EDSA Bonifacio Memorial Circle Caloocan,0,0,0,0,0,0,0,0,0,0,2015-11-06 14:00,Property,14.65738064,120.9955312,Side Swipe
None,EDSA,None,None,"No Accident Factor, Side Swipe, 0.0 drivers_injured, 0.0 drivers_killed, 0.0 passengers_injured, 0.0 passengers_killed, 0.0 pedestrian_injured, 0.0 pedestrian_killed, Fair (Day), EDSA 8th St.  Caloocan",MMDA Road Safety Unit,,bb8ae627-c2f7-492f-b411-7bc370bdbda9,2015-11-06,06:00:00,EDSA Gen. Malvar St.  Caloocan,0,0,0,0,0,0,0,0,0,0,2015-11-06 14:00,Property,14.6571119,120.9903828,Side Swipe
None,EDSA,None,None,"No Accident Factor, Side Swipe, 0.0 drivers_injured, 0.0 drivers_killed, 1.0 passengers_injured, 0.0 passengers_killed, 0.0 pedestrian_injured, 0.0 pedestrian_killed, Fair (Night), EDSA General Tinio  Caloocan",MMDA Road Safety Unit,,4e58c5f7-6f13-49b9-afb2-58cb73ea3048,2015-11-05,20:00:00,EDSA Arellano St.  Caloocan,0,0,0,0,1,0,0,0,0,1,2015-11-06 4:00,Injury,14.65731831,120.990167,Side Swipe
None,EDSA,None,None,"No Accident Factor, Rear-end, 0.0 drivers_injured, 0.0 drivers_killed, 0.0 passengers_injured, 0.0 passengers_killed, 0.0 pedestrian_injured, 0.0 pedestrian_killed, Fair (Day), EDSA Malvar    Caloocan",MMDA Road Safety Unit,,ef730d28-f0d6-45e0-b52d-2a265af19ba5,2015-11-04,23:45:00,EDSA A. De Jesus St. Caloocan,0,0,0,0,0,0,0,0,0,0,2015-11-05 7:45,Property,14.65736,120.9932301,Rear-End
None,EDSA,None,None,"No Accident Factor, Rear-end, 0.0 drivers_injured, 0.0 drivers_killed, 0.0 passengers_injured, 0.0 passengers_killed, 0.0 pedestrian_injured, 0.0 pedestrian_killed, Fair (Day), EDSA General Tinio St. ""U"" utrn slot  Caloocan",MMDA Road Safety Unit,,8c44a9b1-4850-4f76-8f69-f62278ad4c6a,2015-11-04,02:00:00,EDSA A. De Jesus St. Caloocan,0,0,0,0,0,0,0,0,0,0,2015-11-04 10:00,Property,14.65727153,120.9903155,Rear-End
None,EDSA,None,None,"No Accident Factor, Rear-end, 1.0 drivers_injured, 0.0 drivers_killed, 0.0 passengers_injured, 0.0 passengers_killed, 0.0 pedestrian_injured, 0.0 pedestrian_killed, Fair (Night), EDSA General Tinio  Caloocan",MMDA Road Safety Unit,,6ac905d9-ac15-4b56-85ae-78c820667fc3,2015-11-03,19:45:00,EDSA A. De Jesus St. Caloocan,0,0,0,1,0,0,0,0,0,1,2015-11-04 3:45,Injury,14.65731831,120.990167,Rear-End
None,EDSA,None,None,"No Accident Factor, Hit and Run (Angle Impact), 0.0 drivers_injured, 0.0 drivers_killed, 0.0 passengers_injured, 0.0 passengers_killed, 0.0 pedestrian_injured, 0.0 pedestrian_killed, Fair (Night), EDSA General Tinio St.  Caloocan",MMDA Road Safety Unit,,0b5d70d8-d69e-476a-ab15-cb9f5be38526,2015-11-03,17:00:00,EDSA Bonifacio Memorial Center Caloocan,0,0,0,0,0,0,0,0,0,0,2015-11-04 1:00,Property,14.65731831,120.990167,Angle Impact
None,EDSA,None,None,"No Accident Factor, Rear-end, 0.0 drivers_injured, 0.0 drivers_killed, 0.0 passengers_injured, 0.0 passengers_killed, 0.0 pedestrian_injured, 0.0 pedestrian_killed, Fair (Day), EDSA Malvar (WB)  Caloocan",MMDA Road Safety Unit,,877cc8d1-a4e6-47cb-a1ca-2cbebfb0814f,2015-11-03,06:25:00,EDSA Malvar St.  Caloocan,0,0,0,0,0,0,0,0,0,0,2015-11-03 14:25,Property,14.65736,120.9932301,Rear-End
None,EDSA,None,None,"No Accident Factor, Angle Impact, 0.0 drivers_injured, 0.0 drivers_killed, 0.0 passengers_injured, 0.0 passengers_killed, 0.0 pedestrian_injured, 0.0 pedestrian_killed, Fair (Day), EDSA A. De Jesus St.  Caloocan",MMDA Road Safety Unit,,c5c0f6f7-8e80-40ed-ac65-904856148cb2,2015-11-03,00:15:00,EDSA MCU Caloocan,0,0,0,0,0,0,0,0,0,0,2015-11-03 8:15,Property,14.65709631,120.9904323,Angle Impact
None,EDSA,None,None,"No Accident Factor, Side Swipe, 0.0 drivers_injured, 0.0 drivers_killed, 0.0 passengers_injured, 0.0 passengers_killed, 0.0 pedestrian_injured, 0.0 pedestrian_killed, Fair (Day), EDSA B. Serrano St.  Caloocan",MMDA Road Safety Unit,,82dd7e4f-f4aa-49c9-b2de-80227b46c12f,2015-10-28,08:45:00,EDSA MCU Caloocan,0,0,0,0,0,0,0,0,0,0,2015-10-28 16:45,Property,14.65712586,120.9882927,Side Swipe
None,EDSA,None,None,"No Accident Factor, Side Swipe, 0.0 drivers_injured, 0.0 drivers_killed, 0.0 passengers_injured, 0.0 passengers_killed, 0.0 pedestrian_injured, 0.0 pedestrian_killed, Fair (Day), EDSA General Concepcion  Caloocan",MMDA Road Safety Unit,,e25c30c0-6f84-4008-8556-66b369beb0bc,2015-10-26,23:15:00,EDSA Gen. Malvar St.  Caloocan,0,0,0,0,0,0,0,0,0,0,2015-10-27 7:15,Property,14.65729309,120.9909571,Side Swipe
None,EDSA,None,None,"No Accident Factor, Rear-end, 0.0 drivers_injured, 0.0 drivers_killed, 0.0 passengers_injured, 0.0 passengers_killed, 0.0 pedestrian_injured, 0.0 pedestrian_killed, Fair (Day), EDSA A. De Jesus St.  Caloocan",MMDA Road Safety Unit,,6d307b64-12be-4b0c-ad54-439ec31ce452,2015-10-25,09:10:00,EDSA B. Serrano St.  Caloocan,0,0,0,0,0,0,0,0,0,0,2015-10-25 17:10,Property,14.65709631,120.9904323,Rear-End