LOCATION_TEXT,ROAD,WEATHER,LIGHT,DESC,REPORTING_AGENCY,MAIN_CAUSE,INCIDENTDETAILS_ID,DATE_UTC,TIME_UTC,ADDRESS,killed_driver,killed_passenger,killed_pedestrian,injured_driver,injured_passenger,injured_pedestrian,killed_uncategorized,injured_uncategorized,killed_total,injured_total,DATETIME_PST,SEVERITY,Y,X,COLLISION_TYPE
None,EDSA,None,None,"No Accident Factor, Side Swipe, 0.0 drivers_injured, 0.0 drivers_killed, 0.0 passengers_injured, 0.0 passengers_killed, 0.0 pedestrian_injured, 0.0 pedestrian_killed, Fair (Night), EDSA General Tinio St.  Caloocan",MMDA Road Safety Unit,,99a9ed62-9686-4625-8c01-e42aff548342,2015-10-24,18:00:00,EDSA J. Mariano St.  Caloocan,0,0,0,0,0,0,0,0,0,0,2015-10-25 2:00,Property,14.65731831,120.990167,Side Swipe
None,EDSA,None,None,"No Accident Factor, Rear-end, 0.0 drivers_injured, 0.0 drivers_killed, 0.0 passengers_injured, 0.0 passengers_killed, 0.0 pedestrian_injured, 0.0 pedestrian_killed, Fair (Day), EDSA F. Aguilar St.  Caloocan",MMDA Road Safety Unit,,9f3869b8-4efd-41f2-ba40-3085108cc783,2015-10-24,09:20:00,EDSA B. Serrano St.  Caloocan,0,0,0,0,0,0,0,0,0,0,2015-10-24 17:20,Property,14.65745266,120.9983116,Rear-End
None,EDSA,None,None,"No Accident Factor, Side Swipe, 0.0 drivers_injured, 0.0 drivers_killed, 0.0 passengers_injured, 0.0 passengers_killed, 0.0 pedestrian_injured, 0.0 pedestrian_killed, Fair (Night), EDSA B. Serrano  Caloocan",MMDA Road Safety Unit,,dd154357-e731-4487-8ca9-ee4adaea1edf,2015-10-23,13:00:00,EDSA Gen. Tinio St.  Caloocan,0,0,0,0,0,0,0,0,0,0,2015-10-23 21:00,Property,14.65709397,120.9883095,Side Swipe
None,EDSA,None,None,"No Accident Factor, Angle Impact, 2.0 drivers_injured, 0.0 drivers_killed, 0.0 passengers_injured, 0.0 passengers_killed, 0.0 pedestrian_injured, 0.0 pedestrian_killed, Fair (Day), EDSA General Tinio  Caloocan",MMDA Road Safety Unit,,829e0767-a95f-480c-9b71-7fcafaa1f131,2015-10-23,06:00:00,EDSA A. De Jesus St.  Caloocan,0,0,0,2,0,0,0,0,0,2,2015-10-23 14:00,Injury,14.65731831,120.990167,Angle Impact
None,EDSA,None,None,"No Accident Factor, Side Swipe, 0.0 drivers_injured, 0.0 drivers_killed, 0.0 passengers_injured, 0.0 passengers_killed, 0.0 pedestrian_injured, 0.0 pedestrian_killed, Fair (Night), EDSA General Tinio St.  Caloocan",MMDA Road Safety Unit,,1f29b157-07b0-44b7-8d7a-b8df09b85b2b,2015-10-22,10:15:00,EDSA MCU Caloocan,0,0,0,0,0,0,0,0,0,0,2015-10-22 18:15,Property,14.65731831,120.990167,Side Swipe
None,EDSA,None,None,"No Accident Factor, Side Swipe, 0.0 drivers_injured, 0.0 drivers_killed, 0.0 passengers_injured, 0.0 passengers_killed, 0.0 pedestrian_injured, 0.0 pedestrian_killed, Fair (Night), EDSA B. Serrano  Caloocan",MMDA Road Safety Unit,,e7703d67-846f-4f0b-8144-525f65061a03,2015-10-21,10:50:00,EDSA Honda Motors Caloocan,0,0,0,0,0,0,0,0,0,0,2015-10-21 18:50,Property,14.65709397,120.9883095,Side Swipe
None,EDSA,None,None,"No Accident Factor, Rear-end, 0.0 drivers_injured, 0.0 drivers_killed, 0.0 passengers_injured, 0.0 passengers_killed, 0.0 pedestrian_injured, 0.0 pedestrian_killed, Fair (Day), EDSA Bonifacio Memorial Circle  Caloocan",MMDA Road Safety Unit,,fe5ad7de-5306-468d-9881-88a9d61fc57b,2015-10-19,09:30:00,EDSA MCU Caloocan,0,0,0,0,0,0,0,0,0,0,2015-10-19 17:30,Property,14.65732796,120.9842086,Rear-End
None,EDSA,None,None,"No Accident Factor, Side Swipe, 0.0 drivers_injured, 0.0 drivers_killed, 0.0 passengers_injured, 0.0 passengers_killed, 0.0 pedestrian_injured, 0.0 pedestrian_killed, Fair (Night), EDSA Bonifacio Memorial Circle  Caloocan",MMDA Road Safety Unit,,d806565b-91ec-41dd-a72b-8fc4583b4aa0,2015-10-17,16:30:00,EDSA A. De Jesus St.  Caloocan,0,0,0,0,0,0,0,0,0,0,2015-10-18 0:30,Property,14.65732796,120.9842086,Side Swipe
None,EDSA,None,None,"No Accident Factor, Rear-end, 1.0 drivers_injured, 0.0 drivers_killed, 0.0 passengers_injured, 0.0 passengers_killed, 0.0 pedestrian_injured, 0.0 pedestrian_killed, Fair (Day), EDSA A. De Jesus St. Caloocan",MMDA Road Safety Unit,,22a510fd-248c-4f6d-b367-63bc6bc87972,2015-10-17,01:45:00,EDSA A. De Jesus St.  Caloocan,0,0,0,1,0,0,0,0,0,1,2015-10-17 9:45,Injury,14.65712835,120.990432,Rear-End
None,EDSA,None,None,"No Accident Factor, Side Swipe, 1.0 drivers_injured, 0.0 drivers_killed, 0.0 passengers_injured, 0.0 passengers_killed, 0.0 pedestrian_injured, 0.0 pedestrian_killed, Fair (Night), EDSA B. Serrano St.  Caloocan",MMDA Road Safety Unit,,ebaeacaa-5bd0-48ac-a749-35ee29b69741,2015-10-16,12:00:00,EDSA B. Serrano St.  Caloocan,0,0,0,1,0,0,0,0,0,1,2015-10-16 20:00,Injury,14.65712586,120.9882927,Side Swipe
None,EDSA,None,None,"No Accident Factor, Side Swipe, 0.0 drivers_injured, 0.0 drivers_killed, 0.0 passengers_injured, 0.0 passengers_killed, 0.0 pedestrian_injured, 0.0 pedestrian_killed, Fair (Day), EDSA Asuncion St.  Caloocan",MMDA Road Safety Unit,,68b2b16a-6907-4c22-96a3-cbff162b4fd2,2015-10-16,09:30:00,EDSA Bonifacio Memorial Center Caloocan,0,0,0,0,0,0,0,0,0,0,2015-10-16 17:30,Property,14.65727118,120.9876199,Side Swipe
None,EDSA,None,None,"No Accident Factor, Rear-end, 0.0 drivers_injured, 0.0 drivers_killed, 0.0 passengers_injured, 0.0 passengers_killed, 0.0 pedestrian_injured, 0.0 pedestrian_killed, Fair (Day), EDSA Gen. Concepcion  Caloocan",MMDA Road Safety Unit,,daccc195-0efe-4a59-a46e-760ba8ff9537,2015-10-16,00:15:00,EDSA MCU Caloocan,0,0,0,0,0,0,0,0,0,0,2015-10-16 8:15,Property,14.65732528,120.9909733,Rear-End
None,EDSA,None,None,"No Accident Factor, Side Swipe, 0.0 drivers_injured, 0.0 drivers_killed, 0.0 passengers_injured, 0.0 passengers_killed, 0.0 pedestrian_injured, 0.0 pedestrian_killed, Fair (Day), EDSA A. De Jesus ""U"" turn slot  Caloocan",MMDA Road Safety Unit,,bc0259e2-5396-4fee-ba46-0aa464be1960,2015-10-15,05:30:00,EDSA G. De Jesus St.  Caloocan,0,0,0,0,0,0,0,0,0,0,2015-10-15 13:30,Property,14.65717922,120.9903947,Side Swipe
None,EDSA,None,None,"No Accident Factor, Rear-end, 0.0 drivers_injured, 0.0 drivers_killed, 0.0 passengers_injured, 0.0 passengers_killed, 0.0 pedestrian_injured, 0.0 pedestrian_killed, Fair (Day), EDSA General Malvar St.  Caloocan",MMDA Road Safety Unit,,937b22dc-6c01-4b6b-97c5-7b8adca81a0d,2015-10-14,05:30:00,EDSA Bonifacio Memorial Center Caloocan,0,0,0,0,0,0,0,0,0,0,2015-10-14 13:30,Property,14.65735488,120.9932648,Rear-End
None,EDSA,None,None,"No Accident Factor, Rear-end, 0.0 drivers_injured, 0.0 drivers_killed, 0.0 passengers_injured, 0.0 passengers_killed, 0.0 pedestrian_injured, 0.0 pedestrian_killed, Fair (Day), EDSA General Malvar St. ""U"" turn slot Caloocan",MMDA Road Safety Unit,,ac1ab15a-fae3-4254-baea-a58b6ce66dc6,2015-10-13,02:15:00,EDSA B. Serrano St.  Caloocan,0,0,0,0,0,0,0,0,0,0,2015-10-13 10:15,Property,14.65723385,120.993094,Rear-End
None,EDSA,None,None,"No Accident Factor, Rear-end, 0.0 drivers_injured, 0.0 drivers_killed, 0.0 passengers_injured, 0.0 passengers_killed, 0.0 pedestrian_injured, 0.0 pedestrian_killed, Fair (Day), EDSA G. De Jesus St.  Caloocan",MMDA Road Safety Unit,,b0685e90-15d3-41bc-9ea3-016e6ab3a3e5,2015-10-13,00:55:00,"EDSA ""U"" turn slot, SSS Caloocan",0,0,0,0,0,0,0,0,0,0,2015-10-13 8:55,Property,14.65744883,120.9978673,Rear-End
None,EDSA,None,None,"No Accident Factor, Rear-end, 0.0 drivers_injured, 0.0 drivers_killed, 0.0 passengers_injured, 0.0 passengers_killed, 0.0 pedestrian_injured, 0.0 pedestrian_killed, Fair (Day), EDSA Urbano Plata St.  Caloocan",MMDA Road Safety Unit,,3edbae20-4d60-408d-a588-d95d9da9c2e3,2015-10-11,05:00:00,"EDSA ""U"" turn slot, Malvar St.  Caloocan",0,0,0,0,0,0,0,0,0,0,2015-10-11 13:00,Property,14.65714729,120.9926394,Rear-End
None,EDSA,None,None,"No Accident Factor, Side Swipe, 0.0 drivers_injured, 0.0 drivers_killed, 0.0 passengers_injured, 0.0 passengers_killed, 0.0 pedestrian_injured, 0.0 pedestrian_killed, Fair (Night), EDSA General Tirona Caloocan",MMDA Road Safety Unit,,1927b72f-05a2-4675-bd42-ca64baf79314,2015-10-09,12:00:00,EDSA MCU Caloocan,0,0,0,0,0,0,0,0,0,0,2015-10-09 20:00,Property,14.65742615,120.9970941,Side Swipe
None,EDSA,None,None,"No Accident Factor, Hit Object (No Object Stated), 0.0 drivers_injured, 0.0 drivers_killed, 0.0 passengers_injured, 0.0 passengers_killed, 0.0 pedestrian_injured, 0.0 pedestrian_killed, Fair (Day), EDSA Bonifacio Memorial Circle  Caloocan",MMDA Road Safety Unit,,10cfdd79-f2f2-4da5-9afc-6088ee087fdd,2015-10-09,07:35:00,EDSA B. Serrano St.  Caloocan,0,0,0,0,0,0,0,0,0,0,2015-10-09 15:35,Property,14.65732796,120.9842086,Hit Object
None,EDSA,None,None,"No Accident Factor, Side Swipe, 0.0 drivers_injured, 0.0 drivers_killed, 0.0 passengers_injured, 0.0 passengers_killed, 0.0 pedestrian_injured, 0.0 pedestrian_killed, Fair (Night), EDSA Bonifacio Memorial Circle  Caloocan",MMDA Road Safety Unit,,fdf0468f-60e5-4575-9615-52461fef915f,2015-10-08,11:10:00,EDSA MCU Caloocan,0,0,0,0,0,0,0,0,0,0,2015-10-08 19:10,Property,14.65732796,120.9842086,Side Swipe
None,EDSA,None,None,"No Accident Factor, Side Swipe, 0.0 drivers_injured, 0.0 drivers_killed, 0.0 passengers_injured, 0.0 passengers_killed, 0.0 pedestrian_injured, 0.0 pedestrian_killed, Fair (Night), EDSA Bonifacio Memorial Circle Caloocan",MMDA Road Safety Unit,,be63cb70-d24b-4733-a651-43069bea8ae9,2015-10-02,18:30:00,EDSA B. Serrano St.  Caloocan,0,0,0,0,0,0,0,0,0,0,2015-10-03 2:30,Property,14.65732796,120.9842086,Side Swipe
None,EDSA,None,None,"No Accident Factor, Side Swipe, 0.0 drivers_injured, 0.0 drivers_killed, 0.0 passengers_injured, 0.0 passengers_killed, 0.0 pedestrian_injured, 0.0 pedestrian_killed, Fair (Night), EDSA Gen. Simon St.  Caloocan",MMDA Road Safety Unit,,b4db6ca9-9ea6-4be0-a290-4b754bbb6409,2015-10-01,12:00:00,EDSA B. Serrano St.  Caloocan,0,0,0,0,0,0,0,0,0,0,2015-10-01 20:00,Property,14.65727772,120.9854774,Side Swipe
None,EDSA,None,None,"No Accident Factor, Side Swipe, 0.0 drivers_injured, 0.0 drivers_killed, 0.0 passengers_injured, 0.0 passengers_killed, 0.0 pedestrian_injured, 0.0 pedestrian_killed, Fair (Day), EDSA ""U"" turn slot, Gen. Malvar St.  Caloocan",MMDA Road Safety Unit,,caba0a4e-3789-4044-bd22-134645e3f1a1,2015-10-01,03:50:00,EDSA Bonifacio Memorial Circle Caloocan,0,0,0,0,0,0,0,0,0,0,2015-10-01 11:50,Property,14.65722477,120.9930969,Side Swipe
None,EDSA,None,None,"No Accident Factor, Rear-end, 0.0 drivers_injured, 0.0 drivers_killed, 0.0 passengers_injured, 0.0 passengers_killed, 0.0 pedestrian_injured, 0.0 pedestrian_killed, Fair (Day), EDSA 8th St.  Caloocan",MMDA Road Safety Unit,,07757f86-14f2-4f8c-b97c-95feb88a68ca,2015-09-29,06:00:00,EDSA Eastwest Bank Caloocan,0,0,0,0,0,0,0,0,0,0,2015-09-29 14:00,Property,14.6571119,120.9903828,Rear-End
None,EDSA,None,None,"No Accident Factor, Rear-end, 0.0 drivers_injured, 0.0 drivers_killed, 0.0 passengers_injured, 0.0 passengers_killed, 0.0 pedestrian_injured, 0.0 pedestrian_killed, Fair (Day), EDSA A. De Jesus St. Caloocan",MMDA Road Safety Unit,,fd239308-2eab-46bf-9b65-9df7fb35ba0b,2015-09-29,01:20:00,"EDSA U-turn slot, SSS Building Caloocan",0,0,0,0,0,0,0,0,0,0,2015-09-29 9:20,Property,14.65712835,120.990432,Rear-End
None,EDSA,None,None,"No Accident Factor, Side Swipe, 0.0 drivers_injured, 0.0 drivers_killed, 0.0 passengers_injured, 0.0 passengers_killed, 0.0 pedestrian_injured, 0.0 pedestrian_killed, Fair (Night), EDSA A. De Jesus St. Caloocan",MMDA Road Safety Unit,,3b174f08-a418-4e94-bd7a-a19eb2f13a21,2015-09-26,14:45:00,EDSA 8th St.  Caloocan,0,0,0,0,0,0,0,0,0,0,2015-09-26 22:45,Property,14.65712835,120.990432,Side Swipe
None,EDSA,None,None,"No Accident Factor, Rear-end, 0.0 drivers_injured, 0.0 drivers_killed, 0.0 passengers_injured, 0.0 passengers_killed, 0.0 pedestrian_injured, 0.0 pedestrian_killed, Fair (Night), EDSA Bonifacio Memorial Circle Caloocan",MMDA Road Safety Unit,,439a9340-2070-4f0c-adda-0f15f308974a,2015-09-24,12:40:00,EDSA A. De Jesus St.  Caloocan,0,0,0,0,0,0,0,0,0,0,2015-09-24 20:40,Property,14.65732796,120.9842086,Rear-End
None,EDSA,None,None,"No Accident Factor, Side Swipe, 0.0 drivers_injured, 0.0 drivers_killed, 0.0 passengers_injured, 0.0 passengers_killed, 0.0 pedestrian_injured, 0.0 pedestrian_killed, Fair (Day), EDSA B. Serrano St.  Caloocan",MMDA Road Safety Unit,,7c0a6aa6-cc7c-4c77-8602-bc6e36534625,2015-09-24,05:15:00,"EDSA Gen. Malvar ""U"" turn slot  Caloocan",0,0,0,0,0,0,0,0,0,0,2015-09-24 13:15,Property,14.65712586,120.9882927,Side Swipe
None,EDSA,None,None,"No Accident Factor, Side Swipe, 0.0 drivers_injured, 0.0 drivers_killed, 0.0 passengers_injured, 0.0 passengers_killed, 0.0 pedestrian_injured, 0.0 pedestrian_killed, Fair (Day), EDSA A. De Jesus St. Caloocan",MMDA Road Safety Unit,,c9b611f1-e121-4259-971d-ddb3e1bf3160,2015-09-23,07:00:00,EDSA Gen. Simon St.  Caloocan,0,0,0,0,0,0,0,0,0,0,2015-09-23 15:00,Property,14.65712835,120.990432,Side Swipe
None,EDSA,None,None,"No Accident Factor, Side Swipe, 0.0 drivers_injured, 0.0 drivers_killed, 0.0 passengers_injured, 0.0 passengers_killed, 0.0 pedestrian_injured, 0.0 pedestrian_killed, Fair (Night), EDSA B. Serrano St. Caloocan",MMDA Road Safety Unit,,fe3fdd3f-6c86-4f5d-85fb-2bbc05e31d61,2015-09-22,11:00:00,EDSA Biglang Awa Caloocan,0,0,0,0,0,0,0,0,0,0,2015-09-22 19:00,Property,14.65712586,120.9882927,Side Swipe
None,EDSA,None,None,"No Accident Factor, Angle Impact, 2.0 drivers_injured, 0.0 drivers_killed, 0.0 passengers_injured, 0.0 passengers_killed, 0.0 pedestrian_injured, 0.0 pedestrian_killed, Fair (Day), EDSA Gen. Malvar St.  Caloocan",MMDA Road Safety Unit,,43226e05-e03b-4980-8584-698ae85f52d0,2015-09-22,00:00:00,EDSA Biglang Awa Caloocan,0,0,0,2,0,0,0,0,0,2,2015-09-22 8:00,Injury,14.6573376,120.993091,Angle Impact
None,EDSA,None,None,"No Accident Factor, Side Swipe, 0.0 drivers_injured, 0.0 drivers_killed, 0.0 passengers_injured, 0.0 passengers_killed, 0.0 pedestrian_injured, 0.0 pedestrian_killed, Fair (Night), EDSA Gen. Malvar St.  Caloocan",MMDA Road Safety Unit,,8471909e-14e5-45bf-8bac-7539ba6c5bdc,2015-09-20,18:00:00,EDSA SSS Bldg.  Caloocan,0,0,0,0,0,0,0,0,0,0,2015-09-21 2:00,Property,14.6573376,120.993091,Side Swipe
None,EDSA,None,None,"No Accident Factor, Rear-end, 0.0 drivers_injured, 0.0 drivers_killed, 0.0 passengers_injured, 0.0 passengers_killed, 0.0 pedestrian_injured, 0.0 pedestrian_killed, Fair (Day), EDSA Gen. Malvar St.  Caloocan",MMDA Road Safety Unit,,617df5a5-b789-44a3-b319-8e5c9644814b,2015-09-19,01:30:00,"EDSA ""U"" turn slot, A. De Jesus St.  Caloocan",0,0,0,0,0,0,0,0,0,0,2015-09-19 9:30,Property,14.6573376,120.993091,Rear-End
None,EDSA,None,None,"No Accident Factor, Rear-end, 0.0 drivers_injured, 0.0 drivers_killed, 0.0 passengers_injured, 0.0 passengers_killed, 0.0 pedestrian_injured, 0.0 pedestrian_killed, Fair (Day), EDSA Gen. Evangelista St., 138 Caloocan",MMDA Road Safety Unit,,3b7c4eb4-eee1-498b-9260-5f88c5a5716a,2015-09-17,08:10:00,EDSA Bonifacio Memorial Circle  Caloocan,0,0,0,0,0,0,0,0,0,0,2015-09-17 16:10,Property,14.65738149,120.9956299,Rear-End
None,EDSA,None,None,"No Accident Factor, Hit and Run (Angle Impact), 0.0 drivers_injured, 0.0 drivers_killed, 0.0 passengers_injured, 0.0 passengers_killed, 0.0 pedestrian_injured, 0.0 pedestrian_killed, Fair (Day), EDSA ""U"" turn slot, Malvar St., 138 Caloocan",MMDA Road Safety Unit,,357f22d9-1623-4695-99cd-c47e676bc476,2015-09-16,22:35:00,EDSA Malvar St.  Caloocan,0,0,0,0,0,0,0,0,0,0,2015-09-17 6:35,Property,14.65723423,120.9930566,Angle Impact
None,EDSA,None,None,"No Accident Factor, Side Swipe, 0.0 drivers_injured, 0.0 drivers_killed, 0.0 passengers_injured, 0.0 passengers_killed, 0.0 pedestrian_injured, 0.0 pedestrian_killed, Fair (Day), EDSA Arellano St.  Caloocan",MMDA Road Safety Unit,,5bda8a1e-3c92-4120-be8c-5e518b9c462b,2015-09-16,05:50:00,EDSA A. De Jesus St.  Caloocan,0,0,0,0,0,0,0,0,0,0,2015-09-16 13:50,Property,14.65731237,120.9923839,Side Swipe
None,EDSA,None,None,"No Accident Factor, Rear-end, 0.0 drivers_injured, 0.0 drivers_killed, 0.0 passengers_injured, 0.0 passengers_killed, 0.0 pedestrian_injured, 0.0 pedestrian_killed, Fair (Night), EDSA Mariano Ponce St.  Caloocan",MMDA Road Safety Unit,,675cf010-ee57-40a9-bc95-a04a9f9d2745,2015-09-15,21:00:00,EDSA B. Serrano St.  Caloocan,0,0,0,0,0,0,0,0,0,0,2015-09-16 5:00,Property,14.65733139,120.9916808,Rear-End
None,EDSA,None,None,"No Accident Factor, Rear-end, 0.0 drivers_injured, 0.0 drivers_killed, 0.0 passengers_injured, 0.0 passengers_killed, 0.0 pedestrian_injured, 0.0 pedestrian_killed, Fair (Night), EDSA A. De Jesus St. Caloocan",MMDA Road Safety Unit,,a6dc81d0-fe93-41e3-9f9c-c17320a54af1,2015-09-12,14:35:00,EDSA A. De Jesus St.  Caloocan,0,0,0,0,0,0,0,0,0,0,2015-09-12 22:35,Property,14.65712835,120.990432,Rear-End
None,EDSA,None,None,"No Accident Factor, Side Swipe, 0.0 drivers_injured, 0.0 drivers_killed, 0.0 passengers_injured, 0.0 passengers_killed, 0.0 pedestrian_injured, 0.0 pedestrian_killed, Fair (Day), EDSA A. De Jesus St. Caloocan",MMDA Road Safety Unit,,c2a59eb6-9cb3-49bc-a13d-04908d36582c,2015-09-09,04:25:00,EDSA A. De Jesus St.  Caloocan,0,0,0,0,0,0,0,0,0,0,2015-09-09 12:25,Property,14.65712835,120.990432,Side Swipe
None,EDSA,None,None,"No Accident Factor, Side Swipe, 0.0 drivers_injured, 0.0 drivers_killed, 0.0 passengers_injured, 0.0 passengers_killed, 0.0 pedestrian_injured, 0.0 pedestrian_killed, Fair (Day), EDSA Arellano St.  Caloocan",MMDA Road Safety Unit,,68f4cd20-38a7-47b2-8410-619b66e9c908,2015-09-08,23:20:00,"EDSA ""U"" turn slot (SSS Bldg.) Caloocan",0,0,0,0,0,0,0,0,0,0,2015-09-09 7:20,Property,14.65731237,120.9923839,Side Swipe
None,EDSA,None,None,"No Accident Factor, Side Swipe, 0.0 drivers_injured, 0.0 drivers_killed, 0.0 passengers_injured, 0.0 passengers_killed, 0.0 pedestrian_injured, 0.0 pedestrian_killed, Fair (Day), EDSA Arellano St.  Caloocan",MMDA Road Safety Unit,,32428b81-699a-40f7-8a18-58712a6809e4,2015-09-08,00:00:00,"EDSA ""U"" turn slot, A. De Jesus St.  Caloocan",0,0,0,0,0,0,0,0,0,0,2015-09-08 8:00,Property,14.65731237,120.9923839,Side Swipe
None,EDSA,None,None,"No Accident Factor, Side Swipe, 0.0 drivers_injured, 0.0 drivers_killed, 0.0 passengers_injured, 0.0 passengers_killed, 0.0 pedestrian_injured, 0.0 pedestrian_killed, Fair (Night), EDSA A. De Jesus St. Caloocan",MMDA Road Safety Unit,,81bc4485-2467-44ad-8a21-82dd3e08383b,2015-09-06,15:30:00,EDSA A. De Jesus St.  Caloocan,0,0,0,0,0,0,0,0,0,0,2015-09-06 23:30,Property,14.65712835,120.990432,Side Swipe
None,EDSA,None,None,"No Accident Factor, Side Swipe, 1.0 drivers_injured, 0.0 drivers_killed, 0.0 passengers_injured, 0.0 passengers_killed, 0.0 pedestrian_injured, 0.0 pedestrian_killed, Fair (Day), EDSA A. De Jesus St. Caloocan",MMDA Road Safety Unit,,979c9994-a3c0-4234-a6c0-42e590219d6e,2015-09-05,23:15:00,EDSA A. De Jesus St.  Caloocan,0,0,0,1,0,0,0,0,0,1,2015-09-06 7:15,Injury,14.65712835,120.990432,Side Swipe
None,EDSA,None,None,"No Accident Factor, Rear-end, 1.0 drivers_injured, 0.0 drivers_killed, 0.0 passengers_injured, 0.0 passengers_killed, 0.0 pedestrian_injured, 0.0 pedestrian_killed, Fair (Night), EDSA Biglang Awa Caloocan",MMDA Road Safety Unit,,8d1b8d57-78b8-49cb-90d7-6685a8abbb02,2015-09-05,11:00:00,EDSA Asuncion St. (WB) Caloocan,0,0,0,1,0,0,0,0,0,1,2015-09-05 19:00,Injury,14.65719007,120.9944415,Rear-End
None,EDSA,None,None,"No Accident Factor, Multiple Collision, 0.0 drivers_injured, 0.0 drivers_killed, 0.0 passengers_injured, 0.0 passengers_killed, 0.0 pedestrian_injured, 0.0 pedestrian_killed, Fair (Day), EDSA B. Serrano St. Caloocan",MMDA Road Safety Unit,,1d364c46-daad-4392-ba63-89142b85af2b,2015-09-05,08:20:00,EDSA B. Serrano St. Caloocan,0,0,0,0,0,0,0,0,0,0,2015-09-05 16:20,Property,14.65712586,120.9882927,Multiple
None,EDSA,None,None,"No Accident Factor, Angle Impact, 0.0 drivers_injured, 0.0 drivers_killed, 0.0 passengers_injured, 0.0 passengers_killed, 0.0 pedestrian_injured, 0.0 pedestrian_killed, Fair (Day), EDSA A. De Jesus St. Caloocan",MMDA Road Safety Unit,,8582838c-246f-453b-a79f-68c0e24d1faf,2015-09-05,07:35:00,"EDSA ""U"" turn slot, Malvar St.  Caloocan",0,0,0,0,0,0,0,0,0,0,2015-09-05 15:35,Property,14.65712835,120.990432,Angle Impact
None,EDSA,None,None,"No Accident Factor, Angle Impact, 0.0 drivers_injured, 0.0 drivers_killed, 0.0 passengers_injured, 0.0 passengers_killed, 0.0 pedestrian_injured, 0.0 pedestrian_killed, Fair (Day), EDSA ""U"" turn slot, Gen. Malvar  Caloocan",MMDA Road Safety Unit,,aec96cc8-61e0-44a6-b088-124a5d8fe82d,2015-09-05,05:00:00,EDSA A. De Jesus St.  Caloocan,0,0,0,0,0,0,0,0,0,0,2015-09-05 13:00,Property,14.65722477,120.9930969,Angle Impact
None,EDSA,None,None,"No Accident Factor, Side Swipe, 0.0 drivers_injured, 0.0 drivers_killed, 0.0 passengers_injured, 0.0 passengers_killed, 0.0 pedestrian_injured, 0.0 pedestrian_killed, Fair (Night), EDSA Bonifacio Memorial Center Caloocan",MMDA Road Safety Unit,,4378afef-ad21-4fbe-a08b-518d5cc665b3,2015-09-04,11:45:00,"EDSA  ""U"" turn slot, A. De Jesus St.  Caloocan",0,0,0,0,0,0,0,0,0,0,2015-09-04 19:45,Property,14.65732796,120.9842086,Side Swipe
None,EDSA,None,None,"No Accident Factor, Rear-end, 0.0 drivers_injured, 0.0 drivers_killed, 0.0 passengers_injured, 0.0 passengers_killed, 0.0 pedestrian_injured, 0.0 pedestrian_killed, Fair (Day), EDSA Gen. Tinio St.  Caloocan",MMDA Road Safety Unit,,3c58419a-f2c3-4f84-8e47-bbfd406dcfb0,2015-09-04,09:45:00,EDSA Biglang Awa Caloocan,0,0,0,0,0,0,0,0,0,0,2015-09-04 17:45,Property,14.65727124,120.9902826,Rear-End
None,EDSA,None,None,"No Accident Factor, Side Swipe, 0.0 drivers_injured, 0.0 drivers_killed, 0.0 passengers_injured, 0.0 passengers_killed, 0.0 pedestrian_injured, 0.0 pedestrian_killed, Fair (Day), EDSA ""U"" turn slot, A. De Jesus St.  Caloocan",MMDA Road Safety Unit,,ded04700-5758-4257-bdec-709571113257,2015-09-04,08:00:00,"EDSA ""U"" turn slot, Malvar St.  Caloocan",0,0,0,0,0,0,0,0,0,0,2015-09-04 16:00,Property,14.65718525,120.9904007,Side Swipe
None,EDSA,None,None,"No Accident Factor, Side Swipe, 0.0 drivers_injured, 0.0 drivers_killed, 0.0 passengers_injured, 0.0 passengers_killed, 0.0 pedestrian_injured, 0.0 pedestrian_killed, Fair (Day), EDSA Bonifacio Memorial Circle Caloocan",MMDA Road Safety Unit,,aee66c0f-29da-4d3f-9ac7-de9dc7203ff8,2015-09-04,02:20:00,EDSA Biglang Awa St. Caloocan,0,0,0,0,0,0,0,0,0,0,2015-09-04 10:20,Property,14.65732796,120.9842086,Side Swipe
None,EDSA,None,None,"No Accident Factor, Hit Parked Vehicle, 0.0 drivers_injured, 0.0 drivers_killed, 0.0 passengers_injured, 0.0 passengers_killed, 0.0 pedestrian_injured, 0.0 pedestrian_killed, Fair (Night), EDSA A. De Jesus St. Caloocan",MMDA Road Safety Unit,,39321fe0-0edc-49b3-849b-db98f9100ad9,2015-09-03,11:00:00,EDSA Jollibee    Caloocan,0,0,0,0,0,0,0,0,0,0,2015-09-03 19:00,Property,14.65712835,120.990432,Hit Object
None,EDSA,None,None,"No Accident Factor, Side Swipe, 0.0 drivers_injured, 0.0 drivers_killed, 0.0 passengers_injured, 0.0 passengers_killed, 0.0 pedestrian_injured, 0.0 pedestrian_killed, Fair (Night), EDSA Gen. Malvar St.  Caloocan",MMDA Road Safety Unit,,a5f20806-7b84-446b-be64-c01cc03f6f8d,2015-09-03,10:45:00,EDSA B. Serrano St.  Caloocan,0,0,0,0,0,0,0,0,0,0,2015-09-03 18:45,Property,14.6573376,120.993091,Side Swipe
None,EDSA,None,None,"No Accident Factor, Rear-end, 0.0 drivers_injured, 0.0 drivers_killed, 0.0 passengers_injured, 0.0 passengers_killed, 0.0 pedestrian_injured, 0.0 pedestrian_killed, Fair (Day), EDSA Gen. Malvar St.  Caloocan",MMDA Road Safety Unit,,59c49aba-ced2-4c25-89a8-730fe70c6115,2015-09-03,09:30:00,EDSA Malvar St.  Caloocan,0,0,0,0,0,0,0,0,0,0,2015-09-03 17:30,Property,14.6573376,120.993091,Rear-End
None,EDSA,None,None,"No Accident Factor, Side Swipe, 0.0 drivers_injured, 0.0 drivers_killed, 0.0 passengers_injured, 0.0 passengers_killed, 0.0 pedestrian_injured, 0.0 pedestrian_killed, Fair (Day), EDSA B. Serrano St. Caloocan",MMDA Road Safety Unit,,ab576022-9b74-4fa7-bd8c-1bbeeb8bd113,2015-09-03,06:20:00,EDSA Tinio St.  Caloocan,0,0,0,0,0,0,0,0,0,0,2015-09-03 14:20,Property,14.65712586,120.9882927,Side Swipe