LOCATION_TEXT,ROAD,WEATHER,LIGHT,DESC,REPORTING_AGENCY,MAIN_CAUSE,INCIDENTDETAILS_ID,DATE_UTC,TIME_UTC,ADDRESS,killed_driver,killed_passenger,killed_pedestrian,injured_driver,injured_passenger,injured_pedestrian,killed_uncategorized,injured_uncategorized,killed_total,injured_total,DATETIME_PST,SEVERITY,Y,X,COLLISION_TYPE
None,EDSA,None,None,"No Accident Factor, Side Swipe, 0.0 drivers_injured, 0.0 drivers_killed, 0.0 passengers_injured, 0.0 passengers_killed, 0.0 pedestrian_injured, 0.0 pedestrian_killed, Fair (Day), EDSA Concepcion St.  Caloocan",MMDA Road Safety Unit,,a6d07ecb-2065-4e34-b8cf-de579fdcde3f,2015-09-03,03:15:00,EDSA Malvar St.  Caloocan,0,0,0,0,0,0,0,0,0,0,2015-09-03 11:15,Property,14.65724272,120.9896158,Side Swipe
None,EDSA,None,None,"No Accident Factor, Side Swipe, 0.0 drivers_injured, 0.0 drivers_killed, 0.0 passengers_injured, 0.0 passengers_killed, 0.0 pedestrian_injured, 0.0 pedestrian_killed, Fair (Day), EDSA B. Serrano St. Caloocan",MMDA Road Safety Unit,,3b190aef-40c9-4f91-9684-a362853af61d,2015-09-01,08:00:00,EDSA B. Serrrano St. Intersection  Caloocan,0,0,0,0,0,0,0,0,0,0,2015-09-01 16:00,Property,14.65712586,120.9882927,Side Swipe
None,EDSA,None,None,"No Accident Factor, Angle Impact, 0.0 drivers_injured, 0.0 drivers_killed, 0.0 passengers_injured, 0.0 passengers_killed, 0.0 pedestrian_injured, 0.0 pedestrian_killed, Fair (Night), EDSA A. De Jesus St. Caloocan",MMDA Road Safety Unit,,1b5b3332-9098-4c0d-93e5-569d62e5bc0c,2015-08-29,11:10:00,EDSA Malvar St.  Caloocan,0,0,0,0,0,0,0,0,0,0,2015-08-29 19:10,Property,14.65712835,120.990432,Angle Impact
None,EDSA,None,None,"No Accident Factor, Angle Impact, 0.0 drivers_injured, 0.0 drivers_killed, 0.0 passengers_injured, 0.0 passengers_killed, 0.0 pedestrian_injured, 0.0 pedestrian_killed, Fair (Day), EDSA Tandang Sora St., 138 Caloocan",MMDA Road Safety Unit,,fd56a940-2a1d-400f-98e1-d0f6ee8791d4,2015-08-29,07:45:00,EDSA MCU Hospital (WB)  Caloocan,0,0,0,0,0,0,0,0,0,0,2015-08-29 15:45,Property,14.65736758,120.9940203,Angle Impact
None,EDSA,None,None,"No Accident Factor, Angle Impact, 0.0 drivers_injured, 0.0 drivers_killed, 0.0 passengers_injured, 0.0 passengers_killed, 0.0 pedestrian_injured, 0.0 pedestrian_killed, Fair (Night), EDSA Malvar St.  Caloocan",MMDA Road Safety Unit,,d8140157-16da-4f0f-8327-2ef4360972d5,2015-08-26,17:10:00,EDSA A. De Jesus St.  Caloocan,0,0,0,0,0,0,0,0,0,0,2015-08-27 1:10,Property,14.65729555,120.9930964,Angle Impact
None,EDSA,None,None,"No Accident Factor, Side Swipe, 0.0 drivers_injured, 0.0 drivers_killed, 0.0 passengers_injured, 0.0 passengers_killed, 0.0 pedestrian_injured, 0.0 pedestrian_killed, Fair (Day), EDSA B. Serrano St. Caloocan",MMDA Road Safety Unit,,28d12ad2-9a41-4d41-8e15-e221ba71cd5d,2015-08-26,02:30:00,EDSA A. De Jesus St. Caloocan,0,0,0,0,0,0,0,0,0,0,2015-08-26 10:30,Property,14.65712586,120.9882927,Side Swipe
None,EDSA,None,None,"No Accident Factor, Rear-end, 0.0 drivers_injured, 0.0 drivers_killed, 0.0 passengers_injured, 0.0 passengers_killed, 0.0 pedestrian_injured, 0.0 pedestrian_killed, Fair (Night), EDSA ""U"" turn slot, Gen. Tinio St.  Caloocan",MMDA Road Safety Unit,,58e9c450-5e39-4c5b-bbdf-04b3307afd13,2015-08-25,15:00:00,EDSA General Tinio St.  Caloocan,0,0,0,0,0,0,0,0,0,0,2015-08-25 23:00,Property,14.65719112,120.9903884,Rear-End
None,EDSA,None,None,"No Accident Factor, Rear-end, 0.0 drivers_injured, 0.0 drivers_killed, 0.0 passengers_injured, 0.0 passengers_killed, 0.0 pedestrian_injured, 0.0 pedestrian_killed, Fair (Day), EDSA A. De Jesus St. Caloocan",MMDA Road Safety Unit,,4ac51eec-7b5d-435c-91a8-fa97b9b5071a,2015-08-25,09:30:00,EDSA A. De Jesus St. Caloocan,0,0,0,0,0,0,0,0,0,0,2015-08-25 17:30,Property,14.65712835,120.990432,Rear-End
None,EDSA,None,None,"No Accident Factor, Side Swipe, 0.0 drivers_injured, 0.0 drivers_killed, 0.0 passengers_injured, 0.0 passengers_killed, 0.0 pedestrian_injured, 0.0 pedestrian_killed, Fair (Day), EDSA Gen. Tinio St.  Caloocan",MMDA Road Safety Unit,,f7fda73d-666b-4e2a-8af0-3fea7fa5437b,2015-08-25,02:00:00,EDSA A. De Jesus St. Caloocan,0,0,0,0,0,0,0,0,0,0,2015-08-25 10:00,Property,14.65727124,120.9902826,Side Swipe
None,EDSA,None,None,"No Accident Factor, Side Swipe, 0.0 drivers_injured, 0.0 drivers_killed, 0.0 passengers_injured, 0.0 passengers_killed, 0.0 pedestrian_injured, 0.0 pedestrian_killed, Fair (Night), EDSA A. De Jesus St. Caloocan",MMDA Road Safety Unit,,11a36b80-94d9-4071-8cb5-d8251929c6ab,2015-08-24,10:05:00,"EDSA ""U"" turn slot, Gen. Tinio St. Caloocan",0,0,0,0,0,0,0,0,0,0,2015-08-24 18:05,Property,14.65712835,120.990432,Side Swipe
None,EDSA,None,None,"No Accident Factor, Side Swipe, 1.0 drivers_injured, 0.0 drivers_killed, 0.0 passengers_injured, 0.0 passengers_killed, 0.0 pedestrian_injured, 0.0 pedestrian_killed, Fair (Day), EDSA A. De Jesus St. Caloocan",MMDA Road Safety Unit,,dd97895d-7c3d-476d-886c-74d58338fef5,2015-08-23,00:30:00,"EDSA ""U"" turn slot, A. De Jesus St.  Caloocan",0,0,0,1,0,0,0,0,0,1,2015-08-23 8:30,Injury,14.65712835,120.990432,Side Swipe
None,EDSA,None,None,"No Accident Factor, Hit Parked Vehicle, 0.0 drivers_injured, 0.0 drivers_killed, 0.0 passengers_injured, 0.0 passengers_killed, 0.0 pedestrian_injured, 0.0 pedestrian_killed, Fair (Night), EDSA A. De Jesus St. Caloocan",MMDA Road Safety Unit,,156d9b6b-68c3-49dc-beed-3264bec3cebd,2015-08-22,11:25:00,EDSA A. De Jesus St.  Caloocan,0,0,0,0,0,0,0,0,0,0,2015-08-22 19:25,Property,14.65712835,120.990432,Hit Object
None,EDSA,None,None,"No Accident Factor, Angle Impact, 1.0 drivers_injured, 0.0 drivers_killed, 0.0 passengers_injured, 0.0 passengers_killed, 0.0 pedestrian_injured, 0.0 pedestrian_killed, Fair (Day), EDSA A. De Jesus St. Caloocan",MMDA Road Safety Unit,,3d5f20f1-c715-43fc-a6a4-9e800cf53057,2015-08-21,01:45:00,"EDSA ""U"" turn slot, Sgt. Tinio St.  Caloocan",0,0,0,1,0,0,0,0,0,1,2015-08-21 9:45,Injury,14.65712835,120.990432,Angle Impact
None,EDSA,None,None,"No Accident Factor, Side Swipe, 0.0 drivers_injured, 0.0 drivers_killed, 0.0 passengers_injured, 0.0 passengers_killed, 0.0 pedestrian_injured, 0.0 pedestrian_killed, Fair (Day), EDSA A. De Jesus St. Caloocan",MMDA Road Safety Unit,,837309da-f7c7-412d-a602-c22e8b59e70c,2015-08-20,03:30:00,EDSA Gen. Concepcion St. (WB) Caloocan,0,0,0,0,0,0,0,0,0,0,2015-08-20 11:30,Property,14.65712835,120.990432,Side Swipe
None,EDSA,None,None,"No Accident Factor, Side Swipe, 0.0 drivers_injured, 0.0 drivers_killed, 0.0 passengers_injured, 0.0 passengers_killed, 0.0 pedestrian_injured, 0.0 pedestrian_killed, Fair (Night), EDSA A. De Jesus St. Caloocan",MMDA Road Safety Unit,,365f7532-7d4d-46ff-9628-739600822c26,2015-08-18,14:35:00,EDSA A. De Jesus St.  Caloocan,0,0,0,0,0,0,0,0,0,0,2015-08-18 22:35,Property,14.65712835,120.990432,Side Swipe
None,EDSA,None,None,"No Accident Factor, Rear-end, 0.0 drivers_injured, 0.0 drivers_killed, 0.0 passengers_injured, 0.0 passengers_killed, 0.0 pedestrian_injured, 0.0 pedestrian_killed, Fair (Night), EDSA B. Serrano St. Caloocan",MMDA Road Safety Unit,,03921359-d547-4280-a550-b303edbf7725,2015-08-17,17:30:00,EDSA Gen. Tirona St. Caloocan,0,0,0,0,0,0,0,0,0,0,2015-08-18 1:30,Property,14.65712586,120.9882927,Rear-End
None,EDSA,None,None,"No Accident Factor, Rear-end, 0.0 drivers_injured, 0.0 drivers_killed, 0.0 passengers_injured, 0.0 passengers_killed, 0.0 pedestrian_injured, 0.0 pedestrian_killed, Fair (Day), EDSA B. Serrano St. Caloocan",MMDA Road Safety Unit,,4bb2e515-ebe4-4080-9937-00df2d01e8ea,2015-08-16,22:55:00,EDSA SSS Branch Caloocan,0,0,0,0,0,0,0,0,0,0,2015-08-17 6:55,Property,14.65712586,120.9882927,Rear-End
None,EDSA,None,None,"No Accident Factor, Side Swipe, 0.0 drivers_injured, 0.0 drivers_killed, 0.0 passengers_injured, 0.0 passengers_killed, 0.0 pedestrian_injured, 0.0 pedestrian_killed, Fair (Night), EDSA Gen. Tinio St.  Caloocan",MMDA Road Safety Unit,,453a89b6-91af-4c49-b132-8edaaf343a70,2015-08-14,17:30:00,EDSA Gen. Malvar St. (WB) Caloocan,0,0,0,0,0,0,0,0,0,0,2015-08-15 1:30,Property,14.65727124,120.9902826,Side Swipe
None,EDSA,None,None,"No Accident Factor, Angle Impact, 0.0 drivers_injured, 0.0 drivers_killed, 0.0 passengers_injured, 0.0 passengers_killed, 0.0 pedestrian_injured, 0.0 pedestrian_killed, Fair (Night), EDSA Gen. Tinio St.  Caloocan",MMDA Road Safety Unit,,c839a9c1-5a47-4a05-9680-c088d9939b96,2015-08-13,11:15:00,"EDSA ""U"" turn slot, A. De Jesus St.  Caloocan",0,0,0,0,0,0,0,0,0,0,2015-08-13 19:15,Property,14.65727124,120.9902826,Angle Impact
None,EDSA,None,None,"No Accident Factor, Side Swipe, 0.0 drivers_injured, 0.0 drivers_killed, 0.0 passengers_injured, 0.0 passengers_killed, 0.0 pedestrian_injured, 0.0 pedestrian_killed, Fair (Day), EDSA B. Serrano  Caloocan",MMDA Road Safety Unit,,9d372d7a-e0bc-4031-8cb9-7f603dd5af94,2015-08-12,08:00:00,EDSA B. Serrano St. Caloocan,0,0,0,0,0,0,0,0,0,0,2015-08-12 16:00,Property,14.65709397,120.9883095,Side Swipe
None,EDSA,None,None,"No Accident Factor, Rear-end, 0.0 drivers_injured, 0.0 drivers_killed, 0.0 passengers_injured, 0.0 passengers_killed, 0.0 pedestrian_injured, 0.0 pedestrian_killed, Fair (Night), EDSA A. De Jesus St. Caloocan",MMDA Road Safety Unit,,f30a730a-79ac-4450-806a-5e119212fad2,2015-08-11,12:20:00,EDSA MCU Hospital Caloocan,0,0,0,0,0,0,0,0,0,0,2015-08-11 20:20,Property,14.65712835,120.990432,Rear-End
None,EDSA,None,None,"No Accident Factor, Side Swipe, 0.0 drivers_injured, 0.0 drivers_killed, 0.0 passengers_injured, 0.0 passengers_killed, 0.0 pedestrian_injured, 0.0 pedestrian_killed, Fair (Day), EDSA Malvar St.  Caloocan",MMDA Road Safety Unit,,ac20bfa0-ae22-4ecb-b21d-8b831f17b147,2015-08-10,01:00:00,EDSA A. De Jesus St. Caloocan,0,0,0,0,0,0,0,0,0,0,2015-08-10 9:00,Property,14.65729555,120.9930964,Side Swipe
None,EDSA,None,None,"No Accident Factor, Angle Impact, 0.0 drivers_injured, 0.0 drivers_killed, 0.0 passengers_injured, 0.0 passengers_killed, 0.0 pedestrian_injured, 0.0 pedestrian_killed, Fair (Day), EDSA A. De Jesus St. Caloocan",MMDA Road Safety Unit,,ac72fd00-9680-409a-948c-9090cb6019d6,2015-08-09,09:30:00,EDSA Gen. Simon St. (WB) Caloocan,0,0,0,0,0,0,0,0,0,0,2015-08-09 17:30,Property,14.65712835,120.990432,Angle Impact
None,EDSA,None,None,"No Accident Factor, Angle Impact, 0.0 drivers_injured, 0.0 drivers_killed, 0.0 passengers_injured, 0.0 passengers_killed, 0.0 pedestrian_injured, 0.0 pedestrian_killed, Fair (Night), EDSA ""U"" turn slot, A. De Jesus St., 87 Caloocan",MMDA Road Safety Unit,,7cde5f19-288a-49b9-9afb-e9a81826fc57,2015-08-01,15:20:00,"EDSA ""U"" turn slot, A. De Jesus St. Caloocan",0,0,0,0,0,0,0,0,0,0,2015-08-01 23:20,Property,14.65718525,120.9904007,Angle Impact
None,EDSA,None,None,"No Accident Factor, Angle Impact, 0.0 drivers_injured, 0.0 drivers_killed, 0.0 passengers_injured, 0.0 passengers_killed, 0.0 pedestrian_injured, 0.0 pedestrian_killed, Fair (Day), EDSA B. Serrano St. Caloocan",MMDA Road Safety Unit,,9295939e-f67e-49b5-9f0a-e9013eaa19c3,2015-07-30,08:30:00,"EDSA 7-Eleven Store, 86 Caloocan",0,0,0,0,0,0,0,0,0,0,2015-07-30 16:30,Property,14.65712586,120.9882927,Angle Impact
None,EDSA,None,None,"No Accident Factor, Side Swipe, 0.0 drivers_injured, 0.0 drivers_killed, 0.0 passengers_injured, 0.0 passengers_killed, 0.0 pedestrian_injured, 0.0 pedestrian_killed, Fair (Day), EDSA B. Serrano St. Caloocan",MMDA Road Safety Unit,,e748fa8e-25c5-47c6-b331-c7fbff60785e,2015-07-29,04:55:00,EDSA Biglang Awa (EB) Caloocan,0,0,0,0,0,0,0,0,0,0,2015-07-29 12:55,Property,14.65712586,120.9882927,Side Swipe
None,EDSA,None,None,"No Accident Factor, Multiple Collision, 0.0 drivers_injured, 0.0 drivers_killed, 0.0 passengers_injured, 0.0 passengers_killed, 0.0 pedestrian_injured, 0.0 pedestrian_killed, Fair (Day), EDSA MCU, 85 Caloocan",MMDA Road Safety Unit,,42087af1-1b95-40c7-84dc-c52a36e3ecc6,2015-07-29,00:00:00,EDSA SSS Bldg. (WB)  Caloocan,0,0,0,0,0,0,0,0,0,0,2015-07-29 8:00,Property,14.6573146,120.9860365,Multiple
None,EDSA,None,None,"No Accident Factor, Rear-end, 0.0 drivers_injured, 0.0 drivers_killed, 0.0 passengers_injured, 0.0 passengers_killed, 0.0 pedestrian_injured, 0.0 pedestrian_killed, Fair (Day), EDSA Concepcion St.  Caloocan",MMDA Road Safety Unit,,3902379c-0cf1-46be-97a7-902906712847,2015-07-28,07:00:00,"EDSA ""U"" turn slot, A. De Jesus St. Caloocan",0,0,0,0,0,0,0,0,0,0,2015-07-28 15:00,Property,14.65724272,120.9896158,Rear-End
None,EDSA,None,None,"No Accident Factor, Rear-end, 1.0 drivers_injured, 0.0 drivers_killed, 0.0 passengers_injured, 0.0 passengers_killed, 0.0 pedestrian_injured, 0.0 pedestrian_killed, Fair (Day), EDSA Biglang Awa St.  Caloocan",MMDA Road Safety Unit,,15197a51-befa-4748-9399-16d6e0cdde79,2015-07-28,04:30:00,EDSA Gen. Concepcion  Caloocan,0,0,0,1,0,0,0,0,0,1,2015-07-28 12:30,Injury,14.65719007,120.9944415,Rear-End
None,EDSA,None,None,"No Accident Factor, Side Swipe, 0.0 drivers_injured, 0.0 drivers_killed, 0.0 passengers_injured, 0.0 passengers_killed, 0.0 pedestrian_injured, 0.0 pedestrian_killed, Fair (Night), EDSA Bonifacio Memorial Circle Caloocan",MMDA Road Safety Unit,,b8926cf9-3874-4ac1-867f-936fa68a8ee2,2015-07-27,16:00:00,"EDSA ""U"" turn slot, E De Jesus St.  Caloocan",0,0,0,0,0,0,0,0,0,0,2015-07-28,Property,14.65732796,120.9842086,Side Swipe
None,EDSA,None,None,"No Accident Factor, Rear-end, 0.0 drivers_injured, 0.0 drivers_killed, 0.0 passengers_injured, 0.0 passengers_killed, 0.0 pedestrian_injured, 0.0 pedestrian_killed, Fair (Day), EDSA Bonifacio Memorial Circle, 76 Caloocan",MMDA Road Safety Unit,,d0795eaa-ae0d-44e9-b741-89d0b6ff82d9,2015-07-26,07:00:00,EDSA Bonifacio Memorial Center  Caloocan,0,0,0,0,0,0,0,0,0,0,2015-07-26 15:00,Property,14.65732796,120.9842086,Rear-End
None,EDSA,None,None,"No Accident Factor, Side Swipe, 0.0 drivers_injured, 0.0 drivers_killed, 0.0 passengers_injured, 0.0 passengers_killed, 0.0 pedestrian_injured, 0.0 pedestrian_killed, Fair (Night), EDSA B. Serrano St. Caloocan",MMDA Road Safety Unit,,49923b7e-ebe8-43cd-8494-cb554d31ab8b,2015-07-25,10:30:00,EDSA B. Serrano St.  Caloocan,0,0,0,0,0,0,0,0,0,0,2015-07-25 18:30,Property,14.65712586,120.9882927,Side Swipe
None,EDSA,None,None,"No Accident Factor, Side Swipe, 0.0 drivers_injured, 0.0 drivers_killed, 0.0 passengers_injured, 0.0 passengers_killed, 0.0 pedestrian_injured, 0.0 pedestrian_killed, Fair (Day), EDSA B. Serrano St. Caloocan",MMDA Road Safety Unit,,e0c8c9a7-6900-44e2-bae4-0ff6ae154097,2015-07-25,05:00:00,"EDSA ""U"" turn slot, Malvar Caloocan",0,0,0,0,0,0,0,0,0,0,2015-07-25 13:00,Property,14.65712586,120.9882927,Side Swipe
None,EDSA,None,None,"No Accident Factor, Angle Impact, 0.0 drivers_injured, 0.0 drivers_killed, 0.0 passengers_injured, 0.0 passengers_killed, 0.0 pedestrian_injured, 0.0 pedestrian_killed, Fair (Day), EDSA Biglang Awa St.  Caloocan",MMDA Road Safety Unit,,46a3f4f2-a536-4a27-bc84-f5d14c2e6418,2015-07-25,01:00:00,"EDSA ""U"" turn slot, A. De Jesus St.  Caloocan",0,0,0,0,0,0,0,0,0,0,2015-07-25 9:00,Property,14.65719007,120.9944415,Angle Impact
None,EDSA,None,None,"No Accident Factor, Hit Parked Vehicle, 0.0 drivers_injured, 0.0 drivers_killed, 0.0 passengers_injured, 0.0 passengers_killed, 0.0 pedestrian_injured, 0.0 pedestrian_killed, Fair (Night), EDSA Don Vicente Ang St.  Caloocan",MMDA Road Safety Unit,,233445c2-5f04-465c-8e84-5445ed0f88c3,2015-07-22,18:00:00,EDSA Mitsubishi Motor-Caloocan  Caloocan,0,0,0,0,0,0,0,0,0,0,2015-07-23 2:00,Property,14.65739378,120.9962782,Hit Object
None,EDSA,None,None,"No Accident Factor, Angle Impact, 0.0 drivers_injured, 0.0 drivers_killed, 0.0 passengers_injured, 0.0 passengers_killed, 0.0 pedestrian_injured, 0.0 pedestrian_killed, Fair (Day), EDSA B. Serrano St. Caloocan",MMDA Road Safety Unit,,b82f4007-087c-4594-b4cb-2e5342dda201,2015-07-22,03:30:00,EDSA Asuncion St. (WB) Caloocan,0,0,0,0,0,0,0,0,0,0,2015-07-22 11:30,Property,14.65712586,120.9882927,Angle Impact
None,EDSA,None,None,"No Accident Factor, Rear-end, 0.0 drivers_injured, 0.0 drivers_killed, 0.0 passengers_injured, 0.0 passengers_killed, 0.0 pedestrian_injured, 0.0 pedestrian_killed, Fair (Day), EDSA Biglang Awa St.  Caloocan",MMDA Road Safety Unit,,cb7f36b8-854c-4bba-9a0c-694ff70cc396,2015-07-20,06:40:00,"EDSA Gen. Malvar St. ""U"" Turn Slot Caloocan",0,0,0,0,0,0,0,0,0,0,2015-07-20 14:40,Property,14.65719007,120.9944415,Rear-End
None,EDSA,None,None,"No Accident Factor, Rear-end, 0.0 drivers_injured, 0.0 drivers_killed, 1.0 passengers_injured, 0.0 passengers_killed, 0.0 pedestrian_injured, 0.0 pedestrian_killed, Fair (Day), EDSA A. De Jesus St. Caloocan",MMDA Road Safety Unit,,dfe91374-03be-428c-a123-2db83168308f,2015-07-20,02:15:00,"EDSA ""U"" Turn Slot, SSS Bldg. Caloocan",0,0,0,0,1,0,0,0,0,1,2015-07-20 10:15,Injury,14.65712835,120.990432,Rear-End
None,EDSA,None,None,"No Accident Factor, Rear-end, 0.0 drivers_injured, 0.0 drivers_killed, 1.0 passengers_injured, 0.0 passengers_killed, 0.0 pedestrian_injured, 0.0 pedestrian_killed, Fair (Day), EDSA A. De Jesus St. Caloocan",MMDA Road Safety Unit,,1878a648-3d5b-4005-96e7-fd4d3cf2b298,2015-07-18,02:20:00,EDSA Don V. Ang St. Caloocan,0,0,0,0,1,0,0,0,0,1,2015-07-18 10:20,Injury,14.65712835,120.990432,Rear-End
None,EDSA,None,None,"No Accident Factor, Hit Parked Vehicle, 0.0 drivers_injured, 0.0 drivers_killed, 0.0 passengers_injured, 0.0 passengers_killed, 0.0 pedestrian_injured, 0.0 pedestrian_killed, Fair (Night), EDSA ""U"" turn slot, Malvar St., 138 Caloocan",MMDA Road Safety Unit,,044c51a2-5c38-4844-82a8-64a92518b050,2015-07-17,12:00:00,EDSA BMC Caloocan,0,0,0,0,0,0,0,0,0,0,2015-07-17 20:00,Property,14.65723423,120.9930566,Hit Object
None,EDSA,None,None,"No Accident Factor, Side Swipe, 0.0 drivers_injured, 0.0 drivers_killed, 0.0 passengers_injured, 0.0 passengers_killed, 0.0 pedestrian_injured, 0.0 pedestrian_killed, Fair (Night), EDSA Bonifacio Memorial Circle Caloocan",MMDA Road Safety Unit,,527bcaaa-1fb2-42b9-88d9-8077be0e32fc,2015-07-15,10:00:00,EDSA B. Serrano St. Caloocan,0,0,0,0,0,0,0,0,0,0,2015-07-15 18:00,Property,14.65732796,120.9842086,Side Swipe
None,EDSA,None,None,"No Accident Factor, Side Swipe, 0.0 drivers_injured, 0.0 drivers_killed, 0.0 passengers_injured, 0.0 passengers_killed, 0.0 pedestrian_injured, 0.0 pedestrian_killed, Fair (Day), EDSA B. Serrano St. Caloocan",MMDA Road Safety Unit,,2fae1938-0d83-4f9e-8aa0-5b5c61893611,2015-07-15,03:00:00,EDSA B. Serrano St. (EB) Caloocan,0,0,0,0,0,0,0,0,0,0,2015-07-15 11:00,Property,14.65712586,120.9882927,Side Swipe
None,EDSA,None,None,"No Accident Factor, Side Swipe, 0.0 drivers_injured, 0.0 drivers_killed, 0.0 passengers_injured, 0.0 passengers_killed, 0.0 pedestrian_injured, 0.0 pedestrian_killed, Fair (Day), EDSA B. Serrano St. Caloocan",MMDA Road Safety Unit,,63e67e7d-8c91-433d-a91e-6cb376a4eb36,2015-07-13,09:30:00,EDSA Gen. Malvar St. Caloocan,0,0,0,0,0,0,0,0,0,0,2015-07-13 17:30,Property,14.65712586,120.9882927,Side Swipe
None,EDSA,None,None,"No Accident Factor, Side Swipe, 0.0 drivers_injured, 0.0 drivers_killed, 0.0 passengers_injured, 0.0 passengers_killed, 0.0 pedestrian_injured, 0.0 pedestrian_killed, Fair (Day), EDSA Gen. Malvar St.  Caloocan",MMDA Road Safety Unit,,ab6406af-29a6-4c18-b497-221169db0d95,2015-07-13,01:30:00,EDSA P. Aguilan St. Caloocan,0,0,0,0,0,0,0,0,0,0,2015-07-13 9:30,Property,14.6573376,120.993091,Side Swipe
None,EDSA,None,None,"No Accident Factor, Side Swipe, 0.0 drivers_injured, 0.0 drivers_killed, 0.0 passengers_injured, 0.0 passengers_killed, 0.0 pedestrian_injured, 0.0 pedestrian_killed, Fair (Night), EDSA A. De Jesus St. Caloocan",MMDA Road Safety Unit,,239e3eb6-ef35-47d4-9970-54a51e62f5cd,2015-07-12,12:20:00,EDSA Col. Bonny Serrano Ave. Caloocan,0,0,0,0,0,0,0,0,0,0,2015-07-12 20:20,Property,14.65712835,120.990432,Side Swipe
None,EDSA,None,None,"No Accident Factor, Side Swipe, 0.0 drivers_injured, 0.0 drivers_killed, 0.0 passengers_injured, 0.0 passengers_killed, 0.0 pedestrian_injured, 0.0 pedestrian_killed, Fair (Night), EDSA ""U"" turn slot, Gen. Malvar St.  Caloocan",MMDA Road Safety Unit,,38a96848-008b-4424-8a4a-26fde699777c,2015-07-11,11:30:00,"EDSA ""U"" turn slot, Malvar St.  Caloocan",0,0,0,0,0,0,0,0,0,0,2015-07-11 19:30,Property,14.65722477,120.9930969,Side Swipe
None,EDSA,None,None,"No Accident Factor, Side Swipe, 0.0 drivers_injured, 0.0 drivers_killed, 0.0 passengers_injured, 0.0 passengers_killed, 0.0 pedestrian_injured, 0.0 pedestrian_killed, Fair (Day), EDSA Tandang Sora St.  Caloocan",MMDA Road Safety Unit,,359f01ed-1c52-4833-abaa-7fcfd6a73558,2015-07-11,07:50:00,EDSA A. De Jesus St.  Caloocan,0,0,0,0,0,0,0,0,0,0,2015-07-11 15:50,Property,14.65736758,120.9940203,Side Swipe
None,EDSA,None,None,"No Accident Factor, Hit Parked Vehicle, 0.0 drivers_injured, 0.0 drivers_killed, 0.0 passengers_injured, 0.0 passengers_killed, 0.0 pedestrian_injured, 0.0 pedestrian_killed, Fair (Night), EDSA ""U"" turn slot, Gen. Malver St.  Caloocan",MMDA Road Safety Unit,,4d6a636a-dae6-4669-a8fa-7e27cea12364,2015-07-10,15:45:00,EDSA A. De Jesus St.  Caloocan,0,0,0,0,0,0,0,0,0,0,2015-07-10 23:45,Property,14.65722477,120.9930969,Hit Object
None,EDSA,None,None,"No Accident Factor, Side Swipe, 0.0 drivers_injured, 0.0 drivers_killed, 0.0 passengers_injured, 0.0 passengers_killed, 0.0 pedestrian_injured, 0.0 pedestrian_killed, Fair (Night), EDSA Gen. Malvar St.  Caloocan",MMDA Road Safety Unit,,0bc02825-cfb9-43a5-8fdf-c993adbd643c,2015-07-09,20:30:00,EDSA SSS - Caloocan Branch Caloocan,0,0,0,0,0,0,0,0,0,0,2015-07-10 4:30,Property,14.6573376,120.993091,Side Swipe
None,EDSA,None,None,"No Accident Factor, Side Swipe, 1.0 drivers_injured, 0.0 drivers_killed, 0.0 passengers_injured, 0.0 passengers_killed, 0.0 pedestrian_injured, 0.0 pedestrian_killed, Fair (Night), EDSA ""U"" turn slot, Gen. Tinio St.  Caloocan",MMDA Road Safety Unit,,a8061acf-45b2-4070-b4c2-bfc1d54f395d,2015-07-08,20:30:00,EDSA A. De Jesus St.  Caloocan,0,0,0,1,0,0,0,0,0,1,2015-07-09 4:30,Injury,14.65719112,120.9903884,Side Swipe
None,EDSA,None,None,"No Accident Factor, Side Swipe, 0.0 drivers_injured, 0.0 drivers_killed, 0.0 passengers_injured, 0.0 passengers_killed, 0.0 pedestrian_injured, 0.0 pedestrian_killed, Fair (Day), EDSA 5th St.  Caloocan",MMDA Road Safety Unit,,c53de9bc-ae43-4b76-8da7-5207b346acd2,2015-07-05,08:30:00,EDSA Gen. Tinio St.   Caloocan,0,0,0,0,0,0,0,0,0,0,2015-07-05 16:30,Property,14.65707752,120.9882603,Side Swipe
None,EDSA,None,None,"No Accident Factor, Hit Parked Vehicle, 0.0 drivers_injured, 0.0 drivers_killed, 0.0 passengers_injured, 0.0 passengers_killed, 0.0 pedestrian_injured, 0.0 pedestrian_killed, Fair (Night), EDSA Biglang Awa Caloocan",MMDA Road Safety Unit,,1c733930-2e89-4f5c-aa09-877cc54ea1df,2015-07-04,10:00:00,EDSA Bonifacio Memorial Center (WB) Caloocan,0,0,0,0,0,0,0,0,0,0,2015-07-04 18:00,Property,14.65719007,120.9944415,Hit Object
None,EDSA,None,None,"No Accident Factor, Side Swipe, 0.0 drivers_injured, 0.0 drivers_killed, 0.0 passengers_injured, 0.0 passengers_killed, 0.0 pedestrian_injured, 0.0 pedestrian_killed, Fair (Day), EDSA ""U"" turn slot, Gen. Malvar St.  Caloocan",MMDA Road Safety Unit,,1e48220d-00d5-4ca2-b92a-3bd1e664d801,2015-07-04,07:30:00,"EDSA ""U"" turn slot - Malvar Caloocan",0,0,0,0,0,0,0,0,0,0,2015-07-04 15:30,Property,14.65722477,120.9930969,Side Swipe
None,EDSA,None,None,"No Accident Factor, Hit Object (No Object Stated), 0.0 drivers_injured, 0.0 drivers_killed, 0.0 passengers_injured, 0.0 passengers_killed, 0.0 pedestrian_injured, 0.0 pedestrian_killed, Fair (Day), EDSA B. Serrano     Caloocan",MMDA Road Safety Unit,,f695b13c-5acc-4d7b-b6be-f9af00405e31,2015-07-01,09:00:00,"EDSA ""U"" turn slot - A. De Jesus St.  Caloocan",0,0,0,0,0,0,0,0,0,0,2015-07-01 17:00,Property,14.65709397,120.9883095,Hit Object