LOCATION_TEXT,ROAD,WEATHER,LIGHT,DESC,REPORTING_AGENCY,MAIN_CAUSE,INCIDENTDETAILS_ID,DATE_UTC,TIME_UTC,ADDRESS,killed_driver,killed_passenger,killed_pedestrian,injured_driver,injured_passenger,injured_pedestrian,killed_uncategorized,injured_uncategorized,killed_total,injured_total,DATETIME_PST,SEVERITY,Y,X,COLLISION_TYPE
None,EDSA,None,None,"No Accident Factor, Side Swipe, 0.0 drivers_injured, 0.0 drivers_killed, 0.0 passengers_injured, 0.0 passengers_killed, 0.0 pedestrian_injured, 0.0 pedestrian_killed, Fair (Day), EDSA B. Serrano St. Caloocan",MMDA Road Safety Unit,,b37458a1-4476-429b-8bc9-2161360d1c92,2015-07-01,04:30:00,EDSA A. De Jesus St.  Caloocan,0,0,0,0,0,0,0,0,0,0,2015-07-01 12:30,Property,14.65712586,120.9882927,Side Swipe
None,EDSA,None,None,"No Accident Factor, Angle Impact, 0.0 drivers_injured, 0.0 drivers_killed, 2.0 passengers_injured, 0.0 passengers_killed, 0.0 pedestrian_injured, 0.0 pedestrian_killed, Fair (Night), EDSA A. De Jesus St. Caloocan",MMDA Road Safety Unit,,18a52531-60ed-4295-a175-02d5af518cde,2015-06-19,19:40:00,EDSA Bonifacio Memorial Circle Caloocan,0,0,0,0,2,0,0,0,0,2,2015-06-20 3:40,Injury,14.65712835,120.990432,Angle Impact
None,EDSA,None,None,"No Accident Factor, Side Swipe, 0.0 drivers_injured, 0.0 drivers_killed, 1.0 passengers_injured, 0.0 passengers_killed, 0.0 pedestrian_injured, 0.0 pedestrian_killed, Fair (Day), EDSA Gen. Malvar St.  Caloocan",MMDA Road Safety Unit,,2039fc47-6a8a-438c-8a68-9fc1ed66cd3b,2015-06-14,06:00:00,EDSA Simon St. Caloocan,0,0,0,0,1,0,0,0,0,1,2015-06-14 14:00,Injury,14.6573376,120.993091,Side Swipe
None,EDSA,None,None,"No Accident Factor, Multiple Collision, 0.0 drivers_injured, 0.0 drivers_killed, 0.0 passengers_injured, 0.0 passengers_killed, 0.0 pedestrian_injured, 0.0 pedestrian_killed, Fair (Day), EDSA Gen. Malvar St.  Caloocan",MMDA Road Safety Unit,,8af2589d-ef5e-4479-9d45-8fe4196465a7,2015-06-14,04:30:00,EDSA B. Serrano St. Caloocan,0,0,0,0,0,0,0,0,0,0,2015-06-14 12:30,Property,14.6573376,120.993091,Multiple
None,EDSA,None,None,"No Accident Factor, Side Swipe, 1.0 drivers_injured, 0.0 drivers_killed, 0.0 passengers_injured, 0.0 passengers_killed, 0.0 pedestrian_injured, 0.0 pedestrian_killed, Fair (Day), EDSA Gen. Tinio Caloocan",MMDA Road Safety Unit,,cdfd6d3a-6546-41d8-a2cb-684ff769dc96,2015-06-13,01:40:00,EDSA MCU Hospital Caloocan,0,0,0,1,0,0,0,0,0,1,2015-06-13 9:40,Injury,14.65727124,120.9902826,Side Swipe
None,EDSA,None,None,"No Accident Factor, Side Swipe, 0.0 drivers_injured, 0.0 drivers_killed, 0.0 passengers_injured, 0.0 passengers_killed, 0.0 pedestrian_injured, 0.0 pedestrian_killed, Fair (Day), EDSA ""U"" turn slot, Gen. Tinio  Caloocan",MMDA Road Safety Unit,,0bd3b556-e3b0-4be6-9325-9cb4b4848b66,2015-06-10,07:30:00,EDSA Bonifacio Memorial Circle (WB) Caloocan,0,0,0,0,0,0,0,0,0,0,2015-06-10 15:30,Property,14.65719112,120.9903884,Side Swipe
None,EDSA,None,None,"No Accident Factor, Angle Impact, 0.0 drivers_injured, 0.0 drivers_killed, 0.0 passengers_injured, 0.0 passengers_killed, 0.0 pedestrian_injured, 0.0 pedestrian_killed, Fair (Day), EDSA Bonifacio Memorial Circle Caloocan",MMDA Road Safety Unit,,492b26c0-d13e-4271-bff1-7325b1e97f18,2015-06-10,02:30:00,EDSA Bonifacio Memorial Circle Caloocan,0,0,0,0,0,0,0,0,0,0,2015-06-10 10:30,Property,14.65732796,120.9842086,Angle Impact
None,EDSA,None,None,"No Accident Factor, Side Swipe, 0.0 drivers_injured, 0.0 drivers_killed, 0.0 passengers_injured, 0.0 passengers_killed, 0.0 pedestrian_injured, 0.0 pedestrian_killed, Fair (Day), EDSA Toyota Motors Corp., Bagong Barrio Caloocan",MMDA Road Safety Unit,,578fb6dd-7ee4-4ef2-802e-2f7546ea076e,2015-06-07,08:15:00,EDSA Bonifacio Memorial Circle Caloocan,0,0,0,0,0,0,0,0,0,0,2015-06-07 16:15,Property,14.65741516,120.9958673,Side Swipe
None,EDSA,None,None,"No Accident Factor, Side Swipe, 0.0 drivers_injured, 0.0 drivers_killed, 0.0 passengers_injured, 0.0 passengers_killed, 0.0 pedestrian_injured, 0.0 pedestrian_killed, Fair (Day), EDSA Biglang Awa Caloocan",MMDA Road Safety Unit,,f6f7ba11-196e-4997-b46a-f0c39f26a926,2015-06-07,03:30:00,EDSA MCU Hospital Caloocan,0,0,0,0,0,0,0,0,0,0,2015-06-07 11:30,Property,14.65719007,120.9944415,Side Swipe
None,EDSA,None,None,"No Accident Factor, Side Swipe, 0.0 drivers_injured, 0.0 drivers_killed, 0.0 passengers_injured, 0.0 passengers_killed, 0.0 pedestrian_injured, 0.0 pedestrian_killed, Fair (Day), EDSA Banco de Oro, Gen. Tinio Caloocan",MMDA Road Safety Unit,,a61626d8-5bab-4a45-ac5b-edb33bd63f00,2015-06-06,06:35:00,EDSA Honda Motors (EB)  Caloocan,0,0,0,0,0,0,0,0,0,0,2015-06-06 14:35,Property,14.65731146,120.9900656,Side Swipe
None,EDSA,None,None,"No Accident Factor, Angle Impact, 0.0 drivers_injured, 0.0 drivers_killed, 1.0 passengers_injured, 0.0 passengers_killed, 0.0 pedestrian_injured, 0.0 pedestrian_killed, Fair (Night), EDSA ""U"" turn slot, Gen. Tinio  Caloocan",MMDA Road Safety Unit,,69848867-4d2d-471a-83a0-9c09e5e309f0,2015-06-04,20:00:00,EDSA Balintawak after De Jesus St.  Caloocan,0,0,0,0,1,0,0,0,0,1,2015-06-05 4:00,Injury,14.65719112,120.9903884,Angle Impact
None,EDSA,None,None,"No Accident Factor, No Collision Stated (based on Police Blotter Book), 1.0 drivers_injured, 0.0 drivers_killed, 0.0 passengers_injured, 0.0 passengers_killed, 0.0 pedestrian_injured, 0.0 pedestrian_killed, Fair (Day), EDSA Honda Motors Corp., 96 Caloocan",MMDA Road Safety Unit,,64f6b2b1-4344-4052-98eb-f8edc0596bcd,2015-06-03,23:00:00,EDSA Circle Caloocan,0,0,0,1,0,0,0,0,0,1,2015-06-04 7:00,Injury,14.65713601,120.9973468,No Collision Stated
None,EDSA,None,None,"No Accident Factor, Rear-end, 0.0 drivers_injured, 0.0 drivers_killed, 0.0 passengers_injured, 0.0 passengers_killed, 0.0 pedestrian_injured, 0.0 pedestrian_killed, Fair (Day), EDSA Clover Inn, 139 Caloocan",MMDA Road Safety Unit,,d956670b-3523-4c86-a14f-1bda62be4c8f,2015-06-01,22:15:00,EDSA approaching Gen. Malian Street (WB)  Caloocan,0,0,0,0,0,0,0,0,0,0,2015-06-02 6:15,Property,14.65746153,120.997481,Rear-End
None,EDSA,None,None,"No Accident Factor, Rear-end, 0.0 drivers_injured, 0.0 drivers_killed, 0.0 passengers_injured, 0.0 passengers_killed, 0.0 pedestrian_injured, 0.0 pedestrian_killed, Fair (Night), EDSA A. De Jesus St. Caloocan",MMDA Road Safety Unit,,9fdf8891-fc5d-4443-8993-0ff1441a72ed,2015-05-30,14:05:00,EDSA Gen. Simon  Caloocan,0,0,0,0,0,0,0,0,0,0,2015-05-30 22:05,Property,14.65712835,120.990432,Rear-End
None,EDSA,None,None,"No Accident Factor, Side Swipe, 0.0 drivers_injured, 0.0 drivers_killed, 0.0 passengers_injured, 0.0 passengers_killed, 0.0 pedestrian_injured, 0.0 pedestrian_killed, Fair (Day), EDSA Gen. Malvar St.  Caloocan",MMDA Road Safety Unit,,baa351be-44de-421c-a632-23384b79966c,2015-05-30,07:00:00,EDSA fronting MCU Hospital (WB) 2nd  Caloocan,0,0,0,0,0,0,0,0,0,0,2015-05-30 15:00,Property,14.6573376,120.993091,Side Swipe
None,EDSA,None,None,"No Accident Factor, Rear-end, 0.0 drivers_injured, 0.0 drivers_killed, 0.0 passengers_injured, 0.0 passengers_killed, 0.0 pedestrian_injured, 0.0 pedestrian_killed, Fair (Day), EDSA Honda Motors Corp. Caloocan",MMDA Road Safety Unit,,c2ff20a7-6376-4c7d-971e-4d1015a9d42d,2015-05-29,03:00:00,EDSA Gen. Simon  Caloocan,0,0,0,0,0,0,0,0,0,0,2015-05-29 11:00,Property,14.65713601,120.9973468,Rear-End
None,EDSA,None,None,"No Accident Factor, Rear-end, 0.0 drivers_injured, 0.0 drivers_killed, 0.0 passengers_injured, 0.0 passengers_killed, 0.0 pedestrian_injured, 0.0 pedestrian_killed, Fair (Night), EDSA Gen. Malvar St.  Caloocan",MMDA Road Safety Unit,,44612f77-97cb-4f2d-9c5c-16ad680d9857,2015-05-28,19:00:00,EDSA De Jesus Street  Caloocan,0,0,0,0,0,0,0,0,0,0,2015-05-29 3:00,Property,14.6573376,120.993091,Rear-End
None,EDSA,None,None,"No Accident Factor, Side Swipe, 0.0 drivers_injured, 0.0 drivers_killed, 0.0 passengers_injured, 0.0 passengers_killed, 0.0 pedestrian_injured, 0.0 pedestrian_killed, Fair (Night), EDSA Morning Breeze  Caloocan",MMDA Road Safety Unit,,2dd9ffbd-79c2-49a1-887c-fffd00a9311f,2015-05-28,15:30:00,EDSA A. De Jesus Intersection  Caloocan,0,0,0,0,0,0,0,0,0,0,2015-05-28 23:30,Property,14.65729944,120.9880998,Side Swipe
None,EDSA,None,None,"No Accident Factor, Rear-end, 0.0 drivers_injured, 0.0 drivers_killed, 0.0 passengers_injured, 0.0 passengers_killed, 0.0 pedestrian_injured, 0.0 pedestrian_killed, Fair (Night), EDSA SSS Bldg. Caloocan",MMDA Road Safety Unit,,162e5305-943f-40a0-8a77-7db3dee6c052,2015-05-27,15:00:00,EDSA approaching Biglang Awa Street  Caloocan,0,0,0,0,0,0,0,0,0,0,2015-05-27 23:00,Property,14.65734341,120.9929338,Rear-End
None,EDSA,None,None,"No Accident Factor, Side Swipe, 0.0 drivers_injured, 0.0 drivers_killed, 0.0 passengers_injured, 0.0 passengers_killed, 0.0 pedestrian_injured, 0.0 pedestrian_killed, Fair (Day), EDSA B. Serrano St. Caloocan",MMDA Road Safety Unit,,ea1d7c8b-b224-4411-b76b-40f71bfac16d,2015-05-27,05:30:00,EDSA before Simon Street  Caloocan,0,0,0,0,0,0,0,0,0,0,2015-05-27 13:30,Property,14.65712586,120.9882927,Side Swipe
None,EDSA,None,None,"No Accident Factor, Side Swipe, 0.0 drivers_injured, 0.0 drivers_killed, 0.0 passengers_injured, 0.0 passengers_killed, 0.0 pedestrian_injured, 0.0 pedestrian_killed, Fair (Day), EDSA ""U"" turn slot, Gen. Malvar St.  Caloocan",MMDA Road Safety Unit,,5bf432dd-a310-490d-a998-d39cabd06aa9,2015-05-26,07:55:00,EDSA fronting SOGO Hotel Caloocan,0,0,0,0,0,0,0,0,0,0,2015-05-26 15:55,Property,14.65722477,120.9930969,Side Swipe
None,EDSA,None,None,"No Accident Factor, Side Swipe, 0.0 drivers_injured, 0.0 drivers_killed, 0.0 passengers_injured, 0.0 passengers_killed, 0.0 pedestrian_injured, 0.0 pedestrian_killed, Fair (Day), EDSA ""U"" turn slot, A. De Jesus St.  Caloocan",MMDA Road Safety Unit,,e315dd68-3c9a-4350-b269-0ab0255e6809,2015-05-25,22:55:00,EDSA fronting Bagong Barrio Jollibee Caloocan,0,0,0,0,0,0,0,0,0,0,2015-05-26 6:55,Property,14.65718525,120.9904007,Side Swipe
None,EDSA,None,None,"No Accident Factor, Rear-end, 0.0 drivers_injured, 0.0 drivers_killed, 0.0 passengers_injured, 0.0 passengers_killed, 0.0 pedestrian_injured, 0.0 pedestrian_killed, Fair (Night), EDSA Gen. Malvar St.  Caloocan",MMDA Road Safety Unit,,2eaeb431-12c4-4af0-9cc8-7ee218b78768,2015-05-25,11:30:00,EDSA fronting 7-11 Store Caloocan,0,0,0,0,0,0,0,0,0,0,2015-05-25 19:30,Property,14.6573376,120.993091,Rear-End
None,EDSA,None,None,"No Accident Factor, Side Swipe, 0.0 drivers_injured, 0.0 drivers_killed, 0.0 passengers_injured, 0.0 passengers_killed, 0.0 pedestrian_injured, 0.0 pedestrian_killed, Fair (Night), EDSA Gen. Simon St.  Caloocan",MMDA Road Safety Unit,,9458f062-4ba2-4aae-a1d1-96263d6b4f5b,2015-05-24,10:10:00,EDSA after Bonifacio Memorial Circle fronting UCPB Caloocan,0,0,0,0,0,0,0,0,0,0,2015-05-24 18:10,Property,14.65727772,120.9854774,Side Swipe
None,EDSA,None,None,"No Accident Factor, Side Swipe, 0.0 drivers_injured, 0.0 drivers_killed, 0.0 passengers_injured, 0.0 passengers_killed, 0.0 pedestrian_injured, 0.0 pedestrian_killed, Fair (Day), EDSA B. Serrano St. Caloocan",MMDA Road Safety Unit,,01dca6c4-0171-474c-9f67-e3fa08c94c23,2015-05-23,08:45:00,EDSA before SSS Caloocan,0,0,0,0,0,0,0,0,0,0,2015-05-23 16:45,Property,14.65712586,120.9882927,Side Swipe
None,EDSA,None,None,"No Accident Factor, Rear-end, 1.0 drivers_injured, 0.0 drivers_killed, 0.0 passengers_injured, 0.0 passengers_killed, 0.0 pedestrian_injured, 0.0 pedestrian_killed, Fair (Night), EDSA Gen. Malvar St.  Caloocan",MMDA Road Safety Unit,,b40ecb57-363e-414b-9012-c9ab413415a1,2015-05-22,21:55:00,EDSA before General Tinio Street  Caloocan,0,0,0,1,0,0,0,0,0,1,2015-05-23 5:55,Injury,14.6573376,120.993091,Rear-End
None,EDSA,None,None,"No Accident Factor, Side Swipe, 0.0 drivers_injured, 0.0 drivers_killed, 0.0 passengers_injured, 0.0 passengers_killed, 0.0 pedestrian_injured, 0.0 pedestrian_killed, Fair (Night), EDSA A. De Jesus St. Caloocan",MMDA Road Safety Unit,,482cb627-ab31-4cc3-922d-9f1032b7da9b,2015-05-20,11:00:00,EDSA Gen. Mascardo Street (WB)  Caloocan,0,0,0,0,0,0,0,0,0,0,2015-05-20 19:00,Property,14.65712835,120.990432,Side Swipe
None,EDSA,None,None,"No Accident Factor, Side Swipe, 0.0 drivers_injured, 0.0 drivers_killed, 0.0 passengers_injured, 0.0 passengers_killed, 0.0 pedestrian_injured, 0.0 pedestrian_killed, Fair (Day), EDSA B. Serrano St. Caloocan",MMDA Road Safety Unit,,000c9ae4-8228-44b7-ae1a-d37253c13510,2015-05-20,09:15:00,EDSA fronting SSS Bldg. (WB)  Caloocan,0,0,0,0,0,0,0,0,0,0,2015-05-20 17:15,Property,14.65712586,120.9882927,Side Swipe
None,EDSA,None,None,"No Accident Factor, Side Swipe, 0.0 drivers_injured, 0.0 drivers_killed, 0.0 passengers_injured, 0.0 passengers_killed, 0.0 pedestrian_injured, 0.0 pedestrian_killed, Fair (Day), EDSA ""U"" turn slot, Gen. Tinio St. Caloocan",MMDA Road Safety Unit,,f6992d80-6412-48f6-a515-79d74021f599,2015-05-20,03:15:00,EDSA after Biglang Awa (EB)  Caloocan,0,0,0,0,0,0,0,0,0,0,2015-05-20 11:15,Property,14.65719112,120.9903884,Side Swipe
None,EDSA,None,None,"No Accident Factor, Side Swipe, 0.0 drivers_injured, 0.0 drivers_killed, 0.0 passengers_injured, 0.0 passengers_killed, 0.0 pedestrian_injured, 0.0 pedestrian_killed, Fair (Day), EDSA Gen. Tinio St. Caloocan",MMDA Road Safety Unit,,9d968bc3-ec96-4b2c-8287-b1bb0a9a227f,2015-05-16,03:30:00,EDSA after Biglang Awa (EB)  Caloocan,0,0,0,0,0,0,0,0,0,0,2015-05-16 11:30,Property,14.65727124,120.9902826,Side Swipe
None,EDSA,None,None,"No Accident Factor, Side Swipe, 0.0 drivers_injured, 0.0 drivers_killed, 0.0 passengers_injured, 0.0 passengers_killed, 0.0 pedestrian_injured, 0.0 pedestrian_killed, Fair (Day), EDSA Gen. Malvar St. Caloocan",MMDA Road Safety Unit,,8eb5fe31-d692-4020-a879-9a0ed1005913,2015-05-16,03:00:00,EDSA fronting MCU Hospital Entrance Gate  Caloocan,0,0,0,0,0,0,0,0,0,0,2015-05-16 11:00,Property,14.6573376,120.993091,Side Swipe
None,EDSA,None,None,"No Accident Factor, Side Swipe, 0.0 drivers_injured, 0.0 drivers_killed, 0.0 passengers_injured, 0.0 passengers_killed, 0.0 pedestrian_injured, 0.0 pedestrian_killed, Fair (Night), EDSA ""U"" turn slot, Gen. Tinio St. Caloocan",MMDA Road Safety Unit,,ad4f1733-51a2-43ea-9980-a25ef2b05dbb,2015-05-15,13:55:00,EDSA De Jesus Street  Caloocan,0,0,0,0,0,0,0,0,0,0,2015-05-15 21:55,Property,14.65719112,120.9903884,Side Swipe
None,EDSA,None,None,"No Accident Factor, Side Swipe, 0.0 drivers_injured, 0.0 drivers_killed, 0.0 passengers_injured, 0.0 passengers_killed, 0.0 pedestrian_injured, 0.0 pedestrian_killed, Fair (Day), EDSA ""U"" turn slot, Gen. Tinio St. Caloocan",MMDA Road Safety Unit,,70618a08-15c5-4396-a37e-a4cfab494dbb,2015-05-13,03:25:00,EDSA before Serrano  Caloocan,0,0,0,0,0,0,0,0,0,0,2015-05-13 11:25,Property,14.65719112,120.9903884,Side Swipe
None,EDSA,None,None,"No Accident Factor, Side Swipe, 0.0 drivers_injured, 0.0 drivers_killed, 0.0 passengers_injured, 0.0 passengers_killed, 0.0 pedestrian_injured, 0.0 pedestrian_killed, Fair (Day), EDSA Malvar Caloocan",MMDA Road Safety Unit,,3eccd204-af30-4be2-b73b-e659579e3c5d,2015-05-08,05:45:00,EDSA before Biglang Awa Street  Caloocan,0,0,0,0,0,0,0,0,0,0,2015-05-08 13:45,Property,14.65736,120.9932301,Side Swipe
None,EDSA,None,None,"No Accident Factor, Side Swipe, 0.0 drivers_injured, 0.0 drivers_killed, 1.0 passengers_injured, 0.0 passengers_killed, 0.0 pedestrian_injured, 0.0 pedestrian_killed, Fair (Day), EDSA A. De Jesus St. Caloocan",MMDA Road Safety Unit,,a83c6ab2-5fc6-4b27-9630-a44fdae4bf10,2015-05-07,23:45:00,EDSA Biglang Awa Caloocan,0,0,0,0,1,0,0,0,0,1,2015-05-08 7:45,Injury,14.65712835,120.990432,Side Swipe
None,EDSA,None,None,"No Accident Factor, Angle Impact, 0.0 drivers_injured, 0.0 drivers_killed, 0.0 passengers_injured, 0.0 passengers_killed, 0.0 pedestrian_injured, 0.0 pedestrian_killed, Fair (Night), EDSA ""U"" turn slot, Malvar St. Caloocan",MMDA Road Safety Unit,,9c2492fb-f58d-4785-abf8-301c1527c67e,2015-05-07,21:00:00,EDSA Honda Cars  Caloocan,0,0,0,0,0,0,0,0,0,0,2015-05-08 5:00,Property,14.65723423,120.9930566,Angle Impact
None,EDSA,None,None,"No Accident Factor, Side Swipe, 0.0 drivers_injured, 0.0 drivers_killed, 0.0 passengers_injured, 0.0 passengers_killed, 0.0 pedestrian_injured, 0.0 pedestrian_killed, Fair (Day), EDSA ""U"" turn slot, Gen. Tinio St. Caloocan",MMDA Road Safety Unit,,af46a831-fc47-48a8-8d7e-375e3ee45670,2015-05-07,07:20:00,EDSA Biglang Awa Street  Caloocan,0,0,0,0,0,0,0,0,0,0,2015-05-07 15:20,Property,14.65719112,120.9903884,Side Swipe
None,EDSA,None,None,"No Accident Factor, Rear-end, 0.0 drivers_injured, 0.0 drivers_killed, 0.0 passengers_injured, 0.0 passengers_killed, 0.0 pedestrian_injured, 0.0 pedestrian_killed, Fair (Night), EDSA Gen. Malvar St.  Caloocan",MMDA Road Safety Unit,,802867c1-eedb-4bbd-bf42-b91da541d6dd,2015-05-04,13:15:00,EDSA before SSS Caloocan,0,0,0,0,0,0,0,0,0,0,2015-05-04 21:15,Property,14.6573376,120.993091,Rear-End
None,EDSA,None,None,"No Accident Factor, Side Swipe, 0.0 drivers_injured, 0.0 drivers_killed, 0.0 passengers_injured, 0.0 passengers_killed, 0.0 pedestrian_injured, 0.0 pedestrian_killed, Fair (Day), EDSA ""U"" turn slot, Gen. Tinio St.  Caloocan",MMDA Road Safety Unit,,fe3d16d5-575f-44d8-965c-7bd256fd8765,2015-04-30,22:15:00,EDSA A. De Jesus St. Caloocan,0,0,0,0,0,0,0,0,0,0,2015-05-01 6:15,Property,14.65719112,120.9903884,Side Swipe
None,EDSA,None,None,"No Accident Factor, Side Swipe, 0.0 drivers_injured, 0.0 drivers_killed, 0.0 passengers_injured, 0.0 passengers_killed, 0.0 pedestrian_injured, 0.0 pedestrian_killed, Fair (Day), EDSA Bonifacio Memorial Circle South Quadrant Caloocan",MMDA Road Safety Unit,,9001d670-15ac-4b81-9b13-2dfe222a5393,2015-04-29,08:20:00,EDSA after EDSA Malvar U Turn Slot Caloocan,0,0,0,0,0,0,0,0,0,0,2015-04-29 16:20,Property,14.65732796,120.9842086,Side Swipe
None,EDSA,None,None,"No Accident Factor, Side Swipe, 0.0 drivers_injured, 0.0 drivers_killed, 0.0 passengers_injured, 0.0 passengers_killed, 0.0 pedestrian_injured, 0.0 pedestrian_killed, Fair (Night), EDSA A. De Jesus St. Caloocan",MMDA Road Safety Unit,,4db566b8-ab0d-4c38-83a4-9415bc7286a6,2015-04-28,13:30:00,EDSA Benil  Caloocan,0,0,0,0,0,0,0,0,0,0,2015-04-28 21:30,Property,14.65712835,120.990432,Side Swipe
None,EDSA,None,None,"No Accident Factor, Angle Impact, 2.0 drivers_injured, 0.0 drivers_killed, 0.0 passengers_injured, 0.0 passengers_killed, 0.0 pedestrian_injured, 0.0 pedestrian_killed, Fair (Day), EDSA Urbano Plata St.  Caloocan",MMDA Road Safety Unit,,77e288c7-8959-4db9-b56c-0f4680e7b0ec,2015-04-28,05:50:00,EDSA Biglang Awa Caloocan,0,0,0,2,0,0,0,0,0,2,2015-04-28 13:50,Injury,14.65714729,120.9926394,Angle Impact
None,EDSA,None,None,"No Accident Factor, Hit Object (No Object Stated), 0.0 drivers_injured, 0.0 drivers_killed, 0.0 passengers_injured, 0.0 passengers_killed, 0.0 pedestrian_injured, 0.0 pedestrian_killed, Fair (Night), EDSA A. De Jesus St. Caloocan",MMDA Road Safety Unit,,dae25caf-92cf-4187-990a-3b650d8692e6,2015-04-21,15:00:00,EDSA before Malvar Street Caloocan,0,0,0,0,0,0,0,0,0,0,2015-04-21 23:00,Property,14.65712835,120.990432,Hit Object
None,EDSA,None,None,"No Accident Factor, Side Swipe, 0.0 drivers_injured, 0.0 drivers_killed, 0.0 passengers_injured, 0.0 passengers_killed, 0.0 pedestrian_injured, 0.0 pedestrian_killed, Fair (Night), EDSA B. Serrano St. Caloocan",MMDA Road Safety Unit,,1c61f49e-f2ae-4dda-b2a3-7a764016d23c,2015-04-21,14:35:00,EDSA before Footbridge - Medical Center University of Caloocan  Caloocan,0,0,0,0,0,0,0,0,0,0,2015-04-21 22:35,Property,14.65712586,120.9882927,Side Swipe
None,EDSA,None,None,"No Accident Factor, Side Swipe, 0.0 drivers_injured, 0.0 drivers_killed, 0.0 passengers_injured, 0.0 passengers_killed, 0.0 pedestrian_injured, 0.0 pedestrian_killed, Fair (Night), EDSA Gen. Simon St.  Caloocan",MMDA Road Safety Unit,,7b34aa48-f2da-480e-a8a6-20a94aa13543,2015-04-20,21:15:00,EDSA De Jesus Street  Caloocan,0,0,0,0,0,0,0,0,0,0,2015-04-21 5:15,Property,14.65727772,120.9854774,Side Swipe
None,EDSA,None,None,"No Accident Factor, Side Swipe, 0.0 drivers_injured, 0.0 drivers_killed, 0.0 passengers_injured, 0.0 passengers_killed, 0.0 pedestrian_injured, 0.0 pedestrian_killed, Fair (Day), EDSA Biglang Awa, 94 Caloocan",MMDA Road Safety Unit,,8e74ed3b-dc37-4a61-b3d7-d8c589fcaefa,2015-04-16,03:30:00,EDSA before General Tinio Sr. Caloocan,0,0,0,0,0,0,0,0,0,0,2015-04-16 11:30,Property,14.65719007,120.9944415,Side Swipe
None,EDSA,None,None,"No Accident Factor, Rear-end, 0.0 drivers_injured, 0.0 drivers_killed, 0.0 passengers_injured, 0.0 passengers_killed, 0.0 pedestrian_injured, 0.0 pedestrian_killed, Fair (Day), EDSA Honda, 87 Caloocan",MMDA Road Safety Unit,,f740d29c-e46d-4fa9-9138-8e7b583b4ee4,2015-04-16,03:30:00,EDSA Front of Suzuki Motors (WB) Caloocan,0,0,0,0,0,0,0,0,0,0,2015-04-16 11:30,Property,14.65713601,120.9973468,Rear-End
None,EDSA,None,None,"No Accident Factor, Side Swipe, 0.0 drivers_injured, 0.0 drivers_killed, 0.0 passengers_injured, 0.0 passengers_killed, 0.0 pedestrian_injured, 0.0 pedestrian_killed, Fair (Day), EDSA Malvar Footbridge Caloocan",MMDA Road Safety Unit,,76cc7ff2-4b0d-4b44-8767-08bb5d043d90,2015-04-16,02:00:00,EDSA fronting MCU Hospital  Caloocan,0,0,0,0,0,0,0,0,0,0,2015-04-16 10:00,Property,14.65736,120.9932301,Side Swipe
None,EDSA,None,None,"No Accident Factor, No Collision Stated (based on Police Blotter Book), 1.0 drivers_injured, 0.0 drivers_killed, 0.0 passengers_injured, 0.0 passengers_killed, 0.0 pedestrian_injured, 0.0 pedestrian_killed, Fair (Day), EDSA Biglang Awa St. Caloocan",MMDA Road Safety Unit,,009b3967-8023-4776-92a2-dd937704e752,2015-04-15,23:45:00,EDSA B. Serrano  Caloocan,0,0,0,1,0,0,0,0,0,1,2015-04-16 7:45,Injury,14.65719007,120.9944415,No Collision Stated
None,EDSA,None,None,"No Accident Factor, Rear-end, 0.0 drivers_injured, 0.0 drivers_killed, 0.0 passengers_injured, 0.0 passengers_killed, 0.0 pedestrian_injured, 0.0 pedestrian_killed, Fair (Day), EDSA Core Oil Gas Station Caloocan",MMDA Road Safety Unit,,78b8cf75-0d5c-4ee4-877b-37eb030422c8,2015-04-15,00:45:00,EDSA fronting SSS U Turn Slot before Genral Malvar  Caloocan,0,0,0,0,0,0,0,0,0,0,2015-04-15 8:45,Property,14.65732237,120.9900996,Rear-End
None,EDSA,None,None,"No Accident Factor, Side Swipe, 0.0 drivers_injured, 0.0 drivers_killed, 0.0 passengers_injured, 0.0 passengers_killed, 0.0 pedestrian_injured, 0.0 pedestrian_killed, Fair (Day), EDSA A. De Jesus St. Caloocan",MMDA Road Safety Unit,,d9ea2561-b301-4eb0-becc-7b57f1fcc438,2015-04-14,07:15:00,EDSA fronting Phil. Business Bank  Caloocan,0,0,0,0,0,0,0,0,0,0,2015-04-14 15:15,Property,14.65712835,120.990432,Side Swipe
None,EDSA,None,None,"No Accident Factor, Self-Accident, 1.0 drivers_injured, 0.0 drivers_killed, 0.0 passengers_injured, 0.0 passengers_killed, 0.0 pedestrian_injured, 0.0 pedestrian_killed, Fair (Night), EDSA A. De Jesus St. Caloocan",MMDA Road Safety Unit,,e9917fc3-7a61-479e-80ad-756403f286bb,2015-04-12,20:45:00,EDSA before SSS Caloocan,0,0,0,1,0,0,0,0,0,1,2015-04-13 4:45,Injury,14.65712835,120.990432,Self-Accident
None,EDSA,None,None,"No Accident Factor, Side Swipe, 0.0 drivers_injured, 0.0 drivers_killed, 0.0 passengers_injured, 0.0 passengers_killed, 0.0 pedestrian_injured, 0.0 pedestrian_killed, Fair (Day), EDSA B. Serrano St. Caloocan",MMDA Road Safety Unit,,0293fac4-8e2a-45b6-846e-29bfc0f930ac,2015-04-11,22:30:00,EDSA before Asuncion Street  Caloocan,0,0,0,0,0,0,0,0,0,0,2015-04-12 6:30,Property,14.65712586,120.9882927,Side Swipe
None,EDSA,None,None,"No Accident Factor, Side Swipe, 0.0 drivers_injured, 0.0 drivers_killed, 0.0 passengers_injured, 0.0 passengers_killed, 0.0 pedestrian_injured, 0.0 pedestrian_killed, Fair (Night), EDSA Biglang Awa, 94 Caloocan",MMDA Road Safety Unit,,09641bc3-f138-4af8-abd0-29208ffcc320,2015-04-10,13:10:00,EDSA fronting Toyota Balintawak  Caloocan,0,0,0,0,0,0,0,0,0,0,2015-04-10 21:10,Property,14.65719007,120.9944415,Side Swipe