LOCATION_TEXT,ROAD,WEATHER,LIGHT,DESC,REPORTING_AGENCY,MAIN_CAUSE,INCIDENTDETAILS_ID,DATE_UTC,TIME_UTC,ADDRESS,killed_driver,killed_passenger,killed_pedestrian,injured_driver,injured_passenger,injured_pedestrian,killed_uncategorized,injured_uncategorized,killed_total,injured_total,DATETIME_PST,SEVERITY,Y,X,COLLISION_TYPE
None,EDSA,None,None,"No Accident Factor, Angle Impact, 0.0 drivers_injured, 0.0 drivers_killed, 0.0 passengers_injured, 0.0 passengers_killed, 0.0 pedestrian_injured, 0.0 pedestrian_killed, Fair (Night), EDSA ""U"" turn slot, Gen. Tinio St.  Caloocan",MMDA Road Safety Unit,,2aaf8460-f9e9-4b4b-96b8-cf4b1866b4b6,2015-04-09,20:50:00,EDSA fronting SSS Bldg. (WB) Caloocan,0,0,0,0,0,0,0,0,0,0,2015-04-10 4:50,Property,14.65719112,120.9903884,Angle Impact
None,EDSA,None,None,"No Accident Factor, Rear-end, 0.0 drivers_injured, 0.0 drivers_killed, 0.0 passengers_injured, 0.0 passengers_killed, 0.0 pedestrian_injured, 0.0 pedestrian_killed, Fair (Day), EDSA B. Serrano St. Caloocan",MMDA Road Safety Unit,,f7886e19-143c-4a54-a18f-2b9eeab6d19f,2015-04-08,09:25:00,EDSA Mascardo Caloocan,0,0,0,0,0,0,0,0,0,0,2015-04-08 17:25,Property,14.65712586,120.9882927,Rear-End
None,EDSA,None,None,"No Accident Factor, Angle Impact, 1.0 drivers_injured, 0.0 drivers_killed, 0.0 passengers_injured, 0.0 passengers_killed, 0.0 pedestrian_injured, 0.0 pedestrian_killed, Fair (Day), EDSA 8th Ave. Caloocan",MMDA Road Safety Unit,,b866211f-401a-4b24-98d6-3a986e16b322,2015-04-03,07:20:00,EDSA Before Caltex going to Balintawak  Caloocan,0,0,0,1,0,0,0,0,0,1,2015-04-03 15:20,Injury,14.6571119,120.9903828,Angle Impact
None,EDSA,None,None,"No Accident Factor, No Collision Stated (based on Police Blotter Book), 1.0 drivers_injured, 0.0 drivers_killed, 0.0 passengers_injured, 0.0 passengers_killed, 0.0 pedestrian_injured, 0.0 pedestrian_killed, Fair (Day), EDSA Gen. Tinio St.  Caloocan",MMDA Road Safety Unit,,bf86e26e-cb80-4ff1-9cfb-dd831039ed2f,2015-04-03,00:45:00,EDSA Tirona Street  Caloocan,0,0,0,1,0,0,0,0,0,1,2015-04-03 8:45,Injury,14.65727124,120.9902826,No Collision Stated
None,EDSA,None,None,"No Accident Factor, Side Swipe, 0.0 drivers_injured, 0.0 drivers_killed, 0.0 passengers_injured, 0.0 passengers_killed, 0.0 pedestrian_injured, 0.0 pedestrian_killed, Fair (Day), EDSA Gen. Simon St.  Caloocan",MMDA Road Safety Unit,,bb8f7b1d-49db-4b95-a1ab-4afaee242782,2015-03-31,07:30:00,EDSA fronting MCU Hospital (WB)  Caloocan,0,0,0,0,0,0,0,0,0,0,2015-03-31 15:30,Property,14.65727772,120.9854774,Side Swipe
None,EDSA,None,None,"No Accident Factor, Side Swipe, 0.0 drivers_injured, 0.0 drivers_killed, 0.0 passengers_injured, 0.0 passengers_killed, 0.0 pedestrian_injured, 0.0 pedestrian_killed, Fair (Day), EDSA B. Serrano St. Caloocan",MMDA Road Safety Unit,,026b5c65-95c5-4428-a77d-87d3eea1ffc6,2015-03-30,01:00:00,EDSA B. Serrano Avenue Caloocan,0,0,0,0,0,0,0,0,0,0,2015-03-30 9:00,Property,14.65712586,120.9882927,Side Swipe
None,EDSA,None,None,"No Accident Factor, Side Swipe, 0.0 drivers_injured, 0.0 drivers_killed, 0.0 passengers_injured, 0.0 passengers_killed, 0.0 pedestrian_injured, 0.0 pedestrian_killed, Fair (Day), EDSA A. De Jesus St. Caloocan",MMDA Road Safety Unit,,51b734ae-1ed8-4942-9e77-d90eb5a786f7,2015-03-28,09:40:00,EDSA A. De Jesus Street Caloocan,0,0,0,0,0,0,0,0,0,0,2015-03-28 17:40,Property,14.65712835,120.990432,Side Swipe
None,EDSA,None,None,"No Accident Factor, Side Swipe, 0.0 drivers_injured, 0.0 drivers_killed, 0.0 passengers_injured, 0.0 passengers_killed, 0.0 pedestrian_injured, 0.0 pedestrian_killed, Fair (Day), EDSA MCU Hospital  Caloocan",MMDA Road Safety Unit,,b6f784dd-e76a-4203-875a-433df3a2e0f9,2015-03-28,06:30:00,EDSA before A. De Jesus Street  Caloocan,0,0,0,0,0,0,0,0,0,0,2015-03-28 14:30,Property,14.6573146,120.9860365,Side Swipe
None,EDSA,None,None,"No Accident Factor, Side Swipe, 0.0 drivers_injured, 0.0 drivers_killed, 0.0 passengers_injured, 0.0 passengers_killed, 0.0 pedestrian_injured, 0.0 pedestrian_killed, Fair (Day), EDSA Gen. Concepcion St. (BIR Bldg.) Caloocan",MMDA Road Safety Unit,,7e29dfbd-d0df-466d-ab12-17f9e38e560c,2015-03-26,01:20:00,EDSA A. De Jesus Caloocan,0,0,0,0,0,0,0,0,0,0,2015-03-26 9:20,Property,14.65732528,120.9909733,Side Swipe
None,EDSA,None,None,"No Accident Factor, Side Swipe, 0.0 drivers_injured, 0.0 drivers_killed, 0.0 passengers_injured, 0.0 passengers_killed, 0.0 pedestrian_injured, 0.0 pedestrian_killed, Fair (Day), EDSA Gen. Tinio St.  Caloocan",MMDA Road Safety Unit,,45f7d9cb-adcc-4b76-9d23-966d167357b5,2015-03-25,03:00:00,EDSA A. De Jesus Caloocan,0,0,0,0,0,0,0,0,0,0,2015-03-25 11:00,Property,14.65727124,120.9902826,Side Swipe
None,EDSA,None,None,"No Accident Factor, Rear-end, 0.0 drivers_injured, 0.0 drivers_killed, 0.0 passengers_injured, 0.0 passengers_killed, 0.0 pedestrian_injured, 0.0 pedestrian_killed, Fair (Day), EDSA D. Arellano St.  Caloocan",MMDA Road Safety Unit,,b862eb59-2010-4fe5-b3bc-ec70d3672c13,2015-03-24,23:00:00,EDSA A. De Jesus Caloocan,0,0,0,0,0,0,0,0,0,0,2015-03-25 7:00,Property,14.65734246,120.9924247,Rear-End
None,EDSA,None,None,"No Accident Factor, Side Swipe, 0.0 drivers_injured, 0.0 drivers_killed, 0.0 passengers_injured, 0.0 passengers_killed, 0.0 pedestrian_injured, 0.0 pedestrian_killed, Fair (Day), EDSA Malvar St.  Caloocan",MMDA Road Safety Unit,,55bbc826-d07c-42d7-a345-f76be1ffcef4,2015-03-23,04:30:00,"EDSA before SSS,before Bonifacio Memorial Circle Caloocan",0,0,0,0,0,0,0,0,0,0,2015-03-23 12:30,Property,14.65729555,120.9930964,Side Swipe
None,EDSA,None,None,"No Accident Factor, Side Swipe, 0.0 drivers_injured, 0.0 drivers_killed, 0.0 passengers_injured, 0.0 passengers_killed, 0.0 pedestrian_injured, 0.0 pedestrian_killed, Fair (Night), EDSA A. De Jesus St. Caloocan",MMDA Road Safety Unit,,3fac373c-e08c-4f0d-a47b-7c2dc9cabaef,2015-03-18,20:45:00,"EDSA u-turn slot, A. De Jesus St. Caloocan",0,0,0,0,0,0,0,0,0,0,2015-03-19 4:45,Property,14.65712835,120.990432,Side Swipe
None,EDSA,None,None,"No Accident Factor, Side Swipe, 0.0 drivers_injured, 0.0 drivers_killed, 0.0 passengers_injured, 0.0 passengers_killed, 0.0 pedestrian_injured, 0.0 pedestrian_killed, Fair (Night), EDSA P. Aguilar St.  Caloocan",MMDA Road Safety Unit,,54d2d8ab-4f5a-4536-b703-57bc0e7670f2,2015-03-17,21:00:00,EDSA Malvar St. Caloocan,0,0,0,0,0,0,0,0,0,0,2015-03-18 5:00,Property,14.65745147,120.9982792,Side Swipe
None,EDSA,None,None,"No Accident Factor, Hit and Run (Angle Impact), 1.0 drivers_injured, 0.0 drivers_killed, 0.0 passengers_injured, 0.0 passengers_killed, 0.0 pedestrian_injured, 0.0 pedestrian_killed, Fair (Night), EDSA Bonifacio Memorial Circle Caloocan",MMDA Road Safety Unit,,7cc7f06b-1bb4-4783-8d58-2087aeec61dd,2015-03-17,10:20:00,EDSA  Near Tenio Street  Caloocan,0,0,0,1,0,0,0,0,0,1,2015-03-17 18:20,Injury,14.65732796,120.9842086,Angle Impact
None,EDSA,None,None,"No Accident Factor, Hit Parked Vehicle, 0.0 drivers_injured, 0.0 drivers_killed, 0.0 passengers_injured, 0.0 passengers_killed, 0.0 pedestrian_injured, 0.0 pedestrian_killed, Fair (Day), EDSA Gen. Concepcion St. Caloocan",MMDA Road Safety Unit,,7cdb9889-a5c3-43ee-a086-ca402504c824,2015-03-16,07:00:00,EDSA Fronting UNI Oil Near Gen. Tinio Street  Caloocan,0,0,0,0,0,0,0,0,0,0,2015-03-16 15:00,Property,14.65732528,120.9909733,Hit Object
None,EDSA,None,None,"No Accident Factor, Side Swipe, 0.0 drivers_injured, 0.0 drivers_killed, 0.0 passengers_injured, 0.0 passengers_killed, 0.0 pedestrian_injured, 0.0 pedestrian_killed, Fair (Day), EDSA Gen. Concepcion St.  Caloocan",MMDA Road Safety Unit,,ab32d699-037e-4fe1-95a6-8dd00e777818,2015-03-14,09:15:00,EDSA  Fronting Bldg. 315 Approaching Corner of D. Arellano Street  Caloocan,0,0,0,0,0,0,0,0,0,0,2015-03-14 17:15,Property,14.65732528,120.9909733,Side Swipe
None,EDSA,None,None,"No Accident Factor, Angle Impact, 0.0 drivers_injured, 0.0 drivers_killed, 0.0 passengers_injured, 0.0 passengers_killed, 0.0 pedestrian_injured, 0.0 pedestrian_killed, Fair (Day), EDSA B. Serrano St. Caloocan",MMDA Road Safety Unit,,b695bd63-1312-456c-a6d9-620c72eb4b49,2015-03-14,08:00:00,EDSA  Fronting Jollibee Caloocan,0,0,0,0,0,0,0,0,0,0,2015-03-14 16:00,Property,14.65712586,120.9882927,Angle Impact
None,EDSA,None,None,"No Accident Factor, Angle Impact, 0.0 drivers_injured, 0.0 drivers_killed, 0.0 passengers_injured, 0.0 passengers_killed, 0.0 pedestrian_injured, 0.0 pedestrian_killed, Fair (Day), EDSA Gen. Malvar St.  Caloocan",MMDA Road Safety Unit,,40359d45-64d3-493d-9c87-ca92b469f8b8,2015-03-14,07:30:00,EDSA  Fronting Bank of Makati  Caloocan,0,0,0,0,0,0,0,0,0,0,2015-03-14 15:30,Property,14.6573376,120.993091,Angle Impact
None,EDSA,None,None,"No Accident Factor, Side Swipe, 0.0 drivers_injured, 0.0 drivers_killed, 0.0 passengers_injured, 0.0 passengers_killed, 0.0 pedestrian_injured, 0.0 pedestrian_killed, Fair (Day), EDSA D. Arellano St. (WB) Caloocan",MMDA Road Safety Unit,,453b1b0c-1c84-40cf-b8da-b5174bc99624,2015-03-10,04:00:00,EDSA  De Jesus  Caloocan,0,0,0,0,0,0,0,0,0,0,2015-03-10 12:00,Property,14.65734246,120.9924247,Side Swipe
None,EDSA,None,None,"No Accident Factor, No Collision Stated (based on Police Blotter Book), 0.0 drivers_injured, 0.0 drivers_killed, 1.0 passengers_injured, 0.0 passengers_killed, 0.0 pedestrian_injured, 0.0 pedestrian_killed, Fair (Day), EDSA BIR, 138 Caloocan",MMDA Road Safety Unit,,a530df32-586d-46f4-8d1f-3ef27836a528,2015-03-09,00:20:00,EDSA  B. Serrano St.  Caloocan,0,0,0,0,1,0,0,0,0,1,2015-03-09 8:20,Injury,14.65731494,120.9912984,No Collision Stated
None,EDSA,None,None,"No Accident Factor, Side Swipe, 0.0 drivers_injured, 0.0 drivers_killed, 0.0 passengers_injured, 0.0 passengers_killed, 0.0 pedestrian_injured, 0.0 pedestrian_killed, Fair (Day), EDSA SSS Bldg., 94 Caloocan",MMDA Road Safety Unit,,18ed5d37-59f0-47d8-ad02-84c6e2878730,2015-03-05,00:00:00,EDSA  A. De Jesus St.  Caloocan,0,0,0,0,0,0,0,0,0,0,2015-03-05 8:00,Property,14.65734341,120.9929338,Side Swipe
None,EDSA,None,None,"No Accident Factor, Hit Parked Vehicle, 0.0 drivers_injured, 0.0 drivers_killed, 0.0 passengers_injured, 0.0 passengers_killed, 0.0 pedestrian_injured, 0.0 pedestrian_killed, Fair (Day), EDSA Biglang Awa Caloocan",MMDA Road Safety Unit,,7722b869-3362-481c-b85d-ef13c0bca174,2015-03-03,09:05:00,EDSA  De Jesus St.  Caloocan,0,0,0,0,0,0,0,0,0,0,2015-03-03 17:05,Property,14.65719007,120.9944415,Hit Object
None,EDSA,None,None,"No Accident Factor, Rear-end, 0.0 drivers_injured, 0.0 drivers_killed, 0.0 passengers_injured, 0.0 passengers_killed, 0.0 pedestrian_injured, 0.0 pedestrian_killed, Fair (Day), EDSA Tinio St.  Caloocan",MMDA Road Safety Unit,,d3df7779-dae7-4810-a2d5-7487180c8d43,2015-03-02,02:40:00,EDSA  A. Tinio St.  Caloocan,0,0,0,0,0,0,0,0,0,0,2015-03-02 10:40,Property,14.65730215,120.9901507,Rear-End
None,EDSA,None,None,"No Accident Factor, Angle Impact, 0.0 drivers_injured, 0.0 drivers_killed, 0.0 passengers_injured, 0.0 passengers_killed, 0.0 pedestrian_injured, 0.0 pedestrian_killed, Fair (Night), EDSA Benin St. Caloocan",MMDA Road Safety Unit,,699f3f75-425a-44f1-813e-4dbf2cf2f1a1,2015-02-28,13:10:00,EDSA General Tinio St.  Caloocan,0,0,0,0,0,0,0,0,0,0,2015-02-28 21:10,Property,14.65705691,120.9855172,Angle Impact
None,EDSA,None,None,"No Accident Factor, Rear-end, 0.0 drivers_injured, 0.0 drivers_killed, 0.0 passengers_injured, 0.0 passengers_killed, 0.0 pedestrian_injured, 0.0 pedestrian_killed, Fair (Night), EDSA A. De Jesus St. Caloocan",MMDA Road Safety Unit,,629644c5-896f-4d27-9c6b-c8260b19dec8,2015-02-26,14:00:00,EDSA fronting MCU Hospital Caloocan,0,0,0,0,0,0,0,0,0,0,2015-02-26 22:00,Property,14.65712835,120.990432,Rear-End
None,EDSA,None,None,"No Accident Factor, Side Swipe, 0.0 drivers_injured, 0.0 drivers_killed, 0.0 passengers_injured, 0.0 passengers_killed, 0.0 pedestrian_injured, 0.0 pedestrian_killed, Fair (Day), EDSA B. Serrano St. Caloocan",MMDA Road Safety Unit,,f3640209-bec7-4982-93c3-85c66ac82138,2015-02-26,08:00:00,EDSA fronting MCU Hospital before footbridge (WB) Caloocan,0,0,0,0,0,0,0,0,0,0,2015-02-26 16:00,Property,14.65712586,120.9882927,Side Swipe
None,EDSA,None,None,"No Accident Factor, Side Swipe, 0.0 drivers_injured, 0.0 drivers_killed, 0.0 passengers_injured, 0.0 passengers_killed, 0.0 pedestrian_injured, 0.0 pedestrian_killed, Fair (Day), EDSA Sogo Hotel, 81 Caloocan",MMDA Road Safety Unit,,fa1edbb5-9bf9-495f-8c2b-4d8ac47f5903,2015-02-26,02:45:00,EDSA A. De Jesus St. Caloocan,0,0,0,0,0,0,0,0,0,0,2015-02-26 10:45,Property,14.65731853,120.9848514,Side Swipe
None,EDSA,None,None,"No Accident Factor, Rear-end, 0.0 drivers_injured, 0.0 drivers_killed, 0.0 passengers_injured, 0.0 passengers_killed, 0.0 pedestrian_injured, 0.0 pedestrian_killed, Fair (Day), EDSA ""U"" turn slot, A. De Jesus Caloocan",MMDA Road Safety Unit,,6577f3e5-bac8-4ee1-bf3f-59c038955a09,2015-02-23,06:30:00,EDSA A. De Jesus St. Caloocan,0,0,0,0,0,0,0,0,0,0,2015-02-23 14:30,Property,14.65718525,120.9904007,Rear-End
None,EDSA,None,None,"No Accident Factor, Side Swipe, 0.0 drivers_injured, 0.0 drivers_killed, 0.0 passengers_injured, 0.0 passengers_killed, 0.0 pedestrian_injured, 0.0 pedestrian_killed, Fair (Day), EDSA ""U"" turn slot, Malvar St.  Caloocan",MMDA Road Safety Unit,,390b1e25-4b0a-4ab8-95b8-da133877057d,2015-02-21,01:45:00,EDSA G. Tinio footbridge Caloocan,0,0,0,0,0,0,0,0,0,0,2015-02-21 9:45,Property,14.65723423,120.9930566,Side Swipe
None,EDSA,None,None,"No Accident Factor, Side Swipe, 0.0 drivers_injured, 0.0 drivers_killed, 0.0 passengers_injured, 0.0 passengers_killed, 0.0 pedestrian_injured, 0.0 pedestrian_killed, Fair (Day), EDSA Gen. Tinio St.  Caloocan",MMDA Road Safety Unit,,53c690ef-90f0-4e86-8aa5-b6ed563a7d5e,2015-02-21,00:40:00,EDSA after SSS Bldg. (WB) Caloocan,0,0,0,0,0,0,0,0,0,0,2015-02-21 8:40,Property,14.65727124,120.9902826,Side Swipe
None,EDSA,None,None,"No Accident Factor, Side Swipe, 0.0 drivers_injured, 0.0 drivers_killed, 0.0 passengers_injured, 0.0 passengers_killed, 0.0 pedestrian_injured, 0.0 pedestrian_killed, Fair (Night), EDSA Gen. Malvar St.  Caloocan",MMDA Road Safety Unit,,5695b720-6df3-4c4e-bf5f-a51b424d5493,2015-02-18,14:00:00,EDSA A. De Jesus St. uturn slot Caloocan,0,0,0,0,0,0,0,0,0,0,2015-02-18 22:00,Property,14.6573376,120.993091,Side Swipe
None,EDSA,None,None,"No Accident Factor, Rear-end, 0.0 drivers_injured, 0.0 drivers_killed, 0.0 passengers_injured, 0.0 passengers_killed, 0.0 pedestrian_injured, 0.0 pedestrian_killed, Fair (Day), EDSA MCU, Brgy. 84 Caloocan",MMDA Road Safety Unit,,670b161d-ba6a-4c95-833b-b92d8dc9c447,2015-02-18,02:55:00,EDSA Urbano Plata St. Caloocan,0,0,0,0,0,0,0,0,0,0,2015-02-18 10:55,Property,14.6573146,120.9860365,Rear-End
None,EDSA,None,None,"No Accident Factor, Rear-end, 0.0 drivers_injured, 0.0 drivers_killed, 0.0 passengers_injured, 0.0 passengers_killed, 0.0 pedestrian_injured, 0.0 pedestrian_killed, Fair (Day), EDSA BIR, Brgy. 138 Caloocan",MMDA Road Safety Unit,,520f9861-83ce-467c-b39a-b4a5962c0ebc,2015-02-18,01:30:00,EDSA A. De Jesu  uturn slot Caloocan,0,0,0,0,0,0,0,0,0,0,2015-02-18 9:30,Property,14.65731494,120.9912984,Rear-End
None,EDSA,None,None,"No Accident Factor, No Collision Stated (based on Police Blotter Book), 0.0 drivers_injured, 0.0 drivers_killed, 0.0 passengers_injured, 0.0 passengers_killed, 0.0 pedestrian_injured, 0.0 pedestrian_killed, Fair (Day), EDSA SSS, 138 Caloocan",MMDA Road Safety Unit,,b7b05df3-8da5-4439-ba56-130d494c14dc,2015-02-17,04:05:00,EDSA Biglang Awa Caloocan,0,0,0,0,0,0,0,0,0,0,2015-02-17 12:05,Property,14.65734341,120.9929338,No Collision Stated
None,EDSA,None,None,"No Accident Factor, Side Swipe, 0.0 drivers_injured, 0.0 drivers_killed, 0.0 passengers_injured, 0.0 passengers_killed, 0.0 pedestrian_injured, 0.0 pedestrian_killed, Fair (Day), EDSA SSS Caloocan",MMDA Road Safety Unit,,d6002c0f-417a-4c0f-98ac-ba0176d09087,2015-02-16,03:30:00,EDSA  A. De Jesus St. Caloocan,0,0,0,0,0,0,0,0,0,0,2015-02-16 11:30,Property,14.65734341,120.9929338,Side Swipe
None,EDSA,None,None,"No Accident Factor, Rear-end, 0.0 drivers_injured, 0.0 drivers_killed, 0.0 passengers_injured, 0.0 passengers_killed, 0.0 pedestrian_injured, 0.0 pedestrian_killed, Fair (Night), EDSA Simon St.  Caloocan",MMDA Road Safety Unit,,17601d93-2d74-401a-81cc-0bc2b7181a61,2015-02-13,19:00:00,EDSA before SSS Caloocan,0,0,0,0,0,0,0,0,0,0,2015-02-14 3:00,Property,14.6572222,120.9854611,Rear-End
None,EDSA,None,None,"No Accident Factor, Side Swipe, 0.0 drivers_injured, 0.0 drivers_killed, 0.0 passengers_injured, 0.0 passengers_killed, 0.0 pedestrian_injured, 0.0 pedestrian_killed, Fair (Night), EDSA MCU Hospital  Caloocan",MMDA Road Safety Unit,,6a358e8d-d44c-40df-ab8b-ee645822866f,2015-02-10,17:20:00,EDSA A. De Jesus Caloocan,0,0,0,0,0,0,0,0,0,0,2015-02-11 1:20,Property,14.6573146,120.9860365,Side Swipe
None,EDSA,None,None,"No Accident Factor, Side Swipe, 1.0 drivers_injured, 0.0 drivers_killed, 0.0 passengers_injured, 0.0 passengers_killed, 0.0 pedestrian_injured, 0.0 pedestrian_killed, Fair (Night), EDSA ""U"" turn slot, UCPB Caloocan",MMDA Road Safety Unit,,1251e1f4-f199-4ed7-9fa6-ab72c5389cda,2015-02-08,11:40:00,EDSA De Jesus St. Caloocan,0,0,0,1,0,0,0,0,0,1,2015-02-08 19:40,Injury,14.65720438,120.989848,Side Swipe
None,EDSA,None,None,"No Accident Factor, Side Swipe, 0.0 drivers_injured, 0.0 drivers_killed, 0.0 passengers_injured, 0.0 passengers_killed, 0.0 pedestrian_injured, 0.0 pedestrian_killed, Fair (Day), EDSA Bonifacio Memorial Circle Caloocan",MMDA Road Safety Unit,,65591722-e20c-4760-a40b-2bd9c6390658,2015-02-07,07:20:00,EDSA before MMDA uturn slot fronting RCBC Caloocan,0,0,0,0,0,0,0,0,0,0,2015-02-07 15:20,Property,14.65732796,120.9842086,Side Swipe
None,EDSA,None,None,"No Accident Factor, Rear-end, 1.0 drivers_injured, 0.0 drivers_killed, 0.0 passengers_injured, 0.0 passengers_killed, 0.0 pedestrian_injured, 0.0 pedestrian_killed, Fair (Night), EDSA SSS Bldg. Caloocan",MMDA Road Safety Unit,,abb05c17-372d-43ea-8855-bfc1686dbf40,2015-02-05,18:10:00,EDSA Gen.Tirona St. Caloocan,0,0,0,1,0,0,0,0,0,1,2015-02-06 2:10,Injury,14.65734341,120.9929338,Rear-End
None,EDSA,None,None,"No Accident Factor, Side Swipe, 0.0 drivers_injured, 0.0 drivers_killed, 0.0 passengers_injured, 0.0 passengers_killed, 0.0 pedestrian_injured, 0.0 pedestrian_killed, Fair (Day), EDSA Gen. Malvar St.  Caloocan",MMDA Road Safety Unit,,52f4d535-6896-428a-994b-3f7ee27ce7eb,2015-02-04,23:15:00,EDSA A. De Jesus  Caloocan,0,0,0,0,0,0,0,0,0,0,2015-02-05 7:15,Property,14.6573376,120.993091,Side Swipe
None,EDSA,None,None,"No Accident Factor, Side Swipe, 0.0 drivers_injured, 0.0 drivers_killed, 0.0 passengers_injured, 0.0 passengers_killed, 0.0 pedestrian_injured, 0.0 pedestrian_killed, Fair (Night), EDSA B. Serrano St. (PNB) Caloocan",MMDA Road Safety Unit,,fe8594e3-7a56-4a36-be8f-4a8fc513a535,2015-02-04,11:30:00,EDSA before A. De Jesus St. Caloocan,0,0,0,0,0,0,0,0,0,0,2015-02-04 19:30,Property,14.65712586,120.9882927,Side Swipe
None,EDSA,None,None,"No Accident Factor, Side Swipe, 0.0 drivers_injured, 0.0 drivers_killed, 0.0 passengers_injured, 0.0 passengers_killed, 0.0 pedestrian_injured, 0.0 pedestrian_killed, Fair (Day), EDSA Gen. Tinio St.  Caloocan",MMDA Road Safety Unit,,23bacf1a-02b1-4b1c-bee5-d8f38419e386,2015-02-03,23:45:00,"EDSA u-turn slot, A. De Jesus Caloocan",0,0,0,0,0,0,0,0,0,0,2015-02-04 7:45,Property,14.65727124,120.9902826,Side Swipe
None,EDSA,None,None,"No Accident Factor, No Collision Stated (based on Police Blotter Book), 0.0 drivers_injured, 0.0 drivers_killed, 0.0 passengers_injured, 0.0 passengers_killed, 0.0 pedestrian_injured, 0.0 pedestrian_killed, Fair (Day), EDSA SSS Bldg., 85 Caloocan",MMDA Road Safety Unit,,1dcf4079-8c82-48d3-9491-0d12936e7e21,2015-02-03,07:00:00,EDSA Bonifacio Memorial Circle Caloocan,0,0,0,0,0,0,0,0,0,0,2015-02-03 15:00,Property,14.65734341,120.9929338,No Collision Stated
None,EDSA,None,None,"No Accident Factor, Rear-end, 0.0 drivers_injured, 0.0 drivers_killed, 0.0 passengers_injured, 0.0 passengers_killed, 0.0 pedestrian_injured, 0.0 pedestrian_killed, Fair (Day), EDSA Mitsubishi Motors Caloocan",MMDA Road Safety Unit,,468ddc37-2b8b-4fa4-9454-69698846616e,2015-01-30,02:30:00,"EDSA u-turn slot, SSS Bldg. Caloocan",0,0,0,0,0,0,0,0,0,0,2015-01-30 10:30,Property,14.65742087,120.9946455,Rear-End
None,EDSA,None,None,"No Accident Factor, No Collision Stated (based on Police Blotter Book), 0.0 drivers_injured, 0.0 drivers_killed, 0.0 passengers_injured, 0.0 passengers_killed, 0.0 pedestrian_injured, 0.0 pedestrian_killed, Fair (Night), EDSA A. De Jesus St. Caloocan",MMDA Road Safety Unit,,09428b87-d691-464e-ad5a-7ef48fc1d03d,2015-01-26,13:45:00,EDSA A. De Jesus Street Caloocan,0,0,0,0,0,0,0,0,0,0,2015-01-26 21:45,Property,14.65712835,120.990432,No Collision Stated
None,EDSA,None,None,"No Accident Factor, Side Swipe, 0.0 drivers_injured, 0.0 drivers_killed, 0.0 passengers_injured, 0.0 passengers_killed, 0.0 pedestrian_injured, 0.0 pedestrian_killed, Fair (Night), EDSA ""U"" turn slot, SSS Caloocan",MMDA Road Safety Unit,,a1549c97-7daa-47cb-9ff1-4b514af7c5aa,2015-01-25,20:20:00,EDSA fronting Shakey's Pizza (EB) Caloocan,0,0,0,0,0,0,0,0,0,0,2015-01-26 4:20,Property,14.65717494,120.9930827,Side Swipe
None,EDSA,None,None,"No Accident Factor, Rear-end, 1.0 drivers_injured, 0.0 drivers_killed, 0.0 passengers_injured, 0.0 passengers_killed, 0.0 pedestrian_injured, 0.0 pedestrian_killed, Fair (Night), EDSA ""U"" turn slot, Gen. Tinio  Caloocan",MMDA Road Safety Unit,,b563d856-0a7f-45ad-a702-67ffd321811f,2015-01-25,16:30:00,EDSA MCU Hospital Caloocan,0,0,0,1,0,0,0,0,0,1,2015-01-26 0:30,Injury,14.65719112,120.9903884,Rear-End
None,EDSA,None,None,"No Accident Factor, Side Swipe, 0.0 drivers_injured, 0.0 drivers_killed, 0.0 passengers_injured, 0.0 passengers_killed, 0.0 pedestrian_injured, 0.0 pedestrian_killed, Fair (Day), EDSA Benin Caloocan",MMDA Road Safety Unit,,c0f386f3-cb45-4f8d-bfc7-282bf7b8943a,2015-01-25,07:45:00,EDSA A. De Jesus Caloocan,0,0,0,0,0,0,0,0,0,0,2015-01-25 15:45,Property,14.65705691,120.9855172,Side Swipe
None,EDSA,None,None,"No Accident Factor, Rear-end, 0.0 drivers_injured, 0.0 drivers_killed, 0.0 passengers_injured, 0.0 passengers_killed, 0.0 pedestrian_injured, 0.0 pedestrian_killed, Fair (Day), EDSA A. De Jesus St. Caloocan",MMDA Road Safety Unit,,fe753a4f-851a-4bfd-9427-ef26ecd57b66,2015-01-25,06:40:00,EDSA U Turn Slot Caloocan,0,0,0,0,0,0,0,0,0,0,2015-01-25 14:40,Property,14.65712835,120.990432,Rear-End
None,EDSA,None,None,"No Accident Factor, Side Swipe, 0.0 drivers_injured, 0.0 drivers_killed, 0.0 passengers_injured, 0.0 passengers_killed, 0.0 pedestrian_injured, 0.0 pedestrian_killed, Fair (Day), EDSA B. Serrano St. Caloocan",MMDA Road Safety Unit,,30c32d8e-506b-4f55-a95f-d04a67fb778e,2015-01-24,03:45:00,EDSA fronting MCU Hospital (WB) Caloocan,0,0,0,0,0,0,0,0,0,0,2015-01-24 11:45,Property,14.65712586,120.9882927,Side Swipe
None,EDSA,None,None,"No Accident Factor, Side Swipe, 0.0 drivers_injured, 0.0 drivers_killed, 0.0 passengers_injured, 0.0 passengers_killed, 0.0 pedestrian_injured, 0.0 pedestrian_killed, Fair (Day), EDSA Gen. Tinio St.  Caloocan",MMDA Road Safety Unit,,e433956f-c1ca-456f-9cf9-abfbaad2cca0,2015-01-23,03:40:00,EDSA A. De Jesus St. Caloocan,0,0,0,0,0,0,0,0,0,0,2015-01-23 11:40,Property,14.65727124,120.9902826,Side Swipe
None,EDSA,None,None,"No Accident Factor, Rear-end, 0.0 drivers_injured, 0.0 drivers_killed, 0.0 passengers_injured, 0.0 passengers_killed, 0.0 pedestrian_injured, 0.0 pedestrian_killed, Fair (Day), EDSA Biglang Awa St.  Caloocan",MMDA Road Safety Unit,,e5c925c5-73db-4b6c-920b-b570308294e3,2015-01-20,23:05:00,EDSA before Asuncion St. Caloocan,0,0,0,0,0,0,0,0,0,0,2015-01-21 7:05,Property,14.65719007,120.9944415,Rear-End
None,EDSA,None,None,"No Accident Factor, Rear-end, 0.0 drivers_injured, 0.0 drivers_killed, 0.0 passengers_injured, 0.0 passengers_killed, 0.0 pedestrian_injured, 0.0 pedestrian_killed, Fair (Day), EDSA Tinio St.  Caloocan",MMDA Road Safety Unit,,d6da86f3-8ad1-43e7-8233-d36b4548c206,2015-01-20,02:50:00,EDSA A. De Jesus St. Caloocan,0,0,0,0,0,0,0,0,0,0,2015-01-20 10:50,Property,14.65730215,120.9901507,Rear-End