LOCATION_TEXT,ROAD,WEATHER,LIGHT,DESC,REPORTING_AGENCY,MAIN_CAUSE,INCIDENTDETAILS_ID,DATE_UTC,TIME_UTC,ADDRESS,killed_driver,killed_passenger,killed_pedestrian,injured_driver,injured_passenger,injured_pedestrian,killed_uncategorized,injured_uncategorized,killed_total,injured_total,DATETIME_PST,SEVERITY,Y,X,COLLISION_TYPE
None,EDSA,None,None,"No Accident Factor, Side Swipe, 0.0 drivers_injured, 0.0 drivers_killed, 0.0 passengers_injured, 0.0 passengers_killed, 0.0 pedestrian_injured, 0.0 pedestrian_killed, Fair (Day), EDSA MCU, 84 Caloocan",MMDA Road Safety Unit,,25191544-295d-45c0-886c-7f6ab3a3d121,2015-01-16,07:30:00,EDSA A. De Jesus St. Caloocan,0,0,0,0,0,0,0,0,0,0,2015-01-16 15:30,Property,14.6573146,120.9860365,Side Swipe
None,EDSA,None,None,"No Accident Factor, Side Swipe, 0.0 drivers_injured, 0.0 drivers_killed, 0.0 passengers_injured, 0.0 passengers_killed, 0.0 pedestrian_injured, 0.0 pedestrian_killed, Fair (Night), EDSA Bonifacio Memorial Circle Caloocan",MMDA Road Safety Unit,,0c631e0a-df22-488e-8f7e-cf1e5415f561,2015-01-15,13:15:00,EDSA fronting MCU-FDTMF Hospital Caloocan,0,0,0,0,0,0,0,0,0,0,2015-01-15 21:15,Property,14.65732796,120.9842086,Side Swipe
None,EDSA,None,None,"No Accident Factor, Angle Impact, 0.0 drivers_injured, 0.0 drivers_killed, 0.0 passengers_injured, 0.0 passengers_killed, 0.0 pedestrian_injured, 0.0 pedestrian_killed, Fair (Day), EDSA A. De Jesus St. Caloocan",MMDA Road Safety Unit,,e2d14ef9-ced1-44f1-b6c8-9835f9a9b835,2015-01-15,08:50:00,EDSA A. De Jesus St. Caloocan,0,0,0,0,0,0,0,0,0,0,2015-01-15 16:50,Property,14.65712835,120.990432,Angle Impact
None,EDSA,None,None,"No Accident Factor, Side Swipe, 0.0 drivers_injured, 0.0 drivers_killed, 0.0 passengers_injured, 0.0 passengers_killed, 0.0 pedestrian_injured, 0.0 pedestrian_killed, Fair (Day), EDSA ""U"" turn slot, Gen. Tinio St., 87 Caloocan",MMDA Road Safety Unit,,a496cad0-aa6d-4fe5-967a-6de370fbf30c,2015-01-13,04:00:00,"EDSA fronting 711 Convenience Store, after Asuncion St. Caloocan",0,0,0,0,0,0,0,0,0,0,2015-01-13 12:00,Property,14.65719112,120.9903884,Side Swipe
None,EDSA,None,None,"No Accident Factor, Side Swipe, 1.0 drivers_injured, 0.0 drivers_killed, 0.0 passengers_injured, 0.0 passengers_killed, 0.0 pedestrian_injured, 0.0 pedestrian_killed, Fair (Day), EDSA Bonifacio Memorial Circle Caloocan",MMDA Road Safety Unit,,f906881a-9a01-4c4c-8298-208632eb1d02,2015-01-12,03:05:00,EDSA MCU-FDTMF Hospital Caloocan,0,0,0,1,0,0,0,0,0,1,2015-01-12 11:05,Injury,14.65732796,120.9842086,Side Swipe
None,EDSA,None,None,"No Accident Factor, Rear-end, 0.0 drivers_injured, 0.0 drivers_killed, 0.0 passengers_injured, 0.0 passengers_killed, 0.0 pedestrian_injured, 0.0 pedestrian_killed, Fair (Day), EDSA Gen. Malvar St.  Caloocan",MMDA Road Safety Unit,,86a380fa-b75c-4f3a-ba98-b8fe026d1825,2015-01-11,23:15:00,EDSA Gen. Malvar St. Caloocan,0,0,0,0,0,0,0,0,0,0,2015-01-12 7:15,Property,14.6573376,120.993091,Rear-End
None,EDSA,None,None,"No Accident Factor, Hit and Run (Angle Impact), 0.0 drivers_injured, 0.0 drivers_killed, 0.0 passengers_injured, 0.0 passengers_killed, 0.0 pedestrian_injured, 0.0 pedestrian_killed, Fair (Day), EDSA Arellano St.  Caloocan",MMDA Road Safety Unit,,6acc1b0e-ce5e-40f7-b7bb-0d056bc03e86,2015-01-11,00:20:00,EDSA fronting MCU-FDTMF Hospital Caloocan,0,0,0,0,0,0,0,0,0,0,2015-01-11 8:20,Property,14.65731237,120.9923839,Angle Impact
None,EDSA,None,None,"No Accident Factor, Rear-end, 0.0 drivers_injured, 0.0 drivers_killed, 0.0 passengers_injured, 0.0 passengers_killed, 0.0 pedestrian_injured, 0.0 pedestrian_killed, Fair (Day), EDSA A. De Jesus St. Caloocan",MMDA Road Safety Unit,,e50d6aa4-6997-477d-924e-151cfde538e2,2015-01-04,23:40:00,EDSA A. De Jesus St. Caloocan,0,0,0,0,0,0,0,0,0,0,2015-01-05 7:40,Property,14.65712835,120.990432,Rear-End
None,EDSA,None,None,"No Accident Factor, Angle Impact, 0.0 drivers_injured, 0.0 drivers_killed, 0.0 passengers_injured, 0.0 passengers_killed, 0.0 pedestrian_injured, 0.0 pedestrian_killed, Fair (Day), EDSA A. De Jesus St. Caloocan",MMDA Road Safety Unit,,cea823f7-eead-4433-83fd-9aa61eab04cc,2015-01-03,05:20:00,EDSA A. De Jesus St. Caloocan,0,0,0,0,0,0,0,0,0,0,2015-01-03 13:20,Property,14.65712835,120.990432,Angle Impact
None,EDSA,None,None,"No Accident Factor, Angle Impact, 0.0 drivers_injured, 0.0 drivers_killed, 2.0 passengers_injured, 0.0 passengers_killed, 0.0 pedestrian_injured, 0.0 pedestrian_killed, Fair (Day), EDSA A. De Jesus St. Caloocan",MMDA Road Safety Unit,,280dc0df-0356-4db5-900a-e4e74c121ff0,2015-01-01,05:45:00,EDSA M. Ponce St. Caloocan,0,0,0,0,2,0,0,0,0,2,2015-01-01 13:45,Injury,14.65712835,120.990432,Angle Impact
None,EDSA,None,None,"No Accident Factor, Side Swipe, 0.0 drivers_injured, 0.0 drivers_killed, 0.0 passengers_injured, 0.0 passengers_killed, 0.0 pedestrian_injured, 0.0 pedestrian_killed, Fair (Night), EDSA Bonifacio Memorial Center Caloocan",MMDA Road Safety Unit,,8eaa8aea-b8b1-4db5-b065-583505db2178,2014-12-24,12:00:00,EDSA after De Jesus St. Caloocan,0,0,0,0,0,0,0,0,0,0,2014-12-24 20:00,Property,14.65732796,120.9842086,Side Swipe
None,EDSA,None,None,"No Accident Factor, Side Swipe, 0.0 drivers_injured, 0.0 drivers_killed, 0.0 passengers_injured, 0.0 passengers_killed, 0.0 pedestrian_injured, 0.0 pedestrian_killed, Fair (Day), EDSA Malvar St.  Caloocan",MMDA Road Safety Unit,,386865ef-143d-42be-8dbb-facf35904e90,2014-12-24,06:25:00,EDSA fronting MCU-FDTMF Hospital Caloocan,0,0,0,0,0,0,0,0,0,0,2014-12-24 14:25,Property,14.65729555,120.9930964,Side Swipe
None,EDSA,None,None,"No Accident Factor, Side Swipe, 0.0 drivers_injured, 0.0 drivers_killed, 0.0 passengers_injured, 0.0 passengers_killed, 0.0 pedestrian_injured, 0.0 pedestrian_killed, Fair (Night), EDSA MCU Caloocan",MMDA Road Safety Unit,,da5ca02c-db05-4521-932f-3576e7812554,2014-12-23,10:30:00,EDSA fronting Max's Restaurant Caloocan,0,0,0,0,0,0,0,0,0,0,2014-12-23 18:30,Property,14.6573146,120.9860365,Side Swipe
None,EDSA,None,None,"No Accident Factor, Side Swipe, 0.0 drivers_injured, 0.0 drivers_killed, 0.0 passengers_injured, 0.0 passengers_killed, 0.0 pedestrian_injured, 0.0 pedestrian_killed, Fair (Day), EDSA MCU Caloocan",MMDA Road Safety Unit,,4721066e-1b00-4339-9ab0-7a68e961a15e,2014-12-23,07:20:00,EDSA A. De Jesus St. Caloocan,0,0,0,0,0,0,0,0,0,0,2014-12-23 15:20,Property,14.6573146,120.9860365,Side Swipe
None,EDSA,None,None,"No Accident Factor, Side Swipe, 0.0 drivers_injured, 0.0 drivers_killed, 0.0 passengers_injured, 0.0 passengers_killed, 0.0 pedestrian_injured, 0.0 pedestrian_killed, Fair (Night), EDSA Gen. Malvar St.  Caloocan",MMDA Road Safety Unit,,1d05d4ae-3eb7-43b1-93aa-2eb162c783a6,2014-12-22,16:05:00,EDSA De Jesus St. Caloocan,0,0,0,0,0,0,0,0,0,0,2014-12-23 0:05,Property,14.6573376,120.993091,Side Swipe
None,EDSA,None,None,"No Accident Factor, Side Swipe, 0.0 drivers_injured, 0.0 drivers_killed, 0.0 passengers_injured, 0.0 passengers_killed, 0.0 pedestrian_injured, 0.0 pedestrian_killed, Fair (Night), EDSA B. Serrano St.  Caloocan",MMDA Road Safety Unit,,d6cfb3fe-0c52-40b5-98bc-e4a1da2299b5,2014-12-22,14:15:00,"EDSA at ""U"" turn slot, Gen. Malvar St. Caloocan",0,0,0,0,0,0,0,0,0,0,2014-12-22 22:15,Property,14.65712586,120.9882927,Side Swipe
None,EDSA,None,None,"No Accident Factor, Side Swipe, 0.0 drivers_injured, 0.0 drivers_killed, 0.0 passengers_injured, 0.0 passengers_killed, 0.0 pedestrian_injured, 0.0 pedestrian_killed, Fair (Day), EDSA J. Mariano St.  Caloocan",MMDA Road Safety Unit,,6638882e-1228-4c10-9133-1401dc53df8d,2014-12-22,04:30:00,"EDSA Gen. Tirona St., Bagong Barrio Caloocan",0,0,0,0,0,0,0,0,0,0,2014-12-22 12:30,Property,14.6571996,120.9986924,Side Swipe
None,EDSA,None,None,"No Accident Factor, Side Swipe, 0.0 drivers_injured, 0.0 drivers_killed, 0.0 passengers_injured, 0.0 passengers_killed, 0.0 pedestrian_injured, 0.0 pedestrian_killed, Fair (Night), EDSA B. Serrano St.  Caloocan",MMDA Road Safety Unit,,08b34874-239f-4851-aa35-451ab40b59e8,2014-12-19,10:25:00,EDSA before De Jesus Caloocan,0,0,0,0,0,0,0,0,0,0,2014-12-19 18:25,Property,14.65712586,120.9882927,Side Swipe
None,EDSA,None,None,"No Accident Factor, Side Swipe, 1.0 drivers_injured, 0.0 drivers_killed, 0.0 passengers_injured, 0.0 passengers_killed, 0.0 pedestrian_injured, 0.0 pedestrian_killed, Fair (Day), EDSA Gen. Tinio St.  Caloocan",MMDA Road Safety Unit,,88525eeb-1fe6-4242-ad5a-f2ba55bb1383,2014-12-19,04:45:00,EDSA before De Jesus Caloocan,0,0,0,1,0,0,0,0,0,1,2014-12-19 12:45,Injury,14.65727124,120.9902826,Side Swipe
None,EDSA,None,None,"No Accident Factor, Angle Impact, 0.0 drivers_injured, 0.0 drivers_killed, 0.0 passengers_injured, 0.0 passengers_killed, 0.0 pedestrian_injured, 0.0 pedestrian_killed, Fair (Night), EDSA A. De Jesus St.  Caloocan",MMDA Road Safety Unit,,aa032e49-7f48-4c95-b8f6-f957bd6bb8b1,2014-12-17,15:45:00,EDSA 8th St. Caloocan,0,0,0,0,0,0,0,0,0,0,2014-12-17 23:45,Property,14.65709631,120.9904323,Angle Impact
None,EDSA,None,None,"No Accident Factor, Rear-end, 0.0 drivers_injured, 0.0 drivers_killed, 0.0 passengers_injured, 0.0 passengers_killed, 0.0 pedestrian_injured, 0.0 pedestrian_killed, Fair (Day), EDSA MCU Caloocan",MMDA Road Safety Unit,,ebdb0e05-868a-4786-ad51-a575edf95222,2014-12-17,07:30:00,EDSA fronting MCU Hospital Caloocan,0,0,0,0,0,0,0,0,0,0,2014-12-17 15:30,Property,14.6573146,120.9860365,Rear-End
None,EDSA,None,None,"No Accident Factor, Side Swipe, 0.0 drivers_injured, 0.0 drivers_killed, 0.0 passengers_injured, 0.0 passengers_killed, 0.0 pedestrian_injured, 0.0 pedestrian_killed, Fair (Day), EDSA Honda Motors Caloocan",MMDA Road Safety Unit,,f1a548d5-7efd-4ae0-b036-db0b76af8368,2014-12-17,00:30:00,EDSA after E. De Jesus Caloocan,0,0,0,0,0,0,0,0,0,0,2014-12-17 8:30,Property,14.65713601,120.9973468,Side Swipe
None,EDSA,None,None,"No Accident Factor, Side Swipe, 0.0 drivers_injured, 0.0 drivers_killed, 0.0 passengers_injured, 0.0 passengers_killed, 0.0 pedestrian_injured, 0.0 pedestrian_killed, Fair (Day), EDSA MCU Caloocan",MMDA Road Safety Unit,,2f2424c1-a18f-4233-8200-c0caa80f80fc,2014-12-16,23:15:00,EDSA after E. De Jesus Caloocan,0,0,0,0,0,0,0,0,0,0,2014-12-17 7:15,Property,14.6573146,120.9860365,Side Swipe
None,EDSA,None,None,"No Accident Factor, Angle Impact, 1.0 drivers_injured, 0.0 drivers_killed, 0.0 passengers_injured, 0.0 passengers_killed, 0.0 pedestrian_injured, 0.0 pedestrian_killed, Fair (Night), EDSA A. De Jesus St.  Caloocan",MMDA Road Safety Unit,,eb8c7154-8a28-4929-8621-3fead3f78eb9,2014-12-15,13:45:00,EDSA Simon St. Caloocan,0,0,0,1,0,0,0,0,0,1,2014-12-15 21:45,Injury,14.65709631,120.9904323,Angle Impact
None,EDSA,None,None,"No Accident Factor, Multiple Collision, 0.0 drivers_injured, 0.0 drivers_killed, 0.0 passengers_injured, 0.0 passengers_killed, 0.0 pedestrian_injured, 0.0 pedestrian_killed, Fair (Day), EDSA A. De Jesus St.  Caloocan",MMDA Road Safety Unit,,11ae3186-b4ae-48a2-b084-c5ba641571cb,2014-12-15,03:00:00,EDSA G. Malvar Caloocan,0,0,0,0,0,0,0,0,0,0,2014-12-15 11:00,Property,14.65709631,120.9904323,Multiple
None,EDSA,None,None,"No Accident Factor, No Collision Stated (based on Police Blotter Book), 0.0 drivers_injured, 0.0 drivers_killed, 0.0 passengers_injured, 0.0 passengers_killed, 0.0 pedestrian_injured, 0.0 pedestrian_killed, Fair (Night), EDSA B. Serrano St.  Caloocan",MMDA Road Safety Unit,,d3f1bf51-0976-4f9b-b7d0-b35ce92a577d,2014-12-13,13:30:00,EDSA fronting MCU-FDTMF Hospital Caloocan,0,0,0,0,0,0,0,0,0,0,2014-12-13 21:30,Property,14.65712586,120.9882927,No Collision Stated
None,EDSA,None,None,"No Accident Factor, Side Swipe, 0.0 drivers_injured, 0.0 drivers_killed, 0.0 passengers_injured, 0.0 passengers_killed, 0.0 pedestrian_injured, 0.0 pedestrian_killed, Fair (Day), EDSA Bonifacio Memorial Center Caloocan",MMDA Road Safety Unit,,10e4b933-dd11-41f5-891c-9105d3ffe266,2014-12-13,07:20:00,EDSA A. De Jesus St. Caloocan,0,0,0,0,0,0,0,0,0,0,2014-12-13 15:20,Property,14.65732796,120.9842086,Side Swipe
None,EDSA,None,None,"No Accident Factor, Hit and Run (Angle Impact), 0.0 drivers_injured, 0.0 drivers_killed, 0.0 passengers_injured, 0.0 passengers_killed, 0.0 pedestrian_injured, 0.0 pedestrian_killed, Fair (Night), EDSA MCU Caloocan",MMDA Road Safety Unit,,b4182f4d-a878-4a32-b4b2-fcb1f9baf622,2014-12-12,14:30:00,EDSA Gen. Tinio St. Caloocan,0,0,0,0,0,0,0,0,0,0,2014-12-12 22:30,Property,14.6573146,120.9860365,Angle Impact
None,EDSA,None,None,"No Accident Factor, Side Swipe, 0.0 drivers_injured, 0.0 drivers_killed, 0.0 passengers_injured, 0.0 passengers_killed, 0.0 pedestrian_injured, 0.0 pedestrian_killed, Fair (Day), EDSA G. De Jesus St.  Caloocan",MMDA Road Safety Unit,,2ef2329a-28ca-48c8-8daf-0e7f426ef7e5,2014-12-12,05:45:00,EDSA fronting Pag-ibig Caloocan,0,0,0,0,0,0,0,0,0,0,2014-12-12 13:45,Property,14.65744883,120.9978673,Side Swipe
None,EDSA,None,None,"No Accident Factor, Side Swipe, 0.0 drivers_injured, 0.0 drivers_killed, 0.0 passengers_injured, 0.0 passengers_killed, 0.0 pedestrian_injured, 0.0 pedestrian_killed, Fair (Night), EDSA Bonifacio Memorial Center Caloocan",MMDA Road Safety Unit,,ec9445c1-b43b-4c1e-8d08-1a36d0590629,2014-12-11,11:00:00,EDSA across B. Serrano St. (5th St.) Caloocan,0,0,0,0,0,0,0,0,0,0,2014-12-11 19:00,Property,14.65732796,120.9842086,Side Swipe
None,EDSA,None,None,"No Accident Factor, Side Swipe, 0.0 drivers_injured, 0.0 drivers_killed, 0.0 passengers_injured, 0.0 passengers_killed, 0.0 pedestrian_injured, 0.0 pedestrian_killed, Fair (Night), EDSA B. Serrano St.  Caloocan",MMDA Road Safety Unit,,0806c153-8966-45f2-9585-8ad266451503,2014-12-10,20:00:00,EDSA A. De Jesus St. Caloocan,0,0,0,0,0,0,0,0,0,0,2014-12-11 4:00,Property,14.65712586,120.9882927,Side Swipe
None,EDSA,None,None,"No Accident Factor, Side Swipe, 0.0 drivers_injured, 0.0 drivers_killed, 0.0 passengers_injured, 0.0 passengers_killed, 0.0 pedestrian_injured, 0.0 pedestrian_killed, Fair (Day), EDSA ""U"" turn slot, SSS Caloocan",MMDA Road Safety Unit,,b2d3f39c-3f7a-496a-addf-0bb6de075b24,2014-12-07,23:45:00,EDSA fronting Sogo Hotel Caloocan,0,0,0,0,0,0,0,0,0,0,2014-12-08 7:45,Property,14.65717494,120.9930827,Side Swipe
None,EDSA,None,None,"No Accident Factor, Side Swipe, 0.0 drivers_injured, 0.0 drivers_killed, 0.0 passengers_injured, 0.0 passengers_killed, 0.0 pedestrian_injured, 0.0 pedestrian_killed, Fair (Day), EDSA ""U"" turn slot, Malvar St.  Caloocan",MMDA Road Safety Unit,,8960c0fa-2aa3-483f-870d-752fa1c331e6,2014-12-05,02:45:00,EDSA before Pag-ibig Caloocan,0,0,0,0,0,0,0,0,0,0,2014-12-05 10:45,Property,14.65723423,120.9930566,Side Swipe
None,EDSA,None,None,"No Accident Factor, Side Swipe, 0.0 drivers_injured, 0.0 drivers_killed, 0.0 passengers_injured, 0.0 passengers_killed, 0.0 pedestrian_injured, 0.0 pedestrian_killed, Fair (Night), EDSA MCU Caloocan",MMDA Road Safety Unit,,22f9549d-a67f-47b3-b01d-7a54741b0a35,2014-12-04,16:00:00,EDSA fronting MCU-FDTMF Hospital Caloocan,0,0,0,0,0,0,0,0,0,0,2014-12-05,Property,14.6573146,120.9860365,Side Swipe
None,EDSA,None,None,"No Accident Factor, Side Swipe, 0.0 drivers_injured, 0.0 drivers_killed, 0.0 passengers_injured, 0.0 passengers_killed, 0.0 pedestrian_injured, 0.0 pedestrian_killed, Fair (Day), EDSA B. Serrano St.  Caloocan",MMDA Road Safety Unit,,4cb04151-64db-4438-8d30-35224a3402ba,2014-12-04,05:50:00,"EDSA before ""U"" turn slot, before A. De Jesus St. Caloocan",0,0,0,0,0,0,0,0,0,0,2014-12-04 13:50,Property,14.65712586,120.9882927,Side Swipe
None,EDSA,None,None,"No Accident Factor, Side Swipe, 0.0 drivers_injured, 0.0 drivers_killed, 0.0 passengers_injured, 0.0 passengers_killed, 0.0 pedestrian_injured, 0.0 pedestrian_killed, Fair (Night), EDSA MCU Caloocan",MMDA Road Safety Unit,,1eec1973-ae7c-4dec-be55-0ebd7dc38d83,2014-11-30,12:15:00,EDSA fronting SSS Caloocan,0,0,0,0,0,0,0,0,0,0,2014-11-30 20:15,Property,14.6573146,120.9860365,Side Swipe
None,EDSA,None,None,"No Accident Factor, Side Swipe, 0.0 drivers_injured, 0.0 drivers_killed, 0.0 passengers_injured, 0.0 passengers_killed, 0.0 pedestrian_injured, 0.0 pedestrian_killed, Fair (Day), EDSA B. Serrano St.  Caloocan",MMDA Road Safety Unit,,c54c05d5-a8d8-498b-aa53-dd2483ae0ad0,2014-11-30,04:30:00,EDSA before M. Ponce St. Caloocan,0,0,0,0,0,0,0,0,0,0,2014-11-30 12:30,Property,14.65712586,120.9882927,Side Swipe
None,EDSA,None,None,"No Accident Factor, No Collision Stated (based on Police Blotter Book), 0.0 drivers_injured, 0.0 drivers_killed, 0.0 passengers_injured, 0.0 passengers_killed, 0.0 pedestrian_injured, 0.0 pedestrian_killed, Fair (Day), EDSA B. Serrano St.  Caloocan",MMDA Road Safety Unit,,460a8eac-adcd-4522-82d0-97307696e2f7,2014-11-28,23:40:00,EDSA before Gen. Tirona St. Caloocan,0,0,0,0,0,0,0,0,0,0,2014-11-29 7:40,Property,14.65712586,120.9882927,No Collision Stated
None,EDSA,None,None,"No Accident Factor, Side Swipe, 0.0 drivers_injured, 0.0 drivers_killed, 0.0 passengers_injured, 0.0 passengers_killed, 0.0 pedestrian_injured, 0.0 pedestrian_killed, Fair (Night), EDSA Bonifacio Memorial Circle Caloocan",MMDA Road Safety Unit,,2080de01-6095-48c3-afe6-0a4f18ce2d61,2014-11-28,13:25:00,EDSA across A. De Jesus St. Caloocan,0,0,0,0,0,0,0,0,0,0,2014-11-28 21:25,Property,14.65732796,120.9842086,Side Swipe
None,EDSA,None,None,"No Accident Factor, Angle Impact, 0.0 drivers_injured, 0.0 drivers_killed, 0.0 passengers_injured, 0.0 passengers_killed, 0.0 pedestrian_injured, 0.0 pedestrian_killed, Fair (Night), EDSA Eastwest Bank Caloocan",MMDA Road Safety Unit,,76e60f9c-b546-4444-8a53-c6a90ea25be7,2014-11-28,12:00:00,EDSA fronting MCU-FDTMF Hospital Caloocan,0,0,0,0,0,0,0,0,0,0,2014-11-28 20:00,Property,14.65704711,120.9912138,Angle Impact
None,EDSA,None,None,"No Accident Factor, Rear-end, 0.0 drivers_injured, 0.0 drivers_killed, 0.0 passengers_injured, 0.0 passengers_killed, 0.0 pedestrian_injured, 0.0 pedestrian_killed, Fair (Day), EDSA U-turn slot, SSS Building Caloocan",MMDA Road Safety Unit,,9a9808e6-3990-4539-a6b4-fcc71bf70637,2014-11-28,07:15:00,EDSA Gen. Tirona St. Caloocan,0,0,0,0,0,0,0,0,0,0,2014-11-28 15:15,Property,14.6573762,120.9875993,Rear-End
None,EDSA,None,None,"No Accident Factor, No Collision Stated (based on Police Blotter Book), 0.0 drivers_injured, 0.0 drivers_killed, 0.0 passengers_injured, 0.0 passengers_killed, 0.0 pedestrian_injured, 0.0 pedestrian_killed, Fair (Night), EDSA 8th St.  Caloocan",MMDA Road Safety Unit,,f677ca0a-670a-4148-84f4-21501b8fb536,2014-11-27,15:30:00,EDSA A. De Jesus St. Caloocan,0,0,0,0,0,0,0,0,0,0,2014-11-27 23:30,Property,14.6571119,120.9903828,No Collision Stated
None,EDSA,None,None,"No Accident Factor, Angle Impact, 0.0 drivers_injured, 0.0 drivers_killed, 0.0 passengers_injured, 0.0 passengers_killed, 0.0 pedestrian_injured, 0.0 pedestrian_killed, Fair (Night), EDSA A. De Jesus St.  Caloocan",MMDA Road Safety Unit,,0fd50333-3fb5-44e2-aa80-b6c6a4d95ee5,2014-11-27,13:00:00,EDSA Gen. Malvar St. Caloocan,0,0,0,0,0,0,0,0,0,0,2014-11-27 21:00,Property,14.65709631,120.9904323,Angle Impact
None,EDSA,None,None,"No Accident Factor, Angle Impact, 0.0 drivers_injured, 0.0 drivers_killed, 0.0 passengers_injured, 0.0 passengers_killed, 0.0 pedestrian_injured, 0.0 pedestrian_killed, Fair (Day), EDSA Gen. Malvar ""U"" turn slot  Caloocan",MMDA Road Safety Unit,,1af8cb40-f7b9-4156-adea-6cc2b75858f9,2014-11-25,22:00:00,EDSA fronting Clover Inn Hotel(WB) Caloocan,0,0,0,0,0,0,0,0,0,0,2014-11-26 6:00,Property,14.6573376,120.993091,Angle Impact
None,EDSA,None,None,"No Accident Factor, Rear-end, 0.0 drivers_injured, 0.0 drivers_killed, 0.0 passengers_injured, 0.0 passengers_killed, 0.0 pedestrian_injured, 0.0 pedestrian_killed, Fair (Day), EDSA Gen. Simon St.  Caloocan",MMDA Road Safety Unit,,2bfafa6d-cf90-40a3-bc25-a869009a7c63,2014-11-23,07:35:00,EDSA A. De Jesus Caloocan,0,0,0,0,0,0,0,0,0,0,2014-11-23 15:35,Property,14.65727772,120.9854774,Rear-End
None,EDSA,None,None,"No Accident Factor, Side Swipe, 0.0 drivers_injured, 0.0 drivers_killed, 0.0 passengers_injured, 0.0 passengers_killed, 0.0 pedestrian_injured, 0.0 pedestrian_killed, Fair (Night), EDSA Biglang Awa Caloocan",MMDA Road Safety Unit,,5f160050-085d-4c60-90c8-5affefaf811a,2014-11-22,14:00:00,EDSA Gen. Malvar Caloocan,0,0,0,0,0,0,0,0,0,0,2014-11-22 22:00,Property,14.65719007,120.9944415,Side Swipe
None,EDSA,None,None,"No Accident Factor, Rear-end, 0.0 drivers_injured, 0.0 drivers_killed, 0.0 passengers_injured, 0.0 passengers_killed, 0.0 pedestrian_injured, 0.0 pedestrian_killed, Fair (Day), EDSA Biglang Awa Caloocan",MMDA Road Safety Unit,,530f0aae-b2c1-4a01-89a8-5265ba9290cd,2014-11-20,00:05:00,EDSA A. De Jesus St. Caloocan,0,0,0,0,0,0,0,0,0,0,2014-11-20 8:05,Property,14.65719007,120.9944415,Rear-End
None,EDSA,None,None,"No Accident Factor, Side Swipe, 0.0 drivers_injured, 0.0 drivers_killed, 0.0 passengers_injured, 0.0 passengers_killed, 0.0 pedestrian_injured, 0.0 pedestrian_killed, Fair (Day), EDSA SSS Bldg.  Caloocan",MMDA Road Safety Unit,,3f091df0-3b65-4988-adac-8d92b453ae58,2014-11-18,02:00:00,EDSA fronting SSS Caloocan,0,0,0,0,0,0,0,0,0,0,2014-11-18 10:00,Property,14.65734341,120.9929338,Side Swipe
None,EDSA,None,None,"No Accident Factor, Side Swipe, 0.0 drivers_injured, 0.0 drivers_killed, 0.0 passengers_injured, 0.0 passengers_killed, 0.0 pedestrian_injured, 0.0 pedestrian_killed, Fair (Day), EDSA ""U"" turn slot, A. De Jesus St.  Caloocan",MMDA Road Safety Unit,,b3fa06e6-84a1-4ca3-928b-af1c92f7e133,2014-11-15,01:40:00,EDSA Gen. Malvar St. Caloocan,0,0,0,0,0,0,0,0,0,0,2014-11-15 9:40,Property,14.65718525,120.9904007,Side Swipe
None,EDSA,None,None,"No Accident Factor, Side Swipe, 0.0 drivers_injured, 0.0 drivers_killed, 0.0 passengers_injured, 0.0 passengers_killed, 0.0 pedestrian_injured, 0.0 pedestrian_killed, Fair (Day), EDSA Bonifacio Memorial Circle  Caloocan",MMDA Road Safety Unit,,2870e7e9-348d-4dc2-a9cd-2dc98306df30,2014-11-13,05:45:00,EDSA A. De Jesus St. Caloocan,0,0,0,0,0,0,0,0,0,0,2014-11-13 13:45,Property,14.65732796,120.9842086,Side Swipe
None,EDSA,None,None,"No Accident Factor, Angle Impact, 0.0 drivers_injured, 0.0 drivers_killed, 0.0 passengers_injured, 0.0 passengers_killed, 0.0 pedestrian_injured, 0.0 pedestrian_killed, Fair (Day), EDSA Malvar St.  Caloocan",MMDA Road Safety Unit,,c677064f-789d-4085-a5d6-a0321ef98434,2014-11-09,23:20:00,EDSA fronting Uni-Oil Gas Station Caloocan,0,0,0,0,0,0,0,0,0,0,2014-11-10 7:20,Property,14.65729555,120.9930964,Angle Impact
None,EDSA,None,None,"No Accident Factor, Angle Impact, 1.0 drivers_injured, 0.0 drivers_killed, 0.0 passengers_injured, 0.0 passengers_killed, 0.0 pedestrian_injured, 0.0 pedestrian_killed, Fair (Day), EDSA A. De Jesus St.  Caloocan",MMDA Road Safety Unit,,3d21a4d3-e67c-47c3-bc46-437c562b757d,2014-11-08,05:45:00,EDSA fronting Toyota Caloocan,0,0,0,1,0,0,0,0,0,1,2014-11-08 13:45,Injury,14.65709631,120.9904323,Angle Impact
None,EDSA,None,None,"No Accident Factor, Side Swipe, 0.0 drivers_injured, 0.0 drivers_killed, 0.0 passengers_injured, 0.0 passengers_killed, 0.0 pedestrian_injured, 0.0 pedestrian_killed, Fair (Day), EDSA B. Serrano St.  Caloocan",MMDA Road Safety Unit,,0866bbc7-a0ef-463a-9a60-e53f921eb23b,2014-11-08,04:30:00,EDSA A. De Jesus Caloocan,0,0,0,0,0,0,0,0,0,0,2014-11-08 12:30,Property,14.65712586,120.9882927,Side Swipe
None,EDSA,None,None,"No Accident Factor, Angle Impact, 0.0 drivers_injured, 0.0 drivers_killed, 0.0 passengers_injured, 0.0 passengers_killed, 0.0 pedestrian_injured, 0.0 pedestrian_killed, Fair (Day), EDSA A. De Jesus St.  Caloocan",MMDA Road Safety Unit,,4d50744b-c5fb-48a0-a616-c26923fc81d7,2014-11-02,06:10:00,EDSA fronting SSS Bldg. Caloocan,0,0,0,0,0,0,0,0,0,0,2014-11-02 14:10,Property,14.65709631,120.9904323,Angle Impact