LOCATION_TEXT,ROAD,WEATHER,LIGHT,DESC,REPORTING_AGENCY,MAIN_CAUSE,INCIDENTDETAILS_ID,DATE_UTC,TIME_UTC,ADDRESS,killed_driver,killed_passenger,killed_pedestrian,injured_driver,injured_passenger,injured_pedestrian,killed_uncategorized,injured_uncategorized,killed_total,injured_total,DATETIME_PST,SEVERITY,Y,X,COLLISION_TYPE
None,EDSA,None,None,"No Accident Factor, No Collision Stated (based on Police Blotter Book), 0.0 drivers_injured, 0.0 drivers_killed, 0.0 passengers_injured, 0.0 passengers_killed, 0.0 pedestrian_injured, 0.0 pedestrian_killed, Fair (Day), EDSA A. De Jesus St.  Caloocan",MMDA Road Safety Unit,,37052038-c38f-49f7-bc3f-31971e127c21,2014-11-01,01:00:00,EDSA fronting BIR Office(WB) Caloocan,0,0,0,0,0,0,0,0,0,0,2014-11-01 9:00,Property,14.65709631,120.9904323,No Collision Stated
None,EDSA,None,None,"No Accident Factor, Side Swipe, 0.0 drivers_injured, 0.0 drivers_killed, 0.0 passengers_injured, 0.0 passengers_killed, 0.0 pedestrian_injured, 0.0 pedestrian_killed, Fair (Day), EDSA ""U"" turn slot (SSS Bldg.) Caloocan",MMDA Road Safety Unit,,b3dbbd08-8ec6-470e-95d6-b7e998cf5a40,2014-10-31,07:30:00,EDSA before G. Terona St. Caloocan,0,0,0,0,0,0,0,0,0,0,2014-10-31 15:30,Property,14.65726109,120.9930917,Side Swipe
None,EDSA,None,None,"No Accident Factor, Side Swipe, 0.0 drivers_injured, 0.0 drivers_killed, 1.0 passengers_injured, 0.0 passengers_killed, 0.0 pedestrian_injured, 0.0 pedestrian_killed, Fair (Day), EDSA ""U"" turn slot, A. De Jesus St.  Caloocan",MMDA Road Safety Unit,,74287aae-8e1f-4d77-ba1c-ffa467a3ab2a,2014-10-27,08:00:00,EDSA Gen. Malvar St. Caloocan,0,0,0,0,1,0,0,0,0,1,2014-10-27 16:00,Injury,14.65718525,120.9904007,Side Swipe
None,EDSA,None,None,"No Accident Factor, Angle Impact, 0.0 drivers_injured, 0.0 drivers_killed, 0.0 passengers_injured, 0.0 passengers_killed, 0.0 pedestrian_injured, 0.0 pedestrian_killed, Fair (Night), EDSA A. De Jesus St.  Caloocan",MMDA Road Safety Unit,,6bdbb029-06fe-4154-8e94-395817199e57,2014-10-23,12:35:00,"EDSA at ""U"" turn slot, Gen. Malvar St. Caloocan",0,0,0,0,0,0,0,0,0,0,2014-10-23 20:35,Property,14.65709631,120.9904323,Angle Impact
None,EDSA,None,None,"No Accident Factor, Angle Impact, 0.0 drivers_injured, 0.0 drivers_killed, 0.0 passengers_injured, 0.0 passengers_killed, 0.0 pedestrian_injured, 0.0 pedestrian_killed, Fair (Day), EDSA A. De Jesus St.  Caloocan",MMDA Road Safety Unit,,5b749edf-818c-4811-a95a-40285311c062,2014-10-22,08:35:00,EDSA Fronting TOYOTA  Caloocan,0,0,0,0,0,0,0,0,0,0,2014-10-22 16:35,Property,14.65709631,120.9904323,Angle Impact
None,EDSA,None,None,"No Accident Factor, Multiple Collision, 0.0 drivers_injured, 0.0 drivers_killed, 2.0 passengers_injured, 0.0 passengers_killed, 0.0 pedestrian_injured, 0.0 pedestrian_killed, Fair (Night), EDSA Asuncion St. (WB) Caloocan",MMDA Road Safety Unit,,d8851af1-72ba-457c-87c0-fe8225a9b90d,2014-10-17,15:50:00,EDSA Gen. Simon St. W/B  Caloocan,0,0,0,0,2,0,0,0,0,2,2014-10-17 23:50,Injury,14.65727118,120.9876199,Multiple
None,EDSA,None,None,"No Accident Factor, No Collision Stated (based on Police Blotter Book), 1.0 drivers_injured, 0.0 drivers_killed, 0.0 passengers_injured, 0.0 passengers_killed, 0.0 pedestrian_injured, 0.0 pedestrian_killed, Fair (Night), EDSA B. Serrano St. Caloocan",MMDA Road Safety Unit,,ef40d47c-5350-448e-b561-1bc240f78e62,2014-10-16,14:00:00,EDSA fronting MCU-FDTMF Hospital Caloocan,0,0,0,1,0,0,0,0,0,1,2014-10-16 22:00,Injury,14.65712586,120.9882927,No Collision Stated
None,EDSA,None,None,"No Accident Factor, Side Swipe, 0.0 drivers_injured, 0.0 drivers_killed, 0.0 passengers_injured, 0.0 passengers_killed, 0.0 pedestrian_injured, 0.0 pedestrian_killed, Fair (Day), EDSA ""U"" turn slot, Malvar St.  Caloocan",MMDA Road Safety Unit,,1c722c17-1e13-4800-91a3-9221909452e3,2014-10-15,09:50:00,EDSA fronting MCU-FDTMF Hospital Caloocan,0,0,0,0,0,0,0,0,0,0,2014-10-15 17:50,Property,14.65723423,120.9930566,Side Swipe
None,EDSA,None,None,"No Accident Factor, Rear-end, 0.0 drivers_injured, 0.0 drivers_killed, 0.0 passengers_injured, 0.0 passengers_killed, 0.0 pedestrian_injured, 0.0 pedestrian_killed, Fair (Day), EDSA A. De Jesus St.  Caloocan",MMDA Road Safety Unit,,b4716846-0c9a-4dff-b34c-cd9fa6a18492,2014-10-14,08:30:00,EDSA before B. Serrano St. (5th St.) Caloocan,0,0,0,0,0,0,0,0,0,0,2014-10-14 16:30,Property,14.65709631,120.9904323,Rear-End
None,EDSA,None,None,"No Accident Factor, Side Swipe, 0.0 drivers_injured, 0.0 drivers_killed, 0.0 passengers_injured, 0.0 passengers_killed, 0.0 pedestrian_injured, 0.0 pedestrian_killed, Fair (Night), EDSA  ""U"" turn slot, A. De Jesus St.  Caloocan",MMDA Road Safety Unit,,b8a70f2c-6e92-4902-aef4-d6ce7b041fba,2014-10-13,11:10:00,EDSA B. Serrano St. (5th St.) Caloocan,0,0,0,0,0,0,0,0,0,0,2014-10-13 19:10,Property,14.65717523,120.9903808,Side Swipe
None,EDSA,None,None,"No Accident Factor, Rear-end, 0.0 drivers_injured, 0.0 drivers_killed, 0.0 passengers_injured, 0.0 passengers_killed, 0.0 pedestrian_injured, 0.0 pedestrian_killed, Fair (Day), EDSA Biglang Awa Caloocan",MMDA Road Safety Unit,,db24d31d-7d69-4866-b301-5f471f981265,2014-10-12,06:15:00,EDSA before Gen. Malvar St. Caloocan,0,0,0,0,0,0,0,0,0,0,2014-10-12 14:15,Property,14.65719007,120.9944415,Rear-End
None,EDSA,None,None,"No Accident Factor, Side Swipe, 0.0 drivers_injured, 0.0 drivers_killed, 0.0 passengers_injured, 0.0 passengers_killed, 0.0 pedestrian_injured, 0.0 pedestrian_killed, Fair (Night), EDSA ""U"" turn slot, Malvar St.  Caloocan",MMDA Road Safety Unit,,e87bf226-76c5-4dd5-b35f-3fe9f2cb91d8,2014-10-11,21:00:00,EDSA before Bonifacio Memorial Circle Caloocan,0,0,0,0,0,0,0,0,0,0,2014-10-12 5:00,Property,14.65723423,120.9930566,Side Swipe
None,EDSA,None,None,"No Accident Factor, Side Swipe, 0.0 drivers_injured, 0.0 drivers_killed, 0.0 passengers_injured, 0.0 passengers_killed, 0.0 pedestrian_injured, 0.0 pedestrian_killed, Fair (Night), EDSA Biglang Awa St. Caloocan",MMDA Road Safety Unit,,abb8ed26-c97b-4f2a-83ed-d4e9a5c6cffa,2014-10-10,20:30:00,EDSA De Jesus St. Caloocan,0,0,0,0,0,0,0,0,0,0,2014-10-11 4:30,Property,14.65719007,120.9944415,Side Swipe
None,EDSA,None,None,"No Accident Factor, Side Swipe, 0.0 drivers_injured, 0.0 drivers_killed, 0.0 passengers_injured, 0.0 passengers_killed, 0.0 pedestrian_injured, 0.0 pedestrian_killed, Fair (Night), EDSA Jollibee    Caloocan",MMDA Road Safety Unit,,ee7141f1-acec-4d37-bd6f-c022b4d45310,2014-10-10,11:30:00,EDSA Gen. Tirona St. Caloocan,0,0,0,0,0,0,0,0,0,0,2014-10-10 19:30,Property,14.65731494,120.9880163,Side Swipe
None,EDSA,None,None,"No Accident Factor, Side Swipe, 0.0 drivers_injured, 0.0 drivers_killed, 0.0 passengers_injured, 0.0 passengers_killed, 0.0 pedestrian_injured, 0.0 pedestrian_killed, Fair (Day), EDSA B. Serrano St.  Caloocan",MMDA Road Safety Unit,,5b5b9b3e-98f4-4323-9301-c79deea70d7a,2014-10-08,03:45:00,EDSA Gen. Simon St. Caloocan,0,0,0,0,0,0,0,0,0,0,2014-10-08 11:45,Property,14.65712586,120.9882927,Side Swipe
None,EDSA,None,None,"No Accident Factor, Hit Parked Vehicle, 1.0 drivers_injured, 0.0 drivers_killed, 1.0 passengers_injured, 0.0 passengers_killed, 0.0 pedestrian_injured, 0.0 pedestrian_killed, Fair (Night), EDSA Malvar St.  Caloocan",MMDA Road Safety Unit,,845536c8-5698-45bd-8628-dfc1457cf175,2014-10-05,21:45:00,EDSA Gen. Tinio St. Caloocan,0,0,0,1,1,0,0,0,0,2,2014-10-06 5:45,Injury,14.65729555,120.9930964,Hit Object
None,EDSA,None,None,"No Accident Factor, Angle Impact, 0.0 drivers_injured, 0.0 drivers_killed, 0.0 passengers_injured, 0.0 passengers_killed, 0.0 pedestrian_injured, 0.0 pedestrian_killed, Fair (Day), EDSA Tinio St.  Caloocan",MMDA Road Safety Unit,,89ecc2c5-a431-4cd8-8079-b65cdb4b6c8f,2014-10-04,09:00:00,EDSA before Gen. Simon St. Caloocan,0,0,0,0,0,0,0,0,0,0,2014-10-04 17:00,Property,14.65730215,120.9901507,Angle Impact
None,EDSA,None,None,"No Accident Factor, Rear-end, 0.0 drivers_injured, 0.0 drivers_killed, 0.0 passengers_injured, 0.0 passengers_killed, 0.0 pedestrian_injured, 0.0 pedestrian_killed, Fair (Day), EDSA Malvar St.  Caloocan",MMDA Road Safety Unit,,46b1933a-9294-4e39-9623-921eb7229852,2014-10-04,05:00:00,"EDSA at ""U"" turn slot, Gen. Tinio St. Caloocan",0,0,0,0,0,0,0,0,0,0,2014-10-04 13:00,Property,14.65729555,120.9930964,Rear-End
None,EDSA,None,None,"No Accident Factor, Side Swipe, 0.0 drivers_injured, 0.0 drivers_killed, 0.0 passengers_injured, 0.0 passengers_killed, 0.0 pedestrian_injured, 0.0 pedestrian_killed, Fair (Day), EDSA B. Serrrano St. Intersection  Caloocan",MMDA Road Safety Unit,,1529a80e-8571-4cff-9d99-10954dbe7fd8,2014-10-03,08:00:00,EDSA Gen. Malvar St. Caloocan,0,0,0,0,0,0,0,0,0,0,2014-10-03 16:00,Property,14.65712586,120.9882927,Side Swipe
None,EDSA,None,None,"No Accident Factor, Angle Impact, 0.0 drivers_injured, 0.0 drivers_killed, 0.0 passengers_injured, 0.0 passengers_killed, 0.0 pedestrian_injured, 0.0 pedestrian_killed, Fair (Day), EDSA Malvar St.  Caloocan",MMDA Road Safety Unit,,b7b8ffde-107c-439a-9d4a-4da693162c0f,2014-10-02,08:30:00,EDSA fronting SSS Caloocan,0,0,0,0,0,0,0,0,0,0,2014-10-02 16:30,Property,14.65729555,120.9930964,Angle Impact
None,EDSA,None,None,"No Accident Factor, Side Swipe, 0.0 drivers_injured, 0.0 drivers_killed, 0.0 passengers_injured, 0.0 passengers_killed, 0.0 pedestrian_injured, 0.0 pedestrian_killed, Fair (Night), EDSA MCU Hospital (WB)  Caloocan",MMDA Road Safety Unit,,ae476ac3-36f4-44e0-b74e-16852d0f1feb,2014-10-01,11:30:00,EDSA Gen. Tinio St. Caloocan,0,0,0,0,0,0,0,0,0,0,2014-10-01 19:30,Property,14.6573146,120.9860365,Side Swipe
None,EDSA,None,None,"No Accident Factor, Hit Parked Vehicle, 0.0 drivers_injured, 0.0 drivers_killed, 0.0 passengers_injured, 0.0 passengers_killed, 0.0 pedestrian_injured, 0.0 pedestrian_killed, Fair (Night), EDSA A. De Jesus St.  Caloocan",MMDA Road Safety Unit,,526320b5-c89f-4288-a5ba-a405890de21d,2014-09-30,22:30:00,EDSA De Jesus St. Caloocan,0,0,0,0,0,0,0,0,0,0,2014-10-01 6:30,Property,14.65709631,120.9904323,Hit Object
None,EDSA,None,None,"No Accident Factor, Angle Impact, 0.0 drivers_injured, 0.0 drivers_killed, 0.0 passengers_injured, 0.0 passengers_killed, 0.0 pedestrian_injured, 0.0 pedestrian_killed, Fair (Night), EDSA A. De Jesus St. Caloocan",MMDA Road Safety Unit,,a7fdf90d-6b56-4f9d-857b-47bcf2f8dcce,2014-09-28,00:45:00,"EDSA Simon Bustamante, Monumento Caloocan",0,0,0,0,0,0,0,0,0,0,2014-09-28 8:45,Property,14.65712835,120.990432,Angle Impact
None,EDSA,None,None,"No Accident Factor, Self-Accident, 1.0 drivers_injured, 0.0 drivers_killed, 0.0 passengers_injured, 0.0 passengers_killed, 0.0 pedestrian_injured, 0.0 pedestrian_killed, Fair (Day), EDSA General Tinio St.  Caloocan",MMDA Road Safety Unit,,9269a797-cb01-49df-99d9-e457d24a638f,2014-09-24,01:30:00,EDSA Gen. Malvar St. Caloocan,0,0,0,1,0,0,0,0,0,1,2014-09-24 9:30,Injury,14.65731831,120.990167,Self-Accident
None,EDSA,None,None,"No Accident Factor, Rear-end, 0.0 drivers_injured, 0.0 drivers_killed, 0.0 passengers_injured, 0.0 passengers_killed, 0.0 pedestrian_injured, 0.0 pedestrian_killed, Fair (Day), EDSA A. De Jesus St. Caloocan",MMDA Road Safety Unit,,83fd1975-aebf-4e36-b037-8d6a39e368f7,2014-09-20,03:40:00,EDSA Mascardo St. Caloocan,0,0,0,0,0,0,0,0,0,0,2014-09-20 11:40,Property,14.65712835,120.990432,Rear-End
None,EDSA,None,None,"No Accident Factor, Side Swipe, 0.0 drivers_injured, 0.0 drivers_killed, 0.0 passengers_injured, 0.0 passengers_killed, 0.0 pedestrian_injured, 0.0 pedestrian_killed, Fair (Day), EDSA A. De Jesus St. Caloocan",MMDA Road Safety Unit,,44690ee5-0bb9-4057-b5f7-0a01cbe55e43,2014-09-18,04:40:00,EDSA Biglang-Awa St. Caloocan,0,0,0,0,0,0,0,0,0,0,2014-09-18 12:40,Property,14.65712835,120.990432,Side Swipe
None,EDSA,None,None,"No Accident Factor, Side Swipe, 0.0 drivers_injured, 0.0 drivers_killed, 0.0 passengers_injured, 0.0 passengers_killed, 0.0 pedestrian_injured, 0.0 pedestrian_killed, Fair (Night), EDSA ""U"" turn slot, Gen. Tinio St. Caloocan",MMDA Road Safety Unit,,56ab2589-b502-4b0f-8d48-3bf5a9c6a88a,2014-09-16,12:15:00,EDSA Benin St. Caloocan,0,0,0,0,0,0,0,0,0,0,2014-09-16 20:15,Property,14.65719112,120.9903884,Side Swipe
None,EDSA,None,None,"No Accident Factor, Rear-end, 0.0 drivers_injured, 0.0 drivers_killed, 0.0 passengers_injured, 0.0 passengers_killed, 0.0 pedestrian_injured, 0.0 pedestrian_killed, Fair (Day), EDSA ""U"" turn slot, A. De Jesus St.  Caloocan",MMDA Road Safety Unit,,ede8a891-eb6d-42f1-984c-459bf757793d,2014-09-15,06:10:00,EDSA Gen. Simon St. Caloocan,0,0,0,0,0,0,0,0,0,0,2014-09-15 14:10,Property,14.65718525,120.9904007,Rear-End
None,EDSA,None,None,"No Accident Factor, Angle Impact, 0.0 drivers_injured, 0.0 drivers_killed, 0.0 passengers_injured, 0.0 passengers_killed, 0.0 pedestrian_injured, 0.0 pedestrian_killed, Fair (Night), EDSA A. De Jesus St.  Caloocan",MMDA Road Safety Unit,,766c830e-d7a9-4ad7-9f30-85606a66da18,2014-09-14,12:30:00,"EDSA at ""U"" turn slot, Gen. Malvar St. Caloocan",0,0,0,0,0,0,0,0,0,0,2014-09-14 20:30,Property,14.65709631,120.9904323,Angle Impact
None,EDSA,None,None,"No Accident Factor, Angle Impact, 0.0 drivers_injured, 0.0 drivers_killed, 0.0 passengers_injured, 0.0 passengers_killed, 0.0 pedestrian_injured, 0.0 pedestrian_killed, Fair (Night), EDSA ""U"" turn slot, Sgt. Tinio St.  Caloocan",MMDA Road Safety Unit,,9b6933d5-7c93-4836-b083-6f2aa51b6baf,2014-09-12,17:10:00,EDSA Gen. Tinio St. Caloocan,0,0,0,0,0,0,0,0,0,0,2014-09-13 1:10,Property,14.65722677,120.9903635,Angle Impact
None,EDSA,None,None,"No Accident Factor, Side Swipe, 0.0 drivers_injured, 0.0 drivers_killed, 0.0 passengers_injured, 0.0 passengers_killed, 0.0 pedestrian_injured, 0.0 pedestrian_killed, Fair (Day), EDSA Gen. Concepcion St. (WB) Caloocan",MMDA Road Safety Unit,,4301aae8-1fb6-4557-a958-6c08250e9fc0,2014-09-11,01:05:00,EDSA before Bonifacio Memorial Circle Caloocan,0,0,0,0,0,0,0,0,0,0,2014-09-11 9:05,Property,14.65732528,120.9909733,Side Swipe
None,EDSA,None,None,"No Accident Factor, Angle Impact, 0.0 drivers_injured, 0.0 drivers_killed, 0.0 passengers_injured, 0.0 passengers_killed, 0.0 pedestrian_injured, 0.0 pedestrian_killed, Fair (Day), EDSA A. De Jesus St.  Caloocan",MMDA Road Safety Unit,,fce09514-9ce5-4ec0-b137-033fa5a39ad6,2014-09-09,09:10:00,EDSA A. De Jesus St. Caloocan,0,0,0,0,0,0,0,0,0,0,2014-09-09 17:10,Property,14.65709631,120.9904323,Angle Impact
None,EDSA,None,None,"No Accident Factor, Rear-end, 0.0 drivers_injured, 0.0 drivers_killed, 0.0 passengers_injured, 0.0 passengers_killed, 0.0 pedestrian_injured, 0.0 pedestrian_killed, Fair (Day), EDSA Gen. Tirona St. Caloocan",MMDA Road Safety Unit,,7974d0b7-09e6-4b61-98a6-2bef9864ce6f,2014-09-09,08:30:00,EDSA A. De Jesus St. Caloocan,0,0,0,0,0,0,0,0,0,0,2014-09-09 16:30,Property,14.65742615,120.9970941,Rear-End
None,EDSA,None,None,"No Accident Factor, Side Swipe, 0.0 drivers_injured, 0.0 drivers_killed, 1.0 passengers_injured, 0.0 passengers_killed, 0.0 pedestrian_injured, 0.0 pedestrian_killed, Fair (Night), EDSA SSS Branch Caloocan",MMDA Road Safety Unit,,7959cf66-9516-4cbc-88b4-0edc74c69954,2014-09-08,19:30:00,EDSA B. Serrano St. (5th St.) Caloocan,0,0,0,0,1,0,0,0,0,1,2014-09-09 3:30,Injury,14.65734341,120.9929338,Side Swipe
None,EDSA,None,None,"No Accident Factor, Side Swipe, 1.0 drivers_injured, 0.0 drivers_killed, 1.0 passengers_injured, 0.0 passengers_killed, 0.0 pedestrian_injured, 0.0 pedestrian_killed, Fair (Day), EDSA Gen. Malvar St. (WB) Caloocan",MMDA Road Safety Unit,,a50f52cc-dd16-4804-83b2-f4ef4b92aacf,2014-09-07,06:15:00,"EDSA at ""U"" turn slot, A. De Jesus St. Caloocan",0,0,0,1,1,0,0,0,0,2,2014-09-07 14:15,Injury,14.6573376,120.993091,Side Swipe
None,EDSA,None,None,"No Accident Factor, Rear-end, 0.0 drivers_injured, 0.0 drivers_killed, 0.0 passengers_injured, 0.0 passengers_killed, 0.0 pedestrian_injured, 0.0 pedestrian_killed, Fair (Day), EDSA ""U"" turn slot, A. De Jesus St.  Caloocan",MMDA Road Safety Unit,,e8071fc1-343d-4474-a3d0-cc23bac8a00e,2014-09-03,09:40:00,EDSA Mercury Drugstore Caloocan,0,0,0,0,0,0,0,0,0,0,2014-09-03 17:40,Property,14.65718525,120.9904007,Rear-End
None,EDSA,None,None,"No Accident Factor, Side Swipe, 0.0 drivers_injured, 0.0 drivers_killed, 0.0 passengers_injured, 0.0 passengers_killed, 0.0 pedestrian_injured, 0.0 pedestrian_killed, Fair (Day), EDSA B. Serrano St. Caloocan",MMDA Road Safety Unit,,8989d19f-5c32-4963-8992-a55f5493efc6,2014-08-30,02:15:00,"EDSA at ""U"" turn slot, fronting UCPB, in-between Gen. Tinio St. and De Jesus St. Caloocan",0,0,0,0,0,0,0,0,0,0,2014-08-30 10:15,Property,14.65712586,120.9882927,Side Swipe
None,EDSA,None,None,"No Accident Factor, Self-Accident, 1.0 drivers_injured, 0.0 drivers_killed, 0.0 passengers_injured, 0.0 passengers_killed, 0.0 pedestrian_injured, 0.0 pedestrian_killed, Fair (Day), EDSA MCU Hospital Caloocan",MMDA Road Safety Unit,,a16f7871-6dcf-4722-b348-3513d4f559fc,2014-08-27,09:15:00,EDSA Biglang-Awa St. Caloocan,0,0,0,1,0,0,0,0,0,1,2014-08-27 17:15,Injury,14.6573146,120.9860365,Self-Accident
None,EDSA,None,None,"No Accident Factor, Side Swipe, 0.0 drivers_injured, 0.0 drivers_killed, 0.0 passengers_injured, 0.0 passengers_killed, 0.0 pedestrian_injured, 0.0 pedestrian_killed, Fair (Day), EDSA A. De Jesus St. Caloocan",MMDA Road Safety Unit,,b2e49423-0b9c-48cc-96ee-d8fb3c5e8e5f,2014-08-27,06:30:00,"EDSA at ""U"" turn slot, Gen. Malvar St. Caloocan",0,0,0,0,0,0,0,0,0,0,2014-08-27 14:30,Property,14.65712835,120.990432,Side Swipe
None,EDSA,None,None,"No Accident Factor, Side Swipe, 0.0 drivers_injured, 0.0 drivers_killed, 0.0 passengers_injured, 0.0 passengers_killed, 0.0 pedestrian_injured, 0.0 pedestrian_killed, Fair (Day), EDSA Gen. Simon St. (WB) Caloocan",MMDA Road Safety Unit,,d2e6d38b-2f36-49c2-8a54-82e38e3ead29,2014-08-26,08:30:00,EDSA fronting MCU-FDTMF Hospital Caloocan,0,0,0,0,0,0,0,0,0,0,2014-08-26 16:30,Property,14.65727772,120.9854774,Side Swipe
None,EDSA,None,None,"No Accident Factor, Rear-end, 0.0 drivers_injured, 0.0 drivers_killed, 0.0 passengers_injured, 0.0 passengers_killed, 0.0 pedestrian_injured, 0.0 pedestrian_killed, Fair (Day), EDSA ""U"" turn slot, A. De Jesus St. Caloocan",MMDA Road Safety Unit,,4e436211-9d16-4f6b-b046-dde3e29aea94,2014-08-26,03:30:00,EDSA B. Serrano St. (5th St.) Caloocan,0,0,0,0,0,0,0,0,0,0,2014-08-26 11:30,Property,14.65718525,120.9904007,Rear-End
None,EDSA,None,None,"No Accident Factor, Side Swipe, 1.0 drivers_injured, 0.0 drivers_killed, 0.0 passengers_injured, 0.0 passengers_killed, 0.0 pedestrian_injured, 0.0 pedestrian_killed, Fair (Day), EDSA 7-Eleven Store, 86 Caloocan",MMDA Road Safety Unit,,631da8d2-c214-422d-b036-df847c9b6f71,2014-08-26,02:20:00,EDSA E. De Jesus St. Caloocan,0,0,0,1,0,0,0,0,0,1,2014-08-26 10:20,Injury,14.65710064,120.9853802,Side Swipe
None,EDSA,None,None,"No Accident Factor, Multiple Collision, 0.0 drivers_injured, 0.0 drivers_killed, 0.0 passengers_injured, 0.0 passengers_killed, 0.0 pedestrian_injured, 0.0 pedestrian_killed, Fair (Day), EDSA Biglang Awa (EB) Caloocan",MMDA Road Safety Unit,,6955e11c-96c3-4212-9d6f-da58e8c937da,2014-08-22,07:45:00,EDSA fronting MCU-FDTMF Hospital Caloocan,0,0,0,0,0,0,0,0,0,0,2014-08-22 15:45,Property,14.65719007,120.9944415,Multiple
None,EDSA,None,None,"No Accident Factor, Rear-end, 0.0 drivers_injured, 0.0 drivers_killed, 0.0 passengers_injured, 0.0 passengers_killed, 0.0 pedestrian_injured, 0.0 pedestrian_killed, Fair (Day), EDSA SSS Bldg. (WB)  Caloocan",MMDA Road Safety Unit,,0031a5f1-6ef0-412d-b0e1-604db512108f,2014-08-22,06:00:00,EDSA Gen. Tinio St. / De Jesus St. Caloocan,0,0,0,0,0,0,0,0,0,0,2014-08-22 14:00,Property,14.65734341,120.9929338,Rear-End
None,EDSA,None,None,"No Accident Factor, Side Swipe, 0.0 drivers_injured, 0.0 drivers_killed, 0.0 passengers_injured, 0.0 passengers_killed, 0.0 pedestrian_injured, 0.0 pedestrian_killed, Fair (Day), EDSA ""U"" turn slot, A. De Jesus St. Caloocan",MMDA Road Safety Unit,,b51af8f9-0e3e-42e8-9231-045f033a6282,2014-08-20,09:55:00,"EDSA at ""U"" turn slot, Gen. Malvar St. Caloocan",0,0,0,0,0,0,0,0,0,0,2014-08-20 17:55,Property,14.65718525,120.9904007,Side Swipe
None,EDSA,None,None,"No Accident Factor, Angle Impact, 0.0 drivers_injured, 0.0 drivers_killed, 0.0 passengers_injured, 0.0 passengers_killed, 0.0 pedestrian_injured, 0.0 pedestrian_killed, Fair (Day), EDSA Gen. Concepcion  Caloocan",MMDA Road Safety Unit,,70539972-80a8-436b-a170-eab661e87d12,2014-08-19,03:20:00,EDSA Bonifacio Memorial Circle Caloocan,0,0,0,0,0,0,0,0,0,0,2014-08-19 11:20,Property,14.65732528,120.9909733,Angle Impact
None,EDSA,None,None,"No Accident Factor, No Collision Stated (based on Police Blotter Book), 0.0 drivers_injured, 0.0 drivers_killed, 0.0 passengers_injured, 0.0 passengers_killed, 0.0 pedestrian_injured, 0.0 pedestrian_killed, Fair (Day), EDSA ""U"" turn slot, E De Jesus St.  Caloocan",MMDA Road Safety Unit,,57b01307-42d6-415a-b337-1a5039b3da7a,2014-08-11,00:00:00,EDSA B. Serrano St. (5th St.) Caloocan,0,0,0,0,0,0,0,0,0,0,2014-08-11 8:00,Property,14.65720859,120.9904478,No Collision Stated
None,EDSA,None,None,"No Accident Factor, Rear-end, 0.0 drivers_injured, 0.0 drivers_killed, 0.0 passengers_injured, 0.0 passengers_killed, 0.0 pedestrian_injured, 0.0 pedestrian_killed, Fair (Day), EDSA Bonifacio Memorial Center  Caloocan",MMDA Road Safety Unit,,0b6f7be5-969e-4457-91e7-9e4a390dcc0a,2014-08-09,07:15:00,EDSA B. Serrano St. (5th St.) Caloocan,0,0,0,0,0,0,0,0,0,0,2014-08-09 15:15,Property,14.65732796,120.9842086,Rear-End
None,EDSA,None,None,"No Accident Factor, Multiple Collision, 1.0 drivers_injured, 0.0 drivers_killed, 0.0 passengers_injured, 0.0 passengers_killed, 0.0 pedestrian_injured, 0.0 pedestrian_killed, Fair (Night), EDSA B. Serrano St.  Caloocan",MMDA Road Safety Unit,,0d2ea1fb-0f56-461e-ba04-5d7675f3905d,2014-08-07,12:30:00,"EDSA at ""U"" turn slot, Gen. Malvar St. Caloocan",0,0,0,1,0,0,0,0,0,1,2014-08-07 20:30,Injury,14.65712586,120.9882927,Multiple
None,EDSA,None,None,"No Accident Factor, Rear-end, 1.0 drivers_injured, 0.0 drivers_killed, 0.0 passengers_injured, 0.0 passengers_killed, 0.0 pedestrian_injured, 0.0 pedestrian_killed, Fair (Day), EDSA ""U"" turn slot, Malvar Caloocan",MMDA Road Safety Unit,,5daf81e9-9e20-46cd-aa00-ce9f4de00139,2014-08-05,03:00:00,EDSA Mercury Drugstore Caloocan,0,0,0,1,0,0,0,0,0,1,2014-08-05 11:00,Injury,14.65723423,120.9930566,Rear-End
None,EDSA,None,None,"No Accident Factor, Side Swipe, 0.0 drivers_injured, 0.0 drivers_killed, 0.0 passengers_injured, 0.0 passengers_killed, 0.0 pedestrian_injured, 0.0 pedestrian_killed, Fair (Day), EDSA ""U"" turn slot, A. De Jesus St.  Caloocan",MMDA Road Safety Unit,,1b9eb623-d1e1-4fd1-9f59-e5d0573639ac,2014-08-04,04:45:00,EDSA A. De Jesus St. Caloocan,0,0,0,0,0,0,0,0,0,0,2014-08-04 12:45,Property,14.65718525,120.9904007,Side Swipe
None,EDSA,None,None,"No Accident Factor, Rear-end, 0.0 drivers_injured, 0.0 drivers_killed, 0.0 passengers_injured, 0.0 passengers_killed, 0.0 pedestrian_injured, 0.0 pedestrian_killed, Fair (Day), EDSA Mitsubishi Motor-Caloocan  Caloocan",MMDA Road Safety Unit,,bc25d444-3b73-4ceb-9b29-1a7582926805,2014-08-03,05:30:00,"EDSA fronting Jennica Kitchenette, before F. Aguilar St. Caloocan",0,0,0,0,0,0,0,0,0,0,2014-08-03 13:30,Property,14.65742087,120.9946455,Rear-End
None,EDSA,None,None,"No Accident Factor, Side Swipe, 0.0 drivers_injured, 0.0 drivers_killed, 0.0 passengers_injured, 0.0 passengers_killed, 0.0 pedestrian_injured, 0.0 pedestrian_killed, Fair (Day), EDSA Asuncion St. (WB) Caloocan",MMDA Road Safety Unit,,83478546-565c-44ff-82d8-8304614ec34a,2014-08-02,02:00:00,EDSA Gen. Simon St. Caloocan,0,0,0,0,0,0,0,0,0,0,2014-08-02 10:00,Property,14.65727118,120.9876199,Side Swipe
None,EDSA,None,None,"No Accident Factor, No Collision Stated (Based on Police Blotter Book), 0.0 drivers_injured, 0.0 drivers_killed, 0.0 passengers_injured, 0.0 passengers_killed, 0.0 pedestrian_injured, 0.0 pedestrian_killed, Fair (Day), EDSA Gen. Malvar St. ""U"" Turn Slot Caloocan",MMDA Road Safety Unit,,b6c45002-1b39-4f4a-b138-af1f3e1c6050,2014-07-31,02:00:00,EDSA Gen. Malvar St. Caloocan,0,0,0,0,0,0,0,0,0,0,2014-07-31 10:00,Property,14.6573376,120.993091,No Collision Stated