LOCATION_TEXT,ROAD,WEATHER,LIGHT,DESC,REPORTING_AGENCY,MAIN_CAUSE,INCIDENTDETAILS_ID,DATE_UTC,TIME_UTC,ADDRESS,killed_driver,killed_passenger,killed_pedestrian,injured_driver,injured_passenger,injured_pedestrian,killed_uncategorized,injured_uncategorized,killed_total,injured_total,DATETIME_PST,SEVERITY,Y,X,COLLISION_TYPE
None,EDSA,None,None,"No Accident Factor, Side Swipe, 0.0 drivers_injured, 0.0 drivers_killed, 0.0 passengers_injured, 0.0 passengers_killed, 0.0 pedestrian_injured, 0.0 pedestrian_killed, Fair (Day), EDSA ""U"" Turn Slot, SSS Bldg. Caloocan",MMDA Road Safety Unit,,876b0a85-e7d8-4972-bc17-a32ff635c247,2014-07-29,05:00:00,EDSA Gen. Malvar St. Caloocan,0,0,0,0,0,0,0,0,0,0,2014-07-29 13:00,Property,14.65717494,120.9930827,Side Swipe
None,EDSA,None,None,"No Accident Factor, Angle Impact, 0.0 drivers_injured, 0.0 drivers_killed, 0.0 passengers_injured, 0.0 passengers_killed, 0.0 pedestrian_injured, 0.0 pedestrian_killed, Fair (Day), EDSA Don V. Ang St. Caloocan",MMDA Road Safety Unit,,22cff1a9-a2a3-401a-9619-00e292390202,2014-07-29,02:45:00,"EDSA before Gen. Tinio St., Bagong Barrio Caloocan",0,0,0,0,0,0,0,0,0,0,2014-07-29 10:45,Property,14.65739378,120.9962782,Angle Impact
None,EDSA,None,None,"No Accident Factor, Rear-end, 0.0 drivers_injured, 0.0 drivers_killed, 0.0 passengers_injured, 0.0 passengers_killed, 0.0 pedestrian_injured, 0.0 pedestrian_killed, Fair (Night), EDSA BMC Caloocan",MMDA Road Safety Unit,,dd3ce0f5-e413-49b8-be52-36f73bbff674,2014-07-26,13:00:00,EDSA Bonifacio Memorial Circle Caloocan,0,0,0,0,0,0,0,0,0,0,2014-07-26 21:00,Property,14.65727305,120.9844029,Rear-End
None,EDSA,None,None,"No Accident Factor, Side Swipe, 0.0 drivers_injured, 0.0 drivers_killed, 0.0 passengers_injured, 0.0 passengers_killed, 0.0 pedestrian_injured, 0.0 pedestrian_killed, Fair (Day), EDSA B. Serrano St. Caloocan",MMDA Road Safety Unit,,f81ad4de-6bdc-4a16-805e-d5036e6ded7b,2014-07-25,20:00:00,EDSA Gen. Simon St. Caloocan,0,0,0,0,0,0,0,0,0,0,2014-07-26 4:00,Property,14.65712586,120.9882927,Side Swipe
None,EDSA,None,None,"No Accident Factor, Side Swipe, 0.0 drivers_injured, 0.0 drivers_killed, 0.0 passengers_injured, 0.0 passengers_killed, 0.0 pedestrian_injured, 0.0 pedestrian_killed, Fair (Day), EDSA B. Serrano St. (EB) Caloocan",MMDA Road Safety Unit,,eaefaec2-4528-41e5-9400-9b9d1f604cb2,2014-07-25,04:45:00,EDSA De Jesus St. Caloocan,0,0,0,0,0,0,0,0,0,0,2014-07-25 12:45,Property,14.65712586,120.9882927,Side Swipe
None,EDSA,None,None,"No Accident Factor, Side Swipe, 0.0 drivers_injured, 0.0 drivers_killed, 0.0 passengers_injured, 0.0 passengers_killed, 0.0 pedestrian_injured, 0.0 pedestrian_killed, Fair (Day), EDSA Gen. Malvar St. Caloocan",MMDA Road Safety Unit,,ec8c54c0-1239-4da1-b79a-a8433b07ef0f,2014-07-25,01:05:00,"EDSA at ""U"" turn slot, across SSS Caloocan",0,0,0,0,0,0,0,0,0,0,2014-07-25 9:05,Property,14.6573376,120.993091,Side Swipe
None,EDSA,None,None,"No Accident Factor, Self-Accident, 0.0 drivers_injured, 0.0 drivers_killed, 0.0 passengers_injured, 0.0 passengers_killed, 0.0 pedestrian_injured, 0.0 pedestrian_killed, Fair (Night), EDSA P. Aguilan St. Caloocan",MMDA Road Safety Unit,,95a63cc4-35b8-47b1-82d0-0d769e2a420c,2014-07-24,16:50:00,EDSA De Jesus St. Caloocan,0,0,0,0,0,0,0,0,0,0,2014-07-25 0:50,Property,14.65745147,120.9982792,Self-Accident
None,EDSA,None,None,"No Accident Factor, Other, 0.0 drivers_injured, 0.0 drivers_killed, 1.0 passengers_injured, 0.0 passengers_killed, 0.0 pedestrian_injured, 0.0 pedestrian_killed, Fair (Night), EDSA Col. Bonny Serrano Ave. Caloocan",MMDA Road Safety Unit,,856908d4-691a-421a-a16e-d44eecb3bdff,2014-07-19,10:40:00,EDSA Biglang-Awa St. Caloocan,0,0,0,0,1,0,0,0,0,1,2014-07-19 18:40,Injury,14.65722618,120.988222,No Collision Stated
None,EDSA,None,None,"No Accident Factor, Side Swipe, 1.0 drivers_injured, 0.0 drivers_killed, 0.0 passengers_injured, 0.0 passengers_killed, 0.0 pedestrian_injured, 0.0 pedestrian_killed, Fair (Night), EDSA ""U"" turn slot, Malvar St.  Caloocan",MMDA Road Safety Unit,,948d1cb4-e1de-477d-b38d-96ebff98a531,2014-07-17,16:30:00,EDSA B. Serrano St. (5th St.) Caloocan,0,0,0,1,0,0,0,0,0,1,2014-07-18 0:30,Injury,14.65723423,120.9930566,Side Swipe
None,EDSA,None,None,"No Accident Factor, Rear-end, 0.0 drivers_injured, 0.0 drivers_killed, 0.0 passengers_injured, 0.0 passengers_killed, 0.0 pedestrian_injured, 0.0 pedestrian_killed, Fair (Day), EDSA A. De Jesus St.  Caloocan",MMDA Road Safety Unit,,5eebafac-2083-4674-9edf-f8b0b40faffc,2014-07-17,00:40:00,EDSA A. De Jesus St. Caloocan,0,0,0,0,0,0,0,0,0,0,2014-07-17 8:40,Property,14.65709631,120.9904323,Rear-End
None,EDSA,None,None,"No Accident Factor, Side Swipe, 0.0 drivers_injured, 0.0 drivers_killed, 0.0 passengers_injured, 0.0 passengers_killed, 0.0 pedestrian_injured, 0.0 pedestrian_killed, Fair (Day), EDSA A. De Jesus St.  Caloocan",MMDA Road Safety Unit,,3d924388-b95b-4d1f-a66b-757330efbbb3,2014-07-12,05:00:00,EDSA Gen. Tirona St. Caloocan,0,0,0,0,0,0,0,0,0,0,2014-07-12 13:00,Property,14.65709631,120.9904323,Side Swipe
None,EDSA,None,None,"No Accident Factor, Side Swipe, 1.0 drivers_injured, 0.0 drivers_killed, 0.0 passengers_injured, 0.0 passengers_killed, 0.0 pedestrian_injured, 0.0 pedestrian_killed, Fair (Night), EDSA SSS - Caloocan Branch Caloocan",MMDA Road Safety Unit,,76d7af42-a2d3-44d8-b6e8-46556aaa433e,2014-07-06,12:15:00,EDSA fronting Sogo Hotel Caloocan,0,0,0,1,0,0,0,0,0,1,2014-07-06 20:15,Injury,14.65734341,120.9929338,Side Swipe
None,EDSA,None,None,"No Accident Factor, Side Swipe, 0.0 drivers_injured, 0.0 drivers_killed, 0.0 passengers_injured, 0.0 passengers_killed, 0.0 pedestrian_injured, 0.0 pedestrian_killed, Fair (Night), EDSA A. De Jesus St.  Caloocan",MMDA Road Safety Unit,,dfd2875e-1442-4d65-8959-5cd21aea5462,2014-07-06,11:20:00,EDSA before Gen. Malvar St. Caloocan,0,0,0,0,0,0,0,0,0,0,2014-07-06 19:20,Property,14.65709631,120.9904323,Side Swipe
None,EDSA,None,None,"No Accident Factor, Side Swipe, 1.0 drivers_injured, 0.0 drivers_killed, 0.0 passengers_injured, 0.0 passengers_killed, 0.0 pedestrian_injured, 0.0 pedestrian_killed, Fair (Night), EDSA Gen. Tinio St.   Caloocan",MMDA Road Safety Unit,,2d1ff9d3-114b-4713-8701-65e5deb17e06,2014-07-05,20:30:00,EDSA A. De Jesus St. Caloocan,0,0,0,1,0,0,0,0,0,1,2014-07-06 4:30,Injury,14.65727124,120.9902826,Side Swipe
None,EDSA,None,None,"No Accident Factor, Side Swipe, 0.0 drivers_injured, 0.0 drivers_killed, 0.0 passengers_injured, 0.0 passengers_killed, 0.0 pedestrian_injured, 0.0 pedestrian_killed, Fair (Night), EDSA Bonifacio Memorial Center (WB) Caloocan",MMDA Road Safety Unit,,00086215-6a19-418d-820f-4f9923010d61,2014-07-05,15:00:00,Edsa  fronting MCU Hospital(WB) Caloocan,0,0,0,0,0,0,0,0,0,0,2014-07-05 23:00,Property,14.65732796,120.9842086,Side Swipe
None,EDSA,None,None,"No Accident Factor, Rear-end, 0.0 drivers_injured, 0.0 drivers_killed, 0.0 passengers_injured, 0.0 passengers_killed, 0.0 pedestrian_injured, 0.0 pedestrian_killed, Fair (Day), EDSA ""U"" turn slot - Malvar Caloocan",MMDA Road Safety Unit,,d0060d73-7ced-49f3-8ee8-e9d2b78aaf83,2014-07-04,02:00:00,"Edsa  fronting Jollibee Food Mart, before Benin St. Caloocan",0,0,0,0,0,0,0,0,0,0,2014-07-04 10:00,Property,14.65719929,120.9930808,Rear-End
None,EDSA,None,None,"No Accident Factor, Side Swipe, 0.0 drivers_injured, 0.0 drivers_killed, 0.0 passengers_injured, 0.0 passengers_killed, 0.0 pedestrian_injured, 0.0 pedestrian_killed, Fair (Day), EDSA ""U"" turn slot - A. De Jesus St.  Caloocan",MMDA Road Safety Unit,,31f40842-4f30-4b02-95c0-1cb0652522a9,2014-07-01,08:20:00,Edsa fronting MCU Hospital (WB) Caloocan,0,0,0,0,0,0,0,0,0,0,2014-07-01 16:20,Property,14.65718994,120.9903909,Side Swipe
None,EDSA,None,None,"No Accident Factor, Angle Impact, 1.0 drivers_injured, 0.0 drivers_killed, 0.0 passengers_injured, 0.0 passengers_killed, 0.0 pedestrian_injured, 0.0 pedestrian_killed, Fair (Day), EDSA A. De Jesus St.  Caloocan",MMDA Road Safety Unit,,8776ffe2-7531-459c-bb0d-844611bf6c32,2014-07-01,05:45:00,Edsa  A. De Jesus St. Caloocan,0,0,0,1,0,0,0,0,0,1,2014-07-01 13:45,Injury,14.65709631,120.9904323,Angle Impact
None,EDSA,None,None,"No Accident Factor, Side Swipe, 0.0 drivers_injured, 0.0 drivers_killed, 0.0 passengers_injured, 0.0 passengers_killed, 0.0 pedestrian_injured, 0.0 pedestrian_killed, Fair (Day), EDSA Bonifacio Memorial Circle Caloocan",MMDA Road Safety Unit,,da421411-049d-414f-9a82-f5dc57a64166,2014-06-22,02:00:00,"Edsa  fronting Palawan Pawnshop, Across MCU Hospital(EB) Caloocan",0,0,0,0,0,0,0,0,0,0,2014-06-22 10:00,Property,14.65732796,120.9842086,Side Swipe
None,EDSA,None,None,"No Accident Factor, Side Swipe, 0.0 drivers_injured, 0.0 drivers_killed, 0.0 passengers_injured, 0.0 passengers_killed, 0.0 pedestrian_injured, 0.0 pedestrian_killed, Fair (Day), EDSA Simon St. Caloocan",MMDA Road Safety Unit,,59e04922-659e-4839-ae65-b4785ec19403,2014-06-16,22:15:00,"Edsa Bagong Barrio, Clover Inn  Caloocan",0,0,0,0,0,0,0,0,0,0,2014-06-17 6:15,Property,14.6572222,120.9854611,Side Swipe
None,EDSA,None,None,"No Accident Factor, Side Swipe, 0.0 drivers_injured, 0.0 drivers_killed, 0.0 passengers_injured, 0.0 passengers_killed, 0.0 pedestrian_injured, 0.0 pedestrian_killed, Fair (Day), EDSA B. Serrano St. Caloocan",MMDA Road Safety Unit,,048b91dc-a0a7-4137-b000-4d7676c5226e,2014-06-16,07:00:00,Edsa before MCU Hospital  Caloocan,0,0,0,0,0,0,0,0,0,0,2014-06-16 15:00,Property,14.65712586,120.9882927,Side Swipe
None,EDSA,None,None,"No Accident Factor, Multiple Collision, 0.0 drivers_injured, 0.0 drivers_killed, 0.0 passengers_injured, 0.0 passengers_killed, 0.0 pedestrian_injured, 0.0 pedestrian_killed, Fair (Day), EDSA MCU Hospital Caloocan",MMDA Road Safety Unit,,760cf597-ab30-4199-9cf9-5f7d33a940ec,2014-06-14,04:45:00,Edsa Gen. Concepcion St.(WB) Caloocan,0,0,0,0,0,0,0,0,0,0,2014-06-14 12:45,Property,14.6573146,120.9860365,Multiple
None,EDSA,None,None,"No Accident Factor, Side Swipe, 0.0 drivers_injured, 0.0 drivers_killed, 0.0 passengers_injured, 0.0 passengers_killed, 0.0 pedestrian_injured, 0.0 pedestrian_killed, Fair (Day), EDSA Bonifacio Memorial Circle (WB) Caloocan",MMDA Road Safety Unit,,c6e03856-aa21-4d8c-9a1f-faa5a88610f2,2014-06-13,04:40:00,Edsa  Fronting UCPB U Turn Slot Caloocan,0,0,0,0,0,0,0,0,0,0,2014-06-13 12:40,Property,14.65732796,120.9842086,Side Swipe
None,EDSA,None,None,"No Accident Factor, Side Swipe, 0.0 drivers_injured, 0.0 drivers_killed, 0.0 passengers_injured, 0.0 passengers_killed, 0.0 pedestrian_injured, 0.0 pedestrian_killed, Fair (Day), EDSA Bonifacio Memorial Circle Caloocan",MMDA Road Safety Unit,,fe109f5b-c6aa-43f0-a213-682a8d998247,2014-06-12,06:05:00,Edsa East Quadrant Caloocan,0,0,0,0,0,0,0,0,0,0,2014-06-12 14:05,Property,14.65732796,120.9842086,Side Swipe
None,EDSA,None,None,"No Accident Factor, Side Swipe, 0.0 drivers_injured, 0.0 drivers_killed, 0.0 passengers_injured, 0.0 passengers_killed, 0.0 pedestrian_injured, 0.0 pedestrian_killed, Fair (Night), EDSA Bonifacio Memorial Circle Caloocan",MMDA Road Safety Unit,,070aeb0e-dd4b-437c-b045-0c1840748830,2014-06-11,15:00:00,Edsa  Binin Caloocan,0,0,0,0,0,0,0,0,0,0,2014-06-11 23:00,Property,14.65732796,120.9842086,Side Swipe
None,EDSA,None,None,"No Accident Factor, Rear-end, 0.0 drivers_injured, 0.0 drivers_killed, 0.0 passengers_injured, 0.0 passengers_killed, 0.0 pedestrian_injured, 0.0 pedestrian_killed, Fair (Day), EDSA MCU Hospital Caloocan",MMDA Road Safety Unit,,8bc15e32-ec2e-45b3-8c3a-b2d271d2fd74,2014-06-09,07:30:00,Edsa Evangelista ST. Caloocan,0,0,0,0,0,0,0,0,0,0,2014-06-09 15:30,Property,14.6573146,120.9860365,Rear-End
None,EDSA,None,None,"No Accident Factor, Side Swipe, 0.0 drivers_injured, 0.0 drivers_killed, 0.0 passengers_injured, 0.0 passengers_killed, 0.0 pedestrian_injured, 0.0 pedestrian_killed, Fair (Day), EDSA Honda Motors (EB)  Caloocan",MMDA Road Safety Unit,,b9e723d3-e122-4b10-8721-4b2b508bcc8e,2014-06-09,07:00:00,Edsa  Metrobank Caloocan,0,0,0,0,0,0,0,0,0,0,2014-06-09 15:00,Property,14.65713601,120.9973468,Side Swipe
None,EDSA,None,None,"No Accident Factor, No Collision Stated (based on Police Blotter Book), 0.0 drivers_injured, 0.0 drivers_killed, 0.0 passengers_injured, 0.0 passengers_killed, 0.0 pedestrian_injured, 0.0 pedestrian_killed, Fair (Day), EDSA Balintawak after De Jesus St.  Caloocan",MMDA Road Safety Unit,,88ab73ed-82fe-4ef1-97d8-be93c03b0ea3,2014-06-07,02:05:00,Edsa  Biglang Awa Caloocan,0,0,0,0,0,0,0,0,0,0,2014-06-07 10:05,Property,14.65706498,120.9905149,No Collision Stated
None,EDSA,None,None,"No Accident Factor, Side Swipe, 0.0 drivers_injured, 0.0 drivers_killed, 0.0 passengers_injured, 0.0 passengers_killed, 0.0 pedestrian_injured, 0.0 pedestrian_killed, Fair (Day), EDSA Circle Caloocan",MMDA Road Safety Unit,,0de4c397-9381-4cc8-a506-766f62ab59a3,2014-06-04,00:00:00,Edsa  Shakey Caloocan,0,0,0,0,0,0,0,0,0,0,2014-06-04 8:00,Property,14.65707879,120.9843173,Side Swipe
None,EDSA,None,None,"No Accident Factor, Side Swipe, 1.0 drivers_injured, 0.0 drivers_killed, 0.0 passengers_injured, 0.0 passengers_killed, 0.0 pedestrian_injured, 0.0 pedestrian_killed, Fair (Day), EDSA approaching Gen. Malian Street (WB)  Caloocan",MMDA Road Safety Unit,,fcb808ad-c6e4-4f8e-9389-d88a8dfcc281,2014-05-30,04:10:00,Edsa  B. Serrano Caloocan,0,0,0,1,0,0,0,0,0,1,2014-05-30 12:10,Injury,14.65731029,120.9929482,Side Swipe
None,EDSA,None,None,"No Accident Factor, Side Swipe, 0.0 drivers_injured, 0.0 drivers_killed, 0.0 passengers_injured, 0.0 passengers_killed, 0.0 pedestrian_injured, 0.0 pedestrian_killed, Fair (Day), EDSA Gen. Simon  Caloocan",MMDA Road Safety Unit,,1cdb3425-ec8c-4d01-b097-f15e1776cd59,2014-05-27,02:55:00,Edsa  Gen. Malvar Caloocan,0,0,0,0,0,0,0,0,0,0,2014-05-27 10:55,Property,14.65727772,120.9854774,Side Swipe
None,EDSA,None,None,"No Accident Factor, Rear-end, 0.0 drivers_injured, 0.0 drivers_killed, 0.0 passengers_injured, 0.0 passengers_killed, 0.0 pedestrian_injured, 0.0 pedestrian_killed, Fair (Night), EDSA fronting MCU Hospital (WB) 2nd  Caloocan",MMDA Road Safety Unit,,2a0aaef8-434f-40fb-a02f-9c57fec15c02,2014-05-26,14:00:00,Edsa  A. De Jesus St. Caloocan,0,0,0,0,0,0,0,0,0,0,2014-05-26 22:00,Property,14.65728485,120.9863001,Rear-End
None,EDSA,None,None,"No Accident Factor, Side Swipe, 0.0 drivers_injured, 0.0 drivers_killed, 0.0 passengers_injured, 0.0 passengers_killed, 0.0 pedestrian_injured, 0.0 pedestrian_killed, Fair (Day), EDSA Gen. Simon  Caloocan",MMDA Road Safety Unit,,d3227da0-ae0c-41da-bf16-f4459c5a16b8,2014-05-23,03:40:00,Edsa  Gen. Tinio St. fronting Uni Oil Gas Station Caloocan,0,0,0,0,0,0,0,0,0,0,2014-05-23 11:40,Property,14.65727772,120.9854774,Side Swipe
None,EDSA,None,None,"No Accident Factor, Angle Impact, 0.0 drivers_injured, 0.0 drivers_killed, 0.0 passengers_injured, 0.0 passengers_killed, 0.0 pedestrian_injured, 0.0 pedestrian_killed, Fair (Day), EDSA De Jesus Street  Caloocan",MMDA Road Safety Unit,,fcbc3442-c84e-42cc-b1e0-cab934591918,2014-05-22,09:50:00,EDSA Fronting SSS Caloocan,0,0,0,0,0,0,0,0,0,0,2014-05-22 17:50,Property,14.65713667,120.9882603,Angle Impact
None,EDSA,None,None,"No Accident Factor, Side Swipe, 1.0 drivers_injured, 0.0 drivers_killed, 0.0 passengers_injured, 0.0 passengers_killed, 0.0 pedestrian_injured, 0.0 pedestrian_killed, Fair (Day), EDSA A. De Jesus Intersection  Caloocan",MMDA Road Safety Unit,,b8e90b55-d8ea-4dfd-825c-65a3147d4468,2014-05-21,00:25:00,EDSA Tandang Sora Caloocan,0,0,0,1,0,0,0,0,0,1,2014-05-21 8:25,Injury,14.65708029,120.9904325,Side Swipe
None,EDSA,None,None,"No Accident Factor, Side Swipe, 0.0 drivers_injured, 0.0 drivers_killed, 0.0 passengers_injured, 0.0 passengers_killed, 0.0 pedestrian_injured, 0.0 pedestrian_killed, Fair (Day), EDSA approaching Biglang Awa Street  Caloocan",MMDA Road Safety Unit,,a9f79143-071b-4dbd-a93a-79d1f31de236,2014-05-20,01:05:00,EDSA Fronting Muflers & Headers Service Center Caloocan,0,0,0,0,0,0,0,0,0,0,2014-05-20 9:05,Property,14.6571779,120.9943152,Side Swipe
None,EDSA,None,None,"No Accident Factor, Hit Parked Vehicle, 0.0 drivers_injured, 0.0 drivers_killed, 0.0 passengers_injured, 0.0 passengers_killed, 0.0 pedestrian_injured, 0.0 pedestrian_killed, Fair (Day), EDSA before Simon Street  Caloocan",MMDA Road Safety Unit,,2fb7b766-b2dd-4d21-96b1-403fc8a42d18,2014-05-19,00:00:00,EDSA Bonifacio Memorial Circle Caloocan,0,0,0,0,0,0,0,0,0,0,2014-05-19 8:00,Property,14.65734139,120.9857587,Hit Object
None,EDSA,None,None,"No Accident Factor, Rear-end, 0.0 drivers_injured, 0.0 drivers_killed, 0.0 passengers_injured, 0.0 passengers_killed, 0.0 pedestrian_injured, 0.0 pedestrian_killed, Fair (Night), EDSA fronting SOGO Hotel Caloocan",MMDA Road Safety Unit,,b5e9714c-7e75-4062-bd23-7df61778548d,2014-05-17,14:30:00,EDSA Fronting SSS Caloocan,0,0,0,0,0,0,0,0,0,0,2014-05-17 22:30,Property,14.6572795,120.984717,Rear-End
None,EDSA,None,None,"No Accident Factor, Rear-end, 0.0 drivers_injured, 0.0 drivers_killed, 0.0 passengers_injured, 0.0 passengers_killed, 0.0 pedestrian_injured, 0.0 pedestrian_killed, Fair (Night), EDSA fronting Bagong Barrio Jollibee Caloocan",MMDA Road Safety Unit,,e8a8a102-66cd-402c-a85f-a3b0e7783834,2014-05-15,12:00:00,EDSA MCU Caloocan,0,0,0,0,0,0,0,0,0,0,2014-05-15 20:00,Property,14.65746528,120.9979165,Rear-End
None,EDSA,None,None,"No Accident Factor, Side Swipe, 0.0 drivers_injured, 0.0 drivers_killed, 0.0 passengers_injured, 0.0 passengers_killed, 0.0 pedestrian_injured, 0.0 pedestrian_killed, Fair (Night), EDSA fronting 7-11 Store Caloocan",MMDA Road Safety Unit,,3a0798ad-6e18-41ca-b27c-792ec93d2683,2014-05-13,14:15:00,EDSA  fronting Shakey's Dept.Store Caloocan,0,0,0,0,0,0,0,0,0,0,2014-05-13 22:15,Property,14.65726747,120.9874677,Side Swipe
None,EDSA,None,None,"No Accident Factor, Side Swipe, 0.0 drivers_injured, 0.0 drivers_killed, 0.0 passengers_injured, 0.0 passengers_killed, 0.0 pedestrian_injured, 0.0 pedestrian_killed, Fair (Night), EDSA after Bonifacio Memorial Circle fronting UCPB Caloocan",MMDA Road Safety Unit,,1aa539ba-4fcb-44fb-a86a-00de15e122df,2014-05-11,15:15:00,EDSA fronting MCU Hospital Caloocan,0,0,0,0,0,0,0,0,0,0,2014-05-11 23:15,Property,14.65731418,120.9896898,Side Swipe
None,EDSA,None,None,"No Accident Factor, Rear-end, 0.0 drivers_injured, 0.0 drivers_killed, 0.0 passengers_injured, 0.0 passengers_killed, 0.0 pedestrian_injured, 0.0 pedestrian_killed, Fair (Night), EDSA before SSS Caloocan",MMDA Road Safety Unit,,c4fb2a8c-df1b-47fa-9673-29b00a80bf48,2014-05-09,04:45:00,EDSA  fronting Mits.Motor Sales Caloocan,0,0,0,0,0,0,0,0,0,0,2014-05-09 12:45,Property,14.65741222,120.9917653,Rear-End
None,EDSA,None,None,"No Accident Factor, No Collision Stated (based on Police Blotter Book), 1.0 drivers_injured, 0.0 drivers_killed, 0.0 passengers_injured, 0.0 passengers_killed, 0.0 pedestrian_injured, 0.0 pedestrian_killed, Fair (Night), EDSA before General Tinio Street  Caloocan",MMDA Road Safety Unit,,7437f8fd-e790-4ab3-8afe-48f3b8bd8cde,2014-05-08,14:45:00,EDSA A. De Jesus St. E/B Caloocan,0,0,0,1,0,0,0,0,0,1,2014-05-08 22:45,Injury,14.65736378,120.9905255,No Collision Stated
None,EDSA,None,None,"No Accident Factor, Side Swipe, 0.0 drivers_injured, 0.0 drivers_killed, 0.0 passengers_injured, 0.0 passengers_killed, 0.0 pedestrian_injured, 0.0 pedestrian_killed, Fair (Night), EDSA Gen. Mascardo Street (WB)  Caloocan",MMDA Road Safety Unit,,31855487-37e8-48b7-9520-64153302704c,2014-05-02,22:20:00,EDSA before Balintawak Bridge Caloocan,0,0,0,0,0,0,0,0,0,0,2014-05-03 6:20,Property,14.65739042,120.994807,Side Swipe
None,EDSA,None,None,"No Accident Factor, Side Swipe, 0.0 drivers_injured, 0.0 drivers_killed, 0.0 passengers_injured, 0.0 passengers_killed, 0.0 pedestrian_injured, 0.0 pedestrian_killed, Fair (Night), EDSA fronting SSS Bldg. (WB)  Caloocan",MMDA Road Safety Unit,,dc7e7cb1-077d-4f11-a212-84c420412996,2014-04-30,16:15:00,Edsa A. De Jesus St. Caloocan,0,0,0,0,0,0,0,0,0,0,2014-05-01 0:15,Property,14.65739195,120.9931284,Side Swipe
None,EDSA,None,None,"No Accident Factor, Hit Object (No Object Stated), 0.0 drivers_injured, 0.0 drivers_killed, 0.0 passengers_injured, 0.0 passengers_killed, 0.0 pedestrian_injured, 0.0 pedestrian_killed, Fair (Day), EDSA after Biglang Awa (EB)  Caloocan",MMDA Road Safety Unit,,56dee575-b268-4312-b666-c688e9c0ec89,2014-04-28,05:20:00,EDSA De Jesus St. Caloocan,0,0,0,0,0,0,0,0,0,0,2014-04-28 13:20,Property,14.65715148,120.9947971,Hit Object
None,EDSA,None,None,"No Accident Factor, Side Swipe, 0.0 drivers_injured, 0.0 drivers_killed, 0.0 passengers_injured, 0.0 passengers_killed, 0.0 pedestrian_injured, 0.0 pedestrian_killed, Fair (Day), EDSA after Biglang Awa (EB)  Caloocan",MMDA Road Safety Unit,,02c19e6a-a3ab-45c1-9d57-48e79936b72d,2014-04-28,03:20:00,Edsa Malvar  Caloocan,0,0,0,0,0,0,0,0,0,0,2014-04-28 11:20,Property,14.65715148,120.9947971,Side Swipe
None,EDSA,None,None,"No Accident Factor, Rear-end, 0.0 drivers_injured, 0.0 drivers_killed, 0.0 passengers_injured, 0.0 passengers_killed, 0.0 pedestrian_injured, 0.0 pedestrian_killed, Fair (Day), EDSA fronting MCU Hospital Entrance Gate  Caloocan",MMDA Road Safety Unit,,d21651f2-6a28-413d-a17a-83ce10b04cc5,2014-04-14,07:30:00,Edsa G. Tinio  Caloocan,0,0,0,0,0,0,0,0,0,0,2014-04-14 15:30,Property,14.65728485,120.9863001,Rear-End
None,EDSA,None,None,"No Accident Factor, Angle Impact, 0.0 drivers_injured, 0.0 drivers_killed, 0.0 passengers_injured, 0.0 passengers_killed, 0.0 pedestrian_injured, 0.0 pedestrian_killed, Fair (Day), EDSA De Jesus Street  Caloocan",MMDA Road Safety Unit,,8af53542-cd8a-433a-a426-9bac78fc8ace,2014-04-10,05:15:00,Edsa Urbano Plato Caloocan,0,0,0,0,0,0,0,0,0,0,2014-04-10 13:15,Property,14.65713667,120.9882603,Angle Impact
None,EDSA,None,None,"No Accident Factor, Rear-end, 0.0 drivers_injured, 0.0 drivers_killed, 0.0 passengers_injured, 0.0 passengers_killed, 0.0 pedestrian_injured, 0.0 pedestrian_killed, Fair (Day), EDSA before Serrano  Caloocan",MMDA Road Safety Unit,,8ab2a1a2-9f52-4b3e-a726-0cc828254950,2014-04-09,07:00:00,Edsa M. Ponce Caloocan,0,0,0,0,0,0,0,0,0,0,2014-04-09 15:00,Property,14.65713482,120.9880472,Rear-End
None,EDSA,None,None,"No Accident Factor, Angle Impact, 0.0 drivers_injured, 0.0 drivers_killed, 0.0 passengers_injured, 0.0 passengers_killed, 0.0 pedestrian_injured, 0.0 pedestrian_killed, Fair (Day), EDSA before Biglang Awa Street  Caloocan",MMDA Road Safety Unit,,b3c0bd95-2b21-46e6-ac2d-e9a25a03e59a,2014-04-08,09:00:00,Edsa  fronting MCU Hospital Entrance Gate  Caloocan,0,0,0,0,0,0,0,0,0,0,2014-04-08 17:00,Property,14.65712249,120.9942079,Angle Impact
None,EDSA,None,None,"No Accident Factor, Angle Impact, 0.0 drivers_injured, 0.0 drivers_killed, 0.0 passengers_injured, 0.0 passengers_killed, 0.0 pedestrian_injured, 0.0 pedestrian_killed, Fair (Night), EDSA Biglang Awa Caloocan",MMDA Road Safety Unit,,9117b9ff-d659-4b41-b8cb-df4ac20e4fb1,2014-04-07,13:30:00,Edsa Before A. De Jesus St. Caloocan,0,0,0,0,0,0,0,0,0,0,2014-04-07 21:30,Property,14.65719007,120.9944415,Angle Impact
None,EDSA,None,None,"No Accident Factor, Rear-end, 0.0 drivers_injured, 0.0 drivers_killed, 0.0 passengers_injured, 0.0 passengers_killed, 0.0 pedestrian_injured, 0.0 pedestrian_killed, Fair (Night), EDSA Honda Cars  Caloocan",MMDA Road Safety Unit,,c84144a4-5850-4ea8-bb32-329e4fc43604,2014-04-07,13:25:00,Edsa De Jesus Caloocan,0,0,0,0,0,0,0,0,0,0,2014-04-07 21:25,Property,14.65713601,120.9973468,Rear-End