LOCATION_TEXT,ROAD,WEATHER,LIGHT,DESC,REPORTING_AGENCY,MAIN_CAUSE,INCIDENTDETAILS_ID,DATE_UTC,TIME_UTC,ADDRESS,killed_driver,killed_passenger,killed_pedestrian,injured_driver,injured_passenger,injured_pedestrian,killed_uncategorized,injured_uncategorized,killed_total,injured_total,DATETIME_PST,SEVERITY,Y,X,COLLISION_TYPE
None,EDSA,None,None,"No Accident Factor, Self-Accident, 0.0 drivers_injured, 0.0 drivers_killed, 0.0 passengers_injured, 0.0 passengers_killed, 0.0 pedestrian_injured, 0.0 pedestrian_killed, Fair (Day), EDSA Biglang Awa Street  Caloocan",MMDA Road Safety Unit,,dfad86bf-b6b3-49b4-859a-4e49bfdde1da,2014-04-04,02:20:00,Edsa Gen. Malvar Caloocan,0,0,0,0,0,0,0,0,0,0,2014-04-04 10:20,Property,14.65719007,120.9944415,Self-Accident
None,EDSA,None,None,"No Accident Factor, Side Swipe, 0.0 drivers_injured, 0.0 drivers_killed, 0.0 passengers_injured, 0.0 passengers_killed, 0.0 pedestrian_injured, 0.0 pedestrian_killed, Fair (Day), EDSA before SSS Caloocan",MMDA Road Safety Unit,,cf93a437-28a3-4256-abfc-5ee15d06210b,2014-03-30,05:20:00,Edsa Gen. Malvar Caloocan,0,0,0,0,0,0,0,0,0,0,2014-03-30 13:20,Property,14.65741222,120.9917653,Side Swipe
None,EDSA,None,None,"No Accident Factor, Side Swipe, 0.0 drivers_injured, 0.0 drivers_killed, 0.0 passengers_injured, 0.0 passengers_killed, 0.0 pedestrian_injured, 0.0 pedestrian_killed, Fair (Night), EDSA A. De Jesus St. Caloocan",MMDA Road Safety Unit,,34c9971a-17fe-40ff-8024-0396ed4cf806,2014-03-29,14:30:00,Edsa G. Tinio  Caloocan,0,0,0,0,0,0,0,0,0,0,2014-03-29 22:30,Property,14.65712835,120.990432,Side Swipe
None,EDSA,None,None,"No Accident Factor, Side Swipe, 0.0 drivers_injured, 0.0 drivers_killed, 0.0 passengers_injured, 0.0 passengers_killed, 0.0 pedestrian_injured, 0.0 pedestrian_killed, Fair (Day), EDSA after EDSA Malvar U Turn Slot Caloocan",MMDA Road Safety Unit,,db5dbb79-9f9f-4f25-881a-271574689ec9,2014-03-27,08:00:00,Edsa Before A. De Jesus St. Caloocan,0,0,0,0,0,0,0,0,0,0,2014-03-27 16:00,Property,14.65737352,120.9928489,Side Swipe
None,EDSA,None,None,"No Accident Factor, Side Swipe, 1.0 drivers_injured, 0.0 drivers_killed, 0.0 passengers_injured, 0.0 passengers_killed, 0.0 pedestrian_injured, 0.0 pedestrian_killed, Fair (Day), EDSA Benil  Caloocan",MMDA Road Safety Unit,,e2e4dbed-58ca-414f-a8ff-b39d6ef41125,2014-03-25,09:30:00,"Edsa  U-turn Slot, fronting UCPB Bank Caloocan",0,0,0,1,0,0,0,0,0,1,2014-03-25 17:30,Injury,14.65705691,120.9855172,Side Swipe
None,EDSA,None,None,"No Accident Factor, Hit Object (No Object Stated), 0.0 drivers_injured, 0.0 drivers_killed, 0.0 passengers_injured, 0.0 passengers_killed, 0.0 pedestrian_injured, 0.0 pedestrian_killed, Fair (Night), EDSA Biglang Awa Caloocan",MMDA Road Safety Unit,,9df0444b-c199-4294-bb0d-89eb78c2cb15,2014-03-24,13:45:00,EDSA  Tirona Caloocan,0,0,0,0,0,0,0,0,0,0,2014-03-24 21:45,Property,14.65719007,120.9944415,Hit Object
None,EDSA,None,None,"No Accident Factor, Side Swipe, 0.0 drivers_injured, 0.0 drivers_killed, 0.0 passengers_injured, 0.0 passengers_killed, 0.0 pedestrian_injured, 0.0 pedestrian_killed, Fair (Day), EDSA before Malvar Street Caloocan",MMDA Road Safety Unit,,3825c366-8fcd-4b13-809f-4e1c4a5c5698,2014-03-22,07:45:00,EDSA  fronting Clover INN Hotel WB Caloocan,0,0,0,0,0,0,0,0,0,0,2014-03-22 15:45,Property,14.6573146,120.9935683,Side Swipe
None,EDSA,None,None,"No Accident Factor, Side Swipe, 0.0 drivers_injured, 0.0 drivers_killed, 0.0 passengers_injured, 0.0 passengers_killed, 0.0 pedestrian_injured, 0.0 pedestrian_killed, Fair (Night), EDSA before Footbridge - Medical Center University of Caloocan  Caloocan",MMDA Road Safety Unit,,cb27e9b7-aa37-40a4-9c72-ea05c59b02cd,2014-03-21,14:50:00,EDSA  before B. Serrano St. Caloocan,0,0,0,0,0,0,0,0,0,0,2014-03-21 22:50,Property,14.65702647,120.9861437,Side Swipe
None,EDSA,None,None,"No Accident Factor, Side Swipe, 0.0 drivers_injured, 0.0 drivers_killed, 0.0 passengers_injured, 0.0 passengers_killed, 0.0 pedestrian_injured, 0.0 pedestrian_killed, Fair (Day), EDSA De Jesus Street  Caloocan",MMDA Road Safety Unit,,d2e9c932-fbf3-4fea-b9f3-095af3acf4c4,2014-03-21,07:45:00,EDSA  B. Serrano Caloocan,0,0,0,0,0,0,0,0,0,0,2014-03-21 15:45,Property,14.65713667,120.9882603,Side Swipe
None,EDSA,None,None,"No Accident Factor, No Collision Stated (based on Police Blotter Book), 0.0 drivers_injured, 0.0 drivers_killed, 1.0 passengers_injured, 0.0 passengers_killed, 0.0 pedestrian_injured, 0.0 pedestrian_killed, Fair (Day), EDSA before General Tinio Sr. Caloocan",MMDA Road Safety Unit,,4790a3a9-06ca-44e9-98ec-df3a1b4a177e,2014-03-12,23:55:00,EDSA  Gen. Malvar Caloocan,0,0,0,0,1,0,0,0,0,1,2014-03-13 7:55,Injury,14.65736378,120.9905255,No Collision Stated
None,EDSA,None,None,"No Accident Factor, Side Swipe, 0.0 drivers_injured, 0.0 drivers_killed, 0.0 passengers_injured, 0.0 passengers_killed, 0.0 pedestrian_injured, 0.0 pedestrian_killed, Fair (Day), EDSA Front of Suzuki Motors (WB) Caloocan",MMDA Road Safety Unit,,9242b216-21b7-47f0-8544-c3bc0e938e34,2014-03-11,05:30:00,EDSA Gen. Simon Caloocan,0,0,0,0,0,0,0,0,0,0,2014-03-11 13:30,Property,14.65741678,120.9941485,Side Swipe
None,EDSA,None,None,"No Accident Factor, No Collision Stated (based on Police Blotter Book), 1.0 drivers_injured, 0.0 drivers_killed, 0.0 passengers_injured, 0.0 passengers_killed, 0.0 pedestrian_injured, 0.0 pedestrian_killed, Fair (Night), EDSA fronting MCU Hospital  Caloocan",MMDA Road Safety Unit,,2cfeed9b-2594-485e-8cda-d78ad07d491e,2014-03-09,15:30:00,EDSA G. Simon St. Caloocan,0,0,0,1,0,0,0,0,0,1,2014-03-09 23:30,Injury,14.65728485,120.9863001,No Collision Stated
None,EDSA,None,None,"No Accident Factor, Side Swipe, 0.0 drivers_injured, 0.0 drivers_killed, 0.0 passengers_injured, 0.0 passengers_killed, 0.0 pedestrian_injured, 0.0 pedestrian_killed, Fair (Day), EDSA B. Serrano  Caloocan",MMDA Road Safety Unit,,aca7d5ca-333a-484b-87df-fd02cdca60a0,2014-03-08,01:00:00,EDSA Gen.Malvar St. Caloocan,0,0,0,0,0,0,0,0,0,0,2014-03-08 9:00,Property,14.65709397,120.9883095,Side Swipe
None,EDSA,None,None,"No Accident Factor, Side Swipe, 0.0 drivers_injured, 0.0 drivers_killed, 0.0 passengers_injured, 0.0 passengers_killed, 0.0 pedestrian_injured, 0.0 pedestrian_killed, Fair (Day), EDSA fronting SSS U Turn Slot before Genral Malvar  Caloocan",MMDA Road Safety Unit,,8114c484-fc00-4676-b42f-3f17cab63839,2014-03-07,08:40:00,EDSA Fronting Pag Ibig Fund Caloocan,0,0,0,0,0,0,0,0,0,0,2014-03-07 16:40,Property,14.65739195,120.9931284,Side Swipe
None,EDSA,None,None,"No Accident Factor, Side Swipe, 0.0 drivers_injured, 0.0 drivers_killed, 0.0 passengers_injured, 0.0 passengers_killed, 0.0 pedestrian_injured, 0.0 pedestrian_killed, Fair (Day), EDSA fronting Phil. Business Bank  Caloocan",MMDA Road Safety Unit,,c4af5357-af7a-48bd-8aa6-5a03788ace74,2014-03-04,22:55:00,EDSA After Balintawak Bridge Caloocan,0,0,0,0,0,0,0,0,0,0,2014-03-05 6:55,Property,14.65712983,120.9966306,Side Swipe
None,EDSA,None,None,"No Accident Factor, Angle Impact, 0.0 drivers_injured, 0.0 drivers_killed, 0.0 passengers_injured, 0.0 passengers_killed, 0.0 pedestrian_injured, 0.0 pedestrian_killed, Fair (Day), EDSA before SSS Caloocan",MMDA Road Safety Unit,,02dbe39b-2917-4aea-89df-b799509285b8,2014-03-02,09:30:00,EDSA A. De Jesus St. Caloocan,0,0,0,0,0,0,0,0,0,0,2014-03-02 17:30,Property,14.65741222,120.9917653,Angle Impact
None,EDSA,None,None,"No Accident Factor, Rear-end, 0.0 drivers_injured, 0.0 drivers_killed, 0.0 passengers_injured, 0.0 passengers_killed, 0.0 pedestrian_injured, 0.0 pedestrian_killed, Fair (Day), EDSA before Asuncion Street  Caloocan",MMDA Road Safety Unit,,f26ac819-6a07-4dfd-a600-960c034b91a0,2014-03-02,04:00:00,EDSA A. De Jesus St. Caloocan,0,0,0,0,0,0,0,0,0,0,2014-03-02 12:00,Property,14.65736217,120.9878298,Rear-End
None,EDSA,None,None,"No Accident Factor, Rear-end, 0.0 drivers_injured, 0.0 drivers_killed, 0.0 passengers_injured, 0.0 passengers_killed, 0.0 pedestrian_injured, 0.0 pedestrian_killed, Fair (Night), EDSA fronting Toyota Balintawak  Caloocan",MMDA Road Safety Unit,,d7f0281e-3402-486e-9e35-caad96416eda,2014-03-01,13:50:00,EDSA Tinio St. Caloocan,0,0,0,0,0,0,0,0,0,0,2014-03-01 21:50,Property,14.6573861,120.9953868,Rear-End
None,EDSA,None,None,"No Accident Factor, Rear-end, 0.0 drivers_injured, 0.0 drivers_killed, 0.0 passengers_injured, 0.0 passengers_killed, 0.0 pedestrian_injured, 0.0 pedestrian_killed, Fair (Day), EDSA fronting SSS Bldg. (WB) Caloocan",MMDA Road Safety Unit,,97e3ee6a-89ff-4a08-9226-2c59c635a233,2014-03-01,03:25:00,EDSA A. De Jesus  Caloocan,0,0,0,0,0,0,0,0,0,0,2014-03-01 11:25,Property,14.65739195,120.9931284,Rear-End
None,EDSA,None,None,"No Accident Factor, Angle Impact, 0.0 drivers_injured, 0.0 drivers_killed, 0.0 passengers_injured, 0.0 passengers_killed, 0.0 pedestrian_injured, 0.0 pedestrian_killed, Fair (Day), EDSA Mascardo Caloocan",MMDA Road Safety Unit,,531e9699-cee6-459c-ae29-85e8dd96891e,2014-02-27,02:20:00,EDSA B.Serrano Caloocan,0,0,0,0,0,0,0,0,0,0,2014-02-27 10:20,Property,14.65743836,120.9947935,Angle Impact
None,EDSA,None,None,"No Accident Factor, No Collision Stated (based on Police Blotter Book), 0.0 drivers_injured, 0.0 drivers_killed, 0.0 passengers_injured, 0.0 passengers_killed, 0.0 pedestrian_injured, 0.0 pedestrian_killed, Fair (Night), EDSA Before Caltex going to Balintawak  Caloocan",MMDA Road Safety Unit,,382830d5-f1d6-42d7-8e8c-b3e451526f64,2014-02-22,13:50:00,EDSA Gen. Malvar Caloocan,0,0,0,0,0,0,0,0,0,0,2014-02-22 21:50,Property,14.65764601,121.0050337,No Collision Stated
None,EDSA,None,None,"No Accident Factor, Side Swipe, 0.0 drivers_injured, 0.0 drivers_killed, 0.0 passengers_injured, 0.0 passengers_killed, 0.0 pedestrian_injured, 0.0 pedestrian_killed, Fair (Night), EDSA Tirona Street  Caloocan",MMDA Road Safety Unit,,38d8004b-0974-4d5c-97cf-ca810da79c3c,2014-02-21,11:45:00,EDSA B.Serrano Caloocan,0,0,0,0,0,0,0,0,0,0,2014-02-21 19:45,Property,14.65741027,120.9971107,Side Swipe
None,EDSA,None,None,"No Accident Factor, Rear-end, 1.0 drivers_injured, 0.0 drivers_killed, 0.0 passengers_injured, 0.0 passengers_killed, 0.0 pedestrian_injured, 0.0 pedestrian_killed, Fair (Day), EDSA fronting MCU Hospital (WB)  Caloocan",MMDA Road Safety Unit,,a8f6fb59-c9af-4dd7-8c89-af8dbef13526,2014-02-19,22:30:00,EDSA Gen. Malvar St.(WB) Caloocan,0,0,0,1,0,0,0,0,0,1,2014-02-20 6:30,Injury,14.65728485,120.9863001,Rear-End
None,EDSA,None,None,"No Accident Factor, Side Swipe, 0.0 drivers_injured, 0.0 drivers_killed, 0.0 passengers_injured, 0.0 passengers_killed, 0.0 pedestrian_injured, 0.0 pedestrian_killed, Fair (Day), EDSA B. Serrano Avenue Caloocan",MMDA Road Safety Unit,,8ea9cedd-1d06-44bd-9805-5ea369575c3a,2014-02-14,02:15:00,EDSA A. De Jesus  Caloocan,0,0,0,0,0,0,0,0,0,0,2014-02-14 10:15,Property,14.6573762,120.9875993,Side Swipe
None,EDSA,None,None,"No Accident Factor, Angle Impact, 1.0 drivers_injured, 0.0 drivers_killed, 0.0 passengers_injured, 0.0 passengers_killed, 0.0 pedestrian_injured, 0.0 pedestrian_killed, Fair (Night), EDSA A. De Jesus Street Caloocan",MMDA Road Safety Unit,,dab8be26-26a8-4ea9-bd66-f7964515e839,2014-02-12,18:45:00,EDSA Tirona Caloocan,0,0,0,1,0,0,0,0,0,1,2014-02-13 2:45,Injury,14.65711261,120.9904651,Angle Impact
None,EDSA,None,None,"No Accident Factor, Angle Impact, 1.0 drivers_injured, 0.0 drivers_killed, 0.0 passengers_injured, 0.0 passengers_killed, 0.0 pedestrian_injured, 0.0 pedestrian_killed, Fair (Night), EDSA before A. De Jesus Street  Caloocan",MMDA Road Safety Unit,,6c255fbc-ee62-4267-b581-3def49a85e7c,2014-02-07,20:45:00,EDSA Biglang Awa Caloocan,0,0,0,1,0,0,0,0,0,1,2014-02-08 4:45,Injury,14.65709944,120.990431,Angle Impact
None,EDSA,None,None,"No Accident Factor, Angle Impact, 0.0 drivers_injured, 0.0 drivers_killed, 0.0 passengers_injured, 0.0 passengers_killed, 0.0 pedestrian_injured, 0.0 pedestrian_killed, Fair (Day), EDSA Near A. De Jesus  Caloocan",MMDA Road Safety Unit,,17f1c8ca-56b1-4e80-a367-9eb3a44a646f,2014-02-07,07:15:00,EDSA between B. Serrrano & A. De Jesus Caloocan,0,0,0,0,0,0,0,0,0,0,2014-02-07 15:15,Property,14.65704435,120.9904843,Angle Impact
None,EDSA,None,None,"No Accident Factor, Side Swipe, 1.0 drivers_injured, 0.0 drivers_killed, 0.0 passengers_injured, 0.0 passengers_killed, 0.0 pedestrian_injured, 0.0 pedestrian_killed, Fair (Night), EDSA Near A. De Jesus  Caloocan",MMDA Road Safety Unit,,1aa9dd63-13e4-4c99-acbf-3176048fc823,2014-02-05,20:00:00,EDSA Gen.Malvar Caloocan,0,0,0,1,0,0,0,0,0,1,2014-02-06 4:00,Injury,14.65704435,120.9904843,Side Swipe
None,EDSA,None,None,"No Accident Factor, Side Swipe, 0.0 drivers_injured, 0.0 drivers_killed, 0.0 passengers_injured, 0.0 passengers_killed, 0.0 pedestrian_injured, 0.0 pedestrian_killed, Fair (Day), EDSA A. De Jesus Caloocan",MMDA Road Safety Unit,,2bf19cb9-7732-4f22-b3b9-7ae657667204,2014-02-04,03:25:00,EDSA Gen.Malvar  Caloocan,0,0,0,0,0,0,0,0,0,0,2014-02-04 11:25,Property,14.65712806,120.9903991,Side Swipe
None,EDSA,None,None,"No Accident Factor, Side Swipe, 0.0 drivers_injured, 0.0 drivers_killed, 0.0 passengers_injured, 0.0 passengers_killed, 0.0 pedestrian_injured, 0.0 pedestrian_killed, Fair (Night), EDSA before SSS,before Bonifacio Memorial Circle Caloocan",MMDA Road Safety Unit,,1bcb0820-6366-4e4f-bcc2-1975053ce1bf,2014-01-29,19:10:00,EDSA Biglang-awa Caloocan,0,0,0,0,0,0,0,0,0,0,2014-01-30 3:10,Property,14.65741222,120.9917653,Side Swipe
None,EDSA,None,None,"No Accident Factor, Rear-end, 0.0 drivers_injured, 0.0 drivers_killed, 0.0 passengers_injured, 0.0 passengers_killed, 0.0 pedestrian_injured, 0.0 pedestrian_killed, Fair (Night), EDSA u-turn slot,before A. De Jesus St. Caloocan",MMDA Road Safety Unit,,8f7fa4dc-2bbb-4e36-9e98-02792c1e26ca,2014-01-24,13:00:00,EDSA fronting SSS uturn slot W/B Caloocan,0,0,0,0,0,0,0,0,0,0,2014-01-24 21:00,Property,14.6573762,120.9875993,Rear-End
None,EDSA,None,None,"No Accident Factor, Side Swipe, 0.0 drivers_injured, 0.0 drivers_killed, 0.0 passengers_injured, 0.0 passengers_killed, 0.0 pedestrian_injured, 0.0 pedestrian_killed, Fair (Day), EDSA Malvar St. Caloocan",MMDA Road Safety Unit,,f98734e7-d7fb-4aae-a961-4e097a10e471,2014-01-21,09:30:00,EDSA Gen.Malvar  Caloocan,0,0,0,0,0,0,0,0,0,0,2014-01-21 17:30,Property,14.65729555,120.9930964,Side Swipe
None,EDSA,None,None,"No Accident Factor, Angle Impact, 0.0 drivers_injured, 0.0 drivers_killed, 1.0 passengers_injured, 0.0 passengers_killed, 0.0 pedestrian_injured, 0.0 pedestrian_killed, Fair (Day), EDSA  Near Tenio Street  Caloocan",MMDA Road Safety Unit,,068ad7e8-60b0-48e3-a994-6a809a65f441,2013-12-25,07:00:00,EDSA Gen.Concepcion Caloocan,0,0,0,0,1,0,0,0,0,1,2013-12-25 15:00,Injury,14.65730186,120.9901178,Angle Impact
None,EDSA,None,None,"No Accident Factor, Rear-end, 0.0 drivers_injured, 0.0 drivers_killed, 0.0 passengers_injured, 0.0 passengers_killed, 0.0 pedestrian_injured, 0.0 pedestrian_killed, Fair (Night), EDSA Fronting UNI Oil Near Gen. Tinio Street  Caloocan",MMDA Road Safety Unit,,ea8fc2d3-8af4-4248-8a81-275452cccfa0,2013-12-23,18:45:00,EDSA fronting BIR Caloocan,0,0,0,0,0,0,0,0,0,0,2013-12-24 2:45,Property,14.65727082,120.9904156,Rear-End
None,EDSA,None,None,"No Accident Factor, Side Swipe, 1.0 drivers_injured, 0.0 drivers_killed, 0.0 passengers_injured, 0.0 passengers_killed, 0.0 pedestrian_injured, 0.0 pedestrian_killed, Fair (Night), EDSA  Fronting Bldg. 315 Approaching Corner of D. Arellano Street  Caloocan",MMDA Road Safety Unit,,3f98fb44-296c-4307-890c-3e5268967c90,2013-12-23,18:30:00,EDSA Gen.Malvar  Caloocan,0,0,0,1,0,0,0,0,0,1,2013-12-24 2:30,Injury,14.65737119,120.9925504,Side Swipe
None,EDSA,None,None,"No Accident Factor, Rear-end, 1.0 drivers_injured, 0.0 drivers_killed, 0.0 passengers_injured, 0.0 passengers_killed, 0.0 pedestrian_injured, 0.0 pedestrian_killed, Fair (Day), EDSA  Fronting Jollibee Caloocan",MMDA Road Safety Unit,,16645694-ff30-449d-abe4-4296fbfeea64,2013-12-23,03:30:00,EDSA Gen.Tinio Caloocan,0,0,0,1,0,0,0,0,0,1,2013-12-23 11:30,Injury,14.65725579,120.9880523,Rear-End
None,EDSA,None,None,"No Accident Factor, Rear-end, 0.0 drivers_injured, 0.0 drivers_killed, 0.0 passengers_injured, 0.0 passengers_killed, 0.0 pedestrian_injured, 0.0 pedestrian_killed, Fair (Night), EDSA  Fronting Bank of Makati  Caloocan",MMDA Road Safety Unit,,3f72cf58-1755-4612-8936-040f64bda36f,2013-12-20,17:00:00,EDSA B. Serrano St. Caloocan,0,0,0,0,0,0,0,0,0,0,2013-12-21 1:00,Property,14.65735057,120.9883401,Rear-End
None,EDSA,None,None,"No Accident Factor, Rear-end, 0.0 drivers_injured, 0.0 drivers_killed, 0.0 passengers_injured, 0.0 passengers_killed, 0.0 pedestrian_injured, 0.0 pedestrian_killed, Fair (Day), EDSA  De Jesus  Caloocan",MMDA Road Safety Unit,,cb0b2a7c-7d81-463d-b398-f95b0c0b9fa4,2013-12-16,04:30:00,EDSA A. De Jesus Caloocan,0,0,0,0,0,0,0,0,0,0,2013-12-16 12:30,Property,14.65734545,120.9978836,Rear-End
None,EDSA,None,None,"No Accident Factor, Rear-end, 0.0 drivers_injured, 0.0 drivers_killed, 0.0 passengers_injured, 0.0 passengers_killed, 0.0 pedestrian_injured, 0.0 pedestrian_killed, Fair (Night), EDSA  B. Serrano St.  Caloocan",MMDA Road Safety Unit,,3a8ff1e3-68b2-455b-9499-fd6f54638f9d,2013-12-13,14:10:00,EDSA fronting MCU-FDTMF Hospital Caloocan,0,0,0,0,0,0,0,0,0,0,2013-12-13 22:10,Property,14.65706107,120.9882111,Rear-End
None,EDSA,None,None,"No Accident Factor, Side Swipe, 0.0 drivers_injured, 0.0 drivers_killed, 0.0 passengers_injured, 0.0 passengers_killed, 0.0 pedestrian_injured, 0.0 pedestrian_killed, Fair (Day), EDSA  A. De Jesus St.  Caloocan",MMDA Road Safety Unit,,58f0ea82-52f8-482b-9fed-a57b62831c02,2013-12-10,04:05:00,EDSA B. Serrano St. (5th St.) Caloocan,0,0,0,0,0,0,0,0,0,0,2013-12-10 12:05,Property,14.65717655,120.990448,Side Swipe
None,EDSA,None,None,"No Accident Factor, Rear-end, 0.0 drivers_injured, 0.0 drivers_killed, 0.0 passengers_injured, 0.0 passengers_killed, 0.0 pedestrian_injured, 0.0 pedestrian_killed, Fair (Day), EDSA  De Jesus St.  Caloocan",MMDA Road Safety Unit,,6ca75a11-673e-4b6e-ba1c-b842793640e0,2013-12-07,04:30:00,"EDSA at ""U"" turn slot, J. De Jesus Caloocan",0,0,0,0,0,0,0,0,0,0,2013-12-07 12:30,Property,14.65734545,120.9978836,Rear-End
None,EDSA,None,None,"No Accident Factor, Self-Accident, 0.0 drivers_injured, 0.0 drivers_killed, 0.0 passengers_injured, 0.0 passengers_killed, 0.0 pedestrian_injured, 0.0 pedestrian_killed, Fair (Night), EDSA  A. Tinio St.  Caloocan",MMDA Road Safety Unit,,16652fe1-02fd-4f2c-8f0c-63cf915d6003,2013-12-03,21:30:00,"EDSA fronting Mercury Drugstore, before Bonifacio Memorial Circle Caloocan",0,0,0,0,0,0,0,0,0,0,2013-12-04 5:30,Property,14.65730229,120.9901671,Self-Accident
None,EDSA,None,None,"No Accident Factor, Self-Accident, 0.0 drivers_injured, 0.0 drivers_killed, 0.0 passengers_injured, 0.0 passengers_killed, 0.0 pedestrian_injured, 0.0 pedestrian_killed, Fair (Night), EDSA General Tinio St.  Caloocan",MMDA Road Safety Unit,,60959f22-0b93-4108-8261-94eb7f74e145,2013-12-01,21:30:00,EDSA Gen. Tinio St. Caloocan,0,0,0,0,0,0,0,0,0,0,2013-12-02 5:30,Property,14.65731831,120.990167,Self-Accident
None,EDSA,None,None,"No Accident Factor, Side Swipe, 0.0 drivers_injured, 0.0 drivers_killed, 0.0 passengers_injured, 0.0 passengers_killed, 0.0 pedestrian_injured, 0.0 pedestrian_killed, Fair (Day), EDSA fronting MCU Hospital Caloocan",MMDA Road Safety Unit,,37e076c9-337a-44e8-bdf0-c3660e90bfe5,2013-11-09,08:30:00,EDSA Gen. Malvar St. Caloocan,0,0,0,0,0,0,0,0,0,0,2013-11-09 16:30,Property,14.65728485,120.9863001,Side Swipe
None,EDSA,None,None,"No Accident Factor, Rear-end, 1.0 drivers_injured, 0.0 drivers_killed, 0.0 passengers_injured, 0.0 passengers_killed, 0.0 pedestrian_injured, 0.0 pedestrian_killed, Fair (Night), EDSA fronting MCU Hospital before footbridge (WB) Caloocan",MMDA Road Safety Unit,,e7cb546b-027c-43a3-85f5-fbdab0c98812,2013-11-01,11:00:00,EDSA fronting SSS Caloocan,0,0,0,1,0,0,0,0,0,1,2013-11-01 19:00,Injury,14.65728485,120.9863001,Rear-End
None,EDSA,None,None,"No Accident Factor, Angle Impact, 0.0 drivers_injured, 0.0 drivers_killed, 0.0 passengers_injured, 0.0 passengers_killed, 0.0 pedestrian_injured, 0.0 pedestrian_killed, Fair (Day), EDSA A. De Jesus St. Caloocan",MMDA Road Safety Unit,,d4cc458c-c471-4eeb-988b-479fefa95176,2013-10-30,01:00:00,EDSA De Jesus St. Caloocan,0,0,0,0,0,0,0,0,0,0,2013-10-30 9:00,Property,14.65712835,120.990432,Angle Impact
None,EDSA,None,None,"No Accident Factor, Angle Impact, 0.0 drivers_injured, 0.0 drivers_killed, 1.0 passengers_injured, 0.0 passengers_killed, 0.0 pedestrian_injured, 0.0 pedestrian_killed, Fair (Night), EDSA A. De Jesus St. Caloocan",MMDA Road Safety Unit,,2256c616-6918-4b22-9e53-2ae082e3bceb,2013-10-29,11:30:00,"EDSA at ""U"" turn slot, Gen. Malvar St. Caloocan",0,0,0,0,1,0,0,0,0,1,2013-10-29 19:30,Injury,14.65712835,120.990432,Angle Impact
None,EDSA,None,None,"No Accident Factor, Side Swipe, 0.0 drivers_injured, 0.0 drivers_killed, 0.0 passengers_injured, 0.0 passengers_killed, 0.0 pedestrian_injured, 0.0 pedestrian_killed, Fair (Day), EDSA G. Tinio footbridge Caloocan",MMDA Road Safety Unit,,1fab0d54-15d8-4f82-8b1c-8545480c33cf,2013-10-29,04:10:00,EDSA Gen. Malvar St. Caloocan,0,0,0,0,0,0,0,0,0,0,2013-10-29 12:10,Property,14.65725949,120.989615,Side Swipe
None,EDSA,None,None,"No Accident Factor, Side Swipe, 0.0 drivers_injured, 0.0 drivers_killed, 0.0 passengers_injured, 0.0 passengers_killed, 0.0 pedestrian_injured, 0.0 pedestrian_killed, Fair (Day), EDSA after SSS Bldg. (WB) Caloocan",MMDA Road Safety Unit,,dfd378c2-fde0-4c2a-8a8e-939864142aaf,2013-10-28,08:35:00,EDSA A. De Jesus St. Caloocan,0,0,0,0,0,0,0,0,0,0,2013-10-28 16:35,Property,14.65737323,120.9928159,Side Swipe
None,EDSA,None,None,"No Accident Factor, Side Swipe, 0.0 drivers_injured, 0.0 drivers_killed, 0.0 passengers_injured, 0.0 passengers_killed, 0.0 pedestrian_injured, 0.0 pedestrian_killed, Fair (Day), EDSA A. De Jesus St. uturn slot Caloocan",MMDA Road Safety Unit,,4808c0be-488f-4e15-b3b8-d037976630a4,2013-10-24,22:55:00,EDSA Biglang Awa Caloocan,0,0,0,0,0,0,0,0,0,0,2013-10-25 6:55,Property,14.65711261,120.9904651,Side Swipe
None,EDSA,None,None,"No Accident Factor, Rear-end, 0.0 drivers_injured, 0.0 drivers_killed, 0.0 passengers_injured, 0.0 passengers_killed, 0.0 pedestrian_injured, 0.0 pedestrian_killed, Fair (Day), EDSA Urbano Plata St. Caloocan",MMDA Road Safety Unit,,2b40d197-d094-4a86-88c7-5b85c329d1e4,2013-10-18,09:20:00,EDSA Tirona Caloocan,0,0,0,0,0,0,0,0,0,0,2013-10-18 17:20,Property,14.65714729,120.9926394,Rear-End
None,EDSA,None,None,"No Accident Factor, Side Swipe, 0.0 drivers_injured, 0.0 drivers_killed, 0.0 passengers_injured, 0.0 passengers_killed, 0.0 pedestrian_injured, 0.0 pedestrian_killed, Fair (Night), EDSA A. De Jesu  uturn slot Caloocan",MMDA Road Safety Unit,,e63c151a-24fe-42bb-b9c8-0254674eb705,2013-10-16,12:00:00,EDSA fronting MCU-FDTMF Hospital Caloocan,0,0,0,0,0,0,0,0,0,0,2013-10-16 20:00,Property,14.65717922,120.9903947,Side Swipe
None,EDSA,None,None,"No Accident Factor, Rear-end, 0.0 drivers_injured, 0.0 drivers_killed, 0.0 passengers_injured, 0.0 passengers_killed, 0.0 pedestrian_injured, 0.0 pedestrian_killed, Fair (Day), EDSA Biglang Awa Caloocan",MMDA Road Safety Unit,,a4d80ad9-7856-4892-9345-470e34699f23,2013-10-16,08:00:00,EDSA E. De Jesus Caloocan,0,0,0,0,0,0,0,0,0,0,2013-10-16 16:00,Property,14.65719007,120.9944415,Rear-End
None,EDSA,None,None,"No Accident Factor, Rear-end, 0.0 drivers_injured, 0.0 drivers_killed, 0.0 passengers_injured, 0.0 passengers_killed, 0.0 pedestrian_injured, 0.0 pedestrian_killed, Fair (Day), EDSA  A. De Jesus St. Caloocan",MMDA Road Safety Unit,,818c8180-8cc7-45a9-bf3b-56246d1ec69c,2013-10-15,23:00:00,"EDSA fronting MCU-FDTMF Hospital, before Footbridge Caloocan",0,0,0,0,0,0,0,0,0,0,2013-10-16 7:00,Property,14.65717655,120.990448,Rear-End