LOCATION_TEXT,ROAD,WEATHER,LIGHT,DESC,REPORTING_AGENCY,MAIN_CAUSE,INCIDENTDETAILS_ID,DATE_UTC,TIME_UTC,ADDRESS,killed_driver,killed_passenger,killed_pedestrian,injured_driver,injured_passenger,injured_pedestrian,killed_uncategorized,injured_uncategorized,killed_total,injured_total,DATETIME_PST,SEVERITY,Y,X,COLLISION_TYPE
None,EDSA,None,None,"No Accident Factor, No Collision Stated (based on Police Blotter Book), 0.0 drivers_injured, 0.0 drivers_killed, 0.0 passengers_injured, 0.0 passengers_killed, 0.0 pedestrian_injured, 0.0 pedestrian_killed, Fair (Night), EDSA before SSS Caloocan",MMDA Road Safety Unit,,79c207cf-eb2b-4e1f-88e5-dd0a37310cdc,2013-10-15,13:00:00,EDSA Gen. Malvar St. Caloocan,0,0,0,0,0,0,0,0,0,0,2013-10-15 21:00,Property,14.65741222,120.9917653,No Collision Stated
None,EDSA,None,None,"No Accident Factor, Side Swipe, 0.0 drivers_injured, 0.0 drivers_killed, 0.0 passengers_injured, 0.0 passengers_killed, 0.0 pedestrian_injured, 0.0 pedestrian_killed, Fair (Day), EDSA A. De Jesus Caloocan",MMDA Road Safety Unit,,dea9f617-3ce3-45ac-aafb-3492dae89216,2013-10-13,23:30:00,"EDSA at ""U"" turn slot, Gen. Tinio St. Caloocan",0,0,0,0,0,0,0,0,0,0,2013-10-14 7:30,Property,14.65712806,120.9903991,Side Swipe
None,EDSA,None,None,"No Accident Factor, Side Swipe, 0.0 drivers_injured, 0.0 drivers_killed, 0.0 passengers_injured, 0.0 passengers_killed, 0.0 pedestrian_injured, 0.0 pedestrian_killed, Fair (Day), EDSA De Jesus St. Caloocan",MMDA Road Safety Unit,,16523c04-8c25-4e3b-a9fe-57e6aa52aabc,2013-10-10,23:30:00,EDSA Morning Breeze Caloocan,0,0,0,0,0,0,0,0,0,0,2013-10-11 7:30,Property,14.65713667,120.9882603,Side Swipe
None,EDSA,None,None,"No Accident Factor, Rear-end, 0.0 drivers_injured, 0.0 drivers_killed, 0.0 passengers_injured, 0.0 passengers_killed, 0.0 pedestrian_injured, 0.0 pedestrian_killed, Fair (Day), EDSA before MMDA uturn slot fronting RCBC Caloocan",MMDA Road Safety Unit,,33fcad7b-fd06-44be-8017-f827a18da981,2013-10-08,07:00:00,EDSA B. Serrano St. Caloocan,0,0,0,0,0,0,0,0,0,0,2013-10-08 15:00,Property,14.65733151,120.9934938,Rear-End
None,EDSA,None,None,"No Accident Factor, Side Swipe, 0.0 drivers_injured, 0.0 drivers_killed, 0.0 passengers_injured, 0.0 passengers_killed, 0.0 pedestrian_injured, 0.0 pedestrian_killed, Fair (Day), EDSA Gen.Tirona St. Caloocan",MMDA Road Safety Unit,,cf326d72-3c04-468c-a7e7-5b286f9bf1b3,2013-10-08,05:00:00,EDSA A. De Jesus St. Caloocan,0,0,0,0,0,0,0,0,0,0,2013-10-08 13:00,Property,14.65741042,120.9971271,Side Swipe
None,EDSA,None,None,"No Accident Factor, Side Swipe, 0.0 drivers_injured, 0.0 drivers_killed, 0.0 passengers_injured, 0.0 passengers_killed, 0.0 pedestrian_injured, 0.0 pedestrian_killed, Fair (Day), EDSA A. De Jesus  Caloocan",MMDA Road Safety Unit,,784508c8-a974-4f13-8c73-d26139996618,2013-09-20,05:00:00,EDSA B. Serrano St. Caloocan,0,0,0,0,0,0,0,0,0,0,2013-09-20 13:00,Property,14.6570482,120.9904511,Side Swipe
None,EDSA,None,None,"No Accident Factor, Side Swipe, 0.0 drivers_injured, 0.0 drivers_killed, 0.0 passengers_injured, 0.0 passengers_killed, 0.0 pedestrian_injured, 0.0 pedestrian_killed, Fair (Day), EDSA before A. De Jesus St. Caloocan",MMDA Road Safety Unit,,b78718f9-177d-4bb5-bfa7-4bacd8ac7857,2013-08-31,06:50:00,EDSA B. Serrano St. Caloocan,0,0,0,0,0,0,0,0,0,0,2013-08-31 14:50,Property,14.65709944,120.990431,Side Swipe
None,EDSA,None,None,"No Accident Factor, Side Swipe, 0.0 drivers_injured, 0.0 drivers_killed, 0.0 passengers_injured, 0.0 passengers_killed, 0.0 pedestrian_injured, 0.0 pedestrian_killed, Fair (Night), EDSA u-turn slot,before A. De Jesus Caloocan",MMDA Road Safety Unit,,e68e8fec-04a7-4b1c-8a43-1c0977076ceb,2013-08-25,10:00:00,EDSA Gen. Malvar St. Caloocan,0,0,0,0,0,0,0,0,0,0,2013-08-25 18:00,Property,14.6573762,120.9875993,Side Swipe
None,EDSA,None,None,"No Accident Factor, Side Swipe, 0.0 drivers_injured, 0.0 drivers_killed, 0.0 passengers_injured, 0.0 passengers_killed, 0.0 pedestrian_injured, 0.0 pedestrian_killed, Fair (Day), EDSA Bonifacio Memorial Circle Caloocan",MMDA Road Safety Unit,,f322d556-6d9f-411e-a142-3e4e88c45163,2013-08-24,03:45:00,EDSA Gen. Simon St. Caloocan,0,0,0,0,0,0,0,0,0,0,2013-08-24 11:45,Property,14.65732796,120.9842086,Side Swipe
None,EDSA,None,None,"No Accident Factor, Side Swipe, 0.0 drivers_injured, 0.0 drivers_killed, 0.0 passengers_injured, 0.0 passengers_killed, 0.0 pedestrian_injured, 0.0 pedestrian_killed, Fair (Day), EDSA u-turn slot, before SSS Bldg. Caloocan",MMDA Road Safety Unit,,85eaff83-dbaa-4fc7-a9cc-48a452cba539,2013-08-23,03:00:00,EDSA A. De Jesus St. Caloocan,0,0,0,0,0,0,0,0,0,0,2013-08-23 11:00,Property,14.6573762,120.9875993,Side Swipe
None,EDSA,None,None,"No Accident Factor, Angle Impact, 0.0 drivers_injured, 0.0 drivers_killed, 2.0 passengers_injured, 0.0 passengers_killed, 0.0 pedestrian_injured, 0.0 pedestrian_killed, Fair (Day), EDSA A. De Jesus Street Caloocan",MMDA Road Safety Unit,,8e6b0c00-8017-474f-b01c-4e09201d9efc,2013-08-20,22:30:00,EDSA Gen. Malvar St. Caloocan,0,0,0,0,2,0,0,0,0,2,2013-08-21 6:30,Injury,14.65711261,120.9904651,Angle Impact
None,EDSA,None,None,"No Accident Factor, Rear-end, 1.0 drivers_injured, 0.0 drivers_killed, 2.0 passengers_injured, 0.0 passengers_killed, 0.0 pedestrian_injured, 0.0 pedestrian_killed, Fair (Night), EDSA fronting Shakey's Pizza (EB) Caloocan",MMDA Road Safety Unit,,90af1d88-48f4-4a9c-b8e1-686f9af0fb34,2013-08-17,21:20:00,EDSA Fronting MCU Hospital Caloocan,0,0,0,1,2,0,0,0,0,3,2013-08-18 5:20,Injury,14.65702347,120.988069,Rear-End
None,EDSA,None,None,"No Accident Factor, No Collision Stated (based on Police Blotter Book), 0.0 drivers_injured, 0.0 drivers_killed, 0.0 passengers_injured, 0.0 passengers_killed, 0.0 pedestrian_injured, 0.0 pedestrian_killed, Fair (Day), EDSA MCU Hospital Caloocan",MMDA Road Safety Unit,,aad8b642-0f03-42a1-a100-c96cf526975b,2013-08-16,09:10:00,EDSA Gen. Malvar St. Caloocan,0,0,0,0,0,0,0,0,0,0,2013-08-16 17:10,Property,14.6573146,120.9860365,No Collision Stated
None,EDSA,None,None,"No Accident Factor, Side Swipe, 0.0 drivers_injured, 0.0 drivers_killed, 0.0 passengers_injured, 0.0 passengers_killed, 0.0 pedestrian_injured, 0.0 pedestrian_killed, Fair (Day), EDSA A. De Jesus Caloocan",MMDA Road Safety Unit,,91173332-7378-4746-bb74-08f083ff502e,2013-08-13,01:45:00,EDSA Gen. Concepcion St. (W/B) Caloocan,0,0,0,0,0,0,0,0,0,0,2013-08-13 9:45,Property,14.65712806,120.9903991,Side Swipe
None,EDSA,None,None,"No Accident Factor, Side Swipe, 0.0 drivers_injured, 0.0 drivers_killed, 0.0 passengers_injured, 0.0 passengers_killed, 0.0 pedestrian_injured, 0.0 pedestrian_killed, Fair (Day), EDSA U Turn Slot Caloocan",MMDA Road Safety Unit,,d9ef804f-78c8-4a1b-ae1c-19e42145281c,2013-08-10,01:55:00,EDSA Gen. Malvar St. Caloocan,0,0,0,0,0,0,0,0,0,0,2013-08-10 9:55,Property,14.6573762,120.9875993,Side Swipe
None,EDSA,None,None,"No Accident Factor, Side Swipe, 0.0 drivers_injured, 0.0 drivers_killed, 0.0 passengers_injured, 0.0 passengers_killed, 0.0 pedestrian_injured, 0.0 pedestrian_killed, Fair (Night), EDSA fronting MCU Hospital (WB) Caloocan",MMDA Road Safety Unit,,e36bc9b8-8bcc-43cb-93f8-57480fec5681,2013-08-09,12:30:00,EDSA Asuncion St. (W/B) Caloocan,0,0,0,0,0,0,0,0,0,0,2013-08-09 20:30,Property,14.65728485,120.9863001,Side Swipe
None,EDSA,None,None,"No Accident Factor, Angle Impact, 0.0 drivers_injured, 0.0 drivers_killed, 1.0 passengers_injured, 0.0 passengers_killed, 0.0 pedestrian_injured, 0.0 pedestrian_killed, Fair (Day), EDSA A. De Jesus St. Caloocan",MMDA Road Safety Unit,,fde4f027-7add-4be6-aa86-05c16e491b5b,2013-07-29,06:45:00,EDSA A. De Jesus  St. Caloocan,0,0,0,0,1,0,0,0,0,1,2013-07-29 14:45,Injury,14.65712835,120.990432,Angle Impact
None,EDSA,None,None,"No Accident Factor, Side Swipe, 0.0 drivers_injured, 0.0 drivers_killed, 0.0 passengers_injured, 0.0 passengers_killed, 0.0 pedestrian_injured, 0.0 pedestrian_killed, Fair (Day), EDSA before Asuncion St. Caloocan",MMDA Road Safety Unit,,d942df6e-a741-4570-a92f-a655360e603c,2013-07-28,09:30:00,EDSA A. De Jesus  St. Caloocan,0,0,0,0,0,0,0,0,0,0,2013-07-28 17:30,Property,14.65736217,120.9878298,Side Swipe
None,EDSA,None,None,"No Accident Factor, Angle Impact, 0.0 drivers_injured, 0.0 drivers_killed, 0.0 passengers_injured, 0.0 passengers_killed, 0.0 pedestrian_injured, 0.0 pedestrian_killed, Fair (Day), EDSA A. De Jesus St. Caloocan",MMDA Road Safety Unit,,1e02314a-fa8c-4f2a-abdb-0d5b99491a93,2013-07-28,03:30:00,EDSA A. De Jesus  St. Caloocan,0,0,0,0,0,0,0,0,0,0,2013-07-28 11:30,Property,14.65712835,120.990432,Angle Impact
None,EDSA,None,None,"No Accident Factor, No Collision Stated (based on Police Blotter Book), 1.0 drivers_injured, 0.0 drivers_killed, 0.0 passengers_injured, 0.0 passengers_killed, 0.0 pedestrian_injured, 0.0 pedestrian_killed, Fair (Day), EDSA A. De Jesus St. Caloocan",MMDA Road Safety Unit,,fe6f461a-3e66-4e32-a623-c76546cedbcd,2013-07-26,00:30:00,EDSA B. Serrano Caloocan,0,0,0,1,0,0,0,0,0,1,2013-07-26 8:30,Injury,14.65712835,120.990432,No Collision Stated
None,EDSA,None,None,"No Accident Factor, Side Swipe, 0.0 drivers_injured, 0.0 drivers_killed, 0.0 passengers_injured, 0.0 passengers_killed, 0.0 pedestrian_injured, 0.0 pedestrian_killed, Fair (Day), EDSA fronting MCU-FDTMF Hospital Caloocan",MMDA Road Safety Unit,,c839a1d0-0724-4fb5-9983-1f3932eb9e55,2013-07-22,03:45:00,EDSA A. De Jesus  St. Caloocan,0,0,0,0,0,0,0,0,0,0,2013-07-22 11:45,Property,14.65728485,120.9863001,Side Swipe
None,EDSA,None,None,"No Accident Factor, Angle Impact, 0.0 drivers_injured, 0.0 drivers_killed, 0.0 passengers_injured, 0.0 passengers_killed, 0.0 pedestrian_injured, 0.0 pedestrian_killed, Rain (Night), EDSA A. De Jesus St. Caloocan",MMDA Road Safety Unit,,58c52b56-1115-49be-b751-8aac087d14e9,2013-07-20,14:30:00,EDSA A. De Jesus  St. Caloocan,0,0,0,0,0,0,0,0,0,0,2013-07-20 22:30,Property,14.65712835,120.990432,Angle Impact
None,EDSA,None,None,"No Accident Factor, Side Swipe, 0.0 drivers_injured, 0.0 drivers_killed, 0.0 passengers_injured, 0.0 passengers_killed, 0.0 pedestrian_injured, 0.0 pedestrian_killed, Fair (Day), EDSA fronting 711 Convenience Store, after Asuncion St. Caloocan",MMDA Road Safety Unit,,1cbbefe5-a375-46a2-b83b-53ffaf0ae766,2013-07-20,07:00:00,EDSA Gen. Malvar St. Caloocan,0,0,0,0,0,0,0,0,0,0,2013-07-20 15:00,Property,14.65726747,120.9874677,Side Swipe
None,EDSA,None,None,"No Accident Factor, Rear-end, 0.0 drivers_injured, 0.0 drivers_killed, 0.0 passengers_injured, 0.0 passengers_killed, 0.0 pedestrian_injured, 0.0 pedestrian_killed, Fair (Day), EDSA MCU-FDTMF Hospital Caloocan",MMDA Road Safety Unit,,bd6ce11d-89fb-4d78-a9a9-f596ad0fea89,2013-07-20,00:05:00,EDSA Gen. Malvar St. Caloocan,0,0,0,0,0,0,0,0,0,0,2013-07-20 8:05,Property,14.6573146,120.9860365,Rear-End
None,EDSA,None,None,"No Accident Factor, Rear-end, 0.0 drivers_injured, 0.0 drivers_killed, 0.0 passengers_injured, 0.0 passengers_killed, 0.0 pedestrian_injured, 0.0 pedestrian_killed, Fair (Night), EDSA Gen. Malvar St. Caloocan",MMDA Road Safety Unit,,19409fae-3856-4ef6-9cf2-c331b321a1bc,2013-07-19,19:30:00,EDSA Gen. Malvar St. Caloocan,0,0,0,0,0,0,0,0,0,0,2013-07-20 3:30,Property,14.6573376,120.993091,Rear-End
None,EDSA,None,None,"No Accident Factor, Angle Impact, 0.0 drivers_injured, 0.0 drivers_killed, 1.0 passengers_injured, 0.0 passengers_killed, 0.0 pedestrian_injured, 0.0 pedestrian_killed, Fair (Night), EDSA fronting MCU-FDTMF Hospital Caloocan",MMDA Road Safety Unit,,80b48939-4b3f-4d0d-b312-6ebe10b74ea4,2013-07-09,14:00:00,EDSA  B. Serrano St. (5th St.) Caloocan,0,0,0,0,1,0,0,0,0,1,2013-07-09 22:00,Injury,14.65728485,120.9863001,Angle Impact
None,EDSA,None,None,"No Accident Factor, Angle Impact, 1.0 drivers_injured, 0.0 drivers_killed, 0.0 passengers_injured, 0.0 passengers_killed, 0.0 pedestrian_injured, 0.0 pedestrian_killed, Fair (Day), EDSA A. De Jesus St. Caloocan",MMDA Road Safety Unit,,6476eb37-d19b-4954-89e7-e1289dc52f83,2013-07-09,07:00:00,EDSA B. Serrano St. (5th St.) Caloocan,0,0,0,1,0,0,0,0,0,1,2013-07-09 15:00,Injury,14.65712835,120.990432,Angle Impact
None,EDSA,None,None,"No Accident Factor, Side Swipe, 0.0 drivers_injured, 0.0 drivers_killed, 0.0 passengers_injured, 0.0 passengers_killed, 0.0 pedestrian_injured, 0.0 pedestrian_killed, Fair (Day), EDSA A. De Jesus St. Caloocan",MMDA Road Safety Unit,,e1746e7a-984b-44b0-9ccb-e3c883bfae3a,2013-07-08,08:30:00,"EDSA at ""U"" turn slot, Gen. Malvar Caloocan",0,0,0,0,0,0,0,0,0,0,2013-07-08 16:30,Property,14.65712835,120.990432,Side Swipe
None,EDSA,None,None,"No Accident Factor, Side Swipe, 0.0 drivers_injured, 0.0 drivers_killed, 0.0 passengers_injured, 0.0 passengers_killed, 0.0 pedestrian_injured, 0.0 pedestrian_killed, Fair (Day), EDSA M. Ponce St. Caloocan",MMDA Road Safety Unit,,5ea10ad6-ee9c-477a-b386-1cdb3edec441,2013-07-08,07:30:00,"EDSA at ""U"" turn slot, Gen. Malvar Caloocan",0,0,0,0,0,0,0,0,0,0,2013-07-08 15:30,Property,14.65732688,120.9916876,Side Swipe
None,EDSA,None,None,"No Accident Factor, Rear-end, 0.0 drivers_injured, 0.0 drivers_killed, 0.0 passengers_injured, 0.0 passengers_killed, 0.0 pedestrian_injured, 0.0 pedestrian_killed, Fair (Day), EDSA after De Jesus St. Caloocan",MMDA Road Safety Unit,,477252f6-b5e7-468c-84ad-85f216fef212,2013-07-06,02:30:00,EDSA  after Gen. Concepcion St. Caloocan,0,0,0,0,0,0,0,0,0,0,2013-07-06 10:30,Property,14.65706768,120.9908275,Rear-End
None,EDSA,None,None,"No Accident Factor, Side Swipe, 0.0 drivers_injured, 0.0 drivers_killed, 0.0 passengers_injured, 0.0 passengers_killed, 0.0 pedestrian_injured, 0.0 pedestrian_killed, Fair (Night), EDSA fronting MCU-FDTMF Hospital Caloocan",MMDA Road Safety Unit,,750b3f9e-a2d8-420e-b2d3-be3c1c212d51,2013-07-03,11:45:00,EDSA Gen. Tinio St. Caloocan,0,0,0,0,0,0,0,0,0,0,2013-07-03 19:45,Property,14.65728485,120.9863001,Side Swipe
None,EDSA,None,None,"No Accident Factor, Rear-end, 0.0 drivers_injured, 0.0 drivers_killed, 0.0 passengers_injured, 0.0 passengers_killed, 0.0 pedestrian_injured, 0.0 pedestrian_killed, Fair (Night), EDSA fronting Max's Restaurant Caloocan",MMDA Road Safety Unit,,bf7b95b6-f772-451c-8b53-12c0bbaa20cf,2013-07-02,20:00:00,"EDSA at ""U"" turn slot, Gen. Malvar Caloocan",0,0,0,0,0,0,0,0,0,0,2013-07-03 4:00,Property,14.657141,120.9918965,Rear-End
None,EDSA,None,None,"No Accident Factor, Angle Impact, 0.0 drivers_injured, 0.0 drivers_killed, 0.0 passengers_injured, 0.0 passengers_killed, 0.0 pedestrian_injured, 0.0 pedestrian_killed, Fair (Day), EDSA A. De Jesus St. Caloocan",MMDA Road Safety Unit,,6ee40bea-92ca-4e6e-80d0-f284d6365d71,2013-06-29,09:20:00,"EDSA at ""U"" turn slot, SSS Caloocan",0,0,0,0,0,0,0,0,0,0,2013-06-29 17:20,Property,14.65712835,120.990432,Angle Impact
None,EDSA,None,None,"No Accident Factor, Side Swipe, 0.0 drivers_injured, 0.0 drivers_killed, 0.0 passengers_injured, 0.0 passengers_killed, 0.0 pedestrian_injured, 0.0 pedestrian_killed, Fair (Day), EDSA De Jesus St. Caloocan",MMDA Road Safety Unit,,77b48202-6430-49f5-9a0f-39f88dbcd754,2013-06-29,03:20:00,EDSA Bonifacio Memorial Circle Caloocan,0,0,0,0,0,0,0,0,0,0,2013-06-29 11:20,Property,14.65713667,120.9882603,Side Swipe
None,EDSA,None,None,"No Accident Factor, Rear-end, 0.0 drivers_injured, 0.0 drivers_killed, 0.0 passengers_injured, 0.0 passengers_killed, 0.0 pedestrian_injured, 0.0 pedestrian_killed, Fair (Day), EDSA at ""U"" turn slot, Gen. Malvar St. Caloocan",MMDA Road Safety Unit,,b5d76f6a-c35e-434e-8e37-e7173f90d05e,2013-06-28,09:20:00,EDSA Bonifacio Memorial Circle Caloocan,0,0,0,0,0,0,0,0,0,0,2013-06-28 17:20,Property,14.65717528,120.9931219,Rear-End
None,EDSA,None,None,"No Accident Factor, Rear-end, 0.0 drivers_injured, 0.0 drivers_killed, 0.0 passengers_injured, 0.0 passengers_killed, 0.0 pedestrian_injured, 0.0 pedestrian_killed, Fair (Day), EDSA Gen. Tirona St., Bagong Barrio Caloocan",MMDA Road Safety Unit,,21d9a891-c664-4bc4-8593-4ce6acc9311a,2013-06-28,04:00:00,"EDSA Caltex Gas Station, M. Ponce Caloocan",0,0,0,0,0,0,0,0,0,0,2013-06-28 12:00,Property,14.65742615,120.9970941,Rear-End
None,EDSA,None,None,"No Accident Factor, Side Swipe, 0.0 drivers_injured, 0.0 drivers_killed, 0.0 passengers_injured, 0.0 passengers_killed, 0.0 pedestrian_injured, 0.0 pedestrian_killed, Fair (Night), EDSA before De Jesus Caloocan",MMDA Road Safety Unit,,23918b83-fca3-41e7-a51b-030a7756b12c,2013-06-24,11:45:00,EDSA Bonifacio Market Caloocan,0,0,0,0,0,0,0,0,0,0,2013-06-24 19:45,Property,14.65709431,120.9902019,Side Swipe
None,EDSA,None,None,"No Accident Factor, Rear-end, 0.0 drivers_injured, 0.0 drivers_killed, 0.0 passengers_injured, 0.0 passengers_killed, 0.0 pedestrian_injured, 0.0 pedestrian_killed, Fair (Day), EDSA before De Jesus Caloocan",MMDA Road Safety Unit,,f0a9cd79-c7b8-4922-8d60-e634a6fc5c8c,2013-06-24,07:00:00,EDSA A. De Jesus  St. Caloocan,0,0,0,0,0,0,0,0,0,0,2013-06-24 15:00,Property,14.65709431,120.9902019,Rear-End
None,EDSA,None,None,"No Accident Factor, Angle Impact, 0.0 drivers_injured, 0.0 drivers_killed, 0.0 passengers_injured, 0.0 passengers_killed, 0.0 pedestrian_injured, 0.0 pedestrian_killed, Fair (Day), EDSA 8th St. Caloocan",MMDA Road Safety Unit,,061a2951-224c-41c3-92c2-16e02f0c4fba,2013-06-23,22:45:00,EDSA  fronting Toyota Motors Caloocan,0,0,0,0,0,0,0,0,0,0,2013-06-24 6:45,Property,14.6571119,120.9903828,Angle Impact
None,EDSA,None,None,"No Accident Factor, Rear-end, 0.0 drivers_injured, 0.0 drivers_killed, 0.0 passengers_injured, 0.0 passengers_killed, 0.0 pedestrian_injured, 0.0 pedestrian_killed, Fair (Night), EDSA fronting MCU Hospital Caloocan",MMDA Road Safety Unit,,829e5dc5-7f83-45e4-b8d2-085c5a59f098,2013-06-21,18:00:00,"EDSA at ""U"" turn slot, Gen. Malvar Caloocan",0,0,0,0,0,0,0,0,0,0,2013-06-22 2:00,Property,14.65728485,120.9863001,Rear-End
None,EDSA,None,None,"No Accident Factor, Side Swipe, 0.0 drivers_injured, 0.0 drivers_killed, 0.0 passengers_injured, 0.0 passengers_killed, 0.0 pedestrian_injured, 0.0 pedestrian_killed, Fair (Night), EDSA after E. De Jesus Caloocan",MMDA Road Safety Unit,,aa78b594-0d84-4de9-a0cf-bbd310a278af,2013-06-21,15:00:00,EDSA  Gen. Concepcion Caloocan,0,0,0,0,0,0,0,0,0,0,2013-06-21 23:00,Property,14.65706768,120.9908275,Side Swipe
None,EDSA,None,None,"No Accident Factor, Side Swipe, 0.0 drivers_injured, 0.0 drivers_killed, 0.0 passengers_injured, 0.0 passengers_killed, 0.0 pedestrian_injured, 0.0 pedestrian_killed, Fair (Night), EDSA after E. De Jesus Caloocan",MMDA Road Safety Unit,,6c213274-fb6c-4ba5-8766-7292ea588e41,2013-06-21,14:00:00,EDSA  A. De Jesus  St. Caloocan,0,0,0,0,0,0,0,0,0,0,2013-06-21 22:00,Property,14.65706768,120.9908275,Side Swipe
None,EDSA,None,None,"No Accident Factor, Rear-end, 0.0 drivers_injured, 0.0 drivers_killed, 0.0 passengers_injured, 0.0 passengers_killed, 0.0 pedestrian_injured, 0.0 pedestrian_killed, Fair (Night), EDSA Simon St. Caloocan",MMDA Road Safety Unit,,a28a2673-ae05-4c67-9493-6ec1fb61546d,2013-06-20,13:30:00,EDSA B. Serrano St. (5th St.) Caloocan,0,0,0,0,0,0,0,0,0,0,2013-06-20 21:30,Property,14.6572222,120.9854611,Rear-End
None,EDSA,None,None,"No Accident Factor, Rear-end, 0.0 drivers_injured, 0.0 drivers_killed, 0.0 passengers_injured, 0.0 passengers_killed, 0.0 pedestrian_injured, 0.0 pedestrian_killed, Fair (Day), EDSA G. Malvar Caloocan",MMDA Road Safety Unit,,fe59602d-a8c2-4633-b901-75ce24a2f9f7,2013-06-20,04:30:00,EDSA  fronting Bonifacio Market  Caloocan,0,0,0,0,0,0,0,0,0,0,2013-06-20 12:30,Property,14.65722116,120.9930912,Rear-End
None,EDSA,None,None,"No Accident Factor, Side Swipe, 1.0 drivers_injured, 0.0 drivers_killed, 0.0 passengers_injured, 0.0 passengers_killed, 0.0 pedestrian_injured, 0.0 pedestrian_killed, Fair (Day), EDSA fronting MCU-FDTMF Hospital Caloocan",MMDA Road Safety Unit,,fdb99d10-17da-46d6-891a-3f3eb0225601,2013-06-16,23:00:00,EDSA  Gen. Malvar St. Caloocan,0,0,0,1,0,0,0,0,0,1,2013-06-17 7:00,Injury,14.65728485,120.9863001,Side Swipe
None,EDSA,None,None,"No Accident Factor, No Collision Stated (based on Police Blotter Book), 0.0 drivers_injured, 0.0 drivers_killed, 0.0 passengers_injured, 0.0 passengers_killed, 0.0 pedestrian_injured, 0.0 pedestrian_killed, Fair (Night), EDSA A. De Jesus St. Caloocan",MMDA Road Safety Unit,,0ae4a0ae-6c0e-4ea0-be78-6dec7a561cc3,2013-06-16,19:30:00,EDSA Benin Caloocan,0,0,0,0,0,0,0,0,0,0,2013-06-17 3:30,Property,14.65712835,120.990432,No Collision Stated
None,EDSA,None,None,"No Accident Factor, Side Swipe, 0.0 drivers_injured, 0.0 drivers_killed, 0.0 passengers_injured, 0.0 passengers_killed, 0.0 pedestrian_injured, 0.0 pedestrian_killed, Fair (Day), EDSA Gen. Tinio St. Caloocan",MMDA Road Safety Unit,,518dd56a-6b12-4cf0-968b-6272f4d3d8a5,2013-06-15,03:30:00,EDSA  B. Serrano St. (5th St.) Caloocan,0,0,0,0,0,0,0,0,0,0,2013-06-15 11:30,Property,14.65727124,120.9902826,Side Swipe
None,EDSA,None,None,"No Accident Factor, Side Swipe, 0.0 drivers_injured, 0.0 drivers_killed, 0.0 passengers_injured, 0.0 passengers_killed, 0.0 pedestrian_injured, 0.0 pedestrian_killed, Fair (Night), EDSA fronting Pag-ibig Caloocan",MMDA Road Safety Unit,,a91bdce8-76e9-49eb-8dd3-f502696186a5,2013-06-12,16:10:00,EDSA  A. De Jesus St. Caloocan,0,0,0,0,0,0,0,0,0,0,2013-06-13 0:10,Property,14.65739117,120.9968447,Side Swipe
None,EDSA,None,None,"No Accident Factor, Rear-end, 0.0 drivers_injured, 0.0 drivers_killed, 0.0 passengers_injured, 0.0 passengers_killed, 0.0 pedestrian_injured, 0.0 pedestrian_killed, Fair (Day), EDSA across B. Serrano St. (5th St.) Caloocan",MMDA Road Safety Unit,,671de97d-a3cf-44c9-9ba6-fc63cf496d5d,2013-06-12,09:30:00,EDSA Bonifacio Monument Circle Caloocan,0,0,0,0,0,0,0,0,0,0,2013-06-12 17:30,Property,14.65728564,120.9882419,Rear-End
None,EDSA,None,None,"No Accident Factor, Angle Impact, 1.0 drivers_injured, 0.0 drivers_killed, 0.0 passengers_injured, 0.0 passengers_killed, 0.0 pedestrian_injured, 0.0 pedestrian_killed, Fair (Day), EDSA A. De Jesus St. Caloocan",MMDA Road Safety Unit,,7739bf17-cbbc-40a8-b290-092edd94731c,2013-06-12,03:50:00,EDSA Gen. Tinio St. Caloocan,0,0,0,1,0,0,0,0,0,1,2013-06-12 11:50,Injury,14.65712835,120.990432,Angle Impact
None,EDSA,None,None,"No Accident Factor, Head-on, 0.0 drivers_injured, 0.0 drivers_killed, 1.0 passengers_injured, 0.0 passengers_killed, 0.0 pedestrian_injured, 0.0 pedestrian_killed, Fair (Day), EDSA fronting Sogo Hotel Caloocan",MMDA Road Safety Unit,,ee9a4ad2-2174-48a8-bfb6-c809d59cd167,2013-06-12,01:30:00,EDSA A. De Jesus St. Caloocan,0,0,0,0,1,0,0,0,0,1,2013-06-12 9:30,Injury,14.6572795,120.984717,Head-On
None,EDSA,None,None,"No Accident Factor, Rear-end, 0.0 drivers_injured, 0.0 drivers_killed, 0.0 passengers_injured, 0.0 passengers_killed, 0.0 pedestrian_injured, 0.0 pedestrian_killed, Fair (Day), EDSA before Pag-ibig Caloocan",MMDA Road Safety Unit,,cc086832-ca38-46f0-ab84-c6f461921670,2013-06-10,23:00:00,EDSA fronting SSS Caloocan,0,0,0,0,0,0,0,0,0,0,2013-06-11 7:00,Property,14.65742313,120.9974042,Rear-End
None,EDSA,None,None,"No Accident Factor, Side Swipe, 0.0 drivers_injured, 0.0 drivers_killed, 0.0 passengers_injured, 0.0 passengers_killed, 0.0 pedestrian_injured, 0.0 pedestrian_killed, Fair (Night), EDSA fronting MCU-FDTMF Hospital Caloocan",MMDA Road Safety Unit,,b9d1d432-1c93-4cc6-a34c-d12abea4dec4,2013-06-10,12:15:00,EDSA fronting Suzuki Motors Caloocan,0,0,0,0,0,0,0,0,0,0,2013-06-10 20:15,Property,14.65728485,120.9863001,Side Swipe
None,EDSA,None,None,"No Accident Factor, Side Swipe, 0.0 drivers_injured, 0.0 drivers_killed, 0.0 passengers_injured, 0.0 passengers_killed, 0.0 pedestrian_injured, 0.0 pedestrian_killed, Fair (Day), EDSA before ""U"" turn slot, before A. De Jesus St. Caloocan",MMDA Road Safety Unit,,988b7995-390c-4d0b-9200-3ba3b164791a,2013-06-10,08:45:00,EDSA A. De Jesus St. Caloocan,0,0,0,0,0,0,0,0,0,0,2013-06-10 16:45,Property,14.65719228,120.990415,Side Swipe
None,EDSA,None,None,"No Accident Factor, Rear-end, 0.0 drivers_injured, 0.0 drivers_killed, 0.0 passengers_injured, 0.0 passengers_killed, 0.0 pedestrian_injured, 0.0 pedestrian_killed, Fair (Day), EDSA fronting SSS Caloocan",MMDA Road Safety Unit,,096db615-42e3-43da-85bf-d3ff1d9de425,2013-06-10,07:40:00,EDSA before Gen. Simon St. Caloocan,0,0,0,0,0,0,0,0,0,0,2013-06-10 15:40,Property,14.65739195,120.9931284,Rear-End