LOCATION_TEXT,ROAD,WEATHER,LIGHT,DESC,REPORTING_AGENCY,MAIN_CAUSE,INCIDENTDETAILS_ID,DATE_UTC,TIME_UTC,ADDRESS,killed_driver,killed_passenger,killed_pedestrian,injured_driver,injured_passenger,injured_pedestrian,killed_uncategorized,injured_uncategorized,killed_total,injured_total,DATETIME_PST,SEVERITY,Y,X,COLLISION_TYPE
None,EDSA,None,None,"No Accident Factor, Side Swipe, 0.0 drivers_injured, 0.0 drivers_killed, 0.0 passengers_injured, 0.0 passengers_killed, 0.0 pedestrian_injured, 0.0 pedestrian_killed, Fair (Night), EDSA before M. Ponce St. Caloocan",MMDA Road Safety Unit,,46bb580d-69bd-4d92-bf64-2d7cdb1d06ee,2013-06-08,16:00:00,EDSA A. De Jesus  Caloocan,0,0,0,0,0,0,0,0,0,0,2013-06-09,Property,14.657376,120.99194,Side Swipe
None,EDSA,None,None,"No Accident Factor, Side Swipe, 0.0 drivers_injured, 0.0 drivers_killed, 0.0 passengers_injured, 0.0 passengers_killed, 0.0 pedestrian_injured, 0.0 pedestrian_killed, Fair (Night), EDSA before Gen. Tirona St. Caloocan",MMDA Road Safety Unit,,8ee32e14-a525-4d8f-a9ae-9195f4e855a1,2013-06-08,13:30:00,EDSA Bonifacio Memorial Circle Caloocan,0,0,0,0,0,0,0,0,0,0,2013-06-08 21:30,Property,14.6574228,120.9973654,Side Swipe
None,EDSA,None,None,"No Accident Factor, Side Swipe, 0.0 drivers_injured, 0.0 drivers_killed, 0.0 passengers_injured, 0.0 passengers_killed, 0.0 pedestrian_injured, 0.0 pedestrian_killed, Fair (Night), EDSA across A. De Jesus St. Caloocan",MMDA Road Safety Unit,,59c9b721-1136-4a9d-a53d-1a92ea9dd0f7,2013-06-08,13:30:00,EDSA A. De Jesus  Caloocan,0,0,0,0,0,0,0,0,0,0,2013-06-08 21:30,Property,14.65730399,120.9903646,Side Swipe
None,EDSA,None,None,"No Accident Factor, Side Swipe, 0.0 drivers_injured, 0.0 drivers_killed, 0.0 passengers_injured, 0.0 passengers_killed, 0.0 pedestrian_injured, 0.0 pedestrian_killed, Fair (Night), EDSA fronting MCU-FDTMF Hospital Caloocan",MMDA Road Safety Unit,,5df90974-9da2-43f1-87a7-fabb606f5252,2013-06-07,21:00:00,EDSA Gen. Malvar St.   Caloocan,0,0,0,0,0,0,0,0,0,0,2013-06-08 5:00,Property,14.65728485,120.9863001,Side Swipe
None,EDSA,None,None,"No Accident Factor, Side Swipe, 0.0 drivers_injured, 0.0 drivers_killed, 0.0 passengers_injured, 0.0 passengers_killed, 0.0 pedestrian_injured, 0.0 pedestrian_killed, Fair (Day), EDSA Gen. Tirona St. Caloocan",MMDA Road Safety Unit,,55d166f8-fd70-4a40-81a7-8cff20e1df13,2013-06-06,07:00:00,EDSA A. De Jesus  Caloocan,0,0,0,0,0,0,0,0,0,0,2013-06-06 15:00,Property,14.65742615,120.9970941,Side Swipe
None,EDSA,None,None,"No Accident Factor, Angle Impact, 0.0 drivers_injured, 0.0 drivers_killed, 0.0 passengers_injured, 0.0 passengers_killed, 0.0 pedestrian_injured, 0.0 pedestrian_killed, Fair (Day), EDSA A. De Jesus St. Caloocan",MMDA Road Safety Unit,,8941ed87-0b02-4417-ac9b-fb14e301bf83,2013-06-01,02:00:00,EDSA fronting Toyota Caloocan,0,0,0,0,0,0,0,0,0,0,2013-06-01 10:00,Property,14.65712835,120.990432,Angle Impact
None,EDSA,None,None,"No Accident Factor, Side Swipe, 0.0 drivers_injured, 0.0 drivers_killed, 0.0 passengers_injured, 0.0 passengers_killed, 0.0 pedestrian_injured, 0.0 pedestrian_killed, Fair (Day), EDSA Gen. Malvar St. Caloocan",MMDA Road Safety Unit,,1eebe82c-88e6-4765-b28d-a5ef94cee7ee,2013-06-01,01:30:00,EDSA Bonifacio Memorial Circle Caloocan,0,0,0,0,0,0,0,0,0,0,2013-06-01 9:30,Property,14.6573376,120.993091,Side Swipe
None,EDSA,None,None,"No Accident Factor, Side Swipe, 0.0 drivers_injured, 0.0 drivers_killed, 0.0 passengers_injured, 0.0 passengers_killed, 0.0 pedestrian_injured, 0.0 pedestrian_killed, Fair (Day), EDSA fronting Clover Inn Hotel(WB) Caloocan",MMDA Road Safety Unit,,a10fcd7e-b2f6-41ef-ab3f-b5a0f5e030e9,2013-05-25,01:30:00,EDSA Gen. Malvar St. (WB) Caloocan,0,0,0,0,0,0,0,0,0,0,2013-05-25 9:30,Property,14.6573762,120.9875993,Side Swipe
None,EDSA,None,None,"No Accident Factor, Side Swipe, 0.0 drivers_injured, 0.0 drivers_killed, 0.0 passengers_injured, 0.0 passengers_killed, 0.0 pedestrian_injured, 0.0 pedestrian_killed, Fair (Night), EDSA A. De Jesus Caloocan",MMDA Road Safety Unit,,63d240ac-5bf3-459b-ac06-bd217088f32d,2013-05-24,13:00:00,EDSA fronting SSS Caloocan,0,0,0,0,0,0,0,0,0,0,2013-05-24 21:00,Property,14.65712806,120.9903991,Side Swipe
None,EDSA,None,None,"No Accident Factor, Rear-end, 0.0 drivers_injured, 0.0 drivers_killed, 0.0 passengers_injured, 0.0 passengers_killed, 0.0 pedestrian_injured, 0.0 pedestrian_killed, Fair (Day), EDSA Gen. Malvar Caloocan",MMDA Road Safety Unit,,8066b204-0d3a-49eb-b7c1-0979bb3b3b2b,2013-05-22,07:25:00,"EDSA U-Turn Slot, SSS Caloocan",0,0,0,0,0,0,0,0,0,0,2013-05-22 15:25,Property,14.6573376,120.993091,Rear-End
None,EDSA,None,None,"No Accident Factor, Rear-end, 0.0 drivers_injured, 0.0 drivers_killed, 0.0 passengers_injured, 0.0 passengers_killed, 0.0 pedestrian_injured, 0.0 pedestrian_killed, Fair (Day), EDSA A. De Jesus St. Caloocan",MMDA Road Safety Unit,,a4230e59-f9a4-493f-a437-b83af84851fe,2013-05-20,03:30:00,EDSA BMC before Mc Arthur Caloocan,0,0,0,0,0,0,0,0,0,0,2013-05-20 11:30,Property,14.65712835,120.990432,Rear-End
None,EDSA,None,None,"No Accident Factor, Angle Impact, 0.0 drivers_injured, 0.0 drivers_killed, 0.0 passengers_injured, 0.0 passengers_killed, 0.0 pedestrian_injured, 0.0 pedestrian_killed, Fair (Day), EDSA fronting SSS Caloocan",MMDA Road Safety Unit,,3cafba29-d702-409e-af16-c73cb32ac213,2013-05-11,03:30:00,"EDSA fronting Mercury Drug, BMC Caloocan",0,0,0,0,0,0,0,0,0,0,2013-05-11 11:30,Property,14.65739195,120.9931284,Angle Impact
None,EDSA,None,None,"No Accident Factor, Side Swipe, 0.0 drivers_injured, 0.0 drivers_killed, 0.0 passengers_injured, 0.0 passengers_killed, 0.0 pedestrian_injured, 0.0 pedestrian_killed, Fair (Day), EDSA Gen. Malvar St. Caloocan",MMDA Road Safety Unit,,3220ff40-ee49-425e-8a65-a56ab0aa5281,2013-05-11,01:30:00,EDSA Bonifacio Memorial Circle Caloocan,0,0,0,0,0,0,0,0,0,0,2013-05-11 9:30,Property,14.6573376,120.993091,Side Swipe
None,EDSA,None,None,"No Accident Factor, Angle Impact, 0.0 drivers_injured, 0.0 drivers_killed, 0.0 passengers_injured, 0.0 passengers_killed, 0.0 pedestrian_injured, 0.0 pedestrian_killed, Fair (Night), EDSA A. De Jesus St. Caloocan",MMDA Road Safety Unit,,d884a7ef-7c49-4a6c-9eab-a8a6289d1a9c,2013-05-09,12:15:00,EDSA fronting MCU Hospital Caloocan,0,0,0,0,0,0,0,0,0,0,2013-05-09 20:15,Property,14.65712835,120.990432,Angle Impact
None,EDSA,None,None,"No Accident Factor, Side Swipe, 0.0 drivers_injured, 0.0 drivers_killed, 0.0 passengers_injured, 0.0 passengers_killed, 0.0 pedestrian_injured, 0.0 pedestrian_killed, Fair (Day), EDSA fronting Uni-Oil Gas Station Caloocan",MMDA Road Safety Unit,,0c1dc3ca-cdb2-438a-8cc5-eeed6672e21a,2013-05-09,03:00:00,EDSA B. Serrano St. (5th St.) Caloocan,0,0,0,0,0,0,0,0,0,0,2013-05-09 11:00,Property,14.65727082,120.9904156,Side Swipe
None,EDSA,None,None,"No Accident Factor, Rear-end, 0.0 drivers_injured, 0.0 drivers_killed, 3.0 passengers_injured, 0.0 passengers_killed, 0.0 pedestrian_injured, 0.0 pedestrian_killed, Fair (Day), EDSA fronting Toyota Caloocan",MMDA Road Safety Unit,,6fa8342e-480d-4435-93dc-63db78834c39,2013-05-06,06:10:00,EDSA fronting Goldilock's Caloocan,0,0,0,0,3,0,0,0,0,3,2013-05-06 14:10,Injury,14.6573861,120.9953868,Rear-End
None,EDSA,None,None,"No Accident Factor, Rear-end, 0.0 drivers_injured, 0.0 drivers_killed, 0.0 passengers_injured, 0.0 passengers_killed, 0.0 pedestrian_injured, 0.0 pedestrian_killed, Fair (Day), EDSA A. De Jesus Caloocan",MMDA Road Safety Unit,,5627e7ca-a41a-4d93-bcbe-b1b487bc0585,2013-05-04,09:30:00,EDSA Gen. Malvar St. (WB) Caloocan,0,0,0,0,0,0,0,0,0,0,2013-05-04 17:30,Property,14.65712806,120.9903991,Rear-End
None,EDSA,None,None,"No Accident Factor, Rear-end, 1.0 drivers_injured, 0.0 drivers_killed, 0.0 passengers_injured, 0.0 passengers_killed, 0.0 pedestrian_injured, 0.0 pedestrian_killed, Fair (Day), EDSA fronting SSS Bldg. Caloocan",MMDA Road Safety Unit,,b7ef18ca-07e5-4522-b7fc-339eefb22242,2013-05-03,09:00:00,EDSA fronting Sogo Hotel Caloocan,0,0,0,1,0,0,0,0,0,1,2013-05-03 17:00,Injury,14.65739195,120.9931284,Rear-End
None,EDSA,None,None,"No Accident Factor, Rear-end, 0.0 drivers_injured, 0.0 drivers_killed, 0.0 passengers_injured, 0.0 passengers_killed, 0.0 pedestrian_injured, 0.0 pedestrian_killed, Fair (Day), EDSA fronting BIR Office(WB) Caloocan",MMDA Road Safety Unit,,7b3b12d6-ac0d-43b1-bea1-38da39e944a7,2013-05-01,22:10:00,EDSA Biglang Awa fronting BDO Caloocan,0,0,0,0,0,0,0,0,0,0,2013-05-02 6:10,Property,14.65732798,120.9912859,Rear-End
None,EDSA,None,None,"No Accident Factor, Angle Impact, 0.0 drivers_injured, 0.0 drivers_killed, 0.0 passengers_injured, 0.0 passengers_killed, 0.0 pedestrian_injured, 0.0 pedestrian_killed, Fair (Day), EDSA before G. Terona St. Caloocan",MMDA Road Safety Unit,,3169fca9-e056-48ad-a2cc-6e31d59dbec7,2013-05-01,04:50:00,EDSA Arellano Caloocan,0,0,0,0,0,0,0,0,0,0,2013-05-01 12:50,Property,14.65742311,120.9974617,Angle Impact
None,EDSA,None,None,"No Accident Factor, Head-on, 0.0 drivers_injured, 0.0 drivers_killed, 0.0 passengers_injured, 0.0 passengers_killed, 0.0 pedestrian_injured, 0.0 pedestrian_killed, Fair (Day), EDSA Gen. Malvar St. Caloocan",MMDA Road Safety Unit,,e50788b2-1367-4baf-b2e4-998a80f7d782,2013-04-24,02:30:00,"EDSA fronting Caltex gas Stn., before Mariano Ponce St. Caloocan",0,0,0,0,0,0,0,0,0,0,2013-04-24 10:30,Property,14.6573376,120.993091,Head-On
None,EDSA,None,None,"No Accident Factor, Side Swipe, 0.0 drivers_injured, 0.0 drivers_killed, 0.0 passengers_injured, 0.0 passengers_killed, 0.0 pedestrian_injured, 0.0 pedestrian_killed, Fair (Day), EDSA at ""U"" turn slot, Gen. Malvar St. Caloocan",MMDA Road Safety Unit,,920f226e-1b8b-4017-a3a8-f67fce755066,2013-04-23,03:35:00,"EDSA U-Turn Slot, SSS Bldg. Caloocan",0,0,0,0,0,0,0,0,0,0,2013-04-23 11:35,Property,14.65717528,120.9931219,Side Swipe
None,EDSA,None,None,"No Accident Factor, Side Swipe, 0.0 drivers_injured, 0.0 drivers_killed, 0.0 passengers_injured, 0.0 passengers_killed, 0.0 pedestrian_injured, 0.0 pedestrian_killed, Fair (Night), EDSA Fronting TOYOTA  Caloocan",MMDA Road Safety Unit,,0c0b5e89-d33c-4795-a7fd-4f7aaa65887e,2013-04-20,18:00:00,EDSA before Gen. Malvar St. Caloocan,0,0,0,0,0,0,0,0,0,0,2013-04-21 2:00,Property,14.6573861,120.9953868,Side Swipe
None,EDSA,None,None,"No Accident Factor, Rear-end, 0.0 drivers_injured, 0.0 drivers_killed, 0.0 passengers_injured, 0.0 passengers_killed, 0.0 pedestrian_injured, 0.0 pedestrian_killed, Fair (Night), EDSA Gen. Simon St. W/B  Caloocan",MMDA Road Safety Unit,,7f996959-c6fc-4bfa-a3e2-e5584dd95a0b,2013-04-19,14:00:00,EDSA De Jesus St. Caloocan,0,0,0,0,0,0,0,0,0,0,2013-04-19 22:00,Property,14.65727772,120.9854774,Rear-End
None,EDSA,None,None,"No Accident Factor, No Collision Stated (based on Police Blotter Book), 0.0 drivers_injured, 0.0 drivers_killed, 0.0 passengers_injured, 0.0 passengers_killed, 0.0 pedestrian_injured, 0.0 pedestrian_killed, Fair (Day), EDSA fronting MCU-FDTMF Hospital Caloocan",MMDA Road Safety Unit,,42663f5a-f1bf-49f9-b79b-2dac8c965c90,2013-04-11,22:00:00,EDSA A. De Jesus St. Caloocan,0,0,0,0,0,0,0,0,0,0,2013-04-12 6:00,Property,14.65728485,120.9863001,No Collision Stated
None,EDSA,None,None,"No Accident Factor, Rear-end, 0.0 drivers_injured, 0.0 drivers_killed, 0.0 passengers_injured, 0.0 passengers_killed, 0.0 pedestrian_injured, 0.0 pedestrian_killed, Fair (Day), EDSA fronting MCU-FDTMF Hospital Caloocan",MMDA Road Safety Unit,,dc6d211f-5b26-4a34-9a82-1d887ff2495d,2013-04-11,09:15:00,EDSA A. De Jesus St. Caloocan,0,0,0,0,0,0,0,0,0,0,2013-04-11 17:15,Property,14.65728485,120.9863001,Rear-End
None,EDSA,None,None,"No Accident Factor, Side Swipe, 0.0 drivers_injured, 0.0 drivers_killed, 0.0 passengers_injured, 0.0 passengers_killed, 0.0 pedestrian_injured, 0.0 pedestrian_killed, Fair (Day), EDSA before B. Serrano St. (5th St.) Caloocan",MMDA Road Safety Unit,,55a92bd8-a889-4683-9210-8f1cf645db08,2013-04-11,02:20:00,"EDSA A. De Jesus, UTS Caloocan",0,0,0,0,0,0,0,0,0,0,2013-04-11 10:20,Property,14.65717364,120.9882594,Side Swipe
None,EDSA,None,None,"No Accident Factor, Side Swipe, 0.0 drivers_injured, 0.0 drivers_killed, 0.0 passengers_injured, 0.0 passengers_killed, 0.0 pedestrian_injured, 0.0 pedestrian_killed, Fair (Night), EDSA B. Serrano St. (5th St.) Caloocan",MMDA Road Safety Unit,,bd4dd27e-6a4f-46fa-9304-69e8812286d5,2013-04-08,15:45:00,EDSA Mascardo St. Caloocan,0,0,0,0,0,0,0,0,0,0,2013-04-08 23:45,Property,14.65712586,120.9882927,Side Swipe
None,EDSA,None,None,"No Accident Factor, Rear-end, 0.0 drivers_injured, 0.0 drivers_killed, 0.0 passengers_injured, 0.0 passengers_killed, 0.0 pedestrian_injured, 0.0 pedestrian_killed, Fair (Night), EDSA before Gen. Malvar St. Caloocan",MMDA Road Safety Unit,,e4c384f0-a7d9-4893-9cf8-88d1d29c1906,2013-04-08,13:30:00,EDSA A. De Jesus St. Caloocan,0,0,0,0,0,0,0,0,0,0,2013-04-08 21:30,Property,14.6573076,120.993494,Rear-End
None,EDSA,None,None,"No Accident Factor, Side Swipe, 0.0 drivers_injured, 0.0 drivers_killed, 0.0 passengers_injured, 0.0 passengers_killed, 0.0 pedestrian_injured, 0.0 pedestrian_killed, Fair (Day), EDSA before Bonifacio Memorial Circle Caloocan",MMDA Road Safety Unit,,4d9b430f-713d-4bd0-8504-e478dc43a978,2013-04-05,05:30:00,EDSA fronting SSS Caloocan,0,0,0,0,0,0,0,0,0,0,2013-04-05 13:30,Property,14.65728675,120.9846709,Side Swipe
None,EDSA,None,None,"No Accident Factor, Side Swipe, 0.0 drivers_injured, 0.0 drivers_killed, 0.0 passengers_injured, 0.0 passengers_killed, 0.0 pedestrian_injured, 0.0 pedestrian_killed, Fair (Day), EDSA De Jesus St. Caloocan",MMDA Road Safety Unit,,c7696027-c45a-4a98-bea4-9d8b74124fd6,2013-04-05,02:00:00,EDSA Bonifacio Memorial Circle Caloocan,0,0,0,0,0,0,0,0,0,0,2013-04-05 10:00,Property,14.65713667,120.9882603,Side Swipe
None,EDSA,None,None,"No Accident Factor, Rear-end, 0.0 drivers_injured, 0.0 drivers_killed, 0.0 passengers_injured, 0.0 passengers_killed, 0.0 pedestrian_injured, 0.0 pedestrian_killed, Fair (Day), EDSA Gen. Tirona St. Caloocan",MMDA Road Safety Unit,,454457f0-8ca5-4646-9be6-a3aa2e433079,2013-04-02,05:30:00,EDSA Gen. Malvar St. (WB) Caloocan,0,0,0,0,0,0,0,0,0,0,2013-04-02 13:30,Property,14.65742615,120.9970941,Rear-End
None,EDSA,None,None,"No Accident Factor, Rear-end, 0.0 drivers_injured, 0.0 drivers_killed, 0.0 passengers_injured, 0.0 passengers_killed, 0.0 pedestrian_injured, 0.0 pedestrian_killed, Fair (Night), EDSA Gen. Simon St. Caloocan",MMDA Road Safety Unit,,2e4c78b6-c043-4820-abe5-5994422e3efa,2013-03-26,14:00:00,EDSA A. De Jesus St. Caloocan,0,0,0,0,0,0,0,0,0,0,2013-03-26 22:00,Property,14.65727772,120.9854774,Rear-End
None,EDSA,None,None,"No Accident Factor, Angle Impact, 0.0 drivers_injured, 0.0 drivers_killed, 0.0 passengers_injured, 0.0 passengers_killed, 0.0 pedestrian_injured, 0.0 pedestrian_killed, Fair (Day), EDSA Gen. Tinio St. Caloocan",MMDA Road Safety Unit,,484a032d-8860-41c3-b254-108772b92c96,2013-03-25,07:25:00,EDSA Urbano Plaza St. (EB) Caloocan,0,0,0,0,0,0,0,0,0,0,2013-03-25 15:25,Property,14.65727124,120.9902826,Angle Impact
None,EDSA,None,None,"No Accident Factor, Side Swipe, 0.0 drivers_injured, 0.0 drivers_killed, 0.0 passengers_injured, 0.0 passengers_killed, 0.0 pedestrian_injured, 0.0 pedestrian_killed, Fair (Night), EDSA before Gen. Simon St. Caloocan",MMDA Road Safety Unit,,328ea495-dda6-4ee7-a9ff-2b01a7c96ed7,2013-03-24,14:15:00,EDSA Gen. Malvar St. (WB) Caloocan,0,0,0,0,0,0,0,0,0,0,2013-03-24 22:15,Property,14.65730417,120.9858172,Side Swipe
None,EDSA,None,None,"No Accident Factor, Rear-end, 0.0 drivers_injured, 0.0 drivers_killed, 0.0 passengers_injured, 0.0 passengers_killed, 0.0 pedestrian_injured, 0.0 pedestrian_killed, Fair (Day), EDSA at ""U"" turn slot, Gen. Tinio St. Caloocan",MMDA Road Safety Unit,,55a4c4f7-07be-4031-91bb-b7dd6c99ecc6,2013-03-22,02:45:00,EDSA Gen. Malvar St. (WB) Caloocan,0,0,0,0,0,0,0,0,0,0,2013-03-22 10:45,Property,14.65720924,120.9904103,Rear-End
None,EDSA,None,None,"No Accident Factor, Rear-end, 0.0 drivers_injured, 0.0 drivers_killed, 0.0 passengers_injured, 0.0 passengers_killed, 0.0 pedestrian_injured, 0.0 pedestrian_killed, Fair (Night), EDSA Gen. Malvar St. Caloocan",MMDA Road Safety Unit,,88e81562-448f-4b45-b5a4-58a803a8e461,2013-03-18,20:00:00,"EDSA Gen. Simon St., fronting Mc Donalds (WB) Caloocan",0,0,0,0,0,0,0,0,0,0,2013-03-19 4:00,Property,14.6573376,120.993091,Rear-End
None,EDSA,None,None,"No Accident Factor, Angle Impact, 0.0 drivers_injured, 0.0 drivers_killed, 0.0 passengers_injured, 0.0 passengers_killed, 0.0 pedestrian_injured, 0.0 pedestrian_killed, Fair (Day), EDSA fronting SSS Caloocan",MMDA Road Safety Unit,,99ece637-b240-4280-aff1-a76dfe5c5706,2013-03-18,09:00:00,EDSA Arellano St. Caloocan,0,0,0,0,0,0,0,0,0,0,2013-03-18 17:00,Property,14.65739195,120.9931284,Angle Impact
None,EDSA,None,None,"No Accident Factor, Rear-end, 0.0 drivers_injured, 0.0 drivers_killed, 0.0 passengers_injured, 0.0 passengers_killed, 0.0 pedestrian_injured, 0.0 pedestrian_killed, Fair (Day), EDSA Gen. Tinio St. Caloocan",MMDA Road Safety Unit,,a9716bc1-1ed7-457d-9629-7f94dd912949,2013-03-17,06:00:00,EDSA De Jesus St. Caloocan,0,0,0,0,0,0,0,0,0,0,2013-03-17 14:00,Property,14.65727124,120.9902826,Rear-End
None,EDSA,None,None,"No Accident Factor, Side Swipe, 0.0 drivers_injured, 0.0 drivers_killed, 0.0 passengers_injured, 0.0 passengers_killed, 0.0 pedestrian_injured, 0.0 pedestrian_killed, Fair (Day), EDSA De Jesus St. Caloocan",MMDA Road Safety Unit,,2a2ac182-9da9-44d1-af85-bfaf75581b9b,2013-03-16,08:50:00,"EDSA fronting BDO before UTS, (EB) Caloocan",0,0,0,0,0,0,0,0,0,0,2013-03-16 16:50,Property,14.65713667,120.9882603,Side Swipe
None,EDSA,None,None,"No Accident Factor, Side Swipe, 0.0 drivers_injured, 0.0 drivers_killed, 0.0 passengers_injured, 0.0 passengers_killed, 0.0 pedestrian_injured, 0.0 pedestrian_killed, Fair (Day), EDSA Simon Bustamante, Monumento Caloocan",MMDA Road Safety Unit,,21667745-e33b-4cdd-834a-850d00dd4657,2013-03-16,07:40:00,"EDSA at ""U"" turn slot, Gen. Malvar St. Caloocan",0,0,0,0,0,0,0,0,0,0,2013-03-16 15:40,Property,14.6572222,120.9854611,Side Swipe
None,EDSA,None,None,"No Accident Factor, Side Swipe, 0.0 drivers_injured, 0.0 drivers_killed, 0.0 passengers_injured, 0.0 passengers_killed, 0.0 pedestrian_injured, 0.0 pedestrian_killed, Fair (Day), EDSA Gen. Malvar St. Caloocan",MMDA Road Safety Unit,,6887b4fb-8b1e-48e3-90bd-4579d5a6910e,2013-03-13,02:00:00,EDSA fronting BIR Office (WB) Caloocan,0,0,0,0,0,0,0,0,0,0,2013-03-13 10:00,Property,14.6573376,120.993091,Side Swipe
None,EDSA,None,None,"No Accident Factor, Side Swipe, 0.0 drivers_injured, 0.0 drivers_killed, 0.0 passengers_injured, 0.0 passengers_killed, 0.0 pedestrian_injured, 0.0 pedestrian_killed, Fair (Day), EDSA Mascardo St. Caloocan",MMDA Road Safety Unit,,664ae5a7-714e-4f24-8906-4f8a49bd51e8,2013-03-12,00:30:00,"EDSA Malvar, UTS Caloocan",0,0,0,0,0,0,0,0,0,0,2013-03-12 8:30,Property,14.65743836,120.9947935,Side Swipe
None,EDSA,None,None,"No Accident Factor, Rear-end, 0.0 drivers_injured, 0.0 drivers_killed, 9.0 passengers_injured, 0.0 passengers_killed, 0.0 pedestrian_injured, 0.0 pedestrian_killed, Fair (Night), EDSA Biglang-Awa St. Caloocan",MMDA Road Safety Unit,,d384fe93-ffe2-477c-b549-7c2fbbf9867d,2013-03-09,13:30:00,EDSA fronting Clover Inn Caloocan,0,0,0,0,9,0,0,0,0,9,2013-03-09 21:30,Injury,14.65719007,120.9944415,Rear-End
None,EDSA,None,None,"No Accident Factor, No Collision Stated (based on Police Blotter Book), 0.0 drivers_injured, 0.0 drivers_killed, 0.0 passengers_injured, 0.0 passengers_killed, 0.0 pedestrian_injured, 0.0 pedestrian_killed, Fair (Day), EDSA Benin St. Caloocan",MMDA Road Safety Unit,,8b579547-262c-410b-91cd-2c320c977ee6,2013-03-09,06:00:00,"EDSA Tirona, UTS Caloocan",0,0,0,0,0,0,0,0,0,0,2013-03-09 14:00,Property,14.65705691,120.9855172,No Collision Stated
None,EDSA,None,None,"No Accident Factor, No Collision Stated (based on Police Blotter Book), 0.0 drivers_injured, 0.0 drivers_killed, 0.0 passengers_injured, 0.0 passengers_killed, 0.0 pedestrian_injured, 0.0 pedestrian_killed, Fair (Day), EDSA Gen. Simon St. Caloocan",MMDA Road Safety Unit,,0fec1127-2984-4eb8-abe5-6207529c4c16,2013-03-08,00:05:00,EDSA before Bonifacio Memorial Circle Caloocan,0,0,0,0,0,0,0,0,0,0,2013-03-08 8:05,Property,14.65727772,120.9854774,No Collision Stated
None,EDSA,None,None,"No Accident Factor, Angle Impact, 0.0 drivers_injured, 0.0 drivers_killed, 0.0 passengers_injured, 0.0 passengers_killed, 0.0 pedestrian_injured, 0.0 pedestrian_killed, Fair (Day), EDSA at ""U"" turn slot, Gen. Malvar St. Caloocan",MMDA Road Safety Unit,,2ee0b12b-4429-4543-bc01-715f4914c6a3,2013-03-07,07:10:00,EDSA after Biglang-Awa St. Caloocan,0,0,0,0,0,0,0,0,0,0,2013-03-07 15:10,Property,14.65717528,120.9931219,Angle Impact
None,EDSA,None,None,"No Accident Factor, Rear-end, 0.0 drivers_injured, 0.0 drivers_killed, 0.0 passengers_injured, 0.0 passengers_killed, 0.0 pedestrian_injured, 0.0 pedestrian_killed, Fair (Day), EDSA Gen. Tinio St. Caloocan",MMDA Road Safety Unit,,d79a1c4b-b24d-470e-bd81-45bca4a4957f,2013-03-07,07:00:00,"EDSA Malvar, ""U"" turn slot Caloocan",0,0,0,0,0,0,0,0,0,0,2013-03-07 15:00,Property,14.65727124,120.9902826,Rear-End
None,EDSA,None,None,"No Accident Factor, Side Swipe, 0.0 drivers_injured, 0.0 drivers_killed, 0.0 passengers_injured, 0.0 passengers_killed, 0.0 pedestrian_injured, 0.0 pedestrian_killed, Fair (Day), EDSA before Bonifacio Memorial Circle Caloocan",MMDA Road Safety Unit,,f98dc900-5fa8-408b-88dd-993d7393b594,2013-03-05,09:50:00,EDSA Gen. Tinio St. Caloocan,0,0,0,0,0,0,0,0,0,0,2013-03-05 17:50,Property,14.65728675,120.9846709,Side Swipe
None,EDSA,None,None,"No Accident Factor, Side Swipe, 0.0 drivers_injured, 0.0 drivers_killed, 0.0 passengers_injured, 0.0 passengers_killed, 0.0 pedestrian_injured, 0.0 pedestrian_killed, Fair (Day), EDSA A. De Jesus St. Caloocan",MMDA Road Safety Unit,,6c375b9c-eb7c-4dec-a1c0-9a98cfb07243,2013-03-02,02:45:00,EDSA before Bonifacio Memorial Circle Caloocan,0,0,0,0,0,0,0,0,0,0,2013-03-02 10:45,Property,14.65712835,120.990432,Side Swipe
None,EDSA,None,None,"No Accident Factor, Rear-end, 0.0 drivers_injured, 0.0 drivers_killed, 0.0 passengers_injured, 0.0 passengers_killed, 0.0 pedestrian_injured, 0.0 pedestrian_killed, Fair (Day), EDSA A. De Jesus St. Caloocan",MMDA Road Safety Unit,,d529880f-4f67-487e-9caa-fa309909b605,2013-02-27,07:40:00,EDSA B. Serrano St. (5th St.) Caloocan,0,0,0,0,0,0,0,0,0,0,2013-02-27 15:40,Property,14.65712835,120.990432,Rear-End
None,EDSA,None,None,"No Accident Factor, Side Swipe, 0.0 drivers_injured, 0.0 drivers_killed, 0.0 passengers_injured, 0.0 passengers_killed, 0.0 pedestrian_injured, 0.0 pedestrian_killed, Fair (Day), EDSA B. Serrano St. (5th St.) Caloocan",MMDA Road Safety Unit,,737da163-ae18-4f5c-8a49-bb4afa5af4a8,2013-02-27,00:10:00,EDSA A. De Jesus St. Caloocan,0,0,0,0,0,0,0,0,0,0,2013-02-27 8:10,Property,14.65712586,120.9882927,Side Swipe
None,EDSA,None,None,"No Accident Factor, Side Swipe, 0.0 drivers_injured, 0.0 drivers_killed, 0.0 passengers_injured, 0.0 passengers_killed, 0.0 pedestrian_injured, 0.0 pedestrian_killed, Fair (Day), EDSA at ""U"" turn slot, A. De Jesus St. Caloocan",MMDA Road Safety Unit,,c6a37b29-8ca9-4292-b274-0401a44bd451,2013-02-26,22:45:00,EDSA fronting SSS Caloocan,0,0,0,0,0,0,0,0,0,0,2013-02-27 6:45,Property,14.65719947,120.9903859,Side Swipe
None,EDSA,None,None,"No Accident Factor, Hit and Run (Angle Impact), 0.0 drivers_injured, 0.0 drivers_killed, 0.0 passengers_injured, 0.0 passengers_killed, 0.0 pedestrian_injured, 0.0 pedestrian_killed, Fair (Night), EDSA Mercury Drugstore Caloocan",MMDA Road Safety Unit,,8c80521d-13aa-4e99-b7f8-30d61021a867,2013-02-24,15:00:00,EDSA fronting Glory Lumber Caloocan,0,0,0,0,0,0,0,0,0,0,2013-02-24 23:00,Property,14.65694628,120.9842281,Angle Impact