LOCATION_TEXT,ROAD,WEATHER,LIGHT,DESC,REPORTING_AGENCY,MAIN_CAUSE,INCIDENTDETAILS_ID,DATE_UTC,TIME_UTC,ADDRESS,killed_driver,killed_passenger,killed_pedestrian,injured_driver,injured_passenger,injured_pedestrian,killed_uncategorized,injured_uncategorized,killed_total,injured_total,DATETIME_PST,SEVERITY,Y,X,COLLISION_TYPE
None,EDSA,None,None,"No Accident Factor, Side Swipe, 0.0 drivers_injured, 0.0 drivers_killed, 0.0 passengers_injured, 0.0 passengers_killed, 0.0 pedestrian_injured, 0.0 pedestrian_killed, Rain (Day), EDSA at ""U"" turn slot, fronting UCPB, in-between Gen. Tinio St. and De Jesus St. Caloocan",MMDA Road Safety Unit,,2ad55fc4-c4e6-49f9-9d86-91940217d8b4,2013-02-22,06:00:00,EDSA fronting SSS Caloocan,0,0,0,0,0,0,0,0,0,0,2013-02-22 14:00,Property,14.65716123,120.9903887,Side Swipe
None,EDSA,None,None,"No Accident Factor, Angle Impact, 0.0 drivers_injured, 0.0 drivers_killed, 0.0 passengers_injured, 0.0 passengers_killed, 0.0 pedestrian_injured, 0.0 pedestrian_killed, Rain (Night), EDSA Biglang-Awa St. Caloocan",MMDA Road Safety Unit,,60c086af-06ea-47cc-befc-a1c12583a749,2013-02-21,20:20:00,EDSA B. Serrano St. (5th St.) Caloocan,0,0,0,0,0,0,0,0,0,0,2013-02-22 4:20,Property,14.65719007,120.9944415,Angle Impact
None,EDSA,None,None,"No Accident Factor, Rear-end, 0.0 drivers_injured, 0.0 drivers_killed, 0.0 passengers_injured, 0.0 passengers_killed, 0.0 pedestrian_injured, 0.0 pedestrian_killed, Fair (Night), EDSA at ""U"" turn slot, Gen. Malvar St. Caloocan",MMDA Road Safety Unit,,c27a6ce6-ab9c-4131-ab9d-7959380152a3,2013-02-21,10:10:00,EDSA before MCU-FDTMF Hospital Caloocan,0,0,0,0,0,0,0,0,0,0,2013-02-21 18:10,Property,14.65717528,120.9931219,Rear-End
None,EDSA,None,None,"No Accident Factor, Rear-end, 0.0 drivers_injured, 0.0 drivers_killed, 0.0 passengers_injured, 0.0 passengers_killed, 0.0 pedestrian_injured, 0.0 pedestrian_killed, Fair (Day), EDSA fronting MCU-FDTMF Hospital Caloocan",MMDA Road Safety Unit,,5becec23-3315-4f3f-b772-9935a2a4ad80,2013-02-16,08:45:00,EDSA fronting Bureau of Internal Revenue Caloocan,0,0,0,0,0,0,0,0,0,0,2013-02-16 16:45,Property,14.65728485,120.9863001,Rear-End
None,EDSA,None,None,"No Accident Factor, Side Swipe, 0.0 drivers_injured, 0.0 drivers_killed, 0.0 passengers_injured, 0.0 passengers_killed, 0.0 pedestrian_injured, 0.0 pedestrian_killed, Fair (Day), EDSA B. Serrano St. (5th St.) Caloocan",MMDA Road Safety Unit,,f2a573c2-f674-49e7-a36f-46c5165b47f2,2013-02-15,23:15:00,EDSA Gen. Simon St. Caloocan,0,0,0,0,0,0,0,0,0,0,2013-02-16 7:15,Property,14.65712586,120.9882927,Side Swipe
None,EDSA,None,None,"No Accident Factor, Side Swipe, 0.0 drivers_injured, 0.0 drivers_killed, 0.0 passengers_injured, 0.0 passengers_killed, 0.0 pedestrian_injured, 0.0 pedestrian_killed, Fair (Day), EDSA E. De Jesus St. Caloocan",MMDA Road Safety Unit,,0d9d2740-c4c5-4478-9a67-73fd8019d9c1,2013-02-15,08:30:00,EDSA fronting Caltex Gas Station Caloocan,0,0,0,0,0,0,0,0,0,0,2013-02-15 16:30,Property,14.65715577,120.9904693,Side Swipe
None,EDSA,None,None,"No Accident Factor, Rear-end, 0.0 drivers_injured, 0.0 drivers_killed, 0.0 passengers_injured, 0.0 passengers_killed, 0.0 pedestrian_injured, 0.0 pedestrian_killed, Fair (Day), EDSA fronting MCU-FDTMF Hospital Caloocan",MMDA Road Safety Unit,,31772ea7-b297-40fd-8364-8c793f5fee25,2013-02-15,07:30:00,EDSA A. De Jesus St. Caloocan,0,0,0,0,0,0,0,0,0,0,2013-02-15 15:30,Property,14.65728485,120.9863001,Rear-End
None,EDSA,None,None,"No Accident Factor, Side Swipe, 0.0 drivers_injured, 0.0 drivers_killed, 0.0 passengers_injured, 0.0 passengers_killed, 0.0 pedestrian_injured, 0.0 pedestrian_killed, Fair (Day), EDSA Gen. Tinio St. / De Jesus St. Caloocan",MMDA Road Safety Unit,,b32636ad-c602-42d2-8258-bf1c27185b57,2013-02-14,05:20:00,EDSA before B. Serrano St. (5th St.) Caloocan,0,0,0,0,0,0,0,0,0,0,2013-02-14 13:20,Property,14.65727124,120.9902826,Side Swipe
None,EDSA,None,None,"No Accident Factor, Angle Impact, 0.0 drivers_injured, 0.0 drivers_killed, 0.0 passengers_injured, 0.0 passengers_killed, 0.0 pedestrian_injured, 0.0 pedestrian_killed, Fair (Day), EDSA at ""U"" turn slot, Gen. Malvar St. Caloocan",MMDA Road Safety Unit,,6ee60594-ddf3-4931-82fa-69a476c52084,2013-02-12,09:30:00,EDSA A. De Jesus Caloocan,0,0,0,0,0,0,0,0,0,0,2013-02-12 17:30,Property,14.65717528,120.9931219,Angle Impact
None,EDSA,None,None,"No Accident Factor, Rear-end, 0.0 drivers_injured, 0.0 drivers_killed, 0.0 passengers_injured, 0.0 passengers_killed, 0.0 pedestrian_injured, 0.0 pedestrian_killed, Fair (Day), EDSA Bonifacio Memorial Circle Caloocan",MMDA Road Safety Unit,,c9b4caf7-16e7-40f0-85ad-032ae08517c3,2013-02-11,08:30:00,EDSA fronting MCU Hospital (WB) Caloocan,0,0,0,0,0,0,0,0,0,0,2013-02-11 16:30,Property,14.65732796,120.9842086,Rear-End
None,EDSA,None,None,"No Accident Factor, Side Swipe, 0.0 drivers_injured, 0.0 drivers_killed, 0.0 passengers_injured, 0.0 passengers_killed, 0.0 pedestrian_injured, 0.0 pedestrian_killed, Fair (Day), EDSA B. Serrano St. (5th St.) Caloocan",MMDA Road Safety Unit,,2da49b6c-ea94-4674-946a-5b797bbfb91e,2013-02-11,07:00:00,EDSA G. Malvar Caloocan,0,0,0,0,0,0,0,0,0,0,2013-02-11 15:00,Property,14.65712586,120.9882927,Side Swipe
None,EDSA,None,None,"No Accident Factor, Rear-end, 0.0 drivers_injured, 0.0 drivers_killed, 0.0 passengers_injured, 0.0 passengers_killed, 0.0 pedestrian_injured, 0.0 pedestrian_killed, Fair (Day), EDSA B. Serrano St. (5th St.) Caloocan",MMDA Road Safety Unit,,dec55b9d-7d8f-423b-8be7-6cd7a804a97c,2013-02-11,02:20:00,EDSA MCU Caloocan,0,0,0,0,0,0,0,0,0,0,2013-02-11 10:20,Property,14.65712586,120.9882927,Rear-End
None,EDSA,None,None,"No Accident Factor, Angle Impact, 0.0 drivers_injured, 0.0 drivers_killed, 0.0 passengers_injured, 0.0 passengers_killed, 0.0 pedestrian_injured, 0.0 pedestrian_killed, Fair (Day), EDSA at ""U"" turn slot, Gen. Malvar St. Caloocan",MMDA Road Safety Unit,,9eb3014f-1298-493d-b1a0-e8f4266cedb7,2013-02-10,23:55:00,EDSA SSS U-Turn Slot Caloocan,0,0,0,0,0,0,0,0,0,0,2013-02-11 7:55,Property,14.65717528,120.9931219,Angle Impact
None,EDSA,None,None,"No Accident Factor, Hit Parked Vehicle, 0.0 drivers_injured, 0.0 drivers_killed, 0.0 passengers_injured, 0.0 passengers_killed, 0.0 pedestrian_injured, 0.0 pedestrian_killed, Fair (Day), EDSA Mercury Drugstore Caloocan",MMDA Road Safety Unit,,05e34bc7-5ac2-4066-9168-7930e3fc9e0f,2013-02-10,09:00:00,EDSA fronting SSS (WB) Caloocan,0,0,0,0,0,0,0,0,0,0,2013-02-10 17:00,Property,14.65694628,120.9842281,Hit Object
None,EDSA,None,None,"No Accident Factor, Angle Impact, 0.0 drivers_injured, 0.0 drivers_killed, 0.0 passengers_injured, 0.0 passengers_killed, 0.0 pedestrian_injured, 0.0 pedestrian_killed, Fair (Day), EDSA A. De Jesus St. Caloocan",MMDA Road Safety Unit,,8c91b585-d59d-4406-aba4-b770d982a6cf,2013-02-10,07:30:00,EDSA J. De Jesus Caloocan,0,0,0,0,0,0,0,0,0,0,2013-02-10 15:30,Property,14.65712835,120.990432,Angle Impact
None,EDSA,None,None,"No Accident Factor, Hit Parked Vehicle, 0.0 drivers_injured, 0.0 drivers_killed, 0.0 passengers_injured, 0.0 passengers_killed, 0.0 pedestrian_injured, 0.0 pedestrian_killed, Fair (Night), EDSA fronting Jennica Kitchenette, before F. Aguilar St. Caloocan",MMDA Road Safety Unit,,fe0d178c-9b35-4d9a-9fac-4bfb98a23ea7,2013-02-08,21:30:00,EDSA A. De Jesus St. Caloocan,0,0,0,0,0,0,0,0,0,0,2013-02-09 5:30,Property,14.65745323,120.9983774,Hit Object
None,EDSA,None,None,"No Accident Factor, Side Swipe, 0.0 drivers_injured, 0.0 drivers_killed, 0.0 passengers_injured, 0.0 passengers_killed, 0.0 pedestrian_injured, 0.0 pedestrian_killed, Fair (Day), EDSA Gen. Simon St. Caloocan",MMDA Road Safety Unit,,98a04ec3-1e9d-460c-9f94-16b7023d0ab2,2013-02-08,05:05:00,"EDSA UTS, UCPB Bank Caloocan",0,0,0,0,0,0,0,0,0,0,2013-02-08 13:05,Property,14.65727772,120.9854774,Side Swipe
None,EDSA,None,None,"No Accident Factor, Side Swipe, 0.0 drivers_injured, 0.0 drivers_killed, 0.0 passengers_injured, 0.0 passengers_killed, 0.0 pedestrian_injured, 0.0 pedestrian_killed, Fair (Day), EDSA Gen. Malvar St. Caloocan",MMDA Road Safety Unit,,9b128ea8-ab19-4a7c-9c09-ec004c8e239e,2013-02-08,02:10:00,EDSA fronting Clover Inn Hotel (WB) Caloocan,0,0,0,0,0,0,0,0,0,0,2013-02-08 10:10,Property,14.6573376,120.993091,Side Swipe
None,EDSA,None,None,"No Accident Factor, No Collision Stated (based on Police Blotter Book), 0.0 drivers_injured, 0.0 drivers_killed, 0.0 passengers_injured, 0.0 passengers_killed, 0.0 pedestrian_injured, 0.0 pedestrian_killed, Fair (Day), EDSA Gen. Malvar St. Caloocan",MMDA Road Safety Unit,,1e422b36-879e-44a9-bd8d-6d1b33d1704d,2013-02-02,04:10:00,EDSA M. Ponce Caloocan,0,0,0,0,0,0,0,0,0,0,2013-02-02 12:10,Property,14.6573376,120.993091,No Collision Stated
None,EDSA,None,None,"No Accident Factor, Side Swipe, 0.0 drivers_injured, 0.0 drivers_killed, 0.0 passengers_injured, 0.0 passengers_killed, 0.0 pedestrian_injured, 0.0 pedestrian_killed, Fair (Night), EDSA before Gen. Tinio St., Bagong Barrio Caloocan",MMDA Road Safety Unit,,2ede532f-c447-4ce8-8df7-39c47a329c7c,2013-01-30,21:00:00,"EDSA UTS, SSS Caloocan",0,0,0,0,0,0,0,0,0,0,2013-01-31 5:00,Property,14.65734475,120.9905063,Side Swipe
None,EDSA,None,None,"No Accident Factor, Side Swipe, 0.0 drivers_injured, 0.0 drivers_killed, 0.0 passengers_injured, 0.0 passengers_killed, 0.0 pedestrian_injured, 0.0 pedestrian_killed, Fair (Day), EDSA Bonifacio Memorial Circle Caloocan",MMDA Road Safety Unit,,4b5cca28-4be7-4531-8fd9-186fccfccce8,2013-01-30,04:30:00,EDSA De Jesus St. Caloocan,0,0,0,0,0,0,0,0,0,0,2013-01-30 12:30,Property,14.65732796,120.9842086,Side Swipe
None,EDSA,None,None,"No Accident Factor, Side Swipe, 0.0 drivers_injured, 0.0 drivers_killed, 0.0 passengers_injured, 0.0 passengers_killed, 0.0 pedestrian_injured, 0.0 pedestrian_killed, Fair (Day), EDSA Gen. Simon St. Caloocan",MMDA Road Safety Unit,,f8c6cae5-0bfa-4bc3-87aa-764a229fa9d4,2013-01-29,05:55:00,EDSA Tirong Caloocan,0,0,0,0,0,0,0,0,0,0,2013-01-29 13:55,Property,14.65727772,120.9854774,Side Swipe
None,EDSA,None,None,"No Accident Factor, Head-on, 0.0 drivers_injured, 0.0 drivers_killed, 0.0 passengers_injured, 0.0 passengers_killed, 0.0 pedestrian_injured, 0.0 pedestrian_killed, Fair (Night), EDSA De Jesus St. Caloocan",MMDA Road Safety Unit,,800748bb-2c94-485b-bbe0-a3731713f2d7,2013-01-28,13:00:00,EDSA fronting SSS Caloocan,0,0,0,0,0,0,0,0,0,0,2013-01-28 21:00,Property,14.65713667,120.9882603,Head-On
None,EDSA,None,None,"No Accident Factor, Rear-end, 0.0 drivers_injured, 0.0 drivers_killed, 0.0 passengers_injured, 0.0 passengers_killed, 0.0 pedestrian_injured, 0.0 pedestrian_killed, Fair (Day), EDSA at ""U"" turn slot, across SSS Caloocan",MMDA Road Safety Unit,,c982c3b4-d1ad-4b9a-87d7-6de8f13e4a1e,2013-01-25,03:40:00,"EDSA after Malvar, UTS Caloocan",0,0,0,0,0,0,0,0,0,0,2013-01-25 11:40,Property,14.65725157,120.9930967,Rear-End
None,EDSA,None,None,"No Accident Factor, Side Swipe, 0.0 drivers_injured, 0.0 drivers_killed, 0.0 passengers_injured, 0.0 passengers_killed, 0.0 pedestrian_injured, 0.0 pedestrian_killed, Fair (Day), EDSA De Jesus St. Caloocan",MMDA Road Safety Unit,,11da0874-02af-49ee-bec5-ff96557c6145,2013-01-19,02:00:00,EDSA Gen. Tinio St. Caloocan,0,0,0,0,0,0,0,0,0,0,2013-01-19 10:00,Property,14.65713667,120.9882603,Side Swipe
None,EDSA,None,None,"No Accident Factor, Head-on, 0.0 drivers_injured, 0.0 drivers_killed, 0.0 passengers_injured, 0.0 passengers_killed, 0.0 pedestrian_injured, 0.0 pedestrian_killed, Fair (Night), EDSA Biglang-Awa St. Caloocan",MMDA Road Safety Unit,,c0467713-8bd4-4f49-82c1-5f4c497a787a,2013-01-16,15:45:00,EDSA A. De Jesus St. Caloocan,0,0,0,0,0,0,0,0,0,0,2013-01-16 23:45,Property,14.65719007,120.9944415,Head-On
None,EDSA,None,None,"No Accident Factor, Other (Hit Veh. + Hit Obj.), 0.0 drivers_injured, 0.0 drivers_killed, 0.0 passengers_injured, 0.0 passengers_killed, 0.0 pedestrian_injured, 0.0 pedestrian_killed, Fair (Day), EDSA B. Serrano St. (5th St.) Caloocan",MMDA Road Safety Unit,,5bfc2e21-0583-4ade-a712-6d7725b2fc47,2013-01-13,07:00:00,EDSA Sogo Hotel Caloocan,0,0,0,0,0,0,0,0,0,0,2013-01-13 15:00,Property,14.65712586,120.9882927,Hit Object
None,EDSA,None,None,"No Accident Factor, Rear-end, 0.0 drivers_injured, 0.0 drivers_killed, 0.0 passengers_injured, 0.0 passengers_killed, 0.0 pedestrian_injured, 0.0 pedestrian_killed, Fair (Day), EDSA A. De Jesus St. Caloocan",MMDA Road Safety Unit,,1a00d544-cd30-454b-89be-ada5effce711,2013-01-12,02:45:00,EDSA Bonifacio Memorial Circle (WB) Caloocan,0,0,0,0,0,0,0,0,0,0,2013-01-12 10:45,Property,14.65712835,120.990432,Rear-End
None,EDSA,None,None,"No Accident Factor, Rear-end, 0.0 drivers_injured, 0.0 drivers_killed, 0.0 passengers_injured, 0.0 passengers_killed, 0.0 pedestrian_injured, 0.0 pedestrian_killed, Fair (Day), EDSA Gen. Tirona St. Caloocan",MMDA Road Safety Unit,,343136b2-a1ea-4056-b201-cd6809fe1e57,2013-01-10,09:55:00,"EDSA Tandang Sora, Gen. Malvar Caloocan",0,0,0,0,0,0,0,0,0,0,2013-01-10 17:55,Property,14.65742615,120.9970941,Rear-End
None,EDSA,None,None,"No Accident Factor, Side Swipe, 0.0 drivers_injured, 0.0 drivers_killed, 0.0 passengers_injured, 0.0 passengers_killed, 0.0 pedestrian_injured, 0.0 pedestrian_killed, Fair (Night), EDSA fronting Sogo Hotel Caloocan",MMDA Road Safety Unit,,3fe1eec0-8bac-46c4-9494-fec644614865,2013-01-08,15:30:00,"EDSA UTS, Gen. Malvar Caloocan",0,0,0,0,0,0,0,0,0,0,2013-01-08 23:30,Property,14.6572795,120.984717,Side Swipe
None,EDSA,None,None,"No Accident Factor, Rear-end, 0.0 drivers_injured, 0.0 drivers_killed, 0.0 passengers_injured, 0.0 passengers_killed, 0.0 pedestrian_injured, 0.0 pedestrian_killed, Fair (Night), EDSA before Gen. Malvar St. Caloocan",MMDA Road Safety Unit,,31bf1291-3b9f-456e-92fd-ad4f7644c612,2013-01-04,18:30:00,EDSA A. De Jesus St. Caloocan,0,0,0,0,0,0,0,0,0,0,2013-01-05 2:30,Property,14.6573076,120.993494,Rear-End
None,EDSA,None,None,"No Accident Factor, Angle Impact, 0.0 drivers_injured, 0.0 drivers_killed, 0.0 passengers_injured, 0.0 passengers_killed, 0.0 pedestrian_injured, 0.0 pedestrian_killed, Fair (Day), EDSA A. De Jesus St. Caloocan",MMDA Road Safety Unit,,ec8a7df8-8e75-4a61-8fda-32d0b8ef272a,2013-01-02,07:35:00,"EDSA Malvar St., UTS Caloocan",0,0,0,0,0,0,0,0,0,0,2013-01-02 15:35,Property,14.65712835,120.990432,Angle Impact
None,EDSA,None,None,"No Accident Factor, No Collision Stated (based on Police Blotter Book), 0.0 drivers_injured, 0.0 drivers_killed, 1.0 passengers_injured, 0.0 passengers_killed, 0.0 pedestrian_injured, 0.0 pedestrian_killed, Fair (Night), Edsa  fronting MCU Hospital(WB) Caloocan",MMDA Road Safety Unit,,d656a054-f023-408b-842c-b55d75ab9cda,2012-12-30,14:45:00,"EDSA G. Malvar, UTS Caloocan",0,0,0,0,1,0,0,0,0,1,2012-12-30 22:45,Injury,14.65727203,120.9871656,No Collision Stated
None,EDSA,None,None,"No Accident Factor, Angle Impact, 0.0 drivers_injured, 0.0 drivers_killed, 0.0 passengers_injured, 0.0 passengers_killed, 0.0 pedestrian_injured, 0.0 pedestrian_killed, Fair (Day), Edsa  fronting Jollibee Food Mart, before Benin St. Caloocan",MMDA Road Safety Unit,,927d53d2-d24e-4575-8878-935db8182b0a,2012-12-30,05:45:00,"EDSA fronting Uni Oil gas Stn., A. De Jesus St. Caloocan",0,0,0,0,0,0,0,0,0,0,2012-12-30 13:45,Property,14.65725579,120.9880523,Angle Impact
None,EDSA,None,None,"No Accident Factor, Side Swipe, 0.0 drivers_injured, 0.0 drivers_killed, 0.0 passengers_injured, 0.0 passengers_killed, 0.0 pedestrian_injured, 0.0 pedestrian_killed, Fair (Day), Edsa fronting MCU Hospital (WB) Caloocan",MMDA Road Safety Unit,,1779beb6-a0af-4317-b633-9841bbf12828,2012-12-28,03:50:00,EDSA Bonifacio Memorial Circle Caloocan,0,0,0,0,0,0,0,0,0,0,2012-12-28 11:50,Property,14.65728485,120.9863001,Side Swipe
None,EDSA,None,None,"No Accident Factor, Rear-end, 1.0 drivers_injured, 0.0 drivers_killed, 0.0 passengers_injured, 0.0 passengers_killed, 0.0 pedestrian_injured, 0.0 pedestrian_killed, Fair (Night), Edsa  A. De Jesus St. Caloocan",MMDA Road Safety Unit,,49db5651-a91f-4f4d-9e25-829369e56959,2012-12-21,20:00:00,EDSA Evangelista St. Caloocan,0,0,0,1,0,0,0,0,0,1,2012-12-22 4:00,Injury,14.65717655,120.990448,Rear-End
None,EDSA,None,None,"No Accident Factor, Side Swipe, 0.0 drivers_injured, 0.0 drivers_killed, 0.0 passengers_injured, 0.0 passengers_killed, 0.0 pedestrian_injured, 0.0 pedestrian_killed, Fair (Night), Edsa  fronting Palawan Pawnshop, Across MCU Hospital(EB) Caloocan",MMDA Road Safety Unit,,5408f7bd-0f8f-4c1b-96f5-3dcfb5acb87e,2012-12-20,10:30:00,EDSA Sogo Hotel Caloocan,0,0,0,0,0,0,0,0,0,0,2012-12-20 18:30,Property,14.65709471,120.9871205,Side Swipe
None,EDSA,None,None,"No Accident Factor, Rear-end, 0.0 drivers_injured, 0.0 drivers_killed, 0.0 passengers_injured, 0.0 passengers_killed, 0.0 pedestrian_injured, 0.0 pedestrian_killed, Fair (Day), Edsa Bagong Barrio, Clover Inn  Caloocan",MMDA Road Safety Unit,,2f3be61c-0902-49d2-9f91-684fc8c79c3d,2012-12-19,01:40:00,EDSA B. Serrano St. (5th St.) Caloocan,0,0,0,0,0,0,0,0,0,0,2012-12-19 9:40,Property,14.65745777,120.9970444,Rear-End
None,EDSA,None,None,"No Accident Factor, Side Swipe, 0.0 drivers_injured, 0.0 drivers_killed, 0.0 passengers_injured, 0.0 passengers_killed, 0.0 pedestrian_injured, 0.0 pedestrian_killed, Fair (Day), Edsa before MCU Hospital  Caloocan",MMDA Road Safety Unit,,d9c6c104-d766-4969-bdef-f7b59c8ea6b3,2012-12-13,05:25:00,EDSA A. De Jesus St. (WB) Caloocan,0,0,0,0,0,0,0,0,0,0,2012-12-13 13:25,Property,14.65725018,120.9868514,Side Swipe
None,EDSA,None,None,"No Accident Factor, Side Swipe, 0.0 drivers_injured, 0.0 drivers_killed, 0.0 passengers_injured, 0.0 passengers_killed, 0.0 pedestrian_injured, 0.0 pedestrian_killed, Fair (Day), Edsa Gen. Concepcion St.(WB) Caloocan",MMDA Road Safety Unit,,89491739-fc07-4d21-bbf7-69133f00b839,2012-12-10,09:40:00,EDSA fronting Clover Inn Hotel (WB) Caloocan,0,0,0,0,0,0,0,0,0,0,2012-12-10 17:40,Property,14.65732528,120.9909733,Side Swipe
None,EDSA,None,None,"No Accident Factor, Side Swipe, 0.0 drivers_injured, 0.0 drivers_killed, 0.0 passengers_injured, 0.0 passengers_killed, 0.0 pedestrian_injured, 0.0 pedestrian_killed, Fair (Night), Edsa  Fronting UCPB U Turn Slot Caloocan",MMDA Road Safety Unit,,ef19d874-2740-46bd-ba06-ac7783c32690,2012-12-04,15:30:00,EDSA B. Serrano St. (5th St.) Caloocan,0,0,0,0,0,0,0,0,0,0,2012-12-04 23:30,Property,14.6573762,120.9875993,Side Swipe
None,EDSA,None,None,"No Accident Factor, Side Swipe, 0.0 drivers_injured, 0.0 drivers_killed, 0.0 passengers_injured, 0.0 passengers_killed, 0.0 pedestrian_injured, 0.0 pedestrian_killed, Fair (Day), Edsa East Quadrant Caloocan",MMDA Road Safety Unit,,f0f9dba2-4087-4dea-838d-fa55d460d3cb,2012-12-03,22:10:00,"EDSA UTS, Gen. Tinio St. Caloocan",0,0,0,0,0,0,0,0,0,0,2012-12-04 6:10,Property,14.65697881,120.9842623,Side Swipe
None,EDSA,None,None,"No Accident Factor, No Collision Stated (based on Police Blotter Book), 0.0 drivers_injured, 0.0 drivers_killed, 0.0 passengers_injured, 0.0 passengers_killed, 0.0 pedestrian_injured, 0.0 pedestrian_killed, Fair (Day), Edsa  Binin Caloocan",MMDA Road Safety Unit,,88b49215-6113-4edb-b9a2-0058215f5894,2012-12-01,08:00:00,EDSA Sogo Hotel Caloocan,0,0,0,0,0,0,0,0,0,0,2012-12-01 16:00,Property,14.65705301,120.98543,No Collision Stated
None,EDSA,None,None,"No Accident Factor, Angle Impact, 0.0 drivers_injured, 0.0 drivers_killed, 0.0 passengers_injured, 0.0 passengers_killed, 0.0 pedestrian_injured, 0.0 pedestrian_killed, Fair (Day), Edsa Evangelista ST. Caloocan",MMDA Road Safety Unit,,93cbe7fc-e43d-44ae-8bf6-7a3e1b6da0f4,2012-11-29,02:30:00,EDSA 6 Tinio St. Caloocan,0,0,0,0,0,0,0,0,0,0,2012-11-29 10:30,Property,14.65738064,120.9955312,Angle Impact
None,EDSA,None,None,"No Accident Factor, Angle Impact, 0.0 drivers_injured, 0.0 drivers_killed, 0.0 passengers_injured, 0.0 passengers_killed, 0.0 pedestrian_injured, 0.0 pedestrian_killed, Fair (Day), Edsa  Metrobank Caloocan",MMDA Road Safety Unit,,2c9f029d-96c0-42a6-bb94-d943cf4aebda,2012-11-27,05:30:00,EDSA Bonifacio Memorial Circle Caloocan,0,0,0,0,0,0,0,0,0,0,2012-11-27 13:30,Property,14.65712322,120.9898397,Angle Impact
None,EDSA,None,None,"No Accident Factor, Rear-end, 0.0 drivers_injured, 0.0 drivers_killed, 0.0 passengers_injured, 0.0 passengers_killed, 0.0 pedestrian_injured, 0.0 pedestrian_killed, Fair (Night), Edsa  Biglang Awa Caloocan",MMDA Road Safety Unit,,f5f82619-731e-481e-b78b-e681391fa742,2012-11-25,18:00:00,"EDSA at UTS, J. De Jesus St. Caloocan",0,0,0,0,0,0,0,0,0,0,2012-11-26 2:00,Property,14.65719477,120.9944138,Rear-End
None,EDSA,None,None,"No Accident Factor, Side Swipe, 0.0 drivers_injured, 0.0 drivers_killed, 0.0 passengers_injured, 0.0 passengers_killed, 0.0 pedestrian_injured, 0.0 pedestrian_killed, Fair (Day), Edsa  Shakey Caloocan",MMDA Road Safety Unit,,009f78d4-4ef5-4cc2-83d2-bcbe8c4c76a8,2012-11-21,05:00:00,EDSA Arellano St. Caloocan,0,0,0,0,0,0,0,0,0,0,2012-11-21 13:00,Property,14.65704592,120.9881131,Side Swipe
None,EDSA,None,None,"No Accident Factor, Rear-end, 0.0 drivers_injured, 0.0 drivers_killed, 0.0 passengers_injured, 0.0 passengers_killed, 0.0 pedestrian_injured, 0.0 pedestrian_killed, Fair (Day), Edsa  B. Serrano Caloocan",MMDA Road Safety Unit,,97b9d3ee-2cab-40ca-90d1-edd87d0b55fa,2012-11-21,00:00:00,EDSA G. Tirina Caloocan,0,0,0,0,0,0,0,0,0,0,2012-11-21 8:00,Property,14.65706107,120.9882111,Rear-End
None,EDSA,None,None,"No Accident Factor, Rear-end, 0.0 drivers_injured, 0.0 drivers_killed, 0.0 passengers_injured, 0.0 passengers_killed, 0.0 pedestrian_injured, 0.0 pedestrian_killed, Fair (Day), Edsa  Gen. Malvar Caloocan",MMDA Road Safety Unit,,c558fca0-1d62-4473-ad61-04d61e03ce15,2012-11-19,07:00:00,EDSA fronting MCU Hospital Caloocan,0,0,0,0,0,0,0,0,0,0,2012-11-19 15:00,Property,14.65734092,120.993199,Rear-End
None,EDSA,None,None,"No Accident Factor, Side Swipe, 0.0 drivers_injured, 0.0 drivers_killed, 0.0 passengers_injured, 0.0 passengers_killed, 0.0 pedestrian_injured, 0.0 pedestrian_killed, Fair (Night), Edsa  A. De Jesus St. Caloocan",MMDA Road Safety Unit,,3423724b-6a71-41e5-9910-c9f1d6e838e6,2012-11-18,20:45:00,EDSA Gen. Simon St. Caloocan,0,0,0,0,0,0,0,0,0,0,2012-11-19 4:45,Property,14.65717655,120.990448,Side Swipe
None,EDSA,None,None,"No Accident Factor, Angle Impact, 1.0 drivers_injured, 0.0 drivers_killed, 0.0 passengers_injured, 0.0 passengers_killed, 0.0 pedestrian_injured, 0.0 pedestrian_killed, Fair (Day), Edsa  Gen. Tinio St. fronting Uni Oil Gas Station Caloocan",MMDA Road Safety Unit,,772b1488-4d5b-4cc0-865f-ee838080c0c0,2012-11-18,04:45:00,EDSA B. Serrano St. (5th St.) Caloocan,0,0,0,1,0,0,0,0,0,1,2012-11-18 12:45,Injury,14.6572639,120.9900955,Angle Impact
None,EDSA,None,None,"No Accident Factor, Side Swipe, 0.0 drivers_injured, 0.0 drivers_killed, 0.0 passengers_injured, 0.0 passengers_killed, 0.0 pedestrian_injured, 0.0 pedestrian_killed, Fair (Day), EDSA Fronting SSS Caloocan",MMDA Road Safety Unit,,00251d67-4d41-4af9-805d-a34e152dc18e,2012-11-09,03:00:00,EDSA A. De Jesus Caloocan,0,0,0,0,0,0,0,0,0,0,2012-11-09 11:00,Property,14.65739195,120.9931284,Side Swipe
None,EDSA,None,None,"No Accident Factor, Rear-end, 0.0 drivers_injured, 0.0 drivers_killed, 0.0 passengers_injured, 0.0 passengers_killed, 0.0 pedestrian_injured, 0.0 pedestrian_killed, Fair (Night), EDSA Tandang Sora Caloocan",MMDA Road Safety Unit,,e25d885c-0c55-4930-a426-9b57904c63f4,2012-11-08,19:00:00,EDSA A. De Jesus St. Caloocan,0,0,0,0,0,0,0,0,0,0,2012-11-09 3:00,Property,14.65736758,120.9940203,Rear-End
None,EDSA,None,None,"No Accident Factor, Hit Parked Vehicle, 0.0 drivers_injured, 0.0 drivers_killed, 0.0 passengers_injured, 0.0 passengers_killed, 0.0 pedestrian_injured, 0.0 pedestrian_killed, Fair (Day), EDSA Fronting Muflers & Headers Service Center Caloocan",MMDA Road Safety Unit,,1bad1b5f-d11b-4633-b4d8-ffac1e58390b,2012-11-08,02:30:00,EDSA fronting Unioil gas Stn. (WB) Caloocan,0,0,0,0,0,0,0,0,0,0,2012-11-08 10:30,Property,14.65712098,120.9899672,Hit Object