LOCATION_TEXT,ROAD,WEATHER,LIGHT,DESC,REPORTING_AGENCY,MAIN_CAUSE,INCIDENTDETAILS_ID,DATE_UTC,TIME_UTC,ADDRESS,killed_driver,killed_passenger,killed_pedestrian,injured_driver,injured_passenger,injured_pedestrian,killed_uncategorized,injured_uncategorized,killed_total,injured_total,DATETIME_PST,SEVERITY,Y,X,COLLISION_TYPE
None,EDSA,None,None,"No Accident Factor, Side Swipe, 0.0 drivers_injured, 0.0 drivers_killed, 0.0 passengers_injured, 0.0 passengers_killed, 0.0 pedestrian_injured, 0.0 pedestrian_killed, Fair (Night), EDSA Bonifacio Memorial Circle Caloocan",MMDA Road Safety Unit,,12f32891-5574-4f00-b3ee-833b10de8383,2012-11-07,21:30:00,EDSA B. Serrano St. (5th St.) Caloocan,0,0,0,0,0,0,0,0,0,0,2012-11-08 5:30,Property,14.65732796,120.9842086,Side Swipe
None,EDSA,None,None,"No Accident Factor, Rear-end, 1.0 drivers_injured, 0.0 drivers_killed, 0.0 passengers_injured, 0.0 passengers_killed, 0.0 pedestrian_injured, 0.0 pedestrian_killed, Fair (Day), EDSA Fronting SSS Caloocan",MMDA Road Safety Unit,,fdd53221-31b0-4538-bf16-0368f414277d,2012-11-05,04:15:00,EDSA Malvar U-Turn Slot Caloocan,0,0,0,1,0,0,0,0,0,1,2012-11-05 12:15,Injury,14.65739195,120.9931284,Rear-End
None,EDSA,None,None,"No Accident Factor, Rear-end, 1.0 drivers_injured, 0.0 drivers_killed, 0.0 passengers_injured, 0.0 passengers_killed, 0.0 pedestrian_injured, 0.0 pedestrian_killed, Fair (Night), EDSA MCU Caloocan",MMDA Road Safety Unit,,322fbe1f-ac62-46a8-a00c-2f4f1ee28958,2012-11-03,20:30:00,EDSA A. De Jesus St. Caloocan,0,0,0,1,0,0,0,0,0,1,2012-11-04 4:30,Injury,14.6573146,120.9860365,Rear-End
None,EDSA,None,None,"No Accident Factor, No Collision Stated (based on Police Blotter Book), 1.0 drivers_injured, 0.0 drivers_killed, 1.0 passengers_injured, 0.0 passengers_killed, 0.0 pedestrian_injured, 0.0 pedestrian_killed, Fair (Day), EDSA  fronting Shakey's Dept.Store Caloocan",MMDA Road Safety Unit,,fe45a0d2-fe06-4ab2-8f7d-ffa50e34dd27,2012-10-27,09:30:00,EDSA fronting MCU Hospital Caloocan,0,0,0,1,1,0,0,0,0,2,2012-10-27 17:30,Injury,14.65708108,120.9880318,No Collision Stated
None,EDSA,None,None,"No Accident Factor, Rear-end, 0.0 drivers_injured, 0.0 drivers_killed, 0.0 passengers_injured, 0.0 passengers_killed, 0.0 pedestrian_injured, 0.0 pedestrian_killed, Fair (Day), EDSA fronting MCU Hospital Caloocan",MMDA Road Safety Unit,,ef52f093-fe67-43c2-9aff-1a6f6cc65648,2012-10-26,23:55:00,EDSA A. De Jesus St. Caloocan,0,0,0,0,0,0,0,0,0,0,2012-10-27 7:55,Property,14.65728485,120.9863001,Rear-End
None,EDSA,None,None,"No Accident Factor, Rear-end, 0.0 drivers_injured, 0.0 drivers_killed, 0.0 passengers_injured, 0.0 passengers_killed, 0.0 pedestrian_injured, 0.0 pedestrian_killed, Fair (Day), EDSA  fronting Mits.Motor Sales Caloocan",MMDA Road Safety Unit,,040384ad-7b2d-443e-a11a-e34297dbb4d9,2012-10-25,06:50:00,EDSA A. De Jesus St. Caloocan,0,0,0,0,0,0,0,0,0,0,2012-10-25 14:50,Property,14.65738902,120.9945931,Rear-End
None,EDSA,None,None,"No Accident Factor, Angle Impact, 0.0 drivers_injured, 0.0 drivers_killed, 0.0 passengers_injured, 0.0 passengers_killed, 0.0 pedestrian_injured, 0.0 pedestrian_killed, Fair (Day), EDSA A. De Jesus St. E/B Caloocan",MMDA Road Safety Unit,,a64507dc-cbc7-4f9f-b5e8-90fcfc7f3c04,2012-10-25,05:00:00,EDSA Biglang Awa Caloocan,0,0,0,0,0,0,0,0,0,0,2012-10-25 13:00,Property,14.65711261,120.9904651,Angle Impact
None,EDSA,None,None,"No Accident Factor, Side Swipe, 0.0 drivers_injured, 0.0 drivers_killed, 2.0 passengers_injured, 0.0 passengers_killed, 0.0 pedestrian_injured, 0.0 pedestrian_killed, Fair (Night), EDSA before Balintawak Bridge Caloocan",MMDA Road Safety Unit,,43eeafb7-c17b-4ac3-a98d-f60bb7a3bdac,2012-10-23,21:45:00,EDSA A. De Jesus St. Caloocan,0,0,0,0,2,0,0,0,0,2,2012-10-24 5:45,Injury,14.65769662,121.0155557,Side Swipe
None,EDSA,None,None,"No Accident Factor, Angle Impact, 0.0 drivers_injured, 0.0 drivers_killed, 0.0 passengers_injured, 0.0 passengers_killed, 0.0 pedestrian_injured, 0.0 pedestrian_killed, Fair (Day), Edsa A. De Jesus St. Caloocan",MMDA Road Safety Unit,,1d39098b-05a3-4064-9720-4fd1d5ec3b84,2012-10-21,03:40:00,"EDSA SSS Bldg., UTS Caloocan",0,0,0,0,0,0,0,0,0,0,2012-10-21 11:40,Property,14.65712835,120.990432,Angle Impact
None,EDSA,None,None,"No Accident Factor, Side Swipe, 0.0 drivers_injured, 0.0 drivers_killed, 0.0 passengers_injured, 0.0 passengers_killed, 0.0 pedestrian_injured, 0.0 pedestrian_killed, Fair (Night), EDSA De Jesus St. Caloocan",MMDA Road Safety Unit,,059ccf97-a2dd-4a73-907d-444decf55abb,2012-10-20,21:30:00,EDSA fronting Sogo Hotel Caloocan,0,0,0,0,0,0,0,0,0,0,2012-10-21 5:30,Property,14.65713667,120.9882603,Side Swipe
None,EDSA,None,None,"No Accident Factor, Rear-end, 0.0 drivers_injured, 0.0 drivers_killed, 0.0 passengers_injured, 0.0 passengers_killed, 0.0 pedestrian_injured, 0.0 pedestrian_killed, Fair (Night), Edsa Malvar  Caloocan",MMDA Road Safety Unit,,4fc080c5-9fe4-4bdc-ae51-b0d77495cc12,2012-10-20,10:45:00,EDSA Circle East Caloocan,0,0,0,0,0,0,0,0,0,0,2012-10-20 18:45,Property,14.65736,120.9932301,Rear-End
None,EDSA,None,None,"No Accident Factor, Rear-end, 0.0 drivers_injured, 0.0 drivers_killed, 0.0 passengers_injured, 0.0 passengers_killed, 0.0 pedestrian_injured, 0.0 pedestrian_killed, Fair (Night), Edsa G. Tinio  Caloocan",MMDA Road Safety Unit,,9b7608c8-3ae5-4e0d-b646-f7bcd6a91971,2012-10-18,17:50:00,EDSA Bonifacio Memorial Circle Caloocan,0,0,0,0,0,0,0,0,0,0,2012-10-19 1:50,Property,14.65727025,120.9901674,Rear-End
None,EDSA,None,None,"No Accident Factor, Rear-end, 0.0 drivers_injured, 0.0 drivers_killed, 0.0 passengers_injured, 0.0 passengers_killed, 0.0 pedestrian_injured, 0.0 pedestrian_killed, Fair (Day), Edsa Urbano Plato Caloocan",MMDA Road Safety Unit,,632416a7-0fcf-477f-add4-1e90c95f55cf,2012-10-18,09:05:00,EDSA fronting of BIR (WB) Caloocan,0,0,0,0,0,0,0,0,0,0,2012-10-18 17:05,Property,14.65714729,120.9926394,Rear-End
None,EDSA,None,None,"No Accident Factor, Angle Impact, 0.0 drivers_injured, 0.0 drivers_killed, 0.0 passengers_injured, 0.0 passengers_killed, 0.0 pedestrian_injured, 0.0 pedestrian_killed, Fair (Day), Edsa M.  Ponce  Caloocan",MMDA Road Safety Unit,,19bc7b9f-c5b3-430e-9458-44b293f7cb51,2012-10-18,02:15:00,EDSA A. De Jesus St. Caloocan,0,0,0,0,0,0,0,0,0,0,2012-10-18 10:15,Property,14.65732688,120.9916876,Angle Impact
None,EDSA,None,None,"No Accident Factor, Angle Impact, 0.0 drivers_injured, 0.0 drivers_killed, 0.0 passengers_injured, 0.0 passengers_killed, 0.0 pedestrian_injured, 0.0 pedestrian_killed, Fair (Day), Edsa  fronting MCU Hospital Entrance Gate  Caloocan",MMDA Road Safety Unit,,e6cd3330-a270-4ac4-ad57-b0696e72d7f4,2012-10-18,00:30:00,EDSA A. De Jesus St. (WB) Caloocan,0,0,0,0,0,0,0,0,0,0,2012-10-18 8:30,Property,14.65727203,120.9871656,Angle Impact
None,EDSA,None,None,"No Accident Factor, Side Swipe, 0.0 drivers_injured, 0.0 drivers_killed, 0.0 passengers_injured, 0.0 passengers_killed, 0.0 pedestrian_injured, 0.0 pedestrian_killed, Fair (Night), Edsa Before A. De Jesus St. Caloocan",MMDA Road Safety Unit,,48d4d66a-3daf-407a-90d4-ec018c83fc04,2012-10-17,11:00:00,EDSA fronting Clover Inn Caloocan,0,0,0,0,0,0,0,0,0,0,2012-10-17 19:00,Property,14.65709944,120.990431,Side Swipe
None,EDSA,None,None,"No Accident Factor, Rear-end, 1.0 drivers_injured, 0.0 drivers_killed, 0.0 passengers_injured, 0.0 passengers_killed, 0.0 pedestrian_injured, 0.0 pedestrian_killed, Fair (Day), Edsa De Jesus Caloocan",MMDA Road Safety Unit,,a1589087-aa1a-44ea-8015-56aec2da253c,2012-10-17,07:00:00,EDSA fronting of Security bank (EB) Caloocan,0,0,0,1,0,0,0,0,0,1,2012-10-17 15:00,Injury,14.65713667,120.9882603,Rear-End
None,EDSA,None,None,"No Accident Factor, Side Swipe, 0.0 drivers_injured, 0.0 drivers_killed, 1.0 passengers_injured, 0.0 passengers_killed, 0.0 pedestrian_injured, 0.0 pedestrian_killed, Fair (Night), Edsa Gen. Malvar Caloocan",MMDA Road Safety Unit,,bd8dcecc-befd-4c43-9b87-e40c6b0adf99,2012-10-16,19:00:00,EDSA A. De Jesus St. Caloocan,0,0,0,0,1,0,0,0,0,1,2012-10-17 3:00,Injury,14.6573376,120.993091,Side Swipe
None,EDSA,None,None,"No Accident Factor, Rear-end, 0.0 drivers_injured, 0.0 drivers_killed, 0.0 passengers_injured, 0.0 passengers_killed, 0.0 pedestrian_injured, 0.0 pedestrian_killed, Fair (Day), Edsa Gen. Malvar Caloocan",MMDA Road Safety Unit,,2bf56d4a-e79b-4562-8078-1d4491acef63,2012-10-16,09:00:00,EDSA G. Malvar Caloocan,0,0,0,0,0,0,0,0,0,0,2012-10-16 17:00,Property,14.6573376,120.993091,Rear-End
None,EDSA,None,None,"No Accident Factor, Side Swipe, 0.0 drivers_injured, 0.0 drivers_killed, 0.0 passengers_injured, 0.0 passengers_killed, 0.0 pedestrian_injured, 0.0 pedestrian_killed, Fair (Day), Edsa G. Tinio  Caloocan",MMDA Road Safety Unit,,9001feb4-790d-4796-8ff9-354bb3a230aa,2012-10-14,01:30:00,EDSA B. Serrano St. (5th St.) Caloocan,0,0,0,0,0,0,0,0,0,0,2012-10-14 9:30,Property,14.65727025,120.9901674,Side Swipe
None,EDSA,None,None,"No Accident Factor, Rear-end, 0.0 drivers_injured, 0.0 drivers_killed, 0.0 passengers_injured, 0.0 passengers_killed, 0.0 pedestrian_injured, 0.0 pedestrian_killed, Fair (Day), Edsa Before A. De Jesus St. Caloocan",MMDA Road Safety Unit,,ab13400e-e512-4b90-9f2e-25df51f14b55,2012-10-13,07:30:00,EDSA across SSS Bldg. (EB) Caloocan,0,0,0,0,0,0,0,0,0,0,2012-10-13 15:30,Property,14.65709944,120.990431,Rear-End
None,EDSA,None,None,"No Accident Factor, Side Swipe, 0.0 drivers_injured, 0.0 drivers_killed, 0.0 passengers_injured, 0.0 passengers_killed, 0.0 pedestrian_injured, 0.0 pedestrian_killed, Fair (Night), Edsa  U-turn Slot, fronting UCPB Bank Caloocan",MMDA Road Safety Unit,,01d28eb6-73c2-421b-abb0-39fbd2beed9f,2012-10-09,16:40:00,EDSA Gen. Simon St. Caloocan,0,0,0,0,0,0,0,0,0,0,2012-10-10 0:40,Property,14.65715484,120.98979,Side Swipe
None,EDSA,None,None,"No Accident Factor, Side Swipe, 0.0 drivers_injured, 0.0 drivers_killed, 0.0 passengers_injured, 0.0 passengers_killed, 0.0 pedestrian_injured, 0.0 pedestrian_killed, Fair (Night), EDSA  Tirona Caloocan",MMDA Road Safety Unit,,e7c6b531-1ae1-4c3a-bee4-d108fb96e685,2012-10-06,13:50:00,EDSA A. De Jesus St. Caloocan,0,0,0,0,0,0,0,0,0,0,2012-10-06 21:50,Property,14.65744203,120.9970775,Side Swipe
None,EDSA,None,None,"No Accident Factor, Side Swipe, 0.0 drivers_injured, 0.0 drivers_killed, 0.0 passengers_injured, 0.0 passengers_killed, 0.0 pedestrian_injured, 0.0 pedestrian_killed, Rain (Night), EDSA  fronting Clover INN Hotel WB Caloocan",MMDA Road Safety Unit,,2a664e53-a226-4382-ad5b-486547bcd04d,2012-10-03,19:55:00,EDSA B. Serrano St. (EB) Caloocan,0,0,0,0,0,0,0,0,0,0,2012-10-04 3:55,Property,14.65746103,120.9974229,Side Swipe
None,EDSA,None,None,"No Accident Factor, Rear-end, 0.0 drivers_injured, 0.0 drivers_killed, 0.0 passengers_injured, 0.0 passengers_killed, 0.0 pedestrian_injured, 0.0 pedestrian_killed, Fair (Night), EDSA  before B. Serrano St. Caloocan",MMDA Road Safety Unit,,8bb004e4-fea9-447d-bea3-3dcb0959419b,2012-10-02,19:00:00,EDSA fronting Social Security System Caloocan,0,0,0,0,0,0,0,0,0,0,2012-10-03 3:00,Property,14.65709368,120.9882766,Rear-End
None,EDSA,None,None,"No Accident Factor, Rear-end, 0.0 drivers_injured, 0.0 drivers_killed, 0.0 passengers_injured, 0.0 passengers_killed, 0.0 pedestrian_injured, 0.0 pedestrian_killed, Rain (Day), EDSA  B. Serrano Caloocan",MMDA Road Safety Unit,,a5673c15-daff-431c-ad2b-c3b6087e1569,2012-10-02,03:30:00,EDSA A. De Jesus St. Caloocan,0,0,0,0,0,0,0,0,0,0,2012-10-02 11:30,Property,14.65706107,120.9882111,Rear-End
None,EDSA,None,None,"No Accident Factor, No Collision Stated (based on Police Blotter Book), 0.0 drivers_injured, 0.0 drivers_killed, 1.0 passengers_injured, 0.0 passengers_killed, 0.0 pedestrian_injured, 0.0 pedestrian_killed, Fair (Night), EDSA  Gen. Malvar Caloocan",MMDA Road Safety Unit,,e896c6c7-e144-4072-8f34-db978ff79ffe,2012-09-30,19:50:00,EDSA fronting Pag-ibig Caloocan,0,0,0,0,1,0,0,0,0,1,2012-10-01 3:50,Injury,14.65734092,120.993199,No Collision Stated
None,EDSA,None,None,"No Accident Factor, Rear-end, 0.0 drivers_injured, 0.0 drivers_killed, 0.0 passengers_injured, 0.0 passengers_killed, 0.0 pedestrian_injured, 0.0 pedestrian_killed, Fair (Day), EDSA Gen. Simon Caloocan",MMDA Road Safety Unit,,3557c073-fb95-4ce9-ad73-674f7eb10527,2012-09-30,09:00:00,EDSA Biglang Awa Caloocan,0,0,0,0,0,0,0,0,0,0,2012-09-30 17:00,Property,14.65727772,120.9854774,Rear-End
None,EDSA,None,None,"No Accident Factor, Side Swipe, 0.0 drivers_injured, 0.0 drivers_killed, 0.0 passengers_injured, 0.0 passengers_killed, 0.0 pedestrian_injured, 0.0 pedestrian_killed, Fair (Day), EDSA G. Simon St. Caloocan",MMDA Road Safety Unit,,945910e9-645b-4622-b802-ad0313a5c1a6,2012-09-30,04:15:00,EDSA Bonifacio Memorial Circle (WB) Caloocan,0,0,0,0,0,0,0,0,0,0,2012-09-30 12:15,Property,14.6572936,120.9854608,Side Swipe
None,EDSA,None,None,"No Accident Factor, Angle Impact, 0.0 drivers_injured, 0.0 drivers_killed, 0.0 passengers_injured, 0.0 passengers_killed, 0.0 pedestrian_injured, 0.0 pedestrian_killed, Fair (Night), EDSA Gen.Malvar St. Caloocan",MMDA Road Safety Unit,,0eb32185-c94f-49a2-8981-00196a6a620e,2012-09-29,15:35:00,EDSA fronting MCU Hospital (WB) Caloocan,0,0,0,0,0,0,0,0,0,0,2012-09-29 23:35,Property,14.65735488,120.9932648,Angle Impact
None,EDSA,None,None,"No Accident Factor, Side Swipe, 0.0 drivers_injured, 0.0 drivers_killed, 0.0 passengers_injured, 0.0 passengers_killed, 0.0 pedestrian_injured, 0.0 pedestrian_killed, Fair (Day), EDSA Fronting Pag Ibig Fund Caloocan",MMDA Road Safety Unit,,1390e86a-50ee-4736-8d14-eb539e070661,2012-09-29,07:00:00,EDSA De Jesus St. Caloocan,0,0,0,0,0,0,0,0,0,0,2012-09-29 15:00,Property,14.65739117,120.9968447,Side Swipe
None,EDSA,None,None,"No Accident Factor, Side Swipe, 0.0 drivers_injured, 0.0 drivers_killed, 0.0 passengers_injured, 0.0 passengers_killed, 0.0 pedestrian_injured, 0.0 pedestrian_killed, Fair (Day), EDSA After Balintawak Bridge Caloocan",MMDA Road Safety Unit,,8ffac458-2676-4e12-a65d-fb118a05fec9,2012-09-25,23:10:00,EDSA fronting BIR Caloocan,0,0,0,0,0,0,0,0,0,0,2012-09-26 7:10,Property,14.65766205,121.0152598,Side Swipe
None,EDSA,None,None,"No Accident Factor, Side Swipe, 0.0 drivers_injured, 0.0 drivers_killed, 0.0 passengers_injured, 0.0 passengers_killed, 0.0 pedestrian_injured, 0.0 pedestrian_killed, Fair (Night), EDSA A. De Jesus St. Caloocan",MMDA Road Safety Unit,,13d0e3a6-5e80-4ad6-aaf6-a9a09793e05b,2012-09-23,21:30:00,EDSA Morning Breeze Caloocan,0,0,0,0,0,0,0,0,0,0,2012-09-24 5:30,Property,14.65712835,120.990432,Side Swipe
None,EDSA,None,None,"No Accident Factor, Rear-end, 0.0 drivers_injured, 0.0 drivers_killed, 2.0 passengers_injured, 1.0 passengers_killed, 0.0 pedestrian_injured, 0.0 pedestrian_killed, Rain (Day), EDSA A. De Jesus St. Caloocan",MMDA Road Safety Unit,,d2fde37d-3903-44a5-9d1e-d5a974966839,2012-09-22,22:00:00,EDSA A. De Jesus St. Caloocan,0,1,0,0,2,0,0,0,1,2,2012-09-23 6:00,Fatal,14.65712835,120.990432,Rear-End
None,EDSA,None,None,"No Accident Factor, Side Swipe, 0.0 drivers_injured, 0.0 drivers_killed, 0.0 passengers_injured, 0.0 passengers_killed, 0.0 pedestrian_injured, 0.0 pedestrian_killed, Rain (Night), EDSA Tinio St. Caloocan",MMDA Road Safety Unit,,b54892e8-e591-47dc-a0d1-b9b3dbbfed49,2012-09-22,12:10:00,EDSA Biglang Awa Caloocan,0,0,0,0,0,0,0,0,0,0,2012-09-22 20:10,Property,14.65730215,120.9901507,Side Swipe
None,EDSA,None,None,"No Accident Factor, Hit and Run (Side Swipe), 1.0 drivers_injured, 0.0 drivers_killed, 0.0 passengers_injured, 0.0 passengers_killed, 0.0 pedestrian_injured, 0.0 pedestrian_killed, Fair (Night), EDSA A. De Jesus  Caloocan",MMDA Road Safety Unit,,cf89a79d-44e2-4812-9ee4-95582e90c06d,2012-09-16,15:40:00,EDSA BMC Caloocan,0,0,0,1,0,0,0,0,0,1,2012-09-16 23:40,Injury,14.6570482,120.9904511,Side Swipe
None,EDSA,None,None,"No Accident Factor, Rear-end, 0.0 drivers_injured, 0.0 drivers_killed, 0.0 passengers_injured, 0.0 passengers_killed, 0.0 pedestrian_injured, 0.0 pedestrian_killed, Fair (Day), EDSA B.Serrano Caloocan",MMDA Road Safety Unit,,e6fcbfdb-867d-4392-b170-9c2c71075baf,2012-09-15,02:00:00,EDSA SSS   Caloocan,0,0,0,0,0,0,0,0,0,0,2012-09-15 10:00,Property,14.65712586,120.9882927,Rear-End
None,EDSA,None,None,"No Accident Factor, Side Swipe, 0.0 drivers_injured, 0.0 drivers_killed, 0.0 passengers_injured, 0.0 passengers_killed, 0.0 pedestrian_injured, 0.0 pedestrian_killed, Fair (Night), EDSA Gen. Malvar Caloocan",MMDA Road Safety Unit,,d4f66bb2-28b7-4f02-a7cb-34e6dc27a41f,2012-09-14,21:50:00,EDSA fronting Bank of Makati (EB) Caloocan,0,0,0,0,0,0,0,0,0,0,2012-09-15 5:50,Property,14.6573376,120.993091,Side Swipe
None,EDSA,None,None,"No Accident Factor, Head-on, 0.0 drivers_injured, 0.0 drivers_killed, 0.0 passengers_injured, 0.0 passengers_killed, 0.0 pedestrian_injured, 0.0 pedestrian_killed, Fair (Night), EDSA B.Serrano Caloocan",MMDA Road Safety Unit,,a9d09972-2932-49f8-a583-22d204cc0e39,2012-09-14,17:00:00,EDSA fronting Mits Motors (WB) Caloocan,0,0,0,0,0,0,0,0,0,0,2012-09-15 1:00,Property,14.65712586,120.9882927,Head-On
None,EDSA,None,None,"No Accident Factor, Side Swipe, 0.0 drivers_injured, 0.0 drivers_killed, 0.0 passengers_injured, 0.0 passengers_killed, 0.0 pedestrian_injured, 0.0 pedestrian_killed, Fair (Night), EDSA Gen. Malvar St.(WB) Caloocan",MMDA Road Safety Unit,,e58aba87-b411-45ed-a996-0096a85afcae,2012-09-14,15:30:00,EDSA A. De Jesus St. (EB) Caloocan,0,0,0,0,0,0,0,0,0,0,2012-09-14 23:30,Property,14.6573376,120.993091,Side Swipe
None,EDSA,None,None,"No Accident Factor, Angle Impact, 0.0 drivers_injured, 0.0 drivers_killed, 0.0 passengers_injured, 0.0 passengers_killed, 0.0 pedestrian_injured, 0.0 pedestrian_killed, Fair (Night), EDSA A. De Jesus  Caloocan",MMDA Road Safety Unit,,1b0f94e2-6d27-4aa4-a845-e64f5bf24a72,2012-09-12,11:00:00,EDSA Gen. Tinio St. (WB) Caloocan,0,0,0,0,0,0,0,0,0,0,2012-09-12 19:00,Property,14.6570482,120.9904511,Angle Impact
None,EDSA,None,None,"No Accident Factor, Hit Parked Vehicle, 0.0 drivers_injured, 0.0 drivers_killed, 0.0 passengers_injured, 0.0 passengers_killed, 0.0 pedestrian_injured, 0.0 pedestrian_killed, Fair (Night), EDSA Tirona Caloocan",MMDA Road Safety Unit,,59090e94-1aea-417d-8963-68d6a591e843,2012-09-11,19:00:00,EDSA Malvar St. Caloocan,0,0,0,0,0,0,0,0,0,0,2012-09-12 3:00,Property,14.65741027,120.9971107,Hit Object
None,EDSA,None,None,"No Accident Factor, Hit Parked Vehicle, 0.0 drivers_injured, 0.0 drivers_killed, 0.0 passengers_injured, 0.0 passengers_killed, 0.0 pedestrian_injured, 0.0 pedestrian_killed, Fair (Night), EDSA Biglang Awa Caloocan",MMDA Road Safety Unit,,4cb6136e-88db-4417-bc9e-656680d73f24,2012-09-06,20:30:00,EDSA fronting Sogo Hotel Caloocan,0,0,0,0,0,0,0,0,0,0,2012-09-07 4:30,Property,14.65719007,120.9944415,Hit Object
None,EDSA,None,None,"No Accident Factor, Side Swipe, 0.0 drivers_injured, 0.0 drivers_killed, 0.0 passengers_injured, 0.0 passengers_killed, 0.0 pedestrian_injured, 0.0 pedestrian_killed, Fair (Day), EDSA between B. Serrrano & A. De Jesus Caloocan",MMDA Road Safety Unit,,94237c60-9bd6-48c3-9751-bcb2216f8e32,2012-09-05,22:30:00,EDSA Gen. Malvar Caloocan,0,0,0,0,0,0,0,0,0,0,2012-09-06 6:30,Property,14.65712753,120.9893844,Side Swipe
None,EDSA,None,None,"No Accident Factor, Rear-end, 0.0 drivers_injured, 0.0 drivers_killed, 0.0 passengers_injured, 0.0 passengers_killed, 0.0 pedestrian_injured, 0.0 pedestrian_killed, Fair (Day), EDSA Gen.Malvar Caloocan",MMDA Road Safety Unit,,28d70724-ad54-4230-afdf-cf724ed4749b,2012-09-05,02:25:00,EDSA fronting Max's Restaurant Caloocan,0,0,0,0,0,0,0,0,0,0,2012-09-05 10:25,Property,14.65735488,120.9932648,Rear-End
None,EDSA,None,None,"No Accident Factor, Angle Impact, 0.0 drivers_injured, 0.0 drivers_killed, 0.0 passengers_injured, 0.0 passengers_killed, 0.0 pedestrian_injured, 0.0 pedestrian_killed, Fair (Day), EDSA Gen.Malvar  Caloocan",MMDA Road Safety Unit,,9ea736d8-a6e7-4609-949a-c84dafb3c27c,2012-09-03,04:10:00,"EDSA fronting SSS, U-Turn Slot (WB) Caloocan",0,0,0,0,0,0,0,0,0,0,2012-09-03 12:10,Property,14.65735488,120.9932648,Angle Impact
None,EDSA,None,None,"No Accident Factor, Rear-end, 0.0 drivers_injured, 0.0 drivers_killed, 0.0 passengers_injured, 0.0 passengers_killed, 0.0 pedestrian_injured, 0.0 pedestrian_killed, Fair (Day), EDSA Biglang-awa Caloocan",MMDA Road Safety Unit,,3901569d-cee0-487f-ace3-a58fada69f74,2012-09-02,22:30:00,EDSA fronting Mitsubishi Motors Caloocan,0,0,0,0,0,0,0,0,0,0,2012-09-03 6:30,Property,14.65719007,120.9944415,Rear-End
None,EDSA,None,None,"No Accident Factor, Side Swipe, 0.0 drivers_injured, 0.0 drivers_killed, 0.0 passengers_injured, 0.0 passengers_killed, 0.0 pedestrian_injured, 0.0 pedestrian_killed, Fair (Day), EDSA fronting SSS uturn slot W/B Caloocan",MMDA Road Safety Unit,,ad67918f-88db-4add-b354-69b59255b653,2012-09-01,08:00:00,EDSA Gen. Concepcion St. Caloocan,0,0,0,0,0,0,0,0,0,0,2012-09-01 16:00,Property,14.65739195,120.9931284,Side Swipe
None,EDSA,None,None,"No Accident Factor, Side Swipe, 1.0 drivers_injured, 0.0 drivers_killed, 1.0 passengers_injured, 0.0 passengers_killed, 0.0 pedestrian_injured, 0.0 pedestrian_killed, Fair (Night), EDSA Gen.Malvar  Caloocan",MMDA Road Safety Unit,,24a0f9bf-878a-4e28-8b14-ff7aa3df871e,2012-08-30,13:20:00,EDSA fronting 711 Convenience Store Caloocan,0,0,0,1,1,0,0,0,0,2,2012-08-30 21:20,Injury,14.65735488,120.9932648,Side Swipe
None,EDSA,None,None,"No Accident Factor, Side Swipe, 1.0 drivers_injured, 0.0 drivers_killed, 0.0 passengers_injured, 0.0 passengers_killed, 0.0 pedestrian_injured, 0.0 pedestrian_killed, Fair (Day), EDSA Gen.Concepcion Caloocan",MMDA Road Safety Unit,,cc1e906d-0f66-4ba8-9b5d-1e32c71c2422,2012-08-23,09:40:00,EDSA Gen. Malvar Caloocan,0,0,0,1,0,0,0,0,0,1,2012-08-23 17:40,Injury,14.6573762,120.9875993,Side Swipe
None,EDSA,None,None,"No Accident Factor, Rear-end, 0.0 drivers_injured, 0.0 drivers_killed, 0.0 passengers_injured, 0.0 passengers_killed, 0.0 pedestrian_injured, 0.0 pedestrian_killed, Fair (Day), EDSA fronting BIR Caloocan",MMDA Road Safety Unit,,643ab008-1e02-490e-9e8e-cffb5ce916e7,2012-08-23,05:00:00,EDSA fronting Caltex Gas Station Caloocan,0,0,0,0,0,0,0,0,0,0,2012-08-23 13:00,Property,14.65732798,120.9912859,Rear-End
None,EDSA,None,None,"No Accident Factor, Rear-end, 0.0 drivers_injured, 0.0 drivers_killed, 5.0 passengers_injured, 0.0 passengers_killed, 0.0 pedestrian_injured, 0.0 pedestrian_killed, Fair (Day), EDSA Gen.Malvar  Caloocan",MMDA Road Safety Unit,,9920334d-1fd8-42fd-aea0-5f8ca59763d6,2012-08-17,06:00:00,EDSA between Ponce & Arelano St. Caloocan,0,0,0,0,5,0,0,0,0,5,2012-08-17 14:00,Injury,14.65735488,120.9932648,Rear-End
None,EDSA,None,None,"No Accident Factor, Rear-end, 0.0 drivers_injured, 0.0 drivers_killed, 0.0 passengers_injured, 0.0 passengers_killed, 0.0 pedestrian_injured, 0.0 pedestrian_killed, Fair (Night), EDSA Gen.Tinio Caloocan",MMDA Road Safety Unit,,9c26d6d0-6a98-4751-8970-c55c03e354ce,2012-08-15,18:30:00,EDSA B. Serrano St. (5th St.) Caloocan,0,0,0,0,0,0,0,0,0,0,2012-08-16 2:30,Property,14.65733461,120.9901998,Rear-End
None,EDSA,None,None,"No Accident Factor, Side Swipe, 0.0 drivers_injured, 0.0 drivers_killed, 0.0 passengers_injured, 0.0 passengers_killed, 0.0 pedestrian_injured, 0.0 pedestrian_killed, Rain (Day), EDSA B. Serrano St. Caloocan",MMDA Road Safety Unit,,a5ca49fd-e4bf-424a-bb41-60d679649a7c,2012-08-14,00:30:00,EDSA B. Serrano St. (5th St.) Caloocan,0,0,0,0,0,0,0,0,0,0,2012-08-14 8:30,Property,14.65712586,120.9882927,Side Swipe