LOCATION_TEXT,ROAD,WEATHER,LIGHT,DESC,REPORTING_AGENCY,MAIN_CAUSE,INCIDENTDETAILS_ID,DATE_UTC,TIME_UTC,ADDRESS,killed_driver,killed_passenger,killed_pedestrian,injured_driver,injured_passenger,injured_pedestrian,killed_uncategorized,injured_uncategorized,killed_total,injured_total,DATETIME_PST,SEVERITY,Y,X,COLLISION_TYPE
None,EDSA,None,None,"No Accident Factor, Angle Impact, 0.0 drivers_injured, 0.0 drivers_killed, 0.0 passengers_injured, 0.0 passengers_killed, 0.0 pedestrian_injured, 0.0 pedestrian_killed, Rain (Night), EDSA A. De Jesus Caloocan",MMDA Road Safety Unit,,ff079440-4aa1-4561-a789-a0c736030f23,2012-08-07,14:15:00,"EDSA G. Tinio, U-Turn Slot Caloocan",0,0,0,0,0,0,0,0,0,0,2012-08-07 22:15,Property,14.65712806,120.9903991,Angle Impact
None,EDSA,None,None,"No Accident Factor, Side Swipe, 0.0 drivers_injured, 0.0 drivers_killed, 0.0 passengers_injured, 0.0 passengers_killed, 0.0 pedestrian_injured, 0.0 pedestrian_killed, Rain (Night), EDSA fronting MCU-FDTMF Hospital Caloocan",MMDA Road Safety Unit,,31a38e68-f0b5-4ddf-b50a-5a4db4bef855,2012-08-06,13:25:00,EDSA Bonifacio Memorial Circle Caloocan,0,0,0,0,0,0,0,0,0,0,2012-08-06 21:25,Property,14.65728485,120.9863001,Side Swipe
None,EDSA,None,None,"No Accident Factor, Side Swipe, 0.0 drivers_injured, 0.0 drivers_killed, 0.0 passengers_injured, 0.0 passengers_killed, 0.0 pedestrian_injured, 0.0 pedestrian_killed, Rain (Day), EDSA B. Serrano St. (5th St.) Caloocan",MMDA Road Safety Unit,,09fcb430-3c90-4186-b23f-c432a4662263,2012-08-06,04:30:00,EDSA Tandang Sora Caloocan,0,0,0,0,0,0,0,0,0,0,2012-08-06 12:30,Property,14.65712586,120.9882927,Side Swipe
None,EDSA,None,None,"No Accident Factor, Angle Impact, 0.0 drivers_injured, 0.0 drivers_killed, 0.0 passengers_injured, 0.0 passengers_killed, 0.0 pedestrian_injured, 0.0 pedestrian_killed, Rain (Night), EDSA at ""U"" turn slot, J. De Jesus Caloocan",MMDA Road Safety Unit,,68969eda-ac79-43a9-b6bc-857391379321,2012-08-04,21:15:00,EDSA Bonifacio Memorial Circle Caloocan,0,0,0,0,0,0,0,0,0,0,2012-08-05 5:15,Property,14.65716053,120.9904482,Angle Impact
None,EDSA,None,None,"No Accident Factor, Side Swipe, 0.0 drivers_injured, 0.0 drivers_killed, 0.0 passengers_injured, 0.0 passengers_killed, 0.0 pedestrian_injured, 0.0 pedestrian_killed, Rain (Day), EDSA fronting Mercury Drugstore, before Bonifacio Memorial Circle Caloocan",MMDA Road Safety Unit,,d88ebb33-cea1-4472-b4b3-70eddd084c8d,2012-08-04,08:00:00,EDSA Asuncion St. Caloocan,0,0,0,0,0,0,0,0,0,0,2012-08-04 16:00,Property,14.65707483,120.9846368,Side Swipe
None,EDSA,None,None,"No Accident Factor, Rear-end, 0.0 drivers_injured, 0.0 drivers_killed, 3.0 passengers_injured, 0.0 passengers_killed, 0.0 pedestrian_injured, 0.0 pedestrian_killed, Fair (Day), EDSA Gen. Tinio St. Caloocan",MMDA Road Safety Unit,,115d032e-fe4d-40f7-9001-4579801e9682,2012-07-30,22:30:00,EDSA A. De Jesus St. Caloocan,0,0,0,0,3,0,0,0,0,3,2012-07-31 6:30,Injury,14.65727124,120.9902826,Rear-End
None,EDSA,None,None,"No Accident Factor, Rear-end, 0.0 drivers_injured, 0.0 drivers_killed, 0.0 passengers_injured, 0.0 passengers_killed, 0.0 pedestrian_injured, 0.0 pedestrian_killed, Rain (Day), EDSA Gen. Malvar St. Caloocan",MMDA Road Safety Unit,,1576b3e6-a0e1-4de6-bc42-6f957fbc17c4,2012-07-29,00:30:00,EDSA B. Serrano St. (5th St.) Caloocan,0,0,0,0,0,0,0,0,0,0,2012-07-29 8:30,Property,14.6573376,120.993091,Rear-End
None,EDSA,None,None,"No Accident Factor, Side Swipe, 0.0 drivers_injured, 0.0 drivers_killed, 0.0 passengers_injured, 0.0 passengers_killed, 0.0 pedestrian_injured, 0.0 pedestrian_killed, Fair (Day), EDSA fronting SSS Caloocan",MMDA Road Safety Unit,,09a7c685-1e4e-48c1-821b-049283e48fca,2012-07-27,05:00:00,EDSA MCU Caloocan,0,0,0,0,0,0,0,0,0,0,2012-07-27 13:00,Property,14.65739195,120.9931284,Side Swipe
None,EDSA,None,None,"No Accident Factor, Side Swipe, 0.0 drivers_injured, 0.0 drivers_killed, 0.0 passengers_injured, 0.0 passengers_killed, 0.0 pedestrian_injured, 0.0 pedestrian_killed, Fair (Night), EDSA De Jesus St. Caloocan",MMDA Road Safety Unit,,100a5c75-4ceb-464e-8216-b61e2c72667a,2012-07-22,13:30:00,EDSA A. De Jesus St. Caloocan,0,0,0,0,0,0,0,0,0,0,2012-07-22 21:30,Property,14.65713667,120.9882603,Side Swipe
None,EDSA,None,None,"No Accident Factor, Rear-end, 0.0 drivers_injured, 0.0 drivers_killed, 0.0 passengers_injured, 0.0 passengers_killed, 0.0 pedestrian_injured, 0.0 pedestrian_killed, Fair (Day), EDSA at ""U"" turn slot, Gen. Malvar St. Caloocan",MMDA Road Safety Unit,,b689b6af-8def-4032-8380-9641491adc7c,2012-07-14,03:50:00,EDSA A. De Jesus St. Caloocan,0,0,0,0,0,0,0,0,0,0,2012-07-14 11:50,Property,14.65717528,120.9931219,Rear-End
None,EDSA,None,None,"No Accident Factor, Rear-end, 0.0 drivers_injured, 0.0 drivers_killed, 0.0 passengers_injured, 0.0 passengers_killed, 0.0 pedestrian_injured, 0.0 pedestrian_killed, Fair (Day), EDSA Gen. Malvar St. Caloocan",MMDA Road Safety Unit,,d0b62fcb-ef5a-4ebb-9261-51f7369a8ea8,2012-07-12,02:30:00,EDSA Gen. Malvar St. Caloocan,0,0,0,0,0,0,0,0,0,0,2012-07-12 10:30,Property,14.6573376,120.993091,Rear-End
None,EDSA,None,None,"No Accident Factor, No Collision Stated (based on Police Blotter Book), 0.0 drivers_injured, 0.0 drivers_killed, 0.0 passengers_injured, 0.0 passengers_killed, 0.0 pedestrian_injured, 0.0 pedestrian_killed, Fair (Night), EDSA A. De Jesus St. Caloocan",MMDA Road Safety Unit,,7873870a-cd6f-4c10-bb36-c7a7069a26ef,2012-07-10,21:30:00,EDSA D. Arellano St. Caloocan,0,0,0,0,0,0,0,0,0,0,2012-07-11 5:30,Property,14.65712835,120.990432,No Collision Stated
None,EDSA,None,None,"No Accident Factor, Rear-end, 0.0 drivers_injured, 0.0 drivers_killed, 0.0 passengers_injured, 0.0 passengers_killed, 0.0 pedestrian_injured, 0.0 pedestrian_killed, Fair (Night), EDSA Biglang Awa Caloocan",MMDA Road Safety Unit,,b5a086c2-eead-4f38-88e5-ef5cccbb1d4c,2012-07-06,20:45:00,"EDSA Gen. Malvar St., Bagong Baryo Caloocan",0,0,0,0,0,0,0,0,0,0,2012-07-07 4:45,Property,14.65719007,120.9944415,Rear-End
None,EDSA,None,None,"No Accident Factor, Side Swipe, 0.0 drivers_injured, 0.0 drivers_killed, 0.0 passengers_injured, 0.0 passengers_killed, 0.0 pedestrian_injured, 0.0 pedestrian_killed, Rain (Night), EDSA Tirona Caloocan",MMDA Road Safety Unit,,51508b5b-44d3-469f-b03d-5122f919f20d,2012-07-03,21:00:00,EDSA A. De Jesus St. Caloocan,0,0,0,0,0,0,0,0,0,0,2012-07-04 5:00,Property,14.65741027,120.9971107,Side Swipe
None,EDSA,None,None,"No Accident Factor, Side Swipe, 0.0 drivers_injured, 0.0 drivers_killed, 0.0 passengers_injured, 0.0 passengers_killed, 0.0 pedestrian_injured, 0.0 pedestrian_killed, Fair (Night), EDSA fronting MCU-FDTMF Hospital Caloocan",MMDA Road Safety Unit,,094c7410-069b-445c-9013-17df8ef11b29,2012-06-30,14:00:00,EDSA fronting Pag-ibig Bldg. Caloocan,0,0,0,0,0,0,0,0,0,0,2012-06-30 22:00,Property,14.65728485,120.9863001,Side Swipe
None,EDSA,None,None,"No Accident Factor, Rear-end, 0.0 drivers_injured, 0.0 drivers_killed, 0.0 passengers_injured, 0.0 passengers_killed, 0.0 pedestrian_injured, 0.0 pedestrian_killed, Fair (Night), EDSA E. De Jesus Caloocan",MMDA Road Safety Unit,,b8228cfe-1d5b-4e5d-a3fd-027ba2b0a792,2012-06-30,11:00:00,EDSA fronting Toyota    Caloocan,0,0,0,0,0,0,0,0,0,0,2012-06-30 19:00,Property,14.65715577,120.9904693,Rear-End
None,EDSA,None,None,"No Accident Factor, Side Swipe, 0.0 drivers_injured, 0.0 drivers_killed, 0.0 passengers_injured, 0.0 passengers_killed, 0.0 pedestrian_injured, 0.0 pedestrian_killed, Fair (Night), EDSA fronting MCU-FDTMF Hospital, before Footbridge Caloocan",MMDA Road Safety Unit,,ce2b0f4f-de38-4300-a9f7-75661718d840,2012-06-29,11:00:00,EDSA Tandang Sora St. Caloocan,0,0,0,0,0,0,0,0,0,0,2012-06-29 19:00,Property,14.65728485,120.9863001,Side Swipe
None,EDSA,None,None,"No Accident Factor, Side Swipe, 0.0 drivers_injured, 0.0 drivers_killed, 0.0 passengers_injured, 0.0 passengers_killed, 0.0 pedestrian_injured, 0.0 pedestrian_killed, Fair (Day), EDSA Gen. Malvar St. Caloocan",MMDA Road Safety Unit,,8786d20d-64ff-468a-b56e-e4d422eabdb1,2012-06-29,06:45:00,EDSA Gen. Tinio St. Caloocan,0,0,0,0,0,0,0,0,0,0,2012-06-29 14:45,Property,14.6573376,120.993091,Side Swipe
None,EDSA,None,None,"No Accident Factor, Rear-end, 1.0 drivers_injured, 0.0 drivers_killed, 0.0 passengers_injured, 0.0 passengers_killed, 0.0 pedestrian_injured, 0.0 pedestrian_killed, Fair (Night), EDSA at ""U"" turn slot, Gen. Tinio St. Caloocan",MMDA Road Safety Unit,,2bcb3f01-c733-4805-90e4-42605af5f12b,2012-06-28,15:15:00,EDSA De Jesus St. Caloocan,0,0,0,1,0,0,0,0,0,1,2012-06-28 23:15,Injury,14.65720924,120.9904103,Rear-End
None,EDSA,None,None,"No Accident Factor, Side Swipe, 0.0 drivers_injured, 0.0 drivers_killed, 0.0 passengers_injured, 0.0 passengers_killed, 0.0 pedestrian_injured, 0.0 pedestrian_killed, Fair (Day), EDSA Morning Breeze Caloocan",MMDA Road Safety Unit,,15d6a848-3c91-4fdf-8702-3651bd04de6c,2012-06-25,05:50:00,EDSA A. De Jesus St. Caloocan,0,0,0,0,0,0,0,0,0,0,2012-06-25 13:50,Property,14.65729944,120.9880998,Side Swipe
None,EDSA,None,None,"No Accident Factor, Side Swipe, 0.0 drivers_injured, 0.0 drivers_killed, 0.0 passengers_injured, 0.0 passengers_killed, 0.0 pedestrian_injured, 0.0 pedestrian_killed, Fair (Day), EDSA B. Serrano St. Caloocan",MMDA Road Safety Unit,,a31db75e-dc31-43e8-923e-763bdfb70a81,2012-06-24,23:30:00,EDSA fronting SSS Caloocan,0,0,0,0,0,0,0,0,0,0,2012-06-25 7:30,Property,14.65712586,120.9882927,Side Swipe
None,EDSA,None,None,"No Accident Factor, No Collision Stated (based on Police Blotter Book), 0.0 drivers_injured, 0.0 drivers_killed, 0.0 passengers_injured, 0.0 passengers_killed, 0.0 pedestrian_injured, 0.0 pedestrian_killed, Fair (Night), EDSA A. De Jesus St. Caloocan",MMDA Road Safety Unit,,de45bbc6-ed7d-4a70-828c-4538859beb08,2012-06-22,14:00:00,EDSA fronting Pag-ibig Fund Caloocan,0,0,0,0,0,0,0,0,0,0,2012-06-22 22:00,Property,14.65712835,120.990432,No Collision Stated
None,EDSA,None,None,"No Accident Factor, No Collision Stated (based on Police Blotter Book), 0.0 drivers_injured, 0.0 drivers_killed, 0.0 passengers_injured, 0.0 passengers_killed, 0.0 pedestrian_injured, 0.0 pedestrian_killed, Fair (Night), EDSA B. Serrano St. Caloocan",MMDA Road Safety Unit,,99e8d6e0-3fbc-49a7-8c62-e60575d7fe92,2012-06-22,12:30:00,EDSA fronting 711 Convenience Store Caloocan,0,0,0,0,0,0,0,0,0,0,2012-06-22 20:30,Property,14.65712586,120.9882927,No Collision Stated
None,EDSA,None,None,"No Accident Factor, Angle Impact, 0.0 drivers_injured, 0.0 drivers_killed, 0.0 passengers_injured, 0.0 passengers_killed, 0.0 pedestrian_injured, 0.0 pedestrian_killed, Fair (Day), EDSA B. Serrano St. Caloocan",MMDA Road Safety Unit,,2cf65f18-2caf-42ca-a01d-a8c5bb11bf97,2012-06-20,02:45:00,EDSA A. De Jesus St. Caloocan,0,0,0,0,0,0,0,0,0,0,2012-06-20 10:45,Property,14.65712586,120.9882927,Angle Impact
None,EDSA,None,None,"No Accident Factor, Side Swipe, 0.0 drivers_injured, 0.0 drivers_killed, 0.0 passengers_injured, 0.0 passengers_killed, 0.0 pedestrian_injured, 0.0 pedestrian_killed, Fair (Night), EDSA Gen. Malvar St. Caloocan",MMDA Road Safety Unit,,fff2090b-ff91-4621-9cee-0178e86ba258,2012-06-16,11:00:00,EDSA Biglang-Awa St. Caloocan,0,0,0,0,0,0,0,0,0,0,2012-06-16 19:00,Property,14.6573376,120.993091,Side Swipe
None,EDSA,None,None,"No Accident Factor, Other, 0.0 drivers_injured, 0.0 drivers_killed, 1.0 passengers_injured, 0.0 passengers_killed, 0.0 pedestrian_injured, 0.0 pedestrian_killed, Fair (Night), EDSA Gen. Simon St. Caloocan",MMDA Road Safety Unit,,6a2957d6-35d1-4862-af5b-d92ac65c5928,2012-06-15,10:00:00,EDSA A. De Jesus St. Caloocan,0,0,0,0,1,0,0,0,0,1,2012-06-15 18:00,Injury,14.65727772,120.9854774,No Collision Stated
None,EDSA,None,None,"No Accident Factor, Angle Impact, 0.0 drivers_injured, 0.0 drivers_killed, 0.0 passengers_injured, 0.0 passengers_killed, 0.0 pedestrian_injured, 0.0 pedestrian_killed, Fair (Day), EDSA A. De Jesus St. Caloocan",MMDA Road Safety Unit,,34fe0c79-a2db-4d9e-bec3-43415e873ab4,2012-06-14,07:10:00,EDSA Biglang-Awa St. Caloocan,0,0,0,0,0,0,0,0,0,0,2012-06-14 15:10,Property,14.65712835,120.990432,Angle Impact
None,EDSA,None,None,"No Accident Factor, Side Swipe, 0.0 drivers_injured, 0.0 drivers_killed, 0.0 passengers_injured, 0.0 passengers_killed, 0.0 pedestrian_injured, 0.0 pedestrian_killed, Fair (Day), EDSA Gen. Malvar St. Caloocan",MMDA Road Safety Unit,,2d2c1c20-10ab-4598-bd00-9f747250f446,2012-06-10,22:40:00,EDSA A. De Jesus St. Caloocan,0,0,0,0,0,0,0,0,0,0,2012-06-11 6:40,Property,14.6573376,120.993091,Side Swipe
None,EDSA,None,None,"No Accident Factor, Side Swipe, 0.0 drivers_injured, 0.0 drivers_killed, 0.0 passengers_injured, 0.0 passengers_killed, 0.0 pedestrian_injured, 0.0 pedestrian_killed, Fair (Day), EDSA Fronting MCU Hospital Caloocan",MMDA Road Safety Unit,,357202e7-02c2-4187-ba79-f6c7bdcc16f2,2012-06-10,06:15:00,EDSA fronting MCU-FDTMF Hospital Caloocan,0,0,0,0,0,0,0,0,0,0,2012-06-10 14:15,Property,14.65728485,120.9863001,Side Swipe
None,EDSA,None,None,"No Accident Factor, Side Swipe, 0.0 drivers_injured, 0.0 drivers_killed, 0.0 passengers_injured, 0.0 passengers_killed, 0.0 pedestrian_injured, 0.0 pedestrian_killed, Fair (Day), EDSA Gen. Malvar St. Caloocan",MMDA Road Safety Unit,,7b16b679-d5d3-4a0b-aa22-719d3364b2be,2012-06-07,23:30:00,EDSa Gen. Tinio St. (underneath of footbridge) Caloocan,0,0,0,0,0,0,0,0,0,0,2012-06-08 7:30,Property,14.6573376,120.993091,Side Swipe
None,EDSA,None,None,"No Accident Factor, Angle Impact, 0.0 drivers_injured, 0.0 drivers_killed, 0.0 passengers_injured, 0.0 passengers_killed, 0.0 pedestrian_injured, 0.0 pedestrian_killed, Fair (Day), EDSA Gen. Concepcion St. (W/B) Caloocan",MMDA Road Safety Unit,,c8c2b79c-fe13-4c83-a9a2-cd7de939ec88,2012-06-05,08:40:00,EDSA B. Serrano St. (5th St.) Caloocan,0,0,0,0,0,0,0,0,0,0,2012-06-05 16:40,Property,14.65732528,120.9909733,Angle Impact
None,EDSA,None,None,"No Accident Factor, Angle Impact, 0.0 drivers_injured, 0.0 drivers_killed, 0.0 passengers_injured, 0.0 passengers_killed, 0.0 pedestrian_injured, 0.0 pedestrian_killed, Fair (Day), EDSA Gen. Malvar St. Caloocan",MMDA Road Safety Unit,,acff167a-3a10-43cc-85fc-21ebaa3593e8,2012-06-05,00:00:00,"EDSA Toyota, Balintawak Caloocan",0,0,0,0,0,0,0,0,0,0,2012-06-05 8:00,Property,14.6573376,120.993091,Angle Impact
None,EDSA,None,None,"No Accident Factor, Rear-end, 0.0 drivers_injured, 0.0 drivers_killed, 0.0 passengers_injured, 0.0 passengers_killed, 0.0 pedestrian_injured, 0.0 pedestrian_killed, Fair (Night), EDSA Asuncion St. (W/B) Caloocan",MMDA Road Safety Unit,,bc104478-a479-45e8-87ba-3e23885ca07e,2012-06-01,16:30:00,EDSA A. De Jesus St. Caloocan,0,0,0,0,0,0,0,0,0,0,2012-06-02 0:30,Property,14.65727118,120.9876199,Rear-End
None,EDSA,None,None,"No Accident Factor, Side Swipe, 0.0 drivers_injured, 0.0 drivers_killed, 0.0 passengers_injured, 0.0 passengers_killed, 0.0 pedestrian_injured, 0.0 pedestrian_killed, Fair (Day), EDSA A. De Jesus  St. Caloocan",MMDA Road Safety Unit,,bf5c7705-1a4e-45d0-9a96-41e70bfd2505,2012-05-28,22:40:00,EDSA Simon St. Caloocan,0,0,0,0,0,0,0,0,0,0,2012-05-29 6:40,Property,14.6570482,120.9904511,Side Swipe
None,EDSA,None,None,"No Accident Factor, Angle Impact, 0.0 drivers_injured, 0.0 drivers_killed, 0.0 passengers_injured, 0.0 passengers_killed, 0.0 pedestrian_injured, 0.0 pedestrian_killed, Fair (Day), EDSA A. De Jesus  St. Caloocan",MMDA Road Safety Unit,,d782714d-67d1-454f-bf85-43cfc634b645,2012-05-27,06:00:00,EDSA Asuncion St. Caloocan,0,0,0,0,0,0,0,0,0,0,2012-05-27 14:00,Property,14.6570482,120.9904511,Angle Impact
None,EDSA,None,None,"No Accident Factor, Side Swipe, 0.0 drivers_injured, 0.0 drivers_killed, 0.0 passengers_injured, 0.0 passengers_killed, 0.0 pedestrian_injured, 0.0 pedestrian_killed, Fair (Day), EDSA A. De Jesus  St. Caloocan",MMDA Road Safety Unit,,7dbad952-6b65-41d1-88dd-d67af6f291f6,2012-05-24,02:45:00,"EDSA Gen. Malvar St. ""U"" turn slot Caloocan",0,0,0,0,0,0,0,0,0,0,2012-05-24 10:45,Property,14.6570482,120.9904511,Side Swipe
None,EDSA,None,None,"No Accident Factor, Rear-end, 0.0 drivers_injured, 0.0 drivers_killed, 0.0 passengers_injured, 0.0 passengers_killed, 0.0 pedestrian_injured, 0.0 pedestrian_killed, Fair (Night), EDSA B. Serrano Caloocan",MMDA Road Safety Unit,,bc40fcc2-c345-4396-8926-a3254ae168b3,2012-05-23,11:00:00,EDSA Biglang-Awa St. Caloocan,0,0,0,0,0,0,0,0,0,0,2012-05-23 19:00,Property,14.65712586,120.9882927,Rear-End
None,EDSA,None,None,"No Accident Factor, Rear-end, 0.0 drivers_injured, 0.0 drivers_killed, 0.0 passengers_injured, 0.0 passengers_killed, 0.0 pedestrian_injured, 0.0 pedestrian_killed, Fair (Day), EDSA A. De Jesus  St. Caloocan",MMDA Road Safety Unit,,efa5fb26-0a77-4edf-9c7a-8c685ae8a8b2,2012-05-23,07:30:00,EDSA Gen. Tinio Footbridge Caloocan,0,0,0,0,0,0,0,0,0,0,2012-05-23 15:30,Property,14.6570482,120.9904511,Rear-End
None,EDSA,None,None,"No Accident Factor, Rear-end, 0.0 drivers_injured, 0.0 drivers_killed, 0.0 passengers_injured, 0.0 passengers_killed, 0.0 pedestrian_injured, 0.0 pedestrian_killed, Fair (Day), EDSA A. De Jesus  St. Caloocan",MMDA Road Safety Unit,,348ce5af-e420-42f4-bd14-d0c914c18949,2012-05-21,04:45:00,EDSA Gen. Tirona St. (WB) Caloocan,0,0,0,0,0,0,0,0,0,0,2012-05-21 12:45,Property,14.6570482,120.9904511,Rear-End
None,EDSA,None,None,"No Accident Factor, Side Swipe, 0.0 drivers_injured, 0.0 drivers_killed, 0.0 passengers_injured, 0.0 passengers_killed, 0.0 pedestrian_injured, 0.0 pedestrian_killed, Fair (Day), EDSA Gen. Malvar St. Caloocan",MMDA Road Safety Unit,,f195e1dd-4833-422d-a793-0975b8d260bd,2012-05-18,01:05:00,EDSA Gen. Malvar St. Caloocan,0,0,0,0,0,0,0,0,0,0,2012-05-18 9:05,Property,14.6573376,120.993091,Side Swipe
None,EDSA,None,None,"No Accident Factor, Side Swipe, 0.0 drivers_injured, 0.0 drivers_killed, 0.0 passengers_injured, 0.0 passengers_killed, 0.0 pedestrian_injured, 0.0 pedestrian_killed, Fair (Day), EDSA Gen. Malvar St. Caloocan",MMDA Road Safety Unit,,24c5751b-d800-4866-9c63-158f63c0bd4c,2012-05-16,22:00:00,EDSA Bonifacio Memorial Circle Caloocan,0,0,0,0,0,0,0,0,0,0,2012-05-17 6:00,Property,14.6573376,120.993091,Side Swipe
None,EDSA,None,None,"No Accident Factor, Side Swipe, 0.0 drivers_injured, 0.0 drivers_killed, 0.0 passengers_injured, 0.0 passengers_killed, 0.0 pedestrian_injured, 0.0 pedestrian_killed, Fair (Day), EDSA Gen. Malvar St. Caloocan",MMDA Road Safety Unit,,1589c4c9-95ee-43d1-88cc-b646d61122ec,2012-05-15,03:00:00,"EDSA at ""U"" turn slot, A. De Jesus St. Caloocan",0,0,0,0,0,0,0,0,0,0,2012-05-15 11:00,Property,14.6573376,120.993091,Side Swipe
None,EDSA,None,None,"No Accident Factor, Rear-end, 0.0 drivers_injured, 0.0 drivers_killed, 0.0 passengers_injured, 0.0 passengers_killed, 0.0 pedestrian_injured, 0.0 pedestrian_killed, Fair (Night), EDSA  B. Serrano St. (5th St.) Caloocan",MMDA Road Safety Unit,,bfd7a0f9-a74a-43ce-b8f3-b6ecb2131415,2012-05-14,15:20:00,"EDSA fronting Gen. Trinoma, Bagong Barrio Caloocan",0,0,0,0,0,0,0,0,0,0,2012-05-14 23:20,Property,14.65706107,120.9882111,Rear-End
None,EDSA,None,None,"No Accident Factor, Side Swipe, 0.0 drivers_injured, 0.0 drivers_killed, 0.0 passengers_injured, 0.0 passengers_killed, 0.0 pedestrian_injured, 0.0 pedestrian_killed, Fair (Day), EDSA B. Serrano St. (5th St.) Caloocan",MMDA Road Safety Unit,,83a761c7-eac3-4d57-a3e4-8653d528ed7b,2012-05-10,02:00:00,EDSA Biglang-Awa St. Caloocan,0,0,0,0,0,0,0,0,0,0,2012-05-10 10:00,Property,14.65712586,120.9882927,Side Swipe
None,EDSA,None,None,"No Accident Factor, Side Swipe, 0.0 drivers_injured, 0.0 drivers_killed, 0.0 passengers_injured, 0.0 passengers_killed, 0.0 pedestrian_injured, 0.0 pedestrian_killed, Fair (Day), EDSA at ""U"" turn slot, Gen. Malvar Caloocan",MMDA Road Safety Unit,,c534c82f-8182-45d4-8067-9dbfbb677bd1,2012-05-08,07:15:00,EDSA Bonifacio Memorial Circle Caloocan,0,0,0,0,0,0,0,0,0,0,2012-05-08 15:15,Property,14.65717528,120.9931219,Side Swipe
None,EDSA,None,None,"No Accident Factor, Side Swipe, 0.0 drivers_injured, 0.0 drivers_killed, 0.0 passengers_injured, 0.0 passengers_killed, 0.0 pedestrian_injured, 0.0 pedestrian_killed, Fair (Day), EDSA at ""U"" turn slot, Gen. Malvar Caloocan",MMDA Road Safety Unit,,85c81540-9a4c-4ee9-925d-0845e77a62d0,2012-05-08,06:00:00,EDSA fronting Barrio Fiesta Restaurant Caloocan,0,0,0,0,0,0,0,0,0,0,2012-05-08 14:00,Property,14.65717528,120.9931219,Side Swipe
None,EDSA,None,None,"No Accident Factor, Side Swipe, 0.0 drivers_injured, 0.0 drivers_killed, 0.0 passengers_injured, 0.0 passengers_killed, 0.0 pedestrian_injured, 0.0 pedestrian_killed, Fair (Day), EDSA  after Gen. Concepcion St. Caloocan",MMDA Road Safety Unit,,8f724371-0b8e-4dea-9031-16d679b885bd,2012-05-08,02:20:00,EDSA Simon St. Caloocan,0,0,0,0,0,0,0,0,0,0,2012-05-08 10:20,Property,14.65730911,120.990957,Side Swipe
None,EDSA,None,None,"No Accident Factor, No Collision Stated (based on Police Blotter Book), 0.0 drivers_injured, 0.0 drivers_killed, 0.0 passengers_injured, 0.0 passengers_killed, 0.0 pedestrian_injured, 0.0 pedestrian_killed, Fair (Night), EDSA Gen. Tinio St. Caloocan",MMDA Road Safety Unit,,b27182bf-afed-4521-ba87-3c8b6ba43c24,2012-05-07,12:30:00,EDSA Bonifacio Memorial Circle Caloocan,0,0,0,0,0,0,0,0,0,0,2012-05-07 20:30,Property,14.65727124,120.9902826,No Collision Stated
None,EDSA,None,None,"No Accident Factor, Side Swipe, 0.0 drivers_injured, 0.0 drivers_killed, 0.0 passengers_injured, 0.0 passengers_killed, 0.0 pedestrian_injured, 0.0 pedestrian_killed, Fair (Night), EDSA at ""U"" turn slot, Gen. Malvar Caloocan",MMDA Road Safety Unit,,34dca77a-d74f-4f84-a411-7819d4397f78,2012-05-06,21:00:00,EDSA A. De Jesus St. Caloocan,0,0,0,0,0,0,0,0,0,0,2012-05-07 5:00,Property,14.65717528,120.9931219,Side Swipe
None,EDSA,None,None,"No Accident Factor, Side Swipe, 0.0 drivers_injured, 0.0 drivers_killed, 0.0 passengers_injured, 0.0 passengers_killed, 0.0 pedestrian_injured, 0.0 pedestrian_killed, Fair (Day), EDSA at ""U"" turn slot, SSS Caloocan",MMDA Road Safety Unit,,79012bf5-c242-4be3-a4f1-7a0072ed9165,2012-05-06,06:30:00,EDSA Biglang-Awa St. Caloocan,0,0,0,0,0,0,0,0,0,0,2012-05-06 14:30,Property,14.65724763,120.9931133,Side Swipe
None,EDSA,None,None,"No Accident Factor, No Collision Stated (based on Police Blotter Book), 0.0 drivers_injured, 0.0 drivers_killed, 0.0 passengers_injured, 0.0 passengers_killed, 0.0 pedestrian_injured, 0.0 pedestrian_killed, Fair (Night), EDSA Bonifacio Memorial Circle Caloocan",MMDA Road Safety Unit,,efd776d2-1fc2-4599-80ac-5582190bc2b1,2012-05-05,14:45:00,EDSA Gen. Tirona Footbridge Caloocan,0,0,0,0,0,0,0,0,0,0,2012-05-05 22:45,Property,14.65732796,120.9842086,No Collision Stated
None,EDSA,None,None,"No Accident Factor, No Collision Stated (based on Police Blotter Book), 0.0 drivers_injured, 0.0 drivers_killed, 0.0 passengers_injured, 0.0 passengers_killed, 0.0 pedestrian_injured, 0.0 pedestrian_killed, Fair (Night), EDSA Bonifacio Memorial Circle Caloocan",MMDA Road Safety Unit,,e18aba1c-f06a-4469-809b-1eedb75dd88d,2012-05-05,14:30:00,EDSA approaching Bonifacio Memorial Circle Caloocan,0,0,0,0,0,0,0,0,0,0,2012-05-05 22:30,Property,14.65732796,120.9842086,No Collision Stated
None,EDSA,None,None,"No Accident Factor, Angle Impact, 0.0 drivers_injured, 0.0 drivers_killed, 0.0 passengers_injured, 0.0 passengers_killed, 0.0 pedestrian_injured, 0.0 pedestrian_killed, Fair (Day), EDSA Caltex Gas Station, M. Ponce Caloocan",MMDA Road Safety Unit,,b289c814-5038-4861-b351-6ee977b1127b,2012-05-05,05:20:00,EDSA B. Serrano St. (5th St.) Caloocan,0,0,0,0,0,0,0,0,0,0,2012-05-05 13:20,Property,14.6573762,120.9875993,Angle Impact
None,EDSA,None,None,"No Accident Factor, Rear-end, 0.0 drivers_injured, 0.0 drivers_killed, 0.0 passengers_injured, 0.0 passengers_killed, 0.0 pedestrian_injured, 0.0 pedestrian_killed, Fair (Day), EDSA Bonifacio Market Caloocan",MMDA Road Safety Unit,,a6e8def4-1907-43b3-a22b-21addae77118,2012-05-04,23:00:00,EDSA fronting Honda Cars Caloocan,0,0,0,0,0,0,0,0,0,0,2012-05-05 7:00,Property,14.65732796,120.9842086,Rear-End