LOCATION_TEXT,ROAD,WEATHER,LIGHT,DESC,REPORTING_AGENCY,MAIN_CAUSE,INCIDENTDETAILS_ID,DATE_UTC,TIME_UTC,ADDRESS,killed_driver,killed_passenger,killed_pedestrian,injured_driver,injured_passenger,injured_pedestrian,killed_uncategorized,injured_uncategorized,killed_total,injured_total,DATETIME_PST,SEVERITY,Y,X,COLLISION_TYPE
None,EDSA,None,None,"No Accident Factor, Angle Impact, 0.0 drivers_injured, 0.0 drivers_killed, 0.0 passengers_injured, 0.0 passengers_killed, 0.0 pedestrian_injured, 0.0 pedestrian_killed, Fair (Night), EDSA A. De Jesus  St. Caloocan",MMDA Road Safety Unit,,45ca77fd-a612-41ff-8a3b-0e98783345dd,2012-05-03,12:30:00,EDSA De Jesus St. Caloocan,0,0,0,0,0,0,0,0,0,0,2012-05-03 20:30,Property,14.6570482,120.9904511,Angle Impact
None,EDSA,None,None,"No Accident Factor, Rear-end, 0.0 drivers_injured, 0.0 drivers_killed, 0.0 passengers_injured, 0.0 passengers_killed, 0.0 pedestrian_injured, 0.0 pedestrian_killed, Fair (Day), EDSA  fronting Toyota Motors Caloocan",MMDA Road Safety Unit,,bfb7957d-89e0-4de2-9093-dac141b85f6c,2012-05-02,00:00:00,EDSA fronting MCU-FDTMF Hospital Caloocan,0,0,0,0,0,0,0,0,0,0,2012-05-02 8:00,Property,14.65737769,120.9959092,Rear-End
None,EDSA,None,None,"No Accident Factor, Side Swipe, 1.0 drivers_injured, 0.0 drivers_killed, 0.0 passengers_injured, 0.0 passengers_killed, 0.0 pedestrian_injured, 0.0 pedestrian_killed, Fair (Day), EDSA at ""U"" turn slot, Gen. Malvar Caloocan",MMDA Road Safety Unit,,7d3dcc6b-a83a-47f1-b46a-bce58ab421b4,2012-05-02,00:00:00,EDSA Mariano Ponce St. Caloocan,0,0,0,1,0,0,0,0,0,1,2012-05-02 8:00,Injury,14.65717528,120.9931219,Side Swipe
None,EDSA,None,None,"No Accident Factor, Side Swipe, 0.0 drivers_injured, 0.0 drivers_killed, 0.0 passengers_injured, 0.0 passengers_killed, 0.0 pedestrian_injured, 0.0 pedestrian_killed, Rain (Day), EDSA  Gen. Concepcion Caloocan",MMDA Road Safety Unit,,d7228983-01c5-4194-8a6f-c0c548cbab1d,2012-05-01,08:00:00,EDSA Bonifacio Memorial Circle Caloocan,0,0,0,0,0,0,0,0,0,0,2012-05-01 16:00,Property,14.65729708,120.9908909,Side Swipe
None,EDSA,None,None,"No Accident Factor, Angle Impact, 0.0 drivers_injured, 0.0 drivers_killed, 0.0 passengers_injured, 0.0 passengers_killed, 0.0 pedestrian_injured, 0.0 pedestrian_killed, Fair (Day), EDSA  A. De Jesus  St. Caloocan",MMDA Road Safety Unit,,31996bdf-fbe4-4446-9164-83b33640cf4b,2012-04-28,22:30:00,EDSA Gen. Tirona St. Caloocan,0,0,0,0,0,0,0,0,0,0,2012-04-29 6:30,Property,14.65717655,120.990448,Angle Impact
None,EDSA,None,None,"No Accident Factor, Side Swipe, 0.0 drivers_injured, 0.0 drivers_killed, 0.0 passengers_injured, 0.0 passengers_killed, 0.0 pedestrian_injured, 0.0 pedestrian_killed, Fair (Day), EDSA B. Serrano St. (5th St.) Caloocan",MMDA Road Safety Unit,,1d697cf3-f966-4659-bf9c-92dd6d41e94e,2012-04-25,23:40:00,EDSA Gen. Tirona St. Caloocan,0,0,0,0,0,0,0,0,0,0,2012-04-26 7:40,Property,14.65712586,120.9882927,Side Swipe
None,EDSA,None,None,"No Accident Factor, Side Swipe, 0.0 drivers_injured, 0.0 drivers_killed, 0.0 passengers_injured, 0.0 passengers_killed, 0.0 pedestrian_injured, 0.0 pedestrian_killed, Fair (Day), EDSA  fronting Bonifacio Market  Caloocan",MMDA Road Safety Unit,,37673328-025a-4582-8e75-2f15e302df40,2012-04-25,22:00:00,EDSA A. De Jesus St. Caloocan,0,0,0,0,0,0,0,0,0,0,2012-04-26 6:00,Property,14.65730106,120.9844733,Side Swipe
None,EDSA,None,None,"No Accident Factor, Rear-end, 0.0 drivers_injured, 0.0 drivers_killed, 0.0 passengers_injured, 0.0 passengers_killed, 0.0 pedestrian_injured, 0.0 pedestrian_killed, Fair (Day), EDSA  Gen. Malvar St. Caloocan",MMDA Road Safety Unit,,59f029b3-1391-472f-a1d0-9471c7201606,2012-04-23,06:35:00,EDSA A. De Jesus St. (EB) Caloocan,0,0,0,0,0,0,0,0,0,0,2012-04-23 14:35,Property,14.65734092,120.993199,Rear-End
None,EDSA,None,None,"No Accident Factor, Side Swipe, 0.0 drivers_injured, 0.0 drivers_killed, 0.0 passengers_injured, 0.0 passengers_killed, 0.0 pedestrian_injured, 0.0 pedestrian_killed, Fair (Day), EDSA Benin Caloocan",MMDA Road Safety Unit,,cb4d10c8-b0a4-476f-9d14-8f159f7e5aa6,2012-04-21,04:15:00,EDSA Gen. Concepcion St. (WB) Caloocan,0,0,0,0,0,0,0,0,0,0,2012-04-21 12:15,Property,14.65705691,120.9855172,Side Swipe
None,EDSA,None,None,"No Accident Factor, Rear-end, 0.0 drivers_injured, 0.0 drivers_killed, 0.0 passengers_injured, 0.0 passengers_killed, 0.0 pedestrian_injured, 0.0 pedestrian_killed, Fair (Night), EDSA  B. Serrano St. (5th St.) Caloocan",MMDA Road Safety Unit,,f6df1a15-25dd-4086-bf46-7a3fb94cb5cf,2012-04-20,13:40:00,"EDSA Gen. Malvar St. ""U"" turn slot Caloocan",0,0,0,0,0,0,0,0,0,0,2012-04-20 21:40,Property,14.65706107,120.9882111,Rear-End
None,EDSA,None,None,"No Accident Factor, Rear-end, 0.0 drivers_injured, 0.0 drivers_killed, 0.0 passengers_injured, 0.0 passengers_killed, 0.0 pedestrian_injured, 0.0 pedestrian_killed, Fair (Night), EDSA  A. De Jesus St. Caloocan",MMDA Road Safety Unit,,ce3602ff-c097-4e6f-a7a2-17dc99c30725,2012-04-17,13:00:00,EDSA Biglang-Awa St. Caloocan,0,0,0,0,0,0,0,0,0,0,2012-04-17 21:00,Property,14.65717655,120.990448,Rear-End
None,EDSA,None,None,"No Accident Factor, Rear-end, 0.0 drivers_injured, 0.0 drivers_killed, 0.0 passengers_injured, 0.0 passengers_killed, 0.0 pedestrian_injured, 0.0 pedestrian_killed, Fair (Night), EDSA Bonifacio Monument Circle Caloocan",MMDA Road Safety Unit,,3f0cbbad-2c95-44ac-a883-194f8d4432bc,2012-04-13,12:05:00,EDSA Gen. Simon St. Caloocan,0,0,0,0,0,0,0,0,0,0,2012-04-13 20:05,Property,14.65732796,120.9842086,Rear-End
None,EDSA,None,None,"No Accident Factor, Side Swipe, 0.0 drivers_injured, 0.0 drivers_killed, 0.0 passengers_injured, 0.0 passengers_killed, 0.0 pedestrian_injured, 0.0 pedestrian_killed, Fair (Day), EDSA Gen. Tinio St. Caloocan",MMDA Road Safety Unit,,df5b27ad-c623-49a9-bbd7-7ab8940d1dfb,2012-04-13,01:50:00,"EDSA Gen. Malvar St., fronting SSS Office Caloocan",0,0,0,0,0,0,0,0,0,0,2012-04-13 9:50,Property,14.65727124,120.9902826,Side Swipe
None,EDSA,None,None,"No Accident Factor, Head-on, 0.0 drivers_injured, 0.0 drivers_killed, 0.0 passengers_injured, 0.0 passengers_killed, 0.0 pedestrian_injured, 0.0 pedestrian_killed, Fair (Day), EDSA A. De Jesus St. Caloocan",MMDA Road Safety Unit,,0c863cee-00e4-4f1d-8266-cb24bc4c06e8,2012-04-11,08:20:00,EDSA De Jesus St. Caloocan,0,0,0,0,0,0,0,0,0,0,2012-04-11 16:20,Property,14.65712835,120.990432,Head-On
None,EDSA,None,None,"No Accident Factor, Rear-end, 0.0 drivers_injured, 0.0 drivers_killed, 0.0 passengers_injured, 0.0 passengers_killed, 0.0 pedestrian_injured, 0.0 pedestrian_killed, Fair (Day), EDSA fronting SSS Caloocan",MMDA Road Safety Unit,,cff86758-6bb4-47d9-b2a0-d4be1baee566,2012-04-10,00:45:00,"EDSA at ""U"" turn slot, fronting SSS Caloocan",0,0,0,0,0,0,0,0,0,0,2012-04-10 8:45,Property,14.65739195,120.9931284,Rear-End
None,EDSA,None,None,"No Accident Factor, Hit Object (Island-Concrete), 0.0 drivers_injured, 0.0 drivers_killed, 0.0 passengers_injured, 0.0 passengers_killed, 0.0 pedestrian_injured, 0.0 pedestrian_killed, Fair (Day), EDSA fronting Suzuki Motors Caloocan",MMDA Road Safety Unit,,cef7c06d-f826-4f51-be0f-d7d6ca0cecfd,2012-04-04,03:15:00,EDSA A. De Jesus St. Caloocan,0,0,0,0,0,0,0,0,0,0,2012-04-04 11:15,Property,14.65733303,120.9938634,Hit Object
None,EDSA,None,None,"No Accident Factor, Angle Impact, 0.0 drivers_injured, 0.0 drivers_killed, 0.0 passengers_injured, 0.0 passengers_killed, 0.0 pedestrian_injured, 0.0 pedestrian_killed, Fair (Day), EDSA A. De Jesus St. Caloocan",MMDA Road Safety Unit,,3fba9526-45e5-4634-a764-90b124ff58d3,2012-04-03,06:10:00,EDSA A. De Jesus St. Caloocan,0,0,0,0,0,0,0,0,0,0,2012-04-03 14:10,Property,14.65712835,120.990432,Angle Impact
None,EDSA,None,None,"No Accident Factor, Rear-end, 1.0 drivers_injured, 0.0 drivers_killed, 0.0 passengers_injured, 0.0 passengers_killed, 0.0 pedestrian_injured, 0.0 pedestrian_killed, Fair (Night), EDSA before Gen. Simon St. Caloocan",MMDA Road Safety Unit,,5e32060b-6d1b-4b0e-af35-78fccf2be107,2012-04-02,20:30:00,EDSA across SSS Bldg. Caloocan,0,0,0,1,0,0,0,0,0,1,2012-04-03 4:30,Injury,14.65730417,120.9858172,Rear-End
None,EDSA,None,None,"No Accident Factor, Angle Impact, 0.0 drivers_injured, 0.0 drivers_killed, 0.0 passengers_injured, 0.0 passengers_killed, 0.0 pedestrian_injured, 0.0 pedestrian_killed, Fair (Day), EDSA A. De Jesus  Caloocan",MMDA Road Safety Unit,,bf8e3bbe-12e5-4a57-97c2-1705cc7599f5,2012-04-01,02:00:00,EDSA Biglang-Awa St. Caloocan,0,0,0,0,0,0,0,0,0,0,2012-04-01 10:00,Property,14.6570482,120.9904511,Angle Impact
None,EDSA,None,None,"No Accident Factor, Side Swipe, 0.0 drivers_injured, 0.0 drivers_killed, 0.0 passengers_injured, 0.0 passengers_killed, 0.0 pedestrian_injured, 0.0 pedestrian_killed, Fair (Day), EDSA Bonifacio Memorial Circle Caloocan",MMDA Road Safety Unit,,529d4dcc-1e1f-4d34-b84d-e60cc4f6f490,2012-03-30,03:30:00,EDSA approaching Bonifacio Memorial Circle Caloocan,0,0,0,0,0,0,0,0,0,0,2012-03-30 11:30,Property,14.65732796,120.9842086,Side Swipe
None,EDSA,None,None,"No Accident Factor, Angle Impact, 0.0 drivers_injured, 0.0 drivers_killed, 1.0 passengers_injured, 0.0 passengers_killed, 0.0 pedestrian_injured, 0.0 pedestrian_killed, Fair (Night), EDSA A. De Jesus  Caloocan",MMDA Road Safety Unit,,97102111-786d-4586-b051-d095cd077be4,2012-03-29,17:20:00,EDSA fronting BIR Bldg. Caloocan,0,0,0,0,1,0,0,0,0,1,2012-03-30 1:20,Injury,14.6570482,120.9904511,Angle Impact
None,EDSA,None,None,"No Accident Factor, Side Swipe, 0.0 drivers_injured, 0.0 drivers_killed, 0.0 passengers_injured, 0.0 passengers_killed, 0.0 pedestrian_injured, 0.0 pedestrian_killed, Rain (Day), EDSA Gen. Malvar St.   Caloocan",MMDA Road Safety Unit,,27e1bfa0-284f-4b6e-a024-9020f0decc50,2012-03-29,04:15:00,EDSA Biglang-Awa St. Caloocan,0,0,0,0,0,0,0,0,0,0,2012-03-29 12:15,Property,14.6573376,120.993091,Side Swipe
None,EDSA,None,None,"No Accident Factor, Rear-end, 0.0 drivers_injured, 0.0 drivers_killed, 0.0 passengers_injured, 0.0 passengers_killed, 0.0 pedestrian_injured, 0.0 pedestrian_killed, Fair (Night), EDSA A. De Jesus  Caloocan",MMDA Road Safety Unit,,4013a823-ad63-42ae-bb6d-fc7763a2d205,2012-03-28,19:30:00,"EDSA Gen. Malvar St., approaching SSS Caloocan",0,0,0,0,0,0,0,0,0,0,2012-03-29 3:30,Property,14.6570482,120.9904511,Rear-End
None,EDSA,None,None,"No Accident Factor, Side Swipe, 0.0 drivers_injured, 0.0 drivers_killed, 0.0 passengers_injured, 0.0 passengers_killed, 0.0 pedestrian_injured, 0.0 pedestrian_killed, Fair (Day), EDSA fronting Toyota Caloocan",MMDA Road Safety Unit,,acb46e59-9d34-4ca9-8c74-900603cfc314,2012-03-28,07:30:00,EDSA fronting MCU-FDTMF Hospital Caloocan,0,0,0,0,0,0,0,0,0,0,2012-03-28 15:30,Property,14.6573861,120.9953868,Side Swipe
None,EDSA,None,None,"No Accident Factor, Hit and Run (Angle Impact), 0.0 drivers_injured, 0.0 drivers_killed, 0.0 passengers_injured, 0.0 passengers_killed, 0.0 pedestrian_injured, 0.0 pedestrian_killed, Fair (Day), EDSA Bonifacio Memorial Circle Caloocan",MMDA Road Safety Unit,,2755de6a-5f42-44f7-a9dc-9218931625b4,2012-03-28,02:00:00,EDSA A. De Jesus St. Caloocan,0,0,0,0,0,0,0,0,0,0,2012-03-28 10:00,Property,14.65732796,120.9842086,Angle Impact
None,EDSA,None,None,"No Accident Factor, Rear-end, 0.0 drivers_injured, 0.0 drivers_killed, 0.0 passengers_injured, 0.0 passengers_killed, 0.0 pedestrian_injured, 0.0 pedestrian_killed, Fair (Night), EDSA Gen. Malvar St. (WB) Caloocan",MMDA Road Safety Unit,,4a8a5502-ac5f-4f10-bd2f-64ef768d3c3e,2012-03-26,21:00:00,EDSA J. De Jesus St. Caloocan,0,0,0,0,0,0,0,0,0,0,2012-03-27 5:00,Property,14.6573376,120.993091,Rear-End
None,EDSA,None,None,"No Accident Factor, Side Swipe, 1.0 drivers_injured, 0.0 drivers_killed, 0.0 passengers_injured, 0.0 passengers_killed, 0.0 pedestrian_injured, 0.0 pedestrian_killed, Fair (Night), EDSA fronting SSS Caloocan",MMDA Road Safety Unit,,af9adc88-e80e-4192-b80d-eefa012af478,2012-03-25,15:00:00,EDSA A. De Jesus St. Caloocan,0,0,0,1,0,0,0,0,0,1,2012-03-25 23:00,Injury,14.65739195,120.9931284,Side Swipe
None,EDSA,None,None,"No Accident Factor, Rear-end, 1.0 drivers_injured, 0.0 drivers_killed, 0.0 passengers_injured, 0.0 passengers_killed, 0.0 pedestrian_injured, 0.0 pedestrian_killed, Fair (Day), EDSA U-Turn Slot, fronting SSS Caloocan",MMDA Road Safety Unit,,8a27df3b-7d4e-4bf8-a8e2-6c23e7f0c2ec,2012-03-25,07:20:00,EDSA B. Serrano St. (5th St.) Caloocan,0,0,0,1,0,0,0,0,0,1,2012-03-25 15:20,Injury,14.6573762,120.9875993,Rear-End
None,EDSA,None,None,"No Accident Factor, Side Swipe, 0.0 drivers_injured, 0.0 drivers_killed, 0.0 passengers_injured, 0.0 passengers_killed, 0.0 pedestrian_injured, 0.0 pedestrian_killed, Fair (Night), EDSA BMC before Mc Arthur Caloocan",MMDA Road Safety Unit,,bc82ff22-a1c8-4bf3-9795-40aa78335e44,2012-03-24,18:30:00,EDSA fronting MCU-FDTMF Hospital Caloocan,0,0,0,0,0,0,0,0,0,0,2012-03-25 2:30,Property,14.65727305,120.9844029,Side Swipe
None,EDSA,None,None,"No Accident Factor, Side Swipe, 0.0 drivers_injured, 0.0 drivers_killed, 0.0 passengers_injured, 0.0 passengers_killed, 0.0 pedestrian_injured, 0.0 pedestrian_killed, Fair (Night), EDSA fronting Mercury Drug, BMC Caloocan",MMDA Road Safety Unit,,c076ec9a-d710-47b5-82a2-b6a90f4de4da,2012-03-24,15:45:00,EDSA D. Arellano St. Caloocan,0,0,0,0,0,0,0,0,0,0,2012-03-24 23:45,Property,14.65709105,120.9846367,Side Swipe
None,EDSA,None,None,"No Accident Factor, Rear-end, 0.0 drivers_injured, 0.0 drivers_killed, 0.0 passengers_injured, 0.0 passengers_killed, 0.0 pedestrian_injured, 0.0 pedestrian_killed, Fair (Day), EDSA Bonifacio Memorial Circle Caloocan",MMDA Road Safety Unit,,87ec4f59-abe1-4144-9559-b8d4282110aa,2012-03-24,05:00:00,EDSA SSS Caloocan,0,0,0,0,0,0,0,0,0,0,2012-03-24 13:00,Property,14.65732796,120.9842086,Rear-End
None,EDSA,None,None,"No Accident Factor, Angle Impact, 0.0 drivers_injured, 0.0 drivers_killed, 0.0 passengers_injured, 0.0 passengers_killed, 0.0 pedestrian_injured, 0.0 pedestrian_killed, Fair (Day), EDSA fronting MCU Hospital Caloocan",MMDA Road Safety Unit,,a1614385-8e0b-4dc8-a6c8-d36cd90cce2d,2012-03-24,00:35:00,EDSA approaching De Jesus Caloocan,0,0,0,0,0,0,0,0,0,0,2012-03-24 8:35,Property,14.65728485,120.9863001,Angle Impact
None,EDSA,None,None,"No Accident Factor, Angle Impact, 0.0 drivers_injured, 0.0 drivers_killed, 0.0 passengers_injured, 0.0 passengers_killed, 0.0 pedestrian_injured, 0.0 pedestrian_killed, Fair (Night), EDSA B. Serrano St. (5th St.) Caloocan",MMDA Road Safety Unit,,f3a1db5e-57c0-45db-a9b3-25a2da1fdf9d,2012-03-22,13:50:00,EDSA Clover Inn Caloocan,0,0,0,0,0,0,0,0,0,0,2012-03-22 21:50,Property,14.65712586,120.9882927,Angle Impact
None,EDSA,None,None,"No Accident Factor, Hit Parked Vehicle, 0.0 drivers_injured, 0.0 drivers_killed, 0.0 passengers_injured, 0.0 passengers_killed, 0.0 pedestrian_injured, 0.0 pedestrian_killed, Fair (Night), EDSA fronting Goldilock's Caloocan",MMDA Road Safety Unit,,d17edbe8-9ff3-4689-b3b0-1cd51fdda172,2012-03-21,15:00:00,EDSA Gen. Concepcion St. Caloocan,0,0,0,0,0,0,0,0,0,0,2012-03-21 23:00,Property,14.65728065,120.987666,Hit Object
None,EDSA,None,None,"No Accident Factor, Rear-end, 0.0 drivers_injured, 0.0 drivers_killed, 0.0 passengers_injured, 0.0 passengers_killed, 0.0 pedestrian_injured, 0.0 pedestrian_killed, Fair (Day), EDSA Gen. Malvar St. (WB) Caloocan",MMDA Road Safety Unit,,75312d0d-8d91-49c1-9250-326e3da77ba3,2012-03-19,08:30:00,EDSA Tandang Sora St. Caloocan,0,0,0,0,0,0,0,0,0,0,2012-03-19 16:30,Property,14.6573376,120.993091,Rear-End
None,EDSA,None,None,"No Accident Factor, Rear-end, 0.0 drivers_injured, 0.0 drivers_killed, 0.0 passengers_injured, 0.0 passengers_killed, 0.0 pedestrian_injured, 0.0 pedestrian_killed, Fair (Night), EDSA fronting Sogo Hotel Caloocan",MMDA Road Safety Unit,,1c1bdf35-4eaf-4099-9695-841e59832c61,2012-03-17,18:00:00,EDSA B. Serrano St. (5th St.) Caloocan,0,0,0,0,0,0,0,0,0,0,2012-03-18 2:00,Property,14.6572795,120.984717,Rear-End
None,EDSA,None,None,"No Accident Factor, Rear-end, 0.0 drivers_injured, 0.0 drivers_killed, 0.0 passengers_injured, 0.0 passengers_killed, 0.0 pedestrian_injured, 0.0 pedestrian_killed, Fair (Day), EDSA Biglang Awa fronting BDO Caloocan",MMDA Road Safety Unit,,d8734c18-6198-4886-885b-141c2ac0b251,2012-03-13,06:30:00,"EDSA approaching Cloverleaf, beneath Footbridge Caloocan",0,0,0,0,0,0,0,0,0,0,2012-03-13 14:30,Property,14.65719007,120.9944415,Rear-End
None,EDSA,None,None,"No Accident Factor, Hit Object (No Object Stated), 0.0 drivers_injured, 0.0 drivers_killed, 0.0 passengers_injured, 0.0 passengers_killed, 0.0 pedestrian_injured, 0.0 pedestrian_killed, Fair (Night), EDSA Arellano Caloocan",MMDA Road Safety Unit,,315d4404-afd0-4faa-8be1-1924eece59ff,2012-03-11,17:00:00,EDSA fronting BIR Caloocan,0,0,0,0,0,0,0,0,0,0,2012-03-12 1:00,Property,14.65731237,120.9923839,Hit Object
None,EDSA,None,None,"No Accident Factor, Angle Impact, 0.0 drivers_injured, 0.0 drivers_killed, 0.0 passengers_injured, 0.0 passengers_killed, 0.0 pedestrian_injured, 0.0 pedestrian_killed, Fair (Night), EDSA fronting Caltex gas Stn., before Mariano Ponce St. Caloocan",MMDA Road Safety Unit,,10f8dbab-09f8-4dcc-b584-ed0ab6df1a50,2012-03-07,11:30:00,"EDSA Gen. Tinio St. ""U"" turn slot Caloocan",0,0,0,0,0,0,0,0,0,0,2012-03-07 19:30,Property,14.65736499,120.9918616,Angle Impact
None,EDSA,None,None,"No Accident Factor, Angle Impact, 0.0 drivers_injured, 0.0 drivers_killed, 0.0 passengers_injured, 0.0 passengers_killed, 0.0 pedestrian_injured, 0.0 pedestrian_killed, Fair (Day), EDSA U-Turn Slot, fronting SSS Bldg. Caloocan",MMDA Road Safety Unit,,bcc61db9-3787-4b61-b6ae-16b6a04764cd,2012-03-07,08:35:00,"EDSA at ""U"" turn slot, fronting SSS Caloocan",0,0,0,0,0,0,0,0,0,0,2012-03-07 16:35,Property,14.6573762,120.9875993,Angle Impact
None,EDSA,None,None,"No Accident Factor, Side Swipe, 0.0 drivers_injured, 0.0 drivers_killed, 0.0 passengers_injured, 0.0 passengers_killed, 0.0 pedestrian_injured, 0.0 pedestrian_killed, Fair (Day), EDSA before Gen. Malvar St. Caloocan",MMDA Road Safety Unit,,2324664c-907e-4dd2-823e-0b8491e5f9fc,2012-03-07,07:35:00,EDSA Gen. Simon St. Caloocan,0,0,0,0,0,0,0,0,0,0,2012-03-07 15:35,Property,14.6573076,120.993494,Side Swipe
None,EDSA,None,None,"No Accident Factor, Angle Impact, 0.0 drivers_injured, 0.0 drivers_killed, 0.0 passengers_injured, 0.0 passengers_killed, 0.0 pedestrian_injured, 0.0 pedestrian_killed, Fair (Night), EDSA De Jesus St. Caloocan",MMDA Road Safety Unit,,fdf22bbf-791a-4f76-b0de-8acd08bfa5b4,2012-03-05,20:45:00,EDSA Biglang-Awa St. Caloocan,0,0,0,0,0,0,0,0,0,0,2012-03-06 4:45,Property,14.65713667,120.9882603,Angle Impact
None,EDSA,None,None,"No Accident Factor, Angle Impact, 0.0 drivers_injured, 0.0 drivers_killed, 0.0 passengers_injured, 0.0 passengers_killed, 0.0 pedestrian_injured, 0.0 pedestrian_killed, Fair (Night), EDSA A. De Jesus St. Caloocan",MMDA Road Safety Unit,,b28d39a4-f615-42d7-b722-079df36e24ff,2012-03-05,20:45:00,EDSA B. Serrano St. (5th St.) - De Jesus St. Caloocan,0,0,0,0,0,0,0,0,0,0,2012-03-06 4:45,Property,14.65712835,120.990432,Angle Impact
None,EDSA,None,None,"No Accident Factor, Side Swipe, 0.0 drivers_injured, 0.0 drivers_killed, 0.0 passengers_injured, 0.0 passengers_killed, 0.0 pedestrian_injured, 0.0 pedestrian_killed, Fair (Night), EDSA A. De Jesus St. Caloocan",MMDA Road Safety Unit,,32939307-885f-4620-9e3d-6d470cc9d392,2012-03-04,12:45:00,EDSA Benin St. Caloocan,0,0,0,0,0,0,0,0,0,0,2012-03-04 20:45,Property,14.65712835,120.990432,Side Swipe
None,EDSA,None,None,"No Accident Factor, Angle Impact, 0.0 drivers_injured, 0.0 drivers_killed, 0.0 passengers_injured, 0.0 passengers_killed, 0.0 pedestrian_injured, 0.0 pedestrian_killed, Fair (Day), EDSA A. De Jesus, UTS Caloocan",MMDA Road Safety Unit,,576052e5-43db-47d0-a31c-767c2a5cd147,2012-03-04,02:15:00,EDSA Biglang-Awa Caloocan,0,0,0,0,0,0,0,0,0,0,2012-03-04 10:15,Property,14.65711261,120.9904651,Angle Impact
None,EDSA,None,None,"No Accident Factor, Angle Impact, 0.0 drivers_injured, 0.0 drivers_killed, 0.0 passengers_injured, 0.0 passengers_killed, 0.0 pedestrian_injured, 0.0 pedestrian_killed, Fair (Night), EDSA Mascardo St. Caloocan",MMDA Road Safety Unit,,6fc4bd3c-4c8c-4c95-be6a-e873df3a02d7,2012-03-03,21:00:00,"EDSA at ""U"" turn slot, Malvar Caloocan",0,0,0,0,0,0,0,0,0,0,2012-03-04 5:00,Property,14.65743836,120.9947935,Angle Impact
None,EDSA,None,None,"No Accident Factor, Side Swipe, 0.0 drivers_injured, 0.0 drivers_killed, 0.0 passengers_injured, 0.0 passengers_killed, 0.0 pedestrian_injured, 0.0 pedestrian_killed, Fair (Day), EDSA A. De Jesus St. Caloocan",MMDA Road Safety Unit,,0f5075ae-9a3d-42c5-938b-3f0f6a2fdac8,2012-02-29,06:00:00,EDSA B. Serrano St. Caloocan,0,0,0,0,0,0,0,0,0,0,2012-02-29 14:00,Property,14.65712835,120.990432,Side Swipe
None,EDSA,None,None,"No Accident Factor, Side Swipe, 0.0 drivers_injured, 0.0 drivers_killed, 0.0 passengers_injured, 0.0 passengers_killed, 0.0 pedestrian_injured, 0.0 pedestrian_killed, Fair (Day), EDSA fronting SSS Caloocan",MMDA Road Safety Unit,,508890cb-6ddf-4bc7-b48c-51346c0be60f,2012-02-29,02:30:00,EDSA Gen. Simon St. Caloocan,0,0,0,0,0,0,0,0,0,0,2012-02-29 10:30,Property,14.65739195,120.9931284,Side Swipe
None,EDSA,None,None,"No Accident Factor, Rear-end, 0.0 drivers_injured, 0.0 drivers_killed, 0.0 passengers_injured, 0.0 passengers_killed, 0.0 pedestrian_injured, 0.0 pedestrian_killed, Fair (Night), EDSA Bonifacio Memorial Circle Caloocan",MMDA Road Safety Unit,,e9ccd600-26aa-4669-a17f-bfe37acad67f,2012-02-27,14:15:00,EDSA Malvar Caloocan,0,0,0,0,0,0,0,0,0,0,2012-02-27 22:15,Property,14.65732796,120.9842086,Rear-End
None,EDSA,None,None,"No Accident Factor, Side Swipe, 0.0 drivers_injured, 0.0 drivers_killed, 0.0 passengers_injured, 0.0 passengers_killed, 0.0 pedestrian_injured, 0.0 pedestrian_killed, Fair (Night), EDSA Gen. Malvar St. (WB) Caloocan",MMDA Road Safety Unit,,421e5a7a-6cbe-47ad-9d25-20ee0f8e5722,2012-02-19,15:00:00,EDSA A. De Jesus St. Caloocan,0,0,0,0,0,0,0,0,0,0,2012-02-19 23:00,Property,14.6573376,120.993091,Side Swipe
None,EDSA,None,None,"No Accident Factor, Side Swipe, 0.0 drivers_injured, 0.0 drivers_killed, 0.0 passengers_injured, 0.0 passengers_killed, 0.0 pedestrian_injured, 0.0 pedestrian_killed, Fair (Night), EDSA A. De Jesus St. Caloocan",MMDA Road Safety Unit,,d9525431-0e1d-48ce-b330-47f7c5298153,2012-02-19,11:45:00,EDSA A. De Jesus St. (EB) Caloocan,0,0,0,0,0,0,0,0,0,0,2012-02-19 19:45,Property,14.65712835,120.990432,Side Swipe
None,EDSA,None,None,"No Accident Factor, Rear-end, 0.0 drivers_injured, 0.0 drivers_killed, 0.0 passengers_injured, 0.0 passengers_killed, 0.0 pedestrian_injured, 0.0 pedestrian_killed, Fair (Day), EDSA Urbano Plaza St. (EB) Caloocan",MMDA Road Safety Unit,,972a8ad0-ea5b-4fa7-a5cb-6b15513795ca,2012-02-18,07:50:00,EDSA approaching Asuncion St. Caloocan,0,0,0,0,0,0,0,0,0,0,2012-02-18 15:50,Property,14.65714729,120.9926394,Rear-End
None,EDSA,None,None,"No Accident Factor, Rear-end, 0.0 drivers_injured, 0.0 drivers_killed, 0.0 passengers_injured, 0.0 passengers_killed, 0.0 pedestrian_injured, 0.0 pedestrian_killed, Fair (Day), EDSA Gen. Malvar St. (WB) Caloocan",MMDA Road Safety Unit,,eac17a34-94b7-4b51-9bf9-088ea0f77ba5,2012-02-18,07:40:00,EDSA fronting Max's Restaurant Caloocan,0,0,0,0,0,0,0,0,0,0,2012-02-18 15:40,Property,14.6573376,120.993091,Rear-End
None,EDSA,None,None,"No Accident Factor, Rear-end, 0.0 drivers_injured, 0.0 drivers_killed, 0.0 passengers_injured, 0.0 passengers_killed, 0.0 pedestrian_injured, 0.0 pedestrian_killed, Fair (Day), EDSA Gen. Malvar St. (WB) Caloocan",MMDA Road Safety Unit,,c11ef865-e62b-40dc-a678-f8d0d1ff8534,2012-02-18,05:15:00,EDSA A. De Jesus Caloocan,0,0,0,0,0,0,0,0,0,0,2012-02-18 13:15,Property,14.6573376,120.993091,Rear-End