LOCATION_TEXT,ROAD,WEATHER,LIGHT,DESC,REPORTING_AGENCY,MAIN_CAUSE,INCIDENTDETAILS_ID,DATE_UTC,TIME_UTC,ADDRESS,killed_driver,killed_passenger,killed_pedestrian,injured_driver,injured_passenger,injured_pedestrian,killed_uncategorized,injured_uncategorized,killed_total,injured_total,DATETIME_PST,SEVERITY,Y,X,COLLISION_TYPE
None,EDSA,None,None,"No Accident Factor, Rear-end, 0.0 drivers_injured, 0.0 drivers_killed, 0.0 passengers_injured, 0.0 passengers_killed, 0.0 pedestrian_injured, 0.0 pedestrian_killed, Fair (Day), EDSA Gen. Simon St., fronting Mc Donalds (WB) Caloocan",MMDA Road Safety Unit,,9a3597b7-6152-4af0-8e25-d87a5bee75dc,2012-02-18,03:55:00,EDSA B. Serrano St. Caloocan,0,0,0,0,0,0,0,0,0,0,2012-02-18 11:55,Property,14.65727772,120.9854774,Rear-End
None,EDSA,None,None,"No Accident Factor, Side Swipe, 0.0 drivers_injured, 0.0 drivers_killed, 0.0 passengers_injured, 0.0 passengers_killed, 0.0 pedestrian_injured, 0.0 pedestrian_killed, Fair (Night), EDSA Arellano St. Caloocan",MMDA Road Safety Unit,,8a310492-de2b-4231-a677-eeb942f4c38f,2012-02-14,15:50:00,EDSA Malvar St. Caloocan,0,0,0,0,0,0,0,0,0,0,2012-02-14 23:50,Property,14.65731237,120.9923839,Side Swipe
None,EDSA,None,None,"No Accident Factor, Angle Impact, 0.0 drivers_injured, 0.0 drivers_killed, 0.0 passengers_injured, 0.0 passengers_killed, 0.0 pedestrian_injured, 0.0 pedestrian_killed, Fair (Night), EDSA De Jesus St. Caloocan",MMDA Road Safety Unit,,f5b60997-08a0-45f3-abe0-c514cf89e742,2012-02-14,11:00:00,EDSA A. De Jesus Caloocan,0,0,0,0,0,0,0,0,0,0,2012-02-14 19:00,Property,14.65713667,120.9882603,Angle Impact
None,EDSA,None,None,"No Accident Factor, Rear-end, 0.0 drivers_injured, 0.0 drivers_killed, 0.0 passengers_injured, 0.0 passengers_killed, 0.0 pedestrian_injured, 0.0 pedestrian_killed, Fair (Day), EDSA fronting BDO before UTS, (EB) Caloocan",MMDA Road Safety Unit,,35715260-ee77-4964-ade3-3847e1534e2a,2012-02-14,02:50:00,EDSA De Jesus St. Caloocan,0,0,0,0,0,0,0,0,0,0,2012-02-14 10:50,Property,14.65735282,120.990011,Rear-End
None,EDSA,None,None,"No Accident Factor, Side Swipe, 0.0 drivers_injured, 0.0 drivers_killed, 0.0 passengers_injured, 0.0 passengers_killed, 0.0 pedestrian_injured, 0.0 pedestrian_killed, Fair (Night), EDSA at ""U"" turn slot, Gen. Malvar St. Caloocan",MMDA Road Safety Unit,,fe07d331-643f-4c20-bbf2-a0ca65730b20,2012-02-08,15:45:00,EDSA De Jesus St. Caloocan,0,0,0,0,0,0,0,0,0,0,2012-02-08 23:45,Property,14.65717528,120.9931219,Side Swipe
None,EDSA,None,None,"No Accident Factor, Side Swipe, 0.0 drivers_injured, 0.0 drivers_killed, 0.0 passengers_injured, 0.0 passengers_killed, 0.0 pedestrian_injured, 0.0 pedestrian_killed, Fair (Day), EDSA fronting BIR Office (WB) Caloocan",MMDA Road Safety Unit,,b26708b0-f25e-415e-bf66-f12ffdf885e9,2012-02-08,09:30:00,EDSA Gen. Tinio Caloocan,0,0,0,0,0,0,0,0,0,0,2012-02-08 17:30,Property,14.65732798,120.9912859,Side Swipe
None,EDSA,None,None,"No Accident Factor, Rear-end, 0.0 drivers_injured, 0.0 drivers_killed, 0.0 passengers_injured, 0.0 passengers_killed, 0.0 pedestrian_injured, 0.0 pedestrian_killed, Fair (Night), EDSA Malvar, UTS Caloocan",MMDA Road Safety Unit,,acbc8513-3398-4847-a8e5-4a6e7af4fa75,2012-02-04,21:00:00,EDSA Honda Caloocan Caloocan,0,0,0,0,0,0,0,0,0,0,2012-02-05 5:00,Property,14.65729555,120.9930964,Rear-End
None,EDSA,None,None,"No Accident Factor, Side Swipe, 1.0 drivers_injured, 0.0 drivers_killed, 0.0 passengers_injured, 0.0 passengers_killed, 0.0 pedestrian_injured, 0.0 pedestrian_killed, Fair (Day), EDSA fronting Clover Inn Caloocan",MMDA Road Safety Unit,,94b40169-0b7e-42a6-8b6b-5a6fccd9adcb,2012-02-01,22:45:00,EDSA A. De Jesus St. Caloocan,0,0,0,1,0,0,0,0,0,1,2012-02-02 6:45,Injury,14.6573762,120.9875993,Side Swipe
None,EDSA,None,None,"No Accident Factor, Angle Impact, 0.0 drivers_injured, 0.0 drivers_killed, 0.0 passengers_injured, 0.0 passengers_killed, 0.0 pedestrian_injured, 0.0 pedestrian_killed, Fair (Night), EDSA Tirona, UTS Caloocan",MMDA Road Safety Unit,,35554013-043e-4509-9a49-a16a15f5e3e2,2012-02-01,20:30:00,EDSA A. De Jesus Caloocan,0,0,0,0,0,0,0,0,0,0,2012-02-02 4:30,Property,14.65741027,120.9971107,Angle Impact
None,EDSA,None,None,"No Accident Factor, Side Swipe, 0.0 drivers_injured, 0.0 drivers_killed, 0.0 passengers_injured, 0.0 passengers_killed, 0.0 pedestrian_injured, 0.0 pedestrian_killed, Fair (Night), EDSA before Bonifacio Memorial Circle Caloocan",MMDA Road Safety Unit,,ee61bc72-a8b0-40c5-9a37-d53d2a9ce434,2012-01-25,15:45:00,"EDSA at ""U"" turn slot, Malvar Caloocan",0,0,0,0,0,0,0,0,0,0,2012-01-25 23:45,Property,14.65728675,120.9846709,Side Swipe
None,EDSA,None,None,"No Accident Factor, Side Swipe, 0.0 drivers_injured, 0.0 drivers_killed, 0.0 passengers_injured, 0.0 passengers_killed, 0.0 pedestrian_injured, 0.0 pedestrian_killed, Fair (Night), EDSA after Biglang-Awa St. Caloocan",MMDA Road Safety Unit,,80163d76-60fc-46a6-932a-03f5c2133d36,2012-01-25,10:45:00,"EDSA at ""U"" turn slot, Malvar Caloocan",0,0,0,0,0,0,0,0,0,0,2012-01-25 18:45,Property,14.65715148,120.9947971,Side Swipe
None,EDSA,None,None,"No Accident Factor, Angle Impact, 0.0 drivers_injured, 0.0 drivers_killed, 0.0 passengers_injured, 0.0 passengers_killed, 0.0 pedestrian_injured, 0.0 pedestrian_killed, Fair (Night), EDSA Malvar, ""U"" turn slot Caloocan",MMDA Road Safety Unit,,85b15898-3192-4e16-ab51-af9bfb422fdd,2012-01-24,13:15:00,EDSA B. Serrano Caloocan,0,0,0,0,0,0,0,0,0,0,2012-01-24 21:15,Property,14.65729555,120.9930964,Angle Impact
None,EDSA,None,None,"No Accident Factor, Rear-end, 0.0 drivers_injured, 0.0 drivers_killed, 0.0 passengers_injured, 0.0 passengers_killed, 0.0 pedestrian_injured, 0.0 pedestrian_killed, Fair (Day), EDSA Gen. Tinio St. Caloocan",MMDA Road Safety Unit,,2f93fc62-e54e-40a2-870d-ea1af604e349,2012-01-21,08:10:00,EDSA fronting Embu Integrated Trading Corporation Caloocan,0,0,0,0,0,0,0,0,0,0,2012-01-21 16:10,Property,14.65727124,120.9902826,Rear-End
None,EDSA,None,None,"No Accident Factor, Rear-end, 0.0 drivers_injured, 0.0 drivers_killed, 0.0 passengers_injured, 0.0 passengers_killed, 0.0 pedestrian_injured, 0.0 pedestrian_killed, Fair (Day), EDSA before Bonifacio Memorial Circle Caloocan",MMDA Road Safety Unit,,722a17cd-5033-4269-8a4c-8d0cbd0bf150,2012-01-19,05:00:00,EDSA beside BPI bldg. Caloocan,0,0,0,0,0,0,0,0,0,0,2012-01-19 13:00,Property,14.65728675,120.9846709,Rear-End
None,EDSA,None,None,"No Accident Factor, Side Swipe, 0.0 drivers_injured, 0.0 drivers_killed, 0.0 passengers_injured, 0.0 passengers_killed, 0.0 pedestrian_injured, 0.0 pedestrian_killed, Fair (Day), EDSA B. Serrano St. (5th St.) Caloocan",MMDA Road Safety Unit,,debb2bbf-ae32-4fb3-8446-f9ed2bec6dde,2012-01-19,02:45:00,EDSA Bonifacio Memorial Circle Caloocan,0,0,0,0,0,0,0,0,0,0,2012-01-19 10:45,Property,14.65712586,120.9882927,Side Swipe
None,EDSA,None,None,"No Accident Factor, Side Swipe, 0.0 drivers_injured, 0.0 drivers_killed, 0.0 passengers_injured, 0.0 passengers_killed, 0.0 pedestrian_injured, 0.0 pedestrian_killed, Fair (Night), EDSA A. De Jesus St. Caloocan",MMDA Road Safety Unit,,f3658e4f-9722-4cd5-9b87-1a9e2621cbd0,2012-01-18,10:55:00,EDSA A. De Jesus St. Caloocan,0,0,0,0,0,0,0,0,0,0,2012-01-18 18:55,Property,14.65712835,120.990432,Side Swipe
None,EDSA,None,None,"No Accident Factor, Angle Impact, 0.0 drivers_injured, 0.0 drivers_killed, 0.0 passengers_injured, 0.0 passengers_killed, 0.0 pedestrian_injured, 0.0 pedestrian_killed, Fair (Day), EDSA fronting SSS Caloocan",MMDA Road Safety Unit,,58476547-4e55-4076-a99c-50e00526ed7b,2012-01-18,09:35:00,EDSA MCU Caloocan,0,0,0,0,0,0,0,0,0,0,2012-01-18 17:35,Property,14.65739195,120.9931284,Angle Impact
None,EDSA,None,None,"No Accident Factor, Side Swipe, 0.0 drivers_injured, 0.0 drivers_killed, 0.0 passengers_injured, 0.0 passengers_killed, 0.0 pedestrian_injured, 0.0 pedestrian_killed, Fair (Day), EDSA fronting Glory Lumber Caloocan",MMDA Road Safety Unit,,6eb2d4c4-05f7-4c45-830a-1e0ba8b9794f,2012-01-17,02:00:00,EDSA De Jesus St. Caloocan,0,0,0,0,0,0,0,0,0,0,2012-01-17 10:00,Property,14.65706333,120.9847717,Side Swipe
None,EDSA,None,None,"No Accident Factor, Side Swipe, 0.0 drivers_injured, 0.0 drivers_killed, 0.0 passengers_injured, 0.0 passengers_killed, 0.0 pedestrian_injured, 0.0 pedestrian_killed, Fair (Night), EDSA fronting SSS Caloocan",MMDA Road Safety Unit,,598de3ce-b11d-4cd6-804a-e5b4ac8a399c,2012-01-16,16:25:00,EDSA A. De Jesus St. Caloocan,0,0,0,0,0,0,0,0,0,0,2012-01-17 0:25,Property,14.65739195,120.9931284,Side Swipe
None,EDSA,None,None,"No Accident Factor, Angle Impact, 0.0 drivers_injured, 0.0 drivers_killed, 0.0 passengers_injured, 0.0 passengers_killed, 0.0 pedestrian_injured, 0.0 pedestrian_killed, Fair (Night), EDSA B. Serrano St. (5th St.) Caloocan",MMDA Road Safety Unit,,757acf66-f9e5-4dbc-a855-cc115459cf06,2012-01-16,10:30:00,EDSA fronting Pag-ibig Bldg. Caloocan,0,0,0,0,0,0,0,0,0,0,2012-01-16 18:30,Property,14.65712586,120.9882927,Angle Impact
None,EDSA,None,None,"No Accident Factor, Angle Impact, 0.0 drivers_injured, 0.0 drivers_killed, 0.0 passengers_injured, 0.0 passengers_killed, 0.0 pedestrian_injured, 0.0 pedestrian_killed, Fair (Night), EDSA before MCU-FDTMF Hospital Caloocan",MMDA Road Safety Unit,,58443673-60ef-4708-abc8-df033ff4a1be,2012-01-14,11:30:00,EDSA B. Serrano St. Caloocan,0,0,0,0,0,0,0,0,0,0,2012-01-14 19:30,Property,14.65725018,120.9868514,Angle Impact
None,EDSA,None,None,"No Accident Factor, Side Swipe, 0.0 drivers_injured, 0.0 drivers_killed, 0.0 passengers_injured, 0.0 passengers_killed, 0.0 pedestrian_injured, 0.0 pedestrian_killed, Fair (Day), EDSA fronting Bureau of Internal Revenue Caloocan",MMDA Road Safety Unit,,24b1d20e-34e1-4955-9c2f-c3b6fc6225dc,2012-01-13,07:00:00,EDSA De Jesus St. Caloocan,0,0,0,0,0,0,0,0,0,0,2012-01-13 15:00,Property,14.65731196,120.9912861,Side Swipe
None,EDSA,None,None,"No Accident Factor, Side Swipe, 0.0 drivers_injured, 0.0 drivers_killed, 0.0 passengers_injured, 0.0 passengers_killed, 0.0 pedestrian_injured, 0.0 pedestrian_killed, Fair (Day), EDSA Gen. Simon St. Caloocan",MMDA Road Safety Unit,,a02d8300-29d3-4c10-9f3f-359d04ccad4b,2012-01-11,09:45:00,EDSA B. Serrano St. Caloocan,0,0,0,0,0,0,0,0,0,0,2012-01-11 17:45,Property,14.65727772,120.9854774,Side Swipe
None,EDSA,None,None,"No Accident Factor, Rear-end, 0.0 drivers_injured, 0.0 drivers_killed, 0.0 passengers_injured, 0.0 passengers_killed, 0.0 pedestrian_injured, 0.0 pedestrian_killed, Fair (Day), EDSA fronting Caltex Gas Station Caloocan",MMDA Road Safety Unit,,4a0d228e-3d2d-4f3f-b7c6-8881ce165eef,2012-01-07,01:30:00,EDSA fronting Honda Caloocan,0,0,0,0,0,0,0,0,0,0,2012-01-07 9:30,Property,14.65733267,120.9918289,Rear-End
None,EDSA,None,None,"No Accident Factor, Angle Impact, 0.0 drivers_injured, 0.0 drivers_killed, 0.0 passengers_injured, 0.0 passengers_killed, 0.0 pedestrian_injured, 0.0 pedestrian_killed, Fair (Night), EDSA A. De Jesus St. Caloocan",MMDA Road Safety Unit,,38da7029-fddc-4877-ab15-d99841242582,2012-01-06,18:15:00,"EDSA at ""U"" turn slot, Gen. Malvar Caloocan",0,0,0,0,0,0,0,0,0,0,2012-01-07 2:15,Property,14.65712835,120.990432,Angle Impact
None,EDSA,None,None,"No Accident Factor, Rear-end, 0.0 drivers_injured, 0.0 drivers_killed, 0.0 passengers_injured, 0.0 passengers_killed, 0.0 pedestrian_injured, 0.0 pedestrian_killed, Fair (Night), EDSA before B. Serrano St. (5th St.) Caloocan",MMDA Road Safety Unit,,c094e056-c4ad-49b1-acf9-56799fbc7326,2012-01-02,21:00:00,EDSA fronting MCU Caloocan,0,0,0,0,0,0,0,0,0,0,2012-01-03 5:00,Property,14.65717364,120.9882594,Rear-End
None,EDSA,None,None,"Unknown, Angle Impact, 0.0 drivers_injured, 0.0 drivers_killed, 0.0 passengers_injured, 0.0 passengers_killed, 0.0 pedestrian_injured, 0.0 pedestrian_killed, Fair (Night), EDSA A. De Jesus Caloocan",MMDA Road Safety Unit,,e6289c77-1182-426b-b1d0-e3256962c785,2011-12-27,12:00:00,"EDSA fronting Metrobank, Gen. Tinio Footbridge Caloocan",0,0,0,0,0,0,0,0,0,0,2011-12-27 20:00,Property,14.65712806,120.9903991,Angle Impact
None,EDSA,None,None,"Unknown, Side Swipe, 0.0 drivers_injured, 0.0 drivers_killed, 0.0 passengers_injured, 0.0 passengers_killed, 0.0 pedestrian_injured, 0.0 pedestrian_killed, Fair (Night), EDSA fronting MCU Hospital (WB) Caloocan",MMDA Road Safety Unit,,227cb719-de5a-4205-81bf-075ce080d355,2011-12-22,14:00:00,EDSA De Jesus St. Caloocan,0,0,0,0,0,0,0,0,0,0,2011-12-22 22:00,Property,14.65728485,120.9863001,Side Swipe
None,EDSA,None,None,"Unknown, Angle Impact, 0.0 drivers_injured, 0.0 drivers_killed, 0.0 passengers_injured, 0.0 passengers_killed, 0.0 pedestrian_injured, 0.0 pedestrian_killed, Fair (Day), EDSA G. Malvar Caloocan",MMDA Road Safety Unit,,3153909a-6f58-4c90-bcc7-02b3a2857088,2011-12-21,07:10:00,EDSA Urbano St. Caloocan,0,0,0,0,0,0,0,0,0,0,2011-12-21 15:10,Property,14.65722116,120.9930912,Angle Impact
None,EDSA,None,None,"Unknown, Rear-end, 0.0 drivers_injured, 0.0 drivers_killed, 0.0 passengers_injured, 0.0 passengers_killed, 0.0 pedestrian_injured, 0.0 pedestrian_killed, Fair (Night), EDSA MCU Caloocan",MMDA Road Safety Unit,,d33bfa6a-1741-400a-bbee-64e2b57788d5,2011-12-19,10:30:00,EDSA Biglang-Awa Caloocan,0,0,0,0,0,0,0,0,0,0,2011-12-19 18:30,Property,14.6573146,120.9860365,Rear-End
None,EDSA,None,None,"Unknown, Rear-end, 0.0 drivers_injured, 0.0 drivers_killed, 0.0 passengers_injured, 0.0 passengers_killed, 0.0 pedestrian_injured, 0.0 pedestrian_killed, Fair (Day), EDSA SSS U-Turn Slot Caloocan",MMDA Road Safety Unit,,4f0e6296-070b-498f-8f9f-12a6bf5c9255,2011-12-19,08:45:00,EDSA Tandang Sora St. Caloocan,0,0,0,0,0,0,0,0,0,0,2011-12-19 16:45,Property,14.65734341,120.9929338,Rear-End
None,EDSA,None,None,"Unknown, Rear-end, 0.0 drivers_injured, 0.0 drivers_killed, 0.0 passengers_injured, 0.0 passengers_killed, 0.0 pedestrian_injured, 0.0 pedestrian_killed, Fair (Day), EDSA fronting SSS (WB) Caloocan",MMDA Road Safety Unit,,74966218-db17-492a-bacb-30ee7c96bacc,2011-12-12,23:35:00,"EDSA at ""U"" turn slot, Gen. Malvar Caloocan",0,0,0,0,0,0,0,0,0,0,2011-12-13 7:35,Property,14.65739195,120.9931284,Rear-End
None,EDSA,None,None,"Unknown, Side Swipe, 0.0 drivers_injured, 0.0 drivers_killed, 0.0 passengers_injured, 0.0 passengers_killed, 0.0 pedestrian_injured, 0.0 pedestrian_killed, Fair (Day), EDSA J. De Jesus Caloocan",MMDA Road Safety Unit,,ed05ad74-2396-4d5c-938d-4e8994031e4c,2011-12-12,08:00:00,EDSA fronting MCU Hospital Caloocan,0,0,0,0,0,0,0,0,0,0,2011-12-12 16:00,Property,14.65741694,120.9978841,Side Swipe
None,EDSA,None,None,"Unknown, Angle Impact, 0.0 drivers_injured, 0.0 drivers_killed, 0.0 passengers_injured, 0.0 passengers_killed, 0.0 pedestrian_injured, 0.0 pedestrian_killed, Fair (Day), EDSA A. De Jesus St. Caloocan",MMDA Road Safety Unit,,2d917eb5-3266-4e14-8940-a415cdb18969,2011-12-11,02:00:00,EDSA fronting Shakey's Caloocan,0,0,0,0,0,0,0,0,0,0,2011-12-11 10:00,Property,14.65712835,120.990432,Angle Impact
None,EDSA,None,None,"Unknown, Angle Impact, 0.0 drivers_injured, 0.0 drivers_killed, 0.0 passengers_injured, 0.0 passengers_killed, 0.0 pedestrian_injured, 0.0 pedestrian_killed, Fair (Night), EDSA UTS, fronting UCPB Bank Caloocan",MMDA Road Safety Unit,,c3180c9b-d162-4a4c-91c2-0502851174c9,2011-12-10,20:00:00,EDSA fronting SSS Office Caloocan,0,0,0,0,0,0,0,0,0,0,2011-12-11 4:00,Property,14.65725258,120.9901825,Angle Impact
None,EDSA,None,None,"Unknown, Side Swipe, 0.0 drivers_injured, 0.0 drivers_killed, 0.0 passengers_injured, 0.0 passengers_killed, 0.0 pedestrian_injured, 0.0 pedestrian_killed, Fair (Day), EDSA fronting Clover Inn Hotel (WB) Caloocan",MMDA Road Safety Unit,,59fd2240-4983-4d7c-acc2-89a7ec993551,2011-12-10,08:15:00,EDSA Biglang-Awa St. Caloocan,0,0,0,0,0,0,0,0,0,0,2011-12-10 16:15,Property,14.6573762,120.9875993,Side Swipe
None,EDSA,None,None,"Unknown, Hit Object (No Object Stated), 0.0 drivers_injured, 0.0 drivers_killed, 0.0 passengers_injured, 0.0 passengers_killed, 0.0 pedestrian_injured, 0.0 pedestrian_killed, Fair (Night), EDSA M. Ponce Caloocan",MMDA Road Safety Unit,,484ff7fe-c232-481f-b05f-ba9c76d5e5d2,2011-12-09,17:20:00,EDSA across Barrio Fiesta Caloocan,0,0,0,0,0,0,0,0,0,0,2011-12-10 1:20,Property,14.65732688,120.9916876,Hit Object
None,EDSA,None,None,"Unknown, Angle Impact, 0.0 drivers_injured, 0.0 drivers_killed, 0.0 passengers_injured, 0.0 passengers_killed, 0.0 pedestrian_injured, 0.0 pedestrian_killed, Fair (Night), EDSA UTS, fronting SSS Caloocan",MMDA Road Safety Unit,,cca99095-a452-46fb-b066-87b4c41f17fe,2011-12-08,13:45:00,EDSA fronting Clovelt Inn Hotel Caloocan,0,0,0,0,0,0,0,0,0,0,2011-12-08 21:45,Property,14.65724562,120.9931312,Angle Impact
None,EDSA,None,None,"Unknown, Side Swipe, 0.0 drivers_injured, 0.0 drivers_killed, 0.0 passengers_injured, 0.0 passengers_killed, 0.0 pedestrian_injured, 0.0 pedestrian_killed, Fair (Night), EDSA De Jesus St. Caloocan",MMDA Road Safety Unit,,7d749abe-24af-4433-b1f2-0144e93421af,2011-12-08,12:45:00,EDSA ? De Jesus St. Caloocan,0,0,0,0,0,0,0,0,0,0,2011-12-08 20:45,Property,14.65713667,120.9882603,Side Swipe
None,EDSA,None,None,"Unknown, Angle Impact, 0.0 drivers_injured, 0.0 drivers_killed, 0.0 passengers_injured, 0.0 passengers_killed, 0.0 pedestrian_injured, 0.0 pedestrian_killed, Fair (Day), EDSA Tirong Caloocan",MMDA Road Safety Unit,,b07b3796-2e06-4788-808c-405888dd5b68,2011-12-05,05:00:00,EDSA fronting Uni-Oil Gas station Caloocan,0,0,0,0,0,0,0,0,0,0,2011-12-05 13:00,Property,14.65741027,120.9971107,Angle Impact
None,EDSA,None,None,"Unknown, Side Swipe, 0.0 drivers_injured, 0.0 drivers_killed, 0.0 passengers_injured, 0.0 passengers_killed, 0.0 pedestrian_injured, 0.0 pedestrian_killed, Fair (Day), EDSA fronting SSS Caloocan",MMDA Road Safety Unit,,b79cd1c1-a12f-4d94-b462-b69ef2436f24,2011-12-05,02:30:00,EDSA besides Zesto Caloocan,0,0,0,0,0,0,0,0,0,0,2011-12-05 10:30,Property,14.65739195,120.9931284,Side Swipe
None,EDSA,None,None,"Unknown, Side Swipe, 0.0 drivers_injured, 0.0 drivers_killed, 0.0 passengers_injured, 0.0 passengers_killed, 0.0 pedestrian_injured, 0.0 pedestrian_killed, Fair (Day), EDSA after Malvar, UTS Caloocan",MMDA Road Safety Unit,,285541d9-b298-4fe7-9c5c-ccdfaf900285,2011-12-03,00:30:00,EDSA fronting SSS Office Caloocan,0,0,0,0,0,0,0,0,0,0,2011-12-03 8:30,Property,14.65737309,120.9927995,Side Swipe
None,EDSA,None,None,"Unknown, Angle Impact, 0.0 drivers_injured, 0.0 drivers_killed, 0.0 passengers_injured, 0.0 passengers_killed, 0.0 pedestrian_injured, 0.0 pedestrian_killed, Fair (Day), EDSA Gen. Tinio St. Caloocan",MMDA Road Safety Unit,,de17fab8-dede-4e00-8dc3-eccb984c4f42,2011-12-02,03:55:00,EDSA approaching Honda Cars Caloocan,0,0,0,0,0,0,0,0,0,0,2011-12-02 11:55,Property,14.65727124,120.9902826,Angle Impact
None,EDSA,None,None,"Unknown, Side Swipe, 0.0 drivers_injured, 0.0 drivers_killed, 0.0 passengers_injured, 0.0 passengers_killed, 0.0 pedestrian_injured, 0.0 pedestrian_killed, Fair (Day), EDSA A. De Jesus St. Caloocan",MMDA Road Safety Unit,,a3126f43-4b6e-4332-ac33-b74b6348dd42,2011-11-30,06:45:00,EDSA fronting SSS Office Caloocan,0,0,0,0,0,0,0,0,0,0,2011-11-30 14:45,Property,14.65712835,120.990432,Side Swipe
None,EDSA,None,None,"Unknown, Hit and Run (No Collision Stated), 0.0 drivers_injured, 0.0 drivers_killed, 0.0 passengers_injured, 0.0 passengers_killed, 0.0 pedestrian_injured, 0.0 pedestrian_killed, Fair (Night), EDSA Sogo Hotel Caloocan",MMDA Road Safety Unit,,995027e4-4ab4-41f3-a48d-b47bf9540c56,2011-11-29,15:30:00,EDSA ? De Jesus St. Caloocan,0,0,0,0,0,0,0,0,0,0,2011-11-29 23:30,Property,14.65731853,120.9848514,No Collision Stated
None,EDSA,None,None,"Unknown, Side Swipe, 0.0 drivers_injured, 0.0 drivers_killed, 0.0 passengers_injured, 0.0 passengers_killed, 0.0 pedestrian_injured, 0.0 pedestrian_killed, Fair (Night), EDSA Bonifacio Memorial Circle (WB) Caloocan",MMDA Road Safety Unit,,6c8a8560-113c-4e38-b564-b471d22d9630,2011-11-28,10:50:00,EDSA ? De Jesus St. Caloocan,0,0,0,0,0,0,0,0,0,0,2011-11-28 18:50,Property,14.65732796,120.9842086,Side Swipe
None,EDSA,None,None,"Unknown, Side Swipe, 0.0 drivers_injured, 0.0 drivers_killed, 0.0 passengers_injured, 0.0 passengers_killed, 0.0 pedestrian_injured, 0.0 pedestrian_killed, Fair (Day), EDSA Tandang Sora, Gen. Malvar Caloocan",MMDA Road Safety Unit,,116ba1e7-5bbf-4029-9d7f-d880d12582e5,2011-11-28,03:35:00,EDSA Biglang-Awa St. Caloocan,0,0,0,0,0,0,0,0,0,0,2011-11-28 11:35,Property,14.65736758,120.9940203,Side Swipe
None,EDSA,None,None,"Unknown, Side Swipe, 0.0 drivers_injured, 0.0 drivers_killed, 0.0 passengers_injured, 0.0 passengers_killed, 0.0 pedestrian_injured, 0.0 pedestrian_killed, Fair (Day), EDSA UTS, Gen. Malvar Caloocan",MMDA Road Safety Unit,,9e7c24b5-d637-4d87-beb2-fc7d8fd42620,2011-11-28,02:50:00,EDSA fronting Caltex Gas Station Caloocan,0,0,0,0,0,0,0,0,0,0,2011-11-28 10:50,Property,14.6571819,120.993265,Side Swipe
None,EDSA,None,None,"Unknown, Side Swipe, 0.0 drivers_injured, 0.0 drivers_killed, 0.0 passengers_injured, 0.0 passengers_killed, 0.0 pedestrian_injured, 0.0 pedestrian_killed, Fair (Day), EDSA A. De Jesus St. Caloocan",MMDA Road Safety Unit,,533c0160-4149-4954-a8c5-01af3b67c7c1,2011-11-27,23:30:00,EDSA fronting Toyota Motors Caloocan,0,0,0,0,0,0,0,0,0,0,2011-11-28 7:30,Property,14.65712835,120.990432,Side Swipe
None,EDSA,None,None,"Unknown, Side Swipe, 0.0 drivers_injured, 0.0 drivers_killed, 0.0 passengers_injured, 0.0 passengers_killed, 0.0 pedestrian_injured, 0.0 pedestrian_killed, Fair (Night), EDSA Malvar St., UTS Caloocan",MMDA Road Safety Unit,,1b5e4f3a-0cc0-48cd-97b3-07dfbb359f9f,2011-11-25,15:50:00,EDSA ? De Jesus St. Caloocan,0,0,0,0,0,0,0,0,0,0,2011-11-25 23:50,Property,14.65729555,120.9930964,Side Swipe
None,EDSA,None,None,"Unknown, Angle Impact, 0.0 drivers_injured, 0.0 drivers_killed, 0.0 passengers_injured, 0.0 passengers_killed, 0.0 pedestrian_injured, 0.0 pedestrian_killed, Fair (Day), EDSA G. Malvar, UTS Caloocan",MMDA Road Safety Unit,,ed9a7b15-72e1-4372-af10-081b56d684db,2011-11-25,03:50:00,EDSA B. Serrano St. (5th St.) Caloocan,0,0,0,0,0,0,0,0,0,0,2011-11-25 11:50,Property,14.65722116,120.9930912,Angle Impact
None,EDSA,None,None,"Unknown, Angle Impact, 0.0 drivers_injured, 0.0 drivers_killed, 0.0 passengers_injured, 0.0 passengers_killed, 0.0 pedestrian_injured, 0.0 pedestrian_killed, Fair (Day), EDSA fronting Uni Oil gas Stn., A. De Jesus St. Caloocan",MMDA Road Safety Unit,,74612cb2-c42c-4790-8eb3-a937c2aaa86b,2011-11-24,06:45:00,EDSA B. Serrano St. (5th St.) Caloocan,0,0,0,0,0,0,0,0,0,0,2011-11-24 14:45,Property,14.65727082,120.9904156,Angle Impact
None,EDSA,None,None,"Unknown, Side Swipe, 0.0 drivers_injured, 0.0 drivers_killed, 0.0 passengers_injured, 0.0 passengers_killed, 0.0 pedestrian_injured, 0.0 pedestrian_killed, Fair (Day), EDSA Bonifacio Memorial Circle Caloocan",MMDA Road Safety Unit,,a1d49f15-85f2-4cf2-95ff-7a7853bd4daa,2011-11-24,02:40:00,EDSA fronting SSS Office Caloocan,0,0,0,0,0,0,0,0,0,0,2011-11-24 10:40,Property,14.65732796,120.9842086,Side Swipe
None,EDSA,None,None,"Unknown, Rear-end, 0.0 drivers_injured, 0.0 drivers_killed, 0.0 passengers_injured, 0.0 passengers_killed, 0.0 pedestrian_injured, 0.0 pedestrian_killed, Fair (Day), EDSA Evangelista St. Caloocan",MMDA Road Safety Unit,,4248f5eb-cca5-4e3e-9810-b885f5a14283,2011-11-24,00:45:00,EDSA fronting Toyota Motors Caloocan,0,0,0,0,0,0,0,0,0,0,2011-11-24 8:45,Property,14.65738064,120.9955312,Rear-End
None,EDSA,None,None,"Unknown, Rear-end, 0.0 drivers_injured, 0.0 drivers_killed, 0.0 passengers_injured, 0.0 passengers_killed, 0.0 pedestrian_injured, 0.0 pedestrian_killed, Fair (Night), EDSA Sogo Hotel Caloocan",MMDA Road Safety Unit,,c4922974-9378-499b-8830-1a5ec6772752,2011-11-23,14:30:00,"EDSA fronting Honda Cars Kalookan Inc., Bagong Barrio Caloocan",0,0,0,0,0,0,0,0,0,0,2011-11-23 22:30,Property,14.65731853,120.9848514,Rear-End