LOCATION_TEXT,ROAD,WEATHER,LIGHT,DESC,REPORTING_AGENCY,MAIN_CAUSE,INCIDENTDETAILS_ID,DATE_UTC,TIME_UTC,ADDRESS,killed_driver,killed_passenger,killed_pedestrian,injured_driver,injured_passenger,injured_pedestrian,killed_uncategorized,injured_uncategorized,killed_total,injured_total,DATETIME_PST,SEVERITY,Y,X,COLLISION_TYPE
None,EDSA,None,None,"Unknown, Angle Impact, 0.0 drivers_injured, 0.0 drivers_killed, 0.0 passengers_injured, 0.0 passengers_killed, 0.0 pedestrian_injured, 0.0 pedestrian_killed, Fair (Night), EDSA B. Serrano St. (5th St.) Caloocan",MMDA Road Safety Unit,,c7b7ff9f-4689-4a0c-8abb-5d1404cb9e8a,2011-11-22,12:00:00,EDSA A. De Jesus St. (8th St.) Caloocan,0,0,0,0,0,0,0,0,0,0,2011-11-22 20:00,Property,14.65712586,120.9882927,Angle Impact
None,EDSA,None,None,"Unknown, Side Swipe, 0.0 drivers_injured, 0.0 drivers_killed, 0.0 passengers_injured, 0.0 passengers_killed, 0.0 pedestrian_injured, 0.0 pedestrian_killed, Fair (Day), EDSA A. De Jesus St. (WB) Caloocan",MMDA Road Safety Unit,,6fce3ec1-5b0c-4913-88f8-c1478be8f9ac,2011-11-22,04:15:00,EDSA ? De Jesus St. Caloocan,0,0,0,0,0,0,0,0,0,0,2011-11-22 12:15,Property,14.65714508,120.9905142,Side Swipe
None,EDSA,None,None,"Unknown, Side Swipe, 0.0 drivers_injured, 0.0 drivers_killed, 0.0 passengers_injured, 0.0 passengers_killed, 0.0 pedestrian_injured, 0.0 pedestrian_killed, Fair (Day), EDSA fronting Clover Inn Hotel (WB) Caloocan",MMDA Road Safety Unit,,a4349d62-a55b-491f-98e3-cb11c6e1642b,2011-11-22,03:30:00,EDSA ? De Jesus St. Caloocan,0,0,0,0,0,0,0,0,0,0,2011-11-22 11:30,Property,14.6573762,120.9875993,Side Swipe
None,EDSA,None,None,"Unknown, Hit and Run (No Collision Stated), 0.0 drivers_injured, 0.0 drivers_killed, 0.0 passengers_injured, 0.0 passengers_killed, 0.0 pedestrian_injured, 0.0 pedestrian_killed, Fair (Day), EDSA B. Serrano St. (5th St.) Caloocan",MMDA Road Safety Unit,,b3686790-1b65-475a-8d89-e0edd58a22aa,2011-11-22,03:30:00,"EDSA fronting Jollibee Foodchain, MCU Caloocan",0,0,0,0,0,0,0,0,0,0,2011-11-22 11:30,Property,14.65712586,120.9882927,No Collision Stated
None,EDSA,None,None,"Unknown, Angle Impact, 0.0 drivers_injured, 0.0 drivers_killed, 0.0 passengers_injured, 0.0 passengers_killed, 0.0 pedestrian_injured, 0.0 pedestrian_killed, Fair (Day), EDSA UTS, Gen. Tinio St. Caloocan",MMDA Road Safety Unit,,9d7c18e1-b0c4-4c4c-91a9-e5cf273ae63d,2011-11-20,04:15:00,EDSA after B. Serrano St. (5th St.) Caloocan,0,0,0,0,0,0,0,0,0,0,2011-11-20 12:15,Property,14.65723694,120.9902493,Angle Impact
None,EDSA,None,None,"Unknown, Side Swipe, 0.0 drivers_injured, 0.0 drivers_killed, 0.0 passengers_injured, 0.0 passengers_killed, 0.0 pedestrian_injured, 0.0 pedestrian_killed, Fair (Night), EDSA Sogo Hotel Caloocan",MMDA Road Safety Unit,,3d76a31e-a8bb-42ab-862c-ddf23e390489,2011-11-19,15:45:00,EDSA fronting Honda Cars Kalookan Inc. Caloocan,0,0,0,0,0,0,0,0,0,0,2011-11-19 23:45,Property,14.65731853,120.9848514,Side Swipe
None,EDSA,None,None,"Unknown, Rear-end, 0.0 drivers_injured, 0.0 drivers_killed, 0.0 passengers_injured, 0.0 passengers_killed, 0.0 pedestrian_injured, 0.0 pedestrian_killed, Fair (Night), EDSA 6 Tinio St. Caloocan",MMDA Road Safety Unit,,95933f7c-28bf-4b21-a728-b954042343dd,2011-11-19,14:30:00,EDSA fronting MCU-FDTMF Hospital Caloocan,0,0,0,0,0,0,0,0,0,0,2011-11-19 22:30,Property,14.65730186,120.9901178,Rear-End
None,EDSA,None,None,"Unknown, Side Swipe, 0.0 drivers_injured, 0.0 drivers_killed, 0.0 passengers_injured, 0.0 passengers_killed, 0.0 pedestrian_injured, 0.0 pedestrian_killed, Fair (Night), EDSA Bonifacio Memorial Circle Caloocan",MMDA Road Safety Unit,,01c3452c-a191-4fdc-a43a-12323db949ff,2011-11-18,13:15:00,EDSA fronting Honda Cars Kalookan Inc. Caloocan,0,0,0,0,0,0,0,0,0,0,2011-11-18 21:15,Property,14.65732796,120.9842086,Side Swipe
None,EDSA,None,None,"Unknown, Side Swipe, 0.0 drivers_injured, 0.0 drivers_killed, 0.0 passengers_injured, 0.0 passengers_killed, 0.0 pedestrian_injured, 0.0 pedestrian_killed, Fair (Night), EDSA at UTS, J. De Jesus St. Caloocan",MMDA Road Safety Unit,,421bee2f-6932-4999-9e27-d9600afdbcca,2011-11-16,11:40:00,EDSA fronting MCU-FDTMF Hospital Caloocan,0,0,0,0,0,0,0,0,0,0,2011-11-16 19:40,Property,14.65711204,120.9903993,Side Swipe
None,EDSA,None,None,"Unknown, Rear-end, 0.0 drivers_injured, 0.0 drivers_killed, 0.0 passengers_injured, 0.0 passengers_killed, 0.0 pedestrian_injured, 0.0 pedestrian_killed, Fair (Day), EDSA Arellano St. Caloocan",MMDA Road Safety Unit,,2f02a35a-c0a3-42a0-a1c0-d234543e9819,2011-11-16,02:20:00,EDSA besides Tropical Hut  Caloocan,0,0,0,0,0,0,0,0,0,0,2011-11-16 10:20,Property,14.65731237,120.9923839,Rear-End
None,EDSA,None,None,"Unknown, Side Swipe, 0.0 drivers_injured, 0.0 drivers_killed, 0.0 passengers_injured, 0.0 passengers_killed, 0.0 pedestrian_injured, 0.0 pedestrian_killed, Fair (Night), EDSA G. Tirina Caloocan",MMDA Road Safety Unit,,a9e45b74-ec41-4bdb-ad25-85bd15f7996b,2011-11-15,12:40:00,EDSA fronting Caltex Gas Station Caloocan,0,0,0,0,0,0,0,0,0,0,2011-11-15 20:40,Property,14.65741013,120.9970942,Side Swipe
None,EDSA,None,None,"Unknown, Side Swipe, 0.0 drivers_injured, 0.0 drivers_killed, 0.0 passengers_injured, 0.0 passengers_killed, 0.0 pedestrian_injured, 0.0 pedestrian_killed, Fair (Day), EDSA fronting MCU Hospital Caloocan",MMDA Road Safety Unit,,6b6b50cc-31bf-4968-8b8d-b9432070034d,2011-11-14,06:15:00,EDSA Gen. Tinio St. Caloocan,0,0,0,0,0,0,0,0,0,0,2011-11-14 14:15,Property,14.65728485,120.9863001,Side Swipe
None,EDSA,None,None,"Unknown, Side Swipe, 0.0 drivers_injured, 0.0 drivers_killed, 0.0 passengers_injured, 0.0 passengers_killed, 0.0 pedestrian_injured, 0.0 pedestrian_killed, Fair (Night), EDSA Gen. Simon St. Caloocan",MMDA Road Safety Unit,,05c03280-e1ef-470a-a02b-e1dc3e762da2,2011-11-12,14:20:00,"EDSA at ""U"" turn slot, ? De Jesus St. Caloocan",0,0,0,0,0,0,0,0,0,0,2011-11-12 22:20,Property,14.65727772,120.9854774,Side Swipe
None,EDSA,None,None,"Unknown, Side Swipe, 0.0 drivers_injured, 0.0 drivers_killed, 0.0 passengers_injured, 0.0 passengers_killed, 0.0 pedestrian_injured, 0.0 pedestrian_killed, Fair (Night), EDSA B. Serrano St. (5th St.) Caloocan",MMDA Road Safety Unit,,4f409352-b34b-4c98-943b-ffd57cadc43e,2011-11-11,12:45:00,EDSA ? De Jesus St. Caloocan,0,0,0,0,0,0,0,0,0,0,2011-11-11 20:45,Property,14.65712586,120.9882927,Side Swipe
None,EDSA,None,None,"Unknown, Side Swipe, 0.0 drivers_injured, 0.0 drivers_killed, 0.0 passengers_injured, 0.0 passengers_killed, 0.0 pedestrian_injured, 0.0 pedestrian_killed, Fair (Day), EDSA near A. De Jesus Caloocan",MMDA Road Safety Unit,,07a43ca3-4fca-49e4-aac3-202c4995a4a1,2011-11-10,23:55:00,EDSA fronting Suzuki Motors Caloocan,0,0,0,0,0,0,0,0,0,0,2011-11-11 7:55,Property,14.65704435,120.9904843,Side Swipe
None,EDSA,None,None,"Unknown, Side Swipe, 0.0 drivers_injured, 0.0 drivers_killed, 0.0 passengers_injured, 0.0 passengers_killed, 0.0 pedestrian_injured, 0.0 pedestrian_killed, Fair (Day), EDSA A. De Jesus St. Caloocan",MMDA Road Safety Unit,,d08d6db7-eb90-40ef-b58a-b99464ae6872,2011-11-09,01:15:00,EDSA Gen. Simon St. Caloocan,0,0,0,0,0,0,0,0,0,0,2011-11-09 9:15,Property,14.65712835,120.990432,Side Swipe
None,EDSA,None,None,"Unknown, Side Swipe, 0.0 drivers_injured, 0.0 drivers_killed, 0.0 passengers_injured, 0.0 passengers_killed, 0.0 pedestrian_injured, 0.0 pedestrian_killed, Fair (Day), EDSA fronting Unioil gas Stn. (WB) Caloocan",MMDA Road Safety Unit,,1ab55b6e-c8e1-4e87-ba14-ded5ed214b8a,2011-11-08,05:00:00,EDSA fronting SSS Caloocan,0,0,0,0,0,0,0,0,0,0,2011-11-08 13:00,Property,14.65727082,120.9904156,Side Swipe
None,EDSA,None,None,"Unknown, Side Swipe, 0.0 drivers_injured, 0.0 drivers_killed, 0.0 passengers_injured, 0.0 passengers_killed, 0.0 pedestrian_injured, 0.0 pedestrian_killed, Fair (Night), EDSA B. Serrano St. (5th St.) Caloocan",MMDA Road Safety Unit,,504ba471-622f-4783-93d2-dd454a34a8f6,2011-11-07,20:30:00,EDSA beside SSS Office Caloocan,0,0,0,0,0,0,0,0,0,0,2011-11-08 4:30,Property,14.65712586,120.9882927,Side Swipe
None,EDSA,None,None,"Unknown, Angle Impact, 0.0 drivers_injured, 0.0 drivers_killed, 0.0 passengers_injured, 0.0 passengers_killed, 0.0 pedestrian_injured, 0.0 pedestrian_killed, Fair (Day), EDSA Malvar U-Turn Slot Caloocan",MMDA Road Safety Unit,,a76a74df-5a7b-45e9-a308-55f5b211f858,2011-11-05,02:00:00,EDSA J. De Jesus Caloocan,0,0,0,0,0,0,0,0,0,0,2011-11-05 10:00,Property,14.65729555,120.9930964,Angle Impact
None,EDSA,None,None,"Unknown, Angle Impact, 0.0 drivers_injured, 0.0 drivers_killed, 0.0 passengers_injured, 0.0 passengers_killed, 0.0 pedestrian_injured, 0.0 pedestrian_killed, Fair (Day), EDSA A. De Jesus St. Caloocan",MMDA Road Safety Unit,,ff57bf7d-1fb5-4a5c-b459-e74234480388,2011-11-04,23:00:00,EDSA A. De Jesus St. Caloocan,0,0,0,0,0,0,0,0,0,0,2011-11-05 7:00,Property,14.65712835,120.990432,Angle Impact
None,EDSA,None,None,"Unknown, Rear-end, 0.0 drivers_injured, 0.0 drivers_killed, 0.0 passengers_injured, 0.0 passengers_killed, 0.0 pedestrian_injured, 0.0 pedestrian_killed, Fair (Night), EDSA fronting MCU Hospital Caloocan",MMDA Road Safety Unit,,0a3ed2c6-8ed3-40e6-a4af-d7d1bc2fdde6,2011-11-02,13:00:00,EDSA A. De Jesus St. Caloocan,0,0,0,0,0,0,0,0,0,0,2011-11-02 21:00,Property,14.65728485,120.9863001,Rear-End
None,EDSA,None,None,"Unknown, Angle Impact, 0.0 drivers_injured, 0.0 drivers_killed, 0.0 passengers_injured, 0.0 passengers_killed, 0.0 pedestrian_injured, 0.0 pedestrian_killed, Fair (Day), EDSA A. De Jesus St. Caloocan",MMDA Road Safety Unit,,c6620b98-d0e4-47c7-b711-cbb3e4ae47d8,2011-10-31,02:45:00,EDSA near corner a. De Jesus St. Caloocan,0,0,0,0,0,0,0,0,0,0,2011-10-31 10:45,Property,14.65712835,120.990432,Angle Impact
None,EDSA,None,None,"Unknown, Side Swipe, 0.0 drivers_injured, 0.0 drivers_killed, 0.0 passengers_injured, 0.0 passengers_killed, 0.0 pedestrian_injured, 0.0 pedestrian_killed, Fair (Day), EDSA A. De Jesus St. Caloocan",MMDA Road Safety Unit,,bc25e029-6246-4b7b-92f7-d8a4204770bf,2011-10-29,02:25:00,EDSA De Jesus St. Caloocan,0,0,0,0,0,0,0,0,0,0,2011-10-29 10:25,Property,14.65712835,120.990432,Side Swipe
None,EDSA,None,None,"Unknown, Rear-end, 0.0 drivers_injured, 0.0 drivers_killed, 0.0 passengers_injured, 0.0 passengers_killed, 0.0 pedestrian_injured, 0.0 pedestrian_killed, Fair (Night), EDSA Biglang Awa Caloocan",MMDA Road Safety Unit,,b095d769-ad4d-4342-9d0f-43b2fcbe348d,2011-10-28,21:30:00,EDSA fronting MCU Hospital Caloocan,0,0,0,0,0,0,0,0,0,0,2011-10-29 5:30,Property,14.65719007,120.9944415,Rear-End
None,EDSA,None,None,"Unknown, Rear-end, 0.0 drivers_injured, 0.0 drivers_killed, 0.0 passengers_injured, 0.0 passengers_killed, 0.0 pedestrian_injured, 0.0 pedestrian_killed, Fair (Day), EDSA A. De Jesus St. Caloocan",MMDA Road Safety Unit,,c7f11f48-481e-4693-8066-12e5e43854c6,2011-10-25,00:20:00,EDSA Morning Breze Caloocan,0,0,0,0,0,0,0,0,0,0,2011-10-25 8:20,Property,14.65712835,120.990432,Rear-End
None,EDSA,None,None,"Unknown, Side Swipe, 0.0 drivers_injured, 0.0 drivers_killed, 0.0 passengers_injured, 0.0 passengers_killed, 0.0 pedestrian_injured, 0.0 pedestrian_killed, Fair (Day), EDSA SSS Bldg., UTS Caloocan",MMDA Road Safety Unit,,0702d0d1-6310-4756-a7e1-e7facf4ba8aa,2011-10-23,22:45:00,EDSA Gen. Tinio Caloocan,0,0,0,0,0,0,0,0,0,0,2011-10-24 6:45,Property,14.65734341,120.9929338,Side Swipe
None,EDSA,None,None,"Unknown, Side Swipe, 0.0 drivers_injured, 0.0 drivers_killed, 0.0 passengers_injured, 0.0 passengers_killed, 0.0 pedestrian_injured, 0.0 pedestrian_killed, Fair (Night), EDSA fronting Sogo Hotel Caloocan",MMDA Road Safety Unit,,e4c002fe-f907-4b4c-a559-7d5658b2bfe3,2011-10-19,14:30:00,EDSA J. De Jesus St. Caloocan,0,0,0,0,0,0,0,0,0,0,2011-10-19 22:30,Property,14.6572795,120.984717,Side Swipe
None,EDSA,None,None,"Unknown, Side Swipe, 0.0 drivers_injured, 0.0 drivers_killed, 0.0 passengers_injured, 0.0 passengers_killed, 0.0 pedestrian_injured, 0.0 pedestrian_killed, Fair (Night), EDSA Circle East Caloocan",MMDA Road Safety Unit,,a8416816-58ad-4852-98f9-ef70b5af4614,2011-10-16,11:05:00,EDSA fornting MCU Hospital Caloocan,0,0,0,0,0,0,0,0,0,0,2011-10-16 19:05,Property,14.65707879,120.9843173,Side Swipe
None,EDSA,None,None,"Unknown, Side Swipe, 0.0 drivers_injured, 0.0 drivers_killed, 0.0 passengers_injured, 0.0 passengers_killed, 0.0 pedestrian_injured, 0.0 pedestrian_killed, Fair (Day), EDSA Bonifacio Memorial Circle Caloocan",MMDA Road Safety Unit,,88839893-8226-4935-9dc3-b7ff414e1d27,2011-10-15,08:55:00,EDSA Gen. Tinio St. Caloocan,0,0,0,0,0,0,0,0,0,0,2011-10-15 16:55,Property,14.65732796,120.9842086,Side Swipe
None,EDSA,None,None,"Unknown, Side Swipe, 0.0 drivers_injured, 0.0 drivers_killed, 0.0 passengers_injured, 0.0 passengers_killed, 0.0 pedestrian_injured, 0.0 pedestrian_killed, Fair (Day), EDSA fronting of BIR (WB) Caloocan",MMDA Road Safety Unit,,5b99e5c1-c8a7-4ef9-8cc8-9c4e72cda761,2011-10-15,08:20:00,EDSA fronting Caltex Gas Station Caloocan,0,0,0,0,0,0,0,0,0,0,2011-10-15 16:20,Property,14.65732623,120.991198,Side Swipe
None,EDSA,None,None,"Unknown, Angle Impact, 0.0 drivers_injured, 0.0 drivers_killed, 0.0 passengers_injured, 0.0 passengers_killed, 0.0 pedestrian_injured, 0.0 pedestrian_killed, Fair (Night), EDSA A. De Jesus St. Caloocan",MMDA Road Safety Unit,,b079d081-9f94-485a-a19b-5c5b928e5ab2,2011-10-13,14:30:00,EDSA fronting MCU Hospital Caloocan,0,0,0,0,0,0,0,0,0,0,2011-10-13 22:30,Property,14.65712835,120.990432,Angle Impact
None,EDSA,None,None,"Unknown, Side Swipe, 0.0 drivers_injured, 0.0 drivers_killed, 0.0 passengers_injured, 0.0 passengers_killed, 0.0 pedestrian_injured, 0.0 pedestrian_killed, Fair (Day), EDSA A. De Jesus St. (WB) Caloocan",MMDA Road Safety Unit,,90abc6f9-dfda-416f-a6dd-ba9e86aa0370,2011-10-11,09:45:00,EDSA Tinio St. Caloocan,0,0,0,0,0,0,0,0,0,0,2011-10-11 17:45,Property,14.65714508,120.9905142,Side Swipe
None,EDSA,None,None,"Unknown, Side Swipe, 0.0 drivers_injured, 0.0 drivers_killed, 0.0 passengers_injured, 0.0 passengers_killed, 0.0 pedestrian_injured, 0.0 pedestrian_killed, Fair (Night), EDSA fronting Clover Inn Caloocan",MMDA Road Safety Unit,,3e0d10d6-a77f-4e39-989e-88d47662a5e8,2011-10-09,14:45:00,EDSA J.De Jesus St. Caloocan,0,0,0,0,0,0,0,0,0,0,2011-10-09 22:45,Property,14.6573762,120.9875993,Side Swipe
None,EDSA,None,None,"Unknown, Rear-end, 0.0 drivers_injured, 0.0 drivers_killed, 0.0 passengers_injured, 0.0 passengers_killed, 0.0 pedestrian_injured, 0.0 pedestrian_killed, Fair (Day), EDSA fronting of Security bank (EB) Caloocan",MMDA Road Safety Unit,,f23a8e78-1fe2-42ae-b951-258499d77682,2011-10-09,02:30:00,EDSA J.De Jesus Caloocan,0,0,0,0,0,0,0,0,0,0,2011-10-09 10:30,Property,14.65711401,120.9929158,Rear-End
None,EDSA,None,None,"Unknown, Angle Impact, 0.0 drivers_injured, 0.0 drivers_killed, 0.0 passengers_injured, 0.0 passengers_killed, 0.0 pedestrian_injured, 0.0 pedestrian_killed, Fair (Day), EDSA A. De Jesus St. Caloocan",MMDA Road Safety Unit,,42e000a6-1e65-4e74-ad60-2ae094f09f9b,2011-10-09,02:00:00,EDSA Approaching A.D. Jesus St. Caloocan,0,0,0,0,0,0,0,0,0,0,2011-10-09 10:00,Property,14.65712835,120.990432,Angle Impact
None,EDSA,None,None,"Unknown, Side Swipe, 0.0 drivers_injured, 0.0 drivers_killed, 0.0 passengers_injured, 0.0 passengers_killed, 0.0 pedestrian_injured, 0.0 pedestrian_killed, Fair (Night), EDSA G. Malvar Caloocan",MMDA Road Safety Unit,,ad49ff1d-7f32-4a42-b94f-97247904445d,2011-10-08,11:35:00,EDSA A. De Jesus St. Caloocan,0,0,0,0,0,0,0,0,0,0,2011-10-08 19:35,Property,14.65722116,120.9930912,Side Swipe
None,EDSA,None,None,"Unknown, Angle Impact, 0.0 drivers_injured, 0.0 drivers_killed, 0.0 passengers_injured, 0.0 passengers_killed, 0.0 pedestrian_injured, 0.0 pedestrian_killed, Fair (Day), EDSA B. Serrano St. (5th St.) Caloocan",MMDA Road Safety Unit,,737927e4-72e9-4f3a-8a6a-9c653f642d06,2011-10-08,06:45:00,EDSA A. De Jesus St. Caloocan,0,0,0,0,0,0,0,0,0,0,2011-10-08 14:45,Property,14.65712586,120.9882927,Angle Impact
None,EDSA,None,None,"Unknown, Side Swipe, 0.0 drivers_injured, 0.0 drivers_killed, 0.0 passengers_injured, 0.0 passengers_killed, 0.0 pedestrian_injured, 0.0 pedestrian_killed, Fair (Day), EDSA across SSS Bldg. (EB) Caloocan",MMDA Road Safety Unit,,4bc814b9-683f-4c0a-9885-440c81cd5471,2011-10-05,03:30:00,EDSA De Jesus St. Caloocan,0,0,0,0,0,0,0,0,0,0,2011-10-05 11:30,Property,14.65735715,120.9931399,Side Swipe
None,EDSA,None,None,"Unknown, Rear-end, 0.0 drivers_injured, 0.0 drivers_killed, 0.0 passengers_injured, 0.0 passengers_killed, 0.0 pedestrian_injured, 0.0 pedestrian_killed, Fair (Day), EDSA Gen. Simon St. Caloocan",MMDA Road Safety Unit,,73c78ee8-001b-4228-a78e-84fd4c966384,2011-10-03,03:15:00,EDSA De Jesus St. Caloocan,0,0,0,0,0,0,0,0,0,0,2011-10-03 11:15,Property,14.65727772,120.9854774,Rear-End
None,EDSA,None,None,"Unknown, Rear-end, 0.0 drivers_injured, 0.0 drivers_killed, 0.0 passengers_injured, 0.0 passengers_killed, 0.0 pedestrian_injured, 0.0 pedestrian_killed, Fair (Day), EDSA A. De Jesus St. Caloocan",MMDA Road Safety Unit,,c32d7bdc-39f6-49bf-bc0c-25065aee182c,2011-10-03,01:30:00,EDSA G. De Jesus St. Caloocan,0,0,0,0,0,0,0,0,0,0,2011-10-03 9:30,Property,14.65712835,120.990432,Rear-End
None,EDSA,None,None,"Unknown, Rear-end, 0.0 drivers_injured, 0.0 drivers_killed, 0.0 passengers_injured, 0.0 passengers_killed, 0.0 pedestrian_injured, 0.0 pedestrian_killed, Fair (Night), EDSA B. Serrano St. (EB) Caloocan",MMDA Road Safety Unit,,ebf562dd-d79e-451e-9bba-b963baa480dd,2011-10-01,19:05:00,EDSA fronting MCU-FDTMF Hospital Caloocan,0,0,0,0,0,0,0,0,0,0,2011-10-02 3:05,Property,14.65712586,120.9882927,Rear-End
None,EDSA,None,None,"Unknown, Rear-end, 0.0 drivers_injured, 0.0 drivers_killed, 1.0 passengers_injured, 0.0 passengers_killed, 0.0 pedestrian_injured, 0.0 pedestrian_killed, Fair (Day), EDSA fronting Social Security System Caloocan",MMDA Road Safety Unit,,6630eda3-f74c-40e0-9172-6b268944cb69,2011-09-30,03:55:00,EDSA fronting Honda Cars Caloocan,0,0,0,0,1,0,0,0,0,1,2011-09-30 11:55,Injury,14.65731005,120.9930806,Rear-End
None,EDSA,None,None,"Unknown, Head-on, 0.0 drivers_injured, 0.0 drivers_killed, 0.0 passengers_injured, 0.0 passengers_killed, 0.0 pedestrian_injured, 0.0 pedestrian_killed, Fair (Day), EDSA A. De Jesus St. Caloocan",MMDA Road Safety Unit,,4abde044-8ec4-4746-aa09-086206cf6aa7,2011-09-26,02:30:00,EDSA fronting 7-11 Store Caloocan,0,0,0,0,0,0,0,0,0,0,2011-09-26 10:30,Property,14.65712835,120.990432,Head-On
None,EDSA,None,None,"Unknown, Angle Impact, 0.0 drivers_injured, 0.0 drivers_killed, 0.0 passengers_injured, 0.0 passengers_killed, 0.0 pedestrian_injured, 0.0 pedestrian_killed, Fair (Day), EDSA fronting Pag-ibig Caloocan",MMDA Road Safety Unit,,0ae719f6-945e-43b5-b889-d9cc876362a3,2011-09-25,22:00:00,EDSA near corner A.De Jesus St. Caloocan,0,0,0,0,0,0,0,0,0,0,2011-09-26 6:00,Property,14.65739117,120.9968447,Angle Impact
None,EDSA,None,None,"Unknown, Hit Object (No Object Stated), 0.0 drivers_injured, 0.0 drivers_killed, 0.0 passengers_injured, 0.0 passengers_killed, 0.0 pedestrian_injured, 0.0 pedestrian_killed, Fair (Night), EDSA Biglang Awa Caloocan",MMDA Road Safety Unit,,5ab4a782-d09f-47a1-a88d-3e516ea2c816,2011-09-24,13:00:00,EDSA Benin St. Caloocan,0,0,0,0,0,0,0,0,0,0,2011-09-24 21:00,Property,14.65719007,120.9944415,Hit Object
None,EDSA,None,None,"Unknown, Side Swipe, 0.0 drivers_injured, 0.0 drivers_killed, 0.0 passengers_injured, 0.0 passengers_killed, 0.0 pedestrian_injured, 0.0 pedestrian_killed, Fair (Day), EDSA Bonifacio Memorial Circle (WB) Caloocan",MMDA Road Safety Unit,,d8fc2b5f-0a76-4189-b925-0125ad6b55dd,2011-09-21,05:05:00,EDSA fronting SSS Bldg.  Caloocan,0,0,0,0,0,0,0,0,0,0,2011-09-21 13:05,Property,14.65732796,120.9842086,Side Swipe
None,EDSA,None,None,"Unknown, Angle Impact, 0.0 drivers_injured, 0.0 drivers_killed, 1.0 passengers_injured, 0.0 passengers_killed, 0.0 pedestrian_injured, 0.0 pedestrian_killed, Fair (Night), EDSA fronting MCU Hospital (WB) Caloocan",MMDA Road Safety Unit,,e50bf8a7-6c69-4f56-a329-7114724bb9ab,2011-09-19,10:00:00,EDSA fronting 7-11 Store Caloocan,0,0,0,0,1,0,0,0,0,1,2011-09-19 18:00,Injury,14.65728485,120.9863001,Angle Impact
None,EDSA,None,None,"Unknown, Rear-end, 0.0 drivers_injured, 0.0 drivers_killed, 0.0 passengers_injured, 0.0 passengers_killed, 0.0 pedestrian_injured, 0.0 pedestrian_killed, Fair (Day), EDSA De Jesus St. Caloocan",MMDA Road Safety Unit,,c72a6626-06df-4534-90ca-c733c4105db9,2011-09-18,23:20:00,EDSA Biglang Awa Caloocan,0,0,0,0,0,0,0,0,0,0,2011-09-19 7:20,Property,14.65713667,120.9882603,Rear-End
None,EDSA,None,None,"Unknown, Angle Impact, 0.0 drivers_injured, 0.0 drivers_killed, 0.0 passengers_injured, 0.0 passengers_killed, 0.0 pedestrian_injured, 0.0 pedestrian_killed, Fair (Day), EDSA fronting BIR Caloocan",MMDA Road Safety Unit,,d4e21ed9-4e16-4707-8572-b9d163f272ce,2011-09-17,06:30:00,"EDSA Urbano Plata, Bagong Barrio Caloocan",0,0,0,0,0,0,0,0,0,0,2011-09-17 14:30,Property,14.65732798,120.9912859,Angle Impact
None,EDSA,None,None,"Unknown, Hit Parked Vehicle, 0.0 drivers_injured, 0.0 drivers_killed, 0.0 passengers_injured, 0.0 passengers_killed, 0.0 pedestrian_injured, 0.0 pedestrian_killed, Fair (Day), EDSA Morning Breeze Caloocan",MMDA Road Safety Unit,,999bfa52-9b4f-46d5-8f42-e1c64fc47246,2011-09-13,02:30:00,EDSA fronting SSS Bldg.  Caloocan,0,0,0,0,0,0,0,0,0,0,2011-09-13 10:30,Property,14.65729944,120.9880998,Hit Object
None,EDSA,None,None,"Unknown, Angle Impact, 0.0 drivers_injured, 0.0 drivers_killed, 0.0 passengers_injured, 0.0 passengers_killed, 0.0 pedestrian_injured, 0.0 pedestrian_killed, Fair (Night), EDSA A. De Jesus St. Caloocan",MMDA Road Safety Unit,,fa32dd63-6c1e-4db5-9034-82c87d185eda,2011-09-09,15:30:00,EDSA G. De Jesus St. Caloocan,0,0,0,0,0,0,0,0,0,0,2011-09-09 23:30,Property,14.65712835,120.990432,Angle Impact
None,EDSA,None,None,"Unknown, Rear-end, 0.0 drivers_injured, 0.0 drivers_killed, 0.0 passengers_injured, 0.0 passengers_killed, 0.0 pedestrian_injured, 0.0 pedestrian_killed, Fair (Night), EDSA near Biglang Awa Caloocan",MMDA Road Safety Unit,,2b600ad8-7c8b-4e2c-9b28-3fbaf15429f9,2011-09-08,18:30:00,EDSA fronting MCU-FDTMF Hospital Caloocan,0,0,0,0,0,0,0,0,0,0,2011-09-09 2:30,Property,14.65719787,120.9943965,Rear-End
None,EDSA,None,None,"Unknown, Rear-end, 0.0 drivers_injured, 0.0 drivers_killed, 0.0 passengers_injured, 0.0 passengers_killed, 0.0 pedestrian_injured, 0.0 pedestrian_killed, Fair (Night), EDSA BMC Caloocan",MMDA Road Safety Unit,,b396bd51-b18d-4573-a483-d5a84847f58e,2011-09-05,13:45:00,EDSA cor. Gen. Evangelista Caloocan,0,0,0,0,0,0,0,0,0,0,2011-09-05 21:45,Property,14.65727305,120.9844029,Rear-End
None,EDSA,None,None,"Unknown, Rear-end, 1.0 drivers_injured, 0.0 drivers_killed, 0.0 passengers_injured, 0.0 passengers_killed, 0.0 pedestrian_injured, 0.0 pedestrian_killed, Rain (Day), EDSA SSS   Caloocan",MMDA Road Safety Unit,,f29d81cc-b198-4360-af53-e79f4c24e51c,2011-08-29,09:00:00,EDSA Gen. Tinio Caloocan,0,0,0,1,0,0,0,0,0,1,2011-08-29 17:00,Injury,14.65734341,120.9929338,Rear-End
None,EDSA,None,None,"Unknown, Side Swipe, 0.0 drivers_injured, 0.0 drivers_killed, 0.0 passengers_injured, 0.0 passengers_killed, 0.0 pedestrian_injured, 0.0 pedestrian_killed, Fair (Day), EDSA fronting Bank of Makati (EB) Caloocan",MMDA Road Safety Unit,,dcf8d543-4430-4f35-9587-a97ae941126a,2011-08-27,04:35:00,EDSA A. De Jesus St. Caloocan,0,0,0,0,0,0,0,0,0,0,2011-08-27 12:35,Property,14.65728262,120.9885272,Side Swipe
None,EDSA,None,None,"Unknown, Rear-end, 0.0 drivers_injured, 0.0 drivers_killed, 0.0 passengers_injured, 0.0 passengers_killed, 0.0 pedestrian_injured, 0.0 pedestrian_killed, Fair (Night), EDSA fronting Mits Motors (WB) Caloocan",MMDA Road Safety Unit,,02417bf4-6cf9-46b2-8805-930b41681f4c,2011-08-26,15:30:00,EDSA Gen. Tinio Caloocan,0,0,0,0,0,0,0,0,0,0,2011-08-26 23:30,Property,14.65743651,120.9945787,Rear-End