LOCATION_TEXT,ROAD,WEATHER,LIGHT,DESC,REPORTING_AGENCY,MAIN_CAUSE,INCIDENTDETAILS_ID,DATE_UTC,TIME_UTC,ADDRESS,killed_driver,killed_passenger,killed_pedestrian,injured_driver,injured_passenger,injured_pedestrian,killed_uncategorized,injured_uncategorized,killed_total,injured_total,DATETIME_PST,SEVERITY,Y,X,COLLISION_TYPE
None,EDSA,None,None,"Unknown, Rear-end, 0.0 drivers_injured, 0.0 drivers_killed, 0.0 passengers_injured, 0.0 passengers_killed, 0.0 pedestrian_injured, 0.0 pedestrian_killed, Fair (Day), EDSA A. De Jesus St. (EB) Caloocan",MMDA Road Safety Unit,,fe0fe4bc-f4e3-4d7e-894e-399415fc1442,2011-08-22,06:00:00,EDSA  fronting Jollibee Caloocan,0,0,0,0,0,0,0,0,0,0,2011-08-22 14:00,Property,14.65709602,120.9903994,Rear-End
None,EDSA,None,None,"Unknown, Side Swipe, 0.0 drivers_injured, 0.0 drivers_killed, 0.0 passengers_injured, 0.0 passengers_killed, 0.0 pedestrian_injured, 0.0 pedestrian_killed, Fair (Day), EDSA Gen. Tinio St. (WB) Caloocan",MMDA Road Safety Unit,,22bfcb72-aeaa-4959-ad08-13a94925a672,2011-08-22,03:30:00,EDSA Biglang Awa St. Caloocan,0,0,0,0,0,0,0,0,0,0,2011-08-22 11:30,Property,14.65727124,120.9902826,Side Swipe
None,EDSA,None,None,"Unknown, Side Swipe, 0.0 drivers_injured, 0.0 drivers_killed, 0.0 passengers_injured, 0.0 passengers_killed, 0.0 pedestrian_injured, 0.0 pedestrian_killed, Fair (Day), EDSA Malvar St. Caloocan",MMDA Road Safety Unit,,77262a2b-ad7e-46de-92c6-827c3313b282,2011-08-21,23:00:00,EDSA fronting MCU-FDTMF Hospital Caloocan,0,0,0,0,0,0,0,0,0,0,2011-08-22 7:00,Property,14.65729555,120.9930964,Side Swipe
None,EDSA,None,None,"Unknown, Side Swipe, 0.0 drivers_injured, 0.0 drivers_killed, 0.0 passengers_injured, 0.0 passengers_killed, 0.0 pedestrian_injured, 0.0 pedestrian_killed, Fair (Night), EDSA fronting Sogo Hotel Caloocan",MMDA Road Safety Unit,,11b9808d-f026-43d4-8a65-6fb83abcf8d1,2011-08-14,17:35:00,EDSA A. De Jesus St. Caloocan,0,0,0,0,0,0,0,0,0,0,2011-08-15 1:35,Property,14.6572795,120.984717,Side Swipe
None,EDSA,None,None,"Unknown, Side Swipe, 0.0 drivers_injured, 0.0 drivers_killed, 0.0 passengers_injured, 0.0 passengers_killed, 0.0 pedestrian_injured, 0.0 pedestrian_killed, Fair (Day), EDSA Gen. Malvar Caloocan",MMDA Road Safety Unit,,658254d5-fa28-4305-bf3c-5c764242f5d6,2011-08-13,06:35:00,EDSA Gen. Tinio St. Caloocan,0,0,0,0,0,0,0,0,0,0,2011-08-13 14:35,Property,14.6573376,120.993091,Side Swipe
None,EDSA,None,None,"Unknown, Rear-end, 0.0 drivers_injured, 0.0 drivers_killed, 0.0 passengers_injured, 0.0 passengers_killed, 0.0 pedestrian_injured, 0.0 pedestrian_killed, Fair (Night), EDSA fronting Max's Restaurant Caloocan",MMDA Road Safety Unit,,27d48d1d-6dbb-4b72-aef5-cba9042d7870,2011-08-10,17:30:00,EDSA Biglang Awa St. Caloocan,0,0,0,0,0,0,0,0,0,0,2011-08-11 1:30,Property,14.657141,120.9918965,Rear-End
None,EDSA,None,None,"Unknown, Side Swipe, 0.0 drivers_injured, 0.0 drivers_killed, 0.0 passengers_injured, 0.0 passengers_killed, 0.0 pedestrian_injured, 0.0 pedestrian_killed, Fair (Day), EDSA fronting SSS, U-Turn Slot (WB) Caloocan",MMDA Road Safety Unit,,cd6b0a88-f51a-49a7-b7df-809f71e1e35e,2011-08-10,01:10:00,EDSA fronting Jollibee Caloocan,0,0,0,0,0,0,0,0,0,0,2011-08-10 9:10,Property,14.65739195,120.9931284,Side Swipe
None,EDSA,None,None,"Unknown, Rear-end, 0.0 drivers_injured, 0.0 drivers_killed, 0.0 passengers_injured, 0.0 passengers_killed, 0.0 pedestrian_injured, 0.0 pedestrian_killed, Fair (Night), EDSA fronting Mitsubishi Motors Caloocan",MMDA Road Safety Unit,,7275940b-10a2-4e47-9458-75e564c623b5,2011-08-09,17:30:00,EDSA fronting SSS Bldg. Caloocan,0,0,0,0,0,0,0,0,0,0,2011-08-10 1:30,Property,14.65743651,120.9945787,Rear-End
None,EDSA,None,None,"Unknown, Rear-end, 0.0 drivers_injured, 0.0 drivers_killed, 0.0 passengers_injured, 0.0 passengers_killed, 0.0 pedestrian_injured, 0.0 pedestrian_killed, Fair (Day), EDSA Gen. Concepcion St. Caloocan",MMDA Road Safety Unit,,63e0399a-cc41-4709-b5a9-5b48a5909645,2011-08-08,06:30:00,EDSA fronting MCU-FDTMF Hospital Caloocan,0,0,0,0,0,0,0,0,0,0,2011-08-08 14:30,Property,14.65732528,120.9909733,Rear-End
None,EDSA,None,None,"Unknown, Rear-end, 0.0 drivers_injured, 0.0 drivers_killed, 0.0 passengers_injured, 0.0 passengers_killed, 0.0 pedestrian_injured, 0.0 pedestrian_killed, Fair (Day), EDSA fronting 711 Convenience Store Caloocan",MMDA Road Safety Unit,,e9b5aaea-219e-4f51-89ce-52153157142d,2011-08-06,07:00:00,EDSA Approaching Bonifacio Monument circle Caloocan,0,0,0,0,0,0,0,0,0,0,2011-08-06 15:00,Property,14.65726747,120.9874677,Rear-End
None,EDSA,None,None,"Unknown, Side Swipe, 0.0 drivers_injured, 0.0 drivers_killed, 0.0 passengers_injured, 0.0 passengers_killed, 0.0 pedestrian_injured, 0.0 pedestrian_killed, Fair (Day), EDSA Gen. Malvar Caloocan",MMDA Road Safety Unit,,d0a72ba0-2bd6-4a43-81ae-7c14ea3d92b1,2011-07-25,06:25:00,EDSA Approaching Cal. / QC Boundary Caloocan,0,0,0,0,0,0,0,0,0,0,2011-07-25 14:25,Property,14.6573376,120.993091,Side Swipe
None,EDSA,None,None,"Unknown, Angle Impact, 0.0 drivers_injured, 0.0 drivers_killed, 0.0 passengers_injured, 0.0 passengers_killed, 0.0 pedestrian_injured, 0.0 pedestrian_killed, Fair (Day), EDSA fronting Caltex Gas Station Caloocan",MMDA Road Safety Unit,,a4b1702a-9d8e-4147-9ba7-a5c0f5ed3786,2011-07-25,03:25:00,EDSA A. De Jesus St. Caloocan,0,0,0,0,0,0,0,0,0,0,2011-07-25 11:25,Property,14.65733267,120.9918289,Angle Impact
None,EDSA,None,None,"Unknown, Side Swipe, 0.0 drivers_injured, 0.0 drivers_killed, 0.0 passengers_injured, 0.0 passengers_killed, 0.0 pedestrian_injured, 0.0 pedestrian_killed, Fair (Day), EDSA between Ponce & Arelano St. Caloocan",MMDA Road Safety Unit,,6bc76a62-849a-4061-bf2c-f61046307e0f,2011-07-23,09:50:00,EDSA fronting A. De Jesus Caloocan,0,0,0,0,0,0,0,0,0,0,2011-07-23 17:50,Property,14.65735831,120.9920758,Side Swipe
None,EDSA,None,None,"Unknown, Side Swipe, 0.0 drivers_injured, 0.0 drivers_killed, 0.0 passengers_injured, 0.0 passengers_killed, 0.0 pedestrian_injured, 0.0 pedestrian_killed, Fair (Day), EDSA B. Serrano St. (5th St.) Caloocan",MMDA Road Safety Unit,,c9cb6871-1d97-46b1-a47a-42e13340554c,2011-07-23,05:00:00,EDSA fronting MCU-FDTMF Hospital Caloocan,0,0,0,0,0,0,0,0,0,0,2011-07-23 13:00,Property,14.65712586,120.9882927,Side Swipe
None,EDSA,None,None,"Unknown, Side Swipe, 0.0 drivers_injured, 0.0 drivers_killed, 0.0 passengers_injured, 0.0 passengers_killed, 0.0 pedestrian_injured, 0.0 pedestrian_killed, Fair (Night), EDSA B. Serrano St. (5th St.) Caloocan",MMDA Road Safety Unit,,efc3f709-e499-4615-92e1-64b41a23a59b,2011-07-19,14:15:00,EDSA fronting Honda Cars Caloocan,0,0,0,0,0,0,0,0,0,0,2011-07-19 22:15,Property,14.65712586,120.9882927,Side Swipe
None,EDSA,None,None,"Unknown, Angle Impact, 0.0 drivers_injured, 0.0 drivers_killed, 0.0 passengers_injured, 0.0 passengers_killed, 0.0 pedestrian_injured, 0.0 pedestrian_killed, Fair (Night), EDSA G. Tinio, U-Turn Slot Caloocan",MMDA Road Safety Unit,,ebe62603-fcd5-4a47-b90f-4c4ab90b026b,2011-07-12,15:20:00,EDSA fronting MCU Hospital Caloocan,0,0,0,0,0,0,0,0,0,0,2011-07-12 23:20,Property,14.65727025,120.9901674,Angle Impact
None,EDSA,None,None,"Unknown, Side Swipe, 0.0 drivers_injured, 0.0 drivers_killed, 0.0 passengers_injured, 0.0 passengers_killed, 0.0 pedestrian_injured, 0.0 pedestrian_killed, Fair (Night), EDSA Bonifacio Memorial Circle Caloocan",MMDA Road Safety Unit,,06835903-a2ad-416d-8a87-365d4f9d129b,2011-07-11,14:30:00,EDSA Gen. Simon St. Caloocan,0,0,0,0,0,0,0,0,0,0,2011-07-11 22:30,Property,14.65732796,120.9842086,Side Swipe
None,EDSA,None,None,"Unknown, Rear-end, 0.0 drivers_injured, 0.0 drivers_killed, 0.0 passengers_injured, 0.0 passengers_killed, 0.0 pedestrian_injured, 0.0 pedestrian_killed, Fair (Day), EDSA Tandang Sora Caloocan",MMDA Road Safety Unit,,e8dabf04-0c9a-4202-a9b0-441a720b1097,2011-07-11,03:00:00,EDSA B. Serrano Ave. Caloocan,0,0,0,0,0,0,0,0,0,0,2011-07-11 11:00,Property,14.65736758,120.9940203,Rear-End
None,EDSA,None,None,"Unknown, Side Swipe, 0.0 drivers_injured, 0.0 drivers_killed, 0.0 passengers_injured, 0.0 passengers_killed, 0.0 pedestrian_injured, 0.0 pedestrian_killed, Fair (Day), EDSA Bonifacio Memorial Circle Caloocan",MMDA Road Safety Unit,,c46f127b-2c64-4e12-ac52-081dc9bc7230,2011-07-11,02:15:00,EDSA A. De Jesus St. Caloocan,0,0,0,0,0,0,0,0,0,0,2011-07-11 10:15,Property,14.65732796,120.9842086,Side Swipe
None,EDSA,None,None,"Unknown, Side Swipe, 0.0 drivers_injured, 0.0 drivers_killed, 0.0 passengers_injured, 0.0 passengers_killed, 0.0 pedestrian_injured, 0.0 pedestrian_killed, Fair (Night), EDSA Asuncion St. Caloocan",MMDA Road Safety Unit,,c1e3b6bb-a697-482a-bb3c-368fa8d57645,2011-07-10,19:45:00,EDSA Balintawak Cloverleaf  Caloocan,0,0,0,0,0,0,0,0,0,0,2011-07-11 3:45,Property,14.65727118,120.9876199,Side Swipe
None,EDSA,None,None,"Unknown, Side Swipe, 0.0 drivers_injured, 0.0 drivers_killed, 0.0 passengers_injured, 0.0 passengers_killed, 0.0 pedestrian_injured, 0.0 pedestrian_killed, Fair (Day), EDSA A. De Jesus St. Caloocan",MMDA Road Safety Unit,,871b4883-4e2e-4921-8eef-0ff7ad749bc6,2011-07-09,01:30:00,EDSA A. De Jesus St. Caloocan,0,0,0,0,0,0,0,0,0,0,2011-07-09 9:30,Property,14.65712835,120.990432,Side Swipe
None,EDSA,None,None,"Unknown, Side Swipe, 0.0 drivers_injured, 0.0 drivers_killed, 0.0 passengers_injured, 0.0 passengers_killed, 0.0 pedestrian_injured, 0.0 pedestrian_killed, Fair (Day), EDSA B. Serrano St. (5th St.) Caloocan",MMDA Road Safety Unit,,e8d98566-f4dd-4f31-bc6f-d027ea24ecce,2011-07-07,02:30:00,EDSA fronting SSS Office Caloocan,0,0,0,0,0,0,0,0,0,0,2011-07-07 10:30,Property,14.65712586,120.9882927,Side Swipe
None,EDSA,None,None,"Unknown, Rear-end, 0.0 drivers_injured, 0.0 drivers_killed, 0.0 passengers_injured, 0.0 passengers_killed, 0.0 pedestrian_injured, 0.0 pedestrian_killed, Fair (Night), EDSA MCU Caloocan",MMDA Road Safety Unit,,8fb37f7b-e2b4-4b70-a03b-a38c59266e1c,2011-07-03,12:00:00,EDSA fronting Monumento  Caloocan,0,0,0,0,0,0,0,0,0,0,2011-07-03 20:00,Property,14.6573146,120.9860365,Rear-End
None,EDSA,None,None,"Unknown, Side Swipe, 0.0 drivers_injured, 0.0 drivers_killed, 0.0 passengers_injured, 0.0 passengers_killed, 0.0 pedestrian_injured, 0.0 pedestrian_killed, Fair (Day), EDSA A. De Jesus St. Caloocan",MMDA Road Safety Unit,,83dcbcf4-222f-457f-ad1b-75572864fb58,2011-07-01,03:45:00,EDSA fronting Honda Cars Caloocan,0,0,0,0,0,0,0,0,0,0,2011-07-01 11:45,Property,14.65712835,120.990432,Side Swipe
None,EDSA,None,None,"Unknown, Rear-end, 0.0 drivers_injured, 0.0 drivers_killed, 0.0 passengers_injured, 0.0 passengers_killed, 0.0 pedestrian_injured, 0.0 pedestrian_killed, Fair (Night), EDSA A. De Jesus St. Caloocan",MMDA Road Safety Unit,,5bd06bf7-fa22-49c1-a608-0c4ca28c61fb,2011-06-30,13:45:00,EDSA fronting MCU-FDTMF Hospital Caloocan,0,0,0,0,0,0,0,0,0,0,2011-06-30 21:45,Property,14.65712835,120.990432,Rear-End
None,EDSA,None,None,"Unknown, Rear-end, 0.0 drivers_injured, 0.0 drivers_killed, 0.0 passengers_injured, 0.0 passengers_killed, 0.0 pedestrian_injured, 0.0 pedestrian_killed, Fair (Day), EDSA Gen. Malvar St. Caloocan",MMDA Road Safety Unit,,bc1fde6e-8984-4895-bac7-54952b50be42,2011-06-30,06:00:00,EDSA fronting Suzuki Motors Caloocan,0,0,0,0,0,0,0,0,0,0,2011-06-30 14:00,Property,14.6573376,120.993091,Rear-End
None,EDSA,None,None,"Unknown, Side Swipe, 0.0 drivers_injured, 0.0 drivers_killed, 0.0 passengers_injured, 0.0 passengers_killed, 0.0 pedestrian_injured, 0.0 pedestrian_killed, Fair (Night), EDSA D. Arellano St. Caloocan",MMDA Road Safety Unit,,ec175bbf-a3ad-4734-88d4-03e747e496a6,2011-06-29,15:30:00,EDSA B. Serrano Caloocan,0,0,0,0,0,0,0,0,0,0,2011-06-29 23:30,Property,14.65734246,120.9924247,Side Swipe
None,EDSA,None,None,"Unknown, Hit and Run (No Collision Stated), 0.0 drivers_injured, 0.0 drivers_killed, 0.0 passengers_injured, 0.0 passengers_killed, 0.0 pedestrian_injured, 0.0 pedestrian_killed, Fair (Night), EDSA Gen. Malvar St., Bagong Baryo Caloocan",MMDA Road Safety Unit,,9bd88ec0-f4e6-48c0-8551-d534c34f0a99,2011-06-28,11:00:00,EDSA approaching Monumento Caloocan,0,0,0,0,0,0,0,0,0,0,2011-06-28 19:00,Property,14.6573376,120.993091,No Collision Stated
None,EDSA,None,None,"Unknown, Side Swipe, 0.0 drivers_injured, 0.0 drivers_killed, 0.0 passengers_injured, 0.0 passengers_killed, 0.0 pedestrian_injured, 0.0 pedestrian_killed, Fair (Day), EDSA A. De Jesus St. Caloocan",MMDA Road Safety Unit,,fcd3ab77-8a6d-488a-957e-59fcaa3879e3,2011-06-27,04:00:00,EDSA fronting Metrobank  Caloocan,0,0,0,0,0,0,0,0,0,0,2011-06-27 12:00,Property,14.65712835,120.990432,Side Swipe
None,EDSA,None,None,"Unknown, Angle Impact, 0.0 drivers_injured, 0.0 drivers_killed, 0.0 passengers_injured, 0.0 passengers_killed, 0.0 pedestrian_injured, 0.0 pedestrian_killed, Fair (Night), EDSA fronting Pag-ibig Bldg. Caloocan",MMDA Road Safety Unit,,d9e851f5-2def-4413-aab0-619c2aa07259,2011-06-25,20:20:00,EDSA B. Serrano Caloocan,0,0,0,0,0,0,0,0,0,0,2011-06-26 4:20,Property,14.65739117,120.9968447,Angle Impact
None,EDSA,None,None,"Unknown, Rear-end, 0.0 drivers_injured, 0.0 drivers_killed, 0.0 passengers_injured, 0.0 passengers_killed, 0.0 pedestrian_injured, 0.0 pedestrian_killed, Fair (Day), EDSA fronting Toyota    Caloocan",MMDA Road Safety Unit,,830e2c6b-2313-4b5f-b5bc-7dd41b02b516,2011-06-24,02:30:00,EDSA A. De Jesus St. Caloocan,0,0,0,0,0,0,0,0,0,0,2011-06-24 10:30,Property,14.6573861,120.9953868,Rear-End
None,EDSA,None,None,"Unknown, Side Swipe, 0.0 drivers_injured, 0.0 drivers_killed, 0.0 passengers_injured, 0.0 passengers_killed, 0.0 pedestrian_injured, 0.0 pedestrian_killed, Fair (Day), EDSA Tandang Sora St. Caloocan",MMDA Road Safety Unit,,a81b7215-33a8-420b-a7f4-83b37f59571e,2011-06-21,07:25:00,EDSA fronting MCU-FDTMF Hospital Caloocan,0,0,0,0,0,0,0,0,0,0,2011-06-21 15:25,Property,14.65736758,120.9940203,Side Swipe
None,EDSA,None,None,"Unknown, Rear-end, 0.0 drivers_injured, 0.0 drivers_killed, 0.0 passengers_injured, 0.0 passengers_killed, 0.0 pedestrian_injured, 0.0 pedestrian_killed, Fair (Day), EDSA Gen. Tinio St. Caloocan",MMDA Road Safety Unit,,d0b37522-8d88-48aa-839f-fb55b706539d,2011-06-19,05:40:00,EDSA A. De Jesus St. Caloocan,0,0,0,0,0,0,0,0,0,0,2011-06-19 13:40,Property,14.65727124,120.9902826,Rear-End
None,EDSA,None,None,"Unknown, Rear-end, 0.0 drivers_injured, 0.0 drivers_killed, 0.0 passengers_injured, 0.0 passengers_killed, 0.0 pedestrian_injured, 0.0 pedestrian_killed, Fair (Day), EDSA De Jesus St. Caloocan",MMDA Road Safety Unit,,6e9c4bc7-0f7e-4b03-8e2a-3e276a0f7aaf,2011-06-19,03:30:00,EDSA fronting MCU-FDTMF Hospital Caloocan,0,0,0,0,0,0,0,0,0,0,2011-06-19 11:30,Property,14.65713667,120.9882603,Rear-End
None,EDSA,None,None,"Unknown, Angle Impact, 1.0 drivers_injured, 0.0 drivers_killed, 1.0 passengers_injured, 0.0 passengers_killed, 0.0 pedestrian_injured, 0.0 pedestrian_killed, Fair (Day), EDSA A. De Jesus St. Caloocan",MMDA Road Safety Unit,,f9ca294c-89cd-42b3-86ea-540c71dd59a6,2011-06-18,03:30:00,EDSA Approaching Bonifacio Monument Circle Caloocan,0,0,0,1,1,0,0,0,0,2,2011-06-18 11:30,Injury,14.65712835,120.990432,Angle Impact
None,EDSA,None,None,"Unknown, Side Swipe, 0.0 drivers_injured, 0.0 drivers_killed, 0.0 passengers_injured, 0.0 passengers_killed, 0.0 pedestrian_injured, 0.0 pedestrian_killed, Fair (Night), EDSA fronting SSS Caloocan",MMDA Road Safety Unit,,369c3a78-9956-4e36-af2c-bb51d011f1dc,2011-06-17,15:20:00,EDSA fronting Caltex Gas Station near U Turn slot Caloocan,0,0,0,0,0,0,0,0,0,0,2011-06-17 23:20,Property,14.65739195,120.9931284,Side Swipe
None,EDSA,None,None,"Unknown, Rear-end, 0.0 drivers_injured, 0.0 drivers_killed, 0.0 passengers_injured, 0.0 passengers_killed, 0.0 pedestrian_injured, 0.0 pedestrian_killed, Fair (Day), EDSA fronting Pag-ibig Fund Caloocan",MMDA Road Safety Unit,,58d5c09a-5a65-4840-9b72-876ea5eae9dd,2011-06-15,05:30:00,EDSA J. De Jesus St. Caloocan,0,0,0,0,0,0,0,0,0,0,2011-06-15 13:30,Property,14.65739117,120.9968447,Rear-End
None,EDSA,None,None,"Unknown, Rear-end, 0.0 drivers_injured, 0.0 drivers_killed, 0.0 passengers_injured, 0.0 passengers_killed, 0.0 pedestrian_injured, 0.0 pedestrian_killed, Fair (Night), EDSA fronting 711 Convenience Store Caloocan",MMDA Road Safety Unit,,1336fec9-07bd-40f5-94e5-6f57da9fd4cc,2011-06-11,14:00:00,EDSA A. De Jesus St. Caloocan,0,0,0,0,0,0,0,0,0,0,2011-06-11 22:00,Property,14.65726747,120.9874677,Rear-End
None,EDSA,None,None,"Unknown, Side Swipe, 0.0 drivers_injured, 0.0 drivers_killed, 0.0 passengers_injured, 0.0 passengers_killed, 0.0 pedestrian_injured, 0.0 pedestrian_killed, Fair (Day), EDSA A. De Jesus St. Caloocan",MMDA Road Safety Unit,,fe90cbcd-cdc9-4eb4-bcd9-70c3168f2dc6,2011-06-10,23:50:00,EDSA fronting MCU-FDTMF Hospital Caloocan,0,0,0,0,0,0,0,0,0,0,2011-06-11 7:50,Property,14.65712835,120.990432,Side Swipe
None,EDSA,None,None,"Unknown, Angle Impact, 0.0 drivers_injured, 0.0 drivers_killed, 0.0 passengers_injured, 0.0 passengers_killed, 0.0 pedestrian_injured, 0.0 pedestrian_killed, Fair (Day), EDSA Biglang-Awa St. Caloocan",MMDA Road Safety Unit,,7316a3ef-d22d-4654-9baf-bf774772c9ac,2011-06-10,04:45:00,EDSA fronting Honda Cars Caloocan,0,0,0,0,0,0,0,0,0,0,2011-06-10 12:45,Property,14.65719007,120.9944415,Angle Impact
None,EDSA,None,None,"Unknown, Side Swipe, 0.0 drivers_injured, 0.0 drivers_killed, 0.0 passengers_injured, 0.0 passengers_killed, 0.0 pedestrian_injured, 0.0 pedestrian_killed, Fair (Day), EDSA A. De Jesus St. Caloocan",MMDA Road Safety Unit,,880a70c2-c202-46b1-9562-0a45ea315190,2011-06-09,04:45:00,EDSA fronting MCU Hospital Caloocan,0,0,0,0,0,0,0,0,0,0,2011-06-09 12:45,Property,14.65712835,120.990432,Side Swipe
None,EDSA,None,None,"Unknown, Side Swipe, 0.0 drivers_injured, 0.0 drivers_killed, 0.0 passengers_injured, 0.0 passengers_killed, 0.0 pedestrian_injured, 0.0 pedestrian_killed, Fair (Night), EDSA Biglang-Awa St. Caloocan",MMDA Road Safety Unit,,d1772ad5-e577-4160-90ba-cb467dca2935,2011-06-08,19:45:00,EDSA Caloocan / qC Boundary Caloocan,0,0,0,0,0,0,0,0,0,0,2011-06-09 3:45,Property,14.65719007,120.9944415,Side Swipe
None,EDSA,None,None,"Unknown, Side Swipe, 0.0 drivers_injured, 0.0 drivers_killed, 0.0 passengers_injured, 0.0 passengers_killed, 0.0 pedestrian_injured, 0.0 pedestrian_killed, Fair (Day), EDSA A. De Jesus St. Caloocan",MMDA Road Safety Unit,,cf7b98f3-bc77-4862-80a1-5f6bcd48f414,2011-06-01,04:15:00,EDSA A. De Jesus St. Caloocan,0,0,0,0,0,0,0,0,0,0,2011-06-01 12:15,Property,14.65712835,120.990432,Side Swipe
None,EDSA,None,None,"Unknown, Side Swipe, 0.0 drivers_injured, 0.0 drivers_killed, 0.0 passengers_injured, 0.0 passengers_killed, 0.0 pedestrian_injured, 0.0 pedestrian_killed, Fair (Day), EDSA fronting MCU-FDTMF Hospital Caloocan",MMDA Road Safety Unit,,f6093d50-558d-4335-b4bf-5961bf67d39a,2011-06-01,03:00:00,EDSA Biglang Awa  Caloocan,0,0,0,0,0,0,0,0,0,0,2011-06-01 11:00,Property,14.65728485,120.9863001,Side Swipe
None,EDSA,None,None,"Unknown, Rear-end, 0.0 drivers_injured, 0.0 drivers_killed, 0.0 passengers_injured, 0.0 passengers_killed, 0.0 pedestrian_injured, 0.0 pedestrian_killed, Fair (Night), EDSa Gen. Tinio St. (underneath of footbridge) Caloocan",MMDA Road Safety Unit,,5578d16d-41fd-47fe-bfa6-7494e9c479be,2011-05-28,20:05:00,EDSA fronting SSS Bldg. Caloocan,0,0,0,0,0,0,0,0,0,0,2011-05-29 4:05,Property,14.65727124,120.9902826,Rear-End
None,EDSA,None,None,"Unknown, Angle Impact, 0.0 drivers_injured, 0.0 drivers_killed, 0.0 passengers_injured, 0.0 passengers_killed, 0.0 pedestrian_injured, 0.0 pedestrian_killed, Fair (Night), EDSA B. Serrano St. (5th St.) Caloocan",MMDA Road Safety Unit,,b3f727ae-13c8-4c5f-9a1a-286b1f867817,2011-05-27,11:40:00,EDSA fronting SSS Bldg. Caloocan,0,0,0,0,0,0,0,0,0,0,2011-05-27 19:40,Property,14.65712586,120.9882927,Angle Impact
None,EDSA,None,None,"Unknown, Hit and Run (No Collision Stated), 0.0 drivers_injured, 0.0 drivers_killed, 0.0 passengers_injured, 0.0 passengers_killed, 0.0 pedestrian_injured, 0.0 pedestrian_killed, Fair (Night), EDSA Toyota, Balintawak Caloocan",MMDA Road Safety Unit,,c573c4ce-74c0-4e8f-af0c-bf4b034b2e2e,2011-05-23,14:00:00,EDSA B.Serrano  Caloocan,0,0,0,0,0,0,0,0,0,0,2011-05-23 22:00,Property,14.65735244,120.99592,No Collision Stated
None,EDSA,None,None,"Unknown, Rear-end, 0.0 drivers_injured, 0.0 drivers_killed, 0.0 passengers_injured, 0.0 passengers_killed, 0.0 pedestrian_injured, 0.0 pedestrian_killed, Fair (Night), EDSA A. De Jesus St. Caloocan",MMDA Road Safety Unit,,6f444b00-ec24-47e3-b36f-66acca3ab5ef,2011-05-23,13:00:00,EDSA A. De Jesus St. Caloocan,0,0,0,0,0,0,0,0,0,0,2011-05-23 21:00,Property,14.65712835,120.990432,Rear-End
None,EDSA,None,None,"Unknown, Rear-end, 0.0 drivers_injured, 0.0 drivers_killed, 0.0 passengers_injured, 0.0 passengers_killed, 0.0 pedestrian_injured, 0.0 pedestrian_killed, Fair (Day), EDSA Simon St. Caloocan",MMDA Road Safety Unit,,29eeaccd-3656-4486-8245-10b2c5fdb687,2011-05-18,02:00:00,EDSA General Tirona St. Caloocan,0,0,0,0,0,0,0,0,0,0,2011-05-18 10:00,Property,14.6572222,120.9854611,Rear-End
None,EDSA,None,None,"Unknown, Rear-end, 0.0 drivers_injured, 0.0 drivers_killed, 0.0 passengers_injured, 0.0 passengers_killed, 0.0 pedestrian_injured, 0.0 pedestrian_killed, Fair (Day), EDSA Asuncion St. Caloocan",MMDA Road Safety Unit,,1eacb7ea-17a2-498f-894f-21e5e29817d7,2011-05-16,06:05:00,EDSA fronting BPI Bank Caloocan,0,0,0,0,0,0,0,0,0,0,2011-05-16 14:05,Property,14.65727118,120.9876199,Rear-End
None,EDSA,None,None,"Unknown, Angle Impact, 0.0 drivers_injured, 0.0 drivers_killed, 1.0 passengers_injured, 0.0 passengers_killed, 0.0 pedestrian_injured, 0.0 pedestrian_killed, Fair (Night), EDSA Gen. Malvar St. ""U"" turn slot Caloocan",MMDA Road Safety Unit,,358221d7-ad1e-4e16-8e85-2b9e94bb63da,2011-05-13,10:00:00,EDSA fronting SSS Bldg. Caloocan,0,0,0,0,1,0,0,0,0,1,2011-05-13 18:00,Injury,14.6573376,120.993091,Angle Impact
None,EDSA,None,None,"Unknown, Rear-end, 0.0 drivers_injured, 0.0 drivers_killed, 0.0 passengers_injured, 0.0 passengers_killed, 0.0 pedestrian_injured, 0.0 pedestrian_killed, Fair (Day), EDSA Biglang-Awa St. Caloocan",MMDA Road Safety Unit,,49f803a3-b2b0-44fc-937b-4ef2d508cf70,2011-05-11,03:45:00,EDSA General Tinio St. Caloocan,0,0,0,0,0,0,0,0,0,0,2011-05-11 11:45,Property,14.65719007,120.9944415,Rear-End
None,EDSA,None,None,"Unknown, Rear-end, 1.0 drivers_injured, 0.0 drivers_killed, 0.0 passengers_injured, 0.0 passengers_killed, 0.0 pedestrian_injured, 0.0 pedestrian_killed, Fair (Day), EDSA near Gen. Tinio Footbridge Caloocan",MMDA Road Safety Unit,,78c33b85-be85-48b6-9e57-cf3d3db9f8f0,2011-05-08,00:25:00,EDSA fronting MCU-FDTMF Hospital Caloocan,0,0,0,1,0,0,0,0,0,1,2011-05-08 8:25,Injury,14.65723622,120.990166,Rear-End
None,EDSA,None,None,"Unknown, Rear-end, 0.0 drivers_injured, 0.0 drivers_killed, 0.0 passengers_injured, 0.0 passengers_killed, 0.0 pedestrian_injured, 0.0 pedestrian_killed, Fair (Night), EDSA Gen. Tirona St. (WB) Caloocan",MMDA Road Safety Unit,,33e45591-f844-499b-948f-a803b74fb1bb,2011-05-07,16:40:00,EDSA Gregorio De Jesus St. Caloocan,0,0,0,0,0,0,0,0,0,0,2011-05-08 0:40,Property,14.65742615,120.9970941,Rear-End
None,EDSA,None,None,"Unknown, Rear-end, 0.0 drivers_injured, 0.0 drivers_killed, 0.0 passengers_injured, 0.0 passengers_killed, 0.0 pedestrian_injured, 0.0 pedestrian_killed, Fair (Day), EDSA Gen. Malvar St. Caloocan",MMDA Road Safety Unit,,b9d18cbb-2583-458a-b664-b3cad0a3fac3,2011-05-06,05:00:00,EDSA fronting SSS Bldg. Caloocan,0,0,0,0,0,0,0,0,0,0,2011-05-06 13:00,Property,14.6573376,120.993091,Rear-End
None,EDSA,None,None,"Unknown, Side Swipe, 0.0 drivers_injured, 0.0 drivers_killed, 0.0 passengers_injured, 0.0 passengers_killed, 0.0 pedestrian_injured, 0.0 pedestrian_killed, Fair (Night), EDSA Bonifacio Memorial Circle Caloocan",MMDA Road Safety Unit,,ab06e9cb-ad17-401f-8299-d79ff205a15f,2011-05-04,14:15:00,"EDSA at ""U"" turn slot Caloocan",0,0,0,0,0,0,0,0,0,0,2011-05-04 22:15,Property,14.65732796,120.9842086,Side Swipe