LOCATION_TEXT,ROAD,WEATHER,LIGHT,DESC,REPORTING_AGENCY,MAIN_CAUSE,INCIDENTDETAILS_ID,DATE_UTC,TIME_UTC,ADDRESS,killed_driver,killed_passenger,killed_pedestrian,injured_driver,injured_passenger,injured_pedestrian,killed_uncategorized,injured_uncategorized,killed_total,injured_total,DATETIME_PST,SEVERITY,Y,X,COLLISION_TYPE
None,EDSA,None,None,"Unknown, Rear-end, 0.0 drivers_injured, 0.0 drivers_killed, 0.0 passengers_injured, 0.0 passengers_killed, 0.0 pedestrian_injured, 0.0 pedestrian_killed, Fair (Night), EDSA at ""U"" turn slot, A. De Jesus St. Caloocan",MMDA Road Safety Unit,,5eab5373-49f2-4b14-8821-3b87a47a1453,2011-05-03,14:00:00,EDSA near corner A. De Jesus St. Caloocan,0,0,0,0,0,0,0,0,0,0,2011-05-03 22:00,Property,14.65719947,120.9903859,Rear-End
None,EDSA,None,None,"Unknown, Side Swipe, 0.0 drivers_injured, 0.0 drivers_killed, 0.0 passengers_injured, 0.0 passengers_killed, 0.0 pedestrian_injured, 0.0 pedestrian_killed, Fair (Day), EDSA fronting Gen. Trinoma, Bagong Barrio Caloocan",MMDA Road Safety Unit,,f041227f-19c2-4f16-a371-eb2c350d5610,2011-04-28,00:00:00,EDSA fronting Honda Cars Kalookan Inc. Caloocan,0,0,0,0,0,0,0,0,0,0,2011-04-28 8:00,Property,14.65745833,120.9971103,Side Swipe
None,EDSA,None,None,"Unknown, Rear-end, 0.0 drivers_injured, 0.0 drivers_killed, 0.0 passengers_injured, 0.0 passengers_killed, 0.0 pedestrian_injured, 0.0 pedestrian_killed, Fair (Night), EDSA Biglang-Awa St. Caloocan",MMDA Road Safety Unit,,dc02c870-880f-4806-bf06-1477871bb827,2011-04-26,21:30:00,"EDSA at ""U"" turn slot, fronting Metro Bank Caloocan",0,0,0,0,0,0,0,0,0,0,2011-04-27 5:30,Property,14.65719007,120.9944415,Rear-End
None,EDSA,None,None,"Unknown, Side Swipe, 0.0 drivers_injured, 0.0 drivers_killed, 0.0 passengers_injured, 0.0 passengers_killed, 0.0 pedestrian_injured, 0.0 pedestrian_killed, Fair (Night), EDSA Bonifacio Memorial Circle Caloocan",MMDA Road Safety Unit,,854053ec-8061-4060-bf18-fb6fc824fe6e,2011-04-21,13:00:00,EDSA Gregorio De Jesus St. Caloocan,0,0,0,0,0,0,0,0,0,0,2011-04-21 21:00,Property,14.65732796,120.9842086,Side Swipe
None,EDSA,None,None,"Unknown, Side Swipe, 0.0 drivers_injured, 0.0 drivers_killed, 0.0 passengers_injured, 0.0 passengers_killed, 0.0 pedestrian_injured, 0.0 pedestrian_killed, Fair (Day), EDSA fronting Barrio Fiesta Restaurant Caloocan",MMDA Road Safety Unit,,ade432ae-4027-4a55-bdd7-82d8e1511096,2011-04-20,01:30:00,EDSA after Gen. Tinio Caloocan,0,0,0,0,0,0,0,0,0,0,2011-04-20 9:30,Property,14.65716607,120.9910899,Side Swipe
None,EDSA,None,None,"Unknown, Rear-end, 1.0 drivers_injured, 0.0 drivers_killed, 0.0 passengers_injured, 0.0 passengers_killed, 0.0 pedestrian_injured, 0.0 pedestrian_killed, Fair (Day), EDSA Simon St. Caloocan",MMDA Road Safety Unit,,c43c29f4-cd73-47b2-8b4d-b206c46be511,2011-04-18,23:35:00,EDSA fronting SSS Bldg. Caloocan,0,0,0,1,0,0,0,0,0,1,2011-04-19 7:35,Injury,14.6572222,120.9854611,Rear-End
None,EDSA,None,None,"Unknown, Angle Impact, 0.0 drivers_injured, 0.0 drivers_killed, 0.0 passengers_injured, 0.0 passengers_killed, 0.0 pedestrian_injured, 0.0 pedestrian_killed, Fair (Day), EDSA Bonifacio Memorial Circle Caloocan",MMDA Road Safety Unit,,5f37c21d-1d27-4701-b332-ef556cfb1b95,2011-04-18,07:10:00,EDSA A. De Jesus St. Caloocan,0,0,0,0,0,0,0,0,0,0,2011-04-18 15:10,Property,14.65732796,120.9842086,Angle Impact
None,EDSA,None,None,"Unknown, Angle Impact, 0.0 drivers_injured, 0.0 drivers_killed, 0.0 passengers_injured, 0.0 passengers_killed, 0.0 pedestrian_injured, 0.0 pedestrian_killed, Fair (Night), EDSA A. De Jesus St. Caloocan",MMDA Road Safety Unit,,210ed9f4-95e4-4488-ab5a-263eb37fe5d8,2011-04-17,14:25:00,EDSA B. Serrano St. (5th St.) Caloocan,0,0,0,0,0,0,0,0,0,0,2011-04-17 22:25,Property,14.65712835,120.990432,Angle Impact
None,EDSA,None,None,"Unknown, Rear-end, 0.0 drivers_injured, 0.0 drivers_killed, 0.0 passengers_injured, 0.0 passengers_killed, 0.0 pedestrian_injured, 0.0 pedestrian_killed, Fair (Night), EDSA Biglang-Awa St. Caloocan",MMDA Road Safety Unit,,80d3e4fd-59c4-4e41-8c6c-1d4857237f7a,2011-04-14,21:00:00,EDSA fronting Pag-ibig Caloocan,0,0,0,0,0,0,0,0,0,0,2011-04-15 5:00,Property,14.65719007,120.9944415,Rear-End
None,EDSA,None,None,"Unknown, Self-Accident, 1.0 drivers_injured, 0.0 drivers_killed, 0.0 passengers_injured, 0.0 passengers_killed, 0.0 pedestrian_injured, 0.0 pedestrian_killed, Fair (Night), EDSA Gen. Tirona Footbridge Caloocan",MMDA Road Safety Unit,,c0ee07f2-2293-4d84-80c1-fb1107a0b05f,2011-04-08,18:10:00,EDSA fronting Caltex Gas Station Caloocan,0,0,0,1,0,0,0,0,0,1,2011-04-09 2:10,Injury,14.65742615,120.9970941,Self-Accident
None,EDSA,None,None,"Unknown, Side Swipe, 0.0 drivers_injured, 0.0 drivers_killed, 0.0 passengers_injured, 0.0 passengers_killed, 0.0 pedestrian_injured, 0.0 pedestrian_killed, Fair (Night), EDSA approaching Bonifacio Memorial Circle Caloocan",MMDA Road Safety Unit,,639a2394-05f7-4b9f-aa84-d87eb62c4737,2011-04-05,20:45:00,EDSA G. De Jesus St. Caloocan,0,0,0,0,0,0,0,0,0,0,2011-04-06 4:45,Property,14.65733167,120.9843085,Side Swipe
None,EDSA,None,None,"Unknown, Side Swipe, 0.0 drivers_injured, 0.0 drivers_killed, 0.0 passengers_injured, 0.0 passengers_killed, 0.0 pedestrian_injured, 0.0 pedestrian_killed, Fair (Day), EDSA B. Serrano St. (5th St.) Caloocan",MMDA Road Safety Unit,,23ee9054-0135-408a-81d8-7f26f0afd0b7,2011-04-05,04:30:00,EDSA fronting BPI Bank Caloocan,0,0,0,0,0,0,0,0,0,0,2011-04-05 12:30,Property,14.65712586,120.9882927,Side Swipe
None,EDSA,None,None,"Unknown, Side Swipe, 0.0 drivers_injured, 0.0 drivers_killed, 0.0 passengers_injured, 0.0 passengers_killed, 0.0 pedestrian_injured, 0.0 pedestrian_killed, Fair (Day), EDSA fronting Honda Cars Caloocan",MMDA Road Safety Unit,,6ef7ecf2-dea8-4521-af9c-3d21acf75a61,2011-04-02,09:30:00,EDSA Gen. Tinio St. Caloocan,0,0,0,0,0,0,0,0,0,0,2011-04-02 17:30,Property,14.65720358,120.9972936,Side Swipe
None,EDSA,None,None,"Unknown, Head-on, 1.0 drivers_injured, 0.0 drivers_killed, 1.0 passengers_injured, 0.0 passengers_killed, 0.0 pedestrian_injured, 0.0 pedestrian_killed, Fair (Night), EDSA De Jesus St. Caloocan",MMDA Road Safety Unit,,2dc69cde-f501-4e34-bf42-a45adac22fa0,2011-03-29,10:30:00,EDSA B. Serrano St. (5th St.) Caloocan,0,0,0,1,1,0,0,0,0,2,2011-03-29 18:30,Injury,14.65713667,120.9882603,Head-On
None,EDSA,None,None,"Unknown, Rear-end, 1.0 drivers_injured, 0.0 drivers_killed, 1.0 passengers_injured, 0.0 passengers_killed, 0.0 pedestrian_injured, 0.0 pedestrian_killed, Fair (Day), EDSA fronting MCU-FDTMF Hospital Caloocan",MMDA Road Safety Unit,,5c116d92-67c0-4a9c-b692-97c38619a758,2011-03-29,02:00:00,EDSA Gen. Tinio St. Caloocan,0,0,0,1,1,0,0,0,0,2,2011-03-29 10:00,Injury,14.65728485,120.9863001,Rear-End
None,EDSA,None,None,"Unknown, Side Swipe, 0.0 drivers_injured, 0.0 drivers_killed, 0.0 passengers_injured, 0.0 passengers_killed, 0.0 pedestrian_injured, 0.0 pedestrian_killed, Fair (Day), EDSA Mariano Ponce St. Caloocan",MMDA Road Safety Unit,,8ba011cd-825b-436f-aa98-b39127085d5f,2011-03-25,05:30:00,EDSA fronting Honda Cars Corp. Caloocan,0,0,0,0,0,0,0,0,0,0,2011-03-25 13:30,Property,14.65733139,120.9916808,Side Swipe
None,EDSA,None,None,"Unknown, Side Swipe, 0.0 drivers_injured, 0.0 drivers_killed, 0.0 passengers_injured, 0.0 passengers_killed, 0.0 pedestrian_injured, 0.0 pedestrian_killed, Fair (Day), EDSA Bonifacio Memorial Circle Caloocan",MMDA Road Safety Unit,,08497a1a-98c3-42cc-894d-ffc1a91767c7,2011-03-24,06:30:00,EDSA B. Serrano St. (5th St.) Caloocan,0,0,0,0,0,0,0,0,0,0,2011-03-24 14:30,Property,14.65732796,120.9842086,Side Swipe
None,EDSA,None,None,"Unknown, Angle Impact, 0.0 drivers_injured, 0.0 drivers_killed, 0.0 passengers_injured, 0.0 passengers_killed, 0.0 pedestrian_injured, 0.0 pedestrian_killed, Fair (Night), EDSA Gen. Tirona St. Caloocan",MMDA Road Safety Unit,,c11e554b-e193-4f09-b592-94683bc905ee,2011-03-18,18:15:00,EDSA G. De Jesus St. Caloocan,0,0,0,0,0,0,0,0,0,0,2011-03-19 2:15,Property,14.65742615,120.9970941,Angle Impact
None,EDSA,None,None,"Unknown, Angle Impact, 0.0 drivers_injured, 0.0 drivers_killed, 0.0 passengers_injured, 0.0 passengers_killed, 0.0 pedestrian_injured, 0.0 pedestrian_killed, Fair (Night), EDSA Gen. Tirona St. Caloocan",MMDA Road Safety Unit,,cefcdb5c-d587-4cd6-be8a-6ad4c8faca31,2011-03-18,15:40:00,EDSA fronting MCU-FDTMF Hospital Caloocan,0,0,0,0,0,0,0,0,0,0,2011-03-18 23:40,Property,14.65742615,120.9970941,Angle Impact
None,EDSA,None,None,"Unknown, Rear-end, 0.0 drivers_injured, 0.0 drivers_killed, 0.0 passengers_injured, 0.0 passengers_killed, 0.0 pedestrian_injured, 0.0 pedestrian_killed, Fair (Day), EDSA A. De Jesus St. Caloocan",MMDA Road Safety Unit,,7ee45aab-cfd0-4f11-be24-5d5e403098fc,2011-03-14,03:00:00,EDSA fronting Honda Cars Corp. Caloocan,0,0,0,0,0,0,0,0,0,0,2011-03-14 11:00,Property,14.65712835,120.990432,Rear-End
None,EDSA,None,None,"Unknown, Angle Impact, 0.0 drivers_injured, 0.0 drivers_killed, 0.0 passengers_injured, 0.0 passengers_killed, 0.0 pedestrian_injured, 0.0 pedestrian_killed, Fair (Night), EDSA A. De Jesus St. (EB) Caloocan",MMDA Road Safety Unit,,e8a7f67e-4de5-4bd3-b7b1-cb007baf1562,2011-03-13,17:00:00,EDSA near corner A. De Jesus St. Caloocan,0,0,0,0,0,0,0,0,0,0,2011-03-14 1:00,Property,14.65709602,120.9903994,Angle Impact
None,EDSA,None,None,"Unknown, Angle Impact, 0.0 drivers_injured, 0.0 drivers_killed, 0.0 passengers_injured, 0.0 passengers_killed, 0.0 pedestrian_injured, 0.0 pedestrian_killed, Fair (Day), EDSA Gen. Concepcion St. (WB) Caloocan",MMDA Road Safety Unit,,9fdf9a40-5711-4eb0-a23b-081b59b2984e,2011-03-11,09:00:00,EDSA fronting SSS Bldg. Caloocan,0,0,0,0,0,0,0,0,0,0,2011-03-11 17:00,Property,14.65732528,120.9909733,Angle Impact
None,EDSA,None,None,"Unknown, Angle Impact, 0.0 drivers_injured, 0.0 drivers_killed, 0.0 passengers_injured, 0.0 passengers_killed, 0.0 pedestrian_injured, 0.0 pedestrian_killed, Fair (Night), EDSA Gen. Malvar St. ""U"" turn slot Caloocan",MMDA Road Safety Unit,,9d479f1d-cdea-4805-838c-39e54aecaf48,2011-03-10,21:30:00,EDSA A. De Jesus St. Caloocan,0,0,0,0,0,0,0,0,0,0,2011-03-11 5:30,Property,14.6573376,120.993091,Angle Impact
None,EDSA,None,None,"Unknown, Angle Impact, 0.0 drivers_injured, 0.0 drivers_killed, 0.0 passengers_injured, 0.0 passengers_killed, 0.0 pedestrian_injured, 0.0 pedestrian_killed, Fair (Night), EDSA Biglang-Awa St. Caloocan",MMDA Road Safety Unit,,510a1cf7-47d7-487a-a463-af50636ce05d,2011-03-09,21:30:00,"EDSA fronting BDO, near corner Gen. Tinio Caloocan",0,0,0,0,0,0,0,0,0,0,2011-03-10 5:30,Property,14.65719007,120.9944415,Angle Impact
None,EDSA,None,None,"Unknown, Side Swipe, 0.0 drivers_injured, 0.0 drivers_killed, 0.0 passengers_injured, 0.0 passengers_killed, 0.0 pedestrian_injured, 0.0 pedestrian_killed, Fair (Night), EDSA Gen. Simon St. Caloocan",MMDA Road Safety Unit,,ed9be061-777e-4d75-9063-9d9d63ddb732,2011-03-09,15:00:00,EDSA Gen. Tinio St. Caloocan,0,0,0,0,0,0,0,0,0,0,2011-03-09 23:00,Property,14.65727772,120.9854774,Side Swipe
None,EDSA,None,None,"Unknown, Hit and Run (No Collision Stated), 0.0 drivers_injured, 0.0 drivers_killed, 0.0 passengers_injured, 0.0 passengers_killed, 0.0 pedestrian_injured, 0.0 pedestrian_killed, Fair (Day), EDSA Gen. Malvar St., fronting SSS Office Caloocan",MMDA Road Safety Unit,,140ca164-4b74-4269-8966-f7b18ed4190e,2011-03-08,04:10:00,EDSA near corner A. De Jesus St. Caloocan,0,0,0,0,0,0,0,0,0,0,2011-03-08 12:10,Property,14.6573376,120.993091,No Collision Stated
None,EDSA,None,None,"Unknown, Rear-end, 0.0 drivers_injured, 0.0 drivers_killed, 0.0 passengers_injured, 0.0 passengers_killed, 0.0 pedestrian_injured, 0.0 pedestrian_killed, Fair (Night), EDSA De Jesus St. Caloocan",MMDA Road Safety Unit,,08e13ffa-fe86-4121-a487-9bf8e6a7dcd9,2011-03-06,12:50:00,EDSA fronting MCU-FDTMF Hospital Caloocan,0,0,0,0,0,0,0,0,0,0,2011-03-06 20:50,Property,14.65713667,120.9882603,Rear-End
None,EDSA,None,None,"Unknown, Side Swipe, 0.0 drivers_injured, 0.0 drivers_killed, 0.0 passengers_injured, 0.0 passengers_killed, 0.0 pedestrian_injured, 0.0 pedestrian_killed, Fair (Day), EDSA at ""U"" turn slot, fronting SSS Caloocan",MMDA Road Safety Unit,,4d5d4613-9b97-43b0-8c1d-ae6ec9efad28,2011-03-06,00:00:00,EDSA fronting Pag-ibig Bldg. Caloocan,0,0,0,0,0,0,0,0,0,0,2011-03-06 8:00,Property,14.65726365,120.9931132,Side Swipe
None,EDSA,None,None,"Unknown, Rear-end, 0.0 drivers_injured, 0.0 drivers_killed, 0.0 passengers_injured, 0.0 passengers_killed, 0.0 pedestrian_injured, 0.0 pedestrian_killed, Fair (Night), EDSA A. De Jesus St. Caloocan",MMDA Road Safety Unit,,0cf8d128-907a-406c-8be4-0c0fb946391d,2011-03-05,11:00:00,EDSA A. De Jesus St. Caloocan,0,0,0,0,0,0,0,0,0,0,2011-03-05 19:00,Property,14.65712835,120.990432,Rear-End
None,EDSA,None,None,"Unknown, Angle Impact, 0.0 drivers_injured, 0.0 drivers_killed, 0.0 passengers_injured, 0.0 passengers_killed, 0.0 pedestrian_injured, 0.0 pedestrian_killed, Fair (Day), EDSA A. De Jesus St. Caloocan",MMDA Road Safety Unit,,eb170416-534a-4e79-8e9b-365faccd396e,2011-03-05,07:45:00,EDSA Gen. Simon St. Caloocan,0,0,0,0,0,0,0,0,0,0,2011-03-05 15:45,Property,14.65712835,120.990432,Angle Impact
None,EDSA,None,None,"Unknown, Side Swipe, 0.0 drivers_injured, 0.0 drivers_killed, 0.0 passengers_injured, 0.0 passengers_killed, 0.0 pedestrian_injured, 0.0 pedestrian_killed, Fair (Day), EDSA across SSS Bldg. Caloocan",MMDA Road Safety Unit,,431bc665-1a32-4647-91f3-faabe9cee5ff,2011-03-05,02:40:00,EDSA Bonifacio Monument Circle Caloocan,0,0,0,0,0,0,0,0,0,0,2011-03-05 10:40,Property,14.65735715,120.9931399,Side Swipe
None,EDSA,None,None,"Unknown, Rear-end, 0.0 drivers_injured, 0.0 drivers_killed, 0.0 passengers_injured, 0.0 passengers_killed, 0.0 pedestrian_injured, 0.0 pedestrian_killed, Fair (Day), EDSA Biglang-Awa St. Caloocan",MMDA Road Safety Unit,,6977385d-4d96-4456-a284-7adb1497fbba,2011-03-05,01:00:00,EDSA A. De Jesus St. Caloocan,0,0,0,0,0,0,0,0,0,0,2011-03-05 9:00,Property,14.65719007,120.9944415,Rear-End
None,EDSA,None,None,"Unknown, Side Swipe, 0.0 drivers_injured, 0.0 drivers_killed, 0.0 passengers_injured, 0.0 passengers_killed, 0.0 pedestrian_injured, 0.0 pedestrian_killed, Fair (Night), EDSA approaching Bonifacio Memorial Circle Caloocan",MMDA Road Safety Unit,,9b218496-4923-4874-910f-4122b3083844,2011-03-03,15:00:00,EDSA B. Serrano St. (5th St.) Caloocan,0,0,0,0,0,0,0,0,0,0,2011-03-03 23:00,Property,14.65733167,120.9843085,Side Swipe
None,EDSA,None,None,"Unknown, Rear-end, 0.0 drivers_injured, 0.0 drivers_killed, 0.0 passengers_injured, 0.0 passengers_killed, 0.0 pedestrian_injured, 0.0 pedestrian_killed, Fair (Day), EDSA fronting BIR Bldg. Caloocan",MMDA Road Safety Unit,,bd48ed0e-1b83-4510-8347-db7a8c556a24,2011-03-03,02:40:00,EDSA B. Serrano St. (5th St.) Caloocan,0,0,0,0,0,0,0,0,0,0,2011-03-03 10:40,Property,14.65732798,120.9912859,Rear-End
None,EDSA,None,None,"Unknown, Side Swipe, 0.0 drivers_injured, 0.0 drivers_killed, 0.0 passengers_injured, 0.0 passengers_killed, 0.0 pedestrian_injured, 0.0 pedestrian_killed, Fair (Day), EDSA Biglang-Awa St. Caloocan",MMDA Road Safety Unit,,ed2b13cc-3351-4215-a0fe-6094638d4f49,2011-03-03,00:00:00,EDSA A. De Jesus St. Caloocan,0,0,0,0,0,0,0,0,0,0,2011-03-03 8:00,Property,14.65719007,120.9944415,Side Swipe
None,EDSA,None,None,"Unknown, Side Swipe, 0.0 drivers_injured, 0.0 drivers_killed, 0.0 passengers_injured, 0.0 passengers_killed, 0.0 pedestrian_injured, 0.0 pedestrian_killed, Fair (Night), EDSA Gen. Malvar St., approaching SSS Caloocan",MMDA Road Safety Unit,,cabcdf8c-7376-4a24-8c8a-a2e21a1e46e4,2011-03-01,12:05:00,EDSA Biglang Awa St. Caloocan,0,0,0,0,0,0,0,0,0,0,2011-03-01 20:05,Property,14.6573376,120.993091,Side Swipe
None,EDSA,None,None,"Unknown, Rear-end, 0.0 drivers_injured, 0.0 drivers_killed, 0.0 passengers_injured, 0.0 passengers_killed, 0.0 pedestrian_injured, 0.0 pedestrian_killed, Fair (Day), EDSA fronting MCU-FDTMF Hospital Caloocan",MMDA Road Safety Unit,,644e973a-4b4b-4cd4-bfa1-4af709d3d916,2011-02-21,22:35:00,EDSA A. De Jesus St. Caloocan,0,0,0,0,0,0,0,0,0,0,2011-02-22 6:35,Property,14.65728485,120.9863001,Rear-End
None,EDSA,None,None,"Unknown, Angle Impact, 1.0 drivers_injured, 0.0 drivers_killed, 0.0 passengers_injured, 0.0 passengers_killed, 0.0 pedestrian_injured, 0.0 pedestrian_killed, Fair (Night), EDSA A. De Jesus St. Caloocan",MMDA Road Safety Unit,,f1365e51-7fba-4954-b2c6-933fcc32c6a8,2011-02-19,15:00:00,EDSA fronting SSS Bldg. Caloocan,0,0,0,1,0,0,0,0,0,1,2011-02-19 23:00,Injury,14.65712835,120.990432,Angle Impact
None,EDSA,None,None,"Unknown, Angle Impact, 0.0 drivers_injured, 0.0 drivers_killed, 0.0 passengers_injured, 0.0 passengers_killed, 0.0 pedestrian_injured, 0.0 pedestrian_killed, Fair (Night), EDSA J. De Jesus St. Caloocan",MMDA Road Safety Unit,,2e063f2a-e991-436e-967a-481eca791dbf,2011-02-13,14:00:00,EDSA B. Serrano St. (5th St.) Caloocan,0,0,0,0,0,0,0,0,0,0,2011-02-13 22:00,Property,14.65741694,120.9978841,Angle Impact
None,EDSA,None,None,"Unknown, Angle Impact, 0.0 drivers_injured, 0.0 drivers_killed, 0.0 passengers_injured, 0.0 passengers_killed, 0.0 pedestrian_injured, 0.0 pedestrian_killed, Fair (Day), EDSA A. De Jesus St. Caloocan",MMDA Road Safety Unit,,0a737234-1a1c-4f4e-b18b-51c43df5cd7c,2011-02-05,05:00:00,EDSA fronting Toyota Motors Caloocan,0,0,0,0,0,0,0,0,0,0,2011-02-05 13:00,Property,14.65712835,120.990432,Angle Impact
None,EDSA,None,None,"Unknown, Side Swipe, 0.0 drivers_injured, 0.0 drivers_killed, 0.0 passengers_injured, 0.0 passengers_killed, 0.0 pedestrian_injured, 0.0 pedestrian_killed, Fair (Night), EDSA B. Serrano St. (5th St.) Caloocan",MMDA Road Safety Unit,,17a97b1b-5986-46ff-af14-6ac6aa4f0a80,2011-02-04,20:00:00,EDSA fronting Barrio Fiesta Restaurant Caloocan,0,0,0,0,0,0,0,0,0,0,2011-02-05 4:00,Property,14.65712586,120.9882927,Side Swipe
None,EDSA,None,None,"Unknown, Side Swipe, 0.0 drivers_injured, 0.0 drivers_killed, 0.0 passengers_injured, 0.0 passengers_killed, 0.0 pedestrian_injured, 0.0 pedestrian_killed, Fair (Day), EDSA fronting MCU-FDTMF Hospital Caloocan",MMDA Road Safety Unit,,bc11926a-c453-4f00-bd33-6138de92281d,2011-02-02,02:30:00,BIR EDSA Caloocan,0,0,0,0,0,0,0,0,0,0,2011-02-02 10:30,Property,14.65728485,120.9863001,Side Swipe
None,EDSA,None,None,"Unknown, Side Swipe, 0.0 drivers_injured, 0.0 drivers_killed, 0.0 passengers_injured, 0.0 passengers_killed, 0.0 pedestrian_injured, 0.0 pedestrian_killed, Fair (Day), EDSA D. Arellano St. Caloocan",MMDA Road Safety Unit,,5239f684-1b8f-4523-978b-871f029de466,2011-01-28,02:50:00,Bonifacio Market before McArthur Highway Caloocan,0,0,0,0,0,0,0,0,0,0,2011-01-28 10:50,Property,14.65734246,120.9924247,Side Swipe
None,EDSA,None,None,"Unknown, Rear-end, 0.0 drivers_injured, 0.0 drivers_killed, 0.0 passengers_injured, 0.0 passengers_killed, 0.0 pedestrian_injured, 0.0 pedestrian_killed, Fair (Day), EDSA SSS Caloocan",MMDA Road Safety Unit,,d1025f11-7fe5-4c5f-bf07-490d76463b1a,2011-01-27,05:20:00,NLEX Camachile Quezon City,0,0,0,0,0,0,0,0,0,0,2011-01-27 13:20,Property,14.65734341,120.9929338,Rear-End
None,EDSA,None,None,"Unknown, Side Swipe, 0.0 drivers_injured, 0.0 drivers_killed, 0.0 passengers_injured, 0.0 passengers_killed, 0.0 pedestrian_injured, 0.0 pedestrian_killed, Fair (Day), EDSA approaching De Jesus Caloocan",MMDA Road Safety Unit,,3f076cf8-61dc-4153-8539-c6d1dc832020,2011-01-25,00:15:00,NLEX Service Road Quezon City,0,0,0,0,0,0,0,0,0,0,2011-01-25 8:15,Property,14.65707886,120.9902679,Side Swipe
None,EDSA,None,None,"Unknown, Side Swipe, 0.0 drivers_injured, 0.0 drivers_killed, 0.0 passengers_injured, 0.0 passengers_killed, 0.0 pedestrian_injured, 0.0 pedestrian_killed, Fair (Night), EDSA Clover Inn Caloocan",MMDA Road Safety Unit,,313b2f41-f759-4034-b06e-0bc474823531,2011-01-23,14:00:00,NLEX Camachile Quezon City,0,0,0,0,0,0,0,0,0,0,2011-01-23 22:00,Property,14.65746153,120.997481,Side Swipe
None,EDSA,None,None,"Unknown, Side Swipe, 0.0 drivers_injured, 0.0 drivers_killed, 0.0 passengers_injured, 0.0 passengers_killed, 0.0 pedestrian_injured, 0.0 pedestrian_killed, Fair (Day), EDSA Gen. Concepcion St. Caloocan",MMDA Road Safety Unit,,5b6e3482-0abe-49f1-9e3f-ae7f54ba89bb,2011-01-21,23:30:00,NLEX Camachile Quezon City,0,0,0,0,0,0,0,0,0,0,2011-01-22 7:30,Property,14.65732528,120.9909733,Side Swipe
None,EDSA,None,None,"Unknown, Angle Impact, 0.0 drivers_injured, 0.0 drivers_killed, 0.0 passengers_injured, 0.0 passengers_killed, 0.0 pedestrian_injured, 0.0 pedestrian_killed, Fair (Night), EDSA Tandang Sora St. Caloocan",MMDA Road Safety Unit,,5ec970de-9b6b-42bf-9027-ebc79a17c48c,2011-01-21,13:30:00,NLEX A. Bonifacio Ave. Quezon City,0,0,0,0,0,0,0,0,0,0,2011-01-21 21:30,Property,14.65736758,120.9940203,Angle Impact
None,EDSA,None,None,"Unknown, Side Swipe, 0.0 drivers_injured, 0.0 drivers_killed, 0.0 passengers_injured, 0.0 passengers_killed, 0.0 pedestrian_injured, 0.0 pedestrian_killed, Fair (Night), EDSA B. Serrano St. (5th St.) Caloocan",MMDA Road Safety Unit,,caebeb36-e558-4ef7-a9e0-a9aab3ebf9de,2011-01-21,10:30:00,NLEX Camachile Bgy. Ug Sigaw Quezon City,0,0,0,0,0,0,0,0,0,0,2011-01-21 18:30,Property,14.65712586,120.9882927,Side Swipe
None,EDSA,None,None,"Unknown, Rear-end, 0.0 drivers_injured, 0.0 drivers_killed, 0.0 passengers_injured, 0.0 passengers_killed, 0.0 pedestrian_injured, 0.0 pedestrian_killed, Fair (Day), EDSA approaching Cloverleaf, beneath Footbridge Caloocan",MMDA Road Safety Unit,,fb4d5675-4314-488b-875c-c5cd70d04814,2011-01-20,09:30:00,NLEX Brgy. Ug Sigaw Quezon City,0,0,0,0,0,0,0,0,0,0,2011-01-20 17:30,Property,14.65727272,120.9984614,Rear-End
None,EDSA,None,None,"Unknown, Rear-end, 0.0 drivers_injured, 0.0 drivers_killed, 0.0 passengers_injured, 0.0 passengers_killed, 0.0 pedestrian_injured, 0.0 pedestrian_killed, Fair (Day), EDSA fronting BIR Caloocan",MMDA Road Safety Unit,,c6ed36ab-bcb5-442e-9f00-6c4be2b3476f,2011-01-20,08:30:00,164km NLEX  Camachile Service Road Quezon City,0,0,0,0,0,0,0,0,0,0,2011-01-20 16:30,Property,14.65732798,120.9912859,Rear-End
None,EDSA,None,None,"Unknown, Angle Impact, 0.0 drivers_injured, 0.0 drivers_killed, 0.0 passengers_injured, 0.0 passengers_killed, 0.0 pedestrian_injured, 0.0 pedestrian_killed, Fair (Night), EDSA Gen. Tinio St. ""U"" turn slot Caloocan",MMDA Road Safety Unit,,26ef26ad-c7d0-43f1-82be-34534ec7b444,2011-01-19,13:15:00,"NLEX Camachile, Brgy. Ug Sigaw Quezon City",0,0,0,0,0,0,0,0,0,0,2011-01-19 21:15,Property,14.65727124,120.9902826,Angle Impact
None,EDSA,None,None,"Unknown, Angle Impact, 1.0 drivers_injured, 0.0 drivers_killed, 0.0 passengers_injured, 0.0 passengers_killed, 0.0 pedestrian_injured, 0.0 pedestrian_killed, Fair (Night), EDSA at ""U"" turn slot, fronting SSS Caloocan",MMDA Road Safety Unit,,85669c84-8cdb-4c4d-89aa-b2bc211be5ab,2011-01-16,19:45:00,NLEX Camachile Loading Bay Quezon City,0,0,0,1,0,0,0,0,0,1,2011-01-17 3:45,Injury,14.65726365,120.9931132,Angle Impact
None,EDSA,None,None,"Unknown, Side Swipe, 0.0 drivers_injured, 0.0 drivers_killed, 0.0 passengers_injured, 0.0 passengers_killed, 0.0 pedestrian_injured, 0.0 pedestrian_killed, Fair (Night), EDSA Gen. Simon St. Caloocan",MMDA Road Safety Unit,,49206456-a882-46f9-82cf-3b277f26d1f7,2011-01-14,15:55:00,Camachile A. Bonifacio Ave.  Quezon City,0,0,0,0,0,0,0,0,0,0,2011-01-14 23:55,Property,14.65727772,120.9854774,Side Swipe
None,EDSA,None,None,"Unknown, Rear-end, 0.0 drivers_injured, 0.0 drivers_killed, 0.0 passengers_injured, 0.0 passengers_killed, 0.0 pedestrian_injured, 0.0 pedestrian_killed, Fair (Night), EDSA Biglang-Awa St. Caloocan",MMDA Road Safety Unit,,f9105894-5b88-4a77-b863-1c9cc118a5f9,2011-01-10,11:45:00,Camachile Balintawak Quezon City,0,0,0,0,0,0,0,0,0,0,2011-01-10 19:45,Property,14.65719007,120.9944415,Rear-End