LOCATION_TEXT,ROAD,WEATHER,LIGHT,DESC,REPORTING_AGENCY,MAIN_CAUSE,INCIDENTDETAILS_ID,DATE_UTC,TIME_UTC,ADDRESS,killed_driver,killed_passenger,killed_pedestrian,injured_driver,injured_passenger,injured_pedestrian,killed_uncategorized,injured_uncategorized,killed_total,injured_total,DATETIME_PST,SEVERITY,Y,X,COLLISION_TYPE
None,EDSA,None,None,"Unknown, Side Swipe, 0.0 drivers_injured, 0.0 drivers_killed, 0.0 passengers_injured, 0.0 passengers_killed, 0.0 pedestrian_injured, 0.0 pedestrian_killed, Fair (Day), EDSA B. Serrano St. (5th St.) - De Jesus St. Caloocan",MMDA Road Safety Unit,,5e52b5bc-390c-4016-a2f6-f6c374edaf30,2011-01-10,01:10:00,Camachile Balintawak Quezon City,0,0,0,0,0,0,0,0,0,0,2011-01-10 9:10,Property,14.65712586,120.9882927,Side Swipe
None,EDSA,None,None,"Unknown, Rear-end, 0.0 drivers_injured, 0.0 drivers_killed, 0.0 passengers_injured, 0.0 passengers_killed, 0.0 pedestrian_injured, 0.0 pedestrian_killed, Fair, EDSA Benin St. Caloocan",MMDA Road Safety Unit,,b4884808-6cb7-4f3c-9ebf-ad6e3cb48f6e,2010-12-30,04:30:00,"Trinoma Terminal EDSA (Service Road), Bgy. Bagong Pag-asa Quezon City",0,0,0,0,0,0,0,0,0,0,2010-12-30 12:30,Property,14.65705691,120.9855172,Rear-End
None,EDSA,None,None,"Unknown, Rear-end, 0.0 drivers_injured, 0.0 drivers_killed, 2.0 passengers_injured, 0.0 passengers_killed, 0.0 pedestrian_injured, 0.0 pedestrian_killed, Fair, EDSA Biglang-Awa Caloocan",MMDA Road Safety Unit,,17dd5353-1bda-4910-a152-3225f62d2b38,2010-12-29,10:30:00,EDSA Eurotel fronting SM Annex Bagong Pagasa Quezon City,0,0,0,0,2,0,0,0,0,2,2010-12-29 18:30,Injury,14.65719007,120.9944415,Rear-End
None,EDSA,None,None,"Unknown, Side Swipe, 1.0 drivers_injured, 0.0 drivers_killed, 0.0 passengers_injured, 0.0 passengers_killed, 0.0 pedestrian_injured, 0.0 pedestrian_killed, Fair, EDSA at ""U"" turn slot, Malvar Caloocan",MMDA Road Safety Unit,,fa11710b-8ded-413b-af69-61861ff5bc86,2010-12-22,03:05:00,"North Ave. SM Mall North, Pag-Asa Quezon City",0,0,0,1,0,0,0,0,0,1,2010-12-22 11:05,Injury,14.65724792,120.9931462,Side Swipe
None,EDSA,None,None,"Unknown, Side Swipe, 0.0 drivers_injured, 0.0 drivers_killed, 0.0 passengers_injured, 0.0 passengers_killed, 0.0 pedestrian_injured, 0.0 pedestrian_killed, Fair, EDSA B. Serrano St. Caloocan",MMDA Road Safety Unit,,0b68aa19-39f8-40dc-a37a-ffba58b58304,2010-12-21,00:25:00,"North Ave. SM Mall North, Pag-Asa Quezon City",0,0,0,0,0,0,0,0,0,0,2010-12-21 8:25,Property,14.65712586,120.9882927,Side Swipe
None,EDSA,None,None,"Unknown, Rear-end, 0.0 drivers_injured, 0.0 drivers_killed, 0.0 passengers_injured, 0.0 passengers_killed, 0.0 pedestrian_injured, 0.0 pedestrian_killed, Fair, EDSA Gen. Simon St. Caloocan",MMDA Road Safety Unit,,c9532653-495a-4b86-93ba-543571cc64bb,2010-12-19,00:20:00,"North Ave. SM Mall North, Bagong Pag-Asa Quezon City",0,0,0,0,0,0,0,0,0,0,2010-12-19 8:20,Property,14.65727772,120.9854774,Rear-End
None,EDSA,None,None,"Unknown, Angle Impact, 0.0 drivers_injured, 0.0 drivers_killed, 0.0 passengers_injured, 0.0 passengers_killed, 0.0 pedestrian_injured, 0.0 pedestrian_killed, Fair, EDSA Malvar Caloocan",MMDA Road Safety Unit,,c53f6c20-a704-4c2a-bff3-354e79a5a304,2010-12-18,01:00:00,"North Ave. ""U"" turn slot, Trinoma, Pagasa Quezon City",0,0,0,0,0,0,0,0,0,0,2010-12-18 9:00,Property,14.65736,120.9932301,Angle Impact
None,EDSA,None,None,"Unknown, Side Swipe, 0.0 drivers_injured, 0.0 drivers_killed, 0.0 passengers_injured, 0.0 passengers_killed, 0.0 pedestrian_injured, 0.0 pedestrian_killed, Fair, EDSA A. De Jesus St. Caloocan",MMDA Road Safety Unit,,651f85c7-cf23-4cb8-80d6-0b0c7059fcd2,2010-12-16,12:15:00,"North Ave. SM North, Bagong Pag-asa Quezon City",0,0,0,0,0,0,0,0,0,0,2010-12-16 20:15,Property,14.65712835,120.990432,Side Swipe
None,EDSA,None,None,"Unknown, Rear-end, 0.0 drivers_injured, 0.0 drivers_killed, 0.0 passengers_injured, 0.0 passengers_killed, 0.0 pedestrian_injured, 0.0 pedestrian_killed, Fair, EDSA A. De Jesus St. (EB) Caloocan",MMDA Road Safety Unit,,100080bc-5cf5-4115-96ab-cbd988e79f19,2010-12-15,11:30:00,"North Avenue SM Exit, Pagasa Quezon City",0,0,0,0,0,0,0,0,0,0,2010-12-15 19:30,Property,14.65709602,120.9903994,Rear-End
None,EDSA,None,None,"Unknown, Rear-end, 0.0 drivers_injured, 0.0 drivers_killed, 0.0 passengers_injured, 0.0 passengers_killed, 0.0 pedestrian_injured, 0.0 pedestrian_killed, Fair, EDSA approaching Asuncion St. Caloocan",MMDA Road Safety Unit,,986d0e60-694e-474c-8f82-fb248ca9c3c9,2010-12-13,04:05:00,"North Avenue SM, Pagasa Quezon City",0,0,0,0,0,0,0,0,0,0,2010-12-13 12:05,Property,14.65728236,120.9878635,Rear-End
None,EDSA,None,None,"Unknown, Side Swipe, 0.0 drivers_injured, 0.0 drivers_killed, 0.0 passengers_injured, 0.0 passengers_killed, 0.0 pedestrian_injured, 0.0 pedestrian_killed, Fair, EDSA fronting Max's Restaurant Caloocan",MMDA Road Safety Unit,,d70d57a1-5856-4198-80f0-c451451af894,2010-12-06,21:50:00,North Ave. SM North Entrance Quezon City,0,0,0,0,0,0,0,0,0,0,2010-12-07 5:50,Property,14.657141,120.9918965,Side Swipe
None,EDSA,None,None,"Unknown, Angle Impact, 0.0 drivers_injured, 0.0 drivers_killed, 0.0 passengers_injured, 0.0 passengers_killed, 0.0 pedestrian_injured, 0.0 pedestrian_killed, Fair, EDSA A. De Jesus Caloocan",MMDA Road Safety Unit,,115ad295-5992-45d9-9fe8-9bd0dc260221,2010-12-06,08:20:00,"North Ave. SM Mall, Pag-Asa Quezon City",0,0,0,0,0,0,0,0,0,0,2010-12-06 16:20,Property,14.65712806,120.9903991,Angle Impact
None,EDSA,None,None,"Unknown, Angle Impact, 0.0 drivers_injured, 0.0 drivers_killed, 0.0 passengers_injured, 0.0 passengers_killed, 0.0 pedestrian_injured, 0.0 pedestrian_killed, Fair, EDSA B. Serrano St. Caloocan",MMDA Road Safety Unit,,7f0e3e10-694c-4476-963d-830536e8040c,2010-12-05,21:30:00,"North Ave. ""U"" turn slot, Pag-Asa Quezon City",0,0,0,0,0,0,0,0,0,0,2010-12-06 5:30,Property,14.65712586,120.9882927,Angle Impact
None,EDSA,None,None,"Unknown, Angle Impact, 0.0 drivers_injured, 0.0 drivers_killed, 0.0 passengers_injured, 0.0 passengers_killed, 0.0 pedestrian_injured, 0.0 pedestrian_killed, Fair, EDSA Malvar St. Caloocan",MMDA Road Safety Unit,,06879a73-e1f4-437b-b9fa-789c8b1d87e7,2010-11-29,04:30:00,"North Ave. ""U"" turn slot, Pag asa Quezon City",0,0,0,0,0,0,0,0,0,0,2010-11-29 12:30,Property,14.65729555,120.9930964,Angle Impact
None,EDSA,None,None,"Unknown, Rear-end, 0.0 drivers_injured, 0.0 drivers_killed, 0.0 passengers_injured, 0.0 passengers_killed, 0.0 pedestrian_injured, 0.0 pedestrian_killed, Fair, EDSA A. De Jesus Caloocan",MMDA Road Safety Unit,,221d63cc-fb7b-46a3-9500-b35ee06982dd,2010-11-28,07:00:00,"North Ave. ""U"" turn slot, Bagong Pag-asa Quezon City",0,0,0,0,0,0,0,0,0,0,2010-11-28 15:00,Property,14.65712806,120.9903991,Rear-End
None,EDSA,None,None,"Unknown, Rear-end, 0.0 drivers_injured, 0.0 drivers_killed, 0.0 passengers_injured, 0.0 passengers_killed, 0.0 pedestrian_injured, 0.0 pedestrian_killed, Fair, EDSA De Jesus St. Caloocan",MMDA Road Safety Unit,,a4cd844b-4616-4bac-8344-8936648a39f5,2010-11-25,22:30:00,"North Ave. ""U"" turn slot, Bagong Pag-asa Quezon City",0,0,0,0,0,0,0,0,0,0,2010-11-26 6:30,Property,14.65713667,120.9882603,Rear-End
None,EDSA,None,None,"Unknown, Rear-end, 0.0 drivers_injured, 0.0 drivers_killed, 0.0 passengers_injured, 0.0 passengers_killed, 0.0 pedestrian_injured, 0.0 pedestrian_killed, Fair, EDSA De Jesus St. Caloocan",MMDA Road Safety Unit,,e69ab6a6-14f2-4cca-8736-48ed224ccb2b,2010-11-23,22:15:00,"North Ave. SM North, Bagong Pag-asa Quezon City",0,0,0,0,0,0,0,0,0,0,2010-11-24 6:15,Property,14.65713667,120.9882603,Rear-End
None,EDSA,None,None,"Unknown, Side Swipe, 0.0 drivers_injured, 0.0 drivers_killed, 0.0 passengers_injured, 0.0 passengers_killed, 0.0 pedestrian_injured, 0.0 pedestrian_killed, Fair, EDSA Gen. Tinio Caloocan",MMDA Road Safety Unit,,f3d0e626-6b22-4c3a-bb8e-5bae912cc3bc,2010-11-23,02:20:00,"North Ave. SM North, Bagong Pag-asa Quezon City",0,0,0,0,0,0,0,0,0,0,2010-11-23 10:20,Property,14.65727124,120.9902826,Side Swipe
None,EDSA,None,None,"Unknown, Rear-end, 0.0 drivers_injured, 0.0 drivers_killed, 0.0 passengers_injured, 0.0 passengers_killed, 9.0 pedestrian_injured, 0.0 pedestrian_killed, Fair, EDSA Honda Caloocan Caloocan",MMDA Road Safety Unit,,2d6ac8d7-1182-41b1-81e3-1f32a52f4479,2010-11-14,19:00:00,"North Ave. SM North, Bagong Pag-asa Quezon City",0,0,0,0,0,9,0,0,0,9,2010-11-15 3:00,Injury,14.65713601,120.9973468,Rear-End
None,EDSA,None,None,"Unknown, Hit Object (No Object Stated), 0.0 drivers_injured, 0.0 drivers_killed, 0.0 passengers_injured, 0.0 passengers_killed, 0.0 pedestrian_injured, 0.0 pedestrian_killed, Fair, EDSA A. De Jesus St. Caloocan",MMDA Road Safety Unit,,4e5d3caf-b8fd-4f7f-8383-75a29e280eec,2010-11-14,03:45:00,"North Ave. SM North, Bagong Pag-asa Quezon City",0,0,0,0,0,0,0,0,0,0,2010-11-14 11:45,Property,14.65712835,120.990432,Hit Object
None,EDSA,None,None,"Unknown, Side Swipe, 0.0 drivers_injured, 0.0 drivers_killed, 0.0 passengers_injured, 0.0 passengers_killed, 0.0 pedestrian_injured, 0.0 pedestrian_killed, Fair, EDSA A. De Jesus Caloocan",MMDA Road Safety Unit,,f9f6f899-902c-45d4-a809-b2943855d22e,2010-11-12,20:45:00,"North Ave. SM North, Bagong Pag-asa Quezon City",0,0,0,0,0,0,0,0,0,0,2010-11-13 4:45,Property,14.65712806,120.9903991,Side Swipe
None,EDSA,None,None,"Unknown, Angle Impact, 0.0 drivers_injured, 0.0 drivers_killed, 0.0 passengers_injured, 0.0 passengers_killed, 0.0 pedestrian_injured, 0.0 pedestrian_killed, Fair, EDSA at ""U"" turn slot, Malvar Caloocan",MMDA Road Safety Unit,,2ff50702-ffc0-4d66-8cb5-5a3f7f8a684e,2010-11-12,17:25:00,"North Ave. SM North, Pagasa Quezon City",0,0,0,0,0,0,0,0,0,0,2010-11-13 1:25,Property,14.65724792,120.9931462,Angle Impact
None,EDSA,None,None,"Unknown, Side Swipe, 0.0 drivers_injured, 0.0 drivers_killed, 0.0 passengers_injured, 0.0 passengers_killed, 0.0 pedestrian_injured, 0.0 pedestrian_killed, Fair, EDSA at ""U"" turn slot, Malvar Caloocan",MMDA Road Safety Unit,,b3650179-ba51-4718-be32-e8a56b1b135e,2010-11-10,13:00:00,North Ave Edsa Quezon City,0,0,0,0,0,0,0,0,0,0,2010-11-10 21:00,Property,14.65724792,120.9931462,Side Swipe
None,EDSA,None,None,"Unknown, Side Swipe, 0.0 drivers_injured, 0.0 drivers_killed, 0.0 passengers_injured, 0.0 passengers_killed, 0.0 pedestrian_injured, 0.0 pedestrian_killed, Fair, EDSA B. Serrano Caloocan",MMDA Road Safety Unit,,ac644568-07b7-4e91-a868-fe1bf4745033,2010-11-04,10:30:00,North Ave Edsa Quezon City,0,0,0,0,0,0,0,0,0,0,2010-11-04 18:30,Property,14.65712586,120.9882927,Side Swipe
None,EDSA,None,None,"Unknown, Self-Accident, 0.0 drivers_injured, 0.0 drivers_killed, 0.0 passengers_injured, 0.0 passengers_killed, 0.0 pedestrian_injured, 0.0 pedestrian_killed, Fair, EDSA fronting Embu Integrated Trading Corporation Caloocan",MMDA Road Safety Unit,,4778510c-ba21-482e-8833-a9fa721cfb91,2010-11-01,21:10:00,"North Ave. ""U"" Turn Slot, Bagong Pagasa Quezon City",0,0,0,0,0,0,0,0,0,0,2010-11-02 5:10,Property,14.65739607,120.9936056,Self-Accident
None,EDSA,None,None,"Unknown, Hit and Run (Angle Impact), 0.0 drivers_injured, 0.0 drivers_killed, 0.0 passengers_injured, 0.0 passengers_killed, 0.0 pedestrian_injured, 0.0 pedestrian_killed, Fair, EDSA beside BPI bldg. Caloocan",MMDA Road Safety Unit,,14f36bfb-b7cf-41e7-a803-baef6a7573d5,2010-10-29,02:45:00,North Ave. SM North Quezon City,0,0,0,0,0,0,0,0,0,0,2010-10-29 10:45,Property,14.65743616,120.9967258,Angle Impact
None,EDSA,None,None,"Unknown, Side Swipe, 0.0 drivers_injured, 0.0 drivers_killed, 0.0 passengers_injured, 0.0 passengers_killed, 0.0 pedestrian_injured, 0.0 pedestrian_killed, Fair, EDSA Bonifacio Memorial Circle Caloocan",MMDA Road Safety Unit,,4c1e98a6-aa3a-4572-b175-4ecaa6b0d2d9,2010-10-28,02:55:00,North Ave. EDSA (NB)  Quezon City,0,0,0,0,0,0,0,0,0,0,2010-10-28 10:55,Property,14.65732796,120.9842086,Side Swipe
None,EDSA,None,None,"Unknown, Rear-end, 0.0 drivers_injured, 0.0 drivers_killed, 0.0 passengers_injured, 0.0 passengers_killed, 0.0 pedestrian_injured, 0.0 pedestrian_killed, Fair, EDSA A. De Jesus St. Caloocan",MMDA Road Safety Unit,,66f3eb0f-6d22-43cf-a918-45aa07574879,2010-10-26,19:30:00,North Ave. near Edsa Bagong Pagasa Quezon City,0,0,0,0,0,0,0,0,0,0,2010-10-27 3:30,Property,14.65712835,120.990432,Rear-End
None,EDSA,None,None,"Unknown, Side Swipe, 0.0 drivers_injured, 0.0 drivers_killed, 0.0 passengers_injured, 0.0 passengers_killed, 0.0 pedestrian_injured, 0.0 pedestrian_killed, Fair, EDSA MCU Caloocan",MMDA Road Safety Unit,,eefcb88e-a782-4730-81c6-8e67b15f8b17,2010-10-26,03:30:00,North Ave. near Edsa Quezon City,0,0,0,0,0,0,0,0,0,0,2010-10-26 11:30,Property,14.6573146,120.9860365,Side Swipe
None,EDSA,None,None,"Unknown, Rear-end, 0.0 drivers_injured, 0.0 drivers_killed, 0.0 passengers_injured, 0.0 passengers_killed, 0.0 pedestrian_injured, 0.0 pedestrian_killed, Fair, EDSA De Jesus St. Caloocan",MMDA Road Safety Unit,,41301427-7007-41ec-ac5b-49383b7f1dd3,2010-10-24,23:00:00,North Ave. near Edsa Brgy Bagong Pagasa Quezon City,0,0,0,0,0,0,0,0,0,0,2010-10-25 7:00,Property,14.65713667,120.9882603,Rear-End
None,EDSA,None,None,"Unknown, Rear-end, 0.0 drivers_injured, 0.0 drivers_killed, 0.0 passengers_injured, 0.0 passengers_killed, 0.0 pedestrian_injured, 0.0 pedestrian_killed, Fair, EDSA A. De Jesus St. Caloocan",MMDA Road Safety Unit,,b00e00ba-73d2-463e-a172-51b9c4e36606,2010-10-22,00:50:00,North Ave. near SM North Entrance Gate Bagong Pagasa Quezon City,0,0,0,0,0,0,0,0,0,0,2010-10-22 8:50,Property,14.65712835,120.990432,Rear-End
None,EDSA,None,None,"Unknown, Rear-end, 0.0 drivers_injured, 0.0 drivers_killed, 0.0 passengers_injured, 0.0 passengers_killed, 0.0 pedestrian_injured, 0.0 pedestrian_killed, Fair, EDSA fronting Pag-ibig Bldg. Caloocan",MMDA Road Safety Unit,,047adb6c-15bd-431b-b107-c47f469161fc,2010-10-20,22:30:00,North Ave. near Edsa Quezon City,0,0,0,0,0,0,0,0,0,0,2010-10-21 6:30,Property,14.65739117,120.9968447,Rear-End
None,EDSA,None,None,"Unknown, Side Swipe, 0.0 drivers_injured, 0.0 drivers_killed, 0.0 passengers_injured, 0.0 passengers_killed, 0.0 pedestrian_injured, 0.0 pedestrian_killed, Fair, EDSA B. Serrano St. Caloocan",MMDA Road Safety Unit,,0e02289e-8c3c-4952-b6ed-dc4342af80e8,2010-10-14,09:05:00,North Ave. corner Edsa Quezon City,0,0,0,0,0,0,0,0,0,0,2010-10-14 17:05,Property,14.65712586,120.9882927,Side Swipe
None,EDSA,None,None,"Unknown, Self-Accident, 0.0 drivers_injured, 0.0 drivers_killed, 0.0 passengers_injured, 0.0 passengers_killed, 0.0 pedestrian_injured, 0.0 pedestrian_killed, Fair, EDSA De Jesus St. Caloocan",MMDA Road Safety Unit,,fb7f9b1b-c855-4b4a-806e-c2b2e774d904,2010-10-05,02:10:00,North Ave. corner EDSA Brgy Bagong Pagasa Quezon City,0,0,0,0,0,0,0,0,0,0,2010-10-05 10:10,Property,14.65713667,120.9882603,Self-Accident
None,EDSA,None,None,"Unknown, Side Swipe, 0.0 drivers_injured, 0.0 drivers_killed, 0.0 passengers_injured, 0.0 passengers_killed, 0.0 pedestrian_injured, 0.0 pedestrian_killed, Fair, EDSA B. Serrano St. Caloocan",MMDA Road Safety Unit,,887fd60c-1d84-42ef-98cf-8d00393189fb,2010-10-04,20:20:00,North Ave. Edsa Brgy Bagong Pagasa Quezon City,0,0,0,0,0,0,0,0,0,0,2010-10-05 4:20,Property,14.65712586,120.9882927,Side Swipe
None,EDSA,None,None,"Unknown, Angle Impact, 0.0 drivers_injured, 0.0 drivers_killed, 0.0 passengers_injured, 0.0 passengers_killed, 0.0 pedestrian_injured, 0.0 pedestrian_killed, Fair, EDSA fronting Honda Caloocan",MMDA Road Safety Unit,,4a568807-334e-4a8a-99c3-279a28e133af,2010-09-25,21:35:00,North Ave. corner EDSA Bagong Pagasa Quezon City,0,0,0,0,0,0,0,0,0,0,2010-09-26 5:35,Property,14.65720358,120.9972936,Angle Impact
None,EDSA,None,None,"Unknown, Rear-end, 0.0 drivers_injured, 0.0 drivers_killed, 0.0 passengers_injured, 0.0 passengers_killed, 0.0 pedestrian_injured, 0.0 pedestrian_killed, Fair, EDSA at ""U"" turn slot, Gen. Malvar Caloocan",MMDA Road Safety Unit,,198e0110-2741-4a70-9731-43595bd3c3ed,2010-09-23,19:00:00,North Ave. corner Edsa Brgy Pagasa Quezon City,0,0,0,0,0,0,0,0,0,0,2010-09-24 3:00,Property,14.65717528,120.9931219,Rear-End
None,EDSA,None,None,"Unknown, Rear-end, 0.0 drivers_injured, 0.0 drivers_killed, 0.0 passengers_injured, 0.0 passengers_killed, 0.0 pedestrian_injured, 0.0 pedestrian_killed, Rain, EDSA fronting MCU Caloocan",MMDA Road Safety Unit,,06d20c30-e212-4abf-88b9-b1bc11910dc5,2010-09-22,03:30:00,North Ave. near corner Edsa Northbound Bagong Pagasa Quezon City,0,0,0,0,0,0,0,0,0,0,2010-09-22 11:30,Property,14.65728485,120.9863001,Rear-End
None,EDSA,None,None,"Unknown, Rear-end, 0.0 drivers_injured, 0.0 drivers_killed, 0.0 passengers_injured, 0.0 passengers_killed, 0.0 pedestrian_injured, 0.0 pedestrian_killed, Fair, EDSA fronting Metrobank, Gen. Tinio Footbridge Caloocan",MMDA Road Safety Unit,,e1c774f6-2069-4913-98d3-815ff18a914a,2010-09-19,23:45:00,North Ave. EDSA Brgy Bagong Pagasa Quezon City,0,0,0,0,0,0,0,0,0,0,2010-09-20 7:45,Property,14.65726794,120.9900824,Rear-End
None,EDSA,None,None,"Unknown, Side Swipe, 0.0 drivers_injured, 0.0 drivers_killed, 0.0 passengers_injured, 0.0 passengers_killed, 0.0 pedestrian_injured, 0.0 pedestrian_killed, Fair, EDSA De Jesus St. Caloocan",MMDA Road Safety Unit,,a1dcaa2c-2b5c-4cc1-a9ea-9f698aa6d438,2010-09-17,18:10:00,North Ave. Epifanio Delos Santos Avenue Barangay Bagong Pag-Asa Quezon City,0,0,0,0,0,0,0,0,0,0,2010-09-18 2:10,Property,14.65713667,120.9882603,Side Swipe
None,EDSA,None,None,"Unknown, Rear-end, 0.0 drivers_injured, 0.0 drivers_killed, 0.0 passengers_injured, 0.0 passengers_killed, 0.0 pedestrian_injured, 0.0 pedestrian_killed, Fair, EDSA Urbano St. Caloocan",MMDA Road Safety Unit,,a100b779-cd2e-47df-b31c-4122f9d4d449,2010-09-17,00:10:00,North Ave. EDSA Brgy Ramon Magsaysay Quezon City,0,0,0,0,0,0,0,0,0,0,2010-09-17 8:10,Property,14.65714729,120.9926394,Rear-End
None,EDSA,None,None,"Unknown, Angle Impact, 0.0 drivers_injured, 0.0 drivers_killed, 0.0 passengers_injured, 0.0 passengers_killed, 0.0 pedestrian_injured, 0.0 pedestrian_killed, Fair, EDSA Biglang-Awa Caloocan",MMDA Road Safety Unit,,4aea3d1e-705d-49cc-b01c-39fe5deb9af7,2010-09-16,03:30:00,North Ave. ESA Brgy Bagong Pagsa Quezon City,0,0,0,0,0,0,0,0,0,0,2010-09-16 11:30,Property,14.65719007,120.9944415,Angle Impact
None,EDSA,None,None,"Unknown, Side Swipe, 0.0 drivers_injured, 0.0 drivers_killed, 0.0 passengers_injured, 0.0 passengers_killed, 0.0 pedestrian_injured, 0.0 pedestrian_killed, Fair, EDSA Tandang Sora St. Caloocan",MMDA Road Safety Unit,,c1810246-400d-4add-8466-4735ebe8fbb7,2010-09-14,03:00:00,North Ave. Epifanio Delos Santos Avenue Quezon Avenue Quezon City,0,0,0,0,0,0,0,0,0,0,2010-09-14 11:00,Property,14.65736758,120.9940203,Side Swipe
None,EDSA,None,None,"Unknown, Angle Impact, 0.0 drivers_injured, 0.0 drivers_killed, 0.0 passengers_injured, 0.0 passengers_killed, 0.0 pedestrian_injured, 0.0 pedestrian_killed, Fair, EDSA at ""U"" turn slot, Gen. Malvar Caloocan",MMDA Road Safety Unit,,3ce0f24f-ce7c-4382-aeef-dbd96f1ff24a,2010-09-12,19:45:00,North Ave. Epifanio Delos Santos Avenue Barangay Bagong Pag-Asa Quezon City,0,0,0,0,0,0,0,0,0,0,2010-09-13 3:45,Property,14.65717528,120.9931219,Angle Impact
None,EDSA,None,None,"Unknown, Hit and Run (No Collision Stated), 0.0 drivers_injured, 0.0 drivers_killed, 0.0 passengers_injured, 0.0 passengers_killed, 0.0 pedestrian_injured, 0.0 pedestrian_killed, Dry, EDSA fronting MCU Hospital Caloocan",MMDA Road Safety Unit,,6eb753d8-24ea-4a7c-90bf-f37a71cfd7d3,2010-04-30,00:10:00,North Ave. Before EDSA Brgy. Bagong Pag Asa Quezon City,0,0,0,0,0,0,0,0,0,0,2010-04-30 8:10,Property,14.65728485,120.9863001,No Collision Stated
None,EDSA,None,None,"Unknown, Hit and Run (No Collision Stated), 0.0 drivers_injured, 0.0 drivers_killed, 0.0 passengers_injured, 0.0 passengers_killed, 0.0 pedestrian_injured, 0.0 pedestrian_killed, Dry, EDSA fronting Shakey's Caloocan",MMDA Road Safety Unit,,d1c6fa8b-d70d-4771-884b-94e7c1759d90,2010-03-23,22:45:00,North Ave. The Block Entrance SM City North  Quezon City,0,0,0,0,0,0,0,0,0,0,2010-03-24 6:45,Property,14.65702347,120.988069,No Collision Stated
None,EDSA,None,None,"Unknown, Side Swipe, 0.0 drivers_injured, 0.0 drivers_killed, 0.0 passengers_injured, 0.0 passengers_killed, 0.0 pedestrian_injured, 0.0 pedestrian_killed, Fair (Night), EDSA fronting SSS Office Caloocan",MMDA Road Safety Unit,,f065b3cc-bcc4-48fa-af02-93259cb24cd0,2009-12-13,08:20:00,North Ave. EDSA Quezon City,0,0,0,0,0,0,0,0,0,0,2009-12-13 16:20,Property,14.65739195,120.9931284,Side Swipe
None,EDSA,None,None,"Unknown, Hit and Run (No Collision Stated), 0.0 drivers_injured, 0.0 drivers_killed, 0.0 passengers_injured, 0.0 passengers_killed, 0.0 pedestrian_injured, 0.0 pedestrian_killed, Fair (Day), EDSA near Biglang-Awa St. Caloocan",MMDA Road Safety Unit,,f3d9e7ea-8406-4d8c-9299-a3645e37f199,2009-12-11,04:15:00,North Ave. EDSA Quezon City,0,0,0,0,0,0,0,0,0,0,2009-12-11 12:15,Property,14.65719787,120.9943965,No Collision Stated
None,EDSA,None,None,"Human Error, Side Swipe, 1.0 drivers_injured, 0.0 drivers_killed, 0.0 passengers_injured, 0.0 passengers_killed, 0.0 pedestrian_injured, 0.0 pedestrian_killed, Fair (Day), EDSA across Barrio Fiesta Caloocan",MMDA Road Safety Unit,,ea68443b-6bb1-430e-89b0-3a4bbb59ced3,2009-11-28,06:30:00,North Ave. EDSA Quezon City,0,0,0,1,0,0,0,0,0,1,2009-11-28 14:30,Injury,14.65732357,120.9907758,Side Swipe
None,EDSA,None,None,"Unknown, Hit and Run (No Collision Stated), 0.0 drivers_injured, 0.0 drivers_killed, 0.0 passengers_injured, 0.0 passengers_killed, 0.0 pedestrian_injured, 0.0 pedestrian_killed, Fair (Day), EDSA fronting Clovelt Inn Hotel Caloocan",MMDA Road Safety Unit,,f9bae3d3-5b9e-4753-8821-ec75a9732fe9,2009-11-05,04:55:00,North Ave. EDSA Quezon City,0,0,0,0,0,0,0,0,0,0,2009-11-05 12:55,Property,14.6573762,120.9875993,No Collision Stated
None,EDSA,None,None,"Unknown, Side Swipe, 1.0 drivers_injured, 0.0 drivers_killed, 0.0 passengers_injured, 0.0 passengers_killed, 0.0 pedestrian_injured, 0.0 pedestrian_killed, Fair (Day), EDSA ? De Jesus St. Caloocan",MMDA Road Safety Unit,,1e307c9f-897c-4faf-b51b-d16ae13c1327,2009-10-22,04:30:00,North Ave. EDSA Bgy.Pag asa Quezon City,0,0,0,1,0,0,0,0,0,1,2009-10-22 12:30,Injury,14.6571258,120.9904381,Side Swipe
None,EDSA,None,None,"Human Error, Side Swipe, 0.0 drivers_injured, 0.0 drivers_killed, 1.0 passengers_injured, 0.0 passengers_killed, 0.0 pedestrian_injured, 0.0 pedestrian_killed, Fair (Night), EDSA fronting Uni-Oil Gas station Caloocan",MMDA Road Safety Unit,,b29fb6ef-704b-4234-84cf-de831e28a928,2009-10-19,18:20:00,North Ave. EDSA Bgy.Bagong Pag asa Quezon City,0,0,0,0,1,0,0,0,0,1,2009-10-20 2:20,Injury,14.65727082,120.9904156,Side Swipe
None,EDSA,None,None,"Unknown, Hit object (Light-Street), 0.0 drivers_injured, 0.0 drivers_killed, 0.0 passengers_injured, 0.0 passengers_killed, 0.0 pedestrian_injured, 0.0 pedestrian_killed, Fair (Day), EDSA besides Zesto Caloocan",MMDA Road Safety Unit,,cc5d4f04-776d-4b01-8a50-1c739727f18e,2009-10-14,03:45:00,North Avenue  EDSA Brgy. Bagong Pag Asa Quezon City,0,0,0,0,0,0,0,0,0,0,2009-10-14 11:45,Property,14.65718958,120.9965731,Hit Object
None,EDSA,None,None,"Unknown, Side Swipe, 0.0 drivers_injured, 0.0 drivers_killed, 0.0 passengers_injured, 0.0 passengers_killed, 0.0 pedestrian_injured, 0.0 pedestrian_killed, Fair (Day), EDSA fronting SSS Office Caloocan",MMDA Road Safety Unit,,42a1dc65-dc78-4625-8207-044420384e75,2009-09-12,02:00:00,"North Ave. EDSA, Bgy. Bagong Pag-asa Quezon City",0,0,0,0,0,0,0,0,0,0,2009-09-12 10:00,Property,14.65739195,120.9931284,Side Swipe
None,EDSA,None,None,"Unknown, Side Swipe, 0.0 drivers_injured, 0.0 drivers_killed, 0.0 passengers_injured, 0.0 passengers_killed, 0.0 pedestrian_injured, 0.0 pedestrian_killed, Fair (Night), EDSA approaching Honda Cars Caloocan",MMDA Road Safety Unit,,492a40ce-c819-4dbb-b462-a1f351660354,2009-08-25,14:30:00,"North Ave. EDSA, Bgy. Bagong Pag-asa Quezon City",0,0,0,0,0,0,0,0,0,0,2009-08-25 22:30,Property,14.65717007,120.9966808,Side Swipe