LOCATION_TEXT,ROAD,WEATHER,LIGHT,DESC,REPORTING_AGENCY,MAIN_CAUSE,INCIDENTDETAILS_ID,DATE_UTC,TIME_UTC,ADDRESS,killed_driver,killed_passenger,killed_pedestrian,injured_driver,injured_passenger,injured_pedestrian,killed_uncategorized,injured_uncategorized,killed_total,injured_total,DATETIME_PST,SEVERITY,Y,X,COLLISION_TYPE
None,EDSA,None,None,"Unknown, Side Swipe, 0.0 drivers_injured, 0.0 drivers_killed, 0.0 passengers_injured, 0.0 passengers_killed, 0.0 pedestrian_injured, 0.0 pedestrian_killed, Fair (Day), EDSA fronting SSS Office Caloocan",MMDA Road Safety Unit,,9ef2ff1b-ecc5-495f-a1dc-ec6946368e72,2009-08-17,02:40:00,"North Ave. EDSA (NB), Bgy. Bagong Pag-asa Quezon City",0,0,0,0,0,0,0,0,0,0,2009-08-17 10:40,Property,14.65739195,120.9931284,Side Swipe
None,EDSA,None,None,"Unknown, Angle Impact, 0.0 drivers_injured, 0.0 drivers_killed, 0.0 passengers_injured, 0.0 passengers_killed, 0.0 pedestrian_injured, 0.0 pedestrian_killed, Fair (Day), EDSA ? De Jesus St. Caloocan",MMDA Road Safety Unit,,7c4a67ea-6353-4778-89cc-8a5ff703f4eb,2009-08-16,05:30:00,North Ave. EDSA Bgy. Bagong Pag-asa Quezon City,0,0,0,0,0,0,0,0,0,0,2009-08-16 13:30,Property,14.6571258,120.9904381,Angle Impact
None,EDSA,None,None,"Unknown, Hit and Run (No Collision Stated), 0.0 drivers_injured, 0.0 drivers_killed, 0.0 passengers_injured, 0.0 passengers_killed, 0.0 pedestrian_injured, 0.0 pedestrian_killed, Fair (Day), EDSA ? De Jesus St. Caloocan",MMDA Road Safety Unit,,b8ecf923-7fb6-49ff-8593-0a5754b5cb88,2009-08-11,04:45:00,North Avenue EDSA Quezon City,0,0,0,0,0,0,0,0,0,0,2009-08-11 12:45,Property,14.6571258,120.9904381,No Collision Stated
None,EDSA,None,None,"Human Error, Side Swipe, 1.0 drivers_injured, 0.0 drivers_killed, 0.0 passengers_injured, 0.0 passengers_killed, 0.0 pedestrian_injured, 0.0 pedestrian_killed, Fair (Night), EDSA Biglang-Awa St. Caloocan",MMDA Road Safety Unit,,2ec0eea0-699e-4cbe-97ab-14389bd9fe76,2009-08-09,17:45:00,North Ave. EDSA Bgy.Bagong Pag asa Quezon City,0,0,0,1,0,0,0,0,0,1,2009-08-10 1:45,Injury,14.65719007,120.9944415,Side Swipe
None,EDSA,None,None,"Unknown, Side Swipe, 0.0 drivers_injured, 0.0 drivers_killed, 0.0 passengers_injured, 0.0 passengers_killed, 0.0 pedestrian_injured, 0.0 pedestrian_killed, Fair (Day), EDSA fronting Caltex Gas Station Caloocan",MMDA Road Safety Unit,,1b1182e4-745c-46b0-aeb0-8b256b48f116,2009-08-08,06:00:00,North Ave. before EDSA N/B Quezon City,0,0,0,0,0,0,0,0,0,0,2009-08-08 14:00,Property,14.65733267,120.9918289,Side Swipe
None,EDSA,None,None,"Unknown, Side Swipe, 0.0 drivers_injured, 0.0 drivers_killed, 0.0 passengers_injured, 0.0 passengers_killed, 0.0 pedestrian_injured, 0.0 pedestrian_killed, Fair (Day), EDSA fronting Toyota Motors Caloocan",MMDA Road Safety Unit,,cff1b2a3-ec82-445c-ad53-a2d3712affec,2009-07-23,00:15:00,North Ave. Fronting SM North Edsa Brgy. Pag Asa Quezon City,0,0,0,0,0,0,0,0,0,0,2009-07-23 8:15,Property,14.6573861,120.9953868,Side Swipe
None,EDSA,None,None,"Unknown, Hit and Run (No Collision Stated), 0.0 drivers_injured, 0.0 drivers_killed, 0.0 passengers_injured, 0.0 passengers_killed, 0.0 pedestrian_injured, 0.0 pedestrian_killed, Fair (Night), EDSA ? De Jesus St. Caloocan",MMDA Road Safety Unit,,ab4d3492-3bb0-4dfd-a9e0-8aa205bcd621,2009-07-16,14:30:00,"North Ave. before EDSA (SB), Bgy. Pag-asa Quezon City",0,0,0,0,0,0,0,0,0,0,2009-07-16 22:30,Property,14.6571258,120.9904381,No Collision Stated
None,EDSA,None,None,"Unknown, Angle Impact, 0.0 drivers_injured, 0.0 drivers_killed, 0.0 passengers_injured, 0.0 passengers_killed, 0.0 pedestrian_injured, 0.0 pedestrian_killed, Fair (Night), EDSA B. Serrano St. (5th St.) Caloocan",MMDA Road Safety Unit,,1097e3a1-c020-458d-baea-de948bcbc5b7,2009-07-09,11:30:00,"North Ave. exit of SM, Bgy. Bagong Pag-asa Quezon City",0,0,0,0,0,0,0,0,0,0,2009-07-09 19:30,Property,14.65712586,120.9882927,Angle Impact
None,EDSA,None,None,"Unknown, Angle Impact, 0.0 drivers_injured, 0.0 drivers_killed, 0.0 passengers_injured, 0.0 passengers_killed, 0.0 pedestrian_injured, 0.0 pedestrian_killed, Fair (Night), EDSA B. Serrano St. (5th St.) Caloocan",MMDA Road Safety Unit,,2f977ab3-dac2-4cf7-b455-f838489c23ad,2009-07-05,09:55:00,"North Ave. fronting entrance gate of SM City-North EDSA, Bgy. Bagong Pag-asa Quezon City",0,0,0,0,0,0,0,0,0,0,2009-07-05 17:55,Property,14.65712586,120.9882927,Angle Impact
None,EDSA,None,None,"Unknown, Side Swipe, 0.0 drivers_injured, 0.0 drivers_killed, 0.0 passengers_injured, 0.0 passengers_killed, 0.0 pedestrian_injured, 0.0 pedestrian_killed, Fair (Day), EDSA fronting SSS Office Caloocan",MMDA Road Safety Unit,,8a7882ed-1053-4e5a-940c-3283a32c9f16,2009-07-03,02:30:00,North Ave. EDSA Quezon City,0,0,0,0,0,0,0,0,0,0,2009-07-03 10:30,Property,14.65739195,120.9931284,Side Swipe
None,EDSA,None,None,"Unknown, Side Swipe, 0.0 drivers_injured, 0.0 drivers_killed, 0.0 passengers_injured, 0.0 passengers_killed, 0.0 pedestrian_injured, 0.0 pedestrian_killed, Fair (Night), EDSA fronting Toyota Motors Caloocan",MMDA Road Safety Unit,,31166057-673b-4597-a061-a15c9bc1f2f5,2009-06-30,20:30:00,"North Ave. EDSA, Bgy. Bagong Pag-asa Quezon City",0,0,0,0,0,0,0,0,0,0,2009-07-01 4:30,Property,14.6573861,120.9953868,Side Swipe
None,EDSA,None,None,"Human Error, Side Swipe, 1.0 drivers_injured, 0.0 drivers_killed, 0.0 passengers_injured, 0.0 passengers_killed, 0.0 pedestrian_injured, 0.0 pedestrian_killed, Fair (Day), EDSA fronting Honda Cars Kalookan Inc., Bagong Barrio Caloocan",MMDA Road Safety Unit,,e2d8c659-6b10-4b6f-8fcf-2bdf0d0fbe11,2009-06-24,22:45:00,"North Ave. EDSA, Bgy. Bagong Pag-asa Quezon City",0,0,0,1,0,0,0,0,0,1,2009-06-25 6:45,Injury,14.65720358,120.9972936,Side Swipe
None,EDSA,None,None,"Human Error, Side Swipe, 1.0 drivers_injured, 0.0 drivers_killed, 0.0 passengers_injured, 0.0 passengers_killed, 0.0 pedestrian_injured, 0.0 pedestrian_killed, Fair (Night), EDSA A. De Jesus St. (8th St.) Caloocan",MMDA Road Safety Unit,,2118cb7f-1c84-42ee-996c-35dcea99aa88,2009-06-20,13:45:00,North Ave. EDSA Quezon City,0,0,0,1,0,0,0,0,0,1,2009-06-20 21:45,Injury,14.65709602,120.9903994,Side Swipe
None,EDSA,None,None,"Human Error, Angle Impact, 0.0 drivers_injured, 0.0 drivers_killed, 0.0 passengers_injured, 0.0 passengers_killed, 0.0 pedestrian_injured, 0.0 pedestrian_killed, Fair (Day), EDSA ? De Jesus St. Caloocan",MMDA Road Safety Unit,,9698f9d8-f4d2-4e92-a3e7-c210ee2dda1c,2009-06-19,05:45:00,"North Ave. before EDSA (NB), Bgy. Bagong Pag-asa Quezon City",0,0,0,0,0,0,0,0,0,0,2009-06-19 13:45,Property,14.65739722,120.9978667,Angle Impact
None,EDSA,None,None,"Human Error, Side Swipe, 0.0 drivers_injured, 0.0 drivers_killed, 0.0 passengers_injured, 0.0 passengers_killed, 0.0 pedestrian_injured, 0.0 pedestrian_killed, Fair (Day), EDSA ? De Jesus St. Caloocan",MMDA Road Safety Unit,,2dabab6a-dc65-48bb-8b53-5eaffe96ac08,2009-06-09,09:00:00,North Ave. fronting SM North Exit game Pag-asa Quezon City,0,0,0,0,0,0,0,0,0,0,2009-06-09 17:00,Property,14.6571258,120.9904381,Side Swipe
None,EDSA,None,None,"Unknown, Hit and Run (No Collision Stated), 0.0 drivers_injured, 0.0 drivers_killed, 0.0 passengers_injured, 0.0 passengers_killed, 0.0 pedestrian_injured, 0.0 pedestrian_killed, Fair (Day), EDSA fronting Jollibee Foodchain, MCU Caloocan",MMDA Road Safety Unit,,e2a18cd7-bcae-4200-bc14-46af56b08129,2009-06-05,00:00:00,North Ave. EDSA N/B Quezon City,0,0,0,0,0,0,0,0,0,0,2009-06-05 8:00,Property,14.65732931,120.9879828,No Collision Stated
None,EDSA,None,None,"Unknown, Side Swipe, 0.0 drivers_injured, 0.0 drivers_killed, 0.0 passengers_injured, 0.0 passengers_killed, 0.0 pedestrian_injured, 0.0 pedestrian_killed, Fair (Day), EDSA after B. Serrano St. (5th St.) Caloocan",MMDA Road Safety Unit,,52e9647f-3745-49a1-be78-56cd12ecab07,2009-05-28,01:45:00,North Ave. EDSA Pag asa Quezon City,0,0,0,0,0,0,0,0,0,0,2009-05-28 9:45,Property,14.6570961,120.9885563,Side Swipe
None,EDSA,None,None,"Human Error, Side Swipe, 0.0 drivers_injured, 0.0 drivers_killed, 0.0 passengers_injured, 0.0 passengers_killed, 0.0 pedestrian_injured, 0.0 pedestrian_killed, Fair (Day), EDSA fronting Honda Cars Kalookan Inc. Caloocan",MMDA Road Safety Unit,,577299b8-a218-4db6-b532-433c57f2d779,2009-04-12,22:50:00,North Ave. SM North Exit Bagong Pag asa Quezon City,0,0,0,0,0,0,0,0,0,0,2009-04-13 6:50,Property,14.65720358,120.9972936,Side Swipe
None,EDSA,None,None,"Human Error, Side Swipe, 1.0 drivers_injured, 0.0 drivers_killed, 1.0 passengers_injured, 0.0 passengers_killed, 0.0 pedestrian_injured, 0.0 pedestrian_killed, Fair (Night), EDSA fronting MCU-FDTMF Hospital Caloocan",MMDA Road Safety Unit,,ced8e0bb-e1fd-4f33-b10d-c91ff817429e,2009-04-12,14:30:00,North Ave. EDSA Bgy.Pag asa Quezon City,0,0,0,1,1,0,0,0,0,2,2009-04-12 22:30,Injury,14.65728485,120.9863001,Side Swipe
None,EDSA,None,None,"Human Error, Side Swipe, 0.0 drivers_injured, 0.0 drivers_killed, 0.0 passengers_injured, 0.0 passengers_killed, 0.0 pedestrian_injured, 0.0 pedestrian_killed, Fair (Day), EDSA fronting Honda Cars Kalookan Inc. Caloocan",MMDA Road Safety Unit,,e5ce3fc1-194f-4733-8361-a038bb36e281,2009-04-08,07:30:00,North Ave. EDSA N/B Bgy.Pag asa Quezon City,0,0,0,0,0,0,0,0,0,0,2009-04-08 15:30,Property,14.65720358,120.9972936,Side Swipe
None,EDSA,None,None,"Human Error, Side Swipe, 0.0 drivers_injured, 0.0 drivers_killed, 0.0 passengers_injured, 0.0 passengers_killed, 0.0 pedestrian_injured, 0.0 pedestrian_killed, Fair (Day), EDSA fronting MCU-FDTMF Hospital Caloocan",MMDA Road Safety Unit,,66020f91-0de4-4c37-8aa2-b0a631f9aa39,2009-04-03,03:25:00,North Ave. after EDSA Quezon City,0,0,0,0,0,0,0,0,0,0,2009-04-03 11:25,Property,14.65728485,120.9863001,Side Swipe
None,EDSA,None,None,"Human Error, Side Swipe, 0.0 drivers_injured, 0.0 drivers_killed, 0.0 passengers_injured, 0.0 passengers_killed, 0.0 pedestrian_injured, 0.0 pedestrian_killed, Fair (Day), EDSA besides Tropical Hut  Caloocan",MMDA Road Safety Unit,,fffed83e-057c-4f39-8dbe-99b743e5b88c,2009-03-08,05:45:00,"North Ave. EDSA, Bgy. Bagong Pag-asa Quezon City",0,0,0,0,0,0,0,0,0,0,2009-03-08 13:45,Property,14.65704483,120.9841918,Side Swipe
None,EDSA,None,None,"Unknown, Self-Accident, 0.0 drivers_injured, 0.0 drivers_killed, 0.0 passengers_injured, 0.0 passengers_killed, 0.0 pedestrian_injured, 0.0 pedestrian_killed, Fair (Day), EDSA fronting Caltex Gas Station Caloocan",MMDA Road Safety Unit,,f00b0057-b7a0-4873-b1c8-d3c71de6b023,2009-02-01,01:00:00,North Ave. Edsa Brgy. Bagong Pag Asa Quezon City,0,0,0,0,0,0,0,0,0,0,2009-02-01 9:00,Property,14.65733267,120.9918289,Self-Accident
None,EDSA,None,None,"Human Error, Angle Impact, 0.0 drivers_injured, 0.0 drivers_killed, 0.0 passengers_injured, 0.0 passengers_killed, 0.0 pedestrian_injured, 0.0 pedestrian_killed, Fair (Day), EDSA Gen. Tinio St. Caloocan",MMDA Road Safety Unit,,cefa6392-57d1-4176-9a69-92819659b5c6,2009-01-29,01:20:00,North Ave. Fronting SM Bldg. Brgy. Bagong Pag Asa Quezon City,0,0,0,0,0,0,0,0,0,0,2009-01-29 9:20,Property,14.65725289,120.9901501,Angle Impact
None,EDSA,None,None,"Unknown, Hit and Run (No Collision Stated), 0.0 drivers_injured, 0.0 drivers_killed, 0.0 passengers_injured, 0.0 passengers_killed, 0.0 pedestrian_injured, 0.0 pedestrian_killed, Fair (Day), EDSA at ""U"" turn slot, ? De Jesus St. Caloocan",MMDA Road Safety Unit,,7c350fcc-c593-4c02-8303-3f5c7d11e558,2009-01-28,07:25:00,North Ave. SM North Pag asa Quezon City,0,0,0,0,0,0,0,0,0,0,2009-01-28 15:25,Property,14.65719947,120.9903859,No Collision Stated
None,EDSA,None,None,"Human Error, Angle Impact, 0.0 drivers_injured, 0.0 drivers_killed, 0.0 passengers_injured, 0.0 passengers_killed, 0.0 pedestrian_injured, 0.0 pedestrian_killed, Fair (Day), EDSA ? De Jesus St. Caloocan",MMDA Road Safety Unit,,942bca8d-5e88-4aa6-96fd-caa0d2e8e7d4,2009-01-26,03:25:00,North Ave. fronting SM North Ave. Bgy.Bagong Pag asa Quezon City,0,0,0,0,0,0,0,0,0,0,2009-01-26 11:25,Property,14.65739722,120.9978667,Angle Impact
None,EDSA,None,None,"Unknown, Hit object, 0.0 drivers_injured, 0.0 drivers_killed, 0.0 passengers_injured, 0.0 passengers_killed, 0.0 pedestrian_injured, 0.0 pedestrian_killed, Fair (Night), EDSA fronting Suzuki Motors Caloocan",MMDA Road Safety Unit,,d17bdacd-f490-49a9-88fb-9ec85c99abf0,2009-01-03,21:30:00,North Ave. EDSA Bgy. Pag Asa Quezon City,0,0,0,0,0,0,0,0,0,0,2009-01-04 5:30,Property,14.65733303,120.9938634,Hit Object
None,EDSA,None,None,"Human Error, Side Swipe, 0.0 drivers_injured, 0.0 drivers_killed, 0.0 passengers_injured, 0.0 passengers_killed, 0.0 pedestrian_injured, 0.0 pedestrian_killed, Dry, EDSA Gen. Simon St. Caloocan",MMDA Road Safety Unit,,b9b101dd-08d4-46b7-8574-849254f6cfbd,2008-11-26,06:10:00,North Ave. EDSA Brgy.Pag-asa Quezon City,0,0,0,0,0,0,0,0,0,0,2008-11-26 14:10,Property,14.65727772,120.9854774,Side Swipe
None,EDSA,None,None,"Human Error, Side Swipe, 0.0 drivers_injured, 0.0 drivers_killed, 0.0 passengers_injured, 0.0 passengers_killed, 0.0 pedestrian_injured, 0.0 pedestrian_killed, Dry, EDSA fronting SSS Caloocan",MMDA Road Safety Unit,,a0f3139b-33ad-4f6c-88c0-ca1386436448,2008-11-04,00:00:00,North Ave. EDSA Brgy.Bagong Pag asa Quezon City,0,0,0,0,0,0,0,0,0,0,2008-11-04 8:00,Property,14.65739195,120.9931284,Side Swipe
None,EDSA,None,None,"Human Error, Side Swipe, 0.0 drivers_injured, 0.0 drivers_killed, 0.0 passengers_injured, 0.0 passengers_killed, 0.0 pedestrian_injured, 0.0 pedestrian_killed, Dry, EDSA beside SSS Office Caloocan",MMDA Road Safety Unit,,f2c97c5f-f1af-4853-a951-39109a58ad3c,2008-10-27,13:20:00,North Ave. EDSA Brgy.Bagong Pag asa Quezon City,0,0,0,0,0,0,0,0,0,0,2008-10-27 21:20,Property,14.65740474,120.993083,Side Swipe
None,EDSA,None,None,"Unknown, Side Swipe, 1.0 drivers_injured, 0.0 drivers_killed, 0.0 passengers_injured, 0.0 passengers_killed, 0.0 pedestrian_injured, 0.0 pedestrian_killed, Dry, EDSA J. De Jesus Caloocan",MMDA Road Safety Unit,,0268ade5-d92b-49ac-901d-f6b4616e76a2,2008-10-13,03:10:00,North Ave. near EDSA Quezon City,0,0,0,1,0,0,0,0,0,1,2008-10-13 11:10,Injury,14.65741694,120.9978841,Side Swipe
None,EDSA,None,None,"Human Error, Side Swipe, 0.0 drivers_injured, 0.0 drivers_killed, 0.0 passengers_injured, 0.0 passengers_killed, 0.0 pedestrian_injured, 0.0 pedestrian_killed, Dry, EDSA A. De Jesus St. Caloocan",MMDA Road Safety Unit,,d111dfad-654b-4e09-bd32-63d5a0981d64,2008-09-24,03:40:00,North Ave. EDSA Quezon City,0,0,0,0,0,0,0,0,0,0,2008-09-24 11:40,Property,14.65712835,120.990432,Side Swipe
None,EDSA,None,None,"Human Error, Self-Accident, 0.0 drivers_injured, 0.0 drivers_killed, 0.0 passengers_injured, 0.0 passengers_killed, 0.0 pedestrian_injured, 0.0 pedestrian_killed, Dry, EDSA A. De Jesus St. Caloocan",MMDA Road Safety Unit,,72771927-701d-4375-a637-974b4c6ac4d9,2008-09-23,21:20:00,North Ave. EDSA Quezon City,0,0,0,0,0,0,0,0,0,0,2008-09-24 5:20,Property,14.65712835,120.990432,Self-Accident
None,EDSA,None,None,"Human Error, Side Swipe, 0.0 drivers_injured, 0.0 drivers_killed, 0.0 passengers_injured, 0.0 passengers_killed, 0.0 pedestrian_injured, 0.0 pedestrian_killed, Dry, EDSA near corner a. De Jesus St. Caloocan",MMDA Road Safety Unit,,7fa1d073-3eae-4182-a1e9-3794aa663048,2008-09-23,16:30:00,"North Ave. Fronting SM North ., Bgy. Bagong Pag-asa Quezon City",0,0,0,0,0,0,0,0,0,0,2008-09-24 0:30,Property,14.65707709,120.9882277,Side Swipe
None,EDSA,None,None,"Human Error, Side Swipe, 0.0 drivers_injured, 0.0 drivers_killed, 0.0 passengers_injured, 0.0 passengers_killed, 0.0 pedestrian_injured, 0.0 pedestrian_killed, Dry, EDSA De Jesus St. Caloocan",MMDA Road Safety Unit,,0a2ce439-d849-42e2-b77b-8e67a426c655,2008-09-21,11:30:00,North Ave. Fronting SM North EDSA Quezon City,0,0,0,0,0,0,0,0,0,0,2008-09-21 19:30,Property,14.65713667,120.9882603,Side Swipe
None,EDSA,None,None,"Human Error, Side Swipe, 0.0 drivers_injured, 0.0 drivers_killed, 0.0 passengers_injured, 0.0 passengers_killed, 0.0 pedestrian_injured, 0.0 pedestrian_killed, Dry, EDSA fronting MCU Hospital Caloocan",MMDA Road Safety Unit,,01c5b2d4-2a72-4dd3-88ab-a333a5c67a9a,2008-09-11,14:30:00,North Ave. EDSA (N/B) Brgy. Bagong Pag-Asa Quezon City,0,0,0,0,0,0,0,0,0,0,2008-09-11 22:30,Property,14.65728485,120.9863001,Side Swipe
None,EDSA,None,None,"Human Error, Angle Impact, 0.0 drivers_injured, 0.0 drivers_killed, 0.0 passengers_injured, 0.0 passengers_killed, 0.0 pedestrian_injured, 0.0 pedestrian_killed, Dry, EDSA Morning Breze Caloocan",MMDA Road Safety Unit,,e6bbea5c-fcf5-4c66-bf14-077459f29c28,2008-07-22,01:20:00,"North Ave. fronting SM City-North, Misamis St., Bgy. Bagong Pag-asa Quezon City",0,0,0,0,0,0,0,0,0,0,2008-07-22 9:20,Property,14.6573762,120.9875993,Angle Impact
None,EDSA,None,None,"Human Error, Angle Impact, 0.0 drivers_injured, 0.0 drivers_killed, 0.0 passengers_injured, 0.0 passengers_killed, 0.0 pedestrian_injured, 0.0 pedestrian_killed, Dry, EDSA Gen. Tinio Caloocan",MMDA Road Safety Unit,,6fc48009-ea61-436d-b342-01922fa10392,2008-07-20,23:05:00,North Ave. EDSA Quezon City,0,0,0,0,0,0,0,0,0,0,2008-07-21 7:05,Property,14.6573762,120.9875993,Angle Impact
None,EDSA,None,None,"Human Error, Angle Impact, 1.0 drivers_injured, 0.0 drivers_killed, 0.0 passengers_injured, 0.0 passengers_killed, 0.0 pedestrian_injured, 0.0 pedestrian_killed, Dry, EDSA J. De Jesus St. Caloocan",MMDA Road Safety Unit,,dfe251f6-67c4-420b-b654-8dbad9843796,2008-07-10,17:20:00,"North Ave. EDSA, Bgy. Bagong Pag-asa Quezon City",0,0,0,1,0,0,0,0,0,1,2008-07-11 1:20,Injury,14.65739722,120.9978667,Angle Impact
None,EDSA,None,None,"Human Error, Side Swipe, 0.0 drivers_injured, 0.0 drivers_killed, 0.0 passengers_injured, 0.0 passengers_killed, 0.0 pedestrian_injured, 0.0 pedestrian_killed, Dry, EDSA fornting MCU Hospital Caloocan",MMDA Road Safety Unit,,29bf5817-c752-4bcd-9f97-650a50365636,2008-07-09,06:30:00,"North Ave. Entrance of SM, Bgy. Bagong Pag-asa Quezon City",0,0,0,0,0,0,0,0,0,0,2008-07-09 14:30,Property,14.65709329,120.9866809,Side Swipe
None,EDSA,None,None,"Human Error, Side Swipe, 1.0 drivers_injured, 0.0 drivers_killed, 0.0 passengers_injured, 0.0 passengers_killed, 0.0 pedestrian_injured, 0.0 pedestrian_killed, Dry, EDSA Gen. Tinio St. Caloocan",MMDA Road Safety Unit,,7750af4f-195e-41cd-b4a6-18986cafe06a,2008-06-30,04:00:00,North Ave. EDSA brgy. Bagong Pag-asa Quezon City,0,0,0,1,0,0,0,0,0,1,2008-06-30 12:00,Injury,14.65727124,120.9902826,Side Swipe
None,EDSA,None,None,"Human Error, Side Swipe, 1.0 drivers_injured, 0.0 drivers_killed, 0.0 passengers_injured, 0.0 passengers_killed, 0.0 pedestrian_injured, 0.0 pedestrian_killed, Dry, EDSA fronting Caltex Gas Station Caloocan",MMDA Road Safety Unit,,760c5bb6-2669-4109-9607-c59f724cc9ad,2008-05-02,09:50:00,North Ave. before EDSA Quezon City,0,0,0,1,0,0,0,0,0,1,2008-05-02 17:50,Injury,14.65733267,120.9918289,Side Swipe
None,EDSA,None,None,"Human Error, Side Swipe, 1.0 drivers_injured, 0.0 drivers_killed, 0.0 passengers_injured, 0.0 passengers_killed, 0.0 pedestrian_injured, 0.0 pedestrian_killed, Dry, EDSA fronting MCU Hospital Caloocan",MMDA Road Safety Unit,,86398b68-ca69-4809-afe4-accd5e03f48c,2008-04-24,14:30:00,North Ave. EDSA Bagong Pag-asa Quezon City,0,0,0,1,0,0,0,0,0,1,2008-04-24 22:30,Injury,14.65728485,120.9863001,Side Swipe
None,EDSA,None,None,"Human Error, Angle Impact, 0.0 drivers_injured, 0.0 drivers_killed, 0.0 passengers_injured, 0.0 passengers_killed, 0.0 pedestrian_injured, 0.0 pedestrian_killed, Dry, EDSA Tinio St. Caloocan",MMDA Road Safety Unit,,31b471fb-d129-4da7-ac98-72ad7082463d,2008-03-24,00:30:00,North Ave. EDSA Quezon City,0,0,0,0,0,0,0,0,0,0,2008-03-24 8:30,Property,14.65725289,120.9901501,Angle Impact
None,EDSA,None,None,"Human Error, Side Swipe, 0.0 drivers_injured, 0.0 drivers_killed, 0.0 passengers_injured, 0.0 passengers_killed, 0.0 pedestrian_injured, 0.0 pedestrian_killed, Dry, EDSA J.De Jesus St. Caloocan",MMDA Road Safety Unit,,37a93c20-a601-4609-8d48-5df07bdedf55,2008-03-19,10:30:00,North Ave. EDSA Quezon City,0,0,0,0,0,0,0,0,0,0,2008-03-19 18:30,Property,14.65741637,120.9978183,Side Swipe
None,EDSA,None,None,"Human Error, Angle Impact, 0.0 drivers_injured, 0.0 drivers_killed, 0.0 passengers_injured, 0.0 passengers_killed, 0.0 pedestrian_injured, 0.0 pedestrian_killed, Dry, EDSA J.De Jesus Caloocan",MMDA Road Safety Unit,,b62fac5d-4106-4392-b051-482e16024d96,2008-03-11,02:30:00,North Ave. SM ext. brgy. Pag-asa Quezon City,0,0,0,0,0,0,0,0,0,0,2008-03-11 10:30,Property,14.65739722,120.9978667,Angle Impact
None,EDSA,None,None,"Human Error, Side Swipe, 0.0 drivers_injured, 0.0 drivers_killed, 0.0 passengers_injured, 0.0 passengers_killed, 0.0 pedestrian_injured, 0.0 pedestrian_killed, Dry, EDSA Approaching A.D. Jesus St. Caloocan",MMDA Road Safety Unit,,6505e922-964d-4852-a338-eede6549934d,2008-02-22,11:20:00,"North Ave. EDSA, Bgy. Bagong Pag-asa Quezon City",0,0,0,0,0,0,0,0,0,0,2008-02-22 19:20,Property,14.65712664,120.9902346,Side Swipe
None,EDSA,None,None,"Human Error, Side Swipe, 0.0 drivers_injured, 0.0 drivers_killed, 0.0 passengers_injured, 0.0 passengers_killed, 0.0 pedestrian_injured, 0.0 pedestrian_killed, Dry, EDSA A. De Jesus St. Caloocan",MMDA Road Safety Unit,,7c35944f-0530-4eca-a29f-25ec22e90cfb,2008-02-19,02:20:00,"North Ave. EDSA, Bgy. Bagong Pag-asa Quezon City",0,0,0,0,0,0,0,0,0,0,2008-02-19 10:20,Property,14.65712835,120.990432,Side Swipe
None,EDSA,None,None,"Human Error, Angle Impact, 0.0 drivers_injured, 0.0 drivers_killed, 0.0 passengers_injured, 0.0 passengers_killed, 0.0 pedestrian_injured, 0.0 pedestrian_killed, Dry, EDSA A. De Jesus St. Caloocan",MMDA Road Safety Unit,,ec619c4d-b565-46fd-9c3e-19330456c273,2008-02-15,01:30:00,North Ave. EDSA Quezon City,0,0,0,0,0,0,0,0,0,0,2008-02-15 9:30,Property,14.65739722,120.9978667,Angle Impact
None,EDSA,None,None,"Human Error, Angle Impact, 0.0 drivers_injured, 0.0 drivers_killed, 0.0 passengers_injured, 0.0 passengers_killed, 0.0 pedestrian_injured, 0.0 pedestrian_killed, Dry, EDSA De Jesus St. Caloocan",MMDA Road Safety Unit,,9c66ee0b-6b28-4d48-a8c2-8ad4c66f7509,2008-02-11,23:00:00,North Ave. After EDSA Brgy.pag-Asa Quezon City,0,0,0,0,0,0,0,0,0,0,2008-02-12 7:00,Property,14.65739722,120.9978667,Angle Impact
None,EDSA,None,None,"Human Error, Angle Impact, 0.0 drivers_injured, 0.0 drivers_killed, 0.0 passengers_injured, 0.0 passengers_killed, 0.0 pedestrian_injured, 0.0 pedestrian_killed, Dry, EDSA De Jesus St. Caloocan",MMDA Road Safety Unit,,5b21d346-5da2-47dd-b2fb-6f0d53610222,2008-02-11,03:55:00,North Ave. SM Mall Brgy.Bagong pag Asa Quezon City,0,0,0,0,0,0,0,0,0,0,2008-02-11 11:55,Property,14.65739722,120.9978667,Angle Impact
None,EDSA,None,None,"Human Error, Side Swipe, 0.0 drivers_injured, 0.0 drivers_killed, 0.0 passengers_injured, 0.0 passengers_killed, 0.0 pedestrian_injured, 0.0 pedestrian_killed, Dry, EDSA G. De Jesus St. Caloocan",MMDA Road Safety Unit,,862a238a-6cef-4142-abbf-30f7003a553f,2007-12-29,22:30:00,North Ave. fronting SM North Quezon City,0,0,0,0,0,0,0,0,0,0,2007-12-30 6:30,Property,14.65744883,120.9978673,Side Swipe
None,EDSA,None,None,"Human Error, Side Swipe, 0.0 drivers_injured, 0.0 drivers_killed, 0.0 passengers_injured, 0.0 passengers_killed, 0.0 pedestrian_injured, 0.0 pedestrian_killed, Dry, EDSA fronting MCU-FDTMF Hospital Caloocan",MMDA Road Safety Unit,,3c611700-9946-4f4a-b038-3f0173d0a360,2007-12-24,08:50:00,North Ave SM north EDSA Quezon City,0,0,0,0,0,0,0,0,0,0,2007-12-24 16:50,Property,14.65728485,120.9863001,Side Swipe
None,EDSA,None,None,"Human Error, Side Swipe, 0.0 drivers_injured, 0.0 drivers_killed, 0.0 passengers_injured, 0.0 passengers_killed, 0.0 pedestrian_injured, 0.0 pedestrian_killed, Dry, EDSA fronting Honda Cars Caloocan",MMDA Road Safety Unit,,0a6f5abf-a529-4f12-a22b-82b619e269e9,2007-12-18,02:35:00,North Ave. EDSA Brgy. Pag Asa Quezon City,0,0,0,0,0,0,0,0,0,0,2007-12-18 10:35,Property,14.65720358,120.9972936,Side Swipe