LOCATION_TEXT,ROAD,WEATHER,LIGHT,DESC,REPORTING_AGENCY,MAIN_CAUSE,INCIDENTDETAILS_ID,DATE_UTC,TIME_UTC,ADDRESS,killed_driver,killed_passenger,killed_pedestrian,injured_driver,injured_passenger,injured_pedestrian,killed_uncategorized,injured_uncategorized,killed_total,injured_total,DATETIME_PST,SEVERITY,Y,X,COLLISION_TYPE
None,EDSA,None,None,"Human Error, Side Swipe, 0.0 drivers_injured, 0.0 drivers_killed, 0.0 passengers_injured, 0.0 passengers_killed, 0.0 pedestrian_injured, 0.0 pedestrian_killed, Dry, EDSA fronting 7-11 Store Caloocan",MMDA Road Safety Unit,,a5914159-5719-4b2e-b7b6-44185f6d7cce,2007-12-16,02:45:00,North Ave. fronting SM North Quezon City,0,0,0,0,0,0,0,0,0,0,2007-12-16 10:45,Property,14.65726747,120.9874677,Side Swipe
None,EDSA,None,None,"Human Error, Angle Impact, 0.0 drivers_injured, 0.0 drivers_killed, 0.0 passengers_injured, 0.0 passengers_killed, 0.0 pedestrian_injured, 0.0 pedestrian_killed, Dry, EDSA near corner A.De Jesus St. Caloocan",MMDA Road Safety Unit,,2e058164-7acc-45b5-8551-12e40d1fbd86,2007-12-15,02:00:00,"North Ave. Banco De Oro, SM North Quezon City",0,0,0,0,0,0,0,0,0,0,2007-12-15 10:00,Property,14.65739722,120.9978667,Angle Impact
None,EDSA,None,None,"Human Error, Angle Impact, 0.0 drivers_injured, 0.0 drivers_killed, 0.0 passengers_injured, 0.0 passengers_killed, 0.0 pedestrian_injured, 0.0 pedestrian_killed, Dry, EDSA Benin St. Caloocan",MMDA Road Safety Unit,,61021150-3b3b-404d-8cd0-390d7fa313e6,2007-12-10,13:40:00,North Ave. SM City North Quezon City,0,0,0,0,0,0,0,0,0,0,2007-12-10 21:40,Property,14.65702328,120.985475,Angle Impact
None,EDSA,None,None,"Human Error, Side Swipe, 0.0 drivers_injured, 0.0 drivers_killed, 0.0 passengers_injured, 0.0 passengers_killed, 0.0 pedestrian_injured, 0.0 pedestrian_killed, Dry, EDSA fronting SSS Bldg.  Caloocan",MMDA Road Safety Unit,,103bb8ae-ea5d-43e1-82b4-6f398ee1686d,2007-12-08,22:35:00,"EDSA ""U"" turn slot  GMA Network  Quezon City",0,0,0,0,0,0,0,0,0,0,2007-12-09 6:35,Property,14.65739195,120.9931284,Side Swipe
None,EDSA,None,None,"Unknown, Side Swipe, 0.0 drivers_injured, 0.0 drivers_killed, 0.0 passengers_injured, 0.0 passengers_killed, 0.0 pedestrian_injured, 0.0 pedestrian_killed, Dry, EDSA fronting 7-11 Store Caloocan",MMDA Road Safety Unit,,9c443831-afbd-431a-a6ab-e83e8fe93941,2007-12-08,09:10:00,"EDSA ""U"" turn slot  Balingasa  Quezon City",0,0,0,0,0,0,0,0,0,0,2007-12-08 17:10,Property,14.65726747,120.9874677,Side Swipe
None,EDSA,None,None,"Human Error, Side Swipe, 0.0 drivers_injured, 0.0 drivers_killed, 0.0 passengers_injured, 0.0 passengers_killed, 0.0 pedestrian_injured, 0.0 pedestrian_killed, Dry, EDSA Biglang Awa Caloocan",MMDA Road Safety Unit,,a09833fe-dcf0-4086-9c49-4ef368a4f4a0,2007-12-04,05:30:00,"EDSA ""U"" turn slot  Panay Ave.  Quezon City",0,0,0,0,0,0,0,0,0,0,2007-12-04 13:30,Property,14.65719007,120.9944415,Side Swipe
None,EDSA,None,None,"Human Error, Side Swipe, 0.0 drivers_injured, 0.0 drivers_killed, 0.0 passengers_injured, 0.0 passengers_killed, 0.0 pedestrian_injured, 0.0 pedestrian_killed, Dry, EDSA Urbano Plata, Bagong Barrio Caloocan",MMDA Road Safety Unit,,1593ffce-c527-4664-8319-4c0fe0cc89c0,2007-12-02,12:30:00,"EDSA ""U"" turn slot  Timog Ave.  Quezon City",0,0,0,0,0,0,0,0,0,0,2007-12-02 20:30,Property,14.65714729,120.9926394,Side Swipe
None,EDSA,None,None,"Human Error, Side Swipe, 0.0 drivers_injured, 0.0 drivers_killed, 0.0 passengers_injured, 0.0 passengers_killed, 0.0 pedestrian_injured, 0.0 pedestrian_killed, Dry, EDSA fronting SSS Bldg.  Caloocan",MMDA Road Safety Unit,,8e51ef07-2c96-49d0-83d2-137e469496d5,2007-11-30,12:30:00,"EDSA ""U"" turn slot  GMA-7  Quezon City",0,0,0,0,0,0,0,0,0,0,2007-11-30 20:30,Property,14.65739195,120.9931284,Side Swipe
None,EDSA,None,None,"Human Error, Angle Impact, 0.0 drivers_injured, 0.0 drivers_killed, 0.0 passengers_injured, 0.0 passengers_killed, 0.0 pedestrian_injured, 0.0 pedestrian_killed, Dry, EDSA G. De Jesus St. Caloocan",MMDA Road Safety Unit,,70782eb8-3bbd-4da6-8f7c-50fd667bf0bb,2007-11-29,16:30:00,"EDSA ""U"" turn slot  Wilcon Depot  Quezon City",0,0,0,0,0,0,0,0,0,0,2007-11-30 0:30,Property,14.65709585,120.990471,Angle Impact
None,EDSA,None,None,"Human Error, Side Swipe, 0.0 drivers_injured, 0.0 drivers_killed, 0.0 passengers_injured, 0.0 passengers_killed, 0.0 pedestrian_injured, 0.0 pedestrian_killed, Dry, EDSA fronting MCU-FDTMF Hospital Caloocan",MMDA Road Safety Unit,,2b5a7c6b-0376-4588-aec6-29e33adb5e72,2007-11-18,05:10:00,"EDSA ""U"" turn slot  Shell Gas Station A. Samson  Quezon City",0,0,0,0,0,0,0,0,0,0,2007-11-18 13:10,Property,14.65728485,120.9863001,Side Swipe
None,EDSA,None,None,"Human Error, Angle Impact, 1.0 drivers_injured, 0.0 drivers_killed, 0.0 passengers_injured, 0.0 passengers_killed, 0.0 pedestrian_injured, 0.0 pedestrian_killed, Dry, EDSA cor. Gen. Evangelista Caloocan",MMDA Road Safety Unit,,8abd4e5f-4a18-4610-bc28-0a4fccadf6ca,2007-11-17,04:05:00,"EDSA ""U"" turn slot  Waltermart  Quezon City",0,0,0,1,0,0,0,0,0,1,2007-11-17 12:05,Injury,14.65734118,120.9955009,Angle Impact
None,EDSA,None,None,"Human Error, Hit and Run (No Collision Stated), 0.0 drivers_injured, 0.0 drivers_killed, 0.0 passengers_injured, 0.0 passengers_killed, 0.0 pedestrian_injured, 0.0 pedestrian_killed, Dry, EDSA Gen. Tinio Caloocan",MMDA Road Safety Unit,,e350742d-a337-4a2f-b828-52a4de264427,2007-11-14,13:00:00,"EDSA ""U"" turn slot  Dario Bridge  Quezon City",0,0,0,0,0,0,0,0,0,0,2007-11-14 21:00,Property,14.65725289,120.9901501,No Collision Stated
None,EDSA,None,None,"Human Error, Side Swipe, 0.0 drivers_injured, 0.0 drivers_killed, 0.0 passengers_injured, 0.0 passengers_killed, 0.0 pedestrian_injured, 0.0 pedestrian_killed, Dry, EDSA A. De Jesus St. Caloocan",MMDA Road Safety Unit,,1854f1ff-e78e-4231-967c-f8b8245db545,2007-11-14,03:00:00,"EDSA ""U"" turn slot  Santolan Road Quezon City",0,0,0,0,0,0,0,0,0,0,2007-11-14 11:00,Property,14.65712835,120.990432,Side Swipe
None,EDSA,None,None,"Human Error, Hit and Run (No Collision Stated), 0.0 drivers_injured, 0.0 drivers_killed, 0.0 passengers_injured, 0.0 passengers_killed, 0.0 pedestrian_injured, 0.0 pedestrian_killed, Dry, EDSA Gen. Tinio Caloocan",MMDA Road Safety Unit,,873fa886-3fb5-44c3-8418-4f779db4d1f6,2007-11-09,02:30:00,"EDSA ""U"" turn slot  Oliveros St.  Quezon City",0,0,0,0,0,0,0,0,0,0,2007-11-09 10:30,Property,14.65725289,120.9901501,No Collision Stated
None,EDSA,None,None,"Unknown, Side Swipe, 0.0 drivers_injured, 0.0 drivers_killed, 2.0 passengers_injured, 0.0 passengers_killed, 0.0 pedestrian_injured, 0.0 pedestrian_killed, Dry, EDSA  fronting Jollibee Caloocan",MMDA Road Safety Unit,,9a766c2a-8dc0-4e1b-8a3e-89e7b18df8cc,2007-10-31,06:30:00,"EDSA ""U"" turn slot  Shell Gas Station Katipu  Quezon City",0,0,0,0,2,0,0,0,0,2,2007-10-31 14:30,Injury,14.65725579,120.9880523,Side Swipe
None,EDSA,None,None,"Human Error, Side Swipe, 0.0 drivers_injured, 0.0 drivers_killed, 0.0 passengers_injured, 0.0 passengers_killed, 0.0 pedestrian_injured, 0.0 pedestrian_killed, Dry, EDSA near Biglang Awa St. Caloocan",MMDA Road Safety Unit,,c0cc0226-4774-4429-9c19-2f14679f96d2,2007-10-24,21:50:00,"EDSA ""U"" turn slot  GMA-7  Quezon City",0,0,0,0,0,0,0,0,0,0,2007-10-25 5:50,Property,14.65719787,120.9943965,Side Swipe
None,EDSA,None,None,"Human Error, Side Swipe, 0.0 drivers_injured, 0.0 drivers_killed, 0.0 passengers_injured, 0.0 passengers_killed, 0.0 pedestrian_injured, 0.0 pedestrian_killed, Dry, EDSA fronting MCU-FDTMF Hospital Caloocan",MMDA Road Safety Unit,,c7ee8043-4daf-49c8-acef-a274c21797e9,2007-10-22,12:00:00,"EDSA ""U"" turn slot  Toyota North Edsa Quezon City",0,0,0,0,0,0,0,0,0,0,2007-10-22 20:00,Property,14.65728485,120.9863001,Side Swipe
None,EDSA,None,None,"Human Error, Angle Impact, 0.0 drivers_injured, 0.0 drivers_killed, 4.0 passengers_injured, 0.0 passengers_killed, 0.0 pedestrian_injured, 0.0 pedestrian_killed, Dry, EDSA A. De Jesus St. Caloocan",MMDA Road Safety Unit,,23c4935c-6561-4c0b-b1a4-2cf4a9f926c1,2007-10-21,00:30:00,"EDSA ""U"" turn slot  Quezon Ave.  Quezon City",0,0,0,0,4,0,0,0,0,4,2007-10-21 8:30,Injury,14.65739722,120.9978667,Angle Impact
None,EDSA,None,None,"Human Error, Hit and Run (No Collision Stated), 0.0 drivers_injured, 0.0 drivers_killed, 0.0 passengers_injured, 0.0 passengers_killed, 0.0 pedestrian_injured, 0.0 pedestrian_killed, Dry, EDSA Gen. Tinio St. Caloocan",MMDA Road Safety Unit,,ea9597df-9299-4db8-adaf-dac63698f1f3,2007-10-11,01:30:00,"EDSA ""U"" turn slot  Boni Serrano St. Quezon City",0,0,0,0,0,0,0,0,0,0,2007-10-11 9:30,Property,14.65725289,120.9901501,No Collision Stated
None,EDSA,None,None,"Human Error, Angle Impact, 0.0 drivers_injured, 0.0 drivers_killed, 0.0 passengers_injured, 0.0 passengers_killed, 0.0 pedestrian_injured, 0.0 pedestrian_killed, Dry, EDSA Biglang Awa St. Caloocan",MMDA Road Safety Unit,,a3fa292c-fd85-44f7-bb63-40af88c905a6,2007-10-09,12:20:00,"EDSA ""U"" turn slot  Gate 1 Camp Crame  Quezon City",0,0,0,0,0,0,0,0,0,0,2007-10-09 20:20,Property,14.65714206,120.9944892,Angle Impact
None,EDSA,None,None,"Human Error, Hit and Run (No Collision Stated), 0.0 drivers_injured, 0.0 drivers_killed, 0.0 passengers_injured, 0.0 passengers_killed, 0.0 pedestrian_injured, 0.0 pedestrian_killed, Dry, EDSA fronting Jollibee Caloocan",MMDA Road Safety Unit,,f6987bc6-d1e2-4162-9a4a-6c3d041a5d61,2007-10-07,09:10:00,"EDSA ""U"" turn slot  Bansalangin  Quezon City",0,0,0,0,0,0,0,0,0,0,2007-10-07 17:10,Property,14.6573762,120.9875993,No Collision Stated
None,EDSA,None,None,"Human Error, Side Swipe, 0.0 drivers_injured, 0.0 drivers_killed, 0.0 passengers_injured, 0.0 passengers_killed, 0.0 pedestrian_injured, 0.0 pedestrian_killed, Dry, EDSA fronting SSS Bldg. Caloocan",MMDA Road Safety Unit,,9e233f3e-cdd2-49a2-86a9-4df2be0da0e8,2007-10-01,23:15:00,"EDSA ""U"" turn slot West Triangle Quezon City",0,0,0,0,0,0,0,0,0,0,2007-10-02 7:15,Property,14.65739195,120.9931284,Side Swipe
None,EDSA,None,None,"Human Error, Side Swipe, 0.0 drivers_injured, 0.0 drivers_killed, 0.0 passengers_injured, 0.0 passengers_killed, 0.0 pedestrian_injured, 0.0 pedestrian_killed, Dry, EDSA fronting MCU-FDTMF Hospital Caloocan",MMDA Road Safety Unit,,d45341d7-dae5-4d0e-a823-7feb4e2e29d8,2007-10-01,21:20:00,"EDSA ""U"" turn slot West Triangle Quezon City",0,0,0,0,0,0,0,0,0,0,2007-10-02 5:20,Property,14.65728485,120.9863001,Side Swipe
None,EDSA,None,None,"Human Error, Side Swipe, 0.0 drivers_injured, 0.0 drivers_killed, 0.0 passengers_injured, 0.0 passengers_killed, 0.0 pedestrian_injured, 0.0 pedestrian_killed, Dry, EDSA Approaching Bonifacio Monument circle Caloocan",MMDA Road Safety Unit,,03697e3f-7d45-4814-91fb-68d312106574,2007-09-30,03:25:00,Edsa U Turn Slot Brgy Ramon Magsaysay Quezon City,0,0,0,0,0,0,0,0,0,0,2007-09-30 11:25,Property,14.65733167,120.9843085,Side Swipe
None,EDSA,None,None,"Human Error, Side Swipe, 0.0 drivers_injured, 0.0 drivers_killed, 0.0 passengers_injured, 0.0 passengers_killed, 0.0 pedestrian_injured, 0.0 pedestrian_killed, Dry, EDSA Approaching Cal. / QC Boundary Caloocan",MMDA Road Safety Unit,,eecd5ad3-b3c7-4a2d-8103-0e7d5b647b04,2007-09-29,11:00:00,Edsa U Turn Slot inMcdo Panay Avenue South Triangle Quezon City,0,0,0,0,0,0,0,0,0,0,2007-09-29 19:00,Property,14.65756708,121.0014119,Side Swipe
None,EDSA,None,None,"Human Error, Angle Impact, 1.0 drivers_injured, 0.0 drivers_killed, 0.0 passengers_injured, 0.0 passengers_killed, 0.0 pedestrian_injured, 0.0 pedestrian_killed, Dry, EDSA A. De Jesus St. Caloocan",MMDA Road Safety Unit,,566f9e21-4d1f-4087-9a04-f29cff8c0927,2007-09-15,17:45:00,EDSA U Turn Slot Quezon Avenue inGlobe Asia Quezon City,0,0,0,1,0,0,0,0,0,1,2007-09-16 1:45,Injury,14.65739722,120.9978667,Angle Impact
None,EDSA,None,None,"Human Error, Side Swipe, 0.0 drivers_injured, 0.0 drivers_killed, 0.0 passengers_injured, 0.0 passengers_killed, 0.0 pedestrian_injured, 0.0 pedestrian_killed, Dry, EDSA fronting A. De Jesus Caloocan",MMDA Road Safety Unit,,aa763c19-e08e-472b-be7b-b7505c9f9b54,2007-09-14,12:20:00,EDSA U- Turn Slot Mapagmahal Street Quezon City,0,0,0,0,0,0,0,0,0,0,2007-09-14 20:20,Property,14.65714536,120.9905471,Side Swipe
None,EDSA,None,None,"Human Error, Side Swipe, 0.0 drivers_injured, 0.0 drivers_killed, 0.0 passengers_injured, 0.0 passengers_killed, 0.0 pedestrian_injured, 0.0 pedestrian_killed, Dry, EDSA fronting MCU-FDTMF Hospital Caloocan",MMDA Road Safety Unit,,64402884-dd35-4376-8eba-526c98d35d54,2007-09-13,08:00:00,EDSA U Turn Slot inIglesia Ni Cristo Quezon City,0,0,0,0,0,0,0,0,0,0,2007-09-13 16:00,Property,14.65728485,120.9863001,Side Swipe
None,EDSA,None,None,"Human Error, Side Swipe, 0.0 drivers_injured, 0.0 drivers_killed, 1.0 passengers_injured, 0.0 passengers_killed, 0.0 pedestrian_injured, 0.0 pedestrian_killed, Dry, EDSA fronting Honda Cars Caloocan",MMDA Road Safety Unit,,925be2c1-5c66-4e8e-8fcf-a257d9c479b6,2007-09-10,00:00:00,EDSA U Turn Slot inTrinoma Building Brgy Bagong Pagasa Quezon City,0,0,0,0,1,0,0,0,0,1,2007-09-10 8:00,Injury,14.65720358,120.9972936,Side Swipe
None,EDSA,None,None,"Human Error, Side Swipe, 1.0 drivers_injured, 0.0 drivers_killed, 0.0 passengers_injured, 0.0 passengers_killed, 0.0 pedestrian_injured, 0.0 pedestrian_killed, Dry, EDSA fronting MCU Hospital Caloocan",MMDA Road Safety Unit,,30187b27-ec82-4a6f-9e9d-43e2cacbf20c,2007-09-07,03:00:00,EDSA U Turn Slot Roosevelt Avenue Brgy Katipu Quezon City,0,0,0,1,0,0,0,0,0,1,2007-09-07 11:00,Injury,14.65728485,120.9863001,Side Swipe
None,EDSA,None,None,"Human Error, Angle Impact, 0.0 drivers_injured, 0.0 drivers_killed, 0.0 passengers_injured, 0.0 passengers_killed, 0.0 pedestrian_injured, 0.0 pedestrian_killed, Dry, EDSA Gen. Simon St. Caloocan",MMDA Road Safety Unit,,09222fb3-8dd8-4c1a-b258-8ddbe03f3868,2007-08-31,07:30:00,Edsa U TURN Slot Iglesia Ni cristo Quezon City,0,0,0,0,0,0,0,0,0,0,2007-08-31 15:30,Property,14.6572018,120.9855011,Angle Impact
None,EDSA,None,None,"Human Error, Angle Impact, 0.0 drivers_injured, 0.0 drivers_killed, 0.0 passengers_injured, 0.0 passengers_killed, 0.0 pedestrian_injured, 0.0 pedestrian_killed, Dry, EDSA B. Serrano Ave. Caloocan",MMDA Road Safety Unit,,364642f1-a1d2-46e4-adc3-491bc40569ad,2007-08-22,08:50:00,EDSA U Turn Slot in7-11 Panay Avenue South Triangle Quezon City,0,0,0,0,0,0,0,0,0,0,2007-08-22 16:50,Property,14.65706751,120.988274,Angle Impact
None,EDSA,None,None,"Human Error, Rear-end, 0.0 drivers_injured, 0.0 drivers_killed, 0.0 passengers_injured, 0.0 passengers_killed, 0.0 pedestrian_injured, 0.0 pedestrian_killed, Dry, EDSA A. De Jesus St. Caloocan",MMDA Road Safety Unit,,b56cd46d-52a5-4ed2-9701-0187361293dd,2007-08-22,02:25:00,EDSA U Turn Slot Roosevelt Avenue Katipua Quezon City,0,0,0,0,0,0,0,0,0,0,2007-08-22 10:25,Property,14.65739722,120.9978667,Rear-End
None,EDSA,None,None,"Human Error, Rear-end, 0.0 drivers_injured, 0.0 drivers_killed, 4.0 passengers_injured, 0.0 passengers_killed, 0.0 pedestrian_injured, 0.0 pedestrian_killed, Dry, EDSA Balintawak Cloverleaf  Caloocan",MMDA Road Safety Unit,,7e411e6d-63b6-4dc0-b239-e123a3038e3d,2007-08-21,11:30:00,EDSA U Turn Slot inTrinoma Building Brgy Bagong Pagasa Quezon City,0,0,0,0,4,0,0,0,0,4,2007-08-21 19:30,Injury,14.65742944,121.0007937,Rear-End
None,EDSA,None,None,"Human Error, Angle Impact, 0.0 drivers_injured, 0.0 drivers_killed, 0.0 passengers_injured, 0.0 passengers_killed, 0.0 pedestrian_injured, 0.0 pedestrian_killed, Dry, EDSA A. De Jesus St. Caloocan",MMDA Road Safety Unit,,058ba4c8-7bab-494e-8aea-274b203c4d98,2007-08-10,03:30:00,EDSA U Turn Slot inQuezon City Academy Brgy Ramon Magsaysay Quezon City,0,0,0,0,0,0,0,0,0,0,2007-08-10 11:30,Property,14.65739722,120.9978667,Angle Impact
None,EDSA,None,None,"Human Error, Side Swipe, 0.0 drivers_injured, 0.0 drivers_killed, 0.0 passengers_injured, 0.0 passengers_killed, 0.0 pedestrian_injured, 0.0 pedestrian_killed, Dry, EDSA fronting SSS Office Caloocan",MMDA Road Safety Unit,,9a074673-5eb4-4ef6-b5c1-ac6ea9fb135c,2007-08-06,11:10:00,Edsa U Turn Slot Aurora Blvd. Quezon City,0,0,0,0,0,0,0,0,0,0,2007-08-06 19:10,Property,14.65739195,120.9931284,Side Swipe
None,EDSA,None,None,"Human Error, Side Swipe, 0.0 drivers_injured, 0.0 drivers_killed, 0.0 passengers_injured, 0.0 passengers_killed, 0.0 pedestrian_injured, 0.0 pedestrian_killed, Dry, EDSA fronting Monumento  Caloocan",MMDA Road Safety Unit,,9ad3fdb2-e05f-4243-b15a-c67466ebb9cf,2007-08-04,02:45:00,EDSA U turn Slot Iglesia Ni Cristo Quezon City,0,0,0,0,0,0,0,0,0,0,2007-08-04 10:45,Property,14.65697421,120.9842546,Side Swipe
None,EDSA,None,None,"Human Error, Side Swipe, 0.0 drivers_injured, 0.0 drivers_killed, 0.0 passengers_injured, 0.0 passengers_killed, 0.0 pedestrian_injured, 0.0 pedestrian_killed, Dry, EDSA fronting Honda Cars Caloocan",MMDA Road Safety Unit,,7a70062c-b22e-4032-803a-5de76a3b591f,2007-08-02,09:30:00,EDSA U Turn Slot Camp Crame Gate 1 Quezon City,0,0,0,0,0,0,0,0,0,0,2007-08-02 17:30,Property,14.65720358,120.9972936,Side Swipe
None,EDSA,None,None,"Human Error, Side Swipe, 0.0 drivers_injured, 0.0 drivers_killed, 0.0 passengers_injured, 0.0 passengers_killed, 0.0 pedestrian_injured, 0.0 pedestrian_killed, Dry, EDSA fronting MCU-FDTMF Hospital Caloocan",MMDA Road Safety Unit,,cbd69198-ccad-4e35-859a-1e4f01a2a11d,2007-08-02,09:00:00,EDSA U Turn Slot Nueva Vizcaya St. Red Central Car Quezon City,0,0,0,0,0,0,0,0,0,0,2007-08-02 17:00,Property,14.65728485,120.9863001,Side Swipe
None,EDSA,None,None,"Human Error, Side Swipe, 0.0 drivers_injured, 0.0 drivers_killed, 0.0 passengers_injured, 0.0 passengers_killed, 0.0 pedestrian_injured, 0.0 pedestrian_killed, Dry, EDSA fronting Suzuki Motors Caloocan",MMDA Road Safety Unit,,e2d0e641-1b07-4aea-a07b-3d191aacfad2,2007-07-25,08:10:00,"EDSA U Turn Slot North Ave., Bgy. Pag-asa Quezon City",0,0,0,0,0,0,0,0,0,0,2007-07-25 16:10,Property,14.65733303,120.9938634,Side Swipe
None,EDSA,None,None,"Human Error, Angle Impact, 0.0 drivers_injured, 0.0 drivers_killed, 0.0 passengers_injured, 0.0 passengers_killed, 0.0 pedestrian_injured, 0.0 pedestrian_killed, Dry, EDSA B. Serrano Caloocan",MMDA Road Safety Unit,,dde188bc-8890-408e-a064-a3f2e03524ee,2007-07-22,08:00:00,EDSA U Turn Slot Trinoma Mall Quezon City,0,0,0,0,0,0,0,0,0,0,2007-07-22 16:00,Property,14.65706751,120.988274,Angle Impact
None,EDSA,None,None,"Unknown, Side Swipe, 0.0 drivers_injured, 0.0 drivers_killed, 0.0 passengers_injured, 0.0 passengers_killed, 0.0 pedestrian_injured, 0.0 pedestrian_killed, Dry, EDSA approaching Monumento Caloocan",MMDA Road Safety Unit,,7d1f783b-f7ae-441d-9ba4-ec4c4ac1fde6,2007-07-22,07:00:00,"EDSA U Turn Slot Trinoma Mall, Bgy. Pag-asa Quezon City",0,0,0,0,0,0,0,0,0,0,2007-07-22 15:00,Property,14.6572849,120.984457,Side Swipe
None,EDSA,None,None,"Human Error, Hit and Run (No Collision Stated), 0.0 drivers_injured, 0.0 drivers_killed, 0.0 passengers_injured, 0.0 passengers_killed, 0.0 pedestrian_injured, 0.0 pedestrian_killed, Dry, EDSA fronting Metrobank  Caloocan",MMDA Road Safety Unit,,3bbe4eec-4982-4921-9867-b6100b198e10,2007-07-21,05:45:00,EDSA U Turn Slot Trinoma Mall Quezon City,0,0,0,0,0,0,0,0,0,0,2007-07-21 13:45,Property,14.65708679,120.989889,No Collision Stated
None,EDSA,None,None,"Human Error, Angle Impact, 0.0 drivers_injured, 0.0 drivers_killed, 0.0 passengers_injured, 0.0 passengers_killed, 0.0 pedestrian_injured, 0.0 pedestrian_killed, Dry, EDSA B. Serrano Caloocan",MMDA Road Safety Unit,,fac07d60-103d-448f-9672-aa376fff507b,2007-07-18,03:00:00,EDSA U Turn Slot Centris Quezon City,0,0,0,0,0,0,0,0,0,0,2007-07-18 11:00,Property,14.65706751,120.988274,Angle Impact
None,EDSA,None,None,"Human Error, Angle Impact, 0.0 drivers_injured, 0.0 drivers_killed, 0.0 passengers_injured, 0.0 passengers_killed, 0.0 pedestrian_injured, 0.0 pedestrian_killed, Dry, EDSA A. De Jesus St. Caloocan",MMDA Road Safety Unit,,839052a1-855a-4e12-b5c6-9f42f7fc880c,2007-07-14,23:30:00,EDSA U Turn Slot GMA 7 Quezon City,0,0,0,0,0,0,0,0,0,0,2007-07-15 7:30,Property,14.65739722,120.9978667,Angle Impact
None,EDSA,None,None,"Human Error, Side Swipe, 0.0 drivers_injured, 0.0 drivers_killed, 0.0 passengers_injured, 0.0 passengers_killed, 0.0 pedestrian_injured, 0.0 pedestrian_killed, Dry, EDSA fronting MCU-FDTMF Hospital Caloocan",MMDA Road Safety Unit,,bdbef27a-a521-45fd-b7fc-4ada5b13325d,2007-07-10,10:30:00,"EDSA ""U"" turn slot Oliveros, Bgy. Apolonio Samson Quezon City",0,0,0,0,0,0,0,0,0,0,2007-07-10 18:30,Property,14.65728485,120.9863001,Side Swipe
None,EDSA,None,None,"Human Error, Angle Impact, 0.0 drivers_injured, 0.0 drivers_killed, 0.0 passengers_injured, 0.0 passengers_killed, 0.0 pedestrian_injured, 0.0 pedestrian_killed, Dry, EDSA A. De Jesus St. Caloocan",MMDA Road Safety Unit,,6899450b-fa23-4cd3-b466-442dfc6b79fd,2007-07-08,23:10:00,Edsa U Turn Slot Quezon City Academay Quezon City,0,0,0,0,0,0,0,0,0,0,2007-07-09 7:10,Property,14.65739722,120.9978667,Angle Impact
None,EDSA,None,None,"Human Error, Side Swipe, 0.0 drivers_injured, 0.0 drivers_killed, 0.0 passengers_injured, 0.0 passengers_killed, 0.0 pedestrian_injured, 0.0 pedestrian_killed, Dry, EDSA fronting MCU-FDTMF Hospital Caloocan",MMDA Road Safety Unit,,4899ad83-5a2e-47d6-994d-53b3720eacdf,2007-07-05,17:30:00,Edsa U turn slot Oliveros St. Brgy. A. Samson Quezon City,0,0,0,0,0,0,0,0,0,0,2007-07-06 1:30,Property,14.65728485,120.9863001,Side Swipe
None,EDSA,None,None,"Human Error, Hit and Run (No Collision Stated), 0.0 drivers_injured, 0.0 drivers_killed, 0.0 passengers_injured, 0.0 passengers_killed, 0.0 pedestrian_injured, 0.0 pedestrian_killed, Dry, EDSA Approaching Bonifacio Monument Circle Caloocan",MMDA Road Safety Unit,,66af0484-ee9b-498d-8992-e18114547c5a,2007-06-29,23:15:00,Edsa U Turn slot INC Brgy. Sto. Cristo Quezon City,0,0,0,0,0,0,0,0,0,0,2007-06-30 7:15,Property,14.65718257,120.9851991,No Collision Stated
None,EDSA,None,None,"Human Error, Side Swipe, 0.0 drivers_injured, 0.0 drivers_killed, 0.0 passengers_injured, 0.0 passengers_killed, 0.0 pedestrian_injured, 0.0 pedestrian_killed, Dry, EDSA fronting Caltex Gas Station near U Turn slot Caloocan",MMDA Road Safety Unit,,4bf99bee-ff25-47f4-8e2c-a5b48a020d81,2007-06-26,08:05:00,Edsa U turn slot Phil Am Subd. Quezon City,0,0,0,0,0,0,0,0,0,0,2007-06-26 16:05,Property,14.65709315,120.9925826,Side Swipe
None,EDSA,None,None,"Human Error, Side Swipe, 0.0 drivers_injured, 0.0 drivers_killed, 0.0 passengers_injured, 0.0 passengers_killed, 0.0 pedestrian_injured, 0.0 pedestrian_killed, Dry, EDSA J. De Jesus St. Caloocan",MMDA Road Safety Unit,,08de3f12-cb36-4edd-9e71-1eb94e255e03,2007-06-11,23:25:00,EDSA u turn slot Col. B. Serrano St. Quezon City,0,0,0,0,0,0,0,0,0,0,2007-06-12 7:25,Property,14.65741694,120.9978841,Side Swipe
None,EDSA,None,None,"Human Error, Angle Impact, 0.0 drivers_injured, 0.0 drivers_killed, 0.0 passengers_injured, 0.0 passengers_killed, 0.0 pedestrian_injured, 0.0 pedestrian_killed, Dry, EDSA A. De Jesus St. Caloocan",MMDA Road Safety Unit,,f4c71770-1080-4294-9ebd-7497da629529,2007-06-08,01:10:00,"EDSA U Turn slot Go Soc & Son's , Brgy. A. Samson Quezon City",0,0,0,0,0,0,0,0,0,0,2007-06-08 9:10,Property,14.65739722,120.9978667,Angle Impact
None,EDSA,None,None,"Human Error, Side Swipe, 0.0 drivers_injured, 0.0 drivers_killed, 0.0 passengers_injured, 0.0 passengers_killed, 0.0 pedestrian_injured, 0.0 pedestrian_killed, Dry, EDSA fronting MCU-FDTMF Hospital Caloocan",MMDA Road Safety Unit,,b7edf92d-c85f-4ea1-bcca-45b2a4f306d2,2007-06-06,03:30:00,Edsa U Turn Slot B. Serrano Ave. Quezon City,0,0,0,0,0,0,0,0,0,0,2007-06-06 11:30,Property,14.65728485,120.9863001,Side Swipe
None,EDSA,None,None,"Human Error, Side Swipe, 0.0 drivers_injured, 0.0 drivers_killed, 0.0 passengers_injured, 0.0 passengers_killed, 0.0 pedestrian_injured, 0.0 pedestrian_killed, Dry, EDSA fronting Honda Cars Caloocan",MMDA Road Safety Unit,,35a311b9-a692-427c-8034-97a4c3fde378,2007-06-04,10:10:00,EDSA U-Turn Slot MRT Station Brgy. Bagong Pag-Asa Quezon City,0,0,0,0,0,0,0,0,0,0,2007-06-04 18:10,Property,14.65720358,120.9972936,Side Swipe