LOCATION_TEXT,ROAD,WEATHER,LIGHT,DESC,REPORTING_AGENCY,MAIN_CAUSE,INCIDENTDETAILS_ID,DATE_UTC,TIME_UTC,ADDRESS,killed_driver,killed_passenger,killed_pedestrian,injured_driver,injured_passenger,injured_pedestrian,killed_uncategorized,injured_uncategorized,killed_total,injured_total,DATETIME_PST,SEVERITY,Y,X,COLLISION_TYPE
None,EDSA,None,None,"Human Error, Side Swipe, 1.0 drivers_injured, 0.0 drivers_killed, 1.0 passengers_injured, 0.0 passengers_killed, 0.0 pedestrian_injured, 0.0 pedestrian_killed, Dry, EDSA fronting MCU Hospital Caloocan",MMDA Road Safety Unit,,c15263c8-5bba-4f57-86d7-db4c5b260280,2007-06-04,09:45:00,EDSA U-Turn Slot Wilcon Home Depot Quezon City,0,0,0,1,1,0,0,0,0,2,2007-06-04 17:45,Injury,14.65728485,120.9863001,Side Swipe
None,EDSA,None,None,"Human Error, Rear-end, 0.0 drivers_injured, 0.0 drivers_killed, 0.0 passengers_injured, 0.0 passengers_killed, 0.0 pedestrian_injured, 0.0 pedestrian_killed, Dry, EDSA Caloocan / qC Boundary Caloocan",MMDA Road Safety Unit,,4ed6568f-8f5a-4a1e-873d-408aaea7f75e,2007-06-02,08:15:00,EDSA U-Turn Slot Quezon City Academy Quezon City,0,0,0,0,0,0,0,0,0,0,2007-06-02 16:15,Property,14.65747842,121.0024738,Rear-End
None,EDSA,None,None,"Human Error, Hit and Run (No Collision Stated), 0.0 drivers_injured, 0.0 drivers_killed, 0.0 passengers_injured, 0.0 passengers_killed, 0.0 pedestrian_injured, 0.0 pedestrian_killed, Dry, EDSA A. De Jesus St. Caloocan",MMDA Road Safety Unit,,4cfe68c1-a3db-40b5-aef4-f1983dadac76,2007-05-25,07:30:00,"EDSA ""U"" turn slot near Roosevelt Ave. Quezon City",0,0,0,0,0,0,0,0,0,0,2007-05-25 15:30,Property,14.65739722,120.9978667,No Collision Stated
None,EDSA,None,None,"Human Error, Hit and Run (No Collision Stated), 0.0 drivers_injured, 0.0 drivers_killed, 0.0 passengers_injured, 0.0 passengers_killed, 0.0 pedestrian_injured, 0.0 pedestrian_killed, Dry, EDSA Biglang Awa  Caloocan",MMDA Road Safety Unit,,12721af2-eb28-4695-b1b6-b66fd11df626,2007-05-25,05:35:00,EDSA SM Annex Brgy Ramon Magsaysay Quezon City,0,0,0,0,0,0,0,0,0,0,2007-05-25 13:35,Property,14.65714048,120.9944161,No Collision Stated
None,EDSA,None,None,"Human Error, Rear-end, 0.0 drivers_injured, 0.0 drivers_killed, 0.0 passengers_injured, 0.0 passengers_killed, 0.0 pedestrian_injured, 0.0 pedestrian_killed, Dry, EDSA fronting SSS Bldg. Caloocan",MMDA Road Safety Unit,,8fdeab39-25fd-4464-8599-60569862a689,2007-05-23,01:30:00,EDSA SM Annex Bgy.Ramon Magsaysay Quezon City,0,0,0,0,0,0,0,0,0,0,2007-05-23 9:30,Property,14.65739195,120.9931284,Rear-End
None,EDSA,None,None,"Human Error, Rear-end, 0.0 drivers_injured, 0.0 drivers_killed, 0.0 passengers_injured, 0.0 passengers_killed, 0.0 pedestrian_injured, 0.0 pedestrian_killed, Dry, EDSA fronting SSS Bldg. Caloocan",MMDA Road Safety Unit,,48ef7503-d838-40a5-b29a-70c8f4f9e0bb,2007-05-21,06:30:00,EDSA SM Annex Misamis St. Brgy.R.Magsaysay Quezon City,0,0,0,0,0,0,0,0,0,0,2007-05-21 14:30,Property,14.65739195,120.9931284,Rear-End
None,EDSA,None,None,"Human Error, Angle Impact, 0.0 drivers_injured, 0.0 drivers_killed, 0.0 passengers_injured, 0.0 passengers_killed, 0.0 pedestrian_injured, 0.0 pedestrian_killed, Dry, EDSA B.Serrano  Caloocan",MMDA Road Safety Unit,,d9b344e9-6e32-4cee-9323-37db386a2b74,2007-05-19,03:20:00,EDSA Waltermart  Quezon City,0,0,0,0,0,0,0,0,0,0,2007-05-19 11:20,Property,14.65706751,120.988274,Angle Impact
None,EDSA,None,None,"Human Error, Rear-end, 0.0 drivers_injured, 0.0 drivers_killed, 0.0 passengers_injured, 0.0 passengers_killed, 0.0 pedestrian_injured, 0.0 pedestrian_killed, Dry, EDSA A. De Jesus St. Caloocan",MMDA Road Safety Unit,,59f44216-e287-490f-833d-23e11ae9cb45,2007-05-15,00:00:00,EDSA Waltermart  Quezon City,0,0,0,0,0,0,0,0,0,0,2007-05-15 8:00,Property,14.65739722,120.9978667,Rear-End
None,EDSA,None,None,"Unknown, Hit and Run (No Collision Stated), 0.0 drivers_injured, 0.0 drivers_killed, 0.0 passengers_injured, 0.0 passengers_killed, 0.0 pedestrian_injured, 0.0 pedestrian_killed, Dry, EDSA General Tirona St. Caloocan",MMDA Road Safety Unit,,b356852d-201c-4774-a1e8-b2dfbd6ab981,2007-05-06,11:30:00,Walter Mart EDSA Brgy. Veterans Quezon City,0,0,0,0,0,0,0,0,0,0,2007-05-06 19:30,Property,14.65742615,120.9970941,No Collision Stated
None,EDSA,None,None,"Human Error, Side Swipe, 1.0 drivers_injured, 0.0 drivers_killed, 1.0 passengers_injured, 0.0 passengers_killed, 0.0 pedestrian_injured, 0.0 pedestrian_killed, Dry, EDSA fronting BPI Bank Caloocan",MMDA Road Safety Unit,,1ce051ac-bdaf-4a0d-bfee-44abc32474dd,2007-04-30,08:40:00,Edsa and Kamias  Fronting Jollibee Fast Food Quezon City,0,0,0,1,1,0,0,0,0,2,2007-04-30 16:40,Injury,14.65723094,120.9856259,Side Swipe
None,EDSA,None,None,"Human Error, Side Swipe, 0.0 drivers_injured, 0.0 drivers_killed, 0.0 passengers_injured, 0.0 passengers_killed, 0.0 pedestrian_injured, 0.0 pedestrian_killed, Dry, EDSA fronting SSS Bldg. Caloocan",MMDA Road Safety Unit,,8f029de2-239d-4005-83c0-2b3d57738f08,2007-04-23,06:00:00,kamuning Road  Quezon City,0,0,0,0,0,0,0,0,0,0,2007-04-23 14:00,Property,14.65739195,120.9931284,Side Swipe
None,EDSA,None,None,"Unknown, Angle Impact, 0.0 drivers_injured, 0.0 drivers_killed, 0.0 passengers_injured, 0.0 passengers_killed, 0.0 pedestrian_injured, 0.0 pedestrian_killed, Dry, EDSA General Tinio St. Caloocan",MMDA Road Safety Unit,,1cb484a8-2916-4c3d-9bdb-a688a8198c65,2007-04-13,00:15:00,kamuning road Edsa / Chowking Parking Quezon City,0,0,0,0,0,0,0,0,0,0,2007-04-13 8:15,Property,14.65731831,120.990167,Angle Impact
None,EDSA,None,None,"Human Error, Side Swipe, 1.0 drivers_injured, 0.0 drivers_killed, 0.0 passengers_injured, 0.0 passengers_killed, 0.0 pedestrian_injured, 0.0 pedestrian_killed, Dry, EDSA fronting MCU-FDTMF Hospital Caloocan",MMDA Road Safety Unit,,69d2c67c-4830-4199-a30b-9b32278cee0c,2007-04-10,23:10:00,Timog Ave.  EDSA Bgy. Sacred Heart  Quezon City,0,0,0,1,0,0,0,0,0,1,2007-04-11 7:10,Injury,14.65728485,120.9863001,Side Swipe
None,EDSA,None,None,"Human Error, Angle Impact, 0.0 drivers_injured, 0.0 drivers_killed, 0.0 passengers_injured, 0.0 passengers_killed, 0.0 pedestrian_injured, 0.0 pedestrian_killed, Dry, EDSA Gregorio De Jesus St. Caloocan",MMDA Road Safety Unit,,2ad8276f-d353-424d-885f-18fe7a1d53c2,2007-04-10,00:00:00,Timog Ave. Epifanio Delos Santos Avenue  Quezon City,0,0,0,0,0,0,0,0,0,0,2007-04-10 8:00,Property,14.65739722,120.9978667,Angle Impact
None,EDSA,None,None,"Human Error, Side Swipe, 1.0 drivers_injured, 0.0 drivers_killed, 0.0 passengers_injured, 0.0 passengers_killed, 0.0 pedestrian_injured, 0.0 pedestrian_killed, Dry, EDSA fronting SSS Bldg. Caloocan",MMDA Road Safety Unit,,4c302f13-5dff-44dd-a75b-0b69117179a8,2007-04-08,12:30:00,Timog Ave. Epifanio Delos Santos Avenue Quezon City,0,0,0,1,0,0,0,0,0,1,2007-04-08 20:30,Injury,14.65739195,120.9931284,Side Swipe
None,EDSA,None,None,"Human Error, Hit and Run (No Collision Stated), 1.0 drivers_injured, 0.0 drivers_killed, 0.0 passengers_injured, 0.0 passengers_killed, 0.0 pedestrian_injured, 0.0 pedestrian_killed, Dry, EDSA at ""U"" turn slot Caloocan",MMDA Road Safety Unit,,6cf830bc-d522-4d13-92cf-e32afd0816a7,2007-04-06,10:30:00,Timog Ave. EDSA Quezon City,0,0,0,1,0,0,0,0,0,1,2007-04-06 18:30,Injury,14.6573762,120.9875993,No Collision Stated
None,EDSA,None,None,"Human Error, Side Swipe, 1.0 drivers_injured, 0.0 drivers_killed, 0.0 passengers_injured, 0.0 passengers_killed, 0.0 pedestrian_injured, 0.0 pedestrian_killed, Dry, EDSA near corner A. De Jesus St. Caloocan",MMDA Road Safety Unit,,2d64b532-bf83-40f0-a386-06d1e244310e,2007-04-02,03:00:00,Timog Ave. EDSA Quezon City,0,0,0,1,0,0,0,0,0,1,2007-04-02 11:00,Injury,14.65707709,120.9882277,Side Swipe
None,EDSA,None,None,"Human Error, Side Swipe, 0.0 drivers_injured, 0.0 drivers_killed, 0.0 passengers_injured, 0.0 passengers_killed, 0.0 pedestrian_injured, 0.0 pedestrian_killed, Dry, EDSA fronting Honda Cars Kalookan Inc. Caloocan",MMDA Road Safety Unit,,d0af767d-7274-41c1-8363-015644cfa829,2007-03-28,23:00:00,Timog Ave. EDSA Bldg. Quezon City,0,0,0,0,0,0,0,0,0,0,2007-03-29 7:00,Property,14.65720358,120.9972936,Side Swipe
None,EDSA,None,None,"Human Error, Side Swipe, 0.0 drivers_injured, 0.0 drivers_killed, 0.0 passengers_injured, 0.0 passengers_killed, 0.0 pedestrian_injured, 0.0 pedestrian_killed, Dry, EDSA at ""U"" turn slot, fronting Metro Bank Caloocan",MMDA Road Safety Unit,,c54f5b44-56e7-48fb-80ae-cadf399df03a,2007-03-26,01:30:00,Timog Ave.  EDSA  Quezon City,0,0,0,0,0,0,0,0,0,0,2007-03-26 9:30,Property,14.65718493,120.9898113,Side Swipe
None,EDSA,None,None,"Human Error, Angle Impact, 0.0 drivers_injured, 0.0 drivers_killed, 0.0 passengers_injured, 0.0 passengers_killed, 0.0 pedestrian_injured, 0.0 pedestrian_killed, Dry, EDSA Gregorio De Jesus St. Caloocan",MMDA Road Safety Unit,,287a82dc-e2c1-495f-800b-068a788a266e,2007-03-26,01:20:00,Timog Avenue  Near EDSA (SB)  Quezon City,0,0,0,0,0,0,0,0,0,0,2007-03-26 9:20,Property,14.65739722,120.9978667,Angle Impact
None,EDSA,None,None,"Unknown, Side Swipe, 0.0 drivers_injured, 0.0 drivers_killed, 0.0 passengers_injured, 0.0 passengers_killed, 0.0 pedestrian_injured, 0.0 pedestrian_killed, Dry, EDSA after Gen. Tinio Caloocan",MMDA Road Safety Unit,,580c7fa3-bd9d-4340-b660-42cb9bf21078,2007-03-13,00:45:00,Timog Ave. EDSA Sourth Service Road Quezon City,0,0,0,0,0,0,0,0,0,0,2007-03-13 8:45,Property,14.65731646,120.9899531,Side Swipe
None,EDSA,None,None,"Human Error, Side Swipe, 0.0 drivers_injured, 0.0 drivers_killed, 0.0 passengers_injured, 0.0 passengers_killed, 0.0 pedestrian_injured, 0.0 pedestrian_killed, Dry, EDSA fronting SSS Bldg. Caloocan",MMDA Road Safety Unit,,87d9c894-10cc-46c4-82d2-26f19c62a613,2007-03-11,08:30:00,Timog Avenue GMA 7 Bldg. Quezon City,0,0,0,0,0,0,0,0,0,0,2007-03-11 16:30,Property,14.65739195,120.9931284,Side Swipe
None,EDSA,None,None,"Human Error, Side Swipe, 0.0 drivers_injured, 0.0 drivers_killed, 0.0 passengers_injured, 0.0 passengers_killed, 0.0 pedestrian_injured, 0.0 pedestrian_killed, Dry, EDSA near A. De Jesus St. Caloocan",MMDA Road Safety Unit,,e68e7bd7-8cf0-40ad-a374-494cb5647bbc,2007-03-06,23:10:00,Timog Ave.  EDSA Quezon City,0,0,0,0,0,0,0,0,0,0,2007-03-07 7:10,Property,14.65704435,120.9904843,Side Swipe
None,EDSA,None,None,"Human Error, Side Swipe, 1.0 drivers_injured, 0.0 drivers_killed, 0.0 passengers_injured, 0.0 passengers_killed, 0.0 pedestrian_injured, 0.0 pedestrian_killed, Dry, EDSA B. Serrano St. (5th St.) Caloocan",MMDA Road Safety Unit,,a451a8ef-b1de-4b56-a545-94c471f2cd7c,2007-03-06,12:15:00,Timog Avenue GMA Network Quezon City,0,0,0,1,0,0,0,0,0,1,2007-03-06 20:15,Injury,14.65712586,120.9882927,Side Swipe
None,EDSA,None,None,"Human Error, Rear-end, 0.0 drivers_injured, 0.0 drivers_killed, 0.0 passengers_injured, 0.0 passengers_killed, 0.0 pedestrian_injured, 0.0 pedestrian_killed, Dry, EDSA fronting Pag-ibig Caloocan",MMDA Road Safety Unit,,a2e9243c-8d65-4c99-a9a1-458e80e3d83c,2007-03-03,13:00:00,Timog Avenue Before GMA7 Network Gate Quezon City,0,0,0,0,0,0,0,0,0,0,2007-03-03 21:00,Property,14.65736267,120.9971201,Rear-End
None,EDSA,None,None,"Human Error, Side Swipe, 1.0 drivers_injured, 0.0 drivers_killed, 0.0 passengers_injured, 0.0 passengers_killed, 0.0 pedestrian_injured, 0.0 pedestrian_killed, Dry, EDSA fronting Caltex Gas Station Caloocan",MMDA Road Safety Unit,,64737be6-66d0-4816-a1f8-1670cfbb64c1,2007-02-24,02:40:00,Timog Avenue Before EDSA Quezon City,0,0,0,1,0,0,0,0,0,1,2007-02-24 10:40,Injury,14.65733267,120.9918289,Side Swipe
None,EDSA,None,None,"Human Error, Angle Impact, 1.0 drivers_injured, 0.0 drivers_killed, 0.0 passengers_injured, 0.0 passengers_killed, 0.0 pedestrian_injured, 0.0 pedestrian_killed, Dry, EDSA G. De Jesus St. Caloocan",MMDA Road Safety Unit,,83164767-be58-4121-bcb2-bcbc54ea0a0b,2007-02-23,00:15:00,Timog Avenue Before EDSA/BDO Quezon City,0,0,0,1,0,0,0,0,0,1,2007-02-23 8:15,Injury,14.65739722,120.9978667,Angle Impact
None,EDSA,None,None,"Human Error, Side Swipe, 0.0 drivers_injured, 0.0 drivers_killed, 0.0 passengers_injured, 0.0 passengers_killed, 0.0 pedestrian_injured, 0.0 pedestrian_killed, Dry, EDSA fronting BPI Bank Caloocan",MMDA Road Safety Unit,,ebd97788-fb40-48bd-a785-baa9ff75f56d,2007-02-22,20:45:00,Timog Avenue Before EDSA Quezon City,0,0,0,0,0,0,0,0,0,0,2007-02-23 4:45,Property,14.65723094,120.9856259,Side Swipe
None,EDSA,None,None,"Human Error, Side Swipe, 0.0 drivers_injured, 0.0 drivers_killed, 0.0 passengers_injured, 0.0 passengers_killed, 0.0 pedestrian_injured, 0.0 pedestrian_killed, Dry, EDSA near corner Gen. Tinio St. Caloocan",MMDA Road Safety Unit,,94e1415e-9bb8-4de8-b06f-2b62ff777037,2007-02-16,11:30:00,Timog Avenue Edsa Quezon City,0,0,0,0,0,0,0,0,0,0,2007-02-16 19:30,Property,14.65723622,120.990166,Side Swipe
None,EDSA,None,None,"Human Error, Angle Impact, 0.0 drivers_injured, 0.0 drivers_killed, 0.0 passengers_injured, 0.0 passengers_killed, 0.0 pedestrian_injured, 0.0 pedestrian_killed, Dry, EDSA B. Serrano St. (5th St.) Caloocan",MMDA Road Safety Unit,,a2098880-bdcf-44fa-acfb-4912dcb01555,2007-02-15,08:00:00,"Timog Avenue EDSA, fronting Pan De Pidro Quezon City",0,0,0,0,0,0,0,0,0,0,2007-02-15 16:00,Property,14.65706751,120.988274,Angle Impact
None,EDSA,None,None,"Human Error, Side Swipe, 0.0 drivers_injured, 0.0 drivers_killed, 0.0 passengers_injured, 0.0 passengers_killed, 0.0 pedestrian_injured, 0.0 pedestrian_killed, Dry, EDSA near corner Gen. Tinio St. Caloocan",MMDA Road Safety Unit,,58c926bc-c61c-498c-a6cf-44d549d10cc9,2007-02-14,10:10:00,# 00 Timog Avenue near GMA Network Drive Quezon City,0,0,0,0,0,0,0,0,0,0,2007-02-14 18:10,Property,14.65723622,120.990166,Side Swipe
None,EDSA,None,None,"Human Error, Side Swipe, 0.0 drivers_injured, 0.0 drivers_killed, 0.0 passengers_injured, 0.0 passengers_killed, 0.0 pedestrian_injured, 0.0 pedestrian_killed, Dry, EDSA fronting Honda Cars Corp. Caloocan",MMDA Road Safety Unit,,3c95b46a-ad58-4570-913f-d7fb59d40d34,2007-02-09,06:00:00,Timog Avenue EDSA (SB) Quezon City,0,0,0,0,0,0,0,0,0,0,2007-02-09 14:00,Property,14.65720358,120.9972936,Side Swipe
None,EDSA,None,None,"Human Error, Angle Impact, 0.0 drivers_injured, 0.0 drivers_killed, 0.0 passengers_injured, 0.0 passengers_killed, 0.0 pedestrian_injured, 0.0 pedestrian_killed, Dry, EDSA B. Serrano St. (5th St.) Caloocan",MMDA Road Safety Unit,,327c8ffc-06dd-4fce-8023-2ba06a80a087,2007-02-09,05:45:00,Timog Ave. EDSA Quezon City,0,0,0,0,0,0,0,0,0,0,2007-02-09 13:45,Property,14.65706751,120.988274,Angle Impact
None,EDSA,None,None,"Human Error, Angle Impact, 0.0 drivers_injured, 0.0 drivers_killed, 0.0 passengers_injured, 0.0 passengers_killed, 0.0 pedestrian_injured, 0.0 pedestrian_killed, Dry, EDSA G. De Jesus St. Caloocan",MMDA Road Safety Unit,,4b302bb7-d5b6-4103-9d4c-a387591a6177,2007-02-08,12:45:00,Timog Ave. EDSA Quezon City,0,0,0,0,0,0,0,0,0,0,2007-02-08 20:45,Property,14.65709585,120.990471,Angle Impact
None,EDSA,None,None,"Human Error, Side Swipe, 0.0 drivers_injured, 0.0 drivers_killed, 0.0 passengers_injured, 0.0 passengers_killed, 0.0 pedestrian_injured, 0.0 pedestrian_killed, Dry, EDSA fronting MCU-FDTMF Hospital Caloocan",MMDA Road Safety Unit,,a4ab001c-7c6d-44b8-974e-930bdb627591,2007-02-08,03:30:00,Timog Ave. EDSA Quezon City,0,0,0,0,0,0,0,0,0,0,2007-02-08 11:30,Property,14.65728485,120.9863001,Side Swipe
None,EDSA,None,None,"Human Error, Side Swipe, 0.0 drivers_injured, 0.0 drivers_killed, 0.0 passengers_injured, 0.0 passengers_killed, 0.0 pedestrian_injured, 0.0 pedestrian_killed, Dry, EDSA fronting Honda Cars Corp. Caloocan",MMDA Road Safety Unit,,1d542903-8378-4949-93a3-d223706c8273,2007-02-04,12:00:00,Timog Ave. near EDSA / GMA 7 Bldg. Quezon City,0,0,0,0,0,0,0,0,0,0,2007-02-04 20:00,Property,14.65720358,120.9972936,Side Swipe
None,EDSA,None,None,"Human Error, Side Swipe, 0.0 drivers_injured, 0.0 drivers_killed, 0.0 passengers_injured, 0.0 passengers_killed, 0.0 pedestrian_injured, 0.0 pedestrian_killed, Dry, EDSA near corner A. De Jesus St. Caloocan",MMDA Road Safety Unit,,e10599da-9c52-4b02-8f09-9fa3934ea74d,2007-02-03,02:45:00,Timog Ave. EDSA Quezon City,0,0,0,0,0,0,0,0,0,0,2007-02-03 10:45,Property,14.65707709,120.9882277,Side Swipe
None,EDSA,None,None,"Human Error, Side Swipe, 0.0 drivers_injured, 0.0 drivers_killed, 0.0 passengers_injured, 0.0 passengers_killed, 0.0 pedestrian_injured, 0.0 pedestrian_killed, Dry, EDSA fronting SSS Bldg. Caloocan",MMDA Road Safety Unit,,21615b5b-3a50-43ec-acd4-cfd5f8f1eca2,2007-02-02,07:45:00,Timog Ave. near EDSA / GMA 7 Quezon City,0,0,0,0,0,0,0,0,0,0,2007-02-02 15:45,Property,14.65739195,120.9931284,Side Swipe
None,EDSA,None,None,"Human Error, Angle Impact, 0.0 drivers_injured, 0.0 drivers_killed, 0.0 passengers_injured, 0.0 passengers_killed, 0.0 pedestrian_injured, 0.0 pedestrian_killed, Dry, EDSA A. De Jesus St. Caloocan",MMDA Road Safety Unit,,2a22a1f9-2bfd-4484-96d2-ade6931c1cb6,2007-02-02,06:20:00,Timog Ave. near EDSA / GMA 7 Quezon City,0,0,0,0,0,0,0,0,0,0,2007-02-02 14:20,Property,14.65739722,120.9978667,Angle Impact
None,EDSA,None,None,"Human Error, Side Swipe, 0.0 drivers_injured, 0.0 drivers_killed, 0.0 passengers_injured, 0.0 passengers_killed, 0.0 pedestrian_injured, 0.0 pedestrian_killed, Dry, EDSA fronting BDO, near corner Gen. Tinio Caloocan",MMDA Road Safety Unit,,c4297e39-449b-4fd6-b110-a1e998da98c5,2007-01-31,16:00:00,Kamuning    EDSA Quezon City,0,0,0,0,0,0,0,0,0,0,2007-02-01 0:01,Property,14.65735282,120.990011,Side Swipe
None,EDSA,None,None,"Human Error, Rear-end, 0.0 drivers_injured, 0.0 drivers_killed, 3.0 passengers_injured, 0.0 passengers_killed, 0.0 pedestrian_injured, 0.0 pedestrian_killed, Dry, EDSA near Gen. Tinio St. Caloocan",MMDA Road Safety Unit,,a6856c0c-c4c5-4280-8373-d869c4bff491,2007-01-30,21:20:00,Centris Station EDSA    Quezon City,0,0,0,0,3,0,0,0,0,3,2007-01-31 5:20,Injury,14.65723622,120.990166,Rear-End
None,EDSA,None,None,"Human Error, Side Swipe, 0.0 drivers_injured, 0.0 drivers_killed, 0.0 passengers_injured, 0.0 passengers_killed, 0.0 pedestrian_injured, 0.0 pedestrian_killed, Dry, EDSA near corner A. De Jesus St. Caloocan",MMDA Road Safety Unit,,0d7de905-eca8-4a37-8556-75727f26337a,2007-01-28,06:00:00,,0,0,0,0,0,0,0,0,0,0,2007-01-28 14:00,Property,14.65707709,120.9882277,Side Swipe
None,EDSA,None,None,"Human Error, Side Swipe, 0.0 drivers_injured, 0.0 drivers_killed, 0.0 passengers_injured, 0.0 passengers_killed, 0.0 pedestrian_injured, 0.0 pedestrian_killed, Dry, EDSA fronting MCU-FDTMF Hospital Caloocan",MMDA Road Safety Unit,,206dbdb9-cce6-44d7-ac51-34cf511d906d,2007-01-27,11:00:00,,0,0,0,0,0,0,0,0,0,0,2007-01-27 19:00,Property,14.65728485,120.9863001,Side Swipe
None,EDSA,None,None,"Human Error, Side Swipe, 0.0 drivers_injured, 0.0 drivers_killed, 0.0 passengers_injured, 0.0 passengers_killed, 0.0 pedestrian_injured, 0.0 pedestrian_killed, Dry, EDSA fronting Pag-ibig Bldg. Caloocan",MMDA Road Safety Unit,,106dd9bb-ca63-4808-bd26-947ec1f11ef7,2007-01-21,16:30:00,,0,0,0,0,0,0,0,0,0,0,2007-01-22 0:30,Property,14.65739117,120.9968447,Side Swipe
None,EDSA,None,None,"Human Error, Side Swipe, 0.0 drivers_injured, 0.0 drivers_killed, 0.0 passengers_injured, 0.0 passengers_killed, 0.0 pedestrian_injured, 0.0 pedestrian_killed, Dry, EDSA A. De Jesus St. Caloocan",MMDA Road Safety Unit,,0a2ac2ea-d678-4b66-a6be-ef442dc097a9,2007-01-20,09:00:00,,0,0,0,0,0,0,0,0,0,0,2007-01-20 17:00,Property,14.65712835,120.990432,Side Swipe
None,EDSA,None,None,"Human Error, Angle Impact, 0.0 drivers_injured, 0.0 drivers_killed, 0.0 passengers_injured, 0.0 passengers_killed, 0.0 pedestrian_injured, 0.0 pedestrian_killed, Dry, EDSA Gen. Simon St. Caloocan",MMDA Road Safety Unit,,a9d95d01-6810-474b-8e57-b05c96741f39,2007-01-18,02:50:00,,0,0,0,0,0,0,0,0,0,0,2007-01-18 10:50,Property,14.6572018,120.9855011,Angle Impact
None,EDSA,None,None,"Human Error, Side Swipe, 0.0 drivers_injured, 0.0 drivers_killed, 0.0 passengers_injured, 0.0 passengers_killed, 0.0 pedestrian_injured, 0.0 pedestrian_killed, Dry, EDSA Bonifacio Monument Circle Caloocan",MMDA Road Safety Unit,,b7f08659-7e1a-469a-b190-4ec1c1554b06,2007-01-17,14:50:00,,0,0,0,0,0,0,0,0,0,0,2007-01-17 22:50,Property,14.65732796,120.9842086,Side Swipe
None,EDSA,None,None,"Human Error, Side Swipe, 0.0 drivers_injured, 0.0 drivers_killed, 0.0 passengers_injured, 0.0 passengers_killed, 0.0 pedestrian_injured, 0.0 pedestrian_killed, Dry, EDSA A. De Jesus St. Caloocan",MMDA Road Safety Unit,,7f7fdfce-1734-4adb-bb13-b1a40186e7dc,2007-01-17,05:00:00,,0,0,0,0,0,0,0,0,0,0,2007-01-17 13:00,Property,14.65712835,120.990432,Side Swipe
None,EDSA,None,None,"Human Error, Angle Impact, 0.0 drivers_injured, 0.0 drivers_killed, 0.0 passengers_injured, 0.0 passengers_killed, 0.0 pedestrian_injured, 0.0 pedestrian_killed, Dry, EDSA B. Serrano St. (5th St.) Caloocan",MMDA Road Safety Unit,,81933fc3-af05-4530-b6db-f0c1f595a50e,2007-01-16,10:15:00,,0,0,0,0,0,0,0,0,0,0,2007-01-16 18:15,Property,14.65706751,120.988274,Angle Impact
None,EDSA,None,None,"Human Error, Side Swipe, 0.0 drivers_injured, 0.0 drivers_killed, 0.0 passengers_injured, 0.0 passengers_killed, 0.0 pedestrian_injured, 0.0 pedestrian_killed, Dry, EDSA B. Serrano St. (5th St.) Caloocan",MMDA Road Safety Unit,,e1ce03f9-083b-4181-a8b0-11535c83b3fd,2007-01-15,07:00:00,,0,0,0,0,0,0,0,0,0,0,2007-01-15 15:00,Property,14.65712586,120.9882927,Side Swipe
None,EDSA,None,None,"Human Error, Side Swipe, 0.0 drivers_injured, 0.0 drivers_killed, 0.0 passengers_injured, 0.0 passengers_killed, 0.0 pedestrian_injured, 0.0 pedestrian_killed, Dry, EDSA near A. De Jesus St. Caloocan",MMDA Road Safety Unit,,ff3b3ccf-b0ee-46ee-8cce-61fd5ccf35d5,2007-01-15,06:50:00,,0,0,0,0,0,0,0,0,0,0,2007-01-15 14:50,Property,14.65704435,120.9904843,Side Swipe
None,EDSA,None,None,"Human Error, Side Swipe, 0.0 drivers_injured, 0.0 drivers_killed, 0.0 passengers_injured, 0.0 passengers_killed, 0.0 pedestrian_injured, 0.0 pedestrian_killed, Dry, EDSA Biglang Awa St. Caloocan",MMDA Road Safety Unit,,9fd8823d-1023-4c15-aaac-433ff773978d,2007-01-14,14:00:00,,0,0,0,0,0,0,0,0,0,0,2007-01-14 22:00,Property,14.65719007,120.9944415,Side Swipe
None,EDSA,None,None,"Human Error, Angle Impact, 0.0 drivers_injured, 0.0 drivers_killed, 0.0 passengers_injured, 0.0 passengers_killed, 0.0 pedestrian_injured, 0.0 pedestrian_killed, Dry, EDSA A. De Jesus St. Caloocan",MMDA Road Safety Unit,,752e867f-48bd-4d4a-b04c-5963686dd429,2007-01-12,03:45:00,,0,0,0,0,0,0,0,0,0,0,2007-01-12 11:45,Property,14.65739722,120.9978667,Angle Impact
None,EDSA,None,None,"Human Error, Side Swipe, 0.0 drivers_injured, 0.0 drivers_killed, 0.0 passengers_injured, 0.0 passengers_killed, 0.0 pedestrian_injured, 0.0 pedestrian_killed, Dry, EDSA fronting SSS Bldg. Caloocan",MMDA Road Safety Unit,,b5a2fc98-856b-4d6c-908a-bdbd89290e00,2007-01-11,22:30:00,,0,0,0,0,0,0,0,0,0,0,2007-01-12 6:30,Property,14.65739195,120.9931284,Side Swipe
None,EDSA,None,None,"Human Error, Side Swipe, 0.0 drivers_injured, 0.0 drivers_killed, 0.0 passengers_injured, 0.0 passengers_killed, 0.0 pedestrian_injured, 0.0 pedestrian_killed, Dry, EDSA B. Serrano St. (5th St.) Caloocan",MMDA Road Safety Unit,,1a950ab7-4a6f-4217-9712-8c5ced00c431,2007-01-05,14:45:00,,0,0,0,0,0,0,0,0,0,0,2007-01-05 22:45,Property,14.65712586,120.9882927,Side Swipe
None,EDSA,None,None,"Human Error, Side Swipe, 0.0 drivers_injured, 0.0 drivers_killed, 0.0 passengers_injured, 0.0 passengers_killed, 0.0 pedestrian_injured, 0.0 pedestrian_killed, Dry, EDSA fronting Toyota Motors Caloocan",MMDA Road Safety Unit,,b96e7ce9-d0b2-4fbe-89a8-f93108658f67,2007-01-04,12:35:00,,0,0,0,0,0,0,0,0,0,0,2007-01-04 20:35,Property,14.6573861,120.9953868,Side Swipe