LOCATION_TEXT,ROAD,WEATHER,LIGHT,DESC,REPORTING_AGENCY,MAIN_CAUSE,INCIDENTDETAILS_ID,DATE_UTC,TIME_UTC,ADDRESS,killed_driver,killed_passenger,killed_pedestrian,injured_driver,injured_passenger,injured_pedestrian,killed_uncategorized,injured_uncategorized,killed_total,injured_total,DATETIME_PST,SEVERITY,Y,X,COLLISION_TYPE
None,EDSA,None,None,"Human Error, Side Swipe, 1.0 drivers_injured, 0.0 drivers_killed, 0.0 passengers_injured, 0.0 passengers_killed, 0.0 pedestrian_injured, 0.0 pedestrian_killed, Dry, EDSA fronting Barrio Fiesta Restaurant Caloocan",MMDA Road Safety Unit,,b137fb04-6f07-4b18-838c-a28520564964,2007-01-01,04:30:00,,0,0,0,1,0,0,0,0,0,1,2007-01-01 12:30,Injury,14.65716607,120.9910899,Side Swipe
"KFC, EDSA, Morning Breeze Subdivision, Caloocan, Metro Manila, 1400, Philippines",EDSA,clear-day,day,BUMPED FROM BEHIND,MMDA Metrobase,,7df81782-a09f-412a-b0e9-73263ea6576a,2016-10-29,01:12:01,,0,0,0,0,0,0,0,0,0,0,2016-10-29 9:12,Property,14.657385,120.9881079,Rear-End
"Tapa King, General Tinio, Morning Breeze Subdivision, Caloocan, Metro Manila, 1425, Philippines",EDSA,clear-day,day,BUMPED FROM BEHIND,MMDA Metrobase,,4606b446-65a9-40eb-9331-0c0f28936a13,2016-10-22,04:02:54,,0,0,0,0,0,0,0,0,0,0,2016-10-22 12:02,Property,14.65739019,120.9901732,Rear-End
"Social Security System - Caloocan City, EDSA, Balintawak Estate Subdivision, 136, Caloocan, Metro Manila, 1115, Philippines",EDSA,clear-day,day,BUMPED FROM BEHIND,Other,,de754461-97ac-4458-a110-184f3c4f2143,2016-10-07,00:12:34,,0,0,0,0,0,0,0,0,0,0,2016-10-07 8:12,Property,14.65739538,120.9932148,Rear-End
"Social Security System - Caloocan City, EDSA, Balintawak Estate Subdivision, 136, Caloocan, Metro Manila, 1115, Philippines",EDSA,clear-day,day,BUMPED FROM BEHIND,MMDA Metrobase,,f46cf060-e56d-422b-abcb-1fe73b34a2df,2016-10-22,00:20:26,,0,0,0,0,0,0,0,0,0,0,2016-10-22 8:20,Property,14.65741381,120.9932452,Rear-End
"EDSA, Unang Sigaw, Quezon City, District VI, Quezon City, Metro Manila, 1115, Philippines",EDSA,partly-cloudy-day,day,MULTIPLE COLLISION,MMDA Metrobase,,0d40221a-bcd3-4241-8a1b-b224fdc8ace0,2016-11-10,22:25:30,,0,0,0,0,0,0,0,0,0,0,2016-11-11 6:25,Property,14.65741614,121.0007787,Rear-End
"Balintawak Market, Old Samson, Eugenio Compound, Balingasa, Quezon City, District I, Quezon City, Metro Manila, 1106, Philippines",EDSA,clear-day,day,BUMPED FROM BEHIND,MMDA Metrobase,,74d4d606-e51f-4015-97eb-a0e11430d276,2016-10-28,03:37:27,,0,0,0,0,0,0,0,0,0,0,2016-10-28 11:37,Property,14.6574369,121.0021627,Rear-End
"Cloverleaf Market, Old Samson, Eugenio Compound, Balingasa, Quezon City, District I, Quezon City, Metro Manila, 1106, Philippines",EDSA,partly-cloudy-day,day,BUMPED FROM BEHIND,MMDA Metrobase,,69c105e3-b0d8-4771-b8bd-87192c0119ae,2016-11-15,03:47:26,,0,0,0,0,0,0,0,0,0,0,2016-11-15 11:47,Property,14.65747842,121.0024738,Rear-End
None,EDSA,None,None,"No Accident Factor, Rear-end, 0.0 drivers_injured, 0.0 drivers_killed, 0.0 passengers_injured, 0.0 passengers_killed, 0.0 pedestrian_injured, 0.0 pedestrian_killed, Fair (Night), BIR EDSA Caloocan",MMDA Road Safety Unit,,7dfa8254-c882-4fb5-a8df-1fa2940370fa,2016-10-06,07:25:00,,0,0,0,0,0,0,0,0,0,0,2016-10-06 15:25,Property,14.6575079,120.9911374,Rear-End
"Oliveros Southbound, EDSA, Bellevue, Apolonio Samson, Quezon City, District VI, Quezon City, Metro Manila, 1106, Philippines",EDSA,partly-cloudy-day,day,SELF ACCIDENT,MMDA Metrobase,,f874335f-2d9e-4e82-ad1f-476b3f6e102e,2016-11-18,01:10:19,,0,0,0,0,0,0,0,1,0,1,2016-11-18 9:10,Injury,14.65753032,121.006583,Self-Accident
None,EDSA,None,None,"No Accident Factor, Side Swipe, 0.0 drivers_injured, 0.0 drivers_killed, 0.0 passengers_injured, 0.0 passengers_killed, 0.0 pedestrian_injured, 0.0 pedestrian_killed, Rain (Day), Bonifacio Market before McArthur Highway Caloocan",MMDA Road Safety Unit,,da103504-c39c-4e07-a786-e8204cf42e36,2012-07-17,22:00:00,,0,0,0,0,0,0,0,0,0,0,2012-07-18 6:00,Property,14.6577468,120.9853684,Side Swipe
None,EDSA,None,None,"No Accident Factor, Side Swipe, 0.0 drivers_injured, 0.0 drivers_killed, 0.0 passengers_injured, 0.0 passengers_killed, 0.0 pedestrian_injured, 0.0 pedestrian_killed, Fair (Night), NLEX Camachile  Quezon City",MMDA Road Safety Unit,,d51acf3b-92e6-46f1-ae7b-b26b8cf8899c,2016-01-13,14:30:00,,0,0,0,0,0,0,0,0,0,0,2016-01-13 22:30,Property,14.65771441,121.0009984,Side Swipe
None,EDSA,None,None,"No Accident Factor, Side Swipe, 0.0 drivers_injured, 0.0 drivers_killed, 0.0 passengers_injured, 0.0 passengers_killed, 0.0 pedestrian_injured, 0.0 pedestrian_killed, Fair (Day), NLEX Service Road Quezon City",MMDA Road Safety Unit,,4d3a5972-6185-4071-8b7e-295d377f1523,2014-12-16,02:30:00,,0,0,0,0,0,0,0,0,0,0,2014-12-16 10:30,Property,14.65771441,121.0009984,Side Swipe
None,EDSA,None,None,"No Accident Factor, Side Swipe, 0.0 drivers_injured, 0.0 drivers_killed, 0.0 passengers_injured, 0.0 passengers_killed, 0.0 pedestrian_injured, 0.0 pedestrian_killed, Fair (Day), NLEX Camachile  Quezon City",MMDA Road Safety Unit,,b4334f68-7890-4b7a-a6ea-9912ead1c2b7,2014-11-20,03:00:00,,0,0,0,0,0,0,0,0,0,0,2014-11-20 11:00,Property,14.65771441,121.0009984,Side Swipe
None,EDSA,None,None,"No Accident Factor, No Collision Stated (based on Police Blotter Book), 0.0 drivers_injured, 0.0 drivers_killed, 0.0 passengers_injured, 0.0 passengers_killed, 0.0 pedestrian_injured, 0.0 pedestrian_killed, Fair (Day), NLEX Camachile  Quezon City",MMDA Road Safety Unit,,0416b378-d0cc-46fd-bde5-2096bd4bfa4c,2014-08-24,06:00:00,,0,0,0,0,0,0,0,0,0,0,2014-08-24 14:00,Property,14.65771441,121.0009984,No Collision Stated
None,EDSA,None,None,"No Accident Factor, Rear-end, 0.0 drivers_injured, 0.0 drivers_killed, 0.0 passengers_injured, 0.0 passengers_killed, 0.0 pedestrian_injured, 0.0 pedestrian_killed, Fair (Day), NLEX A. Bonifacio Ave.  Quezon City",MMDA Road Safety Unit,,6020a4a2-c4c6-4bb3-866f-97587acb7293,2014-07-09,03:10:00,,0,0,0,0,0,0,0,0,0,0,2014-07-09 11:10,Property,14.65771441,121.0009984,Rear-End
None,EDSA,None,None,"No Accident Factor, Side Swipe, 0.0 drivers_injured, 0.0 drivers_killed, 0.0 passengers_injured, 0.0 passengers_killed, 0.0 pedestrian_injured, 0.0 pedestrian_killed, Fair (Night), NLEX Camachile Bgy. Ug Sigaw  Quezon City",MMDA Road Safety Unit,,ff8ad487-ac51-4ba9-af3c-42b1aac1a0d2,2014-06-05,12:00:00,,0,0,0,0,0,0,0,0,0,0,2014-06-05 20:00,Property,14.65771441,121.0009984,Side Swipe
None,EDSA,None,None,"No Accident Factor, No Collision Stated (based on Police Blotter Book), 0.0 drivers_injured, 0.0 drivers_killed, 0.0 passengers_injured, 0.0 passengers_killed, 0.0 pedestrian_injured, 0.0 pedestrian_killed, Fair (Night), NLEX  Brgy. Ug Sigaw Quezon City",MMDA Road Safety Unit,,e2706001-bcb2-44f5-8296-5e955762ced4,2014-05-08,03:30:00,,0,0,0,0,0,0,0,0,0,0,2014-05-08 11:30,Property,14.65771441,121.0009984,No Collision Stated
None,EDSA,None,None,"No Accident Factor, No Collision Stated (based on Police Blotter Book), 0.0 drivers_injured, 0.0 drivers_killed, 0.0 passengers_injured, 0.0 passengers_killed, 0.0 pedestrian_injured, 0.0 pedestrian_killed, Fair (Day), 164km NLEX  Camachile Service Road Quezon City",MMDA Road Safety Unit,,7e87ea89-677f-49e7-b59e-9372bc12b216,2014-05-05,04:30:00,,0,0,0,0,0,0,0,0,0,0,2014-05-05 12:30,Property,14.65771441,121.0009984,No Collision Stated
None,EDSA,None,None,"No Accident Factor, No Collision Stated (based on Police Blotter Book), 0.0 drivers_injured, 0.0 drivers_killed, 1.0 passengers_injured, 0.0 passengers_killed, 0.0 pedestrian_injured, 0.0 pedestrian_killed, Fair (Day), NLEX  Camachile, Brgy. Ug Sigaw Quezon City",MMDA Road Safety Unit,,1b257f7c-cb61-4ed7-81a7-23868e7a4e15,2013-09-14,23:30:00,,0,0,0,0,1,0,0,0,0,1,2013-09-15 7:30,Injury,14.65771441,121.0009984,No Collision Stated
None,EDSA,None,None,"No Accident Factor, No Collision Stated (based on Police Blotter Book), 0.0 drivers_injured, 0.0 drivers_killed, 0.0 passengers_injured, 0.0 passengers_killed, 0.0 pedestrian_injured, 0.0 pedestrian_killed, Fair (Day), NLEX Camachile Loading Bay Quezon City",MMDA Road Safety Unit,,9b21ece9-b5dc-4121-8558-35c84a40e7b1,2012-10-08,02:45:00,,0,0,0,0,0,0,0,0,0,0,2012-10-08 10:45,Property,14.65771441,121.0009984,No Collision Stated
None,EDSA,None,None,"No Accident Factor, Side Swipe, 0.0 drivers_injured, 0.0 drivers_killed, 0.0 passengers_injured, 0.0 passengers_killed, 0.0 pedestrian_injured, 0.0 pedestrian_killed, Fair (Day), Camachile A. Bonifacio Ave.  Quezon City",MMDA Road Safety Unit,,449f63e6-4fcd-4ec4-b47d-4caaaf471242,2014-06-08,02:30:00,,0,0,0,0,0,0,0,0,0,0,2014-06-08 10:30,Property,14.65727867,121.0001645,Side Swipe
None,EDSA,None,None,"No Accident Factor, No Collision Stated (based on Police Blotter Book), 0.0 drivers_injured, 0.0 drivers_killed, 0.0 passengers_injured, 0.0 passengers_killed, 0.0 pedestrian_injured, 0.0 pedestrian_killed, Fair (Night), Camachile Balintawak Quezon City",MMDA Road Safety Unit,,bca20e62-f36c-4e62-b61b-1c3304bbbfc8,2013-12-20,15:30:00,,0,0,0,0,0,0,0,0,0,0,2013-12-20 23:30,Property,14.65729424,121.0019756,No Collision Stated
None,EDSA,None,None,"No Accident Factor, No Collision Stated (based on Police Blotter Book), 0.0 drivers_injured, 0.0 drivers_killed, 0.0 passengers_injured, 0.0 passengers_killed, 0.0 pedestrian_injured, 0.0 pedestrian_killed, Fair (Day), Camachile Balintawak Quezon City",MMDA Road Safety Unit,,53a8f580-1029-44c4-a0db-a23eb02bcd61,2012-11-13,00:20:00,,0,0,0,0,0,0,0,0,0,0,2012-11-13 8:20,Property,14.65729424,121.0019756,No Collision Stated
None,EDSA,None,None,"No Accident Factor, No Collision Stated (based on Police Blotter Book), 0.0 drivers_injured, 0.0 drivers_killed, 0.0 passengers_injured, 0.0 passengers_killed, 0.0 pedestrian_injured, 0.0 pedestrian_killed, Fair (Night), Trinoma Terminal EDSA (Service Road), Bgy. Bagong Pag-asa Quezon City",MMDA Road Safety Unit,,e7cc1558-2776-4730-8129-9683a1e5b0b6,2013-03-11,11:45:00,,0,0,0,0,0,0,0,0,0,0,2013-03-11 19:45,Property,14.65371478,121.0313591,No Collision Stated
"Veritas Tower, EDSA, Phil-Am, Quezon City, District I, Quezon City, Metro Manila, 1105, Philippines",EDSA,clear-day,day,BUMPED FROM BEHIND,MMDA Metrobase,,f832df52-978b-40a0-b1ab-6c7fdbc24258,2016-10-24,23:51:42,,0,0,0,0,0,0,0,0,0,0,2016-10-25 7:51,Property,14.65494577,121.030004,Rear-End
None,EDSA,None,None,"No Accident Factor, Hit and Run (Side Swipe), 0.0 drivers_injured, 0.0 drivers_killed, 0.0 passengers_injured, 0.0 passengers_killed, 0.0 pedestrian_injured, 0.0 pedestrian_killed, Fair (Night), EDSA Eurotel fronting SM Annex Bagong Pagasa Quezon City",MMDA Road Safety Unit,,0b7c86e6-4b87-4954-a276-feb0b0df51f0,2014-04-07,20:45:00,,0,0,0,0,0,0,0,0,0,0,2014-04-08 4:45,Property,14.6558189,121.0289401,Side Swipe
"SM Cyber West Avenue, Bulacan, Fernandez Compound, Bungad, Quezon City, District I, Quezon City, Metro Manila, 1105, Philippines",EDSA,clear-day,day,BUMPED FROM BEHIND,Other,,b6d609db-12de-4907-b385-9ef5b2d964ee,2016-10-13,03:18:58,,0,0,0,0,0,0,0,0,0,0,2016-10-13 11:18,Property,14.65558931,121.029253,Rear-End
None,EDSA,None,None,"No Accident Factor, No Collision Stated (based on Police Blotter Book), 0.0 drivers_injured, 0.0 drivers_killed, 0.0 passengers_injured, 0.0 passengers_killed, 0.0 pedestrian_injured, 0.0 pedestrian_killed, Fair (Day), North Ave.  SM Mall North, Pag-Asa Quezon City",MMDA Road Safety Unit,,8f1a2ffe-dde9-495c-a6ca-ed86bf609424,2016-08-27,06:20:00,,0,0,0,0,0,0,0,0,0,0,2016-08-27 14:20,Property,14.6556177,121.0302221,No Collision Stated
None,EDSA,None,None,"No Accident Factor, Rear-end, 0.0 drivers_injured, 0.0 drivers_killed, 0.0 passengers_injured, 0.0 passengers_killed, 0.0 pedestrian_injured, 0.0 pedestrian_killed, Fair (Day), North Ave.  SM Mall North, Pag-Asa Quezon City",MMDA Road Safety Unit,,19795728-ff0e-4650-a180-737618631ab3,2016-08-05,07:30:00,,0,0,0,0,0,0,0,0,0,0,2016-08-05 15:30,Property,14.6556177,121.0302221,Rear-End
None,EDSA,None,None,"No Accident Factor, Side Swipe, 0.0 drivers_injured, 0.0 drivers_killed, 0.0 passengers_injured, 0.0 passengers_killed, 0.0 pedestrian_injured, 0.0 pedestrian_killed, Fair (Day), North Ave.  SM Mall North, Bagong Pag-Asa  Quezon City",MMDA Road Safety Unit,,82903518-a86f-4be0-9cc9-8d2db2d39612,2016-07-18,03:40:00,,0,0,0,0,0,0,0,0,0,0,2016-07-18 11:40,Property,14.6556177,121.0302221,Side Swipe
None,EDSA,None,None,"No Accident Factor, Side Swipe, 0.0 drivers_injured, 0.0 drivers_killed, 0.0 passengers_injured, 0.0 passengers_killed, 0.0 pedestrian_injured, 0.0 pedestrian_killed, Fair (Night), North Ave. ""U"" turn slot, Trinoma, Pagasa Quezon City",MMDA Road Safety Unit,,85db20a6-67eb-4611-aaef-c7f197ad8698,2016-07-02,12:05:00,,0,0,0,0,0,0,0,0,0,0,2016-07-02 20:05,Property,14.6556177,121.0302221,Side Swipe
None,EDSA,None,None,"No Accident Factor, No Collision Stated (based on Police Blotter Book), 0.0 drivers_injured, 0.0 drivers_killed, 0.0 passengers_injured, 0.0 passengers_killed, 0.0 pedestrian_injured, 0.0 pedestrian_killed, Fair (Day), North Ave. SM North, Bagong Pag-asa Quezon City",MMDA Road Safety Unit,,06edf2ae-5e3d-48e9-83b2-f2604fd5d970,2016-06-24,05:00:00,,0,0,0,0,0,0,0,0,0,0,2016-06-24 13:00,Property,14.65570865,121.0294716,No Collision Stated
None,EDSA,None,None,"No Accident Factor, No Collision Stated (based on Police Blotter Book), 0.0 drivers_injured, 0.0 drivers_killed, 0.0 passengers_injured, 0.0 passengers_killed, 0.0 pedestrian_injured, 0.0 pedestrian_killed, Fair (Night), North Avenue SM Exit, Pagasa Quezon City",MMDA Road Safety Unit,,885b6d8b-560d-4edb-9629-04c380350c7d,2016-05-23,10:00:00,,0,0,0,0,0,0,0,0,0,0,2016-05-23 18:00,Property,14.65580666,121.0295541,No Collision Stated
None,EDSA,None,None,"No Accident Factor, No Collision Stated (based on Police Blotter Book), 0.0 drivers_injured, 0.0 drivers_killed, 0.0 passengers_injured, 0.0 passengers_killed, 0.0 pedestrian_injured, 0.0 pedestrian_killed, Fair (Day), North Avenue SM, Pagasa Quezon City",MMDA Road Safety Unit,,2d802909-d788-48f5-a208-20e9d4abc44e,2016-05-20,08:00:00,,0,0,0,0,0,0,0,0,0,0,2016-05-20 16:00,Property,14.65580666,121.0295541,No Collision Stated
None,EDSA,None,None,"No Accident Factor, Rear-end, 0.0 drivers_injured, 0.0 drivers_killed, 0.0 passengers_injured, 0.0 passengers_killed, 0.0 pedestrian_injured, 0.0 pedestrian_killed, Fair (Day), North Ave. SM North Entrance Quezon City",MMDA Road Safety Unit,,31c08c13-1a82-4d8c-bb86-8a70984ab867,2016-04-26,02:00:00,,0,0,0,0,0,0,0,0,0,0,2016-04-26 10:00,Property,14.65570865,121.0294716,Rear-End
None,EDSA,None,None,"No Accident Factor, No Collision Stated (based on Police Blotter Book), 0.0 drivers_injured, 0.0 drivers_killed, 0.0 passengers_injured, 0.0 passengers_killed, 0.0 pedestrian_injured, 0.0 pedestrian_killed, Fair (Day), North Ave. SM Mall, Pag-Asa Quezon City",MMDA Road Safety Unit,,1047edad-a597-4f3e-b931-1fc1e9c91f2f,2016-04-11,06:45:00,,0,0,0,0,0,0,0,0,0,0,2016-04-11 14:45,Property,14.65570865,121.0294716,No Collision Stated
None,EDSA,None,None,"No Accident Factor, No Collision Stated (based on Police Blotter Book), 0.0 drivers_injured, 0.0 drivers_killed, 0.0 passengers_injured, 0.0 passengers_killed, 0.0 pedestrian_injured, 0.0 pedestrian_killed, Fair (Night), North Ave. ""U"" turn slot, Pag-Asa Quezon City",MMDA Road Safety Unit,,6ddf5dce-d0a3-4c0c-a82c-f8da34c5becc,2015-10-22,10:20:00,,0,0,0,0,0,0,0,0,0,0,2015-10-22 18:20,Property,14.6556177,121.0302221,No Collision Stated
None,EDSA,None,None,"No Accident Factor, Side Swipe, 0.0 drivers_injured, 0.0 drivers_killed, 0.0 passengers_injured, 0.0 passengers_killed, 0.0 pedestrian_injured, 0.0 pedestrian_killed, Fair (Night), North Ave. ""U"" turn slot, Pag asa Quezon City",MMDA Road Safety Unit,,dc0c65c2-975a-494f-88a0-8d7b4a37a77e,2015-10-08,11:30:00,,0,0,0,0,0,0,0,0,0,0,2015-10-08 19:30,Property,14.6556177,121.0302221,Side Swipe
None,EDSA,None,None,"No Accident Factor, No Collision Stated (based on Police Blotter Book), 0.0 drivers_injured, 0.0 drivers_killed, 0.0 passengers_injured, 0.0 passengers_killed, 0.0 pedestrian_injured, 0.0 pedestrian_killed, Fair (Day), North Ave. ""U"" turn slot, Bagong Pag-asa Quezon City",MMDA Road Safety Unit,,8c0f47eb-c1c2-45f8-a5c5-788dc360ae3e,2015-05-11,07:00:00,,0,0,0,0,0,0,0,0,0,0,2015-05-11 15:00,Property,14.6556177,121.0302221,No Collision Stated
None,EDSA,None,None,"No Accident Factor, No Collision Stated (based on Police Blotter Book), 0.0 drivers_injured, 0.0 drivers_killed, 0.0 passengers_injured, 0.0 passengers_killed, 0.0 pedestrian_injured, 0.0 pedestrian_killed, Fair (Night), North Ave. ""U"" turn slot, Bagong Pag-asa Quezon City",MMDA Road Safety Unit,,920597bf-6731-494c-b275-579843d62df5,2015-04-28,13:35:00,,0,0,0,0,0,0,0,0,0,0,2015-04-28 21:35,Property,14.6556177,121.0302221,No Collision Stated
None,EDSA,None,None,"No Accident Factor, No Collision Stated (based on Police Blotter Book), 0.0 drivers_injured, 0.0 drivers_killed, 0.0 passengers_injured, 0.0 passengers_killed, 0.0 pedestrian_injured, 0.0 pedestrian_killed, Fair (Day), North Ave. SM North, Bagong Pag-asa Quezon City",MMDA Road Safety Unit,,40645e0b-b1f3-4d46-86e1-0dfda27a114b,2015-04-14,09:00:00,,0,0,0,0,0,0,0,0,0,0,2015-04-14 17:00,Property,14.65570865,121.0294716,No Collision Stated
None,EDSA,None,None,"No Accident Factor, Other (Hit Veh. + Hit Obj.), 0.0 drivers_injured, 0.0 drivers_killed, 0.0 passengers_injured, 0.0 passengers_killed, 0.0 pedestrian_injured, 0.0 pedestrian_killed, Fair (Night), North Ave. SM North, Bagong Pag-asa Quezon City",MMDA Road Safety Unit,,650c2169-7a5a-47f0-980e-03288379c25f,2015-03-22,11:55:00,,0,0,0,0,0,0,0,0,0,0,2015-03-22 19:55,Property,14.65570865,121.0294716,Hit Object
None,EDSA,None,None,"No Accident Factor, No Collision Stated (based on Police Blotter Book), 0.0 drivers_injured, 0.0 drivers_killed, 0.0 passengers_injured, 0.0 passengers_killed, 0.0 pedestrian_injured, 0.0 pedestrian_killed, Fair (Day), North Ave. SM North, Bagong Pag-asa Quezon City",MMDA Road Safety Unit,,b44b167d-9be9-417f-9219-b9f9cbdb6b1d,2015-03-09,07:00:00,,0,0,0,0,0,0,0,0,0,0,2015-03-09 15:00,Property,14.65570865,121.0294716,No Collision Stated
None,EDSA,None,None,"No Accident Factor, No Collision Stated (based on Police Blotter Book), 0.0 drivers_injured, 0.0 drivers_killed, 0.0 passengers_injured, 0.0 passengers_killed, 0.0 pedestrian_injured, 0.0 pedestrian_killed, Fair (Day), North Ave. SM North, Bagong Pag-asa Quezon City",MMDA Road Safety Unit,,f0fbfda9-37a6-49b0-b67e-78c26e3a6bbb,2015-03-07,03:00:00,,0,0,0,0,0,0,0,0,0,0,2015-03-07 11:00,Property,14.65570865,121.0294716,No Collision Stated
None,EDSA,None,None,"No Accident Factor, No Collision Stated (based on Police Blotter Book), 0.0 drivers_injured, 0.0 drivers_killed, 0.0 passengers_injured, 0.0 passengers_killed, 0.0 pedestrian_injured, 0.0 pedestrian_killed, Fair (Night), North Ave. SM North, Bagong Pag-asa Quezon City",MMDA Road Safety Unit,,137e6f21-cb56-40f3-ae43-55c0e429786c,2015-02-05,14:00:00,,0,0,0,0,0,0,0,0,0,0,2015-02-05 22:00,Property,14.65570865,121.0294716,No Collision Stated
None,EDSA,None,None,"No Accident Factor, No Collision Stated (based on Police Blotter Book), 0.0 drivers_injured, 0.0 drivers_killed, 0.0 passengers_injured, 0.0 passengers_killed, 0.0 pedestrian_injured, 0.0 pedestrian_killed, Fair (Day), North Ave. SM North, Pagasa Quezon City",MMDA Road Safety Unit,,dd0f69c7-ab0c-466f-a1b9-9e4e94d6284a,2014-10-16,06:30:00,,0,0,0,0,0,0,0,0,0,0,2014-10-16 14:30,Property,14.65570865,121.0294716,No Collision Stated
None,EDSA,None,None,"No Accident Factor, No Collision Stated (based on Police Blotter Book), 0.0 drivers_injured, 0.0 drivers_killed, 0.0 passengers_injured, 0.0 passengers_killed, 0.0 pedestrian_injured, 0.0 pedestrian_killed, Fair (Night), North Ave Edsa Quezon City",MMDA Road Safety Unit,,5cad57fa-412a-46b3-88da-e85fc436416a,2014-09-09,11:00:00,,0,0,0,0,0,0,0,0,0,0,2014-09-09 19:00,Property,14.6556177,121.0302221,No Collision Stated
None,EDSA,None,None,"No Accident Factor, Rear-end, 0.0 drivers_injured, 0.0 drivers_killed, 0.0 passengers_injured, 0.0 passengers_killed, 0.0 pedestrian_injured, 0.0 pedestrian_killed, Fair (Day), North Ave Edsa Quezon City",MMDA Road Safety Unit,,993a9251-11c7-4502-8ded-d85345b8ef5e,2014-09-09,03:20:00,,0,0,0,0,0,0,0,0,0,0,2014-09-09 11:20,Property,14.6556177,121.0302221,Rear-End
None,EDSA,None,None,"No Accident Factor, Multiple Collision, 0.0 drivers_injured, 0.0 drivers_killed, 0.0 passengers_injured, 0.0 passengers_killed, 0.0 pedestrian_injured, 0.0 pedestrian_killed, Fair (Day), North Ave. ""U"" Turn Slot, Bagong Pagasa Quezon City",MMDA Road Safety Unit,,70c9ef17-309a-4420-b78f-3ab01d0bcd0c,2014-08-13,01:30:00,,0,0,0,0,0,0,0,0,0,0,2014-08-13 9:30,Property,14.6556177,121.0302221,Multiple
None,EDSA,None,None,"No Accident Factor, No Collision Stated (based on Police Blotter Book), 0.0 drivers_injured, 0.0 drivers_killed, 0.0 passengers_injured, 0.0 passengers_killed, 0.0 pedestrian_injured, 0.0 pedestrian_killed, Fair (Night), North Ave. SM North Quezon City",MMDA Road Safety Unit,,6cfb8dfb-e72c-4860-a95e-e846b1e0d859,2014-06-15,12:10:00,,0,0,0,0,0,0,0,0,0,0,2014-06-15 20:10,Property,14.65570865,121.0294716,No Collision Stated
None,EDSA,None,None,"No Accident Factor, No Collision Stated (based on Police Blotter Book), 0.0 drivers_injured, 0.0 drivers_killed, 0.0 passengers_injured, 0.0 passengers_killed, 0.0 pedestrian_injured, 0.0 pedestrian_killed, Fair (Night), North Ave. EDSA (NB)  Quezon City",MMDA Road Safety Unit,,e8130731-959a-4a38-b54b-fa98b2342ea0,2014-06-13,07:15:00,,0,0,0,0,0,0,0,0,0,0,2014-06-13 15:15,Property,14.65579186,121.0297208,No Collision Stated
None,EDSA,None,None,"No Accident Factor, No Collision Stated (based on Police Blotter Book), 0.0 drivers_injured, 0.0 drivers_killed, 0.0 passengers_injured, 0.0 passengers_killed, 0.0 pedestrian_injured, 0.0 pedestrian_killed, Fair (Night), North Ave. near Edsa Bagong Pagasa Quezon City",MMDA Road Safety Unit,,9edfba74-20ac-4379-84ca-3389e687b157,2014-05-30,15:30:00,,0,0,0,0,0,0,0,0,0,0,2014-05-30 23:30,Property,14.65570865,121.0294716,No Collision Stated
None,EDSA,None,None,"No Accident Factor, No Collision Stated (based on Police Blotter Book), 1.0 drivers_injured, 0.0 drivers_killed, 0.0 passengers_injured, 0.0 passengers_killed, 0.0 pedestrian_injured, 0.0 pedestrian_killed, Fair (Night), North Ave. near Edsa Quezon City",MMDA Road Safety Unit,,bd241f83-f2c7-4436-8c98-c8396809790d,2014-05-30,12:25:00,,0,0,0,1,0,0,0,0,0,1,2014-05-30 20:25,Injury,14.65570865,121.0294716,No Collision Stated
None,EDSA,None,None,"No Accident Factor, No Collision Stated (based on Police Blotter Book), 0.0 drivers_injured, 0.0 drivers_killed, 0.0 passengers_injured, 0.0 passengers_killed, 0.0 pedestrian_injured, 0.0 pedestrian_killed, Fair (Day), North Ave. near Edsa Brgy Bagong Pagasa Quezon City",MMDA Road Safety Unit,,e5631d4f-7f38-4423-99a0-dd6c26d9aeae,2014-05-27,23:30:00,,0,0,0,0,0,0,0,0,0,0,2014-05-28 7:30,Property,14.65570865,121.0294716,No Collision Stated
None,EDSA,None,None,"No Accident Factor, Hit and Run (No Collision Stated), 0.0 drivers_injured, 0.0 drivers_killed, 0.0 passengers_injured, 0.0 passengers_killed, 0.0 pedestrian_injured, 0.0 pedestrian_killed, Fair (Day), North Ave. near SM North Entrance Gate Bagong Pagasa Quezon City",MMDA Road Safety Unit,,6e403273-13f0-4b60-843b-3e9428f51180,2014-05-12,09:30:00,,0,0,0,0,0,0,0,0,0,0,2014-05-12 17:30,Property,14.65570865,121.0294716,No Collision Stated
None,EDSA,None,None,"No Accident Factor, No Collision Stated (based on Police Blotter Book), 0.0 drivers_injured, 0.0 drivers_killed, 0.0 passengers_injured, 0.0 passengers_killed, 0.0 pedestrian_injured, 0.0 pedestrian_killed, Fair (Night), North Ave. near Edsa Quezon City",MMDA Road Safety Unit,,5207d205-32bd-4195-a431-521b123eab6b,2014-05-03,15:15:00,,0,0,0,0,0,0,0,0,0,0,2014-05-03 23:15,Property,14.65570865,121.0294716,No Collision Stated