LOCATION_TEXT,ROAD,WEATHER,LIGHT,DESC,REPORTING_AGENCY,MAIN_CAUSE,INCIDENTDETAILS_ID,DATE_UTC,TIME_UTC,ADDRESS,killed_driver,killed_passenger,killed_pedestrian,injured_driver,injured_passenger,injured_pedestrian,killed_uncategorized,injured_uncategorized,killed_total,injured_total,DATETIME_PST,SEVERITY,Y,X,COLLISION_TYPE
None,EDSA,None,None,"No Accident Factor, No Collision Stated (based on Police Blotter Book), 0.0 drivers_injured, 0.0 drivers_killed, 0.0 passengers_injured, 0.0 passengers_killed, 0.0 pedestrian_injured, 0.0 pedestrian_killed, Fair (Day), North Ave. corner Edsa Quezon City",MMDA Road Safety Unit,,6c4f9b9e-c2e7-4552-a59f-9db0bc8462d5,2014-04-28,00:30:00,,0,0,0,0,0,0,0,0,0,0,2014-04-28 8:30,Property,14.65579186,121.0297208,No Collision Stated
None,EDSA,None,None,"No Accident Factor, No Collision Stated (based on Police Blotter Book), 0.0 drivers_injured, 0.0 drivers_killed, 0.0 passengers_injured, 0.0 passengers_killed, 0.0 pedestrian_injured, 0.0 pedestrian_killed, Fair (Day), North Ave. corner EDSA Brgy Bagong Pagasa Quezon City",MMDA Road Safety Unit,,8246f2e7-18f3-44db-82b8-6cfe95bba14a,2014-04-07,00:15:00,,0,0,0,0,0,0,0,0,0,0,2014-04-07 8:15,Property,14.65579186,121.0297208,No Collision Stated
None,EDSA,None,None,"No Accident Factor, Hit and Run (No Collision Stated), 0.0 drivers_injured, 0.0 drivers_killed, 0.0 passengers_injured, 0.0 passengers_killed, 0.0 pedestrian_injured, 0.0 pedestrian_killed, Fair (Day), North Ave. Edsa Brgy Bagong Pagasa Quezon City",MMDA Road Safety Unit,,b58fcbd5-26d8-432a-9f32-3fe9fb398b71,2014-04-02,04:30:00,,0,0,0,0,0,0,0,0,0,0,2014-04-02 12:30,Property,14.65579186,121.0297208,No Collision Stated
None,EDSA,None,None,"No Accident Factor, Hit and Run (No Collision Stated), 0.0 drivers_injured, 0.0 drivers_killed, 0.0 passengers_injured, 0.0 passengers_killed, 0.0 pedestrian_injured, 0.0 pedestrian_killed, Fair (Day), North Ave. corner EDSA Bagong Pagasa Quezon City",MMDA Road Safety Unit,,0d911e3f-9994-4f7f-8d86-306fca2d9a0c,2014-03-29,02:15:00,,0,0,0,0,0,0,0,0,0,0,2014-03-29 10:15,Property,14.65579186,121.0297208,No Collision Stated
None,EDSA,None,None,"No Accident Factor, No Collision Stated (based on Police Blotter Book), 0.0 drivers_injured, 0.0 drivers_killed, 0.0 passengers_injured, 0.0 passengers_killed, 0.0 pedestrian_injured, 0.0 pedestrian_killed, Fair (Day), North Ave. corner Edsa Brgy Pagasa Quezon City",MMDA Road Safety Unit,,c92afbac-6805-4f77-ba6b-180127e23342,2014-03-28,08:50:00,,0,0,0,0,0,0,0,0,0,0,2014-03-28 16:50,Property,14.65579186,121.0297208,No Collision Stated
None,EDSA,None,None,"No Accident Factor, No Collision Stated (based on Police Blotter Book), 0.0 drivers_injured, 0.0 drivers_killed, 0.0 passengers_injured, 0.0 passengers_killed, 0.0 pedestrian_injured, 0.0 pedestrian_killed, Fair (Night), North Ave. near corner Edsa Northbound Bagong Pagasa Quezon City",MMDA Road Safety Unit,,a68ae037-5414-4b17-92b8-dea9942f9e46,2014-03-03,13:00:00,,0,0,0,0,0,0,0,0,0,0,2014-03-03 21:00,Property,14.65570865,121.0294716,No Collision Stated
None,EDSA,None,None,"No Accident Factor, No Collision Stated (based on Police Blotter Book), 0.0 drivers_injured, 0.0 drivers_killed, 0.0 passengers_injured, 0.0 passengers_killed, 0.0 pedestrian_injured, 0.0 pedestrian_killed, Fair (Day), North Ave. EDSA Brgy Bagong Pagasa Quezon City",MMDA Road Safety Unit,,bb743824-ff7b-4cbd-8bc8-860e46adcfe5,2014-02-19,02:00:00,,0,0,0,0,0,0,0,0,0,0,2014-02-19 10:00,Property,14.65579186,121.0297208,No Collision Stated
None,EDSA,None,None,"No Accident Factor, No Collision Stated (based on Police Blotter Book), 0.0 drivers_injured, 0.0 drivers_killed, 0.0 passengers_injured, 0.0 passengers_killed, 0.0 pedestrian_injured, 0.0 pedestrian_killed, Fair (Night), North Ave. Epifanio Delos Santos Avenue Barangay Bagong Pag-Asa Quezon City",MMDA Road Safety Unit,,1ea48a50-8ed3-4bd2-86cd-1da758ccc121,2014-02-17,12:00:00,,0,0,0,0,0,0,0,0,0,0,2014-02-17 20:00,Property,14.65579186,121.0297208,No Collision Stated
None,EDSA,None,None,"No Accident Factor, No Collision Stated (based on Police Blotter Book), 0.0 drivers_injured, 0.0 drivers_killed, 0.0 passengers_injured, 0.0 passengers_killed, 0.0 pedestrian_injured, 0.0 pedestrian_killed, Fair (Night), North Ave. EDSA Brgy Ramon Magsaysay Quezon City",MMDA Road Safety Unit,,95fd30ac-ed38-4099-8a5d-4b7016b66003,2014-01-30,10:30:00,,0,0,0,0,0,0,0,0,0,0,2014-01-30 18:30,Property,14.65579186,121.0297208,No Collision Stated
None,EDSA,None,None,"No Accident Factor, No Collision Stated (based on Police Blotter Book), 0.0 drivers_injured, 0.0 drivers_killed, 0.0 passengers_injured, 0.0 passengers_killed, 0.0 pedestrian_injured, 0.0 pedestrian_killed, Fair (Day), North Ave. ESA Brgy Bagong Pagsa Quezon City",MMDA Road Safety Unit,,604b9a17-4f0a-43bb-82d4-4d845c1f63ac,2014-01-25,06:30:00,,0,0,0,0,0,0,0,0,0,0,2014-01-25 14:30,Property,14.65579186,121.0297208,No Collision Stated
None,EDSA,None,None,"No Accident Factor, No Collision Stated (based on Police Blotter Book), 0.0 drivers_injured, 0.0 drivers_killed, 0.0 passengers_injured, 0.0 passengers_killed, 0.0 pedestrian_injured, 0.0 pedestrian_killed, Fair (Day), North Ave. Epifanio Delos Santos Avenue Quezon Avenue Quezon City",MMDA Road Safety Unit,,2ce2df86-5267-4e19-b8fa-b0b8d583fb45,2014-01-21,08:30:00,,0,0,0,0,0,0,0,0,0,0,2014-01-21 16:30,Property,14.65579186,121.0297208,No Collision Stated
None,EDSA,None,None,"No Accident Factor, No Collision Stated (based on Police Blotter Book), 0.0 drivers_injured, 0.0 drivers_killed, 0.0 passengers_injured, 0.0 passengers_killed, 0.0 pedestrian_injured, 0.0 pedestrian_killed, Fair (Day), North Ave. Epifanio Delos Santos Avenue Barangay Bagong Pag-Asa Quezon City",MMDA Road Safety Unit,,ce8d0588-b801-4ee9-a64f-4ae3e9d12522,2014-01-20,23:10:00,,0,0,0,0,0,0,0,0,0,0,2014-01-21 7:10,Property,14.65579186,121.0297208,No Collision Stated
None,EDSA,None,None,"No Accident Factor, No Collision Stated (based on Police Blotter Book), 0.0 drivers_injured, 0.0 drivers_killed, 0.0 passengers_injured, 0.0 passengers_killed, 0.0 pedestrian_injured, 0.0 pedestrian_killed, Fair (Day), North Ave. Before EDSA Brgy. Bagong Pag Asa Quezon City",MMDA Road Safety Unit,,d2ef5508-2295-4b76-aaf2-da8903eae20a,2014-01-14,08:45:00,,0,0,0,0,0,0,0,0,0,0,2014-01-14 16:45,Property,14.65579186,121.0297208,No Collision Stated
None,EDSA,None,None,"No Accident Factor, No Collision Stated (based on Police Blotter Book), 0.0 drivers_injured, 0.0 drivers_killed, 1.0 passengers_injured, 0.0 passengers_killed, 0.0 pedestrian_injured, 0.0 pedestrian_killed, Fair (Day), North Ave. The Block Entrance SM City North  Quezon City",MMDA Road Safety Unit,,248c9438-2782-4e6d-992d-bb51bc88e60b,2014-01-11,22:50:00,,0,0,0,0,1,0,0,0,0,1,2014-01-12 6:50,Injury,14.65570865,121.0294716,No Collision Stated
None,EDSA,None,None,"No Accident Factor, No Collision Stated (based on Police Blotter Book), 0.0 drivers_injured, 0.0 drivers_killed, 0.0 passengers_injured, 0.0 passengers_killed, 0.0 pedestrian_injured, 0.0 pedestrian_killed, Fair (Day), North Ave. EDSA Quezon City",MMDA Road Safety Unit,,10fb54ac-9a11-4d2d-a477-c8a0f1c94776,2013-11-18,23:00:00,,0,0,0,0,0,0,0,0,0,0,2013-11-19 7:00,Property,14.65579186,121.0297208,No Collision Stated
None,EDSA,None,None,"No Accident Factor, Side Swipe, 0.0 drivers_injured, 0.0 drivers_killed, 0.0 passengers_injured, 0.0 passengers_killed, 0.0 pedestrian_injured, 0.0 pedestrian_killed, Fair (Day), North Ave. EDSA Quezon City",MMDA Road Safety Unit,,d41195fc-231d-49ec-a5e5-81b226140d8f,2013-11-06,01:30:00,,0,0,0,0,0,0,0,0,0,0,2013-11-06 9:30,Property,14.65579186,121.0297208,Side Swipe
None,EDSA,None,None,"No Accident Factor, No Collision Stated (based on Police Blotter Book), 0.0 drivers_injured, 0.0 drivers_killed, 1.0 passengers_injured, 0.0 passengers_killed, 0.0 pedestrian_injured, 0.0 pedestrian_killed, Fair (Day), North Ave. EDSA Quezon City",MMDA Road Safety Unit,,c9634f37-f102-43b8-abe2-1ea6cbfb4ffd,2013-11-05,23:30:00,,0,0,0,0,1,0,0,0,0,1,2013-11-06 7:30,Injury,14.65579186,121.0297208,No Collision Stated
None,EDSA,None,None,"No Accident Factor, No Collision Stated (based on Police Blotter Book), 0.0 drivers_injured, 0.0 drivers_killed, 0.0 passengers_injured, 0.0 passengers_killed, 0.0 pedestrian_injured, 0.0 pedestrian_killed, Fair (Day), North Ave. EDSA Quezon City",MMDA Road Safety Unit,,f946a18e-2a44-463a-b84e-cbf33b707882,2013-11-05,06:00:00,,0,0,0,0,0,0,0,0,0,0,2013-11-05 14:00,Property,14.65579186,121.0297208,No Collision Stated
None,EDSA,None,None,"No Accident Factor, No Collision Stated (based on Police Blotter Book), 0.0 drivers_injured, 0.0 drivers_killed, 0.0 passengers_injured, 0.0 passengers_killed, 0.0 pedestrian_injured, 0.0 pedestrian_killed, Fair (Day), North Ave. EDSA Bgy.Pag asa Quezon City",MMDA Road Safety Unit,,57a9755d-4611-4a12-9d5d-c408d11a8131,2013-10-27,05:00:00,,0,0,0,0,0,0,0,0,0,0,2013-10-27 13:00,Property,14.65579186,121.0297208,No Collision Stated
None,EDSA,None,None,"No Accident Factor, No Collision Stated (based on Police Blotter Book), 0.0 drivers_injured, 0.0 drivers_killed, 0.0 passengers_injured, 0.0 passengers_killed, 0.0 pedestrian_injured, 0.0 pedestrian_killed, Fair (Day), North Ave. EDSA Bgy.Bagong Pag asa Quezon City",MMDA Road Safety Unit,,22c02171-91f6-44db-ae28-76e33c68fbd6,2013-10-20,03:00:00,,0,0,0,0,0,0,0,0,0,0,2013-10-20 11:00,Property,14.65579186,121.0297208,No Collision Stated
None,EDSA,None,None,"No Accident Factor, Other, 0.0 drivers_injured, 0.0 drivers_killed, 0.0 passengers_injured, 0.0 passengers_killed, 0.0 pedestrian_injured, 0.0 pedestrian_killed, Fair (Day), North Avenue  EDSA Brgy. Bagong Pag Asa Quezon City",MMDA Road Safety Unit,,a347d29b-1219-465e-8f18-d2c60139b042,2013-09-30,03:30:00,,0,0,0,0,0,0,0,0,0,0,2013-09-30 11:30,Property,14.65579115,121.0296375,No Collision Stated
None,EDSA,None,None,"No Accident Factor, No Collision Stated (based on Police Blotter Book), 0.0 drivers_injured, 0.0 drivers_killed, 0.0 passengers_injured, 0.0 passengers_killed, 0.0 pedestrian_injured, 0.0 pedestrian_killed, Fair (Day), North Ave. EDSA, Bgy. Bagong Pag-asa Quezon City",MMDA Road Safety Unit,,d41d0f5b-c9f4-4adc-91cc-9ebfc57f04e8,2013-09-18,09:50:00,,0,0,0,0,0,0,0,0,0,0,2013-09-18 17:50,Property,14.65579186,121.0297208,No Collision Stated
None,EDSA,None,None,"No Accident Factor, No Collision Stated (based on Police Blotter Book), 0.0 drivers_injured, 0.0 drivers_killed, 0.0 passengers_injured, 0.0 passengers_killed, 0.0 pedestrian_injured, 0.0 pedestrian_killed, Fair (Day), North Ave. EDSA, Bgy. Bagong Pag-asa Quezon City",MMDA Road Safety Unit,,5ccaaf84-219e-4476-864c-b1233195cc73,2013-09-16,09:45:00,,0,0,0,0,0,0,0,0,0,0,2013-09-16 17:45,Property,14.65579186,121.0297208,No Collision Stated
None,EDSA,None,None,"No Accident Factor, Side Swipe, 0.0 drivers_injured, 0.0 drivers_killed, 0.0 passengers_injured, 0.0 passengers_killed, 0.0 pedestrian_injured, 0.0 pedestrian_killed, Fair (Day), North Ave. EDSA (NB), Bgy. Bagong Pag-asa Quezon City",MMDA Road Safety Unit,,2b6fd165-db99-4454-be33-8efb91e20f63,2013-09-12,02:20:00,,0,0,0,0,0,0,0,0,0,0,2013-09-12 10:20,Property,14.65579186,121.0297208,Side Swipe
None,EDSA,None,None,"No Accident Factor, No Collision Stated (based on Police Blotter Book), 0.0 drivers_injured, 0.0 drivers_killed, 0.0 passengers_injured, 0.0 passengers_killed, 0.0 pedestrian_injured, 0.0 pedestrian_killed, Fair (Day), North Ave. EDSA Bgy. Bagong Pag-asa Quezon City",MMDA Road Safety Unit,,fdd53548-5dfa-4756-bfea-ab5befec51b7,2013-09-01,05:20:00,,0,0,0,0,0,0,0,0,0,0,2013-09-01 13:20,Property,14.65579186,121.0297208,No Collision Stated
None,EDSA,None,None,"No Accident Factor, No Collision Stated (based on Police Blotter Book), 0.0 drivers_injured, 0.0 drivers_killed, 0.0 passengers_injured, 0.0 passengers_killed, 0.0 pedestrian_injured, 0.0 pedestrian_killed, Fair (Night), North Avenue EDSA Quezon City",MMDA Road Safety Unit,,bc09f00a-b2ab-425e-9658-89cf6621928d,2013-08-02,13:00:00,,0,0,0,0,0,0,0,0,0,0,2013-08-02 21:00,Property,14.65580666,121.0295541,No Collision Stated
None,EDSA,None,None,"No Accident Factor, No Collision Stated (based on Police Blotter Book), 0.0 drivers_injured, 0.0 drivers_killed, 0.0 passengers_injured, 0.0 passengers_killed, 0.0 pedestrian_injured, 0.0 pedestrian_killed, Fair (Day), North Ave. EDSA Bgy.Bagong Pag asa Quezon City",MMDA Road Safety Unit,,2f2ba51c-9d27-4d24-a6c8-d4cab767c078,2013-06-20,07:30:00,,0,0,0,0,0,0,0,0,0,0,2013-06-20 15:30,Property,14.65579186,121.0297208,No Collision Stated
None,EDSA,None,None,"No Accident Factor, No Collision Stated (based on Police Blotter Book), 0.0 drivers_injured, 0.0 drivers_killed, 1.0 passengers_injured, 0.0 passengers_killed, 0.0 pedestrian_injured, 0.0 pedestrian_killed, Fair (Day), North Ave. before EDSA N/B Quezon City",MMDA Road Safety Unit,,abbf338f-6db9-4585-a447-39d00aecd5dd,2013-05-03,02:30:00,,0,0,0,0,1,0,0,0,0,1,2013-05-03 10:30,Injury,14.65579186,121.0297208,No Collision Stated
None,EDSA,None,None,"No Accident Factor, Hit and Run (No Collision Stated), 1.0 drivers_injured, 0.0 drivers_killed, 0.0 passengers_injured, 0.0 passengers_killed, 0.0 pedestrian_injured, 0.0 pedestrian_killed, Fair (Day), North Ave. Fronting SM North Edsa Brgy. Pag Asa Quezon City",MMDA Road Safety Unit,,a39f1a1f-e018-4f2f-8a2d-eb427cbc3642,2013-04-21,02:15:00,,0,0,0,1,0,0,0,0,0,1,2013-04-21 10:15,Injury,14.65579186,121.0297208,No Collision Stated
None,EDSA,None,None,"No Accident Factor, No Collision Stated (based on Police Blotter Book), 0.0 drivers_injured, 0.0 drivers_killed, 0.0 passengers_injured, 0.0 passengers_killed, 0.0 pedestrian_injured, 0.0 pedestrian_killed, Fair (Day), North Ave. before EDSA (SB), Bgy. Pag-asa Quezon City",MMDA Road Safety Unit,,0b6752ab-6ab0-4cf9-8fb9-0048c311536d,2013-04-05,06:15:00,,0,0,0,0,0,0,0,0,0,0,2013-04-05 14:15,Property,14.65579186,121.0297208,No Collision Stated
None,EDSA,None,None,"No Accident Factor, No Collision Stated (based on Police Blotter Book), 0.0 drivers_injured, 0.0 drivers_killed, 0.0 passengers_injured, 0.0 passengers_killed, 0.0 pedestrian_injured, 0.0 pedestrian_killed, Fair (Day), North Ave. exit of SM, Bgy. Bagong Pag-asa Quezon City",MMDA Road Safety Unit,,e760fd4e-7c32-40df-8ba4-2e0cb50da9e0,2013-02-16,08:30:00,,0,0,0,0,0,0,0,0,0,0,2013-02-16 16:30,Property,14.65579186,121.0297208,No Collision Stated
None,EDSA,None,None,"No Accident Factor, No Collision Stated (based on Police Blotter Book), 0.0 drivers_injured, 0.0 drivers_killed, 0.0 passengers_injured, 0.0 passengers_killed, 0.0 pedestrian_injured, 0.0 pedestrian_killed, Fair (Day), North Ave. fronting entrance gate of SM City-North EDSA, Bgy. Bagong Pag-asa Quezon City",MMDA Road Safety Unit,,7bc16ca3-40f1-42ca-af94-7c8a304e0893,2013-02-14,00:10:00,,0,0,0,0,0,0,0,0,0,0,2013-02-14 8:10,Property,14.65579186,121.0297208,No Collision Stated
None,EDSA,None,None,"No Accident Factor, No Collision Stated (based on Police Blotter Book), 0.0 drivers_injured, 0.0 drivers_killed, 0.0 passengers_injured, 0.0 passengers_killed, 0.0 pedestrian_injured, 0.0 pedestrian_killed, Fair (Day), North Ave. EDSA Quezon City",MMDA Road Safety Unit,,f5d76d37-71f6-43bb-985a-c5bb7f4fbfc5,2013-02-09,06:40:00,,0,0,0,0,0,0,0,0,0,0,2013-02-09 14:40,Property,14.65579186,121.0297208,No Collision Stated
None,EDSA,None,None,"No Accident Factor, No Collision Stated (based on Police Blotter Book), 0.0 drivers_injured, 0.0 drivers_killed, 0.0 passengers_injured, 0.0 passengers_killed, 0.0 pedestrian_injured, 0.0 pedestrian_killed, Fair (Day), North Ave. EDSA, Bgy. Bagong Pag-asa Quezon City",MMDA Road Safety Unit,,d4f6507a-4770-42e8-9aa7-2708c4140cf4,2013-02-05,01:10:00,,0,0,0,0,0,0,0,0,0,0,2013-02-05 9:10,Property,14.65579186,121.0297208,No Collision Stated
None,EDSA,None,None,"No Accident Factor, No Collision Stated (based on Police Blotter Book), 0.0 drivers_injured, 0.0 drivers_killed, 0.0 passengers_injured, 0.0 passengers_killed, 0.0 pedestrian_injured, 0.0 pedestrian_killed, Fair (Night), North Ave. EDSA, Bgy. Bagong Pag-asa Quezon City",MMDA Road Safety Unit,,14b49724-4ee5-4e81-bd74-3924c9617022,2013-01-14,11:00:00,,0,0,0,0,0,0,0,0,0,0,2013-01-14 19:00,Property,14.65579186,121.0297208,No Collision Stated
None,EDSA,None,None,"No Accident Factor, No Collision Stated (based on Police Blotter Book), 0.0 drivers_injured, 0.0 drivers_killed, 0.0 passengers_injured, 0.0 passengers_killed, 0.0 pedestrian_injured, 0.0 pedestrian_killed, Fair (Night), North Ave. EDSA Quezon City",MMDA Road Safety Unit,,55ce8091-49dd-471d-82e9-cc7c88637fe7,2013-01-12,13:30:00,,0,0,0,0,0,0,0,0,0,0,2013-01-12 21:30,Property,14.65579186,121.0297208,No Collision Stated
None,EDSA,None,None,"No Accident Factor, No Collision Stated (based on Police Blotter Book), 0.0 drivers_injured, 0.0 drivers_killed, 0.0 passengers_injured, 0.0 passengers_killed, 0.0 pedestrian_injured, 0.0 pedestrian_killed, Fair (Day), North Ave. before EDSA (NB), Bgy. Bagong Pag-asa Quezon City",MMDA Road Safety Unit,,eb182dbe-fa39-425f-b25a-44012b721174,2013-01-05,07:00:00,,0,0,0,0,0,0,0,0,0,0,2013-01-05 15:00,Property,14.65579186,121.0297208,No Collision Stated
None,EDSA,None,None,"No Accident Factor, Side Swipe, 0.0 drivers_injured, 0.0 drivers_killed, 0.0 passengers_injured, 0.0 passengers_killed, 0.0 pedestrian_injured, 0.0 pedestrian_killed, Fair (Night), North Ave. fronting SM North Exit game Pag-asa Quezon City",MMDA Road Safety Unit,,a4f2fcd0-8fe8-4d27-a92c-e695ff1e5137,2012-12-28,11:30:00,,0,0,0,0,0,0,0,0,0,0,2012-12-28 19:30,Property,14.65579186,121.0297208,Side Swipe
None,EDSA,None,None,"No Accident Factor, No Collision Stated (based on Police Blotter Book), 0.0 drivers_injured, 0.0 drivers_killed, 0.0 passengers_injured, 0.0 passengers_killed, 0.0 pedestrian_injured, 0.0 pedestrian_killed, Fair (Day), North Ave. EDSA N/B Quezon City",MMDA Road Safety Unit,,bdf3b4e2-ae7b-4fc0-9849-f5071e5cd062,2012-12-26,09:15:00,,0,0,0,0,0,0,0,0,0,0,2012-12-26 17:15,Property,14.65579186,121.0297208,No Collision Stated
None,EDSA,None,None,"No Accident Factor, Hit and Run (No Collision Stated), 0.0 drivers_injured, 0.0 drivers_killed, 0.0 passengers_injured, 0.0 passengers_killed, 0.0 pedestrian_injured, 0.0 pedestrian_killed, Fair (Night), North Ave. EDSA Pag asa Quezon City",MMDA Road Safety Unit,,f7848562-1fe8-46ff-83b9-fdd5aee191d6,2012-12-14,12:45:00,,0,0,0,0,0,0,0,0,0,0,2012-12-14 20:45,Property,14.65579186,121.0297208,No Collision Stated
None,EDSA,None,None,"No Accident Factor, No Collision Stated (based on Police Blotter Book), 0.0 drivers_injured, 0.0 drivers_killed, 0.0 passengers_injured, 0.0 passengers_killed, 0.0 pedestrian_injured, 0.0 pedestrian_killed, Fair (Night), North Ave. SM North Exit Bagong Pag asa Quezon City",MMDA Road Safety Unit,,ef31359b-11cd-4480-aafa-9b70f2b8da9b,2012-12-13,12:30:00,,0,0,0,0,0,0,0,0,0,0,2012-12-13 20:30,Property,14.65570865,121.0294716,No Collision Stated
None,EDSA,None,None,"No Accident Factor, Side Swipe, 0.0 drivers_injured, 0.0 drivers_killed, 0.0 passengers_injured, 0.0 passengers_killed, 0.0 pedestrian_injured, 0.0 pedestrian_killed, Fair (Night), North Ave. EDSA Bgy.Pag asa Quezon City",MMDA Road Safety Unit,,99305b06-f565-4d09-a29c-faa4c8ce141f,2012-12-10,14:00:00,,0,0,0,0,0,0,0,0,0,0,2012-12-10 22:00,Property,14.65579186,121.0297208,Side Swipe
None,EDSA,None,None,"No Accident Factor, No Collision Stated (based on Police Blotter Book), 0.0 drivers_injured, 0.0 drivers_killed, 0.0 passengers_injured, 0.0 passengers_killed, 0.0 pedestrian_injured, 0.0 pedestrian_killed, Fair (Night), North Ave. EDSA N/B Bgy.Pag asa Quezon City",MMDA Road Safety Unit,,3d27cc61-c804-494e-b9ba-f3ff53fa8ea4,2012-12-08,11:00:00,,0,0,0,0,0,0,0,0,0,0,2012-12-08 19:00,Property,14.65579186,121.0297208,No Collision Stated
None,EDSA,None,None,"No Accident Factor, No Collision Stated (based on Police Blotter Book), 0.0 drivers_injured, 0.0 drivers_killed, 0.0 passengers_injured, 0.0 passengers_killed, 0.0 pedestrian_injured, 0.0 pedestrian_killed, Fair (Night), North Ave. after EDSA Quezon City",MMDA Road Safety Unit,,ecdaf4d8-c09b-42a8-a3f1-9fae60713f4d,2012-12-03,14:45:00,,0,0,0,0,0,0,0,0,0,0,2012-12-03 22:45,Property,14.65579186,121.0297208,No Collision Stated
None,EDSA,None,None,"No Accident Factor, No Collision Stated (based on Police Blotter Book), 0.0 drivers_injured, 0.0 drivers_killed, 0.0 passengers_injured, 0.0 passengers_killed, 0.0 pedestrian_injured, 0.0 pedestrian_killed, Fair (Day), North Ave. EDSA, Bgy. Bagong Pag-asa Quezon City",MMDA Road Safety Unit,,96026e21-1f82-4aa2-91d3-fccbc4734ce6,2012-11-30,05:00:00,,0,0,0,0,0,0,0,0,0,0,2012-11-30 13:00,Property,14.65579186,121.0297208,No Collision Stated
None,EDSA,None,None,"No Accident Factor, No Collision Stated (based on Police Blotter Book), 0.0 drivers_injured, 0.0 drivers_killed, 0.0 passengers_injured, 0.0 passengers_killed, 0.0 pedestrian_injured, 0.0 pedestrian_killed, Fair (Night), North Ave. Edsa Brgy. Bagong Pag Asa Quezon City",MMDA Road Safety Unit,,463a5b45-f0ac-4e02-86e6-697d0c34fffc,2012-11-27,13:00:00,,0,0,0,0,0,0,0,0,0,0,2012-11-27 21:00,Property,14.65579186,121.0297208,No Collision Stated
None,EDSA,None,None,"No Accident Factor, Side Swipe, 0.0 drivers_injured, 0.0 drivers_killed, 0.0 passengers_injured, 0.0 passengers_killed, 0.0 pedestrian_injured, 0.0 pedestrian_killed, Fair (Day), North Ave. Fronting SM Bldg. Brgy. Bagong Pag Asa Quezon City",MMDA Road Safety Unit,,21c0d5ef-ce39-4932-8fec-3d93ad963524,2012-11-19,23:40:00,,0,0,0,0,0,0,0,0,0,0,2012-11-20 7:40,Property,14.65579186,121.0297208,Side Swipe
None,EDSA,None,None,"No Accident Factor, No Collision Stated (based on Police Blotter Book), 0.0 drivers_injured, 0.0 drivers_killed, 0.0 passengers_injured, 0.0 passengers_killed, 0.0 pedestrian_injured, 0.0 pedestrian_killed, Fair (Day), North Ave. SM North Pag asa Quezon City",MMDA Road Safety Unit,,af96d504-d7a5-4337-8b85-ac79df44f1ff,2012-10-22,23:45:00,,0,0,0,0,0,0,0,0,0,0,2012-10-23 7:45,Property,14.65570865,121.0294716,No Collision Stated
None,EDSA,None,None,"No Accident Factor, No Collision Stated (based on Police Blotter Book), 0.0 drivers_injured, 0.0 drivers_killed, 0.0 passengers_injured, 0.0 passengers_killed, 0.0 pedestrian_injured, 0.0 pedestrian_killed, Fair (Night), North Ave. fronting SM North Ave. Bgy.Bagong Pag asa Quezon City",MMDA Road Safety Unit,,51cbe926-9eae-4f12-9500-fa693d954e12,2012-10-21,11:30:00,,0,0,0,0,0,0,0,0,0,0,2012-10-21 19:30,Property,14.65579186,121.0297208,No Collision Stated
None,EDSA,None,None,"No Accident Factor, No Collision Stated (based on Police Blotter Book), 0.0 drivers_injured, 0.0 drivers_killed, 0.0 passengers_injured, 0.0 passengers_killed, 0.0 pedestrian_injured, 0.0 pedestrian_killed, Fair (Night), North Ave. EDSA Bgy. Pag Asa Quezon City",MMDA Road Safety Unit,,66f6337f-cdfb-49af-a85b-715b5f72cf6c,2012-10-02,13:30:00,,0,0,0,0,0,0,0,0,0,0,2012-10-02 21:30,Property,14.65579186,121.0297208,No Collision Stated
None,EDSA,None,None,"No Accident Factor, No Collision Stated (based on Police Blotter Book), 0.0 drivers_injured, 0.0 drivers_killed, 0.0 passengers_injured, 0.0 passengers_killed, 0.0 pedestrian_injured, 0.0 pedestrian_killed, Fair (Day), North Ave. EDSA Brgy.Pag-asa Quezon City",MMDA Road Safety Unit,,ba5916ef-52e7-4280-a67d-4aba289f8d07,2012-09-13,02:05:00,,0,0,0,0,0,0,0,0,0,0,2012-09-13 10:05,Property,14.65579186,121.0297208,No Collision Stated
None,EDSA,None,None,"No Accident Factor, No Collision Stated (based on Police Blotter Book), 0.0 drivers_injured, 0.0 drivers_killed, 0.0 passengers_injured, 0.0 passengers_killed, 0.0 pedestrian_injured, 0.0 pedestrian_killed, Fair (Day), North Ave. EDSA Brgy.Bagong Pag asa Quezon City",MMDA Road Safety Unit,,50715433-1698-424c-a3cc-b31aecd373fe,2012-09-03,00:30:00,,0,0,0,0,0,0,0,0,0,0,2012-09-03 8:30,Property,14.65579186,121.0297208,No Collision Stated