LOCATION_TEXT,ROAD,WEATHER,LIGHT,DESC,REPORTING_AGENCY,MAIN_CAUSE,INCIDENTDETAILS_ID,DATE_UTC,TIME_UTC,ADDRESS,killed_driver,killed_passenger,killed_pedestrian,injured_driver,injured_passenger,injured_pedestrian,killed_uncategorized,injured_uncategorized,killed_total,injured_total,DATETIME_PST,SEVERITY,Y,X,COLLISION_TYPE
None,EDSA,None,None,"No Accident Factor, No Collision Stated (based on Police Blotter Book), 0.0 drivers_injured, 0.0 drivers_killed, 0.0 passengers_injured, 0.0 passengers_killed, 0.0 pedestrian_injured, 0.0 pedestrian_killed, Fair (Night), North Ave. EDSA Brgy.Bagong Pag asa Quezon City",MMDA Road Safety Unit,,58e763c1-91cc-4fda-b263-7007ca40e8f6,2012-08-29,15:15:00,,0,0,0,0,0,0,0,0,0,0,2012-08-29 23:15,Property,14.65579186,121.0297208,No Collision Stated
None,EDSA,None,None,"No Accident Factor, Side Swipe, 0.0 drivers_injured, 0.0 drivers_killed, 0.0 passengers_injured, 0.0 passengers_killed, 0.0 pedestrian_injured, 0.0 pedestrian_killed, Fair (Day), North Ave. near EDSA Quezon City",MMDA Road Safety Unit,,fd09405f-d390-442c-8c54-7b9eb765035b,2012-08-19,02:45:00,,0,0,0,0,0,0,0,0,0,0,2012-08-19 10:45,Property,14.65570865,121.0294716,Side Swipe
None,EDSA,None,None,"No Accident Factor, Side Swipe, 0.0 drivers_injured, 0.0 drivers_killed, 0.0 passengers_injured, 0.0 passengers_killed, 0.0 pedestrian_injured, 0.0 pedestrian_killed, Fair (Night), North Ave. EDSA Quezon City",MMDA Road Safety Unit,,19705cf3-3899-447c-bbad-b6bf8978e48f,2012-06-30,13:45:00,,0,0,0,0,0,0,0,0,0,0,2012-06-30 21:45,Property,14.65579186,121.0297208,Side Swipe
None,EDSA,None,None,"No Accident Factor, Side Swipe, 0.0 drivers_injured, 0.0 drivers_killed, 0.0 passengers_injured, 0.0 passengers_killed, 0.0 pedestrian_injured, 0.0 pedestrian_killed, Fair (Night), North Ave. EDSA Quezon City",MMDA Road Safety Unit,,3a05a502-a954-42db-8a46-b206e441629b,2012-06-24,20:30:00,,0,0,0,0,0,0,0,0,0,0,2012-06-25 4:30,Property,14.65579186,121.0297208,Side Swipe
None,EDSA,None,None,"No Accident Factor, No Collision Stated (based on Police Blotter Book), 0.0 drivers_injured, 0.0 drivers_killed, 0.0 passengers_injured, 0.0 passengers_killed, 0.0 pedestrian_injured, 0.0 pedestrian_killed, Fair (Day), North Ave. Fronting SM North ., Bgy. Bagong Pag-asa Quezon City",MMDA Road Safety Unit,,a6cebbd4-cd79-4e00-9f38-9dc40d320664,2012-06-09,07:00:00,,0,0,0,0,0,0,0,0,0,0,2012-06-09 15:00,Property,14.65579186,121.0297208,No Collision Stated
None,EDSA,None,None,"No Accident Factor, No Collision Stated (based on Police Blotter Book), 1.0 drivers_injured, 0.0 drivers_killed, 1.0 passengers_injured, 0.0 passengers_killed, 0.0 pedestrian_injured, 0.0 pedestrian_killed, Fair (Night), North Ave. Fronting SM North EDSA Quezon City",MMDA Road Safety Unit,,9238473c-53a0-42fc-acdd-85ed666781bf,2012-06-06,13:20:00,,0,0,0,1,1,0,0,0,0,2,2012-06-06 21:20,Injury,14.65579186,121.0297208,No Collision Stated
None,EDSA,None,None,"No Accident Factor, No Collision Stated (based on Police Blotter Book), 0.0 drivers_injured, 0.0 drivers_killed, 0.0 passengers_injured, 0.0 passengers_killed, 0.0 pedestrian_injured, 0.0 pedestrian_killed, Fair (Night), North Ave. EDSA (N/B) Brgy. Bagong Pag-Asa Quezon City",MMDA Road Safety Unit,,f5ed079f-8124-4346-820c-d8b2fd7e2d72,2012-05-15,10:00:00,,0,0,0,0,0,0,0,0,0,0,2012-05-15 18:00,Property,14.65579186,121.0297208,No Collision Stated
None,EDSA,None,None,"No Accident Factor, No Collision Stated (based on Police Blotter Book), 0.0 drivers_injured, 0.0 drivers_killed, 0.0 passengers_injured, 0.0 passengers_killed, 0.0 pedestrian_injured, 0.0 pedestrian_killed, Fair (Day), North Ave. fronting SM City-North, Misamis St., Bgy. Bagong Pag-asa Quezon City",MMDA Road Safety Unit,,6adb53ec-1b77-48ac-a753-55cc079243e9,2012-05-08,08:30:00,,0,0,0,0,0,0,0,0,0,0,2012-05-08 16:30,Property,14.65579186,121.0297208,No Collision Stated
None,EDSA,None,None,"No Accident Factor, Rear-end, 0.0 drivers_injured, 0.0 drivers_killed, 0.0 passengers_injured, 0.0 passengers_killed, 0.0 pedestrian_injured, 0.0 pedestrian_killed, Fair (Day), North Ave. EDSA Quezon City",MMDA Road Safety Unit,,0337e211-264a-4215-820c-5fcf0d623ac6,2012-04-28,03:10:00,,0,0,0,0,0,0,0,0,0,0,2012-04-28 11:10,Property,14.65579186,121.0297208,Rear-End
None,EDSA,None,None,"No Accident Factor, No Collision Stated (based on Police Blotter Book), 0.0 drivers_injured, 0.0 drivers_killed, 0.0 passengers_injured, 0.0 passengers_killed, 0.0 pedestrian_injured, 0.0 pedestrian_killed, Fair (Night), North Ave. EDSA, Bgy. Bagong Pag-asa Quezon City",MMDA Road Safety Unit,,a5573052-fa51-4b43-a996-8c8e91f2c323,2012-04-27,16:15:00,,0,0,0,0,0,0,0,0,0,0,2012-04-28 0:15,Property,14.65579186,121.0297208,No Collision Stated
None,EDSA,None,None,"No Accident Factor, No Collision Stated (based on Police Blotter Book), 0.0 drivers_injured, 0.0 drivers_killed, 0.0 passengers_injured, 0.0 passengers_killed, 0.0 pedestrian_injured, 0.0 pedestrian_killed, Fair (Night), North Ave. Entrance of SM, Bgy. Bagong Pag-asa Quezon City",MMDA Road Safety Unit,,d3ed3798-f70f-4a35-9d7f-75ba9635cd80,2012-04-27,14:00:00,,0,0,0,0,0,0,0,0,0,0,2012-04-27 22:00,Property,14.65579186,121.0297208,No Collision Stated
None,EDSA,None,None,"No Accident Factor, No Collision Stated (based on Police Blotter Book), 0.0 drivers_injured, 0.0 drivers_killed, 0.0 passengers_injured, 0.0 passengers_killed, 0.0 pedestrian_injured, 0.0 pedestrian_killed, Fair (Day), North Ave. EDSA brgy. Bagong Pag-asa Quezon City",MMDA Road Safety Unit,,3f580e99-379b-4bf5-a74e-4a687e7e181f,2012-03-08,23:00:00,,0,0,0,0,0,0,0,0,0,0,2012-03-09 7:00,Property,14.65579186,121.0297208,No Collision Stated
None,EDSA,None,None,"No Accident Factor, No Collision Stated (based on Police Blotter Book), 0.0 drivers_injured, 0.0 drivers_killed, 0.0 passengers_injured, 0.0 passengers_killed, 0.0 pedestrian_injured, 0.0 pedestrian_killed, Fair (Night), North Ave. before EDSA Quezon City",MMDA Road Safety Unit,,1635c523-efee-4607-925f-37c31c779544,2012-02-29,10:00:00,,0,0,0,0,0,0,0,0,0,0,2012-02-29 18:00,Property,14.65579186,121.0297208,No Collision Stated
None,EDSA,None,None,"No Accident Factor, No Collision Stated (based on Police Blotter Book), 0.0 drivers_injured, 0.0 drivers_killed, 0.0 passengers_injured, 0.0 passengers_killed, 0.0 pedestrian_injured, 0.0 pedestrian_killed, Fair (Night), North Ave. EDSA Bagong Pag-asa Quezon City",MMDA Road Safety Unit,,85461957-07be-4df9-8054-14da813776c7,2012-02-21,14:00:00,,0,0,0,0,0,0,0,0,0,0,2012-02-21 22:00,Property,14.65579186,121.0297208,No Collision Stated
None,EDSA,None,None,"No Accident Factor, No Collision Stated (based on Police Blotter Book), 0.0 drivers_injured, 0.0 drivers_killed, 0.0 passengers_injured, 0.0 passengers_killed, 0.0 pedestrian_injured, 0.0 pedestrian_killed, Fair (Day), North Ave. EDSA Quezon City",MMDA Road Safety Unit,,c39f1346-6748-40f2-9969-3599dc481471,2012-01-26,07:15:00,,0,0,0,0,0,0,0,0,0,0,2012-01-26 15:15,Property,14.65579186,121.0297208,No Collision Stated
None,EDSA,None,None,"Unknown, Side Swipe, 0.0 drivers_injured, 0.0 drivers_killed, 0.0 passengers_injured, 0.0 passengers_killed, 0.0 pedestrian_injured, 0.0 pedestrian_killed, Fair (Day), North Ave. EDSA Quezon City",MMDA Road Safety Unit,,04c7892a-f22b-47b4-a36a-89985118d47d,2011-02-17,07:00:00,,0,0,0,0,0,0,0,0,0,0,2011-02-17 15:00,Property,14.65579186,121.0297208,Side Swipe
None,EDSA,None,None,"Unknown, Hit and Run (No Collision Stated), 0.0 drivers_injured, 0.0 drivers_killed, 0.0 passengers_injured, 0.0 passengers_killed, 0.0 pedestrian_injured, 0.0 pedestrian_killed, Dry, North Ave. SM ext. brgy. Pag-asa Quezon City",MMDA Road Safety Unit,,8e9042bc-a1fa-4c0c-9624-5eddeb256660,2010-05-11,09:00:00,,0,0,0,0,0,0,0,0,0,0,2010-05-11 17:00,Property,14.65570865,121.0294716,No Collision Stated
None,EDSA,None,None,"Unknown, Hit and Run (No Collision Stated), 0.0 drivers_injured, 0.0 drivers_killed, 0.0 passengers_injured, 0.0 passengers_killed, 0.0 pedestrian_injured, 0.0 pedestrian_killed, Dry, North Ave. EDSA, Bgy. Bagong Pag-asa Quezon City",MMDA Road Safety Unit,,ac6d23da-7b0e-4147-bdc1-797abb2ace37,2010-03-12,11:10:00,,0,0,0,0,0,0,0,0,0,0,2010-03-12 19:10,Property,14.65579186,121.0297208,No Collision Stated
None,EDSA,None,None,"Unknown, Side Swipe, 0.0 drivers_injured, 0.0 drivers_killed, 0.0 passengers_injured, 0.0 passengers_killed, 0.0 pedestrian_injured, 0.0 pedestrian_killed, Fair (Day), North Ave. EDSA, Bgy. Bagong Pag-asa Quezon City",MMDA Road Safety Unit,,ea1a7461-644b-423f-8735-f69297b0ce1e,2009-12-05,04:00:00,,0,0,0,0,0,0,0,0,0,0,2009-12-05 12:00,Property,14.65579186,121.0297208,Side Swipe
None,EDSA,None,None,"Unknown, Hit and Run (No Collision Stated), 0.0 drivers_injured, 0.0 drivers_killed, 0.0 passengers_injured, 0.0 passengers_killed, 0.0 pedestrian_injured, 0.0 pedestrian_killed, Fair (Night), North Ave. EDSA Quezon City",MMDA Road Safety Unit,,067186d2-2d3d-4478-bc59-b111259dd9a0,2009-11-30,11:45:00,,0,0,0,0,0,0,0,0,0,0,2009-11-30 19:45,Property,14.65579186,121.0297208,No Collision Stated
None,EDSA,None,None,"Unknown, Side Swipe, 0.0 drivers_injured, 0.0 drivers_killed, 0.0 passengers_injured, 0.0 passengers_killed, 0.0 pedestrian_injured, 0.0 pedestrian_killed, Fair (Night), North Ave.  After EDSA Brgy.pag-Asa Quezon City",MMDA Road Safety Unit,,b08e013e-46ae-49cb-ad45-f0e722aa2909,2009-11-26,12:20:00,,0,0,0,0,0,0,0,0,0,0,2009-11-26 20:20,Property,14.6556177,121.0302221,Side Swipe
None,EDSA,None,None,"Unknown, Side Swipe, 0.0 drivers_injured, 0.0 drivers_killed, 0.0 passengers_injured, 0.0 passengers_killed, 0.0 pedestrian_injured, 0.0 pedestrian_killed, Fair (Night), North Ave.  SM Mall Brgy.Bagong pag Asa Quezon City",MMDA Road Safety Unit,,c414f996-721c-40a5-a856-19b443ae6e45,2009-11-22,08:55:00,,0,0,0,0,0,0,0,0,0,0,2009-11-22 16:55,Property,14.6556177,121.0302221,Side Swipe
None,EDSA,None,None,"Human Error, Hit and Run (No Collision Stated), 0.0 drivers_injured, 0.0 drivers_killed, 0.0 passengers_injured, 0.0 passengers_killed, 0.0 pedestrian_injured, 0.0 pedestrian_killed, Dry, North Ave. fronting SM North Quezon City",MMDA Road Safety Unit,,b68142d2-9654-46ee-942f-51bfced3a71a,2008-09-23,07:15:00,,0,0,0,0,0,0,0,0,0,0,2008-09-23 15:15,Property,14.6556177,121.0302221,No Collision Stated
None,EDSA,None,None,"Human Error, Side Swipe, 0.0 drivers_injured, 0.0 drivers_killed, 0.0 passengers_injured, 0.0 passengers_killed, 0.0 pedestrian_injured, 0.0 pedestrian_killed, Dry, North Ave fronting SM north near EDSA Quezon City",MMDA Road Safety Unit,,58a8a90f-42c7-44eb-af88-220c853a0acf,2008-08-18,08:30:00,,0,0,0,0,0,0,0,0,0,0,2008-08-18 16:30,Property,14.6556177,121.0302221,Side Swipe
None,EDSA,None,None,"Human Error, Angle Impact, 0.0 drivers_injured, 0.0 drivers_killed, 0.0 passengers_injured, 0.0 passengers_killed, 0.0 pedestrian_injured, 0.0 pedestrian_killed, Dry, North Ave. EDSA Brgy. Pag Asa Quezon City",MMDA Road Safety Unit,,1bc424ba-fcb1-40b8-858d-4843b909ed15,2008-05-11,11:30:00,,0,0,0,0,0,0,0,0,0,0,2008-05-11 19:30,Property,14.6556177,121.0302221,Angle Impact
None,EDSA,None,None,"Human Error, Side Swipe, 0.0 drivers_injured, 0.0 drivers_killed, 0.0 passengers_injured, 0.0 passengers_killed, 0.0 pedestrian_injured, 0.0 pedestrian_killed, Dry, North Ave. fronting SM North Quezon City",MMDA Road Safety Unit,,f08d2130-f953-401e-8a5f-fb8d9378a9de,2007-05-02,10:00:00,,0,0,0,0,0,0,0,0,0,0,2007-05-02 18:00,Property,14.65579186,121.0297208,Side Swipe
None,EDSA,None,None,"Unknown, Rear-end, 0.0 drivers_injured, 0.0 drivers_killed, 0.0 passengers_injured, 0.0 passengers_killed, 0.0 pedestrian_injured, 0.0 pedestrian_killed, Dry, North Ave. Banco De Oro, SM North Quezon City",MMDA Road Safety Unit,,9c7642ed-4ea3-4550-9da2-30dc5a2e8f1c,2007-04-27,11:00:00,,0,0,0,0,0,0,0,0,0,0,2007-04-27 19:00,Property,14.65579186,121.0297208,Rear-End
None,EDSA,None,None,"Human Error, Hit and Run (No Collision Stated), 0.0 drivers_injured, 0.0 drivers_killed, 0.0 passengers_injured, 0.0 passengers_killed, 0.0 pedestrian_injured, 0.0 pedestrian_killed, Dry, North Ave. SM City North Quezon City",MMDA Road Safety Unit,,c83ca9c7-9f08-4027-be07-a52a99766b6d,2007-02-09,02:30:00,,0,0,0,0,0,0,0,0,0,0,2007-02-09 10:30,Property,14.6556177,121.0302221,No Collision Stated
"SM Cyber West Avenue, Bulacan, Fernandez Compound, Bungad, Quezon City, District I, Quezon City, Metro Manila, 1105, Philippines",EDSA,partly-cloudy-night,night,SELF ACCIDENT,MMDA Metrobase,,3b21d0b3-3810-464e-aac0-16f3c25caf2a,2016-11-05,19:55:48,,0,0,0,0,0,0,0,1,0,1,2016-11-06 3:55,Injury,14.65563083,121.0297358,Self-Accident
"SM Cyber West Avenue, Bulacan, Fernandez Compound, Bungad, Quezon City, District I, Quezon City, Metro Manila, 1105, Philippines",EDSA,rain,day,Bumped from Behind,MMDA Metrobase,,2269b0db-0ed2-4c98-938c-b7ca20340c17,2016-12-18,07:39:11,,0,0,0,0,0,0,0,0,0,0,2016-12-18 15:39,Property,14.65567235,121.0291672,Rear-End
"SM Cyber West Avenue, Bulacan, Fernandez Compound, Bungad, Quezon City, District I, Quezon City, Metro Manila, 1105, Philippines",EDSA,rain,night,Multiple Collision,Other,,bf26bf98-7ead-4217-9b68-9a4b737d8157,2016-10-18,10:54:51,,0,0,0,0,0,0,0,0,0,0,2016-10-18 18:54,Property,14.65569311,121.0298753,Multiple
"Philippine College of Surgeons, 992, EDSA, Bagong Pag-asa, Bago Bantay, District I, Quezon City, Metro Manila, 1105, Philippines",EDSA,partly-cloudy-day,day,BUMPED FROM BEHIND,Other,,7889c78a-e755-4787-b7ec-acb8887137ca,2016-09-30,03:37:37,,0,0,0,0,0,0,0,0,0,0,2016-09-30 11:37,Property,14.65628475,121.0274613,Rear-End
"Philippine College of Surgeons, 992, EDSA, Bagong Pag-asa, Bago Bantay, District I, Quezon City, Metro Manila, 1105, Philippines",EDSA,partly-cloudy-day,day,BUMPED FROM BEHIND,Other,,c5ba561c-c3f2-472f-9bab-2d6e84df8dff,2016-09-30,02:34:07,,0,0,0,0,0,0,0,0,0,0,2016-09-30 10:34,Property,14.65631589,121.0274935,Rear-End
"Philippine College of Surgeons, 992, EDSA, Bagong Pag-asa, Bago Bantay, District I, Quezon City, Metro Manila, 1105, Philippines",EDSA,clear-day,day,(+)INJURED,Other,,4a7b5bae-9f3c-47b1-96a0-a6c12a421b6d,2016-10-02,00:43:59,,0,0,0,0,0,0,0,1,0,1,2016-10-02 8:43,Injury,14.65632627,121.0275042,Side Swipe
"Phoenix, EDSA, Phil-Am, Quezon City, District I, Quezon City, Metro Manila, 1105, Philippines",EDSA,partly-cloudy-day,day,BUMPED FROM BEHIND,MMDA Metrobase,,7d3762f4-2726-40ff-9439-883c8bef8203,2016-11-10,22:09:33,,0,0,0,0,0,0,0,0,0,0,2016-11-11 6:09,Property,14.65637817,121.0264206,Rear-End
None,EDSA,None,None,"No Accident Factor, Side Swipe, 0.0 drivers_injured, 0.0 drivers_killed, 0.0 passengers_injured, 0.0 passengers_killed, 0.0 pedestrian_injured, 0.0 pedestrian_killed, Fair (Day), EDSA ""U"" turn slot  GMA Network  Quezon City",MMDA Road Safety Unit,,c7671719-af26-411a-8170-e5065255d72d,2015-12-06,23:15:00,,0,0,0,0,0,0,0,0,0,0,2015-12-07 7:15,Property,14.63381975,121.0444025,Side Swipe
None,EDSA,None,None,"No Accident Factor, Side Swipe, 0.0 drivers_injured, 0.0 drivers_killed, 0.0 passengers_injured, 0.0 passengers_killed, 0.0 pedestrian_injured, 0.0 pedestrian_killed, Fair (Day), EDSA ""U"" turn slot  Balingasa  Quezon City",MMDA Road Safety Unit,,163e0ef0-73da-4651-88aa-176f7b88ef0a,2015-12-05,03:15:00,,0,0,0,0,0,0,0,0,0,0,2015-12-05 11:15,Property,14.6574797,121.0075848,Side Swipe
None,EDSA,None,None,"No Accident Factor, Rear-end, 0.0 drivers_injured, 0.0 drivers_killed, 0.0 passengers_injured, 0.0 passengers_killed, 0.0 pedestrian_injured, 0.0 pedestrian_killed, Fair (Night), EDSA ""U"" turn slot  Panay Ave.  Quezon City",MMDA Road Safety Unit,,c6a57329-97a5-4598-922b-8d71aad83d21,2015-11-15,14:15:00,,0,0,0,0,0,0,0,0,0,0,2015-11-15 22:15,Property,14.64318577,121.0381599,Rear-End
None,EDSA,None,None,"No Accident Factor, Side Swipe, 0.0 drivers_injured, 0.0 drivers_killed, 0.0 passengers_injured, 0.0 passengers_killed, 0.0 pedestrian_injured, 0.0 pedestrian_killed, Fair (Day), EDSA ""U"" turn slot  Timog Ave.  Quezon City",MMDA Road Safety Unit,,3e685287-48da-4920-9130-2f4bc050538f,2015-11-08,23:45:00,,0,0,0,0,0,0,0,0,0,0,2015-11-09 7:45,Property,14.63177602,121.045368,Side Swipe
None,EDSA,None,None,"No Accident Factor, Rear-end, 0.0 drivers_injured, 0.0 drivers_killed, 0.0 passengers_injured, 0.0 passengers_killed, 0.0 pedestrian_injured, 0.0 pedestrian_killed, Fair (Day), EDSA ""U"" turn slot  GMA-7  Quezon City",MMDA Road Safety Unit,,7fea1b2c-c7df-453d-ae74-a876df921c89,2015-10-26,01:30:00,,0,0,0,0,0,0,0,0,0,0,2015-10-26 9:30,Property,14.63381975,121.0444025,Rear-End
None,EDSA,None,None,"No Accident Factor, Rear-end, 0.0 drivers_injured, 0.0 drivers_killed, 0.0 passengers_injured, 0.0 passengers_killed, 0.0 pedestrian_injured, 0.0 pedestrian_killed, Fair (Day), EDSA ""U"" turn slot  Wilcon Depot  Quezon City",MMDA Road Safety Unit,,3c90bff3-d87e-49a4-95da-69d3e3817e7b,2015-09-17,02:20:00,,0,0,0,0,0,0,0,0,0,0,2015-09-17 10:20,Property,14.65755542,121.0075763,Rear-End
None,EDSA,None,None,"No Accident Factor, No Collision Stated (based on Police Blotter Book), 0.0 drivers_injured, 0.0 drivers_killed, 0.0 passengers_injured, 0.0 passengers_killed, 0.0 pedestrian_injured, 0.0 pedestrian_killed, Fair (Night), EDSA ""U"" turn slot  Shell Gas Station A. Samson  Quezon City",MMDA Road Safety Unit,,b2283ddb-5f5e-476a-b08b-f9b3d7b4a363,2015-08-29,15:45:00,,0,0,0,0,0,0,0,0,0,0,2015-08-29 23:45,Property,14.65755528,121.0075598,No Collision Stated
None,EDSA,None,None,"No Accident Factor, Side Swipe, 1.0 drivers_injured, 0.0 drivers_killed, 0.0 passengers_injured, 0.0 passengers_killed, 0.0 pedestrian_injured, 0.0 pedestrian_killed, Fair (Day), EDSA ""U"" turn slot  Waltermart  Quezon City",MMDA Road Safety Unit,,bf0efe55-591d-435e-b1f2-985c37d0d634,2015-08-17,03:15:00,,0,0,0,1,0,0,0,0,0,1,2015-08-17 11:15,Injury,14.65728237,121.0226308,Side Swipe
None,EDSA,None,None,"No Accident Factor, Rear-end, 0.0 drivers_injured, 0.0 drivers_killed, 0.0 passengers_injured, 0.0 passengers_killed, 0.0 pedestrian_injured, 0.0 pedestrian_killed, Fair (Day), EDSA ""U"" turn slot  Dario Bridge  Quezon City",MMDA Road Safety Unit,,9374d7e0-d9f4-4669-9f00-4615c631d562,2015-08-15,05:30:00,,0,0,0,0,0,0,0,0,0,0,2015-08-15 13:30,Property,14.65758284,121.0160831,Rear-End
None,EDSA,None,None,"No Accident Factor, Side Swipe, 0.0 drivers_injured, 0.0 drivers_killed, 0.0 passengers_injured, 0.0 passengers_killed, 0.0 pedestrian_injured, 0.0 pedestrian_killed, Fair (Day), EDSA ""U"" turn slot  Santolan Road Quezon City",MMDA Road Safety Unit,,7d983fd9-59ca-4e50-be72-9b212753f396,2015-08-05,09:05:00,,0,0,0,0,0,0,0,0,0,0,2015-08-05 17:05,Property,14.62058185,121.0505746,Side Swipe
None,EDSA,None,None,"No Accident Factor, Side Swipe, 0.0 drivers_injured, 0.0 drivers_killed, 0.0 passengers_injured, 0.0 passengers_killed, 0.0 pedestrian_injured, 0.0 pedestrian_killed, Fair (Day), EDSA ""U"" turn slot  Oliveros St.  Quezon City",MMDA Road Safety Unit,,619b3171-c306-40e4-9066-feba4e7a3bec,2015-07-25,05:30:00,,0,0,0,0,0,0,0,0,0,0,2015-07-25 13:30,Property,14.65741545,121.0075528,Side Swipe
None,EDSA,None,None,"No Accident Factor, Hit Object (No Object Stated), 0.0 drivers_injured, 0.0 drivers_killed, 0.0 passengers_injured, 0.0 passengers_killed, 0.0 pedestrian_injured, 0.0 pedestrian_killed, Fair (Day), EDSA ""U"" turn slot  Shell Gas Station Katipu  Quezon City",MMDA Road Safety Unit,,cffd9a0e-f64c-4244-a9d8-b3eae2667469,2015-07-24,23:30:00,,0,0,0,0,0,0,0,0,0,0,2015-07-25 7:30,Property,14.65765702,121.0162145,Hit Object
None,EDSA,None,None,"No Accident Factor, Rear-end, 0.0 drivers_injured, 0.0 drivers_killed, 0.0 passengers_injured, 0.0 passengers_killed, 0.0 pedestrian_injured, 0.0 pedestrian_killed, Fair (Night), EDSA ""U"" turn slot  GMA-7  Quezon City",MMDA Road Safety Unit,,d95b12d7-692d-4117-a74d-6d33d5d280ca,2015-07-24,12:00:00,,0,0,0,0,0,0,0,0,0,0,2015-07-24 20:00,Property,14.63381975,121.0444025,Rear-End
None,EDSA,None,None,"No Accident Factor, Rear-end, 0.0 drivers_injured, 0.0 drivers_killed, 0.0 passengers_injured, 0.0 passengers_killed, 0.0 pedestrian_injured, 0.0 pedestrian_killed, Fair (Day), EDSA ""U"" turn slot  Toyota North Edsa Quezon City",MMDA Road Safety Unit,,14d95368-b895-427c-bf69-1ab9dface115,2014-12-16,22:30:00,,0,0,0,0,0,0,0,0,0,0,2014-12-17 6:30,Property,14.6564795,121.0260665,Rear-End
None,EDSA,None,None,"No Accident Factor, No Collision Stated (based on Police Blotter Book), 1.0 drivers_injured, 0.0 drivers_killed, 0.0 passengers_injured, 0.0 passengers_killed, 0.0 pedestrian_injured, 0.0 pedestrian_killed, Fair (Night), EDSA ""U"" turn slot  Quezon Ave.  Quezon City",MMDA Road Safety Unit,,e9e9335d-4c24-42bb-9d66-0094f51f04fd,2014-12-09,10:20:00,,0,0,0,1,0,0,0,0,0,1,2014-12-09 18:20,Injury,14.64519046,121.0369485,No Collision Stated
None,EDSA,None,None,"No Accident Factor, No Collision Stated (based on Police Blotter Book), 0.0 drivers_injured, 0.0 drivers_killed, 0.0 passengers_injured, 0.0 passengers_killed, 0.0 pedestrian_injured, 0.0 pedestrian_killed, Fair (Day), EDSA ""U"" turn slot  Boni Serrano St. Quezon City",MMDA Road Safety Unit,,99bf9165-d115-4a98-8955-e0d31097ce1e,2014-12-02,03:10:00,,0,0,0,0,0,0,0,0,0,0,2014-12-02 11:10,Property,14.6564795,121.0260665,No Collision Stated
None,EDSA,None,None,"No Accident Factor, Side Swipe, 0.0 drivers_injured, 0.0 drivers_killed, 0.0 passengers_injured, 0.0 passengers_killed, 0.0 pedestrian_injured, 0.0 pedestrian_killed, Fair (Day), EDSA ""U"" turn slot  Gate 1 Camp Crame  Quezon City",MMDA Road Safety Unit,,0f0d1fc6-72f6-4371-b02f-99d634547a57,2014-12-02,00:30:00,,0,0,0,0,0,0,0,0,0,0,2014-12-02 8:30,Property,14.61036237,121.0552724,Side Swipe
None,EDSA,None,None,"No Accident Factor, Side Swipe, 0.0 drivers_injured, 0.0 drivers_killed, 0.0 passengers_injured, 0.0 passengers_killed, 0.0 pedestrian_injured, 0.0 pedestrian_killed, Fair (Day), EDSA ""U"" turn slot  Bansalangin  Quezon City",MMDA Road Safety Unit,,f9df8759-89b4-41a3-b5a0-274e9b8e96a6,2014-11-27,03:00:00,,0,0,0,0,0,0,0,0,0,0,2014-11-27 11:00,Property,14.65693345,121.0241241,Side Swipe
None,EDSA,None,None,"No Accident Factor, No Collision Stated (based on Police Blotter Book), 0.0 drivers_injured, 0.0 drivers_killed, 0.0 passengers_injured, 0.0 passengers_killed, 0.0 pedestrian_injured, 0.0 pedestrian_killed, Fair (Day), EDSA ""U"" turn slot West Triangle Quezon City",MMDA Road Safety Unit,,51e712c1-cbb5-4745-8917-9625713130d1,2014-11-24,09:15:00,,0,0,0,0,0,0,0,0,0,0,2014-11-24 17:15,Property,14.65359812,121.031397,Angle Impact
None,EDSA,None,None,"No Accident Factor, No Collision Stated (based on Police Blotter Book), 0.0 drivers_injured, 0.0 drivers_killed, 0.0 passengers_injured, 0.0 passengers_killed, 0.0 pedestrian_injured, 0.0 pedestrian_killed, Fair (Day), EDSA ""U"" turn slot West Triangle Quezon City",MMDA Road Safety Unit,,f868565c-8033-4aa2-8a2b-1213e8af46a6,2014-11-20,08:30:00,,0,0,0,0,0,0,0,0,0,0,2014-11-20 16:30,Property,14.65359812,121.031397,Angle Impact
None,EDSA,None,None,"No Accident Factor, No Collision Stated (based on Police Blotter Book), 0.0 drivers_injured, 0.0 drivers_killed, 0.0 passengers_injured, 0.0 passengers_killed, 0.0 pedestrian_injured, 0.0 pedestrian_killed, Fair (Night), Edsa U Turn Slot Brgy Ramon Magsaysay Quezon City",MMDA Road Safety Unit,,0b2d2a0c-e742-44d3-ad4f-e7d6498cdd0b,2014-05-29,11:40:00,,0,0,0,0,0,0,0,0,0,0,2014-05-29 19:40,Property,14.6564795,121.0260665,No Collision Stated