LOCATION_TEXT,ROAD,WEATHER,LIGHT,DESC,REPORTING_AGENCY,MAIN_CAUSE,INCIDENTDETAILS_ID,DATE_UTC,TIME_UTC,ADDRESS,killed_driver,killed_passenger,killed_pedestrian,injured_driver,injured_passenger,injured_pedestrian,killed_uncategorized,injured_uncategorized,killed_total,injured_total,DATETIME_PST,SEVERITY,Y,X,COLLISION_TYPE
None,EDSA,None,None,"No Accident Factor, No Collision Stated (based on Police Blotter Book), 0.0 drivers_injured, 0.0 drivers_killed, 0.0 passengers_injured, 0.0 passengers_killed, 0.0 pedestrian_injured, 0.0 pedestrian_killed, Fair (Day), Edsa U Turn Slot infront of Mcdo near Panay Avenue South Triangle Quezon City",MMDA Road Safety Unit,,11c7e386-d1b3-487d-bbd4-4c43adf323c3,2014-05-26,06:30:00,,0,0,0,0,0,0,0,0,0,0,2014-05-26 14:30,Property,14.6564795,121.0260665,Angle Impact
None,EDSA,None,None,"No Accident Factor, No Collision Stated (based on Police Blotter Book), 0.0 drivers_injured, 0.0 drivers_killed, 0.0 passengers_injured, 0.0 passengers_killed, 0.0 pedestrian_injured, 0.0 pedestrian_killed, Fair (Day), EDSA U Turn Slot near Quezon Avenue infront of Globe Asia Quezon City",MMDA Road Safety Unit,,27728240-6964-4349-ac8b-75114997ee19,2014-05-09,01:30:00,,0,0,0,0,0,0,0,0,0,0,2014-05-09 9:30,Property,14.64509437,121.0368954,No Collision Stated
None,EDSA,None,None,"No Accident Factor, No Collision Stated (based on Police Blotter Book), 1.0 drivers_injured, 0.0 drivers_killed, 2.0 passengers_injured, 0.0 passengers_killed, 0.0 pedestrian_injured, 0.0 pedestrian_killed, Fair (Day), EDSA U- Turn Slot  Mapagmahal Street  Quezon City",MMDA Road Safety Unit,,b2cab331-3d82-45f0-b9fb-d19eaec7ba92,2014-05-01,22:30:00,,0,0,0,1,2,0,0,0,0,3,2014-05-02 6:30,Injury,14.63182569,121.0455886,No Collision Stated
None,EDSA,None,None,"No Accident Factor, No Collision Stated (based on Police Blotter Book), 0.0 drivers_injured, 0.0 drivers_killed, 0.0 passengers_injured, 0.0 passengers_killed, 0.0 pedestrian_injured, 0.0 pedestrian_killed, Fair (Night), EDSA U Turn Slot infront of Iglesia Ni Cristo Quezon City",MMDA Road Safety Unit,,49d51eea-9605-4313-8e49-b548b59ef9f7,2014-04-24,21:30:00,,0,0,0,0,0,0,0,0,0,0,2014-04-25 5:30,Property,14.65727737,121.0226055,No Collision Stated
None,EDSA,None,None,"No Accident Factor, No Collision Stated (based on Police Blotter Book), 0.0 drivers_injured, 0.0 drivers_killed, 0.0 passengers_injured, 0.0 passengers_killed, 0.0 pedestrian_injured, 0.0 pedestrian_killed, Fair (Day), EDSA U Turn Slot infront of Trinoma Building Brgy Bagong Pagasa Quezon City",MMDA Road Safety Unit,,be8484d3-1048-42e1-a28a-aa01a6ab5238,2014-04-24,09:15:00,,0,0,0,0,0,0,0,0,0,0,2014-04-24 17:15,Property,14.65356439,121.0314177,No Collision Stated
None,EDSA,None,None,"No Accident Factor, No Collision Stated (based on Police Blotter Book), 0.0 drivers_injured, 0.0 drivers_killed, 0.0 passengers_injured, 0.0 passengers_killed, 0.0 pedestrian_injured, 0.0 pedestrian_killed, Fair (Night), EDSA U Turn Slot near Roosevelt Avenue Brgy Katipu Quezon City",MMDA Road Safety Unit,,b7e73441-ec3d-49fe-bd8e-5a5285978a91,2014-04-14,10:30:00,,0,0,0,0,0,0,0,0,0,0,2014-04-14 18:30,Property,14.6575632,121.0216984,No Collision Stated
None,EDSA,None,None,"No Accident Factor, No Collision Stated (based on Police Blotter Book), 0.0 drivers_injured, 0.0 drivers_killed, 0.0 passengers_injured, 0.0 passengers_killed, 0.0 pedestrian_injured, 0.0 pedestrian_killed, Fair (Day), Edsa U TURN Slot Iglesia Ni cristo Quezon City",MMDA Road Safety Unit,,c5d00dde-a9ff-4532-ad52-9d6666f8829c,2014-04-09,03:45:00,,0,0,0,0,0,0,0,0,0,0,2014-04-09 11:45,Property,14.65727737,121.0226055,No Collision Stated
None,EDSA,None,None,"No Accident Factor, No Collision Stated (based on Police Blotter Book), 0.0 drivers_injured, 0.0 drivers_killed, 0.0 passengers_injured, 0.0 passengers_killed, 0.0 pedestrian_injured, 0.0 pedestrian_killed, Fair (Day), EDSA U Turn Slot infront of 7-11 Panay Avenue South Triangle Quezon City",MMDA Road Safety Unit,,c43a1525-7495-4e6a-ba83-8ff03e8cf223,2014-04-01,01:00:00,,0,0,0,0,0,0,0,0,0,0,2014-04-01 9:00,Property,14.6564795,121.0260665,Angle Impact
None,EDSA,None,None,"No Accident Factor, No Collision Stated (based on Police Blotter Book), 0.0 drivers_injured, 0.0 drivers_killed, 0.0 passengers_injured, 0.0 passengers_killed, 0.0 pedestrian_injured, 0.0 pedestrian_killed, Fair (Day), EDSA U Turn Slot near Roosevelt Avenue Katipua Quezon City",MMDA Road Safety Unit,,5379e539-1145-4174-9d32-1004986fd6ab,2014-03-31,08:00:00,,0,0,0,0,0,0,0,0,0,0,2014-03-31 16:00,Property,14.6575632,121.0216984,No Collision Stated
None,EDSA,None,None,"No Accident Factor, No Collision Stated (based on Police Blotter Book), 0.0 drivers_injured, 0.0 drivers_killed, 0.0 passengers_injured, 0.0 passengers_killed, 0.0 pedestrian_injured, 0.0 pedestrian_killed, Fair (Day), EDSA U Turn Slot infront of Trinoma Building Brgy Bagong Pagasa Quezon City",MMDA Road Safety Unit,,a8b1db17-3a5e-40c0-b457-3506750b0ec1,2014-03-29,03:30:00,,0,0,0,0,0,0,0,0,0,0,2014-03-29 11:30,Property,14.65356439,121.0314177,No Collision Stated
None,EDSA,None,None,"No Accident Factor, No Collision Stated (based on Police Blotter Book), 0.0 drivers_injured, 0.0 drivers_killed, 0.0 passengers_injured, 0.0 passengers_killed, 0.0 pedestrian_injured, 0.0 pedestrian_killed, Fair (Day), EDSA U Turn Slot infront of Quezon City Academy Brgy Ramon Magsaysay Quezon City",MMDA Road Safety Unit,,663da3ba-c59f-4b20-9362-b1e503b982ed,2014-03-28,04:20:00,,0,0,0,0,0,0,0,0,0,0,2014-03-28 12:20,Property,14.65661292,121.0260653,No Collision Stated
None,EDSA,None,None,"No Accident Factor, Side Swipe, 0.0 drivers_injured, 0.0 drivers_killed, 0.0 passengers_injured, 0.0 passengers_killed, 0.0 pedestrian_injured, 0.0 pedestrian_killed, Fair (Day), Edsa U Turn Slot Aurora Blvd. Quezon City",MMDA Road Safety Unit,,f91232ab-c336-4809-8112-1422a4bad05f,2014-03-03,01:30:00,,0,0,0,0,0,0,0,0,0,0,2014-03-03 9:30,Property,14.6564795,121.0260665,Side Swipe
None,EDSA,None,None,"No Accident Factor, Side Swipe, 0.0 drivers_injured, 0.0 drivers_killed, 0.0 passengers_injured, 0.0 passengers_killed, 0.0 pedestrian_injured, 0.0 pedestrian_killed, Fair (Night), EDSA U turn Slot Fronting Iglesia Ni Cristo Quezon City",MMDA Road Safety Unit,,f8c8a7d5-7eba-45e6-a07f-8f678b9f03cc,2014-02-22,15:45:00,,0,0,0,0,0,0,0,0,0,0,2014-02-22 23:45,Property,14.65727737,121.0226055,Side Swipe
None,EDSA,None,None,"No Accident Factor, Side Swipe, 0.0 drivers_injured, 0.0 drivers_killed, 0.0 passengers_injured, 0.0 passengers_killed, 0.0 pedestrian_injured, 0.0 pedestrian_killed, Fair (Day), EDSA U Turn Slot near Camp Crame Gate 1 Quezon City",MMDA Road Safety Unit,,acf10a2c-e615-4434-bac1-7274e8c11903,2014-01-30,02:20:00,,0,0,0,0,0,0,0,0,0,0,2014-01-30 10:20,Property,14.6564795,121.0260665,Side Swipe
None,EDSA,None,None,"No Accident Factor, Side Swipe, 0.0 drivers_injured, 0.0 drivers_killed, 0.0 passengers_injured, 0.0 passengers_killed, 0.0 pedestrian_injured, 0.0 pedestrian_killed, Fair (Day), EDSA U Turn Slot Nueva Vizcaya St. fronting Red Central Car Quezon City",MMDA Road Safety Unit,,a7a14089-e034-4b0c-9a8f-78c64f1c698a,2013-09-14,02:30:00,,0,0,0,0,0,0,0,0,0,0,2013-09-14 10:30,Property,14.6564795,121.0260665,Side Swipe
None,EDSA,None,None,"No Accident Factor, No Collision Stated (based on Police Blotter Book), 0.0 drivers_injured, 0.0 drivers_killed, 0.0 passengers_injured, 0.0 passengers_killed, 0.0 pedestrian_injured, 0.0 pedestrian_killed, Fair (Day), EDSA U Turn Slot North Ave., Bgy. Pag-asa Quezon City",MMDA Road Safety Unit,,2d503a70-4cff-439a-af0d-0852664e9c2c,2013-09-05,06:25:00,,0,0,0,0,0,0,0,0,0,0,2013-09-05 14:25,Property,14.6564795,121.0260665,No Collision Stated
None,EDSA,None,None,"No Accident Factor, No Collision Stated (based on Police Blotter Book), 1.0 drivers_injured, 0.0 drivers_killed, 1.0 passengers_injured, 0.0 passengers_killed, 0.0 pedestrian_injured, 0.0 pedestrian_killed, Fair (Day), EDSA U Turn Slot fronting Trinoma Mall Quezon City",MMDA Road Safety Unit,,6636254d-6862-4c3a-b0f8-a0e168054e14,2013-09-04,05:30:00,,0,0,0,1,1,0,0,0,0,2,2013-09-04 13:30,Injury,14.65356439,121.0314177,No Collision Stated
None,EDSA,None,None,"No Accident Factor, No Collision Stated (based on Police Blotter Book), 0.0 drivers_injured, 0.0 drivers_killed, 0.0 passengers_injured, 0.0 passengers_killed, 0.0 pedestrian_injured, 0.0 pedestrian_killed, Fair (Day), EDSA U Turn Slot fronting Trinoma Mall, Bgy. Pag-asa Quezon City",MMDA Road Safety Unit,,f92317f5-e4b6-4b60-8e06-a4018cd9704e,2013-09-02,22:20:00,,0,0,0,0,0,0,0,0,0,0,2013-09-03 6:20,Property,14.65356439,121.0314177,No Collision Stated
None,EDSA,None,None,"No Accident Factor, No Collision Stated (based on Police Blotter Book), 0.0 drivers_injured, 0.0 drivers_killed, 0.0 passengers_injured, 0.0 passengers_killed, 0.0 pedestrian_injured, 0.0 pedestrian_killed, Fair (Day), EDSA U Turn Slot fronting Trinoma Mall Quezon City",MMDA Road Safety Unit,,9cd22719-dc41-4f97-acad-316de5f991de,2013-09-02,03:30:00,,0,0,0,0,0,0,0,0,0,0,2013-09-02 11:30,Property,14.65356439,121.0314177,No Collision Stated
None,EDSA,None,None,"No Accident Factor, No Collision Stated (based on Police Blotter Book), 0.0 drivers_injured, 0.0 drivers_killed, 0.0 passengers_injured, 0.0 passengers_killed, 0.0 pedestrian_injured, 0.0 pedestrian_killed, Fair (Day), EDSA U Turn Slot Centris Quezon City",MMDA Road Safety Unit,,9b8eb639-5c59-4c0d-ae7f-4e2d6077eaa8,2013-08-10,06:10:00,,0,0,0,0,0,0,0,0,0,0,2013-08-10 14:10,Property,14.6564795,121.0260665,No Collision Stated
None,EDSA,None,None,"No Accident Factor, Side Swipe, 0.0 drivers_injured, 0.0 drivers_killed, 0.0 passengers_injured, 0.0 passengers_killed, 0.0 pedestrian_injured, 0.0 pedestrian_killed, Fair (Night), EDSA U Turn Slot fronting GMA 7 Quezon City",MMDA Road Safety Unit,,dc68cd21-a9c9-4744-85a3-4c4047a96b0e,2013-07-26,12:45:00,,0,0,0,0,0,0,0,0,0,0,2013-07-26 20:45,Property,14.6564795,121.0260665,Side Swipe
None,EDSA,None,None,"No Accident Factor, No Collision Stated (based on Police Blotter Book), 0.0 drivers_injured, 0.0 drivers_killed, 0.0 passengers_injured, 0.0 passengers_killed, 0.0 pedestrian_injured, 0.0 pedestrian_killed, Fair (Night), EDSA ""U"" turn slot Oliveros, Bgy. Apolonio Samson Quezon City",MMDA Road Safety Unit,,8d583de2-e075-4869-8edc-a1301aabc50c,2013-05-24,19:00:00,,0,0,0,0,0,0,0,0,0,0,2013-05-25 3:00,Property,14.65747489,121.0075276,No Collision Stated
None,EDSA,None,None,"No Accident Factor, Rear-end, 0.0 drivers_injured, 0.0 drivers_killed, 0.0 passengers_injured, 0.0 passengers_killed, 0.0 pedestrian_injured, 0.0 pedestrian_killed, Fair (Day), Edsa U Turn Slot  Fronting Quezon City Academay Quezon City",MMDA Road Safety Unit,,98e3de14-0d5e-4c40-9a37-b1520984977f,2013-04-20,03:30:00,,0,0,0,0,0,0,0,0,0,0,2013-04-20 11:30,Property,14.65661292,121.0260653,Rear-End
None,EDSA,None,None,"No Accident Factor, No Collision Stated (based on Police Blotter Book), 0.0 drivers_injured, 0.0 drivers_killed, 0.0 passengers_injured, 0.0 passengers_killed, 0.0 pedestrian_injured, 0.0 pedestrian_killed, Fair (Night), Edsa U turn slot  Oliveros St. Brgy. A. Samson Quezon City",MMDA Road Safety Unit,,dcfcb351-f44a-41a9-a38a-7bca5c2de4ba,2012-11-24,21:30:00,,0,0,0,0,0,0,0,0,0,0,2012-11-25 5:30,Property,14.65745713,121.007583,No Collision Stated
None,EDSA,None,None,"No Accident Factor, No Collision Stated (based on Police Blotter Book), 0.0 drivers_injured, 0.0 drivers_killed, 0.0 passengers_injured, 0.0 passengers_killed, 0.0 pedestrian_injured, 0.0 pedestrian_killed, Fair (Night), Edsa U Turn slot  Fronting INC Brgy. Sto. Cristo Quezon City",MMDA Road Safety Unit,,dd5e627c-841d-4c4e-b082-0c2c9e8b8caf,2012-11-20,12:30:00,,0,0,0,0,0,0,0,0,0,0,2012-11-20 20:30,Property,14.6564795,121.0260665,No Collision Stated
None,EDSA,None,None,"No Accident Factor, Rear-end, 0.0 drivers_injured, 0.0 drivers_killed, 0.0 passengers_injured, 0.0 passengers_killed, 0.0 pedestrian_injured, 0.0 pedestrian_killed, Fair (Day), Edsa U turn slot  Fronting Phil Am Subd. Quezon City",MMDA Road Safety Unit,,0821b494-1e20-4abe-979e-7b62cf3f3375,2012-11-19,01:15:00,,0,0,0,0,0,0,0,0,0,0,2012-11-19 9:15,Property,14.65203764,121.0323442,Rear-End
None,EDSA,None,None,"No Accident Factor, Side Swipe, 0.0 drivers_injured, 0.0 drivers_killed, 0.0 passengers_injured, 0.0 passengers_killed, 0.0 pedestrian_injured, 0.0 pedestrian_killed, Fair (Day), EDSA u turn slot Col. B. Serrano St. Quezon City",MMDA Road Safety Unit,,c3eb597d-c902-419e-a508-42ecc3fbd82d,2012-11-09,07:20:00,,0,0,0,0,0,0,0,0,0,0,2012-11-09 15:20,Property,14.6564795,121.0260665,Side Swipe
None,EDSA,None,None,"No Accident Factor, No Collision Stated (based on Police Blotter Book), 0.0 drivers_injured, 0.0 drivers_killed, 0.0 passengers_injured, 0.0 passengers_killed, 0.0 pedestrian_injured, 0.0 pedestrian_killed, Fair (Day), EDSA U Turn slot fronting Go Soc & Son's , Brgy. A. Samson Quezon City",MMDA Road Safety Unit,,9803e2ee-f8d2-48e6-92db-772c90c2078b,2012-10-18,01:45:00,,0,0,0,0,0,0,0,0,0,0,2012-10-18 9:45,Property,14.6564795,121.0260665,No Collision Stated
None,EDSA,None,None,"No Accident Factor, Hit and Run (No Collision Stated), 0.0 drivers_injured, 0.0 drivers_killed, 0.0 passengers_injured, 0.0 passengers_killed, 0.0 pedestrian_injured, 0.0 pedestrian_killed, Fair (Day), Edsa U Turn Slot  B. Serrano Ave. Quezon City",MMDA Road Safety Unit,,5b611be1-1c6b-4327-9f14-0fb84a876425,2012-09-25,04:25:00,,0,0,0,0,0,0,0,0,0,0,2012-09-25 12:25,Property,14.6564795,121.0260665,No Collision Stated
None,EDSA,None,None,"No Accident Factor, No Collision Stated (based on Police Blotter Book), 0.0 drivers_injured, 0.0 drivers_killed, 0.0 passengers_injured, 0.0 passengers_killed, 0.0 pedestrian_injured, 0.0 pedestrian_killed, Fair (Day), EDSA U-Turn Slot  MRT Station Brgy. Bagong Pag-Asa Quezon City",MMDA Road Safety Unit,,30f26fde-4831-4e6f-8333-d20d76f97dd1,2012-05-29,00:30:00,,0,0,0,0,0,0,0,0,0,0,2012-05-29 8:30,Property,14.65207943,121.0323377,No Collision Stated
None,EDSA,None,None,"No Accident Factor, No Collision Stated (based on Police Blotter Book), 0.0 drivers_injured, 0.0 drivers_killed, 0.0 passengers_injured, 0.0 passengers_killed, 0.0 pedestrian_injured, 0.0 pedestrian_killed, Fair (Day), EDSA U-Turn Slot  Near Wilcon Home Depot Quezon City",MMDA Road Safety Unit,,5dfe1fde-afef-4738-aab0-83961f0b02d9,2012-05-24,07:45:00,,0,0,0,0,0,0,0,0,0,0,2012-05-24 15:45,Property,14.65773417,121.016708,No Collision Stated
None,EDSA,None,None,"No Accident Factor, No Collision Stated (based on Police Blotter Book), 0.0 drivers_injured, 0.0 drivers_killed, 0.0 passengers_injured, 0.0 passengers_killed, 0.0 pedestrian_injured, 0.0 pedestrian_killed, Fair (Day), EDSA U-Turn Slot  Fronting Quezon City Academy Quezon City",MMDA Road Safety Unit,,05afb526-e4bc-4cf0-b607-893ff695b616,2012-05-22,07:20:00,,0,0,0,0,0,0,0,0,0,0,2012-05-22 15:20,Property,14.65661292,121.0260653,No Collision Stated
None,EDSA,None,None,"Unknown, Side Swipe, 0.0 drivers_injured, 0.0 drivers_killed, 0.0 passengers_injured, 0.0 passengers_killed, 0.0 pedestrian_injured, 0.0 pedestrian_killed, Dry, EDSA ""U"" turn slot near Roosevelt Ave. Quezon City",MMDA Road Safety Unit,,4f81d47d-c559-4642-8dfa-1c19904f5eab,2007-04-02,07:00:00,,0,0,0,0,0,0,0,0,0,0,2007-04-02 15:00,Property,14.65775502,121.0196864,Side Swipe
None,EDSA,None,None,"No Accident Factor, No Collision Stated (based on Police Blotter Book), 0.0 drivers_injured, 0.0 drivers_killed, 0.0 passengers_injured, 0.0 passengers_killed, 0.0 pedestrian_injured, 0.0 pedestrian_killed, Fair (Night), EDSA SM Annex Brgy Ramon Magsaysay Quezon City",MMDA Road Safety Unit,,02018266-8ea6-4bcb-835e-6fbbb268dea0,2014-01-10,11:30:00,,0,0,0,0,0,0,0,0,0,0,2014-01-10 19:30,Property,14.65610414,121.0282249,No Collision Stated
None,EDSA,None,None,"No Accident Factor, No Collision Stated (based on Police Blotter Book), 0.0 drivers_injured, 0.0 drivers_killed, 0.0 passengers_injured, 0.0 passengers_killed, 0.0 pedestrian_injured, 0.0 pedestrian_killed, Fair (Day), EDSA SM Annex Bgy.Ramon Magsaysay Quezon City",MMDA Road Safety Unit,,a9bfe6af-1fa2-445f-b173-e26adc73d867,2013-06-11,04:00:00,,0,0,0,0,0,0,0,0,0,0,2013-06-11 12:00,Property,14.65610414,121.0282249,No Collision Stated
None,EDSA,None,None,"No Accident Factor, No Collision Stated (based on Police Blotter Book), 0.0 drivers_injured, 0.0 drivers_killed, 0.0 passengers_injured, 0.0 passengers_killed, 0.0 pedestrian_injured, 0.0 pedestrian_killed, Fair (Night), EDSA SM Annex Misamis St. Brgy.R.Magsaysay Quezon City",MMDA Road Safety Unit,,9511fe53-ce2d-41cd-b075-1a650ffb357c,2012-09-09,11:30:00,,0,0,0,0,0,0,0,0,0,0,2012-09-09 19:30,Property,14.65610414,121.0282249,No Collision Stated
None,EDSA,None,None,"No Accident Factor, Side Swipe, 0.0 drivers_injured, 0.0 drivers_killed, 0.0 passengers_injured, 0.0 passengers_killed, 0.0 pedestrian_injured, 0.0 pedestrian_killed, Fair (Day), EDSA Waltermart  Quezon City",MMDA Road Safety Unit,,d2313b83-37dd-45a9-a833-1ec875aebe37,2015-12-02,23:30:00,,0,0,0,0,0,0,0,0,0,0,2015-12-03 7:30,Property,14.65764557,121.0212558,Side Swipe
None,EDSA,None,None,"No Accident Factor, Side Swipe, 0.0 drivers_injured, 0.0 drivers_killed, 0.0 passengers_injured, 0.0 passengers_killed, 0.0 pedestrian_injured, 0.0 pedestrian_killed, Fair (Day), EDSA Waltermart  Quezon City",MMDA Road Safety Unit,,fc7c8e3d-b5f4-4ab2-9a1b-d0b5235aa9d0,2014-11-15,08:30:00,,0,0,0,0,0,0,0,0,0,0,2014-11-15 16:30,Property,14.65764557,121.0212558,Side Swipe
None,EDSA,None,None,"No Accident Factor, No Collision Stated (based on Police Blotter Book), 0.0 drivers_injured, 0.0 drivers_killed, 0.0 passengers_injured, 0.0 passengers_killed, 0.0 pedestrian_injured, 0.0 pedestrian_killed, Fair (Day), Walter Mart EDSA Brgy. Veterans Quezon City",MMDA Road Safety Unit,,90e73358-5025-4eb7-8b8f-dd09b79398bb,2014-05-16,05:30:00,,0,0,0,0,0,0,0,0,0,0,2014-05-16 13:30,Property,14.65754994,121.021133,No Collision Stated
"WalterMart North EDSA, EDSA, Phil-Am, Quezon City, District I, Quezon City, Metro Manila, 1105, Philippines",EDSA,partly-cloudy-day,day,BUMPED FROM BEHIND,MMDA Metrobase,,aadb3192-22aa-4fa2-a388-a9d411675d2b,2016-10-28,03:26:03,,0,0,0,0,0,0,0,0,0,0,2016-10-28 11:26,Property,14.65712551,121.0215712,Rear-End
"WalterMart North EDSA, EDSA, Phil-Am, Quezon City, District I, Quezon City, Metro Manila, 1105, Philippines",EDSA,rain,day,BUMPED FROM BEHIND,Other,,c622d5d4-8eb3-4886-9f4a-7a658e45a51e,2016-10-15,04:15:20,,0,0,0,0,0,0,0,0,0,0,2016-10-15 12:15,Property,14.6573331,121.0210133,Rear-End
"WalterMart North EDSA, EDSA, Phil-Am, Quezon City, District I, Quezon City, Metro Manila, 1105, Philippines",EDSA,clear-day,day,BUMPED FROM BEHIND,MMDA Metrobase,,ca665c98-0aa3-4fd9-bfc4-e433df822a9e,2016-10-28,03:57:10,,0,0,0,0,0,0,0,0,0,0,2016-10-28 11:57,Property,14.6573331,121.0215068,Rear-End
"WalterMart North EDSA, EDSA, Phil-Am, Quezon City, District I, Quezon City, Metro Manila, 1105, Philippines",EDSA,rain,day,BUMPED FROM BEHIND,Other,,ec75625c-b6f0-4868-96d2-8c2b4dcf5c1e,2016-10-15,03:40:47,,0,0,0,0,0,0,0,0,0,0,2016-10-15 11:40,Property,14.65741614,121.0210991,Rear-End
"WalterMart North EDSA, EDSA, Phil-Am, Quezon City, District I, Quezon City, Metro Manila, 1105, Philippines",EDSA,clear-day,day,BUMPED FROM BEHIND,MMDA Metrobase,,5a66994e-a400-4b23-be8e-c3db3ecda670,2016-10-22,01:48:17,,0,0,0,0,0,0,0,0,0,0,2016-10-22 9:48,Property,14.65742652,121.0212171,Rear-End
"Lemon Square, EDSA, Bellevue, Apolonio Samson, Quezon City, District VI, Quezon City, Metro Manila, 1106, Philippines",EDSA,rain,night,Multiple Collision,Other,,6600d7cf-4643-400a-bd42-d7102e454467,2016-09-30,11:32:40,,0,0,0,0,0,0,0,0,0,0,2016-09-30 19:32,Property,14.65744728,121.0175478,Multiple
"Rosas Travellers Inn, EDSA, Bellevue, Apolonio Samson, Quezon City, District VI, Quezon City, Metro Manila, 1106, Philippines",EDSA,partly-cloudy-night,night,BUMP FROM BEHIND (MOTORCYCLE DRIVER INJURED),MMDA Metrobase,,bda93274-4020-4e81-9177-8b5a27dfeda0,2016-11-10,20:15:11,,0,0,0,0,0,0,0,1,0,1,2016-11-11 4:15,Injury,14.65750956,121.0187066,Rear-End
MUNOZ EDSA SOUTH BOUND,EDSA,rain,night,MOTORCYCLE DRIVER INJURED,Other,,e9b4b2bc-86bc-4d2d-9a13-3d42554dec1f,2016-10-19,16:18:47,,0,0,0,0,0,0,0,1,0,1,2016-10-20 0:18,Injury,14.65750956,121.0197258,Side Swipe
"Muñoz Northbound, Dangay, Veterans Village, Quezon City, District I, Quezon City, Metro Manila, 1105, Philippines",EDSA,partly-cloudy-night,night,Self Accident,MMDA Metrobase,,dcd21e37-e98c-41f6-9d75-61b4151c032a,2016-10-22,13:16:00,,0,0,0,0,0,0,0,0,0,0,2016-10-22 21:16,Property,14.65758222,121.0204124,Self-Accident
"JP Munoz, EDSA, Bagong Pag-asa, Bago Bantay, District I, Quezon City, Metro Manila, 1105, Philippines",EDSA,partly-cloudy-day,day,BUMPED FROM BEHIND,Other,,9d29987b-0191-4879-98ec-7a0c4f3bc243,2016-10-06,22:14:43,,0,0,0,0,0,0,0,0,0,0,2016-10-07 6:14,Property,14.65767563,121.021024,Rear-End
"Security Bank, EDSA, Bagong Pag-asa, Bago Bantay, District I, Quezon City, Metro Manila, 1105, Philippines",EDSA,clear-day,day,BUMPED FROM BEHIND,MMDA Metrobase,,b7e00329-b800-42ed-98b5-a484c7e166a9,2016-11-02,01:04:47,,0,0,0,0,0,0,0,0,0,0,2016-11-02 9:04,Property,14.65771436,121.019788,Rear-End
"Congressional Shopping Arcade, EDSA, Bagong Pag-asa, Bago Bantay, District I, Quezon City, Metro Manila, 1105, Philippines",EDSA,clear-day,day,BUMPED FROM BEHIND,Other,,d01d578a-3bf5-41df-b8e4-4a17e3e12636,2016-10-01,02:28:28,,0,0,0,0,0,0,0,0,0,0,2016-10-01 10:28,Property,14.65773791,121.0200584,Rear-End
"Cul Transport, Ermin Garcia, E. Rodriguez, Quezon City, District III, Quezon City, Metro Manila, 1102, Philippines",EDSA,rain,day,MULTIPLE COLLISION,Other,,63f2fc44-9aa4-42c0-abc7-8a051ebc01e5,2016-10-15,23:29:09,,0,0,0,0,0,0,0,1,0,1,2016-10-16 7:29,Injury,14.62731301,121.0475993,Multiple
"Pinagkaisahan Ecology Center, EDSA, Cubao, District IV, Quezon City, Metro Manila, 1109, Philippines",EDSA,clear-day,day,MULTIPLE COLLISION,MMDA Metrobase,,0ac3e409-5bd3-42e9-856c-bd3b69982686,2016-12-28,04:12:48,,0,0,0,0,0,0,0,0,0,0,2016-12-28 12:12,Property,14.62801892,121.0469556,Multiple
"NEPA Q-Mart, Ermin Garcia, E. Rodriguez, Cubao, District III, Quezon City, Metro Manila, 1102, Philippines",EDSA,rain,day,Bumped from Behind,MMDA Metrobase,,e09fd35a-1ade-46ed-b70c-0031c34dd701,2016-12-26,06:52:32,,0,0,0,0,0,0,0,0,0,0,2016-12-26 14:52,Property,14.62808121,121.0472345,Rear-End
"Quezon City Library - Cubao, K-3rd, Kamuning, Quezon City, District IV, Quezon City, Metro Manila, 1103, Philippines",EDSA,clear-night,night,Sumampa sa Gutter,MMDA Metrobase,,55df276f-716d-4856-8c79-0ebe31d6ac4f,2016-11-09,11:23:46,,0,0,0,0,0,0,0,1,0,1,2016-11-09 19:23,Injury,14.6291816,121.0467196,Self-Accident
"F. F. Cruz, EDSA, West Kamias, Quezon City, District III, Quezon City, Metro Manila, 1103, Philippines",EDSA,partly-cloudy-day,day,MULTIPLE COLLISION,MMDA Metrobase,,b0eea9b2-1f50-42a8-8571-166d19696d8b,2016-11-04,04:02:30,,0,0,0,0,0,0,0,0,0,0,2016-11-04 12:02,Property,14.62943074,121.0466337,Side Swipe
"Chowking, Kamuning Road, Kamuning, Quezon City, District IV, Quezon City, Metro Manila, 1103, Philippines",EDSA,partly-cloudy-day,day,TRIPLE COLLISION,Other,,306ef64c-4152-4c9a-aa15-9866ea63a104,2016-10-05,00:40:56,,0,0,0,0,0,0,0,0,0,0,2016-10-05 8:40,Property,14.63044808,121.0459042,Multiple
"Florida Bus, EDSA, West Kamias, Quezon City, District III, Quezon City, Metro Manila, 1103, Philippines",EDSA,partly-cloudy-night,night,(+) Injured,MMDA Metrobase,,c1d1d433-f6f8-49c2-be7e-e99266cd4b05,2016-11-22,13:19:49,,0,0,0,0,0,0,0,1,0,1,2016-11-22 21:19,Injury,14.63057265,121.0461724,No Collision Stated
"Chowking, Kamuning Road, Kamuning, Quezon City, District IV, Quezon City, Metro Manila, 1103, Philippines",EDSA,clear-day,day,BUMPED FROM BEHIND,Other,,c3bd4b28-eb2f-4bf7-aa9f-a14f44857ee9,2016-10-07,00:09:09,,0,0,0,0,0,0,0,0,0,0,2016-10-07 8:09,Property,14.63064532,121.0457861,Rear-End