LOCATION_TEXT,ROAD,WEATHER,LIGHT,DESC,REPORTING_AGENCY,MAIN_CAUSE,INCIDENTDETAILS_ID,DATE_UTC,TIME_UTC,ADDRESS,killed_driver,killed_passenger,killed_pedestrian,injured_driver,injured_passenger,injured_pedestrian,killed_uncategorized,injured_uncategorized,killed_total,injured_total,DATETIME_PST,SEVERITY,Y,X,COLLISION_TYPE
"Chowking, Kamuning Road, Kamuning, Quezon City, District IV, Quezon City, Metro Manila, 1103, Philippines",EDSA,rain,day,BUMPEP FROM BEHIND,Other,,79dfc0b7-9f42-459e-abe2-9a6849a75dd5,2016-10-15,02:57:08,,0,0,0,0,0,0,0,0,0,0,2016-10-15 10:57,Property,14.6306557,121.045754,Rear-End
"Chowking, Kamuning Road, Kamuning, Quezon City, District IV, Quezon City, Metro Manila, 1103, Philippines",EDSA,clear-day,day,BUMPED FROM BEHIND,Other,,97a323a7-e4bf-4420-a0f7-36819f029367,2016-10-14,02:43:13,,0,0,0,0,0,0,0,0,0,0,2016-10-14 10:43,Property,14.6306557,121.0458183,Rear-End
"Chowking, Kamuning Road, Kamuning, Quezon City, District IV, Quezon City, Metro Manila, 1103, Philippines",EDSA,rain,day,MULTIPLE COLLISION,MMDA Metrobase,,34a39cdb-ea52-4ff0-8fe4-31376f0cf9ea,2016-11-01,02:01:04,,0,0,0,0,0,0,0,0,0,0,2016-11-01 10:01,Property,14.6306557,121.0458398,Rear-End
"Mercury Drug West Kamias EDSA, 2, Kamias Road, Teachers Village, Cubao, Quezon City, Metro Manila, 1103, Philippines",EDSA,clear-day,day,BUMPED FROM BEHIND,MMDA Metrobase,,ed65f055-afe7-4693-8dc8-e26c07d208da,2016-10-31,00:43:12,,0,0,0,0,0,0,0,0,0,0,2016-10-31 8:43,Property,14.63068684,121.0460114,Rear-End
None,EDSA,None,None,"No Accident Factor, No Collision Stated (based on Police Blotter Book), 0.0 drivers_injured, 0.0 drivers_killed, 0.0 passengers_injured, 0.0 passengers_killed, 0.0 pedestrian_injured, 0.0 pedestrian_killed, Fair (Day), Edsa and Kamias  Fronting Jollibee Fast Food Quezon City",MMDA Road Safety Unit,,2e2861e1-5ab0-47ea-b3ef-f054f6533225,2013-03-04,05:15:00,,0,0,0,0,0,0,0,0,0,0,2013-03-04 13:15,Property,14.63104551,121.0459455,No Collision Stated
"Mercury Drug West Kamias EDSA, 2, Kamias Road, Teachers Village, Cubao, Quezon City, Metro Manila, 1103, Philippines",EDSA,clear-day,day,(+)INJURED,MMDA Metrobase,,6fdc1563-fa67-4b8b-8776-94dbeec470bf,2016-10-26,00:54:20,,0,0,0,0,0,0,0,1,0,1,2016-10-26 8:54,Injury,14.63073875,121.0460329,Side Swipe
None,EDSA,None,None,"Unknown, Hit and Run (No Collision Stated), 0.0 drivers_injured, 0.0 drivers_killed, 0.0 passengers_injured, 0.0 passengers_killed, 0.0 pedestrian_injured, 0.0 pedestrian_killed, Fair, kamuning Road  Quezon City",MMDA Road Safety Unit,,529a01f4-c25d-4f12-8839-0bb1d2443902,2010-11-29,01:00:00,,0,0,0,0,0,0,0,0,0,0,2010-11-29 9:00,Property,14.63083012,121.0459151,No Collision Stated
None,EDSA,None,None,"Unknown, Hit and Run (No Collision Stated), 0.0 drivers_injured, 0.0 drivers_killed, 0.0 passengers_injured, 0.0 passengers_killed, 0.0 pedestrian_injured, 0.0 pedestrian_killed, Dry, kamuning road Edsa / Chowking Parking Quezon City",MMDA Road Safety Unit,,ad6eae2a-61a4-47e9-a2c1-22dbbdd87502,2008-11-04,06:00:00,,0,0,0,0,0,0,0,0,0,0,2008-11-04 14:00,Property,14.63083012,121.0459151,No Collision Stated
"Mercury Drug, EDSA, Sacred Heart, Quezon City, District IV, Quezon City, Metro Manila, 1100, Philippines",EDSA,clear-day,day,MULTIPLE COLLISION,MMDA Metrobase,,49f23e78-e5ba-49c9-9dc5-65e0e289c84a,2016-10-22,01:26:05,,0,0,0,0,0,0,0,0,0,0,2016-10-22 9:26,Property,14.63088408,121.0456467,Rear-End
"Victory Liner, EDSA, Pinyahan, Quezon City, District IV, Quezon City, Metro Manila, 1100, Philippines",EDSA,rain,day,(+) Injured,Other,,edf48130-9c19-464f-88fc-517661cdb6f1,2016-10-04,09:41:35,,0,0,0,0,0,0,0,1,0,1,2016-10-04 17:41,Injury,14.63253464,121.045239,No Collision Stated
"MMDA Timog Base, Timog/Kamuning Flyover, Sacred Heart, Quezon City, District IV, Quezon City, Metro Manila, 1100, Philippines",EDSA,clear-day,day,MULTIPLE COLLISION,MMDA Metrobase,,38adbc25-2400-4eab-a542-9d0dac935d99,2016-11-18,02:58:50,,0,0,0,0,0,0,0,0,0,0,2016-11-18 10:58,Property,14.63298102,121.0449815,Rear-End
None,EDSA,None,None,"No Accident Factor, Hit Object (No Object Stated), 0.0 drivers_injured, 0.0 drivers_killed, 0.0 passengers_injured, 0.0 passengers_killed, 0.0 pedestrian_injured, 0.0 pedestrian_killed, Fair (Day), Timog Ave.  EDSA Bgy. Sacred Heart  Quezon City",MMDA Road Safety Unit,,2841c9da-b45b-426c-85d2-66ef632110d4,2014-06-14,05:45:00,,0,0,0,0,0,0,0,0,0,0,2014-06-14 13:45,Property,14.6332242,121.0448694,Hit Object
None,EDSA,None,None,"No Accident Factor, No Collision Stated (based on Police Blotter Book), 0.0 drivers_injured, 0.0 drivers_killed, 0.0 passengers_injured, 0.0 passengers_killed, 0.0 pedestrian_injured, 0.0 pedestrian_killed, Fair (Day), Timog Ave. Epifanio Delos Santos Avenue  Quezon City",MMDA Road Safety Unit,,612087b0-11c4-41c8-afb6-dbdbf92efbd2,2014-05-03,02:15:00,,0,0,0,0,0,0,0,0,0,0,2014-05-03 10:15,Property,14.6332242,121.0448694,No Collision Stated
None,EDSA,None,None,"No Accident Factor, No Collision Stated (based on Police Blotter Book), 0.0 drivers_injured, 0.0 drivers_killed, 0.0 passengers_injured, 0.0 passengers_killed, 0.0 pedestrian_injured, 0.0 pedestrian_killed, Fair (Day), Timog Ave. Epifanio Delos Santos Avenue Quezon City",MMDA Road Safety Unit,,8990fa52-09a6-4da6-9d31-7dd8f9bd5256,2014-02-24,07:00:00,,0,0,0,0,0,0,0,0,0,0,2014-02-24 15:00,Property,14.6332242,121.0448694,No Collision Stated
None,EDSA,None,None,"No Accident Factor, No Collision Stated (based on Police Blotter Book), 0.0 drivers_injured, 0.0 drivers_killed, 0.0 passengers_injured, 0.0 passengers_killed, 0.0 pedestrian_injured, 0.0 pedestrian_killed, Fair (Day), Timog Ave. EDSA Quezon City",MMDA Road Safety Unit,,caa23b66-c53e-430b-9105-d3de45ed7a7e,2014-01-25,04:05:00,,0,0,0,0,0,0,0,0,0,0,2014-01-25 12:05,Property,14.6332242,121.0448694,No Collision Stated
None,EDSA,None,None,"No Accident Factor, No Collision Stated (based on Police Blotter Book), 0.0 drivers_injured, 0.0 drivers_killed, 0.0 passengers_injured, 0.0 passengers_killed, 0.0 pedestrian_injured, 0.0 pedestrian_killed, Fair (Day), Timog Ave. EDSA Quezon City",MMDA Road Safety Unit,,aa89c2d4-83be-4735-abcd-d5b65e80572d,2014-01-24,06:30:00,,0,0,0,0,0,0,0,0,0,0,2014-01-24 14:30,Property,14.6332242,121.0448694,No Collision Stated
None,EDSA,None,None,"No Accident Factor, Side Swipe, 0.0 drivers_injured, 0.0 drivers_killed, 0.0 passengers_injured, 0.0 passengers_killed, 0.0 pedestrian_injured, 0.0 pedestrian_killed, Fair (Day), Timog Ave. EDSA Bldg. Quezon City",MMDA Road Safety Unit,,8937940c-7ceb-4088-9e89-b92d0f8cb074,2014-01-20,23:30:00,,0,0,0,0,0,0,0,0,0,0,2014-01-21 7:30,Property,14.6332242,121.0448694,Side Swipe
None,EDSA,None,None,"No Accident Factor, Side Swipe, 0.0 drivers_injured, 0.0 drivers_killed, 0.0 passengers_injured, 0.0 passengers_killed, 0.0 pedestrian_injured, 0.0 pedestrian_killed, Fair (Day), Timog Ave.  EDSA  Quezon City",MMDA Road Safety Unit,,b5620a4e-1c65-4979-8373-dbca664a9470,2013-12-21,06:45:00,,0,0,0,0,0,0,0,0,0,0,2013-12-21 14:45,Property,14.6332242,121.0448694,Side Swipe
None,EDSA,None,None,"No Accident Factor, No Collision Stated (based on Police Blotter Book), 0.0 drivers_injured, 0.0 drivers_killed, 0.0 passengers_injured, 0.0 passengers_killed, 0.0 pedestrian_injured, 0.0 pedestrian_killed, Fair (Night), Timog Avenue  Near EDSA (SB)  Quezon City",MMDA Road Safety Unit,,904f7bfa-8b1e-45ca-8603-acb6496d3034,2013-12-11,13:30:00,,0,0,0,0,0,0,0,0,0,0,2013-12-11 21:30,Property,14.6332242,121.0448694,No Collision Stated
None,EDSA,None,None,"No Accident Factor, No Collision Stated (based on Police Blotter Book), 1.0 drivers_injured, 0.0 drivers_killed, 0.0 passengers_injured, 0.0 passengers_killed, 0.0 pedestrian_injured, 0.0 pedestrian_killed, Fair (Night), Timog Ave. EDSA Sourth Service Road Quezon City",MMDA Road Safety Unit,,93c8b132-f97a-4cb5-b0d6-3ef24424bbb4,2013-09-21,10:15:00,,0,0,0,1,0,0,0,0,0,1,2013-09-21 18:15,Injury,14.6332242,121.0448694,No Collision Stated
None,EDSA,None,None,"No Accident Factor, Side Swipe, 0.0 drivers_injured, 0.0 drivers_killed, 0.0 passengers_injured, 0.0 passengers_killed, 0.0 pedestrian_injured, 0.0 pedestrian_killed, Fair (Day), Timog Avenue GMA 7 Bldg. Quezon City",MMDA Road Safety Unit,,ee564871-f66a-4e84-bd8f-4425ecae9fbd,2013-09-03,02:05:00,,0,0,0,0,0,0,0,0,0,0,2013-09-03 10:05,Property,14.6332242,121.0448694,Side Swipe
None,EDSA,None,None,"No Accident Factor, Rear-end, 0.0 drivers_injured, 0.0 drivers_killed, 0.0 passengers_injured, 0.0 passengers_killed, 0.0 pedestrian_injured, 0.0 pedestrian_killed, Fair (Day), Timog Ave.  EDSA Quezon City",MMDA Road Safety Unit,,34e50080-df61-41d2-b2cf-dc6727d54510,2012-11-16,09:15:00,,0,0,0,0,0,0,0,0,0,0,2012-11-16 17:15,Property,14.6332242,121.0448694,Rear-End
None,EDSA,None,None,"No Accident Factor, Side Swipe, 0.0 drivers_injured, 0.0 drivers_killed, 0.0 passengers_injured, 0.0 passengers_killed, 0.0 pedestrian_injured, 0.0 pedestrian_killed, Fair (Day), Timog Avenue GMA Network Quezon City",MMDA Road Safety Unit,,bac67927-c86f-441f-aaa7-b6aa7e67ab0c,2012-09-16,04:30:00,,0,0,0,0,0,0,0,0,0,0,2012-09-16 12:30,Property,14.6332242,121.0448694,Side Swipe
None,EDSA,None,None,"No Accident Factor, Hit and Run (No Collision Stated), 0.0 drivers_injured, 0.0 drivers_killed, 0.0 passengers_injured, 0.0 passengers_killed, 0.0 pedestrian_injured, 0.0 pedestrian_killed, Fair (Day), Timog Avenue Before GMA7 Network Gate Quezon City",MMDA Road Safety Unit,,4b542b51-70db-4007-9046-356d5de2277d,2012-06-14,03:30:00,,0,0,0,0,0,0,0,0,0,0,2012-06-14 11:30,Property,14.6332242,121.0448694,No Collision Stated
None,EDSA,None,None,"No Accident Factor, Rear-end, 0.0 drivers_injured, 0.0 drivers_killed, 0.0 passengers_injured, 0.0 passengers_killed, 0.0 pedestrian_injured, 0.0 pedestrian_killed, Fair (Day), Timog Avenue Before EDSA Quezon City",MMDA Road Safety Unit,,0f3b1200-713d-48f8-9815-8e734f0d7c27,2012-06-13,00:15:00,,0,0,0,0,0,0,0,0,0,0,2012-06-13 8:15,Property,14.6332242,121.0448694,Rear-End
None,EDSA,None,None,"No Accident Factor, No Collision Stated (based on Police Blotter Book), 0.0 drivers_injured, 0.0 drivers_killed, 0.0 passengers_injured, 0.0 passengers_killed, 0.0 pedestrian_injured, 0.0 pedestrian_killed, Fair (Night), Timog Avenue Before EDSA/BDO Quezon City",MMDA Road Safety Unit,,39205c35-9b1b-48ca-8061-9858e94bb419,2012-06-12,18:00:00,,0,0,0,0,0,0,0,0,0,0,2012-06-13 2:00,Property,14.6332242,121.0448694,No Collision Stated
None,EDSA,None,None,"No Accident Factor, Hit and Run (Side Swipe), 0.0 drivers_injured, 0.0 drivers_killed, 0.0 passengers_injured, 0.0 passengers_killed, 0.0 pedestrian_injured, 0.0 pedestrian_killed, Fair (Day), Timog Avenue Before EDSA Quezon City",MMDA Road Safety Unit,,9165f07e-42f3-4d19-8b70-de4d528064ef,2012-05-23,22:30:00,,0,0,0,0,0,0,0,0,0,0,2012-05-24 6:30,Property,14.6332242,121.0448694,Side Swipe
None,EDSA,None,None,"No Accident Factor, No Collision Stated (based on Police Blotter Book), 0.0 drivers_injured, 0.0 drivers_killed, 0.0 passengers_injured, 0.0 passengers_killed, 0.0 pedestrian_injured, 0.0 pedestrian_killed, Fair (Day), Timog Avenue Edsa Quezon City",MMDA Road Safety Unit,,bc44fff1-621f-4b16-9ba8-850f962e829b,2012-03-25,22:30:00,,0,0,0,0,0,0,0,0,0,0,2012-03-26 6:30,Property,14.6332242,121.0448694,No Collision Stated
None,EDSA,None,None,"Unknown, Rear-end, 0.0 drivers_injured, 0.0 drivers_killed, 0.0 passengers_injured, 0.0 passengers_killed, 0.0 pedestrian_injured, 0.0 pedestrian_killed, Dry, Timog Avenue EDSA, fronting Pan De Pidro Quezon City",MMDA Road Safety Unit,,9d162001-c808-4da9-91ee-010db33e9504,2010-05-28,08:15:00,,0,0,0,0,0,0,0,0,0,0,2010-05-28 16:15,Property,14.6332242,121.0448694,Rear-End
None,EDSA,None,None,"Unknown, Hit and Run (No Collision Stated), 0.0 drivers_injured, 0.0 drivers_killed, 0.0 passengers_injured, 0.0 passengers_killed, 0.0 pedestrian_injured, 0.0 pedestrian_killed, Dry, # 00 Timog Avenue near GMA Network Drive Quezon City",MMDA Road Safety Unit,,0b95f693-0a1c-4bbc-b535-b84617ee16ee,2010-04-27,04:00:00,,0,0,0,0,0,0,0,0,0,0,2010-04-27 12:00,Property,14.63309653,121.0445981,No Collision Stated
None,EDSA,None,None,"Unknown, Side Swipe, 0.0 drivers_injured, 0.0 drivers_killed, 0.0 passengers_injured, 0.0 passengers_killed, 0.0 pedestrian_injured, 0.0 pedestrian_killed, Dry, Timog Avenue EDSA (SB) Quezon City",MMDA Road Safety Unit,,56a43cc5-410e-415c-8b22-11281e12a58c,2010-03-03,23:45:00,,0,0,0,0,0,0,0,0,0,0,2010-03-04 7:45,Property,14.6332242,121.0448694,Side Swipe
None,EDSA,None,None,"Human Error, Angle Impact, 0.0 drivers_injured, 0.0 drivers_killed, 0.0 passengers_injured, 0.0 passengers_killed, 0.0 pedestrian_injured, 0.0 pedestrian_killed, Dry, Timog Ave. EDSA Quezon City",MMDA Road Safety Unit,,032a4781-bc50-4af9-8214-c88c9b443872,2008-11-03,14:25:00,,0,0,0,0,0,0,0,0,0,0,2008-11-03 22:25,Property,14.63251531,121.0449481,Angle Impact
None,EDSA,None,None,"Human Error, Angle Impact, 0.0 drivers_injured, 0.0 drivers_killed, 0.0 passengers_injured, 0.0 passengers_killed, 0.0 pedestrian_injured, 0.0 pedestrian_killed, Dry, Timog Ave. EDSA Quezon City",MMDA Road Safety Unit,,7edc9178-0cc7-41d2-982e-174e120c40ba,2008-10-14,02:45:00,,0,0,0,0,0,0,0,0,0,0,2008-10-14 10:45,Property,14.63251531,121.0449481,Angle Impact
None,EDSA,None,None,"Human Error, Angle Impact, 0.0 drivers_injured, 0.0 drivers_killed, 0.0 passengers_injured, 0.0 passengers_killed, 0.0 pedestrian_injured, 0.0 pedestrian_killed, Dry, Timog Ave. EDSA Quezon City",MMDA Road Safety Unit,,1ab5b3c7-cfc9-413e-ac08-a2be540d9b30,2008-09-10,12:15:00,,0,0,0,0,0,0,0,0,0,0,2008-09-10 20:15,Property,14.63251531,121.0449481,Angle Impact
None,EDSA,None,None,"Human Error, Rear-end, 0.0 drivers_injured, 0.0 drivers_killed, 0.0 passengers_injured, 0.0 passengers_killed, 0.0 pedestrian_injured, 0.0 pedestrian_killed, Dry, Timog Ave. near EDSA / GMA 7 Bldg. Quezon City",MMDA Road Safety Unit,,87550017-0e4f-4ae3-9bc5-d7ea2b331439,2008-04-29,22:00:00,,0,0,0,0,0,0,0,0,0,0,2008-04-30 6:00,Property,14.6332242,121.0448694,Rear-End
None,EDSA,None,None,"Human Error, Hit and Run (No Collision Stated), 0.0 drivers_injured, 0.0 drivers_killed, 0.0 passengers_injured, 0.0 passengers_killed, 0.0 pedestrian_injured, 0.0 pedestrian_killed, Dry, Timog Ave. EDSA Quezon City",MMDA Road Safety Unit,,37b156b7-607e-4701-97ed-67a3689f37ed,2008-04-13,01:15:00,,0,0,0,0,0,0,0,0,0,0,2008-04-13 9:15,Property,14.6332242,121.0448694,No Collision Stated
None,EDSA,None,None,"Human Error, Side Swipe, 0.0 drivers_injured, 0.0 drivers_killed, 0.0 passengers_injured, 0.0 passengers_killed, 0.0 pedestrian_injured, 0.0 pedestrian_killed, Dry, Timog Ave. near EDSA / GMA 7 Quezon City",MMDA Road Safety Unit,,60ce23a7-20a2-492e-8163-1b803ef15963,2008-03-10,21:45:00,,0,0,0,0,0,0,0,0,0,0,2008-03-11 5:45,Property,14.6332242,121.0448694,Side Swipe
None,EDSA,None,None,"Human Error, Side Swipe, 0.0 drivers_injured, 0.0 drivers_killed, 0.0 passengers_injured, 0.0 passengers_killed, 0.0 pedestrian_injured, 0.0 pedestrian_killed, Dry, Timog Ave. near EDSA / GMA 7 Quezon City",MMDA Road Safety Unit,,c60ea2ca-6879-4a97-9d82-e527136ecc9f,2008-03-08,19:35:00,,0,0,0,0,0,0,0,0,0,0,2008-03-09 3:35,Property,14.6332242,121.0448694,Side Swipe
None,EDSA,None,None,"No Accident Factor, No Collision Stated (based on Police Blotter Book), 0.0 drivers_injured, 0.0 drivers_killed, 0.0 passengers_injured, 0.0 passengers_killed, 0.0 pedestrian_injured, 0.0 pedestrian_killed, Fair (Night), Kamuning    EDSA Quezon City",MMDA Road Safety Unit,,fffb89a5-b70f-4cb4-8bee-d875b3cd01c7,2013-03-21,15:45:00,,0,0,0,0,0,0,0,0,0,0,2013-03-21 23:45,Property,14.63074787,121.0459757,No Collision Stated
"Philippine National Bank, NIA Road, Pinyahan, Quezon City, District IV, Quezon City, Metro Manila, 1100, Philippines",EDSA,clear-day,day,BUMPED FROM BEHIND,Other,,6710a800-d7ad-49e3-bca5-38f6f908eb9a,2016-09-30,23:28:42,,0,0,0,0,0,0,0,0,0,0,2016-10-01 7:28,Property,14.6371956,121.0421813,Rear-End
"827 Caldera Building, 827, EDSA, South Triangle, Quezon City, District IV, Quezon City, Metro Manila, 1103, Philippines",EDSA,rain,day,MULTIPLE COLLISION,Other,,ee0b7c17-a2ac-455c-ae68-abd4a9e2447b,2016-10-20,23:26:37,,0,0,0,0,0,0,0,0,0,0,2016-10-21 7:26,Property,14.63899144,121.040765,Rear-End
None,EDSA,None,None,"No Accident Factor, No Collision Stated (based on Police Blotter Book), 0.0 drivers_injured, 0.0 drivers_killed, 0.0 passengers_injured, 0.0 passengers_killed, 0.0 pedestrian_injured, 0.0 pedestrian_killed, Fair (Day), Centris Station EDSA    Quezon City",MMDA Road Safety Unit,,4a7d6664-1286-4315-8711-380fef9a0ce1,2013-09-01,03:25:00,,0,0,0,0,0,0,0,0,0,0,2013-09-01 11:25,Property,14.643344,121.0380514,No Collision Stated
"SM Fairview - FX Station, Quezon Avenue, Pinyahan, Quezon City, District IV, Quezon City, Metro Manila, 1103, Philippines",EDSA,partly-cloudy-night,night,Bumped from Behind,MMDA Metrobase,,c9ee86d4-c9a4-409d-afa6-52b5823aa20e,2016-11-03,11:48:39,,0,0,0,0,0,0,0,0,0,0,2016-11-03 19:48,Property,14.64392215,121.0377073,Rear-End
"SM Fairview - FX Station, Quezon Avenue, Pinyahan, Quezon City, District IV, Quezon City, Metro Manila, 1103, Philippines",EDSA,rain,day,Pajero Escaped after the incident.,Other,,00c9b8e0-e5e2-4402-a384-7f60179a74c4,2016-10-15,06:14:05,,0,0,0,0,0,0,0,0,0,0,2016-10-15 14:14,Property,14.64400519,121.0375357,Side Swipe
"Don Benito's, Quezon Avenue, South Triangle, Quezon City, District IV, Quezon City, Metro Manila, 1103, Philippines",EDSA,clear-night,night,Hit and Run; UV Express escaped,MMDA Metrobase,,61fd4254-26b1-4ba1-abdd-6afdd4e7ab40,2016-10-29,11:39:40,,0,0,0,0,0,0,0,0,0,0,2016-10-29 19:39,Property,14.64404671,121.0373211,No Collision Stated
"DILG-NAPOLCOM Center, EDSA, South Triangle, Quezon City, District IV, Quezon City, Metro Manila, 1103, Philippines",EDSA,rain,day,BUMPED FROM BEHIND,Other,,58b1f650-f9ca-45e8-9bb5-bd37a723502c,2016-10-15,00:02:13,,0,0,0,0,0,0,0,0,0,0,2016-10-15 8:02,Property,14.64408823,121.0370421,Rear-End
"Quezon Avenue Tunnel WB , EDSA, South Triangle, Quezon City, District IV, Quezon City, Metro Manila, 1103, Philippines",EDSA,clear-day,day,Bumped from Behind,MMDA Metrobase,,281e1525-c0a2-4e97-a579-c8010e969393,2016-11-17,06:51:48,,0,0,0,0,0,0,0,0,0,0,2016-11-17 14:51,Property,14.64409342,121.0372835,Rear-End
"EDSA Quezon Avenue Groundlevel Eastbound, Pinyahan, Quezon City, District IV, Quezon City, Metro Manila, 1103, Philippines",EDSA,rain,night,Multiple Collision,Other,,fe803a54-2bd3-4285-bf2a-cdd781479b85,2016-10-07,12:00:57,,0,0,0,0,0,0,0,1,0,1,2016-10-07 20:00,Injury,14.64410899,121.037761,Multiple
"SM Fairview - FX Station, Quezon Avenue, Pinyahan, Quezon City, District IV, Quezon City, Metro Manila, 1103, Philippines",EDSA,clear-day,day,BUMPED FROM BEHIND,Other,,6e97550e-7a17-4f20-9f13-ee17cf9126ff,2016-09-29,23:37:00,,0,0,0,0,0,0,0,0,0,0,2016-09-30 7:37,Property,14.64417127,121.0374928,Rear-End
"Quezon Avenue Flyover Northbound, Pinyahan, Quezon City, District IV, Quezon City, Metro Manila, 1103, Philippines",EDSA,clear-night,dusk,Bumped from Behind,MMDA Metrobase,,f2eb5af4-79d5-45be-b740-e79c2810902c,2016-10-28,09:32:23,,0,0,0,0,0,0,0,0,0,0,2016-10-28 17:32,Property,14.64421279,121.0375786,Rear-End
"SM Fairview - FX Station, Quezon Avenue, Pinyahan, Quezon City, District IV, Quezon City, Metro Manila, 1103, Philippines",EDSA,partly-cloudy-day,day,DAMAGE CONCRETE SEPARATOR (SELF ACCIDENT),MMDA Metrobase,,7eaf4109-e391-4581-9da7-3cf6a5cfca5e,2016-11-11,03:36:54,,0,0,0,0,0,0,0,0,0,0,2016-11-11 11:36,Property,14.64423356,121.0376215,Hit Object
"DILG-NAPOLCOM Center, EDSA, South Triangle, Quezon City, District IV, Quezon City, Metro Manila, 1103, Philippines",EDSA,partly-cloudy-day,day,MULTIPLE COLLISION,MMDA Metrobase,,c4f68418-0073-4107-af2e-e2d89248f8e2,2016-11-11,02:46:14,,0,0,0,0,0,0,0,0,0,0,2016-11-11 10:46,Property,14.64427508,121.0373425,Side Swipe
"Tungko - FX Station, Quezon Avenue, Pinyahan, Quezon City, District IV, Quezon City, Metro Manila, 1103, Philippines",EDSA,rain,day,Bumped from Behind,MMDA Metrobase,,61ba011d-a994-41cd-902d-e365a8f25d73,2016-11-19,07:06:27,,0,0,0,0,0,0,0,0,0,0,2016-11-19 15:06,Property,14.64429584,121.0378361,Rear-End
"DILG-NAPOLCOM Center, EDSA, South Triangle, Quezon City, District IV, Quezon City, Metro Manila, 1103, Philippines",EDSA,partly-cloudy-day,day,(-)INJURED,MMDA Metrobase,,58c81906-eff1-405f-a3e7-e0873d9fcb8f,2016-10-28,00:34:36,,0,0,0,0,0,0,0,1,0,1,2016-10-28 8:34,Injury,14.6443166,121.0371494,Side Swipe
"Tungko - FX Station, Quezon Avenue, Pinyahan, Quezon City, District IV, Quezon City, Metro Manila, 1103, Philippines",EDSA,partly-cloudy-night,night,MC Driver Fatal,MMDA Metrobase,,e1045296-de87-46e4-9497-22b7eb4c2517,2016-12-18,11:35:02,,0,0,0,0,0,0,1,0,1,0,2016-12-18 19:35,Fatal,14.64433736,121.0377502,Side Swipe
"Tungko - FX Station, Quezon Avenue, Pinyahan, Quezon City, District IV, Quezon City, Metro Manila, 1103, Philippines",EDSA,clear-day,day,BUMPED FROM BEHIND,Other,,04605874-0d54-4ee7-b2e6-9879d2c84dda,2016-09-30,03:10:14,,0,0,0,0,0,0,0,0,0,0,2016-09-30 11:10,Property,14.64435812,121.0374713,Rear-End
"Quezon Avenue Tunnel Westbound, Pinyahan, Quezon City, District IV, Quezon City, Metro Manila, 1103, Philippines",EDSA,partly-cloudy-night,night,Bumped from Behind,MMDA Metrobase,,dd29aed8-e85e-4b4d-b683-682a02a48101,2016-12-05,12:38:34,,0,0,0,0,0,0,0,0,0,0,2016-12-05 20:38,Property,14.6443685,121.0377288,Rear-End
"Tungko - FX Station, Quezon Avenue, Pinyahan, Quezon City, District IV, Quezon City, Metro Manila, 1103, Philippines",EDSA,partly-cloudy-day,day,BUMPED FROM BEHIND,Other,,23790642-f968-4da4-97b0-1b16c353c2a6,2016-10-10,00:38:42,,0,0,0,0,0,0,0,0,0,0,2016-10-10 8:38,Property,14.64438926,121.0382223,Rear-End
"DILG-NAPOLCOM Center, EDSA, South Triangle, Quezon City, District IV, Quezon City, Metro Manila, 1103, Philippines",EDSA,partly-cloudy-day,day,BUMPED FROM BEHIND,Other,,a9c0f757-4451-426f-ad89-424d940c74ef,2016-10-01,05:08:31,,0,0,0,0,0,0,0,0,0,0,2016-10-01 13:08,Property,14.6444204,121.0371709,Rear-End
"Tungko - FX Station, Quezon Avenue, Pinyahan, Quezon City, District IV, Quezon City, Metro Manila, 1103, Philippines",EDSA,partly-cloudy-day,day,Bumped from Behind,MMDA Metrobase,,55e1b24f-8c01-4a92-92de-107d7f025477,2016-12-17,06:30:33,,0,0,0,0,0,0,0,0,0,0,2016-12-17 14:30,Property,14.6444204,121.0377932,Rear-End
"DILG-NAPOLCOM Center, EDSA, South Triangle, Quezon City, District IV, Quezon City, Metro Manila, 1103, Philippines",EDSA,clear-day,day,BUMPED FROM BEHIND,MMDA Metrobase,,30502357-1f20-40a3-ab37-229908775f43,2016-10-29,00:47:30,,0,0,0,0,0,0,0,0,0,0,2016-10-29 8:47,Property,14.64444505,121.0371358,Rear-End
"EDSA Quezon Avenue Flyover Northbound, South Triangle, Quezon City, District IV, Quezon City, Metro Manila, 1103, Philippines",EDSA,clear-night,night,Bumped from Behind,MMDA Metrobase,,845dd06b-3537-41cc-9b5c-f4d1d98c89c8,2016-10-22,11:50:47,,0,0,0,0,0,0,0,0,0,0,2016-10-22 19:50,Property,14.64450344,121.0374177,Rear-End
"DILG-NAPOLCOM Center, EDSA, South Triangle, Quezon City, District IV, Quezon City, Metro Manila, 1103, Philippines",EDSA,rain,day,BUMPED FROM BEHIND,Other,,9a9ef68e-a7a6-4949-a848-c0f8557157b8,2016-10-21,02:00:00,,0,0,0,0,0,0,0,0,0,0,2016-10-21 10:00,Property,14.6445242,121.0371119,Rear-End
"DILG-NAPOLCOM Center, EDSA, South Triangle, Quezon City, District IV, Quezon City, Metro Manila, 1103, Philippines",EDSA,clear-day,day,(+)MC DRIVER INJURED,MMDA Metrobase,,e89aef3c-d577-435d-b144-28abb6ed6d04,2016-10-24,23:17:32,,0,0,0,1,0,0,0,0,0,1,2016-10-25 7:17,Injury,14.64458649,121.0370421,Side Swipe
"DILG-NAPOLCOM Center, EDSA, South Triangle, Quezon City, District IV, Quezon City, Metro Manila, 1103, Philippines",EDSA,rain,day,(+)MC DRIVER INJURED,Other,,c8212532-4db1-4a71-81ce-d9d22fed1765,2016-10-20,22:38:24,,0,0,0,1,0,0,0,0,0,1,2016-10-21 6:38,Injury,14.64470067,121.0370743,Side Swipe